global_signal	global_signal_derivative1	global_signal_derivative1_power2	global_signal_power2	csf	csf_derivative1	csf_derivative1_power2	csf_power2	white_matter	white_matter_derivative1	white_matter_power2	white_matter_derivative1_power2	csf_wm	tcompcor	std_dvars	dvars	framewise_displacement	rmsd	t_comp_cor_00	t_comp_cor_01	t_comp_cor_02	t_comp_cor_03	t_comp_cor_04	t_comp_cor_05	c_comp_cor_00	c_comp_cor_01	c_comp_cor_02	c_comp_cor_03	c_comp_cor_04	c_comp_cor_05	c_comp_cor_06	c_comp_cor_07	c_comp_cor_08	c_comp_cor_09	c_comp_cor_10	c_comp_cor_11	c_comp_cor_12	c_comp_cor_13	w_comp_cor_00	w_comp_cor_01	w_comp_cor_02	w_comp_cor_03	w_comp_cor_04	w_comp_cor_05	w_comp_cor_06	w_comp_cor_07	w_comp_cor_08	w_comp_cor_09	w_comp_cor_10	w_comp_cor_11	w_comp_cor_12	w_comp_cor_13	w_comp_cor_14	w_comp_cor_15	w_comp_cor_16	w_comp_cor_17	w_comp_cor_18	w_comp_cor_19	w_comp_cor_20	w_comp_cor_21	w_comp_cor_22	w_comp_cor_23	w_comp_cor_24	w_comp_cor_25	w_comp_cor_26	w_comp_cor_27	w_comp_cor_28	w_comp_cor_29	w_comp_cor_30	w_comp_cor_31	w_comp_cor_32	w_comp_cor_33	w_comp_cor_34	w_comp_cor_35	w_comp_cor_36	w_comp_cor_37	w_comp_cor_38	w_comp_cor_39	w_comp_cor_40	w_comp_cor_41	w_comp_cor_42	a_comp_cor_00	a_comp_cor_01	a_comp_cor_02	a_comp_cor_03	a_comp_cor_04	a_comp_cor_05	a_comp_cor_06	a_comp_cor_07	a_comp_cor_08	a_comp_cor_09	a_comp_cor_10	a_comp_cor_11	a_comp_cor_12	a_comp_cor_13	a_comp_cor_14	a_comp_cor_15	a_comp_cor_16	a_comp_cor_17	a_comp_cor_18	a_comp_cor_19	a_comp_cor_20	a_comp_cor_21	a_comp_cor_22	a_comp_cor_23	a_comp_cor_24	a_comp_cor_25	a_comp_cor_26	a_comp_cor_27	a_comp_cor_28	a_comp_cor_29	a_comp_cor_30	a_comp_cor_31	a_comp_cor_32	a_comp_cor_33	a_comp_cor_34	a_comp_cor_35	a_comp_cor_36	a_comp_cor_37	a_comp_cor_38	a_comp_cor_39	a_comp_cor_40	a_comp_cor_41	a_comp_cor_42	edge_comp_00	edge_comp_01	edge_comp_02	edge_comp_03	edge_comp_04	edge_comp_05	edge_comp_06	edge_comp_07	edge_comp_08	edge_comp_09	edge_comp_10	edge_comp_11	edge_comp_12	edge_comp_13	edge_comp_14	edge_comp_15	edge_comp_16	edge_comp_17	edge_comp_18	edge_comp_19	edge_comp_20	edge_comp_21	edge_comp_22	edge_comp_23	cosine00	cosine01	cosine02	cosine03	trans_x	trans_x_derivative1	trans_x_power2	trans_x_derivative1_power2	trans_y	trans_y_derivative1	trans_y_derivative1_power2	trans_y_power2	trans_z	trans_z_derivative1	trans_z_derivative1_power2	trans_z_power2	rot_x	rot_x_derivative1	rot_x_derivative1_power2	rot_x_power2	rot_y	rot_y_derivative1	rot_y_derivative1_power2	rot_y_power2	rot_z	rot_z_derivative1	rot_z_power2	rot_z_derivative1_power2
828.0333399949917	n/a	n/a	685639.2121432616	1152.6559725867378	n/a	n/a	1328615.7911398783	782.0290399533454	n/a	611569.4193303512	n/a	807.8626491161149	674.695636229964	n/a	n/a	n/a	n/a	-0.0972409691	0.1425685491	-0.0528682518	0.0890797437	-0.0295418715	0.0076511704	-0.0442759298	0.0240400298	-0.034851403	0.1436208369	-0.105243124	0.0501632216	-0.1617775438	0.1924427948	-0.1752509568	0.3554616849	-0.2753835982	0.159265473	-0.1014909025	0.1034616218	0.0107199312	0.116006753	-0.1723073547	0.0005063661	-0.0077634869	-0.1167107702	0.0549608946	-0.060165052	0.0641556534	-0.0919479811	0.0431730632	-0.0707601459	0.0889175244	-0.0235560567	0.0087737527	-0.1135197761	0.0726468595	-0.1370288012	0.0182533413	0.0608020089	-0.0620684718	-0.1539928577	0.0107163746	0.0837226806	-0.1510730328	0.0429706498	0.1004636588	-0.2201741931	-0.0010031813	-0.1759843097	0.1353476955	-0.1645410924	-0.1337054608	0.1435406886	0.0508316277	0.0575207749	0.0943089178	-0.1226177181	0.1049287348	0.0224877508	0.0062498694	0.0028606715	0.0246145487	0.0078094167	-0.1453307401	0.1502659452	-0.0248047399	0.0640263806	-0.0230381601	0.0052826525	0.1540234795	-0.033822896	0.001068219	-0.0317860442	0.1290695149	-0.007094865	0.1651700391	-0.1893060594	0.0302489525	-0.0638675855	0.1249069281	-0.112695073	0.0103201508	0.1908533751	-0.0576384221	0.0277558147	0.0784881809	-0.07324499	0.1056111171	0.0016981825	-0.0523766385	-0.0903978276	-0.2480652156	0.2089375727	0.2161169587	-0.0358083074	-0.0510538068	-0.0132409424	0.078554329	0.0190640129	0.096790483	-0.0546829733	-0.0966576955	0.0492546148	0.0182863309	0.0597633831	-0.0408545991	0.1627958328	-0.0761449432	0.0411162136	-0.0148963738	0.1098472898	-0.0721666818	0.2844572083	-0.0266754843	0.0973961163	-0.0006987343	0.0845617712	-0.108778058	0.2174716211	-0.072428071	0.0718753866	-0.0104588814	0.0040434779	-0.0661249368	0.0349810116	-0.1062478253	0.0174797467	-0.0814850933	0.1466546592	0.1290883846	0.1290552057	0.1289999139	0.1289225186	0.000122024103959	n/a	1.488988194699684e-08	n/a	0.0280377707596244	n/a	n/a	0.0007861165891692	-0.0387483367117269	n/a	n/a	0.0015014335979253	0.0005177390148304	n/a	n/a	2.680536874775531e-07	-0.0007851718298781	n/a	n/a	6.16494802434124e-07	-0.0006637969462587	n/a	4.406263858623755e-07	n/a
824.5904214633998	-3.4429185315918858	11.853688015178829	679949.3631691873	1141.3474766983943	-11.308495888343488	127.88207925668154	1302674.0625657917	781.4397012070802	-0.5893387462651845	610648.0066226108	0.3473201578494194	806.6009961037969	664.5559029130231	1.038993	20.09906	0.0555292852513584	0.034891416387134	0.0303034608	0.2243450934	0.0067138048	0.0274231011	-0.1434202631	0.1086702532	0.1387224823	-0.0749818831	-0.0076881359	0.1499390613	-0.0950329498	-0.0069818606	0.0136766522	-0.0528837063	-0.1209962071	0.1535901861	0.0362469486	-0.0207597393	0.0048890415	0.1708974252	0.1406095848	0.2464337039	0.0139254605	0.0498520653	-0.0077014477	-0.1123327386	-0.0761163351	-0.0428444294	-0.0975641347	-0.0571280399	-0.1529982826	-0.0186580571	0.1563303562	-0.2258660621	0.1697104457	-0.0849957916	-0.0564125651	-0.0169463825	0.0060674838	0.0704238008	-0.0955391193	0.0114934539	-0.0829590247	-0.0083821231	-0.0453718386	-0.0585572966	-0.157482484	-0.0940785594	-0.0351317269	0.2207565955	-0.1473269856	-0.0474978485	-0.090696944	0.0314437347	0.0718582088	0.0492322781	0.0488830545	-0.0459853738	-0.140040122	0.1003304137	-0.0104805088	-0.0460846795	-0.0613777834	-0.1413278757	-0.097384442	-0.0687532248	-0.1441641905	0.1335754312	0.0975400253	0.0437844871	0.0204746526	0.2132010571	-0.0134501118	-0.1591828349	0.255162677	0.1074241809	0.1367242419	-0.1858769148	-0.039250754	0.1934708011	-0.1976831598	-0.0206565922	0.0118338237	0.0959760141	0.1276460961	-0.058559355	0.0555023793	0.061796765	0.0431868745	0.1713630156	0.0222554926	0.0221261977	0.0340156516	0.0599390416	-0.1258028698	-0.1337650215	0.0219150013	0.1060448432	0.0082259975	-0.1427319783	0.134916545	-0.1095600444	-0.0855439141	0.0331559313	-0.1133166913	-0.0476082394	-0.1458064208	0.1404340069	-0.1600636103	0.0745717419	-0.1272035334	-0.001445031	-0.0743106104	0.1235872591	0.05957581	0.1717832036	0.0300406721	0.30495981	0.0114678064	0.2719237521	-0.2484997183	0.2089710191	-0.0673949728	0.1560101798	0.167599778	0.1558886455	-0.0426930296	0.0736712977	0.0371217239	0.1478105843	0.1289999139	0.1287014744	0.1282045865	0.1275100165	-0.0048092523569351	-0.0049312764608941	2.312890823268582e-05	2.4317487533768247e-05	0.0291144568699621	0.0010766861103376	1.1592529801941209e-06	0.0008476515988328	-0.0074305584139153	0.0313177782978116	0.0009808032375108	5.5213198342607456e-05	0.000375812818165	-0.0001419261966653	2.0143045299905787e-08	1.4123527429711938e-07	-0.0005631244563504	0.0002220473735277	4.9305036090549955e-08	3.171091533399336e-07	-0.0006638942637119	-9.731745320002132e-08	4.407555933895658e-07	9.47068669733834e-15
825.5434946240717	0.95307316067192	0.9083484495931636	681522.0615161248	1142.16495122665	0.817474528255616	0.6682646043467418	1304540.7758105756	782.3998587581431	0.9601575510628207	612149.5389847623	0.9219025228629536	806.7233217480959	660.6082641781135	1.135477	21.965536	0.0910748035107892	0.0575552034352823	-0.0489063383	0.1434579585	-0.1611928055	-0.0986050869	0.1054508689	-0.0561147666	-0.1220421494	0.021511069	-0.1227187731	0.0101058029	0.1273311373	-0.1880731309	-0.0871107894	-0.171634996	0.0207469111	0.0287876096	0.2155896825	-0.2078356954	0.0520153157	0.0723434282	-0.0072572103	0.2864065099	0.0815642917	-0.0076647162	0.0258080552	-0.0581776117	-0.0507884538	0.0094541786	0.0261067783	0.0859226942	0.1361425973	-0.0714331091	0.0703373022	0.2040514416	0.0921411679	-0.0212040666	0.0018533051	0.0403699335	-0.0571730775	-0.1120513334	0.0901284667	0.2154191399	-0.1504496014	-0.0111247974	0.120928716	0.2241055419	-0.0400096132	0.0967674992	0.1375247157	-0.0760490295	0.1147996981	-0.0626245298	0.1653400675	-0.0364353665	0.0858055552	0.0602318659	0.0088517656	0.0085247762	-0.0668491534	-0.0163342527	-0.0157653024	0.0727287009	0.004351602	0.0039451897	-0.2476872998	-0.0884584494	-0.0385559024	0.1277716586	0.0529179953	-0.0903478161	0.0938956636	0.1461741685	-0.0266552026	-0.0649991633	-0.2261621828	-0.2420944792	0.0671594713	0.0543970486	0.0556874008	-0.0388216945	0.0913883089	0.033433703	-0.0214587735	-0.07139631	0.1499949108	0.1299354818	0.0436607916	0.2083938629	0.0658313708	0.0336798766	0.0109624081	0.1542890377	0.0604548728	-0.0961842691	0.0090597539	-0.1622576349	-0.022232501	-0.1129284609	0.0347642346	0.1215172555	-0.0983033456	0.086793883	0.0922063179	-0.0432259256	0.0524134674	-0.119262145	0.0451989053	0.0250982735	-0.2136098473	0.1110617912	-0.0804946672	0.1286243441	-0.1788923816	-0.0201602896	-0.0080182941	-0.0345606156	-0.0063079081	0.1012750674	0.0327346265	0.0442772224	-0.0605991102	-0.0937969503	0.0602180976	0.2073320533	-0.097135859	0.0165809643	0.1386551146	-0.1608970981	0.1181850548	-0.1986130273	0.1288230331	0.1279949812	0.1266188352	0.124700488	-7.538314312682814e-05	0.0047338692138082	5.682618267679857e-09	2.240951773344175e-05	0.0825069784347078	0.0533925215647457	0.0028507613590418	0.0068074014904253	-0.0079920800042216	-0.0005615215903063	3.153064963801173e-07	6.387334279387875e-05	-1.551109600790709e-07	-0.000375967929125	1.413518837306005e-07	2.4059409936651127e-14	-0.0006489999642769	-8.587550792650003e-05	7.374602861634369e-09	4.212009536314175e-07	-0.0004779998779249	0.000185894385787	2.284838832962193e-07	3.4556722667126e-08
827.723269382848	2.179774758776261	4.751417998998109	685125.8106778307	1147.4034239614111	5.238472734761217	27.441596592836664	1316534.6173183697	783.6414973435357	1.241638585392593	614093.9963588186	1.5416663767357195	809.1564664138633	671.0506339983176	1.122725	21.718842	0.1721004745232013	0.1062333105020693	-0.1587140185	-0.0450260926	0.0699194111	-0.0915215645	-0.0218081111	-0.1046774194	-0.148268731	0.0304793366	0.0329129726	0.0173291804	0.0617626778	-0.0302807854	0.1170094141	0.0423062766	0.1000200529	-0.0361856707	0.0288528362	0.0304631294	0.2454020262	-0.0042224102	-0.1047288282	-0.0410793099	-0.0357546784	-0.0821783543	0.1078092972	-0.0320486911	0.0865553096	-0.0917073184	0.119008454	0.0205694311	0.0581497599	0.1884197188	0.030490334	0.0030725555	-0.1537035521	0.0009131998	0.0931102739	0.1342011578	-0.1080560437	-0.0737618768	0.1006326744	0.153208101	0.0521439083	-0.0083768725	-0.1340031942	0.0148997736	-0.0391359729	-0.1784755422	-0.1131425927	0.0582709431	0.1737237041	0.0151616366	-0.1685764528	0.0727144918	-0.0108509937	-0.0724249942	-0.1071599005	0.0066410303	0.0730293891	-0.0952232897	-0.0643263165	-0.0411424758	-0.079548636	0.110100581	0.0217462091	-0.0376385182	-0.0139351638	-0.1422348961	-0.0963388234	0.0110019516	0.1186637178	0.0339587948	-0.083491051	0.1479009093	0.0266754485	-0.024602251	-0.0865983836	-0.0097842464	-0.1497540378	-0.286979212	0.1323532586	-0.1925405186	-0.1348648909	-0.0870813707	0.0141440967	-0.0084745382	0.0092507544	-0.0184301773	-0.0624271524	0.0040882279	0.028619197	0.1187349878	-0.088773638	0.0460578114	-0.1119859067	0.0875322469	-0.1811486885	-0.0333046465	0.0941377492	0.0025037671	0.1819686979	0.0683712146	0.043598269	0.0327033913	-0.2043832991	0.0596145613	0.0676980785	0.0738465984	0.053182896	-0.1478577576	-0.1207876278	0.0731420335	-0.0284266802	0.1170233666	-0.0058774549	-0.0129567824	-0.2036212171	0.0130160821	-0.0858467762	-0.051021843	0.0818297464	-0.0233244056	0.0679215579	-0.0192400299	-0.1963966696	-0.1864997171	-0.1957355222	-0.1203690469	-0.0871264966	-0.1653550235	0.1285578634	0.1269376627	0.1242524367	0.1205247148	-4.237964158448904e-05	3.30035015423391e-05	1.7960340208297531e-09	1.0892311140551795e-09	-0.0115962926652457	-0.0941032710999535	0.0088554256317113	0.000134474003578	-0.0472723028740631	-0.0392802228698415	0.0015429359087044	0.0022346706190171	0.0004858184179304	0.0004859735288904	2.361702707822653e-07	2.3601953520039682e-07	-0.0005471612251746	0.0001018387391023	1.037112878194633e-08	2.993854063345693e-07	-0.0006638671509694	-0.0001858672730445	4.407195941362282e-07	3.4546643188998726e-08
825.2563103828539	-2.4669589999940627	6.085886707651706	681047.9778267214	1144.351482195732	-3.051941765679203	9.314348541097091	1309540.3148035686	782.3748199941223	-1.266677349413385	612110.3589608353	1.6044715075169185	807.9733928162375	672.024655237756	1.14993	22.245115	0.0624967860737886	0.0368882229233461	0.0701587676	0.0143001275	0.0777458695	0.127714357	-0.1298944202	0.1129121732	-0.0188022127	-0.0886688153	0.048850002	-0.1221685426	0.107060291	-0.1981341216	-0.096535393	0.0986120958	0.0114940169	-0.0475302004	0.0115526136	0.1477266706	-0.0019115129	-0.1727281704	0.1407080194	-0.0709080508	0.0160779074	0.1219827344	0.0320984933	-0.0157512538	0.0828747704	-0.029214091	-0.1845049438	-0.0839340717	0.1731428231	-0.182177224	-0.1159292138	0.0453752403	-0.0488177878	-0.0082815738	-0.134586057	0.0789530762	0.1020049959	0.0461563564	0.0448693575	0.0130460017	0.1562035671	-0.0032759363	0.0202576331	-0.0309643755	-0.1628644085	0.0697791605	-0.073754341	0.0401480709	0.0246997188	0.002116709	0.054523265	-0.053852475	0.1351335194	-0.0693249483	-0.0245263593	0.0059727683	-0.0238713	-0.0268297951	-0.0756853182	-0.0366571431	0.0023471088	-0.1001444325	0.0745080417	0.0541783715	-0.0976138637	0.0400454622	-0.0534462475	0.0407124712	0.0421040629	-0.1602459232	0.0754957522	-0.0948500511	-0.1259274867	-0.0982876056	0.1107232643	0.0869863114	-0.0406191247	0.0371946909	-0.2310324031	-0.0711953866	-0.0610483514	-0.0619995208	-0.245351079	0.0069631741	-0.1164607252	-0.0595033782	-0.0058322899	-0.0889047328	0.0868016675	-0.0295022349	-0.0030769051	0.0130840378	-0.1184771745	-0.0253144057	0.0493771119	0.0298201447	0.1142415929	0.0872156594	-0.0111527703	-0.0038998628	-0.0486671048	0.1256558121	-0.0217924456	-0.0741194478	-0.1151138926	0.0072213563	0.0626437984	0.0259507364	-0.0070039921	0.0018380839	0.0759199813	0.0891053322	4.87638e-05	0.0206659904	0.173263198	0.1270072886	0.0002701232	-0.2860202288	-0.2329814489	-0.2892971553	0.0067609877	-0.0043914028	-0.0647871486	-0.1195905225	0.269693985	0.0295914384	0.0797191352	-0.0159015536	0.1282045865	0.1255324169	0.1211199807	0.1150284477	0.0001219804297676	0.000164360071352	1.4879225246288396e-08	2.70142330548638e-08	-0.0055196374259764	0.0060766552392693	3.692573889693903e-05	3.046639731423938e-05	-0.0276441414740631	0.0196281614	0.0003852647199444	0.000764198557838	-8.76061732454507e-06	-0.0004945790352549	2.446084221137121e-07	7.674841590711922e-11	-0.0007849978925955	-0.0002378366674208	5.656628036987978e-08	6.16221691379376e-07	-0.0006640036355569	-1.3648458749998277e-07	4.409008280327805e-07	1.8628042625040453e-14
823.4568633645513	-1.799447018302658	3.238009571678326	678081.2058221853	1138.3265566051516	-6.024925590580324	36.29972837202966	1295787.3494725414	781.28435316893	-1.0904668251922658	610405.2405065934	1.1891178968448997	807.0903950897482	656.1598251381599	1.052156	20.353704	0.0882554822481506	0.0548476203255042	0.2059137389	-0.0205464092	0.0102320235	-0.0693663262	0.0775782688	-0.0133451689	0.1629213632	-0.0385014535	-0.0508329497	-0.0596435281	0.0984008569	-0.0400902409	0.0869706274	-0.1564668617	0.134265374	-0.1384661102	-0.0786795295	0.2230391102	-0.1375138962	-0.0589468153	0.0578921379	-0.0468870834	0.0593874951	0.1769072434	-0.1121169384	0.0023537125	-0.0239451397	0.0493793297	0.0797001853	-0.0151471282	-0.1233543589	-0.1030404571	0.0044934926	0.189012566	-0.1320466673	-0.1155303414	-0.0407601815	-0.0632190381	0.1067728411	-0.1037337139	0.0410083635	-0.1428153755	0.1363603525	0.0438551213	0.0988507593	0.045624296	0.076336923	-0.0169470466	0.1337530334	0.0787632106	-0.0352964058	0.1003568562	0.0028485141	0.0690310333	0.0994901037	0.0358638103	-0.0336248775	-0.0652871712	0.0112588511	0.0439580072	-0.0650197113	0.0220839568	-0.0638977003	-0.062340236	0.1287510838	-0.039365955	0.066597063	0.1693810514	0.0088492923	-0.1729975046	0.0682239391	0.0318567715	0.1014005744	-0.0650367894	0.0052895688	0.1429236686	-0.1801499368	-0.1151355806	0.2034476396	0.001083892	0.0242643745	0.0328912087	-0.0985681367	0.0083643437	-0.040087449	0.2059688021	0.0069359225	0.0566082178	0.031729819	-0.1397561084	-0.0932986365	-0.0646707658	-0.042372707	0.0092059176	-0.0376660405	0.0566537951	0.073492227	-0.043023708	0.0588487978	-0.0071552738	0.0429999496	0.032465167	0.0722260996	0.1102227244	-0.0453216975	-0.0636058064	-0.0356214769	-0.1417775983	0.0087344306	0.0649798599	0.0032912466	-0.1365686378	-0.1078210629	0.0769075226	0.0309617669	-0.0408584033	0.0497388183	0.2164213275	0.0513487846	-0.0893067145	0.1532356601	-0.0884416536	-0.0195984547	-0.0641450367	0.0478733604	-0.2378177623	0.088077493	0.1723860333	0.1145523375	0.1457012857	0.1277634447	0.1237830955	0.1172407796	0.1082719048	-2.484513177591907e-05	-0.0001468255615435	6.172805729627834e-10	2.1557745522569706e-08	0.0439734991275599	0.0494931365535363	0.0024495705659069	0.0019336686255215	-0.0081557054321095	0.0194884360419535	0.0003797991393613	6.65155310953404e-05	0.0002557787365751	0.0002645393538996	6.998106976164166e-08	6.54227620839544e-08	-0.0006670847177623	0.0001179131748331	1.3903516799244786e-08	4.450020206720074e-07	-0.0006639144824674	8.9153089500053e-08	4.407824400299555e-07	7.948273367404462e-15
828.3627306086436	4.905867244092292	24.0675334166577	686184.8134614083	1143.6713712806377	5.344814675486077	28.56704391529134	1307984.2054869342	783.6479762349383	2.3636230660082447	614104.1506571143	5.586713998166215	808.797796332242	665.5932263187476	1.122838	21.721025	0.072133350780759	0.0369865709761201	0.0047526374	-0.0697699937	-0.0935841853	-0.0420881975	0.1244407595	0.0454336987	-0.0611360897	-0.0031384795	-0.1736310267	0.0295924196	-0.0277345936	0.1943857578	0.0927609246	0.0675172763	0.0807483833	0.0500224414	0.1310075851	-0.0604614506	-0.1123892789	-0.0516094141	-0.0724800221	0.0232715754	0.2021795692	0.0179879478	-0.0417520946	-0.1569402685	-0.0058300866	0.1384014408	-0.1194971438	0.1246415934	-0.10788321	-0.0218859112	0.0860777858	-0.0704435271	-0.2356535367	0.1826517928	0.0063817223	0.2338354823	0.069833965	0.1731011065	-0.0328960989	-0.0694445297	0.0651761423	-0.2108711924	-0.07279742	-0.0198959603	0.0200226792	-0.024304471	0.1238807018	0.0532830759	-0.1027652145	-0.0001946197	-0.0381789128	0.0287521961	-0.0434626044	0.0403757272	0.0764292371	-0.1011029006	-0.0062689095	0.0620968554	-0.0228423151	-0.0371807119	0.039444195	0.0654241484	-0.0762716593	-0.1660218043	0.2046534244	-0.006910187	-0.0154979355	0.0777900709	0.0016068064	0.0149773548	-0.0212384636	-0.2824433962	-0.0285311131	0.1430146127	-0.1487534015	0.0165148456	-0.2354899863	-0.0200309027	-0.0270618198	0.1082009313	-0.0586642193	-0.0419489802	-0.0507024205	-0.0707522733	-0.1068902812	0.0958520734	0.0882331323	-0.1048195329	0.1360672209	-0.0813473582	-0.1110677177	0.0650872145	-0.024863223	0.0464902927	0.0265630451	0.1071929959	-0.0724243111	-0.2419497878	-0.1640356774	-0.0258620082	-0.0140951134	0.0221702994	0.1609559262	0.0542208911	0.0962682243	-0.0403255261	-0.0128369721	0.0440439149	-0.0029755934	0.009219374	0.021821441	-0.0351381874	-0.0830148638	-0.0267615678	-0.1842666031	0.0669450302	0.2948819668	-0.2308871085	0.0427552259	-0.0462995247	0.1050747288	-0.1052278252	-0.0724096653	-0.0239871959	-0.0932195138	-0.004973075	0.0048409332	-0.0447982173	0.1272347401	0.1216944932	0.1126387502	0.1003291122	-0.017537295373458	-0.017512450241682	0.0003075567290159	0.0003066859134673	0.0214118847666497	-0.0225616143609101	0.0005090264425704	0.0004584688092602	-0.0245181479745113	-0.0163624425424018	0.0002677295259534	0.0006011395801	0.0002543827766698	-1.39595990529995e-06	1.948704057205045e-12	6.471059706623735e-08	-0.00035458451397	0.0003125002037923	9.765637737022902e-08	1.257301775473411e-07	-0.0006639551914851	-4.0709017699999336e-08	4.408364963000158e-07	1.6572241220988593e-15
825.5411768525327	-2.821553756110916	7.961165598623618	681518.2346790646	1142.1965447124253	-1.4748265682123929	2.175113406305144	1304612.9467530034	782.4424145928745	-1.205561642063799	612216.1321539276	1.4533788728155632	808.0573034299581	670.5153240829934	1.033247	19.987911	0.063288348529025	0.0335719309156211	-0.0112781656	-0.0829461573	0.022534485	-0.0028040685	-0.2191891565	0.0233451774	0.0826502292	0.064128941	0.1121530432	0.0491382614	0.0184450456	-0.1309516972	-0.081044216	0.093372006	0.0083011182	-0.1484790192	0.0886716513	-0.1190197356	-0.0729931298	-0.1472667934	-0.0521456206	-0.1099763552	0.0331252156	0.1144375613	0.145240847	-0.0178240168	-0.2694780537	-0.04389779	0.0511749528	-0.0773036863	0.2056513555	-0.1739298659	-0.1113362147	0.0084682344	-0.0530825405	0.0150692323	0.1945320732	-0.0506973051	0.0762009774	0.0639529694	-0.0535999501	-0.1400061047	0.0446094726	0.1467676788	-0.0148526479	-0.0002280281	0.0028668759	0.0564690708	-0.1349010798	-0.1459440965	0.0503518025	-0.0380623359	-0.0047370347	-0.119010839	0.0589769775	0.0847389791	-0.0979084643	-0.092344601	-0.0619522695	-0.041837215	0.1035383263	0.0784603876	0.1589327386	0.0460767815	0.1426443795	-0.0301078611	-0.1489377817	-0.0096741585	0.0438249305	0.1110552375	0.0147559797	-0.0575247186	0.1990047125	-0.0686533105	-0.1854865934	-0.0461822193	0.1386303377	0.040146087	-0.0865005736	0.0088082728	0.1331129583	0.0027119559	0.2134572413	0.1623778715	-0.1500765508	-0.0083771881	0.0549371609	-0.1334454659	-0.0299471117	-0.1034550409	-0.0658252461	0.0214614057	-0.03574855	0.0570650804	0.0376588814	0.0632186978	-0.1268730947	-0.0090587026	-0.0736893886	0.1762124356	-0.1424374162	-0.0778193178	-0.0825230445	0.0903675864	0.1054687756	-0.1105112666	0.0674068743	0.0375819245	0.0659543354	0.005927661	-0.0180573476	-0.0669446427	0.1249978998	0.2273910113	0.0829294018	-0.0425179173	0.1270236297	-0.1104742918	0.1300756556	-0.0671854964	0.1350121107	-0.1538023563	-0.092243242	0.0447901427	-0.168132688	0.2012058269	0.04307138	0.1698357332	0.0783509819	-0.0917787489	0.1266188352	0.1192723348	0.1073422654	0.0912870929	-0.0173283786860309	0.000208916687427	0.0003002727078864	4.36461822855117e-08	0.0096826117053865	-0.0117292730612632	0.0001375758465456	9.375296943728768e-05	-0.0080881094400666	0.0164300385344446	0.0002699461662433	6.541751431449446e-05	0.0008189273824649	0.0005645446057951	3.1871061193234485e-07	6.706420577508126e-07	-0.0002207719684512	0.0001338125455188	1.790579733822092e-08	4.874026205381765e-08	-0.0006639099378812	4.525360389998241e-08	4.407764056174188e-07	2.0478886659365038e-15
824.8022179553826	-0.7389588971500416	0.5460602516772057	680298.6987441184	1138.0844799269978	-4.112064785427492	16.909076799552846	1295236.283450705	782.3460702543348	-0.0963443385396658	612065.3736424006	0.0092822315686457	807.5293679850037	660.4285423337049	1.089468	21.075491	0.0476280137132395	0.0265158396193181	0.1243449604	0.1071647644	-0.0666546587	0.0635714988	-0.0007455265	-0.1104249602	0.1152277882	0.0444272104	-0.1130298883	0.0111841853	-0.0105526711	0.1187555918	0.006849642	-0.0137348744	-0.2291486408	-0.0368373529	0.1641328916	0.0095243607	-0.0531601358	0.0194589352	0.0156489472	0.0153685808	0.0331093216	0.0596858143	-0.0308215199	-0.012164563	0.2305894877	-0.0215701573	-0.0937977066	0.0179361591	0.0627122252	0.1144733532	0.2837204986	0.0229219059	0.0839156258	-0.0265972811	-0.0495714495	0.0704276427	0.1151301654	-0.0626110806	0.0304349825	0.027032572	0.1101259743	0.1347604304	0.2188531317	-0.1188157542	0.1775486183	0.1197298455	-0.0987243685	0.1421131796	-0.0514986851	-0.0541480497	0.0885336515	-0.0825611891	-0.1744749717	-0.0313122278	-0.0568637408	0.0906593133	-0.1732928829	0.0056327389	0.1941511668	0.0593390085	-0.0777292855	-0.0048609436	-0.0483461008	0.0913806191	0.0532873892	0.0682110623	-0.0179999291	-0.0354230817	0.0918524944	-0.1041295029	-0.1186661249	-0.0642997168	0.0372423987	-0.0486742718	-0.0661750132	-0.2618007012	0.0711088752	-0.0939024851	-0.1664751556	0.1584536254	-0.025280759	-0.1719801728	0.0056568632	0.004782854	0.038070139	0.0258503514	-0.2178582395	0.0436715285	-0.1950012174	-0.0081950143	0.2141888213	0.050597593	-0.0323605939	0.113517689	0.0753803786	0.049292419	-0.23556853	0.0377240986	-0.0361356119	-0.0058892292	0.024739561	-0.1918665281	-0.0435202764	0.0455458907	-0.0571989269	0.0939704959	0.0023139855	0.0842297305	0.0997453502	0.0302015658	-0.0738178376	-0.0257736656	0.0753609235	-0.0569957271	-0.0776814694	-0.0610422503	0.0102341202	0.1188646243	0.230943043	-0.1500254595	-0.0294110442	-0.0708563251	-0.0209907084	0.0585357457	0.0893627153	-0.0393692885	0.0144507143	0.1361008639	0.1259161521	0.1165232592	0.1013839798	0.0812449131	-0.0173858662023036	-5.74875162727001e-05	0.0003022683436044	3.3048145272039583e-09	0.027674660662214	0.0179920489568275	0.0003237138256648	0.0007658868427686	-0.0209842012101759	-0.0128960917701092	0.000166309182943	0.0004403367004291	0.0004859271843904	-0.0003330001980745	1.1088913191765624e-07	2.3612522852958187e-07	-0.0002201608969543	6.110714968999783e-07	3.734083743235802e-13	4.847082054772191e-08	-0.0006639463777104	-3.6439829199995215e-08	4.408247924747611e-07	1.327861152124824e-15
825.5163409335232	0.7141229781406082	0.5099716279084116	681477.229148273	1139.6684744419197	1.5839945149218693	2.509038623302568	1298844.2316367724	783.1200303032854	0.7739600489505847	613276.9818622186	0.5990141573715915	808.207070042349	662.322945801053	1.028985	19.90547	0.051822138352747	0.0296380342710703	0.0033532091	0.1232300331	0.0631790366	-0.1324123319	-0.0523689078	0.0827880079	0.1109850795	-0.0659142874	-0.047596183	0.0818354019	0.1440803442	0.0859075073	-0.0206576309	0.0921993837	-0.0078241127	-0.112788793	-0.0468023731	-0.0838241742	0.166692249	0.0647736032	0.0745239078	0.0428693371	0.0725444818	-0.0848711651	0.0705623128	0.0745363746	0.0304043691	-0.0161148087	0.0334081802	-0.0185839242	-0.053398105	-0.0256972677	0.1004185856	0.0491069859	0.069844085	-0.0587200823	-0.0708936023	-0.0837663342	-0.0065176148	-0.0098887509	0.051867392	-0.0827599216	0.006874467	-0.0360275181	-0.1369828311	-0.0630847089	0.1148863139	0.2633244251	-0.0058857948	-0.1267017042	-0.0540851617	-0.0439273924	-0.1291332052	-0.0974220531	-0.049993937	0.0789256578	-0.1616899271	0.1846781362	0.2603840163	-0.0470910413	-0.0835922308	0.0092308682	-0.2340513538	-0.100327071	-0.0829094409	-0.0332389293	-0.0781840705	-0.1081468197	0.0210498243	-0.1012517423	-0.0262683059	-0.0845868622	-0.0393509644	0.0292016865	0.0351112726	-0.0251787229	0.0010905667	0.0045091618	0.0821694161	0.0154491645	0.0264705173	-0.0341392311	0.0229779666	0.0107417706	0.0436617106	-0.0808796423	-0.0384242716	-0.0088894443	-0.0492306078	-0.1506852652	-0.1064629037	-0.102588487	-0.0675704407	-0.214219876	0.0510400287	0.1753454429	0.0891654959	-0.0861498139	0.1144535507	0.1249246295	0.0678577779	-0.0999518131	0.0035246363	-0.3079982607	0.1525007338	-0.1087579793	-0.0660982945	-0.0228462151	-0.1249055015	-0.093316307	-0.0646026068	-0.0157148172	-0.004288887	-0.0185559448	0.0293899769	-0.1042794448	0.1321194694	-0.13579166	-0.0932064816	-0.2432835911	0.0497181192	0.0068332578	-0.0043136915	0.0412293931	0.1538351691	-0.0479797972	0.0864378143	-0.053641069	-0.1737883151	0.1018365106	0.1251271724	0.1134548014	0.0948006283	0.0703125971	-0.0173857764296485	8.977265510135003e-08	0.0003022652220617	8.059129603945945e-15	0.0513293019703127	0.0236546413080987	0.0005595420554148	0.0026346972407595	-0.0362959603199541	-0.0153117591097782	0.0002344499670358	0.0013173967355476	0.0002289269662074	-0.000257000218183	6.604911214610963e-08	5.2407555856924064e-08	-0.0002200760822317	8.481472260000708e-08	7.19353716971615e-15	4.8433481970453984e-08	-0.0006639743080491	-2.793033870005825e-08	4.4086188174928125e-07	7.8010381989997135e-16
824.8856420815708	-0.6306988519523884	0.3977810418540607	680436.3225123254	1140.684406997811	1.015932555891368	1.0321189581199672	1301160.9163679478	782.1532502655699	-0.9667800377154664	611763.7069009952	0.9346636413251184	807.5304920700625	660.3864978567032	0.998917	19.323809	0.0598324063509531	0.0391979236085287	0.0573004785	-0.1107757324	0.0414415729	-0.1823423692	0.0031478423	0.0315801193	0.0915557405	0.0349530149	-0.0204645142	0.027087884	-0.0537061998	0.0185943001	0.1971196717	-0.0618762737	0.1364854149	-0.0882438351	-0.0061157705	0.0459036432	0.0274703509	0.0617940258	-0.0537820077	-0.1023904738	0.1670041146	-0.0123144685	0.0369704113	-0.0284068729	0.2222663183	-0.0969941677	0.1089602129	-0.0141651808	-0.1823175855	0.1968234078	-0.1526889714	-0.0452452233	0.1054872344	0.0537101419	-0.0102850082	-0.1177049356	-0.1422919822	0.0113283979	0.0278268954	-0.0416823149	-0.0786732842	-0.0459384083	0.0123327874	-0.0440394429	0.1307908386	0.0217315352	0.0780281421	-0.1412644355	-0.0625840032	0.0847371022	0.0388107217	-0.1043990871	-0.090413965	0.0616833535	0.0973136853	0.1186606314	-0.053888537	-0.0786044204	-0.0604725652	-0.0094301061	0.0417814015	0.0338135077	0.0817649512	-0.1762924512	-0.0195886454	-0.0602707756	0.0439864742	0.0418223395	0.0483949549	-0.1853349991	-0.1218176994	0.2071827073	0.1704688639	0.0377335822	-0.0952119949	0.1005347748	0.0675551282	0.0367009731	0.0222788552	0.0460883989	0.0713515715	-0.0874078573	0.1955147427	0.0485841154	0.0816034916	-0.2025447437	0.038454808	-0.0680210049	0.0277224715	-0.0321005018	0.0676961016	-0.0388925428	0.0549422887	0.0035217991	0.0552085129	-0.0833163368	-0.0941717057	-0.1591267288	0.0062187938	0.0192698673	0.0435313539	-0.0501680161	0.0664893181	-0.1076825697	0.0677390929	-0.123119314	0.0066337007	-0.128502236	-0.003915224	-0.0942359778	0.0509215315	-0.0104440302	0.1791750581	0.0576578164	-0.1259332745	-0.0779058802	0.0093688524	0.1221988412	0.1247101727	0.0193335482	-0.0083760646	0.1452801094	0.2214363844	-0.0991697874	0.1285764908	-0.010336616	-0.1672811991	-0.1278439823	0.1242524367	0.1100753719	0.0876327994	0.0586099215	-0.0173858297825546	-5.3352906100034854e-08	0.0003022670772279	2.846532589319136e-15	0.0214435777434971	-0.0298857242268156	0.0008931565125612	0.0004598270264414	-0.0413315877953905	-0.0050356274754363	2.535754407136997e-05	0.001708300149688	0.0007269266026191	0.0004979996364117	2.480036378661855e-07	5.28422285595347e-07	-0.0002202415634733	-1.654812416000055e-07	2.7384041321479392e-14	4.850634628116364e-08	-0.0006639193997865	5.4908262599987115e-08	4.407889694128665e-07	3.014917301749143e-15
826.8471985081977	1.9615564266268848	3.847703614841233	683676.2896808549	1143.836798284808	3.1523912869970445	9.937570826334882	1308362.6211104407	783.4055061172916	1.2522558517216569	613724.1870148898	1.5681447181711317	808.5546263253029	667.5732479532256	0.926499	17.922909	0.0105306789363168	0.0065066590101095	0.0090434993	-0.1335892421	-0.0494266173	-0.0520816099	0.048465202	-0.0289707631	-0.0165512559	0.0781966897	-0.011215909	-0.0270358683	-0.0368337547	0.0019927518	0.0083660193	0.0331870574	0.0400032875	-0.051124887	0.1129516277	-0.0526816977	0.0292322082	0.0678790638	-0.1145628119	-0.1152108564	0.0464226833	-0.0770455196	-0.0700164943	0.1938948772	0.0914458861	0.0453065355	0.1481049456	-0.1122076396	-0.0326131812	0.022887236	-0.2722362743	0.0342169352	0.0746151698	-0.0192617018	-0.0023354094	-0.028029562	-0.2270450109	0.1041977744	-0.0984197194	0.0480514492	0.201002102	-0.0096645447	0.0427787477	0.1073341581	0.0753538526	0.1220061939	0.0404863549	0.0933998325	0.0385594544	0.0364032313	0.0561863777	-0.0608310206	0.167422769	-0.2226447214	-0.0513853252	0.0797876883	-0.0615272094	0.0480817551	0.0775754198	-0.1048815889	-0.0074271752	0.0967696901	0.0624013022	-0.0808176022	0.0644381207	-0.0363123646	0.0020028033	-0.0316657878	0.0315848823	-0.1022935865	0.0608544003	0.2295951675	-0.124979878	0.1780772431	0.0974810131	0.1796046429	0.1855330449	-0.0162384764	-0.1718789669	-0.0681816121	0.2299150174	-0.1203599291	-0.0074072819	-0.0483658502	-0.0140563598	-0.076191668	0.1651740084	0.0537903543	-0.0453278666	0.0820513912	0.0045988747	-0.0151594509	-0.0675095428	-0.0709959444	0.1128745003	-0.0202915965	-0.0110023761	-0.0155565693	-0.0404921282	0.269704617	0.1700702762	-0.0094187829	0.0006890541	0.1075087622	0.1172326663	-0.0763795962	0.0744140002	-0.1003271367	0.0348468527	-0.1368554137	-0.0520726503	-0.0132852788	0.0072949827	0.0693433241	-0.0902456669	-0.1429669272	0.168764382	0.0132848404	0.1185765825	0.0485921825	-0.0312746782	0.06030322	0.2438947598	0.0031994431	-0.1622404786	-0.136044648	0.0282115927	-0.0371282838	0.1232925447	0.1063942335	0.0799246852	0.0462651033	-0.0174988425665816	-0.000113012784027	0.00030620949117	1.2771889353533842e-08	0.0215546292878627	0.0001110515443656	1.2332445505985293e-08	0.0004646020437371	-0.0456616089014048	-0.0043300211060142	1.8749082778529284e-05	0.0020849825274648	0.000769918994573	4.299239195389994e-05	1.8483457659177606e-09	5.927752582042992e-07	-0.0002207850555488	-5.434920754999876e-07	2.953836361312842e-13	4.87460407536867e-08	-0.0007399153857953	-7.599598600879992e-05	5.474747781366076e-07	5.775389889449714e-09
828.1832925839112	1.336094075713504	1.7851473791567227	685887.5661151283	1146.415924789559	2.5791265047510024	6.651893527509122	1314269.4726111	784.180527565696	0.7750214484044591	614939.0998132133	0.6006582454869456	809.5858977448194	674.3773635495406	0.924448	17.883217	0.0173310947265706	0.0140468401342059	-0.0500197169	-0.1726589615	-0.0076636569	0.0785084267	0.0525930675	-0.1248922311	-0.0925448571	0.1534761607	0.0337167039	-0.0882931876	-0.0656952087	0.0406017949	0.0178764891	0.0496177331	0.0944699159	0.018959627	0.1783892385	0.0271005407	0.0444292441	0.1192297747	-0.136906777	-0.1077616532	-0.094897987	-0.0407139033	-0.1010965505	-0.0697049172	-0.1089444661	0.0520919719	0.1311450788	-0.0406646639	-0.0284764921	-0.1309756681	0.0817442669	-0.0857183806	-0.2131185926	0.1488477491	0.0340897053	-0.1563200876	-0.1119912827	-0.2180020897	-0.056697554	0.1016627874	0.0319550103	0.0691043048	-0.00726466	-0.1040539575	0.1085537159	0.0337521498	-0.0076973374	0.0339530679	0.0374008328	0.1393442893	-0.0211444961	0.0047660394	-0.1673268478	-0.0076157062	-0.0340354359	-0.055939691	-0.0182682099	-0.0838839192	0.1269528121	-0.0757109215	0.0495224576	0.1452085402	0.1142213217	0.0469207371	0.1366500145	-0.0093811689	-0.0798670473	0.0023540237	0.0817885878	0.2569936403	0.1523876392	0.0137518599	-0.0368986635	0.0274756391	-0.1714962542	0.0289576505	0.0882279497	0.0060434776	0.019014582	-0.1085631946	0.0743627243	-0.0542509966	-0.074706122	0.0155053037	0.1322447858	-0.1570584368	-0.1947358469	0.0742099795	-0.0075165554	-0.0374710324	-0.0919359815	-0.1554083362	0.0029714031	-0.0065181237	-0.1986587332	0.0580596677	-0.0920894035	-0.0596237081	-0.0923329267	-0.0151230397	-0.0028983525	-0.0234360109	0.0070837089	0.1725269523	0.1006551429	-0.0211838742	0.1747113784	-0.0794433525	0.095734079	-0.1087040645	-0.0555986295	-0.0867393745	-0.1287570333	0.0004321865	0.0578084956	-0.0509566585	0.2756333041	0.0782999886	0.0056833027	0.1385375748	0.0623170087	-0.0035055735	-0.0088229234	0.0432712634	-0.1355975007	-0.0129159688	0.071531892	0.1854546474	0.1222481541	0.1024214758	0.0717238087	0.033413395	-0.0173858803097317	0.0001129622568499	0.0003022688341443	1.2760471472622816e-08	0.021371869968803	-0.0001827593190596	3.340096870316518e-08	0.0004567568259634	-0.0456552619711487	6.346930256098671e-06	4.028352367578074e-11	0.0020844029456542	0.0005059271968394	-0.0002639917977336	6.969166927061796e-08	2.55962328501773e-07	-0.0002201675369735	6.175185753000086e-07	3.8132919084055243e-13	4.847374433697749e-08	-0.0006639441776961	7.597120809919996e-05	4.408218710965504e-07	5.771624460051946e-09
827.8016545998561	-0.3816379840551462	0.145647550873676	685255.5793582594	1147.408139807546	0.9922150179868368	0.9844906419186188	1316545.4392966127	783.3400390625	-0.8404885031960703	613621.616798439	0.7064209240047706	809.1499259540574	680.2914960196304	0.928474	17.961105	0.0218826556245411	0.0141192584021101	-0.0719489496	-0.1011684645	0.0327965755	0.1923019539	0.0296818639	-0.0250246611	-0.0911011734	-8.3621e-06	0.0836525271	-0.1394775133	-0.029127316	0.0203451928	-0.0775980481	0.0744443997	-0.0201751106	-0.0546096828	-0.0150195959	-0.0457618459	-0.0100000418	0.1187906953	-0.0511785848	-0.1272220948	-0.1237880863	-0.0726165185	-0.067734691	-0.0337733326	-0.0138270756	-0.1176883326	-0.0884135406	0.0698087023	-0.0964417593	-0.0995856949	-0.0775548635	0.0555645375	0.005187825	0.0435939756	0.0192540581	0.0342489014	-0.1470536203	-0.0927574217	-0.0409006601	0.0965809955	-0.147293286	0.0529388332	0.0181115304	-0.0084465286	-0.0867007891	0.0620353262	0.0194920381	-0.0771679552	-0.014233514	-0.108686189	-0.1469166633	0.244742695	0.0521196951	-0.0135075321	0.0195516986	0.0862874453	0.0261070365	0.0834881114	0.041714344	-0.0277807099	-0.0800785758	0.0447792032	0.0761686522	0.1275455006	0.0848497326	-0.086461642	-0.0065623434	0.0800051012	0.056970156	0.0420052536	-0.0694151106	0.0311372775	-0.0846926784	-0.0701444626	-0.09899741	0.1302431778	-0.0485543579	0.1961654303	-0.0011366435	-0.0575844509	-0.0568590444	0.112452295	0.0260355165	0.0436247692	0.0290585322	0.0727006661	0.0364367852	0.1197597478	-0.0609323824	0.1262124362	-0.0468772958	-0.0756424597	0.1641122997	-0.1761766513	-0.0193544895	0.0307355195	0.0495605801	0.0183484666	0.1076213715	0.0463732601	-0.1002895502	-0.0341077557	0.1517094941	0.1552689673	-0.0057910521	-0.0092781049	0.1272828394	-0.0642865742	0.2082170392	0.0012746132	0.0445230051	0.0247375698	-0.1453200396	-0.1124752422	0.0653863511	-0.2192190844	0.0716731438	0.098857462	-0.0350829348	0.1310484201	0.016689098	0.0089990231	0.0875503406	0.0362455437	0.1724708654	-0.0509956177	0.1576222977	-0.0291343892	0.1211199807	0.098167988	0.063080731	0.0201956026	-0.0173473334053397	3.854690439200267e-05	0.000300929976276	1.485863838206195e-09	0.0213480008794135	-2.3869089389502024e-05	5.697334282840382e-10	0.0004557371415474	-0.0496967589554415	-0.0040414969842927	1.6333697874047787e-05	0.0024697678506752	0.0006499972515832	0.0001440700547438	2.075618067388154e-08	4.2249642706571386e-07	-8.715767560563137e-06	0.0002114517694129	4.4711850787861815e-08	7.596460416976469e-11	-0.0006639972064687	-5.302877260004654e-08	4.408922901982375e-07	2.812050723467447e-15
827.0362854275752	-0.7653691722808844	0.5857899698779261	683989.0174138417	1147.052910861806	-0.3552289457400093	0.1261876038915584	1315730.380316542	783.5752221947554	0.2351831322554289	613990.1288375603	0.0553111056974746	809.1647849865684	675.8523918326574	0.908314	17.571119	0.0464575979822727	0.0253465998974882	-0.0242795765	-0.0292281364	0.0308335708	0.1949310452	0.0583855566	-0.0570674044	-0.070500005	-0.0116256285	0.0994233668	-0.1432336646	0.0351973569	0.1479265219	-0.0488741217	-0.0349849794	-0.0632439948	0.0604182691	0.0310911819	-0.0151439483	-0.1634673195	-0.0470504322	0.0487872278	-0.1591880434	-0.2064633684	-0.1034847706	-0.0464251831	0.0895465244	0.0730643346	-0.0466546493	0.1274478337	0.0700195564	0.0755216111	-0.0154086591	0.0742346261	0.0136193677	0.0454036265	0.1226269492	-0.1586066652	0.0924239748	0.0037670066	-0.0532046375	-0.1088381537	-0.0259976841	0.0623397061	-0.0802300382	0.0930380532	-0.0394679959	-0.1996643883	-0.064010384	-0.0322854377	-0.1766464891	0.0027045439	0.0481258119	-0.0503819118	-0.058610958	-0.0325102691	0.1165926476	0.0657211794	-0.0157708906	0.0249691222	0.1979859622	-0.1021255595	-0.0609747183	0.1223017651	-0.0342649362	0.0811252261	0.1927748761	0.0283199028	-0.1231408963	-0.0898731643	0.0342802588	0.0092291936	0.1080735703	-0.1551758795	0.1293041746	-0.0762505881	-0.1240054342	0.0244197097	-0.0026406594	0.0625947095	-0.0221263264	-0.0863494694	0.1943719477	-0.0493046122	0.0105428052	0.0078935773	-0.0902793592	-0.1352757888	0.0186015267	-0.0431836061	-0.07542275	0.1139984368	-0.0141433323	-0.018859169	-0.0288644298	0.1496898813	0.0389554613	0.0734993068	-0.116490228	-0.0225637611	-0.0691917293	0.1168284699	0.0121257845	-0.0554716229	0.1971931932	-0.0053366101	0.008201619	-0.0568724949	0.0234060066	0.1251291833	-0.0430960538	0.2518327275	0.0581426877	0.1044577132	-0.0551907997	-0.171493312	-0.2307165527	-0.0780896018	-0.1127921738	-0.0862304547	0.0967887477	-0.1425790116	0.0649821516	-0.2028641228	0.0365217799	0.0568869709	0.059007079	-0.0413523417	0.0431484652	-0.2344408365	-0.0846477084	0.1199087977	0.0936454286	0.0540487397	0.0067565429	-0.0173737261714421	-2.639276610240035e-05	0.0003018463610802	6.965781025360128e-10	0.0265169285794968	0.0051689277000833	2.671781356868844e-05	0.0007031475012901	-0.0454915008636263	0.0042052580918151	1.7684195618777198e-05	0.0020694766508253	0.00107393781424	0.0004239405626567	1.797256006657641e-07	1.153342428854589e-06	-0.000220800090309	-0.0002120843227484	4.497975995566313e-08	4.875267988046255e-08	-0.0005588817033885	0.0001051155030802	3.123487583824313e-07	1.104926898780354e-08
826.9055453858532	-0.1307400417219923	0.0170929585094683	683772.7809898753	1145.7393177065076	-1.3135931552983493	1.7255269776466733	1312718.5841385734	782.969369133737	-0.6058530610183652	613041.0330016821	0.3670579315453229	808.9023562528578	675.1716488796943	0.947331	18.32588	0.079074395648884	0.0425848781765737	-0.0176432722	0.013276673	0.0288211108	0.1377136038	0.1121023334	0.1533550629	0.0001194843	-0.1561056067	0.0981565398	-0.1477566625	0.0314667061	0.0965810807	0.0515297124	-0.0193992029	-0.0290083159	-0.1289484812	-0.0132878607	-0.0560923052	0.0205486241	0.0573617716	0.1232762128	0.0158507825	-0.0547556845	-0.1411093384	-0.0397857025	0.0178444737	-0.104614926	-0.0290438883	-0.1887628603	-0.0727176027	-0.0676126515	-0.0619299775	-0.0802460988	-0.029566738	-0.0520869277	-0.0549536216	0.0886671174	-0.0840044023	0.0144171014	-0.0497002159	-0.0394264609	0.0307728486	-0.1607540704	-0.093914186	-0.0607838831	0.0410042005	-0.1823378763	0.1722316695	-0.0230930862	-0.0189984956	-0.0558848194	-0.0415278512	0.2866657696	0.0262016955	-0.2035204849	-0.0920423394	0.0125985735	0.0858373343	-0.0293172635	0.0383262666	-0.0634130997	0.1231118985	0.0102046678	-0.1249543351	-0.0207964503	0.1492221548	0.0507352287	-0.1023451875	0.0513843303	-0.0110261355	-0.11612586	-0.0607623839	0.0599860093	-0.0421620291	0.0274967134	-0.0391878217	-0.0364129636	0.1135370817	-0.0076015623	0.0476705267	0.0337885971	-0.0681917157	0.0921175819	0.2004563851	0.0032368095	-0.0388465082	0.0406336213	0.1322257663	-0.1130714088	0.1050328479	0.1039459426	-0.0840003019	0.2519899919	-0.2436920016	0.0871887431	-0.0889831977	0.0678273444	0.0907071619	0.0057966289	0.0123456781	-0.2040748247	0.0767743094	0.1486177037	0.0267020214	-0.0303642538	0.0379851149	-0.1006033149	-0.0935112043	-0.0584590466	0.0016483909	0.2136921484	0.1058482461	0.1217020664	-0.2070061565	-0.0720724057	-0.0611386584	-0.0127818888	-0.0197102327	0.0525204069	-0.0487729567	-0.1729083096	0.0828431194	-0.1014146714	-0.0922675483	0.0393849112	-0.0597465753	-0.0088257783	0.1019319476	-0.0105153676	-0.0135742959	0.1186154352	0.0888661936	0.0446835199	-0.0067565429	-0.0045849202507923	0.0127888059206498	2.102149370612533e-05	0.000163553556876	0.0537740406224571	0.0272571120429603	0.0007429501569224	0.0028916474448656	-0.0456134802908252	-0.0001219794271989	1.4878980659772352e-08	0.0020805895842414	0.0005509659173797	-0.0005229718968602	2.734996049056602e-07	3.035634421140545e-07	-0.0002200840714192	7.160188897999869e-07	5.126830505504057e-13	4.8436998492451534e-08	-0.0003044396539771	0.0002544420494114	9.268350291369639e-08	6.474075650867334e-08
826.0191201341906	-0.8864252516625584	0.78574972678503	682307.5868272624	1147.562864857861	1.823547151353523	3.325324213209549	1316900.5288007816	783.4407000407156	0.4713309069785509	613779.3304802865	0.2221528238732234	809.0609649672157	672.0873638279262	1.04567	20.228226	0.0852111985452483	0.0453651047534829	-0.0770408118	0.0382802407	-0.12555017	-0.0102100128	-0.061209331	0.0824848513	-0.054574783	0.0221310425	0.1436150404	-0.0255616865	0.1237844228	0.0684395108	0.1360940693	-0.0938235066	-0.0172578464	0.0198712565	-0.2141213858	-0.1056143741	-0.159416074	-0.1753402703	-0.1054106641	-0.0114049014	-0.0383711934	-0.0833068106	-0.0431531861	0.0744452054	-0.2099943805	-0.0272130585	-0.1299591164	0.0894753054	0.030801697	0.0795479559	-0.1287673825	-0.0748496083	0.141035575	-0.1362909879	0.1294549842	0.0003832956	0.0669336626	-0.0510054619	0.1723895421	0.1799047717	-0.1580240795	0.0183834952	0.1167407313	-0.128192928	0.0266355077	-0.1507165107	0.0088088652	0.1025714394	-0.0864754004	0.2505618371	-0.0155762913	0.0161036909	-0.0689060733	-0.0994428505	-0.102173054	0.0529644637	0.0568259995	0.1092831245	-0.2003481824	-0.0930179254	0.157856573	0.0834588185	-0.0347671878	0.1236927499	-0.0055257834	-0.1441832157	0.1819538616	-0.0244679518	-0.2504232019	-0.0390988471	0.0272039388	0.037925428	0.0601227314	-0.0013137369	-0.0366017017	0.0897666536	-0.108311019	0.1642225947	0.2658343606	0.0287508673	-0.1346188804	-0.0676829263	-0.0787463538	0.1579999181	0.0297105148	-0.0192780285	-0.1166117276	0.1656320285	0.0192530992	0.1360880673	0.077499412	0.0010370732	-0.1691679136	0.0315729982	0.1618499393	0.1240880955	-0.0214243996	-0.0283708097	0.0604721891	-0.1042430934	0.1637775865	0.1324260044	-0.0365859847	-0.2015620367	0.0880190158	0.0598198227	-0.1179131103	-0.0387514427	0.128010442	0.0033672497	0.0470813524	-0.2008629381	0.1578752462	-0.0287026124	0.074250207	-0.1845940682	-0.044289383	0.0998376046	-0.1770352996	0.1189042175	0.1001372823	-0.0680131779	-0.1357563837	-0.083027843	0.1503610107	0.0530875641	0.0243957167	0.0907628288	0.1172407796	0.0838433825	0.0350428114	-0.0201956026	-0.0056894031957455	-0.0011044829449531	3.23693087237591e-05	1.2198825756924922e-06	0.0311683715544006	-0.0226056690680565	0.0005110162740144	0.0009714673853531	-0.0244372090048869	0.0211762712859383	0.0004484344655756	0.0005971771839485	-8.005495993917476e-06	-0.0005589714133736	3.124490409688996e-07	6.408796610862874e-11	-4.799904718311154e-05	0.000172085024236	2.961325556633516e-08	2.303908530486568e-09	-0.0002290005866608	7.54390673163e-05	5.244126869099057e-08	5.691052877553243e-09
823.9831715878495	-2.03594854634116	4.145086483348683	678948.2670599715	1146.8167167565762	-0.7461481012849163	0.5567369890510857	1315188.581832333	782.5181193480297	-0.9225806926858696	612334.6071079773	0.8511551345167387	808.5404423633884	658.2314380762231	1.0924	21.132223	0.1032110905840558	0.0696049122699548	0.04364779	0.105842105	0.1464334152	-0.1267116369	-0.0427313712	-0.0416277083	0.0360556935	-0.1002756224	0.1019406184	0.101599427	0.1507527336	0.0686641612	-0.0549921292	-0.0723925962	-0.0266098339	0.0267638521	-0.1751397161	0.0170082757	0.1136479732	-0.0354422853	0.122511188	-0.0246671711	-0.0122433791	-0.0205824375	0.0127938574	0.2040036312	-0.0590485499	-0.0354078336	-0.0103370653	-0.1138601117	-0.0061313769	0.0197473893	-0.0276630357	-0.2327736804	0.1420960174	0.1000677088	0.0417765101	0.1271738641	-0.0489125383	0.1255735305	0.0274790317	0.0678012556	0.0328084826	-0.035551574	-0.0913785085	0.0260564076	0.0049497074	-0.2658884559	0.1974358888	0.081682952	0.1219694369	0.0082491911	0.0756837536	-0.0671803775	-0.0822055483	0.0401931841	-0.0019463474	-0.1890489463	0.1623308248	0.0175627697	0.0837734816	-0.0419987212	0.0216838848	-0.1395594818	0.0404917776	0.0884270987	-0.1279348714	-0.1065663649	0.0691523598	-0.1114028317	-0.0538973347	0.0050415252	-0.0104687603	0.0863472831	0.1145775535	0.1042324614	0.0617201795	0.1435616299	-0.1764772849	-0.018820853	0.0184802143	0.0424300895	0.0904861912	-0.0779710082	0.0610674178	0.0121163557	-0.0104214257	0.0843296381	0.0308754396	0.0787832412	0.1743432135	-0.0509387696	-0.0401064132	0.1921519062	-0.0770945044	0.1419527011	-0.0048310964	0.1073284156	0.0203288237	-0.036443148	0.0099272374	-0.0744182951	-0.1671699725	-0.0897104978	0.0726804539	0.1811103528	-0.1215266341	-0.0050349733	-0.0301200782	-0.1157065854	-0.0446921692	-0.112173579	0.1359022806	-0.0841621787	0.1382606042	-0.0583463885	-0.1305235884	-0.0021473161	-0.296766246	-0.0101369392	0.0753484963	-0.0510261241	0.0428642007	-0.0118218496	-0.145250906	-0.088520371	-0.1510755284	-0.1454924364	-0.0896273921	0.1153072827	0.1157857731	0.0785907625	0.0251860523	-0.033413395	-0.0052136352278466	0.0004757679678988	2.7181992289043074e-05	2.2635515927864807e-07	-0.0358549200423965	-0.0670232915967971	0.0044921216164692	0.0012855752912466	-0.0203745974426823	0.0040626115622046	1.6504812705358526e-05	0.0004151242209513	0.0003179599628137	0.0003259654588076	1.0625348033566057e-07	1.0109853795248949e-07	-0.0002200576190733	-0.0001720585718901	2.9604152160891156e-08	4.842535571220962e-08	-0.0003639649451061	-0.0001349643584452	1.3247048126608637e-07	1.8215378050551412e-08
825.4845905654433	1.5014189775938576	2.2542589462789846	681424.8092609976	1146.0240710657886	-0.7926456907875945	0.6282871911241429	1313371.1714622036	783.1165661085362	0.5984467605064765	613271.5561136253	0.358138525160696	808.6191894363801	658.881842028397	1.095041	21.183302	0.2307749958992117	0.1693285853610521	0.0462831092	-0.0954218157	0.0746976018	-0.2157119315	0.0478431228	0.0094014983	0.0410913859	0.0392693659	0.0675620402	0.0566216311	-0.107459709	0.0421198759	0.0287058945	-0.1436046229	0.1439025144	-0.081399147	-0.136079777	-0.0357816682	0.0903415487	-0.0698268146	-0.0457744156	0.0043628826	0.1653841365	-0.0474109459	0.005580464	0.2766276429	-0.1062643595	0.1227940726	-0.1173627805	0.1048169127	0.132520887	0.0194332102	-0.0474558069	0.0004107318	0.0975361135	0.1245435349	-0.1726491	-0.1602236038	-0.0091332521	-0.0734929611	0.0970219703	-0.1339683083	-0.0913542006	0.0279680518	-0.1364737993	0.0267102466	0.0663753357	0.0508856536	0.0871711325	-0.0362324042	-0.0197748479	-0.006490544	-0.0699435016	0.1157061771	-0.0457693937	0.1898500721	0.0955755851	0.074161314	-0.0809354929	-0.1271225645	-0.0569766374	-0.0899623742	-0.0588065784	0.028476883	0.0525290055	-0.1477049231	0.0132780277	-0.0708676862	0.0616457586	-0.2366248128	-0.3462631918	-0.0158568484	0.0944013034	0.0101098932	0.0086300945	-0.2551127654	-0.0474954907	0.0595185265	0.0417551198	0.0145802489	0.0125957731	0.0288768143	-0.0082818757	-0.064115004	0.0764013558	-0.0559469071	0.1058221615	0.0151789789	0.0853222792	-0.0607673548	-0.0522394002	-0.1579851329	0.0187323979	0.0184784523	0.0534019662	0.0742815086	-0.1842481722	-0.0847915182	-0.0014776589	0.0424365125	0.1886240434	0.0409324944	-0.1764874152	-0.0395160014	0.0097553954	-0.0057513166	0.0626164738	-0.1935787727	-0.0509052847	-0.0415944322	-0.1469969225	0.1301207174	-0.2175019841	-0.2948217868	0.0751183552	-0.1216813539	0.1475185713	-0.0217127503	-0.0899052224	0.0357245273	-0.0862017058	-0.0081946624	0.0155034756	-0.1185891885	0.0977133455	-0.0985631725	-0.1914875615	0.0219996672	0.0654476156	0.0211220712	0.1142514127	0.0731227308	0.0151740128	-0.0462651033	0.0069910466140328	0.0122046818418794	4.887473275957948e-05	0.0001489542588615	0.1298450963755044	0.1657000164179008	0.0274564954408926	0.016859749052764	-0.0001540204416059	0.0202205770010764	0.0004088717342564	2.3722296432476452e-08	-0.0001130156240685	-0.0004309755868822	1.8573995648845676e-07	1.2772531283592518e-08	-0.0002199916198952	6.599917810000671e-08	4.3558915098764056e-15	4.839631282411417e-08	-0.0001420121183993	0.0002219528267067	2.01674417722568e-08	4.9263057283138786e-08
826.188381864673	0.7037912992296924	0.4953221928714184	682587.2423281668	1146.2659598782532	0.2418888124645946	0.0585101975955318	1313925.650775613	784.1084863931782	0.991920284641992	614826.1184338009	0.9839058510842508	809.7751482425894	665.0640768871356	1.079379	20.880323	0.1842931062180136	0.1623223572176196	0.0745615567	-0.067377322	0.0077604551	0.0631376884	-0.0607378156	-0.1698932416	0.0015452438	0.1150262021	0.0487585452	-0.0283185327	-0.0616618102	0.0893326635	-0.0472393445	-0.0704026533	0.0121325221	0.0503288972	-0.0270034629	0.1160512577	0.0267143029	-0.0439784712	-0.0272459208	-0.0785900431	-0.1563586283	0.0029554683	-0.0107180671	-0.0149642715	-0.0141808878	0.1446240185	0.1247188894	-0.0121721643	-0.0594089082	0.1524873499	0.116704937	0.0636095244	0.0381678994	0.0268629145	0.0930278061	-0.1207591381	0.2528141929	0.1265904317	0.0875657566	0.0384290569	0.0050211947	0.0272173824	-0.0404509183	-0.006277453	-0.1220891142	0.0376512906	-0.0212629376	0.091745595	-0.1057700031	-0.1650319511	0.0657890062	0.0421057235	-0.1160343696	-0.1665625668	-0.027772293	-0.0193306973	0.1694271149	0.1616229727	0.1804410852	-0.0264652952	0.0475663431	0.0714893843	0.090573318	0.1251215182	0.0450884663	0.0347299835	-0.1306730652	-0.0040522122	-0.0839075276	0.0934033532	0.0577739405	-0.033398026	0.0833066634	0.1043519748	0.1178358681	-0.0490869041	0.1425211222	-0.1013398999	0.0885607227	0.1907956523	-0.0398994463	0.0842007523	-0.0833373103	-0.202576772	0.021582191	0.1093345159	0.0784846854	-0.0175812811	-0.0410366383	0.0852421518	0.0723517685	0.0798290629	-0.0378060645	0.0111672663	0.164398363	0.2425856523	0.1251785445	0.0741175136	-0.1359482908	-0.0019309784	-0.0056666193	-0.0795318624	0.0238826779	0.1474269143	0.0086989689	0.0530332418	0.2091073178	0.0320822746	-0.0039419517	-0.0135175444	-0.0924341245	-0.0386695881	-0.0118140901	-0.0015744106	0.0318252235	-0.0872879543	-0.2739013176	-0.0279412703	-0.1132609365	-0.0534381975	-0.0267925591	-0.2638100819	0.0103390261	0.0881185732	-0.0104253627	-0.1437913363	0.058822114	-0.1754775254	0.1126387502	0.0674542747	0.0050684204	-0.0586099215	-0.0026363749793887	-0.0096274215934215	6.950473031946768e-06	9.268724653747856e-05	-0.0320328511405278	-0.1618779475160321	0.0262044698920032	0.0010261035521912	-0.0032423599241582	-0.0030883394825523	9.537840759491408e-06	1.0512897877787168e-05	5.9761300684527786e-06	0.0001189917541369	1.4159037552589022e-08	3.5714130595065414e-11	-0.0002200006092047	-8.989309500007266e-09	8.080768528692088e-17	4.8400268050439134e-08	-0.000216999327473	-7.49872090737e-05	4.708870812373429e-08	5.623081524662795e-09
826.1492648438741	-0.0391170207989262	0.0015301413161836	682522.6078020736	1142.761279994606	-3.504679883647213	12.282781086841446	1305903.3430549102	783.0684559406532	-1.040030452525002	613196.2066892787	1.0816633421793609	808.1163779399577	661.8496638873152	1.071568	20.729219	0.0916872479236504	0.0596224273541057	0.1021932523	0.052421053	-0.0193555968	0.0549713398	0.1464235185	0.0535385891	0.1052903074	-0.1117082589	-0.1576765669	-0.0299400804	-0.0661380015	-0.0021267417	-0.0868511341	0.0097688803	-0.1149704608	0.1186415862	-0.1926740505	-0.1028243844	-0.0021074757	-0.0974757537	0.1256228098	-0.0519913841	-0.0898244238	-0.0756776364	-0.0366007915	0.0614658783	0.0060331139	0.2284093541	0.0425584319	0.0702937983	-0.0226836029	0.2420937935	-0.0231868886	0.0394672152	0.1794311762	-0.0341321451	0.0757723097	0.0245176169	-0.0294258627	0.0476943445	0.0586947786	-0.0596677522	0.0194705641	0.0324616797	0.0621843002	-0.0162022447	0.0438582964	-0.1731918798	-0.0738328502	0.011295458	0.0673996825	0.022076718	-0.0670142757	-0.0898925642	-0.0094402639	-0.0593548418	0.1166361453	0.067601644	-0.0196893047	-0.1300665556	0.08663491	0.2206457422	-0.0139326084	-0.1314695598	-0.0663816225	0.0532831525	0.1099049698	0.0202139582	-0.0160091656	0.0326770485	-0.2051841419	-0.0404586852	-0.0411020154	0.0862819599	-0.0242334349	0.1120702752	0.1423087943	-0.0707421731	0.0299207968	0.0032400669	0.1227924569	0.137683681	0.0162768742	-0.081381888	0.1830547534	-0.0287209068	-0.1836891831	-0.2049356805	-0.0325279912	0.0121356798	-0.0120284587	0.0857276855	0.0247655541	0.1268061545	-0.0801396881	-0.0311369064	-0.1163418369	-0.0104358994	-0.1324456896	-0.0321905058	-0.024282572	-0.0290999039	0.1051617949	0.0745363763	-0.0329135987	0.1766800194	-0.0968235044	-0.0760496337	-0.0271920816	0.1790210769	0.0709471865	0.1086350354	0.1191519691	-0.0173651002	0.0286261055	0.0262812759	-0.0520044183	0.0098920542	-0.1964903987	0.0087646421	0.2155135806	-0.0539270843	0.062439418	-0.1226644984	0.127477388	0.1195596839	-0.0332944967	0.2358397931	0.0231722729	0.0082338004	0.1109488906	0.0616009311	-0.0050684204	-0.0703125971	-0.0008018407146863	0.0018345342647023	6.429485317286364e-07	3.365515968367175e-06	0.0229047202200973	0.0549375713606251	0.0030181367470037	0.0005246262083609	-0.0032563379938395	-1.397806968130022e-05	1.9538643201528443e-10	1.060373713012266e-05	0.000260999999899	0.0002550238698305	6.503717418334789e-08	6.8120999947278e-08	5.000130625099075e-06	0.0002250007398297	5.0625332923956944e-08	2.5001306268053663e-11	9.993474394863152e-07	0.0002179986749124	9.986953048078545e-13	4.7523422263599886e-08
827.4168010740043	1.2675362301301902	1.606648094692655	684618.5626995384	1141.9339984991611	-0.8272814954448222	0.6843946727054214	1304013.256928282	783.5881631976758	0.5197072570226737	614010.4095035074	0.2700956330020314	808.248086016201	666.5992658726739	1.016895	19.671579	0.0445064011079249	0.0216003417882019	-0.0784750578	0.024827642	-0.1311352786	-0.0356650887	0.0470915652	0.1273404701	0.0185919125	0.0183453637	-0.1628579582	0.0281167675	-0.0738582907	-0.0688398938	-0.0276271426	0.0734434147	-0.0338870565	-0.080837605	-0.0781708204	-0.1156071323	0.0941862622	-0.0501888185	-0.0614718698	0.141912493	-0.0041877948	0.0661128933	-0.059532874	-0.0244981724	-0.040194243	0.0044616934	0.0806371816	0.0610026946	0.1067784536	0.031797556	0.0094385174	0.0417134886	-0.0822794032	-0.04631302	0.0793431027	-0.0353190629	0.0113288844	-0.0044354875	0.0920422366	-0.0807556854	-0.0953163112	-0.0778270303	0.0679403332	0.1378902173	0.0780177999	-0.0449630527	-0.1807725861	-0.0242467861	0.015779899	-0.1396630505	0.110252301	-0.0697142942	0.0553364006	-0.0702851022	-0.0036412557	-0.0095898914	0.0708950334	-0.1035849487	-0.1218097756	0.0180592114	-0.0004022881	0.0442488349	-0.1397252966	-0.0600217846	0.0108001104	0.0835706866	0.0751522361	0.0581250412	-0.0506027212	-0.0680311882	-0.0803969925	0.0496879685	-0.0538971763	-0.0200187567	0.0263569074	-0.102705411	0.0631535624	0.019069805	0.1714759136	-0.0651999947	0.0667511704	0.0484528562	-0.1156046178	-0.1335345976	-0.1564952834	0.0158643222	-0.0970934206	-0.0118172715	-0.0070258479	0.0476846119	-0.0327583667	0.0198442235	-0.0581316871	-0.0010202677	-0.0684840761	-0.0868474558	0.0361817037	0.0559389244	-0.14144941	-0.0075460672	0.0733515102	0.0591397374	-0.1290628458	0.0030743789	0.0785122142	0.0305107533	-0.1298456519	0.0801059989	-0.0174839335	0.0849773684	0.0959698809	-0.1740465282	0.0872608906	0.1870045714	-0.0063646284	0.0340887658	0.0523090177	-0.0779352522	0.0677749104	0.2248502795	0.2396947029	-0.0681727671	-0.1411046775	0.1534443896	-0.0532865158	-0.0202302265	0.0133378	-0.1210162403	0.1091829923	0.0555787436	-0.0151740128	-0.0812449131	0.003681813551438	0.0044836542661243	1.3555751027552495e-05	2.0103155578134635e-05	0.0097149131882048	-0.0131898070318925	0.0001739710095385	9.437953825435554e-05	-0.0031739175043057	8.242048953379993e-05	6.7931370949912236e-09	1.0073752324138123e-05	4.298823490182795e-05	-0.0002180117649971	4.7529129677182175e-08	1.847988339974739e-09	0.0002120026416476	0.0002070025110225	4.2850039569620617e-08	4.49451200655607e-08	0.0001109954578273	0.0001099961103878	1.2319991658291932e-08	1.2099144300448093e-08
827.4718850957087	0.0550840217043742	0.0030342494471279	684709.7206238457	1148.7612512702617	6.827252771100575	46.61138040050048	1319652.4124200174	783.9480255413953	0.3598623437194419	614574.5067502521	0.1295009064272497	809.2517093750893	669.5975854694085	0.999511	19.335302	0.0414355238361217	0.0202021744958154	-0.1458117191	0.0657835445	-0.0796960573	0.0223400544	0.0164337735	-0.1332325107	-0.1304884677	0.1233053352	0.0110495898	0.0321691863	0.008409117	-0.1038497786	-0.0448236416	-0.0159547592	-0.0449464294	0.0249185665	-0.0731478447	0.0692773814	-0.0224650761	-0.010461605	-0.1077591092	0.1789158357	-0.2136298297	-0.0546780956	0.0817634176	0.0508692137	-0.0164965731	0.0177567453	0.0022037418	0.0471724134	-0.0020378099	0.1063601051	0.0155372343	0.0044002943	-0.0878954799	0.0666035597	-0.1201954897	-0.062555038	-0.0680473675	-0.0229596981	-0.1704419839	0.0481838927	0.060185445	-0.0655479637	-0.0087765156	0.0286043559	-0.0582185951	-0.0576556036	-0.0385988408	0.0734078074	-0.0490963968	0.0497965975	0.1321748848	-0.0305698831	-0.0297221575	0.0008713436	0.0707351958	0.0489700369	-0.0205472187	-0.0054086261	0.0027080844	0.1555236022	-0.0491152511	0.1146004313	-0.1515570743	0.0650025619	-0.0892811001	0.015493845	-0.0952570959	0.0992955557	-0.0371961966	0.1220348023	0.0446382481	0.0693830942	0.055567793	0.0010725752	-0.1072504932	0.0260664326	0.0633694647	-0.1228572508	-0.0541032311	-0.0116672935	0.056645934	0.0991684424	0.0507346484	-0.0629319002	-0.0610198171	0.1057064459	-0.0115815651	0.0826900823	0.143555385	-0.1263653506	0.0329695909	0.0391923739	-0.0053117908	-0.0546055527	0.0107277244	-0.0902357866	-0.0353109615	-0.057311441	0.0775058912	-0.1021869613	0.1125578214	-0.2091724051	0.0288799303	-0.0368455691	0.0616443303	0.1698923174	-0.0450867437	0.0108930828	-0.0706026278	-0.0799947618	-0.0656556468	-0.0890653083	-0.1676527511	0.0548077306	0.017162325	0.1076825497	0.0556736341	-0.1183444688	-0.0150066358	0.0574177286	-0.1932895098	-0.0980720971	-0.1134805939	0.1331400171	-0.1942159946	-0.1233149249	0.0290620635	-0.1406263248	0.1073422654	0.0494042187	-0.0251860523	-0.0912870929	0.0082064808002257	0.0045246672487877	6.734632712447305e-05	2.047261371225205e-05	0.010199718109817	0.0004848049216121	2.350358120194113e-07	0.0001040342495197	0.0132289703215775	0.0164028878258832	0.0002690547290285	0.0001750056557691	0.0002609714571662	0.0002179832222643	4.751668518875862e-08	6.810610145544977e-08	0.0003355220972744	0.0001235194556268	1.5257055918341018e-08	1.1257507775941194e-07	0.0001699560567329	5.89605989056e-05	2.888506122019673e-08	3.47635222330704e-09
827.0276635035517	-0.4442215921569641	0.1973328229384681	683974.756200144	1153.0653417864416	4.30409051617994	18.525195171470106	1329559.6824290834	783.6349399865608	-0.3130855548345153	614083.7191677407	0.0980225646460362	808.9648268376521	669.2051248768814	1.01213	19.579405	0.0410223039498588	0.0254084627537454	-0.118036883	0.0812978462	0.1566474524	-0.0058331799	0.0577019042	-0.0451207705	-0.1834376173	-0.1772847566	0.0754263387	0.1022423364	0.0225665501	-0.1173385482	-0.025555335	-0.0665254363	0.0448183789	0.1257386113	-0.038535688	0.0177185958	-0.0857944556	-0.0769520865	0.1014734025	0.0674510082	0.0245968345	-0.1153324501	0.0828411379	0.0686945373	0.1377039609	-0.0908831646	-0.0572474052	0.110661338	-0.0177945125	-0.0622944338	-0.1502040652	-0.0831716334	-0.193954928	0.0796445398	-0.086519529	0.1292259497	0.0850274297	0.0341001745	0.058890922	-0.104124751	-0.0578159888	0.1220992975	-0.0522690373	0.13439399	0.0140406759	-0.0487407615	-0.0782015723	-0.0749365236	0.096158655	0.1082825114	0.0295399033	0.0599945835	0.072652099	-0.1598776697	-0.0448706032	0.0235000832	-0.151114657	-0.0113902351	-0.042887838	0.0251007587	0.1176178912	-0.1058126219	-0.066194561	-0.0381558353	-0.1014468607	-0.1118288149	-0.068366183	0.0143916512	-0.0728814798	0.0023078853	-0.1466634387	0.0208208696	0.042004632	0.0005822266	-0.0907014088	0.1437928004	-0.1367234854	-0.0109263978	-0.1525159241	-0.1537186381	0.001112736	0.0128032557	-0.1398918659	0.1287739993	-0.0418896989	0.0617017384	0.0219749184	-0.1137527393	-0.0973172059	-0.0191222735	0.0486408197	0.1978386837	0.1031078993	-0.0340402464	-0.1461247532	0.0010139265	-0.0131744293	-0.0855529342	-0.1575872557	0.0683587252	0.0043642292	0.0056206403	-0.1908704513	-0.2218113338	-0.0931212316	0.0387650766	-0.0154084545	-0.0609991478	-0.1410263919	0.0108344103	0.0445077371	-0.0019522715	-0.1726344771	0.0333490523	-0.0128375867	0.0211598395	-0.1951405136	-0.1705222461	-0.0266953044	0.0365801889	0.208261459	0.0305024456	0.030645877	0.1584486222	0.0769970212	0.0702740397	-0.1813556419	-0.0605688653	0.1054279714	0.0430942802	-0.0350428114	-0.1003291122	0.0124540054035691	0.0042475246033434	0.0001551022505921	1.804146525600751e-05	-0.0119273283674061	-0.0221270464772231	0.0004896061858051	0.0001422611619839	0.0174008834257861	0.0041719131042085	1.7404858949067432e-05	0.0003027907439977	7.096982802812464e-05	-0.000190001629138	3.610061907512273e-08	5.036716490341586e-09	0.0003550055584533	1.9483461178900017e-05	3.79605259509704e-10	1.2602894653273945e-07	0.0001699873617176	3.1304984699984106e-08	2.8895703143710175e-08	9.800020670662389e-16
827.0357212441811	0.0080577406293969	6.49271840506336e-05	683988.0842138828	1149.924083220653	-3.141258565788576	9.8675053771401	1322325.3971708594	783.348248386682	-0.2866915998787362	613634.4782504829	0.0821920734410294	808.6172803086018	667.2721187310061	0.97565	18.873711	0.0676567954610735	0.0417534508927098	-0.0753521462	-0.0808513077	0.1642841061	-0.0973823768	0.1018803515	0.0854083561	-0.0674027944	-0.1723404377	0.0685371449	0.0826010993	-0.0641689762	0.0035468813	0.0029812135	0.0058149827	0.1549802201	-0.0020035668	0.0061299574	-0.031683173	-0.0925998514	-0.0472887572	0.0351354376	-0.0627315138	0.1902309484	0.003763619	0.0045461577	-0.0425240818	-0.1557719688	0.0456736548	0.0902741344	0.0633671573	-0.0153272837	0.0058258895	-0.0281534402	-0.0748799972	0.012511918	-0.2208401867	-0.0293620733	0.1209479738	0.027028617	0.1382599768	0.0470817182	-0.0467706541	-0.0826245699	-0.0235600679	-0.0303202238	-0.0631739801	0.0219197607	0.0795596749	-0.0992991185	-0.1668409052	-0.0902496309	0.0699419764	-0.0399409476	0.0154155724	0.199368156	0.0166219347	0.0189219242	-0.1001241788	0.0924303138	0.0929294394	0.0731146086	0.1013503459	0.0038480956	-0.0730076807	0.061297226	-0.2019399161	-0.0039638289	-0.0296201005	0.0436876697	0.0157811793	-0.0757567023	0.0309051125	-0.036609533	-0.0655932535	-0.0516690853	0.0987218812	0.1520439057	-0.0750912308	-0.1520603189	0.1003382218	0.1033287946	-0.1049807406	-0.0574848312	-0.04020111	-0.0186185461	-0.0628967216	-0.046113544	0.0432184028	0.0894201692	-0.0942452431	-0.0876717374	0.0593225689	0.0440918131	-0.0416116506	0.166915968	-0.0793127477	0.1514789676	-0.1321556377	-0.0674244115	0.118702609	0.0152604156	-0.1574540959	-0.1289836684	0.0628821838	-0.0445481287	0.0324690278	-0.0309834428	-0.1734562574	-0.0269614609	-0.078242556	-0.1234457518	0.1319423312	0.1717924419	0.0979488977	0.0163032199	0.0710124407	-0.067112217	0.0978988557	-0.1080880056	0.0254118118	0.109401914	0.0874476871	-0.0499177198	-0.0583176735	0.0121137587	0.0836112706	0.028039691	-0.0188100958	0.0152830562	-0.027029488	0.1034414224	0.0366662233	-0.0446835199	-0.1082719048	0.0167563689230121	0.004302363519443	0.000280775899484	1.8510331853433964e-05	0.0228647620281918	0.0347920903955979	0.0012104895540954	0.0005227973426058	-0.0045109822473818	-0.0219118656731679	0.0004801298572789	2.034896083619376e-05	8.997951504612005e-05	1.900968701799541e-05	3.613682005221432e-10	8.096313127934945e-09	0.000241007679665	-0.0001139978787883	1.299551636823194e-08	5.808470165750726e-08	0.0001699893133686	1.9516510000163e-09	2.8896366659528093e-08	3.8089416258646244e-18
827.851880828648	0.8161595844668454	0.6661164673170938	685338.7365915299	1146.2607410463513	-3.6633421743017607	13.420075886017951	1313913.6864641304	783.41387635234	0.0656279656579954	613737.3016613995	0.004307029876407	808.399340189588	668.3748171323432	0.966648	18.699577	0.0133094238113896	0.0082739926681238	-0.0717858099	-0.1255479684	0.0513793883	-0.1041050948	-0.0455338099	0.0836702798	-0.0341390774	0.0522354808	0.0144198512	0.0692872645	-0.1591053949	-0.0483971621	0.0614129415	0.1059070986	0.0979722546	-0.0456135269	0.0458839716	-0.0552597545	0.0877380435	-0.0249890147	-0.1001822979	-0.0435532055	0.1902775717	0.0150608927	0.0791530634	-0.1039076717	0.0521341298	-0.0234468099	-0.0105344586	0.000180218	0.002107573	0.0044371624	-0.0215384947	0.0434260901	-0.0187723678	-0.1458588174	0.0716562265	0.0024251901	-0.0170360464	-0.005646243	-0.2244640887	0.0256278958	-0.1109928791	-0.045400027	0.1119824416	-0.0294399329	-0.1469279726	-0.0476282992	-0.0764656617	-0.0390083818	-0.0899776726	0.0564139415	0.1018063767	0.0444069846	-0.0785953441	0.066436218	0.0556265575	-0.1172031858	-0.0553463688	-0.1099383143	0.1929255153	-0.1377334312	-0.0054219268	0.0717599348	0.0324457576	-0.2135676295	-0.0006503562	-0.0214275599	0.0073592912	0.0811936022	-0.0060259696	-0.0888223538	-0.0416378043	-0.0094239347	-0.0190487651	-0.0250881289	-0.0417949506	-0.1323589932	-0.0516675391	0.0055051403	-0.0375404753	-0.0001846662	-0.0723719848	0.0642742463	-0.0154858932	0.0751029118	0.0185705456	-0.1139011017	-0.0227277679	0.1965333894	0.1968046048	0.083815637	0.1332361105	-0.1360581178	-0.0245506606	0.0015505089	0.0248615963	-0.046555715	0.0035083535	0.0377551443	-0.1210678795	0.1964910421	-0.2304997756	-0.0662239934	-0.0202934335	0.0159378884	0.103471437	-0.0802156713	0.0015757519	-0.0714990415	-0.1226513642	0.0721039798	0.0367217328	-0.0659512784	0.0346307136	0.1554394677	0.0826944608	-0.0726009222	0.0397470246	0.0238616989	-0.0267748308	0.0050610835	0.0012592378	-0.0404727169	-0.0604089302	-0.1148539539	-0.0147511054	0.0608930112	0.0562698578	0.0543067698	0.1013839798	0.0301376669	-0.0540487397	-0.1150284477	0.0235127405897799	0.0067563716667677	0.0005528489700422	4.564855809950267e-05	0.0229057594958135	4.099746762169926e-05	1.680792351392279e-09	0.00052467381808	-0.004522721660443	-1.173941306120002e-05	1.3781381902147366e-10	2.045501121784029e-05	0.0001289717865279	3.8992271481779936e-05	1.520397235308829e-09	1.6633721720198206e-08	0.0003320108250521	9.100314538709997e-05	8.281572470345653e-09	1.1023118795177613e-07	0.0001699784249587	-1.0888409900002961e-08	2.8892664951440407e-08	1.1855747015048243e-16
827.1853367286261	-0.666544100021838	0.4442810372739219	684235.5812988506	1146.924073700212	0.663332653860607	0.4400102096777559	1315434.830833089	783.7640190291928	0.3501426768527835	614286.037524793	0.1225998941536328	809.3047970674547	668.8587378145174	0.8922909999999998	17.261162	0.0824565064831687	0.0433773571797728	-0.0203948708	-0.1699873791	0.022997271	-0.0362909341	-0.1008687344	-0.0278370303	0.0271813945	0.0856318518	0.1016929564	0.0167812732	-0.123572147	-0.0048525316	0.0954624363	-0.0004745685	0.0221513264	-0.0487410936	-0.0656321473	0.1170680145	0.0264547718	0.0037328876	-0.109296375	-0.0814723897	0.0250798131	0.0553602594	0.0505383691	-0.0442774144	0.1432676622	-0.0366453208	0.0660391601	-0.0807577169	0.0393361138	0.0783987657	-0.0717773239	-0.1533504024	0.0522762939	-0.0491121107	-0.1268815892	0.078195985	0.0316067198	-0.1304107985	-0.014256075	-0.0514250879	-0.1341367144	-0.1040133472	-0.1271354543	0.14041343	-0.065830542	0.1516238979	-0.0422157712	0.1791147179	0.0458274603	0.0842978089	0.0014587619	0.0216871141	0.0584595714	-0.0044133574	-0.0342069003	0.0240951845	0.0012269534	-0.0674002289	0.0534080087	-0.0488354076	0.0338655102	0.1203429081	0.1447505589	-0.0790515593	-0.0735973297	0.0127258432	-0.0224305783	0.0894669194	-0.0032986499	-0.0429056214	-0.0530514593	0.1295400157	0.1605086813	-0.0657289438	0.0750194032	-0.0787691739	0.0346951686	0.0292499951	-0.1039505004	-0.0975949938	-0.0250085398	-0.0732545455	0.0998778645	-0.0755286875	0.0320281694	0.2209544827	-0.0114965046	-0.079518598	-0.0004681787	0.0070304461	0.0193668825	-0.1048504583	-0.1091799187	0.0400592665	-0.1197344978	-0.0561150663	0.1873324269	-0.0829962461	-0.0049098801	0.0361771424	-0.0361933481	0.01278242	0.0283845586	-0.0823712585	0.1243688043	-0.0402684013	0.126934583	-0.015993275	-0.1158436043	-0.0112744977	-0.0210080736	-0.0521067103	0.038575382	0.178549918	-0.0133284019	-0.0689520033	-0.0166693485	-0.0467789423	0.0055173182	-0.0019198689	-0.135398793	0.2003397499	-0.0199774614	-0.0170767596	-0.010168521	0.1645014154	0.0152955055	-0.1113345627	0.0992570537	0.0235265052	-0.063080731	-0.1205247148	0.0082617471685892	-0.0152509934211907	6.825646627769166e-05	0.0002325928003332	-0.005751933855592	-0.0286576933514055	0.0008212633882231	3.3084743079105447e-05	0.0233237884735473	0.0278465101339903	0.0007754281266424	0.0005439991087587	5.195215435365428e-05	-7.701963217424571e-05	5.932023740256104e-09	2.6990263419859194e-09	0.0004000062800826	6.799545503050004e-05	4.6233819048047534e-09	1.6000502410551946e-07	0.0002389895292856	6.901110432689999e-05	5.7115995108152656e-08	4.762532520418274e-09
827.1355232245426	-0.049813504083545	0.0024813851890813	684153.1737799378	1145.9807294209795	-0.9433442792324058	0.8898984291605072	1313271.8322042404	783.312833052967	-0.4511859762258154	613578.9944254654	0.2035687851428421	808.8264384258813	668.8042183067962	0.8929709999999998	17.274315	0.0249323641709265	0.01575559669726	-0.01484668	-0.1363933819	0.0522359435	0.0503835077	-0.0426877482	-0.1155021536	-0.0295691593	0.1270795505	0.0271373015	0.004071113	-0.0867269055	-0.000180578	-0.0793686704	0.0193182701	0.0133531909	-0.0432998514	0.0985582984	0.0621458318	0.0252743697	0.0381264629	-0.0276968444	-0.058457179	-0.0639348367	0.0953052261	0.2237788729	0.0156774741	0.0498937647	0.0829717902	-0.080393752	-0.0481349615	0.0609120109	0.1325547908	-0.0273439392	0.1543884749	0.0305493438	-0.018434373	0.0853903311	-0.0828808195	-0.0285740023	0.0550455923	-0.027030499	-0.0952582075	0.0378608738	-0.0306425597	0.0038528774	-0.1225949234	-0.0148657499	0.109282363	0.0177050488	0.0484896222	-0.1006855103	-0.0248631719	-0.0525451242	0.0709539537	0.042279805	-0.0191970129	0.0461477416	-0.1501299086	-0.1334477806	-0.2355673359	-0.1088620692	-0.0960952555	0.1384810862	0.0872728563	0.0883331739	-0.0047955653	-0.0739721802	0.1021666259	-0.1782211372	0.0842624338	-0.0345676026	-0.1028206521	0.0770851	0.0219054588	-0.1070384248	-0.0130880782	-0.0392645971	-0.1074278076	-0.0372658805	-0.0513585158	-0.000229219	0.0482487588	-0.0290541901	-0.0187896004	0.0540740414	-0.0524653525	0.0430098679	-0.2126033231	0.0386866452	0.0675974937	-0.026569848	-0.1392699874	0.051621418	-0.0152059259	-0.0161140315	-0.0794914985	0.0573860913	0.1623927556	0.2073826562	0.0249215989	0.0114587283	0.1070593948	0.0241516493	0.2126170709	-0.1686783307	-0.0614327994	0.0432320783	0.0135425056	0.1951960092	-0.0216810678	-0.0664650914	-0.0496846725	-0.1031143115	-0.0475088901	-0.0789003382	0.114135962	0.0318604801	-0.0634063464	0.0518775682	0.0280205597	-0.0812970991	-0.0369572521	-0.0661078952	0.1260163906	-0.0861462173	0.0271210593	-0.0552465644	0.057767871	0.0026277103	-0.0208151538	0.0970621018	0.016850859	-0.0717238087	-0.124700488	0.0105324783196323	0.002270731151043	0.0001109330995535	5.156219960317521e-06	0.0006262282204971	0.0063781620760891	4.0680951468861215e-05	3.921617841469645e-07	0.0226889761310502	-0.000634812342497	4.029867101866536e-07	0.0005147896378753	0.0003199439762562	0.0002679918219025	7.181961660664579e-08	1.0236414794262789e-07	0.0004120432138396	1.203693375699999e-05	1.4488777427040588e-10	1.6977961007126638e-07	0.000271933945652	3.294441636639999e-05	7.394807079786489e-08	1.0853345697227236e-09
826.7259901155792	-0.4095331089633873	0.1677173673372177	683475.8627325847	1148.2887933193108	2.308063898331284	5.327158958780203	1318567.1528627188	783.0911190403666	-0.2217140126003869	613231.7007198937	0.0491571033833645	808.546729975222	670.7535231883896	0.953778	18.450605	0.0391412553346658	0.0192654099909097	0.0619414712	-0.0710382346	0.109070185	0.185720762	0.0340861185	-0.0244960701	0.0065052818	-0.0756833947	0.016756059	-0.0685661314	-0.1943250662	-0.0551888493	-0.0613205299	-0.028590576	-0.07504729	0.0486760316	0.0382705807	0.0829411751	0.0093898224	0.0104078731	0.1422791883	-0.07994054	-0.0785004535	0.0785434995	-0.0015621449	0.0147711796	0.0022184193	0.061549707	-0.100955899	0.0797303993	-0.1095664525	-0.0631373085	0.0054662398	0.0944848342	-0.0915371659	0.0991893012	-0.0268046955	0.0901774851	-0.0113672395	0.0087753746	-0.119291374	-0.1729723808	0.0018990417	-0.0081450083	-0.0271771781	-0.1245167472	0.1003578301	0.0182222866	0.195203202	0.0634030697	0.0560098404	-0.0429925436	0.0808474001	0.0973320609	0.1769031449	0.1482567409	0.0300900282	0.08601418	-0.0243086765	0.14639992	0.0134434834	0.0285247053	0.0183644308	-0.1106461552	0.1190522503	0.0074554773	0.0557900238	0.1175046089	-0.1076879758	0.0637969589	-0.025643932	0.0197450282	0.0067850363	-0.0720716299	-0.0937872084	0.0786184901	-0.1436980074	0.0094738887	-0.0372381239	0.0991694802	-0.1498006287	0.0258289856	-0.0963121607	0.0794060386	0.0999546097	0.0533001754	0.0648067622	0.0183894489	0.1664040689	-0.0052250898	-0.0689922119	-0.1622152322	-0.1127545252	0.1275498876	-0.108402187	0.0362048346	0.0486868439	-0.070284417	-0.0458188747	0.0468602446	-0.0253212679	0.0298899751	0.0458742843	0.0135566238	0.1049641822	-0.01943865	-0.1031072993	-0.0404985047	0.1619627408	0.095624032	-0.0326874425	-0.0293237234	-0.0339229172	0.0988858529	-0.1340212115	0.1190720053	0.1568919731	-0.0555127756	-0.0423314904	0.0201550787	-0.0447149193	0.0112517155	0.0712303305	-0.138890653	-0.0198112101	0.1061952696	0.1144752729	-0.1368744713	0.1401255445	0.0293300733	0.0948006283	0.0101290257	-0.0799246852	-0.1275100165	0.002813841887189	-0.0077186364324432	7.917706166099353e-06	5.957734837624102e-05	0.0082430785871707	0.0076168503666736	5.801640950829576e-05	6.794834459427211e-05	0.0368463159053291	0.0141573397742789	0.0002004302694843	0.0013576509957953	0.0002609630028544	-5.898097340180001e-05	3.47875522342384e-09	6.81016888587856e-08	0.0003150306927994	-9.701252104020004e-05	9.411429238575252e-09	9.924433740566993e-08	0.0002349588648686	-3.697508078339998e-05	5.520566818034104e-08	1.3671565989389546e-09
827.132901845903	0.4069117303238272	0.1655771562751311	684148.8373160242	1145.488704355354	-2.800088963956796	7.840498206072643	1312144.3718057077	783.4492150381441	0.3580959977774682	613792.6725438841	0.1282327436242405	808.6417176744193	669.3357438871273	0.892548	17.266125	0.0456290751600528	0.0245107428875642	0.080773132	-0.0881911026	0.0071728596	0.1156424867	0.056124775	0.0871963942	0.0553746087	-0.0504167205	-0.0408953307	-0.1045143153	-0.1174200592	-0.0151907975	-0.0012344722	0.0030854736	-0.0840522948	0.0601244195	0.0808051946	0.0194328428	-0.0707160272	0.0421258426	0.0560255248	0.020466267	-0.0226294752	0.0642551197	-0.1944841914	-0.0351332777	0.0212215412	0.1182520814	0.0052253987	0.0713737093	0.0376746016	-0.0674434322	0.0726145887	0.0762653761	-0.0778552326	0.0517582612	0.0804144588	-0.1673116255	-0.0384449651	0.022425868	0.0289458734	0.1149193184	0.0322429185	0.0366075297	-0.0312178866	-0.0801281109	0.1480047653	-0.084181063	-0.0778699981	0.1932924761	-0.0921151262	-0.0320224594	-0.1043278322	-0.141399962	0.0374114003	0.0336821328	0.1071344336	-0.0390100262	-0.0640787402	-0.0563133047	-0.0599719976	0.0510399613	-0.0244331995	-0.0825358167	0.0538384008	0.0226589565	0.1829992499	0.1372300245	0.0502350968	-0.0178430288	-0.0098186107	0.0814567512	-0.034423934	-0.0370035327	-0.0626836486	0.0053135817	0.0080090863	0.0157846664	0.0878665643	-0.0859097077	0.0030463691	0.0443350285	0.0192719664	0.1057804981	-0.0254296427	-0.0055360403	0.1255077562	-0.0930473386	0.0084008763	0.055581747	-0.0938968457	-0.0210141486	0.0424683527	-0.0146259333	-0.1596655209	-0.0651555053	-0.1270016056	-0.070101154	-0.1691986934	0.0107726839	0.1448569667	-0.2041939252	0.0647292035	-0.0445624933	-0.0354273519	-0.0516002765	-0.0254005111	-0.135642303	0.0331424045	0.1860978573	-0.0109669262	0.0256078664	0.0773996281	0.1225902703	-0.0450615168	0.0066782675	0.1291518864	-0.0258564608	-0.0641531985	0.0745903637	0.1108315182	-0.0336051839	0.0728235183	-0.0523940559	-0.0908530752	0.0414661449	0.0648992043	-0.0173835883	0.023851089	-0.0640551375	0.0924741833	0.0033794295	-0.0876327994	-0.1289225186	0.0095310179837042	0.0067171760965152	9.084030380569287e-05	4.512045471159519e-05	0.0286762960752042	0.0204332174880335	0.0004175163769132	0.0008223299565927	0.0329684521527653	-0.0038778637525637	1.5037827283448182e-05	0.0010869188373491	2.2955600515593225e-05	-0.0002380074023388	5.664752356806665e-08	5.26959595031504e-10	0.0003510027597937	3.597206699430003e-05	1.2939896038424095e-09	1.2320293738279386e-07	0.0002529957519943	1.8036887125699995e-05	6.400685052716135e-08	3.2532929718524224e-10
826.5669752825388	-0.5659265633642008	0.3202728751212148	683212.9646277251	1144.5339604891265	-0.9547438662275454	0.9115358500991212	1309957.9867129254	783.1830030100473	-0.2662120280967883	613375.6162038357	0.0708688439034052	808.8382417515745	668.6952739307899	0.98022	18.962112	0.0839408926194672	0.0467722180020994	0.0182669828	-0.1203840903	-0.1326761492	0.076671673	0.0063567213	0.0238484961	0.0342298911	0.1066952328	0.0159823552	-0.023194056	-0.054383158	0.0131617295	0.071190792	-0.0735624788	-0.0681236923	-0.0291573417	-0.1041175173	-0.0779186909	-0.0422559222	-0.0169883578	-0.0826630467	-0.0707872007	-0.0495617783	0.1305518675	-0.0515624254	-0.0849536361	-0.016881408	0.003737243	-0.0693815458	0.0905465543	-0.1677223055	0.1180839015	0.0904528619	-0.0474409639	-0.0052369799	0.0512876182	-0.074407627	0.112911091	0.0754742453	0.0112819482	-0.0895021111	0.0474557514	-0.163947511	0.1591652986	0.0524688616	0.1276656162	0.0717057386	-0.0330235884	0.0422773437	-0.1314222528	-0.0136698076	0.0094711267	0.0402033191	-0.218332426	0.0259677896	-0.1216312548	0.085065775	-0.0307972482	0.0016345177	-0.0370306492	0.0114905832	0.0892251959	-0.068317101	0.0964699323	0.0581371789	0.0240463912	0.0801286042	0.0857698974	0.0370030245	0.0971043957	0.0167394453	-0.0072252196	-0.1213892577	-0.0653553329	0.1002265648	0.0733072572	-0.0027023765	0.0773373155	-0.1206107395	-0.0987146648	-0.0325013875	0.1155549711	-0.0523453153	0.0611758152	0.198835293	0.0700600673	-0.1146235624	0.023280636	0.0002525969	-0.0834728568	-0.021162571	0.0721079163	-0.0511438843	-0.0739757678	0.1723847927	0.075627525	0.0268821582	-0.154639512	-0.1396461773	0.0888888355	-0.0920852109	-0.068181741	0.0494475034	0.0061364667	-0.1520140848	-0.0550905005	0.1161225712	-0.0328251029	0.069989908	0.1461170198	0.0681101007	0.0004276113	0.2341831821	0.0409904207	-0.0183758963	-0.0338919493	-0.0923708266	0.1179609459	-0.0872380569	-0.0238288537	0.0115758235	-0.025457215	-0.2367983519	0.1777601446	0.0200796169	-0.025711894	-0.0621600209	0.0217791285	0.0322578211	0.0295007558	0.090084361	-0.0033794295	-0.0948006283	-0.1289225186	0.0018617938049061	-0.0076692241787981	3.466276171986733e-06	5.88169995046614e-05	-0.0144300537491091	-0.0431063498243133	0.001858157395176	0.0002082264512021	0.0438297223323758	0.0108612701796105	0.0001179671899144	0.0019210445597331	0.0002609595720041	0.0002380039714885	5.664589044430196e-08	6.809989822056306e-08	0.0004760218195909	0.0001250190597972	1.5629765312575866e-08	2.265967727266314e-07	0.0001699378145451	-8.305793744919999e-05	2.8878860812364807e-08	6.898620973315217e-09
826.5868229203508	0.0198476378119494	0.0003939287267143	683245.7758255593	1144.8466156201484	0.3126551310219838	0.0977532309543738	1310673.773296908	783.7612837166622	0.5782807066149189	614281.7498531903	0.3344085756430499	809.0229424649741	665.109819756816	0.968153	18.728687	0.0195370434079259	0.013723127772812	0.0552555517	-0.0176358279	-0.063267765	0.0808849758	-0.0248487341	-0.1179738239	-0.025866447	0.1224841149	-0.0495316887	-0.022014071	-0.0078180106	-0.0023684996	-0.1357514242	-0.0326728607	0.0149623963	-0.0057119879	0.0449443141	0.0404463148	-0.0504913282	-0.0297094075	-0.0312793619	0.0369282697	-0.1707956565	0.0480793834	0.0792977283	-0.123890935	0.0082173605	0.0069950871	-0.1828634673	0.0736403116	0.0383602472	-0.0572701088	0.0049675527	0.0003570339	0.1142098381	0.0811008554	-0.1018644061	0.021018525	-0.0414905489	0.0230886334	0.0944538782	-0.0479426832	-0.0016422547	-0.1477753317	0.0631750715	-0.0388025034	-0.0846924675	0.0747300402	0.0877036513	-0.1251461333	0.0478696612	-0.1469758031	0.0780614636	-0.1707434954	-0.0825154935	-0.052406693	-0.0173902287	-0.1075953908	-0.0008181788	-0.1066668942	-0.1101545645	-0.0059624508	0.0943391993	0.0714107268	-0.0447684501	0.1523994881	0.0217161751	0.0677765674	-0.0978660683	0.0840054466	0.0280912514	-0.0577426446	-0.0822317957	-0.179350152	-0.011557957	-0.1531026175	-0.0039818231	0.0430405449	-0.0553510613	0.0757467104	0.0139039834	-0.0456038692	0.0040323163	-0.0724598237	0.0941471125	-0.1647261867	-0.0285652395	-0.0116922289	0.0588514447	-0.0496941901	0.0860211832	-0.022429617	0.0421296406	-0.111804578	0.0862795274	0.085660925	0.0656123227	-0.019091932	-0.0011233843	0.0664956422	-0.0031489104	0.0019922848	-0.0237008569	0.014279672	-0.1201551579	-0.0441877758	0.0002007548	0.0909803585	0.0944574813	0.1310426125	0.0466157559	0.1084195243	0.0486319795	-0.1091715468	0.0987104047	-0.0664683032	-0.0573462777	0.058672937	0.1115803186	0.1096125195	0.115881188	-0.0143138064	0.0411128274	0.0405758822	-0.0457108543	0.0386230582	0.0027774678	-0.0991105698	-0.0659044165	0.0274919784	0.0876327994	-0.0101290257	-0.1013839798	-0.1275100165	0.0148034693916372	0.0129416755867311	0.0002191427060291	0.0001674869669921	-0.0133081505516514	0.0011219031974577	1.2586667844658109e-06	0.0001771068711054	0.0394565216068087	-0.0043732007255671	1.9124884586100613e-05	0.0015568170973085	0.0002609577047875	-1.867216600033496e-09	3.4864978314406515e-18	6.809892368795999e-08	0.0004980221386463	2.200031905540004e-05	4.84014038539398e-10	2.480260505818345e-07	0.0001699347228537	-3.091691400016871e-09	2.8877810031363828e-08	9.55855571293828e-18
826.3437243310415	-0.2430985893092838	0.0590969241241638	682843.9507412963	1143.3519805842996	-1.4946350358488871	2.233933890387004	1307253.7515060406	783.9021960028286	0.14091228616644	614502.6528980571	0.0198562723926526	808.6980044238907	662.3820927646627	0.936134	18.109291	0.0268882031786335	0.0197075300004637	0.0744567061	0.1043205786	-0.0126823885	0.0719279258	-0.0307282214	0.0162610528	0.0430525655	-0.0587469334	-0.0701085229	-0.0621978956	0.0355681666	-0.0308959913	-0.0383034543	-0.0356007381	-0.0940543744	-0.0219845814	0.0181972007	-0.0019771744	-0.0384717418	-0.0441398846	0.1013419243	-0.0133079842	-0.0346737389	0.0043297829	-0.0328627237	0.087660248	0.1296622323	-0.0320791834	0.0828899443	-0.0850887763	0.0617652228	-0.0962311477	-0.0859174556	-0.0762237764	-0.0665392971	-0.0242112919	-0.0279264536	0.0399541535	0.1247117217	0.0105185757	-0.0169167943	0.027651006	0.0098142461	-0.1339524531	0.1781338643	0.0109325287	0.0120092597	-0.2179402035	0.01130209	0.0955428634	-0.1054126131	0.1036274256	-0.015321842	0.0724727421	0.1520969802	0.0496442307	-0.0228610947	0.0975773788	-0.0329698984	-0.0462698383	0.10029897	-0.000733935	-0.1043524043	-0.0929430045	-0.0630496767	0.0369224546	-0.0230784925	0.025895516	-0.0158138788	0.0211865915	-0.0354267883	-0.0801515295	0.0506111979	0.0993282068	-0.0116174543	-0.0093215069	-0.0394273373	-0.0457298315	0.0215798506	0.1350207136	-0.0422007544	0.0731990229	-0.0294844505	-0.0154566361	-0.2243313854	0.0915853741	-0.0571491239	0.0681840551	0.1121903831	-0.0115081489	0.0931194084	0.0527999854	-0.1166008278	-0.0160234854	-0.1946422928	-0.131738538	-0.0727748453	-0.0245641398	-0.1006883621	-0.1472280752	0.0880441075	0.0520428771	0.0206158281	-0.0332672837	0.1713994512	-0.0152488461	-0.0808032856	0.092030966	-0.0350819045	0.1090093925	0.020060673	0.0356462258	-0.0079043201	-0.0649516682	0.0750579519	0.0541841687	0.0940356228	-0.0306254382	0.0411472422	-0.0108976179	0.0668967641	-0.0616160115	0.0226550673	0.0105465444	0.1074565634	0.1068503289	0.1889359001	-0.0512034763	-0.1439990206	0.1489478319	0.0851211787	-0.016850859	-0.1073422654	-0.124700488	0.0082113157522343	-0.0065921536394029	6.742570638289114e-05	4.3456489605492906e-05	0.0050972177732973	0.0184053683249486	0.000338757583177	2.598162902841788e-05	0.0393912244662217	-6.529714058699926e-05	4.263716568838346e-09	0.0015516685649482	0.0002604541363398	-5.035684476999949e-07	2.5358118151898253e-13	6.783635713651112e-08	0.0005340220750846	3.599993643829994e-05	1.295995423561636e-09	2.8517957667766216e-07	0.0001699305462658	-4.176587899991759e-09	2.8876390554193198e-08	1.744388648635757e-17
825.6634614460927	-0.6802628849487746	0.4627575926388297	681720.1515671434	1144.0381376478408	0.686157063541259	0.4708115158475634	1308823.26039274	783.2626709749707	-0.6395250278579852	613500.4117428452	0.4089922612567567	808.6961990028524	658.2933285642823	0.926714	17.927065	0.0555189753641514	0.0293692767909766	0.0727543674	0.1403729334	-0.058091847	-0.0973140073	-0.0452575036	0.0912361615	0.1228756983	-0.076608314	-0.0311354075	0.0387595615	0.1432496848	-0.1252431346	0.0253807115	0.0089071318	-0.012014236	-0.0581462316	-0.021482495	0.0613823398	-0.0626845345	0.0529889891	0.0663205945	0.0017343852	0.1077957131	-0.0120101152	-0.0616435168	0.090444939	-0.1155247687	-0.0183237753	-0.0565160674	-0.0946473946	-0.1263560844	0.0540452843	0.130800613	-0.0187774928	0.0589902484	0.1348365854	0.0512322131	-0.0189373833	0.0108452577	0.1757103008	-0.0540529561	-0.0177388041	0.1150036404	0.0228579481	0.2555631165	0.1111918375	-0.0354683437	0.1157733587	0.0357344681	0.0388214677	0.1444104207	0.1282709021	-0.1047774838	0.0602634041	-0.1111982459	-0.0072078678	-0.0860387115	0.0098459063	0.1280901653	-0.0477182973	-0.1372713495	0.1276711262	0.0469946048	-0.0782941204	-0.0314207062	-0.0231957016	-0.0347857708	-0.0437237339	0.149379826	-0.0941925939	0.1156683932	0.0034227016	0.0385474828	-0.066746794	-0.0293399206	0.1665762595	-0.0479677071	0.043751002	-0.0477975122	-0.0239033699	0.000441076	0.2845247647	0.0588624653	-0.1489683659	-0.0552723938	0.0176103831	-0.1384466394	-0.0642644228	0.0448382284	0.1443900181	-0.0494734167	-0.0560970885	0.0002870139	-0.0904123484	0.0906807453	0.1723249753	-0.069976004	0.0154575013	0.1645480397	0.0302979828	0.1147930802	-0.0714902559	0.0134142794	-0.0029855107	0.0193093403	0.0065711905	-0.0469639632	-0.0002186348	-0.1666473832	0.0477924496	-0.0709904003	-0.1652814813	-0.0186193815	0.0128980129	0.0180175663	0.0023805591	0.0771654125	-0.0046333166	-0.0368053948	0.0316423718	-0.0040261887	-0.0998422687	-0.0940659165	-0.0219453302	0.0224704058	-0.1316103685	-0.0903957981	-0.0048804076	-0.0141606995	-0.1056166029	0.0825512202	-0.0235265052	-0.1126387502	-0.1205247148	0.0090995417290571	0.0008882259768228	8.280165967885148e-05	7.889453859028188e-07	0.0249347722319015	0.0198375544586042	0.000393528566898	0.0006217428662568	0.0491549714703154	0.0097637470040937	9.533075555994872e-05	0.0024162112202475	-5.202941239521476e-05	-0.000312483548735	9.764596823002833e-08	2.707059754191327e-09	0.0003459951983721	-0.0001880268767125	3.535410636625768e-08	1.197126772965488e-07	0.0001700090793109	7.853304509998428e-08	2.890308704813988e-08	6.167439172676165e-15
825.9677082945067	0.3042468484139817	0.0925661447698403	682222.6551452792	1143.7415978521362	-0.2965397957045752	0.0879358504365112	1308144.8426573577	783.2356631096627	-0.0270078653079508	613458.1039668331	0.0007294247884924	808.7620301213938	656.4683866233922	0.970609	18.776203	0.0399722639217982	0.0217259746321752	0.0308464461	0.0198513661	-0.1529794153	-0.1596509697	-0.0601674852	-0.0670705907	0.0852227291	0.1140624821	-0.0423700612	0.0354225823	0.0542724021	-0.0022087777	0.127100392	0.0049164776	0.0047322953	0.0521824646	0.1020097711	-0.0194505877	0.0404232728	0.1231669113	-0.1254847162	0.0853628507	0.0435946386	0.1871085373	0.0110802023	0.0381516257	0.1170722569	0.0203888642	-0.0023209739	-0.2093762041	-0.0773489814	0.0191271594	0.0597551329	-0.0275294843	0.0542854905	-0.056677195	0.1380911526	0.0465140878	-0.0216875507	0.1030704758	-0.0437346966	-0.0607907872	0.1006592994	0.0209340816	-0.0518657853	-0.1031923384	-0.1233542063	0.0609777304	-0.0057819611	-0.1209785646	-0.0237295206	-0.0701119687	0.0574347273	-0.0303241826	0.0736430792	-0.004681849	-0.1394800659	0.1352467963	0.0778575586	-0.0381408249	-0.1159077797	-0.0133793549	-0.1417940136	0.1304861665	-0.016374306	-0.0310887387	-0.0608520931	0.1497152917	0.049590537	-0.165278288	0.0750165853	-0.0614142594	0.0123266195	0.0641825372	0.1121117682	0.0942421148	0.0948393897	-0.0478641805	-0.1259340443	-0.0506900354	-0.1009667339	-0.0266917629	0.0439905365	0.0972719616	-0.0288583682	-0.0174724447	-0.1568615539	-0.1488826265	0.0024773152	-0.0129777851	0.0418944738	0.0469496372	-0.0317372694	-0.1290773027	0.0053670685	-0.031040014	0.0887770495	0.0344794367	0.0622802123	0.163123881	-0.0122850417	0.1201340355	0.0099412176	-0.0558405342	0.0418047341	0.088028887	0.1423823238	0.0466795728	-0.0643375831	0.0034233128	-0.0584305022	-0.1840898096	-0.0578508646	-0.0057833766	-0.0079240525	-0.119805307	-0.0301633305	0.0616433991	0.0920490568	0.069571306	0.0605086118	0.0016509466	0.0457733036	-0.0855058393	-0.0660467144	-0.0847237958	-0.0407325509	-0.0131547887	-0.0239646111	0.1820964066	0.0799246852	-0.0301376669	-0.1172407796	-0.1150284477	0.0139284372902181	0.0048288955611609	0.0001940013653475	2.33182323406004e-05	0.0051300387710426	-0.0198047334608588	0.0003922274674556	2.6317297792400272e-05	0.0508952345770836	0.0017402631067681	3.028515680778498e-06	0.0025903249026563	7.194903736068797e-05	0.0001239784497559	1.5370656003876895e-08	5.176663977129674e-09	0.0004230086711511	7.7013472779e-05	5.9310749894817726e-09	1.7893633586901947e-07	0.0002409845926362	7.097551332530002e-05	5.807357388803527e-08	5.037523491789841e-09
826.8860748730327	0.9183665785260472	0.8433971725536387	683740.5808189306	1143.937392992851	0.1957951407148357	0.0383357371275423	1308592.7590872806	784.1491226244123	0.9134595147495476	614889.8465126356	0.8344082850864787	808.8358709948435	661.0037245131631	0.999314	19.33148	0.0625958619361029	0.0420612663969512	0.002013148	0.1382988286	-0.0090038592	0.0029097904	-0.0107154685	-0.1348608164	-0.0244888028	0.0462943959	-0.1118994375	-0.0328038067	0.1258046772	-0.0306138147	-0.0375069511	0.0287567026	0.0157133028	0.0377182554	0.1022474988	0.0025970412	0.0878324118	-0.0197250126	0.0216117395	0.1284826444	-0.054608386	-0.0511785754	0.0736617578	-0.1106778104	0.0264484385	-0.0186073774	0.0827698527	-0.0807929487	-0.0563709028	-0.088096413	-0.2159986724	-0.0558177305	-0.1152017432	-0.1020880923	-0.1396392266	-0.0245851725	0.1949069849	-0.0116027779	-0.0994068821	0.1740101964	0.0857017961	0.1136980777	0.0308489098	-0.0946643455	0.1040968198	0.0327459761	0.0808352927	-0.0701493988	-0.0662707017	-0.0385860484	-0.0231882003	0.0346114936	-0.1961273269	0.1745395243	-0.0191497513	-0.0244310842	0.0208492866	-0.0819086758	-0.0028820083	-0.0843385684	-0.0133984878	-0.0109615439	-0.1370222304	0.0005746764	-0.0465092277	0.0018444491	-0.1253673643	0.0512710774	0.0812399481	0.0286318106	0.1752707909	0.0494965331	0.1368227942	0.0527769195	0.0106057686	0.1421063409	0.1299437014	-0.0338218608	-0.0475955818	-0.038770556	-0.168587841	-0.0769107011	-0.1832653305	0.1474299323	0.1036330268	-4.47847e-05	-0.0658857014	-0.0289877811	0.0412025666	-0.0302818082	-0.0588598298	-0.080677325	0.1741551204	0.0538332878	0.0898303337	0.1181911282	-0.1298982694	0.0916940205	0.0256284419	0.0090350285	-0.1335462335	-0.0100310064	0.0325840807	-0.0733469028	-0.0696063884	0.142929076	0.0159194106	-0.0508594299	-0.0147670696	-0.1212304504	-0.0869484538	0.0135172529	-0.081805976	-0.0117252874	-0.0648419482	0.0668945178	0.0035415778	-0.065966824	-0.084058011	-0.0332606936	-0.0722509494	0.0239774019	0.0486148806	-0.0846698004	-0.0139684281	-0.0524364352	-0.1085747054	0.1668283932	0.0772433738	-0.0366662233	-0.1211199807	-0.1082719048	0.0157376633433727	0.0018092260531546	0.0002476740475093	3.2732989114133754e-06	-0.0344052732153841	-0.0395353119864267	0.001563040893864	0.0011837228250252	0.0394428997724176	-0.011452334804666	0.0001311559724781	0.0015557423424569	0.0002339432575587	0.000161994220198	2.624212737756201e-08	5.472944775717625e-08	0.0004400301824474	1.7021511296300043e-05	2.8973184681006995e-10	1.9362656146469213e-07	0.000257948642979	1.696405034279998e-05	6.65375024147076e-08	2.8777900403305205e-10
826.9842313115876	0.0981564385548381	0.0096346864297697	683902.9188380174	1147.2047146854238	3.26732169257275	10.67539104275646	1316078.6573964646	784.0998650338582	-0.0492575905540206	614812.5983461147	0.0024263102271875	809.0470244900844	665.5416578579192	0.91048	17.613022	0.0746226170233165	0.059806082539202	-0.0013770157	0.1245983092	0.0379285692	0.007211966	0.0455041713	0.0298179533	0.0157681377	-0.1173771534	-0.0283477528	-0.079042966	0.1131130927	-0.0275821889	0.0735853563	0.1038651422	0.0695325562	0.0224693759	0.0916243621	0.0699487365	0.0602725155	0.0802095047	0.0740150233	-0.0223189997	0.0452885113	-0.0421346667	0.0101958241	-0.092257754	-0.1077592674	-0.1385707445	-0.0406917573	-0.0732469448	0.0867168925	0.0621853503	0.0300480692	0.2272930126	-0.0013153386	0.077462824	0.0094919315	0.0675590071	0.0795107791	0.0232201032	0.1146595124	0.0623534851	0.1790883741	0.0531732536	0.1093419367	0.0605143076	0.1033376413	-0.0416757462	0.0750775194	-0.0388721877	-0.0253739251	0.0753580425	-0.093978741	0.141625025	-0.0317708665	0.0991243195	0.1943365864	0.0172179855	0.0793496601	0.1031419762	0.0083931276	-0.0120028116	0.0048250801	-0.0903689731	-0.0315426725	0.0228816193	0.0283762282	-0.0511742227	0.0547661399	-0.007129406	0.1732936841	-0.0083917975	0.1488401772	-0.0149022667	-0.152695088	-0.0805629301	-0.0837134844	0.0642362926	-0.0662688597	-0.1498795572	0.0472457553	0.1661489749	-0.1244344449	-0.0311915468	-0.0279568489	0.1399779598	-0.001200508	0.0524998254	0.0407885812	-0.0403725386	-0.0023589088	0.0389214875	0.0670161465	0.1308906416	0.1011864304	0.0152422718	0.0358298888	-0.0684585229	0.0233537509	-0.031444501	0.1769295754	-0.0191420833	0.0032135845	-0.0091218976	-0.0233411598	0.0500778467	-0.1230003263	0.0103988486	-0.0874546126	-0.0714324413	0.0160107893	-0.1511169557	0.0054653662	-0.0224019849	-0.1500853315	-0.0438254339	-0.0071936806	0.0892648349	0.0706602409	0.0491564637	-0.006110659	-0.0161595486	0.0436941055	-0.0870638538	0.070751689	-0.0498898434	0.0721644057	0.0396650279	-0.0977057729	0.0286930592	0.0745091236	-0.0430942802	-0.1242524367	-0.1003291122	0.0106097346800311	-0.0051279286633416	0.0001125664699806	2.6295652376320376e-05	0.0248822746931551	0.0592875479085392	0.0035150133370073	0.0006191275939056	0.0394986905493084	5.5790776890801697e-05	3.1126107860792124e-09	0.00156014655511	0.0002789566789494	4.501342139069997e-05	2.026208105296726e-09	7.78168287304786e-08	0.000510023688768	6.999350632059994e-05	4.899090927051864e-09	2.601241631045177e-07	0.0001699285771994	-8.802006577959999e-05	2.8875721349012445e-08	7.747531979845111e-09
826.7866620502615	-0.1975692613260662	0.0390336130209274	683576.1845442133	1146.6637821034487	-0.5409325819750848	0.2926080582422318	1314837.8291877853	783.6759218604587	-0.4239431733994934	614147.9505038399	0.1797278142720329	808.7590091741952	664.2083628317175	0.878733	16.998884	0.0382773953064236	0.0178569567144354	-0.0267658141	0.0925930022	-0.0180542876	-0.0720128049	0.0396966773	0.1208428087	0.0108421698	-0.150140084	-0.0336226372	-0.0449636753	0.0952898438	-0.0933993665	0.1531785607	0.1414759876	0.0459595797	0.0070270801	0.1265445239	0.1199542223	0.0326028472	0.1140860291	0.0463086137	0.0614002222	0.1009959092	-0.0543270465	-0.1247183977	-0.0509212049	-0.1540081947	-0.1248203067	0.0403281479	-0.153324861	-0.0218326902	0.1022704009	-0.1063127643	0.071506957	-0.0232128917	0.0542100481	-0.118101596	-0.133786459	0.0320895779	-0.0621166493	0.0300464106	0.1643181148	0.1343335546	-0.0471402793	-0.1475021267	0.0112476844	-0.1295912555	0.0395241952	-0.0870454379	-0.0275824727	-0.0028168382	-0.1050408661	0.1025091015	0.1008870271	0.0934622612	-0.1079581987	0.0918285085	-0.11920231	-0.1979353122	-0.0525168524	-0.0391433585	-0.0020450787	-0.1404474697	-0.0811134335	-0.036497908	-0.0685216062	0.0383725171	0.0038361727	0.1582533304	0.038209144	0.1317181716	0.0445075607	0.2156786356	0.0731905992	0.0215411855	0.0010894639	0.0654646014	0.1281026534	0.0752721071	-0.0297580366	-0.0701977241	-0.0866179466	-0.0281749429	0.0359031937	0.0440836729	-0.1801915523	0.0011811061	0.0204800997	-0.1504351476	-0.0117003524	-0.0081865456	-0.0393202761	0.092756441	0.0847896911	0.0346637602	-0.2701283649	-0.0148545246	0.0657656431	0.0769064631	-0.0281643117	0.0048169805	-0.0263246714	0.0491013348	-0.1217369269	-0.1283628173	-0.0702269408	-0.0360725047	-0.0389912472	-0.1502035645	-0.04835539	0.0162273865	-0.1768124308	0.0404634496	0.0501323237	-0.0648594492	-0.0497330197	-0.0048314189	0.1033123834	0.0429716398	0.1017017086	-0.0763085577	-0.0140159801	0.1551390958	0.0727238233	0.0962686165	-0.1560281155	-0.1186167639	-0.0013441672	-0.0840356543	-0.0468848213	0.0717238087	-0.0494042187	-0.1266188352	-0.0912870929	0.0156523147023222	0.0050425800222911	0.0002449949555405	2.542761328120932e-05	0.0138923493368139	-0.0109899253563411	0.0001207784593379	0.000192997370096	0.0430401579994992	0.0035414674501908	1.2541991700760932e-05	0.0018524552006218	9.795198777568848e-05	-0.0001810046911737	3.2762698226890676e-08	9.594591909208626e-09	0.0003920118144933	-0.0001180118742746	1.3926802469827589e-08	1.5367326270232946e-07	0.000244980461303	7.505188410359998e-05	6.001542642023067e-08	5.632785307500203e-09
827.2401997341565	0.4535376838949787	0.2056964307128216	684326.3480562071	1150.9845533778523	4.320771274403569	18.66906440571104	1324765.4421144142	784.4413542648841	0.7654324044253826	615348.2382809254	0.5858867657444226	809.6421871734744	665.4626313323587	0.985952	19.073	0.0343251188507546	0.0190643970256378	-0.0868124103	-0.0254562233	-0.0710494932	-0.1070880685	-0.0612979254	-0.0362365777	-0.0978477188	0.0486669816	0.0835938843	0.0015917856	0.1285870883	-0.155428127	0.1778016836	0.0041635093	0.0322739973	0.0765040347	-0.0289171301	-0.0638648847	0.0165216763	0.0439656779	-0.1936667041	0.0160869562	0.0030023687	0.0405825788	-0.0574730135	-0.0825586775	-0.0653418724	-0.0596490474	0.1525964707	0.1321851078	-0.0520312749	-0.121196409	-0.0073193102	0.1223377488	0.0754292192	-0.1888316208	-0.086293884	-0.0018843547	-0.0911403937	0.1080342914	0.0422361148	-0.0056245206	-0.0079724394	-0.06132977	-0.019846649	0.0156581913	-0.0526314539	0.0232633071	0.0058289568	0.069776899	0.1567651413	-0.0217133406	0.0510213823	0.1042407901	-0.1691892295	-0.0153306768	0.1797466804	0.2031348486	-0.0156482501	0.0721466777	0.0468980541	0.0734145223	-0.0114567975	0.1681807521	0.0376633963	-0.0291277504	-0.0420632467	-0.0216589501	0.0834453753	-0.0251504559	0.1249032773	0.1244315821	-0.0857304574	-0.0413436695	-0.0925504324	0.0305674426	0.1135736596	0.0208772396	0.1748306483	0.0706897388	0.1905836002	-0.1505300229	-0.1741726565	-0.0006369416	0.0019115183	0.0065319781	-0.0313411542	0.0775939751	0.0694915506	0.0876311349	0.0659383658	-0.0566783842	0.1849940847	0.1273907162	0.0669071402	0.1210671407	0.0493326927	-0.072922609	-0.0446180383	-0.1095910711	-0.0144724334	-0.0111833526	0.0957574226	-0.0328921449	0.0314403484	0.0801835799	0.1389243086	0.0077583239	-0.0580752104	-0.0762656285	-0.0295527395	-0.0866059697	-0.0189782911	0.1857724077	-0.0226369522	-0.1928743402	-0.0001565414	-0.1274806582	-0.081522505	0.05102949	0.0152357116	0.1133652195	0.1506575701	0.1728101374	0.0285961224	-0.0645350988	-0.0379191209	0.0726023344	0.1765719619	0.0347797977	0.0688893378	-0.0555787436	-0.1282045865	-0.0812449131	0.0120937766823345	-0.0035585380199877	0.0001462594344421	1.2663192839697983e-05	0.0219706524345326	0.0080783030977187	6.525898093861157e-05	0.000482709568399	0.0395066471472915	-0.0035335108522077	1.2485698942669614e-05	0.0015607751688205	0.0003959653495944	0.0002980133618187	8.881196382249027e-08	1.567885580794154e-07	0.0004020338920334	1.0022077540099983e-05	1.0044203821977656e-10	1.616312503435235e-07	0.000169920563045	-7.505989825799998e-05	2.8872997745529815e-08	5.633988326501308e-09
826.8583761634362	-0.3818235707202575	0.1457892391575675	683694.7742316346	1151.8288935147798	0.8443401369274852	0.7129102668267245	1326709.799935482	784.1224367339036	-0.3189175309805705	614847.9957895146	0.1017083915667431	809.64303523283	666.2914839882887	0.952999	18.435532	0.0811402155123115	0.0455589478873491	-0.0436104778	-0.0263795731	0.1069153267	-0.0422247668	-0.0897851406	-0.0801287356	-0.090568265	0.0087892203	0.1490121679	0.0667563228	0.0681169451	0.0698419758	-0.0437982919	-0.0235593685	0.0325894652	0.2109014056	0.0201420237	-0.0309387338	0.1542884387	-0.0822477806	-0.0402526411	-0.0764328984	0.0424257466	-0.0206758251	0.1543192192	0.1971224089	0.0397198126	-0.043518831	0.0159293536	0.0794708775	0.0137689294	-0.1262684576	0.0734493454	0.0235638824	0.0885355511	0.0039113806	-0.1084604509	0.1103224469	-0.067325672	0.0368976406	0.044784699	0.0793776815	-0.0600492959	0.0703680847	-0.1151241746	-0.105235431	0.0175333516	-0.0382714766	-0.0882331063	-0.0203201348	-0.0107925052	-0.0057028732	-0.0237218612	-0.0285178711	-0.1328975906	0.0706760636	-0.1257411422	-0.1679434837	-0.0399556244	0.1422646146	0.2124780217	0.0635860419	0.0950212542	0.058768791	0.0627329802	0.0156027986	-0.1289845876	-0.1414311494	-0.0937570664	-0.1351461355	-0.04507259	0.0118273122	-0.1263133617	-0.0424714245	-0.0749455877	-0.0828505061	-0.025596443	0.026601216	-0.011151669	-0.0208220043	-0.0412542844	-0.0633162799	0.0588335463	-0.0736610994	0.0634211105	0.0143363476	-0.0219609082	-0.0081528305	-0.0969438099	0.0271643484	-0.0702314772	-0.0366649581	-0.0393068968	0.0608518784	-0.054059993	-0.0112471605	0.072730043	0.16379024	-0.1840925473	-0.0387649992	-0.0323865493	-0.1163163257	-0.1460709556	0.0214873432	0.0885232213	0.0179323239	0.0154956679	0.0526104949	0.0966088143	-0.1458681449	-0.0220206242	0.0516417741	0.0578028178	-0.0436289201	0.0885558239	-0.1146989342	-0.0067997225	0.1005458619	0.0297638279	0.0053673119	-0.0823675996	-0.0152593078	-0.0749198266	0.0236780395	-0.0507478554	0.162087384	0.001796288	0.0368469966	0.1440658004	0.2369239788	0.0660076536	-0.0616009311	-0.1289999139	-0.0703125971	0.0210316555322833	0.0089378788499488	0.0004423305344286	7.98856783363621e-05	-0.019664197486179	-0.0416348499207116	0.0017334607279201	0.0003866806627754	0.0394087718259754	-9.7875321316096e-05	9.579578522729036e-09	0.0015530512968317	0.0005953876700712	0.0001994223204767	3.9769261904351525e-08	3.544864776728121e-07	0.0006181081849934	0.0002160742929599	4.6688100078163896e-08	3.8205772835583524e-07	0.0003638161780149	0.0001938956149699	1.3236221138536942e-07	3.7595509504555716e-08
826.1899026061901	-0.6684735572461022	0.4468568967372579	682589.755168426	1147.3063018342368	-4.522591680542973	20.45383550891652	1316311.7502285528	783.307197499051	-0.8152392348525836	613570.1656538172	0.664615010043026	808.9529919617787	662.1290992901829	0.954591	18.466337	0.0545573561735557	0.0270130470066598	0.0891968471	-0.0959224933	0.10257043	0.016501872	-0.0681666113	0.0051180418	0.0509122922	0.0258336574	0.0935139138	-0.0428610276	-0.117393696	0.0398128158	-0.0533760571	-0.0061818745	0.0782307912	-0.1139420633	-0.0537822184	0.0519256301	0.0937493169	0.1249484308	0.0303627835	-0.137482067	0.1289765162	0.0695677858	0.0349679562	-0.1656212206	-0.0137065013	-0.0940113228	-0.0913013774	-0.054515667	-0.0786314829	-0.0210791198	0.0208222967	-0.0542307838	-0.0255264746	0.0780527983	0.105547674	-0.0727989408	0.0239484496	-0.2171076407	0.0372987088	0.104861716	-0.1914414249	-0.0356044534	0.0508599668	-0.2029788384	0.1323182045	-0.1051537888	0.0201989459	-0.0120748792	0.0779714882	-0.0643529263	-0.0014990457	-0.0175279095	0.1634992313	-0.0645882111	-0.0269890587	-0.0497726424	0.1404874667	0.0864750865	-0.1278240048	-0.0400740786	-0.124011978	-0.0287781958	0.1588359767	-0.0772130271	0.0104896031	-0.0068347042	0.0089020827	0.0575962028	0.0843669358	-0.12841915	0.0311456403	-0.0583239846	0.0919612795	-0.0780238307	-0.0881861697	-0.0036310627	-0.0960570238	0.1203579535	0.0471878411	0.0390458396	-0.1169023436	0.0565624771	-0.0020858769	0.0163346984	0.1378926356	0.0104772147	-0.0812331284	0.0772490488	-0.1062076626	0.1410449321	-0.262846689	-0.1206206666	-0.075876017	-0.1452042509	0.0532418609	-0.1004378781	0.045148935	0.0811600373	-0.0720154352	-0.1145348144	0.0451664726	-0.0743379455	-0.131674027	0.1278207015	-0.0480683192	-0.0699983744	0.1189694771	-0.0679658916	0.0536177914	-0.1487185307	0.025540365	-0.0161317842	0.122584769	0.0862812823	-0.0622591257	0.0394732771	0.0954622069	-0.0169572157	-0.007724932	0.0065869474	0.0170805864	0.1141879941	-0.0652625709	-0.0195177133	0.0085277174	0.102353916	-0.1120767956	0.087725967	0.063080731	-0.0674542747	-0.1289999139	-0.0586099215	0.0042323697106638	-0.0167992858216195	1.791295336774438e-05	0.0002822160041164	-0.02300187232089	-0.003337674834711	1.1140073302263104e-05	0.0005290861302665	0.0504131192682706	0.0110043474422951	0.0001210956626307	0.0025414825943568	0.0003889414575815	-0.0002064462124896	4.262003865134236e-08	1.5127545742562177e-07	0.0006860331902032	6.792500520980008e-05	4.613806332751368e-09	4.706415380603801e-07	0.0001698664342158	-0.0001939497437991	2.885460547319071e-08	3.761650311973653e-08
825.7102199145696	-0.4796826916204963	0.2300954846402842	681797.3672713669	1143.9843684139414	-3.3219334202954087	11.035241648875552	1308700.2351754445	782.8620421980615	-0.4451553009894269	612872.9771145195	0.1981632419989872	808.4203550097166	661.74126182925	0.94264	18.235147	0.0745052339384042	0.0383716618999716	0.1656687256	-0.0337340216	0.0006165731	0.1158442716	0.0503240464	0.0958392541	0.1227521544	-0.0774884819	-0.0543520196	-0.1224283538	-0.0902557515	0.0412481906	-0.057714812	-0.0371292044	-0.0291934924	-0.0113204587	0.0070878897	0.0072573525	-0.0545460385	-0.0127364808	0.1621784233	0.0160863514	-0.04436352	0.1015048123	-0.2178744129	-0.0931907126	-0.0515307973	0.0523146339	0.0075056071	0.0109032298	-0.0199431779	0.0610809424	-0.063133183	0.0432940294	0.0234011858	0.0174762146	0.0402815719	0.0702281997	-0.1509624131	-0.1245118955	0.0528177274	0.0330279775	0.028535097	0.1682614663	-0.1947410007	0.0032369594	0.035416802	0.1065428432	0.0591584226	0.0527823957	0.0797448321	-0.1085660342	-0.0707304903	-0.0703450247	0.0979416488	0.0532831739	-0.0452389697	-0.014653499	0.1174471622	-0.0019710846	0.0976154164	-0.0591664729	0.2610148697	-0.1295599068	0.0639714552	0.1009868602	0.1436974434	0.1728750508	0.036494548	0.0046052536	0.0195596516	0.0366798417	-0.0014551458	-0.0022512787	-0.0309018806	0.0241169139	0.0314900123	0.1257624091	0.0420412206	-0.0983440574	-0.0189983063	-0.1844899037	0.049966105	-0.013209397	0.2360189255	-0.046539668	0.1121472719	0.0761991285	-0.0124462768	-0.1283441667	-0.1765800184	0.1136485932	-0.0703297774	0.0037484743	-0.036506309	0.0986062443	-0.0192942367	-0.0243295462	0.0696756834	0.0533979717	-0.0396726587	-0.0092195733	-0.0188267257	0.1637257022	0.2095501997	0.0218973713	-0.083486319	-0.114469216	0.0497010651	0.1092608478	0.091006843	-0.0574465591	0.0415377294	0.0790299503	0.0251461227	-0.0071798559	-0.0293111892	0.1272064613	0.0840704422	-0.070218676	0.0077303128	0.0882376283	0.1473571463	0.115004262	0.1318514479	0.1074321441	-0.0040029681	-0.0861463694	0.0346092189	-0.0824292042	0.0601105761	-0.0731227308	-0.1282045865	-0.0462651033	0.0146015063756124	0.0103691366649486	0.000213203988437	0.0001075189951763	0.0030553770711492	0.0260572493920392	0.0006789802458789	9.335329046904264e-06	0.073363019733847	0.0229499004655764	0.0005266979313798	0.0053821326644688	0.00023493311977	-0.0001540083378114	2.3718568115461096e-08	5.519357076486517e-08	0.0005940261885928	-9.200700161040003e-05	8.465288345336154e-09	3.528671127340888e-07	0.0002264300431107	5.65636088949e-05	5.127056442311347e-08	3.1994418512152107e-09
826.4849718977915	0.7747519832219041	0.6002406355062736	683077.4087728932	1141.8328931759563	-2.151475237985096	4.628845699663026	1303782.3559385748	783.9770081905735	1.1149659925119977	614619.9493714427	1.2431491644582642	808.8048775546017	660.3630326783081	1.074733	20.790455	0.0652971086357479	0.050927215263696	0.0540968225	-0.0591623084	-0.1829863761	-0.0177011713	-0.0289518581	0.0676288402	0.1022669099	0.1244472503	-0.1173924161	-0.0063841029	-0.0418547381	-0.032531989	0.0195949276	0.050232415	-0.0365348295	-0.0266191234	0.003602375	-0.2196481907	-0.1128929403	-0.1020653897	-0.112122594	0.0938737184	-0.0146820542	0.1092899805	-0.0090825491	-0.065572462	0.0666631364	0.0047883656	-0.1974083785	0.1011158563	0.1385313619	-0.0795511848	-0.0774502847	-0.0296623671	-0.0638695153	-0.107439435	0.1317827752	-0.0931122192	-0.0289474856	-0.0901373951	0.0388563257	-0.0315285902	0.1354038659	0.0193417471	-0.1545301559	0.122194296	-0.1099321834	-0.0917694723	-0.1045140801	0.053153583	-0.1882491197	0.1835750982	-0.123436391	-0.0871798168	-0.0186339156	0.0644389381	-0.0183978161	0.1364157383	0.047617002	0.014519951	0.0798456046	0.0079473917	-0.0623536429	0.1023914588	-0.0574854584	-0.0187695735	0.0503057245	0.1063142273	0.0889380453	0.0736832353	-0.1077846891	-0.0949593714	-0.0394388041	-0.1800927029	0.0197115462	-0.115798154	0.0414607678	-0.0550550437	0.0368528417	-0.041251604	0.0098814853	-0.1139859431	0.0876807738	0.1738047613	-0.076101672	0.1082974005	0.0195947406	-0.0418698073	-0.1209706178	-0.1591610495	0.1586718205	0.0002417886	0.0920853542	-0.0009262272	-0.0675582119	-0.0768268932	-0.0977958871	0.095594535	-0.0073545135	-0.0284649331	0.2543802421	0.0195432111	0.1332455195	0.0349402057	0.1232488708	0.1148753106	0.1455815039	-0.0342305177	-0.0518931268	0.196908064	0.0677464957	0.2101089802	-0.0012400247	0.0258469862	0.1338758906	-0.0861745937	0.0134855755	-0.0660650135	0.0029193846	0.0323073487	0.0836333128	-0.0490541461	0.0393842488	0.0620599706	0.0047025851	-0.0379886462	-0.0583848724	-0.0655369887	0.0899839882	0.0085646981	0.0570992244	-0.0785907625	-0.1266188352	-0.033413395	0.0159905699354254	0.0013890635598129	0.0002556983268597	1.9294975732003617e-06	0.0533366168752706	0.0502812398041214	0.0025282030762395	0.0028447946996994	0.0732887738550758	-7.424587877119526e-05	5.512450514507023e-09	0.0053712443731804	5.84140801154535e-05	-0.0001765190396545	3.1158971360563366e-08	3.4122047557346196e-09	0.0006510074264103	5.698123781749996e-05	3.246861463214488e-09	4.238106692413621e-07	0.0002639809534995	3.755091038879998e-05	6.968594381050518e-08	1.4100708710276863e-09
827.0973883565514	0.612416458759867	0.3750539189599759	684090.089826228	1147.115034543551	5.282141367594704	27.90101742725525	1315872.9024758523	784.8147393971028	0.8377312065292699	615934.1751749424	0.7017935743929863	810.0233353979794	660.7303682283591	1.068527	20.670404	0.1147693868103119	0.0915891409475709	0.0607068973	0.1348256225	-0.0340687287	0.0940349685	-0.016582926	-0.0890664494	0.0180293016	0.0211435526	-0.1206851388	-0.0088767229	-0.0298324207	0.1207456278	-0.1393984996	-0.0030206992	-0.1037264987	0.0322963572	-0.0803020919	-0.0984000091	0.0113810847	0.0426836776	0.0510749198	0.0678625145	-0.1014172834	-0.1432618077	0.0159288826	0.0909186249	0.1016793894	0.0612649475	0.0152204734	0.1185745784	0.0612587971	-0.1078574518	0.0358956999	-0.0858403237	0.0228674623	-0.1565236362	-0.0021810249	0.0534871734	-0.0667301581	-0.086095722	-0.0244021738	-0.0122965961	0.0163709359	-0.1366930992	-0.0299890732	-0.0181741025	0.1582421767	0.1010503263	0.0377148677	-0.0837283351	-0.1240087455	-0.0091815468	-0.1610337641	-0.0761766941	0.0272713707	-0.1046279355	-0.0321092581	-0.0469868234	-0.0147960664	0.1223311214	-0.0061641717	-0.134420912	-0.1426049634	-0.0320664844	-0.1321320074	0.1072273454	0.0112833725	-0.03522297	-0.0839179594	-0.0316523626	-0.1293453003	0.0125421926	-0.0729085936	-0.0139826588	-0.0530273446	0.036392759	0.0267657347	-0.1523677612	0.0786073969	0.1033244924	-0.0114455081	-0.1426640336	0.1118062655	-0.1280754575	-0.0095282538	0.0528910474	0.0221379869	-0.0336667263	0.0259767302	-0.0663686453	0.0283760269	0.0095629567	-0.2089842006	-0.1023664482	0.0024288855	-0.0515216321	0.1023487596	0.0087205932	-0.0048035535	-0.154597947	0.0698897519	-0.0161681313	-0.0028970348	-0.0544453476	-0.0422945359	-0.0680300235	-0.1086895089	0.1433005929	0.0247836498	0.0759606572	0.0501492678	0.1000877406	-0.1469419405	0.0497287355	0.0709120197	0.0993657404	0.008673946	-0.0912874117	0.0103004515	-0.0424924298	0.0008092094	-0.0001991062	-0.0037839739	-0.0305095972	-0.1540854272	-0.0874968815	0.0250336453	-0.0432400604	0.0721777566	0.0323886051	0.0540487397	-0.0838433825	-0.1242524367	-0.0201956026	0.0136282045981914	-0.0023623653372339	0.0001857279605701	5.580769986564708e-06	-0.0360222715568454	-0.089358888432116	0.0079850109418233	0.0012976040481151	0.0538160542558827	-0.0194727195991931	0.0003791868085887	0.0028961676956721	8.290883398832908e-05	2.4494753872875583e-05	5.999929672927534e-10	6.873874753304311e-09	0.0006960110628422	4.500363643190008e-05	2.0253272920946436e-09	4.844313995987289e-07	0.0002619710749689	-2.009878530599967e-06	6.862884412036104e-08	4.039611707766682e-12
828.023718047482	0.9263296909306292	0.8580866962996349	685623.277649176	1149.2149792532637	2.099944709712645	4.409767783850125	1320695.0685400793	784.943729469993	0.1289900728901329	616136.6584342615	0.0166384389042018	809.4958127845516	663.3547888117589	0.980752	18.972406	0.1806732611939342	0.1271104936690298	-0.0182557874	0.0803786515	-0.0949903218	0.0102116317	0.1282329054	0.0508625602	-0.0451206348	-0.0465563247	-0.106613104	-0.0670882507	-0.0153695584	-0.0547510712	-0.0449147365	-0.0402887284	-0.0343034529	0.0788041404	-0.1053808112	0.0342448646	0.055703739	-0.0301423666	0.035022366	0.0952129667	0.0904001642	-0.1570133142	-0.0298204259	0.0640292605	-0.1062310421	0.1718796523	-0.0252224682	-0.033472433	0.1177152124	0.020550008	0.059912865	-0.111534515	0.0055535828	-0.0666746845	0.0796291871	-0.0006597472	-0.0461051116	-0.2107174959	-0.250917138	-0.1743038645	-0.0182984376	0.0935957618	0.0290936938	-0.0480444613	-0.1653046116	0.0037795047	0.1252288078	-6.15473e-05	0.1995464335	0.0336441115	-0.0947007573	-0.1059844025	-0.0051507622	0.0436241718	-0.0602241752	0.0546806696	0.0865547391	-0.1350193696	0.0893152499	-0.08145855	0.0303732316	-0.044105192	-0.1439469554	0.0077309959	0.0506088952	-0.0664753717	-0.0202386227	-0.1092746449	-0.1629213491	0.0744965732	0.1881439995	-0.0002581377	-0.005600402	-0.0493103234	0.0807518793	-0.1768582697	0.0486688022	0.0628889862	-0.1161488288	-0.0441351095	0.0684272839	-0.0438488161	0.1033925447	0.0579493244	0.0991390235	-0.1774995353	-0.0480740287	0.0607816256	0.1197809946	0.1836916845	-0.0791896624	-0.0212656138	0.0688770513	0.221317383	-0.1629550366	-0.0184050596	0.155438823	-0.0447203222	-0.1651964811	-0.0363802124	-0.0024044399	0.0106865758	0.1794856657	-0.0409159774	0.0076688643	-0.0511529179	-0.1624424696	0.1364382966	0.0091230725	0.2318445498	-0.3141935659	0.0042066964	-0.0710126052	-0.0013077832	0.0738420541	-0.1712397957	-0.0858544467	-0.1473282357	-0.0689301639	-0.0773523862	-0.0027636992	0.1635758217	0.0477050542	-0.0434299439	-0.0322633095	0.0053525554	-0.1231701406	-0.0489984996	0.0509612127	-0.0888661936	-0.1211199807	-0.0067565429	0.0178956016977736	0.0042673970995821	0.0003202525601253	1.8210678005522568e-05	0.0852681568934912	0.1212904284503366	0.0147113680336662	0.007270658580013	0.0637952632560967	0.009979209000214	9.95846122699522e-05	0.0040698356139146	-0.0006851138461043	-0.0007680226800926	5.898588371366649e-07	4.693809821238265e-07	0.0008149049265473	0.000118893863705	1.4135750826726889e-08	6.640700393110604e-07	0.0002777790640472	1.580798907830001e-05	7.716120842293845e-08	2.4989251869965234e-10
827.8938371436575	-0.1298809038245281	0.0168690491782763	685408.2055804488	1147.1436516199356	-2.07132763332811	4.2903981645886295	1315938.55745192	783.9979044851465	-0.9458249848464676	614652.7142371009	0.8945849019598204	809.0492828048197	668.6080611085771	1.013593	19.607712	0.2105817955536546	0.1491889062054577	-0.0919272017	0.0361332265	-0.1544570405	0.0621293841	-0.0504459635	-0.0476732529	-0.0268880575	0.185826766	-0.0879838519	0.0216451133	0.0020084927	0.0417242898	-0.032736733	0.0151627297	-0.1214195291	-0.0977437794	-0.1118640012	0.1052149397	0.0532570147	0.0263833248	-0.0988971178	0.1291423378	-0.1249369571	0.0231454956	0.0503374813	-0.1151372825	0.0608536566	0.0402917825	-0.0174164963	-0.2041681941	-0.0308969962	0.0440826974	-0.0670410921	-0.0669063707	0.0390047636	-0.0179683856	-0.0469544273	-0.0508674391	-0.0705386153	-0.0383034009	0.0553849122	-0.052468421	0.0581815187	0.0171325518	0.0651812823	-0.030493735	-0.0102533606	-0.109813872	-0.009395931	-0.0666111904	0.0737001115	-0.0456496805	-0.147220333	0.0624633649	-0.0226585027	0.0437598827	-0.1326755174	0.0349264478	-0.0339827293	0.0772510202	-0.135905366	0.2232919024	-0.0188809175	0.132311863	-0.1197074187	0.0776921484	-0.0161165877	0.0567908724	-0.0513060634	0.0518960067	0.0842451688	-0.090177852	0.1113579202	0.0653197947	0.1966657871	-0.0022551826	0.024280475	0.0049771557	0.0147164389	0.0829939659	0.018587857	-0.0019027074	0.0502071504	-0.0473918296	-0.0045150277	0.0249814233	-0.0403509107	0.0187479516	-3.10698e-05	0.0002148474	-0.0782777587	0.0494502515	0.0093013361	0.1035105255	-0.0635045493	0.0875813956	-0.0935942321	-0.0038169023	-0.0133256679	0.0216623426	0.1505255838	-0.0613436316	0.0305986798	0.0555110901	-0.0460075594	0.0353947481	0.1059588533	0.2060182822	0.0177159592	0.0481966406	0.0334415234	-0.0472561723	-0.0340291964	0.0411469952	0.0351532142	0.1494118481	-0.0338079319	-0.0431202184	0.0393803309	-0.1137263376	0.0629728858	-0.0249023885	-0.0367096863	-0.0098262444	0.0566159306	0.0543883608	0.0679686492	0.1142261976	0.1173925219	-0.0860976304	0.0478387595	-0.0936454286	-0.1172407796	0.0067565429	0.0079891027625507	-0.0099064989352229	6.382576295059522e-05	9.813872115357246e-05	-0.0598634232762265	-0.1451315801697177	0.0210631755625591	0.0035836294463486	0.0734923336864739	0.0096970704303771	9.403317493169574e-05	0.005401123110684	3.992362056263556e-05	0.0007250374666669	5.256793280708077e-07	1.5938954788292964e-09	0.0008990032934919	8.409836694460004e-05	7.072535322748596e-09	8.082069217092834e-07	0.000169981977292	-0.0001077970867552	2.8893872604098e-08	1.1620211912908121e-08
827.4098818849914	-0.4839552586661284	0.2342126923905992	684607.1126409353	1148.1029292701655	0.9592776502299784	0.9202136102307488	1318140.3361987348	784.6202912046618	0.6223867195153616	615629.0013700883	0.3873652286290934	809.1134208187318	663.5742299853997	1.011822	19.573462	0.027560782956058	0.0241695917091791	-0.0120921491	0.1549706238	-0.0175530111	0.1129308589	0.0185496034	0.0092617532	-0.0434753981	-0.070730278	-0.0548456146	0.0168083928	0.0138697519	0.0258547725	-0.0837939262	-0.0292111727	-0.1379402387	-0.0842340911	0.0902436234	0.0299801013	-0.0963972355	0.1088636322	0.1185978949	0.0405198899	-0.0494835633	-0.1016199243	0.0705664426	-0.1374067405	0.0885434134	-0.1513814586	0.076410353	0.0066631314	0.1256358343	-0.0759731377	-0.030149651	-0.0908748518	0.1189673909	0.0648733147	0.0077071672	0.0692378001	0.0140105815	-0.0752238274	0.1585859721	-0.0644521786	0.0465397221	-0.0866838338	0.0541761438	0.0452862903	0.0933976904	0.0952524688	0.0191973644	0.0633079537	0.0738844254	-0.0327279898	0.0622231444	0.1899981642	-0.1760798848	0.0073517884	-0.1214405398	-0.0891729906	-0.1126599713	-0.026691135	0.2139166611	-0.0229888239	0.0365012722	-0.1003264585	-0.1251665757	0.0711018671	-0.0551823127	-0.0179508541	-0.0377550929	0.1485306863	0.1873064283	0.0343483061	-0.0041321722	0.0645077492	-0.0356046778	-0.1084921883	-0.0136288698	-0.0345915415	-0.0133950925	0.1322042206	0.0372745625	0.0434797891	0.0203649331	-0.2173808482	-0.0767325296	0.0361463933	0.187943219	0.0846831472	-0.0287779597	-0.0980892269	-0.0086117518	-0.1879258294	0.0591098645	0.0796252858	0.0424058835	-0.0156821583	0.0135974424	0.0851815548	0.0117219301	0.0430087048	-0.0938779405	0.163400347	-0.1279212324	-0.0278882234	-0.0963136202	0.1257383442	-0.1211292436	0.1353346454	-0.0451910881	0.0239410426	0.0573987172	-0.0008194144	-0.0754121665	-0.0074653649	0.040440747	0.1405266633	-0.0757805259	-0.0162399126	0.0214986807	-0.0191529496	-0.0242869317	-0.0339552645	-0.1648541055	-0.0359897901	0.0525555367	-0.0238815762	-0.0353002128	0.0915624774	-0.0203327489	-0.1482698156	0.0446835199	-0.098167988	-0.1126387502	0.0201956026	0.00700162398455	-0.0009874787780006	4.9022738421025815e-05	9.751143370017546e-07	-0.0358091752868716	0.0240542479893548	0.0005786068463333	0.0012822970347258	0.0736110029041796	0.0001186692177057	1.4082383230883412e-08	0.0054185797485591	5.59263058814712e-05	1.6002685318835643e-05	2.5608593741367785e-10	3.1277516895478804e-09	0.0008670045651257	-3.199872836620002e-05	1.023918617053854e-09	7.516969159488042e-07	0.0001699756515571	-6.325734900003649e-09	2.8891722122260672e-08	4.001492202512418e-17
826.3907297205245	-1.0191521644668455	1.0386711343374562	682921.638168021	1149.4763826549563	1.3734533847907642	1.886374200193207	1321295.9542815236	784.2201861629666	-0.4001050416952694	615001.300385478	0.1600840443899732	809.4781026539325	666.9245936415577	0.898099	17.373503	0.0390426062228421	0.0313835964650989	-0.0203082805	0.1474543329	0.0008681658	0.0681252909	0.0098627515	0.0846873255	0.0003811818	-0.0684349611	0.066182181	-0.0375316786	0.1137396567	0.0489036149	0.0362688121	-0.0499186664	-0.0849905738	-0.1299603646	-0.0114575953	0.0601703714	-0.0612687852	-0.081069606	0.0974518662	0.0925760662	-0.0639669041	-0.0223020854	-0.0918303583	0.0784326184	-0.0756918657	-0.2167609594	0.0282015246	0.0509449962	0.0076297086	0.0287898428	0.0142954549	0.0010508367	-0.0856535378	0.2170997136	0.0928751728	-0.1622312362	0.0569329914	0.1011032903	-0.095883487	0.0396537052	-0.0749305479	-0.0730367964	-0.0140475233	-0.0766889759	0.0554186809	0.0258174586	-0.0038219143	-0.0002764308	0.0204905251	-0.0863675817	-0.0625654317	0.1210558952	0.0871411026	-0.0472358293	0.0423369348	0.2763415015	-0.0688875567	0.0758682509	0.0390359913	-0.0178679949	-0.0208251001	-0.1058135982	-0.0497433859	0.1063988016	-0.0457868139	-0.0102118929	0.1106245649	0.0111041497	0.0100864403	0.0501456132	-0.0141176574	0.0809171453	0.008201452	0.0056452443	-0.1044076481	0.0736681683	-0.0449492989	-0.0737892225	-0.0042141566	0.0912529319	-0.0376523113	0.1603431255	-0.1489326835	-0.174077606	0.216996684	0.0209748594	0.1046995335	0.1406527817	-0.0161959071	0.0661863945	-0.129419422	0.0727305149	0.0579823878	0.0701198068	0.0265750234	-0.0559742041	-0.006315462	-0.0467315836	0.0143625515	0.1124443983	0.1556487266	-0.0578471094	0.0565296498	-0.1135295434	-0.130200294	0.0585902197	-0.148816356	-0.043933665	0.0699584736	-0.1184766063	-0.0182474671	0.0232738073	-0.0382892316	-0.0237713787	-0.0419120236	0.0558483316	0.1013912727	-0.0052479647	-0.0439434765	-0.1498940494	-0.1809240288	-0.129571609	0.0453969829	-0.1275074494	0.006341922	-0.0654206226	0.0816947224	-0.0751034128	0.0414976565	-0.1024214758	-0.1073422654	0.033413395	0.0042509707969458	-0.0027506531876042	1.807075271648601e-05	7.566092958477147e-06	-0.0048578042162006	0.030951371070671	0.0009579873711543	2.3598261802936328e-05	0.0734713682181791	-0.0001396346860005	1.9497845534459903e-08	0.0053980419478512	0.0001079303170667	5.20040111852288e-05	2.704417179353401e-09	1.1648953342118393e-08	0.0008150093826813	-5.199518244440008e-05	2.7034989974264493e-09	6.642402938585536e-07	0.0001699558996154	-1.9751941699987447e-08	2.8885007814079924e-08	3.90139200919703e-16
826.2397151743684	-0.1510145461561478	0.0228053931507473	682672.0669314214	1150.2449682512854	0.7685855963291033	0.5907238188845633	1323063.4869874006	783.9326396117016	-0.2875465512649953	614550.38344857	0.0826830191443925	809.2178051830374	659.3723837243389	0.918985	17.777546	0.044091497715253	0.0311199703563177	0.0080934034	0.0947619511	-0.0684640867	-0.0834769561	0.0323714257	0.0924775069	0.0063084911	-0.0620104021	0.0686229444	0.0242645285	0.087275161	-0.0291199732	0.1249673177	-0.0360421995	-0.0988397185	-0.0418598919	0.0276146737	0.0078636276	-0.0188709518	0.0512988476	0.010171528	0.1140015359	0.0332644535	-0.0241197346	-0.1262127359	0.101628733	0.0516284229	-0.0776443681	0.1295174129	-0.0383890406	0.0814187943	0.0562471253	0.0724353382	0.089230809	-0.0495121503	0.1075903081	0.0423505279	0.0662301457	-0.052662601	-0.0076458524	0.0088468122	0.0575412649	-0.1645901163	0.1563258753	0.011017177	0.1560811965	-0.0823062042	0.133945733	-0.0955592736	0.1368982863	-0.0402831934	0.0632908109	-0.105760382	-0.0734557708	0.0062797163	0.1057175165	-0.1800626409	-0.1841118212	0.0406022766	0.0549558175	-0.0844804642	-0.0282601667	-0.0761929852	-0.0306352156	-0.0630483849	-0.0263714965	-0.0181825757	0.0227703674	0.1376145393	-0.0599667981	0.0495883578	0.1593216403	-0.0853339556	0.1103901665	-0.0591058719	-0.0546653333	-0.0995197197	-0.0569001243	0.0417421008	-0.1539154192	-0.0820591553	0.0317157349	0.1934918995	0.049415586	0.0074530702	0.0200840672	-0.0552232278	0.048478555	-0.0334716344	0.0527580255	-0.117698571	0.0649885899	0.0515121777	-0.0909359642	-0.1218724151	-0.0080247573	-0.0768089084	0.1024794494	0.1609355761	-0.0598157948	-0.0688584693	-0.1013809894	-0.3089650724	0.0897199715	-0.0457268991	-0.0306454521	0.0027029719	-0.0504834992	-0.1853802292	-0.0281887149	0.0460213496	-0.1089199571	-0.0376667388	0.1229277856	-0.0239437267	-0.1107740737	0.0249448642	-0.0796491674	0.0277466345	0.0983414065	-0.0242447347	-0.0469620227	0.0411770191	-0.0393225575	-0.0704452921	-0.1218842789	0.095192553	-0.0552309206	-0.0406985988	-0.1000040609	0.0382833527	-0.1063942335	-0.1013839798	0.0462651033	0.0019483079649234	-0.0023026628320224	3.79590392618396e-06	5.302256117977421e-06	0.0251324977678422	0.0299903019840428	0.000899418213094	0.0006316424440505	0.0735178135024767	4.6445284297605416e-05	2.157164433485392e-09	0.0054048689021849	1.091895547629424e-05	-9.701136159040577e-05	9.411204277624451e-09	1.1922358869329596e-10	0.0009530006683993	0.000137991285718	1.9041594934106712e-08	9.082102739695124e-07	0.0001699950046048	3.910498940000408e-08	2.8898301590585972e-08	1.529200195974431e-15
825.9197566891056	-0.3199584852627595	0.1023734322916394	682143.4444893914	1149.0210061032549	-1.2239621480305232	1.4980833398114923	1320249.272466536	783.4541438279107	-0.4784957837908905	613800.3954811245	0.2289582151056586	808.8506386002068	661.1628888351013	0.90614	17.529057	0.0885610647086918	0.0596438914500514	-0.0474356432	0.0256548969	-0.0836937821	-0.0919084859	-0.0144082776	-0.0079975957	-0.0518042139	0.0599670814	7.00138e-05	0.0098832087	0.1489708094	-0.0659356449	0.150757118	-0.0130880433	0.0423596595	0.0544871706	-0.0032673899	0.032514275	0.0242329095	-0.103381905	-0.0558120012	0.0328779672	0.0528945521	0.088195474	-0.0667018803	-0.0360853202	0.1184057631	-0.052235622	0.0992989421	-0.0781213374	0.049287288	-0.1140526258	0.1062309966	-0.1670607773	-0.0175742475	-0.2000375929	0.0363532063	-0.0464414463	0.1179411848	0.0571595467	-0.0319887952	0.0272195341	0.0515946835	-0.0223120072	0.0524808274	0.1167777503	0.082404688	0.0063440987	0.2412983246	-0.0068332344	0.1626692707	0.0083709623	-0.0780388703	-0.2472861046	0.015596781	-0.0713532258	0.0643192922	0.0728224048	-0.1755454127	0.1049186568	-0.0110701477	-0.0293295351	0.0432310095	0.0546656288	-0.0263433169	0.0048874396	-0.0395491604	0.0084320975	0.1204052175	-0.1071664201	0.1611142673	-0.020179745	-0.0738474206	-0.0099776446	0.1274175417	0.0937421122	0.1640198596	-0.0819498748	0.0066235755	-0.0470214175	-0.0126048109	-0.0337351611	0.0177967088	-0.0979412962	-0.1022401614	0.0902062985	0.1386980207	-0.0005566391	0.1670420081	-0.1851552839	0.1409964402	0.1271925681	-0.0335187872	-0.099580013	-0.011011063	0.1137466487	-0.0124333326	-0.0442038219	-0.157868976	-0.0668884806	-0.1955700021	0.0574694255	0.1045429275	0.1392364945	-0.0347582931	0.054061171	0.082700899	0.0608944674	-0.0715851832	-0.0890250442	0.0335530651	-0.0776455451	-0.0062469744	0.1716445806	0.0177282799	-0.0917281681	-0.0890391288	-0.1178476165	-0.097781277	-0.0036096168	-0.0686874455	0.1261426883	0.090787981	0.0843071766	-0.0579910537	-0.0208880292	0.1743477536	0.0154631066	0.1074400576	-0.0129517115	0.0350428114	-0.1100753719	-0.0948006283	0.0586099215	0.0095094483215234	0.0075611403566	9.042960737972422e-05	5.717084349220518e-05	-0.0331104705505254	-0.0582429683183676	0.0033922433585343	0.0010963032600772	0.0736574863028707	0.0001396728003939	1.9508491169900644e-08	0.0054254252884575	0.0001878341707633	0.000176915215287	3.1298993400047595e-08	3.528167570633654e-08	0.0010950292730285	0.0001420286046292	2.017212453291761e-08	1.199089108789325e-06	0.0003033968493552	0.0001334018447503	9.204964819866193e-08	1.7796052182809823e-08
826.2506610633612	0.3309043742556241	0.1094977049015061	682690.1549076415	1148.4689205528323	-0.5520855504225892	0.3047984549854133	1318980.8614757878	783.424329971744	-0.0298138561666974	613753.680791676	0.0008888660195285	808.5330324665728	657.0796856431257	0.9397120000000002	18.178501	0.1109167454401356	0.0587155704024823	0.0076527722	-0.00810282	0.0394581518	-0.0905924728	-0.0606830153	-0.143174636	-0.0435218493	0.0429201355	-0.0124423353	0.108169482	0.1146889254	-0.0269842284	-0.0457918358	-0.0488510091	0.0993157684	0.0338381032	0.0443180861	0.0862349852	0.0344173416	0.0190663197	-0.0379271744	0.0560631744	0.0183428292	0.0390969358	0.0437913597	0.109353375	-0.0376029518	0.1465443298	0.0514453932	-0.101677043	0.0366647804	-0.0616441649	0.1579584721	0.0128677376	0.0550782592	0.1671602736	-0.0687408408	0.1360638701	-0.0118317576	0.0113811317	-0.014217085	0.1111374909	0.0342976708	-0.1601601179	-0.032287194	-0.0082961315	0.0700946752	0.0846354303	-0.1804503408	-0.10824138	0.0090695445	0.0803219591	0.0821015308	0.1627230569	0.0732130671	0.0465597364	-0.0218883716	-0.070431178	0.0060604247	0.007548449	-0.0284176032	-0.0390843747	0.0102325849	0.0452852936	-0.0061319222	-0.0513629079	-0.0720388639	0.0391426168	-0.0853893919	-0.1572670579	0.062269801	0.0822729928	-0.0147138121	-0.0200106423	-0.1006599989	0.0097000262	0.1060783397	0.0513620086	-0.1210967924	-0.0041730083	0.0021320055	0.0558681669	0.0477424543	-0.1718289066	0.0037418261	-0.1278047574	-0.085662508	0.036174458	-0.1680130933	0.080505047	-0.0303929814	-0.2143958679	-0.0599454986	-0.0342096267	-0.0541623962	-0.107623119	-0.0011064886	0.0385156428	-0.0486361477	-0.0452447769	0.00184834	0.0227889766	0.0003924487	0.0137165017	0.1104066344	-0.0742882763	0.0329011369	0.0145817463	0.0487028188	-0.0556364876	-0.0940930383	0.086830905	-0.0102237247	0.1023279882	0.016992225	-0.1711179059	-0.0247457073	0.1288579125	0.0346046688	0.0734208367	0.030450837	-0.1031706091	0.0507827972	0.0238093465	0.1085143682	0.1198410785	-0.0086113437	-0.1040527133	0.0341135462	-0.0950171028	0.0317782535	-0.1134548014	-0.0876327994	0.0703125971	0.0068438336767258	-0.0026656146447976	4.6838059394686185e-05	7.105501434559436e-06	0.0101292252436735	0.0432396957941988	0.0018696712923748	0.000102601204037	0.1065281291244133	0.0328706428215426	0.0010804791595014	0.0113482422947476	-4.15692586066316e-05	-0.0002294034293699	5.2625933406685194e-08	1.7280032611050151e-09	0.0008149966002031	-0.0002800326728253	7.841829784973748e-08	6.642194583426117e-07	0.0001700171079586	-0.0001333797413966	2.890581699860625e-08	1.7790155415023892e-08
826.8235311613771	0.5728700980158692	0.3281801492007116	683637.1516821687	1147.5295940953442	-0.9393264574880504	0.8823341937370502	1316824.1693246255	784.2605851415557	0.8362551698116931	615064.6654065753	0.6993227090367837	809.0833225328736	656.7511486533944	0.942619	18.234745	0.0431252674846145	0.0288134095545336	0.041954063	0.0424028582	0.1507509535	-0.0289163069	-0.0102734568	-0.0698673742	0.040034213	-0.0514337241	-0.0613922758	0.2244084604	-0.0141587796	-0.0079314714	-0.1426197681	0.0032324028	0.0575588334	0.1131825279	0.0064994864	-0.0935564596	0.0712835313	-0.0419403446	0.1009663364	0.0088872745	0.072844136	0.0113288339	0.1281118979	-0.087974749	0.064685245	0.1720190635	0.1369042696	0.0558944659	0.0802150182	0.1004712487	-0.0748324511	-0.0102172043	-0.0241502623	0.0361388644	0.1599641053	-0.0011679159	-0.1716992025	0.0556338476	0.1381254405	-0.1027238216	-0.0056974673	0.1695019598	0.0148017523	0.0904138411	-0.1135466692	-0.0774380532	-0.0025921696	-0.1272139204	-0.0066349404	0.1021637041	0.2104079732	-0.0038512614	-0.1283316482	0.1366972798	0.1347517804	-0.0254879271	-0.1098190483	0.153232463	-0.0757563166	-0.2361728672	-0.154434156	-0.0905621368	-0.0045149131	-0.1325353583	-0.043620014	0.0485880226	-0.1900716024	0.0263245252	-0.0359296027	0.0515470991	-0.0479640218	0.0576997119	0.0489111238	-0.0656216716	-0.0140467381	-0.0123345291	-0.1063999588	-0.1073622013	0.204354254	0.00259125	0.1717537876	0.0125191391	0.0152145829	0.2143611612	-0.0320857474	-0.1005766614	0.0246238841	-0.0880144796	0.0128833444	0.0200607138	0.219726923	0.1748503661	0.0211901696	-0.0428816957	0.0147325099	-0.0315324781	0.0302355589	-0.1115778043	-0.0813642146	0.0547896067	-0.0421611768	-0.054880076	0.1396525574	-0.0950921681	-0.111615714	-0.0090471277	0.0719836915	-0.0086914263	-0.1406844246	0.1454342744	-0.000240581	0.0877642993	0.031324318	-0.0806497671	-0.059072611	0.0354005751	0.1347554036	-0.0091678945	-0.0076680808	-0.0208189576	-0.0537885372	-0.1116234914	-0.0585986805	0.0203444414	0.0295521257	-0.0360548444	-0.1065939117	0.1028770509	0.0284919163	-0.1165232592	-0.0799246852	0.0812449131	0.0075988746872752	0.0007550410105493	5.774289651291176e-05	5.700869276114585e-07	-0.0171803160442038	-0.0273095412878773	0.0007458110453542	0.0002951632593787	0.1118091650301877	0.0052810359057744	2.788934023807847e-05	0.0125012893847477	-0.0001161186822812	-7.45494236745684e-05	5.5576165702103e-09	1.3483548374722272e-08	0.0008149833395314	-1.3260671700033451e-08	1.75845413936068e-16	6.641978437137532e-07	0.0002910474092206	0.000121030301262	8.470859441402342e-08	1.4648333823570484e-08
827.3745853537513	0.5510541923741812	0.3036607229331611	684548.7044892919	1147.2419129070054	-0.2876811883388654	0.0827604661240617	1316164.0067305248	784.5419721740914	0.2813870325356902	615506.1061028128	0.0791786620792415	809.3971688087858	658.9444481653112	0.92027	17.802406	0.0699689046945928	0.0508405809560914	0.0030607661	-0.0005455394	0.094071847	-0.087188117	0.080434166	0.1014429883	0.0143223535	-0.1418895238	-0.1127038301	0.093170673	-0.0794893821	-0.0781578977	0.083718479	0.0474329343	0.0963298013	0.0253109915	0.0926831001	-0.0493838786	-0.031808573	-0.0510012845	0.0268083833	-0.0010436816	0.090721359	-0.0645922347	0.0085869916	0.0443348755	-0.0669344448	0.0849083416	0.0247784164	0.1292396848	-0.1627693391	-0.0292295876	-0.0407971092	0.0089378955	0.0174049974	0.0116987059	-0.1592979442	0.1060119801	0.0654349345	-0.076550127	-0.0314704139	-0.0170355389	0.1065771075	0.1061735994	-0.0188034801	0.0924899643	0.0432439769	-0.0133657104	-0.297178811	-0.0360788146	-0.1395198038	-0.0431141355	0.0640351431	0.0162770548	0.0942022393	0.0052837747	0.0117177809	0.0516997313	0.057132889	0.024651552	-0.1162428931	-0.0363385828	0.117903644	-0.0803339445	-0.0057419264	-0.1520195662	0.0388806012	-0.0635961259	-0.0028757302	-0.0003096149	-0.0933408909	0.0242265713	-0.0390748868	-0.0246934547	-0.0512691971	0.1165776348	0.0034875036	0.0869752001	0.124050568	0.0058648825	-0.0556667233	-0.0073373898	-0.019728976	0.0336279571	-0.0558459885	0.0035609452	-0.2863249818	0.0878320488	-0.1968176439	0.0818228267	-0.070315982	-0.0469167187	-0.0959760324	0.1046465592	0.0938682509	-0.1044802045	-0.0192957785	-0.0639575196	0.0165651732	0.0936884381	-0.0107641583	0.0960627491	-0.0671061019	0.1358665583	-0.0064732647	-0.0758765753	-0.0347165398	-0.1372699997	-0.0621856394	0.0095008506	-0.145587437	0.1712107661	0.0364519408	0.0243691436	-0.0442596354	-0.0709486379	0.0120841251	0.0115891766	0.0833049262	-0.0550356473	0.0761892777	0.1156227992	-0.145504876	-0.0324692485	0.020862495	-0.0758934772	-0.0224627512	0.1070102083	-0.1562729755	-0.0118270188	0.0251860523	-0.1192723348	-0.0717238087	0.0912870929	0.0074538081923378	-0.0001450664949373	5.555925656816211e-05	2.104428795342251e-08	0.0313297838554831	0.0485100998996869	0.0023532297922776	0.0009815553564312	0.1136675427994262	0.0018583777692385	3.4535679331998658e-06	0.0129203102860593	-0.0004381302447415	-0.0003220115624603	1.0369144635812369e-07	1.9195811135724674e-07	0.0008749344461473	5.9951106615900064e-05	3.594135184471016e-09	7.655102850550827e-07	0.000298191950759	7.144541538400004e-06	8.89184394974579e-08	5.1044473793923095e-11
828.3218838195384	0.9472984657870712	0.8973743832825387	686117.1432143488	1150.437302418244	3.1953895112385453	10.21051412853331	1323505.986795366	784.7087823467194	0.166810172628061	615767.873092071	0.0278256336922035	809.9301004571134	666.6313726993008	1.02281	19.786018	0.15096930128192	0.0915750484627806	-0.1352746681	-0.1314372572	-0.0031363873	-0.0978164727	-0.0141016711	-0.0287472422	-0.0657270367	0.0949864717	0.0641465839	0.0889259801	0.0305687796	0.0709628473	0.0260382336	0.0593127159	0.1345382005	-0.0068838408	0.0303352224	0.026349262	-0.0393139426	-0.0185193676	-0.1823537042	-0.0791746912	0.0776664046	-0.0368479509	0.0369721814	-0.0097165138	-0.0749957116	-0.0535039367	-0.099984512	0.1899049826	-0.1275652307	-0.1774744043	0.0301934445	-0.0182014196	-0.0397442671	-0.106204391	0.0209749409	-0.0156051092	-0.0462357202	0.0628866633	-0.0193235992	-0.1226259003	0.0323214833	-0.1387848261	-0.0011203546	0.0655537374	-0.1276145437	-0.0405290183	-0.0019119312	0.0110128323	-0.0337654953	-0.0737572108	-0.0670901613	-0.0881966725	-0.0641173714	-0.2238128927	-0.0601882225	-0.1246092138	0.0755326161	0.0795335823	-0.062821552	0.0043217433	-0.0333972855	0.1539541643	0.0418499286	-0.0457007683	0.0136103259	-0.1234740493	0.0215927327	-0.0038034352	-0.0069661888	-0.0077324193	-0.1358494656	-0.2615543535	-0.0827513121	0.0982050606	-0.0199164331	-0.0344923509	0.0522496772	0.1620980987	0.0464356017	-0.1115476441	0.0491339306	0.1122372308	0.0068304754	-0.0609685376	0.0087329794	0.0144020677	0.0305562586	-0.0298086745	0.0554492978	0.0016391633	-0.0475068382	0.0164325859	0.0575770267	0.1235821169	0.0434728675	0.1073936212	0.0910834779	-0.0937397574	0.0225862122	-0.0139226798	0.0459649566	-0.1145222335	-0.1248971574	-0.1443073186	0.1681324524	-0.0118464371	0.0269951789	-0.1377138386	-0.0198018146	0.1362147012	0.0585669879	0.0361629215	-0.054183261	0.0097719182	-0.1260907956	0.1329355799	0.0136293639	-0.0032166547	-0.0018112785	0.073028045	-0.0407975252	-0.108452942	-0.0507828315	-0.0065115651	0.1366739479	0.0425032018	-0.0128218343	-0.0015071331	0.0218629269	-0.1216944932	-0.063080731	0.1003291122	0.0030135239337738	-0.004440284258564	9.08132649942752e-06	1.9716124296851253e-05	-0.0477874712430121	-0.0791172550984952	0.0062595400543203	0.0022836424078017	0.0723631930437704	-0.0413043497556558	0.0017060493087375	0.0052364317074899	-0.0002400906675142	0.0001980395772273	3.921967414836773e-08	5.764352862741413e-08	0.0010709797433061	0.0001960452971587	3.843375853808216e-08	1.1469976105719997e-06	0.000170128581761	-0.000128063368998	2.8943734332009263e-08	1.6400226479117914e-08
828.1993417251069	-0.1225420944314237	0.0150165649076399	685914.1496339005	1152.6022089444673	2.164906526223376	4.686820267284566	1328491.8520636654	784.643904539485	-0.0648778072344384	615666.0569309684	0.0042091298715489	809.8168218862972	668.7335961368551	0.944782	18.276573	0.0420853742585904	0.0222383493786283	-0.1168026192	-0.0773961279	0.1196681931	0.0424990562	0.0109478244	-0.0811517973	-0.1331726943	0.052209542	0.0681213471	0.0550893227	-0.0564258454	0.1552642228	-0.1443638905	-0.0011536687	0.028038336	-0.0419903461	0.0149984211	-0.0967957686	-0.0307315773	-0.0667136078	-0.022918947	-0.0824548043	-0.0451176383	-0.0056577375	0.0784479712	0.0101688753	-0.0807414406	0.0308798127	0.0086603821	-0.0190383059	-0.1199429856	0.0203429477	0.1107785892	0.0579973872	-0.2414043521	-0.0664399257	-0.1624837344	0.0727759012	-0.0369584018	0.0377975234	0.1017262546	0.0109880515	-0.0373440771	0.0030981626	-0.1288047549	0.017674928	-0.0436023684	-0.0835906867	0.0632361843	0.0602201819	0.0481077312	-0.1480607476	0.0293255894	0.0404288099	0.0502613368	-0.1727048021	-0.1948634607	0.0344183503	-0.1274591636	-0.1481875972	0.0762112152	0.1105895806	0.0144558452	0.0232553936	0.0738301535	-0.00787402	-0.0521405685	-0.0705532284	-0.0878413424	-0.0346772142	0.017471111	0.0549754248	0.082764821	-0.0761493507	-0.0032138359	0.047101353	-0.0783134875	-0.0647715627	0.0020163763	-0.0315730911	0.0151700899	-0.0992784777	-0.0596007496	0.0755369522	0.0670962997	-0.1192413742	-0.2017875612	0.1469576894	0.0756704316	-0.0165494082	-0.1180955517	0.0253198765	-0.0441923108	-0.0148145443	-0.0448663599	-0.0223622441	-0.1519031228	0.160529026	-0.1204392375	0.1044128917	-0.0667937263	0.088556577	0.1578589853	-0.0680867031	0.0727596032	0.0516216581	-0.0053544912	0.0340417262	0.0986633811	-0.1479780812	0.0188488718	0.1486719377	-0.0218049497	-0.0197423816	-0.0107263812	0.0558299101	-0.0537930491	-0.0084185947	0.0785443904	0.0526660466	0.0085474131	0.0003891885	0.000885276	-0.0121019191	0.0939334397	-0.0208896934	-0.0002026765	-0.005653452	0.1231532889	-0.0684144197	0.0185248178	-0.1237830955	-0.0540487397	0.1082719048	-0.0034627291982758	-0.0064762531320496	1.1990493500591766e-05	4.1941854630382255e-05	-0.0375291396256898	0.0102583316173223	0.0001052333675709	0.0014084363210445	0.0723479328067995	-1.5260236970890406e-05	2.328748324077304e-10	0.0052342233814171	8.182400560045397e-05	0.0003219146731146	1.036290567665145e-07	6.6951678925031235e-09	0.0010510119269198	-1.99678163863e-05	3.9871369123699076e-10	1.104626070527671e-06	0.000334956677705	0.000164828095944	1.1219597593917126e-07	2.7168301212524476e-08
827.3867748223823	-0.8125669027245976	0.6602649714034458	684568.8751509836	1150.8239081945176	-1.7783007499497216	3.1623535572717425	1324395.6676721035	784.1858388488196	-0.4580656906654212	614947.4298510269	0.2098241769647894	809.1566417608623	665.559245306117	0.887779	17.17388	0.0645730426798295	0.0328700120953283	-0.0831469225	-0.0449099056	0.1386143489	0.0742020697	0.0435297969	-0.010316199	-0.0574707651	-0.0471697151	0.0248557432	0.0566102765	-0.0825422983	0.1331719073	-0.14561802	-0.0505616361	-0.0641173246	-0.1380957228	0.0332880419	0.0782059273	-0.1356156505	0.0089490144	0.080407702	-0.1504913885	0.0126735541	-0.0329056418	0.0260695152	0.0762710868	0.1280195503	-0.0209904172	-0.0065150359	0.0847724244	0.0185948417	0.2155711132	0.0633620507	-0.0306910382	-0.1216649573	0.0156072092	0.1724444593	-0.067138229	0.0796912615	0.0597957229	0.1656319827	-0.1584137074	-0.086424112	-0.0322340376	0.0806818422	0.019383525	-0.0473247968	0.1084186706	0.0888019039	-0.0340167137	-0.0631313345	-0.0628894018	0.0686426291	0.0443830384	0.074795541	-0.0468343128	0.0154906896	-0.0212453183	0.021394623	0.1213608163	0.0048446332	-0.0042917483	0.0999644249	-0.0687636074	0.0643218067	-0.0412087612	-0.0056016945	-0.055955118	-0.1073399917	0.077773435	-0.0614699607	-0.1429977591	-0.1167305326	0.1056259119	-0.0175543104	0.0382987278	-0.1412726743	-0.2097212185	-0.1013590625	0.0044848325	0.1006598453	0.1822974876	0.0869667589	0.0016601409	-0.0976298749	-0.082639804	0.0394672146	0.096276553	0.1101821353	-0.0909753885	-0.1347382538	0.069378373	0.1340455057	-0.0079817005	0.0543991334	-0.1327246435	-0.0087222284	0.0759594128	0.0863945049	0.0481629334	0.011472867	0.0154151274	0.1402851139	-0.0397679167	0.1412764136	-0.0018469244	-0.0682769391	0.0137183646	0.0798797916	-0.1052791538	0.0155814322	0.1142334644	0.0108958442	-0.0387262096	0.0334919086	0.143011212	-0.01902088	-0.1215715256	0.065754322	0.0629859138	-0.1038566447	-0.0570582906	0.0911487346	-0.0482064132	0.0145784075	-0.000661525	0.0653611478	-0.0733512481	0.0064995723	-0.056096092	0.0151740128	-0.1255324169	-0.0446835199	0.1150284477	-0.0052173551489289	-0.0017546259506531	2.7220794750054907e-05	3.0787122267052955e-06	-0.0251934589648499	0.0123356806608399	0.0001521690173662	0.0006347103746135	0.0933920668634584	0.0210441340566588	0.0004428555781946	0.0087220781530286	-0.000258082309916	-0.0003399063155164	1.1553630332797115e-07	6.660647869157828e-08	0.000966978097602	-8.403382931779994e-05	7.061684469813132e-09	9.350466412419832e-07	0.0001701247823057	-0.0001648318953993	2.894244155456181e-08	2.7169553740925776e-08
827.4920001193549	0.1052252969725486	0.011072363122961	684743.0102615304	1151.112450558915	0.2885423643974718	0.0832566960520834	1325059.8738317506	784.6038016292368	0.4179627804172696	615603.1255310508	0.1746928858141347	809.721618359308	665.3020520634931	0.900377	17.41758	0.0461651206791832	0.0194116999192617	-0.0588580761	-0.0078416033	0.1913671112	0.0269303396	0.0565972625	0.0843532322	-0.0345110645	-0.134643732	0.0435364446	0.0933869143	-0.0491319844	0.1259045214	-0.0119006674	0.021262124	0.0239075957	-0.0671143955	-0.0075453737	-0.0077992266	-0.1045838291	0.0194461102	0.1283186398	-0.0949428676	0.0689634385	0.0194899912	0.0396882811	-0.0716061565	-0.0446946467	-0.0698290046	0.0270484456	0.0210887996	0.1500631072	0.0922752847	0.0503023706	0.1676295613	-0.0607085283	-0.074958604	-0.0302974567	-0.1150108932	-0.1392641399	0.176950207	0.0172327952	-0.0549778162	0.0401252487	0.0499847109	-0.0980854038	-0.2660873327	0.0255143246	0.068619909	0.0653186305	0.1865757887	0.1403195284	0.0434384771	0.1048551405	-0.0251637207	-0.0570774085	-0.0392326263	-0.0053012137	-0.1243663499	-0.006936424	-0.0064158308	-0.0905026469	0.0511399169	-0.1556193332	-0.1227572444	0.0844039002	-0.0589726331	-0.0015611009	-0.0478011801	0.0167618139	0.0642382194	-0.0025755576	-0.0043894927	0.0922182879	-0.0387470347	-0.0641518329	-0.046944205	-0.1387826756	-0.1097404782	-0.0042508175	-0.1398566294	0.0131864738	-0.1452934528	-0.0766535427	-0.0180750318	0.0214809329	-0.1101377503	0.0908600976	-0.1618099709	0.1161760875	0.0108033454	-0.1127184177	-0.0562342737	0.1268779716	0.0465648592	-0.217377546	0.1090665277	0.1730202662	-0.0919121129	0.0733591545	0.0443005885	-0.0500070523	-0.1154848404	-0.0591848617	-0.1316298103	-0.1396678167	0.1080717671	-0.1185172722	-0.0649958511	0.0166702462	-0.0976927484	-0.0283969799	0.1386934796	0.074620699	-0.0225461783	-0.0112766226	0.0679370453	-0.0073151004	0.0343001202	0.084844221	0.0127798162	-0.039351212	-0.091163594	-0.0145591005	0.0074686085	-0.0679657089	0.0416532462	0.0291931969	0.0140785068	-0.0114739859	0.0479097129	0.0118128082	-0.1269376627	-0.0350428114	0.1205247148	-0.0098214190408612	-0.0046040638919322	9.646027197619093e-05	2.119740432099479e-05	-0.0161176078569411	0.0090758511079088	8.237107333292938e-05	0.0002597772830301	0.1050833475214005	0.0116912806579421	0.0001366860434227	0.0110425099263034	-0.0001041141854876	0.0001539681244284	2.3706183339999276e-08	1.0839763619746378e-08	0.0008149852915693	-0.0001519928060327	2.3101813085693963e-08	6.64201025474297e-07	0.0002800423522726	0.0001099175699669	7.8423719066371e-08	1.2081872187428364e-08
827.1004569710763	-0.3915431482786289	0.1533060369639403	684095.1659217632	1152.202862242348	1.090411683432876	1.1889976393669188	1327571.435759459	784.800196824029	0.1963951947921032	615911.3489350346	0.0385710725374281	809.8463539294472	664.5537862996109	0.915701	17.714022	0.0600999515059895	0.030241017778821	-0.0600262861	-0.055977375	0.0609984501	-0.0682680187	-0.0160697936	0.1508564961	-0.0264009461	-0.1245678037	0.1393055831	0.0716183807	-0.0413344458	0.0013969123	0.0038720016	-0.0080057298	-0.0435070686	-0.0571713683	-0.0285502863	-0.2046289294	-0.0325032114	-0.069510263	-0.0110338734	-0.0483215433	0.0242098214	-0.0617744611	0.028962819	-0.0218370075	-0.049803878	-0.024178932	0.0454781301	0.1475196018	-0.0605651046	-0.0988449548	0.0812739271	-0.0039026235	0.0467869751	0.0844940545	0.1739548061	-0.0715340862	0.1991428897	0.0132284313	0.0785780006	-0.0567877292	0.1600159626	-0.0678700334	-0.0710690408	-0.0019493501	-0.0421651216	-0.0852119565	-0.1058619381	-0.0214566679	0.0119691532	0.1272333215	-0.0110528068	-0.0331184006	0.0169617204	-0.0035660751	0.0066203653	0.2094542369	-0.0088897099	-0.0522043334	-0.0011599892	-0.184097486	0.1565789175	-0.0233098779	0.0394484563	-0.076720327	-0.010150831	-0.1052968539	0.0581611265	0.0612013127	-0.0146885478	0.0843256429	-0.0912281782	-0.0981959868	-0.0160508973	0.024666188	0.0501773897	0.0181902132	0.0806638077	0.0236523825	0.0766693217	0.1407382472	-0.073896455	0.1202895775	-0.0764350983	-0.0723147881	0.0607238137	-0.1194468042	-0.1017435952	-0.1280710105	0.0201096181	-0.0586369292	-0.0242098231	0.0242065176	-0.0737440083	-0.0316109959	-0.0690009411	-0.0521860575	0.032709305	-0.082657865	0.1247431517	0.1789260395	0.0976496379	0.0941970772	0.054200687	0.005078893	0.0118385871	-0.1045044123	-0.0736923892	-0.0823692289	-0.0124071059	0.066272763	0.1409335971	-0.0540923149	0.0548452724	-0.0104318223	0.0405669883	0.0635295649	-0.0032830824	0.0380385332	0.0879046586	-0.034552381	-0.0322668914	-0.0903125665	-0.0369748277	-0.0023408884	-0.0398842088	-0.0160014381	-0.0779455186	-0.0367723024	0.0084435077	-0.1279949812	-0.0251860523	0.124700488	-0.0175710744124586	-0.0077496553715974	0.0003087426560081	6.0057158378528457e-05	0.0038848531908115	0.0200024610477526	0.0004000984479668	1.5092084314158291e-05	0.11508914291025	0.0100057953888495	0.0001001159413635	0.0132455108158159	-0.0004410691178726	-0.000336954932385	1.1353862645857997e-07	1.9454196674091354e-07	0.0008149621945934	-2.30969759000034e-08	5.334702957253377e-16	6.641633786164908e-07	0.0001701795876777	-0.0001098627645949	2.8961092062151985e-08	1.2069827044434418e-08
826.4409954340097	-0.6594615370665906	0.4348895188702302	683004.7189339568	1149.1332637428218	-3.069598499526137	9.42243494829311	1320507.2578402297	783.7398014463228	-1.060395377706186	614248.0763711215	1.124438357060645	809.227882988768	661.3141006731805	0.930175	17.994003	0.0578797201917456	0.0458278466471796	-0.064126519	-0.1207574329	-0.0110873532	-0.1092549996	-0.0640100067	0.0083417125	0.0145373159	0.1076911815	0.1028856115	0.0289466944	-0.0180372054	0.108187022	-0.0090849127	0.024384718	0.1502175626	-0.0301389387	-0.0514964612	-0.0844852196	-0.0255018268	-0.0797374341	-0.1473894766	-0.1104037934	0.0434593945	-0.027561101	0.0448543843	0.1762319894	0.0194585462	0.0036819655	-0.1901791112	-0.0107031677	0.0225597629	-0.0138132853	-0.0623977799	0.2803811439	0.021182472	-0.1203204308	0.047271465	-0.0828775458	0.0645846356	0.0353702421	-0.2266712086	0.1039586009	-0.1127885849	0.0950252347	0.0204252073	0.1080469191	0.052678849	-0.1766910084	0.0566989216	0.0463838464	0.0592877612	-0.0556813244	-0.0213064467	0.0195631748	-0.0423251701	0.0177945054	-0.0251841796	-0.0672325836	0.0567789946	-0.1145440129	0.0029691815	0.0416220682	-0.0125474474	0.1332075725	0.0482137793	-0.0223030569	-0.0157827626	-0.1003301733	0.0308774771	-0.114717793	-0.1475016296	-0.1646969625	-0.0245313039	-0.0330165188	-0.1461566372	-0.0011058891	0.0360191333	0.0476943522	0.0701501926	-0.1524474521	-0.0508229428	0.0091064395	-0.0608924783	0.1913197115	0.0505946259	0.1708196974	0.0135240865	0.0443094316	0.152091047	0.1571390357	0.0962473829	0.0051376629	-0.026599761	-0.0748021807	0.0494792927	0.0389700809	-0.0359197459	0.0748947001	-0.0172978101	0.0358632955	0.0279013279	-0.0772077583	-0.0536621167	0.0199820508	-0.1326441751	0.060145575	0.1533444668	-0.0202685708	0.0367419698	-0.0960371731	-0.0192911086	0.0770873266	0.0555519829	-0.08600872	0.0832952866	0.03352843	-0.033755166	0.1205283969	-0.0881200929	-0.0298362349	-0.0486856831	0.0226945848	-0.1255774838	-0.0749643793	0.0067384485	-0.0377316059	0.016028766	0.0408848644	0.0683702609	0.067557711	0.0050684204	-0.1287014744	-0.0151740128	0.1275100165	-0.017569100645872	1.973766586602088e-06	0.0003086732975047	3.895754538386858e-12	-0.0403066508869187	-0.0441915040777302	0.001952889032652	0.0016246261057199	0.1151186293407988	2.948643054880018e-05	8.694495865092164e-10	0.0132522988213042	-0.0001680689181913	0.0002730001996813	7.45291090260297e-08	2.8247161261993888e-08	0.0008149858936694	2.3699076000032945e-08	5.616462032553375e-16	6.642020068801106e-07	0.0001700683680974	-1.1121958030000063e-07	2.8923249827312743e-08	1.2369795042108284e-14
827.1273240638329	0.6863286298232651	0.4710469881150805	684139.610212997	1147.9703897981562	-1.1628739446655345	1.3522758111819806	1317836.0158533307	784.772916156446	1.0331147101231863	615868.5299326922	1.0673260042729154	810.0262192463188	660.2518614460797	0.960282	18.576426	0.0211018828165297	0.0129502849380893	-0.0859799835	0.009141933	0.0528378207	-0.0102504665	0.0033971768	-0.1387656651	-0.0246830637	0.0818933738	-0.0226147988	0.0724136163	0.0558360187	0.0201052971	-0.0797388351	0.0160179396	0.0527295396	0.1208839886	0.0154741087	-0.0035814987	-0.0096985696	0.0456580986	-0.0577476125	-0.0645073612	-0.0557394026	-0.0939597211	0.1360859925	0.014150129	0.0486419692	0.1438188113	0.0179492208	-0.039742672	-0.1294412676	-0.117941563	0.0861842145	-0.0582579444	0.1709927339	0.1432574105	0.0470138498	-0.0080056834	-0.0272770712	-0.0254438207	0.0842759054	0.0633881228	0.0579465388	0.0758823173	0.0865756611	0.0437011626	-0.0589289343	-0.0136909328	-0.1552093133	-0.018425758	0.0853660015	-0.0942260376	0.0085676769	-0.0443617262	0.0878104725	0.0848994219	0.1631202815	-0.0776004041	-0.1307044721	-0.0679536862	-0.1352631997	0.0744024408	-0.0479608853	0.0666282017	-0.0030612292	0.0763589912	-0.0268705003	-0.1469883938	-0.1672365542	-0.1002457833	0.0904863	0.0306680318	-0.0687697906	-0.0980964736	0.0190290587	0.0413085361	0.1816896572	0.0786672899	-0.0056190384	0.0440513474	-0.0021317715	0.1744537787	0.047154233	-0.0318528693	0.0801960404	0.0517321321	-0.0082693592	-0.0811235559	-0.1315404302	0.0593287918	-0.0391399092	-0.0491338916	0.0490557927	0.0460567536	0.0095906447	-0.0649422231	-0.0927824292	-0.1304165161	-0.0191543767	0.0441743136	-0.0099302194	0.0016329108	0.0237274031	0.0508034785	-0.0506888486	-0.0260992481	0.0194946793	0.0800205257	0.0807291116	-0.1108321247	-0.0216428291	0.0696750112	0.0147648547	-0.0204621294	-0.0831168822	-0.1318490659	-0.012802796	0.0568061013	-0.0528461012	0.0273170742	0.0742875245	-0.0087110476	0.0022941587	-0.0332057997	0.0308976461	-0.0239841106	0.0122882343	0.0239379341	0.116415576	0.0114798961	0.0016898595	-0.1290552057	-0.0050684204	0.1289225186	-0.0174447336469114	0.0001243669989605	0.0003043187320116	1.5467150430465638e-08	-0.0347980392668461	0.0055086116200726	3.0344801980798885e-05	0.0012109035368169	0.1114520072114473	-0.0036666221293515	1.3444117839450202e-05	0.0124215499114605	-0.0001880877309725	-2.001881278120002e-05	4.007528651687373e-10	3.5376994542383536e-08	0.0010309841500224	0.000215998256353	4.6655246747536324e-08	1.0629283175974108e-06	0.0001700969403261	2.857222870000548e-08	2.8932969108300827e-08	8.163722528854167e-16
826.7532913309046	-0.3740327329282991	0.1399004853018123	683521.0047264837	1149.6266556438218	1.65626584566553	2.743216551518153	1321641.4473667983	783.5267849817545	-1.2461311746914134	613914.2227838446	1.552842904537802	808.4899573864651	663.1559832478298	0.925517	17.903898	0.040098134442603	0.0224567871175525	-0.0579600223	-0.0020027524	0.1059981125	-0.0049490411	-0.0312250125	0.0477389522	-0.0005129049	-0.0516465329	0.0846401282	0.0341199463	0.0540949213	0.0098100468	0.0025224347	0.0551254872	0.0242914183	-0.1518721572	-0.044022914	0.0289363888	0.0976579565	-0.0344809783	0.0507938104	-0.0324154895	0.0372091184	-0.0923845126	0.0332803033	0.1044868426	0.0721302099	0.0056162775	0.00090462	0.0836127283	-0.0785110895	-0.2457022414	0.061276308	0.0223106683	0.0248187246	0.0268272555	0.0721844016	0.0170924892	0.0027857229	0.0743321538	-0.0270196039	0.096676948	-0.1312529981	0.0424130662	-0.0565351764	0.0017985258	0.0846242778	-0.0432189678	0.077230009	0.0207029115	0.0891124865	0.0369179836	0.1939188544	0.0392229491	-0.0169283385	-0.0009931719	0.0251596559	0.0531535491	0.1195277295	-0.013346759	0.0852945336	0.1454412408	-0.1272725595	-0.0538240516	0.0238997122	-0.0400652162	-0.0259383838	-0.0872972279	-0.0030392122	-0.1092589114	-0.054564635	0.0601648539	-0.1645798886	-0.0178535963	-0.0216094276	-0.0107133835	0.0565724602	0.0973068695	0.0448245855	0.0134353022	0.0062198234	0.0069451893	-0.0210924368	0.1017042544	-0.0823221171	0.1553339303	0.0865447017	0.0561606919	0.0244910697	0.0737622555	-0.080250626	-0.1005810516	-0.0573524551	-0.0166874683	-0.1427743826	-0.0370650424	0.0494405533	-0.0914955681	-0.0823009203	0.0538824588	-0.1332191463	0.0524935897	-0.0295457322	-0.0816182123	0.008728665	0.2162196297	-0.0447776116	-0.0334328652	-0.0041612431	-0.1084731391	0.0015666191	0.0839843381	0.0284896255	-0.0233787182	-0.0037739691	-0.0643062361	0.0959265968	-0.0736648129	-0.0785240698	-0.0067606728	-0.0852428339	-0.0302349976	-0.0086068981	0.0605739768	0.0072611165	-0.0423865955	-0.1176071059	-0.0370227576	0.0905889806	0.02700786	-0.0016898595	-0.1290552057	0.0050684204	0.1289225186	-0.0175351338664029	-9.04002194914988e-05	0.0003074809197126	8.172199684111159e-09	-0.0152521404409355	0.0195458988259105	0.0003820421609127	0.00023262778803	0.1151589988046382	0.0037069915931909	1.374178667198805e-05	0.0132615950056866	-0.0003191130775266	-0.000131025346554	1.7167641439621998e-08	1.0183315624849781e-07	0.0009059601426937	-0.0001250240073287	1.5631002408526856e-08	8.207637801495892e-07	0.0002491444625235	7.904752219739999e-05	6.20729632061237e-08	6.248510765548444e-09
825.2412323929983	-1.5120589379063176	2.286322231702381	681023.0916415147	1147.249753218431	-2.376902425390881	5.649665139829053	1316181.9962597506	783.6186352194663	0.0918502377118102	614058.165463219	0.008436466167716	808.9999500583392	659.8603157111403	0.948145	18.34164	0.0423189488955781	0.0243223018361639	0.068896975	-0.0770296541	0.0171456462	-0.0174101307	-0.1350795733	0.1646115304	0.1883556537	-0.0012902298	0.1200549995	-0.0096873065	-0.0846569595	0.0256295167	0.0689089666	0.0274581579	-0.0420426285	-0.0036458647	-0.1072745514	-0.1460736746	0.050525583	0.0069535426	0.0251896774	-0.1291373117	0.0200548622	0.0707239264	-0.0463470418	-0.1103200332	0.0639633175	-0.0640380722	-0.102480946	-0.2176241966	0.1556084078	0.0513678078	0.0343605223	-0.0524707825	0.1813882335	-0.0211763216	-0.1022051389	-0.0494402538	0.0738548283	-0.0095838066	0.0417295472	-0.0420683145	-0.1944123653	-0.0286170728	-0.1168906914	0.0979388788	0.1818211083	0.047354783	-0.0125249399	0.0068701239	-0.160903813	0.0704101177	-0.0391042019	0.1851838133	-0.0220593118	-0.1748944271	0.0218601401	0.0241472525	0.0774005389	-0.036567697	-0.0964668564	0.0227406213	0.1677591016	-0.0379508622	0.1402584226	0.0099834827	0.0103216357	-0.0114799466	0.1195003895	0.0679875384	0.0627111709	-0.1804473793	0.0270747534	0.073952682	0.1826112039	-0.2499724801	0.1285906105	-0.0895430398	0.0119666795	0.0165478795	0.0935611987	0.0247054029	0.0179350427	-0.0322270558	0.0271676002	-0.0016399595	-0.0069721761	0.1301375753	0.0101186238	0.1017453621	-0.1644991392	-0.2042905211	-0.0188713652	-0.0830119549	0.004189852	-0.0490563891	0.1127693529	0.0560860184	0.0235117612	-0.1118434702	0.0485561163	-0.0193018189	0.0315683409	0.1766799383	0.0310073175	-0.009404651	0.0124484091	-0.0847111719	0.0075353483	-0.0515768059	0.084903288	-0.0896844843	0.0760356024	-0.0351487982	0.1547738513	0.0931627481	0.025004169	-0.0700795705	-0.0297306792	-0.0413523504	-0.1856278664	0.0730881138	0.0318550363	0.105329463	-0.1612515619	0.0799484262	-0.0610756559	0.0738318668	-0.0025727969	0.0179009194	-0.0050684204	-0.1287014744	0.0151740128	0.1275100165	-0.0175732227610012	-3.808889459830031e-05	0.0003088181582077	1.4507638917204304e-09	-0.036669488011114	-0.0214173475701784	0.0004587027769418	0.0013446513509972	0.1192895440292645	0.0041305452246263	1.7061403852683156e-05	0.0142299953147098	-0.0001035805106115	0.000215532566915	4.6454287401012055e-08	1.0728922178539063e-08	0.0009459913020104	4.0031159316699966e-05	1.6024937162390142e-09	8.948995434793317e-07	0.0001700488446318	-7.909561789169999e-05	2.8916609560610058e-08	6.256116769669812e-09
824.2620479371341	-0.9791844558642424	0.9588021986061523	679407.9236695183	1145.4221448653784	-1.827608353052483	3.340152292147209	1311991.889948004	783.0643013407071	-0.5543338787592802	613189.7000342096	0.3072860491403084	808.5622952657036	654.1342263792004	0.965596	18.679214	0.1107594976696866	0.0652396796764854	0.1349693168	-0.115652033	-0.1036197028	-0.0302213667	-0.0966910091	-0.0450364081	0.1519420471	0.1359863088	0.0298589936	-0.0465046279	-0.0094263821	0.0403628838	0.0637204308	-0.0806728963	0.0307096238	0.1041643663	0.0617702176	0.0622896172	-0.071938862	0.006259261	-0.0747403508	-0.0570852049	-0.028026444	0.1685092854	-0.0917813551	0.1394901121	-0.1202175913	0.0387311336	0.10420802	-0.0756147807	-0.0827095567	0.0009976825	0.1292336343	-0.0686523155	-0.0064250263	-0.0013481146	0.0286425471	-0.1099621731	-0.0755580972	-0.1291196787	-0.0795159442	0.0325985893	0.076596999	0.0788452183	0.1302873823	-0.0512157538	-0.1279728777	0.0094334482	0.0665949105	-0.1181762322	-0.2730046415	-0.0090394449	0.0284500903	0.1544423902	-0.0892642036	-0.0306340523	-0.0497991009	-0.0158853927	-0.0259726104	-0.069636787	-0.0465361287	-0.0457567223	0.0957237322	0.099251389	0.1615829436	0.0383402631	-0.0186049185	0.1326356636	0.0388995115	-0.160562901	-0.0076810305	0.1074806664	0.0811483562	0.033297691	0.0412715345	0.0694223823	-0.1277999546	-0.0611943779	0.0199024373	0.0486051591	0.0499140206	0.0682207085	0.0431778069	0.0287764822	0.0201343314	0.0167570312	-0.0034535042	-0.1135233452	-0.1150294211	0.1397188652	0.0954666256	0.0715790336	0.0077970436	0.0512026003	0.1501737218	-0.0626628182	0.0669432782	0.0709991151	0.0208186234	0.0009715927	0.1140126491	0.0938021837	-0.0600872904	-0.0606638793	0.066108559	-0.1880855412	0.119993473	-0.066238278	0.0730012694	0.0941245951	-0.0005810376	-0.0965601159	-0.1047175152	-0.0462923106	0.019123139	-0.0598626344	0.1652412377	0.0978829334	-0.0230144587	-0.016172754	-0.0663706605	0.0715198876	0.1215555138	-0.0076051866	0.0369259591	0.0515111169	-0.0732889953	0.0378786572	-0.11208824	-0.0435924113	-0.0084435077	-0.1279949812	0.0251860523	0.124700488	-0.0212280849159327	-0.0036548621549315	0.000450631589198	1.3358017371550528e-05	0.0132761764458564	0.0499456644569704	0.0024945693980482	0.0001762568610215	0.1572181868162943	0.0379286427870297	0.0014385819436661	0.0247175582658032	-0.0003570690615547	-0.0002534885509432	6.425644545928329e-08	1.2749831471955414e-07	0.000814969828625	-0.0001310214733853	1.7166626488081064e-08	6.641758215690619e-07	0.0001701453857183	9.65410865000078e-08	2.8949452281229092e-08	9.320181382601987e-15
825.0684247457737	0.8063768086395839	0.6502435575117602	680737.9055124724	1148.0429527739177	2.620807908539291	6.868634093462092	1318002.6214138558	784.1023502361812	1.0380488954741622	614816.495645903	1.0775455093951285	809.6979753575371	650.6030588805221	0.987272	19.098545	0.0820359131537463	0.072524103514019	0.2078866681	-0.00267965	0.0538760207	0.0474938133	-0.0042004679	-0.1315086766	0.1077428572	0.0253616551	0.0097177125	-0.1187777642	0.0130340384	0.0663828082	-0.021385303	-0.050566805	0.0937178207	0.1266711798	0.0061338403	0.1160653912	0.0672399134	0.0745706591	0.070140521	-0.0806019286	-0.0820965101	0.029567835	0.0845028478	-0.0377197624	-0.0030850414	0.1153090908	-0.0436903651	-0.0603900429	-0.0044562627	-0.0268666626	-0.0292396559	0.0169771999	-0.0706575634	0.0289151086	-0.2073455261	-0.1585724885	-0.0845496388	0.0193759917	0.0530176761	0.0064950284	0.0095420754	-0.1424000019	0.0405146347	-0.0585334398	0.0258494932	-0.092446416	0.0034809949	0.0722789732	-0.0629962121	0.156247483	0.1787286216	-0.1123985613	0.1142116999	0.0105224973	-0.0861671649	-0.0411461977	0.0838608499	-0.125160071	0.1030737517	-0.1162638069	-0.0343666493	-0.0371268465	0.0969659065	0.1186275083	0.0408843995	0.0251916475	-0.093962183	-0.0639283857	-0.0300536341	-0.009056277	0.1096922519	-0.0423853528	0.0965193734	-0.1129559562	-0.1120456317	0.0915393786	0.0082733225	0.0373552482	0.0127421153	-0.0797961719	-0.043295126	-0.0666371579	-0.0006947707	-0.0524787603	-0.1895784826	-0.1431007277	0.1054336773	-0.0109829234	0.113426593	-0.1339106423	-0.0354068391	-0.0557573915	-0.1972815767	-0.0285919295	-0.0348142498	-0.13746109	-0.0053587912	0.0362495453	-0.0966032669	-0.0494896329	0.0446639618	-0.0909542932	-0.0887860367	-0.0727303528	-0.1097613698	-0.0056533247	0.1604424509	0.0387795135	0.0286500198	-0.1234190014	-0.1582695433	-0.0669377354	0.0229692431	-0.0112844703	-0.0400735608	0.1142741911	-0.0393337851	-0.0647009751	-0.0070594833	0.0825538613	0.1219504283	-0.0676958902	0.000158264	0.1087286637	0.0269892546	-0.0741541168	-0.0032025485	-0.035460613	-0.0118128082	-0.1269376627	0.0350428114	0.1205247148	-0.0199100786921775	0.0013180062237551	0.0003964112335287	1.737140405857438e-06	-0.0589991277118713	-0.0722753041577277	0.005223719591092	0.0034808970707617	0.1573109746740328	9.278785773850218e-05	8.609586543700519e-09	0.0247467427528941	-0.0003180799432727	3.898911828199999e-05	1.5201513444077855e-09	1.0117485031236405e-07	0.0009429724803557	0.0001280026517307	1.6384678850090876e-08	8.891970987081811e-07	0.0001701499139961	4.528277799985877e-09	2.8950993232880224e-08	2.0505299833844928e-17
826.027842123357	0.9594173775833496	0.9204817044089116	682321.9959629696	1149.1411702082708	1.098217434353046	1.2060815331169867	1320525.4290676338	784.3244574567741	0.2221072205928749	615164.854564863	0.049331617439492	809.7779334913829	655.1869025824938	0.947001	18.319511	0.1009020705026636	0.0566121247767556	0.1628212215	-0.0597298795	0.0150121026	0.0374501316	0.1418672968	0.0924191821	0.0646044593	-0.0905122387	-0.0102641932	-0.194975919	-0.0234321368	0.0314389575	0.0354437173	0.0774196284	0.0693768891	0.0458889366	0.06300225	-0.0456372885	0.0172125873	0.1211974992	0.0478864681	-0.1004049144	0.0464995324	-0.0724913701	-0.2179496791	-0.1510121454	-0.0003760245	-0.0031062627	0.0733329899	-0.037220326	0.027818465	0.0879778708	-0.0379652173	-0.0091193009	0.1190413548	-0.0683553667	-0.1123411993	0.0014837385	-0.0520409711	-0.0123464333	-0.0444905361	-0.0938544227	0.0891432952	-0.1238002791	0.0975811814	0.0365198955	-0.1324818477	-0.0274592679	-0.1096330793	0.0308069785	0.0036999801	-0.0354467084	-0.0122793865	-0.0315705274	-0.029796106	0.0748758262	0.0231710197	-0.0212800574	0.1596911453	0.0067746813	0.0619660527	0.0439906454	-0.1110362662	-0.0727005545	0.1042693752	0.0219224357	0.2036732581	-0.0292824136	0.0776119858	0.036340526	0.0859199458	0.0158226147	-0.0052976589	0.0590956207	0.0454286946	0.0097857889	0.0413379683	-0.0691920413	0.0906098974	0.0756377477	0.0235177724	-0.0223616292	0.0118530675	-0.0913374167	-0.003229854	-0.1204811829	-0.1169670732	-0.0883250224	-0.0269239753	-0.0190648666	0.2260539344	-0.0007602531	0.080336949	0.0764779315	0.1095388714	0.1080183307	0.0664604915	-0.0522033848	0.079400106	0.0812024832	-0.0093119298	-0.0539831523	-0.0762014307	-0.0536199945	0.0043997211	0.0548091928	-0.0771328109	-0.1931607644	-0.0058965076	0.004044966	0.1311095982	-0.1383669445	-0.0831330444	0.0056170897	-0.0414887376	0.0671778159	0.02584948	0.0790625531	-0.0095598984	-0.0664160923	0.0441678042	0.1807004828	0.0895017777	-0.0935543388	-0.1143059019	0.1208771209	0.0320797127	-0.0157699149	-0.058016119	0.0101446397	-0.0151740128	-0.1255324169	0.0446835199	0.1150284477	-0.0351554462899201	-0.0152453675977426	0.0012359054038434	0.0002324212331903	-0.0108440065898065	0.0481551211220648	0.0023189156902807	0.0001175924789197	0.1324142842799816	-0.0248966903940512	0.0006198451925772	0.0175335426813797	-0.0005590807986339	-0.0002410008553612	5.8081412284830043e-08	3.125713394011194e-07	0.0009539526345809	1.0980154225199946e-05	1.2056378680917622e-10	9.1002562902384e-07	0.0001702667321858	1.1681818970000255e-07	2.899076008923094e-08	1.3646489444785779e-14
826.8029295484139	0.7750874250568813	0.6007605164813067	683603.0843098394	1148.4232117090469	-0.7179584992238688	0.51546440660779	1318875.8731921222	785.3243270634857	0.9998696067116272	616734.2986777168	0.9997392304256638	810.4385283321456	658.453458980143	0.957459	18.521811	0.0503785934170507	0.0286600637409728	0.0669298972	-0.1410530136	-0.0874628133	-0.0079269452	0.0020030919	0.0236484014	0.0246176378	0.0620136913	0.0154286951	-0.2034396024	-0.0107503761	0.0194207599	0.1087807964	0.0887377476	0.1000417067	0.0413732664	-0.0465360248	-0.0225960576	0.0997083283	-0.0121393091	-0.1203826936	-0.0255495328	-0.0799261682	-0.0930519906	-0.1200899997	-0.0887434364	-0.010941033	-0.0291986282	0.0844479888	0.0436527932	0.2216921644	0.0382233444	-0.0451467723	-0.1059311091	0.0012533902	0.0008403943	-0.0596485706	0.0111518547	-0.1112434908	0.0786961769	-0.0255264267	-0.0493133542	0.0136379501	0.0644239914	0.0246483672	-0.0364698585	-0.0508297981	-0.1011206001	0.1065989197	0.0413944434	-0.1938414144	-0.1753658175	0.0795348115	0.0143037819	0.0676905525	0.1732057984	0.1292061557	0.1293009024	0.0341509861	-0.0059041172	-0.0520654729	0.1530825709	0.17951348	0.0981543411	0.0608896054	0.0310759721	0.1208905011	-0.0233168404	0.0335376593	0.1043244937	0.0086886506	0.1346432413	0.0135975924	0.1584027343	0.0033846427	-0.1143626712	-0.0430166074	-0.0388582742	-0.0345972987	0.0048269495	-0.0514868257	-0.0608278472	0.1008475708	0.0296247168	-0.0350290406	-0.0786935635	-0.0279308748	0.0241303692	0.110361368	0.0198558128	0.19104493	0.0818147509	0.0739093299	0.164776202	-0.0025016064	0.0392407861	0.121262789	-0.0621283942	-0.1453540062	0.2008186643	0.1519431376	-0.0767514066	-0.0385960032	0.1517070557	0.0454221677	-0.0491597087	0.1123954135	-0.0944272016	0.0229486761	-0.0074581345	0.1206598364	-0.0672749238	-0.0833857529	0.099314005	0.0546042678	0.061473866	0.0580430816	-0.0590336721	-0.1095588157	-0.0349257367	0.0405395134	-0.0111122067	0.0758047866	-0.1391780888	-0.039849826	-0.0532223189	-0.0956469287	0.0566036584	-0.0410874809	0.1715673146	-0.0185248178	-0.1237830955	0.0540487397	0.1082719048	-0.0254795411820367	0.0096759051078834	0.0006492070188471	9.362313965676412e-05	-0.030573305173732	-0.0197292985839254	0.0003892452226136	0.0009347269892461	0.1322985937958947	-0.0001156904840868	1.3384288108257402e-08	0.0175029179203711	-0.0001900766860907	0.0003690041125432	1.3616403507379464e-07	3.6129146595222505e-08	0.0009059833558644	-4.79692787165e-05	2.30105170058126e-09	8.2080584110332e-07	0.0001700861386224	-1.8059356339999785e-07	2.8929294551478272e-08	3.261403514150904e-14
826.7869675748836	-0.0159619735302385	0.00025478459898	683576.6897516717	1148.341395386264	-0.08181632278297	0.0066939106737271	1318687.9603576716	784.7068322830439	-0.6174947804418025	615764.8126316892	0.3812998038728699	809.86170661553	659.4539258292007	0.8673419999999998	16.778513	0.0446963129886786	0.0260468918869347	0.0830506547	-0.137905466	-0.0610259111	0.047824703	-0.0412829232	-0.0299095309	0.0771866877	0.1197571379	0.0360630514	-0.1503364496	-0.0340982996	-0.0054330882	0.0099890262	0.0283747121	-0.0146302779	0.067531647	0.08564501	0.0703844138	-0.0351192562	0.1161218232	-0.1220592368	-0.1390684479	-0.0176731595	-0.0167859671	-0.0904434892	0.0294260582	-0.0554393506	-0.101184864	-0.0217903726	-0.0392302699	0.0780311787	-0.0534342219	-0.184521373	-0.0870954697	-0.1075144818	0.0585202388	-0.0432311652	0.0875856556	-0.0065801332	0.0276153116	-0.0424930619	-0.0285622289	0.0647353579	0.031829706	0.0740855987	0.052041254	0.1216533518	0.0141624555	0.0979881982	0.024624658	-0.0625593877	-0.0872176627	0.0043719296	-0.0702737997	-0.1160828197	0.0074437867	0.000792395	0.033237114	-0.1417848438	0.0344518459	-0.1361920402	0.1080931278	-0.0481320693	0.1066416818	0.1132142501	0.0594845954	0.0860424539	-0.0358041887	0.0448506666	0.0622212796	0.0323418608	0.0045411321	0.0750506374	0.0361936374	-0.0719844738	0.0424938567	-0.0418017101	0.0443354462	0.0009859262	0.063213611	-0.1550129746	-0.0849057905	0.1556345998	-0.0237926291	-0.097759832	0.1018085149	0.0182281022	0.1000004373	0.0054689942	-0.1034399328	-0.0130793402	0.0640840431	-0.0496953167	0.0433395026	0.0861744877	0.0576367553	0.0208972371	0.0766591646	-0.0581407474	-0.06507657	0.0366176075	-0.0871631525	-0.0137878843	-0.149571639	-0.1848911158	-0.1108928581	0.0826244376	-0.0453498492	0.0944359805	-4.17901e-05	0.1228517833	-0.0836984428	-0.0622707427	0.1108670015	0.01565845	0.068857755	0.1106858767	0.016565173	-0.0638043358	-0.0118303815	-0.0055284783	0.0308657688	-0.020830755	-0.0931641556	0.0955243536	0.0080238589	-0.0046966137	-0.0618124595	-0.1042658168	-0.079175659	-0.0218629269	-0.1216944932	0.063080731	0.1003291122	-0.0352041610955069	-0.0097246199134701	0.0012393329584384	9.456823246146114e-05	-0.0229906282316108	0.0075826769421212	5.749698960857652e-05	0.0005285689864841	0.1323116571325258	1.3063336631091715e-05	1.7065076393722263e-10	0.017506374613155	-6.661304199387721e-05	0.0001234636440968	1.5243271413666923e-08	4.437297363678049e-09	0.0013299976186069	0.0004240142627424	1.797880950090658e-07	1.7688936655000248e-06	0.0001700449895326	-4.114908979998958e-08	2.8915298465142052e-08	1.6932475913676068e-15
825.1401357508307	-1.6468318240529245	2.712055056713482	680856.2436268993	1145.395167065482	-2.946228320781984	8.680261318177827	1311930.0887369632	783.4185064333733	-1.2883258496706276	613744.5562222974	1.6597834949295445	808.5575355840264	657.2368551695923	1.003706	19.416454	0.0791402537923465	0.0406884265656368	0.083548108	0.0741354326	-0.0714501141	0.1155840159	-0.0947406264	-0.0657017946	0.0550039144	0.0878778463	-0.0442245658	-0.0562264162	0.1269771828	0.0786114454	-0.0880420182	0.0095971995	-0.017603588	0.0665424108	-0.0450548022	-0.0300002061	0.0296061714	-0.0452342731	0.0159025875	0.0213951991	-0.0759799333	-0.0078280922	0.0191680666	0.0255329144	0.1008153721	-0.0573875765	-0.1256634418	-0.0624611665	-0.1321072941	0.0010419532	0.0966730232	-0.0331693709	-0.0384116215	-0.0891610599	-0.0271882074	-0.0087518921	-0.0597261885	-0.0339059109	-0.0136989732	0.0315031954	-0.0623053035	-0.050366054	0.0328948371	0.1530488212	0.0905948137	-0.0046753146	0.062419789	-0.0277060875	-0.0292167403	0.0246715189	0.0613741823	0.0547992618	-0.0732118962	0.2206464343	-0.0528442523	-0.0447366896	0.0876096861	-0.1043479983	0.0611190434	0.0493144467	0.1125611615	0.0157750563	-0.0545468519	0.1565585055	-0.0082870609	-0.0007606934	-0.0164397199	-0.0750496318	0.0636116138	-0.1383260803	-0.0282165773	-0.0521234952	0.0783001015	0.0298127421	-0.1116018198	-0.0584912182	-0.0092792617	0.0528209232	-0.021757611	0.0008982346	0.0400348847	-0.0409508493	0.0666973699	0.1010535793	-0.0617670737	0.1441018479	0.0370176938	0.0568856389	0.1296803155	-0.0988537169	0.0175717092	-0.1715218745	0.0393292911	-0.0397800722	-0.042180484	-0.0349251714	-0.0842402283	0.1990140594	-0.039087597	-0.0345856456	0.0290561827	0.1182010817	0.0677940749	0.1019984995	-0.0406277418	0.0967696538	0.027177751	0.0601474679	0.1965375072	0.0694135008	-0.0359800286	-0.0586270484	0.1108839372	-0.0868411962	0.0505692401	0.0015320931	-0.0009262845	-0.0003117429	0.1126828902	-0.0203184553	-0.0683880744	0.0647385214	-0.125886553	-0.042710153	-0.0203174887	-0.0417621912	-0.07077832	-0.0006713145	-0.0251860523	-0.1192723348	0.0717238087	0.0912870929	-0.0305955843256953	0.0046085767698115	0.0009360897802307	2.123897984324712e-05	-0.0463419945276228	-0.0233513662960119	0.0005452863078905	0.0021475804567982	0.1524568842062876	0.0201452270737618	0.0004058301738534	0.0232431015418893	-0.0004380921159275	-0.0003714790739336	1.3799670237058196e-07	1.919247020378341e-07	0.0010809667502234	-0.0002490308683835	6.20163734078401e-08	1.1684891150885384e-06	0.0001702367202707	1.917307380999928e-07	2.8980540928524563e-08	3.676067593236802e-14
824.9256682948035	-0.2144674560272506	0.0459962896948006	680502.3582116282	1145.3176169762244	-0.0775500892575564	0.0060140163438549	1311752.4437560977	783.5123859847974	0.0938795514241519	613891.6589915903	0.0088133701755999	808.574697375025	648.2369030814134	1.005464	19.450462	0.0814900950372911	0.0498120578346477	0.0951408078	0.2077617374	-0.0559593987	-0.0147487417	0.0765386055	0.090604137	0.1173829857	-0.1171916507	-0.1140919163	-0.0531976059	0.072431776	0.0228593214	0.0711496422	0.0238753654	-0.0725738909	0.0005120939	-0.1190180378	-0.011839258	-0.0342668747	-0.0474231366	0.1133498556	0.2356871531	-0.0103235	-0.0612048761	-0.0122123851	0.1174091715	-0.1089274892	-0.0288284407	-0.0093058066	-0.1212174666	0.1403842361	0.1439531866	0.0494520123	0.0784696378	-0.1319523966	-0.1885463894	0.0348419401	0.1315836737	0.0619692353	0.0262066317	0.0309207533	0.0774231511	-0.027738031	-0.0828947072	0.0142841858	-0.0866388572	0.0767145647	-0.0417787825	0.092876791	-0.2137976721	-0.0383146551	0.0115532142	0.0454617223	-0.1287124273	0.044925084	-0.0589722564	-0.016432537	0.1585476263	-0.0310104878	-0.0402329711	0.0681554996	-0.0658541263	0.0980149183	-0.1374331427	-0.1869248955	0.0810432322	-0.0037982792	0.0298871717	0.1272401503	-0.0870128136	-0.0799146844	-0.0464144733	0.1883971324	0.0946414571	-0.0374137822	0.0062674481	0.0058175296	-0.1300507055	-0.1266335237	-0.1663552682	0.0417450242	-0.0611826726	-0.1022337182	-0.0264915735	0.0284077539	-0.0396985903	-0.0117900317	0.0295699321	0.0336208163	-0.0803315004	0.0377863815	0.1013120054	-0.0167809097	-0.0026715933	0.009479781	-0.0163837012	0.171823839	-0.1042082093	-0.115222541	0.0065017543	-0.0231724487	0.0628135507	0.0266144135	-0.0539023587	-0.0248048438	-0.1588985309	-0.1314876783	0.0130916456	-0.1800312066	0.0627366521	0.0567103893	-0.0615815088	-0.0553433662	-0.1286522323	0.0483427942	0.0520926503	0.000115923	-0.0889747348	-0.0033012059	-0.0924456812	0.0677108556	0.0193755366	0.0579409098	0.0509019267	0.1883611347	0.0964040884	-0.0988923486	-0.0090416048	0.0485891089	-0.0246429172	-0.0284919163	-0.1165232592	0.0799246852	0.0812449131	-0.0389892052112372	-0.0083936208855419	0.0015201581230039	7.04528715702052e-05	0.0001240692526351	0.0464660637802578	0.0021590950832309	1.5393179449432266e-08	0.1662156364077986	0.0137587522015109	0.0001893032621425	0.0276276377864495	-0.0005105458405624	-7.245372463490004e-05	5.24954221346992e-09	2.606570553155676e-07	0.0009709759395344	-0.0001099908106889	1.2097978436023413e-08	9.427942751547108e-07	9.524809219499336e-05	-7.498862807570664e-05	9.072199066785956e-09	5.623294340676659e-09
826.478565536314	1.55289724151055	2.411489842691076	683066.8192909634	1145.901358840812	0.5837418645876369	0.340754564472251	1313089.9241932195	784.146499184157	0.6341131993596036	614885.7321827692	0.4020995496020724	808.7444405819544	652.063406553584	0.997059	19.28787	0.0423990021013571	0.0194897901979606	-0.0241632395	0.0681867744	-0.2088006142	-0.0759655816	0.0670097675	0.0365049561	-0.0035917173	0.0378136853	-0.1305192203	-0.047625469	0.0388902677	-0.0425754297	0.0976734446	0.0609697202	-0.0903337249	-0.095249238	0.0713992371	-0.0274757564	-0.0611114861	0.0282199248	-0.107966109	0.1491011226	0.0057897909	-0.083237522	-0.0993823225	0.1434140195	-0.0458061819	-0.1455043773	-0.1234618369	-0.1336930054	-0.1499591262	0.0736361454	-0.1091677495	0.1307548623	0.0510723687	0.1306413541	-0.0289032172	0.0950372513	0.200114733	-0.1011552885	0.0271535624	-0.0902995037	0.0349650886	0.1124697079	-0.2607127458	-0.1305261489	-0.01995308	-0.0275393389	-0.0305744518	-0.0531017076	-0.0725139463	-0.0090237811	0.0647554956	-0.2310510047	-0.0782682905	0.0809384193	0.0993503062	-0.0457169819	-0.0373523378	0.1073385759	0.1000037065	-0.0443856686	-0.1365878279	0.0773775015	-0.1671981984	-0.0185502539	0.0282603382	-0.0110029726	0.1662136036	-0.0358402949	-0.0986719543	-0.0843976554	0.1274230045	0.1057113098	0.0188760513	0.046876107	-0.0381456142	0.1185367237	-0.0269455083	-0.014560308	-0.1618066628	0.1040206323	-0.1389726578	0.2701883151	0.1777258928	-0.0995682094	0.0366872961	0.0206967513	-0.2104127819	-0.2639944525	-0.0067213291	-0.0746367905	-0.0290717057	0.0381005266	-0.0411152428	0.0475234026	0.0585003963	0.0756671194	-0.1107376362	0.0288170604	-0.0411129804	0.089326185	-0.1266034401	0.032215604	-0.0940155636	0.0793187812	0.1058723591	0.0368427827	-0.1767341201	0.0510065022	0.0669724592	-0.1393889203	-0.0151811285	-0.1399506484	-0.0372240828	0.0473812678	-0.0100083357	-0.0198231821	-0.0127571921	0.0056379827	0.0829792835	-0.0234531698	-0.0973150872	0.0489201302	0.0602597355	0.081582926	0.1666854723	0.0197715046	-0.0567030874	-0.0426639374	-0.0317782535	-0.1134548014	0.0876327994	0.0703125971	-0.0519934239297583	-0.0130042187185211	0.0027033161319395	0.0001691097044791	-0.0080074761742565	-0.0081315454268915	6.612203102960167e-05	6.41196746812855e-05	0.1755059071548927	0.009290270747094	8.630913055431233e-05	0.0308023234462618	-0.00049109535966	1.94504809024e-05	3.7832120733462705e-10	2.411746522795848e-07	0.0011159584405127	0.0001449825009782	2.1019925589922715e-08	1.2453632409515371e-06	0.0001702744544913	7.502636229630664e-05	2.89933898523098e-08	5.6289550394166625e-09
827.7935973891935	1.3150318528794287	1.7293087740875035	685242.2398785421	1150.502819028675	4.60146018786304	21.173435860488564	1323656.7365929282	784.3412993332436	0.1948001490865181	615191.2738397608	0.0379470980841296	808.8458698065139	657.152488953588	0.918857	17.775066	0.0754948160384603	0.0531653232038858	-0.1540320915	0.0597413847	-0.1585730606	-0.0093506581	0.0889125441	-0.1253187518	-0.184116134	0.07178439	-0.0953369539	-0.0593895559	0.0028268805	-0.1056568087	-0.0153667896	0.0053731471	-0.0843442284	-0.1729025352	0.039037134	0.0971879052	-0.1001270772	0.0017746822	-0.1214481874	0.119439232	-0.1202706536	-0.0523253195	0.1072911645	0.03335897	-0.0224685903	-0.0310749603	0.0037850567	-0.0733585825	-0.1625136283	0.1277103493	-0.0799760411	0.085668633	0.0295525954	0.0497654567	0.1202331791	0.0084654804	0.1305035543	-0.0599287595	-0.0372854685	-0.0558477836	-0.1252628344	-0.0593604303	0.0983983138	0.0200049686	-0.0853532413	0.0662912725	0.0424199961	0.1044521261	0.1006921468	0.0046034214	-0.0553090178	-0.0002262029	0.2658455632	0.0286320131	0.1639719063	-0.1512159864	-0.0955171018	-0.0541730803	0.0239919387	-0.1162343741	-0.0353246975	0.1328034708	-0.1667231039	0.01626039	-0.0572358751	0.0044643611	-0.0757645751	0.0980008976	-0.028428015	-0.0291711914	0.0904918831	0.121566157	-0.0441552523	0.1857257402	-0.0142330067	0.0716683858	-0.0487989391	0.087030387	-0.0383835187	0.2150793083	-0.1092003193	0.0532719644	0.1441644615	-0.031383343	0.1248123929	0.0230701839	0.089330817	0.0083233722	-0.0518252659	0.0679721691	0.022137452	-0.0224361199	0.0413628222	-0.1253392023	-0.1476886369	-0.1654462292	0.102910898	-0.0286990375	-0.040192455	-0.048330333	-0.0514875604	0.0705993057	-0.091084409	-0.0109100911	0.1118668857	0.1641713653	-0.09203589	0.0470133015	-0.0115286206	-0.1152013687	0.0320408125	-0.1343662696	-0.1616194684	0.1402854346	-0.0499924451	-0.0326486606	-0.0226469138	-0.095082709	0.0302831737	-0.0322104267	-0.1259135995	0.0402952084	0.04137519	0.0914148234	-0.0285010143	-0.1191637614	0.1085722959	0.0610545458	-0.0350428114	-0.1100753719	0.0948006283	0.0586099215	-0.0521441656424315	-0.0001507417126732	0.0027190140105453	2.2723063939649913e-08	-0.0582360106145358	-0.0502285344402793	0.0025229056720183	0.0033914329322963	0.1717407564547599	-0.0037651507001328	1.4176359794710572e-05	0.0294948874276531	-0.0006170694141321	-0.000125974054472	1.5869462400139605e-08	3.807746618573331e-07	0.0008149478093428	-0.0003010106311698	9.060740007730149e-08	6.641399319526288e-07	0.0001702513564258	-2.3098065500011923e-08	2.8985524364824786e-08	5.335206298428411e-16
827.9951528879877	0.2015554987942778	0.0406246190942101	685575.9732060021	1154.5082445063142	4.0054254776391645	16.043433256920927	1332889.2866330517	784.5266435676981	0.1853442344545328	615482.054467598	0.0343524852455368	809.0219554927287	661.4248062987971	0.914452	17.689856	0.0580166998245521	0.0297384281670795	-0.2172894972	0.0748957254	-0.045394597	0.0499396501	0.0489352305	-0.1331534723	-0.2558708793	0.0057407766	-0.0310881006	0.0889165284	-0.0073812489	-0.1624813058	-0.0047379024	0.0569446248	-0.0868110399	0.0443809797	0.0282232312	0.1225522009	-0.1204225302	0.0923514771	-0.0376627082	0.0848277373	-0.106514442	0.0068028526	0.1918920958	-0.0531828521	-0.0923308277	-0.0296140654	0.0313130541	0.1107322912	0.0018674306	0.0868982847	-0.0158649595	0.0167479254	-0.033220044	-0.0483340153	-0.0838659554	0.2206966943	-0.1322134011	-0.0673211904	-0.0254334425	-0.0303469131	0.0665366184	-0.0393843722	0.0728867679	-0.2500397774	-0.0238891066	0.0745105182	0.0099642828	0.0857872397	-0.1072019756	0.0506584177	-0.1145176059	-0.1012685231	0.1021260045	-0.0122052257	0.020952283	0.0484576073	0.0506196702	-0.0292633058	0.0137153875	0.0870737557	-0.0251106679	0.0773794754	-0.1251132391	-0.0445094921	-0.1413115855	0.0285213373	-0.1249983271	0.2005675475	-0.0758494634	0.1193983855	0.0503608819	0.0197572134	-0.1232541548	0.0140331565	-0.1398667827	-0.0324091318	-0.1088346626	0.0976384058	-0.1070869167	-0.0718510029	-0.1065916335	-0.0640537414	0.1205405411	-0.1057030101	-0.0683160758	-0.104374563	-0.0322857458	-0.0730903957	-0.0035933011	0.0908373559	-0.023825201	-0.0569386866	-0.084303663	-0.0393875543	0.1135462836	-0.0192510558	-0.0478690062	-0.0318779026	0.0979776423	-0.0288507598	-0.0104458598	0.0871185681	0.0815016588	0.082862686	0.0522335823	0.1724411011	-0.0181841539	0.0361743797	-0.0997051399	-0.0743803249	0.0647759447	-0.002678225	-0.2382692323	-0.030341329	0.0716493938	-0.1358892808	-0.0115901658	0.0449259865	0.0999686876	-0.0705593557	0.0575822673	0.1096676306	-0.1085673407	0.0154373393	-0.0318833092	0.0513827724	-0.0198364472	0.0416507158	-0.0382833527	-0.1063942335	0.1013839798	0.0462651033	-0.0519082994624824	0.0002358661799491	0.0026944715530867	5.56328548437838e-08	-0.0401981743222705	0.0180378362922653	0.0003253635381065	0.0016158932188436	0.1858976552902476	0.0141568988354877	0.0002004177846382	0.0345579382424117	-0.0008380946023461	-0.000221025188214	4.8852133825034164e-08	7.024025624816675e-07	0.0011049329281023	0.0002899851187594	8.409136910196128e-08	1.2208767756047224e-06	0.0001709630197893	7.116633635000091e-07	2.9228354135476586e-08	5.064647429481461e-13
826.8092474218115	-1.185905466176223	1.4063717747066449	683613.5316222223	1151.826768793611	-2.6814757127031044	7.190311997816622	1326704.905309531	783.6379697985036	-0.8886737691944973	614088.4677099205	0.7897410680543546	808.2636283243089	659.554859258443	0.950514	18.387463	0.0197239035947657	0.0148165752969004	-0.1677082727	0.0936345584	0.1435350836	0.0474991903	0.0399252774	-0.0712570673	-0.1484915595	-0.1294222108	0.0172875406	0.1036196138	0.0273233821	-0.1148627304	-0.0642564273	-0.0380558377	-0.0556896593	-0.1076213629	-0.0050383923	0.0307204761	0.0306423369	0.0985596749	0.0975668973	0.0286968973	-0.0415890372	0.0611490738	0.0346520885	-0.0330867906	0.0194614994	0.0430890542	-0.0177037523	-0.0967113521	-0.0879743765	-2.44519e-05	-0.1372523673	0.0616156377	0.0767816312	-0.0799805468	0.1271157977	0.137210097	0.017104261	0.0593750695	-0.1159721136	0.0680583207	0.0062627821	-0.0457727376	-0.2074402746	-0.0178002485	0.097984391	0.1611666221	-0.1274439518	0.1682884431	0.0601895743	0.016840563	-0.0450105552	0.0571629501	-0.1133347165	-0.0544513328	0.249722896	0.0035102644	0.0989733324	0.0039937001	0.1287763197	-0.0589507574	0.1147462004	-0.0942319576	-0.0346824849	-0.0277064363	-0.079431826	0.0482987961	-0.1003567275	0.0467443304	0.0082763689	-0.0843934167	0.0035443386	0.034171524	-0.0989523946	0.1698927278	0.1857165875	0.1383659081	-0.0512388778	-0.0647264162	0.0485729117	-0.1670356074	-0.1371545117	-0.0041605933	0.0706897125	0.0260576481	0.0927775452	0.1181839707	-0.056087183	0.1045289026	-0.0089844163	-0.11320404	0.1400043966	-0.0390883138	0.055452855	0.0966749645	0.0692741317	-0.0060644219	0.1395712078	-0.2184224866	0.043560738	-0.0897949162	0.0599092234	0.0290892843	0.1254813202	0.140200166	-0.0993003716	0.09287678	0.0244292266	-0.0343806181	-0.1283561419	0.0041628551	0.125313015	-0.0139748531	-0.1505199605	-0.05003466	0.0486388452	-0.0809779509	-0.0205557358	0.0638457294	0.0673831268	-0.0515185343	0.2067222777	0.1096232759	-0.0695013789	0.0763667503	-0.1201057699	-0.0361392984	0.0604341929	0.0193986769	-0.0414976565	-0.1024214758	0.1073422654	0.033413395	-0.0520360390431307	-0.0001277395806483	0.0027077493592982	1.6317400464204047e-08	-0.0400304091063929	0.0001677652158776	2.8145167658458e-08	0.0016024336532251	0.1858250182535528	-7.263703669480037e-05	5.276139099801776e-09	0.0345309374089332	-0.0005781053650326	0.0002599892373135	6.759440351885541e-08	3.342058130794758e-07	0.001231952085366	0.0001270191572637	1.6133866311980563e-08	1.517705940637636e-06	0.0001708561791356	-1.0684065369998757e-07	2.9191833948816242e-08	1.1414925283040663e-14
826.5177927949027	-0.2914546269088305	0.0849457995465655	683131.6618065577	1153.1975090483315	1.370740254720431	1.8789288459110325	1329864.4948752767	783.7907846098036	0.1528148113000043	614327.9940392516	0.0233523665526559	808.6296795433823	661.7738314621321	0.925937	17.912027	0.0646037572240979	0.0383409661149537	-0.1293833262	0.008201524	0.1456082457	-0.0077795793	0.0338415979	0.117618892	-0.0583251653	-0.1239187684	0.1349423445	0.0881602898	-0.0866837797	-0.0074997408	-0.0022158895	-0.0033651383	-0.0063233677	0.0181532292	0.0223999696	-0.0884618322	0.0441594291	0.0279298633	0.0978082208	-0.0220232374	0.1764730195	-0.0153266221	0.0893396829	-0.0493461093	-0.0629100316	0.0349163318	-0.004675699	0.1733916656	0.0786339706	0.1204293381	-0.0057691309	-0.029847366	0.0533337838	0.0865000721	-0.1534384145	-0.0375554624	0.0569829783	-0.1890701073	-0.0581256684	0.0040298665	0.095668824	-0.0041286983	-0.0436877355	0.0293816522	0.0653131249	-0.0962573955	0.0410014439	0.046334321	0.1472660072	0.1273033438	-0.1061651792	-0.0397811561	-0.0514386266	-0.1824904276	0.1285659529	-0.0213219394	0.0176217016	0.0148663372	-0.1036617306	0.1000243552	-0.0729972531	-0.112499151	0.0247178982	-0.1282967665	-0.0752503089	-0.0584937423	0.058864299	0.0613148266	-0.1216014022	0.0375658032	0.0082240175	-0.0822664305	-0.0352193841	-0.1463233561	0.0187515356	0.0303353955	0.0925999965	-0.0339909638	-0.0387312516	0.021656064	-0.0470215498	-0.18358055	0.1011303063	0.03553314	-0.0171715415	-0.0350485868	-0.0453978746	0.0022931479	0.0349037395	0.0314367522	-0.1604517512	0.0763188409	0.0792488562	-0.0470976142	-0.1224067281	0.0717189087	0.0775545181	-0.1066226761	-0.0880651176	-0.0966594497	0.1678128675	0.018663791	-0.1715694807	0.1581520208	-0.0581360618	-0.052948284	-0.0612095006	-0.0141128497	-0.1069827082	0.1051830098	0.1239276854	-0.112231934	-0.10285304	0.0133806457	0.1337832601	0.0539252625	-0.0061218633	-0.0035835046	0.0998387781	-0.0741716098	-0.1019869936	0.094895181	0.0391542314	0.0790427726	-0.0850419664	0.0103635668	-0.0459272887	0.1577095132	-0.0446835199	-0.098167988	0.1126387502	0.0201956026	-0.0457082945164586	0.006327744526672	0.0020892481876033	4.004035079482869e-05	-0.0040800690305786	0.0359503400758143	0.0012924269515666	1.6646963294286595e-05	0.1858587372060327	3.371895247988865e-05	1.1369677563409891e-09	0.0345434701958211	-0.0007550265740972	-0.0001769212090645	3.1301114216879894e-08	5.700651275929547e-07	0.0010859805122549	-0.000145971573111	2.1307700156529205e-08	1.1793536729974151e-06	4.7909887928667175e-05	-0.0001229462912069	2.295357361337448e-09	1.511579052153993e-08
825.4044696391281	-1.1133231557745376	1.2394884491837752	681292.5385002504	1148.73888997135	-4.458619076981449	19.879284073622912	1319601.0373326095	783.3443391518907	-0.4464454579128869	613628.3536813124	0.1993135468910473	808.4433625286226	657.2493797695364	0.963793	18.644342	0.083913023907931	0.0484067487540387	-0.0659643497	-0.0954780705	0.0043474005	-0.0716496666	-0.045755537	0.1060605367	0.0213612242	0.0169434945	0.0851506165	0.0732201984	-0.1129940685	-0.0678050169	0.0183754705	-0.1010349915	0.0286402421	-0.0959645365	-0.1507572644	0.0881782916	0.0355437343	-0.1081067156	-0.0560246122	-0.0332029068	0.0986342485	0.1566104285	-7.38522e-05	-0.0386805116	0.1541015254	-0.0989085281	0.0413422913	0.0006044489	0.0033667035	-0.0130469974	-0.1131054225	-0.0034815243	0.0004728976	0.1311106213	-0.0402031221	-0.0463334213	0.0448798412	0.1054583368	0.0650324309	0.0954182424	-0.1244464015	-0.1125336865	0.1037930049	-0.0873648733	-0.0752915332	-0.0324974237	-0.0596552497	0.0204506304	0.0376600302	-0.1007986425	-0.1312643194	-0.0844339159	-0.0485694502	0.1050701914	-0.1183624329	0.0358255327	-0.0007426554	0.0050758305	0.0684805996	-0.1952847077	0.0354450397	0.028586714	0.0474238935	-0.1066905863	-0.0369575296	0.0666459316	0.0442228063	0.081320135	0.1087584816	-0.1433868814	-0.0936774005	0.0607885198	0.0889997513	-0.0883152634	-0.0272880996	0.0841091215	0.0712984987	-0.0294899064	-0.0288912399	0.1062836218	-0.0593474308	0.0071268377	-0.1182654357	-0.1330033109	0.0178016726	0.0425330041	0.0198762163	0.0381140026	-0.0071475075	0.1544225515	0.0040419263	-0.1260025054	-0.1510671524	0.0689820823	-0.0816097732	0.0791662735	-0.0968961342	-0.1572856322	0.0350435481	0.0134882046	-0.0931338985	-0.023424333	0.1118526305	-0.0566223965	0.0821227772	-0.0563441963	-0.0299115756	-0.0026147914	-0.1033080043	-0.0651445557	0.147037801	-0.1292602577	0.0842440192	0.1733396598	0.0272954462	-0.013278276	-0.0220718628	0.1218135164	0.0059926416	-0.050296737	-0.0458686963	0.0967371981	-0.0161582478	-0.0488044234	0.0779198391	-0.0560603429	-0.0564621201	-0.0605208359	-0.0478387595	-0.0936454286	0.1172407796	0.0067565429	-0.0429184003515956	0.0027898941648629	0.0018419890887398	7.783509451136613e-06	-0.0471272439092018	-0.0430471748786232	0.0018530592650307	0.0022209771184773	0.2062391496752909	0.0203804124692582	0.000415361212417	0.042534586858787	-0.0006991083319864	5.591824211080001e-05	3.1268498007620477e-09	4.887524598528064e-07	0.0012609421798479	0.0001749616675929	3.06115851269234e-08	1.5899751809195737e-06	0.0001709408261286	0.0001230309381999	2.9220766037528257e-08	1.513661175435569e-08
824.7887238241852	-0.6157458149428976	0.3791429086196931	680276.4389475281	1151.0833385826177	2.3444486112675804	5.496439290874487	1324992.8523625052	783.212932909544	-0.1314062423467703	613422.4982767698	0.0172676005276981	808.6855220088253	654.4155013106251	0.970552	18.775103	0.0561405225718251	0.035080095389166	0.044285418	-0.1270579129	-0.055553867	0.019913226	-0.0310916199	-0.1135717539	0.0011263064	0.0924071051	0.1108230826	-0.060459308	-0.0786302367	-0.092377198	0.0916953313	-0.1193946446	0.0115449754	0.0656357131	0.0698767399	0.0809456886	0.0079868511	0.0839817743	-0.0996588379	-0.0032904198	-0.0058886606	0.1825768019	-0.1521532913	0.0686185753	0.0112618548	0.1093966178	-0.0707089655	0.0961310004	-0.0457255014	-0.0846132642	0.0141117786	-0.1246392563	0.0367909647	-0.0506273995	-0.1161314562	0.0283132216	-0.0053069869	-0.0424403146	0.1865915732	0.1527553965	0.0581516746	0.1267837963	0.034381736	0.015156538	-0.0975184755	0.1233687031	0.052013819	-0.1127917904	0.1577451759	0.0362460849	-0.0927294407	0.1505568642	0.0757430233	-0.1135159181	0.1984946221	0.1043560891	0.0157250787	-0.1548598522	0.1011598861	-0.1198349063	0.0157395213	0.1286165201	0.1133991262	0.0289846075	0.023727116	0.1522087643	0.0750991586	-0.10186271	-0.0506478791	0.1015331233	-0.0367340486	-0.1313419354	0.0706121382	0.0224997921	0.0609587811	0.0893115234	-0.0435404584	0.0611064221	-0.1140797372	-0.0631359735	-0.1322342422	-0.2085771907	-0.0952503446	0.0161889995	-0.0132224707	-0.0545829454	-0.0592848492	-0.0588003705	-0.1608156381	0.1166826945	0.119117575	-0.0022943728	0.1742350265	-0.0715569492	0.0100383373	-0.1410266784	0.0990104469	-0.0685841711	0.1573295669	0.1376912212	0.075236938	-0.0556045928	0.0432394762	0.0188943487	0.1111215307	-0.0046835659	0.109756309	0.1133698968	-0.0886488167	-0.0926172033	-0.0476459233	-0.1091642577	-0.0349531057	-0.0158133382	0.1214512766	0.1243970894	-0.0302444374	0.1026809407	0.0723950469	-0.0290511265	-0.0167859158	0.0163916253	0.0296379727	0.0848510228	0.0145469824	0.0655333509	-0.0358986412	-0.0241888029	-0.0509612127	-0.0888661936	0.1211199807	-0.0067565429	-0.0449861063952568	-0.0020677060436611	0.0020237497686053	4.2754082829930326e-06	-0.0322122178143189	0.0149150260948829	0.000222458003411	0.0010376269765171	0.2360931164568569	0.029853966781566	0.0008912593325948	0.055739959638311	-0.0008381039732205	-0.0001389956412341	1.9319788282078653e-08	7.024182699279887e-07	0.0012139290814268	-4.701309842109988e-05	2.2102314231520237e-09	1.4736238147337147e-06	0.0001710085595077	6.77333790999866e-08	2.9243927424898574e-08	4.5878106443025e-15
824.304993607997	-0.4837302161882917	0.2339949220535714	679478.7224870799	1146.0818179856	-5.001520597017588	25.01520828239117	1313503.533517178	783.3892334367041	0.1763005271601514	613698.6910645468	0.0310818758769472	808.6601795533176	650.2744331893726	0.986677	19.087036	0.0807051202785902	0.0453749530771942	0.1302079093	0.0305793893	0.024210236	0.1383828675	0.0523106652	-0.1223401792	0.0096065754	0.0050301564	-0.1174799479	-0.1536693049	0.0337806882	-0.0085925924	-0.0384050236	-0.0944570517	0.0735849597	0.1399008274	-0.0574813211	0.1303757947	0.0681826693	-0.122014844	0.0864803692	0.0407541758	-0.0852419524	0.0036261013	0.0011469441	0.0632212683	0.0227200868	0.1675845674	-0.040552977	0.007829443	-0.0075756938	0.0372221655	-0.0623205747	-0.1660808658	-0.2162710141	-0.0702623121	0.1640884147	-0.0083835013	-0.1252924101	-0.0153569792	0.1707244387	0.1274638438	-0.1132690889	0.0217966719	0.0663097869	0.0920135357	0.0761097963	0.1625329765	-0.002470467	-0.0106171617	-0.107088532	-0.0245005235	-0.1958151272	0.0170391072	-0.0206890273	0.0234984544	0.0644081681	-0.2212641108	-0.1607992491	0.1356338652	-0.007794243	0.0855376491	-0.0891082948	-0.0493177131	-0.0380927639	0.1047570519	0.0820295368	0.0745309918	-0.161068715	-0.0714715344	-0.1140265936	0.0159630532	-0.0147287187	-0.0225159473	0.0374318066	0.1343492004	-0.0553513192	-0.0287588343	-0.1468939651	-0.0221269719	0.1158644955	-0.0901827091	0.2162975079	-0.0908165735	-0.0310567239	0.0368247113	0.0908623482	0.1091518403	0.055884462	-0.0370064809	-0.1055910422	0.1795566587	0.1089904758	-0.1681346034	0.0344693233	-0.1488821311	-0.0928559387	0.0147644825	-0.0598766536	-0.0443029032	0.0292091813	-0.0224835621	-0.1693077609	0.0032909966	-0.1479767738	0.0397190731	-0.1067973881	0.0258686373	0.1469953223	0.1673914654	0.0346988843	-0.0262171749	0.0320008682	0.0384676119	-0.0376014847	-0.1425180161	-0.1296430026	0.0135112702	-0.1145140737	-0.0330087486	0.002429514	0.0430800493	-0.017202241	0.0905166829	-0.0207105789	-0.0374226497	-0.1673506575	0.033887367	0.0017522869	-0.0123629476	-0.0540487397	-0.0838433825	0.1242524367	-0.0201956026	-0.0287441514706188	0.0162419549246379	0.0008262262437658	0.0002638010997739	-0.0668217473532735	-0.0346095295389545	0.0011978195349077	0.0044651459193447	0.2322776216581843	-0.0038154947986726	1.4558000558697686e-05	0.0539528935231826	-0.0003516000348376	0.0004865039383829	2.366860820620726e-07	1.2362258449780158e-07	0.0011804711641409	-3.345791728589999e-05	1.119432229110125e-09	1.3935121693681718e-06	0.00017020759485	-8.009646576999851e-07	2.8970625344621752e-08	6.415443828844543e-13
825.1439755953575	0.838981987360512	0.7038907751153943	680862.5804613119	1146.817511990539	0.7356940049389777	0.5412456689031526	1315190.40580817	783.8870576194835	0.4978241827793681	614478.9191033314	0.2478289169599457	808.8189837504153	648.5282924885058	0.905346	17.513708	0.0555550687956508	0.0284800788982028	0.136487505	0.0424860287	0.0350558772	0.1143108932	0.1662921815	-0.0148497272	-0.024773376	-0.1462155479	-0.1115190336	-0.1341130267	0.0189285806	0.0135227862	0.0018244573	-0.0582689685	-0.0519773334	-0.0530668494	0.0223050276	-0.0076493121	0.0877644412	-0.0992627816	0.1543155546	0.0057928335	0.0514449345	0.0168125206	-0.0475693576	-0.0838235722	0.0924009548	0.1131819209	-0.0227066975	-0.0334468407	0.0965166382	-0.0347170291	0.0781400669	-0.0649095275	0.1432536357	0.16369854	0.0704210581	-0.0032214107	0.0294360924	0.0005174395	-0.2200232351	0.123385833	0.0311404919	-0.0560001881	-0.0049172892	0.0255914317	-0.0740828443	-0.0712043103	-0.0721631209	-0.1348754742	-0.0298510454	0.057442162	-0.0082049931	0.0310501345	0.0437816896	-0.171031473	-0.0496248998	0.0545417257	-0.0693107649	-0.0216786242	0.0699578111	0.133979461	-0.0133360076	-0.1496485459	-0.0192534178	-0.0064783808	0.1456398848	0.0883924098	-0.0467749621	0.0459536666	0.0801933406	-0.0223615916	-0.0538032523	-0.0198476913	0.0339443324	-0.1216049215	0.2015161591	0.0956426033	-0.1055974692	-0.0355958321	-0.0780422028	0.1280592077	0.0808838958	0.0076297704	-0.0016746087	-0.0026302051	-0.0257104654	-0.1227747494	-0.0346726434	0.0906193037	0.1242223187	0.0045216739	-0.1152215649	-0.0444250575	-0.0185415999	-0.0888965382	-0.0471097244	-0.0320932938	-0.045472161	0.0157682163	-0.0049101477	-0.0244541809	0.0806632655	-0.1577595243	0.0147399174	0.0247027411	-0.1627892049	-0.0582606524	0.0582535334	0.1402332063	0.0121269645	-0.0326088352	0.1146206255	-0.0220136478	-0.0947601329	-0.0668072292	-0.1625570087	-0.0223581831	-0.0370041396	0.1108077072	0.0210040912	0.099649116	-0.0289314121	0.0345272636	0.0165783979	-0.0825915843	0.0932026989	0.0121146264	0.0517447274	-0.1815804177	-0.0570992244	-0.0785907625	0.1266188352	-0.033413395	-0.0235361489365288	0.00520800253409	0.0005539503067624	2.7123290395087877e-05	-0.055467447606162	0.0113542997471114	0.0001289201227472	0.0030766377439423	0.22487566587386	-0.0074019557843243	5.47889494330922e-05	0.0505690651022119	-0.0008381134967252	-0.0004865134618875	2.3669534859785722e-07	7.024342333929418e-07	0.0013249263438885	0.0001444551797475	2.0867298955911422e-08	1.755429816729748e-06	0.0001710551678173	8.475729672999895e-07	2.9259870437004663e-08	7.18379934897709e-13
826.9417493026544	1.797773707296983	3.2319903026483385	683832.6567397342	1151.2537874401123	4.436275449573259	19.68053986448642	1325385.283095203	784.88372129243	0.9966636729465108	616042.4559498529	0.9933384769712296	810.0922198511446	658.2576019393882	0.950046	18.378405	0.0648386941547388	0.0463749705020061	0.0244408988	-0.0463781246	-0.0616877497	0.118730311	0.0778806463	0.1673315354	-0.0689784409	-0.0950514223	-0.0484727986	-0.1319721635	-0.136366354	-0.1021335096	0.0027507135	0.0535638635	-0.0417255585	-0.0107890125	-0.0581611383	0.0896032339	0.042763779	-0.1389349044	0.0537962788	-0.0204100907	-0.0741889498	-0.0900789343	-0.0942703303	-0.1404671745	0.0197046521	0.1109477009	-0.086128958	0.1443165899	-0.0945268454	0.0443998156	-0.2308560266	-0.0225641181	0.1679740189	-0.02237727	0.1773718018	-0.0140946252	0.1658001929	0.0315310643	0.0356774823	0.0187874726	0.0863598419	-0.0575367708	-0.0360461432	0.0522162589	-0.0142484992	0.0010756149	0.0360143025	-0.0177429311	0.1135966653	-0.0387116886	0.0769276741	-0.0059946308	0.098105218	0.1995347805	-0.3511834914	0.0825802722	-0.0754595181	-0.0022274462	-0.0119646065	0.0263574336	-0.0309641105	-0.0570311542	-0.0230108464	0.0394803217	0.1858647278	-0.0295288124	-0.0236069897	0.2034452424	-0.0992531525	-0.0536526331	-0.1157424675	-0.0596622957	0.1031935317	0.1097524357	0.1871715125	0.1340894509	0.0577663695	0.0146023244	0.0733861985	0.0538228209	-0.0763344029	-0.0402605236	0.0194960015	0.0278007142	0.1053273168	0.0216802741	0.0718802614	-0.0379239659	0.0289454349	-0.0026653644	-0.0231241733	0.073288045	-0.1607086199	0.0511713312	-0.1234882957	0.0837266165	0.1681635375	0.2337190141	0.0120634616	0.1880388891	-0.1625195616	-0.1078069961	0.0420754792	-0.1773626938	-0.0109507354	-0.0911262797	-0.025957745	0.1852051621	0.0206296818	0.0320097268	0.1467696025	0.0251636594	-0.0742533251	-0.0628329525	-0.0150490856	-0.0871317487	0.0410493249	-0.0685126094	-0.1321418359	-0.0397575978	0.0285275848	0.1466022787	-0.0032047529	-0.0782363233	-0.0728739391	-0.0254528156	0.1152185305	0.0619961859	-0.0601105761	-0.0731227308	0.1282045865	-0.0462651033	-0.0241030346566191	-0.0005668857200903	0.0005809562796581	3.2135941964230135e-07	-0.0112854106075559	0.044182036998606	0.0019520523933461	0.0001273604925811	0.2327623455076874	0.0078866796338274	6.219971564662813e-05	0.05417830948624	-0.0008580942541712	-1.998075744600008e-05	3.9923066811588767e-10	7.36325749041628e-07	0.0011009277219251	-0.0002239986219634	5.01753826415022e-08	1.2120418489031904e-06	0.0001709727111824	-8.24566348999942e-08	2.9231667969060365e-08	6.7990966390309406e-15
822.868959417444	-4.072789885210455	16.58761744907259	677113.3243727471	1147.2350474300547	-4.018740010057627	16.150271268437976	1316148.25405184	783.3079513119305	-1.5757699804994445	613571.3465884938	2.48305103144322	808.2207967010763	649.3246849293017	1.067257	20.645836	0.0760118149145448	0.0462651392199659	0.0793465134	-0.0322550662	-0.1015132253	-0.0051757926	-0.2069749918	0.0899591761	0.0928817715	0.031877568	0.1703528577	0.0742331381	-0.0878778509	-0.2084963886	0.183347076	-0.0381041749	-0.1006077918	0.1671997947	-0.0024090433	-0.2307716883	-0.033158604	-0.0075313085	-0.0259434346	0.1157099116	-0.0784887591	0.1435372447	-0.0069674868	-0.0703667502	0.0410495884	-0.0861049111	0.1374088475	0.2076029965	0.0262792495	0.0007233344	0.0135742687	0.0509570474	0.0236483641	0.1118907397	-0.0496471316	-0.0108187141	0.1418186954	0.2009105341	-0.2136729542	-0.1319217024	-0.1211155302	0.1833855377	0.0388424242	0.1395687381	0.0416916641	0.0287751095	0.0322909359	-0.0082171351	-0.0075550283	0.1978736582	0.0060636791	0.1164526316	-0.0363698405	0.0027484691	-0.1179172272	-0.0970210048	0.0328027491	-0.0605914317	-0.0568448472	-0.0851942285	-0.1726822057	0.0262395702	0.0068994155	-0.0340671384	-0.134928141	0.1717173575	0.1519538534	0.1865215433	-0.0549805763	0.2413785218	-0.1798778805	0.0428750283	0.0176383764	-0.0858810119	-0.0351248444	-0.0068680824	0.0415937358	-0.0432840767	-0.0341956274	0.1525342264	-0.0072431481	0.0847159766	-0.1160891325	0.2646864725	-0.144649955	-0.0966336866	0.1636160125	0.0272057018	-0.0792824478	-0.1109952629	-0.0067175212	-0.0963200579	0.0560990959	0.1191855656	-0.0391628887	0.0501106075	0.0631265349	0.0443729139	-0.0687870994	-0.0351832659	0.0182056928	-0.0713139073	-0.0970897767	0.0811069196	0.0885987806	-0.008321277	0.0124130319	0.1975012637	-0.1486792515	-0.0628875292	0.1074191909	0.0419572215	0.1340007666	-0.0306527038	0.0682939766	-0.1262979746	-0.0162835732	0.0694935843	-0.1383355655	0.1031192989	-0.1084441941	-0.1834060604	0.044122504	-0.0424117258	0.0236966549	-0.0441035368	-0.0273383472	0.2121078717	-0.063080731	-0.0674542747	0.1289999139	-0.0586099215	-0.031308265287123	-0.0072052306305038	0.0009802074752888	5.1915348438751614e-05	-0.0511137280166593	-0.0398283174091034	0.0015862948676402	0.002612613191761	0.2547138378654949	0.0219514923578074	0.0004818680167348	0.0648791392001696	-0.0008375677468597	2.0526507311500086e-05	4.2133750240906644e-10	7.015197305796345e-07	0.0011659526164329	6.502489450779998e-05	4.228236905750516e-09	1.3594455037667252e-06	0.0001159886226591	-5.4984088523300006e-05	1.3453360586355086e-08	3.023249990738091e-09
825.6543364175471	2.785377000103153	7.758325032703643	681705.0832451001	1148.1798013214373	0.944753891382561	0.892559915282492	1318316.856162535	782.5364794692275	-0.771471842703022	612363.3417000928	0.5951688040835964	806.9483402288827	642.2872420255161	1.16038	22.447275	0.0545337341021057	0.0284717678792877	0.0640106372	-0.0926940719	-0.0011830765	-0.0678517842	0.1037267194	-0.2876680573	-0.1336563544	0.1495341347	-0.1152462946	0.0478518182	-0.1345747722	-0.0895760769	-0.1440059356	-0.3513411034	0.0065483331	-0.0835741525	0.0866130232	-0.1984903287	0.1572798001	0.0194613382	-0.0267089725	0.127140056	0.0893349099	0.1169991837	0.0220306957	0.1436998723	0.0932537996	0.208205704	0.0638542018	-0.0021135147	0.0574988586	0.0638361205	-0.0796837714	-0.0271372695	0.0031532939	-0.03583597	-0.0410428808	-0.0032282185	-0.0242881174	-0.0597632625	-0.1930727724	-0.0700632116	-0.0502406428	-0.0289110005	-0.0045238827	-0.1127761235	-0.0225370543	-0.0522489365	-0.0053515035	0.1213786955	0.0315431896	-0.1528940895	0.0027912863	0.1689533395	-0.0759769159	-0.0400507834	-0.1164553963	0.0274555213	-0.1109406336	0.2411718288	-0.1024762575	0.0427983347	0.0773077343	0.0709329987	-0.0308393861	-0.1476274658	-0.0023400814	0.2716521916	-0.2148325407	-0.129819417	-0.0622245737	-0.0256095111	-0.0155311667	0.1792799122	-0.0637886487	-0.0141217221	0.0350629228	-0.0414268766	-0.0360870919	0.0407702271	-0.0643712859	-0.0148778465	-0.0357846081	-0.0306611686	-0.001079054	-0.0460869959	0.134848879	0.1022873014	0.0619864462	0.2427948639	0.1225281863	-0.0943594339	-0.0290995203	0.1025452641	0.1048670982	0.1443518141	-0.0384505262	0.1668475691	-0.0900091328	0.1166421761	-0.0523402937	-0.0431890091	0.1061917852	0.0448924028	-0.0554253115	-0.107637884	0.0475519947	-0.0053158293	0.1897205664	0.0857887899	-0.1398403094	-0.0194687665	-0.1738861446	-0.0165307161	-0.0505802398	0.1358861318	-0.225770329	-0.102822218	-0.1198560922	0.079422497	-0.019670663	-0.0922942971	0.0258327018	0.088967733	0.0163942268	-0.1576690331	0.1776109177	-0.0275518352	-0.0651330678	0.1649457271	-0.0660076536	-0.0616009311	0.1289999139	-0.0703125971	-0.0375913331035633	-0.0062830678164403	0.001413108324503	3.947694118598789e-05	-0.0666715665363	-0.0155578385196407	0.0002420463394032	0.0044450977844042	0.2331922797309786	-0.0215215581345162	0.0004631774645373	0.0543786393261309	-0.0008790146661167	-4.144691925700005e-05	1.7178471158962815e-09	7.726667832482536e-07	0.0012549941525412	8.90415361083001e-05	7.928395152525711e-09	1.575010322912605e-06	2.305168539423161e-05	-9.293693726486838e-05	5.31380199514631e-10	8.637274308174081e-09
828.1773671704949	2.5230307529477614	6.365684180320148	685877.7514934527	1149.6019657493655	1.4221644279282373	2.02255166006445	1321584.6796548052	785.0801665972766	2.5436871280491005	616350.8679844076	6.4703442054026805	809.8349066003033	667.7610354047392	1.213563	23.476074	0.0971060973419344	0.057132155585822	-0.1732107499	0.0834249789	0.02086093	0.2072071829	-0.0140761084	0.0433484063	-0.1230420511	-0.0203030514	-0.1406642855	-0.0296581062	0.0610688629	0.1939367933	-0.1469872809	0.1357240981	-0.0415329326	-0.0333251742	-0.1152065493	0.0632209835	0.0203171265	0.0412201781	0.0617361482	-0.066780047	-0.0612267141	-0.1512732217	-0.0595197451	-0.0629617028	0.0197734695	-0.0463902601	-0.1379186412	0.0345215927	-0.0042685031	0.0217341335	-0.0014868672	0.0758306419	-0.0863851973	-0.0881043478	-0.0972447158	-0.0347237087	0.0392928664	0.1488649702	-0.0158751098	0.0338892576	-0.0141366586	-0.0284182959	0.1852260414	-0.1323607096	-0.0495319114	0.0801822365	-0.1736732387	-0.0666157577	0.208954944	-0.0164406143	-0.1756619264	0.0273639099	-0.0546768478	0.0708633384	0.0378158807	-0.0924179862	0.0127717445	-0.0270473596	-0.0482774469	-0.0372711767	0.0849335894	-0.0355659908	-0.1125322971	0.1282035432	0.1090149246	-0.1143260006	-0.0647451138	0.0324631862	0.0405873326	-0.1548855529	-0.0265657993	-0.0904124251	-0.1127266452	0.0488085427	0.008732317	-0.072290516	0.0782898238	-0.0336614099	-0.0175066452	-0.0670646886	-0.1762727917	-0.0303352793	-0.1149645165	-0.107292273	-0.096261954	-0.1409411804	0.056668797	0.1418054453	-0.1394591596	0.0834332343	0.0471082398	-0.0438991473	0.1102106779	0.0552975988	-0.1107590997	0.0754094711	-0.0131695138	-0.0844876486	-0.0303077956	-0.0677557731	-0.0678581923	-0.0114314313	-0.023999026	-0.0956794216	-0.08055064	0.1633617393	-0.0027347333	-0.0470832005	0.0904924927	0.0919884034	0.036357377	0.0762514595	-0.0454240336	0.172776285	0.0290472894	-0.110944952	-0.037129212	0.1719547617	0.0174551338	-0.0126601764	0.0368270955	-0.1231066221	0.0886507869	-0.1095487816	-0.0440552039	0.2152333224	0.0082264858	-0.0393329873	-0.0688893378	-0.0555787436	0.1282045865	-0.0812449131	-0.0282750858072233	0.00931624729634	0.0007994804774058	8.679246368656238e-05	-0.0574303815639467	0.0092411849723533	8.539949969324863e-05	0.0032982487265805	0.1864988304620709	-0.0466934492689077	0.002180278204628	0.0347818137637202	-0.0004401115681066	0.0004389030980101	1.9263592944286346e-07	1.936981923812504e-07	0.0013059599087223	5.096575618109998e-05	2.59750830311133e-09	1.7055312831899585e-06	0.0001702871472897	0.0001472354618954	2.899771253206398e-08	2.1678281239571924e-08
824.1134369060672	-4.063930264427654	16.515529194131023	679162.9568891305	1147.7193106626853	-1.882655086680188	3.5443901754027864	1317259.6160680295	783.638491371657	-1.4416752256196332	614089.2851592465	2.078427456165421	808.8528151998358	649.8925490876798	1.104999	21.375935	0.0802531761494386	0.0503991131781081	0.0072241551	0.0676630492	0.1223771515	-0.0431636874	-0.137670918	0.0590526783	0.1193970715	-0.0667103954	0.0860437076	0.1101415163	0.025344537	-0.2113767125	0.0375015327	0.200040971	-0.0870789105	-0.0023911832	-0.0391917746	0.118802801	0.0343598324	0.1892153485	0.1143320067	-0.0482511466	-0.0161641271	0.0797115558	0.0314410516	-0.0603684286	-0.0261347865	-0.152447305	-0.0948961035	-0.0150734802	-0.0880312631	0.0302962399	-0.0476165034	-0.117214943	-0.0751467892	-0.0631354669	0.0821914033	-0.0663664098	-0.1964382804	0.0871498809	-0.0035785137	-0.0210193461	0.1080992274	0.1123893575	0.0146775871	0.066544038	-0.1482256	0.153194632	-0.0954416083	0.0110035004	0.0534796161	0.1209932775	0.0430815234	0.0053879776	-0.0474644585	0.0638555886	0.0377968928	0.0689098555	0.0873759948	0.0727420316	0.0521150947	0.0835603933	-0.0769528231	-0.1115112981	0.064329461	-0.0192493434	-0.1415197586	0.0086652715	0.048099241	0.1105294703	0.050597952	-0.045137246	0.0246297819	-0.0447373276	0.0237341556	0.1166539922	-0.0979217187	0.0311096527	-0.0413362562	-0.014612784	-0.0759447451	-0.1601190216	0.0880076386	0.0917891561	-0.0401449957	0.0532958475	-0.0295160796	-0.1014288843	-0.0470442313	0.1092056615	0.0080796296	-0.0139754961	0.2555416769	-0.0208522277	0.0704028433	0.0227674838	-0.0475021054	-0.1108673203	0.12653773	0.0272923522	0.0579485139	-0.0925737031	0.0566212517	0.0251322699	0.1127540289	0.1173873765	-0.1024099559	-0.0075408027	-0.0104420357	-0.0383221904	-0.1307186588	-0.0669457478	0.0873136255	0.0466847601	0.0182877124	0.0456536147	0.0706890818	-0.0147156538	0.0165416968	0.0617709994	0.0318904011	-0.1040163513	0.1273810806	-0.0428418112	-0.0502299587	-0.0896435888	-0.1343862646	0.0011391027	0.0033424833	-0.1275534236	-0.0717238087	-0.0494042187	0.1266188352	-0.0912870929	-0.0284806509489072	-0.0002055651416838	0.0008111474784734	4.22570274755213e-08	-0.0456027081269638	0.0118276734369828	0.0001398938589319	0.002079606988513	0.2319416126023128	0.0454427821402418	0.0020650464486454	0.0537969116565613	-0.0005201399103693	-8.002834226270001e-05	6.404535565315856e-09	2.705455263589835e-07	0.00103092613844	-0.0002750337702823	7.564357479569698e-08	1.06280870291881e-06	0.0002707681433553	0.0001004809960656	7.331538745607632e-08	1.0096430570335128e-08
824.6659129087202	0.552476002652952	0.3052297335073847	680073.8679135729	1149.1923283634023	1.4730177007170369	2.1697811466257058	1320643.007569298	783.1700130068023	-0.4684783648547181	613355.2692730748	0.2194719783369504	808.3772355695811	650.6325367546567	0.992344	19.196663	0.0443457638869941	0.0232286270560466	0.112364495	-0.030445849	-0.0160860145	0.0422850602	0.0244977357	0.1587841946	0.0304623694	-0.0806391221	0.0174153654	-0.0710735353	-0.1399479166	-0.0655074897	-0.0229138332	-0.0502320108	-0.0408430817	0.0259948955	0.0198035048	-0.0159217815	-0.0090126477	-0.0695968894	0.1035253719	-0.0051598908	-0.0002643174	0.1300349647	0.0160061198	-0.0494997846	0.059112274	0.0435843487	-0.0960038902	0.1842983795	0.033438382	0.0737287269	-0.0968941739	0.1224103972	0.0718078316	-0.0763862842	-0.0849110297	-0.0793538192	-0.0438304265	-0.1430675782	-0.1010456331	0.0816981245	0.0850508437	-0.0297340379	-0.0396584304	0.0570570781	-0.0054784134	-0.0336257435	0.1329627423	-0.156046696	-0.0346317705	0.000752133	0.035571957	0.08894069	-0.0143642208	-0.070173011	-0.1470524746	-0.1179416986	0.0942274796	0.0373880325	0.0154442469	0.084731501	0.0029707788	-0.089568406	0.0208072674	0.0337926139	-0.01367783	0.1246397616	0.021598157	0.0621514082	-0.1147776912	-0.1173368939	-0.0483740355	-0.1071504565	-0.0193324741	-0.0941687275	-0.0526358912	0.0666167722	0.1867694873	-0.063057918	0.0213299035	-0.0542819171	-0.0059141155	-0.1203671406	0.1204499387	0.1091578263	-0.0063234407	-0.0413343429	0.0453933034	-0.005908797	0.0724446548	0.0261134674	-0.1337274421	0.0754506618	0.0600379569	-0.1341108191	0.0675792669	0.1449280415	0.0554884695	0.079178534	-0.0044584338	-0.1115986639	0.0708533252	-0.1689162824	0.1045009685	-0.051330425	-0.0450860211	-0.0991832715	0.0035330984	0.1480055917	-0.0180493519	0.0295084717	0.1215064773	0.0956194115	0.0907082891	0.0269106249	-0.0918734412	-0.05427593	0.0811105343	-0.1252665309	-0.0684482652	-0.0529199781	-0.0266950938	-0.0323431154	0.0996854199	-0.0365604999	-0.0488043587	-0.1357636441	0.1506026533	0.0724579336	-0.0745091236	-0.0430942802	0.1242524367	-0.1003291122	-0.0248070014142172	0.0036736495346899	0.0006153873191649	1.349570090372804e-05	-0.0441427680891308	0.001459940037833	2.1314249140678228e-06	0.0019485839745707	0.249903161370959	0.0179615487686461	0.0003226172341684	0.0624515900631995	-0.0004801124844301	4.002742593919997e-05	1.6021948273181382e-09	2.3050799770564306e-07	0.001315959061984	0.0002850329235439	8.12437675040397e-08	1.731748252817809e-06	0.000170815981922	-9.995216143330002e-05	2.9178099679977036e-08	9.990434575188468e-09
823.4755851396342	-1.190327769086025	1.4168801978573131	678112.0393210629	1147.0480263864893	-2.144301976913084	4.5980309681933615	1315719.17483714	782.8001344878098	-0.3698785189924365	612776.0505541331	0.1368101188120382	807.530964011082	643.8231151959368	1.023209	19.793722	0.0444983596374536	0.0220834928128854	0.0062693036	0.1287349121	-0.1663244552	-0.1329961762	-0.0554439358	0.0360999782	0.023251956	0.0267794195	-0.0096755378	0.0197070141	0.112016404	-0.1085344865	0.0701304886	-0.0621264722	-0.212014267	0.0080244961	-0.0489203601	-0.0155025726	-0.0336468097	-0.129201937	-0.0622412087	0.1347865015	0.0098341289	0.0335308582	-0.0279665022	0.0697371634	-0.1299449198	-0.1517317029	0.0509417819	0.0959870621	0.053341667	0.0613112206	0.0240788075	-0.0487642793	-0.0564171038	0.084792068	0.0414408378	-0.1345634456	0.0828843645	0.0586056215	0.0334076476	-0.0895676304	0.0376649323	-0.2347789995	-0.0013877785	-0.0371155081	0.0348345398	-0.0014781655	-0.0577435551	-0.0892595191	-0.0320269803	0.0896150576	-0.1238976849	-0.0049365944	-0.1175979766	-0.0337775159	-0.0097649073	-0.0673910787	-0.0691688542	-0.1902969349	0.1294546035	0.1217383039	0.0117160326	0.0486755546	-0.1321608853	0.0054020108	-0.0853107941	0.0411100906	0.2106553245	0.0410681693	-0.0284178497	0.0289958228	0.0083202538	0.0134260786	-0.0815194465	0.011310073	-0.105947495	-0.014461748	-0.0420364293	0.032873056	0.1728790442	0.0794120964	0.0504718647	-0.0470614458	-0.1331373776	-0.169284295	0.0968109759	-0.0886641184	0.0056720729	-0.1737403146	0.0386661243	-0.1467579238	0.0043854553	-0.1533438568	0.0674787259	0.0208020103	-0.1401199842	0.1193337722	-0.0591290686	-0.0376573405	0.0175405801	-0.0087230892	0.004207623	0.0209895782	-0.006603738	0.067453684	0.073170964	0.0516528931	-0.1936963446	0.071630329	-0.0706366147	-0.1656691919	0.020698812	0.007087859	0.1061360117	-0.0474493465	-0.0706772889	-0.0047141148	0.0479872903	0.0251563835	-0.0922040166	0.0002472121	-0.1439626778	-0.2375069442	-0.1047648203	0.0096615221	-0.0104438207	0.0694231203	0.1203736099	-0.0529234985	-0.0772433738	-0.0366662233	0.1211199807	-0.1082719048	-0.0229287790710657	0.0018782223431515	0.0005257289096897	3.5277191703135208e-06	-0.0301339226306964	0.0140088454584344	0.0001962477510782	0.0009080532931127	0.2543734495898917	0.0044702882189327	1.9983476760328687e-05	0.0647058518562611	-0.0007292108623377	-0.0002490983779076	6.205000187619753e-08	5.317484817512921e-07	0.0012483767437221	-6.758231826189997e-05	4.567369741652738e-09	1.5584444942661937e-06	0.0003369553580912	0.0001661393761691	1.135389133463688e-07	2.7602292313890933e-08
824.9542229061277	1.4786377664935344	2.186369644500988	680549.469890653	1146.9621131440513	-0.0859132424379822	0.0073810852262075	1315522.0889878676	783.7358706483272	0.935736160517422	614241.9149408916	0.8756021620998864	808.8182118245331	642.9053990216049	1.006452	19.469566	0.0478953634522861	0.0237744828339424	-0.0237286494	0.0365463821	-0.0425021197	-0.1602671249	-0.0623976389	-0.1777313776	-0.0445955844	0.123308127	-0.0373731761	0.1495720558	0.1129119557	-0.0736877053	-0.0157027568	-0.1115656343	0.1455059015	-0.0166545532	0.0070118933	0.0529350438	-0.0983772556	0.0550119774	-0.1116895943	0.0458723096	-0.0563999733	0.1187955428	0.0971433666	-0.0150943643	-0.0381520928	0.1858481074	0.1335911007	-0.137921805	-0.0488730385	-0.0968474856	-0.0050375883	0.0601953531	0.0059383789	0.044494066	-0.0933727143	0.0065129222	0.0477751137	0.1914237697	0.0805960017	0.1008745916	-0.1910749777	0.0373566028	-0.0959541566	-0.0997695834	-0.0408520847	-0.0274400168	0.080196748	0.0316247155	0.1177580577	0.1248482291	-0.0438910644	-0.1021451609	-0.0025505916	-0.0107764934	-0.0078044248	0.1113707982	0.0519653128	0.0353440678	-0.0177057802	-0.0224502804	0.0894242959	0.1479414836	-0.0107926162	-0.0387681844	-0.1058391534	0.05137734	-0.1144281128	-0.1521342144	0.0177658411	0.0970259186	0.0774829289	-0.009811207	0.1238971909	-0.0158532937	0.1617986653	0.147621249	-0.0332674958	-0.0766520344	0.1180565566	-0.0571704136	-0.1532575769	0.0730950413	-0.0456454883	-0.0654735942	-0.098100498	-0.0515699477	0.1101363523	-0.0422093174	-0.1649764502	0.0032262995	0.0003901663	-0.1144967126	-0.1150234695	0.0939582246	0.0200061012	0.0105393241	-0.0813122077	-0.0617769406	-0.0358464714	-0.0556553397	-0.0569762973	0.0393092236	0.092616059	0.0018743036	0.0997135227	0.0825251718	0.0222717665	-0.0180257537	-0.1998368159	0.0161958032	-0.0572260452	0.009294156	-0.0197687232	-0.2825327778	-0.0361219116	0.0511544324	0.0191274106	0.0215206388	-0.0377903897	0.0740715975	0.0642605463	0.0165611458	0.012844036	-0.0256752111	0.1470214237	0.1121369992	0.0259846543	-0.0757632269	-0.0799246852	-0.0301376669	0.1172407796	-0.1150284477	-0.0106789507883462	0.0122498282827194	0.0001140399899399	0.0001500582929561	-0.0244132099975757	0.0057207126331206	3.2726553030746745e-05	0.0005960048223857	0.2684520056522927	0.0140785560624009	0.0001982057408021	0.0720664793387386	-0.0007138034985755	1.54073637622001e-05	2.3738685810075683e-10	5.095154345786238e-07	0.0011413113787077	-0.0001070653650143	1.1462992385666694e-08	1.3025916631676712e-06	0.0005314079587955	0.0001944526007043	2.823944186711999e-07	3.781181392066596e-08
825.2695769602791	0.3153540541513848	0.0994481794697145	681069.874656198	1150.027443192963	3.065330048911619	9.396248308760509	1322563.1200969436	784.2686905337725	0.5328198854452921	615077.3789515583	0.2838970303259342	809.2907002348304	647.1662691033827	1.051609	20.343115	0.0787813835825125	0.0404269854525348	0.0654013853	0.0257958783	0.1648753222	-0.0050509122	-0.0475878635	-0.0969408584	0.0343378674	-0.0626169632	0.0259029002	0.041730628	-0.058488716	-0.0077075042	-0.0806406829	0.0299947671	0.1225244651	0.0840172113	0.0114340598	0.0527020662	0.0986536378	-0.1719369305	0.1124765583	0.0408882625	-0.0250216262	-0.0121139968	0.1481196349	-0.096138173	-0.0934317777	0.0858611298	0.160956014	-0.1215710158	0.0207682922	-0.0972903284	-0.0058400843	-0.1718587364	-0.0877778684	0.1066492708	-0.0392318622	-0.0839607159	0.0564245144	-0.1439936974	0.0008410103	0.0171154645	0.0549227348	-0.0062889705	0.0052097462	-0.0419284278	0.0846945842	0.0604444359	0.0153442844	-0.0828813319	0.0574479631	-0.0301293841	0.1631491465	-0.0615257498	-0.0324989517	-0.0952284625	0.0238577803	-0.03503499	0.1548937318	0.0347985446	-0.1068109231	-0.037300339	-0.0069692288	-0.0930894264	0.0412758238	-0.018223018	-0.0738471145	-0.0206803668	-0.1433450855	0.0235354284	0.0524347119	0.0965668627	0.1343535868	0.0016752127	0.1913652222	-0.0741591552	-0.0141112531	0.0507355807	-0.0148792824	0.0157154729	0.080451469	0.0393017469	0.0807025141	-0.0362978465	-0.1446591372	-0.0330058814	0.0101875111	0.0223697602	-0.1714402282	-0.0138010956	0.0388283157	-0.0565257173	-0.0963822849	-0.0229393041	0.0228880679	0.0291089281	0.0255781274	-0.1117980259	0.0629716394	0.0153019867	-0.1582869455	-0.0651892171	0.1328743764	0.076518663	-0.0214108184	-0.0543442701	-0.1171152334	0.0182922138	0.1135805661	-0.0494730931	-0.1050240905	-0.0040963278	-0.1463872682	-0.0332976653	0.0540509448	-0.0441319398	-0.0599712104	0.0231462409	0.0686885746	-0.1086472477	-0.1072401863	0.1469536305	-0.0454873678	0.0106445559	-0.1463584265	-0.0506694061	0.0635353855	0.2107415899	-0.1646573828	-0.0892728494	-0.0825512202	-0.0235265052	0.1126387502	-0.1205247148	-0.0009078360360206	0.0097711147523256	8.241662682975961e-07	9.547468350311496e-05	-0.0562652623162591	-0.0318520523186834	0.0010145532369121	0.0031657797435174	0.2505387056487791	-0.0179133000035136	0.0003208863170158	0.0627696430281655	-0.0004988647949213	0.0002149387036541	4.6198646328547975e-08	2.488660836118707e-07	0.0012678617927475	0.0001265504140397	1.6015007293644773e-08	1.6074735255089044e-06	0.0005748171712613	4.340921246579995e-05	3.3041478037684266e-07	1.8843597269009614e-09
825.0477320638778	-0.2218448964013077	0.0492151580593069	680703.7601837483	1147.967161846976	-2.060281345986823	4.244759224621275	1317828.6046790013	783.9851464154953	-0.2835441182772911	614632.7098001256	0.0803972670096464	808.9898818251091	649.2456033284427	0.967432	18.714741	0.0540588288296437	0.0321674116914929	0.1110706744	-0.049766069	0.0080004074	0.0645048725	0.066646396	0.0713785741	0.070905655	-0.0627823427	-0.0518123575	-0.1088847916	-0.1309731135	-0.0104245485	-0.0164702206	0.0574922083	0.0380271242	0.0639157763	-0.0445963117	0.0273191158	0.1047922104	-0.0312662062	0.063979522	-0.0895990349	-0.0796654851	0.0895726886	-0.0922137183	-0.0656193149	-0.1573989716	-0.0155504835	0.1629883092	-0.0013446984	0.0423715586	-0.0482055959	-0.1488003859	0.0662299414	0.02043448	0.1440332185	0.0738229686	0.2386241961	-0.0449036684	-0.0617189396	0.0870329322	-0.0423770337	-0.1406579859	0.0090097043	0.0274636271	0.0589326364	0.0346436221	-0.1188014854	-0.0225013462	0.0849855671	-0.1887541292	-0.1190596307	0.0382483774	-0.0418445871	-0.066794991	-0.0358415388	-0.1027730807	0.0749788361	0.0885172654	-0.1348752306	0.0005388052	-0.0134259167	-0.2141548031	-0.0717551337	0.1162378934	0.070053099	0.1063680685	0.0933556074	-0.0074821896	0.0829048505	0.0430105345	0.0780719853	0.0355934825	0.097997252	-0.0769915652	-0.0540573353	-0.0152393246	0.1129914077	-0.0416957411	0.0408971181	0.2104120007	0.0077019018	0.1317711578	0.0492669053	0.0392116199	0.0959719813	-0.1432695643	0.1818592053	-0.1757626578	-0.0286079137	-0.0140278569	0.1765276204	-0.1035758846	0.0232719381	-0.0989847505	0.1770664112	0.1408004682	0.071294772	0.0035024666	-0.0547153653	0.0629117212	0.0426044112	-0.099463008	-0.0407717311	-0.0878225508	0.0699296448	-0.0633494926	-0.0960319071	0.0427283091	0.1152840335	0.0068759536	0.0313546124	0.0491595621	0.0335169581	-0.0283677486	-0.0550448459	-0.0153331228	0.1031207928	0.1059859869	-0.0430095329	-0.1132111934	0.1137062295	0.0865836572	-0.0210070199	-0.0168646422	-0.1167448386	0.0274137403	-0.0743993195	-0.0517147748	-0.0941643555	-0.0851211787	-0.016850859	0.1073422654	-0.124700488	-0.0008850335319152	2.2802504105400045e-05	7.832843526142932e-07	5.199541934767858e-10	-0.031665885459887	0.024599376856372	0.0006051293417218	0.0010027283019586	0.2505802854337204	4.157978494129244e-05	1.7288785157641294e-09	0.0627904794480447	-0.0009018907593401	-0.0004030259644188	1.6242992799570388e-07	8.134069417830623e-07	0.0011731986875886	-9.466310515889986e-05	8.961103478324933e-09	1.3763951605596136e-06	0.0006650294953681	9.02123241068e-05	4.422642297095498e-07	8.138263420750326e-09
824.7473229162347	-0.3004091476431085	0.0902456559876589	680208.1466574959	1144.2659953842815	-3.701166462694573	13.698633184575058	1309344.6681927806	782.8802037923688	-1.104942623126476	612901.4134899809	1.2208982004016178	807.6335254280219	649.7130899113856	1.012141	19.579624	0.0919023805333879	0.0474755594544659	-0.00762175	0.0644046738	-0.1288627767	-0.0400470974	-0.0508451442	0.1035203127	0.0404261092	-0.014403057	-0.0645558194	-0.0085203104	0.0474342894	0.0258250054	0.0928146253	-0.0100607367	-0.0987004001	-0.0204179603	0.0504883913	-0.055269573	0.0758998524	-0.0381734797	-0.0343122645	0.1217876493	0.0579423979	0.0602075008	-0.1398572405	0.100803632	0.0199733941	-0.1351377457	-0.026327574	0.0233167108	-0.0097251085	-0.0974454688	0.0162510893	-0.0057608935	0.0448214429	-0.1834425233	-0.0662739636	0.0711745229	-0.0417980361	-0.066944416	0.1356089928	-0.0687108271	0.0171603761	0.0906856438	0.1786816763	-0.1372619058	0.1038389094	-0.0816624307	-0.1846130374	0.1170564131	0.1043163578	-0.0660651826	0.2153826996	-0.0457692163	-0.0502687674	0.0595775974	0.0659668669	-0.0735535136	0.0754729266	0.0146728508	-0.1653248075	-0.1000680955	0.1370729766	0.0242276165	-0.1285839665	0.024940546	-0.0067136504	0.0291558906	0.1804163835	-0.0427067521	-0.0434652247	-0.0938816722	-0.0795702219	0.0248061766	-0.0431230609	0.0291807925	-0.0973357545	-0.089155022	0.0990327707	0.1167341825	-0.0717345596	-0.1212175784	-0.0830491599	-0.0757308919	-0.1391449113	0.0533797489	-0.033184593	0.0360607644	-0.1972642162	0.1032911992	-0.0951802251	-0.0081807962	0.0091526637	0.1253627327	-0.1422180132	0.0798523987	0.0746786875	-0.1562794661	-0.0286137588	0.0590937684	-0.0993618183	0.0116484253	-0.0723592454	0.1831138416	0.1143526068	0.0325528735	0.0636441464	0.0560069446	-0.137967642	0.0352214009	0.0676472405	0.102728319	-0.0085351229	-0.0379004582	0.1349667358	0.0443137041	-0.069685365	0.0274491345	0.0227133254	-0.0870461018	-0.0618018379	0.1123076566	0.0709701049	0.0434345958	-0.0562424392	-0.0132888443	0.0287779141	-0.0511373866	0.0557748253	-0.0012729707	-0.0876327994	-0.0101290257	0.1013839798	-0.1275100165	-0.0008445734745379	4.0460057377299935e-05	7.133043538930208e-07	1.637016242974403e-09	-0.060805910966394	-0.0291400255065069	0.0008491410865198	0.003697358808453	0.2224684694507317	-0.0281118159829887	0.0007902741978614	0.0494922198997511	-0.0006091891198326	0.0002927016395075	8.567424977037852e-08	3.7111138372241786e-07	0.0010928955272868	-8.030316030180015e-05	6.448597554456611e-09	1.1944206335634924e-06	0.0003458327154471	-0.0003191967799209	1.1960026707351486e-07	1.0188658431193529e-07
824.1779676793382	-0.5693552368965129	0.3241653857814843	679269.3224080442	1145.320183582795	1.0541881985134296	1.11131275788499	1311758.322922127	783.4144797393894	0.5342759470206602	613738.2470653382	0.2854507875648233	808.564274052261	647.0687828403696	0.956698	18.507088	0.1005663070901474	0.0468231061919623	-0.048892163	0.039944102	-0.0748966747	-0.154416895	-0.0711319696	-0.0083675234	0.1299362309	0.122033823	0.0580644963	0.0976744091	0.2107331996	0.1577957933	0.0510540985	0.0054682721	-0.0662274301	-0.0083270267	-0.1300992418	-0.0923285868	0.0650513955	0.0037249868	-0.1194803346	-0.0044908597	0.081250027	-0.0562908021	0.019616145	-0.0220288366	-0.0625137762	-0.1898679011	-0.0650855564	-0.1085064037	-0.1349155665	0.0939153313	0.1540313263	0.0053188713	0.0463892682	0.0782198265	-0.0517995148	-0.0625861721	-0.0862501257	-0.0841324997	0.0789088163	-0.0613280477	0.0740141292	0.1523146402	-0.016234504	0.0282992989	-0.0418990564	0.0230067085	0.0493699476	-0.0135665627	-0.0277200807	0.1602353613	0.0144243525	-0.0987791504	0.0766951692	-0.0207195029	-0.1495787721	-0.0316321882	-0.0994524155	0.1827559205	0.0603437283	0.0580752145	0.0822201162	0.0870568686	-0.0188289585	0.031326864	-0.068364165	-0.1248219269	0.1560792314	-0.1051371896	0.1926806199	-0.0316014277	0.043403158	-0.0793450535	0.0700632875	0.0495505997	-0.1260313634	0.000878439	-0.0139300195	0.0480732687	-0.0040194281	0.0693654783	0.1118914447	0.0229314302	0.2340275196	0.0502386078	0.0089504184	-0.0556251825	-0.0087914777	-0.0495333532	-0.1259717944	-0.0413024769	0.074730129	0.1278621311	-0.0142597179	-0.0334035532	-0.0216499954	0.1352697057	0.0414754167	0.0779223113	-0.0996542682	-0.0459132608	0.0463453675	0.0845691343	0.0151757136	-0.1385454235	0.1152929413	0.0283025997	-0.0921897855	-0.1787883843	0.069627759	-0.029810603	-0.0722007352	0.1336661728	0.061193868	-0.0340920361	-0.0389158027	0.034147495	-0.1728410809	-0.1646579728	0.1119547804	0.0841636648	-0.0485985767	-0.0288662383	0.1339472126	0.1807895222	0.0962434105	0.0095158567	-0.0298639626	-0.0532119929	-0.090084361	-0.0033794295	0.0948006283	-0.1289225186	-0.0184646634953935	-0.0176200900208556	0.0003409437979981	0.000310467572343	-0.0422121915719202	0.0185937193944737	0.0003457264009204	0.0017818691173044	0.2005263366606087	-0.0219421327901229	0.0004814571913793	0.0402108116945237	-0.000221718854032	0.0003874702658006	1.5013320687958764e-07	4.915925023326332e-08	0.0014999660975847	0.0004070705702979	1.657064492026576e-07	2.2498982939034736e-06	0.0002921662538517	-5.366646159540004e-05	8.5361119889736e-08	2.880089100170548e-09
824.1631067742334	-0.0148609051047969	0.0002208465005337	679244.8265677564	1145.549243274917	0.229059692122064	0.0524683425550547	1312283.068767735	782.8197849189974	-0.5946948203920783	612806.8156606252	0.3536619294011663	807.7132951259395	642.3581905947386	0.970738	18.778688	0.058949791096831	0.0344250092422005	-0.0046484702	-0.022804096	0.0761990706	-0.1754096459	-0.0578979269	-0.1066775274	0.0917149699	0.1125214078	-0.0703774267	0.2065996907	0.0257942372	0.0860330539	-0.0597199713	0.0117371198	0.1081993196	0.0296000215	0.0265458805	0.0128907842	0.0052753286	0.0085670534	-0.0679460366	0.0102787708	0.0897947276	0.0148831297	0.1098160415	0.1650904768	0.0161325838	0.0122776357	0.0318873287	0.085126666	-0.1034593243	-0.0319733553	0.0063581526	-0.1015251747	0.0861909352	-0.0672599644	0.0862264665	-0.040673066	0.045454493	-0.0412911839	0.1242563847	-0.1320190377	0.1017519572	0.1107045401	0.023401226	-0.1060173258	0.1229462471	-0.0429981056	-0.0219722885	-0.0872358446	-0.0378587015	-0.2245585114	-0.0035001397	0.1813957103	0.0307186834	-0.0517643895	-0.0333922433	-0.0102546232	-0.0145221595	-0.0447711043	0.0924008084	0.0195031879	-0.0839441151	0.087227985	0.0192701016	-0.1415044993	-0.0928964334	-0.014189616	-0.0829081724	-0.1308355882	-0.104256146	-0.0345702151	-0.0913362468	0.0133245243	0.052722312	0.0622541496	-0.060630767	-0.0804122528	0.0302774608	0.151703238	0.0789447027	0.0399551222	0.1023185801	-0.0060539214	-0.0355146608	-0.0381834281	0.0971086757	-0.0085250434	-0.079323509	-0.0597057549	-0.1048488054	0.0207992417	-0.1799946142	0.1194017795	0.0922673417	-0.0608400844	0.1423345682	-0.0090414002	0.0346942862	0.1421157955	0.1035554725	0.0928310472	0.0010683004	-0.0456007324	0.0022884215	0.1337323921	0.0598449821	0.0178079979	0.0769931588	-0.1363403388	-0.0863553438	0.0777576368	-0.0686631674	0.0016078515	0.1119400514	-0.0666324471	0.0251544924	0.0484731702	0.0162990325	0.0318714364	-0.0030468433	-0.1611649024	-0.0082442232	-0.0316272718	0.254330335	0.0974643683	0.0716067469	-0.0337336894	0.0259097591	-0.0495553588	-0.0924741833	0.0033794295	0.0876327994	-0.1289225186	-0.0186238943977343	-0.0001592309023407	0.0003468494425379	2.5354480260265098e-08	-0.031801758587548	0.0104104329843721	0.0001083771149221	0.0010113518492606	0.2306383898777468	0.030112053217138	0.0009067357489517	0.0531940668853995	-0.000289112935063	-6.739408103100002e-05	4.5419621580129984e-09	8.358628922074247e-08	0.0013239735110028	-0.0001759925865819	3.0973390531787594e-08	1.752905857837081e-06	0.000170191441605	-0.0001219748122466	2.8965126795588125e-08	1.4877854822617711e-08
824.8143879403403	0.6512811661069691	0.4241671573256534	680318.7745533983	1147.1626747979058	1.613431522988776	2.6031612793738814	1315982.2024494857	783.7071009907977	0.8873160718003419	614196.8201434003	0.7873298112751895	808.8573398947661	646.0714752837902	0.994586	19.240034	0.035692719090654	0.0173088198231449	0.0946194198	-0.0040588758	0.1073301394	-0.0034005666	-0.0354137863	-0.0020140271	0.1341602971	0.048397009	-0.0236769861	-0.0023633731	-0.0999218862	0.0210610188	-0.0699005354	0.0499460037	0.0809878104	0.0099529285	-0.061312264	0.0609803738	0.2130582246	0.0251886798	0.0483003502	-0.0482551891	0.0084803222	-0.0444219834	-0.0330443486	-0.0370359449	0.0789049678	0.040230282	0.0624999283	-0.1373406137	0.0122057656	-0.018373777	0.131529583	0.1603660317	-0.1335588109	-0.0843761933	-0.0647241667	-0.0372186487	-0.1498512672	0.0516693885	0.017088087	-0.0733295412	-0.2083657418	-0.0125455195	-0.0698106227	-0.0541869592	-0.0336155875	-0.1593640881	-0.0928633125	-0.217913039	-0.0392014432	0.1906641345	0.0642987196	0.0355279743	0.0263571159	-0.0158586737	0.0479717794	0.1172787898	-0.0857296887	0.1348352028	0.0331458412	0.018087137	0.0498412308	-0.0610224007	0.0741595874	-0.0192475084	0.034021241	-0.0095673076	-0.0660779426	-0.1128467808	0.070887063	0.0112637821	0.0519005466	0.1001899773	0.0643096182	-0.1215333473	-0.0526531943	-0.1393481528	-0.0037526426	-0.0312548428	0.1219068419	-0.0659619155	-0.1228351797	0.2382399955	0.0279128868	0.0070498069	-0.1148554154	-0.1041617184	0.06881614	0.0356718195	-0.0069855798	-0.0657972636	-0.0164193177	0.0611136771	0.1037091922	-0.1808178701	0.0349721142	-0.0871131983	-0.1321214878	-0.2048580286	-0.1414462366	0.0657171912	-0.1301394991	-0.0192269535	0.1033569252	-0.0722755337	-0.098380209	-0.0481172161	0.0690622312	-0.0521734793	0.0262498612	0.0158429164	-0.1272986471	0.0552486613	0.129594985	0.0107871573	-0.0250629848	-0.0401163221	0.0936079331	-0.0474672575	0.0168796109	-0.0410715393	-0.0069795842	-0.0869981311	0.0359935924	0.1228011901	-0.0885981285	-0.0934329696	-0.1599664461	0.0060913581	-0.0948006283	0.0101290257	0.0799246852	-0.1275100165	-0.0088994064990401	0.0097244878986942	7.919943603515716e-05	9.456566489184992e-05	-0.0382669184104855	-0.0064651598229374	4.179829153612517e-05	0.0014643570446347	0.2305948443994694	-4.3545478277395855e-05	1.896208678407154e-09	0.0531739822636155	-0.0004946665066029	-0.0002055535715398	4.225227077280877e-08	2.446949527547169e-07	0.0014479431494802	0.0001239696384774	1.536847126421728e-08	2.096539364126641e-06	0.0002298587494026	5.96673077976e-05	5.2835044676927275e-08	3.5601876198135382e-09
824.3782367517276	-0.4361511886127118	0.1902278593282813	679599.4772298875	1142.8940886799087	-4.268586117997074	18.220827446757333	1306206.897939479	783.6033689301589	-0.1037320606387766	614034.2397986947	0.0107603404043668	807.9262162266554	637.1628600258864	1.055049	20.40967	0.1054669534294989	0.0670653214416963	-0.0113397251	0.0745511916	0.1044651685	-0.200296162	0.1171874798	0.033411524	0.1031320778	-0.1080054774	-0.1565323644	0.2260970138	0.0889041065	0.0059111437	0.057758788	0.0255467594	0.2431893873	0.1420070642	0.1779665098	0.1273395068	-0.1835194604	-0.0698010991	0.0768105351	0.0195573032	0.2251137132	-0.0652205358	0.2102210436	-0.0257911939	-0.0306475295	0.032615472	-0.0388212494	-0.0785719112	0.0938333228	-0.2187259999	0.0592630566	0.0718221262	0.0021726557	0.0665637795	0.0483717019	-0.0925641587	0.0029056818	-0.0376436522	0.166080302	0.0396735336	-0.031014239	0.0162134441	0.0972028528	0.0723149658	-0.197244286	-0.0211159633	0.1031972789	0.1998026674	-0.1167689539	-0.0399798143	-0.1299792014	-0.0600245302	0.0296859393	0.0337813886	0.0797142143	0.1540490489	0.0422674947	0.0299250884	0.0934208458	0.08326804	-0.0261323716	-0.0931535757	-0.0141022096	-0.1605792194	-0.0456737483	-0.0892885381	-0.1368015736	-0.2107451332	0.1455512944	0.029453021	0.1216208283	-0.2669315687	-0.0197769231	-0.150577572	0.0341319122	0.0248460026	0.0553990221	0.1214145983	-0.0728106334	0.1224565435	0.0741799431	0.0808343238	-0.0238205524	-0.0681269751	0.0876860988	0.0609032088	0.0538094536	-0.1121984917	0.1243989863	0.2364660864	0.2137850725	0.0577516371	-0.1177680529	0.0592316061	0.0099689398	-0.0446010926	-0.005731928	0.0294452371	0.1037378274	0.0212639951	0.0085784031	0.0135018197	-0.0662084561	0.0374996899	-0.0437999022	-0.1074997304	-0.1093641346	-0.0714993433	-0.1103244959	0.1096231968	-0.1266296561	0.0703933846	-0.0819174763	-0.1824107478	-0.0548077064	-0.1529206007	0.22885334	-0.0231164474	0.0069714457	0.0028726916	-0.0298145995	-0.1393215793	-0.0083635255	0.1829716792	-0.0094697348	0.213904072	0.0699477925	0.0377876467	-0.0970621018	0.016850859	0.0717238087	-0.124700488	-0.0082348975054884	0.0006645089935516	6.781353692589908e-05	4.415722025110915e-07	0.024884768734779	0.0631516871452644	0.0039881355892933	0.0006192517149834	0.2437094273134121	0.0131145829139427	0.0001719922850066	0.0593942849614313	-0.0007016510208441	-0.0002069845142411	4.284258913566552e-08	4.923141550515676e-07	0.0017529387243893	0.000304995574909	9.302230071413237e-08	3.072794171463586e-06	0.0001711153510181	-5.874339838449999e-05	2.9280463354047583e-08	3.450786853760076e-09
830.6512075177244	6.272970765996774	39.35016223105016	689981.4285506536	1155.5546416584243	12.660552978515623	160.28960172180086	1335306.529858329	785.627086522213	2.0237175920540267	617209.9190773807	4.095432892388948	810.0429679964795	660.5801887706339	1.264583	24.463058	0.1216349308740201	0.078847822642576	-0.1940732426	-0.1676837049	-0.0499653233	-0.0282940537	0.1455425919	-0.0288568175	-0.2184964803	0.0384039344	-0.1138254357	0.1608491958	-0.2639740746	0.220892189	0.3322540204	0.1010303682	-0.0017380926	-0.0528285757	-0.0257738037	-0.01024579	-0.2441763826	-0.0588206716	-0.2066108552	0.0334202227	0.1184470612	-0.2392935397	0.0627168862	-0.1428106799	0.0146595266	0.1725661561	0.023633732	-0.0047166122	0.0601991335	-0.0215943586	0.0372980075	0.0533768077	-0.059841328	0.0320377804	0.1444443863	0.0711543319	0.0166597889	-0.0065417986	-0.1813257316	0.0674686846	0.1022786134	-0.0444263446	-0.0465178059	0.1038728974	0.1701701237	0.1539196411	0.0039057983	0.1185937224	-0.0675571198	-0.0283579575	0.0553831276	0.0182163856	-0.0254574464	0.0259730208	0.0330409891	0.0020437542	0.1107681735	0.1019680658	-0.1024322237	0.0263840771	0.135173839	0.1425938011	-0.130901966	-0.265770337	0.228455614	-0.1568254083	-0.1006849396	0.1598575515	-0.0195357767	0.1081162465	0.0894079264	-0.0604032462	-0.0293184229	0.0633816114	0.0514204809	-0.1069879399	0.0431367771	-0.2269394704	-0.0148883022	0.0613570659	0.193985727	0.0193480326	-0.0166594308	0.1233161045	0.0675379304	0.1346951597	-0.0671349515	0.0471170953	0.0308042203	-0.1781262141	-0.0739427132	-0.1096327175	-0.1005098684	0.0390202171	0.2332161123	-0.1097970743	0.0827280202	-0.0011318443	0.081101049	-0.0080084142	0.03280392	0.0804105038	0.0195052752	-0.0794988967	0.166185549	-0.0535962286	-0.0109852943	-0.1086466804	0.0344209311	0.1498331433	-0.0703762015	0.0980518986	-0.1199252181	0.1839692329	-0.1009271705	0.0174498338	0.0035406694	0.0201527295	-0.0186078882	0.0632932365	-0.0082817699	-0.0616818937	0.0526805629	-0.0953254926	0.0954056221	-0.0364379469	-0.0191917777	0.012436523	-0.0992570537	0.0235265052	0.063080731	-0.1205247148	-0.0085495086603373	-0.0003146111548488	7.309409833318249e-05	9.898017875535773e-08	-0.0472026351278174	-0.0720874038625964	0.005196593795649	0.0022280887630098	0.2137920453646273	-0.0299173819487848	0.0008950497426694	0.0457070386611908	-0.0006172503096446	8.44007111995e-05	7.1234800509814054e-09	3.809979447563545e-07	0.0015939051832938	-0.0001590335410955	2.5291667193374104e-08	2.5405337333308417e-06	0.0003139917768789	0.0001428764258607	9.859083594756893e-08	2.0413673066756673e-08
825.9674367408091	-4.683770776915253	21.937708690685312	682222.2065561826	1147.5117422902686	-8.042899368155759	64.6882302462803	1316783.1986940478	784.6462630412422	-0.9808234809707984	615669.7581045862	0.962014700823674	809.5835208622462	665.3968404959177	1.314721	25.432964	0.0602214822897878	0.0348422741587361	-0.0783773983	0.007944003	0.0832232888	0.2247689753	-0.2629261817	0.0505813973	0.0327467585	0.0355224203	0.1845866386	-0.0863967185	0.039896926	0.0217384459	-0.2655122437	0.3210886502	-0.0024914308	0.0365415285	0.1947428256	-0.148157413	-0.0487988908	0.0246392677	-0.0195115572	-0.1818329813	-0.2267343364	-0.0803780361	-0.0358792635	-0.0976689776	-0.034695068	-0.1359192155	0.0737522887	0.0257630019	0.0238007943	-0.0442322716	0.1738032952	-0.0253089472	0.0875418552	-0.1213750525	0.0383678772	0.11883601	0.0932585128	-0.1001547671	-0.0905732337	-0.1381182815	-0.0312177187	0.0813052021	-0.1528455791	0.0213258135	0.0020968451	0.1039788006	0.1033634542	0.0563818106	0.0137031907	0.0896957531	0.0069717123	-0.0568774341	0.028706529	-0.028171134	0.0522559723	0.029521062	-0.1897496772	-0.0702433875	-0.1547309293	-0.122869636	-0.0493200755	0.0191962049	0.1451725794	0.2222298914	-0.10924659	-0.1635911598	0.0484165777	0.1672690092	0.0094391761	0.1598071428	-0.0345264455	0.0763087883	-0.068550515	0.0332017516	0.1149922713	-0.1948195767	0.0080693076	0.0582955028	-0.1280186714	-0.0434120874	-0.0198673391	0.0800214032	0.1728453667	0.1450931801	0.0706622386	-0.0172274898	-0.030439181	-0.1406240035	-0.0280995225	-0.0526449444	-0.0015740019	-0.0690891219	-0.0403498487	0.0674845715	-0.0305930025	0.018642593	-0.0075432972	-0.0471243697	-0.081210489	0.070699706	0.1214017097	-0.0228798513	0.1060756595	-0.1290008879	-0.0675461354	0.1323545989	0.0573387391	-0.1091033653	0.115756247	0.096364797	-0.0199934824	0.151892748	0.052208958	0.0871631681	0.3533967257	0.0737248862	0.0604046281	-0.0440750568	0.2154243474	0.1450098353	-0.0686367965	0.0587366342	0.0435381543	-0.26768899	-0.0994006096	-0.0495338403	0.0157877998	-0.0400639748	-0.1013839798	0.0301376669	0.0540487397	-0.1150284477	-0.0111441178223969	-0.0025946091620596	0.0001241913620394	6.731996703843627e-06	-0.070478553558928	-0.0232759184311105	0.0005417683788117	0.0049672265117586	0.2137603141423696	-3.173122225769154e-05	1.006870465967019e-09	0.0456934719022445	-0.000114694095323	0.0005025562143216	2.52562748553258e-07	1.3154735501961412e-08	0.0014579851584042	-0.0001359200248895	1.8474253165989432e-08	2.1257207221269205e-06	0.0002660835466029	-4.790823027599997e-05	7.080045377277767e-08	2.29519852817824e-09
823.8702218266212	-2.09721491418793	4.398310396292287	678762.1424126461	1142.975958604079	-4.535783686189461	20.57333364790245	1306394.0419469136	782.9185432457998	-1.72771979544234	612961.4453581253	2.985015691563321	808.0075989188153	638.7182414270843	1.216162	23.526363	0.1353863094784605	0.0877639188857351	0.2024589395	-0.0438061475	-0.0113268025	-0.0621616396	0.1332565239	0.0062787755	0.1449773556	-0.0209841677	-0.0836054044	-0.1065210099	0.118756743	0.0221347021	-0.112252729	-0.0435151543	0.1774897788	-0.0372802671	-0.0584721611	-0.174811631	-0.3988842457	0.2711551338	0.0362743731	-0.0941061359	0.0444083391	-0.0031861236	-0.1817541423	0.1109993499	-0.0196562333	-0.0074579631	0.0088438124	-0.0983981433	-0.0137374078	-0.045960845	0.1349139307	-0.0127438311	-0.0372293796	-0.0659114912	0.1775384064	0.1631049113	-0.0281404379	-0.0770011094	0.0437077006	-0.1516203481	-0.0099501012	-0.2092457329	-0.0468992994	0.0453744798	0.0226837068	0.0179662523	0.0252389563	0.0165625223	0.0269081518	0.0407855423	0.1147056307	0.0319868259	-0.0160892379	0.0396310142	0.0836958644	-0.0363978218	-0.0711257155	-0.2024550457	-0.0047577664	0.0832551014	-0.0146513939	-0.065574538	0.1057831629	0.0099056283	0.1469118475	0.0410834587	0.0483114291	-0.1757878027	0.0977276031	-0.0172560118	-0.003472788	0.1012187169	-0.1964665469	0.1247694954	0.0537345725	-0.1471605948	-0.2350884137	0.1163193195	0.0565435167	-0.0385213997	0.0002364744	-0.0026500395	0.0255274803	0.0262874827	0.0584052863	0.0446195061	-0.0781464712	-0.1020605062	0.1450791192	-0.1736048997	-0.0017403036	-0.0031309973	-0.0424457519	-0.0430891591	-0.0618149127	-0.0580821172	0.0254899909	-0.020510891	0.0452383611	-0.0340083666	0.1018043115	-0.0546054007	-0.0818253946	0.0128868052	-0.029603985	-0.1919376628	-0.0270737146	-0.0190469347	0.1574727025	-0.0305727378	-0.1470875584	0.1020283728	0.0114779136	0.0009592931	-0.0035179294	0.0803087634	0.0190471343	0.0296049794	0.1410977721	-0.0302873571	-0.0173138595	0.0223108158	-0.0845687976	0.074241526	0.0215095414	-0.0579356355	0.0245238898	0.0801331954	-0.1034414224	0.0366662233	0.0446835199	-0.1082719048	-0.0079232625043346	0.0032208553180623	6.27780887125946e-05	1.0373908979890202e-05	0.0125113543569739	0.0829899079159019	0.0068873248158898	0.0001565339878457	0.2367473509708659	0.0229870368284963	0.0005284038621546	0.0560493081917223	-0.0003568138895206	-0.0002421197941976	5.8621994742288177e-08	1.2731615175481898e-07	0.0016179300846388	0.0001599449262345	2.5582379428191585e-08	2.6176977587793144e-06	0.0003877890144907	0.0001217054678878	1.5038031975966837e-07	1.4812220913788321e-08
828.4812818063197	4.611059979698439	21.26187413637657	686381.2343034424	1147.1075719849675	4.131613380888439	17.070229129136397	1315855.7817052477	784.4907918613159	1.5722486155160595	615425.8025151944	2.471965708992166	808.7740905371004	657.196638587777	1.243703	24.05913	0.0645852895457205	0.0436930746390954	-0.1354374133	-0.0576519394	-0.1350661312	0.0267067839	0.054072318	0.0543642746	-0.1008038963	0.1192320568	-0.1713897765	-0.0208273224	0.0787984098	-0.021238678	-0.0194785359	0.1489546666	0.1064607039	-0.1453015592	-0.1297717091	-0.1349278362	0.0010920998	0.0252907274	-0.1531859175	0.0200510717	0.0640689265	-0.1175366783	0.0635859629	-0.0893231103	0.0310657589	-0.010674359	-0.1292913071	-0.1403667889	0.1488450352	-0.014007224	0.0009127761	0.0980831058	0.0753900093	0.0764545353	0.0064108585	-0.0201725616	-0.0478925977	0.0020511931	0.0334014363	-0.1020964952	0.0689349399	0.009120175	-0.0543698351	0.0080467327	0.0493343143	-0.1286460249	0.0590513599	-0.0007839959	0.0451108193	-0.0852565561	-0.0313494575	0.0761606557	-0.0617074067	-0.1538003139	-0.0333215091	0.0126286687	-0.1139679627	0.1750353739	-0.0267135999	-0.0958618997	-0.0433687118	0.1640477237	-0.123053941	-0.0288684041	0.0501643997	-0.0941209487	0.0019088579	0.0026778752	0.0698352163	-0.1769099936	0.0866512602	0.0113878358	-0.0646994817	-0.2120890536	0.0596626692	-0.0220270077	-0.0009209296	0.0268774942	-0.004496817	-0.0247789547	0.0451411953	0.0127705317	0.0449286988	0.0361793057	-0.0072701967	0.0005375743	0.0673980617	0.045071774	-0.1080077025	-0.0140316456	-0.0457535659	0.166147679	0.0261166044	0.0155542626	0.0371714331	0.093955541	-0.0370053849	-0.1114905924	0.0303034054	0.0842688623	0.0954102814	-0.1039761858	-0.114833426	0.1157188072	0.151484517	0.0613931167	-0.0859622857	-0.0445441311	0.1245787635	0.100943469	-0.048474522	0.0271717839	-0.0194663685	0.0814465188	-0.0609147774	0.0575022371	0.0934135088	0.0185709828	0.0059360346	-0.1397093053	0.1405951552	0.0560998385	-0.0063021093	0.0019904036	-0.0612386164	0.037785483	-0.1284253897	0.0274788896	-0.1054279714	0.0430942802	0.0350428114	-0.1003291122	-0.0184728156412319	-0.0105495531368973	0.0003412449177149	0.0001112930713882	-0.0290432634420199	-0.0415546177989938	0.0017267862604204	0.0008435111513625	0.2368720314114654	0.0001246804405994	1.554521226808282e-08	0.0561083592649942	-0.0002922185260716	6.459536344900004e-05	4.172560979108411e-09	8.539166697945836e-08	0.0015389611958571	-7.896888878169994e-05	6.236085395416494e-09	2.3684015623539158e-06	0.0002842245033368	-0.0001035645111539	8.078356829705064e-08	1.0725607970546282e-08
825.2806493859223	-3.200632420397369	10.24404789049872	681088.1502508495	1148.596624423296	1.489052438328372	2.2172771640916697	1319274.2056365898	783.3397212396221	-1.151070621693748	613621.1188717689	1.3249635761264311	808.6464468524725	658.0183222384853	1.127583	21.812815	0.0681416273765067	0.0521658263291055	-0.0451779874	-0.0200092177	0.0737447656	0.1500698187	-0.1875623615	0.0217870413	0.0394968951	0.0639291066	0.1252774006	0.0304122749	-0.0329201759	0.1523956585	-0.1555154777	0.0472572638	-0.0141283858	-0.0831776398	0.1802158704	0.1045507458	0.0175080659	-0.0423520912	0.0386116548	-0.2092218774	-0.1052954038	0.0315803368	0.13124245	0.1414193762	0.0186426875	-0.0089295705	-0.041257647	0.0378886292	0.0466916503	0.021017525	0.0639981104	-0.0411416596	-0.0661013536	-0.0610558883	-0.0883697904	-0.1925386073	0.0674042557	-0.064416876	-0.0638426748	0.0596616267	-0.0950883071	-0.1314079716	-0.0535065955	0.1145012911	0.0774809757	0.0556002263	-0.1874535233	0.0741395852	0.060204873	-0.0983742094	-0.0445045175	-0.1259574646	0.064999776	0.2587701875	0.0736815317	0.1230037016	-0.0147126484	0.0788855373	-0.025350135	0.0162968203	-0.0744211108	-0.0212411386	0.1611365041	0.0911191802	-0.1064595215	-0.0816182789	-0.0836396843	0.0281354475	-0.0737004687	-0.0968095363	0.0008438348	-0.0670392838	-0.0109320648	0.0590186393	0.0360052558	-0.1127206406	0.1603674573	-0.0957945474	-0.0279947609	0.0701127836	0.0097178237	-0.005448391	-0.0322282688	-0.1352189111	0.0632016653	0.1853611708	-0.0311401222	0.0303805794	0.0666121771	-0.0601174316	0.0164922058	-0.0887975057	0.0285053468	0.0119058183	-0.1942853524	-0.2183808771	-0.1573447131	-0.040213284	0.1251398424	-0.0439303284	-0.1091089711	0.006017404	-0.0316302854	-0.0737080674	-0.0357472542	0.1137111207	0.1062503425	-0.0857981924	0.0966704818	0.0627848283	0.0647681544	0.0710904571	0.0116806209	0.0194182674	0.074869426	0.0229913455	0.0692425699	-0.0652144843	-0.1052627546	-0.0625187243	-0.0631704141	0.0793077359	0.021512605	-0.038277644	-0.1185723282	-0.1288259564	-0.0565993549	0.0173060693	-0.1073422654	0.0494042187	0.0251860523	-0.0912870929	-0.0185431527837351	-7.033714250320039e-05	0.0003438485151609	4.947313615515519e-09	-0.0799428598489271	-0.0508995964069072	0.002590768914386	0.0063908608408252	0.2367824856054241	-8.954580604131346e-05	8.01845137958853e-09	0.0560659454894828	-0.0004457367156327	-0.0001535181895611	2.3567834526117832e-08	1.9868121966302645e-07	0.0014039248004789	-0.0001350363953782	1.823482807673757e-08	1.971004845399719e-06	0.0003373128788186	5.308837548180002e-05	1.1377997821689155e-07	2.8183756112965854e-09
825.4999151933122	0.2192658073898883	0.0480774942903396	681450.1099841656	1147.9798375317175	-0.6167868915783856	0.3804260696229272	1317857.7073793486	783.6136771366514	0.2739558970292819	614050.3949956242	0.0750518335171185	808.1081801119274	649.8891885529341	1.04815	20.276211	0.0656538802940374	0.0319237213781397	0.0143258225	0.1018776336	-0.0336460392	0.1001080878	0.1178173724	0.0089158942	-0.0326518069	-0.1201087944	-0.0217209877	-0.0672092846	0.0442759569	0.0797016505	0.0839526267	-0.1053197545	-0.2952850415	-0.1085272281	0.138016055	-0.013301168	0.0363122778	-0.0692109401	0.0913377024	0.0688978348	-0.0317184101	-0.0208856373	-0.1768161067	0.0253708704	0.0219130504	0.0039213958	0.0132949579	0.0616037338	-0.0694187874	-0.115949379	0.0201957918	0.1374262021	0.0611895099	-0.05501029	-0.0065928642	-0.057596015	-0.1598516997	0.1180365613	0.0196429874	0.037394772	0.1294844347	-0.0721097454	-0.078565009	0.1072999804	0.0615015188	-0.1049630539	-0.0948042016	-0.0707029848	-0.0513412195	-0.0434873061	-0.0486223419	-0.0651580434	-0.0223643375	-0.0943080339	-0.0256164772	-0.123276403	-0.1082842106	0.0065688701	0.0544434628	-0.1547152897	-0.043558527	-0.1118842926	-0.0815035741	0.0614292444	0.0773280467	0.0710550939	0.0776802321	-0.0074970378	0.0472249691	-0.0141806436	-0.1565453339	-0.0492810741	-0.0721097161	0.0768050572	0.010266339	0.030216511	0.1641097581	-0.0327093836	0.0633212615	-0.1324981011	0.1073995495	0.0256226197	0.022270401	-0.1108925699	-0.0470842109	-0.07210958	0.0484257303	0.0111017688	-0.0010395642	-0.1042738382	0.0370469867	0.0222452293	0.0049296604	-0.0591317154	-0.0010520742	0.0262734944	-0.1101474216	-0.0340012256	0.0447080226	0.2435154664	-0.1809578601	-0.0097507822	-0.0916497443	-0.0161511058	-0.1070975789	0.0591602567	-0.0819803217	-0.0150201058	0.1737692346	0.0569759128	0.0565227124	-0.0113410841	0.0329209366	0.0600233402	-0.1567556649	-0.0078526378	0.0855098276	0.0425180935	0.0411125279	-0.0085015573	0.0135314398	-0.0341451192	-0.1386086285	-0.0647573489	0.0944969729	-0.0913569979	-0.0415056436	0.0180533693	-0.1091829923	0.0555787436	0.0151740128	-0.0812449131	-0.0070892286077253	0.0114539241760098	5.02571622525908e-05	0.0001311923790297	-0.0569650276883351	0.022977832160592	0.0005279807708003	0.0032450143795327	0.2420357564828847	0.0052532708774606	2.759685491197575e-05	0.0585813074162422	-0.0003288458861146	0.000116890829518	1.3663466025429512e-08	1.0813961681449649e-07	0.0017479363178136	0.0003440115173347	1.183439240589226e-07	3.0552813711317662e-06	0.0003957875935653	5.847471474669996e-05	1.566478192202111e-07	3.4192922647079293e-09
826.2900513620084	0.7901361686962218	0.6243151650819443	682755.2489798305	1150.5219973702715	2.542159838553971	6.462576644756751	1323700.866432879	783.8216246219264	0.2079474852749854	614376.3392249561	0.0432421566321902	808.7765969554201	656.1424180581673	0.962381	18.617033	0.067651013963238	0.0306026155047211	-0.1681769038	0.1152888525	0.0797003571	-0.0077935526	0.0768608279	0.1253709143	-0.0940655837	-0.1309433217	0.0623922413	0.0421255198	0.1011336403	0.0855184914	0.0176304533	-0.0434694303	-0.0837088152	-0.0921511989	0.0999726959	-0.0691219958	0.1169067313	0.1766188014	0.0511293198	0.0633180607	0.1315280971	-0.1202491183	0.0669537057	-0.0727091709	-0.0370859427	-0.0792818179	0.0174052094	0.0927848921	-0.0455894147	0.1802304889	0.1633548303	0.0067102658	-0.0842374508	-0.0218406817	-0.1122395219	0.0842549564	-0.1007993947	0.067959525	-0.0030474799	0.0907330805	0.0692472873	0.0772197477	-0.0148456626	0.0910151382	-0.0415330034	-0.0331922087	0.12020895	0.065464998	-0.0811591355	-0.1480003217	-0.0125664159	0.0985239933	0.0980575565	0.0961487187	-0.1179550264	0.1254249814	0.0292253351	-0.140597079	0.0140028754	-0.2193613636	0.1290378984	-0.0921711074	-0.088194458	-0.0768290946	-0.0439102893	-0.1681923946	0.0749519824	0.014728204	0.1147236803	0.1150675732	-0.0426240323	-0.0419927634	0.0640571345	-0.0366292386	-0.1872162425	-0.058798927	-0.040745437	-0.1198333415	-0.0148825768	-0.0897187392	-0.0803660965	-0.1294689248	0.0784720893	-0.0554309856	-0.1284637985	0.0239312626	0.1132527219	0.0470817887	0.0678784268	0.070627828	-0.0854572365	-0.0700533188	0.010962032	-0.0423611978	-0.0506317638	0.1674930274	0.0337704928	0.1955231865	0.1217784071	0.1354969949	0.0560679627	0.0979314773	0.1503448296	0.0090475976	-0.0773225609	0.024169306	-0.1505940567	-0.1568131914	0.0053865536	0.0137030551	0.0408299617	-0.0070330063	-0.1172434662	-0.0254649649	0.0416234588	-0.0807800322	-0.0200292562	-0.1157680539	-0.0580517826	0.043974744	-0.0527228935	0.0803633648	0.0118061711	0.082567353	0.1030834107	-0.1086295523	-0.0159721888	0.156746025	-0.1109488906	0.0616009311	0.0050684204	-0.0703125971	-0.0185227283986932	-0.0114334997909678	0.0003430914673317	0.00013072491747	-0.036278823312287	0.0206862043760481	0.0004279190514876	0.0013161530209241	0.2490275658713017	0.006991809388417	4.888539852395622e-05	0.0620147285637855	-0.000519216310315	-0.0001903704242004	3.6240898410240245e-08	2.695855768971224e-07	0.0014679232214998	-0.0002800130963138	7.840733410724144e-08	2.1547985842183507e-06	0.0002953811059234	-0.0001004064876418	8.724999773653083e-08	1.0081462760583015e-08
825.1719643765068	-1.1180869855015771	1.250118507148004	680908.770792983	1153.3445116352832	2.822514265011705	7.966586776194565	1330203.56251923	783.8821348758327	0.0605102539062727	614471.2013774931	0.0036614908278015	809.0540878093565	652.1385312262382	0.97026	18.76944	0.033188899506118	0.0158779395163514	-0.0574243085	-0.0700536536	0.1027821143	-0.0883877234	-0.022816345	0.0972882556	-0.0212395658	-0.0780631979	0.185904843	0.0707673662	0.0181206463	0.05023584	0.06704916	0.001458974	0.0307875006	-0.065176786	-0.0213407025	0.0035306954	-0.077027335	0.0648480998	0.0071546294	-0.0841483101	0.1377312506	-0.026161897	-0.0393983291	0.0298710161	-0.013763945	-0.1524690579	0.1626285335	0.098392158	0.0591730283	-0.0428381078	-0.0290869552	-0.0770341446	0.1169203377	0.0593394616	0.0010655471	-0.1050428307	-0.0344549592	0.1440448859	-0.0921561478	0.2061682336	-0.0011086067	0.0469420356	-0.0349099896	-0.0763127109	-0.0089366884	0.0822425191	0.1163689348	-0.0708682928	-0.0683377326	-0.1173304495	-0.0192090422	-0.1422897933	0.1977043875	0.011535736	0.0151385929	-0.1104697047	-0.0698184192	-0.0100510802	0.0388041648	0.1231087789	0.1170119726	-0.0263460124	0.1163110078	-0.1043494924	-0.0624781644	-0.1178983364	0.1376932223	0.0233641042	0.0956542856	0.0831148475	-0.0808228024	0.0412144024	-0.1094131188	0.0382560762	0.0902636701	0.1072624535	0.0609268907	-0.0450590446	-0.053826121	0.0111643215	0.0487337607	-0.1027810928	-0.018041665	-0.1295814092	0.1503107321	-0.1034115074	0.1260998887	0.0128201196	-0.0111045493	0.0980468841	-0.0477016124	0.0107253127	0.0101369505	-0.1442761676	0.0840682971	0.1126138862	-0.1970061797	0.0179570109	-0.0357463179	-0.2076858007	0.0233118985	0.0807394557	0.0377070156	-0.1033567546	0.0069176985	-0.1000875913	-0.059358524	-0.156364867	0.000880295	-0.0281496719	0.1136248794	0.0076036289	-0.0198439239	0.0665256616	0.0929840176	0.0895716758	0.0647389989	0.1412388745	-0.0148856428	-0.0276928103	-0.020293427	0.0583213865	-0.1109169577	0.0768756713	0.0864869046	-0.1560210224	-0.0303885463	-0.0775318401	-0.1126387502	0.0674542747	-0.0050684204	-0.0586099215	-0.0184989046216799	2.382377701330013e-05	0.000342209472202	5.675723511794475e-10	-0.0245941752004625	0.0116846481118244	0.0001365310014971	0.000604873453791	0.255297628259072	0.0062700623877702	3.931368234653156e-05	0.0651768789947073	-0.0003981300501184	0.0001210862601966	1.4661882408398722e-08	1.585075368072797e-07	0.0015259669962535	5.804377475370002e-05	3.369079787658264e-09	2.3285752736549293e-06	0.0001703038362835	-0.0001250772696398	2.9003396652877176e-08	1.5644323380572245e-08
825.5907335333159	0.4187691568090486	0.1753676066945615	681600.0592960785	1152.9746230035769	-0.369888631706317	0.1368175998655714	1329350.4812902403	784.2621670809659	0.3800322051332614	615067.1467145329	0.1444244769384493	809.6543071591587	655.6558053839298	1.008807	19.515123	0.0508655936615541	0.0269767730017043	0.006945907	-0.1364771391	-0.0895953684	0.0622305992	-0.0237440222	0.0155137236	-0.0227866577	0.099729019	0.1668809297	-0.0901964598	-0.0277407247	0.1168282928	0.0341685368	-0.0920307252	-0.0939617917	0.0101670218	-0.0012940135	0.195200182	-0.0377413023	0.1355809832	-0.1482334086	-0.085083706	-0.0343137941	0.0183116402	-0.0579731285	0.1374631873	0.032366397	-0.0048264483	-0.0447286293	0.0482999619	0.0892737801	0.1364823753	0.0126593481	-0.0934843169	-0.2312949543	0.0091859977	0.0318151534	0.0375771131	0.0810336433	-0.0484892535	0.0627442704	0.0638675532	0.0916259588	-0.0700791814	0.0077225332	-0.0291675716	-0.1395547604	0.0055463124	0.0498811114	-0.0157468831	0.180752836	-0.1100783732	0.1098944544	0.0270274969	-0.0384996687	0.0567731901	-0.0012043653	0.0069809683	0.0956388957	0.0534552497	0.066068109	-0.0054018591	-0.1049402051	0.1524452646	0.1112786931	0.1078338375	0.0420598776	-0.0287656419	0.0471490927	-0.0530769374	-0.1062623884	-0.0062040663	-0.0186642776	0.0005563346	-5.95016e-05	0.0515546682	-0.0833926703	-0.0307245929	-0.0800628164	-0.1472053029	-0.0667054635	0.0215731238	-0.0834431957	-0.0673097199	-0.1258293337	-0.0861132788	0.0445187691	0.1207429254	-0.0552372795	-0.0685964994	0.0752787892	0.0483621223	0.0642277804	0.1858581697	0.036939622	-0.0704160173	-0.0823218668	-0.0568168578	0.1674077178	-0.0213003104	-0.1757241726	-0.0462434527	0.0127386308	-0.1483416591	0.1300100711	0.0032429314	0.1200318268	-0.0467252824	0.0462682165	0.0025283355	0.0936417974	0.0055914663	-0.026416907	-0.1166106247	-0.0574181962	-0.0683442862	0.1163315043	0.1487180968	-0.0083084637	-0.0448354962	-0.109375662	-0.1348743188	0.0820156488	0.0724609898	0.0528454279	-0.0454493223	0.0181346776	-0.2136673655	0.0400627181	0.036783446	-0.1142514127	0.0731227308	-0.0151740128	-0.0462651033	-0.0186107889154669	-0.000111884293787	0.000346361464056	1.2518095196216012e-08	-0.0144227123782911	0.0101714628221714	0.0001034586559428	0.0002080146323469	0.2738271635992078	0.0185295353401357	0.0003433436799213	0.0749813155247873	-0.0005076442182877	-0.0001095141681693	1.1993353029813722e-08	2.5770265236093e-07	0.0012539416621639	-0.0002720253340895	7.399778238655844e-08	1.5723696921103643e-06	0.0002298185581338	5.951472185029998e-05	5.2816569662698806e-08	3.542002116918574e-09
824.382371110332	-1.208362422983896	1.4601397452795122	679606.2937974931	1151.897034962972	-1.077588040604951	1.1611959852548177	1326866.7791564865	783.420124553812	-0.8420425271539216	613747.0915559103	0.7090356175357627	808.56836751023	648.4438214726728	1.033644	19.9956	0.0864076796894483	0.0546000084514275	-0.0233176873	0.1245772829	-0.035161711	0.0285467141	0.0008727323	-0.1248700041	-0.0754620119	0.0004972606	0.0873083311	0.0213159845	0.1728863283	0.0974733085	0.0491828076	-0.0587390975	-0.0739808326	0.1451400714	0.0224355448	0.0053166594	-0.0067649612	0.0124486127	-0.0064228003	0.0953718163	-0.1280855257	-0.0752638007	-0.0296053117	0.1637240008	0.0663735866	-0.0431918043	-0.1005803716	-0.1645627635	0.0012882436	-0.1033185024	-0.0740695083	0.0408365227	0.0040440653	0.0820109101	-0.0442655652	0.0196134142	-0.1236227589	0.139947877	0.0522595099	-0.1183343315	0.0463251825	-0.0674030135	0.1059042043	0.0993392413	0.0117629326	0.0260825002	0.1485451973	-0.0009805601	-0.1301855341	0.0301997422	-0.103817064	-0.018790394	0.0040091031	-0.0822218726	0.1118318691	-0.0927965125	0.2193016687	-0.0448540079	-0.0394083503	-0.0660538435	-0.0338971451	0.0230473496	-0.0851094826	0.1702510412	-0.0434189613	-0.0363796254	0.0326360445	-0.1629734327	-0.0205991254	-0.0189762144	0.0212942249	0.0461370874	-0.0531069603	-0.0407815522	-0.0340453717	0.0889323693	-0.0698076881	0.0568856728	-0.1143084514	0.0288756248	0.1950043489	0.0639442045	-0.0445925864	-0.0126569738	-0.1216318334	-0.0335458673	0.2451807449	-0.0671475497	-0.0374128543	-0.0724583805	-0.0486581784	-0.0768625087	-0.0382476505	0.0047011256	0.1429357952	-0.082540787	0.1788961592	-0.1624224927	0.0689643079	-0.0215132686	0.0057437348	0.0248182331	-0.0754693732	0.0990384346	-0.0374264323	0.1311418867	-0.0378301628	-0.0545531475	0.1209053801	-0.0890164761	-0.0368434169	-0.111031493	-0.0181493929	-0.0920347975	0.0050836106	0.0968156806	-0.1165354855	0.1366419715	0.0516602857	-0.0874427149	-0.0472940604	-0.1490450179	-0.0214177452	0.0143170018	0.0151018422	0.0979623568	0.0926970221	-0.1435436575	-0.1157857731	0.0785907625	-0.0251860523	-0.033413395	-0.0269313571140941	-0.0083205681986271	0.0007252979960068	6.923185514800626e-05	-0.0661354214901308	-0.0517127091118397	0.0026742042836857	0.0043738939756772	0.2702823986318563	-0.0035447649673514	1.256535867376216e-05	0.0730525750101896	-0.0003566275654604	0.0001510166528273	2.2806029431161256e-08	1.2718322044621189e-07	0.0014999669367239	0.0002460252745599	6.052843572232336e-08	2.2499008112648803e-06	0.0001702677372885	-5.95508208453e-05	2.8991102361345652e-08	3.546300263349017e-09
824.7970134006341	0.4146422903021403	0.1719282289070043	680290.1133146058	1153.5689024965986	1.6718675336267097	2.795141049995057	1330721.2128072071	782.6505520141984	-0.7695725396135913	612541.8865681295	0.5922418937273125	807.9959473158597	646.5834692258568	0.969522	18.755175	0.0264160158773995	0.0125083282755962	-0.0528617478	0.0765964779	0.1536282264	-0.0926308274	0.0702249175	-0.0707040217	-0.1292957506	-0.1239497971	0.0648809081	0.1029938419	0.1410172924	0.1173157699	-0.0574921015	-0.019412705	0.0296999274	-0.1346136133	-0.0665798942	0.0968609197	0.1060579598	0.0408690379	0.1051654932	0.0447852549	-0.002098033	-0.0475437946	0.1627232296	0.0552614507	0.1486706972	-0.1572723463	0.0345224951	-0.0081901346	-0.0898846962	-0.0288692741	-0.020837925	-0.0860041441	-0.090330115	-0.0335106698	0.000821363	-0.1196502398	0.0251298289	-0.1186470615	-0.0598231315	-0.0902723589	0.0478579807	0.1971041788	0.052971805	0.095597199	-0.0095768384	-0.1264693847	-0.0770372964	0.1438130541	-0.0646685789	-0.0662957183	0.0988353007	0.0015333492	0.093278172	-0.1142938354	0.1071152896	-0.0391226509	0.1612842445	-0.0529459228	0.0494632857	0.0487769049	0.1197639417	-0.1063780795	-0.0495902292	-0.0218843314	-0.1119862917	-0.1017661231	-0.1072442743	-0.0164541451	-0.0168054218	-0.0699390115	-0.0726790366	0.0167994507	0.1408124326	0.0388935768	-0.1329894086	0.0035564138	0.1415300691	-0.0109520655	-0.124733041	-0.0399087751	0.0923939774	0.1326754621	-0.0510786811	0.0108173488	0.0335431832	0.0209165715	-0.044333582	0.0340735365	0.0486850981	0.1463083438	-0.0121669828	0.1551904528	0.0329114489	0.035168087	-0.018361079	-0.1231240866	-0.0151921047	0.0820855015	-0.0331442578	-0.057602149	0.1092395249	0.1021241692	-0.0392907877	0.1671164142	-0.1026338314	0.0249730249	-0.0086239306	-0.1891405733	-0.0266712392	-0.0574476334	0.0215652563	-0.1247644223	0.0147949085	-0.0085040491	-0.0399708956	-0.0009645921	-0.0881610195	0.067744756	0.0282557854	-0.1948997775	0.0998797186	-0.0385168166	-0.0122021298	0.0879855414	-0.0729913681	-0.0129303276	0.1365731975	0.0778312503	-0.1172407796	0.0838433825	-0.0350428114	-0.0201956026	-0.0276878779566516	-0.0007565208425575	0.0007666185857424	5.723237852239143e-07	-0.0591576503060053	0.0069777711841255	4.8689290698012185e-05	0.0034996275897276	0.2739239092794179	0.0036415106475615	1.3260599796304315e-05	0.0750343080749187	-0.0001926857735005	0.0001639417919599	2.6876911151023133e-08	3.7127807309486e-08	0.0014489766400804	-5.099029664350002e-05	2.600010351792129e-09	2.099533303498685e-06	0.0002561399127482	8.587217545970001e-05	6.560765490265551e-08	7.374030518181505e-09
825.7487304508587	0.9517170502246016	0.9057653436882172	681860.965841205	1153.1764849149265	-0.3924175816721345	0.1539915584054063	1329816.0053607458	784.3027336670688	1.652181652870354	615130.778037637	2.7297042140814147	809.2829948742748	650.8936656291855	0.985209	19.058634	0.1406812381850249	0.0797714834051661	0.0486814317	-0.0713404655	0.093903156	-0.0218659581	0.042028284	0.0776268355	0.0358040744	-0.0929832937	0.1839135914	-0.061109677	-0.1209831171	0.1005072968	-0.0156727709	-0.0527950408	0.0422616391	-0.0072478671	0.0787733773	-0.0583190871	0.0011512027	-0.0101146571	0.0343766879	-0.1418001222	0.0027188795	-0.150825923	-0.0831381359	-0.0836066546	-0.1151262191	0.180858008	-0.0318114429	-0.0386475218	0.020489316	0.0413883853	0.073949068	-0.0427533096	0.0558102833	-0.1112924707	-0.1670500604	-0.1099592915	0.1263652962	0.0020517302	0.0425543764	-0.0237591729	-0.0613740186	0.0404260391	0.0167078932	0.0794248835	-0.0951697306	-0.0474963382	0.1092149796	-0.0117557182	-0.0148893592	-0.0933390971	-0.0067056822	-0.0159442567	-0.047646581	-0.0087546542	0.002207036	-0.0876489739	-0.0269367585	0.0150905879	0.0842117364	-0.2237862016	-0.1424974191	-0.0587252431	0.1203411974	-0.0052565289	0.1024250177	-0.1353901144	0.0457268298	-0.0076152179	-0.1105058847	0.1467110125	0.1806654806	-0.0538004469	0.1965062453	-0.1132911678	0.0505303947	-0.0954158948	0.0877135889	0.0266472647	0.0339405279	0.0585419378	-0.0974665017	-0.0829016267	0.0657074181	0.0274449151	-0.0480965026	0.0240238873	0.109859035	-0.0105151538	0.0280325342	0.0400694915	0.0176913136	-0.0378067369	0.0905988938	-0.0385372518	0.0325679307	0.0417786733	0.0176918392	-0.1041683314	-0.1251624838	0.1748554569	-0.056818285	0.0855335618	-0.0890259205	0.0914530525	-0.0494233224	-0.1716070739	-0.0189882703	-0.0952068796	0.0456007138	0.0254145383	-0.1242973793	-0.1040864505	-0.0001724469	0.0219193377	0.1297068336	-0.0020035302	-0.0820735474	0.0952937963	0.1310762531	-0.034573478	-0.1027383163	0.1088728349	-0.2032700806	0.0078404747	0.0245046269	0.0494259342	0.1134423915	-0.0367231473	-0.1186154352	0.0888661936	-0.0446835199	-0.0067565429	-0.0186394132773699	0.0090484646792817	0.0003474277273245	8.187471305220853e-05	0.012752617251948	0.0719102675579533	0.0051710865802564	0.0001626292467746	0.2499962012967529	-0.0239277079826649	0.0005725352093036	0.0624981006628065	-0.0007417681720632	-0.0005490823985627	3.014914804113677e-07	5.502200210859811e-07	0.0015188664164695	6.988977638909999e-05	4.8845808437183995e-09	2.306955191078901e-06	0.0003530636970989	9.69237843507e-05	1.2465397420914385e-07	9.394219972861e-09
826.0688048699305	0.3200744190718296	0.1024476337441692	682389.6703792354	1150.7677955953484	-2.408689319578116	5.801784238249686	1324266.5193793776	783.6583316814937	-0.6444019855750867	614120.3808138219	0.4152539190131142	809.2150151479937	653.0045011729078	1.094435	21.171587	0.1094610634592669	0.0578366009458612	-0.0220474476	-0.1130993356	-0.2020701303	0.0055030547	0.0428512617	-0.0129150083	-0.0334647103	0.1567533493	0.0541542143	-0.1489068376	0.1149929774	0.0761232651	0.1686805636	-0.0056861323	-0.0308251856	0.0732061424	-0.0743965145	-0.0305902595	0.0615451024	0.0788467701	-0.1300737347	0.0061237486	-0.0148606897	0.0008050565	-0.1613143698	0.0434961939	0.2446553056	-0.0258743842	-0.0505502475	0.0625530353	0.1230077758	0.0142361163	0.1175549683	0.0349143846	0.0126839618	0.0179471434	0.1241251922	-0.0292944305	0.0921547568	-0.036635861	-0.0211111702	0.1996390927	0.0925642185	-0.0600243808	-0.0777213344	-0.1261536457	-0.0289176783	0.0158442481	-0.0097151368	-0.0342117921	-0.0169677781	0.0809911914	0.1521507001	0.0387469321	0.1451929781	0.0255175926	-0.0056374773	-0.0950070346	0.1262663384	0.0238768112	-0.1323131128	-0.0426553108	-0.0296570291	0.1526688221	0.0161687215	0.1393536804	0.1093325875	0.0034545925	0.0832795765	-0.1612051731	0.0187397301	-0.010343855	-0.1978674722	-0.0072189092	-0.0021394633	-0.0354876853	0.0526534866	-0.033080377	-0.0501882646	-0.1954734854	-0.0692438299	0.0358233602	-0.0898850044	-0.0264683295	-0.0818968035	-0.0072411108	0.112349961	-0.033028292	-0.0635761996	0.0349625568	0.0812923017	0.0154866584	-0.0845822923	0.0384290889	-0.117319272	-0.2301416412	0.0889245477	-0.0552831258	0.2315788421	-0.0109194434	-0.0980247973	-0.1120797139	-0.0694095715	0.0572330283	-0.0008972006	-0.0728036603	0.1980894553	-0.0200047866	-0.0184210314	0.0241338923	0.1793400433	0.0398072252	0.049878816	-0.0538986282	-0.0575355222	-0.0725357286	-0.0889729861	0.2173854681	-0.1091196116	-0.0773886621	-0.1038757819	-0.0486552767	0.0014087571	0.1026571264	-0.035207385	0.0255153721	-0.0141351297	0.1166991706	0.0270117078	-0.0440637092	-0.1199087977	0.0936454286	-0.0540487397	0.0067565429	-0.0070468236260268	0.011592589651343	4.965772321632949e-05	0.0001343881348244	-0.0375193851097748	-0.0502720023617228	0.002527274221457	0.0014077042590155	0.273908177556379	0.023911976259626	0.0005717826086409	0.0750256897322568	-0.0004778372045417	0.0002639309675215	6.965955561683511e-08	2.2832839404422645e-07	0.0014283853442946	-9.048107217489984e-05	8.186824421919435e-09	2.0402846917956035e-06	0.000472341561134	0.000119277864035	2.2310655037450426e-07	1.4227208848775794e-08
824.9485913944096	-1.1202134755209272	1.254878230738675	680540.1784436206	1152.1979750282744	1.430179432926025	2.0454132103646057	1327560.173659256	782.9674713421765	-0.6908603393171688	613038.061179962	0.4772880084414336	808.0205478049	652.0410654684363	1.206206	23.333773	0.0968106725385995	0.0578917865133186	0.0256606468	0.0668415289	0.0721683937	0.1045019364	-0.0738540866	-0.2020907013	-0.0638156171	-0.012838425	0.1121747559	-0.1715152083	0.1195667905	0.0211946834	-0.0746378173	-0.1275662361	0.0252259277	0.2566551987	0.2047605125	-0.0825943749	-0.046848386	-0.2995934909	0.0721059044	-0.0591463878	-0.146641162	0.0987406516	0.0561034131	0.0731798957	0.0584786514	0.0051495193	-0.1278451572	0.0628640075	0.1659465442	-0.050293598	0.0715090604	-0.0753258834	0.0340493198	0.0143123183	0.0546891239	0.0960846752	-0.011496456	0.1303524184	0.0330260969	0.1162023792	0.0617279899	0.2263495561	-0.1936786501	-0.0644841141	-0.1151421307	0.0145539767	0.0447313034	0.0185429475	-0.0720843949	0.0776411806	0.0078961568	0.0598952064	-0.0607365597	0.0043785624	-0.0019216508	0.0434815758	-0.0537050538	-0.1301363467	-0.1448763847	0.0626635417	-0.0384195264	-0.0346880356	0.0753070167	0.1314440217	-0.0948163369	0.0203097398	-0.0532527343	-0.0261744316	-0.1107124183	0.0823985139	-0.0746032417	-0.0592007694	0.0149796509	-0.0980982257	0.1253048869	-0.0040099909	-0.2386214329	-0.179464344	-0.1301064075	-0.028966183	-0.0410154989	0.0371792464	-0.0071843442	0.080961896	0.0599235441	-0.1046497895	-0.0905853566	-0.0354429241	-0.0670760458	-0.0284034477	0.0767665796	-0.0171724456	-0.0368510931	0.0411284086	0.0319027435	0.1230853992	-0.119316956	0.1105147601	0.1410720444	0.1817398709	0.1254877177	0.0108901178	-0.013202069	0.0259446644	-0.0878400549	0.1702438369	0.1204699445	0.0011260201	-0.0167664091	0.0586684349	-0.0240975688	-0.1153838718	0.0914925309	-0.0901720059	0.1569887563	0.1702164166	-0.1078784464	-0.0382243663	0.1127575609	0.2884739432	0.0200706023	0.0472417395	0.016082551	-0.1463878437	0.046439681	0.0036711684	0.1407089817	-0.0178690572	-0.1211199807	0.098167988	-0.063080731	0.0201956026	-0.0088010325742686	-0.0017542089482418	7.745817437333698e-05	3.077249034091604e-06	-0.0883333460690636	-0.0508139609592887	0.0025820586283721	0.0078027800277569	0.3003464073511779	0.0264382297947989	0.0006989799946825	0.0902079644087597	-0.0003248691857694	0.0001529680187722	2.339921476712272e-08	1.0553998786247295e-07	0.0016159239057371	0.0001875385614424	3.5170712027922274e-08	2.611210069132644e-06	0.0004567626846234	-1.5578876510599974e-05	2.086321500643756e-07	2.4270139333252363e-10
825.6384393767553	0.6898479823456682	0.4758902387463894	681678.8325764841	1151.137097676595	-1.0608773516794372	1.1254607553063762	1325116.617647295	783.1959645812415	0.2284932390649601	613395.9189363412	0.052209160298397	808.0469886560008	640.6588792631038	1.152006	22.285286	0.1504015407874732	0.0889530533275737	0.1529302075	-0.0134350763	0.0320162391	-0.0274822293	0.2393146449	-0.0631919612	-0.0570757202	-0.1145133237	-0.0255626031	-0.1839750575	0.0059662679	-0.13674837	-0.1381583202	-0.2207917171	0.2212000043	0.071056686	-0.251456158	-0.1521547723	-0.0592017103	0.3060353699	0.0278695847	0.0118813742	0.0542386973	-0.0818424828	-0.1568299097	-0.0030212991	0.0824786744	0.0918626999	0.1606831724	-0.0649673917	-0.1148514356	-0.1606683744	-0.0002217712	0.1249587378	0.0282462474	0.0573009747	-0.0226911111	0.0284276698	0.017497456	-0.0603573804	0.0740282265	-0.1535908759	-0.1138961457	-0.037638692	-0.0236527755	-0.0811872411	-0.1201001623	-0.0175506057	-0.0450440721	0.1294872336	0.0502403753	-0.0109687754	-0.1072237709	0.0262198915	-0.07167909	0.0363494629	-0.1446232336	0.0185184757	-0.1133781371	-0.0981632295	-0.1426646042	0.1130416465	0.1000135932	-0.0716736627	-0.0122843149	-0.0704993168	0.153446976	0.0194579678	-0.0676549307	-0.1382752933	0.1249581043	0.0872198447	-0.0981565857	0.232527595	-0.0708463138	-0.0380065967	0.0133751578	-0.0256174574	-0.0264922211	0.3191948632	0.0101044398	-0.0145247547	-0.1322086975	0.1358978164	-0.00606562	0.0153857598	-0.1022740707	0.0361472337	0.0440770775	-0.0037709707	-0.0303312487	-0.0322332839	0.0653768713	-0.0233042686	-0.1311464809	0.1366688595	-0.1965081367	0.0898187268	0.0776088029	0.0838972439	0.0076413005	-0.0130710274	0.0783065218	-0.053869587	-0.0685829167	-0.093485309	-0.0889078445	-0.1895515197	0.00884644	0.0245033278	0.0380831764	-0.076727985	-0.1923932655	-0.0003969143	-0.1031728308	0.0304122192	-0.0580789925	0.0023592659	-0.0720577324	0.0201161143	0.0942417549	0.0156410159	-0.1212500521	0.163709805	-0.250998318	0.0509811711	0.0496784091	0.0873525694	-0.0136492481	0.1014263033	-0.1222481541	0.1024214758	-0.0717238087	0.033413395	-0.0036613921114962	0.0051396404627723	1.3405792194126603e-05	2.6415904086567285e-05	-0.0051657935208595	0.0831675525482041	0.0069168417968582	2.6685422700153986e-05	0.2732271566475361	-0.0271192507036417	0.0007354537587269	0.0746530791296972	-0.0007127705159649	-0.0003879013301954	1.504674419674383e-07	5.080418084288697e-07	0.0017748951335057	0.0001589712277686	2.5271851258256145e-08	3.150252734942217e-06	0.0003041333011304	-0.000152629383493	9.249706485647459e-08	2.3295728705453258e-08
830.1345974638313	4.496158087075969	20.21543754397864	689123.4499064372	1153.52274485531	2.385647178715089	5.691312461311266	1330614.722898529	785.5287588663609	2.332794285119462	617055.4310061254	5.441929176686022	810.1796711179073	665.5686894870593	1.228094	23.757174	0.0911313473298929	0.0481505918176619	-0.1490779169	-0.0953036079	-0.0580652249	0.1226164022	0.104908669	0.1398302245	-0.1895340179	-0.0087985851	-0.1603646419	-0.1901102329	0.0455150033	0.0444997493	0.0755803688	0.2718037733	0.1623008595	-0.0640349755	-0.1299562276	-0.064263708	0.1058168944	-0.1311120155	-0.0986047618	-0.0755181612	0.0127448806	-0.2060291764	0.0013907468	-0.2125157183	0.0624990184	0.0902006401	-0.196641156	-0.1395604825	-0.0674198357	-0.0250614359	-0.0047493945	0.0352157993	-0.0257964861	0.0577054446	0.0618296432	0.1194473647	-0.0706143741	0.0598795744	-0.0076278351	0.0339257365	-0.0078828306	0.1159497432	0.1049475423	-0.0582315497	0.1295028749	-0.0326327758	-0.0863194869	-0.1453543355	-0.0433042893	0.0026696212	-0.031262626	-0.0278070843	0.054951481	0.0205343488	-0.0278348322	0.0794362721	-0.0317770046	-0.1270196754	0.1168064517	0.027095649	-0.0747383756	0.0731669638	-0.0942297455	0.0056607878	0.2212339776	-0.1946008862	-0.0874734701	0.0806452405	0.1647318337	-0.1488851054	0.0981106816	-0.0875856501	0.0498159506	0.0098648994	0.0501316943	0.0057583678	-0.1098332703	0.0515385764	-0.0204715505	-0.012169247	0.0223822452	0.0421163152	0.0611069845	0.1398170424	-0.0576953941	-0.0883918957	-0.0173338695	0.0906977061	-0.1396156404	0.0246843789	0.0018890379	0.0024713693	-0.0446861097	-0.0011298703	-0.0261310239	0.0067099764	-0.0226798341	-0.013197639	0.0414584065	-0.0360752368	-0.0763319703	-0.066001056	0.1473755046	-0.0623794693	0.063365361	-0.0193426604	-0.0279808414	-0.0078575134	0.1497126921	0.0248872214	0.100722065	0.0656146068	-0.1253871946	0.1543929406	-0.0321901504	0.0424620248	-0.0698892485	-0.0834056076	-0.1062017434	-0.1963581875	0.2374432395	-0.0480970186	0.1308968462	-0.0092456072	-0.1292413141	0.2874950548	0.0361558659	0.105826532	-0.1232925447	0.1063942335	-0.0799246852	0.0462651033	-0.0194046313194888	-0.0157432392079925	0.0003765397166452	0.00024784958076	-0.0432962614285941	-0.0381304679077346	0.0014539325828627	0.0018745662536931	0.2657476348482603	-0.0074795217992758	5.594324634584192e-05	0.0706218054274443	-0.0002941546447806	0.0004186158711843	1.7523924760739049e-07	8.652695504600097e-08	0.0018179756749729	4.308054146719988e-05	1.8559330531071286e-09	3.305035554793171e-06	0.0001702673454841	-0.0001338659556463	2.8990968938201874e-08	1.7920094081097162e-08
824.0716287512605	-6.062968712570751	36.75958960961182	679094.0493127553	1148.9266689333142	-4.596075921995862	21.123913880750116	1320032.4905862014	782.9318833306291	-2.596875535731783	612982.3339356459	6.743762548082236	808.175497298378	654.8774478902646	1.222562	23.650167	0.0867154330334067	0.0544871126590899	-0.0034928346	-0.0338496979	-0.0336709906	0.0272622284	-0.3825832536	0.0832489598	0.1324646884	0.1292660551	0.1955742883	-0.0008640141	0.0017122584	-0.3227979707	-0.1712637531	0.2453738917	-0.0133717226	-0.155111123	-0.0422392566	0.0225771694	-0.15023427	-0.1218223284	-0.0571998769	-0.1269783716	-0.0379452419	0.2577433954	0.1584356112	0.0496239746	-0.2464139483	-0.0220883875	0.0276891976	-0.1456768527	0.0276382607	0.0892399825	0.0350602333	0.0143759104	0.0683833741	-0.097172578	-0.0113585352	0.1803620348	0.0616637919	-0.0458875485	-0.0262432031	0.0732073797	0.1079346128	-0.0914229575	0.067764911	0.1734261904	0.0748460229	-0.0385012794	-0.0495918169	-0.0208124006	0.0620103759	0.0137627056	-0.0396073274	0.1072515137	0.0073919179	0.1061540484	0.0035585019	0.0615915298	-0.0540277001	0.1503175401	0.0123940976	0.0191746925	-0.1234190864	0.0885109682	0.1350368965	0.0505694445	-0.3117722048	0.0949835643	0.1271370986	0.1360490855	0.0045823089	-0.1001229272	0.244259432	-0.0374861354	-0.1694843485	0.111962565	0.1197979894	-0.1326754032	0.0256651529	-0.0140656056	0.0556309089	0.073739275	0.0078061295	-0.0780235911	0.0543398807	0.1157489772	-0.1671250216	0.1242513006	-0.0372876769	0.0503614081	0.0482448934	0.0734898799	-0.0763697727	0.0387599195	-0.078965625	-0.0511925405	-0.0799451782	-0.0878178938	-0.0579879818	-0.0187990555	0.0014798001	0.1045913943	-0.1147923654	-0.2192642203	-0.0119570446	0.0235478495	0.0907779281	0.0903415816	0.0590346933	0.0308708244	-0.0527674905	-0.1101633278	0.1467068842	0.0533812598	0.1554671205	-0.0803164176	0.2923727587	-0.0934625001	0.1070727465	-0.0273192789	-0.0768659524	-0.0615102557	-0.0494164012	0.0316653126	-0.0452362036	0.0876171653	-0.0266907094	0.1108597447	-0.2547915214	-0.1473982422	-0.1242524367	0.1100753719	-0.0876327994	0.0586099215	-0.0156733055685975	0.0037313257508912	0.0002456525074466	1.3922791859264508e-05	-0.0574154961863797	-0.0141192347577856	0.0001993527901454	0.0032965392023281	0.3156275404658402	0.0498799056175798	0.0024880049844186	0.0996207443005155	-0.000452174674947	-0.0001580200301664	2.4970329933789973e-08	2.044619366634251e-07	0.0020389614270082	0.0002209857520352	4.8834702602607036e-08	4.157363700827314e-06	0.0001709609014254	6.935559413000095e-07	2.9227629816185344e-08	4.810198437125422e-13
822.9170928325802	-1.154535918680267	1.3329531875228882	677192.5416760255	1144.0299842378013	-4.896684695512931	23.977521007270568	1308804.6048351438	781.5227684475411	-1.409114883088023	610777.837601909	1.9856047537401724	806.6480179146974	634.4568588460675	1.178924	22.805996	0.0590868200004023	0.0291777473428041	0.2192187817	0.0406953125	0.1183265964	-0.1037747809	0.0287965404	-0.0915784016	0.1375278093	0.0097242888	-0.1036577889	0.0137965618	-0.0218178114	-0.0187882071	-0.1019852687	-0.2540264881	0.1132138887	-0.2003284177	-0.0273605519	0.1846854998	-0.0913794293	-0.1047923979	0.1706466127	-0.0267588519	-0.0045603281	0.1612378986	0.0512125926	0.0141831139	0.132090342	0.0349875874	0.062456566	-0.0098963022	-0.2035940576	0.0353500936	-0.086045098	0.2331280705	-0.0703002979	-0.0031397867	0.0390663012	-0.0004195413	0.0968763583	-0.1864657219	0.0456784357	0.0767555664	0.0718708066	-0.0928114466	-0.0512576753	0.0968550927	-0.0953306777	-0.032375892	0.1100588935	-0.0903699661	-0.0433618304	0.0107709877	-0.1297897213	-0.1354115867	-0.2013106148	0.0256151356	0.0118702418	-0.0040989224	-0.0603076152	0.0469479929	-0.0369698872	0.0725428231	0.1963938063	-0.123744548	0.0564736682	-0.0157953896	-0.0435091496	0.1666229939	-0.1532963404	-0.0859764904	0.063793387	-0.1732495914	-0.0057968176	-0.015526569	-0.0100501037	0.1137015288	-0.1216663537	0.1007740418	0.2038914482	-0.1021938632	0.0854572448	0.0392876494	-0.0776305829	0.0431434805	0.0735412511	0.118669647	-0.0370756747	-0.0051149737	-0.0752985949	-0.1822428399	0.1548091587	0.05870403	0.021002782	-0.0849803478	0.0134277153	-0.0352576531	-0.0068252802	0.1858729831	0.0457351911	-0.1319902214	0.051411565	-0.087601784	-0.0377478031	0.1472454	-0.0514965971	-0.0461932197	-0.1147606297	-0.0126121732	0.1426592125	0.0281619711	-0.1089234249	-0.0686611098	-0.0827003643	-0.106445841	0.2180214371	0.0043518181	-0.1960485805	-0.0610955638	0.0153697011	-0.0307473267	-0.0740948173	-0.1110273461	-0.0107075734	0.121190333	0.0974715082	0.0350194743	0.0048371329	0.0921660169	0.0829290556	-0.019018023	-0.1251271724	0.1134548014	-0.0948006283	0.0703125971	-0.0069485702337601	0.0087247353348374	4.828262829349689e-05	7.61210066629603e-05	-0.0754807259440184	-0.0180652297576387	0.0003263525261962	0.005697339989036	0.3300969673095864	0.0144694268437461	0.0002093643131865	0.1089640078269861	-0.000572654696995	-0.000120480022048	1.4515435712686578e-08	3.279334019904353e-07	0.0018029485106458	-0.0002360129163623	5.5702096689885163e-08	3.250623332039908e-06	0.0001710165242986	5.5622873199983854e-08	2.9246651583173646e-08	3.093904023021482e-15
826.5435174262283	3.6264245936480393	13.150955333415348	683174.1861993218	1151.9733476557285	7.94336341792723	63.09702238926457	1327042.593709146	784.1343436596909	2.611575212149773	614866.6689066142	6.820325088715134	808.8362567973126	647.255887019422	1.114247	21.554836	0.1856899501018498	0.1205445516973759	0.0543523356	0.0018976581	-0.040596574	-0.029923478	0.0438164626	0.1263895904	0.034094525	-0.1146246739	-0.0492624694	-0.0427546839	-0.0820282866	0.054866705	0.1438364245	0.0755120356	0.0395994788	0.1521971471	0.0025757851	0.0519423771	-0.0676873926	-0.0200519655	0.0236117324	0.0382428525	0.0231904765	-0.101567831	-0.1486707542	0.0159463436	-0.1055651849	0.1185440471	-0.1120117235	-0.0628912178	-0.0256459706	0.0834929279	-0.0559889933	-0.1345770958	-0.1078605827	-0.0778407975	-0.105991671	-0.1220560633	0.0380254832	0.1297186918	-0.004541749	-0.0047436397	-0.0057536046	0.0335332213	-0.0269632909	0.017225906	0.1005797236	0.0118286753	-0.1021132619	0.0510992081	0.1033052126	0.1691226208	0.0392097192	0.0635938844	0.0598008788	0.0827324532	-0.1408751338	-0.0366148992	-0.0748248784	0.0592271431	0.0033832454	0.042411922	0.0453214647	-0.0439881378	-0.0306547505	-0.0448104289	0.1777801327	-0.0147073438	0.1216966065	0.024965815	-0.1276494081	0.0245423469	0.1715251941	-0.020230386	0.1318226622	0.1273572442	0.0145579516	0.0130881149	-0.045203852	-0.0743766771	-0.0140845351	-0.0824397275	0.0174513318	-0.0951195369	-0.104788018	0.0404693311	0.015167774	0.0526129131	0.1247838841	0.0790684076	-0.121106454	-0.1531384928	0.0587624585	-0.0417562515	0.0384261752	-0.0353687974	-0.1471077023	-0.0137000068	-0.0746674783	0.0693743643	0.0678113486	0.0364957298	0.0661923558	0.061286422	-0.0199494088	0.0349562018	-0.0084800913	-0.1338693494	-0.0895049595	0.0491381571	0.0111233547	0.0372080896	-0.1283483013	0.1567554783	-0.0348098347	-0.0007216771	-0.0483446818	-0.1380892368	-0.0611098863	0.058515879	-0.1254139368	0.0309675854	-0.1475398782	-0.0166504368	-0.0301196019	0.1259409758	-0.2520311836	-0.0454209608	0.0153383997	-0.0458504394	-0.1259161521	0.1165232592	-0.1013839798	0.0812449131	0.0004536158642167	0.0074021860979768	2.057673522690636e-07	5.479235902908101e-05	0.0328751678569574	0.1083558938009758	0.0117409997214083	0.0010807766616231	0.2793265363600241	-0.0507704309495622	0.0025776366588042	0.0780233139148878	-0.0006597855968109	-8.71308998159e-05	7.591793702728402e-09	4.353170337591156e-07	0.0016758871177928	-0.0001270613928529	1.6144597553744362e-08	2.808597631583858e-06	0.0003400530166964	0.0001690364923978	1.156360541643221e-07	2.85733357621515e-08
825.4390466203572	-1.104470805871074	1.2198557610214995	681349.6196855243	1148.8597106281509	-3.1136370275776244	9.694735539502425	1319878.6347045985	783.5007007945668	-0.6336428651241022	613873.3481455772	0.4015032805226811	808.5739313238115	648.8572902825042	1.01488	19.632599	0.1542454289051093	0.101820921464491	-0.03197351	-0.0056922092	-0.07240149	-0.0875032663	-0.121456183	-0.0026648873	0.0410237184	0.1309954668	0.0271620355	0.0655596115	0.0555408399	-0.0820828667	0.0499337701	0.0594638637	-0.1131695604	-0.0514341271	-0.1211571921	-0.1013943132	-0.0648124505	0.0452683582	-0.1277916723	0.0593347809	0.0400673863	0.0272145275	0.0522834689	-0.0905419952	0.0097822411	-0.0899174527	0.0951876532	0.0805691961	-0.0778378494	0.0306878374	-0.0188582003	-0.0826777151	0.1050065985	-0.0530096516	-0.0010106131	-0.0634340701	-0.0188983933	-0.0144776017	0.1275927237	0.0337615843	0.0399802207	-0.163063868	-0.1779551028	-0.0125518954	0.006857102	-0.0392309114	0.0958908275	0.0112389658	-0.0331968949	0.1228099115	0.0647408744	0.073138968	0.0725659768	0.188821498	0.0348972176	-0.1382276668	0.0193643522	-0.0542789893	-0.0146017969	0.2031781329	0.0031151499	0.125336966	-0.031956432	-0.0294340098	-0.0716211788	0.0049406109	0.0551037731	0.0409890808	0.0531256614	-0.006143022	-0.0761472876	0.0358439484	0.0934686264	0.0539706218	-0.0643038979	0.0791202386	0.022071071	0.0448117527	0.1506088524	-0.0813314739	-0.0467555004	-0.0983625322	0.0738159999	0.0286093811	0.0444035442	-0.0107006367	0.052668878	-0.1038143217	0.1901821737	-0.1517754999	0.0412555437	0.038769979	-0.080192399	-0.1661162292	-0.0504608384	-0.0062763045	-0.032975071	0.1977819366	-0.0150579565	-0.1527327205	-0.0700149514	-0.0364900936	0.0062695121	0.0673326067	0.1097516866	0.068772142	-0.023831455	-0.0076553992	-0.047584819	-0.0177583554	0.1009202308	0.1740208966	0.0876658095	-0.0023195634	-0.0202853532	-0.0517535672	-0.1080796784	-0.2249682662	0.0387521164	0.1597186459	-0.066814646	-0.0661771332	0.0336755546	0.0130005772	-0.0083569957	-0.1163148112	0.0101054169	0.1120217015	-0.1266188352	0.1192723348	-0.1073422654	0.0912870929	-0.0018780840601237	-0.0023316999243404	3.5271997368907214e-06	5.436824537169026e-06	-0.0652964956164652	-0.0981716634734226	0.0096376755091389	0.004263632339791	0.3004700811766554	0.0211435448166313	0.0004470494874128	0.0902822696823058	-0.0003296555832566	0.0003301300135543	1.0898582584936234e-07	1.0867280357224914e-07	0.0018279763724142	0.0001520892546213	2.3131141371293017e-08	3.341497618104578e-06	0.0001703018710578	-0.0001697511456386	2.9002727285787544e-08	2.8815451445617183e-08
824.13020626038	-1.3088403599772391	1.713063087905349	679190.5968707764	1146.1252843090613	-2.734426319089607	7.477087294529938	1313603.1673325263	782.7282808788144	-0.7724199157523799	612663.5616875042	0.5966325262509137	807.7274779296652	649.5564277299488	1.047497	20.263577	0.0255985672519271	0.0177209824553256	0.0796158838	0.0953159693	0.0089997428	0.0384948945	-0.1868064307	0.0032303179	0.1409927021	0.0466801907	-0.010012999	0.0854565281	0.0524856708	-0.0036683392	-0.0680577201	0.0350817989	-0.0338891473	0.0319979072	0.0639426565	0.1213502631	0.0031456993	-0.1588395252	0.0780994498	-0.0012548405	-0.1224519943	0.1279915914	0.0749120383	0.0177521407	-0.1973352221	-0.0752435336	-0.098730215	0.0935796754	0.0040873685	-0.0041327176	0.0362585509	0.0572067966	0.1441723956	0.0685188265	0.0873262684	-0.0297493157	-0.2148069014	-0.0477595607	-0.1332044897	-0.0558339967	-0.0314700629	-0.1245765193	0.1001924841	0.0258113066	0.1566153376	-0.0143245263	-0.0580415606	0.054677236	0.0201860713	-0.0188010267	0.059793597	-0.0793508943	0.030868583	-0.0093178515	-0.1009352405	0.0442000196	-0.1014653055	0.0939898434	0.0792800671	-0.1512624323	0.0715776553	-0.0362805747	0.0098146915	0.123636082	-0.1077886165	0.0978891394	-0.0007973631	0.0670258756	-0.0088922319	-0.017152898	0.0276812501	-0.1399678604	-0.1200971967	0.001388145	-0.117566973	0.0797331774	-0.0057477501	0.0416025321	0.1369232098	0.0411518577	0.072812088	-0.0528605578	0.124179442	-0.1055501235	0.1569624921	-0.0098186772	0.0624609304	0.210079295	0.0030106957	-0.022418717	-0.0596179865	0.034775383	-0.0333468465	0.1512342192	0.044564955	-0.1314227322	-0.0309326502	-0.0088319748	-0.0444705627	0.1702866266	-0.0245882089	0.1510446352	-0.0095074539	-0.074513639	-0.0738070383	0.0982093438	0.0065106178	0.0432512771	0.007474994	0.0152488992	-0.0167448356	0.0145660798	0.1824258357	-0.0544602821	-0.0193303102	-0.0209423852	0.0937603162	0.1122801187	-0.0660102324	0.0028084294	0.2001567231	-0.0215781519	0.0679826845	-0.0122440833	-0.0682856613	0.1394302276	-0.0091740573	-0.0900312787	-0.1272347401	0.1216944932	-0.1126387502	0.1003291122	6.318259934801063e-06	0.0018844023200585	3.992040860371233e-11	3.550972103841861e-06	-0.0652600384978256	3.645711863958789e-05	1.329121499500987e-09	0.0042588726247376	0.3157203024394945	0.015250221262839	0.0002325692485655	0.0996793093724858	-0.0003201421216191	9.513461637500038e-06	9.050595232818491e-11	1.024909780347786e-07	0.0016689747720037	-0.0001590016004104	2.5281508933100296e-08	2.7854767895848024e-06	0.000170267202098	-3.4668959800009504e-08	2.8990920110281174e-08	1.201936773614675e-15
823.6866060822599	-0.4436001781200502	0.1967811180281403	678459.625039312	1143.1169713338215	-3.0083129752397326	9.049946956995733	1306716.410151409	782.3923244560026	-0.3359564228118188	612137.7493676669	0.1128667180285135	807.1016541783212	640.7582282777354	0.975583	18.872419	0.0360824342487193	0.0198204894577917	0.0925825514	0.1240179454	0.0370720492	-0.1061721124	-0.0743953836	-0.0079587851	0.1936297992	-0.0192238775	-0.0922083103	0.1712615778	0.0024562675	0.0289435194	0.0109245855	-0.0401492183	-0.0905661133	-0.0061409999	0.0779487142	0.0233741069	0.2330737429	0.0849183987	0.1120300602	0.093291719	0.0505571786	0.081984638	0.113584254	-0.0142341535	-0.0338748685	-0.0467031801	0.0076336695	0.0582686949	-0.1544877929	0.0236286649	0.0053492256	-0.1032248915	-0.054272579	0.0128538732	0.0584034416	-0.0345888459	-0.1324167847	0.0992651668	-0.0797172305	0.076241413	-0.0173244682	-0.0425085869	-0.009707928	0.0144311836	0.0482331439	-0.0277102505	-0.0615965235	-0.0175717076	0.0932924761	-0.0768793121	0.0026501305	-0.0080121371	-0.1473490583	-0.0686694444	0.0202009182	0.1353476444	-0.0024295081	-0.077432061	-0.181111669	-0.1762443269	-0.0185267387	-0.1095841385	-0.0481095143	-0.0544516718	-0.1100628843	0.0373885651	-0.0004523767	0.0047373799	0.0307613929	0.0205702409	-0.1250178674	-0.0888631502	0.112148825	0.0644557594	-0.0479317939	0.0720691086	-0.0725257344	-0.0610368081	0.1111217444	-0.0584956461	0.0693583015	0.0646367673	0.0132760934	-0.1290341726	0.0019882547	-0.0421968279	-0.1312932813	0.1052363609	0.0075668685	0.0695934443	-0.1275244557	-0.0695541718	0.0048160352	0.125505869	0.0594015229	-0.0582206815	0.001594843	-0.0676365326	0.0316037531	0.1520068703	0.0558371918	-0.1285423022	-0.1022803576	-0.0813957177	-0.0934323157	0.0334141433	-0.015506338	-0.0161558221	-0.1172870355	-0.093101069	0.0733957789	-0.0035654555	0.1346230704	-0.0383145122	-0.0999015679	-0.0863582028	0.0157674882	-0.0478896242	-0.041969085	0.0110640867	0.0745712071	0.0047430792	-0.0477240596	0.0918531914	0.0318186291	-0.1292366679	-0.0248028592	0.0473233558	-0.1277634447	0.1237830955	-0.1172407796	0.1082719048	-0.009276401044076	-0.0092827193040108	8.60516163305343e-05	8.616887767705476e-05	-0.0653015254094668	-4.148691164120033e-05	1.7211638375247634e-09	0.0042642892208032	0.3158888576418519	0.0001685552023573	2.8410856241733197e-08	0.0997857703822741	-0.0002373084534788	8.283366814029999e-05	6.861416577577348e-09	5.6315302092499785e-08	0.0019759675766206	0.0003069928046169	9.42445820865502e-08	3.904447863855887e-06	0.000312234185955	0.0001419669838569	9.74901868789815e-08	2.0154624505453693e-08
824.7279830567354	1.0413769744754973	1.0844660029677404	680176.2460368308	1145.9013187375842	2.7843474037626947	7.752590464840058	1313089.8322845346	782.2073314319957	-0.1849930240068715	611848.309345964	0.0342224189312069	806.9993198780257	644.9641811526155	0.994072	19.230076	0.0865928314445169	0.0519452770476504	0.1068419733	-0.081510664	-0.0248381866	-0.0422930385	0.0544204025	0.0647941825	0.1101739301	-0.0262648445	-0.0859563428	0.0036296104	-0.1731656854	-0.0468496405	0.0816352315	-0.002235749	0.0115137454	-0.0937536768	0.1274919166	-0.1046491366	0.0559703312	-0.098806195	0.0326270871	0.0224761362	0.2164195827	0.1672387195	-0.1507831831	0.0027827969	0.058012656	-0.0189780136	-0.0977645838	0.0060179838	0.0934571694	0.0331894331	-0.1062313521	-0.0821046551	-0.0550580977	0.0876087137	0.0289746888	0.1345117748	-0.0306072153	-0.111112204	-0.1400213631	-0.083359653	-0.1226239103	0.0136885301	0.0177762684	-0.141573042	-0.0541886795	-0.0247133466	-0.0397888253	-0.0786287843	0.0707356544	-0.0558478804	-0.0647395366	0.0120701279	-0.0764191398	-0.0098344392	0.1189017126	-0.0185276111	0.0103802265	-0.0156931178	0.070118425	0.037746004	-0.0234594946	-0.0417977162	0.0671124808	-0.1577562355	0.1179332586	0.1925374327	0.0967621326	0.0383954073	-0.0328287379	-0.1060754495	-0.0243028697	0.0263297987	-0.026708231	-0.1253455552	-0.0054025727	0.0010988772	-0.1810200426	0.0488703292	-0.1400887107	-0.0093866623	-0.0302296424	0.0157560159	0.013001086	-0.0294540389	0.0982784209	0.0062361974	-0.1045617606	0.0404245238	0.0264901178	0.0153266428	-0.0408891805	-0.0029993144	0.1975342082	0.13237393	-0.0360359948	0.0280047476	-0.0087827902	-0.1002495665	-0.0397537359	-0.0043889613	-0.0577347664	0.0242350113	0.0585692266	0.1034165104	0.011285319	-0.1649099204	0.0075249689	0.1130763538	-0.0416867844	-0.0678529609	0.035039927	0.0802282534	0.0411707448	0.0238621054	-0.0065786736	-0.0147453715	-0.0180185097	0.1269199441	-0.0535140452	0.021726032	-0.1283363966	-0.0401510465	0.082286434	-0.0097849462	0.0042330003	-0.1159434924	0.111603342	-0.0705842863	-0.1282045865	0.1255324169	-0.1211199807	0.1150284477	-0.0103387469145559	-0.0010623458704799	0.0001068896877632	1.1285787485256986e-06	-0.0236126661599627	0.0416888592495041	0.0017379609855249	0.0005575580031818	0.315853709636599	-3.514800525289408e-05	1.2353822732574694e-09	0.0997635658912009	-0.0007682501084437	-0.0005309416549649	2.81899040976867e-07	5.902082291237569e-07	0.0016378845622786	-0.000338083014342	1.1430012458657305e-07	2.682665839350561e-06	0.0003051292888763	-7.104897078699971e-06	9.310388293015657e-08	5.0479562498919385e-11
826.6802040252202	1.952220968484767	3.8111667097916	683400.1597271797	1149.855708586864	3.954389849279778	15.637199080086946	1322168.1505697991	783.7026153277454	1.495283895749708	614189.7892715482	2.2358739288884237	808.1432278410289	650.6662304807862	1.109348	21.460066	0.0853040374355701	0.0382787757528666	-0.0320834814	0.0218670555	-0.2139733076	0.0601624236	0.0058346573	-0.1788603453	-0.104243979	0.2046296889	-0.1390234006	0.0186177411	0.0391089327	-0.0906732413	0.036214979	-0.037822148	-0.1783502997	0.1050225667	-0.02386751	0.0184897796	-0.0077770965	-0.0269404446	-0.1478852946	0.1875467553	-0.1366593786	0.0670161074	-0.0347714457	-0.0705695528	0.0444334404	0.0740807137	-0.0293983623	0.0836871855	0.0391969391	-0.0217377368	-0.0537777421	0.0506607223	0.0223445922	0.1390136666	-0.0398421628	-0.0884601478	-0.0368218196	-0.0833418802	0.1097268792	-0.1604764545	-0.0569683432	0.0219192187	0.0826380963	-0.0735431233	-0.0106522845	0.1141168901	0.0105787478	0.004226498	0.0912254372	0.1286648002	0.0391688865	0.0481073218	0.112044102	-0.0990012597	0.0215275021	0.0073991998	0.1313135792	0.1071461276	0.2279005722	0.0329213127	0.0196023196	0.1746650144	-0.1879485989	0.0788958926	0.02165129	0.1551190333	-0.0690724939	0.0316200032	-0.0407723743	0.04198194	-0.0303587889	-0.0308082671	0.0006434895	-0.130631643	-0.0602189833	0.1075336411	0.0972777809	0.0842598538	0.0206049139	0.0631964281	0.0060716409	-0.0126171855	-0.0215859498	-0.0463651448	-0.0064072573	-0.077298087	-0.0116807156	-0.0654874109	-0.0954495669	0.0128460733	0.0930098687	0.0484690256	-0.0112392898	0.0024248599	0.0160800102	-0.1037026046	0.0787408915	-0.0660305031	-0.0978383822	-0.0856783443	-0.0209538771	-0.0218962506	0.1113688595	0.0822581008	0.1462179625	0.1697707021	0.0130053546	0.2189342492	0.0033419434	0.0922578609	-0.0140355481	-0.0688281797	-0.0545692962	-0.1214743229	-0.0282939973	-0.015803464	0.0587758496	0.0776132099	0.0984623252	-0.0334381922	0.006903805	-0.0601178458	0.0149392485	0.0071907538	0.0360910535	-0.0474647529	-0.2459712533	0.1123816251	-0.1285578634	0.1269376627	-0.1242524367	0.1205247148	-0.0204440846943469	-0.010105337779791	0.0004179605989896	0.0001021178516436	-0.047091807382543	-0.0234791412225802	0.0005512700725498	0.0022176383225545	0.3347416560482728	0.0188879464116737	0.0003567545196502	0.1120519762939401	-0.0006276730444223	0.0001405770640214	1.9761910928876814e-08	3.939734506943586e-07	0.0020199447439108	0.0003820601816321	1.4596998238882949e-07	4.080176768452867e-06	0.0001711342940994	-0.0001339949947769	2.928694661689993e-08	1.7954658625261462e-08
827.1508735780851	0.4706695528649334	0.2215298279940763	684178.5676609894	1152.365013187767	2.5093046009030786	6.296609580113358	1327945.1236192426	784.2743581359289	0.5717428081834441	615086.2688295232	0.3268898387094906	808.9099777075162	650.7862642448367	1.197089	23.157391	0.0997877030368684	0.0495713844280841	-0.0586080918	0.1664745058	0.1248757421	0.0277554102	0.1035452528	-0.0165400761	-0.0483299879	-0.1858380174	-0.0654292624	0.084097704	-0.0159198441	0.0095620163	-0.0636456732	-0.0013327341	-0.0424225813	0.0419198781	-0.0052304917	0.0132311592	0.0560520551	0.001173847	0.1145580149	0.0039816662	-0.0232094217	-0.1926313604	0.0852391999	0.0581756225	-0.0136711184	-0.0486810208	0.201162354	0.045673139	-0.0261269836	-0.064328805	-0.0982352587	0.0711858162	0.0571808786	-0.1543873601	0.0715180027	0.0651031884	0.1199408045	-0.0510559598	-0.0565891775	0.0624900938	-0.0169309281	0.0293437668	0.1251875881	-0.2111419818	-0.0989932506	0.0735677418	0.0778276822	-0.022656126	-0.0531001855	0.1237391983	-0.035470358	0.0946592679	0.0100190682	-0.0964457835	0.0204239898	-0.0454417793	-0.0220666792	-0.0388494052	-0.0361374053	0.0728202821	-0.080419334	-0.1301367141	-0.0877226437	-0.0297988182	-0.0451119923	-0.1274937246	-0.1207242457	0.0214270183	-0.0492583118	0.1111426789	0.0015978337	0.1651862527	-0.1112235072	0.1042904091	0.0819508877	-0.0499877916	0.0656439519	0.0661444121	-0.0011487346	0.0524142155	-0.1967657854	0.0232932813	-0.0635407821	0.0678481122	0.0865701203	-0.1222405595	-0.0636832547	-0.0764946776	0.012454806	0.0437944636	0.0408471286	-0.1486766183	0.0359813599	-0.0273530478	0.1167564154	0.0699965872	0.0003460883	0.0832819233	0.0463026643	-0.0948316211	-0.0367681617	-0.1041200466	-0.0326092132	0.0543366864	-0.1717495723	0.0616923359	-0.0421062882	0.0165291906	-0.1454931503	-0.021864667	0.0565269617	-0.124266601	-0.1216684007	0.0432462932	-0.016452513	-0.1070560466	0.0937265569	-0.1537657792	0.1971059484	0.2035925206	-0.0436466845	0.062594867	0.0935764372	-0.1275082221	0.0143838635	0.0576139664	0.1621568878	0.0015258176	-0.1288230331	0.1279949812	-0.1266188352	0.124700488	-0.0154279801596857	0.0050161045346612	0.0002380225718076	2.5161304702648667e-05	-0.080742106507472	-0.033650299124929	0.0011323426311971	0.0065192877632639	0.3007409121349695	-0.0340007439133032	0.001156050586658	0.0904450962317734	-0.0008368371785278	-0.0002091641341055	4.374963499610359e-08	7.002964633663689e-07	0.0018748485688253	-0.0001450961750854	2.105290002444203e-08	3.5150571560262754e-06	0.0003592850941879	0.0001881508000884	1.2908577890560817e-07	3.5400723573942684e-08
827.4373016576061	0.2864280795209879	0.0820410447380813	684652.4881744202	1153.7798785348225	1.414865347055411	2.001843950298228	1331208.00811183	783.4324552625698	-0.8419028733591176	613766.4119587383	0.7088004481703385	808.0745523223388	657.6527164425255	1.025482	19.8377	0.118101405027072	0.0740750831432227	-0.1314804979	-0.0942745159	0.0415347301	-0.0169416955	0.106089714	0.0404114393	-0.0723071601	-0.0613764377	-0.048585789	0.054359942	-0.1429406155	-0.0768505466	0.0312329674	0.0113642535	0.075052306	0.0653443202	-0.056258404	-0.0704575533	0.0350427356	0.0972166234	-0.0023284504	-0.0034255309	0.027309454	-0.0124698737	0.0112794895	0.0224001329	-0.0046698719	-0.0113335249	0.0748773131	-0.0249014923	0.140701338	0.0922396501	-0.0050405491	0.0003227711	-0.0211820433	0.0158515996	-0.1055857715	0.0106227645	0.0975552962	0.0485888594	-0.0188726494	-0.0432925256	-0.0892928971	0.0302611355	-0.0187297863	0.1211228261	-0.0427537157	0.0735903289	-0.1293409584	-0.0242761777	-0.021936387	-0.11835704	-0.087287706	-0.1289897513	-0.0357580483	-0.0888363652	0.0103987037	-0.0049846027	0.1264028182	0.0225840989	-0.0014295486	0.0375518689	0.0259278131	-0.0152439111	0.0029026034	-0.1027142932	-0.0045927441	0.0128916453	-0.0197526118	0.0426548572	-0.0306069601	-0.0289229186	-0.0183530539	0.1016116512	-0.0684771674	-0.085981591	0.1062869399	-0.0731054127	0.0362416546	-0.0448818701	-0.0271491946	0.0002579615	0.0536070689	0.0280858955	-0.0192372348	-0.1003078439	-0.1434591631	0.1208371619	-0.018695418	-0.0236823395	-0.0861998466	0.047650496	-0.0195282733	-0.039460834	0.1252860759	0.0475086842	-0.0324977719	0.0881975523	0.0052530055	0.0221790891	-0.0090830372	-0.1646590708	0.1389324938	0.0514226228	0.0419118428	-0.0382060228	0.0461095884	-0.102977595	-0.0207088599	0.0274554722	-0.1288320632	0.0323447801	0.065777081	-0.0414794994	-0.2225845478	0.0937102365	0.0534549349	-0.0226652068	0.0200582486	0.1627312878	-0.0181280664	0.0193520279	0.0063544258	-0.0875722584	0.0258439704	-0.0295916977	0.1374478773	-0.0625536477	-0.0972201412	-0.0334381629	-0.1289999139	0.1287014744	-0.1282045865	0.1275100165	-0.0132618434845994	0.0021661366750863	0.00017587649261	4.692148095153931e-06	-0.0098313961451594	0.0709107103623126	0.0050283288440877	9.665635016305508e-05	0.3111427580020276	0.0104018458670581	0.000108198397442	0.0968098158571083	-0.0012191735033801	-0.0003823363248523	1.4618106530156353e-07	1.4863840313441068e-06	0.0019978993673348	0.0001230507985095	1.5141499013825632e-08	3.991601881996795e-06	0.0001722179750974	-0.0001870671190904	2.9659030946648685e-08	3.4994107044819306e-08
828.0819908985922	0.6446892409860538	0.4156242174431742	685719.783650576	1156.9964061639248	3.216527629102302	10.346049988778477	1338640.6838762376	784.1138834316529	0.6814281690831194	614834.5821902677	0.4643443496199724	809.2087863386631	661.3694668058828	0.908902	17.582487	0.1235083892107104	0.0872333242632451	-0.0770533921	-0.1392984329	-0.0477913744	0.1137889162	0.0498185969	-0.0218417202	-0.1419140074	0.046992248	0.0474696367	-0.0629242851	-0.1908591116	-0.1041203924	0.0454583103	-0.0462029788	-0.0563976086	0.0114687707	-0.0263292827	0.130291358	0.0319482105	0.0536401673	-0.0726200565	0.033249196	-0.06319711	0.0423258662	-0.0089179572	-0.0527317539	-0.0656868104	0.1263087081	-0.0033683663	0.0427106911	-0.0088734327	0.0341432157	-0.133677231	-0.0849068487	0.0047341919	0.0307331307	-0.0974257157	-0.0251096533	0.1122564599	0.1450615514	0.0384325784	0.0030393116	-0.029048768	0.088069702	0.0768098362	-0.0341163904	0.0813237799	0.0430499648	0.0292338971	0.0325387991	-0.0874643096	-0.0177769103	0.0599424848	-0.0230366543	-0.055145446	-0.0203886365	0.0327210082	0.0401378059	-0.0385313125	-0.0197125214	0.0317865749	0.0008138011	-0.0369661462	0.083671785	0.0372055366	-0.0066082088	0.0453931105	0.0826591957	-0.0181250189	0.1195839677	-0.1482193825	0.0699274726	0.054012241	0.0052041884	0.1311788083	-0.0026685941	0.0030914452	0.1103975578	-0.0027413482	0.0860672795	-0.0545921367	0.0301259414	0.0518743775	-0.0490889579	-0.0891088533	0.0082698601	-0.0903397284	0.0009397166	0.0709331431	0.0124555481	-0.0648611894	-0.0078186362	0.1006033559	0.0268851166	0.0074411636	0.0105450188	0.0845351075	-0.0178331855	-0.06824718	0.0114634804	8.85899e-05	-0.0508140823	-0.021470451	-0.0276569202	-0.0595190626	-0.0878790767	0.0947298401	-0.0001291746	0.1117940432	0.1333791565	-0.0672632886	-0.0428195328	0.0381175092	-0.0380805926	-0.1638172789	0.110054919	-0.0294712166	-0.0124777448	-0.0430151009	-0.0423791727	0.006219723	0.0239312088	0.0572888994	-0.1495781001	0.0093499109	-0.1435975062	0.0144667093	0.002435026	-0.0546255635	-0.0057675374	-0.1290883846	0.1290552057	-0.1289999139	0.1289225186	-0.0073009244432569	0.0059609190413424	5.330349772614608e-05	3.553255581743958e-05	-0.0958228095745568	-0.0859914134293974	0.0073945231835855	0.0091820108347617	0.3206312105108182	0.0094884525087906	9.003073101157465e-05	0.1028043731536326	-0.001038741716733	0.0001804317866471	3.255562963266465e-08	1.07898435408142e-06	0.002213887176661	0.0002159878093261	4.6650733777530826e-08	4.901296430984013e-06	0.0002171504637477	4.4932488650300015e-05	4.7154323905841175e-08	2.01892853630934e-09
