
Tue Mar 10 05:57:22 CET 2026
cd /out/sourcedata/freesurfer/sub-v1s6x0051370_ses-1
setenv SUBJECTS_DIR /out/sourcedata/freesurfer
/opt/freesurfer/bin/recon-all -autorecon1 -i /work/fmriprep_25_2_wf/sub_v1s6x0051370_ses_1_wf/anat_fit_wf/anat_validate/sub-v1s6x0051370_ses-1_T1w_noise_corrected_ras_valid.nii.gz -noskullstrip -noT2pial -noFLAIRpial -openmp 16 -subjid sub-v1s6x0051370_ses-1 -sd /out/sourcedata/freesurfer

subjid sub-v1s6x0051370_ses-1
setenv SUBJECTS_DIR /out/sourcedata/freesurfer
FREESURFER_HOME /opt/freesurfer
Actual FREESURFER_HOME /opt/freesurfer
build-stamp.txt: freesurfer-linux-ubuntu22_x86_64-7.3.2-20220804-6354275
Linux dna007 5.14.0-427.37.1.el9_4.x86_64 #1 SMP PREEMPT_DYNAMIC Fri Sep 13 12:41:50 EDT 2024 x86_64 x86_64 x86_64 GNU/Linux
cputime      unlimited
filesize     unlimited
datasize     unlimited
stacksize    8192 kbytes
coredumpsize 0 kbytes
memoryuse    67108864 kbytes
vmemoryuse   unlimited
descriptors  1024 
memorylocked unlimited
maxproc      2061970 
maxlocks     unlimited
maxsignal    2061970 
maxmessage   819200 
maxnice      0 
maxrtprio    0 
maxrttime    unlimited

               total        used        free      shared  buff/cache   available
Mem:           503Gi        54Gi       339Gi       8.6Gi       109Gi       435Gi
Swap:             0B          0B          0B

########################################
program versions used
7.3.2 (freesurfer-linux-ubuntu22_x86_64-7.3.2-20220804-6354275)
7.3.2

ProgramName: lta_convert  ProgramArguments: lta_convert -all-info  ProgramVersion: 7.3.2  TimeStamp: 2026/03/10-04:57:22-GMT  BuildTime: Aug  4 2022 06:17:15  BuildStamp: freesurfer-linux-ubuntu22_x86_64-7.3.2-20220804-6354275  User: oesteban  Machine: dna007  Platform: Linux  PlatformVersion: 5.14.0-427.37.1.el9_4.x86_64  CompilerName: GCC  CompilerVersion: 8.4.0
ProgramName: mri_and  ProgramArguments: mri_and -all-info  ProgramVersion: 7.3.2  TimeStamp: 2026/03/10-04:57:22-GMT  BuildTime: Aug  4 2022 06:17:15  BuildStamp: freesurfer-linux-ubuntu22_x86_64-7.3.2-20220804-6354275  User: oesteban  Machine: dna007  Platform: Linux  PlatformVersion: 5.14.0-427.37.1.el9_4.x86_64  CompilerName: GCC  CompilerVersion: 8.4.0
ProgramName: mri_annotation2label  ProgramArguments: mri_annotation2label -all-info  ProgramVersion: 7.3.2  TimeStamp: 2026/03/10-04:57:22-GMT  BuildTime: Aug  4 2022 06:17:15  BuildStamp: freesurfer-linux-ubuntu22_x86_64-7.3.2-20220804-6354275  User: oesteban  Machine: dna007  Platform: Linux  PlatformVersion: 5.14.0-427.37.1.el9_4.x86_64  CompilerName: GCC  CompilerVersion: 8.4.0
ProgramName: mri_aparc2aseg  ProgramArguments: mri_aparc2aseg -all-info  ProgramVersion: 7.3.2  TimeStamp: 2026/03/10-04:57:22-GMT  BuildTime: Aug  4 2022 06:17:15  BuildStamp: freesurfer-linux-ubuntu22_x86_64-7.3.2-20220804-6354275  User: oesteban  Machine: dna007  Platform: Linux  PlatformVersion: 5.14.0-427.37.1.el9_4.x86_64  CompilerName: GCC  CompilerVersion: 8.4.0
ProgramName: mri_surf2volseg  ProgramArguments: mri_surf2volseg -all-info  ProgramVersion: 7.3.2  TimeStamp: 2026/03/10-04:57:22-GMT  BuildTime: Aug  4 2022 06:17:15  BuildStamp: freesurfer-linux-ubuntu22_x86_64-7.3.2-20220804-6354275  User: oesteban  Machine: dna007  Platform: Linux  PlatformVersion: 5.14.0-427.37.1.el9_4.x86_64  CompilerName: GCC  CompilerVersion: 8.4.0
ProgramName: mri_binarize  ProgramArguments: mri_binarize -all-info  ProgramVersion: 7.3.2  TimeStamp: 2026/03/10-04:57:22-GMT  BuildTime: Aug  4 2022 06:17:15  BuildStamp: freesurfer-linux-ubuntu22_x86_64-7.3.2-20220804-6354275  User: oesteban  Machine: dna007  Platform: Linux  PlatformVersion: 5.14.0-427.37.1.el9_4.x86_64  CompilerName: GCC  CompilerVersion: 8.4.0
ProgramName: mri_ca_label  ProgramArguments: mri_ca_label -all-info  ProgramVersion: 7.3.2  TimeStamp: 2026/03/10-04:57:22-GMT  BuildTime: Aug  4 2022 06:17:15  BuildStamp: freesurfer-linux-ubuntu22_x86_64-7.3.2-20220804-6354275  User: oesteban  Machine: dna007  Platform: Linux  PlatformVersion: 5.14.0-427.37.1.el9_4.x86_64  CompilerName: GCC  CompilerVersion: 8.4.0
ProgramName: mri_ca_normalize  ProgramArguments: mri_ca_normalize -all-info  ProgramVersion: 7.3.2  TimeStamp: 2026/03/10-04:57:22-GMT  BuildTime: Aug  4 2022 06:17:15  BuildStamp: freesurfer-linux-ubuntu22_x86_64-7.3.2-20220804-6354275  User: oesteban  Machine: dna007  Platform: Linux  PlatformVersion: 5.14.0-427.37.1.el9_4.x86_64  CompilerName: GCC  CompilerVersion: 8.4.0
ProgramName: mri_ca_register  ProgramArguments: mri_ca_register -all-info  ProgramVersion: 7.3.2  TimeStamp: 2026/03/10-04:57:22-GMT  BuildTime: Aug  4 2022 06:17:15  BuildStamp: freesurfer-linux-ubuntu22_x86_64-7.3.2-20220804-6354275  User: oesteban  Machine: dna007  Platform: Linux  PlatformVersion: 5.14.0-427.37.1.el9_4.x86_64  CompilerName: GCC  CompilerVersion: 8.4.0
ProgramName: mri_cc  ProgramArguments: mri_cc -all-info  ProgramVersion: 7.3.2  TimeStamp: 2026/03/10-04:57:22-GMT  BuildTime: Aug  4 2022 06:17:15  BuildStamp: freesurfer-linux-ubuntu22_x86_64-7.3.2-20220804-6354275  User: oesteban  Machine: dna007  Platform: Linux  PlatformVersion: 5.14.0-427.37.1.el9_4.x86_64  CompilerName: GCC  CompilerVersion: 8.4.0
ProgramName: mri_compute_overlap  ProgramArguments: mri_compute_overlap -all-info  ProgramVersion: 7.3.2  TimeStamp: 2026/03/10-04:57:22-GMT  BuildTime: Aug  4 2022 06:17:15  BuildStamp: freesurfer-linux-ubuntu22_x86_64-7.3.2-20220804-6354275  User: oesteban  Machine: dna007  Platform: Linux  PlatformVersion: 5.14.0-427.37.1.el9_4.x86_64  CompilerName: GCC  CompilerVersion: 8.4.0
ProgramName: mri_compute_seg_overlap  ProgramArguments: mri_compute_seg_overlap -all-info  ProgramVersion: 7.3.2  TimeStamp: 2026/03/10-04:57:22-GMT  BuildTime: Aug  4 2022 06:17:15  BuildStamp: freesurfer-linux-ubuntu22_x86_64-7.3.2-20220804-6354275  User: oesteban  Machine: dna007  Platform: Linux  PlatformVersion: 5.14.0-427.37.1.el9_4.x86_64  CompilerName: GCC  CompilerVersion: 8.4.0
ProgramName: mri_concat  ProgramArguments: mri_concat -all-info  ProgramVersion: 7.3.2  TimeStamp: 2026/03/10-04:57:22-GMT  BuildTime: Aug  4 2022 06:17:15  BuildStamp: freesurfer-linux-ubuntu22_x86_64-7.3.2-20220804-6354275  User: oesteban  Machine: dna007  Platform: Linux  PlatformVersion: 5.14.0-427.37.1.el9_4.x86_64  CompilerName: GCC  CompilerVersion: 8.4.0
ProgramName: mri_concatenate_lta  ProgramArguments: mri_concatenate_lta -all-info  ProgramVersion: 7.3.2  TimeStamp: 2026/03/10-04:57:22-GMT  BuildTime: Aug  4 2022 06:17:15  BuildStamp: freesurfer-linux-ubuntu22_x86_64-7.3.2-20220804-6354275  User: oesteban  Machine: dna007  Platform: Linux  PlatformVersion: 5.14.0-427.37.1.el9_4.x86_64  CompilerName: GCC  CompilerVersion: 8.4.0
mri_convert -all-info 
ProgramName: mri_convert  ProgramArguments: mri_convert -all-info  ProgramVersion: 7.3.2  TimeStamp: 2026/03/10-04:57:22-GMT  BuildTime: Aug  4 2022 06:17:15  BuildStamp: freesurfer-linux-ubuntu22_x86_64-7.3.2-20220804-6354275  User: oesteban  Machine: dna007  Platform: Linux  PlatformVersion: 5.14.0-427.37.1.el9_4.x86_64  CompilerName: GCC  CompilerVersion: 8.4.0
ProgramName: mri_diff  ProgramArguments: mri_diff -all-info  ProgramVersion: 7.3.2  TimeStamp: 2026/03/10-04:57:22-GMT  BuildTime: Aug  4 2022 06:17:15  BuildStamp: freesurfer-linux-ubuntu22_x86_64-7.3.2-20220804-6354275  User: oesteban  Machine: dna007  Platform: Linux  PlatformVersion: 5.14.0-427.37.1.el9_4.x86_64  CompilerName: GCC  CompilerVersion: 8.4.0
ProgramName: mri_edit_wm_with_aseg  ProgramArguments: mri_edit_wm_with_aseg -all-info  ProgramVersion: 7.3.2  TimeStamp: 2026/03/10-04:57:22-GMT  BuildTime: Aug  4 2022 06:17:15  BuildStamp: freesurfer-linux-ubuntu22_x86_64-7.3.2-20220804-6354275  User: oesteban  Machine: dna007  Platform: Linux  PlatformVersion: 5.14.0-427.37.1.el9_4.x86_64  CompilerName: GCC  CompilerVersion: 8.4.0
ProgramName: mri_em_register  ProgramArguments: mri_em_register -all-info  ProgramVersion: 7.3.2  TimeStamp: 2026/03/10-04:57:22-GMT  BuildTime: Aug  4 2022 06:17:15  BuildStamp: freesurfer-linux-ubuntu22_x86_64-7.3.2-20220804-6354275  User: oesteban  Machine: dna007  Platform: Linux  PlatformVersion: 5.14.0-427.37.1.el9_4.x86_64  CompilerName: GCC  CompilerVersion: 8.4.0
ProgramName: mri_fill  ProgramArguments: mri_fill -all-info  ProgramVersion: 7.3.2  TimeStamp: 2026/03/10-04:57:22-GMT  BuildTime: Aug  4 2022 06:17:15  BuildStamp: freesurfer-linux-ubuntu22_x86_64-7.3.2-20220804-6354275  User: oesteban  Machine: dna007  Platform: Linux  PlatformVersion: 5.14.0-427.37.1.el9_4.x86_64  CompilerName: GCC  CompilerVersion: 8.4.0
ProgramName: mri_fuse_segmentations  ProgramArguments: mri_fuse_segmentations -all-info  ProgramVersion: 7.3.2  TimeStamp: 2026/03/10-04:57:22-GMT  BuildTime: Aug  4 2022 06:17:15  BuildStamp: freesurfer-linux-ubuntu22_x86_64-7.3.2-20220804-6354275  User: oesteban  Machine: dna007  Platform: Linux  PlatformVersion: 5.14.0-427.37.1.el9_4.x86_64  CompilerName: GCC  CompilerVersion: 8.4.0
ProgramName: mri_fwhm  ProgramArguments: mri_fwhm -all-info  ProgramVersion: 7.3.2  TimeStamp: 2026/03/10-04:57:22-GMT  BuildTime: Aug  4 2022 06:17:15  BuildStamp: freesurfer-linux-ubuntu22_x86_64-7.3.2-20220804-6354275  User: oesteban  Machine: dna007  Platform: Linux  PlatformVersion: 5.14.0-427.37.1.el9_4.x86_64  CompilerName: GCC  CompilerVersion: 8.4.0
ProgramName: mri_gcut  ProgramArguments: mri_gcut -all-info  ProgramVersion: 7.3.2  TimeStamp: 2026/03/10-04:57:22-GMT  BuildTime: Aug  4 2022 06:17:15  BuildStamp: freesurfer-linux-ubuntu22_x86_64-7.3.2-20220804-6354275  User: oesteban  Machine: dna007  Platform: Linux  PlatformVersion: 5.14.0-427.37.1.el9_4.x86_64  CompilerName: GCC  CompilerVersion: 8.4.0
ProgramName: mri_info  ProgramArguments: mri_info -all-info  ProgramVersion: 7.3.2  TimeStamp: 2026/03/10-04:57:22-GMT  BuildTime: Aug  4 2022 06:17:15  BuildStamp: freesurfer-linux-ubuntu22_x86_64-7.3.2-20220804-6354275  User: oesteban  Machine: dna007  Platform: Linux  PlatformVersion: 5.14.0-427.37.1.el9_4.x86_64  CompilerName: GCC  CompilerVersion: 8.4.0
ProgramName: mri_label2label  ProgramArguments: mri_label2label -all-info  ProgramVersion: 7.3.2  TimeStamp: 2026/03/10-04:57:22-GMT  BuildTime: Aug  4 2022 06:17:15  BuildStamp: freesurfer-linux-ubuntu22_x86_64-7.3.2-20220804-6354275  User: oesteban  Machine: dna007  Platform: Linux  PlatformVersion: 5.14.0-427.37.1.el9_4.x86_64  CompilerName: GCC  CompilerVersion: 8.4.0
ProgramName: mri_label2vol  ProgramArguments: mri_label2vol -all-info  ProgramVersion: 7.3.2  TimeStamp: 2026/03/10-04:57:22-GMT  BuildTime: Aug  4 2022 06:17:15  BuildStamp: freesurfer-linux-ubuntu22_x86_64-7.3.2-20220804-6354275  User: oesteban  Machine: dna007  Platform: Linux  PlatformVersion: 5.14.0-427.37.1.el9_4.x86_64  CompilerName: GCC  CompilerVersion: 8.4.0
ProgramName: mri_log_likelihood  ProgramArguments: mri_log_likelihood -all-info  ProgramVersion: 7.3.2  TimeStamp: 2026/03/10-04:57:22-GMT  BuildTime: Aug  4 2022 06:17:15  BuildStamp: freesurfer-linux-ubuntu22_x86_64-7.3.2-20220804-6354275  User: oesteban  Machine: dna007  Platform: Linux  PlatformVersion: 5.14.0-427.37.1.el9_4.x86_64  CompilerName: GCC  CompilerVersion: 8.4.0
ProgramName: mri_mask  ProgramArguments: mri_mask -all-info  ProgramVersion: 7.3.2  TimeStamp: 2026/03/10-04:57:22-GMT  BuildTime: Aug  4 2022 06:17:15  BuildStamp: freesurfer-linux-ubuntu22_x86_64-7.3.2-20220804-6354275  User: oesteban  Machine: dna007  Platform: Linux  PlatformVersion: 5.14.0-427.37.1.el9_4.x86_64  CompilerName: GCC  CompilerVersion: 8.4.0
ProgramName: mri_matrix_multiply  ProgramArguments: mri_matrix_multiply -all-info  ProgramVersion: 7.3.2  TimeStamp: 2026/03/10-04:57:22-GMT  BuildTime: Aug  4 2022 06:17:15  BuildStamp: freesurfer-linux-ubuntu22_x86_64-7.3.2-20220804-6354275  User: oesteban  Machine: dna007  Platform: Linux  PlatformVersion: 5.14.0-427.37.1.el9_4.x86_64  CompilerName: GCC  CompilerVersion: 8.4.0
ProgramName: mri_normalize  ProgramArguments: mri_normalize -all-info  ProgramVersion: 7.3.2  TimeStamp: 2026/03/10-04:57:22-GMT  BuildTime: Aug  4 2022 06:17:15  BuildStamp: freesurfer-linux-ubuntu22_x86_64-7.3.2-20220804-6354275  User: oesteban  Machine: dna007  Platform: Linux  PlatformVersion: 5.14.0-427.37.1.el9_4.x86_64  CompilerName: GCC  CompilerVersion: 8.4.0
ProgramName: mri_normalize_tp2  ProgramArguments: mri_normalize_tp2 -all-info  ProgramVersion: 7.3.2  TimeStamp: 2026/03/10-04:57:22-GMT  BuildTime: Aug  4 2022 06:17:15  BuildStamp: freesurfer-linux-ubuntu22_x86_64-7.3.2-20220804-6354275  User: oesteban  Machine: dna007  Platform: Linux  PlatformVersion: 5.14.0-427.37.1.el9_4.x86_64  CompilerName: GCC  CompilerVersion: 8.4.0
ProgramName: mri_or  ProgramArguments: mri_or -all-info  ProgramVersion: 7.3.2  TimeStamp: 2026/03/10-04:57:22-GMT  BuildTime: Aug  4 2022 06:17:15  BuildStamp: freesurfer-linux-ubuntu22_x86_64-7.3.2-20220804-6354275  User: oesteban  Machine: dna007  Platform: Linux  PlatformVersion: 5.14.0-427.37.1.el9_4.x86_64  CompilerName: GCC  CompilerVersion: 8.4.0
ProgramName: mri_relabel_hypointensities  ProgramArguments: mri_relabel_hypointensities -all-info  ProgramVersion: 7.3.2  TimeStamp: 2026/03/10-04:57:22-GMT  BuildTime: Aug  4 2022 06:17:15  BuildStamp: freesurfer-linux-ubuntu22_x86_64-7.3.2-20220804-6354275  User: oesteban  Machine: dna007  Platform: Linux  PlatformVersion: 5.14.0-427.37.1.el9_4.x86_64  CompilerName: GCC  CompilerVersion: 8.4.0
ProgramName: mri_relabel_nonwm_hypos  ProgramArguments: mri_relabel_nonwm_hypos -all-info  ProgramVersion: 7.3.2  TimeStamp: 2026/03/10-04:57:22-GMT  BuildTime: Aug  4 2022 06:17:15  BuildStamp: freesurfer-linux-ubuntu22_x86_64-7.3.2-20220804-6354275  User: oesteban  Machine: dna007  Platform: Linux  PlatformVersion: 5.14.0-427.37.1.el9_4.x86_64  CompilerName: GCC  CompilerVersion: 8.4.0
ProgramName: mri_remove_neck  ProgramArguments: mri_remove_neck -all-info  ProgramVersion: 7.3.2  TimeStamp: 2026/03/10-04:57:22-GMT  BuildTime: Aug  4 2022 06:17:15  BuildStamp: freesurfer-linux-ubuntu22_x86_64-7.3.2-20220804-6354275  User: oesteban  Machine: dna007  Platform: Linux  PlatformVersion: 5.14.0-427.37.1.el9_4.x86_64  CompilerName: GCC  CompilerVersion: 8.4.0
7.3.2

ProgramName: mri_robust_register  ProgramArguments: mri_robust_register -all-info  ProgramVersion: 7.3.2  TimeStamp: 2026/03/10-04:57:22-GMT  BuildTime: Aug  4 2022 06:17:15  BuildStamp: freesurfer-linux-ubuntu22_x86_64-7.3.2-20220804-6354275  User: oesteban  Machine: dna007  Platform: Linux  PlatformVersion: 5.14.0-427.37.1.el9_4.x86_64  CompilerName: GCC  CompilerVersion: 8.4.0
7.3.2

ProgramName: mri_robust_template  ProgramArguments: mri_robust_template -all-info  ProgramVersion: 7.3.2  TimeStamp: 2026/03/10-04:57:22-GMT  BuildTime: Aug  4 2022 06:17:15  BuildStamp: freesurfer-linux-ubuntu22_x86_64-7.3.2-20220804-6354275  User: oesteban  Machine: dna007  Platform: Linux  PlatformVersion: 5.14.0-427.37.1.el9_4.x86_64  CompilerName: GCC  CompilerVersion: 8.4.0
ProgramName: mris_anatomical_stats  ProgramArguments: mris_anatomical_stats -all-info  ProgramVersion: 7.3.2  TimeStamp: 2026/03/10-04:57:22-GMT  BuildTime: Aug  4 2022 06:17:15  BuildStamp: freesurfer-linux-ubuntu22_x86_64-7.3.2-20220804-6354275  User: oesteban  Machine: dna007  Platform: Linux  PlatformVersion: 5.14.0-427.37.1.el9_4.x86_64  CompilerName: GCC  CompilerVersion: 8.4.0
ProgramName: mris_ca_label  ProgramArguments: mris_ca_label -all-info  ProgramVersion: 7.3.2  TimeStamp: 2026/03/10-04:57:22-GMT  BuildTime: Aug  4 2022 06:17:15  BuildStamp: freesurfer-linux-ubuntu22_x86_64-7.3.2-20220804-6354275  User: oesteban  Machine: dna007  Platform: Linux  PlatformVersion: 5.14.0-427.37.1.el9_4.x86_64  CompilerName: GCC  CompilerVersion: 8.4.0
ProgramName: mris_calc  ProgramArguments: mris_calc -all-info  ProgramVersion: 7.3.2  TimeStamp: 2026/03/10-04:57:22-GMT  BuildTime: Aug  4 2022 06:17:15  BuildStamp: freesurfer-linux-ubuntu22_x86_64-7.3.2-20220804-6354275  User: oesteban  Machine: dna007  Platform: Linux  PlatformVersion: 5.14.0-427.37.1.el9_4.x86_64  CompilerName: GCC  CompilerVersion: 8.4.0
ProgramName: mris_convert  ProgramArguments: mris_convert -all-info  ProgramVersion: 7.3.2  TimeStamp: 2026/03/10-04:57:22-GMT  BuildTime: Aug  4 2022 06:17:15  BuildStamp: freesurfer-linux-ubuntu22_x86_64-7.3.2-20220804-6354275  User: oesteban  Machine: dna007  Platform: Linux  PlatformVersion: 5.14.0-427.37.1.el9_4.x86_64  CompilerName: GCC  CompilerVersion: 8.4.0
ProgramName: mris_curvature  ProgramArguments: mris_curvature -all-info  ProgramVersion: 7.3.2  TimeStamp: 2026/03/10-04:57:22-GMT  BuildTime: Aug  4 2022 06:17:15  BuildStamp: freesurfer-linux-ubuntu22_x86_64-7.3.2-20220804-6354275  User: oesteban  Machine: dna007  Platform: Linux  PlatformVersion: 5.14.0-427.37.1.el9_4.x86_64  CompilerName: GCC  CompilerVersion: 8.4.0
ProgramName: mris_curvature_stats  ProgramArguments: mris_curvature_stats -all-info  ProgramVersion: 7.3.2  TimeStamp: 2026/03/10-04:57:22-GMT  BuildTime: Aug  4 2022 06:17:15  BuildStamp: freesurfer-linux-ubuntu22_x86_64-7.3.2-20220804-6354275  User: oesteban  Machine: dna007  Platform: Linux  PlatformVersion: 5.14.0-427.37.1.el9_4.x86_64  CompilerName: GCC  CompilerVersion: 8.4.0
ProgramName: mris_diff  ProgramArguments: mris_diff -all-info  ProgramVersion: 7.3.2  TimeStamp: 2026/03/10-04:57:22-GMT  BuildTime: Aug  4 2022 06:17:15  BuildStamp: freesurfer-linux-ubuntu22_x86_64-7.3.2-20220804-6354275  User: oesteban  Machine: dna007  Platform: Linux  PlatformVersion: 5.14.0-427.37.1.el9_4.x86_64  CompilerName: GCC  CompilerVersion: 8.4.0
ProgramName: mris_divide_parcellation  ProgramArguments: mris_divide_parcellation -all-info  ProgramVersion: 7.3.2  TimeStamp: 2026/03/10-04:57:22-GMT  BuildTime: Aug  4 2022 06:17:15  BuildStamp: freesurfer-linux-ubuntu22_x86_64-7.3.2-20220804-6354275  User: oesteban  Machine: dna007  Platform: Linux  PlatformVersion: 5.14.0-427.37.1.el9_4.x86_64  CompilerName: GCC  CompilerVersion: 8.4.0
ProgramName: mri_segment  ProgramArguments: mri_segment -all-info  ProgramVersion: 7.3.2  TimeStamp: 2026/03/10-04:57:22-GMT  BuildTime: Aug  4 2022 06:17:15  BuildStamp: freesurfer-linux-ubuntu22_x86_64-7.3.2-20220804-6354275  User: oesteban  Machine: dna007  Platform: Linux  PlatformVersion: 5.14.0-427.37.1.el9_4.x86_64  CompilerName: GCC  CompilerVersion: 8.4.0
ProgramName: mri_segstats  ProgramArguments: mri_segstats -all-info  ProgramVersion: 7.3.2  TimeStamp: 2026/03/10-04:57:22-GMT  BuildTime: Aug  4 2022 06:17:15  BuildStamp: freesurfer-linux-ubuntu22_x86_64-7.3.2-20220804-6354275  User: oesteban  Machine: dna007  Platform: Linux  PlatformVersion: 5.14.0-427.37.1.el9_4.x86_64  CompilerName: GCC  CompilerVersion: 8.4.0
ProgramName: mris_euler_number  ProgramArguments: mris_euler_number -all-info  ProgramVersion: 7.3.2  TimeStamp: 2026/03/10-04:57:22-GMT  BuildTime: Aug  4 2022 06:17:15  BuildStamp: freesurfer-linux-ubuntu22_x86_64-7.3.2-20220804-6354275  User: oesteban  Machine: dna007  Platform: Linux  PlatformVersion: 5.14.0-427.37.1.el9_4.x86_64  CompilerName: GCC  CompilerVersion: 8.4.0
ProgramName: mris_fix_topology  ProgramArguments: mris_fix_topology -all-info  ProgramVersion: 7.3.2  TimeStamp: 2026/03/10-04:57:22-GMT  BuildTime: Aug  4 2022 06:17:15  BuildStamp: freesurfer-linux-ubuntu22_x86_64-7.3.2-20220804-6354275  User: oesteban  Machine: dna007  Platform: Linux  PlatformVersion: 5.14.0-427.37.1.el9_4.x86_64  CompilerName: GCC  CompilerVersion: 8.4.0
ProgramName: mris_topo_fixer  ProgramArguments: mris_topo_fixer -all-info  ProgramVersion: 7.3.2  TimeStamp: 2026/03/10-04:57:22-GMT  BuildTime: Aug  4 2022 06:17:15  BuildStamp: freesurfer-linux-ubuntu22_x86_64-7.3.2-20220804-6354275  User: oesteban  Machine: dna007  Platform: Linux  PlatformVersion: 5.14.0-427.37.1.el9_4.x86_64  CompilerName: GCC  CompilerVersion: 8.4.0
ProgramName: mris_jacobian  ProgramArguments: mris_jacobian -all-info  ProgramVersion: 7.3.2  TimeStamp: 2026/03/10-04:57:22-GMT  BuildTime: Aug  4 2022 06:17:15  BuildStamp: freesurfer-linux-ubuntu22_x86_64-7.3.2-20220804-6354275  User: oesteban  Machine: dna007  Platform: Linux  PlatformVersion: 5.14.0-427.37.1.el9_4.x86_64  CompilerName: GCC  CompilerVersion: 8.4.0
ProgramName: mris_label2annot  ProgramArguments: mris_label2annot -all-info  ProgramVersion: 7.3.2  TimeStamp: 2026/03/10-04:57:22-GMT  BuildTime: Aug  4 2022 06:17:15  BuildStamp: freesurfer-linux-ubuntu22_x86_64-7.3.2-20220804-6354275  User: oesteban  Machine: dna007  Platform: Linux  PlatformVersion: 5.14.0-427.37.1.el9_4.x86_64  CompilerName: GCC  CompilerVersion: 8.4.0
ProgramName: mris_left_right_register  ProgramArguments: mris_left_right_register -all-info  ProgramVersion: 7.3.2  TimeStamp: 2026/03/10-04:57:22-GMT  BuildTime: Aug  4 2022 06:17:15  BuildStamp: freesurfer-linux-ubuntu22_x86_64-7.3.2-20220804-6354275  User: oesteban  Machine: dna007  Platform: Linux  PlatformVersion: 5.14.0-427.37.1.el9_4.x86_64  CompilerName: GCC  CompilerVersion: 8.4.0
ProgramName: mris_place_surface  ProgramArguments: mris_place_surface -all-info  ProgramVersion: 7.3.2  TimeStamp: 2026/03/10-04:57:22-GMT  BuildTime: Aug  4 2022 06:17:15  BuildStamp: freesurfer-linux-ubuntu22_x86_64-7.3.2-20220804-6354275  User: oesteban  Machine: dna007  Platform: Linux  PlatformVersion: 5.14.0-427.37.1.el9_4.x86_64  CompilerName: GCC  CompilerVersion: 8.4.0
ProgramName: mrisp_paint  ProgramArguments: mrisp_paint -all-info  ProgramVersion: 7.3.2  TimeStamp: 2026/03/10-04:57:22-GMT  BuildTime: Aug  4 2022 06:17:15  BuildStamp: freesurfer-linux-ubuntu22_x86_64-7.3.2-20220804-6354275  User: oesteban  Machine: dna007  Platform: Linux  PlatformVersion: 5.14.0-427.37.1.el9_4.x86_64  CompilerName: GCC  CompilerVersion: 8.4.0
ProgramName: mris_register  ProgramArguments: mris_register -all-info  ProgramVersion: 7.3.2  TimeStamp: 2026/03/10-04:57:22-GMT  BuildTime: Aug  4 2022 06:17:15  BuildStamp: freesurfer-linux-ubuntu22_x86_64-7.3.2-20220804-6354275  User: oesteban  Machine: dna007  Platform: Linux  PlatformVersion: 5.14.0-427.37.1.el9_4.x86_64  CompilerName: GCC  CompilerVersion: 8.4.0
ProgramName: mris_smooth  ProgramArguments: mris_smooth -all-info  ProgramVersion: 7.3.2  TimeStamp: 2026/03/10-04:57:22-GMT  BuildTime: Aug  4 2022 06:17:15  BuildStamp: freesurfer-linux-ubuntu22_x86_64-7.3.2-20220804-6354275  User: oesteban  Machine: dna007  Platform: Linux  PlatformVersion: 5.14.0-427.37.1.el9_4.x86_64  CompilerName: GCC  CompilerVersion: 8.4.0
ProgramName: mris_sphere  ProgramArguments: mris_sphere -all-info  ProgramVersion: 7.3.2  TimeStamp: 2026/03/10-04:57:22-GMT  BuildTime: Aug  4 2022 06:17:15  BuildStamp: freesurfer-linux-ubuntu22_x86_64-7.3.2-20220804-6354275  User: oesteban  Machine: dna007  Platform: Linux  PlatformVersion: 5.14.0-427.37.1.el9_4.x86_64  CompilerName: GCC  CompilerVersion: 8.4.0
ProgramName: mris_surface_stats  ProgramArguments: mris_surface_stats -all-info  ProgramVersion: 7.3.2  TimeStamp: 2026/03/10-04:57:22-GMT  BuildTime: Aug  4 2022 06:17:15  BuildStamp: freesurfer-linux-ubuntu22_x86_64-7.3.2-20220804-6354275  User: oesteban  Machine: dna007  Platform: Linux  PlatformVersion: 5.14.0-427.37.1.el9_4.x86_64  CompilerName: GCC  CompilerVersion: 8.4.0
ProgramName: mri_stats2seg  ProgramArguments: mri_stats2seg -all-info  ProgramVersion: 7.3.2  TimeStamp: 2026/03/10-04:57:22-GMT  BuildTime: Aug  4 2022 06:17:15  BuildStamp: freesurfer-linux-ubuntu22_x86_64-7.3.2-20220804-6354275  User: oesteban  Machine: dna007  Platform: Linux  PlatformVersion: 5.14.0-427.37.1.el9_4.x86_64  CompilerName: GCC  CompilerVersion: 8.4.0
ProgramName: mris_thickness  ProgramArguments: mris_thickness -all-info  ProgramVersion: 7.3.2  TimeStamp: 2026/03/10-04:57:22-GMT  BuildTime: Aug  4 2022 06:17:15  BuildStamp: freesurfer-linux-ubuntu22_x86_64-7.3.2-20220804-6354275  User: oesteban  Machine: dna007  Platform: Linux  PlatformVersion: 5.14.0-427.37.1.el9_4.x86_64  CompilerName: GCC  CompilerVersion: 8.4.0
ProgramName: mris_thickness_diff  ProgramArguments: mris_thickness_diff -all-info  ProgramVersion: 7.3.2  TimeStamp: 2026/03/10-04:57:22-GMT  BuildTime: Aug  4 2022 06:17:15  BuildStamp: freesurfer-linux-ubuntu22_x86_64-7.3.2-20220804-6354275  User: oesteban  Machine: dna007  Platform: Linux  PlatformVersion: 5.14.0-427.37.1.el9_4.x86_64  CompilerName: GCC  CompilerVersion: 8.4.0
ProgramName: mris_topo_fixer  ProgramArguments: mris_topo_fixer -all-info  ProgramVersion: 7.3.2  TimeStamp: 2026/03/10-04:57:22-GMT  BuildTime: Aug  4 2022 06:17:15  BuildStamp: freesurfer-linux-ubuntu22_x86_64-7.3.2-20220804-6354275  User: oesteban  Machine: dna007  Platform: Linux  PlatformVersion: 5.14.0-427.37.1.el9_4.x86_64  CompilerName: GCC  CompilerVersion: 8.4.0
ProgramName: mri_surf2surf  ProgramArguments: mri_surf2surf -all-info  ProgramVersion: 7.3.2  TimeStamp: 2026/03/10-04:57:22-GMT  BuildTime: Aug  4 2022 06:17:15  BuildStamp: freesurfer-linux-ubuntu22_x86_64-7.3.2-20220804-6354275  User: oesteban  Machine: dna007  Platform: Linux  PlatformVersion: 5.14.0-427.37.1.el9_4.x86_64  CompilerName: GCC  CompilerVersion: 8.4.0
ProgramName: mri_surf2vol  ProgramArguments: mri_surf2vol -all-info  ProgramVersion: 7.3.2  TimeStamp: 2026/03/10-04:57:22-GMT  BuildTime: Aug  4 2022 06:17:15  BuildStamp: freesurfer-linux-ubuntu22_x86_64-7.3.2-20220804-6354275  User: oesteban  Machine: dna007  Platform: Linux  PlatformVersion: 5.14.0-427.37.1.el9_4.x86_64  CompilerName: GCC  CompilerVersion: 8.4.0
ProgramName: mri_surfcluster  ProgramArguments: mri_surfcluster -all-info  ProgramVersion: 7.3.2  TimeStamp: 2026/03/10-04:57:22-GMT  BuildTime: Aug  4 2022 06:17:15  BuildStamp: freesurfer-linux-ubuntu22_x86_64-7.3.2-20220804-6354275  User: oesteban  Machine: dna007  Platform: Linux  PlatformVersion: 5.14.0-427.37.1.el9_4.x86_64  CompilerName: GCC  CompilerVersion: 8.4.0
ProgramName: mris_volmask  ProgramArguments: mris_volmask -all-info  ProgramVersion: 7.3.2  TimeStamp: 2026/03/10-04:57:22-GMT  BuildTime: Aug  4 2022 06:17:15  BuildStamp: freesurfer-linux-ubuntu22_x86_64-7.3.2-20220804-6354275  User: oesteban  Machine: dna007  Platform: Linux  PlatformVersion: 5.14.0-427.37.1.el9_4.x86_64  CompilerName: GCC  CompilerVersion: 8.4.0
ProgramName: mri_tessellate  ProgramArguments: mri_tessellate -all-info  ProgramVersion: 7.3.2  TimeStamp: 2026/03/10-04:57:22-GMT  BuildTime: Aug  4 2022 06:17:15  BuildStamp: freesurfer-linux-ubuntu22_x86_64-7.3.2-20220804-6354275  User: oesteban  Machine: dna007  Platform: Linux  PlatformVersion: 5.14.0-427.37.1.el9_4.x86_64  CompilerName: GCC  CompilerVersion: 8.4.0
ProgramName: mri_vol2surf  ProgramArguments: mri_vol2surf -all-info  ProgramVersion: 7.3.2  TimeStamp: 2026/03/10-04:57:22-GMT  BuildTime: Aug  4 2022 06:17:15  BuildStamp: freesurfer-linux-ubuntu22_x86_64-7.3.2-20220804-6354275  User: oesteban  Machine: dna007  Platform: Linux  PlatformVersion: 5.14.0-427.37.1.el9_4.x86_64  CompilerName: GCC  CompilerVersion: 8.4.0
ProgramName: mri_vol2vol  ProgramArguments: mri_vol2vol -all-info  ProgramVersion: 7.3.2  TimeStamp: 2026/03/10-04:57:22-GMT  BuildTime: Aug  4 2022 06:17:15  BuildStamp: freesurfer-linux-ubuntu22_x86_64-7.3.2-20220804-6354275  User: oesteban  Machine: dna007  Platform: Linux  PlatformVersion: 5.14.0-427.37.1.el9_4.x86_64  CompilerName: GCC  CompilerVersion: 8.4.0
ProgramName: mri_voldiff  ProgramArguments: mri_voldiff -all-info  ProgramVersion: 7.3.2  TimeStamp: 2026/03/10-04:57:22-GMT  BuildTime: Aug  4 2022 06:17:15  BuildStamp: freesurfer-linux-ubuntu22_x86_64-7.3.2-20220804-6354275  User: oesteban  Machine: dna007  Platform: Linux  PlatformVersion: 5.14.0-427.37.1.el9_4.x86_64  CompilerName: GCC  CompilerVersion: 8.4.0
ProgramName: mri_watershed  ProgramArguments: mri_watershed -all-info  ProgramVersion: 7.3.2  TimeStamp: 2026/03/10-04:57:22-GMT  BuildTime: Aug  4 2022 06:17:15  BuildStamp: freesurfer-linux-ubuntu22_x86_64-7.3.2-20220804-6354275  User: oesteban  Machine: dna007  Platform: Linux  PlatformVersion: 5.14.0-427.37.1.el9_4.x86_64  CompilerName: GCC  CompilerVersion: 8.4.0
ProgramName: tkregister2  ProgramArguments: tkregister2_cmdl -all-info  ProgramVersion: 7.3.2  TimeStamp: 2026/03/10-04:57:22-GMT  BuildTime: Aug  4 2022 06:17:15  BuildStamp: freesurfer-linux-ubuntu22_x86_64-7.3.2-20220804-6354275  User: oesteban  Machine: dna007  Platform: Linux  PlatformVersion: 5.14.0-427.37.1.el9_4.x86_64  CompilerName: GCC  CompilerVersion: 8.4.0
mri_motion_correct.fsl 7.3.2
mri_convert -all-info 
ProgramName: mri_convert  ProgramArguments: mri_convert -all-info  ProgramVersion: 7.3.2  TimeStamp: 2026/03/10-04:57:22-GMT  BuildTime: Aug  4 2022 06:17:15  BuildStamp: freesurfer-linux-ubuntu22_x86_64-7.3.2-20220804-6354275  User: oesteban  Machine: dna007  Platform: Linux  PlatformVersion: 5.14.0-427.37.1.el9_4.x86_64  CompilerName: GCC  CompilerVersion: 8.4.0
Program nu_correct, built from:
Package MNI N3, version 1.12.0, compiled by nicks@terrier (x86_64-unknown-linux-gnu) on 2015-06-19 at 01:25:34
#######################################
GCADIR /opt/freesurfer/average
GCA RB_all_2020-01-02.gca
GCASkull RB_all_withskull_2020_01_02.gca
AvgCurvTif folding.atlas.acfb40.noaparc.i12.2016-08-02.tif
GCSDIR /opt/freesurfer/average
GCS DKaparc.atlas.acfb40.noaparc.i12.2016-08-02.gcs
#######################################
/out/sourcedata/freesurfer/sub-v1s6x0051370_ses-1

 mri_convert /work/fmriprep_25_2_wf/sub_v1s6x0051370_ses_1_wf/anat_fit_wf/anat_validate/sub-v1s6x0051370_ses-1_T1w_noise_corrected_ras_valid.nii.gz /out/sourcedata/freesurfer/sub-v1s6x0051370_ses-1/mri/orig/001.mgz 

mri_convert /work/fmriprep_25_2_wf/sub_v1s6x0051370_ses_1_wf/anat_fit_wf/anat_validate/sub-v1s6x0051370_ses-1_T1w_noise_corrected_ras_valid.nii.gz /out/sourcedata/freesurfer/sub-v1s6x0051370_ses-1/mri/orig/001.mgz 
reading from /work/fmriprep_25_2_wf/sub_v1s6x0051370_ses_1_wf/anat_fit_wf/anat_validate/sub-v1s6x0051370_ses-1_T1w_noise_corrected_ras_valid.nii.gz...
TR=0.00, TE=0.00, TI=0.00, flip angle=0.00
i_ras = (1, 0, 0)
j_ras = (0, 1, 0)
k_ras = (0, 0, 1)
writing to /out/sourcedata/freesurfer/sub-v1s6x0051370_ses-1/mri/orig/001.mgz...
#--------------------------------------------
#@# MotionCor Tue Mar 10 05:57:24 CET 2026
Found 1 runs
/out/sourcedata/freesurfer/sub-v1s6x0051370_ses-1/mri/orig/001.mgz
Checking for (invalid) multi-frame inputs...
Only one run found so motion
correction will not be performed. I'll
copy the run to rawavg and continue.

 cp /out/sourcedata/freesurfer/sub-v1s6x0051370_ses-1/mri/orig/001.mgz /out/sourcedata/freesurfer/sub-v1s6x0051370_ses-1/mri/rawavg.mgz 


 mri_info /out/sourcedata/freesurfer/sub-v1s6x0051370_ses-1/mri/rawavg.mgz 

rawavg.mgz ========================================
Volume information for /out/sourcedata/freesurfer/sub-v1s6x0051370_ses-1/mri/rawavg.mgz
          type: MGH
    dimensions: 160 x 240 x 256
   voxel sizes: 1.000000, 1.000000, 1.000000
          type: FLOAT (3)
           fov: 256.000
           dof: 1
        xstart: -80.0, xend: 80.0
        ystart: -120.0, yend: 120.0
        zstart: -128.0, zend: 128.0
            TR: 0.00 msec, TE: 0.00 msec, TI: 0.00 msec, flip angle: 0.00 degrees
       nframes: 1
       PhEncDir: UNKNOWN
       FieldStrength: 0.000000
ras xform present
    xform info: x_r =   1.0000, y_r =   0.0000, z_r =   0.0000, c_r =     1.1780
              : x_a =   0.0000, y_a =   1.0000, z_a =   0.0000, c_a =     5.0678
              : x_s =   0.0000, y_s =   0.0000, z_s =   1.0000, c_s =    -2.3898

talairach xfm : 
Orientation   : RAS
Primary Slice Direction: axial

voxel to ras transform:
                1.0000   0.0000   0.0000   -78.8220
                0.0000   1.0000   0.0000  -114.9322
                0.0000   0.0000   1.0000  -130.3898
                0.0000   0.0000   0.0000     1.0000

voxel-to-ras determinant 1

ras to voxel transform:
                1.0000   0.0000   0.0000    78.8220
                0.0000   1.0000   0.0000   114.9322
                0.0000   0.0000   1.0000   130.3898
                0.0000   0.0000   0.0000     1.0000
/out/sourcedata/freesurfer/sub-v1s6x0051370_ses-1

 mri_convert /out/sourcedata/freesurfer/sub-v1s6x0051370_ses-1/mri/rawavg.mgz /out/sourcedata/freesurfer/sub-v1s6x0051370_ses-1/mri/orig.mgz --conform 

mri_convert /out/sourcedata/freesurfer/sub-v1s6x0051370_ses-1/mri/rawavg.mgz /out/sourcedata/freesurfer/sub-v1s6x0051370_ses-1/mri/orig.mgz --conform 
reading from /out/sourcedata/freesurfer/sub-v1s6x0051370_ses-1/mri/rawavg.mgz...
TR=0.00, TE=0.00, TI=0.00, flip angle=0.00
i_ras = (1, 0, 0)
j_ras = (0, 1, 0)
k_ras = (0, 0, 1)
changing data type from float to uchar (noscale = 0)...
MRIchangeType: Building histogram 0 1064.33 1000, flo=0, fhi=0.999, dest_type=0
Reslicing using trilinear interpolation 
writing to /out/sourcedata/freesurfer/sub-v1s6x0051370_ses-1/mri/orig.mgz...

 mri_add_xform_to_header -c /out/sourcedata/freesurfer/sub-v1s6x0051370_ses-1/mri/transforms/talairach.xfm /out/sourcedata/freesurfer/sub-v1s6x0051370_ses-1/mri/orig.mgz /out/sourcedata/freesurfer/sub-v1s6x0051370_ses-1/mri/orig.mgz 

INFO: extension is mgz

 mri_info /out/sourcedata/freesurfer/sub-v1s6x0051370_ses-1/mri/orig.mgz 

orig.mgz ========================================
Volume information for /out/sourcedata/freesurfer/sub-v1s6x0051370_ses-1/mri/orig.mgz
          type: MGH
    dimensions: 256 x 256 x 256
   voxel sizes: 1.000000, 1.000000, 1.000000
          type: UCHAR (0)
           fov: 256.000
           dof: 1
        xstart: -128.0, xend: 128.0
        ystart: -128.0, yend: 128.0
        zstart: -128.0, zend: 128.0
            TR: 0.00 msec, TE: 0.00 msec, TI: 0.00 msec, flip angle: 0.00 degrees
       nframes: 1
       PhEncDir: UNKNOWN
       FieldStrength: 0.000000
ras xform present
    xform info: x_r =  -1.0000, y_r =   0.0000, z_r =   0.0000, c_r =     1.1780
              : x_a =   0.0000, y_a =   0.0000, z_a =   1.0000, c_a =     5.0678
              : x_s =   0.0000, y_s =  -1.0000, z_s =   0.0000, c_s =    -2.3898

talairach xfm : /out/sourcedata/freesurfer/sub-v1s6x0051370_ses-1/mri/transforms/talairach.xfm
Orientation   : LIA
Primary Slice Direction: coronal

voxel to ras transform:
               -1.0000   0.0000   0.0000   129.1780
                0.0000   0.0000   1.0000  -122.9322
                0.0000  -1.0000   0.0000   125.6102
                0.0000   0.0000   0.0000     1.0000

voxel-to-ras determinant -1

ras to voxel transform:
               -1.0000  -0.0000  -0.0000   129.1780
               -0.0000  -0.0000  -1.0000   125.6102
               -0.0000   1.0000  -0.0000   122.9322
               -0.0000  -0.0000  -0.0000     1.0000
#--------------------------------------------
#@# Talairach Tue Mar 10 05:57:31 CET 2026
/out/sourcedata/freesurfer/sub-v1s6x0051370_ses-1/mri

 mri_nu_correct.mni --no-rescale --i orig.mgz --o orig_nu.mgz --ants-n4 --n 1 --proto-iters 1000 --distance 50 

/usr/bin/bc
/out/sourcedata/freesurfer/sub-v1s6x0051370_ses-1/mri
/opt/freesurfer/bin/mri_nu_correct.mni
--no-rescale --i orig.mgz --o orig_nu.mgz --ants-n4 --n 1 --proto-iters 1000 --distance 50
nIters 1
mri_nu_correct.mni 7.3.2
Linux dna007 5.14.0-427.37.1.el9_4.x86_64 #1 SMP PREEMPT_DYNAMIC Fri Sep 13 12:41:50 EDT 2024 x86_64 x86_64 x86_64 GNU/Linux
Tue Mar 10 05:57:31 CET 2026
tmpdir is ./tmp.mri_nu_correct.mni.2162555
cd /out/sourcedata/freesurfer/sub-v1s6x0051370_ses-1/mri
AntsN4BiasFieldCorrectionFs -i orig.mgz -o ./tmp.mri_nu_correct.mni.2162555/nu0.mgz --dtype uchar
AntsN4BiasFieldCorrectionFs done
mri_convert ./tmp.mri_nu_correct.mni.2162555/nu0.mgz orig_nu.mgz --like orig.mgz --conform
mri_convert ./tmp.mri_nu_correct.mni.2162555/nu0.mgz orig_nu.mgz --like orig.mgz --conform 
reading from ./tmp.mri_nu_correct.mni.2162555/nu0.mgz...
TR=0.00, TE=0.00, TI=0.00, flip angle=0.00
i_ras = (-1, 0, 0)
j_ras = (0, 0, -1)
k_ras = (0, 1, 0)
INFO: transform src into the like-volume: orig.mgz
writing to orig_nu.mgz...
 
 
Tue Mar 10 06:00:26 CET 2026
mri_nu_correct.mni done

 talairach_avi --i orig_nu.mgz --xfm transforms/talairach.auto.xfm 

talairach_avi log file is transforms/talairach_avi.log...
mv -f /out/sourcedata/freesurfer/sub-v1s6x0051370_ses-1/mri/talsrcimg_to_711-2C_as_mni_average_305_t4_vox2vox.txt /out/sourcedata/freesurfer/sub-v1s6x0051370_ses-1/mri/transforms/talsrcimg_to_711-2C_as_mni_average_305_t4_vox2vox.txt
Started at Tue Mar 10 06:00:26 CET 2026
Ended   at Tue Mar 10 06:01:53 CET 2026
talairach_avi done

 cp transforms/talairach.auto.xfm transforms/talairach.xfm 

lta_convert --src orig.mgz --trg /opt/freesurfer/average/mni305.cor.mgz --inxfm transforms/talairach.xfm --outlta transforms/talairach.xfm.lta --subject fsaverage --ltavox2vox
7.3.2

--src: orig.mgz src image (geometry).
--trg: /opt/freesurfer/average/mni305.cor.mgz trg image (geometry).
--inmni: transforms/talairach.xfm input MNI/XFM transform.
--outlta: transforms/talairach.xfm.lta output LTA.
--s: fsaverage subject name
--ltavox2vox: output LTA as VOX_TO_VOX transform.
 LTA read, type : 1
 1.09389  -0.05176  -0.00457  -2.02185;
 0.02550   1.01699   0.20208  -14.16686;
-0.01825  -0.13177   1.04957  -17.11897;
 0.00000   0.00000   0.00000   1.00000;
setting subject to fsaverage
Writing  LTA to file transforms/talairach.xfm.lta...
lta_convert successful.
#--------------------------------------------
#@# Talairach Failure Detection Tue Mar 10 06:01:55 CET 2026
/out/sourcedata/freesurfer/sub-v1s6x0051370_ses-1/mri

 talairach_afd -T 0.005 -xfm transforms/talairach.xfm 

talairach_afd: Talairach Transform: transforms/talairach.xfm OK (p=0.7543, pval=0.6675 >= threshold=0.0050)

 awk -f /opt/freesurfer/bin/extract_talairach_avi_QA.awk /out/sourcedata/freesurfer/sub-v1s6x0051370_ses-1/mri/transforms/talairach_avi.log 


 tal_QC_AZS /out/sourcedata/freesurfer/sub-v1s6x0051370_ses-1/mri/transforms/talairach_avi.log 

TalAviQA: 0.97890
z-score: 0
#--------------------------------------------
#@# Nu Intensity Correction Tue Mar 10 06:01:55 CET 2026

 mri_nu_correct.mni --i orig.mgz --o nu.mgz --uchar transforms/talairach.xfm --n 2 --ants-n4 

/usr/bin/bc
/out/sourcedata/freesurfer/sub-v1s6x0051370_ses-1/mri
/opt/freesurfer/bin/mri_nu_correct.mni
--i orig.mgz --o nu.mgz --uchar transforms/talairach.xfm --n 2 --ants-n4
nIters 2
mri_nu_correct.mni 7.3.2
Linux dna007 5.14.0-427.37.1.el9_4.x86_64 #1 SMP PREEMPT_DYNAMIC Fri Sep 13 12:41:50 EDT 2024 x86_64 x86_64 x86_64 GNU/Linux
Tue Mar 10 06:01:55 CET 2026
tmpdir is ./tmp.mri_nu_correct.mni.2163408
cd /out/sourcedata/freesurfer/sub-v1s6x0051370_ses-1/mri
AntsN4BiasFieldCorrectionFs -i orig.mgz -o ./tmp.mri_nu_correct.mni.2163408/nu0.mgz --dtype uchar
AntsN4BiasFieldCorrectionFs done
mri_binarize --i ./tmp.mri_nu_correct.mni.2163408/nu0.mgz --min -1 --o ./tmp.mri_nu_correct.mni.2163408/ones.mgz

7.3.2
cwd /out/sourcedata/freesurfer/sub-v1s6x0051370_ses-1/mri
cmdline mri_binarize --i ./tmp.mri_nu_correct.mni.2163408/nu0.mgz --min -1 --o ./tmp.mri_nu_correct.mni.2163408/ones.mgz 
sysname  Linux
hostname dna007
machine  x86_64
user     oesteban

input      ./tmp.mri_nu_correct.mni.2163408/nu0.mgz
frame      0
nErode3d   0
nErode2d   0
output     ./tmp.mri_nu_correct.mni.2163408/ones.mgz
Binarizing based on threshold
min        -1
max        +infinity
binval        1
binvalnot     0
fstart = 0, fend = 0, nframes = 1
Starting parallel 1
Found 16777216 values in range
Counting number of voxels in first frame
Found 16777215 voxels in final mask
Writing output to ./tmp.mri_nu_correct.mni.2163408/ones.mgz
Count: 16777215 16777215.000000 16777216 99.999994
mri_binarize done
mri_segstats --id 1 --seg ./tmp.mri_nu_correct.mni.2163408/ones.mgz --i orig.mgz --sum ./tmp.mri_nu_correct.mni.2163408/sum.junk --avgwf ./tmp.mri_nu_correct.mni.2163408/input.mean.dat

7.3.2
cwd 
cmdline mri_segstats --id 1 --seg ./tmp.mri_nu_correct.mni.2163408/ones.mgz --i orig.mgz --sum ./tmp.mri_nu_correct.mni.2163408/sum.junk --avgwf ./tmp.mri_nu_correct.mni.2163408/input.mean.dat 
sysname  Linux
hostname dna007
machine  x86_64
user     oesteban
whitesurfname  white
UseRobust  0
Loading ./tmp.mri_nu_correct.mni.2163408/ones.mgz
Loading orig.mgz
Voxel Volume is 1 mm^3
Generating list of segmentation ids
Found   1 segmentations
Computing statistics for each segmentation

Reporting on   1 segmentations
Using PrintSegStat
Computing spatial average of each frame

Writing to ./tmp.mri_nu_correct.mni.2163408/input.mean.dat
mri_segstats done
mri_segstats --id 1 --seg ./tmp.mri_nu_correct.mni.2163408/ones.mgz --i ./tmp.mri_nu_correct.mni.2163408/nu0.mgz --sum ./tmp.mri_nu_correct.mni.2163408/sum.junk --avgwf ./tmp.mri_nu_correct.mni.2163408/output.mean.dat

7.3.2
cwd 
cmdline mri_segstats --id 1 --seg ./tmp.mri_nu_correct.mni.2163408/ones.mgz --i ./tmp.mri_nu_correct.mni.2163408/nu0.mgz --sum ./tmp.mri_nu_correct.mni.2163408/sum.junk --avgwf ./tmp.mri_nu_correct.mni.2163408/output.mean.dat 
sysname  Linux
hostname dna007
machine  x86_64
user     oesteban
whitesurfname  white
UseRobust  0
Loading ./tmp.mri_nu_correct.mni.2163408/ones.mgz
Loading ./tmp.mri_nu_correct.mni.2163408/nu0.mgz
Voxel Volume is 1 mm^3
Generating list of segmentation ids
Found   1 segmentations
Computing statistics for each segmentation

Reporting on   1 segmentations
Using PrintSegStat
Computing spatial average of each frame

Writing to ./tmp.mri_nu_correct.mni.2163408/output.mean.dat
mri_segstats done
mris_calc -o ./tmp.mri_nu_correct.mni.2163408/nu0.mgz ./tmp.mri_nu_correct.mni.2163408/nu0.mgz mul 1.27813842831891503289
Saving result to './tmp.mri_nu_correct.mni.2163408/nu0.mgz' (type = MGH )                       [ ok ]
mri_convert ./tmp.mri_nu_correct.mni.2163408/nu0.mgz nu.mgz --like orig.mgz
mri_convert ./tmp.mri_nu_correct.mni.2163408/nu0.mgz nu.mgz --like orig.mgz 
reading from ./tmp.mri_nu_correct.mni.2163408/nu0.mgz...
TR=0.00, TE=0.00, TI=0.00, flip angle=0.00
i_ras = (-1, 0, 0)
j_ras = (0, 0, -1)
k_ras = (0, 1, 0)
INFO: transform src into the like-volume: orig.mgz
writing to nu.mgz...
mri_make_uchar nu.mgz transforms/talairach.xfm nu.mgz
type change took 0 minutes and 6 seconds.
FIRST_PERCENTILE 0.010000
WM_PERCENTILE    0.900000
MAX_R 50.000000
i1 = 6, i2 = 62
#mri_make_uchar# mapping 15 160 to  3 110  :  b -8.9625 m 0.744927 : thresh 12.0314 maxsat 354.347 : nzero 13483818 nsat 0
 
 
Tue Mar 10 06:05:11 CET 2026
mri_nu_correct.mni done

 mri_add_xform_to_header -c /out/sourcedata/freesurfer/sub-v1s6x0051370_ses-1/mri/transforms/talairach.xfm nu.mgz nu.mgz 

INFO: extension is mgz
#--------------------------------------------
#@# Intensity Normalization Tue Mar 10 06:05:11 CET 2026
/out/sourcedata/freesurfer/sub-v1s6x0051370_ses-1/mri

 mri_normalize -g 1 -seed 1234 -mprage nu.mgz T1.mgz 

using max gradient = 1.000
setting seed for random number genererator to 1234
assuming input volume is MGH (Van der Kouwe) MP-RAGE
reading mri_src from nu.mgz...
normalizing image...
NOT doing gentle normalization with control points/label
talairach transform
 1.09389  -0.05176  -0.00457  -2.02185;
 0.02550   1.01699   0.20208  -14.16686;
-0.01825  -0.13177   1.04957  -17.11897;
 0.00000   0.00000   0.00000   1.00000;
processing without aseg, no1d=0
MRInormInit(): 
INFO: Modifying talairach volume c_(r,a,s) based on average_305
MRInormalize(): 
MRIsplineNormalize(): npeaks = 18
Starting OpenSpline(): npoints = 18
building Voronoi diagram...
performing soap bubble smoothing, sigma = 8...

Iterating 2 times
---------------------------------
3d normalization pass 1 of 2
white matter peak found at 110
white matter peak found at 110
gm peak at 62 (62), valley at 27 (27)
csf peak at 31, setting threshold to 51
building Voronoi diagram...
performing soap bubble smoothing, sigma = 8...
---------------------------------
3d normalization pass 2 of 2
white matter peak found at 110
white matter peak found at 110
gm peak at 65 (65), valley at 29 (29)
csf peak at 33, setting threshold to 54
building Voronoi diagram...
performing soap bubble smoothing, sigma = 8...
Done iterating ---------------------------------
writing output to T1.mgz
3D bias adjustment took 1 minutes and 38 seconds.

Started at Tue Mar 10 05:57:22 CET 2026 
Ended   at Tue Mar 10 06:06:49 CET 2026
#@#%# recon-all-run-time-hours 0.157
recon-all -s sub-v1s6x0051370_ses-1 finished without error at Tue Mar 10 06:06:49 CET 2026



#New# invocation of recon-all 




Tue Mar 10 06:13:43 CET 2026
cd /out/sourcedata/freesurfer/sub-v1s6x0051370_ses-1
setenv SUBJECTS_DIR /out/sourcedata/freesurfer
/opt/freesurfer/bin/recon-all -openmp 16 -subjid sub-v1s6x0051370_ses-1 -sd /out/sourcedata/freesurfer -gcareg

subjid sub-v1s6x0051370_ses-1
setenv SUBJECTS_DIR /out/sourcedata/freesurfer
FREESURFER_HOME /opt/freesurfer
Actual FREESURFER_HOME /opt/freesurfer
build-stamp.txt: freesurfer-linux-ubuntu22_x86_64-7.3.2-20220804-6354275
Linux dna007 5.14.0-427.37.1.el9_4.x86_64 #1 SMP PREEMPT_DYNAMIC Fri Sep 13 12:41:50 EDT 2024 x86_64 x86_64 x86_64 GNU/Linux
cputime      unlimited
filesize     unlimited
datasize     unlimited
stacksize    8192 kbytes
coredumpsize 0 kbytes
memoryuse    67108864 kbytes
vmemoryuse   unlimited
descriptors  1024 
memorylocked unlimited
maxproc      2061970 
maxlocks     unlimited
maxsignal    2061970 
maxmessage   819200 
maxnice      0 
maxrtprio    0 
maxrttime    unlimited

               total        used        free      shared  buff/cache   available
Mem:           503Gi        55Gi       337Gi       8.6Gi       109Gi       434Gi
Swap:             0B          0B          0B

########################################
program versions used
7.3.2 (freesurfer-linux-ubuntu22_x86_64-7.3.2-20220804-6354275)
7.3.2

ProgramName: lta_convert  ProgramArguments: lta_convert -all-info  ProgramVersion: 7.3.2  TimeStamp: 2026/03/10-05:13:43-GMT  BuildTime: Aug  4 2022 06:17:15  BuildStamp: freesurfer-linux-ubuntu22_x86_64-7.3.2-20220804-6354275  User: oesteban  Machine: dna007  Platform: Linux  PlatformVersion: 5.14.0-427.37.1.el9_4.x86_64  CompilerName: GCC  CompilerVersion: 8.4.0
ProgramName: mri_and  ProgramArguments: mri_and -all-info  ProgramVersion: 7.3.2  TimeStamp: 2026/03/10-05:13:43-GMT  BuildTime: Aug  4 2022 06:17:15  BuildStamp: freesurfer-linux-ubuntu22_x86_64-7.3.2-20220804-6354275  User: oesteban  Machine: dna007  Platform: Linux  PlatformVersion: 5.14.0-427.37.1.el9_4.x86_64  CompilerName: GCC  CompilerVersion: 8.4.0
ProgramName: mri_annotation2label  ProgramArguments: mri_annotation2label -all-info  ProgramVersion: 7.3.2  TimeStamp: 2026/03/10-05:13:43-GMT  BuildTime: Aug  4 2022 06:17:15  BuildStamp: freesurfer-linux-ubuntu22_x86_64-7.3.2-20220804-6354275  User: oesteban  Machine: dna007  Platform: Linux  PlatformVersion: 5.14.0-427.37.1.el9_4.x86_64  CompilerName: GCC  CompilerVersion: 8.4.0
ProgramName: mri_aparc2aseg  ProgramArguments: mri_aparc2aseg -all-info  ProgramVersion: 7.3.2  TimeStamp: 2026/03/10-05:13:43-GMT  BuildTime: Aug  4 2022 06:17:15  BuildStamp: freesurfer-linux-ubuntu22_x86_64-7.3.2-20220804-6354275  User: oesteban  Machine: dna007  Platform: Linux  PlatformVersion: 5.14.0-427.37.1.el9_4.x86_64  CompilerName: GCC  CompilerVersion: 8.4.0
ProgramName: mri_surf2volseg  ProgramArguments: mri_surf2volseg -all-info  ProgramVersion: 7.3.2  TimeStamp: 2026/03/10-05:13:43-GMT  BuildTime: Aug  4 2022 06:17:15  BuildStamp: freesurfer-linux-ubuntu22_x86_64-7.3.2-20220804-6354275  User: oesteban  Machine: dna007  Platform: Linux  PlatformVersion: 5.14.0-427.37.1.el9_4.x86_64  CompilerName: GCC  CompilerVersion: 8.4.0
ProgramName: mri_binarize  ProgramArguments: mri_binarize -all-info  ProgramVersion: 7.3.2  TimeStamp: 2026/03/10-05:13:43-GMT  BuildTime: Aug  4 2022 06:17:15  BuildStamp: freesurfer-linux-ubuntu22_x86_64-7.3.2-20220804-6354275  User: oesteban  Machine: dna007  Platform: Linux  PlatformVersion: 5.14.0-427.37.1.el9_4.x86_64  CompilerName: GCC  CompilerVersion: 8.4.0
ProgramName: mri_ca_label  ProgramArguments: mri_ca_label -all-info  ProgramVersion: 7.3.2  TimeStamp: 2026/03/10-05:13:43-GMT  BuildTime: Aug  4 2022 06:17:15  BuildStamp: freesurfer-linux-ubuntu22_x86_64-7.3.2-20220804-6354275  User: oesteban  Machine: dna007  Platform: Linux  PlatformVersion: 5.14.0-427.37.1.el9_4.x86_64  CompilerName: GCC  CompilerVersion: 8.4.0
ProgramName: mri_ca_normalize  ProgramArguments: mri_ca_normalize -all-info  ProgramVersion: 7.3.2  TimeStamp: 2026/03/10-05:13:43-GMT  BuildTime: Aug  4 2022 06:17:15  BuildStamp: freesurfer-linux-ubuntu22_x86_64-7.3.2-20220804-6354275  User: oesteban  Machine: dna007  Platform: Linux  PlatformVersion: 5.14.0-427.37.1.el9_4.x86_64  CompilerName: GCC  CompilerVersion: 8.4.0
ProgramName: mri_ca_register  ProgramArguments: mri_ca_register -all-info  ProgramVersion: 7.3.2  TimeStamp: 2026/03/10-05:13:43-GMT  BuildTime: Aug  4 2022 06:17:15  BuildStamp: freesurfer-linux-ubuntu22_x86_64-7.3.2-20220804-6354275  User: oesteban  Machine: dna007  Platform: Linux  PlatformVersion: 5.14.0-427.37.1.el9_4.x86_64  CompilerName: GCC  CompilerVersion: 8.4.0
ProgramName: mri_cc  ProgramArguments: mri_cc -all-info  ProgramVersion: 7.3.2  TimeStamp: 2026/03/10-05:13:43-GMT  BuildTime: Aug  4 2022 06:17:15  BuildStamp: freesurfer-linux-ubuntu22_x86_64-7.3.2-20220804-6354275  User: oesteban  Machine: dna007  Platform: Linux  PlatformVersion: 5.14.0-427.37.1.el9_4.x86_64  CompilerName: GCC  CompilerVersion: 8.4.0
ProgramName: mri_compute_overlap  ProgramArguments: mri_compute_overlap -all-info  ProgramVersion: 7.3.2  TimeStamp: 2026/03/10-05:13:43-GMT  BuildTime: Aug  4 2022 06:17:15  BuildStamp: freesurfer-linux-ubuntu22_x86_64-7.3.2-20220804-6354275  User: oesteban  Machine: dna007  Platform: Linux  PlatformVersion: 5.14.0-427.37.1.el9_4.x86_64  CompilerName: GCC  CompilerVersion: 8.4.0
ProgramName: mri_compute_seg_overlap  ProgramArguments: mri_compute_seg_overlap -all-info  ProgramVersion: 7.3.2  TimeStamp: 2026/03/10-05:13:43-GMT  BuildTime: Aug  4 2022 06:17:15  BuildStamp: freesurfer-linux-ubuntu22_x86_64-7.3.2-20220804-6354275  User: oesteban  Machine: dna007  Platform: Linux  PlatformVersion: 5.14.0-427.37.1.el9_4.x86_64  CompilerName: GCC  CompilerVersion: 8.4.0
ProgramName: mri_concat  ProgramArguments: mri_concat -all-info  ProgramVersion: 7.3.2  TimeStamp: 2026/03/10-05:13:43-GMT  BuildTime: Aug  4 2022 06:17:15  BuildStamp: freesurfer-linux-ubuntu22_x86_64-7.3.2-20220804-6354275  User: oesteban  Machine: dna007  Platform: Linux  PlatformVersion: 5.14.0-427.37.1.el9_4.x86_64  CompilerName: GCC  CompilerVersion: 8.4.0
ProgramName: mri_concatenate_lta  ProgramArguments: mri_concatenate_lta -all-info  ProgramVersion: 7.3.2  TimeStamp: 2026/03/10-05:13:43-GMT  BuildTime: Aug  4 2022 06:17:15  BuildStamp: freesurfer-linux-ubuntu22_x86_64-7.3.2-20220804-6354275  User: oesteban  Machine: dna007  Platform: Linux  PlatformVersion: 5.14.0-427.37.1.el9_4.x86_64  CompilerName: GCC  CompilerVersion: 8.4.0
mri_convert -all-info 
ProgramName: mri_convert  ProgramArguments: mri_convert -all-info  ProgramVersion: 7.3.2  TimeStamp: 2026/03/10-05:13:43-GMT  BuildTime: Aug  4 2022 06:17:15  BuildStamp: freesurfer-linux-ubuntu22_x86_64-7.3.2-20220804-6354275  User: oesteban  Machine: dna007  Platform: Linux  PlatformVersion: 5.14.0-427.37.1.el9_4.x86_64  CompilerName: GCC  CompilerVersion: 8.4.0
ProgramName: mri_diff  ProgramArguments: mri_diff -all-info  ProgramVersion: 7.3.2  TimeStamp: 2026/03/10-05:13:43-GMT  BuildTime: Aug  4 2022 06:17:15  BuildStamp: freesurfer-linux-ubuntu22_x86_64-7.3.2-20220804-6354275  User: oesteban  Machine: dna007  Platform: Linux  PlatformVersion: 5.14.0-427.37.1.el9_4.x86_64  CompilerName: GCC  CompilerVersion: 8.4.0
ProgramName: mri_edit_wm_with_aseg  ProgramArguments: mri_edit_wm_with_aseg -all-info  ProgramVersion: 7.3.2  TimeStamp: 2026/03/10-05:13:43-GMT  BuildTime: Aug  4 2022 06:17:15  BuildStamp: freesurfer-linux-ubuntu22_x86_64-7.3.2-20220804-6354275  User: oesteban  Machine: dna007  Platform: Linux  PlatformVersion: 5.14.0-427.37.1.el9_4.x86_64  CompilerName: GCC  CompilerVersion: 8.4.0
ProgramName: mri_em_register  ProgramArguments: mri_em_register -all-info  ProgramVersion: 7.3.2  TimeStamp: 2026/03/10-05:13:43-GMT  BuildTime: Aug  4 2022 06:17:15  BuildStamp: freesurfer-linux-ubuntu22_x86_64-7.3.2-20220804-6354275  User: oesteban  Machine: dna007  Platform: Linux  PlatformVersion: 5.14.0-427.37.1.el9_4.x86_64  CompilerName: GCC  CompilerVersion: 8.4.0
ProgramName: mri_fill  ProgramArguments: mri_fill -all-info  ProgramVersion: 7.3.2  TimeStamp: 2026/03/10-05:13:43-GMT  BuildTime: Aug  4 2022 06:17:15  BuildStamp: freesurfer-linux-ubuntu22_x86_64-7.3.2-20220804-6354275  User: oesteban  Machine: dna007  Platform: Linux  PlatformVersion: 5.14.0-427.37.1.el9_4.x86_64  CompilerName: GCC  CompilerVersion: 8.4.0
ProgramName: mri_fuse_segmentations  ProgramArguments: mri_fuse_segmentations -all-info  ProgramVersion: 7.3.2  TimeStamp: 2026/03/10-05:13:43-GMT  BuildTime: Aug  4 2022 06:17:15  BuildStamp: freesurfer-linux-ubuntu22_x86_64-7.3.2-20220804-6354275  User: oesteban  Machine: dna007  Platform: Linux  PlatformVersion: 5.14.0-427.37.1.el9_4.x86_64  CompilerName: GCC  CompilerVersion: 8.4.0
ProgramName: mri_fwhm  ProgramArguments: mri_fwhm -all-info  ProgramVersion: 7.3.2  TimeStamp: 2026/03/10-05:13:43-GMT  BuildTime: Aug  4 2022 06:17:15  BuildStamp: freesurfer-linux-ubuntu22_x86_64-7.3.2-20220804-6354275  User: oesteban  Machine: dna007  Platform: Linux  PlatformVersion: 5.14.0-427.37.1.el9_4.x86_64  CompilerName: GCC  CompilerVersion: 8.4.0
ProgramName: mri_gcut  ProgramArguments: mri_gcut -all-info  ProgramVersion: 7.3.2  TimeStamp: 2026/03/10-05:13:43-GMT  BuildTime: Aug  4 2022 06:17:15  BuildStamp: freesurfer-linux-ubuntu22_x86_64-7.3.2-20220804-6354275  User: oesteban  Machine: dna007  Platform: Linux  PlatformVersion: 5.14.0-427.37.1.el9_4.x86_64  CompilerName: GCC  CompilerVersion: 8.4.0
ProgramName: mri_info  ProgramArguments: mri_info -all-info  ProgramVersion: 7.3.2  TimeStamp: 2026/03/10-05:13:43-GMT  BuildTime: Aug  4 2022 06:17:15  BuildStamp: freesurfer-linux-ubuntu22_x86_64-7.3.2-20220804-6354275  User: oesteban  Machine: dna007  Platform: Linux  PlatformVersion: 5.14.0-427.37.1.el9_4.x86_64  CompilerName: GCC  CompilerVersion: 8.4.0
ProgramName: mri_label2label  ProgramArguments: mri_label2label -all-info  ProgramVersion: 7.3.2  TimeStamp: 2026/03/10-05:13:43-GMT  BuildTime: Aug  4 2022 06:17:15  BuildStamp: freesurfer-linux-ubuntu22_x86_64-7.3.2-20220804-6354275  User: oesteban  Machine: dna007  Platform: Linux  PlatformVersion: 5.14.0-427.37.1.el9_4.x86_64  CompilerName: GCC  CompilerVersion: 8.4.0
ProgramName: mri_label2vol  ProgramArguments: mri_label2vol -all-info  ProgramVersion: 7.3.2  TimeStamp: 2026/03/10-05:13:43-GMT  BuildTime: Aug  4 2022 06:17:15  BuildStamp: freesurfer-linux-ubuntu22_x86_64-7.3.2-20220804-6354275  User: oesteban  Machine: dna007  Platform: Linux  PlatformVersion: 5.14.0-427.37.1.el9_4.x86_64  CompilerName: GCC  CompilerVersion: 8.4.0
ProgramName: mri_log_likelihood  ProgramArguments: mri_log_likelihood -all-info  ProgramVersion: 7.3.2  TimeStamp: 2026/03/10-05:13:43-GMT  BuildTime: Aug  4 2022 06:17:15  BuildStamp: freesurfer-linux-ubuntu22_x86_64-7.3.2-20220804-6354275  User: oesteban  Machine: dna007  Platform: Linux  PlatformVersion: 5.14.0-427.37.1.el9_4.x86_64  CompilerName: GCC  CompilerVersion: 8.4.0
ProgramName: mri_mask  ProgramArguments: mri_mask -all-info  ProgramVersion: 7.3.2  TimeStamp: 2026/03/10-05:13:43-GMT  BuildTime: Aug  4 2022 06:17:15  BuildStamp: freesurfer-linux-ubuntu22_x86_64-7.3.2-20220804-6354275  User: oesteban  Machine: dna007  Platform: Linux  PlatformVersion: 5.14.0-427.37.1.el9_4.x86_64  CompilerName: GCC  CompilerVersion: 8.4.0
ProgramName: mri_matrix_multiply  ProgramArguments: mri_matrix_multiply -all-info  ProgramVersion: 7.3.2  TimeStamp: 2026/03/10-05:13:43-GMT  BuildTime: Aug  4 2022 06:17:15  BuildStamp: freesurfer-linux-ubuntu22_x86_64-7.3.2-20220804-6354275  User: oesteban  Machine: dna007  Platform: Linux  PlatformVersion: 5.14.0-427.37.1.el9_4.x86_64  CompilerName: GCC  CompilerVersion: 8.4.0
ProgramName: mri_normalize  ProgramArguments: mri_normalize -all-info  ProgramVersion: 7.3.2  TimeStamp: 2026/03/10-05:13:43-GMT  BuildTime: Aug  4 2022 06:17:15  BuildStamp: freesurfer-linux-ubuntu22_x86_64-7.3.2-20220804-6354275  User: oesteban  Machine: dna007  Platform: Linux  PlatformVersion: 5.14.0-427.37.1.el9_4.x86_64  CompilerName: GCC  CompilerVersion: 8.4.0
ProgramName: mri_normalize_tp2  ProgramArguments: mri_normalize_tp2 -all-info  ProgramVersion: 7.3.2  TimeStamp: 2026/03/10-05:13:43-GMT  BuildTime: Aug  4 2022 06:17:15  BuildStamp: freesurfer-linux-ubuntu22_x86_64-7.3.2-20220804-6354275  User: oesteban  Machine: dna007  Platform: Linux  PlatformVersion: 5.14.0-427.37.1.el9_4.x86_64  CompilerName: GCC  CompilerVersion: 8.4.0
ProgramName: mri_or  ProgramArguments: mri_or -all-info  ProgramVersion: 7.3.2  TimeStamp: 2026/03/10-05:13:43-GMT  BuildTime: Aug  4 2022 06:17:15  BuildStamp: freesurfer-linux-ubuntu22_x86_64-7.3.2-20220804-6354275  User: oesteban  Machine: dna007  Platform: Linux  PlatformVersion: 5.14.0-427.37.1.el9_4.x86_64  CompilerName: GCC  CompilerVersion: 8.4.0
ProgramName: mri_relabel_hypointensities  ProgramArguments: mri_relabel_hypointensities -all-info  ProgramVersion: 7.3.2  TimeStamp: 2026/03/10-05:13:43-GMT  BuildTime: Aug  4 2022 06:17:15  BuildStamp: freesurfer-linux-ubuntu22_x86_64-7.3.2-20220804-6354275  User: oesteban  Machine: dna007  Platform: Linux  PlatformVersion: 5.14.0-427.37.1.el9_4.x86_64  CompilerName: GCC  CompilerVersion: 8.4.0
ProgramName: mri_relabel_nonwm_hypos  ProgramArguments: mri_relabel_nonwm_hypos -all-info  ProgramVersion: 7.3.2  TimeStamp: 2026/03/10-05:13:43-GMT  BuildTime: Aug  4 2022 06:17:15  BuildStamp: freesurfer-linux-ubuntu22_x86_64-7.3.2-20220804-6354275  User: oesteban  Machine: dna007  Platform: Linux  PlatformVersion: 5.14.0-427.37.1.el9_4.x86_64  CompilerName: GCC  CompilerVersion: 8.4.0
ProgramName: mri_remove_neck  ProgramArguments: mri_remove_neck -all-info  ProgramVersion: 7.3.2  TimeStamp: 2026/03/10-05:13:43-GMT  BuildTime: Aug  4 2022 06:17:15  BuildStamp: freesurfer-linux-ubuntu22_x86_64-7.3.2-20220804-6354275  User: oesteban  Machine: dna007  Platform: Linux  PlatformVersion: 5.14.0-427.37.1.el9_4.x86_64  CompilerName: GCC  CompilerVersion: 8.4.0
7.3.2

ProgramName: mri_robust_register  ProgramArguments: mri_robust_register -all-info  ProgramVersion: 7.3.2  TimeStamp: 2026/03/10-05:13:43-GMT  BuildTime: Aug  4 2022 06:17:15  BuildStamp: freesurfer-linux-ubuntu22_x86_64-7.3.2-20220804-6354275  User: oesteban  Machine: dna007  Platform: Linux  PlatformVersion: 5.14.0-427.37.1.el9_4.x86_64  CompilerName: GCC  CompilerVersion: 8.4.0
7.3.2

ProgramName: mri_robust_template  ProgramArguments: mri_robust_template -all-info  ProgramVersion: 7.3.2  TimeStamp: 2026/03/10-05:13:43-GMT  BuildTime: Aug  4 2022 06:17:15  BuildStamp: freesurfer-linux-ubuntu22_x86_64-7.3.2-20220804-6354275  User: oesteban  Machine: dna007  Platform: Linux  PlatformVersion: 5.14.0-427.37.1.el9_4.x86_64  CompilerName: GCC  CompilerVersion: 8.4.0
ProgramName: mris_anatomical_stats  ProgramArguments: mris_anatomical_stats -all-info  ProgramVersion: 7.3.2  TimeStamp: 2026/03/10-05:13:43-GMT  BuildTime: Aug  4 2022 06:17:15  BuildStamp: freesurfer-linux-ubuntu22_x86_64-7.3.2-20220804-6354275  User: oesteban  Machine: dna007  Platform: Linux  PlatformVersion: 5.14.0-427.37.1.el9_4.x86_64  CompilerName: GCC  CompilerVersion: 8.4.0
ProgramName: mris_ca_label  ProgramArguments: mris_ca_label -all-info  ProgramVersion: 7.3.2  TimeStamp: 2026/03/10-05:13:43-GMT  BuildTime: Aug  4 2022 06:17:15  BuildStamp: freesurfer-linux-ubuntu22_x86_64-7.3.2-20220804-6354275  User: oesteban  Machine: dna007  Platform: Linux  PlatformVersion: 5.14.0-427.37.1.el9_4.x86_64  CompilerName: GCC  CompilerVersion: 8.4.0
ProgramName: mris_calc  ProgramArguments: mris_calc -all-info  ProgramVersion: 7.3.2  TimeStamp: 2026/03/10-05:13:43-GMT  BuildTime: Aug  4 2022 06:17:15  BuildStamp: freesurfer-linux-ubuntu22_x86_64-7.3.2-20220804-6354275  User: oesteban  Machine: dna007  Platform: Linux  PlatformVersion: 5.14.0-427.37.1.el9_4.x86_64  CompilerName: GCC  CompilerVersion: 8.4.0
ProgramName: mris_convert  ProgramArguments: mris_convert -all-info  ProgramVersion: 7.3.2  TimeStamp: 2026/03/10-05:13:43-GMT  BuildTime: Aug  4 2022 06:17:15  BuildStamp: freesurfer-linux-ubuntu22_x86_64-7.3.2-20220804-6354275  User: oesteban  Machine: dna007  Platform: Linux  PlatformVersion: 5.14.0-427.37.1.el9_4.x86_64  CompilerName: GCC  CompilerVersion: 8.4.0
ProgramName: mris_curvature  ProgramArguments: mris_curvature -all-info  ProgramVersion: 7.3.2  TimeStamp: 2026/03/10-05:13:43-GMT  BuildTime: Aug  4 2022 06:17:15  BuildStamp: freesurfer-linux-ubuntu22_x86_64-7.3.2-20220804-6354275  User: oesteban  Machine: dna007  Platform: Linux  PlatformVersion: 5.14.0-427.37.1.el9_4.x86_64  CompilerName: GCC  CompilerVersion: 8.4.0
ProgramName: mris_curvature_stats  ProgramArguments: mris_curvature_stats -all-info  ProgramVersion: 7.3.2  TimeStamp: 2026/03/10-05:13:43-GMT  BuildTime: Aug  4 2022 06:17:15  BuildStamp: freesurfer-linux-ubuntu22_x86_64-7.3.2-20220804-6354275  User: oesteban  Machine: dna007  Platform: Linux  PlatformVersion: 5.14.0-427.37.1.el9_4.x86_64  CompilerName: GCC  CompilerVersion: 8.4.0
ProgramName: mris_diff  ProgramArguments: mris_diff -all-info  ProgramVersion: 7.3.2  TimeStamp: 2026/03/10-05:13:43-GMT  BuildTime: Aug  4 2022 06:17:15  BuildStamp: freesurfer-linux-ubuntu22_x86_64-7.3.2-20220804-6354275  User: oesteban  Machine: dna007  Platform: Linux  PlatformVersion: 5.14.0-427.37.1.el9_4.x86_64  CompilerName: GCC  CompilerVersion: 8.4.0
ProgramName: mris_divide_parcellation  ProgramArguments: mris_divide_parcellation -all-info  ProgramVersion: 7.3.2  TimeStamp: 2026/03/10-05:13:43-GMT  BuildTime: Aug  4 2022 06:17:15  BuildStamp: freesurfer-linux-ubuntu22_x86_64-7.3.2-20220804-6354275  User: oesteban  Machine: dna007  Platform: Linux  PlatformVersion: 5.14.0-427.37.1.el9_4.x86_64  CompilerName: GCC  CompilerVersion: 8.4.0
ProgramName: mri_segment  ProgramArguments: mri_segment -all-info  ProgramVersion: 7.3.2  TimeStamp: 2026/03/10-05:13:43-GMT  BuildTime: Aug  4 2022 06:17:15  BuildStamp: freesurfer-linux-ubuntu22_x86_64-7.3.2-20220804-6354275  User: oesteban  Machine: dna007  Platform: Linux  PlatformVersion: 5.14.0-427.37.1.el9_4.x86_64  CompilerName: GCC  CompilerVersion: 8.4.0
ProgramName: mri_segstats  ProgramArguments: mri_segstats -all-info  ProgramVersion: 7.3.2  TimeStamp: 2026/03/10-05:13:43-GMT  BuildTime: Aug  4 2022 06:17:15  BuildStamp: freesurfer-linux-ubuntu22_x86_64-7.3.2-20220804-6354275  User: oesteban  Machine: dna007  Platform: Linux  PlatformVersion: 5.14.0-427.37.1.el9_4.x86_64  CompilerName: GCC  CompilerVersion: 8.4.0
ProgramName: mris_euler_number  ProgramArguments: mris_euler_number -all-info  ProgramVersion: 7.3.2  TimeStamp: 2026/03/10-05:13:43-GMT  BuildTime: Aug  4 2022 06:17:15  BuildStamp: freesurfer-linux-ubuntu22_x86_64-7.3.2-20220804-6354275  User: oesteban  Machine: dna007  Platform: Linux  PlatformVersion: 5.14.0-427.37.1.el9_4.x86_64  CompilerName: GCC  CompilerVersion: 8.4.0
ProgramName: mris_fix_topology  ProgramArguments: mris_fix_topology -all-info  ProgramVersion: 7.3.2  TimeStamp: 2026/03/10-05:13:43-GMT  BuildTime: Aug  4 2022 06:17:15  BuildStamp: freesurfer-linux-ubuntu22_x86_64-7.3.2-20220804-6354275  User: oesteban  Machine: dna007  Platform: Linux  PlatformVersion: 5.14.0-427.37.1.el9_4.x86_64  CompilerName: GCC  CompilerVersion: 8.4.0
ProgramName: mris_topo_fixer  ProgramArguments: mris_topo_fixer -all-info  ProgramVersion: 7.3.2  TimeStamp: 2026/03/10-05:13:43-GMT  BuildTime: Aug  4 2022 06:17:15  BuildStamp: freesurfer-linux-ubuntu22_x86_64-7.3.2-20220804-6354275  User: oesteban  Machine: dna007  Platform: Linux  PlatformVersion: 5.14.0-427.37.1.el9_4.x86_64  CompilerName: GCC  CompilerVersion: 8.4.0
ProgramName: mris_jacobian  ProgramArguments: mris_jacobian -all-info  ProgramVersion: 7.3.2  TimeStamp: 2026/03/10-05:13:43-GMT  BuildTime: Aug  4 2022 06:17:15  BuildStamp: freesurfer-linux-ubuntu22_x86_64-7.3.2-20220804-6354275  User: oesteban  Machine: dna007  Platform: Linux  PlatformVersion: 5.14.0-427.37.1.el9_4.x86_64  CompilerName: GCC  CompilerVersion: 8.4.0
ProgramName: mris_label2annot  ProgramArguments: mris_label2annot -all-info  ProgramVersion: 7.3.2  TimeStamp: 2026/03/10-05:13:43-GMT  BuildTime: Aug  4 2022 06:17:15  BuildStamp: freesurfer-linux-ubuntu22_x86_64-7.3.2-20220804-6354275  User: oesteban  Machine: dna007  Platform: Linux  PlatformVersion: 5.14.0-427.37.1.el9_4.x86_64  CompilerName: GCC  CompilerVersion: 8.4.0
ProgramName: mris_left_right_register  ProgramArguments: mris_left_right_register -all-info  ProgramVersion: 7.3.2  TimeStamp: 2026/03/10-05:13:43-GMT  BuildTime: Aug  4 2022 06:17:15  BuildStamp: freesurfer-linux-ubuntu22_x86_64-7.3.2-20220804-6354275  User: oesteban  Machine: dna007  Platform: Linux  PlatformVersion: 5.14.0-427.37.1.el9_4.x86_64  CompilerName: GCC  CompilerVersion: 8.4.0
ProgramName: mris_place_surface  ProgramArguments: mris_place_surface -all-info  ProgramVersion: 7.3.2  TimeStamp: 2026/03/10-05:13:43-GMT  BuildTime: Aug  4 2022 06:17:15  BuildStamp: freesurfer-linux-ubuntu22_x86_64-7.3.2-20220804-6354275  User: oesteban  Machine: dna007  Platform: Linux  PlatformVersion: 5.14.0-427.37.1.el9_4.x86_64  CompilerName: GCC  CompilerVersion: 8.4.0
ProgramName: mrisp_paint  ProgramArguments: mrisp_paint -all-info  ProgramVersion: 7.3.2  TimeStamp: 2026/03/10-05:13:43-GMT  BuildTime: Aug  4 2022 06:17:15  BuildStamp: freesurfer-linux-ubuntu22_x86_64-7.3.2-20220804-6354275  User: oesteban  Machine: dna007  Platform: Linux  PlatformVersion: 5.14.0-427.37.1.el9_4.x86_64  CompilerName: GCC  CompilerVersion: 8.4.0
ProgramName: mris_register  ProgramArguments: mris_register -all-info  ProgramVersion: 7.3.2  TimeStamp: 2026/03/10-05:13:43-GMT  BuildTime: Aug  4 2022 06:17:15  BuildStamp: freesurfer-linux-ubuntu22_x86_64-7.3.2-20220804-6354275  User: oesteban  Machine: dna007  Platform: Linux  PlatformVersion: 5.14.0-427.37.1.el9_4.x86_64  CompilerName: GCC  CompilerVersion: 8.4.0
ProgramName: mris_smooth  ProgramArguments: mris_smooth -all-info  ProgramVersion: 7.3.2  TimeStamp: 2026/03/10-05:13:43-GMT  BuildTime: Aug  4 2022 06:17:15  BuildStamp: freesurfer-linux-ubuntu22_x86_64-7.3.2-20220804-6354275  User: oesteban  Machine: dna007  Platform: Linux  PlatformVersion: 5.14.0-427.37.1.el9_4.x86_64  CompilerName: GCC  CompilerVersion: 8.4.0
ProgramName: mris_sphere  ProgramArguments: mris_sphere -all-info  ProgramVersion: 7.3.2  TimeStamp: 2026/03/10-05:13:43-GMT  BuildTime: Aug  4 2022 06:17:15  BuildStamp: freesurfer-linux-ubuntu22_x86_64-7.3.2-20220804-6354275  User: oesteban  Machine: dna007  Platform: Linux  PlatformVersion: 5.14.0-427.37.1.el9_4.x86_64  CompilerName: GCC  CompilerVersion: 8.4.0
ProgramName: mris_surface_stats  ProgramArguments: mris_surface_stats -all-info  ProgramVersion: 7.3.2  TimeStamp: 2026/03/10-05:13:43-GMT  BuildTime: Aug  4 2022 06:17:15  BuildStamp: freesurfer-linux-ubuntu22_x86_64-7.3.2-20220804-6354275  User: oesteban  Machine: dna007  Platform: Linux  PlatformVersion: 5.14.0-427.37.1.el9_4.x86_64  CompilerName: GCC  CompilerVersion: 8.4.0
ProgramName: mri_stats2seg  ProgramArguments: mri_stats2seg -all-info  ProgramVersion: 7.3.2  TimeStamp: 2026/03/10-05:13:43-GMT  BuildTime: Aug  4 2022 06:17:15  BuildStamp: freesurfer-linux-ubuntu22_x86_64-7.3.2-20220804-6354275  User: oesteban  Machine: dna007  Platform: Linux  PlatformVersion: 5.14.0-427.37.1.el9_4.x86_64  CompilerName: GCC  CompilerVersion: 8.4.0
ProgramName: mris_thickness  ProgramArguments: mris_thickness -all-info  ProgramVersion: 7.3.2  TimeStamp: 2026/03/10-05:13:43-GMT  BuildTime: Aug  4 2022 06:17:15  BuildStamp: freesurfer-linux-ubuntu22_x86_64-7.3.2-20220804-6354275  User: oesteban  Machine: dna007  Platform: Linux  PlatformVersion: 5.14.0-427.37.1.el9_4.x86_64  CompilerName: GCC  CompilerVersion: 8.4.0
ProgramName: mris_thickness_diff  ProgramArguments: mris_thickness_diff -all-info  ProgramVersion: 7.3.2  TimeStamp: 2026/03/10-05:13:43-GMT  BuildTime: Aug  4 2022 06:17:15  BuildStamp: freesurfer-linux-ubuntu22_x86_64-7.3.2-20220804-6354275  User: oesteban  Machine: dna007  Platform: Linux  PlatformVersion: 5.14.0-427.37.1.el9_4.x86_64  CompilerName: GCC  CompilerVersion: 8.4.0
ProgramName: mris_topo_fixer  ProgramArguments: mris_topo_fixer -all-info  ProgramVersion: 7.3.2  TimeStamp: 2026/03/10-05:13:43-GMT  BuildTime: Aug  4 2022 06:17:15  BuildStamp: freesurfer-linux-ubuntu22_x86_64-7.3.2-20220804-6354275  User: oesteban  Machine: dna007  Platform: Linux  PlatformVersion: 5.14.0-427.37.1.el9_4.x86_64  CompilerName: GCC  CompilerVersion: 8.4.0
ProgramName: mri_surf2surf  ProgramArguments: mri_surf2surf -all-info  ProgramVersion: 7.3.2  TimeStamp: 2026/03/10-05:13:43-GMT  BuildTime: Aug  4 2022 06:17:15  BuildStamp: freesurfer-linux-ubuntu22_x86_64-7.3.2-20220804-6354275  User: oesteban  Machine: dna007  Platform: Linux  PlatformVersion: 5.14.0-427.37.1.el9_4.x86_64  CompilerName: GCC  CompilerVersion: 8.4.0
ProgramName: mri_surf2vol  ProgramArguments: mri_surf2vol -all-info  ProgramVersion: 7.3.2  TimeStamp: 2026/03/10-05:13:43-GMT  BuildTime: Aug  4 2022 06:17:15  BuildStamp: freesurfer-linux-ubuntu22_x86_64-7.3.2-20220804-6354275  User: oesteban  Machine: dna007  Platform: Linux  PlatformVersion: 5.14.0-427.37.1.el9_4.x86_64  CompilerName: GCC  CompilerVersion: 8.4.0
ProgramName: mri_surfcluster  ProgramArguments: mri_surfcluster -all-info  ProgramVersion: 7.3.2  TimeStamp: 2026/03/10-05:13:43-GMT  BuildTime: Aug  4 2022 06:17:15  BuildStamp: freesurfer-linux-ubuntu22_x86_64-7.3.2-20220804-6354275  User: oesteban  Machine: dna007  Platform: Linux  PlatformVersion: 5.14.0-427.37.1.el9_4.x86_64  CompilerName: GCC  CompilerVersion: 8.4.0
ProgramName: mris_volmask  ProgramArguments: mris_volmask -all-info  ProgramVersion: 7.3.2  TimeStamp: 2026/03/10-05:13:43-GMT  BuildTime: Aug  4 2022 06:17:15  BuildStamp: freesurfer-linux-ubuntu22_x86_64-7.3.2-20220804-6354275  User: oesteban  Machine: dna007  Platform: Linux  PlatformVersion: 5.14.0-427.37.1.el9_4.x86_64  CompilerName: GCC  CompilerVersion: 8.4.0
ProgramName: mri_tessellate  ProgramArguments: mri_tessellate -all-info  ProgramVersion: 7.3.2  TimeStamp: 2026/03/10-05:13:43-GMT  BuildTime: Aug  4 2022 06:17:15  BuildStamp: freesurfer-linux-ubuntu22_x86_64-7.3.2-20220804-6354275  User: oesteban  Machine: dna007  Platform: Linux  PlatformVersion: 5.14.0-427.37.1.el9_4.x86_64  CompilerName: GCC  CompilerVersion: 8.4.0
ProgramName: mri_vol2surf  ProgramArguments: mri_vol2surf -all-info  ProgramVersion: 7.3.2  TimeStamp: 2026/03/10-05:13:43-GMT  BuildTime: Aug  4 2022 06:17:15  BuildStamp: freesurfer-linux-ubuntu22_x86_64-7.3.2-20220804-6354275  User: oesteban  Machine: dna007  Platform: Linux  PlatformVersion: 5.14.0-427.37.1.el9_4.x86_64  CompilerName: GCC  CompilerVersion: 8.4.0
ProgramName: mri_vol2vol  ProgramArguments: mri_vol2vol -all-info  ProgramVersion: 7.3.2  TimeStamp: 2026/03/10-05:13:43-GMT  BuildTime: Aug  4 2022 06:17:15  BuildStamp: freesurfer-linux-ubuntu22_x86_64-7.3.2-20220804-6354275  User: oesteban  Machine: dna007  Platform: Linux  PlatformVersion: 5.14.0-427.37.1.el9_4.x86_64  CompilerName: GCC  CompilerVersion: 8.4.0
ProgramName: mri_voldiff  ProgramArguments: mri_voldiff -all-info  ProgramVersion: 7.3.2  TimeStamp: 2026/03/10-05:13:43-GMT  BuildTime: Aug  4 2022 06:17:15  BuildStamp: freesurfer-linux-ubuntu22_x86_64-7.3.2-20220804-6354275  User: oesteban  Machine: dna007  Platform: Linux  PlatformVersion: 5.14.0-427.37.1.el9_4.x86_64  CompilerName: GCC  CompilerVersion: 8.4.0
ProgramName: mri_watershed  ProgramArguments: mri_watershed -all-info  ProgramVersion: 7.3.2  TimeStamp: 2026/03/10-05:13:43-GMT  BuildTime: Aug  4 2022 06:17:15  BuildStamp: freesurfer-linux-ubuntu22_x86_64-7.3.2-20220804-6354275  User: oesteban  Machine: dna007  Platform: Linux  PlatformVersion: 5.14.0-427.37.1.el9_4.x86_64  CompilerName: GCC  CompilerVersion: 8.4.0
ProgramName: tkregister2  ProgramArguments: tkregister2_cmdl -all-info  ProgramVersion: 7.3.2  TimeStamp: 2026/03/10-05:13:43-GMT  BuildTime: Aug  4 2022 06:17:15  BuildStamp: freesurfer-linux-ubuntu22_x86_64-7.3.2-20220804-6354275  User: oesteban  Machine: dna007  Platform: Linux  PlatformVersion: 5.14.0-427.37.1.el9_4.x86_64  CompilerName: GCC  CompilerVersion: 8.4.0
mri_motion_correct.fsl 7.3.2
mri_convert -all-info 
ProgramName: mri_convert  ProgramArguments: mri_convert -all-info  ProgramVersion: 7.3.2  TimeStamp: 2026/03/10-05:13:43-GMT  BuildTime: Aug  4 2022 06:17:15  BuildStamp: freesurfer-linux-ubuntu22_x86_64-7.3.2-20220804-6354275  User: oesteban  Machine: dna007  Platform: Linux  PlatformVersion: 5.14.0-427.37.1.el9_4.x86_64  CompilerName: GCC  CompilerVersion: 8.4.0
Program nu_correct, built from:
Package MNI N3, version 1.12.0, compiled by nicks@terrier (x86_64-unknown-linux-gnu) on 2015-06-19 at 01:25:34
#######################################
GCADIR /opt/freesurfer/average
GCA RB_all_2020-01-02.gca
GCASkull RB_all_withskull_2020_01_02.gca
AvgCurvTif folding.atlas.acfb40.noaparc.i12.2016-08-02.tif
GCSDIR /opt/freesurfer/average
GCS DKaparc.atlas.acfb40.noaparc.i12.2016-08-02.gcs
#######################################
#-------------------------------------
#@# EM Registration Tue Mar 10 06:13:43 CET 2026
/out/sourcedata/freesurfer/sub-v1s6x0051370_ses-1/mri

 mri_em_register -uns 3 -mask brainmask.mgz nu.mgz /opt/freesurfer/average/RB_all_2020-01-02.gca transforms/talairach.lta 

setting unknown_nbr_spacing = 3
using MR volume brainmask.mgz to mask input volume...

== Number of threads available to mri_em_register for OpenMP = 16 == 
reading 1 input volumes...
logging results to talairach.log
reading '/opt/freesurfer/average/RB_all_2020-01-02.gca'...
GCAread took 0 minutes and 1 seconds.
average std = 7.2   using min determinant for regularization = 5.2
0 singular and 884 ill-conditioned covariance matrices regularized
reading 'nu.mgz'...
MRImask(): AllowDiffGeom = 1
MRImask(): AllowDiffGeom = 1
MRImask(): AllowDiffGeom = 1
MRImask(): AllowDiffGeom = 1
MRImask(): AllowDiffGeom = 1
freeing gibbs priors...done.
accounting for voxel sizes in initial transform
bounding unknown intensity as < 5.9 or > 519.0 
total sample mean = 79.1 (1017 zeros)
************************************************
spacing=8, using 2841 sample points, tol=1.00e-05...
************************************************
register_mri: find_optimal_transform
find_optimal_transform: nsamples 2841, passno 0, spacing 8
resetting wm mean[0]: 98 --> 107
resetting gm mean[0]: 61 --> 61
input volume #1 is the most T1-like
using real data threshold=26.0
skull bounding box = (63, 40, 28) --> (194, 172, 205)
finding center of left hemi white matter
using (107, 84, 117) as brain centroid of Right_Cerebral_White_Matter...
MRImask(): AllowDiffGeom = 1
mean wm in atlas = 107, using box (91,68,95) --> (123, 100,138) to find MRI wm
before smoothing, mri peak at 109
robust fit to distribution - 108 +- 4.1
after smoothing, mri peak at 108, scaling input intensities by 0.991
scaling channel 0 by 0.990741
initial log_p = -4.214
************************************************
First Search limited to translation only.
************************************************
max log p =    -3.995711 @ (-10.526, 10.526, -10.526)
max log p =    -3.604112 @ (5.263, 5.263, 5.263)
max log p =    -3.560049 @ (2.632, 2.632, 2.632)
max log p =    -3.511749 @ (1.316, -1.316, -1.316)
max log p =    -3.511749 @ (0.000, 0.000, 0.000)
max log p =    -3.496762 @ (-0.987, 0.987, -0.329)
max log p =    -3.496762 @ (0.000, 0.000, 0.000)
max log p =    -3.496762 @ (0.000, 0.000, 0.000)
Found translation: (-2.3, 18.1, -4.3): log p = -3.497
****************************************
Nine parameter search.  iteration 0 nscales = 0 ...
****************************************
Result so far: scale 1.000: max_log_p=-3.327, old_max_log_p =-3.497 (thresh=-3.5)
 1.07500   0.00000   0.00000  -11.98550;
 0.00000   1.14016   0.13053  -10.41037;
 0.00000  -0.13885   0.91709   18.87014;
 0.00000   0.00000   0.00000   1.00000;
iteration took 0 minutes and 11 seconds.
****************************************
Nine parameter search.  iteration 1 nscales = 0 ...
****************************************
Result so far: scale 1.000: max_log_p=-3.309, old_max_log_p =-3.327 (thresh=-3.3)
 1.07500   0.00000   0.00000  -11.98550;
 0.00000   1.14016   0.13053  -10.41037;
 0.00000  -0.14926   0.98587   12.37883;
 0.00000   0.00000   0.00000   1.00000;
iteration took 0 minutes and 11 seconds.
****************************************
Nine parameter search.  iteration 2 nscales = 0 ...
****************************************
Result so far: scale 1.000: max_log_p=-3.309, old_max_log_p =-3.309 (thresh=-3.3)
 1.07500   0.00000   0.00000  -11.98550;
 0.00000   1.14016   0.13053  -10.41037;
 0.00000  -0.14926   0.98587   12.37883;
 0.00000   0.00000   0.00000   1.00000;
reducing scale to 0.2500
iteration took 0 minutes and 11 seconds.
****************************************
Nine parameter search.  iteration 3 nscales = 1 ...
****************************************
Result so far: scale 0.250: max_log_p=-3.118, old_max_log_p =-3.309 (thresh=-3.3)
 1.07040   0.06483   0.07288  -25.94688;
-0.06884   1.11701   0.12367  -0.30258;
-0.06767  -0.14336   0.94687   24.79639;
 0.00000   0.00000   0.00000   1.00000;
iteration took 0 minutes and 11 seconds.
****************************************
Nine parameter search.  iteration 4 nscales = 1 ...
****************************************
Result so far: scale 0.250: max_log_p=-3.118, old_max_log_p =-3.118 (thresh=-3.1)
 1.07040   0.06483   0.07288  -25.94688;
-0.06884   1.11701   0.12367  -0.30258;
-0.06767  -0.14336   0.94687   24.79639;
 0.00000   0.00000   0.00000   1.00000;
reducing scale to 0.0625
iteration took 0 minutes and 11 seconds.
****************************************
Nine parameter search.  iteration 5 nscales = 2 ...
****************************************
Result so far: scale 0.062: max_log_p=-3.070, old_max_log_p =-3.118 (thresh=-3.1)
 1.07202   0.02138   0.05221  -18.48465;
-0.02502   1.12014   0.12606  -6.06134;
-0.05009  -0.14211   0.94682   23.34419;
 0.00000   0.00000   0.00000   1.00000;
iteration took 0 minutes and 10 seconds.
****************************************
Nine parameter search.  iteration 6 nscales = 2 ...
****************************************
Result so far: scale 0.062: max_log_p=-3.063, old_max_log_p =-3.070 (thresh=-3.1)
 1.07454   0.02143   0.05233  -18.82517;
-0.02502   1.12014   0.12606  -6.06134;
-0.05009  -0.14211   0.94682   23.34419;
 0.00000   0.00000   0.00000   1.00000;
iteration took 0 minutes and 10 seconds.
****************************************
Nine parameter search.  iteration 7 nscales = 2 ...
****************************************
Result so far: scale 0.062: max_log_p=-3.063, old_max_log_p =-3.063 (thresh=-3.1)
 1.07454   0.02143   0.05233  -18.82517;
-0.02502   1.12014   0.12606  -6.06134;
-0.05009  -0.14211   0.94682   23.34419;
 0.00000   0.00000   0.00000   1.00000;
min search scale 0.025000 reached
***********************************************
Computing MAP estimate using 2841 samples...
***********************************************
dt = 5.00e-06, momentum=0.80, tol=1.00e-05
l_intensity = 1.0000
Aligning input volume to GCA...
Transform matrix
 1.07454   0.02143   0.05233  -18.82517;
-0.02502   1.12014   0.12606  -6.06134;
-0.05009  -0.14211   0.94682   23.34419;
 0.00000   0.00000   0.00000   1.00000;
nsamples 2841
Quasinewton: input matrix
 1.07454   0.02143   0.05233  -18.82517;
-0.02502   1.12014   0.12606  -6.06134;
-0.05009  -0.14211   0.94682   23.34419;
 0.00000   0.00000   0.00000   1.00000;
 IFLAG= -1  LINE SEARCH FAILED. SEE DOCUMENTATION OF ROUTINE MCSRCH ERROR RETURN OF LINE SEARCH: INFO= 3 POSSIBLE CAUSES: FUNCTION OR GRADIENT ARE INCORRECT OR INCORRECT TOLERANCESoutof QuasiNewtonEMA: 010: -log(p) =   -0.0  tol 0.000010
Resulting transform:
 1.07454   0.02143   0.05233  -18.82517;
-0.02502   1.12014   0.12606  -6.06134;
-0.05009  -0.14211   0.94682   23.34419;
 0.00000   0.00000   0.00000   1.00000;

pass 1, spacing 8: log(p) = -3.063 (old=-4.214)
transform before final EM align:
 1.07454   0.02143   0.05233  -18.82517;
-0.02502   1.12014   0.12606  -6.06134;
-0.05009  -0.14211   0.94682   23.34419;
 0.00000   0.00000   0.00000   1.00000;

**************************************************
 EM alignment process ...
 Computing final MAP estimate using 315638 samples. 
**************************************************
dt = 5.00e-06, momentum=0.80, tol=1.00e-07
l_intensity = 1.0000
Aligning input volume to GCA...
Transform matrix
 1.07454   0.02143   0.05233  -18.82517;
-0.02502   1.12014   0.12606  -6.06134;
-0.05009  -0.14211   0.94682   23.34419;
 0.00000   0.00000   0.00000   1.00000;
nsamples 315638
Quasinewton: input matrix
 1.07454   0.02143   0.05233  -18.82517;
-0.02502   1.12014   0.12606  -6.06134;
-0.05009  -0.14211   0.94682   23.34419;
 0.00000   0.00000   0.00000   1.00000;
 IFLAG= -1  LINE SEARCH FAILED. SEE DOCUMENTATION OF ROUTINE MCSRCH ERROR RETURN OF LINE SEARCH: INFO= 6 POSSIBLE CAUSES: FUNCTION OR GRADIENT ARE INCORRECT OR INCORRECT TOLERANCESoutof QuasiNewtonEMA: 012: -log(p) =    3.7  tol 0.000000
final transform:
 1.07454   0.02143   0.05233  -18.82517;
-0.02502   1.12014   0.12606  -6.06134;
-0.05009  -0.14211   0.94682   23.34419;
 0.00000   0.00000   0.00000   1.00000;

writing output transformation to transforms/talairach.lta...
#VMPC# mri_em_register VmPeak  891280
FSRUNTIME@ mri_em_register  0.0324 hours 16 threads
registration took 1 minutes and 57 seconds.

Started at Tue Mar 10 06:13:43 CET 2026 
Ended   at Tue Mar 10 06:15:40 CET 2026
#@#%# recon-all-run-time-hours 0.032
recon-all -s sub-v1s6x0051370_ses-1 finished without error at Tue Mar 10 06:15:40 CET 2026



#New# invocation of recon-all 




Tue Mar 10 06:15:43 CET 2026
cd /out/sourcedata/freesurfer/sub-v1s6x0051370_ses-1
setenv SUBJECTS_DIR /out/sourcedata/freesurfer
/opt/freesurfer/bin/recon-all -autorecon2-volonly -openmp 16 -subjid sub-v1s6x0051370_ses-1 -sd /out/sourcedata/freesurfer -nogcareg

subjid sub-v1s6x0051370_ses-1
setenv SUBJECTS_DIR /out/sourcedata/freesurfer
FREESURFER_HOME /opt/freesurfer
Actual FREESURFER_HOME /opt/freesurfer
build-stamp.txt: freesurfer-linux-ubuntu22_x86_64-7.3.2-20220804-6354275
Linux dna007 5.14.0-427.37.1.el9_4.x86_64 #1 SMP PREEMPT_DYNAMIC Fri Sep 13 12:41:50 EDT 2024 x86_64 x86_64 x86_64 GNU/Linux
cputime      unlimited
filesize     unlimited
datasize     unlimited
stacksize    8192 kbytes
coredumpsize 0 kbytes
memoryuse    67108864 kbytes
vmemoryuse   unlimited
descriptors  1024 
memorylocked unlimited
maxproc      2061970 
maxlocks     unlimited
maxsignal    2061970 
maxmessage   819200 
maxnice      0 
maxrtprio    0 
maxrttime    unlimited

               total        used        free      shared  buff/cache   available
Mem:           503Gi        55Gi       337Gi       8.6Gi       109Gi       434Gi
Swap:             0B          0B          0B

########################################
program versions used
7.3.2 (freesurfer-linux-ubuntu22_x86_64-7.3.2-20220804-6354275)
7.3.2

ProgramName: lta_convert  ProgramArguments: lta_convert -all-info  ProgramVersion: 7.3.2  TimeStamp: 2026/03/10-05:15:43-GMT  BuildTime: Aug  4 2022 06:17:15  BuildStamp: freesurfer-linux-ubuntu22_x86_64-7.3.2-20220804-6354275  User: oesteban  Machine: dna007  Platform: Linux  PlatformVersion: 5.14.0-427.37.1.el9_4.x86_64  CompilerName: GCC  CompilerVersion: 8.4.0
ProgramName: mri_and  ProgramArguments: mri_and -all-info  ProgramVersion: 7.3.2  TimeStamp: 2026/03/10-05:15:43-GMT  BuildTime: Aug  4 2022 06:17:15  BuildStamp: freesurfer-linux-ubuntu22_x86_64-7.3.2-20220804-6354275  User: oesteban  Machine: dna007  Platform: Linux  PlatformVersion: 5.14.0-427.37.1.el9_4.x86_64  CompilerName: GCC  CompilerVersion: 8.4.0
ProgramName: mri_annotation2label  ProgramArguments: mri_annotation2label -all-info  ProgramVersion: 7.3.2  TimeStamp: 2026/03/10-05:15:43-GMT  BuildTime: Aug  4 2022 06:17:15  BuildStamp: freesurfer-linux-ubuntu22_x86_64-7.3.2-20220804-6354275  User: oesteban  Machine: dna007  Platform: Linux  PlatformVersion: 5.14.0-427.37.1.el9_4.x86_64  CompilerName: GCC  CompilerVersion: 8.4.0
ProgramName: mri_aparc2aseg  ProgramArguments: mri_aparc2aseg -all-info  ProgramVersion: 7.3.2  TimeStamp: 2026/03/10-05:15:43-GMT  BuildTime: Aug  4 2022 06:17:15  BuildStamp: freesurfer-linux-ubuntu22_x86_64-7.3.2-20220804-6354275  User: oesteban  Machine: dna007  Platform: Linux  PlatformVersion: 5.14.0-427.37.1.el9_4.x86_64  CompilerName: GCC  CompilerVersion: 8.4.0
ProgramName: mri_surf2volseg  ProgramArguments: mri_surf2volseg -all-info  ProgramVersion: 7.3.2  TimeStamp: 2026/03/10-05:15:43-GMT  BuildTime: Aug  4 2022 06:17:15  BuildStamp: freesurfer-linux-ubuntu22_x86_64-7.3.2-20220804-6354275  User: oesteban  Machine: dna007  Platform: Linux  PlatformVersion: 5.14.0-427.37.1.el9_4.x86_64  CompilerName: GCC  CompilerVersion: 8.4.0
ProgramName: mri_binarize  ProgramArguments: mri_binarize -all-info  ProgramVersion: 7.3.2  TimeStamp: 2026/03/10-05:15:43-GMT  BuildTime: Aug  4 2022 06:17:15  BuildStamp: freesurfer-linux-ubuntu22_x86_64-7.3.2-20220804-6354275  User: oesteban  Machine: dna007  Platform: Linux  PlatformVersion: 5.14.0-427.37.1.el9_4.x86_64  CompilerName: GCC  CompilerVersion: 8.4.0
ProgramName: mri_ca_label  ProgramArguments: mri_ca_label -all-info  ProgramVersion: 7.3.2  TimeStamp: 2026/03/10-05:15:43-GMT  BuildTime: Aug  4 2022 06:17:15  BuildStamp: freesurfer-linux-ubuntu22_x86_64-7.3.2-20220804-6354275  User: oesteban  Machine: dna007  Platform: Linux  PlatformVersion: 5.14.0-427.37.1.el9_4.x86_64  CompilerName: GCC  CompilerVersion: 8.4.0
ProgramName: mri_ca_normalize  ProgramArguments: mri_ca_normalize -all-info  ProgramVersion: 7.3.2  TimeStamp: 2026/03/10-05:15:43-GMT  BuildTime: Aug  4 2022 06:17:15  BuildStamp: freesurfer-linux-ubuntu22_x86_64-7.3.2-20220804-6354275  User: oesteban  Machine: dna007  Platform: Linux  PlatformVersion: 5.14.0-427.37.1.el9_4.x86_64  CompilerName: GCC  CompilerVersion: 8.4.0
ProgramName: mri_ca_register  ProgramArguments: mri_ca_register -all-info  ProgramVersion: 7.3.2  TimeStamp: 2026/03/10-05:15:43-GMT  BuildTime: Aug  4 2022 06:17:15  BuildStamp: freesurfer-linux-ubuntu22_x86_64-7.3.2-20220804-6354275  User: oesteban  Machine: dna007  Platform: Linux  PlatformVersion: 5.14.0-427.37.1.el9_4.x86_64  CompilerName: GCC  CompilerVersion: 8.4.0
ProgramName: mri_cc  ProgramArguments: mri_cc -all-info  ProgramVersion: 7.3.2  TimeStamp: 2026/03/10-05:15:43-GMT  BuildTime: Aug  4 2022 06:17:15  BuildStamp: freesurfer-linux-ubuntu22_x86_64-7.3.2-20220804-6354275  User: oesteban  Machine: dna007  Platform: Linux  PlatformVersion: 5.14.0-427.37.1.el9_4.x86_64  CompilerName: GCC  CompilerVersion: 8.4.0
ProgramName: mri_compute_overlap  ProgramArguments: mri_compute_overlap -all-info  ProgramVersion: 7.3.2  TimeStamp: 2026/03/10-05:15:43-GMT  BuildTime: Aug  4 2022 06:17:15  BuildStamp: freesurfer-linux-ubuntu22_x86_64-7.3.2-20220804-6354275  User: oesteban  Machine: dna007  Platform: Linux  PlatformVersion: 5.14.0-427.37.1.el9_4.x86_64  CompilerName: GCC  CompilerVersion: 8.4.0
ProgramName: mri_compute_seg_overlap  ProgramArguments: mri_compute_seg_overlap -all-info  ProgramVersion: 7.3.2  TimeStamp: 2026/03/10-05:15:43-GMT  BuildTime: Aug  4 2022 06:17:15  BuildStamp: freesurfer-linux-ubuntu22_x86_64-7.3.2-20220804-6354275  User: oesteban  Machine: dna007  Platform: Linux  PlatformVersion: 5.14.0-427.37.1.el9_4.x86_64  CompilerName: GCC  CompilerVersion: 8.4.0
ProgramName: mri_concat  ProgramArguments: mri_concat -all-info  ProgramVersion: 7.3.2  TimeStamp: 2026/03/10-05:15:43-GMT  BuildTime: Aug  4 2022 06:17:15  BuildStamp: freesurfer-linux-ubuntu22_x86_64-7.3.2-20220804-6354275  User: oesteban  Machine: dna007  Platform: Linux  PlatformVersion: 5.14.0-427.37.1.el9_4.x86_64  CompilerName: GCC  CompilerVersion: 8.4.0
ProgramName: mri_concatenate_lta  ProgramArguments: mri_concatenate_lta -all-info  ProgramVersion: 7.3.2  TimeStamp: 2026/03/10-05:15:43-GMT  BuildTime: Aug  4 2022 06:17:15  BuildStamp: freesurfer-linux-ubuntu22_x86_64-7.3.2-20220804-6354275  User: oesteban  Machine: dna007  Platform: Linux  PlatformVersion: 5.14.0-427.37.1.el9_4.x86_64  CompilerName: GCC  CompilerVersion: 8.4.0
mri_convert -all-info 
ProgramName: mri_convert  ProgramArguments: mri_convert -all-info  ProgramVersion: 7.3.2  TimeStamp: 2026/03/10-05:15:43-GMT  BuildTime: Aug  4 2022 06:17:15  BuildStamp: freesurfer-linux-ubuntu22_x86_64-7.3.2-20220804-6354275  User: oesteban  Machine: dna007  Platform: Linux  PlatformVersion: 5.14.0-427.37.1.el9_4.x86_64  CompilerName: GCC  CompilerVersion: 8.4.0
ProgramName: mri_diff  ProgramArguments: mri_diff -all-info  ProgramVersion: 7.3.2  TimeStamp: 2026/03/10-05:15:43-GMT  BuildTime: Aug  4 2022 06:17:15  BuildStamp: freesurfer-linux-ubuntu22_x86_64-7.3.2-20220804-6354275  User: oesteban  Machine: dna007  Platform: Linux  PlatformVersion: 5.14.0-427.37.1.el9_4.x86_64  CompilerName: GCC  CompilerVersion: 8.4.0
ProgramName: mri_edit_wm_with_aseg  ProgramArguments: mri_edit_wm_with_aseg -all-info  ProgramVersion: 7.3.2  TimeStamp: 2026/03/10-05:15:43-GMT  BuildTime: Aug  4 2022 06:17:15  BuildStamp: freesurfer-linux-ubuntu22_x86_64-7.3.2-20220804-6354275  User: oesteban  Machine: dna007  Platform: Linux  PlatformVersion: 5.14.0-427.37.1.el9_4.x86_64  CompilerName: GCC  CompilerVersion: 8.4.0
ProgramName: mri_em_register  ProgramArguments: mri_em_register -all-info  ProgramVersion: 7.3.2  TimeStamp: 2026/03/10-05:15:43-GMT  BuildTime: Aug  4 2022 06:17:15  BuildStamp: freesurfer-linux-ubuntu22_x86_64-7.3.2-20220804-6354275  User: oesteban  Machine: dna007  Platform: Linux  PlatformVersion: 5.14.0-427.37.1.el9_4.x86_64  CompilerName: GCC  CompilerVersion: 8.4.0
ProgramName: mri_fill  ProgramArguments: mri_fill -all-info  ProgramVersion: 7.3.2  TimeStamp: 2026/03/10-05:15:43-GMT  BuildTime: Aug  4 2022 06:17:15  BuildStamp: freesurfer-linux-ubuntu22_x86_64-7.3.2-20220804-6354275  User: oesteban  Machine: dna007  Platform: Linux  PlatformVersion: 5.14.0-427.37.1.el9_4.x86_64  CompilerName: GCC  CompilerVersion: 8.4.0
ProgramName: mri_fuse_segmentations  ProgramArguments: mri_fuse_segmentations -all-info  ProgramVersion: 7.3.2  TimeStamp: 2026/03/10-05:15:43-GMT  BuildTime: Aug  4 2022 06:17:15  BuildStamp: freesurfer-linux-ubuntu22_x86_64-7.3.2-20220804-6354275  User: oesteban  Machine: dna007  Platform: Linux  PlatformVersion: 5.14.0-427.37.1.el9_4.x86_64  CompilerName: GCC  CompilerVersion: 8.4.0
ProgramName: mri_fwhm  ProgramArguments: mri_fwhm -all-info  ProgramVersion: 7.3.2  TimeStamp: 2026/03/10-05:15:43-GMT  BuildTime: Aug  4 2022 06:17:15  BuildStamp: freesurfer-linux-ubuntu22_x86_64-7.3.2-20220804-6354275  User: oesteban  Machine: dna007  Platform: Linux  PlatformVersion: 5.14.0-427.37.1.el9_4.x86_64  CompilerName: GCC  CompilerVersion: 8.4.0
ProgramName: mri_gcut  ProgramArguments: mri_gcut -all-info  ProgramVersion: 7.3.2  TimeStamp: 2026/03/10-05:15:43-GMT  BuildTime: Aug  4 2022 06:17:15  BuildStamp: freesurfer-linux-ubuntu22_x86_64-7.3.2-20220804-6354275  User: oesteban  Machine: dna007  Platform: Linux  PlatformVersion: 5.14.0-427.37.1.el9_4.x86_64  CompilerName: GCC  CompilerVersion: 8.4.0
ProgramName: mri_info  ProgramArguments: mri_info -all-info  ProgramVersion: 7.3.2  TimeStamp: 2026/03/10-05:15:43-GMT  BuildTime: Aug  4 2022 06:17:15  BuildStamp: freesurfer-linux-ubuntu22_x86_64-7.3.2-20220804-6354275  User: oesteban  Machine: dna007  Platform: Linux  PlatformVersion: 5.14.0-427.37.1.el9_4.x86_64  CompilerName: GCC  CompilerVersion: 8.4.0
ProgramName: mri_label2label  ProgramArguments: mri_label2label -all-info  ProgramVersion: 7.3.2  TimeStamp: 2026/03/10-05:15:43-GMT  BuildTime: Aug  4 2022 06:17:15  BuildStamp: freesurfer-linux-ubuntu22_x86_64-7.3.2-20220804-6354275  User: oesteban  Machine: dna007  Platform: Linux  PlatformVersion: 5.14.0-427.37.1.el9_4.x86_64  CompilerName: GCC  CompilerVersion: 8.4.0
ProgramName: mri_label2vol  ProgramArguments: mri_label2vol -all-info  ProgramVersion: 7.3.2  TimeStamp: 2026/03/10-05:15:43-GMT  BuildTime: Aug  4 2022 06:17:15  BuildStamp: freesurfer-linux-ubuntu22_x86_64-7.3.2-20220804-6354275  User: oesteban  Machine: dna007  Platform: Linux  PlatformVersion: 5.14.0-427.37.1.el9_4.x86_64  CompilerName: GCC  CompilerVersion: 8.4.0
ProgramName: mri_log_likelihood  ProgramArguments: mri_log_likelihood -all-info  ProgramVersion: 7.3.2  TimeStamp: 2026/03/10-05:15:43-GMT  BuildTime: Aug  4 2022 06:17:15  BuildStamp: freesurfer-linux-ubuntu22_x86_64-7.3.2-20220804-6354275  User: oesteban  Machine: dna007  Platform: Linux  PlatformVersion: 5.14.0-427.37.1.el9_4.x86_64  CompilerName: GCC  CompilerVersion: 8.4.0
ProgramName: mri_mask  ProgramArguments: mri_mask -all-info  ProgramVersion: 7.3.2  TimeStamp: 2026/03/10-05:15:43-GMT  BuildTime: Aug  4 2022 06:17:15  BuildStamp: freesurfer-linux-ubuntu22_x86_64-7.3.2-20220804-6354275  User: oesteban  Machine: dna007  Platform: Linux  PlatformVersion: 5.14.0-427.37.1.el9_4.x86_64  CompilerName: GCC  CompilerVersion: 8.4.0
ProgramName: mri_matrix_multiply  ProgramArguments: mri_matrix_multiply -all-info  ProgramVersion: 7.3.2  TimeStamp: 2026/03/10-05:15:43-GMT  BuildTime: Aug  4 2022 06:17:15  BuildStamp: freesurfer-linux-ubuntu22_x86_64-7.3.2-20220804-6354275  User: oesteban  Machine: dna007  Platform: Linux  PlatformVersion: 5.14.0-427.37.1.el9_4.x86_64  CompilerName: GCC  CompilerVersion: 8.4.0
ProgramName: mri_normalize  ProgramArguments: mri_normalize -all-info  ProgramVersion: 7.3.2  TimeStamp: 2026/03/10-05:15:43-GMT  BuildTime: Aug  4 2022 06:17:15  BuildStamp: freesurfer-linux-ubuntu22_x86_64-7.3.2-20220804-6354275  User: oesteban  Machine: dna007  Platform: Linux  PlatformVersion: 5.14.0-427.37.1.el9_4.x86_64  CompilerName: GCC  CompilerVersion: 8.4.0
ProgramName: mri_normalize_tp2  ProgramArguments: mri_normalize_tp2 -all-info  ProgramVersion: 7.3.2  TimeStamp: 2026/03/10-05:15:43-GMT  BuildTime: Aug  4 2022 06:17:15  BuildStamp: freesurfer-linux-ubuntu22_x86_64-7.3.2-20220804-6354275  User: oesteban  Machine: dna007  Platform: Linux  PlatformVersion: 5.14.0-427.37.1.el9_4.x86_64  CompilerName: GCC  CompilerVersion: 8.4.0
ProgramName: mri_or  ProgramArguments: mri_or -all-info  ProgramVersion: 7.3.2  TimeStamp: 2026/03/10-05:15:43-GMT  BuildTime: Aug  4 2022 06:17:15  BuildStamp: freesurfer-linux-ubuntu22_x86_64-7.3.2-20220804-6354275  User: oesteban  Machine: dna007  Platform: Linux  PlatformVersion: 5.14.0-427.37.1.el9_4.x86_64  CompilerName: GCC  CompilerVersion: 8.4.0
ProgramName: mri_relabel_hypointensities  ProgramArguments: mri_relabel_hypointensities -all-info  ProgramVersion: 7.3.2  TimeStamp: 2026/03/10-05:15:43-GMT  BuildTime: Aug  4 2022 06:17:15  BuildStamp: freesurfer-linux-ubuntu22_x86_64-7.3.2-20220804-6354275  User: oesteban  Machine: dna007  Platform: Linux  PlatformVersion: 5.14.0-427.37.1.el9_4.x86_64  CompilerName: GCC  CompilerVersion: 8.4.0
ProgramName: mri_relabel_nonwm_hypos  ProgramArguments: mri_relabel_nonwm_hypos -all-info  ProgramVersion: 7.3.2  TimeStamp: 2026/03/10-05:15:43-GMT  BuildTime: Aug  4 2022 06:17:15  BuildStamp: freesurfer-linux-ubuntu22_x86_64-7.3.2-20220804-6354275  User: oesteban  Machine: dna007  Platform: Linux  PlatformVersion: 5.14.0-427.37.1.el9_4.x86_64  CompilerName: GCC  CompilerVersion: 8.4.0
ProgramName: mri_remove_neck  ProgramArguments: mri_remove_neck -all-info  ProgramVersion: 7.3.2  TimeStamp: 2026/03/10-05:15:43-GMT  BuildTime: Aug  4 2022 06:17:15  BuildStamp: freesurfer-linux-ubuntu22_x86_64-7.3.2-20220804-6354275  User: oesteban  Machine: dna007  Platform: Linux  PlatformVersion: 5.14.0-427.37.1.el9_4.x86_64  CompilerName: GCC  CompilerVersion: 8.4.0
7.3.2

ProgramName: mri_robust_register  ProgramArguments: mri_robust_register -all-info  ProgramVersion: 7.3.2  TimeStamp: 2026/03/10-05:15:43-GMT  BuildTime: Aug  4 2022 06:17:15  BuildStamp: freesurfer-linux-ubuntu22_x86_64-7.3.2-20220804-6354275  User: oesteban  Machine: dna007  Platform: Linux  PlatformVersion: 5.14.0-427.37.1.el9_4.x86_64  CompilerName: GCC  CompilerVersion: 8.4.0
7.3.2

ProgramName: mri_robust_template  ProgramArguments: mri_robust_template -all-info  ProgramVersion: 7.3.2  TimeStamp: 2026/03/10-05:15:43-GMT  BuildTime: Aug  4 2022 06:17:15  BuildStamp: freesurfer-linux-ubuntu22_x86_64-7.3.2-20220804-6354275  User: oesteban  Machine: dna007  Platform: Linux  PlatformVersion: 5.14.0-427.37.1.el9_4.x86_64  CompilerName: GCC  CompilerVersion: 8.4.0
ProgramName: mris_anatomical_stats  ProgramArguments: mris_anatomical_stats -all-info  ProgramVersion: 7.3.2  TimeStamp: 2026/03/10-05:15:43-GMT  BuildTime: Aug  4 2022 06:17:15  BuildStamp: freesurfer-linux-ubuntu22_x86_64-7.3.2-20220804-6354275  User: oesteban  Machine: dna007  Platform: Linux  PlatformVersion: 5.14.0-427.37.1.el9_4.x86_64  CompilerName: GCC  CompilerVersion: 8.4.0
ProgramName: mris_ca_label  ProgramArguments: mris_ca_label -all-info  ProgramVersion: 7.3.2  TimeStamp: 2026/03/10-05:15:43-GMT  BuildTime: Aug  4 2022 06:17:15  BuildStamp: freesurfer-linux-ubuntu22_x86_64-7.3.2-20220804-6354275  User: oesteban  Machine: dna007  Platform: Linux  PlatformVersion: 5.14.0-427.37.1.el9_4.x86_64  CompilerName: GCC  CompilerVersion: 8.4.0
ProgramName: mris_calc  ProgramArguments: mris_calc -all-info  ProgramVersion: 7.3.2  TimeStamp: 2026/03/10-05:15:43-GMT  BuildTime: Aug  4 2022 06:17:15  BuildStamp: freesurfer-linux-ubuntu22_x86_64-7.3.2-20220804-6354275  User: oesteban  Machine: dna007  Platform: Linux  PlatformVersion: 5.14.0-427.37.1.el9_4.x86_64  CompilerName: GCC  CompilerVersion: 8.4.0
ProgramName: mris_convert  ProgramArguments: mris_convert -all-info  ProgramVersion: 7.3.2  TimeStamp: 2026/03/10-05:15:43-GMT  BuildTime: Aug  4 2022 06:17:15  BuildStamp: freesurfer-linux-ubuntu22_x86_64-7.3.2-20220804-6354275  User: oesteban  Machine: dna007  Platform: Linux  PlatformVersion: 5.14.0-427.37.1.el9_4.x86_64  CompilerName: GCC  CompilerVersion: 8.4.0
ProgramName: mris_curvature  ProgramArguments: mris_curvature -all-info  ProgramVersion: 7.3.2  TimeStamp: 2026/03/10-05:15:43-GMT  BuildTime: Aug  4 2022 06:17:15  BuildStamp: freesurfer-linux-ubuntu22_x86_64-7.3.2-20220804-6354275  User: oesteban  Machine: dna007  Platform: Linux  PlatformVersion: 5.14.0-427.37.1.el9_4.x86_64  CompilerName: GCC  CompilerVersion: 8.4.0
ProgramName: mris_curvature_stats  ProgramArguments: mris_curvature_stats -all-info  ProgramVersion: 7.3.2  TimeStamp: 2026/03/10-05:15:43-GMT  BuildTime: Aug  4 2022 06:17:15  BuildStamp: freesurfer-linux-ubuntu22_x86_64-7.3.2-20220804-6354275  User: oesteban  Machine: dna007  Platform: Linux  PlatformVersion: 5.14.0-427.37.1.el9_4.x86_64  CompilerName: GCC  CompilerVersion: 8.4.0
ProgramName: mris_diff  ProgramArguments: mris_diff -all-info  ProgramVersion: 7.3.2  TimeStamp: 2026/03/10-05:15:43-GMT  BuildTime: Aug  4 2022 06:17:15  BuildStamp: freesurfer-linux-ubuntu22_x86_64-7.3.2-20220804-6354275  User: oesteban  Machine: dna007  Platform: Linux  PlatformVersion: 5.14.0-427.37.1.el9_4.x86_64  CompilerName: GCC  CompilerVersion: 8.4.0
ProgramName: mris_divide_parcellation  ProgramArguments: mris_divide_parcellation -all-info  ProgramVersion: 7.3.2  TimeStamp: 2026/03/10-05:15:43-GMT  BuildTime: Aug  4 2022 06:17:15  BuildStamp: freesurfer-linux-ubuntu22_x86_64-7.3.2-20220804-6354275  User: oesteban  Machine: dna007  Platform: Linux  PlatformVersion: 5.14.0-427.37.1.el9_4.x86_64  CompilerName: GCC  CompilerVersion: 8.4.0
ProgramName: mri_segment  ProgramArguments: mri_segment -all-info  ProgramVersion: 7.3.2  TimeStamp: 2026/03/10-05:15:43-GMT  BuildTime: Aug  4 2022 06:17:15  BuildStamp: freesurfer-linux-ubuntu22_x86_64-7.3.2-20220804-6354275  User: oesteban  Machine: dna007  Platform: Linux  PlatformVersion: 5.14.0-427.37.1.el9_4.x86_64  CompilerName: GCC  CompilerVersion: 8.4.0
ProgramName: mri_segstats  ProgramArguments: mri_segstats -all-info  ProgramVersion: 7.3.2  TimeStamp: 2026/03/10-05:15:43-GMT  BuildTime: Aug  4 2022 06:17:15  BuildStamp: freesurfer-linux-ubuntu22_x86_64-7.3.2-20220804-6354275  User: oesteban  Machine: dna007  Platform: Linux  PlatformVersion: 5.14.0-427.37.1.el9_4.x86_64  CompilerName: GCC  CompilerVersion: 8.4.0
ProgramName: mris_euler_number  ProgramArguments: mris_euler_number -all-info  ProgramVersion: 7.3.2  TimeStamp: 2026/03/10-05:15:43-GMT  BuildTime: Aug  4 2022 06:17:15  BuildStamp: freesurfer-linux-ubuntu22_x86_64-7.3.2-20220804-6354275  User: oesteban  Machine: dna007  Platform: Linux  PlatformVersion: 5.14.0-427.37.1.el9_4.x86_64  CompilerName: GCC  CompilerVersion: 8.4.0
ProgramName: mris_fix_topology  ProgramArguments: mris_fix_topology -all-info  ProgramVersion: 7.3.2  TimeStamp: 2026/03/10-05:15:43-GMT  BuildTime: Aug  4 2022 06:17:15  BuildStamp: freesurfer-linux-ubuntu22_x86_64-7.3.2-20220804-6354275  User: oesteban  Machine: dna007  Platform: Linux  PlatformVersion: 5.14.0-427.37.1.el9_4.x86_64  CompilerName: GCC  CompilerVersion: 8.4.0
ProgramName: mris_topo_fixer  ProgramArguments: mris_topo_fixer -all-info  ProgramVersion: 7.3.2  TimeStamp: 2026/03/10-05:15:43-GMT  BuildTime: Aug  4 2022 06:17:15  BuildStamp: freesurfer-linux-ubuntu22_x86_64-7.3.2-20220804-6354275  User: oesteban  Machine: dna007  Platform: Linux  PlatformVersion: 5.14.0-427.37.1.el9_4.x86_64  CompilerName: GCC  CompilerVersion: 8.4.0
ProgramName: mris_jacobian  ProgramArguments: mris_jacobian -all-info  ProgramVersion: 7.3.2  TimeStamp: 2026/03/10-05:15:43-GMT  BuildTime: Aug  4 2022 06:17:15  BuildStamp: freesurfer-linux-ubuntu22_x86_64-7.3.2-20220804-6354275  User: oesteban  Machine: dna007  Platform: Linux  PlatformVersion: 5.14.0-427.37.1.el9_4.x86_64  CompilerName: GCC  CompilerVersion: 8.4.0
ProgramName: mris_label2annot  ProgramArguments: mris_label2annot -all-info  ProgramVersion: 7.3.2  TimeStamp: 2026/03/10-05:15:43-GMT  BuildTime: Aug  4 2022 06:17:15  BuildStamp: freesurfer-linux-ubuntu22_x86_64-7.3.2-20220804-6354275  User: oesteban  Machine: dna007  Platform: Linux  PlatformVersion: 5.14.0-427.37.1.el9_4.x86_64  CompilerName: GCC  CompilerVersion: 8.4.0
ProgramName: mris_left_right_register  ProgramArguments: mris_left_right_register -all-info  ProgramVersion: 7.3.2  TimeStamp: 2026/03/10-05:15:43-GMT  BuildTime: Aug  4 2022 06:17:15  BuildStamp: freesurfer-linux-ubuntu22_x86_64-7.3.2-20220804-6354275  User: oesteban  Machine: dna007  Platform: Linux  PlatformVersion: 5.14.0-427.37.1.el9_4.x86_64  CompilerName: GCC  CompilerVersion: 8.4.0
ProgramName: mris_place_surface  ProgramArguments: mris_place_surface -all-info  ProgramVersion: 7.3.2  TimeStamp: 2026/03/10-05:15:43-GMT  BuildTime: Aug  4 2022 06:17:15  BuildStamp: freesurfer-linux-ubuntu22_x86_64-7.3.2-20220804-6354275  User: oesteban  Machine: dna007  Platform: Linux  PlatformVersion: 5.14.0-427.37.1.el9_4.x86_64  CompilerName: GCC  CompilerVersion: 8.4.0
ProgramName: mrisp_paint  ProgramArguments: mrisp_paint -all-info  ProgramVersion: 7.3.2  TimeStamp: 2026/03/10-05:15:43-GMT  BuildTime: Aug  4 2022 06:17:15  BuildStamp: freesurfer-linux-ubuntu22_x86_64-7.3.2-20220804-6354275  User: oesteban  Machine: dna007  Platform: Linux  PlatformVersion: 5.14.0-427.37.1.el9_4.x86_64  CompilerName: GCC  CompilerVersion: 8.4.0
ProgramName: mris_register  ProgramArguments: mris_register -all-info  ProgramVersion: 7.3.2  TimeStamp: 2026/03/10-05:15:43-GMT  BuildTime: Aug  4 2022 06:17:15  BuildStamp: freesurfer-linux-ubuntu22_x86_64-7.3.2-20220804-6354275  User: oesteban  Machine: dna007  Platform: Linux  PlatformVersion: 5.14.0-427.37.1.el9_4.x86_64  CompilerName: GCC  CompilerVersion: 8.4.0
ProgramName: mris_smooth  ProgramArguments: mris_smooth -all-info  ProgramVersion: 7.3.2  TimeStamp: 2026/03/10-05:15:43-GMT  BuildTime: Aug  4 2022 06:17:15  BuildStamp: freesurfer-linux-ubuntu22_x86_64-7.3.2-20220804-6354275  User: oesteban  Machine: dna007  Platform: Linux  PlatformVersion: 5.14.0-427.37.1.el9_4.x86_64  CompilerName: GCC  CompilerVersion: 8.4.0
ProgramName: mris_sphere  ProgramArguments: mris_sphere -all-info  ProgramVersion: 7.3.2  TimeStamp: 2026/03/10-05:15:43-GMT  BuildTime: Aug  4 2022 06:17:15  BuildStamp: freesurfer-linux-ubuntu22_x86_64-7.3.2-20220804-6354275  User: oesteban  Machine: dna007  Platform: Linux  PlatformVersion: 5.14.0-427.37.1.el9_4.x86_64  CompilerName: GCC  CompilerVersion: 8.4.0
ProgramName: mris_surface_stats  ProgramArguments: mris_surface_stats -all-info  ProgramVersion: 7.3.2  TimeStamp: 2026/03/10-05:15:43-GMT  BuildTime: Aug  4 2022 06:17:15  BuildStamp: freesurfer-linux-ubuntu22_x86_64-7.3.2-20220804-6354275  User: oesteban  Machine: dna007  Platform: Linux  PlatformVersion: 5.14.0-427.37.1.el9_4.x86_64  CompilerName: GCC  CompilerVersion: 8.4.0
ProgramName: mri_stats2seg  ProgramArguments: mri_stats2seg -all-info  ProgramVersion: 7.3.2  TimeStamp: 2026/03/10-05:15:43-GMT  BuildTime: Aug  4 2022 06:17:15  BuildStamp: freesurfer-linux-ubuntu22_x86_64-7.3.2-20220804-6354275  User: oesteban  Machine: dna007  Platform: Linux  PlatformVersion: 5.14.0-427.37.1.el9_4.x86_64  CompilerName: GCC  CompilerVersion: 8.4.0
ProgramName: mris_thickness  ProgramArguments: mris_thickness -all-info  ProgramVersion: 7.3.2  TimeStamp: 2026/03/10-05:15:43-GMT  BuildTime: Aug  4 2022 06:17:15  BuildStamp: freesurfer-linux-ubuntu22_x86_64-7.3.2-20220804-6354275  User: oesteban  Machine: dna007  Platform: Linux  PlatformVersion: 5.14.0-427.37.1.el9_4.x86_64  CompilerName: GCC  CompilerVersion: 8.4.0
ProgramName: mris_thickness_diff  ProgramArguments: mris_thickness_diff -all-info  ProgramVersion: 7.3.2  TimeStamp: 2026/03/10-05:15:43-GMT  BuildTime: Aug  4 2022 06:17:15  BuildStamp: freesurfer-linux-ubuntu22_x86_64-7.3.2-20220804-6354275  User: oesteban  Machine: dna007  Platform: Linux  PlatformVersion: 5.14.0-427.37.1.el9_4.x86_64  CompilerName: GCC  CompilerVersion: 8.4.0
ProgramName: mris_topo_fixer  ProgramArguments: mris_topo_fixer -all-info  ProgramVersion: 7.3.2  TimeStamp: 2026/03/10-05:15:43-GMT  BuildTime: Aug  4 2022 06:17:15  BuildStamp: freesurfer-linux-ubuntu22_x86_64-7.3.2-20220804-6354275  User: oesteban  Machine: dna007  Platform: Linux  PlatformVersion: 5.14.0-427.37.1.el9_4.x86_64  CompilerName: GCC  CompilerVersion: 8.4.0
ProgramName: mri_surf2surf  ProgramArguments: mri_surf2surf -all-info  ProgramVersion: 7.3.2  TimeStamp: 2026/03/10-05:15:43-GMT  BuildTime: Aug  4 2022 06:17:15  BuildStamp: freesurfer-linux-ubuntu22_x86_64-7.3.2-20220804-6354275  User: oesteban  Machine: dna007  Platform: Linux  PlatformVersion: 5.14.0-427.37.1.el9_4.x86_64  CompilerName: GCC  CompilerVersion: 8.4.0
ProgramName: mri_surf2vol  ProgramArguments: mri_surf2vol -all-info  ProgramVersion: 7.3.2  TimeStamp: 2026/03/10-05:15:43-GMT  BuildTime: Aug  4 2022 06:17:15  BuildStamp: freesurfer-linux-ubuntu22_x86_64-7.3.2-20220804-6354275  User: oesteban  Machine: dna007  Platform: Linux  PlatformVersion: 5.14.0-427.37.1.el9_4.x86_64  CompilerName: GCC  CompilerVersion: 8.4.0
ProgramName: mri_surfcluster  ProgramArguments: mri_surfcluster -all-info  ProgramVersion: 7.3.2  TimeStamp: 2026/03/10-05:15:43-GMT  BuildTime: Aug  4 2022 06:17:15  BuildStamp: freesurfer-linux-ubuntu22_x86_64-7.3.2-20220804-6354275  User: oesteban  Machine: dna007  Platform: Linux  PlatformVersion: 5.14.0-427.37.1.el9_4.x86_64  CompilerName: GCC  CompilerVersion: 8.4.0
ProgramName: mris_volmask  ProgramArguments: mris_volmask -all-info  ProgramVersion: 7.3.2  TimeStamp: 2026/03/10-05:15:43-GMT  BuildTime: Aug  4 2022 06:17:15  BuildStamp: freesurfer-linux-ubuntu22_x86_64-7.3.2-20220804-6354275  User: oesteban  Machine: dna007  Platform: Linux  PlatformVersion: 5.14.0-427.37.1.el9_4.x86_64  CompilerName: GCC  CompilerVersion: 8.4.0
ProgramName: mri_tessellate  ProgramArguments: mri_tessellate -all-info  ProgramVersion: 7.3.2  TimeStamp: 2026/03/10-05:15:43-GMT  BuildTime: Aug  4 2022 06:17:15  BuildStamp: freesurfer-linux-ubuntu22_x86_64-7.3.2-20220804-6354275  User: oesteban  Machine: dna007  Platform: Linux  PlatformVersion: 5.14.0-427.37.1.el9_4.x86_64  CompilerName: GCC  CompilerVersion: 8.4.0
ProgramName: mri_vol2surf  ProgramArguments: mri_vol2surf -all-info  ProgramVersion: 7.3.2  TimeStamp: 2026/03/10-05:15:43-GMT  BuildTime: Aug  4 2022 06:17:15  BuildStamp: freesurfer-linux-ubuntu22_x86_64-7.3.2-20220804-6354275  User: oesteban  Machine: dna007  Platform: Linux  PlatformVersion: 5.14.0-427.37.1.el9_4.x86_64  CompilerName: GCC  CompilerVersion: 8.4.0
ProgramName: mri_vol2vol  ProgramArguments: mri_vol2vol -all-info  ProgramVersion: 7.3.2  TimeStamp: 2026/03/10-05:15:43-GMT  BuildTime: Aug  4 2022 06:17:15  BuildStamp: freesurfer-linux-ubuntu22_x86_64-7.3.2-20220804-6354275  User: oesteban  Machine: dna007  Platform: Linux  PlatformVersion: 5.14.0-427.37.1.el9_4.x86_64  CompilerName: GCC  CompilerVersion: 8.4.0
ProgramName: mri_voldiff  ProgramArguments: mri_voldiff -all-info  ProgramVersion: 7.3.2  TimeStamp: 2026/03/10-05:15:43-GMT  BuildTime: Aug  4 2022 06:17:15  BuildStamp: freesurfer-linux-ubuntu22_x86_64-7.3.2-20220804-6354275  User: oesteban  Machine: dna007  Platform: Linux  PlatformVersion: 5.14.0-427.37.1.el9_4.x86_64  CompilerName: GCC  CompilerVersion: 8.4.0
ProgramName: mri_watershed  ProgramArguments: mri_watershed -all-info  ProgramVersion: 7.3.2  TimeStamp: 2026/03/10-05:15:43-GMT  BuildTime: Aug  4 2022 06:17:15  BuildStamp: freesurfer-linux-ubuntu22_x86_64-7.3.2-20220804-6354275  User: oesteban  Machine: dna007  Platform: Linux  PlatformVersion: 5.14.0-427.37.1.el9_4.x86_64  CompilerName: GCC  CompilerVersion: 8.4.0
ProgramName: tkregister2  ProgramArguments: tkregister2_cmdl -all-info  ProgramVersion: 7.3.2  TimeStamp: 2026/03/10-05:15:43-GMT  BuildTime: Aug  4 2022 06:17:15  BuildStamp: freesurfer-linux-ubuntu22_x86_64-7.3.2-20220804-6354275  User: oesteban  Machine: dna007  Platform: Linux  PlatformVersion: 5.14.0-427.37.1.el9_4.x86_64  CompilerName: GCC  CompilerVersion: 8.4.0
mri_motion_correct.fsl 7.3.2
mri_convert -all-info 
ProgramName: mri_convert  ProgramArguments: mri_convert -all-info  ProgramVersion: 7.3.2  TimeStamp: 2026/03/10-05:15:43-GMT  BuildTime: Aug  4 2022 06:17:15  BuildStamp: freesurfer-linux-ubuntu22_x86_64-7.3.2-20220804-6354275  User: oesteban  Machine: dna007  Platform: Linux  PlatformVersion: 5.14.0-427.37.1.el9_4.x86_64  CompilerName: GCC  CompilerVersion: 8.4.0
Program nu_correct, built from:
Package MNI N3, version 1.12.0, compiled by nicks@terrier (x86_64-unknown-linux-gnu) on 2015-06-19 at 01:25:34
#######################################
GCADIR /opt/freesurfer/average
GCA RB_all_2020-01-02.gca
GCASkull RB_all_withskull_2020_01_02.gca
AvgCurvTif folding.atlas.acfb40.noaparc.i12.2016-08-02.tif
GCSDIR /opt/freesurfer/average
GCS DKaparc.atlas.acfb40.noaparc.i12.2016-08-02.gcs
#######################################
#--------------------------------------
#@# CA Normalize Tue Mar 10 06:15:43 CET 2026
/out/sourcedata/freesurfer/sub-v1s6x0051370_ses-1/mri

 mri_ca_normalize -c ctrl_pts.mgz -mask brainmask.mgz nu.mgz /opt/freesurfer/average/RB_all_2020-01-02.gca transforms/talairach.lta norm.mgz 

writing control point volume to ctrl_pts.mgz
using MR volume brainmask.mgz to mask input volume...
reading 1 input volume
reading atlas from '/opt/freesurfer/average/RB_all_2020-01-02.gca'...
reading transform from 'transforms/talairach.lta'...
reading input volume from nu.mgz...
resetting wm mean[0]: 98 --> 107
resetting gm mean[0]: 61 --> 61
input volume #1 is the most T1-like
using real data threshold=26.0
skull bounding box = (63, 40, 28) --> (194, 172, 205)
finding center of left hemi white matter
using (107, 84, 117) as brain centroid of Right_Cerebral_White_Matter...
mean wm in atlas = 107, using box (91,68,95) --> (123, 100,138) to find MRI wm
before smoothing, mri peak at 109
robust fit to distribution - 108 +- 4.1
after smoothing, mri peak at 108, scaling input intensities by 0.991
scaling channel 0 by 0.990741
using 246437 sample points...
INFO: compute sample coordinates transform
 1.07454   0.02143   0.05233  -18.82517;
-0.02502   1.12014   0.12606  -6.06134;
-0.05009  -0.14211   0.94682   23.34419;
 0.00000   0.00000   0.00000   1.00000;
INFO: transform used
finding control points in Left_Cerebral_White_Matter....
found 40230 control points for structure...
bounding box (126, 43, 28) --> (190, 146, 203)
Left_Cerebral_White_Matter: limiting intensities to 95.0 --> 132.0
1 of 6383 (0.0%) samples deleted
finding control points in Right_Cerebral_White_Matter....
found 39478 control points for structure...
bounding box (67, 44, 26) --> (129, 146, 202)
Right_Cerebral_White_Matter: limiting intensities to 94.0 --> 132.0
5 of 6077 (0.1%) samples deleted
finding control points in Left_Cerebellum_White_Matter....
found 3105 control points for structure...
bounding box (130, 119, 56) --> (174, 161, 112)
Left_Cerebellum_White_Matter: limiting intensities to 96.0 --> 132.0
0 of 86 (0.0%) samples deleted
finding control points in Right_Cerebellum_White_Matter....
found 2710 control points for structure...
bounding box (87, 119, 51) --> (129, 159, 112)
Right_Cerebellum_White_Matter: limiting intensities to 99.0 --> 132.0
0 of 143 (0.0%) samples deleted
finding control points in Brain_Stem....
found 3475 control points for structure...
bounding box (112, 112, 92) --> (144, 174, 124)
Brain_Stem: limiting intensities to 90.0 --> 132.0
0 of 339 (0.0%) samples deleted
using 13028 total control points for intensity normalization...
bias field = 0.987 +- 0.054
154 of 13022 control points discarded
finding control points in Left_Cerebral_White_Matter....
found 40230 control points for structure...
bounding box (126, 43, 28) --> (190, 146, 203)
Left_Cerebral_White_Matter: limiting intensities to 92.0 --> 132.0
3 of 6658 (0.0%) samples deleted
finding control points in Right_Cerebral_White_Matter....
found 39478 control points for structure...
bounding box (67, 44, 26) --> (129, 146, 202)
Right_Cerebral_White_Matter: limiting intensities to 91.0 --> 132.0
8 of 6359 (0.1%) samples deleted
finding control points in Left_Cerebellum_White_Matter....
found 3105 control points for structure...
bounding box (130, 119, 56) --> (174, 161, 112)
Left_Cerebellum_White_Matter: limiting intensities to 88.0 --> 132.0
0 of 155 (0.0%) samples deleted
finding control points in Right_Cerebellum_White_Matter....
found 2710 control points for structure...
bounding box (87, 119, 51) --> (129, 159, 112)
Right_Cerebellum_White_Matter: limiting intensities to 88.0 --> 132.0
0 of 236 (0.0%) samples deleted
finding control points in Brain_Stem....
found 3475 control points for structure...
bounding box (112, 112, 92) --> (144, 174, 124)
Brain_Stem: limiting intensities to 88.0 --> 132.0
19 of 412 (4.6%) samples deleted
using 13820 total control points for intensity normalization...
bias field = 1.013 +- 0.046
78 of 13678 control points discarded
finding control points in Left_Cerebral_White_Matter....
found 40230 control points for structure...
bounding box (126, 43, 28) --> (190, 146, 203)
Left_Cerebral_White_Matter: limiting intensities to 91.0 --> 132.0
0 of 6608 (0.0%) samples deleted
finding control points in Right_Cerebral_White_Matter....
found 39478 control points for structure...
bounding box (67, 44, 26) --> (129, 146, 202)
Right_Cerebral_White_Matter: limiting intensities to 91.0 --> 132.0
6 of 6242 (0.1%) samples deleted
finding control points in Left_Cerebellum_White_Matter....
found 3105 control points for structure...
bounding box (130, 119, 56) --> (174, 161, 112)
Left_Cerebellum_White_Matter: limiting intensities to 88.0 --> 132.0
27 of 184 (14.7%) samples deleted
finding control points in Right_Cerebellum_White_Matter....
found 2710 control points for structure...
bounding box (87, 119, 51) --> (129, 159, 112)
Right_Cerebellum_White_Matter: limiting intensities to 88.0 --> 132.0
26 of 283 (9.2%) samples deleted
finding control points in Brain_Stem....
found 3475 control points for structure...
bounding box (112, 112, 92) --> (144, 174, 124)
Brain_Stem: limiting intensities to 88.0 --> 132.0
196 of 507 (38.7%) samples deleted
using 13824 total control points for intensity normalization...
bias field = 1.011 +- 0.039
34 of 13318 control points discarded
writing normalized volume to norm.mgz...
writing control points to ctrl_pts.mgz
freeing GCA...done.
normalization took 1 minutes and 23 seconds.
#--------------------------------------
#@# CA Reg Tue Mar 10 06:17:07 CET 2026
/out/sourcedata/freesurfer/sub-v1s6x0051370_ses-1/mri

 mri_ca_register -nobigventricles -T transforms/talairach.lta -align-after -mask brainmask.mgz norm.mgz /opt/freesurfer/average/RB_all_2020-01-02.gca transforms/talairach.m3z 

not handling expanded ventricles...
using previously computed transform transforms/talairach.lta
renormalizing sequences with structure alignment, equivalent to:
	-renormalize
	-regularize_mean 0.500
	-regularize 0.500
using MR volume brainmask.mgz to mask input volume...

== Number of threads available to mri_ca_register for OpenMP = 16 == 
reading 1 input volumes...
logging results to talairach.log
reading input volume 'norm.mgz'...
reading GCA '/opt/freesurfer/average/RB_all_2020-01-02.gca'...
label assignment complete, 0 changed (0.00%)
freeing gibbs priors...done.
average std[0] = 5.0
Starting GCAMregister()
label assignment complete, 0 changed (0.00%)
npasses = 1, nlevels = 6
#pass# 1 of 1 ************************
enabling zero nodes
setting smoothness cost coefficient to 0.156

#GCAMreg# pass 0 level1 5 level2 0 tsec 0 sigma 2
l_jacobian=1.00 l_label=1.00 l_log_likelihood=0.20 l_smoothness=0.16 
tol=2.50e-01, dt=5.00e-02, exp_k=20.0, momentum=0.90, levels=6, niter=500, lbl_dist=10.00, avgs=256, sigma=2.0,type=2, relabel=0, neg=no

blurring input image with Gaussian with sigma=2.000...
GCAMRegisterLevel(): init RMS 0.749801
#FOTS# QuadFit found better minimum quadopt=(dt=199.05,rms=0.707208) vs oldopt=(dt=92.48,rms=0.719504)
#GCMRL#    0 dt 199.049914 rms  0.707  5.681% neg 0  invalid 762 tFOTS 5.3650 tGradient 3.4700 tsec 9.2020
#FOTS# QuadFit found better minimum quadopt=(dt=137.366,rms=0.695526) vs oldopt=(dt=92.48,rms=0.696991)
#GCMRL#    1 dt 137.365854 rms  0.696  1.652% neg 0  invalid 762 tFOTS 4.6790 tGradient 3.0150 tsec 8.0200
#FOTS# QuadFit found better minimum quadopt=(dt=295.936,rms=0.687333) vs oldopt=(dt=369.92,rms=0.687831)
#GCMRL#    2 dt 295.936000 rms  0.687  1.178% neg 0  invalid 762 tFOTS 4.8280 tGradient 3.0020 tsec 8.1660
#FOTS# QuadFit found better minimum quadopt=(dt=110.976,rms=0.683654) vs oldopt=(dt=92.48,rms=0.683784)
#GCMRL#    3 dt 110.976000 rms  0.684  0.535% neg 0  invalid 762 tFOTS 4.9640 tGradient 2.8120 tsec 8.0990
#FOTS# QuadFit found better minimum quadopt=(dt=517.888,rms=0.67887) vs oldopt=(dt=369.92,rms=0.679642)
#GCMRL#    4 dt 517.888000 rms  0.679  0.700% neg 0  invalid 762 tFOTS 4.5050 tGradient 2.8790 tsec 7.7070
#FOTS# QuadFit found better minimum quadopt=(dt=110.976,rms=0.677163) vs oldopt=(dt=92.48,rms=0.677182)
#GCMRL#    5 dt 110.976000 rms  0.677  0.251% neg 0  invalid 762 tFOTS 4.8800 tGradient 3.1240 tsec 8.3270
#FOTS# QuadFit found better minimum quadopt=(dt=517.888,rms=0.674982) vs oldopt=(dt=369.92,rms=0.67527)
#GCMRL#    6 dt 517.888000 rms  0.675  0.322% neg 0  invalid 762 tFOTS 4.5200 tGradient 2.9510 tsec 7.7980
#GCMRL#    7 dt  92.480000 rms  0.674  0.000% neg 0  invalid 762 tFOTS 4.8950 tGradient 2.9630 tsec 8.2140
#GCMRL#    8 dt  92.480000 rms  0.674  0.043% neg 0  invalid 762 tFOTS 0.0000 tGradient 2.8630 tsec 3.1870
#GCMRL#    9 dt  92.480000 rms  0.673  0.079% neg 0  invalid 762 tFOTS 0.0000 tGradient 2.8930 tsec 3.2150
#GCMRL#   10 dt  92.480000 rms  0.673  0.112% neg 0  invalid 762 tFOTS 0.0000 tGradient 2.9650 tsec 3.2840
#GCMRL#   11 dt  92.480000 rms  0.672  0.131% neg 0  invalid 762 tFOTS 0.0000 tGradient 2.8070 tsec 3.1650
#GCMRL#   12 dt  92.480000 rms  0.671  0.133% neg 0  invalid 762 tFOTS 0.0000 tGradient 3.0970 tsec 3.4380
#GCMRL#   13 dt  92.480000 rms  0.670  0.129% neg 0  invalid 762 tFOTS 0.0000 tGradient 3.0240 tsec 3.3600
#GCMRL#   14 dt  92.480000 rms  0.669  0.121% neg 0  invalid 762 tFOTS 0.0000 tGradient 3.1110 tsec 3.4360
#GCMRL#   15 dt  92.480000 rms  0.668  0.102% neg 0  invalid 762 tFOTS 0.0000 tGradient 3.0090 tsec 3.3500
#FOTS# QuadFit found better minimum quadopt=(dt=2071.55,rms=0.667756) vs oldopt=(dt=1479.68,rms=0.667796)
#GCMRL#   16 dt 2071.552000 rms  0.668  0.000% neg 0  invalid 762 tFOTS 4.6310 tGradient 3.0150 tsec 8.0080

#GCAMreg# pass 0 level1 5 level2 1 tsec 113.624 sigma 0.5
l_jacobian=1.00 l_label=1.00 l_log_likelihood=0.20 l_smoothness=0.16 
tol=2.50e-01, dt=5.00e-02, exp_k=20.0, momentum=0.90, levels=6, niter=500, lbl_dist=10.00, avgs=256, sigma=0.5,type=2, relabel=0, neg=no

blurring input image with Gaussian with sigma=0.500...
GCAMRegisterLevel(): init RMS 0.668272
#GCMRL#   18 dt 369.920000 rms  0.665  0.475% neg 0  invalid 762 tFOTS 4.4770 tGradient 3.1580 tsec 7.9720
#GCMRL#   19 dt  92.480000 rms  0.665  0.000% neg 0  invalid 762 tFOTS 4.6150 tGradient 2.9920 tsec 7.9670
#GCMRL#   20 dt  92.480000 rms  0.665  0.018% neg 0  invalid 762 tFOTS 0.0000 tGradient 2.9720 tsec 3.3170
#GCMRL#   21 dt  92.480000 rms  0.664  0.015% neg 0  invalid 762 tFOTS 0.0000 tGradient 2.9140 tsec 3.2310
#GCMRL#   22 dt  92.480000 rms  0.664  0.037% neg 0  invalid 762 tFOTS 0.0000 tGradient 3.1240 tsec 3.4630
#GCMRL#   23 dt  92.480000 rms  0.664  0.071% neg 0  invalid 762 tFOTS 0.0000 tGradient 3.0150 tsec 3.3690
#GCMRL#   24 dt  92.480000 rms  0.663  0.095% neg 0  invalid 762 tFOTS 0.0000 tGradient 3.2330 tsec 3.5480
#GCMRL#   25 dt  92.480000 rms  0.663  0.091% neg 0  invalid 762 tFOTS 0.0000 tGradient 3.0310 tsec 3.3650
setting smoothness cost coefficient to 0.615

#GCAMreg# pass 0 level1 4 level2 0 tsec 0 sigma 2
l_jacobian=1.00 l_label=1.00 l_log_likelihood=0.20 l_smoothness=0.62 
tol=2.50e-01, dt=5.00e-02, exp_k=20.0, momentum=0.90, levels=6, niter=500, lbl_dist=10.00, avgs=64, sigma=2.0,type=2, relabel=0, neg=no

blurring input image with Gaussian with sigma=2.000...
GCAMRegisterLevel(): init RMS 0.668357
#FOTS# QuadFit found better minimum quadopt=(dt=70.1402,rms=0.665156) vs oldopt=(dt=103.68,rms=0.665727)
#GCMRL#   27 dt  70.140221 rms  0.665  0.479% neg 0  invalid 762 tFOTS 4.4810 tGradient 2.3550 tsec 7.1540
#GCMRL#   28 dt 414.720000 rms  0.655  1.600% neg 0  invalid 762 tFOTS 4.9980 tGradient 2.4000 tsec 7.7430
#FOTS# QuadFit found better minimum quadopt=(dt=70.2915,rms=0.651534) vs oldopt=(dt=103.68,rms=0.652156)
#GCMRL#   29 dt  70.291525 rms  0.652  0.455% neg 0  invalid 762 tFOTS 4.5750 tGradient 2.3050 tsec 7.2040
#FOTS# QuadFit found better minimum quadopt=(dt=248.832,rms=0.64617) vs oldopt=(dt=414.72,rms=0.647375)
#GCMRL#   30 dt 248.832000 rms  0.646  0.823% neg 0  invalid 762 tFOTS 4.6260 tGradient 2.3580 tsec 7.3140
#FOTS# QuadFit found better minimum quadopt=(dt=9.072,rms=0.646076) vs oldopt=(dt=6.48,rms=0.6461)
#GCMRL#   31 dt   9.072000 rms  0.646  0.000% neg 0  invalid 762 tFOTS 4.5610 tGradient 2.3260 tsec 7.2350
#GCMRL#   32 dt   9.072000 rms  0.646  0.007% neg 0  invalid 762 tFOTS 0.0000 tGradient 2.3890 tsec 2.6980

#GCAMreg# pass 0 level1 4 level2 1 tsec 52.274 sigma 0.5
l_jacobian=1.00 l_label=1.00 l_log_likelihood=0.20 l_smoothness=0.62 
tol=2.50e-01, dt=5.00e-02, exp_k=20.0, momentum=0.90, levels=6, niter=500, lbl_dist=10.00, avgs=64, sigma=0.5,type=2, relabel=0, neg=no

blurring input image with Gaussian with sigma=0.500...
GCAMRegisterLevel(): init RMS 0.64658
#FOTS# QuadFit found better minimum quadopt=(dt=20.736,rms=0.645936) vs oldopt=(dt=25.92,rms=0.645942)
#GCMRL#   34 dt  20.736000 rms  0.646  0.100% neg 0  invalid 762 tFOTS 4.6530 tGradient 2.2880 tsec 7.2770
#FOTS# QuadFit found better minimum quadopt=(dt=7.776,rms=0.645897) vs oldopt=(dt=6.48,rms=0.645897)
#GCMRL#   35 dt   7.776000 rms  0.646  0.000% neg 0  invalid 762 tFOTS 4.9200 tGradient 2.2640 tsec 7.5400
setting smoothness cost coefficient to 2.353

#GCAMreg# pass 0 level1 3 level2 0 tsec 0 sigma 2
l_jacobian=1.00 l_label=1.00 l_log_likelihood=0.20 l_smoothness=2.35 
tol=2.50e-01, dt=5.00e-02, exp_k=20.0, momentum=0.90, levels=6, niter=500, lbl_dist=10.00, avgs=16, sigma=2.0,type=2, relabel=0, neg=no

blurring input image with Gaussian with sigma=2.000...
GCAMRegisterLevel(): init RMS 0.664088
#FOTS# QuadFit found better minimum quadopt=(dt=2.4,rms=0.663366) vs oldopt=(dt=2,rms=0.663368)
#GCMRL#   37 dt   2.400000 rms  0.663  0.109% neg 0  invalid 762 tFOTS 4.2020 tGradient 1.8700 tsec 6.4030
#GCMRL#   38 dt   0.500000 rms  0.663  0.000% neg 0  invalid 762 tFOTS 4.4090 tGradient 1.8500 tsec 6.6210

#GCAMreg# pass 0 level1 3 level2 1 tsec 25.366 sigma 0.5
l_jacobian=1.00 l_label=1.00 l_log_likelihood=0.20 l_smoothness=2.35 
tol=2.50e-01, dt=5.00e-02, exp_k=20.0, momentum=0.90, levels=6, niter=500, lbl_dist=10.00, avgs=16, sigma=0.5,type=2, relabel=0, neg=no

blurring input image with Gaussian with sigma=0.500...
GCAMRegisterLevel(): init RMS 0.663908
#GCMRL#   40 dt   0.000000 rms  0.663  0.084% neg 0  invalid 762 tFOTS 4.0470 tGradient 1.8720 tsec 6.2600
setting smoothness cost coefficient to 8.000

#GCAMreg# pass 0 level1 2 level2 0 tsec 0 sigma 2
l_jacobian=1.00 l_label=1.00 l_log_likelihood=0.20 l_smoothness=8.00 
tol=2.50e-01, dt=5.00e-02, exp_k=20.0, momentum=0.90, levels=6, niter=500, lbl_dist=10.00, avgs=4, sigma=2.0,type=2, relabel=0, neg=no

blurring input image with Gaussian with sigma=2.000...
GCAMRegisterLevel(): init RMS 0.71199
#FOTS# QuadFit found better minimum quadopt=(dt=2.60682,rms=0.696938) vs oldopt=(dt=2.88,rms=0.697103)
#GCMRL#   42 dt   2.606822 rms  0.697  2.114% neg 0  invalid 762 tFOTS 4.3490 tGradient 1.6950 tsec 6.3740
#FOTS# QuadFit found better minimum quadopt=(dt=1.36667,rms=0.696095) vs oldopt=(dt=0.72,rms=0.69628)
#GCMRL#   43 dt   1.366667 rms  0.696  0.000% neg 0  invalid 762 tFOTS 4.1810 tGradient 1.8380 tsec 6.3710
#GCMRL#   44 dt   1.366667 rms  0.696  0.077% neg 0  invalid 762 tFOTS 0.0000 tGradient 1.7330 tsec 2.0450

#GCAMreg# pass 0 level1 2 level2 1 tsec 26.837 sigma 0.5
l_jacobian=1.00 l_label=1.00 l_log_likelihood=0.20 l_smoothness=8.00 
tol=2.50e-01, dt=5.00e-02, exp_k=20.0, momentum=0.90, levels=6, niter=500, lbl_dist=10.00, avgs=4, sigma=0.5,type=2, relabel=0, neg=no

blurring input image with Gaussian with sigma=0.500...
GCAMRegisterLevel(): init RMS 0.696103
#FOTS# QuadFit found better minimum quadopt=(dt=0.054,rms=0.695553) vs oldopt=(dt=0.045,rms=0.695553)
#GCMRL#   46 dt   0.054000 rms  0.696  0.079% neg 0  invalid 762 tFOTS 4.2890 tGradient 1.6710 tsec 6.2920
#FOTS# QuadFit found better minimum quadopt=(dt=0.01575,rms=0.69555) vs oldopt=(dt=0.01125,rms=0.69555)
#GCMRL#   47 dt   0.015750 rms  0.696  0.000% neg 0  invalid 762 tFOTS 4.1670 tGradient 1.8770 tsec 6.4050
setting smoothness cost coefficient to 20.000

#GCAMreg# pass 0 level1 1 level2 0 tsec 0 sigma 2
l_jacobian=1.00 l_label=1.00 l_log_likelihood=0.20 l_smoothness=20.00 
tol=2.50e-01, dt=5.00e-02, exp_k=20.0, momentum=0.90, levels=6, niter=500, lbl_dist=10.00, avgs=1, sigma=2.0,type=2, relabel=0, neg=no

blurring input image with Gaussian with sigma=2.000...
GCAMRegisterLevel(): init RMS 0.734149
#FOTS# QuadFit found better minimum quadopt=(dt=0.256,rms=0.733115) vs oldopt=(dt=0.32,rms=0.733186)
#GCMRL#   49 dt   0.256000 rms  0.733  0.141% neg 0  invalid 762 tFOTS 4.5450 tGradient 1.5980 tsec 6.4940
#FOTS# QuadFit found better minimum quadopt=(dt=1.08354,rms=0.729049) vs oldopt=(dt=1.28,rms=0.729062)
#GCMRL#   50 dt   1.083544 rms  0.729  0.555% neg 0  invalid 762 tFOTS 4.3260 tGradient 1.5730 tsec 6.2510
#FOTS# QuadFit found better minimum quadopt=(dt=0.256,rms=0.728067) vs oldopt=(dt=0.32,rms=0.728115)
#GCMRL#   51 dt   0.256000 rms  0.728  0.000% neg 0  invalid 762 tFOTS 4.2790 tGradient 1.5580 tsec 6.2030
#GCMRL#   52 dt   0.256000 rms  0.726  0.216% neg 0  invalid 762 tFOTS 0.0000 tGradient 1.5230 tsec 1.8590
#GCMRL#   53 dt   0.256000 rms  0.725  0.241% neg 0  invalid 762 tFOTS 0.0000 tGradient 1.6170 tsec 1.9320
#GCMRL#   54 dt   0.256000 rms  0.723  0.183% neg 0  invalid 762 tFOTS 0.0000 tGradient 1.6600 tsec 1.9880
#GCMRL#   55 dt   0.256000 rms  0.723  0.101% neg 0  invalid 762 tFOTS 0.0000 tGradient 1.5650 tsec 1.9060
#GCMRL#   56 dt   0.256000 rms  0.722  0.088% neg 0  invalid 762 tFOTS 0.0000 tGradient 1.5330 tsec 1.8880
#FOTS# QuadFit found better minimum quadopt=(dt=1.536,rms=0.720723) vs oldopt=(dt=1.28,rms=0.720726)
#GCMRL#   57 dt   1.536000 rms  0.721  0.184% neg 0  invalid 762 tFOTS 4.4080 tGradient 1.5700 tsec 6.3150
#GCMRL#   58 dt   0.080000 rms  0.721  0.000% neg 0  invalid 762 tFOTS 4.2800 tGradient 1.5280 tsec 6.1760

#GCAMreg# pass 0 level1 1 level2 1 tsec 52.909 sigma 0.5
l_jacobian=1.00 l_label=1.00 l_log_likelihood=0.20 l_smoothness=20.00 
tol=2.50e-01, dt=5.00e-02, exp_k=20.0, momentum=0.90, levels=6, niter=500, lbl_dist=10.00, avgs=1, sigma=0.5,type=2, relabel=0, neg=no

blurring input image with Gaussian with sigma=0.500...
GCAMRegisterLevel(): init RMS 0.721176
#GCMRL#   60 dt   0.080000 rms  0.721  0.093% neg 0  invalid 762 tFOTS 4.3470 tGradient 1.5140 tsec 6.1950
#FOTS# QuadFit found better minimum quadopt=(dt=0.048,rms=0.720488) vs oldopt=(dt=0.08,rms=0.72049)
#GCMRL#   61 dt   0.048000 rms  0.720  0.000% neg 0  invalid 762 tFOTS 4.3340 tGradient 1.5360 tsec 6.2260
#GCMRL#   62 dt   0.048000 rms  0.720  0.001% neg 0  invalid 762 tFOTS 0.0000 tGradient 1.5160 tsec 1.8430
resetting metric properties...
setting smoothness cost coefficient to 40.000

#GCAMreg# pass 0 level1 0 level2 0 tsec 0 sigma 2
l_jacobian=1.00 l_label=1.00 l_log_likelihood=0.20 l_smoothness=40.00 
tol=2.50e-01, dt=5.00e-02, exp_k=20.0, momentum=0.90, levels=6, niter=500, lbl_dist=10.00, avgs=0, sigma=2.0,type=2, relabel=0, neg=no

blurring input image with Gaussian with sigma=2.000...
GCAMRegisterLevel(): init RMS 0.699706
#FOTS# QuadFit found better minimum quadopt=(dt=0.201697,rms=0.694996) vs oldopt=(dt=0.32,rms=0.696104)
#GCMRL#   64 dt   0.201697 rms  0.695  0.673% neg 0  invalid 762 tFOTS 4.3890 tGradient 0.9650 tsec 5.6930
#GCMRL#   65 dt   0.020000 rms  0.695  0.000% neg 0  invalid 762 tFOTS 4.5510 tGradient 1.1020 tsec 6.0170

#GCAMreg# pass 0 level1 0 level2 1 tsec 23.179 sigma 0.5
l_jacobian=1.00 l_label=1.00 l_log_likelihood=0.20 l_smoothness=40.00 
tol=2.50e-01, dt=5.00e-02, exp_k=20.0, momentum=0.90, levels=6, niter=500, lbl_dist=10.00, avgs=0, sigma=0.5,type=2, relabel=0, neg=no

blurring input image with Gaussian with sigma=0.500...
GCAMRegisterLevel(): init RMS 0.695447
#FOTS# QuadFit found better minimum quadopt=(dt=0.007,rms=0.694805) vs oldopt=(dt=0.005,rms=0.694806)
#GCMRL#   67 dt   0.007000 rms  0.695  0.092% neg 0  invalid 762 tFOTS 4.4430 tGradient 1.0980 tsec 5.8890
GCAMregister done in 7.0153 min
Starting GCAmapRenormalizeWithAlignment() without scales
renormalizing by structure alignment....
renormalizing input #0
gca peak = 0.10253 (16)
mri peak = 0.14456 (17)
Left_Lateral_Ventricle (4): linear fit = 0.87 x + 0.0 (1157 voxels, overlap=0.479)
Left_Lateral_Ventricle (4): linear fit = 0.87 x + 0.0 (1157 voxels, peak = 14), gca=13.8
gca peak = 0.17690 (16)
mri peak = 0.14363 (17)
Right_Lateral_Ventricle (43): linear fit = 0.98 x + 0.0 (867 voxels, overlap=0.743)
Right_Lateral_Ventricle (43): linear fit = 0.98 x + 0.0 (867 voxels, peak = 16), gca=15.6
gca peak = 0.28275 (96)
mri peak = 0.09627 (97)
Right_Pallidum (52): linear fit = 1.02 x + 0.0 (968 voxels, overlap=0.999)
Right_Pallidum (52): linear fit = 1.02 x + 0.0 (968 voxels, peak = 98), gca=98.4
gca peak = 0.18948 (93)
mri peak = 0.09126 (102)
Left_Pallidum (13): linear fit = 1.05 x + 0.0 (778 voxels, overlap=0.968)
Left_Pallidum (13): linear fit = 1.05 x + 0.0 (778 voxels, peak = 98), gca=98.1
gca peak = 0.20755 (55)
mri peak = 0.11482 (69)
Right_Hippocampus (53): linear fit = 1.18 x + 0.0 (890 voxels, overlap=0.034)
Right_Hippocampus (53): linear fit = 1.18 x + 0.0 (890 voxels, peak = 65), gca=65.2
gca peak = 0.31831 (58)
mri peak = 0.10953 (64)
Left_Hippocampus (17): linear fit = 1.10 x + 0.0 (984 voxels, overlap=0.304)
Left_Hippocampus (17): linear fit = 1.10 x + 0.0 (984 voxels, peak = 64), gca=63.5
gca peak = 0.11957 (102)
mri peak = 0.11906 (107)
Right_Cerebral_White_Matter (41): linear fit = 1.05 x + 0.0 (67169 voxels, overlap=0.505)
Right_Cerebral_White_Matter (41): linear fit = 1.05 x + 0.0 (67169 voxels, peak = 108), gca=107.6
gca peak = 0.11429 (102)
mri peak = 0.12219 (108)
Left_Cerebral_White_Matter (2): linear fit = 1.04 x + 0.0 (69096 voxels, overlap=0.597)
Left_Cerebral_White_Matter (2): linear fit = 1.04 x + 0.0 (69096 voxels, peak = 107), gca=106.6
gca peak = 0.14521 (59)
mri peak = 0.04508 (60)
Left_Cerebral_Cortex (3): linear fit = 0.96 x + 0.0 (25224 voxels, overlap=0.966)
Left_Cerebral_Cortex (3): linear fit = 0.96 x + 0.0 (25224 voxels, peak = 57), gca=56.9
gca peak = 0.14336 (58)
mri peak = 0.04636 (62)
Right_Cerebral_Cortex (42): linear fit = 1.04 x + 0.0 (27204 voxels, overlap=0.989)
Right_Cerebral_Cortex (42): linear fit = 1.04 x + 0.0 (27204 voxels, peak = 61), gca=60.6
gca peak = 0.13305 (70)
mri peak = 0.09109 (79)
Right_Caudate (50): linear fit = 1.09 x + 0.0 (1051 voxels, overlap=0.563)
Right_Caudate (50): linear fit = 1.09 x + 0.0 (1051 voxels, peak = 76), gca=76.0
gca peak = 0.15761 (71)
mri peak = 0.15235 (79)
Left_Caudate (11): linear fit = 1.03 x + 0.0 (1007 voxels, overlap=0.914)
Left_Caudate (11): linear fit = 1.03 x + 0.0 (1007 voxels, peak = 73), gca=73.5
gca peak = 0.13537 (57)
mri peak = 0.04781 (63)
Left_Cerebellum_Cortex (8): linear fit = 1.12 x + 0.0 (30829 voxels, overlap=0.871)
Left_Cerebellum_Cortex (8): linear fit = 1.12 x + 0.0 (30829 voxels, peak = 64), gca=63.6
gca peak = 0.13487 (56)
mri peak = 0.04759 (63)
Right_Cerebellum_Cortex (47): linear fit = 1.16 x + 0.0 (33805 voxels, overlap=0.695)
Right_Cerebellum_Cortex (47): linear fit = 1.16 x + 0.0 (33805 voxels, peak = 65), gca=65.2
gca peak = 0.19040 (84)
mri peak = 0.10333 (88)
Left_Cerebellum_White_Matter (7): linear fit = 1.07 x + 0.0 (9927 voxels, overlap=0.542)
Left_Cerebellum_White_Matter (7): linear fit = 1.07 x + 0.0 (9927 voxels, peak = 89), gca=89.5
gca peak = 0.18871 (83)
mri peak = 0.11589 (90)
Right_Cerebellum_White_Matter (46): linear fit = 1.08 x + 0.0 (8983 voxels, overlap=0.382)
Right_Cerebellum_White_Matter (46): linear fit = 1.08 x + 0.0 (8983 voxels, peak = 89), gca=89.2
gca peak = 0.24248 (57)
mri peak = 0.10678 (71)
Left_Amygdala (18): linear fit = 1.23 x + 0.0 (490 voxels, overlap=0.038)
Left_Amygdala (18): linear fit = 1.23 x + 0.0 (490 voxels, peak = 70), gca=69.8
gca peak = 0.35833 (56)
mri peak = 0.09047 (66)
Right_Amygdala (54): linear fit = 1.21 x + 0.0 (616 voxels, overlap=0.174)
Right_Amygdala (54): linear fit = 1.21 x + 0.0 (616 voxels, peak = 67), gca=67.5
gca peak = 0.12897 (85)
mri peak = 0.06157 (95)
Left_Thalamus (10): linear fit = 1.07 x + 0.0 (5792 voxels, overlap=0.830)
Left_Thalamus (10): linear fit = 1.07 x + 0.0 (5792 voxels, peak = 91), gca=90.5
gca peak = 0.13127 (83)
mri peak = 0.06605 (90)
Right_Thalamus (49): linear fit = 1.07 x + 0.0 (5066 voxels, overlap=0.860)
Right_Thalamus (49): linear fit = 1.07 x + 0.0 (5066 voxels, peak = 88), gca=88.4
gca peak = 0.12974 (78)
mri peak = 0.07941 (90)
Left_Putamen (12): linear fit = 1.14 x + 0.0 (2392 voxels, overlap=0.520)
Left_Putamen (12): linear fit = 1.14 x + 0.0 (2392 voxels, peak = 89), gca=89.3
gca peak = 0.17796 (79)
mri peak = 0.06954 (83)
Right_Putamen (51): linear fit = 1.10 x + 0.0 (2531 voxels, overlap=0.699)
Right_Putamen (51): linear fit = 1.10 x + 0.0 (2531 voxels, peak = 87), gca=86.5
gca peak = 0.10999 (80)
mri peak = 0.09729 (88)
Brain_Stem (16): linear fit = 1.12 x + 0.0 (14645 voxels, overlap=0.416)
Brain_Stem (16): linear fit = 1.12 x + 0.0 (14645 voxels, peak = 90), gca=90.0
gca peak = 0.13215 (88)
mri peak = 0.10509 (97)
Right_VentralDC (60): linear fit = 1.12 x + 0.0 (1421 voxels, overlap=0.127)
Right_VentralDC (60): linear fit = 1.12 x + 0.0 (1421 voxels, peak = 98), gca=98.1
gca peak = 0.11941 (89)
mri peak = 0.10630 (99)
Left_VentralDC (28): linear fit = 1.11 x + 0.0 (1445 voxels, overlap=0.280)
Left_VentralDC (28): linear fit = 1.11 x + 0.0 (1445 voxels, peak = 98), gca=98.3
gca peak = 0.20775 (25)
uniform distribution in MR - rejecting arbitrary fit
gca peak = 0.13297 (21)
mri peak = 0.23439 (19)
Fourth_Ventricle (15): linear fit = 1.11 x + 0.0 (357 voxels, overlap=0.576)
Fourth_Ventricle (15): linear fit = 1.11 x + 0.0 (357 voxels, peak = 23), gca=23.2
gca peak Unknown = 0.94777 ( 0)
gca peak Left_Inf_Lat_Vent = 0.19087 (28)
gca peak Third_Ventricle = 0.20775 (25)
gca peak CSF = 0.16821 (33)
gca peak Left_Accumbens_area = 0.32850 (63)
gca peak Left_undetermined = 0.98480 (28)
gca peak Left_vessel = 0.40887 (53)
gca peak Left_choroid_plexus = 0.10898 (46)
gca peak Right_Inf_Lat_Vent = 0.17798 (26)
gca peak Right_Accumbens_area = 0.30137 (64)
gca peak Right_vessel = 0.47828 (52)
gca peak Right_choroid_plexus = 0.11612 (45)
gca peak Fifth_Ventricle = 0.59466 (35)
gca peak WM_hypointensities = 0.10053 (78)
gca peak non_WM_hypointensities = 0.07253 (60)
gca peak Optic_Chiasm = 0.25330 (73)
not using caudate to estimate GM means
estimating mean gm scale to be 1.12 x + 0.0
estimating mean wm scale to be 1.05 x + 0.0
estimating mean csf scale to be 0.98 x + 0.0
saving intensity scales to talairach.label_intensities.txt
GCAmapRenormalizeWithAlignment() took 3.54692 min
noneg pre
Starting GCAMregister()
label assignment complete, 0 changed (0.00%)
npasses = 1, nlevels = 6
#pass# 1 of 1 ************************
enabling zero nodes
setting smoothness cost coefficient to 0.008

#GCAMreg# pass 0 level1 5 level2 0 tsec 0 sigma 2
l_jacobian=1.00 l_label=1.00 l_log_likelihood=0.20 l_smoothness=0.01 
tol=5.00e-02, dt=5.00e-02, exp_k=20.0, momentum=0.90, levels=6, niter=500, lbl_dist=10.00, avgs=256, sigma=2.0,type=2, relabel=0, neg=no

blurring input image with Gaussian with sigma=2.000...
GCAMRegisterLevel(): init RMS 0.71889
#FOTS# QuadFit found better minimum quadopt=(dt=211.843,rms=0.698396) vs oldopt=(dt=92.48,rms=0.705249)
#GCMRL#   69 dt 211.842795 rms  0.698  2.851% neg 0  invalid 762 tFOTS 4.5680 tGradient 2.5140 tsec 7.4240
#FOTS# QuadFit found better minimum quadopt=(dt=164.073,rms=0.692464) vs oldopt=(dt=92.48,rms=0.693933)
#GCMRL#   70 dt 164.072727 rms  0.692  0.849% neg 0  invalid 762 tFOTS 4.7960 tGradient 2.7760 tsec 7.9140
#FOTS# QuadFit found better minimum quadopt=(dt=221.952,rms=0.688808) vs oldopt=(dt=369.92,rms=0.690029)
#GCMRL#   71 dt 221.952000 rms  0.689  0.528% neg 0  invalid 762 tFOTS 4.8090 tGradient 2.7040 tsec 7.8710
#FOTS# QuadFit found better minimum quadopt=(dt=129.472,rms=0.686478) vs oldopt=(dt=92.48,rms=0.686876)
#GCMRL#   72 dt 129.472000 rms  0.686  0.338% neg 0  invalid 762 tFOTS 4.6790 tGradient 2.8080 tsec 7.8290
#FOTS# QuadFit found better minimum quadopt=(dt=443.904,rms=0.683542) vs oldopt=(dt=369.92,rms=0.68365)
#GCMRL#   73 dt 443.904000 rms  0.684  0.428% neg 0  invalid 762 tFOTS 4.6530 tGradient 2.8330 tsec 7.8290
#FOTS# QuadFit found better minimum quadopt=(dt=110.976,rms=0.681657) vs oldopt=(dt=92.48,rms=0.681694)
#GCMRL#   74 dt 110.976000 rms  0.682  0.276% neg 0  invalid 762 tFOTS 5.0170 tGradient 2.7410 tsec 8.0980
#FOTS# QuadFit found better minimum quadopt=(dt=295.936,rms=0.680377) vs oldopt=(dt=369.92,rms=0.680418)
#GCMRL#   75 dt 295.936000 rms  0.680  0.188% neg 0  invalid 762 tFOTS 4.7380 tGradient 2.7720 tsec 7.8630
#FOTS# QuadFit found better minimum quadopt=(dt=110.976,rms=0.679464) vs oldopt=(dt=92.48,rms=0.679493)
#GCMRL#   76 dt 110.976000 rms  0.679  0.134% neg 0  invalid 762 tFOTS 4.6350 tGradient 2.7250 tsec 7.7080
#GCMRL#   77 dt 369.920000 rms  0.678  0.151% neg 0  invalid 762 tFOTS 5.0610 tGradient 2.8640 tsec 8.3030
#FOTS# QuadFit found better minimum quadopt=(dt=110.976,rms=0.677643) vs oldopt=(dt=92.48,rms=0.677649)
#GCMRL#   78 dt 110.976000 rms  0.678  0.117% neg 0  invalid 762 tFOTS 4.6380 tGradient 2.8350 tsec 7.8300
#FOTS# QuadFit found better minimum quadopt=(dt=295.936,rms=0.676977) vs oldopt=(dt=369.92,rms=0.676999)
#GCMRL#   79 dt 295.936000 rms  0.677  0.098% neg 0  invalid 762 tFOTS 4.9860 tGradient 2.7140 tsec 8.0360
#FOTS# QuadFit found better minimum quadopt=(dt=110.976,rms=0.676417) vs oldopt=(dt=92.48,rms=0.676432)
#GCMRL#   80 dt 110.976000 rms  0.676  0.083% neg 0  invalid 762 tFOTS 5.1400 tGradient 2.6350 tsec 8.1160
#GCMRL#   81 dt 369.920000 rms  0.676  0.094% neg 0  invalid 762 tFOTS 5.0230 tGradient 2.6160 tsec 7.9960
#GCMRL#   82 dt  92.480000 rms  0.675  0.080% neg 0  invalid 762 tFOTS 4.7330 tGradient 2.5700 tsec 7.6590
#FOTS# QuadFit found better minimum quadopt=(dt=1775.62,rms=0.673373) vs oldopt=(dt=1479.68,rms=0.673397)
#GCMRL#   83 dt 1775.616000 rms  0.673  0.277% neg 0  invalid 762 tFOTS 5.0410 tGradient 2.5880 tsec 7.9910
#FOTS# QuadFit found better minimum quadopt=(dt=73.984,rms=0.671983) vs oldopt=(dt=92.48,rms=0.671986)
#GCMRL#   84 dt  73.984000 rms  0.672  0.206% neg 0  invalid 762 tFOTS 4.9890 tGradient 2.4750 tsec 7.8120
#FOTS# QuadFit found better minimum quadopt=(dt=129.472,rms=0.671877) vs oldopt=(dt=92.48,rms=0.671901)
#GCMRL#   85 dt 129.472000 rms  0.672  0.000% neg 0  invalid 762 tFOTS 5.0230 tGradient 2.5980 tsec 8.0020
#GCMRL#   86 dt 129.472000 rms  0.672  0.025% neg 0  invalid 762 tFOTS 0.0000 tGradient 2.5520 tsec 2.8790
#GCMRL#   87 dt 129.472000 rms  0.671  0.042% neg 0  invalid 762 tFOTS 0.0000 tGradient 2.5990 tsec 2.9310
#GCMRL#   88 dt 129.472000 rms  0.671  0.057% neg 0  invalid 762 tFOTS 0.0000 tGradient 2.6390 tsec 2.9700
#GCMRL#   89 dt 129.472000 rms  0.671  0.069% neg 0  invalid 762 tFOTS 0.0000 tGradient 2.5240 tsec 2.8520
#GCMRL#   90 dt 129.472000 rms  0.670  0.083% neg 0  invalid 762 tFOTS 0.0000 tGradient 2.4960 tsec 2.8180
#GCMRL#   91 dt 129.472000 rms  0.669  0.090% neg 0  invalid 762 tFOTS 0.0000 tGradient 2.5670 tsec 2.8830
#GCMRL#   92 dt 129.472000 rms  0.669  0.095% neg 0  invalid 762 tFOTS 0.0000 tGradient 2.5350 tsec 2.8610
#GCMRL#   93 dt 129.472000 rms  0.668  0.093% neg 0  invalid 762 tFOTS 0.0000 tGradient 2.5210 tsec 2.8430
#GCMRL#   94 dt 129.472000 rms  0.668  0.094% neg 0  invalid 762 tFOTS 0.0000 tGradient 2.5450 tsec 2.8730
#GCMRL#   95 dt 129.472000 rms  0.667  0.092% neg 0  invalid 762 tFOTS 0.0000 tGradient 2.5730 tsec 2.8900
#GCMRL#   96 dt 129.472000 rms  0.666  0.088% neg 0  invalid 762 tFOTS 0.0000 tGradient 2.6000 tsec 2.9270
#GCMRL#   97 dt 129.472000 rms  0.666  0.082% neg 0  invalid 762 tFOTS 0.0000 tGradient 2.6210 tsec 2.9420
#GCMRL#   98 dt 129.472000 rms  0.665  0.075% neg 0  invalid 762 tFOTS 0.0000 tGradient 2.5630 tsec 2.8810
#GCMRL#   99 dt 129.472000 rms  0.665  0.078% neg 0  invalid 762 tFOTS 0.0000 tGradient 2.6060 tsec 2.9340
#GCMRL#  100 dt 129.472000 rms  0.664  0.077% neg 0  invalid 762 tFOTS 0.0000 tGradient 2.6270 tsec 2.9540
#GCMRL#  101 dt 129.472000 rms  0.664  0.074% neg 0  invalid 762 tFOTS 0.0000 tGradient 2.5810 tsec 2.9210
#GCMRL#  102 dt 129.472000 rms  0.663  0.072% neg 0  invalid 762 tFOTS 0.0000 tGradient 2.5290 tsec 2.8560
#GCMRL#  103 dt 129.472000 rms  0.663  0.071% neg 0  invalid 762 tFOTS 0.0000 tGradient 2.5090 tsec 2.8250
#GCMRL#  104 dt 129.472000 rms  0.662  0.068% neg 0  invalid 762 tFOTS 0.0000 tGradient 2.4890 tsec 2.8160
#GCMRL#  105 dt 129.472000 rms  0.662  0.066% neg 0  invalid 762 tFOTS 0.0000 tGradient 2.4950 tsec 2.8210
#GCMRL#  106 dt 129.472000 rms  0.662  0.063% neg 0  invalid 762 tFOTS 0.0000 tGradient 2.4800 tsec 2.7980
#GCMRL#  107 dt 129.472000 rms  0.661  0.061% neg 0  invalid 762 tFOTS 0.0000 tGradient 2.5070 tsec 2.8390
#GCMRL#  108 dt 129.472000 rms  0.661  0.062% neg 0  invalid 762 tFOTS 0.0000 tGradient 2.4990 tsec 2.8180
#GCMRL#  109 dt 129.472000 rms  0.660  0.063% neg 0  invalid 762 tFOTS 0.0000 tGradient 2.5270 tsec 2.8500
#GCMRL#  110 dt 129.472000 rms  0.660  0.065% neg 0  invalid 762 tFOTS 0.0000 tGradient 2.5660 tsec 2.8840
#GCMRL#  111 dt 129.472000 rms  0.659  0.065% neg 0  invalid 762 tFOTS 0.0000 tGradient 2.5280 tsec 2.8510
#GCMRL#  112 dt 129.472000 rms  0.659  0.062% neg 0  invalid 762 tFOTS 0.0000 tGradient 2.5020 tsec 2.8200
#GCMRL#  113 dt 129.472000 rms  0.659  0.062% neg 0  invalid 762 tFOTS 0.0000 tGradient 2.5180 tsec 2.8380
#GCMRL#  114 dt 129.472000 rms  0.658  0.059% neg 0  invalid 762 tFOTS 0.0000 tGradient 2.5090 tsec 2.8240
#GCMRL#  115 dt 129.472000 rms  0.658  0.060% neg 0  invalid 762 tFOTS 0.0000 tGradient 2.5460 tsec 2.8720
#GCMRL#  116 dt 129.472000 rms  0.657  0.059% neg 0  invalid 762 tFOTS 0.0000 tGradient 2.5350 tsec 2.8540
#GCMRL#  117 dt 129.472000 rms  0.657  0.059% neg 0  invalid 762 tFOTS 0.0000 tGradient 2.5260 tsec 2.8490
#GCMRL#  118 dt 129.472000 rms  0.657  0.058% neg 0  invalid 762 tFOTS 0.0000 tGradient 2.4790 tsec 2.8010
#GCMRL#  119 dt 129.472000 rms  0.656  0.057% neg 0  invalid 762 tFOTS 0.0000 tGradient 2.5380 tsec 2.8540
#GCMRL#  120 dt 129.472000 rms  0.656  0.055% neg 0  invalid 762 tFOTS 0.0000 tGradient 2.5330 tsec 2.8490
#GCMRL#  121 dt 129.472000 rms  0.656  0.056% neg 0  invalid 762 tFOTS 0.0000 tGradient 2.4810 tsec 2.7960
#GCMRL#  122 dt 129.472000 rms  0.655  0.060% neg 0  invalid 762 tFOTS 0.0000 tGradient 2.5330 tsec 2.8500
#GCMRL#  123 dt 129.472000 rms  0.655  0.056% neg 0  invalid 762 tFOTS 0.0000 tGradient 2.5130 tsec 2.8290
#GCMRL#  124 dt 129.472000 rms  0.654  0.057% neg 0  invalid 762 tFOTS 0.0000 tGradient 2.6290 tsec 2.9490
#GCMRL#  125 dt 129.472000 rms  0.654  0.054% neg 0  invalid 762 tFOTS 0.0000 tGradient 2.6340 tsec 2.9580
#GCMRL#  126 dt 129.472000 rms  0.654  0.054% neg 0  invalid 762 tFOTS 0.0000 tGradient 2.5970 tsec 2.9240
#GCMRL#  127 dt 129.472000 rms  0.653  0.052% neg 0  invalid 762 tFOTS 0.0000 tGradient 2.5440 tsec 2.8650
#GCMRL#  128 dt 129.472000 rms  0.653  0.049% neg 0  invalid 762 tFOTS 0.0000 tGradient 2.4940 tsec 2.8100
#GCMRL#  129 dt 129.472000 rms  0.653  0.049% neg 0  invalid 762 tFOTS 0.0000 tGradient 2.5710 tsec 2.8910
#GCMRL#  130 dt 129.472000 rms  0.652  0.043% neg 0  invalid 762 tFOTS 0.0000 tGradient 2.5360 tsec 2.8640
#GCMRL#  131 dt 129.472000 rms  0.652  0.036% neg 0  invalid 762 tFOTS 0.0000 tGradient 2.4630 tsec 2.7730
#GCMRL#  132 dt 129.472000 rms  0.652  0.036% neg 0  invalid 762 tFOTS 0.0000 tGradient 2.5380 tsec 2.8520
#GCMRL#  133 dt 129.472000 rms  0.652  0.035% neg 0  invalid 762 tFOTS 0.0000 tGradient 2.5090 tsec 2.8210
#GCMRL#  134 dt 129.472000 rms  0.652  0.035% neg 0  invalid 762 tFOTS 0.0000 tGradient 2.5290 tsec 2.8490
#GCMRL#  135 dt 129.472000 rms  0.651  0.035% neg 0  invalid 762 tFOTS 0.0000 tGradient 2.5430 tsec 2.8670
#GCMRL#  136 dt 129.472000 rms  0.651  0.036% neg 0  invalid 762 tFOTS 0.0000 tGradient 2.6060 tsec 2.9220
#GCMRL#  137 dt 129.472000 rms  0.651  0.034% neg 0  invalid 762 tFOTS 0.0000 tGradient 2.4480 tsec 2.7530
#GCMRL#  138 dt 129.472000 rms  0.651  0.033% neg 0  invalid 762 tFOTS 0.0000 tGradient 2.5430 tsec 2.8570
#GCMRL#  139 dt 129.472000 rms  0.650  0.030% neg 0  invalid 762 tFOTS 0.0000 tGradient 2.4900 tsec 2.8070
#GCMRL#  140 dt 129.472000 rms  0.650  0.027% neg 0  invalid 762 tFOTS 0.0000 tGradient 2.4810 tsec 2.7860
#GCMRL#  141 dt 129.472000 rms  0.650  0.028% neg 0  invalid 762 tFOTS 0.0000 tGradient 2.4520 tsec 2.7600
#GCMRL#  142 dt 129.472000 rms  0.650  0.029% neg 0  invalid 762 tFOTS 0.0000 tGradient 2.4130 tsec 2.7220
#GCMRL#  143 dt 129.472000 rms  0.650  0.028% neg 0  invalid 762 tFOTS 0.0000 tGradient 2.5510 tsec 2.8610
#GCMRL#  144 dt 129.472000 rms  0.650  0.029% neg 0  invalid 762 tFOTS 0.0000 tGradient 2.3920 tsec 2.7010
#GCMRL#  145 dt 129.472000 rms  0.649  0.028% neg 0  invalid 762 tFOTS 0.0000 tGradient 2.5040 tsec 2.8120
#GCMRL#  146 dt 129.472000 rms  0.649  0.027% neg 0  invalid 762 tFOTS 0.0000 tGradient 2.5090 tsec 2.8180
#GCMRL#  147 dt 129.472000 rms  0.649  0.029% neg 0  invalid 762 tFOTS 0.0000 tGradient 2.4550 tsec 2.7610
#GCMRL#  148 dt 129.472000 rms  0.649  0.028% neg 0  invalid 762 tFOTS 0.0000 tGradient 2.5200 tsec 2.8200
#GCMRL#  149 dt 129.472000 rms  0.649  0.027% neg 0  invalid 762 tFOTS 0.0000 tGradient 2.5810 tsec 2.9040
#GCMRL#  150 dt 129.472000 rms  0.648  0.026% neg 0  invalid 762 tFOTS 0.0000 tGradient 2.5500 tsec 2.8730
#GCMRL#  151 dt 129.472000 rms  0.648  0.026% neg 0  invalid 762 tFOTS 0.0000 tGradient 2.5370 tsec 2.8630
#GCMRL#  152 dt 129.472000 rms  0.648  0.027% neg 0  invalid 762 tFOTS 0.0000 tGradient 2.4970 tsec 2.8240
#GCMRL#  153 dt 129.472000 rms  0.648  0.024% neg 0  invalid 762 tFOTS 0.0000 tGradient 2.6120 tsec 2.9360
#GCMRL#  154 dt 129.472000 rms  0.648  0.024% neg 0  invalid 762 tFOTS 0.0000 tGradient 2.5330 tsec 2.8760
#FOTS# QuadFit found better minimum quadopt=(dt=1775.62,rms=0.647737) vs oldopt=(dt=1479.68,rms=0.647737)
#GCMRL#  155 dt 1775.616000 rms  0.648  0.000% neg 0  invalid 762 tFOTS 5.0770 tGradient 2.5880 tsec 8.0350

#GCAMreg# pass 0 level1 5 level2 1 tsec 351.713 sigma 0.5
l_jacobian=1.00 l_label=1.00 l_log_likelihood=0.20 l_smoothness=0.01 
tol=5.00e-02, dt=5.00e-02, exp_k=20.0, momentum=0.90, levels=6, niter=500, lbl_dist=10.00, avgs=256, sigma=0.5,type=2, relabel=0, neg=no

blurring input image with Gaussian with sigma=0.500...
GCAMRegisterLevel(): init RMS 0.648174
#FOTS# QuadFit found better minimum quadopt=(dt=221.952,rms=0.647076) vs oldopt=(dt=369.92,rms=0.647304)
#GCMRL#  157 dt 221.952000 rms  0.647  0.169% neg 0  invalid 762 tFOTS 4.7250 tGradient 2.5130 tsec 7.5790
#FOTS# QuadFit found better minimum quadopt=(dt=129.472,rms=0.646769) vs oldopt=(dt=92.48,rms=0.646836)
#GCMRL#  158 dt 129.472000 rms  0.647  0.000% neg 0  invalid 762 tFOTS 5.0760 tGradient 2.6240 tsec 8.0510
#GCMRL#  159 dt 129.472000 rms  0.647  0.027% neg 0  invalid 762 tFOTS 0.0000 tGradient 2.6200 tsec 2.9340
#GCMRL#  160 dt 129.472000 rms  0.646  0.041% neg 0  invalid 762 tFOTS 0.0000 tGradient 2.7660 tsec 3.0770
#GCMRL#  161 dt 129.472000 rms  0.646  0.048% neg 0  invalid 762 tFOTS 0.0000 tGradient 2.6950 tsec 3.0050
#GCMRL#  162 dt 129.472000 rms  0.646  0.053% neg 0  invalid 762 tFOTS 0.0000 tGradient 2.6990 tsec 3.0110
#GCMRL#  163 dt 129.472000 rms  0.645  0.046% neg 0  invalid 762 tFOTS 0.0000 tGradient 2.6990 tsec 3.0130
#GCMRL#  164 dt 129.472000 rms  0.645  0.043% neg 0  invalid 762 tFOTS 0.0000 tGradient 2.7550 tsec 3.0680
#GCMRL#  165 dt 129.472000 rms  0.645  0.037% neg 0  invalid 762 tFOTS 0.0000 tGradient 2.7150 tsec 3.0300
#GCMRL#  166 dt 129.472000 rms  0.645  0.036% neg 0  invalid 762 tFOTS 0.0000 tGradient 2.6590 tsec 2.9660
#GCMRL#  167 dt 129.472000 rms  0.644  0.035% neg 0  invalid 762 tFOTS 0.0000 tGradient 2.6320 tsec 2.9460
#GCMRL#  168 dt 129.472000 rms  0.644  0.029% neg 0  invalid 762 tFOTS 0.0000 tGradient 2.6180 tsec 2.9310
#GCMRL#  169 dt 129.472000 rms  0.644  0.027% neg 0  invalid 762 tFOTS 0.0000 tGradient 2.6500 tsec 2.9620
#GCMRL#  170 dt 129.472000 rms  0.644  0.027% neg 0  invalid 762 tFOTS 0.0000 tGradient 2.6680 tsec 2.9790
#GCMRL#  171 dt 129.472000 rms  0.644  0.022% neg 0  invalid 762 tFOTS 0.0000 tGradient 2.6530 tsec 2.9650
#GCMRL#  172 dt 129.472000 rms  0.644  0.023% neg 0  invalid 762 tFOTS 0.0000 tGradient 2.5850 tsec 2.8970
#GCMRL#  173 dt 129.472000 rms  0.643  0.020% neg 0  invalid 762 tFOTS 0.0000 tGradient 2.6320 tsec 2.9760
#FOTS# QuadFit found better minimum quadopt=(dt=1183.74,rms=0.643365) vs oldopt=(dt=1479.68,rms=0.643376)
#GCMRL#  174 dt 1183.744000 rms  0.643  0.000% neg 0  invalid 762 tFOTS 4.8980 tGradient 2.6930 tsec 7.9470
setting smoothness cost coefficient to 0.031

#GCAMreg# pass 0 level1 4 level2 0 tsec 0 sigma 2
l_jacobian=1.00 l_label=1.00 l_log_likelihood=0.20 l_smoothness=0.03 
tol=5.00e-02, dt=5.00e-02, exp_k=20.0, momentum=0.90, levels=6, niter=500, lbl_dist=10.00, avgs=64, sigma=2.0,type=2, relabel=0, neg=no

blurring input image with Gaussian with sigma=2.000...
GCAMRegisterLevel(): init RMS 0.645281
#FOTS# QuadFit found better minimum quadopt=(dt=145.152,rms=0.641066) vs oldopt=(dt=103.68,rms=0.641534)
#GCMRL#  176 dt 145.152000 rms  0.641  0.653% neg 0  invalid 762 tFOTS 4.3570 tGradient 2.1430 tsec 6.8270
#FOTS# QuadFit found better minimum quadopt=(dt=145.152,rms=0.635462) vs oldopt=(dt=103.68,rms=0.636565)
#GCMRL#  177 dt 145.152000 rms  0.635  0.874% neg 0  invalid 762 tFOTS 4.6420 tGradient 2.0790 tsec 7.0440
#FOTS# QuadFit found better minimum quadopt=(dt=102.902,rms=0.633048) vs oldopt=(dt=103.68,rms=0.633049)
#GCMRL#  178 dt 102.901961 rms  0.633  0.380% neg 0  invalid 762 tFOTS 4.9080 tGradient 2.1610 tsec 7.3960
#FOTS# QuadFit found better minimum quadopt=(dt=124.416,rms=0.62999) vs oldopt=(dt=103.68,rms=0.630076)
#GCMRL#  179 dt 124.416000 rms  0.630  0.483% neg 0  invalid 762 tFOTS 4.9570 tGradient 2.2300 tsec 7.5140
#FOTS# QuadFit found better minimum quadopt=(dt=74.1386,rms=0.627878) vs oldopt=(dt=103.68,rms=0.628203)
#GCMRL#  180 dt  74.138614 rms  0.628  0.335% neg 0  invalid 762 tFOTS 4.7110 tGradient 2.1220 tsec 7.1790
#FOTS# QuadFit found better minimum quadopt=(dt=145.152,rms=0.625379) vs oldopt=(dt=103.68,rms=0.625637)
#GCMRL#  181 dt 145.152000 rms  0.625  0.398% neg 0  invalid 762 tFOTS 4.6740 tGradient 2.3160 tsec 7.3430
#FOTS# QuadFit found better minimum quadopt=(dt=68.8372,rms=0.623565) vs oldopt=(dt=103.68,rms=0.623962)
#GCMRL#  182 dt  68.837209 rms  0.624  0.290% neg 0  invalid 762 tFOTS 4.6870 tGradient 2.2260 tsec 7.2640
#FOTS# QuadFit found better minimum quadopt=(dt=145.152,rms=0.621534) vs oldopt=(dt=103.68,rms=0.62175)
#GCMRL#  183 dt 145.152000 rms  0.622  0.326% neg 0  invalid 762 tFOTS 4.6860 tGradient 2.2130 tsec 7.2480
#FOTS# QuadFit found better minimum quadopt=(dt=69.4608,rms=0.619952) vs oldopt=(dt=103.68,rms=0.62029)
#GCMRL#  184 dt  69.460751 rms  0.620  0.255% neg 0  invalid 762 tFOTS 4.6750 tGradient 2.2000 tsec 7.2280
#FOTS# QuadFit found better minimum quadopt=(dt=145.152,rms=0.618303) vs oldopt=(dt=103.68,rms=0.618416)
#GCMRL#  185 dt 145.152000 rms  0.618  0.266% neg 0  invalid 762 tFOTS 5.0270 tGradient 2.2040 tsec 7.6370
#FOTS# QuadFit found better minimum quadopt=(dt=65.9794,rms=0.616831) vs oldopt=(dt=103.68,rms=0.617222)
#GCMRL#  186 dt  65.979381 rms  0.617  0.238% neg 0  invalid 762 tFOTS 4.8210 tGradient 2.5070 tsec 7.6750
#FOTS# QuadFit found better minimum quadopt=(dt=145.152,rms=0.615305) vs oldopt=(dt=103.68,rms=0.615473)
#GCMRL#  187 dt 145.152000 rms  0.615  0.247% neg 0  invalid 762 tFOTS 4.9350 tGradient 2.2150 tsec 7.5080
#FOTS# QuadFit found better minimum quadopt=(dt=69.8182,rms=0.614096) vs oldopt=(dt=103.68,rms=0.614325)
#GCMRL#  188 dt  69.818182 rms  0.614  0.196% neg 0  invalid 762 tFOTS 4.7540 tGradient 2.3660 tsec 7.4680
#FOTS# QuadFit found better minimum quadopt=(dt=124.416,rms=0.612948) vs oldopt=(dt=103.68,rms=0.612983)
#GCMRL#  189 dt 124.416000 rms  0.613  0.187% neg 0  invalid 762 tFOTS 4.7390 tGradient 2.2440 tsec 7.3270
#FOTS# QuadFit found better minimum quadopt=(dt=74.2249,rms=0.611869) vs oldopt=(dt=103.68,rms=0.612008)
#GCMRL#  190 dt  74.224852 rms  0.612  0.176% neg 0  invalid 762 tFOTS 4.7650 tGradient 2.2750 tsec 7.3830
#GCMRL#  191 dt 103.680000 rms  0.611  0.151% neg 0  invalid 762 tFOTS 4.9630 tGradient 2.1740 tsec 7.4800
#GCMRL#  192 dt 103.680000 rms  0.610  0.157% neg 0  invalid 762 tFOTS 4.6290 tGradient 2.2390 tsec 7.2110
#FOTS# QuadFit found better minimum quadopt=(dt=64.8,rms=0.609179) vs oldopt=(dt=103.68,rms=0.609393)
#GCMRL#  193 dt  64.800000 rms  0.609  0.132% neg 0  invalid 762 tFOTS 5.1260 tGradient 2.4460 tsec 7.9200
#FOTS# QuadFit found better minimum quadopt=(dt=145.152,rms=0.60805) vs oldopt=(dt=103.68,rms=0.608244)
#GCMRL#  194 dt 145.152000 rms  0.608  0.185% neg 0  invalid 762 tFOTS 4.6960 tGradient 2.1680 tsec 7.2070
#FOTS# QuadFit found better minimum quadopt=(dt=64.4812,rms=0.607381) vs oldopt=(dt=103.68,rms=0.607559)
#GCMRL#  195 dt  64.481203 rms  0.607  0.110% neg 0  invalid 762 tFOTS 5.0560 tGradient 2.1320 tsec 7.5860
#FOTS# QuadFit found better minimum quadopt=(dt=145.152,rms=0.606338) vs oldopt=(dt=103.68,rms=0.606532)
#GCMRL#  196 dt 145.152000 rms  0.606  0.172% neg 0  invalid 762 tFOTS 5.0530 tGradient 2.5070 tsec 7.9070
#FOTS# QuadFit found better minimum quadopt=(dt=62.208,rms=0.605755) vs oldopt=(dt=103.68,rms=0.605849)
#GCMRL#  197 dt  62.208000 rms  0.606  0.096% neg 0  invalid 762 tFOTS 4.7710 tGradient 2.0810 tsec 7.2020
#GCMRL#  198 dt 414.720000 rms  0.604  0.269% neg 0  invalid 762 tFOTS 4.7570 tGradient 2.0770 tsec 7.1810
#FOTS# QuadFit found better minimum quadopt=(dt=36.288,rms=0.602657) vs oldopt=(dt=25.92,rms=0.602907)
#GCMRL#  199 dt  36.288000 rms  0.603  0.243% neg 0  invalid 762 tFOTS 4.8040 tGradient 2.0550 tsec 7.2110
#FOTS# QuadFit found better minimum quadopt=(dt=82.944,rms=0.602245) vs oldopt=(dt=103.68,rms=0.602274)
#GCMRL#  200 dt  82.944000 rms  0.602  0.069% neg 0  invalid 762 tFOTS 4.7690 tGradient 2.2340 tsec 7.3520
#FOTS# QuadFit found better minimum quadopt=(dt=124.416,rms=0.601527) vs oldopt=(dt=103.68,rms=0.601556)
#GCMRL#  201 dt 124.416000 rms  0.602  0.119% neg 0  invalid 762 tFOTS 4.8650 tGradient 2.2720 tsec 7.5390
#FOTS# QuadFit found better minimum quadopt=(dt=36.288,rms=0.60112) vs oldopt=(dt=25.92,rms=0.601188)
#GCMRL#  202 dt  36.288000 rms  0.601  0.068% neg 0  invalid 762 tFOTS 4.4840 tGradient 2.3040 tsec 7.1340
#FOTS# QuadFit found better minimum quadopt=(dt=497.664,rms=0.599844) vs oldopt=(dt=414.72,rms=0.599853)
#GCMRL#  203 dt 497.664000 rms  0.600  0.212% neg 0  invalid 762 tFOTS 4.7690 tGradient 2.3350 tsec 7.4530
#FOTS# QuadFit found better minimum quadopt=(dt=36.288,rms=0.598504) vs oldopt=(dt=25.92,rms=0.598799)
#GCMRL#  204 dt  36.288000 rms  0.599  0.223% neg 0  invalid 762 tFOTS 4.8710 tGradient 2.2440 tsec 7.4640
#FOTS# QuadFit found better minimum quadopt=(dt=124.416,rms=0.597828) vs oldopt=(dt=103.68,rms=0.597831)
#GCMRL#  205 dt 124.416000 rms  0.598  0.113% neg 0  invalid 762 tFOTS 4.8600 tGradient 2.2820 tsec 7.5000
#FOTS# QuadFit found better minimum quadopt=(dt=36.288,rms=0.597464) vs oldopt=(dt=25.92,rms=0.59752)
#GCMRL#  206 dt  36.288000 rms  0.597  0.061% neg 0  invalid 762 tFOTS 4.5780 tGradient 2.1940 tsec 7.1690
#FOTS# QuadFit found better minimum quadopt=(dt=331.776,rms=0.596667) vs oldopt=(dt=414.72,rms=0.596694)
#GCMRL#  207 dt 331.776000 rms  0.597  0.133% neg 0  invalid 762 tFOTS 4.9460 tGradient 2.2500 tsec 7.5530
#FOTS# QuadFit found better minimum quadopt=(dt=62.4762,rms=0.595784) vs oldopt=(dt=103.68,rms=0.596055)
#GCMRL#  208 dt  62.476190 rms  0.596  0.148% neg 0  invalid 762 tFOTS 4.8740 tGradient 2.1090 tsec 7.3440
#FOTS# QuadFit found better minimum quadopt=(dt=82.944,rms=0.595461) vs oldopt=(dt=103.68,rms=0.595464)
#GCMRL#  209 dt  82.944000 rms  0.595  0.054% neg 0  invalid 762 tFOTS 4.8620 tGradient 2.1890 tsec 7.4140
#FOTS# QuadFit found better minimum quadopt=(dt=145.152,rms=0.594834) vs oldopt=(dt=103.68,rms=0.594947)
#GCMRL#  210 dt 145.152000 rms  0.595  0.105% neg 0  invalid 762 tFOTS 4.9000 tGradient 2.2180 tsec 7.4820
#FOTS# QuadFit found better minimum quadopt=(dt=36.288,rms=0.594625) vs oldopt=(dt=25.92,rms=0.59466)
#GCMRL#  211 dt  36.288000 rms  0.595  0.000% neg 0  invalid 762 tFOTS 5.1250 tGradient 2.1640 tsec 7.6700
#GCMRL#  212 dt  36.288000 rms  0.594  0.023% neg 0  invalid 762 tFOTS 0.0000 tGradient 2.1840 tsec 2.5240
#GCMRL#  213 dt  36.288000 rms  0.594  0.040% neg 0  invalid 762 tFOTS 0.0000 tGradient 2.2310 tsec 2.5730
#GCMRL#  214 dt  36.288000 rms  0.594  0.061% neg 0  invalid 762 tFOTS 0.0000 tGradient 2.2330 tsec 2.5720
#GCMRL#  215 dt  36.288000 rms  0.593  0.082% neg 0  invalid 762 tFOTS 0.0000 tGradient 2.1430 tsec 2.5160
#GCMRL#  216 dt  36.288000 rms  0.593  0.094% neg 0  invalid 762 tFOTS 0.0000 tGradient 2.1760 tsec 2.5190
#GCMRL#  217 dt  36.288000 rms  0.592  0.105% neg 0  invalid 762 tFOTS 0.0000 tGradient 2.3550 tsec 2.7300
#GCMRL#  218 dt  36.288000 rms  0.592  0.108% neg 0  invalid 762 tFOTS 0.0000 tGradient 2.2000 tsec 2.5390
#GCMRL#  219 dt  36.288000 rms  0.591  0.113% neg 0  invalid 762 tFOTS 0.0000 tGradient 2.1390 tsec 2.4820
#GCMRL#  220 dt  36.288000 rms  0.590  0.120% neg 0  invalid 762 tFOTS 0.0000 tGradient 2.2390 tsec 2.5820
#GCMRL#  221 dt  36.288000 rms  0.589  0.129% neg 0  invalid 762 tFOTS 0.0000 tGradient 2.1740 tsec 2.5190
#GCMRL#  222 dt  36.288000 rms  0.589  0.133% neg 0  invalid 762 tFOTS 0.0000 tGradient 2.1910 tsec 2.5390
#GCMRL#  223 dt  36.288000 rms  0.588  0.135% neg 0  invalid 762 tFOTS 0.0000 tGradient 2.1330 tsec 2.4750
#GCMRL#  224 dt  36.288000 rms  0.587  0.135% neg 0  invalid 762 tFOTS 0.0000 tGradient 2.1660 tsec 2.5040
#GCMRL#  225 dt  36.288000 rms  0.586  0.132% neg 0  invalid 762 tFOTS 0.0000 tGradient 2.0920 tsec 2.4330
#GCMRL#  226 dt  36.288000 rms  0.586  0.127% neg 0  invalid 762 tFOTS 0.0000 tGradient 2.1440 tsec 2.4840
#GCMRL#  227 dt  36.288000 rms  0.585  0.124% neg 0  invalid 762 tFOTS 0.0000 tGradient 2.1720 tsec 2.5110
#GCMRL#  228 dt  36.288000 rms  0.584  0.127% neg 0  invalid 762 tFOTS 0.0000 tGradient 2.1900 tsec 2.5310
#GCMRL#  229 dt  36.288000 rms  0.583  0.121% neg 0  invalid 762 tFOTS 0.0000 tGradient 2.1940 tsec 2.5350
#GCMRL#  230 dt  36.288000 rms  0.583  0.116% neg 0  invalid 762 tFOTS 0.0000 tGradient 2.1700 tsec 2.5130
#GCMRL#  231 dt  36.288000 rms  0.582  0.109% neg 0  invalid 762 tFOTS 0.0000 tGradient 2.2120 tsec 2.5510
#GCMRL#  232 dt  36.288000 rms  0.581  0.105% neg 0  invalid 762 tFOTS 0.0000 tGradient 2.2050 tsec 2.5460
#GCMRL#  233 dt  36.288000 rms  0.581  0.104% neg 0  invalid 762 tFOTS 0.0000 tGradient 2.1860 tsec 2.5240
#GCMRL#  234 dt  36.288000 rms  0.580  0.099% neg 0  invalid 762 tFOTS 0.0000 tGradient 2.1810 tsec 2.5250
#GCMRL#  235 dt  36.288000 rms  0.580  0.097% neg 0  invalid 762 tFOTS 0.0000 tGradient 2.1530 tsec 2.4900
#GCMRL#  236 dt  36.288000 rms  0.579  0.092% neg 0  invalid 762 tFOTS 0.0000 tGradient 2.2190 tsec 2.5560
#GCMRL#  237 dt  36.288000 rms  0.579  0.087% neg 0  invalid 762 tFOTS 0.0000 tGradient 2.1820 tsec 2.5220
#GCMRL#  238 dt  36.288000 rms  0.578  0.089% neg 0  invalid 762 tFOTS 0.0000 tGradient 2.2430 tsec 2.5880
#GCMRL#  239 dt  36.288000 rms  0.578  0.086% neg 0  invalid 762 tFOTS 0.0000 tGradient 2.1940 tsec 2.5370
#GCMRL#  240 dt  36.288000 rms  0.577  0.081% neg 0  invalid 762 tFOTS 0.0000 tGradient 2.2410 tsec 2.5830
#GCMRL#  241 dt  36.288000 rms  0.577  0.078% neg 0  invalid 762 tFOTS 0.0000 tGradient 2.1340 tsec 2.4740
#GCMRL#  242 dt  36.288000 rms  0.576  0.077% neg 0  invalid 762 tFOTS 0.0000 tGradient 2.1800 tsec 2.5190
#GCMRL#  243 dt  36.288000 rms  0.576  0.075% neg 0  invalid 762 tFOTS 0.0000 tGradient 2.1970 tsec 2.5360
#GCMRL#  244 dt  36.288000 rms  0.575  0.073% neg 0  invalid 762 tFOTS 0.0000 tGradient 2.2190 tsec 2.5610
#GCMRL#  245 dt  36.288000 rms  0.575  0.072% neg 0  invalid 762 tFOTS 0.0000 tGradient 2.1730 tsec 2.5150
#GCMRL#  246 dt  36.288000 rms  0.575  0.071% neg 0  invalid 762 tFOTS 0.0000 tGradient 2.2280 tsec 2.5690
#GCMRL#  247 dt  36.288000 rms  0.574  0.068% neg 0  invalid 762 tFOTS 0.0000 tGradient 2.2380 tsec 2.5770
#GCMRL#  248 dt  36.288000 rms  0.574  0.063% neg 0  invalid 762 tFOTS 0.0000 tGradient 2.2400 tsec 2.5780
#GCMRL#  249 dt  36.288000 rms  0.574  0.060% neg 0  invalid 762 tFOTS 0.0000 tGradient 2.1990 tsec 2.5390
#GCMRL#  250 dt  36.288000 rms  0.573  0.060% neg 0  invalid 762 tFOTS 0.0000 tGradient 2.2290 tsec 2.5660
#GCMRL#  251 dt  36.288000 rms  0.573  0.058% neg 0  invalid 762 tFOTS 0.0000 tGradient 2.2160 tsec 2.5560
#GCMRL#  252 dt  36.288000 rms  0.573  0.059% neg 0  invalid 762 tFOTS 0.0000 tGradient 2.2300 tsec 2.5660
#GCMRL#  253 dt  36.288000 rms  0.572  0.059% neg 0  invalid 762 tFOTS 0.0000 tGradient 2.1960 tsec 2.5340
#GCMRL#  254 dt  36.288000 rms  0.572  0.055% neg 0  invalid 762 tFOTS 0.0000 tGradient 2.1850 tsec 2.5280
#GCMRL#  255 dt  36.288000 rms  0.572  0.052% neg 0  invalid 762 tFOTS 0.0000 tGradient 2.2110 tsec 2.5520
#GCMRL#  256 dt  36.288000 rms  0.571  0.049% neg 0  invalid 762 tFOTS 0.0000 tGradient 2.1490 tsec 2.4910
#GCMRL#  257 dt  36.288000 rms  0.571  0.045% neg 0  invalid 762 tFOTS 0.0000 tGradient 2.1760 tsec 2.5140
#GCMRL#  258 dt  36.288000 rms  0.571  0.043% neg 0  invalid 762 tFOTS 0.0000 tGradient 2.1600 tsec 2.5010
#GCMRL#  259 dt  36.288000 rms  0.571  0.045% neg 0  invalid 762 tFOTS 0.0000 tGradient 2.2060 tsec 2.5470
#GCMRL#  260 dt  36.288000 rms  0.570  0.045% neg 0  invalid 762 tFOTS 0.0000 tGradient 2.1650 tsec 2.5080
#GCMRL#  261 dt  36.288000 rms  0.570  0.043% neg 0  invalid 762 tFOTS 0.0000 tGradient 2.1760 tsec 2.5120
#GCMRL#  262 dt  36.288000 rms  0.570  0.042% neg 0  invalid 762 tFOTS 0.0000 tGradient 2.1230 tsec 2.4610
#GCMRL#  263 dt  36.288000 rms  0.570  0.042% neg 0  invalid 762 tFOTS 0.0000 tGradient 2.1950 tsec 2.5410
#GCMRL#  264 dt  36.288000 rms  0.569  0.038% neg 0  invalid 762 tFOTS 0.0000 tGradient 2.1730 tsec 2.5130
#GCMRL#  265 dt  36.288000 rms  0.569  0.036% neg 0  invalid 762 tFOTS 0.0000 tGradient 2.1690 tsec 2.5090
#GCMRL#  266 dt  36.288000 rms  0.569  0.036% neg 0  invalid 762 tFOTS 0.0000 tGradient 2.1930 tsec 2.5350
#GCMRL#  267 dt  36.288000 rms  0.569  0.034% neg 0  invalid 762 tFOTS 0.0000 tGradient 2.2010 tsec 2.5420
#GCMRL#  268 dt  36.288000 rms  0.569  0.035% neg 0  invalid 762 tFOTS 0.0000 tGradient 2.1670 tsec 2.5110
#GCMRL#  269 dt  36.288000 rms  0.568  0.034% neg 0  invalid 762 tFOTS 0.0000 tGradient 2.1940 tsec 2.5340
#GCMRL#  270 dt  36.288000 rms  0.568  0.033% neg 0  invalid 762 tFOTS 0.0000 tGradient 2.1880 tsec 2.5290
#GCMRL#  271 dt  36.288000 rms  0.568  0.032% neg 0  invalid 762 tFOTS 0.0000 tGradient 2.2610 tsec 2.5930
#GCMRL#  272 dt  36.288000 rms  0.568  0.031% neg 0  invalid 762 tFOTS 0.0000 tGradient 2.0900 tsec 2.4080
#GCMRL#  273 dt  36.288000 rms  0.568  0.030% neg 0  invalid 762 tFOTS 0.0000 tGradient 2.1200 tsec 2.4430
#GCMRL#  274 dt  36.288000 rms  0.567  0.031% neg 0  invalid 762 tFOTS 0.0000 tGradient 2.0840 tsec 2.4010
#GCMRL#  275 dt  36.288000 rms  0.567  0.028% neg 0  invalid 762 tFOTS 0.0000 tGradient 2.0890 tsec 2.4030
#GCMRL#  276 dt  36.288000 rms  0.567  0.030% neg 0  invalid 762 tFOTS 0.0000 tGradient 2.0210 tsec 2.3510
#GCMRL#  277 dt  36.288000 rms  0.567  0.030% neg 0  invalid 762 tFOTS 0.0000 tGradient 2.1310 tsec 2.4560
#GCMRL#  278 dt  36.288000 rms  0.567  0.028% neg 0  invalid 762 tFOTS 0.0000 tGradient 2.0370 tsec 2.3650
#GCMRL#  279 dt  36.288000 rms  0.567  0.026% neg 0  invalid 762 tFOTS 0.0000 tGradient 2.0820 tsec 2.4130
#GCMRL#  280 dt  36.288000 rms  0.567  0.021% neg 0  invalid 762 tFOTS 0.0000 tGradient 2.1430 tsec 2.5050
#GCMRL#  281 dt  36.288000 rms  0.566  0.026% neg 0  invalid 762 tFOTS 0.0000 tGradient 2.1880 tsec 2.5190
#GCMRL#  282 dt  36.288000 rms  0.566  0.030% neg 0  invalid 762 tFOTS 0.0000 tGradient 2.0470 tsec 2.3850
#GCMRL#  283 dt  36.288000 rms  0.566  0.031% neg 0  invalid 762 tFOTS 0.0000 tGradient 2.0620 tsec 2.4000
#GCMRL#  284 dt  36.288000 rms  0.566  0.031% neg 0  invalid 762 tFOTS 0.0000 tGradient 2.1080 tsec 2.4500
#GCMRL#  285 dt  36.288000 rms  0.566  0.026% neg 0  invalid 762 tFOTS 0.0000 tGradient 2.1470 tsec 2.4850
#GCMRL#  286 dt  36.288000 rms  0.566  0.026% neg 0  invalid 762 tFOTS 0.0000 tGradient 2.1300 tsec 2.4370
#GCMRL#  287 dt  36.288000 rms  0.565  0.022% neg 0  invalid 762 tFOTS 0.0000 tGradient 2.0410 tsec 2.3700
#GCMRL#  288 dt  36.288000 rms  0.565  0.022% neg 0  invalid 762 tFOTS 0.0000 tGradient 2.0540 tsec 2.4020
#FOTS# QuadFit found better minimum quadopt=(dt=580.608,rms=0.565055) vs oldopt=(dt=414.72,rms=0.565091)
#GCMRL#  289 dt 580.608000 rms  0.565  0.042% neg 0  invalid 762 tFOTS 4.9010 tGradient 2.0630 tsec 7.3200
#FOTS# QuadFit found better minimum quadopt=(dt=20.736,rms=0.565043) vs oldopt=(dt=25.92,rms=0.565044)
#GCMRL#  290 dt  20.736000 rms  0.565  0.000% neg 0  invalid 762 tFOTS 4.9100 tGradient 2.0620 tsec 7.3540
#GCMRL#  291 dt  20.736000 rms  0.565  0.000% neg 0  invalid 762 tFOTS 0.0000 tGradient 2.1030 tsec 2.4320

#GCAMreg# pass 0 level1 4 level2 1 tsec 488.392 sigma 0.5
l_jacobian=1.00 l_label=1.00 l_log_likelihood=0.20 l_smoothness=0.03 
tol=5.00e-02, dt=5.00e-02, exp_k=20.0, momentum=0.90, levels=6, niter=500, lbl_dist=10.00, avgs=64, sigma=0.5,type=2, relabel=0, neg=no

blurring input image with Gaussian with sigma=0.500...
GCAMRegisterLevel(): init RMS 0.565692
#FOTS# QuadFit found better minimum quadopt=(dt=145.152,rms=0.562973) vs oldopt=(dt=103.68,rms=0.563346)
#GCMRL#  293 dt 145.152000 rms  0.563  0.481% neg 0  invalid 762 tFOTS 4.3500 tGradient 2.0260 tsec 6.7350
#FOTS# QuadFit found better minimum quadopt=(dt=82.944,rms=0.562492) vs oldopt=(dt=103.68,rms=0.562497)
#GCMRL#  294 dt  82.944000 rms  0.562  0.085% neg 0  invalid 762 tFOTS 4.6360 tGradient 2.0430 tsec 7.0350
#FOTS# QuadFit found better minimum quadopt=(dt=145.152,rms=0.562104) vs oldopt=(dt=103.68,rms=0.562123)
#GCMRL#  295 dt 145.152000 rms  0.562  0.069% neg 0  invalid 762 tFOTS 4.6310 tGradient 2.1440 tsec 7.1310
#FOTS# QuadFit found better minimum quadopt=(dt=62.208,rms=0.561737) vs oldopt=(dt=103.68,rms=0.561826)
#GCMRL#  296 dt  62.208000 rms  0.562  0.065% neg 0  invalid 762 tFOTS 4.6360 tGradient 2.0820 tsec 7.0740
#FOTS# QuadFit found better minimum quadopt=(dt=145.152,rms=0.561466) vs oldopt=(dt=103.68,rms=0.561487)
#GCMRL#  297 dt 145.152000 rms  0.561  0.000% neg 0  invalid 762 tFOTS 4.6820 tGradient 2.1730 tsec 7.2340
setting smoothness cost coefficient to 0.118

#GCAMreg# pass 0 level1 3 level2 0 tsec 0 sigma 2
l_jacobian=1.00 l_label=1.00 l_log_likelihood=0.20 l_smoothness=0.12 
tol=5.00e-02, dt=5.00e-02, exp_k=20.0, momentum=0.90, levels=6, niter=500, lbl_dist=10.00, avgs=16, sigma=2.0,type=2, relabel=0, neg=no

blurring input image with Gaussian with sigma=2.000...
GCAMRegisterLevel(): init RMS 0.57359
#FOTS# QuadFit found better minimum quadopt=(dt=44.8,rms=0.569722) vs oldopt=(dt=32,rms=0.57001)
#GCMRL#  299 dt  44.800000 rms  0.570  0.674% neg 0  invalid 762 tFOTS 4.5220 tGradient 1.6890 tsec 6.5610
#FOTS# QuadFit found better minimum quadopt=(dt=102.4,rms=0.56258) vs oldopt=(dt=128,rms=0.562943)
#GCMRL#  300 dt 102.400000 rms  0.563  1.254% neg 0  invalid 762 tFOTS 4.5970 tGradient 1.7130 tsec 6.6570
#FOTS# QuadFit found better minimum quadopt=(dt=25.6,rms=0.558634) vs oldopt=(dt=32,rms=0.558837)
#GCMRL#  301 dt  25.600000 rms  0.559  0.701% neg 0  invalid 762 tFOTS 4.6170 tGradient 1.7340 tsec 6.7030
#FOTS# QuadFit found better minimum quadopt=(dt=179.2,rms=0.552583) vs oldopt=(dt=128,rms=0.552943)
#GCMRL#  302 dt 179.200000 rms  0.553  1.083% neg 0  invalid 762 tFOTS 4.7890 tGradient 1.7770 tsec 6.9180
#FOTS# QuadFit found better minimum quadopt=(dt=27.6218,rms=0.547266) vs oldopt=(dt=32,rms=0.547467)
#GCMRL#  303 dt  27.621802 rms  0.547  0.962% neg 0  invalid 762 tFOTS 4.5190 tGradient 1.8180 tsec 6.6940
#FOTS# QuadFit found better minimum quadopt=(dt=44.8,rms=0.545549) vs oldopt=(dt=32,rms=0.545838)
#GCMRL#  304 dt  44.800000 rms  0.546  0.314% neg 0  invalid 762 tFOTS 4.7840 tGradient 1.7470 tsec 6.8830
#FOTS# QuadFit found better minimum quadopt=(dt=44.8,rms=0.544245) vs oldopt=(dt=32,rms=0.544429)
#GCMRL#  305 dt  44.800000 rms  0.544  0.239% neg 0  invalid 762 tFOTS 4.7700 tGradient 1.7520 tsec 6.8760
#FOTS# QuadFit found better minimum quadopt=(dt=44.8,rms=0.543143) vs oldopt=(dt=32,rms=0.543216)
#GCMRL#  306 dt  44.800000 rms  0.543  0.202% neg 0  invalid 762 tFOTS 4.7490 tGradient 1.7460 tsec 6.8520
#FOTS# QuadFit found better minimum quadopt=(dt=38.4,rms=0.541995) vs oldopt=(dt=32,rms=0.542003)
#GCMRL#  307 dt  38.400000 rms  0.542  0.211% neg 0  invalid 762 tFOTS 4.7560 tGradient 1.7660 tsec 6.9240
#GCMRL#  308 dt  32.000000 rms  0.541  0.163% neg 0  invalid 762 tFOTS 4.7200 tGradient 1.7800 tsec 6.8510
#FOTS# QuadFit found better minimum quadopt=(dt=44.8,rms=0.54007) vs oldopt=(dt=32,rms=0.540214)
#GCMRL#  309 dt  44.800000 rms  0.540  0.193% neg 0  invalid 762 tFOTS 4.7130 tGradient 1.7970 tsec 6.8620
#GCMRL#  310 dt  32.000000 rms  0.539  0.131% neg 0  invalid 762 tFOTS 4.8950 tGradient 1.7640 tsec 7.0330
#FOTS# QuadFit found better minimum quadopt=(dt=44.8,rms=0.538449) vs oldopt=(dt=32,rms=0.538575)
#GCMRL#  311 dt  44.800000 rms  0.538  0.170% neg 0  invalid 762 tFOTS 4.8120 tGradient 2.1380 tsec 7.3140
#GCMRL#  312 dt  32.000000 rms  0.538  0.109% neg 0  invalid 762 tFOTS 4.8150 tGradient 1.9680 tsec 7.1470
#FOTS# QuadFit found better minimum quadopt=(dt=44.8,rms=0.537094) vs oldopt=(dt=32,rms=0.537157)
#GCMRL#  313 dt  44.800000 rms  0.537  0.143% neg 0  invalid 762 tFOTS 4.8230 tGradient 1.9230 tsec 7.1110
#FOTS# QuadFit found better minimum quadopt=(dt=25.6,rms=0.53655) vs oldopt=(dt=32,rms=0.536579)
#GCMRL#  314 dt  25.600000 rms  0.537  0.101% neg 0  invalid 762 tFOTS 4.8230 tGradient 1.9440 tsec 7.1340
#FOTS# QuadFit found better minimum quadopt=(dt=102.4,rms=0.535561) vs oldopt=(dt=128,rms=0.535641)
#GCMRL#  315 dt 102.400000 rms  0.536  0.184% neg 0  invalid 762 tFOTS 4.7500 tGradient 1.9160 tsec 7.0250
#FOTS# QuadFit found better minimum quadopt=(dt=25.6,rms=0.534663) vs oldopt=(dt=32,rms=0.534776)
#GCMRL#  316 dt  25.600000 rms  0.535  0.168% neg 0  invalid 762 tFOTS 4.8210 tGradient 1.9620 tsec 7.1600
#FOTS# QuadFit found better minimum quadopt=(dt=102.4,rms=0.533668) vs oldopt=(dt=128,rms=0.533749)
#GCMRL#  317 dt 102.400000 rms  0.534  0.186% neg 0  invalid 762 tFOTS 4.4230 tGradient 1.9270 tsec 6.7100
#FOTS# QuadFit found better minimum quadopt=(dt=24.7547,rms=0.532965) vs oldopt=(dt=32,rms=0.533089)
#GCMRL#  318 dt  24.754717 rms  0.533  0.132% neg 0  invalid 762 tFOTS 5.0900 tGradient 2.0680 tsec 7.5390
#FOTS# QuadFit found better minimum quadopt=(dt=76.8,rms=0.53224) vs oldopt=(dt=128,rms=0.532347)
#GCMRL#  319 dt  76.800000 rms  0.532  0.136% neg 0  invalid 762 tFOTS 4.4300 tGradient 1.8940 tsec 6.6910
#FOTS# QuadFit found better minimum quadopt=(dt=25.6,rms=0.531735) vs oldopt=(dt=32,rms=0.531782)
#GCMRL#  320 dt  25.600000 rms  0.532  0.095% neg 0  invalid 762 tFOTS 4.6750 tGradient 1.9570 tsec 7.0000
#FOTS# QuadFit found better minimum quadopt=(dt=76.8,rms=0.531091) vs oldopt=(dt=128,rms=0.531261)
#GCMRL#  321 dt  76.800000 rms  0.531  0.121% neg 0  invalid 762 tFOTS 4.3970 tGradient 1.8740 tsec 6.6400
#FOTS# QuadFit found better minimum quadopt=(dt=19.2,rms=0.530704) vs oldopt=(dt=32,rms=0.530802)
#GCMRL#  322 dt  19.200000 rms  0.531  0.073% neg 0  invalid 762 tFOTS 4.6690 tGradient 1.9350 tsec 6.9720
#FOTS# QuadFit found better minimum quadopt=(dt=614.4,rms=0.527896) vs oldopt=(dt=512,rms=0.528146)
#GCMRL#  323 dt 614.400000 rms  0.528  0.529% neg 0  invalid 762 tFOTS 4.6410 tGradient 1.8830 tsec 6.8850
#FOTS# QuadFit found better minimum quadopt=(dt=44.8,rms=0.526162) vs oldopt=(dt=32,rms=0.526311)
#GCMRL#  324 dt  44.800000 rms  0.526  0.329% neg 0  invalid 762 tFOTS 4.6450 tGradient 2.2750 tsec 7.2800
#FOTS# QuadFit found better minimum quadopt=(dt=38.4,rms=0.525064) vs oldopt=(dt=32,rms=0.525094)
#GCMRL#  325 dt  38.400000 rms  0.525  0.209% neg 0  invalid 762 tFOTS 4.9440 tGradient 2.0020 tsec 7.3380
#FOTS# QuadFit found better minimum quadopt=(dt=25.6,rms=0.524828) vs oldopt=(dt=32,rms=0.524848)
#GCMRL#  326 dt  25.600000 rms  0.525  0.000% neg 0  invalid 762 tFOTS 4.7540 tGradient 2.3490 tsec 7.5010
#GCMRL#  327 dt  25.600000 rms  0.525  0.052% neg 0  invalid 762 tFOTS 0.0000 tGradient 1.7850 tsec 2.0900
#GCMRL#  328 dt  25.600000 rms  0.524  0.051% neg 0  invalid 762 tFOTS 0.0000 tGradient 1.6430 tsec 1.9510
#GCMRL#  329 dt  25.600000 rms  0.524  0.041% neg 0  invalid 762 tFOTS 0.0000 tGradient 1.6300 tsec 1.9390
#GCMRL#  330 dt  25.600000 rms  0.524  0.070% neg 0  invalid 762 tFOTS 0.0000 tGradient 1.6520 tsec 1.9570
#GCMRL#  331 dt  25.600000 rms  0.523  0.094% neg 0  invalid 762 tFOTS 0.0000 tGradient 1.6900 tsec 1.9940
#GCMRL#  332 dt  25.600000 rms  0.523  0.095% neg 0  invalid 762 tFOTS 0.0000 tGradient 1.7090 tsec 2.0160
#GCMRL#  333 dt  25.600000 rms  0.522  0.097% neg 0  invalid 762 tFOTS 0.0000 tGradient 1.6290 tsec 1.9310
#GCMRL#  334 dt  25.600000 rms  0.522  0.100% neg 0  invalid 762 tFOTS 0.0000 tGradient 1.6710 tsec 2.0670
#GCMRL#  335 dt  25.600000 rms  0.521  0.120% neg 0  invalid 762 tFOTS 0.0000 tGradient 1.6650 tsec 1.9680
#GCMRL#  336 dt  25.600000 rms  0.520  0.116% neg 0  invalid 762 tFOTS 0.0000 tGradient 1.6310 tsec 1.9330
#GCMRL#  337 dt  25.600000 rms  0.520  0.105% neg 0  invalid 762 tFOTS 0.0000 tGradient 1.6100 tsec 1.9140
#GCMRL#  338 dt  25.600000 rms  0.519  0.105% neg 0  invalid 762 tFOTS 0.0000 tGradient 1.6500 tsec 1.9500
#GCMRL#  339 dt  25.600000 rms  0.519  0.117% neg 0  invalid 762 tFOTS 0.0000 tGradient 1.6030 tsec 1.9060
#GCMRL#  340 dt  25.600000 rms  0.518  0.122% neg 0  invalid 762 tFOTS 0.0000 tGradient 1.6060 tsec 1.9010
#GCMRL#  341 dt  25.600000 rms  0.518  0.100% neg 0  invalid 762 tFOTS 0.0000 tGradient 1.6170 tsec 1.9120
#GCMRL#  342 dt  25.600000 rms  0.517  0.072% neg 0  invalid 762 tFOTS 0.0000 tGradient 1.6830 tsec 1.9760
#GCMRL#  343 dt  25.600000 rms  0.517  0.077% neg 0  invalid 762 tFOTS 0.0000 tGradient 1.6180 tsec 1.9100
#GCMRL#  344 dt  25.600000 rms  0.516  0.091% neg 0  invalid 762 tFOTS 0.0000 tGradient 1.6630 tsec 1.9610
#GCMRL#  345 dt  25.600000 rms  0.516  0.085% neg 0  invalid 762 tFOTS 0.0000 tGradient 1.6610 tsec 1.9580
#GCMRL#  346 dt  25.600000 rms  0.516  0.071% neg 0  invalid 762 tFOTS 0.0000 tGradient 1.6280 tsec 1.9230
#GCMRL#  347 dt  25.600000 rms  0.515  0.075% neg 0  invalid 762 tFOTS 0.0000 tGradient 1.6040 tsec 1.9010
#GCMRL#  348 dt  25.600000 rms  0.515  0.079% neg 0  invalid 762 tFOTS 0.0000 tGradient 1.6210 tsec 1.9160
#GCMRL#  349 dt  25.600000 rms  0.514  0.061% neg 0  invalid 762 tFOTS 0.0000 tGradient 1.6220 tsec 1.9170
#GCMRL#  350 dt  25.600000 rms  0.514  0.047% neg 0  invalid 762 tFOTS 0.0000 tGradient 1.6260 tsec 1.9190
#GCMRL#  351 dt  25.600000 rms  0.514  0.052% neg 0  invalid 762 tFOTS 0.0000 tGradient 1.6270 tsec 1.9220
#GCMRL#  352 dt  25.600000 rms  0.514  0.059% neg 0  invalid 762 tFOTS 0.0000 tGradient 1.5970 tsec 1.8900
#GCMRL#  353 dt  25.600000 rms  0.513  0.052% neg 0  invalid 762 tFOTS 0.0000 tGradient 1.6200 tsec 1.9230
#GCMRL#  354 dt  25.600000 rms  0.513  0.040% neg 0  invalid 762 tFOTS 0.0000 tGradient 1.5980 tsec 1.9010
#GCMRL#  355 dt  25.600000 rms  0.513  0.044% neg 0  invalid 762 tFOTS 0.0000 tGradient 1.6220 tsec 1.9250
#GCMRL#  356 dt  25.600000 rms  0.513  0.050% neg 0  invalid 762 tFOTS 0.0000 tGradient 1.6340 tsec 1.9350
#GCMRL#  357 dt  25.600000 rms  0.512  0.039% neg 0  invalid 762 tFOTS 0.0000 tGradient 1.5970 tsec 1.8990
#GCMRL#  358 dt  25.600000 rms  0.512  0.039% neg 0  invalid 762 tFOTS 0.0000 tGradient 1.6380 tsec 1.9410
#GCMRL#  359 dt  25.600000 rms  0.512  0.039% neg 0  invalid 762 tFOTS 0.0000 tGradient 1.6120 tsec 1.9120
#GCMRL#  360 dt  25.600000 rms  0.512  0.043% neg 0  invalid 762 tFOTS 0.0000 tGradient 1.6180 tsec 1.9200
#GCMRL#  361 dt  25.600000 rms  0.512  0.026% neg 0  invalid 762 tFOTS 0.0000 tGradient 1.5940 tsec 1.8980
#GCMRL#  362 dt  25.600000 rms  0.512  0.029% neg 0  invalid 762 tFOTS 0.0000 tGradient 1.5890 tsec 1.8950
#GCMRL#  363 dt  25.600000 rms  0.511  0.032% neg 0  invalid 762 tFOTS 0.0000 tGradient 1.5880 tsec 1.8930
#GCMRL#  364 dt  25.600000 rms  0.511  0.033% neg 0  invalid 762 tFOTS 0.0000 tGradient 1.6030 tsec 1.9010
#GCMRL#  365 dt  25.600000 rms  0.511  0.026% neg 0  invalid 762 tFOTS 0.0000 tGradient 1.5900 tsec 1.8850
#GCMRL#  366 dt  25.600000 rms  0.511  0.030% neg 0  invalid 762 tFOTS 0.0000 tGradient 1.6380 tsec 1.9350
#GCMRL#  367 dt  25.600000 rms  0.511  0.033% neg 0  invalid 762 tFOTS 0.0000 tGradient 1.5950 tsec 1.8880
#GCMRL#  368 dt  25.600000 rms  0.511  0.022% neg 0  invalid 762 tFOTS 0.0000 tGradient 1.6570 tsec 1.9510
#GCMRL#  369 dt  25.600000 rms  0.511  0.014% neg 0  invalid 762 tFOTS 0.0000 tGradient 1.6130 tsec 1.9280
#FOTS# QuadFit found better minimum quadopt=(dt=38.4,rms=0.510589) vs oldopt=(dt=32,rms=0.51059)
#GCMRL#  370 dt  38.400000 rms  0.511  0.000% neg 0  invalid 762 tFOTS 4.3050 tGradient 1.5940 tsec 6.2380

#GCAMreg# pass 0 level1 3 level2 1 tsec 296.09 sigma 0.5
l_jacobian=1.00 l_label=1.00 l_log_likelihood=0.20 l_smoothness=0.12 
tol=5.00e-02, dt=5.00e-02, exp_k=20.0, momentum=0.90, levels=6, niter=500, lbl_dist=10.00, avgs=16, sigma=0.5,type=2, relabel=0, neg=no

blurring input image with Gaussian with sigma=0.500...
GCAMRegisterLevel(): init RMS 0.511095
#FOTS# QuadFit found better minimum quadopt=(dt=44.8,rms=0.508652) vs oldopt=(dt=32,rms=0.508859)
#GCMRL#  372 dt  44.800000 rms  0.509  0.478% neg 0  invalid 762 tFOTS 4.3130 tGradient 1.8180 tsec 6.4450
#GCMRL#  373 dt  32.000000 rms  0.508  0.117% neg 0  invalid 762 tFOTS 4.5300 tGradient 1.6920 tsec 6.5980
#FOTS# QuadFit found better minimum quadopt=(dt=11.2,rms=0.507917) vs oldopt=(dt=8,rms=0.507947)
#GCMRL#  374 dt  11.200000 rms  0.508  0.000% neg 0  invalid 762 tFOTS 4.2760 tGradient 1.7220 tsec 6.3400
#GCMRL#  375 dt  11.200000 rms  0.508  0.025% neg 0  invalid 762 tFOTS 0.0000 tGradient 1.6510 tsec 1.9640
#GCMRL#  376 dt  11.200000 rms  0.508  0.027% neg 0  invalid 762 tFOTS 0.0000 tGradient 1.6340 tsec 1.9460
#GCMRL#  377 dt  11.200000 rms  0.507  0.033% neg 0  invalid 762 tFOTS 0.0000 tGradient 1.5690 tsec 1.8790
#GCMRL#  378 dt  11.200000 rms  0.507  0.043% neg 0  invalid 762 tFOTS 0.0000 tGradient 1.5720 tsec 1.8890
#GCMRL#  379 dt  11.200000 rms  0.507  0.039% neg 0  invalid 762 tFOTS 0.0000 tGradient 1.6690 tsec 1.9680
#GCMRL#  380 dt  11.200000 rms  0.507  0.030% neg 0  invalid 762 tFOTS 0.0000 tGradient 1.6150 tsec 1.9220
#GCMRL#  381 dt  11.200000 rms  0.507  0.019% neg 0  invalid 762 tFOTS 0.0000 tGradient 1.5720 tsec 1.8700
#GCMRL#  382 dt  11.200000 rms  0.507  0.012% neg 0  invalid 762 tFOTS 0.0000 tGradient 1.5690 tsec 1.8920
#FOTS# QuadFit found better minimum quadopt=(dt=76.8,rms=0.50654) vs oldopt=(dt=128,rms=0.506588)
#GCMRL#  383 dt  76.800000 rms  0.507  0.043% neg 0  invalid 762 tFOTS 4.3770 tGradient 1.6150 tsec 6.3110
#FOTS# QuadFit found better minimum quadopt=(dt=19.2,rms=0.506436) vs oldopt=(dt=32,rms=0.506455)
#GCMRL#  384 dt  19.200000 rms  0.506  0.000% neg 0  invalid 762 tFOTS 4.1110 tGradient 1.5900 tsec 6.0400
#GCMRL#  385 dt  19.200000 rms  0.506  0.022% neg 0  invalid 762 tFOTS 0.0000 tGradient 1.5720 tsec 1.8770
#GCMRL#  386 dt  19.200000 rms  0.506  0.024% neg 0  invalid 762 tFOTS 0.0000 tGradient 1.5700 tsec 1.8710
#GCMRL#  387 dt  19.200000 rms  0.506  0.029% neg 0  invalid 762 tFOTS 0.0000 tGradient 1.8650 tsec 2.2390
#GCMRL#  388 dt  19.200000 rms  0.506  0.031% neg 0  invalid 762 tFOTS 0.0000 tGradient 1.8330 tsec 2.1400
#GCMRL#  389 dt  19.200000 rms  0.506  0.042% neg 0  invalid 762 tFOTS 0.0000 tGradient 1.6230 tsec 1.9300
#GCMRL#  390 dt  19.200000 rms  0.505  0.043% neg 0  invalid 762 tFOTS 0.0000 tGradient 1.6390 tsec 1.9520
#GCMRL#  391 dt  19.200000 rms  0.505  0.037% neg 0  invalid 762 tFOTS 0.0000 tGradient 1.6310 tsec 1.9440
#GCMRL#  392 dt  19.200000 rms  0.505  0.034% neg 0  invalid 762 tFOTS 0.0000 tGradient 1.6490 tsec 1.9620
#GCMRL#  393 dt  19.200000 rms  0.505  0.035% neg 0  invalid 762 tFOTS 0.0000 tGradient 1.6280 tsec 1.9400
#GCMRL#  394 dt  19.200000 rms  0.505  0.037% neg 0  invalid 762 tFOTS 0.0000 tGradient 1.6320 tsec 1.9570
#GCMRL#  395 dt  19.200000 rms  0.505  0.030% neg 0  invalid 762 tFOTS 0.0000 tGradient 1.6690 tsec 1.9650
#GCMRL#  396 dt  19.200000 rms  0.504  0.024% neg 0  invalid 762 tFOTS 0.0000 tGradient 1.9390 tsec 2.2390
#GCMRL#  397 dt  19.200000 rms  0.504  0.029% neg 0  invalid 762 tFOTS 0.0000 tGradient 1.6800 tsec 1.9960
#GCMRL#  398 dt  19.200000 rms  0.504  0.034% neg 0  invalid 762 tFOTS 0.0000 tGradient 1.6240 tsec 1.9260
#GCMRL#  399 dt  19.200000 rms  0.504  0.035% neg 0  invalid 762 tFOTS 0.0000 tGradient 1.6510 tsec 1.9540
#GCMRL#  400 dt  19.200000 rms  0.504  0.034% neg 0  invalid 762 tFOTS 0.0000 tGradient 1.6420 tsec 1.9500
#GCMRL#  401 dt  19.200000 rms  0.504  0.029% neg 0  invalid 762 tFOTS 0.0000 tGradient 1.6290 tsec 1.9290
#GCMRL#  402 dt  19.200000 rms  0.504  0.027% neg 0  invalid 762 tFOTS 0.0000 tGradient 1.6430 tsec 1.9490
#GCMRL#  403 dt  19.200000 rms  0.503  0.031% neg 0  invalid 762 tFOTS 0.0000 tGradient 1.6200 tsec 1.9230
#GCMRL#  404 dt  19.200000 rms  0.503  0.026% neg 0  invalid 762 tFOTS 0.0000 tGradient 1.6270 tsec 1.9260
#GCMRL#  405 dt  19.200000 rms  0.503  0.026% neg 0  invalid 762 tFOTS 0.0000 tGradient 1.6280 tsec 1.9310
#GCMRL#  406 dt  19.200000 rms  0.503  0.030% neg 0  invalid 762 tFOTS 0.0000 tGradient 1.6240 tsec 1.9290
#GCMRL#  407 dt  19.200000 rms  0.503  0.029% neg 0  invalid 762 tFOTS 0.0000 tGradient 1.6300 tsec 1.9370
#GCMRL#  408 dt  19.200000 rms  0.503  0.025% neg 0  invalid 762 tFOTS 0.0000 tGradient 1.6210 tsec 1.9220
#GCMRL#  409 dt  19.200000 rms  0.503  0.023% neg 0  invalid 762 tFOTS 0.0000 tGradient 1.6170 tsec 1.9210
#GCMRL#  410 dt  19.200000 rms  0.502  0.022% neg 0  invalid 762 tFOTS 0.0000 tGradient 1.6190 tsec 1.9410
#FOTS# QuadFit found better minimum quadopt=(dt=44.8,rms=0.502428) vs oldopt=(dt=32,rms=0.502431)
#GCMRL#  411 dt  44.800000 rms  0.502  0.000% neg 0  invalid 762 tFOTS 4.1220 tGradient 1.6130 tsec 6.0680
setting smoothness cost coefficient to 0.400

#GCAMreg# pass 0 level1 2 level2 0 tsec 0 sigma 2
l_jacobian=1.00 l_label=1.00 l_log_likelihood=0.20 l_smoothness=0.40 
tol=5.00e-02, dt=5.00e-02, exp_k=20.0, momentum=0.90, levels=6, niter=500, lbl_dist=10.00, avgs=4, sigma=2.0,type=2, relabel=0, neg=no

blurring input image with Gaussian with sigma=2.000...
GCAMRegisterLevel(): init RMS 0.5297
#GCMRL#  413 dt   0.000000 rms  0.529  0.085% neg 0  invalid 762 tFOTS 3.9210 tGradient 1.4380 tsec 5.6700
#GCMRL#  414 dt   0.150000 rms  0.529  0.000% neg 0  invalid 762 tFOTS 4.2180 tGradient 1.4380 tsec 6.2960

#GCAMreg# pass 0 level1 2 level2 1 tsec 23.436 sigma 0.5
l_jacobian=1.00 l_label=1.00 l_log_likelihood=0.20 l_smoothness=0.40 
tol=5.00e-02, dt=5.00e-02, exp_k=20.0, momentum=0.90, levels=6, niter=500, lbl_dist=10.00, avgs=4, sigma=0.5,type=2, relabel=0, neg=no

blurring input image with Gaussian with sigma=0.500...
GCAMRegisterLevel(): init RMS 0.5297
#GCMRL#  416 dt   0.000000 rms  0.529  0.085% neg 0  invalid 762 tFOTS 4.1650 tGradient 1.4360 tsec 5.9150
#GCMRL#  417 dt   0.150000 rms  0.529  0.000% neg 0  invalid 762 tFOTS 4.1310 tGradient 1.4480 tsec 6.1980
setting smoothness cost coefficient to 1.000

#GCAMreg# pass 0 level1 1 level2 0 tsec 0 sigma 2
l_jacobian=1.00 l_label=1.00 l_log_likelihood=0.20 l_smoothness=1.00 
tol=5.00e-02, dt=5.00e-02, exp_k=20.0, momentum=0.90, levels=6, niter=500, lbl_dist=10.00, avgs=1, sigma=2.0,type=2, relabel=0, neg=no

blurring input image with Gaussian with sigma=2.000...
GCAMRegisterLevel(): init RMS 0.582542
#FOTS# QuadFit found better minimum quadopt=(dt=1.536,rms=0.577588) vs oldopt=(dt=1.28,rms=0.577627)
#GCMRL#  419 dt   1.536000 rms  0.578  0.850% neg 0  invalid 762 tFOTS 4.2180 tGradient 1.3270 tsec 5.8740
#FOTS# QuadFit found better minimum quadopt=(dt=0.112,rms=0.577582) vs oldopt=(dt=0.08,rms=0.577582)
#GCMRL#  420 dt   0.112000 rms  0.578  0.000% neg 0  invalid 762 tFOTS 4.2130 tGradient 1.3250 tsec 5.8940

#GCAMreg# pass 0 level1 1 level2 1 tsec 22.96 sigma 0.5
l_jacobian=1.00 l_label=1.00 l_log_likelihood=0.20 l_smoothness=1.00 
tol=5.00e-02, dt=5.00e-02, exp_k=20.0, momentum=0.90, levels=6, niter=500, lbl_dist=10.00, avgs=1, sigma=0.5,type=2, relabel=0, neg=no

blurring input image with Gaussian with sigma=0.500...
GCAMRegisterLevel(): init RMS 0.577986
#FOTS# QuadFit found better minimum quadopt=(dt=0.448,rms=0.577276) vs oldopt=(dt=0.32,rms=0.57732)
#GCMRL#  422 dt   0.448000 rms  0.577  0.123% neg 0  invalid 762 tFOTS 4.1790 tGradient 1.3180 tsec 5.8460
#FOTS# QuadFit found better minimum quadopt=(dt=0.112,rms=0.577237) vs oldopt=(dt=0.08,rms=0.577242)
#GCMRL#  423 dt   0.112000 rms  0.577  0.000% neg 0  invalid 762 tFOTS 4.1640 tGradient 1.3260 tsec 5.8540
#GCMRL#  424 dt   0.112000 rms  0.577  0.000% neg 0  invalid 762 tFOTS 0.0000 tGradient 1.3340 tsec 1.6590
resetting metric properties...
setting smoothness cost coefficient to 2.000

#GCAMreg# pass 0 level1 0 level2 0 tsec 0 sigma 2
l_jacobian=1.00 l_label=1.00 l_log_likelihood=0.20 l_smoothness=2.00 
tol=5.00e-02, dt=5.00e-02, exp_k=20.0, momentum=0.90, levels=6, niter=500, lbl_dist=10.00, avgs=0, sigma=2.0,type=2, relabel=0, neg=no

blurring input image with Gaussian with sigma=2.000...
GCAMRegisterLevel(): init RMS 0.517126
#FOTS# QuadFit found better minimum quadopt=(dt=0.448,rms=0.502995) vs oldopt=(dt=0.32,rms=0.506731)
#GCMRL#  426 dt   0.448000 rms  0.503  2.733% neg 0  invalid 762 tFOTS 3.7710 tGradient 0.8190 tsec 4.9110
#FOTS# QuadFit found better minimum quadopt=(dt=0.448,rms=0.499904) vs oldopt=(dt=0.32,rms=0.500764)
#GCMRL#  427 dt   0.448000 rms  0.500  0.614% neg 0  invalid 762 tFOTS 3.7700 tGradient 0.8520 tsec 4.9390
#FOTS# QuadFit found better minimum quadopt=(dt=0.448,rms=0.498049) vs oldopt=(dt=0.32,rms=0.498571)
#GCMRL#  428 dt   0.448000 rms  0.498  0.371% neg 0  invalid 762 tFOTS 3.7830 tGradient 0.7900 tsec 4.9010
#FOTS# QuadFit found better minimum quadopt=(dt=0.448,rms=0.496887) vs oldopt=(dt=0.32,rms=0.497216)
#GCMRL#  429 dt   0.448000 rms  0.497  0.233% neg 0  invalid 762 tFOTS 3.8710 tGradient 0.8160 tsec 5.0140
#FOTS# QuadFit found better minimum quadopt=(dt=0.448,rms=0.49603) vs oldopt=(dt=0.32,rms=0.496267)
#GCMRL#  430 dt   0.448000 rms  0.496  0.172% neg 0  invalid 762 tFOTS 3.8530 tGradient 0.8090 tsec 4.9940
#FOTS# QuadFit found better minimum quadopt=(dt=0.448,rms=0.495402) vs oldopt=(dt=0.32,rms=0.495582)
#GCMRL#  431 dt   0.448000 rms  0.495  0.127% neg 0  invalid 762 tFOTS 3.8310 tGradient 0.8160 tsec 4.9750
#FOTS# QuadFit found better minimum quadopt=(dt=0.448,rms=0.494887) vs oldopt=(dt=0.32,rms=0.495028)
#GCMRL#  432 dt   0.448000 rms  0.495  0.104% neg 0  invalid 762 tFOTS 3.8250 tGradient 0.8110 tsec 4.9640
#FOTS# QuadFit found better minimum quadopt=(dt=0.448,rms=0.494492) vs oldopt=(dt=0.32,rms=0.494603)
#GCMRL#  433 dt   0.448000 rms  0.494  0.080% neg 0  invalid 762 tFOTS 3.8230 tGradient 0.8080 tsec 4.9600
#FOTS# QuadFit found better minimum quadopt=(dt=0.448,rms=0.494145) vs oldopt=(dt=0.32,rms=0.494238)
#GCMRL#  434 dt   0.448000 rms  0.494  0.070% neg 0  invalid 762 tFOTS 3.8160 tGradient 0.8030 tsec 4.9470
#FOTS# QuadFit found better minimum quadopt=(dt=0.448,rms=0.49388) vs oldopt=(dt=0.32,rms=0.493954)
#GCMRL#  435 dt   0.448000 rms  0.494  0.054% neg 0  invalid 762 tFOTS 3.9960 tGradient 0.9030 tsec 5.2250
#FOTS# QuadFit found better minimum quadopt=(dt=0.448,rms=0.493631) vs oldopt=(dt=0.32,rms=0.493695)
#GCMRL#  436 dt   0.448000 rms  0.494  0.050% neg 0  invalid 762 tFOTS 3.8720 tGradient 0.8000 tsec 5.0010
#FOTS# QuadFit found better minimum quadopt=(dt=0.448,rms=0.493447) vs oldopt=(dt=0.32,rms=0.493498)
#GCMRL#  437 dt   0.448000 rms  0.493  0.000% neg 0  invalid 762 tFOTS 3.9300 tGradient 0.8130 tsec 5.1660
#GCMRL#  438 dt   0.448000 rms  0.493  0.037% neg 0  invalid 762 tFOTS 0.0000 tGradient 0.9580 tsec 1.3350
#GCMRL#  439 dt   0.448000 rms  0.493  0.060% neg 0  invalid 762 tFOTS 0.0000 tGradient 0.8370 tsec 1.1440
#GCMRL#  440 dt   0.448000 rms  0.493  0.076% neg 0  invalid 762 tFOTS 0.0000 tGradient 0.8070 tsec 1.1240
#GCMRL#  441 dt   0.448000 rms  0.492  0.077% neg 0  invalid 762 tFOTS 0.0000 tGradient 0.8090 tsec 1.1190
#GCMRL#  442 dt   0.448000 rms  0.492  0.069% neg 0  invalid 762 tFOTS 0.0000 tGradient 0.8100 tsec 1.1240
#GCMRL#  443 dt   0.448000 rms  0.492  0.056% neg 0  invalid 762 tFOTS 0.0000 tGradient 0.8030 tsec 1.1250
#GCMRL#  444 dt   0.448000 rms  0.492 -0.007% neg 0  invalid 762 tFOTS 0.0000 tGradient 0.8040 tsec 1.5190

#GCAMreg# pass 0 level1 0 level2 1 tsec 84.163 sigma 0.5
l_jacobian=1.00 l_label=1.00 l_log_likelihood=0.20 l_smoothness=2.00 
tol=5.00e-02, dt=5.00e-02, exp_k=20.0, momentum=0.90, levels=6, niter=500, lbl_dist=10.00, avgs=0, sigma=0.5,type=2, relabel=0, neg=no

blurring input image with Gaussian with sigma=0.500...
GCAMRegisterLevel(): init RMS 0.492149
#FOTS# QuadFit found better minimum quadopt=(dt=0.448,rms=0.487853) vs oldopt=(dt=0.32,rms=0.488856)
#GCMRL#  446 dt   0.448000 rms  0.488  0.873% neg 0  invalid 762 tFOTS 3.7860 tGradient 0.7940 tsec 4.9060
#FOTS# QuadFit found better minimum quadopt=(dt=0.448,rms=0.48751) vs oldopt=(dt=0.32,rms=0.487597)
#GCMRL#  447 dt   0.448000 rms  0.488  0.070% neg 0  invalid 762 tFOTS 3.7880 tGradient 0.8080 tsec 4.9230
#FOTS# QuadFit found better minimum quadopt=(dt=0.448,rms=0.487409) vs oldopt=(dt=0.32,rms=0.487434)
#GCMRL#  448 dt   0.448000 rms  0.487  0.000% neg 0  invalid 762 tFOTS 4.0770 tGradient 0.7960 tsec 5.2180
#GCMRL#  449 dt   0.448000 rms  0.487  0.006% neg 0  invalid 762 tFOTS 0.0000 tGradient 0.8300 tsec 1.1520
#GCMRL#  450 dt   0.448000 rms  0.487  0.002% neg 0  invalid 762 tFOTS 0.0000 tGradient 0.8300 tsec 1.1500
GCAMregister done in 25.6445 min
********************* ALLOWING NEGATIVE NODES IN DEFORMATION********************************
noneg post
Starting GCAMregister()
label assignment complete, 0 changed (0.00%)
npasses = 1, nlevels = 6
#pass# 1 of 1 ************************
enabling zero nodes
setting smoothness cost coefficient to 0.008

#GCAMreg# pass 0 level1 5 level2 0 tsec 0 sigma 2
l_jacobian=1.00 l_label=1.00 l_log_likelihood=0.20 l_smoothness=0.01 
tol=2.50e-01, dt=5.00e-02, exp_k=20.0, momentum=0.90, levels=6, niter=500, lbl_dist=10.00, avgs=256, sigma=2.0,type=2, relabel=0, neg=yes

blurring input image with Gaussian with sigma=2.000...
GCAMRegisterLevel(): init RMS 0.485537
#FOTS# QuadFit found better minimum quadopt=(dt=18.496,rms=0.484979) vs oldopt=(dt=23.12,rms=0.484979)
#GCMRL#  452 dt  18.496000 rms  0.485  0.115% neg 0  invalid 762 tFOTS 5.0900 tGradient 2.3570 tsec 7.7740
#FOTS# QuadFit found better minimum quadopt=(dt=1.734,rms=0.484977) vs oldopt=(dt=1.445,rms=0.484977)
#GCMRL#  453 dt   1.734000 rms  0.485  0.000% neg 0  invalid 762 tFOTS 4.9330 tGradient 2.3900 tsec 7.6700
#GCMRL#  454 dt   1.734000 rms  0.485  0.000% neg 0  invalid 762 tFOTS 0.0000 tGradient 2.3020 tsec 2.6130

#GCAMreg# pass 0 level1 5 level2 1 tsec 29.795 sigma 0.5
l_jacobian=1.00 l_label=1.00 l_log_likelihood=0.20 l_smoothness=0.01 
tol=2.50e-01, dt=5.00e-02, exp_k=20.0, momentum=0.90, levels=6, niter=500, lbl_dist=10.00, avgs=256, sigma=0.5,type=2, relabel=0, neg=yes

blurring input image with Gaussian with sigma=0.500...
GCAMRegisterLevel(): init RMS 0.485533
#FOTS# QuadFit found better minimum quadopt=(dt=221.952,rms=0.484613) vs oldopt=(dt=369.92,rms=0.484709)
#GCMRL#  456 dt 221.952000 rms  0.485  0.190% neg 0  invalid 762 tFOTS 4.6860 tGradient 2.3630 tsec 7.3720
#FOTS# QuadFit found better minimum quadopt=(dt=110.976,rms=0.48445) vs oldopt=(dt=92.48,rms=0.484458)
#GCMRL#  457 dt 110.976000 rms  0.484  0.000% neg 0  invalid 762 tFOTS 4.6580 tGradient 2.3200 tsec 7.3280
#GCMRL#  458 dt 110.976000 rms  0.484  0.013% neg 0  invalid 762 tFOTS 0.0000 tGradient 2.3330 tsec 2.6470
#GCMRL#  459 dt 110.976000 rms  0.484  0.016% neg 0  invalid 762 tFOTS 0.0000 tGradient 2.3270 tsec 2.6410
#GCMRL#  460 dt 110.976000 rms  0.484  0.025% neg 0  invalid 762 tFOTS 0.0000 tGradient 2.3220 tsec 2.6380
#GCMRL#  461 dt 110.976000 rms  0.484  0.024% neg 0  invalid 762 tFOTS 0.0000 tGradient 2.4120 tsec 2.7210
setting smoothness cost coefficient to 0.031

#GCAMreg# pass 0 level1 4 level2 0 tsec 0 sigma 2
l_jacobian=1.00 l_label=1.00 l_log_likelihood=0.20 l_smoothness=0.03 
tol=2.50e-01, dt=5.00e-02, exp_k=20.0, momentum=0.90, levels=6, niter=500, lbl_dist=10.00, avgs=64, sigma=2.0,type=2, relabel=0, neg=yes

blurring input image with Gaussian with sigma=2.000...
GCAMRegisterLevel(): init RMS 0.484563
#GCMRL#  463 dt  25.920000 rms  0.484  0.135% neg 0  invalid 762 tFOTS 4.5570 tGradient 1.8540 tsec 6.7300
#FOTS# QuadFit found better minimum quadopt=(dt=20.736,rms=0.483877) vs oldopt=(dt=25.92,rms=0.483878)
#GCMRL#  464 dt  20.736000 rms  0.484  0.000% neg 0  invalid 762 tFOTS 4.7810 tGradient 1.8510 tsec 6.9770
#GCMRL#  465 dt  20.736000 rms  0.484  0.005% neg 0  invalid 762 tFOTS 0.0000 tGradient 1.7980 tsec 2.1110

#GCAMreg# pass 0 level1 4 level2 1 tsec 26.988 sigma 0.5
l_jacobian=1.00 l_label=1.00 l_log_likelihood=0.20 l_smoothness=0.03 
tol=2.50e-01, dt=5.00e-02, exp_k=20.0, momentum=0.90, levels=6, niter=500, lbl_dist=10.00, avgs=64, sigma=0.5,type=2, relabel=0, neg=yes

blurring input image with Gaussian with sigma=0.500...
GCAMRegisterLevel(): init RMS 0.484407
#FOTS# QuadFit found better minimum quadopt=(dt=145.152,rms=0.482071) vs oldopt=(dt=103.68,rms=0.48218)
#GCMRL#  467 dt 145.152000 rms  0.482  0.482% neg 0  invalid 762 tFOTS 4.5620 tGradient 1.8150 tsec 6.6940
#FOTS# QuadFit found better minimum quadopt=(dt=36.288,rms=0.48133) vs oldopt=(dt=25.92,rms=0.481438)
#GCMRL#  468 dt  36.288000 rms  0.481  0.000% neg 0  invalid 762 tFOTS 4.7980 tGradient 1.7990 tsec 6.9360
#GCMRL#  469 dt  36.288000 rms  0.481  0.036% neg 0  invalid 762 tFOTS 0.0000 tGradient 1.8390 tsec 2.1470
#GCMRL#  470 dt  36.288000 rms  0.481  0.060% neg 0  invalid 762 tFOTS 0.0000 tGradient 1.7720 tsec 2.0790
#GCMRL#  471 dt  36.288000 rms  0.480  0.081% neg 0  invalid 762 tFOTS 0.0000 tGradient 1.7870 tsec 2.0920
#GCMRL#  472 dt  36.288000 rms  0.480  0.101% neg 0  invalid 762 tFOTS 0.0000 tGradient 1.8010 tsec 2.1110
#GCMRL#  473 dt  36.288000 rms  0.479  0.109% neg 0  invalid 762 tFOTS 0.0000 tGradient 1.7940 tsec 2.0960
#GCMRL#  474 dt  36.288000 rms  0.479  0.104% neg 0  invalid 762 tFOTS 0.0000 tGradient 1.7940 tsec 2.1020
#GCMRL#  475 dt  36.288000 rms  0.479  0.094% neg 0  invalid 762 tFOTS 0.0000 tGradient 1.7960 tsec 2.1270
#FOTS# QuadFit found better minimum quadopt=(dt=124.416,rms=0.478409) vs oldopt=(dt=103.68,rms=0.478411)
setting smoothness cost coefficient to 0.118

#GCAMreg# pass 0 level1 3 level2 0 tsec 0 sigma 2
l_jacobian=1.00 l_label=1.00 l_log_likelihood=0.20 l_smoothness=0.12 
tol=2.50e-01, dt=5.00e-02, exp_k=20.0, momentum=0.90, levels=6, niter=500, lbl_dist=10.00, avgs=16, sigma=2.0,type=2, relabel=0, neg=yes

blurring input image with Gaussian with sigma=2.000...
GCAMRegisterLevel(): init RMS 0.479319
#FOTS# QuadFit found better minimum quadopt=(dt=44.8,rms=0.475983) vs oldopt=(dt=32,rms=0.476136)
iter 0, gcam->neg = 1
after 0 iterations, nbhd size=0, neg = 0
#GCMRL#  477 dt  44.800000 rms  0.476  0.696% neg 0  invalid 762 tFOTS 4.8150 tGradient 1.5100 tsec 7.3780
#FOTS# QuadFit found better minimum quadopt=(dt=63.3663,rms=0.473329) vs oldopt=(dt=32,rms=0.473827)
iter 0, gcam->neg = 4
after 4 iterations, nbhd size=0, neg = 0
#GCMRL#  478 dt  63.366337 rms  0.473  0.557% neg 0  invalid 762 tFOTS 4.9290 tGradient 1.5780 tsec 8.9700
#FOTS# QuadFit found better minimum quadopt=(dt=25.6,rms=0.471663) vs oldopt=(dt=32,rms=0.471721)
iter 0, gcam->neg = 2
after 2 iterations, nbhd size=0, neg = 0
#GCMRL#  479 dt  25.600000 rms  0.472  0.352% neg 0  invalid 762 tFOTS 5.2760 tGradient 1.9050 tsec 8.9960
#FOTS# QuadFit found better minimum quadopt=(dt=44.8,rms=0.470489) vs oldopt=(dt=32,rms=0.470596)
iter 0, gcam->neg = 4
after 1 iterations, nbhd size=0, neg = 0
#GCMRL#  480 dt  44.800000 rms  0.470  0.000% neg 0  invalid 762 tFOTS 4.9830 tGradient 1.9760 tsec 8.3740
iter 0, gcam->neg = 5
after 1 iterations, nbhd size=0, neg = 0
#GCMRL#  481 dt  44.800000 rms  0.470  0.059% neg 0  invalid 762 tFOTS 0.0000 tGradient 1.5550 tsec 2.9430
iter 0, gcam->neg = 4
after 9 iterations, nbhd size=1, neg = 0
#GCMRL#  482 dt  44.800000 rms  0.468  0.486% neg 0  invalid 762 tFOTS 0.0000 tGradient 1.6120 tsec 5.7860
iter 0, gcam->neg = 12
after 3 iterations, nbhd size=0, neg = 0
#GCMRL#  483 dt  44.800000 rms  0.467  0.128% neg 0  invalid 762 tFOTS 0.0000 tGradient 1.5070 tsec 3.5900
iter 0, gcam->neg = 6
after 13 iterations, nbhd size=1, neg = 0
#GCMRL#  484 dt  44.800000 rms  0.465  0.487% neg 0  invalid 762 tFOTS 0.0000 tGradient 1.5820 tsec 7.1440
iter 0, gcam->neg = 9
after 4 iterations, nbhd size=0, neg = 0
#GCMRL#  485 dt  44.800000 rms  0.465 -0.017% neg 0  invalid 762 tFOTS 0.0000 tGradient 1.5100 tsec 4.2550
#FOTS# QuadFit found better minimum quadopt=(dt=25.6,rms=0.46441) vs oldopt=(dt=32,rms=0.464426)
#GCMRL#  486 dt  25.600000 rms  0.464  0.091% neg 0  invalid 762 tFOTS 4.9310 tGradient 1.5150 tsec 6.7710
#FOTS# QuadFit found better minimum quadopt=(dt=44.8,rms=0.464028) vs oldopt=(dt=32,rms=0.464078)

#GCAMreg# pass 0 level1 3 level2 1 tsec 79.387 sigma 0.5
l_jacobian=1.00 l_label=1.00 l_log_likelihood=0.20 l_smoothness=0.12 
tol=2.50e-01, dt=5.00e-02, exp_k=20.0, momentum=0.90, levels=6, niter=500, lbl_dist=10.00, avgs=16, sigma=0.5,type=2, relabel=0, neg=yes

blurring input image with Gaussian with sigma=0.500...
GCAMRegisterLevel(): init RMS 0.4646
#FOTS# QuadFit found better minimum quadopt=(dt=56.0473,rms=0.460492) vs oldopt=(dt=32,rms=0.460958)
#GCMRL#  488 dt  56.047337 rms  0.460  0.884% neg 0  invalid 762 tFOTS 4.9950 tGradient 1.5720 tsec 6.8920
#FOTS# QuadFit found better minimum quadopt=(dt=25.6,rms=0.458918) vs oldopt=(dt=32,rms=0.459016)
#GCMRL#  489 dt  25.600000 rms  0.459  0.342% neg 0  invalid 762 tFOTS 4.9650 tGradient 1.6060 tsec 6.8990
#GCMRL#  490 dt  32.000000 rms  0.458  0.000% neg 0  invalid 762 tFOTS 4.9500 tGradient 1.5140 tsec 6.8050
#GCMRL#  491 dt  32.000000 rms  0.458  0.133% neg 0  invalid 762 tFOTS 0.0000 tGradient 1.7410 tsec 2.0420
#GCMRL#  492 dt  32.000000 rms  0.457  0.205% neg 0  invalid 762 tFOTS 0.0000 tGradient 1.6070 tsec 1.9050
#GCMRL#  493 dt  32.000000 rms  0.456  0.110% neg 0  invalid 762 tFOTS 0.0000 tGradient 1.6290 tsec 1.9260
#GCMRL#  494 dt  32.000000 rms  0.455  0.219% neg 0  invalid 762 tFOTS 0.0000 tGradient 1.7390 tsec 2.0420
#GCMRL#  495 dt  32.000000 rms  0.455  0.133% neg 0  invalid 762 tFOTS 0.0000 tGradient 1.6760 tsec 1.9750
iter 0, gcam->neg = 1
after 0 iterations, nbhd size=0, neg = 0
#GCMRL#  496 dt  32.000000 rms  0.454  0.119% neg 0  invalid 762 tFOTS 0.0000 tGradient 1.6760 tsec 2.6870
iter 0, gcam->neg = 2
after 2 iterations, nbhd size=0, neg = 0
#GCMRL#  497 dt  32.000000 rms  0.453  0.137% neg 0  invalid 762 tFOTS 0.0000 tGradient 1.6670 tsec 3.3660
iter 0, gcam->neg = 1
after 1 iterations, nbhd size=0, neg = 0
#GCMRL#  498 dt  32.000000 rms  0.453  0.162% neg 0  invalid 762 tFOTS 0.0000 tGradient 1.6630 tsec 3.0210
#GCMRL#  499 dt  32.000000 rms  0.452  0.147% neg 0  invalid 762 tFOTS 0.0000 tGradient 1.6780 tsec 1.9910
iter 0, gcam->neg = 2
after 4 iterations, nbhd size=0, neg = 0
#GCMRL#  500 dt  32.000000 rms  0.451  0.162% neg 0  invalid 762 tFOTS 0.0000 tGradient 1.6740 tsec 4.0800
iter 0, gcam->neg = 3
after 4 iterations, nbhd size=0, neg = 0
#GCMRL#  501 dt  32.000000 rms  0.451  0.135% neg 0  invalid 762 tFOTS 0.0000 tGradient 1.6720 tsec 4.0670
iter 0, gcam->neg = 1
after 0 iterations, nbhd size=0, neg = 0
#GCMRL#  502 dt  32.000000 rms  0.450  0.117% neg 0  invalid 762 tFOTS 0.0000 tGradient 1.7040 tsec 2.7210
iter 0, gcam->neg = 1
after 1 iterations, nbhd size=0, neg = 0
#GCMRL#  503 dt  32.000000 rms  0.450  0.106% neg 0  invalid 762 tFOTS 0.0000 tGradient 1.6640 tsec 3.0610
#FOTS# QuadFit found better minimum quadopt=(dt=11.2,rms=0.449511) vs oldopt=(dt=8,rms=0.449534)
#GCMRL#  504 dt  11.200000 rms  0.450  0.000% neg 0  invalid 762 tFOTS 4.8200 tGradient 1.6690 tsec 6.8260
#GCMRL#  505 dt  11.200000 rms  0.449  0.013% neg 0  invalid 762 tFOTS 0.0000 tGradient 1.6630 tsec 1.9570
#GCMRL#  506 dt  11.200000 rms  0.449  0.016% neg 0  invalid 762 tFOTS 0.0000 tGradient 1.6690 tsec 1.9640
#GCMRL#  507 dt  11.200000 rms  0.449  0.015% neg 0  invalid 762 tFOTS 0.0000 tGradient 1.6770 tsec 1.9720
setting smoothness cost coefficient to 0.400

#GCAMreg# pass 0 level1 2 level2 0 tsec 0 sigma 2
l_jacobian=1.00 l_label=1.00 l_log_likelihood=0.20 l_smoothness=0.40 
tol=2.50e-01, dt=5.00e-02, exp_k=20.0, momentum=0.90, levels=6, niter=500, lbl_dist=10.00, avgs=4, sigma=2.0,type=2, relabel=0, neg=yes

blurring input image with Gaussian with sigma=2.000...
GCAMRegisterLevel(): init RMS 0.45549
#GCMRL#  509 dt   0.000000 rms  0.455  0.136% neg 0  invalid 762 tFOTS 4.6240 tGradient 1.4570 tsec 6.4120

#GCAMreg# pass 0 level1 2 level2 1 tsec 21.813 sigma 0.5
l_jacobian=1.00 l_label=1.00 l_log_likelihood=0.20 l_smoothness=0.40 
tol=2.50e-01, dt=5.00e-02, exp_k=20.0, momentum=0.90, levels=6, niter=500, lbl_dist=10.00, avgs=4, sigma=0.5,type=2, relabel=0, neg=yes

blurring input image with Gaussian with sigma=0.500...
GCAMRegisterLevel(): init RMS 0.45549
#GCMRL#  511 dt   0.000000 rms  0.455  0.136% neg 0  invalid 762 tFOTS 4.3630 tGradient 1.4340 tsec 6.1130
setting smoothness cost coefficient to 1.000

#GCAMreg# pass 0 level1 1 level2 0 tsec 0 sigma 2
l_jacobian=1.00 l_label=1.00 l_log_likelihood=0.20 l_smoothness=1.00 
tol=2.50e-01, dt=5.00e-02, exp_k=20.0, momentum=0.90, levels=6, niter=500, lbl_dist=10.00, avgs=1, sigma=2.0,type=2, relabel=0, neg=yes

blurring input image with Gaussian with sigma=2.000...
GCAMRegisterLevel(): init RMS 0.467173
#FOTS# QuadFit found better minimum quadopt=(dt=1.024,rms=0.465662) vs oldopt=(dt=1.28,rms=0.46573)
#GCMRL#  513 dt   1.024000 rms  0.466  0.323% neg 0  invalid 762 tFOTS 4.9580 tGradient 1.2850 tsec 6.5960
#FOTS# QuadFit found better minimum quadopt=(dt=0.256,rms=0.465635) vs oldopt=(dt=0.32,rms=0.465639)
#GCMRL#  514 dt   0.256000 rms  0.466  0.000% neg 0  invalid 762 tFOTS 4.8900 tGradient 1.4090 tsec 6.6530

#GCAMreg# pass 0 level1 1 level2 1 tsec 23.718 sigma 0.5
l_jacobian=1.00 l_label=1.00 l_log_likelihood=0.20 l_smoothness=1.00 
tol=2.50e-01, dt=5.00e-02, exp_k=20.0, momentum=0.90, levels=6, niter=500, lbl_dist=10.00, avgs=1, sigma=0.5,type=2, relabel=0, neg=yes

blurring input image with Gaussian with sigma=0.500...
GCAMRegisterLevel(): init RMS 0.466228
#FOTS# QuadFit found better minimum quadopt=(dt=1.024,rms=0.4651) vs oldopt=(dt=1.28,rms=0.465111)
#GCMRL#  516 dt   1.024000 rms  0.465  0.242% neg 0  invalid 762 tFOTS 4.8520 tGradient 1.2990 tsec 6.4620
#FOTS# QuadFit found better minimum quadopt=(dt=0.448,rms=0.465042) vs oldopt=(dt=0.32,rms=0.465045)
#GCMRL#  517 dt   0.448000 rms  0.465  0.000% neg 0  invalid 762 tFOTS 4.6980 tGradient 1.3140 tsec 6.3520
resetting metric properties...
setting smoothness cost coefficient to 2.000

#GCAMreg# pass 0 level1 0 level2 0 tsec 0 sigma 2
l_jacobian=1.00 l_label=1.00 l_log_likelihood=0.20 l_smoothness=2.00 
tol=2.50e-01, dt=5.00e-02, exp_k=20.0, momentum=0.90, levels=6, niter=500, lbl_dist=10.00, avgs=0, sigma=2.0,type=2, relabel=0, neg=yes

blurring input image with Gaussian with sigma=2.000...
GCAMRegisterLevel(): init RMS 0.454594
#FOTS# QuadFit found better minimum quadopt=(dt=2.18317,rms=0.423044) vs oldopt=(dt=1.28,rms=0.42857)
iter 0, gcam->neg = 706
after 13 iterations, nbhd size=1, neg = 0
#GCMRL#  519 dt   2.183171 rms  0.424  6.800% neg 0  invalid 762 tFOTS 4.6180 tGradient 0.7530 tsec 10.8480
#FOTS# QuadFit found better minimum quadopt=(dt=0.048,rms=0.423557) vs oldopt=(dt=0.08,rms=0.42359)
#GCMRL#  520 dt   0.048000 rms  0.424  0.000% neg 0  invalid 762 tFOTS 4.6270 tGradient 0.7540 tsec 5.7200

#GCAMreg# pass 0 level1 0 level2 1 tsec 26.353 sigma 0.5
l_jacobian=1.00 l_label=1.00 l_log_likelihood=0.20 l_smoothness=2.00 
tol=2.50e-01, dt=5.00e-02, exp_k=20.0, momentum=0.90, levels=6, niter=500, lbl_dist=10.00, avgs=0, sigma=0.5,type=2, relabel=0, neg=yes

blurring input image with Gaussian with sigma=0.500...
GCAMRegisterLevel(): init RMS 0.424287
#FOTS# QuadFit found better minimum quadopt=(dt=0.064,rms=0.423416) vs oldopt=(dt=0.08,rms=0.423425)
#GCMRL#  522 dt   0.064000 rms  0.423  0.205% neg 0  invalid 762 tFOTS 4.6450 tGradient 0.7060 tsec 5.6680
#GCMRL#  523 dt   0.050000 rms  0.423  0.000% neg 0  invalid 762 tFOTS 4.5850 tGradient 0.7150 tsec 5.6430
label assignment complete, 0 changed (0.00%)
GCAMregister done in 6.48847 min
Starting GCAMcomputeMaxPriorLabels()
Morphing with label term set to 0 *******************************
Starting GCAMregister()
label assignment complete, 0 changed (0.00%)
npasses = 1, nlevels = 6
#pass# 1 of 1 ************************
enabling zero nodes
setting smoothness cost coefficient to 0.008

#GCAMreg# pass 0 level1 5 level2 0 tsec 0 sigma 2
l_jacobian=1.00 l_log_likelihood=0.20 l_smoothness=0.01 
tol=2.50e-01, dt=5.00e-02, exp_k=20.0, momentum=0.90, levels=6, niter=500, lbl_dist=10.00, avgs=256, sigma=2.0,type=2, relabel=0, neg=yes

blurring input image with Gaussian with sigma=2.000...
GCAMRegisterLevel(): init RMS 0.408207

#GCAMreg# pass 0 level1 5 level2 1 tsec 15.167 sigma 0.5
l_jacobian=1.00 l_log_likelihood=0.20 l_smoothness=0.01 
tol=2.50e-01, dt=5.00e-02, exp_k=20.0, momentum=0.90, levels=6, niter=500, lbl_dist=10.00, avgs=256, sigma=0.5,type=2, relabel=0, neg=yes

blurring input image with Gaussian with sigma=0.500...
GCAMRegisterLevel(): init RMS 0.408207
#FOTS# QuadFit found better minimum quadopt=(dt=4.624,rms=0.408207) vs oldopt=(dt=5.78,rms=0.408207)
#GCMRL#  526 dt   4.624000 rms  0.408  0.000% neg 0  invalid 762 tFOTS 4.5920 tGradient 1.9500 tsec 6.9120
#FOTS# QuadFit found better minimum quadopt=(dt=0.0270937,rms=0.408207) vs oldopt=(dt=0.0225781,rms=0.408207)
#GCMRL#  527 dt   0.027094 rms  0.408  0.000% neg 0  invalid 762 tFOTS 4.4140 tGradient 2.1190 tsec 6.8570
#GCMRL#  528 dt   0.027094 rms  0.408  0.000% neg 0  invalid 762 tFOTS 0.0000 tGradient 1.9800 tsec 2.2710
setting smoothness cost coefficient to 0.031

#GCAMreg# pass 0 level1 4 level2 0 tsec 0 sigma 2
l_jacobian=1.00 l_log_likelihood=0.20 l_smoothness=0.03 
tol=2.50e-01, dt=5.00e-02, exp_k=20.0, momentum=0.90, levels=6, niter=500, lbl_dist=10.00, avgs=64, sigma=2.0,type=2, relabel=0, neg=yes

blurring input image with Gaussian with sigma=2.000...
GCAMRegisterLevel(): init RMS 0.408394

#GCAMreg# pass 0 level1 4 level2 1 tsec 14.716 sigma 0.5
l_jacobian=1.00 l_log_likelihood=0.20 l_smoothness=0.03 
tol=2.50e-01, dt=5.00e-02, exp_k=20.0, momentum=0.90, levels=6, niter=500, lbl_dist=10.00, avgs=64, sigma=0.5,type=2, relabel=0, neg=yes

blurring input image with Gaussian with sigma=0.500...
GCAMRegisterLevel(): init RMS 0.408394
#FOTS# QuadFit found better minimum quadopt=(dt=20.736,rms=0.408354) vs oldopt=(dt=25.92,rms=0.408355)
#GCMRL#  531 dt  20.736000 rms  0.408  0.010% neg 0  invalid 762 tFOTS 4.1710 tGradient 1.5060 tsec 5.9770
#FOTS# QuadFit found better minimum quadopt=(dt=9.072,rms=0.408348) vs oldopt=(dt=6.48,rms=0.408349)
#GCMRL#  532 dt   9.072000 rms  0.408  0.000% neg 0  invalid 762 tFOTS 4.4090 tGradient 1.4820 tsec 6.2130
#GCMRL#  533 dt   9.072000 rms  0.408  0.001% neg 0  invalid 762 tFOTS 0.0000 tGradient 1.5000 tsec 1.7860
setting smoothness cost coefficient to 0.118

#GCAMreg# pass 0 level1 3 level2 0 tsec 0 sigma 2
l_jacobian=1.00 l_log_likelihood=0.20 l_smoothness=0.12 
tol=2.50e-01, dt=5.00e-02, exp_k=20.0, momentum=0.90, levels=6, niter=500, lbl_dist=10.00, avgs=16, sigma=2.0,type=2, relabel=0, neg=yes

blurring input image with Gaussian with sigma=2.000...
GCAMRegisterLevel(): init RMS 0.409053
#GCMRL#  535 dt   8.000000 rms  0.409  0.035% neg 0  invalid 762 tFOTS 4.4080 tGradient 1.2070 tsec 5.9130
#FOTS# QuadFit found better minimum quadopt=(dt=2.8,rms=0.408889) vs oldopt=(dt=2,rms=0.408893)
#GCMRL#  536 dt   2.800000 rms  0.409  0.000% neg 0  invalid 762 tFOTS 4.5130 tGradient 1.2040 tsec 6.0330
#GCMRL#  537 dt   2.800000 rms  0.409  0.002% neg 0  invalid 762 tFOTS 0.0000 tGradient 1.2050 tsec 1.4860

#GCAMreg# pass 0 level1 3 level2 1 tsec 23.588 sigma 0.5
l_jacobian=1.00 l_log_likelihood=0.20 l_smoothness=0.12 
tol=2.50e-01, dt=5.00e-02, exp_k=20.0, momentum=0.90, levels=6, niter=500, lbl_dist=10.00, avgs=16, sigma=0.5,type=2, relabel=0, neg=yes

blurring input image with Gaussian with sigma=0.500...
GCAMRegisterLevel(): init RMS 0.40888
#FOTS# QuadFit found better minimum quadopt=(dt=44.8,rms=0.407092) vs oldopt=(dt=32,rms=0.407358)
#GCMRL#  539 dt  44.800000 rms  0.407  0.437% neg 0  invalid 762 tFOTS 4.5790 tGradient 1.2240 tsec 6.1060
#FOTS# QuadFit found better minimum quadopt=(dt=44.8,rms=0.406313) vs oldopt=(dt=32,rms=0.406381)
#GCMRL#  540 dt  44.800000 rms  0.406  0.000% neg 0  invalid 762 tFOTS 4.1570 tGradient 1.2230 tsec 5.6980
#GCMRL#  541 dt  44.800000 rms  0.406  0.112% neg 0  invalid 762 tFOTS 0.0000 tGradient 1.2160 tsec 1.5030
iter 0, gcam->neg = 1
after 4 iterations, nbhd size=0, neg = 0
#GCMRL#  542 dt  44.800000 rms  0.405  0.277% neg 0  invalid 762 tFOTS 0.0000 tGradient 1.2180 tsec 3.7050
iter 0, gcam->neg = 7
after 13 iterations, nbhd size=1, neg = 0
#GCMRL#  543 dt  44.800000 rms  0.404  0.165% neg 0  invalid 762 tFOTS 0.0000 tGradient 1.3610 tsec 6.9320
iter 0, gcam->neg = 19
after 14 iterations, nbhd size=1, neg = 0
#GCMRL#  544 dt  44.800000 rms  0.403  0.148% neg 0  invalid 762 tFOTS 0.0000 tGradient 1.1690 tsec 7.0750
iter 0, gcam->neg = 11
after 10 iterations, nbhd size=1, neg = 0
#GCMRL#  545 dt  44.800000 rms  0.403  0.125% neg 0  invalid 762 tFOTS 0.0000 tGradient 1.1740 tsec 5.6910
iter 0, gcam->neg = 19
after 4 iterations, nbhd size=0, neg = 0
#GCMRL#  546 dt  44.800000 rms  0.402  0.188% neg 0  invalid 762 tFOTS 0.0000 tGradient 1.1830 tsec 3.6010
iter 0, gcam->neg = 14
after 9 iterations, nbhd size=1, neg = 0
#GCMRL#  547 dt  44.800000 rms  0.402  0.076% neg 0  invalid 762 tFOTS 0.0000 tGradient 1.1850 tsec 5.3760
iter 0, gcam->neg = 2
after 0 iterations, nbhd size=0, neg = 0
#GCMRL#  548 dt  44.800000 rms  0.401  0.116% neg 0  invalid 762 tFOTS 0.0000 tGradient 1.1700 tsec 2.2010
iter 0, gcam->neg = 11
after 2 iterations, nbhd size=0, neg = 0
#GCMRL#  549 dt  44.800000 rms  0.401  0.136% neg 0  invalid 762 tFOTS 0.0000 tGradient 1.1900 tsec 2.9070
iter 0, gcam->neg = 7
after 4 iterations, nbhd size=0, neg = 0
#GCMRL#  550 dt  44.800000 rms  0.401  0.091% neg 0  invalid 762 tFOTS 0.0000 tGradient 1.1670 tsec 3.5730
iter 0, gcam->neg = 4
after 3 iterations, nbhd size=0, neg = 0
#GCMRL#  551 dt  44.800000 rms  0.400  0.056% neg 0  invalid 762 tFOTS 0.0000 tGradient 1.1830 tsec 3.2680
#FOTS# QuadFit found better minimum quadopt=(dt=25.6,rms=0.400092) vs oldopt=(dt=32,rms=0.400121)
#GCMRL#  552 dt  25.600000 rms  0.400  0.000% neg 0  invalid 762 tFOTS 4.9370 tGradient 1.1750 tsec 6.5030
#GCMRL#  553 dt  25.600000 rms  0.400  0.021% neg 0  invalid 762 tFOTS 0.0000 tGradient 1.4440 tsec 1.7920
#GCMRL#  554 dt  25.600000 rms  0.400  0.018% neg 0  invalid 762 tFOTS 0.0000 tGradient 1.4710 tsec 1.7960
iter 0, gcam->neg = 1
after 0 iterations, nbhd size=0, neg = 0
#GCMRL#  555 dt  25.600000 rms  0.400  0.025% neg 0  invalid 762 tFOTS 0.0000 tGradient 1.1890 tsec 2.2220
iter 0, gcam->neg = 1
after 0 iterations, nbhd size=0, neg = 0
setting smoothness cost coefficient to 0.400

#GCAMreg# pass 0 level1 2 level2 0 tsec 0 sigma 2
l_jacobian=1.00 l_log_likelihood=0.20 l_smoothness=0.40 
tol=2.50e-01, dt=5.00e-02, exp_k=20.0, momentum=0.90, levels=6, niter=500, lbl_dist=10.00, avgs=4, sigma=2.0,type=2, relabel=0, neg=yes

blurring input image with Gaussian with sigma=2.000...
GCAMRegisterLevel(): init RMS 0.404576
#FOTS# QuadFit found better minimum quadopt=(dt=0.144,rms=0.404575) vs oldopt=(dt=0.18,rms=0.404575)
#GCMRL#  557 dt   0.144000 rms  0.405  0.000% neg 0  invalid 762 tFOTS 4.7030 tGradient 1.0280 tsec 6.0420
#FOTS# QuadFit found better minimum quadopt=(dt=0.036,rms=0.404575) vs oldopt=(dt=0.045,rms=0.404575)
#GCMRL#  558 dt   0.036000 rms  0.405  0.000% neg 0  invalid 762 tFOTS 4.6900 tGradient 1.0090 tsec 6.0350

#GCAMreg# pass 0 level1 2 level2 1 tsec 22.165 sigma 0.5
l_jacobian=1.00 l_log_likelihood=0.20 l_smoothness=0.40 
tol=2.50e-01, dt=5.00e-02, exp_k=20.0, momentum=0.90, levels=6, niter=500, lbl_dist=10.00, avgs=4, sigma=0.5,type=2, relabel=0, neg=yes

blurring input image with Gaussian with sigma=0.500...
GCAMRegisterLevel(): init RMS 0.404575
#FOTS# QuadFit found better minimum quadopt=(dt=4.66667,rms=0.404413) vs oldopt=(dt=2.88,rms=0.404431)
#GCMRL#  560 dt   4.666667 rms  0.404  0.040% neg 0  invalid 762 tFOTS 4.7440 tGradient 1.0100 tsec 6.0680
#FOTS# QuadFit found better minimum quadopt=(dt=3.456,rms=0.404359) vs oldopt=(dt=2.88,rms=0.404361)
#GCMRL#  561 dt   3.456000 rms  0.404  0.000% neg 0  invalid 762 tFOTS 4.6910 tGradient 1.0220 tsec 6.0690
iter 0, gcam->neg = 1
after 0 iterations, nbhd size=0, neg = 0
#GCMRL#  562 dt   3.456000 rms  0.404  0.007% neg 0  invalid 762 tFOTS 0.0000 tGradient 1.1080 tsec 2.2790
iter 0, gcam->neg = 1
after 1 iterations, nbhd size=0, neg = 0
setting smoothness cost coefficient to 1.000

#GCAMreg# pass 0 level1 1 level2 0 tsec 0 sigma 2
l_jacobian=1.00 l_log_likelihood=0.20 l_smoothness=1.00 
tol=2.50e-01, dt=5.00e-02, exp_k=20.0, momentum=0.90, levels=6, niter=500, lbl_dist=10.00, avgs=1, sigma=2.0,type=2, relabel=0, neg=yes

blurring input image with Gaussian with sigma=2.000...
GCAMRegisterLevel(): init RMS 0.412303
#FOTS# QuadFit found better minimum quadopt=(dt=4e-05,rms=0.412303) vs oldopt=(dt=5e-05,rms=0.412303)
#GCMRL#  564 dt   0.000040 rms  0.412  0.000% neg 0  invalid 762 tFOTS 6.3140 tGradient 1.0360 tsec 7.6680
#FOTS# QuadFit found better minimum quadopt=(dt=0,rms=0.412303) vs oldopt=(dt=0,rms=0.412303)
#GCMRL#  565 dt   0.100000 rms  0.412  0.000% neg 0  invalid 762 tFOTS 4.6400 tGradient 0.9210 tsec 5.9270

#GCAMreg# pass 0 level1 1 level2 1 tsec 23.221 sigma 0.5
l_jacobian=1.00 l_log_likelihood=0.20 l_smoothness=1.00 
tol=2.50e-01, dt=5.00e-02, exp_k=20.0, momentum=0.90, levels=6, niter=500, lbl_dist=10.00, avgs=1, sigma=0.5,type=2, relabel=0, neg=yes

blurring input image with Gaussian with sigma=0.500...
GCAMRegisterLevel(): init RMS 0.412303
resetting metric properties...
setting smoothness cost coefficient to 2.000

#GCAMreg# pass 0 level1 0 level2 0 tsec 0 sigma 2
l_jacobian=1.00 l_log_likelihood=0.20 l_smoothness=2.00 
tol=2.50e-01, dt=5.00e-02, exp_k=20.0, momentum=0.90, levels=6, niter=500, lbl_dist=10.00, avgs=0, sigma=2.0,type=2, relabel=0, neg=yes

blurring input image with Gaussian with sigma=2.000...
GCAMRegisterLevel(): init RMS 0.398929
#FOTS# QuadFit found better minimum quadopt=(dt=1.14977,rms=0.389683) vs oldopt=(dt=1.28,rms=0.389765)
iter 0, gcam->neg = 482
after 15 iterations, nbhd size=1, neg = 0
#GCMRL#  568 dt   1.149767 rms  0.391  2.096% neg 0  invalid 762 tFOTS 5.3520 tGradient 0.4070 tsec 13.0380
#GCMRL#  569 dt   0.000020 rms  0.391  0.000% neg 0  invalid 762 tFOTS 6.1640 tGradient 0.4030 tsec 6.9380

#GCAMreg# pass 0 level1 0 level2 1 tsec 29.136 sigma 0.5
l_jacobian=1.00 l_log_likelihood=0.20 l_smoothness=2.00 
tol=2.50e-01, dt=5.00e-02, exp_k=20.0, momentum=0.90, levels=6, niter=500, lbl_dist=10.00, avgs=0, sigma=0.5,type=2, relabel=0, neg=yes

blurring input image with Gaussian with sigma=0.500...
GCAMRegisterLevel(): init RMS 0.390569
#FOTS# QuadFit found better minimum quadopt=(dt=0.112,rms=0.390355) vs oldopt=(dt=0.08,rms=0.390371)
#GCMRL#  571 dt   0.112000 rms  0.390  0.055% neg 0  invalid 762 tFOTS 5.0770 tGradient 0.4020 tsec 5.8060
#FOTS# QuadFit found better minimum quadopt=(dt=0.096,rms=0.390277) vs oldopt=(dt=0.08,rms=0.390278)
#GCMRL#  572 dt   0.096000 rms  0.390  0.000% neg 0  invalid 762 tFOTS 4.7710 tGradient 0.3830 tsec 5.5130
#GCMRL#  573 dt   0.096000 rms  0.390  0.016% neg 0  invalid 762 tFOTS 0.0000 tGradient 0.3910 tsec 0.7240
GCAMregister done in 4.63785 min
writing output transformation to transforms/talairach.m3z...
GCAMwrite
Calls to gcamLogLikelihoodEnergy 4457 tmin = 1.94117
Calls to gcamLabelEnergy         3938 tmin = 1.42948
Calls to gcamJacobianEnergy      4457 tmin = 0.909317
Calls to gcamSmoothnessEnergy    4457 tmin = 5.38865
Calls to gcamLogLikelihoodTerm 575 tmin = 0.82395
Calls to gcamLabelTerm         525 tmin = 4.79748
Calls to gcamJacobianTerm      575 tmin = 1.13245
Calls to gcamSmoothnessTerm    575 tmin = 0.458933
Calls to gcamComputeGradient    575 tmin = 18.5497
Calls to gcamComputeMetricProperties    6088 tmin = 2.23503
mri_ca_register took 0 hours, 47 minutes and 33 seconds.
#VMPC# mri_ca_register VmPeak  3581428
FSRUNTIME@ mri_ca_register  0.7926 hours 16 threads
#--------------------------------------
#@# SubCort Seg Tue Mar 10 07:04:40 CET 2026

 mri_ca_label -relabel_unlikely 9 .3 -prior 0.5 -align norm.mgz transforms/talairach.m3z /opt/freesurfer/average/RB_all_2020-01-02.gca aseg.auto_noCCseg.mgz 

sysname  Linux
hostname dna007
machine  x86_64

setenv SUBJECTS_DIR /out/sourcedata/freesurfer
cd /out/sourcedata/freesurfer/sub-v1s6x0051370_ses-1/mri
mri_ca_label -relabel_unlikely 9 .3 -prior 0.5 -align norm.mgz transforms/talairach.m3z /opt/freesurfer/average/RB_all_2020-01-02.gca aseg.auto_noCCseg.mgz 

relabeling unlikely voxels with window_size = 9 and prior threshold 0.30
using Gibbs prior factor = 0.500
renormalizing sequences with structure alignment, equivalent to:
	-renormalize
	-renormalize_mean 0.500
	-regularize 0.500

== Number of threads available to for OpenMP = 16 == 
reading 1 input volumes
reading classifier array from /opt/freesurfer/average/RB_all_2020-01-02.gca
reading input volume from norm.mgz
average std[0] = 7.2
reading transform from transforms/talairach.m3z
setting orig areas to linear transform determinant scaled 6.88
Atlas used for the 3D morph was /opt/freesurfer/average/RB_all_2020-01-02.gca
average std = 7.2   using min determinant for regularization = 5.2
0 singular and 0 ill-conditioned covariance matrices regularized
labeling volume...
renormalizing by structure alignment....
renormalizing input #0
gca peak = 0.15521 (20)
mri peak = 0.14858 (17)
Left_Lateral_Ventricle (4): linear fit = 0.81 x + 0.0 (1722 voxels, overlap=0.580)
Left_Lateral_Ventricle (4): linear fit = 0.81 x + 0.0 (1722 voxels, peak = 16), gca=16.3
gca peak = 0.20380 (13)
mri peak = 0.17720 (17)
Right_Lateral_Ventricle (43): linear fit = 1.20 x + 0.0 (764 voxels, overlap=0.741)
Right_Lateral_Ventricle (43): linear fit = 1.20 x + 0.0 (764 voxels, peak = 16), gca=15.5
gca peak = 0.26283 (96)
mri peak = 0.14165 (101)
Right_Pallidum (52): linear fit = 1.05 x + 0.0 (713 voxels, overlap=0.576)
Right_Pallidum (52): linear fit = 1.05 x + 0.0 (713 voxels, peak = 101), gca=101.3
gca peak = 0.15814 (97)
mri peak = 0.22986 (102)
Left_Pallidum (13): linear fit = 1.07 x + 0.0 (622 voxels, overlap=0.361)
Left_Pallidum (13): linear fit = 1.07 x + 0.0 (622 voxels, peak = 103), gca=103.3
gca peak = 0.27624 (56)
mri peak = 0.11100 (69)
Right_Hippocampus (53): linear fit = 1.17 x + 0.0 (1033 voxels, overlap=0.017)
Right_Hippocampus (53): linear fit = 1.17 x + 0.0 (1033 voxels, peak = 66), gca=65.8
gca peak = 0.28723 (59)
mri peak = 0.12782 (64)
Left_Hippocampus (17): linear fit = 1.12 x + 0.0 (1062 voxels, overlap=0.425)
Left_Hippocampus (17): linear fit = 1.12 x + 0.0 (1062 voxels, peak = 66), gca=65.8
gca peak = 0.07623 (103)
mri peak = 0.13001 (107)
Right_Cerebral_White_Matter (41): linear fit = 1.03 x + 0.0 (52298 voxels, overlap=0.569)
Right_Cerebral_White_Matter (41): linear fit = 1.03 x + 0.0 (52298 voxels, peak = 107), gca=106.6
gca peak = 0.07837 (105)
mri peak = 0.13945 (108)
Left_Cerebral_White_Matter (2): linear fit = 1.02 x + 0.0 (57226 voxels, overlap=0.525)
Left_Cerebral_White_Matter (2): linear fit = 1.02 x + 0.0 (57226 voxels, peak = 108), gca=107.6
gca peak = 0.10165 (58)
mri peak = 0.05452 (60)
Left_Cerebral_Cortex (3): linear fit = 0.96 x + 0.0 (31212 voxels, overlap=0.969)
Left_Cerebral_Cortex (3): linear fit = 0.96 x + 0.0 (31212 voxels, peak = 56), gca=56.0
gca peak = 0.11113 (58)
mri peak = 0.05207 (62)
Right_Cerebral_Cortex (42): linear fit = 1.04 x + 0.0 (34726 voxels, overlap=0.946)
Right_Cerebral_Cortex (42): linear fit = 1.04 x + 0.0 (34726 voxels, peak = 61), gca=60.6
gca peak = 0.27796 (67)
mri peak = 0.13392 (79)
Right_Caudate (50): linear fit = 1.12 x + 0.0 (1374 voxels, overlap=0.234)
Right_Caudate (50): linear fit = 1.12 x + 0.0 (1374 voxels, peak = 75), gca=75.4
gca peak = 0.14473 (69)
mri peak = 0.14910 (79)
Left_Caudate (11): linear fit = 1.01 x + 0.0 (1325 voxels, overlap=0.677)
Left_Caudate (11): linear fit = 1.01 x + 0.0 (1325 voxels, peak = 70), gca=70.0
gca peak = 0.14301 (56)
mri peak = 0.05916 (63)
Left_Cerebellum_Cortex (8): linear fit = 1.13 x + 0.0 (24430 voxels, overlap=0.807)
Left_Cerebellum_Cortex (8): linear fit = 1.13 x + 0.0 (24430 voxels, peak = 64), gca=63.6
gca peak = 0.14610 (55)
mri peak = 0.06181 (66)
Right_Cerebellum_Cortex (47): linear fit = 1.15 x + 0.0 (28163 voxels, overlap=0.491)
Right_Cerebellum_Cortex (47): linear fit = 1.15 x + 0.0 (28163 voxels, peak = 64), gca=63.5
gca peak = 0.16309 (85)
mri peak = 0.11798 (88)
Left_Cerebellum_White_Matter (7): linear fit = 1.07 x + 0.0 (9637 voxels, overlap=0.562)
Left_Cerebellum_White_Matter (7): linear fit = 1.07 x + 0.0 (9637 voxels, peak = 91), gca=90.5
gca peak = 0.15172 (84)
mri peak = 0.13561 (90)
Right_Cerebellum_White_Matter (46): linear fit = 1.07 x + 0.0 (8706 voxels, overlap=0.365)
Right_Cerebellum_White_Matter (46): linear fit = 1.07 x + 0.0 (8706 voxels, peak = 89), gca=89.5
gca peak = 0.30461 (58)
mri peak = 0.12291 (71)
Left_Amygdala (18): linear fit = 1.22 x + 0.0 (537 voxels, overlap=0.049)
Left_Amygdala (18): linear fit = 1.22 x + 0.0 (537 voxels, peak = 70), gca=70.5
gca peak = 0.32293 (57)
mri peak = 0.10093 (66)
Right_Amygdala (54): linear fit = 1.16 x + 0.0 (641 voxels, overlap=0.063)
Right_Amygdala (54): linear fit = 1.16 x + 0.0 (641 voxels, peak = 66), gca=66.4
gca peak = 0.11083 (90)
mri peak = 0.06406 (89)
Left_Thalamus (10): linear fit = 1.04 x + 0.0 (5222 voxels, overlap=0.905)
Left_Thalamus (10): linear fit = 1.04 x + 0.0 (5222 voxels, peak = 94), gca=94.0
gca peak = 0.11393 (83)
mri peak = 0.07162 (90)
Right_Thalamus (49): linear fit = 1.08 x + 0.0 (5342 voxels, overlap=0.924)
Right_Thalamus (49): linear fit = 1.08 x + 0.0 (5342 voxels, peak = 89), gca=89.2
gca peak = 0.08575 (81)
mri peak = 0.09204 (89)
Left_Putamen (12): linear fit = 1.12 x + 0.0 (2256 voxels, overlap=0.508)
Left_Putamen (12): linear fit = 1.12 x + 0.0 (2256 voxels, peak = 90), gca=90.3
gca peak = 0.08618 (78)
mri peak = 0.07028 (83)
Right_Putamen (51): linear fit = 1.10 x + 0.0 (2299 voxels, overlap=0.639)
Right_Putamen (51): linear fit = 1.10 x + 0.0 (2299 voxels, peak = 85), gca=85.4
gca peak = 0.08005 (78)
mri peak = 0.09555 (88)
Brain_Stem (16): linear fit = 1.10 x + 0.0 (14852 voxels, overlap=0.492)
Brain_Stem (16): linear fit = 1.10 x + 0.0 (14852 voxels, peak = 85), gca=85.4
gca peak = 0.12854 (88)
mri peak = 0.10611 (99)
Right_VentralDC (60): linear fit = 1.11 x + 0.0 (1479 voxels, overlap=0.124)
Right_VentralDC (60): linear fit = 1.11 x + 0.0 (1479 voxels, peak = 97), gca=97.2
gca peak = 0.15703 (87)
mri peak = 0.11056 (99)
Left_VentralDC (28): linear fit = 1.11 x + 0.0 (1495 voxels, overlap=0.245)
Left_VentralDC (28): linear fit = 1.11 x + 0.0 (1495 voxels, peak = 96), gca=96.1
gca peak = 0.17522 (25)
mri peak = 1.00000 (26)
gca peak = 0.17113 (14)
mri peak = 0.30071 (19)
Fourth_Ventricle (15): linear fit = 1.25 x + 0.0 (147 voxels, overlap=0.282)
Fourth_Ventricle (15): linear fit = 1.25 x + 0.0 (147 voxels, peak = 18), gca=17.6
gca peak Unknown = 0.94777 ( 0)
gca peak Left_Inf_Lat_Vent = 0.16627 (28)
gca peak Third_Ventricle = 0.17522 (25)
gca peak CSF = 0.20346 (36)
gca peak Left_Accumbens_area = 0.70646 (62)
gca peak Left_undetermined = 1.00000 (28)
gca peak Left_vessel = 0.89917 (53)
gca peak Left_choroid_plexus = 0.11689 (35)
gca peak Right_Inf_Lat_Vent = 0.25504 (23)
gca peak Right_Accumbens_area = 0.31650 (65)
gca peak Right_vessel = 0.77268 (52)
gca peak Right_choroid_plexus = 0.13275 (38)
gca peak Fifth_Ventricle = 0.60973 (33)
gca peak WM_hypointensities = 0.11013 (77)
gca peak non_WM_hypointensities = 0.11354 (41)
gca peak Optic_Chiasm = 0.51646 (76)
not using caudate to estimate GM means
estimating mean gm scale to be 1.11 x + 0.0
estimating mean wm scale to be 1.03 x + 0.0
estimating mean csf scale to be 1.09 x + 0.0
saving intensity scales to aseg.auto_noCCseg.label_intensities.txt
renormalizing by structure alignment....
renormalizing input #0
gca peak = 0.17095 (15)
mri peak = 0.14858 (17)
Left_Lateral_Ventricle (4): linear fit = 0.99 x + 0.0 (1722 voxels, overlap=0.905)
Left_Lateral_Ventricle (4): linear fit = 0.99 x + 0.0 (1722 voxels, peak = 15), gca=14.8
gca peak = 0.16047 (15)
mri peak = 0.17720 (17)
Right_Lateral_Ventricle (43): linear fit = 0.92 x + 0.0 (764 voxels, overlap=0.596)
Right_Lateral_Ventricle (43): linear fit = 0.92 x + 0.0 (764 voxels, peak = 14), gca=13.7
gca peak = 0.21445 (101)
mri peak = 0.14165 (101)
Right_Pallidum (52): linear fit = 1.00 x + 0.0 (713 voxels, overlap=1.000)
Right_Pallidum (52): linear fit = 1.00 x + 0.0 (713 voxels, peak = 101), gca=101.0
gca peak = 0.17637 (101)
mri peak = 0.22986 (102)
Left_Pallidum (13): linear fit = 1.00 x + 0.0 (622 voxels, overlap=0.993)
Left_Pallidum (13): linear fit = 1.00 x + 0.0 (622 voxels, peak = 101), gca=101.0
gca peak = 0.27068 (65)
mri peak = 0.11100 (69)
Right_Hippocampus (53): linear fit = 1.00 x + 0.0 (1033 voxels, overlap=1.001)
Right_Hippocampus (53): linear fit = 1.00 x + 0.0 (1033 voxels, peak = 65), gca=65.0
gca peak = 0.32014 (63)
mri peak = 0.12782 (64)
Left_Hippocampus (17): linear fit = 1.00 x + 0.0 (1062 voxels, overlap=1.003)
Left_Hippocampus (17): linear fit = 1.00 x + 0.0 (1062 voxels, peak = 63), gca=63.0
gca peak = 0.07641 (107)
mri peak = 0.13001 (107)
Right_Cerebral_White_Matter (41): linear fit = 1.00 x + 0.0 (52298 voxels, overlap=0.714)
Right_Cerebral_White_Matter (41): linear fit = 1.00 x + 0.0 (52298 voxels, peak = 107), gca=107.0
gca peak = 0.07733 (107)
mri peak = 0.13945 (108)
Left_Cerebral_White_Matter (2): linear fit = 1.00 x + 0.0 (57226 voxels, overlap=0.641)
Left_Cerebral_White_Matter (2): linear fit = 1.00 x + 0.0 (57226 voxels, peak = 107), gca=107.0
gca peak = 0.10471 (56)
mri peak = 0.05452 (60)
Left_Cerebral_Cortex (3): linear fit = 1.02 x + 0.0 (31212 voxels, overlap=0.970)
Left_Cerebral_Cortex (3): linear fit = 1.02 x + 0.0 (31212 voxels, peak = 57), gca=57.4
gca peak = 0.10906 (61)
mri peak = 0.05207 (62)
Right_Cerebral_Cortex (42): linear fit = 0.99 x + 0.0 (34726 voxels, overlap=0.968)
Right_Cerebral_Cortex (42): linear fit = 0.99 x + 0.0 (34726 voxels, peak = 60), gca=60.1
gca peak = 0.22734 (75)
mri peak = 0.13392 (79)
Right_Caudate (50): linear fit = 1.00 x + 0.0 (1374 voxels, overlap=1.002)
Right_Caudate (50): linear fit = 1.00 x + 0.0 (1374 voxels, peak = 75), gca=75.0
gca peak = 0.14501 (70)
mri peak = 0.14910 (79)
Left_Caudate (11): linear fit = 1.02 x + 0.0 (1325 voxels, overlap=0.793)
Left_Caudate (11): linear fit = 1.02 x + 0.0 (1325 voxels, peak = 72), gca=71.8
gca peak = 0.12052 (63)
mri peak = 0.05916 (63)
Left_Cerebellum_Cortex (8): linear fit = 1.00 x + 0.0 (24430 voxels, overlap=1.000)
Left_Cerebellum_Cortex (8): linear fit = 1.00 x + 0.0 (24430 voxels, peak = 63), gca=63.0
gca peak = 0.13423 (64)
mri peak = 0.06181 (66)
Right_Cerebellum_Cortex (47): linear fit = 1.02 x + 0.0 (28163 voxels, overlap=0.991)
Right_Cerebellum_Cortex (47): linear fit = 1.02 x + 0.0 (28163 voxels, peak = 66), gca=65.6
gca peak = 0.15248 (90)
mri peak = 0.11798 (88)
Left_Cerebellum_White_Matter (7): linear fit = 0.99 x + 0.0 (9637 voxels, overlap=0.915)
Left_Cerebellum_White_Matter (7): linear fit = 0.99 x + 0.0 (9637 voxels, peak = 89), gca=88.7
gca peak = 0.16960 (90)
mri peak = 0.13561 (90)
Right_Cerebellum_White_Matter (46): linear fit = 1.00 x + 0.0 (8706 voxels, overlap=0.837)
Right_Cerebellum_White_Matter (46): linear fit = 1.00 x + 0.0 (8706 voxels, peak = 90), gca=89.6
gca peak = 0.29249 (69)
mri peak = 0.12291 (71)
Left_Amygdala (18): linear fit = 1.01 x + 0.0 (537 voxels, overlap=0.980)
Left_Amygdala (18): linear fit = 1.01 x + 0.0 (537 voxels, peak = 70), gca=70.0
gca peak = 0.29299 (66)
mri peak = 0.10093 (66)
Right_Amygdala (54): linear fit = 1.00 x + 0.0 (641 voxels, overlap=1.010)
Right_Amygdala (54): linear fit = 1.00 x + 0.0 (641 voxels, peak = 66), gca=66.0
gca peak = 0.10786 (92)
mri peak = 0.06406 (89)
Left_Thalamus (10): linear fit = 1.00 x + 0.0 (5222 voxels, overlap=0.993)
Left_Thalamus (10): linear fit = 1.00 x + 0.0 (5222 voxels, peak = 92), gca=91.5
gca peak = 0.10890 (87)
mri peak = 0.07162 (90)
Right_Thalamus (49): linear fit = 1.00 x + 0.0 (5342 voxels, overlap=0.982)
Right_Thalamus (49): linear fit = 1.00 x + 0.0 (5342 voxels, peak = 87), gca=86.6
gca peak = 0.08944 (84)
mri peak = 0.09204 (89)
Left_Putamen (12): linear fit = 1.00 x + 0.0 (2256 voxels, overlap=0.915)
Left_Putamen (12): linear fit = 1.00 x + 0.0 (2256 voxels, peak = 84), gca=83.6
gca peak = 0.08735 (83)
mri peak = 0.07028 (83)
Right_Putamen (51): linear fit = 1.00 x + 0.0 (2299 voxels, overlap=0.965)
Right_Putamen (51): linear fit = 1.00 x + 0.0 (2299 voxels, peak = 83), gca=83.0
gca peak = 0.08436 (86)
mri peak = 0.09555 (88)
Brain_Stem (16): linear fit = 1.01 x + 0.0 (14852 voxels, overlap=0.811)
Brain_Stem (16): linear fit = 1.01 x + 0.0 (14852 voxels, peak = 87), gca=87.3
gca peak = 0.10954 (97)
mri peak = 0.10611 (99)
Right_VentralDC (60): linear fit = 1.00 x + 0.0 (1479 voxels, overlap=0.778)
Right_VentralDC (60): linear fit = 1.00 x + 0.0 (1479 voxels, peak = 97), gca=97.5
gca peak = 0.15206 (96)
mri peak = 0.11056 (99)
Left_VentralDC (28): linear fit = 1.00 x + 0.0 (1495 voxels, overlap=0.825)
Left_VentralDC (28): linear fit = 1.00 x + 0.0 (1495 voxels, peak = 96), gca=95.5
gca peak = 0.16342 (29)
mri peak = 1.00000 (26)
gca peak = 0.16806 (20)
mri peak = 0.30071 (19)
Fourth_Ventricle (15): linear fit = 0.99 x + 0.0 (147 voxels, overlap=0.716)
Fourth_Ventricle (15): linear fit = 0.99 x + 0.0 (147 voxels, peak = 20), gca=19.7
gca peak Unknown = 0.94777 ( 0)
gca peak Left_Inf_Lat_Vent = 0.19959 (31)
gca peak Third_Ventricle = 0.16342 (29)
gca peak CSF = 0.24044 (39)
gca peak Left_Accumbens_area = 0.78267 (63)
gca peak Left_undetermined = 1.00000 (28)
gca peak Left_vessel = 0.89386 (53)
gca peak Left_choroid_plexus = 0.11541 (35)
gca peak Right_Inf_Lat_Vent = 0.21842 (27)
gca peak Right_Accumbens_area = 0.31512 (73)
gca peak Right_vessel = 0.77268 (52)
gca peak Right_choroid_plexus = 0.13275 (38)
gca peak Fifth_Ventricle = 0.60849 (36)
gca peak WM_hypointensities = 0.10741 (79)
gca peak non_WM_hypointensities = 0.14635 (42)
gca peak Optic_Chiasm = 0.61279 (76)
not using caudate to estimate GM means
estimating mean gm scale to be 1.00 x + 0.0
estimating mean wm scale to be 1.00 x + 0.0
estimating mean csf scale to be 0.96 x + 0.0
saving intensity scales to aseg.auto_noCCseg.label_intensities.txt
saving sequentially combined intensity scales to aseg.auto_noCCseg.label_intensities.txt
51520 voxels changed in iteration 0 of unlikely voxel relabeling
222 voxels changed in iteration 1 of unlikely voxel relabeling
4 voxels changed in iteration 2 of unlikely voxel relabeling
0 voxels changed in iteration 3 of unlikely voxel relabeling
37767 gm and wm labels changed (%22 to gray, %78 to white out of all changed labels)
346 hippocampal voxels changed.
0 amygdala voxels changed.
Reclassifying using Gibbs Priors
pass 1: 61854 changed. image ll: -2.102, PF=0.500
pass 2: 15610 changed. image ll: -2.101, PF=0.500
pass 3: 4817 changed.
31524 voxels changed in iteration 0 of unlikely voxel relabeling
126 voxels changed in iteration 1 of unlikely voxel relabeling
2 voxels changed in iteration 2 of unlikely voxel relabeling
0 voxels changed in iteration 3 of unlikely voxel relabeling
6522 voxels changed in iteration 0 of unlikely voxel relabeling
89 voxels changed in iteration 1 of unlikely voxel relabeling
3 voxels changed in iteration 2 of unlikely voxel relabeling
0 voxels changed in iteration 3 of unlikely voxel relabeling
6347 voxels changed in iteration 0 of unlikely voxel relabeling
96 voxels changed in iteration 1 of unlikely voxel relabeling
9 voxels changed in iteration 2 of unlikely voxel relabeling
0 voxels changed in iteration 3 of unlikely voxel relabeling
5468 voxels changed in iteration 0 of unlikely voxel relabeling
45 voxels changed in iteration 1 of unlikely voxel relabeling
0 voxels changed in iteration 2 of unlikely voxel relabeling
 !!!!!!!!! ventricle segment 0 with volume 189 above threshold 100 - not erasing !!!!!!!!!!
 !!!!!!!!! ventricle segment 1 with volume 7473 above threshold 100 - not erasing !!!!!!!!!!
 !!!!!!!!! ventricle segment 3 with volume 239 above threshold 100 - not erasing !!!!!!!!!!
 !!!!!!!!! ventricle segment 0 with volume 102 above threshold 100 - not erasing !!!!!!!!!!
 !!!!!!!!! ventricle segment 1 with volume 4927 above threshold 100 - not erasing !!!!!!!!!!
writing labeled volume to aseg.auto_noCCseg.mgz
mri_ca_label utimesec    1862.142276
mri_ca_label stimesec    2.928265
mri_ca_label ru_maxrss   2115644
mri_ca_label ru_ixrss    0
mri_ca_label ru_idrss    0
mri_ca_label ru_isrss    0
mri_ca_label ru_minflt   4299747
mri_ca_label ru_majflt   15
mri_ca_label ru_nswap    0
mri_ca_label ru_inblock  1142
mri_ca_label ru_oublock  712
mri_ca_label ru_msgsnd   0
mri_ca_label ru_msgrcv   0
mri_ca_label ru_nsignals 0
mri_ca_label ru_nvcsw    2317
mri_ca_label ru_nivcsw   1226
auto-labeling took 29 minutes and 44 seconds.
#--------------------------------------
#@# CC Seg Tue Mar 10 07:34:24 CET 2026

 mri_cc -aseg aseg.auto_noCCseg.mgz -o aseg.auto.mgz -lta /out/sourcedata/freesurfer/sub-v1s6x0051370_ses-1/mri/transforms/cc_up.lta sub-v1s6x0051370_ses-1 

will read input aseg from aseg.auto_noCCseg.mgz
writing aseg with cc labels to aseg.auto.mgz
will write lta as /out/sourcedata/freesurfer/sub-v1s6x0051370_ses-1/mri/transforms/cc_up.lta
reading aseg from /out/sourcedata/freesurfer/sub-v1s6x0051370_ses-1/mri/aseg.auto_noCCseg.mgz
reading norm from /out/sourcedata/freesurfer/sub-v1s6x0051370_ses-1/mri/norm.mgz
48951 voxels in left wm, 57922 in right wm, xrange [122, 132]
searching rotation angles z=[-8  6], y=[-5  9]
searching scale 1 Z rot -8.4  searching scale 1 Z rot -8.2  searching scale 1 Z rot -7.9  searching scale 1 Z rot -7.7  searching scale 1 Z rot -7.4  searching scale 1 Z rot -7.2  searching scale 1 Z rot -6.9  searching scale 1 Z rot -6.7  searching scale 1 Z rot -6.4  searching scale 1 Z rot -6.2  searching scale 1 Z rot -5.9  searching scale 1 Z rot -5.7  searching scale 1 Z rot -5.4  searching scale 1 Z rot -5.2  searching scale 1 Z rot -4.9  searching scale 1 Z rot -4.7  searching scale 1 Z rot -4.4  searching scale 1 Z rot -4.2  searching scale 1 Z rot -3.9  searching scale 1 Z rot -3.7  searching scale 1 Z rot -3.4  searching scale 1 Z rot -3.2  searching scale 1 Z rot -2.9  searching scale 1 Z rot -2.7  searching scale 1 Z rot -2.4  searching scale 1 Z rot -2.2  searching scale 1 Z rot -1.9  searching scale 1 Z rot -1.7  searching scale 1 Z rot -1.4  searching scale 1 Z rot -1.2  searching scale 1 Z rot -0.9  searching scale 1 Z rot -0.7  searching scale 1 Z rot -0.4  searching scale 1 Z rot -0.2  searching scale 1 Z rot 0.1  searching scale 1 Z rot 0.3  searching scale 1 Z rot 0.6  searching scale 1 Z rot 0.8  searching scale 1 Z rot 1.1  searching scale 1 Z rot 1.3  searching scale 1 Z rot 1.6  searching scale 1 Z rot 1.8  searching scale 1 Z rot 2.1  searching scale 1 Z rot 2.3  searching scale 1 Z rot 2.6  searching scale 1 Z rot 2.8  searching scale 1 Z rot 3.1  searching scale 1 Z rot 3.3  searching scale 1 Z rot 3.6  searching scale 1 Z rot 3.8  searching scale 1 Z rot 4.1  searching scale 1 Z rot 4.3  searching scale 1 Z rot 4.6  searching scale 1 Z rot 4.8  searching scale 1 Z rot 5.1  searching scale 1 Z rot 5.3  global minimum found at slice 127.2, rotations (2.09, -1.42)
final transformation (x=127.2, yr=2.091, zr=-1.423):
 0.99903   0.02484   0.03648  -5.19423;
-0.02482   0.99969  -0.00091   43.28196;
-0.03650  -0.00000   0.99933   24.71385;
 0.00000   0.00000   0.00000   1.00000;
updating x range to be [127, 131] in xformed coordinates
best xformed slice 129
min_x_fornix = 138
min_x_fornix = 145
min_x_fornix = 151
min_x_fornix = 137
min_x_fornix = 133
cc center is found at 129 88 108
eigenvectors:
 0.00140  -0.00252   1.00000;
 0.04770  -0.99886  -0.00258;
 0.99886   0.04770  -0.00128;
writing aseg with callosum to /out/sourcedata/freesurfer/sub-v1s6x0051370_ses-1/mri/aseg.auto.mgz...
corpus callosum segmentation took 0.6 minutes
#VMPC# mri_cc VmPeak  555452
mri_cc done
#--------------------------------------
#@# Merge ASeg Tue Mar 10 07:35:00 CET 2026

 cp aseg.auto.mgz aseg.presurf.mgz 

#--------------------------------------------
#@# Intensity Normalization2 Tue Mar 10 07:35:00 CET 2026
/out/sourcedata/freesurfer/sub-v1s6x0051370_ses-1/mri

 mri_normalize -seed 1234 -mprage -aseg aseg.presurf.mgz -mask brainmask.mgz norm.mgz brain.mgz 

setting seed for random number genererator to 1234
assuming input volume is MGH (Van der Kouwe) MP-RAGE
using segmentation for initial intensity normalization
using MR volume brainmask.mgz to mask input volume...
reading mri_src from norm.mgz...
Reading aseg aseg.presurf.mgz
normalizing image...
NOT doing gentle normalization with control points/label
processing with aseg
removing outliers in the aseg WM...
371 control points removed
Building bias image
building Voronoi diagram...
performing soap bubble smoothing, sigma = 0...
Smoothing with sigma 8
Applying bias correction
building Voronoi diagram...
performing soap bubble smoothing, sigma = 8...

Iterating 2 times
---------------------------------
3d normalization pass 1 of 2
white matter peak found at 110
white matter peak found at 109
gm peak at 65 (65), valley at 27 (27)
csf peak at 33, setting threshold to 54
building Voronoi diagram...
performing soap bubble smoothing, sigma = 8...
---------------------------------
3d normalization pass 2 of 2
white matter peak found at 110
white matter peak found at 110
gm peak at 67 (67), valley at 27 (27)
csf peak at 34, setting threshold to 56
building Voronoi diagram...
performing soap bubble smoothing, sigma = 8...
Done iterating ---------------------------------
writing output to brain.mgz
3D bias adjustment took 2 minutes and 20 seconds.
#--------------------------------------------
#@# Mask BFS Tue Mar 10 07:37:21 CET 2026
/out/sourcedata/freesurfer/sub-v1s6x0051370_ses-1/mri

 mri_mask -T 5 brain.mgz brainmask.mgz brain.finalsurfs.mgz 

threshold mask volume at 5
DoAbs = 0
Found 1614209 voxels in mask (pct=  9.62)
Writing masked volume to brain.finalsurfs.mgz...done.
#--------------------------------------------
#@# WM Segmentation Tue Mar 10 07:37:22 CET 2026

 AntsDenoiseImageFs -i brain.mgz -o antsdn.brain.mgz 


 mri_segment -wsizemm 13 -mprage antsdn.brain.mgz wm.seg.mgz 

wsizemm = 13, voxres = 1, wsize = 13
Widening wm low from 89 to 79
assuming input volume is MGH (Van der Kouwe) MP-RAGE
wm mean:  110
wsize:    13
wm low:   79
wm hi:    125
gray low: 30
gray hi:  99
Doing initial trinary intensity segmentation 
Using local statistics to label ambiguous voxels
Autodetecting stats
Computing class statistics for intensity windows...
CCS WM (104.0): 103.7 +- 5.6 [79.0 --> 125.0]
CCS GM (73.0) : 72.6 +- 9.3 [30.0 --> 95.0]
 white_mean 103.747
 white_sigma 5.56028
 gray_mean 72.5677
 gray_sigma 9.26246
setting bottom of white matter range wm_low to 81.8
setting top of gray matter range gray_hi to 91.1
 wm_low 81.8302
 wm_hi  125
 gray_low 30
 gray_hi  91.0927
Redoing initial intensity segmentation...
Recomputing local statistics to label ambiguous voxels...
 wm_low 81.8302
 wm_hi  125
 gray_low 30
 gray_hi  91.0927
using local geometry to label remaining ambiguous voxels...
polvwsize = 5, polvlen = 3, gray_hi = 91.0927, wm_low = 81.8302
MRIcpolvMedianCurveSegment(): wsize=5, len=3, gmhi=91.0927, wmlow=81.8302
    156205 voxels processed (0.93%)
     67808 voxels white (0.40%)
     88397 voxels non-white (0.53%)

Reclassifying voxels using Gaussian border classifier niter=1
MRIreclassify(): wm_low=76.8302, gray_hi=91.0927, wsize=13
    266045 voxels tested (1.59%)
     58063 voxels changed (0.35%)
     73981 multi-scale searches  (0.44%)
Recovering bright white
MRIrecoverBrightWhite()
 wm_low 81.8302
 wm_hi 125
 slack 5.56028
 pct_thresh 0.33
 intensity_thresh 130.56
 nvox_thresh 8.58
       54 voxels tested (0.00%)
       45 voxels changed (0.00%)

removing voxels with positive offset direction...
MRIremoveWrongDirection() wsize=3, lowthr=76.8302, hithr=91.0927
  smoothing input volume with sigma = 0.250
    82925 voxels tested (0.49%)
    18376 voxels changed (0.11%)
thicken = 1
removing 1-dimensional structures...
MRIremove1dStructures(): max_iter=10000, thresh=2, WM_MIN_VAL=5
 3445 sparsely connected voxels removed in 1 iterations
thickening thin strands....
thickness 4
nsegments 20
wm_hi 125
2518 diagonally connected voxels added...
MRIthickenThinWMStrands(): thickness=4, nsegments=20
  20 segments, 4086 filled
MRIfindBrightNonWM(): 224 bright non-wm voxels segmented.
MRIfilterMorphology() WM_MIN_VAL=5, DIAGONAL_FILL=230
white matter segmentation took 1.0 minutes
writing output to wm.seg.mgz...

 mri_edit_wm_with_aseg -keep-in wm.seg.mgz brain.mgz aseg.presurf.mgz wm.asegedit.mgz 

preserving editing changes in input volume...
auto filling took 0.42 minutes
reading wm segmentation from wm.seg.mgz...
0 voxels added to wm to prevent paths from MTL structures to cortex
2448 additional wm voxels added
0 additional wm voxels added
SEG EDIT: 39497 voxels turned on, 59990 voxels turned off.
propagating editing to output volume from wm.seg.mgz
writing edited volume to wm.asegedit.mgz....

 mri_pretess wm.asegedit.mgz wm norm.mgz wm.mgz 


Iteration Number : 1
pass   1 (xy+):  12 found -  12 modified     |    TOTAL:  12
pass   2 (xy+):   0 found -  12 modified     |    TOTAL:  12
pass   1 (xy-):  12 found -  12 modified     |    TOTAL:  24
pass   2 (xy-):   0 found -  12 modified     |    TOTAL:  24
pass   1 (yz+):   9 found -   9 modified     |    TOTAL:  33
pass   2 (yz+):   0 found -   9 modified     |    TOTAL:  33
pass   1 (yz-):  21 found -  21 modified     |    TOTAL:  54
pass   2 (yz-):   0 found -  21 modified     |    TOTAL:  54
pass   1 (xz+):  12 found -  12 modified     |    TOTAL:  66
pass   2 (xz+):   0 found -  12 modified     |    TOTAL:  66
pass   1 (xz-):  12 found -  12 modified     |    TOTAL:  78
pass   2 (xz-):   0 found -  12 modified     |    TOTAL:  78
Iteration Number : 1
pass   1 (+++):  14 found -  14 modified     |    TOTAL:  14
pass   2 (+++):   0 found -  14 modified     |    TOTAL:  14
pass   1 (+++):   4 found -   4 modified     |    TOTAL:  18
pass   2 (+++):   0 found -   4 modified     |    TOTAL:  18
pass   1 (+++):  15 found -  15 modified     |    TOTAL:  33
pass   2 (+++):   0 found -  15 modified     |    TOTAL:  33
pass   1 (+++):   9 found -   9 modified     |    TOTAL:  42
pass   2 (+++):   0 found -   9 modified     |    TOTAL:  42
Iteration Number : 1
pass   1 (++): 116 found - 116 modified     |    TOTAL: 116
pass   2 (++):   0 found - 116 modified     |    TOTAL: 116
pass   1 (+-):  47 found -  47 modified     |    TOTAL: 163
pass   2 (+-):   0 found -  47 modified     |    TOTAL: 163
pass   1 (--):  86 found -  86 modified     |    TOTAL: 249
pass   2 (--):   0 found -  86 modified     |    TOTAL: 249
pass   1 (-+):  74 found -  74 modified     |    TOTAL: 323
pass   2 (-+):   0 found -  74 modified     |    TOTAL: 323
Iteration Number : 2
pass   1 (xy+):   1 found -   1 modified     |    TOTAL:   1
pass   2 (xy+):   0 found -   1 modified     |    TOTAL:   1
pass   1 (xy-):   4 found -   4 modified     |    TOTAL:   5
pass   2 (xy-):   0 found -   4 modified     |    TOTAL:   5
pass   1 (yz+):   5 found -   5 modified     |    TOTAL:  10
pass   2 (yz+):   0 found -   5 modified     |    TOTAL:  10
pass   1 (yz-):   1 found -   1 modified     |    TOTAL:  11
pass   2 (yz-):   0 found -   1 modified     |    TOTAL:  11
pass   1 (xz+):   1 found -   1 modified     |    TOTAL:  12
pass   2 (xz+):   0 found -   1 modified     |    TOTAL:  12
pass   1 (xz-):   0 found -   0 modified     |    TOTAL:  12
Iteration Number : 2
pass   1 (+++):   0 found -   0 modified     |    TOTAL:   0
pass   1 (+++):   0 found -   0 modified     |    TOTAL:   0
pass   1 (+++):   0 found -   0 modified     |    TOTAL:   0
pass   1 (+++):   0 found -   0 modified     |    TOTAL:   0
Iteration Number : 2
pass   1 (++):   0 found -   0 modified     |    TOTAL:   0
pass   1 (+-):   2 found -   2 modified     |    TOTAL:   2
pass   2 (+-):   0 found -   2 modified     |    TOTAL:   2
pass   1 (--):   0 found -   0 modified     |    TOTAL:   2
pass   1 (-+):   0 found -   0 modified     |    TOTAL:   2
Iteration Number : 3
pass   1 (xy+):   0 found -   0 modified     |    TOTAL:   0
pass   1 (xy-):   0 found -   0 modified     |    TOTAL:   0
pass   1 (yz+):   0 found -   0 modified     |    TOTAL:   0
pass   1 (yz-):   0 found -   0 modified     |    TOTAL:   0
pass   1 (xz+):   0 found -   0 modified     |    TOTAL:   0
pass   1 (xz-):   0 found -   0 modified     |    TOTAL:   0
Iteration Number : 3
pass   1 (+++):   0 found -   0 modified     |    TOTAL:   0
pass   1 (+++):   0 found -   0 modified     |    TOTAL:   0
pass   1 (+++):   0 found -   0 modified     |    TOTAL:   0
pass   1 (+++):   0 found -   0 modified     |    TOTAL:   0
Iteration Number : 3
pass   1 (++):   0 found -   0 modified     |    TOTAL:   0
pass   1 (+-):   0 found -   0 modified     |    TOTAL:   0
pass   1 (--):   0 found -   0 modified     |    TOTAL:   0
pass   1 (-+):   0 found -   0 modified     |    TOTAL:   0

Total Number of Modified Voxels = 457 (out of 650821: 0.070219)
binarizing input wm segmentation...
Ambiguous edge configurations... 

mri_pretess done

#--------------------------------------------
#@# Fill Tue Mar 10 07:39:27 CET 2026
/out/sourcedata/freesurfer/sub-v1s6x0051370_ses-1/mri

 mri_fill -a ../scripts/ponscc.cut.log -xform transforms/talairach.lta -segmentation aseg.presurf.mgz -ctab /opt/freesurfer/SubCorticalMassLUT.txt wm.mgz filled.mgz 

logging cutting plane coordinates to ../scripts/ponscc.cut.log...
INFO: Using transforms/talairach.lta and its offset for Talairach volume ...
using segmentation aseg.presurf.mgz...
reading input volume...done.
searching for cutting planes...voxel to talairach voxel transform
 1.07454   0.02143   0.05233  -18.82516;
-0.02502   1.12014   0.12606  -6.06134;
-0.05009  -0.14211   0.94682   23.34418;
 0.00000   0.00000   0.00000   1.00000;
voxel to talairach voxel transform
 1.07454   0.02143   0.05233  -18.82516;
-0.02502   1.12014   0.12606  -6.06134;
-0.05009  -0.14211   0.94682   23.34418;
 0.00000   0.00000   0.00000   1.00000;
reading segmented volume aseg.presurf.mgz
removing CC from segmentation
Looking for area (min, max) = (350, 1400)
area[0] = 1167 (min = 350, max = 1400), aspect = 0.56 (min = 0.10, max = 0.75)
no need to search
using seed (127, 122, 150), TAL = (1.0, 22.0, 6.0)
talairach voxel to voxel transform
 0.92784  -0.02386  -0.04810   18.44498;
 0.01495   0.87753  -0.11766   8.34709;
 0.05133   0.13045   1.03596  -22.42677;
 0.00000   0.00000   0.00000   1.00000;
segmentation indicates cc at (127,  122,  150) --> (1.0, 22.0, 6.0)
done.
filling took 1.1 minutes
talairach cc position changed to (1.00, 22.00, 6.00)
Erasing brainstem...done.
seed_search_size = 9, min_neighbors = 5
search rh wm seed point around talairach space:(19.00, 22.00, 6.00) SRC: (109.45, 99.39, 154.48)
search lh wm seed point around talairach space (-17.00, 22.00, 6.00), SRC: (142.86, 99.93, 156.33)
compute mri_fill using aseg
Erasing Brain Stem and Cerebellum ...
Define left and right masks using aseg:
Building Voronoi diagram ...
Using the Voronoi diagram for separating WM into two hemispheres ...
Find the largest connected component for each hemisphere ...
Embedding colortable
mri_fill done, writing output to filled.mgz...
 cp filled.mgz filled.auto.mgz

Started at Tue Mar 10 06:15:43 CET 2026 
Ended   at Tue Mar 10 07:40:33 CET 2026
#@#%# recon-all-run-time-hours 1.414
recon-all -s sub-v1s6x0051370_ses-1 finished without error at Tue Mar 10 07:40:33 CET 2026



#New# invocation of recon-all 




Tue Mar 10 08:34:18 CET 2026
cd /out/sourcedata/freesurfer/sub-v1s6x0051370_ses-1
setenv SUBJECTS_DIR /out/sourcedata/freesurfer
/opt/freesurfer/bin/recon-all -parallel -subjid sub-v1s6x0051370_ses-1 -sd /out/sourcedata/freesurfer -cortribbon

subjid sub-v1s6x0051370_ses-1
setenv SUBJECTS_DIR /out/sourcedata/freesurfer
FREESURFER_HOME /opt/freesurfer
Actual FREESURFER_HOME /opt/freesurfer
build-stamp.txt: freesurfer-linux-ubuntu22_x86_64-7.3.2-20220804-6354275
Linux dna007 5.14.0-427.37.1.el9_4.x86_64 #1 SMP PREEMPT_DYNAMIC Fri Sep 13 12:41:50 EDT 2024 x86_64 x86_64 x86_64 GNU/Linux
cputime      unlimited
filesize     unlimited
datasize     unlimited
stacksize    8192 kbytes
coredumpsize 0 kbytes
memoryuse    67108864 kbytes
vmemoryuse   unlimited
descriptors  1024 
memorylocked unlimited
maxproc      2061970 
maxlocks     unlimited
maxsignal    2061970 
maxmessage   819200 
maxnice      0 
maxrtprio    0 
maxrttime    unlimited

               total        used        free      shared  buff/cache   available
Mem:           503Gi        57Gi       334Gi       8.6Gi       111Gi       433Gi
Swap:             0B          0B          0B

########################################
program versions used
7.3.2 (freesurfer-linux-ubuntu22_x86_64-7.3.2-20220804-6354275)
7.3.2

ProgramName: lta_convert  ProgramArguments: lta_convert -all-info  ProgramVersion: 7.3.2  TimeStamp: 2026/03/10-07:34:18-GMT  BuildTime: Aug  4 2022 06:17:15  BuildStamp: freesurfer-linux-ubuntu22_x86_64-7.3.2-20220804-6354275  User: oesteban  Machine: dna007  Platform: Linux  PlatformVersion: 5.14.0-427.37.1.el9_4.x86_64  CompilerName: GCC  CompilerVersion: 8.4.0
ProgramName: mri_and  ProgramArguments: mri_and -all-info  ProgramVersion: 7.3.2  TimeStamp: 2026/03/10-07:34:18-GMT  BuildTime: Aug  4 2022 06:17:15  BuildStamp: freesurfer-linux-ubuntu22_x86_64-7.3.2-20220804-6354275  User: oesteban  Machine: dna007  Platform: Linux  PlatformVersion: 5.14.0-427.37.1.el9_4.x86_64  CompilerName: GCC  CompilerVersion: 8.4.0
ProgramName: mri_annotation2label  ProgramArguments: mri_annotation2label -all-info  ProgramVersion: 7.3.2  TimeStamp: 2026/03/10-07:34:18-GMT  BuildTime: Aug  4 2022 06:17:15  BuildStamp: freesurfer-linux-ubuntu22_x86_64-7.3.2-20220804-6354275  User: oesteban  Machine: dna007  Platform: Linux  PlatformVersion: 5.14.0-427.37.1.el9_4.x86_64  CompilerName: GCC  CompilerVersion: 8.4.0
ProgramName: mri_aparc2aseg  ProgramArguments: mri_aparc2aseg -all-info  ProgramVersion: 7.3.2  TimeStamp: 2026/03/10-07:34:18-GMT  BuildTime: Aug  4 2022 06:17:15  BuildStamp: freesurfer-linux-ubuntu22_x86_64-7.3.2-20220804-6354275  User: oesteban  Machine: dna007  Platform: Linux  PlatformVersion: 5.14.0-427.37.1.el9_4.x86_64  CompilerName: GCC  CompilerVersion: 8.4.0
ProgramName: mri_surf2volseg  ProgramArguments: mri_surf2volseg -all-info  ProgramVersion: 7.3.2  TimeStamp: 2026/03/10-07:34:18-GMT  BuildTime: Aug  4 2022 06:17:15  BuildStamp: freesurfer-linux-ubuntu22_x86_64-7.3.2-20220804-6354275  User: oesteban  Machine: dna007  Platform: Linux  PlatformVersion: 5.14.0-427.37.1.el9_4.x86_64  CompilerName: GCC  CompilerVersion: 8.4.0
ProgramName: mri_binarize  ProgramArguments: mri_binarize -all-info  ProgramVersion: 7.3.2  TimeStamp: 2026/03/10-07:34:18-GMT  BuildTime: Aug  4 2022 06:17:15  BuildStamp: freesurfer-linux-ubuntu22_x86_64-7.3.2-20220804-6354275  User: oesteban  Machine: dna007  Platform: Linux  PlatformVersion: 5.14.0-427.37.1.el9_4.x86_64  CompilerName: GCC  CompilerVersion: 8.4.0
ProgramName: mri_ca_label  ProgramArguments: mri_ca_label -all-info  ProgramVersion: 7.3.2  TimeStamp: 2026/03/10-07:34:18-GMT  BuildTime: Aug  4 2022 06:17:15  BuildStamp: freesurfer-linux-ubuntu22_x86_64-7.3.2-20220804-6354275  User: oesteban  Machine: dna007  Platform: Linux  PlatformVersion: 5.14.0-427.37.1.el9_4.x86_64  CompilerName: GCC  CompilerVersion: 8.4.0
ProgramName: mri_ca_normalize  ProgramArguments: mri_ca_normalize -all-info  ProgramVersion: 7.3.2  TimeStamp: 2026/03/10-07:34:18-GMT  BuildTime: Aug  4 2022 06:17:15  BuildStamp: freesurfer-linux-ubuntu22_x86_64-7.3.2-20220804-6354275  User: oesteban  Machine: dna007  Platform: Linux  PlatformVersion: 5.14.0-427.37.1.el9_4.x86_64  CompilerName: GCC  CompilerVersion: 8.4.0
ProgramName: mri_ca_register  ProgramArguments: mri_ca_register -all-info  ProgramVersion: 7.3.2  TimeStamp: 2026/03/10-07:34:18-GMT  BuildTime: Aug  4 2022 06:17:15  BuildStamp: freesurfer-linux-ubuntu22_x86_64-7.3.2-20220804-6354275  User: oesteban  Machine: dna007  Platform: Linux  PlatformVersion: 5.14.0-427.37.1.el9_4.x86_64  CompilerName: GCC  CompilerVersion: 8.4.0
ProgramName: mri_cc  ProgramArguments: mri_cc -all-info  ProgramVersion: 7.3.2  TimeStamp: 2026/03/10-07:34:18-GMT  BuildTime: Aug  4 2022 06:17:15  BuildStamp: freesurfer-linux-ubuntu22_x86_64-7.3.2-20220804-6354275  User: oesteban  Machine: dna007  Platform: Linux  PlatformVersion: 5.14.0-427.37.1.el9_4.x86_64  CompilerName: GCC  CompilerVersion: 8.4.0
ProgramName: mri_compute_overlap  ProgramArguments: mri_compute_overlap -all-info  ProgramVersion: 7.3.2  TimeStamp: 2026/03/10-07:34:18-GMT  BuildTime: Aug  4 2022 06:17:15  BuildStamp: freesurfer-linux-ubuntu22_x86_64-7.3.2-20220804-6354275  User: oesteban  Machine: dna007  Platform: Linux  PlatformVersion: 5.14.0-427.37.1.el9_4.x86_64  CompilerName: GCC  CompilerVersion: 8.4.0
ProgramName: mri_compute_seg_overlap  ProgramArguments: mri_compute_seg_overlap -all-info  ProgramVersion: 7.3.2  TimeStamp: 2026/03/10-07:34:18-GMT  BuildTime: Aug  4 2022 06:17:15  BuildStamp: freesurfer-linux-ubuntu22_x86_64-7.3.2-20220804-6354275  User: oesteban  Machine: dna007  Platform: Linux  PlatformVersion: 5.14.0-427.37.1.el9_4.x86_64  CompilerName: GCC  CompilerVersion: 8.4.0
ProgramName: mri_concat  ProgramArguments: mri_concat -all-info  ProgramVersion: 7.3.2  TimeStamp: 2026/03/10-07:34:18-GMT  BuildTime: Aug  4 2022 06:17:15  BuildStamp: freesurfer-linux-ubuntu22_x86_64-7.3.2-20220804-6354275  User: oesteban  Machine: dna007  Platform: Linux  PlatformVersion: 5.14.0-427.37.1.el9_4.x86_64  CompilerName: GCC  CompilerVersion: 8.4.0
ProgramName: mri_concatenate_lta  ProgramArguments: mri_concatenate_lta -all-info  ProgramVersion: 7.3.2  TimeStamp: 2026/03/10-07:34:18-GMT  BuildTime: Aug  4 2022 06:17:15  BuildStamp: freesurfer-linux-ubuntu22_x86_64-7.3.2-20220804-6354275  User: oesteban  Machine: dna007  Platform: Linux  PlatformVersion: 5.14.0-427.37.1.el9_4.x86_64  CompilerName: GCC  CompilerVersion: 8.4.0
mri_convert -all-info 
ProgramName: mri_convert  ProgramArguments: mri_convert -all-info  ProgramVersion: 7.3.2  TimeStamp: 2026/03/10-07:34:18-GMT  BuildTime: Aug  4 2022 06:17:15  BuildStamp: freesurfer-linux-ubuntu22_x86_64-7.3.2-20220804-6354275  User: oesteban  Machine: dna007  Platform: Linux  PlatformVersion: 5.14.0-427.37.1.el9_4.x86_64  CompilerName: GCC  CompilerVersion: 8.4.0
ProgramName: mri_diff  ProgramArguments: mri_diff -all-info  ProgramVersion: 7.3.2  TimeStamp: 2026/03/10-07:34:18-GMT  BuildTime: Aug  4 2022 06:17:15  BuildStamp: freesurfer-linux-ubuntu22_x86_64-7.3.2-20220804-6354275  User: oesteban  Machine: dna007  Platform: Linux  PlatformVersion: 5.14.0-427.37.1.el9_4.x86_64  CompilerName: GCC  CompilerVersion: 8.4.0
ProgramName: mri_edit_wm_with_aseg  ProgramArguments: mri_edit_wm_with_aseg -all-info  ProgramVersion: 7.3.2  TimeStamp: 2026/03/10-07:34:18-GMT  BuildTime: Aug  4 2022 06:17:15  BuildStamp: freesurfer-linux-ubuntu22_x86_64-7.3.2-20220804-6354275  User: oesteban  Machine: dna007  Platform: Linux  PlatformVersion: 5.14.0-427.37.1.el9_4.x86_64  CompilerName: GCC  CompilerVersion: 8.4.0
ProgramName: mri_em_register  ProgramArguments: mri_em_register -all-info  ProgramVersion: 7.3.2  TimeStamp: 2026/03/10-07:34:18-GMT  BuildTime: Aug  4 2022 06:17:15  BuildStamp: freesurfer-linux-ubuntu22_x86_64-7.3.2-20220804-6354275  User: oesteban  Machine: dna007  Platform: Linux  PlatformVersion: 5.14.0-427.37.1.el9_4.x86_64  CompilerName: GCC  CompilerVersion: 8.4.0
ProgramName: mri_fill  ProgramArguments: mri_fill -all-info  ProgramVersion: 7.3.2  TimeStamp: 2026/03/10-07:34:18-GMT  BuildTime: Aug  4 2022 06:17:15  BuildStamp: freesurfer-linux-ubuntu22_x86_64-7.3.2-20220804-6354275  User: oesteban  Machine: dna007  Platform: Linux  PlatformVersion: 5.14.0-427.37.1.el9_4.x86_64  CompilerName: GCC  CompilerVersion: 8.4.0
ProgramName: mri_fuse_segmentations  ProgramArguments: mri_fuse_segmentations -all-info  ProgramVersion: 7.3.2  TimeStamp: 2026/03/10-07:34:18-GMT  BuildTime: Aug  4 2022 06:17:15  BuildStamp: freesurfer-linux-ubuntu22_x86_64-7.3.2-20220804-6354275  User: oesteban  Machine: dna007  Platform: Linux  PlatformVersion: 5.14.0-427.37.1.el9_4.x86_64  CompilerName: GCC  CompilerVersion: 8.4.0
ProgramName: mri_fwhm  ProgramArguments: mri_fwhm -all-info  ProgramVersion: 7.3.2  TimeStamp: 2026/03/10-07:34:18-GMT  BuildTime: Aug  4 2022 06:17:15  BuildStamp: freesurfer-linux-ubuntu22_x86_64-7.3.2-20220804-6354275  User: oesteban  Machine: dna007  Platform: Linux  PlatformVersion: 5.14.0-427.37.1.el9_4.x86_64  CompilerName: GCC  CompilerVersion: 8.4.0
ProgramName: mri_gcut  ProgramArguments: mri_gcut -all-info  ProgramVersion: 7.3.2  TimeStamp: 2026/03/10-07:34:18-GMT  BuildTime: Aug  4 2022 06:17:15  BuildStamp: freesurfer-linux-ubuntu22_x86_64-7.3.2-20220804-6354275  User: oesteban  Machine: dna007  Platform: Linux  PlatformVersion: 5.14.0-427.37.1.el9_4.x86_64  CompilerName: GCC  CompilerVersion: 8.4.0
ProgramName: mri_info  ProgramArguments: mri_info -all-info  ProgramVersion: 7.3.2  TimeStamp: 2026/03/10-07:34:18-GMT  BuildTime: Aug  4 2022 06:17:15  BuildStamp: freesurfer-linux-ubuntu22_x86_64-7.3.2-20220804-6354275  User: oesteban  Machine: dna007  Platform: Linux  PlatformVersion: 5.14.0-427.37.1.el9_4.x86_64  CompilerName: GCC  CompilerVersion: 8.4.0
ProgramName: mri_label2label  ProgramArguments: mri_label2label -all-info  ProgramVersion: 7.3.2  TimeStamp: 2026/03/10-07:34:18-GMT  BuildTime: Aug  4 2022 06:17:15  BuildStamp: freesurfer-linux-ubuntu22_x86_64-7.3.2-20220804-6354275  User: oesteban  Machine: dna007  Platform: Linux  PlatformVersion: 5.14.0-427.37.1.el9_4.x86_64  CompilerName: GCC  CompilerVersion: 8.4.0
ProgramName: mri_label2vol  ProgramArguments: mri_label2vol -all-info  ProgramVersion: 7.3.2  TimeStamp: 2026/03/10-07:34:18-GMT  BuildTime: Aug  4 2022 06:17:15  BuildStamp: freesurfer-linux-ubuntu22_x86_64-7.3.2-20220804-6354275  User: oesteban  Machine: dna007  Platform: Linux  PlatformVersion: 5.14.0-427.37.1.el9_4.x86_64  CompilerName: GCC  CompilerVersion: 8.4.0
ProgramName: mri_log_likelihood  ProgramArguments: mri_log_likelihood -all-info  ProgramVersion: 7.3.2  TimeStamp: 2026/03/10-07:34:18-GMT  BuildTime: Aug  4 2022 06:17:15  BuildStamp: freesurfer-linux-ubuntu22_x86_64-7.3.2-20220804-6354275  User: oesteban  Machine: dna007  Platform: Linux  PlatformVersion: 5.14.0-427.37.1.el9_4.x86_64  CompilerName: GCC  CompilerVersion: 8.4.0
ProgramName: mri_mask  ProgramArguments: mri_mask -all-info  ProgramVersion: 7.3.2  TimeStamp: 2026/03/10-07:34:18-GMT  BuildTime: Aug  4 2022 06:17:15  BuildStamp: freesurfer-linux-ubuntu22_x86_64-7.3.2-20220804-6354275  User: oesteban  Machine: dna007  Platform: Linux  PlatformVersion: 5.14.0-427.37.1.el9_4.x86_64  CompilerName: GCC  CompilerVersion: 8.4.0
ProgramName: mri_matrix_multiply  ProgramArguments: mri_matrix_multiply -all-info  ProgramVersion: 7.3.2  TimeStamp: 2026/03/10-07:34:18-GMT  BuildTime: Aug  4 2022 06:17:15  BuildStamp: freesurfer-linux-ubuntu22_x86_64-7.3.2-20220804-6354275  User: oesteban  Machine: dna007  Platform: Linux  PlatformVersion: 5.14.0-427.37.1.el9_4.x86_64  CompilerName: GCC  CompilerVersion: 8.4.0
ProgramName: mri_normalize  ProgramArguments: mri_normalize -all-info  ProgramVersion: 7.3.2  TimeStamp: 2026/03/10-07:34:18-GMT  BuildTime: Aug  4 2022 06:17:15  BuildStamp: freesurfer-linux-ubuntu22_x86_64-7.3.2-20220804-6354275  User: oesteban  Machine: dna007  Platform: Linux  PlatformVersion: 5.14.0-427.37.1.el9_4.x86_64  CompilerName: GCC  CompilerVersion: 8.4.0
ProgramName: mri_normalize_tp2  ProgramArguments: mri_normalize_tp2 -all-info  ProgramVersion: 7.3.2  TimeStamp: 2026/03/10-07:34:18-GMT  BuildTime: Aug  4 2022 06:17:15  BuildStamp: freesurfer-linux-ubuntu22_x86_64-7.3.2-20220804-6354275  User: oesteban  Machine: dna007  Platform: Linux  PlatformVersion: 5.14.0-427.37.1.el9_4.x86_64  CompilerName: GCC  CompilerVersion: 8.4.0
ProgramName: mri_or  ProgramArguments: mri_or -all-info  ProgramVersion: 7.3.2  TimeStamp: 2026/03/10-07:34:18-GMT  BuildTime: Aug  4 2022 06:17:15  BuildStamp: freesurfer-linux-ubuntu22_x86_64-7.3.2-20220804-6354275  User: oesteban  Machine: dna007  Platform: Linux  PlatformVersion: 5.14.0-427.37.1.el9_4.x86_64  CompilerName: GCC  CompilerVersion: 8.4.0
ProgramName: mri_relabel_hypointensities  ProgramArguments: mri_relabel_hypointensities -all-info  ProgramVersion: 7.3.2  TimeStamp: 2026/03/10-07:34:18-GMT  BuildTime: Aug  4 2022 06:17:15  BuildStamp: freesurfer-linux-ubuntu22_x86_64-7.3.2-20220804-6354275  User: oesteban  Machine: dna007  Platform: Linux  PlatformVersion: 5.14.0-427.37.1.el9_4.x86_64  CompilerName: GCC  CompilerVersion: 8.4.0
ProgramName: mri_relabel_nonwm_hypos  ProgramArguments: mri_relabel_nonwm_hypos -all-info  ProgramVersion: 7.3.2  TimeStamp: 2026/03/10-07:34:18-GMT  BuildTime: Aug  4 2022 06:17:15  BuildStamp: freesurfer-linux-ubuntu22_x86_64-7.3.2-20220804-6354275  User: oesteban  Machine: dna007  Platform: Linux  PlatformVersion: 5.14.0-427.37.1.el9_4.x86_64  CompilerName: GCC  CompilerVersion: 8.4.0
ProgramName: mri_remove_neck  ProgramArguments: mri_remove_neck -all-info  ProgramVersion: 7.3.2  TimeStamp: 2026/03/10-07:34:18-GMT  BuildTime: Aug  4 2022 06:17:15  BuildStamp: freesurfer-linux-ubuntu22_x86_64-7.3.2-20220804-6354275  User: oesteban  Machine: dna007  Platform: Linux  PlatformVersion: 5.14.0-427.37.1.el9_4.x86_64  CompilerName: GCC  CompilerVersion: 8.4.0
7.3.2

ProgramName: mri_robust_register  ProgramArguments: mri_robust_register -all-info  ProgramVersion: 7.3.2  TimeStamp: 2026/03/10-07:34:18-GMT  BuildTime: Aug  4 2022 06:17:15  BuildStamp: freesurfer-linux-ubuntu22_x86_64-7.3.2-20220804-6354275  User: oesteban  Machine: dna007  Platform: Linux  PlatformVersion: 5.14.0-427.37.1.el9_4.x86_64  CompilerName: GCC  CompilerVersion: 8.4.0
7.3.2

ProgramName: mri_robust_template  ProgramArguments: mri_robust_template -all-info  ProgramVersion: 7.3.2  TimeStamp: 2026/03/10-07:34:18-GMT  BuildTime: Aug  4 2022 06:17:15  BuildStamp: freesurfer-linux-ubuntu22_x86_64-7.3.2-20220804-6354275  User: oesteban  Machine: dna007  Platform: Linux  PlatformVersion: 5.14.0-427.37.1.el9_4.x86_64  CompilerName: GCC  CompilerVersion: 8.4.0
ProgramName: mris_anatomical_stats  ProgramArguments: mris_anatomical_stats -all-info  ProgramVersion: 7.3.2  TimeStamp: 2026/03/10-07:34:18-GMT  BuildTime: Aug  4 2022 06:17:15  BuildStamp: freesurfer-linux-ubuntu22_x86_64-7.3.2-20220804-6354275  User: oesteban  Machine: dna007  Platform: Linux  PlatformVersion: 5.14.0-427.37.1.el9_4.x86_64  CompilerName: GCC  CompilerVersion: 8.4.0
ProgramName: mris_ca_label  ProgramArguments: mris_ca_label -all-info  ProgramVersion: 7.3.2  TimeStamp: 2026/03/10-07:34:18-GMT  BuildTime: Aug  4 2022 06:17:15  BuildStamp: freesurfer-linux-ubuntu22_x86_64-7.3.2-20220804-6354275  User: oesteban  Machine: dna007  Platform: Linux  PlatformVersion: 5.14.0-427.37.1.el9_4.x86_64  CompilerName: GCC  CompilerVersion: 8.4.0
ProgramName: mris_calc  ProgramArguments: mris_calc -all-info  ProgramVersion: 7.3.2  TimeStamp: 2026/03/10-07:34:18-GMT  BuildTime: Aug  4 2022 06:17:15  BuildStamp: freesurfer-linux-ubuntu22_x86_64-7.3.2-20220804-6354275  User: oesteban  Machine: dna007  Platform: Linux  PlatformVersion: 5.14.0-427.37.1.el9_4.x86_64  CompilerName: GCC  CompilerVersion: 8.4.0
ProgramName: mris_convert  ProgramArguments: mris_convert -all-info  ProgramVersion: 7.3.2  TimeStamp: 2026/03/10-07:34:18-GMT  BuildTime: Aug  4 2022 06:17:15  BuildStamp: freesurfer-linux-ubuntu22_x86_64-7.3.2-20220804-6354275  User: oesteban  Machine: dna007  Platform: Linux  PlatformVersion: 5.14.0-427.37.1.el9_4.x86_64  CompilerName: GCC  CompilerVersion: 8.4.0
ProgramName: mris_curvature  ProgramArguments: mris_curvature -all-info  ProgramVersion: 7.3.2  TimeStamp: 2026/03/10-07:34:18-GMT  BuildTime: Aug  4 2022 06:17:15  BuildStamp: freesurfer-linux-ubuntu22_x86_64-7.3.2-20220804-6354275  User: oesteban  Machine: dna007  Platform: Linux  PlatformVersion: 5.14.0-427.37.1.el9_4.x86_64  CompilerName: GCC  CompilerVersion: 8.4.0
ProgramName: mris_curvature_stats  ProgramArguments: mris_curvature_stats -all-info  ProgramVersion: 7.3.2  TimeStamp: 2026/03/10-07:34:18-GMT  BuildTime: Aug  4 2022 06:17:15  BuildStamp: freesurfer-linux-ubuntu22_x86_64-7.3.2-20220804-6354275  User: oesteban  Machine: dna007  Platform: Linux  PlatformVersion: 5.14.0-427.37.1.el9_4.x86_64  CompilerName: GCC  CompilerVersion: 8.4.0
ProgramName: mris_diff  ProgramArguments: mris_diff -all-info  ProgramVersion: 7.3.2  TimeStamp: 2026/03/10-07:34:18-GMT  BuildTime: Aug  4 2022 06:17:15  BuildStamp: freesurfer-linux-ubuntu22_x86_64-7.3.2-20220804-6354275  User: oesteban  Machine: dna007  Platform: Linux  PlatformVersion: 5.14.0-427.37.1.el9_4.x86_64  CompilerName: GCC  CompilerVersion: 8.4.0
ProgramName: mris_divide_parcellation  ProgramArguments: mris_divide_parcellation -all-info  ProgramVersion: 7.3.2  TimeStamp: 2026/03/10-07:34:18-GMT  BuildTime: Aug  4 2022 06:17:15  BuildStamp: freesurfer-linux-ubuntu22_x86_64-7.3.2-20220804-6354275  User: oesteban  Machine: dna007  Platform: Linux  PlatformVersion: 5.14.0-427.37.1.el9_4.x86_64  CompilerName: GCC  CompilerVersion: 8.4.0
ProgramName: mri_segment  ProgramArguments: mri_segment -all-info  ProgramVersion: 7.3.2  TimeStamp: 2026/03/10-07:34:18-GMT  BuildTime: Aug  4 2022 06:17:15  BuildStamp: freesurfer-linux-ubuntu22_x86_64-7.3.2-20220804-6354275  User: oesteban  Machine: dna007  Platform: Linux  PlatformVersion: 5.14.0-427.37.1.el9_4.x86_64  CompilerName: GCC  CompilerVersion: 8.4.0
ProgramName: mri_segstats  ProgramArguments: mri_segstats -all-info  ProgramVersion: 7.3.2  TimeStamp: 2026/03/10-07:34:18-GMT  BuildTime: Aug  4 2022 06:17:15  BuildStamp: freesurfer-linux-ubuntu22_x86_64-7.3.2-20220804-6354275  User: oesteban  Machine: dna007  Platform: Linux  PlatformVersion: 5.14.0-427.37.1.el9_4.x86_64  CompilerName: GCC  CompilerVersion: 8.4.0
ProgramName: mris_euler_number  ProgramArguments: mris_euler_number -all-info  ProgramVersion: 7.3.2  TimeStamp: 2026/03/10-07:34:18-GMT  BuildTime: Aug  4 2022 06:17:15  BuildStamp: freesurfer-linux-ubuntu22_x86_64-7.3.2-20220804-6354275  User: oesteban  Machine: dna007  Platform: Linux  PlatformVersion: 5.14.0-427.37.1.el9_4.x86_64  CompilerName: GCC  CompilerVersion: 8.4.0
ProgramName: mris_fix_topology  ProgramArguments: mris_fix_topology -all-info  ProgramVersion: 7.3.2  TimeStamp: 2026/03/10-07:34:18-GMT  BuildTime: Aug  4 2022 06:17:15  BuildStamp: freesurfer-linux-ubuntu22_x86_64-7.3.2-20220804-6354275  User: oesteban  Machine: dna007  Platform: Linux  PlatformVersion: 5.14.0-427.37.1.el9_4.x86_64  CompilerName: GCC  CompilerVersion: 8.4.0
ProgramName: mris_topo_fixer  ProgramArguments: mris_topo_fixer -all-info  ProgramVersion: 7.3.2  TimeStamp: 2026/03/10-07:34:18-GMT  BuildTime: Aug  4 2022 06:17:15  BuildStamp: freesurfer-linux-ubuntu22_x86_64-7.3.2-20220804-6354275  User: oesteban  Machine: dna007  Platform: Linux  PlatformVersion: 5.14.0-427.37.1.el9_4.x86_64  CompilerName: GCC  CompilerVersion: 8.4.0
ProgramName: mris_jacobian  ProgramArguments: mris_jacobian -all-info  ProgramVersion: 7.3.2  TimeStamp: 2026/03/10-07:34:18-GMT  BuildTime: Aug  4 2022 06:17:15  BuildStamp: freesurfer-linux-ubuntu22_x86_64-7.3.2-20220804-6354275  User: oesteban  Machine: dna007  Platform: Linux  PlatformVersion: 5.14.0-427.37.1.el9_4.x86_64  CompilerName: GCC  CompilerVersion: 8.4.0
ProgramName: mris_label2annot  ProgramArguments: mris_label2annot -all-info  ProgramVersion: 7.3.2  TimeStamp: 2026/03/10-07:34:18-GMT  BuildTime: Aug  4 2022 06:17:15  BuildStamp: freesurfer-linux-ubuntu22_x86_64-7.3.2-20220804-6354275  User: oesteban  Machine: dna007  Platform: Linux  PlatformVersion: 5.14.0-427.37.1.el9_4.x86_64  CompilerName: GCC  CompilerVersion: 8.4.0
ProgramName: mris_left_right_register  ProgramArguments: mris_left_right_register -all-info  ProgramVersion: 7.3.2  TimeStamp: 2026/03/10-07:34:18-GMT  BuildTime: Aug  4 2022 06:17:15  BuildStamp: freesurfer-linux-ubuntu22_x86_64-7.3.2-20220804-6354275  User: oesteban  Machine: dna007  Platform: Linux  PlatformVersion: 5.14.0-427.37.1.el9_4.x86_64  CompilerName: GCC  CompilerVersion: 8.4.0
ProgramName: mris_place_surface  ProgramArguments: mris_place_surface -all-info  ProgramVersion: 7.3.2  TimeStamp: 2026/03/10-07:34:18-GMT  BuildTime: Aug  4 2022 06:17:15  BuildStamp: freesurfer-linux-ubuntu22_x86_64-7.3.2-20220804-6354275  User: oesteban  Machine: dna007  Platform: Linux  PlatformVersion: 5.14.0-427.37.1.el9_4.x86_64  CompilerName: GCC  CompilerVersion: 8.4.0
ProgramName: mrisp_paint  ProgramArguments: mrisp_paint -all-info  ProgramVersion: 7.3.2  TimeStamp: 2026/03/10-07:34:18-GMT  BuildTime: Aug  4 2022 06:17:15  BuildStamp: freesurfer-linux-ubuntu22_x86_64-7.3.2-20220804-6354275  User: oesteban  Machine: dna007  Platform: Linux  PlatformVersion: 5.14.0-427.37.1.el9_4.x86_64  CompilerName: GCC  CompilerVersion: 8.4.0
ProgramName: mris_register  ProgramArguments: mris_register -all-info  ProgramVersion: 7.3.2  TimeStamp: 2026/03/10-07:34:18-GMT  BuildTime: Aug  4 2022 06:17:15  BuildStamp: freesurfer-linux-ubuntu22_x86_64-7.3.2-20220804-6354275  User: oesteban  Machine: dna007  Platform: Linux  PlatformVersion: 5.14.0-427.37.1.el9_4.x86_64  CompilerName: GCC  CompilerVersion: 8.4.0
ProgramName: mris_smooth  ProgramArguments: mris_smooth -all-info  ProgramVersion: 7.3.2  TimeStamp: 2026/03/10-07:34:18-GMT  BuildTime: Aug  4 2022 06:17:15  BuildStamp: freesurfer-linux-ubuntu22_x86_64-7.3.2-20220804-6354275  User: oesteban  Machine: dna007  Platform: Linux  PlatformVersion: 5.14.0-427.37.1.el9_4.x86_64  CompilerName: GCC  CompilerVersion: 8.4.0
ProgramName: mris_sphere  ProgramArguments: mris_sphere -all-info  ProgramVersion: 7.3.2  TimeStamp: 2026/03/10-07:34:18-GMT  BuildTime: Aug  4 2022 06:17:15  BuildStamp: freesurfer-linux-ubuntu22_x86_64-7.3.2-20220804-6354275  User: oesteban  Machine: dna007  Platform: Linux  PlatformVersion: 5.14.0-427.37.1.el9_4.x86_64  CompilerName: GCC  CompilerVersion: 8.4.0
ProgramName: mris_surface_stats  ProgramArguments: mris_surface_stats -all-info  ProgramVersion: 7.3.2  TimeStamp: 2026/03/10-07:34:18-GMT  BuildTime: Aug  4 2022 06:17:15  BuildStamp: freesurfer-linux-ubuntu22_x86_64-7.3.2-20220804-6354275  User: oesteban  Machine: dna007  Platform: Linux  PlatformVersion: 5.14.0-427.37.1.el9_4.x86_64  CompilerName: GCC  CompilerVersion: 8.4.0
ProgramName: mri_stats2seg  ProgramArguments: mri_stats2seg -all-info  ProgramVersion: 7.3.2  TimeStamp: 2026/03/10-07:34:18-GMT  BuildTime: Aug  4 2022 06:17:15  BuildStamp: freesurfer-linux-ubuntu22_x86_64-7.3.2-20220804-6354275  User: oesteban  Machine: dna007  Platform: Linux  PlatformVersion: 5.14.0-427.37.1.el9_4.x86_64  CompilerName: GCC  CompilerVersion: 8.4.0
ProgramName: mris_thickness  ProgramArguments: mris_thickness -all-info  ProgramVersion: 7.3.2  TimeStamp: 2026/03/10-07:34:18-GMT  BuildTime: Aug  4 2022 06:17:15  BuildStamp: freesurfer-linux-ubuntu22_x86_64-7.3.2-20220804-6354275  User: oesteban  Machine: dna007  Platform: Linux  PlatformVersion: 5.14.0-427.37.1.el9_4.x86_64  CompilerName: GCC  CompilerVersion: 8.4.0
ProgramName: mris_thickness_diff  ProgramArguments: mris_thickness_diff -all-info  ProgramVersion: 7.3.2  TimeStamp: 2026/03/10-07:34:18-GMT  BuildTime: Aug  4 2022 06:17:15  BuildStamp: freesurfer-linux-ubuntu22_x86_64-7.3.2-20220804-6354275  User: oesteban  Machine: dna007  Platform: Linux  PlatformVersion: 5.14.0-427.37.1.el9_4.x86_64  CompilerName: GCC  CompilerVersion: 8.4.0
ProgramName: mris_topo_fixer  ProgramArguments: mris_topo_fixer -all-info  ProgramVersion: 7.3.2  TimeStamp: 2026/03/10-07:34:18-GMT  BuildTime: Aug  4 2022 06:17:15  BuildStamp: freesurfer-linux-ubuntu22_x86_64-7.3.2-20220804-6354275  User: oesteban  Machine: dna007  Platform: Linux  PlatformVersion: 5.14.0-427.37.1.el9_4.x86_64  CompilerName: GCC  CompilerVersion: 8.4.0
ProgramName: mri_surf2surf  ProgramArguments: mri_surf2surf -all-info  ProgramVersion: 7.3.2  TimeStamp: 2026/03/10-07:34:18-GMT  BuildTime: Aug  4 2022 06:17:15  BuildStamp: freesurfer-linux-ubuntu22_x86_64-7.3.2-20220804-6354275  User: oesteban  Machine: dna007  Platform: Linux  PlatformVersion: 5.14.0-427.37.1.el9_4.x86_64  CompilerName: GCC  CompilerVersion: 8.4.0
ProgramName: mri_surf2vol  ProgramArguments: mri_surf2vol -all-info  ProgramVersion: 7.3.2  TimeStamp: 2026/03/10-07:34:18-GMT  BuildTime: Aug  4 2022 06:17:15  BuildStamp: freesurfer-linux-ubuntu22_x86_64-7.3.2-20220804-6354275  User: oesteban  Machine: dna007  Platform: Linux  PlatformVersion: 5.14.0-427.37.1.el9_4.x86_64  CompilerName: GCC  CompilerVersion: 8.4.0
ProgramName: mri_surfcluster  ProgramArguments: mri_surfcluster -all-info  ProgramVersion: 7.3.2  TimeStamp: 2026/03/10-07:34:18-GMT  BuildTime: Aug  4 2022 06:17:15  BuildStamp: freesurfer-linux-ubuntu22_x86_64-7.3.2-20220804-6354275  User: oesteban  Machine: dna007  Platform: Linux  PlatformVersion: 5.14.0-427.37.1.el9_4.x86_64  CompilerName: GCC  CompilerVersion: 8.4.0
ProgramName: mris_volmask  ProgramArguments: mris_volmask -all-info  ProgramVersion: 7.3.2  TimeStamp: 2026/03/10-07:34:18-GMT  BuildTime: Aug  4 2022 06:17:15  BuildStamp: freesurfer-linux-ubuntu22_x86_64-7.3.2-20220804-6354275  User: oesteban  Machine: dna007  Platform: Linux  PlatformVersion: 5.14.0-427.37.1.el9_4.x86_64  CompilerName: GCC  CompilerVersion: 8.4.0
ProgramName: mri_tessellate  ProgramArguments: mri_tessellate -all-info  ProgramVersion: 7.3.2  TimeStamp: 2026/03/10-07:34:18-GMT  BuildTime: Aug  4 2022 06:17:15  BuildStamp: freesurfer-linux-ubuntu22_x86_64-7.3.2-20220804-6354275  User: oesteban  Machine: dna007  Platform: Linux  PlatformVersion: 5.14.0-427.37.1.el9_4.x86_64  CompilerName: GCC  CompilerVersion: 8.4.0
ProgramName: mri_vol2surf  ProgramArguments: mri_vol2surf -all-info  ProgramVersion: 7.3.2  TimeStamp: 2026/03/10-07:34:18-GMT  BuildTime: Aug  4 2022 06:17:15  BuildStamp: freesurfer-linux-ubuntu22_x86_64-7.3.2-20220804-6354275  User: oesteban  Machine: dna007  Platform: Linux  PlatformVersion: 5.14.0-427.37.1.el9_4.x86_64  CompilerName: GCC  CompilerVersion: 8.4.0
ProgramName: mri_vol2vol  ProgramArguments: mri_vol2vol -all-info  ProgramVersion: 7.3.2  TimeStamp: 2026/03/10-07:34:18-GMT  BuildTime: Aug  4 2022 06:17:15  BuildStamp: freesurfer-linux-ubuntu22_x86_64-7.3.2-20220804-6354275  User: oesteban  Machine: dna007  Platform: Linux  PlatformVersion: 5.14.0-427.37.1.el9_4.x86_64  CompilerName: GCC  CompilerVersion: 8.4.0
ProgramName: mri_voldiff  ProgramArguments: mri_voldiff -all-info  ProgramVersion: 7.3.2  TimeStamp: 2026/03/10-07:34:18-GMT  BuildTime: Aug  4 2022 06:17:15  BuildStamp: freesurfer-linux-ubuntu22_x86_64-7.3.2-20220804-6354275  User: oesteban  Machine: dna007  Platform: Linux  PlatformVersion: 5.14.0-427.37.1.el9_4.x86_64  CompilerName: GCC  CompilerVersion: 8.4.0
ProgramName: mri_watershed  ProgramArguments: mri_watershed -all-info  ProgramVersion: 7.3.2  TimeStamp: 2026/03/10-07:34:18-GMT  BuildTime: Aug  4 2022 06:17:15  BuildStamp: freesurfer-linux-ubuntu22_x86_64-7.3.2-20220804-6354275  User: oesteban  Machine: dna007  Platform: Linux  PlatformVersion: 5.14.0-427.37.1.el9_4.x86_64  CompilerName: GCC  CompilerVersion: 8.4.0
ProgramName: tkregister2  ProgramArguments: tkregister2_cmdl -all-info  ProgramVersion: 7.3.2  TimeStamp: 2026/03/10-07:34:18-GMT  BuildTime: Aug  4 2022 06:17:15  BuildStamp: freesurfer-linux-ubuntu22_x86_64-7.3.2-20220804-6354275  User: oesteban  Machine: dna007  Platform: Linux  PlatformVersion: 5.14.0-427.37.1.el9_4.x86_64  CompilerName: GCC  CompilerVersion: 8.4.0
mri_motion_correct.fsl 7.3.2
mri_convert -all-info 
ProgramName: mri_convert  ProgramArguments: mri_convert -all-info  ProgramVersion: 7.3.2  TimeStamp: 2026/03/10-07:34:18-GMT  BuildTime: Aug  4 2022 06:17:15  BuildStamp: freesurfer-linux-ubuntu22_x86_64-7.3.2-20220804-6354275  User: oesteban  Machine: dna007  Platform: Linux  PlatformVersion: 5.14.0-427.37.1.el9_4.x86_64  CompilerName: GCC  CompilerVersion: 8.4.0
Program nu_correct, built from:
Package MNI N3, version 1.12.0, compiled by nicks@terrier (x86_64-unknown-linux-gnu) on 2015-06-19 at 01:25:34
#######################################
GCADIR /opt/freesurfer/average
GCA RB_all_2020-01-02.gca
GCASkull RB_all_withskull_2020_01_02.gca
AvgCurvTif folding.atlas.acfb40.noaparc.i12.2016-08-02.tif
GCSDIR /opt/freesurfer/average
GCS DKaparc.atlas.acfb40.noaparc.i12.2016-08-02.gcs
#######################################
#@# white curv lh Tue Mar 10 08:34:18 CET 2026
cd /out/sourcedata/freesurfer/sub-v1s6x0051370_ses-1/mri
mris_place_surface --curv-map ../surf/lh.white 2 10 ../surf/lh.curv
   Update not needed
#@# white area lh Tue Mar 10 08:34:18 CET 2026
cd /out/sourcedata/freesurfer/sub-v1s6x0051370_ses-1/mri
mris_place_surface --area-map ../surf/lh.white ../surf/lh.area
   Update not needed
#@# pial curv lh Tue Mar 10 08:34:18 CET 2026
cd /out/sourcedata/freesurfer/sub-v1s6x0051370_ses-1/mri
mris_place_surface --curv-map ../surf/lh.pial 2 10 ../surf/lh.curv.pial
   Update not needed
#@# pial area lh Tue Mar 10 08:34:18 CET 2026
cd /out/sourcedata/freesurfer/sub-v1s6x0051370_ses-1/mri
mris_place_surface --area-map ../surf/lh.pial ../surf/lh.area.pial
   Update not needed
#@# thickness lh Tue Mar 10 08:34:18 CET 2026
cd /out/sourcedata/freesurfer/sub-v1s6x0051370_ses-1/mri
mris_place_surface --thickness ../surf/lh.white ../surf/lh.pial 20 5 ../surf/lh.thickness
   Update not needed
#@# area and vertex vol lh Tue Mar 10 08:34:18 CET 2026
cd /out/sourcedata/freesurfer/sub-v1s6x0051370_ses-1/mri
mris_place_surface --thickness ../surf/lh.white ../surf/lh.pial 20 5 ../surf/lh.thickness
   Update not needed
#@# white curv rh Tue Mar 10 08:34:18 CET 2026
cd /out/sourcedata/freesurfer/sub-v1s6x0051370_ses-1/mri
mris_place_surface --curv-map ../surf/rh.white 2 10 ../surf/rh.curv
   Update not needed
#@# white area rh Tue Mar 10 08:34:18 CET 2026
cd /out/sourcedata/freesurfer/sub-v1s6x0051370_ses-1/mri
mris_place_surface --area-map ../surf/rh.white ../surf/rh.area
   Update not needed
#@# pial curv rh Tue Mar 10 08:34:18 CET 2026
cd /out/sourcedata/freesurfer/sub-v1s6x0051370_ses-1/mri
mris_place_surface --curv-map ../surf/rh.pial 2 10 ../surf/rh.curv.pial
   Update not needed
#@# pial area rh Tue Mar 10 08:34:18 CET 2026
cd /out/sourcedata/freesurfer/sub-v1s6x0051370_ses-1/mri
mris_place_surface --area-map ../surf/rh.pial ../surf/rh.area.pial
   Update not needed
#@# thickness rh Tue Mar 10 08:34:19 CET 2026
cd /out/sourcedata/freesurfer/sub-v1s6x0051370_ses-1/mri
mris_place_surface --thickness ../surf/rh.white ../surf/rh.pial 20 5 ../surf/rh.thickness
   Update not needed
#@# area and vertex vol rh Tue Mar 10 08:34:19 CET 2026
cd /out/sourcedata/freesurfer/sub-v1s6x0051370_ses-1/mri
mris_place_surface --thickness ../surf/rh.white ../surf/rh.pial 20 5 ../surf/rh.thickness
   Update not needed
#--------------------------------------------
#@# Cortical ribbon mask Tue Mar 10 08:34:19 CET 2026
/out/sourcedata/freesurfer/sub-v1s6x0051370_ses-1/mri

 mris_volmask --aseg_name aseg.presurf --label_left_white 2 --label_left_ribbon 3 --label_right_white 41 --label_right_ribbon 42 --save_ribbon sub-v1s6x0051370_ses-1 

SUBJECTS_DIR is /out/sourcedata/freesurfer
loading input data...
Running hemis serially
Processing left hemi
computing distance to left white surface 
computing distance to left pial surface 
Processing right hemi
computing distance to right white surface 
computing distance to right pial surface 
 hemi masks overlap voxels = 541
writing volume /out/sourcedata/freesurfer/sub-v1s6x0051370_ses-1/mri/ribbon.mgz
mris_volmask took 6.42 minutes
 writing ribbon files

Started at Tue Mar 10 08:34:18 CET 2026 
Ended   at Tue Mar 10 08:40:44 CET 2026
#@#%# recon-all-run-time-hours 0.107
recon-all -s sub-v1s6x0051370_ses-1 finished without error at Tue Mar 10 08:40:44 CET 2026



#New# invocation of recon-all 




Tue Mar 10 08:48:26 CET 2026
cd /out/sourcedata/freesurfer/sub-v1s6x0051370_ses-1
setenv SUBJECTS_DIR /out/sourcedata/freesurfer
/opt/freesurfer/bin/recon-all -autorecon3 -openmp 16 -subjid sub-v1s6x0051370_ses-1 -sd /out/sourcedata/freesurfer -nosphere -nosurfreg -nojacobian_white -noavgcurv -nocortparc -nopial -noparcstats -nocortparc2 -noparcstats2 -nocortparc3 -noparcstats3 -nopctsurfcon -nocortribbon -nobalabels

subjid sub-v1s6x0051370_ses-1
setenv SUBJECTS_DIR /out/sourcedata/freesurfer
FREESURFER_HOME /opt/freesurfer
Actual FREESURFER_HOME /opt/freesurfer
build-stamp.txt: freesurfer-linux-ubuntu22_x86_64-7.3.2-20220804-6354275
Linux dna007 5.14.0-427.37.1.el9_4.x86_64 #1 SMP PREEMPT_DYNAMIC Fri Sep 13 12:41:50 EDT 2024 x86_64 x86_64 x86_64 GNU/Linux
cputime      unlimited
filesize     unlimited
datasize     unlimited
stacksize    8192 kbytes
coredumpsize 0 kbytes
memoryuse    67108864 kbytes
vmemoryuse   unlimited
descriptors  1024 
memorylocked unlimited
maxproc      2061970 
maxlocks     unlimited
maxsignal    2061970 
maxmessage   819200 
maxnice      0 
maxrtprio    0 
maxrttime    unlimited

               total        used        free      shared  buff/cache   available
Mem:           503Gi        52Gi       336Gi       8.6Gi       114Gi       438Gi
Swap:             0B          0B          0B

########################################
program versions used
7.3.2 (freesurfer-linux-ubuntu22_x86_64-7.3.2-20220804-6354275)
7.3.2

ProgramName: lta_convert  ProgramArguments: lta_convert -all-info  ProgramVersion: 7.3.2  TimeStamp: 2026/03/10-07:48:26-GMT  BuildTime: Aug  4 2022 06:17:15  BuildStamp: freesurfer-linux-ubuntu22_x86_64-7.3.2-20220804-6354275  User: oesteban  Machine: dna007  Platform: Linux  PlatformVersion: 5.14.0-427.37.1.el9_4.x86_64  CompilerName: GCC  CompilerVersion: 8.4.0
ProgramName: mri_and  ProgramArguments: mri_and -all-info  ProgramVersion: 7.3.2  TimeStamp: 2026/03/10-07:48:26-GMT  BuildTime: Aug  4 2022 06:17:15  BuildStamp: freesurfer-linux-ubuntu22_x86_64-7.3.2-20220804-6354275  User: oesteban  Machine: dna007  Platform: Linux  PlatformVersion: 5.14.0-427.37.1.el9_4.x86_64  CompilerName: GCC  CompilerVersion: 8.4.0
ProgramName: mri_annotation2label  ProgramArguments: mri_annotation2label -all-info  ProgramVersion: 7.3.2  TimeStamp: 2026/03/10-07:48:26-GMT  BuildTime: Aug  4 2022 06:17:15  BuildStamp: freesurfer-linux-ubuntu22_x86_64-7.3.2-20220804-6354275  User: oesteban  Machine: dna007  Platform: Linux  PlatformVersion: 5.14.0-427.37.1.el9_4.x86_64  CompilerName: GCC  CompilerVersion: 8.4.0
ProgramName: mri_aparc2aseg  ProgramArguments: mri_aparc2aseg -all-info  ProgramVersion: 7.3.2  TimeStamp: 2026/03/10-07:48:26-GMT  BuildTime: Aug  4 2022 06:17:15  BuildStamp: freesurfer-linux-ubuntu22_x86_64-7.3.2-20220804-6354275  User: oesteban  Machine: dna007  Platform: Linux  PlatformVersion: 5.14.0-427.37.1.el9_4.x86_64  CompilerName: GCC  CompilerVersion: 8.4.0
ProgramName: mri_surf2volseg  ProgramArguments: mri_surf2volseg -all-info  ProgramVersion: 7.3.2  TimeStamp: 2026/03/10-07:48:26-GMT  BuildTime: Aug  4 2022 06:17:15  BuildStamp: freesurfer-linux-ubuntu22_x86_64-7.3.2-20220804-6354275  User: oesteban  Machine: dna007  Platform: Linux  PlatformVersion: 5.14.0-427.37.1.el9_4.x86_64  CompilerName: GCC  CompilerVersion: 8.4.0
ProgramName: mri_binarize  ProgramArguments: mri_binarize -all-info  ProgramVersion: 7.3.2  TimeStamp: 2026/03/10-07:48:26-GMT  BuildTime: Aug  4 2022 06:17:15  BuildStamp: freesurfer-linux-ubuntu22_x86_64-7.3.2-20220804-6354275  User: oesteban  Machine: dna007  Platform: Linux  PlatformVersion: 5.14.0-427.37.1.el9_4.x86_64  CompilerName: GCC  CompilerVersion: 8.4.0
ProgramName: mri_ca_label  ProgramArguments: mri_ca_label -all-info  ProgramVersion: 7.3.2  TimeStamp: 2026/03/10-07:48:26-GMT  BuildTime: Aug  4 2022 06:17:15  BuildStamp: freesurfer-linux-ubuntu22_x86_64-7.3.2-20220804-6354275  User: oesteban  Machine: dna007  Platform: Linux  PlatformVersion: 5.14.0-427.37.1.el9_4.x86_64  CompilerName: GCC  CompilerVersion: 8.4.0
ProgramName: mri_ca_normalize  ProgramArguments: mri_ca_normalize -all-info  ProgramVersion: 7.3.2  TimeStamp: 2026/03/10-07:48:26-GMT  BuildTime: Aug  4 2022 06:17:15  BuildStamp: freesurfer-linux-ubuntu22_x86_64-7.3.2-20220804-6354275  User: oesteban  Machine: dna007  Platform: Linux  PlatformVersion: 5.14.0-427.37.1.el9_4.x86_64  CompilerName: GCC  CompilerVersion: 8.4.0
ProgramName: mri_ca_register  ProgramArguments: mri_ca_register -all-info  ProgramVersion: 7.3.2  TimeStamp: 2026/03/10-07:48:26-GMT  BuildTime: Aug  4 2022 06:17:15  BuildStamp: freesurfer-linux-ubuntu22_x86_64-7.3.2-20220804-6354275  User: oesteban  Machine: dna007  Platform: Linux  PlatformVersion: 5.14.0-427.37.1.el9_4.x86_64  CompilerName: GCC  CompilerVersion: 8.4.0
ProgramName: mri_cc  ProgramArguments: mri_cc -all-info  ProgramVersion: 7.3.2  TimeStamp: 2026/03/10-07:48:26-GMT  BuildTime: Aug  4 2022 06:17:15  BuildStamp: freesurfer-linux-ubuntu22_x86_64-7.3.2-20220804-6354275  User: oesteban  Machine: dna007  Platform: Linux  PlatformVersion: 5.14.0-427.37.1.el9_4.x86_64  CompilerName: GCC  CompilerVersion: 8.4.0
ProgramName: mri_compute_overlap  ProgramArguments: mri_compute_overlap -all-info  ProgramVersion: 7.3.2  TimeStamp: 2026/03/10-07:48:26-GMT  BuildTime: Aug  4 2022 06:17:15  BuildStamp: freesurfer-linux-ubuntu22_x86_64-7.3.2-20220804-6354275  User: oesteban  Machine: dna007  Platform: Linux  PlatformVersion: 5.14.0-427.37.1.el9_4.x86_64  CompilerName: GCC  CompilerVersion: 8.4.0
ProgramName: mri_compute_seg_overlap  ProgramArguments: mri_compute_seg_overlap -all-info  ProgramVersion: 7.3.2  TimeStamp: 2026/03/10-07:48:26-GMT  BuildTime: Aug  4 2022 06:17:15  BuildStamp: freesurfer-linux-ubuntu22_x86_64-7.3.2-20220804-6354275  User: oesteban  Machine: dna007  Platform: Linux  PlatformVersion: 5.14.0-427.37.1.el9_4.x86_64  CompilerName: GCC  CompilerVersion: 8.4.0
ProgramName: mri_concat  ProgramArguments: mri_concat -all-info  ProgramVersion: 7.3.2  TimeStamp: 2026/03/10-07:48:26-GMT  BuildTime: Aug  4 2022 06:17:15  BuildStamp: freesurfer-linux-ubuntu22_x86_64-7.3.2-20220804-6354275  User: oesteban  Machine: dna007  Platform: Linux  PlatformVersion: 5.14.0-427.37.1.el9_4.x86_64  CompilerName: GCC  CompilerVersion: 8.4.0
ProgramName: mri_concatenate_lta  ProgramArguments: mri_concatenate_lta -all-info  ProgramVersion: 7.3.2  TimeStamp: 2026/03/10-07:48:26-GMT  BuildTime: Aug  4 2022 06:17:15  BuildStamp: freesurfer-linux-ubuntu22_x86_64-7.3.2-20220804-6354275  User: oesteban  Machine: dna007  Platform: Linux  PlatformVersion: 5.14.0-427.37.1.el9_4.x86_64  CompilerName: GCC  CompilerVersion: 8.4.0
mri_convert -all-info 
ProgramName: mri_convert  ProgramArguments: mri_convert -all-info  ProgramVersion: 7.3.2  TimeStamp: 2026/03/10-07:48:26-GMT  BuildTime: Aug  4 2022 06:17:15  BuildStamp: freesurfer-linux-ubuntu22_x86_64-7.3.2-20220804-6354275  User: oesteban  Machine: dna007  Platform: Linux  PlatformVersion: 5.14.0-427.37.1.el9_4.x86_64  CompilerName: GCC  CompilerVersion: 8.4.0
ProgramName: mri_diff  ProgramArguments: mri_diff -all-info  ProgramVersion: 7.3.2  TimeStamp: 2026/03/10-07:48:26-GMT  BuildTime: Aug  4 2022 06:17:15  BuildStamp: freesurfer-linux-ubuntu22_x86_64-7.3.2-20220804-6354275  User: oesteban  Machine: dna007  Platform: Linux  PlatformVersion: 5.14.0-427.37.1.el9_4.x86_64  CompilerName: GCC  CompilerVersion: 8.4.0
ProgramName: mri_edit_wm_with_aseg  ProgramArguments: mri_edit_wm_with_aseg -all-info  ProgramVersion: 7.3.2  TimeStamp: 2026/03/10-07:48:26-GMT  BuildTime: Aug  4 2022 06:17:15  BuildStamp: freesurfer-linux-ubuntu22_x86_64-7.3.2-20220804-6354275  User: oesteban  Machine: dna007  Platform: Linux  PlatformVersion: 5.14.0-427.37.1.el9_4.x86_64  CompilerName: GCC  CompilerVersion: 8.4.0
ProgramName: mri_em_register  ProgramArguments: mri_em_register -all-info  ProgramVersion: 7.3.2  TimeStamp: 2026/03/10-07:48:26-GMT  BuildTime: Aug  4 2022 06:17:15  BuildStamp: freesurfer-linux-ubuntu22_x86_64-7.3.2-20220804-6354275  User: oesteban  Machine: dna007  Platform: Linux  PlatformVersion: 5.14.0-427.37.1.el9_4.x86_64  CompilerName: GCC  CompilerVersion: 8.4.0
ProgramName: mri_fill  ProgramArguments: mri_fill -all-info  ProgramVersion: 7.3.2  TimeStamp: 2026/03/10-07:48:26-GMT  BuildTime: Aug  4 2022 06:17:15  BuildStamp: freesurfer-linux-ubuntu22_x86_64-7.3.2-20220804-6354275  User: oesteban  Machine: dna007  Platform: Linux  PlatformVersion: 5.14.0-427.37.1.el9_4.x86_64  CompilerName: GCC  CompilerVersion: 8.4.0
ProgramName: mri_fuse_segmentations  ProgramArguments: mri_fuse_segmentations -all-info  ProgramVersion: 7.3.2  TimeStamp: 2026/03/10-07:48:26-GMT  BuildTime: Aug  4 2022 06:17:15  BuildStamp: freesurfer-linux-ubuntu22_x86_64-7.3.2-20220804-6354275  User: oesteban  Machine: dna007  Platform: Linux  PlatformVersion: 5.14.0-427.37.1.el9_4.x86_64  CompilerName: GCC  CompilerVersion: 8.4.0
ProgramName: mri_fwhm  ProgramArguments: mri_fwhm -all-info  ProgramVersion: 7.3.2  TimeStamp: 2026/03/10-07:48:26-GMT  BuildTime: Aug  4 2022 06:17:15  BuildStamp: freesurfer-linux-ubuntu22_x86_64-7.3.2-20220804-6354275  User: oesteban  Machine: dna007  Platform: Linux  PlatformVersion: 5.14.0-427.37.1.el9_4.x86_64  CompilerName: GCC  CompilerVersion: 8.4.0
ProgramName: mri_gcut  ProgramArguments: mri_gcut -all-info  ProgramVersion: 7.3.2  TimeStamp: 2026/03/10-07:48:26-GMT  BuildTime: Aug  4 2022 06:17:15  BuildStamp: freesurfer-linux-ubuntu22_x86_64-7.3.2-20220804-6354275  User: oesteban  Machine: dna007  Platform: Linux  PlatformVersion: 5.14.0-427.37.1.el9_4.x86_64  CompilerName: GCC  CompilerVersion: 8.4.0
ProgramName: mri_info  ProgramArguments: mri_info -all-info  ProgramVersion: 7.3.2  TimeStamp: 2026/03/10-07:48:26-GMT  BuildTime: Aug  4 2022 06:17:15  BuildStamp: freesurfer-linux-ubuntu22_x86_64-7.3.2-20220804-6354275  User: oesteban  Machine: dna007  Platform: Linux  PlatformVersion: 5.14.0-427.37.1.el9_4.x86_64  CompilerName: GCC  CompilerVersion: 8.4.0
ProgramName: mri_label2label  ProgramArguments: mri_label2label -all-info  ProgramVersion: 7.3.2  TimeStamp: 2026/03/10-07:48:26-GMT  BuildTime: Aug  4 2022 06:17:15  BuildStamp: freesurfer-linux-ubuntu22_x86_64-7.3.2-20220804-6354275  User: oesteban  Machine: dna007  Platform: Linux  PlatformVersion: 5.14.0-427.37.1.el9_4.x86_64  CompilerName: GCC  CompilerVersion: 8.4.0
ProgramName: mri_label2vol  ProgramArguments: mri_label2vol -all-info  ProgramVersion: 7.3.2  TimeStamp: 2026/03/10-07:48:26-GMT  BuildTime: Aug  4 2022 06:17:15  BuildStamp: freesurfer-linux-ubuntu22_x86_64-7.3.2-20220804-6354275  User: oesteban  Machine: dna007  Platform: Linux  PlatformVersion: 5.14.0-427.37.1.el9_4.x86_64  CompilerName: GCC  CompilerVersion: 8.4.0
ProgramName: mri_log_likelihood  ProgramArguments: mri_log_likelihood -all-info  ProgramVersion: 7.3.2  TimeStamp: 2026/03/10-07:48:26-GMT  BuildTime: Aug  4 2022 06:17:15  BuildStamp: freesurfer-linux-ubuntu22_x86_64-7.3.2-20220804-6354275  User: oesteban  Machine: dna007  Platform: Linux  PlatformVersion: 5.14.0-427.37.1.el9_4.x86_64  CompilerName: GCC  CompilerVersion: 8.4.0
ProgramName: mri_mask  ProgramArguments: mri_mask -all-info  ProgramVersion: 7.3.2  TimeStamp: 2026/03/10-07:48:26-GMT  BuildTime: Aug  4 2022 06:17:15  BuildStamp: freesurfer-linux-ubuntu22_x86_64-7.3.2-20220804-6354275  User: oesteban  Machine: dna007  Platform: Linux  PlatformVersion: 5.14.0-427.37.1.el9_4.x86_64  CompilerName: GCC  CompilerVersion: 8.4.0
ProgramName: mri_matrix_multiply  ProgramArguments: mri_matrix_multiply -all-info  ProgramVersion: 7.3.2  TimeStamp: 2026/03/10-07:48:26-GMT  BuildTime: Aug  4 2022 06:17:15  BuildStamp: freesurfer-linux-ubuntu22_x86_64-7.3.2-20220804-6354275  User: oesteban  Machine: dna007  Platform: Linux  PlatformVersion: 5.14.0-427.37.1.el9_4.x86_64  CompilerName: GCC  CompilerVersion: 8.4.0
ProgramName: mri_normalize  ProgramArguments: mri_normalize -all-info  ProgramVersion: 7.3.2  TimeStamp: 2026/03/10-07:48:26-GMT  BuildTime: Aug  4 2022 06:17:15  BuildStamp: freesurfer-linux-ubuntu22_x86_64-7.3.2-20220804-6354275  User: oesteban  Machine: dna007  Platform: Linux  PlatformVersion: 5.14.0-427.37.1.el9_4.x86_64  CompilerName: GCC  CompilerVersion: 8.4.0
ProgramName: mri_normalize_tp2  ProgramArguments: mri_normalize_tp2 -all-info  ProgramVersion: 7.3.2  TimeStamp: 2026/03/10-07:48:26-GMT  BuildTime: Aug  4 2022 06:17:15  BuildStamp: freesurfer-linux-ubuntu22_x86_64-7.3.2-20220804-6354275  User: oesteban  Machine: dna007  Platform: Linux  PlatformVersion: 5.14.0-427.37.1.el9_4.x86_64  CompilerName: GCC  CompilerVersion: 8.4.0
ProgramName: mri_or  ProgramArguments: mri_or -all-info  ProgramVersion: 7.3.2  TimeStamp: 2026/03/10-07:48:26-GMT  BuildTime: Aug  4 2022 06:17:15  BuildStamp: freesurfer-linux-ubuntu22_x86_64-7.3.2-20220804-6354275  User: oesteban  Machine: dna007  Platform: Linux  PlatformVersion: 5.14.0-427.37.1.el9_4.x86_64  CompilerName: GCC  CompilerVersion: 8.4.0
ProgramName: mri_relabel_hypointensities  ProgramArguments: mri_relabel_hypointensities -all-info  ProgramVersion: 7.3.2  TimeStamp: 2026/03/10-07:48:26-GMT  BuildTime: Aug  4 2022 06:17:15  BuildStamp: freesurfer-linux-ubuntu22_x86_64-7.3.2-20220804-6354275  User: oesteban  Machine: dna007  Platform: Linux  PlatformVersion: 5.14.0-427.37.1.el9_4.x86_64  CompilerName: GCC  CompilerVersion: 8.4.0
ProgramName: mri_relabel_nonwm_hypos  ProgramArguments: mri_relabel_nonwm_hypos -all-info  ProgramVersion: 7.3.2  TimeStamp: 2026/03/10-07:48:26-GMT  BuildTime: Aug  4 2022 06:17:15  BuildStamp: freesurfer-linux-ubuntu22_x86_64-7.3.2-20220804-6354275  User: oesteban  Machine: dna007  Platform: Linux  PlatformVersion: 5.14.0-427.37.1.el9_4.x86_64  CompilerName: GCC  CompilerVersion: 8.4.0
ProgramName: mri_remove_neck  ProgramArguments: mri_remove_neck -all-info  ProgramVersion: 7.3.2  TimeStamp: 2026/03/10-07:48:26-GMT  BuildTime: Aug  4 2022 06:17:15  BuildStamp: freesurfer-linux-ubuntu22_x86_64-7.3.2-20220804-6354275  User: oesteban  Machine: dna007  Platform: Linux  PlatformVersion: 5.14.0-427.37.1.el9_4.x86_64  CompilerName: GCC  CompilerVersion: 8.4.0
7.3.2

ProgramName: mri_robust_register  ProgramArguments: mri_robust_register -all-info  ProgramVersion: 7.3.2  TimeStamp: 2026/03/10-07:48:26-GMT  BuildTime: Aug  4 2022 06:17:15  BuildStamp: freesurfer-linux-ubuntu22_x86_64-7.3.2-20220804-6354275  User: oesteban  Machine: dna007  Platform: Linux  PlatformVersion: 5.14.0-427.37.1.el9_4.x86_64  CompilerName: GCC  CompilerVersion: 8.4.0
7.3.2

ProgramName: mri_robust_template  ProgramArguments: mri_robust_template -all-info  ProgramVersion: 7.3.2  TimeStamp: 2026/03/10-07:48:26-GMT  BuildTime: Aug  4 2022 06:17:15  BuildStamp: freesurfer-linux-ubuntu22_x86_64-7.3.2-20220804-6354275  User: oesteban  Machine: dna007  Platform: Linux  PlatformVersion: 5.14.0-427.37.1.el9_4.x86_64  CompilerName: GCC  CompilerVersion: 8.4.0
ProgramName: mris_anatomical_stats  ProgramArguments: mris_anatomical_stats -all-info  ProgramVersion: 7.3.2  TimeStamp: 2026/03/10-07:48:26-GMT  BuildTime: Aug  4 2022 06:17:15  BuildStamp: freesurfer-linux-ubuntu22_x86_64-7.3.2-20220804-6354275  User: oesteban  Machine: dna007  Platform: Linux  PlatformVersion: 5.14.0-427.37.1.el9_4.x86_64  CompilerName: GCC  CompilerVersion: 8.4.0
ProgramName: mris_ca_label  ProgramArguments: mris_ca_label -all-info  ProgramVersion: 7.3.2  TimeStamp: 2026/03/10-07:48:26-GMT  BuildTime: Aug  4 2022 06:17:15  BuildStamp: freesurfer-linux-ubuntu22_x86_64-7.3.2-20220804-6354275  User: oesteban  Machine: dna007  Platform: Linux  PlatformVersion: 5.14.0-427.37.1.el9_4.x86_64  CompilerName: GCC  CompilerVersion: 8.4.0
ProgramName: mris_calc  ProgramArguments: mris_calc -all-info  ProgramVersion: 7.3.2  TimeStamp: 2026/03/10-07:48:26-GMT  BuildTime: Aug  4 2022 06:17:15  BuildStamp: freesurfer-linux-ubuntu22_x86_64-7.3.2-20220804-6354275  User: oesteban  Machine: dna007  Platform: Linux  PlatformVersion: 5.14.0-427.37.1.el9_4.x86_64  CompilerName: GCC  CompilerVersion: 8.4.0
ProgramName: mris_convert  ProgramArguments: mris_convert -all-info  ProgramVersion: 7.3.2  TimeStamp: 2026/03/10-07:48:26-GMT  BuildTime: Aug  4 2022 06:17:15  BuildStamp: freesurfer-linux-ubuntu22_x86_64-7.3.2-20220804-6354275  User: oesteban  Machine: dna007  Platform: Linux  PlatformVersion: 5.14.0-427.37.1.el9_4.x86_64  CompilerName: GCC  CompilerVersion: 8.4.0
ProgramName: mris_curvature  ProgramArguments: mris_curvature -all-info  ProgramVersion: 7.3.2  TimeStamp: 2026/03/10-07:48:26-GMT  BuildTime: Aug  4 2022 06:17:15  BuildStamp: freesurfer-linux-ubuntu22_x86_64-7.3.2-20220804-6354275  User: oesteban  Machine: dna007  Platform: Linux  PlatformVersion: 5.14.0-427.37.1.el9_4.x86_64  CompilerName: GCC  CompilerVersion: 8.4.0
ProgramName: mris_curvature_stats  ProgramArguments: mris_curvature_stats -all-info  ProgramVersion: 7.3.2  TimeStamp: 2026/03/10-07:48:26-GMT  BuildTime: Aug  4 2022 06:17:15  BuildStamp: freesurfer-linux-ubuntu22_x86_64-7.3.2-20220804-6354275  User: oesteban  Machine: dna007  Platform: Linux  PlatformVersion: 5.14.0-427.37.1.el9_4.x86_64  CompilerName: GCC  CompilerVersion: 8.4.0
ProgramName: mris_diff  ProgramArguments: mris_diff -all-info  ProgramVersion: 7.3.2  TimeStamp: 2026/03/10-07:48:26-GMT  BuildTime: Aug  4 2022 06:17:15  BuildStamp: freesurfer-linux-ubuntu22_x86_64-7.3.2-20220804-6354275  User: oesteban  Machine: dna007  Platform: Linux  PlatformVersion: 5.14.0-427.37.1.el9_4.x86_64  CompilerName: GCC  CompilerVersion: 8.4.0
ProgramName: mris_divide_parcellation  ProgramArguments: mris_divide_parcellation -all-info  ProgramVersion: 7.3.2  TimeStamp: 2026/03/10-07:48:26-GMT  BuildTime: Aug  4 2022 06:17:15  BuildStamp: freesurfer-linux-ubuntu22_x86_64-7.3.2-20220804-6354275  User: oesteban  Machine: dna007  Platform: Linux  PlatformVersion: 5.14.0-427.37.1.el9_4.x86_64  CompilerName: GCC  CompilerVersion: 8.4.0
ProgramName: mri_segment  ProgramArguments: mri_segment -all-info  ProgramVersion: 7.3.2  TimeStamp: 2026/03/10-07:48:26-GMT  BuildTime: Aug  4 2022 06:17:15  BuildStamp: freesurfer-linux-ubuntu22_x86_64-7.3.2-20220804-6354275  User: oesteban  Machine: dna007  Platform: Linux  PlatformVersion: 5.14.0-427.37.1.el9_4.x86_64  CompilerName: GCC  CompilerVersion: 8.4.0
ProgramName: mri_segstats  ProgramArguments: mri_segstats -all-info  ProgramVersion: 7.3.2  TimeStamp: 2026/03/10-07:48:26-GMT  BuildTime: Aug  4 2022 06:17:15  BuildStamp: freesurfer-linux-ubuntu22_x86_64-7.3.2-20220804-6354275  User: oesteban  Machine: dna007  Platform: Linux  PlatformVersion: 5.14.0-427.37.1.el9_4.x86_64  CompilerName: GCC  CompilerVersion: 8.4.0
ProgramName: mris_euler_number  ProgramArguments: mris_euler_number -all-info  ProgramVersion: 7.3.2  TimeStamp: 2026/03/10-07:48:26-GMT  BuildTime: Aug  4 2022 06:17:15  BuildStamp: freesurfer-linux-ubuntu22_x86_64-7.3.2-20220804-6354275  User: oesteban  Machine: dna007  Platform: Linux  PlatformVersion: 5.14.0-427.37.1.el9_4.x86_64  CompilerName: GCC  CompilerVersion: 8.4.0
ProgramName: mris_fix_topology  ProgramArguments: mris_fix_topology -all-info  ProgramVersion: 7.3.2  TimeStamp: 2026/03/10-07:48:26-GMT  BuildTime: Aug  4 2022 06:17:15  BuildStamp: freesurfer-linux-ubuntu22_x86_64-7.3.2-20220804-6354275  User: oesteban  Machine: dna007  Platform: Linux  PlatformVersion: 5.14.0-427.37.1.el9_4.x86_64  CompilerName: GCC  CompilerVersion: 8.4.0
ProgramName: mris_topo_fixer  ProgramArguments: mris_topo_fixer -all-info  ProgramVersion: 7.3.2  TimeStamp: 2026/03/10-07:48:26-GMT  BuildTime: Aug  4 2022 06:17:15  BuildStamp: freesurfer-linux-ubuntu22_x86_64-7.3.2-20220804-6354275  User: oesteban  Machine: dna007  Platform: Linux  PlatformVersion: 5.14.0-427.37.1.el9_4.x86_64  CompilerName: GCC  CompilerVersion: 8.4.0
ProgramName: mris_jacobian  ProgramArguments: mris_jacobian -all-info  ProgramVersion: 7.3.2  TimeStamp: 2026/03/10-07:48:26-GMT  BuildTime: Aug  4 2022 06:17:15  BuildStamp: freesurfer-linux-ubuntu22_x86_64-7.3.2-20220804-6354275  User: oesteban  Machine: dna007  Platform: Linux  PlatformVersion: 5.14.0-427.37.1.el9_4.x86_64  CompilerName: GCC  CompilerVersion: 8.4.0
ProgramName: mris_label2annot  ProgramArguments: mris_label2annot -all-info  ProgramVersion: 7.3.2  TimeStamp: 2026/03/10-07:48:26-GMT  BuildTime: Aug  4 2022 06:17:15  BuildStamp: freesurfer-linux-ubuntu22_x86_64-7.3.2-20220804-6354275  User: oesteban  Machine: dna007  Platform: Linux  PlatformVersion: 5.14.0-427.37.1.el9_4.x86_64  CompilerName: GCC  CompilerVersion: 8.4.0
ProgramName: mris_left_right_register  ProgramArguments: mris_left_right_register -all-info  ProgramVersion: 7.3.2  TimeStamp: 2026/03/10-07:48:26-GMT  BuildTime: Aug  4 2022 06:17:15  BuildStamp: freesurfer-linux-ubuntu22_x86_64-7.3.2-20220804-6354275  User: oesteban  Machine: dna007  Platform: Linux  PlatformVersion: 5.14.0-427.37.1.el9_4.x86_64  CompilerName: GCC  CompilerVersion: 8.4.0
ProgramName: mris_place_surface  ProgramArguments: mris_place_surface -all-info  ProgramVersion: 7.3.2  TimeStamp: 2026/03/10-07:48:26-GMT  BuildTime: Aug  4 2022 06:17:15  BuildStamp: freesurfer-linux-ubuntu22_x86_64-7.3.2-20220804-6354275  User: oesteban  Machine: dna007  Platform: Linux  PlatformVersion: 5.14.0-427.37.1.el9_4.x86_64  CompilerName: GCC  CompilerVersion: 8.4.0
ProgramName: mrisp_paint  ProgramArguments: mrisp_paint -all-info  ProgramVersion: 7.3.2  TimeStamp: 2026/03/10-07:48:26-GMT  BuildTime: Aug  4 2022 06:17:15  BuildStamp: freesurfer-linux-ubuntu22_x86_64-7.3.2-20220804-6354275  User: oesteban  Machine: dna007  Platform: Linux  PlatformVersion: 5.14.0-427.37.1.el9_4.x86_64  CompilerName: GCC  CompilerVersion: 8.4.0
ProgramName: mris_register  ProgramArguments: mris_register -all-info  ProgramVersion: 7.3.2  TimeStamp: 2026/03/10-07:48:26-GMT  BuildTime: Aug  4 2022 06:17:15  BuildStamp: freesurfer-linux-ubuntu22_x86_64-7.3.2-20220804-6354275  User: oesteban  Machine: dna007  Platform: Linux  PlatformVersion: 5.14.0-427.37.1.el9_4.x86_64  CompilerName: GCC  CompilerVersion: 8.4.0
ProgramName: mris_smooth  ProgramArguments: mris_smooth -all-info  ProgramVersion: 7.3.2  TimeStamp: 2026/03/10-07:48:26-GMT  BuildTime: Aug  4 2022 06:17:15  BuildStamp: freesurfer-linux-ubuntu22_x86_64-7.3.2-20220804-6354275  User: oesteban  Machine: dna007  Platform: Linux  PlatformVersion: 5.14.0-427.37.1.el9_4.x86_64  CompilerName: GCC  CompilerVersion: 8.4.0
ProgramName: mris_sphere  ProgramArguments: mris_sphere -all-info  ProgramVersion: 7.3.2  TimeStamp: 2026/03/10-07:48:26-GMT  BuildTime: Aug  4 2022 06:17:15  BuildStamp: freesurfer-linux-ubuntu22_x86_64-7.3.2-20220804-6354275  User: oesteban  Machine: dna007  Platform: Linux  PlatformVersion: 5.14.0-427.37.1.el9_4.x86_64  CompilerName: GCC  CompilerVersion: 8.4.0
ProgramName: mris_surface_stats  ProgramArguments: mris_surface_stats -all-info  ProgramVersion: 7.3.2  TimeStamp: 2026/03/10-07:48:26-GMT  BuildTime: Aug  4 2022 06:17:15  BuildStamp: freesurfer-linux-ubuntu22_x86_64-7.3.2-20220804-6354275  User: oesteban  Machine: dna007  Platform: Linux  PlatformVersion: 5.14.0-427.37.1.el9_4.x86_64  CompilerName: GCC  CompilerVersion: 8.4.0
ProgramName: mri_stats2seg  ProgramArguments: mri_stats2seg -all-info  ProgramVersion: 7.3.2  TimeStamp: 2026/03/10-07:48:26-GMT  BuildTime: Aug  4 2022 06:17:15  BuildStamp: freesurfer-linux-ubuntu22_x86_64-7.3.2-20220804-6354275  User: oesteban  Machine: dna007  Platform: Linux  PlatformVersion: 5.14.0-427.37.1.el9_4.x86_64  CompilerName: GCC  CompilerVersion: 8.4.0
ProgramName: mris_thickness  ProgramArguments: mris_thickness -all-info  ProgramVersion: 7.3.2  TimeStamp: 2026/03/10-07:48:26-GMT  BuildTime: Aug  4 2022 06:17:15  BuildStamp: freesurfer-linux-ubuntu22_x86_64-7.3.2-20220804-6354275  User: oesteban  Machine: dna007  Platform: Linux  PlatformVersion: 5.14.0-427.37.1.el9_4.x86_64  CompilerName: GCC  CompilerVersion: 8.4.0
ProgramName: mris_thickness_diff  ProgramArguments: mris_thickness_diff -all-info  ProgramVersion: 7.3.2  TimeStamp: 2026/03/10-07:48:26-GMT  BuildTime: Aug  4 2022 06:17:15  BuildStamp: freesurfer-linux-ubuntu22_x86_64-7.3.2-20220804-6354275  User: oesteban  Machine: dna007  Platform: Linux  PlatformVersion: 5.14.0-427.37.1.el9_4.x86_64  CompilerName: GCC  CompilerVersion: 8.4.0
ProgramName: mris_topo_fixer  ProgramArguments: mris_topo_fixer -all-info  ProgramVersion: 7.3.2  TimeStamp: 2026/03/10-07:48:26-GMT  BuildTime: Aug  4 2022 06:17:15  BuildStamp: freesurfer-linux-ubuntu22_x86_64-7.3.2-20220804-6354275  User: oesteban  Machine: dna007  Platform: Linux  PlatformVersion: 5.14.0-427.37.1.el9_4.x86_64  CompilerName: GCC  CompilerVersion: 8.4.0
ProgramName: mri_surf2surf  ProgramArguments: mri_surf2surf -all-info  ProgramVersion: 7.3.2  TimeStamp: 2026/03/10-07:48:26-GMT  BuildTime: Aug  4 2022 06:17:15  BuildStamp: freesurfer-linux-ubuntu22_x86_64-7.3.2-20220804-6354275  User: oesteban  Machine: dna007  Platform: Linux  PlatformVersion: 5.14.0-427.37.1.el9_4.x86_64  CompilerName: GCC  CompilerVersion: 8.4.0
ProgramName: mri_surf2vol  ProgramArguments: mri_surf2vol -all-info  ProgramVersion: 7.3.2  TimeStamp: 2026/03/10-07:48:26-GMT  BuildTime: Aug  4 2022 06:17:15  BuildStamp: freesurfer-linux-ubuntu22_x86_64-7.3.2-20220804-6354275  User: oesteban  Machine: dna007  Platform: Linux  PlatformVersion: 5.14.0-427.37.1.el9_4.x86_64  CompilerName: GCC  CompilerVersion: 8.4.0
ProgramName: mri_surfcluster  ProgramArguments: mri_surfcluster -all-info  ProgramVersion: 7.3.2  TimeStamp: 2026/03/10-07:48:26-GMT  BuildTime: Aug  4 2022 06:17:15  BuildStamp: freesurfer-linux-ubuntu22_x86_64-7.3.2-20220804-6354275  User: oesteban  Machine: dna007  Platform: Linux  PlatformVersion: 5.14.0-427.37.1.el9_4.x86_64  CompilerName: GCC  CompilerVersion: 8.4.0
ProgramName: mris_volmask  ProgramArguments: mris_volmask -all-info  ProgramVersion: 7.3.2  TimeStamp: 2026/03/10-07:48:26-GMT  BuildTime: Aug  4 2022 06:17:15  BuildStamp: freesurfer-linux-ubuntu22_x86_64-7.3.2-20220804-6354275  User: oesteban  Machine: dna007  Platform: Linux  PlatformVersion: 5.14.0-427.37.1.el9_4.x86_64  CompilerName: GCC  CompilerVersion: 8.4.0
ProgramName: mri_tessellate  ProgramArguments: mri_tessellate -all-info  ProgramVersion: 7.3.2  TimeStamp: 2026/03/10-07:48:26-GMT  BuildTime: Aug  4 2022 06:17:15  BuildStamp: freesurfer-linux-ubuntu22_x86_64-7.3.2-20220804-6354275  User: oesteban  Machine: dna007  Platform: Linux  PlatformVersion: 5.14.0-427.37.1.el9_4.x86_64  CompilerName: GCC  CompilerVersion: 8.4.0
ProgramName: mri_vol2surf  ProgramArguments: mri_vol2surf -all-info  ProgramVersion: 7.3.2  TimeStamp: 2026/03/10-07:48:26-GMT  BuildTime: Aug  4 2022 06:17:15  BuildStamp: freesurfer-linux-ubuntu22_x86_64-7.3.2-20220804-6354275  User: oesteban  Machine: dna007  Platform: Linux  PlatformVersion: 5.14.0-427.37.1.el9_4.x86_64  CompilerName: GCC  CompilerVersion: 8.4.0
ProgramName: mri_vol2vol  ProgramArguments: mri_vol2vol -all-info  ProgramVersion: 7.3.2  TimeStamp: 2026/03/10-07:48:26-GMT  BuildTime: Aug  4 2022 06:17:15  BuildStamp: freesurfer-linux-ubuntu22_x86_64-7.3.2-20220804-6354275  User: oesteban  Machine: dna007  Platform: Linux  PlatformVersion: 5.14.0-427.37.1.el9_4.x86_64  CompilerName: GCC  CompilerVersion: 8.4.0
ProgramName: mri_voldiff  ProgramArguments: mri_voldiff -all-info  ProgramVersion: 7.3.2  TimeStamp: 2026/03/10-07:48:26-GMT  BuildTime: Aug  4 2022 06:17:15  BuildStamp: freesurfer-linux-ubuntu22_x86_64-7.3.2-20220804-6354275  User: oesteban  Machine: dna007  Platform: Linux  PlatformVersion: 5.14.0-427.37.1.el9_4.x86_64  CompilerName: GCC  CompilerVersion: 8.4.0
ProgramName: mri_watershed  ProgramArguments: mri_watershed -all-info  ProgramVersion: 7.3.2  TimeStamp: 2026/03/10-07:48:26-GMT  BuildTime: Aug  4 2022 06:17:15  BuildStamp: freesurfer-linux-ubuntu22_x86_64-7.3.2-20220804-6354275  User: oesteban  Machine: dna007  Platform: Linux  PlatformVersion: 5.14.0-427.37.1.el9_4.x86_64  CompilerName: GCC  CompilerVersion: 8.4.0
ProgramName: tkregister2  ProgramArguments: tkregister2_cmdl -all-info  ProgramVersion: 7.3.2  TimeStamp: 2026/03/10-07:48:26-GMT  BuildTime: Aug  4 2022 06:17:15  BuildStamp: freesurfer-linux-ubuntu22_x86_64-7.3.2-20220804-6354275  User: oesteban  Machine: dna007  Platform: Linux  PlatformVersion: 5.14.0-427.37.1.el9_4.x86_64  CompilerName: GCC  CompilerVersion: 8.4.0
mri_motion_correct.fsl 7.3.2
mri_convert -all-info 
ProgramName: mri_convert  ProgramArguments: mri_convert -all-info  ProgramVersion: 7.3.2  TimeStamp: 2026/03/10-07:48:27-GMT  BuildTime: Aug  4 2022 06:17:15  BuildStamp: freesurfer-linux-ubuntu22_x86_64-7.3.2-20220804-6354275  User: oesteban  Machine: dna007  Platform: Linux  PlatformVersion: 5.14.0-427.37.1.el9_4.x86_64  CompilerName: GCC  CompilerVersion: 8.4.0
Program nu_correct, built from:
Package MNI N3, version 1.12.0, compiled by nicks@terrier (x86_64-unknown-linux-gnu) on 2015-06-19 at 01:25:34
#######################################
GCADIR /opt/freesurfer/average
GCA RB_all_2020-01-02.gca
GCASkull RB_all_withskull_2020_01_02.gca
AvgCurvTif folding.atlas.acfb40.noaparc.i12.2016-08-02.tif
GCSDIR /opt/freesurfer/average
GCS DKaparc.atlas.acfb40.noaparc.i12.2016-08-02.gcs
#######################################
#--------------------------------------------
#@# WhiteSurfs lh Tue Mar 10 08:48:27 CET 2026
cd /out/sourcedata/freesurfer/sub-v1s6x0051370_ses-1/mri
mris_place_surface --adgws-in ../surf/autodet.gw.stats.lh.dat --seg aseg.presurf.mgz --threads 16 --wm wm.mgz --invol brain.finalsurfs.mgz --lh --i ../surf/lh.white.preaparc --o ../surf/lh.white --white --nsmooth 0 --rip-label ../label/lh.cortex.label --rip-bg --rip-surf ../surf/lh.white.preaparc --aparc ../label/lh.aparc.annot
   Update not needed
#--------------------------------------------
#@# WhiteSurfs rh Tue Mar 10 08:48:27 CET 2026
cd /out/sourcedata/freesurfer/sub-v1s6x0051370_ses-1/mri
mris_place_surface --adgws-in ../surf/autodet.gw.stats.rh.dat --seg aseg.presurf.mgz --threads 16 --wm wm.mgz --invol brain.finalsurfs.mgz --rh --i ../surf/rh.white.preaparc --o ../surf/rh.white --white --nsmooth 0 --rip-label ../label/rh.cortex.label --rip-bg --rip-surf ../surf/rh.white.preaparc --aparc ../label/rh.aparc.annot
   Update not needed
#@# white curv lh Tue Mar 10 08:48:27 CET 2026
cd /out/sourcedata/freesurfer/sub-v1s6x0051370_ses-1/mri
mris_place_surface --curv-map ../surf/lh.white 2 10 ../surf/lh.curv
   Update not needed
#@# white area lh Tue Mar 10 08:48:27 CET 2026
cd /out/sourcedata/freesurfer/sub-v1s6x0051370_ses-1/mri
mris_place_surface --area-map ../surf/lh.white ../surf/lh.area
   Update not needed
#@# pial curv lh Tue Mar 10 08:48:27 CET 2026
cd /out/sourcedata/freesurfer/sub-v1s6x0051370_ses-1/mri
mris_place_surface --curv-map ../surf/lh.pial 2 10 ../surf/lh.curv.pial
   Update not needed
#@# pial area lh Tue Mar 10 08:48:27 CET 2026
cd /out/sourcedata/freesurfer/sub-v1s6x0051370_ses-1/mri
mris_place_surface --area-map ../surf/lh.pial ../surf/lh.area.pial
   Update not needed
#@# thickness lh Tue Mar 10 08:48:27 CET 2026
cd /out/sourcedata/freesurfer/sub-v1s6x0051370_ses-1/mri
mris_place_surface --thickness ../surf/lh.white ../surf/lh.pial 20 5 ../surf/lh.thickness
   Update not needed
#@# area and vertex vol lh Tue Mar 10 08:48:27 CET 2026
cd /out/sourcedata/freesurfer/sub-v1s6x0051370_ses-1/mri
mris_place_surface --thickness ../surf/lh.white ../surf/lh.pial 20 5 ../surf/lh.thickness
   Update not needed
#@# white curv rh Tue Mar 10 08:48:27 CET 2026
cd /out/sourcedata/freesurfer/sub-v1s6x0051370_ses-1/mri
mris_place_surface --curv-map ../surf/rh.white 2 10 ../surf/rh.curv
   Update not needed
#@# white area rh Tue Mar 10 08:48:27 CET 2026
cd /out/sourcedata/freesurfer/sub-v1s6x0051370_ses-1/mri
mris_place_surface --area-map ../surf/rh.white ../surf/rh.area
   Update not needed
#@# pial curv rh Tue Mar 10 08:48:27 CET 2026
cd /out/sourcedata/freesurfer/sub-v1s6x0051370_ses-1/mri
mris_place_surface --curv-map ../surf/rh.pial 2 10 ../surf/rh.curv.pial
   Update not needed
#@# pial area rh Tue Mar 10 08:48:27 CET 2026
cd /out/sourcedata/freesurfer/sub-v1s6x0051370_ses-1/mri
mris_place_surface --area-map ../surf/rh.pial ../surf/rh.area.pial
   Update not needed
#@# thickness rh Tue Mar 10 08:48:27 CET 2026
cd /out/sourcedata/freesurfer/sub-v1s6x0051370_ses-1/mri
mris_place_surface --thickness ../surf/rh.white ../surf/rh.pial 20 5 ../surf/rh.thickness
   Update not needed
#@# area and vertex vol rh Tue Mar 10 08:48:27 CET 2026
cd /out/sourcedata/freesurfer/sub-v1s6x0051370_ses-1/mri
mris_place_surface --thickness ../surf/rh.white ../surf/rh.pial 20 5 ../surf/rh.thickness
   Update not needed

#-----------------------------------------
#@# Curvature Stats lh Tue Mar 10 08:48:27 CET 2026
/out/sourcedata/freesurfer/sub-v1s6x0051370_ses-1/surf

 mris_curvature_stats -m --writeCurvatureFiles -G -o ../stats/lh.curv.stats -F smoothwm sub-v1s6x0051370_ses-1 lh curv sulc 

             Toggling save flag on curvature files                       [ ok ]
                 Outputting results using filestem   [ ../stats/lh.curv.stats ]
             Toggling save flag on curvature files                       [ ok ]
                                   Setting surface [ sub-v1s6x0051370_ses-1/lh.smoothwm ]
                                Reading surface...                       [ ok ]
                                   Setting texture                     [ curv ]
                                Reading texture...                       [ ok ]
                                   Setting texture                     [ sulc ]
                                Reading texture...Gb_filter = 0
                       [ ok ]
      Calculating Discrete Principal Curvatures...
      Determining geometric order for vno faces... [####################] [ ok ]
                      Determining KH curvatures... [####################] [ ok ]
                    Determining k1k2 curvatures... [####################] [ ok ]
                                   deltaViolations                      [ 236 ]
Gb_filter = 0

WARN:    S lookup   min:                          -0.107136
WARN:    S explicit min:                          0.000000	vertex = 218

#-----------------------------------------
#@# Curvature Stats rh Tue Mar 10 08:48:30 CET 2026
/out/sourcedata/freesurfer/sub-v1s6x0051370_ses-1/surf

 mris_curvature_stats -m --writeCurvatureFiles -G -o ../stats/rh.curv.stats -F smoothwm sub-v1s6x0051370_ses-1 rh curv sulc 

             Toggling save flag on curvature files                       [ ok ]
                 Outputting results using filestem   [ ../stats/rh.curv.stats ]
             Toggling save flag on curvature files                       [ ok ]
                                   Setting surface [ sub-v1s6x0051370_ses-1/rh.smoothwm ]
                                Reading surface...                       [ ok ]
                                   Setting texture                     [ curv ]
                                Reading texture...                       [ ok ]
                                   Setting texture                     [ sulc ]
                                Reading texture...Gb_filter = 0
                       [ ok ]
      Calculating Discrete Principal Curvatures...
      Determining geometric order for vno faces... [####################] [ ok ]
                      Determining KH curvatures... [####################] [ ok ]
                    Determining k1k2 curvatures... [####################] [ ok ]
                                   deltaViolations                      [ 275 ]
Gb_filter = 0

WARN:    S lookup   min:                          -0.296851
WARN:    S explicit min:                          0.000000	vertex = 205
#-----------------------------------------
#@# Relabel Hypointensities Tue Mar 10 08:48:33 CET 2026
/out/sourcedata/freesurfer/sub-v1s6x0051370_ses-1/mri

 mri_relabel_hypointensities aseg.presurf.mgz ../surf aseg.presurf.hypos.mgz 

reading input surface ../surf/lh.white...
relabeling lh hypointensities...
2491 voxels changed to hypointensity...
reading input surface ../surf/rh.white...
relabeling rh hypointensities...
3098 voxels changed to hypointensity...
5692 hypointense voxels neighboring cortex changed
#-----------------------------------------
#@# APas-to-ASeg Tue Mar 10 08:48:49 CET 2026
/out/sourcedata/freesurfer/sub-v1s6x0051370_ses-1/mri

 mri_surf2volseg --o aseg.mgz --i aseg.presurf.hypos.mgz --fix-presurf-with-ribbon /out/sourcedata/freesurfer/sub-v1s6x0051370_ses-1/mri/ribbon.mgz --threads 16 --lh-cortex-mask /out/sourcedata/freesurfer/sub-v1s6x0051370_ses-1/label/lh.cortex.label --lh-white /out/sourcedata/freesurfer/sub-v1s6x0051370_ses-1/surf/lh.white --lh-pial /out/sourcedata/freesurfer/sub-v1s6x0051370_ses-1/surf/lh.pial --rh-cortex-mask /out/sourcedata/freesurfer/sub-v1s6x0051370_ses-1/label/rh.cortex.label --rh-white /out/sourcedata/freesurfer/sub-v1s6x0051370_ses-1/surf/rh.white --rh-pial /out/sourcedata/freesurfer/sub-v1s6x0051370_ses-1/surf/rh.pial 

SUBJECTS_DIR /out/sourcedata/freesurfer
outvol aseg.mgz
16 avail.processors, using 16
Loading aseg.presurf.hypos.mgz
Loading /out/sourcedata/freesurfer/sub-v1s6x0051370_ses-1/mri/ribbon.mgz
Loading /out/sourcedata/freesurfer/sub-v1s6x0051370_ses-1/surf/lh.white
Loading /out/sourcedata/freesurfer/sub-v1s6x0051370_ses-1/surf/lh.pial
Loading /out/sourcedata/freesurfer/sub-v1s6x0051370_ses-1/label/lh.cortex.label
Loading /out/sourcedata/freesurfer/sub-v1s6x0051370_ses-1/surf/rh.white
Loading /out/sourcedata/freesurfer/sub-v1s6x0051370_ses-1/surf/rh.pial
Loading /out/sourcedata/freesurfer/sub-v1s6x0051370_ses-1/label/rh.cortex.label
Done loading
208  48 224 240  96  16 176 128 160 112 192  64 144  80   0  32   1  17 241 225 209  33  49  65   2  18 242 226 193 210  34  50 177  81 161 113  97  66   3 243 227 211  35 194  19 
 51 145  82   4 244 228 212  36 195 178  67  20 162  52  98 129   5 245 229 213  37 196  21 114  83  68 146  53 179 
  6 246 214 230  38 197  22 163  54  69  39 
247 215 231 198  84   7  23  99 
147 180  55  40 248 232 216 164 199 
115  24   8  70  56  85  41 249 233 217 200  25   9 181 148  57 100 165  71  42 250 234 218 201 130  26  86  10  58 116  43 251 219 
235 202 182  27  72  59 
149  11 166 252  44 236 220 203  28 101  87  60 183  12 253  45 237 221 204  29  73  61 150 117  13 254 131 238 222  46 205 167  30  88 184  62 102  14 255 239 
223 206  47  31  74  63 151 185  15 207 168 132  89 118  75 186 103 152 169 187  90 133  76 104 119 
153 188 170  91  77 189 134 154 105 171  92 120 190  78 155 135 106 172  93 191  79 
121 156 136 173  94 107 174 157  95 122 137 108 175 158 138 123 109 159 
110 139 
124 111 140 141 125 142 143 126 127 
nrelabeled = 147426
ndotcheck = 0
Starting Surf2VolSeg free
free done
#VMPC# mri_surf2volseg VmPeak  2044444
mri_surf2volseg done

 mri_brainvol_stats sub-v1s6x0051370_ses-1 

ComputeBrainVolumeStats2 VoxelVol=1, KeepCSF=1
  #CBVS2 MaskVol              1618978.0
  #CBVS2 BrainSegVol          1354208.0
  #CBVS2 BrainSegVolNotVent   1337435.0
  #CBVS2 SupraTentVol         1203233.0
  #CBVS2 SupraTentVolNotVent  1186460.0
  #CBVS2 lhCtxGM               283245.3
  #CBVS2 rhCtxGM               284144.6
  #CBVS2 lhCerebralWM          279467.5
  #CBVS2 rhCerebralWM          275881.5
  #CBVS2 SubCortGMVol           65134.0
  #CBVS2 CerebellumVol         150975.0
  #CBVS2 CerebellumGMVol       113692.0
  #CBVS2 VentChorVol            14443.0
  #CBVS2 3rd4th5thCSF            2330.0
  #CBVS2 AllCSF                 16773.0
  #CBVS2 CCVol                   4033.0
#-----------------------------------------
#@# AParc-to-ASeg aparc Tue Mar 10 08:48:58 CET 2026
/out/sourcedata/freesurfer/sub-v1s6x0051370_ses-1/mri

 mri_surf2volseg --o aparc+aseg.mgz --label-cortex --i aseg.mgz --threads 16 --lh-annot /out/sourcedata/freesurfer/sub-v1s6x0051370_ses-1/label/lh.aparc.annot 1000 --lh-cortex-mask /out/sourcedata/freesurfer/sub-v1s6x0051370_ses-1/label/lh.cortex.label --lh-white /out/sourcedata/freesurfer/sub-v1s6x0051370_ses-1/surf/lh.white --lh-pial /out/sourcedata/freesurfer/sub-v1s6x0051370_ses-1/surf/lh.pial --rh-annot /out/sourcedata/freesurfer/sub-v1s6x0051370_ses-1/label/rh.aparc.annot 2000 --rh-cortex-mask /out/sourcedata/freesurfer/sub-v1s6x0051370_ses-1/label/rh.cortex.label --rh-white /out/sourcedata/freesurfer/sub-v1s6x0051370_ses-1/surf/rh.white --rh-pial /out/sourcedata/freesurfer/sub-v1s6x0051370_ses-1/surf/rh.pial 

SUBJECTS_DIR /out/sourcedata/freesurfer
outvol aparc+aseg.mgz
16 avail.processors, using 16
Loading aseg.mgz
Loading /out/sourcedata/freesurfer/sub-v1s6x0051370_ses-1/surf/lh.white
Loading /out/sourcedata/freesurfer/sub-v1s6x0051370_ses-1/surf/lh.pial
Loading /out/sourcedata/freesurfer/sub-v1s6x0051370_ses-1/label/lh.cortex.label
Ripping lh vertices labeled not in lh.cortex.label
  ripped 8686 vertices from lh hemi
Loading /out/sourcedata/freesurfer/sub-v1s6x0051370_ses-1/label/lh.aparc.annot
Loading /out/sourcedata/freesurfer/sub-v1s6x0051370_ses-1/surf/rh.white
Loading /out/sourcedata/freesurfer/sub-v1s6x0051370_ses-1/surf/rh.pial
Loading /out/sourcedata/freesurfer/sub-v1s6x0051370_ses-1/label/rh.cortex.label
Ripping rh vertices labeled not in rh.cortex.label
  ripped 8429 vertices from rh hemi
Loading /out/sourcedata/freesurfer/sub-v1s6x0051370_ses-1/label/rh.aparc.annot
Done loading
208  80  96  32 112 160 144 176  16  48 224   0 192 240 128  64   1 209  33 225  17  49 241   2 210 226  34  65  50 242  18  51 211 227  35 243   3  52 212 228 193  36 244  19 
 53 213 229  37 245   4  20 194 214 230  38 246   5  21  54 215 231  39 
195 247   6  66  22 216 232  40  55 196 248   7  56 233 217  41 197 249   8  23 234 218  42 198 250   9  57 235 219 
 43 199 
251  10  58 236  24 220  44 200 252  11  25 237  59 
221  45  12 253 201  26 238 222 254  13 202  46  27  60 239 
223  28 255  14 203  47  61  29  15 204  62  30 205  63  31 206 207  67  68 113  69 161 145  97 177  70 114 129  81 162 146  71  98 115 178  72 147 163 130  82 116  99 
179 
 73 148 164 100 117 180 131  74 149  83 165 101 118 181 150  75 132 102  84 151 166 182 103 119 
 76 152 133 183  85 104 167 153  77 120 184 105 154 168 134  78  86 121 106 185 155 169 107  79 
135 186 156  87 122 108 170 187 157 109 188 136  88 123 171 189 158 110 190 191 172 124 111  89 137 159 
125 173  90 138 174 126 139 
 91 175 127 140  92 141  93 142  94 143  95 
nrelabeled = 565953
ndotcheck = 40664
Starting Surf2VolSeg free
free done
#VMPC# mri_surf2volseg VmPeak  2028840
mri_surf2volseg done
#-----------------------------------------
#@# AParc-to-ASeg aparc.a2009s Tue Mar 10 08:49:53 CET 2026
/out/sourcedata/freesurfer/sub-v1s6x0051370_ses-1/mri

 mri_surf2volseg --o aparc.a2009s+aseg.mgz --label-cortex --i aseg.mgz --threads 16 --lh-annot /out/sourcedata/freesurfer/sub-v1s6x0051370_ses-1/label/lh.aparc.a2009s.annot 11100 --lh-cortex-mask /out/sourcedata/freesurfer/sub-v1s6x0051370_ses-1/label/lh.cortex.label --lh-white /out/sourcedata/freesurfer/sub-v1s6x0051370_ses-1/surf/lh.white --lh-pial /out/sourcedata/freesurfer/sub-v1s6x0051370_ses-1/surf/lh.pial --rh-annot /out/sourcedata/freesurfer/sub-v1s6x0051370_ses-1/label/rh.aparc.a2009s.annot 12100 --rh-cortex-mask /out/sourcedata/freesurfer/sub-v1s6x0051370_ses-1/label/rh.cortex.label --rh-white /out/sourcedata/freesurfer/sub-v1s6x0051370_ses-1/surf/rh.white --rh-pial /out/sourcedata/freesurfer/sub-v1s6x0051370_ses-1/surf/rh.pial 

SUBJECTS_DIR /out/sourcedata/freesurfer
outvol aparc.a2009s+aseg.mgz
16 avail.processors, using 16
Loading aseg.mgz
Loading /out/sourcedata/freesurfer/sub-v1s6x0051370_ses-1/surf/lh.white
Loading /out/sourcedata/freesurfer/sub-v1s6x0051370_ses-1/surf/lh.pial
Loading /out/sourcedata/freesurfer/sub-v1s6x0051370_ses-1/label/lh.cortex.label
Ripping lh vertices labeled not in lh.cortex.label
  ripped 8686 vertices from lh hemi
Loading /out/sourcedata/freesurfer/sub-v1s6x0051370_ses-1/label/lh.aparc.a2009s.annot
Loading /out/sourcedata/freesurfer/sub-v1s6x0051370_ses-1/surf/rh.white
Loading /out/sourcedata/freesurfer/sub-v1s6x0051370_ses-1/surf/rh.pial
Loading /out/sourcedata/freesurfer/sub-v1s6x0051370_ses-1/label/rh.cortex.label
Ripping rh vertices labeled not in rh.cortex.label
  ripped 8429 vertices from rh hemi
Loading /out/sourcedata/freesurfer/sub-v1s6x0051370_ses-1/label/rh.aparc.a2009s.annot
Done loading
  0  32  48  96 112 208 176  64  80 128 144 160 224 240 192  16  49  33   1 225 241 209  17  50  34   2  65 226  18  51  35   3 242 210 227  19 
 52   4  36 243 211 228  20  53  37   5 244 193  21  38  54   6 212 229 245  22  39 
 55   7 246  23 213  40  56   8 194 247 230  24  41  57 214   9  25 248  58  42  10 215 231 195  26  59 
249  43  11 216  27  66  60  44 232  12 250 196 217  28  45  13  61 251 233 218  29  46 197  14  62 252  30 219 
 47  15  63 234 253 198  31 220 254 235 221 199 
255 222 236 200 223 237 201 238 202 239 
203 204 205 206 207  67  68 113 161 145  69  97 177  70 129  81 114 162 146 178  71  98 115 163 147  82  72 179 
130  99 
116 148 164  73 180 100  83 131 149 117 165 181 101  74 150  84 132 102 118 182 166  75 151 103 152  85 183 133 119 
167  76 104 153 184  86 105 168 154 120  77 134 185 106 155  87 169 186 107  78 121 135 156 187 170 108  88 188 157  79 
109 189 122 136 171 190 191  89 110 158 172 123 111 137 159 
 90 124 173 138  91 125 174 139 
 92 126 175 140 127  93 141  94  95 142 143 
nrelabeled = 565953
ndotcheck = 40664
Starting Surf2VolSeg free
free done
#VMPC# mri_surf2volseg VmPeak  2028944
mri_surf2volseg done
#-----------------------------------------
#@# AParc-to-ASeg aparc.DKTatlas Tue Mar 10 08:50:45 CET 2026
/out/sourcedata/freesurfer/sub-v1s6x0051370_ses-1/mri

 mri_surf2volseg --o aparc.DKTatlas+aseg.mgz --label-cortex --i aseg.mgz --threads 16 --lh-annot /out/sourcedata/freesurfer/sub-v1s6x0051370_ses-1/label/lh.aparc.DKTatlas.annot 1000 --lh-cortex-mask /out/sourcedata/freesurfer/sub-v1s6x0051370_ses-1/label/lh.cortex.label --lh-white /out/sourcedata/freesurfer/sub-v1s6x0051370_ses-1/surf/lh.white --lh-pial /out/sourcedata/freesurfer/sub-v1s6x0051370_ses-1/surf/lh.pial --rh-annot /out/sourcedata/freesurfer/sub-v1s6x0051370_ses-1/label/rh.aparc.DKTatlas.annot 2000 --rh-cortex-mask /out/sourcedata/freesurfer/sub-v1s6x0051370_ses-1/label/rh.cortex.label --rh-white /out/sourcedata/freesurfer/sub-v1s6x0051370_ses-1/surf/rh.white --rh-pial /out/sourcedata/freesurfer/sub-v1s6x0051370_ses-1/surf/rh.pial 

SUBJECTS_DIR /out/sourcedata/freesurfer
outvol aparc.DKTatlas+aseg.mgz
16 avail.processors, using 16
Loading aseg.mgz
Loading /out/sourcedata/freesurfer/sub-v1s6x0051370_ses-1/surf/lh.white
Loading /out/sourcedata/freesurfer/sub-v1s6x0051370_ses-1/surf/lh.pial
Loading /out/sourcedata/freesurfer/sub-v1s6x0051370_ses-1/label/lh.cortex.label
Ripping lh vertices labeled not in lh.cortex.label
  ripped 8686 vertices from lh hemi
Loading /out/sourcedata/freesurfer/sub-v1s6x0051370_ses-1/label/lh.aparc.DKTatlas.annot
Loading /out/sourcedata/freesurfer/sub-v1s6x0051370_ses-1/surf/rh.white
Loading /out/sourcedata/freesurfer/sub-v1s6x0051370_ses-1/surf/rh.pial
Loading /out/sourcedata/freesurfer/sub-v1s6x0051370_ses-1/label/rh.cortex.label
Ripping rh vertices labeled not in rh.cortex.label
  ripped 8429 vertices from rh hemi
Loading /out/sourcedata/freesurfer/sub-v1s6x0051370_ses-1/label/rh.aparc.DKTatlas.annot
Done loading
  0 160 192 208 240 112 224 128 176  64  80  32 144  96  48  16   1 241  17  33 225  49 209  65   2  18 242 226  50 210   3  34 243  19 
  4 227 211  35  51 244  36  20   5 228 212 245  52 193  37  21   6 229 246 213  53  38  22   7  39 
230 247 194 214  54  40  23 248   8 231 215  55 195  41  24 249  66   9 232  42 216  56 196 250  43  10 233 217  57 251 197  44  25  11 234 218  58 252  45 198  26 253  12 235 219 
 59 
 46 199 
 27 254  13 236 220  47  60 255 200  28  14 237 221  61 201  29  15 238 222  62 202  30 239 
223  63 203  31 204 205 206 207  67  68  69 113 145 161  97 177  70 129 114  81 146 162  71 178  98 115 147  72 130  82 163 179 
 99 
116 148  73 131 164 180  83 100 149 117  74 132 181 101 150 165  84 118  75 151 102 182 133 152 103  85 119 
166 183  76 153 134 104 184 154  86 120  77 167 105 135 185 155 106  87 121 186  78 168 156 136 107 187 157  88 108  79 
122 169 188 137 189 109 158 190 191  89 123 170 110 138 159 
111 124  90 139 
171 125 140  91 172 141 126  92 173 142 127  93 143 174  94 175  95 
nrelabeled = 565953
ndotcheck = 40664
Starting Surf2VolSeg free
free done
#VMPC# mri_surf2volseg VmPeak  2028872
mri_surf2volseg done
#-----------------------------------------
#@# WMParc Tue Mar 10 08:51:37 CET 2026
/out/sourcedata/freesurfer/sub-v1s6x0051370_ses-1/mri

 mri_surf2volseg --o wmparc.mgz --label-wm --i aparc+aseg.mgz --threads 16 --lh-annot /out/sourcedata/freesurfer/sub-v1s6x0051370_ses-1/label/lh.aparc.annot 3000 --lh-cortex-mask /out/sourcedata/freesurfer/sub-v1s6x0051370_ses-1/label/lh.cortex.label --lh-white /out/sourcedata/freesurfer/sub-v1s6x0051370_ses-1/surf/lh.white --lh-pial /out/sourcedata/freesurfer/sub-v1s6x0051370_ses-1/surf/lh.pial --rh-annot /out/sourcedata/freesurfer/sub-v1s6x0051370_ses-1/label/rh.aparc.annot 4000 --rh-cortex-mask /out/sourcedata/freesurfer/sub-v1s6x0051370_ses-1/label/rh.cortex.label --rh-white /out/sourcedata/freesurfer/sub-v1s6x0051370_ses-1/surf/rh.white --rh-pial /out/sourcedata/freesurfer/sub-v1s6x0051370_ses-1/surf/rh.pial 

SUBJECTS_DIR /out/sourcedata/freesurfer
outvol wmparc.mgz
16 avail.processors, using 16
Loading aparc+aseg.mgz
Loading /out/sourcedata/freesurfer/sub-v1s6x0051370_ses-1/surf/lh.white
Loading /out/sourcedata/freesurfer/sub-v1s6x0051370_ses-1/surf/lh.pial
Loading /out/sourcedata/freesurfer/sub-v1s6x0051370_ses-1/label/lh.cortex.label
Ripping lh vertices labeled not in lh.cortex.label
  ripped 8686 vertices from lh hemi
Loading /out/sourcedata/freesurfer/sub-v1s6x0051370_ses-1/label/lh.aparc.annot
Loading /out/sourcedata/freesurfer/sub-v1s6x0051370_ses-1/surf/rh.white
Loading /out/sourcedata/freesurfer/sub-v1s6x0051370_ses-1/surf/rh.pial
Loading /out/sourcedata/freesurfer/sub-v1s6x0051370_ses-1/label/rh.cortex.label
Ripping rh vertices labeled not in rh.cortex.label
  ripped 8429 vertices from rh hemi
Loading /out/sourcedata/freesurfer/sub-v1s6x0051370_ses-1/label/rh.aparc.annot
Done loading
  0 160  16 128  96  32 240 208 144 192  80 176 112 224  64  48   1 225 193  33 209 241  49  17  65   2 226  34 210 242  50  18   3  66 227 194  35   4 211 243  51  19 
 67 195  36   5 212  52  20 244 228  68 196  37   6 213  53  21 229 245 197 214  38  54 246 198  22 230  39 
  7  55 215 247 199 
 23  69  40 231 216  56 248 200  24 232  41 217   8  57 249 201 233  25  42  58 250 202 234 218  26  43  27  59 
  9 251 235 219 
 70  44  28 203  60 236 220 252  10  45 129 204 221  11  61 237 253  29  46  12 222 205  62  30 238 223  13  47  31 206 254  63 239 
 14 207  15 255  71 177  81  72  73  97 178 161  74  82 145 179 
113 130  75 180  83 181 162  76  98 182 146  77 183  84 114 184  78 163 131 185 186 187 188 189  85 190  79 
191 147  99 
164 115  86 148 165 100  87 132 166 116 149 101  88 167 150 133 117  89 168 102 151 169 134  90 118 170 152 103 135  91 171 119 
153 136 172  92 104 120 137 154 173 121  93 174 138 105 155 122 175  94 139 
156 106 123  95 140 124 157 107 141 125 158 108 142 126 159 
127 143 109 110 111 
nrelabeled = 551316
ndotcheck = 4877
Starting Surf2VolSeg free
free done
#VMPC# mri_surf2volseg VmPeak  2028840
mri_surf2volseg done

 mri_segstats --seed 1234 --seg mri/wmparc.mgz --sum stats/wmparc.stats --pv mri/norm.mgz --excludeid 0 --brainmask mri/brainmask.mgz --in mri/norm.mgz --in-intensity-name norm --in-intensity-units MR --subject sub-v1s6x0051370_ses-1 --surf-wm-vol --ctab /opt/freesurfer/WMParcStatsLUT.txt --etiv 

setting seed for random number genererator to 1234

7.3.2
cwd 
cmdline mri_segstats --seed 1234 --seg mri/wmparc.mgz --sum stats/wmparc.stats --pv mri/norm.mgz --excludeid 0 --brainmask mri/brainmask.mgz --in mri/norm.mgz --in-intensity-name norm --in-intensity-units MR --subject sub-v1s6x0051370_ses-1 --surf-wm-vol --ctab /opt/freesurfer/WMParcStatsLUT.txt --etiv 
sysname  Linux
hostname dna007
machine  x86_64
user     oesteban
whitesurfname  white
UseRobust  0
atlas_icv (eTIV) = 1625772 mm^3    (det: 1.198265 )
Loading mri/wmparc.mgz
Getting Brain Volume Statistics
Loading mri/norm.mgz
Loading mri/norm.mgz
Voxel Volume is 1 mm^3
Generating list of segmentation ids
Found 390 segmentations
Computing statistics for each segmentation

Reporting on  70 segmentations
Using PrintSegStat
mri_segstats done
#--------------------------------------------
#@# ASeg Stats Tue Mar 10 08:56:13 CET 2026
/out/sourcedata/freesurfer/sub-v1s6x0051370_ses-1

 mri_segstats --seed 1234 --seg mri/aseg.mgz --sum stats/aseg.stats --pv mri/norm.mgz --empty --brainmask mri/brainmask.mgz --brain-vol-from-seg --excludeid 0 --excl-ctxgmwm --supratent --subcortgray --in mri/norm.mgz --in-intensity-name norm --in-intensity-units MR --etiv --surf-wm-vol --surf-ctx-vol --totalgray --euler --ctab /opt/freesurfer/ASegStatsLUT.txt --subject sub-v1s6x0051370_ses-1 

setting seed for random number genererator to 1234

7.3.2
cwd 
cmdline mri_segstats --seed 1234 --seg mri/aseg.mgz --sum stats/aseg.stats --pv mri/norm.mgz --empty --brainmask mri/brainmask.mgz --brain-vol-from-seg --excludeid 0 --excl-ctxgmwm --supratent --subcortgray --in mri/norm.mgz --in-intensity-name norm --in-intensity-units MR --etiv --surf-wm-vol --surf-ctx-vol --totalgray --euler --ctab /opt/freesurfer/ASegStatsLUT.txt --subject sub-v1s6x0051370_ses-1 
sysname  Linux
hostname dna007
machine  x86_64
user     oesteban
whitesurfname  white
UseRobust  0
atlas_icv (eTIV) = 1625772 mm^3    (det: 1.198265 )
Computing euler number
orig.nofix lheno =  -20, rheno = -22
orig.nofix lhholes =   11, rhholes = 12
Loading mri/aseg.mgz
Getting Brain Volume Statistics
Loading mri/norm.mgz
Loading mri/norm.mgz
Voxel Volume is 1 mm^3
Generating list of segmentation ids
Found  50 segmentations
Computing statistics for each segmentation

Reporting on  45 segmentations
Using PrintSegStat
mri_segstats done

Started at Tue Mar 10 08:48:26 CET 2026 
Ended   at Tue Mar 10 08:56:56 CET 2026
#@#%# recon-all-run-time-hours 0.142
recon-all -s sub-v1s6x0051370_ses-1 finished without error at Tue Mar 10 08:56:56 CET 2026
