
Tue Mar 10 05:37:11 CET 2026
cd /out/sourcedata/freesurfer/sub-v1s6x0051363_ses-1
setenv SUBJECTS_DIR /out/sourcedata/freesurfer
/opt/freesurfer/bin/recon-all -autorecon1 -i /work/fmriprep_25_2_wf/sub_v1s6x0051363_ses_1_wf/anat_fit_wf/anat_validate/sub-v1s6x0051363_ses-1_T1w_noise_corrected_ras_valid.nii.gz -noskullstrip -noT2pial -noFLAIRpial -openmp 16 -subjid sub-v1s6x0051363_ses-1 -sd /out/sourcedata/freesurfer

subjid sub-v1s6x0051363_ses-1
setenv SUBJECTS_DIR /out/sourcedata/freesurfer
FREESURFER_HOME /opt/freesurfer
Actual FREESURFER_HOME /opt/freesurfer
build-stamp.txt: freesurfer-linux-ubuntu22_x86_64-7.3.2-20220804-6354275
Linux dna006 5.14.0-427.37.1.el9_4.x86_64 #1 SMP PREEMPT_DYNAMIC Fri Sep 13 12:41:50 EDT 2024 x86_64 x86_64 x86_64 GNU/Linux
cputime      unlimited
filesize     unlimited
datasize     unlimited
stacksize    8192 kbytes
coredumpsize 0 kbytes
memoryuse    67108864 kbytes
vmemoryuse   unlimited
descriptors  1024 
memorylocked unlimited
maxproc      2061970 
maxlocks     unlimited
maxsignal    2061970 
maxmessage   819200 
maxnice      0 
maxrtprio    0 
maxrttime    unlimited

               total        used        free      shared  buff/cache   available
Mem:           503Gi        44Gi       406Gi       9.8Gi        52Gi       446Gi
Swap:             0B          0B          0B

########################################
program versions used
7.3.2 (freesurfer-linux-ubuntu22_x86_64-7.3.2-20220804-6354275)
7.3.2

ProgramName: lta_convert  ProgramArguments: lta_convert -all-info  ProgramVersion: 7.3.2  TimeStamp: 2026/03/10-04:37:11-GMT  BuildTime: Aug  4 2022 06:17:15  BuildStamp: freesurfer-linux-ubuntu22_x86_64-7.3.2-20220804-6354275  User: oesteban  Machine: dna006  Platform: Linux  PlatformVersion: 5.14.0-427.37.1.el9_4.x86_64  CompilerName: GCC  CompilerVersion: 8.4.0
ProgramName: mri_and  ProgramArguments: mri_and -all-info  ProgramVersion: 7.3.2  TimeStamp: 2026/03/10-04:37:11-GMT  BuildTime: Aug  4 2022 06:17:15  BuildStamp: freesurfer-linux-ubuntu22_x86_64-7.3.2-20220804-6354275  User: oesteban  Machine: dna006  Platform: Linux  PlatformVersion: 5.14.0-427.37.1.el9_4.x86_64  CompilerName: GCC  CompilerVersion: 8.4.0
ProgramName: mri_annotation2label  ProgramArguments: mri_annotation2label -all-info  ProgramVersion: 7.3.2  TimeStamp: 2026/03/10-04:37:11-GMT  BuildTime: Aug  4 2022 06:17:15  BuildStamp: freesurfer-linux-ubuntu22_x86_64-7.3.2-20220804-6354275  User: oesteban  Machine: dna006  Platform: Linux  PlatformVersion: 5.14.0-427.37.1.el9_4.x86_64  CompilerName: GCC  CompilerVersion: 8.4.0
ProgramName: mri_aparc2aseg  ProgramArguments: mri_aparc2aseg -all-info  ProgramVersion: 7.3.2  TimeStamp: 2026/03/10-04:37:11-GMT  BuildTime: Aug  4 2022 06:17:15  BuildStamp: freesurfer-linux-ubuntu22_x86_64-7.3.2-20220804-6354275  User: oesteban  Machine: dna006  Platform: Linux  PlatformVersion: 5.14.0-427.37.1.el9_4.x86_64  CompilerName: GCC  CompilerVersion: 8.4.0
ProgramName: mri_surf2volseg  ProgramArguments: mri_surf2volseg -all-info  ProgramVersion: 7.3.2  TimeStamp: 2026/03/10-04:37:11-GMT  BuildTime: Aug  4 2022 06:17:15  BuildStamp: freesurfer-linux-ubuntu22_x86_64-7.3.2-20220804-6354275  User: oesteban  Machine: dna006  Platform: Linux  PlatformVersion: 5.14.0-427.37.1.el9_4.x86_64  CompilerName: GCC  CompilerVersion: 8.4.0
ProgramName: mri_binarize  ProgramArguments: mri_binarize -all-info  ProgramVersion: 7.3.2  TimeStamp: 2026/03/10-04:37:11-GMT  BuildTime: Aug  4 2022 06:17:15  BuildStamp: freesurfer-linux-ubuntu22_x86_64-7.3.2-20220804-6354275  User: oesteban  Machine: dna006  Platform: Linux  PlatformVersion: 5.14.0-427.37.1.el9_4.x86_64  CompilerName: GCC  CompilerVersion: 8.4.0
ProgramName: mri_ca_label  ProgramArguments: mri_ca_label -all-info  ProgramVersion: 7.3.2  TimeStamp: 2026/03/10-04:37:11-GMT  BuildTime: Aug  4 2022 06:17:15  BuildStamp: freesurfer-linux-ubuntu22_x86_64-7.3.2-20220804-6354275  User: oesteban  Machine: dna006  Platform: Linux  PlatformVersion: 5.14.0-427.37.1.el9_4.x86_64  CompilerName: GCC  CompilerVersion: 8.4.0
ProgramName: mri_ca_normalize  ProgramArguments: mri_ca_normalize -all-info  ProgramVersion: 7.3.2  TimeStamp: 2026/03/10-04:37:11-GMT  BuildTime: Aug  4 2022 06:17:15  BuildStamp: freesurfer-linux-ubuntu22_x86_64-7.3.2-20220804-6354275  User: oesteban  Machine: dna006  Platform: Linux  PlatformVersion: 5.14.0-427.37.1.el9_4.x86_64  CompilerName: GCC  CompilerVersion: 8.4.0
ProgramName: mri_ca_register  ProgramArguments: mri_ca_register -all-info  ProgramVersion: 7.3.2  TimeStamp: 2026/03/10-04:37:11-GMT  BuildTime: Aug  4 2022 06:17:15  BuildStamp: freesurfer-linux-ubuntu22_x86_64-7.3.2-20220804-6354275  User: oesteban  Machine: dna006  Platform: Linux  PlatformVersion: 5.14.0-427.37.1.el9_4.x86_64  CompilerName: GCC  CompilerVersion: 8.4.0
ProgramName: mri_cc  ProgramArguments: mri_cc -all-info  ProgramVersion: 7.3.2  TimeStamp: 2026/03/10-04:37:11-GMT  BuildTime: Aug  4 2022 06:17:15  BuildStamp: freesurfer-linux-ubuntu22_x86_64-7.3.2-20220804-6354275  User: oesteban  Machine: dna006  Platform: Linux  PlatformVersion: 5.14.0-427.37.1.el9_4.x86_64  CompilerName: GCC  CompilerVersion: 8.4.0
ProgramName: mri_compute_overlap  ProgramArguments: mri_compute_overlap -all-info  ProgramVersion: 7.3.2  TimeStamp: 2026/03/10-04:37:11-GMT  BuildTime: Aug  4 2022 06:17:15  BuildStamp: freesurfer-linux-ubuntu22_x86_64-7.3.2-20220804-6354275  User: oesteban  Machine: dna006  Platform: Linux  PlatformVersion: 5.14.0-427.37.1.el9_4.x86_64  CompilerName: GCC  CompilerVersion: 8.4.0
ProgramName: mri_compute_seg_overlap  ProgramArguments: mri_compute_seg_overlap -all-info  ProgramVersion: 7.3.2  TimeStamp: 2026/03/10-04:37:11-GMT  BuildTime: Aug  4 2022 06:17:15  BuildStamp: freesurfer-linux-ubuntu22_x86_64-7.3.2-20220804-6354275  User: oesteban  Machine: dna006  Platform: Linux  PlatformVersion: 5.14.0-427.37.1.el9_4.x86_64  CompilerName: GCC  CompilerVersion: 8.4.0
ProgramName: mri_concat  ProgramArguments: mri_concat -all-info  ProgramVersion: 7.3.2  TimeStamp: 2026/03/10-04:37:11-GMT  BuildTime: Aug  4 2022 06:17:15  BuildStamp: freesurfer-linux-ubuntu22_x86_64-7.3.2-20220804-6354275  User: oesteban  Machine: dna006  Platform: Linux  PlatformVersion: 5.14.0-427.37.1.el9_4.x86_64  CompilerName: GCC  CompilerVersion: 8.4.0
ProgramName: mri_concatenate_lta  ProgramArguments: mri_concatenate_lta -all-info  ProgramVersion: 7.3.2  TimeStamp: 2026/03/10-04:37:11-GMT  BuildTime: Aug  4 2022 06:17:15  BuildStamp: freesurfer-linux-ubuntu22_x86_64-7.3.2-20220804-6354275  User: oesteban  Machine: dna006  Platform: Linux  PlatformVersion: 5.14.0-427.37.1.el9_4.x86_64  CompilerName: GCC  CompilerVersion: 8.4.0
mri_convert -all-info 
ProgramName: mri_convert  ProgramArguments: mri_convert -all-info  ProgramVersion: 7.3.2  TimeStamp: 2026/03/10-04:37:11-GMT  BuildTime: Aug  4 2022 06:17:15  BuildStamp: freesurfer-linux-ubuntu22_x86_64-7.3.2-20220804-6354275  User: oesteban  Machine: dna006  Platform: Linux  PlatformVersion: 5.14.0-427.37.1.el9_4.x86_64  CompilerName: GCC  CompilerVersion: 8.4.0
ProgramName: mri_diff  ProgramArguments: mri_diff -all-info  ProgramVersion: 7.3.2  TimeStamp: 2026/03/10-04:37:11-GMT  BuildTime: Aug  4 2022 06:17:15  BuildStamp: freesurfer-linux-ubuntu22_x86_64-7.3.2-20220804-6354275  User: oesteban  Machine: dna006  Platform: Linux  PlatformVersion: 5.14.0-427.37.1.el9_4.x86_64  CompilerName: GCC  CompilerVersion: 8.4.0
ProgramName: mri_edit_wm_with_aseg  ProgramArguments: mri_edit_wm_with_aseg -all-info  ProgramVersion: 7.3.2  TimeStamp: 2026/03/10-04:37:11-GMT  BuildTime: Aug  4 2022 06:17:15  BuildStamp: freesurfer-linux-ubuntu22_x86_64-7.3.2-20220804-6354275  User: oesteban  Machine: dna006  Platform: Linux  PlatformVersion: 5.14.0-427.37.1.el9_4.x86_64  CompilerName: GCC  CompilerVersion: 8.4.0
ProgramName: mri_em_register  ProgramArguments: mri_em_register -all-info  ProgramVersion: 7.3.2  TimeStamp: 2026/03/10-04:37:11-GMT  BuildTime: Aug  4 2022 06:17:15  BuildStamp: freesurfer-linux-ubuntu22_x86_64-7.3.2-20220804-6354275  User: oesteban  Machine: dna006  Platform: Linux  PlatformVersion: 5.14.0-427.37.1.el9_4.x86_64  CompilerName: GCC  CompilerVersion: 8.4.0
ProgramName: mri_fill  ProgramArguments: mri_fill -all-info  ProgramVersion: 7.3.2  TimeStamp: 2026/03/10-04:37:11-GMT  BuildTime: Aug  4 2022 06:17:15  BuildStamp: freesurfer-linux-ubuntu22_x86_64-7.3.2-20220804-6354275  User: oesteban  Machine: dna006  Platform: Linux  PlatformVersion: 5.14.0-427.37.1.el9_4.x86_64  CompilerName: GCC  CompilerVersion: 8.4.0
ProgramName: mri_fuse_segmentations  ProgramArguments: mri_fuse_segmentations -all-info  ProgramVersion: 7.3.2  TimeStamp: 2026/03/10-04:37:11-GMT  BuildTime: Aug  4 2022 06:17:15  BuildStamp: freesurfer-linux-ubuntu22_x86_64-7.3.2-20220804-6354275  User: oesteban  Machine: dna006  Platform: Linux  PlatformVersion: 5.14.0-427.37.1.el9_4.x86_64  CompilerName: GCC  CompilerVersion: 8.4.0
ProgramName: mri_fwhm  ProgramArguments: mri_fwhm -all-info  ProgramVersion: 7.3.2  TimeStamp: 2026/03/10-04:37:11-GMT  BuildTime: Aug  4 2022 06:17:15  BuildStamp: freesurfer-linux-ubuntu22_x86_64-7.3.2-20220804-6354275  User: oesteban  Machine: dna006  Platform: Linux  PlatformVersion: 5.14.0-427.37.1.el9_4.x86_64  CompilerName: GCC  CompilerVersion: 8.4.0
ProgramName: mri_gcut  ProgramArguments: mri_gcut -all-info  ProgramVersion: 7.3.2  TimeStamp: 2026/03/10-04:37:11-GMT  BuildTime: Aug  4 2022 06:17:15  BuildStamp: freesurfer-linux-ubuntu22_x86_64-7.3.2-20220804-6354275  User: oesteban  Machine: dna006  Platform: Linux  PlatformVersion: 5.14.0-427.37.1.el9_4.x86_64  CompilerName: GCC  CompilerVersion: 8.4.0
ProgramName: mri_info  ProgramArguments: mri_info -all-info  ProgramVersion: 7.3.2  TimeStamp: 2026/03/10-04:37:11-GMT  BuildTime: Aug  4 2022 06:17:15  BuildStamp: freesurfer-linux-ubuntu22_x86_64-7.3.2-20220804-6354275  User: oesteban  Machine: dna006  Platform: Linux  PlatformVersion: 5.14.0-427.37.1.el9_4.x86_64  CompilerName: GCC  CompilerVersion: 8.4.0
ProgramName: mri_label2label  ProgramArguments: mri_label2label -all-info  ProgramVersion: 7.3.2  TimeStamp: 2026/03/10-04:37:11-GMT  BuildTime: Aug  4 2022 06:17:15  BuildStamp: freesurfer-linux-ubuntu22_x86_64-7.3.2-20220804-6354275  User: oesteban  Machine: dna006  Platform: Linux  PlatformVersion: 5.14.0-427.37.1.el9_4.x86_64  CompilerName: GCC  CompilerVersion: 8.4.0
ProgramName: mri_label2vol  ProgramArguments: mri_label2vol -all-info  ProgramVersion: 7.3.2  TimeStamp: 2026/03/10-04:37:11-GMT  BuildTime: Aug  4 2022 06:17:15  BuildStamp: freesurfer-linux-ubuntu22_x86_64-7.3.2-20220804-6354275  User: oesteban  Machine: dna006  Platform: Linux  PlatformVersion: 5.14.0-427.37.1.el9_4.x86_64  CompilerName: GCC  CompilerVersion: 8.4.0
ProgramName: mri_log_likelihood  ProgramArguments: mri_log_likelihood -all-info  ProgramVersion: 7.3.2  TimeStamp: 2026/03/10-04:37:11-GMT  BuildTime: Aug  4 2022 06:17:15  BuildStamp: freesurfer-linux-ubuntu22_x86_64-7.3.2-20220804-6354275  User: oesteban  Machine: dna006  Platform: Linux  PlatformVersion: 5.14.0-427.37.1.el9_4.x86_64  CompilerName: GCC  CompilerVersion: 8.4.0
ProgramName: mri_mask  ProgramArguments: mri_mask -all-info  ProgramVersion: 7.3.2  TimeStamp: 2026/03/10-04:37:11-GMT  BuildTime: Aug  4 2022 06:17:15  BuildStamp: freesurfer-linux-ubuntu22_x86_64-7.3.2-20220804-6354275  User: oesteban  Machine: dna006  Platform: Linux  PlatformVersion: 5.14.0-427.37.1.el9_4.x86_64  CompilerName: GCC  CompilerVersion: 8.4.0
ProgramName: mri_matrix_multiply  ProgramArguments: mri_matrix_multiply -all-info  ProgramVersion: 7.3.2  TimeStamp: 2026/03/10-04:37:11-GMT  BuildTime: Aug  4 2022 06:17:15  BuildStamp: freesurfer-linux-ubuntu22_x86_64-7.3.2-20220804-6354275  User: oesteban  Machine: dna006  Platform: Linux  PlatformVersion: 5.14.0-427.37.1.el9_4.x86_64  CompilerName: GCC  CompilerVersion: 8.4.0
ProgramName: mri_normalize  ProgramArguments: mri_normalize -all-info  ProgramVersion: 7.3.2  TimeStamp: 2026/03/10-04:37:11-GMT  BuildTime: Aug  4 2022 06:17:15  BuildStamp: freesurfer-linux-ubuntu22_x86_64-7.3.2-20220804-6354275  User: oesteban  Machine: dna006  Platform: Linux  PlatformVersion: 5.14.0-427.37.1.el9_4.x86_64  CompilerName: GCC  CompilerVersion: 8.4.0
ProgramName: mri_normalize_tp2  ProgramArguments: mri_normalize_tp2 -all-info  ProgramVersion: 7.3.2  TimeStamp: 2026/03/10-04:37:11-GMT  BuildTime: Aug  4 2022 06:17:15  BuildStamp: freesurfer-linux-ubuntu22_x86_64-7.3.2-20220804-6354275  User: oesteban  Machine: dna006  Platform: Linux  PlatformVersion: 5.14.0-427.37.1.el9_4.x86_64  CompilerName: GCC  CompilerVersion: 8.4.0
ProgramName: mri_or  ProgramArguments: mri_or -all-info  ProgramVersion: 7.3.2  TimeStamp: 2026/03/10-04:37:11-GMT  BuildTime: Aug  4 2022 06:17:15  BuildStamp: freesurfer-linux-ubuntu22_x86_64-7.3.2-20220804-6354275  User: oesteban  Machine: dna006  Platform: Linux  PlatformVersion: 5.14.0-427.37.1.el9_4.x86_64  CompilerName: GCC  CompilerVersion: 8.4.0
ProgramName: mri_relabel_hypointensities  ProgramArguments: mri_relabel_hypointensities -all-info  ProgramVersion: 7.3.2  TimeStamp: 2026/03/10-04:37:11-GMT  BuildTime: Aug  4 2022 06:17:15  BuildStamp: freesurfer-linux-ubuntu22_x86_64-7.3.2-20220804-6354275  User: oesteban  Machine: dna006  Platform: Linux  PlatformVersion: 5.14.0-427.37.1.el9_4.x86_64  CompilerName: GCC  CompilerVersion: 8.4.0
ProgramName: mri_relabel_nonwm_hypos  ProgramArguments: mri_relabel_nonwm_hypos -all-info  ProgramVersion: 7.3.2  TimeStamp: 2026/03/10-04:37:11-GMT  BuildTime: Aug  4 2022 06:17:15  BuildStamp: freesurfer-linux-ubuntu22_x86_64-7.3.2-20220804-6354275  User: oesteban  Machine: dna006  Platform: Linux  PlatformVersion: 5.14.0-427.37.1.el9_4.x86_64  CompilerName: GCC  CompilerVersion: 8.4.0
ProgramName: mri_remove_neck  ProgramArguments: mri_remove_neck -all-info  ProgramVersion: 7.3.2  TimeStamp: 2026/03/10-04:37:11-GMT  BuildTime: Aug  4 2022 06:17:15  BuildStamp: freesurfer-linux-ubuntu22_x86_64-7.3.2-20220804-6354275  User: oesteban  Machine: dna006  Platform: Linux  PlatformVersion: 5.14.0-427.37.1.el9_4.x86_64  CompilerName: GCC  CompilerVersion: 8.4.0
7.3.2

ProgramName: mri_robust_register  ProgramArguments: mri_robust_register -all-info  ProgramVersion: 7.3.2  TimeStamp: 2026/03/10-04:37:11-GMT  BuildTime: Aug  4 2022 06:17:15  BuildStamp: freesurfer-linux-ubuntu22_x86_64-7.3.2-20220804-6354275  User: oesteban  Machine: dna006  Platform: Linux  PlatformVersion: 5.14.0-427.37.1.el9_4.x86_64  CompilerName: GCC  CompilerVersion: 8.4.0
7.3.2

ProgramName: mri_robust_template  ProgramArguments: mri_robust_template -all-info  ProgramVersion: 7.3.2  TimeStamp: 2026/03/10-04:37:11-GMT  BuildTime: Aug  4 2022 06:17:15  BuildStamp: freesurfer-linux-ubuntu22_x86_64-7.3.2-20220804-6354275  User: oesteban  Machine: dna006  Platform: Linux  PlatformVersion: 5.14.0-427.37.1.el9_4.x86_64  CompilerName: GCC  CompilerVersion: 8.4.0
ProgramName: mris_anatomical_stats  ProgramArguments: mris_anatomical_stats -all-info  ProgramVersion: 7.3.2  TimeStamp: 2026/03/10-04:37:11-GMT  BuildTime: Aug  4 2022 06:17:15  BuildStamp: freesurfer-linux-ubuntu22_x86_64-7.3.2-20220804-6354275  User: oesteban  Machine: dna006  Platform: Linux  PlatformVersion: 5.14.0-427.37.1.el9_4.x86_64  CompilerName: GCC  CompilerVersion: 8.4.0
ProgramName: mris_ca_label  ProgramArguments: mris_ca_label -all-info  ProgramVersion: 7.3.2  TimeStamp: 2026/03/10-04:37:11-GMT  BuildTime: Aug  4 2022 06:17:15  BuildStamp: freesurfer-linux-ubuntu22_x86_64-7.3.2-20220804-6354275  User: oesteban  Machine: dna006  Platform: Linux  PlatformVersion: 5.14.0-427.37.1.el9_4.x86_64  CompilerName: GCC  CompilerVersion: 8.4.0
ProgramName: mris_calc  ProgramArguments: mris_calc -all-info  ProgramVersion: 7.3.2  TimeStamp: 2026/03/10-04:37:11-GMT  BuildTime: Aug  4 2022 06:17:15  BuildStamp: freesurfer-linux-ubuntu22_x86_64-7.3.2-20220804-6354275  User: oesteban  Machine: dna006  Platform: Linux  PlatformVersion: 5.14.0-427.37.1.el9_4.x86_64  CompilerName: GCC  CompilerVersion: 8.4.0
ProgramName: mris_convert  ProgramArguments: mris_convert -all-info  ProgramVersion: 7.3.2  TimeStamp: 2026/03/10-04:37:11-GMT  BuildTime: Aug  4 2022 06:17:15  BuildStamp: freesurfer-linux-ubuntu22_x86_64-7.3.2-20220804-6354275  User: oesteban  Machine: dna006  Platform: Linux  PlatformVersion: 5.14.0-427.37.1.el9_4.x86_64  CompilerName: GCC  CompilerVersion: 8.4.0
ProgramName: mris_curvature  ProgramArguments: mris_curvature -all-info  ProgramVersion: 7.3.2  TimeStamp: 2026/03/10-04:37:11-GMT  BuildTime: Aug  4 2022 06:17:15  BuildStamp: freesurfer-linux-ubuntu22_x86_64-7.3.2-20220804-6354275  User: oesteban  Machine: dna006  Platform: Linux  PlatformVersion: 5.14.0-427.37.1.el9_4.x86_64  CompilerName: GCC  CompilerVersion: 8.4.0
ProgramName: mris_curvature_stats  ProgramArguments: mris_curvature_stats -all-info  ProgramVersion: 7.3.2  TimeStamp: 2026/03/10-04:37:11-GMT  BuildTime: Aug  4 2022 06:17:15  BuildStamp: freesurfer-linux-ubuntu22_x86_64-7.3.2-20220804-6354275  User: oesteban  Machine: dna006  Platform: Linux  PlatformVersion: 5.14.0-427.37.1.el9_4.x86_64  CompilerName: GCC  CompilerVersion: 8.4.0
ProgramName: mris_diff  ProgramArguments: mris_diff -all-info  ProgramVersion: 7.3.2  TimeStamp: 2026/03/10-04:37:11-GMT  BuildTime: Aug  4 2022 06:17:15  BuildStamp: freesurfer-linux-ubuntu22_x86_64-7.3.2-20220804-6354275  User: oesteban  Machine: dna006  Platform: Linux  PlatformVersion: 5.14.0-427.37.1.el9_4.x86_64  CompilerName: GCC  CompilerVersion: 8.4.0
ProgramName: mris_divide_parcellation  ProgramArguments: mris_divide_parcellation -all-info  ProgramVersion: 7.3.2  TimeStamp: 2026/03/10-04:37:11-GMT  BuildTime: Aug  4 2022 06:17:15  BuildStamp: freesurfer-linux-ubuntu22_x86_64-7.3.2-20220804-6354275  User: oesteban  Machine: dna006  Platform: Linux  PlatformVersion: 5.14.0-427.37.1.el9_4.x86_64  CompilerName: GCC  CompilerVersion: 8.4.0
ProgramName: mri_segment  ProgramArguments: mri_segment -all-info  ProgramVersion: 7.3.2  TimeStamp: 2026/03/10-04:37:11-GMT  BuildTime: Aug  4 2022 06:17:15  BuildStamp: freesurfer-linux-ubuntu22_x86_64-7.3.2-20220804-6354275  User: oesteban  Machine: dna006  Platform: Linux  PlatformVersion: 5.14.0-427.37.1.el9_4.x86_64  CompilerName: GCC  CompilerVersion: 8.4.0
ProgramName: mri_segstats  ProgramArguments: mri_segstats -all-info  ProgramVersion: 7.3.2  TimeStamp: 2026/03/10-04:37:11-GMT  BuildTime: Aug  4 2022 06:17:15  BuildStamp: freesurfer-linux-ubuntu22_x86_64-7.3.2-20220804-6354275  User: oesteban  Machine: dna006  Platform: Linux  PlatformVersion: 5.14.0-427.37.1.el9_4.x86_64  CompilerName: GCC  CompilerVersion: 8.4.0
ProgramName: mris_euler_number  ProgramArguments: mris_euler_number -all-info  ProgramVersion: 7.3.2  TimeStamp: 2026/03/10-04:37:11-GMT  BuildTime: Aug  4 2022 06:17:15  BuildStamp: freesurfer-linux-ubuntu22_x86_64-7.3.2-20220804-6354275  User: oesteban  Machine: dna006  Platform: Linux  PlatformVersion: 5.14.0-427.37.1.el9_4.x86_64  CompilerName: GCC  CompilerVersion: 8.4.0
ProgramName: mris_fix_topology  ProgramArguments: mris_fix_topology -all-info  ProgramVersion: 7.3.2  TimeStamp: 2026/03/10-04:37:11-GMT  BuildTime: Aug  4 2022 06:17:15  BuildStamp: freesurfer-linux-ubuntu22_x86_64-7.3.2-20220804-6354275  User: oesteban  Machine: dna006  Platform: Linux  PlatformVersion: 5.14.0-427.37.1.el9_4.x86_64  CompilerName: GCC  CompilerVersion: 8.4.0
ProgramName: mris_topo_fixer  ProgramArguments: mris_topo_fixer -all-info  ProgramVersion: 7.3.2  TimeStamp: 2026/03/10-04:37:11-GMT  BuildTime: Aug  4 2022 06:17:15  BuildStamp: freesurfer-linux-ubuntu22_x86_64-7.3.2-20220804-6354275  User: oesteban  Machine: dna006  Platform: Linux  PlatformVersion: 5.14.0-427.37.1.el9_4.x86_64  CompilerName: GCC  CompilerVersion: 8.4.0
ProgramName: mris_jacobian  ProgramArguments: mris_jacobian -all-info  ProgramVersion: 7.3.2  TimeStamp: 2026/03/10-04:37:11-GMT  BuildTime: Aug  4 2022 06:17:15  BuildStamp: freesurfer-linux-ubuntu22_x86_64-7.3.2-20220804-6354275  User: oesteban  Machine: dna006  Platform: Linux  PlatformVersion: 5.14.0-427.37.1.el9_4.x86_64  CompilerName: GCC  CompilerVersion: 8.4.0
ProgramName: mris_label2annot  ProgramArguments: mris_label2annot -all-info  ProgramVersion: 7.3.2  TimeStamp: 2026/03/10-04:37:11-GMT  BuildTime: Aug  4 2022 06:17:15  BuildStamp: freesurfer-linux-ubuntu22_x86_64-7.3.2-20220804-6354275  User: oesteban  Machine: dna006  Platform: Linux  PlatformVersion: 5.14.0-427.37.1.el9_4.x86_64  CompilerName: GCC  CompilerVersion: 8.4.0
ProgramName: mris_left_right_register  ProgramArguments: mris_left_right_register -all-info  ProgramVersion: 7.3.2  TimeStamp: 2026/03/10-04:37:11-GMT  BuildTime: Aug  4 2022 06:17:15  BuildStamp: freesurfer-linux-ubuntu22_x86_64-7.3.2-20220804-6354275  User: oesteban  Machine: dna006  Platform: Linux  PlatformVersion: 5.14.0-427.37.1.el9_4.x86_64  CompilerName: GCC  CompilerVersion: 8.4.0
ProgramName: mris_place_surface  ProgramArguments: mris_place_surface -all-info  ProgramVersion: 7.3.2  TimeStamp: 2026/03/10-04:37:11-GMT  BuildTime: Aug  4 2022 06:17:15  BuildStamp: freesurfer-linux-ubuntu22_x86_64-7.3.2-20220804-6354275  User: oesteban  Machine: dna006  Platform: Linux  PlatformVersion: 5.14.0-427.37.1.el9_4.x86_64  CompilerName: GCC  CompilerVersion: 8.4.0
ProgramName: mrisp_paint  ProgramArguments: mrisp_paint -all-info  ProgramVersion: 7.3.2  TimeStamp: 2026/03/10-04:37:11-GMT  BuildTime: Aug  4 2022 06:17:15  BuildStamp: freesurfer-linux-ubuntu22_x86_64-7.3.2-20220804-6354275  User: oesteban  Machine: dna006  Platform: Linux  PlatformVersion: 5.14.0-427.37.1.el9_4.x86_64  CompilerName: GCC  CompilerVersion: 8.4.0
ProgramName: mris_register  ProgramArguments: mris_register -all-info  ProgramVersion: 7.3.2  TimeStamp: 2026/03/10-04:37:11-GMT  BuildTime: Aug  4 2022 06:17:15  BuildStamp: freesurfer-linux-ubuntu22_x86_64-7.3.2-20220804-6354275  User: oesteban  Machine: dna006  Platform: Linux  PlatformVersion: 5.14.0-427.37.1.el9_4.x86_64  CompilerName: GCC  CompilerVersion: 8.4.0
ProgramName: mris_smooth  ProgramArguments: mris_smooth -all-info  ProgramVersion: 7.3.2  TimeStamp: 2026/03/10-04:37:12-GMT  BuildTime: Aug  4 2022 06:17:15  BuildStamp: freesurfer-linux-ubuntu22_x86_64-7.3.2-20220804-6354275  User: oesteban  Machine: dna006  Platform: Linux  PlatformVersion: 5.14.0-427.37.1.el9_4.x86_64  CompilerName: GCC  CompilerVersion: 8.4.0
ProgramName: mris_sphere  ProgramArguments: mris_sphere -all-info  ProgramVersion: 7.3.2  TimeStamp: 2026/03/10-04:37:12-GMT  BuildTime: Aug  4 2022 06:17:15  BuildStamp: freesurfer-linux-ubuntu22_x86_64-7.3.2-20220804-6354275  User: oesteban  Machine: dna006  Platform: Linux  PlatformVersion: 5.14.0-427.37.1.el9_4.x86_64  CompilerName: GCC  CompilerVersion: 8.4.0
ProgramName: mris_surface_stats  ProgramArguments: mris_surface_stats -all-info  ProgramVersion: 7.3.2  TimeStamp: 2026/03/10-04:37:12-GMT  BuildTime: Aug  4 2022 06:17:15  BuildStamp: freesurfer-linux-ubuntu22_x86_64-7.3.2-20220804-6354275  User: oesteban  Machine: dna006  Platform: Linux  PlatformVersion: 5.14.0-427.37.1.el9_4.x86_64  CompilerName: GCC  CompilerVersion: 8.4.0
ProgramName: mri_stats2seg  ProgramArguments: mri_stats2seg -all-info  ProgramVersion: 7.3.2  TimeStamp: 2026/03/10-04:37:12-GMT  BuildTime: Aug  4 2022 06:17:15  BuildStamp: freesurfer-linux-ubuntu22_x86_64-7.3.2-20220804-6354275  User: oesteban  Machine: dna006  Platform: Linux  PlatformVersion: 5.14.0-427.37.1.el9_4.x86_64  CompilerName: GCC  CompilerVersion: 8.4.0
ProgramName: mris_thickness  ProgramArguments: mris_thickness -all-info  ProgramVersion: 7.3.2  TimeStamp: 2026/03/10-04:37:12-GMT  BuildTime: Aug  4 2022 06:17:15  BuildStamp: freesurfer-linux-ubuntu22_x86_64-7.3.2-20220804-6354275  User: oesteban  Machine: dna006  Platform: Linux  PlatformVersion: 5.14.0-427.37.1.el9_4.x86_64  CompilerName: GCC  CompilerVersion: 8.4.0
ProgramName: mris_thickness_diff  ProgramArguments: mris_thickness_diff -all-info  ProgramVersion: 7.3.2  TimeStamp: 2026/03/10-04:37:12-GMT  BuildTime: Aug  4 2022 06:17:15  BuildStamp: freesurfer-linux-ubuntu22_x86_64-7.3.2-20220804-6354275  User: oesteban  Machine: dna006  Platform: Linux  PlatformVersion: 5.14.0-427.37.1.el9_4.x86_64  CompilerName: GCC  CompilerVersion: 8.4.0
ProgramName: mris_topo_fixer  ProgramArguments: mris_topo_fixer -all-info  ProgramVersion: 7.3.2  TimeStamp: 2026/03/10-04:37:12-GMT  BuildTime: Aug  4 2022 06:17:15  BuildStamp: freesurfer-linux-ubuntu22_x86_64-7.3.2-20220804-6354275  User: oesteban  Machine: dna006  Platform: Linux  PlatformVersion: 5.14.0-427.37.1.el9_4.x86_64  CompilerName: GCC  CompilerVersion: 8.4.0
ProgramName: mri_surf2surf  ProgramArguments: mri_surf2surf -all-info  ProgramVersion: 7.3.2  TimeStamp: 2026/03/10-04:37:12-GMT  BuildTime: Aug  4 2022 06:17:15  BuildStamp: freesurfer-linux-ubuntu22_x86_64-7.3.2-20220804-6354275  User: oesteban  Machine: dna006  Platform: Linux  PlatformVersion: 5.14.0-427.37.1.el9_4.x86_64  CompilerName: GCC  CompilerVersion: 8.4.0
ProgramName: mri_surf2vol  ProgramArguments: mri_surf2vol -all-info  ProgramVersion: 7.3.2  TimeStamp: 2026/03/10-04:37:12-GMT  BuildTime: Aug  4 2022 06:17:15  BuildStamp: freesurfer-linux-ubuntu22_x86_64-7.3.2-20220804-6354275  User: oesteban  Machine: dna006  Platform: Linux  PlatformVersion: 5.14.0-427.37.1.el9_4.x86_64  CompilerName: GCC  CompilerVersion: 8.4.0
ProgramName: mri_surfcluster  ProgramArguments: mri_surfcluster -all-info  ProgramVersion: 7.3.2  TimeStamp: 2026/03/10-04:37:12-GMT  BuildTime: Aug  4 2022 06:17:15  BuildStamp: freesurfer-linux-ubuntu22_x86_64-7.3.2-20220804-6354275  User: oesteban  Machine: dna006  Platform: Linux  PlatformVersion: 5.14.0-427.37.1.el9_4.x86_64  CompilerName: GCC  CompilerVersion: 8.4.0
ProgramName: mris_volmask  ProgramArguments: mris_volmask -all-info  ProgramVersion: 7.3.2  TimeStamp: 2026/03/10-04:37:12-GMT  BuildTime: Aug  4 2022 06:17:15  BuildStamp: freesurfer-linux-ubuntu22_x86_64-7.3.2-20220804-6354275  User: oesteban  Machine: dna006  Platform: Linux  PlatformVersion: 5.14.0-427.37.1.el9_4.x86_64  CompilerName: GCC  CompilerVersion: 8.4.0
ProgramName: mri_tessellate  ProgramArguments: mri_tessellate -all-info  ProgramVersion: 7.3.2  TimeStamp: 2026/03/10-04:37:12-GMT  BuildTime: Aug  4 2022 06:17:15  BuildStamp: freesurfer-linux-ubuntu22_x86_64-7.3.2-20220804-6354275  User: oesteban  Machine: dna006  Platform: Linux  PlatformVersion: 5.14.0-427.37.1.el9_4.x86_64  CompilerName: GCC  CompilerVersion: 8.4.0
ProgramName: mri_vol2surf  ProgramArguments: mri_vol2surf -all-info  ProgramVersion: 7.3.2  TimeStamp: 2026/03/10-04:37:12-GMT  BuildTime: Aug  4 2022 06:17:15  BuildStamp: freesurfer-linux-ubuntu22_x86_64-7.3.2-20220804-6354275  User: oesteban  Machine: dna006  Platform: Linux  PlatformVersion: 5.14.0-427.37.1.el9_4.x86_64  CompilerName: GCC  CompilerVersion: 8.4.0
ProgramName: mri_vol2vol  ProgramArguments: mri_vol2vol -all-info  ProgramVersion: 7.3.2  TimeStamp: 2026/03/10-04:37:12-GMT  BuildTime: Aug  4 2022 06:17:15  BuildStamp: freesurfer-linux-ubuntu22_x86_64-7.3.2-20220804-6354275  User: oesteban  Machine: dna006  Platform: Linux  PlatformVersion: 5.14.0-427.37.1.el9_4.x86_64  CompilerName: GCC  CompilerVersion: 8.4.0
ProgramName: mri_voldiff  ProgramArguments: mri_voldiff -all-info  ProgramVersion: 7.3.2  TimeStamp: 2026/03/10-04:37:12-GMT  BuildTime: Aug  4 2022 06:17:15  BuildStamp: freesurfer-linux-ubuntu22_x86_64-7.3.2-20220804-6354275  User: oesteban  Machine: dna006  Platform: Linux  PlatformVersion: 5.14.0-427.37.1.el9_4.x86_64  CompilerName: GCC  CompilerVersion: 8.4.0
ProgramName: mri_watershed  ProgramArguments: mri_watershed -all-info  ProgramVersion: 7.3.2  TimeStamp: 2026/03/10-04:37:12-GMT  BuildTime: Aug  4 2022 06:17:15  BuildStamp: freesurfer-linux-ubuntu22_x86_64-7.3.2-20220804-6354275  User: oesteban  Machine: dna006  Platform: Linux  PlatformVersion: 5.14.0-427.37.1.el9_4.x86_64  CompilerName: GCC  CompilerVersion: 8.4.0
ProgramName: tkregister2  ProgramArguments: tkregister2_cmdl -all-info  ProgramVersion: 7.3.2  TimeStamp: 2026/03/10-04:37:12-GMT  BuildTime: Aug  4 2022 06:17:15  BuildStamp: freesurfer-linux-ubuntu22_x86_64-7.3.2-20220804-6354275  User: oesteban  Machine: dna006  Platform: Linux  PlatformVersion: 5.14.0-427.37.1.el9_4.x86_64  CompilerName: GCC  CompilerVersion: 8.4.0
mri_motion_correct.fsl 7.3.2
mri_convert -all-info 
ProgramName: mri_convert  ProgramArguments: mri_convert -all-info  ProgramVersion: 7.3.2  TimeStamp: 2026/03/10-04:37:12-GMT  BuildTime: Aug  4 2022 06:17:15  BuildStamp: freesurfer-linux-ubuntu22_x86_64-7.3.2-20220804-6354275  User: oesteban  Machine: dna006  Platform: Linux  PlatformVersion: 5.14.0-427.37.1.el9_4.x86_64  CompilerName: GCC  CompilerVersion: 8.4.0
Program nu_correct, built from:
Package MNI N3, version 1.12.0, compiled by nicks@terrier (x86_64-unknown-linux-gnu) on 2015-06-19 at 01:25:34
#######################################
GCADIR /opt/freesurfer/average
GCA RB_all_2020-01-02.gca
GCASkull RB_all_withskull_2020_01_02.gca
AvgCurvTif folding.atlas.acfb40.noaparc.i12.2016-08-02.tif
GCSDIR /opt/freesurfer/average
GCS DKaparc.atlas.acfb40.noaparc.i12.2016-08-02.gcs
#######################################
/out/sourcedata/freesurfer/sub-v1s6x0051363_ses-1

 mri_convert /work/fmriprep_25_2_wf/sub_v1s6x0051363_ses_1_wf/anat_fit_wf/anat_validate/sub-v1s6x0051363_ses-1_T1w_noise_corrected_ras_valid.nii.gz /out/sourcedata/freesurfer/sub-v1s6x0051363_ses-1/mri/orig/001.mgz 

mri_convert /work/fmriprep_25_2_wf/sub_v1s6x0051363_ses_1_wf/anat_fit_wf/anat_validate/sub-v1s6x0051363_ses-1_T1w_noise_corrected_ras_valid.nii.gz /out/sourcedata/freesurfer/sub-v1s6x0051363_ses-1/mri/orig/001.mgz 
reading from /work/fmriprep_25_2_wf/sub_v1s6x0051363_ses_1_wf/anat_fit_wf/anat_validate/sub-v1s6x0051363_ses-1_T1w_noise_corrected_ras_valid.nii.gz...
TR=0.00, TE=0.00, TI=0.00, flip angle=0.00
i_ras = (1, 0, 0)
j_ras = (0, 1, 0)
k_ras = (0, 0, 1)
writing to /out/sourcedata/freesurfer/sub-v1s6x0051363_ses-1/mri/orig/001.mgz...
#--------------------------------------------
#@# MotionCor Tue Mar 10 05:37:13 CET 2026
Found 1 runs
/out/sourcedata/freesurfer/sub-v1s6x0051363_ses-1/mri/orig/001.mgz
Checking for (invalid) multi-frame inputs...
Only one run found so motion
correction will not be performed. I'll
copy the run to rawavg and continue.

 cp /out/sourcedata/freesurfer/sub-v1s6x0051363_ses-1/mri/orig/001.mgz /out/sourcedata/freesurfer/sub-v1s6x0051363_ses-1/mri/rawavg.mgz 


 mri_info /out/sourcedata/freesurfer/sub-v1s6x0051363_ses-1/mri/rawavg.mgz 

rawavg.mgz ========================================
Volume information for /out/sourcedata/freesurfer/sub-v1s6x0051363_ses-1/mri/rawavg.mgz
          type: MGH
    dimensions: 160 x 240 x 256
   voxel sizes: 1.000000, 1.000000, 1.000000
          type: FLOAT (3)
           fov: 256.000
           dof: 1
        xstart: -80.0, xend: 80.0
        ystart: -120.0, yend: 120.0
        zstart: -128.0, zend: 128.0
            TR: 0.00 msec, TE: 0.00 msec, TI: 0.00 msec, flip angle: 0.00 degrees
       nframes: 1
       PhEncDir: UNKNOWN
       FieldStrength: 0.000000
ras xform present
    xform info: x_r =   1.0000, y_r =   0.0000, z_r =   0.0000, c_r =     0.5000
              : x_a =   0.0000, y_a =   1.0000, z_a =   0.0000, c_a =    -5.1017
              : x_s =   0.0000, y_s =   0.0000, z_s =   1.0000, c_s =    -6.4576

talairach xfm : 
Orientation   : RAS
Primary Slice Direction: axial

voxel to ras transform:
                1.0000   0.0000   0.0000   -79.5000
                0.0000   1.0000   0.0000  -125.1017
                0.0000   0.0000   1.0000  -134.4576
                0.0000   0.0000   0.0000     1.0000

voxel-to-ras determinant 1

ras to voxel transform:
                1.0000   0.0000   0.0000    79.5000
                0.0000   1.0000   0.0000   125.1017
                0.0000   0.0000   1.0000   134.4576
                0.0000   0.0000   0.0000     1.0000
/out/sourcedata/freesurfer/sub-v1s6x0051363_ses-1

 mri_convert /out/sourcedata/freesurfer/sub-v1s6x0051363_ses-1/mri/rawavg.mgz /out/sourcedata/freesurfer/sub-v1s6x0051363_ses-1/mri/orig.mgz --conform 

mri_convert /out/sourcedata/freesurfer/sub-v1s6x0051363_ses-1/mri/rawavg.mgz /out/sourcedata/freesurfer/sub-v1s6x0051363_ses-1/mri/orig.mgz --conform 
reading from /out/sourcedata/freesurfer/sub-v1s6x0051363_ses-1/mri/rawavg.mgz...
TR=0.00, TE=0.00, TI=0.00, flip angle=0.00
i_ras = (1, 0, 0)
j_ras = (0, 1, 0)
k_ras = (0, 0, 1)
changing data type from float to uchar (noscale = 0)...
MRIchangeType: Building histogram 0 970.643 1000, flo=0, fhi=0.999, dest_type=0
Reslicing using trilinear interpolation 
writing to /out/sourcedata/freesurfer/sub-v1s6x0051363_ses-1/mri/orig.mgz...

 mri_add_xform_to_header -c /out/sourcedata/freesurfer/sub-v1s6x0051363_ses-1/mri/transforms/talairach.xfm /out/sourcedata/freesurfer/sub-v1s6x0051363_ses-1/mri/orig.mgz /out/sourcedata/freesurfer/sub-v1s6x0051363_ses-1/mri/orig.mgz 

INFO: extension is mgz

 mri_info /out/sourcedata/freesurfer/sub-v1s6x0051363_ses-1/mri/orig.mgz 

orig.mgz ========================================
Volume information for /out/sourcedata/freesurfer/sub-v1s6x0051363_ses-1/mri/orig.mgz
          type: MGH
    dimensions: 256 x 256 x 256
   voxel sizes: 1.000000, 1.000000, 1.000000
          type: UCHAR (0)
           fov: 256.000
           dof: 1
        xstart: -128.0, xend: 128.0
        ystart: -128.0, yend: 128.0
        zstart: -128.0, zend: 128.0
            TR: 0.00 msec, TE: 0.00 msec, TI: 0.00 msec, flip angle: 0.00 degrees
       nframes: 1
       PhEncDir: UNKNOWN
       FieldStrength: 0.000000
ras xform present
    xform info: x_r =  -1.0000, y_r =   0.0000, z_r =   0.0000, c_r =     0.5000
              : x_a =   0.0000, y_a =   0.0000, z_a =   1.0000, c_a =    -5.1017
              : x_s =   0.0000, y_s =  -1.0000, z_s =   0.0000, c_s =    -6.4576

talairach xfm : /out/sourcedata/freesurfer/sub-v1s6x0051363_ses-1/mri/transforms/talairach.xfm
Orientation   : LIA
Primary Slice Direction: coronal

voxel to ras transform:
               -1.0000   0.0000   0.0000   128.5000
                0.0000   0.0000   1.0000  -133.1017
                0.0000  -1.0000   0.0000   121.5424
                0.0000   0.0000   0.0000     1.0000

voxel-to-ras determinant -1

ras to voxel transform:
               -1.0000  -0.0000  -0.0000   128.5000
               -0.0000  -0.0000  -1.0000   121.5424
               -0.0000   1.0000  -0.0000   133.1017
               -0.0000  -0.0000  -0.0000     1.0000
#--------------------------------------------
#@# Talairach Tue Mar 10 05:37:21 CET 2026
/out/sourcedata/freesurfer/sub-v1s6x0051363_ses-1/mri

 mri_nu_correct.mni --no-rescale --i orig.mgz --o orig_nu.mgz --ants-n4 --n 1 --proto-iters 1000 --distance 50 

/usr/bin/bc
/out/sourcedata/freesurfer/sub-v1s6x0051363_ses-1/mri
/opt/freesurfer/bin/mri_nu_correct.mni
--no-rescale --i orig.mgz --o orig_nu.mgz --ants-n4 --n 1 --proto-iters 1000 --distance 50
nIters 1
mri_nu_correct.mni 7.3.2
Linux dna006 5.14.0-427.37.1.el9_4.x86_64 #1 SMP PREEMPT_DYNAMIC Fri Sep 13 12:41:50 EDT 2024 x86_64 x86_64 x86_64 GNU/Linux
Tue Mar 10 05:37:21 CET 2026
tmpdir is ./tmp.mri_nu_correct.mni.991970
cd /out/sourcedata/freesurfer/sub-v1s6x0051363_ses-1/mri
AntsN4BiasFieldCorrectionFs -i orig.mgz -o ./tmp.mri_nu_correct.mni.991970/nu0.mgz --dtype uchar
AntsN4BiasFieldCorrectionFs done
mri_convert ./tmp.mri_nu_correct.mni.991970/nu0.mgz orig_nu.mgz --like orig.mgz --conform
mri_convert ./tmp.mri_nu_correct.mni.991970/nu0.mgz orig_nu.mgz --like orig.mgz --conform 
reading from ./tmp.mri_nu_correct.mni.991970/nu0.mgz...
TR=0.00, TE=0.00, TI=0.00, flip angle=0.00
i_ras = (-1, 0, 0)
j_ras = (0, 0, -1)
k_ras = (0, 1, 0)
INFO: transform src into the like-volume: orig.mgz
writing to orig_nu.mgz...
 
 
Tue Mar 10 05:40:15 CET 2026
mri_nu_correct.mni done

 talairach_avi --i orig_nu.mgz --xfm transforms/talairach.auto.xfm 

talairach_avi log file is transforms/talairach_avi.log...
mv -f /out/sourcedata/freesurfer/sub-v1s6x0051363_ses-1/mri/talsrcimg_to_711-2C_as_mni_average_305_t4_vox2vox.txt /out/sourcedata/freesurfer/sub-v1s6x0051363_ses-1/mri/transforms/talsrcimg_to_711-2C_as_mni_average_305_t4_vox2vox.txt
Started at Tue Mar 10 05:40:15 CET 2026
Ended   at Tue Mar 10 05:41:46 CET 2026
talairach_avi done

 cp transforms/talairach.auto.xfm transforms/talairach.xfm 

lta_convert --src orig.mgz --trg /opt/freesurfer/average/mni305.cor.mgz --inxfm transforms/talairach.xfm --outlta transforms/talairach.xfm.lta --subject fsaverage --ltavox2vox
7.3.2

--src: orig.mgz src image (geometry).
--trg: /opt/freesurfer/average/mni305.cor.mgz trg image (geometry).
--inmni: transforms/talairach.xfm input MNI/XFM transform.
--outlta: transforms/talairach.xfm.lta output LTA.
--s: fsaverage subject name
--ltavox2vox: output LTA as VOX_TO_VOX transform.
 LTA read, type : 1
 1.14424  -0.07374  -0.01253   0.29881;
 0.08958   1.17794   0.06301   1.29297;
 0.00265  -0.08400   1.16090  -26.37784;
 0.00000   0.00000   0.00000   1.00000;
setting subject to fsaverage
Writing  LTA to file transforms/talairach.xfm.lta...
lta_convert successful.
#--------------------------------------------
#@# Talairach Failure Detection Tue Mar 10 05:41:48 CET 2026
/out/sourcedata/freesurfer/sub-v1s6x0051363_ses-1/mri

 talairach_afd -T 0.005 -xfm transforms/talairach.xfm 

talairach_afd: Talairach Transform: transforms/talairach.xfm OK (p=0.7565, pval=0.6675 >= threshold=0.0050)

 awk -f /opt/freesurfer/bin/extract_talairach_avi_QA.awk /out/sourcedata/freesurfer/sub-v1s6x0051363_ses-1/mri/transforms/talairach_avi.log 


 tal_QC_AZS /out/sourcedata/freesurfer/sub-v1s6x0051363_ses-1/mri/transforms/talairach_avi.log 

TalAviQA: 0.97678
z-score: 0
#--------------------------------------------
#@# Nu Intensity Correction Tue Mar 10 05:41:48 CET 2026

 mri_nu_correct.mni --i orig.mgz --o nu.mgz --uchar transforms/talairach.xfm --n 2 --ants-n4 

/usr/bin/bc
/out/sourcedata/freesurfer/sub-v1s6x0051363_ses-1/mri
/opt/freesurfer/bin/mri_nu_correct.mni
--i orig.mgz --o nu.mgz --uchar transforms/talairach.xfm --n 2 --ants-n4
nIters 2
mri_nu_correct.mni 7.3.2
Linux dna006 5.14.0-427.37.1.el9_4.x86_64 #1 SMP PREEMPT_DYNAMIC Fri Sep 13 12:41:50 EDT 2024 x86_64 x86_64 x86_64 GNU/Linux
Tue Mar 10 05:41:48 CET 2026
tmpdir is ./tmp.mri_nu_correct.mni.994747
cd /out/sourcedata/freesurfer/sub-v1s6x0051363_ses-1/mri
AntsN4BiasFieldCorrectionFs -i orig.mgz -o ./tmp.mri_nu_correct.mni.994747/nu0.mgz --dtype uchar
AntsN4BiasFieldCorrectionFs done
mri_binarize --i ./tmp.mri_nu_correct.mni.994747/nu0.mgz --min -1 --o ./tmp.mri_nu_correct.mni.994747/ones.mgz

7.3.2
cwd /out/sourcedata/freesurfer/sub-v1s6x0051363_ses-1/mri
cmdline mri_binarize --i ./tmp.mri_nu_correct.mni.994747/nu0.mgz --min -1 --o ./tmp.mri_nu_correct.mni.994747/ones.mgz 
sysname  Linux
hostname dna006
machine  x86_64
user     oesteban

input      ./tmp.mri_nu_correct.mni.994747/nu0.mgz
frame      0
nErode3d   0
nErode2d   0
output     ./tmp.mri_nu_correct.mni.994747/ones.mgz
Binarizing based on threshold
min        -1
max        +infinity
binval        1
binvalnot     0
fstart = 0, fend = 0, nframes = 1
Starting parallel 1
Found 16777216 values in range
Counting number of voxels in first frame
Found 16777215 voxels in final mask
Writing output to ./tmp.mri_nu_correct.mni.994747/ones.mgz
Count: 16777215 16777215.000000 16777216 99.999994
mri_binarize done
mri_segstats --id 1 --seg ./tmp.mri_nu_correct.mni.994747/ones.mgz --i orig.mgz --sum ./tmp.mri_nu_correct.mni.994747/sum.junk --avgwf ./tmp.mri_nu_correct.mni.994747/input.mean.dat

7.3.2
cwd 
cmdline mri_segstats --id 1 --seg ./tmp.mri_nu_correct.mni.994747/ones.mgz --i orig.mgz --sum ./tmp.mri_nu_correct.mni.994747/sum.junk --avgwf ./tmp.mri_nu_correct.mni.994747/input.mean.dat 
sysname  Linux
hostname dna006
machine  x86_64
user     oesteban
whitesurfname  white
UseRobust  0
Loading ./tmp.mri_nu_correct.mni.994747/ones.mgz
Loading orig.mgz
Voxel Volume is 1 mm^3
Generating list of segmentation ids
Found   1 segmentations
Computing statistics for each segmentation

Reporting on   1 segmentations
Using PrintSegStat
Computing spatial average of each frame

Writing to ./tmp.mri_nu_correct.mni.994747/input.mean.dat
mri_segstats done
mri_segstats --id 1 --seg ./tmp.mri_nu_correct.mni.994747/ones.mgz --i ./tmp.mri_nu_correct.mni.994747/nu0.mgz --sum ./tmp.mri_nu_correct.mni.994747/sum.junk --avgwf ./tmp.mri_nu_correct.mni.994747/output.mean.dat

7.3.2
cwd 
cmdline mri_segstats --id 1 --seg ./tmp.mri_nu_correct.mni.994747/ones.mgz --i ./tmp.mri_nu_correct.mni.994747/nu0.mgz --sum ./tmp.mri_nu_correct.mni.994747/sum.junk --avgwf ./tmp.mri_nu_correct.mni.994747/output.mean.dat 
sysname  Linux
hostname dna006
machine  x86_64
user     oesteban
whitesurfname  white
UseRobust  0
Loading ./tmp.mri_nu_correct.mni.994747/ones.mgz
Loading ./tmp.mri_nu_correct.mni.994747/nu0.mgz
Voxel Volume is 1 mm^3
Generating list of segmentation ids
Found   1 segmentations
Computing statistics for each segmentation

Reporting on   1 segmentations
Using PrintSegStat
Computing spatial average of each frame

Writing to ./tmp.mri_nu_correct.mni.994747/output.mean.dat
mri_segstats done
mris_calc -o ./tmp.mri_nu_correct.mni.994747/nu0.mgz ./tmp.mri_nu_correct.mni.994747/nu0.mgz mul 1.23321966734083768303
Saving result to './tmp.mri_nu_correct.mni.994747/nu0.mgz' (type = MGH )                       [ ok ]
mri_convert ./tmp.mri_nu_correct.mni.994747/nu0.mgz nu.mgz --like orig.mgz
mri_convert ./tmp.mri_nu_correct.mni.994747/nu0.mgz nu.mgz --like orig.mgz 
reading from ./tmp.mri_nu_correct.mni.994747/nu0.mgz...
TR=0.00, TE=0.00, TI=0.00, flip angle=0.00
i_ras = (-1, 0, 0)
j_ras = (0, 0, -1)
k_ras = (0, 1, 0)
INFO: transform src into the like-volume: orig.mgz
writing to nu.mgz...
mri_make_uchar nu.mgz transforms/talairach.xfm nu.mgz
type change took 0 minutes and 6 seconds.
FIRST_PERCENTILE 0.010000
WM_PERCENTILE    0.900000
MAX_R 50.000000
i1 = 6, i2 = 60
#mri_make_uchar# mapping 15 155 to  3 110  :  b -9.38889 m 0.772516 : thresh 12.1536 maxsat 342.244 : nzero 14162917 nsat 0
 
 
Tue Mar 10 05:45:03 CET 2026
mri_nu_correct.mni done

 mri_add_xform_to_header -c /out/sourcedata/freesurfer/sub-v1s6x0051363_ses-1/mri/transforms/talairach.xfm nu.mgz nu.mgz 

INFO: extension is mgz
#--------------------------------------------
#@# Intensity Normalization Tue Mar 10 05:45:04 CET 2026
/out/sourcedata/freesurfer/sub-v1s6x0051363_ses-1/mri

 mri_normalize -g 1 -seed 1234 -mprage nu.mgz T1.mgz 

using max gradient = 1.000
setting seed for random number genererator to 1234
assuming input volume is MGH (Van der Kouwe) MP-RAGE
reading mri_src from nu.mgz...
normalizing image...
NOT doing gentle normalization with control points/label
talairach transform
 1.14424  -0.07374  -0.01253   0.29881;
 0.08958   1.17794   0.06301   1.29297;
 0.00265  -0.08400   1.16090  -26.37784;
 0.00000   0.00000   0.00000   1.00000;
processing without aseg, no1d=0
MRInormInit(): 
INFO: Modifying talairach volume c_(r,a,s) based on average_305
MRInormalize(): 
MRIsplineNormalize(): npeaks = 18
Starting OpenSpline(): npoints = 18
building Voronoi diagram...
performing soap bubble smoothing, sigma = 8...

Iterating 2 times
---------------------------------
3d normalization pass 1 of 2
white matter peak found at 110
white matter peak found at 110
gm peak at 74 (74), valley at 59 (59)
csf peak at 35, setting threshold to 61
building Voronoi diagram...
performing soap bubble smoothing, sigma = 8...
---------------------------------
3d normalization pass 2 of 2
white matter peak found at 110
white matter peak found at 110
gm peak at 74 (74), valley at 61 (61)
csf peak at 37, setting threshold to 61
building Voronoi diagram...
performing soap bubble smoothing, sigma = 8...
Done iterating ---------------------------------
writing output to T1.mgz
3D bias adjustment took 1 minutes and 36 seconds.

Started at Tue Mar 10 05:37:11 CET 2026 
Ended   at Tue Mar 10 05:46:41 CET 2026
#@#%# recon-all-run-time-hours 0.158
recon-all -s sub-v1s6x0051363_ses-1 finished without error at Tue Mar 10 05:46:41 CET 2026



#New# invocation of recon-all 




Tue Mar 10 05:53:38 CET 2026
cd /out/sourcedata/freesurfer/sub-v1s6x0051363_ses-1
setenv SUBJECTS_DIR /out/sourcedata/freesurfer
/opt/freesurfer/bin/recon-all -openmp 16 -subjid sub-v1s6x0051363_ses-1 -sd /out/sourcedata/freesurfer -gcareg

subjid sub-v1s6x0051363_ses-1
setenv SUBJECTS_DIR /out/sourcedata/freesurfer
FREESURFER_HOME /opt/freesurfer
Actual FREESURFER_HOME /opt/freesurfer
build-stamp.txt: freesurfer-linux-ubuntu22_x86_64-7.3.2-20220804-6354275
Linux dna006 5.14.0-427.37.1.el9_4.x86_64 #1 SMP PREEMPT_DYNAMIC Fri Sep 13 12:41:50 EDT 2024 x86_64 x86_64 x86_64 GNU/Linux
cputime      unlimited
filesize     unlimited
datasize     unlimited
stacksize    8192 kbytes
coredumpsize 0 kbytes
memoryuse    67108864 kbytes
vmemoryuse   unlimited
descriptors  1024 
memorylocked unlimited
maxproc      2061970 
maxlocks     unlimited
maxsignal    2061970 
maxmessage   819200 
maxnice      0 
maxrtprio    0 
maxrttime    unlimited

               total        used        free      shared  buff/cache   available
Mem:           503Gi        46Gi       402Gi       9.8Gi        53Gi       443Gi
Swap:             0B          0B          0B

########################################
program versions used
7.3.2 (freesurfer-linux-ubuntu22_x86_64-7.3.2-20220804-6354275)
7.3.2

ProgramName: lta_convert  ProgramArguments: lta_convert -all-info  ProgramVersion: 7.3.2  TimeStamp: 2026/03/10-04:53:38-GMT  BuildTime: Aug  4 2022 06:17:15  BuildStamp: freesurfer-linux-ubuntu22_x86_64-7.3.2-20220804-6354275  User: oesteban  Machine: dna006  Platform: Linux  PlatformVersion: 5.14.0-427.37.1.el9_4.x86_64  CompilerName: GCC  CompilerVersion: 8.4.0
ProgramName: mri_and  ProgramArguments: mri_and -all-info  ProgramVersion: 7.3.2  TimeStamp: 2026/03/10-04:53:38-GMT  BuildTime: Aug  4 2022 06:17:15  BuildStamp: freesurfer-linux-ubuntu22_x86_64-7.3.2-20220804-6354275  User: oesteban  Machine: dna006  Platform: Linux  PlatformVersion: 5.14.0-427.37.1.el9_4.x86_64  CompilerName: GCC  CompilerVersion: 8.4.0
ProgramName: mri_annotation2label  ProgramArguments: mri_annotation2label -all-info  ProgramVersion: 7.3.2  TimeStamp: 2026/03/10-04:53:38-GMT  BuildTime: Aug  4 2022 06:17:15  BuildStamp: freesurfer-linux-ubuntu22_x86_64-7.3.2-20220804-6354275  User: oesteban  Machine: dna006  Platform: Linux  PlatformVersion: 5.14.0-427.37.1.el9_4.x86_64  CompilerName: GCC  CompilerVersion: 8.4.0
ProgramName: mri_aparc2aseg  ProgramArguments: mri_aparc2aseg -all-info  ProgramVersion: 7.3.2  TimeStamp: 2026/03/10-04:53:38-GMT  BuildTime: Aug  4 2022 06:17:15  BuildStamp: freesurfer-linux-ubuntu22_x86_64-7.3.2-20220804-6354275  User: oesteban  Machine: dna006  Platform: Linux  PlatformVersion: 5.14.0-427.37.1.el9_4.x86_64  CompilerName: GCC  CompilerVersion: 8.4.0
ProgramName: mri_surf2volseg  ProgramArguments: mri_surf2volseg -all-info  ProgramVersion: 7.3.2  TimeStamp: 2026/03/10-04:53:38-GMT  BuildTime: Aug  4 2022 06:17:15  BuildStamp: freesurfer-linux-ubuntu22_x86_64-7.3.2-20220804-6354275  User: oesteban  Machine: dna006  Platform: Linux  PlatformVersion: 5.14.0-427.37.1.el9_4.x86_64  CompilerName: GCC  CompilerVersion: 8.4.0
ProgramName: mri_binarize  ProgramArguments: mri_binarize -all-info  ProgramVersion: 7.3.2  TimeStamp: 2026/03/10-04:53:38-GMT  BuildTime: Aug  4 2022 06:17:15  BuildStamp: freesurfer-linux-ubuntu22_x86_64-7.3.2-20220804-6354275  User: oesteban  Machine: dna006  Platform: Linux  PlatformVersion: 5.14.0-427.37.1.el9_4.x86_64  CompilerName: GCC  CompilerVersion: 8.4.0
ProgramName: mri_ca_label  ProgramArguments: mri_ca_label -all-info  ProgramVersion: 7.3.2  TimeStamp: 2026/03/10-04:53:38-GMT  BuildTime: Aug  4 2022 06:17:15  BuildStamp: freesurfer-linux-ubuntu22_x86_64-7.3.2-20220804-6354275  User: oesteban  Machine: dna006  Platform: Linux  PlatformVersion: 5.14.0-427.37.1.el9_4.x86_64  CompilerName: GCC  CompilerVersion: 8.4.0
ProgramName: mri_ca_normalize  ProgramArguments: mri_ca_normalize -all-info  ProgramVersion: 7.3.2  TimeStamp: 2026/03/10-04:53:38-GMT  BuildTime: Aug  4 2022 06:17:15  BuildStamp: freesurfer-linux-ubuntu22_x86_64-7.3.2-20220804-6354275  User: oesteban  Machine: dna006  Platform: Linux  PlatformVersion: 5.14.0-427.37.1.el9_4.x86_64  CompilerName: GCC  CompilerVersion: 8.4.0
ProgramName: mri_ca_register  ProgramArguments: mri_ca_register -all-info  ProgramVersion: 7.3.2  TimeStamp: 2026/03/10-04:53:38-GMT  BuildTime: Aug  4 2022 06:17:15  BuildStamp: freesurfer-linux-ubuntu22_x86_64-7.3.2-20220804-6354275  User: oesteban  Machine: dna006  Platform: Linux  PlatformVersion: 5.14.0-427.37.1.el9_4.x86_64  CompilerName: GCC  CompilerVersion: 8.4.0
ProgramName: mri_cc  ProgramArguments: mri_cc -all-info  ProgramVersion: 7.3.2  TimeStamp: 2026/03/10-04:53:38-GMT  BuildTime: Aug  4 2022 06:17:15  BuildStamp: freesurfer-linux-ubuntu22_x86_64-7.3.2-20220804-6354275  User: oesteban  Machine: dna006  Platform: Linux  PlatformVersion: 5.14.0-427.37.1.el9_4.x86_64  CompilerName: GCC  CompilerVersion: 8.4.0
ProgramName: mri_compute_overlap  ProgramArguments: mri_compute_overlap -all-info  ProgramVersion: 7.3.2  TimeStamp: 2026/03/10-04:53:38-GMT  BuildTime: Aug  4 2022 06:17:15  BuildStamp: freesurfer-linux-ubuntu22_x86_64-7.3.2-20220804-6354275  User: oesteban  Machine: dna006  Platform: Linux  PlatformVersion: 5.14.0-427.37.1.el9_4.x86_64  CompilerName: GCC  CompilerVersion: 8.4.0
ProgramName: mri_compute_seg_overlap  ProgramArguments: mri_compute_seg_overlap -all-info  ProgramVersion: 7.3.2  TimeStamp: 2026/03/10-04:53:38-GMT  BuildTime: Aug  4 2022 06:17:15  BuildStamp: freesurfer-linux-ubuntu22_x86_64-7.3.2-20220804-6354275  User: oesteban  Machine: dna006  Platform: Linux  PlatformVersion: 5.14.0-427.37.1.el9_4.x86_64  CompilerName: GCC  CompilerVersion: 8.4.0
ProgramName: mri_concat  ProgramArguments: mri_concat -all-info  ProgramVersion: 7.3.2  TimeStamp: 2026/03/10-04:53:38-GMT  BuildTime: Aug  4 2022 06:17:15  BuildStamp: freesurfer-linux-ubuntu22_x86_64-7.3.2-20220804-6354275  User: oesteban  Machine: dna006  Platform: Linux  PlatformVersion: 5.14.0-427.37.1.el9_4.x86_64  CompilerName: GCC  CompilerVersion: 8.4.0
ProgramName: mri_concatenate_lta  ProgramArguments: mri_concatenate_lta -all-info  ProgramVersion: 7.3.2  TimeStamp: 2026/03/10-04:53:38-GMT  BuildTime: Aug  4 2022 06:17:15  BuildStamp: freesurfer-linux-ubuntu22_x86_64-7.3.2-20220804-6354275  User: oesteban  Machine: dna006  Platform: Linux  PlatformVersion: 5.14.0-427.37.1.el9_4.x86_64  CompilerName: GCC  CompilerVersion: 8.4.0
mri_convert -all-info 
ProgramName: mri_convert  ProgramArguments: mri_convert -all-info  ProgramVersion: 7.3.2  TimeStamp: 2026/03/10-04:53:38-GMT  BuildTime: Aug  4 2022 06:17:15  BuildStamp: freesurfer-linux-ubuntu22_x86_64-7.3.2-20220804-6354275  User: oesteban  Machine: dna006  Platform: Linux  PlatformVersion: 5.14.0-427.37.1.el9_4.x86_64  CompilerName: GCC  CompilerVersion: 8.4.0
ProgramName: mri_diff  ProgramArguments: mri_diff -all-info  ProgramVersion: 7.3.2  TimeStamp: 2026/03/10-04:53:38-GMT  BuildTime: Aug  4 2022 06:17:15  BuildStamp: freesurfer-linux-ubuntu22_x86_64-7.3.2-20220804-6354275  User: oesteban  Machine: dna006  Platform: Linux  PlatformVersion: 5.14.0-427.37.1.el9_4.x86_64  CompilerName: GCC  CompilerVersion: 8.4.0
ProgramName: mri_edit_wm_with_aseg  ProgramArguments: mri_edit_wm_with_aseg -all-info  ProgramVersion: 7.3.2  TimeStamp: 2026/03/10-04:53:38-GMT  BuildTime: Aug  4 2022 06:17:15  BuildStamp: freesurfer-linux-ubuntu22_x86_64-7.3.2-20220804-6354275  User: oesteban  Machine: dna006  Platform: Linux  PlatformVersion: 5.14.0-427.37.1.el9_4.x86_64  CompilerName: GCC  CompilerVersion: 8.4.0
ProgramName: mri_em_register  ProgramArguments: mri_em_register -all-info  ProgramVersion: 7.3.2  TimeStamp: 2026/03/10-04:53:38-GMT  BuildTime: Aug  4 2022 06:17:15  BuildStamp: freesurfer-linux-ubuntu22_x86_64-7.3.2-20220804-6354275  User: oesteban  Machine: dna006  Platform: Linux  PlatformVersion: 5.14.0-427.37.1.el9_4.x86_64  CompilerName: GCC  CompilerVersion: 8.4.0
ProgramName: mri_fill  ProgramArguments: mri_fill -all-info  ProgramVersion: 7.3.2  TimeStamp: 2026/03/10-04:53:38-GMT  BuildTime: Aug  4 2022 06:17:15  BuildStamp: freesurfer-linux-ubuntu22_x86_64-7.3.2-20220804-6354275  User: oesteban  Machine: dna006  Platform: Linux  PlatformVersion: 5.14.0-427.37.1.el9_4.x86_64  CompilerName: GCC  CompilerVersion: 8.4.0
ProgramName: mri_fuse_segmentations  ProgramArguments: mri_fuse_segmentations -all-info  ProgramVersion: 7.3.2  TimeStamp: 2026/03/10-04:53:38-GMT  BuildTime: Aug  4 2022 06:17:15  BuildStamp: freesurfer-linux-ubuntu22_x86_64-7.3.2-20220804-6354275  User: oesteban  Machine: dna006  Platform: Linux  PlatformVersion: 5.14.0-427.37.1.el9_4.x86_64  CompilerName: GCC  CompilerVersion: 8.4.0
ProgramName: mri_fwhm  ProgramArguments: mri_fwhm -all-info  ProgramVersion: 7.3.2  TimeStamp: 2026/03/10-04:53:38-GMT  BuildTime: Aug  4 2022 06:17:15  BuildStamp: freesurfer-linux-ubuntu22_x86_64-7.3.2-20220804-6354275  User: oesteban  Machine: dna006  Platform: Linux  PlatformVersion: 5.14.0-427.37.1.el9_4.x86_64  CompilerName: GCC  CompilerVersion: 8.4.0
ProgramName: mri_gcut  ProgramArguments: mri_gcut -all-info  ProgramVersion: 7.3.2  TimeStamp: 2026/03/10-04:53:38-GMT  BuildTime: Aug  4 2022 06:17:15  BuildStamp: freesurfer-linux-ubuntu22_x86_64-7.3.2-20220804-6354275  User: oesteban  Machine: dna006  Platform: Linux  PlatformVersion: 5.14.0-427.37.1.el9_4.x86_64  CompilerName: GCC  CompilerVersion: 8.4.0
ProgramName: mri_info  ProgramArguments: mri_info -all-info  ProgramVersion: 7.3.2  TimeStamp: 2026/03/10-04:53:38-GMT  BuildTime: Aug  4 2022 06:17:15  BuildStamp: freesurfer-linux-ubuntu22_x86_64-7.3.2-20220804-6354275  User: oesteban  Machine: dna006  Platform: Linux  PlatformVersion: 5.14.0-427.37.1.el9_4.x86_64  CompilerName: GCC  CompilerVersion: 8.4.0
ProgramName: mri_label2label  ProgramArguments: mri_label2label -all-info  ProgramVersion: 7.3.2  TimeStamp: 2026/03/10-04:53:38-GMT  BuildTime: Aug  4 2022 06:17:15  BuildStamp: freesurfer-linux-ubuntu22_x86_64-7.3.2-20220804-6354275  User: oesteban  Machine: dna006  Platform: Linux  PlatformVersion: 5.14.0-427.37.1.el9_4.x86_64  CompilerName: GCC  CompilerVersion: 8.4.0
ProgramName: mri_label2vol  ProgramArguments: mri_label2vol -all-info  ProgramVersion: 7.3.2  TimeStamp: 2026/03/10-04:53:38-GMT  BuildTime: Aug  4 2022 06:17:15  BuildStamp: freesurfer-linux-ubuntu22_x86_64-7.3.2-20220804-6354275  User: oesteban  Machine: dna006  Platform: Linux  PlatformVersion: 5.14.0-427.37.1.el9_4.x86_64  CompilerName: GCC  CompilerVersion: 8.4.0
ProgramName: mri_log_likelihood  ProgramArguments: mri_log_likelihood -all-info  ProgramVersion: 7.3.2  TimeStamp: 2026/03/10-04:53:38-GMT  BuildTime: Aug  4 2022 06:17:15  BuildStamp: freesurfer-linux-ubuntu22_x86_64-7.3.2-20220804-6354275  User: oesteban  Machine: dna006  Platform: Linux  PlatformVersion: 5.14.0-427.37.1.el9_4.x86_64  CompilerName: GCC  CompilerVersion: 8.4.0
ProgramName: mri_mask  ProgramArguments: mri_mask -all-info  ProgramVersion: 7.3.2  TimeStamp: 2026/03/10-04:53:38-GMT  BuildTime: Aug  4 2022 06:17:15  BuildStamp: freesurfer-linux-ubuntu22_x86_64-7.3.2-20220804-6354275  User: oesteban  Machine: dna006  Platform: Linux  PlatformVersion: 5.14.0-427.37.1.el9_4.x86_64  CompilerName: GCC  CompilerVersion: 8.4.0
ProgramName: mri_matrix_multiply  ProgramArguments: mri_matrix_multiply -all-info  ProgramVersion: 7.3.2  TimeStamp: 2026/03/10-04:53:38-GMT  BuildTime: Aug  4 2022 06:17:15  BuildStamp: freesurfer-linux-ubuntu22_x86_64-7.3.2-20220804-6354275  User: oesteban  Machine: dna006  Platform: Linux  PlatformVersion: 5.14.0-427.37.1.el9_4.x86_64  CompilerName: GCC  CompilerVersion: 8.4.0
ProgramName: mri_normalize  ProgramArguments: mri_normalize -all-info  ProgramVersion: 7.3.2  TimeStamp: 2026/03/10-04:53:38-GMT  BuildTime: Aug  4 2022 06:17:15  BuildStamp: freesurfer-linux-ubuntu22_x86_64-7.3.2-20220804-6354275  User: oesteban  Machine: dna006  Platform: Linux  PlatformVersion: 5.14.0-427.37.1.el9_4.x86_64  CompilerName: GCC  CompilerVersion: 8.4.0
ProgramName: mri_normalize_tp2  ProgramArguments: mri_normalize_tp2 -all-info  ProgramVersion: 7.3.2  TimeStamp: 2026/03/10-04:53:38-GMT  BuildTime: Aug  4 2022 06:17:15  BuildStamp: freesurfer-linux-ubuntu22_x86_64-7.3.2-20220804-6354275  User: oesteban  Machine: dna006  Platform: Linux  PlatformVersion: 5.14.0-427.37.1.el9_4.x86_64  CompilerName: GCC  CompilerVersion: 8.4.0
ProgramName: mri_or  ProgramArguments: mri_or -all-info  ProgramVersion: 7.3.2  TimeStamp: 2026/03/10-04:53:38-GMT  BuildTime: Aug  4 2022 06:17:15  BuildStamp: freesurfer-linux-ubuntu22_x86_64-7.3.2-20220804-6354275  User: oesteban  Machine: dna006  Platform: Linux  PlatformVersion: 5.14.0-427.37.1.el9_4.x86_64  CompilerName: GCC  CompilerVersion: 8.4.0
ProgramName: mri_relabel_hypointensities  ProgramArguments: mri_relabel_hypointensities -all-info  ProgramVersion: 7.3.2  TimeStamp: 2026/03/10-04:53:38-GMT  BuildTime: Aug  4 2022 06:17:15  BuildStamp: freesurfer-linux-ubuntu22_x86_64-7.3.2-20220804-6354275  User: oesteban  Machine: dna006  Platform: Linux  PlatformVersion: 5.14.0-427.37.1.el9_4.x86_64  CompilerName: GCC  CompilerVersion: 8.4.0
ProgramName: mri_relabel_nonwm_hypos  ProgramArguments: mri_relabel_nonwm_hypos -all-info  ProgramVersion: 7.3.2  TimeStamp: 2026/03/10-04:53:38-GMT  BuildTime: Aug  4 2022 06:17:15  BuildStamp: freesurfer-linux-ubuntu22_x86_64-7.3.2-20220804-6354275  User: oesteban  Machine: dna006  Platform: Linux  PlatformVersion: 5.14.0-427.37.1.el9_4.x86_64  CompilerName: GCC  CompilerVersion: 8.4.0
ProgramName: mri_remove_neck  ProgramArguments: mri_remove_neck -all-info  ProgramVersion: 7.3.2  TimeStamp: 2026/03/10-04:53:38-GMT  BuildTime: Aug  4 2022 06:17:15  BuildStamp: freesurfer-linux-ubuntu22_x86_64-7.3.2-20220804-6354275  User: oesteban  Machine: dna006  Platform: Linux  PlatformVersion: 5.14.0-427.37.1.el9_4.x86_64  CompilerName: GCC  CompilerVersion: 8.4.0
7.3.2

ProgramName: mri_robust_register  ProgramArguments: mri_robust_register -all-info  ProgramVersion: 7.3.2  TimeStamp: 2026/03/10-04:53:38-GMT  BuildTime: Aug  4 2022 06:17:15  BuildStamp: freesurfer-linux-ubuntu22_x86_64-7.3.2-20220804-6354275  User: oesteban  Machine: dna006  Platform: Linux  PlatformVersion: 5.14.0-427.37.1.el9_4.x86_64  CompilerName: GCC  CompilerVersion: 8.4.0
7.3.2

ProgramName: mri_robust_template  ProgramArguments: mri_robust_template -all-info  ProgramVersion: 7.3.2  TimeStamp: 2026/03/10-04:53:38-GMT  BuildTime: Aug  4 2022 06:17:15  BuildStamp: freesurfer-linux-ubuntu22_x86_64-7.3.2-20220804-6354275  User: oesteban  Machine: dna006  Platform: Linux  PlatformVersion: 5.14.0-427.37.1.el9_4.x86_64  CompilerName: GCC  CompilerVersion: 8.4.0
ProgramName: mris_anatomical_stats  ProgramArguments: mris_anatomical_stats -all-info  ProgramVersion: 7.3.2  TimeStamp: 2026/03/10-04:53:38-GMT  BuildTime: Aug  4 2022 06:17:15  BuildStamp: freesurfer-linux-ubuntu22_x86_64-7.3.2-20220804-6354275  User: oesteban  Machine: dna006  Platform: Linux  PlatformVersion: 5.14.0-427.37.1.el9_4.x86_64  CompilerName: GCC  CompilerVersion: 8.4.0
ProgramName: mris_ca_label  ProgramArguments: mris_ca_label -all-info  ProgramVersion: 7.3.2  TimeStamp: 2026/03/10-04:53:38-GMT  BuildTime: Aug  4 2022 06:17:15  BuildStamp: freesurfer-linux-ubuntu22_x86_64-7.3.2-20220804-6354275  User: oesteban  Machine: dna006  Platform: Linux  PlatformVersion: 5.14.0-427.37.1.el9_4.x86_64  CompilerName: GCC  CompilerVersion: 8.4.0
ProgramName: mris_calc  ProgramArguments: mris_calc -all-info  ProgramVersion: 7.3.2  TimeStamp: 2026/03/10-04:53:38-GMT  BuildTime: Aug  4 2022 06:17:15  BuildStamp: freesurfer-linux-ubuntu22_x86_64-7.3.2-20220804-6354275  User: oesteban  Machine: dna006  Platform: Linux  PlatformVersion: 5.14.0-427.37.1.el9_4.x86_64  CompilerName: GCC  CompilerVersion: 8.4.0
ProgramName: mris_convert  ProgramArguments: mris_convert -all-info  ProgramVersion: 7.3.2  TimeStamp: 2026/03/10-04:53:38-GMT  BuildTime: Aug  4 2022 06:17:15  BuildStamp: freesurfer-linux-ubuntu22_x86_64-7.3.2-20220804-6354275  User: oesteban  Machine: dna006  Platform: Linux  PlatformVersion: 5.14.0-427.37.1.el9_4.x86_64  CompilerName: GCC  CompilerVersion: 8.4.0
ProgramName: mris_curvature  ProgramArguments: mris_curvature -all-info  ProgramVersion: 7.3.2  TimeStamp: 2026/03/10-04:53:38-GMT  BuildTime: Aug  4 2022 06:17:15  BuildStamp: freesurfer-linux-ubuntu22_x86_64-7.3.2-20220804-6354275  User: oesteban  Machine: dna006  Platform: Linux  PlatformVersion: 5.14.0-427.37.1.el9_4.x86_64  CompilerName: GCC  CompilerVersion: 8.4.0
ProgramName: mris_curvature_stats  ProgramArguments: mris_curvature_stats -all-info  ProgramVersion: 7.3.2  TimeStamp: 2026/03/10-04:53:38-GMT  BuildTime: Aug  4 2022 06:17:15  BuildStamp: freesurfer-linux-ubuntu22_x86_64-7.3.2-20220804-6354275  User: oesteban  Machine: dna006  Platform: Linux  PlatformVersion: 5.14.0-427.37.1.el9_4.x86_64  CompilerName: GCC  CompilerVersion: 8.4.0
ProgramName: mris_diff  ProgramArguments: mris_diff -all-info  ProgramVersion: 7.3.2  TimeStamp: 2026/03/10-04:53:38-GMT  BuildTime: Aug  4 2022 06:17:15  BuildStamp: freesurfer-linux-ubuntu22_x86_64-7.3.2-20220804-6354275  User: oesteban  Machine: dna006  Platform: Linux  PlatformVersion: 5.14.0-427.37.1.el9_4.x86_64  CompilerName: GCC  CompilerVersion: 8.4.0
ProgramName: mris_divide_parcellation  ProgramArguments: mris_divide_parcellation -all-info  ProgramVersion: 7.3.2  TimeStamp: 2026/03/10-04:53:38-GMT  BuildTime: Aug  4 2022 06:17:15  BuildStamp: freesurfer-linux-ubuntu22_x86_64-7.3.2-20220804-6354275  User: oesteban  Machine: dna006  Platform: Linux  PlatformVersion: 5.14.0-427.37.1.el9_4.x86_64  CompilerName: GCC  CompilerVersion: 8.4.0
ProgramName: mri_segment  ProgramArguments: mri_segment -all-info  ProgramVersion: 7.3.2  TimeStamp: 2026/03/10-04:53:38-GMT  BuildTime: Aug  4 2022 06:17:15  BuildStamp: freesurfer-linux-ubuntu22_x86_64-7.3.2-20220804-6354275  User: oesteban  Machine: dna006  Platform: Linux  PlatformVersion: 5.14.0-427.37.1.el9_4.x86_64  CompilerName: GCC  CompilerVersion: 8.4.0
ProgramName: mri_segstats  ProgramArguments: mri_segstats -all-info  ProgramVersion: 7.3.2  TimeStamp: 2026/03/10-04:53:38-GMT  BuildTime: Aug  4 2022 06:17:15  BuildStamp: freesurfer-linux-ubuntu22_x86_64-7.3.2-20220804-6354275  User: oesteban  Machine: dna006  Platform: Linux  PlatformVersion: 5.14.0-427.37.1.el9_4.x86_64  CompilerName: GCC  CompilerVersion: 8.4.0
ProgramName: mris_euler_number  ProgramArguments: mris_euler_number -all-info  ProgramVersion: 7.3.2  TimeStamp: 2026/03/10-04:53:38-GMT  BuildTime: Aug  4 2022 06:17:15  BuildStamp: freesurfer-linux-ubuntu22_x86_64-7.3.2-20220804-6354275  User: oesteban  Machine: dna006  Platform: Linux  PlatformVersion: 5.14.0-427.37.1.el9_4.x86_64  CompilerName: GCC  CompilerVersion: 8.4.0
ProgramName: mris_fix_topology  ProgramArguments: mris_fix_topology -all-info  ProgramVersion: 7.3.2  TimeStamp: 2026/03/10-04:53:38-GMT  BuildTime: Aug  4 2022 06:17:15  BuildStamp: freesurfer-linux-ubuntu22_x86_64-7.3.2-20220804-6354275  User: oesteban  Machine: dna006  Platform: Linux  PlatformVersion: 5.14.0-427.37.1.el9_4.x86_64  CompilerName: GCC  CompilerVersion: 8.4.0
ProgramName: mris_topo_fixer  ProgramArguments: mris_topo_fixer -all-info  ProgramVersion: 7.3.2  TimeStamp: 2026/03/10-04:53:38-GMT  BuildTime: Aug  4 2022 06:17:15  BuildStamp: freesurfer-linux-ubuntu22_x86_64-7.3.2-20220804-6354275  User: oesteban  Machine: dna006  Platform: Linux  PlatformVersion: 5.14.0-427.37.1.el9_4.x86_64  CompilerName: GCC  CompilerVersion: 8.4.0
ProgramName: mris_jacobian  ProgramArguments: mris_jacobian -all-info  ProgramVersion: 7.3.2  TimeStamp: 2026/03/10-04:53:38-GMT  BuildTime: Aug  4 2022 06:17:15  BuildStamp: freesurfer-linux-ubuntu22_x86_64-7.3.2-20220804-6354275  User: oesteban  Machine: dna006  Platform: Linux  PlatformVersion: 5.14.0-427.37.1.el9_4.x86_64  CompilerName: GCC  CompilerVersion: 8.4.0
ProgramName: mris_label2annot  ProgramArguments: mris_label2annot -all-info  ProgramVersion: 7.3.2  TimeStamp: 2026/03/10-04:53:38-GMT  BuildTime: Aug  4 2022 06:17:15  BuildStamp: freesurfer-linux-ubuntu22_x86_64-7.3.2-20220804-6354275  User: oesteban  Machine: dna006  Platform: Linux  PlatformVersion: 5.14.0-427.37.1.el9_4.x86_64  CompilerName: GCC  CompilerVersion: 8.4.0
ProgramName: mris_left_right_register  ProgramArguments: mris_left_right_register -all-info  ProgramVersion: 7.3.2  TimeStamp: 2026/03/10-04:53:38-GMT  BuildTime: Aug  4 2022 06:17:15  BuildStamp: freesurfer-linux-ubuntu22_x86_64-7.3.2-20220804-6354275  User: oesteban  Machine: dna006  Platform: Linux  PlatformVersion: 5.14.0-427.37.1.el9_4.x86_64  CompilerName: GCC  CompilerVersion: 8.4.0
ProgramName: mris_place_surface  ProgramArguments: mris_place_surface -all-info  ProgramVersion: 7.3.2  TimeStamp: 2026/03/10-04:53:38-GMT  BuildTime: Aug  4 2022 06:17:15  BuildStamp: freesurfer-linux-ubuntu22_x86_64-7.3.2-20220804-6354275  User: oesteban  Machine: dna006  Platform: Linux  PlatformVersion: 5.14.0-427.37.1.el9_4.x86_64  CompilerName: GCC  CompilerVersion: 8.4.0
ProgramName: mrisp_paint  ProgramArguments: mrisp_paint -all-info  ProgramVersion: 7.3.2  TimeStamp: 2026/03/10-04:53:38-GMT  BuildTime: Aug  4 2022 06:17:15  BuildStamp: freesurfer-linux-ubuntu22_x86_64-7.3.2-20220804-6354275  User: oesteban  Machine: dna006  Platform: Linux  PlatformVersion: 5.14.0-427.37.1.el9_4.x86_64  CompilerName: GCC  CompilerVersion: 8.4.0
ProgramName: mris_register  ProgramArguments: mris_register -all-info  ProgramVersion: 7.3.2  TimeStamp: 2026/03/10-04:53:38-GMT  BuildTime: Aug  4 2022 06:17:15  BuildStamp: freesurfer-linux-ubuntu22_x86_64-7.3.2-20220804-6354275  User: oesteban  Machine: dna006  Platform: Linux  PlatformVersion: 5.14.0-427.37.1.el9_4.x86_64  CompilerName: GCC  CompilerVersion: 8.4.0
ProgramName: mris_smooth  ProgramArguments: mris_smooth -all-info  ProgramVersion: 7.3.2  TimeStamp: 2026/03/10-04:53:38-GMT  BuildTime: Aug  4 2022 06:17:15  BuildStamp: freesurfer-linux-ubuntu22_x86_64-7.3.2-20220804-6354275  User: oesteban  Machine: dna006  Platform: Linux  PlatformVersion: 5.14.0-427.37.1.el9_4.x86_64  CompilerName: GCC  CompilerVersion: 8.4.0
ProgramName: mris_sphere  ProgramArguments: mris_sphere -all-info  ProgramVersion: 7.3.2  TimeStamp: 2026/03/10-04:53:38-GMT  BuildTime: Aug  4 2022 06:17:15  BuildStamp: freesurfer-linux-ubuntu22_x86_64-7.3.2-20220804-6354275  User: oesteban  Machine: dna006  Platform: Linux  PlatformVersion: 5.14.0-427.37.1.el9_4.x86_64  CompilerName: GCC  CompilerVersion: 8.4.0
ProgramName: mris_surface_stats  ProgramArguments: mris_surface_stats -all-info  ProgramVersion: 7.3.2  TimeStamp: 2026/03/10-04:53:38-GMT  BuildTime: Aug  4 2022 06:17:15  BuildStamp: freesurfer-linux-ubuntu22_x86_64-7.3.2-20220804-6354275  User: oesteban  Machine: dna006  Platform: Linux  PlatformVersion: 5.14.0-427.37.1.el9_4.x86_64  CompilerName: GCC  CompilerVersion: 8.4.0
ProgramName: mri_stats2seg  ProgramArguments: mri_stats2seg -all-info  ProgramVersion: 7.3.2  TimeStamp: 2026/03/10-04:53:38-GMT  BuildTime: Aug  4 2022 06:17:15  BuildStamp: freesurfer-linux-ubuntu22_x86_64-7.3.2-20220804-6354275  User: oesteban  Machine: dna006  Platform: Linux  PlatformVersion: 5.14.0-427.37.1.el9_4.x86_64  CompilerName: GCC  CompilerVersion: 8.4.0
ProgramName: mris_thickness  ProgramArguments: mris_thickness -all-info  ProgramVersion: 7.3.2  TimeStamp: 2026/03/10-04:53:38-GMT  BuildTime: Aug  4 2022 06:17:15  BuildStamp: freesurfer-linux-ubuntu22_x86_64-7.3.2-20220804-6354275  User: oesteban  Machine: dna006  Platform: Linux  PlatformVersion: 5.14.0-427.37.1.el9_4.x86_64  CompilerName: GCC  CompilerVersion: 8.4.0
ProgramName: mris_thickness_diff  ProgramArguments: mris_thickness_diff -all-info  ProgramVersion: 7.3.2  TimeStamp: 2026/03/10-04:53:38-GMT  BuildTime: Aug  4 2022 06:17:15  BuildStamp: freesurfer-linux-ubuntu22_x86_64-7.3.2-20220804-6354275  User: oesteban  Machine: dna006  Platform: Linux  PlatformVersion: 5.14.0-427.37.1.el9_4.x86_64  CompilerName: GCC  CompilerVersion: 8.4.0
ProgramName: mris_topo_fixer  ProgramArguments: mris_topo_fixer -all-info  ProgramVersion: 7.3.2  TimeStamp: 2026/03/10-04:53:38-GMT  BuildTime: Aug  4 2022 06:17:15  BuildStamp: freesurfer-linux-ubuntu22_x86_64-7.3.2-20220804-6354275  User: oesteban  Machine: dna006  Platform: Linux  PlatformVersion: 5.14.0-427.37.1.el9_4.x86_64  CompilerName: GCC  CompilerVersion: 8.4.0
ProgramName: mri_surf2surf  ProgramArguments: mri_surf2surf -all-info  ProgramVersion: 7.3.2  TimeStamp: 2026/03/10-04:53:38-GMT  BuildTime: Aug  4 2022 06:17:15  BuildStamp: freesurfer-linux-ubuntu22_x86_64-7.3.2-20220804-6354275  User: oesteban  Machine: dna006  Platform: Linux  PlatformVersion: 5.14.0-427.37.1.el9_4.x86_64  CompilerName: GCC  CompilerVersion: 8.4.0
ProgramName: mri_surf2vol  ProgramArguments: mri_surf2vol -all-info  ProgramVersion: 7.3.2  TimeStamp: 2026/03/10-04:53:38-GMT  BuildTime: Aug  4 2022 06:17:15  BuildStamp: freesurfer-linux-ubuntu22_x86_64-7.3.2-20220804-6354275  User: oesteban  Machine: dna006  Platform: Linux  PlatformVersion: 5.14.0-427.37.1.el9_4.x86_64  CompilerName: GCC  CompilerVersion: 8.4.0
ProgramName: mri_surfcluster  ProgramArguments: mri_surfcluster -all-info  ProgramVersion: 7.3.2  TimeStamp: 2026/03/10-04:53:38-GMT  BuildTime: Aug  4 2022 06:17:15  BuildStamp: freesurfer-linux-ubuntu22_x86_64-7.3.2-20220804-6354275  User: oesteban  Machine: dna006  Platform: Linux  PlatformVersion: 5.14.0-427.37.1.el9_4.x86_64  CompilerName: GCC  CompilerVersion: 8.4.0
ProgramName: mris_volmask  ProgramArguments: mris_volmask -all-info  ProgramVersion: 7.3.2  TimeStamp: 2026/03/10-04:53:38-GMT  BuildTime: Aug  4 2022 06:17:15  BuildStamp: freesurfer-linux-ubuntu22_x86_64-7.3.2-20220804-6354275  User: oesteban  Machine: dna006  Platform: Linux  PlatformVersion: 5.14.0-427.37.1.el9_4.x86_64  CompilerName: GCC  CompilerVersion: 8.4.0
ProgramName: mri_tessellate  ProgramArguments: mri_tessellate -all-info  ProgramVersion: 7.3.2  TimeStamp: 2026/03/10-04:53:38-GMT  BuildTime: Aug  4 2022 06:17:15  BuildStamp: freesurfer-linux-ubuntu22_x86_64-7.3.2-20220804-6354275  User: oesteban  Machine: dna006  Platform: Linux  PlatformVersion: 5.14.0-427.37.1.el9_4.x86_64  CompilerName: GCC  CompilerVersion: 8.4.0
ProgramName: mri_vol2surf  ProgramArguments: mri_vol2surf -all-info  ProgramVersion: 7.3.2  TimeStamp: 2026/03/10-04:53:38-GMT  BuildTime: Aug  4 2022 06:17:15  BuildStamp: freesurfer-linux-ubuntu22_x86_64-7.3.2-20220804-6354275  User: oesteban  Machine: dna006  Platform: Linux  PlatformVersion: 5.14.0-427.37.1.el9_4.x86_64  CompilerName: GCC  CompilerVersion: 8.4.0
ProgramName: mri_vol2vol  ProgramArguments: mri_vol2vol -all-info  ProgramVersion: 7.3.2  TimeStamp: 2026/03/10-04:53:38-GMT  BuildTime: Aug  4 2022 06:17:15  BuildStamp: freesurfer-linux-ubuntu22_x86_64-7.3.2-20220804-6354275  User: oesteban  Machine: dna006  Platform: Linux  PlatformVersion: 5.14.0-427.37.1.el9_4.x86_64  CompilerName: GCC  CompilerVersion: 8.4.0
ProgramName: mri_voldiff  ProgramArguments: mri_voldiff -all-info  ProgramVersion: 7.3.2  TimeStamp: 2026/03/10-04:53:38-GMT  BuildTime: Aug  4 2022 06:17:15  BuildStamp: freesurfer-linux-ubuntu22_x86_64-7.3.2-20220804-6354275  User: oesteban  Machine: dna006  Platform: Linux  PlatformVersion: 5.14.0-427.37.1.el9_4.x86_64  CompilerName: GCC  CompilerVersion: 8.4.0
ProgramName: mri_watershed  ProgramArguments: mri_watershed -all-info  ProgramVersion: 7.3.2  TimeStamp: 2026/03/10-04:53:38-GMT  BuildTime: Aug  4 2022 06:17:15  BuildStamp: freesurfer-linux-ubuntu22_x86_64-7.3.2-20220804-6354275  User: oesteban  Machine: dna006  Platform: Linux  PlatformVersion: 5.14.0-427.37.1.el9_4.x86_64  CompilerName: GCC  CompilerVersion: 8.4.0
ProgramName: tkregister2  ProgramArguments: tkregister2_cmdl -all-info  ProgramVersion: 7.3.2  TimeStamp: 2026/03/10-04:53:38-GMT  BuildTime: Aug  4 2022 06:17:15  BuildStamp: freesurfer-linux-ubuntu22_x86_64-7.3.2-20220804-6354275  User: oesteban  Machine: dna006  Platform: Linux  PlatformVersion: 5.14.0-427.37.1.el9_4.x86_64  CompilerName: GCC  CompilerVersion: 8.4.0
mri_motion_correct.fsl 7.3.2
mri_convert -all-info 
ProgramName: mri_convert  ProgramArguments: mri_convert -all-info  ProgramVersion: 7.3.2  TimeStamp: 2026/03/10-04:53:38-GMT  BuildTime: Aug  4 2022 06:17:15  BuildStamp: freesurfer-linux-ubuntu22_x86_64-7.3.2-20220804-6354275  User: oesteban  Machine: dna006  Platform: Linux  PlatformVersion: 5.14.0-427.37.1.el9_4.x86_64  CompilerName: GCC  CompilerVersion: 8.4.0
Program nu_correct, built from:
Package MNI N3, version 1.12.0, compiled by nicks@terrier (x86_64-unknown-linux-gnu) on 2015-06-19 at 01:25:34
#######################################
GCADIR /opt/freesurfer/average
GCA RB_all_2020-01-02.gca
GCASkull RB_all_withskull_2020_01_02.gca
AvgCurvTif folding.atlas.acfb40.noaparc.i12.2016-08-02.tif
GCSDIR /opt/freesurfer/average
GCS DKaparc.atlas.acfb40.noaparc.i12.2016-08-02.gcs
#######################################
#-------------------------------------
#@# EM Registration Tue Mar 10 05:53:38 CET 2026
/out/sourcedata/freesurfer/sub-v1s6x0051363_ses-1/mri

 mri_em_register -uns 3 -mask brainmask.mgz nu.mgz /opt/freesurfer/average/RB_all_2020-01-02.gca transforms/talairach.lta 

setting unknown_nbr_spacing = 3
using MR volume brainmask.mgz to mask input volume...

== Number of threads available to mri_em_register for OpenMP = 16 == 
reading 1 input volumes...
logging results to talairach.log
reading '/opt/freesurfer/average/RB_all_2020-01-02.gca'...
GCAread took 0 minutes and 1 seconds.
average std = 7.2   using min determinant for regularization = 5.2
0 singular and 884 ill-conditioned covariance matrices regularized
reading 'nu.mgz'...
MRImask(): AllowDiffGeom = 1
MRImask(): AllowDiffGeom = 1
MRImask(): AllowDiffGeom = 1
MRImask(): AllowDiffGeom = 1
MRImask(): AllowDiffGeom = 1
freeing gibbs priors...done.
accounting for voxel sizes in initial transform
bounding unknown intensity as < 5.9 or > 519.0 
total sample mean = 79.1 (1017 zeros)
************************************************
spacing=8, using 2841 sample points, tol=1.00e-05...
************************************************
register_mri: find_optimal_transform
find_optimal_transform: nsamples 2841, passno 0, spacing 8
resetting wm mean[0]: 98 --> 107
resetting gm mean[0]: 61 --> 61
input volume #1 is the most T1-like
using real data threshold=25.0
skull bounding box = (67, 40, 36) --> (194, 148, 196)
finding center of left hemi white matter
using (109, 76, 116) as brain centroid of Right_Cerebral_White_Matter...
MRImask(): AllowDiffGeom = 1
mean wm in atlas = 107, using box (93,63,96) --> (124, 89,135) to find MRI wm
before smoothing, mri peak at 107
robust fit to distribution - 107 +- 4.4
after smoothing, mri peak at 108, scaling input intensities by 0.991
scaling channel 0 by 0.990741
initial log_p = -4.497
************************************************
First Search limited to translation only.
************************************************
max log p =    -4.025815 @ (-10.526, 31.579, -10.526)
max log p =    -3.905335 @ (5.263, -5.263, 5.263)
max log p =    -3.863033 @ (2.632, -2.632, 2.632)
max log p =    -3.843456 @ (-1.316, -1.316, 1.316)
max log p =    -3.819527 @ (-0.658, -0.658, -1.974)
max log p =    -3.817591 @ (0.329, 0.329, 0.329)
max log p =    -3.817591 @ (0.000, 0.000, 0.000)
max log p =    -3.817591 @ (0.000, 0.000, 0.000)
Found translation: (-4.3, 22.0, -3.0): log p = -3.818
****************************************
Nine parameter search.  iteration 0 nscales = 0 ...
****************************************
Result so far: scale 1.000: max_log_p=-3.455, old_max_log_p =-3.818 (thresh=-3.8)
 1.14016   0.00000   0.13053  -36.79509;
 0.00000   1.15000   0.00000   14.95185;
-0.16136   0.00000   1.06580   11.05882;
 0.00000   0.00000   0.00000   1.00000;
iteration took 0 minutes and 18 seconds.
****************************************
Nine parameter search.  iteration 1 nscales = 0 ...
****************************************
Result so far: scale 1.000: max_log_p=-3.455, old_max_log_p =-3.455 (thresh=-3.5)
 1.14016   0.00000   0.13053  -36.79509;
 0.00000   1.15000   0.00000   14.95185;
-0.16136   0.00000   1.06580   11.05882;
 0.00000   0.00000   0.00000   1.00000;
reducing scale to 0.2500
iteration took 0 minutes and 12 seconds.
****************************************
Nine parameter search.  iteration 2 nscales = 1 ...
****************************************
Result so far: scale 0.250: max_log_p=-3.240, old_max_log_p =-3.455 (thresh=-3.5)
 1.12156   0.04336   0.09639  -34.84066;
-0.04417   1.19163   0.03420   11.51317;
-0.12253  -0.03619   1.06909   6.90260;
 0.00000   0.00000   0.00000   1.00000;
iteration took 0 minutes and 11 seconds.
****************************************
Nine parameter search.  iteration 3 nscales = 1 ...
****************************************
Result so far: scale 0.250: max_log_p=-3.240, old_max_log_p =-3.240 (thresh=-3.2)
 1.12156   0.04336   0.09639  -34.84066;
-0.04417   1.19163   0.03420   11.51317;
-0.12253  -0.03619   1.06909   6.90260;
 0.00000   0.00000   0.00000   1.00000;
reducing scale to 0.0625
iteration took 0 minutes and 11 seconds.
****************************************
Nine parameter search.  iteration 4 nscales = 2 ...
****************************************
Result so far: scale 0.062: max_log_p=-3.206, old_max_log_p =-3.240 (thresh=-3.2)
 1.11760   0.04330   0.09619  -33.82687;
-0.04519   1.19409   0.04303   10.43078;
-0.12231  -0.04597   1.06876   7.81127;
 0.00000   0.00000   0.00000   1.00000;
iteration took 0 minutes and 11 seconds.
****************************************
Nine parameter search.  iteration 5 nscales = 2 ...
****************************************
Result so far: scale 0.062: max_log_p=-3.206, old_max_log_p =-3.206 (thresh=-3.2)
 1.11760   0.04330   0.09619  -33.82687;
-0.04519   1.19409   0.04303   10.43078;
-0.12231  -0.04597   1.06876   7.81127;
 0.00000   0.00000   0.00000   1.00000;
min search scale 0.025000 reached
***********************************************
Computing MAP estimate using 2841 samples...
***********************************************
dt = 5.00e-06, momentum=0.80, tol=1.00e-05
l_intensity = 1.0000
Aligning input volume to GCA...
Transform matrix
 1.11760   0.04330   0.09619  -33.82687;
-0.04519   1.19409   0.04303   10.43078;
-0.12231  -0.04597   1.06876   7.81127;
 0.00000   0.00000   0.00000   1.00000;
nsamples 2841
Quasinewton: input matrix
 1.11760   0.04330   0.09619  -33.82687;
-0.04519   1.19409   0.04303   10.43078;
-0.12231  -0.04597   1.06876   7.81127;
 0.00000   0.00000   0.00000   1.00000;
 IFLAG= -1  LINE SEARCH FAILED. SEE DOCUMENTATION OF ROUTINE MCSRCH ERROR RETURN OF LINE SEARCH: INFO= 3 POSSIBLE CAUSES: FUNCTION OR GRADIENT ARE INCORRECT OR INCORRECT TOLERANCESoutof QuasiNewtonEMA: 008: -log(p) =   -0.0  tol 0.000010
Resulting transform:
 1.11760   0.04330   0.09619  -33.82687;
-0.04519   1.19409   0.04303   10.43078;
-0.12231  -0.04597   1.06876   7.81127;
 0.00000   0.00000   0.00000   1.00000;

pass 1, spacing 8: log(p) = -3.206 (old=-4.497)
transform before final EM align:
 1.11760   0.04330   0.09619  -33.82687;
-0.04519   1.19409   0.04303   10.43078;
-0.12231  -0.04597   1.06876   7.81127;
 0.00000   0.00000   0.00000   1.00000;

**************************************************
 EM alignment process ...
 Computing final MAP estimate using 315638 samples. 
**************************************************
dt = 5.00e-06, momentum=0.80, tol=1.00e-07
l_intensity = 1.0000
Aligning input volume to GCA...
Transform matrix
 1.11760   0.04330   0.09619  -33.82687;
-0.04519   1.19409   0.04303   10.43078;
-0.12231  -0.04597   1.06876   7.81127;
 0.00000   0.00000   0.00000   1.00000;
nsamples 315638
Quasinewton: input matrix
 1.11760   0.04330   0.09619  -33.82687;
-0.04519   1.19409   0.04303   10.43078;
-0.12231  -0.04597   1.06876   7.81127;
 0.00000   0.00000   0.00000   1.00000;
 IFLAG= -1  LINE SEARCH FAILED. SEE DOCUMENTATION OF ROUTINE MCSRCH ERROR RETURN OF LINE SEARCH: INFO= 6 POSSIBLE CAUSES: FUNCTION OR GRADIENT ARE INCORRECT OR INCORRECT TOLERANCESoutof QuasiNewtonEMA: 010: -log(p) =    3.8  tol 0.000000
final transform:
 1.11760   0.04330   0.09619  -33.82687;
-0.04519   1.19409   0.04303   10.43078;
-0.12231  -0.04597   1.06876   7.81127;
 0.00000   0.00000   0.00000   1.00000;

writing output transformation to transforms/talairach.lta...
#VMPC# mri_em_register VmPeak  891284
FSRUNTIME@ mri_em_register  0.0301 hours 16 threads
registration took 1 minutes and 48 seconds.

Started at Tue Mar 10 05:53:38 CET 2026 
Ended   at Tue Mar 10 05:55:27 CET 2026
#@#%# recon-all-run-time-hours 0.030
recon-all -s sub-v1s6x0051363_ses-1 finished without error at Tue Mar 10 05:55:27 CET 2026



#New# invocation of recon-all 




Tue Mar 10 05:55:30 CET 2026
cd /out/sourcedata/freesurfer/sub-v1s6x0051363_ses-1
setenv SUBJECTS_DIR /out/sourcedata/freesurfer
/opt/freesurfer/bin/recon-all -autorecon2-volonly -openmp 16 -subjid sub-v1s6x0051363_ses-1 -sd /out/sourcedata/freesurfer -nogcareg

subjid sub-v1s6x0051363_ses-1
setenv SUBJECTS_DIR /out/sourcedata/freesurfer
FREESURFER_HOME /opt/freesurfer
Actual FREESURFER_HOME /opt/freesurfer
build-stamp.txt: freesurfer-linux-ubuntu22_x86_64-7.3.2-20220804-6354275
Linux dna006 5.14.0-427.37.1.el9_4.x86_64 #1 SMP PREEMPT_DYNAMIC Fri Sep 13 12:41:50 EDT 2024 x86_64 x86_64 x86_64 GNU/Linux
cputime      unlimited
filesize     unlimited
datasize     unlimited
stacksize    8192 kbytes
coredumpsize 0 kbytes
memoryuse    67108864 kbytes
vmemoryuse   unlimited
descriptors  1024 
memorylocked unlimited
maxproc      2061970 
maxlocks     unlimited
maxsignal    2061970 
maxmessage   819200 
maxnice      0 
maxrtprio    0 
maxrttime    unlimited

               total        used        free      shared  buff/cache   available
Mem:           503Gi        46Gi       402Gi       9.8Gi        54Gi       444Gi
Swap:             0B          0B          0B

########################################
program versions used
7.3.2 (freesurfer-linux-ubuntu22_x86_64-7.3.2-20220804-6354275)
7.3.2

ProgramName: lta_convert  ProgramArguments: lta_convert -all-info  ProgramVersion: 7.3.2  TimeStamp: 2026/03/10-04:55:30-GMT  BuildTime: Aug  4 2022 06:17:15  BuildStamp: freesurfer-linux-ubuntu22_x86_64-7.3.2-20220804-6354275  User: oesteban  Machine: dna006  Platform: Linux  PlatformVersion: 5.14.0-427.37.1.el9_4.x86_64  CompilerName: GCC  CompilerVersion: 8.4.0
ProgramName: mri_and  ProgramArguments: mri_and -all-info  ProgramVersion: 7.3.2  TimeStamp: 2026/03/10-04:55:30-GMT  BuildTime: Aug  4 2022 06:17:15  BuildStamp: freesurfer-linux-ubuntu22_x86_64-7.3.2-20220804-6354275  User: oesteban  Machine: dna006  Platform: Linux  PlatformVersion: 5.14.0-427.37.1.el9_4.x86_64  CompilerName: GCC  CompilerVersion: 8.4.0
ProgramName: mri_annotation2label  ProgramArguments: mri_annotation2label -all-info  ProgramVersion: 7.3.2  TimeStamp: 2026/03/10-04:55:30-GMT  BuildTime: Aug  4 2022 06:17:15  BuildStamp: freesurfer-linux-ubuntu22_x86_64-7.3.2-20220804-6354275  User: oesteban  Machine: dna006  Platform: Linux  PlatformVersion: 5.14.0-427.37.1.el9_4.x86_64  CompilerName: GCC  CompilerVersion: 8.4.0
ProgramName: mri_aparc2aseg  ProgramArguments: mri_aparc2aseg -all-info  ProgramVersion: 7.3.2  TimeStamp: 2026/03/10-04:55:30-GMT  BuildTime: Aug  4 2022 06:17:15  BuildStamp: freesurfer-linux-ubuntu22_x86_64-7.3.2-20220804-6354275  User: oesteban  Machine: dna006  Platform: Linux  PlatformVersion: 5.14.0-427.37.1.el9_4.x86_64  CompilerName: GCC  CompilerVersion: 8.4.0
ProgramName: mri_surf2volseg  ProgramArguments: mri_surf2volseg -all-info  ProgramVersion: 7.3.2  TimeStamp: 2026/03/10-04:55:30-GMT  BuildTime: Aug  4 2022 06:17:15  BuildStamp: freesurfer-linux-ubuntu22_x86_64-7.3.2-20220804-6354275  User: oesteban  Machine: dna006  Platform: Linux  PlatformVersion: 5.14.0-427.37.1.el9_4.x86_64  CompilerName: GCC  CompilerVersion: 8.4.0
ProgramName: mri_binarize  ProgramArguments: mri_binarize -all-info  ProgramVersion: 7.3.2  TimeStamp: 2026/03/10-04:55:30-GMT  BuildTime: Aug  4 2022 06:17:15  BuildStamp: freesurfer-linux-ubuntu22_x86_64-7.3.2-20220804-6354275  User: oesteban  Machine: dna006  Platform: Linux  PlatformVersion: 5.14.0-427.37.1.el9_4.x86_64  CompilerName: GCC  CompilerVersion: 8.4.0
ProgramName: mri_ca_label  ProgramArguments: mri_ca_label -all-info  ProgramVersion: 7.3.2  TimeStamp: 2026/03/10-04:55:30-GMT  BuildTime: Aug  4 2022 06:17:15  BuildStamp: freesurfer-linux-ubuntu22_x86_64-7.3.2-20220804-6354275  User: oesteban  Machine: dna006  Platform: Linux  PlatformVersion: 5.14.0-427.37.1.el9_4.x86_64  CompilerName: GCC  CompilerVersion: 8.4.0
ProgramName: mri_ca_normalize  ProgramArguments: mri_ca_normalize -all-info  ProgramVersion: 7.3.2  TimeStamp: 2026/03/10-04:55:30-GMT  BuildTime: Aug  4 2022 06:17:15  BuildStamp: freesurfer-linux-ubuntu22_x86_64-7.3.2-20220804-6354275  User: oesteban  Machine: dna006  Platform: Linux  PlatformVersion: 5.14.0-427.37.1.el9_4.x86_64  CompilerName: GCC  CompilerVersion: 8.4.0
ProgramName: mri_ca_register  ProgramArguments: mri_ca_register -all-info  ProgramVersion: 7.3.2  TimeStamp: 2026/03/10-04:55:30-GMT  BuildTime: Aug  4 2022 06:17:15  BuildStamp: freesurfer-linux-ubuntu22_x86_64-7.3.2-20220804-6354275  User: oesteban  Machine: dna006  Platform: Linux  PlatformVersion: 5.14.0-427.37.1.el9_4.x86_64  CompilerName: GCC  CompilerVersion: 8.4.0
ProgramName: mri_cc  ProgramArguments: mri_cc -all-info  ProgramVersion: 7.3.2  TimeStamp: 2026/03/10-04:55:30-GMT  BuildTime: Aug  4 2022 06:17:15  BuildStamp: freesurfer-linux-ubuntu22_x86_64-7.3.2-20220804-6354275  User: oesteban  Machine: dna006  Platform: Linux  PlatformVersion: 5.14.0-427.37.1.el9_4.x86_64  CompilerName: GCC  CompilerVersion: 8.4.0
ProgramName: mri_compute_overlap  ProgramArguments: mri_compute_overlap -all-info  ProgramVersion: 7.3.2  TimeStamp: 2026/03/10-04:55:30-GMT  BuildTime: Aug  4 2022 06:17:15  BuildStamp: freesurfer-linux-ubuntu22_x86_64-7.3.2-20220804-6354275  User: oesteban  Machine: dna006  Platform: Linux  PlatformVersion: 5.14.0-427.37.1.el9_4.x86_64  CompilerName: GCC  CompilerVersion: 8.4.0
ProgramName: mri_compute_seg_overlap  ProgramArguments: mri_compute_seg_overlap -all-info  ProgramVersion: 7.3.2  TimeStamp: 2026/03/10-04:55:30-GMT  BuildTime: Aug  4 2022 06:17:15  BuildStamp: freesurfer-linux-ubuntu22_x86_64-7.3.2-20220804-6354275  User: oesteban  Machine: dna006  Platform: Linux  PlatformVersion: 5.14.0-427.37.1.el9_4.x86_64  CompilerName: GCC  CompilerVersion: 8.4.0
ProgramName: mri_concat  ProgramArguments: mri_concat -all-info  ProgramVersion: 7.3.2  TimeStamp: 2026/03/10-04:55:30-GMT  BuildTime: Aug  4 2022 06:17:15  BuildStamp: freesurfer-linux-ubuntu22_x86_64-7.3.2-20220804-6354275  User: oesteban  Machine: dna006  Platform: Linux  PlatformVersion: 5.14.0-427.37.1.el9_4.x86_64  CompilerName: GCC  CompilerVersion: 8.4.0
ProgramName: mri_concatenate_lta  ProgramArguments: mri_concatenate_lta -all-info  ProgramVersion: 7.3.2  TimeStamp: 2026/03/10-04:55:30-GMT  BuildTime: Aug  4 2022 06:17:15  BuildStamp: freesurfer-linux-ubuntu22_x86_64-7.3.2-20220804-6354275  User: oesteban  Machine: dna006  Platform: Linux  PlatformVersion: 5.14.0-427.37.1.el9_4.x86_64  CompilerName: GCC  CompilerVersion: 8.4.0
mri_convert -all-info 
ProgramName: mri_convert  ProgramArguments: mri_convert -all-info  ProgramVersion: 7.3.2  TimeStamp: 2026/03/10-04:55:30-GMT  BuildTime: Aug  4 2022 06:17:15  BuildStamp: freesurfer-linux-ubuntu22_x86_64-7.3.2-20220804-6354275  User: oesteban  Machine: dna006  Platform: Linux  PlatformVersion: 5.14.0-427.37.1.el9_4.x86_64  CompilerName: GCC  CompilerVersion: 8.4.0
ProgramName: mri_diff  ProgramArguments: mri_diff -all-info  ProgramVersion: 7.3.2  TimeStamp: 2026/03/10-04:55:30-GMT  BuildTime: Aug  4 2022 06:17:15  BuildStamp: freesurfer-linux-ubuntu22_x86_64-7.3.2-20220804-6354275  User: oesteban  Machine: dna006  Platform: Linux  PlatformVersion: 5.14.0-427.37.1.el9_4.x86_64  CompilerName: GCC  CompilerVersion: 8.4.0
ProgramName: mri_edit_wm_with_aseg  ProgramArguments: mri_edit_wm_with_aseg -all-info  ProgramVersion: 7.3.2  TimeStamp: 2026/03/10-04:55:30-GMT  BuildTime: Aug  4 2022 06:17:15  BuildStamp: freesurfer-linux-ubuntu22_x86_64-7.3.2-20220804-6354275  User: oesteban  Machine: dna006  Platform: Linux  PlatformVersion: 5.14.0-427.37.1.el9_4.x86_64  CompilerName: GCC  CompilerVersion: 8.4.0
ProgramName: mri_em_register  ProgramArguments: mri_em_register -all-info  ProgramVersion: 7.3.2  TimeStamp: 2026/03/10-04:55:30-GMT  BuildTime: Aug  4 2022 06:17:15  BuildStamp: freesurfer-linux-ubuntu22_x86_64-7.3.2-20220804-6354275  User: oesteban  Machine: dna006  Platform: Linux  PlatformVersion: 5.14.0-427.37.1.el9_4.x86_64  CompilerName: GCC  CompilerVersion: 8.4.0
ProgramName: mri_fill  ProgramArguments: mri_fill -all-info  ProgramVersion: 7.3.2  TimeStamp: 2026/03/10-04:55:30-GMT  BuildTime: Aug  4 2022 06:17:15  BuildStamp: freesurfer-linux-ubuntu22_x86_64-7.3.2-20220804-6354275  User: oesteban  Machine: dna006  Platform: Linux  PlatformVersion: 5.14.0-427.37.1.el9_4.x86_64  CompilerName: GCC  CompilerVersion: 8.4.0
ProgramName: mri_fuse_segmentations  ProgramArguments: mri_fuse_segmentations -all-info  ProgramVersion: 7.3.2  TimeStamp: 2026/03/10-04:55:30-GMT  BuildTime: Aug  4 2022 06:17:15  BuildStamp: freesurfer-linux-ubuntu22_x86_64-7.3.2-20220804-6354275  User: oesteban  Machine: dna006  Platform: Linux  PlatformVersion: 5.14.0-427.37.1.el9_4.x86_64  CompilerName: GCC  CompilerVersion: 8.4.0
ProgramName: mri_fwhm  ProgramArguments: mri_fwhm -all-info  ProgramVersion: 7.3.2  TimeStamp: 2026/03/10-04:55:30-GMT  BuildTime: Aug  4 2022 06:17:15  BuildStamp: freesurfer-linux-ubuntu22_x86_64-7.3.2-20220804-6354275  User: oesteban  Machine: dna006  Platform: Linux  PlatformVersion: 5.14.0-427.37.1.el9_4.x86_64  CompilerName: GCC  CompilerVersion: 8.4.0
ProgramName: mri_gcut  ProgramArguments: mri_gcut -all-info  ProgramVersion: 7.3.2  TimeStamp: 2026/03/10-04:55:30-GMT  BuildTime: Aug  4 2022 06:17:15  BuildStamp: freesurfer-linux-ubuntu22_x86_64-7.3.2-20220804-6354275  User: oesteban  Machine: dna006  Platform: Linux  PlatformVersion: 5.14.0-427.37.1.el9_4.x86_64  CompilerName: GCC  CompilerVersion: 8.4.0
ProgramName: mri_info  ProgramArguments: mri_info -all-info  ProgramVersion: 7.3.2  TimeStamp: 2026/03/10-04:55:30-GMT  BuildTime: Aug  4 2022 06:17:15  BuildStamp: freesurfer-linux-ubuntu22_x86_64-7.3.2-20220804-6354275  User: oesteban  Machine: dna006  Platform: Linux  PlatformVersion: 5.14.0-427.37.1.el9_4.x86_64  CompilerName: GCC  CompilerVersion: 8.4.0
ProgramName: mri_label2label  ProgramArguments: mri_label2label -all-info  ProgramVersion: 7.3.2  TimeStamp: 2026/03/10-04:55:30-GMT  BuildTime: Aug  4 2022 06:17:15  BuildStamp: freesurfer-linux-ubuntu22_x86_64-7.3.2-20220804-6354275  User: oesteban  Machine: dna006  Platform: Linux  PlatformVersion: 5.14.0-427.37.1.el9_4.x86_64  CompilerName: GCC  CompilerVersion: 8.4.0
ProgramName: mri_label2vol  ProgramArguments: mri_label2vol -all-info  ProgramVersion: 7.3.2  TimeStamp: 2026/03/10-04:55:30-GMT  BuildTime: Aug  4 2022 06:17:15  BuildStamp: freesurfer-linux-ubuntu22_x86_64-7.3.2-20220804-6354275  User: oesteban  Machine: dna006  Platform: Linux  PlatformVersion: 5.14.0-427.37.1.el9_4.x86_64  CompilerName: GCC  CompilerVersion: 8.4.0
ProgramName: mri_log_likelihood  ProgramArguments: mri_log_likelihood -all-info  ProgramVersion: 7.3.2  TimeStamp: 2026/03/10-04:55:30-GMT  BuildTime: Aug  4 2022 06:17:15  BuildStamp: freesurfer-linux-ubuntu22_x86_64-7.3.2-20220804-6354275  User: oesteban  Machine: dna006  Platform: Linux  PlatformVersion: 5.14.0-427.37.1.el9_4.x86_64  CompilerName: GCC  CompilerVersion: 8.4.0
ProgramName: mri_mask  ProgramArguments: mri_mask -all-info  ProgramVersion: 7.3.2  TimeStamp: 2026/03/10-04:55:30-GMT  BuildTime: Aug  4 2022 06:17:15  BuildStamp: freesurfer-linux-ubuntu22_x86_64-7.3.2-20220804-6354275  User: oesteban  Machine: dna006  Platform: Linux  PlatformVersion: 5.14.0-427.37.1.el9_4.x86_64  CompilerName: GCC  CompilerVersion: 8.4.0
ProgramName: mri_matrix_multiply  ProgramArguments: mri_matrix_multiply -all-info  ProgramVersion: 7.3.2  TimeStamp: 2026/03/10-04:55:30-GMT  BuildTime: Aug  4 2022 06:17:15  BuildStamp: freesurfer-linux-ubuntu22_x86_64-7.3.2-20220804-6354275  User: oesteban  Machine: dna006  Platform: Linux  PlatformVersion: 5.14.0-427.37.1.el9_4.x86_64  CompilerName: GCC  CompilerVersion: 8.4.0
ProgramName: mri_normalize  ProgramArguments: mri_normalize -all-info  ProgramVersion: 7.3.2  TimeStamp: 2026/03/10-04:55:30-GMT  BuildTime: Aug  4 2022 06:17:15  BuildStamp: freesurfer-linux-ubuntu22_x86_64-7.3.2-20220804-6354275  User: oesteban  Machine: dna006  Platform: Linux  PlatformVersion: 5.14.0-427.37.1.el9_4.x86_64  CompilerName: GCC  CompilerVersion: 8.4.0
ProgramName: mri_normalize_tp2  ProgramArguments: mri_normalize_tp2 -all-info  ProgramVersion: 7.3.2  TimeStamp: 2026/03/10-04:55:30-GMT  BuildTime: Aug  4 2022 06:17:15  BuildStamp: freesurfer-linux-ubuntu22_x86_64-7.3.2-20220804-6354275  User: oesteban  Machine: dna006  Platform: Linux  PlatformVersion: 5.14.0-427.37.1.el9_4.x86_64  CompilerName: GCC  CompilerVersion: 8.4.0
ProgramName: mri_or  ProgramArguments: mri_or -all-info  ProgramVersion: 7.3.2  TimeStamp: 2026/03/10-04:55:30-GMT  BuildTime: Aug  4 2022 06:17:15  BuildStamp: freesurfer-linux-ubuntu22_x86_64-7.3.2-20220804-6354275  User: oesteban  Machine: dna006  Platform: Linux  PlatformVersion: 5.14.0-427.37.1.el9_4.x86_64  CompilerName: GCC  CompilerVersion: 8.4.0
ProgramName: mri_relabel_hypointensities  ProgramArguments: mri_relabel_hypointensities -all-info  ProgramVersion: 7.3.2  TimeStamp: 2026/03/10-04:55:30-GMT  BuildTime: Aug  4 2022 06:17:15  BuildStamp: freesurfer-linux-ubuntu22_x86_64-7.3.2-20220804-6354275  User: oesteban  Machine: dna006  Platform: Linux  PlatformVersion: 5.14.0-427.37.1.el9_4.x86_64  CompilerName: GCC  CompilerVersion: 8.4.0
ProgramName: mri_relabel_nonwm_hypos  ProgramArguments: mri_relabel_nonwm_hypos -all-info  ProgramVersion: 7.3.2  TimeStamp: 2026/03/10-04:55:30-GMT  BuildTime: Aug  4 2022 06:17:15  BuildStamp: freesurfer-linux-ubuntu22_x86_64-7.3.2-20220804-6354275  User: oesteban  Machine: dna006  Platform: Linux  PlatformVersion: 5.14.0-427.37.1.el9_4.x86_64  CompilerName: GCC  CompilerVersion: 8.4.0
ProgramName: mri_remove_neck  ProgramArguments: mri_remove_neck -all-info  ProgramVersion: 7.3.2  TimeStamp: 2026/03/10-04:55:30-GMT  BuildTime: Aug  4 2022 06:17:15  BuildStamp: freesurfer-linux-ubuntu22_x86_64-7.3.2-20220804-6354275  User: oesteban  Machine: dna006  Platform: Linux  PlatformVersion: 5.14.0-427.37.1.el9_4.x86_64  CompilerName: GCC  CompilerVersion: 8.4.0
7.3.2

ProgramName: mri_robust_register  ProgramArguments: mri_robust_register -all-info  ProgramVersion: 7.3.2  TimeStamp: 2026/03/10-04:55:30-GMT  BuildTime: Aug  4 2022 06:17:15  BuildStamp: freesurfer-linux-ubuntu22_x86_64-7.3.2-20220804-6354275  User: oesteban  Machine: dna006  Platform: Linux  PlatformVersion: 5.14.0-427.37.1.el9_4.x86_64  CompilerName: GCC  CompilerVersion: 8.4.0
7.3.2

ProgramName: mri_robust_template  ProgramArguments: mri_robust_template -all-info  ProgramVersion: 7.3.2  TimeStamp: 2026/03/10-04:55:30-GMT  BuildTime: Aug  4 2022 06:17:15  BuildStamp: freesurfer-linux-ubuntu22_x86_64-7.3.2-20220804-6354275  User: oesteban  Machine: dna006  Platform: Linux  PlatformVersion: 5.14.0-427.37.1.el9_4.x86_64  CompilerName: GCC  CompilerVersion: 8.4.0
ProgramName: mris_anatomical_stats  ProgramArguments: mris_anatomical_stats -all-info  ProgramVersion: 7.3.2  TimeStamp: 2026/03/10-04:55:30-GMT  BuildTime: Aug  4 2022 06:17:15  BuildStamp: freesurfer-linux-ubuntu22_x86_64-7.3.2-20220804-6354275  User: oesteban  Machine: dna006  Platform: Linux  PlatformVersion: 5.14.0-427.37.1.el9_4.x86_64  CompilerName: GCC  CompilerVersion: 8.4.0
ProgramName: mris_ca_label  ProgramArguments: mris_ca_label -all-info  ProgramVersion: 7.3.2  TimeStamp: 2026/03/10-04:55:30-GMT  BuildTime: Aug  4 2022 06:17:15  BuildStamp: freesurfer-linux-ubuntu22_x86_64-7.3.2-20220804-6354275  User: oesteban  Machine: dna006  Platform: Linux  PlatformVersion: 5.14.0-427.37.1.el9_4.x86_64  CompilerName: GCC  CompilerVersion: 8.4.0
ProgramName: mris_calc  ProgramArguments: mris_calc -all-info  ProgramVersion: 7.3.2  TimeStamp: 2026/03/10-04:55:30-GMT  BuildTime: Aug  4 2022 06:17:15  BuildStamp: freesurfer-linux-ubuntu22_x86_64-7.3.2-20220804-6354275  User: oesteban  Machine: dna006  Platform: Linux  PlatformVersion: 5.14.0-427.37.1.el9_4.x86_64  CompilerName: GCC  CompilerVersion: 8.4.0
ProgramName: mris_convert  ProgramArguments: mris_convert -all-info  ProgramVersion: 7.3.2  TimeStamp: 2026/03/10-04:55:30-GMT  BuildTime: Aug  4 2022 06:17:15  BuildStamp: freesurfer-linux-ubuntu22_x86_64-7.3.2-20220804-6354275  User: oesteban  Machine: dna006  Platform: Linux  PlatformVersion: 5.14.0-427.37.1.el9_4.x86_64  CompilerName: GCC  CompilerVersion: 8.4.0
ProgramName: mris_curvature  ProgramArguments: mris_curvature -all-info  ProgramVersion: 7.3.2  TimeStamp: 2026/03/10-04:55:30-GMT  BuildTime: Aug  4 2022 06:17:15  BuildStamp: freesurfer-linux-ubuntu22_x86_64-7.3.2-20220804-6354275  User: oesteban  Machine: dna006  Platform: Linux  PlatformVersion: 5.14.0-427.37.1.el9_4.x86_64  CompilerName: GCC  CompilerVersion: 8.4.0
ProgramName: mris_curvature_stats  ProgramArguments: mris_curvature_stats -all-info  ProgramVersion: 7.3.2  TimeStamp: 2026/03/10-04:55:30-GMT  BuildTime: Aug  4 2022 06:17:15  BuildStamp: freesurfer-linux-ubuntu22_x86_64-7.3.2-20220804-6354275  User: oesteban  Machine: dna006  Platform: Linux  PlatformVersion: 5.14.0-427.37.1.el9_4.x86_64  CompilerName: GCC  CompilerVersion: 8.4.0
ProgramName: mris_diff  ProgramArguments: mris_diff -all-info  ProgramVersion: 7.3.2  TimeStamp: 2026/03/10-04:55:30-GMT  BuildTime: Aug  4 2022 06:17:15  BuildStamp: freesurfer-linux-ubuntu22_x86_64-7.3.2-20220804-6354275  User: oesteban  Machine: dna006  Platform: Linux  PlatformVersion: 5.14.0-427.37.1.el9_4.x86_64  CompilerName: GCC  CompilerVersion: 8.4.0
ProgramName: mris_divide_parcellation  ProgramArguments: mris_divide_parcellation -all-info  ProgramVersion: 7.3.2  TimeStamp: 2026/03/10-04:55:30-GMT  BuildTime: Aug  4 2022 06:17:15  BuildStamp: freesurfer-linux-ubuntu22_x86_64-7.3.2-20220804-6354275  User: oesteban  Machine: dna006  Platform: Linux  PlatformVersion: 5.14.0-427.37.1.el9_4.x86_64  CompilerName: GCC  CompilerVersion: 8.4.0
ProgramName: mri_segment  ProgramArguments: mri_segment -all-info  ProgramVersion: 7.3.2  TimeStamp: 2026/03/10-04:55:30-GMT  BuildTime: Aug  4 2022 06:17:15  BuildStamp: freesurfer-linux-ubuntu22_x86_64-7.3.2-20220804-6354275  User: oesteban  Machine: dna006  Platform: Linux  PlatformVersion: 5.14.0-427.37.1.el9_4.x86_64  CompilerName: GCC  CompilerVersion: 8.4.0
ProgramName: mri_segstats  ProgramArguments: mri_segstats -all-info  ProgramVersion: 7.3.2  TimeStamp: 2026/03/10-04:55:30-GMT  BuildTime: Aug  4 2022 06:17:15  BuildStamp: freesurfer-linux-ubuntu22_x86_64-7.3.2-20220804-6354275  User: oesteban  Machine: dna006  Platform: Linux  PlatformVersion: 5.14.0-427.37.1.el9_4.x86_64  CompilerName: GCC  CompilerVersion: 8.4.0
ProgramName: mris_euler_number  ProgramArguments: mris_euler_number -all-info  ProgramVersion: 7.3.2  TimeStamp: 2026/03/10-04:55:30-GMT  BuildTime: Aug  4 2022 06:17:15  BuildStamp: freesurfer-linux-ubuntu22_x86_64-7.3.2-20220804-6354275  User: oesteban  Machine: dna006  Platform: Linux  PlatformVersion: 5.14.0-427.37.1.el9_4.x86_64  CompilerName: GCC  CompilerVersion: 8.4.0
ProgramName: mris_fix_topology  ProgramArguments: mris_fix_topology -all-info  ProgramVersion: 7.3.2  TimeStamp: 2026/03/10-04:55:30-GMT  BuildTime: Aug  4 2022 06:17:15  BuildStamp: freesurfer-linux-ubuntu22_x86_64-7.3.2-20220804-6354275  User: oesteban  Machine: dna006  Platform: Linux  PlatformVersion: 5.14.0-427.37.1.el9_4.x86_64  CompilerName: GCC  CompilerVersion: 8.4.0
ProgramName: mris_topo_fixer  ProgramArguments: mris_topo_fixer -all-info  ProgramVersion: 7.3.2  TimeStamp: 2026/03/10-04:55:30-GMT  BuildTime: Aug  4 2022 06:17:15  BuildStamp: freesurfer-linux-ubuntu22_x86_64-7.3.2-20220804-6354275  User: oesteban  Machine: dna006  Platform: Linux  PlatformVersion: 5.14.0-427.37.1.el9_4.x86_64  CompilerName: GCC  CompilerVersion: 8.4.0
ProgramName: mris_jacobian  ProgramArguments: mris_jacobian -all-info  ProgramVersion: 7.3.2  TimeStamp: 2026/03/10-04:55:30-GMT  BuildTime: Aug  4 2022 06:17:15  BuildStamp: freesurfer-linux-ubuntu22_x86_64-7.3.2-20220804-6354275  User: oesteban  Machine: dna006  Platform: Linux  PlatformVersion: 5.14.0-427.37.1.el9_4.x86_64  CompilerName: GCC  CompilerVersion: 8.4.0
ProgramName: mris_label2annot  ProgramArguments: mris_label2annot -all-info  ProgramVersion: 7.3.2  TimeStamp: 2026/03/10-04:55:30-GMT  BuildTime: Aug  4 2022 06:17:15  BuildStamp: freesurfer-linux-ubuntu22_x86_64-7.3.2-20220804-6354275  User: oesteban  Machine: dna006  Platform: Linux  PlatformVersion: 5.14.0-427.37.1.el9_4.x86_64  CompilerName: GCC  CompilerVersion: 8.4.0
ProgramName: mris_left_right_register  ProgramArguments: mris_left_right_register -all-info  ProgramVersion: 7.3.2  TimeStamp: 2026/03/10-04:55:30-GMT  BuildTime: Aug  4 2022 06:17:15  BuildStamp: freesurfer-linux-ubuntu22_x86_64-7.3.2-20220804-6354275  User: oesteban  Machine: dna006  Platform: Linux  PlatformVersion: 5.14.0-427.37.1.el9_4.x86_64  CompilerName: GCC  CompilerVersion: 8.4.0
ProgramName: mris_place_surface  ProgramArguments: mris_place_surface -all-info  ProgramVersion: 7.3.2  TimeStamp: 2026/03/10-04:55:30-GMT  BuildTime: Aug  4 2022 06:17:15  BuildStamp: freesurfer-linux-ubuntu22_x86_64-7.3.2-20220804-6354275  User: oesteban  Machine: dna006  Platform: Linux  PlatformVersion: 5.14.0-427.37.1.el9_4.x86_64  CompilerName: GCC  CompilerVersion: 8.4.0
ProgramName: mrisp_paint  ProgramArguments: mrisp_paint -all-info  ProgramVersion: 7.3.2  TimeStamp: 2026/03/10-04:55:30-GMT  BuildTime: Aug  4 2022 06:17:15  BuildStamp: freesurfer-linux-ubuntu22_x86_64-7.3.2-20220804-6354275  User: oesteban  Machine: dna006  Platform: Linux  PlatformVersion: 5.14.0-427.37.1.el9_4.x86_64  CompilerName: GCC  CompilerVersion: 8.4.0
ProgramName: mris_register  ProgramArguments: mris_register -all-info  ProgramVersion: 7.3.2  TimeStamp: 2026/03/10-04:55:30-GMT  BuildTime: Aug  4 2022 06:17:15  BuildStamp: freesurfer-linux-ubuntu22_x86_64-7.3.2-20220804-6354275  User: oesteban  Machine: dna006  Platform: Linux  PlatformVersion: 5.14.0-427.37.1.el9_4.x86_64  CompilerName: GCC  CompilerVersion: 8.4.0
ProgramName: mris_smooth  ProgramArguments: mris_smooth -all-info  ProgramVersion: 7.3.2  TimeStamp: 2026/03/10-04:55:30-GMT  BuildTime: Aug  4 2022 06:17:15  BuildStamp: freesurfer-linux-ubuntu22_x86_64-7.3.2-20220804-6354275  User: oesteban  Machine: dna006  Platform: Linux  PlatformVersion: 5.14.0-427.37.1.el9_4.x86_64  CompilerName: GCC  CompilerVersion: 8.4.0
ProgramName: mris_sphere  ProgramArguments: mris_sphere -all-info  ProgramVersion: 7.3.2  TimeStamp: 2026/03/10-04:55:30-GMT  BuildTime: Aug  4 2022 06:17:15  BuildStamp: freesurfer-linux-ubuntu22_x86_64-7.3.2-20220804-6354275  User: oesteban  Machine: dna006  Platform: Linux  PlatformVersion: 5.14.0-427.37.1.el9_4.x86_64  CompilerName: GCC  CompilerVersion: 8.4.0
ProgramName: mris_surface_stats  ProgramArguments: mris_surface_stats -all-info  ProgramVersion: 7.3.2  TimeStamp: 2026/03/10-04:55:30-GMT  BuildTime: Aug  4 2022 06:17:15  BuildStamp: freesurfer-linux-ubuntu22_x86_64-7.3.2-20220804-6354275  User: oesteban  Machine: dna006  Platform: Linux  PlatformVersion: 5.14.0-427.37.1.el9_4.x86_64  CompilerName: GCC  CompilerVersion: 8.4.0
ProgramName: mri_stats2seg  ProgramArguments: mri_stats2seg -all-info  ProgramVersion: 7.3.2  TimeStamp: 2026/03/10-04:55:30-GMT  BuildTime: Aug  4 2022 06:17:15  BuildStamp: freesurfer-linux-ubuntu22_x86_64-7.3.2-20220804-6354275  User: oesteban  Machine: dna006  Platform: Linux  PlatformVersion: 5.14.0-427.37.1.el9_4.x86_64  CompilerName: GCC  CompilerVersion: 8.4.0
ProgramName: mris_thickness  ProgramArguments: mris_thickness -all-info  ProgramVersion: 7.3.2  TimeStamp: 2026/03/10-04:55:30-GMT  BuildTime: Aug  4 2022 06:17:15  BuildStamp: freesurfer-linux-ubuntu22_x86_64-7.3.2-20220804-6354275  User: oesteban  Machine: dna006  Platform: Linux  PlatformVersion: 5.14.0-427.37.1.el9_4.x86_64  CompilerName: GCC  CompilerVersion: 8.4.0
ProgramName: mris_thickness_diff  ProgramArguments: mris_thickness_diff -all-info  ProgramVersion: 7.3.2  TimeStamp: 2026/03/10-04:55:30-GMT  BuildTime: Aug  4 2022 06:17:15  BuildStamp: freesurfer-linux-ubuntu22_x86_64-7.3.2-20220804-6354275  User: oesteban  Machine: dna006  Platform: Linux  PlatformVersion: 5.14.0-427.37.1.el9_4.x86_64  CompilerName: GCC  CompilerVersion: 8.4.0
ProgramName: mris_topo_fixer  ProgramArguments: mris_topo_fixer -all-info  ProgramVersion: 7.3.2  TimeStamp: 2026/03/10-04:55:30-GMT  BuildTime: Aug  4 2022 06:17:15  BuildStamp: freesurfer-linux-ubuntu22_x86_64-7.3.2-20220804-6354275  User: oesteban  Machine: dna006  Platform: Linux  PlatformVersion: 5.14.0-427.37.1.el9_4.x86_64  CompilerName: GCC  CompilerVersion: 8.4.0
ProgramName: mri_surf2surf  ProgramArguments: mri_surf2surf -all-info  ProgramVersion: 7.3.2  TimeStamp: 2026/03/10-04:55:30-GMT  BuildTime: Aug  4 2022 06:17:15  BuildStamp: freesurfer-linux-ubuntu22_x86_64-7.3.2-20220804-6354275  User: oesteban  Machine: dna006  Platform: Linux  PlatformVersion: 5.14.0-427.37.1.el9_4.x86_64  CompilerName: GCC  CompilerVersion: 8.4.0
ProgramName: mri_surf2vol  ProgramArguments: mri_surf2vol -all-info  ProgramVersion: 7.3.2  TimeStamp: 2026/03/10-04:55:30-GMT  BuildTime: Aug  4 2022 06:17:15  BuildStamp: freesurfer-linux-ubuntu22_x86_64-7.3.2-20220804-6354275  User: oesteban  Machine: dna006  Platform: Linux  PlatformVersion: 5.14.0-427.37.1.el9_4.x86_64  CompilerName: GCC  CompilerVersion: 8.4.0
ProgramName: mri_surfcluster  ProgramArguments: mri_surfcluster -all-info  ProgramVersion: 7.3.2  TimeStamp: 2026/03/10-04:55:30-GMT  BuildTime: Aug  4 2022 06:17:15  BuildStamp: freesurfer-linux-ubuntu22_x86_64-7.3.2-20220804-6354275  User: oesteban  Machine: dna006  Platform: Linux  PlatformVersion: 5.14.0-427.37.1.el9_4.x86_64  CompilerName: GCC  CompilerVersion: 8.4.0
ProgramName: mris_volmask  ProgramArguments: mris_volmask -all-info  ProgramVersion: 7.3.2  TimeStamp: 2026/03/10-04:55:30-GMT  BuildTime: Aug  4 2022 06:17:15  BuildStamp: freesurfer-linux-ubuntu22_x86_64-7.3.2-20220804-6354275  User: oesteban  Machine: dna006  Platform: Linux  PlatformVersion: 5.14.0-427.37.1.el9_4.x86_64  CompilerName: GCC  CompilerVersion: 8.4.0
ProgramName: mri_tessellate  ProgramArguments: mri_tessellate -all-info  ProgramVersion: 7.3.2  TimeStamp: 2026/03/10-04:55:30-GMT  BuildTime: Aug  4 2022 06:17:15  BuildStamp: freesurfer-linux-ubuntu22_x86_64-7.3.2-20220804-6354275  User: oesteban  Machine: dna006  Platform: Linux  PlatformVersion: 5.14.0-427.37.1.el9_4.x86_64  CompilerName: GCC  CompilerVersion: 8.4.0
ProgramName: mri_vol2surf  ProgramArguments: mri_vol2surf -all-info  ProgramVersion: 7.3.2  TimeStamp: 2026/03/10-04:55:30-GMT  BuildTime: Aug  4 2022 06:17:15  BuildStamp: freesurfer-linux-ubuntu22_x86_64-7.3.2-20220804-6354275  User: oesteban  Machine: dna006  Platform: Linux  PlatformVersion: 5.14.0-427.37.1.el9_4.x86_64  CompilerName: GCC  CompilerVersion: 8.4.0
ProgramName: mri_vol2vol  ProgramArguments: mri_vol2vol -all-info  ProgramVersion: 7.3.2  TimeStamp: 2026/03/10-04:55:30-GMT  BuildTime: Aug  4 2022 06:17:15  BuildStamp: freesurfer-linux-ubuntu22_x86_64-7.3.2-20220804-6354275  User: oesteban  Machine: dna006  Platform: Linux  PlatformVersion: 5.14.0-427.37.1.el9_4.x86_64  CompilerName: GCC  CompilerVersion: 8.4.0
ProgramName: mri_voldiff  ProgramArguments: mri_voldiff -all-info  ProgramVersion: 7.3.2  TimeStamp: 2026/03/10-04:55:30-GMT  BuildTime: Aug  4 2022 06:17:15  BuildStamp: freesurfer-linux-ubuntu22_x86_64-7.3.2-20220804-6354275  User: oesteban  Machine: dna006  Platform: Linux  PlatformVersion: 5.14.0-427.37.1.el9_4.x86_64  CompilerName: GCC  CompilerVersion: 8.4.0
ProgramName: mri_watershed  ProgramArguments: mri_watershed -all-info  ProgramVersion: 7.3.2  TimeStamp: 2026/03/10-04:55:30-GMT  BuildTime: Aug  4 2022 06:17:15  BuildStamp: freesurfer-linux-ubuntu22_x86_64-7.3.2-20220804-6354275  User: oesteban  Machine: dna006  Platform: Linux  PlatformVersion: 5.14.0-427.37.1.el9_4.x86_64  CompilerName: GCC  CompilerVersion: 8.4.0
ProgramName: tkregister2  ProgramArguments: tkregister2_cmdl -all-info  ProgramVersion: 7.3.2  TimeStamp: 2026/03/10-04:55:30-GMT  BuildTime: Aug  4 2022 06:17:15  BuildStamp: freesurfer-linux-ubuntu22_x86_64-7.3.2-20220804-6354275  User: oesteban  Machine: dna006  Platform: Linux  PlatformVersion: 5.14.0-427.37.1.el9_4.x86_64  CompilerName: GCC  CompilerVersion: 8.4.0
mri_motion_correct.fsl 7.3.2
mri_convert -all-info 
ProgramName: mri_convert  ProgramArguments: mri_convert -all-info  ProgramVersion: 7.3.2  TimeStamp: 2026/03/10-04:55:30-GMT  BuildTime: Aug  4 2022 06:17:15  BuildStamp: freesurfer-linux-ubuntu22_x86_64-7.3.2-20220804-6354275  User: oesteban  Machine: dna006  Platform: Linux  PlatformVersion: 5.14.0-427.37.1.el9_4.x86_64  CompilerName: GCC  CompilerVersion: 8.4.0
Program nu_correct, built from:
Package MNI N3, version 1.12.0, compiled by nicks@terrier (x86_64-unknown-linux-gnu) on 2015-06-19 at 01:25:34
#######################################
GCADIR /opt/freesurfer/average
GCA RB_all_2020-01-02.gca
GCASkull RB_all_withskull_2020_01_02.gca
AvgCurvTif folding.atlas.acfb40.noaparc.i12.2016-08-02.tif
GCSDIR /opt/freesurfer/average
GCS DKaparc.atlas.acfb40.noaparc.i12.2016-08-02.gcs
#######################################
#--------------------------------------
#@# CA Normalize Tue Mar 10 05:55:30 CET 2026
/out/sourcedata/freesurfer/sub-v1s6x0051363_ses-1/mri

 mri_ca_normalize -c ctrl_pts.mgz -mask brainmask.mgz nu.mgz /opt/freesurfer/average/RB_all_2020-01-02.gca transforms/talairach.lta norm.mgz 

writing control point volume to ctrl_pts.mgz
using MR volume brainmask.mgz to mask input volume...
reading 1 input volume
reading atlas from '/opt/freesurfer/average/RB_all_2020-01-02.gca'...
reading transform from 'transforms/talairach.lta'...
reading input volume from nu.mgz...
resetting wm mean[0]: 98 --> 107
resetting gm mean[0]: 61 --> 61
input volume #1 is the most T1-like
using real data threshold=25.0
skull bounding box = (67, 40, 36) --> (194, 148, 196)
finding center of left hemi white matter
using (109, 76, 116) as brain centroid of Right_Cerebral_White_Matter...
mean wm in atlas = 107, using box (93,63,96) --> (124, 89,135) to find MRI wm
before smoothing, mri peak at 107
robust fit to distribution - 107 +- 4.4
after smoothing, mri peak at 108, scaling input intensities by 0.991
scaling channel 0 by 0.990741
using 246437 sample points...
INFO: compute sample coordinates transform
 1.11760   0.04330   0.09619  -33.82687;
-0.04519   1.19409   0.04303   10.43078;
-0.12231  -0.04597   1.06876   7.81127;
 0.00000   0.00000   0.00000   1.00000;
INFO: transform used
finding control points in Left_Cerebral_White_Matter....
found 40230 control points for structure...
bounding box (127, 36, 38) --> (190, 135, 194)
Left_Cerebral_White_Matter: limiting intensities to 89.0 --> 132.0
7 of 4906 (0.1%) samples deleted
finding control points in Right_Cerebral_White_Matter....
found 39478 control points for structure...
bounding box (72, 36, 35) --> (133, 134, 192)
Right_Cerebral_White_Matter: limiting intensities to 90.0 --> 132.0
6 of 6066 (0.1%) samples deleted
finding control points in Left_Cerebellum_White_Matter....
found 3105 control points for structure...
bounding box (132, 106, 60) --> (175, 145, 110)
Left_Cerebellum_White_Matter: limiting intensities to 97.0 --> 132.0
0 of 83 (0.0%) samples deleted
finding control points in Right_Cerebellum_White_Matter....
found 2710 control points for structure...
bounding box (91, 105, 54) --> (132, 143, 109)
Right_Cerebellum_White_Matter: limiting intensities to 98.0 --> 132.0
0 of 214 (0.0%) samples deleted
finding control points in Brain_Stem....
found 3475 control points for structure...
bounding box (114, 101, 91) --> (145, 159, 121)
Brain_Stem: limiting intensities to 88.0 --> 132.0
3 of 211 (1.4%) samples deleted
using 11480 total control points for intensity normalization...
bias field = 0.989 +- 0.056
119 of 11464 control points discarded
finding control points in Left_Cerebral_White_Matter....
found 40230 control points for structure...
bounding box (127, 36, 38) --> (190, 135, 194)
Left_Cerebral_White_Matter: limiting intensities to 90.0 --> 132.0
1 of 4973 (0.0%) samples deleted
finding control points in Right_Cerebral_White_Matter....
found 39478 control points for structure...
bounding box (72, 36, 35) --> (133, 134, 192)
Right_Cerebral_White_Matter: limiting intensities to 91.0 --> 132.0
10 of 6112 (0.2%) samples deleted
finding control points in Left_Cerebellum_White_Matter....
found 3105 control points for structure...
bounding box (132, 106, 60) --> (175, 145, 110)
Left_Cerebellum_White_Matter: limiting intensities to 88.0 --> 132.0
5 of 186 (2.7%) samples deleted
finding control points in Right_Cerebellum_White_Matter....
found 2710 control points for structure...
bounding box (91, 105, 54) --> (132, 143, 109)
Right_Cerebellum_White_Matter: limiting intensities to 88.0 --> 132.0
3 of 295 (1.0%) samples deleted
finding control points in Brain_Stem....
found 3475 control points for structure...
bounding box (114, 101, 91) --> (145, 159, 121)
Brain_Stem: limiting intensities to 88.0 --> 132.0
52 of 329 (15.8%) samples deleted
using 11895 total control points for intensity normalization...
bias field = 0.999 +- 0.046
64 of 11681 control points discarded
finding control points in Left_Cerebral_White_Matter....
found 40230 control points for structure...
bounding box (127, 36, 38) --> (190, 135, 194)
Left_Cerebral_White_Matter: limiting intensities to 91.0 --> 132.0
10 of 4846 (0.2%) samples deleted
finding control points in Right_Cerebral_White_Matter....
found 39478 control points for structure...
bounding box (72, 36, 35) --> (133, 134, 192)
Right_Cerebral_White_Matter: limiting intensities to 91.0 --> 132.0
11 of 6020 (0.2%) samples deleted
finding control points in Left_Cerebellum_White_Matter....
found 3105 control points for structure...
bounding box (132, 106, 60) --> (175, 145, 110)
Left_Cerebellum_White_Matter: limiting intensities to 88.0 --> 132.0
44 of 266 (16.5%) samples deleted
finding control points in Right_Cerebellum_White_Matter....
found 2710 control points for structure...
bounding box (91, 105, 54) --> (132, 143, 109)
Right_Cerebellum_White_Matter: limiting intensities to 88.0 --> 132.0
63 of 351 (17.9%) samples deleted
finding control points in Brain_Stem....
found 3475 control points for structure...
bounding box (114, 101, 91) --> (145, 159, 121)
Brain_Stem: limiting intensities to 88.0 --> 132.0
305 of 466 (65.5%) samples deleted
using 11949 total control points for intensity normalization...
bias field = 0.996 +- 0.039
8 of 11284 control points discarded
writing normalized volume to norm.mgz...
writing control points to ctrl_pts.mgz
freeing GCA...done.
normalization took 1 minutes and 22 seconds.
#--------------------------------------
#@# CA Reg Tue Mar 10 05:56:52 CET 2026
/out/sourcedata/freesurfer/sub-v1s6x0051363_ses-1/mri

 mri_ca_register -nobigventricles -T transforms/talairach.lta -align-after -mask brainmask.mgz norm.mgz /opt/freesurfer/average/RB_all_2020-01-02.gca transforms/talairach.m3z 

not handling expanded ventricles...
using previously computed transform transforms/talairach.lta
renormalizing sequences with structure alignment, equivalent to:
	-renormalize
	-regularize_mean 0.500
	-regularize 0.500
using MR volume brainmask.mgz to mask input volume...

== Number of threads available to mri_ca_register for OpenMP = 16 == 
reading 1 input volumes...
logging results to talairach.log
reading input volume 'norm.mgz'...
reading GCA '/opt/freesurfer/average/RB_all_2020-01-02.gca'...
label assignment complete, 0 changed (0.00%)
freeing gibbs priors...done.
average std[0] = 5.0
Starting GCAMregister()
label assignment complete, 0 changed (0.00%)
npasses = 1, nlevels = 6
#pass# 1 of 1 ************************
enabling zero nodes
setting smoothness cost coefficient to 0.156

#GCAMreg# pass 0 level1 5 level2 0 tsec 0 sigma 2
l_jacobian=1.00 l_label=1.00 l_log_likelihood=0.20 l_smoothness=0.16 
tol=2.50e-01, dt=5.00e-02, exp_k=20.0, momentum=0.90, levels=6, niter=500, lbl_dist=10.00, avgs=256, sigma=2.0,type=2, relabel=0, neg=no

blurring input image with Gaussian with sigma=2.000...
GCAMRegisterLevel(): init RMS 0.771956
#FOTS# QuadFit found better minimum quadopt=(dt=208.277,rms=0.717965) vs oldopt=(dt=92.48,rms=0.734683)
#GCMRL#    0 dt 208.277457 rms  0.718  6.994% neg 0  invalid 762 tFOTS 5.0770 tGradient 2.9480 tsec 8.3930
#FOTS# QuadFit found better minimum quadopt=(dt=129.472,rms=0.705961) vs oldopt=(dt=92.48,rms=0.707077)
#GCMRL#    1 dt 129.472000 rms  0.706  1.672% neg 0  invalid 762 tFOTS 5.1460 tGradient 2.8330 tsec 8.3990
#FOTS# QuadFit found better minimum quadopt=(dt=295.936,rms=0.697767) vs oldopt=(dt=369.92,rms=0.698165)
#GCMRL#    2 dt 295.936000 rms  0.698  1.161% neg 0  invalid 762 tFOTS 5.0800 tGradient 3.2540 tsec 8.7030
#FOTS# QuadFit found better minimum quadopt=(dt=110.976,rms=0.693642) vs oldopt=(dt=92.48,rms=0.69379)
#GCMRL#    3 dt 110.976000 rms  0.694  0.591% neg 0  invalid 762 tFOTS 5.0810 tGradient 3.0700 tsec 8.5110
#FOTS# QuadFit found better minimum quadopt=(dt=517.888,rms=0.686721) vs oldopt=(dt=369.92,rms=0.687595)
#GCMRL#    4 dt 517.888000 rms  0.687  0.998% neg 0  invalid 762 tFOTS 5.4830 tGradient 3.4970 tsec 9.4880
#GCMRL#    5 dt  92.480000 rms  0.684  0.403% neg 0  invalid 762 tFOTS 5.4560 tGradient 2.9410 tsec 8.7940
#FOTS# QuadFit found better minimum quadopt=(dt=2071.55,rms=0.673382) vs oldopt=(dt=1479.68,rms=0.674217)
#GCMRL#    6 dt 2071.552000 rms  0.673  1.545% neg 0  invalid 762 tFOTS 4.8160 tGradient 3.3060 tsec 8.5150
#FOTS# QuadFit found better minimum quadopt=(dt=73.984,rms=0.672012) vs oldopt=(dt=92.48,rms=0.672023)
#GCMRL#    7 dt  73.984000 rms  0.672  0.000% neg 0  invalid 762 tFOTS 5.4450 tGradient 3.3280 tsec 9.1350
#GCMRL#    8 dt  73.984000 rms  0.672  0.037% neg 0  invalid 762 tFOTS 0.0000 tGradient 3.2010 tsec 3.5220
#GCMRL#    9 dt  73.984000 rms  0.672  0.027% neg 0  invalid 762 tFOTS 0.0000 tGradient 3.4100 tsec 3.8640
#GCMRL#   10 dt  73.984000 rms  0.671  0.030% neg 0  invalid 762 tFOTS 0.0000 tGradient 3.2440 tsec 3.6640
#GCMRL#   11 dt  73.984000 rms  0.671  0.068% neg 0  invalid 762 tFOTS 0.0000 tGradient 3.1010 tsec 3.4840
#GCMRL#   12 dt  73.984000 rms  0.670  0.077% neg 0  invalid 762 tFOTS 0.0000 tGradient 3.3100 tsec 3.6790
#GCMRL#   13 dt  73.984000 rms  0.670  0.068% neg 0  invalid 762 tFOTS 0.0000 tGradient 2.9960 tsec 3.3550
#FOTS# QuadFit found better minimum quadopt=(dt=129.472,rms=0.669785) vs oldopt=(dt=92.48,rms=0.669819)

#GCAMreg# pass 0 level1 5 level2 1 tsec 109.226 sigma 0.5
l_jacobian=1.00 l_label=1.00 l_log_likelihood=0.20 l_smoothness=0.16 
tol=2.50e-01, dt=5.00e-02, exp_k=20.0, momentum=0.90, levels=6, niter=500, lbl_dist=10.00, avgs=256, sigma=0.5,type=2, relabel=0, neg=no

blurring input image with Gaussian with sigma=0.500...
GCAMRegisterLevel(): init RMS 0.670253
#GCMRL#   15 dt 369.920000 rms  0.667  0.484% neg 0  invalid 762 tFOTS 4.7760 tGradient 3.2430 tsec 8.3750
#FOTS# QuadFit found better minimum quadopt=(dt=110.976,rms=0.666661) vs oldopt=(dt=92.48,rms=0.66667)
#GCMRL#   16 dt 110.976000 rms  0.667  0.000% neg 0  invalid 762 tFOTS 4.8630 tGradient 3.1120 tsec 8.3560
#GCMRL#   17 dt 110.976000 rms  0.666  0.034% neg 0  invalid 762 tFOTS 0.0000 tGradient 2.9940 tsec 3.3330
#GCMRL#   18 dt 110.976000 rms  0.666  0.060% neg 0  invalid 762 tFOTS 0.0000 tGradient 3.0620 tsec 3.4360
#GCMRL#   19 dt 110.976000 rms  0.666  0.072% neg 0  invalid 762 tFOTS 0.0000 tGradient 2.9710 tsec 3.3110
#GCMRL#   20 dt 110.976000 rms  0.665  0.093% neg 0  invalid 762 tFOTS 0.0000 tGradient 2.9270 tsec 3.2700
#GCMRL#   21 dt 110.976000 rms  0.664  0.108% neg 0  invalid 762 tFOTS 0.0000 tGradient 3.3350 tsec 3.6720
#GCMRL#   22 dt 110.976000 rms  0.663  0.115% neg 0  invalid 762 tFOTS 0.0000 tGradient 3.2200 tsec 3.5570
#GCMRL#   23 dt 110.976000 rms  0.663  0.112% neg 0  invalid 762 tFOTS 0.0000 tGradient 3.2590 tsec 3.5940
#GCMRL#   24 dt 110.976000 rms  0.662  0.105% neg 0  invalid 762 tFOTS 0.0000 tGradient 3.2090 tsec 3.5660
#FOTS# QuadFit found better minimum quadopt=(dt=517.888,rms=0.66183) vs oldopt=(dt=369.92,rms=0.661848)
setting smoothness cost coefficient to 0.615

#GCAMreg# pass 0 level1 4 level2 0 tsec 0 sigma 2
l_jacobian=1.00 l_label=1.00 l_log_likelihood=0.20 l_smoothness=0.62 
tol=2.50e-01, dt=5.00e-02, exp_k=20.0, momentum=0.90, levels=6, niter=500, lbl_dist=10.00, avgs=64, sigma=2.0,type=2, relabel=0, neg=no

blurring input image with Gaussian with sigma=2.000...
GCAMRegisterLevel(): init RMS 0.669909
#FOTS# QuadFit found better minimum quadopt=(dt=71.6351,rms=0.666504) vs oldopt=(dt=103.68,rms=0.66705)
#GCMRL#   26 dt  71.635088 rms  0.667  0.508% neg 0  invalid 762 tFOTS 4.6890 tGradient 2.3440 tsec 7.4260
#FOTS# QuadFit found better minimum quadopt=(dt=331.776,rms=0.654757) vs oldopt=(dt=414.72,rms=0.655376)
#GCMRL#   27 dt 331.776000 rms  0.655  1.763% neg 0  invalid 762 tFOTS 4.6510 tGradient 2.3990 tsec 7.4530
#FOTS# QuadFit found better minimum quadopt=(dt=62.8549,rms=0.652504) vs oldopt=(dt=103.68,rms=0.653288)
#GCMRL#   28 dt  62.854871 rms  0.653  0.344% neg 0  invalid 762 tFOTS 4.8790 tGradient 2.5550 tsec 7.8620
#GCMRL#   29 dt 414.720000 rms  0.647  0.897% neg 0  invalid 762 tFOTS 4.5550 tGradient 2.5440 tsec 7.4440
#FOTS# QuadFit found better minimum quadopt=(dt=31.104,rms=0.645356) vs oldopt=(dt=25.92,rms=0.645414)
#GCMRL#   30 dt  31.104000 rms  0.645  0.000% neg 0  invalid 762 tFOTS 4.7690 tGradient 2.4470 tsec 7.5960

#GCAMreg# pass 0 level1 4 level2 1 tsec 49.937 sigma 0.5
l_jacobian=1.00 l_label=1.00 l_log_likelihood=0.20 l_smoothness=0.62 
tol=2.50e-01, dt=5.00e-02, exp_k=20.0, momentum=0.90, levels=6, niter=500, lbl_dist=10.00, avgs=64, sigma=0.5,type=2, relabel=0, neg=no

blurring input image with Gaussian with sigma=0.500...
GCAMRegisterLevel(): init RMS 0.645907
#FOTS# QuadFit found better minimum quadopt=(dt=36.288,rms=0.644611) vs oldopt=(dt=25.92,rms=0.644751)
#GCMRL#   32 dt  36.288000 rms  0.645  0.201% neg 0  invalid 762 tFOTS 5.0080 tGradient 2.6140 tsec 7.9610
#FOTS# QuadFit found better minimum quadopt=(dt=31.104,rms=0.644543) vs oldopt=(dt=25.92,rms=0.644547)
#GCMRL#   33 dt  31.104000 rms  0.645  0.000% neg 0  invalid 762 tFOTS 5.1430 tGradient 2.4420 tsec 7.9660
#GCMRL#   34 dt  31.104000 rms  0.645  0.003% neg 0  invalid 762 tFOTS 0.0000 tGradient 2.3690 tsec 2.8020
setting smoothness cost coefficient to 2.353

#GCAMreg# pass 0 level1 3 level2 0 tsec 0 sigma 2
l_jacobian=1.00 l_label=1.00 l_log_likelihood=0.20 l_smoothness=2.35 
tol=2.50e-01, dt=5.00e-02, exp_k=20.0, momentum=0.90, levels=6, niter=500, lbl_dist=10.00, avgs=16, sigma=2.0,type=2, relabel=0, neg=no

blurring input image with Gaussian with sigma=2.000...
GCAMRegisterLevel(): init RMS 0.666212
#FOTS# QuadFit found better minimum quadopt=(dt=0.00025,rms=0.665711) vs oldopt=(dt=0.0003125,rms=0.665711)
#GCMRL#   36 dt   0.000250 rms  0.666  0.075% neg 0  invalid 762 tFOTS 6.4450 tGradient 1.9390 tsec 8.7950

#GCAMreg# pass 0 level1 3 level2 1 tsec 25.455 sigma 0.5
l_jacobian=1.00 l_label=1.00 l_log_likelihood=0.20 l_smoothness=2.35 
tol=2.50e-01, dt=5.00e-02, exp_k=20.0, momentum=0.90, levels=6, niter=500, lbl_dist=10.00, avgs=16, sigma=0.5,type=2, relabel=0, neg=no

blurring input image with Gaussian with sigma=0.500...
GCAMRegisterLevel(): init RMS 0.666212
#FOTS# QuadFit found better minimum quadopt=(dt=0.175,rms=0.665708) vs oldopt=(dt=0.125,rms=0.665709)
#GCMRL#   38 dt   0.175000 rms  0.666  0.076% neg 0  invalid 762 tFOTS 4.6170 tGradient 1.9730 tsec 6.9280
setting smoothness cost coefficient to 8.000

#GCAMreg# pass 0 level1 2 level2 0 tsec 0 sigma 2
l_jacobian=1.00 l_label=1.00 l_log_likelihood=0.20 l_smoothness=8.00 
tol=2.50e-01, dt=5.00e-02, exp_k=20.0, momentum=0.90, levels=6, niter=500, lbl_dist=10.00, avgs=4, sigma=2.0,type=2, relabel=0, neg=no

blurring input image with Gaussian with sigma=2.000...
GCAMRegisterLevel(): init RMS 0.730323
#FOTS# QuadFit found better minimum quadopt=(dt=2.7083,rms=0.710538) vs oldopt=(dt=2.88,rms=0.710623)
#GCMRL#   40 dt   2.708303 rms  0.711  2.709% neg 0  invalid 762 tFOTS 4.6200 tGradient 1.7330 tsec 6.7120
#FOTS# QuadFit found better minimum quadopt=(dt=1.52273,rms=0.709066) vs oldopt=(dt=0.72,rms=0.709498)
#GCMRL#   41 dt   1.522727 rms  0.709  0.000% neg 0  invalid 762 tFOTS 4.6560 tGradient 1.7370 tsec 6.7680
#GCMRL#   42 dt   1.522727 rms  0.708  0.129% neg 0  invalid 762 tFOTS 0.0000 tGradient 1.8100 tsec 2.1690
#GCMRL#   43 dt   1.522727 rms  0.708 -0.132% neg 0  invalid 762 tFOTS 0.0000 tGradient 1.7280 tsec 2.3300
#FOTS# QuadFit found better minimum quadopt=(dt=1.008,rms=0.708011) vs oldopt=(dt=0.72,rms=0.708026)
#GCMRL#   44 dt   1.008000 rms  0.708  0.024% neg 0  invalid 762 tFOTS 5.2540 tGradient 1.7000 tsec 7.3380
#FOTS# QuadFit found better minimum quadopt=(dt=0.576,rms=0.707966) vs oldopt=(dt=0.72,rms=0.70797)

#GCAMreg# pass 0 level1 2 level2 1 tsec 42.061 sigma 0.5
l_jacobian=1.00 l_label=1.00 l_log_likelihood=0.20 l_smoothness=8.00 
tol=2.50e-01, dt=5.00e-02, exp_k=20.0, momentum=0.90, levels=6, niter=500, lbl_dist=10.00, avgs=4, sigma=0.5,type=2, relabel=0, neg=no

blurring input image with Gaussian with sigma=0.500...
GCAMRegisterLevel(): init RMS 0.708393
#GCMRL#   46 dt   0.000000 rms  0.708  0.061% neg 0  invalid 762 tFOTS 4.7690 tGradient 1.8970 tsec 7.0750
setting smoothness cost coefficient to 20.000

#GCAMreg# pass 0 level1 1 level2 0 tsec 0 sigma 2
l_jacobian=1.00 l_label=1.00 l_log_likelihood=0.20 l_smoothness=20.00 
tol=2.50e-01, dt=5.00e-02, exp_k=20.0, momentum=0.90, levels=6, niter=500, lbl_dist=10.00, avgs=1, sigma=2.0,type=2, relabel=0, neg=no

blurring input image with Gaussian with sigma=2.000...
GCAMRegisterLevel(): init RMS 0.752657
#FOTS# QuadFit found better minimum quadopt=(dt=0.112,rms=0.752053) vs oldopt=(dt=0.08,rms=0.752084)
#GCMRL#   48 dt   0.112000 rms  0.752  0.080% neg 0  invalid 762 tFOTS 4.3920 tGradient 1.6970 tsec 6.4410
#GCMRL#   49 dt   0.320000 rms  0.752  0.000% neg 0  invalid 762 tFOTS 4.5630 tGradient 1.6440 tsec 6.6350
#GCMRL#   50 dt   0.320000 rms  0.750  0.266% neg 0  invalid 762 tFOTS 0.0000 tGradient 1.6110 tsec 1.9510
#GCMRL#   51 dt   0.320000 rms  0.747  0.301% neg 0  invalid 762 tFOTS 0.0000 tGradient 1.6200 tsec 1.9840
#GCMRL#   52 dt   0.320000 rms  0.746  0.236% neg 0  invalid 762 tFOTS 0.0000 tGradient 1.6430 tsec 2.0450
#GCMRL#   53 dt   0.320000 rms  0.744  0.203% neg 0  invalid 762 tFOTS 0.0000 tGradient 1.6480 tsec 2.0310
#GCMRL#   54 dt   0.320000 rms  0.743  0.168% neg 0  invalid 762 tFOTS 0.0000 tGradient 1.8740 tsec 2.2840
#GCMRL#   55 dt   0.320000 rms  0.742  0.035% neg 0  invalid 762 tFOTS 0.0000 tGradient 1.7610 tsec 2.1600
#GCMRL#   56 dt   0.320000 rms  0.742 -0.104% neg 0  invalid 762 tFOTS 0.0000 tGradient 1.7530 tsec 2.3820
#FOTS# QuadFit found better minimum quadopt=(dt=1.024,rms=0.741316) vs oldopt=(dt=1.28,rms=0.741362)
#GCMRL#   57 dt   1.024000 rms  0.741  0.158% neg 0  invalid 762 tFOTS 4.6620 tGradient 1.7540 tsec 6.7950
#FOTS# QuadFit found better minimum quadopt=(dt=0.448,rms=0.73849) vs oldopt=(dt=0.32,rms=0.738918)
#GCMRL#   58 dt   0.448000 rms  0.738  0.381% neg 0  invalid 762 tFOTS 4.6790 tGradient 1.6230 tsec 6.6740
#FOTS# QuadFit found better minimum quadopt=(dt=0.016,rms=0.738485) vs oldopt=(dt=0.02,rms=0.738486)
#GCMRL#   59 dt   0.016000 rms  0.738  0.000% neg 0  invalid 762 tFOTS 4.7090 tGradient 1.7320 tsec 6.8780

#GCAMreg# pass 0 level1 1 level2 1 tsec 60.065 sigma 0.5
l_jacobian=1.00 l_label=1.00 l_log_likelihood=0.20 l_smoothness=20.00 
tol=2.50e-01, dt=5.00e-02, exp_k=20.0, momentum=0.90, levels=6, niter=500, lbl_dist=10.00, avgs=1, sigma=0.5,type=2, relabel=0, neg=no

blurring input image with Gaussian with sigma=0.500...
GCAMRegisterLevel(): init RMS 0.738819
#FOTS# QuadFit found better minimum quadopt=(dt=0.028,rms=0.738457) vs oldopt=(dt=0.02,rms=0.738463)
#GCMRL#   61 dt   0.028000 rms  0.738  0.049% neg 0  invalid 762 tFOTS 4.5240 tGradient 1.5640 tsec 6.4340
#FOTS# QuadFit found better minimum quadopt=(dt=0.028,rms=0.738461) vs oldopt=(dt=0.02,rms=0.738461)
resetting metric properties...
setting smoothness cost coefficient to 40.000

#GCAMreg# pass 0 level1 0 level2 0 tsec 0 sigma 2
l_jacobian=1.00 l_label=1.00 l_log_likelihood=0.20 l_smoothness=40.00 
tol=2.50e-01, dt=5.00e-02, exp_k=20.0, momentum=0.90, levels=6, niter=500, lbl_dist=10.00, avgs=0, sigma=2.0,type=2, relabel=0, neg=no

blurring input image with Gaussian with sigma=2.000...
GCAMRegisterLevel(): init RMS 0.714216
#FOTS# QuadFit found better minimum quadopt=(dt=0.223479,rms=0.70922) vs oldopt=(dt=0.32,rms=0.709843)
#GCMRL#   63 dt   0.223479 rms  0.709  0.699% neg 0  invalid 762 tFOTS 4.9930 tGradient 1.1010 tsec 6.5020
#GCMRL#   64 dt   0.020000 rms  0.709  0.000% neg 0  invalid 762 tFOTS 4.9490 tGradient 1.1760 tsec 6.5500

#GCAMreg# pass 0 level1 0 level2 1 tsec 24.318 sigma 0.5
l_jacobian=1.00 l_label=1.00 l_log_likelihood=0.20 l_smoothness=40.00 
tol=2.50e-01, dt=5.00e-02, exp_k=20.0, momentum=0.90, levels=6, niter=500, lbl_dist=10.00, avgs=0, sigma=0.5,type=2, relabel=0, neg=no

blurring input image with Gaussian with sigma=0.500...
GCAMRegisterLevel(): init RMS 0.709322
#FOTS# QuadFit found better minimum quadopt=(dt=0.007,rms=0.70894) vs oldopt=(dt=0.005,rms=0.708946)
#GCMRL#   66 dt   0.007000 rms  0.709  0.054% neg 0  invalid 762 tFOTS 5.1550 tGradient 1.2490 tsec 6.7470
#FOTS# QuadFit found better minimum quadopt=(dt=0.004,rms=0.708938) vs oldopt=(dt=0.005,rms=0.708939)
#GCMRL#   67 dt   0.004000 rms  0.709  0.000% neg 0  invalid 762 tFOTS 4.9980 tGradient 1.0710 tsec 6.5150
GCAMregister done in 7.51757 min
Starting GCAmapRenormalizeWithAlignment() without scales
renormalizing by structure alignment....
renormalizing input #0
gca peak = 0.10253 (16)
mri peak = 0.13205 (18)
Left_Lateral_Ventricle (4): linear fit = 0.87 x + 0.0 (1214 voxels, overlap=0.544)
Left_Lateral_Ventricle (4): linear fit = 0.87 x + 0.0 (1214 voxels, peak = 14), gca=13.8
gca peak = 0.17690 (16)
mri peak = 0.12716 (18)
Right_Lateral_Ventricle (43): linear fit = 1.10 x + 0.0 (912 voxels, overlap=0.857)
Right_Lateral_Ventricle (43): linear fit = 1.10 x + 0.0 (912 voxels, peak = 18), gca=17.5
gca peak = 0.28275 (96)
mri peak = 0.19885 (102)
Right_Pallidum (52): linear fit = 1.07 x + 0.0 (776 voxels, overlap=0.552)
Right_Pallidum (52): linear fit = 1.07 x + 0.0 (776 voxels, peak = 102), gca=102.2
gca peak = 0.18948 (93)
mri peak = 0.10048 (107)
Left_Pallidum (13): linear fit = 1.11 x + 0.0 (626 voxels, overlap=0.030)
Left_Pallidum (13): linear fit = 1.11 x + 0.0 (626 voxels, peak = 103), gca=102.8
gca peak = 0.20755 (55)
mri peak = 0.10710 (69)
Right_Hippocampus (53): linear fit = 1.18 x + 0.0 (744 voxels, overlap=0.037)
Right_Hippocampus (53): linear fit = 1.18 x + 0.0 (744 voxels, peak = 65), gca=65.2
gca peak = 0.31831 (58)
mri peak = 0.10940 (70)
Left_Hippocampus (17): linear fit = 1.18 x + 0.0 (771 voxels, overlap=0.009)
Left_Hippocampus (17): linear fit = 1.18 x + 0.0 (771 voxels, peak = 69), gca=68.7
gca peak = 0.11957 (102)
mri peak = 0.09777 (108)
Right_Cerebral_White_Matter (41): linear fit = 1.09 x + 0.0 (50706 voxels, overlap=0.505)
Right_Cerebral_White_Matter (41): linear fit = 1.09 x + 0.0 (50706 voxels, peak = 111), gca=110.7
gca peak = 0.11429 (102)
mri peak = 0.08949 (110)
Left_Cerebral_White_Matter (2): linear fit = 1.08 x + 0.0 (51304 voxels, overlap=0.521)
Left_Cerebral_White_Matter (2): linear fit = 1.08 x + 0.0 (51304 voxels, peak = 110), gca=109.7
gca peak = 0.14521 (59)
mri peak = 0.04108 (62)
Left_Cerebral_Cortex (3): linear fit = 1.02 x + 0.0 (18664 voxels, overlap=0.909)
Left_Cerebral_Cortex (3): linear fit = 1.02 x + 0.0 (18664 voxels, peak = 60), gca=60.5
gca peak = 0.14336 (58)
mri peak = 0.03705 (68)
Right_Cerebral_Cortex (42): linear fit = 1.15 x + 0.0 (19497 voxels, overlap=0.279)
Right_Cerebral_Cortex (42): linear fit = 1.15 x + 0.0 (19497 voxels, peak = 67), gca=67.0
gca peak = 0.13305 (70)
mri peak = 0.10097 (83)
Right_Caudate (50): linear fit = 1.24 x + 0.0 (775 voxels, overlap=0.015)
Right_Caudate (50): linear fit = 1.24 x + 0.0 (775 voxels, peak = 86), gca=86.5
gca peak = 0.15761 (71)
mri peak = 0.10391 (82)
Left_Caudate (11): linear fit = 1.14 x + 0.0 (765 voxels, overlap=0.108)
Left_Caudate (11): linear fit = 1.14 x + 0.0 (765 voxels, peak = 81), gca=81.3
gca peak = 0.13537 (57)
mri peak = 0.05531 (63)
Left_Cerebellum_Cortex (8): linear fit = 1.12 x + 0.0 (22346 voxels, overlap=0.817)
Left_Cerebellum_Cortex (8): linear fit = 1.12 x + 0.0 (22346 voxels, peak = 64), gca=63.6
gca peak = 0.13487 (56)
mri peak = 0.05783 (63)
Right_Cerebellum_Cortex (47): linear fit = 1.16 x + 0.0 (25105 voxels, overlap=0.479)
Right_Cerebellum_Cortex (47): linear fit = 1.16 x + 0.0 (25105 voxels, peak = 65), gca=65.2
gca peak = 0.19040 (84)
mri peak = 0.11282 (88)
Left_Cerebellum_White_Matter (7): linear fit = 1.07 x + 0.0 (7924 voxels, overlap=0.542)
Left_Cerebellum_White_Matter (7): linear fit = 1.07 x + 0.0 (7924 voxels, peak = 89), gca=89.5
gca peak = 0.18871 (83)
mri peak = 0.14024 (87)
Right_Cerebellum_White_Matter (46): linear fit = 1.04 x + 0.0 (6934 voxels, overlap=0.495)
Right_Cerebellum_White_Matter (46): linear fit = 1.04 x + 0.0 (6934 voxels, peak = 87), gca=86.7
gca peak = 0.24248 (57)
mri peak = 0.09524 (75)
Left_Amygdala (18): linear fit = 1.27 x + 0.0 (371 voxels, overlap=0.049)
Left_Amygdala (18): linear fit = 1.27 x + 0.0 (371 voxels, peak = 73), gca=72.7
gca peak = 0.35833 (56)
mri peak = 0.11937 (71)
Right_Amygdala (54): linear fit = 1.23 x + 0.0 (474 voxels, overlap=0.029)
Right_Amygdala (54): linear fit = 1.23 x + 0.0 (474 voxels, peak = 69), gca=68.6
gca peak = 0.12897 (85)
mri peak = 0.06915 (92)
Left_Thalamus (10): linear fit = 1.07 x + 0.0 (4492 voxels, overlap=0.860)
Left_Thalamus (10): linear fit = 1.07 x + 0.0 (4492 voxels, peak = 91), gca=90.5
gca peak = 0.13127 (83)
mri peak = 0.08567 (89)
Right_Thalamus (49): linear fit = 1.04 x + 0.0 (3944 voxels, overlap=0.732)
Right_Thalamus (49): linear fit = 1.04 x + 0.0 (3944 voxels, peak = 87), gca=86.7
gca peak = 0.12974 (78)
mri peak = 0.09910 (93)
Left_Putamen (12): linear fit = 1.22 x + 0.0 (1791 voxels, overlap=0.009)
Left_Putamen (12): linear fit = 1.22 x + 0.0 (1791 voxels, peak = 95), gca=94.8
gca peak = 0.17796 (79)
mri peak = 0.07657 (93)
Right_Putamen (51): linear fit = 1.20 x + 0.0 (1941 voxels, overlap=0.095)
Right_Putamen (51): linear fit = 1.20 x + 0.0 (1941 voxels, peak = 94), gca=94.4
gca peak = 0.10999 (80)
mri peak = 0.10896 (83)
Brain_Stem (16): linear fit = 1.07 x + 0.0 (10935 voxels, overlap=0.415)
Brain_Stem (16): linear fit = 1.07 x + 0.0 (10935 voxels, peak = 85), gca=85.2
gca peak = 0.13215 (88)
mri peak = 0.10623 (93)
Right_VentralDC (60): linear fit = 1.09 x + 0.0 (1194 voxels, overlap=0.510)
Right_VentralDC (60): linear fit = 1.09 x + 0.0 (1194 voxels, peak = 95), gca=95.5
gca peak = 0.11941 (89)
mri peak = 0.09677 (97)
Left_VentralDC (28): linear fit = 1.10 x + 0.0 (1159 voxels, overlap=0.231)
Left_VentralDC (28): linear fit = 1.10 x + 0.0 (1159 voxels, peak = 97), gca=97.5
gca peak = 0.20775 (25)
mri peak = 0.24419 (25)
gca peak = 0.13297 (21)
mri peak = 0.17439 (18)
Fourth_Ventricle (15): linear fit = 0.98 x + 0.0 (381 voxels, overlap=0.623)
Fourth_Ventricle (15): linear fit = 0.98 x + 0.0 (381 voxels, peak = 20), gca=20.5
gca peak Unknown = 0.94777 ( 0)
gca peak Left_Inf_Lat_Vent = 0.19087 (28)
gca peak Third_Ventricle = 0.20775 (25)
gca peak CSF = 0.16821 (33)
gca peak Left_Accumbens_area = 0.32850 (63)
gca peak Left_undetermined = 0.98480 (28)
gca peak Left_vessel = 0.40887 (53)
gca peak Left_choroid_plexus = 0.10898 (46)
gca peak Right_Inf_Lat_Vent = 0.17798 (26)
gca peak Right_Accumbens_area = 0.30137 (64)
gca peak Right_vessel = 0.47828 (52)
gca peak Right_choroid_plexus = 0.11612 (45)
gca peak Fifth_Ventricle = 0.59466 (35)
gca peak WM_hypointensities = 0.10053 (78)
gca peak non_WM_hypointensities = 0.07253 (60)
gca peak Optic_Chiasm = 0.25330 (73)
not using caudate to estimate GM means
estimating mean gm scale to be 1.18 x + 0.0
estimating mean wm scale to be 1.08 x + 0.0
estimating mean csf scale to be 0.98 x + 0.0
saving intensity scales to talairach.label_intensities.txt
GCAmapRenormalizeWithAlignment() took 3.75275 min
noneg pre
Starting GCAMregister()
label assignment complete, 0 changed (0.00%)
npasses = 1, nlevels = 6
#pass# 1 of 1 ************************
enabling zero nodes
setting smoothness cost coefficient to 0.008

#GCAMreg# pass 0 level1 5 level2 0 tsec 0 sigma 2
l_jacobian=1.00 l_label=1.00 l_log_likelihood=0.20 l_smoothness=0.01 
tol=5.00e-02, dt=5.00e-02, exp_k=20.0, momentum=0.90, levels=6, niter=500, lbl_dist=10.00, avgs=256, sigma=2.0,type=2, relabel=0, neg=no

blurring input image with Gaussian with sigma=2.000...
GCAMRegisterLevel(): init RMS 0.738668
#FOTS# QuadFit found better minimum quadopt=(dt=175.698,rms=0.71363) vs oldopt=(dt=92.48,rms=0.719425)
#GCMRL#   69 dt 175.698113 rms  0.714  3.390% neg 0  invalid 762 tFOTS 5.0680 tGradient 2.1130 tsec 7.5360
#FOTS# QuadFit found better minimum quadopt=(dt=295.936,rms=0.704812) vs oldopt=(dt=369.92,rms=0.705606)
#GCMRL#   70 dt 295.936000 rms  0.705  1.236% neg 0  invalid 762 tFOTS 4.7530 tGradient 2.1630 tsec 7.2760
#FOTS# QuadFit found better minimum quadopt=(dt=129.472,rms=0.700855) vs oldopt=(dt=92.48,rms=0.701161)
#GCMRL#   71 dt 129.472000 rms  0.701  0.561% neg 0  invalid 762 tFOTS 5.1470 tGradient 2.1920 tsec 7.7000
#FOTS# QuadFit found better minimum quadopt=(dt=295.936,rms=0.697271) vs oldopt=(dt=369.92,rms=0.697675)
#GCMRL#   72 dt 295.936000 rms  0.697  0.511% neg 0  invalid 762 tFOTS 5.2250 tGradient 2.0760 tsec 7.7470
#FOTS# QuadFit found better minimum quadopt=(dt=110.976,rms=0.694065) vs oldopt=(dt=92.48,rms=0.694105)
#GCMRL#   73 dt 110.976000 rms  0.694  0.460% neg 0  invalid 762 tFOTS 5.4730 tGradient 2.2300 tsec 8.1160
#FOTS# QuadFit found better minimum quadopt=(dt=129.472,rms=0.692606) vs oldopt=(dt=92.48,rms=0.692896)
#GCMRL#   74 dt 129.472000 rms  0.693  0.210% neg 0  invalid 762 tFOTS 5.0970 tGradient 2.2900 tsec 7.7410
#FOTS# QuadFit found better minimum quadopt=(dt=443.904,rms=0.689793) vs oldopt=(dt=369.92,rms=0.689847)
#GCMRL#   75 dt 443.904000 rms  0.690  0.406% neg 0  invalid 762 tFOTS 5.1780 tGradient 2.1820 tsec 7.7540
#GCMRL#   76 dt  92.480000 rms  0.688  0.308% neg 0  invalid 762 tFOTS 5.5510 tGradient 2.4070 tsec 8.2930
#FOTS# QuadFit found better minimum quadopt=(dt=517.888,rms=0.685112) vs oldopt=(dt=369.92,rms=0.685503)
#GCMRL#   77 dt 517.888000 rms  0.685  0.372% neg 0  invalid 762 tFOTS 4.9990 tGradient 2.0490 tsec 7.4040
#GCMRL#   78 dt  92.480000 rms  0.684  0.178% neg 0  invalid 762 tFOTS 5.5660 tGradient 2.2290 tsec 8.1770
#FOTS# QuadFit found better minimum quadopt=(dt=517.888,rms=0.682101) vs oldopt=(dt=369.92,rms=0.682349)
#GCMRL#   79 dt 517.888000 rms  0.682  0.262% neg 0  invalid 762 tFOTS 8.9820 tGradient 2.9170 tsec 12.6640
#GCMRL#   80 dt  92.480000 rms  0.681  0.144% neg 0  invalid 762 tFOTS 5.4590 tGradient 2.3400 tsec 8.1960
#FOTS# QuadFit found better minimum quadopt=(dt=517.888,rms=0.679704) vs oldopt=(dt=369.92,rms=0.679885)
#GCMRL#   81 dt 517.888000 rms  0.680  0.208% neg 0  invalid 762 tFOTS 5.3690 tGradient 2.4390 tsec 8.1880
#GCMRL#   82 dt  92.480000 rms  0.679  0.125% neg 0  invalid 762 tFOTS 5.7640 tGradient 2.4940 tsec 8.6530
#FOTS# QuadFit found better minimum quadopt=(dt=517.888,rms=0.677833) vs oldopt=(dt=369.92,rms=0.677923)
#GCMRL#   83 dt 517.888000 rms  0.678  0.151% neg 0  invalid 762 tFOTS 5.9080 tGradient 2.4990 tsec 8.8010
#GCMRL#   84 dt  92.480000 rms  0.677  0.117% neg 0  invalid 762 tFOTS 5.5430 tGradient 2.4300 tsec 8.3730
#FOTS# QuadFit found better minimum quadopt=(dt=517.888,rms=0.676107) vs oldopt=(dt=369.92,rms=0.676187)
#GCMRL#   85 dt 517.888000 rms  0.676  0.138% neg 0  invalid 762 tFOTS 6.5240 tGradient 2.6650 tsec 9.5810
#FOTS# QuadFit found better minimum quadopt=(dt=73.984,rms=0.675422) vs oldopt=(dt=92.48,rms=0.675435)
#GCMRL#   86 dt  73.984000 rms  0.675  0.101% neg 0  invalid 762 tFOTS 5.9700 tGradient 2.4010 tsec 8.8180
#FOTS# QuadFit found better minimum quadopt=(dt=2071.55,rms=0.672634) vs oldopt=(dt=1479.68,rms=0.673016)
#GCMRL#   87 dt 2071.552000 rms  0.673  0.413% neg 0  invalid 762 tFOTS 6.0270 tGradient 2.5620 tsec 8.9750
#GCMRL#   88 dt  92.480000 rms  0.671  0.280% neg 0  invalid 762 tFOTS 5.7700 tGradient 2.3640 tsec 8.5030
#FOTS# QuadFit found better minimum quadopt=(dt=129.472,rms=0.670531) vs oldopt=(dt=92.48,rms=0.670567)
#GCMRL#   89 dt 129.472000 rms  0.671  0.000% neg 0  invalid 762 tFOTS 5.7030 tGradient 2.7920 tsec 8.9010
#GCMRL#   90 dt 129.472000 rms  0.670  0.043% neg 0  invalid 762 tFOTS 0.0000 tGradient 2.3790 tsec 2.7260
#GCMRL#   91 dt 129.472000 rms  0.670  0.058% neg 0  invalid 762 tFOTS 0.0000 tGradient 2.2600 tsec 2.6030
#GCMRL#   92 dt 129.472000 rms  0.669  0.077% neg 0  invalid 762 tFOTS 0.0000 tGradient 2.2450 tsec 2.5870
#GCMRL#   93 dt 129.472000 rms  0.669  0.091% neg 0  invalid 762 tFOTS 0.0000 tGradient 2.1940 tsec 2.5330
#GCMRL#   94 dt 129.472000 rms  0.668  0.116% neg 0  invalid 762 tFOTS 0.0000 tGradient 2.2680 tsec 2.6110
#GCMRL#   95 dt 129.472000 rms  0.667  0.114% neg 0  invalid 762 tFOTS 0.0000 tGradient 2.1950 tsec 2.5420
#GCMRL#   96 dt 129.472000 rms  0.666  0.130% neg 0  invalid 762 tFOTS 0.0000 tGradient 2.4010 tsec 2.7510
#GCMRL#   97 dt 129.472000 rms  0.665  0.126% neg 0  invalid 762 tFOTS 0.0000 tGradient 2.2570 tsec 2.6050
#GCMRL#   98 dt 129.472000 rms  0.665  0.145% neg 0  invalid 762 tFOTS 0.0000 tGradient 2.3270 tsec 2.6760
#GCMRL#   99 dt 129.472000 rms  0.664  0.139% neg 0  invalid 762 tFOTS 0.0000 tGradient 2.2510 tsec 2.6090
#GCMRL#  100 dt 129.472000 rms  0.663  0.131% neg 0  invalid 762 tFOTS 0.0000 tGradient 2.2160 tsec 2.6070
#GCMRL#  101 dt 129.472000 rms  0.662  0.121% neg 0  invalid 762 tFOTS 0.0000 tGradient 2.2320 tsec 2.5910
#GCMRL#  102 dt 129.472000 rms  0.661  0.119% neg 0  invalid 762 tFOTS 0.0000 tGradient 2.4500 tsec 2.8470
#GCMRL#  103 dt 129.472000 rms  0.660  0.124% neg 0  invalid 762 tFOTS 0.0000 tGradient 2.1480 tsec 2.4920
#GCMRL#  104 dt 129.472000 rms  0.660  0.121% neg 0  invalid 762 tFOTS 0.0000 tGradient 2.2060 tsec 2.5540
#GCMRL#  105 dt 129.472000 rms  0.659  0.111% neg 0  invalid 762 tFOTS 0.0000 tGradient 2.2400 tsec 2.5860
#GCMRL#  106 dt 129.472000 rms  0.658  0.103% neg 0  invalid 762 tFOTS 0.0000 tGradient 2.1060 tsec 2.4380
#GCMRL#  107 dt 129.472000 rms  0.657  0.105% neg 0  invalid 762 tFOTS 0.0000 tGradient 2.0760 tsec 2.4500
#GCMRL#  108 dt 129.472000 rms  0.657  0.092% neg 0  invalid 762 tFOTS 0.0000 tGradient 2.2230 tsec 2.6320
#GCMRL#  109 dt 129.472000 rms  0.656  0.084% neg 0  invalid 762 tFOTS 0.0000 tGradient 2.3030 tsec 2.6320
#GCMRL#  110 dt 129.472000 rms  0.656  0.078% neg 0  invalid 762 tFOTS 0.0000 tGradient 2.1500 tsec 2.4790
#GCMRL#  111 dt 129.472000 rms  0.655  0.081% neg 0  invalid 762 tFOTS 0.0000 tGradient 2.1630 tsec 2.5010
#GCMRL#  112 dt 129.472000 rms  0.655  0.083% neg 0  invalid 762 tFOTS 0.0000 tGradient 2.2060 tsec 2.5450
#GCMRL#  113 dt 129.472000 rms  0.654  0.081% neg 0  invalid 762 tFOTS 0.0000 tGradient 2.1310 tsec 2.4690
#GCMRL#  114 dt 129.472000 rms  0.654  0.074% neg 0  invalid 762 tFOTS 0.0000 tGradient 2.1840 tsec 2.5670
#GCMRL#  115 dt 129.472000 rms  0.653  0.076% neg 0  invalid 762 tFOTS 0.0000 tGradient 2.2180 tsec 2.5580
#GCMRL#  116 dt 129.472000 rms  0.653  0.076% neg 0  invalid 762 tFOTS 0.0000 tGradient 2.1900 tsec 2.5310
#GCMRL#  117 dt 129.472000 rms  0.652  0.073% neg 0  invalid 762 tFOTS 0.0000 tGradient 2.2010 tsec 2.5360
#GCMRL#  118 dt 129.472000 rms  0.652  0.069% neg 0  invalid 762 tFOTS 0.0000 tGradient 2.1600 tsec 2.4920
#GCMRL#  119 dt 129.472000 rms  0.651  0.068% neg 0  invalid 762 tFOTS 0.0000 tGradient 2.1380 tsec 2.4660
#GCMRL#  120 dt 129.472000 rms  0.651  0.065% neg 0  invalid 762 tFOTS 0.0000 tGradient 2.2040 tsec 2.5290
#GCMRL#  121 dt 129.472000 rms  0.650  0.064% neg 0  invalid 762 tFOTS 0.0000 tGradient 2.1430 tsec 2.4770
#GCMRL#  122 dt 129.472000 rms  0.650  0.063% neg 0  invalid 762 tFOTS 0.0000 tGradient 2.2830 tsec 2.6290
#GCMRL#  123 dt 129.472000 rms  0.650  0.063% neg 0  invalid 762 tFOTS 0.0000 tGradient 2.2720 tsec 2.6630
#GCMRL#  124 dt 129.472000 rms  0.649  0.066% neg 0  invalid 762 tFOTS 0.0000 tGradient 2.2890 tsec 2.6270
#GCMRL#  125 dt 129.472000 rms  0.649  0.065% neg 0  invalid 762 tFOTS 0.0000 tGradient 2.1840 tsec 2.5270
#GCMRL#  126 dt 129.472000 rms  0.648  0.058% neg 0  invalid 762 tFOTS 0.0000 tGradient 2.1830 tsec 2.5260
#GCMRL#  127 dt 129.472000 rms  0.648  0.053% neg 0  invalid 762 tFOTS 0.0000 tGradient 2.1680 tsec 2.5250
#GCMRL#  128 dt 129.472000 rms  0.648  0.054% neg 0  invalid 762 tFOTS 0.0000 tGradient 2.2280 tsec 2.5890
#GCMRL#  129 dt 129.472000 rms  0.647  0.059% neg 0  invalid 762 tFOTS 0.0000 tGradient 2.2270 tsec 2.5660
#GCMRL#  130 dt 129.472000 rms  0.647  0.059% neg 0  invalid 762 tFOTS 0.0000 tGradient 2.2530 tsec 2.5900
#GCMRL#  131 dt 129.472000 rms  0.647  0.056% neg 0  invalid 762 tFOTS 0.0000 tGradient 2.2450 tsec 2.5850
#GCMRL#  132 dt 129.472000 rms  0.646  0.054% neg 0  invalid 762 tFOTS 0.0000 tGradient 2.2280 tsec 2.5910
#GCMRL#  133 dt 129.472000 rms  0.646  0.054% neg 0  invalid 762 tFOTS 0.0000 tGradient 2.1750 tsec 2.5490
#GCMRL#  134 dt 129.472000 rms  0.646  0.055% neg 0  invalid 762 tFOTS 0.0000 tGradient 2.1460 tsec 2.5120
#GCMRL#  135 dt 129.472000 rms  0.645  0.053% neg 0  invalid 762 tFOTS 0.0000 tGradient 2.4380 tsec 2.8200
#GCMRL#  136 dt 129.472000 rms  0.645  0.047% neg 0  invalid 762 tFOTS 0.0000 tGradient 2.1310 tsec 2.4580
#GCMRL#  137 dt 129.472000 rms  0.645  0.043% neg 0  invalid 762 tFOTS 0.0000 tGradient 2.2080 tsec 2.5340
#GCMRL#  138 dt 129.472000 rms  0.644  0.040% neg 0  invalid 762 tFOTS 0.0000 tGradient 2.4370 tsec 2.8120
#GCMRL#  139 dt 129.472000 rms  0.644  0.042% neg 0  invalid 762 tFOTS 0.0000 tGradient 2.1240 tsec 2.4480
#GCMRL#  140 dt 129.472000 rms  0.644  0.043% neg 0  invalid 762 tFOTS 0.0000 tGradient 2.3300 tsec 2.6990
#GCMRL#  141 dt 129.472000 rms  0.644  0.043% neg 0  invalid 762 tFOTS 0.0000 tGradient 2.5370 tsec 2.9100
#GCMRL#  142 dt 129.472000 rms  0.643  0.040% neg 0  invalid 762 tFOTS 0.0000 tGradient 2.0360 tsec 2.3590
#GCMRL#  143 dt 129.472000 rms  0.643  0.040% neg 0  invalid 762 tFOTS 0.0000 tGradient 2.1080 tsec 2.4880
#GCMRL#  144 dt 129.472000 rms  0.643  0.036% neg 0  invalid 762 tFOTS 0.0000 tGradient 2.1670 tsec 2.5300
#GCMRL#  145 dt 129.472000 rms  0.643  0.035% neg 0  invalid 762 tFOTS 0.0000 tGradient 2.0290 tsec 2.3570
#GCMRL#  146 dt 129.472000 rms  0.642  0.035% neg 0  invalid 762 tFOTS 0.0000 tGradient 2.0410 tsec 2.3700
#GCMRL#  147 dt 129.472000 rms  0.642  0.034% neg 0  invalid 762 tFOTS 0.0000 tGradient 2.1720 tsec 2.4980
#GCMRL#  148 dt 129.472000 rms  0.642  0.035% neg 0  invalid 762 tFOTS 0.0000 tGradient 2.2150 tsec 2.5620
#GCMRL#  149 dt 129.472000 rms  0.642  0.035% neg 0  invalid 762 tFOTS 0.0000 tGradient 2.0540 tsec 2.5510
#GCMRL#  150 dt 129.472000 rms  0.641  0.038% neg 0  invalid 762 tFOTS 0.0000 tGradient 2.1250 tsec 2.5520
#GCMRL#  151 dt 129.472000 rms  0.641  0.035% neg 0  invalid 762 tFOTS 0.0000 tGradient 2.1610 tsec 2.5770
#GCMRL#  152 dt 129.472000 rms  0.641  0.032% neg 0  invalid 762 tFOTS 0.0000 tGradient 2.1410 tsec 2.4880
#GCMRL#  153 dt 129.472000 rms  0.641  0.029% neg 0  invalid 762 tFOTS 0.0000 tGradient 2.1590 tsec 2.5010
#GCMRL#  154 dt 129.472000 rms  0.641  0.031% neg 0  invalid 762 tFOTS 0.0000 tGradient 2.2770 tsec 2.6860
#GCMRL#  155 dt 129.472000 rms  0.640  0.031% neg 0  invalid 762 tFOTS 0.0000 tGradient 2.2330 tsec 2.6470
#GCMRL#  156 dt 129.472000 rms  0.640  0.032% neg 0  invalid 762 tFOTS 0.0000 tGradient 2.1840 tsec 2.6250
#GCMRL#  157 dt 129.472000 rms  0.640  0.031% neg 0  invalid 762 tFOTS 0.0000 tGradient 2.1010 tsec 2.5850
#GCMRL#  158 dt 129.472000 rms  0.640  0.029% neg 0  invalid 762 tFOTS 0.0000 tGradient 2.1370 tsec 2.6060
#GCMRL#  159 dt 129.472000 rms  0.640  0.031% neg 0  invalid 762 tFOTS 0.0000 tGradient 2.2180 tsec 2.6830
#GCMRL#  160 dt 129.472000 rms  0.639  0.031% neg 0  invalid 762 tFOTS 0.0000 tGradient 2.3760 tsec 2.8520
#GCMRL#  161 dt 129.472000 rms  0.639  0.031% neg 0  invalid 762 tFOTS 0.0000 tGradient 2.1610 tsec 2.4970
#GCMRL#  162 dt 129.472000 rms  0.639  0.031% neg 0  invalid 762 tFOTS 0.0000 tGradient 2.2740 tsec 2.6180
#GCMRL#  163 dt 129.472000 rms  0.639  0.030% neg 0  invalid 762 tFOTS 0.0000 tGradient 2.1730 tsec 2.6230
#GCMRL#  164 dt 129.472000 rms  0.639  0.030% neg 0  invalid 762 tFOTS 0.0000 tGradient 2.0950 tsec 2.5600
#GCMRL#  165 dt 129.472000 rms  0.638  0.030% neg 0  invalid 762 tFOTS 0.0000 tGradient 2.0080 tsec 2.4720
#GCMRL#  166 dt 129.472000 rms  0.638  0.028% neg 0  invalid 762 tFOTS 0.0000 tGradient 2.3250 tsec 2.8120
#GCMRL#  167 dt 129.472000 rms  0.638  0.027% neg 0  invalid 762 tFOTS 0.0000 tGradient 2.2830 tsec 2.7540
#GCMRL#  168 dt 129.472000 rms  0.638  0.026% neg 0  invalid 762 tFOTS 0.0000 tGradient 2.1580 tsec 2.6470
#GCMRL#  169 dt 129.472000 rms  0.638  0.027% neg 0  invalid 762 tFOTS 0.0000 tGradient 2.1320 tsec 2.4660
#GCMRL#  170 dt 129.472000 rms  0.638  0.027% neg 0  invalid 762 tFOTS 0.0000 tGradient 2.2030 tsec 2.5700
#GCMRL#  171 dt 129.472000 rms  0.637  0.027% neg 0  invalid 762 tFOTS 0.0000 tGradient 2.0480 tsec 2.3750
#GCMRL#  172 dt 129.472000 rms  0.637  0.027% neg 0  invalid 762 tFOTS 0.0000 tGradient 2.2160 tsec 2.5660
#GCMRL#  173 dt 129.472000 rms  0.637  0.026% neg 0  invalid 762 tFOTS 0.0000 tGradient 2.1670 tsec 2.5160
#GCMRL#  174 dt 129.472000 rms  0.637  0.025% neg 0  invalid 762 tFOTS 0.0000 tGradient 2.1340 tsec 2.4940
#GCMRL#  175 dt 129.472000 rms  0.637  0.024% neg 0  invalid 762 tFOTS 0.0000 tGradient 2.1790 tsec 2.5500
#FOTS# QuadFit found better minimum quadopt=(dt=2071.55,rms=0.636656) vs oldopt=(dt=1479.68,rms=0.636684)
#GCMRL#  176 dt 2071.552000 rms  0.637  0.000% neg 0  invalid 762 tFOTS 5.0700 tGradient 2.1310 tsec 7.5970

#GCAMreg# pass 0 level1 5 level2 1 tsec 418.586 sigma 0.5
l_jacobian=1.00 l_label=1.00 l_log_likelihood=0.20 l_smoothness=0.01 
tol=5.00e-02, dt=5.00e-02, exp_k=20.0, momentum=0.90, levels=6, niter=500, lbl_dist=10.00, avgs=256, sigma=0.5,type=2, relabel=0, neg=no

blurring input image with Gaussian with sigma=0.500...
GCAMRegisterLevel(): init RMS 0.637238
#GCMRL#  178 dt 369.920000 rms  0.635  0.362% neg 0  invalid 762 tFOTS 4.9270 tGradient 2.2070 tsec 7.5070
#FOTS# QuadFit found better minimum quadopt=(dt=129.472,rms=0.63446) vs oldopt=(dt=92.48,rms=0.634514)
#GCMRL#  179 dt 129.472000 rms  0.634  0.074% neg 0  invalid 762 tFOTS 4.7640 tGradient 2.0330 tsec 7.1690
#FOTS# QuadFit found better minimum quadopt=(dt=129.472,rms=0.63439) vs oldopt=(dt=92.48,rms=0.634405)
#GCMRL#  180 dt 129.472000 rms  0.634  0.000% neg 0  invalid 762 tFOTS 5.1050 tGradient 2.0900 tsec 7.5910
#GCMRL#  181 dt 129.472000 rms  0.634  0.023% neg 0  invalid 762 tFOTS 0.0000 tGradient 2.0360 tsec 2.3800
#GCMRL#  182 dt 129.472000 rms  0.634  0.030% neg 0  invalid 762 tFOTS 0.0000 tGradient 2.1060 tsec 2.4490
#GCMRL#  183 dt 129.472000 rms  0.634  0.033% neg 0  invalid 762 tFOTS 0.0000 tGradient 2.1090 tsec 2.4520
#GCMRL#  184 dt 129.472000 rms  0.634  0.034% neg 0  invalid 762 tFOTS 0.0000 tGradient 2.1760 tsec 2.5250
#GCMRL#  185 dt 129.472000 rms  0.633  0.039% neg 0  invalid 762 tFOTS 0.0000 tGradient 2.1650 tsec 2.5300
#GCMRL#  186 dt 129.472000 rms  0.633  0.038% neg 0  invalid 762 tFOTS 0.0000 tGradient 2.1050 tsec 2.5220
#GCMRL#  187 dt 129.472000 rms  0.633  0.032% neg 0  invalid 762 tFOTS 0.0000 tGradient 2.0510 tsec 2.4930
#GCMRL#  188 dt 129.472000 rms  0.633  0.031% neg 0  invalid 762 tFOTS 0.0000 tGradient 2.2120 tsec 2.6570
#GCMRL#  189 dt 129.472000 rms  0.633  0.032% neg 0  invalid 762 tFOTS 0.0000 tGradient 2.1120 tsec 2.4650
#GCMRL#  190 dt 129.472000 rms  0.632  0.031% neg 0  invalid 762 tFOTS 0.0000 tGradient 2.2180 tsec 2.5620
#GCMRL#  191 dt 129.472000 rms  0.632  0.025% neg 0  invalid 762 tFOTS 0.0000 tGradient 2.1670 tsec 2.5060
#GCMRL#  192 dt 129.472000 rms  0.632  0.023% neg 0  invalid 762 tFOTS 0.0000 tGradient 2.1600 tsec 2.5550
#GCMRL#  193 dt 129.472000 rms  0.632  0.023% neg 0  invalid 762 tFOTS 0.0000 tGradient 2.3630 tsec 2.7060
#GCMRL#  194 dt 129.472000 rms  0.632  0.025% neg 0  invalid 762 tFOTS 0.0000 tGradient 2.2640 tsec 2.7100
#GCMRL#  195 dt 129.472000 rms  0.632  0.025% neg 0  invalid 762 tFOTS 0.0000 tGradient 2.2890 tsec 2.7360
#GCMRL#  196 dt 129.472000 rms  0.631  0.022% neg 0  invalid 762 tFOTS 0.0000 tGradient 2.2400 tsec 2.5750
#GCMRL#  197 dt 129.472000 rms  0.631  0.018% neg 0  invalid 762 tFOTS 0.0000 tGradient 2.1070 tsec 2.4730
#FOTS# QuadFit found better minimum quadopt=(dt=1183.74,rms=0.631167) vs oldopt=(dt=1479.68,rms=0.631185)
#GCMRL#  198 dt 1183.744000 rms  0.631  0.024% neg 0  invalid 762 tFOTS 5.2200 tGradient 2.0970 tsec 7.7110
#FOTS# QuadFit found better minimum quadopt=(dt=32.368,rms=0.631134) vs oldopt=(dt=23.12,rms=0.63114)
#GCMRL#  199 dt  32.368000 rms  0.631  0.000% neg 0  invalid 762 tFOTS 5.8650 tGradient 2.2840 tsec 8.5980
#GCMRL#  200 dt  32.368000 rms  0.631  0.000% neg 0  invalid 762 tFOTS 0.0000 tGradient 2.5850 tsec 2.9410
setting smoothness cost coefficient to 0.031

#GCAMreg# pass 0 level1 4 level2 0 tsec 0 sigma 2
l_jacobian=1.00 l_label=1.00 l_log_likelihood=0.20 l_smoothness=0.03 
tol=5.00e-02, dt=5.00e-02, exp_k=20.0, momentum=0.90, levels=6, niter=500, lbl_dist=10.00, avgs=64, sigma=2.0,type=2, relabel=0, neg=no

blurring input image with Gaussian with sigma=2.000...
GCAMRegisterLevel(): init RMS 0.634126
#FOTS# QuadFit found better minimum quadopt=(dt=119.507,rms=0.63071) vs oldopt=(dt=103.68,rms=0.63074)
#GCMRL#  202 dt 119.507109 rms  0.631  0.539% neg 0  invalid 762 tFOTS 4.9700 tGradient 1.9010 tsec 7.2450
#FOTS# QuadFit found better minimum quadopt=(dt=252.062,rms=0.620334) vs oldopt=(dt=414.72,rms=0.623505)
#GCMRL#  203 dt 252.061538 rms  0.620  1.645% neg 0  invalid 762 tFOTS 4.8270 tGradient 1.9330 tsec 7.1310
#FOTS# QuadFit found better minimum quadopt=(dt=48.5517,rms=0.617395) vs oldopt=(dt=25.92,rms=0.617875)
#GCMRL#  204 dt  48.551724 rms  0.617  0.474% neg 0  invalid 762 tFOTS 4.7760 tGradient 1.9030 tsec 7.0490
#FOTS# QuadFit found better minimum quadopt=(dt=331.776,rms=0.614155) vs oldopt=(dt=414.72,rms=0.614539)
#GCMRL#  205 dt 331.776000 rms  0.614  0.525% neg 0  invalid 762 tFOTS 4.8340 tGradient 1.7980 tsec 6.9980
#FOTS# QuadFit found better minimum quadopt=(dt=113.97,rms=0.607181) vs oldopt=(dt=103.68,rms=0.607237)
#GCMRL#  206 dt 113.969646 rms  0.607  1.136% neg 0  invalid 762 tFOTS 4.9620 tGradient 1.8170 tsec 7.1540
#FOTS# QuadFit found better minimum quadopt=(dt=36.288,rms=0.606116) vs oldopt=(dt=25.92,rms=0.606267)
#GCMRL#  207 dt  36.288000 rms  0.606  0.175% neg 0  invalid 762 tFOTS 4.8050 tGradient 2.0340 tsec 7.2060
#FOTS# QuadFit found better minimum quadopt=(dt=82.944,rms=0.605605) vs oldopt=(dt=103.68,rms=0.605611)
#GCMRL#  208 dt  82.944000 rms  0.606  0.084% neg 0  invalid 762 tFOTS 4.4840 tGradient 1.8290 tsec 6.6730
#FOTS# QuadFit found better minimum quadopt=(dt=580.608,rms=0.598779) vs oldopt=(dt=414.72,rms=0.599558)
#GCMRL#  209 dt 580.608000 rms  0.599  1.127% neg 0  invalid 762 tFOTS 4.8000 tGradient 1.8730 tsec 7.0400
#FOTS# QuadFit found better minimum quadopt=(dt=52.0533,rms=0.595925) vs oldopt=(dt=25.92,rms=0.596427)
#GCMRL#  210 dt  52.053333 rms  0.596  0.477% neg 0  invalid 762 tFOTS 4.8620 tGradient 1.7690 tsec 6.9890
#FOTS# QuadFit found better minimum quadopt=(dt=145.152,rms=0.595236) vs oldopt=(dt=103.68,rms=0.595339)
#GCMRL#  211 dt 145.152000 rms  0.595  0.116% neg 0  invalid 762 tFOTS 4.6000 tGradient 1.8660 tsec 6.8320
#FOTS# QuadFit found better minimum quadopt=(dt=124.416,rms=0.59346) vs oldopt=(dt=103.68,rms=0.593506)
#GCMRL#  212 dt 124.416000 rms  0.593  0.298% neg 0  invalid 762 tFOTS 4.4800 tGradient 1.7840 tsec 6.6280
#FOTS# QuadFit found better minimum quadopt=(dt=36.288,rms=0.59285) vs oldopt=(dt=25.92,rms=0.592915)
#GCMRL#  213 dt  36.288000 rms  0.593  0.103% neg 0  invalid 762 tFOTS 4.7860 tGradient 1.8890 tsec 7.0350
#FOTS# QuadFit found better minimum quadopt=(dt=331.776,rms=0.591517) vs oldopt=(dt=414.72,rms=0.591548)
#GCMRL#  214 dt 331.776000 rms  0.592  0.225% neg 0  invalid 762 tFOTS 4.6350 tGradient 1.7970 tsec 6.7990
#FOTS# QuadFit found better minimum quadopt=(dt=72.1569,rms=0.589445) vs oldopt=(dt=103.68,rms=0.589836)
#GCMRL#  215 dt  72.156863 rms  0.589  0.350% neg 0  invalid 762 tFOTS 5.1200 tGradient 2.0640 tsec 7.5430
#FOTS# QuadFit found better minimum quadopt=(dt=36.288,rms=0.58905) vs oldopt=(dt=25.92,rms=0.58911)
#GCMRL#  216 dt  36.288000 rms  0.589  0.067% neg 0  invalid 762 tFOTS 4.5400 tGradient 1.7650 tsec 6.6640
#FOTS# QuadFit found better minimum quadopt=(dt=580.608,rms=0.586637) vs oldopt=(dt=414.72,rms=0.587007)
#GCMRL#  217 dt 580.608000 rms  0.587  0.410% neg 0  invalid 762 tFOTS 4.6120 tGradient 1.8440 tsec 6.8250
#FOTS# QuadFit found better minimum quadopt=(dt=36.288,rms=0.584867) vs oldopt=(dt=25.92,rms=0.585219)
#GCMRL#  218 dt  36.288000 rms  0.585  0.302% neg 0  invalid 762 tFOTS 4.8410 tGradient 1.7970 tsec 6.9910
#FOTS# QuadFit found better minimum quadopt=(dt=145.152,rms=0.583714) vs oldopt=(dt=103.68,rms=0.58393)
#GCMRL#  219 dt 145.152000 rms  0.584  0.197% neg 0  invalid 762 tFOTS 4.8450 tGradient 1.7970 tsec 7.0030
#FOTS# QuadFit found better minimum quadopt=(dt=36.288,rms=0.583495) vs oldopt=(dt=25.92,rms=0.583533)
#GCMRL#  220 dt  36.288000 rms  0.583  0.000% neg 0  invalid 762 tFOTS 4.8460 tGradient 1.7490 tsec 6.9850
#GCMRL#  221 dt  36.288000 rms  0.583  0.029% neg 0  invalid 762 tFOTS 0.0000 tGradient 1.7560 tsec 2.0940
#GCMRL#  222 dt  36.288000 rms  0.583  0.055% neg 0  invalid 762 tFOTS 0.0000 tGradient 1.7870 tsec 2.1260
#GCMRL#  223 dt  36.288000 rms  0.583  0.086% neg 0  invalid 762 tFOTS 0.0000 tGradient 1.7610 tsec 2.0970
#GCMRL#  224 dt  36.288000 rms  0.582  0.120% neg 0  invalid 762 tFOTS 0.0000 tGradient 1.7890 tsec 2.1740
#GCMRL#  225 dt  36.288000 rms  0.581  0.147% neg 0  invalid 762 tFOTS 0.0000 tGradient 1.7780 tsec 2.1110
#GCMRL#  226 dt  36.288000 rms  0.580  0.161% neg 0  invalid 762 tFOTS 0.0000 tGradient 1.7440 tsec 2.0800
#GCMRL#  227 dt  36.288000 rms  0.579  0.170% neg 0  invalid 762 tFOTS 0.0000 tGradient 1.7560 tsec 2.0880
#GCMRL#  228 dt  36.288000 rms  0.578  0.173% neg 0  invalid 762 tFOTS 0.0000 tGradient 1.7020 tsec 2.0390
#GCMRL#  229 dt  36.288000 rms  0.577  0.177% neg 0  invalid 762 tFOTS 0.0000 tGradient 1.7020 tsec 2.0390
#GCMRL#  230 dt  36.288000 rms  0.576  0.176% neg 0  invalid 762 tFOTS 0.0000 tGradient 1.7300 tsec 2.0670
#GCMRL#  231 dt  36.288000 rms  0.575  0.180% neg 0  invalid 762 tFOTS 0.0000 tGradient 1.7310 tsec 2.0670
#GCMRL#  232 dt  36.288000 rms  0.574  0.186% neg 0  invalid 762 tFOTS 0.0000 tGradient 1.6800 tsec 2.0170
#GCMRL#  233 dt  36.288000 rms  0.573  0.182% neg 0  invalid 762 tFOTS 0.0000 tGradient 1.6850 tsec 2.0250
#GCMRL#  234 dt  36.288000 rms  0.572  0.175% neg 0  invalid 762 tFOTS 0.0000 tGradient 1.7730 tsec 2.1080
#GCMRL#  235 dt  36.288000 rms  0.571  0.162% neg 0  invalid 762 tFOTS 0.0000 tGradient 1.7200 tsec 2.0570
#GCMRL#  236 dt  36.288000 rms  0.570  0.153% neg 0  invalid 762 tFOTS 0.0000 tGradient 1.6980 tsec 2.0550
#GCMRL#  237 dt  36.288000 rms  0.569  0.146% neg 0  invalid 762 tFOTS 0.0000 tGradient 1.7470 tsec 2.0860
#GCMRL#  238 dt  36.288000 rms  0.568  0.142% neg 0  invalid 762 tFOTS 0.0000 tGradient 1.7110 tsec 2.0480
#GCMRL#  239 dt  36.288000 rms  0.568  0.140% neg 0  invalid 762 tFOTS 0.0000 tGradient 1.7660 tsec 2.0940
#GCMRL#  240 dt  36.288000 rms  0.567  0.135% neg 0  invalid 762 tFOTS 0.0000 tGradient 1.7210 tsec 2.0560
#GCMRL#  241 dt  36.288000 rms  0.566  0.130% neg 0  invalid 762 tFOTS 0.0000 tGradient 1.7620 tsec 2.0940
#GCMRL#  242 dt  36.288000 rms  0.565  0.119% neg 0  invalid 762 tFOTS 0.0000 tGradient 1.7290 tsec 2.0630
#GCMRL#  243 dt  36.288000 rms  0.565  0.110% neg 0  invalid 762 tFOTS 0.0000 tGradient 1.9100 tsec 2.2500
#GCMRL#  244 dt  36.288000 rms  0.564  0.103% neg 0  invalid 762 tFOTS 0.0000 tGradient 1.7360 tsec 2.0710
#GCMRL#  245 dt  36.288000 rms  0.564  0.102% neg 0  invalid 762 tFOTS 0.0000 tGradient 1.7210 tsec 2.0560
#GCMRL#  246 dt  36.288000 rms  0.563  0.104% neg 0  invalid 762 tFOTS 0.0000 tGradient 1.7330 tsec 2.0880
#GCMRL#  247 dt  36.288000 rms  0.563  0.097% neg 0  invalid 762 tFOTS 0.0000 tGradient 1.7730 tsec 2.1070
#GCMRL#  248 dt  36.288000 rms  0.562  0.093% neg 0  invalid 762 tFOTS 0.0000 tGradient 1.8170 tsec 2.1540
#GCMRL#  249 dt  36.288000 rms  0.562  0.084% neg 0  invalid 762 tFOTS 0.0000 tGradient 1.8240 tsec 2.1620
#GCMRL#  250 dt  36.288000 rms  0.561  0.077% neg 0  invalid 762 tFOTS 0.0000 tGradient 1.7440 tsec 2.0790
#GCMRL#  251 dt  36.288000 rms  0.561  0.077% neg 0  invalid 762 tFOTS 0.0000 tGradient 1.7460 tsec 2.1050
#GCMRL#  252 dt  36.288000 rms  0.560  0.075% neg 0  invalid 762 tFOTS 0.0000 tGradient 1.7280 tsec 2.0670
#GCMRL#  253 dt  36.288000 rms  0.560  0.075% neg 0  invalid 762 tFOTS 0.0000 tGradient 1.7780 tsec 2.1150
#GCMRL#  254 dt  36.288000 rms  0.559  0.072% neg 0  invalid 762 tFOTS 0.0000 tGradient 1.7720 tsec 2.1100
#GCMRL#  255 dt  36.288000 rms  0.559  0.068% neg 0  invalid 762 tFOTS 0.0000 tGradient 1.7750 tsec 2.1130
#GCMRL#  256 dt  36.288000 rms  0.559  0.063% neg 0  invalid 762 tFOTS 0.0000 tGradient 1.7840 tsec 2.1220
#GCMRL#  257 dt  36.288000 rms  0.558  0.060% neg 0  invalid 762 tFOTS 0.0000 tGradient 1.8130 tsec 2.1510
#GCMRL#  258 dt  36.288000 rms  0.558  0.058% neg 0  invalid 762 tFOTS 0.0000 tGradient 1.7950 tsec 2.1310
#GCMRL#  259 dt  36.288000 rms  0.558  0.056% neg 0  invalid 762 tFOTS 0.0000 tGradient 1.8050 tsec 2.1450
#GCMRL#  260 dt  36.288000 rms  0.557  0.055% neg 0  invalid 762 tFOTS 0.0000 tGradient 1.8470 tsec 2.1870
#GCMRL#  261 dt  36.288000 rms  0.557  0.054% neg 0  invalid 762 tFOTS 0.0000 tGradient 1.8210 tsec 2.1570
#GCMRL#  262 dt  36.288000 rms  0.557  0.053% neg 0  invalid 762 tFOTS 0.0000 tGradient 1.8270 tsec 2.1620
#GCMRL#  263 dt  36.288000 rms  0.557  0.050% neg 0  invalid 762 tFOTS 0.0000 tGradient 1.8020 tsec 2.1420
#GCMRL#  264 dt  36.288000 rms  0.556  0.049% neg 0  invalid 762 tFOTS 0.0000 tGradient 1.8040 tsec 2.1450
#GCMRL#  265 dt  36.288000 rms  0.556  0.049% neg 0  invalid 762 tFOTS 0.0000 tGradient 1.8040 tsec 2.1420
#GCMRL#  266 dt  36.288000 rms  0.556  0.050% neg 0  invalid 762 tFOTS 0.0000 tGradient 1.8450 tsec 2.1850
#GCMRL#  267 dt  36.288000 rms  0.555  0.049% neg 0  invalid 762 tFOTS 0.0000 tGradient 1.7980 tsec 2.1360
#GCMRL#  268 dt  36.288000 rms  0.555  0.048% neg 0  invalid 762 tFOTS 0.0000 tGradient 1.7960 tsec 2.1360
#GCMRL#  269 dt  36.288000 rms  0.555  0.046% neg 0  invalid 762 tFOTS 0.0000 tGradient 1.8070 tsec 2.1490
#GCMRL#  270 dt  36.288000 rms  0.555  0.045% neg 0  invalid 762 tFOTS 0.0000 tGradient 1.8010 tsec 2.1340
#GCMRL#  271 dt  36.288000 rms  0.554  0.042% neg 0  invalid 762 tFOTS 0.0000 tGradient 1.8080 tsec 2.1460
#GCMRL#  272 dt  36.288000 rms  0.554  0.040% neg 0  invalid 762 tFOTS 0.0000 tGradient 1.7980 tsec 2.1340
#GCMRL#  273 dt  36.288000 rms  0.554  0.041% neg 0  invalid 762 tFOTS 0.0000 tGradient 1.9370 tsec 2.2870
#GCMRL#  274 dt  36.288000 rms  0.554  0.042% neg 0  invalid 762 tFOTS 0.0000 tGradient 1.9090 tsec 2.2550
#GCMRL#  275 dt  36.288000 rms  0.554  0.042% neg 0  invalid 762 tFOTS 0.0000 tGradient 1.8800 tsec 2.2280
#GCMRL#  276 dt  36.288000 rms  0.553  0.041% neg 0  invalid 762 tFOTS 0.0000 tGradient 1.8090 tsec 2.1600
#GCMRL#  277 dt  36.288000 rms  0.553  0.039% neg 0  invalid 762 tFOTS 0.0000 tGradient 1.7980 tsec 2.1480
#GCMRL#  278 dt  36.288000 rms  0.553  0.035% neg 0  invalid 762 tFOTS 0.0000 tGradient 1.7980 tsec 2.1430
#GCMRL#  279 dt  36.288000 rms  0.553  0.033% neg 0  invalid 762 tFOTS 0.0000 tGradient 1.8190 tsec 2.1700
#GCMRL#  280 dt  36.288000 rms  0.553  0.032% neg 0  invalid 762 tFOTS 0.0000 tGradient 1.8380 tsec 2.1880
#GCMRL#  281 dt  36.288000 rms  0.552  0.032% neg 0  invalid 762 tFOTS 0.0000 tGradient 1.8130 tsec 2.1600
#GCMRL#  282 dt  36.288000 rms  0.552  0.035% neg 0  invalid 762 tFOTS 0.0000 tGradient 1.8140 tsec 2.1660
#GCMRL#  283 dt  36.288000 rms  0.552  0.035% neg 0  invalid 762 tFOTS 0.0000 tGradient 1.7930 tsec 2.1450
#GCMRL#  284 dt  36.288000 rms  0.552  0.034% neg 0  invalid 762 tFOTS 0.0000 tGradient 1.8200 tsec 2.1720
#GCMRL#  285 dt  36.288000 rms  0.552  0.033% neg 0  invalid 762 tFOTS 0.0000 tGradient 2.1390 tsec 2.5410
#GCMRL#  286 dt  36.288000 rms  0.551  0.034% neg 0  invalid 762 tFOTS 0.0000 tGradient 2.0090 tsec 2.3550
#GCMRL#  287 dt  36.288000 rms  0.551  0.036% neg 0  invalid 762 tFOTS 0.0000 tGradient 1.7870 tsec 2.1320
#GCMRL#  288 dt  36.288000 rms  0.551  0.033% neg 0  invalid 762 tFOTS 0.0000 tGradient 1.8040 tsec 2.1480
#GCMRL#  289 dt  36.288000 rms  0.551  0.033% neg 0  invalid 762 tFOTS 0.0000 tGradient 1.7940 tsec 2.1390
#GCMRL#  290 dt  36.288000 rms  0.551  0.033% neg 0  invalid 762 tFOTS 0.0000 tGradient 1.8330 tsec 2.1800
#GCMRL#  291 dt  36.288000 rms  0.550  0.031% neg 0  invalid 762 tFOTS 0.0000 tGradient 1.7920 tsec 2.1340
#GCMRL#  292 dt  36.288000 rms  0.550  0.029% neg 0  invalid 762 tFOTS 0.0000 tGradient 1.8580 tsec 2.2000
#GCMRL#  293 dt  36.288000 rms  0.550  0.029% neg 0  invalid 762 tFOTS 0.0000 tGradient 1.8530 tsec 2.1940
#GCMRL#  294 dt  36.288000 rms  0.550  0.028% neg 0  invalid 762 tFOTS 0.0000 tGradient 1.7690 tsec 2.0970
#GCMRL#  295 dt  36.288000 rms  0.550  0.030% neg 0  invalid 762 tFOTS 0.0000 tGradient 1.7620 tsec 2.0910
#GCMRL#  296 dt  36.288000 rms  0.550  0.029% neg 0  invalid 762 tFOTS 0.0000 tGradient 1.7530 tsec 2.0830
#GCMRL#  297 dt  36.288000 rms  0.550  0.027% neg 0  invalid 762 tFOTS 0.0000 tGradient 1.8160 tsec 2.1450
#GCMRL#  298 dt  36.288000 rms  0.549  0.027% neg 0  invalid 762 tFOTS 0.0000 tGradient 1.7260 tsec 2.0590
#GCMRL#  299 dt  36.288000 rms  0.549  0.024% neg 0  invalid 762 tFOTS 0.0000 tGradient 1.7170 tsec 2.0610
#GCMRL#  300 dt  36.288000 rms  0.549  0.027% neg 0  invalid 762 tFOTS 0.0000 tGradient 1.7730 tsec 2.1150
#GCMRL#  301 dt  36.288000 rms  0.549  0.028% neg 0  invalid 762 tFOTS 0.0000 tGradient 1.7670 tsec 2.1070
#GCMRL#  302 dt  36.288000 rms  0.549  0.029% neg 0  invalid 762 tFOTS 0.0000 tGradient 1.7300 tsec 2.0590
#GCMRL#  303 dt  36.288000 rms  0.549  0.028% neg 0  invalid 762 tFOTS 0.0000 tGradient 1.6970 tsec 2.0320
#GCMRL#  304 dt  36.288000 rms  0.548  0.028% neg 0  invalid 762 tFOTS 0.0000 tGradient 1.8160 tsec 2.1500
#GCMRL#  305 dt  36.288000 rms  0.548  0.026% neg 0  invalid 762 tFOTS 0.0000 tGradient 1.7930 tsec 2.1310
#GCMRL#  306 dt  36.288000 rms  0.548  0.025% neg 0  invalid 762 tFOTS 0.0000 tGradient 1.8120 tsec 2.1380
#GCMRL#  307 dt  36.288000 rms  0.548  0.024% neg 0  invalid 762 tFOTS 0.0000 tGradient 1.7890 tsec 2.1550
#FOTS# QuadFit found better minimum quadopt=(dt=580.608,rms=0.547884) vs oldopt=(dt=414.72,rms=0.547921)
#GCMRL#  308 dt 580.608000 rms  0.548  0.033% neg 0  invalid 762 tFOTS 4.8110 tGradient 1.7930 tsec 6.9750
#FOTS# QuadFit found better minimum quadopt=(dt=9.072,rms=0.547873) vs oldopt=(dt=6.48,rms=0.547873)
#GCMRL#  309 dt   9.072000 rms  0.548  0.000% neg 0  invalid 762 tFOTS 4.6450 tGradient 1.7450 tsec 6.7590
#GCMRL#  310 dt   9.072000 rms  0.548  0.000% neg 0  invalid 762 tFOTS 0.0000 tGradient 1.7260 tsec 2.0630

#GCAMreg# pass 0 level1 4 level2 1 tsec 345.681 sigma 0.5
l_jacobian=1.00 l_label=1.00 l_log_likelihood=0.20 l_smoothness=0.03 
tol=5.00e-02, dt=5.00e-02, exp_k=20.0, momentum=0.90, levels=6, niter=500, lbl_dist=10.00, avgs=64, sigma=0.5,type=2, relabel=0, neg=no

blurring input image with Gaussian with sigma=0.500...
GCAMRegisterLevel(): init RMS 0.548602
#FOTS# QuadFit found better minimum quadopt=(dt=145.152,rms=0.545562) vs oldopt=(dt=103.68,rms=0.545856)
#GCMRL#  312 dt 145.152000 rms  0.546  0.554% neg 0  invalid 762 tFOTS 4.7910 tGradient 1.7230 tsec 6.9080
#FOTS# QuadFit found better minimum quadopt=(dt=36.288,rms=0.545291) vs oldopt=(dt=25.92,rms=0.545341)
#GCMRL#  313 dt  36.288000 rms  0.545  0.000% neg 0  invalid 762 tFOTS 4.6350 tGradient 1.9600 tsec 7.0270
#GCMRL#  314 dt  36.288000 rms  0.545  0.022% neg 0  invalid 762 tFOTS 0.0000 tGradient 1.8630 tsec 2.1960
#GCMRL#  315 dt  36.288000 rms  0.545  0.030% neg 0  invalid 762 tFOTS 0.0000 tGradient 2.1160 tsec 2.4620
#GCMRL#  316 dt  36.288000 rms  0.545  0.047% neg 0  invalid 762 tFOTS 0.0000 tGradient 2.0300 tsec 2.4090
#GCMRL#  317 dt  36.288000 rms  0.544  0.077% neg 0  invalid 762 tFOTS 0.0000 tGradient 2.0250 tsec 2.3720
#GCMRL#  318 dt  36.288000 rms  0.544  0.100% neg 0  invalid 762 tFOTS 0.0000 tGradient 1.9690 tsec 2.3190
#GCMRL#  319 dt  36.288000 rms  0.543  0.096% neg 0  invalid 762 tFOTS 0.0000 tGradient 1.9900 tsec 2.3360
#GCMRL#  320 dt  36.288000 rms  0.543  0.080% neg 0  invalid 762 tFOTS 0.0000 tGradient 2.0820 tsec 2.4260
#GCMRL#  321 dt  36.288000 rms  0.542  0.064% neg 0  invalid 762 tFOTS 0.0000 tGradient 2.0640 tsec 2.4130
#GCMRL#  322 dt  36.288000 rms  0.542  0.049% neg 0  invalid 762 tFOTS 0.0000 tGradient 2.0590 tsec 2.4100
#GCMRL#  323 dt  36.288000 rms  0.542  0.039% neg 0  invalid 762 tFOTS 0.0000 tGradient 2.0510 tsec 2.4000
#GCMRL#  324 dt  36.288000 rms  0.542  0.040% neg 0  invalid 762 tFOTS 0.0000 tGradient 2.0640 tsec 2.4090
#GCMRL#  325 dt  36.288000 rms  0.542  0.046% neg 0  invalid 762 tFOTS 0.0000 tGradient 2.1000 tsec 2.4480
#GCMRL#  326 dt  36.288000 rms  0.541  0.052% neg 0  invalid 762 tFOTS 0.0000 tGradient 1.9820 tsec 2.3310
#GCMRL#  327 dt  36.288000 rms  0.541  0.052% neg 0  invalid 762 tFOTS 0.0000 tGradient 1.9850 tsec 2.3370
#GCMRL#  328 dt  36.288000 rms  0.541  0.051% neg 0  invalid 762 tFOTS 0.0000 tGradient 2.0210 tsec 2.3530
#GCMRL#  329 dt  36.288000 rms  0.540  0.045% neg 0  invalid 762 tFOTS 0.0000 tGradient 2.1540 tsec 2.4900
#GCMRL#  330 dt  36.288000 rms  0.540  0.042% neg 0  invalid 762 tFOTS 0.0000 tGradient 1.9810 tsec 2.3180
#GCMRL#  331 dt  36.288000 rms  0.540  0.040% neg 0  invalid 762 tFOTS 0.0000 tGradient 1.7980 tsec 2.1290
#GCMRL#  332 dt  36.288000 rms  0.540  0.041% neg 0  invalid 762 tFOTS 0.0000 tGradient 1.8060 tsec 2.1350
#GCMRL#  333 dt  36.288000 rms  0.540  0.043% neg 0  invalid 762 tFOTS 0.0000 tGradient 1.7820 tsec 2.1160
#GCMRL#  334 dt  36.288000 rms  0.539  0.043% neg 0  invalid 762 tFOTS 0.0000 tGradient 1.7810 tsec 2.1180
#GCMRL#  335 dt  36.288000 rms  0.539  0.041% neg 0  invalid 762 tFOTS 0.0000 tGradient 1.8310 tsec 2.1640
#GCMRL#  336 dt  36.288000 rms  0.539  0.041% neg 0  invalid 762 tFOTS 0.0000 tGradient 1.7900 tsec 2.1200
#GCMRL#  337 dt  36.288000 rms  0.539  0.036% neg 0  invalid 762 tFOTS 0.0000 tGradient 1.7210 tsec 2.0470
#GCMRL#  338 dt  36.288000 rms  0.539  0.033% neg 0  invalid 762 tFOTS 0.0000 tGradient 1.7570 tsec 2.0930
#GCMRL#  339 dt  36.288000 rms  0.538  0.028% neg 0  invalid 762 tFOTS 0.0000 tGradient 1.7310 tsec 2.0610
#GCMRL#  340 dt  36.288000 rms  0.538  0.030% neg 0  invalid 762 tFOTS 0.0000 tGradient 1.7260 tsec 2.0610
#GCMRL#  341 dt  36.288000 rms  0.538  0.030% neg 0  invalid 762 tFOTS 0.0000 tGradient 1.7150 tsec 2.0410
#GCMRL#  342 dt  36.288000 rms  0.538  0.030% neg 0  invalid 762 tFOTS 0.0000 tGradient 1.7550 tsec 2.0740
#GCMRL#  343 dt  36.288000 rms  0.538  0.030% neg 0  invalid 762 tFOTS 0.0000 tGradient 2.1140 tsec 2.4380
#GCMRL#  344 dt  36.288000 rms  0.538  0.029% neg 0  invalid 762 tFOTS 0.0000 tGradient 1.7800 tsec 2.1030
#GCMRL#  345 dt  36.288000 rms  0.537  0.027% neg 0  invalid 762 tFOTS 0.0000 tGradient 1.7380 tsec 2.0600
#GCMRL#  346 dt  36.288000 rms  0.537  0.026% neg 0  invalid 762 tFOTS 0.0000 tGradient 1.7170 tsec 2.0320
#GCMRL#  347 dt  36.288000 rms  0.537  0.027% neg 0  invalid 762 tFOTS 0.0000 tGradient 1.7420 tsec 2.0650
#GCMRL#  348 dt  36.288000 rms  0.537  0.028% neg 0  invalid 762 tFOTS 0.0000 tGradient 1.7500 tsec 2.0710
#GCMRL#  349 dt  36.288000 rms  0.537  0.028% neg 0  invalid 762 tFOTS 0.0000 tGradient 1.7430 tsec 2.0670
#GCMRL#  350 dt  36.288000 rms  0.537  0.028% neg 0  invalid 762 tFOTS 0.0000 tGradient 1.6920 tsec 2.0170
#GCMRL#  351 dt  36.288000 rms  0.537  0.028% neg 0  invalid 762 tFOTS 0.0000 tGradient 1.8500 tsec 2.1700
#GCMRL#  352 dt  36.288000 rms  0.536  0.024% neg 0  invalid 762 tFOTS 0.0000 tGradient 1.7310 tsec 2.0570
#GCMRL#  353 dt  36.288000 rms  0.536  0.024% neg 0  invalid 762 tFOTS 0.0000 tGradient 1.7840 tsec 2.1090
#GCMRL#  354 dt  36.288000 rms  0.536  0.022% neg 0  invalid 762 tFOTS 0.0000 tGradient 1.7500 tsec 2.0960
#GCMRL#  355 dt 414.720000 rms  0.536  0.000% neg 0  invalid 762 tFOTS 5.0210 tGradient 1.7040 tsec 7.1100
setting smoothness cost coefficient to 0.118

#GCAMreg# pass 0 level1 3 level2 0 tsec 0 sigma 2
l_jacobian=1.00 l_label=1.00 l_log_likelihood=0.20 l_smoothness=0.12 
tol=5.00e-02, dt=5.00e-02, exp_k=20.0, momentum=0.90, levels=6, niter=500, lbl_dist=10.00, avgs=16, sigma=2.0,type=2, relabel=0, neg=no

blurring input image with Gaussian with sigma=2.000...
GCAMRegisterLevel(): init RMS 0.549205
#FOTS# QuadFit found better minimum quadopt=(dt=25.6,rms=0.547428) vs oldopt=(dt=32,rms=0.547531)
#GCMRL#  357 dt  25.600000 rms  0.547  0.324% neg 0  invalid 762 tFOTS 4.6230 tGradient 1.6110 tsec 6.5720
#FOTS# QuadFit found better minimum quadopt=(dt=108.255,rms=0.544813) vs oldopt=(dt=32,rms=0.545555)
#GCMRL#  358 dt 108.255319 rms  0.545  0.478% neg 0  invalid 762 tFOTS 4.3250 tGradient 1.5420 tsec 6.2430
#GCMRL#  359 dt 128.000000 rms  0.536  1.642% neg 0  invalid 762 tFOTS 4.5670 tGradient 1.6180 tsec 6.5320
#FOTS# QuadFit found better minimum quadopt=(dt=27.7701,rms=0.533056) vs oldopt=(dt=32,rms=0.533171)
#GCMRL#  360 dt  27.770115 rms  0.533  0.524% neg 0  invalid 762 tFOTS 4.2280 tGradient 1.6620 tsec 6.2190
#GCMRL#  361 dt  32.000000 rms  0.533  0.097% neg 0  invalid 762 tFOTS 4.3260 tGradient 1.7790 tsec 6.4530
#FOTS# QuadFit found better minimum quadopt=(dt=179.2,rms=0.52924) vs oldopt=(dt=128,rms=0.529524)
#GCMRL#  362 dt 179.200000 rms  0.529  0.620% neg 0  invalid 762 tFOTS 4.4320 tGradient 1.5650 tsec 6.3290
#FOTS# QuadFit found better minimum quadopt=(dt=25.6,rms=0.527519) vs oldopt=(dt=32,rms=0.527623)
#GCMRL#  363 dt  25.600000 rms  0.528  0.325% neg 0  invalid 762 tFOTS 4.4230 tGradient 1.6880 tsec 6.4410
#GCMRL#  364 dt 128.000000 rms  0.525  0.462% neg 0  invalid 762 tFOTS 4.4410 tGradient 1.6520 tsec 6.4410
#FOTS# QuadFit found better minimum quadopt=(dt=23.1111,rms=0.523914) vs oldopt=(dt=32,rms=0.524165)
#GCMRL#  365 dt  23.111111 rms  0.524  0.223% neg 0  invalid 762 tFOTS 4.7160 tGradient 1.5590 tsec 6.6360
#FOTS# QuadFit found better minimum quadopt=(dt=44.8,rms=0.523065) vs oldopt=(dt=32,rms=0.523194)
#GCMRL#  366 dt  44.800000 rms  0.523  0.162% neg 0  invalid 762 tFOTS 4.3760 tGradient 1.6890 tsec 6.4180
#FOTS# QuadFit found better minimum quadopt=(dt=44.8,rms=0.522629) vs oldopt=(dt=32,rms=0.52271)
#GCMRL#  367 dt  44.800000 rms  0.523  0.083% neg 0  invalid 762 tFOTS 4.5510 tGradient 1.5710 tsec 6.4720
#FOTS# QuadFit found better minimum quadopt=(dt=44.8,rms=0.521845) vs oldopt=(dt=32,rms=0.521999)
#GCMRL#  368 dt  44.800000 rms  0.522  0.150% neg 0  invalid 762 tFOTS 4.1850 tGradient 1.5670 tsec 6.1080
#GCMRL#  369 dt  32.000000 rms  0.522  0.059% neg 0  invalid 762 tFOTS 4.4720 tGradient 1.5420 tsec 6.3460
#FOTS# QuadFit found better minimum quadopt=(dt=44.8,rms=0.520858) vs oldopt=(dt=32,rms=0.521)
#GCMRL#  370 dt  44.800000 rms  0.521  0.131% neg 0  invalid 762 tFOTS 4.6910 tGradient 1.5730 tsec 6.6360
#GCMRL#  371 dt  32.000000 rms  0.521  0.000% neg 0  invalid 762 tFOTS 4.6650 tGradient 1.5870 tsec 6.6330
#GCMRL#  372 dt  32.000000 rms  0.520  0.101% neg 0  invalid 762 tFOTS 0.0000 tGradient 1.5110 tsec 1.8400
#GCMRL#  373 dt  32.000000 rms  0.519  0.145% neg 0  invalid 762 tFOTS 0.0000 tGradient 1.5180 tsec 1.8600
#GCMRL#  374 dt  32.000000 rms  0.518  0.162% neg 0  invalid 762 tFOTS 0.0000 tGradient 1.5270 tsec 1.8620
#GCMRL#  375 dt  32.000000 rms  0.517  0.220% neg 0  invalid 762 tFOTS 0.0000 tGradient 1.5210 tsec 1.8490
#GCMRL#  376 dt  32.000000 rms  0.516  0.268% neg 0  invalid 762 tFOTS 0.0000 tGradient 1.4890 tsec 1.8160
#GCMRL#  377 dt  32.000000 rms  0.515  0.265% neg 0  invalid 762 tFOTS 0.0000 tGradient 1.5010 tsec 1.8350
#GCMRL#  378 dt  32.000000 rms  0.513  0.240% neg 0  invalid 762 tFOTS 0.0000 tGradient 1.5270 tsec 1.8710
#GCMRL#  379 dt  32.000000 rms  0.512  0.241% neg 0  invalid 762 tFOTS 0.0000 tGradient 1.4940 tsec 1.8390
#GCMRL#  380 dt  32.000000 rms  0.511  0.258% neg 0  invalid 762 tFOTS 0.0000 tGradient 1.5610 tsec 1.9020
#GCMRL#  381 dt  32.000000 rms  0.510  0.237% neg 0  invalid 762 tFOTS 0.0000 tGradient 1.5590 tsec 1.9190
#GCMRL#  382 dt  32.000000 rms  0.510  0.002% neg 0  invalid 762 tFOTS 0.0000 tGradient 1.4970 tsec 2.0220
#GCMRL#  383 dt  32.000000 rms  0.509  0.024% neg 0  invalid 762 tFOTS 0.0000 tGradient 1.5160 tsec 1.8580
#GCMRL#  384 dt  32.000000 rms  0.509  0.042% neg 0  invalid 762 tFOTS 0.0000 tGradient 1.4670 tsec 1.7980
#GCMRL#  385 dt  32.000000 rms  0.509  0.038% neg 0  invalid 762 tFOTS 0.0000 tGradient 1.5130 tsec 1.8370
#GCMRL#  386 dt  32.000000 rms  0.509  0.042% neg 0  invalid 762 tFOTS 0.0000 tGradient 1.4750 tsec 1.8050
#GCMRL#  387 dt  32.000000 rms  0.509  0.064% neg 0  invalid 762 tFOTS 0.0000 tGradient 1.5390 tsec 1.8840
#GCMRL#  388 dt  32.000000 rms  0.508  0.082% neg 0  invalid 762 tFOTS 0.0000 tGradient 1.5470 tsec 1.8920
#GCMRL#  389 dt  32.000000 rms  0.508  0.089% neg 0  invalid 762 tFOTS 0.0000 tGradient 1.5540 tsec 1.9000
#GCMRL#  390 dt  32.000000 rms  0.507  0.111% neg 0  invalid 762 tFOTS 0.0000 tGradient 1.5330 tsec 1.8790
#GCMRL#  391 dt  32.000000 rms  0.507  0.101% neg 0  invalid 762 tFOTS 0.0000 tGradient 1.5090 tsec 1.8460
#GCMRL#  392 dt  32.000000 rms  0.506  0.112% neg 0  invalid 762 tFOTS 0.0000 tGradient 1.4730 tsec 1.7930
#GCMRL#  393 dt  32.000000 rms  0.505  0.123% neg 0  invalid 762 tFOTS 0.0000 tGradient 1.4700 tsec 1.8000
#GCMRL#  394 dt  32.000000 rms  0.505  0.119% neg 0  invalid 762 tFOTS 0.0000 tGradient 1.4690 tsec 1.7910
#GCMRL#  395 dt  32.000000 rms  0.504  0.107% neg 0  invalid 762 tFOTS 0.0000 tGradient 1.4790 tsec 1.8070
#GCMRL#  396 dt  32.000000 rms  0.504  0.104% neg 0  invalid 762 tFOTS 0.0000 tGradient 1.4820 tsec 1.8120
#GCMRL#  397 dt  32.000000 rms  0.504  0.013% neg 0  invalid 762 tFOTS 0.0000 tGradient 1.4890 tsec 1.9960
#GCMRL#  398 dt  32.000000 rms  0.504  0.012% neg 0  invalid 762 tFOTS 0.0000 tGradient 1.4780 tsec 1.8260
#FOTS# QuadFit found better minimum quadopt=(dt=44.8,rms=0.503539) vs oldopt=(dt=32,rms=0.503548)
#GCMRL#  399 dt  44.800000 rms  0.504  0.000% neg 0  invalid 762 tFOTS 4.2300 tGradient 1.5070 tsec 6.1190
#GCMRL#  400 dt  44.800000 rms  0.503  0.016% neg 0  invalid 762 tFOTS 0.0000 tGradient 1.6300 tsec 1.9890
#GCMRL#  401 dt  44.800000 rms  0.503  0.019% neg 0  invalid 762 tFOTS 0.0000 tGradient 1.4730 tsec 1.8070
#GCMRL#  402 dt  44.800000 rms  0.503  0.031% neg 0  invalid 762 tFOTS 0.0000 tGradient 1.4840 tsec 1.8130
#GCMRL#  403 dt  44.800000 rms  0.503  0.047% neg 0  invalid 762 tFOTS 0.0000 tGradient 1.4770 tsec 1.8070
#GCMRL#  404 dt  44.800000 rms  0.503  0.054% neg 0  invalid 762 tFOTS 0.0000 tGradient 1.4890 tsec 1.8310
#GCMRL#  405 dt  44.800000 rms  0.502  0.046% neg 0  invalid 762 tFOTS 0.0000 tGradient 1.5160 tsec 1.8550
#GCMRL#  406 dt  44.800000 rms  0.502  0.060% neg 0  invalid 762 tFOTS 0.0000 tGradient 1.4940 tsec 1.8390
#GCMRL#  407 dt  44.800000 rms  0.502  0.066% neg 0  invalid 762 tFOTS 0.0000 tGradient 1.4800 tsec 1.8170
#GCMRL#  408 dt  44.800000 rms  0.501  0.072% neg 0  invalid 762 tFOTS 0.0000 tGradient 1.4780 tsec 1.8160
#GCMRL#  409 dt  44.800000 rms  0.501  0.053% neg 0  invalid 762 tFOTS 0.0000 tGradient 1.4620 tsec 1.8020
#GCMRL#  410 dt  44.800000 rms  0.501  0.065% neg 0  invalid 762 tFOTS 0.0000 tGradient 1.4950 tsec 1.8320
#GCMRL#  411 dt  44.800000 rms  0.500  0.077% neg 0  invalid 762 tFOTS 0.0000 tGradient 1.4730 tsec 1.8140
#GCMRL#  412 dt  44.800000 rms  0.500  0.058% neg 0  invalid 762 tFOTS 0.0000 tGradient 1.5060 tsec 1.8580
#GCMRL#  413 dt  44.800000 rms  0.500  0.044% neg 0  invalid 762 tFOTS 0.0000 tGradient 1.5440 tsec 1.8990
#GCMRL#  414 dt  44.800000 rms  0.500  0.057% neg 0  invalid 762 tFOTS 0.0000 tGradient 1.5480 tsec 1.9020
#GCMRL#  415 dt  44.800000 rms  0.499  0.045% neg 0  invalid 762 tFOTS 0.0000 tGradient 1.5530 tsec 1.9110
#GCMRL#  416 dt  44.800000 rms  0.499  0.068% neg 0  invalid 762 tFOTS 0.0000 tGradient 1.5330 tsec 1.8890
#GCMRL#  417 dt  44.800000 rms  0.499  0.036% neg 0  invalid 762 tFOTS 0.0000 tGradient 1.4830 tsec 1.8320
#GCMRL#  418 dt  44.800000 rms  0.499  0.061% neg 0  invalid 762 tFOTS 0.0000 tGradient 1.6330 tsec 1.9950
#GCMRL#  419 dt  44.800000 rms  0.498  0.043% neg 0  invalid 762 tFOTS 0.0000 tGradient 1.7860 tsec 2.1810
#GCMRL#  420 dt  44.800000 rms  0.498  0.030% neg 0  invalid 762 tFOTS 0.0000 tGradient 1.5240 tsec 1.8650
#GCMRL#  421 dt  44.800000 rms  0.498  0.054% neg 0  invalid 762 tFOTS 0.0000 tGradient 1.5660 tsec 1.9160
#GCMRL#  422 dt  44.800000 rms  0.498  0.033% neg 0  invalid 762 tFOTS 0.0000 tGradient 1.4730 tsec 1.8090
#GCMRL#  423 dt  44.800000 rms  0.498  0.060% neg 0  invalid 762 tFOTS 0.0000 tGradient 1.4640 tsec 1.8190
#GCMRL#  424 dt  44.800000 rms  0.497  0.051% neg 0  invalid 762 tFOTS 0.0000 tGradient 1.4880 tsec 1.8320
#GCMRL#  425 dt  44.800000 rms  0.497  0.041% neg 0  invalid 762 tFOTS 0.0000 tGradient 1.4870 tsec 1.8390
#GCMRL#  426 dt  44.800000 rms  0.497  0.030% neg 0  invalid 762 tFOTS 0.0000 tGradient 1.4790 tsec 1.8270
#GCMRL#  427 dt  44.800000 rms  0.497  0.006% neg 0  invalid 762 tFOTS 0.0000 tGradient 1.4960 tsec 1.8380
#GCMRL#  428 dt  44.800000 rms  0.497  0.041% neg 0  invalid 762 tFOTS 0.0000 tGradient 1.4710 tsec 1.8120
#GCMRL#  429 dt  44.800000 rms  0.496  0.044% neg 0  invalid 762 tFOTS 0.0000 tGradient 1.4680 tsec 1.8150
#GCMRL#  430 dt  44.800000 rms  0.496  0.049% neg 0  invalid 762 tFOTS 0.0000 tGradient 1.4740 tsec 1.8180
#GCMRL#  431 dt  44.800000 rms  0.496  0.005% neg 0  invalid 762 tFOTS 0.0000 tGradient 1.4880 tsec 1.8310
#GCMRL#  432 dt  44.800000 rms  0.496 -0.000% neg 0  invalid 762 tFOTS 0.0000 tGradient 1.4770 tsec 2.0740
#FOTS# QuadFit found better minimum quadopt=(dt=11.2,rms=0.496206) vs oldopt=(dt=8,rms=0.496208)
#GCMRL#  433 dt  11.200000 rms  0.496  0.003% neg 0  invalid 762 tFOTS 4.6290 tGradient 1.4550 tsec 6.4440

#GCAMreg# pass 0 level1 3 level2 1 tsec 236.743 sigma 0.5
l_jacobian=1.00 l_label=1.00 l_log_likelihood=0.20 l_smoothness=0.12 
tol=5.00e-02, dt=5.00e-02, exp_k=20.0, momentum=0.90, levels=6, niter=500, lbl_dist=10.00, avgs=16, sigma=0.5,type=2, relabel=0, neg=no

blurring input image with Gaussian with sigma=0.500...
GCAMRegisterLevel(): init RMS 0.496779
#FOTS# QuadFit found better minimum quadopt=(dt=70.3297,rms=0.493505) vs oldopt=(dt=32,rms=0.494001)
#GCMRL#  435 dt  70.329670 rms  0.494  0.659% neg 0  invalid 762 tFOTS 4.7080 tGradient 1.4820 tsec 6.5330
#FOTS# QuadFit found better minimum quadopt=(dt=11.2,rms=0.493077) vs oldopt=(dt=8,rms=0.493167)
#GCMRL#  436 dt  11.200000 rms  0.493  0.087% neg 0  invalid 762 tFOTS 4.7140 tGradient 1.4930 tsec 6.5560
#FOTS# QuadFit found better minimum quadopt=(dt=25.6,rms=0.492837) vs oldopt=(dt=32,rms=0.492865)
#GCMRL#  437 dt  25.600000 rms  0.493  0.000% neg 0  invalid 762 tFOTS 4.7010 tGradient 1.5020 tsec 6.5980
#GCMRL#  438 dt  25.600000 rms  0.493  0.052% neg 0  invalid 762 tFOTS 0.0000 tGradient 1.5560 tsec 1.9140
#GCMRL#  439 dt  25.600000 rms  0.492  0.072% neg 0  invalid 762 tFOTS 0.0000 tGradient 1.5560 tsec 1.9040
#GCMRL#  440 dt  25.600000 rms  0.492  0.075% neg 0  invalid 762 tFOTS 0.0000 tGradient 1.5570 tsec 1.9090
#GCMRL#  441 dt  25.600000 rms  0.492  0.067% neg 0  invalid 762 tFOTS 0.0000 tGradient 1.5210 tsec 1.8640
#GCMRL#  442 dt  25.600000 rms  0.491  0.062% neg 0  invalid 762 tFOTS 0.0000 tGradient 1.5900 tsec 1.9080
#GCMRL#  443 dt  25.600000 rms  0.491  0.061% neg 0  invalid 762 tFOTS 0.0000 tGradient 1.4950 tsec 1.8150
#GCMRL#  444 dt  25.600000 rms  0.491  0.045% neg 0  invalid 762 tFOTS 0.0000 tGradient 1.5330 tsec 1.8590
#GCMRL#  445 dt  25.600000 rms  0.491  0.035% neg 0  invalid 762 tFOTS 0.0000 tGradient 1.4680 tsec 1.8020
#GCMRL#  446 dt  25.600000 rms  0.490  0.038% neg 0  invalid 762 tFOTS 0.0000 tGradient 1.4760 tsec 1.8110
#GCMRL#  447 dt  25.600000 rms  0.490  0.040% neg 0  invalid 762 tFOTS 0.0000 tGradient 1.4540 tsec 1.7960
#GCMRL#  448 dt  25.600000 rms  0.490  0.046% neg 0  invalid 762 tFOTS 0.0000 tGradient 1.4880 tsec 1.8310
#GCMRL#  449 dt  25.600000 rms  0.490  0.056% neg 0  invalid 762 tFOTS 0.0000 tGradient 1.6760 tsec 2.0370
#GCMRL#  450 dt  25.600000 rms  0.489  0.056% neg 0  invalid 762 tFOTS 0.0000 tGradient 1.4870 tsec 1.8100
#GCMRL#  451 dt  25.600000 rms  0.489  0.043% neg 0  invalid 762 tFOTS 0.0000 tGradient 1.4950 tsec 1.8150
#GCMRL#  452 dt  25.600000 rms  0.489  0.028% neg 0  invalid 762 tFOTS 0.0000 tGradient 1.4980 tsec 1.8220
#GCMRL#  453 dt  25.600000 rms  0.489  0.025% neg 0  invalid 762 tFOTS 0.0000 tGradient 1.4820 tsec 1.8100
#GCMRL#  454 dt  25.600000 rms  0.489  0.023% neg 0  invalid 762 tFOTS 0.0000 tGradient 1.4940 tsec 1.8230
#GCMRL#  455 dt  25.600000 rms  0.489  0.023% neg 0  invalid 762 tFOTS 0.0000 tGradient 1.4810 tsec 1.8080
#GCMRL#  456 dt  25.600000 rms  0.489  0.029% neg 0  invalid 762 tFOTS 0.0000 tGradient 1.5110 tsec 1.8420
#GCMRL#  457 dt  25.600000 rms  0.488  0.027% neg 0  invalid 762 tFOTS 0.0000 tGradient 1.5660 tsec 1.9020
#GCMRL#  458 dt  25.600000 rms  0.488  0.023% neg 0  invalid 762 tFOTS 0.0000 tGradient 1.5480 tsec 1.8910
#GCMRL#  459 dt  25.600000 rms  0.488  0.028% neg 0  invalid 762 tFOTS 0.0000 tGradient 1.5630 tsec 1.9040
#GCMRL#  460 dt  25.600000 rms  0.488  0.028% neg 0  invalid 762 tFOTS 0.0000 tGradient 1.5700 tsec 1.9120
#GCMRL#  461 dt  25.600000 rms  0.488  0.029% neg 0  invalid 762 tFOTS 0.0000 tGradient 1.5670 tsec 1.9080
#GCMRL#  462 dt  25.600000 rms  0.488  0.026% neg 0  invalid 762 tFOTS 0.0000 tGradient 1.5670 tsec 1.9090
#GCMRL#  463 dt  25.600000 rms  0.488  0.023% neg 0  invalid 762 tFOTS 0.0000 tGradient 1.5680 tsec 1.9010
#GCMRL#  464 dt  25.600000 rms  0.487  0.030% neg 0  invalid 762 tFOTS 0.0000 tGradient 1.5530 tsec 1.8990
#GCMRL#  465 dt  25.600000 rms  0.487  0.024% neg 0  invalid 762 tFOTS 0.0000 tGradient 1.5570 tsec 1.8910
#GCMRL#  466 dt  25.600000 rms  0.487  0.022% neg 0  invalid 762 tFOTS 0.0000 tGradient 1.5740 tsec 1.9420
#FOTS# QuadFit found better minimum quadopt=(dt=44.8,rms=0.487207) vs oldopt=(dt=32,rms=0.48722)
#GCMRL#  467 dt  44.800000 rms  0.487  0.000% neg 0  invalid 762 tFOTS 4.8310 tGradient 1.5750 tsec 6.7920
setting smoothness cost coefficient to 0.400

#GCAMreg# pass 0 level1 2 level2 0 tsec 0 sigma 2
l_jacobian=1.00 l_label=1.00 l_log_likelihood=0.20 l_smoothness=0.40 
tol=5.00e-02, dt=5.00e-02, exp_k=20.0, momentum=0.90, levels=6, niter=500, lbl_dist=10.00, avgs=4, sigma=2.0,type=2, relabel=0, neg=no

blurring input image with Gaussian with sigma=2.000...
GCAMRegisterLevel(): init RMS 0.517049
#GCMRL#  469 dt   0.000000 rms  0.517  0.100% neg 0  invalid 762 tFOTS 4.6730 tGradient 1.5070 tsec 6.5290
#GCMRL#  470 dt   0.150000 rms  0.517  0.000% neg 0  invalid 762 tFOTS 4.7060 tGradient 1.5050 tsec 6.8120

#GCAMreg# pass 0 level1 2 level2 1 tsec 24.671 sigma 0.5
l_jacobian=1.00 l_label=1.00 l_log_likelihood=0.20 l_smoothness=0.40 
tol=5.00e-02, dt=5.00e-02, exp_k=20.0, momentum=0.90, levels=6, niter=500, lbl_dist=10.00, avgs=4, sigma=0.5,type=2, relabel=0, neg=no

blurring input image with Gaussian with sigma=0.500...
GCAMRegisterLevel(): init RMS 0.517049
#GCMRL#  472 dt   0.000000 rms  0.517  0.100% neg 0  invalid 762 tFOTS 4.6420 tGradient 1.4840 tsec 6.4820
#GCMRL#  473 dt   0.150000 rms  0.517  0.000% neg 0  invalid 762 tFOTS 4.6260 tGradient 1.4860 tsec 6.8140
setting smoothness cost coefficient to 1.000

#GCAMreg# pass 0 level1 1 level2 0 tsec 0 sigma 2
l_jacobian=1.00 l_label=1.00 l_log_likelihood=0.20 l_smoothness=1.00 
tol=5.00e-02, dt=5.00e-02, exp_k=20.0, momentum=0.90, levels=6, niter=500, lbl_dist=10.00, avgs=1, sigma=2.0,type=2, relabel=0, neg=no

blurring input image with Gaussian with sigma=2.000...
GCAMRegisterLevel(): init RMS 0.574348
#GCMRL#  475 dt   1.280000 rms  0.569  0.846% neg 0  invalid 762 tFOTS 4.6090 tGradient 1.3970 tsec 6.3700
#FOTS# QuadFit found better minimum quadopt=(dt=0.256,rms=0.569395) vs oldopt=(dt=0.32,rms=0.569407)
#GCMRL#  476 dt   0.256000 rms  0.569  0.000% neg 0  invalid 762 tFOTS 4.6140 tGradient 1.3930 tsec 6.4010

#GCAMreg# pass 0 level1 1 level2 1 tsec 24.067 sigma 0.5
l_jacobian=1.00 l_label=1.00 l_log_likelihood=0.20 l_smoothness=1.00 
tol=5.00e-02, dt=5.00e-02, exp_k=20.0, momentum=0.90, levels=6, niter=500, lbl_dist=10.00, avgs=1, sigma=0.5,type=2, relabel=0, neg=no

blurring input image with Gaussian with sigma=0.500...
GCAMRegisterLevel(): init RMS 0.569885
#FOTS# QuadFit found better minimum quadopt=(dt=0.448,rms=0.56917) vs oldopt=(dt=0.32,rms=0.569183)
#GCMRL#  478 dt   0.448000 rms  0.569  0.125% neg 0  invalid 762 tFOTS 4.6190 tGradient 1.3840 tsec 6.3680
#FOTS# QuadFit found better minimum quadopt=(dt=0.028,rms=0.569171) vs oldopt=(dt=0.02,rms=0.569172)
#GCMRL#  479 dt   0.028000 rms  0.569  0.000% neg 0  invalid 762 tFOTS 4.6280 tGradient 1.3810 tsec 6.6350
#GCMRL#  480 dt   0.028000 rms  0.569  0.000% neg 0  invalid 762 tFOTS 0.0000 tGradient 1.3870 tsec 1.7410
resetting metric properties...
setting smoothness cost coefficient to 2.000

#GCAMreg# pass 0 level1 0 level2 0 tsec 0 sigma 2
l_jacobian=1.00 l_label=1.00 l_log_likelihood=0.20 l_smoothness=2.00 
tol=5.00e-02, dt=5.00e-02, exp_k=20.0, momentum=0.90, levels=6, niter=500, lbl_dist=10.00, avgs=0, sigma=2.0,type=2, relabel=0, neg=no

blurring input image with Gaussian with sigma=2.000...
GCAMRegisterLevel(): init RMS 0.498785
#FOTS# QuadFit found better minimum quadopt=(dt=0.448,rms=0.485001) vs oldopt=(dt=0.32,rms=0.488609)
#GCMRL#  482 dt   0.448000 rms  0.485  2.763% neg 0  invalid 762 tFOTS 4.2050 tGradient 0.8950 tsec 5.4620
#FOTS# QuadFit found better minimum quadopt=(dt=0.448,rms=0.482077) vs oldopt=(dt=0.32,rms=0.482887)
#GCMRL#  483 dt   0.448000 rms  0.482  0.603% neg 0  invalid 762 tFOTS 4.2110 tGradient 0.8920 tsec 5.4660
#FOTS# QuadFit found better minimum quadopt=(dt=0.448,rms=0.48025) vs oldopt=(dt=0.32,rms=0.480766)
#GCMRL#  484 dt   0.448000 rms  0.480  0.379% neg 0  invalid 762 tFOTS 4.2050 tGradient 0.8900 tsec 5.4610
#FOTS# QuadFit found better minimum quadopt=(dt=0.448,rms=0.479115) vs oldopt=(dt=0.32,rms=0.479431)
#GCMRL#  485 dt   0.448000 rms  0.479  0.236% neg 0  invalid 762 tFOTS 4.1950 tGradient 0.8770 tsec 5.4340
#FOTS# QuadFit found better minimum quadopt=(dt=0.448,rms=0.478277) vs oldopt=(dt=0.32,rms=0.478511)
#GCMRL#  486 dt   0.448000 rms  0.478  0.175% neg 0  invalid 762 tFOTS 4.2010 tGradient 0.8780 tsec 5.4330
#FOTS# QuadFit found better minimum quadopt=(dt=0.448,rms=0.47766) vs oldopt=(dt=0.32,rms=0.477822)
#GCMRL#  487 dt   0.448000 rms  0.478  0.129% neg 0  invalid 762 tFOTS 4.2740 tGradient 0.9740 tsec 5.6070
#FOTS# QuadFit found better minimum quadopt=(dt=0.448,rms=0.477154) vs oldopt=(dt=0.32,rms=0.477293)
#GCMRL#  488 dt   0.448000 rms  0.477  0.106% neg 0  invalid 762 tFOTS 4.2100 tGradient 0.8810 tsec 5.4470
#FOTS# QuadFit found better minimum quadopt=(dt=0.448,rms=0.476774) vs oldopt=(dt=0.32,rms=0.476867)
#GCMRL#  489 dt   0.448000 rms  0.477  0.080% neg 0  invalid 762 tFOTS 4.2700 tGradient 0.8780 tsec 5.5030
#FOTS# QuadFit found better minimum quadopt=(dt=0.448,rms=0.476434) vs oldopt=(dt=0.32,rms=0.476525)
#GCMRL#  490 dt   0.448000 rms  0.476  0.071% neg 0  invalid 762 tFOTS 4.1870 tGradient 0.8800 tsec 5.4230
#FOTS# QuadFit found better minimum quadopt=(dt=0.448,rms=0.47618) vs oldopt=(dt=0.32,rms=0.476238)
#GCMRL#  491 dt   0.448000 rms  0.476  0.053% neg 0  invalid 762 tFOTS 4.2210 tGradient 0.8730 tsec 5.4500
#FOTS# QuadFit found better minimum quadopt=(dt=0.448,rms=0.475932) vs oldopt=(dt=0.32,rms=0.475992)
#GCMRL#  492 dt   0.448000 rms  0.476  0.052% neg 0  invalid 762 tFOTS 4.1940 tGradient 0.8770 tsec 5.4280
#FOTS# QuadFit found better minimum quadopt=(dt=0.448,rms=0.475761) vs oldopt=(dt=0.32,rms=0.475797)
#GCMRL#  493 dt   0.448000 rms  0.476  0.000% neg 0  invalid 762 tFOTS 4.1730 tGradient 0.8770 tsec 5.4300
#GCMRL#  494 dt   0.448000 rms  0.476  0.040% neg 0  invalid 762 tFOTS 0.0000 tGradient 0.8740 tsec 1.2110
#GCMRL#  495 dt   0.448000 rms  0.475  0.063% neg 0  invalid 762 tFOTS 0.0000 tGradient 0.8750 tsec 1.2170
#GCMRL#  496 dt   0.224000 rms  0.475  0.014% neg 0  invalid 762 tFOTS 0.0000 tGradient 0.8780 tsec 1.5800
#GCMRL#  497 dt   0.224000 rms  0.475  0.028% neg 0  invalid 762 tFOTS 0.0000 tGradient 0.8740 tsec 1.2150
#GCMRL#  498 dt   0.224000 rms  0.475  0.038% neg 0  invalid 762 tFOTS 0.0000 tGradient 0.8770 tsec 1.2190
#GCMRL#  499 dt   0.224000 rms  0.475  0.008% neg 0  invalid 762 tFOTS 0.0000 tGradient 0.8710 tsec 1.4000
#GCMRL#  500 dt   0.224000 rms  0.475  0.012% neg 0  invalid 762 tFOTS 0.0000 tGradient 0.8710 tsec 1.2100
#GCMRL#  501 dt   0.224000 rms  0.475  0.019% neg 0  invalid 762 tFOTS 0.0000 tGradient 0.8760 tsec 1.2150
#GCMRL#  502 dt   0.224000 rms  0.475  0.012% neg 0  invalid 762 tFOTS 0.0000 tGradient 0.8730 tsec 1.4280
#FOTS# QuadFit found better minimum quadopt=(dt=0.112,rms=0.474629) vs oldopt=(dt=0.08,rms=0.474633)
#GCMRL#  503 dt   0.112000 rms  0.475  0.000% neg 0  invalid 762 tFOTS 3.9510 tGradient 0.8720 tsec 5.2000
#GCMRL#  504 dt   0.112000 rms  0.475  0.004% neg 0  invalid 762 tFOTS 0.0000 tGradient 0.8790 tsec 1.2200
#GCMRL#  505 dt   0.112000 rms  0.475  0.005% neg 0  invalid 762 tFOTS 0.0000 tGradient 0.8690 tsec 1.2120
#GCMRL#  506 dt   0.112000 rms  0.475  0.009% neg 0  invalid 762 tFOTS 0.0000 tGradient 0.8680 tsec 1.2090
#GCMRL#  507 dt   0.112000 rms  0.474  0.010% neg 0  invalid 762 tFOTS 0.0000 tGradient 0.8740 tsec 1.2190
#GCMRL#  508 dt   0.112000 rms  0.474  0.011% neg 0  invalid 762 tFOTS 0.0000 tGradient 0.8710 tsec 1.2120
#GCMRL#  509 dt   0.112000 rms  0.474  0.013% neg 0  invalid 762 tFOTS 0.0000 tGradient 0.8740 tsec 1.2210
#GCMRL#  510 dt   0.112000 rms  0.474  0.011% neg 0  invalid 762 tFOTS 0.0000 tGradient 0.8730 tsec 1.2160
#GCMRL#  511 dt   0.112000 rms  0.474  0.012% neg 0  invalid 762 tFOTS 0.0000 tGradient 0.8650 tsec 1.2060

#GCAMreg# pass 0 level1 0 level2 1 tsec 102.649 sigma 0.5
l_jacobian=1.00 l_label=1.00 l_log_likelihood=0.20 l_smoothness=2.00 
tol=5.00e-02, dt=5.00e-02, exp_k=20.0, momentum=0.90, levels=6, niter=500, lbl_dist=10.00, avgs=0, sigma=0.5,type=2, relabel=0, neg=no

blurring input image with Gaussian with sigma=0.500...
GCAMRegisterLevel(): init RMS 0.474814
#GCMRL#  513 dt   0.320000 rms  0.472  0.653% neg 0  invalid 762 tFOTS 4.1690 tGradient 0.8630 tsec 5.3720
#GCMRL#  514 dt   0.320000 rms  0.471  0.181% neg 0  invalid 762 tFOTS 3.8940 tGradient 0.8510 tsec 5.0890
#GCMRL#  515 dt   0.320000 rms  0.471  0.075% neg 0  invalid 762 tFOTS 4.0290 tGradient 0.8350 tsec 5.1960
#GCMRL#  516 dt   0.320000 rms  0.470  0.000% neg 0  invalid 762 tFOTS 3.9240 tGradient 0.9030 tsec 5.1930
#GCMRL#  517 dt   0.320000 rms  0.470  0.020% neg 0  invalid 762 tFOTS 0.0000 tGradient 0.8510 tsec 1.1820
#GCMRL#  518 dt   0.320000 rms  0.470  0.030% neg 0  invalid 762 tFOTS 0.0000 tGradient 0.8330 tsec 1.1550
#GCMRL#  519 dt   0.320000 rms  0.470  0.004% neg 0  invalid 762 tFOTS 0.0000 tGradient 0.8350 tsec 1.3390
#GCMRL#  520 dt   0.320000 rms  0.470  0.010% neg 0  invalid 762 tFOTS 0.0000 tGradient 0.8250 tsec 1.1470
#GCMRL#  521 dt   0.320000 rms  0.470  0.008% neg 0  invalid 762 tFOTS 0.0000 tGradient 0.8330 tsec 1.3710
#GCMRL#  522 dt   0.320000 rms  0.470  0.000% neg 0  invalid 762 tFOTS 4.0410 tGradient 0.8400 tsec 5.2490
#GCMRL#  523 dt   0.320000 rms  0.470  0.006% neg 0  invalid 762 tFOTS 0.0000 tGradient 0.8240 tsec 1.1500
#GCMRL#  524 dt   0.320000 rms  0.470  0.009% neg 0  invalid 762 tFOTS 0.0000 tGradient 0.8150 tsec 1.1510
#GCMRL#  525 dt   0.320000 rms  0.470  0.007% neg 0  invalid 762 tFOTS 0.0000 tGradient 0.8420 tsec 1.3700
#GCMRL#  526 dt   0.320000 rms  0.470  0.008% neg 0  invalid 762 tFOTS 0.0000 tGradient 0.8530 tsec 1.1940
GCAMregister done in 25.2613 min
********************* ALLOWING NEGATIVE NODES IN DEFORMATION********************************
noneg post
Starting GCAMregister()
label assignment complete, 0 changed (0.00%)
npasses = 1, nlevels = 6
#pass# 1 of 1 ************************
enabling zero nodes
setting smoothness cost coefficient to 0.008

#GCAMreg# pass 0 level1 5 level2 0 tsec 0 sigma 2
l_jacobian=1.00 l_label=1.00 l_log_likelihood=0.20 l_smoothness=0.01 
tol=2.50e-01, dt=5.00e-02, exp_k=20.0, momentum=0.90, levels=6, niter=500, lbl_dist=10.00, avgs=256, sigma=2.0,type=2, relabel=0, neg=yes

blurring input image with Gaussian with sigma=2.000...
GCAMRegisterLevel(): init RMS 0.468257
#GCMRL#  528 dt   0.000000 rms  0.468  0.127% neg 0  invalid 762 tFOTS 4.8990 tGradient 2.0440 tsec 7.2770

#GCAMreg# pass 0 level1 5 level2 1 tsec 23.797 sigma 0.5
l_jacobian=1.00 l_label=1.00 l_log_likelihood=0.20 l_smoothness=0.01 
tol=2.50e-01, dt=5.00e-02, exp_k=20.0, momentum=0.90, levels=6, niter=500, lbl_dist=10.00, avgs=256, sigma=0.5,type=2, relabel=0, neg=yes

blurring input image with Gaussian with sigma=0.500...
GCAMRegisterLevel(): init RMS 0.468257
#FOTS# QuadFit found better minimum quadopt=(dt=295.936,rms=0.467091) vs oldopt=(dt=369.92,rms=0.46714)
#GCMRL#  530 dt 295.936000 rms  0.467  0.249% neg 0  invalid 762 tFOTS 4.8950 tGradient 1.8080 tsec 7.0330
#FOTS# QuadFit found better minimum quadopt=(dt=32.368,rms=0.467034) vs oldopt=(dt=23.12,rms=0.467042)
#GCMRL#  531 dt  32.368000 rms  0.467  0.000% neg 0  invalid 762 tFOTS 5.0220 tGradient 1.7490 tsec 7.1350
#GCMRL#  532 dt  32.368000 rms  0.467  0.003% neg 0  invalid 762 tFOTS 0.0000 tGradient 1.7610 tsec 2.0720
setting smoothness cost coefficient to 0.031

#GCAMreg# pass 0 level1 4 level2 0 tsec 0 sigma 2
l_jacobian=1.00 l_label=1.00 l_log_likelihood=0.20 l_smoothness=0.03 
tol=2.50e-01, dt=5.00e-02, exp_k=20.0, momentum=0.90, levels=6, niter=500, lbl_dist=10.00, avgs=64, sigma=2.0,type=2, relabel=0, neg=yes

blurring input image with Gaussian with sigma=2.000...
GCAMRegisterLevel(): init RMS 0.467658
#FOTS# QuadFit found better minimum quadopt=(dt=9.072,rms=0.466989) vs oldopt=(dt=6.48,rms=0.467)
#GCMRL#  534 dt   9.072000 rms  0.467  0.143% neg 0  invalid 762 tFOTS 5.1200 tGradient 1.4880 tsec 6.9650
#FOTS# QuadFit found better minimum quadopt=(dt=9.072,rms=0.466959) vs oldopt=(dt=6.48,rms=0.466962)
#GCMRL#  535 dt   9.072000 rms  0.467  0.000% neg 0  invalid 762 tFOTS 5.0820 tGradient 1.4870 tsec 6.9230
#GCMRL#  536 dt   9.072000 rms  0.467  0.002% neg 0  invalid 762 tFOTS 0.0000 tGradient 1.4950 tsec 1.8600

#GCAMreg# pass 0 level1 4 level2 1 tsec 27.269 sigma 0.5
l_jacobian=1.00 l_label=1.00 l_log_likelihood=0.20 l_smoothness=0.03 
tol=2.50e-01, dt=5.00e-02, exp_k=20.0, momentum=0.90, levels=6, niter=500, lbl_dist=10.00, avgs=64, sigma=0.5,type=2, relabel=0, neg=yes

blurring input image with Gaussian with sigma=0.500...
GCAMRegisterLevel(): init RMS 0.467562
#FOTS# QuadFit found better minimum quadopt=(dt=145.152,rms=0.464722) vs oldopt=(dt=103.68,rms=0.465025)
iter 0, gcam->neg = 1
after 0 iterations, nbhd size=0, neg = 0
#GCMRL#  538 dt 145.152000 rms  0.465  0.607% neg 0  invalid 762 tFOTS 5.0540 tGradient 1.4490 tsec 7.7660
#FOTS# QuadFit found better minimum quadopt=(dt=36.288,rms=0.464393) vs oldopt=(dt=25.92,rms=0.464414)
#GCMRL#  539 dt  36.288000 rms  0.464  0.000% neg 0  invalid 762 tFOTS 4.7770 tGradient 1.4990 tsec 6.6400
iter 0, gcam->neg = 2
after 0 iterations, nbhd size=0, neg = 0
#GCMRL#  540 dt  36.288000 rms  0.464  0.040% neg 0  invalid 762 tFOTS 0.0000 tGradient 1.4980 tsec 2.6930
iter 0, gcam->neg = 1
after 0 iterations, nbhd size=0, neg = 0
#GCMRL#  541 dt  36.288000 rms  0.464  0.067% neg 0  invalid 762 tFOTS 0.0000 tGradient 1.4630 tsec 2.6980
iter 0, gcam->neg = 1
after 0 iterations, nbhd size=0, neg = 0
#GCMRL#  542 dt  36.288000 rms  0.464  0.086% neg 0  invalid 762 tFOTS 0.0000 tGradient 1.4920 tsec 2.8010
#GCMRL#  543 dt  36.288000 rms  0.463  0.106% neg 0  invalid 762 tFOTS 0.0000 tGradient 1.4970 tsec 1.8070
iter 0, gcam->neg = 1
after 0 iterations, nbhd size=0, neg = 0
#GCMRL#  544 dt  36.288000 rms  0.463  0.107% neg 0  invalid 762 tFOTS 0.0000 tGradient 1.5100 tsec 2.7250
iter 0, gcam->neg = 1
after 0 iterations, nbhd size=0, neg = 0
#GCMRL#  545 dt  36.288000 rms  0.462  0.094% neg 0  invalid 762 tFOTS 0.0000 tGradient 1.6370 tsec 2.8780
iter 0, gcam->neg = 2
after 2 iterations, nbhd size=0, neg = 0
#GCMRL#  546 dt  36.288000 rms  0.462  0.070% neg 0  invalid 762 tFOTS 0.0000 tGradient 1.4630 tsec 3.5830
#FOTS# QuadFit found better minimum quadopt=(dt=145.152,rms=0.461636) vs oldopt=(dt=103.68,rms=0.461653)
iter 0, gcam->neg = 1
after 0 iterations, nbhd size=0, neg = 0
setting smoothness cost coefficient to 0.118

#GCAMreg# pass 0 level1 3 level2 0 tsec 0 sigma 2
l_jacobian=1.00 l_label=1.00 l_log_likelihood=0.20 l_smoothness=0.12 
tol=2.50e-01, dt=5.00e-02, exp_k=20.0, momentum=0.90, levels=6, niter=500, lbl_dist=10.00, avgs=16, sigma=2.0,type=2, relabel=0, neg=yes

blurring input image with Gaussian with sigma=2.000...
GCAMRegisterLevel(): init RMS 0.462547
iter 0, gcam->neg = 1
after 3 iterations, nbhd size=0, neg = 0
#GCMRL#  548 dt  32.000000 rms  0.460  0.542% neg 0  invalid 762 tFOTS 5.0760 tGradient 1.3850 tsec 8.9080
#FOTS# QuadFit found better minimum quadopt=(dt=78.3768,rms=0.457437) vs oldopt=(dt=32,rms=0.458066)
iter 0, gcam->neg = 13
after 5 iterations, nbhd size=0, neg = 0
#GCMRL#  549 dt  78.376812 rms  0.457  0.563% neg 0  invalid 762 tFOTS 5.2030 tGradient 1.3580 tsec 9.9620
#FOTS# QuadFit found better minimum quadopt=(dt=25.6,rms=0.456457) vs oldopt=(dt=32,rms=0.456542)
#GCMRL#  550 dt  25.600000 rms  0.456  0.000% neg 0  invalid 762 tFOTS 5.2010 tGradient 1.3110 tsec 6.8880
#GCMRL#  551 dt  25.600000 rms  0.455  0.230% neg 0  invalid 762 tFOTS 0.0000 tGradient 1.5350 tsec 1.8570
iter 0, gcam->neg = 1
after 6 iterations, nbhd size=1, neg = 0
#GCMRL#  552 dt  25.600000 rms  0.454  0.236% neg 0  invalid 762 tFOTS 0.0000 tGradient 1.5570 tsec 5.3900
iter 0, gcam->neg = 3
after 7 iterations, nbhd size=1, neg = 0
#GCMRL#  553 dt  25.600000 rms  0.453  0.206% neg 0  invalid 762 tFOTS 0.0000 tGradient 1.6200 tsec 6.2490
iter 0, gcam->neg = 5
after 11 iterations, nbhd size=1, neg = 0
#GCMRL#  554 dt  25.600000 rms  0.453  0.173% neg 0  invalid 762 tFOTS 0.0000 tGradient 1.6130 tsec 8.1690
iter 0, gcam->neg = 6
after 11 iterations, nbhd size=1, neg = 0
#GCMRL#  555 dt  25.600000 rms  0.452  0.120% neg 0  invalid 762 tFOTS 0.0000 tGradient 1.6030 tsec 7.9440
iter 0, gcam->neg = 7
after 12 iterations, nbhd size=1, neg = 0
#GCMRL#  556 dt  25.600000 rms  0.452  0.125% neg 0  invalid 762 tFOTS 0.0000 tGradient 1.6160 tsec 8.5060
iter 0, gcam->neg = 6
after 11 iterations, nbhd size=1, neg = 0
#GCMRL#  557 dt  25.600000 rms  0.451  0.123% neg 0  invalid 762 tFOTS 0.0000 tGradient 1.6250 tsec 7.9370
iter 0, gcam->neg = 8
after 10 iterations, nbhd size=1, neg = 0
#GCMRL#  558 dt  25.600000 rms  0.450  0.152% neg 0  invalid 762 tFOTS 0.0000 tGradient 1.6130 tsec 7.3310
iter 0, gcam->neg = 6
after 3 iterations, nbhd size=0, neg = 0
#GCMRL#  559 dt  25.600000 rms  0.450  0.140% neg 0  invalid 762 tFOTS 0.0000 tGradient 1.6140 tsec 4.3940
iter 0, gcam->neg = 6
after 14 iterations, nbhd size=1, neg = 0
#GCMRL#  560 dt  25.600000 rms  0.449  0.130% neg 0  invalid 762 tFOTS 0.0000 tGradient 1.6340 tsec 8.8800
iter 0, gcam->neg = 12
after 11 iterations, nbhd size=1, neg = 0
#GCMRL#  561 dt  25.600000 rms  0.449  0.111% neg 0  invalid 762 tFOTS 0.0000 tGradient 1.6120 tsec 8.0090
iter 0, gcam->neg = 8
after 10 iterations, nbhd size=1, neg = 0
#GCMRL#  562 dt  25.600000 rms  0.448  0.066% neg 0  invalid 762 tFOTS 0.0000 tGradient 1.6190 tsec 7.3040
iter 0, gcam->neg = 2
after 3 iterations, nbhd size=0, neg = 0
#GCMRL#  563 dt  32.000000 rms  0.448  0.000% neg 0  invalid 762 tFOTS 5.1510 tGradient 1.6040 tsec 9.4540
#GCMRL#  564 dt  32.000000 rms  0.448  0.020% neg 0  invalid 762 tFOTS 0.0000 tGradient 1.5990 tsec 1.9120
iter 0, gcam->neg = 2
after 1 iterations, nbhd size=0, neg = 0
#GCMRL#  565 dt  32.000000 rms  0.448  0.066% neg 0  invalid 762 tFOTS 0.0000 tGradient 1.5990 tsec 3.3690
iter 0, gcam->neg = 3
after 3 iterations, nbhd size=0, neg = 0
#GCMRL#  566 dt  32.000000 rms  0.448  0.001% neg 0  invalid 762 tFOTS 0.0000 tGradient 1.6260 tsec 4.2220
iter 0, gcam->neg = 2
after 2 iterations, nbhd size=0, neg = 0
#GCMRL#  567 dt  32.000000 rms  0.447  0.077% neg 0  invalid 762 tFOTS 0.0000 tGradient 1.6890 tsec 3.9340
iter 0, gcam->neg = 1
after 14 iterations, nbhd size=2, neg = 0

#GCAMreg# pass 0 level1 3 level2 1 tsec 149.594 sigma 0.5
l_jacobian=1.00 l_label=1.00 l_log_likelihood=0.20 l_smoothness=0.12 
tol=2.50e-01, dt=5.00e-02, exp_k=20.0, momentum=0.90, levels=6, niter=500, lbl_dist=10.00, avgs=16, sigma=0.5,type=2, relabel=0, neg=yes

blurring input image with Gaussian with sigma=0.500...
GCAMRegisterLevel(): init RMS 0.447855
#FOTS# QuadFit found better minimum quadopt=(dt=53.2727,rms=0.443809) vs oldopt=(dt=32,rms=0.444213)
#GCMRL#  569 dt  53.272727 rms  0.444  0.903% neg 0  invalid 762 tFOTS 5.2390 tGradient 1.6450 tsec 7.2230
#FOTS# QuadFit found better minimum quadopt=(dt=21.6986,rms=0.442907) vs oldopt=(dt=32,rms=0.443204)
#GCMRL#  570 dt  21.698630 rms  0.443  0.000% neg 0  invalid 762 tFOTS 5.1660 tGradient 1.6240 tsec 7.1510
#GCMRL#  571 dt  21.698630 rms  0.442  0.153% neg 0  invalid 762 tFOTS 0.0000 tGradient 1.6160 tsec 1.9340
#GCMRL#  572 dt  21.698630 rms  0.442  0.148% neg 0  invalid 762 tFOTS 0.0000 tGradient 1.6280 tsec 1.9430
iter 0, gcam->neg = 1
after 4 iterations, nbhd size=0, neg = 0
#GCMRL#  573 dt  21.698630 rms  0.441  0.151% neg 0  invalid 762 tFOTS 0.0000 tGradient 1.6240 tsec 4.7540
iter 0, gcam->neg = 1
after 4 iterations, nbhd size=0, neg = 0
#GCMRL#  574 dt  21.698630 rms  0.440  0.125% neg 0  invalid 762 tFOTS 0.0000 tGradient 1.5850 tsec 4.7290
iter 0, gcam->neg = 3
after 7 iterations, nbhd size=0, neg = 0
#GCMRL#  575 dt  21.698630 rms  0.440  0.110% neg 0  invalid 762 tFOTS 0.0000 tGradient 1.5880 tsec 6.0760
#FOTS# QuadFit found better minimum quadopt=(dt=44.8,rms=0.439643) vs oldopt=(dt=32,rms=0.439661)
#GCMRL#  576 dt  44.800000 rms  0.440  0.000% neg 0  invalid 762 tFOTS 4.8210 tGradient 1.6210 tsec 6.8050
setting smoothness cost coefficient to 0.400

#GCAMreg# pass 0 level1 2 level2 0 tsec 0 sigma 2
l_jacobian=1.00 l_label=1.00 l_log_likelihood=0.20 l_smoothness=0.40 
tol=2.50e-01, dt=5.00e-02, exp_k=20.0, momentum=0.90, levels=6, niter=500, lbl_dist=10.00, avgs=4, sigma=2.0,type=2, relabel=0, neg=yes

blurring input image with Gaussian with sigma=2.000...
GCAMRegisterLevel(): init RMS 0.44705
#FOTS# QuadFit found better minimum quadopt=(dt=1.728,rms=0.44622) vs oldopt=(dt=2.88,rms=0.446246)
#GCMRL#  578 dt   1.728000 rms  0.446  0.186% neg 0  invalid 762 tFOTS 5.2330 tGradient 1.4060 tsec 6.9730
#FOTS# QuadFit found better minimum quadopt=(dt=0.864,rms=0.446198) vs oldopt=(dt=0.72,rms=0.446198)
#GCMRL#  579 dt   0.864000 rms  0.446  0.000% neg 0  invalid 762 tFOTS 5.0290 tGradient 1.4200 tsec 6.8180
#GCMRL#  580 dt   0.864000 rms  0.446  0.001% neg 0  invalid 762 tFOTS 0.0000 tGradient 1.4060 tsec 1.7250

#GCAMreg# pass 0 level1 2 level2 1 tsec 26.807 sigma 0.5
l_jacobian=1.00 l_label=1.00 l_log_likelihood=0.20 l_smoothness=0.40 
tol=2.50e-01, dt=5.00e-02, exp_k=20.0, momentum=0.90, levels=6, niter=500, lbl_dist=10.00, avgs=4, sigma=0.5,type=2, relabel=0, neg=yes

blurring input image with Gaussian with sigma=0.500...
GCAMRegisterLevel(): init RMS 0.446872
#FOTS# QuadFit found better minimum quadopt=(dt=6.66667,rms=0.445597) vs oldopt=(dt=2.88,rms=0.44579)
#GCMRL#  582 dt   6.666667 rms  0.446  0.285% neg 0  invalid 762 tFOTS 5.1700 tGradient 1.4860 tsec 6.9950
#FOTS# QuadFit found better minimum quadopt=(dt=9.85859,rms=0.445087) vs oldopt=(dt=11.52,rms=0.445107)
iter 0, gcam->neg = 1
after 0 iterations, nbhd size=0, neg = 0
#GCMRL#  583 dt   9.858586 rms  0.445  0.000% neg 0  invalid 762 tFOTS 5.1540 tGradient 1.3730 tsec 7.9110
iter 0, gcam->neg = 1
after 3 iterations, nbhd size=0, neg = 0
#GCMRL#  584 dt   9.858586 rms  0.444  0.170% neg 0  invalid 762 tFOTS 0.0000 tGradient 1.4120 tsec 3.9270
iter 0, gcam->neg = 4
after 4 iterations, nbhd size=0, neg = 0
#GCMRL#  585 dt   9.858586 rms  0.443  0.212% neg 0  invalid 762 tFOTS 0.0000 tGradient 1.4000 tsec 4.5940
iter 0, gcam->neg = 6
after 2 iterations, nbhd size=0, neg = 0
#GCMRL#  586 dt   9.858586 rms  0.442  0.262% neg 0  invalid 762 tFOTS 0.0000 tGradient 1.4170 tsec 3.5220
iter 0, gcam->neg = 20
after 16 iterations, nbhd size=1, neg = 0
#GCMRL#  587 dt   9.858586 rms  0.441  0.375% neg 0  invalid 762 tFOTS 0.0000 tGradient 1.4410 tsec 10.0750
iter 0, gcam->neg = 25
after 13 iterations, nbhd size=1, neg = 0
#GCMRL#  588 dt   9.858586 rms  0.438  0.563% neg 0  invalid 762 tFOTS 0.0000 tGradient 1.3820 tsec 8.4990
iter 0, gcam->neg = 22
after 6 iterations, nbhd size=0, neg = 0
#GCMRL#  589 dt   9.858586 rms  0.435  0.593% neg 0  invalid 762 tFOTS 0.0000 tGradient 1.4070 tsec 5.3770
iter 0, gcam->neg = 8
after 8 iterations, nbhd size=0, neg = 0
#GCMRL#  590 dt   9.858586 rms  0.434  0.428% neg 0  invalid 762 tFOTS 0.0000 tGradient 1.4090 tsec 6.3880
iter 0, gcam->neg = 16
after 14 iterations, nbhd size=1, neg = 0
#GCMRL#  591 dt   9.858586 rms  0.433  0.122% neg 0  invalid 762 tFOTS 0.0000 tGradient 1.3720 tsec 8.8290
iter 0, gcam->neg = 45
after 19 iterations, nbhd size=1, neg = 0
#GCMRL#  592 dt   9.858586 rms  0.433 -0.073% neg 0  invalid 762 tFOTS 0.0000 tGradient 1.3900 tsec 11.7990
#FOTS# QuadFit found better minimum quadopt=(dt=0.0005625,rms=0.433097) vs oldopt=(dt=0.000703125,rms=0.433097)
#GCMRL#  593 dt   0.000563 rms  0.433  0.000% neg 0  invalid 762 tFOTS 5.2650 tGradient 1.4290 tsec 7.0440
setting smoothness cost coefficient to 1.000

#GCAMreg# pass 0 level1 1 level2 0 tsec 0 sigma 2
l_jacobian=1.00 l_label=1.00 l_log_likelihood=0.20 l_smoothness=1.00 
tol=2.50e-01, dt=5.00e-02, exp_k=20.0, momentum=0.90, levels=6, niter=500, lbl_dist=10.00, avgs=1, sigma=2.0,type=2, relabel=0, neg=yes

blurring input image with Gaussian with sigma=2.000...
GCAMRegisterLevel(): init RMS 0.440492
#GCMRL#  595 dt   0.000000 rms  0.440  0.143% neg 0  invalid 762 tFOTS 4.9740 tGradient 1.2670 tsec 6.5930

#GCAMreg# pass 0 level1 1 level2 1 tsec 22.872 sigma 0.5
l_jacobian=1.00 l_label=1.00 l_log_likelihood=0.20 l_smoothness=1.00 
tol=2.50e-01, dt=5.00e-02, exp_k=20.0, momentum=0.90, levels=6, niter=500, lbl_dist=10.00, avgs=1, sigma=0.5,type=2, relabel=0, neg=yes

blurring input image with Gaussian with sigma=0.500...
GCAMRegisterLevel(): init RMS 0.440492
#GCMRL#  597 dt   0.000000 rms  0.440  0.143% neg 0  invalid 762 tFOTS 5.0620 tGradient 1.3520 tsec 6.7650
resetting metric properties...
setting smoothness cost coefficient to 2.000

#GCAMreg# pass 0 level1 0 level2 0 tsec 0 sigma 2
l_jacobian=1.00 l_label=1.00 l_log_likelihood=0.20 l_smoothness=2.00 
tol=2.50e-01, dt=5.00e-02, exp_k=20.0, momentum=0.90, levels=6, niter=500, lbl_dist=10.00, avgs=0, sigma=2.0,type=2, relabel=0, neg=yes

blurring input image with Gaussian with sigma=2.000...
GCAMRegisterLevel(): init RMS 0.429172
#FOTS# QuadFit found better minimum quadopt=(dt=1.69,rms=0.407615) vs oldopt=(dt=1.28,rms=0.409025)
iter 0, gcam->neg = 957
after 17 iterations, nbhd size=1, neg = 0
#GCMRL#  599 dt   1.690000 rms  0.409  4.693% neg 0  invalid 762 tFOTS 5.1520 tGradient 0.7800 tsec 14.5110
#GCMRL#  600 dt   0.000013 rms  0.409  0.000% neg 0  invalid 762 tFOTS 6.6980 tGradient 0.7690 tsec 7.8520

#GCAMreg# pass 0 level1 0 level2 1 tsec 32.999 sigma 0.5
l_jacobian=1.00 l_label=1.00 l_log_likelihood=0.20 l_smoothness=2.00 
tol=2.50e-01, dt=5.00e-02, exp_k=20.0, momentum=0.90, levels=6, niter=500, lbl_dist=10.00, avgs=0, sigma=0.5,type=2, relabel=0, neg=yes

blurring input image with Gaussian with sigma=0.500...
GCAMRegisterLevel(): init RMS 0.409722
#GCMRL#  602 dt   0.020000 rms  0.409  0.186% neg 0  invalid 762 tFOTS 5.3950 tGradient 0.8000 tsec 6.5530
#FOTS# QuadFit found better minimum quadopt=(dt=0.00175,rms=0.408957) vs oldopt=(dt=0.00125,rms=0.408957)
#GCMRL#  603 dt   0.001750 rms  0.409  0.000% neg 0  invalid 762 tFOTS 5.2230 tGradient 0.8010 tsec 6.4160
#GCMRL#  604 dt   0.001750 rms  0.409  0.000% neg 0  invalid 762 tFOTS 0.0000 tGradient 0.7810 tsec 1.1170
label assignment complete, 0 changed (0.00%)
GCAMregister done in 8.57223 min
Starting GCAMcomputeMaxPriorLabels()
Morphing with label term set to 0 *******************************
Starting GCAMregister()
label assignment complete, 0 changed (0.00%)
npasses = 1, nlevels = 6
#pass# 1 of 1 ************************
enabling zero nodes
setting smoothness cost coefficient to 0.008

#GCAMreg# pass 0 level1 5 level2 0 tsec 0 sigma 2
l_jacobian=1.00 l_log_likelihood=0.20 l_smoothness=0.01 
tol=2.50e-01, dt=5.00e-02, exp_k=20.0, momentum=0.90, levels=6, niter=500, lbl_dist=10.00, avgs=256, sigma=2.0,type=2, relabel=0, neg=yes

blurring input image with Gaussian with sigma=2.000...
GCAMRegisterLevel(): init RMS 0.398666

#GCAMreg# pass 0 level1 5 level2 1 tsec 17.31 sigma 0.5
l_jacobian=1.00 l_log_likelihood=0.20 l_smoothness=0.01 
tol=2.50e-01, dt=5.00e-02, exp_k=20.0, momentum=0.90, levels=6, niter=500, lbl_dist=10.00, avgs=256, sigma=0.5,type=2, relabel=0, neg=yes

blurring input image with Gaussian with sigma=0.500...
GCAMRegisterLevel(): init RMS 0.398666
setting smoothness cost coefficient to 0.031

#GCAMreg# pass 0 level1 4 level2 0 tsec 0 sigma 2
l_jacobian=1.00 l_log_likelihood=0.20 l_smoothness=0.03 
tol=2.50e-01, dt=5.00e-02, exp_k=20.0, momentum=0.90, levels=6, niter=500, lbl_dist=10.00, avgs=64, sigma=2.0,type=2, relabel=0, neg=yes

blurring input image with Gaussian with sigma=2.000...
GCAMRegisterLevel(): init RMS 0.398795

#GCAMreg# pass 0 level1 4 level2 1 tsec 17.073 sigma 0.5
l_jacobian=1.00 l_log_likelihood=0.20 l_smoothness=0.03 
tol=2.50e-01, dt=5.00e-02, exp_k=20.0, momentum=0.90, levels=6, niter=500, lbl_dist=10.00, avgs=64, sigma=0.5,type=2, relabel=0, neg=yes

blurring input image with Gaussian with sigma=0.500...
GCAMRegisterLevel(): init RMS 0.398795
setting smoothness cost coefficient to 0.118

#GCAMreg# pass 0 level1 3 level2 0 tsec 0 sigma 2
l_jacobian=1.00 l_log_likelihood=0.20 l_smoothness=0.12 
tol=2.50e-01, dt=5.00e-02, exp_k=20.0, momentum=0.90, levels=6, niter=500, lbl_dist=10.00, avgs=16, sigma=2.0,type=2, relabel=0, neg=yes

blurring input image with Gaussian with sigma=2.000...
GCAMRegisterLevel(): init RMS 0.399282
#FOTS# QuadFit found better minimum quadopt=(dt=9.6,rms=0.399025) vs oldopt=(dt=8,rms=0.399035)
iter 0, gcam->neg = 6
after 8 iterations, nbhd size=1, neg = 0
#GCMRL#  610 dt   9.600000 rms  0.399  0.041% neg 0  invalid 762 tFOTS 4.9050 tGradient 1.2090 tsec 11.5090
#FOTS# QuadFit found better minimum quadopt=(dt=2.8,rms=0.399089) vs oldopt=(dt=2,rms=0.399095)
#GCMRL#  611 dt   2.800000 rms  0.399  0.000% neg 0  invalid 762 tFOTS 5.1400 tGradient 1.4390 tsec 6.9650
iter 0, gcam->neg = 2
after 1 iterations, nbhd size=0, neg = 0
#GCMRL#  612 dt   2.800000 rms  0.399  0.003% neg 0  invalid 762 tFOTS 0.0000 tGradient 1.2510 tsec 2.7660
iter 0, gcam->neg = 3
after 10 iterations, nbhd size=1, neg = 0

#GCAMreg# pass 0 level1 3 level2 1 tsec 37.997 sigma 0.5
l_jacobian=1.00 l_log_likelihood=0.20 l_smoothness=0.12 
tol=2.50e-01, dt=5.00e-02, exp_k=20.0, momentum=0.90, levels=6, niter=500, lbl_dist=10.00, avgs=16, sigma=0.5,type=2, relabel=0, neg=yes

blurring input image with Gaussian with sigma=0.500...
GCAMRegisterLevel(): init RMS 0.399076
#FOTS# QuadFit found better minimum quadopt=(dt=44.8,rms=0.397407) vs oldopt=(dt=32,rms=0.39759)
iter 0, gcam->neg = 26
after 11 iterations, nbhd size=1, neg = 0
#GCMRL#  614 dt  44.800000 rms  0.397  0.401% neg 0  invalid 762 tFOTS 5.1440 tGradient 1.2510 tsec 11.8870
iter 0, gcam->neg = 16
after 10 iterations, nbhd size=1, neg = 0
#GCMRL#  615 dt  32.000000 rms  0.397  0.000% neg 0  invalid 762 tFOTS 5.0430 tGradient 1.3510 tsec 11.5130
iter 0, gcam->neg = 11
after 8 iterations, nbhd size=1, neg = 0
#GCMRL#  616 dt  32.000000 rms  0.397  0.113% neg 0  invalid 762 tFOTS 0.0000 tGradient 1.2540 tsec 5.5730
iter 0, gcam->neg = 22
after 10 iterations, nbhd size=1, neg = 0
#GCMRL#  617 dt  32.000000 rms  0.396  0.139% neg 0  invalid 762 tFOTS 0.0000 tGradient 1.2570 tsec 6.1190
iter 0, gcam->neg = 33
after 12 iterations, nbhd size=1, neg = 0
#GCMRL#  618 dt  32.000000 rms  0.396  0.060% neg 0  invalid 762 tFOTS 0.0000 tGradient 1.2090 tsec 7.7430
iter 0, gcam->neg = 35
after 4 iterations, nbhd size=0, neg = 0
#GCMRL#  619 dt  32.000000 rms  0.395  0.086% neg 0  invalid 762 tFOTS 0.0000 tGradient 1.4100 tsec 4.8410
iter 0, gcam->neg = 37
after 14 iterations, nbhd size=1, neg = 0
#GCMRL#  620 dt  32.000000 rms  0.395  0.098% neg 0  invalid 762 tFOTS 0.0000 tGradient 1.2920 tsec 8.7600
iter 0, gcam->neg = 33
after 14 iterations, nbhd size=1, neg = 0
#GCMRL#  621 dt  32.000000 rms  0.395  0.046% neg 0  invalid 762 tFOTS 0.0000 tGradient 1.2940 tsec 9.5280
iter 0, gcam->neg = 1
after 0 iterations, nbhd size=0, neg = 0
#GCMRL#  622 dt  32.000000 rms  0.395  0.000% neg 0  invalid 762 tFOTS 4.8440 tGradient 1.2130 tsec 7.1660
#GCMRL#  623 dt  32.000000 rms  0.394  0.060% neg 0  invalid 762 tFOTS 0.0000 tGradient 1.2660 tsec 1.5500
iter 0, gcam->neg = 4
after 11 iterations, nbhd size=1, neg = 0
#GCMRL#  624 dt  32.000000 rms  0.394  0.065% neg 0  invalid 762 tFOTS 0.0000 tGradient 1.2250 tsec 6.3380
iter 0, gcam->neg = 9
after 1 iterations, nbhd size=0, neg = 0
#GCMRL#  625 dt  32.000000 rms  0.394  0.059% neg 0  invalid 762 tFOTS 0.0000 tGradient 1.3010 tsec 2.7280
iter 0, gcam->neg = 8
after 7 iterations, nbhd size=0, neg = 0
setting smoothness cost coefficient to 0.400

#GCAMreg# pass 0 level1 2 level2 0 tsec 0 sigma 2
l_jacobian=1.00 l_log_likelihood=0.20 l_smoothness=0.40 
tol=2.50e-01, dt=5.00e-02, exp_k=20.0, momentum=0.90, levels=6, niter=500, lbl_dist=10.00, avgs=4, sigma=2.0,type=2, relabel=0, neg=yes

blurring input image with Gaussian with sigma=2.000...
GCAMRegisterLevel(): init RMS 0.397231
#FOTS# QuadFit found better minimum quadopt=(dt=3.456,rms=0.397104) vs oldopt=(dt=2.88,rms=0.397108)
iter 0, gcam->neg = 5
after 1 iterations, nbhd size=0, neg = 0
#GCMRL#  627 dt   3.456000 rms  0.397  0.032% neg 0  invalid 762 tFOTS 5.0270 tGradient 1.2070 tsec 8.0960
#FOTS# QuadFit found better minimum quadopt=(dt=1.728,rms=0.397084) vs oldopt=(dt=2.88,rms=0.397091)
iter 0, gcam->neg = 3
after 2 iterations, nbhd size=0, neg = 0
#GCMRL#  628 dt   1.728000 rms  0.397  0.000% neg 0  invalid 762 tFOTS 4.7900 tGradient 1.0660 tsec 8.1480
iter 0, gcam->neg = 1
after 0 iterations, nbhd size=0, neg = 0
#GCMRL#  629 dt   1.728000 rms  0.397  0.001% neg 0  invalid 762 tFOTS 0.0000 tGradient 1.0100 tsec 2.0700
iter 0, gcam->neg = 8
after 12 iterations, nbhd size=0, neg = 0

#GCAMreg# pass 0 level1 2 level2 1 tsec 35.479 sigma 0.5
l_jacobian=1.00 l_log_likelihood=0.20 l_smoothness=0.40 
tol=2.50e-01, dt=5.00e-02, exp_k=20.0, momentum=0.90, levels=6, niter=500, lbl_dist=10.00, avgs=4, sigma=0.5,type=2, relabel=0, neg=yes

blurring input image with Gaussian with sigma=0.500...
GCAMRegisterLevel(): init RMS 0.397081
#FOTS# QuadFit found better minimum quadopt=(dt=20.5556,rms=0.395294) vs oldopt=(dt=11.52,rms=0.395636)
iter 0, gcam->neg = 22
after 14 iterations, nbhd size=1, neg = 0
#GCMRL#  631 dt  20.555556 rms  0.395  0.419% neg 0  invalid 762 tFOTS 4.7190 tGradient 1.0890 tsec 12.0150
#FOTS# QuadFit found better minimum quadopt=(dt=18.9831,rms=0.394198) vs oldopt=(dt=11.52,rms=0.394364)
iter 0, gcam->neg = 39
after 12 iterations, nbhd size=1, neg = 0
#GCMRL#  632 dt  18.983051 rms  0.394  0.280% neg 0  invalid 762 tFOTS 4.7260 tGradient 1.0570 tsec 11.2810
#FOTS# QuadFit found better minimum quadopt=(dt=10.2963,rms=0.39367) vs oldopt=(dt=11.52,rms=0.393681)
iter 0, gcam->neg = 9
after 7 iterations, nbhd size=0, neg = 0
#GCMRL#  633 dt  10.296296 rms  0.394  0.000% neg 0  invalid 762 tFOTS 4.9640 tGradient 1.0310 tsec 9.7720
iter 0, gcam->neg = 2
after 1 iterations, nbhd size=0, neg = 0
#GCMRL#  634 dt  10.296296 rms  0.393  0.088% neg 0  invalid 762 tFOTS 0.0000 tGradient 1.1760 tsec 2.6050
iter 0, gcam->neg = 15
after 13 iterations, nbhd size=1, neg = 0
#GCMRL#  635 dt  10.296296 rms  0.393  0.091% neg 0  invalid 762 tFOTS 0.0000 tGradient 1.0210 tsec 6.8340
iter 0, gcam->neg = 50
after 20 iterations, nbhd size=1, neg = 0
#GCMRL#  636 dt  10.296296 rms  0.392  0.142% neg 0  invalid 762 tFOTS 0.0000 tGradient 1.0130 tsec 9.4930
iter 0, gcam->neg = 45
after 20 iterations, nbhd size=1, neg = 0
#GCMRL#  637 dt  10.296296 rms  0.392  0.038% neg 0  invalid 762 tFOTS 0.0000 tGradient 1.0030 tsec 9.2880
iter 0, gcam->neg = 52
after 16 iterations, nbhd size=1, neg = 0
#GCMRL#  638 dt  10.296296 rms  0.392  0.111% neg 0  invalid 762 tFOTS 0.0000 tGradient 1.0270 tsec 7.8240
iter 0, gcam->neg = 52
after 17 iterations, nbhd size=1, neg = 0
#GCMRL#  639 dt  10.296296 rms  0.392  0.049% neg 0  invalid 762 tFOTS 0.0000 tGradient 1.0490 tsec 8.3440
#FOTS# QuadFit found better minimum quadopt=(dt=9.216,rms=0.391473) vs oldopt=(dt=11.52,rms=0.391475)
iter 0, gcam->neg = 10
after 3 iterations, nbhd size=0, neg = 0
#GCMRL#  640 dt   9.216000 rms  0.391  0.000% neg 0  invalid 762 tFOTS 4.6260 tGradient 1.0190 tsec 7.8970
iter 0, gcam->neg = 10
after 6 iterations, nbhd size=0, neg = 0
#GCMRL#  641 dt   9.216000 rms  0.391  0.027% neg 0  invalid 762 tFOTS 0.0000 tGradient 1.1620 tsec 4.5120
iter 0, gcam->neg = 30
after 9 iterations, nbhd size=0, neg = 0
#GCMRL#  642 dt   9.216000 rms  0.391  0.026% neg 0  invalid 762 tFOTS 0.0000 tGradient 1.1020 tsec 5.5460
iter 0, gcam->neg = 58
after 15 iterations, nbhd size=1, neg = 0
setting smoothness cost coefficient to 1.000

#GCAMreg# pass 0 level1 1 level2 0 tsec 0 sigma 2
l_jacobian=1.00 l_log_likelihood=0.20 l_smoothness=1.00 
tol=2.50e-01, dt=5.00e-02, exp_k=20.0, momentum=0.90, levels=6, niter=500, lbl_dist=10.00, avgs=1, sigma=2.0,type=2, relabel=0, neg=yes

blurring input image with Gaussian with sigma=2.000...
GCAMRegisterLevel(): init RMS 0.39662
#GCMRL#  644 dt   0.000050 rms  0.397  0.000% neg 0  invalid 762 tFOTS 5.8880 tGradient 0.8670 tsec 7.0870

#GCAMreg# pass 0 level1 1 level2 1 tsec 23.238 sigma 0.5
l_jacobian=1.00 l_log_likelihood=0.20 l_smoothness=1.00 
tol=2.50e-01, dt=5.00e-02, exp_k=20.0, momentum=0.90, levels=6, niter=500, lbl_dist=10.00, avgs=1, sigma=0.5,type=2, relabel=0, neg=yes

blurring input image with Gaussian with sigma=0.500...
GCAMRegisterLevel(): init RMS 0.39662
resetting metric properties...
setting smoothness cost coefficient to 2.000

#GCAMreg# pass 0 level1 0 level2 0 tsec 0 sigma 2
l_jacobian=1.00 l_log_likelihood=0.20 l_smoothness=2.00 
tol=2.50e-01, dt=5.00e-02, exp_k=20.0, momentum=0.90, levels=6, niter=500, lbl_dist=10.00, avgs=0, sigma=2.0,type=2, relabel=0, neg=yes

blurring input image with Gaussian with sigma=2.000...
GCAMRegisterLevel(): init RMS 0.387648
#FOTS# QuadFit found better minimum quadopt=(dt=0.892534,rms=0.380601) vs oldopt=(dt=1.28,rms=0.382192)
iter 0, gcam->neg = 596
after 17 iterations, nbhd size=1, neg = 0
#GCMRL#  647 dt   0.892534 rms  0.383  1.143% neg 0  invalid 762 tFOTS 4.9440 tGradient 0.3770 tsec 12.9080
#FOTS# QuadFit found better minimum quadopt=(dt=0.016,rms=0.383216) vs oldopt=(dt=0.02,rms=0.383216)
#GCMRL#  648 dt   0.016000 rms  0.383  0.000% neg 0  invalid 762 tFOTS 4.9700 tGradient 0.3870 tsec 5.7220

#GCAMreg# pass 0 level1 0 level2 1 tsec 29.785 sigma 0.5
l_jacobian=1.00 l_log_likelihood=0.20 l_smoothness=2.00 
tol=2.50e-01, dt=5.00e-02, exp_k=20.0, momentum=0.90, levels=6, niter=500, lbl_dist=10.00, avgs=0, sigma=0.5,type=2, relabel=0, neg=yes

blurring input image with Gaussian with sigma=0.500...
GCAMRegisterLevel(): init RMS 0.383216
#FOTS# QuadFit found better minimum quadopt=(dt=0.256,rms=0.382681) vs oldopt=(dt=0.32,rms=0.382752)
#GCMRL#  650 dt   0.256000 rms  0.383  0.140% neg 0  invalid 762 tFOTS 4.9550 tGradient 0.3880 tsec 5.6680
#FOTS# QuadFit found better minimum quadopt=(dt=0.448,rms=0.381883) vs oldopt=(dt=0.32,rms=0.381968)
iter 0, gcam->neg = 6
after 2 iterations, nbhd size=0, neg = 0
#GCMRL#  651 dt   0.448000 rms  0.382  0.208% neg 0  invalid 762 tFOTS 5.0280 tGradient 0.4620 tsec 7.3850
#FOTS# QuadFit found better minimum quadopt=(dt=0.448,rms=0.381349) vs oldopt=(dt=0.32,rms=0.381403)
iter 0, gcam->neg = 17
after 10 iterations, nbhd size=1, neg = 0
#GCMRL#  652 dt   0.448000 rms  0.381  0.000% neg 0  invalid 762 tFOTS 4.9150 tGradient 0.3880 tsec 10.3250
iter 0, gcam->neg = 21
after 12 iterations, nbhd size=1, neg = 0
#GCMRL#  653 dt   0.448000 rms  0.381  0.119% neg 0  invalid 762 tFOTS 0.0000 tGradient 0.3790 tsec 6.1140
iter 0, gcam->neg = 54
after 3 iterations, nbhd size=0, neg = 0
#GCMRL#  654 dt   0.448000 rms  0.381  0.109% neg 0  invalid 762 tFOTS 0.0000 tGradient 0.3950 tsec 2.6780
iter 0, gcam->neg = 87
after 15 iterations, nbhd size=1, neg = 0
GCAMregister done in 7.00542 min
writing output transformation to transforms/talairach.m3z...
GCAMwrite
Calls to gcamLogLikelihoodEnergy 4153 tmin = 1.84543
Calls to gcamLabelEnergy         3621 tmin = 1.37307
Calls to gcamJacobianEnergy      4153 tmin = 0.815417
Calls to gcamSmoothnessEnergy    4153 tmin = 5.25805
Calls to gcamLogLikelihoodTerm 656 tmin = 1.05412
Calls to gcamLabelTerm         606 tmin = 6.07378
Calls to gcamJacobianTerm      656 tmin = 1.37222
Calls to gcamSmoothnessTerm    656 tmin = 0.559
Calls to gcamComputeGradient    656 tmin = 18.9459
Calls to gcamComputeMetricProperties    6498 tmin = 2.50707
mri_ca_register took 0 hours, 52 minutes and 21 seconds.
#VMPC# mri_ca_register VmPeak  3119248
FSRUNTIME@ mri_ca_register  0.8725 hours 16 threads
#--------------------------------------
#@# SubCort Seg Tue Mar 10 06:49:14 CET 2026

 mri_ca_label -relabel_unlikely 9 .3 -prior 0.5 -align norm.mgz transforms/talairach.m3z /opt/freesurfer/average/RB_all_2020-01-02.gca aseg.auto_noCCseg.mgz 

sysname  Linux
hostname dna006
machine  x86_64

setenv SUBJECTS_DIR /out/sourcedata/freesurfer
cd /out/sourcedata/freesurfer/sub-v1s6x0051363_ses-1/mri
mri_ca_label -relabel_unlikely 9 .3 -prior 0.5 -align norm.mgz transforms/talairach.m3z /opt/freesurfer/average/RB_all_2020-01-02.gca aseg.auto_noCCseg.mgz 

relabeling unlikely voxels with window_size = 9 and prior threshold 0.30
using Gibbs prior factor = 0.500
renormalizing sequences with structure alignment, equivalent to:
	-renormalize
	-renormalize_mean 0.500
	-regularize 0.500

== Number of threads available to for OpenMP = 16 == 
reading 1 input volumes
reading classifier array from /opt/freesurfer/average/RB_all_2020-01-02.gca
reading input volume from norm.mgz
average std[0] = 7.2
reading transform from transforms/talairach.m3z
setting orig areas to linear transform determinant scaled 5.54
Atlas used for the 3D morph was /opt/freesurfer/average/RB_all_2020-01-02.gca
average std = 7.2   using min determinant for regularization = 5.2
0 singular and 0 ill-conditioned covariance matrices regularized
labeling volume...
renormalizing by structure alignment....
renormalizing input #0
gca peak = 0.15521 (20)
mri peak = 0.13333 (18)
Left_Lateral_Ventricle (4): linear fit = 0.85 x + 0.0 (2400 voxels, overlap=0.712)
Left_Lateral_Ventricle (4): linear fit = 0.85 x + 0.0 (2400 voxels, peak = 17), gca=16.9
gca peak = 0.20380 (13)
mri peak = 0.13129 (18)
Right_Lateral_Ventricle (43): linear fit = 1.20 x + 0.0 (1111 voxels, overlap=0.858)
Right_Lateral_Ventricle (43): linear fit = 1.20 x + 0.0 (1111 voxels, peak = 16), gca=15.5
gca peak = 0.26283 (96)
mri peak = 0.21673 (103)
Right_Pallidum (52): linear fit = 1.07 x + 0.0 (421 voxels, overlap=0.130)
Right_Pallidum (52): linear fit = 1.07 x + 0.0 (421 voxels, peak = 102), gca=102.2
gca peak = 0.15814 (97)
mri peak = 0.14676 (107)
Left_Pallidum (13): linear fit = 1.11 x + 0.0 (584 voxels, overlap=0.020)
Left_Pallidum (13): linear fit = 1.11 x + 0.0 (584 voxels, peak = 107), gca=107.2
gca peak = 0.27624 (56)
mri peak = 0.10455 (68)
Right_Hippocampus (53): linear fit = 1.21 x + 0.0 (1028 voxels, overlap=0.019)
Right_Hippocampus (53): linear fit = 1.21 x + 0.0 (1028 voxels, peak = 67), gca=67.5
gca peak = 0.28723 (59)
mri peak = 0.10850 (70)
Left_Hippocampus (17): linear fit = 1.17 x + 0.0 (1035 voxels, overlap=0.020)
Left_Hippocampus (17): linear fit = 1.17 x + 0.0 (1035 voxels, peak = 69), gca=69.3
gca peak = 0.07623 (103)
mri peak = 0.11449 (108)
Right_Cerebral_White_Matter (41): linear fit = 1.05 x + 0.0 (33784 voxels, overlap=0.395)
Right_Cerebral_White_Matter (41): linear fit = 1.05 x + 0.0 (33784 voxels, peak = 109), gca=108.7
gca peak = 0.07837 (105)
mri peak = 0.10898 (111)
Left_Cerebral_White_Matter (2): linear fit = 1.05 x + 0.0 (39361 voxels, overlap=0.421)
Left_Cerebral_White_Matter (2): linear fit = 1.05 x + 0.0 (39361 voxels, peak = 111), gca=110.8
gca peak = 0.10165 (58)
mri peak = 0.04770 (63)
Left_Cerebral_Cortex (3): linear fit = 1.07 x + 0.0 (23449 voxels, overlap=0.865)
Left_Cerebral_Cortex (3): linear fit = 1.07 x + 0.0 (23449 voxels, peak = 62), gca=61.8
gca peak = 0.11113 (58)
mri peak = 0.04738 (68)
Right_Cerebral_Cortex (42): linear fit = 1.15 x + 0.0 (27710 voxels, overlap=0.572)
Right_Cerebral_Cortex (42): linear fit = 1.15 x + 0.0 (27710 voxels, peak = 67), gca=67.0
gca peak = 0.27796 (67)
mri peak = 0.13286 (85)
Right_Caudate (50): linear fit = 1.25 x + 0.0 (848 voxels, overlap=0.019)
Right_Caudate (50): linear fit = 1.25 x + 0.0 (848 voxels, peak = 84), gca=84.1
gca peak = 0.14473 (69)
mri peak = 0.10760 (82)
Left_Caudate (11): linear fit = 1.13 x + 0.0 (895 voxels, overlap=0.242)
Left_Caudate (11): linear fit = 1.13 x + 0.0 (895 voxels, peak = 78), gca=78.3
gca peak = 0.14301 (56)
mri peak = 0.06166 (63)
Left_Cerebellum_Cortex (8): linear fit = 1.13 x + 0.0 (22218 voxels, overlap=0.736)
Left_Cerebellum_Cortex (8): linear fit = 1.13 x + 0.0 (22218 voxels, peak = 64), gca=63.6
gca peak = 0.14610 (55)
mri peak = 0.07005 (67)
Right_Cerebellum_Cortex (47): linear fit = 1.15 x + 0.0 (24001 voxels, overlap=0.255)
Right_Cerebellum_Cortex (47): linear fit = 1.15 x + 0.0 (24001 voxels, peak = 64), gca=63.5
gca peak = 0.16309 (85)
mri peak = 0.13671 (88)
Left_Cerebellum_White_Matter (7): linear fit = 1.04 x + 0.0 (6177 voxels, overlap=0.661)
Left_Cerebellum_White_Matter (7): linear fit = 1.04 x + 0.0 (6177 voxels, peak = 89), gca=88.8
gca peak = 0.15172 (84)
mri peak = 0.18560 (87)
Right_Cerebellum_White_Matter (46): linear fit = 1.03 x + 0.0 (5613 voxels, overlap=0.588)
Right_Cerebellum_White_Matter (46): linear fit = 1.03 x + 0.0 (5613 voxels, peak = 87), gca=86.9
gca peak = 0.30461 (58)
mri peak = 0.13244 (74)
Left_Amygdala (18): linear fit = 1.26 x + 0.0 (518 voxels, overlap=0.049)
Left_Amygdala (18): linear fit = 1.26 x + 0.0 (518 voxels, peak = 73), gca=73.4
gca peak = 0.32293 (57)
mri peak = 0.14126 (71)
Right_Amygdala (54): linear fit = 1.21 x + 0.0 (537 voxels, overlap=0.047)
Right_Amygdala (54): linear fit = 1.21 x + 0.0 (537 voxels, peak = 69), gca=68.7
gca peak = 0.11083 (90)
mri peak = 0.07775 (92)
Left_Thalamus (10): linear fit = 1.02 x + 0.0 (4147 voxels, overlap=0.885)
Left_Thalamus (10): linear fit = 1.02 x + 0.0 (4147 voxels, peak = 92), gca=92.2
gca peak = 0.11393 (83)
mri peak = 0.08571 (89)
Right_Thalamus (49): linear fit = 1.05 x + 0.0 (4070 voxels, overlap=0.836)
Right_Thalamus (49): linear fit = 1.05 x + 0.0 (4070 voxels, peak = 88), gca=87.6
gca peak = 0.08575 (81)
mri peak = 0.11652 (93)
Left_Putamen (12): linear fit = 1.18 x + 0.0 (1768 voxels, overlap=0.012)
Left_Putamen (12): linear fit = 1.18 x + 0.0 (1768 voxels, peak = 96), gca=96.0
gca peak = 0.08618 (78)
mri peak = 0.09000 (93)
Right_Putamen (51): linear fit = 1.16 x + 0.0 (1880 voxels, overlap=0.253)
Right_Putamen (51): linear fit = 1.16 x + 0.0 (1880 voxels, peak = 91), gca=90.9
gca peak = 0.08005 (78)
mri peak = 0.10796 (83)
Brain_Stem (16): linear fit = 1.04 x + 0.0 (11163 voxels, overlap=0.491)
Brain_Stem (16): linear fit = 1.04 x + 0.0 (11163 voxels, peak = 82), gca=81.5
gca peak = 0.12854 (88)
mri peak = 0.09958 (93)
Right_VentralDC (60): linear fit = 1.09 x + 0.0 (1355 voxels, overlap=0.618)
Right_VentralDC (60): linear fit = 1.09 x + 0.0 (1355 voxels, peak = 95), gca=95.5
gca peak = 0.15703 (87)
mri peak = 0.10239 (97)
Left_VentralDC (28): linear fit = 1.11 x + 0.0 (1325 voxels, overlap=0.377)
Left_VentralDC (28): linear fit = 1.11 x + 0.0 (1325 voxels, peak = 96), gca=96.1
gca peak = 0.17522 (25)
mri peak = 0.23552 (25)
gca peak = 0.17113 (14)
mri peak = 0.16875 (17)
Fourth_Ventricle (15): linear fit = 1.15 x + 0.0 (318 voxels, overlap=0.778)
Fourth_Ventricle (15): linear fit = 1.15 x + 0.0 (318 voxels, peak = 16), gca=16.2
gca peak Unknown = 0.94777 ( 0)
gca peak Left_Inf_Lat_Vent = 0.16627 (28)
gca peak Third_Ventricle = 0.17522 (25)
gca peak CSF = 0.20346 (36)
gca peak Left_Accumbens_area = 0.70646 (62)
gca peak Left_undetermined = 1.00000 (28)
gca peak Left_vessel = 0.89917 (53)
gca peak Left_choroid_plexus = 0.11689 (35)
gca peak Right_Inf_Lat_Vent = 0.25504 (23)
gca peak Right_Accumbens_area = 0.31650 (65)
gca peak Right_vessel = 0.77268 (52)
gca peak Right_choroid_plexus = 0.13275 (38)
gca peak Fifth_Ventricle = 0.60973 (33)
gca peak WM_hypointensities = 0.11013 (77)
gca peak non_WM_hypointensities = 0.11354 (41)
gca peak Optic_Chiasm = 0.51646 (76)
not using caudate to estimate GM means
estimating mean gm scale to be 1.18 x + 0.0
estimating mean wm scale to be 1.05 x + 0.0
estimating mean csf scale to be 1.06 x + 0.0
Left_Pallidum too bright - rescaling by 0.993 (from 1.105) to 106.4 (was 107.2)
saving intensity scales to aseg.auto_noCCseg.label_intensities.txt
renormalizing by structure alignment....
renormalizing input #0
gca peak = 0.16532 (17)
mri peak = 0.13333 (18)
Left_Lateral_Ventricle (4): linear fit = 0.99 x + 0.0 (2400 voxels, overlap=0.906)
Left_Lateral_Ventricle (4): linear fit = 0.99 x + 0.0 (2400 voxels, peak = 17), gca=16.7
gca peak = 0.16023 (15)
mri peak = 0.13129 (18)
Right_Lateral_Ventricle (43): linear fit = 0.98 x + 0.0 (1111 voxels, overlap=0.705)
Right_Lateral_Ventricle (43): linear fit = 0.98 x + 0.0 (1111 voxels, peak = 15), gca=14.6
gca peak = 0.25376 (102)
mri peak = 0.21673 (103)
Right_Pallidum (52): linear fit = 1.00 x + 0.0 (421 voxels, overlap=1.000)
Right_Pallidum (52): linear fit = 1.00 x + 0.0 (421 voxels, peak = 102), gca=102.0
gca peak = 0.17574 (104)
mri peak = 0.14676 (107)
Left_Pallidum (13): linear fit = 1.00 x + 0.0 (584 voxels, overlap=0.848)
Left_Pallidum (13): linear fit = 1.00 x + 0.0 (584 voxels, peak = 105), gca=104.5
gca peak = 0.27354 (67)
mri peak = 0.10455 (68)
Right_Hippocampus (53): linear fit = 0.96 x + 0.0 (1028 voxels, overlap=1.003)
Right_Hippocampus (53): linear fit = 0.96 x + 0.0 (1028 voxels, peak = 65), gca=64.7
gca peak = 0.25679 (66)
mri peak = 0.10850 (70)
Left_Hippocampus (17): linear fit = 1.00 x + 0.0 (1035 voxels, overlap=1.006)
Left_Hippocampus (17): linear fit = 1.00 x + 0.0 (1035 voxels, peak = 66), gca=66.0
gca peak = 0.07418 (109)
mri peak = 0.11449 (108)
Right_Cerebral_White_Matter (41): linear fit = 1.00 x + 0.0 (33784 voxels, overlap=0.676)
Right_Cerebral_White_Matter (41): linear fit = 1.00 x + 0.0 (33784 voxels, peak = 110), gca=109.5
gca peak = 0.07395 (111)
mri peak = 0.10898 (111)
Left_Cerebral_White_Matter (2): linear fit = 1.00 x + 0.0 (39361 voxels, overlap=0.676)
Left_Cerebral_White_Matter (2): linear fit = 1.00 x + 0.0 (39361 voxels, peak = 112), gca=111.6
gca peak = 0.09453 (62)
mri peak = 0.04770 (63)
Left_Cerebral_Cortex (3): linear fit = 1.02 x + 0.0 (23449 voxels, overlap=0.971)
Left_Cerebral_Cortex (3): linear fit = 1.02 x + 0.0 (23449 voxels, peak = 64), gca=63.5
gca peak = 0.09941 (67)
mri peak = 0.04738 (68)
Right_Cerebral_Cortex (42): linear fit = 0.99 x + 0.0 (27710 voxels, overlap=0.964)
Right_Cerebral_Cortex (42): linear fit = 0.99 x + 0.0 (27710 voxels, peak = 66), gca=66.0
gca peak = 0.18758 (84)
mri peak = 0.13286 (85)
Right_Caudate (50): linear fit = 1.00 x + 0.0 (848 voxels, overlap=1.000)
Right_Caudate (50): linear fit = 1.00 x + 0.0 (848 voxels, peak = 84), gca=84.0
gca peak = 0.15874 (88)
mri peak = 0.10760 (82)
Left_Caudate (11): linear fit = 1.00 x + 0.0 (895 voxels, overlap=0.995)
Left_Caudate (11): linear fit = 1.00 x + 0.0 (895 voxels, peak = 88), gca=88.0
gca peak = 0.12109 (64)
mri peak = 0.06166 (63)
Left_Cerebellum_Cortex (8): linear fit = 0.99 x + 0.0 (22218 voxels, overlap=0.995)
Left_Cerebellum_Cortex (8): linear fit = 0.99 x + 0.0 (22218 voxels, peak = 63), gca=63.0
gca peak = 0.13439 (64)
mri peak = 0.07005 (67)
Right_Cerebellum_Cortex (47): linear fit = 1.02 x + 0.0 (24001 voxels, overlap=0.969)
Right_Cerebellum_Cortex (47): linear fit = 1.02 x + 0.0 (24001 voxels, peak = 66), gca=65.6
gca peak = 0.15128 (88)
mri peak = 0.13671 (88)
Left_Cerebellum_White_Matter (7): linear fit = 1.00 x + 0.0 (6177 voxels, overlap=0.892)
Left_Cerebellum_White_Matter (7): linear fit = 1.00 x + 0.0 (6177 voxels, peak = 88), gca=87.6
gca peak = 0.14650 (87)
mri peak = 0.18560 (87)
Right_Cerebellum_White_Matter (46): linear fit = 1.00 x + 0.0 (5613 voxels, overlap=0.804)
Right_Cerebellum_White_Matter (46): linear fit = 1.00 x + 0.0 (5613 voxels, peak = 87), gca=87.0
gca peak = 0.26298 (72)
mri peak = 0.13244 (74)
Left_Amygdala (18): linear fit = 1.01 x + 0.0 (518 voxels, overlap=1.001)
Left_Amygdala (18): linear fit = 1.01 x + 0.0 (518 voxels, peak = 73), gca=73.1
gca peak = 0.24736 (69)
mri peak = 0.14126 (71)
Right_Amygdala (54): linear fit = 1.01 x + 0.0 (537 voxels, overlap=1.011)
Right_Amygdala (54): linear fit = 1.01 x + 0.0 (537 voxels, peak = 70), gca=70.0
gca peak = 0.10079 (92)
mri peak = 0.07775 (92)
Left_Thalamus (10): linear fit = 1.00 x + 0.0 (4147 voxels, overlap=0.953)
Left_Thalamus (10): linear fit = 1.00 x + 0.0 (4147 voxels, peak = 92), gca=91.5
gca peak = 0.10035 (85)
mri peak = 0.08571 (89)
Right_Thalamus (49): linear fit = 1.00 x + 0.0 (4070 voxels, overlap=0.975)
Right_Thalamus (49): linear fit = 1.00 x + 0.0 (4070 voxels, peak = 85), gca=84.6
gca peak = 0.07823 (89)
mri peak = 0.11652 (93)
Left_Putamen (12): linear fit = 1.00 x + 0.0 (1768 voxels, overlap=0.812)
Left_Putamen (12): linear fit = 1.00 x + 0.0 (1768 voxels, peak = 89), gca=89.4
gca peak = 0.07834 (93)
mri peak = 0.09000 (93)
Right_Putamen (51): linear fit = 1.00 x + 0.0 (1880 voxels, overlap=0.949)
Right_Putamen (51): linear fit = 1.00 x + 0.0 (1880 voxels, peak = 93), gca=92.5
gca peak = 0.09101 (82)
mri peak = 0.10796 (83)
Brain_Stem (16): linear fit = 1.00 x + 0.0 (11163 voxels, overlap=0.680)
Brain_Stem (16): linear fit = 1.00 x + 0.0 (11163 voxels, peak = 82), gca=81.6
gca peak = 0.11739 (97)
mri peak = 0.09958 (93)
Right_VentralDC (60): linear fit = 1.01 x + 0.0 (1355 voxels, overlap=0.826)
Right_VentralDC (60): linear fit = 1.01 x + 0.0 (1355 voxels, peak = 98), gca=98.5
gca peak = 0.14757 (94)
mri peak = 0.10239 (97)
Left_VentralDC (28): linear fit = 1.00 x + 0.0 (1325 voxels, overlap=0.831)
Left_VentralDC (28): linear fit = 1.00 x + 0.0 (1325 voxels, peak = 94), gca=94.5
gca peak = 0.17538 (29)
mri peak = 0.23552 (25)
gca peak = 0.17407 (17)
mri peak = 0.16875 (17)
Fourth_Ventricle (15): linear fit = 0.98 x + 0.0 (318 voxels, overlap=0.773)
Fourth_Ventricle (15): linear fit = 0.98 x + 0.0 (318 voxels, peak = 17), gca=16.6
gca peak Unknown = 0.94777 ( 0)
gca peak Left_Inf_Lat_Vent = 0.15887 (33)
gca peak Third_Ventricle = 0.17538 (29)
gca peak CSF = 0.19206 (33)
gca peak Left_Accumbens_area = 0.53052 (70)
gca peak Left_undetermined = 1.00000 (28)
gca peak Left_vessel = 0.89837 (53)
gca peak Left_choroid_plexus = 0.11541 (35)
gca peak Right_Inf_Lat_Vent = 0.26261 (28)
gca peak Right_Accumbens_area = 0.32871 (81)
gca peak Right_vessel = 0.77268 (52)
gca peak Right_choroid_plexus = 0.13275 (38)
gca peak Fifth_Ventricle = 0.60973 (35)
gca peak WM_hypointensities = 0.09092 (80)
gca peak non_WM_hypointensities = 0.14635 (43)
gca peak Optic_Chiasm = 0.60489 (76)
not using caudate to estimate GM means
estimating mean gm scale to be 1.00 x + 0.0
estimating mean wm scale to be 1.00 x + 0.0
estimating mean csf scale to be 0.98 x + 0.0
saving intensity scales to aseg.auto_noCCseg.label_intensities.txt
saving sequentially combined intensity scales to aseg.auto_noCCseg.label_intensities.txt
36714 voxels changed in iteration 0 of unlikely voxel relabeling
95 voxels changed in iteration 1 of unlikely voxel relabeling
2 voxels changed in iteration 2 of unlikely voxel relabeling
0 voxels changed in iteration 3 of unlikely voxel relabeling
29334 gm and wm labels changed (%28 to gray, %72 to white out of all changed labels)
279 hippocampal voxels changed.
0 amygdala voxels changed.
Reclassifying using Gibbs Priors
pass 1: 48245 changed. image ll: -2.050, PF=0.500
pass 2: 11309 changed. image ll: -2.050, PF=0.500
pass 3: 3200 changed.
22480 voxels changed in iteration 0 of unlikely voxel relabeling
151 voxels changed in iteration 1 of unlikely voxel relabeling
0 voxels changed in iteration 2 of unlikely voxel relabeling
5121 voxels changed in iteration 0 of unlikely voxel relabeling
82 voxels changed in iteration 1 of unlikely voxel relabeling
3 voxels changed in iteration 2 of unlikely voxel relabeling
0 voxels changed in iteration 3 of unlikely voxel relabeling
4228 voxels changed in iteration 0 of unlikely voxel relabeling
27 voxels changed in iteration 1 of unlikely voxel relabeling
0 voxels changed in iteration 2 of unlikely voxel relabeling
3673 voxels changed in iteration 0 of unlikely voxel relabeling
18 voxels changed in iteration 1 of unlikely voxel relabeling
0 voxels changed in iteration 2 of unlikely voxel relabeling
 !!!!!!!!! ventricle segment 0 with volume 8270 above threshold 100 - not erasing !!!!!!!!!!
 !!!!!!!!! ventricle segment 1 with volume 196 above threshold 100 - not erasing !!!!!!!!!!
 !!!!!!!!! ventricle segment 3 with volume 5155 above threshold 100 - not erasing !!!!!!!!!!
writing labeled volume to aseg.auto_noCCseg.mgz
mri_ca_label utimesec    1778.674697
mri_ca_label stimesec    4.218346
mri_ca_label ru_maxrss   2130276
mri_ca_label ru_ixrss    0
mri_ca_label ru_idrss    0
mri_ca_label ru_isrss    0
mri_ca_label ru_minflt   5552993
mri_ca_label ru_majflt   12
mri_ca_label ru_nswap    0
mri_ca_label ru_inblock  1142
mri_ca_label ru_oublock  616
mri_ca_label ru_msgsnd   0
mri_ca_label ru_msgrcv   0
mri_ca_label ru_nsignals 0
mri_ca_label ru_nvcsw    5393
mri_ca_label ru_nivcsw   2396
auto-labeling took 27 minutes and 55 seconds.
#--------------------------------------
#@# CC Seg Tue Mar 10 07:17:08 CET 2026

 mri_cc -aseg aseg.auto_noCCseg.mgz -o aseg.auto.mgz -lta /out/sourcedata/freesurfer/sub-v1s6x0051363_ses-1/mri/transforms/cc_up.lta sub-v1s6x0051363_ses-1 

will read input aseg from aseg.auto_noCCseg.mgz
writing aseg with cc labels to aseg.auto.mgz
will write lta as /out/sourcedata/freesurfer/sub-v1s6x0051363_ses-1/mri/transforms/cc_up.lta
reading aseg from /out/sourcedata/freesurfer/sub-v1s6x0051363_ses-1/mri/aseg.auto_noCCseg.mgz
reading norm from /out/sourcedata/freesurfer/sub-v1s6x0051363_ses-1/mri/norm.mgz
51256 voxels in left wm, 47719 in right wm, xrange [124, 136]
searching rotation angles z=[-6  8], y=[-3 11]
searching scale 1 Z rot -6.5  searching scale 1 Z rot -6.2  searching scale 1 Z rot -6.0  searching scale 1 Z rot -5.7  searching scale 1 Z rot -5.5  searching scale 1 Z rot -5.2  searching scale 1 Z rot -5.0  searching scale 1 Z rot -4.7  searching scale 1 Z rot -4.5  searching scale 1 Z rot -4.2  searching scale 1 Z rot -4.0  searching scale 1 Z rot -3.7  searching scale 1 Z rot -3.5  searching scale 1 Z rot -3.2  searching scale 1 Z rot -3.0  searching scale 1 Z rot -2.7  searching scale 1 Z rot -2.5  searching scale 1 Z rot -2.2  searching scale 1 Z rot -2.0  searching scale 1 Z rot -1.7  searching scale 1 Z rot -1.5  searching scale 1 Z rot -1.2  searching scale 1 Z rot -1.0  searching scale 1 Z rot -0.7  searching scale 1 Z rot -0.5  searching scale 1 Z rot -0.2  searching scale 1 Z rot 0.0  searching scale 1 Z rot 0.3  searching scale 1 Z rot 0.5  searching scale 1 Z rot 0.8  searching scale 1 Z rot 1.0  searching scale 1 Z rot 1.3  searching scale 1 Z rot 1.5  searching scale 1 Z rot 1.8  searching scale 1 Z rot 2.0  searching scale 1 Z rot 2.3  searching scale 1 Z rot 2.5  searching scale 1 Z rot 2.8  searching scale 1 Z rot 3.0  searching scale 1 Z rot 3.3  searching scale 1 Z rot 3.5  searching scale 1 Z rot 3.8  searching scale 1 Z rot 4.0  searching scale 1 Z rot 4.3  searching scale 1 Z rot 4.5  searching scale 1 Z rot 4.8  searching scale 1 Z rot 5.0  searching scale 1 Z rot 5.3  searching scale 1 Z rot 5.5  searching scale 1 Z rot 5.8  searching scale 1 Z rot 6.0  searching scale 1 Z rot 6.3  searching scale 1 Z rot 6.5  searching scale 1 Z rot 6.8  searching scale 1 Z rot 7.0  searching scale 1 Z rot 7.3  global minimum found at slice 129.6, rotations (3.80, 0.53)
final transformation (x=129.6, yr=3.803, zr=0.534):
 0.99775  -0.00933   0.06632  -8.04318;
 0.00930   0.99996   0.00062   49.72797;
-0.06632   0.00000   0.99780   24.84388;
 0.00000   0.00000   0.00000   1.00000;
updating x range to be [127, 132] in xformed coordinates
best xformed slice 128
min_x_fornix = 128
min_x_fornix = 133
WARNING: min_x_fornix not set
WARNING: min_x_fornix not set
min_x_fornix = 135
cc center is found at 128 77 112
eigenvectors:
-0.00016  -0.00174   1.00000;
 0.07416  -0.99724  -0.00172;
 0.99725   0.07416   0.00029;
writing aseg with callosum to /out/sourcedata/freesurfer/sub-v1s6x0051363_ses-1/mri/aseg.auto.mgz...
corpus callosum segmentation took 0.7 minutes
#VMPC# mri_cc VmPeak  555180
mri_cc done
#--------------------------------------
#@# Merge ASeg Tue Mar 10 07:17:49 CET 2026

 cp aseg.auto.mgz aseg.presurf.mgz 

#--------------------------------------------
#@# Intensity Normalization2 Tue Mar 10 07:17:49 CET 2026
/out/sourcedata/freesurfer/sub-v1s6x0051363_ses-1/mri

 mri_normalize -seed 1234 -mprage -aseg aseg.presurf.mgz -mask brainmask.mgz norm.mgz brain.mgz 

setting seed for random number genererator to 1234
assuming input volume is MGH (Van der Kouwe) MP-RAGE
using segmentation for initial intensity normalization
using MR volume brainmask.mgz to mask input volume...
reading mri_src from norm.mgz...
Reading aseg aseg.presurf.mgz
normalizing image...
NOT doing gentle normalization with control points/label
processing with aseg
removing outliers in the aseg WM...
139 control points removed
Building bias image
building Voronoi diagram...
performing soap bubble smoothing, sigma = 0...
Smoothing with sigma 8
Applying bias correction
building Voronoi diagram...
performing soap bubble smoothing, sigma = 8...

Iterating 2 times
---------------------------------
3d normalization pass 1 of 2
white matter peak found at 110
white matter peak found at 110
gm peak at 75 (75), valley at  0 (-1)
csf peak at 37, setting threshold to 62
building Voronoi diagram...
performing soap bubble smoothing, sigma = 8...
---------------------------------
3d normalization pass 2 of 2
white matter peak found at 110
white matter peak found at 110
gm peak at 75 (75), valley at  0 (-1)
csf peak at 37, setting threshold to 62
building Voronoi diagram...
performing soap bubble smoothing, sigma = 8...
Done iterating ---------------------------------
writing output to brain.mgz
3D bias adjustment took 2 minutes and 16 seconds.
#--------------------------------------------
#@# Mask BFS Tue Mar 10 07:20:06 CET 2026
/out/sourcedata/freesurfer/sub-v1s6x0051363_ses-1/mri

 mri_mask -T 5 brain.mgz brainmask.mgz brain.finalsurfs.mgz 

threshold mask volume at 5
DoAbs = 0
Found 1286856 voxels in mask (pct=  7.67)
Writing masked volume to brain.finalsurfs.mgz...done.
#--------------------------------------------
#@# WM Segmentation Tue Mar 10 07:20:07 CET 2026

 AntsDenoiseImageFs -i brain.mgz -o antsdn.brain.mgz 


 mri_segment -wsizemm 13 -mprage antsdn.brain.mgz wm.seg.mgz 

wsizemm = 13, voxres = 1, wsize = 13
Widening wm low from 89 to 79
assuming input volume is MGH (Van der Kouwe) MP-RAGE
wm mean:  110
wsize:    13
wm low:   79
wm hi:    125
gray low: 30
gray hi:  99
Doing initial trinary intensity segmentation 
Using local statistics to label ambiguous voxels
Autodetecting stats
Computing class statistics for intensity windows...
CCS WM (102.0): 102.0 +- 6.3 [79.0 --> 125.0]
CCS GM (75.0) : 74.3 +- 10.1 [30.0 --> 95.0]
 white_mean 102.048
 white_sigma 6.34438
 gray_mean 74.2807
 gray_sigma 10.1299
setting bottom of white matter range wm_low to 84.4
setting top of gray matter range gray_hi to 94.5
 wm_low 84.4107
 wm_hi  125
 gray_low 30
 gray_hi  94.5406
Redoing initial intensity segmentation...
Recomputing local statistics to label ambiguous voxels...
 wm_low 84.4107
 wm_hi  125
 gray_low 30
 gray_hi  94.5406
using local geometry to label remaining ambiguous voxels...
polvwsize = 5, polvlen = 3, gray_hi = 94.5406, wm_low = 84.4107
MRIcpolvMedianCurveSegment(): wsize=5, len=3, gmhi=94.5406, wmlow=84.4107
    114730 voxels processed (0.68%)
     49920 voxels white (0.30%)
     64810 voxels non-white (0.39%)

Reclassifying voxels using Gaussian border classifier niter=1
MRIreclassify(): wm_low=79.4107, gray_hi=94.5406, wsize=13
    225613 voxels tested (1.34%)
     43457 voxels changed (0.26%)
     50871 multi-scale searches  (0.30%)
Recovering bright white
MRIrecoverBrightWhite()
 wm_low 84.4107
 wm_hi 125
 slack 6.34438
 pct_thresh 0.33
 intensity_thresh 131.344
 nvox_thresh 8.58
       20 voxels tested (0.00%)
        8 voxels changed (0.00%)

removing voxels with positive offset direction...
MRIremoveWrongDirection() wsize=3, lowthr=79.4107, hithr=94.5406
  smoothing input volume with sigma = 0.250
    78893 voxels tested (0.47%)
    14517 voxels changed (0.09%)
thicken = 1
removing 1-dimensional structures...
MRIremove1dStructures(): max_iter=10000, thresh=2, WM_MIN_VAL=5
 2358 sparsely connected voxels removed in 1 iterations
thickening thin strands....
thickness 4
nsegments 20
wm_hi 125
1439 diagonally connected voxels added...
MRIthickenThinWMStrands(): thickness=4, nsegments=20
  20 segments, 5108 filled
MRIfindBrightNonWM(): 93 bright non-wm voxels segmented.
MRIfilterMorphology() WM_MIN_VAL=5, DIAGONAL_FILL=230
white matter segmentation took 1.0 minutes
writing output to wm.seg.mgz...

 mri_edit_wm_with_aseg -keep-in wm.seg.mgz brain.mgz aseg.presurf.mgz wm.asegedit.mgz 

preserving editing changes in input volume...
auto filling took 0.44 minutes
reading wm segmentation from wm.seg.mgz...
0 voxels added to wm to prevent paths from MTL structures to cortex
2315 additional wm voxels added
0 additional wm voxels added
SEG EDIT: 37233 voxels turned on, 39098 voxels turned off.
propagating editing to output volume from wm.seg.mgz
writing edited volume to wm.asegedit.mgz....

 mri_pretess wm.asegedit.mgz wm norm.mgz wm.mgz 


Iteration Number : 1
pass   1 (xy+):   7 found -   7 modified     |    TOTAL:   7
pass   2 (xy+):   0 found -   7 modified     |    TOTAL:   7
pass   1 (xy-):  10 found -  10 modified     |    TOTAL:  17
pass   2 (xy-):   0 found -  10 modified     |    TOTAL:  17
pass   1 (yz+):  16 found -  16 modified     |    TOTAL:  33
pass   2 (yz+):   0 found -  16 modified     |    TOTAL:  33
pass   1 (yz-):   8 found -   8 modified     |    TOTAL:  41
pass   2 (yz-):   0 found -   8 modified     |    TOTAL:  41
pass   1 (xz+):   9 found -   9 modified     |    TOTAL:  50
pass   2 (xz+):   0 found -   9 modified     |    TOTAL:  50
pass   1 (xz-):   6 found -   6 modified     |    TOTAL:  56
pass   2 (xz-):   0 found -   6 modified     |    TOTAL:  56
Iteration Number : 1
pass   1 (+++):  10 found -  10 modified     |    TOTAL:  10
pass   2 (+++):   0 found -  10 modified     |    TOTAL:  10
pass   1 (+++):  16 found -  16 modified     |    TOTAL:  26
pass   2 (+++):   0 found -  16 modified     |    TOTAL:  26
pass   1 (+++):   6 found -   6 modified     |    TOTAL:  32
pass   2 (+++):   0 found -   6 modified     |    TOTAL:  32
pass   1 (+++):   4 found -   4 modified     |    TOTAL:  36
pass   2 (+++):   0 found -   4 modified     |    TOTAL:  36
Iteration Number : 1
pass   1 (++):  31 found -  31 modified     |    TOTAL:  31
pass   2 (++):   0 found -  31 modified     |    TOTAL:  31
pass   1 (+-):  37 found -  37 modified     |    TOTAL:  68
pass   2 (+-):   0 found -  37 modified     |    TOTAL:  68
pass   1 (--):  33 found -  33 modified     |    TOTAL: 101
pass   2 (--):   0 found -  33 modified     |    TOTAL: 101
pass   1 (-+):  43 found -  43 modified     |    TOTAL: 144
pass   2 (-+):   0 found -  43 modified     |    TOTAL: 144
Iteration Number : 2
pass   1 (xy+):   6 found -   6 modified     |    TOTAL:   6
pass   2 (xy+):   0 found -   6 modified     |    TOTAL:   6
pass   1 (xy-):   0 found -   0 modified     |    TOTAL:   6
pass   1 (yz+):   4 found -   4 modified     |    TOTAL:  10
pass   2 (yz+):   0 found -   4 modified     |    TOTAL:  10
pass   1 (yz-):   3 found -   3 modified     |    TOTAL:  13
pass   2 (yz-):   0 found -   3 modified     |    TOTAL:  13
pass   1 (xz+):   1 found -   1 modified     |    TOTAL:  14
pass   2 (xz+):   0 found -   1 modified     |    TOTAL:  14
pass   1 (xz-):   0 found -   0 modified     |    TOTAL:  14
Iteration Number : 2
pass   1 (+++):   0 found -   0 modified     |    TOTAL:   0
pass   1 (+++):   2 found -   2 modified     |    TOTAL:   2
pass   2 (+++):   0 found -   2 modified     |    TOTAL:   2
pass   1 (+++):   0 found -   0 modified     |    TOTAL:   2
pass   1 (+++):   0 found -   0 modified     |    TOTAL:   2
Iteration Number : 2
pass   1 (++):   0 found -   0 modified     |    TOTAL:   0
pass   1 (+-):   2 found -   2 modified     |    TOTAL:   2
pass   2 (+-):   0 found -   2 modified     |    TOTAL:   2
pass   1 (--):   2 found -   2 modified     |    TOTAL:   4
pass   2 (--):   0 found -   2 modified     |    TOTAL:   4
pass   1 (-+):   2 found -   2 modified     |    TOTAL:   6
pass   2 (-+):   0 found -   2 modified     |    TOTAL:   6
Iteration Number : 3
pass   1 (xy+):   0 found -   0 modified     |    TOTAL:   0
pass   1 (xy-):   0 found -   0 modified     |    TOTAL:   0
pass   1 (yz+):   0 found -   0 modified     |    TOTAL:   0
pass   1 (yz-):   1 found -   1 modified     |    TOTAL:   1
pass   2 (yz-):   0 found -   1 modified     |    TOTAL:   1
pass   1 (xz+):   0 found -   0 modified     |    TOTAL:   1
pass   1 (xz-):   0 found -   0 modified     |    TOTAL:   1
Iteration Number : 3
pass   1 (+++):   0 found -   0 modified     |    TOTAL:   0
pass   1 (+++):   0 found -   0 modified     |    TOTAL:   0
pass   1 (+++):   0 found -   0 modified     |    TOTAL:   0
pass   1 (+++):   0 found -   0 modified     |    TOTAL:   0
Iteration Number : 3
pass   1 (++):   0 found -   0 modified     |    TOTAL:   0
pass   1 (+-):   0 found -   0 modified     |    TOTAL:   0
pass   1 (--):   0 found -   0 modified     |    TOTAL:   0
pass   1 (-+):   0 found -   0 modified     |    TOTAL:   0
Iteration Number : 4
pass   1 (xy+):   0 found -   0 modified     |    TOTAL:   0
pass   1 (xy-):   0 found -   0 modified     |    TOTAL:   0
pass   1 (yz+):   0 found -   0 modified     |    TOTAL:   0
pass   1 (yz-):   0 found -   0 modified     |    TOTAL:   0
pass   1 (xz+):   0 found -   0 modified     |    TOTAL:   0
pass   1 (xz-):   0 found -   0 modified     |    TOTAL:   0
Iteration Number : 4
pass   1 (+++):   0 found -   0 modified     |    TOTAL:   0
pass   1 (+++):   0 found -   0 modified     |    TOTAL:   0
pass   1 (+++):   0 found -   0 modified     |    TOTAL:   0
pass   1 (+++):   0 found -   0 modified     |    TOTAL:   0
Iteration Number : 4
pass   1 (++):   0 found -   0 modified     |    TOTAL:   0
pass   1 (+-):   0 found -   0 modified     |    TOTAL:   0
pass   1 (--):   0 found -   0 modified     |    TOTAL:   0
pass   1 (-+):   0 found -   0 modified     |    TOTAL:   0

Total Number of Modified Voxels = 259 (out of 514174: 0.050372)
binarizing input wm segmentation...
Ambiguous edge configurations... 

mri_pretess done

#--------------------------------------------
#@# Fill Tue Mar 10 07:22:03 CET 2026
/out/sourcedata/freesurfer/sub-v1s6x0051363_ses-1/mri

 mri_fill -a ../scripts/ponscc.cut.log -xform transforms/talairach.lta -segmentation aseg.presurf.mgz -ctab /opt/freesurfer/SubCorticalMassLUT.txt wm.mgz filled.mgz 

logging cutting plane coordinates to ../scripts/ponscc.cut.log...
INFO: Using transforms/talairach.lta and its offset for Talairach volume ...
using segmentation aseg.presurf.mgz...
reading input volume...done.
searching for cutting planes...voxel to talairach voxel transform
 1.11760   0.04330   0.09619  -33.82687;
-0.04519   1.19409   0.04303   10.43079;
-0.12231  -0.04597   1.06876   7.81126;
 0.00000   0.00000   0.00000   1.00000;
voxel to talairach voxel transform
 1.11760   0.04330   0.09619  -33.82687;
-0.04519   1.19409   0.04303   10.43079;
-0.12231  -0.04597   1.06876   7.81126;
 0.00000   0.00000   0.00000   1.00000;
reading segmented volume aseg.presurf.mgz
removing CC from segmentation
Looking for area (min, max) = (350, 1400)
area[0] = 1533 (min = 350, max = 1400), aspect = 0.54 (min = 0.10, max = 0.75)
need search nearby
using seed (127, 121, 153), TAL = (1.0, 25.0, 7.0)
talairach voxel to voxel transform
 0.88479  -0.03509  -0.07822   30.90685;
 0.02979   0.83498  -0.03630  -7.41827;
 0.10254   0.03190   0.92515  -4.09070;
 0.00000   0.00000   0.00000   1.00000;
segmentation indicates cc at (127,  121,  153) --> (1.0, 25.0, 7.0)
done.
filling took 1.1 minutes
talairach cc position changed to (1.00, 25.00, 7.00)
Erasing brainstem...done.
seed_search_size = 9, min_neighbors = 5
search rh wm seed point around talairach space:(19.00, 25.00, 7.00) SRC: (111.14, 91.31, 152.49)
search lh wm seed point around talairach space (-17.00, 25.00, 7.00), SRC: (142.99, 92.38, 156.19)
compute mri_fill using aseg
Erasing Brain Stem and Cerebellum ...
Define left and right masks using aseg:
Building Voronoi diagram ...
Using the Voronoi diagram for separating WM into two hemispheres ...
Find the largest connected component for each hemisphere ...
Embedding colortable
mri_fill done, writing output to filled.mgz...
 cp filled.mgz filled.auto.mgz

Started at Tue Mar 10 05:55:30 CET 2026 
Ended   at Tue Mar 10 07:23:08 CET 2026
#@#%# recon-all-run-time-hours 1.461
recon-all -s sub-v1s6x0051363_ses-1 finished without error at Tue Mar 10 07:23:08 CET 2026



#New# invocation of recon-all 




Tue Mar 10 08:03:13 CET 2026
cd /out/sourcedata/freesurfer/sub-v1s6x0051363_ses-1
setenv SUBJECTS_DIR /out/sourcedata/freesurfer
/opt/freesurfer/bin/recon-all -parallel -subjid sub-v1s6x0051363_ses-1 -sd /out/sourcedata/freesurfer -cortribbon

subjid sub-v1s6x0051363_ses-1
setenv SUBJECTS_DIR /out/sourcedata/freesurfer
FREESURFER_HOME /opt/freesurfer
Actual FREESURFER_HOME /opt/freesurfer
build-stamp.txt: freesurfer-linux-ubuntu22_x86_64-7.3.2-20220804-6354275
Linux dna006 5.14.0-427.37.1.el9_4.x86_64 #1 SMP PREEMPT_DYNAMIC Fri Sep 13 12:41:50 EDT 2024 x86_64 x86_64 x86_64 GNU/Linux
cputime      unlimited
filesize     unlimited
datasize     unlimited
stacksize    8192 kbytes
coredumpsize 0 kbytes
memoryuse    67108864 kbytes
vmemoryuse   unlimited
descriptors  1024 
memorylocked unlimited
maxproc      2061970 
maxlocks     unlimited
maxsignal    2061970 
maxmessage   819200 
maxnice      0 
maxrtprio    0 
maxrttime    unlimited

               total        used        free      shared  buff/cache   available
Mem:           503Gi        43Gi       407Gi       9.9Gi        51Gi       446Gi
Swap:             0B          0B          0B

########################################
program versions used
7.3.2 (freesurfer-linux-ubuntu22_x86_64-7.3.2-20220804-6354275)
7.3.2

ProgramName: lta_convert  ProgramArguments: lta_convert -all-info  ProgramVersion: 7.3.2  TimeStamp: 2026/03/10-07:03:13-GMT  BuildTime: Aug  4 2022 06:17:15  BuildStamp: freesurfer-linux-ubuntu22_x86_64-7.3.2-20220804-6354275  User: oesteban  Machine: dna006  Platform: Linux  PlatformVersion: 5.14.0-427.37.1.el9_4.x86_64  CompilerName: GCC  CompilerVersion: 8.4.0
ProgramName: mri_and  ProgramArguments: mri_and -all-info  ProgramVersion: 7.3.2  TimeStamp: 2026/03/10-07:03:13-GMT  BuildTime: Aug  4 2022 06:17:15  BuildStamp: freesurfer-linux-ubuntu22_x86_64-7.3.2-20220804-6354275  User: oesteban  Machine: dna006  Platform: Linux  PlatformVersion: 5.14.0-427.37.1.el9_4.x86_64  CompilerName: GCC  CompilerVersion: 8.4.0
ProgramName: mri_annotation2label  ProgramArguments: mri_annotation2label -all-info  ProgramVersion: 7.3.2  TimeStamp: 2026/03/10-07:03:13-GMT  BuildTime: Aug  4 2022 06:17:15  BuildStamp: freesurfer-linux-ubuntu22_x86_64-7.3.2-20220804-6354275  User: oesteban  Machine: dna006  Platform: Linux  PlatformVersion: 5.14.0-427.37.1.el9_4.x86_64  CompilerName: GCC  CompilerVersion: 8.4.0
ProgramName: mri_aparc2aseg  ProgramArguments: mri_aparc2aseg -all-info  ProgramVersion: 7.3.2  TimeStamp: 2026/03/10-07:03:13-GMT  BuildTime: Aug  4 2022 06:17:15  BuildStamp: freesurfer-linux-ubuntu22_x86_64-7.3.2-20220804-6354275  User: oesteban  Machine: dna006  Platform: Linux  PlatformVersion: 5.14.0-427.37.1.el9_4.x86_64  CompilerName: GCC  CompilerVersion: 8.4.0
ProgramName: mri_surf2volseg  ProgramArguments: mri_surf2volseg -all-info  ProgramVersion: 7.3.2  TimeStamp: 2026/03/10-07:03:13-GMT  BuildTime: Aug  4 2022 06:17:15  BuildStamp: freesurfer-linux-ubuntu22_x86_64-7.3.2-20220804-6354275  User: oesteban  Machine: dna006  Platform: Linux  PlatformVersion: 5.14.0-427.37.1.el9_4.x86_64  CompilerName: GCC  CompilerVersion: 8.4.0
ProgramName: mri_binarize  ProgramArguments: mri_binarize -all-info  ProgramVersion: 7.3.2  TimeStamp: 2026/03/10-07:03:13-GMT  BuildTime: Aug  4 2022 06:17:15  BuildStamp: freesurfer-linux-ubuntu22_x86_64-7.3.2-20220804-6354275  User: oesteban  Machine: dna006  Platform: Linux  PlatformVersion: 5.14.0-427.37.1.el9_4.x86_64  CompilerName: GCC  CompilerVersion: 8.4.0
ProgramName: mri_ca_label  ProgramArguments: mri_ca_label -all-info  ProgramVersion: 7.3.2  TimeStamp: 2026/03/10-07:03:13-GMT  BuildTime: Aug  4 2022 06:17:15  BuildStamp: freesurfer-linux-ubuntu22_x86_64-7.3.2-20220804-6354275  User: oesteban  Machine: dna006  Platform: Linux  PlatformVersion: 5.14.0-427.37.1.el9_4.x86_64  CompilerName: GCC  CompilerVersion: 8.4.0
ProgramName: mri_ca_normalize  ProgramArguments: mri_ca_normalize -all-info  ProgramVersion: 7.3.2  TimeStamp: 2026/03/10-07:03:13-GMT  BuildTime: Aug  4 2022 06:17:15  BuildStamp: freesurfer-linux-ubuntu22_x86_64-7.3.2-20220804-6354275  User: oesteban  Machine: dna006  Platform: Linux  PlatformVersion: 5.14.0-427.37.1.el9_4.x86_64  CompilerName: GCC  CompilerVersion: 8.4.0
ProgramName: mri_ca_register  ProgramArguments: mri_ca_register -all-info  ProgramVersion: 7.3.2  TimeStamp: 2026/03/10-07:03:13-GMT  BuildTime: Aug  4 2022 06:17:15  BuildStamp: freesurfer-linux-ubuntu22_x86_64-7.3.2-20220804-6354275  User: oesteban  Machine: dna006  Platform: Linux  PlatformVersion: 5.14.0-427.37.1.el9_4.x86_64  CompilerName: GCC  CompilerVersion: 8.4.0
ProgramName: mri_cc  ProgramArguments: mri_cc -all-info  ProgramVersion: 7.3.2  TimeStamp: 2026/03/10-07:03:13-GMT  BuildTime: Aug  4 2022 06:17:15  BuildStamp: freesurfer-linux-ubuntu22_x86_64-7.3.2-20220804-6354275  User: oesteban  Machine: dna006  Platform: Linux  PlatformVersion: 5.14.0-427.37.1.el9_4.x86_64  CompilerName: GCC  CompilerVersion: 8.4.0
ProgramName: mri_compute_overlap  ProgramArguments: mri_compute_overlap -all-info  ProgramVersion: 7.3.2  TimeStamp: 2026/03/10-07:03:13-GMT  BuildTime: Aug  4 2022 06:17:15  BuildStamp: freesurfer-linux-ubuntu22_x86_64-7.3.2-20220804-6354275  User: oesteban  Machine: dna006  Platform: Linux  PlatformVersion: 5.14.0-427.37.1.el9_4.x86_64  CompilerName: GCC  CompilerVersion: 8.4.0
ProgramName: mri_compute_seg_overlap  ProgramArguments: mri_compute_seg_overlap -all-info  ProgramVersion: 7.3.2  TimeStamp: 2026/03/10-07:03:13-GMT  BuildTime: Aug  4 2022 06:17:15  BuildStamp: freesurfer-linux-ubuntu22_x86_64-7.3.2-20220804-6354275  User: oesteban  Machine: dna006  Platform: Linux  PlatformVersion: 5.14.0-427.37.1.el9_4.x86_64  CompilerName: GCC  CompilerVersion: 8.4.0
ProgramName: mri_concat  ProgramArguments: mri_concat -all-info  ProgramVersion: 7.3.2  TimeStamp: 2026/03/10-07:03:13-GMT  BuildTime: Aug  4 2022 06:17:15  BuildStamp: freesurfer-linux-ubuntu22_x86_64-7.3.2-20220804-6354275  User: oesteban  Machine: dna006  Platform: Linux  PlatformVersion: 5.14.0-427.37.1.el9_4.x86_64  CompilerName: GCC  CompilerVersion: 8.4.0
ProgramName: mri_concatenate_lta  ProgramArguments: mri_concatenate_lta -all-info  ProgramVersion: 7.3.2  TimeStamp: 2026/03/10-07:03:13-GMT  BuildTime: Aug  4 2022 06:17:15  BuildStamp: freesurfer-linux-ubuntu22_x86_64-7.3.2-20220804-6354275  User: oesteban  Machine: dna006  Platform: Linux  PlatformVersion: 5.14.0-427.37.1.el9_4.x86_64  CompilerName: GCC  CompilerVersion: 8.4.0
mri_convert -all-info 
ProgramName: mri_convert  ProgramArguments: mri_convert -all-info  ProgramVersion: 7.3.2  TimeStamp: 2026/03/10-07:03:13-GMT  BuildTime: Aug  4 2022 06:17:15  BuildStamp: freesurfer-linux-ubuntu22_x86_64-7.3.2-20220804-6354275  User: oesteban  Machine: dna006  Platform: Linux  PlatformVersion: 5.14.0-427.37.1.el9_4.x86_64  CompilerName: GCC  CompilerVersion: 8.4.0
ProgramName: mri_diff  ProgramArguments: mri_diff -all-info  ProgramVersion: 7.3.2  TimeStamp: 2026/03/10-07:03:13-GMT  BuildTime: Aug  4 2022 06:17:15  BuildStamp: freesurfer-linux-ubuntu22_x86_64-7.3.2-20220804-6354275  User: oesteban  Machine: dna006  Platform: Linux  PlatformVersion: 5.14.0-427.37.1.el9_4.x86_64  CompilerName: GCC  CompilerVersion: 8.4.0
ProgramName: mri_edit_wm_with_aseg  ProgramArguments: mri_edit_wm_with_aseg -all-info  ProgramVersion: 7.3.2  TimeStamp: 2026/03/10-07:03:13-GMT  BuildTime: Aug  4 2022 06:17:15  BuildStamp: freesurfer-linux-ubuntu22_x86_64-7.3.2-20220804-6354275  User: oesteban  Machine: dna006  Platform: Linux  PlatformVersion: 5.14.0-427.37.1.el9_4.x86_64  CompilerName: GCC  CompilerVersion: 8.4.0
ProgramName: mri_em_register  ProgramArguments: mri_em_register -all-info  ProgramVersion: 7.3.2  TimeStamp: 2026/03/10-07:03:13-GMT  BuildTime: Aug  4 2022 06:17:15  BuildStamp: freesurfer-linux-ubuntu22_x86_64-7.3.2-20220804-6354275  User: oesteban  Machine: dna006  Platform: Linux  PlatformVersion: 5.14.0-427.37.1.el9_4.x86_64  CompilerName: GCC  CompilerVersion: 8.4.0
ProgramName: mri_fill  ProgramArguments: mri_fill -all-info  ProgramVersion: 7.3.2  TimeStamp: 2026/03/10-07:03:13-GMT  BuildTime: Aug  4 2022 06:17:15  BuildStamp: freesurfer-linux-ubuntu22_x86_64-7.3.2-20220804-6354275  User: oesteban  Machine: dna006  Platform: Linux  PlatformVersion: 5.14.0-427.37.1.el9_4.x86_64  CompilerName: GCC  CompilerVersion: 8.4.0
ProgramName: mri_fuse_segmentations  ProgramArguments: mri_fuse_segmentations -all-info  ProgramVersion: 7.3.2  TimeStamp: 2026/03/10-07:03:13-GMT  BuildTime: Aug  4 2022 06:17:15  BuildStamp: freesurfer-linux-ubuntu22_x86_64-7.3.2-20220804-6354275  User: oesteban  Machine: dna006  Platform: Linux  PlatformVersion: 5.14.0-427.37.1.el9_4.x86_64  CompilerName: GCC  CompilerVersion: 8.4.0
ProgramName: mri_fwhm  ProgramArguments: mri_fwhm -all-info  ProgramVersion: 7.3.2  TimeStamp: 2026/03/10-07:03:13-GMT  BuildTime: Aug  4 2022 06:17:15  BuildStamp: freesurfer-linux-ubuntu22_x86_64-7.3.2-20220804-6354275  User: oesteban  Machine: dna006  Platform: Linux  PlatformVersion: 5.14.0-427.37.1.el9_4.x86_64  CompilerName: GCC  CompilerVersion: 8.4.0
ProgramName: mri_gcut  ProgramArguments: mri_gcut -all-info  ProgramVersion: 7.3.2  TimeStamp: 2026/03/10-07:03:13-GMT  BuildTime: Aug  4 2022 06:17:15  BuildStamp: freesurfer-linux-ubuntu22_x86_64-7.3.2-20220804-6354275  User: oesteban  Machine: dna006  Platform: Linux  PlatformVersion: 5.14.0-427.37.1.el9_4.x86_64  CompilerName: GCC  CompilerVersion: 8.4.0
ProgramName: mri_info  ProgramArguments: mri_info -all-info  ProgramVersion: 7.3.2  TimeStamp: 2026/03/10-07:03:13-GMT  BuildTime: Aug  4 2022 06:17:15  BuildStamp: freesurfer-linux-ubuntu22_x86_64-7.3.2-20220804-6354275  User: oesteban  Machine: dna006  Platform: Linux  PlatformVersion: 5.14.0-427.37.1.el9_4.x86_64  CompilerName: GCC  CompilerVersion: 8.4.0
ProgramName: mri_label2label  ProgramArguments: mri_label2label -all-info  ProgramVersion: 7.3.2  TimeStamp: 2026/03/10-07:03:13-GMT  BuildTime: Aug  4 2022 06:17:15  BuildStamp: freesurfer-linux-ubuntu22_x86_64-7.3.2-20220804-6354275  User: oesteban  Machine: dna006  Platform: Linux  PlatformVersion: 5.14.0-427.37.1.el9_4.x86_64  CompilerName: GCC  CompilerVersion: 8.4.0
ProgramName: mri_label2vol  ProgramArguments: mri_label2vol -all-info  ProgramVersion: 7.3.2  TimeStamp: 2026/03/10-07:03:13-GMT  BuildTime: Aug  4 2022 06:17:15  BuildStamp: freesurfer-linux-ubuntu22_x86_64-7.3.2-20220804-6354275  User: oesteban  Machine: dna006  Platform: Linux  PlatformVersion: 5.14.0-427.37.1.el9_4.x86_64  CompilerName: GCC  CompilerVersion: 8.4.0
ProgramName: mri_log_likelihood  ProgramArguments: mri_log_likelihood -all-info  ProgramVersion: 7.3.2  TimeStamp: 2026/03/10-07:03:13-GMT  BuildTime: Aug  4 2022 06:17:15  BuildStamp: freesurfer-linux-ubuntu22_x86_64-7.3.2-20220804-6354275  User: oesteban  Machine: dna006  Platform: Linux  PlatformVersion: 5.14.0-427.37.1.el9_4.x86_64  CompilerName: GCC  CompilerVersion: 8.4.0
ProgramName: mri_mask  ProgramArguments: mri_mask -all-info  ProgramVersion: 7.3.2  TimeStamp: 2026/03/10-07:03:13-GMT  BuildTime: Aug  4 2022 06:17:15  BuildStamp: freesurfer-linux-ubuntu22_x86_64-7.3.2-20220804-6354275  User: oesteban  Machine: dna006  Platform: Linux  PlatformVersion: 5.14.0-427.37.1.el9_4.x86_64  CompilerName: GCC  CompilerVersion: 8.4.0
ProgramName: mri_matrix_multiply  ProgramArguments: mri_matrix_multiply -all-info  ProgramVersion: 7.3.2  TimeStamp: 2026/03/10-07:03:13-GMT  BuildTime: Aug  4 2022 06:17:15  BuildStamp: freesurfer-linux-ubuntu22_x86_64-7.3.2-20220804-6354275  User: oesteban  Machine: dna006  Platform: Linux  PlatformVersion: 5.14.0-427.37.1.el9_4.x86_64  CompilerName: GCC  CompilerVersion: 8.4.0
ProgramName: mri_normalize  ProgramArguments: mri_normalize -all-info  ProgramVersion: 7.3.2  TimeStamp: 2026/03/10-07:03:13-GMT  BuildTime: Aug  4 2022 06:17:15  BuildStamp: freesurfer-linux-ubuntu22_x86_64-7.3.2-20220804-6354275  User: oesteban  Machine: dna006  Platform: Linux  PlatformVersion: 5.14.0-427.37.1.el9_4.x86_64  CompilerName: GCC  CompilerVersion: 8.4.0
ProgramName: mri_normalize_tp2  ProgramArguments: mri_normalize_tp2 -all-info  ProgramVersion: 7.3.2  TimeStamp: 2026/03/10-07:03:13-GMT  BuildTime: Aug  4 2022 06:17:15  BuildStamp: freesurfer-linux-ubuntu22_x86_64-7.3.2-20220804-6354275  User: oesteban  Machine: dna006  Platform: Linux  PlatformVersion: 5.14.0-427.37.1.el9_4.x86_64  CompilerName: GCC  CompilerVersion: 8.4.0
ProgramName: mri_or  ProgramArguments: mri_or -all-info  ProgramVersion: 7.3.2  TimeStamp: 2026/03/10-07:03:13-GMT  BuildTime: Aug  4 2022 06:17:15  BuildStamp: freesurfer-linux-ubuntu22_x86_64-7.3.2-20220804-6354275  User: oesteban  Machine: dna006  Platform: Linux  PlatformVersion: 5.14.0-427.37.1.el9_4.x86_64  CompilerName: GCC  CompilerVersion: 8.4.0
ProgramName: mri_relabel_hypointensities  ProgramArguments: mri_relabel_hypointensities -all-info  ProgramVersion: 7.3.2  TimeStamp: 2026/03/10-07:03:13-GMT  BuildTime: Aug  4 2022 06:17:15  BuildStamp: freesurfer-linux-ubuntu22_x86_64-7.3.2-20220804-6354275  User: oesteban  Machine: dna006  Platform: Linux  PlatformVersion: 5.14.0-427.37.1.el9_4.x86_64  CompilerName: GCC  CompilerVersion: 8.4.0
ProgramName: mri_relabel_nonwm_hypos  ProgramArguments: mri_relabel_nonwm_hypos -all-info  ProgramVersion: 7.3.2  TimeStamp: 2026/03/10-07:03:13-GMT  BuildTime: Aug  4 2022 06:17:15  BuildStamp: freesurfer-linux-ubuntu22_x86_64-7.3.2-20220804-6354275  User: oesteban  Machine: dna006  Platform: Linux  PlatformVersion: 5.14.0-427.37.1.el9_4.x86_64  CompilerName: GCC  CompilerVersion: 8.4.0
ProgramName: mri_remove_neck  ProgramArguments: mri_remove_neck -all-info  ProgramVersion: 7.3.2  TimeStamp: 2026/03/10-07:03:13-GMT  BuildTime: Aug  4 2022 06:17:15  BuildStamp: freesurfer-linux-ubuntu22_x86_64-7.3.2-20220804-6354275  User: oesteban  Machine: dna006  Platform: Linux  PlatformVersion: 5.14.0-427.37.1.el9_4.x86_64  CompilerName: GCC  CompilerVersion: 8.4.0
7.3.2

ProgramName: mri_robust_register  ProgramArguments: mri_robust_register -all-info  ProgramVersion: 7.3.2  TimeStamp: 2026/03/10-07:03:13-GMT  BuildTime: Aug  4 2022 06:17:15  BuildStamp: freesurfer-linux-ubuntu22_x86_64-7.3.2-20220804-6354275  User: oesteban  Machine: dna006  Platform: Linux  PlatformVersion: 5.14.0-427.37.1.el9_4.x86_64  CompilerName: GCC  CompilerVersion: 8.4.0
7.3.2

ProgramName: mri_robust_template  ProgramArguments: mri_robust_template -all-info  ProgramVersion: 7.3.2  TimeStamp: 2026/03/10-07:03:13-GMT  BuildTime: Aug  4 2022 06:17:15  BuildStamp: freesurfer-linux-ubuntu22_x86_64-7.3.2-20220804-6354275  User: oesteban  Machine: dna006  Platform: Linux  PlatformVersion: 5.14.0-427.37.1.el9_4.x86_64  CompilerName: GCC  CompilerVersion: 8.4.0
ProgramName: mris_anatomical_stats  ProgramArguments: mris_anatomical_stats -all-info  ProgramVersion: 7.3.2  TimeStamp: 2026/03/10-07:03:13-GMT  BuildTime: Aug  4 2022 06:17:15  BuildStamp: freesurfer-linux-ubuntu22_x86_64-7.3.2-20220804-6354275  User: oesteban  Machine: dna006  Platform: Linux  PlatformVersion: 5.14.0-427.37.1.el9_4.x86_64  CompilerName: GCC  CompilerVersion: 8.4.0
ProgramName: mris_ca_label  ProgramArguments: mris_ca_label -all-info  ProgramVersion: 7.3.2  TimeStamp: 2026/03/10-07:03:13-GMT  BuildTime: Aug  4 2022 06:17:15  BuildStamp: freesurfer-linux-ubuntu22_x86_64-7.3.2-20220804-6354275  User: oesteban  Machine: dna006  Platform: Linux  PlatformVersion: 5.14.0-427.37.1.el9_4.x86_64  CompilerName: GCC  CompilerVersion: 8.4.0
ProgramName: mris_calc  ProgramArguments: mris_calc -all-info  ProgramVersion: 7.3.2  TimeStamp: 2026/03/10-07:03:13-GMT  BuildTime: Aug  4 2022 06:17:15  BuildStamp: freesurfer-linux-ubuntu22_x86_64-7.3.2-20220804-6354275  User: oesteban  Machine: dna006  Platform: Linux  PlatformVersion: 5.14.0-427.37.1.el9_4.x86_64  CompilerName: GCC  CompilerVersion: 8.4.0
ProgramName: mris_convert  ProgramArguments: mris_convert -all-info  ProgramVersion: 7.3.2  TimeStamp: 2026/03/10-07:03:13-GMT  BuildTime: Aug  4 2022 06:17:15  BuildStamp: freesurfer-linux-ubuntu22_x86_64-7.3.2-20220804-6354275  User: oesteban  Machine: dna006  Platform: Linux  PlatformVersion: 5.14.0-427.37.1.el9_4.x86_64  CompilerName: GCC  CompilerVersion: 8.4.0
ProgramName: mris_curvature  ProgramArguments: mris_curvature -all-info  ProgramVersion: 7.3.2  TimeStamp: 2026/03/10-07:03:13-GMT  BuildTime: Aug  4 2022 06:17:15  BuildStamp: freesurfer-linux-ubuntu22_x86_64-7.3.2-20220804-6354275  User: oesteban  Machine: dna006  Platform: Linux  PlatformVersion: 5.14.0-427.37.1.el9_4.x86_64  CompilerName: GCC  CompilerVersion: 8.4.0
ProgramName: mris_curvature_stats  ProgramArguments: mris_curvature_stats -all-info  ProgramVersion: 7.3.2  TimeStamp: 2026/03/10-07:03:13-GMT  BuildTime: Aug  4 2022 06:17:15  BuildStamp: freesurfer-linux-ubuntu22_x86_64-7.3.2-20220804-6354275  User: oesteban  Machine: dna006  Platform: Linux  PlatformVersion: 5.14.0-427.37.1.el9_4.x86_64  CompilerName: GCC  CompilerVersion: 8.4.0
ProgramName: mris_diff  ProgramArguments: mris_diff -all-info  ProgramVersion: 7.3.2  TimeStamp: 2026/03/10-07:03:13-GMT  BuildTime: Aug  4 2022 06:17:15  BuildStamp: freesurfer-linux-ubuntu22_x86_64-7.3.2-20220804-6354275  User: oesteban  Machine: dna006  Platform: Linux  PlatformVersion: 5.14.0-427.37.1.el9_4.x86_64  CompilerName: GCC  CompilerVersion: 8.4.0
ProgramName: mris_divide_parcellation  ProgramArguments: mris_divide_parcellation -all-info  ProgramVersion: 7.3.2  TimeStamp: 2026/03/10-07:03:13-GMT  BuildTime: Aug  4 2022 06:17:15  BuildStamp: freesurfer-linux-ubuntu22_x86_64-7.3.2-20220804-6354275  User: oesteban  Machine: dna006  Platform: Linux  PlatformVersion: 5.14.0-427.37.1.el9_4.x86_64  CompilerName: GCC  CompilerVersion: 8.4.0
ProgramName: mri_segment  ProgramArguments: mri_segment -all-info  ProgramVersion: 7.3.2  TimeStamp: 2026/03/10-07:03:13-GMT  BuildTime: Aug  4 2022 06:17:15  BuildStamp: freesurfer-linux-ubuntu22_x86_64-7.3.2-20220804-6354275  User: oesteban  Machine: dna006  Platform: Linux  PlatformVersion: 5.14.0-427.37.1.el9_4.x86_64  CompilerName: GCC  CompilerVersion: 8.4.0
ProgramName: mri_segstats  ProgramArguments: mri_segstats -all-info  ProgramVersion: 7.3.2  TimeStamp: 2026/03/10-07:03:13-GMT  BuildTime: Aug  4 2022 06:17:15  BuildStamp: freesurfer-linux-ubuntu22_x86_64-7.3.2-20220804-6354275  User: oesteban  Machine: dna006  Platform: Linux  PlatformVersion: 5.14.0-427.37.1.el9_4.x86_64  CompilerName: GCC  CompilerVersion: 8.4.0
ProgramName: mris_euler_number  ProgramArguments: mris_euler_number -all-info  ProgramVersion: 7.3.2  TimeStamp: 2026/03/10-07:03:13-GMT  BuildTime: Aug  4 2022 06:17:15  BuildStamp: freesurfer-linux-ubuntu22_x86_64-7.3.2-20220804-6354275  User: oesteban  Machine: dna006  Platform: Linux  PlatformVersion: 5.14.0-427.37.1.el9_4.x86_64  CompilerName: GCC  CompilerVersion: 8.4.0
ProgramName: mris_fix_topology  ProgramArguments: mris_fix_topology -all-info  ProgramVersion: 7.3.2  TimeStamp: 2026/03/10-07:03:13-GMT  BuildTime: Aug  4 2022 06:17:15  BuildStamp: freesurfer-linux-ubuntu22_x86_64-7.3.2-20220804-6354275  User: oesteban  Machine: dna006  Platform: Linux  PlatformVersion: 5.14.0-427.37.1.el9_4.x86_64  CompilerName: GCC  CompilerVersion: 8.4.0
ProgramName: mris_topo_fixer  ProgramArguments: mris_topo_fixer -all-info  ProgramVersion: 7.3.2  TimeStamp: 2026/03/10-07:03:13-GMT  BuildTime: Aug  4 2022 06:17:15  BuildStamp: freesurfer-linux-ubuntu22_x86_64-7.3.2-20220804-6354275  User: oesteban  Machine: dna006  Platform: Linux  PlatformVersion: 5.14.0-427.37.1.el9_4.x86_64  CompilerName: GCC  CompilerVersion: 8.4.0
ProgramName: mris_jacobian  ProgramArguments: mris_jacobian -all-info  ProgramVersion: 7.3.2  TimeStamp: 2026/03/10-07:03:13-GMT  BuildTime: Aug  4 2022 06:17:15  BuildStamp: freesurfer-linux-ubuntu22_x86_64-7.3.2-20220804-6354275  User: oesteban  Machine: dna006  Platform: Linux  PlatformVersion: 5.14.0-427.37.1.el9_4.x86_64  CompilerName: GCC  CompilerVersion: 8.4.0
ProgramName: mris_label2annot  ProgramArguments: mris_label2annot -all-info  ProgramVersion: 7.3.2  TimeStamp: 2026/03/10-07:03:13-GMT  BuildTime: Aug  4 2022 06:17:15  BuildStamp: freesurfer-linux-ubuntu22_x86_64-7.3.2-20220804-6354275  User: oesteban  Machine: dna006  Platform: Linux  PlatformVersion: 5.14.0-427.37.1.el9_4.x86_64  CompilerName: GCC  CompilerVersion: 8.4.0
ProgramName: mris_left_right_register  ProgramArguments: mris_left_right_register -all-info  ProgramVersion: 7.3.2  TimeStamp: 2026/03/10-07:03:13-GMT  BuildTime: Aug  4 2022 06:17:15  BuildStamp: freesurfer-linux-ubuntu22_x86_64-7.3.2-20220804-6354275  User: oesteban  Machine: dna006  Platform: Linux  PlatformVersion: 5.14.0-427.37.1.el9_4.x86_64  CompilerName: GCC  CompilerVersion: 8.4.0
ProgramName: mris_place_surface  ProgramArguments: mris_place_surface -all-info  ProgramVersion: 7.3.2  TimeStamp: 2026/03/10-07:03:13-GMT  BuildTime: Aug  4 2022 06:17:15  BuildStamp: freesurfer-linux-ubuntu22_x86_64-7.3.2-20220804-6354275  User: oesteban  Machine: dna006  Platform: Linux  PlatformVersion: 5.14.0-427.37.1.el9_4.x86_64  CompilerName: GCC  CompilerVersion: 8.4.0
ProgramName: mrisp_paint  ProgramArguments: mrisp_paint -all-info  ProgramVersion: 7.3.2  TimeStamp: 2026/03/10-07:03:13-GMT  BuildTime: Aug  4 2022 06:17:15  BuildStamp: freesurfer-linux-ubuntu22_x86_64-7.3.2-20220804-6354275  User: oesteban  Machine: dna006  Platform: Linux  PlatformVersion: 5.14.0-427.37.1.el9_4.x86_64  CompilerName: GCC  CompilerVersion: 8.4.0
ProgramName: mris_register  ProgramArguments: mris_register -all-info  ProgramVersion: 7.3.2  TimeStamp: 2026/03/10-07:03:13-GMT  BuildTime: Aug  4 2022 06:17:15  BuildStamp: freesurfer-linux-ubuntu22_x86_64-7.3.2-20220804-6354275  User: oesteban  Machine: dna006  Platform: Linux  PlatformVersion: 5.14.0-427.37.1.el9_4.x86_64  CompilerName: GCC  CompilerVersion: 8.4.0
ProgramName: mris_smooth  ProgramArguments: mris_smooth -all-info  ProgramVersion: 7.3.2  TimeStamp: 2026/03/10-07:03:13-GMT  BuildTime: Aug  4 2022 06:17:15  BuildStamp: freesurfer-linux-ubuntu22_x86_64-7.3.2-20220804-6354275  User: oesteban  Machine: dna006  Platform: Linux  PlatformVersion: 5.14.0-427.37.1.el9_4.x86_64  CompilerName: GCC  CompilerVersion: 8.4.0
ProgramName: mris_sphere  ProgramArguments: mris_sphere -all-info  ProgramVersion: 7.3.2  TimeStamp: 2026/03/10-07:03:13-GMT  BuildTime: Aug  4 2022 06:17:15  BuildStamp: freesurfer-linux-ubuntu22_x86_64-7.3.2-20220804-6354275  User: oesteban  Machine: dna006  Platform: Linux  PlatformVersion: 5.14.0-427.37.1.el9_4.x86_64  CompilerName: GCC  CompilerVersion: 8.4.0
ProgramName: mris_surface_stats  ProgramArguments: mris_surface_stats -all-info  ProgramVersion: 7.3.2  TimeStamp: 2026/03/10-07:03:13-GMT  BuildTime: Aug  4 2022 06:17:15  BuildStamp: freesurfer-linux-ubuntu22_x86_64-7.3.2-20220804-6354275  User: oesteban  Machine: dna006  Platform: Linux  PlatformVersion: 5.14.0-427.37.1.el9_4.x86_64  CompilerName: GCC  CompilerVersion: 8.4.0
ProgramName: mri_stats2seg  ProgramArguments: mri_stats2seg -all-info  ProgramVersion: 7.3.2  TimeStamp: 2026/03/10-07:03:13-GMT  BuildTime: Aug  4 2022 06:17:15  BuildStamp: freesurfer-linux-ubuntu22_x86_64-7.3.2-20220804-6354275  User: oesteban  Machine: dna006  Platform: Linux  PlatformVersion: 5.14.0-427.37.1.el9_4.x86_64  CompilerName: GCC  CompilerVersion: 8.4.0
ProgramName: mris_thickness  ProgramArguments: mris_thickness -all-info  ProgramVersion: 7.3.2  TimeStamp: 2026/03/10-07:03:13-GMT  BuildTime: Aug  4 2022 06:17:15  BuildStamp: freesurfer-linux-ubuntu22_x86_64-7.3.2-20220804-6354275  User: oesteban  Machine: dna006  Platform: Linux  PlatformVersion: 5.14.0-427.37.1.el9_4.x86_64  CompilerName: GCC  CompilerVersion: 8.4.0
ProgramName: mris_thickness_diff  ProgramArguments: mris_thickness_diff -all-info  ProgramVersion: 7.3.2  TimeStamp: 2026/03/10-07:03:13-GMT  BuildTime: Aug  4 2022 06:17:15  BuildStamp: freesurfer-linux-ubuntu22_x86_64-7.3.2-20220804-6354275  User: oesteban  Machine: dna006  Platform: Linux  PlatformVersion: 5.14.0-427.37.1.el9_4.x86_64  CompilerName: GCC  CompilerVersion: 8.4.0
ProgramName: mris_topo_fixer  ProgramArguments: mris_topo_fixer -all-info  ProgramVersion: 7.3.2  TimeStamp: 2026/03/10-07:03:13-GMT  BuildTime: Aug  4 2022 06:17:15  BuildStamp: freesurfer-linux-ubuntu22_x86_64-7.3.2-20220804-6354275  User: oesteban  Machine: dna006  Platform: Linux  PlatformVersion: 5.14.0-427.37.1.el9_4.x86_64  CompilerName: GCC  CompilerVersion: 8.4.0
ProgramName: mri_surf2surf  ProgramArguments: mri_surf2surf -all-info  ProgramVersion: 7.3.2  TimeStamp: 2026/03/10-07:03:13-GMT  BuildTime: Aug  4 2022 06:17:15  BuildStamp: freesurfer-linux-ubuntu22_x86_64-7.3.2-20220804-6354275  User: oesteban  Machine: dna006  Platform: Linux  PlatformVersion: 5.14.0-427.37.1.el9_4.x86_64  CompilerName: GCC  CompilerVersion: 8.4.0
ProgramName: mri_surf2vol  ProgramArguments: mri_surf2vol -all-info  ProgramVersion: 7.3.2  TimeStamp: 2026/03/10-07:03:13-GMT  BuildTime: Aug  4 2022 06:17:15  BuildStamp: freesurfer-linux-ubuntu22_x86_64-7.3.2-20220804-6354275  User: oesteban  Machine: dna006  Platform: Linux  PlatformVersion: 5.14.0-427.37.1.el9_4.x86_64  CompilerName: GCC  CompilerVersion: 8.4.0
ProgramName: mri_surfcluster  ProgramArguments: mri_surfcluster -all-info  ProgramVersion: 7.3.2  TimeStamp: 2026/03/10-07:03:13-GMT  BuildTime: Aug  4 2022 06:17:15  BuildStamp: freesurfer-linux-ubuntu22_x86_64-7.3.2-20220804-6354275  User: oesteban  Machine: dna006  Platform: Linux  PlatformVersion: 5.14.0-427.37.1.el9_4.x86_64  CompilerName: GCC  CompilerVersion: 8.4.0
ProgramName: mris_volmask  ProgramArguments: mris_volmask -all-info  ProgramVersion: 7.3.2  TimeStamp: 2026/03/10-07:03:13-GMT  BuildTime: Aug  4 2022 06:17:15  BuildStamp: freesurfer-linux-ubuntu22_x86_64-7.3.2-20220804-6354275  User: oesteban  Machine: dna006  Platform: Linux  PlatformVersion: 5.14.0-427.37.1.el9_4.x86_64  CompilerName: GCC  CompilerVersion: 8.4.0
ProgramName: mri_tessellate  ProgramArguments: mri_tessellate -all-info  ProgramVersion: 7.3.2  TimeStamp: 2026/03/10-07:03:13-GMT  BuildTime: Aug  4 2022 06:17:15  BuildStamp: freesurfer-linux-ubuntu22_x86_64-7.3.2-20220804-6354275  User: oesteban  Machine: dna006  Platform: Linux  PlatformVersion: 5.14.0-427.37.1.el9_4.x86_64  CompilerName: GCC  CompilerVersion: 8.4.0
ProgramName: mri_vol2surf  ProgramArguments: mri_vol2surf -all-info  ProgramVersion: 7.3.2  TimeStamp: 2026/03/10-07:03:13-GMT  BuildTime: Aug  4 2022 06:17:15  BuildStamp: freesurfer-linux-ubuntu22_x86_64-7.3.2-20220804-6354275  User: oesteban  Machine: dna006  Platform: Linux  PlatformVersion: 5.14.0-427.37.1.el9_4.x86_64  CompilerName: GCC  CompilerVersion: 8.4.0
ProgramName: mri_vol2vol  ProgramArguments: mri_vol2vol -all-info  ProgramVersion: 7.3.2  TimeStamp: 2026/03/10-07:03:13-GMT  BuildTime: Aug  4 2022 06:17:15  BuildStamp: freesurfer-linux-ubuntu22_x86_64-7.3.2-20220804-6354275  User: oesteban  Machine: dna006  Platform: Linux  PlatformVersion: 5.14.0-427.37.1.el9_4.x86_64  CompilerName: GCC  CompilerVersion: 8.4.0
ProgramName: mri_voldiff  ProgramArguments: mri_voldiff -all-info  ProgramVersion: 7.3.2  TimeStamp: 2026/03/10-07:03:13-GMT  BuildTime: Aug  4 2022 06:17:15  BuildStamp: freesurfer-linux-ubuntu22_x86_64-7.3.2-20220804-6354275  User: oesteban  Machine: dna006  Platform: Linux  PlatformVersion: 5.14.0-427.37.1.el9_4.x86_64  CompilerName: GCC  CompilerVersion: 8.4.0
ProgramName: mri_watershed  ProgramArguments: mri_watershed -all-info  ProgramVersion: 7.3.2  TimeStamp: 2026/03/10-07:03:13-GMT  BuildTime: Aug  4 2022 06:17:15  BuildStamp: freesurfer-linux-ubuntu22_x86_64-7.3.2-20220804-6354275  User: oesteban  Machine: dna006  Platform: Linux  PlatformVersion: 5.14.0-427.37.1.el9_4.x86_64  CompilerName: GCC  CompilerVersion: 8.4.0
ProgramName: tkregister2  ProgramArguments: tkregister2_cmdl -all-info  ProgramVersion: 7.3.2  TimeStamp: 2026/03/10-07:03:13-GMT  BuildTime: Aug  4 2022 06:17:15  BuildStamp: freesurfer-linux-ubuntu22_x86_64-7.3.2-20220804-6354275  User: oesteban  Machine: dna006  Platform: Linux  PlatformVersion: 5.14.0-427.37.1.el9_4.x86_64  CompilerName: GCC  CompilerVersion: 8.4.0
mri_motion_correct.fsl 7.3.2
mri_convert -all-info 
ProgramName: mri_convert  ProgramArguments: mri_convert -all-info  ProgramVersion: 7.3.2  TimeStamp: 2026/03/10-07:03:13-GMT  BuildTime: Aug  4 2022 06:17:15  BuildStamp: freesurfer-linux-ubuntu22_x86_64-7.3.2-20220804-6354275  User: oesteban  Machine: dna006  Platform: Linux  PlatformVersion: 5.14.0-427.37.1.el9_4.x86_64  CompilerName: GCC  CompilerVersion: 8.4.0
Program nu_correct, built from:
Package MNI N3, version 1.12.0, compiled by nicks@terrier (x86_64-unknown-linux-gnu) on 2015-06-19 at 01:25:34
#######################################
GCADIR /opt/freesurfer/average
GCA RB_all_2020-01-02.gca
GCASkull RB_all_withskull_2020_01_02.gca
AvgCurvTif folding.atlas.acfb40.noaparc.i12.2016-08-02.tif
GCSDIR /opt/freesurfer/average
GCS DKaparc.atlas.acfb40.noaparc.i12.2016-08-02.gcs
#######################################
#@# white curv lh Tue Mar 10 08:03:13 CET 2026
cd /out/sourcedata/freesurfer/sub-v1s6x0051363_ses-1/mri
mris_place_surface --curv-map ../surf/lh.white 2 10 ../surf/lh.curv
   Update not needed
#@# white area lh Tue Mar 10 08:03:13 CET 2026
cd /out/sourcedata/freesurfer/sub-v1s6x0051363_ses-1/mri
mris_place_surface --area-map ../surf/lh.white ../surf/lh.area
   Update not needed
#@# pial curv lh Tue Mar 10 08:03:13 CET 2026
cd /out/sourcedata/freesurfer/sub-v1s6x0051363_ses-1/mri
mris_place_surface --curv-map ../surf/lh.pial 2 10 ../surf/lh.curv.pial
   Update not needed
#@# pial area lh Tue Mar 10 08:03:13 CET 2026
cd /out/sourcedata/freesurfer/sub-v1s6x0051363_ses-1/mri
mris_place_surface --area-map ../surf/lh.pial ../surf/lh.area.pial
   Update not needed
#@# thickness lh Tue Mar 10 08:03:13 CET 2026
cd /out/sourcedata/freesurfer/sub-v1s6x0051363_ses-1/mri
mris_place_surface --thickness ../surf/lh.white ../surf/lh.pial 20 5 ../surf/lh.thickness
   Update not needed
#@# area and vertex vol lh Tue Mar 10 08:03:13 CET 2026
cd /out/sourcedata/freesurfer/sub-v1s6x0051363_ses-1/mri
mris_place_surface --thickness ../surf/lh.white ../surf/lh.pial 20 5 ../surf/lh.thickness
   Update not needed
#@# white curv rh Tue Mar 10 08:03:13 CET 2026
cd /out/sourcedata/freesurfer/sub-v1s6x0051363_ses-1/mri
mris_place_surface --curv-map ../surf/rh.white 2 10 ../surf/rh.curv
   Update not needed
#@# white area rh Tue Mar 10 08:03:13 CET 2026
cd /out/sourcedata/freesurfer/sub-v1s6x0051363_ses-1/mri
mris_place_surface --area-map ../surf/rh.white ../surf/rh.area
   Update not needed
#@# pial curv rh Tue Mar 10 08:03:13 CET 2026
cd /out/sourcedata/freesurfer/sub-v1s6x0051363_ses-1/mri
mris_place_surface --curv-map ../surf/rh.pial 2 10 ../surf/rh.curv.pial
   Update not needed
#@# pial area rh Tue Mar 10 08:03:13 CET 2026
cd /out/sourcedata/freesurfer/sub-v1s6x0051363_ses-1/mri
mris_place_surface --area-map ../surf/rh.pial ../surf/rh.area.pial
   Update not needed
#@# thickness rh Tue Mar 10 08:03:13 CET 2026
cd /out/sourcedata/freesurfer/sub-v1s6x0051363_ses-1/mri
mris_place_surface --thickness ../surf/rh.white ../surf/rh.pial 20 5 ../surf/rh.thickness
   Update not needed
#@# area and vertex vol rh Tue Mar 10 08:03:13 CET 2026
cd /out/sourcedata/freesurfer/sub-v1s6x0051363_ses-1/mri
mris_place_surface --thickness ../surf/rh.white ../surf/rh.pial 20 5 ../surf/rh.thickness
   Update not needed
#--------------------------------------------
#@# Cortical ribbon mask Tue Mar 10 08:03:13 CET 2026
/out/sourcedata/freesurfer/sub-v1s6x0051363_ses-1/mri

 mris_volmask --aseg_name aseg.presurf --label_left_white 2 --label_left_ribbon 3 --label_right_white 41 --label_right_ribbon 42 --save_ribbon sub-v1s6x0051363_ses-1 

SUBJECTS_DIR is /out/sourcedata/freesurfer
loading input data...
Running hemis serially
Processing left hemi
computing distance to left white surface 
computing distance to left pial surface 
Processing right hemi
computing distance to right white surface 
computing distance to right pial surface 
 hemi masks overlap voxels = 222
writing volume /out/sourcedata/freesurfer/sub-v1s6x0051363_ses-1/mri/ribbon.mgz
mris_volmask took 3.70 minutes
 writing ribbon files

Started at Tue Mar 10 08:03:13 CET 2026 
Ended   at Tue Mar 10 08:06:55 CET 2026
#@#%# recon-all-run-time-hours 0.062
recon-all -s sub-v1s6x0051363_ses-1 finished without error at Tue Mar 10 08:06:55 CET 2026



#New# invocation of recon-all 




Tue Mar 10 08:13:17 CET 2026
cd /out/sourcedata/freesurfer/sub-v1s6x0051363_ses-1
setenv SUBJECTS_DIR /out/sourcedata/freesurfer
/opt/freesurfer/bin/recon-all -autorecon3 -openmp 16 -subjid sub-v1s6x0051363_ses-1 -sd /out/sourcedata/freesurfer -nosphere -nosurfreg -nojacobian_white -noavgcurv -nocortparc -nopial -noparcstats -nocortparc2 -noparcstats2 -nocortparc3 -noparcstats3 -nopctsurfcon -nocortribbon -nobalabels

subjid sub-v1s6x0051363_ses-1
setenv SUBJECTS_DIR /out/sourcedata/freesurfer
FREESURFER_HOME /opt/freesurfer
Actual FREESURFER_HOME /opt/freesurfer
build-stamp.txt: freesurfer-linux-ubuntu22_x86_64-7.3.2-20220804-6354275
Linux dna006 5.14.0-427.37.1.el9_4.x86_64 #1 SMP PREEMPT_DYNAMIC Fri Sep 13 12:41:50 EDT 2024 x86_64 x86_64 x86_64 GNU/Linux
cputime      unlimited
filesize     unlimited
datasize     unlimited
stacksize    8192 kbytes
coredumpsize 0 kbytes
memoryuse    67108864 kbytes
vmemoryuse   unlimited
descriptors  1024 
memorylocked unlimited
maxproc      2061970 
maxlocks     unlimited
maxsignal    2061970 
maxmessage   819200 
maxnice      0 
maxrtprio    0 
maxrttime    unlimited

               total        used        free      shared  buff/cache   available
Mem:           503Gi        44Gi       407Gi       9.9Gi        52Gi       446Gi
Swap:             0B          0B          0B

########################################
program versions used
7.3.2 (freesurfer-linux-ubuntu22_x86_64-7.3.2-20220804-6354275)
7.3.2

ProgramName: lta_convert  ProgramArguments: lta_convert -all-info  ProgramVersion: 7.3.2  TimeStamp: 2026/03/10-07:13:17-GMT  BuildTime: Aug  4 2022 06:17:15  BuildStamp: freesurfer-linux-ubuntu22_x86_64-7.3.2-20220804-6354275  User: oesteban  Machine: dna006  Platform: Linux  PlatformVersion: 5.14.0-427.37.1.el9_4.x86_64  CompilerName: GCC  CompilerVersion: 8.4.0
ProgramName: mri_and  ProgramArguments: mri_and -all-info  ProgramVersion: 7.3.2  TimeStamp: 2026/03/10-07:13:17-GMT  BuildTime: Aug  4 2022 06:17:15  BuildStamp: freesurfer-linux-ubuntu22_x86_64-7.3.2-20220804-6354275  User: oesteban  Machine: dna006  Platform: Linux  PlatformVersion: 5.14.0-427.37.1.el9_4.x86_64  CompilerName: GCC  CompilerVersion: 8.4.0
ProgramName: mri_annotation2label  ProgramArguments: mri_annotation2label -all-info  ProgramVersion: 7.3.2  TimeStamp: 2026/03/10-07:13:17-GMT  BuildTime: Aug  4 2022 06:17:15  BuildStamp: freesurfer-linux-ubuntu22_x86_64-7.3.2-20220804-6354275  User: oesteban  Machine: dna006  Platform: Linux  PlatformVersion: 5.14.0-427.37.1.el9_4.x86_64  CompilerName: GCC  CompilerVersion: 8.4.0
ProgramName: mri_aparc2aseg  ProgramArguments: mri_aparc2aseg -all-info  ProgramVersion: 7.3.2  TimeStamp: 2026/03/10-07:13:17-GMT  BuildTime: Aug  4 2022 06:17:15  BuildStamp: freesurfer-linux-ubuntu22_x86_64-7.3.2-20220804-6354275  User: oesteban  Machine: dna006  Platform: Linux  PlatformVersion: 5.14.0-427.37.1.el9_4.x86_64  CompilerName: GCC  CompilerVersion: 8.4.0
ProgramName: mri_surf2volseg  ProgramArguments: mri_surf2volseg -all-info  ProgramVersion: 7.3.2  TimeStamp: 2026/03/10-07:13:17-GMT  BuildTime: Aug  4 2022 06:17:15  BuildStamp: freesurfer-linux-ubuntu22_x86_64-7.3.2-20220804-6354275  User: oesteban  Machine: dna006  Platform: Linux  PlatformVersion: 5.14.0-427.37.1.el9_4.x86_64  CompilerName: GCC  CompilerVersion: 8.4.0
ProgramName: mri_binarize  ProgramArguments: mri_binarize -all-info  ProgramVersion: 7.3.2  TimeStamp: 2026/03/10-07:13:17-GMT  BuildTime: Aug  4 2022 06:17:15  BuildStamp: freesurfer-linux-ubuntu22_x86_64-7.3.2-20220804-6354275  User: oesteban  Machine: dna006  Platform: Linux  PlatformVersion: 5.14.0-427.37.1.el9_4.x86_64  CompilerName: GCC  CompilerVersion: 8.4.0
ProgramName: mri_ca_label  ProgramArguments: mri_ca_label -all-info  ProgramVersion: 7.3.2  TimeStamp: 2026/03/10-07:13:17-GMT  BuildTime: Aug  4 2022 06:17:15  BuildStamp: freesurfer-linux-ubuntu22_x86_64-7.3.2-20220804-6354275  User: oesteban  Machine: dna006  Platform: Linux  PlatformVersion: 5.14.0-427.37.1.el9_4.x86_64  CompilerName: GCC  CompilerVersion: 8.4.0
ProgramName: mri_ca_normalize  ProgramArguments: mri_ca_normalize -all-info  ProgramVersion: 7.3.2  TimeStamp: 2026/03/10-07:13:17-GMT  BuildTime: Aug  4 2022 06:17:15  BuildStamp: freesurfer-linux-ubuntu22_x86_64-7.3.2-20220804-6354275  User: oesteban  Machine: dna006  Platform: Linux  PlatformVersion: 5.14.0-427.37.1.el9_4.x86_64  CompilerName: GCC  CompilerVersion: 8.4.0
ProgramName: mri_ca_register  ProgramArguments: mri_ca_register -all-info  ProgramVersion: 7.3.2  TimeStamp: 2026/03/10-07:13:17-GMT  BuildTime: Aug  4 2022 06:17:15  BuildStamp: freesurfer-linux-ubuntu22_x86_64-7.3.2-20220804-6354275  User: oesteban  Machine: dna006  Platform: Linux  PlatformVersion: 5.14.0-427.37.1.el9_4.x86_64  CompilerName: GCC  CompilerVersion: 8.4.0
ProgramName: mri_cc  ProgramArguments: mri_cc -all-info  ProgramVersion: 7.3.2  TimeStamp: 2026/03/10-07:13:17-GMT  BuildTime: Aug  4 2022 06:17:15  BuildStamp: freesurfer-linux-ubuntu22_x86_64-7.3.2-20220804-6354275  User: oesteban  Machine: dna006  Platform: Linux  PlatformVersion: 5.14.0-427.37.1.el9_4.x86_64  CompilerName: GCC  CompilerVersion: 8.4.0
ProgramName: mri_compute_overlap  ProgramArguments: mri_compute_overlap -all-info  ProgramVersion: 7.3.2  TimeStamp: 2026/03/10-07:13:17-GMT  BuildTime: Aug  4 2022 06:17:15  BuildStamp: freesurfer-linux-ubuntu22_x86_64-7.3.2-20220804-6354275  User: oesteban  Machine: dna006  Platform: Linux  PlatformVersion: 5.14.0-427.37.1.el9_4.x86_64  CompilerName: GCC  CompilerVersion: 8.4.0
ProgramName: mri_compute_seg_overlap  ProgramArguments: mri_compute_seg_overlap -all-info  ProgramVersion: 7.3.2  TimeStamp: 2026/03/10-07:13:17-GMT  BuildTime: Aug  4 2022 06:17:15  BuildStamp: freesurfer-linux-ubuntu22_x86_64-7.3.2-20220804-6354275  User: oesteban  Machine: dna006  Platform: Linux  PlatformVersion: 5.14.0-427.37.1.el9_4.x86_64  CompilerName: GCC  CompilerVersion: 8.4.0
ProgramName: mri_concat  ProgramArguments: mri_concat -all-info  ProgramVersion: 7.3.2  TimeStamp: 2026/03/10-07:13:17-GMT  BuildTime: Aug  4 2022 06:17:15  BuildStamp: freesurfer-linux-ubuntu22_x86_64-7.3.2-20220804-6354275  User: oesteban  Machine: dna006  Platform: Linux  PlatformVersion: 5.14.0-427.37.1.el9_4.x86_64  CompilerName: GCC  CompilerVersion: 8.4.0
ProgramName: mri_concatenate_lta  ProgramArguments: mri_concatenate_lta -all-info  ProgramVersion: 7.3.2  TimeStamp: 2026/03/10-07:13:17-GMT  BuildTime: Aug  4 2022 06:17:15  BuildStamp: freesurfer-linux-ubuntu22_x86_64-7.3.2-20220804-6354275  User: oesteban  Machine: dna006  Platform: Linux  PlatformVersion: 5.14.0-427.37.1.el9_4.x86_64  CompilerName: GCC  CompilerVersion: 8.4.0
mri_convert -all-info 
ProgramName: mri_convert  ProgramArguments: mri_convert -all-info  ProgramVersion: 7.3.2  TimeStamp: 2026/03/10-07:13:17-GMT  BuildTime: Aug  4 2022 06:17:15  BuildStamp: freesurfer-linux-ubuntu22_x86_64-7.3.2-20220804-6354275  User: oesteban  Machine: dna006  Platform: Linux  PlatformVersion: 5.14.0-427.37.1.el9_4.x86_64  CompilerName: GCC  CompilerVersion: 8.4.0
ProgramName: mri_diff  ProgramArguments: mri_diff -all-info  ProgramVersion: 7.3.2  TimeStamp: 2026/03/10-07:13:17-GMT  BuildTime: Aug  4 2022 06:17:15  BuildStamp: freesurfer-linux-ubuntu22_x86_64-7.3.2-20220804-6354275  User: oesteban  Machine: dna006  Platform: Linux  PlatformVersion: 5.14.0-427.37.1.el9_4.x86_64  CompilerName: GCC  CompilerVersion: 8.4.0
ProgramName: mri_edit_wm_with_aseg  ProgramArguments: mri_edit_wm_with_aseg -all-info  ProgramVersion: 7.3.2  TimeStamp: 2026/03/10-07:13:17-GMT  BuildTime: Aug  4 2022 06:17:15  BuildStamp: freesurfer-linux-ubuntu22_x86_64-7.3.2-20220804-6354275  User: oesteban  Machine: dna006  Platform: Linux  PlatformVersion: 5.14.0-427.37.1.el9_4.x86_64  CompilerName: GCC  CompilerVersion: 8.4.0
ProgramName: mri_em_register  ProgramArguments: mri_em_register -all-info  ProgramVersion: 7.3.2  TimeStamp: 2026/03/10-07:13:17-GMT  BuildTime: Aug  4 2022 06:17:15  BuildStamp: freesurfer-linux-ubuntu22_x86_64-7.3.2-20220804-6354275  User: oesteban  Machine: dna006  Platform: Linux  PlatformVersion: 5.14.0-427.37.1.el9_4.x86_64  CompilerName: GCC  CompilerVersion: 8.4.0
ProgramName: mri_fill  ProgramArguments: mri_fill -all-info  ProgramVersion: 7.3.2  TimeStamp: 2026/03/10-07:13:17-GMT  BuildTime: Aug  4 2022 06:17:15  BuildStamp: freesurfer-linux-ubuntu22_x86_64-7.3.2-20220804-6354275  User: oesteban  Machine: dna006  Platform: Linux  PlatformVersion: 5.14.0-427.37.1.el9_4.x86_64  CompilerName: GCC  CompilerVersion: 8.4.0
ProgramName: mri_fuse_segmentations  ProgramArguments: mri_fuse_segmentations -all-info  ProgramVersion: 7.3.2  TimeStamp: 2026/03/10-07:13:17-GMT  BuildTime: Aug  4 2022 06:17:15  BuildStamp: freesurfer-linux-ubuntu22_x86_64-7.3.2-20220804-6354275  User: oesteban  Machine: dna006  Platform: Linux  PlatformVersion: 5.14.0-427.37.1.el9_4.x86_64  CompilerName: GCC  CompilerVersion: 8.4.0
ProgramName: mri_fwhm  ProgramArguments: mri_fwhm -all-info  ProgramVersion: 7.3.2  TimeStamp: 2026/03/10-07:13:17-GMT  BuildTime: Aug  4 2022 06:17:15  BuildStamp: freesurfer-linux-ubuntu22_x86_64-7.3.2-20220804-6354275  User: oesteban  Machine: dna006  Platform: Linux  PlatformVersion: 5.14.0-427.37.1.el9_4.x86_64  CompilerName: GCC  CompilerVersion: 8.4.0
ProgramName: mri_gcut  ProgramArguments: mri_gcut -all-info  ProgramVersion: 7.3.2  TimeStamp: 2026/03/10-07:13:17-GMT  BuildTime: Aug  4 2022 06:17:15  BuildStamp: freesurfer-linux-ubuntu22_x86_64-7.3.2-20220804-6354275  User: oesteban  Machine: dna006  Platform: Linux  PlatformVersion: 5.14.0-427.37.1.el9_4.x86_64  CompilerName: GCC  CompilerVersion: 8.4.0
ProgramName: mri_info  ProgramArguments: mri_info -all-info  ProgramVersion: 7.3.2  TimeStamp: 2026/03/10-07:13:17-GMT  BuildTime: Aug  4 2022 06:17:15  BuildStamp: freesurfer-linux-ubuntu22_x86_64-7.3.2-20220804-6354275  User: oesteban  Machine: dna006  Platform: Linux  PlatformVersion: 5.14.0-427.37.1.el9_4.x86_64  CompilerName: GCC  CompilerVersion: 8.4.0
ProgramName: mri_label2label  ProgramArguments: mri_label2label -all-info  ProgramVersion: 7.3.2  TimeStamp: 2026/03/10-07:13:17-GMT  BuildTime: Aug  4 2022 06:17:15  BuildStamp: freesurfer-linux-ubuntu22_x86_64-7.3.2-20220804-6354275  User: oesteban  Machine: dna006  Platform: Linux  PlatformVersion: 5.14.0-427.37.1.el9_4.x86_64  CompilerName: GCC  CompilerVersion: 8.4.0
ProgramName: mri_label2vol  ProgramArguments: mri_label2vol -all-info  ProgramVersion: 7.3.2  TimeStamp: 2026/03/10-07:13:17-GMT  BuildTime: Aug  4 2022 06:17:15  BuildStamp: freesurfer-linux-ubuntu22_x86_64-7.3.2-20220804-6354275  User: oesteban  Machine: dna006  Platform: Linux  PlatformVersion: 5.14.0-427.37.1.el9_4.x86_64  CompilerName: GCC  CompilerVersion: 8.4.0
ProgramName: mri_log_likelihood  ProgramArguments: mri_log_likelihood -all-info  ProgramVersion: 7.3.2  TimeStamp: 2026/03/10-07:13:17-GMT  BuildTime: Aug  4 2022 06:17:15  BuildStamp: freesurfer-linux-ubuntu22_x86_64-7.3.2-20220804-6354275  User: oesteban  Machine: dna006  Platform: Linux  PlatformVersion: 5.14.0-427.37.1.el9_4.x86_64  CompilerName: GCC  CompilerVersion: 8.4.0
ProgramName: mri_mask  ProgramArguments: mri_mask -all-info  ProgramVersion: 7.3.2  TimeStamp: 2026/03/10-07:13:17-GMT  BuildTime: Aug  4 2022 06:17:15  BuildStamp: freesurfer-linux-ubuntu22_x86_64-7.3.2-20220804-6354275  User: oesteban  Machine: dna006  Platform: Linux  PlatformVersion: 5.14.0-427.37.1.el9_4.x86_64  CompilerName: GCC  CompilerVersion: 8.4.0
ProgramName: mri_matrix_multiply  ProgramArguments: mri_matrix_multiply -all-info  ProgramVersion: 7.3.2  TimeStamp: 2026/03/10-07:13:17-GMT  BuildTime: Aug  4 2022 06:17:15  BuildStamp: freesurfer-linux-ubuntu22_x86_64-7.3.2-20220804-6354275  User: oesteban  Machine: dna006  Platform: Linux  PlatformVersion: 5.14.0-427.37.1.el9_4.x86_64  CompilerName: GCC  CompilerVersion: 8.4.0
ProgramName: mri_normalize  ProgramArguments: mri_normalize -all-info  ProgramVersion: 7.3.2  TimeStamp: 2026/03/10-07:13:17-GMT  BuildTime: Aug  4 2022 06:17:15  BuildStamp: freesurfer-linux-ubuntu22_x86_64-7.3.2-20220804-6354275  User: oesteban  Machine: dna006  Platform: Linux  PlatformVersion: 5.14.0-427.37.1.el9_4.x86_64  CompilerName: GCC  CompilerVersion: 8.4.0
ProgramName: mri_normalize_tp2  ProgramArguments: mri_normalize_tp2 -all-info  ProgramVersion: 7.3.2  TimeStamp: 2026/03/10-07:13:17-GMT  BuildTime: Aug  4 2022 06:17:15  BuildStamp: freesurfer-linux-ubuntu22_x86_64-7.3.2-20220804-6354275  User: oesteban  Machine: dna006  Platform: Linux  PlatformVersion: 5.14.0-427.37.1.el9_4.x86_64  CompilerName: GCC  CompilerVersion: 8.4.0
ProgramName: mri_or  ProgramArguments: mri_or -all-info  ProgramVersion: 7.3.2  TimeStamp: 2026/03/10-07:13:17-GMT  BuildTime: Aug  4 2022 06:17:15  BuildStamp: freesurfer-linux-ubuntu22_x86_64-7.3.2-20220804-6354275  User: oesteban  Machine: dna006  Platform: Linux  PlatformVersion: 5.14.0-427.37.1.el9_4.x86_64  CompilerName: GCC  CompilerVersion: 8.4.0
ProgramName: mri_relabel_hypointensities  ProgramArguments: mri_relabel_hypointensities -all-info  ProgramVersion: 7.3.2  TimeStamp: 2026/03/10-07:13:17-GMT  BuildTime: Aug  4 2022 06:17:15  BuildStamp: freesurfer-linux-ubuntu22_x86_64-7.3.2-20220804-6354275  User: oesteban  Machine: dna006  Platform: Linux  PlatformVersion: 5.14.0-427.37.1.el9_4.x86_64  CompilerName: GCC  CompilerVersion: 8.4.0
ProgramName: mri_relabel_nonwm_hypos  ProgramArguments: mri_relabel_nonwm_hypos -all-info  ProgramVersion: 7.3.2  TimeStamp: 2026/03/10-07:13:17-GMT  BuildTime: Aug  4 2022 06:17:15  BuildStamp: freesurfer-linux-ubuntu22_x86_64-7.3.2-20220804-6354275  User: oesteban  Machine: dna006  Platform: Linux  PlatformVersion: 5.14.0-427.37.1.el9_4.x86_64  CompilerName: GCC  CompilerVersion: 8.4.0
ProgramName: mri_remove_neck  ProgramArguments: mri_remove_neck -all-info  ProgramVersion: 7.3.2  TimeStamp: 2026/03/10-07:13:17-GMT  BuildTime: Aug  4 2022 06:17:15  BuildStamp: freesurfer-linux-ubuntu22_x86_64-7.3.2-20220804-6354275  User: oesteban  Machine: dna006  Platform: Linux  PlatformVersion: 5.14.0-427.37.1.el9_4.x86_64  CompilerName: GCC  CompilerVersion: 8.4.0
7.3.2

ProgramName: mri_robust_register  ProgramArguments: mri_robust_register -all-info  ProgramVersion: 7.3.2  TimeStamp: 2026/03/10-07:13:17-GMT  BuildTime: Aug  4 2022 06:17:15  BuildStamp: freesurfer-linux-ubuntu22_x86_64-7.3.2-20220804-6354275  User: oesteban  Machine: dna006  Platform: Linux  PlatformVersion: 5.14.0-427.37.1.el9_4.x86_64  CompilerName: GCC  CompilerVersion: 8.4.0
7.3.2

ProgramName: mri_robust_template  ProgramArguments: mri_robust_template -all-info  ProgramVersion: 7.3.2  TimeStamp: 2026/03/10-07:13:17-GMT  BuildTime: Aug  4 2022 06:17:15  BuildStamp: freesurfer-linux-ubuntu22_x86_64-7.3.2-20220804-6354275  User: oesteban  Machine: dna006  Platform: Linux  PlatformVersion: 5.14.0-427.37.1.el9_4.x86_64  CompilerName: GCC  CompilerVersion: 8.4.0
ProgramName: mris_anatomical_stats  ProgramArguments: mris_anatomical_stats -all-info  ProgramVersion: 7.3.2  TimeStamp: 2026/03/10-07:13:17-GMT  BuildTime: Aug  4 2022 06:17:15  BuildStamp: freesurfer-linux-ubuntu22_x86_64-7.3.2-20220804-6354275  User: oesteban  Machine: dna006  Platform: Linux  PlatformVersion: 5.14.0-427.37.1.el9_4.x86_64  CompilerName: GCC  CompilerVersion: 8.4.0
ProgramName: mris_ca_label  ProgramArguments: mris_ca_label -all-info  ProgramVersion: 7.3.2  TimeStamp: 2026/03/10-07:13:17-GMT  BuildTime: Aug  4 2022 06:17:15  BuildStamp: freesurfer-linux-ubuntu22_x86_64-7.3.2-20220804-6354275  User: oesteban  Machine: dna006  Platform: Linux  PlatformVersion: 5.14.0-427.37.1.el9_4.x86_64  CompilerName: GCC  CompilerVersion: 8.4.0
ProgramName: mris_calc  ProgramArguments: mris_calc -all-info  ProgramVersion: 7.3.2  TimeStamp: 2026/03/10-07:13:17-GMT  BuildTime: Aug  4 2022 06:17:15  BuildStamp: freesurfer-linux-ubuntu22_x86_64-7.3.2-20220804-6354275  User: oesteban  Machine: dna006  Platform: Linux  PlatformVersion: 5.14.0-427.37.1.el9_4.x86_64  CompilerName: GCC  CompilerVersion: 8.4.0
ProgramName: mris_convert  ProgramArguments: mris_convert -all-info  ProgramVersion: 7.3.2  TimeStamp: 2026/03/10-07:13:17-GMT  BuildTime: Aug  4 2022 06:17:15  BuildStamp: freesurfer-linux-ubuntu22_x86_64-7.3.2-20220804-6354275  User: oesteban  Machine: dna006  Platform: Linux  PlatformVersion: 5.14.0-427.37.1.el9_4.x86_64  CompilerName: GCC  CompilerVersion: 8.4.0
ProgramName: mris_curvature  ProgramArguments: mris_curvature -all-info  ProgramVersion: 7.3.2  TimeStamp: 2026/03/10-07:13:17-GMT  BuildTime: Aug  4 2022 06:17:15  BuildStamp: freesurfer-linux-ubuntu22_x86_64-7.3.2-20220804-6354275  User: oesteban  Machine: dna006  Platform: Linux  PlatformVersion: 5.14.0-427.37.1.el9_4.x86_64  CompilerName: GCC  CompilerVersion: 8.4.0
ProgramName: mris_curvature_stats  ProgramArguments: mris_curvature_stats -all-info  ProgramVersion: 7.3.2  TimeStamp: 2026/03/10-07:13:17-GMT  BuildTime: Aug  4 2022 06:17:15  BuildStamp: freesurfer-linux-ubuntu22_x86_64-7.3.2-20220804-6354275  User: oesteban  Machine: dna006  Platform: Linux  PlatformVersion: 5.14.0-427.37.1.el9_4.x86_64  CompilerName: GCC  CompilerVersion: 8.4.0
ProgramName: mris_diff  ProgramArguments: mris_diff -all-info  ProgramVersion: 7.3.2  TimeStamp: 2026/03/10-07:13:17-GMT  BuildTime: Aug  4 2022 06:17:15  BuildStamp: freesurfer-linux-ubuntu22_x86_64-7.3.2-20220804-6354275  User: oesteban  Machine: dna006  Platform: Linux  PlatformVersion: 5.14.0-427.37.1.el9_4.x86_64  CompilerName: GCC  CompilerVersion: 8.4.0
ProgramName: mris_divide_parcellation  ProgramArguments: mris_divide_parcellation -all-info  ProgramVersion: 7.3.2  TimeStamp: 2026/03/10-07:13:17-GMT  BuildTime: Aug  4 2022 06:17:15  BuildStamp: freesurfer-linux-ubuntu22_x86_64-7.3.2-20220804-6354275  User: oesteban  Machine: dna006  Platform: Linux  PlatformVersion: 5.14.0-427.37.1.el9_4.x86_64  CompilerName: GCC  CompilerVersion: 8.4.0
ProgramName: mri_segment  ProgramArguments: mri_segment -all-info  ProgramVersion: 7.3.2  TimeStamp: 2026/03/10-07:13:17-GMT  BuildTime: Aug  4 2022 06:17:15  BuildStamp: freesurfer-linux-ubuntu22_x86_64-7.3.2-20220804-6354275  User: oesteban  Machine: dna006  Platform: Linux  PlatformVersion: 5.14.0-427.37.1.el9_4.x86_64  CompilerName: GCC  CompilerVersion: 8.4.0
ProgramName: mri_segstats  ProgramArguments: mri_segstats -all-info  ProgramVersion: 7.3.2  TimeStamp: 2026/03/10-07:13:17-GMT  BuildTime: Aug  4 2022 06:17:15  BuildStamp: freesurfer-linux-ubuntu22_x86_64-7.3.2-20220804-6354275  User: oesteban  Machine: dna006  Platform: Linux  PlatformVersion: 5.14.0-427.37.1.el9_4.x86_64  CompilerName: GCC  CompilerVersion: 8.4.0
ProgramName: mris_euler_number  ProgramArguments: mris_euler_number -all-info  ProgramVersion: 7.3.2  TimeStamp: 2026/03/10-07:13:17-GMT  BuildTime: Aug  4 2022 06:17:15  BuildStamp: freesurfer-linux-ubuntu22_x86_64-7.3.2-20220804-6354275  User: oesteban  Machine: dna006  Platform: Linux  PlatformVersion: 5.14.0-427.37.1.el9_4.x86_64  CompilerName: GCC  CompilerVersion: 8.4.0
ProgramName: mris_fix_topology  ProgramArguments: mris_fix_topology -all-info  ProgramVersion: 7.3.2  TimeStamp: 2026/03/10-07:13:17-GMT  BuildTime: Aug  4 2022 06:17:15  BuildStamp: freesurfer-linux-ubuntu22_x86_64-7.3.2-20220804-6354275  User: oesteban  Machine: dna006  Platform: Linux  PlatformVersion: 5.14.0-427.37.1.el9_4.x86_64  CompilerName: GCC  CompilerVersion: 8.4.0
ProgramName: mris_topo_fixer  ProgramArguments: mris_topo_fixer -all-info  ProgramVersion: 7.3.2  TimeStamp: 2026/03/10-07:13:17-GMT  BuildTime: Aug  4 2022 06:17:15  BuildStamp: freesurfer-linux-ubuntu22_x86_64-7.3.2-20220804-6354275  User: oesteban  Machine: dna006  Platform: Linux  PlatformVersion: 5.14.0-427.37.1.el9_4.x86_64  CompilerName: GCC  CompilerVersion: 8.4.0
ProgramName: mris_jacobian  ProgramArguments: mris_jacobian -all-info  ProgramVersion: 7.3.2  TimeStamp: 2026/03/10-07:13:17-GMT  BuildTime: Aug  4 2022 06:17:15  BuildStamp: freesurfer-linux-ubuntu22_x86_64-7.3.2-20220804-6354275  User: oesteban  Machine: dna006  Platform: Linux  PlatformVersion: 5.14.0-427.37.1.el9_4.x86_64  CompilerName: GCC  CompilerVersion: 8.4.0
ProgramName: mris_label2annot  ProgramArguments: mris_label2annot -all-info  ProgramVersion: 7.3.2  TimeStamp: 2026/03/10-07:13:17-GMT  BuildTime: Aug  4 2022 06:17:15  BuildStamp: freesurfer-linux-ubuntu22_x86_64-7.3.2-20220804-6354275  User: oesteban  Machine: dna006  Platform: Linux  PlatformVersion: 5.14.0-427.37.1.el9_4.x86_64  CompilerName: GCC  CompilerVersion: 8.4.0
ProgramName: mris_left_right_register  ProgramArguments: mris_left_right_register -all-info  ProgramVersion: 7.3.2  TimeStamp: 2026/03/10-07:13:17-GMT  BuildTime: Aug  4 2022 06:17:15  BuildStamp: freesurfer-linux-ubuntu22_x86_64-7.3.2-20220804-6354275  User: oesteban  Machine: dna006  Platform: Linux  PlatformVersion: 5.14.0-427.37.1.el9_4.x86_64  CompilerName: GCC  CompilerVersion: 8.4.0
ProgramName: mris_place_surface  ProgramArguments: mris_place_surface -all-info  ProgramVersion: 7.3.2  TimeStamp: 2026/03/10-07:13:17-GMT  BuildTime: Aug  4 2022 06:17:15  BuildStamp: freesurfer-linux-ubuntu22_x86_64-7.3.2-20220804-6354275  User: oesteban  Machine: dna006  Platform: Linux  PlatformVersion: 5.14.0-427.37.1.el9_4.x86_64  CompilerName: GCC  CompilerVersion: 8.4.0
ProgramName: mrisp_paint  ProgramArguments: mrisp_paint -all-info  ProgramVersion: 7.3.2  TimeStamp: 2026/03/10-07:13:17-GMT  BuildTime: Aug  4 2022 06:17:15  BuildStamp: freesurfer-linux-ubuntu22_x86_64-7.3.2-20220804-6354275  User: oesteban  Machine: dna006  Platform: Linux  PlatformVersion: 5.14.0-427.37.1.el9_4.x86_64  CompilerName: GCC  CompilerVersion: 8.4.0
ProgramName: mris_register  ProgramArguments: mris_register -all-info  ProgramVersion: 7.3.2  TimeStamp: 2026/03/10-07:13:17-GMT  BuildTime: Aug  4 2022 06:17:15  BuildStamp: freesurfer-linux-ubuntu22_x86_64-7.3.2-20220804-6354275  User: oesteban  Machine: dna006  Platform: Linux  PlatformVersion: 5.14.0-427.37.1.el9_4.x86_64  CompilerName: GCC  CompilerVersion: 8.4.0
ProgramName: mris_smooth  ProgramArguments: mris_smooth -all-info  ProgramVersion: 7.3.2  TimeStamp: 2026/03/10-07:13:17-GMT  BuildTime: Aug  4 2022 06:17:15  BuildStamp: freesurfer-linux-ubuntu22_x86_64-7.3.2-20220804-6354275  User: oesteban  Machine: dna006  Platform: Linux  PlatformVersion: 5.14.0-427.37.1.el9_4.x86_64  CompilerName: GCC  CompilerVersion: 8.4.0
ProgramName: mris_sphere  ProgramArguments: mris_sphere -all-info  ProgramVersion: 7.3.2  TimeStamp: 2026/03/10-07:13:17-GMT  BuildTime: Aug  4 2022 06:17:15  BuildStamp: freesurfer-linux-ubuntu22_x86_64-7.3.2-20220804-6354275  User: oesteban  Machine: dna006  Platform: Linux  PlatformVersion: 5.14.0-427.37.1.el9_4.x86_64  CompilerName: GCC  CompilerVersion: 8.4.0
ProgramName: mris_surface_stats  ProgramArguments: mris_surface_stats -all-info  ProgramVersion: 7.3.2  TimeStamp: 2026/03/10-07:13:17-GMT  BuildTime: Aug  4 2022 06:17:15  BuildStamp: freesurfer-linux-ubuntu22_x86_64-7.3.2-20220804-6354275  User: oesteban  Machine: dna006  Platform: Linux  PlatformVersion: 5.14.0-427.37.1.el9_4.x86_64  CompilerName: GCC  CompilerVersion: 8.4.0
ProgramName: mri_stats2seg  ProgramArguments: mri_stats2seg -all-info  ProgramVersion: 7.3.2  TimeStamp: 2026/03/10-07:13:17-GMT  BuildTime: Aug  4 2022 06:17:15  BuildStamp: freesurfer-linux-ubuntu22_x86_64-7.3.2-20220804-6354275  User: oesteban  Machine: dna006  Platform: Linux  PlatformVersion: 5.14.0-427.37.1.el9_4.x86_64  CompilerName: GCC  CompilerVersion: 8.4.0
ProgramName: mris_thickness  ProgramArguments: mris_thickness -all-info  ProgramVersion: 7.3.2  TimeStamp: 2026/03/10-07:13:17-GMT  BuildTime: Aug  4 2022 06:17:15  BuildStamp: freesurfer-linux-ubuntu22_x86_64-7.3.2-20220804-6354275  User: oesteban  Machine: dna006  Platform: Linux  PlatformVersion: 5.14.0-427.37.1.el9_4.x86_64  CompilerName: GCC  CompilerVersion: 8.4.0
ProgramName: mris_thickness_diff  ProgramArguments: mris_thickness_diff -all-info  ProgramVersion: 7.3.2  TimeStamp: 2026/03/10-07:13:17-GMT  BuildTime: Aug  4 2022 06:17:15  BuildStamp: freesurfer-linux-ubuntu22_x86_64-7.3.2-20220804-6354275  User: oesteban  Machine: dna006  Platform: Linux  PlatformVersion: 5.14.0-427.37.1.el9_4.x86_64  CompilerName: GCC  CompilerVersion: 8.4.0
ProgramName: mris_topo_fixer  ProgramArguments: mris_topo_fixer -all-info  ProgramVersion: 7.3.2  TimeStamp: 2026/03/10-07:13:17-GMT  BuildTime: Aug  4 2022 06:17:15  BuildStamp: freesurfer-linux-ubuntu22_x86_64-7.3.2-20220804-6354275  User: oesteban  Machine: dna006  Platform: Linux  PlatformVersion: 5.14.0-427.37.1.el9_4.x86_64  CompilerName: GCC  CompilerVersion: 8.4.0
ProgramName: mri_surf2surf  ProgramArguments: mri_surf2surf -all-info  ProgramVersion: 7.3.2  TimeStamp: 2026/03/10-07:13:17-GMT  BuildTime: Aug  4 2022 06:17:15  BuildStamp: freesurfer-linux-ubuntu22_x86_64-7.3.2-20220804-6354275  User: oesteban  Machine: dna006  Platform: Linux  PlatformVersion: 5.14.0-427.37.1.el9_4.x86_64  CompilerName: GCC  CompilerVersion: 8.4.0
ProgramName: mri_surf2vol  ProgramArguments: mri_surf2vol -all-info  ProgramVersion: 7.3.2  TimeStamp: 2026/03/10-07:13:17-GMT  BuildTime: Aug  4 2022 06:17:15  BuildStamp: freesurfer-linux-ubuntu22_x86_64-7.3.2-20220804-6354275  User: oesteban  Machine: dna006  Platform: Linux  PlatformVersion: 5.14.0-427.37.1.el9_4.x86_64  CompilerName: GCC  CompilerVersion: 8.4.0
ProgramName: mri_surfcluster  ProgramArguments: mri_surfcluster -all-info  ProgramVersion: 7.3.2  TimeStamp: 2026/03/10-07:13:17-GMT  BuildTime: Aug  4 2022 06:17:15  BuildStamp: freesurfer-linux-ubuntu22_x86_64-7.3.2-20220804-6354275  User: oesteban  Machine: dna006  Platform: Linux  PlatformVersion: 5.14.0-427.37.1.el9_4.x86_64  CompilerName: GCC  CompilerVersion: 8.4.0
ProgramName: mris_volmask  ProgramArguments: mris_volmask -all-info  ProgramVersion: 7.3.2  TimeStamp: 2026/03/10-07:13:17-GMT  BuildTime: Aug  4 2022 06:17:15  BuildStamp: freesurfer-linux-ubuntu22_x86_64-7.3.2-20220804-6354275  User: oesteban  Machine: dna006  Platform: Linux  PlatformVersion: 5.14.0-427.37.1.el9_4.x86_64  CompilerName: GCC  CompilerVersion: 8.4.0
ProgramName: mri_tessellate  ProgramArguments: mri_tessellate -all-info  ProgramVersion: 7.3.2  TimeStamp: 2026/03/10-07:13:17-GMT  BuildTime: Aug  4 2022 06:17:15  BuildStamp: freesurfer-linux-ubuntu22_x86_64-7.3.2-20220804-6354275  User: oesteban  Machine: dna006  Platform: Linux  PlatformVersion: 5.14.0-427.37.1.el9_4.x86_64  CompilerName: GCC  CompilerVersion: 8.4.0
ProgramName: mri_vol2surf  ProgramArguments: mri_vol2surf -all-info  ProgramVersion: 7.3.2  TimeStamp: 2026/03/10-07:13:17-GMT  BuildTime: Aug  4 2022 06:17:15  BuildStamp: freesurfer-linux-ubuntu22_x86_64-7.3.2-20220804-6354275  User: oesteban  Machine: dna006  Platform: Linux  PlatformVersion: 5.14.0-427.37.1.el9_4.x86_64  CompilerName: GCC  CompilerVersion: 8.4.0
ProgramName: mri_vol2vol  ProgramArguments: mri_vol2vol -all-info  ProgramVersion: 7.3.2  TimeStamp: 2026/03/10-07:13:17-GMT  BuildTime: Aug  4 2022 06:17:15  BuildStamp: freesurfer-linux-ubuntu22_x86_64-7.3.2-20220804-6354275  User: oesteban  Machine: dna006  Platform: Linux  PlatformVersion: 5.14.0-427.37.1.el9_4.x86_64  CompilerName: GCC  CompilerVersion: 8.4.0
ProgramName: mri_voldiff  ProgramArguments: mri_voldiff -all-info  ProgramVersion: 7.3.2  TimeStamp: 2026/03/10-07:13:17-GMT  BuildTime: Aug  4 2022 06:17:15  BuildStamp: freesurfer-linux-ubuntu22_x86_64-7.3.2-20220804-6354275  User: oesteban  Machine: dna006  Platform: Linux  PlatformVersion: 5.14.0-427.37.1.el9_4.x86_64  CompilerName: GCC  CompilerVersion: 8.4.0
ProgramName: mri_watershed  ProgramArguments: mri_watershed -all-info  ProgramVersion: 7.3.2  TimeStamp: 2026/03/10-07:13:17-GMT  BuildTime: Aug  4 2022 06:17:15  BuildStamp: freesurfer-linux-ubuntu22_x86_64-7.3.2-20220804-6354275  User: oesteban  Machine: dna006  Platform: Linux  PlatformVersion: 5.14.0-427.37.1.el9_4.x86_64  CompilerName: GCC  CompilerVersion: 8.4.0
ProgramName: tkregister2  ProgramArguments: tkregister2_cmdl -all-info  ProgramVersion: 7.3.2  TimeStamp: 2026/03/10-07:13:17-GMT  BuildTime: Aug  4 2022 06:17:15  BuildStamp: freesurfer-linux-ubuntu22_x86_64-7.3.2-20220804-6354275  User: oesteban  Machine: dna006  Platform: Linux  PlatformVersion: 5.14.0-427.37.1.el9_4.x86_64  CompilerName: GCC  CompilerVersion: 8.4.0
mri_motion_correct.fsl 7.3.2
mri_convert -all-info 
ProgramName: mri_convert  ProgramArguments: mri_convert -all-info  ProgramVersion: 7.3.2  TimeStamp: 2026/03/10-07:13:17-GMT  BuildTime: Aug  4 2022 06:17:15  BuildStamp: freesurfer-linux-ubuntu22_x86_64-7.3.2-20220804-6354275  User: oesteban  Machine: dna006  Platform: Linux  PlatformVersion: 5.14.0-427.37.1.el9_4.x86_64  CompilerName: GCC  CompilerVersion: 8.4.0
Program nu_correct, built from:
Package MNI N3, version 1.12.0, compiled by nicks@terrier (x86_64-unknown-linux-gnu) on 2015-06-19 at 01:25:34
#######################################
GCADIR /opt/freesurfer/average
GCA RB_all_2020-01-02.gca
GCASkull RB_all_withskull_2020_01_02.gca
AvgCurvTif folding.atlas.acfb40.noaparc.i12.2016-08-02.tif
GCSDIR /opt/freesurfer/average
GCS DKaparc.atlas.acfb40.noaparc.i12.2016-08-02.gcs
#######################################
#--------------------------------------------
#@# WhiteSurfs lh Tue Mar 10 08:13:17 CET 2026
cd /out/sourcedata/freesurfer/sub-v1s6x0051363_ses-1/mri
mris_place_surface --adgws-in ../surf/autodet.gw.stats.lh.dat --seg aseg.presurf.mgz --threads 16 --wm wm.mgz --invol brain.finalsurfs.mgz --lh --i ../surf/lh.white.preaparc --o ../surf/lh.white --white --nsmooth 0 --rip-label ../label/lh.cortex.label --rip-bg --rip-surf ../surf/lh.white.preaparc --aparc ../label/lh.aparc.annot
   Update not needed
#--------------------------------------------
#@# WhiteSurfs rh Tue Mar 10 08:13:17 CET 2026
cd /out/sourcedata/freesurfer/sub-v1s6x0051363_ses-1/mri
mris_place_surface --adgws-in ../surf/autodet.gw.stats.rh.dat --seg aseg.presurf.mgz --threads 16 --wm wm.mgz --invol brain.finalsurfs.mgz --rh --i ../surf/rh.white.preaparc --o ../surf/rh.white --white --nsmooth 0 --rip-label ../label/rh.cortex.label --rip-bg --rip-surf ../surf/rh.white.preaparc --aparc ../label/rh.aparc.annot
   Update not needed
#@# white curv lh Tue Mar 10 08:13:17 CET 2026
cd /out/sourcedata/freesurfer/sub-v1s6x0051363_ses-1/mri
mris_place_surface --curv-map ../surf/lh.white 2 10 ../surf/lh.curv
   Update not needed
#@# white area lh Tue Mar 10 08:13:17 CET 2026
cd /out/sourcedata/freesurfer/sub-v1s6x0051363_ses-1/mri
mris_place_surface --area-map ../surf/lh.white ../surf/lh.area
   Update not needed
#@# pial curv lh Tue Mar 10 08:13:17 CET 2026
cd /out/sourcedata/freesurfer/sub-v1s6x0051363_ses-1/mri
mris_place_surface --curv-map ../surf/lh.pial 2 10 ../surf/lh.curv.pial
   Update not needed
#@# pial area lh Tue Mar 10 08:13:17 CET 2026
cd /out/sourcedata/freesurfer/sub-v1s6x0051363_ses-1/mri
mris_place_surface --area-map ../surf/lh.pial ../surf/lh.area.pial
   Update not needed
#@# thickness lh Tue Mar 10 08:13:17 CET 2026
cd /out/sourcedata/freesurfer/sub-v1s6x0051363_ses-1/mri
mris_place_surface --thickness ../surf/lh.white ../surf/lh.pial 20 5 ../surf/lh.thickness
   Update not needed
#@# area and vertex vol lh Tue Mar 10 08:13:17 CET 2026
cd /out/sourcedata/freesurfer/sub-v1s6x0051363_ses-1/mri
mris_place_surface --thickness ../surf/lh.white ../surf/lh.pial 20 5 ../surf/lh.thickness
   Update not needed
#@# white curv rh Tue Mar 10 08:13:17 CET 2026
cd /out/sourcedata/freesurfer/sub-v1s6x0051363_ses-1/mri
mris_place_surface --curv-map ../surf/rh.white 2 10 ../surf/rh.curv
   Update not needed
#@# white area rh Tue Mar 10 08:13:17 CET 2026
cd /out/sourcedata/freesurfer/sub-v1s6x0051363_ses-1/mri
mris_place_surface --area-map ../surf/rh.white ../surf/rh.area
   Update not needed
#@# pial curv rh Tue Mar 10 08:13:17 CET 2026
cd /out/sourcedata/freesurfer/sub-v1s6x0051363_ses-1/mri
mris_place_surface --curv-map ../surf/rh.pial 2 10 ../surf/rh.curv.pial
   Update not needed
#@# pial area rh Tue Mar 10 08:13:17 CET 2026
cd /out/sourcedata/freesurfer/sub-v1s6x0051363_ses-1/mri
mris_place_surface --area-map ../surf/rh.pial ../surf/rh.area.pial
   Update not needed
#@# thickness rh Tue Mar 10 08:13:17 CET 2026
cd /out/sourcedata/freesurfer/sub-v1s6x0051363_ses-1/mri
mris_place_surface --thickness ../surf/rh.white ../surf/rh.pial 20 5 ../surf/rh.thickness
   Update not needed
#@# area and vertex vol rh Tue Mar 10 08:13:17 CET 2026
cd /out/sourcedata/freesurfer/sub-v1s6x0051363_ses-1/mri
mris_place_surface --thickness ../surf/rh.white ../surf/rh.pial 20 5 ../surf/rh.thickness
   Update not needed

#-----------------------------------------
#@# Curvature Stats lh Tue Mar 10 08:13:17 CET 2026
/out/sourcedata/freesurfer/sub-v1s6x0051363_ses-1/surf

 mris_curvature_stats -m --writeCurvatureFiles -G -o ../stats/lh.curv.stats -F smoothwm sub-v1s6x0051363_ses-1 lh curv sulc 

             Toggling save flag on curvature files                       [ ok ]
                 Outputting results using filestem   [ ../stats/lh.curv.stats ]
             Toggling save flag on curvature files                       [ ok ]
                                   Setting surface [ sub-v1s6x0051363_ses-1/lh.smoothwm ]
                                Reading surface...                       [ ok ]
                                   Setting texture                     [ curv ]
                                Reading texture...                       [ ok ]
                                   Setting texture                     [ sulc ]
                                Reading texture...Gb_filter = 0
                       [ ok ]
      Calculating Discrete Principal Curvatures...
      Determining geometric order for vno faces... [####################] [ ok ]
                      Determining KH curvatures... [####################] [ ok ]
                    Determining k1k2 curvatures... [####################] [ ok ]
                                   deltaViolations                      [ 201 ]
Gb_filter = 0

WARN:    S lookup   min:                          -0.341242
WARN:    S explicit min:                          0.000000	vertex = 2980

#-----------------------------------------
#@# Curvature Stats rh Tue Mar 10 08:13:20 CET 2026
/out/sourcedata/freesurfer/sub-v1s6x0051363_ses-1/surf

 mris_curvature_stats -m --writeCurvatureFiles -G -o ../stats/rh.curv.stats -F smoothwm sub-v1s6x0051363_ses-1 rh curv sulc 

             Toggling save flag on curvature files                       [ ok ]
                 Outputting results using filestem   [ ../stats/rh.curv.stats ]
             Toggling save flag on curvature files                       [ ok ]
                                   Setting surface [ sub-v1s6x0051363_ses-1/rh.smoothwm ]
                                Reading surface...                       [ ok ]
                                   Setting texture                     [ curv ]
                                Reading texture...                       [ ok ]
                                   Setting texture                     [ sulc ]
                                Reading texture...Gb_filter = 0
                       [ ok ]
      Calculating Discrete Principal Curvatures...
      Determining geometric order for vno faces... [####################] [ ok ]
                      Determining KH curvatures... [####################] [ ok ]
                    Determining k1k2 curvatures... [####################] [ ok ]
                                   deltaViolations                      [ 226 ]
Gb_filter = 0
#-----------------------------------------
#@# Relabel Hypointensities Tue Mar 10 08:13:22 CET 2026
/out/sourcedata/freesurfer/sub-v1s6x0051363_ses-1/mri

 mri_relabel_hypointensities aseg.presurf.mgz ../surf aseg.presurf.hypos.mgz 

reading input surface ../surf/lh.white...
relabeling lh hypointensities...
3153 voxels changed to hypointensity...
reading input surface ../surf/rh.white...
relabeling rh hypointensities...
2945 voxels changed to hypointensity...
6089 hypointense voxels neighboring cortex changed
#-----------------------------------------
#@# APas-to-ASeg Tue Mar 10 08:13:37 CET 2026
/out/sourcedata/freesurfer/sub-v1s6x0051363_ses-1/mri

 mri_surf2volseg --o aseg.mgz --i aseg.presurf.hypos.mgz --fix-presurf-with-ribbon /out/sourcedata/freesurfer/sub-v1s6x0051363_ses-1/mri/ribbon.mgz --threads 16 --lh-cortex-mask /out/sourcedata/freesurfer/sub-v1s6x0051363_ses-1/label/lh.cortex.label --lh-white /out/sourcedata/freesurfer/sub-v1s6x0051363_ses-1/surf/lh.white --lh-pial /out/sourcedata/freesurfer/sub-v1s6x0051363_ses-1/surf/lh.pial --rh-cortex-mask /out/sourcedata/freesurfer/sub-v1s6x0051363_ses-1/label/rh.cortex.label --rh-white /out/sourcedata/freesurfer/sub-v1s6x0051363_ses-1/surf/rh.white --rh-pial /out/sourcedata/freesurfer/sub-v1s6x0051363_ses-1/surf/rh.pial 

SUBJECTS_DIR /out/sourcedata/freesurfer
outvol aseg.mgz
16 avail.processors, using 16
Loading aseg.presurf.hypos.mgz
Loading /out/sourcedata/freesurfer/sub-v1s6x0051363_ses-1/mri/ribbon.mgz
Loading /out/sourcedata/freesurfer/sub-v1s6x0051363_ses-1/surf/lh.white
Loading /out/sourcedata/freesurfer/sub-v1s6x0051363_ses-1/surf/lh.pial
Loading /out/sourcedata/freesurfer/sub-v1s6x0051363_ses-1/label/lh.cortex.label
Loading /out/sourcedata/freesurfer/sub-v1s6x0051363_ses-1/surf/rh.white
Loading /out/sourcedata/freesurfer/sub-v1s6x0051363_ses-1/surf/rh.pial
Loading /out/sourcedata/freesurfer/sub-v1s6x0051363_ses-1/label/rh.cortex.label
Done loading
  0  96 240  16 112  64  32 128 192 176 144  80  48 160 224 208   1  65 241 209  49  33  17 193 225  81  97   2  66 242 177 210 113  50 161  18 194 145   3  82  67 243 211  51 226  19 
195  98  34 178   4  68 244 212  52  83 196 146  20 129  35   5 162  69 245 114 213  99 
 53 197 179 
 21  84   6  36 227 246  70 147 214 198  22  54   7  37 247  85 100 180 199 
 23  55 215  71 228  38 248   8 115 200  24  56  86 216 130 249 148  39 
163  72   9 101 181 201  25  57 229 217 250  87  40  10 202  26  58  73 149 251 218 102 116  41 182 203  27  11  59 
 88 252  74 219 
204  42  28  60  12 230 150 131 253 103 205 220  89  29  43  61  13  75 117 164 183 254 206  30 221  62  44 231  14 151 255 104  90  76 207  31  63  45  15 184 232 118 222 165  46 152  77 233 185  91 105 234  47 186 119 
 78 153 223  92 166 132 235 106 187  79 
236 154  93 120 188 237 107 167 155 189 238 133  94 121 156 239 
108 190 168  95 122 191 157 134 109 169 123 158 110 170 135 159 
124 111 171 136 172 125 137 173 138 126 174 175 139 
127 140 141 142 143 
nrelabeled = 109556
ndotcheck = 0
Starting Surf2VolSeg free
free done
#VMPC# mri_surf2volseg VmPeak  1875480
mri_surf2volseg done

 mri_brainvol_stats sub-v1s6x0051363_ses-1 

ComputeBrainVolumeStats2 VoxelVol=1, KeepCSF=1
  #CBVS2 MaskVol              1292926.0
  #CBVS2 BrainSegVol          1049657.0
  #CBVS2 BrainSegVolNotVent   1031664.0
  #CBVS2 SupraTentVol          924642.0
  #CBVS2 SupraTentVolNotVent   906649.0
  #CBVS2 lhCtxGM               210939.8
  #CBVS2 rhCtxGM               208444.1
  #CBVS2 lhCerebralWM          219992.5
  #CBVS2 rhCerebralWM          214903.5
  #CBVS2 SubCortGMVol           53930.0
  #CBVS2 CerebellumVol         125015.0
  #CBVS2 CerebellumGMVol        98162.0
  #CBVS2 VentChorVol            14902.0
  #CBVS2 3rd4th5thCSF            3091.0
  #CBVS2 AllCSF                 17993.0
  #CBVS2 CCVol                   4721.0
#-----------------------------------------
#@# AParc-to-ASeg aparc Tue Mar 10 08:13:44 CET 2026
/out/sourcedata/freesurfer/sub-v1s6x0051363_ses-1/mri

 mri_surf2volseg --o aparc+aseg.mgz --label-cortex --i aseg.mgz --threads 16 --lh-annot /out/sourcedata/freesurfer/sub-v1s6x0051363_ses-1/label/lh.aparc.annot 1000 --lh-cortex-mask /out/sourcedata/freesurfer/sub-v1s6x0051363_ses-1/label/lh.cortex.label --lh-white /out/sourcedata/freesurfer/sub-v1s6x0051363_ses-1/surf/lh.white --lh-pial /out/sourcedata/freesurfer/sub-v1s6x0051363_ses-1/surf/lh.pial --rh-annot /out/sourcedata/freesurfer/sub-v1s6x0051363_ses-1/label/rh.aparc.annot 2000 --rh-cortex-mask /out/sourcedata/freesurfer/sub-v1s6x0051363_ses-1/label/rh.cortex.label --rh-white /out/sourcedata/freesurfer/sub-v1s6x0051363_ses-1/surf/rh.white --rh-pial /out/sourcedata/freesurfer/sub-v1s6x0051363_ses-1/surf/rh.pial 

SUBJECTS_DIR /out/sourcedata/freesurfer
outvol aparc+aseg.mgz
16 avail.processors, using 16
Loading aseg.mgz
Loading /out/sourcedata/freesurfer/sub-v1s6x0051363_ses-1/surf/lh.white
Loading /out/sourcedata/freesurfer/sub-v1s6x0051363_ses-1/surf/lh.pial
Loading /out/sourcedata/freesurfer/sub-v1s6x0051363_ses-1/label/lh.cortex.label
Ripping lh vertices labeled not in lh.cortex.label
  ripped 8094 vertices from lh hemi
Loading /out/sourcedata/freesurfer/sub-v1s6x0051363_ses-1/label/lh.aparc.annot
Loading /out/sourcedata/freesurfer/sub-v1s6x0051363_ses-1/surf/rh.white
Loading /out/sourcedata/freesurfer/sub-v1s6x0051363_ses-1/surf/rh.pial
Loading /out/sourcedata/freesurfer/sub-v1s6x0051363_ses-1/label/rh.cortex.label
Ripping rh vertices labeled not in rh.cortex.label
  ripped 8467 vertices from rh hemi
Loading /out/sourcedata/freesurfer/sub-v1s6x0051363_ses-1/label/rh.aparc.annot
Done loading
  0  96 208 144 160 240 112  64  48 224  80 192 176  16 128  32   1 209 241  33 225  49  17  65   2 242  34 210  50 226  18  66   3 243  35 211  51 227  19 
193  67   4 244  36 212  20 228  52  68   5 245 194  37  21 213 229  53   6  69 246 195  38  22   7 214 230 247  54  70 196  39 
  8  23 248 215 231  55 197 249  40   9  24 216 232  56 198 250  41  10  25 217 233  57 199 
251  42  11  26  71 218 234  58 200 252  43  12  27 219 
235  59 
253 201  44  13  28 220 236  60 254 202  45  14  29 255 221 237  61 203  46  15  30 222 238  62 204  31  47 239 
223  63 205 206 207  72  73 113  81 161  97 145  74 177 129 114  75  82  98 178 115 146 162  76  83 116 130 179 
 99 
 77 163 147  78  84 100 180 117 164  79 
131 148 181 101  85 118 165 102 182 149 132  86 119 
166 183 103 150 133  87 184 167 120 151 104 185 134  88 152 168 186 121 105 187 135 153 169  89 188 106 122 189 136 154 190 170 191  90 107 155 123 137 171 108 156 138 172  91 124 109 157 139 
173 125 110  92 140 158 174 111 126 141  93 159 
175 142 127  94 143  95 
nrelabeled = 417811
ndotcheck = 22825
Starting Surf2VolSeg free
free done
#VMPC# mri_surf2volseg VmPeak  1915964
mri_surf2volseg done
#-----------------------------------------
#@# AParc-to-ASeg aparc.a2009s Tue Mar 10 08:14:05 CET 2026
/out/sourcedata/freesurfer/sub-v1s6x0051363_ses-1/mri

 mri_surf2volseg --o aparc.a2009s+aseg.mgz --label-cortex --i aseg.mgz --threads 16 --lh-annot /out/sourcedata/freesurfer/sub-v1s6x0051363_ses-1/label/lh.aparc.a2009s.annot 11100 --lh-cortex-mask /out/sourcedata/freesurfer/sub-v1s6x0051363_ses-1/label/lh.cortex.label --lh-white /out/sourcedata/freesurfer/sub-v1s6x0051363_ses-1/surf/lh.white --lh-pial /out/sourcedata/freesurfer/sub-v1s6x0051363_ses-1/surf/lh.pial --rh-annot /out/sourcedata/freesurfer/sub-v1s6x0051363_ses-1/label/rh.aparc.a2009s.annot 12100 --rh-cortex-mask /out/sourcedata/freesurfer/sub-v1s6x0051363_ses-1/label/rh.cortex.label --rh-white /out/sourcedata/freesurfer/sub-v1s6x0051363_ses-1/surf/rh.white --rh-pial /out/sourcedata/freesurfer/sub-v1s6x0051363_ses-1/surf/rh.pial 

SUBJECTS_DIR /out/sourcedata/freesurfer
outvol aparc.a2009s+aseg.mgz
16 avail.processors, using 16
Loading aseg.mgz
Loading /out/sourcedata/freesurfer/sub-v1s6x0051363_ses-1/surf/lh.white
Loading /out/sourcedata/freesurfer/sub-v1s6x0051363_ses-1/surf/lh.pial
Loading /out/sourcedata/freesurfer/sub-v1s6x0051363_ses-1/label/lh.cortex.label
Ripping lh vertices labeled not in lh.cortex.label
  ripped 8094 vertices from lh hemi
Loading /out/sourcedata/freesurfer/sub-v1s6x0051363_ses-1/label/lh.aparc.a2009s.annot
Loading /out/sourcedata/freesurfer/sub-v1s6x0051363_ses-1/surf/rh.white
Loading /out/sourcedata/freesurfer/sub-v1s6x0051363_ses-1/surf/rh.pial
Loading /out/sourcedata/freesurfer/sub-v1s6x0051363_ses-1/label/rh.cortex.label
Ripping rh vertices labeled not in rh.cortex.label
  ripped 8467 vertices from rh hemi
Loading /out/sourcedata/freesurfer/sub-v1s6x0051363_ses-1/label/rh.aparc.a2009s.annot
Done loading
  0 176 112 192 128  48  80 224  16  64 144 160 240  96  32 208  65  49  33   1  17 241  66   2  50  34 225 209  18 242  67   3 193  51  35 226 210  19 
243  68   4  52  36 211  20 244 194   5  69  37  53 227 212  21 245 195   6  38 228  54  22 213  70   7 246 196  39 
 55 229  23 214   8  40 247 197  56 230  24   9 215  41  57 248 198 231  25  10 216  42  58 249 232 199 
 26  11 217  71  43  59 
250 233 200  27  12  44 218  60 251 201 234  28  13  45 219 
 61 252 202 235  14  29  46 220  62 203 236 253  15  63  30  47 221 204 237 254  31 222 205 238 255 223 206 239 
207  72  73 113  81  97 161 177  74 145 114 129  82  75  98 115 178  76 162  83 146 116  99 
 77 179 
130  84 163  78 117 100 147 180  85  79 
164 118 101 181 131 148  86 102 165 119 
182 149 132 103  87 166 183 120 150 104 133  88 184 167 121 151 105 185  89 134 168 186 122 152 106 135 169 187  90 107 153 188 123 136 170 189 108 190 154 191  91 124 171 109 137 125 110 155  92 172 111 138 126 156 173  93 127 139 
174 157 140  94 141 175 158  95 142 159 
143 
nrelabeled = 417811
ndotcheck = 22825
Starting Surf2VolSeg free
free done
#VMPC# mri_surf2volseg VmPeak  1859644
mri_surf2volseg done
#-----------------------------------------
#@# AParc-to-ASeg aparc.DKTatlas Tue Mar 10 08:14:26 CET 2026
/out/sourcedata/freesurfer/sub-v1s6x0051363_ses-1/mri

 mri_surf2volseg --o aparc.DKTatlas+aseg.mgz --label-cortex --i aseg.mgz --threads 16 --lh-annot /out/sourcedata/freesurfer/sub-v1s6x0051363_ses-1/label/lh.aparc.DKTatlas.annot 1000 --lh-cortex-mask /out/sourcedata/freesurfer/sub-v1s6x0051363_ses-1/label/lh.cortex.label --lh-white /out/sourcedata/freesurfer/sub-v1s6x0051363_ses-1/surf/lh.white --lh-pial /out/sourcedata/freesurfer/sub-v1s6x0051363_ses-1/surf/lh.pial --rh-annot /out/sourcedata/freesurfer/sub-v1s6x0051363_ses-1/label/rh.aparc.DKTatlas.annot 2000 --rh-cortex-mask /out/sourcedata/freesurfer/sub-v1s6x0051363_ses-1/label/rh.cortex.label --rh-white /out/sourcedata/freesurfer/sub-v1s6x0051363_ses-1/surf/rh.white --rh-pial /out/sourcedata/freesurfer/sub-v1s6x0051363_ses-1/surf/rh.pial 

SUBJECTS_DIR /out/sourcedata/freesurfer
outvol aparc.DKTatlas+aseg.mgz
16 avail.processors, using 16
Loading aseg.mgz
Loading /out/sourcedata/freesurfer/sub-v1s6x0051363_ses-1/surf/lh.white
Loading /out/sourcedata/freesurfer/sub-v1s6x0051363_ses-1/surf/lh.pial
Loading /out/sourcedata/freesurfer/sub-v1s6x0051363_ses-1/label/lh.cortex.label
Ripping lh vertices labeled not in lh.cortex.label
  ripped 8094 vertices from lh hemi
Loading /out/sourcedata/freesurfer/sub-v1s6x0051363_ses-1/label/lh.aparc.DKTatlas.annot
Loading /out/sourcedata/freesurfer/sub-v1s6x0051363_ses-1/surf/rh.white
Loading /out/sourcedata/freesurfer/sub-v1s6x0051363_ses-1/surf/rh.pial
Loading /out/sourcedata/freesurfer/sub-v1s6x0051363_ses-1/label/rh.cortex.label
Ripping rh vertices labeled not in rh.cortex.label
  ripped 8467 vertices from rh hemi
Loading /out/sourcedata/freesurfer/sub-v1s6x0051363_ses-1/label/rh.aparc.DKTatlas.annot
Done loading
  0 240  48 208  32 112 128 176  16 224 144  96  80 160  64 192   1  17  33  49  65 241 209 225   2  18  50  34  66 242 210 226   3  19 
 51  35 193  67 243 211 227   4  20  52  36  68 244 212 228   5 194  21  53  37   6  22  69 245 213 229 195  54  38   7  23 246  55  39 
214 196 230   8  70  24 247  56  40 215 231 197   9  25 248  57  41 232 216 198  10  26 249  58  42 233  11 217 199 
 27  59 
250  43 234  12  28  60 218 200 251  44 235  13  29  61  71  45 219 
252 201 236  14  30  62  46 253 220 202 237  15  31  63  47 254 221 238 203 255 239 
222 204 223 205 206 207  72 113  73  81 145 114  97  74 177  82 129 161 115 146  98  83  75 116 178 147  76  84  99 
117 130 162  85 148 179 
100  77 118  86 101 149  78 131 180 119 
163 102 150  87  79 
181 120 132 103 151  88 164 152 133 182 104 121  89 165 183 105 153 134 122 184 166  90 154 106 135 185 167 155 123 107  91 186 136 156 168 124 187 108  92 137 188 109 169 157 125 189 190 110 191 138  93 170 126 158 111 139 
171 127  94 159 
140 172 141  95 142 173 143 174 175 
nrelabeled = 417811
ndotcheck = 22825
Starting Surf2VolSeg free
free done
#VMPC# mri_surf2volseg VmPeak  1859576
mri_surf2volseg done
#-----------------------------------------
#@# WMParc Tue Mar 10 08:14:49 CET 2026
/out/sourcedata/freesurfer/sub-v1s6x0051363_ses-1/mri

 mri_surf2volseg --o wmparc.mgz --label-wm --i aparc+aseg.mgz --threads 16 --lh-annot /out/sourcedata/freesurfer/sub-v1s6x0051363_ses-1/label/lh.aparc.annot 3000 --lh-cortex-mask /out/sourcedata/freesurfer/sub-v1s6x0051363_ses-1/label/lh.cortex.label --lh-white /out/sourcedata/freesurfer/sub-v1s6x0051363_ses-1/surf/lh.white --lh-pial /out/sourcedata/freesurfer/sub-v1s6x0051363_ses-1/surf/lh.pial --rh-annot /out/sourcedata/freesurfer/sub-v1s6x0051363_ses-1/label/rh.aparc.annot 4000 --rh-cortex-mask /out/sourcedata/freesurfer/sub-v1s6x0051363_ses-1/label/rh.cortex.label --rh-white /out/sourcedata/freesurfer/sub-v1s6x0051363_ses-1/surf/rh.white --rh-pial /out/sourcedata/freesurfer/sub-v1s6x0051363_ses-1/surf/rh.pial 

SUBJECTS_DIR /out/sourcedata/freesurfer
outvol wmparc.mgz
16 avail.processors, using 16
Loading aparc+aseg.mgz
Loading /out/sourcedata/freesurfer/sub-v1s6x0051363_ses-1/surf/lh.white
Loading /out/sourcedata/freesurfer/sub-v1s6x0051363_ses-1/surf/lh.pial
Loading /out/sourcedata/freesurfer/sub-v1s6x0051363_ses-1/label/lh.cortex.label
Ripping lh vertices labeled not in lh.cortex.label
  ripped 8094 vertices from lh hemi
Loading /out/sourcedata/freesurfer/sub-v1s6x0051363_ses-1/label/lh.aparc.annot
Loading /out/sourcedata/freesurfer/sub-v1s6x0051363_ses-1/surf/rh.white
Loading /out/sourcedata/freesurfer/sub-v1s6x0051363_ses-1/surf/rh.pial
Loading /out/sourcedata/freesurfer/sub-v1s6x0051363_ses-1/label/rh.cortex.label
Ripping rh vertices labeled not in rh.cortex.label
  ripped 8467 vertices from rh hemi
Loading /out/sourcedata/freesurfer/sub-v1s6x0051363_ses-1/label/rh.aparc.annot
Done loading
  0  32 176 160 208  96 224 144 112  64 240  16  48 128 192  80   1 241  65  33  17 225 193 209  49 242   2  66  34 226  18 194 210  50 243   3  67  35 227  19 
195 211 244  51  68   4  36 228  20 196 212 245  69  52   5  37 229 246  21   6  38 197 213  70  53 230 247  22   7  39 
198 214  71  54 231 248  23   8  40 199 
215  72  55 232 249  24   9  41 200 216  56  73 233 250  25  10  42 201 217  57  81 234 251  26  43  11 202 218  58 235  74 252  27  44  12 203 219 
 59 
253 236  13  28  45 129 204 220  60 254  14 237  29  46 255 205 221  61 177  15 238  30  47 206 222  62 239 
 31  75 207 223  63  76 130  82  77  97 145 161  78 178 131  83  79 
113 179 
132  84  98 133 146 162 180  85 134 181 135 114  99 
 86 136 182 163 147  87 183 137 115 184 100  88 185 164 186 187 148 188 138 189 190 191  89 165 116 101 139 
 90 166 149 140  91 102 117 167 141  92 150 168 103 118  93 142 169 151 104 119 
170  94 143 171 152 105  95 120 172 121 173 106 153 174 122 175 107 123 154 124 108 155 125 126 156 109 127 157 110 158 111 159 

nrelabeled = 430175
ndotcheck = 3228
Starting Surf2VolSeg free
free done
#VMPC# mri_surf2volseg VmPeak  1859564
mri_surf2volseg done

 mri_segstats --seed 1234 --seg mri/wmparc.mgz --sum stats/wmparc.stats --pv mri/norm.mgz --excludeid 0 --brainmask mri/brainmask.mgz --in mri/norm.mgz --in-intensity-name norm --in-intensity-units MR --subject sub-v1s6x0051363_ses-1 --surf-wm-vol --ctab /opt/freesurfer/WMParcStatsLUT.txt --etiv 

setting seed for random number genererator to 1234

7.3.2
cwd 
cmdline mri_segstats --seed 1234 --seg mri/wmparc.mgz --sum stats/wmparc.stats --pv mri/norm.mgz --excludeid 0 --brainmask mri/brainmask.mgz --in mri/norm.mgz --in-intensity-name norm --in-intensity-units MR --subject sub-v1s6x0051363_ses-1 --surf-wm-vol --ctab /opt/freesurfer/WMParcStatsLUT.txt --etiv 
sysname  Linux
hostname dna006
machine  x86_64
user     oesteban
whitesurfname  white
UseRobust  0
atlas_icv (eTIV) = 1234102 mm^3    (det: 1.578561 )
Loading mri/wmparc.mgz
Getting Brain Volume Statistics
Loading mri/norm.mgz
Loading mri/norm.mgz
Voxel Volume is 1 mm^3
Generating list of segmentation ids
Found 390 segmentations
Computing statistics for each segmentation

Reporting on  70 segmentations
Using PrintSegStat
mri_segstats done
#--------------------------------------------
#@# ASeg Stats Tue Mar 10 08:19:08 CET 2026
/out/sourcedata/freesurfer/sub-v1s6x0051363_ses-1

 mri_segstats --seed 1234 --seg mri/aseg.mgz --sum stats/aseg.stats --pv mri/norm.mgz --empty --brainmask mri/brainmask.mgz --brain-vol-from-seg --excludeid 0 --excl-ctxgmwm --supratent --subcortgray --in mri/norm.mgz --in-intensity-name norm --in-intensity-units MR --etiv --surf-wm-vol --surf-ctx-vol --totalgray --euler --ctab /opt/freesurfer/ASegStatsLUT.txt --subject sub-v1s6x0051363_ses-1 

setting seed for random number genererator to 1234

7.3.2
cwd 
cmdline mri_segstats --seed 1234 --seg mri/aseg.mgz --sum stats/aseg.stats --pv mri/norm.mgz --empty --brainmask mri/brainmask.mgz --brain-vol-from-seg --excludeid 0 --excl-ctxgmwm --supratent --subcortgray --in mri/norm.mgz --in-intensity-name norm --in-intensity-units MR --etiv --surf-wm-vol --surf-ctx-vol --totalgray --euler --ctab /opt/freesurfer/ASegStatsLUT.txt --subject sub-v1s6x0051363_ses-1 
sysname  Linux
hostname dna006
machine  x86_64
user     oesteban
whitesurfname  white
UseRobust  0
atlas_icv (eTIV) = 1234102 mm^3    (det: 1.578561 )
Computing euler number
orig.nofix lheno =   -8, rheno = 0
orig.nofix lhholes =    5, rhholes = 1
Loading mri/aseg.mgz
Getting Brain Volume Statistics
Loading mri/norm.mgz
Loading mri/norm.mgz
Voxel Volume is 1 mm^3
Generating list of segmentation ids
Found  50 segmentations
Computing statistics for each segmentation

Reporting on  45 segmentations
Using PrintSegStat
mri_segstats done

Started at Tue Mar 10 08:13:17 CET 2026 
Ended   at Tue Mar 10 08:19:50 CET 2026
#@#%# recon-all-run-time-hours 0.109
recon-all -s sub-v1s6x0051363_ses-1 finished without error at Tue Mar 10 08:19:50 CET 2026
