#!ascii label  , from subject sub-v1s6x0051606_ses-1 vox2ras=TkReg
3095
120393  -50.257  10.915  53.660 0.6999999881
81893  -50.980  10.770  52.300 0.6999999881
81892  -49.856  10.980  52.081 0.8000000119
108951  -49.485  10.928  51.234 0.6999999881
81110  -51.865  10.842  53.470 0.6999999881
81117  -52.013  10.822  52.584 0.6999999881
81105  -51.161  10.757  54.291 0.6000000238
81901  -51.850  10.905  51.675 0.6999999881
81875  -49.847  10.895  54.424 0.6000000238
81885  -51.081  10.799  53.193 0.6999999881
81900  -50.800  10.872  51.452 0.8000000119
81915  -51.791  11.382  50.185 0.8000000119
81974  -47.307  12.173  43.474 0.8999999762
81973  -46.519  11.789  43.677 0.8999999762
84280  -44.946  15.225  35.063 0.8000000119
81106  -52.051  10.949  54.027 0.6999999881
81902  -52.473  11.353  51.832 0.6999999881
81909  -52.308  11.519  51.100 0.6999999881
82666  -52.434  12.043  50.015 0.6999999881
81907  -50.761  10.984  50.591 0.6999999881
81908  -51.721  11.189  50.888 0.8000000119
128135  -52.320  11.884  49.491 0.8000000119
81914  -50.882  11.307  49.541 0.6999999881
82675  -52.368  12.451  48.506 0.8000000119
83401  -52.374  12.416  49.199 0.6999999881
81924  -50.943  11.586  48.530 0.6999999881
81925  -51.996  11.841  48.781 0.8000000119
81933  -50.802  11.813  47.722 0.6999999881
82680  -51.857  12.660  47.106 0.8000000119
81943  -50.254  12.005  46.962 0.6999999881
82694  -51.229  13.508  45.202 0.8000000119
82693  -49.743  12.298  45.346 0.8000000119
82702  -49.990  13.017  44.283 0.8999999762
82701  -49.060  12.577  43.973 0.8999999762
82714  -49.853  13.328  43.511 0.8999999762
82700  -48.115  12.289  43.661 0.8999999762
82712  -47.786  12.777  42.859 0.8999999762
82713  -48.929  13.000  43.120 0.8999999762
81981  -44.209  11.815  42.544 0.8999999762
82724  -46.099  12.592  42.570 0.8999999762
82722  -43.894  12.208  41.808 0.8000000119
80399  -41.700  9.468  41.264 0.8000000119
80405  -41.630  9.317  40.368 0.8000000119
81206  -41.960  10.051  40.623 0.8000000119
81213  -41.859  10.040  39.712 0.8000000119
128348  -42.265  10.766  39.511 0.8999999762
82004  -42.516  11.277  38.886 0.8000000119
82010  -42.760  11.461  37.805 0.8000000119
82762  -43.458  12.609  37.062 0.8000000119
85019  -45.066  16.329  35.085 0.8000000119
81895  -52.459  11.696  52.899 0.6000000238
81886  -52.369  11.507  53.786 0.5000000000
81903  -52.667  11.905  52.042 0.6000000238
81910  -52.564  11.961  51.307 0.6999999881
128114  -52.446  12.898  48.557 0.6999999881
82674  -52.357  12.708  47.765 0.8000000119
82688  -51.869  13.360  46.042 0.8999999762
83458  -51.229  14.090  44.646 1.0000000000
83457  -50.650  13.785  43.979 1.0000000000
83463  -49.843  13.759  42.660 0.8999999762
82726  -48.886  13.611  42.202 0.8999999762
118020  -45.352  12.789  42.009 0.8999999762
83471  -47.680  13.378  41.978 0.8999999762
81987  -42.831  11.154  41.602 0.8000000119
81988  -43.282  11.845  41.363 0.8000000119
82723  -44.585  12.394  42.125 0.8999999762
83470  -46.465  13.264  41.802 1.0000000000
82734  -43.674  12.634  41.010 0.8000000119
82735  -44.515  12.875  41.444 0.8000000119
82736  -45.460  13.357  41.287 0.8999999762
111386  -42.245  10.741  40.217 0.8000000119
81992  -42.732  11.436  40.726 0.8000000119
82741  -42.877  11.946  40.139 0.8999999762
81993  -43.181  12.093  40.690 0.8999999762
81998  -42.542  11.398  39.816 0.8000000119
82747  -42.834  12.052  39.416 0.8000000119
82748  -43.285  12.737  39.072 0.8999999762
83508  -43.797  13.523  38.633 0.8000000119
84269  -44.586  14.765  37.406 0.8000000119
84991  -44.965  15.206  37.897 0.8000000119
84992  -45.829  16.164  37.636 0.8999999762
82754  -42.905  12.101  38.496 0.8000000119
83515  -44.185  14.079  37.884 0.8000000119
85001  -45.098  15.704  37.027 0.8000000119
83514  -43.777  13.398  37.475 0.8000000119
84273  -44.778  14.999  36.351 0.8000000119
85020  -45.188  17.157  35.429 0.8000000119
85010  -45.321  16.012  35.951 0.8000000119
81996  -38.669  11.605  39.898 0.1000000015
85729  -43.936  17.175  34.765 0.6999999881
82745  -38.687  12.517  39.705 0.1000000015
81997  -38.950  11.789  39.280 0.2000000030
82003  -39.272  11.587  38.737 0.2000000030
82759  -39.969  12.154  37.791 0.2000000030
85722  -42.462  17.304  35.769 0.6999999881
85730  -44.704  17.039  34.906 0.8000000119
121442  -40.210  14.106  37.219 0.4000000060
123075  -40.640  14.006  36.460 0.5000000000
85018  -42.171  16.168  34.801 0.6999999881
82652  -52.305  12.199  53.521 0.6000000238
82665  -52.252  12.300  49.951 0.6999999881
83419  -51.982  13.383  48.115 0.6999999881
83434  -52.226  13.548  47.059 0.6999999881
83447  -52.062  13.808  46.183 0.8000000119
83432  -49.711  13.927  47.549 0.6999999881
83446  -50.532  14.405  46.678 0.6999999881
83453  -51.728  13.998  45.434 1.0000000000
83465  -50.759  14.435  43.962 1.0000000000
84222  -50.479  14.778  43.177 1.0000000000
83464  -50.460  14.121  43.234 0.8999999762
84235  -50.047  14.963  41.983 1.0000000000
83472  -49.822  14.387  41.988 0.8999999762
84234  -49.652  14.902  41.462 1.0000000000
83483  -48.598  14.048  41.427 1.0000000000
83494  -46.441  13.871  40.916 1.0000000000
84242  -46.356  14.369  40.329 1.0000000000
83480  -44.187  13.169  40.841 0.8999999762
83481  -44.772  13.401  40.900 0.8999999762
84240  -45.109  14.300  39.827 1.0000000000
84253  -45.910  15.029  39.257 1.0000000000
83492  -44.434  13.650  40.283 0.8999999762
84252  -44.978  14.611  39.124 1.0000000000
82742  -43.297  12.590  40.073 0.8999999762
83509  -44.405  14.275  38.688 0.8000000119
84260  -44.847  14.751  38.532 0.8000000119
85002  -45.710  16.753  36.739 0.8000000119
80398  -38.095  10.006  41.302 0.1000000015
86408  -44.949  17.939  36.059 0.8000000119
85011  -45.545  16.933  35.920 0.8000000119
82733  -37.795  12.243  41.083 0.1000000015
81200  -38.197  10.643  40.992 0.1000000015
81991  -38.297  11.461  40.668 0.1000000015
82739  -37.498  13.231  40.720 0.1000000015
82740  -38.265  12.427  40.426 0.1000000015
83490  -38.067  13.518  40.084 0.2000000030
82746  -39.126  12.404  39.059 0.2000000030
83506  -39.100  14.065  38.630 0.3000000119
114893  -39.591  14.234  37.902 0.4000000060
85721  -41.677  17.166  36.034 0.6999999881
84268  -40.358  14.962  36.822 0.4000000060
85016  -41.070  15.805  35.725 0.6000000238
85017  -41.589  16.192  35.336 0.6000000238
120739  -41.683  15.483  34.912 0.6000000238
82648  -52.216  12.080  54.347 0.5000000000
82654  -52.370  12.245  52.566 0.6000000238
82658  -52.416  12.245  51.593 0.6999999881
82661  -51.984  12.451  50.844 0.6999999881
83400  -52.011  13.032  49.187 0.6999999881
83417  -49.029  13.574  48.407 0.6999999881
83433  -51.394  14.005  47.279 0.6999999881
84202  -51.659  14.231  45.544 0.8000000119
112100  -48.293  13.671  47.783 0.6999999881
83445  -48.730  14.170  46.929 0.6999999881
84186  -50.961  14.586  45.810 0.6999999881
84218  -51.197  14.480  44.787 0.8999999762
83443  -46.415  13.858  46.708 0.6999999881
83430  -46.759  13.685  47.405 0.6999999881
83431  -47.645  13.768  47.349 0.6999999881
84185  -49.542  14.585  46.061 0.8000000119
126027  -50.618  14.898  43.860 1.0000000000
83429  -45.619  13.645  47.539 0.8000000119
83444  -47.428  13.980  46.767 0.8000000119
84184  -48.157  14.398  46.149 0.8000000119
84200  -48.893  14.804  45.406 0.8000000119
128514  -50.283  15.006  42.558 1.0000000000
84959  -49.290  15.678  41.906 1.0000000000
111770  -44.367  13.636  47.704 0.8000000119
83442  -44.834  13.769  46.783 0.8000000119
128825  -45.638  13.859  46.602 0.8000000119
84182  -46.078  14.160  46.024 0.8000000119
84183  -47.036  14.265  46.109 0.8000000119
84199  -47.671  14.603  45.412 0.8000000119
84968  -49.489  15.392  41.436 1.0000000000
83440  -42.993  13.746  46.757 0.8000000119
83441  -43.890  13.702  46.801 0.8000000119
126884  -45.189  14.134  46.048 0.8000000119
84197  -45.660  14.405  45.300 0.8000000119
84198  -46.623  14.474  45.350 0.8000000119
84215  -47.251  14.807  44.671 0.8000000119
121110  -49.230  14.658  41.170 1.0000000000
83427  -42.529  13.661  47.368 0.8000000119
84180  -43.448  14.042  46.062 0.8000000119
84181  -44.327  14.042  46.056 0.8000000119
84196  -44.749  14.381  45.285 0.8000000119
84214  -46.224  14.728  44.579 0.8000000119
84232  -47.540  14.676  40.334 1.0000000000
84244  -49.316  15.379  40.802 1.0000000000
116136  -49.265  15.931  40.690 1.0000000000
83439  -42.133  13.810  46.755 0.8000000119
84179  -42.614  14.117  46.079 0.8000000119
84195  -43.868  14.388  45.298 0.8000000119
84212  -44.286  14.723  44.564 0.8000000119
84976  -48.096  15.661  39.476 1.0000000000
84243  -48.810  15.521  40.077 1.0000000000
84167  -41.173  13.987  46.822 0.6000000238
84194  -42.999  14.462  45.393 0.6999999881
84939  -44.298  15.494  43.117 0.6999999881
84985  -48.216  16.589  38.840 1.0000000000
84993  -47.560  16.707  38.260 1.0000000000
84178  -40.381  14.317  46.368 0.6000000238
124388  -41.034  14.446  45.804 0.6000000238
109176  -41.823  14.240  46.020 0.6999999881
84211  -43.381  14.782  44.604 0.6999999881
84921  -43.815  15.180  43.881 0.6999999881
84938  -43.333  15.544  43.136 0.6999999881
84241  -45.847  14.499  39.968 1.0000000000
84984  -47.225  15.809  38.944 1.0000000000
124219  -42.307  14.479  45.484 0.6999999881
84210  -42.435  14.859  44.672 0.6999999881
111804  -42.916  15.205  43.905 0.6999999881
84954  -42.794  15.844  42.432 0.6000000238
84955  -43.855  15.834  42.360 0.6000000238
85663  -44.503  16.229  41.639 0.6000000238
84983  -46.425  15.956  38.393 1.0000000000
85708  -46.359  17.200  37.439 0.8999999762
124727  -40.372  14.617  45.569 0.6000000238
84209  -41.665  14.682  45.194 0.6999999881
84919  -41.581  15.173  44.336 0.6999999881
84920  -42.162  15.307  43.913 0.6999999881
84937  -42.398  15.566  43.203 0.6000000238
85662  -43.311  16.188  41.577 0.6000000238
85692  -43.770  16.866  40.108 0.6999999881
84261  -45.462  15.237  38.515 0.8999999762
85714  -45.765  17.561  36.770 0.8999999762
84208  -40.806  14.954  44.847 0.5000000000
125132  -40.901  15.407  44.002 0.6000000238
84936  -41.451  15.588  43.406 0.6000000238
84953  -41.799  15.836  42.555 0.6000000238
85661  -42.179  16.099  41.802 0.5000000000
85691  -42.633  16.643  40.339 0.6000000238
86360  -42.850  17.068  39.423 0.6999999881
84918  -40.176  15.418  44.116 0.5000000000
84935  -40.492  15.714  43.342 0.6000000238
84952  -40.860  15.916  42.645 0.6000000238
85660  -41.213  16.095  41.898 0.5000000000
85690  -41.849  16.552  40.636 0.5000000000
116269  -40.861  17.107  39.156 0.6000000238
84951  -39.980  15.997  42.630 0.6000000238
85659  -40.308  16.200  41.932 0.5000000000
85676  -41.553  16.385  41.232 0.5000000000
86358  -40.420  16.895  39.692 0.6000000238
86399  -43.887  17.933  37.144 0.8000000119
86409  -45.448  17.992  36.504 0.8000000119
85715  -46.387  17.696  37.683 0.8000000119
86386  -42.871  17.663  37.845 0.6999999881
126365  -41.734  17.374  38.178 0.6999999881
86385  -40.914  17.445  37.840 0.6000000238
85720  -41.001  17.304  36.577 0.6000000238
84250  -36.666  15.638  39.532 0.3000000119
83498  -37.743  14.662  39.600 0.3000000119
83499  -38.725  13.536  39.351 0.3000000119
131393  -39.134  14.752  38.356 0.3000000119
84259  -39.202  15.370  38.087 0.4000000060
85713  -40.176  17.206  37.078 0.6000000238
85008  -40.568  16.721  36.410 0.6000000238
84982  -37.203  16.222  39.380 0.3000000119
120116  -40.416  15.878  36.455 0.5000000000
83374  -51.767  12.800  53.233 0.5000000000
82657  -51.558  12.698  51.645 0.6999999881
82642  -51.903  11.762  55.175 0.5000000000
82660  -50.786  12.811  51.148 0.6000000238
82664  -51.288  12.703  50.221 0.6999999881
83387  -49.951  12.977  50.570 0.6999999881
129697  -51.131  13.487  48.894 0.6999999881
83399  -48.470  13.335  49.293 0.6000000238
121015  -49.152  13.095  49.981 0.6000000238
83418  -50.518  13.674  48.199 0.6999999881
110693  -47.803  13.431  48.629 0.6000000238
84201  -51.206  14.749  45.093 0.8999999762
84217  -50.691  15.030  44.552 0.8000000119
83415  -46.369  13.568  48.118 0.6999999881
83416  -47.215  13.567  48.015 0.6999999881
123296  -50.289  14.952  45.226 0.8000000119
125295  -49.616  15.185  44.668 0.8000000119
84944  -50.285  15.210  43.029 1.0000000000
84926  -49.913  15.317  43.796 0.8999999762
84216  -48.351  14.967  44.749 0.8000000119
84943  -49.565  15.451  42.802 1.0000000000
84925  -47.926  15.191  44.083 0.8000000119
85667  -49.213  16.136  41.078 1.0000000000
84924  -46.901  15.158  43.943 0.8000000119
126097  -48.575  16.514  40.876 0.8999999762
85683  -48.932  16.479  40.280 1.0000000000
84923  -45.821  15.172  43.722 0.6999999881
84940  -45.880  15.563  42.821 0.6999999881
124853  -48.541  16.976  39.691 0.8999999762
85703  -48.313  17.048  39.002 1.0000000000
123533  -45.137  15.424  43.164 0.6999999881
84957  -46.047  15.941  42.100 0.6999999881
85665  -46.413  16.511  41.327 0.8999999762
84956  -45.005  15.782  42.386 0.6000000238
85664  -45.436  16.240  41.685 0.6999999881
85680  -45.368  16.648  40.892 0.6999999881
86377  -47.642  17.458  38.393 1.0000000000
85679  -44.183  16.559  40.855 0.6999999881
86390  -47.115  17.773  38.101 0.8999999762
85709  -47.306  17.354  37.968 1.0000000000
125619  -39.108  14.539  46.194 0.5000000000
109949  -39.615  14.309  46.896 0.6000000238
124134  -44.463  17.130  39.709 0.8000000119
86361  -44.107  17.280  39.300 0.8000000119
84193  -39.731  14.558  45.863 0.5000000000
84906  -38.994  14.896  45.253 0.5000000000
84907  -39.900  14.951  44.959 0.5000000000
84917  -39.302  15.415  44.230 0.5000000000
84934  -39.631  15.743  43.340 0.5000000000
85674  -39.706  16.511  41.163 0.5000000000
85675  -40.626  16.443  41.227 0.6000000238
124832  -40.994  16.608  40.523 0.6000000238
86388  -44.788  18.114  37.602 0.8000000119
86400  -45.045  18.215  36.830 0.8000000119
84933  -38.613  15.696  43.260 0.4000000060
84950  -39.098  15.985  42.463 0.4000000060
85658  -39.446  16.251  41.854 0.5000000000
85689  -39.976  16.737  40.407 0.6000000238
85657  -38.612  16.298  41.572 0.4000000060
128217  -38.967  16.494  41.126 0.4000000060
116340  -38.413  14.678  39.149 0.3000000119
84258  -38.575  15.376  38.673 0.3000000119
84999  -39.429  16.293  37.683 0.5000000000
85712  -39.637  17.087  37.641 0.6000000238
84251  -37.638  15.634  39.162 0.3000000119
84989  -37.917  16.362  38.949 0.3000000119
84990  -38.722  16.341  38.447 0.3000000119
85672  -37.297  16.501  40.185 0.4000000060
85686  -37.140  16.413  39.621 0.3000000119
85701  -37.761  16.661  39.271 0.3000000119
85706  -38.414  16.858  38.886 0.3000000119
83361  -51.872  12.869  54.053 0.5000000000
113515  -51.680  12.758  52.382 0.6000000238
83378  -49.690  13.132  51.430 0.6000000238
84942  -47.702  15.478  43.324 0.8000000119
123665  -48.780  15.438  43.482 0.8999999762
126076  -47.488  15.772  42.557 0.8000000119
123136  -48.355  16.158  41.739 0.8000000119
84958  -47.065  16.135  41.934 0.8000000119
85666  -47.632  16.575  41.170 0.8999999762
131942  -46.620  15.739  42.510 0.8000000119
85682  -48.113  16.965  40.312 0.8999999762
86365  -47.654  17.602  38.805 0.8999999762
125260  -47.160  16.839  40.705 0.8999999762
85695  -46.694  17.389  39.810 0.8999999762
85696  -47.805  17.384  39.475 0.8999999762
85681  -46.432  16.923  40.502 0.8000000119
85694  -45.846  17.110  40.132 0.8000000119
86363  -45.900  17.565  39.402 0.8000000119
86375  -46.205  17.860  38.512 0.8999999762
86376  -47.116  17.842  38.429 0.8999999762
109469  -45.758  18.002  37.707 0.8000000119
84916  -38.409  15.347  44.366 0.4000000060
84176  -37.929  14.570  46.802 0.5000000000
84192  -38.410  14.593  46.035 0.4000000060
84905  -38.040  14.931  45.193 0.5000000000
84949  -38.153  15.997  42.080 0.4000000060
84967  -37.689  16.344  41.077 0.4000000060
85673  -38.201  16.576  40.659 0.4000000060
85688  -38.876  16.790  40.250 0.5000000000
85702  -38.437  16.958  39.298 0.5000000000
86370  -39.067  17.145  38.815 0.5000000000
85707  -39.139  16.918  38.352 0.5000000000
86383  -39.593  17.279  38.217 0.6000000238
111259  -37.736  15.531  43.688 0.4000000060
115169  -37.594  15.682  42.627 0.4000000060
85687  -37.862  16.743  39.757 0.5000000000
128039  -36.853  16.271  40.531 0.4000000060
84177  -38.743  14.460  46.914 0.5000000000
86374  -43.572  17.533  38.626 0.6999999881
124101  -44.925  17.827  38.477 0.8000000119
114484  -40.834  17.336  38.484 0.6000000238
86371  -39.955  17.284  38.812 0.6000000238
86387  -44.050  17.885  37.944 0.8000000119
129390  -45.544  17.742  38.901 0.8000000119
86357  -39.361  17.035  39.493 0.5000000000
82711  -46.765  12.373  43.047 0.8999999762
81934  -51.969  12.159  48.058 0.8000000119
82687  -50.931  12.571  46.332 0.6999999881
82681  -52.194  13.354  46.772 0.8000000119
109060  -50.693  12.736  45.617 0.8000000119
82703  -50.744  13.496  44.600 0.8999999762
82692  -49.341  12.340  44.744 0.8000000119
81982  -45.172  12.148  42.777 0.8999999762
81980  -43.395  11.426  42.212 0.8000000119
81201  -42.163  10.068  41.407 0.8000000119
83482  -47.556  13.927  41.180 1.0000000000
83493  -45.437  13.922  40.539 1.0000000000
83501  -43.743  13.317  39.685 0.8999999762
83502  -44.364  13.999  39.447 0.8999999762
85723  -44.968  17.567  35.520 0.8000000119
86415  -43.463  17.538  35.528 0.8000000119
85728  -42.911  16.843  34.963 0.6999999881
83500  -39.323  13.030  38.769 0.2000000030
82753  -39.537  12.234  38.429 0.2000000030
83507  -39.745  13.089  38.128 0.3000000119
85727  -41.953  16.766  35.440 0.6999999881
86406  -43.037  17.703  36.270 0.6999999881
121677  -40.172  12.742  37.521 0.3000000119
84267  -39.809  15.120  37.471 0.4000000060
84272  -40.804  14.869  36.065 0.6000000238
84168  -51.833  14.203  46.353 0.6999999881
110136  -49.772  13.447  49.089 0.6999999881
84233  -48.628  14.659  40.759 1.0000000000
84254  -46.808  14.976  39.721 1.0000000000
86407  -44.082  17.993  36.215 0.8000000119
86398  -42.793  17.738  36.946 0.6999999881
86405  -42.051  17.482  36.481 0.6999999881
83489  -36.858  14.455  40.092 0.3000000119
121570  -39.962  15.835  37.052 0.6000000238
84213  -45.228  14.711  44.547 0.8000000119
84922  -44.741  15.159  43.868 0.8000000119
84977  -49.082  16.086  40.114 1.0000000000
85678  -43.267  16.483  40.804 0.6000000238
85677  -42.466  16.379  41.087 0.5000000000
86373  -42.540  17.379  38.634 0.6999999881
86359  -41.606  16.793  39.826 0.5000000000
86372  -41.719  17.255  38.988 0.6999999881
86397  -41.635  17.543  37.284 0.6000000238
86396  -40.530  17.426  37.365 0.6000000238
86384  -40.199  17.459  38.037 0.6000000238
82653  -50.420  13.110  52.102 0.6000000238
127211  -50.528  13.090  49.685 0.6999999881
126221  -48.917  15.290  44.185 0.8000000119
86362  -44.993  17.458  39.323 0.8000000119
75789  -47.228  3.962  32.444 0.2000000030
76575  -47.000  4.435  32.005 0.2000000030
77414  -47.700  6.031  31.761 0.2000000030
76586  -46.827  5.061  31.790 0.2000000030
77413  -46.573  5.958  31.726 0.2000000030
131248  -45.911  5.578  31.796 0.2000000030
75772  -48.652  4.306  34.690 0.2000000030
75771  -47.935  3.751  34.230 0.2000000030
75779  -47.771  4.032  33.246 0.2000000030
76568  -47.881  4.585  32.568 0.2000000030
76576  -47.771  5.166  32.070 0.2000000030
78214  -48.082  6.864  31.629 0.2000000030
78213  -47.375  6.957  31.499 0.2000000030
123449  -45.748  6.283  31.950 0.3000000119
78212  -46.394  7.083  31.588 0.3000000119
76562  -49.218  4.978  34.317 0.2000000030
75780  -48.565  4.543  33.878 0.2000000030
76569  -48.756  4.801  33.070 0.2000000030
77406  -49.171  5.930  32.460 0.2000000030
77405  -48.423  5.725  32.129 0.2000000030
77415  -48.520  6.364  32.021 0.2000000030
78932  -43.606  7.811  32.870 0.3000000119
78202  -45.024  6.419  32.458 0.3000000119
119346  -44.770  7.390  32.276 0.3000000119
78203  -45.446  7.218  31.914 0.3000000119
78949  -47.035  7.871  31.425 0.2000000030
76539  -50.261  4.938  36.483 0.3000000119
76548  -50.100  5.263  35.618 0.3000000119
76547  -49.318  4.500  35.799 0.3000000119
76555  -49.424  4.751  35.044 0.2000000030
76556  -49.813  5.467  34.684 0.2000000030
77373  -40.526  5.820  36.104 0.1000000015
77382  -40.494  6.377  35.681 0.1000000015
77398  -49.630  5.913  33.488 0.2000000030
78170  -41.736  6.502  35.116 0.1000000015
78923  -42.227  7.474  34.133 0.3000000119
116545  -49.155  5.100  33.630 0.2000000030
78197  -49.540  6.118  32.940 0.2000000030
78205  -48.928  6.466  32.505 0.2000000030
78931  -42.932  7.692  33.517 0.3000000119
78941  -48.421  7.079  31.897 0.2000000030
118682  -43.742  8.588  32.345 0.3000000119
79676  -43.759  9.313  32.007 0.3000000119
79680  -47.444  8.241  31.681 0.3000000119
78950  -47.852  7.574  31.602 0.3000000119
78938  -45.064  8.082  31.747 0.4000000060
78947  -45.504  8.824  31.514 0.4000000060
79687  -46.475  8.688  31.606 0.3000000119
78948  -46.030  8.055  31.515 0.3000000119
77333  -52.380  5.984  40.239 0.3000000119
76522  -51.636  5.545  38.740 0.3000000119
76517  -51.670  5.295  39.750 0.3000000119
76530  -51.073  4.975  38.266 0.3000000119
75752  -50.474  4.624  37.853 0.3000000119
76540  -50.720  5.032  36.971 0.3000000119
114345  -51.080  5.196  37.489 0.3000000119
76549  -50.722  5.546  36.234 0.3000000119
75751  -49.873  4.292  37.323 0.3000000119
77386  -50.356  5.946  35.070 0.3000000119
75760  -49.579  4.406  36.451 0.3000000119
77393  -49.761  6.019  34.305 0.2000000030
78186  -49.553  6.195  33.599 0.2000000030
78185  -49.207  6.475  33.734 0.2000000030
78169  -40.988  6.745  35.247 0.1000000015
76563  -49.486  5.524  33.949 0.2000000030
78195  -48.602  6.776  33.033 0.2000000030
78915  -40.840  7.481  34.981 0.2000000030
78179  -41.567  7.138  34.708 0.3000000119
78930  -42.199  8.239  33.608 0.3000000119
79668  -42.302  9.020  33.150 0.3000000119
78196  -49.253  6.507  32.979 0.2000000030
79661  -40.987  8.671  34.452 0.3000000119
79667  -41.591  8.803  33.807 0.3000000119
80456  -42.555  9.762  32.876 0.3000000119
79675  -42.979  9.221  32.525 0.3000000119
78204  -48.479  6.928  32.396 0.2000000030
80449  -41.225  9.484  34.216 0.3000000119
80455  -41.842  9.630  33.525 0.3000000119
81245  -42.224  10.439  33.347 0.3000000119
80461  -44.081  10.063  31.705 0.3000000119
81253  -44.698  10.753  31.751 0.4000000060
79679  -46.935  8.782  31.880 0.4000000060
78939  -47.657  8.285  31.963 0.3000000119
78940  -48.091  7.751  31.875 0.3000000119
80467  -45.311  9.913  31.536 0.4000000060
80463  -46.270  9.328  31.808 0.3000000119
77346  -52.259  6.351  39.339 0.3000000119
80420  -41.788  8.907  38.888 0.8000000119
79643  -42.440  8.346  37.664 0.8000000119
78901  -42.829  7.783  37.124 0.4000000060
78917  -44.468  7.194  35.655 0.3000000119
78171  -45.059  6.430  35.788 0.3000000119
78173  -46.772  6.343  35.244 0.2000000030
78175  -49.162  6.555  34.753 0.3000000119
77387  -50.630  6.173  35.684 0.3000000119
80412  -41.883  9.622  38.938 0.6999999881
80421  -42.167  9.136  38.204 0.6999999881
79649  -42.759  8.499  37.004 0.6000000238
78916  -43.735  7.705  35.964 0.4000000060
78918  -45.290  6.920  35.034 0.3000000119
78172  -45.854  6.298  35.555 0.3000000119
78174  -47.834  6.468  34.958 0.2000000030
78176  -50.091  6.337  35.042 0.3000000119
117466  -42.226  9.928  38.400 0.6999999881
80427  -42.467  9.885  37.724 0.6999999881
122866  -43.282  8.971  35.935 0.5000000000
115984  -44.163  8.012  35.391 0.4000000060
78182  -46.232  6.652  34.651 0.2000000030
78184  -48.364  6.637  33.974 0.2000000030
110100  -49.562  6.282  34.301 0.2000000030
81224  -42.449  10.601  38.180 0.8000000119
79654  -43.683  8.492  35.651 0.4000000060
78924  -44.833  7.965  34.698 0.4000000060
81231  -42.724  10.641  37.315 0.6999999881
80442  -43.809  9.353  35.328 0.6000000238
79655  -44.255  8.701  34.999 0.4000000060
78925  -45.808  7.524  34.160 0.2000000030
78926  -46.765  7.165  33.690 0.2000000030
78194  -47.735  6.971  33.269 0.2000000030
82761  -43.109  12.160  37.738 0.6999999881
115595  -43.487  11.391  35.969 0.6999999881
119972  -43.801  10.130  35.315 0.6999999881
80450  -44.267  10.046  34.711 0.6000000238
80443  -44.359  9.393  34.653 0.4000000060
79663  -45.539  8.576  33.667 0.4000000060
78933  -46.457  8.187  33.170 0.3000000119
82755  -43.375  12.741  38.083 0.6999999881
82011  -43.158  11.909  37.207 0.6999999881
82016  -43.445  12.013  36.453 0.6999999881
81246  -42.967  10.515  32.676 0.4000000060
79670  -45.489  9.712  33.193 0.4000000060
79662  -44.793  9.011  34.156 0.4000000060
78934  -47.377  7.858  32.664 0.2000000030
81235  -41.368  11.002  34.589 0.4000000060
82036  -41.979  11.128  33.913 0.3000000119
82037  -42.804  11.345  33.143 0.4000000060
82046  -44.448  11.391  32.225 0.6000000238
82040  -45.300  11.092  32.222 0.5000000000
80457  -45.923  9.851  32.224 0.4000000060
79672  -46.952  8.691  32.201 0.4000000060
78935  -48.117  7.515  32.347 0.2000000030
111896  -43.141  12.210  33.225 0.5000000000
82038  -43.941  12.003  32.669 0.5000000000
83536  -44.642  13.476  33.517 0.6000000238
80462  -46.050  9.753  31.888 0.4000000060
79678  -46.456  9.333  32.002 0.4000000060
82778  -42.114  12.662  34.347 0.6000000238
82779  -42.891  12.977  33.579 0.6000000238
82785  -43.899  12.824  32.951 0.6000000238
113173  -44.496  13.147  33.149 0.6000000238
84283  -42.770  14.545  33.939 0.6000000238
84290  -43.729  14.373  33.453 0.6000000238
83535  -44.445  13.940  33.403 0.6000000238
111012  -44.914  14.338  33.770 0.6000000238
85027  -43.060  16.080  34.344 0.6000000238
78127  -52.169  7.203  38.874 0.3000000119
78138  -51.827  7.081  38.032 0.3000000119
77378  -51.328  6.516  36.701 0.3000000119
77356  -51.540  5.662  37.773 0.3000000119
77369  -51.683  6.329  37.434 0.3000000119
77377  -50.990  6.095  36.143 0.3000000119
78164  -50.897  6.649  36.285 0.3000000119
80411  -41.673  9.161  39.565 0.6999999881
79638  -42.001  8.139  38.509 0.5000000000
78160  -46.563  6.188  36.279 0.3000000119
78907  -43.400  7.379  36.661 0.3000000119
111966  -48.343  6.595  35.754 0.2000000030
78163  -50.287  6.586  36.072 0.3000000119
111735  -49.459  6.632  35.831 0.3000000119
81240  -44.212  10.771  34.835 0.6000000238
82023  -43.919  12.256  35.375 0.6999999881
115970  -44.042  11.494  35.007 0.6000000238
81241  -44.744  10.747  34.022 0.6000000238
80451  -44.781  9.918  33.979 0.5000000000
83520  -44.291  14.100  36.897 0.6999999881
82773  -44.125  12.951  35.494 0.6999999881
82024  -44.603  12.289  34.260 0.6000000238
82032  -45.011  12.248  33.259 0.6000000238
81248  -45.543  10.561  32.492 0.5000000000
112895  -44.565  14.224  35.760 0.6999999881
122784  -44.794  14.373  34.695 0.6999999881
82780  -44.774  12.982  33.590 0.6000000238
110767  -45.063  15.509  34.215 0.6999999881
84285  -45.190  14.787  34.027 0.6999999881
118950  -44.801  16.203  34.447 0.6999999881
84292  -45.109  15.025  33.838 0.6000000238
85736  -43.623  16.577  34.421 0.6000000238
78895  -51.523  7.546  38.704 0.3000000119
77357  -51.962  6.334  38.302 0.3000000119
78152  -51.440  7.110  37.313 0.3000000119
78151  -51.079  7.150  36.756 0.3000000119
80392  -41.450  8.938  41.974 0.6999999881
78157  -43.773  6.635  36.866 0.3000000119
78158  -44.510  6.370  36.446 0.3000000119
124794  -47.361  6.391  35.764 0.3000000119
80386  -41.766  9.058  42.902 0.6999999881
79637  -41.645  8.387  39.344 0.6999999881
80393  -42.091  9.730  42.193 0.6999999881
80378  -43.435  9.626  44.446 0.8000000119
80388  -42.811  9.722  43.858 0.8000000119
81194  -42.639  10.317  42.610 0.6999999881
81190  -43.409  10.208  43.843 0.8000000119
127977  -43.476  10.604  43.324 0.6999999881
81960  -44.098  10.706  43.744 0.8000000119
81971  -43.805  11.125  42.988 0.8000000119
81961  -44.994  11.028  44.001 0.8000000119
78903  -51.310  7.453  37.960 0.3000000119
78902  -50.873  7.464  37.428 0.3000000119
78150  -49.673  7.137  36.786 0.3000000119
126391  -50.181  7.389  37.306 0.3000000119
79622  -41.208  8.595  41.040 0.6999999881
113140  -42.487  7.485  37.866 0.4000000060
78161  -47.597  6.451  36.560 0.3000000119
78162  -48.632  6.767  36.678 0.3000000119
80377  -42.221  8.995  43.803 0.6999999881
78143  -43.115  6.898  37.390 0.3000000119
125778  -42.790  9.219  44.346 0.8000000119
80387  -42.401  9.700  43.140 0.6999999881
80367  -43.839  9.231  45.053 0.6999999881
81180  -44.579  10.408  44.461 0.6999999881
81181  -45.435  10.639  44.668 0.6999999881
81964  -48.283  11.834  44.557 0.6999999881
81182  -46.302  10.875  44.834 0.6999999881
78137  -49.461  7.364  38.661 0.3000000119
77332  -48.237  6.033  40.529 0.3000000119
76505  -47.288  4.653  41.354 0.3000000119
78909  -50.566  7.183  36.700 0.3000000119
78145  -44.239  6.104  37.101 0.3000000119
78159  -45.470  5.996  36.476 0.3000000119
79603  -41.833  8.204  44.203 0.8000000119
79611  -41.530  8.363  43.456 0.6999999881
79632  -41.469  8.557  40.113 0.6999999881
79604  -42.518  8.582  44.573 0.8000000119
79594  -42.942  8.216  45.263 0.8000000119
79586  -44.147  8.040  46.387 0.6999999881
79595  -43.808  8.568  45.590 0.6999999881
80368  -44.555  9.235  45.545 0.6999999881
80369  -45.441  9.573  45.821 0.6999999881
81168  -45.840  10.245  45.342 0.6999999881
81170  -47.483  10.840  45.761 0.6999999881
81951  -48.892  11.776  45.353 0.6999999881
130822  -48.872  7.152  38.337 0.3000000119
124350  -47.808  6.165  39.928 0.3000000119
78125  -48.681  7.002  39.019 0.3000000119
78893  -50.186  7.463  38.103 0.3000000119
77331  -47.362  5.666  40.336 0.3000000119
78114  -48.502  6.629  39.786 0.3000000119
78892  -49.512  7.293  37.812 0.3000000119
77315  -47.682  5.348  40.986 0.3000000119
130679  -43.268  6.298  37.884 0.3000000119
129174  -41.037  8.223  41.821 0.6999999881
78873  -41.201  7.830  40.496 0.6999999881
78831  -43.429  7.755  45.960 0.8000000119
78824  -44.509  7.710  47.047 0.6999999881
79596  -44.502  8.589  46.117 0.6999999881
80358  -45.131  8.911  46.347 0.6999999881
80350  -46.356  9.790  47.412 0.6999999881
81148  -46.951  10.248  47.078 0.6999999881
81160  -47.561  10.689  46.574 0.6999999881
81149  -47.599  10.616  47.406 0.6999999881
81941  -48.398  11.232  46.105 0.6999999881
111771  -48.047  13.373  50.265 0.5000000000
83386  -48.711  13.269  51.071 0.5000000000
78146  -46.137  5.955  37.040 0.3000000119
78891  -42.189  7.177  38.578 0.5000000000
78134  -42.697  6.679  38.107 0.5000000000
78882  -41.746  7.590  39.211 0.5000000000
78823  -43.906  7.287  46.812 0.6999999881
78813  -44.478  7.219  47.600 0.8000000119
79575  -44.856  7.956  47.688 0.6999999881
79572  -44.797  8.046  48.563 0.6999999881
79565  -44.197  8.798  50.025 0.6999999881
79588  -45.356  8.689  47.231 0.6999999881
79573  -45.031  8.865  48.887 0.6999999881
79570  -44.754  9.200  49.608 0.6999999881
80349  -45.810  9.261  47.696 0.6999999881
80341  -45.529  9.566  49.312 0.6999999881
80338  -45.338  9.813  50.090 0.6999999881
80359  -45.821  9.418  46.731 0.6999999881
80342  -46.401  9.927  48.916 0.6000000238
81122  -46.638  10.815  51.184 0.6000000238
109697  -48.308  11.319  52.479 0.6000000238
130356  -48.416  11.322  53.749 0.6000000238
112673  -48.557  11.173  54.504 0.5000000000
81139  -47.806  10.665  48.201 0.6999999881
116868  -47.326  10.390  48.856 0.6999999881
81123  -47.542  10.825  50.918 0.6000000238
81890  -47.870  11.229  51.987 0.6000000238
81883  -48.341  11.369  53.148 0.6000000238
81161  -48.150  10.984  46.913 0.6999999881
81150  -48.401  11.046  47.582 0.6000000238
81130  -48.631  10.798  49.953 0.6000000238
81932  -49.479  11.449  47.634 0.6000000238
120759  -49.900  11.434  48.262 0.6000000238
83428  -43.330  13.627  47.650 0.6999999881
111769  -44.918  13.587  48.356 0.5000000000
109476  -45.662  13.497  48.731 0.6000000238
125854  -46.540  13.510  49.926 0.5000000000
83398  -47.416  13.437  49.580 0.5000000000
83385  -47.703  13.436  51.104 0.5000000000
83377  -47.953  13.641  51.740 0.5000000000
83373  -49.864  13.656  52.612 0.4000000060
84844  -50.205  15.178  53.131 0.5000000000
77375  -44.868  5.748  37.086 0.3000000119
77365  -44.417  5.758  37.652 0.3000000119
78045  -43.942  6.144  47.849 0.8000000119
115415  -41.480  7.912  39.810 0.6999999881
124691  -41.510  7.136  39.919 0.5000000000
78122  -41.990  6.754  39.196 0.5000000000
78857  -40.794  7.628  42.375 0.6999999881
78865  -40.840  7.567  41.444 0.6999999881
78840  -42.174  7.868  44.899 0.8000000119
78839  -41.456  7.492  44.488 0.8000000119
128151  -41.294  7.774  43.863 0.6999999881
78822  -43.064  7.036  46.310 0.8000000119
79561  -43.210  8.916  51.031 0.8000000119
79568  -44.026  7.975  49.904 0.8000000119
78042  -44.378  6.618  48.117 0.8000000119
78812  -44.113  6.730  47.480 0.8000000119
80329  -42.415  9.813  52.604 0.6999999881
80332  -42.779  9.411  51.776 0.6999999881
80336  -43.859  9.234  50.651 0.8000000119
80330  -43.221  10.103  52.225 0.6999999881
81119  -44.081  10.218  51.867 0.6999999881
81113  -42.948  10.474  53.164 0.6999999881
123109  -43.820  10.575  52.713 0.8000000119
81115  -45.493  10.884  52.087 0.6999999881
81874  -46.428  11.321  54.387 0.6999999881
81862  -47.066  10.982  55.808 0.6999999881
81881  -46.656  11.419  53.444 0.6000000238
125247  -47.578  11.395  53.844 0.6000000238
81093  -50.453  10.548  55.974 0.5000000000
81094  -51.234  10.691  55.476 0.5000000000
81095  -51.695  10.899  54.757 0.5000000000
84099  -50.697  14.600  54.392 0.3000000119
84104  -50.889  14.564  53.940 0.4000000060
84837  -50.493  15.258  53.538 0.4000000060
83367  -51.288  13.642  53.687 0.4000000060
110044  -50.964  13.412  52.873 0.4000000060
83413  -43.188  13.585  48.740 0.6000000238
83395  -44.192  13.567  49.557 0.5000000000
83366  -50.498  14.235  53.283 0.4000000060
116908  -50.314  15.960  52.986 0.3000000119
83397  -45.741  13.541  50.264 0.5000000000
109696  -47.119  13.469  50.592 0.5000000000
83372  -48.270  13.908  52.264 0.4000000060
126828  -49.057  13.893  52.451 0.5000000000
84111  -49.670  14.386  52.842 0.5000000000
78148  -47.833  6.630  37.480 0.3000000119
77367  -46.164  5.905  37.823 0.3000000119
77366  -45.216  5.628  37.794 0.3000000119
117600  -46.912  6.201  37.251 0.3000000119
78838  -40.836  7.083  43.915 0.6000000238
78113  -41.057  6.991  40.719 0.6000000238
77340  -42.502  5.952  39.221 0.5000000000
77364  -43.817  5.799  38.055 0.3000000119
78051  -42.673  6.376  46.649 0.8000000119
78829  -41.744  7.174  45.249 0.8000000119
78095  -40.603  6.843  42.203 0.6999999881
78802  -42.118  7.094  50.643 0.6000000238
78039  -43.453  6.012  49.717 0.8000000119
78123  -42.469  6.488  38.701 0.5000000000
78037  -42.997  6.667  50.198 0.8000000119
78041  -44.035  6.078  48.631 0.8000000119
78848  -40.988  7.703  43.224 0.6999999881
78804  -43.518  7.468  50.146 0.8000000119
78806  -44.121  7.199  49.496 0.8000000119
78830  -42.587  7.484  45.601 0.8000000119
79557  -42.010  9.090  52.130 0.6999999881
79560  -42.473  8.640  51.374 0.6999999881
80328  -41.669  9.378  52.974 0.6999999881
80315  -41.937  9.036  54.780 0.6999999881
80323  -42.338  9.662  54.393 0.6999999881
80316  -42.661  9.071  55.312 0.6999999881
80324  -43.107  9.924  54.812 0.6999999881
81101  -43.620  10.507  54.334 0.6999999881
81872  -45.091  11.197  54.176 0.6999999881
81861  -45.788  11.113  55.093 0.6999999881
130110  -46.526  11.169  55.218 0.6999999881
81088  -43.865  10.191  55.180 0.6999999881
81089  -44.601  10.426  55.457 0.6000000238
81071  -45.025  10.014  56.247 0.6999999881
81073  -46.771  10.433  56.605 0.6999999881
81851  -47.734  10.619  56.610 0.5000000000
81063  -50.232  10.329  57.729 0.5000000000
81853  -51.070  10.880  56.832 0.4000000060
82639  -51.027  11.803  56.584 0.4000000060
81865  -51.373  10.823  56.042 0.4000000060
82641  -51.461  12.275  55.752 0.4000000060
83360  -51.194  13.699  54.437 0.3000000119
84834  -50.547  15.272  54.115 0.3000000119
85591  -49.961  16.649  53.127 0.3000000119
85610  -48.970  17.089  51.868 0.2000000030
84843  -49.659  15.569  52.705 0.4000000060
84126  -45.086  14.192  50.984 0.3000000119
84115  -45.695  14.391  51.474 0.3000000119
111320  -46.045  15.990  51.944 0.3000000119
120645  -46.747  15.901  52.155 0.3000000119
84841  -47.412  15.440  52.341 0.3000000119
85598  -48.247  16.317  52.235 0.4000000060
85600  -49.764  16.617  52.627 0.2000000030
83376  -46.193  13.842  51.328 0.4000000060
84116  -46.579  14.218  51.768 0.4000000060
84108  -47.062  14.591  52.181 0.4000000060
84109  -47.862  14.566  52.370 0.4000000060
84842  -48.558  15.475  52.495 0.3000000119
110536  -46.982  13.673  51.419 0.5000000000
84110  -48.818  14.528  52.549 0.4000000060
116939  -43.679  6.683  49.788 0.8000000119
78809  -44.311  6.763  48.805 0.8000000119
79550  -40.679  8.042  54.689 0.6999999881
79559  -41.697  8.340  51.672 0.6999999881
78803  -42.773  7.462  50.505 0.8000000119
79554  -40.989  8.676  54.047 0.6999999881
78800  -42.216  7.900  50.957 0.6999999881
79551  -41.352  8.606  54.723 0.6000000238
112660  -41.960  6.480  56.985 0.4000000060
78785  -42.320  7.464  56.333 0.5000000000
79530  -43.015  7.708  56.680 0.5000000000
79548  -43.265  8.582  56.098 0.6000000238
80301  -43.960  8.940  56.449 0.6000000238
79532  -44.388  8.343  57.471 0.5000000000
80303  -45.547  9.452  57.216 0.5000000000
116898  -47.454  9.326  58.512 0.4000000060
81061  -48.406  9.528  58.594 0.3000000119
122334  -49.969  10.201  58.370 0.4000000060
82638  -50.240  12.504  57.092 0.4000000060
83353  -49.774  13.589  56.594 0.3000000119
81052  -48.815  9.483  59.207 0.3000000119
80273  -48.934  9.680  59.397 0.3000000119
83354  -50.687  12.877  56.217 0.3000000119
83357  -51.003  13.245  55.357 0.3000000119
84098  -50.241  14.992  54.884 0.3000000119
78762  -43.057  6.194  58.393 0.4000000060
78775  -43.414  7.066  57.699 0.4000000060
79520  -44.071  7.430  58.081 0.5000000000
79521  -44.683  7.734  58.428 0.4000000060
79513  -45.881  7.990  59.877 0.3000000119
80281  -46.624  8.482  59.804 0.3000000119
81044  -48.565  9.870  59.631 0.3000000119
126821  -49.349  10.885  59.300 0.4000000060
83339  -49.913  12.268  58.113 0.3000000119
84092  -49.184  14.610  56.622 0.3000000119
84828  -48.754  15.504  56.796 0.3000000119
79510  -42.728  7.146  59.346 0.4000000060
80278  -42.653  9.013  58.888 0.1000000015
77995  -43.273  6.202  59.009 0.4000000060
78745  -44.202  7.183  59.485 0.3000000119
81041  -45.086  9.148  59.812 0.1000000015
111002  -45.516  10.232  59.752 0.2000000030
78755  -44.360  7.143  58.961 0.3000000119
79504  -45.365  7.837  59.859 0.3000000119
117938  -46.152  9.054  59.978 0.3000000119
131632  -47.207  10.006  59.849 0.3000000119
82614  -48.864  11.829  59.230 0.3000000119
83349  -49.013  13.339  58.102 0.3000000119
84087  -48.597  14.208  58.086 0.3000000119
81049  -43.057  9.949  59.013 0.1000000015
118546  -43.461  10.614  59.134 0.2000000030
81051  -44.380  10.689  59.448 0.1000000015
81822  -45.067  11.303  59.500 0.2000000030
82602  -45.350  12.157  59.406 0.2000000030
80268  -44.412  8.688  59.685 0.1000000015
82603  -46.268  12.098  59.549 0.2000000030
81042  -46.462  10.058  59.863 0.3000000119
83318  -46.720  12.968  59.476 0.3000000119
83337  -47.740  13.824  59.146 0.3000000119
81830  -42.677  10.996  58.587 0.2000000030
82612  -44.334  12.066  59.156 0.2000000030
110643  -49.216  11.161  53.561 0.6000000238
81891  -49.092  11.208  52.668 0.6999999881
81906  -49.604  10.884  50.304 0.6000000238
81864  -49.437  10.754  55.413 0.3000000119
81963  -47.371  11.726  44.079 0.8000000119
82710  -46.013  12.109  43.130 0.8000000119
126931  -46.680  11.363  44.335 0.8000000119
81876  -52.113  11.343  54.596 0.4000000060
81952  -49.678  11.967  46.065 0.6000000238
81972  -45.532  11.633  43.514 0.8000000119
115057  -44.599  11.431  43.290 0.8000000119
81219  -42.173  10.379  38.943 0.8000000119
82015  -43.084  11.338  36.882 0.6999999881
83519  -44.081  13.314  36.303 0.6999999881
82768  -43.780  12.622  36.146 0.6999999881
81979  -42.884  10.841  42.228 0.6999999881
85028  -43.884  16.131  33.967 0.6000000238
84278  -41.940  14.624  34.496 0.6000000238
82647  -51.637  12.656  54.828 0.4000000060
128943  -43.761  13.608  48.193 0.6000000238
128233  -42.466  13.630  48.178 0.6000000238
83426  -41.779  13.709  47.611 0.6999999881
81854  -51.570  11.314  55.998 0.4000000060
109475  -46.692  13.414  48.899 0.5000000000
76577  -48.674  5.232  32.515 0.2000000030
76570  -49.456  5.544  33.018 0.2000000030
78937  -44.316  8.016  32.313 0.3000000119
77363  -39.918  5.605  36.612 0.1000000015
79669  -42.981  8.504  32.891 0.3000000119
130624  -43.319  8.915  32.390 0.3000000119
79684  -44.588  9.624  31.544 0.4000000060
79677  -44.557  8.860  31.686 0.3000000119
79685  -45.148  9.369  31.467 0.4000000060
79686  -45.752  9.375  31.583 0.4000000060
77368  -51.298  5.716  36.856 0.3000000119
77376  -50.662  5.887  35.654 0.3000000119
78921  -40.763  8.084  34.769 0.3000000119
78922  -41.391  7.964  34.293 0.3000000119
80460  -43.299  9.889  32.250 0.3000000119
81239  -41.537  10.320  34.037 0.3000000119
81252  -43.774  10.627  32.094 0.3000000119
81254  -45.251  10.861  31.893 0.5000000000
80466  -44.773  10.170  31.515 0.4000000060
80468  -45.814  9.759  31.729 0.4000000060
81258  -45.172  10.435  31.636 0.4000000060
116487  -42.571  9.130  37.347 0.6999999881
79650  -43.172  8.249  36.380 0.4000000060
78908  -43.926  7.034  36.290 0.3000000119
80435  -42.911  9.073  36.563 0.6999999881
122750  -42.798  9.865  36.895 0.6999999881
78183  -47.217  6.628  34.313 0.2000000030
80436  -43.297  9.809  36.017 0.6999999881
81232  -43.152  10.618  36.473 0.6999999881
81236  -43.610  10.698  35.612 0.6999999881
79671  -46.138  9.090  32.651 0.4000000060
82045  -43.530  11.184  32.511 0.5000000000
81247  -45.288  10.679  33.259 0.4000000060
82029  -41.792  11.791  34.488 0.3000000119
82030  -42.420  11.982  33.829 0.4000000060
82794  -44.911  12.038  32.549 0.6000000238
123325  -45.355  11.212  32.691 0.6000000238
81255  -45.606  10.328  31.881 0.5000000000
82039  -45.103  11.808  32.586 0.6000000238
82047  -45.084  11.396  32.174 0.6000000238
82786  -44.633  12.562  32.835 0.6000000238
82787  -44.799  12.602  32.963 0.6000000238
83528  -42.265  13.686  34.223 0.6000000238
83529  -43.055  13.828  33.660 0.6000000238
83524  -41.821  13.215  34.736 0.6000000238
83534  -43.811  13.574  33.202 0.6000000238
83530  -44.935  13.863  33.973 0.6999999881
84284  -43.594  15.356  33.735 0.6000000238
84279  -42.453  15.389  34.320 0.6000000238
85033  -44.666  15.693  33.867 0.6999999881
82031  -44.682  11.527  34.094 0.6000000238
83525  -44.414  13.631  35.098 0.6999999881
82774  -44.533  13.001  34.560 0.6999999881
122733  -45.190  11.476  33.232 0.6000000238
81179  -43.914  10.174  44.281 0.6999999881
79605  -43.228  8.904  44.865 0.8000000119
81189  -42.943  10.252  43.290 0.6999999881
81962  -45.910  11.248  44.186 0.8000000119
80379  -44.214  9.777  44.810 0.6999999881
81167  -44.988  9.999  45.128 0.6999999881
81950  -48.066  11.325  45.328 0.6999999881
81949  -47.260  11.209  44.915 0.6999999881
81169  -46.655  10.560  45.517 0.6999999881
76515  -46.878  5.056  40.742 0.3000000119
80370  -46.203  9.942  46.025 0.6999999881
81159  -46.874  10.351  46.256 0.6999999881
78149  -48.765  7.035  37.601 0.3000000119
79587  -44.821  8.262  46.804 0.6999999881
113840  -46.231  9.686  48.126 0.6999999881
81138  -46.935  10.169  48.015 0.6999999881
81942  -49.025  11.407  46.862 0.6000000238
109234  -49.028  13.491  52.051 0.5000000000
78810  -44.603  7.272  48.293 0.8000000119
79576  -45.331  8.628  48.074 0.6999999881
79569  -44.475  8.207  49.356 0.6999999881
80337  -44.557  9.512  50.341 0.6999999881
80333  -43.563  9.632  51.412 0.8000000119
80345  -45.681  9.356  48.513 0.6999999881
81133  -46.165  10.102  49.846 0.6000000238
81121  -45.699  10.597  51.307 0.6999999881
81126  -45.114  10.107  50.805 0.6999999881
81127  -45.945  10.361  50.598 0.6999999881
81134  -47.004  10.424  49.628 0.6999999881
81128  -46.801  10.578  50.402 0.6000000238
81898  -47.448  11.040  51.485 0.6000000238
119771  -46.963  11.145  51.948 0.6000000238
81116  -46.194  10.993  51.805 0.6999999881
81882  -47.419  11.423  52.745 0.6000000238
81899  -48.803  11.163  51.966 0.6000000238
124943  -47.355  11.268  54.918 0.6000000238
81863  -48.201  10.922  55.663 0.6000000238
131208  -48.939  10.688  55.959 0.5000000000
119668  -48.062  10.725  48.849 0.6999999881
81135  -47.870  10.657  49.469 0.6999999881
81124  -48.518  10.836  50.713 0.6000000238
81136  -48.736  10.908  49.232 0.6000000238
81923  -49.733  11.275  48.963 0.6000000238
110640  -44.611  13.528  49.872 0.5000000000
125979  -45.980  13.460  49.480 0.5000000000
83384  -46.296  13.561  50.859 0.5000000000
77245  -43.553  5.433  48.367 0.8000000119
78052  -43.494  6.573  47.072 0.8000000119
77339  -41.850  6.302  39.765 0.5000000000
79564  -43.628  8.430  50.391 0.8000000119
79563  -42.975  8.138  50.705 0.8000000119
81100  -42.807  10.337  53.950 0.6999999881
81120  -44.896  10.387  51.558 0.6999999881
129870  -43.203  10.558  53.725 0.6999999881
81108  -43.761  10.691  53.549 0.6999999881
81109  -44.480  10.910  53.239 0.8000000119
81879  -44.967  11.161  53.641 0.6000000238
81889  -46.229  11.258  52.627 0.6000000238
81880  -45.721  11.284  53.668 0.6999999881
81092  -49.622  10.533  56.350 0.3000000119
81076  -50.402  10.450  56.872 0.5000000000
84095  -50.554  14.118  55.095 0.3000000119
83414  -44.105  13.575  48.758 0.6000000238
83382  -44.021  13.766  50.221 0.6000000238
119772  -45.612  13.790  50.963 0.4000000060
83383  -44.936  13.739  50.434 0.4000000060
83371  -47.392  14.004  52.039 0.4000000060
78105  -40.778  6.606  41.435 0.5000000000
78065  -42.210  6.784  45.947 0.8000000119
118710  -43.915  6.324  49.277 0.8000000119
114576  -41.103  8.780  53.308 0.6999999881
80322  -41.552  9.282  53.927 0.6999999881
79546  -41.934  8.288  55.484 0.6000000238
79547  -42.656  8.239  55.933 0.6999999881
80317  -43.514  9.444  55.600 0.6999999881
81102  -44.439  10.904  54.110 0.6999999881
110557  -44.284  10.622  54.810 0.6999999881
81090  -45.364  10.640  55.656 0.6999999881
81091  -46.194  10.780  55.784 0.6999999881
80318  -44.278  9.735  55.913 0.6000000238
80302  -44.726  9.219  56.865 0.6000000238
81072  -45.872  10.181  56.473 0.5000000000
109033  -47.548  10.062  57.586 0.4000000060
81075  -49.646  10.331  57.323 0.4000000060
81062  -49.516  9.915  58.466 0.3000000119
81839  -50.552  10.609  57.786 0.5000000000
82628  -50.646  11.429  57.541 0.4000000060
85599  -49.247  16.475  52.332 0.3000000119
84852  -46.345  15.063  52.078 0.4000000060
79556  -41.327  8.659  52.466 0.6000000238
78016  -42.359  5.782  58.066 0.5000000000
78784  -41.591  7.235  55.976 0.4000000060
78774  -42.706  6.747  57.344 0.4000000060
80290  -45.256  8.458  58.101 0.5000000000
80291  -46.049  8.874  58.194 0.4000000060
81060  -46.558  9.616  57.624 0.4000000060
80292  -46.859  8.732  58.889 0.3000000119
82627  -50.310  11.109  58.321 0.4000000060
83356  -50.374  13.684  55.814 0.3000000119
84088  -48.980  13.920  57.360 0.3000000119
80293  -47.740  9.060  59.399 0.3000000119
81826  -48.754  10.837  59.551 0.4000000060
77994  -42.743  6.030  59.193 0.3000000119
78763  -43.703  6.672  58.698 0.4000000060
79512  -45.197  7.696  59.337 0.3000000119
80270  -45.799  8.167  59.997 0.3000000119
116343  -47.349  8.941  59.767 0.3000000119
81825  -47.815  10.669  59.735 0.3000000119
82615  -49.555  11.538  58.766 0.4000000060
118395  -48.947  12.628  58.670 0.3000000119
129756  -48.522  15.626  57.506 0.2000000030
122273  -42.661  8.118  59.198 0.2000000030
78744  -43.663  7.229  59.450 0.2000000030
78754  -43.900  6.868  59.243 0.3000000119
80279  -43.554  8.878  59.391 0.1000000015
80269  -45.024  7.974  60.035 0.2000000030
83320  -48.276  12.898  59.157 0.3000000119
83319  -47.533  12.934  59.419 0.3000000119
82604  -47.195  11.964  59.592 0.3000000119
83338  -48.318  13.823  58.635 0.3000000119
81823  -45.892  11.172  59.647 0.3000000119
81824  -46.795  11.014  59.707 0.3000000119
75694  -51.930  3.427  43.863 0.2000000030
74872  -51.369  2.663  43.536 0.2000000030
74047  -50.813  1.835  43.092 0.2000000030
114753  -50.607  2.282  42.131 0.2000000030
74063  -50.434  1.256  42.349 0.2000000030
76493  -52.085  4.581  42.509 0.2000000030
74891  -51.430  3.571  42.971 0.2000000030
74890  -50.956  2.697  42.822 0.2000000030
75711  -50.972  3.127  42.135 0.2000000030
74897  -50.421  2.587  41.297 0.2000000030
76480  -53.717  6.304  43.389 0.2000000030
76478  -52.240  4.266  43.411 0.2000000030
75722  -51.406  3.970  41.933 0.2000000030
129054  -50.690  2.840  41.696 0.2000000030
74076  -50.179  1.748  41.526 0.2000000030
74088  -50.025  2.163  40.703 0.2000000030
74087  -49.626  1.692  40.113 0.2000000030
74914  -49.461  2.350  39.405 0.2000000030
74098  -48.856  1.427  39.579 0.1000000015
74108  -48.241  1.696  38.864 0.2000000030
74913  -48.836  2.224  38.966 0.2000000030
74107  -47.537  1.031  38.719 0.2000000030
78100  -53.582  7.874  42.967 0.2000000030
78090  -53.810  7.702  43.657 0.2000000030
77307  -53.512  6.855  42.538 0.2000000030
77308  -54.052  7.033  43.177 0.2000000030
76479  -52.861  5.355  43.103 0.2000000030
75727  -50.486  3.069  40.467 0.2000000030
74915  -50.112  2.605  39.836 0.2000000030
74114  -47.202  1.438  37.954 0.1000000015
128711  -46.487  0.995  37.484 0.1000000015
74932  -47.690  2.168  37.581 0.1000000015
74923  -47.784  1.819  38.282 0.2000000030
115726  -45.477  0.499  35.717 0.1000000015
73289  -45.897  0.917  36.471 0.1000000015
72464  -44.773  -0.098  33.715 0.1000000015
78841  -53.731  7.741  43.674 0.2000000030
78860  -53.250  8.014  42.615 0.2000000030
76494  -52.721  5.670  42.049 0.2000000030
78099  -53.276  7.827  42.144 0.2000000030
77319  -53.116  6.847  41.570 0.2000000030
76507  -51.973  4.859  41.558 0.2000000030
75728  -51.367  4.295  41.146 0.2000000030
76516  -51.044  4.212  40.307 0.2000000030
75734  -50.535  3.627  39.589 0.2000000030
75733  -49.982  3.234  39.086 0.2000000030
74925  -49.332  2.916  38.626 0.2000000030
75741  -49.286  3.444  37.928 0.2000000030
74924  -48.494  2.617  38.115 0.2000000030
74119  -46.553  1.437  36.664 0.1000000015
74120  -47.106  1.701  37.118 0.1000000015
73308  -45.111  0.506  33.398 0.1000000015
73297  -45.295  0.345  34.595 0.1000000015
74125  -45.820  1.037  35.262 0.1000000015
74134  -45.653  1.135  34.120 0.1000000015
78089  -52.886  7.992  43.688 0.2000000030
78849  -52.982  8.133  42.926 0.2000000030
78108  -52.914  7.685  41.317 0.2000000030
77318  -52.506  5.831  41.112 0.2000000030
114299  -51.780  5.083  40.678 0.2000000030
76521  -51.093  4.623  39.194 0.2000000030
75742  -49.882  3.823  38.262 0.2000000030
74126  -46.390  1.539  35.802 0.1000000015
74940  -47.582  2.430  36.661 0.1000000015
113415  -44.091  0.172  32.287 0.1000000015
128654  -44.448  1.281  31.890 0.1000000015
73328  -43.865  1.172  31.836 0.1000000015
74148  -43.614  1.383  32.049 0.1000000015
74969  -43.505  1.909  32.349 0.1000000015
75692  -48.521  3.572  43.467 0.2000000030
74889  -47.752  3.176  43.098 0.2000000030
76456  -51.051  5.017  45.670 0.2000000030
73186  -41.440  0.320  45.489 0.2000000030
75710  -48.190  3.904  42.738 0.2000000030
73194  -41.010  0.967  45.153 0.2000000030
74030  -41.497  1.282  44.491 0.2000000030
74041  -42.192  1.517  43.797 0.2000000030
74866  -43.605  1.968  42.935 0.2000000030
74867  -44.516  1.949  42.850 0.2000000030
74886  -44.931  2.485  42.402 0.2000000030
74887  -45.937  2.479  42.564 0.2000000030
75708  -46.428  3.221  42.112 0.2000000030
75709  -47.344  3.502  42.365 0.2000000030
119197  -52.411  7.178  44.142 0.2000000030
74851  -41.287  1.987  44.153 0.2000000030
74885  -44.027  2.518  42.439 0.2000000030
75707  -45.462  3.064  41.939 0.2000000030
76491  -47.756  4.276  42.020 0.2000000030
78088  -52.230  7.563  43.379 0.2000000030
74850  -40.662  2.558  44.576 0.2000000030
125890  -41.052  2.592  43.867 0.2000000030
74864  -41.769  2.330  43.473 0.2000000030
74883  -42.157  2.878  42.729 0.2000000030
74884  -43.134  2.615  42.558 0.2000000030
75719  -45.952  3.744  41.528 0.2000000030
75720  -46.902  3.899  41.676 0.2000000030
75703  -41.398  3.626  42.715 0.2000000030
75704  -42.181  3.619  42.170 0.2000000030
75705  -43.596  3.163  42.082 0.2000000030
75717  -44.021  3.629  41.460 0.2000000030
75718  -44.971  3.644  41.434 0.2000000030
78859  -52.692  8.116  42.194 0.2000000030
76490  -42.189  4.124  41.693 0.2000000030
76503  -45.508  4.249  40.995 0.2000000030
75716  -43.013  3.769  41.690 0.2000000030
76501  -43.584  4.237  41.035 0.2000000030
75750  -49.062  3.545  37.204 0.2000000030
74933  -48.284  2.922  37.023 0.1000000015
73316  -44.676  0.735  32.427 0.1000000015
74135  -46.301  1.644  34.718 0.1000000015
74943  -46.939  2.112  35.215 0.1000000015
112980  -47.497  2.662  35.702 0.1000000015
75759  -48.801  3.822  36.359 0.1000000015
73323  -44.072  0.839  31.891 0.1000000015
75786  -43.801  2.468  31.867 0.1000000015
75770  -43.671  3.268  34.022 0.1000000015
77281  -50.831  5.717  44.116 0.2000000030
77282  -51.588  6.216  44.526 0.2000000030
76476  -48.969  4.297  43.167 0.2000000030
78087  -51.445  6.608  43.808 0.2000000030
124640  -40.852  0.728  45.916 0.2000000030
74024  -40.630  1.466  45.717 0.2000000030
76492  -49.487  5.059  42.960 0.2000000030
74003  -40.367  0.784  48.624 0.3000000119
120358  -40.405  1.398  48.992 0.3000000119
74015  -40.663  1.165  47.167 0.2000000030
73185  -40.640  1.169  46.415 0.2000000030
74029  -40.757  1.735  44.889 0.2000000030
126301  -48.668  4.748  42.393 0.2000000030
78098  -52.030  7.797  42.633 0.2000000030
115694  -40.727  1.724  47.701 0.2000000030
116746  -40.603  1.895  46.595 0.2000000030
74845  -40.486  2.432  45.551 0.2000000030
74863  -40.645  3.230  44.060 0.2000000030
75691  -41.256  3.040  43.328 0.2000000030
78858  -51.800  7.895  41.870 0.2000000030
75675  -40.415  3.390  45.007 0.2000000030
78867  -52.349  8.037  41.426 0.2000000030
76502  -44.562  4.166  40.926 0.2000000030
76504  -46.422  4.418  41.144 0.2000000030
78868  -52.889  8.053  41.837 0.2000000030
76513  -45.110  4.608  40.368 0.2000000030
76514  -46.019  4.813  40.532 0.2000000030
77330  -46.526  5.435  40.107 0.2000000030
76499  -41.672  4.735  41.446 0.2000000030
126643  -42.251  4.886  40.884 0.2000000030
76512  -44.138  4.591  40.347 0.2000000030
77329  -45.638  5.150  39.883 0.2000000030
76511  -43.068  4.786  40.446 0.2000000030
77327  -43.740  5.034  39.738 0.2000000030
77328  -44.706  4.937  39.743 0.2000000030
77343  -45.221  5.279  39.148 0.2000000030
77342  -44.271  5.254  39.132 0.2000000030
77353  -44.652  5.475  38.415 0.2000000030
77354  -45.677  5.619  38.515 0.2000000030
77341  -43.374  5.480  39.143 0.2000000030
109893  -43.839  5.546  38.634 0.3000000119
77352  -43.094  5.974  38.493 0.2000000030
74149  -45.096  1.541  32.213 0.1000000015
74950  -46.751  2.337  34.213 0.1000000015
75765  -48.011  3.534  35.171 0.1000000015
75758  -48.057  3.288  36.117 0.1000000015
74960  -45.811  2.006  32.681 0.1000000015
74944  -47.426  2.854  34.697 0.1000000015
74978  -44.227  2.149  31.573 0.1000000015
74156  -44.601  1.886  31.692 0.1000000015
76553  -42.674  4.971  35.691 0.1000000015
118359  -43.718  2.660  32.332 0.1000000015
75764  -43.643  3.420  35.079 0.1000000015
75777  -43.920  3.280  33.018 0.1000000015
74847  -49.492  3.198  45.222 0.2000000030
118227  -49.879  4.438  44.301 0.2000000030
75693  -49.227  3.956  43.850 0.2000000030
76477  -49.546  4.586  43.597 0.2000000030
113117  -51.251  6.946  43.090 0.2000000030
74820  -40.049  1.616  49.359 0.3000000119
75643  -40.152  2.393  49.538 0.3000000119
129670  -49.201  5.279  42.406 0.2000000030
74002  -39.946  0.891  49.175 0.3000000119
115023  -40.632  1.533  48.554 0.3000000119
77304  -48.944  5.540  41.817 0.2000000030
78097  -51.078  7.248  42.364 0.2000000030
74827  -40.926  2.220  48.394 0.4000000060
116748  -40.521  2.731  46.352 0.4000000060
75667  -40.385  3.209  45.828 0.3000000119
119280  -40.382  4.222  44.994 0.5000000000
76506  -48.113  5.017  41.633 0.2000000030
131135  -48.369  5.603  41.215 0.2000000030
77316  -48.944  6.143  41.073 0.2000000030
130072  -50.961  7.470  41.696 0.2000000030
120233  -40.494  4.037  44.280 0.5000000000
76475  -40.537  4.669  43.630 0.2000000030
76488  -40.808  4.420  42.798 0.2000000030
77302  -40.514  5.357  42.930 0.3000000119
76489  -41.479  4.222  42.125 0.2000000030
77303  -40.869  4.967  42.090 0.3000000119
116559  -41.126  6.114  40.886 0.3000000119
77314  -41.631  5.362  40.894 0.2000000030
124438  -41.445  6.497  40.317 0.3000000119
116471  -42.207  5.728  39.857 0.3000000119
109030  -42.835  5.336  39.761 0.2000000030
75766  -48.686  4.083  35.533 0.1000000015
74970  -45.279  2.324  31.860 0.1000000015
74961  -46.537  2.520  33.188 0.1000000015
74977  -43.780  2.013  31.719 0.1000000015
74979  -44.770  2.513  31.555 0.1000000015
74971  -46.059  2.827  32.296 0.1000000015
75778  -46.905  3.317  32.758 0.1000000015
76567  -44.376  4.179  32.949 0.1000000015
126847  -44.062  2.562  31.630 0.1000000015
75796  -44.611  3.001  31.502 0.1000000015
75797  -45.412  3.197  31.608 0.1000000015
76561  -44.258  4.966  33.846 0.1000000015
114859  -44.649  4.277  32.126 0.1000000015
114285  -44.689  3.716  31.656 0.1000000015
77397  -44.663  5.123  33.101 0.1000000015
77403  -45.073  5.251  32.545 0.1000000015
74842  -50.160  3.113  46.608 0.2000000030
75663  -50.519  3.856  46.439 0.2000000030
75662  -50.029  3.488  45.845 0.2000000030
75669  -50.467  4.235  45.726 0.2000000030
75668  -49.956  3.951  45.089 0.2000000030
76463  -50.440  5.061  44.377 0.2000000030
76455  -50.470  4.660  44.980 0.2000000030
77280  -50.114  5.202  43.700 0.2000000030
77293  -50.645  6.049  43.447 0.2000000030
126940  -50.062  5.672  43.069 0.2000000030
77306  -50.461  6.391  42.752 0.2000000030
75644  -41.064  2.835  49.347 0.4000000060
74822  -41.440  2.790  48.920 0.4000000060
77305  -49.686  5.854  42.407 0.2000000030
75650  -41.312  2.945  48.266 0.4000000060
75656  -41.056  3.303  47.416 0.5000000000
78096  -50.317  6.736  42.009 0.2000000030
78107  -50.340  7.187  41.152 0.2000000030
74834  -40.826  2.563  47.333 0.4000000060
75661  -40.634  3.469  46.546 0.4000000060
76445  -40.631  4.383  46.276 0.5000000000
76454  -40.492  4.833  45.447 0.5000000000
77317  -49.599  6.355  41.578 0.2000000030
78106  -49.566  6.685  40.900 0.2000000030
77292  -40.497  5.568  43.870 0.5000000000
77279  -40.567  5.572  44.807 0.5000000000
120172  -40.493  6.221  42.861 0.5000000000
78894  -50.942  7.708  38.377 0.2000000030
78147  -47.094  6.268  38.106 0.2000000030
75788  -46.419  3.657  31.987 0.1000000015
76584  -45.248  3.815  31.548 0.1000000015
76585  -45.890  4.839  31.672 0.1000000015
76574  -45.130  4.449  31.815 0.1000000015
77241  -43.111  5.310  49.704 0.6999999881
76425  -43.156  4.732  49.203 0.6999999881
130326  -43.497  4.983  48.893 0.6999999881
76431  -42.689  4.134  48.898 0.6000000238
76440  -42.328  4.279  48.102 0.6000000238
77249  -42.743  5.144  47.761 0.6000000238
78044  -43.115  5.900  47.429 0.6999999881
75645  -41.810  3.369  49.247 0.6000000238
75651  -42.060  3.500  48.756 0.6000000238
77248  -41.883  4.973  47.199 0.6000000238
126725  -41.939  6.183  46.303 0.6000000238
78866  -51.435  7.887  41.026 0.2000000030
76439  -41.587  3.679  47.860 0.5000000000
121954  -41.578  4.335  47.379 0.6000000238
76446  -41.152  4.745  46.727 0.5000000000
77269  -40.791  5.626  45.580 0.6000000238
78064  -41.361  6.350  45.610 0.6000000238
78077  -41.083  6.769  44.770 0.6000000238
78063  -40.796  6.151  45.032 0.6000000238
78076  -40.663  6.276  44.337 0.5000000000
78126  -49.476  7.229  39.548 0.2000000030
78086  -40.552  6.349  43.562 0.5000000000
78847  -40.602  6.994  43.038 0.5000000000
77384  -42.346  5.870  35.288 0.1000000015
78180  -42.447  6.657  34.607 0.2000000030
77391  -43.019  6.025  34.742 0.2000000030
78192  -43.659  6.919  33.458 0.2000000030
77404  -45.504  5.433  32.094 0.1000000015
78193  -44.535  6.144  33.068 0.2000000030
79660  -40.484  8.578  35.063 0.1000000015
78191  -42.933  7.069  34.024 0.2000000030
78201  -44.267  7.131  32.771 0.2000000030
80426  -39.495  9.485  37.567 0.1000000015
79647  -39.491  8.390  36.387 0.1000000015
120579  -39.737  10.097  37.177 0.1000000015
79648  -39.941  8.990  36.018 0.2000000030
80441  -40.305  9.109  35.457 0.1000000015
115283  -40.553  9.705  35.326 0.2000000030
81218  -39.561  10.383  37.944 0.1000000015
81230  -40.189  10.349  36.476 0.1000000015
115179  -40.550  10.292  35.613 0.2000000030
81238  -40.945  10.165  34.820 0.2000000030
83478  -35.504  14.179  40.899 0.1000000015
83488  -35.891  14.650  40.306 0.1000000015
83479  -36.515  13.739  40.792 0.1000000015
121168  -39.352  10.926  38.502 0.1000000015
82008  -39.690  11.358  38.021 0.1000000015
81222  -39.990  10.830  37.299 0.1000000015
81223  -40.426  11.360  36.621 0.1000000015
80434  -40.235  9.632  35.933 0.1000000015
128025  -40.564  10.908  35.927 0.1000000015
82021  -40.853  11.576  35.790 0.2000000030
113351  -40.895  10.945  35.275 0.2000000030
117768  -34.863  14.052  41.307 0.1000000015
84231  -34.977  14.741  40.998 0.1000000015
82760  -40.366  12.158  37.114 0.1000000015
82771  -41.208  12.392  35.603 0.2000000030
82022  -41.294  11.676  35.113 0.2000000030
82772  -41.613  12.494  34.946 0.4000000060
127195  -34.865  15.394  41.842 0.2000000030
84226  -34.407  14.798  41.506 0.2000000030
84964  -34.934  15.266  41.173 0.2000000030
84948  -35.457  15.523  41.599 0.2000000030
84973  -35.304  15.310  40.548 0.2000000030
83487  -35.421  15.115  40.340 0.2000000030
84974  -35.695  15.751  40.056 0.1000000015
84239  -35.899  15.404  39.888 0.2000000030
84249  -36.114  15.925  39.719 0.2000000030
83512  -40.076  13.409  37.551 0.2000000030
83513  -40.500  13.082  36.913 0.3000000119
83518  -40.975  13.156  36.072 0.2000000030
83523  -41.443  13.380  35.319 0.3000000119
83410  -40.848  13.844  48.008 0.6000000238
84166  -40.371  14.087  47.214 0.6000000238
116802  -35.331  15.422  42.518 0.2000000030
115659  -36.143  15.522  42.382 0.2000000030
84965  -35.559  15.611  40.754 0.2000000030
121777  -36.148  15.761  41.426 0.2000000030
84966  -36.130  16.052  40.516 0.2000000030
84975  -36.382  16.233  39.876 0.3000000119
84981  -36.601  16.143  39.613 0.3000000119
123149  -41.044  13.991  35.799 0.5000000000
117510  -41.740  13.916  34.776 0.5000000000
84153  -41.082  14.017  48.992 0.5000000000
83393  -41.757  13.906  49.249 0.4000000060
84191  -37.584  14.665  45.921 0.4000000060
84152  -40.309  14.296  48.717 0.6000000238
84931  -36.038  15.332  43.473 0.2000000030
84915  -36.958  15.342  44.112 0.4000000060
126734  -36.802  15.685  42.218 0.2000000030
84932  -36.934  15.468  43.068 0.3000000119
112983  -37.038  15.987  41.464 0.3000000119
84277  -41.386  14.595  35.261 0.5000000000
84124  -43.604  14.398  50.582 0.3000000119
83394  -43.555  13.650  49.559 0.5000000000
83381  -43.164  13.966  50.080 0.3000000119
84863  -43.297  15.136  50.752 0.2000000030
111926  -42.885  13.744  49.512 0.3000000119
84123  -42.801  14.569  50.336 0.2000000030
85606  -43.969  16.917  51.079 0.2000000030
83412  -42.345  13.660  49.074 0.3000000119
83380  -42.328  14.131  49.761 0.2000000030
84862  -42.550  15.359  50.472 0.2000000030
85619  -43.282  16.607  50.741 0.2000000030
84122  -41.979  14.808  50.133 0.2000000030
85618  -42.470  16.367  50.442 0.2000000030
84138  -41.508  14.420  49.561 0.4000000060
84879  -41.207  15.070  49.789 0.4000000060
84861  -41.765  15.652  50.183 0.2000000030
77334  -52.796  6.779  40.765 0.2000000030
78875  -51.399  7.857  40.090 0.2000000030
78128  -52.481  7.333  39.735 0.2000000030
77344  -46.251  5.659  39.278 0.2000000030
78115  -49.086  6.672  40.369 0.2000000030
78135  -47.117  6.218  38.916 0.2000000030
77355  -46.462  5.944  38.558 0.2000000030
78876  -52.088  8.005  40.597 0.2000000030
78883  -50.288  7.662  38.936 0.2000000030
78885  -51.906  7.776  39.684 0.2000000030
78116  -50.734  7.612  40.469 0.2000000030
78136  -48.023  6.764  38.426 0.2000000030
77385  -43.187  5.324  35.062 0.1000000015
76554  -43.385  4.355  35.369 0.1000000015
77396  -44.130  5.908  33.737 0.2000000030
130928  -43.729  3.994  34.640 0.1000000015
84904  -37.092  14.916  45.087 0.4000000060
113418  -37.654  15.233  44.496 0.4000000060
75798  -46.081  4.116  31.649 0.1000000015
74951  -47.230  3.127  33.710 0.1000000015
77347  -52.644  6.748  40.081 0.2000000030
75743  -50.494  4.177  38.708 0.2000000030
80448  -40.717  9.292  34.861 0.2000000030
78884  -51.161  7.774  39.213 0.2000000030
78124  -47.862  6.489  39.301 0.2000000030
77238  -42.900  5.865  50.084 0.6000000238
77242  -43.638  5.460  49.148 0.6999999881
77312  -40.639  5.920  42.080 0.5000000000
126311  -40.819  6.005  41.465 0.4000000060
75721  -50.833  3.446  41.285 0.2000000030
78850  -53.538  7.890  43.228 0.2000000030
74144  -45.522  1.209  33.017 0.1000000015
74939  -47.033  1.942  36.209 0.1000000015
78877  -52.515  7.928  41.061 0.2000000030
74145  -46.120  1.798  33.640 0.1000000015
126703  -42.189  0.933  44.305 0.2000000030
74042  -43.213  1.424  43.474 0.2000000030
74865  -42.679  2.113  43.154 0.2000000030
75706  -44.509  3.051  41.914 0.2000000030
128518  -42.840  3.245  42.274 0.2000000030
76500  -42.652  4.431  41.215 0.2000000030
75787  -44.130  3.272  31.899 0.1000000015
76566  -43.978  4.057  33.863 0.1000000015
74821  -40.756  2.077  49.062 0.3000000119
74009  -40.661  1.025  48.011 0.2000000030
75690  -40.760  3.825  43.449 0.2000000030
77345  -47.134  5.960  39.667 0.2000000030
76560  -43.721  4.739  34.570 0.1000000015
118474  -40.394  3.941  45.692 0.4000000060
76462  -40.452  4.834  44.512 0.5000000000
77313  -41.055  5.481  41.470 0.3000000119
77325  -41.704  5.867  40.308 0.3000000119
77326  -42.262  5.286  40.380 0.2000000030
76438  -40.997  4.019  47.058 0.5000000000
77256  -40.749  5.084  46.123 0.5000000000
114226  -49.939  7.199  40.362 0.2000000030
76424  -42.612  4.256  49.336 0.6000000238
77244  -43.091  4.733  48.628 0.6999999881
77258  -42.279  5.694  46.924 0.6000000238
77257  -41.380  5.548  46.353 0.6000000238
78874  -50.522  7.598  39.742 0.2000000030
78181  -43.348  6.417  34.208 0.1000000015
80433  -39.763  9.372  36.686 0.1000000015
78913  -39.620  7.695  35.803 0.2000000030
82731  -36.270  13.171  41.492 0.1000000015
82767  -40.755  12.259  36.350 0.2000000030
86311  -42.230  17.314  50.183 0.3000000119
78117  -52.671  7.451  40.536 0.2000000030
77392  -43.650  5.596  34.387 0.1000000015
73168  -40.396  -0.058  48.429 0.2000000030
73159  -39.935  0.121  48.980 0.2000000030
70580  -37.464  -2.698  51.469 0.2000000030
70588  -37.918  -2.170  50.840 0.2000000030
71428  -38.954  -1.754  50.031 0.2000000030
127499  -39.054  -1.034  49.752 0.2000000030
72319  -39.480  -0.523  49.382 0.2000000030
71401  -34.032  -2.125  52.901 0.2000000030
70566  -34.744  -2.436  52.804 0.2000000030
70567  -35.440  -2.409  52.426 0.2000000030
71410  -34.687  -1.711  52.281 0.2000000030
70578  -36.017  -2.217  51.952 0.2000000030
70579  -36.674  -2.441  51.746 0.2000000030
126400  -34.992  -0.991  51.725 0.2000000030
71417  -35.511  -1.685  51.829 0.2000000030
71419  -37.085  -1.816  51.202 0.2000000030
71426  -37.579  -1.479  50.781 0.2000000030
116414  -38.030  -1.493  50.553 0.2000000030
72311  -36.563  -0.318  51.041 0.2000000030
72312  -37.368  -0.203  50.603 0.2000000030
112310  -37.781  -0.902  50.532 0.2000000030
71427  -38.458  -1.073  50.199 0.2000000030
72318  -38.828  -0.337  49.790 0.2000000030
73149  -37.805  0.676  50.389 0.2000000030
73157  -38.629  0.494  49.888 0.2000000030
73158  -39.353  0.297  49.458 0.2000000030
70529  -32.178  -3.024  54.832 0.1000000015
124615  -31.893  -2.462  54.525 0.1000000015
71392  -32.029  -1.956  54.127 0.1000000015
70551  -32.688  -2.201  53.761 0.1000000015
71400  -33.128  -1.585  53.118 0.1000000015
71409  -33.890  -1.256  52.525 0.2000000030
130761  -34.414  -0.951  52.122 0.2000000030
72305  -34.620  -0.334  51.906 0.2000000030
72307  -35.882  -0.876  51.490 0.2000000030
122871  -35.901  -0.084  51.338 0.2000000030
73148  -36.937  0.500  50.753 0.2000000030
73992  -37.238  1.176  50.658 0.3000000119
73993  -37.821  1.654  50.462 0.4000000060
73994  -38.534  1.366  50.039 0.2000000030
74819  -39.270  1.952  49.735 0.3000000119
75646  -42.337  3.781  49.188 0.5000000000
72179  -34.560  0.144  66.466 0.1000000015
68933  -29.711  -4.148  58.919 0.1000000015
69680  -29.564  -3.508  59.474 0.1000000015
69709  -29.512  -3.520  56.879 0.1000000015
69710  -30.377  -3.625  56.431 0.1000000015
70528  -31.491  -2.647  54.926 0.1000000015
70527  -30.758  -2.044  54.962 0.1000000015
70538  -31.419  -1.901  54.517 0.1000000015
71391  -31.588  -1.119  54.108 0.1000000015
72290  -32.034  -0.659  53.712 0.2000000030
72291  -32.585  -0.660  53.264 0.2000000030
72297  -33.275  -0.607  52.708 0.2000000030
72298  -34.020  -0.441  52.371 0.2000000030
72306  -35.284  -0.229  51.568 0.2000000030
73143  -36.252  0.495  51.186 0.3000000119
115443  -36.518  1.980  51.363 0.3000000119
73142  -35.578  0.468  51.505 0.3000000119
73985  -36.644  1.204  51.023 0.3000000119
75634  -38.565  3.110  50.506 0.3000000119
74811  -38.528  2.250  50.225 0.4000000060
74812  -39.290  2.813  49.948 0.4000000060
116630  -39.339  3.646  50.333 0.4000000060
75636  -41.126  3.635  49.720 0.5000000000
76423  -42.020  4.047  49.666 0.5000000000
73034  -35.230  0.339  66.755 0.1000000015
73023  -35.141  0.411  67.656 0.1000000015
110345  -36.247  0.526  68.978 0.1000000015
73000  -36.587  0.488  69.541 0.1000000015
72183  -34.250  -0.616  65.063 0.1000000015
72180  -35.374  0.015  65.775 0.1000000015
73024  -35.900  0.410  67.211 0.1000000015
71300  -31.904  -1.960  62.902 0.1000000015
71302  -33.359  -1.184  63.809 0.1000000015
71309  -31.829  -1.833  62.091 0.1000000015
71317  -30.748  -1.948  61.235 0.1000000015
71318  -31.545  -1.545  61.439 0.1000000015
128481  -29.808  -2.758  60.547 0.1000000015
71328  -30.326  -1.644  60.722 0.1000000015
69699  -29.270  -3.651  57.634 0.1000000015
70483  -29.237  -2.969  59.153 0.1000000015
70473  -29.509  -2.701  59.974 0.1000000015
69688  -28.892  -3.104  58.222 0.1000000015
70494  -28.621  -2.416  57.909 0.1000000015
71369  -28.949  -2.195  56.425 0.1000000015
110997  -29.928  -2.150  55.648 0.1000000015
71390  -30.855  -1.212  54.610 0.1000000015
72289  -31.628  -0.337  53.993 0.1000000015
73129  -32.857  0.138  53.010 0.2000000030
73135  -33.565  0.183  52.600 0.2000000030
73975  -33.885  0.935  52.611 0.2000000030
73983  -35.252  0.967  51.767 0.3000000119
73984  -35.900  1.270  51.489 0.3000000119
73968  -34.243  1.698  52.744 0.2000000030
73976  -34.677  1.100  52.233 0.3000000119
73977  -35.294  1.635  52.006 0.3000000119
74802  -35.884  2.163  51.809 0.3000000119
74803  -36.447  2.617  51.702 0.3000000119
74810  -37.828  2.531  50.732 0.4000000060
75627  -37.943  3.479  51.192 0.4000000060
74804  -37.125  2.773  51.339 0.4000000060
115063  -40.188  4.137  50.217 0.5000000000
76419  -41.096  4.467  50.128 0.5000000000
75628  -38.668  3.903  50.798 0.4000000060
76418  -39.256  4.609  50.789 0.5000000000
77235  -40.265  4.986  50.563 0.5000000000
76420  -41.837  4.856  50.156 0.5000000000
77240  -42.585  4.721  49.731 0.5000000000
121800  -41.050  5.159  50.399 0.5000000000
77236  -41.547  5.657  50.452 0.5000000000
77237  -42.415  5.388  50.148 0.6000000238
111979  -36.624  0.501  67.593 0.1000000015
73016  -37.393  0.594  68.029 0.1000000015
109481  -38.026  0.662  69.217 0.1000000015
71295  -33.778  -0.822  64.628 0.1000000015
112730  -34.485  -0.646  64.482 0.1000000015
72184  -35.110  -0.537  64.875 0.1000000015
73036  -36.714  0.271  66.513 0.1000000015
71311  -33.340  -1.272  62.724 0.1000000015
72191  -35.058  -0.611  63.963 0.1000000015
72185  -36.133  -0.496  64.931 0.1000000015
71319  -32.363  -1.248  61.644 0.1000000015
71310  -32.571  -1.509  62.394 0.1000000015
72197  -34.135  -1.012  62.969 0.1000000015
70464  -29.763  -2.125  60.488 0.1000000015
71329  -31.143  -1.219  60.832 0.1000000015
72218  -31.969  -0.850  61.035 0.1000000015
70472  -29.169  -2.258  59.418 0.1000000015
116345  -29.445  -1.968  60.030 0.1000000015
71327  -29.727  -1.301  60.245 0.1000000015
128344  -28.873  -2.542  58.725 0.1000000015
72223  -29.843  -0.457  60.140 0.1000000015
71347  -28.465  -1.681  57.629 0.1000000015
71337  -28.679  -1.735  58.710 0.1000000015
71357  -28.552  -2.271  57.108 0.1000000015
71368  -29.265  -1.396  55.789 0.1000000015
72252  -28.349  -0.959  57.072 0.1000000015
72281  -30.297  -0.494  54.808 0.1000000015
72282  -31.075  -0.431  54.406 0.1000000015
73120  -31.435  0.394  54.249 0.1000000015
73121  -31.995  0.888  53.904 0.2000000030
73966  -32.659  0.966  53.438 0.2000000030
74795  -34.684  2.273  52.857 0.2000000030
113290  -34.841  1.838  52.448 0.2000000030
74796  -35.360  2.420  52.509 0.3000000119
75618  -35.792  3.184  52.985 0.3000000119
74797  -36.114  2.863  52.253 0.3000000119
131547  -37.299  3.536  51.669 0.4000000060
76412  -37.674  4.175  51.775 0.5000000000
76413  -38.373  4.404  51.325 0.5000000000
77232  -39.591  5.613  51.188 0.5000000000
72198  -34.921  -0.723  63.151 0.1000000015
72192  -35.936  -0.677  64.187 0.1000000015
71320  -33.141  -0.999  61.904 0.1000000015
72208  -33.918  -0.784  62.169 0.1000000015
72199  -35.719  -0.592  63.381 0.1000000015
117380  -32.777  -0.572  61.260 0.1000000015
72209  -34.680  -0.569  62.422 0.1000000015
72211  -36.102  -0.322  62.912 0.1000000015
72226  -32.307  -0.122  60.735 0.1000000015
72220  -33.592  -0.353  61.469 0.1000000015
72221  -34.382  -0.194  61.744 0.1000000015
73063  -35.132  -0.048  62.033 0.1000000015
72224  -30.510  -0.822  60.448 0.1000000015
72225  -31.396  -0.323  60.544 0.1000000015
72219  -33.092  0.173  60.934 0.1000000015
73072  -33.954  0.491  61.266 0.1000000015
73079  -31.823  0.328  60.558 0.1000000015
73071  -32.413  0.650  60.702 0.1000000015
128148  -28.820  -0.041  59.325 0.1000000015
72233  -29.283  -0.605  59.685 0.1000000015
73077  -30.408  0.164  60.250 0.1000000015
73916  -31.586  1.062  60.575 0.1000000015
123242  -28.485  0.011  58.633 0.1000000015
73081  -28.674  0.637  59.215 0.1000000015
121853  -29.784  1.054  60.163 0.1000000015
72251  -28.314  0.072  57.634 0.1000000015
72263  -28.702  -0.661  56.134 0.1000000015
118034  -28.431  -0.156  56.794 0.1000000015
71380  -29.433  -0.460  55.380 0.1000000015
72274  -28.815  -0.016  55.779 0.1000000015
73113  -29.887  0.202  55.064 0.1000000015
118596  -29.694  0.915  55.316 0.1000000015
73119  -30.622  0.227  54.648 0.1000000015
73955  -30.875  0.983  54.640 0.2000000030
73956  -31.624  1.366  54.425 0.2000000030
73957  -32.341  1.565  54.086 0.2000000030
117271  -33.777  2.635  54.365 0.2000000030
74779  -34.588  2.952  54.285 0.3000000119
75601  -34.924  3.571  54.918 0.3000000119
73958  -32.913  1.746  53.738 0.2000000030
73967  -33.475  1.534  53.213 0.2000000030
74787  -34.148  2.327  53.489 0.2000000030
131479  -35.218  3.290  54.268 0.3000000119
75603  -36.155  3.919  54.357 0.5000000000
112942  -37.178  4.706  53.373 0.5000000000
77225  -37.613  5.211  53.884 0.5000000000
75611  -36.245  3.754  53.428 0.3000000119
76408  -36.792  4.167  52.947 0.5000000000
77228  -37.764  5.154  52.813 0.6000000238
77229  -38.371  5.524  52.271 0.5000000000
75619  -36.446  3.539  52.602 0.4000000060
75620  -37.070  3.913  52.207 0.4000000060
76409  -37.421  4.529  52.474 0.5000000000
76410  -38.008  4.885  51.957 0.5000000000
76414  -38.725  5.172  51.507 0.5000000000
77230  -38.929  5.804  51.823 0.5000000000
77233  -40.597  5.775  50.749 0.5000000000
78034  -40.159  6.464  51.327 0.5000000000
73064  -35.874  0.090  62.358 0.1000000015
73912  -34.575  1.102  61.574 0.1000000015
73074  -35.373  0.717  61.914 0.1000000015
113323  -33.131  1.049  60.964 0.1000000015
73911  -33.788  1.494  61.387 0.1000000015
128966  -35.668  1.438  62.238 0.1000000015
74734  -34.322  1.950  61.823 0.1000000015
73902  -35.011  1.627  62.051 0.1000000015
74723  -35.389  2.286  62.575 0.1000000015
120271  -30.687  1.019  60.391 0.1000000015
74738  -31.497  1.909  60.918 0.1000000015
74732  -32.911  2.062  61.382 0.1000000015
74733  -33.659  2.289  61.718 0.1000000015
122735  -29.018  1.213  59.683 0.1000000015
73093  -28.337  0.996  57.515 0.1000000015
73087  -28.392  0.809  58.396 0.1000000015
73937  -28.729  1.869  56.447 0.2000000030
73105  -28.524  1.147  56.623 0.1000000015
73938  -29.167  1.980  55.921 0.2000000030
73944  -28.956  1.219  55.800 0.1000000015
73946  -30.347  1.386  55.102 0.2000000030
73947  -31.070  1.747  54.864 0.2000000030
74777  -32.085  2.072  54.656 0.2000000030
74767  -32.523  2.714  55.163 0.2000000030
74769  -34.203  3.231  55.035 0.2000000030
75602  -35.607  3.728  54.742 0.3000000119
76405  -37.057  4.634  54.460 0.5000000000
77221  -37.586  4.924  55.173 0.5000000000
78025  -38.694  6.053  54.869 0.5000000000
78787  -39.596  7.147  54.645 0.6000000238
113302  -40.160  7.422  54.961 0.5000000000
77222  -38.162  5.592  54.465 0.5000000000
78029  -39.118  6.716  54.249 0.6000000238
78788  -40.034  7.749  54.150 0.6000000238
77226  -38.198  5.707  53.259 0.5000000000
117967  -39.133  6.797  53.241 0.6000000238
78791  -40.049  7.819  53.218 0.6000000238
78031  -38.796  6.214  52.617 0.5000000000
78797  -39.809  7.029  51.974 0.5000000000
78795  -40.955  7.990  51.980 0.5000000000
78798  -40.595  7.250  51.583 0.5000000000
78035  -41.209  6.588  50.873 0.5000000000
74722  -34.699  2.324  62.284 0.1000000015
73915  -30.177  1.750  60.434 0.1000000015
75559  -33.122  3.051  61.956 0.1000000015
73919  -28.762  2.026  59.445 0.1000000015
74736  -29.771  2.527  60.371 0.1000000015
75556  -30.813  3.339  61.218 0.1000000015
73926  -28.408  1.862  57.361 0.1000000015
114674  -28.403  2.171  58.767 0.1000000015
74755  -28.642  2.443  56.912 0.2000000030
73945  -29.689  1.710  55.532 0.2000000030
74765  -30.521  2.286  55.416 0.2000000030
74766  -31.571  2.445  55.200 0.2000000030
76400  -36.173  4.073  55.461 0.4000000060
76401  -36.971  4.282  55.750 0.4000000060
74756  -29.081  2.549  56.338 0.2000000030
79545  -41.230  7.920  55.318 0.5000000000
116350  -42.207  6.193  50.412 0.5000000000
78799  -41.448  7.541  51.264 0.5000000000
79553  -40.529  8.288  53.679 0.6000000238
79555  -40.654  8.252  52.795 0.6000000238
74001  -39.281  1.119  49.580 0.2000000030
70581  -38.232  -2.995  51.153 0.2000000030
71418  -36.285  -1.714  51.568 0.2000000030
70554  -35.262  -2.870  53.228 0.2000000030
121341  -36.595  -1.133  51.252 0.2000000030
71425  -37.149  -0.972  50.882 0.2000000030
72313  -38.148  -0.217  50.255 0.2000000030
69726  -31.831  -3.361  55.395 0.1000000015
71399  -32.318  -1.365  53.655 0.1000000015
73136  -34.291  0.300  52.271 0.2000000030
73986  -37.164  1.888  50.886 0.3000000119
75635  -40.173  3.262  49.801 0.4000000060
127185  -34.125  0.084  67.093 0.1000000015
110539  -34.392  -0.271  65.675 0.1000000015
70511  -29.698  -2.948  56.290 0.1000000015
70495  -28.804  -3.013  57.099 0.1000000015
111195  -30.815  -2.984  55.562 0.1000000015
73128  -32.143  0.115  53.621 0.2000000030
73141  -34.910  0.386  51.796 0.2000000030
73035  -35.906  0.272  66.360 0.1000000015
73015  -36.619  0.572  68.373 0.1000000015
109482  -37.088  0.579  68.944 0.1000000015
73001  -37.226  0.577  69.786 0.1000000015
71301  -32.587  -1.602  63.309 0.1000000015
70458  -31.064  -2.263  61.841 0.1000000015
72264  -28.715  -1.434  56.443 0.1000000015
71381  -30.084  -1.280  55.108 0.1000000015
120180  -33.252  0.742  52.923 0.2000000030
75626  -36.707  3.256  51.905 0.4000000060
73025  -37.413  0.361  67.070 0.1000000015
72190  -34.274  -0.768  63.819 0.1000000015
73044  -36.396  -0.061  65.665 0.1000000015
71338  -29.168  -1.439  59.557 0.1000000015
72242  -28.380  -0.861  58.149 0.1000000015
74786  -33.402  2.147  53.791 0.2000000030
115016  -35.075  2.848  53.466 0.3000000119
72210  -35.447  -0.414  62.657 0.1000000015
73073  -34.709  0.386  61.652 0.1000000015
73078  -31.207  0.443  60.434 0.1000000015
73076  -29.372  0.302  59.827 0.1000000015
73910  -32.289  1.477  60.925 0.1000000015
73918  -28.514  1.405  59.016 0.1000000015
127073  -28.568  0.063  56.236 0.1000000015
73112  -29.184  0.377  55.541 0.1000000015
72273  -28.640  0.534  56.023 0.1000000015
120230  -30.266  0.731  54.916 0.1000000015
126504  -31.585  1.921  54.753 0.2000000030
74778  -32.891  2.301  54.390 0.2000000030
74768  -33.406  2.941  55.098 0.2000000030
75594  -34.630  3.786  55.682 0.2000000030
75610  -35.708  3.431  53.886 0.3000000119
76404  -36.626  4.289  53.854 0.5000000000
116031  -36.578  4.243  54.769 0.4000000060
78033  -39.381  6.350  51.834 0.5000000000
73903  -36.184  0.819  62.342 0.1000000015
74724  -36.202  1.750  62.665 0.1000000015
74721  -34.056  2.813  62.252 0.1000000015
74713  -36.014  2.660  63.134 0.1000000015
125642  -30.915  1.624  60.644 0.1000000015
73914  -29.398  1.868  60.022 0.1000000015
73922  -28.324  1.584  58.220 0.1000000015
75595  -35.407  3.956  55.629 0.3000000119
78028  -38.658  6.221  53.773 0.6000000238
78790  -39.538  7.318  53.696 0.6000000238
131641  -39.323  6.753  52.452 0.5000000000
78793  -39.623  7.288  52.786 0.5000000000
78794  -40.247  7.642  52.353 0.5000000000
75548  -34.726  2.941  62.711 0.1000000015
74737  -30.649  2.435  60.835 0.1000000015
71435  -46.998  -2.078  48.855 0.1000000015
70602  -46.400  -2.448  49.373 0.1000000015
69780  -45.154  -3.152  49.633 0.1000000015
115559  -45.682  -2.787  49.051 0.1000000015
70610  -46.211  -2.344  48.390 0.1000000015
70599  -43.200  -3.626  49.045 0.1000000015
70600  -44.058  -3.368  48.645 0.1000000015
69785  -44.925  -3.143  48.831 0.1000000015
70619  -45.638  -2.268  47.559 0.1000000015
71450  -46.293  -1.845  47.606 0.1000000015
71443  -47.299  -1.485  48.362 0.1000000015
69784  -42.120  -3.660  49.167 0.1000000015
70607  -43.436  -3.264  48.054 0.1000000015
70608  -44.429  -3.083  48.014 0.1000000015
70609  -45.334  -2.723  48.195 0.1000000015
70618  -44.800  -2.563  47.386 0.1000000015
70628  -45.756  -1.805  47.049 0.1000000015
71460  -46.333  -1.310  46.859 0.1000000015
69765  -40.418  -3.545  50.218 0.1000000015
69775  -40.719  -3.158  49.430 0.1000000015
69776  -41.458  -3.572  49.438 0.1000000015
70606  -42.410  -3.179  48.321 0.1000000015
70616  -42.753  -2.706  47.473 0.1000000015
70626  -44.196  -2.228  46.717 0.1000000015
70627  -45.109  -2.106  46.824 0.1000000015
71459  -45.460  -1.597  46.406 0.1000000015
71467  -45.918  -1.051  45.974 0.1000000015
69774  -39.994  -3.052  49.798 0.1000000015
70596  -40.137  -2.350  49.367 0.1000000015
70598  -41.431  -2.974  48.687 0.1000000015
70597  -40.733  -2.300  48.793 0.1000000015
70615  -41.874  -2.456  47.812 0.1000000015
71449  -42.200  -2.095  46.988 0.1000000015
70625  -43.150  -2.203  46.772 0.1000000015
71458  -44.585  -1.756  46.222 0.1000000015
71466  -45.009  -1.312  45.704 0.1000000015
72351  -46.269  -0.370  45.569 0.1000000015
71434  -40.334  -1.548  48.873 0.1000000015
71442  -41.267  -2.049  48.169 0.1000000015
71447  -41.157  -1.261  47.827 0.1000000015
71448  -41.610  -1.788  47.403 0.1000000015
71456  -42.636  -1.604  46.422 0.1000000015
71457  -43.613  -1.702  46.261 0.1000000015
72349  -44.462  -0.774  45.223 0.1000000015
72350  -45.394  -0.650  45.330 0.1000000015
73188  -45.781  -0.020  44.923 0.1000000015
72320  -40.079  -0.721  48.903 0.1000000015
72328  -40.657  -0.855  48.292 0.1000000015
127626  -40.948  -0.733  47.826 0.1000000015
72334  -41.441  -1.231  47.158 0.1000000015
72333  -41.121  -0.714  47.383 0.1000000015
72342  -42.149  -1.101  46.040 0.1000000015
72347  -42.596  -0.644  45.444 0.1000000015
72348  -43.525  -0.752  45.283 0.1000000015
72355  -44.875  -0.241  44.733 0.1000000015
73199  -46.142  0.597  44.530 0.1000000015
72340  -40.938  -0.098  47.023 0.1000000015
72346  -41.770  -0.421  45.752 0.1000000015
72354  -43.949  -0.291  44.716 0.1000000015
73197  -44.355  0.285  44.275 0.1000000015
73198  -45.278  0.373  44.331 0.1000000015
74032  -45.730  0.948  43.866 0.1000000015
119881  -40.599  0.428  48.098 0.1000000015
117094  -40.706  0.491  47.473 0.1000000015
73178  -40.769  0.572  46.716 0.1000000015
115020  -41.775  0.624  44.809 0.1000000015
73195  -42.577  0.399  44.532 0.1000000015
73196  -43.442  0.304  44.346 0.1000000015
73203  -43.806  0.792  43.799 0.1000000015
74043  -44.173  1.398  43.345 0.1000000015
74044  -45.206  1.502  43.316 0.1000000015
74868  -45.305  2.051  42.824 0.1000000015
71429  -47.175  -2.021  49.853 0.1000000015
69768  -44.595  -3.352  50.269 0.1000000015
70601  -45.748  -2.750  49.873 0.1000000015
71436  -47.591  -1.510  49.115 0.1000000015
69777  -42.657  -3.855  49.779 0.1000000015
69778  -43.536  -3.669  50.216 0.1000000015
72322  -48.241  -0.879  49.166 0.1000000015
72321  -47.808  -1.061  48.567 0.1000000015
69766  -41.198  -3.842  50.037 0.1000000015
110180  -41.953  -3.979  49.905 0.1000000015
72329  -47.559  -0.899  47.919 0.1000000015
72343  -46.747  -0.603  46.328 0.1000000015
73180  -47.051  0.043  45.855 0.1000000015
112291  -39.629  -1.492  49.445 0.1000000015
73190  -47.287  0.699  45.491 0.1000000015
74033  -46.550  1.228  44.176 0.1000000015
74045  -46.174  1.558  43.535 0.1000000015
74869  -46.541  2.170  43.199 0.1000000015
71421  -46.791  -1.855  50.962 0.1000000015
72314  -48.066  -0.956  50.615 0.1000000015
110604  -48.374  -0.773  49.942 0.1000000015
69769  -45.261  -3.058  50.254 0.1000000015
70593  -46.328  -2.407  50.283 0.1000000015
73160  -48.796  -0.220  49.501 0.1000000015
131141  -41.614  -3.864  51.281 0.1000000015
69758  -42.359  -3.779  51.280 0.1000000015
69759  -43.248  -3.597  51.171 0.1000000015
69760  -44.169  -3.352  51.021 0.1000000015
129586  -48.559  -0.376  48.900 0.1000000015
72330  -48.211  -0.458  48.348 0.1000000015
69756  -40.229  -3.687  51.072 0.1000000015
69757  -41.018  -3.922  50.793 0.1000000015
115047  -41.787  -4.045  50.631 0.1000000015
69767  -42.588  -3.906  50.514 0.1000000015
69764  -39.566  -3.215  50.490 0.1000000015
72344  -47.547  -0.029  46.666 0.1000000015
70590  -39.477  -2.456  49.906 0.1000000015
73181  -47.620  0.499  46.081 0.1000000015
125923  -47.505  1.281  45.166 0.1000000015
74046  -46.977  1.821  43.812 0.1000000015
74034  -47.303  1.552  44.527 0.1000000015
74870  -47.351  2.487  43.468 0.1000000015
74888  -46.924  2.780  42.749 0.1000000015
70661  -51.868  -2.515  41.216 0.1000000015
74799  -50.739  2.724  51.974 0.1000000015
71413  -46.670  -1.318  51.974 0.1000000015
72308  -48.247  -0.511  51.360 0.1000000015
73144  -48.919  0.033  51.445 0.1000000015
73151  -49.354  0.430  50.821 0.1000000015
71420  -46.071  -2.061  51.631 0.1000000015
73150  -48.760  -0.304  50.546 0.1000000015
70574  -45.299  -2.321  52.033 0.1000000015
70584  -45.480  -2.586  51.281 0.1000000015
70585  -46.073  -2.347  50.961 0.1000000015
115671  -49.241  0.254  50.067 0.1000000015
69748  -41.927  -3.426  52.076 0.1000000015
69749  -42.938  -3.370  51.996 0.1000000015
70582  -43.854  -3.167  51.833 0.1000000015
70583  -44.728  -2.880  51.587 0.1000000015
70591  -45.024  -3.080  50.844 0.1000000015
73161  -49.329  0.554  49.329 0.1000000015
69755  -39.443  -3.494  51.375 0.1000000015
73169  -48.832  0.169  48.626 0.1000000015
73174  -48.450  0.201  47.831 0.1000000015
125545  -48.146  0.272  47.179 0.1000000015
126068  -38.890  -3.232  50.963 0.1000000015
73182  -48.137  0.659  46.596 0.1000000015
115759  -38.421  -1.824  50.424 0.1000000015
74020  -48.042  1.157  45.819 0.1000000015
74025  -48.107  1.895  45.048 0.1000000015
74035  -47.723  2.210  44.195 0.1000000015
71491  -52.047  -1.387  42.424 0.1000000015
70668  -52.079  -3.019  40.335 0.1000000015
70676  -51.536  -2.990  39.827 0.1000000015
70675  -50.694  -2.616  40.021 0.1000000015
121512  -50.556  -8.642  56.308 0.1000000015
65616  -51.440  -8.681  56.132 0.1000000015
65617  -52.271  -8.210  56.182 0.1000000015
66486  -53.090  -7.699  56.267 0.1000000015
66494  -53.684  -7.654  55.732 0.1000000015
68154  -55.209  -5.141  55.606 0.1000000015
114999  -54.945  -3.018  55.532 0.1000000015
70536  -54.345  -1.921  55.878 0.1000000015
72279  -53.705  -0.376  55.130 0.1000000015
67345  -54.774  -6.391  55.300 0.1000000015
121427  -53.790  1.279  54.799 0.1000000015
73953  -53.598  2.056  55.241 0.1000000015
70477  -44.178  -2.102  59.599 0.1000000015
73952  -53.075  2.448  55.559 0.1000000015
72293  -46.553  -0.213  53.278 0.1000000015
110140  -48.174  0.281  52.518 0.1000000015
128524  -48.470  0.773  52.629 0.1000000015
70476  -43.266  -2.261  59.435 0.1000000015
72294  -47.414  0.150  53.040 0.1000000015
73138  -49.282  1.130  52.157 0.1000000015
74798  -50.131  2.553  52.841 0.1000000015
71406  -45.440  -1.247  53.077 0.1000000015
111349  -46.967  -0.614  52.540 0.1000000015
72300  -47.718  -0.429  52.130 0.1000000015
72301  -48.441  -0.099  51.961 0.1000000015
73987  -49.710  1.474  51.786 0.1000000015
74823  -50.842  2.443  49.627 0.1000000015
71412  -45.803  -1.662  52.387 0.1000000015
73995  -49.820  1.175  51.064 0.1000000015
70563  -43.902  -1.982  53.181 0.1000000015
129496  -44.518  -1.964  52.917 0.1000000015
70571  -42.579  -2.991  52.812 0.1000000015
70573  -44.427  -2.467  52.426 0.1000000015
69746  -40.205  -3.571  52.163 0.1000000015
113990  -41.126  -3.414  52.609 0.1000000015
70570  -41.821  -3.138  52.969 0.1000000015
74828  -49.841  1.623  48.344 0.1000000015
77246  -53.491  5.168  48.361 0.1000000015
69744  -38.472  -3.421  52.427 0.1000000015
69745  -39.268  -3.478  52.276 0.1000000015
69747  -41.001  -3.708  51.657 0.1000000015
74017  -49.322  1.212  47.799 0.1000000015
69754  -38.674  -3.348  51.615 0.1000000015
74016  -48.690  0.824  47.311 0.1000000015
130724  -49.156  1.438  47.157 0.1000000015
127136  -55.526  4.572  46.851 0.1000000015
129826  -55.546  4.648  45.910 0.1000000015
74021  -48.709  1.289  46.554 0.1000000015
76468  -55.013  5.157  45.027 0.1000000015
75682  -55.286  4.245  45.231 0.1000000015
75681  -54.850  4.312  44.896 0.1000000015
130203  -49.041  3.030  44.709 0.1000000015
75680  -53.912  4.063  44.645 0.1000000015
73206  -51.929  0.710  43.643 0.1000000015
72373  -51.747  -0.700  42.844 0.1000000015
71498  -51.552  -1.962  41.945 0.1000000015
70667  -51.344  -2.723  40.623 0.1000000015
68894  -51.113  -3.885  63.773 0.1000000015
68893  -50.728  -4.386  64.285 0.1000000015
68087  -51.291  -4.840  63.498 0.1000000015
68086  -51.284  -6.052  62.533 0.1000000015
121870  -50.859  -6.578  61.962 0.1000000015
67288  -49.849  -6.371  60.491 0.1000000015
69654  -51.231  -3.094  63.584 0.1000000015
70439  -50.506  -2.417  63.941 0.1000000015
67313  -48.805  -6.697  58.032 0.1000000015
70438  -50.004  -2.040  63.746 0.1000000015
67329  -50.160  -7.065  56.733 0.1000000015
70451  -49.879  -1.781  63.254 0.1000000015
66485  -51.623  -8.004  56.502 0.1000000015
70460  -48.917  -1.658  62.211 0.1000000015
71322  -49.163  -1.384  61.718 0.1000000015
70459  -48.231  -2.196  61.626 0.1000000015
71321  -48.292  -1.238  61.385 0.1000000015
66487  -53.857  -7.350  56.575 0.1000000015
70468  -47.347  -1.407  61.121 0.1000000015
66488  -54.446  -7.149  56.399 0.1000000015
69720  -54.986  -3.421  56.085 0.1000000015
114333  -53.498  0.416  55.213 0.1000000015
70467  -46.470  -1.764  60.653 0.1000000015
70466  -45.779  -2.053  60.283 0.1000000015
67342  -54.941  -6.651  56.165 0.1000000015
68153  -55.196  -5.890  55.882 0.1000000015
73117  -53.549  1.193  55.221 0.1000000015
73116  -53.067  0.783  55.490 0.1000000015
70478  -45.111  -1.857  59.917 0.1000000015
75598  -52.662  3.372  55.264 0.1000000015
74774  -52.518  2.995  55.676 0.1000000015
75597  -51.664  3.330  55.698 0.1000000015
71340  -43.710  -1.447  59.348 0.1000000015
71339  -42.829  -1.646  59.139 0.1000000015
70485  -42.086  -1.853  58.863 0.1000000015
72292  -45.724  -0.489  53.462 0.1000000015
71405  -44.630  -1.432  53.317 0.1000000015
112230  -45.059  -0.773  53.579 0.1000000015
70572  -43.468  -2.756  52.619 0.1000000015
116884  -43.952  -1.266  53.687 0.1000000015
70561  -42.101  -2.507  53.433 0.1000000015
71404  -43.230  -1.454  53.758 0.1000000015
69741  -40.530  -3.297  53.024 0.1000000015
70560  -41.177  -2.776  53.442 0.1000000015
77253  -54.646  5.569  47.060 0.1000000015
69743  -37.808  -3.369  52.567 0.1000000015
69739  -38.993  -3.379  53.096 0.1000000015
114139  -49.784  2.491  46.835 0.1000000015
77262  -55.084  5.821  46.278 0.1000000015
77285  -55.013  5.852  45.209 0.1000000015
70569  -37.123  -3.109  52.282 0.1000000015
74841  -49.536  2.621  46.006 0.1000000015
122514  -54.830  5.893  44.766 0.1000000015
76467  -54.489  5.244  44.598 0.1000000015
75677  -49.406  3.628  44.546 0.1000000015
75679  -53.024  3.665  44.429 0.1000000015
76466  -54.008  5.833  44.071 0.1000000015
76465  -53.542  4.625  44.346 0.1000000015
75678  -52.388  3.306  44.246 0.1000000015
75695  -52.642  4.137  44.111 0.1000000015
74853  -51.962  2.664  44.230 0.1000000015
74048  -51.620  1.737  43.890 0.1000000015
73205  -51.086  1.011  43.319 0.1000000015
128193  -50.708  1.163  42.919 0.1000000015
73220  -51.391  0.135  43.146 0.1000000015
71490  -51.242  -1.341  42.384 0.1000000015
119391  -50.832  -1.827  41.875 0.1000000015
74097  -48.097  0.993  39.326 0.1000000015
71489  -50.575  -1.183  42.166 0.1000000015
71497  -50.235  -1.332  41.527 0.1000000015
125542  -51.214  -2.299  41.407 0.1000000015
73248  -49.272  0.637  40.370 0.1000000015
114053  -49.388  -0.161  40.716 0.1000000015
72386  -50.107  -0.539  41.925 0.1000000015
70660  -50.572  -2.088  40.926 0.1000000015
68903  -51.516  -4.011  63.180 0.1000000015
68094  -51.537  -5.051  62.874 0.1000000015
126586  -51.007  -5.813  61.830 0.1000000015
121993  -51.134  -5.308  61.331 0.1000000015
67279  -50.519  -6.029  61.269 0.1000000015
67289  -50.569  -5.474  60.514 0.1000000015
69665  -51.665  -3.208  62.791 0.1000000015
68108  -50.055  -5.707  59.452 0.1000000015
70453  -51.226  -2.428  63.128 0.1000000015
67301  -49.378  -6.186  58.686 0.1000000015
67323  -49.738  -6.487  57.180 0.1000000015
68138  -50.215  -5.856  57.651 0.1000000015
70452  -50.511  -1.934  63.291 0.1000000015
124330  -51.876  -2.577  62.443 0.1000000015
70462  -51.361  -1.918  62.548 0.1000000015
67330  -51.150  -6.996  56.687 0.1000000015
67331  -52.280  -7.109  56.832 0.1000000015
71312  -50.420  -1.673  62.820 0.1000000015
131223  -49.971  -1.624  62.878 0.1000000015
67332  -53.394  -7.239  57.006 0.1000000015
67334  -54.898  -6.755  56.834 0.1000000015
68964  -55.166  -4.728  56.506 0.1000000015
68972  -55.177  -4.061  56.105 0.1000000015
70520  -54.271  -2.445  56.410 0.1000000015
71387  -53.649  -1.218  55.716 0.1000000015
71385  -53.198  -0.241  55.458 0.1000000015
71330  -45.882  -1.234  60.338 0.1000000015
72227  -46.074  -0.433  60.245 0.1000000015
118408  -52.218  -0.022  55.562 0.1000000015
119708  -53.090  1.743  55.572 0.1000000015
71342  -45.411  -0.860  59.899 0.1000000015
120419  -52.037  1.305  55.696 0.1000000015
73951  -52.351  2.368  55.818 0.1000000015
71341  -44.605  -1.229  59.571 0.1000000015
111103  -46.790  0.559  53.738 0.1000000015
73131  -47.388  0.909  53.619 0.1000000015
73970  -48.485  1.801  53.557 0.1000000015
73971  -49.294  2.110  53.230 0.1000000015
73969  -47.705  1.590  53.934 0.1000000015
73962  -48.178  2.260  54.375 0.1000000015
74788  -48.977  2.481  54.051 0.1000000015
72234  -44.177  -0.764  59.173 0.1000000015
73130  -46.010  0.322  53.916 0.1000000015
73124  -46.990  1.287  54.231 0.1000000015
71348  -41.889  -1.518  58.190 0.1000000015
71350  -43.291  -0.983  58.903 0.1000000015
127797  -46.361  0.954  54.304 0.1000000015
73960  -46.369  1.664  54.862 0.1000000015
71384  -41.254  -1.154  55.541 0.1000000015
71372  -41.489  -1.153  56.352 0.1000000015
71373  -41.695  -1.264  57.171 0.1000000015
72243  -42.998  -0.728  58.201 0.1000000015
72244  -43.808  -0.477  58.557 0.1000000015
72286  -45.102  0.022  54.169 0.1000000015
110558  -45.691  0.874  54.621 0.1000000015
72285  -44.399  -0.679  53.919 0.1000000015
71402  -41.590  -2.004  54.040 0.1000000015
71403  -42.410  -1.742  53.886 0.1000000015
71396  -43.618  -0.756  54.258 0.1000000015
125202  -44.139  -0.037  54.593 0.1000000015
70556  -37.832  -3.212  54.025 0.1000000015
70546  -39.211  -2.660  54.543 0.1000000015
70547  -39.976  -2.387  54.323 0.1000000015
70559  -40.284  -2.796  53.610 0.1000000015
70548  -40.752  -2.165  54.158 0.1000000015
77252  -53.864  5.641  47.407 0.1000000015
112547  -35.986  -3.092  53.855 0.1000000015
110143  -36.923  -3.199  54.017 0.1000000015
70557  -38.689  -3.111  53.894 0.1000000015
70558  -39.498  -2.956  53.726 0.1000000015
75657  -50.641  3.584  47.208 0.1000000015
112545  -54.570  6.198  46.228 0.1000000015
114705  -54.773  6.367  45.519 0.1000000015
70555  -36.539  -3.236  53.072 0.1000000015
77284  -54.590  6.512  44.824 0.1000000015
77283  -54.494  6.378  44.376 0.1000000015
73236  -50.214  0.337  42.170 0.1000000015
121376  -50.012  0.971  41.698 0.1000000015
74075  -49.777  1.242  40.961 0.1000000015
73235  -49.770  0.263  41.310 0.1000000015
68093  -51.441  -5.144  62.122 0.1000000015
68910  -51.707  -4.150  62.434 0.1000000015
68909  -51.778  -4.388  61.648 0.1000000015
68109  -50.972  -5.091  59.833 0.1000000015
126605  -50.615  -5.325  58.972 0.1000000015
68121  -50.046  -5.671  58.407 0.1000000015
68110  -51.426  -4.979  59.197 0.1000000015
115185  -52.229  -2.365  61.830 0.1000000015
68140  -51.525  -5.516  57.775 0.1000000015
71325  -51.784  -1.739  61.705 0.1000000015
68139  -50.903  -5.720  57.499 0.1000000015
67325  -51.632  -6.121  57.160 0.1000000015
117646  -52.415  -5.568  57.742 0.1000000015
71324  -50.962  -1.545  62.237 0.1000000015
71335  -50.987  -1.493  61.498 0.1000000015
68141  -53.465  -5.615  57.762 0.1000000015
71323  -50.140  -1.520  62.261 0.1000000015
71334  -49.940  -1.378  61.217 0.1000000015
67326  -52.918  -6.439  57.397 0.1000000015
67327  -54.056  -6.463  57.443 0.1000000015
67328  -54.869  -6.358  57.163 0.1000000015
114726  -48.919  -0.947  60.877 0.1000000015
67333  -54.421  -7.017  57.050 0.1000000015
68143  -55.148  -5.556  57.008 0.1000000015
69705  -54.862  -4.010  56.664 0.1000000015
69719  -54.470  -3.165  56.752 0.1000000015
71333  -48.213  -0.678  61.028 0.1000000015
72230  -48.143  -0.586  60.507 0.1000000015
71332  -47.415  -0.625  60.913 0.1000000015
71377  -52.854  -1.781  56.176 0.1000000015
71331  -46.616  -0.835  60.693 0.1000000015
72228  -46.738  -0.229  60.376 0.1000000015
72237  -46.240  0.157  59.912 0.1000000015
72236  -45.699  -0.096  59.780 0.1000000015
74771  -48.585  2.867  55.687 0.1000000015
74773  -51.663  2.970  56.103 0.1000000015
72235  -45.050  -0.503  59.419 0.1000000015
72246  -45.461  0.179  59.230 0.1000000015
74780  -48.034  2.618  55.063 0.1000000015
114716  -49.531  2.994  54.643 0.1000000015
72245  -44.734  -0.233  58.843 0.1000000015
73961  -47.295  2.159  54.744 0.1000000015
72266  -43.215  -0.286  56.677 0.1000000015
72254  -42.837  -0.604  57.415 0.1000000015
72255  -43.529  -0.311  57.689 0.1000000015
73950  -46.856  2.196  55.372 0.1000000015
73959  -45.682  1.299  55.352 0.1000000015
72284  -43.333  -0.286  54.912 0.1000000015
73122  -43.946  0.215  55.279 0.1000000015
73123  -44.827  0.636  55.050 0.1000000015
71393  -40.390  -1.833  54.741 0.1000000015
71383  -40.481  -1.540  55.337 0.1000000015
111959  -41.955  -1.442  54.463 0.1000000015
71395  -42.707  -1.000  54.505 0.1000000015
77251  -53.037  5.622  47.051 0.1000000015
76442  -52.392  5.081  47.584 0.1000000015
77250  -52.162  5.354  46.802 0.1000000015
70545  -38.370  -2.734  54.733 0.1000000015
76447  -50.995  4.298  46.932 0.1000000015
77261  -53.906  6.251  46.462 0.1000000015
116067  -50.860  4.463  46.272 0.1000000015
78054  -54.283  6.711  45.566 0.1000000015
77260  -52.884  6.091  46.167 0.1000000015
78069  -54.322  7.044  44.888 0.1000000015
78067  -53.169  6.787  45.329 0.1000000015
78068  -54.012  7.240  45.030 0.1000000015
77295  -54.161  7.152  44.280 0.1000000015
68918  -51.460  -4.730  60.783 0.1000000015
69670  -52.251  -3.257  61.971 0.1000000015
69677  -52.558  -2.917  61.155 0.1000000015
68929  -52.114  -4.412  60.165 0.1000000015
68123  -52.088  -5.064  58.504 0.1000000015
68125  -53.768  -4.837  58.274 0.1000000015
68931  -53.548  -4.073  58.980 0.1000000015
70469  -51.818  -1.784  60.828 0.1000000015
68954  -54.173  -4.461  58.039 0.1000000015
71345  -50.752  -1.592  60.470 0.1000000015
71344  -49.667  -1.372  60.121 0.1000000015
68142  -54.447  -5.452  57.542 0.1000000015
69704  -54.387  -3.857  57.505 0.1000000015
70504  -53.993  -3.105  57.707 0.1000000015
71343  -48.622  -1.128  59.720 0.1000000015
109236  -53.780  -2.616  56.947 0.1000000015
70519  -52.720  -2.344  56.770 0.1000000015
71376  -51.748  -1.975  56.326 0.1000000015
72239  -47.836  -0.528  59.579 0.1000000015
72278  -51.108  0.225  55.752 0.1000000015
123165  -46.766  0.242  59.808 0.1000000015
73110  -50.893  1.373  56.185 0.1000000015
74761  -49.984  2.648  56.654 0.1000000015
73941  -50.522  2.214  56.564 0.1000000015
74762  -50.822  2.887  56.423 0.1000000015
73082  -45.929  0.422  59.532 0.1000000015
74772  -49.357  3.063  56.183 0.1000000015
74760  -49.293  2.727  56.620 0.1000000015
75586  -50.226  3.126  56.302 0.1000000015
73094  -45.245  0.351  58.467 0.1000000015
74759  -48.430  2.741  56.561 0.1000000015
108973  -49.387  3.138  55.467 0.1000000015
75604  -50.147  3.399  55.876 0.1000000015
72256  -44.415  -0.029  58.061 0.1000000015
74770  -47.682  2.515  55.763 0.1000000015
121275  -46.559  1.907  56.757 0.1000000015
73949  -46.350  1.862  55.785 0.1000000015
72276  -42.645  -0.457  56.026 0.1000000015
72265  -42.293  -0.775  56.736 0.1000000015
73115  -45.140  0.955  55.977 0.1000000015
72275  -42.019  -0.814  55.822 0.1000000015
72277  -43.259  -0.171  55.691 0.1000000015
73114  -44.479  0.541  55.760 0.1000000015
72283  -41.903  -0.981  55.013 0.1000000015
71394  -41.138  -1.466  54.727 0.1000000015
76441  -51.643  4.734  47.294 0.1000000015
76448  -51.399  4.903  46.514 0.1000000015
77259  -51.857  5.584  46.039 0.1000000015
78066  -52.421  6.632  44.901 0.1000000015
78078  -53.446  7.445  44.395 0.1000000015
68919  -52.277  -3.822  61.093 0.1000000015
68920  -52.685  -3.515  60.401 0.1000000015
68939  -52.425  -4.597  59.393 0.1000000015
68940  -52.989  -4.085  59.710 0.1000000015
68124  -53.147  -4.574  58.944 0.1000000015
70470  -52.347  -2.305  61.055 0.1000000015
69678  -52.725  -2.937  60.391 0.1000000015
68930  -53.061  -3.498  59.757 0.1000000015
69694  -53.875  -3.657  58.402 0.1000000015
70489  -53.021  -2.776  59.168 0.1000000015
70480  -52.374  -2.494  59.966 0.1000000015
70490  -53.499  -2.985  58.477 0.1000000015
70503  -53.301  -2.664  57.645 0.1000000015
70479  -51.432  -2.028  59.783 0.1000000015
126336  -51.839  -2.281  59.344 0.1000000015
70488  -52.224  -2.457  58.900 0.1000000015
70518  -51.622  -2.470  56.919 0.1000000015
71353  -50.413  -1.824  59.324 0.1000000015
70487  -51.217  -2.271  58.647 0.1000000015
70486  -50.064  -2.165  58.095 0.1000000015
71375  -50.886  -1.660  56.381 0.1000000015
72271  -51.406  -0.978  55.858 0.1000000015
71351  -48.407  -1.208  58.588 0.1000000015
71360  -48.480  -0.978  57.754 0.1000000015
72248  -47.736  -0.379  58.482 0.1000000015
72247  -47.271  0.565  58.604 0.1000000015
121608  -48.747  -0.505  57.307 0.1000000015
72257  -47.907  0.055  57.746 0.1000000015
73095  -45.702  0.991  58.028 0.1000000015
73089  -46.564  1.024  58.771 0.1000000015
74758  -47.653  2.533  56.639 0.1000000015
74749  -48.584  2.457  57.150 0.1000000015
72267  -44.089  0.121  57.120 0.1000000015
115395  -44.975  0.451  57.550 0.1000000015
73096  -46.382  1.265  58.191 0.1000000015
73928  -46.823  1.751  57.548 0.1000000015
73939  -47.233  2.283  57.061 0.1000000015
73108  -45.461  0.925  56.981 0.1000000015
74757  -47.033  2.255  56.237 0.1000000015
73106  -43.924  0.181  56.150 0.1000000015
73107  -44.692  0.527  56.585 0.1000000015
73948  -45.868  1.438  56.361 0.1000000015
118503  -42.618  -0.558  55.312 0.1000000015
74747  -28.425  2.806  57.632 0.1000000015
75580  -29.617  3.300  56.324 0.1000000015
75581  -30.537  3.795  56.227 0.1000000015
75582  -31.374  3.747  56.079 0.1000000015
75591  -32.029  3.325  55.743 0.1000000015
75593  -33.863  3.553  55.675 0.1000000015
75583  -32.688  3.874  56.159 0.1000000015
75592  -33.021  3.371  55.682 0.1000000015
75584  -33.512  3.910  56.157 0.1000000015
116168  -33.957  4.340  56.462 0.2000000030
76390  -34.734  4.602  56.667 0.2000000030
122141  -35.984  4.276  56.362 0.2000000030
76393  -37.141  4.445  57.048 0.3000000119
77218  -37.637  4.463  56.557 0.3000000119
126298  -35.522  5.001  57.087 0.2000000030
76391  -35.806  4.580  56.843 0.2000000030
114420  -38.316  5.139  55.767 0.3000000119
78026  -39.228  6.411  55.212 0.3000000119
118501  -40.738  7.089  55.625 0.4000000060
78900  -38.883  8.082  36.922 0.1000000015
126715  -53.006  -3.020  59.750 0.1000000015
112197  -52.799  -2.591  58.281 0.1000000015
131808  -52.451  -2.494  57.417 0.1000000015
70502  -51.858  -2.424  57.873 0.1000000015
70501  -50.837  -2.432  57.402 0.1000000015
70517  -50.839  -2.247  56.775 0.1000000015
70500  -50.048  -2.115  57.234 0.1000000015
124751  -50.254  -1.795  56.719 0.1000000015
72270  -50.306  -0.815  56.271 0.1000000015
71361  -49.187  -1.728  57.842 0.1000000015
72269  -49.404  -0.163  56.757 0.1000000015
113107  -50.172  0.522  56.327 0.1000000015
73109  -49.407  1.078  56.898 0.1000000015
73090  -46.957  1.067  58.594 0.1000000015
73097  -47.389  1.058  58.054 0.1000000015
73098  -48.037  1.065  57.630 0.1000000015
73931  -49.040  1.927  57.218 0.1000000015
116033  -50.136  1.475  56.585 0.1000000015
73923  -46.985  1.484  58.096 0.1000000015
114952  -47.603  1.696  57.696 0.1000000015
121765  -47.952  2.241  57.478 0.1000000015
122882  -49.319  2.426  56.944 0.1000000015
73927  -46.144  1.435  57.366 0.1000000015
74748  -47.890  2.494  57.178 0.1000000015
123369  -31.967  3.966  56.230 0.1000000015
77211  -38.277  4.531  57.299 0.3000000119
77219  -38.852  5.001  56.544 0.3000000119
78783  -39.912  6.645  55.524 0.3000000119
77212  -39.043  4.617  57.615 0.3000000119
78023  -40.394  5.928  56.542 0.3000000119
78014  -40.823  5.469  57.495 0.3000000119
78773  -41.198  6.248  56.668 0.3000000119
78015  -41.556  5.561  57.770 0.3000000119
84165  -39.107  14.428  47.795 0.4000000060
113773  -39.930  14.186  47.902 0.5000000000
84150  -38.663  14.740  48.506 0.5000000000
84151  -39.492  14.559  48.603 0.5000000000
84136  -39.902  14.784  49.175 0.5000000000
73979  -49.545  1.772  52.466 0.1000000015
73988  -50.264  1.908  51.402 0.1000000015
74004  -49.724  1.033  50.134 0.1000000015
73978  -48.837  1.306  52.736 0.1000000015
75612  -51.325  3.524  54.376 0.1000000015
74005  -50.314  1.769  49.808 0.1000000015
74783  -50.362  3.333  54.485 0.1000000015
74782  -50.064  3.370  55.209 0.1000000015
112563  -52.084  3.610  50.900 0.1000000015
74011  -50.324  2.048  48.989 0.1000000015
75596  -50.810  3.417  55.990 0.1000000015
126104  -50.343  2.384  48.172 0.1000000015
76433  -52.674  4.919  48.351 0.1000000015
75654  -52.198  4.447  48.891 0.1000000015
77247  -54.300  5.234  48.121 0.1000000015
130998  -53.087  5.274  47.764 0.1000000015
75658  -51.242  4.065  47.688 0.1000000015
73996  -50.324  1.703  50.624 0.1000000015
111360  -53.042  4.851  49.271 0.1000000015
75653  -51.533  3.928  48.471 0.1000000015
76432  -51.907  4.563  48.077 0.1000000015
74835  -49.732  1.968  47.474 0.1000000015
120012  -53.253  5.129  43.832 0.1000000015
129710  -52.712  4.683  43.650 0.1000000015
73258  -47.769  0.280  39.250 0.1000000015
77294  -54.166  6.967  43.828 0.1000000015
74871  -48.132  2.863  43.794 0.1000000015
75676  -48.795  3.283  44.152 0.1000000015
76464  -50.975  5.392  44.820 0.1000000015
77270  -51.659  5.819  45.264 0.1000000015
73187  -42.183  -0.004  45.115 0.1000000015
74031  -42.898  0.861  43.992 0.1000000015
74846  -48.941  2.512  45.199 0.1000000015
73173  -40.763  -0.197  47.777 0.1000000015
69753  -37.931  -3.241  51.874 0.1000000015
70589  -38.770  -2.573  50.529 0.1000000015
126437  -35.828  -3.015  52.915 0.1000000015
70568  -36.261  -2.749  52.382 0.1000000015
75579  -28.874  3.102  56.889 0.1000000015
74764  -29.678  2.513  55.817 0.1000000015
75589  -30.246  3.048  55.814 0.1000000015
75590  -31.026  3.143  55.682 0.1000000015
76398  -36.618  4.307  56.410 0.2000000030
76397  -35.139  4.205  56.317 0.2000000030
75585  -34.304  4.046  56.246 0.2000000030
69779  -44.269  -3.436  49.442 0.1000000015
71451  -46.929  -1.375  47.655 0.1000000015
70617  -43.791  -2.723  47.343 0.1000000015
72335  -47.176  -0.751  47.148 0.1000000015
71441  -40.817  -1.596  48.398 0.1000000015
71455  -41.852  -1.483  46.701 0.1000000015
71464  -43.066  -1.225  45.813 0.1000000015
71465  -44.045  -1.309  45.697 0.1000000015
73189  -46.573  0.328  45.210 0.1000000015
72341  -41.462  -0.758  46.581 0.1000000015
73200  -46.911  0.934  44.833 0.1000000015
73179  -41.172  0.036  46.233 0.1000000015
72353  -43.025  -0.243  44.815 0.1000000015
73204  -44.764  0.808  43.748 0.1000000015
71431  -47.875  -1.334  49.878 0.1000000015
72336  -47.857  -0.275  47.509 0.1000000015
71430  -47.501  -1.483  50.536 0.1000000015
74806  -51.494  3.143  51.395 0.1000000015
130144  -50.973  3.127  52.848 0.1000000015
73980  -50.040  2.117  52.071 0.1000000015
71422  -47.461  -1.071  51.370 0.1000000015
131365  -47.185  -0.844  51.987 0.1000000015
73145  -49.350  0.750  51.582 0.1000000015
71411  -45.040  -1.880  52.705 0.1000000015
73175  -48.943  0.657  48.020 0.1000000015
73170  -49.362  0.913  48.542 0.1000000015
74840  -48.857  1.825  45.823 0.1000000015
74852  -48.464  2.624  44.512 0.1000000015
71499  -52.324  -1.900  41.757 0.1000000015
72299  -46.225  -0.951  52.807 0.1000000015
73132  -48.050  0.985  53.129 0.1000000015
73137  -48.831  0.532  52.167 0.1000000015
74813  -50.757  2.212  50.295 0.1000000015
74824  -51.356  3.139  49.485 0.1000000015
70562  -42.963  -2.272  53.316 0.1000000015
74010  -49.773  1.353  49.189 0.1000000015
76434  -53.900  4.953  49.044 0.1000000015
69738  -38.202  -3.388  53.206 0.1000000015
74022  -49.315  1.913  46.627 0.1000000015
76449  -55.404  5.080  46.210 0.1000000015
77254  -55.236  5.158  46.986 0.1000000015
76457  -55.317  5.022  45.535 0.1000000015
77272  -55.173  5.732  45.729 0.1000000015
73219  -50.709  0.567  42.786 0.1000000015
114525  -51.353  -5.891  63.187 0.1000000015
67314  -49.510  -6.234  57.855 0.1000000015
70437  -49.571  -2.129  63.685 0.1000000015
67324  -50.582  -6.257  57.027 0.1000000015
70461  -49.584  -1.648  62.680 0.1000000015
71378  -53.689  -2.050  56.337 0.1000000015
120219  -55.214  -6.169  56.675 0.1000000015
75605  -50.941  3.534  55.349 0.1000000015
71349  -42.536  -1.268  58.536 0.1000000015
131112  -54.258  5.934  46.761 0.1000000015
69737  -37.389  -3.365  53.185 0.1000000015
74836  -50.276  2.782  47.390 0.1000000015
74036  -52.322  2.158  44.325 0.1000000015
72372  -50.784  -0.429  42.576 0.1000000015
72385  -49.738  -0.660  41.151 0.1000000015
71386  -52.500  -1.103  55.780 0.1000000015
73942  -51.420  2.301  56.234 0.1000000015
74789  -49.803  2.797  53.788 0.1000000015
74781  -48.754  2.752  54.885 0.1000000015
71359  -42.255  -1.025  57.732 0.1000000015
75652  -50.846  3.286  48.096 0.1000000015
68122  -50.892  -5.400  58.241 0.1000000015
131409  -53.056  -5.106  58.269 0.1000000015
68955  -54.745  -4.708  57.223 0.1000000015
72229  -47.412  -0.296  60.331 0.1000000015
72238  -47.232  0.172  59.433 0.1000000015
73088  -45.912  0.857  58.940 0.1000000015
78053  -53.768  6.724  45.731 0.1000000015
78079  -53.939  7.476  44.199 0.1000000015
69686  -53.377  -3.362  59.157 0.1000000015
71352  -49.303  -1.654  58.874 0.1000000015
73084  -46.815  0.685  59.150 0.1000000015
73083  -46.341  0.598  59.389 0.1000000015
73940  -49.748  2.023  56.887 0.1000000015
77271  -52.358  6.183  45.570 0.1000000015
73929  -47.421  2.023  57.529 0.1000000015
76392  -36.642  4.498  57.039 0.2000000030
78021  -38.932  5.637  55.689 0.3000000119
78022  -39.516  5.520  56.377 0.4000000060
71374  -49.403  -1.323  57.059 0.1000000015
72268  -48.687  0.435  57.254 0.1000000015
73099  -48.705  1.307  57.315 0.1000000015
73930  -48.299  1.889  57.487 0.1000000015
77200  -39.940  5.058  57.779 0.3000000119
74805  -50.874  2.376  51.018 0.1000000015
74829  -50.826  2.773  48.855 0.1000000015
74790  -50.672  3.197  53.608 0.1000000015
74830  -51.275  3.379  48.821 0.1000000015
75647  -51.770  3.839  49.257 0.1000000015
84902  -35.490  14.997  45.143 0.2000000030
84903  -36.277  14.852  45.541 0.2000000030
84914  -36.215  15.120  44.612 0.2000000030
129644  -36.884  14.724  45.912 0.2000000030
84174  -36.348  14.691  46.432 0.2000000030
84851  -45.434  15.289  51.682 0.2000000030
84137  -40.717  14.609  49.335 0.4000000060
84878  -40.407  15.263  49.515 0.3000000119
84162  -36.582  14.641  47.377 0.2000000030
84175  -37.119  14.647  46.660 0.2000000030
84163  -37.428  14.644  47.565 0.3000000119
84164  -38.273  14.570  47.714 0.3000000119
84113  -44.028  14.949  51.140 0.2000000030
84850  -44.636  15.572  51.408 0.2000000030
85633  -40.978  15.904  49.782 0.3000000119
110960  -40.769  16.801  49.691 0.3000000119
84877  -39.568  15.404  49.365 0.4000000060
115071  -50.301  15.901  53.661 0.3000000119
84114  -44.843  14.751  51.291 0.2000000030
84125  -44.398  14.275  50.810 0.2000000030
115369  -45.997  16.673  51.600 0.2000000030
84913  -35.344  15.286  44.260 0.2000000030
85608  -45.325  16.221  51.591 0.2000000030
84147  -36.007  14.650  48.216 0.1000000015
81058  -41.058  10.339  57.369 0.1000000015
118948  -41.947  10.907  58.185 0.1000000015
80288  -40.732  9.292  57.315 0.1000000015
81059  -41.660  10.288  57.894 0.1000000015
81070  -40.396  10.336  56.944 0.1000000015
84149  -37.815  14.843  48.411 0.3000000119
81849  -39.265  11.388  56.774 0.1000000015
81069  -39.666  10.490  56.648 0.1000000015
81837  -40.542  11.156  57.311 0.1000000015
84887  -36.434  15.144  48.921 0.1000000015
84876  -38.715  15.533  49.277 0.1000000015
84889  -38.253  15.162  48.951 0.2000000030
86328  -39.834  16.999  49.607 0.1000000015
85631  -39.245  16.165  49.498 0.1000000015
84888  -37.368  15.240  48.929 0.2000000030
85630  -38.368  16.216  49.447 0.1000000015
130743  -34.969  14.647  46.409 0.1000000015
84146  -35.048  14.637  48.019 0.1000000015
125828  -34.826  14.885  45.642 0.1000000015
84173  -35.595  14.741  46.033 0.1000000015
84161  -35.609  14.602  47.091 0.1000000015
84912  -34.610  15.379  44.067 0.1000000015
109219  -34.674  15.201  44.821 0.1000000015
84947  -34.428  15.313  42.484 0.1000000015
84930  -35.024  15.350  43.363 0.1000000015
81850  -39.969  11.088  56.971 0.1000000015
126232  -40.591  11.835  57.659 0.1000000015
81831  -43.461  11.497  58.921 0.1000000015
83336  -46.436  13.818  59.233 0.1000000015
129281  -39.206  12.070  57.142 0.1000000015
130985  -39.868  11.817  57.327 0.1000000015
82609  -41.095  12.353  58.093 0.1000000015
121893  -42.651  12.031  58.537 0.1000000015
82611  -43.382  12.474  58.671 0.1000000015
130432  -47.128  13.665  59.354 0.2000000030
84135  -39.086  14.973  49.052 0.3000000119
85632  -40.138  16.069  49.590 0.2000000030
122592  -41.402  17.629  49.730 0.2000000030
86992  -41.692  18.592  49.417 0.1000000015
86993  -42.671  18.574  49.552 0.2000000030
87631  -43.302  19.158  49.101 0.2000000030
86327  -39.278  17.547  49.495 0.1000000015
86991  -39.935  17.936  49.460 0.1000000015
87630  -42.391  19.194  49.012 0.1000000015
87648  -43.051  19.712  48.514 0.1000000015
88323  -44.685  20.204  47.997 0.1000000015
124224  -41.524  19.296  48.890 0.1000000015
87649  -43.979  19.679  48.558 0.1000000015
84874  -36.947  15.697  49.256 0.1000000015
84875  -37.855  15.652  49.246 0.2000000030
88321  -42.797  20.288  47.994 0.1000000015
88346  -44.377  20.705  47.377 0.1000000015
84148  -36.939  14.833  48.286 0.1000000015
88322  -43.709  20.242  48.001 0.1000000015
83317  -45.831  13.032  59.323 0.1000000015
127094  -42.668  12.793  58.478 0.1000000015
84084  -47.137  14.511  59.125 0.2000000030
86329  -42.180  18.033  49.856 0.2000000030
87628  -39.999  18.821  49.072 0.1000000015
87629  -40.935  18.894  49.141 0.1000000015
87632  -44.229  19.147  49.159 0.1000000015
128413  -40.561  17.552  49.576 0.1000000015
86990  -39.185  18.227  49.318 0.1000000015
88347  -45.428  20.673  47.388 0.1000000015
122014  -37.787  17.748  49.432 0.1000000015
122013  -38.582  17.637  49.462 0.1000000015
120026  -48.267  14.922  58.391 0.2000000030
84094  -49.906  14.415  55.786 0.1000000015
83334  -43.157  13.319  58.514 0.1000000015
82613  -44.890  13.018  59.096 0.1000000015
123372  -46.258  14.638  58.895 0.1000000015
85609  -47.920  16.856  51.803 0.1000000015
85597  -47.384  16.265  52.130 0.1000000015
111117  -46.836  16.639  51.791 0.1000000015
86301  -47.597  17.311  51.334 0.1000000015
86298  -44.653  17.192  51.092 0.1000000015
86299  -45.434  17.102  51.281 0.1000000015
86300  -46.479  17.235  51.302 0.1000000015
86316  -47.248  17.789  50.740 0.1000000015
86314  -45.132  17.665  50.746 0.1000000015
86315  -46.082  17.715  50.759 0.1000000015
86976  -48.018  18.476  50.187 0.1000000015
130898  -46.227  18.623  49.736 0.1000000015
121804  -46.733  18.311  50.179 0.1000000015
87634  -48.739  19.629  49.262 0.1000000015
85617  -41.587  16.621  50.028 0.2000000030
87653  -48.375  19.828  48.795 0.1000000015
86972  -42.973  17.897  50.148 0.2000000030
86994  -43.574  18.570  49.666 0.1000000015
87650  -44.960  19.624  48.573 0.1000000015
88348  -46.590  20.677  47.456 0.1000000015
88325  -46.902  20.220  48.107 0.1000000015
87646  -40.705  19.387  48.758 0.1000000015
88320  -41.299  19.865  48.384 0.1000000015
87647  -42.160  19.785  48.465 0.1000000015
88950  -46.255  21.131  46.838 0.1000000015
88324  -45.738  20.195  48.048 0.1000000015
88326  -48.124  20.259  48.195 0.1000000015
88350  -49.041  20.757  47.713 0.1000000015
86989  -38.366  18.363  49.266 0.1000000015
87627  -38.985  18.873  48.981 0.1000000015
88349  -47.910  20.682  47.509 0.1000000015
88949  -45.120  21.229  46.660 0.1000000015
88951  -47.536  21.171  46.780 0.1000000015
84083  -45.468  14.819  58.591 0.1000000015
114670  -45.429  13.931  58.878 0.1000000015
83335  -43.763  13.931  58.559 0.1000000015
84085  -47.843  14.727  58.826 0.2000000030
86292  -49.492  17.274  52.066 0.1000000015
86302  -49.334  17.854  51.446 0.1000000015
117050  -48.593  17.423  51.446 0.1000000015
122405  -49.451  18.398  50.947 0.1000000015
84849  -43.788  15.921  51.133 0.1000000015
86317  -48.706  17.944  50.852 0.1000000015
86313  -44.299  17.597  50.733 0.1000000015
87635  -49.305  19.858  49.450 0.1000000015
88303  -49.354  20.392  48.968 0.1000000015
130873  -49.414  20.976  48.722 0.1000000015
117747  -42.884  17.135  50.475 0.1000000015
86995  -44.489  18.606  49.708 0.1000000015
87633  -45.182  19.111  49.182 0.1000000015
87651  -46.076  19.592  48.657 0.1000000015
87644  -38.771  19.478  48.590 0.1000000015
87645  -39.465  19.317  48.709 0.1000000015
88319  -40.461  19.926  48.299 0.1000000015
88343  -41.048  20.417  47.830 0.1000000015
123479  -41.926  20.354  47.942 0.1000000015
84833  -50.029  15.733  54.549 0.2000000030
84082  -44.536  14.571  58.517 0.1000000015
84823  -47.922  15.592  58.582 0.1000000015
84831  -49.383  15.377  55.678 0.1000000015
86293  -49.607  17.297  52.437 0.1000000015
86303  -49.510  17.856  51.866 0.1000000015
86965  -49.519  18.521  51.361 0.1000000015
86977  -49.124  18.765  50.488 0.1000000015
87613  -49.360  19.521  50.171 0.1000000015
88920  -48.628  21.367  50.355 0.1000000015
88292  -49.452  20.093  49.748 0.1000000015
86312  -43.536  17.401  50.608 0.1000000015
86974  -44.785  18.166  50.290 0.1000000015
129919  -48.909  21.428  49.739 0.1000000015
86973  -43.907  18.080  50.266 0.1000000015
85585  -49.269  16.106  55.033 0.1000000015
117424  -47.397  15.343  58.807 0.1000000015
125143  -46.801  15.199  58.869 0.1000000015
86961  -49.457  17.913  52.472 0.1000000015
86960  -49.362  18.473  52.208 0.1000000015
87599  -48.742  19.027  52.915 0.1000000015
130249  -49.559  19.032  51.252 0.1000000015
87603  -49.193  19.232  51.945 0.1000000015
88286  -49.088  20.375  51.144 0.1000000015
114275  -49.449  19.819  50.516 0.1000000015
128409  -48.616  20.993  50.976 0.1000000015
88921  -49.251  20.557  50.333 0.1000000015
90132  -46.296  23.037  51.593 0.1000000015
89533  -47.680  22.009  50.612 0.1000000015
85582  -48.422  16.228  57.278 0.1000000015
114910  -48.605  16.300  56.073 0.1000000015
85588  -49.763  16.406  54.153 0.2000000030
84826  -48.290  15.850  58.087 0.2000000030
84821  -46.074  15.501  58.545 0.1000000015
129749  -47.490  16.003  58.617 0.1000000015
84825  -47.839  16.472  58.435 0.1000000015
86269  -48.252  17.128  57.041 0.1000000015
124676  -48.082  17.254  55.977 0.1000000015
85587  -48.814  16.872  54.926 0.1000000015
86286  -49.356  17.614  53.241 0.1000000015
85566  -46.651  17.424  58.348 0.1000000015
86237  -47.561  17.460  58.272 0.1000000015
118933  -47.993  17.605  57.624 0.1000000015
86282  -49.351  17.055  53.907 0.1000000015
85579  -45.717  17.225  58.053 0.1000000015
86924  -47.517  18.174  57.670 0.1000000015
131139  -46.454  18.341  57.617 0.1000000015
86954  -49.049  18.362  53.025 0.1000000015
86252  -46.168  17.954  57.941 0.1000000015
110086  -45.316  17.602  57.452 0.1000000015
87598  -48.243  19.913  52.959 0.1000000015
119390  -48.079  20.649  52.624 0.1000000015
111289  -48.226  21.002  51.858 0.1000000015
91931  -45.428  26.718  55.094 0.1000000015
122298  -45.710  25.326  54.672 0.1000000015
91320  -45.566  25.599  53.572 0.1000000015
112150  -47.891  21.539  51.236 0.1000000015
91311  -45.550  26.137  54.347 0.1000000015
90131  -45.716  23.957  52.203 0.1000000015
90125  -46.272  23.250  52.911 0.1000000015
88914  -47.025  22.116  51.458 0.1000000015
86268  -47.910  18.034  56.908 0.1000000015
86281  -48.730  17.621  54.307 0.1000000015
86285  -48.600  18.268  53.861 0.1000000015
118961  -45.790  18.310  57.156 0.1000000015
86922  -46.403  18.705  57.128 0.1000000015
87595  -47.911  18.870  54.528 0.1000000015
87596  -48.450  18.797  53.611 0.1000000015
86930  -45.224  18.639  56.512 0.1000000015
111272  -47.483  19.755  54.879 0.1000000015
86267  -44.897  17.871  56.828 0.1000000015
112564  -48.044  19.429  53.820 0.1000000015
110041  -47.660  20.278  54.159 0.1000000015
88277  -47.695  20.809  53.547 0.1000000015
88911  -47.560  21.286  52.940 0.1000000015
91919  -45.120  26.348  55.875 0.1000000015
91304  -45.542  25.424  55.358 0.1000000015
90121  -46.348  23.410  54.157 0.1000000015
89516  -46.651  22.740  53.687 0.1000000015
88901  -47.093  22.046  53.360 0.1000000015
89524  -46.727  22.438  52.504 0.1000000015
88910  -47.347  21.702  52.192 0.1000000015
125127  -47.809  17.980  55.950 0.1000000015
86948  -48.135  17.686  55.187 0.1000000015
87570  -47.207  19.458  56.445 0.1000000015
111354  -47.578  18.716  56.325 0.1000000015
86947  -47.787  18.442  55.399 0.1000000015
86932  -46.805  19.242  56.763 0.1000000015
120810  -47.516  19.306  55.723 0.1000000015
86266  -44.134  17.539  56.756 0.1000000015
87583  -46.345  19.854  56.314 0.1000000015
88263  -47.208  20.155  55.963 0.1000000015
86928  -43.210  18.036  55.984 0.1000000015
86946  -44.687  19.038  55.956 0.1000000015
86931  -46.069  19.064  56.696 0.1000000015
88275  -47.198  20.646  55.185 0.1000000015
88274  -47.017  21.470  55.248 0.1000000015
88902  -47.255  21.638  54.255 0.1000000015
90728  -45.971  24.717  55.320 0.1000000015
90120  -46.187  24.117  54.824 0.1000000015
126506  -46.641  22.991  54.724 0.1000000015
86945  -43.711  18.739  55.643 0.1000000015
87569  -45.571  19.458  56.244 0.1000000015
88262  -46.726  20.966  55.818 0.1000000015
90108  -46.087  24.094  55.761 0.1000000015
90100  -46.100  23.432  55.865 0.1000000015
110897  -46.887  22.409  54.542 0.1000000015
86942  -40.675  18.478  55.250 0.1000000015
86944  -42.730  18.520  55.404 0.1000000015
87581  -43.104  19.238  55.006 0.1000000015
129903  -45.053  19.758  55.829 0.1000000015
88260  -44.919  20.482  55.591 0.1000000015
88261  -45.778  20.255  55.939 0.1000000015
88881  -46.437  21.985  55.676 0.1000000015
89496  -45.934  23.103  55.897 0.1000000015
89497  -46.144  22.744  55.840 0.1000000015
89506  -46.525  22.785  55.496 0.1000000015
87580  -42.163  19.033  54.877 0.1000000015
87582  -44.120  19.662  55.385 0.1000000015
87579  -39.223  18.800  55.102 0.1000000015
86950  -40.658  19.345  54.672 0.1000000015
86941  -39.857  19.020  54.868 0.1000000015
86951  -41.368  18.936  54.888 0.1000000015
111903  -45.799  21.260  55.790 0.1000000015
109803  -46.338  21.448  55.803 0.1000000015
88255  -46.418  20.692  55.982 0.1000000015
88273  -44.720  21.337  55.378 0.1000000015
87592  -41.491  19.631  54.566 0.1000000015
88880  -46.113  22.167  55.849 0.1000000015
87594  -43.312  19.962  54.789 0.1000000015
111159  -40.819  20.164  54.378 0.1000000015
87593  -42.409  19.846  54.589 0.1000000015
88272  -43.961  20.580  55.029 0.1000000015
109050  -40.995  20.962  54.118 0.1000000015
109975  -38.905  22.201  53.594 0.1000000015
88899  -40.198  22.037  53.661 0.1000000015
88898  -39.440  21.586  53.741 0.1000000015
88269  -40.315  20.627  54.229 0.1000000015
88270  -41.707  20.499  54.374 0.1000000015
89512  -39.524  22.477  53.583 0.1000000015
88900  -40.975  21.774  53.860 0.1000000015
88890  -42.896  21.706  54.514 0.1000000015
109401  -41.931  21.547  54.274 0.1000000015
89514  -41.634  22.444  54.000 0.1000000015
88891  -43.710  21.425  54.837 0.1000000015
89503  -42.736  22.590  54.405 0.1000000015
86997  -47.392  19.121  49.423 0.1000000015
87654  -49.208  19.985  48.929 0.1000000015
119085  -45.387  18.614  49.724 0.1000000015
130325  -46.651  19.376  49.012 0.1000000015
90740  -45.606  24.845  52.873 0.1000000015
86996  -46.111  19.080  49.289 0.1000000015
111874  -48.373  21.879  49.836 0.1000000015
87652  -47.223  19.716  48.671 0.1000000015
88932  -49.309  20.883  48.200 0.1000000015
81838  -41.284  11.272  57.769 0.1000000015
81829  -41.897  11.720  58.293 0.1000000015
120898  -38.885  16.910  49.562 0.1000000015
86326  -38.049  16.962  49.520 0.1000000015
111515  -44.014  13.081  58.723 0.1000000015
85629  -37.508  16.283  49.429 0.2000000030
88327  -49.109  20.370  48.457 0.1000000015
88953  -49.190  21.377  47.417 0.1000000015
87605  -49.548  19.044  50.837 0.1000000015
88928  -49.089  21.498  49.166 0.1000000015
84822  -46.901  15.894  58.689 0.1000000015
88284  -48.779  20.161  51.963 0.1000000015
90737  -45.781  24.755  54.169 0.1000000015
87584  -46.852  20.122  56.234 0.1000000015
89513  -40.134  22.726  53.588 0.1000000015
120397  -39.728  5.256  58.325 0.2000000030
77993  -41.930  5.590  59.125 0.2000000030
77991  -40.535  5.579  58.655 0.2000000030
79508  -41.059  6.889  58.938 0.2000000030
78752  -41.889  6.369  59.280 0.2000000030
79518  -39.726  7.689  57.640 0.2000000030
78761  -40.331  6.257  58.756 0.2000000030
78751  -41.129  5.888  59.106 0.2000000030
78003  -39.603  5.716  58.519 0.2000000030
79519  -40.377  7.491  58.230 0.2000000030
78004  -40.838  5.306  58.466 0.2000000030
79509  -41.757  7.400  59.099 0.2000000030
78005  -41.784  5.464  58.681 0.2000000030
77199  -39.130  4.692  58.228 0.2000000030
112473  -39.637  6.661  58.338 0.2000000030
117393  -33.811  4.814  56.659 0.1000000015
77208  -36.600  4.796  57.331 0.1000000015
77210  -37.690  4.443  57.759 0.1000000015
117024  -32.451  7.231  56.267 0.1000000015
124234  -32.709  5.806  56.513 0.1000000015
77206  -33.512  5.624  56.591 0.1000000015
78011  -34.147  6.319  56.517 0.1000000015
77207  -34.483  5.306  56.828 0.1000000015
78012  -35.223  5.776  56.962 0.1000000015
77195  -36.200  5.328  57.411 0.1000000015
127748  -37.204  5.961  57.774 0.1000000015
78002  -37.936  5.758  58.138 0.1000000015
77197  -37.676  4.566  58.015 0.1000000015
77198  -38.349  4.477  58.145 0.1000000015
80312  -35.062  9.400  55.469 0.1000000015
80313  -36.518  9.494  55.572 0.1000000015
78769  -34.309  7.203  56.202 0.1000000015
78782  -35.025  7.677  55.976 0.1000000015
79526  -35.988  7.731  56.150 0.1000000015
79528  -37.736  7.894  56.584 0.1000000015
80299  -39.388  8.523  56.847 0.1000000015
78771  -36.544  6.727  57.033 0.1000000015
79517  -39.067  7.343  57.553 0.1000000015
79544  -37.199  8.740  55.881 0.1000000015
115628  -42.093  8.308  58.840 0.1000000015
77209  -37.252  4.539  57.697 0.1000000015
80287  -40.154  8.488  57.351 0.1000000015
119054  -38.782  5.110  58.353 0.1000000015
78760  -38.843  6.169  58.299 0.1000000015
77196  -37.075  4.825  57.868 0.1000000015
78010  -33.044  6.464  56.401 0.1000000015
77205  -32.919  5.074  56.535 0.1000000015
119264  -35.051  6.693  56.525 0.1000000015
78013  -35.903  6.207  57.113 0.1000000015
78000  -36.737  5.631  57.649 0.1000000015
126205  -37.388  6.857  57.358 0.1000000015
78001  -37.418  5.089  58.113 0.1000000015
128876  -37.999  4.834  58.216 0.1000000015
79542  -35.467  8.549  55.652 0.1000000015
116433  -35.795  9.247  55.515 0.1000000015
123833  -36.531  10.290  55.568 0.1000000015
79543  -36.345  8.586  55.754 0.1000000015
78781  -34.039  7.951  55.800 0.1000000015
78770  -35.682  7.028  56.529 0.1000000015
79527  -36.887  7.762  56.398 0.1000000015
78772  -38.228  7.027  57.534 0.1000000015
79529  -38.558  8.114  56.725 0.1000000015
66484  -50.718  -7.891  56.584 0.1000000015
66501  -54.416  -7.186  55.513 0.1000000015
68146  -55.288  -5.356  56.276 0.1000000015
69740  -39.799  -3.323  52.989 0.1000000015
70521  -54.724  -2.670  55.981 0.1000000015
70592  -45.645  -2.696  50.585 0.1000000015
72178  -33.795  -0.223  66.480 0.1000000015
72232  -28.687  -0.774  59.061 0.1000000015
72253  -28.500  -1.753  56.884 0.1000000015
72262  -28.450  0.465  56.796 0.1000000015
74154  -43.897  1.631  31.683 0.1000000015
74155  -44.111  1.478  31.674 0.1000000015
75587  -51.039  3.235  56.172 0.1000000015
77992  -41.299  5.414  58.960 0.2000000030
78006  -42.556  5.735  58.851 0.2000000030
78144  -43.739  6.223  37.470 0.3000000119
78746  -44.580  7.447  59.548 0.3000000119
78753  -43.510  6.639  59.234 0.4000000060
78807  -44.490  7.445  48.936 0.8000000119
78886  -52.322  7.811  40.348 0.2000000030
79503  -44.214  7.870  59.686 0.3000000119
79505  -46.043  8.079  59.882 0.3000000119
79511  -43.244  8.011  59.382 0.2000000030
79531  -43.658  8.074  57.068 0.5000000000
79616  -41.238  8.334  42.623 0.6999999881
80271  -46.519  8.501  59.736 0.3000000119
80272  -48.178  9.388  59.519 0.3000000119
80280  -45.996  8.296  59.173 0.3000000119
80326  -42.220  9.925  53.475 0.6999999881
80334  -44.326  9.856  51.075 0.6999999881
80360  -46.427  9.957  46.717 0.6999999881
81043  -47.763  9.451  59.747 0.3000000119
81045  -49.303  10.091  59.420 0.3000000119
81050  -43.959  9.705  59.459 0.1000000015
81053  -49.522  9.815  59.096 0.3000000119
81064  -50.654  10.588  57.154 0.5000000000
81074  -48.580  10.303  57.578 0.3000000119
81077  -50.925  10.649  56.451 0.5000000000
81103  -44.967  10.975  54.867 0.6999999881
81104  -50.513  10.643  55.139 0.5000000000
81111  -52.270  11.026  53.200 0.6999999881
81114  -44.681  10.709  52.406 0.6999999881
81129  -47.691  10.708  50.207 0.6999999881
81140  -48.813  11.105  48.411 0.6000000238
81195  -43.180  10.753  42.771 0.6999999881
81202  -42.490  10.488  41.888 0.6999999881
81207  -42.402  10.664  41.084 0.8000000119
81832  -49.798  10.471  58.841 0.4000000060
81852  -48.721  10.633  56.598 0.5000000000
81866  -51.763  10.997  55.378 0.4000000060
81873  -45.569  11.225  54.455 0.6999999881
81884  -50.067  10.984  52.897 0.6999999881
81888  -45.245  11.107  52.937 0.6000000238
81894  -52.451  11.290  52.482 0.6999999881
81913  -49.487  10.995  49.616 0.6000000238
81916  -52.311  11.709  50.373 0.8000000119
81917  -52.492  11.974  50.677 0.6999999881
82009  -40.126  11.545  37.393 0.1000000015
82605  -48.091  11.914  59.510 0.3000000119
82662  -52.478  12.063  50.690 0.6999999881
82725  -46.933  12.861  42.483 0.8999999762
83350  -49.530  13.131  57.461 0.3000000119
83396  -45.271  13.480  49.681 0.5000000000
83411  -41.680  13.722  48.561 0.4000000060
83420  -52.437  12.976  47.826 0.8000000119
83484  -49.327  14.329  41.604 0.8999999762
83491  -43.796  13.119  40.407 0.8999999762
84091  -48.644  14.950  57.615 0.2000000030
84227  -50.241  14.547  42.546 1.0000000000
84291  -44.547  14.813  33.565 0.6000000238
84941  -46.708  15.475  43.155 0.8000000119
84960  -49.962  15.277  42.236 1.0000000000
84994  -47.987  17.119  38.379 1.0000000000
85000  -39.968  16.648  36.996 0.6000000238
85009  -41.269  16.703  35.909 0.6999999881
85565  -46.224  16.481  58.392 0.1000000015
85567  -47.178  16.686  58.589 0.1000000015
85580  -48.153  16.867  57.891 0.1000000015
85607  -44.607  16.523  51.333 0.2000000030
85693  -44.931  16.998  40.048 0.8000000119
85697  -48.722  16.600  39.715 1.0000000000
85724  -45.374  17.617  35.997 0.8000000119
85737  -44.309  16.490  34.337 0.8000000119
86253  -46.917  18.120  58.069 0.1000000015
86278  -41.310  17.771  55.843 0.1000000015
86279  -42.288  17.910  55.842 0.1000000015
86364  -46.975  17.766  39.035 0.8999999762
86389  -46.643  17.955  38.064 0.8000000119
86395  -39.948  17.360  37.659 0.6000000238
86401  -45.741  18.008  37.042 0.8000000119
86416  -44.403  17.636  35.436 0.6999999881
86923  -46.924  18.538  57.456 0.1000000015
86929  -44.199  18.193  56.331 0.1000000015
86933  -47.341  18.734  56.999 0.1000000015
86975  -45.691  18.200  50.260 0.1000000015
86998  -48.737  19.228  49.811 0.1000000015
88271  -42.821  20.788  54.550 0.1000000015
88287  -49.395  19.585  51.243 0.1000000015
88318  -39.536  19.926  48.294 0.1000000015
88345  -43.407  20.726  47.423 0.1000000015
88889  -40.265  21.276  53.930 0.1000000015
88892  -46.881  22.122  55.197 0.1000000015
88952  -48.830  21.217  46.995 0.1000000015
88971  -47.482  21.627  46.069 0.1000000015
90109  -46.388  23.503  55.301 0.1000000015
90124  -45.908  23.990  53.493 0.1000000015
91918  -45.127  27.180  56.016 0.1000000015
91939  -45.538  27.137  53.778 0.1000000015
109695  -44.795  13.518  49.150 0.5000000000
110361  -49.348  20.846  49.517 0.1000000015
111288  -43.482  22.134  54.731 0.1000000015
113897  -50.315  12.844  44.940 0.8999999762
114316  -44.764  7.583  59.717 0.3000000119
114928  -46.757  -1.837  48.165 0.1000000015
117750  -46.813  16.775  37.826 0.8999999762
118376  -52.547  -7.663  56.540 0.1000000015
119101  -47.260  17.185  40.182 0.8999999762
120343  -43.076  15.867  50.706 0.2000000030
121326  -47.058  9.113  59.973 0.3000000119
121347  -48.575  15.690  42.619 0.8999999762
121847  -44.563  14.590  38.140 0.8000000119
123882  -45.850  1.921  43.058 0.1000000015
124952  -40.761  18.275  49.414 0.1000000015
125203  -48.263  11.016  51.396 0.6000000238
125469  -48.159  18.163  54.645 0.1000000015
126848  -43.454  17.851  36.638 0.6999999881
127668  -45.543  5.768  37.252 0.3000000119
128240  -52.374  13.078  47.316 0.8000000119
128416  -40.034  19.479  48.630 0.1000000015
128451  -48.717  16.338  39.497 1.0000000000
128758  -45.647  15.985  58.293 0.1000000015
128824  -44.525  13.700  58.732 0.1000000015
129065  -50.204  10.538  58.314 0.4000000060
129396  -40.638  8.420  57.705 0.1000000015
130143  -47.374  21.003  54.508 0.1000000015
131148  -40.468  5.869  43.304 0.5000000000
131375  -41.787  -1.368  57.699 0.1000000015
