#!ascii label  , from subject sub-v1s6x0051606_ses-1 vox2ras=TkReg
5342
1970  -21.922  -83.685  9.400 0.0000000000
20850  -6.400  -59.253  -1.322 0.0000000000
28749  -31.052  -51.451  12.745 0.0000000000
6006  -13.825  -75.976  -21.118 0.0000000000
31473  -12.457  -48.897  10.278 0.0000000000
19636  -13.522  -60.513  18.544 0.0000000000
786  -13.973  -86.153  15.717 0.0000000000
2616  -27.405  -83.647  -8.669 0.0000000000
16963  -10.521  -64.122  -16.320 0.0000000000
31410  -25.006  -48.177  17.297 0.0000000000
28697  -27.195  -51.990  16.735 0.0000000000
124358  -27.141  -43.516  10.402 0.0000000000
35962  -15.649  -43.207  8.950 0.0000000000
12813  -8.493  -67.595  18.544 0.0000000000
110940  -16.369  -74.101  19.350 0.0000000000
125883  -7.544  -74.633  9.368 0.0000000000
4470  -11.207  -78.319  15.158 0.0000000000
3438  -15.987  -80.913  9.029 0.0000000000
562  -17.760  -88.358  6.655 0.0000000000
2531  -22.737  -83.037  -1.685 0.0000000000
2142  -20.695  -84.269  -9.780 0.0000000000
116194  -26.448  -82.256  -2.159 0.0000000000
2952  -30.013  -81.111  3.828 0.0000000000
20792  -5.285  -58.735  4.829 0.0000000000
121734  -6.559  -53.679  8.167 0.0000000000
21793  -9.402  -58.518  2.286 0.0000000000
125483  -12.550  -73.176  -13.633 0.0000000000
12299  -10.118  -68.672  -20.606 0.0000000000
16020  -15.087  -63.977  -17.726 0.0000000000
129886  -32.699  -74.025  -9.728 0.0000000000
9494  -23.517  -71.952  -14.572 0.0000000000
12201  -30.140  -68.623  -12.891 0.0000000000
34146  -31.436  -44.918  14.554 0.0000000000
112580  -17.309  -74.030  -14.844 0.0000000000
9554  -20.307  -71.991  -24.142 0.0000000000
23765  -24.519  -56.197  11.390 0.0000000000
112933  -20.207  -57.445  16.357 0.0000000000
15576  -19.299  -64.316  15.364 0.0000000000
118756  -10.478  -64.667  13.083 0.0000000000
1445  -9.667  -84.414  20.660 0.0000000000
527  -10.821  -87.587  10.572 0.0000000000
5194  -30.815  -78.049  -3.883 0.0000000000
5879  -36.225  -76.376  -8.668 0.0000000000
25679  -11.070  -54.323  13.778 0.0000000000
17842  -8.026  -62.261  -8.947 0.0000000000
17832  -13.079  -62.531  -8.836 0.0000000000
14877  -11.092  -65.365  -2.453 0.0000000000
28738  -25.201  -51.450  12.993 0.0000000000
123944  -12.630  -71.877  21.931 0.0000000000
6236  -15.546  -75.855  22.398 0.0000000000
6913  -10.290  -74.836  19.003 0.0000000000
5616  -9.706  -76.947  21.714 0.0000000000
1951  -18.412  -84.061  11.276 0.0000000000
3965  -18.485  -79.265  11.713 0.0000000000
2454  -18.616  -82.592  7.193 0.0000000000
2485  -20.771  -83.146  4.958 0.0000000000
119887  -22.861  -80.412  4.234 0.0000000000
3555  -24.521  -79.898  -2.312 0.0000000000
2493  -24.663  -82.484  3.505 0.0000000000
19856  -4.500  -59.907  -0.514 0.0000000000
21792  -6.021  -58.628  2.347 0.0000000000
21760  -8.880  -58.689  5.181 0.0000000000
18779  -7.956  -61.995  2.434 0.0000000000
9472  -16.115  -70.995  -11.996 0.0000000000
12238  -13.603  -68.655  -16.000 0.0000000000
13161  -17.266  -67.237  -14.114 0.0000000000
9424  -35.158  -71.859  -7.078 0.0000000000
9447  -29.801  -71.303  -9.166 0.0000000000
11176  -33.745  -70.120  -9.866 0.0000000000
30553  -30.346  -47.887  18.317 0.0000000000
122673  -28.795  -46.168  19.005 0.0000000000
31468  -31.201  -47.462  12.485 0.0000000000
32411  -30.739  -45.800  9.564 0.0000000000
4803  -14.986  -78.870  -17.987 0.0000000000
5344  -16.243  -77.318  -15.173 0.0000000000
7264  -14.733  -74.620  -18.175 0.0000000000
10346  -25.017  -70.204  -17.913 0.0000000000
9538  -22.206  -71.415  -20.228 0.0000000000
10381  -23.702  -70.236  -23.291 0.0000000000
119503  -13.580  -45.654  10.359 0.0000000000
36853  -13.346  -42.082  10.066 0.0000000000
35088  -11.469  -45.044  9.041 0.0000000000
22593  -15.561  -56.791  19.020 0.0000000000
20693  -17.636  -59.791  17.363 0.0000000000
17519  -16.445  -63.325  18.628 0.0000000000
17544  -13.936  -62.838  15.044 0.0000000000
11867  -13.495  -68.502  16.289 0.0000000000
13755  -8.283  -66.559  15.506 0.0000000000
12861  -14.981  -67.316  13.798 0.0000000000
723  -10.725  -87.165  23.408 0.0000000000
270  -11.596  -88.773  18.684 0.0000000000
123173  -9.530  -85.911  15.913 0.0000000000
108  -12.366  -88.919  13.949 0.0000000000
399  -20.521  -89.032  -0.907 0.0000000000
109182  -18.098  -90.361  3.610 0.0000000000
1309  -24.028  -85.518  -8.733 0.0000000000
869  -28.488  -86.572  4.296 0.0000000000
4042  -33.887  -80.257  2.696 0.0000000000
119162  -32.835  -82.195  1.185 0.0000000000
4099  -34.808  -79.602  -2.256 0.0000000000
4701  -33.987  -78.179  -6.400 0.0000000000
4677  -37.170  -78.824  -4.044 0.0000000000
6499  -40.002  -75.526  -6.270 0.0000000000
5187  -39.136  -77.570  -1.585 0.0000000000
111029  -24.559  -59.266  15.658 0.0000000000
24709  -8.102  -55.217  14.055 0.0000000000
27868  -6.909  -52.399  5.248 0.0000000000
28799  -9.021  -51.449  8.108 0.0000000000
126073  -9.350  -64.331  -20.614 0.0000000000
15030  -5.661  -65.100  -20.613 0.0000000000
16004  -8.038  -64.753  -16.876 0.0000000000
125120  -7.434  -61.350  -13.286 0.0000000000
15954  -9.372  -64.810  -12.573 0.0000000000
15881  -13.111  -64.321  -5.579 0.0000000000
16865  -14.994  -64.192  -2.478 0.0000000000
18831  -10.600  -61.850  -3.656 0.0000000000
30543  -26.010  -49.477  16.237 0.0000000000
27754  -30.437  -52.086  16.021 0.0000000000
109644  -29.462  -40.544  13.100 0.0000000000
111998  -26.693  -40.459  11.212 0.0000000000
38579  -23.776  -40.490  10.332 0.0000000000
121678  -21.440  -40.132  9.104 0.0000000000
39371  -18.455  -39.781  8.661 0.0000000000
30556  -13.046  -49.050  12.564 0.0000000000
13705  -8.693  -66.074  22.292 0.0000000000
10806  -13.023  -69.878  19.003 0.0000000000
8421  -15.518  -72.070  15.900 0.0000000000
8393  -8.704  -72.998  16.085 0.0000000000
5677  -8.253  -76.824  12.255 0.0000000000
3975  -9.210  -79.883  8.996 0.0000000000
3925  -16.569  -79.531  14.750 0.0000000000
110537  -14.783  -83.129  12.502 0.0000000000
820  -14.369  -86.859  10.109 0.0000000000
121303  -15.546  -84.290  6.554 0.0000000000
1215  -21.610  -85.731  2.991 0.0000000000
1282  -21.954  -86.039  -4.821 0.0000000000
3081  -20.451  -81.552  -6.585 0.0000000000
3083  -23.305  -81.147  -6.648 0.0000000000
114367  -27.289  -82.747  -6.282 0.0000000000
124068  -26.950  -83.213  6.374 0.0000000000
4586  -27.799  -78.097  4.482 0.0000000000
119312  -5.726  -58.971  9.495 0.0000000000
24768  -6.220  -55.685  11.491 0.0000000000
23825  -6.851  -57.035  7.639 0.0000000000
24846  -8.041  -55.617  5.242 0.0000000000
24853  -6.554  -55.416  2.025 0.0000000000
116644  -10.607  -76.215  -14.302 0.0000000000
7274  -9.893  -73.727  -17.508 0.0000000000
10332  -11.548  -70.939  -17.453 0.0000000000
14116  -12.635  -66.454  -20.438 0.0000000000
17976  -12.209  -61.809  -19.502 0.0000000000
123502  -27.377  -72.804  -10.697 0.0000000000
11248  -26.671  -69.498  -13.542 0.0000000000
12276  -28.396  -68.857  -17.455 0.0000000000
36810  -27.544  -41.994  15.783 0.0000000000
35067  -31.104  -43.777  10.613 0.0000000000
529  -18.829  -87.523  12.083 0.0000000000
835  -22.814  -86.871  8.119 0.0000000000
131  -21.815  -90.470  11.877 0.0000000000
20882  -4.683  -58.838  -4.284 0.0000000000
5301  -13.381  -77.666  -13.113 0.0000000000
6555  -15.644  -75.691  -11.894 0.0000000000
130714  -18.609  -72.678  -10.822 0.0000000000
7994  -21.116  -73.763  -16.126 0.0000000000
125558  -19.131  -73.623  -21.473 0.0000000000
8026  -16.250  -73.625  -23.260 0.0000000000
12318  -20.366  -69.017  -20.924 0.0000000000
11360  -16.624  -69.195  -21.924 0.0000000000
9531  -14.604  -71.897  -19.832 0.0000000000
10335  -17.195  -70.713  -16.052 0.0000000000
26708  -23.776  -53.472  13.171 0.0000000000
25662  -23.105  -54.531  15.537 0.0000000000
23742  -22.011  -57.189  13.508 0.0000000000
19687  -21.360  -60.116  12.171 0.0000000000
110496  -18.792  -57.359  18.517 0.0000000000
18574  -19.807  -60.998  15.699 0.0000000000
24667  -12.100  -54.883  21.194 0.0000000000
19632  -8.960  -60.292  18.287 0.0000000000
16550  -11.429  -63.818  17.558 0.0000000000
1815  -10.872  -83.030  25.870 0.0000000000
3283  -9.761  -79.782  23.520 0.0000000000
2818  -10.554  -81.224  18.237 0.0000000000
114673  -9.541  -82.382  13.040 0.0000000000
1175  -9.932  -85.535  5.924 0.0000000000
109881  -14.646  -90.870  9.223 0.0000000000
579  -13.323  -87.576  4.913 0.0000000000
119447  -24.804  -85.567  2.562 0.0000000000
1665  -26.418  -85.763  -3.080 0.0000000000
117929  -29.769  -83.768  -5.460 0.0000000000
2542  -31.597  -82.557  -3.174 0.0000000000
3614  -29.406  -80.494  -7.104 0.0000000000
5273  -30.035  -77.891  -8.971 0.0000000000
7929  -36.738  -74.024  -11.386 0.0000000000
7871  -40.196  -73.070  -8.244 0.0000000000
24737  -26.087  -55.063  14.356 0.0000000000
23691  -28.591  -56.054  17.520 0.0000000000
28744  -12.103  -51.819  12.927 0.0000000000
27770  -7.507  -52.554  12.004 0.0000000000
25745  -12.395  -54.699  11.498 0.0000000000
21891  -5.355  -58.739  -8.837 0.0000000000
18860  -7.507  -61.039  -5.495 0.0000000000
20087  -10.692  -61.215  -14.815 0.0000000000
20005  -9.721  -59.906  -10.061 0.0000000000
17891  -12.127  -63.090  -12.733 0.0000000000
115360  -11.037  -64.473  -9.071 0.0000000000
15886  -9.052  -63.933  -5.855 0.0000000000
16858  -7.615  -63.610  -1.840 0.0000000000
112304  -9.430  -61.836  -0.527 0.0000000000
21828  -8.428  -58.332  -2.049 0.0000000000
29614  -23.018  -50.319  13.710 0.0000000000
129283  -23.917  -51.517  13.561 0.0000000000
5006  -13.466  -77.319  21.844 0.0000000000
1539  -18.433  -85.464  9.818 0.0000000000
1967  -18.153  -83.776  9.112 0.0000000000
1984  -19.480  -84.122  7.790 0.0000000000
2924  -20.937  -81.977  6.877 0.0000000000
2927  -22.681  -81.197  7.070 0.0000000000
2950  -24.212  -81.278  3.904 0.0000000000
119901  -23.809  -82.579  6.054 0.0000000000
21815  -4.757  -58.734  -1.037 0.0000000000
21801  -4.734  -58.824  0.788 0.0000000000
125790  -6.406  -59.153  0.103 0.0000000000
115711  -7.041  -59.974  1.637 0.0000000000
19836  -7.177  -60.996  0.298 0.0000000000
11206  -17.836  -69.763  -11.675 0.0000000000
11243  -16.339  -69.184  -13.259 0.0000000000
13138  -18.480  -68.258  -12.027 0.0000000000
29634  -31.207  -49.855  14.533 0.0000000000
124809  -31.189  -47.332  15.099 0.0000000000
30561  -31.158  -49.353  12.387 0.0000000000
30568  -31.037  -49.029  10.794 0.0000000000
4236  -15.657  -79.085  -18.648 0.0000000000
5365  -14.374  -77.371  -18.933 0.0000000000
122844  -15.130  -76.723  -18.199 0.0000000000
7277  -13.749  -75.012  -19.495 0.0000000000
11333  -26.626  -70.057  -20.185 0.0000000000
10369  -24.519  -70.830  -21.027 0.0000000000
11355  -26.122  -70.188  -22.158 0.0000000000
32397  -12.635  -48.037  10.813 0.0000000000
34167  -12.593  -45.429  9.824 0.0000000000
32406  -12.350  -47.434  9.418 0.0000000000
32435  -12.226  -46.945  8.470 0.0000000000
31503  -12.461  -48.393  9.141 0.0000000000
20690  -14.572  -59.080  18.048 0.0000000000
19638  -15.264  -60.444  18.183 0.0000000000
121126  -15.173  -62.120  18.900 0.0000000000
16565  -15.152  -63.958  16.494 0.0000000000
15537  -13.646  -64.164  18.283 0.0000000000
10829  -17.360  -69.310  15.414 0.0000000000
12836  -14.147  -68.071  15.046 0.0000000000
1478  -13.941  -84.280  17.127 0.0000000000
130149  -12.557  -87.878  20.221 0.0000000000
501  -13.121  -87.680  17.403 0.0000000000
277  -11.903  -88.545  16.914 0.0000000000
507  -13.527  -87.475  15.537 0.0000000000
112963  -20.701  -89.159  -3.808 0.0000000000
1721  -25.548  -84.718  -8.736 0.0000000000
1729  -23.895  -85.000  -10.292 0.0000000000
2625  -24.851  -82.866  -9.771 0.0000000000
3105  -25.638  -81.503  -9.541 0.0000000000
125155  -26.440  -86.081  7.028 0.0000000000
118477  -35.633  -79.255  1.118 0.0000000000
3511  -35.323  -80.438  1.295 0.0000000000
114735  -36.145  -79.962  -0.529 0.0000000000
4649  -36.275  -79.486  -2.832 0.0000000000
129715  -37.862  -79.305  -1.684 0.0000000000
122129  -39.705  -77.989  -2.276 0.0000000000
19698  -6.434  -60.298  11.262 0.0000000000
23721  -9.593  -56.249  14.034 0.0000000000
22653  -7.358  -56.773  13.545 0.0000000000
16030  -9.584  -64.367  -18.983 0.0000000000
15013  -8.715  -65.796  -18.413 0.0000000000
14997  -9.274  -65.976  -16.968 0.0000000000
15977  -8.294  -64.521  -14.883 0.0000000000
14974  -10.734  -65.581  -14.719 0.0000000000
29631  -26.524  -50.735  14.264 0.0000000000
30542  -25.048  -49.125  14.603 0.0000000000
29601  -26.943  -50.061  16.407 0.0000000000
29603  -28.959  -49.701  18.659 0.0000000000
27735  -29.318  -51.424  18.315 0.0000000000
122547  -18.513  -75.545  -18.948 0.0000000000
36846  -28.969  -41.628  11.352 0.0000000000
118439  -27.939  -40.035  11.656 0.0000000000
36858  -27.169  -42.204  11.056 0.0000000000
110470  -23.920  -41.881  10.137 0.0000000000
129587  -22.947  -41.306  9.778 0.0000000000
39341  -22.453  -39.992  9.833 0.0000000000
37792  -21.305  -41.586  9.083 0.0000000000
37791  -20.658  -41.427  8.735 0.0000000000
8346  -14.941  -72.366  20.727 0.0000000000
9104  -12.674  -71.163  20.757 0.0000000000
9116  -14.969  -71.410  19.617 0.0000000000
9940  -16.017  -70.631  18.280 0.0000000000
7645  -16.405  -72.883  17.229 0.0000000000
8418  -12.728  -72.269  16.043 0.0000000000
7630  -13.205  -73.687  17.479 0.0000000000
5032  -9.191  -77.376  17.001 0.0000000000
5656  -8.486  -76.186  16.117 0.0000000000
111898  -9.605  -77.364  14.117 0.0000000000
4524  -9.749  -77.954  10.755 0.0000000000
110617  -10.874  -78.957  11.965 0.0000000000
4492  -20.283  -78.459  14.350 0.0000000000
3971  -17.777  -79.553  10.375 0.0000000000
3940  -17.565  -78.777  13.164 0.0000000000
3391  -15.990  -80.647  11.791 0.0000000000
2865  -15.435  -81.723  13.830 0.0000000000
2425  -15.274  -81.916  10.769 0.0000000000
1966  -14.658  -83.562  9.447 0.0000000000
2453  -15.496  -82.228  7.311 0.0000000000
122062  -21.766  -83.108  2.800 0.0000000000
1599  -21.110  -84.721  4.149 0.0000000000
1629  -22.063  -84.208  0.576 0.0000000000
114277  -21.740  -86.009  -1.074 0.0000000000
1673  -22.537  -84.415  -3.674 0.0000000000
1689  -20.941  -84.086  -5.682 0.0000000000
2086  -22.550  -82.911  -4.252 0.0000000000
3545  -25.381  -80.310  -1.815 0.0000000000
4125  -23.391  -79.672  -4.790 0.0000000000
3582  -25.353  -80.356  -4.328 0.0000000000
109105  -25.655  -82.461  -6.485 0.0000000000
118571  -26.295  -81.543  -4.344 0.0000000000
2905  -28.780  -81.447  9.241 0.0000000000
19774  -5.235  -59.413  4.119 0.0000000000
18721  -5.511  -60.873  5.888 0.0000000000
125096  -5.654  -60.513  8.241 0.0000000000
21721  -5.534  -58.870  7.580 0.0000000000
119469  -5.896  -57.375  8.036 0.0000000000
22784  -6.126  -57.498  6.526 0.0000000000
21783  -9.258  -58.782  4.291 0.0000000000
22809  -9.188  -57.670  5.622 0.0000000000
22845  -8.980  -57.360  3.656 0.0000000000
24850  -6.988  -55.729  3.680 0.0000000000
23881  -8.295  -57.149  1.554 0.0000000000
6561  -11.445  -75.137  -13.848 0.0000000000
7991  -10.949  -73.338  -16.329 0.0000000000
8703  -11.944  -72.215  -15.142 0.0000000000
116549  -13.326  -67.382  -17.702 0.0000000000
16054  -13.144  -63.753  -21.024 0.0000000000
17005  -14.600  -62.876  -19.175 0.0000000000
123692  -31.572  -73.832  -11.414 0.0000000000
120897  -29.257  -73.460  -12.314 0.0000000000
7907  -30.253  -73.838  -10.001 0.0000000000
11192  -30.155  -69.665  -10.738 0.0000000000
11190  -28.338  -69.812  -10.687 0.0000000000
12199  -28.680  -68.866  -12.566 0.0000000000
12225  -27.101  -68.750  -14.998 0.0000000000
34137  -30.353  -44.545  18.032 0.0000000000
34127  -27.606  -44.469  17.865 0.0000000000
35051  -29.393  -43.914  17.931 0.0000000000
114067  -30.986  -42.812  15.784 0.0000000000
35931  -30.802  -41.972  14.809 0.0000000000
116766  -31.725  -44.294  12.640 0.0000000000
139  -20.783  -89.742  11.955 0.0000000000
4197  -13.629  -79.452  -14.017 0.0000000000
6569  -16.921  -75.670  -14.880 0.0000000000
5320  -16.198  -77.016  -13.650 0.0000000000
113958  -17.332  -75.258  -12.780 0.0000000000
7203  -16.704  -74.420  -11.455 0.0000000000
7935  -18.576  -73.666  -12.218 0.0000000000
8707  -22.125  -72.917  -15.068 0.0000000000
8748  -21.225  -72.223  -22.854 0.0000000000
8739  -20.806  -72.061  -20.513 0.0000000000
8028  -20.144  -73.406  -23.010 0.0000000000
7303  -18.623  -74.945  -23.167 0.0000000000
8750  -17.904  -72.749  -24.042 0.0000000000
13246  -16.752  -67.668  -21.879 0.0000000000
12304  -16.039  -68.767  -20.628 0.0000000000
110871  -15.488  -70.194  -20.938 0.0000000000
11316  -15.922  -69.713  -18.743 0.0000000000
9515  -15.517  -71.244  -17.878 0.0000000000
11290  -17.429  -69.482  -16.707 0.0000000000
37802  -17.634  -41.574  8.488 0.0000000000
38577  -13.433  -40.613  10.478 0.0000000000
113152  -22.608  -53.424  17.399 0.0000000000
125322  -21.325  -56.599  16.919 0.0000000000
23687  -22.104  -56.356  15.893 0.0000000000
22634  -21.218  -57.596  15.088 0.0000000000
21684  -21.307  -58.491  12.305 0.0000000000
21670  -20.701  -59.050  13.539 0.0000000000
21614  -18.593  -57.912  19.624 0.0000000000
119986  -18.639  -62.413  17.685 0.0000000000
19654  -19.045  -60.235  16.936 0.0000000000
128586  -20.151  -62.883  15.790 0.0000000000
16528  -7.491  -63.339  19.578 0.0000000000
14641  -8.709  -65.566  14.661 0.0000000000
16547  -8.214  -63.356  17.197 0.0000000000
16560  -9.047  -64.423  15.991 0.0000000000
121788  -10.104  -61.936  17.998 0.0000000000
128725  -10.528  -63.601  15.054 0.0000000000
16593  -11.888  -62.775  14.678 0.0000000000
15631  -11.885  -63.872  12.279 0.0000000000
732  -9.772  -86.447  22.431 0.0000000000
1398  -10.534  -85.054  24.668 0.0000000000
1832  -10.175  -83.514  23.731 0.0000000000
116178  -10.160  -81.690  24.959 0.0000000000
113474  -10.393  -82.012  22.034 0.0000000000
115226  -10.608  -80.624  21.137 0.0000000000
1882  -9.784  -82.990  19.786 0.0000000000
798  -9.655  -87.031  12.939 0.0000000000
113255  -9.546  -83.902  14.275 0.0000000000
1524  -10.394  -84.638  11.342 0.0000000000
1965  -10.980  -83.636  9.288 0.0000000000
113125  -10.974  -86.694  7.864 0.0000000000
555  -15.762  -87.385  7.844 0.0000000000
325  -14.785  -88.559  10.099 0.0000000000
164  -16.853  -89.855  7.951 0.0000000000
389  -17.372  -89.339  2.237 0.0000000000
365  -15.634  -88.800  4.409 0.0000000000
876  -15.151  -86.816  3.056 0.0000000000
1320  -19.343  -85.287  -11.270 0.0000000000
558  -23.009  -88.740  7.279 0.0000000000
1187  -24.196  -86.169  5.142 0.0000000000
619  -25.717  -87.766  -0.719 0.0000000000
1255  -27.368  -86.489  -2.558 0.0000000000
2076  -28.366  -84.251  -4.060 0.0000000000
1667  -29.168  -84.506  -3.332 0.0000000000
2479  -27.632  -82.204  5.118 0.0000000000
1595  -28.970  -84.308  3.700 0.0000000000
2023  -30.667  -83.519  3.197 0.0000000000
3534  -31.850  -80.539  -0.611 0.0000000000
128981  -31.885  -82.106  -0.301 0.0000000000
3571  -30.838  -80.426  -2.861 0.0000000000
3583  -30.942  -81.161  -5.129 0.0000000000
4127  -29.849  -79.125  -5.378 0.0000000000
4712  -28.363  -78.121  -7.897 0.0000000000
5848  -30.174  -76.910  -5.991 0.0000000000
5249  -34.643  -77.446  -7.425 0.0000000000
5261  -33.186  -77.839  -8.435 0.0000000000
5288  -34.496  -77.733  -10.415 0.0000000000
7215  -35.885  -74.828  -12.630 0.0000000000
6537  -37.450  -75.616  -10.714 0.0000000000
7152  -40.980  -75.240  -4.275 0.0000000000
7174  -40.596  -73.699  -7.667 0.0000000000
7856  -42.157  -72.895  -6.334 0.0000000000
9425  -41.272  -71.751  -7.070 0.0000000000
25719  -23.802  -54.666  11.979 0.0000000000
25721  -25.745  -54.069  11.987 0.0000000000
23744  -25.593  -56.130  12.917 0.0000000000
22625  -25.927  -58.606  18.327 0.0000000000
110980  -29.342  -56.052  15.341 0.0000000000
25660  -12.711  -54.293  15.130 0.0000000000
27749  -12.883  -53.653  14.904 0.0000000000
27762  -12.636  -52.023  14.109 0.0000000000
27761  -12.384  -52.961  14.333 0.0000000000
25757  -6.249  -54.347  9.566 0.0000000000
26713  -6.112  -53.569  11.744 0.0000000000
121073  -6.618  -52.374  10.343 0.0000000000
27795  -10.304  -52.896  10.074 0.0000000000
26754  -12.329  -53.727  9.495 0.0000000000
25732  -14.006  -54.187  11.317 0.0000000000
9527  -9.755  -70.969  -19.149 0.0000000000
9513  -8.032  -71.628  -18.199 0.0000000000
11339  -8.034  -69.250  -20.078 0.0000000000
17872  -7.620  -61.816  -10.716 0.0000000000
20961  -6.599  -59.503  -11.173 0.0000000000
20004  -7.303  -60.510  -9.237 0.0000000000
20913  -6.897  -59.613  -7.432 0.0000000000
18886  -7.622  -61.219  -7.711 0.0000000000
18912  -10.553  -61.282  -9.204 0.0000000000
18947  -10.215  -62.010  -11.648 0.0000000000
17858  -13.081  -62.642  -10.577 0.0000000000
110685  -12.524  -64.527  -11.222 0.0000000000
15922  -13.324  -64.109  -9.257 0.0000000000
14894  -11.608  -65.373  -3.750 0.0000000000
124854  -11.297  -64.507  -5.483 0.0000000000
14892  -9.846  -65.414  -3.617 0.0000000000
112383  -8.105  -63.990  -3.754 0.0000000000
14882  -8.994  -65.383  -2.206 0.0000000000
130777  -8.784  -64.234  -0.355 0.0000000000
16854  -9.321  -64.451  -1.089 0.0000000000
20862  -8.979  -59.799  -3.375 0.0000000000
22908  -8.725  -57.732  -3.741 0.0000000000
29629  -24.567  -50.055  13.478 0.0000000000
113448  -27.080  -51.881  14.255 0.0000000000
7578  -13.902  -73.489  22.697 0.0000000000
129155  -16.187  -74.883  20.844 0.0000000000
6927  -13.350  -74.633  18.637 0.0000000000
128450  -13.729  -76.009  20.173 0.0000000000
6254  -10.434  -75.741  20.315 0.0000000000
5021  -9.325  -77.778  18.693 0.0000000000
2877  -20.095  -81.560  12.487 0.0000000000
3393  -19.858  -79.846  12.377 0.0000000000
2892  -19.597  -81.274  11.962 0.0000000000
117264  -18.684  -80.519  9.463 0.0000000000
3441  -18.207  -80.636  7.724 0.0000000000
2931  -16.982  -81.223  5.871 0.0000000000
2464  -18.731  -82.119  5.576 0.0000000000
111691  -21.547  -81.685  4.474 0.0000000000
2974  -22.388  -80.946  1.545 0.0000000000
124736  -23.378  -81.598  -1.468 0.0000000000
3519  -23.825  -80.573  0.543 0.0000000000
3509  -24.939  -80.743  1.087 0.0000000000
2517  -25.749  -82.339  0.994 0.0000000000
122288  -4.825  -59.495  2.089 0.0000000000
118231  -5.634  -58.432  3.710 0.0000000000
21758  -6.328  -57.981  4.692 0.0000000000
20818  -6.348  -58.613  3.455 0.0000000000
20820  -8.189  -60.082  3.967 0.0000000000
19805  -9.090  -60.761  2.798 0.0000000000
8687  -13.925  -72.093  -12.947 0.0000000000
9490  -13.239  -71.253  -14.241 0.0000000000
10316  -14.242  -69.976  -13.944 0.0000000000
113409  -15.632  -67.835  -14.583 0.0000000000
14989  -15.729  -65.767  -15.609 0.0000000000
7878  -33.391  -73.405  -8.354 0.0000000000
7876  -31.241  -73.261  -8.362 0.0000000000
9420  -32.046  -72.145  -7.821 0.0000000000
10265  -31.658  -70.490  -9.258 0.0000000000
11213  -31.596  -69.431  -11.393 0.0000000000
31433  -27.751  -48.581  17.966 0.0000000000
33270  -27.152  -46.761  18.127 0.0000000000
124280  -30.345  -46.997  18.405 0.0000000000
32383  -30.949  -46.756  17.106 0.0000000000
32386  -31.467  -45.566  13.711 0.0000000000
111238  -31.542  -44.961  11.787 0.0000000000
31478  -31.252  -46.832  11.376 0.0000000000
4206  -14.824  -79.362  -14.822 0.0000000000
4797  -15.534  -78.498  -17.037 0.0000000000
5961  -16.224  -76.565  -16.965 0.0000000000
7252  -16.456  -74.421  -16.404 0.0000000000
10337  -24.408  -70.818  -16.586 0.0000000000
9519  -23.335  -71.291  -17.076 0.0000000000
10362  -23.612  -70.875  -19.355 0.0000000000
9543  -23.211  -71.288  -21.977 0.0000000000
9556  -22.034  -70.693  -23.563 0.0000000000
35074  -14.294  -44.353  9.674 0.0000000000
118236  -14.286  -42.289  9.674 0.0000000000
124935  -13.436  -44.162  9.771 0.0000000000
35072  -12.251  -44.089  9.806 0.0000000000
35946  -11.665  -43.198  9.718 0.0000000000
22580  -16.803  -57.644  20.657 0.0000000000
131459  -17.038  -57.097  18.041 0.0000000000
22612  -16.255  -57.658  17.466 0.0000000000
18536  -16.857  -61.150  18.237 0.0000000000
15551  -17.951  -64.198  17.270 0.0000000000
16580  -16.309  -63.653  15.494 0.0000000000
17558  -15.358  -62.422  14.220 0.0000000000
11858  -11.306  -68.542  17.631 0.0000000000
13748  -8.353  -66.952  17.114 0.0000000000
12825  -11.115  -67.918  16.077 0.0000000000
12845  -11.953  -67.300  14.692 0.0000000000
13784  -12.086  -66.387  13.489 0.0000000000
745  -12.248  -87.278  21.628 0.0000000000
248  -10.901  -88.252  21.390 0.0000000000
765  -9.681  -86.744  19.304 0.0000000000
1093  -9.537  -84.942  18.045 0.0000000000
110946  -9.869  -87.374  17.910 0.0000000000
505  -10.199  -87.713  15.284 0.0000000000
302  -10.774  -88.556  12.729 0.0000000000
376  -20.063  -89.009  4.070 0.0000000000
180  -18.825  -90.458  6.041 0.0000000000
193  -20.431  -90.648  2.615 0.0000000000
1719  -22.283  -85.217  -8.831 0.0000000000
1321  -20.887  -86.316  -10.949 0.0000000000
120173  -22.590  -86.172  -10.199 0.0000000000
380  -27.460  -88.157  3.377 0.0000000000
3487  -31.553  -80.635  3.488 0.0000000000
2498  -33.061  -82.790  3.163 0.0000000000
2967  -34.355  -81.779  2.650 0.0000000000
3536  -33.619  -80.619  0.137 0.0000000000
4635  -32.533  -79.008  -2.261 0.0000000000
5206  -31.944  -77.599  -4.674 0.0000000000
4660  -33.954  -78.886  -3.726 0.0000000000
4689  -35.651  -78.648  -5.268 0.0000000000
5252  -37.124  -77.317  -6.516 0.0000000000
131098  -37.624  -76.428  -7.491 0.0000000000
5221  -38.549  -77.316  -5.408 0.0000000000
5830  -40.261  -76.729  -3.279 0.0000000000
7141  -39.320  -75.185  -3.637 0.0000000000
22682  -25.181  -57.609  13.441 0.0000000000
26665  -9.994  -54.274  14.108 0.0000000000
120901  -6.481  -53.250  6.088 0.0000000000
28779  -6.921  -51.823  8.399 0.0000000000
117241  -7.826  -51.478  7.131 0.0000000000
14143  -9.896  -66.734  -21.686 0.0000000000
13225  -7.093  -67.122  -20.849 0.0000000000
113654  -7.781  -64.732  -20.747 0.0000000000
16017  -7.548  -63.776  -18.701 0.0000000000
17943  -7.134  -62.203  -17.255 0.0000000000
18988  -6.578  -60.781  -14.888 0.0000000000
16954  -7.779  -62.763  -14.667 0.0000000000
16944  -7.737  -63.064  -13.040 0.0000000000
16919  -8.500  -63.772  -11.132 0.0000000000
20902  -12.528  -59.578  -6.199 0.0000000000
18875  -12.709  -61.738  -6.137 0.0000000000
16895  -13.792  -63.723  -7.518 0.0000000000
16882  -13.863  -63.594  -5.426 0.0000000000
15873  -13.947  -64.662  -4.043 0.0000000000
15855  -12.556  -65.127  -2.485 0.0000000000
17782  -10.568  -63.374  -2.696 0.0000000000
123482  -12.516  -62.919  -3.041 0.0000000000
31417  -23.227  -48.100  16.630 0.0000000000
31430  -24.046  -48.529  15.179 0.0000000000
31432  -25.884  -48.908  16.825 0.0000000000
30545  -29.116  -48.730  18.653 0.0000000000
29618  -30.926  -49.569  16.306 0.0000000000
28742  -30.961  -51.998  13.615 0.0000000000
5385  -16.100  -76.626  -22.011 0.0000000000
38566  -27.741  -39.337  12.821 0.0000000000
39334  -27.015  -38.800  11.786 0.0000000000
39344  -25.974  -38.837  10.850 0.0000000000
123423  -24.813  -40.214  10.646 0.0000000000
39343  -24.696  -38.607  10.223 0.0000000000
39357  -23.657  -38.707  10.039 0.0000000000
112742  -22.026  -38.580  9.615 0.0000000000
38586  -19.766  -39.982  8.672 0.0000000000
37803  -18.636  -41.733  8.445 0.0000000000
35964  -17.596  -44.199  8.786 0.0000000000
34157  -14.603  -45.877  11.988 0.0000000000
32389  -12.893  -47.574  11.782 0.0000000000
30565  -12.500  -49.250  11.457 0.0000000000
22591  -13.787  -56.856  19.575 0.0000000000
110900  -8.286  -65.922  21.186 0.0000000000
10788  -9.477  -69.783  21.575 0.0000000000
111381  -10.139  -69.521  19.960 0.0000000000
10810  -10.533  -69.120  18.913 0.0000000000
10816  -12.940  -68.952  17.965 0.0000000000
9947  -17.008  -69.920  16.649 0.0000000000
9182  -16.259  -71.015  15.070 0.0000000000
111831  -11.937  -71.352  15.418 0.0000000000
9164  -8.136  -71.682  15.273 0.0000000000
112086  -7.528  -73.746  13.047 0.0000000000
7618  -10.268  -73.895  17.771 0.0000000000
6971  -8.114  -74.661  15.175 0.0000000000
6319  -7.508  -75.543  11.263 0.0000000000
5708  -7.981  -77.166  8.952 0.0000000000
3999  -8.532  -79.837  7.186 0.0000000000
117790  -8.647  -81.288  5.404 0.0000000000
4503  -18.941  -78.251  13.809 0.0000000000
4473  -17.748  -78.514  15.693 0.0000000000
2369  -14.716  -82.689  15.487 0.0000000000
1502  -14.503  -84.405  14.840 0.0000000000
110088  -14.496  -86.202  13.461 0.0000000000
1525  -14.422  -84.858  11.776 0.0000000000
1168  -14.786  -85.435  8.347 0.0000000000
1184  -16.691  -85.982  5.792 0.0000000000
2009  -17.268  -83.249  4.196 0.0000000000
1193  -17.871  -85.137  4.420 0.0000000000
865  -19.581  -86.922  4.392 0.0000000000
601  -21.078  -87.242  1.014 0.0000000000
632  -21.230  -87.804  -3.156 0.0000000000
950  -20.711  -87.211  -6.221 0.0000000000
1297  -19.547  -84.915  -6.743 0.0000000000
2117  -18.993  -83.060  -7.518 0.0000000000
2613  -20.069  -82.235  -8.666 0.0000000000
3578  -21.919  -80.928  -4.951 0.0000000000
123667  -21.648  -81.238  -7.418 0.0000000000
2615  -21.893  -82.705  -8.213 0.0000000000
2119  -23.427  -84.147  -7.710 0.0000000000
2121  -25.980  -84.374  -7.659 0.0000000000
2123  -27.731  -84.205  -7.915 0.0000000000
1573  -26.457  -84.485  7.606 0.0000000000
116481  -27.269  -82.928  8.593 0.0000000000
2937  -27.032  -81.770  6.739 0.0000000000
3467  -27.425  -80.648  5.692 0.0000000000
127594  -28.692  -78.931  8.945 0.0000000000
125554  -27.340  -79.291  6.312 0.0000000000
4028  -29.190  -80.028  4.042 0.0000000000
4040  -31.005  -79.408  2.919 0.0000000000
118102  -5.890  -59.040  11.235 0.0000000000
22689  -6.267  -57.569  12.645 0.0000000000
113543  -5.990  -57.768  10.484 0.0000000000
23782  -6.381  -56.000  9.348 0.0000000000
24810  -7.191  -55.353  8.249 0.0000000000
22807  -8.086  -57.737  6.482 0.0000000000
23827  -8.612  -56.238  6.941 0.0000000000
24836  -6.823  -54.761  6.050 0.0000000000
123704  -6.557  -54.403  4.940 0.0000000000
25811  -6.338  -54.375  3.339 0.0000000000
26842  -6.655  -53.956  1.821 0.0000000000
130393  -10.289  -74.809  -16.166 0.0000000000
8720  -10.846  -72.508  -17.878 0.0000000000
111323  -10.707  -70.146  -19.331 0.0000000000
11288  -12.479  -69.624  -16.800 0.0000000000
12282  -12.184  -68.423  -18.720 0.0000000000
13226  -11.515  -67.472  -20.988 0.0000000000
16066  -11.452  -64.925  -21.728 0.0000000000
130200  -10.576  -63.046  -20.324 0.0000000000
17958  -10.238  -62.484  -17.559 0.0000000000
127985  -28.245  -72.986  -14.110 0.0000000000
7940  -27.047  -73.486  -12.508 0.0000000000
8682  -25.308  -72.298  -12.210 0.0000000000
8656  -28.465  -72.459  -9.608 0.0000000000
10291  -26.225  -70.879  -11.565 0.0000000000
10308  -25.120  -70.955  -13.844 0.0000000000
11277  -25.925  -69.717  -15.734 0.0000000000
127099  -26.853  -69.060  -17.597 0.0000000000
11319  -27.989  -69.603  -19.320 0.0000000000
121175  -35.469  -69.840  -10.288 0.0000000000
110391  -34.343  -69.919  -12.120 0.0000000000
125361  -32.051  -69.016  -13.650 0.0000000000
34114  -27.085  -45.554  18.166 0.0000000000
111741  -29.065  -40.438  14.329 0.0000000000
35937  -30.380  -42.212  11.560 0.0000000000
33297  -30.895  -44.475  10.325 0.0000000000
1133  -18.382  -85.781  12.166 0.0000000000
1540  -20.314  -85.813  10.466 0.0000000000
1169  -22.713  -84.948  8.864 0.0000000000
823  -21.796  -86.717  10.563 0.0000000000
542  -22.134  -88.551  9.656 0.0000000000
157  -22.520  -90.214  9.047 0.0000000000
19893  -4.612  -59.806  -2.376 0.0000000000
21850  -5.535  -58.517  -3.103 0.0000000000
124753  -11.960  -76.820  -13.273 0.0000000000
6552  -12.701  -75.412  -12.772 0.0000000000
4769  -15.212  -78.127  -13.896 0.0000000000
5916  -14.429  -76.611  -12.406 0.0000000000
7211  -14.043  -75.009  -11.914 0.0000000000
7934  -14.913  -73.133  -11.820 0.0000000000
8671  -17.319  -72.244  -10.966 0.0000000000
9524  -21.320  -71.812  -18.303 0.0000000000
8732  -19.878  -72.719  -18.616 0.0000000000
8012  -18.894  -73.986  -18.920 0.0000000000
7296  -18.146  -75.017  -21.452 0.0000000000
6627  -17.418  -76.034  -23.064 0.0000000000
7301  -15.111  -74.936  -22.576 0.0000000000
12321  -23.961  -68.271  -22.567 0.0000000000
12332  -21.945  -69.032  -22.817 0.0000000000
11363  -19.343  -69.951  -22.505 0.0000000000
11351  -17.743  -69.480  -21.965 0.0000000000
10377  -18.187  -70.840  -22.756 0.0000000000
9545  -16.330  -71.451  -22.187 0.0000000000
8742  -15.329  -72.369  -21.689 0.0000000000
7295  -13.937  -73.947  -20.675 0.0000000000
125793  -14.658  -72.723  -18.125 0.0000000000
111023  -15.913  -73.153  -16.964 0.0000000000
8705  -17.188  -72.527  -15.488 0.0000000000
9483  -18.516  -71.783  -13.497 0.0000000000
27733  -23.497  -52.260  14.855 0.0000000000
25685  -23.354  -54.478  13.995 0.0000000000
24751  -23.157  -55.243  13.128 0.0000000000
23727  -22.443  -56.364  13.997 0.0000000000
23753  -22.525  -56.577  12.120 0.0000000000
21689  -22.407  -58.379  11.194 0.0000000000
19705  -23.838  -59.894  11.861 0.0000000000
124256  -19.494  -57.358  16.624 0.0000000000
22614  -17.445  -57.175  16.886 0.0000000000
22622  -18.796  -57.617  16.543 0.0000000000
21639  -19.935  -58.839  15.544 0.0000000000
122971  -20.382  -60.944  14.151 0.0000000000
131137  -13.700  -54.530  22.316 0.0000000000
21613  -12.589  -57.680  19.441 0.0000000000
15546  -7.599  -63.970  17.780 0.0000000000
20669  -8.150  -59.200  19.240 0.0000000000
21611  -10.302  -57.993  19.212 0.0000000000
19634  -10.917  -60.254  18.396 0.0000000000
18532  -12.521  -61.557  18.531 0.0000000000
114911  -12.589  -63.893  16.682 0.0000000000
4418  -9.856  -77.856  22.872 0.0000000000
4435  -9.712  -78.870  20.271 0.0000000000
3893  -11.398  -79.812  16.595 0.0000000000
109765  -9.341  -83.223  17.082 0.0000000000
116467  -9.453  -81.654  15.307 0.0000000000
3924  -10.499  -80.048  14.017 0.0000000000
2890  -9.337  -81.149  11.130 0.0000000000
2451  -9.699  -82.686  7.158 0.0000000000
1587  -9.010  -84.557  4.043 0.0000000000
304  -13.974  -88.401  12.768 0.0000000000
128  -13.029  -89.858  11.942 0.0000000000
144  -12.139  -89.471  9.716 0.0000000000
42  -16.435  -90.783  6.270 0.0000000000
170  -13.699  -89.847  6.896 0.0000000000
338  -11.668  -88.449  7.381 0.0000000000
576  -10.480  -87.159  4.923 0.0000000000
881  -10.112  -86.412  2.703 0.0000000000
1583  -23.859  -84.406  6.009 0.0000000000
1601  -24.710  -84.242  3.505 0.0000000000
1631  -25.884  -84.306  -0.027 0.0000000000
1232  -25.239  -86.443  -0.262 0.0000000000
2058  -26.330  -84.379  -2.171 0.0000000000
2553  -27.286  -82.930  -4.203 0.0000000000
2578  -28.364  -83.139  -5.570 0.0000000000
2125  -29.472  -83.510  -7.268 0.0000000000
1585  -27.529  -84.811  5.572 0.0000000000
1207  -29.072  -85.848  3.310 0.0000000000
2034  -32.259  -83.993  1.756 0.0000000000
1658  -30.861  -83.970  -1.509 0.0000000000
2554  -30.908  -83.120  -4.360 0.0000000000
2580  -30.452  -82.724  -6.379 0.0000000000
3101  -28.304  -82.296  -8.298 0.0000000000
3612  -27.497  -79.989  -8.285 0.0000000000
5247  -31.710  -77.483  -7.527 0.0000000000
131213  -33.835  -73.857  -12.784 0.0000000000
7911  -34.962  -73.734  -10.980 0.0000000000
111212  -38.526  -75.110  -9.485 0.0000000000
7896  -38.234  -73.684  -9.824 0.0000000000
7880  -35.415  -73.408  -8.818 0.0000000000
8642  -37.326  -72.528  -7.429 0.0000000000
27775  -24.351  -52.807  12.808 0.0000000000
26709  -26.572  -53.407  13.216 0.0000000000
26670  -26.886  -53.362  15.184 0.0000000000
23728  -25.167  -56.973  15.289 0.0000000000
121786  -25.947  -56.023  17.935 0.0000000000
25639  -27.728  -54.185  18.505 0.0000000000
26652  -29.727  -53.911  16.397 0.0000000000
26691  -30.230  -53.826  14.245 0.0000000000
29624  -13.141  -50.259  13.466 0.0000000000
29623  -12.433  -50.674  13.067 0.0000000000
29649  -12.048  -50.585  11.500 0.0000000000
129078  -6.766  -55.345  13.440 0.0000000000
26701  -7.202  -53.713  13.499 0.0000000000
26717  -9.215  -53.471  12.748 0.0000000000
27793  -8.302  -51.794  10.479 0.0000000000
26728  -9.504  -53.158  11.801 0.0000000000
25728  -11.149  -54.422  12.762 0.0000000000
25716  -13.017  -54.442  12.329 0.0000000000
27796  -12.926  -52.174  11.223 0.0000000000
29657  -12.282  -50.746  10.419 0.0000000000
20044  -5.078  -59.550  -12.768 0.0000000000
20898  -4.867  -58.934  -6.548 0.0000000000
20884  -6.319  -58.856  -4.648 0.0000000000
19920  -6.856  -60.093  -3.152 0.0000000000
19028  -13.468  -60.946  -18.221 0.0000000000
19013  -11.583  -61.164  -16.964 0.0000000000
17930  -10.210  -62.450  -15.630 0.0000000000
20064  -9.821  -60.657  -12.555 0.0000000000
17905  -10.096  -62.363  -13.885 0.0000000000
120909  -11.586  -64.382  -14.681 0.0000000000
14956  -12.283  -64.894  -13.081 0.0000000000
15942  -10.489  -64.763  -11.568 0.0000000000
16902  -9.389  -63.905  -9.082 0.0000000000
118402  -12.613  -64.481  -8.110 0.0000000000
15895  -10.495  -64.139  -7.559 0.0000000000
16893  -8.744  -63.306  -7.875 0.0000000000
17808  -8.288  -62.881  -5.781 0.0000000000
17790  -7.575  -62.545  -3.580 0.0000000000
124470  -7.251  -61.595  -1.931 0.0000000000
122859  -7.712  -63.166  0.237 0.0000000000
17746  -8.531  -62.602  1.511 0.0000000000
19837  -9.452  -61.161  0.894 0.0000000000
121129  -9.600  -61.477  -2.525 0.0000000000
20846  -9.285  -59.930  -0.947 0.0000000000
21811  -8.909  -58.460  -0.053 0.0000000000
28722  -22.869  -50.613  14.150 0.0000000000
28710  -23.299  -51.358  14.627 0.0000000000
1551  -20.377  -85.001  9.729 0.0000000000
1968  -19.800  -84.551  8.584 0.0000000000
2434  -21.739  -83.074  8.981 0.0000000000
2447  -21.398  -82.589  8.291 0.0000000000
2448  -22.450  -82.425  8.203 0.0000000000
2467  -23.348  -81.724  6.620 0.0000000000
1987  -22.778  -83.296  8.342 0.0000000000
21827  -5.747  -58.652  -1.418 0.0000000000
21816  -5.265  -58.551  -0.625 0.0000000000
112262  -6.093  -58.786  -0.605 0.0000000000
19835  -6.895  -59.938  0.608 0.0000000000
19857  -6.710  -59.884  -0.438 0.0000000000
11207  -18.325  -69.401  -11.128 0.0000000000
12181  -18.180  -69.059  -11.867 0.0000000000
12182  -18.617  -68.660  -11.212 0.0000000000
29635  -31.121  -50.802  13.766 0.0000000000
29644  -31.208  -49.126  13.883 0.0000000000
29645  -31.155  -50.332  12.960 0.0000000000
29653  -31.085  -50.523  11.628 0.0000000000
5376  -14.727  -77.292  -20.409 0.0000000000
4812  -14.914  -78.091  -19.983 0.0000000000
5375  -13.911  -76.922  -20.064 0.0000000000
5364  -14.147  -76.590  -19.132 0.0000000000
6607  -13.601  -75.590  -19.881 0.0000000000
113226  -27.307  -69.968  -20.659 0.0000000000
11343  -26.026  -70.263  -20.894 0.0000000000
11344  -26.913  -69.965  -21.622 0.0000000000
32396  -12.452  -48.222  10.115 0.0000000000
32407  -12.442  -47.407  9.958 0.0000000000
121058  -12.447  -48.239  9.770 0.0000000000
121861  -12.400  -47.864  9.275 0.0000000000
31484  -12.424  -48.675  9.811 0.0000000000
20682  -13.893  -59.677  18.479 0.0000000000
19637  -14.398  -60.459  18.401 0.0000000000
18533  -13.965  -61.208  18.671 0.0000000000
16538  -14.202  -63.795  18.599 0.0000000000
17517  -13.402  -61.921  18.778 0.0000000000
11875  -17.020  -68.729  15.285 0.0000000000
1483  -14.102  -84.754  16.325 0.0000000000
1103  -13.648  -86.087  17.352 0.0000000000
777  -13.297  -86.957  17.833 0.0000000000
783  -13.560  -86.943  16.988 0.0000000000
121836  -13.375  -87.467  16.658 0.0000000000
788  -13.854  -86.770  15.301 0.0000000000
227  -20.126  -89.066  -6.066 0.0000000000
220  -20.352  -89.673  -4.685 0.0000000000
2146  -26.218  -84.240  -8.817 0.0000000000
2145  -25.153  -84.040  -9.249 0.0000000000
2626  -25.623  -83.323  -9.237 0.0000000000
123442  -25.336  -82.305  -9.526 0.0000000000
111708  -26.256  -82.618  -9.044 0.0000000000
1174  -26.270  -85.506  7.925 0.0000000000
4608  -37.095  -78.880  0.769 0.0000000000
4059  -36.787  -79.420  0.531 0.0000000000
4072  -37.183  -79.579  -0.123 0.0000000000
4087  -37.626  -79.426  -1.000 0.0000000000
4073  -38.520  -79.107  -0.105 0.0000000000
4636  -39.276  -78.336  -1.159 0.0000000000
120043  -38.814  -78.501  0.260 0.0000000000
19684  -6.606  -59.419  11.885 0.0000000000
21668  -7.208  -58.024  13.268 0.0000000000
22673  -7.503  -57.426  13.425 0.0000000000
22671  -6.891  -57.690  13.527 0.0000000000
16018  -9.911  -64.865  -17.918 0.0000000000
15015  -9.808  -65.678  -17.600 0.0000000000
14998  -9.950  -65.867  -16.970 0.0000000000
14986  -9.964  -65.858  -16.123 0.0000000000
15993  -10.971  -64.995  -15.806 0.0000000000
28724  -26.939  -50.981  14.867 0.0000000000
29615  -26.164  -50.049  15.346 0.0000000000
28712  -27.202  -50.517  16.607 0.0000000000
29589  -27.918  -50.383  18.060 0.0000000000
27720  -28.622  -52.088  18.472 0.0000000000
35955  -28.495  -42.746  10.727 0.0000000000
35954  -26.486  -42.956  10.637 0.0000000000
35950  -21.962  -43.310  9.785 0.0000000000
36855  -22.467  -42.613  9.739 0.0000000000
111395  -22.168  -42.079  9.576 0.0000000000
37780  -22.312  -41.401  9.554 0.0000000000
37779  -21.563  -41.988  9.363 0.0000000000
8347  -15.802  -72.709  20.369 0.0000000000
9107  -15.439  -72.055  20.026 0.0000000000
8356  -16.225  -72.398  19.652 0.0000000000
9118  -16.680  -72.064  18.938 0.0000000000
116741  -16.589  -73.151  17.970 0.0000000000
7632  -15.169  -73.634  17.470 0.0000000000
6942  -15.525  -74.112  18.088 0.0000000000
5033  -10.101  -77.854  16.504 0.0000000000
5037  -9.336  -77.404  16.053 0.0000000000
5046  -10.651  -77.841  14.491 0.0000000000
5050  -10.616  -77.912  12.888 0.0000000000
4501  -11.155  -78.398  13.591 0.0000000000
4517  -21.135  -78.957  12.936 0.0000000000
3976  -17.259  -79.934  9.747 0.0000000000
3406  -16.595  -79.974  11.401 0.0000000000
3414  -16.201  -80.558  10.116 0.0000000000
2891  -15.597  -81.301  11.231 0.0000000000
2897  -15.614  -81.213  10.294 0.0000000000
2444  -15.187  -82.095  8.721 0.0000000000
2913  -15.757  -81.302  8.363 0.0000000000
2515  -22.019  -82.711  1.046 0.0000000000
109243  -21.950  -83.594  1.371 0.0000000000
2048  -22.218  -83.686  -0.303 0.0000000000
1654  -22.207  -84.489  -1.281 0.0000000000
2057  -22.472  -83.908  -1.746 0.0000000000
116929  -22.621  -83.716  -4.096 0.0000000000
2073  -22.765  -83.089  -3.580 0.0000000000
3557  -25.912  -80.647  -2.340 0.0000000000
116153  -25.407  -80.060  -3.643 0.0000000000
114252  -26.026  -80.933  -3.131 0.0000000000
3062  -26.025  -81.202  -4.768 0.0000000000
3033  -26.299  -81.696  -2.849 0.0000000000
19764  -5.270  -60.123  4.981 0.0000000000
19752  -5.340  -59.662  5.800 0.0000000000
20774  -5.450  -59.301  6.662 0.0000000000
20781  -5.349  -58.524  5.787 0.0000000000
113447  -5.453  -58.310  6.617 0.0000000000
121235  -5.605  -57.886  5.986 0.0000000000
21794  -9.443  -58.896  3.318 0.0000000000
22853  -9.336  -58.177  4.128 0.0000000000
122210  -9.337  -58.024  3.011 0.0000000000
119451  -8.647  -57.209  2.537 0.0000000000
22863  -9.020  -57.750  1.977 0.0000000000
126436  -12.317  -73.957  -13.463 0.0000000000
7978  -11.589  -73.076  -14.871 0.0000000000
8694  -12.412  -72.561  -14.276 0.0000000000
14999  -14.615  -65.626  -17.102 0.0000000000
14108  -14.133  -65.784  -17.871 0.0000000000
16019  -14.584  -64.875  -17.825 0.0000000000
16040  -14.157  -63.467  -19.775 0.0000000000
17006  -15.092  -63.117  -18.361 0.0000000000
7908  -31.762  -74.062  -10.548 0.0000000000
111253  -30.917  -73.931  -10.728 0.0000000000
114801  -31.082  -73.968  -9.852 0.0000000000
11233  -30.407  -68.941  -12.157 0.0000000000
11210  -28.737  -69.247  -11.565 0.0000000000
12200  -29.370  -68.614  -13.073 0.0000000000
12227  -28.605  -68.512  -14.228 0.0000000000
114231  -30.057  -68.529  -14.246 0.0000000000
32353  -24.600  -47.469  17.461 0.0000000000
34138  -31.210  -44.807  16.800 0.0000000000
35052  -30.739  -43.759  16.950 0.0000000000
35923  -29.633  -42.979  17.007 0.0000000000
35060  -31.485  -43.902  14.737 0.0000000000
7238  -17.111  -74.729  -14.920 0.0000000000
6570  -17.133  -75.891  -13.936 0.0000000000
7226  -17.550  -74.495  -14.152 0.0000000000
7219  -17.739  -74.646  -13.257 0.0000000000
7952  -18.020  -73.914  -13.585 0.0000000000
8699  -23.270  -72.736  -14.108 0.0000000000
8708  -22.803  -72.437  -14.764 0.0000000000
8754  -21.084  -72.059  -23.842 0.0000000000
8747  -20.659  -72.779  -23.447 0.0000000000
8753  -20.486  -72.636  -23.943 0.0000000000
108981  -19.389  -73.542  -24.022 0.0000000000
9553  -19.357  -71.933  -24.277 0.0000000000
11331  -15.954  -69.065  -19.431 0.0000000000
11304  -16.434  -69.656  -18.116 0.0000000000
36865  -16.110  -42.192  8.795 0.0000000000
37801  -16.658  -41.341  8.678 0.0000000000
23685  -20.777  -56.984  16.649 0.0000000000
22623  -20.943  -57.322  15.934 0.0000000000
22633  -20.532  -57.870  15.650 0.0000000000
21654  -20.912  -58.543  14.037 0.0000000000
21640  -20.351  -58.412  15.391 0.0000000000
16567  -19.220  -63.785  16.513 0.0000000000
17537  -19.647  -63.045  16.483 0.0000000000
16582  -19.659  -63.863  15.821 0.0000000000
16599  -20.385  -63.994  14.587 0.0000000000
15588  -19.573  -64.440  14.504 0.0000000000
14603  -7.756  -64.737  20.583 0.0000000000
16517  -7.628  -63.408  20.732 0.0000000000
14619  -7.746  -64.894  19.393 0.0000000000
14653  -9.836  -64.934  13.398 0.0000000000
15585  -8.878  -64.856  14.485 0.0000000000
16590  -9.416  -64.213  14.334 0.0000000000
16574  -9.735  -64.036  15.378 0.0000000000
16608  -9.956  -63.987  13.707 0.0000000000
126584  -10.537  -63.661  13.699 0.0000000000
15613  -10.852  -64.223  12.985 0.0000000000
1432  -9.658  -84.889  21.621 0.0000000000
1407  -9.803  -84.838  23.099 0.0000000000
1840  -10.009  -83.552  22.186 0.0000000000
1841  -10.127  -83.103  22.897 0.0000000000
2306  -10.043  -83.123  21.355 0.0000000000
2316  -10.081  -82.716  20.575 0.0000000000
121182  -9.698  -83.730  19.963 0.0000000000
111961  -9.997  -87.123  11.999 0.0000000000
1131  -10.004  -85.422  11.845 0.0000000000
1148  -10.670  -86.232  10.313 0.0000000000
1157  -11.013  -85.924  9.475 0.0000000000
547  -11.103  -86.843  8.852 0.0000000000
561  -16.981  -87.769  6.887 0.0000000000
130507  -16.094  -88.091  8.112 0.0000000000
557  -17.336  -88.812  7.219 0.0000000000
2141  -19.699  -83.416  -9.871 0.0000000000
2150  -19.037  -83.999  -10.628 0.0000000000
2151  -20.022  -84.657  -10.437 0.0000000000
913  -28.027  -86.675  -0.551 0.0000000000
912  -26.950  -87.265  -1.243 0.0000000000
1244  -27.610  -86.647  -1.643 0.0000000000
1267  -27.987  -85.783  -2.832 0.0000000000
1256  -28.751  -85.307  -1.685 0.0000000000
2488  -28.579  -81.673  4.376 0.0000000000
2489  -29.385  -82.360  3.764 0.0000000000
2490  -30.377  -81.870  3.659 0.0000000000
125248  -31.330  -79.281  -2.215 0.0000000000
3547  -31.048  -80.359  -2.003 0.0000000000
4111  -30.631  -79.425  -3.112 0.0000000000
4120  -30.281  -79.213  -3.969 0.0000000000
4672  -30.355  -78.374  -4.198 0.0000000000
5217  -29.810  -77.497  -5.612 0.0000000000
5218  -30.527  -77.355  -5.198 0.0000000000
5868  -35.510  -76.707  -8.199 0.0000000000
5262  -34.443  -77.043  -9.099 0.0000000000
5890  -35.743  -76.764  -10.139 0.0000000000
5901  -36.859  -75.906  -11.452 0.0000000000
5891  -36.555  -76.203  -9.716 0.0000000000
110360  -41.015  -74.621  -4.225 0.0000000000
7158  -41.778  -73.856  -5.303 0.0000000000
7840  -41.296  -73.744  -4.535 0.0000000000
24771  -23.861  -55.403  11.516 0.0000000000
24772  -24.904  -55.236  11.553 0.0000000000
112493  -25.401  -55.865  11.917 0.0000000000
26667  -12.688  -54.100  14.556 0.0000000000
26686  -12.806  -54.024  15.449 0.0000000000
26685  -12.712  -53.917  15.337 0.0000000000
26705  -12.491  -53.687  14.570 0.0000000000
131608  -6.480  -53.601  8.682 0.0000000000
25744  -6.020  -53.575  10.034 0.0000000000
26764  -6.448  -52.986  8.606 0.0000000000
25769  -14.071  -54.086  9.368 0.0000000000
11327  -9.719  -69.839  -19.873 0.0000000000
10358  -9.160  -70.229  -19.676 0.0000000000
11326  -8.989  -69.427  -20.207 0.0000000000
110691  -7.794  -62.057  -9.818 0.0000000000
18926  -7.502  -61.161  -9.939 0.0000000000
18911  -7.663  -61.411  -9.145 0.0000000000
19994  -7.455  -60.821  -8.469 0.0000000000
18898  -7.749  -61.579  -8.461 0.0000000000
18887  -11.551  -61.472  -7.576 0.0000000000
18900  -11.297  -61.627  -8.619 0.0000000000
18913  -11.278  -61.902  -9.656 0.0000000000
17844  -13.091  -62.447  -9.744 0.0000000000
17845  -13.489  -62.821  -9.951 0.0000000000
128357  -13.413  -62.781  -9.298 0.0000000000
14885  -11.390  -65.603  -2.981 0.0000000000
14893  -10.686  -65.430  -3.656 0.0000000000
14884  -10.478  -65.547  -2.868 0.0000000000
14883  -9.530  -65.455  -2.724 0.0000000000
14876  -10.226  -65.332  -2.223 0.0000000000
15848  -9.336  -65.005  -1.383 0.0000000000
15849  -9.949  -64.868  -1.735 0.0000000000
28737  -24.376  -51.009  13.411 0.0000000000
128263  -25.305  -50.594  13.337 0.0000000000
28739  -26.153  -51.139  13.270 0.0000000000
28740  -26.711  -51.630  13.527 0.0000000000
6883  -14.978  -74.520  22.637 0.0000000000
7580  -15.326  -74.202  21.959 0.0000000000
110828  -15.759  -75.493  21.666 0.0000000000
5635  -14.991  -76.074  20.024 0.0000000000
6249  -15.542  -76.197  21.485 0.0000000000
5005  -12.369  -77.138  21.940 0.0000000000
5626  -12.265  -76.168  20.871 0.0000000000
5624  -9.831  -76.343  20.939 0.0000000000
110491  -9.291  -76.401  19.767 0.0000000000
5011  -9.281  -77.062  20.540 0.0000000000
2392  -19.824  -82.460  12.501 0.0000000000
2876  -19.854  -81.738  12.385 0.0000000000
127820  -19.490  -82.314  12.103 0.0000000000
1982  -18.402  -83.419  7.991 0.0000000000
116117  -18.771  -81.792  9.819 0.0000000000
2445  -18.507  -82.171  8.074 0.0000000000
3424  -18.430  -80.541  8.678 0.0000000000
2915  -18.532  -81.219  7.849 0.0000000000
120312  -18.283  -81.469  6.091 0.0000000000
110727  -18.749  -82.251  6.317 0.0000000000
3458  -21.808  -80.702  6.269 0.0000000000
2941  -21.480  -81.083  5.978 0.0000000000
3473  -21.936  -80.648  4.633 0.0000000000
2963  -21.986  -80.767  3.225 0.0000000000
3495  -22.572  -80.506  2.882 0.0000000000
3518  -23.007  -80.626  1.078 0.0000000000
3496  -23.216  -80.422  2.490 0.0000000000
131463  -24.424  -81.823  3.934 0.0000000000
2965  -24.535  -81.119  2.688 0.0000000000
2966  -25.053  -81.679  2.083 0.0000000000
2991  -25.795  -81.568  0.487 0.0000000000
2504  -25.101  -82.585  2.242 0.0000000000
18795  -4.603  -61.049  0.261 0.0000000000
21802  -5.264  -58.601  1.085 0.0000000000
20834  -4.635  -58.981  1.436 0.0000000000
21791  -5.235  -58.648  2.153 0.0000000000
20828  -5.038  -58.903  2.500 0.0000000000
21780  -5.585  -58.517  2.987 0.0000000000
19819  -7.481  -61.212  2.270 0.0000000000
109128  -7.813  -60.499  3.561 0.0000000000
19803  -7.904  -61.321  3.046 0.0000000000
19787  -8.632  -60.539  3.484 0.0000000000
18748  -8.036  -61.644  2.858 0.0000000000
9470  -14.741  -71.732  -12.533 0.0000000000
9481  -14.201  -71.321  -13.203 0.0000000000
125884  -15.210  -70.396  -12.874 0.0000000000
12210  -16.698  -68.468  -13.700 0.0000000000
125094  -16.018  -68.314  -14.166 0.0000000000
14084  -16.780  -66.190  -14.644 0.0000000000
8639  -34.549  -72.412  -7.450 0.0000000000
7866  -33.086  -72.910  -7.792 0.0000000000
9422  -33.427  -71.782  -7.492 0.0000000000
10267  -33.178  -70.363  -9.099 0.0000000000
10247  -32.694  -70.760  -8.369 0.0000000000
11175  -32.882  -70.198  -9.826 0.0000000000
111531  -31.774  -69.731  -10.749 0.0000000000
11214  -32.449  -69.724  -11.184 0.0000000000
30552  -29.803  -47.799  18.612 0.0000000000
128434  -29.323  -47.779  18.751 0.0000000000
127663  -29.898  -47.905  18.264 0.0000000000
30560  -31.234  -47.318  13.776 0.0000000000
31456  -31.301  -46.394  14.818 0.0000000000
126211  -31.309  -46.208  15.545 0.0000000000
31466  -31.395  -45.925  13.081 0.0000000000
31476  -31.416  -45.604  11.672 0.0000000000
31467  -31.314  -46.461  12.546 0.0000000000
4235  -14.926  -78.749  -18.619 0.0000000000
4228  -15.073  -79.688  -17.411 0.0000000000
129945  -15.120  -79.366  -17.296 0.0000000000
4222  -15.150  -79.353  -16.704 0.0000000000
4796  -15.134  -78.708  -17.630 0.0000000000
6587  -14.942  -75.549  -18.267 0.0000000000
5969  -15.583  -76.046  -17.619 0.0000000000
6588  -15.420  -75.087  -17.705 0.0000000000
6582  -16.502  -75.268  -16.428 0.0000000000
7251  -15.981  -74.737  -17.131 0.0000000000
109647  -25.093  -70.258  -16.882 0.0000000000
10354  -23.794  -70.870  -17.661 0.0000000000
131569  -24.162  -70.610  -18.947 0.0000000000
10372  -24.766  -70.789  -22.088 0.0000000000
116459  -23.824  -71.121  -21.373 0.0000000000
116989  -23.972  -70.849  -22.425 0.0000000000
9549  -22.334  -71.207  -23.337 0.0000000000
10380  -22.766  -70.352  -23.509 0.0000000000
122616  -13.995  -45.090  9.946 0.0000000000
34166  -12.056  -45.775  9.498 0.0000000000
35071  -11.842  -44.769  9.497 0.0000000000
112204  -11.823  -43.728  9.756 0.0000000000
116290  -11.511  -44.029  9.372 0.0000000000
115108  -11.298  -44.231  8.943 0.0000000000
22603  -16.421  -57.069  18.476 0.0000000000
22602  -16.016  -57.313  18.176 0.0000000000
18535  -15.851  -61.449  18.533 0.0000000000
19639  -16.116  -60.387  17.946 0.0000000000
121947  -16.692  -62.279  18.563 0.0000000000
129268  -17.987  -63.060  18.136 0.0000000000
15550  -17.158  -64.259  17.589 0.0000000000
115610  -16.930  -64.156  16.192 0.0000000000
15562  -16.652  -64.305  17.101 0.0000000000
16578  -14.524  -63.455  15.741 0.0000000000
16579  -15.444  -63.501  15.613 0.0000000000
16594  -14.899  -62.975  14.935 0.0000000000
18599  -15.118  -61.506  12.732 0.0000000000
125226  -14.656  -61.942  13.776 0.0000000000
11865  -11.710  -68.273  16.782 0.0000000000
12826  -12.110  -68.047  15.914 0.0000000000
12848  -14.529  -67.688  14.431 0.0000000000
12846  -12.818  -67.523  14.634 0.0000000000
13769  -13.151  -67.241  14.143 0.0000000000
13768  -12.408  -67.032  14.078 0.0000000000
13770  -13.928  -67.124  13.856 0.0000000000
1046  -12.364  -85.366  22.508 0.0000000000
128911  -12.409  -86.447  21.223 0.0000000000
266  -12.314  -88.466  19.505 0.0000000000
250  -12.051  -88.367  21.003 0.0000000000
115132  -11.580  -88.651  20.124 0.0000000000
480  -10.343  -87.973  20.792 0.0000000000
113085  -10.450  -88.251  19.155 0.0000000000
494  -9.900  -87.472  18.793 0.0000000000
495  -10.351  -88.182  18.336 0.0000000000
121430  -12.127  -88.450  15.270 0.0000000000
506  -10.748  -88.095  16.008 0.0000000000
284  -11.111  -88.426  14.394 0.0000000000
293  -10.617  -88.272  13.905 0.0000000000
110  -12.029  -89.117  13.359 0.0000000000
390  -20.683  -89.114  1.443 0.0000000000
194  -20.637  -89.894  2.931 0.0000000000
199  -20.459  -89.890  1.263 0.0000000000
1709  -23.016  -85.809  -8.781 0.0000000000
1314  -22.113  -86.187  -9.852 0.0000000000
1315  -23.293  -85.964  -9.614 0.0000000000
2152  -24.260  -84.076  -10.597 0.0000000000
1736  -23.533  -85.331  -10.883 0.0000000000
3111  -26.034  -81.231  -11.053 0.0000000000
575  -27.482  -87.626  5.183 0.0000000000
130069  -27.652  -87.732  4.755 0.0000000000
591  -28.279  -87.439  3.740 0.0000000000
112995  -28.165  -87.583  3.080 0.0000000000
110658  -28.738  -87.004  3.231 0.0000000000
4035  -32.347  -80.305  3.246 0.0000000000
3489  -33.558  -81.440  3.363 0.0000000000
3499  -34.132  -80.994  3.018 0.0000000000
112419  -35.458  -80.288  -0.261 0.0000000000
3537  -34.767  -80.687  0.208 0.0000000000
4070  -34.560  -80.213  -0.657 0.0000000000
4083  -32.843  -79.465  -1.529 0.0000000000
128013  -33.994  -79.409  -2.388 0.0000000000
119608  -33.367  -78.946  -2.835 0.0000000000
4647  -34.405  -79.298  -3.029 0.0000000000
4663  -36.797  -79.184  -3.424 0.0000000000
111512  -36.199  -79.017  -4.247 0.0000000000
4690  -36.413  -78.705  -4.787 0.0000000000
4704  -36.440  -78.285  -5.478 0.0000000000
119837  -37.441  -77.767  -5.609 0.0000000000
5236  -37.911  -77.227  -6.144 0.0000000000
5207  -38.511  -77.896  -4.536 0.0000000000
5188  -39.664  -77.447  -2.393 0.0000000000
5819  -40.047  -77.105  -2.836 0.0000000000
5829  -40.016  -76.748  -2.872 0.0000000000
6479  -39.588  -76.049  -3.137 0.0000000000
6478  -38.427  -76.252  -3.024 0.0000000000
113101  -25.124  -58.758  12.032 0.0000000000
23701  -8.730  -55.831  13.973 0.0000000000
24711  -11.063  -55.163  14.483 0.0000000000
25657  -8.679  -54.508  14.275 0.0000000000
123041  -6.508  -53.040  5.402 0.0000000000
28815  -6.992  -51.914  6.938 0.0000000000
27854  -6.959  -51.954  6.004 0.0000000000
15049  -9.771  -65.486  -21.693 0.0000000000
15048  -8.329  -65.988  -21.512 0.0000000000
15032  -8.238  -65.053  -21.052 0.0000000000
15012  -8.198  -65.277  -17.890 0.0000000000
15022  -8.015  -64.634  -19.414 0.0000000000
112583  -7.851  -63.848  -17.791 0.0000000000
16989  -7.270  -62.740  -18.045 0.0000000000
130339  -7.700  -63.116  -17.154 0.0000000000
16975  -7.523  -62.526  -16.528 0.0000000000
15991  -7.993  -63.693  -16.005 0.0000000000
15965  -9.226  -64.974  -13.463 0.0000000000
15964  -8.457  -64.460  -13.828 0.0000000000
15953  -8.575  -64.369  -12.900 0.0000000000
16928  -8.191  -63.615  -11.747 0.0000000000
15940  -8.706  -64.223  -11.924 0.0000000000
118264  -13.226  -59.983  -5.866 0.0000000000
19978  -12.506  -60.590  -5.990 0.0000000000
112946  -13.448  -62.018  -5.638 0.0000000000
130382  -13.148  -62.409  -6.105 0.0000000000
17809  -13.944  -62.615  -5.151 0.0000000000
127432  -15.503  -63.623  -3.726 0.0000000000
16878  -14.938  -63.865  -4.118 0.0000000000
15864  -14.840  -64.686  -3.115 0.0000000000
15856  -13.586  -65.096  -2.676 0.0000000000
16864  -14.230  -64.270  -2.442 0.0000000000
117083  -12.680  -63.903  -2.481 0.0000000000
17784  -13.675  -63.442  -2.365 0.0000000000
131241  -24.976  -48.931  15.469 0.0000000000
31431  -24.900  -48.756  16.270 0.0000000000
31440  -25.865  -49.051  16.635 0.0000000000
31441  -27.731  -48.735  17.963 0.0000000000
30544  -27.858  -48.879  17.965 0.0000000000
27753  -30.086  -50.967  17.614 0.0000000000
28725  -30.279  -49.946  17.723 0.0000000000
28726  -30.683  -50.711  16.284 0.0000000000
28727  -31.096  -50.720  14.947 0.0000000000
27755  -30.794  -52.014  14.871 0.0000000000
5379  -16.626  -76.689  -21.172 0.0000000000
124331  -28.512  -40.081  13.519 0.0000000000
38549  -27.464  -39.560  13.684 0.0000000000
129543  -28.231  -39.677  13.120 0.0000000000
38572  -27.573  -39.363  12.104 0.0000000000
118393  -27.053  -39.455  11.466 0.0000000000
128064  -26.548  -39.034  11.269 0.0000000000
121457  -25.941  -39.751  11.015 0.0000000000
35953  -25.315  -42.866  10.468 0.0000000000
109917  -24.325  -42.697  10.178 0.0000000000
116437  -25.218  -39.233  10.524 0.0000000000
114892  -24.214  -39.519  10.355 0.0000000000
125378  -21.772  -39.548  9.579 0.0000000000
39356  -22.604  -39.154  9.941 0.0000000000
38587  -20.657  -40.297  8.738 0.0000000000
37804  -19.674  -41.711  8.545 0.0000000000
36876  -19.223  -42.709  8.648 0.0000000000
36875  -18.129  -42.575  8.451 0.0000000000
31452  -13.863  -48.439  12.546 0.0000000000
31451  -12.918  -48.289  12.217 0.0000000000
31463  -12.570  -48.487  11.568 0.0000000000
125455  -12.514  -48.869  12.006 0.0000000000
23647  -14.510  -56.164  20.283 0.0000000000
15504  -8.245  -64.611  21.904 0.0000000000
118724  -8.033  -64.677  21.917 0.0000000000
113268  -8.531  -66.322  21.975 0.0000000000
9093  -9.999  -70.994  22.325 0.0000000000
10777  -9.205  -70.022  22.314 0.0000000000
9906  -10.453  -70.626  21.562 0.0000000000
9929  -12.454  -70.168  19.752 0.0000000000
9918  -11.571  -70.313  20.403 0.0000000000
10805  -11.478  -69.740  19.651 0.0000000000
10804  -10.671  -69.468  19.462 0.0000000000
109269  -12.139  -69.550  19.076 0.0000000000
11853  -11.951  -68.952  18.350 0.0000000000
109004  -13.468  -69.524  18.350 0.0000000000
9143  -17.175  -71.441  17.428 0.0000000000
128049  -16.399  -70.196  17.458 0.0000000000
125810  -17.296  -71.194  16.681 0.0000000000
124198  -17.339  -70.891  15.972 0.0000000000
115451  -16.163  -71.623  15.609 0.0000000000
9179  -13.566  -71.229  15.178 0.0000000000
9169  -13.759  -71.756  15.588 0.0000000000
124412  -10.200  -72.825  16.584 0.0000000000
9154  -10.075  -72.172  16.104 0.0000000000
8416  -8.602  -72.295  15.700 0.0000000000
114909  -7.646  -72.603  14.312 0.0000000000
110504  -7.796  -72.982  14.862 0.0000000000
6916  -12.810  -74.948  19.150 0.0000000000
7619  -11.192  -74.094  18.150 0.0000000000
6924  -10.147  -74.467  18.428 0.0000000000
5672  -8.411  -76.679  13.886 0.0000000000
6287  -8.332  -75.371  15.742 0.0000000000
6305  -7.996  -76.018  13.619 0.0000000000
6311  -7.675  -75.334  13.014 0.0000000000
5676  -7.747  -76.318  11.805 0.0000000000
5696  -7.909  -77.039  9.784 0.0000000000
5682  -8.027  -77.010  11.383 0.0000000000
4532  -9.415  -79.150  9.245 0.0000000000
4531  -8.976  -78.610  8.777 0.0000000000
3436  -8.824  -79.953  7.994 0.0000000000
110796  -8.622  -80.882  6.221 0.0000000000
3448  -8.746  -80.580  7.555 0.0000000000
3966  -19.188  -79.358  12.109 0.0000000000
4515  -19.249  -78.588  13.183 0.0000000000
3952  -18.801  -78.866  12.488 0.0000000000
3926  -17.160  -78.882  14.136 0.0000000000
4489  -17.804  -78.470  14.806 0.0000000000
4472  -17.099  -78.818  15.244 0.0000000000
2384  -15.169  -82.233  13.547 0.0000000000
2859  -14.980  -82.177  14.842 0.0000000000
2376  -14.861  -82.784  14.204 0.0000000000
1925  -14.634  -83.591  14.584 0.0000000000
1934  -14.729  -83.565  13.830 0.0000000000
121190  -14.530  -84.803  12.744 0.0000000000
1516  -14.599  -83.977  12.396 0.0000000000
1992  -15.151  -83.795  7.930 0.0000000000
1562  -14.848  -84.453  8.520 0.0000000000
1570  -15.106  -84.680  7.769 0.0000000000
1177  -15.543  -85.580  6.937 0.0000000000
1576  -15.722  -84.931  6.371 0.0000000000
2947  -18.200  -81.761  4.875 0.0000000000
2938  -16.798  -81.739  5.014 0.0000000000
2019  -18.793  -82.872  3.987 0.0000000000
1203  -21.351  -85.303  3.698 0.0000000000
1195  -19.540  -85.112  3.980 0.0000000000
1196  -20.636  -85.517  3.973 0.0000000000
110895  -19.168  -85.968  4.237 0.0000000000
866  -20.318  -86.451  3.916 0.0000000000
126968  -20.657  -87.569  3.424 0.0000000000
892  -21.360  -86.502  1.481 0.0000000000
1263  -21.858  -86.297  -2.884 0.0000000000
918  -21.646  -86.776  -1.910 0.0000000000
131484  -21.580  -86.901  -4.066 0.0000000000
429  -21.087  -87.563  -5.134 0.0000000000
945  -21.122  -86.845  -5.706 0.0000000000
118234  -19.885  -86.062  -6.770 0.0000000000
1298  -20.470  -85.473  -6.244 0.0000000000
2588  -20.180  -82.409  -6.348 0.0000000000
1696  -19.637  -83.741  -6.587 0.0000000000
2601  -19.508  -82.208  -7.600 0.0000000000
124701  -19.424  -82.508  -8.775 0.0000000000
3080  -20.049  -81.671  -7.491 0.0000000000
3032  -23.616  -81.160  -2.215 0.0000000000
3045  -23.074  -81.332  -3.593 0.0000000000
3568  -23.550  -79.921  -3.406 0.0000000000
3606  -23.055  -80.304  -5.983 0.0000000000
3605  -22.546  -80.558  -6.367 0.0000000000
3082  -22.286  -81.014  -7.017 0.0000000000
3092  -22.182  -81.819  -7.678 0.0000000000
2602  -22.804  -82.923  -7.692 0.0000000000
2118  -22.616  -83.768  -8.001 0.0000000000
2603  -23.694  -83.254  -7.337 0.0000000000
115114  -26.401  -82.355  -6.225 0.0000000000
2605  -25.462  -83.490  -7.060 0.0000000000
2108  -26.584  -83.442  -6.959 0.0000000000
2122  -26.957  -84.276  -7.813 0.0000000000
2109  -27.853  -83.827  -7.177 0.0000000000
1971  -28.070  -83.261  9.064 0.0000000000
112102  -29.055  -83.174  9.259 0.0000000000
3443  -28.027  -80.591  8.975 0.0000000000
2917  -27.269  -81.684  8.270 0.0000000000
3442  -27.442  -80.678  8.284 0.0000000000
3459  -27.163  -80.909  6.596 0.0000000000
113248  -27.233  -80.322  7.394 0.0000000000
5735  -27.620  -77.200  6.084 0.0000000000
118106  -27.607  -78.274  5.211 0.0000000000
4020  -27.955  -79.667  4.850 0.0000000000
4026  -27.896  -78.913  4.699 0.0000000000
4591  -29.923  -79.198  3.149 0.0000000000
4590  -28.923  -78.609  3.263 0.0000000000
20764  -5.632  -59.767  8.347 0.0000000000
119475  -5.658  -60.466  8.990 0.0000000000
20757  -5.648  -59.719  9.209 0.0000000000
124862  -5.741  -59.881  10.770 0.0000000000
119313  -5.766  -59.063  10.350 0.0000000000
124468  -5.864  -58.466  10.684 0.0000000000
21703  -5.869  -58.318  9.926 0.0000000000
23791  -6.360  -56.755  8.697 0.0000000000
119557  -6.949  -56.337  8.484 0.0000000000
23792  -6.853  -55.829  8.796 0.0000000000
23808  -7.409  -56.251  8.303 0.0000000000
21759  -7.732  -58.503  5.155 0.0000000000
22832  -7.093  -57.947  5.614 0.0000000000
21741  -8.505  -58.174  5.813 0.0000000000
23859  -8.719  -56.411  5.215 0.0000000000
23845  -9.070  -56.906  6.081 0.0000000000
24838  -8.670  -55.969  6.171 0.0000000000
24823  -7.901  -55.172  7.058 0.0000000000
24837  -8.029  -55.282  6.102 0.0000000000
24845  -6.915  -55.260  5.160 0.0000000000
23873  -7.041  -56.066  2.711 0.0000000000
114686  -6.574  -55.265  3.032 0.0000000000
25814  -6.433  -54.557  2.391 0.0000000000
26828  -6.550  -53.801  2.773 0.0000000000
25824  -6.479  -54.660  1.400 0.0000000000
5939  -10.097  -76.749  -14.418 0.0000000000
5950  -10.006  -76.093  -15.169 0.0000000000
6576  -10.408  -75.373  -15.139 0.0000000000
8711  -11.284  -72.192  -16.876 0.0000000000
8003  -11.059  -72.934  -16.967 0.0000000000
8721  -11.062  -72.445  -17.540 0.0000000000
125082  -10.736  -71.283  -18.641 0.0000000000
10350  -10.918  -70.705  -18.792 0.0000000000
11273  -13.466  -69.305  -15.494 0.0000000000
10334  -12.814  -69.909  -16.020 0.0000000000
11289  -13.042  -69.093  -16.288 0.0000000000
13214  -12.969  -66.734  -19.420 0.0000000000
12283  -12.791  -67.941  -18.105 0.0000000000
13213  -12.286  -67.318  -20.036 0.0000000000
12302  -11.696  -67.856  -20.544 0.0000000000
13227  -12.018  -67.023  -20.865 0.0000000000
127780  -11.567  -66.251  -21.555 0.0000000000
15050  -12.446  -65.219  -21.398 0.0000000000
17022  -13.263  -62.967  -20.744 0.0000000000
17020  -11.809  -63.378  -20.997 0.0000000000
17989  -11.533  -62.348  -20.061 0.0000000000
17988  -10.546  -62.483  -19.495 0.0000000000
17975  -11.039  -61.981  -19.097 0.0000000000
7923  -28.499  -73.440  -11.579 0.0000000000
7941  -28.446  -73.360  -12.541 0.0000000000
7921  -26.820  -73.305  -11.852 0.0000000000
7938  -25.534  -72.992  -12.247 0.0000000000
125904  -26.306  -72.879  -11.591 0.0000000000
8650  -30.812  -72.741  -8.397 0.0000000000
8649  -30.028  -72.752  -8.837 0.0000000000
9446  -28.963  -71.645  -9.290 0.0000000000
113760  -27.314  -69.483  -12.006 0.0000000000
10279  -27.481  -70.384  -10.643 0.0000000000
10302  -26.332  -70.301  -12.185 0.0000000000
10301  -25.778  -70.863  -12.305 0.0000000000
10310  -26.038  -70.150  -13.029 0.0000000000
10330  -25.336  -70.364  -15.325 0.0000000000
11261  -26.005  -69.821  -14.882 0.0000000000
116909  -28.126  -68.523  -15.914 0.0000000000
12259  -26.993  -68.782  -16.833 0.0000000000
12275  -27.543  -68.893  -17.553 0.0000000000
123398  -27.191  -69.303  -18.502 0.0000000000
12286  -28.146  -69.179  -18.343 0.0000000000
11251  -32.602  -69.229  -13.126 0.0000000000
35912  -28.046  -42.604  16.563 0.0000000000
37731  -27.497  -41.058  15.123 0.0000000000
36823  -29.412  -41.268  15.213 0.0000000000
129805  -31.341  -42.790  12.199 0.0000000000
123611  -30.995  -42.073  13.111 0.0000000000
122188  -30.722  -43.050  10.914 0.0000000000
32410  -31.155  -45.145  10.223 0.0000000000
32401  -30.948  -44.706  10.266 0.0000000000
34177  -28.611  -44.273  9.771 0.0000000000
806  -18.898  -87.077  12.773 0.0000000000
1134  -18.767  -86.162  12.523 0.0000000000
805  -18.414  -86.674  12.224 0.0000000000
822  -18.780  -86.486  11.156 0.0000000000
815  -19.411  -87.111  11.433 0.0000000000
1152  -21.275  -86.156  10.691 0.0000000000
115352  -20.764  -87.275  11.211 0.0000000000
130  -21.077  -90.302  12.284 0.0000000000
318  -21.278  -89.379  11.196 0.0000000000
140  -21.578  -90.135  11.165 0.0000000000
334  -22.307  -89.746  9.032 0.0000000000
116257  -22.180  -90.375  10.736 0.0000000000
18828  -4.783  -59.935  -3.733 0.0000000000
19919  -4.527  -59.218  -3.064 0.0000000000
21837  -4.678  -58.746  -2.743 0.0000000000
20871  -4.644  -58.791  -3.571 0.0000000000
4767  -13.226  -78.657  -13.604 0.0000000000
4766  -12.172  -79.068  -13.613 0.0000000000
6562  -11.990  -75.763  -13.278 0.0000000000
4780  -15.464  -78.698  -15.106 0.0000000000
131413  -15.205  -78.632  -14.471 0.0000000000
5333  -15.766  -77.933  -14.575 0.0000000000
5918  -16.319  -76.081  -12.521 0.0000000000
5303  -15.119  -77.086  -12.825 0.0000000000
5917  -15.391  -76.407  -12.337 0.0000000000
6554  -14.671  -75.825  -11.976 0.0000000000
6541  -15.031  -75.115  -11.656 0.0000000000
7201  -14.610  -74.393  -11.730 0.0000000000
127162  -15.329  -74.538  -11.524 0.0000000000
7901  -18.166  -73.267  -11.166 0.0000000000
9451  -17.935  -71.766  -10.675 0.0000000000
7239  -21.711  -74.139  -15.702 0.0000000000
7255  -21.740  -74.444  -16.519 0.0000000000
7253  -20.639  -74.017  -16.751 0.0000000000
9534  -22.239  -71.441  -19.221 0.0000000000
9518  -22.425  -71.592  -17.130 0.0000000000
124147  -21.777  -71.620  -18.805 0.0000000000
8738  -19.981  -72.561  -20.495 0.0000000000
8736  -20.312  -72.242  -19.525 0.0000000000
8735  -19.598  -72.793  -19.506 0.0000000000
8018  -19.132  -73.396  -19.274 0.0000000000
8017  -18.594  -73.811  -19.757 0.0000000000
7290  -18.116  -74.495  -20.121 0.0000000000
8020  -18.616  -74.024  -20.846 0.0000000000
7306  -18.039  -74.897  -23.685 0.0000000000
6625  -18.058  -75.648  -23.136 0.0000000000
7305  -17.015  -75.044  -23.602 0.0000000000
6011  -16.234  -76.006  -23.121 0.0000000000
12320  -22.452  -68.554  -22.077 0.0000000000
11354  -20.889  -69.303  -22.199 0.0000000000
11364  -20.500  -69.751  -23.097 0.0000000000
11353  -19.785  -69.417  -21.696 0.0000000000
12329  -16.905  -68.373  -22.117 0.0000000000
12330  -17.249  -68.405  -22.266 0.0000000000
116537  -16.990  -69.123  -22.109 0.0000000000
11362  -18.390  -70.182  -22.267 0.0000000000
10376  -17.326  -70.789  -22.344 0.0000000000
9546  -17.137  -71.458  -22.608 0.0000000000
10375  -16.502  -70.612  -22.049 0.0000000000
10367  -15.048  -70.619  -20.288 0.0000000000
9541  -15.151  -71.603  -21.207 0.0000000000
9540  -14.678  -71.966  -20.717 0.0000000000
8019  -14.296  -73.201  -20.882 0.0000000000
8737  -14.384  -72.574  -20.394 0.0000000000
8011  -13.918  -73.728  -19.186 0.0000000000
8730  -14.460  -72.217  -18.902 0.0000000000
9507  -16.713  -71.162  -16.767 0.0000000000
9516  -16.013  -71.594  -17.304 0.0000000000
119138  -16.504  -71.904  -16.745 0.0000000000
8713  -16.599  -72.649  -16.383 0.0000000000
9508  -17.051  -71.666  -15.993 0.0000000000
118066  -18.972  -38.373  9.186 0.0000000000
37788  -14.702  -41.308  9.725 0.0000000000
37778  -13.657  -41.365  10.189 0.0000000000
26668  -23.320  -53.535  15.672 0.0000000000
24735  -23.220  -54.956  13.763 0.0000000000
25684  -23.117  -55.018  14.546 0.0000000000
23726  -21.854  -57.080  14.518 0.0000000000
23706  -22.236  -56.372  14.986 0.0000000000
23743  -22.462  -56.528  13.031 0.0000000000
22681  -22.042  -57.198  12.495 0.0000000000
22712  -22.776  -57.576  11.088 0.0000000000
22697  -21.690  -57.815  11.993 0.0000000000
20734  -20.965  -59.682  12.419 0.0000000000
20745  -21.984  -59.114  11.399 0.0000000000
19688  -22.078  -60.284  12.032 0.0000000000
125391  -22.795  -61.083  12.321 0.0000000000
22604  -19.362  -57.136  17.613 0.0000000000
22613  -16.821  -57.430  17.055 0.0000000000
23677  -17.201  -57.076  17.347 0.0000000000
20695  -17.571  -58.845  16.855 0.0000000000
18564  -19.481  -61.118  16.604 0.0000000000
20697  -19.020  -59.347  16.463 0.0000000000
19655  -19.428  -60.192  16.093 0.0000000000
21636  -19.217  -58.615  16.178 0.0000000000
19660  -19.860  -60.229  15.277 0.0000000000
19663  -20.295  -60.287  14.445 0.0000000000
18586  -20.161  -60.946  14.893 0.0000000000
17576  -21.584  -62.744  13.287 0.0000000000
17588  -22.998  -62.809  11.915 0.0000000000
125474  -13.296  -54.512  21.952 0.0000000000
23658  -12.749  -56.602  19.772 0.0000000000
23645  -12.519  -55.518  20.475 0.0000000000
13751  -8.104  -66.737  16.191 0.0000000000
14623  -8.231  -65.958  17.334 0.0000000000
110789  -7.882  -64.865  17.124 0.0000000000
18549  -8.255  -61.564  17.783 0.0000000000
18548  -7.790  -61.572  17.902 0.0000000000
21616  -8.406  -59.353  18.940 0.0000000000
21610  -9.210  -58.162  19.315 0.0000000000
20678  -9.398  -59.704  18.499 0.0000000000
16534  -10.910  -63.375  17.803 0.0000000000
129904  -10.583  -60.807  18.307 0.0000000000
17515  -10.927  -62.687  18.186 0.0000000000
114879  -11.544  -60.965  18.397 0.0000000000
17516  -11.796  -62.984  18.462 0.0000000000
16536  -12.366  -63.648  18.365 0.0000000000
16563  -11.948  -64.034  17.257 0.0000000000
17555  -12.451  -62.304  14.045 0.0000000000
724  -11.818  -86.845  23.800 0.0000000000
714  -11.110  -86.812  24.112 0.0000000000
1814  -10.756  -84.077  25.215 0.0000000000
120387  -11.292  -84.195  25.908 0.0000000000
1808  -11.512  -83.449  26.622 0.0000000000
3277  -9.756  -80.067  25.081 0.0000000000
4406  -9.776  -78.711  23.859 0.0000000000
2804  -10.794  -81.220  19.863 0.0000000000
3858  -10.369  -79.616  20.544 0.0000000000
3310  -11.328  -79.987  19.057 0.0000000000
3863  -10.979  -79.200  18.874 0.0000000000
3332  -10.796  -80.793  17.599 0.0000000000
1476  -9.509  -84.878  17.164 0.0000000000
1902  -9.399  -84.073  17.576 0.0000000000
1910  -9.444  -84.140  16.711 0.0000000000
113306  -9.714  -83.534  13.286 0.0000000000
1924  -9.468  -83.073  14.866 0.0000000000
2382  -9.325  -81.689  13.847 0.0000000000
3364  -9.443  -80.890  14.422 0.0000000000
2390  -9.260  -81.232  12.919 0.0000000000
3389  -9.370  -80.724  12.275 0.0000000000
118813  -9.375  -81.587  11.535 0.0000000000
1575  -10.521  -84.506  7.002 0.0000000000
2452  -10.122  -83.061  7.741 0.0000000000
1990  -10.136  -83.619  6.828 0.0000000000
2470  -9.326  -83.124  5.534 0.0000000000
1579  -9.631  -84.844  5.465 0.0000000000
120440  -14.443  -86.613  12.686 0.0000000000
111400  -14.388  -87.046  13.448 0.0000000000
120478  -14.328  -87.191  12.019 0.0000000000
147  -15.191  -90.162  9.778 0.0000000000
137  -14.205  -89.656  10.541 0.0000000000
129837  -14.006  -90.232  9.996 0.0000000000
24  -12.946  -90.051  10.669 0.0000000000
28  -13.257  -90.296  9.393 0.0000000000
47  -18.732  -91.069  5.364 0.0000000000
44  -18.373  -90.754  6.073 0.0000000000
46  -17.726  -90.715  5.498 0.0000000000
364  -14.780  -88.538  4.832 0.0000000000
356  -15.212  -89.337  5.148 0.0000000000
354  -13.401  -88.668  5.851 0.0000000000
169  -12.860  -89.353  7.174 0.0000000000
121132  -12.438  -88.320  6.054 0.0000000000
352  -11.106  -87.708  6.048 0.0000000000
578  -12.181  -87.456  5.098 0.0000000000
1199  -11.397  -85.634  3.018 0.0000000000
118300  -22.915  -85.800  8.100 0.0000000000
1572  -23.267  -84.733  7.463 0.0000000000
1173  -23.214  -85.514  7.433 0.0000000000
1197  -24.499  -85.809  4.167 0.0000000000
129910  -24.563  -84.905  3.992 0.0000000000
1206  -24.880  -84.720  2.755 0.0000000000
1611  -24.972  -84.169  2.151 0.0000000000
127304  -24.939  -85.204  1.967 0.0000000000
919  -25.752  -86.967  -2.033 0.0000000000
1243  -25.708  -86.112  -1.895 0.0000000000
1644  -26.084  -84.628  -1.255 0.0000000000
1655  -26.121  -85.442  -2.505 0.0000000000
125693  -26.661  -83.945  -3.205 0.0000000000
2074  -26.842  -84.569  -3.436 0.0000000000
130640  -29.050  -84.321  -4.362 0.0000000000
2088  -29.024  -84.021  -4.929 0.0000000000
2579  -29.135  -83.719  -5.641 0.0000000000
2110  -29.391  -83.795  -6.809 0.0000000000
2111  -29.949  -83.417  -6.653 0.0000000000
124087  -26.673  -83.437  7.435 0.0000000000
1578  -26.809  -84.279  6.535 0.0000000000
2000  -27.378  -83.861  5.625 0.0000000000
1605  -30.416  -84.440  2.789 0.0000000000
1603  -28.857  -85.221  3.799 0.0000000000
1208  -30.072  -85.172  2.388 0.0000000000
2511  -33.414  -82.720  2.515 0.0000000000
2030  -32.760  -83.264  2.473 0.0000000000
2035  -32.889  -82.837  1.780 0.0000000000
111816  -31.810  -82.604  -2.106 0.0000000000
2051  -32.115  -83.336  -0.551 0.0000000000
1659  -31.751  -83.576  -1.027 0.0000000000
129042  -31.075  -83.354  -3.032 0.0000000000
2078  -31.118  -83.156  -3.594 0.0000000000
128690  -30.379  -80.714  -6.197 0.0000000000
3075  -30.838  -81.923  -5.746 0.0000000000
3608  -29.994  -80.637  -6.690 0.0000000000
3094  -29.731  -81.604  -7.211 0.0000000000
3613  -28.941  -80.862  -7.559 0.0000000000
3618  -28.252  -81.090  -8.021 0.0000000000
125705  -28.220  -80.123  -7.756 0.0000000000
5256  -28.762  -77.599  -8.353 0.0000000000
4718  -28.165  -78.146  -8.685 0.0000000000
4726  -28.973  -78.458  -9.684 0.0000000000
4700  -33.253  -78.168  -5.940 0.0000000000
5231  -31.679  -77.155  -6.114 0.0000000000
5248  -32.692  -77.797  -7.445 0.0000000000
4730  -32.992  -78.701  -9.787 0.0000000000
7206  -36.322  -74.464  -12.078 0.0000000000
7927  -34.877  -73.874  -11.940 0.0000000000
7928  -35.838  -73.956  -11.772 0.0000000000
127592  -38.626  -75.268  -8.637 0.0000000000
7186  -40.231  -73.439  -8.245 0.0000000000
7192  -39.297  -73.896  -9.119 0.0000000000
7883  -39.415  -73.521  -8.849 0.0000000000
7895  -37.292  -73.639  -9.900 0.0000000000
120097  -37.542  -73.488  -9.086 0.0000000000
7869  -35.940  -72.978  -8.062 0.0000000000
127954  -38.040  -72.792  -7.911 0.0000000000
8633  -39.910  -71.453  -6.793 0.0000000000
26689  -23.596  -53.045  14.118 0.0000000000
110706  -23.873  -52.650  13.479 0.0000000000
25703  -26.163  -54.108  12.932 0.0000000000
25722  -26.117  -53.700  12.538 0.0000000000
123063  -26.338  -54.238  13.677 0.0000000000
26690  -26.647  -53.630  14.121 0.0000000000
25686  -26.497  -54.274  14.737 0.0000000000
108865  -25.181  -58.765  14.058 0.0000000000
114786  -25.294  -56.886  14.054 0.0000000000
108882  -24.793  -58.094  15.238 0.0000000000
23690  -26.989  -57.185  18.529 0.0000000000
23689  -25.865  -57.245  18.275 0.0000000000
23680  -26.677  -56.100  18.397 0.0000000000
24689  -26.589  -55.080  18.137 0.0000000000
24691  -28.600  -55.361  17.988 0.0000000000
26641  -29.156  -53.728  18.046 0.0000000000
24700  -29.186  -55.326  16.755 0.0000000000
24718  -29.759  -54.822  15.115 0.0000000000
25704  -30.058  -54.465  13.790 0.0000000000
29626  -15.012  -50.591  13.362 0.0000000000
28735  -13.933  -50.699  13.837 0.0000000000
28733  -12.272  -52.169  13.666 0.0000000000
114862  -12.024  -51.087  12.433 0.0000000000
29637  -12.245  -50.324  12.153 0.0000000000
28753  -11.986  -51.512  11.889 0.0000000000
23759  -6.129  -56.615  11.684 0.0000000000
24747  -6.441  -55.893  12.869 0.0000000000
109808  -6.344  -55.144  12.283 0.0000000000
27782  -6.554  -52.810  11.730 0.0000000000
26715  -6.859  -53.332  12.849 0.0000000000
26716  -7.444  -53.121  12.850 0.0000000000
26702  -7.907  -53.695  13.597 0.0000000000
27771  -8.340  -52.771  12.185 0.0000000000
28781  -8.336  -51.428  8.850 0.0000000000
28768  -7.840  -51.552  9.426 0.0000000000
109669  -8.968  -51.517  9.053 0.0000000000
26752  -11.157  -53.536  10.115 0.0000000000
26740  -9.874  -52.972  10.905 0.0000000000
26729  -10.562  -53.802  11.505 0.0000000000
130581  -10.839  -54.286  12.108 0.0000000000
26730  -11.445  -54.578  11.957 0.0000000000
25715  -12.431  -54.450  12.833 0.0000000000
25730  -12.892  -54.769  12.153 0.0000000000
27797  -14.098  -53.117  11.002 0.0000000000
27787  -13.386  -53.270  11.768 0.0000000000
28760  -12.122  -51.171  10.974 0.0000000000
28761  -12.972  -51.357  10.398 0.0000000000
29665  -12.842  -50.602  9.798 0.0000000000
6579  -9.236  -75.351  -15.759 0.0000000000
14127  -6.731  -66.360  -21.075 0.0000000000
13212  -6.599  -67.618  -20.237 0.0000000000
14115  -5.905  -66.244  -20.786 0.0000000000
20075  -6.846  -60.628  -14.373 0.0000000000
20045  -6.712  -59.820  -13.009 0.0000000000
20931  -6.247  -58.963  -9.660 0.0000000000
20944  -5.189  -58.793  -10.938 0.0000000000
21899  -5.069  -58.733  -9.541 0.0000000000
20910  -4.902  -58.963  -8.061 0.0000000000
20911  -4.735  -59.123  -7.373 0.0000000000
21884  -5.626  -58.747  -7.468 0.0000000000
20900  -6.949  -59.523  -6.427 0.0000000000
20892  -6.637  -59.096  -5.506 0.0000000000
19944  -6.931  -59.585  -4.803 0.0000000000
114592  -6.611  -59.347  -3.933 0.0000000000
19945  -7.145  -60.498  -4.103 0.0000000000
19029  -14.501  -61.086  -18.078 0.0000000000
20103  -12.085  -60.772  -16.273 0.0000000000
19001  -10.706  -61.374  -15.793 0.0000000000
117905  -10.336  -61.871  -16.115 0.0000000000
19000  -10.382  -61.823  -15.247 0.0000000000
20934  -9.914  -59.802  -9.245 0.0000000000
20921  -9.940  -58.835  -9.065 0.0000000000
20030  -9.657  -60.473  -11.358 0.0000000000
17873  -11.091  -62.423  -12.196 0.0000000000
18964  -10.051  -62.013  -12.442 0.0000000000
17906  -11.387  -63.196  -13.636 0.0000000000
17918  -10.812  -63.064  -14.371 0.0000000000
16946  -12.361  -63.828  -13.404 0.0000000000
15966  -12.197  -64.521  -13.892 0.0000000000
15967  -12.567  -64.349  -13.121 0.0000000000
15933  -12.556  -64.426  -10.364 0.0000000000
110296  -11.523  -64.739  -11.382 0.0000000000
15931  -10.460  -64.556  -10.653 0.0000000000
15930  -9.494  -64.232  -10.498 0.0000000000
111982  -10.248  -64.301  -9.068 0.0000000000
15890  -13.352  -64.184  -6.583 0.0000000000
15898  -13.502  -64.156  -7.559 0.0000000000
15889  -12.748  -64.342  -6.293 0.0000000000
123994  -10.064  -64.015  -6.040 0.0000000000
112450  -10.949  -64.219  -6.900 0.0000000000
124297  -9.404  -63.864  -6.483 0.0000000000
16894  -9.203  -63.714  -8.125 0.0000000000
16887  -8.744  -63.500  -6.457 0.0000000000
17817  -8.333  -62.675  -6.736 0.0000000000
16881  -8.702  -63.671  -5.704 0.0000000000
16869  -7.760  -63.565  -3.056 0.0000000000
16875  -7.853  -63.187  -4.060 0.0000000000
17781  -7.477  -62.655  -2.715 0.0000000000
18814  -7.320  -61.772  -2.586 0.0000000000
116203  -7.388  -62.465  -1.839 0.0000000000
18808  -7.327  -61.983  -1.052 0.0000000000
17775  -7.574  -63.218  -0.797 0.0000000000
16847  -9.045  -63.912  -0.198 0.0000000000
16830  -8.565  -63.438  0.571 0.0000000000
17769  -9.135  -62.832  0.344 0.0000000000
117450  -9.366  -61.856  0.359 0.0000000000
17791  -10.804  -62.686  -3.201 0.0000000000
18815  -10.012  -62.402  -2.858 0.0000000000
18830  -9.859  -61.172  -3.515 0.0000000000
20861  -8.677  -58.996  -2.778 0.0000000000
20852  -9.039  -59.954  -2.172 0.0000000000
20851  -8.858  -59.140  -1.544 0.0000000000
21818  -9.166  -59.141  -0.479 0.0000000000
21817  -8.665  -58.477  -0.970 0.0000000000
28723  -23.520  -51.029  13.766 0.0000000000
6225  -15.222  -75.731  23.228 0.0000000000
5621  -15.004  -76.864  21.418 0.0000000000
4987  -15.177  -77.034  22.772 0.0000000000
4995  -13.850  -77.707  22.443 0.0000000000
112477  -18.330  -83.608  10.362 0.0000000000
1549  -18.394  -84.699  8.931 0.0000000000
1563  -18.395  -84.196  8.297 0.0000000000
1995  -19.212  -83.699  7.203 0.0000000000
2456  -19.857  -82.992  6.723 0.0000000000
2457  -21.047  -82.225  7.454 0.0000000000
2926  -22.010  -80.963  7.348 0.0000000000
3466  -22.938  -80.575  5.750 0.0000000000
3475  -23.608  -80.720  4.115 0.0000000000
124750  -23.450  -80.879  5.245 0.0000000000
2476  -23.744  -81.635  5.634 0.0000000000
2477  -24.249  -82.582  5.016 0.0000000000
20849  -4.453  -58.991  -1.283 0.0000000000
20839  -4.499  -59.048  0.188 0.0000000000
21808  -4.755  -58.789  -0.145 0.0000000000
21809  -5.168  -58.591  0.339 0.0000000000
21803  -5.942  -58.657  1.427 0.0000000000
20835  -6.618  -59.119  2.019 0.0000000000
20840  -6.407  -58.986  0.927 0.0000000000
19818  -7.250  -61.047  1.312 0.0000000000
10297  -16.753  -70.450  -12.063 0.0000000000
10296  -16.025  -70.370  -12.487 0.0000000000
11225  -16.716  -69.716  -12.597 0.0000000000
12195  -17.155  -68.965  -12.999 0.0000000000
13162  -17.769  -67.529  -13.648 0.0000000000
11177  -34.668  -69.926  -9.686 0.0000000000
29633  -30.897  -48.502  16.726 0.0000000000
29642  -30.969  -47.769  16.724 0.0000000000
29643  -31.204  -48.093  14.973 0.0000000000
29652  -31.178  -48.261  13.294 0.0000000000
126638  -31.107  -48.908  11.623 0.0000000000
121259  -31.067  -49.832  11.163 0.0000000000
4809  -15.221  -78.382  -19.221 0.0000000000
4808  -14.730  -78.051  -19.152 0.0000000000
128111  -14.774  -78.145  -18.621 0.0000000000
5358  -14.839  -77.802  -18.347 0.0000000000
117052  -14.497  -76.987  -18.772 0.0000000000
5978  -14.441  -76.132  -18.754 0.0000000000
6596  -14.265  -75.064  -18.760 0.0000000000
11332  -25.832  -70.133  -19.632 0.0000000000
10356  -24.922  -70.303  -19.041 0.0000000000
10364  -25.206  -70.530  -20.302 0.0000000000
10370  -25.394  -70.578  -21.543 0.0000000000
10382  -24.509  -70.200  -22.879 0.0000000000
33303  -13.207  -46.376  10.550 0.0000000000
33302  -12.476  -46.526  9.903 0.0000000000
33301  -12.080  -46.503  9.345 0.0000000000
34182  -11.709  -46.011  9.012 0.0000000000
32417  -12.206  -47.135  8.880 0.0000000000
120751  -12.375  -47.614  8.628 0.0000000000
31504  -12.459  -48.195  8.483 0.0000000000
112125  -15.245  -57.390  18.609 0.0000000000
20691  -15.252  -58.913  17.648 0.0000000000
20683  -14.784  -59.649  17.973 0.0000000000
126519  -15.711  -63.528  18.734 0.0000000000
15539  -15.481  -64.340  18.100 0.0000000000
16539  -15.173  -63.959  18.520 0.0000000000
15538  -14.423  -64.286  18.174 0.0000000000
109078  -14.254  -64.010  16.673 0.0000000000
11869  -15.654  -68.882  16.086 0.0000000000
11872  -13.791  -68.286  15.665 0.0000000000
11874  -15.578  -68.486  15.448 0.0000000000
11881  -16.205  -68.301  14.922 0.0000000000
131754  -12.901  -85.533  19.585 0.0000000000
117386  -12.713  -86.032  19.986 0.0000000000
1094  -12.958  -86.133  19.232 0.0000000000
115544  -12.847  -87.843  19.037 0.0000000000
500  -12.736  -88.218  18.065 0.0000000000
273  -11.746  -88.712  17.835 0.0000000000
275  -12.804  -88.123  17.298 0.0000000000
131287  -12.924  -88.133  16.178 0.0000000000
287  -13.187  -88.577  14.460 0.0000000000
416  -20.605  -89.084  -2.412 0.0000000000
207  -20.162  -89.573  -0.580 0.0000000000
116160  -20.379  -89.742  -2.340 0.0000000000
1712  -25.318  -84.891  -8.410 0.0000000000
1316  -23.843  -85.646  -9.150 0.0000000000
116668  -24.750  -84.764  -9.216 0.0000000000
2144  -24.488  -83.829  -9.785 0.0000000000
2631  -24.491  -83.176  -10.315 0.0000000000
2635  -24.742  -83.247  -11.164 0.0000000000
2632  -24.777  -82.453  -10.580 0.0000000000
3623  -25.578  -81.111  -10.251 0.0000000000
3624  -26.103  -80.559  -9.659 0.0000000000
848  -26.536  -87.010  6.667 0.0000000000
856  -27.588  -86.732  5.384 0.0000000000
4048  -34.529  -79.862  1.960 0.0000000000
114946  -35.157  -80.403  1.757 0.0000000000
4049  -35.558  -79.858  1.209 0.0000000000
4071  -36.175  -79.931  0.209 0.0000000000
4085  -35.310  -79.929  -1.278 0.0000000000
4100  -35.783  -79.687  -2.138 0.0000000000
4086  -36.468  -79.747  -1.213 0.0000000000
4650  -37.415  -79.293  -2.507 0.0000000000
4664  -38.158  -78.868  -2.989 0.0000000000
4678  -38.257  -78.475  -3.843 0.0000000000
4651  -39.332  -78.403  -2.069 0.0000000000
4637  -39.642  -77.976  -1.626 0.0000000000
22654  -8.094  -56.574  13.530 0.0000000000
23720  -7.741  -55.806  13.719 0.0000000000
27876  -6.976  -52.461  4.430 0.0000000000
28832  -7.508  -51.786  5.431 0.0000000000
28846  -7.485  -51.973  4.635 0.0000000000
16029  -9.127  -64.901  -19.582 0.0000000000
112462  -8.626  -64.918  -19.684 0.0000000000
118491  -9.415  -65.520  -18.421 0.0000000000
110609  -8.740  -65.976  -17.600 0.0000000000
14996  -8.560  -65.692  -16.859 0.0000000000
15992  -8.454  -65.114  -15.918 0.0000000000
14985  -9.179  -65.715  -16.037 0.0000000000
14973  -9.808  -65.658  -15.138 0.0000000000
14963  -10.048  -65.500  -14.121 0.0000000000
128012  -14.877  -63.354  -2.103 0.0000000000
30550  -24.852  -49.363  13.752 0.0000000000
30551  -25.536  -49.618  14.202 0.0000000000
30533  -27.913  -49.161  18.027 0.0000000000
29602  -27.707  -49.745  17.760 0.0000000000
28713  -29.331  -50.352  18.459 0.0000000000
27736  -30.010  -52.266  17.156 0.0000000000
6608  -17.459  -75.740  -19.817 0.0000000000
37767  -28.952  -40.721  12.068 0.0000000000
37773  -27.732  -41.123  11.311 0.0000000000
37782  -26.206  -41.574  11.014 0.0000000000
38578  -22.873  -40.712  9.860 0.0000000000
39342  -23.210  -39.805  10.117 0.0000000000
38589  -22.004  -40.582  9.460 0.0000000000
38588  -21.398  -40.892  8.972 0.0000000000
30557  -14.341  -49.177  12.827 0.0000000000
9096  -13.077  -71.682  21.286 0.0000000000
9095  -12.052  -71.329  21.496 0.0000000000
9105  -13.538  -71.433  20.554 0.0000000000
9115  -13.975  -71.119  19.863 0.0000000000
9931  -14.426  -70.768  19.175 0.0000000000
9939  -14.931  -70.404  18.510 0.0000000000
9932  -15.492  -71.032  18.950 0.0000000000
9130  -17.003  -71.737  18.172 0.0000000000
8400  -16.065  -72.586  16.509 0.0000000000
8419  -13.508  -72.196  15.996 0.0000000000
8398  -14.065  -72.680  16.409 0.0000000000
7642  -13.601  -73.144  16.968 0.0000000000
8383  -11.207  -73.002  16.819 0.0000000000
5641  -8.939  -75.532  18.116 0.0000000000
6271  -8.974  -74.923  18.038 0.0000000000
5651  -8.718  -76.863  16.525 0.0000000000
5657  -8.746  -76.963  15.597 0.0000000000
5049  -8.865  -77.037  13.638 0.0000000000
5059  -9.144  -77.282  11.635 0.0000000000
5054  -9.934  -77.524  12.311 0.0000000000
4525  -10.446  -78.572  11.353 0.0000000000
3969  -9.913  -79.579  9.987 0.0000000000
3972  -18.357  -79.563  10.807 0.0000000000
3951  -17.957  -78.897  12.240 0.0000000000
3950  -17.228  -79.335  11.806 0.0000000000
3939  -16.830  -79.288  13.252 0.0000000000
3379  -16.282  -80.119  13.408 0.0000000000
113404  -15.920  -80.774  12.773 0.0000000000
118523  -15.548  -81.433  12.155 0.0000000000
2407  -14.916  -82.715  11.787 0.0000000000
121321  -14.704  -83.054  11.127 0.0000000000
2424  -14.933  -82.587  10.376 0.0000000000
1981  -15.169  -82.805  8.127 0.0000000000
1993  -15.382  -83.151  7.230 0.0000000000
2014  -21.240  -83.267  4.629 0.0000000000
2013  -20.951  -83.995  4.559 0.0000000000
2027  -21.790  -84.015  3.247 0.0000000000
1610  -21.905  -84.397  2.095 0.0000000000
1216  -21.859  -85.345  2.188 0.0000000000
1226  -21.671  -85.815  1.404 0.0000000000
1241  -21.885  -85.416  -0.318 0.0000000000
1264  -22.181  -85.392  -2.738 0.0000000000
1283  -22.176  -85.302  -4.699 0.0000000000
1290  -21.121  -85.019  -5.711 0.0000000000
1292  -21.872  -84.531  -5.213 0.0000000000
2098  -21.426  -83.627  -5.316 0.0000000000
2576  -20.701  -82.103  -5.752 0.0000000000
4081  -25.003  -79.864  -2.209 0.0000000000
4108  -23.835  -79.565  -3.769 0.0000000000
4109  -24.545  -79.543  -3.430 0.0000000000
3581  -24.674  -79.976  -4.661 0.0000000000
3607  -24.030  -80.760  -6.046 0.0000000000
126433  -24.165  -81.616  -6.552 0.0000000000
3073  -24.865  -80.954  -5.761 0.0000000000
129866  -25.910  -81.330  -5.324 0.0000000000
111399  -26.841  -81.935  -4.897 0.0000000000
2437  -29.767  -82.922  9.329 0.0000000000
114553  -29.563  -82.181  9.320 0.0000000000
19741  -5.604  -60.024  7.538 0.0000000000
21711  -5.705  -58.143  9.054 0.0000000000
119445  -5.558  -57.946  7.280 0.0000000000
124530  -5.964  -57.359  7.302 0.0000000000
20802  -8.762  -59.267  4.546 0.0000000000
21742  -9.128  -58.093  5.623 0.0000000000
21761  -9.283  -58.239  5.032 0.0000000000
22833  -9.231  -57.441  4.996 0.0000000000
23866  -8.558  -56.619  4.128 0.0000000000
23858  -7.943  -55.916  4.358 0.0000000000
23874  -8.170  -56.612  3.075 0.0000000000
117061  -7.781  -56.577  2.074 0.0000000000
6568  -10.879  -75.314  -14.442 0.0000000000
117895  -10.713  -74.554  -15.177 0.0000000000
7965  -11.302  -73.959  -14.679 0.0000000000
8702  -11.342  -72.798  -15.721 0.0000000000
9505  -11.632  -71.429  -16.757 0.0000000000
13190  -14.263  -67.232  -16.272 0.0000000000
12254  -13.359  -68.377  -16.597 0.0000000000
14107  -13.593  -66.064  -18.756 0.0000000000
14117  -13.207  -65.843  -19.822 0.0000000000
15051  -13.079  -64.617  -20.969 0.0000000000
16039  -13.661  -63.984  -20.466 0.0000000000
17014  -13.721  -63.150  -20.457 0.0000000000
17977  -13.374  -61.884  -19.705 0.0000000000
131553  -31.474  -73.575  -12.160 0.0000000000
7942  -30.062  -73.220  -13.073 0.0000000000
7926  -30.839  -73.715  -11.670 0.0000000000
7924  -29.320  -73.602  -11.279 0.0000000000
7905  -28.599  -73.368  -10.571 0.0000000000
10281  -29.640  -70.003  -9.987 0.0000000000
10263  -29.273  -70.680  -9.520 0.0000000000
11191  -29.230  -69.640  -10.690 0.0000000000
11231  -27.920  -69.112  -12.133 0.0000000000
108989  -27.260  -69.162  -13.194 0.0000000000
11249  -27.257  -68.884  -13.990 0.0000000000
110003  -27.953  -68.656  -13.769 0.0000000000
12246  -28.559  -68.482  -15.148 0.0000000000
121963  -28.839  -68.563  -15.921 0.0000000000
33281  -30.248  -45.565  18.485 0.0000000000
34128  -29.106  -44.995  18.635 0.0000000000
35911  -27.680  -43.437  17.216 0.0000000000
35924  -29.658  -42.157  16.059 0.0000000000
114385  -31.584  -42.813  13.888 0.0000000000
35065  -31.689  -43.459  12.237 0.0000000000
32427  -29.512  -45.974  9.035 0.0000000000
124591  -20.212  -86.808  13.189 0.0000000000
313  -19.998  -89.038  12.572 0.0000000000
19960  -4.695  -59.679  -5.189 0.0000000000
4196  -12.468  -79.939  -13.862 0.0000000000
5952  -16.563  -76.517  -15.242 0.0000000000
5334  -16.280  -77.196  -14.413 0.0000000000
5941  -16.718  -76.511  -14.240 0.0000000000
5930  -16.595  -76.376  -13.381 0.0000000000
124732  -16.868  -75.579  -12.474 0.0000000000
6542  -16.000  -74.978  -11.512 0.0000000000
6557  -17.143  -75.170  -12.123 0.0000000000
7213  -18.037  -74.298  -12.103 0.0000000000
130905  -18.568  -73.386  -11.583 0.0000000000
8698  -22.663  -73.287  -14.538 0.0000000000
8706  -21.641  -73.418  -15.585 0.0000000000
9537  -21.583  -71.745  -20.636 0.0000000000
130383  -20.919  -72.358  -22.085 0.0000000000
115866  -20.581  -72.473  -21.447 0.0000000000
8024  -19.474  -73.702  -22.426 0.0000000000
8023  -18.820  -74.322  -22.213 0.0000000000
8027  -19.429  -73.999  -23.366 0.0000000000
8031  -18.840  -74.274  -23.893 0.0000000000
8749  -17.030  -73.231  -23.623 0.0000000000
13228  -16.614  -67.569  -21.023 0.0000000000
126543  -16.228  -68.957  -21.499 0.0000000000
11349  -15.873  -70.011  -21.683 0.0000000000
11342  -15.548  -69.512  -20.319 0.0000000000
117671  -15.207  -70.065  -20.120 0.0000000000
10361  -15.143  -70.436  -19.507 0.0000000000
115555  -15.129  -70.919  -18.704 0.0000000000
10353  -15.862  -70.379  -18.168 0.0000000000
115411  -16.524  -70.146  -17.643 0.0000000000
10343  -16.976  -70.265  -16.883 0.0000000000
38602  -18.126  -40.883  8.500 0.0000000000
127875  -12.924  -41.629  10.380 0.0000000000
24687  -22.134  -55.797  17.280 0.0000000000
23686  -21.434  -56.775  16.239 0.0000000000
23705  -21.622  -56.931  15.435 0.0000000000
22658  -21.403  -57.902  14.025 0.0000000000
22680  -21.540  -57.840  12.860 0.0000000000
21671  -21.059  -58.489  13.206 0.0000000000
21683  -20.900  -59.097  12.657 0.0000000000
20722  -20.652  -59.687  13.034 0.0000000000
18552  -18.296  -61.387  17.750 0.0000000000
19647  -18.367  -60.476  17.422 0.0000000000
18563  -19.002  -61.268  17.363 0.0000000000
17545  -19.886  -61.981  16.217 0.0000000000
18575  -20.235  -61.833  15.398 0.0000000000
18587  -20.474  -61.819  14.500 0.0000000000
17546  -20.431  -62.667  15.120 0.0000000000
116769  -7.478  -61.190  19.853 0.0000000000
13764  -8.576  -66.184  15.030 0.0000000000
15557  -8.172  -64.870  16.477 0.0000000000
15584  -8.582  -65.353  14.972 0.0000000000
16559  -8.404  -64.264  16.587 0.0000000000
17528  -8.691  -62.550  17.450 0.0000000000
18530  -9.293  -60.834  18.104 0.0000000000
16548  -9.244  -63.742  16.915 0.0000000000
16549  -10.525  -63.709  17.201 0.0000000000
16562  -11.124  -63.906  16.878 0.0000000000
110858  -11.679  -63.745  16.406 0.0000000000
16592  -11.020  -63.276  14.243 0.0000000000
17568  -11.657  -63.012  13.018 0.0000000000
744  -10.169  -87.222  22.671 0.0000000000
115228  -10.322  -86.444  23.912 0.0000000000
1032  -9.919  -85.637  23.522 0.0000000000
1408  -10.040  -84.673  23.851 0.0000000000
119491  -10.532  -83.224  25.104 0.0000000000
2274  -10.442  -82.317  25.406 0.0000000000
2290  -10.201  -82.532  23.595 0.0000000000
2776  -10.152  -81.589  23.506 0.0000000000
2785  -10.298  -81.207  22.574 0.0000000000
3292  -9.969  -80.118  22.812 0.0000000000
114865  -10.503  -81.465  21.487 0.0000000000
2795  -10.636  -81.442  20.607 0.0000000000
2341  -10.283  -81.677  18.992 0.0000000000
1119  -9.562  -85.826  14.369 0.0000000000
1501  -9.520  -84.537  14.956 0.0000000000
1124  -9.629  -85.569  13.637 0.0000000000
1514  -9.888  -84.312  12.849 0.0000000000
1949  -10.338  -83.672  11.666 0.0000000000
2406  -10.356  -83.018  11.165 0.0000000000
1961  -11.101  -84.048  9.991 0.0000000000
109957  -11.248  -85.108  8.899 0.0000000000
1171  -10.646  -85.431  7.230 0.0000000000
548  -14.844  -87.313  8.913 0.0000000000
535  -14.466  -87.982  10.619 0.0000000000
541  -15.157  -88.532  9.444 0.0000000000
332  -15.862  -89.256  9.068 0.0000000000
31  -15.860  -90.698  8.704 0.0000000000
191  -17.951  -90.114  2.798 0.0000000000
188  -17.359  -89.744  3.995 0.0000000000
373  -17.078  -88.934  3.245 0.0000000000
587  -15.657  -87.544  3.255 0.0000000000
586  -14.896  -87.135  3.788 0.0000000000
861  -12.919  -86.746  4.606 0.0000000000
875  -14.448  -86.395  3.600 0.0000000000
121594  -23.081  -87.535  7.327 0.0000000000
1186  -23.760  -86.054  6.058 0.0000000000
847  -23.487  -86.966  6.586 0.0000000000
867  -24.404  -86.994  4.355 0.0000000000
110097  -24.554  -86.665  3.523 0.0000000000
395  -25.213  -88.620  0.683 0.0000000000
620  -26.328  -87.746  -0.654 0.0000000000
911  -26.072  -87.423  -1.677 0.0000000000
921  -26.756  -86.648  -2.810 0.0000000000
1275  -26.889  -85.797  -3.325 0.0000000000
1276  -27.590  -85.524  -3.353 0.0000000000
1676  -28.412  -84.714  -3.733 0.0000000000
1677  -29.530  -84.340  -4.129 0.0000000000
116749  -27.360  -83.000  5.500 0.0000000000
2007  -27.850  -83.472  4.955 0.0000000000
114085  -28.318  -82.794  4.398 0.0000000000
117539  -29.715  -83.949  3.285 0.0000000000
2029  -31.334  -84.102  2.691 0.0000000000
3521  -32.184  -81.057  0.177 0.0000000000
2992  -32.193  -81.890  0.405 0.0000000000
3009  -31.762  -81.290  -0.301 0.0000000000
3021  -31.536  -81.746  -1.896 0.0000000000
3034  -31.668  -82.004  -2.809 0.0000000000
3049  -31.550  -82.015  -3.653 0.0000000000
3048  -31.143  -81.236  -4.066 0.0000000000
4128  -30.436  -80.233  -5.476 0.0000000000
3595  -30.041  -79.825  -6.198 0.0000000000
4136  -28.698  -78.734  -7.277 0.0000000000
117826  -29.122  -78.474  -6.712 0.0000000000
5230  -29.343  -77.252  -6.990 0.0000000000
5877  -29.974  -76.978  -7.755 0.0000000000
4713  -34.222  -77.838  -7.056 0.0000000000
127526  -33.533  -77.734  -7.599 0.0000000000
109161  -33.998  -77.404  -8.124 0.0000000000
113063  -33.741  -77.650  -9.122 0.0000000000
7224  -34.678  -74.950  -13.462 0.0000000000
5926  -35.910  -75.567  -12.631 0.0000000000
6546  -36.620  -75.160  -12.130 0.0000000000
6547  -37.159  -75.177  -11.500 0.0000000000
6496  -40.909  -75.471  -4.666 0.0000000000
113367  -41.560  -74.130  -5.799 0.0000000000
7855  -41.508  -73.444  -6.738 0.0000000000
7872  -40.980  -73.013  -7.561 0.0000000000
8644  -40.170  -72.316  -7.483 0.0000000000
8645  -41.577  -72.357  -7.088 0.0000000000
116940  -23.813  -54.120  12.519 0.0000000000
26721  -24.353  -53.487  12.356 0.0000000000
25736  -25.107  -54.430  11.665 0.0000000000
24762  -25.716  -55.230  12.332 0.0000000000
24736  -25.678  -55.960  14.089 0.0000000000
22659  -24.552  -59.919  17.378 0.0000000000
122054  -25.414  -59.689  18.147 0.0000000000
22637  -26.727  -59.249  18.055 0.0000000000
22627  -28.493  -56.942  16.974 0.0000000000
23692  -28.956  -56.041  16.553 0.0000000000
22639  -28.783  -57.170  16.027 0.0000000000
25680  -12.700  -54.368  15.131 0.0000000000
122842  -13.541  -54.793  14.902 0.0000000000
25681  -12.850  -54.157  15.417 0.0000000000
121559  -13.296  -53.436  14.959 0.0000000000
131623  -13.259  -51.894  14.460 0.0000000000
27750  -13.080  -52.664  14.714 0.0000000000
27772  -12.268  -52.684  13.405 0.0000000000
25743  -5.996  -54.443  10.357 0.0000000000
25727  -6.148  -54.538  11.400 0.0000000000
26726  -5.984  -53.619  10.931 0.0000000000
26739  -6.145  -52.905  10.593 0.0000000000
27783  -7.203  -52.314  11.453 0.0000000000
27805  -9.821  -52.166  9.347 0.0000000000
27806  -10.964  -52.895  9.273 0.0000000000
25758  -12.087  -54.157  10.287 0.0000000000
25746  -13.138  -54.685  11.455 0.0000000000
25760  -13.525  -54.338  9.869 0.0000000000
27807  -14.807  -53.116  10.021 0.0000000000
8727  -9.601  -72.694  -18.077 0.0000000000
8719  -8.734  -72.992  -17.650 0.0000000000
9520  -9.410  -71.878  -18.654 0.0000000000
16036  -5.384  -64.258  -20.057 0.0000000000
18962  -7.504  -61.257  -12.446 0.0000000000
115990  -7.284  -60.268  -12.316 0.0000000000
120422  -7.402  -60.737  -10.709 0.0000000000
20015  -7.162  -60.223  -10.035 0.0000000000
20932  -6.766  -59.619  -9.416 0.0000000000
20912  -6.331  -59.020  -7.881 0.0000000000
20920  -6.943  -59.792  -8.440 0.0000000000
19988  -7.349  -60.395  -7.097 0.0000000000
19975  -7.430  -60.641  -6.287 0.0000000000
19995  -10.285  -60.565  -8.613 0.0000000000
20006  -9.936  -60.687  -9.601 0.0000000000
20031  -9.911  -61.368  -11.105 0.0000000000
18927  -10.334  -61.523  -10.194 0.0000000000
17857  -12.237  -62.493  -10.997 0.0000000000
17875  -12.926  -62.890  -11.427 0.0000000000
16938  -12.857  -63.900  -12.509 0.0000000000
17876  -13.244  -63.215  -11.045 0.0000000000
15934  -13.129  -64.146  -10.208 0.0000000000
15921  -12.833  -64.394  -9.679 0.0000000000
15872  -12.776  -64.739  -4.699 0.0000000000
15880  -12.262  -64.495  -5.532 0.0000000000
15871  -11.873  -64.869  -4.637 0.0000000000
118374  -9.983  -64.791  -4.838 0.0000000000
15869  -9.394  -64.934  -4.409 0.0000000000
15877  -8.882  -64.219  -5.051 0.0000000000
15868  -8.666  -64.710  -3.937 0.0000000000
16870  -8.253  -64.532  -3.015 0.0000000000
16859  -7.943  -64.363  -2.255 0.0000000000
16852  -7.832  -64.043  -0.881 0.0000000000
15847  -8.748  -64.932  -1.222 0.0000000000
119368  -8.990  -64.584  -0.704 0.0000000000
119377  -9.453  -63.626  -1.062 0.0000000000
19923  -10.437  -60.880  -4.106 0.0000000000
129943  -9.885  -60.656  -4.010 0.0000000000
19946  -9.866  -60.214  -4.176 0.0000000000
21840  -8.476  -58.035  -3.160 0.0000000000
22891  -8.113  -57.442  -2.363 0.0000000000
22899  -8.197  -56.982  -3.094 0.0000000000
29627  -22.885  -49.632  13.617 0.0000000000
29630  -25.865  -50.292  13.825 0.0000000000
28711  -27.135  -51.387  15.730 0.0000000000
9083  -11.778  -71.876  22.369 0.0000000000
8314  -12.591  -72.877  23.105 0.0000000000
8325  -12.666  -72.375  22.481 0.0000000000
8338  -14.469  -72.700  21.459 0.0000000000
8339  -15.381  -73.034  21.081 0.0000000000
6905  -16.340  -74.408  20.034 0.0000000000
6929  -15.626  -74.615  18.727 0.0000000000
6267  -15.653  -75.148  19.425 0.0000000000
119867  -13.449  -75.486  19.636 0.0000000000
6264  -12.297  -75.329  19.732 0.0000000000
5627  -13.406  -76.386  20.700 0.0000000000
6255  -11.655  -75.688  20.341 0.0000000000
123042  -10.007  -75.317  19.553 0.0000000000
124265  -9.109  -76.109  18.662 0.0000000000
5026  -9.127  -77.312  18.018 0.0000000000
114010  -10.841  -78.204  16.976 0.0000000000
115997  -20.454  -80.481  12.404 0.0000000000
3954  -20.334  -79.347  12.715 0.0000000000
3408  -19.545  -80.235  11.905 0.0000000000
3417  -19.220  -80.605  11.130 0.0000000000
2899  -19.113  -81.787  11.027 0.0000000000
2898  -18.992  -80.934  10.077 0.0000000000
3416  -18.775  -80.042  10.256 0.0000000000
131111  -18.289  -79.733  10.005 0.0000000000
3977  -18.156  -80.223  8.718 0.0000000000
3440  -17.820  -80.343  8.032 0.0000000000
2914  -16.351  -80.952  7.686 0.0000000000
3451  -17.958  -80.589  7.308 0.0000000000
2940  -18.260  -81.597  5.389 0.0000000000
2473  -19.533  -82.560  5.289 0.0000000000
2466  -20.301  -82.643  6.314 0.0000000000
2475  -21.148  -81.971  5.789 0.0000000000
2486  -21.259  -82.426  5.099 0.0000000000
2492  -21.666  -81.673  3.610 0.0000000000
2509  -22.092  -81.834  1.230 0.0000000000
2525  -22.812  -81.699  -0.126 0.0000000000
3018  -23.071  -82.267  -2.148 0.0000000000
3005  -23.360  -81.307  -0.683 0.0000000000
3006  -23.872  -80.736  -0.448 0.0000000000
3531  -24.296  -80.632  -1.162 0.0000000000
3497  -24.015  -80.526  2.133 0.0000000000
3508  -24.245  -80.514  1.248 0.0000000000
127422  -24.580  -80.584  -0.476 0.0000000000
113470  -25.331  -80.562  -0.967 0.0000000000
3008  -26.145  -81.638  -0.236 0.0000000000
2526  -26.396  -82.501  -0.666 0.0000000000
19834  -4.497  -59.861  0.562 0.0000000000
19817  -4.624  -59.795  1.358 0.0000000000
19802  -5.096  -60.466  2.742 0.0000000000
19784  -5.016  -59.433  2.809 0.0000000000
20817  -5.213  -58.908  3.348 0.0000000000
20800  -5.393  -58.583  4.038 0.0000000000
21740  -5.568  -57.974  5.188 0.0000000000
21781  -5.977  -58.129  3.838 0.0000000000
21782  -6.958  -58.624  4.387 0.0000000000
20801  -8.095  -59.203  4.608 0.0000000000
20829  -6.948  -59.401  3.154 0.0000000000
20819  -7.504  -59.512  3.982 0.0000000000
20821  -9.048  -59.641  3.857 0.0000000000
20831  -9.377  -59.854  3.043 0.0000000000
20836  -9.523  -59.954  2.138 0.0000000000
8686  -13.176  -72.528  -13.458 0.0000000000
8695  -12.997  -71.911  -14.036 0.0000000000
9480  -13.573  -71.661  -13.640 0.0000000000
10315  -13.513  -70.466  -14.465 0.0000000000
11274  -13.960  -69.070  -14.908 0.0000000000
11242  -15.656  -69.360  -13.450 0.0000000000
12221  -15.137  -68.539  -14.261 0.0000000000
12240  -14.763  -68.035  -14.908 0.0000000000
14089  -15.086  -66.197  -15.873 0.0000000000
7891  -32.788  -73.861  -9.034 0.0000000000
121997  -31.884  -73.661  -8.632 0.0000000000
7877  -32.502  -73.364  -8.169 0.0000000000
8651  -31.533  -72.794  -7.963 0.0000000000
131164  -31.152  -71.617  -8.511 0.0000000000
10235  -33.162  -71.080  -7.725 0.0000000000
10246  -31.974  -70.950  -8.638 0.0000000000
122958  -30.866  -70.436  -9.397 0.0000000000
10282  -30.515  -70.006  -10.018 0.0000000000
11212  -30.716  -69.324  -11.435 0.0000000000
11234  -31.292  -69.058  -12.114 0.0000000000
31420  -26.655  -48.464  17.418 0.0000000000
32364  -25.793  -47.549  17.552 0.0000000000
32376  -28.208  -47.825  18.376 0.0000000000
32375  -28.323  -47.171  18.597 0.0000000000
33277  -29.736  -46.919  18.812 0.0000000000
31448  -31.001  -46.974  17.121 0.0000000000
33282  -30.947  -46.022  17.329 0.0000000000
129687  -31.374  -45.395  15.839 0.0000000000
34152  -31.564  -44.872  12.975 0.0000000000
32402  -31.476  -45.164  11.666 0.0000000000
32412  -31.179  -46.541  10.153 0.0000000000
31469  -31.148  -47.966  11.381 0.0000000000
131031  -31.195  -47.300  10.552 0.0000000000
4215  -15.011  -79.440  -15.684 0.0000000000
4788  -15.568  -78.642  -16.130 0.0000000000
5343  -15.976  -77.888  -15.610 0.0000000000
5359  -15.387  -77.725  -17.636 0.0000000000
5351  -16.004  -77.644  -16.750 0.0000000000
5962  -16.391  -77.022  -16.048 0.0000000000
115450  -16.532  -76.134  -16.280 0.0000000000
7237  -16.875  -74.975  -15.717 0.0000000000
7979  -16.922  -74.033  -15.611 0.0000000000
120274  -24.322  -71.015  -15.920 0.0000000000
9511  -23.598  -71.340  -16.177 0.0000000000
10344  -23.961  -71.029  -16.998 0.0000000000
9535  -22.945  -71.182  -18.823 0.0000000000
114092  -22.938  -71.138  -19.801 0.0000000000
10363  -24.363  -70.701  -19.819 0.0000000000
10368  -23.715  -70.983  -20.345 0.0000000000
9542  -22.298  -71.596  -21.465 0.0000000000
125011  -21.623  -71.652  -23.356 0.0000000000
10386  -20.802  -71.081  -23.855 0.0000000000
35089  -15.294  -44.632  9.598 0.0000000000
125551  -14.988  -42.736  9.376 0.0000000000
35949  -13.548  -43.135  9.774 0.0000000000
35073  -13.021  -44.677  9.883 0.0000000000
35948  -12.692  -43.497  9.942 0.0000000000
36852  -12.590  -42.295  10.202 0.0000000000
35947  -11.966  -42.963  10.117 0.0000000000
36851  -11.991  -41.815  10.278 0.0000000000
36862  -11.578  -42.841  9.516 0.0000000000
23678  -20.976  -56.862  17.387 0.0000000000
22571  -17.274  -58.250  21.425 0.0000000000
22594  -16.624  -57.123  19.667 0.0000000000
125715  -16.658  -57.288  17.683 0.0000000000
20692  -16.886  -59.198  17.200 0.0000000000
19644  -15.592  -59.605  17.661 0.0000000000
125253  -16.290  -59.614  17.499 0.0000000000
19646  -17.634  -60.820  17.809 0.0000000000
18551  -17.698  -62.025  18.237 0.0000000000
17530  -18.358  -63.573  17.560 0.0000000000
15575  -18.614  -64.353  15.701 0.0000000000
15587  -18.798  -64.453  14.793 0.0000000000
15586  -18.000  -64.256  15.071 0.0000000000
16597  -17.367  -63.736  14.448 0.0000000000
16611  -16.796  -63.059  13.994 0.0000000000
16566  -16.043  -63.990  16.370 0.0000000000
17559  -16.146  -62.802  14.308 0.0000000000
17585  -16.697  -62.029  12.856 0.0000000000
11856  -9.383  -68.321  17.955 0.0000000000
13745  -8.255  -66.875  18.026 0.0000000000
12819  -9.652  -67.972  17.192 0.0000000000
12824  -9.970  -67.796  16.300 0.0000000000
12831  -9.202  -67.392  15.655 0.0000000000
12834  -12.466  -67.800  15.232 0.0000000000
12833  -11.545  -67.615  15.350 0.0000000000
13757  -9.766  -66.933  14.895 0.0000000000
13766  -10.257  -66.520  14.126 0.0000000000
13782  -10.688  -66.141  13.625 0.0000000000
14655  -11.672  -65.605  12.966 0.0000000000
14667  -12.187  -65.039  12.246 0.0000000000
116674  -12.219  -85.841  23.376 0.0000000000
733  -11.898  -86.973  23.319 0.0000000000
458  -11.735  -87.249  23.087 0.0000000000
481  -12.351  -87.990  20.920 0.0000000000
471  -11.920  -88.119  21.857 0.0000000000
463  -10.948  -87.668  22.669 0.0000000000
470  -10.444  -87.733  21.846 0.0000000000
1068  -9.638  -86.205  20.865 0.0000000000
109389  -9.582  -85.250  20.260 0.0000000000
110576  -9.598  -84.454  19.723 0.0000000000
109922  -9.596  -85.688  18.845 0.0000000000
119268  -9.610  -85.806  18.036 0.0000000000
784  -9.674  -86.670  16.435 0.0000000000
276  -11.048  -88.493  17.065 0.0000000000
502  -9.992  -87.559  16.140 0.0000000000
787  -9.713  -86.872  15.430 0.0000000000
508  -9.857  -87.311  14.562 0.0000000000
521  -10.010  -87.861  12.769 0.0000000000
310  -10.893  -88.243  11.211 0.0000000000
358  -19.356  -88.945  5.407 0.0000000000
357  -18.915  -89.503  6.008 0.0000000000
367  -19.805  -89.642  4.836 0.0000000000
131279  -20.184  -90.946  4.242 0.0000000000
118248  -19.583  -91.258  3.481 0.0000000000
71  -19.779  -90.090  -0.303 0.0000000000
114430  -19.538  -90.763  1.267 0.0000000000
192  -18.840  -91.070  3.196 0.0000000000
1718  -21.621  -85.504  -9.576 0.0000000000
1717  -20.837  -85.361  -10.163 0.0000000000
1728  -21.325  -86.093  -10.311 0.0000000000
1322  -21.706  -86.250  -10.576 0.0000000000
1331  -22.142  -86.220  -11.115 0.0000000000
1323  -23.179  -85.933  -10.271 0.0000000000
1332  -22.933  -85.874  -10.992 0.0000000000
2957  -30.945  -81.255  3.655 0.0000000000
127227  -31.331  -81.953  3.590 0.0000000000
2958  -31.957  -81.540  3.554 0.0000000000
2499  -33.704  -82.267  3.180 0.0000000000
2978  -34.176  -82.080  1.979 0.0000000000
3510  -35.123  -81.132  1.960 0.0000000000
2994  -34.655  -81.564  1.613 0.0000000000
3522  -33.013  -81.066  0.560 0.0000000000
3535  -32.598  -80.496  -0.168 0.0000000000
116014  -31.943  -79.319  -1.803 0.0000000000
4634  -31.642  -78.769  -2.614 0.0000000000
5205  -31.159  -77.589  -4.410 0.0000000000
4673  -32.463  -77.995  -4.161 0.0000000000
4674  -33.491  -78.508  -4.507 0.0000000000
126567  -34.139  -78.658  -5.135 0.0000000000
4661  -34.894  -79.204  -3.798 0.0000000000
109748  -34.845  -78.689  -5.356 0.0000000000
111024  -34.722  -78.209  -6.168 0.0000000000
4702  -35.018  -77.793  -6.788 0.0000000000
5234  -35.671  -77.632  -6.644 0.0000000000
5869  -36.193  -76.716  -7.751 0.0000000000
5880  -37.112  -76.267  -8.193 0.0000000000
5860  -37.772  -76.832  -6.807 0.0000000000
5861  -38.694  -76.709  -6.207 0.0000000000
5850  -39.438  -76.795  -5.186 0.0000000000
5208  -39.545  -77.588  -3.737 0.0000000000
5222  -40.009  -76.836  -4.382 0.0000000000
5851  -40.335  -76.257  -4.692 0.0000000000
6481  -40.679  -75.820  -3.711 0.0000000000
113999  -40.728  -75.274  -3.867 0.0000000000
7150  -38.573  -74.318  -3.977 0.0000000000
23776  -24.355  -57.029  11.235 0.0000000000
23766  -25.003  -56.869  11.854 0.0000000000
22715  -25.024  -57.584  12.126 0.0000000000
108887  -25.159  -58.186  12.616 0.0000000000
24712  -12.074  -54.996  14.647 0.0000000000
25643  -11.904  -54.425  14.044 0.0000000000
131756  -10.265  -54.210  13.930 0.0000000000
26794  -6.504  -53.133  6.853 0.0000000000
27817  -6.508  -52.365  8.082 0.0000000000
27832  -6.567  -52.497  7.257 0.0000000000
28797  -7.312  -51.585  7.821 0.0000000000
28798  -8.150  -51.292  8.015 0.0000000000
125097  -7.602  -51.635  6.271 0.0000000000
115319  -8.653  -51.429  7.230 0.0000000000
13242  -9.663  -67.512  -21.364 0.0000000000
12311  -8.800  -68.074  -20.875 0.0000000000
14142  -8.783  -66.864  -21.498 0.0000000000
14128  -7.659  -66.567  -21.306 0.0000000000
15031  -6.674  -64.737  -20.969 0.0000000000
15023  -8.646  -65.201  -19.371 0.0000000000
125156  -7.079  -64.054  -20.538 0.0000000000
16037  -6.174  -63.970  -20.438 0.0000000000
17001  -6.177  -62.931  -18.879 0.0000000000
16988  -6.775  -62.317  -18.011 0.0000000000
17941  -5.990  -62.215  -16.605 0.0000000000
17927  -5.556  -61.876  -15.804 0.0000000000
17929  -7.133  -61.791  -16.305 0.0000000000
17916  -7.396  -61.760  -15.230 0.0000000000
17904  -7.582  -62.009  -13.953 0.0000000000
15976  -7.975  -63.452  -15.073 0.0000000000
130285  -7.815  -63.139  -13.808 0.0000000000
17889  -7.569  -62.221  -12.726 0.0000000000
16936  -7.798  -63.048  -12.114 0.0000000000
16918  -7.930  -63.106  -11.190 0.0000000000
115091  -8.319  -63.338  -10.428 0.0000000000
20901  -11.573  -59.223  -6.758 0.0000000000
19976  -11.732  -60.182  -6.583 0.0000000000
19977  -11.889  -61.179  -6.674 0.0000000000
18888  -12.352  -62.062  -7.141 0.0000000000
115781  -13.279  -62.576  -7.905 0.0000000000
17823  -13.183  -62.680  -6.801 0.0000000000
16889  -13.665  -63.879  -6.661 0.0000000000
15882  -13.597  -64.044  -5.613 0.0000000000
16883  -14.480  -63.294  -4.734 0.0000000000
16877  -14.183  -64.104  -4.633 0.0000000000
109164  -13.514  -64.481  -4.750 0.0000000000
14896  -13.369  -65.035  -3.897 0.0000000000
14879  -12.748  -65.395  -2.746 0.0000000000
15854  -11.590  -65.142  -2.344 0.0000000000
16861  -10.924  -64.603  -2.209 0.0000000000
16862  -12.143  -64.634  -2.360 0.0000000000
17783  -11.583  -63.495  -2.830 0.0000000000
17792  -11.522  -62.377  -3.446 0.0000000000
113358  -14.345  -62.417  -2.268 0.0000000000
31418  -24.241  -48.439  16.691 0.0000000000
31419  -25.371  -48.588  17.050 0.0000000000
29616  -29.032  -49.141  18.698 0.0000000000
29632  -30.237  -48.347  18.307 0.0000000000
37760  -28.414  -40.037  12.583 0.0000000000
40259  -26.622  -38.304  12.191 0.0000000000
36857  -25.904  -42.366  10.741 0.0000000000
111633  -24.969  -41.955  10.682 0.0000000000
37781  -25.424  -40.898  10.908 0.0000000000
112354  -25.410  -38.426  10.466 0.0000000000
37790  -19.874  -40.786  8.549 0.0000000000
113580  -19.001  -40.953  8.462 0.0000000000
36874  -17.128  -42.400  8.518 0.0000000000
35963  -16.738  -43.332  8.579 0.0000000000
129754  -15.636  -44.177  9.144 0.0000000000
34156  -13.961  -46.169  11.386 0.0000000000
33293  -14.189  -46.508  12.180 0.0000000000
33292  -13.430  -46.794  11.545 0.0000000000
30564  -12.437  -49.534  10.845 0.0000000000
23648  -15.276  -56.560  19.856 0.0000000000
116374  -14.830  -56.570  19.688 0.0000000000
22601  -14.233  -57.780  19.133 0.0000000000
21621  -13.357  -58.325  19.240 0.0000000000
14604  -7.897  -64.981  21.489 0.0000000000
116497  -8.377  -66.540  20.184 0.0000000000
12768  -9.163  -67.919  23.199 0.0000000000
12783  -9.064  -67.779  22.812 0.0000000000
116403  -9.011  -67.718  22.102 0.0000000000
9907  -11.270  -70.783  21.173 0.0000000000
10797  -9.719  -69.509  20.655 0.0000000000
11843  -9.049  -68.247  21.139 0.0000000000
11846  -8.914  -68.291  20.002 0.0000000000
11850  -8.853  -68.180  19.062 0.0000000000
11851  -9.370  -68.531  18.722 0.0000000000
11852  -10.890  -68.836  18.388 0.0000000000
11859  -12.300  -68.635  17.396 0.0000000000
11860  -13.230  -68.752  17.047 0.0000000000
10813  -14.488  -69.721  18.007 0.0000000000
10819  -15.385  -69.651  17.376 0.0000000000
10822  -15.104  -69.174  16.751 0.0000000000
10824  -17.342  -69.774  15.999 0.0000000000
9955  -17.167  -70.579  15.280 0.0000000000
122182  -15.917  -70.609  14.411 0.0000000000
9964  -13.413  -70.577  14.535 0.0000000000
8417  -11.961  -71.981  15.945 0.0000000000
9166  -9.952  -71.401  15.643 0.0000000000
8433  -7.518  -72.100  13.527 0.0000000000
7677  -7.515  -72.995  12.744 0.0000000000
6989  -7.443  -74.557  11.490 0.0000000000
6940  -13.127  -74.113  18.107 0.0000000000
7628  -11.255  -73.589  17.441 0.0000000000
7640  -9.067  -73.440  16.745 0.0000000000
117469  -8.847  -74.562  17.511 0.0000000000
6948  -8.696  -74.017  16.888 0.0000000000
7655  -8.207  -73.740  15.675 0.0000000000
6973  -7.619  -74.495  13.429 0.0000000000
6980  -7.522  -74.554  12.525 0.0000000000
118458  -7.465  -74.924  10.750 0.0000000000
5695  -7.759  -76.350  9.200 0.0000000000
5077  -8.072  -77.321  8.126 0.0000000000
5065  -9.053  -77.741  10.010 0.0000000000
131183  -8.462  -78.666  7.630 0.0000000000
4015  -8.305  -79.657  5.799 0.0000000000
3469  -8.474  -80.744  4.721 0.0000000000
4516  -20.079  -78.812  13.241 0.0000000000
4504  -19.753  -78.414  13.798 0.0000000000
4514  -18.443  -78.593  13.098 0.0000000000
4490  -18.631  -78.191  14.607 0.0000000000
1492  -14.303  -84.742  15.588 0.0000000000
110323  -14.428  -85.291  14.926 0.0000000000
1114  -14.259  -86.061  15.052 0.0000000000
1125  -14.562  -85.288  13.477 0.0000000000
1132  -14.459  -85.627  12.639 0.0000000000
117191  -14.369  -85.301  10.931 0.0000000000
1548  -14.489  -84.321  9.814 0.0000000000
120280  -14.333  -85.162  10.115 0.0000000000
118572  -14.374  -85.905  9.664 0.0000000000
838  -14.897  -86.100  7.974 0.0000000000
840  -16.204  -87.071  7.188 0.0000000000
846  -17.375  -87.476  6.332 0.0000000000
130925  -16.367  -81.453  6.253 0.0000000000
125630  -15.730  -82.697  5.714 0.0000000000
2003  -15.877  -83.338  5.370 0.0000000000
2011  -18.940  -83.607  3.787 0.0000000000
1589  -17.579  -84.070  4.110 0.0000000000
1582  -16.947  -84.640  4.728 0.0000000000
1185  -17.155  -85.642  5.166 0.0000000000
863  -17.949  -86.220  4.963 0.0000000000
571  -19.024  -87.786  5.179 0.0000000000
582  -20.206  -87.857  3.893 0.0000000000
600  -20.838  -88.025  1.722 0.0000000000
607  -20.819  -88.321  0.790 0.0000000000
110926  -21.435  -86.859  -0.861 0.0000000000
618  -21.121  -87.683  -0.577 0.0000000000
400  -20.873  -88.313  -1.149 0.0000000000
422  -20.995  -88.263  -3.844 0.0000000000
428  -20.834  -88.188  -5.349 0.0000000000
648  -19.659  -87.714  -7.118 0.0000000000
953  -19.363  -86.768  -7.247 0.0000000000
1301  -18.367  -85.474  -7.820 0.0000000000
1697  -20.308  -84.495  -6.125 0.0000000000
122169  -18.991  -84.044  -7.144 0.0000000000
2623  -19.768  -82.734  -9.216 0.0000000000
2624  -20.552  -83.028  -9.211 0.0000000000
2551  -22.897  -82.196  -3.794 0.0000000000
3059  -22.016  -81.650  -4.706 0.0000000000
3071  -20.858  -81.377  -5.865 0.0000000000
4116  -22.765  -79.840  -4.906 0.0000000000
120947  -21.869  -80.526  -6.278 0.0000000000
3603  -20.882  -80.931  -6.889 0.0000000000
3098  -21.280  -81.630  -7.953 0.0000000000
2614  -20.896  -82.240  -8.550 0.0000000000
2143  -21.410  -84.203  -9.075 0.0000000000
2130  -22.065  -84.045  -8.436 0.0000000000
2131  -23.026  -84.982  -8.183 0.0000000000
1702  -24.016  -85.081  -7.910 0.0000000000
2604  -24.522  -83.454  -7.137 0.0000000000
123068  -25.081  -84.477  -7.523 0.0000000000
127817  -24.700  -85.001  -7.821 0.0000000000
1704  -26.171  -84.621  -8.106 0.0000000000
1705  -27.047  -84.320  -8.167 0.0000000000
2133  -27.931  -84.079  -8.239 0.0000000000
120634  -26.543  -84.725  8.392 0.0000000000
1988  -26.774  -83.127  8.221 0.0000000000
125119  -26.789  -82.690  7.749 0.0000000000
2450  -27.679  -82.377  8.782 0.0000000000
2449  -27.017  -82.458  8.238 0.0000000000
2468  -26.927  -82.574  6.995 0.0000000000
2943  -27.213  -81.515  5.805 0.0000000000
2944  -27.799  -81.239  5.020 0.0000000000
130091  -28.460  -80.930  4.585 0.0000000000
113603  -28.351  -79.711  8.977 0.0000000000
3989  -27.464  -79.043  8.068 0.0000000000
125384  -27.352  -79.801  7.967 0.0000000000
4012  -27.279  -80.020  6.462 0.0000000000
3468  -27.913  -80.440  4.941 0.0000000000
3477  -29.559  -80.554  3.940 0.0000000000
3486  -30.437  -80.591  3.654 0.0000000000
4034  -31.533  -79.976  3.210 0.0000000000
114648  -31.930  -79.636  2.765 0.0000000000
4603  -31.894  -78.466  1.632 0.0000000000
4047  -33.406  -79.461  2.163 0.0000000000
119730  -36.881  -78.036  1.044 0.0000000000
20742  -6.039  -59.870  11.464 0.0000000000
114435  -6.263  -58.967  11.875 0.0000000000
21680  -6.404  -58.085  12.840 0.0000000000
128465  -6.108  -58.234  12.245 0.0000000000
22720  -6.051  -57.226  11.124 0.0000000000
110007  -6.107  -56.331  10.851 0.0000000000
113521  -5.903  -57.531  9.604 0.0000000000
109193  -6.058  -56.764  9.395 0.0000000000
109346  -6.067  -56.089  10.003 0.0000000000
24790  -6.165  -55.229  9.827 0.0000000000
24800  -6.885  -54.997  8.560 0.0000000000
25768  -6.850  -54.456  7.987 0.0000000000
22805  -5.870  -57.720  5.666 0.0000000000
22806  -6.524  -57.639  6.057 0.0000000000
22785  -7.597  -57.292  7.146 0.0000000000
22808  -8.988  -57.596  6.114 0.0000000000
22786  -8.574  -56.979  6.764 0.0000000000
23826  -8.248  -56.378  7.667 0.0000000000
24811  -7.979  -55.327  8.066 0.0000000000
123107  -6.991  -54.684  7.257 0.0000000000
25776  -6.641  -53.821  7.385 0.0000000000
25787  -6.580  -53.957  6.495 0.0000000000
25800  -6.455  -53.806  5.580 0.0000000000
26814  -6.448  -53.552  4.794 0.0000000000
24849  -6.546  -55.017  4.108 0.0000000000
25807  -6.248  -54.074  4.158 0.0000000000
121560  -6.416  -53.376  4.226 0.0000000000
27882  -6.686  -52.870  3.947 0.0000000000
26821  -6.865  -53.062  3.156 0.0000000000
6574  -9.972  -75.565  -15.743 0.0000000000
7262  -10.173  -74.140  -17.152 0.0000000000
7236  -10.651  -74.094  -16.122 0.0000000000
7263  -10.520  -73.989  -17.014 0.0000000000
7275  -10.345  -73.583  -17.400 0.0000000000
9528  -10.270  -71.537  -18.648 0.0000000000
10360  -10.372  -70.240  -19.387 0.0000000000
11341  -10.410  -69.064  -20.091 0.0000000000
9489  -12.604  -71.704  -14.651 0.0000000000
9506  -11.986  -71.184  -16.058 0.0000000000
10341  -11.875  -70.093  -17.411 0.0000000000
11303  -12.801  -68.873  -17.061 0.0000000000
11302  -12.207  -69.352  -17.572 0.0000000000
126410  -11.728  -69.802  -18.103 0.0000000000
11329  -11.534  -68.985  -19.344 0.0000000000
10366  -10.812  -68.831  -20.095 0.0000000000
12313  -10.339  -68.071  -21.035 0.0000000000
13243  -10.555  -67.349  -21.428 0.0000000000
15059  -10.269  -65.981  -21.819 0.0000000000
16051  -10.752  -64.394  -21.442 0.0000000000
16068  -12.658  -64.400  -21.394 0.0000000000
17019  -10.998  -63.769  -20.982 0.0000000000
16038  -10.050  -63.885  -20.831 0.0000000000
17004  -9.853  -63.100  -19.328 0.0000000000
16990  -9.849  -63.382  -18.298 0.0000000000
16976  -10.129  -63.733  -17.288 0.0000000000
7970  -26.803  -73.526  -14.051 0.0000000000
115933  -29.183  -73.122  -13.276 0.0000000000
124666  -27.796  -73.362  -12.743 0.0000000000
7956  -26.475  -73.638  -13.092 0.0000000000
7955  -25.572  -73.557  -12.870 0.0000000000
7937  -24.888  -72.822  -12.635 0.0000000000
9485  -24.026  -72.111  -13.804 0.0000000000
7889  -30.531  -73.670  -9.365 0.0000000000
7887  -28.869  -73.124  -9.770 0.0000000000
8666  -27.984  -72.853  -10.158 0.0000000000
10261  -27.786  -71.003  -9.960 0.0000000000
9444  -27.643  -71.714  -9.966 0.0000000000
9456  -26.675  -71.820  -10.740 0.0000000000
9465  -25.769  -71.684  -11.736 0.0000000000
9476  -25.244  -71.557  -12.503 0.0000000000
122246  -24.598  -71.401  -14.010 0.0000000000
10329  -24.638  -70.954  -15.334 0.0000000000
127969  -25.415  -70.140  -16.130 0.0000000000
11292  -25.792  -69.675  -16.592 0.0000000000
11278  -26.479  -69.226  -15.297 0.0000000000
11307  -26.310  -69.192  -17.122 0.0000000000
11318  -26.331  -69.410  -18.061 0.0000000000
116762  -26.460  -69.702  -19.068 0.0000000000
120868  -27.220  -69.753  -19.646 0.0000000000
11334  -27.938  -69.860  -20.391 0.0000000000
11196  -34.632  -70.134  -10.724 0.0000000000
115652  -34.162  -70.126  -11.339 0.0000000000
11195  -33.373  -70.110  -10.715 0.0000000000
11215  -33.342  -69.808  -11.692 0.0000000000
11250  -31.757  -68.944  -12.852 0.0000000000
126746  -31.377  -68.794  -13.410 0.0000000000
33259  -25.620  -46.548  17.705 0.0000000000
36832  -30.313  -41.102  13.905 0.0000000000
36840  -30.075  -41.298  12.478 0.0000000000
35084  -28.866  -43.609  10.251 0.0000000000
129056  -31.696  -44.379  11.463 0.0000000000
34161  -30.827  -44.318  10.368 0.0000000000
2878  -20.849  -81.368  12.289 0.0000000000
1940  -19.146  -83.473  12.285 0.0000000000
111696  -19.191  -84.262  12.498 0.0000000000
1527  -18.536  -84.779  12.066 0.0000000000
117754  -18.154  -85.890  10.794 0.0000000000
1159  -19.114  -85.774  9.790 0.0000000000
1552  -21.575  -84.506  9.818 0.0000000000
1565  -22.502  -83.850  9.058 0.0000000000
1542  -21.978  -85.004  10.080 0.0000000000
827  -22.347  -86.364  9.931 0.0000000000
531  -20.596  -88.670  11.658 0.0000000000
536  -21.542  -88.178  10.763 0.0000000000
834  -22.476  -87.410  9.079 0.0000000000
166  -23.174  -90.129  7.690 0.0000000000
141  -23.265  -90.242  10.680 0.0000000000
159  -23.919  -90.195  8.074 0.0000000000
19874  -4.549  -59.858  -1.611 0.0000000000
21825  -4.716  -58.712  -1.889 0.0000000000
21826  -5.062  -58.484  -1.627 0.0000000000
20860  -6.211  -58.914  -2.045 0.0000000000
5940  -10.571  -77.479  -13.761 0.0000000000
5316  -11.459  -77.733  -13.512 0.0000000000
124510  -11.160  -76.802  -13.637 0.0000000000
119050  -11.285  -75.984  -13.775 0.0000000000
7218  -12.112  -74.844  -13.352 0.0000000000
7209  -12.749  -74.489  -12.810 0.0000000000
4779  -14.556  -79.020  -14.263 0.0000000000
126215  -14.045  -77.996  -13.306 0.0000000000
5319  -15.523  -77.359  -13.410 0.0000000000
5318  -14.824  -77.741  -13.337 0.0000000000
5302  -14.266  -77.370  -12.877 0.0000000000
5915  -13.524  -76.854  -12.703 0.0000000000
118547  -13.292  -75.041  -12.380 0.0000000000
7950  -13.030  -73.520  -12.929 0.0000000000
7951  -13.731  -72.946  -12.698 0.0000000000
8678  -14.451  -72.628  -12.371 0.0000000000
8679  -15.167  -72.422  -11.908 0.0000000000
7202  -15.914  -74.168  -11.345 0.0000000000
9462  -17.330  -71.441  -11.060 0.0000000000
11187  -18.066  -70.144  -11.001 0.0000000000
9510  -22.268  -71.932  -16.306 0.0000000000
9509  -21.700  -72.202  -16.559 0.0000000000
117590  -21.146  -72.542  -16.804 0.0000000000
8733  -20.581  -72.232  -18.523 0.0000000000
8724  -20.283  -73.419  -17.234 0.0000000000
8723  -19.705  -73.507  -17.861 0.0000000000
8005  -19.608  -74.280  -17.869 0.0000000000
6589  -19.775  -75.012  -18.139 0.0000000000
7279  -18.567  -74.675  -19.088 0.0000000000
7289  -17.785  -75.154  -20.295 0.0000000000
6616  -17.534  -75.729  -20.876 0.0000000000
7299  -18.513  -75.107  -22.529 0.0000000000
6622  -18.200  -75.528  -22.608 0.0000000000
119436  -17.223  -76.250  -21.602 0.0000000000
117748  -15.305  -76.225  -22.250 0.0000000000
6621  -14.253  -75.598  -21.615 0.0000000000
11369  -25.889  -68.703  -22.833 0.0000000000
12334  -24.473  -68.756  -23.054 0.0000000000
128427  -23.697  -68.849  -23.194 0.0000000000
131181  -23.274  -68.512  -22.600 0.0000000000
111814  -23.273  -69.479  -23.407 0.0000000000
11365  -21.510  -69.609  -23.325 0.0000000000
11370  -21.062  -70.154  -23.657 0.0000000000
10379  -20.136  -70.382  -23.582 0.0000000000
13249  -19.142  -68.105  -21.294 0.0000000000
13261  -17.718  -67.047  -22.550 0.0000000000
13248  -18.220  -67.909  -22.113 0.0000000000
12317  -19.486  -68.940  -21.153 0.0000000000
10378  -19.132  -70.618  -23.310 0.0000000000
10384  -18.802  -71.257  -23.765 0.0000000000
9552  -18.413  -71.932  -24.028 0.0000000000
9551  -17.670  -71.969  -23.482 0.0000000000
127168  -16.266  -72.881  -22.990 0.0000000000
10374  -15.984  -70.599  -21.798 0.0000000000
8745  -16.022  -72.286  -22.289 0.0000000000
8025  -15.544  -73.195  -22.391 0.0000000000
7298  -14.742  -74.033  -22.054 0.0000000000
7297  -14.116  -74.405  -21.310 0.0000000000
6620  -13.901  -75.150  -21.165 0.0000000000
7288  -13.631  -74.326  -19.842 0.0000000000
7278  -13.967  -74.339  -18.965 0.0000000000
129827  -14.559  -74.042  -18.089 0.0000000000
8722  -15.267  -72.077  -17.616 0.0000000000
114454  -15.242  -72.860  -17.459 0.0000000000
129070  -15.384  -73.511  -17.392 0.0000000000
7993  -16.457  -73.576  -16.369 0.0000000000
8704  -16.893  -73.222  -15.795 0.0000000000
7980  -17.253  -73.323  -15.100 0.0000000000
10336  -17.466  -69.911  -16.039 0.0000000000
10328  -17.700  -70.326  -15.382 0.0000000000
9500  -17.582  -71.716  -15.101 0.0000000000
8696  -17.731  -72.585  -14.564 0.0000000000
7968  -18.123  -73.084  -13.771 0.0000000000
8688  -18.603  -72.668  -13.272 0.0000000000
125840  -18.931  -72.952  -12.569 0.0000000000
36864  -15.252  -42.101  9.364 0.0000000000
38583  -14.294  -40.642  10.176 0.0000000000
27732  -23.132  -51.680  15.549 0.0000000000
26649  -23.320  -52.591  15.713 0.0000000000
26669  -23.509  -53.081  15.025 0.0000000000
25663  -23.414  -53.975  14.654 0.0000000000
122951  -23.513  -53.895  13.824 0.0000000000
25702  -23.435  -54.409  13.286 0.0000000000
24761  -23.343  -55.288  12.260 0.0000000000
24760  -23.131  -56.016  11.821 0.0000000000
24697  -22.341  -55.721  16.513 0.0000000000
24714  -22.622  -55.552  15.484 0.0000000000
110690  -22.783  -55.916  13.351 0.0000000000
24750  -22.905  -55.925  12.639 0.0000000000
23764  -23.590  -56.299  11.244 0.0000000000
22713  -23.583  -57.627  10.887 0.0000000000
115776  -23.932  -58.434  11.268 0.0000000000
21688  -21.713  -58.507  11.604 0.0000000000
20746  -23.095  -58.982  11.324 0.0000000000
22617  -19.935  -57.026  17.035 0.0000000000
115972  -17.946  -57.395  18.914 0.0000000000
23668  -17.716  -57.100  17.920 0.0000000000
109106  -18.375  -56.924  17.280 0.0000000000
20696  -18.364  -59.478  16.984 0.0000000000
21635  -18.306  -58.459  16.563 0.0000000000
22632  -19.741  -58.033  16.112 0.0000000000
21653  -20.529  -58.909  14.586 0.0000000000
20708  -20.519  -59.645  14.008 0.0000000000
18618  -20.830  -61.090  12.987 0.0000000000
122133  -20.730  -62.210  13.952 0.0000000000
18601  -20.976  -61.992  13.405 0.0000000000
114181  -21.845  -61.007  12.378 0.0000000000
17589  -23.441  -62.062  11.806 0.0000000000
24661  -13.913  -54.834  21.742 0.0000000000
131697  -13.384  -57.499  19.460 0.0000000000
20681  -13.043  -59.179  18.891 0.0000000000
15535  -7.733  -64.904  18.128 0.0000000000
115720  -7.439  -62.657  19.235 0.0000000000
120161  -7.441  -61.448  18.990 0.0000000000
16546  -7.694  -63.111  17.564 0.0000000000
116465  -7.545  -61.392  18.221 0.0000000000
23657  -10.825  -55.966  20.242 0.0000000000
19633  -9.894  -60.375  18.300 0.0000000000
21619  -10.914  -58.878  18.805 0.0000000000
21612  -11.550  -57.999  19.255 0.0000000000
21620  -11.975  -58.994  18.861 0.0000000000
126241  -12.249  -59.597  18.669 0.0000000000
130754  -13.209  -61.148  18.589 0.0000000000
16537  -13.254  -63.713  18.559 0.0000000000
16564  -13.428  -64.130  17.097 0.0000000000
16577  -13.436  -63.535  15.931 0.0000000000
16576  -12.315  -63.351  15.674 0.0000000000
17543  -12.901  -62.770  14.941 0.0000000000
17556  -13.395  -62.275  14.280 0.0000000000
122159  -11.079  -85.800  25.006 0.0000000000
5606  -9.918  -77.325  22.472 0.0000000000
3850  -9.487  -78.906  22.061 0.0000000000
3857  -9.507  -78.875  21.176 0.0000000000
4434  -9.308  -77.989  20.885 0.0000000000
4442  -9.975  -78.767  19.431 0.0000000000
3869  -11.096  -78.851  18.068 0.0000000000
4460  -11.420  -78.756  16.611 0.0000000000
1455  -9.553  -83.621  19.083 0.0000000000
1892  -9.334  -83.272  18.105 0.0000000000
2817  -9.752  -81.873  18.010 0.0000000000
1918  -9.435  -83.318  15.643 0.0000000000
2850  -9.401  -81.928  16.210 0.0000000000
2830  -10.093  -81.314  17.342 0.0000000000
2851  -10.043  -80.799  15.752 0.0000000000
3358  -11.049  -80.090  15.620 0.0000000000
124472  -11.188  -79.608  14.557 0.0000000000
3948  -10.880  -79.347  12.740 0.0000000000
3404  -9.984  -80.101  11.693 0.0000000000
3420  -9.332  -80.824  9.773 0.0000000000
129743  -9.950  -82.518  9.897 0.0000000000
2429  -9.625  -82.247  9.286 0.0000000000
3449  -8.979  -81.277  7.919 0.0000000000
2929  -9.322  -82.135  6.665 0.0000000000
2001  -9.019  -83.145  4.844 0.0000000000
792  -14.162  -86.667  14.592 0.0000000000
288  -13.601  -88.079  14.139 0.0000000000
295  -13.356  -88.894  13.792 0.0000000000
129924  -14.227  -88.604  11.204 0.0000000000
120  -13.652  -89.066  12.136 0.0000000000
119  -12.947  -89.653  12.794 0.0000000000
126  -12.165  -89.559  12.135 0.0000000000
117917  -11.915  -89.388  11.268 0.0000000000
324  -11.603  -88.815  9.548 0.0000000000
165  -18.061  -90.199  6.995 0.0000000000
123841  -16.627  -90.903  7.555 0.0000000000
33  -15.862  -91.071  7.965 0.0000000000
179  -15.849  -90.205  5.453 0.0000000000
172  -15.467  -90.592  6.336 0.0000000000
130523  -14.320  -90.738  7.825 0.0000000000
162  -12.682  -89.479  7.830 0.0000000000
161  -12.068  -88.998  7.923 0.0000000000
330  -11.221  -87.744  8.744 0.0000000000
113098  -11.106  -87.364  8.042 0.0000000000
843  -10.381  -86.916  6.321 0.0000000000
1183  -10.058  -86.553  5.681 0.0000000000
860  -11.798  -86.768  4.566 0.0000000000
859  -10.606  -86.796  4.250 0.0000000000
849  -9.917  -86.712  4.257 0.0000000000
1597  -9.321  -85.607  3.556 0.0000000000
1727  -20.466  -85.847  -10.760 0.0000000000
1996  -23.285  -83.713  7.442 0.0000000000
1999  -23.691  -83.571  6.473 0.0000000000
2006  -24.349  -83.543  4.832 0.0000000000
118407  -24.025  -85.196  5.604 0.0000000000
1593  -24.458  -84.197  4.357 0.0000000000
2021  -24.798  -83.367  3.212 0.0000000000
2033  -25.383  -83.330  1.554 0.0000000000
2041  -25.898  -83.285  0.570 0.0000000000
2042  -26.241  -83.396  -0.354 0.0000000000
886  -24.534  -87.531  1.980 0.0000000000
1227  -25.038  -86.111  0.931 0.0000000000
1630  -25.470  -85.148  0.400 0.0000000000
2050  -26.414  -83.473  -1.326 0.0000000000
128961  -26.473  -82.646  -1.489 0.0000000000
2541  -26.482  -82.941  -3.062 0.0000000000
2566  -27.723  -82.633  -4.902 0.0000000000
2075  -27.545  -83.936  -3.788 0.0000000000
2087  -28.183  -83.427  -4.551 0.0000000000
2591  -28.227  -83.222  -6.239 0.0000000000
123570  -28.804  -83.961  -6.966 0.0000000000
2124  -28.422  -83.960  -7.650 0.0000000000
2617  -28.285  -83.412  -8.415 0.0000000000
1180  -26.559  -85.259  6.895 0.0000000000
1181  -27.012  -85.229  6.131 0.0000000000
857  -28.160  -86.253  4.930 0.0000000000
1594  -28.510  -84.798  4.425 0.0000000000
1198  -28.550  -85.483  4.424 0.0000000000
879  -28.802  -86.496  3.625 0.0000000000
1219  -29.167  -86.313  2.881 0.0000000000
2496  -31.115  -82.673  3.419 0.0000000000
123055  -32.098  -83.800  2.592 0.0000000000
1613  -31.629  -84.349  2.070 0.0000000000
2043  -32.379  -83.555  0.313 0.0000000000
113102  -32.299  -84.068  0.773 0.0000000000
1668  -29.872  -84.057  -2.375 0.0000000000
2067  -30.300  -83.796  -3.319 0.0000000000
2090  -30.472  -83.452  -5.040 0.0000000000
2569  -31.204  -81.962  -4.956 0.0000000000
115144  -30.779  -82.712  -5.480 0.0000000000
2100  -30.275  -83.382  -5.932 0.0000000000
2593  -30.022  -83.029  -7.032 0.0000000000
2618  -28.984  -83.042  -8.005 0.0000000000
3100  -27.363  -82.495  -8.661 0.0000000000
119342  -27.339  -81.221  -8.439 0.0000000000
3617  -26.708  -80.312  -8.912 0.0000000000
4711  -27.920  -78.603  -8.391 0.0000000000
4159  -27.645  -78.994  -9.773 0.0000000000
5219  -31.385  -77.257  -5.273 0.0000000000
5867  -31.115  -76.876  -6.774 0.0000000000
5259  -31.387  -77.770  -8.271 0.0000000000
5260  -32.293  -77.989  -8.262 0.0000000000
4720  -31.962  -78.434  -8.988 0.0000000000
7946  -33.066  -73.696  -12.228 0.0000000000
111591  -33.182  -73.871  -11.360 0.0000000000
117628  -34.245  -73.844  -10.068 0.0000000000
6517  -37.833  -75.616  -9.031 0.0000000000
6528  -38.147  -75.336  -10.066 0.0000000000
6538  -38.115  -74.847  -10.550 0.0000000000
6518  -39.447  -74.767  -8.292 0.0000000000
7191  -38.817  -74.129  -9.837 0.0000000000
7913  -37.410  -73.926  -10.731 0.0000000000
122381  -36.555  -73.744  -10.405 0.0000000000
7894  -35.591  -73.624  -9.812 0.0000000000
7893  -34.699  -73.624  -9.395 0.0000000000
7879  -34.334  -73.377  -8.536 0.0000000000
7868  -34.907  -72.952  -7.959 0.0000000000
8640  -35.466  -72.471  -7.400 0.0000000000
8632  -39.203  -72.023  -7.133 0.0000000000
8631  -36.977  -72.051  -6.928 0.0000000000
7140  -38.115  -75.386  -3.546 0.0000000000
115222  -23.639  -51.978  13.935 0.0000000000
27765  -24.302  -51.962  13.230 0.0000000000
27776  -25.112  -52.329  12.561 0.0000000000
117357  -24.894  -53.032  12.308 0.0000000000
27777  -26.016  -52.530  12.504 0.0000000000
27778  -26.580  -52.305  12.913 0.0000000000
27766  -26.778  -52.472  13.318 0.0000000000
27734  -27.139  -52.327  15.227 0.0000000000
123681  -27.017  -52.746  16.196 0.0000000000
23754  -25.336  -56.684  12.396 0.0000000000
24715  -25.668  -55.937  15.368 0.0000000000
22624  -25.128  -58.010  17.789 0.0000000000
23707  -25.146  -56.991  16.663 0.0000000000
24716  -26.154  -55.040  15.563 0.0000000000
24699  -26.196  -55.001  16.891 0.0000000000
26638  -26.890  -53.526  17.599 0.0000000000
27712  -27.777  -52.615  18.339 0.0000000000
27714  -29.113  -52.944  18.268 0.0000000000
27721  -29.485  -52.551  17.915 0.0000000000
27737  -30.118  -53.157  15.841 0.0000000000
25664  -29.526  -54.988  15.772 0.0000000000
26671  -30.085  -53.803  15.135 0.0000000000
109863  -30.351  -53.121  14.897 0.0000000000
113542  -30.551  -53.090  13.904 0.0000000000
29625  -14.179  -49.960  13.334 0.0000000000
30546  -13.386  -49.601  13.080 0.0000000000
28734  -12.927  -51.114  13.984 0.0000000000
29638  -12.675  -49.896  12.774 0.0000000000
30555  -12.456  -49.555  12.052 0.0000000000
29648  -12.310  -49.964  11.396 0.0000000000
29655  -12.230  -50.020  10.894 0.0000000000
23736  -6.826  -57.120  13.481 0.0000000000
130593  -7.056  -56.407  13.603 0.0000000000
24729  -7.483  -55.045  13.884 0.0000000000
25711  -6.383  -54.059  12.410 0.0000000000
25675  -7.191  -54.174  13.949 0.0000000000
25676  -7.514  -54.470  13.979 0.0000000000
26682  -8.476  -53.987  14.072 0.0000000000
26683  -9.445  -53.997  14.071 0.0000000000
26704  -10.055  -53.978  13.943 0.0000000000
28767  -7.280  -51.807  9.178 0.0000000000
28758  -7.452  -51.766  9.833 0.0000000000
27784  -7.912  -51.998  11.457 0.0000000000
27794  -9.328  -52.308  10.275 0.0000000000
27785  -8.813  -52.382  11.209 0.0000000000
26718  -10.116  -53.908  13.234 0.0000000000
25713  -10.902  -54.257  13.719 0.0000000000
112702  -11.993  -53.740  13.973 0.0000000000
26719  -12.481  -53.782  13.125 0.0000000000
26731  -12.730  -53.326  12.604 0.0000000000
26732  -13.433  -54.069  12.043 0.0000000000
27786  -12.568  -52.506  12.087 0.0000000000
113975  -11.955  -50.904  11.270 0.0000000000
29656  -12.084  -50.478  10.802 0.0000000000
29663  -12.252  -49.909  10.470 0.0000000000
30579  -12.390  -49.329  9.779 0.0000000000
30592  -12.550  -48.971  8.897 0.0000000000
122130  -7.430  -67.803  -20.597 0.0000000000
20978  -5.773  -59.476  -12.449 0.0000000000
119664  -4.695  -60.612  -6.689 0.0000000000
117701  -4.689  -59.053  -5.811 0.0000000000
20890  -4.730  -58.923  -5.030 0.0000000000
20899  -6.311  -58.948  -6.967 0.0000000000
21868  -5.735  -58.640  -5.386 0.0000000000
20883  -5.019  -58.696  -4.781 0.0000000000
119093  -6.093  -58.696  -3.797 0.0000000000
20872  -6.339  -58.954  -2.934 0.0000000000
19894  -6.688  -59.862  -2.126 0.0000000000
15995  -16.039  -64.915  -15.605 0.0000000000
16977  -15.598  -63.911  -16.836 0.0000000000
16991  -15.432  -63.225  -17.575 0.0000000000
17979  -14.903  -62.369  -18.684 0.0000000000
19045  -14.044  -61.496  -19.054 0.0000000000
19044  -12.864  -61.295  -18.944 0.0000000000
111545  -13.174  -60.453  -16.483 0.0000000000
19027  -12.238  -61.204  -17.919 0.0000000000
19043  -11.685  -61.563  -18.550 0.0000000000
19025  -10.749  -61.877  -17.336 0.0000000000
17944  -10.279  -62.724  -16.510 0.0000000000
123404  -10.457  -63.385  -15.823 0.0000000000
20065  -10.111  -60.573  -13.240 0.0000000000
18946  -9.735  -61.242  -11.984 0.0000000000
18963  -9.892  -61.324  -12.828 0.0000000000
18990  -10.000  -61.654  -14.441 0.0000000000
17917  -10.326  -62.367  -14.807 0.0000000000
16955  -10.861  -63.434  -15.036 0.0000000000
16964  -11.063  -64.312  -15.472 0.0000000000
15979  -11.741  -64.969  -14.569 0.0000000000
14964  -11.015  -65.541  -13.930 0.0000000000
14955  -11.380  -65.327  -13.174 0.0000000000
15943  -12.407  -64.648  -12.108 0.0000000000
110584  -11.484  -64.979  -12.279 0.0000000000
15941  -9.552  -64.639  -11.747 0.0000000000
121346  -9.072  -64.244  -11.121 0.0000000000
15929  -8.871  -63.844  -10.451 0.0000000000
16911  -8.715  -63.501  -9.618 0.0000000000
15910  -13.702  -63.733  -8.336 0.0000000000
15909  -13.285  -64.281  -8.336 0.0000000000
15908  -11.758  -64.500  -8.614 0.0000000000
15888  -11.786  -64.301  -6.450 0.0000000000
15896  -11.602  -64.353  -7.610 0.0000000000
15907  -10.802  -64.334  -8.372 0.0000000000
15906  -9.928  -64.029  -8.288 0.0000000000
16901  -8.801  -63.430  -8.692 0.0000000000
17830  -8.411  -62.793  -8.367 0.0000000000
17822  -8.379  -62.671  -7.570 0.0000000000
17816  -7.932  -61.742  -6.226 0.0000000000
17807  -7.852  -62.010  -5.234 0.0000000000
17800  -8.074  -62.922  -4.874 0.0000000000
17799  -7.697  -62.260  -4.390 0.0000000000
18846  -7.466  -61.327  -4.683 0.0000000000
19921  -7.242  -61.133  -3.249 0.0000000000
19895  -7.109  -60.885  -2.458 0.0000000000
19875  -6.797  -60.192  -1.258 0.0000000000
19858  -7.129  -60.999  -0.697 0.0000000000
18803  -7.343  -62.127  0.057 0.0000000000
17745  -7.887  -62.564  1.596 0.0000000000
16845  -7.959  -63.841  -0.159 0.0000000000
128277  -7.906  -63.070  0.962 0.0000000000
17727  -8.083  -62.351  2.119 0.0000000000
18780  -8.904  -61.936  1.761 0.0000000000
19820  -9.386  -60.968  1.929 0.0000000000
20841  -9.577  -59.993  1.159 0.0000000000
16860  -9.844  -63.753  -2.000 0.0000000000
118144  -9.611  -62.620  -1.826 0.0000000000
18809  -9.453  -61.699  -1.572 0.0000000000
19896  -9.356  -60.604  -3.062 0.0000000000
128597  -9.279  -60.768  -2.260 0.0000000000
19877  -9.350  -60.808  -1.320 0.0000000000
112484  -9.454  -59.988  0.121 0.0000000000
21812  -9.406  -59.081  0.483 0.0000000000
128707  -9.265  -58.182  1.500 0.0000000000
112629  -8.811  -57.652  1.086 0.0000000000
22870  -7.960  -57.119  0.558 0.0000000000
23899  -6.815  -56.154  0.493 0.0000000000
24860  -6.536  -55.413  0.977 0.0000000000
26856  -6.723  -54.046  0.849 0.0000000000
26843  -7.071  -53.411  1.271 0.0000000000
27900  -7.721  -52.923  1.760 0.0000000000
25  -13.195  -89.956  10.998 0.0000000000
26  -13.849  -89.952  10.443 0.0000000000
27  -15.266  -90.646  9.276 0.0000000000
29  -13.820  -90.694  8.896 0.0000000000
30  -15.268  -91.018  8.687 0.0000000000
32  -14.898  -91.036  7.889 0.0000000000
34  -16.486  -90.545  8.075 0.0000000000
35  -17.267  -90.419  7.391 0.0000000000
36  -14.351  -90.574  7.308 0.0000000000
37  -15.195  -90.928  7.150 0.0000000000
38  -16.146  -91.083  7.088 0.0000000000
39  -17.093  -90.977  7.018 0.0000000000
40  -17.982  -90.590  6.722 0.0000000000
41  -18.505  -90.570  6.217 0.0000000000
43  -17.461  -90.768  6.307 0.0000000000
45  -18.962  -90.888  5.735 0.0000000000
48  -19.434  -91.167  4.959 0.0000000000
49  -19.947  -91.152  4.116 0.0000000000
50  -18.868  -91.196  4.597 0.0000000000
51  -19.298  -91.270  4.037 0.0000000000
52  -20.014  -91.165  3.133 0.0000000000
53  -18.334  -90.962  2.380 0.0000000000
54  -19.179  -91.098  2.608 0.0000000000
55  -19.840  -90.859  2.094 0.0000000000
59  -20.030  -90.314  1.273 0.0000000000
66  -19.664  -90.443  0.534 0.0000000000
81  -20.191  -90.291  -2.827 0.0000000000
85  -20.351  -90.061  -3.693 0.0000000000
109  -12.959  -89.137  14.024 0.0000000000
111  -12.687  -89.366  13.400 0.0000000000
112  -13.109  -89.335  13.451 0.0000000000
117  -11.643  -89.158  12.769 0.0000000000
118  -12.422  -89.544  12.804 0.0000000000
127  -12.714  -89.870  11.485 0.0000000000
129  -13.513  -89.609  11.353 0.0000000000
135  -11.706  -89.133  10.397 0.0000000000
136  -12.409  -89.696  10.589 0.0000000000
138  -14.771  -89.857  10.204 0.0000000000
145  -12.802  -89.990  9.950 0.0000000000
146  -14.575  -90.282  9.879 0.0000000000
148  -22.069  -90.148  9.901 0.0000000000
149  -22.648  -90.321  9.767 0.0000000000
152  -11.935  -89.142  8.764 0.0000000000
153  -12.580  -89.799  9.154 0.0000000000
154  -13.034  -90.043  8.580 0.0000000000
155  -15.737  -90.211  9.268 0.0000000000
156  -16.313  -90.050  8.688 0.0000000000
163  -13.612  -90.246  7.832 0.0000000000
167  -24.065  -90.011  7.387 0.0000000000
171  -14.576  -90.252  6.580 0.0000000000
173  -18.370  -90.392  6.519 0.0000000000
177  -13.999  -89.434  6.201 0.0000000000
178  -14.908  -89.823  5.869 0.0000000000
181  -19.404  -90.152  5.505 0.0000000000
183  -15.965  -89.525  4.758 0.0000000000
184  -16.866  -90.069  4.812 0.0000000000
185  -17.991  -90.579  4.656 0.0000000000
186  -19.338  -90.882  5.452 0.0000000000
187  -19.910  -90.859  4.855 0.0000000000
189  -20.371  -90.730  3.586 0.0000000000
190  -20.392  -89.764  3.619 0.0000000000
204  -20.130  -89.779  0.407 0.0000000000
213  -20.341  -89.505  -1.557 0.0000000000
215  -20.588  -89.514  -3.030 0.0000000000
222  -20.016  -89.648  -5.611 0.0000000000
223  -20.459  -88.950  -5.463 0.0000000000
243  -11.296  -88.091  22.000 0.0000000000
249  -11.579  -88.379  21.321 0.0000000000
257  -11.142  -88.495  20.774 0.0000000000
258  -12.050  -88.571  20.202 0.0000000000
259  -12.305  -88.311  20.240 0.0000000000
264  -11.240  -88.687  19.369 0.0000000000
265  -11.987  -88.740  19.460 0.0000000000
269  -10.909  -88.633  18.697 0.0000000000
271  -12.296  -88.558  18.632 0.0000000000
272  -10.985  -88.681  18.018 0.0000000000
274  -12.405  -88.409  17.612 0.0000000000
278  -12.590  -88.247  16.636 0.0000000000
279  -13.082  -87.922  16.597 0.0000000000
280  -11.406  -88.355  15.381 0.0000000000
281  -12.030  -88.412  16.035 0.0000000000
282  -12.685  -88.283  15.670 0.0000000000
283  -13.202  -87.998  15.756 0.0000000000
285  -11.874  -88.568  14.574 0.0000000000
286  -12.620  -88.623  14.701 0.0000000000
294  -11.167  -88.723  13.525 0.0000000000
296  -13.706  -88.510  13.462 0.0000000000
303  -13.471  -89.136  13.019 0.0000000000
305  -19.286  -88.103  12.626 0.0000000000
311  -11.212  -88.963  11.887 0.0000000000
312  -13.961  -88.506  11.860 0.0000000000
317  -11.246  -88.393  10.330 0.0000000000
319  -21.797  -89.625  10.202 0.0000000000
323  -11.276  -88.148  9.485 0.0000000000
326  -15.053  -89.403  10.025 0.0000000000
331  -11.488  -88.454  8.701 0.0000000000
333  -16.375  -88.951  8.303 0.0000000000
337  -11.299  -88.034  7.791 0.0000000000
339  -12.186  -88.828  7.268 0.0000000000
340  -16.999  -89.156  7.743 0.0000000000
341  -17.531  -89.743  7.437 0.0000000000
342  -23.129  -89.575  7.292 0.0000000000
345  -11.666  -88.220  6.685 0.0000000000
346  -12.263  -88.588  6.669 0.0000000000
347  -13.091  -88.996  6.514 0.0000000000
348  -18.021  -89.388  6.924 0.0000000000
349  -18.504  -89.910  6.578 0.0000000000
353  -11.641  -87.965  6.075 0.0000000000
355  -14.369  -89.018  5.537 0.0000000000
363  -13.836  -88.272  5.233 0.0000000000
366  -16.532  -89.170  4.064 0.0000000000
372  -16.174  -88.309  3.554 0.0000000000
374  -17.465  -89.331  2.842 0.0000000000
375  -20.186  -90.283  4.238 0.0000000000
381  -16.896  -88.657  2.473 0.0000000000
382  -20.687  -88.889  2.356 0.0000000000
394  -20.544  -89.230  0.585 0.0000000000
409  -20.659  -88.739  -1.757 0.0000000000
410  -20.952  -88.109  -1.874 0.0000000000
417  -20.900  -88.328  -2.500 0.0000000000
421  -20.856  -88.685  -3.143 0.0000000000
425  -20.731  -88.672  -4.617 0.0000000000
426  -21.064  -87.854  -4.592 0.0000000000
432  -19.847  -88.432  -6.815 0.0000000000
433  -20.433  -88.459  -6.133 0.0000000000
453  -11.507  -87.059  23.582 0.0000000000
457  -11.430  -87.412  23.080 0.0000000000
464  -11.690  -87.701  22.529 0.0000000000
465  -11.950  -87.655  22.445 0.0000000000
469  -9.913  -87.225  21.146 0.0000000000
472  -12.092  -88.082  21.625 0.0000000000
487  -10.038  -87.694  19.729 0.0000000000
488  -10.744  -88.397  20.021 0.0000000000
489  -12.614  -88.138  19.592 0.0000000000
496  -12.658  -88.271  18.877 0.0000000000
497  -12.944  -87.779  18.322 0.0000000000
498  -9.910  -87.403  17.001 0.0000000000
499  -10.360  -88.133  17.512 0.0000000000
503  -10.382  -88.017  16.735 0.0000000000
504  -13.389  -87.614  16.153 0.0000000000
509  -10.399  -87.981  14.491 0.0000000000
510  -13.380  -87.995  14.964 0.0000000000
511  -13.731  -87.373  14.769 0.0000000000
515  -9.948  -87.705  13.670 0.0000000000
516  -14.056  -87.838  13.478 0.0000000000
522  -14.353  -87.539  12.816 0.0000000000
523  -18.478  -87.116  12.033 0.0000000000
528  -14.278  -87.915  11.513 0.0000000000
530  -19.634  -88.104  11.970 0.0000000000
539  -11.093  -87.393  9.686 0.0000000000
540  -14.638  -87.633  9.714 0.0000000000
549  -15.580  -88.031  8.561 0.0000000000
554  -10.839  -87.312  7.114 0.0000000000
556  -16.565  -88.163  7.641 0.0000000000
560  -11.204  -87.867  6.808 0.0000000000
563  -18.474  -88.810  6.358 0.0000000000
566  -10.583  -87.338  5.435 0.0000000000
567  -11.003  -87.534  5.480 0.0000000000
568  -11.734  -87.754  5.584 0.0000000000
569  -12.776  -88.001  5.508 0.0000000000
570  -17.993  -87.793  6.029 0.0000000000
572  -18.864  -88.609  5.773 0.0000000000
577  -11.126  -87.375  5.003 0.0000000000
580  -15.333  -87.923  4.028 0.0000000000
581  -19.699  -88.149  4.602 0.0000000000
584  -27.132  -88.362  4.807 0.0000000000
585  -28.319  -87.187  4.208 0.0000000000
589  -21.038  -86.965  3.250 0.0000000000
592  -15.692  -87.414  2.521 0.0000000000
594  -20.908  -87.704  2.735 0.0000000000
597  -28.315  -87.300  2.291 0.0000000000
608  -21.258  -86.989  0.057 0.0000000000
610  -25.768  -88.225  -0.028 0.0000000000
617  -20.770  -88.567  -0.187 0.0000000000
627  -21.287  -87.637  -2.307 0.0000000000
637  -21.324  -87.494  -3.955 0.0000000000
641  -21.379  -87.112  -4.604 0.0000000000
644  -20.919  -87.667  -5.770 0.0000000000
645  -21.286  -87.048  -5.187 0.0000000000
649  -20.387  -87.847  -6.503 0.0000000000
715  -11.772  -86.669  24.217 0.0000000000
743  -9.810  -86.851  21.814 0.0000000000
756  -9.763  -87.024  20.286 0.0000000000
757  -12.516  -86.980  20.642 0.0000000000
766  -12.762  -87.214  19.632 0.0000000000
775  -9.668  -86.569  18.381 0.0000000000
776  -12.998  -86.999  18.714 0.0000000000
782  -9.648  -86.421  17.442 0.0000000000
785  -13.660  -86.974  16.141 0.0000000000
791  -9.621  -86.528  14.647 0.0000000000
797  -9.646  -86.608  13.843 0.0000000000
799  -19.544  -87.421  13.202 0.0000000000
803  -9.660  -86.141  13.113 0.0000000000
804  -9.793  -86.208  12.383 0.0000000000
807  -19.408  -86.519  12.856 0.0000000000
811  -10.319  -86.753  10.994 0.0000000000
812  -14.259  -87.025  11.054 0.0000000000
813  -18.367  -86.596  11.694 0.0000000000
814  -18.608  -87.017  11.727 0.0000000000
819  -10.809  -86.910  10.300 0.0000000000
821  -18.352  -86.191  11.101 0.0000000000
825  -10.987  -86.647  9.749 0.0000000000
826  -14.504  -86.613  9.262 0.0000000000
831  -11.127  -85.995  8.462 0.0000000000
832  -14.695  -86.346  8.556 0.0000000000
833  -15.096  -86.871  8.188 0.0000000000
837  -10.585  -86.439  7.127 0.0000000000
839  -15.409  -86.362  7.479 0.0000000000
841  -23.153  -86.409  7.378 0.0000000000
844  -15.923  -86.262  6.850 0.0000000000
845  -16.653  -86.713  6.413 0.0000000000
850  -10.130  -87.071  4.912 0.0000000000
851  -17.422  -86.720  5.705 0.0000000000
852  -18.303  -87.209  5.419 0.0000000000
853  -23.890  -87.040  5.759 0.0000000000
854  -24.156  -87.297  5.072 0.0000000000
858  -10.181  -86.803  4.223 0.0000000000
862  -13.991  -86.851  4.330 0.0000000000
864  -18.722  -86.672  4.730 0.0000000000
868  -27.971  -87.117  4.719 0.0000000000
870  -9.915  -86.547  3.474 0.0000000000
871  -10.152  -86.543  3.394 0.0000000000
872  -10.513  -86.398  3.249 0.0000000000
873  -11.531  -86.150  3.866 0.0000000000
874  -13.631  -86.011  4.097 0.0000000000
877  -21.055  -86.183  3.580 0.0000000000
880  -10.001  -86.386  2.691 0.0000000000
884  -21.201  -87.009  2.103 0.0000000000
885  -21.551  -86.149  2.167 0.0000000000
887  -28.995  -86.713  2.566 0.0000000000
888  -29.350  -86.313  2.326 0.0000000000
894  -27.421  -87.337  -0.094 0.0000000000
899  -21.425  -86.366  0.734 0.0000000000
909  -21.602  -86.195  -0.149 0.0000000000
910  -25.663  -87.346  -1.189 0.0000000000
920  -26.238  -86.843  -2.483 0.0000000000
924  -21.533  -87.120  -2.752 0.0000000000
930  -21.554  -87.011  -3.455 0.0000000000
931  -21.847  -86.357  -3.789 0.0000000000
937  -21.738  -86.451  -4.421 0.0000000000
938  -22.068  -85.828  -4.235 0.0000000000
946  -21.607  -86.395  -5.226 0.0000000000
949  -20.160  -87.029  -6.744 0.0000000000
1006  -11.156  -85.050  25.385 0.0000000000
1020  -10.698  -86.147  24.508 0.0000000000
1021  -11.571  -86.417  24.852 0.0000000000
1044  -9.706  -85.510  22.571 0.0000000000
1045  -9.978  -86.535  23.192 0.0000000000
1056  -9.620  -85.855  21.718 0.0000000000
1057  -12.326  -85.988  21.755 0.0000000000
1079  -9.612  -86.003  19.833 0.0000000000
1081  -13.073  -85.213  19.173 0.0000000000
1102  -9.558  -85.531  17.500 0.0000000000
1107  -9.547  -85.713  16.805 0.0000000000
1108  -13.818  -86.167  16.492 0.0000000000
1109  -14.061  -85.445  16.027 0.0000000000
1120  -14.579  -84.908  14.226 0.0000000000
1130  -9.845  -85.260  12.787 0.0000000000
1135  -19.404  -85.562  12.620 0.0000000000
1139  -10.310  -85.661  10.962 0.0000000000
1140  -14.331  -86.075  11.663 0.0000000000
1141  -18.208  -86.146  11.634 0.0000000000
1149  -14.291  -86.020  10.548 0.0000000000
1150  -18.621  -86.030  10.390 0.0000000000
1151  -19.261  -86.237  10.626 0.0000000000
1153  -21.969  -85.726  10.331 0.0000000000
1158  -14.561  -85.039  9.215 0.0000000000
1160  -22.350  -85.374  9.732 0.0000000000
1167  -11.132  -85.261  8.032 0.0000000000
1170  -23.068  -85.055  8.018 0.0000000000
1172  -15.133  -85.488  7.584 0.0000000000
1176  -10.266  -86.017  6.479 0.0000000000
1178  -16.097  -85.739  6.300 0.0000000000
1179  -23.442  -85.880  6.795 0.0000000000
1182  -9.708  -86.070  4.979 0.0000000000
1188  -26.892  -86.182  6.188 0.0000000000
1189  -27.635  -85.768  5.510 0.0000000000
1190  -28.241  -85.372  4.952 0.0000000000
1191  -9.595  -86.113  4.124 0.0000000000
1194  -18.717  -85.234  4.103 0.0000000000
1202  -14.077  -85.694  3.327 0.0000000000
1204  -21.832  -84.941  3.093 0.0000000000
1205  -24.715  -85.426  3.330 0.0000000000
1217  -24.648  -86.477  2.711 0.0000000000
1218  -24.766  -86.354  1.888 0.0000000000
1231  -21.774  -85.607  0.554 0.0000000000
1242  -25.461  -86.750  -1.248 0.0000000000
1252  -21.981  -85.748  -1.976 0.0000000000
1253  -22.230  -84.831  -2.060 0.0000000000
1254  -26.033  -86.346  -2.646 0.0000000000
1265  -26.555  -86.300  -2.964 0.0000000000
1266  -27.158  -86.233  -3.169 0.0000000000
1274  -22.129  -85.664  -3.498 0.0000000000
1291  -21.824  -85.590  -5.266 0.0000000000
1302  -19.038  -85.755  -7.232 0.0000000000
1307  -22.849  -86.046  -9.441 0.0000000000
1308  -23.515  -85.809  -9.007 0.0000000000
1310  -24.415  -85.266  -8.732 0.0000000000
1324  -23.572  -85.602  -9.843 0.0000000000
1409  -12.635  -85.010  23.980 0.0000000000
1419  -9.792  -84.429  22.332 0.0000000000
1466  -9.434  -84.089  18.340 0.0000000000
1482  -13.901  -85.310  16.816 0.0000000000
1491  -9.472  -84.202  15.794 0.0000000000
1509  -9.699  -84.603  13.506 0.0000000000
1510  -14.635  -84.325  13.435 0.0000000000
1515  -10.110  -84.501  12.163 0.0000000000
1517  -18.853  -85.183  12.461 0.0000000000
1526  -18.170  -85.580  11.563 0.0000000000
1536  -10.751  -84.767  10.535 0.0000000000
1537  -14.437  -84.496  10.705 0.0000000000
1538  -18.100  -85.133  10.901 0.0000000000
1541  -21.388  -85.306  10.292 0.0000000000
1547  -11.231  -84.353  9.278 0.0000000000
1550  -19.007  -85.125  9.002 0.0000000000
1553  -22.224  -84.481  9.613 0.0000000000
1561  -11.128  -84.274  8.451 0.0000000000
1564  -18.897  -84.578  8.223 0.0000000000
1566  -22.973  -84.270  8.220 0.0000000000
1567  -26.585  -83.916  8.267 0.0000000000
1568  -27.020  -84.471  8.878 0.0000000000
1569  -10.866  -84.658  7.664 0.0000000000
1571  -15.320  -84.832  7.038 0.0000000000
1574  -10.023  -84.570  6.284 0.0000000000
1577  -23.532  -84.505  6.785 0.0000000000
1580  -15.841  -84.191  5.863 0.0000000000
1581  -16.310  -84.054  5.068 0.0000000000
1584  -24.226  -84.313  5.197 0.0000000000
1586  -28.033  -84.379  4.995 0.0000000000
1588  -16.854  -83.849  4.509 0.0000000000
1590  -18.590  -84.332  3.862 0.0000000000
1591  -19.547  -84.226  3.904 0.0000000000
1592  -20.404  -84.687  4.115 0.0000000000
1600  -21.535  -84.646  3.792 0.0000000000
1602  -24.899  -83.965  2.838 0.0000000000
1604  -29.478  -84.950  3.052 0.0000000000
1618  -21.960  -84.963  1.223 0.0000000000
1619  -25.264  -84.640  1.348 0.0000000000
1641  -22.089  -84.568  -0.447 0.0000000000
1642  -22.286  -83.997  -0.964 0.0000000000
1643  -25.610  -85.564  -0.710 0.0000000000
1653  -22.014  -85.164  -1.192 0.0000000000
1656  -28.892  -84.767  -2.495 0.0000000000
1657  -29.672  -84.532  -1.492 0.0000000000
1664  -22.509  -84.313  -2.763 0.0000000000
1666  -28.316  -85.123  -3.300 0.0000000000
1674  -26.711  -85.314  -3.329 0.0000000000
1675  -27.395  -84.994  -3.545 0.0000000000
1683  -22.390  -84.461  -4.462 0.0000000000
1703  -25.318  -84.958  -7.969 0.0000000000
1710  -23.744  -85.530  -8.466 0.0000000000
1711  -24.511  -85.194  -8.290 0.0000000000
1713  -26.267  -84.486  -8.415 0.0000000000
1720  -24.143  -85.239  -9.299 0.0000000000
1737  -24.040  -84.714  -11.163 0.0000000000
1823  -10.395  -83.895  24.494 0.0000000000
1831  -9.963  -84.010  23.024 0.0000000000
1857  -9.824  -83.949  21.460 0.0000000000
1871  -9.853  -83.454  20.617 0.0000000000
1911  -14.242  -83.975  16.228 0.0000000000
1933  -9.458  -82.776  13.998 0.0000000000
1939  -10.035  -83.631  12.477 0.0000000000
1948  -10.000  -82.811  12.108 0.0000000000
1950  -14.543  -83.863  11.364 0.0000000000
1962  -14.607  -83.537  10.356 0.0000000000
1963  -18.114  -84.556  9.956 0.0000000000
1969  -21.149  -83.935  9.355 0.0000000000
1979  -10.587  -83.341  8.490 0.0000000000
1980  -14.833  -83.586  8.700 0.0000000000
1983  -18.787  -84.028  7.731 0.0000000000
1985  -20.734  -83.545  8.559 0.0000000000
1986  -22.165  -83.003  8.896 0.0000000000
1991  -10.632  -83.879  7.671 0.0000000000
1994  -18.754  -83.515  7.343 0.0000000000
1997  -9.636  -83.859  5.923 0.0000000000
1998  -15.561  -83.471  6.322 0.0000000000
2002  -9.252  -84.017  4.958 0.0000000000
2004  -16.455  -83.224  4.690 0.0000000000
2005  -24.075  -83.481  5.587 0.0000000000
2010  -18.176  -83.372  3.816 0.0000000000
2012  -19.862  -83.485  4.283 0.0000000000
2015  -24.531  -83.248  4.078 0.0000000000
2016  -28.431  -83.835  4.344 0.0000000000
2017  -29.064  -83.338  3.723 0.0000000000
2020  -21.360  -84.035  4.194 0.0000000000
2022  -29.812  -83.154  3.487 0.0000000000
2024  -31.758  -83.445  3.139 0.0000000000
2025  -32.483  -83.295  3.038 0.0000000000
2028  -24.987  -83.374  2.475 0.0000000000
2032  -21.786  -82.639  1.898 0.0000000000
2039  -22.122  -83.209  0.445 0.0000000000
2040  -22.477  -82.742  -0.299 0.0000000000
2044  -32.520  -83.489  1.336 0.0000000000
2049  -22.549  -83.305  -1.005 0.0000000000
2065  -22.708  -83.284  -2.608 0.0000000000
2066  -26.463  -84.823  -3.060 0.0000000000
2077  -30.396  -83.754  -4.290 0.0000000000
2085  -22.156  -83.541  -4.795 0.0000000000
2089  -29.729  -84.045  -4.756 0.0000000000
2097  -20.652  -83.137  -5.735 0.0000000000
2099  -29.704  -83.659  -6.175 0.0000000000
2106  -19.641  -82.704  -6.873 0.0000000000
2107  -20.057  -83.173  -6.264 0.0000000000
2116  -18.503  -83.885  -7.823 0.0000000000
2120  -24.287  -84.401  -7.506 0.0000000000
2132  -27.019  -84.158  -8.532 0.0000000000
2134  -28.793  -83.678  -7.822 0.0000000000
2135  -29.243  -83.285  -7.682 0.0000000000
2283  -10.315  -82.742  24.501 0.0000000000
2295  -10.246  -82.744  22.079 0.0000000000
2296  -10.268  -82.212  22.768 0.0000000000
2307  -10.295  -82.381  21.338 0.0000000000
2330  -10.215  -82.186  19.854 0.0000000000
2340  -9.627  -82.550  18.778 0.0000000000
2350  -9.375  -82.493  17.669 0.0000000000
2360  -9.360  -82.793  16.281 0.0000000000
2368  -9.410  -82.468  15.504 0.0000000000
2375  -9.400  -82.132  14.678 0.0000000000
2377  -15.167  -82.094  14.201 0.0000000000
2383  -14.853  -82.919  13.304 0.0000000000
2391  -15.160  -82.301  12.568 0.0000000000
2405  -9.745  -82.261  11.446 0.0000000000
2408  -15.267  -82.030  11.586 0.0000000000
2409  -18.834  -82.980  11.357 0.0000000000
2422  -9.440  -82.042  10.070 0.0000000000
2423  -10.562  -83.200  10.176 0.0000000000
2426  -18.535  -82.724  10.112 0.0000000000
2430  -10.362  -82.886  9.287 0.0000000000
2431  -14.824  -82.856  9.021 0.0000000000
2432  -15.040  -82.316  9.539 0.0000000000
2433  -18.457  -82.529  8.933 0.0000000000
2435  -22.006  -82.327  8.453 0.0000000000
2436  -28.714  -82.331  9.194 0.0000000000
2442  -9.332  -81.913  8.457 0.0000000000
2443  -9.954  -82.620  8.523 0.0000000000
2446  -20.226  -83.363  7.521 0.0000000000
2455  -19.004  -83.081  6.787 0.0000000000
2458  -22.217  -81.659  7.767 0.0000000000
2459  -22.906  -81.971  7.462 0.0000000000
2460  -8.963  -81.682  6.067 0.0000000000
2461  -9.586  -82.983  6.336 0.0000000000
2462  -15.603  -82.496  6.477 0.0000000000
2463  -16.101  -81.865  5.748 0.0000000000
2465  -19.395  -82.578  6.044 0.0000000000
2469  -8.985  -82.298  5.219 0.0000000000
2471  -16.173  -82.477  5.050 0.0000000000
2472  -18.715  -82.131  4.962 0.0000000000
2474  -20.347  -82.604  5.908 0.0000000000
2478  -27.010  -82.363  6.037 0.0000000000
2481  -16.949  -82.483  4.521 0.0000000000
2482  -17.868  -82.610  4.092 0.0000000000
2483  -18.449  -82.307  4.512 0.0000000000
2484  -19.487  -82.728  4.689 0.0000000000
2487  -24.440  -82.324  4.231 0.0000000000
2494  -24.902  -82.799  2.856 0.0000000000
2495  -30.276  -82.692  3.504 0.0000000000
2497  -32.174  -82.575  3.378 0.0000000000
2500  -34.102  -82.109  2.910 0.0000000000
2502  -21.712  -82.187  2.782 0.0000000000
2503  -24.859  -82.050  2.813 0.0000000000
2505  -33.440  -82.730  2.866 0.0000000000
2506  -33.821  -82.442  2.803 0.0000000000
2507  -34.165  -82.093  2.496 0.0000000000
2510  -25.398  -82.244  1.656 0.0000000000
2512  -33.843  -82.383  2.405 0.0000000000
2516  -22.314  -82.205  0.454 0.0000000000
2518  -26.136  -82.419  0.181 0.0000000000
2519  -32.566  -82.803  0.844 0.0000000000
2527  -32.269  -82.941  -0.082 0.0000000000
2532  -26.459  -83.504  -2.429 0.0000000000
2533  -31.968  -83.079  -1.535 0.0000000000
2540  -22.937  -82.541  -3.067 0.0000000000
2552  -26.583  -82.502  -3.632 0.0000000000
2555  -31.334  -82.581  -4.006 0.0000000000
2563  -21.996  -82.477  -4.737 0.0000000000
2564  -22.454  -82.151  -4.342 0.0000000000
2567  -28.501  -83.374  -5.165 0.0000000000
2568  -31.047  -82.642  -4.709 0.0000000000
2577  -21.369  -82.767  -5.221 0.0000000000
2587  -19.891  -82.030  -6.979 0.0000000000
2589  -23.925  -82.323  -6.947 0.0000000000
2590  -24.738  -82.477  -6.707 0.0000000000
2592  -29.028  -83.708  -6.217 0.0000000000
2600  -19.096  -82.491  -8.315 0.0000000000
2606  -29.061  -82.018  -7.839 0.0000000000
2607  -29.624  -82.795  -7.506 0.0000000000
2608  -30.117  -82.433  -6.964 0.0000000000
2612  -19.768  -81.988  -8.245 0.0000000000
2622  -19.140  -82.894  -9.440 0.0000000000
2762  -10.206  -81.434  25.724 0.0000000000
2768  -9.888  -80.950  24.447 0.0000000000
2829  -9.505  -81.867  17.105 0.0000000000
2841  -9.772  -81.298  16.483 0.0000000000
2858  -9.356  -81.299  14.525 0.0000000000
2860  -15.422  -81.585  14.438 0.0000000000
2874  -9.202  -81.117  11.945 0.0000000000
2875  -15.525  -81.595  13.110 0.0000000000
2896  -9.337  -81.341  10.297 0.0000000000
2902  -9.284  -81.470  9.382 0.0000000000
2903  -15.477  -81.509  9.376 0.0000000000
2904  -18.692  -81.263  8.957 0.0000000000
2912  -9.093  -81.188  8.642 0.0000000000
2916  -21.795  -81.706  7.822 0.0000000000
2918  -27.832  -81.495  8.847 0.0000000000
2919  -8.907  -81.275  6.977 0.0000000000
2920  -9.307  -81.946  7.510 0.0000000000
2921  -15.847  -81.489  7.455 0.0000000000
2922  -16.553  -81.117  6.837 0.0000000000
2923  -18.385  -81.389  6.886 0.0000000000
2925  -21.605  -81.260  7.242 0.0000000000
2928  -26.973  -82.036  7.624 0.0000000000
2930  -15.910  -81.705  6.642 0.0000000000
2932  -17.909  -81.129  5.973 0.0000000000
2933  -21.041  -81.899  6.361 0.0000000000
2934  -21.488  -81.099  6.696 0.0000000000
2935  -22.381  -80.672  6.529 0.0000000000
2936  -23.199  -80.964  6.208 0.0000000000
2939  -17.642  -81.453  5.227 0.0000000000
2942  -24.116  -81.527  4.605 0.0000000000
2945  -8.675  -81.724  4.534 0.0000000000
2946  -17.641  -81.942  4.619 0.0000000000
2948  -21.571  -81.166  5.071 0.0000000000
2949  -22.977  -80.435  4.984 0.0000000000
2951  -29.190  -81.012  4.202 0.0000000000
2955  -21.774  -80.908  4.108 0.0000000000
2956  -24.522  -81.609  3.389 0.0000000000
2959  -32.974  -81.985  3.504 0.0000000000
2960  -34.133  -81.654  3.046 0.0000000000
2964  -22.220  -80.815  2.394 0.0000000000
2973  -21.884  -81.527  2.053 0.0000000000
2975  -24.776  -80.890  1.778 0.0000000000
2976  -25.363  -81.393  1.256 0.0000000000
2977  -33.507  -82.416  1.898 0.0000000000
2979  -34.621  -81.710  2.194 0.0000000000
2988  -22.608  -81.223  0.705 0.0000000000
2989  -23.267  -80.860  0.198 0.0000000000
2990  -25.363  -80.909  0.563 0.0000000000
2993  -33.605  -81.792  1.262 0.0000000000
3007  -25.755  -81.085  0.046 0.0000000000
3019  -23.794  -80.951  -1.301 0.0000000000
3020  -26.355  -81.658  -1.153 0.0000000000
3031  -23.219  -81.747  -3.033 0.0000000000
3046  -23.450  -80.779  -3.120 0.0000000000
3047  -26.244  -81.614  -3.703 0.0000000000
3060  -22.574  -81.254  -4.239 0.0000000000
3061  -25.312  -80.741  -5.177 0.0000000000
3072  -21.379  -81.669  -5.269 0.0000000000
3074  -26.568  -81.901  -5.544 0.0000000000
3084  -24.862  -81.593  -6.270 0.0000000000
3085  -25.685  -81.583  -5.860 0.0000000000
3086  -30.412  -81.643  -6.495 0.0000000000
3090  -20.567  -81.314  -7.336 0.0000000000
3091  -21.012  -81.177  -7.438 0.0000000000
3093  -23.065  -82.021  -7.274 0.0000000000
3097  -20.478  -81.636  -8.017 0.0000000000
3099  -26.401  -81.344  -8.935 0.0000000000
3104  -25.066  -81.862  -10.001 0.0000000000
3276  -9.720  -79.904  24.282 0.0000000000
3284  -9.957  -80.608  23.513 0.0000000000
3291  -9.623  -79.071  23.045 0.0000000000
3301  -10.293  -80.435  21.961 0.0000000000
3304  -10.673  -80.192  20.703 0.0000000000
3318  -11.180  -80.463  18.292 0.0000000000
3319  -11.383  -79.684  18.203 0.0000000000
3333  -11.301  -80.210  17.441 0.0000000000
3348  -10.694  -80.643  16.688 0.0000000000
3357  -9.555  -81.023  15.099 0.0000000000
3365  -10.172  -80.469  14.762 0.0000000000
3376  -9.452  -80.681  13.136 0.0000000000
3377  -10.272  -80.056  13.303 0.0000000000
3378  -15.792  -81.013  13.796 0.0000000000
3390  -10.047  -80.134  12.500 0.0000000000
3392  -16.514  -79.852  12.413 0.0000000000
3403  -9.478  -80.687  11.436 0.0000000000
3405  -16.088  -80.616  10.885 0.0000000000
3407  -18.950  -79.697  11.295 0.0000000000
3413  -9.567  -80.578  10.452 0.0000000000
3415  -16.784  -79.978  10.487 0.0000000000
3421  -15.868  -80.895  9.642 0.0000000000
3422  -16.567  -80.487  9.411 0.0000000000
3423  -17.488  -80.218  8.962 0.0000000000
3437  -8.936  -80.620  8.311 0.0000000000
3439  -16.703  -80.619  8.407 0.0000000000
3450  -17.189  -80.635  7.463 0.0000000000
3452  -18.095  -80.880  6.772 0.0000000000
3453  -21.832  -80.765  6.946 0.0000000000
3454  -27.156  -81.220  7.520 0.0000000000
3455  -8.448  -80.118  6.372 0.0000000000
3457  -17.557  -80.807  6.668 0.0000000000
3460  -8.453  -80.425  5.586 0.0000000000
3464  -21.848  -80.653  5.399 0.0000000000
3465  -22.346  -80.526  5.627 0.0000000000
3474  -22.348  -80.493  4.783 0.0000000000
3476  -28.717  -80.347  4.399 0.0000000000
3482  -22.348  -80.558  3.878 0.0000000000
3483  -23.039  -80.351  3.424 0.0000000000
3484  -23.807  -80.565  3.054 0.0000000000
3485  -29.832  -79.981  3.669 0.0000000000
3488  -32.683  -81.069  3.529 0.0000000000
3498  -33.306  -80.633  3.247 0.0000000000
3500  -34.600  -81.321  2.609 0.0000000000
3506  -22.774  -80.577  1.974 0.0000000000
3507  -23.429  -80.506  1.557 0.0000000000
3520  -24.680  -80.592  0.478 0.0000000000
3523  -34.233  -81.224  0.834 0.0000000000
3524  -35.108  -81.022  1.134 0.0000000000
3525  -35.487  -80.418  0.589 0.0000000000
3532  -25.306  -80.688  -0.127 0.0000000000
3533  -25.909  -80.973  -0.588 0.0000000000
3543  -24.163  -80.480  -1.847 0.0000000000
3544  -24.793  -80.274  -1.536 0.0000000000
3546  -25.972  -80.806  -1.407 0.0000000000
3548  -31.372  -80.922  -1.294 0.0000000000
3554  -23.873  -80.187  -2.611 0.0000000000
3556  -25.343  -79.921  -2.535 0.0000000000
3558  -31.188  -81.097  -2.268 0.0000000000
3567  -23.042  -80.490  -3.860 0.0000000000
3569  -25.632  -80.220  -3.066 0.0000000000
3570  -25.827  -80.823  -3.841 0.0000000000
3572  -31.341  -81.438  -3.182 0.0000000000
3579  -22.552  -80.329  -4.584 0.0000000000
3580  -23.189  -79.777  -4.241 0.0000000000
3590  -20.888  -80.994  -6.302 0.0000000000
3591  -21.367  -80.852  -5.752 0.0000000000
3592  -22.831  -79.949  -5.366 0.0000000000
3593  -23.557  -79.982  -5.440 0.0000000000
3594  -24.406  -80.287  -5.361 0.0000000000
3596  -30.680  -81.172  -5.839 0.0000000000
3604  -21.246  -80.768  -6.466 0.0000000000
3611  -21.436  -80.825  -6.944 0.0000000000
3692  -15.427  -80.044  -17.519 0.0000000000
3819  -9.801  -79.147  24.552 0.0000000000
3829  -9.699  -79.278  23.876 0.0000000000
3838  -9.845  -79.647  22.274 0.0000000000
3851  -10.149  -79.747  21.430 0.0000000000
3862  -10.728  -79.521  19.686 0.0000000000
3878  -11.459  -79.300  17.396 0.0000000000
3906  -11.472  -79.386  15.944 0.0000000000
3937  -11.093  -79.427  13.625 0.0000000000
3938  -11.484  -79.021  14.009 0.0000000000
3949  -11.342  -79.007  13.311 0.0000000000
3953  -19.569  -79.031  12.709 0.0000000000
3961  -10.075  -79.911  10.832 0.0000000000
3962  -10.489  -79.290  11.342 0.0000000000
3963  -17.288  -79.560  11.082 0.0000000000
3964  -17.893  -79.295  11.319 0.0000000000
3970  -10.286  -78.955  10.583 0.0000000000
3974  -9.004  -79.363  8.508 0.0000000000
3988  -9.034  -80.088  8.588 0.0000000000
3990  -27.950  -78.981  8.561 0.0000000000
4007  -8.336  -79.400  6.505 0.0000000000
4019  -27.550  -79.803  5.620 0.0000000000
4022  -8.304  -79.842  4.962 0.0000000000
4027  -28.538  -79.556  4.278 0.0000000000
4032  -29.108  -79.406  3.713 0.0000000000
4033  -30.733  -79.950  3.386 0.0000000000
4041  -32.902  -79.882  2.821 0.0000000000
4043  -34.715  -80.725  2.413 0.0000000000
4050  -36.171  -79.316  0.796 0.0000000000
4058  -35.869  -79.837  0.776 0.0000000000
4068  -32.270  -79.876  -0.989 0.0000000000
4069  -33.374  -80.032  -0.656 0.0000000000
4082  -31.437  -79.914  -1.551 0.0000000000
4084  -34.034  -79.682  -1.564 0.0000000000
4088  -38.671  -78.959  -0.967 0.0000000000
4096  -24.169  -79.610  -2.991 0.0000000000
4097  -24.860  -79.586  -2.739 0.0000000000
4098  -30.934  -79.686  -2.357 0.0000000000
4101  -36.854  -79.534  -1.943 0.0000000000
4110  -25.195  -79.641  -3.184 0.0000000000
4117  -24.124  -79.546  -4.269 0.0000000000
4118  -24.931  -79.697  -3.903 0.0000000000
4119  -30.150  -79.425  -4.748 0.0000000000
4126  -23.973  -79.691  -4.932 0.0000000000
4137  -29.371  -79.523  -6.762 0.0000000000
4144  -27.593  -79.109  -8.512 0.0000000000
4145  -28.015  -79.111  -7.880 0.0000000000
4146  -28.739  -79.781  -7.335 0.0000000000
4152  -27.127  -79.371  -9.143 0.0000000000
4407  -10.020  -78.288  23.736 0.0000000000
4417  -9.542  -78.206  22.535 0.0000000000
4428  -9.305  -78.054  21.768 0.0000000000
4441  -9.295  -78.079  19.969 0.0000000000
4446  -9.426  -78.141  19.221 0.0000000000
4447  -10.117  -78.472  18.585 0.0000000000
4451  -10.518  -78.342  17.745 0.0000000000
4452  -11.162  -78.615  17.390 0.0000000000
4459  -11.027  -78.215  16.096 0.0000000000
4471  -11.466  -78.755  15.652 0.0000000000
4487  -11.351  -78.554  14.390 0.0000000000
4488  -11.588  -78.936  14.796 0.0000000000
4502  -18.064  -78.430  13.903 0.0000000000
4505  -20.672  -78.621  13.638 0.0000000000
4513  -11.067  -78.666  12.727 0.0000000000
4528  -9.680  -78.533  9.915 0.0000000000
4553  -8.384  -79.034  7.133 0.0000000000
4570  -27.371  -78.575  6.569 0.0000000000
4582  -27.528  -78.913  5.591 0.0000000000
4597  -31.414  -78.955  2.237 0.0000000000
4598  -32.386  -79.208  2.173 0.0000000000
4607  -36.291  -78.796  0.925 0.0000000000
4644  -30.916  -78.949  -2.749 0.0000000000
4645  -32.439  -78.594  -2.888 0.0000000000
4646  -33.324  -79.280  -2.110 0.0000000000
4648  -35.300  -79.489  -3.004 0.0000000000
4657  -30.629  -78.695  -3.484 0.0000000000
4658  -31.148  -78.402  -3.305 0.0000000000
4659  -31.917  -78.170  -3.418 0.0000000000
4662  -35.784  -79.275  -3.677 0.0000000000
4665  -39.164  -78.312  -2.921 0.0000000000
4671  -30.004  -78.622  -4.690 0.0000000000
4675  -34.484  -78.888  -4.552 0.0000000000
4676  -35.371  -79.004  -4.565 0.0000000000
4679  -39.085  -78.063  -3.591 0.0000000000
4686  -29.683  -78.187  -5.414 0.0000000000
4687  -32.820  -78.057  -5.014 0.0000000000
4688  -34.128  -78.417  -5.750 0.0000000000
4691  -37.350  -78.377  -4.757 0.0000000000
4698  -28.882  -77.870  -7.131 0.0000000000
4699  -29.352  -77.787  -6.294 0.0000000000
4703  -35.544  -78.136  -6.047 0.0000000000
4717  -27.650  -78.653  -8.987 0.0000000000
4722  -33.259  -78.175  -9.306 0.0000000000
4725  -28.196  -78.459  -9.417 0.0000000000
4768  -14.311  -78.499  -13.726 0.0000000000
4984  -10.262  -77.759  23.139 0.0000000000
4986  -14.767  -77.446  22.922 0.0000000000
4992  -9.557  -77.521  22.157 0.0000000000
4993  -10.668  -77.307  22.655 0.0000000000
4994  -12.933  -77.664  22.457 0.0000000000
4996  -14.420  -77.522  22.505 0.0000000000
4997  -14.920  -77.229  22.253 0.0000000000
5004  -11.195  -76.958  22.092 0.0000000000
5007  -14.362  -77.316  21.927 0.0000000000
5017  -9.193  -77.389  19.536 0.0000000000
5027  -9.812  -77.944  17.356 0.0000000000
5038  -10.376  -77.790  15.563 0.0000000000
5045  -9.514  -77.377  15.074 0.0000000000
5053  -9.001  -77.049  12.711 0.0000000000
5055  -10.592  -78.264  12.103 0.0000000000
5060  -10.097  -77.855  11.565 0.0000000000
5064  -8.664  -77.319  10.727 0.0000000000
5068  -8.393  -77.577  9.475 0.0000000000
5069  -9.050  -78.194  9.330 0.0000000000
5078  -8.480  -77.937  8.684 0.0000000000
5090  -8.331  -78.074  7.867 0.0000000000
5108  -27.512  -77.807  6.720 0.0000000000
5121  -27.479  -77.986  5.946 0.0000000000
5125  -27.597  -77.530  5.244 0.0000000000
5195  -31.338  -77.948  -3.803 0.0000000000
5196  -31.735  -77.779  -4.052 0.0000000000
5197  -39.716  -77.671  -2.908 0.0000000000
5203  -30.038  -77.924  -4.848 0.0000000000
5204  -30.526  -77.812  -4.447 0.0000000000
5209  -40.085  -77.098  -3.790 0.0000000000
5220  -32.271  -77.632  -5.559 0.0000000000
5232  -32.574  -77.748  -6.479 0.0000000000
5233  -33.399  -78.010  -6.856 0.0000000000
5235  -36.377  -77.756  -6.223 0.0000000000
5244  -28.875  -77.547  -7.606 0.0000000000
5245  -29.313  -77.173  -7.722 0.0000000000
5246  -30.786  -77.134  -7.631 0.0000000000
5250  -35.387  -77.239  -7.357 0.0000000000
5251  -36.251  -77.238  -6.924 0.0000000000
5257  -29.543  -77.359  -8.366 0.0000000000
5258  -30.414  -77.447  -8.340 0.0000000000
5263  -34.782  -77.009  -8.136 0.0000000000
5271  -28.596  -77.959  -9.073 0.0000000000
5272  -29.187  -77.780  -9.029 0.0000000000
5274  -33.740  -78.242  -9.926 0.0000000000
5275  -34.222  -77.654  -9.728 0.0000000000
5276  -34.845  -77.259  -9.982 0.0000000000
5372  -14.543  -77.278  -19.582 0.0000000000
5380  -14.078  -76.816  -20.937 0.0000000000
5382  -15.770  -77.053  -21.343 0.0000000000
5383  -16.400  -76.614  -21.589 0.0000000000
5384  -16.994  -76.359  -22.041 0.0000000000
5598  -15.326  -76.474  22.975 0.0000000000
5607  -15.319  -76.715  22.191 0.0000000000
5615  -9.478  -76.763  21.049 0.0000000000
5617  -10.527  -76.612  21.581 0.0000000000
5618  -11.707  -76.590  21.473 0.0000000000
5619  -12.912  -76.776  21.319 0.0000000000
5620  -14.050  -76.946  21.245 0.0000000000
5625  -10.998  -76.056  21.006 0.0000000000
5628  -14.490  -76.406  20.539 0.0000000000
5629  -15.394  -76.174  20.629 0.0000000000
5634  -9.577  -75.983  20.107 0.0000000000
5636  -15.461  -75.724  19.989 0.0000000000
5645  -8.798  -76.426  17.545 0.0000000000
5650  -8.593  -76.048  16.892 0.0000000000
5665  -8.268  -76.243  14.439 0.0000000000
5666  -8.710  -76.973  14.574 0.0000000000
5671  -8.362  -76.680  13.147 0.0000000000
5681  -7.652  -76.351  10.946 0.0000000000
5687  -7.722  -76.274  10.064 0.0000000000
5688  -7.898  -77.010  10.559 0.0000000000
5707  -7.814  -76.513  8.342 0.0000000000
5828  -39.337  -76.850  -2.500 0.0000000000
5831  -40.491  -76.266  -3.621 0.0000000000
5839  -40.441  -76.555  -3.870 0.0000000000
5840  -40.779  -75.989  -4.012 0.0000000000
5849  -30.885  -76.791  -5.920 0.0000000000
5858  -29.879  -76.831  -6.668 0.0000000000
5859  -30.450  -76.766  -6.483 0.0000000000
5862  -39.681  -76.199  -5.762 0.0000000000
5865  -29.728  -76.899  -7.251 0.0000000000
5866  -30.300  -76.769  -7.107 0.0000000000
5870  -36.985  -76.820  -7.269 0.0000000000
5871  -38.343  -76.273  -7.165 0.0000000000
5900  -36.203  -76.689  -11.132 0.0000000000
5911  -36.247  -76.208  -11.931 0.0000000000
5914  -12.755  -76.342  -12.863 0.0000000000
5929  -15.896  -76.757  -12.969 0.0000000000
5951  -10.215  -75.940  -15.014 0.0000000000
5990  -13.823  -76.317  -19.651 0.0000000000
6000  -13.698  -76.162  -20.361 0.0000000000
6009  -17.570  -76.024  -22.501 0.0000000000
6256  -12.828  -75.843  20.233 0.0000000000
6257  -14.371  -75.852  19.847 0.0000000000
6258  -15.977  -75.335  20.130 0.0000000000
6259  -16.211  -74.888  20.395 0.0000000000
6262  -9.420  -75.606  19.292 0.0000000000
6263  -11.127  -75.252  19.778 0.0000000000
6265  -14.307  -75.343  19.285 0.0000000000
6266  -15.005  -75.654  19.501 0.0000000000
6272  -9.218  -75.119  18.557 0.0000000000
6273  -9.619  -75.018  18.886 0.0000000000
6274  -14.222  -74.836  18.771 0.0000000000
6275  -15.008  -75.142  18.925 0.0000000000
6280  -8.726  -75.398  17.520 0.0000000000
6283  -8.537  -75.093  16.731 0.0000000000
6299  -7.759  -75.173  13.738 0.0000000000
6300  -7.994  -75.398  14.371 0.0000000000
6312  -7.873  -76.182  12.678 0.0000000000
6329  -7.574  -75.540  10.420 0.0000000000
6341  -7.623  -75.425  9.478 0.0000000000
6480  -40.305  -76.207  -3.318 0.0000000000
6495  -40.418  -75.732  -5.393 0.0000000000
6500  -40.864  -74.979  -5.712 0.0000000000
6504  -38.014  -75.885  -8.021 0.0000000000
6516  -36.994  -75.982  -9.044 0.0000000000
6527  -37.444  -75.760  -9.741 0.0000000000
6529  -38.632  -74.731  -10.035 0.0000000000
6543  -16.791  -74.985  -11.707 0.0000000000
6548  -37.505  -74.742  -11.058 0.0000000000
6553  -13.619  -75.904  -12.348 0.0000000000
6556  -16.492  -75.459  -11.971 0.0000000000
6558  -35.316  -75.181  -13.108 0.0000000000
6563  -16.978  -75.776  -13.104 0.0000000000
6565  -34.690  -75.541  -13.563 0.0000000000
6575  -10.222  -75.351  -15.610 0.0000000000
6580  -9.997  -75.067  -16.372 0.0000000000
6581  -16.130  -75.619  -17.114 0.0000000000
6586  -10.280  -74.467  -16.691 0.0000000000
6595  -13.971  -75.791  -19.281 0.0000000000
6609  -17.963  -75.184  -19.530 0.0000000000
6615  -13.573  -75.415  -20.513 0.0000000000
6623  -14.821  -75.651  -22.174 0.0000000000
6624  -15.571  -75.782  -22.744 0.0000000000
6626  -16.842  -75.755  -23.333 0.0000000000
6873  -15.258  -75.188  22.796 0.0000000000
6884  -15.582  -74.997  22.189 0.0000000000
6894  -15.951  -74.752  21.399 0.0000000000
6895  -16.233  -74.298  20.684 0.0000000000
6914  -10.821  -74.907  19.302 0.0000000000
6915  -11.737  -74.886  19.210 0.0000000000
6917  -16.172  -74.768  19.744 0.0000000000
6923  -9.456  -74.714  18.359 0.0000000000
6925  -11.064  -74.547  18.800 0.0000000000
6926  -12.222  -74.450  18.523 0.0000000000
6928  -14.884  -74.576  18.397 0.0000000000
6930  -16.229  -73.941  18.530 0.0000000000
6937  -9.064  -73.995  17.315 0.0000000000
6938  -9.183  -74.589  17.967 0.0000000000
6939  -9.520  -74.267  17.860 0.0000000000
6941  -14.617  -74.057  17.890 0.0000000000
6955  -8.374  -74.318  16.142 0.0000000000
6970  -7.797  -74.517  14.281 0.0000000000
7017  -7.545  -74.844  8.727 0.0000000000
7142  -40.272  -75.572  -3.540 0.0000000000
7151  -40.107  -74.645  -3.882 0.0000000000
7153  -41.466  -74.341  -4.746 0.0000000000
7162  -40.823  -74.246  -6.715 0.0000000000
7163  -41.953  -73.496  -5.948 0.0000000000
7173  -40.126  -74.419  -7.626 0.0000000000
7184  -39.022  -74.464  -9.184 0.0000000000
7185  -39.966  -74.007  -8.648 0.0000000000
7195  -37.279  -74.271  -11.070 0.0000000000
7196  -37.936  -74.206  -10.662 0.0000000000
7197  -38.463  -73.924  -10.222 0.0000000000
7204  -17.446  -74.560  -11.808 0.0000000000
7205  -18.112  -73.909  -11.691 0.0000000000
7207  -36.959  -74.554  -11.612 0.0000000000
7210  -13.434  -74.278  -12.394 0.0000000000
7212  -17.646  -74.731  -12.426 0.0000000000
7214  -35.141  -74.698  -12.975 0.0000000000
7217  -11.636  -74.325  -13.945 0.0000000000
7248  -9.150  -74.732  -16.489 0.0000000000
7249  -9.910  -74.566  -16.857 0.0000000000
7250  -10.474  -74.319  -16.523 0.0000000000
7254  -21.143  -74.283  -16.536 0.0000000000
7261  -9.573  -74.218  -17.146 0.0000000000
7265  -15.220  -74.190  -17.641 0.0000000000
7276  -10.578  -72.824  -17.704 0.0000000000
7280  -19.258  -74.597  -18.373 0.0000000000
7287  -13.490  -75.006  -20.059 0.0000000000
7294  -13.661  -74.724  -20.565 0.0000000000
7300  -14.394  -74.928  -21.870 0.0000000000
7302  -16.365  -74.416  -23.424 0.0000000000
7304  -16.028  -75.217  -23.287 0.0000000000
7579  -14.559  -73.796  22.374 0.0000000000
7589  -14.928  -73.424  21.738 0.0000000000
7590  -15.719  -73.819  21.292 0.0000000000
7598  -16.069  -73.425  20.606 0.0000000000
7599  -16.415  -73.822  20.021 0.0000000000
7609  -16.496  -73.466  19.427 0.0000000000
7620  -16.556  -73.375  18.747 0.0000000000
7629  -12.231  -73.870  17.772 0.0000000000
7631  -14.179  -73.612  17.400 0.0000000000
7633  -16.088  -73.537  17.700 0.0000000000
7639  -8.842  -73.562  16.664 0.0000000000
7641  -12.392  -73.248  17.026 0.0000000000
7643  -14.626  -73.124  16.947 0.0000000000
7644  -15.614  -73.101  17.018 0.0000000000
7654  -8.147  -72.934  15.544 0.0000000000
7667  -7.911  -73.718  14.967 0.0000000000
7670  -7.562  -73.027  13.513 0.0000000000
7839  -40.521  -73.938  -4.232 0.0000000000
7841  -41.800  -73.445  -5.109 0.0000000000
7846  -42.108  -73.082  -5.709 0.0000000000
7867  -33.959  -72.933  -7.824 0.0000000000
7870  -37.164  -72.978  -8.223 0.0000000000
7873  -41.764  -72.767  -6.889 0.0000000000
7875  -30.553  -73.294  -8.837 0.0000000000
7881  -36.547  -73.396  -8.872 0.0000000000
7882  -38.400  -73.397  -8.799 0.0000000000
7884  -39.856  -73.608  -8.709 0.0000000000
7888  -29.779  -73.343  -9.359 0.0000000000
7890  -32.002  -74.061  -9.583 0.0000000000
7892  -33.783  -73.744  -9.182 0.0000000000
7897  -38.838  -73.817  -9.531 0.0000000000
7902  -18.871  -72.935  -11.161 0.0000000000
7903  -27.063  -73.082  -11.245 0.0000000000
7904  -27.821  -73.202  -10.961 0.0000000000
7906  -29.432  -73.595  -10.224 0.0000000000
7909  -32.730  -74.045  -10.460 0.0000000000
7910  -33.869  -73.863  -10.934 0.0000000000
7912  -35.822  -73.784  -10.801 0.0000000000
7914  -37.998  -73.827  -10.385 0.0000000000
7917  -15.115  -73.854  -11.599 0.0000000000
7918  -15.742  -73.216  -11.465 0.0000000000
7919  -16.615  -73.627  -11.275 0.0000000000
7920  -17.418  -73.875  -11.374 0.0000000000
7922  -27.618  -73.364  -11.876 0.0000000000
7925  -30.121  -73.786  -10.970 0.0000000000
7932  -13.676  -73.638  -12.444 0.0000000000
7933  -14.313  -73.505  -12.094 0.0000000000
7936  -19.027  -73.048  -11.805 0.0000000000
7939  -26.242  -73.352  -12.298 0.0000000000
7943  -30.995  -73.379  -12.782 0.0000000000
7948  -35.560  -74.354  -12.470 0.0000000000
7957  -27.502  -73.367  -13.477 0.0000000000
7958  -28.367  -73.132  -13.389 0.0000000000
7966  -11.948  -73.494  -14.134 0.0000000000
7967  -17.673  -73.581  -14.352 0.0000000000
7977  -11.016  -73.645  -15.504 0.0000000000
7990  -10.790  -73.703  -16.898 0.0000000000
7992  -15.917  -73.936  -17.027 0.0000000000
8002  -10.898  -73.023  -17.434 0.0000000000
8004  -14.808  -73.500  -17.817 0.0000000000
8006  -20.102  -74.221  -17.423 0.0000000000
8010  -10.149  -73.023  -17.759 0.0000000000
8013  -19.280  -73.802  -18.400 0.0000000000
8016  -13.966  -73.328  -19.920 0.0000000000
8021  -19.176  -73.218  -20.405 0.0000000000
8022  -14.805  -73.172  -21.550 0.0000000000
8029  -17.101  -74.181  -23.758 0.0000000000
8030  -17.978  -73.885  -24.146 0.0000000000
8032  -20.078  -73.240  -23.696 0.0000000000
8326  -13.354  -72.957  22.605 0.0000000000
8327  -14.111  -73.103  22.147 0.0000000000
8337  -13.488  -72.355  21.883 0.0000000000
8348  -16.377  -73.081  19.924 0.0000000000
8357  -16.643  -72.831  19.176 0.0000000000
8369  -16.844  -72.537  18.279 0.0000000000
8370  -17.112  -72.013  17.692 0.0000000000
8381  -9.566  -73.253  16.829 0.0000000000
8382  -10.282  -73.364  17.158 0.0000000000
8384  -16.868  -72.428  17.522 0.0000000000
8385  -17.138  -71.830  17.094 0.0000000000
8394  -9.215  -72.755  16.287 0.0000000000
8395  -11.079  -72.410  16.253 0.0000000000
8396  -12.074  -72.670  16.359 0.0000000000
8397  -13.081  -72.744  16.414 0.0000000000
8399  -15.074  -72.644  16.415 0.0000000000
8401  -16.763  -72.250  16.797 0.0000000000
8414  -7.821  -72.275  15.097 0.0000000000
8415  -8.237  -72.371  15.474 0.0000000000
8420  -14.450  -72.079  15.910 0.0000000000
8422  -16.504  -71.977  16.120 0.0000000000
8607  -41.555  -72.770  -4.815 0.0000000000
8630  -36.044  -71.999  -6.931 0.0000000000
8634  -42.212  -72.278  -6.579 0.0000000000
8637  -32.855  -72.339  -7.642 0.0000000000
8638  -33.691  -72.417  -7.549 0.0000000000
8641  -36.442  -72.504  -7.383 0.0000000000
8643  -39.188  -72.790  -8.045 0.0000000000
8655  -27.869  -72.259  -9.874 0.0000000000
8657  -29.236  -72.650  -9.221 0.0000000000
8664  -26.792  -72.540  -10.931 0.0000000000
8665  -27.328  -72.259  -10.345 0.0000000000
8673  -25.800  -72.459  -11.745 0.0000000000
8674  -26.229  -72.192  -11.252 0.0000000000
8680  -18.507  -73.447  -13.071 0.0000000000
8681  -19.460  -72.500  -12.106 0.0000000000
8691  -24.403  -72.504  -13.100 0.0000000000
8697  -18.132  -72.322  -13.830 0.0000000000
8712  -15.916  -72.378  -17.111 0.0000000000
8714  -20.779  -73.274  -16.647 0.0000000000
8715  -21.220  -72.978  -16.117 0.0000000000
8716  -21.838  -72.551  -15.799 0.0000000000
8725  -20.746  -72.497  -17.476 0.0000000000
8726  -8.730  -72.442  -18.147 0.0000000000
8728  -10.261  -72.304  -18.209 0.0000000000
8729  -10.608  -72.054  -18.227 0.0000000000
8731  -19.475  -73.190  -18.705 0.0000000000
8734  -14.275  -72.603  -19.577 0.0000000000
8740  -21.348  -72.042  -21.623 0.0000000000
8741  -14.713  -72.462  -21.100 0.0000000000
8743  -19.805  -73.035  -21.671 0.0000000000
8744  -20.565  -72.714  -22.462 0.0000000000
8746  -16.875  -72.274  -23.048 0.0000000000
8751  -18.944  -72.736  -24.348 0.0000000000
8752  -19.854  -72.749  -24.178 0.0000000000
9082  -10.897  -71.737  22.698 0.0000000000
9094  -10.981  -71.233  22.054 0.0000000000
9097  -14.011  -72.007  21.068 0.0000000000
9106  -14.475  -71.734  20.307 0.0000000000
9117  -15.992  -71.686  19.369 0.0000000000
9129  -16.427  -71.347  18.630 0.0000000000
9153  -9.240  -72.050  15.858 0.0000000000
9155  -17.086  -71.573  16.413 0.0000000000
9163  -7.837  -71.652  15.023 0.0000000000
9165  -8.775  -71.516  15.562 0.0000000000
9167  -11.003  -71.723  15.792 0.0000000000
9168  -12.893  -71.711  15.561 0.0000000000
9170  -14.396  -71.490  15.377 0.0000000000
9171  -15.279  -71.437  15.347 0.0000000000
9172  -16.929  -71.314  15.755 0.0000000000
9178  -12.707  -70.940  15.080 0.0000000000
9180  -14.239  -70.945  14.891 0.0000000000
9181  -15.117  -70.877  14.734 0.0000000000
9410  -38.671  -71.400  -6.658 0.0000000000
9421  -32.740  -71.731  -7.677 0.0000000000
9423  -34.287  -71.834  -7.278 0.0000000000
9426  -42.059  -71.801  -6.773 0.0000000000
9432  -29.663  -72.060  -8.981 0.0000000000
9433  -30.517  -71.834  -8.720 0.0000000000
9434  -31.251  -72.149  -8.215 0.0000000000
9435  -32.342  -71.357  -7.984 0.0000000000
9445  -28.165  -71.649  -9.646 0.0000000000
9457  -27.204  -71.352  -10.359 0.0000000000
9466  -26.284  -71.513  -11.182 0.0000000000
9471  -15.380  -71.036  -12.458 0.0000000000
9475  -24.848  -72.154  -12.673 0.0000000000
9482  -14.747  -70.987  -12.847 0.0000000000
9486  -24.752  -71.652  -13.240 0.0000000000
9491  -13.855  -70.873  -13.811 0.0000000000
9495  -24.269  -71.427  -14.611 0.0000000000
9497  -11.674  -71.988  -16.060 0.0000000000
9498  -12.240  -71.430  -15.406 0.0000000000
9499  -12.782  -70.883  -14.868 0.0000000000
9501  -22.611  -72.042  -15.632 0.0000000000
9502  -23.260  -71.772  -15.273 0.0000000000
9503  -23.948  -71.382  -15.332 0.0000000000
9514  -11.263  -71.731  -17.538 0.0000000000
9517  -21.561  -71.930  -17.399 0.0000000000
9521  -10.540  -71.388  -18.639 0.0000000000
9522  -10.887  -71.909  -18.205 0.0000000000
9523  -14.887  -71.753  -18.286 0.0000000000
9525  -22.173  -71.465  -18.207 0.0000000000
9526  -23.034  -71.129  -17.879 0.0000000000
9529  -10.287  -70.824  -19.020 0.0000000000
9530  -10.505  -70.769  -18.972 0.0000000000
9532  -14.847  -71.080  -19.610 0.0000000000
9533  -21.308  -71.707  -19.477 0.0000000000
9536  -14.866  -71.317  -20.490 0.0000000000
9539  -23.059  -71.350  -20.840 0.0000000000
9544  -15.727  -71.480  -21.750 0.0000000000
9547  -17.977  -71.431  -23.220 0.0000000000
9548  -21.934  -71.689  -22.584 0.0000000000
9550  -23.228  -71.048  -23.083 0.0000000000
9555  -21.537  -71.229  -23.595 0.0000000000
9905  -9.705  -70.388  21.938 0.0000000000
9908  -11.971  -70.831  20.859 0.0000000000
9916  -10.063  -70.065  21.162 0.0000000000
9917  -10.729  -70.272  20.792 0.0000000000
9919  -12.358  -70.653  20.389 0.0000000000
9920  -13.080  -70.846  20.100 0.0000000000
9930  -13.468  -70.502  19.439 0.0000000000
9938  -13.945  -70.100  18.789 0.0000000000
9941  -16.823  -70.974  17.893 0.0000000000
9944  -17.182  -70.677  17.110 0.0000000000
9948  -17.353  -70.468  16.281 0.0000000000
9954  -11.051  -71.038  15.329 0.0000000000
9965  -14.359  -70.509  14.248 0.0000000000
10245  -31.148  -71.050  -8.791 0.0000000000
10262  -28.484  -70.840  -9.690 0.0000000000
10264  -30.069  -70.530  -9.489 0.0000000000
10266  -32.422  -70.493  -9.146 0.0000000000
10268  -33.982  -70.148  -8.958 0.0000000000
10274  -17.926  -70.948  -10.780 0.0000000000
10275  -18.437  -70.543  -10.543 0.0000000000
10278  -26.659  -70.961  -10.872 0.0000000000
10280  -28.818  -70.126  -10.020 0.0000000000
10283  -31.468  -70.037  -10.027 0.0000000000
10288  -17.411  -70.541  -11.454 0.0000000000
10292  -26.866  -70.111  -11.535 0.0000000000
10305  -14.516  -70.560  -13.350 0.0000000000
10309  -25.373  -70.899  -13.079 0.0000000000
10317  -15.077  -69.853  -13.374 0.0000000000
10319  -24.928  -70.921  -14.615 0.0000000000
10320  -25.501  -70.389  -14.408 0.0000000000
10325  -12.523  -70.672  -15.695 0.0000000000
10326  -13.116  -70.135  -15.190 0.0000000000
10327  -13.772  -69.746  -14.741 0.0000000000
10333  -12.100  -70.525  -16.571 0.0000000000
10338  -24.889  -70.601  -16.050 0.0000000000
10342  -16.252  -70.796  -17.457 0.0000000000
10345  -24.446  -70.617  -17.372 0.0000000000
10349  -8.682  -70.967  -19.115 0.0000000000
10351  -11.420  -70.492  -18.194 0.0000000000
10352  -15.509  -70.260  -18.895 0.0000000000
10355  -24.323  -70.525  -18.208 0.0000000000
10359  -10.023  -70.349  -19.519 0.0000000000
10365  -10.218  -69.738  -19.753 0.0000000000
10371  -15.625  -70.754  -21.456 0.0000000000
10373  -25.317  -70.241  -22.508 0.0000000000
10383  -24.921  -69.488  -22.981 0.0000000000
10385  -19.771  -71.166  -23.965 0.0000000000
10387  -21.450  -70.595  -23.651 0.0000000000
10388  -21.902  -70.100  -23.598 0.0000000000
10759  -9.015  -68.659  23.109 0.0000000000
10776  -9.079  -69.326  22.273 0.0000000000
10787  -9.222  -69.120  21.314 0.0000000000
10796  -9.248  -68.948  20.352 0.0000000000
10798  -10.810  -69.845  20.121 0.0000000000
10803  -9.921  -69.086  19.260 0.0000000000
10809  -10.032  -68.748  18.502 0.0000000000
10811  -11.250  -69.321  18.966 0.0000000000
10812  -12.698  -69.390  18.558 0.0000000000
10817  -13.803  -69.140  17.621 0.0000000000
10818  -14.564  -69.319  17.286 0.0000000000
10823  -16.170  -69.475  16.765 0.0000000000
10828  -16.829  -69.214  16.017 0.0000000000
10836  -17.460  -69.375  14.751 0.0000000000
11193  -31.026  -69.717  -10.756 0.0000000000
11194  -32.361  -69.972  -10.361 0.0000000000
11205  -17.283  -69.981  -12.068 0.0000000000
11209  -27.730  -69.590  -11.375 0.0000000000
11211  -29.800  -69.253  -11.464 0.0000000000
11224  -15.841  -69.780  -12.988 0.0000000000
11226  -17.527  -69.364  -12.320 0.0000000000
11229  -26.808  -69.655  -12.563 0.0000000000
11230  -27.428  -69.252  -12.584 0.0000000000
11232  -29.527  -68.895  -12.273 0.0000000000
11235  -32.344  -69.335  -12.139 0.0000000000
11236  -33.470  -69.600  -12.703 0.0000000000
11247  -26.079  -69.922  -14.007 0.0000000000
11257  -14.392  -69.210  -14.378 0.0000000000
11258  -15.059  -69.263  -13.805 0.0000000000
11262  -26.601  -69.321  -14.454 0.0000000000
11275  -17.951  -69.501  -15.410 0.0000000000
11293  -26.474  -69.077  -16.153 0.0000000000
11305  -16.992  -69.583  -17.453 0.0000000000
11306  -25.673  -69.738  -17.518 0.0000000000
11314  -11.337  -69.913  -18.965 0.0000000000
11315  -11.880  -69.183  -18.413 0.0000000000
11317  -25.686  -69.859  -18.542 0.0000000000
11328  -10.954  -69.380  -19.668 0.0000000000
11330  -15.487  -69.827  -19.491 0.0000000000
11340  -9.856  -69.283  -20.209 0.0000000000
11350  -16.270  -69.419  -21.755 0.0000000000
11352  -18.771  -69.410  -21.702 0.0000000000
11356  -26.559  -69.221  -22.653 0.0000000000
11359  -16.219  -69.862  -21.905 0.0000000000
11361  -17.473  -70.142  -22.093 0.0000000000
11366  -22.413  -69.516  -23.438 0.0000000000
11367  -24.096  -69.433  -23.258 0.0000000000
11368  -25.728  -69.497  -22.784 0.0000000000
11838  -9.076  -68.470  22.172 0.0000000000
11847  -9.311  -68.728  19.516 0.0000000000
11857  -10.288  -68.456  17.779 0.0000000000
11861  -14.143  -68.888  16.752 0.0000000000
11864  -10.700  -68.108  16.987 0.0000000000
11866  -12.666  -68.375  16.512 0.0000000000
11868  -14.739  -68.767  16.266 0.0000000000
11873  -14.723  -68.424  15.674 0.0000000000
11876  -17.416  -68.860  14.854 0.0000000000
12196  -17.860  -68.623  -12.572 0.0000000000
12202  -30.937  -68.758  -12.824 0.0000000000
12209  -15.905  -68.894  -13.846 0.0000000000
12211  -17.528  -68.234  -13.318 0.0000000000
12214  -27.915  -68.918  -13.015 0.0000000000
12215  -28.636  -68.641  -13.410 0.0000000000
12216  -29.315  -68.521  -13.856 0.0000000000
12226  -27.846  -68.557  -14.557 0.0000000000
12239  -14.069  -68.468  -15.399 0.0000000000
12244  -27.258  -68.636  -15.913 0.0000000000
12245  -27.759  -68.538  -15.292 0.0000000000
12255  -13.960  -68.017  -16.159 0.0000000000
12260  -27.800  -68.634  -16.699 0.0000000000
12261  -28.642  -68.677  -16.615 0.0000000000
12270  -12.491  -68.642  -17.834 0.0000000000
12271  -13.073  -68.119  -17.325 0.0000000000
12291  -11.281  -68.593  -20.117 0.0000000000
12292  -11.951  -68.198  -19.729 0.0000000000
12293  -16.387  -68.286  -19.747 0.0000000000
12297  -8.242  -68.472  -20.579 0.0000000000
12298  -9.285  -68.711  -20.614 0.0000000000
12300  -10.716  -68.468  -20.575 0.0000000000
12301  -11.186  -68.192  -20.609 0.0000000000
12303  -15.887  -69.477  -21.267 0.0000000000
12312  -9.541  -68.145  -20.968 0.0000000000
12314  -11.026  -67.834  -21.012 0.0000000000
12315  -16.599  -68.721  -21.803 0.0000000000
12316  -18.014  -68.805  -21.904 0.0000000000
12319  -21.385  -68.871  -21.252 0.0000000000
12331  -17.567  -67.850  -22.457 0.0000000000
12333  -22.876  -68.929  -23.140 0.0000000000
12335  -25.235  -68.724  -22.915 0.0000000000
12769  -9.397  -67.660  23.322 0.0000000000
12803  -8.839  -67.286  21.572 0.0000000000
12808  -8.795  -67.682  20.613 0.0000000000
12811  -8.555  -67.500  19.715 0.0000000000
12814  -8.801  -68.076  18.161 0.0000000000
12817  -8.491  -67.540  17.611 0.0000000000
12818  -8.857  -67.785  17.376 0.0000000000
12822  -8.469  -67.334  16.716 0.0000000000
12823  -8.891  -67.603  16.484 0.0000000000
12827  -12.978  -68.182  15.766 0.0000000000
12832  -10.450  -67.480  15.488 0.0000000000
12835  -13.297  -67.951  15.133 0.0000000000
12837  -15.095  -68.136  14.976 0.0000000000
12847  -13.627  -67.633  14.537 0.0000000000
13149  -18.242  -67.745  -12.888 0.0000000000
13182  -15.127  -67.313  -15.112 0.0000000000
13189  -13.725  -67.581  -16.874 0.0000000000
13206  -12.643  -67.596  -18.962 0.0000000000
13224  -6.334  -66.931  -20.721 0.0000000000
13241  -8.940  -67.613  -21.148 0.0000000000
13244  -11.310  -67.067  -21.363 0.0000000000
13245  -11.785  -66.668  -21.285 0.0000000000
13260  -17.083  -67.397  -22.382 0.0000000000
13735  -8.610  -66.861  20.866 0.0000000000
13741  -8.372  -66.682  19.170 0.0000000000
13752  -8.321  -67.186  15.869 0.0000000000
13756  -8.668  -66.807  15.193 0.0000000000
13758  -10.941  -67.080  14.774 0.0000000000
13765  -9.177  -66.133  14.445 0.0000000000
13767  -11.386  -66.717  13.984 0.0000000000
13783  -11.313  -66.086  13.423 0.0000000000
13785  -12.992  -66.752  13.576 0.0000000000
14074  -16.682  -66.859  -14.498 0.0000000000
14097  -13.734  -66.616  -17.867 0.0000000000
14098  -14.179  -66.390  -17.213 0.0000000000
14106  -8.958  -65.892  -18.562 0.0000000000
14114  -5.168  -66.214  -20.131 0.0000000000
14129  -9.322  -66.081  -21.735 0.0000000000
14130  -12.289  -66.156  -21.148 0.0000000000
14131  -12.940  -65.563  -20.778 0.0000000000
14144  -12.007  -65.956  -21.462 0.0000000000
14588  -8.364  -65.326  22.051 0.0000000000
14612  -8.121  -65.642  20.103 0.0000000000
14620  -8.181  -65.811  18.663 0.0000000000
14627  -8.180  -65.698  16.355 0.0000000000
14633  -8.431  -65.911  15.215 0.0000000000
14642  -9.205  -65.223  14.020 0.0000000000
14643  -9.869  -65.740  13.669 0.0000000000
14654  -10.677  -65.410  13.192 0.0000000000
14666  -11.221  -64.745  12.682 0.0000000000
14872  -8.991  -65.281  -1.666 0.0000000000
14875  -9.500  -65.309  -1.915 0.0000000000
14878  -11.974  -65.388  -2.625 0.0000000000
14886  -12.285  -65.528  -3.103 0.0000000000
14887  -13.166  -65.378  -3.159 0.0000000000
14895  -12.543  -65.261  -3.818 0.0000000000
14954  -10.230  -65.292  -13.231 0.0000000000
14965  -11.819  -65.191  -13.894 0.0000000000
14972  -8.941  -65.349  -15.213 0.0000000000
14975  -11.377  -65.363  -14.465 0.0000000000
14987  -10.525  -65.462  -16.047 0.0000000000
14988  -11.176  -65.240  -15.181 0.0000000000
15000  -15.140  -65.516  -16.311 0.0000000000
15014  -9.194  -66.092  -17.953 0.0000000000
15016  -15.114  -64.792  -17.025 0.0000000000
15024  -8.981  -65.737  -18.836 0.0000000000
15033  -8.924  -64.751  -20.735 0.0000000000
15034  -13.467  -64.947  -20.210 0.0000000000
15035  -14.023  -64.472  -19.583 0.0000000000
15046  -6.388  -65.588  -21.096 0.0000000000
15047  -7.331  -65.621  -21.209 0.0000000000
15060  -10.530  -65.209  -21.735 0.0000000000
15061  -11.871  -65.455  -21.639 0.0000000000
15520  -7.772  -64.131  21.405 0.0000000000
15528  -7.602  -64.109  20.134 0.0000000000
15536  -12.928  -64.160  18.187 0.0000000000
15540  -16.146  -64.064  18.399 0.0000000000
15547  -7.840  -64.033  17.049 0.0000000000
15548  -13.516  -64.326  17.964 0.0000000000
15549  -16.365  -64.333  17.896 0.0000000000
15558  -8.404  -64.841  16.003 0.0000000000
15559  -14.092  -64.293  17.541 0.0000000000
15560  -14.867  -64.307  17.469 0.0000000000
15561  -15.776  -64.303  17.330 0.0000000000
15563  -17.510  -64.311  16.826 0.0000000000
15564  -18.295  -64.272  16.498 0.0000000000
15565  -19.000  -64.229  16.167 0.0000000000
15572  -8.339  -65.430  15.660 0.0000000000
15573  -8.570  -64.901  15.281 0.0000000000
15574  -17.816  -64.307  15.982 0.0000000000
15589  -20.200  -64.371  14.199 0.0000000000
15596  -9.482  -64.546  13.813 0.0000000000
15597  -10.145  -64.360  13.346 0.0000000000
15598  -18.190  -64.213  14.166 0.0000000000
15600  -19.830  -64.617  13.692 0.0000000000
15614  -11.399  -64.173  12.592 0.0000000000
15846  -8.093  -64.517  -1.424 0.0000000000
15851  -8.467  -65.090  -2.054 0.0000000000
15852  -9.931  -65.135  -1.852 0.0000000000
15853  -10.618  -65.137  -2.132 0.0000000000
15857  -14.606  -64.717  -2.828 0.0000000000
15858  -15.229  -64.352  -2.900 0.0000000000
15861  -8.757  -65.243  -2.929 0.0000000000
15862  -9.155  -65.287  -3.561 0.0000000000
15863  -14.096  -65.034  -3.240 0.0000000000
15870  -10.820  -64.946  -4.584 0.0000000000
15874  -14.563  -64.475  -3.727 0.0000000000
15878  -9.518  -64.336  -5.452 0.0000000000
15879  -10.368  -64.475  -5.460 0.0000000000
15887  -10.775  -64.150  -6.159 0.0000000000
15894  -9.660  -63.848  -7.429 0.0000000000
15897  -12.879  -64.436  -7.242 0.0000000000
15918  -9.277  -63.905  -9.910 0.0000000000
15919  -10.802  -64.481  -9.777 0.0000000000
15920  -11.879  -64.492  -9.565 0.0000000000
15932  -11.622  -64.582  -10.493 0.0000000000
15944  -12.975  -64.257  -11.739 0.0000000000
15945  -12.990  -64.254  -10.935 0.0000000000
15955  -10.395  -65.064  -12.382 0.0000000000
15956  -12.607  -64.409  -12.530 0.0000000000
15963  -8.012  -63.754  -14.223 0.0000000000
15978  -9.074  -65.167  -14.379 0.0000000000
15994  -11.399  -64.865  -15.100 0.0000000000
15996  -16.380  -64.175  -15.504 0.0000000000
16005  -10.340  -65.186  -16.860 0.0000000000
16007  -15.864  -64.227  -16.010 0.0000000000
16027  -5.702  -63.456  -19.714 0.0000000000
16028  -6.848  -63.373  -19.735 0.0000000000
16031  -14.549  -63.979  -18.734 0.0000000000
16050  -9.732  -64.724  -21.340 0.0000000000
16052  -11.742  -64.133  -21.597 0.0000000000
16053  -12.489  -63.971  -21.457 0.0000000000
16067  -12.202  -64.647  -21.630 0.0000000000
16502  -7.774  -62.837  20.918 0.0000000000
16533  -7.420  -63.035  18.380 0.0000000000
16535  -11.576  -63.501  18.131 0.0000000000
16540  -16.856  -63.795  18.343 0.0000000000
16551  -12.156  -64.031  17.943 0.0000000000
16552  -12.736  -64.183  17.628 0.0000000000
16553  -16.818  -64.149  18.115 0.0000000000
16554  -17.530  -63.867  18.005 0.0000000000
16555  -18.669  -64.000  16.863 0.0000000000
16561  -10.098  -63.931  16.420 0.0000000000
16573  -9.000  -64.484  15.017 0.0000000000
16575  -10.738  -63.818  16.037 0.0000000000
16581  -17.164  -63.939  15.318 0.0000000000
16583  -20.242  -63.559  15.181 0.0000000000
16591  -10.117  -63.741  14.303 0.0000000000
16595  -15.779  -63.115  14.859 0.0000000000
16596  -16.581  -63.351  14.733 0.0000000000
16598  -19.903  -64.168  14.949 0.0000000000
16609  -10.611  -63.901  13.282 0.0000000000
16610  -11.159  -63.375  13.397 0.0000000000
16622  -11.378  -63.688  12.834 0.0000000000
16627  -22.309  -63.511  12.269 0.0000000000
16829  -8.058  -63.451  0.525 0.0000000000
16846  -8.430  -63.915  -0.005 0.0000000000
16853  -8.426  -64.338  -0.628 0.0000000000
16863  -13.185  -64.517  -2.452 0.0000000000
16871  -15.233  -64.232  -3.386 0.0000000000
16872  -15.686  -63.753  -3.162 0.0000000000
16876  -8.333  -63.780  -4.517 0.0000000000
16888  -9.005  -63.630  -7.275 0.0000000000
16912  -13.575  -63.330  -9.252 0.0000000000
16920  -13.450  -63.632  -10.034 0.0000000000
16929  -13.175  -63.604  -11.664 0.0000000000
16930  -13.246  -63.876  -10.890 0.0000000000
16937  -8.117  -63.737  -12.482 0.0000000000
16945  -8.055  -63.803  -13.343 0.0000000000
16956  -11.733  -63.798  -14.197 0.0000000000
16962  -7.688  -62.521  -15.696 0.0000000000
16987  -5.772  -62.694  -18.088 0.0000000000
17002  -6.969  -62.775  -18.787 0.0000000000
17003  -9.556  -63.777  -20.043 0.0000000000
17012  -12.350  -62.825  -20.684 0.0000000000
17013  -12.828  -62.339  -20.274 0.0000000000
17021  -12.728  -63.385  -21.066 0.0000000000
17504  -7.456  -62.024  19.555 0.0000000000
17513  -7.427  -62.089  18.608 0.0000000000
17514  -9.929  -62.895  17.613 0.0000000000
17518  -15.823  -62.664  18.839 0.0000000000
17526  -7.570  -62.179  17.907 0.0000000000
17527  -7.972  -62.337  17.621 0.0000000000
17529  -17.272  -63.116  18.445 0.0000000000
17531  -19.104  -63.254  17.118 0.0000000000
17554  -11.766  -62.672  13.613 0.0000000000
17557  -14.364  -62.347  14.354 0.0000000000
17569  -12.303  -62.276  13.318 0.0000000000
17571  -13.822  -61.882  13.650 0.0000000000
17572  -15.287  -61.846  13.409 0.0000000000
17573  -16.205  -62.277  13.630 0.0000000000
17574  -16.970  -62.680  13.358 0.0000000000
17587  -22.275  -62.713  12.748 0.0000000000
17761  -8.138  -62.985  1.231 0.0000000000
17762  -8.729  -62.946  1.026 0.0000000000
17776  -9.392  -62.823  -0.741 0.0000000000
17818  -13.550  -63.058  -6.060 0.0000000000
17821  -8.036  -61.913  -7.193 0.0000000000
17824  -13.719  -63.134  -7.740 0.0000000000
17829  -8.036  -62.075  -8.042 0.0000000000
17831  -12.187  -62.215  -9.206 0.0000000000
17833  -13.622  -62.934  -8.557 0.0000000000
17843  -8.430  -62.975  -9.071 0.0000000000
17855  -7.906  -62.659  -10.471 0.0000000000
17856  -8.187  -62.825  -9.727 0.0000000000
17859  -13.412  -63.185  -10.535 0.0000000000
17874  -12.233  -62.684  -11.856 0.0000000000
17890  -10.750  -62.492  -13.037 0.0000000000
17892  -12.837  -63.199  -12.080 0.0000000000
17928  -6.616  -61.621  -16.119 0.0000000000
17942  -6.834  -61.957  -17.042 0.0000000000
17957  -6.240  -62.328  -17.419 0.0000000000
17959  -10.745  -61.871  -18.134 0.0000000000
17974  -10.187  -62.423  -18.655 0.0000000000
17978  -14.471  -62.129  -19.261 0.0000000000
17990  -13.708  -62.505  -20.222 0.0000000000
17991  -14.140  -62.591  -19.866 0.0000000000
18501  -7.559  -60.256  19.827 0.0000000000
18518  -7.526  -60.710  18.937 0.0000000000
18529  -7.884  -60.883  18.153 0.0000000000
18531  -11.703  -62.067  18.404 0.0000000000
18534  -14.847  -61.281  18.621 0.0000000000
18550  -9.204  -61.613  17.786 0.0000000000
18553  -19.450  -62.189  17.052 0.0000000000
18598  -14.333  -61.588  12.968 0.0000000000
18600  -20.606  -61.382  13.681 0.0000000000
18617  -15.418  -61.338  12.154 0.0000000000
18619  -21.551  -61.713  12.859 0.0000000000
18620  -22.715  -61.880  12.364 0.0000000000
18760  -8.607  -61.591  2.514 0.0000000000
18796  -7.377  -62.047  1.087 0.0000000000
18797  -9.150  -62.328  1.070 0.0000000000
18829  -7.421  -61.630  -3.890 0.0000000000
18874  -7.673  -61.189  -6.902 0.0000000000
18901  -12.323  -62.120  -8.191 0.0000000000
18928  -11.275  -62.145  -10.531 0.0000000000
18945  -7.507  -61.068  -11.533 0.0000000000
18948  -11.232  -62.305  -11.357 0.0000000000
18974  -7.203  -60.872  -13.966 0.0000000000
18975  -9.882  -61.465  -13.657 0.0000000000
18989  -7.179  -61.054  -14.748 0.0000000000
18998  -6.016  -61.230  -15.313 0.0000000000
18999  -6.957  -61.203  -15.509 0.0000000000
19011  -10.555  -62.092  -16.796 0.0000000000
19012  -10.870  -61.576  -16.664 0.0000000000
19014  -12.766  -60.829  -17.138 0.0000000000
19026  -11.231  -61.527  -17.587 0.0000000000
19046  -14.841  -61.725  -18.381 0.0000000000
19609  -7.840  -59.734  20.427 0.0000000000
19630  -7.841  -60.255  18.610 0.0000000000
19631  -8.271  -60.296  18.403 0.0000000000
19635  -12.575  -60.682  18.525 0.0000000000
19643  -8.579  -60.869  18.053 0.0000000000
19645  -16.897  -60.152  17.666 0.0000000000
19664  -20.538  -60.476  13.488 0.0000000000
19686  -20.839  -60.310  12.662 0.0000000000
19703  -21.742  -59.654  11.755 0.0000000000
19704  -22.505  -59.683  11.757 0.0000000000
19785  -5.198  -59.998  3.442 0.0000000000
19786  -8.041  -61.074  3.445 0.0000000000
19804  -8.339  -61.240  3.167 0.0000000000
19859  -9.439  -60.900  -0.248 0.0000000000
19876  -7.078  -60.911  -1.609 0.0000000000
19922  -9.533  -60.335  -3.788 0.0000000000
19943  -4.639  -59.371  -4.448 0.0000000000
19961  -7.201  -59.968  -5.579 0.0000000000
19973  -4.584  -59.853  -7.202 0.0000000000
19974  -4.662  -59.339  -6.587 0.0000000000
20016  -9.672  -59.813  -10.834 0.0000000000
20017  -9.751  -60.659  -10.516 0.0000000000
20029  -7.281  -60.096  -11.420 0.0000000000
20046  -9.659  -60.260  -12.030 0.0000000000
20061  -5.484  -60.099  -13.541 0.0000000000
20062  -6.228  -60.041  -13.562 0.0000000000
20063  -6.801  -60.315  -13.765 0.0000000000
20102  -11.129  -61.083  -16.254 0.0000000000
20668  -7.850  -59.355  19.467 0.0000000000
20676  -8.050  -59.711  18.846 0.0000000000
20677  -8.613  -59.761  18.596 0.0000000000
20679  -10.370  -59.639  18.503 0.0000000000
20680  -11.400  -59.599  18.581 0.0000000000
20700  -19.564  -59.448  15.744 0.0000000000
20707  -20.184  -59.577  14.947 0.0000000000
20731  -6.892  -58.984  12.321 0.0000000000
20735  -21.392  -59.265  11.950 0.0000000000
20830  -7.325  -60.310  2.749 0.0000000000
20844  -4.522  -58.944  -0.549 0.0000000000
20845  -5.822  -58.721  0.125 0.0000000000
20859  -4.425  -59.025  -2.151 0.0000000000
20885  -9.863  -59.642  -4.284 0.0000000000
20891  -4.973  -58.808  -5.652 0.0000000000
20919  -4.736  -59.138  -8.732 0.0000000000
20945  -5.742  -58.828  -10.277 0.0000000000
20946  -6.560  -59.364  -10.314 0.0000000000
20960  -5.797  -59.159  -11.619 0.0000000000
20979  -6.620  -59.667  -12.028 0.0000000000
20980  -10.079  -59.957  -12.596 0.0000000000
21602  -8.045  -58.706  19.926 0.0000000000
21609  -8.502  -58.788  19.286 0.0000000000
21617  -8.967  -59.134  18.861 0.0000000000
21618  -9.843  -58.909  18.780 0.0000000000
21622  -14.994  -58.311  18.180 0.0000000000
21623  -15.684  -57.768  17.934 0.0000000000
21631  -15.801  -58.229  17.508 0.0000000000
21633  -16.459  -58.010  17.015 0.0000000000
21634  -16.889  -58.369  16.857 0.0000000000
21641  -24.443  -59.194  16.716 0.0000000000
21666  -6.687  -58.099  13.104 0.0000000000
21667  -6.951  -58.070  13.323 0.0000000000
21696  -5.938  -58.123  11.396 0.0000000000
21730  -5.694  -57.760  6.678 0.0000000000
21757  -5.655  -58.005  4.369 0.0000000000
21790  -4.909  -58.744  1.524 0.0000000000
21804  -9.187  -58.289  0.777 0.0000000000
21805  -9.510  -58.985  1.512 0.0000000000
21810  -5.707  -58.660  0.778 0.0000000000
21838  -4.962  -58.499  -2.489 0.0000000000
21839  -5.621  -58.568  -2.283 0.0000000000
21849  -4.914  -58.553  -3.300 0.0000000000
21860  -4.927  -58.598  -4.024 0.0000000000
21861  -5.576  -58.577  -4.416 0.0000000000
21873  -5.443  -58.697  -6.486 0.0000000000
21883  -5.019  -58.839  -7.336 0.0000000000
21890  -4.994  -58.808  -8.817 0.0000000000
21892  -6.208  -58.934  -8.849 0.0000000000
21893  -10.068  -58.101  -8.711 0.0000000000
21898  -4.907  -58.857  -9.485 0.0000000000
21900  -5.579  -58.764  -9.556 0.0000000000
21911  -5.073  -58.786  -10.275 0.0000000000
21912  -5.180  -58.728  -10.142 0.0000000000
22587  -9.053  -57.413  19.913 0.0000000000
22589  -10.633  -56.898  19.622 0.0000000000
22590  -11.643  -56.724  19.665 0.0000000000
22592  -14.671  -56.853  19.326 0.0000000000
22595  -17.036  -57.106  18.788 0.0000000000
22615  -18.128  -57.011  16.859 0.0000000000
22616  -18.937  -56.971  16.907 0.0000000000
22620  -17.104  -57.710  16.769 0.0000000000
22621  -17.822  -57.569  16.623 0.0000000000
22626  -27.388  -57.993  18.161 0.0000000000
22635  -24.680  -58.213  16.755 0.0000000000
22636  -24.767  -59.198  17.722 0.0000000000
22652  -6.939  -56.912  13.677 0.0000000000
22655  -9.039  -56.530  13.584 0.0000000000
22657  -20.841  -58.225  14.808 0.0000000000
22670  -6.590  -57.667  13.181 0.0000000000
22672  -7.031  -57.627  13.621 0.0000000000
22698  -22.226  -57.259  11.703 0.0000000000
22699  -25.169  -57.318  12.393 0.0000000000
22702  -5.989  -57.458  11.974 0.0000000000
22714  -24.623  -57.568  11.649 0.0000000000
22731  -23.479  -57.045  10.989 0.0000000000
22739  -6.065  -56.955  10.230 0.0000000000
22755  -5.842  -57.411  8.762 0.0000000000
22831  -6.025  -57.762  5.111 0.0000000000
22890  -7.736  -56.959  -1.657 0.0000000000
23637  -15.524  -56.613  21.306 0.0000000000
23646  -13.570  -55.593  20.554 0.0000000000
23659  -14.144  -56.348  19.879 0.0000000000
23669  -17.741  -56.912  17.100 0.0000000000
23670  -21.268  -56.691  18.314 0.0000000000
23681  -27.780  -56.111  18.465 0.0000000000
23688  -25.446  -56.911  17.529 0.0000000000
23708  -29.030  -56.400  15.924 0.0000000000
23719  -7.258  -56.012  13.592 0.0000000000
23729  -29.214  -56.714  15.270 0.0000000000
23735  -6.511  -56.931  13.013 0.0000000000
23749  -6.253  -56.800  12.408 0.0000000000
23763  -22.869  -56.753  11.425 0.0000000000
23775  -23.969  -56.760  11.023 0.0000000000
23807  -6.525  -56.933  8.037 0.0000000000
23809  -8.383  -55.877  7.630 0.0000000000
23865  -7.746  -56.146  3.543 0.0000000000
23872  -6.880  -56.093  1.576 0.0000000000
24652  -13.898  -54.411  22.872 0.0000000000
24660  -12.698  -54.664  21.547 0.0000000000
24668  -12.763  -54.860  21.017 0.0000000000
24669  -14.217  -55.535  20.998 0.0000000000
24690  -27.379  -55.061  18.480 0.0000000000
24692  -29.126  -54.620  17.522 0.0000000000
24695  -11.828  -54.739  14.286 0.0000000000
24696  -21.867  -56.270  16.720 0.0000000000
24698  -25.733  -55.935  16.621 0.0000000000
24710  -10.083  -55.144  14.489 0.0000000000
24713  -12.437  -54.825  14.751 0.0000000000
24717  -29.569  -55.449  15.170 0.0000000000
24728  -7.154  -55.392  13.768 0.0000000000
24734  -22.893  -55.541  13.892 0.0000000000
24738  -29.529  -56.088  14.606 0.0000000000
24739  -29.770  -55.166  14.348 0.0000000000
24752  -25.935  -55.004  13.167 0.0000000000
24758  -6.297  -56.047  12.173 0.0000000000
24763  -25.874  -54.461  12.407 0.0000000000
24773  -25.565  -54.870  11.881 0.0000000000
24780  -6.101  -55.386  10.616 0.0000000000
24791  -6.595  -55.104  9.187 0.0000000000
24824  -8.478  -55.669  6.851 0.0000000000
25638  -26.998  -54.217  18.260 0.0000000000
25640  -28.621  -54.190  18.325 0.0000000000
25645  -26.594  -54.178  17.263 0.0000000000
25646  -29.518  -54.540  16.419 0.0000000000
25656  -8.057  -54.721  14.131 0.0000000000
25658  -10.846  -54.653  14.177 0.0000000000
25659  -12.361  -54.497  14.372 0.0000000000
25661  -12.755  -54.042  15.487 0.0000000000
25665  -29.805  -54.291  15.585 0.0000000000
25677  -8.147  -54.308  14.110 0.0000000000
25678  -8.979  -54.195  14.232 0.0000000000
25687  -29.963  -54.367  14.700 0.0000000000
25696  -6.541  -54.761  13.086 0.0000000000
25697  -6.954  -54.621  13.803 0.0000000000
25698  -12.073  -53.913  13.965 0.0000000000
25712  -6.828  -53.838  13.221 0.0000000000
25714  -12.119  -54.626  13.037 0.0000000000
25720  -24.392  -54.127  11.905 0.0000000000
25729  -12.162  -54.745  12.481 0.0000000000
25731  -13.401  -54.486  11.720 0.0000000000
25735  -24.381  -54.737  11.617 0.0000000000
25747  -13.702  -54.494  10.826 0.0000000000
25759  -13.010  -54.580  10.664 0.0000000000
26631  -28.848  -53.224  18.391 0.0000000000
26639  -27.354  -53.391  18.219 0.0000000000
26640  -28.293  -53.443  18.528 0.0000000000
26642  -29.561  -53.453  17.340 0.0000000000
26650  -26.802  -53.422  16.548 0.0000000000
26651  -29.510  -54.096  17.054 0.0000000000
26666  -11.042  -54.378  13.986 0.0000000000
26681  -7.610  -54.059  13.970 0.0000000000
26684  -12.321  -53.915  14.150 0.0000000000
26703  -9.045  -53.739  13.660 0.0000000000
26714  -6.490  -53.260  12.235 0.0000000000
26722  -25.906  -53.344  12.236 0.0000000000
26723  -26.456  -52.983  12.697 0.0000000000
26727  -6.131  -52.992  11.465 0.0000000000
26734  -25.183  -53.610  11.906 0.0000000000
26741  -10.645  -53.474  10.675 0.0000000000
26742  -11.377  -54.100  10.978 0.0000000000
26751  -6.406  -52.776  9.640 0.0000000000
26755  -12.976  -53.965  9.387 0.0000000000
26776  -6.448  -53.010  7.699 0.0000000000
26820  -6.415  -53.562  3.600 0.0000000000
26829  -7.068  -53.368  2.267 0.0000000000
27711  -27.172  -52.745  17.430 0.0000000000
27713  -28.546  -52.831  18.480 0.0000000000
27719  -27.644  -51.871  17.999 0.0000000000
27722  -29.865  -53.254  16.673 0.0000000000
27752  -26.902  -52.832  14.108 0.0000000000
27769  -6.899  -52.891  12.219 0.0000000000
27792  -7.175  -51.965  10.529 0.0000000000
27804  -6.726  -52.276  8.945 0.0000000000
27853  -6.610  -52.569  6.255 0.0000000000
27875  -6.599  -52.919  4.656 0.0000000000
28698  -27.461  -51.139  17.342 0.0000000000
28699  -28.401  -51.130  18.396 0.0000000000
28721  -13.893  -51.521  14.306 0.0000000000
28741  -31.190  -48.973  15.289 0.0000000000
28747  -25.796  -51.842  12.758 0.0000000000
28748  -26.372  -51.874  12.924 0.0000000000
28752  -7.651  -51.881  10.845 0.0000000000
28759  -7.791  -51.651  10.141 0.0000000000
28769  -8.279  -51.529  9.623 0.0000000000
28770  -8.899  -51.727  9.749 0.0000000000
28780  -7.654  -51.535  8.645 0.0000000000
28796  -6.703  -51.978  7.699 0.0000000000
28847  -8.174  -51.518  4.901 0.0000000000
29617  -30.175  -49.200  18.129 0.0000000000
29664  -12.233  -50.147  10.100 0.0000000000
29673  -12.597  -49.773  9.361 0.0000000000
30559  -31.246  -47.119  16.074 0.0000000000
30571  -12.403  -49.473  10.376 0.0000000000
31411  -25.884  -48.314  17.318 0.0000000000
31447  -30.965  -46.898  17.192 0.0000000000
31455  -31.303  -46.275  15.220 0.0000000000
31457  -31.306  -46.711  14.222 0.0000000000
31458  -31.156  -48.367  12.261 0.0000000000
31462  -12.545  -48.837  10.818 0.0000000000
31477  -31.263  -45.905  10.887 0.0000000000
32365  -26.867  -47.772  17.709 0.0000000000
32393  -31.452  -45.652  13.365 0.0000000000
33285  -31.386  -45.616  14.783 0.0000000000
33288  -31.591  -44.834  12.010 0.0000000000
33291  -12.891  -47.212  10.727 0.0000000000
33315  -12.037  -46.680  9.042 0.0000000000
33329  -11.971  -46.465  8.725 0.0000000000
35960  -11.450  -43.547  9.272 0.0000000000
35961  -14.780  -43.511  9.412 0.0000000000
35971  -17.615  -43.261  8.511 0.0000000000
36850  -11.706  -42.518  10.010 0.0000000000
36854  -21.666  -42.638  9.579 0.0000000000
36868  -21.023  -42.716  9.413 0.0000000000
37793  -21.725  -41.298  9.271 0.0000000000
38603  -19.103  -40.178  8.593 0.0000000000
39340  -14.054  -40.000  10.464 0.0000000000
109008  -25.619  -84.104  0.813 0.0000000000
109027  -30.547  -80.225  -4.491 0.0000000000
109274  -22.198  -80.319  -5.382 0.0000000000
109303  -23.412  -82.670  6.989 0.0000000000
109339  -14.063  -87.280  14.082 0.0000000000
109366  -14.513  -85.865  8.964 0.0000000000
109404  -20.625  -89.928  2.066 0.0000000000
109587  -18.811  -87.410  12.437 0.0000000000
109617  -9.508  -85.132  15.488 0.0000000000
109687  -10.231  -53.855  12.329 0.0000000000
109828  -12.125  -86.674  22.570 0.0000000000
109937  -11.132  -71.256  -18.217 0.0000000000
109974  -8.263  -65.403  22.026 0.0000000000
110004  -7.015  -55.583  4.517 0.0000000000
110116  -22.377  -84.987  -3.231 0.0000000000
110175  -18.637  -73.488  -24.254 0.0000000000
110212  -7.664  -73.597  14.042 0.0000000000
110225  -10.765  -85.538  10.245 0.0000000000
110299  -8.455  -57.955  -0.506 0.0000000000
110304  -15.010  -82.456  11.114 0.0000000000
110383  -9.568  -84.942  14.256 0.0000000000
110505  -15.346  -84.044  7.140 0.0000000000
110507  -9.388  -85.175  4.536 0.0000000000
110538  -7.483  -73.727  12.130 0.0000000000
110587  -9.462  -81.839  12.199 0.0000000000
110649  -10.767  -61.547  18.267 0.0000000000
110664  -17.409  -75.239  -13.620 0.0000000000
110710  -9.492  -80.139  9.559 0.0000000000
110762  -13.644  -63.417  -7.043 0.0000000000
110774  -9.493  -83.811  15.105 0.0000000000
110801  -18.974  -91.159  1.591 0.0000000000
110811  -7.232  -60.500  -13.185 0.0000000000
110831  -17.405  -70.081  15.457 0.0000000000
110906  -11.746  -45.629  9.216 0.0000000000
110963  -29.518  -78.783  -6.127 0.0000000000
111025  -11.087  -84.953  9.748 0.0000000000
111090  -9.458  -81.806  10.858 0.0000000000
111096  -11.408  -88.397  16.290 0.0000000000
111111  -32.078  -82.862  -1.037 0.0000000000
111145  -20.330  -86.509  11.028 0.0000000000
111158  -23.039  -82.750  7.728 0.0000000000
111186  -14.501  -85.888  14.287 0.0000000000
111284  -10.698  -83.822  10.821 0.0000000000
111335  -18.455  -85.841  4.470 0.0000000000
111490  -20.500  -88.648  3.290 0.0000000000
111511  -12.246  -52.289  12.675 0.0000000000
111533  -21.628  -83.021  3.744 0.0000000000
111571  -9.886  -64.273  -9.828 0.0000000000
111682  -32.401  -73.883  -11.321 0.0000000000
111737  -6.601  -52.506  11.064 0.0000000000
111906  -14.281  -73.690  -18.423 0.0000000000
111933  -14.007  -74.368  18.258 0.0000000000
111968  -9.996  -82.470  10.652 0.0000000000
112038  -19.940  -86.018  4.048 0.0000000000
112081  -39.387  -77.304  -4.527 0.0000000000
112116  -16.467  -68.328  -21.347 0.0000000000
112126  -8.318  -53.360  13.060 0.0000000000
112137  -26.291  -81.318  -1.925 0.0000000000
112405  -10.298  -69.826  20.527 0.0000000000
112445  -13.216  -66.982  -18.469 0.0000000000
112494  -18.362  -80.055  9.417 0.0000000000
112503  -13.970  -74.140  -12.056 0.0000000000
112605  -15.703  -76.917  -17.447 0.0000000000
112643  -28.171  -70.399  -10.171 0.0000000000
112653  -29.272  -55.681  15.865 0.0000000000
112668  -21.469  -82.472  4.363 0.0000000000
112698  -17.845  -70.868  -14.735 0.0000000000
112734  -13.048  -88.311  15.109 0.0000000000
112758  -22.974  -82.323  -1.041 0.0000000000
112785  -15.558  -71.670  -12.004 0.0000000000
112850  -13.365  -54.860  21.310 0.0000000000
112869  -6.265  -58.827  -6.151 0.0000000000
113203  -16.713  -69.848  -22.015 0.0000000000
113269  -22.170  -87.348  10.101 0.0000000000
113304  -20.300  -83.736  -6.045 0.0000000000
113333  -9.163  -80.605  9.059 0.0000000000
113378  -14.472  -67.647  -15.603 0.0000000000
113437  -26.841  -83.535  -3.540 0.0000000000
113601  -17.171  -79.111  12.545 0.0000000000
113860  -29.680  -77.188  -6.289 0.0000000000
113867  -19.896  -88.874  -6.528 0.0000000000
114012  -17.561  -75.527  -23.374 0.0000000000
114056  -6.793  -56.203  13.410 0.0000000000
114058  -5.601  -57.998  8.103 0.0000000000
114218  -6.893  -52.038  9.764 0.0000000000
114315  -19.905  -80.909  12.349 0.0000000000
114356  -9.535  -84.649  18.912 0.0000000000
114370  -16.352  -85.027  5.592 0.0000000000
114432  -21.246  -87.576  -1.466 0.0000000000
114441  -40.024  -77.243  -3.235 0.0000000000
114505  -10.456  -88.092  11.994 0.0000000000
114537  -27.710  -79.773  8.481 0.0000000000
114560  -22.667  -71.440  -22.610 0.0000000000
114566  -15.959  -75.469  20.872 0.0000000000
114665  -7.558  -74.785  10.040 0.0000000000
114715  -7.988  -72.220  -17.410 0.0000000000
114894  -8.408  -76.316  15.235 0.0000000000
114981  -24.183  -84.586  -9.809 0.0000000000
114987  -9.680  -80.585  13.912 0.0000000000
115005  -9.146  -76.955  18.953 0.0000000000
115031  -12.321  -62.258  -10.158 0.0000000000
115085  -21.245  -85.984  -5.784 0.0000000000
115126  -32.165  -73.600  -12.116 0.0000000000
115137  -15.233  -81.896  10.066 0.0000000000
115346  -9.526  -85.949  15.089 0.0000000000
115380  -7.276  -60.365  -7.828 0.0000000000
115418  -9.207  -80.996  13.818 0.0000000000
115468  -7.436  -74.198  10.545 0.0000000000
115575  -29.906  -68.533  -13.533 0.0000000000
115660  -7.146  -59.908  -10.727 0.0000000000
115805  -27.804  -87.816  4.291 0.0000000000
115821  -41.460  -74.693  -4.947 0.0000000000
115841  -20.377  -82.072  12.474 0.0000000000
116008  -10.415  -74.801  -15.897 0.0000000000
116025  -8.530  -73.388  16.206 0.0000000000
116047  -9.622  -69.208  19.912 0.0000000000
116050  -20.641  -82.690  5.454 0.0000000000
116288  -25.476  -53.015  12.248 0.0000000000
116368  -40.871  -72.560  -7.505 0.0000000000
116526  -14.340  -62.104  18.995 0.0000000000
116531  -8.449  -63.518  -5.208 0.0000000000
116670  -9.946  -61.134  18.118 0.0000000000
116680  -24.382  -85.063  4.727 0.0000000000
116756  -4.493  -59.086  -3.842 0.0000000000
116777  -14.898  -63.126  19.003 0.0000000000
116791  -12.705  -89.771  12.276 0.0000000000
116815  -9.023  -65.409  -21.480 0.0000000000
116875  -22.647  -86.083  9.000 0.0000000000
116998  -20.086  -72.805  -17.826 0.0000000000
117150  -5.644  -58.906  8.614 0.0000000000
117212  -7.545  -62.722  20.132 0.0000000000
117520  -29.510  -81.513  3.907 0.0000000000
117627  -30.085  -73.571  -12.020 0.0000000000
117676  -13.920  -89.109  11.252 0.0000000000
117727  -32.942  -78.472  -3.577 0.0000000000
118052  -10.183  -85.642  24.149 0.0000000000
118070  -22.350  -85.135  -3.985 0.0000000000
118094  -10.069  -58.127  -9.219 0.0000000000
118121  -10.149  -60.787  -14.105 0.0000000000
118150  -33.942  -73.800  -12.046 0.0000000000
118151  -10.800  -88.070  15.082 0.0000000000
118206  -10.510  -61.948  -10.944 0.0000000000
118209  -10.840  -66.531  -21.685 0.0000000000
118277  -5.175  -58.817  -8.107 0.0000000000
118342  -10.088  -65.203  -4.259 0.0000000000
118401  -12.750  -64.501  -8.949 0.0000000000
118517  -14.431  -47.966  12.467 0.0000000000
118569  -14.045  -58.796  18.783 0.0000000000
118601  -16.302  -68.719  15.565 0.0000000000
118666  -20.051  -87.221  4.114 0.0000000000
118705  -7.278  -60.463  -4.944 0.0000000000
118740  -23.659  -85.213  6.376 0.0000000000
118741  -9.497  -84.981  16.321 0.0000000000
118900  -15.816  -77.557  -13.897 0.0000000000
118938  -10.408  -77.712  13.647 0.0000000000
118990  -31.170  -73.728  -9.040 0.0000000000
119081  -10.545  -79.493  12.001 0.0000000000
119096  -7.629  -71.679  14.589 0.0000000000
119207  -11.434  -55.306  20.807 0.0000000000
119225  -9.421  -76.475  20.550 0.0000000000
119367  -22.871  -71.608  -16.479 0.0000000000
119452  -23.636  -70.824  -18.455 0.0000000000
119487  -11.663  -88.643  8.073 0.0000000000
119536  -11.444  -79.374  15.292 0.0000000000
119558  -28.711  -85.949  4.018 0.0000000000
119586  -14.729  -71.167  15.111 0.0000000000
119624  -9.414  -77.277  21.419 0.0000000000
119665  -18.021  -79.793  9.492 0.0000000000
119747  -29.924  -53.726  15.843 0.0000000000
119753  -11.240  -72.656  -16.410 0.0000000000
119801  -9.730  -77.362  13.219 0.0000000000
119862  -22.656  -83.770  -3.366 0.0000000000
119952  -7.533  -64.051  18.851 0.0000000000
119985  -26.744  -86.995  -2.216 0.0000000000
119987  -9.509  -59.249  2.455 0.0000000000
119998  -23.424  -85.183  6.962 0.0000000000
120049  -12.876  -59.972  18.622 0.0000000000
120212  -7.639  -62.197  -11.651 0.0000000000
120264  -27.295  -79.332  7.240 0.0000000000
120323  -14.784  -82.966  9.736 0.0000000000
120342  -7.619  -62.676  0.824 0.0000000000
120379  -27.545  -82.520  -5.496 0.0000000000
120542  -8.611  -80.527  6.873 0.0000000000
120671  -10.209  -63.987  -6.734 0.0000000000
120703  -8.079  -67.492  -21.040 0.0000000000
120735  -21.150  -60.801  12.540 0.0000000000
120752  -11.028  -80.807  19.106 0.0000000000
120957  -9.299  -59.610  -4.053 0.0000000000
121077  -31.944  -77.394  -6.861 0.0000000000
121117  -14.372  -87.741  4.543 0.0000000000
121189  -14.101  -62.065  -19.779 0.0000000000
121214  -31.711  -81.920  -1.099 0.0000000000
121257  -4.516  -59.114  0.881 0.0000000000
121372  -13.776  -62.957  18.972 0.0000000000
121384  -12.665  -62.717  18.663 0.0000000000
121425  -16.054  -76.369  -22.551 0.0000000000
121471  -9.739  -59.708  -11.499 0.0000000000
121568  -9.932  -80.766  25.470 0.0000000000
121760  -6.589  -54.243  8.758 0.0000000000
121830  -28.356  -78.795  3.973 0.0000000000
121991  -14.504  -83.649  15.404 0.0000000000
122028  -38.102  -72.160  -7.126 0.0000000000
122040  -32.253  -72.840  -7.792 0.0000000000
122055  -8.214  -66.167  15.710 0.0000000000
122083  -9.562  -54.550  14.323 0.0000000000
122128  -18.374  -78.320  15.299 0.0000000000
122212  -6.565  -58.622  12.534 0.0000000000
122340  -9.993  -61.966  -13.160 0.0000000000
122404  -35.037  -73.692  -10.179 0.0000000000
122406  -23.489  -54.721  12.606 0.0000000000
122441  -11.145  -65.748  -21.774 0.0000000000
122497  -14.143  -73.020  -18.943 0.0000000000
122577  -10.327  -87.172  5.629 0.0000000000
122604  -26.574  -54.211  15.918 0.0000000000
122689  -7.587  -75.435  12.129 0.0000000000
122745  -29.734  -78.328  -9.508 0.0000000000
122780  -17.478  -58.129  16.632 0.0000000000
122804  -13.384  -56.166  20.010 0.0000000000
122953  -14.635  -84.167  14.205 0.0000000000
122992  -27.901  -56.851  18.167 0.0000000000
123180  -10.675  -87.438  6.142 0.0000000000
123275  -9.763  -78.350  23.241 0.0000000000
123279  -9.504  -73.735  17.308 0.0000000000
123320  -34.102  -80.399  -0.244 0.0000000000
123330  -11.761  -55.907  20.173 0.0000000000
123332  -22.640  -90.062  8.367 0.0000000000
123360  -14.452  -90.912  8.435 0.0000000000
123413  -10.013  -56.706  13.761 0.0000000000
123463  -14.652  -86.192  2.853 0.0000000000
123604  -5.736  -58.769  -8.205 0.0000000000
123733  -11.901  -60.164  18.501 0.0000000000
123927  -17.262  -75.231  -14.304 0.0000000000
124015  -16.073  -74.544  19.141 0.0000000000
124083  -35.879  -78.882  -4.751 0.0000000000
124118  -10.148  -81.917  24.198 0.0000000000
124138  -22.648  -55.774  14.579 0.0000000000
124259  -11.002  -80.285  19.938 0.0000000000
124279  -10.922  -85.994  7.725 0.0000000000
124295  -11.329  -63.423  15.399 0.0000000000
124315  -33.330  -73.963  -9.886 0.0000000000
124319  -14.715  -83.582  13.101 0.0000000000
124343  -9.666  -78.027  18.037 0.0000000000
124361  -10.676  -73.488  -17.299 0.0000000000
124371  -25.606  -70.448  -13.683 0.0000000000
124401  -10.418  -87.557  11.341 0.0000000000
124405  -6.355  -53.568  9.220 0.0000000000
124439  -21.813  -81.297  2.769 0.0000000000
124443  -7.253  -54.614  13.954 0.0000000000
124498  -9.594  -81.323  15.776 0.0000000000
124579  -5.376  -58.513  -3.754 0.0000000000
124604  -9.584  -85.308  21.019 0.0000000000
124660  -16.122  -58.793  17.270 0.0000000000
124762  -30.976  -83.578  -2.457 0.0000000000
124766  -11.709  -88.712  13.923 0.0000000000
124879  -20.323  -90.396  1.853 0.0000000000
124938  -8.659  -79.248  7.778 0.0000000000
125000  -29.497  -85.695  2.714 0.0000000000
125025  -17.237  -67.890  -13.892 0.0000000000
125037  -11.991  -72.414  22.893 0.0000000000
125051  -16.568  -79.582  13.962 0.0000000000
125185  -22.061  -57.894  11.439 0.0000000000
125261  -21.814  -83.559  2.263 0.0000000000
125267  -18.553  -88.065  5.760 0.0000000000
125271  -7.903  -62.386  20.765 0.0000000000
125328  -21.354  -86.502  2.836 0.0000000000
125344  -8.695  -78.634  8.204 0.0000000000
125555  -18.188  -74.160  -12.796 0.0000000000
125599  -9.412  -83.534  16.305 0.0000000000
125632  -10.548  -69.560  -19.687 0.0000000000
125639  -13.986  -90.533  9.593 0.0000000000
125655  -10.528  -65.639  -15.456 0.0000000000
125665  -36.659  -76.315  -10.715 0.0000000000
125677  -18.775  -68.775  -21.503 0.0000000000
125684  -9.634  -82.455  7.884 0.0000000000
125704  -21.028  -87.752  0.217 0.0000000000
125733  -25.821  -48.047  17.434 0.0000000000
125766  -5.940  -58.970  -10.910 0.0000000000
125806  -12.439  -89.490  8.432 0.0000000000
125826  -5.474  -58.618  1.675 0.0000000000
125837  -8.407  -51.440  6.405 0.0000000000
125841  -38.642  -78.975  -1.888 0.0000000000
125873  -22.477  -80.309  -5.877 0.0000000000
125877  -7.448  -56.630  1.127 0.0000000000
125943  -11.358  -88.836  11.027 0.0000000000
125963  -29.792  -46.533  8.778 0.0000000000
126119  -14.722  -82.972  14.917 0.0000000000
126316  -9.566  -85.196  19.504 0.0000000000
126426  -10.822  -80.736  20.476 0.0000000000
126556  -13.646  -75.008  19.123 0.0000000000
126645  -31.814  -73.214  -8.033 0.0000000000
126700  -9.268  -82.455  5.946 0.0000000000
126702  -14.100  -76.835  -19.392 0.0000000000
126728  -26.670  -83.798  -8.901 0.0000000000
126921  -28.394  -54.753  18.368 0.0000000000
126955  -8.287  -77.339  10.127 0.0000000000
127152  -35.208  -79.774  1.479 0.0000000000
127174  -9.379  -82.413  16.889 0.0000000000
127178  -20.645  -86.441  -6.285 0.0000000000
127184  -20.526  -89.835  12.657 0.0000000000
127217  -9.748  -64.483  -11.104 0.0000000000
127222  -30.572  -80.066  -3.632 0.0000000000
127242  -13.985  -53.798  11.412 0.0000000000
127278  -13.172  -64.394  -7.828 0.0000000000
127330  -20.260  -84.121  4.187 0.0000000000
127421  -32.162  -70.217  -9.723 0.0000000000
127505  -16.803  -90.568  5.608 0.0000000000
127519  -10.365  -82.112  20.723 0.0000000000
127528  -21.362  -83.142  -8.754 0.0000000000
127547  -20.582  -86.986  3.744 0.0000000000
127574  -5.816  -59.764  -13.115 0.0000000000
127595  -13.258  -89.530  12.317 0.0000000000
127610  -31.648  -71.546  -8.321 0.0000000000
127625  -24.885  -85.045  -8.792 0.0000000000
127680  -23.877  -57.237  10.916 0.0000000000
127717  -31.391  -82.085  -4.322 0.0000000000
127724  -10.439  -88.259  13.324 0.0000000000
127731  -21.991  -84.965  0.338 0.0000000000
127772  -9.530  -85.301  14.814 0.0000000000
127774  -15.459  -70.107  17.931 0.0000000000
127834  -12.794  -54.267  9.910 0.0000000000
127880  -28.472  -85.943  4.562 0.0000000000
127918  -13.426  -90.164  10.132 0.0000000000
127986  -36.238  -73.558  -9.518 0.0000000000
127999  -20.366  -89.271  -0.140 0.0000000000
128087  -32.693  -81.561  0.665 0.0000000000
128108  -12.300  -51.486  13.351 0.0000000000
128129  -9.615  -73.261  -17.732 0.0000000000
128134  -13.130  -53.823  15.327 0.0000000000
128143  -8.213  -75.622  14.987 0.0000000000
128171  -16.189  -66.365  -14.976 0.0000000000
128251  -28.999  -83.863  -7.311 0.0000000000
128322  -11.775  -88.543  20.713 0.0000000000
128350  -14.216  -85.549  15.436 0.0000000000
128353  -14.162  -68.560  16.116 0.0000000000
128358  -8.651  -63.213  -7.190 0.0000000000
128381  -9.964  -86.235  11.609 0.0000000000
128414  -38.431  -74.323  -10.321 0.0000000000
128436  -14.638  -84.182  9.134 0.0000000000
128446  -14.341  -74.296  -18.425 0.0000000000
128470  -28.061  -86.081  -1.984 0.0000000000
128622  -7.520  -73.001  11.949 0.0000000000
128687  -8.249  -55.916  8.036 0.0000000000
128751  -8.564  -69.746  -19.915 0.0000000000
128787  -8.481  -72.869  15.814 0.0000000000
128877  -14.716  -71.533  -19.011 0.0000000000
128901  -13.802  -73.938  17.835 0.0000000000
128924  -14.560  -89.168  10.641 0.0000000000
129093  -16.662  -80.218  9.940 0.0000000000
129297  -10.484  -60.231  -13.653 0.0000000000
129301  -24.314  -70.962  -21.762 0.0000000000
129311  -27.586  -68.883  -13.486 0.0000000000
129446  -7.309  -56.649  0.517 0.0000000000
129469  -7.743  -62.506  -10.987 0.0000000000
129500  -14.891  -71.766  15.642 0.0000000000
129589  -17.472  -71.051  -15.454 0.0000000000
129605  -9.852  -83.077  12.737 0.0000000000
129640  -14.387  -86.642  14.013 0.0000000000
129664  -14.331  -73.740  -21.350 0.0000000000
129745  -24.186  -80.986  3.439 0.0000000000
129788  -7.559  -61.900  1.820 0.0000000000
129815  -24.975  -73.364  -12.803 0.0000000000
129872  -21.614  -86.586  -4.856 0.0000000000
129896  -5.721  -57.689  7.644 0.0000000000
129915  -12.998  -67.485  -18.275 0.0000000000
129918  -10.295  -85.174  6.578 0.0000000000
129973  -22.339  -84.881  -2.701 0.0000000000
130151  -10.251  -76.970  22.169 0.0000000000
130224  -22.431  -85.920  -9.284 0.0000000000
130277  -5.676  -59.642  9.951 0.0000000000
130487  -25.293  -49.902  13.602 0.0000000000
130505  -29.845  -49.812  18.306 0.0000000000
130541  -21.187  -87.032  2.762 0.0000000000
130542  -14.428  -68.638  -14.747 0.0000000000
130574  -14.682  -83.338  11.835 0.0000000000
130575  -28.393  -82.765  9.106 0.0000000000
130604  -12.553  -58.501  19.174 0.0000000000
130884  -23.610  -79.594  -4.284 0.0000000000
130967  -15.460  -89.588  9.592 0.0000000000
131030  -17.739  -75.752  -21.868 0.0000000000
131041  -7.415  -61.952  -3.229 0.0000000000
131103  -6.006  -58.595  11.732 0.0000000000
131114  -15.391  -81.940  7.977 0.0000000000
131126  -8.650  -58.150  -3.641 0.0000000000
131131  -11.538  -62.862  -20.510 0.0000000000
131138  -15.729  -75.687  20.408 0.0000000000
131198  -35.170  -78.454  -5.716 0.0000000000
131228  -10.204  -75.152  -15.969 0.0000000000
131243  -30.452  -70.983  -9.065 0.0000000000
131321  -7.459  -62.640  -0.392 0.0000000000
131352  -13.698  -65.293  -19.389 0.0000000000
131396  -16.745  -75.724  -15.737 0.0000000000
131488  -11.126  -87.888  10.028 0.0000000000
131500  -15.237  -70.895  -20.956 0.0000000000
131514  -33.584  -78.406  -5.296 0.0000000000
131522  -4.848  -58.895  1.911 0.0000000000
131556  -27.745  -82.878  4.975 0.0000000000
131580  -18.489  -40.358  8.546 0.0000000000
131618  -9.185  -58.747  4.792 0.0000000000
131628  -9.089  -60.296  -2.767 0.0000000000
131640  -14.215  -87.945  12.240 0.0000000000
131643  -16.427  -68.096  -20.562 0.0000000000
131712  -28.610  -86.963  3.870 0.0000000000
131720  -22.008  -84.305  1.321 0.0000000000
131829  -26.804  -68.853  -15.582 0.0000000000
131902  -11.140  -74.671  -14.427 0.0000000000
