global_signal	global_signal_derivative1	global_signal_power2	global_signal_derivative1_power2	csf	csf_derivative1	csf_derivative1_power2	csf_power2	white_matter	white_matter_derivative1	white_matter_derivative1_power2	white_matter_power2	csf_wm	tcompcor	std_dvars	dvars	framewise_displacement	rmsd	t_comp_cor_00	t_comp_cor_01	t_comp_cor_02	t_comp_cor_03	c_comp_cor_00	c_comp_cor_01	c_comp_cor_02	c_comp_cor_03	c_comp_cor_04	c_comp_cor_05	c_comp_cor_06	c_comp_cor_07	c_comp_cor_08	w_comp_cor_00	w_comp_cor_01	w_comp_cor_02	w_comp_cor_03	w_comp_cor_04	w_comp_cor_05	w_comp_cor_06	w_comp_cor_07	w_comp_cor_08	w_comp_cor_09	w_comp_cor_10	w_comp_cor_11	w_comp_cor_12	w_comp_cor_13	w_comp_cor_14	w_comp_cor_15	w_comp_cor_16	w_comp_cor_17	w_comp_cor_18	w_comp_cor_19	w_comp_cor_20	w_comp_cor_21	w_comp_cor_22	w_comp_cor_23	w_comp_cor_24	w_comp_cor_25	w_comp_cor_26	w_comp_cor_27	w_comp_cor_28	w_comp_cor_29	w_comp_cor_30	w_comp_cor_31	w_comp_cor_32	w_comp_cor_33	w_comp_cor_34	w_comp_cor_35	w_comp_cor_36	w_comp_cor_37	w_comp_cor_38	a_comp_cor_00	a_comp_cor_01	a_comp_cor_02	a_comp_cor_03	a_comp_cor_04	a_comp_cor_05	a_comp_cor_06	a_comp_cor_07	a_comp_cor_08	a_comp_cor_09	a_comp_cor_10	a_comp_cor_11	a_comp_cor_12	a_comp_cor_13	a_comp_cor_14	a_comp_cor_15	a_comp_cor_16	a_comp_cor_17	a_comp_cor_18	a_comp_cor_19	a_comp_cor_20	a_comp_cor_21	a_comp_cor_22	a_comp_cor_23	a_comp_cor_24	a_comp_cor_25	a_comp_cor_26	a_comp_cor_27	a_comp_cor_28	a_comp_cor_29	a_comp_cor_30	a_comp_cor_31	a_comp_cor_32	a_comp_cor_33	a_comp_cor_34	edge_comp_00	edge_comp_01	edge_comp_02	edge_comp_03	edge_comp_04	edge_comp_05	edge_comp_06	edge_comp_07	edge_comp_08	edge_comp_09	edge_comp_10	edge_comp_11	edge_comp_12	edge_comp_13	edge_comp_14	edge_comp_15	edge_comp_16	edge_comp_17	edge_comp_18	edge_comp_19	edge_comp_20	edge_comp_21	edge_comp_22	edge_comp_23	cosine00	cosine01	cosine02	cosine03	trans_x	trans_x_derivative1	trans_x_derivative1_power2	trans_x_power2	trans_y	trans_y_derivative1	trans_y_derivative1_power2	trans_y_power2	trans_z	trans_z_derivative1	trans_z_derivative1_power2	trans_z_power2	rot_x	rot_x_derivative1	rot_x_derivative1_power2	rot_x_power2	rot_y	rot_y_derivative1	rot_y_derivative1_power2	rot_y_power2	rot_z	rot_z_derivative1	rot_z_derivative1_power2	rot_z_power2	motion_outlier00	motion_outlier01	motion_outlier02	motion_outlier03	motion_outlier04	motion_outlier05	motion_outlier06	motion_outlier07	motion_outlier08	motion_outlier09	motion_outlier10	motion_outlier11	motion_outlier12
873.9697838336924	n/a	763823.1830543111	n/a	1408.814169394003	n/a	n/a	1984757.363885315	858.7053224662336	n/a	n/a	737374.8308318383	947.5476206897622	838.122564076142	n/a	n/a	n/a	n/a	-0.0704590452	-0.0633219902	0.0987281543	-0.0319619436	0.203199774	-0.0373680979	0.0247391446	-0.0661800655	0.2795350995	-0.30953488	0.0565151006	-0.1820374182	0.0020466748	0.1083711955	-0.0945661886	0.0187978717	-0.0031562236	0.0060087206	-0.0620353258	0.0827341858	-0.0485485745	0.0347651479	-0.0582113807	0.0629514443	-0.1078242038	0.0852107005	-0.0719650419	0.0873034263	-0.1156495211	0.0193077058	-0.0162303385	0.2035345434	-0.1545967648	0.1051251601	-0.0538819039	-0.0725799727	0.063812989	-0.0893233259	-0.0504646778	0.2108078254	0.0095149953	-0.1948542533	-0.0469478182	-0.0227112048	-0.0256183028	0.0850163254	-0.0729431472	-0.0253364731	-0.0161531756	-0.00646317	0.0357296422	0.0296646133	-0.1557693787	0.0622998485	-0.0794456214	0.046006976	-0.0424333667	0.0687440587	-0.0174638933	0.0543889535	-0.0602941124	0.1058781109	-0.0012268683	0.0757235308	-0.0774675166	0.1373624184	-0.3837213072	0.0979482135	-0.0631140401	0.0079031242	-0.0220354812	0.1016776837	-0.0721883389	0.1567973858	-0.0087838353	0.0864836334	-0.1664952149	0.1701377014	0.0295160348	0.0894537544	-0.1362528285	0.0191448462	0.0229375215	0.0831523506	-0.0495079515	-0.0245387769	0.1043403972	-0.0815781265	0.0367328347	-0.0633143674	0.1047532428	-0.0039644309	-0.0566473175	0.0208397054	-0.0185710254	0.0917104443	-0.0451672468	0.1412387336	-0.0026375895	0.0142215428	-0.0472631148	0.0447704731	-0.0460688234	0.0720814144	0.0415516743	-0.0010093936	0.0062556306	-0.034418396	0.0676359929	-0.0528285506	0.1787270859	0.1290883846	0.1290552057	0.1289999139	0.1289225186	0.0280198197848733	n/a	n/a	0.0007851103007767	-0.0054002956870107	n/a	n/a	2.916319350714637e-05	-0.375774114765818	n/a	n/a	0.1412061853280341	0.0017330465142625	n/a	n/a	3.0034502205974017e-06	-0.0014990308872153	n/a	n/a	2.2470936008254896e-06	-0.0006072014198346	n/a	n/a	3.686935642491541e-07	0.0	0.0	0.0	0.0	0.0	0.0	0.0	0.0	0.0	0.0	0.0	0.0	0.0
873.1321466636867	-0.837637170005678	762359.7455375377	0.701636028575121	1386.4502247303456	-22.36394466365755	500.14602091913696	1922244.2256548256	857.7492497991908	-0.956072667042804	0.9140749446663402	735733.7755310746	943.0618480335582	832.7952996387382	0.904984	24.169247	0.0478921401413873	0.0258997316586363	-0.0545059686	-0.0408330485	0.0265222034	-0.0698367259	0.0095897226	-0.1185678632	-0.0109400122	-0.0025794697	0.1321057608	-0.0066586872	0.0708424963	-0.0465550912	-0.0205768923	0.0899780852	-0.0939592707	-0.0344135058	0.0166521354	-0.0830591283	0.0547683637	0.0215692484	0.0613802452	-0.050496427	0.0581798211	0.1579305973	0.0693703055	0.0058472533	-0.0322723561	-0.0180852583	0.0043437355	-0.0903406928	-0.0346668859	0.0586405274	0.1296886575	0.0849355528	0.1646231699	0.112303781	0.1394103616	0.1939239877	0.0352250058	0.1529679138	0.019892917	0.0716823183	0.0075254785	0.0762970607	-0.063913652	-0.0695705697	0.002816454	-0.0651839584	-0.0389250114	-0.0212776922	0.0974587547	0.0888623101	-0.0963811488	0.0200090878	0.0953405499	-0.0145168653	0.0037852894	0.0295170304	0.1407893534	0.0028146045	0.0911213456	0.1591933308	0.0134224936	-0.0069373026	0.0744187963	0.0261974194	0.1366717738	-0.1436463204	-0.1084612431	0.072387037	0.0940843713	0.0970372723	-0.0403160462	0.0479483317	-0.0078321185	-0.0231934825	0.0107840902	0.0126016564	0.0688529034	-0.1705413482	-0.0065126232	0.143981309	0.1131743223	0.0248162301	0.0456683715	-0.0533737914	0.0365130023	-0.0658432223	0.0554216798	-0.0575712937	0.1098142162	-0.0156257389	-0.054895884	0.0066338964	0.077105989	0.0891709012	-0.027963254	0.1775800325	-0.0643992729	-0.0077799297	0.0637027786	-0.0267390047	0.0030919104	-0.0168080564	0.0600652056	-0.0205290879	-0.114958292	-0.0235994873	-0.0278754269	-0.007478247	0.0861200612	0.1289999139	0.1287014744	0.1282045865	0.1275100165	0.0329125362564042	0.0048927164715309	2.393867447078981e-05	0.0010832350428291	0.0064793489151782	0.0118796446021889	0.0001411259558743	4.198196236462092e-05	-0.3741856803966854	0.0015884343691325	2.5231237450416343e-06	0.1400149234139304	0.0018698283768193	0.0001367818625567	1.8709277924507317e-08	3.496258158758698e-06	-0.0015677097530546	-6.867886583929996e-05	4.7167866129725635e-09	2.457713869822515e-06	-0.00022203525426	0.0003851661655746	1.4835297510344016e-07	4.929965413430285e-08	0.0	0.0	0.0	0.0	0.0	0.0	0.0	0.0	0.0	0.0	0.0	0.0	0.0
872.3016309303248	-0.8305157333619491	760910.1353237046	0.6897563833617361	1383.507005846178	-2.9432188841676634	8.662537400121145	1914091.635225456	857.1927576496058	-0.556492149584983	0.3096835125497151	734779.4237669358	942.569845363996	831.572513998404	0.8757399999999999	23.388214	0.02640252741816	0.0116108979342712	-0.0352035103	-0.0377953478	0.0423951736	-0.1025190411	0.0219459567	-0.0673005848	-0.0767021116	0.0272626384	-0.021856757	-0.0092342318	0.0056984378	-0.0622514143	0.1498725935	0.0623826161	-0.0835909682	-0.1020319398	0.1347753989	0.1535748888	0.1171881478	0.0513101323	0.0233855452	-0.0403109849	0.0665067571	0.0810185911	-0.0464070045	0.0058180035	0.0345252935	-0.0560500789	-0.0711518309	0.1266012855	0.0014429278	0.058214258	0.0178168658	-0.0581382794	-0.0897706862	0.0158157843	-0.0287056042	0.1021838814	0.1153287814	-0.0376099303	0.026811892	-0.0665416822	0.0496154284	0.0132760606	-0.0035697506	0.0620117839	0.1435969396	-0.1058871911	0.1281115778	-0.0698646656	-0.0927228476	-0.1309014983	-0.0856282083	0.062394389	0.0057116956	-0.0561378976	-0.1081040936	-0.1212936522	0.0008294644	-0.0454972342	0.0761508976	0.0211165492	-0.0436212745	0.0338320402	0.0018330962	0.0491064023	-0.0072338007	0.0629326763	0.1348499661	-0.0280779977	0.1095788225	0.0098054818	0.0758741738	0.140188677	0.1666689169	-0.0164187333	-0.0604110274	0.0454026154	0.0538830081	-0.1236347759	0.0857848427	0.0669488251	-0.1065290054	-0.0726556506	0.0026286581	0.1218854512	-0.0192335322	-0.0637734116	0.0513374084	-0.0548588642	0.1185926907	0.0062685546	-0.0858703127	-0.0089539276	0.0538914795	0.0460493094	0.0031625939	0.1303712412	0.0314405142	-0.0771259589	-0.0161626298	0.0472791173	0.0519037683	-0.0821463953	0.0748733958	0.0249612272	-0.0125802497	-0.0224320184	-0.0315398533	0.0603458731	0.0185288751	0.1288230331	0.1279949812	0.1266188352	0.124700488	0.036105349699028	0.0031928134426237	1.0194057679399206e-05	0.0013035962768891	-0.0001323947355444	-0.0066117436507226	4.371515410287061e-05	1.7528365999871612e-08	-0.3667724072176668	0.0074132731790186	5.4956619226757e-05	0.134521998696242	0.0019289083155007	5.9079938681400046e-05	3.4904391545979884e-09	3.720687289607748e-06	-0.0015431193580031	2.459039505150009e-05	6.0468752878884e-10	2.3812173530438995e-06	-0.000122011645077	0.000100023609183	1.000472239399352e-08	1.4886841534395821e-08	0.0	0.0	0.0	0.0	0.0	0.0	0.0	0.0	0.0	0.0	0.0	0.0	0.0
873.5398795928027	1.238248662477872	763071.9212390082	1.5332597501282392	1381.4742726735524	-2.0327331726255125	4.132004151092182	1908471.1660589208	857.4601819329117	0.2674242833058997	0.0715157473016741	735237.963600422	941.940747211185	832.7364732169117	0.933522	24.931393	0.1598658748882533	0.0856674723007311	-0.0608720604	-0.0532596883	0.055683335	-0.023173667	0.0352194201	-0.0233603696	-0.0541508464	0.0005563198	-0.0895064095	0.0208184173	0.0577510274	-0.0346801035	-0.0076734436	0.051969287	-0.1395265265	-0.0059864668	0.0038308027	-0.0738712901	-0.0670391431	0.0347308246	-0.0897813011	-0.1042406113	-0.0246593395	-0.0377900186	-0.0476167698	-0.0570767924	-0.0643148335	0.1323513673	-0.0818399205	-0.0580335582	0.1490142529	0.026319634	-0.025562829	0.066633327	-0.1369004004	-0.0083254218	0.069796525	-0.031365333	0.0028154025	-0.0029062744	-0.1152429184	0.1088677966	0.1121344745	-0.1271148168	0.0483506856	0.0660899579	0.132651206	-0.1732852033	-0.0108146244	-0.0657059163	-0.0366557073	0.0505878283	-0.0646156654	0.0304144096	-0.0240823109	-0.0452718562	0.000282404	0.0184830083	0.101303962	0.0969359465	-0.0948781423	0.0029661658	-0.0100685857	-0.028360917	-0.1343309905	0.0228505252	-0.0516869201	0.1044354887	-0.0375416273	0.029956218	0.1444806505	-0.0936331252	0.0222421902	0.1534388791	-0.000753209	-0.0700327889	0.0126326612	-0.1159388586	-0.0325007722	0.0032984561	-0.0184923648	-0.0987768203	-0.0211340736	0.104563349	-0.1439609886	0.0787343134	-0.1003695113	-0.0626240841	0.0123990695	-0.0180728817	0.0797442022	0.0120491318	-0.0298224741	0.0341736241	-0.0021709807	-0.0009503133	0.040266005	0.0342394773	8.247e-05	0.0990221652	-0.0143149395	0.0403986664	-0.0729203704	0.0174433515	-0.13806747	-0.1084318753	0.0236339352	-0.0258864258	0.0492299844	-0.0250890022	0.0057599773	0.1285578634	0.1269376627	0.1242524367	0.1205247148	0.0239555031635063	-0.0121498465355216	0.0001476187708367	0.0005738661318167	0.0407506095188949	0.0408830042544393	0.0016714200368685	0.0016606121761614	-0.3008880310847033	0.0658843761329635	0.0043407510184298	0.0905336072500293	0.0012399815473394	-0.0006889267681613	4.746200918891737e-07	1.5375542377422126e-06	-0.0015090209307067	3.409842729639985e-05	1.1627027440878663e-09	2.2771441693109155e-06	-2.6063881228122914e-05	9.594776384887708e-05	9.205973387599886e-09	6.793259046736981e-10	0.0	0.0	0.0	0.0	0.0	0.0	0.0	0.0	0.0	0.0	0.0	0.0	0.0
871.8007952419933	-1.7390843508093212	760036.626584572	3.0244143792298783	1381.3733121854764	-0.100960488075998	0.0101930201525437	1908192.2276182736	857.4243271137323	-0.0358548191794625	0.0012855680583919	735176.4767264365	941.1437757135392	826.3897593169633	0.879059	23.476854	0.0754594552529416	0.0360473816977519	-0.0294533479	-0.0474581005	0.017660629	-0.0243270788	0.0018356938	-0.0669981957	-0.0851590659	0.0292695745	0.1144807646	0.0511961721	0.0864310979	-0.0007177372	-0.1181254962	0.0627953915	-0.0374091258	0.0083628691	-0.0420077905	-0.1276849673	-0.0278107728	0.0443518267	0.0552735867	-0.067429989	-0.0653688834	-0.0278071143	0.1673496047	-0.034208727	-0.0191487265	-0.0786973652	0.1049446407	0.0503537423	0.0253118264	-0.0108938205	0.0076632658	-0.1971309592	-0.0527453998	-0.003215237	0.1392575616	0.0264250071	-0.0033669724	-0.2575963925	0.1166180132	0.1534341318	-0.1629946009	-0.0634668357	-0.0237871208	-0.1092094623	-0.1278360319	0.0275874969	0.103851258	0.0038495345	0.0137140469	0.0634174993	-0.0419531988	0.0011552989	-3.39348e-05	-0.0880560158	0.0578827967	0.0177269534	0.1857112197	-0.0185916513	-0.0378737951	-0.0749430561	0.0358361034	0.0714437568	0.010189273	-0.066571655	0.092222285	-0.0307007131	0.0990356818	-0.0434516908	0.1563883553	-0.1134304663	-0.0716362528	-0.2269213989	-0.0559755326	0.1169606552	0.0291523321	0.0118937068	-0.1267992377	0.0344094937	0.0197841975	0.0125034047	-0.1289213576	0.1062043869	0.0324683093	-0.0711097542	-0.0168799177	-0.0598891371	0.0184600198	-0.023389755	0.0950733179	0.0130138293	-0.0399331782	0.0089706467	0.047848254	-0.0012725971	0.0547406594	0.0543200153	-0.0148198987	0.0291238511	0.0280246848	-0.0766754787	0.0258782827	-0.0218932811	-0.1253488889	-0.0875309432	0.0195180387	-0.0211155078	0.059538753	-0.023779213	-0.0508139705	0.1282045865	0.1255324169	0.1211199807	0.1150284477	0.035879706757143	0.0119242035936367	0.0001421866313424	0.0012873533569785	0.025095427709445	-0.0156551818094499	0.0002450847174869	0.0006297804919199	-0.3279583630403095	-0.0270703319556062	0.0007328028721867	0.1075566878880794	0.0011919151639205	-4.8066383418899966e-05	2.310377214972701e-09	1.4206617579836323e-06	-0.0012520826909039	0.0002569382398028	6.601725907296126e-08	1.567711064861151e-06	-0.0001372540158914	-0.0001111901346632	1.2363246046437692e-08	1.8838664878316683e-08	0.0	0.0	0.0	0.0	0.0	0.0	0.0	0.0	0.0	0.0	0.0	0.0	0.0
874.0623610550825	2.261565813089192	763985.0110131855	5.114679926933777	1381.4874594748558	0.1141472893793889	0.0130296036726619	1908507.6006862912	857.9490503892608	0.5247232755285722	0.2753345158814339	736076.5730638345	941.2742133048476	836.6416394204056	0.8884809999999999	23.728481	0.0329944942785433	0.0175458145463746	-0.0433346181	-0.0139018039	-0.0262461927	-0.1016110583	-0.0228040484	-0.0628740448	-0.0354183365	0.0829690989	0.0814937108	0.0609786885	0.0525638265	-0.1008891422	0.070577585	0.0745750564	0.0744660225	-0.1458510276	0.0235656801	0.0711430865	0.031291171	0.1156356412	0.0763690592	0.0104197996	-0.2089645704	-0.0275676554	-0.0970582376	-0.0029033891	0.151938893	0.1335406591	-0.0559912648	-0.0121928886	0.1828382654	0.072151308	0.1061021484	-0.0991390066	-0.0907595794	0.0276868064	0.0154354174	-0.1031913072	-0.1413975837	-0.0182915019	-0.0177839888	0.1126752729	0.0549115759	-0.0541378703	-0.0213591109	0.0475198387	-0.0339407338	0.146885755	-0.071494789	0.2139293769	-0.0113472222	0.1493445511	-0.0513973105	-0.0125587792	0.0321778869	-0.0977023773	-0.1157198703	-0.136448239	0.0178414497	-0.0508145698	0.0525488458	0.0964535879	-0.0179108784	0.0853831316	0.0055854781	-0.0929852949	0.0085093344	0.0793384002	0.1064376063	0.0326095366	0.033980334	0.040143852	-0.1764748704	-0.1164240015	0.0555438343	-0.0177989593	0.1625275062	-0.0855610273	0.007466624	0.2438185199	-0.1167879742	-0.0108611504	0.0057547515	0.0752899265	0.1096560528	0.1044017822	0.0567636969	-0.0521825483	0.017742583	-0.0211615532	0.0941459051	0.0276174091	-0.0317869919	-0.00165688	0.0815819791	-0.020298241	0.0846203506	0.0059596367	0.0751571521	-0.1016033723	-0.0127299469	-0.0185635902	0.0605675455	-0.0926433187	-0.0569427087	0.0267919015	0.0751639779	-0.0811487481	0.0603228782	0.024743218	-0.0155946327	0.1277634447	0.1237830955	0.1172407796	0.1082719048	0.035860279166286	-1.942759085699769e-05	3.774312865069002e-10	0.0012859596218839	0.0115032036017765	-0.0135922241076684	0.000184748556193	0.0001323236931039	-0.3179027790654203	0.0100555839748892	0.000101114769076	0.1010621769375174	0.0012529928215653	6.107765764480004e-05	3.730480263375401e-09	1.5699910108941718e-06	-0.0012530113384445	-9.286475406e-07	8.623862546624286e-13	1.570037414270477e-06	-1.271514897422635e-05	0.0001245388669171	1.5509929373013492e-08	1.616750134367694e-10	0.0	0.0	0.0	0.0	0.0	0.0	0.0	0.0	0.0	0.0	0.0	0.0	0.0
873.0977572184842	-0.9646038365983712	762299.6936599471	0.9304605615802974	1380.559718134883	-0.9277413399727266	0.8607039938943902	1905945.135336668	857.5424707643106	-0.4065796249502682	0.1653069914247007	735379.0891645584	942.0856871351116	836.8486089545828	0.8654549999999999	23.113539	0.0454731862589579	0.0247507041808657	-0.0377702432	-0.042528467	0.0311389924	-0.1267159527	0.0065248137	-0.079695941	-0.0639165698	0.069695262	-0.0445938996	-0.0633276827	0.0499980466	-0.069591547	0.0391470439	0.0772681171	-0.0316001768	-0.1143980653	0.031172135	0.0597065772	-0.0073353561	0.0339446948	-0.0608569691	-0.117773262	-0.0229053906	-0.0150433041	-0.0568333003	0.0659425069	-0.1175074924	-0.1415468313	0.0140738444	-0.2148442285	-0.0267851546	-0.1451176077	-0.0979129831	-0.094507703	0.0593644622	0.1718034597	0.1193737419	-0.0006111397	-0.0375764861	-0.0294542656	-0.0252118637	-0.0556762754	0.0843616334	0.0701079405	-0.129368572	-0.162739308	0.0125684218	0.0562443592	0.0701424906	-0.0943578467	-0.1366213679	-0.1703315351	-0.071123931	0.0361328806	-0.0048896388	-0.0730508952	-0.1419534575	-0.1031706771	0.0251218881	0.0135211597	-0.0594105525	0.012653568	-0.1097185513	0.0766258758	-0.082656766	-0.0600625938	0.0441643743	-0.0954154482	-0.0147838774	0.0764845772	0.0875591102	-0.0123906456	0.153379616	0.0460073626	-0.110760576	-0.0888396599	-0.0812949034	-0.1338149299	-0.242308665	-0.0138329825	0.0648926252	0.0604827773	0.0068124016	0.0679198905	0.1944799659	-0.1045289732	0.0499158366	-0.0572999783	0.0396893496	-0.0437418458	0.1244043106	0.0481907	-0.0533695917	-0.0065535136	0.0805912284	-0.010450363	0.071410637	0.0206285373	0.0366208928	-0.0723594622	-0.060253598	0.0432513001	-0.0094478207	-0.0491434891	-0.0750676697	-0.0402624324	0.1037411929	-0.0403565966	0.0729283928	0.0690372381	0.0250738157	0.1272347401	0.1216944932	0.1126387502	0.1003291122	0.0359823052489929	0.0001220260827069	1.4890364860791477e-08	0.0012947262910317	0.0184614669516776	0.0069582633499011	4.841742884657688e-05	0.0003408257620078	-0.3366560198424366	-0.0187532407770162	0.0003516840396407	0.113337275696151	0.0012714205841152	1.8427762549900077e-05	3.3958243259549967e-10	1.6165103017118366e-06	-0.0015350671127598	-0.0002820557743153	7.955545982460347e-08	2.3564310406767085e-06	-0.0001050247330957	-9.230958412147366e-05	8.52105932067942e-09	1.1030194561823025e-08	0.0	0.0	0.0	0.0	0.0	0.0	0.0	0.0	0.0	0.0	0.0	0.0	0.0
873.9604618818202	0.8627046633359896	763806.8889326844	0.7442593361416632	1383.7745682999894	3.214850165106327	10.335261584084176	1914832.055873822	859.0273100226848	1.4848392583742225	2.204747623209311	737927.9193648098	943.0326638134144	829.5093298687218	0.888144	23.719503	0.0494331527932223	0.0264117746769748	-0.037582049	-0.042689952	0.0294423353	-0.0582822539	-0.0060775026	-0.1144330148	-0.0200195466	0.0358329152	0.0102420614	-0.0075120151	0.0185746172	-0.1036164676	-0.0380774367	0.0765606262	-0.0308645247	-0.0065564623	-0.1041926847	-0.0628238673	0.0233991467	-0.0210708078	-0.0396180498	0.1513093625	-0.0107891228	0.1959611155	0.0687232954	0.0563948358	0.0406647302	-0.1195895206	-0.0085516637	0.0038782314	-0.0833166447	-0.0429731519	3.96976e-05	0.2069905083	0.0455985438	0.0554480113	0.0527910015	0.0346660079	0.1066178407	-0.1449898128	0.0989246586	-0.044967566	0.121878404	-0.0001872523	0.11031654	0.0354242829	-0.0012323672	-0.0214059331	-0.0329542482	-0.0655148908	0.0346234373	-0.2368876637	-0.0620824777	-0.0094112021	0.1142742808	-0.0162101582	-0.0122869203	-0.0001845374	0.1295095868	-0.0670996614	0.0284156622	0.1076522159	0.0246398591	-0.0544087537	0.0246000226	-0.1132183321	0.0461222532	-0.1391976452	-0.0216077192	0.1126125273	-0.0440851078	-0.0219909514	-0.0473767645	0.0765594895	-0.0440684281	-0.1072953534	-0.1238403126	-0.0132143833	-0.1117183368	0.0062338287	0.1469786626	-0.1401981549	0.0664994188	0.017628089	-0.0827528159	0.0103467901	-0.1072188703	-0.0486796436	0.0310290339	-0.0431312332	0.1108092748	0.0423092735	-0.024030769	0.009547554	0.0664587449	0.0238283034	0.1444645997	0.067524556	-0.0297913326	0.0771207671	0.0593547654	0.0932752645	-0.0423456551	-0.082527304	-0.0399365657	-0.0987929912	-0.1194798999	0.0809027747	0.024649349	-0.0448972174	0.0198474231	0.1266188352	0.1192723348	0.1073422654	0.0912870929	0.0479159274767511	0.0119336222277581	0.0001424113394748	0.0022959361059572	0.0220381234875048	0.0035766565358271	1.2792471975275423e-05	0.0004856788868505	-0.3179228648178096	0.0187331550246269	0.0003509310971767	0.1010749479739632	0.0015599100795224	0.0002884894954071	8.322618896030084e-08	2.43331945619558e-06	-0.0015350936842715	-2.6571511700136663e-08	7.060452340304996e-16	2.356512619490248e-06	-0.000120303046277	-1.5278313181299997e-05	2.3342685366588525e-10	1.4472822943526004e-08	0.0	0.0	0.0	0.0	0.0	0.0	0.0	0.0	0.0	0.0	0.0	0.0	0.0
871.4229840320799	-2.5374778497402986	759378.0170993746	6.438793837922649	1384.909323660819	1.1347553608295584	1.2876697289314214	1917973.8347626668	857.1566056789878	-1.870704343696957	3.499534741526663	734717.4466591239	943.3377992160132	830.4006956525417	0.9261140000000002	24.733543	0.1111503064027867	0.0514265100193026	-0.0292149308	-0.0564555577	-0.001121545	-0.104620983	0.025622119	-0.0508273604	-0.0681421	-0.022452971	-0.0228123907	0.0154967792	-0.0184547302	-0.0828634724	0.0821156758	0.058303044	-0.0509206052	-0.1102223628	0.0680809531	-0.0514012158	0.1877763993	-0.0288378522	0.2648692314	-0.1008119086	0.0046393754	0.0253292067	0.025798472	0.0572579203	0.0207228006	-0.0305910512	0.0571283847	-0.0320837307	0.0475226135	-0.1041921876	0.0037648964	0.0569424089	0.0663410004	0.0863584988	-0.1338035543	-0.0631229601	-0.1242289752	0.0646015349	-0.0313492814	-0.1025645805	0.048417405	0.0120185443	-0.1124635016	0.0194614809	0.0050257923	-0.0626044739	-0.0836828696	0.1064678241	0.0268849354	0.0679418005	-0.0798143326	0.086465426	0.0260158985	-0.0281182107	0.0248736749	-0.0523982285	0.0165058509	-0.1886360574	0.1545307505	0.0641009325	-0.063290445	0.1080561477	-0.0307428931	-0.0729284816	0.1112406476	0.0262068004	-0.073655166	-0.0726752409	0.0819260748	0.0006548308	0.1860096955	0.0426197163	0.1432060161	-0.0366336776	0.0411154751	-0.0684268677	0.0607566734	0.0452936421	-0.0204870677	-0.0643512834	0.04548009	-0.169478432	-0.0405929061	-0.091832359	0.1646970651	-0.0530796681	0.0736751658	-0.0583077553	0.124419475	0.0295203398	-0.0615798511	-0.0312394404	0.1080127171	0.0657417672	0.0611912889	0.1390300609	-0.0266497583	0.0521536149	0.0894175735	0.0125516927	-0.0074326769	-0.0638658287	0.0623206509	-0.0937075678	-0.0399131155	0.0983925262	-0.1982636986	0.0473968474	-0.030329291	0.1259161521	0.1165232592	0.1013839798	0.0812449131	0.0360351302718271	-0.011880797204924	0.0001411533422245	0.0012985306137075	0.0416616049717362	0.0196234814842314	0.0003850810255619	0.0017356893288209	-0.3387308402169822	-0.0208079753991725	0.0004329718402125	0.1147385821141027	0.0020670539225571	0.0005071438430346	2.571948775280043e-07	4.2727119187586925e-06	-0.0010828983590152	0.0004521953252563	2.04480612183651e-07	1.172668855957813e-06	9.7118831721175e-05	0.0002174218779981	4.72722730322533e-08	9.432067474885908e-09	0.0	0.0	0.0	0.0	0.0	0.0	0.0	0.0	0.0	0.0	0.0	0.0	0.0
873.1107453678419	1.6877613357620476	762322.3736767884	2.848538326493291	1380.7385300644885	-4.170793596330441	17.395519223191013	1906438.8884046443	856.136268032704	-1.0203376462837923	1.0410889124239493	732969.309440966	939.5401654308604	824.9495479850572	1.107781	29.585302	0.3679038411602553	0.1690398888108991	-0.0045304577	-0.013700923	-0.0099564386	0.0291475491	-0.0252723784	0.0020491428	1.2545e-06	0.0413512119	0.0336895231	0.0728810467	-0.130655277	-0.0189367811	0.1946323769	-0.0004545533	0.0430839513	-0.0489174984	0.0436729127	-0.096482024	0.0906533909	0.033712727	-0.1089815939	0.1698262967	0.0340920412	0.2031785156	-0.0692279798	-0.0887373097	0.1039264297	0.0261794483	0.1722819305	0.0342389235	-0.0673935953	0.0190175113	-0.0902574328	-0.1210580647	0.0996865021	-0.1672529677	-0.2356404035	-0.1284586906	0.112791098	0.1911462137	0.0177477873	-0.0172966096	0.0186769366	-0.0504753154	-0.0086303791	0.0113256927	-0.172208689	-0.0358049466	-0.0501455312	-0.0214906335	-0.0046471691	-0.0580904599	-0.0042562862	-0.044968018	0.0438163753	-0.1121717463	0.0027530168	-0.0827762327	0.0177833617	0.0336044195	0.1473725544	0.0321727055	0.164140455	-0.1978852922	0.0184747331	-0.0182673304	-0.0781438992	-0.0791962137	0.0478758212	0.0005285169	-0.1367407173	-0.1585254463	-0.0333135708	0.1319198308	0.0599192866	0.1080312968	0.0642631341	0.1112576846	0.2735161342	-0.0609263022	-0.1803022937	-0.2419068895	-0.1111407041	0.0207243936	-0.1200058671	-0.0139330331	-0.0126700065	-0.0251289726	-0.0182158033	0.0397746939	0.0191043436	-0.0082803934	-0.0198843644	0.0031545997	-0.0753347975	-0.1280751848	-0.0059626781	0.0192538765	-0.0477608245	0.040851686	-0.0175079437	0.0674716094	0.0811956965	0.0726143347	-0.007623698	0.0216305997	-0.0725050037	-0.1138371078	-0.0496698804	0.2389631943	-0.1893622752	0.1251271724	0.1134548014	0.0948006283	0.0703125971	-0.0160555119523877	-0.0520906422242148	0.0027134350073311	0.0002577794640532	0.0775807305258524	0.0359191255541162	0.0012901835805723	0.0060187697489249	-0.2281986976490841	0.110532142567898	0.0122173545406501	0.0520746456087381	0.0011757212747713	-0.0008913326477857	7.944738890088448e-07	1.3823205159498503e-06	0.0006480071049868	0.001730905464002	2.996033725311979e-06	4.199132081133736e-07	0.0008621193362139	0.0007650005044927	5.852257718741237e-07	7.432497498738955e-07	0.0	0.0	0.0	0.0	0.0	0.0	0.0	0.0	0.0	0.0	0.0	0.0	0.0
876.6383796635736	3.527634295731673	768494.8486991758	12.444203724422296	1382.3478364228486	1.6093063583600724	2.5898669550581577	1910885.5408629305	857.440877220135	1.3046091874309695	1.7020051319292946	735204.8579280346	939.3649540675232	834.1289707366667	1.191778	31.828588	0.5159987559699594	0.2398076729663119	0.002211137	0.1122691988	-0.1206213831	0.0171918005	0.0036510494	0.1438551209	0.0840555929	-0.0591164874	-0.0155854714	0.1427773046	-0.0799837546	-0.0772770826	-0.0197083234	-0.029446328	0.1764881029	0.005241773	-0.1039398782	-0.044778476	-0.1204590107	0.0594082114	-0.0468264456	0.0227353834	-0.0684941123	-0.0982233311	-0.0162604416	-0.058725759	0.1035030656	0.0294816941	-0.1477425044	-0.1067187948	-0.1797949322	-0.0299605927	-0.1079707149	0.147745899	0.0617267084	0.1459522567	0.0419610782	0.1683974441	-0.054273919	0.0374045908	0.0216184571	-0.0039004487	-0.1331958338	0.0857889207	0.1211601615	-0.2642507942	0.0321372248	0.1290426128	-0.0742624604	-0.0715687922	0.0089740161	0.0586922791	0.0733981168	-0.1674173271	-0.0354236362	-0.0802412902	0.124313798	0.04437529	-0.0272419572	0.0938017344	-0.1466120376	0.0763634987	0.0997654105	-0.0750321414	0.1335130846	0.0293046785	-0.093695777	0.1278192566	0.105331544	0.0380437179	-0.1934594498	0.0497752725	-0.0571648801	-0.1547070964	-0.1878967641	-0.0859436868	0.0249905001	-0.2030997686	0.0014908031	-0.1253957816	0.065513179	0.0544644826	0.1191116526	-0.0804896832	-0.0533311811	-0.2661539769	-0.1799373758	0.0281879675	-0.1075838211	0.1453656898	-0.1117175856	-0.0926406818	-0.0215572587	-0.1703667947	-0.0839790467	-0.1478506203	-0.177487316	-0.3023663441	-0.2802805698	-0.0586341918	0.1403672732	0.0940734739	0.1035864608	0.141774572	0.1257555148	0.1211307022	-0.2631816881	-0.033504235	0.0208474117	0.2787971049	0.1539126517	0.1242524367	0.1100753719	0.0876327994	0.0586099215	-0.094402348581454	-0.0783468366290662	0.0061382268097816	0.0089118034176943	-0.0369271395404098	-0.1145078700662622	0.0131120523071119	0.0013636136346368	-0.0977936448167398	0.1304050528323443	0.0170054778042065	0.0095635969665426	-0.0006190393883869	-0.0017947606631582	3.221165838020062e-06	3.832097643744273e-07	0.0018869907618095	0.0012389836568227	1.5350805018737503e-06	3.560734135154397e-06	4.108372734906891e-05	-0.0008210356088648	6.740994710240439e-07	1.6878726528926331e-09	1.0	0.0	0.0	0.0	0.0	0.0	0.0	0.0	0.0	0.0	0.0	0.0	0.0
876.6315500440802	-0.0068296194933736	768482.8745326867	4.664370242426982e-05	1385.344361451295	2.996525028446513	8.979162246106375	1919178.9998048963	859.7813818750561	2.3405046549211197	5.477962039707427	739224.024618981	944.3080040405677	851.2229708142848	1.091186	29.14209	0.2768094852576657	0.1368163534320794	-0.0195707392	0.0672245764	-0.1443415766	-0.1265477576	0.0398305998	0.0475008041	-0.0138753566	-0.2321260545	-0.2175247564	0.115003877	-0.0279161721	-0.0499496725	-0.0206840682	0.0444041617	0.0132825665	-0.0621644053	-0.145536792	0.1735787368	-0.1866765659	0.0857333101	0.1373901794	-0.0177725359	-0.0028976692	-0.0689086777	0.1522354548	0.0152461705	0.0325824005	-0.0517156533	0.0841340753	0.1941719192	0.1236470652	-0.081189623	-0.095563816	0.1101272994	0.0593824785	0.0471051752	-0.1724750917	-0.0481949232	-0.0428257466	0.044334335	-0.0642715949	0.0243214812	-0.0258079652	0.018454483	-0.0092302295	0.1155958007	-0.1886149587	0.0395010998	-0.0250174679	-0.089549818	-0.0694573845	0.1015396137	-0.0199697004	-0.0111100139	-0.037931404	-0.0208229658	0.0092346477	0.09351262	-0.1859027769	-0.1110965055	-0.2580742971	0.0503340485	-0.0198851404	0.0762263258	0.0973216706	-0.0575030654	-0.0747420603	0.244423381	0.0197562951	-0.1070610043	0.0874964157	-0.0116667746	-0.0660558618	-0.0979542894	0.1405182122	0.1358435133	-0.0408640653	0.1540557317	-0.1472623535	-0.0840717825	0.0353102959	0.0864270554	0.0193082399	-0.2622230221	-0.1844869316	0.1385651367	-0.0147836743	0.009383739	-0.0379797211	0.0940190319	-0.0464422881	-0.0117625056	-0.0613848966	-0.1538788556	0.0304093469	-0.1056079642	-0.1089525742	-0.2195562063	-0.0020519959	-0.1617977168	-0.0735813727	-0.2615614938	-0.0693754377	0.0365983697	-0.0049811763	0.0304399067	0.0538244353	-0.0840029364	-0.0829779405	0.0452219428	-0.0357037238	0.1232925447	0.1063942335	0.0799246852	0.0462651033	-0.0676205552999817	0.0267817932814722	0.0007172644513715	0.0045725394990778	0.0315404188502554	0.0684675583906652	0.0046878065519791	0.0009947980212495	-0.1762354213771644	-0.0784417765604245	0.0061531123099555	0.0310589237479866	0.0004470237034216	0.0010660630918085	1.136490515716298e-06	1.998301914207626e-07	0.0009799894927056	-0.0009070012691039	8.226513021560854e-07	9.603794058133792e-07	-4.821905224060226e-05	-8.930277958967117e-05	7.97498644244139e-09	2.325076998981929e-09	0.0	0.0	0.0	0.0	0.0	0.0	0.0	0.0	0.0	0.0	0.0	0.0	0.0
868.4763042415242	-8.15524580255601	754251.0910290165	66.50803410010742	1385.2140551501209	-0.1303063011741869	0.0169797321256979	1918817.978585442	857.6076588940209	-2.173722981035212	4.725071598280608	735490.8965936833	942.7467452851996	825.6313925085908	1.130477	30.191441	0.1612697068675198	0.0955114209761417	-0.0032672679	0.0120287937	-0.0003319024	0.0418967607	0.0394229756	0.0093387294	0.0022176589	-0.1833724574	-0.2362713065	-0.1152337392	0.1275024978	0.1845912047	-0.0343892471	0.0027498588	-0.014562018	0.0041848326	-0.0673898187	0.1459211795	-0.0873071675	-0.1047164291	-0.1054809596	0.1500299831	0.0486544416	-0.1088876516	-0.0224646456	-0.3032446908	0.0175309658	-0.0064936194	-0.0202914429	0.0903670399	-0.0154368251	0.1300160308	0.0519641132	-0.0800604931	-0.0101665637	-0.014028404	0.0224272202	0.1401747287	0.0190589129	-0.1388285134	0.0206347992	-0.108159014	-0.0225425819	0.0511551912	0.1351089888	0.1063923104	-0.1132445537	-0.0472601713	0.1278258189	0.042375549	0.1090494418	-0.1281969805	-0.0007129151	0.0182474115	-0.0391332896	0.0753584975	-0.0506424689	0.1499748423	-0.2196293978	-0.0989981847	-0.1366921042	-0.1388417102	0.1925194975	-0.0880113818	-0.0931872996	0.0054360955	-0.0056563205	-0.0859215294	0.112642598	-0.1427631064	-0.0306094026	-0.0398879001	-0.0605230936	-0.0108024455	-0.0404394737	0.0286269922	-0.094969263	0.0714811813	0.1443789494	-0.1549779083	0.1695004782	0.1475813277	-0.0579623555	0.0180047288	0.1514283511	0.0354285527	-0.0539097934	0.0205674725	-0.0556908498	0.069829982	-0.1005964144	0.003535538	0.0118424939	-0.0268080901	-0.0093312762	-0.0483964859	-0.0936609948	-0.1204430252	0.0357261696	-0.0815235949	-0.1776412236	-0.0989730626	-0.1901313109	0.0649325772	0.1062219715	0.0150404307	0.1097095355	0.1231951601	-0.1181381361	-0.133298975	-0.0330773687	0.1222481541	0.1024214758	0.0717238087	0.033413395	-0.0451523348006048	0.0224682204993769	0.0005048209324086	0.0020387333379459	0.0344877190339616	0.0029473001837061	8.686578372874577e-06	0.0011894027641654	-0.0962911149671228	0.0799443064100415	0.0063910921273826	0.0092719788216116	0.0002719815882445	-0.0001750421151771	3.063974208567314e-08	7.397398434400076e-08	0.0002390205750533	-0.0007409689176522	5.490349369268207e-07	5.713083529881022e-08	0.0001539675104179	0.0002021865626585	4.0879406119660466e-08	2.370599426428615e-08	0.0	0.0	0.0	0.0	0.0	0.0	0.0	0.0	0.0	0.0	0.0	0.0	0.0
865.3765249061807	-3.0997793353434417	748876.5298586977	9.608631927822229	1379.7598320671746	-5.454223082946328	29.748549438544543	1903737.1941860376	855.3107120761542	-2.296946817866683	5.275964684107881	731556.414192218	940.6812290042512	809.5712149081453	1.008135	26.924078	0.0563387060665167	0.0287505798600867	0.0180888665	0.0271095153	0.1050716257	0.1828915614	0.0154680893	0.0514721576	-0.0050710656	0.0731046093	0.0915844932	-0.0464145117	0.0548578543	0.22206187	0.0221839935	-0.0389448697	-0.0399649071	0.0777192617	0.094047369	0.0565640013	-0.1571708498	-0.2855924315	0.0159286888	-0.0568023671	0.0499830344	-0.0885151378	-0.1578417895	0.0922816988	0.0392663774	0.0224704558	-0.131595816	0.0387580995	0.0354521708	-0.0354167405	0.0171582227	-0.0017285831	0.0675464685	-0.1473796622	-0.0744334566	-0.1007468029	0.220227448	-0.0181785056	0.0499762716	-0.1092332464	-0.1213054065	-0.0449356188	0.0492676967	-0.1069288017	0.0727482508	-0.0779310334	0.1381496926	0.17059759	0.0734869879	0.1312455709	0.0228132977	0.0320596924	-0.0654447145	0.0785930148	-0.0670025053	0.1499253884	-0.0809853993	0.1056785388	0.0012503076	-0.1596625282	0.0226539019	0.1178514426	-0.06695857	0.21800897	0.0304554761	-0.114438896	0.0218647319	0.0520718609	-0.1737421207	0.0857542174	0.0857087108	-0.1277271994	0.0115851581	0.0438227848	0.0765541365	0.0808693206	-0.0134585395	0.0893627094	-0.0125061895	-0.0625137895	-0.0408586938	0.0064660585	-0.0646939752	-0.1550046144	-0.074720444	0.0274971606	-0.0591971633	0.0436450415	-0.1081183815	-0.0624591448	0.0463394943	0.1104308236	-0.1266985286	-0.0045818655	-0.1476836056	-0.0672255081	0.1305832016	0.0759275175	-0.1149093201	-0.0828165622	-0.0553931089	0.1378960253	-0.0216691135	0.0141162682	0.0793737576	-0.0163928087	0.1030932863	-0.1139155681	-0.0115637154	0.1211199807	0.098167988	0.063080731	0.0201956026	-0.0243220004936119	0.0208303343069929	0.000433902827341	0.0005915597080112	0.0315901770228066	-0.0028975420111549	8.395749706408142e-06	0.0009979392843322	-0.0802784020585889	0.0160127129085339	0.0002564069746911	0.0064446218370804	0.000398977800205	0.0001269962119604	1.6128037852316238e-08	1.591832850564209e-07	0.0001590553589012	-7.99652161521e-05	6.394435794252075e-09	2.5298607195189545e-08	0.000278968419102	0.0001250009086841	1.5625227171850705e-08	7.782337885626913e-08	0.0	0.0	0.0	0.0	0.0	0.0	0.0	0.0	0.0	0.0	0.0	0.0	0.0
866.8883995680217	1.5118746618409205	751495.497305606	2.2857649931165978	1377.9991382220844	-1.7606938450901453	3.10004281613832	1898881.6249408072	855.4667086072309	0.1559965310766529	0.0243349177079491	731823.2895352889	939.6909898855864	803.8427416450619	0.890781	23.789927	0.0437207614758342	0.029978900597607	0.0326704442	0.0060868868	0.0763857679	0.1904794009	-0.0046089051	0.0242283324	0.0223232939	0.0707301313	0.0599892662	0.0566560867	-0.0013156064	0.1849227769	-0.013552893	-0.0492610165	0.0067596759	0.0747024407	0.0236083187	-0.0125244124	0.0425656444	-0.0468420322	-0.0278159181	0.0283397299	0.0516385569	-0.0489144002	0.1970914476	0.1086953767	0.1240307517	-0.0624310048	0.1137344026	-0.0059438226	-0.0385445681	-0.0880820664	0.0360195046	0.0539919248	0.0550735869	-0.1083548388	0.1246199583	-0.0700444951	0.1157156735	0.0771994134	0.1040926499	0.1572060703	0.0192203919	0.0833080501	-0.0337651274	-0.046728543	0.0533716953	0.0867701645	-0.0224421062	-0.0171513866	0.0817561057	0.2428288023	0.0224595454	-0.0035486376	0.0188109187	0.0700781312	0.0485237539	0.0191097761	0.0092205068	0.0941324702	0.1011776976	-0.0602301292	0.0317096643	-0.0443508023	0.2186048179	0.0320933868	0.2318856507	-0.0702801657	-0.0146522415	0.048445159	-0.0058109896	0.0783411347	0.0071295399	-0.2070603258	0.006999586	-0.0759055304	-0.0137820393	0.113791429	-0.0140908722	-0.081765797	-0.1820830222	0.0542612509	0.0667087126	-0.1082926565	0.0622558227	-0.0284694644	0.0870619654	0.021965281	-0.037640932	0.0329698383	-0.0819892098	-0.0572778878	0.0386355043	0.1027453033	-0.0675493686	-0.0012084508	-0.1045848085	-0.0104352742	0.121066205	0.1484315823	0.0047227063	-0.0186707432	0.0989783489	0.0490088684	0.1071225889	0.062569592	-0.1020881766	0.0527477107	-0.0883926283	-0.1322223844	-0.1364952097	0.1199087977	0.0936454286	0.0540487397	0.0067565429	-0.0242798651692623	4.213532434960143e-05	1.7753855580461155e-09	0.0005895118526375	0.0315785054017965	-1.1671621010102272e-05	1.3622673700346082e-10	0.0009972020034112	-0.0754443162970943	0.0048340857614945	2.3368385149484744e-05	0.005691844861536	0.0009569651333004	0.0005579873330954	3.113498638949169e-07	9.157822663526522e-07	0.0003186047030945	0.0001595493441933	2.5455993232512113e-08	1.015089568339345e-07	0.0002198477210111	-5.912069809089999e-05	3.495256942755346e-09	4.833302043377447e-08	0.0	0.0	0.0	0.0	0.0	0.0	0.0	0.0	0.0	0.0	0.0	0.0	0.0
867.9617823746639	1.0733828066422575	753357.6556630034	1.15215064959521	1380.0767783316765	2.077640109592039	4.31658842498562	1904611.9140903396	855.9599842582459	0.4932756510149829	0.2433208678842552	732667.4946513765	939.6259419912444	805.1035822364332	0.880313	23.510363	0.0667574425923364	0.0341056286374626	0.0423110641	0.0221081265	0.069826897	0.1438100111	0.0122348763	0.064003968	0.0516230068	0.0219273745	-0.0150346768	0.0157749245	-0.0180890952	0.1310074904	0.1513588274	-0.0484145195	0.0654913141	0.0051996873	0.0714853213	0.1238180495	0.0700086435	-0.1279593495	-0.1301554628	-0.0968675557	0.1546760957	-0.2186297694	0.0191076669	0.050530225	0.0420295801	0.1525206792	0.0254382248	-0.0692565915	-0.0153995204	-0.0939483537	-0.0251389407	-0.0029652931	0.0514510521	-0.0976100648	0.0476335987	-0.1132259154	-0.0742933276	-0.046325098	-0.1198269921	-0.0988616513	-0.0718449875	0.0534570008	0.0281371428	0.0741027712	-0.1424813854	0.1355846057	-0.0201636734	-0.0428280857	-0.1118428096	0.05451362	0.044345785	-0.0436707978	-0.0582799019	0.0291125234	-0.0304722744	-0.0113283184	-0.1611654995	0.0119592339	0.0610418923	-0.0770629155	0.1215513251	-0.0124791566	0.1187358466	0.1706790793	0.0240716683	0.1181131543	-0.0095663917	-0.0664239124	-0.0972627971	0.014403075	0.1187401794	-0.0729724869	-0.0864695742	-0.0139819097	0.0088935347	-0.0804206468	0.0232043181	0.125632863	-0.108793245	-0.0249863706	0.0360147026	-0.1709690975	0.1152346697	0.1039238694	0.0354803269	0.0290810526	-0.0425263423	0.0312455233	-0.0771530948	-0.0355753857	0.0355997821	0.1045491991	-0.1130212742	-0.0180495141	-0.0838745395	-0.0430893353	0.2023482694	0.0514911884	-0.0283685586	-0.0796237837	0.1534768885	0.0016110735	0.0369867566	0.0750527411	0.069754352	0.0091511347	-0.0451501766	0.0026127076	-0.060160677	0.1186154352	0.0888661936	0.0446835199	-0.0067565429	-0.0243312116549105	-5.134648564819946e-05	2.636461588420753e-09	0.000592007860596	0.0146284121948241	-0.0169500932069723	0.000287305659725	0.0002139904433416	-0.0592199275621325	0.0162243887349618	0.0002632307898231	0.0035069998204642	0.0007000047721336	-0.0002569603611668	6.60286272109723e-08	4.900066810098132e-07	-3.5902360975281766e-05	-0.0003545070640697	1.2567525847537636e-07	1.288979523599435e-09	0.0002790125790696	5.916485805849996e-05	3.500480429082448e-09	7.784801927906977e-08	0.0	0.0	0.0	0.0	0.0	0.0	0.0	0.0	0.0	0.0	0.0	0.0	0.0
869.7597710518723	1.7979886772084228	756482.0593402054	3.232763283369694	1382.7467728348463	2.669994503169846	7.128870646957194	1911988.637785182	855.2452402107032	-0.7147440475426947	0.5108590534977139	731444.4209030634	938.4918178678738	805.5618672568563	0.876407	23.406031	0.0814755863207946	0.0402494939993991	0.048590801	0.0380319465	0.0621479864	0.1388008157	0.000638635	0.0930361933	0.1139769111	0.0284457013	-0.0419236269	-0.0330041591	-0.0579787876	0.0554206212	0.0908489865	-0.0817809949	0.0756677445	0.0563645312	0.0738431406	0.0321370118	-0.0827539823	-0.0784089427	-0.1852292445	0.1477810566	0.1042527739	0.028931176	0.0394255451	-0.0099107745	-0.2384233955	0.1502611789	-0.0033480095	-0.0681898648	0.1115737346	-0.2169524193	-0.0515553383	-0.077739743	-0.1045127347	0.0758021723	-0.158480785	-0.1900090868	0.1078985883	-0.0803673432	-0.0344215605	0.1129518126	0.0779328226	-0.0799591424	0.0045062163	-0.0782009671	0.2014531299	-0.0335180732	-0.0618775147	-0.0619209628	-0.0204669477	-0.0255691444	0.0768709996	-0.0820007289	-0.0206095457	0.055076708	-0.0397253436	0.0128144141	-0.141256043	0.1811042659	0.0507398489	-0.0390557915	-0.0131346317	-0.1751971323	-0.020386124	0.0510281382	-0.0464315505	-0.0584542803	-0.0630702797	0.0030178316	0.0182684854	0.0664802102	0.1933917212	0.1059717064	-0.1005172957	-0.0254699883	0.2330316382	-0.0835763199	-0.0373523734	-0.0135151555	-0.008874829	-0.0886769351	0.0664674206	0.092380837	-0.2077130903	0.0730454202	0.1240940582	0.0449821959	-0.0611263137	0.0404421273	-0.0888201363	-0.0129871971	0.0421430298	0.0772262725	-0.1025551118	-0.0678019065	-0.0154835738	-0.0832723913	0.1379039224	0.0700114382	-0.1133862664	0.127671523	0.0937110759	0.0046007256	0.068028115	0.1000252231	-0.011739748	-0.0426483228	-0.0126004684	-0.0360391729	-0.0761364332	0.1172407796	0.0838433825	0.0350428114	-0.0201956026	-0.0242584921694088	7.271948550170021e-05	5.288123571631987e-09	0.0005884744423332	0.0339971404509071	0.0193687282560829	0.0003751476342579	0.0011558055588387	-0.0403402101876366	0.0188797173744958	0.0003564437281408	0.0016273325579827	0.000304939749202	-0.0003950650229316	1.5607637234394564e-07	9.298825064337865e-08	0.0004320422036461	0.0004679445646213	2.189721155586945e-07	1.866604657313781e-07	0.0002789337425283	-7.88365412999711e-08	6.215200244142047e-15	7.780403272084396e-08	0.0	0.0	0.0	0.0	0.0	0.0	0.0	0.0	0.0	0.0	0.0	0.0	0.0
870.7201226968607	0.96035164498835	758153.5320692362	0.9222752820318298	1381.0665036679743	-1.6802691668719945	2.8233044731407064	1907344.6875536828	855.9355666098677	0.690326399164519	0.4765505373834508	732625.6941877552	939.80627595216	811.5711323140199	0.8512189999999998	22.733334	0.1019265688540604	0.0442287006997876	0.0240384569	0.002791245	0.0486835017	0.1097421685	-0.0164199572	0.0316012065	0.0097385216	0.0033634628	-0.0584842202	0.0098509583	0.0091069318	0.074894396	-0.0606188674	-0.0615881089	0.0189842856	0.0399980678	0.060929918	0.0635912889	-0.0938471935	0.0334697244	-0.108584505	-0.0413431159	0.0830602897	-0.0614652876	0.0026155328	-0.1436236269	-0.0803242663	0.0645620103	-0.1028588399	-0.0894764343	-0.1026815944	0.0875032035	0.1634363699	-0.0253099124	-0.1149718832	-0.2039297584	-0.0580489407	0.104342332	-0.0052174637	0.012787187	0.0595451442	0.0641661906	-0.1074456668	0.0710160163	-0.0237337066	0.0918282808	0.1628292135	-0.0705575701	-0.0208281162	-0.1057117995	-0.0762053156	-0.0420971627	0.0459044432	-0.012847635	-0.0328651208	0.0439664014	-0.0457631539	0.00601962	-0.0956274074	0.1242578011	-0.1003009561	-0.1092440972	-0.0419104637	-0.0381121448	-0.0060564348	0.1150897755	0.029446567	-0.0068888236	-0.1039490178	-0.0132879274	-0.0089538027	0.0924388899	-0.0414444597	-0.0636956792	-0.0025859951	-0.0030751589	0.0482825895	-0.1503287316	0.2071857817	0.0565643902	0.0625100946	0.1112924037	-0.0373382088	0.0851032323	0.0892169184	0.2308070663	0.1647683588	0.0414773949	-0.021891836	0.0203213159	-0.0707623757	-0.007716658	0.0287748821	0.0588068002	-0.0613314525	-0.0093982379	-0.008699904	-0.0639087603	0.1152108708	0.076196654	-0.1486020306	0.0303855733	-0.0202069181	0.0403474063	0.0530830888	0.011375682	0.041902144	0.0078539423	-0.0478396986	-0.0917375376	0.0484032728	0.1157857731	0.0785907625	0.0251860523	-0.033413395	0.0006003274849462	0.0248588196543549	0.0006179609146077	3.603930891818299e-07	0.0146392235229484	-0.0193579169279587	0.0003747289477897	0.0002143068653548	-0.0592563670368733	-0.0189161568492367	0.0003578209899449	0.0035113170344086	0.0005579332158909	0.0002529934666889	6.40056941872676e-08	3.112894733943617e-07	0.0002241657193202	-0.0002078764843258	4.3212632735696144e-08	5.0250269718342695e-08	0.0005939372999637	0.0003150035574354	9.922724119695737e-08	3.527615162881702e-07	0.0	0.0	0.0	0.0	0.0	0.0	0.0	0.0	0.0	0.0	0.0	0.0	0.0
870.8771062206258	0.1569835237651204	758426.9341392112	0.0246438267337141	1378.599861259575	-2.466642408399366	6.084324770914225	1900537.5774649195	855.7217786878274	-0.2137879220402965	0.0457052756103079	732259.762520659	939.1140548483246	812.6062514991958	0.837269	22.360794	0.1090436830672185	0.0693276641846379	0.0371285257	0.0355597663	0.0523558395	0.1272394954	-0.0259486658	0.0536216923	0.0297968298	0.016974431	0.0283894473	0.0009431908	0.0464482841	0.1006438344	-0.1219503773	-0.0999216342	0.005690543	0.1523401099	0.0265599053	-0.0256541848	-0.0972810029	-0.018118552	-0.0197546843	-0.0653911612	-0.064755185	-0.0231018717	-0.0436589025	-0.1826748231	-0.0586051695	0.0119067246	0.1217277603	0.0240495569	0.0518048225	-0.1432362184	-0.0936271696	0.0158364361	0.1599607232	-0.1349688579	-0.1095060493	0.0145735503	-0.0906121689	0.0084942206	0.160725157	0.0629420858	-0.0490109071	0.009882919	-0.0371604655	0.0248475361	-0.0058862119	-0.0226885263	-0.0406477531	0.1737805393	0.0151141793	-0.1453290344	0.0883036616	-0.0179902064	-0.0519660406	0.0714457587	0.0171040125	0.0778816336	0.0010251231	0.1553826437	-0.0745934362	-0.0707816712	0.0509402741	-0.0168973619	-0.0337770801	0.0296935293	-0.0198562362	-0.09633611	-0.0817758273	-0.1136295205	-0.0454878375	-0.107209607	0.0093303314	-0.2074779696	0.057220698	-0.0818952932	-0.0128190542	-0.132369121	0.0558931821	0.0706331993	0.0567376766	-0.1211597365	0.0854330603	0.0411440851	0.1016355248	0.0902672115	-0.0081248053	0.0636793162	-0.0547194607	0.0299924137	-0.1001711733	0.0141687826	0.0723574512	0.0612253204	-0.0923720695	-0.0915297069	0.0834257419	-0.1250078655	0.0731866783	0.1651363107	-0.0959380877	0.0922801019	-0.0771699187	0.0379808825	-0.0954242046	-0.0744772814	0.1369129153	0.0232667838	-0.0005278485	-0.0050753099	0.0101693119	0.1142514127	0.0731227308	0.0151740128	-0.0462651033	-0.0045214719027768	-0.005121799387723	2.62328289680797e-05	2.044370816760006e-05	0.0187756221868795	0.0041363986639311	1.7109793906970995e-05	0.0003525239885044	0.0025906966919961	0.0618470637288694	0.0038250592918828	6.711709349919536e-06	0.0001219676364283	-0.0004359655794626	1.9006598647616066e-07	1.4876104335905974e-08	0.0002320169432659	7.8512239457e-06	6.164171744553308e-11	5.3831861962451854e-08	0.0002789856776381	-0.0003149516223256	9.91945244055274e-08	7.783300832718987e-08	0.0	0.0	0.0	0.0	0.0	0.0	0.0	0.0	0.0	0.0	0.0	0.0	0.0
872.5450445625752	1.667938341949366	761334.8547907063	2.7820183125448006	1382.3077003089516	3.707839049376617	13.748070416082092	1910774.5783334223	856.5432302683421	0.8214515805146902	0.6747826991300826	733666.3053185261	938.8903775531844	814.3362544064695	0.8835429999999999	23.596624	0.0572802644048162	0.0358607116885128	0.0569238278	0.0725518405	-0.041361545	0.1185514618	-0.0434052638	0.076213415	0.0958226575	0.0123260252	0.0509567912	0.1202065314	0.0275457778	0.0538201211	-0.1979577191	-0.0836083671	0.0710289972	0.0831549366	-0.110483734	-0.1334666426	-0.1001684046	0.0614862938	-0.0582807153	0.0109970811	0.0534612189	0.0255446396	-0.013266511	0.0221173615	-0.0197951148	-0.0872767678	0.1174786881	0.195805681	-0.0798061216	0.1224179818	0.3319937071	0.0518148409	-0.1915947755	0.0534570157	0.0055115136	0.0395261702	0.0916166681	-0.0806904868	-0.1470094842	0.0484874571	-0.0910843381	0.1217837224	-0.0482987878	0.0463296728	-0.0642988455	0.0646753185	-0.0597679262	0.1483053965	-0.1078038024	0.0487845978	0.1169612854	-0.0775778524	-0.0328456715	0.0624664356	0.1595077386	0.0669888203	0.0851470552	-0.0054754435	-0.1004221345	-0.052297463	-0.0625811532	0.0156291682	0.0647876263	-0.0580679966	0.0733369868	-0.1156067943	-0.0877326098	0.119168639	-0.0124555023	0.0702917656	-0.1502360347	-0.0022986308	0.0658456583	0.0934112513	0.1331018183	0.1151679899	0.0343059918	-0.0390645027	0.0072907042	0.0249639562	-0.127757862	0.0357010624	0.1593621027	-0.0309539477	-0.2044010594	0.0710853126	-0.0628043524	0.0368085657	-0.1285452357	-0.0255600438	0.0829038052	0.0105044056	-0.036573293	-0.0216590859	0.0380003093	0.0004800514	-0.1001829111	0.0407359828	0.1180745542	0.0339270449	-0.0057027449	-0.0801760248	0.0084182311	-0.0263220835	-0.0647583046	0.0442482514	-0.0068069914	-0.0181054564	0.0474326803	0.1126387502	0.0674542747	0.0050684204	-0.0586099215	-0.0044070104945035	0.0001144614082733	1.3101413983907142e-08	1.9421741498663983e-05	0.0343243945352185	0.015548772348339	0.0002417643215404	0.0011781640602093	0.002729975895555	0.0001392792035588	1.9398696544001427e-08	7.4527683903113235e-06	-0.0005330566435408	-0.0006550242799691	4.2905680734903794e-07	2.841493852229836e-07	0.0004059251538433	0.0001739082105774	3.0244065706233294e-08	1.6477523052270676e-07	0.0002796082159845	6.225383463999922e-07	3.8755399273843675e-13	7.818075444603483e-08	0.0	0.0	0.0	0.0	0.0	0.0	0.0	0.0	0.0	0.0	0.0	0.0	0.0
871.2772917283664	-1.2677528342087498	759124.119081517	1.607197248644318	1381.9158901638457	-0.3918101451058646	0.1535151898078787	1909691.527487334	856.1872450515885	-0.3559852167535382	0.1267254745470636	733056.5985890289	939.3729663333183	815.6714092462174	0.828041	22.114332	0.0961043650973863	0.0478883019866157	0.0467006834	0.0718927838	-0.0604353992	0.0620085646	-0.0263865327	0.0673941051	0.0632349109	-0.0419536832	-0.0573113637	0.064976789	-0.0600386815	0.0377596165	-0.1615430957	-0.0882700565	0.0188462972	0.1217287209	-0.0758323243	-0.1562372503	0.0548951249	-0.0405206905	-0.0251416316	0.0634023009	0.1169116413	-0.0212832677	-0.0091543915	0.0185072192	0.0240374535	0.0844017376	0.014030062	-0.0304422931	0.0146611249	-0.0139662375	0.0417466228	0.0111366333	-0.1653575109	0.0871933317	-0.004085824	0.0417938851	-0.138811307	-0.0193392978	-0.0396762101	0.0833116683	0.1726504233	-0.0305073517	-0.015470293	0.0387596672	0.0145443879	0.0942932142	0.0473618188	0.0292678213	0.307103339	0.1583417547	0.0937358518	-0.0187495547	-0.0136217419	0.0803680197	0.1635173296	0.0535184866	0.027042007	-0.0367466022	0.0338946047	-0.0554120489	-0.0176118815	-0.0971500635	-0.038302423	-0.064832835	0.0458032121	0.0012373035	-0.0551072367	-0.0097731291	0.0276394793	-0.0006753756	-0.0024706775	0.1493083963	0.0578903339	0.0802073535	0.0950912115	-0.0807523253	-0.1645410168	0.0579781205	0.0247660285	0.0730691089	0.0376385656	-0.0431557924	0.0677050487	0.0160145527	0.0307141471	0.0764587335	-0.050411077	0.0086805227	-0.1302116163	-0.0035342663	0.1042430782	0.0204144028	-0.0274350342	0.0273622367	0.060275511	-0.0273897786	-0.1316812779	0.0118168276	0.0808702338	-0.0806549979	-0.1058091291	-0.0620543621	-0.0764490938	-0.063463692	0.1416686335	0.0264825859	0.0181133164	0.0042269092	0.0546882585	0.1109488906	0.0616009311	-0.0050684204	-0.0703125971	-0.0045298890898806	-0.000122878595377	1.5099149201849043e-08	2.051989516661929e-05	0.0146936214319026	-0.0196307731033159	0.0003853672526338	0.000215902510784	0.0026075342184341	-0.0001224416771208	1.4991964296178667e-08	6.799234700304734e-06	-9.901815837675134e-05	0.000434038485164	1.883894066035021e-07	9.80459568832341e-09	-0.0001339866411229	-0.0005399117949662	2.91504746343624e-07	1.7952419999396796e-08	-0.0002710069383167	-0.0005506151543012	3.031770481461344e-07	7.344476061579165e-08	0.0	0.0	0.0	0.0	0.0	0.0	0.0	0.0	0.0	0.0	0.0	0.0	0.0
870.6956387565116	-0.5816529718548509	758110.8953496097	0.3383201796675799	1379.6247502690678	-2.2911398947778707	5.249322017442752	1903364.451554988	856.2916096520404	0.104364600451845	0.0108919698274732	733235.3207604823	938.9766057536	806.5824117808762	0.7713649999999999	20.600698	0.1190764255666516	0.062865034597773	0.0770054162	0.0712819499	-0.0499658447	0.1346039861	-0.0490378643	0.1040838507	0.0787370422	-0.015328396	-0.0461160984	0.0849129052	-0.0922901737	0.1603516785	-0.0753992717	-0.0769039686	0.0834464599	0.114310541	-0.0356396253	-0.1306969462	0.1224714302	-0.1416872335	-0.1109850202	-0.0925953822	-0.1127109226	-0.0674530895	0.1430091863	0.0373126652	0.0223714678	-0.1337748008	0.0098169616	-0.0983969518	-0.0174450543	0.1949598553	0.0362453744	-0.0514680873	0.0532847034	-0.0357959767	-0.2094362882	0.0792099502	-0.0679121892	-0.0507508155	-0.1837792086	-0.1648374485	-0.0035424506	0.1005997179	-0.021599387	0.0131214435	0.1962867099	0.0264764875	-0.0992135006	0.0547031729	0.1042407215	-0.1889518453	0.1067924734	-0.04034087	-0.0153080315	0.0871021119	0.1774253362	0.0025480731	-0.0152205315	-0.0493748376	0.03593552	-0.1279064142	0.0064711162	0.0448174141	0.0396649689	-0.2067856813	0.0838259861	0.0299644438	-0.0956081073	-0.0294595506	-0.0065353264	0.0535451695	0.1088245946	0.1307734084	-0.1677627431	0.1048494377	-0.0345563231	0.0018934911	0.1993020572	0.0411819348	0.1203980672	-0.0029600019	-0.0303443994	-0.0744766801	0.1177572494	-0.0392939023	-0.0958287661	0.0840782511	-0.0582825765	0.037281948	-0.1262992254	-0.0036275434	0.0764496676	0.0273845866	-0.0501691528	-0.0150052554	0.0862772988	0.0134027733	-0.0794145878	0.0264315123	0.1031508392	-0.010327468	-0.0643020681	-0.1054969861	-0.0177072643	-0.010347288	0.0535105872	0.0195259963	0.0299753075	-0.0309640354	-0.0762703947	0.1091829923	0.0555787436	-0.0151740128	-0.0812449131	-0.0045017872191692	2.810187071139968e-05	7.89715137480223e-10	2.026608816667516e-05	0.0618898452464407	0.0471962238145381	0.0022274835423519	0.0038303529446283	0.0235108861876724	0.0209033519692383	0.0004369501235498	0.0005527617693296	-2.503641063747366e-05	7.398174773927768e-05	5.473298998558117e-09	6.268218576082042e-10	0.0002609967273003	0.0003949833684232	1.5601186133093734e-07	6.811929166146718e-08	0.0002790029037641	0.0005500098420808	3.025108263857466e-07	7.784262030879964e-08	0.0	0.0	0.0	0.0	0.0	0.0	0.0	0.0	0.0	0.0	0.0	0.0	0.0
871.0355680239268	0.3399292674151866	758702.9607627648	0.1155519068454254	1377.480341730891	-2.1444085381767763	4.598487978605458	1897452.0918550524	855.5546299754936	-0.7369796765467527	0.5431390436429562	731973.7248725039	937.863975665056	810.8725659266655	0.790165	21.102781	0.0709206067565755	0.0447308371877654	0.0660836557	0.0523177341	-0.0754546688	0.0946976593	-0.0430016807	0.1146638382	0.0412627003	0.0433778125	-0.0113066291	0.0719944578	-0.1152324894	0.0681581322	-0.0552892052	-0.105103309	0.0684659966	0.1095277785	0.0381059647	-0.0462311133	0.1710314364	0.0032192192	0.0623575718	0.0848312728	-0.0888815468	-0.0539138358	0.1515114736	0.0722483106	0.0455441991	-0.019416749	0.0391061587	0.0896138472	-0.183622226	0.0526972756	-0.1458621932	-0.0547882164	0.0016965249	0.055909906	-0.0274008257	-0.1478179457	-0.0419729007	0.0399954191	0.0497269646	0.170971099	0.1167452051	-0.1291719425	-0.0621484263	-0.1016465784	0.0609205807	0.0074613542	0.196928075	0.0128305974	-0.1328558733	-0.0629567545	0.1266992226	-0.0248571474	-0.0530476677	0.0669302107	0.1558431411	-0.0427249518	0.0349478748	-0.0071545256	0.1086351072	-0.1043920744	-0.0703772527	0.0260909483	0.0683833984	-0.0882946199	-0.0422607714	0.0028656348	0.0334243103	-0.0312820078	-0.007491442	-0.1252784644	-0.1137810545	0.0009276313	-0.1374434022	-0.026812221	0.0264401419	0.1533391937	-0.1926257744	0.0400186355	0.0600569011	-0.0701099347	-0.0985799906	-0.0507643603	-0.0551114467	0.0274364211	0.1037963498	0.0849043385	-0.030965314	0.0118139624	-0.1364900463	-0.0382418517	0.0837484455	-0.0036335062	0.0001275825	0.0881592432	-0.0006428087	0.067986755	-0.0895345891	-0.0291466961	0.1693574548	-0.0606591607	-0.1243163946	0.0002249289	0.0023408849	0.0026552383	-0.0085434724	0.0373993878	0.1092371556	-0.0990508542	0.0571050826	0.1073422654	0.0494042187	-0.0251860523	-0.0912870929	-0.0044721660445219	2.96211746473006e-05	8.774139874858841e-10	2.000026912977465e-05	0.0442675249656048	-0.0176223202808359	0.0003105461720803	0.0019596137665804	0.0262100337671284	0.0026991475794559	7.285397655683181e-06	0.000686965870074	-0.0001314684454885	-0.000106432034851	1.1327778042530084e-08	1.7283952159162694e-08	0.0001280325233108	-0.0001329642039895	1.7679479542561365e-08	1.6392327025330547e-08	-0.0004929912118281	-0.0007719941155922	5.959749145089831e-07	2.4304033493973856e-07	0.0	0.0	0.0	0.0	0.0	0.0	0.0	0.0	0.0	0.0	0.0	0.0	0.0
871.6981000423015	0.6625320183746908	759857.5776173582	0.4389486753716416	1378.9455969641515	1.46525523326045	2.146972898597136	1901490.95938682	855.3242441019075	-0.2303858735861013	0.053077650748031	731579.5625484996	937.1787458753114	809.4681665242645	0.747861	19.972984	0.085674139266399	0.0381527679367046	0.0807361211	0.0567888325	-0.1031197236	0.0820219906	-0.0804893402	0.1016862445	0.0796005142	0.0245550783	-0.0277354427	0.0742242226	-0.1339473936	0.0387273937	-0.0466684572	-0.1247584356	0.127090602	0.082500037	0.0649651226	-0.1129657	0.0619498245	-0.1205844701	0.0314743462	-0.016654583	-0.0374473892	0.0008231127	-0.0736413469	0.1221128312	-0.0904812594	-0.0734789423	0.0479633011	0.0106866276	-0.1798177105	-0.0930982165	-0.0260276595	-0.0655447877	-0.0530530823	-0.0250101405	0.0778512277	0.0517603845	-0.1992673221	0.141434818	-0.0094644479	-0.1024539727	-0.0096202655	-0.2071383632	-0.0972442955	-0.0899084699	-0.1440489787	-0.0229166119	-0.0591420547	-0.1385537887	0.0772057205	-0.0272546386	0.1434890242	-0.0588001115	-0.0117026223	0.03901512	0.1582207648	-0.059138945	0.0094987607	0.0221312277	0.165438197	-0.0300304053	-0.1017113329	-0.0178626666	-0.0331698731	-0.0449457757	-0.0189084286	0.092569244	-0.0592759728	0.0144239675	-0.1752751989	-0.0815763048	0.0640296899	0.1103637665	0.0690732717	-0.0423557178	-0.1274740957	0.0887765258	-0.0587627848	-0.0072448957	0.0689478032	0.096593487	-0.0515122492	0.1631533438	-0.0504646074	-0.1324307329	0.1538115399	0.0842966664	-0.0250435938	0.0162056817	-0.1236898581	-0.0117263923	0.0837809192	0.0123617801	0.0234086222	0.086810881	0.0652296914	0.079192097	-0.1551069259	-0.0492021656	0.1207931103	0.0502887533	-0.0634094969	-0.0360416959	0.0930862772	-0.000679225	-0.0182930118	-0.006193169	0.0407900221	-0.050814381	0.0672042507	0.1054279714	0.0430942802	-0.0350428114	-0.1003291122	0.0027195126100849	0.0071916786546067	5.172024187112706e-05	7.3957488364107855e-06	0.0292152817741424	-0.0150522431914624	0.0002265700250949	0.0008535326891425	0.03806525906284	0.0118552252957116	0.000140546366812	0.0014489639475211	7.300134445876296e-05	0.0002044697899472	4.1807895001077845e-08	5.329196292786962e-09	-0.0001919993273866	-0.0003200318506974	1.0242038546080295e-07	3.6863741716906814e-08	1.4006990019601714e-05	0.0005069982018477	2.5704717667680285e-07	1.9619576940922203e-10	0.0	0.0	0.0	0.0	0.0	0.0	0.0	0.0	0.0	0.0	0.0	0.0	0.0
870.9341845954634	-0.7639154468380411	758526.3538969648	0.583566809917764	1376.6527559664155	-2.2928409977359934	5.257119840898985	1895172.810509927	855.1038909636272	-0.2203531382803021	0.0485555055499779	731202.664341135	937.2443581364148	812.822807447898	0.7481139999999998	19.97975	0.0637482093842626	0.0301937643815697	0.0711929395	0.0484654201	-0.088977477	0.0420115473	-0.0556290331	0.1039651149	0.0387597746	0.0128033453	-0.0152046476	0.0574935143	-0.0944448854	0.0780899847	-0.0647679327	-0.1014427526	0.0642777413	0.0993365193	0.0532544187	-0.1703130364	0.0872732412	0.2167977034	0.0748512132	-0.0127375701	-0.0823492965	0.066890811	-0.1311673756	-0.0867774708	-0.1068449794	0.0666749825	-0.0432970855	0.0305774438	0.0291182829	-0.0170640978	0.0125504571	-0.0412500096	-0.0550304929	0.0057711992	-0.0252607539	0.0795414971	-0.109021502	0.0902161182	-0.1910782271	0.0880220008	-0.0819701537	0.0481432463	0.1405694539	0.1166594268	0.0405030604	0.0034724344	0.1036102268	-0.1095203572	0.0365176528	-0.1567919501	0.1239204002	-0.0359133503	-0.042066282	0.0369449124	0.1288406565	-0.0673095606	0.0825190156	-0.0051219627	0.0605346848	-0.0089612205	-0.1499100966	-0.0058478361	-0.0635140694	-0.0927631256	-0.1810140858	-0.0485740244	0.0595488193	-0.1305056876	0.0347294738	-0.1038218139	-0.0884544623	0.0708976331	0.0084863814	0.0742154076	0.0625498494	-0.0825630442	0.0286697455	-0.0035382316	-0.0181474787	0.0705291487	-0.0700907727	0.0230648225	0.0357414665	0.1627150942	-0.1635514073	0.0807270081	-0.011379193	-0.0070218543	-0.0911867209	0.0124215754	0.0801172059	0.0148546843	-0.0110353528	0.0442988162	0.0899088293	0.0486209021	-0.1412877481	0.015295683	0.1308273164	0.0092887941	-0.0451347147	-0.0485533877	-0.0330006079	-0.039376773	0.034862082	-0.0268653605	0.064802116	-0.0095133618	-0.0058770091	0.1034414224	0.0366662233	-0.0446835199	-0.1082719048	0.0182063155830718	0.0154868029729869	0.0002398410663241	0.0003314699271104	0.0328738155921826	0.0036585338180402	1.3384869697743829e-05	0.0010806877515888	0.0216657990655662	-0.0163994599972738	0.0002689422882021	0.0004694068491494	0.0003010168652948	0.000228015520836	5.199107774212925e-08	9.061115319190777e-08	-0.0001209577200316	7.104160735499999e-05	5.046909975581989e-09	1.4630770035242928e-08	0.0002790181137478	0.0002650111237281	7.023089569968241e-08	7.785110779938025e-08	0.0	0.0	0.0	0.0	0.0	0.0	0.0	0.0	0.0	0.0	0.0	0.0	0.0
873.1339688796564	2.199784284193015	762362.9276115409	4.839050896982576	1379.015064594624	2.3623086282084387	5.580502054908036	1901682.5483789148	856.6611554311158	1.5572644674886078	2.425072621702577	733868.3352245744	937.5383559382866	811.9003550425713	0.8480299999999998	22.648169	0.0516830511683028	0.0322072091213886	0.0784868736	0.0635961581	-0.1305266664	0.033320348	-0.0913999066	0.0757839324	0.1000157143	0.0632665165	0.046266417	0.0585777175	-0.0982337372	-0.0164439388	-0.0091424307	-0.0753780241	0.1859239831	0.0371787955	0.0539875075	0.0095887662	0.2052193293	0.0883415622	0.078457712	0.0575400117	-0.0960810464	-0.0717773438	0.0072197617	0.0899205872	-0.1515752938	0.0526013353	-0.1420946803	0.0587785648	0.1190680179	-0.0998275109	0.1096150894	0.1405242196	-0.0734885829	-0.0209873787	0.0226894708	-0.0463544349	0.1617913814	-0.0882214558	0.152162172	-0.0204435428	0.1416888455	0.0797885017	0.0499482272	0.0246214248	-0.2305576639	-0.0027145696	0.0225356171	-0.0219013499	-0.1588589152	-0.1181916721	0.1312968813	-0.1076821027	0.0343736619	-0.0002495628	0.0824408963	-0.1099975153	-0.0012157195	-0.0710521467	0.1817041738	0.0177058983	-0.0369404193	-0.0363470782	-0.0500425749	-0.0235812543	-0.0541437747	0.0620575972	0.072439825	-0.1500182027	0.03434218	0.1412568534	-0.069606705	-0.0829187576	0.0942415996	-0.1072924466	-0.1310992166	0.0305850276	-0.1444087106	0.087771682	-0.0028525931	0.1493854201	0.0334452312	0.2009220948	-0.1400672416	0.083145834	-0.0097127784	0.0864043764	-0.0249525516	-0.0020504608	-0.0983538548	0.0114735391	0.0719199204	0.0015299396	0.0125681173	0.0123449984	0.1118116346	0.0652054245	-0.1055895615	-0.1129567525	0.0690991968	0.0197858306	0.0692659089	-0.0677525798	-0.0224890328	0.0974790764	0.0723063468	-0.0891640051	0.0488600734	0.0070414461	-0.1023632576	0.1013839798	0.0301376669	-0.0540487397	-0.1150284477	0.0239563743244559	0.005750058741384	3.3063175529367684e-05	0.0005739078707734	0.0488922808564638	0.0160184652642811	0.0002565912294229	0.0023904551273473	0.0209571319888937	-0.0007086670766725	5.022090255595489e-07	0.0004392013811999	-0.0002829831162672	-0.000583999981562	3.410559784644164e-07	8.007944409229564e-08	-0.0001210396779605	-8.195792889999547e-08	6.717102109576711e-15	1.4650603640781549e-08	0.0002789828515194	-3.5262228399973294e-08	1.2434247517318833e-15	7.78314314418956e-08	0.0	0.0	0.0	0.0	0.0	0.0	0.0	0.0	0.0	0.0	0.0	0.0	0.0
874.91841758404	1.7844487043835215	765482.2374277605	3.1842571785760287	1381.4983455440304	2.483280949406435	6.1666842736849246	1908537.678740893	857.344352001231	0.6831965701151148	0.466757553417057	735039.3379084106	939.4562653349752	829.993320754155	0.8791949999999998	23.480499	0.0450189493898987	0.0248444303892765	0.0399367713	0.0483466194	-0.1381898974	-0.1002776218	-0.0434493572	0.041247892	0.0085430102	0.001010109	-0.0698651267	-0.0073774062	-0.1009710623	-0.097437522	0.0208144884	-0.0437854236	0.0804138117	0.012575029	-0.0728635835	0.0939930398	0.0542909705	-0.1528980711	0.1714014333	0.0330911035	0.0396201837	-0.0323134711	-0.1350767797	0.1381260766	0.0577224326	-0.0509649686	-0.0273392874	0.0310793931	0.0478679873	0.0182813112	0.0650294523	-0.073126	-0.0564912402	-0.030804863	0.0465403309	0.1665234857	0.0764830719	-0.0223209535	-0.2744216033	-0.0669443852	0.1089304684	-0.1569950062	-0.0487352809	0.0778177514	-0.0352430631	-0.1140894849	-0.1940096356	0.1782378141	-0.0626570448	0.00423121	0.0774763172	-0.0190910449	-0.0071167634	0.0231213332	-0.005943672	-0.1004691151	-0.0695898421	-0.142760608	-0.0217411299	0.0287833532	-0.0953852301	0.0024973486	-0.1336084246	0.0077187623	-0.0234539805	0.1052294968	-0.0402284957	0.114502855	-0.1722021845	0.0098327123	-0.0514589379	0.1096262327	-0.0134176986	-0.1041739673	0.0343098475	0.1547036518	-0.054084528	0.0922077404	0.0450418332	-0.0946936698	-0.0207356692	0.1054060159	-0.0757194359	-0.1329059738	-0.1599895972	0.0660894377	0.0128390806	-0.0145312156	-0.0470042686	0.0492471396	0.0690661856	-0.0525200185	0.105209956	0.0475806833	0.0765157408	0.0240199857	0.0267268319	-0.2370316877	0.0466143216	0.0637042498	0.0743257637	-0.0508094534	0.0472566736	0.0995074241	0.0488241815	-0.0489702641	0.0573015931	-0.002754971	0.0150598555	0.0992570537	0.0235265052	-0.063080731	-0.1205247148	0.0182040354226984	-0.0057523389017574	3.308940284067265e-05	0.0003313869056708	0.0343062037611048	-0.014586077095359	0.0002127536450317	0.0011769156164984	0.0027272174828567	-0.018229914506037	0.0003323297828974	7.437715198799235e-06	-0.0003369935755672	-5.40104593e-05	2.9171297137969567e-09	1.1356466997356617e-07	-4.6047003539495535e-05	7.499267442100447e-05	5.623901216814777e-09	2.120326534966314e-09	0.0002789920955333	9.244013899993837e-09	8.545179298327924e-17	7.7836589370062e-08	0.0	0.0	0.0	0.0	0.0	0.0	0.0	0.0	0.0	0.0	0.0	0.0	0.0
874.2017916549912	-0.716625929048746	764228.7725327967	0.5135527221849784	1382.8542460306987	1.3559004866683608	1.8384661297474976	1912285.865765132	858.2493365623957	0.9049845611647244	0.8189970559465085	736591.9237097923	939.4347615540728	822.1205549141285	0.866889	23.151844	0.0262727612381977	0.0145716666839655	0.0670523182	0.0581216594	-0.0859095332	-0.066053766	-0.1017650445	0.0113394901	0.090859301	-0.0092780533	-0.056398471	-0.0665094488	0.0225431403	-0.1222927692	0.1003570208	-0.0320620588	0.0816605769	-0.019465593	-0.07619872	0.0587376806	-0.0175312434	-0.0370429609	0.1119692917	0.1028449673	-0.0316689957	0.0139736569	-0.1319346263	-0.0172856878	-0.0588105382	-0.1774086034	0.2056217566	-0.0877083743	0.0212231711	-0.0589122293	-0.0560978025	-0.0153506044	-0.0733235066	-0.0713690453	0.0523138218	0.0436250516	-0.0551175314	-0.1036264148	0.1766429691	-0.0391721811	-0.059004153	0.0362319934	0.1587344138	-0.011549168	0.0575041376	0.0102343437	0.0209000733	0.0029150378	-0.0171836445	0.0798708649	0.0787179167	-0.0476977438	0.0749045271	-0.0203565721	-0.1257615158	-0.0257687448	-0.0562064597	-0.056682158	-0.0267666511	0.0316253745	0.0257562604	-0.0964530602	-0.1379569748	-0.0947845826	-0.060644037	-0.1115210827	-0.1816209907	-0.01113104	-0.1588713589	-0.0595933485	0.0557191891	-0.2003153753	0.1053854337	-0.1174739312	-0.0905617099	0.0664099639	-0.0786478719	0.0189905074	-0.0651823285	0.0511415666	0.0777733228	-0.05242443	-0.0385259646	-0.0938875447	0.0252917414	0.0754254029	-0.0005139836	-0.014378596	-0.0581123617	0.0526432487	0.0655571533	-0.0384256283	0.0333033997	-0.0107788255	0.1311967119	0.0232694357	-0.0171048942	-0.1798824728	-0.0886951062	0.0221709838	0.0200007291	-0.0812423507	0.0028167991	0.0682992931	0.1985323326	-0.0652930108	0.0111691208	0.0659069801	0.008286249	0.0970621018	0.016850859	-0.0717238087	-0.124700488	0.0181782195773791	-2.5815845319302616e-05	6.664578695501587e-10	0.0003304476670034	0.0296428049460075	-0.0046633988150972	2.1747288508650883e-05	0.000878695885067	0.0026916145290911	-3.560295376559995e-05	1.2675703168354475e-09	7.244788773214305e-06	-0.0002199975797774	0.0001169959957898	1.3688063030846908e-08	4.839893510791347e-08	-0.0001210044899673	-7.495748642780447e-05	5.618624771574492e-09	1.4642086592246408e-08	3.998670527059378e-05	-0.0002390053902627	5.7123576574628514e-08	1.598936598397332e-09	0.0	0.0	0.0	0.0	0.0	0.0	0.0	0.0	0.0	0.0	0.0	0.0	0.0
872.7754923990053	-1.4262992559858958	761737.0601323262	2.03432956762592	1382.7674487231372	-0.0867973075614827	0.0075337725999226	1912045.817248294	856.05802607791	-2.191310484485712	4.801841639417004	732835.3440124076	940.63187388682	830.120225718602	1.034759	27.635101	0.1494747591105903	0.0863795637290173	-0.0099315053	-0.0232065778	-0.0077658109	-0.139679706	-0.0408095669	-0.0538104222	-0.0286967788	-0.0219626085	-0.1349212079	-0.1814302604	-0.0227886174	-0.0171941088	-0.052625186	-0.0366581711	-0.0814197752	0.0132518081	0.0863079314	-0.0108907694	-0.067572304	0.0657620773	0.0777082055	0.0873081673	-0.0557841393	-0.1115987901	-0.0349242211	0.1117168491	-0.0458966487	-0.0424480655	0.044157209	-0.1028008926	0.0209933598	0.0974246465	0.0983805574	0.0119418208	0.0362663935	0.1684063195	-0.1229810006	-0.0169860655	-0.1343734527	0.0354163795	-0.0097006819	-0.1051588974	-0.1137390535	0.0150879176	0.2265969443	0.1082459651	0.0439663911	0.1061959177	0.1144402585	0.0560153378	-0.1274447071	0.0684230634	0.0036198339	0.0983417947	0.0131219303	0.0725109306	-0.0689386125	0.0727126395	-0.0869450282	-0.0006844172	-0.0395769085	-0.0277378824	-0.2241914778	0.0415967743	-0.1262079087	-0.1991886067	0.0830625861	-0.1058510506	0.0649202639	-0.1080194891	0.0089056999	0.1540725873	0.0477873203	0.0607385429	-0.012876333	-0.0564764171	-0.0041875269	-0.0367569622	0.0292468594	0.1500431689	-0.0884983792	0.0660037343	-0.07533892	-0.1318058019	-0.0448886332	-0.0860552478	0.0457673826	0.0273928841	0.0516176113	-0.0426082431	0.0335252657	0.0584682331	0.0080053738	-0.0740184233	0.0627608867	0.0168856773	0.0251129964	-0.064310804	0.0366695855	-0.0617503411	-0.0497385916	0.1142843581	0.0365523492	-0.0216403714	-0.0551530611	0.0190411218	-0.0022634532	0.1096009998	0.0573816012	-0.0156516956	0.0314676418	0.0948006283	0.0101290257	-0.0799246852	-0.1275100165	0.0088556399209096	-0.0093225796564694	8.691049145121893e-05	7.84223584088078e-05	0.0148125270599734	-0.0148302778860341	0.0002199371421769	0.0002194109579024	-0.0765015530279953	-0.0791931675570864	0.0062715577877247	0.0058524876156951	-0.0004590450527001	-0.0002390474729227	5.714369431072899e-08	2.1072236040843763e-07	0.0003229354575779	0.0004439399475452	1.970826770264349e-07	1.0428730976104765e-07	0.0002795739650227	0.0002395872597521	5.740205503552323e-08	7.81616019185139e-08	0.0	0.0	0.0	0.0	0.0	0.0	0.0	0.0	0.0	0.0	0.0	0.0	0.0
874.7963399817083	2.020847582703027	765268.6364453926	4.083824952516667	1387.4096676938168	4.642218970679551	21.55019697173711	1924905.5860102675	857.7392708019047	1.6812447239947232	2.826583821960093	735716.6566757832	943.1436804808708	830.8510640340766	1.077988	28.78961	0.228392293435944	0.1412193243429788	-0.0380750624	-0.0938686834	0.0681519966	-0.2455829421	-0.015944449	-0.1679876928	-0.1598468066	0.0213254557	-0.0179140183	-0.1169524167	0.0563490535	-0.1755997604	-0.1565813709	0.0337293294	-0.1951390219	-0.0672924998	-0.1230007458	0.125248665	-0.0895675369	0.0743177293	0.1181450568	-0.0855911906	0.1911426842	0.1003657199	-0.1282788856	-0.0063089258	-0.0129046704	-0.027328685	-0.1194308434	0.1298733038	-0.1866994928	0.0593218288	0.0956403937	-0.026533294	0.1854477068	0.0370007312	0.03783149	-0.2321315476	-0.064462442	-0.0489541307	0.0109666255	-0.0699775453	0.0194913151	-0.1768939774	0.0303533228	-0.0107475872	0.1389161819	0.2082118281	0.1185942322	0.0347517122	-0.1004254313	0.0004715257	-0.102081633	0.2129881151	0.0457715031	-0.0182961584	-0.1749779735	0.0290463407	0.0939400136	-0.1486356653	-0.1484314603	0.0472529822	-0.2436748701	0.136654937	0.1431174485	0.2636884147	0.0181860967	-0.165494413	-0.0035045781	0.064470939	-0.1480784141	-0.0350846735	-0.0603351627	0.0507069502	-0.0625882163	0.0050292551	0.0307858247	0.0357587532	-0.1296160658	-0.0215310499	0.0463536825	-0.101190714	-0.0789582303	-0.013843989	0.0797467471	0.0472237921	0.1307649458	-0.0319564407	0.1517756134	-0.1023885809	0.1700578995	0.0239537208	-0.1118845842	-0.1335662817	0.0233277871	0.1331307644	-0.143513646	-0.0956058228	0.0985929974	-0.0909936968	0.1044973734	-0.1291828143	0.1154140207	0.1638944318	-0.0620479695	0.021054112	-0.079334048	0.1696820609	0.0896865359	-0.2533258196	0.0739877057	0.0924741833	0.0033794295	-0.0876327994	-0.1289225186	-0.0149569166030829	-0.0238125565239925	0.0005670378482083	0.0002237093542715	-0.0098864518624566	-0.02469897892243	0.0006100395598106	9.774193042867158e-05	-0.2022283089948118	-0.1257267559668165	0.0158072171659394	0.040896288958901	-0.0005058777789863	-4.683272628620003e-05	2.1933042513981317e-09	2.559123272721118e-07	0.0003236910145816	7.555570037000151e-07	5.708663858401448e-13	1.047758729208656e-07	-0.0007559177921415	-0.0010354917571642	1.0722431791550025e-06	5.7141170847608e-07	0.0	0.0	0.0	0.0	0.0	0.0	0.0	0.0	0.0	0.0	0.0	0.0	0.0
872.8543092148212	-1.9420307668871144	761874.6451148827	3.7714834995361546	1385.3013430300418	-2.1083246637749653	4.445032887881821	1919059.8110008377	857.9550701257334	0.215799323828719	0.0465693481649323	736086.9023544522	941.201557477465	825.5678576484245	1.032462	27.573765	0.1653932742246231	0.1082554370795677	-0.017214651	-0.0346483419	-0.0464537312	-0.1580727924	-0.0557238434	-0.1230600176	-0.0634492168	0.0187167873	0.0700531151	-0.1344060299	0.0664217461	-0.1631681443	0.0689711134	0.0249426455	-0.0050893737	-0.1677832811	-0.0226920904	0.2041305749	0.0484635935	-0.0219714307	0.1178326805	0.0470012433	0.0810323385	0.1214605548	0.1537770699	0.0216520123	0.1237770689	-0.0968651546	-0.1125713235	0.02260018	0.045157713	0.1184551033	-0.0039546196	-0.2912940717	0.1733967055	-0.1822502643	0.0525301485	0.0568453958	-0.0118963317	0.0358849398	0.0457825246	0.1234269097	0.0882213685	0.000380979	0.0432134998	0.0409411963	0.0885795099	-0.0030427696	-0.1128679127	0.050978016	0.0178645074	-0.0079130776	-0.0325615538	0.0710047048	0.1129696623	-0.0647938279	-0.1931698751	-0.0357315666	-0.0237345693	-0.1933094384	0.0750886566	0.1157408783	0.0804947687	0.0364442651	0.0095757907	0.0473279362	0.1778729738	-0.0904875676	0.0846173356	0.1460132804	-0.0222017234	-0.1481061872	0.0026994585	-0.1122008878	-0.1041637529	0.0267051947	-0.1497229616	0.1851227612	0.2549649235	0.1273843762	-0.071696675	0.0160801641	-0.0539698641	0.060852299	-0.0732913142	0.020945231	-0.2411755508	-0.011918896	0.1071063503	-0.0484314408	0.074539117	0.0301305655	-0.0496506737	-0.1146486356	0.093926569	0.0604192914	-0.135545967	-0.0321283502	0.2018354109	-0.1038312385	0.0071898094	-0.3216840477	0.095316939	0.0899730747	-0.1025647587	0.0057876721	0.0170234919	0.0689299228	0.0214034654	-0.0882129462	-0.1584097499	0.090084361	-0.0033794295	-0.0948006283	-0.1289225186	-0.0156299705666072	-0.0006730539635242	4.530016378157676e-07	0.000244295979913	0.0468904842820023	0.0567769361444589	0.0032236204779519	0.0021987175162007	-0.1113908302035469	0.0908374787912649	0.0082514475531535	0.0124079170534354	-0.000557923984361	-5.204620537470003e-05	2.7088074939054543e-09	3.112791723252535e-07	0.000323629372257	-6.164232460001461e-08	3.799776182093566e-15	1.0473597058745989e-07	-0.0004659095333333	0.0002900082588082	8.41047901769639e-08	2.170716932508534e-07	0.0	0.0	0.0	0.0	0.0	0.0	0.0	0.0	0.0	0.0	0.0	0.0	0.0
872.0614443133571	-0.7928649014640996	760491.1626578985	0.6286347519736764	1383.4444093904697	-1.856933639572162	3.4482025417747164	1913918.4338737451	857.3932018671843	-0.5618682585491115	0.3156959399650112	735123.1026080622	940.34136412338	820.6904431155308	0.914318	24.41852	0.0822093789248324	0.0393136228880434	-0.0113439315	-0.0402710822	0.0183035381	-0.1234420037	-0.016977633	-0.0496315169	-0.0477117417	0.0671705845	-0.0353594528	-0.1498814477	-0.0191045186	-0.0392542522	0.1151720444	0.0227008745	-0.0285454058	-0.0686031564	0.0401987175	0.1088163695	-0.0233752795	0.1530331892	-0.0632934293	-0.0243307058	-0.0056726652	-0.0858903459	0.0267665489	0.0403885171	-0.0783722309	-0.0020155699	-0.0483264094	0.024888034	-0.0277792379	-0.0596942425	-0.0685780928	-0.0081343729	0.2054941149	-0.0827676726	0.2711983031	0.1576562354	-0.0161619697	-0.1533738881	-0.1495416936	-0.1535119719	-0.0019853414	-0.0488258433	0.0264214025	-0.0528127231	0.0708230591	0.0482828124	-0.2431906633	-0.0661414192	0.1468783534	0.0353269048	-0.0296914594	0.0626542364	0.0290668968	-0.0197485823	-0.1854089899	-0.0996152373	-0.0259084983	0.0265282312	0.0023705749	0.0820436829	-0.0929373348	-0.0319538085	-0.0468693428	0.0155847059	-0.0176023498	-0.0028585798	0.1213616357	0.043550944	0.0230445533	0.033863035	0.130912902	0.0127385172	-0.1912026303	0.0229609761	-0.2528688168	-0.0214151002	0.0015625266	-0.1277645324	0.0249292253	-0.1146773199	0.1583165865	0.0073097611	0.0563846439	0.0331208609	-0.1318630181	-0.0040942085	0.0860423859	-0.0651964991	0.0724895528	0.0154600653	-0.0404464531	-0.0462239316	0.0494681845	0.0417102461	-0.0763785946	-0.0611268645	0.0964507015	-0.0727099183	-0.0795169726	-0.0163750926	0.1188797735	0.0960993174	-0.0455258662	0.0733231422	-0.0596120726	0.0305036275	0.0886809131	0.0201164275	0.0907648132	0.0876327994	-0.0101290257	-0.1013839798	-0.1275100165	0.0078369330660024	0.0234669036326096	0.0005506955661021	6.141751988100179e-05	0.0345835647372751	-0.0123069195447272	0.0001514602686803	0.0011960229499372	-0.0870612511998913	0.0243295790036555	0.0005919284144951	0.0075796614604905	-0.0002199487436293	0.0003379752407317	1.1422726334765057e-07	4.837744982410754e-08	0.0002195511146687	-0.0001040782575882	1.0832283702616525e-08	4.820269195226867e-08	-0.0004659755698901	-6.603655679996833e-08	4.360826833995443e-15	2.1713323173440346e-07	0.0	0.0	0.0	0.0	0.0	0.0	0.0	0.0	0.0	0.0	0.0	0.0	0.0
874.394432873444	2.3329885600868465	764565.6242400717	5.442835621496098	1382.7141220505173	-0.7302873399523833	0.5333195988947278	1911898.343317933	857.8367923683286	0.4435905011442855	0.1967725327054384	735883.9623407829	940.2281277225762	825.103320901258	0.972414	25.970064	0.1074697558122905	0.0641083716166046	-0.0223740437	-0.0260076669	-0.0198008391	-0.0699059678	-0.0318076052	-0.0380502417	0.0202807604	0.0206376921	-0.0257000936	-0.0665017272	-0.0407847216	-0.0704517461	-0.0139482891	-0.0168547859	-0.0443990692	0.0273975223	-0.043742755	0.0040125015	-0.1095234931	-0.0111929994	-0.0286221932	-0.1035814344	-0.0219681827	0.0171688852	0.0342194233	0.1216960956	0.0609624374	0.038068429	0.1393416075	0.1414639385	-0.0029036819	-0.0442184312	0.0201682159	-0.0360158475	-0.0331185136	0.0294106821	-0.1060880804	0.0695031274	0.0153795652	-0.1004702721	0.1281276123	-0.0283266894	-0.1988902451	-0.0182382013	-0.0993036934	-0.0400085798	0.0463606984	-0.1562647959	-0.0162411777	-0.0635038053	-0.0149913899	-0.0834675623	0.0134991352	-0.0101644115	0.1051493129	0.0702639877	-0.0129178617	0.0070113285	0.0365880093	0.1458435408	-0.042498562	0.0771058509	0.0216574587	-0.0710605485	-0.0603280085	0.0414250979	0.1382987206	0.132262651	0.0994790863	0.1094404936	0.0748482467	-0.0954593223	0.0781063161	-0.0589284306	0.1552998563	0.1207339835	-0.0378032162	0.0226577197	-0.0184708293	-0.0913311678	0.1251607947	-0.1189486335	-0.0464000663	-0.0167841019	-0.155548575	-0.0583380503	0.015301712	0.004009895	0.0510070025	-0.0277508061	0.0251679357	0.0274846369	-0.0092481294	-0.0807752121	0.0291943014	0.0565016571	-0.0354735678	-0.0067643668	-0.0091615974	0.0424423124	-0.0175549101	0.0784755119	0.0236856939	0.1011344844	-0.0294105589	0.0369398056	-0.2153767954	0.1099498874	-0.05313525	-0.0551966536	-0.0436041709	0.0851211787	-0.016850859	-0.1073422654	-0.124700488	-0.0031919728903346	-0.011028905956337	0.0001216367665937	1.018869093263102e-05	0.047049178641302	0.0124656139040269	0.0001553915300042	0.0022136252108211	-0.0307442335991297	0.0563170176007616	0.0031716064714444	0.0009452078995978	-0.0006689246272601	-0.0004489758836307	2.015793440820576e-07	4.474601569550637e-07	0.0003236559015888	0.00010410478692	1.083780665967942e-08	1.04753142633259e-07	-0.0004658918734177	8.369647239999486e-08	7.0050994922030994e-15	2.170552377166542e-07	0.0	0.0	0.0	0.0	0.0	0.0	0.0	0.0	0.0	0.0	0.0	0.0	0.0
872.482628486622	-1.9118043868219277	761225.9370109249	3.6549960134715658	1383.4108186555695	0.6966966050522387	0.4853861594913151	1913825.493173273	857.4355828340855	-0.4012095342430939	0.1609690903675603	735195.7787100279	940.0735851113548	821.6069500483379	0.900762	24.05648	0.0956275469107863	0.0513512684022002	-0.0060910326	-0.0314738853	-0.0047734346	-0.0464796678	-0.0369003073	-0.0341916341	-0.0246540688	-0.075913475	0.0108895459	0.0331711259	0.0613654888	0.0364742038	-0.141338477	-0.0291142976	-0.0868637939	0.1133524274	-0.1357446926	-0.091198577	-0.0249756945	-0.0510302298	0.0346811188	-0.0592772944	0.039444705	-0.0019486176	-0.0784658171	-0.0902477151	0.1894623293	0.0888697739	0.1461281962	-0.0630583824	0.0464301881	0.2232175841	-0.2334165475	0.0279210241	0.0601101017	0.0202893456	0.0606357647	-0.1189210259	-0.014635593	-0.0241503219	-0.0733673516	0.1190415551	0.1900034502	0.0873990863	-0.0302284482	-0.0092312551	0.0633528974	-0.0277939328	-0.09227156	-0.0656127509	-0.0787094878	-0.0379344651	0.0177950522	0.0393117362	0.0221040381	0.0362014393	0.0425936345	0.0716213415	0.1576912164	-0.0273864815	-0.1250872125	-0.041811922	0.1284619633	0.1115152015	-0.0308997317	-0.0023114304	0.06768762	0.1060083259	0.0177857592	0.0348391868	0.0084941144	-0.1030509012	-0.0267173336	0.1048733225	-0.0487355168	0.1224509808	0.012903733	0.0619358119	0.0107172476	-0.1643459252	-0.1095967917	-0.1392784456	0.2300609439	-0.07311701	0.113633892	0.0246343553	0.1465015839	0.0157513844	0.0447243804	-0.0286525916	0.0105026113	0.0105367061	-0.0117006223	-0.0546859748	0.0390197089	0.0573902607	-0.0323072411	-0.0290205519	-0.078578717	0.0530614236	0.0668561669	0.0224411127	-0.032659511	0.033113149	0.0083780388	-0.0698644054	-0.1241561548	0.1410858957	-0.0892798233	-0.0231288495	0.0250523408	0.0825512202	-0.0235265052	-0.1126387502	-0.1205247148	-0.0126293938960486	-0.009437421005714	8.906491523909184e-05	0.0001595015901815	0.0245916023536523	-0.0224575762876497	0.0005043427327156	0.0006047469063201	0.0105555865825479	0.0412998201816776	0.0017056751470389	0.0001114204081016	-0.0008299712949553	-0.0001610466676952	2.593602917572817e-08	6.888523504497775e-07	0.0003230740055248	-5.818960640000047e-07	3.386030292986975e-13	1.0437681304583849e-07	-0.000178865848462	0.0002870260249557	8.238393900187014e-08	3.1992991746031145e-08	0.0	0.0	0.0	0.0	0.0	0.0	0.0	0.0	0.0	0.0	0.0	0.0	0.0
871.5284157301262	-0.9542127564958492	759561.7794250636	0.9105219846594068	1383.020189439928	-0.3906292156416384	0.1525911841128016	1912744.844398454	857.4939023772516	0.0583195431661351	0.0034011691151067	735295.7926141676	940.6230582885456	804.960535602866	0.8851989999999998	23.640827	0.0720377266393707	0.0335599472961852	0.0223830207	-0.0250955311	-0.0157708253	0.0098944217	0.0035455518	0.015452389	-0.0008131831	-0.0502966085	-0.0368586892	0.0175463651	-0.0772864809	0.0638630669	-0.0016898237	-0.0305093131	0.0337306059	-0.0515038736	-0.0877737868	-0.0107186984	0.1364953233	-0.1776426887	0.0338926285	-0.0074583349	0.1146095599	0.0634091338	0.1704929819	0.021707121	-0.0945095545	0.1240913539	0.0298695274	0.021090549	0.1224947066	0.099227642	-0.1321764967	0.02858823	0.0434688044	-0.0282589944	0.0944822312	0.0497298473	0.0657548378	0.2107506729	-0.1066963893	-0.0535528789	-0.1016767475	0.1173078152	0.0330943724	0.0106703436	-0.1164592116	0.0748652215	0.0653974787	-0.1954903877	0.084080299	0.0336810115	0.0024306096	0.0346903166	0.024348708	0.023347512	0.1314514784	0.0033999213	-0.0543141782	-0.1108399402	0.0779468976	-0.0279816344	0.0536225091	-0.0089059555	0.0421725367	0.1005249375	0.0378320079	0.1902015958	-0.1368091472	-0.0121698008	0.1987636923	-0.0016831443	0.1019769855	0.1414620627	-0.0517266318	0.2513992764	-0.0349622355	0.03838078	0.0762429596	-0.0854444112	-0.0112999857	0.0262370127	0.2184503718	0.0832591982	0.0093959441	-0.0488011623	-0.0017544735	0.017390324	0.0370581558	-0.02755748	-0.0028616726	0.010074047	-0.0060598196	-0.0191421054	-0.0112606069	0.0653579569	0.0216802193	0.0907879892	-0.1162158545	0.0287098889	0.0351763714	0.0824237645	-0.0038001615	-0.0106310807	0.1019374885	-0.0397435123	-0.1397451466	0.1771635553	-0.1709268665	-0.0346647472	-0.0428716163	0.0799246852	-0.0301376669	-0.1172407796	-0.1150284477	0.0049126587167194	0.017542052612768	0.0003077236098691	2.4134215666959104e-05	0.032993252767568	0.0084016504139157	7.058772967764992e-05	0.0010885547281846	0.0187697603052967	0.0082141737227488	6.747264994749691e-05	0.0003523039019182	-0.0005680063120718	0.0002619649828835	6.862565225715247e-08	3.22631170553407e-07	-4.141195492346483e-05	-0.0003644859604482	1.328500153638941e-07	1.7149500105830831e-09	-0.000310011902929	-0.000131146054467	1.7199287602261343e-08	9.610737995765975e-08	0.0	0.0	0.0	0.0	0.0	0.0	0.0	0.0	0.0	0.0	0.0	0.0	0.0
871.0294385709446	-0.4989771591815497	758692.282857215	0.2489782053848896	1383.2647325670398	0.2445431271119105	0.059801341017672	1913421.320363764	856.662771634029	-0.8311307432226158	0.6907783123297777	733871.1043036965	939.8727971354128	807.518250705047	0.869356	23.217726	0.0313773512364243	0.0153596720692003	0.0236944089	-0.0316143898	0.002778839	-0.0380589026	0.0363924553	0.0196429382	-0.06053657	0.0051028806	-0.0542571763	-0.0210220112	-0.0171647488	0.0231934882	0.0537007754	-0.0179572993	0.0169186731	-0.0120897504	0.0271675844	-0.071589441	0.0898923811	0.109551421	0.012488961	0.0118022349	-0.0255600668	0.1213212195	-0.0436623282	-0.0952620961	0.1288337934	-0.0942570138	-0.1816764755	0.0157974786	-0.0383522936	-0.1616439439	-0.1782116246	0.0268642945	-0.1167134017	0.2180894558	0.092273922	-0.0161301088	0.0528519315	0.0127385982	0.165006784	-0.205364311	0.0295756113	0.0299165887	-0.0340159303	0.183415853	0.0777753212	0.0606147479	0.0989393821	0.1135130374	0.1584436759	0.0774481203	-0.0042934554	0.0333745733	-0.0725848466	-0.0365616382	0.0360568236	-0.0741278492	0.0574299508	-0.119610413	0.0164436785	-0.0253902305	0.0051983118	0.1033666755	0.0901891161	0.0172655855	-0.2314366	-0.0424873924	0.0463748918	0.0377894545	0.0169539571	-0.122891152	0.0160227856	0.034980484	0.1142251339	-0.1536516685	-0.0336498532	-0.1973588999	-0.0506679607	-0.0321691858	-0.1947516443	0.0236479747	0.070656534	-0.2279024155	0.1130341532	-0.129067942	-0.0644382315	0.0045648227	0.0436558408	-0.0313825216	0.0338554546	0.0065260783	-0.0113590571	0.008901603	-0.0265405931	0.0119035824	0.0138495751	0.0090632861	-0.0109294532	0.0285851593	0.0011299282	-0.0586638727	0.0510859214	-0.0381415784	-0.0883143317	-0.0413305463	0.0524065271	0.015139082	-0.0549112772	0.0890246097	-0.0723373184	0.0772433738	-0.0366662233	-0.1211199807	-0.1082719048	0.0050207813734317	0.0001081226567122	1.1690508894525774e-08	2.5208245599798707e-05	0.0245301099228782	-0.0084631428446898	7.162478680962423e-05	0.0006017262928284	0.0106371117297712	-0.0081326485755255	6.613997285299697e-05	0.0001131481459516	-0.0006550216585645	-8.701534649270006e-05	7.571670525244648e-09	4.290533731885885e-07	-9.18473466477998e-05	-5.043539172433496e-05	2.5437287383871157e-09	8.4359350862411e-09	-0.0004660299079019	-0.0001560180049728	2.4341617875723843e-08	2.171838750590534e-07	0.0	0.0	0.0	0.0	0.0	0.0	0.0	0.0	0.0	0.0	0.0	0.0	0.0
870.5133049286383	-0.5161336423063858	757793.4140577803	0.2663939367204562	1381.533844131607	-1.7308884354326892	2.9959747759146227	1908635.762481056	855.8826720990797	-0.7800995349492723	0.6085552844280709	732535.1483994608	939.4039478850038	815.4665523341282	0.8681879999999998	23.186539	0.031322875495366	0.0223507002978214	0.0012326348	-0.006810866	0.0217901503	-0.067593043	0.0073787905	-0.0019991384	-0.0372131479	0.0163052579	-0.0500753733	-0.0327911229	-0.0328792141	0.0225892151	0.1372196049	-0.0066137714	-0.0411558011	-0.0365290315	0.0770702656	0.1715288604	-0.0513146936	0.0333811174	0.020608681	-0.1012763848	-0.0836923711	0.0216625805	-0.0214903805	-0.0475252985	0.0684654089	0.0739419991	0.0559837065	-0.0883856616	-0.1490291113	0.0141330574	0.0215043829	0.0166083099	-0.0692546981	0.0797071482	-0.0309606451	-0.1746150643	0.1447973023	-0.0060806148	-0.0026927772	0.0738569306	-0.2085556224	0.0477861128	0.0273344658	0.0408551171	-0.0638174122	-0.0971678032	-0.1418671707	-0.0688437407	-0.0595507271	0.0598277008	-0.0244168596	0.0630288244	0.0134828765	-0.0021566843	-0.1100338121	-0.0614010724	-0.0965802637	0.0311257744	0.0680988024	0.0259846445	0.0039279271	0.041891752	0.0091684231	0.0196250782	-0.0262535223	0.1134409746	0.0513994981	-0.0348897666	0.0073450971	-0.0198359556	-0.0229537365	0.0466213486	-0.0334530869	0.0662054355	0.1933047082	-0.0285693152	0.0780941058	-0.161819488	-0.0028637058	0.0744925022	-0.0477303107	-0.0087352261	0.026998776	0.0076056162	0.1351429193	0.0002310299	0.033302016	-0.0278686888	0.043749883	0.0308248124	-0.0097384636	0.0084471036	0.031055594	0.0297342999	-0.004442465	0.0056603136	0.0525066064	-0.0570219594	-0.0858293221	0.0917469715	0.0175488505	-0.0315913168	0.0362607191	0.0916311269	0.0071655778	-0.0350585479	0.0512000632	0.0329474101	-0.0636028998	0.0745091236	-0.0430942802	-0.1242524367	-0.1003291122	0.004997642853084	-2.313852034769963e-05	5.353911238809096e-10	2.4976434086981583e-05	0.0245983168210131	6.8206898134901e-05	4.652180953184761e-09	0.0006050771904269	0.0301414967920976	0.0195043850623264	0.0003804210366595	0.000908509828868	-0.0008300076166088	-0.0001749859580443	3.0620085512681544e-08	6.889126436286208e-07	-3.230664833075991e-05	5.954069831703989e-05	3.545094756080756e-09	1.0437195263673923e-09	-0.0004660136639721	1.6243929800005205e-08	2.6386525534749713e-16	2.1716873500870133e-07	0.0	0.0	0.0	0.0	0.0	0.0	0.0	0.0	0.0	0.0	0.0	0.0	0.0
869.5690175998233	-0.944287328814994	756150.2763695217	0.8916785593605566	1378.7687075503238	-2.7651365812832864	7.645980313151021	1901003.1489199903	856.5348609541907	0.6521888551109214	0.4253503027308944	733651.9680298148	939.5584604530136	806.0698612292196	0.904207	24.148491	0.0704746599872496	0.0418285090897972	0.0029689764	-0.0310408431	0.0605160726	0.0409200666	0.007374296	0.0025464578	-0.0649658581	0.0609007016	-0.0007343717	-0.0696955981	0.0452382567	0.0702302471	0.0444902579	0.0137681715	-0.0994271465	0.0373746373	0.0020989117	0.0460058925	-0.0819885846	-0.0099424929	-0.031618874	0.0060823225	0.0641173308	0.0140938668	-0.1801636575	0.0308306267	0.0859371025	0.0518843884	0.0144219342	0.1018844727	0.0527391445	0.0849352268	-0.1128053028	0.2230924216	-0.0386409209	0.1974272941	-0.0349924566	0.0928205658	-0.0360983858	-0.0251480192	0.0731896155	0.1972016457	0.0233343724	0.0938332233	-0.1664736009	-0.0558366582	0.0259100285	-0.163122732	-0.0169350376	-0.0170505682	-0.0109552286	0.052112177	-0.024479836	0.0443736914	-0.0089524252	0.0446941722	-0.0556281694	0.0218085928	0.0362028348	0.1450952111	-0.028511348	0.0011034479	0.058125658	-0.0560612323	-0.0971637173	0.0801560319	0.0577867635	0.1175119715	0.0050837588	0.0153182077	-0.00194184	0.0337578195	-0.1894456367	0.1174794345	0.1186223004	-0.0689222499	0.0383379136	-0.0598260193	-0.1072034298	-0.0281016527	0.1028974736	-0.0616030197	-0.0625194999	-0.0782193298	0.0590153769	0.0330732273	0.0666569096	0.0040577319	0.0206696113	-0.0204450061	0.0103674521	0.0140113191	0.0271227497	0.0554702967	-0.0447173022	-0.005769806	-0.0289952389	0.0070040275	0.0439406189	0.1205836064	-0.0976786606	0.036325953	-0.0633932702	0.0270311165	-0.1336312134	-0.0850523576	0.0076160588	-0.0434586528	0.0608589734	0.080808036	-0.0045614297	0.0717238087	-0.0494042187	-0.1266188352	-0.0912870929	0.0049607200291035	-3.692282398050015e-05	1.3632949306949967e-09	2.460874320714863e-05	0.0385355333147856	0.0139372164937724	0.0001942460035942	0.0014849873278549	0.0676903868022122	0.0375488900101146	0.0014099191409916	0.0045819884654331	-0.0007170214695766	0.0001129861470322	1.2765869421181925e-08	5.141197878337871e-07	-0.0001393899567612	-0.0001070833084304	1.1466834944408758e-08	1.94295600458892e-08	-0.0003070505062471	0.0001589631577249	2.5269285513903215e-08	9.428001338660041e-08	0.0	0.0	0.0	0.0	0.0	0.0	0.0	0.0	0.0	0.0	0.0	0.0	0.0
869.5272199945734	-0.0417976052498261	756077.5863114913	0.0017470398046202	1383.4290711915528	4.660363641228969	21.718989268488933	1913875.9950179225	857.0913512982985	0.5564903441078286	0.3096815030852495	734605.5844703433	940.7715775952043	801.3095652451786	0.828045	22.114435	0.050419785181282	0.0356890775659624	-2.68138e-05	-0.0418961694	0.0548413222	0.0627877631	0.0012948003	-0.0567355605	0.0163978248	-0.015162587	0.0978390123	-0.0462562559	0.0320409209	0.0625023211	-0.0244525645	0.0133879121	-0.0399010784	0.015308296	-0.0720832126	-0.0537838786	0.0369552464	-0.0131888193	0.0172096244	-0.0344087049	0.0419702869	-0.0722168449	0.015954592	-0.0367030704	0.0780734245	0.0956297063	-0.0142269776	-0.1216050071	0.0694279858	0.0639222931	0.2155161603	0.1325572606	0.0630423897	-0.1498537715	0.1885078901	-0.0580393122	0.2476826406	0.1237514644	0.1682271281	-0.0313326231	0.0351991778	0.1594147374	-0.0939073828	0.0086575033	0.1201580546	0.0304338675	0.142653334	-0.0844444023	-0.0621458499	-0.0336851742	-0.0270876973	0.0238748884	0.0880137911	0.0188098032	0.0696739476	0.1005058344	0.0737518147	-0.053881893	0.0663100494	0.0413701254	0.1028027449	0.0412978402	0.0561303295	0.0629082627	0.1493276959	0.0157625047	0.0371971396	0.04662444	0.0960150139	0.1507497616	-0.1166604556	-0.0531304603	0.0105374004	-0.0900629759	0.0205745016	0.0021829411	0.1067258916	0.0170899553	-0.2199993043	-0.0522305929	0.1103835295	0.1676158715	-0.0148485708	0.0260299806	0.0069022063	-0.0137939021	0.0133731311	-0.0050715537	0.0188973835	0.0026596907	0.0312777401	0.0480840905	-0.0539965305	-0.0150913673	-0.01880178	0.0204839462	-0.0099831191	0.1724054155	0.0330865354	-0.0226435041	0.0292779886	-0.0893714871	-0.1104205422	-0.0684369334	0.0028895037	-0.0010586174	-0.0114819416	0.0911912077	-0.0753857725	0.0688893378	-0.0555787436	-0.1282045865	-0.0812449131	-0.0020307759287874	-0.0069914959578909	4.88810157292048e-05	4.124050872942328e-06	0.0355215740036243	-0.0030139593111612	9.083950729335866e-06	0.0012617822196949	0.067791514184627	0.0001011273824148	1.022674747406934e-08	0.0045956893954444	-0.0013640329034349	-0.0006470114338583	4.186237955433734e-07	1.8605857616530437e-06	-0.0001391821059184	2.078508427999764e-07	4.3201972852660504e-14	1.9371658607880722e-08	-0.0004660952721423	-0.0001590447658951	2.529523755865896e-08	2.172448027134047e-07	0.0	0.0	0.0	0.0	0.0	0.0	0.0	0.0	0.0	0.0	0.0	0.0	0.0
870.4438692495022	0.9166492549287568	757672.5295140445	0.840245856561445	1380.4283866538658	-3.0006845376869933	9.004107694713804	1905582.5306797947	857.4219753544352	0.3306240561366849	0.1093122664962737	735172.4438207017	940.4548111141598	803.327631127649	0.846457	22.606153	0.0466493339979781	0.0249735083113419	-0.0204185057	-0.0460052994	0.0502652524	0.0056715894	0.0091341609	-0.007576967	-0.0328304047	0.0051284966	0.0260124739	-0.0050629506	-0.0275943341	0.0108280958	0.1279975216	0.0388936418	0.0276857424	-0.0624408892	0.0019473395	0.0352945785	0.0031195592	0.115565093	-0.0585762866	0.0251858536	0.0269230051	-0.008382841	0.0623162389	0.0260184447	0.0980193436	-0.0549642796	-0.079448445	-0.0730942291	0.1189936443	-0.0551302317	0.0778702348	-0.1761386486	0.0352327834	0.0725819082	-0.0608087178	-0.0545536178	0.0443429869	0.0659973359	0.0345022945	0.1797728604	-0.1655930624	-0.0491398729	-0.291953559	0.1553212485	-0.1067625489	0.0648773713	0.0214317778	-0.0600861153	0.1322795365	-0.111324955	-0.0486045484	0.0177600346	0.0152394256	-0.0231303546	-0.0197182703	-0.0779350773	0.002992485	-0.0030229162	-0.0114816843	0.0342085084	-0.0126429988	-0.0035244387	0.1086151603	-0.0690964285	0.0126497255	0.079005276	0.0306654593	0.0419902782	0.0360072292	0.0686872514	0.0227042661	-0.002708417	-0.0161411929	0.0974072013	0.0838701785	-0.1328654583	0.0671102958	0.014322309	-0.066538846	-0.0337914698	-0.0386002231	-0.0372170267	-0.0302457721	0.1799567741	0.0243613811	-0.0344849047	0.0333662524	-0.022796779	0.0497096187	-0.0035222512	-0.0114730304	0.0217545804	0.0172547815	0.0514764496	-0.0446406597	0.0398587332	0.0507415422	0.0613187553	-0.0155279411	0.1034265556	0.0243289979	-0.1028576995	0.1445491322	0.0879292817	-0.127220136	-0.0120794461	-0.056756535	0.0547264535	0.0425707996	0.0660076536	-0.0616009311	-0.1289999139	-0.0703125971	0.0027432223016461	0.0047739982304335	2.279105910418219e-05	7.525268596248527e-06	0.0247661912193137	-0.0107553827843106	0.000115678258837	0.0006133642275116	0.051175755732018	-0.016615758452609	0.0002760834289554	0.0026189579747431	-0.0010740369610028	0.0002899959424321	8.409764662708197e-08	1.15355539360013e-06	-0.0001392496561312	-6.755021279998812e-08	4.563031249323679e-15	1.939046673265745e-08	-0.0004660748741747	2.0397967599998946e-08	4.160770822106068e-16	2.1722578833696245e-07	0.0	0.0	0.0	0.0	0.0	0.0	0.0	0.0	0.0	0.0	0.0	0.0	0.0
872.1530280989889	1.7091588494866985	760650.9044222357	2.921223972778694	1384.1780821654174	3.749695511551636	14.060216429350485	1915948.963147133	858.3443690780351	0.9223937235999528	0.8508101813365863	736755.0559279702	941.8789345682426	804.3861178412956	0.891486	23.808746	0.0364783571534071	0.0218009762925377	-0.0282630857	-0.0819382375	0.0642141483	-0.0151109422	0.0480942088	-0.0316761321	-0.0501107531	0.0327654423	-0.0287201776	0.0149341488	0.0224327609	-0.0922184537	0.0735701319	0.047668018	-0.0397730681	-0.0268353228	-0.0516630376	0.1075127947	0.0039009874	0.0594790929	0.053022947	0.0527662451	-0.1172664363	-0.0180161169	0.0113796744	0.0047198562	-0.1192668539	0.1094147573	-0.154840018	-0.1678214903	0.1291275682	-0.0072775469	0.0016820135	0.0474750891	0.0126838223	-0.1128546727	-0.0174296168	0.0771746335	0.0340875904	0.000683432	0.0454573929	-0.0200627852	-0.0344024623	-0.3018474687	-0.1036574317	-0.0642250703	-0.0326848819	-0.129776557	0.1309587598	-0.0775692381	0.2136596324	-0.0622015808	-0.0808730955	0.0587454522	-0.0206618719	-0.0050967661	-0.0613364817	-0.022145902	-0.0471412818	0.0054770962	-0.0834997534	0.0624149045	-0.0346788034	-0.0365605121	-0.0795809867	0.0197384578	0.0005768023	0.1180731519	-0.0737477731	0.0147109393	-0.0361847261	0.1502653567	0.0023133709	-0.0860881136	-0.0165218327	0.1029393275	-0.0155667318	-0.2388867607	0.1218737426	0.1087215284	0.0509459681	-0.0724209439	0.0248854038	0.0827551855	-0.1171260435	-0.0395318339	0.1121264882	-0.0453551648	0.0466267719	-0.0290044569	0.0481538992	0.0050368182	-0.0389317594	0.0301279707	-0.0257510991	-0.0106829267	-0.0028364563	0.0076679732	0.0409769968	0.0446246795	-0.142402022	0.112092151	-0.0261528163	0.0034567299	-0.0093944783	0.0599150565	0.0320169645	0.0089741339	-0.1573132805	0.0831105655	0.0708608928	0.063080731	-0.0674542747	-0.1289999139	-0.0586099215	0.0049953189057134	0.0022520966040672	5.071939114051463e-06	2.495321096977772e-05	0.0247771803784644	1.0989159150702477e-05	1.2076161883946801e-10	0.0006139086675069	0.0497120728415438	-0.0014636828904741	2.142367603866895e-06	0.0024712901862029	-0.0010189876685499	5.5049292452899945e-05	3.030424599564907e-09	1.0383358686567607e-06	0.0001520809000241	0.0002913305561553	8.487349294975641e-08	2.31286001521403e-08	-0.0001574229527886	0.000308651921386	9.526600857533125e-08	2.4781986064681784e-08	0.0	0.0	0.0	0.0	0.0	0.0	0.0	0.0	0.0	0.0	0.0	0.0	0.0
871.5426287856159	-0.6103993133730228	759586.5537905418	0.3725873217662576	1382.9699613553985	-1.2081208100189542	1.459555891600854	1912605.9140113525	856.6834642070185	-1.660904871016669	2.758604990566898	733906.5578457379	940.7699225304882	808.8683370308555	0.845168	22.571751	0.0224318824565987	0.0136026434054344	-0.0424608237	-0.0943081813	0.0927670382	-0.0030444912	0.0324499743	-0.0660486568	-0.0646339281	-0.0021622257	0.0194578622	-0.0661256008	0.0960794528	0.0087857566	-0.0442224589	0.034505808	-0.1906830536	-0.0083513647	0.0072826723	0.0085557144	-0.089589433	-0.0479520319	0.0536499354	-0.1679526726	-0.0125078203	0.014356329	-0.0670453666	-0.2526746705	-0.0257279736	-0.1466444519	-0.1153074751	0.0726731296	-0.084900265	-0.109449021	0.0363437509	0.1217567464	-0.0707763367	-0.052778739	-0.105202615	0.0401364099	-0.0627970485	-0.0793417326	0.050243091	0.167712689	0.0926564322	-0.0745314074	-0.0068921979	-0.0301652251	-0.1211786276	0.152657446	-0.0501962474	-0.0896568775	-0.0079314684	-0.0060331595	-0.0809958532	0.0898767064	-0.014289817	0.0077875482	-0.0646977406	0.0785669034	0.0898530419	0.082640212	-0.095538211	-0.0261398743	0.0171522816	0.076437796	-0.0021757417	0.0840804748	-0.0430980099	-0.0268731682	-0.0030231004	-0.0627414851	-0.0720562656	-0.1228103198	-0.1365576852	-0.0531600932	0.1301886247	-0.186017974	0.096311222	-0.0568447166	0.0363300053	0.0007223121	0.2440057877	0.0990080282	-0.0298004275	0.0430329783	-0.0938062224	0.0540770731	-0.0316826673	-0.0678761321	0.0430424367	-0.0424187328	0.0572652102	-0.0013954468	-0.0418604744	0.0624491082	-0.0252046164	0.0044261369	0.0147927574	-0.0149230668	0.0147503411	0.087357482	-0.1310275859	0.0712687401	-0.1001505785	0.0457631018	-0.0182939901	0.0037119555	-0.0185129924	0.0033109173	0.0401716922	-0.0006363037	0.0693688592	0.0601105761	-0.0731227308	-0.1282045865	-0.0462651033	0.0049719073415559	-2.341156415749945e-05	5.48101336300713e-10	2.471986261301746e-05	0.024793878587161	1.6698208696597217e-05	2.7883017367511485e-10	0.0006147364153948	0.0376471098468442	-0.0120649629946996	0.0001455633320634	0.0014173048798203	-0.0011309854808802	-0.0001119978123303	1.2543509966773098e-08	1.279128157961817e-06	0.0002180730305916	6.59921305675e-05	4.354961296837967e-09	4.755584667140492e-08	-0.0001288767019055	2.85462508831e-05	8.148884394808874e-10	1.6609204294039106e-08	0.0	0.0	0.0	0.0	0.0	0.0	0.0	0.0	0.0	0.0	0.0	0.0	0.0
872.3352220449032	0.7925932592872869	760968.7396201305	0.6282040746676444	1383.036145184491	0.0661838290925516	0.004380299233352	1912788.9788867768	856.8086978909218	0.1252336839033887	0.0156834755840138	734121.144781537	940.0727233599224	810.3460808516784	0.8998049999999999	24.030922	0.0374798610281895	0.0275038959477257	-0.0483583768	-0.0786799796	0.0045591431	0.0258644541	0.0294604784	-0.0687475979	-0.0601052529	0.0270036945	0.1655124585	0.0459631122	0.0819864857	0.0492831046	-0.1196659446	0.0515078329	-0.0482638183	0.0181235306	0.024197717	-0.1374350002	-0.0164444538	-0.0615273144	0.0115060535	-0.0060377603	-0.1130241604	0.0297105607	-0.0178293917	-0.0217086496	-0.1520568477	0.106121443	-0.0307361195	0.1647582791	0.152238705	-0.0260599312	-0.0396576448	-0.1767597124	0.0143440599	0.1104375589	0.1327905858	-0.0263184085	0.0023152398	0.0324918945	0.0427202905	-0.1634308846	-0.0436471395	0.1460451916	-0.18969074	-0.061683961	0.0517679491	0.0475558478	-0.0379830329	0.1146744421	-0.2121259675	0.1673206685	-0.0717306942	0.0206347318	0.013601235	-0.0149762024	0.1014448984	0.0527760132	0.1039738597	0.0538444823	0.0001833896	-0.0645630625	0.0112437288	0.1075764108	0.0116391722	0.0414227516	-0.0840733558	-0.0599343756	0.0536774578	0.0492658373	0.2019743426	-0.0505493793	-0.0637750156	-0.0973148516	0.1063332199	0.0185767995	-0.039316122	-0.1553115007	-0.0271469052	0.0825396925	-0.1398606552	-0.0311106076	-0.002144683	0.0824837509	0.0492649776	-0.0820428512	-0.0275736571	-0.0643381611	0.03716256	0.0096070971	0.0367148914	-0.0176135153	0.0043435412	0.0351319052	0.0175615489	-0.0496030942	-0.0082182722	0.0286475884	-0.0139947391	0.1801765767	0.0475935308	-0.0505920879	0.0415191188	0.0241462046	-0.1645665486	-0.0844614207	0.0506525683	-0.0605892379	-0.1232557849	0.0903114611	0.0650085656	0.0570992244	-0.0785907625	-0.1266188352	-0.033413395	0.0049954647734011	2.35574318451998e-05	5.549525951412335e-10	2.4954668302291303e-05	0.0288627211794363	0.0040688425922753	1.6555480040713594e-05	0.0008330566738818	0.0646838304435633	0.027036720596719	0.000730984260625	0.0041839979208516	-0.0010589870138466	7.199846703359993e-05	5.1837792551883765e-09	1.1214534954957391e-06	0.0002730680718843	5.499504129270001e-05	3.0244545667857793e-09	7.456617188260925e-08	-0.0001288554020848	2.129982069998368e-08	4.536823618514533e-16	1.6603714646435484e-08	0.0	0.0	0.0	0.0	0.0	0.0	0.0	0.0	0.0	0.0	0.0	0.0	0.0
874.6321719021138	2.2969498572106204	764981.4361262087	5.2759786465398895	1381.7126216487484	-1.3235235357426518	1.7517145496647304	1909129.7688234567	856.8301136577923	0.0214157668704046	0.0004586350706475	734157.8436708252	939.0243333770708	811.753737029634	1.001329	26.74229	0.1505366793616958	0.0768451729658078	-0.0190607154	0.0200114648	-0.0237952828	-0.0406913969	0.0047781867	-0.0108710455	-0.0397508285	0.0105021457	0.1306867059	0.1123214525	0.0270010932	-0.0871154002	-0.027027071	0.0383299008	0.0003209907	-0.1194435863	0.0039207939	0.0252484583	-0.047337076	0.1682359482	-0.1638410174	-0.0620530651	0.0153382055	-0.143636397	0.0863384838	0.1066854484	-0.0017932577	0.0418653265	0.0537177255	-0.0718986267	-0.0419764441	-0.1384284776	-0.06775878	-0.0064826073	-0.1111789166	-0.1531387576	0.1140219932	-0.1281783902	-0.1488666967	-0.0357973621	-0.0228534722	-0.0364352822	0.0708394714	0.073343503	0.243140285	-0.1348726574	-0.0080012963	-0.1610956982	-0.0019321626	0.2080714723	0.1308259653	-0.0764754547	-0.0428515836	-0.0141734646	-0.0323249731	-0.1240650352	0.0323749103	-0.0669564065	-0.0110872408	0.0642677185	-0.0919196656	0.0230690288	0.008317401	-0.058117203	0.1107424998	-0.0096746964	-0.1718307108	0.1001110795	0.0013375772	-0.0180019457	0.0657043116	0.1522734202	0.3222076054	-0.2180186582	-0.0112161923	-0.1033401373	0.0573630079	0.1451002269	-0.0385487388	-0.1137983748	-0.0452714876	0.0101986568	-0.1472166985	0.1221850795	0.1448063947	0.1028505909	-0.087719104	-0.0317380441	-0.0141625631	0.0470558724	0.0452281209	-0.0269433308	-0.0195630437	-0.0390196641	0.0305666964	-0.1763606227	-0.0959188702	-0.0119114456	0.0048485929	0.012379406	-0.0512390924	-0.0800804234	0.0793680272	-0.0409808408	-0.1410742056	-0.0150512585	-0.0268382522	-0.2103869979	-0.005086975	0.1796981341	0.1380227066	0.0540487397	-0.0838433825	-0.1242524367	-0.0201956026	-0.0329413873293731	-0.0379368521027742	0.0014392047474677	0.0010851349991837	0.0408552961968666	0.0119925750174302	0.0001438218555486	0.0016691552273337	0.1042937646457247	0.0396099342021614	0.0015689468874995	0.0108771893439778	-0.0019989660600397	-0.000939979046193	8.835606072820895e-07	3.99586530919064e-06	0.0005521280858433	0.0002790600139589	7.787449139079725e-08	3.048454231769864e-07	-0.0001279481014503	9.073006345000112e-07	8.231944413641231e-13	1.637071666473626e-08	0.0	0.0	0.0	0.0	0.0	0.0	0.0	0.0	0.0	0.0	0.0	0.0	0.0
874.1407453280827	-0.4914265740310384	764122.042642736	0.2415000776638836	1386.8593748167114	5.14675316796297	26.489068171936868	1923378.925517	857.5143157281931	0.6842020704008291	0.4681324731407811	735330.8016787912	939.5691913563408	821.8665006420156	0.986642	26.350048	0.1236462150257077	0.0629815621906441	-0.0512506952	0.0360058364	-0.0666263142	-0.1082194499	-0.0050867063	-0.0759745293	0.0190743334	-0.0940244996	0.0656209538	0.0483125382	0.0966398785	-0.1051857381	-0.1779328731	0.0445883581	0.0298267811	-0.1169024586	-0.0517667621	0.0332716726	-0.0214220221	0.0364840833	-0.0291183152	0.0940866961	0.0211566296	-0.0119106375	-0.0038187306	0.0244564887	-0.1193818809	-0.1089844404	0.1060061724	-0.2712944007	-0.0142856554	0.0229445554	0.2702020057	0.1611337187	-0.0150197561	-0.0233378164	-0.1126121208	0.0301103254	0.0550850078	0.1066807159	0.0034226726	-0.0314246663	-0.0283954789	-0.1159151182	0.1191583787	-0.0938067052	-0.1152030874	-0.0004816351	-0.0064881587	0.0245495413	-0.1100200369	0.1527934503	-0.0233660156	-0.0418425695	0.0172826801	-0.0775055991	-0.0626631544	0.0272171819	-0.0202480268	-0.0224472754	-0.0593390566	0.0720978118	0.0745857218	-0.0809245474	-0.0944423721	-0.1527067885	0.0068029271	-0.1369727278	-0.1850481422	0.0466735213	0.058064926	0.2939359093	-0.0426234738	0.0141617707	-0.0894142098	-0.2042021487	0.0714135651	0.1257366152	0.0133383422	-0.0925053046	0.0013135696	0.1506440005	-0.0320300742	-0.0357701146	-0.0519229798	-0.0757796529	0.0554288071	-0.0394530729	-0.0215942672	0.021805587	0.0500378983	0.0239955103	-0.0214730936	-0.0516854974	0.0706802663	-0.0791483898	0.0555482071	-0.0224440843	-0.0317912495	-0.1457995254	-0.0538469529	0.0329733091	-0.1441253019	-0.1205646897	0.0815135009	0.0128177023	0.0344199169	-0.1491607106	0.0457762377	0.1029921429	0.024441562	0.0509612127	-0.0888661936	-0.1211199807	-0.0067565429	-0.0151423913845434	0.0177989959448297	0.000316804256644	0.0002292920168426	0.0068772120005462	-0.0339780841963203	0.0011545102056522	4.729604490045667e-05	0.1166503962480973	0.0123566316023726	0.0001526863445567	0.0136073149448381	-0.0023140260766099	-0.0003150600165702	9.926281404121492e-08	5.354716683230608e-06	-0.0002297441993681	-0.0007818722852113	6.113242703816967e-07	5.278239714328928e-08	-0.0002212658653124	-9.33177638621e-05	8.708205052222657e-09	4.8958583152445136e-08	0.0	0.0	0.0	0.0	0.0	0.0	0.0	0.0	0.0	0.0	0.0	0.0	0.0
870.8884919215553	-3.252253406527416	758446.7653614009	10.57715222026918	1382.3861850131382	-4.473189803573177	20.00942701879104	1910991.5645151783	856.3566235782871	-1.1576921499059836	1.3402511139539384	733346.6667464041	939.3986775725728	812.2458301949378	0.870963	23.260651	0.0566747068212621	0.0261936191394498	-0.057004882	-0.0215109686	0.0026844712	-0.0726266098	0.0391839539	-0.0961626098	-0.0363261655	-0.0741179024	-0.040162895	0.0138766182	0.0489025427	0.0109031218	-0.0026272279	0.0581303318	-0.0852727813	-0.0507805296	0.1044190581	0.0827258902	-0.0693995284	-0.0180931776	0.0290282253	0.0076718479	-0.0982202597	-0.0145720618	0.103580804	0.0329051362	0.0965424272	-0.1477907665	-0.0142512302	0.1801549337	0.1722687278	-0.0297092586	-0.0450805881	0.0813648044	-0.2043026614	-0.0065453187	-0.1923945389	0.097230137	-0.0746809737	0.0612980636	-0.0266223177	0.0580848843	0.1391065158	0.0808939082	0.119933541	-0.1172005552	0.0500815255	-0.0474600034	0.0012586802	-0.234631563	0.0365217776	-0.0140197138	-0.0714368435	0.0142877938	0.0320622696	-0.0168359445	-0.0726462902	0.0540289398	-0.0678301282	0.0409058598	0.0130873772	-0.0575693357	0.0345092935	0.0585785379	0.0130630305	-0.1331040527	0.1058197472	-0.0139380422	0.1416345511	0.0190400054	0.0809431955	0.1070007099	-0.0002156778	0.0007002539	0.2617657415	0.0345171319	0.0510261114	0.0277938322	-0.0305042117	-0.0189639269	0.1943079857	0.0949813544	0.0839926449	-0.1554996213	-0.1892064216	0.0365687244	-0.1485440582	-0.071621314	-0.0032165235	0.0158463093	0.0490100784	0.0157694112	-0.0203682365	-0.0126357585	0.0765491082	-0.0379478485	-0.0102215224	0.0100496963	-0.0073385876	-0.0720953112	-0.1217084734	0.036972709	-0.1441027477	-0.1322106994	0.0837129467	0.0561445884	-0.0623555773	-0.1347109521	-0.0269171036	0.0521057159	0.0248332431	0.0478387595	-0.0936454286	-0.1172407796	0.0067565429	-0.0079720890068699	0.0071703023776735	5.1413236187270246e-05	6.355420313345592e-05	0.0190812743251882	0.012204062324642	0.0001489391372237	0.000364095029873	0.1042317694543157	-0.0124186267937815	0.0001542222914432	0.0108642617635776	-0.0021140645549452	0.0001999615216646	3.998461014646227e-08	4.469268942475647e-06	-0.0004606958511126	-0.0002309516517445	5.333866544351281e-08	2.122406672323629e-07	-0.0002879869984065	-6.67211330941e-05	4.451709601360607e-09	8.293651125118543e-08	0.0	0.0	0.0	0.0	0.0	0.0	0.0	0.0	0.0	0.0	0.0	0.0	0.0
869.2730838700777	-1.6154080514776297	755635.6943409952	2.609543172778752	1379.7908582257794	-2.595326787358772	6.735721133182005	1903822.8124434329	855.7366290127732	-0.6199945655139345	0.3843932612668124	732285.1782341446	939.8552451365072	807.7877910890727	0.976154	26.069958	0.0537432206393117	0.0256733392001126	-0.0527837095	-0.0642155888	0.0746358111	0.027991666	0.0656102934	-0.0302566464	-0.0836846684	0.0100026637	-0.0151212554	-0.028346235	0.0925899982	0.1836950643	0.0378409823	0.0587910155	-0.1626838951	-0.0024729386	0.1445290566	-0.0634236422	-0.0550329522	-0.0255595505	-0.0836412847	-0.1112592371	-0.1981581694	-0.0292592728	0.0540557431	-0.1803097132	-0.0056934179	-0.1352696477	0.1384874195	0.048159841	0.1379418519	0.0232936676	-0.0183475291	0.0342935141	0.0105390723	0.0089760548	0.0615448734	-0.0150547261	0.0331751271	0.1837775777	-0.0693541462	-0.0788785769	0.1335286266	-0.1091757754	0.0742189847	-0.0535269932	-0.0868933471	0.0422925372	0.1323433511	0.1481399864	-0.0845531969	-0.1154372392	-0.0924713297	0.0699774703	-0.1026926076	-0.0173791339	-0.0360757067	0.100712773	-0.0092630514	0.1236215509	0.0115923292	-0.1259108232	0.0673240184	0.094084832	-0.0947913377	-0.0629759614	-0.0529969458	-0.0686900318	-0.1093380696	-0.0386651215	0.2021168839	-0.0957687625	-0.0934295384	0.0143111156	0.0205569797	-0.1521203698	0.0297331539	0.0901961	0.063492518	0.0100860623	0.0191857957	-0.1618602952	-0.1560866366	-0.053830341	0.074806781	-0.0519475832	-0.0907478512	-0.0759720525	-0.0011983332	0.0025098689	0.0699481343	0.0127230168	-0.0245722017	0.0806516523	-0.0396073221	-0.0578580952	0.114191158	0.0178205886	-0.0316061299	0.0341103693	-0.0210655026	0.1281103416	-0.2283531553	0.0145760926	0.0854361814	-0.0605595046	0.0468033816	-0.0187098882	-0.0968746886	-0.1274438422	-0.1382913114	0.0446835199	-0.098167988	-0.1126387502	0.0201956026	-0.0026938133063936	0.0052782757004763	2.7860194370238584e-05	7.256630129703219e-06	0.0247787654977287	0.0056974911725404	3.2461405661176904e-05	0.0006139872195914	0.1230455626627957	0.01881379320848	0.0003539588148914	0.0151402104910039	-0.0021540097142622	-3.9945159316999695e-05	1.5956157528604876e-09	4.639757849135924e-06	-0.0001798611599592	0.0002808346911534	7.886812375522557e-08	3.2350036861868935e-08	-0.0001296936377206	0.0001582933606859	2.5056788037236438e-08	1.6820439665202236e-08	0.0	0.0	0.0	0.0	0.0	0.0	0.0	0.0	0.0	0.0	0.0	0.0	0.0
869.7074580760858	0.4343742060081013	756391.0626331666	0.1886809508451684	1379.5097453257702	-0.2811129000092478	0.0790244625516093	1903047.1374487712	856.8073783880781	1.070749375304899	1.146504224715832	734118.8836602512	939.8103158297654	803.8566537496339	1.332512	35.587143	0.3970624401948305	0.2556295943602644	-0.0714888975	-0.2240856087	0.2056588459	-0.1003341255	0.0391832994	-0.1631125483	-0.0859784874	0.0804214983	0.0591291175	0.1246412261	0.1138311412	0.0278002928	0.0359403023	0.1495366215	-0.0516970254	-0.0619844118	0.0701374452	-0.1498309153	0.0637498161	0.0041889097	0.027114643	0.0918280121	-0.0834561179	0.1774077542	0.0177270123	-0.0328959935	-0.134794791	-0.1053935032	-0.2544802466	-0.1087495247	-0.1693459723	-0.0521392029	-0.1380576725	-0.1305076315	-0.0240041881	-0.106805793	-0.1384539372	-0.1450789802	-0.0270512231	-0.2041545542	-0.1393468505	0.1307969935	-0.2461800832	0.1641841247	0.0921727938	0.03583761	-0.0051211205	0.0085544113	0.0085659227	-0.0218087947	-0.054507596	0.1088343995	-0.1711572141	0.0124657801	0.0429730554	-0.1481452512	-0.0514924698	-0.0282275385	0.148868395	-0.0035006754	0.0608763641	-0.119082402	-0.0876280487	0.0614973876	0.2149796785	-0.1429355351	-0.2138506102	-0.2502661154	-0.1026559392	-0.1042683953	-0.1675143149	-0.0272428902	0.0753791502	-0.0666824071	-0.1317097627	0.3296422628	0.0922502027	-0.0789185767	-0.0546052101	-0.0078596345	0.0730873157	0.1340663443	0.0741370219	0.0822654381	-0.2397060834	0.00603681	0.0387714489	-0.2007687521	0.1230253223	-0.0826312765	0.2415643409	-0.0258185019	-0.1834218979	0.0656094572	-0.3163792919	-0.0271282204	0.0155567337	-0.1317397881	-0.239199206	-0.0234776041	0.2776935989	0.0838996555	0.0234509287	0.3842827029	0.2048835222	0.0596543123	0.4362009031	-0.0473545855	0.0048597133	0.0520272496	0.0150936691	0.0414976565	-0.1024214758	-0.1073422654	0.033413395	0.0123522265466249	0.0150460398530185	0.0002263833152586	0.0001525775006591	-0.0584417828954144	-0.0832205483931431	0.0069256596748554	0.0034154419879947	-0.1160416880636532	-0.2390872507264489	0.0571627134599318	0.0134656733686621	-0.0024671805719798	-0.0003131708577176	9.807598612357745e-08	6.086979974754574e-06	-0.0006172932626613	-0.0004374321027021	1.913468444743806e-07	3.8105097212703273e-07	-0.0005732627017453	-0.0004435690640247	1.9675351455974846e-07	3.2863012521232085e-07	0.0	0.0	0.0	0.0	0.0	0.0	0.0	0.0	0.0	0.0	0.0	0.0	0.0
872.4027172907008	2.695259214615021	761086.5011361984	7.26442223396718	1387.2182381661446	7.708492840374447	59.42086187010411	1924374.4403007824	858.4726045682181	1.6652261801400527	2.772978231023832	736975.2127941402	941.217746714854	811.9398911962855	1.665697	44.485455	0.4419543425487851	0.2717572639322824	-0.1075724714	-0.0136417842	0.0091776545	-0.0389055885	0.1093143614	-0.0438739799	0.0104359485	-0.0601865928	0.0374443356	0.0279319213	0.0040635254	-0.1129237839	0.1129047234	0.0975942342	-0.1034916835	-0.0162470333	-0.2247297322	-0.0944255815	-0.1045294327	-0.1018009226	-0.1906436714	0.0062439694	-0.0342595807	0.1465412427	0.0724291246	-0.031051563	-0.0428844619	0.1612006324	-0.1119337906	-0.0524237998	-0.0793136128	-0.0083899251	0.0111911805	0.0339542822	-0.0549422195	-0.0633226389	-0.0483547082	0.0076754978	-0.1982816244	0.1484734658	0.0341141542	-0.111602098	0.1381718423	0.0043847078	-0.1149212176	-0.0368230099	-0.1248376201	-0.0736647929	-0.0403422603	0.1035456093	-0.0636274093	0.054517253	-0.1070239668	-0.0363197779	0.095509434	0.0033099635	0.0799691043	0.1417824793	0.0609393644	0.0590491607	-0.0924395664	0.1891969997	0.260063998	-0.1712025074	0.1477500326	0.0157004833	0.0333007975	0.0482129537	-0.009411286	0.0616574872	-0.0399146052	-0.156168957	0.0443599641	0.0920836395	-0.0064676874	-0.0095396575	-0.0992435846	-0.1997169492	0.0441314981	0.0683671946	0.0761454167	0.1688154471	-0.0505814658	0.0897006941	-0.072724917	-0.0489563655	0.0454863765	-0.0964514253	-0.0273544915	0.0394800792	0.066795839	-0.0052879334	-0.030585775	-0.007979696	0.0264683998	-0.0641651283	-0.0369173958	-0.0197216245	-0.0166263886	0.1595095974	-0.0461407847	-0.0968467766	0.0264867732	-0.175440538	0.0274546167	0.07874222	-0.2274109409	-0.0593449542	-0.0002882077	0.1394388303	-0.0236973708	0.0382833527	-0.1063942335	-0.1013839798	0.0462651033	-0.0299522715086197	-0.0423044980552446	0.0017896705557061	0.000897138568526	0.0766409606428766	0.135082743538291	0.0182473476018317	0.0058738368482629	0.1148645422761163	0.2309062303397694	0.0533176872097226	0.0131938630723017	-0.0025450407061834	-7.786013420359996e-05	6.062200498202597e-09	6.4772321961305e-06	-0.0001789700881742	0.0004383231744871	1.9212720529244878e-07	3.2030292461080926e-08	-0.0004162285981264	0.0001570341036189	2.465970969939144e-08	1.732462458982682e-07	0.0	1.0	0.0	0.0	0.0	0.0	0.0	0.0	0.0	0.0	0.0	0.0	0.0
868.3527224349565	-4.04999485574433	754036.4505602006	16.40245833155554	1383.3352804098042	-3.882957756340375	15.077360937523876	1913616.498026472	856.3739597442802	-2.0986448239378888	4.404310097041292	733376.3589280981	939.2914680125182	789.4458963327457	1.112197	29.703224	0.1305761893363617	0.0866127545551297	-0.0123863744	-0.0094791036	0.0482144034	0.0659530354	0.0997887916	0.0390521028	-0.0341007161	-0.0458402521	-0.0084472186	-0.0242315514	0.0587292052	0.0001735709	0.2010931484	0.0447260845	0.018675245	-0.0602874803	0.0910672033	0.0154782901	0.0715025619	-0.1114330012	-0.0889041762	0.1005032885	0.092839614	0.1641885997	0.1139090423	-0.0082010842	-0.0489797122	-0.0302550987	0.0600591357	0.0106615176	0.0128211393	-0.012153026	0.0788734294	0.1218412159	0.0439849104	0.104581397	0.0489376645	0.0106340505	-0.2364585664	-0.0818030385	0.0270648468	-0.1239240884	-0.1182157399	-0.0190150674	-0.0741691442	0.1155678569	0.0724354017	-0.1764566344	0.0591591819	-0.056513136	-0.0211752866	0.1328762527	-0.0674954374	0.0074768748	-0.1205957033	-0.0809040475	-0.036255095	0.0081368807	-0.0609766837	-0.0595181315	0.0679279835	-0.023726973	0.1191150704	-0.0210024896	0.0753811749	0.0498984811	-0.1191884951	0.0307107073	-0.1973909392	0.0484036843	0.018168009	-0.1076777414	0.0301524588	0.0412762415	0.0321607297	-0.0602570284	-0.1540961346	-0.0844972454	0.0074609495	0.1896338113	0.0442031392	-0.0364828213	-0.1069683876	-0.0804996447	0.0739791864	-0.1358377702	0.0346766507	-0.0564159843	-0.0315963405	0.0392035804	0.0393342487	-0.0033327318	-0.0246244052	0.0925849318	0.0070792291	-0.1265785308	0.0704507773	0.0012610692	0.1111933361	0.0547790177	0.0067201748	-0.1186678489	-0.0054981824	-0.1034035301	0.0013172386	-0.0945887099	0.0851014313	-0.0985667152	-0.1454749122	-0.0822458015	-0.1618526371	0.0350428114	-0.1100753719	-0.0948006283	0.0586099215	-0.0216867207073079	0.0082655508013118	6.831933004906617e-05	0.0004703138550367	0.0488402089670358	-0.0278007516758407	0.0007728817937417	0.0023853660119437	0.1953644682596405	0.0804999259835241	0.0064802380833528	0.038167275458372	-0.0026400238672056	-9.49831610221998e-05	9.021800877769133e-09	6.969726019415211e-06	-0.0001796947926004	-7.247044261999766e-07	5.251965053538374e-13	3.2290218487700776e-08	-0.0002317372460611	0.0001844913520653	3.403705898688248e-08	5.370215121198281e-08	0.0	0.0	0.0	0.0	0.0	0.0	0.0	0.0	0.0	0.0	0.0	0.0	0.0
869.3649341053084	1.0122116703519168	755795.3886519272	1.0245724655966175	1382.5633040877792	-0.7719763220250115	0.5959474417672643	1911481.289810117	855.5479249852352	-0.826034759045001	0.6823334231505329	731962.2519465417	937.8106557708612	795.0962528478296	0.929736	24.83028	0.0380790331503505	0.0200732282010551	-0.0474910413	-0.0014814679	0.0550484247	0.0721204717	0.0692401171	0.0287824975	-0.0247196345	0.0365255839	0.0551171557	-0.0296471675	-0.0192967289	0.0283809623	0.087634223	0.0636890691	-0.0252038932	-0.0366424899	0.1561042738	0.0665825366	-0.0040591831	0.1184386148	-0.0322256495	0.0931570287	0.0809518428	0.1462277332	-0.1377144799	0.158119022	0.0435361569	0.044714062	0.2168555714	0.0710308618	-0.0430300202	0.0235477929	-0.0004368328	-0.0088224735	-0.1366047597	-0.0270075677	-0.1014821874	-0.0493274997	0.1765083607	0.0082750135	-0.0449909091	-0.1629048025	-0.0437941762	0.0285837674	-0.0843502342	-0.2765574277	-0.0233791098	0.1086840769	-0.0527463729	0.0112231719	0.1124594583	-0.0753989398	-0.0620183235	-0.0316351738	-0.0330480674	-0.035271423	-0.0674712818	-0.0977055354	-0.0157612772	0.1818202512	0.1169155176	0.1082381016	-0.004021092	-0.1154634562	-0.0132281456	-0.0157547732	-0.1355815921	0.0539412458	0.0593936546	-0.0275707951	-0.0147301496	0.0347811763	-0.0894436276	0.1370583646	0.094213153	0.0840526048	0.1963226807	0.1581970765	-0.0214380075	-0.0040922004	-0.0653632061	0.0043702763	-0.0444589871	-0.0186625057	0.1551152555	-0.282716242	-0.0328909942	-0.0787572455	-0.0372908078	0.0266350846	0.0109015724	-0.0437141336	-0.008194209	0.0917691964	0.0172185446	-0.0161137943	-0.0854041993	0.0384856254	0.0958873964	-0.0149351665	-0.0614621973	-0.005996969	-0.0247719096	-0.0202873162	0.1276291489	0.0692435541	-0.0301187992	-0.1785545047	0.1421251471	0.0283029855	0.0176216717	0.0317782535	-0.1134548014	-0.0876327994	0.0703125971	-0.0283300835405952	-0.0066433628332873	4.413426973470307e-05	0.0008025936334171	0.0383293254815555	-0.0105108834854803	0.0001104786716453	0.001469137191871	0.1952273854935526	-0.0001370827660878	1.87916847583094e-08	0.0381137320466481	-0.0027410666294551	-0.0001010427622495	1.0209639803008991e-08	7.513446267112342e-06	-0.0002328235068691	-5.312871426870001e-05	2.822660279845168e-09	5.4206785350825864e-08	-0.0004933198508528	-0.0002615826047917	6.842545912961072e-08	2.433644752454288e-07	0.0	0.0	0.0	0.0	0.0	0.0	0.0	0.0	0.0	0.0	0.0	0.0	0.0
871.7453681495173	2.3804340442088687	759939.9868901374	5.666466238828591	1379.1452423187347	-3.4180617690444706	11.683146257003417	1902041.5994104017	856.3320582318521	0.7841332466168751	0.6148649484499211	733304.5939556002	938.3063629193516	800.3388665970125	0.916295	24.471317	0.0173977805652582	0.0079404540715473	-0.0482196217	-0.0265925156	0.0590952654	0.0769486394	0.0614190573	0.0181104935	-0.01118596	0.0709049842	0.0719709236	0.1109337998	0.0101574061	-0.0054031941	-0.0133067338	0.0522812028	-0.0871342436	0.0560175342	0.045381017	-0.1248855741	-0.0083368741	0.1767575044	-0.0776483739	0.1086578184	-0.020065907	-0.1885858054	0.053681258	0.0797689666	-0.1608713147	-0.1203653365	-0.0498986407	-0.0344817114	-0.0897294038	0.2059101383	-0.085289408	0.0191138791	0.1212743069	-0.090630392	-0.0158018209	0.1607577896	0.1093493837	-0.035475289	0.1157683032	0.0857478274	0.161097255	-0.0636833435	0.0356296944	0.0938799553	-0.1026556278	0.0856551996	-0.1152614911	0.1025639482	-0.0477301431	-0.0261177635	-0.0490670104	-0.0160296411	-0.0433964066	-0.0285900712	0.0502771835	-0.0304073222	0.1379879337	0.1835613322	-0.0084255161	-0.0125874877	-0.0784376758	-0.0949158873	-0.0159762415	-0.0606622117	-0.0770427721	0.0074365533	-0.0028580681	-0.1052048328	0.0273539252	0.0667764189	-0.1965302306	-0.0529177129	-0.2236680152	-0.0501131368	-0.3214013911	0.126650539	0.0827836107	0.0326563209	0.0259777254	0.1058155144	0.005554413	-0.0959316904	0.0926015316	0.1148160476	-0.0164446233	-0.0768402477	-0.0447254325	0.0351127085	0.0303143849	-0.0288608946	-0.0326407403	0.079243434	0.0183226216	-0.1077259387	0.0355627286	0.0341440056	-0.0218524206	0.1092977617	0.0318010857	0.0294991929	-0.0588287423	-0.0128257258	0.012744063	-0.0209037666	-0.1121285575	-0.1454423185	0.1101780816	-0.1491721066	-0.0288478009	0.0284919163	-0.1165232592	-0.0799246852	0.0812449131	-0.0309316800618546	-0.0026015965212594	6.768304459429019e-06	0.0009567688314489	0.0436109776804443	0.0052816521988887	2.7895849950026887e-05	0.0019019173742442	0.1952946274767626	6.724198321000907e-05	4.521484306015142e-09	0.0381399915212874	-0.0027970409677663	-5.59743383112001e-05	3.1331265493766835e-09	7.82343817536304e-06	-0.0001789207305282	5.39027763409e-05	2.905509297257089e-09	3.201262781274476e-08	-0.0004142511682669	7.906868258589998e-05	6.251856565869802e-09	1.716040304104915e-07	0.0	0.0	0.0	0.0	0.0	0.0	0.0	0.0	0.0	0.0	0.0	0.0	0.0
871.541369999441	-0.2039981500762451	759584.3596205026	0.0416152452345302	1383.449898659646	4.304656340911151	18.530066213346583	1913933.6221013844	856.6501534053706	0.3180951735184862	0.1011845394157558	733849.485329445	937.850837222372	800.4506728834439	0.8981289999999998	23.98617	0.1512131460470432	0.080570512664229	-0.0400683346	0.0223462897	-0.0319905788	0.0870736978	0.0213427161	-0.0055125374	0.0668043343	-0.0438380918	0.0892689664	0.1081367334	0.0222183077	-0.0606206191	-0.0927115074	0.0392948445	0.0498794171	0.0134108893	-0.1082910285	-0.1607184702	0.0459084268	-0.0288856326	0.094629523	0.0743153237	-0.0026104409	-0.1330516681	0.2296515491	-0.0193206052	0.1151870486	0.0581251444	-0.0500067251	-0.0093685948	0.0462447971	-0.0505252702	-0.1036281986	0.0996121452	0.1334335948	0.0161132283	-0.1004734007	0.0460717661	0.111339609	-0.1891297446	-0.1425442141	-0.0035234218	0.1227300901	-0.0019044221	-0.0050392126	0.1302815543	0.0767674549	-0.0065726991	0.0848152703	0.0255307114	-0.0704003506	0.1119458568	-0.0088102947	-0.0737482518	0.0018509318	-0.0470217029	0.1385572894	0.0944164295	0.0833247806	-0.0667665603	-0.0091612952	0.0440463043	0.0385944396	-0.0516688371	0.0346875451	-0.1009870259	0.0339566865	-0.0153833813	0.0500812786	-0.0394813849	0.0889783686	-0.004617939	0.0534519113	-0.0842171544	-0.2269089269	-0.0480036289	-0.0303026278	0.1110664013	-0.1193133957	0.0676553293	-0.0032046119	-0.1451422381	0.0781721158	-0.1685088169	-0.0780039457	0.1655271952	0.0341620413	-0.0443893358	-0.0642385925	0.076319553	-0.0410086341	-0.0656299934	0.0111803438	0.0233274846	0.0195986723	-0.023519514	-0.0319778281	0.0733233581	-0.0878911113	0.0416346593	0.0857352806	-0.2564879507	-0.1073078325	0.0236571858	-0.0003085458	-0.131136357	0.0429493706	-0.0737954344	0.1148449759	-0.0974078192	0.1130794207	0.0251860523	-0.1192723348	-0.0717238087	0.0912870929	-0.0550381409706233	-0.0241064609087687	0.0005811214575459	0.0030291969615022	0.025644856291251	-0.0179661213891933	0.0003227815177712	0.0006576586541989	0.2599546550722138	0.0646600275954512	0.0041809191686445	0.0675764226937136	-0.0032439559064399	-0.0004469149386735	1.9973296240962754e-07	1.0523249922926312e-05	0.0002406352529338	0.000419555983462	1.76027223258766e-07	5.7905324954513896e-08	-0.0003911113673299	2.3139800937000028e-05	5.354503874039874e-10	1.5296810165466398e-07	0.0	0.0	0.0	0.0	0.0	0.0	0.0	0.0	0.0	0.0	0.0	0.0	0.0
870.2025995864275	-1.338770413013549	757252.5643269762	1.7923062187604684	1381.412056587838	-2.0378420718079724	4.152800309630609	1908299.27008624	856.6044268141835	-0.0457265911870763	0.00209092114159	733771.1440376559	938.0042899118748	784.3746712603099	0.8321309999999998	22.223562	0.0767918448056789	0.0504198432598112	0.0207169491	0.0349492395	-0.0151817664	0.1214439014	0.0389370502	0.0779897993	-0.0082570106	-0.0680865787	0.0586795126	0.0837176628	-0.0427609367	-0.0188470297	-0.0511017446	0.0273777121	0.071368205	-0.0388825364	0.0308221153	-0.0082417029	0.0793870522	-0.1676230349	-0.0451358825	-0.0285578533	0.0338337937	0.0671271614	-0.0657648458	-0.0082209393	0.0255967403	0.0606663388	0.049538449	0.0315297108	-0.1063468271	0.1184535656	-0.0891165636	-0.0645651495	0.0219954729	0.1286662398	0.1941529133	-0.1692650092	0.1801234365	-0.0380053345	-0.0858273039	0.1151853004	0.0047999077	-0.1530449539	0.2287595373	0.0420373282	-0.0731689379	-0.108815741	0.0422672995	-0.0397986656	-0.0199062188	-0.0408062289	0.0132861488	-0.054018408	-0.0730239136	-0.0471910508	0.1151146932	0.0312657407	-0.0201312259	-0.1178637988	0.04426186	-0.0141217026	0.0840246645	0.0216118169	-0.0699110492	0.1670076584	-0.0165313035	-0.0313061729	0.068604441	-0.0467248645	-0.0068200502	-0.0778717478	0.0261445524	0.0868815736	-0.1109882489	-0.0121737197	-0.044920387	0.1826849835	-0.1337592351	0.0121382897	-0.0904053557	0.0598603601	-0.1862753184	0.0634444198	-0.0238940274	0.0066274971	0.1255113434	-0.0122220548	-0.0665317016	0.0668776153	-0.0618325001	-0.0801938111	0.0041790751	0.0463835917	0.0285360377	-0.0374014886	-0.0309834881	0.1264616544	-0.0388873587	-0.0102066247	0.1157666909	-0.2047174869	-0.0308501353	0.045114456	-0.0154048245	-0.1113608702	0.0075710569	-0.015806346	0.1140806527	-0.1358665923	0.0279888142	0.0218629269	-0.1216944932	-0.063080731	0.1003291122	-0.0596163261396185	-0.0045781851689951	2.095977944160759e-05	0.0035541063423853	0.0438138001119199	0.0181689438206688	0.0003301105195586	0.0019196490802472	0.3062360385263787	0.0462813834541648	0.0021419664544314	0.0937805112923297	-0.0032439434077595	1.2498680399680716e-08	1.562170117333629e-16	1.052316883274632e-05	0.0002383835034407	-2.2517494931000048e-06	5.0703757796761276e-12	5.6826694712662226e-08	-0.0005441137663934	-0.0001530023990634	2.34097341191865e-08	2.960597907788115e-07	0.0	0.0	0.0	0.0	0.0	0.0	0.0	0.0	0.0	0.0	0.0	0.0	0.0
871.7370581383498	1.5344585519222846	759925.4985317047	2.3545630475674346	1380.797875023461	-0.6141815643768496	0.3772189940203942	1906602.7716693056	857.0152746872914	0.4108478731078548	0.168795974837248	734475.1810473335	937.3055454996246	794.1866051270554	0.8828169999999999	23.577227	0.1122654917281597	0.068605252632269	-0.0154222024	0.1026261788	-0.0752687777	0.0671038144	-0.022803777	-0.0001481579	0.1037119361	-0.0303334272	0.016133832	0.0735144265	-0.011092096	-0.0736566013	0.0870558773	0.0132903954	0.1793583871	-0.0541352232	0.0077935168	-0.0331209783	0.114064849	-0.0841177916	-0.0192772905	-0.0520125159	0.062859426	-0.032220981	-0.0890846467	-0.1422591995	0.0008014935	-0.110067126	0.1217673102	0.0041497323	0.0848965471	0.0031762002	0.1095464582	-0.150110418	0.0679082916	0.1810434877	-0.015870786	0.076527982	0.0255912379	0.1023788238	0.1891952646	0.0802367566	0.019028305	-0.0378469719	0.0309272624	-0.1024119997	0.0750941079	-0.1347921459	-0.2677575387	0.055379486	-0.09593608	-0.0745927443	0.039642605	-0.1292056585	0.0609979205	-0.0563498529	0.029216439	-0.0579212176	-0.037567426	-0.1093034109	0.1201976257	0.0190954074	0.0837124707	-0.0435139771	-0.0448409069	0.1225372101	0.0870967872	-0.0490743226	0.0592951186	-0.0496887066	-0.0083520764	0.0124893634	0.1033097079	0.0475515733	0.0648109334	-0.2173172914	-0.0146100466	-0.0141537169	0.0432160053	-0.1059865057	0.0406582916	0.0129656869	-0.1676843799	-0.0120091026	0.0357460882	0.0347302843	0.0739554738	0.003660283	-0.0856079232	0.0622920978	-0.0451171876	-0.0423801769	-0.0015955912	-0.0399113901	-0.0012448888	0.0151683494	-0.0496467499	0.1158922542	0.0129586595	-0.0966210452	0.0769639238	-0.1145959888	0.1015563986	-0.0283589077	0.0590016248	0.0436596884	-0.0821246349	0.0308599776	0.071296755	-0.0885265898	-0.0079828985	0.0185248178	-0.1237830955	-0.0540487397	0.1082719048	-0.0529855780778518	0.0066307480617667	4.396681985862287e-05	0.0028074714842441	0.0045322809641135	-0.0392815191478064	0.0015430377465594	2.0541570737665596e-05	0.3078085293461754	0.0015724908197967	2.472727378344937e-06	0.0947460907382553	-0.0041160619235457	-0.0008721185157861	7.605907055771237e-07	1.6941965758462726e-05	-0.0001848816821299	-0.0004232651855706	1.7915341731611446e-07	3.418123638718138e-08	-0.0005438827937744	2.309726189999228e-07	5.334835072768349e-14	2.9580849336384654e-07	0.0	0.0	0.0	0.0	0.0	0.0	0.0	0.0	0.0	0.0	0.0	0.0	0.0
871.402205998458	-0.3348521398917228	759341.8046189791	0.1121259555900659	1378.446561246305	-2.351313777156065	5.528676478643922	1900114.9222117632	855.7177056067286	-1.2975690805627664	1.683685518832503	732252.7916888439	936.6373986896904	801.0344580949279	0.835786	22.321182	0.1220824967880293	0.0605787618864021	0.0172602984	0.1045205609	-0.0603637999	0.0155595141	0.0162947454	0.0824522815	0.0493245495	-0.0722319027	-0.0742030654	0.0162792404	-0.0837473915	-0.0045270838	0.1136193595	0.026066948	0.0952369562	0.0082305168	0.078586788	-0.031467885	0.0534868159	0.0846042492	0.0953968785	-0.0269287427	-0.1091532138	-0.1475931876	0.0769421677	-0.0292079824	0.103078402	0.2147432109	-0.0841713985	0.0124424384	-0.2200455724	-0.1224201543	0.1199541122	-0.0878215022	0.0277789247	0.0563543705	0.0909415455	-0.0047265223	0.0326639715	0.0152291693	-0.0074589124	0.0790249376	-0.0593591369	0.0847140926	-0.011141739	-0.1045580963	0.0385989174	-0.1966272607	0.0574969429	0.2241173736	0.1483174447	-0.0674239045	0.0276818107	-0.0848787045	-0.0456514675	-0.0405193252	0.0375986373	-0.0600831484	-0.0871624357	-0.0965313625	0.0418962513	0.045580532	-0.0269084741	0.0157982702	-0.0681306802	-0.0359752891	0.0389506368	-0.0026864481	0.1913025557	0.015519609	-0.0393955239	-0.0641825812	0.0269963408	-0.0913096884	-0.0940254582	0.0219522288	0.1565797369	-0.1100250497	0.0267234524	-0.0744738831	-0.0428097526	-0.1299330998	-0.1971609184	0.0366725108	0.0687023747	0.1699413958	0.0097493776	0.0275202151	-0.0825237291	0.058297776	-0.0339955011	-0.0320636444	-0.0101115478	-0.0628141456	0.0311607616	-0.0469733875	-0.0054822482	0.0530743563	0.0105547462	-0.0957955481	0.0743290913	-0.0566103169	0.0957823704	0.0091845437	0.0153081466	-0.0378018094	-0.0074366106	0.071855005	-0.024093559	0.0018317865	0.0347162559	0.0151740128	-0.1255324169	-0.0446835199	0.1150284477	-0.0699133774186151	-0.0169277993407633	0.0002865503905211	0.0048878803420777	0.0187048168205592	0.0141725358564456	0.0002008607726022	0.0003498701722906	0.3517925274849958	0.0439839981388203	0.0019345920922757	0.1237579823942815	-0.0046299533110558	-0.0005138913875101	2.64084358157056e-07	2.1436467662556564e-05	0.0002392556799608	0.0004241373620907	1.7989250192125754e-07	5.724328039350476e-08	-0.0005419482743352	1.93451943920008e-06	3.742365460642992e-12	2.937079320549012e-07	0.0	0.0	0.0	0.0	0.0	0.0	0.0	0.0	0.0	0.0	0.0	0.0	0.0
871.2350002711966	-0.1672057272614893	759050.4256975518	0.0279577552290435	1379.836884094788	1.390322848483038	1.9329976230139885	1903949.8267084132	856.3869218410972	0.669216234368605	0.4478503683424956	733398.5599004695	936.8442770499304	800.806139170197	0.79296	21.177431	0.0263354679200923	0.0146972736223251	0.0090477368	0.1177914258	-0.0384592461	0.0151319395	0.0224335197	0.0971823251	0.076095367	-0.0359750663	-0.1076216781	-0.01518	0.0049230434	-0.0955089767	0.1224089469	0.0193406555	0.0898047936	-0.0503575473	0.0471294946	0.1439107611	-0.0113339294	0.0796428463	0.0090129999	0.1527597308	0.1484004735	0.0077324172	-0.0201098402	0.0250549332	0.1223442264	0.0443667772	-0.0008273754	-0.0337272607	0.1022389191	0.0042664179	-0.0013026307	-0.0578823202	-0.0272219821	0.1865957913	-0.0148964508	0.0373065193	-0.0310637607	-0.0852155965	-0.0870918819	-0.0621955695	0.0807133819	0.1095261854	0.0106951769	-0.0078003864	-0.1163813099	0.1321025718	0.1011153788	0.0610840785	0.1085828429	-0.148796303	0.0293166149	-0.0822622703	-0.0368700272	-0.0283785224	-0.1027733563	-0.0010963027	-0.1195297626	-0.1073615577	0.0027179582	0.0704234615	0.0235669773	-0.1220967191	-0.034103675	0.0263170295	0.0654205221	-0.0488459324	0.0912519168	-0.0153833976	0.0002387613	0.0502942728	-0.0268612683	0.0232833891	0.0486704628	0.1770504689	0.0463628357	-0.0449827736	-0.2465462371	0.0393789888	-0.075378255	0.0317702135	0.0170966477	-0.1035702396	0.1001864964	0.0261913129	-0.0870151543	0.0380763287	-0.0879928877	0.0444855576	-0.0430860396	-0.0217138172	-0.0167009748	-0.0405019493	-0.003138555	-0.0322301832	0.0476329176	0.0517669829	0.0856918338	-0.1630506731	-0.0361700992	0.0191512775	0.1047847626	0.045569561	0.0830596834	-0.1017870105	0.0029322357	0.1117668956	0.0151958635	0.0467004265	0.0573581401	0.0118128082	-0.1269376627	-0.0350428114	0.1205247148	-0.0620333134388175	0.0078800639797975	6.209540832570354e-05	0.0038481319761985	0.0154215005288449	-0.0032833162917143	1.0780165871436542e-05	0.0002378226785611	0.3623629970639612	0.0105704695789654	0.0001117348271198	0.1313069416411763	-0.0047219494478501	-9.199613679430028e-05	8.463289185075611e-09	2.2296806588051868e-05	0.0002392806590938	2.497913299999172e-08	6.239570854312755e-16	5.725523381636334e-08	-0.0005419370288702	1.1245464999953478e-08	1.2646048306517868e-16	2.9369574326066e-07	0.0	0.0	0.0	0.0	0.0	0.0	0.0	0.0	0.0	0.0	0.0	0.0	0.0
869.5972412741294	-1.6377589970671806	756199.3620315763	2.6822545324744973	1380.264172986463	0.4272888916750617	0.1825757969489025	1905129.187230005	855.9788477575573	-0.4080740835398728	0.1665244576569071	732699.7878083555	936.870121758668	791.4859775718629	0.778545	20.792448	0.0592473971084415	0.0296899682624771	0.0258665262	0.0910055386	-0.0215359899	0.0371892688	0.0141973374	0.0576082188	0.0524810341	0.004789622	-0.024512967	-0.0691166691	-0.0085508422	-0.0268543224	0.0685463089	0.0026207379	0.0672329705	-0.0218913877	-0.0200097451	0.0556615251	-0.0193256809	-0.0736133853	0.0842211956	0.0219256055	0.0486881798	-0.0004565069	-0.0848266603	-0.056735628	0.0868079792	0.2297924901	0.0870549438	-0.0986590605	-0.1733633441	0.0250194439	-0.0630137365	-0.0862923721	0.0367255907	-0.0461069984	-0.1450334411	0.1915105885	-0.0423083342	-0.0189899987	0.0070007347	-0.0586611376	0.0300830263	0.0164028622	-0.0426287893	-0.036637127	-0.0492010276	0.2251433748	0.0709136002	-0.1498169675	-0.0706187855	0.0227862895	0.0293738092	-0.040080537	-0.0198261208	-0.0138608976	-0.0349589162	0.0003176133	-0.1084283604	-0.0369818193	-0.0019579721	0.0473441794	0.0101149496	-0.0192354086	-0.1483208367	0.0617333854	0.0829697723	-0.0613896935	0.1106433241	-0.025817197	-0.1355993513	-0.1941779559	-0.0531830035	-0.0293701798	-0.1565066739	0.0950413328	0.1286478841	0.0542139671	-0.03955612	0.0335631982	-0.0246122775	0.0908997501	0.1681903029	-0.0706972541	0.0905002161	-0.0763888914	0.1035269895	0.0353588722	-0.0823779808	0.033120748	-0.0504351532	-0.0297541883	0.0253674417	-0.016362929	0.0502592226	-0.0413605068	0.0365322581	0.0582354538	0.0881570346	-0.123849099	0.0108574532	-0.0059441615	0.0953499266	0.0418841511	0.0155732387	-0.1223219691	0.0630298216	0.101399534	0.0580699291	0.0307439859	0.0340185904	0.0084435077	-0.1279949812	-0.0251860523	0.124700488	-0.044882411042721	0.0171509023960965	0.0002941534530004	0.0020144308210077	0.0275931546323846	0.0121716541035397	0.0001481491636162	0.0007613821825666	0.3738802821048566	0.0115172850408953	0.0001326478547132	0.1397864653468071	-0.0050899573125605	-0.0003680078647103	1.3542978848870785e-07	2.590766544368811e-05	0.0002393801548696	9.94957758000117e-08	9.899409402046191e-15	5.7302858545393683e-08	-0.0005418932779982	4.375087200002033e-08	1.914138800762162e-15	2.936483247396345e-07	0.0	0.0	0.0	0.0	0.0	0.0	0.0	0.0	0.0	0.0	0.0	0.0	0.0
870.4033651427068	0.8061238685774015	757602.0180517482	0.6498356914901957	1379.5505093411282	-0.7136636453349183	0.5093157986727241	1903159.6078233663	855.5930358084285	-0.3858119491288789	0.1488508600906246	732039.4429238827	936.0585383713048	796.0989635092607	0.806123	21.528961	0.0510654755633657	0.0247405424492481	0.0053510511	0.1058193678	-0.0466010227	0.0437033095	-0.0221059615	0.0261868203	0.0996036226	0.0482953539	0.0088572803	-0.0078666267	-0.0554307398	-0.0141976271	0.0233259394	0.000782272	0.1049908788	0.0358680728	0.0528132823	0.1096336459	-0.0396828543	-0.0602598733	-0.0329426231	-0.0504311905	0.0059157867	-0.0462774037	-0.1609796982	-0.0413476585	0.0405049883	0.1447776069	0.0515140938	0.1369994147	-0.0307949308	0.0475778565	-0.0918560282	0.0112454866	-0.0983305805	-0.0890422417	0.0532386891	0.1127885115	-0.011993039	-0.0574056553	0.0315064293	0.0653825381	-0.0050467552	0.0043263334	-0.083793789	-0.0410058059	0.0288522763	0.1408555451	-0.0247398935	0.0479172546	0.0982127263	-0.0785340932	0.0430202944	-0.0763155383	0.0064009366	0.0249002432	-0.0676944904	-0.0663208669	-0.0711354545	0.067868218	0.0063842359	-0.0257020535	-0.0270527617	-0.0103153625	-0.113038424	0.1332105094	0.0777114946	0.0366234277	0.1084938247	0.0157819906	-0.0894416059	0.0546013505	-0.0336368681	0.0109053911	0.0646773782	0.0887398795	0.0293911659	0.055932461	-0.0725952151	-0.0394047886	0.1303178543	0.027323169	0.1727987634	0.092166228	0.1915671499	-0.0233341043	0.0174504277	0.0398438249	-0.0834158258	0.0327330708	-0.0657546107	-0.0069104985	0.033496468	-0.0263683577	0.0151633893	0.0058671942	0.0229205426	0.0753110352	0.0796939687	-0.1202243976	-0.0913132593	0.1122032376	0.090868932	0.0760541094	0.0451148898	-0.0507048194	-0.0023409473	0.0516927292	0.084781151	0.0374859382	-0.0078048067	0.0050684204	-0.1287014744	-0.0151740128	0.1275100165	-0.0563926604639846	-0.0115102494212636	0.0001324858417396	0.0031801321542062	0.0286171546899112	0.0010240000575265	1.0485761178144771e-06	0.0008189415425463	0.3902558731377823	0.0163755910329257	0.0002681599816776	0.1522996465185328	-0.0048940214731897	0.0001959358393707	3.8390853149939865e-08	2.3951446180041883e-05	-6.67121547559546e-06	-0.0002460513703451	6.054127684874851e-08	4.450511592182436e-11	-0.0005430187693152	-1.1254913170000375e-06	1.2667307046424789e-12	2.948693838285944e-07	0.0	0.0	0.0	0.0	0.0	0.0	0.0	0.0	0.0	0.0	0.0	0.0	0.0
869.9455299252484	-0.4578352174584097	756805.2250369212	0.2096130863451893	1375.160375463354	-4.390133877774133	19.273275464780145	1891066.0582445129	855.4163558571282	-0.1766799513002297	0.0312158051914515	731737.141867889	935.8839856802266	785.9539985236727	0.898622	23.999319	0.0478358589905156	0.0201573536376915	0.0331129194	0.0268518908	0.0388846403	0.1202274992	-0.0140938034	0.0540889796	0.0342360115	0.089656864	0.0125285592	0.0306605871	-0.0208988082	0.0243460446	-0.0099608952	-0.0090937619	0.0195318536	0.039254533	0.0789971312	-0.0850216656	0.003943293	-0.0877828898	-0.0828067653	-0.1271497552	0.0119455428	0.0022013669	0.0328130379	0.1694704644	-0.0663348169	0.1267518987	0.1486120955	-0.1370447129	0.0841886512	-0.0210757463	-0.0934610103	0.0352016418	0.0539195648	0.0766218197	-0.040593601	-0.0057738059	-0.0362067599	-0.1363801483	0.1749938145	-0.0499302602	-0.0493586801	-0.2415448649	0.0273947462	0.1549698981	-0.0366952637	0.0216408125	0.0603084412	-0.0212559205	-0.0781573072	-0.0296698298	0.0275664101	-0.0410123722	-0.0305760738	-0.004658444	0.019608929	-0.0061480275	0.0079823319	0.1729192029	0.0054164014	-0.0637220803	-0.0933686328	0.011847075	-0.0853775259	0.0529316862	0.1659520315	-0.0136801021	-0.0182316383	-0.0484380151	0.0500276109	-0.0588168068	0.163360641	-0.0271192415	-0.0514967775	0.0241051602	-0.0691765677	0.0453071803	-0.0963559393	0.1483838453	-0.039493489	-0.0640664252	0.1256675882	-0.0358760778	-0.1168951976	-0.0191127486	0.1242771057	0.0210953868	-0.0673859662	0.0218639879	-0.0705169861	-0.0304474825	0.0106755835	0.0130350375	-0.0064838128	-0.0331108443	0.0508024636	0.04976105	-0.0349574491	-0.0251624379	-0.0784794198	0.1335082033	0.0142454012	0.1334175059	-0.0141165958	-0.0869849926	-0.0653840146	0.1205172087	-0.0137860364	-0.1429193796	0.0887542247	0.0016898595	-0.1290552057	-0.0050684204	0.1289225186	-0.0449503516171745	0.0114423088468101	0.0001309264317457	0.0020205341105076	0.0232618794669008	-0.0053552752230104	2.8678972714189105e-05	0.0005411150363326	0.3827641166104669	-0.0074917565273154	5.612641586457335e-05	0.1465083689645911	-0.0050410000362691	-0.0001469785630793	2.1602698004885108e-08	2.541168136566507e-05	0.0001379164399941	0.0001445876554696	2.0905590114223356e-08	1.9020944420646184e-08	-0.0003636546199967	0.0001793641493185	3.2171498060749174e-08	1.322446826449443e-07	0.0	0.0	0.0	0.0	0.0	0.0	0.0	0.0	0.0	0.0	0.0	0.0	0.0
872.5667628971536	2.621232971905215	761372.7557128174	6.870862293003046	1380.7146980354378	5.55432257208372	30.85049923475871	1906373.0773710904	856.3152613016848	0.8989054445565898	0.8080309982534803	733275.8267381728	937.7863816824153	795.3035126671273	0.8634349999999998	23.059605	0.0278220924763255	0.0140819759845736	-0.0086473012	0.0428864531	-0.0087634748	0.1012032189	0.0297042838	0.0175024472	0.1002439725	-0.0203056794	0.0171652038	0.0591003977	-0.052177445	0.0041871752	-0.0977113088	-0.0023563253	0.0810379503	0.0056952014	-0.0001402493	-0.098115793	0.0568070192	-0.1065309905	-0.148776524	-0.022461341	0.1397084741	0.1369300617	-0.1371182265	0.1316701566	-0.062112772	-0.0576683981	-0.1147863803	0.1657269923	0.0272571009	-0.1777633241	0.1556183506	0.1225639021	0.1116307206	-0.0375867697	-0.1092797162	-0.0073714725	-0.0357658632	-0.0778464414	-0.0713864163	0.0516579756	0.0257934677	0.0390998335	0.1207557921	0.0662604432	0.1231465765	0.0278219334	-0.0631352795	-0.0152513923	0.0836933155	0.0381212613	0.0125240632	-0.0642116849	0.0028474796	0.0308040844	0.1355015491	-0.004700442	-0.0420908289	-0.0113411727	0.036631781	-0.0337620657	-0.0743100732	0.0617508064	0.1286170752	0.1203359787	0.0493530257	-0.2101646348	-0.0576449	0.0905411368	-0.0892919902	0.1094817344	0.1002565942	0.1083573562	0.1829524233	0.0278510511	-0.0528102741	-0.1005086564	-0.1027121609	-0.0420213318	0.0448596014	-0.0919009886	0.0539053607	0.0579543054	-0.0551122282	0.1368380825	-0.1194934562	0.0127938268	-0.0735734381	0.0318352936	-0.0627263968	-0.0078832255	-0.0072722943	-0.0117100017	-0.0139189168	0.0168786376	0.0700642444	0.0683026275	-0.0322353789	-0.0247748834	-0.005957109	0.0909341693	0.1242685897	0.0584847735	0.0632967471	-0.0367088815	-0.0534094234	0.175566373	-0.1106143703	-0.0580747284	-0.01513315	-0.0016898595	-0.1290552057	0.0050684204	0.1289225186	-0.0448823146148242	6.803700235030047e-05	4.629033688814791e-09	0.002014422165184	0.0265865143941397	0.0033246349272389	1.1053197399416809e-05	0.0007068427476297	0.3738175798926306	-0.0089465367178362	8.004051924359303e-05	0.1397395830367832	-0.0050709576435714	-2.995760730230019e-05	8.974582352788295e-10	2.571461142289521e-05	0.0002393755101866	0.0001014590701925	1.0293942924326643e-08	5.730063487709505e-08	-0.0005418956190799	-0.0001782409990832	3.17698537541773e-08	2.936508619779881e-07	0.0	0.0	0.0	0.0	0.0	0.0	0.0	0.0	0.0	0.0	0.0	0.0	0.0
870.6387512960404	-1.928011601113212	758011.8352583285	3.717228734027133	1378.75750860724	-1.9571894281978075	3.8305904578492607	1900972.2675408437	855.536621118826	-0.7786401828587941	0.6062805343623763	731942.9100754177	936.8972807932282	787.1843149624958	0.856392	22.87149	0.0492380769677809	0.0258055069416716	0.0327538867	0.0392112908	0.0035966131	0.0473591773	0.0435864547	0.0780897081	-0.0110968059	-0.0140443522	-0.0792888124	0.0046055598	0.033303879	-0.0076695028	0.0286795411	-0.0019380289	0.0281974973	0.0488733135	0.0473826578	-0.0736753874	0.0027959604	-0.0751143108	0.0905001909	-0.0239460146	-0.0063849244	-0.0231905535	-0.0699370781	-0.1671805514	0.0310184366	-0.070443963	0.1488577275	0.0403164569	-0.0149772857	-0.1636410306	-0.0236011646	0.0256744008	0.0855575557	-0.0777073535	0.1309615724	-0.0217329815	0.009709853	0.0500591699	-0.0139738898	-0.011585634	-0.036886867	0.1616863217	0.0738748462	0.0674491133	-0.1241777202	0.0294154606	0.0329679827	-0.0325855276	-0.0258769586	0.066514416	0.019962512	-0.0094472806	-0.1021031512	0.0048159278	0.0430283548	-0.005729668	-0.0139191972	-0.0617896223	0.005106096	-0.0358693125	-0.0129272583	0.0295227078	-0.0477909407	0.0138557481	0.0047468074	-0.0442371564	-0.0478838391	-0.0665957588	-0.0813708178	-0.2159398175	0.0369840264	-0.0827182609	0.1130293083	-0.142261111	-0.0257510114	-0.023680449	-0.0142728825	-0.1748405484	-0.0885114187	-0.0503732227	0.1489337516	0.0112952166	-0.0410621245	0.0447050216	-0.0313196699	0.014950655	-0.056302438	0.0249916957	-0.0522510053	-0.0200708213	0.0154770666	0.0275355831	0.0363702118	-0.0516278699	0.0960831435	0.0092784126	0.0486191692	-0.0450981903	-0.0413659463	-0.014971444	0.1200096206	0.0371476256	0.0049339508	-0.1224205444	0.0850614851	0.0842366965	-0.1635410861	0.0026952856	0.082540108	-0.0050684204	-0.1287014744	0.0151740128	0.1275100165	-0.0630027939652109	-0.0181204793503867	0.0003283517718877	0.0039693520474228	0.0154689769005926	-0.0111175374935471	0.0001235996399204	0.000239289246351	0.3740421870006827	0.0002246071080521	5.044835298753248e-08	0.1399075576562536	-0.0052699838481165	-0.0001990262045451	3.961143009562806e-08	2.77727297594088e-05	0.0002384153769261	-9.601332605000106e-07	9.218558779183812e-13	5.684189195481433e-08	-0.0003463728965696	0.0001955227225103	3.822913501783978e-08	1.199741834780148e-07	0.0	0.0	0.0	0.0	0.0	0.0	0.0	0.0	0.0	0.0	0.0	0.0	0.0
871.7888698716415	1.150118575601141	760015.833632074	1.3227727379427974	1381.304992584137	2.547483976896956	6.489674612546731	1908003.4825378624	856.2170518484876	0.6804307296615661	0.4629859778677713	733107.6398761157	936.9615692699286	802.9918348363026	0.906863	24.219427	0.0532702469839484	0.0320735741346958	-0.0189227897	0.0634637113	-0.0026642245	0.033074581	-0.0089675653	0.0019456562	0.0509968549	0.0070117409	0.0234183961	-0.0189993914	-0.0244828868	-0.0086682819	-0.0624587619	-0.0067117317	0.0395901275	0.0264394167	-0.0403147829	-0.0411459063	-0.066761862	0.2151027727	-0.0451909674	-0.0302030258	0.0370234578	0.0747424955	-0.1312799541	0.0536411743	-0.0425273253	-0.0570232646	0.0186888901	-0.0331099468	0.0969089179	-0.1025055049	0.0344046171	-0.0464172269	0.0265826253	-0.1655169992	0.086479989	0.0361559059	0.0539096008	0.0571055453	-0.2130284386	0.126228119	0.0641268152	0.1199119618	-0.0975703869	0.0963155253	0.1280994473	-0.0490878881	0.142826502	-0.0425444461	-0.1030330787	0.1622521604	0.0478982404	-0.0612948151	-0.0145366589	0.0301828761	-0.0258917922	-0.0353737313	0.0121452942	0.0508607987	-0.1379509474	0.0367093146	-0.0605502566	-0.0072153262	-0.0794007807	-0.041366019	-0.0283266043	-0.1229098709	-0.042541714	0.0010750234	0.0570861903	0.0498268484	0.0779953837	0.0409025364	0.0749060445	0.02599881	0.0398079872	0.0319628072	0.0416614314	-0.1067994044	-0.1583446929	-0.0593793911	0.1075568588	0.1137670676	0.094039038	0.1300678837	-0.1339924028	0.0222245144	-0.0714691025	0.001522674	-0.0441467778	0.0319695402	0.0021214513	-0.0495920877	-0.0242853125	0.0448211517	0.0434562508	-0.0032868372	0.1004148545	-0.0350452193	-0.0953676206	0.1650533015	0.026273273	0.053751923	0.0500576113	0.0076523274	0.0592134784	0.0912226086	0.0205121761	0.035911663	-0.003530572	-0.0084435077	-0.1279949812	0.0251860523	0.124700488	-0.0613712435013837	0.0016315504638272	2.661956916014756e-06	0.0037664295289061	0.0054139702696573	-0.0100550066309352	0.0001011031583481	2.9311074080733133e-05	0.3742242761429537	0.000182089142271	3.3156455732997476e-08	0.1400438088547176	-0.0056670557695176	-0.000397071921401	1.5766611076516073e-07	3.2115521094822715e-05	-0.0001659446382642	-0.0004043600151902	1.635070218846996e-07	2.7537622968636187e-08	-0.0003729729749165	-2.660007834690004e-05	7.0756416806122e-10	1.3910884001806418e-07	0.0	0.0	0.0	0.0	0.0	0.0	0.0	0.0	0.0	0.0	0.0	0.0	0.0
869.6360256695828	-2.152844202058759	756266.8171423872	4.634738158338015	1378.3610504883543	-2.9439420957826314	8.666795063321032	1899879.18550336	855.3626965512578	-0.8543552972297448	0.7299229739045255	731645.3426514392	937.0681579561094	790.135194064422	1.000603	26.722919	0.3831829240856996	0.2119716885781223	0.0212462863	0.0715892641	0.0572027613	0.0150563276	-0.0064549411	0.0079013686	0.0180729462	-0.0127765677	-0.028895275	0.015399159	-0.0054456104	0.0720545886	-0.1331919953	-0.0474515715	0.0220451727	0.0345914334	0.0311324879	0.0412970418	-0.1905656773	0.04825421	-0.167517108	-0.0408268741	-0.0921719819	-0.0459177912	0.150826161	0.0926521866	0.0771968081	-0.0708054517	-0.0081619795	0.0393992989	0.0518012368	0.0904485969	0.0089413212	-0.1098294967	-0.0717118047	0.1819251309	-0.0390722553	-0.0714981941	0.0348584439	0.1832412704	0.015461654	0.0035093928	-0.0552158585	0.0646593103	0.0685169012	0.1036343583	0.1639988716	0.0907855901	-0.0311468858	0.1260516646	0.0378859802	-0.0284156222	0.0375497663	-0.0096496724	-0.0017804704	0.0501379557	-0.0479030334	0.0574717024	-0.0614322802	0.1461705934	-0.1008903625	-0.0561641412	-0.0613654547	0.0648424585	0.2046571857	-0.1123643811	0.0717139619	0.0054695255	0.0718146539	0.050905605	0.1525866494	0.0956965686	-0.0502492388	0.1860477375	-0.0258093373	0.0389069457	-0.0038902495	0.0616584688	-0.0378226392	0.0790489505	-0.122791926	0.0719059758	-0.0967580066	0.0741879035	0.0094561587	-0.0441477557	-0.0352188368	0.1006287381	-0.0391117307	0.0671690703	0.0527989371	0.0348480891	-0.1055768215	-0.0974526785	-0.0788552196	0.1854654662	-0.1632015481	-0.134178038	0.0795167077	0.0853400197	-0.0198645761	0.1724015103	-0.2253563857	-0.0796179327	-0.0952917914	0.0245791767	-0.0845513004	0.1679078529	0.0935706039	0.0801072022	-0.0843130456	-0.0118128082	-0.1269376627	0.0350428114	0.1205247148	-0.1951265581864874	-0.1337553146851036	0.0178904842065111	0.0380743737097046	0.004031941558992	-0.0013820287106652	1.9100033571031903e-06	1.625655273512684e-05	0.4107344780449793	0.0365102019020255	0.0013329948429266	0.1687028114548815	-0.0069142449847112	-0.0012471892151936	1.555480938495228e-06	4.780678370860398e-05	0.0002207694134368	0.000386714051701	1.4954775778300374e-07	4.8739133909228734e-08	-0.00296977728378	-0.0025968043088635	6.743392618532041e-06	8.819577115255715e-06	0.0	0.0	0.0	0.0	0.0	0.0	0.0	0.0	0.0	0.0	0.0	0.0	0.0
871.6466715984002	2.010645928817439	759767.9201085693	4.042697051070143	1379.6689786710538	1.3079281826994702	1.7106761310995386	1903486.490707229	856.6066238039717	1.2439272527138885	1.5473550100443216	733774.9079448391	936.5967784563552	798.3172600442264	0.972464	25.97142	0.1499578707963019	0.0740022059825995	-0.0046590275	0.0941260994	5.34704e-05	0.0574072866	-0.0436065881	0.0396337656	0.0730092098	-0.027996027	0.0630068107	-0.0330810693	0.0260737424	0.024074485	-0.0652779202	-0.0260550648	0.0897209095	-0.0307627767	-0.0894592765	-0.008761487	-0.1560577428	-0.0583111325	-0.0093923212	-0.0411398538	-0.038870238	0.0130144173	0.0262348145	-0.0455589122	0.0289631434	0.0179615288	-0.088364905	0.0854405719	-0.0765869695	0.0621471076	0.1313718413	-0.0092509668	-0.0964394028	0.0586007083	0.0449829504	-0.0783864487	-0.0116667889	0.0079931434	-0.033377378	-0.0511402979	0.1156278469	-0.121999104	0.0402385095	-0.0071323187	-0.0556337529	0.0233588162	-0.1284283089	-0.1810694227	0.1543006779	0.0966781695	0.0678149629	-0.0805227335	0.0224133692	0.0093726869	0.0428089069	0.0753893381	0.0014360298	-0.0198438285	-0.1305228746	0.0316061032	0.0004700932	0.0932386833	0.0756114638	0.0700249706	0.0671446576	0.0061397355	0.0216247349	0.1203795744	-0.1076825568	0.0011067967	-0.1164202722	0.0197442805	0.0903436119	0.0488920211	-0.0556953539	-0.0084650583	-0.0300172154	0.0429085068	-0.0544242048	0.0935934958	-0.0140365155	0.1769277917	-0.1119622037	-0.0292022292	0.0232678916	0.0630522468	-0.0514259567	0.0537525498	0.0068097173	-0.0113878641	-0.020989414	-0.0428750651	-0.0719900684	0.1867276086	-0.0902095173	-0.0742555858	-0.0023885085	0.1368262562	0.0760787845	-0.1329006636	-0.0417102886	-0.0128879507	-0.1515923171	-0.0841738436	-0.0202348954	0.0466564206	0.071051156	0.2354582999	0.0418947984	-0.0151740128	-0.1255324169	0.0446835199	0.1150284477	-0.1533303827336567	0.0417961754528306	0.0017469202824838	0.0235102062692496	-0.0029510236006871	-0.0069829651596791	4.876180242129217e-05	8.708540291812257e-06	0.3912427535913565	-0.0194917244536227	0.0003799273221759	0.1530708922377469	-0.0061889567353044	0.0007252882494068	5.260430447275805e-07	3.8303185471469694e-05	7.981571844051238e-05	-0.0001409536949962	1.986794413310648e-08	6.3705489101751485e-09	-0.0022022791135797	0.0007674981702003	5.89053441260809e-07	4.850033294109389e-06	0.0	0.0	0.0	0.0	0.0	0.0	0.0	0.0	0.0	0.0	0.0	0.0	0.0
871.5430105465452	-0.1036610518549423	759587.2192325355	0.010745613671673	1377.85850392018	-1.810474750873709	3.277818823551219	1898494.0568251568	856.6959774672447	0.0893536632729592	0.0079840771402973	733927.9978085578	938.042344972428	790.55124045036	0.918569	24.532036	0.0748580507678753	0.0462924709857673	0.0475730353	0.0644426546	-0.033245362	0.0156447753	0.001181391	0.0447796769	0.070379889	-0.0453839266	-0.0521446685	0.0245681897	-0.0542983069	-0.0133962876	0.0155664313	-0.0281306714	0.1384422932	-0.0201544709	-0.104314207	0.1069997619	0.112425897	-0.0307985323	-0.0226937504	-0.1646080375	0.088986022	-0.0224907777	0.120671769	-0.1028038254	-0.0313423304	-0.0671530885	-0.0935138138	0.0853143184	-0.0430318326	0.1677519919	0.0639119005	0.0313835949	0.1063102827	0.0456381459	-0.0944733267	0.0006572399	-0.1003426843	0.0897418871	-0.0507690429	-0.0986240714	-0.0699111364	0.0131608376	-0.0903627518	-0.1818062698	0.0503179407	-0.1882909349	0.1862265562	0.0531373479	-0.1240144697	-0.0384278491	0.0377867903	-0.053731149	0.0175674697	0.0415510162	0.0708848395	-0.0560788883	-0.0995622899	-0.1325697616	-0.0393698765	0.0438270218	0.0167146865	0.0790504116	0.1092906595	0.1191526357	0.0250322829	0.0409734741	-0.0716099661	-0.0608196948	0.0950985601	0.0358595686	0.0277782163	0.0333699919	-0.085453931	0.0189786729	-0.0530779129	-0.0950467154	0.0980279297	0.0219008099	0.2477769972	-0.1216499915	-0.2258204244	-0.0459867837	0.0155798442	-0.1521573532	-0.007910733	0.0730734916	-0.0396966435	0.0161956177	-0.0349746657	0.0197508579	-0.0568089818	-0.0504360735	-0.0685862142	0.1172181087	-0.0039677494	-0.0396725714	-0.0452973978	0.0565137535	0.029838563	-0.0932019643	0.0280897822	-0.0878206635	-0.1459423768	0.043067011	0.004805736	0.1100423952	-0.1511222431	0.1218134483	0.0043769903	-0.0185248178	-0.1237830955	0.0540487397	0.1082719048	-0.121892615859835	0.0314377668738217	0.0009883331860127	0.0148578098011533	0.0053684753923732	0.0083194989930603	6.921406349553135e-05	2.8820528038516583e-05	0.3913733168284992	0.0001305632371426	1.7046758893172254e-08	0.1531730731253408	-0.0062079973636525	-1.9040628348100663e-05	3.625455278904946e-10	3.85392312671164e-05	-0.000441660804433	-0.0005214765228735	2.719377639082489e-07	1.950642661724047e-07	-0.0020433918315243	0.0001588872820554	2.5245168398952306e-08	4.175450177140232e-06	0.0	0.0	0.0	0.0	0.0	0.0	0.0	0.0	0.0	0.0	0.0	0.0	0.0
871.409450623162	-0.1335599233832454	759354.430635361	0.0178382531341383	1385.0144893428585	7.155985422678441	51.20812736958634	1918265.135689659	857.24530711366	0.5493296464153445	0.3017630604308075	734869.5165683933	938.7246976790426	801.0220774603631	0.887932	23.713833	0.0736258320550047	0.0375332624140144	-0.0163530611	0.0893305893	-0.0503534074	-0.0122135686	0.0622965885	0.0859781726	0.0441360487	-0.1151988982	-0.1182621729	-0.1139128409	-0.0325955266	-0.0463010761	0.0688655626	-0.0061274259	0.0718248729	0.0857347671	-0.0837749614	-0.0300012609	-0.0169318649	-0.0147615756	0.0666130307	0.0382118844	0.0431533608	-0.034361974	-0.1068584647	0.1083910348	-0.1065389706	-0.005907122	-0.0702785774	0.0141473096	-0.0038637133	-0.0356066172	0.0072250821	-0.0317850593	-0.033185653	-0.0714701566	0.0037537213	-0.0447073931	-0.1966927212	0.1364841842	0.0872117758	0.1385094185	0.0873877635	0.1579108951	-0.0205755857	0.0482135446	-0.0923341462	0.0214516087	0.0190421623	0.0395705979	-0.0082314269	-0.1020561057	0.0207839325	-0.0341260231	-0.0763431586	0.065813058	0.025104523	0.0106726788	-0.0644343521	-0.1296051391	-0.0376178285	0.0085809881	-0.0248355521	0.0366439305	-0.0041613529	-0.0318863943	-0.0859045972	0.0368935432	-0.1569523605	-0.0710113123	-0.1628084328	-0.0040794494	-0.012000705	0.0682238101	0.1152999407	0.0210554637	-0.1080892792	-0.1027740704	0.000322349	0.0627637909	-0.1182246718	0.0622720881	0.0507531837	0.0166673732	0.0140407838	0.0455261084	-0.1387038527	0.0515979139	-0.0458506149	0.0007069143	-0.0003407945	0.0224562891	-0.0241933601	-0.0163906424	-0.0025445259	0.1605799707	0.0616651949	-0.0883258442	0.0242576122	-0.0049914366	0.0116587377	-0.0869215566	0.0384185974	-0.0575459076	-0.0367371386	0.0801511708	0.0628398994	0.0212450523	-0.1239803008	0.0545326313	-0.0172836014	-0.0218629269	-0.1216944932	0.063080731	0.1003291122	-0.1043270058958967	0.0175656099639383	0.0003085506534052	0.0108841241592024	0.005866687382948	0.0004982119905748	2.482151875525049e-07	3.441802084924126e-05	0.3678877352253025	-0.0234855816031966	0.0005515725432404	0.1353413857292022	-0.0066289834386404	-0.0004209860749878	1.7722927533371737e-07	4.3943421429768696e-05	-0.0004668802701286	-2.521946569560002e-05	6.360214499715461e-10	2.179771866353545e-07	-0.0018480688022619	0.0001953230292623	3.815108576024031e-08	3.415358297893733e-06	0.0	0.0	0.0	0.0	0.0	0.0	0.0	0.0	0.0	0.0	0.0	0.0	0.0
869.2987724620829	-2.110678161079136	755680.3558040841	4.454962299656403	1377.442901886261	-7.571587456597399	57.32893661290307	1897348.947956844	855.5794642126355	-1.6658429010245754	2.7750325708939734	732016.2195823804	936.3731493094144	791.469361037788	0.867839	23.177202	0.1061491365994392	0.0633226981593167	0.0455550332	0.0314810052	0.0032342578	-0.0252221006	0.0167607939	0.0538028138	0.0041883273	0.06704205	-0.0547993477	0.0080048387	-0.0312526663	0.038436276	0.0652945638	-0.0058977984	0.0337378278	0.0101540503	0.0634159027	0.1007648789	-0.0542710827	0.0017457076	0.0527130034	-0.1093298388	-0.0049263834	-0.0027894189	0.0151000435	0.0828451087	0.0096212077	-0.1518148773	-0.0344415257	0.0183226503	0.1618965457	-0.1289617957	-0.0260842668	0.0577124325	0.0302473662	-0.0536028937	0.0709091537	0.100223873	0.0393380216	0.1029697283	-0.2092884755	0.0434337713	-0.1557615915	-0.0662547596	0.0433478652	-0.039011457	-0.0630399511	0.0689458186	0.0745588809	-0.0289512112	0.0189351795	-0.0407982869	0.0174534394	-0.0311628889	-0.0411981919	0.03750828	-0.0979319303	-0.0979738613	-0.033927457	0.0331682956	-0.0196761086	0.0045935369	-0.0539395502	0.1161977557	0.0058068554	-0.1324630343	0.0391801676	0.1217323957	-0.0745049986	0.0074279665	-0.0174093927	0.0342120392	0.1267408687	-0.0067639744	0.0403374974	-0.0432345768	0.0547928432	-0.0288713197	0.1234312174	-0.0373167818	0.0681836316	-0.028721957	0.0217881634	-0.0436286572	-0.0674941176	-0.0852463389	-0.2218781805	0.0289629397	-0.0161033968	-0.0356798893	-0.005767752	0.0313296135	-0.0346738301	0.0246406226	0.0371901782	0.1599760924	0.0489211263	-0.1241133151	0.0179661845	-0.0464911044	0.0040892083	0.0720344479	0.0076240678	-0.0960925091	-0.0228089885	0.1476108063	0.0153327712	-0.081304436	0.0376657773	-0.066550143	-0.0404162152	-0.0251860523	-0.1192723348	0.0717238087	0.0912870929	-0.0849231641850849	0.0194038417108118	0.0003765090731382	0.0072119438152068	0.0053167871764543	-0.0005499002064937	3.023902371018145e-07	2.8268225879708886e-05	0.3132823338936887	-0.0546054013316137	0.0029817498545866	0.0981458207298766	-0.006396821925528	0.0002321615131123	5.38989681706389e-08	4.091933074691575e-05	-0.0008446676189306	-0.000377787348802	1.4272328091484406e-07	7.134633864698894e-07	-0.0018262177971659	2.1851005096000043e-05	4.774664237054197e-10	3.335071442685472e-06	0.0	0.0	0.0	0.0	0.0	0.0	0.0	0.0	0.0	0.0	0.0	0.0	0.0
871.5143050427654	2.2155325806825203	759537.1838941743	4.908584616065749	1383.8820808571022	6.4391789708411125	41.46302581852241	1915129.6137173832	856.8877500786385	1.3082858660030752	1.7116119071834164	734256.6162348313	939.0066226163228	810.4128186616255	1.009714	26.966236	0.0374915466376178	0.0206895587882393	-0.0887675791	0.0368084031	-0.066070008	0.0333376096	0.0331596632	-0.0189565262	0.0808991078	-0.0121917816	-0.0214772381	-0.0796130494	-0.0389676952	0.039665764	0.0238306567	0.0221759109	0.0119527267	0.1400961355	0.0020305741	0.1270802826	0.0419182227	0.0845904605	0.0143163892	0.0138456742	-0.1312541826	-0.0202148553	-0.1241304749	0.239348746	0.1316264541	0.0104222092	0.0329434113	-0.0340539264	-0.0559090831	0.2062108785	0.0389633207	0.0244651758	0.1456212064	-0.0602284332	-0.0382116111	-0.0448710388	-0.1635147401	-0.1252490225	0.1128700058	0.0768410395	0.0157825752	-0.0471292883	0.073490117	0.0636259012	0.010185338	-0.0002815414	0.0600177656	-0.0487401805	0.0023683916	0.0473538046	-0.0168763944	-0.0418777118	0.0463346223	0.1229309058	-0.0362914746	-0.0702651869	-0.0172096407	0.1078338417	0.018322205	0.0876276979	-0.0180899633	0.1040614518	-0.0795416876	-0.1366693367	0.0937714955	0.059405154	0.0023268878	0.0342306369	-0.1846192249	0.1062735098	-0.1517427936	-0.0115397187	0.0413125367	0.0716946153	-0.1515163937	0.0591395083	0.1191252618	0.1479977786	-0.0218029362	-0.0154526341	-0.123649374	-0.101190099	-0.0260891923	0.1289088467	0.1909511039	-0.0039152361	-0.0324009611	-0.0156637483	-0.022000152	0.0625593387	0.0257688377	-0.0082423714	0.0335495227	0.2697697717	0.0237577939	-0.1058175914	-0.0114621259	0.0371353356	-0.093700452	0.0107054049	-0.0292821024	0.0315776426	-0.0123404772	0.1660162386	0.0093341142	-0.1033459761	0.0856275609	-0.0106812939	0.0276450797	-0.0284919163	-0.1165232592	0.0799246852	0.0812449131	-0.0743281955022041	0.0105949686828808	0.0001122533613912	0.0055246806466138	0.0051159401578644	-0.0002008470185899	4.033952487645168e-08	2.617284369884962e-05	0.3132576083801766	-2.472551351212493e-05	6.113510184382724e-10	0.098130329208068	-0.0060791838229188	0.0003176381026092	1.0089396422917272e-07	3.695647595283764e-05	-0.0007468145810267	9.785303790390004e-05	9.575217027022096e-09	5.577320184340855e-07	-0.0017082888292263	0.0001179289679396	1.3907241479299204e-08	2.9182507240593622e-06	0.0	0.0	0.0	0.0	0.0	0.0	0.0	0.0	0.0	0.0	0.0	0.0	0.0
869.6080491341548	-1.9062559086105464	756218.1591189107	3.6338115891126206	1377.3121317728862	-6.569949084215978	43.16423096919036	1896988.7083287723	856.183481785344	-0.7042682932944899	0.4959938289399336	733050.1544820745	936.3638865847774	784.2568820684068	1.096128	29.27409	0.0381382756231794	0.0199513823868075	0.0801046237	-0.0648730096	0.0201655404	0.0287285392	0.0009475641	0.0839560765	-0.016212725	0.0801609612	0.0327621635	0.0022312638	-0.0082290255	0.0374269407	-0.0832676793	-0.025389673	-0.0098028239	0.0612085078	-0.0292173834	-0.0563016905	0.0389847371	0.0393255125	-0.0682192767	-0.0418854803	0.054389964	0.0064531195	-0.0437079539	-0.1179353043	-0.0355944053	-0.2100000839	0.039690245	-0.1044205964	0.0861891184	0.1356469745	-0.0385335807	0.0388644345	0.0060891393	-0.1075769318	0.0586318597	-0.2725092985	0.032783505	-0.0598751475	-0.0575112434	-0.0797987915	-0.014872488	-0.0651364545	-0.1204284869	-0.0292279797	0.0822534773	0.0381387008	-0.0475452341	-0.0123992829	0.1020195803	-0.0190633261	0.0441870313	-0.0130626651	-0.0935048402	0.0281846513	0.0031356635	-0.0919243474	0.099246732	0.0242745993	-0.1030385707	-0.0911239915	0.0173956718	0.0661268071	0.0147613987	-0.0611878903	0.030801499	-0.0430115155	-0.1944746744	-0.0478186522	0.0492544006	0.0616443522	-0.0442003551	0.0131358547	-0.0175150495	0.0546965943	-0.0363505756	-0.0102629855	0.0777780651	-0.1147107058	-0.0209292299	-0.212503177	-0.0137758562	0.0341698901	0.0003341009	-0.1355849158	0.0850332268	0.017546679	0.0177659401	-0.0663190288	-0.0602119675	0.043486191	-0.0624683279	0.0819037536	-0.0027962079	0.1640806199	0.1185707823	-0.1005861887	-0.1620006784	0.0624952905	0.0229500172	0.0295464406	-0.0311669746	-0.0323218567	-0.1298842378	0.1866105306	-0.0111737737	-0.0559743406	0.0146293077	-0.1867343626	0.056797129	-0.0317782535	-0.1134548014	0.0876327994	0.0703125971	-0.0688047416833939	0.0055234538188101	3.050854208852896e-05	0.0047340924781185	0.0199143378087853	0.0147983976509209	0.0002189925730347	0.0003965808503624	0.3157795995499199	0.0025219911697433	6.360439460263339e-06	0.0997167554919077	-0.0060642495396697	1.4934283249099824e-05	2.2303281616434357e-10	3.677512247938417e-05	-0.0009037347432225	-0.0001569201621958	2.4623937303556196e-08	8.16736486107438e-07	-0.0015742546149971	0.0001340342142291	1.7965170584039028e-08	2.478277592839668e-06	0.0	0.0	0.0	0.0	0.0	0.0	0.0	0.0	0.0	0.0	0.0	0.0	0.0
874.3163032472227	4.708254113067824	764428.9981238894	22.16765679322008	1387.772951784793	10.460820011906662	109.4287553215069	1925913.7657054767	857.551190867616	1.367709082271972	1.87062813372924	735394.0449584664	939.5095541437896	828.9801416273561	1.250756	33.403713	0.0578277770734559	0.0336902743100345	-0.1395728913	0.0673065437	-0.1795416536	-0.0225944452	0.0464088407	-0.0096616146	0.1165711649	-0.1105757667	0.1031035374	-0.0686811864	-0.0831036274	0.0387871077	-0.0711124893	0.042115349	0.0869902959	0.1272155699	-0.0152389296	0.0978897333	0.0704980036	0.0832370222	0.1986914612	-0.1503095379	-0.2495509594	0.0447970911	0.023894756	-0.1770322042	0.020961341	0.0167656423	0.1052095696	-0.057611131	-0.1448556052	-0.0340834946	0.0046256234	0.1508334498	-0.0281984272	0.0107881663	-0.0703620468	-0.0835524139	0.1838356893	-0.0828006203	-0.0045097205	-0.0788617637	0.0274013585	-0.0304912604	-0.0343458415	0.1702842846	0.0298314823	-0.0539064682	-0.1898241166	-0.0995123826	0.1472348784	0.0061085153	-0.0080949515	-0.0647456531	0.0346218432	0.1184752783	0.0627170423	-0.0454556495	0.0101929665	-0.0747333438	0.0494099861	0.1347632577	0.0117707952	0.3205476618	-0.0167687588	-0.0936922666	-0.095265864	0.00221186	-0.0703404958	-0.1059263829	-0.0473150803	-0.0060630772	-0.1199492844	-0.104418309	-0.0207795123	-0.0854613566	0.1044061061	0.070981026	0.1774977722	-0.1704229369	0.0846712992	-7.8571e-06	0.1798135666	-0.0907844339	-0.0486628596	0.0012832015	0.1050471499	-0.0129264591	-0.0457177399	-0.0269614091	-0.0386599608	0.0880981712	0.0827260179	0.0033792453	0.0674747612	0.2779962058	0.1657401732	-0.0885125838	0.0024038839	-0.0046164734	0.0993006368	-0.0477258548	0.0317284532	0.077692935	-0.060361811	0.1556375144	0.0520080433	-0.1339869088	-0.0625501176	-0.003501565	-0.1485087334	-0.0350428114	-0.1100753719	0.0948006283	0.0586099215	-0.0746695702681421	-0.0058648285847481	3.439621432847954e-05	0.005575544724029	0.0293185259019423	0.009404188093157	8.84387536914759e-05	0.0008595759610628	0.3133921915105091	-0.0023874080394107	5.699717146643261e-06	0.0982146656997596	-0.0062908050606838	-0.000226555521014	5.132740410197018e-08	3.957422831152491e-05	-0.0003300621480075	0.000573672595215	3.2910024650071325e-07	1.0894102154732485e-07	-0.0015710556841034	3.198930893700061e-06	1.0233158862668671e-11	2.468215962553602e-06	0.0	0.0	0.0	0.0	0.0	0.0	0.0	0.0	0.0	0.0	0.0	0.0	0.0
861.3475707887429	-12.968732458479735	741919.6377036686	168.18802157962585	1354.776791592618	-32.996160192174784	1088.74658742766	1835420.155037988	849.0035558369871	-8.547635030628953	73.06206461683523	720807.037823848	928.4334360590758	720.5462420054668	2.758493	73.670547	1.0894601200965823	0.7397910220508562	0.5380354919	-0.2167000364	0.0627277096	-0.187034215	-0.2491300547	0.4101227957	-0.3786906226	0.3248669607	-0.1017280415	-0.2107901203	-0.0531297049	-0.2370727921	-0.2364910451	-0.4489938146	-0.1264562331	0.1530883424	0.114977545	0.0764612041	0.1430907113	0.3484016561	-0.0753727686	0.1233315547	0.1770213851	-0.0473074371	0.100406504	-0.1176689621	0.0455711892	0.0480483831	-0.0599495676	0.1058307956	0.0582499836	0.0074233118	-0.0432576562	0.0187113263	0.0175295879	-0.0129920487	0.0613271731	0.0680576744	-0.0181942228	-0.0006031165	0.0202824241	-0.1257435596	-0.0510371454	-0.1485656493	-0.0905071016	-0.0168014812	-0.0405477714	-0.0878885634	-0.1134279132	-0.0289745765	-0.1060054338	0.1221703582	0.387212964	0.3622837856	-0.3255454683	0.2110417258	-0.0536423962	-0.2124161131	0.1206060916	-0.0843915107	-0.0389591489	0.205276674	-0.0700738907	-0.2819479008	0.1545881749	0.0673642784	-0.0211871853	-0.0845045453	0.1629241339	-0.0133388077	0.1522367647	-0.0002250875	-0.0323885273	-0.0616685274	0.0004058548	-0.0013245332	-0.059828982	-0.0152551515	0.0984781003	0.05732067	0.1113017973	0.0335901118	0.1000567059	0.0163579334	-0.0767777251	-0.0547603545	0.0372282312	0.3489024141	0.3043451786	-0.1627353807	-0.1787595129	-0.1424736065	-0.2408868836	0.3076115955	0.437056309	-0.190102821	-0.1351549719	-0.1242167326	0.1733254127	0.0404405568	0.253545467	0.1398915184	-0.1064614704	0.043465465	0.0538420726	0.0593629084	0.0674038109	-0.0246887115	0.0281042177	0.0619643751	-0.0047345511	-0.0382833527	-0.1063942335	0.1013839798	0.0462651033	-0.1925589387969637	-0.1178893685288216	0.0138979032121243	0.0370789449106128	0.021369102982149	-0.0079494229197933	6.319332475773506e-05	0.0004566385622616	1.0101801755915716	0.6967879840810625	0.485513494759751	1.0204639871582184	-0.0090253335353377	-0.0027345284746538	7.477645978692982e-06	8.14566454240913e-05	0.002192991504333	0.0025230536523405	6.3657997325887374e-06	4.809211738076714e-06	-0.0016501404484471	-7.908476434369998e-05	6.254399951298559e-09	2.7229634996011963e-06	0.0	0.0	1.0	0.0	0.0	0.0	0.0	0.0	0.0	0.0	0.0	0.0	0.0
864.1506667725141	2.803095983771186	746756.3748833807	7.857347094234154	1364.0972301952831	9.320438602665035	86.87057574604856	1860761.2534264436	855.5543341280107	6.550778291023676	42.91269621814707	731973.2186452239	931.7286539243968	727.4557776920536	1.999118	53.390064	0.6250902100059171	0.3759650305843512	0.4984402895	-0.0383645518	0.1052874814	-0.1216011898	-0.5430231152	-0.2902620547	0.1904227803	0.2343487836	-0.1731891065	0.0183754392	0.3691988945	0.037554347	0.0040134524	-0.2454467734	0.0420076404	0.1495112257	-0.1962413479	0.0011802428	-0.1651436424	0.0639404046	0.1168900165	0.0232162292	0.0754420278	0.2593027663	-0.0263748992	0.0058783057	0.1266668385	-0.0744607065	-0.0790240692	-0.1300010285	0.1251045595	-0.0823457294	-0.0952122033	-0.1530800452	-0.0044212082	-0.0870112896	0.0303951623	-0.0074726554	-0.0181336995	-0.093223196	0.1394130477	-0.1114571803	-0.0322894344	0.0770199535	0.0311808222	-0.0319537285	-0.005949939	-0.039256191	0.0347737086	-0.032677955	-0.077385164	0.027859303	0.3171007335	-0.0628757872	0.3808118077	0.0593450465	-0.3509059147	0.0996114861	0.3611160221	-0.0595918265	-0.1344441204	-0.2434238642	0.0690025695	-0.0867723312	0.0824857645	-0.0367608883	-0.1528769409	0.142626906	0.078659653	-0.1322881208	-0.0601875101	-0.0464856336	0.1239672673	0.0252374711	0.0772272714	-0.0320794419	0.0566234545	0.0533479494	0.0451422694	0.1084994832	-0.0802121103	0.0122894896	0.0030222083	-0.0391361854	0.006710496	-0.030655313	0.0461342941	0.3801475691	0.2190868795	-0.2443181209	-0.0465357011	-0.0536795506	-0.2404701422	-0.1166291991	-0.1706610507	-0.1672599498	0.0480412477	0.072293468	-0.3372293153	0.0966618809	-0.3751764413	-0.1167781783	0.2226161279	-0.0388530046	0.0163670595	-0.064735293	-0.0470675673	-0.1431319024	0.0295009029	-0.1957544954	-0.0143585358	-0.0414976565	-0.1024214758	0.1073422654	0.033413395	-0.1504599980488308	0.0420989407481328	0.0017723208121148	0.0226382110128541	-0.0009234263343529	-0.0222925293165019	0.000496956863327	8.527161949764339e-07	0.6746183686211893	-0.3355618069703823	0.1126017262972281	0.4551099432811148	-0.0123024759149717	-0.003277142379634	1.0739662176393194e-05	0.0001513509136384	0.0011515615011392	-0.0010414300031938	1.084576451552238e-06	1.3260938909059676e-06	-0.0014659741718569	0.0001841662765902	3.3917217433098095e-08	2.149080272551524e-06	0.0	0.0	0.0	1.0	0.0	0.0	0.0	0.0	0.0	0.0	0.0	0.0	0.0
878.8951166774336	14.74444990491952	772456.6261194397	217.39880299868125	1389.2746845050615	25.17745430977834	633.9042055209759	1930084.1490066384	857.080746051221	1.5264119232102755	2.3299333593184928	734587.4052517177	942.1876532491287	861.3888434251973	2.883376	77.005768	0.7104482973745496	0.3463709217945609	-0.2132370991	0.1885074829	-0.2965222071	-0.2533884518	-0.1251383643	-0.2315102531	0.2501732651	-0.2269824944	0.0267773101	-0.1556386437	-0.2382883588	-0.0360526335	-0.267459653	-0.0451534583	0.0108967269	-0.0408229682	-0.2093270826	-0.0755585356	-0.088791257	-0.0298607638	0.1952543097	0.0096665136	-0.0759485902	-0.0966791462	0.0608238012	0.1071168015	-0.1549397712	0.1548209277	-0.1187768851	0.2757973753	-0.1000967118	-0.1525415015	0.0292733442	-0.0410670216	0.0497012871	-0.0295484399	-0.040670758	0.0522834336	0.1168347694	0.0704508365	0.0742138416	-0.0607903332	0.0246072718	-0.1377776153	0.0375836006	-0.0736402885	0.0412536646	0.0842060516	0.0379402633	-0.0180103147	-0.1083316146	-0.0660774211	-0.0248388443	0.0166136045	0.4125688313	0.1387099299	0.2002459273	0.2692130079	-0.1985401844	0.0468338623	0.0823463278	0.1639833229	-0.4234830823	0.0161821278	0.0003441424	0.0767661395	-0.1916996312	0.0399587438	0.1249097365	0.0831004941	0.0647752226	-0.0902710237	0.0224848019	-0.0797549868	-0.1056845668	-0.137339889	0.1107761003	0.0193451452	0.1051184824	0.025269747	0.0599685541	-0.0841435477	0.0303207146	0.0218741403	0.0370053967	-0.0753560253	-0.0197341114	0.0723186811	0.0062617214	0.0362374244	0.1117950601	0.1655256715	0.4085925271	-0.4198395184	0.1582661712	-0.0589706491	-0.2868882644	0.1148760892	0.0199976827	0.1906740539	0.082564084	0.2000233136	0.0792266934	0.1354268893	0.0196841042	-0.0504188506	0.1066077691	-0.3491371644	-0.0816830766	-0.2211685855	-0.028500961	-0.0446835199	-0.098167988	0.1126387502	0.0201956026	-0.2039483748217065	-0.0534883767728756	0.0028610064497971	0.0415949395924152	0.0755611766919059	0.0764846030262588	0.0058498945000843	0.0057094914230654	0.4125472418245692	-0.2620711267966201	0.0686812755004501	0.1701952267370595	-0.0096809945104544	0.0026214814045173	6.872164754229996e-06	9.372165471144822e-05	-0.0006120171494066	-0.0017635786505458	3.110209656660945e-06	3.7456499116778054e-07	0.0005170495886559	0.0019830237605128	3.932383234758326e-06	2.6734027712923537e-07	0.0	0.0	0.0	0.0	1.0	0.0	0.0	0.0	0.0	0.0	0.0	0.0	0.0
870.9015973658803	-7.993519311553314	758469.5922944419	63.89635098417576	1379.463935370918	-9.810749134143409	96.2507985730956	1902920.7489890205	854.8938003828414	-2.1869456683796216	4.78273135644439	730843.4099330175	939.2834012089504	824.0233577026604	1.893509	50.569572	0.4611970182994895	0.2559814532718127	-0.0734326226	-0.0926177832	-0.0033024299	-0.226430556	0.126126134	0.0217467718	-0.2876593495	-0.0590634517	-0.2525557849	0.2098522417	0.0482920159	0.0233659529	-0.1363503796	0.0255020446	-0.1386088211	-0.1150754844	0.0440227976	-0.0747486726	-0.0428382734	-0.1479483817	0.0165984965	0.0604162826	0.1280176829	-0.1904413557	0.1418009067	0.037659987	0.142388668	-0.1434454733	-0.0354882205	-0.0877750901	-0.1223975176	-0.0630174169	0.0809660041	-0.080268577	-0.2761010358	-0.1588088645	-0.0360076849	-0.0016056233	-0.0050501996	0.0290965437	0.0385424731	-0.0580564605	0.032252878	-0.0839152384	-0.1443345515	0.1135860359	-0.0224241935	0.0618468523	-0.0657231515	0.0015401198	0.0232444215	-0.022741364	-0.1184575071	0.2053192804	-0.2113821142	-0.1521566604	0.0340986309	0.0305068155	-0.0696926381	-0.1269982704	-0.0786861603	-0.3260403937	-0.1352623591	-0.0655337742	0.102111834	-0.1336770373	0.1078284973	0.1475408057	-0.0189339611	0.2566915068	-0.1130889535	-0.1151874566	0.078057142	0.0622448026	-0.0530463549	-0.1331784293	0.1389236408	0.1451707165	0.1326002649	0.0787380747	0.0248267741	0.1353748696	0.0729251645	0.1166413662	-0.0232250529	0.0312304323	-0.0189765291	-0.0656256049	0.0668336148	-0.0091550922	0.0691208334	0.1035425476	0.0908942796	-0.0106781532	0.1849029155	-0.2125991941	-0.2131447391	-0.1141311936	-0.2163304753	-0.0838529317	0.0113396972	-0.0839054308	-0.2415500875	-0.1074535515	-0.0569519013	-0.0335370516	-0.0201750608	0.0868100907	-0.1471698232	-0.0621430979	-0.1524754509	-0.0478387595	-0.0936454286	0.1172407796	0.0067565429	-0.1421507970517979	0.0617975777699086	0.0038189406182279	0.0202068491024614	0.0751264880588422	-0.0004346886330637	1.889542077147891e-07	0.0056439892080553	0.2016343088366454	-0.2109129329879238	0.0444842653015684	0.0406563945000317	-0.0075391001989933	0.002141894311461	4.587711241469416e-06	5.6838031810460814e-05	-9.579337750142967e-05	0.0005162237719051	2.6648698268000134e-07	9.176371173131412e-09	-0.0005858687061497	-0.0011029182948056	1.2164287650168926e-06	3.432421408455236e-07	0.0	0.0	0.0	0.0	0.0	1.0	0.0	0.0	0.0	0.0	0.0	0.0	0.0
870.3565657646507	-0.5450316012296526	757520.5515696367	0.297059446338959	1370.465181367891	-8.998754003026988	80.97757360699424	1878174.8133417263	856.2800512133608	1.3862508305194297	1.9216913651158083	733215.5261059558	935.2486199672302	800.9282650589325	1.334631	35.643726	0.1269580048023809	0.0640615721147161	-0.0569522109	0.0287386477	0.0371048631	-0.046495358	-0.0594443776	-0.0295808742	0.0251344826	0.1754449293	0.0953429927	0.0340797594	-0.0713544207	0.2363813759	0.1242607856	0.0337905016	0.0722789033	0.0223547425	0.0715181567	0.094597682	0.0772491554	-0.1294606786	0.1076829332	-0.0770944156	-0.0663615665	-0.0216339733	-0.0490023848	-0.088803923	-0.157160333	0.0709434094	0.0569183861	-0.0578348939	0.0152832966	0.1002199394	0.0323114038	-0.050900638	-0.1362166878	0.0077605774	0.0785621902	0.0725049714	-0.1057654961	-0.1334288347	0.0422722084	-0.0170045696	0.0882503031	-0.0362061831	-0.0308843228	0.0484781598	0.2361177568	0.0124071254	-0.0329304675	-0.0817687861	-0.1565005292	0.0871268468	0.0277573651	-0.0725306029	0.0352540011	-0.024515026	-0.0730084827	-0.1139760813	0.034267287	-0.0006077066	0.1303366225	-0.1928113805	0.0876000002	0.1066416724	-0.2112670522	0.0216127206	0.068937701	0.0991036917	0.0107266533	0.0505792244	0.1811896159	-0.1640696959	-0.0962324475	-0.0232737214	-0.1126622446	-0.0328056706	-0.0249519805	-0.0804017051	-0.0396825736	0.0243674255	0.034633087	0.1338807567	0.0275166655	0.08961359	-0.0945108643	-0.0643629082	0.0683295963	-0.0321788834	0.0006801564	-0.1222380361	0.0181548826	0.1143236844	0.0952034373	0.02502783	-0.1297864432	-0.0602270747	0.0237707431	-0.013520477	-0.0928731588	-0.1576771716	-0.0017869567	0.004058586	0.0170786607	0.0930431649	-0.0691961962	0.0614556651	-0.0506208346	0.046284596	-0.0825206665	0.0891497072	-0.4713103299	-0.0509612127	-0.0888661936	0.1211199807	-0.0067565429	-0.1199313248019962	0.0222194722498016	0.0004937049470597	0.0143835226687619	0.0570091352892063	-0.0181173527696359	0.0003282384713794	0.003250041506423	0.2391877938339703	0.0375534849973248	0.0014102642354443	0.0572108007191618	-0.0082326923600756	-0.0006935921610822	4.810700859148142e-07	6.777722349564714e-05	-0.0002912124812999	-0.0001954191037984	3.8188626129397324e-08	8.480470926484461e-08	-0.0006782113369813	-9.23426308316e-05	8.52716146890116e-09	4.5997061760996253e-07	0.0	0.0	0.0	0.0	0.0	0.0	0.0	0.0	0.0	0.0	0.0	0.0	0.0
870.8090198484795	0.4524540838287976	758308.3490494695	0.2047146979733566	1377.2154814574096	6.750300089518532	45.566551298553904	1896722.482365965	856.3597194699842	0.0796682566233357	0.0063470311134016	733351.96913071	941.1326326000988	808.8870582580566	1.263255	33.737511	0.1295555490114854	0.0757025966875726	-0.086252963	-0.1486620218	0.0849435519	-0.1127213404	0.0774967966	-0.120644338	-0.1902609537	-0.0726885045	-0.1907316881	0.0034992437	0.065353009	0.1052726336	-0.0886617183	0.0398063145	-0.2212428019	-0.0016346957	0.0041306346	-0.0053812292	-0.0650527858	-0.0960175563	0.0553345389	0.310135542	-0.0333517217	-0.1133090016	-0.0037112111	-0.0697219331	-0.0235401304	0.0550318133	0.0469978127	-0.0399580283	-0.0267067901	-0.0728094244	0.0193397341	0.0594961004	0.0571918839	0.0753203029	0.1994392292	-0.086358928	-0.0900917111	-0.0041444044	-0.1844572937	0.0367294183	-0.1287743384	0.0085201105	-0.1509718279	0.0879620534	0.0698268427	0.1152074666	-0.1239603164	-0.0230281897	-0.1002007459	-0.3425827503	-0.1510477793	0.1961475649	0.0052601341	0.0369432229	0.0160839964	0.1278162874	-0.0097944343	-0.0645788443	0.0986416598	-0.1125070447	-0.0024051132	-0.1710750451	-0.0355570265	-0.2113305142	0.0056823341	0.130334011	0.0655466231	0.0770146512	-0.1155627678	-0.0149557695	-0.1042754558	0.0622628438	-0.0722885104	-0.1103355275	-0.0505575657	-0.1729191718	-0.1255246276	-0.0784561042	0.0588719573	-0.1179803364	0.1142805047	0.068549857	0.1338795076	0.1848529238	0.0346889811	-0.0945400434	0.0699837912	-0.0935471889	0.0745518288	0.1246748315	0.1321201047	0.0843479355	-0.0065973509	-0.1376003872	-0.1418882693	-0.0950476637	-0.1236241179	-0.1177884507	-0.0377034531	0.0147617989	-0.0982118263	-0.1667289736	0.1167369797	0.047104168	-0.0281779596	0.1390737746	0.0974945206	-0.0630008951	-0.0322607444	-0.0540487397	-0.0838433825	0.1242524367	-0.0201956026	-0.1212383305059745	-0.0013070057039783	1.7082639102318278e-06	0.0146987327838759	0.0424449872867995	-0.0145641480024068	0.000212114407036	0.0018015769457765	0.18360801379022	-0.0555797800437503	0.0030891119497116	0.0337119027279896	-0.0080600301230364	0.0001726622370391	2.981224809938073e-08	6.496408558425416e-05	-0.0012677342008491	-0.0009765217195491	9.535946687513264e-07	1.607150004002506e-06	-0.0006911196856199	-1.2908348638599927e-05	1.6662546457564462e-10	4.776464198513493e-07	0.0	0.0	0.0	0.0	0.0	0.0	0.0	0.0	0.0	0.0	0.0	0.0	0.0
865.4612129894739	-5.347806859005573	749023.1111892115	28.59903820122705	1386.2107336370796	8.995252179669933	80.91456177585668	1921580.1980506503	855.2501501805879	-1.1095692893962903	1.2311440079713891	731452.8193839181	942.0272066580816	796.3299861547242	1.112909	29.722248	0.1079641516950659	0.0560396156583303	-0.1135860362	-0.0980402184	0.2107740014	-0.0136033272	0.1411185124	-0.1787571251	-0.0669606464	-0.0173674513	-0.0150525937	-0.232724141	0.0497814835	0.3073189415	0.0035518973	0.0622458498	-0.1931587442	0.1677454186	0.0942410861	0.0894223558	0.1472688284	-0.2284043117	0.0645192347	0.1604478721	0.0549196047	-0.1037461436	0.0292109857	-0.0025523336	-0.0016022819	-0.0680999013	-0.1201665825	-0.0420253381	0.206032376	0.0208142618	-0.0022865232	0.0609221203	0.0278504974	0.0992843531	-0.0250924385	-0.0249466136	-0.0558012011	-0.0694885521	0.0747802977	0.0800201519	-0.0904021015	0.0441323584	0.0238819077	-0.1578926443	-0.1053537531	0.0277681888	-0.1069509667	0.0213466212	0.0711861166	0.1154462359	-0.1700135286	0.1595881459	0.0279743138	0.2162594121	-0.0637118859	0.1266897974	-0.0201377088	-0.0880833395	0.2540308397	-0.1848708171	0.2174129085	-0.0302577388	-0.07004648	0.0100028889	-0.0522532938	-0.0105012086	0.0092630414	-0.0813596022	-0.0142271244	0.2559559155	0.0451093063	-0.0513660748	-0.0391169773	-0.002718793	-0.0381424725	-0.0151487366	-0.0722023775	0.0581852683	0.047974072	-0.0772111833	0.0328968465	0.0263831737	7.45849e-05	-0.0846880575	-0.0707525386	-0.0936947312	0.0305295776	-0.1949469367	0.011313595	0.151361893	0.2189515239	0.1303500133	-0.1280841427	-0.1112632351	-0.0416293381	0.011363801	-0.0099773063	-0.0938804628	-0.0505939795	-0.0472164715	-0.0515662514	0.03061871	0.0227642489	-0.0051833612	-0.0555191354	0.1884357447	-0.0322109359	-0.0057257406	0.066751981	-0.0570992244	-0.0785907625	0.1266188352	-0.033413395	-0.0952660647197234	0.0259722657862511	0.0006745585900716	0.0090756230871825	0.0397244536768965	-0.002720533609903	7.40130312261185e-06	0.0015780322199278	0.2150111900592435	0.0314031762690235	0.0009861594797833	0.0462298118506921	-0.0082571050246427	-0.0001970749016063	3.883851684313292e-08	6.817978338797973e-05	-0.0013489728989795	-8.123869813040003e-05	6.599726073922262e-09	1.819727882181156e-06	-1.2069764758834351e-05	0.000679049920861	4.6110879502141945e-07	1.4567922133359966e-10	0.0	0.0	0.0	0.0	0.0	0.0	0.0	0.0	0.0	0.0	0.0	0.0	0.0
868.0358632564328	2.5746502669588835	753486.2598993405	6.62882399715145	1376.6542536646757	-9.55647997240385	91.32630946295588	1895176.9341330451	854.2424927510094	-1.007657429578444	1.0153734953846367	729730.2364214584	937.2459095233012	782.5078232981689	1.071489	28.616039	0.0829134512619437	0.0423168495945461	-0.0302454503	-0.1277574238	0.2259416426	0.0107732781	0.0234112377	0.0083237495	-0.062633519	0.2084828624	0.1315935936	-0.0005092084	-0.0147873322	0.0975705855	0.115558603	-0.0075492801	-0.1724653008	0.0516007103	0.1763720687	-0.0179221515	0.0926763213	-0.0318811467	-0.0063111384	0.2143184354	-0.1123568857	0.0793860797	-0.0460805747	0.0451261162	0.0084091121	-0.0946475809	-0.0661642031	0.008140426	-0.1579090905	0.0441383439	0.0818780528	-0.0840729959	-0.0428600343	-0.0725564858	0.0324551565	0.0598146035	-0.0581000991	-0.0299794253	-0.0084783709	0.0172925387	0.0584588152	0.0599905837	-0.0324866492	-0.1385117615	-0.1019999374	-0.1709873393	0.0549431566	-0.0135192784	-0.0343323876	0.0645877233	-0.0673216521	0.0926427241	-0.0375258428	0.0263025823	-0.0104095387	0.0064586374	0.1032456252	0.1161471003	0.2634933954	-0.0608246281	0.0120018049	-0.1053260592	0.0056731187	-0.0656392909	-0.1491697345	-0.0594480148	0.1001006021	0.175891718	-0.0962060751	0.0610764176	0.0982801728	-0.1779574348	0.068952215	0.1504219968	-0.012094139	-0.0352290434	0.0037205471	-0.2283580994	0.0527577131	0.1141082766	-0.2374067973	-0.0439942156	0.0368252828	0.0087805501	0.1176696454	-0.0725814949	0.0623573507	-0.1814765285	0.0433791673	0.0870668374	0.2616053122	0.2310747854	-0.1151756052	-0.1202275345	-0.0842558049	0.0021641815	0.0136053365	0.0971396966	0.0614732077	-0.0739673588	0.2295433493	-0.1654855656	0.0445436065	0.0853171348	0.049238905	0.0786761303	0.2600360991	0.0533035444	0.1583587138	-0.0601105761	-0.0731227308	0.1282045865	-0.0462651033	-0.0827416441314881	0.0125244205882353	0.000156861111071	0.0068461796735818	0.038611066899719	-0.0011133867771774	1.239630115593693e-06	0.0014908144871345	0.2368829715681499	0.0218717815089064	0.0004783748263733	0.0561135422189569	-0.0086315328651895	-0.0003744278405468	1.4019620777654038e-07	7.450335960284647e-05	-0.0018219133454904	-0.0004729404465109	2.2367266594592963e-07	3.3193682384760216e-06	8.863919593595556e-05	0.0001007089606947	1.014229476422474e-08	7.856907056172721e-09	0.0	0.0	0.0	0.0	0.0	0.0	0.0	0.0	0.0	0.0	0.0	0.0	0.0
871.1466713516048	3.1108080951720467	758896.523006981	9.677127004987938	1382.0303637072132	5.376110042537448	28.902559189472	1910007.926208692	855.6191486242666	1.376655873257164	1.8951813933734445	732084.1274925148	939.0243470905752	790.5430724954358	1.082446	28.90867	0.169316696231559	0.0867745115721429	-0.025948241	-0.0437305456	0.1276421653	-0.0571940304	0.0689812033	-0.0116960397	-0.0287300021	0.1566801052	0.0759539873	-0.0419509027	-0.0660562795	0.0369190709	-0.1043647209	0.0054486509	-0.0889759486	0.10257432	0.0090592784	0.165337011	0.0696357266	-0.0330553009	0.1198609719	0.0566972221	-0.0593398357	0.0123580565	0.1094340536	0.0612689625	-0.0758087041	0.0407631587	-0.0356598838	-0.1098925554	-0.0078259085	0.0347779165	-0.1418465021	0.1496166828	-0.1664302914	-0.0188849171	-0.0158975495	0.0024660899	0.1057577562	0.2326035054	0.0882450514	0.0319157533	-0.1442080919	0.0737353803	0.1427097473	0.0024399917	0.1344409687	0.046400376	-0.0870142567	0.1045349305	-0.0548053381	-0.002711325	-0.055168835	0.0710864141	-0.0543390541	0.1387972955	-0.0365080151	-0.0470714985	0.0530376083	-0.0122921576	0.1202753898	0.0164743976	0.1022840793	-0.0223386974	-0.0046666254	0.1461151433	-0.1357709043	0.2260446817	-0.1194254132	0.1800543798	0.1204561423	0.0771947448	-0.086479341	-0.1663468692	-0.1325075283	-0.0899503528	0.1582809745	0.053833296	-0.1453634743	-0.0137285239	-0.1035418789	0.0188447269	0.0091239194	-0.1159367554	-0.1290936211	0.0424508271	-0.156383486	-0.0343638325	0.0384660066	-0.2384168628	-0.0446317646	0.0963602328	0.1882495255	0.1203165522	-0.1667862474	-0.0913040175	0.0448915078	0.0143539164	0.1510974096	-0.1575805978	0.1093634423	-0.0303406585	0.0353455461	0.0312022587	-0.2200602716	-0.0828404211	-0.1357694792	-0.0356987891	-0.1315774091	0.1253974694	0.2585871793	-0.063080731	-0.0674542747	0.1289999139	-0.0586099215	-0.0995830832477793	-0.0168414391162912	0.0002836340715077	0.0099167904691341	0.0175132487613325	-0.0210978181383865	0.0004451179302004	0.0003067138821763	0.3072215194755685	0.0703385479074186	0.0049475113217242	0.0943850620288771	-0.0089772522161844	-0.0003457193509948	1.195218696523344e-07	8.059105735298772e-05	-0.0012450874448544	0.000576825900636	3.3272811964453256e-07	1.5502427453340587e-06	-0.0002095933738224	-0.0002982325697583	8.894266566467244e-08	4.392938235025632e-08	0.0	0.0	0.0	0.0	0.0	0.0	0.0	0.0	0.0	0.0	0.0	0.0	0.0
872.6311427687941	1.4844714171892974	761485.1113299716	2.203655388452001	1378.5470150326107	-3.483348674602439	12.133717988854569	1900391.872655321	858.0688046006364	2.449655976369854	6.000814402564544	736282.0734287652	940.4379306672824	792.3979164578136	1.397203	37.314823	0.5977335421680013	0.3283416864208708	-0.0337473677	-0.2187833325	0.0680527749	0.057246988	-0.0195129905	-0.1533376683	-0.1360569148	0.0740360781	0.0541990547	0.1128784961	-0.0145784806	-0.1343415359	0.0821080861	0.0856419555	-0.1082083049	-0.0993998492	-0.1899280386	-0.0469803957	0.1065020723	0.1187365898	0.1633071748	-0.1247013422	0.396138901	-0.1933848296	-0.0854818355	-0.0873944885	-0.2516597138	0.012727701	0.0717119017	-0.0986173685	-0.0201982156	0.0191022317	-0.0967297666	-0.0987522277	-0.0541461711	0.1269893132	-0.1103053434	0.0152555538	0.0651113709	0.0766389903	0.0312299	0.1323027668	-0.0375287394	0.0165370866	0.0995692969	0.0026334075	-0.0397339616	-0.100486969	0.0027340886	0.1225514357	0.178736509	-0.0170505222	-0.1191919084	0.0757536454	0.1373069432	-0.0964600793	0.0306501802	-0.0505916212	0.124555265	-0.1076708492	-0.0933486194	-0.0318784338	-0.1484327087	-0.2332251599	-0.1317404361	0.2882181064	0.1658687383	0.0632511243	-0.2626174293	-0.3210344219	-0.0024389579	0.0270838441	-0.0869122687	0.0549699166	-0.097938322	0.045863585	0.1287969998	0.0042395945	-0.0331528423	-0.1167916143	-0.096800977	0.1026195245	-0.1081720412	-0.0427758778	-0.1017467399	0.0594213601	-0.1731159063	-0.2523461004	0.2090649465	-0.1097012516	-0.2072190169	-0.4970062151	-0.0714591769	-0.2891279317	-0.3140765765	-0.0318261839	0.011289501	-0.0015929707	0.2023365039	-0.198628698	0.1308343651	0.1887124059	-0.1308103424	-0.1829270155	-0.2061091896	-0.0826119517	-0.060630499	-0.1393346286	-0.0390725301	-0.1179905843	-0.0398315262	-0.0660076536	-0.0616009311	0.1289999139	-0.0703125971	-0.1528279877668552	-0.0532449045190758	0.0028350198572455	0.023356393844866	-0.0015329308561433	-0.0190461796174758	0.0003627569580211	2.349877009716231e-06	0.0552764136458989	-0.2519451058296696	0.0634763363515234	0.0030554819055525	-0.0064741783238189	0.0025030738923655	6.265378910641774e-06	4.1914984968606506e-05	0.0013239053135489	0.0025689927584033	6.599723792728597e-06	1.752725279243011e-06	0.0001882870194444	0.0003978803932668	1.5830880734614346e-07	3.5452001691255875e-08	0.0	0.0	0.0	0.0	0.0	0.0	1.0	0.0	0.0	0.0	0.0	0.0	0.0
874.2606798091939	1.6295370403997822	764331.7362604339	2.6553909660348816	1390.6149662235478	12.067951190937038	145.63544594683867	1933809.9842849188	858.9697900300351	0.900985429398702	0.8117747439887631	737829.1001842427	943.3283247226708	824.6556223976894	1.404494	37.509563	0.3233802990295222	0.1640329850100977	-0.2231942771	-0.2583029798	-0.048229862	0.0315275	0.1542864556	-0.1611462254	-0.0576429532	0.0669903659	-0.007580706	-0.0957100299	-0.1553467	-0.0783391145	-0.1247334817	0.1232111429	-0.290854832	0.234383602	-0.2809170613	-0.0408228708	0.1894095242	0.0813392092	-0.048635759	-0.0845281443	-0.04705164	0.028657408	-0.0174188634	0.1695731516	-0.0342905344	0.0235576611	0.1430717893	0.0891000147	0.018599774	-0.0493269288	0.0982221349	-0.1634238607	-0.0460028467	0.0158407576	-0.0900138644	0.0347930565	0.0996528819	-0.0433223111	-0.0486333803	-0.1112360011	0.0171569046	0.0702860254	0.096554975	-0.0483845477	0.0202486819	0.0488876868	0.0520907059	-0.0903023304	0.0725712854	-0.0768794394	-0.2066317896	0.1193179635	0.1208526959	0.261963387	0.2474476054	-0.056533198	0.209441718	0.0172485626	-0.0951308934	0.1206713467	0.0121837339	-0.1203860193	-0.1345066154	-0.0129944204	0.0926455429	-0.0339567139	-0.0177663589	-0.0570226496	-0.0989232698	-0.0427458868	0.1676317814	-0.0505896061	0.160942459	0.0845675119	-0.0305668573	0.0211599983	0.0174150069	0.0867223004	-0.0417147012	0.1142077499	-0.0865444413	-0.1142468302	0.1233167921	-0.0728704099	-0.0298683653	-0.3477649336	0.1305010197	-0.1922234173	-0.2822566311	-0.2474178812	0.1409401124	-0.2047426668	0.2256001557	0.080442177	0.1484369959	0.0810237812	-0.0095121441	0.2885084818	-0.1470812869	-0.2035745241	-0.0815900348	0.1294237959	0.3220272418	0.1160741926	0.0413331003	0.106639887	0.1145072878	0.2068473505	-0.0572237825	-0.0688893378	-0.0555787436	0.1282045865	-0.0812449131	-0.0489568442729222	0.1038711434939329	0.0107892144507372	0.0023967726011631	0.0875985254294278	0.089131456285571	0.0079444164995866	0.0076735016574101	0.0858571852620571	0.0305807716161582	0.0009351835926396	0.0073714562611231	-0.0053910882130289	0.00108309011079	1.1730841880910955e-06	2.906383212065913e-05	0.0011749454391114	-0.0001489598744375	2.218904419243577e-08	1.3804967848886804e-06	0.0009521755868941	0.0007638885674497	5.835257434803548e-07	9.06638348277124e-07	0.0	0.0	0.0	0.0	0.0	0.0	0.0	0.0	0.0	0.0	0.0	0.0	0.0
869.0492211840113	-5.211458625182559	755246.5488405366	27.15930100198968	1366.7587881460563	-23.85617807749145	569.1172324649837	1868029.5849744764	850.6303637213852	-8.33942630864999	69.5460311574036	723572.015684776	930.6643645420874	790.1263755698895	2.672937	71.385628	1.3511366174684962	0.6873516582317146	0.1796394578	-0.0147585911	-0.1522011521	-0.0430990098	-0.2646701395	0.3466281831	-0.2638618441	-0.4460261387	0.3206007982	0.014935444	0.3285170572	0.0431719311	0.130546412	-0.306837955	-0.1353107398	-0.3739358672	0.2047463922	-0.3451383069	-0.1961113464	-0.0281622098	0.2410041851	-0.100045707	0.0252392505	0.0616563913	-0.0256610825	0.0800998393	0.0821961686	0.1602492217	0.0372646169	-0.0724641812	0.0585647402	0.0826238519	0.0850620094	0.1077379978	0.0863689616	-0.0223936142	-0.021757691	-0.0131008364	-0.0233716525	-0.1074545098	0.0071170366	-0.0202630405	0.0036306165	0.0652567203	0.0587046561	0.021125937	-0.0618059887	-0.1021101796	-0.04514375	0.0033597588	0.059481805	-0.1138589068	0.2694099949	0.1979825742	-0.2085349227	-0.4776955809	0.035606454	0.4545247303	0.1136945536	0.0808769436	0.1688053401	0.2856557448	-0.0142351011	0.1130128044	-0.1505555196	-6.24406e-05	0.0722312066	0.0880989642	-0.0684049927	-0.1091378737	-0.089735115	0.0523830263	0.0714970251	-0.0454833559	0.0437256101	0.0557891081	-0.0095525153	-0.0066923578	0.0199264507	-0.0069642887	0.0135164349	-0.0309181458	-0.041893722	0.0066336318	0.018433068	0.0380876243	-0.0192641051	0.1862070627	0.2279424131	0.3805473929	0.4166798711	-0.4782164941	0.3748644077	0.1858836697	0.0691292092	0.0813585474	0.1838341939	-0.0703713925	-0.0608267107	-0.1110455711	-0.1521452125	-0.0354420378	-0.0055184933	0.1287872226	-0.0209854893	-0.0040220614	-0.0765730273	0.0137350108	-0.0456076722	0.0224524767	0.0355458778	-0.0717238087	-0.0494042187	0.1266188352	-0.0912870929	-0.5250796037947083	-0.4761227595217861	0.2266928821346406	0.2757085903212078	0.1767678435625725	0.0891693181331447	0.0079511672963299	0.0312468705177621	0.4723322167873789	0.3864750315253218	0.1493629499924985	0.2230977230152795	-0.0071640602371543	-0.0017729720241254	3.1434297983313205e-06	5.132375908157533e-05	1.7704399003726223e-05	-0.0011572410401076	1.3392068249094906e-06	3.1344574408314206e-10	-0.0041050015146377	-0.0050571771015318	2.557504023625757e-05	1.6851037435177813e-05	0.0	0.0	0.0	0.0	0.0	0.0	0.0	1.0	0.0	0.0	0.0	0.0	0.0
873.4425790640486	4.393357880037229	762901.9389220567	19.30159346208521	1372.1557383494337	5.396950203377401	29.127071497735365	1882811.37028528	854.6011786104326	3.970814889047461	15.767370883080996	730343.1744823406	933.5877106819746	793.9242542345906	1.810921	48.363922	0.4926371197024327	0.2418861829035637	0.0819487165	-0.0104494706	-0.1515023539	0.0311729949	-0.2249564179	-0.1396439576	0.0154417415	-0.1759323624	-0.0008756449	0.2342909878	0.105480147	-0.0300063826	0.1816052265	-0.1107031494	0.1602485835	-0.3406816356	0.0194668548	-0.1212563323	-0.0103772376	0.022365507	-0.0431233143	-0.0253398974	0.0460371717	0.0466529349	0.0896554606	-0.0294490006	-0.0372416151	-0.1745537776	-0.0379741635	0.0852840455	-0.0425104582	0.062407868	-0.2166216775	0.1012283741	-0.1010543264	-0.0711009908	-0.0131262275	0.0207363681	0.0650275829	0.0063346159	0.0541789012	0.0232437954	0.0071709527	-0.0661848954	-0.0630002011	-0.0701018051	0.1602520873	0.1504102729	-0.0081911432	0.0676003368	-0.0501598691	0.0011019833	0.1187163427	-0.0505267896	0.2032200372	-0.3714895197	-0.0571367334	0.0270478755	-0.0629488367	0.0527146494	0.0720999946	-0.1280313154	-0.0747148902	-0.0906444339	0.2223584623	0.0602858486	-0.0427568418	-0.013434291	-0.0224064311	0.0025863332	0.1252287979	0.0396648212	-0.0860654867	0.1163365773	0.1142165838	-0.037017719	-0.0890599712	0.0349562304	0.0430048328	0.0102571459	0.1627586346	-0.0156253242	0.0931754045	-0.126423531	0.1309408736	-0.0624373867	0.0686262674	0.0783276935	0.087895872	0.2944072374	0.1889119637	0.0065870357	-0.1476181208	-0.0710919588	-0.2250430684	-0.0545021445	0.0037839842	0.033985293	0.0581904334	0.1388389307	0.156725414	-0.0805021203	0.0440919604	-0.2991351928	0.1654814869	0.0872258792	0.057271062	0.1254483795	0.1885783248	-0.0521423316	-0.1317025098	-0.0745091236	-0.0430942802	0.1242524367	-0.1003291122	-0.4049401762433007	0.1201394275514076	0.0144334820523799	0.1639765463359554	0.1324991359513205	-0.0442687076112519	0.0019597184735705	0.0175560210278465	0.3201049794627195	-0.1522272373246594	0.0231731317834981	0.102467197876828	-0.006689096647077	0.0004749635900773	2.2559041189911801e-07	4.4744013953936765e-05	0.0005678922465146	0.0005501878475108	3.027066675486485e-07	3.225016036513993e-07	-0.0016101180079236	0.0024948835067141	6.224443712074045e-06	2.592479999439862e-06	0.0	0.0	0.0	0.0	0.0	0.0	0.0	0.0	1.0	0.0	0.0	0.0	0.0
873.5354899926432	0.0929109285946196	763064.2522766872	0.0086324406523145	1375.2576956534172	3.101957303983454	9.6221391157363	1891333.729453947	856.7987386034274	2.197559992994797	4.829269922811295	734104.0784724243	936.6735404720296	803.5696751506217	1.184113	31.623886	0.1676615198136917	0.099234477455906	0.0043730025	-0.0127091332	-0.1518281763	0.0327529917	-0.0719024527	-0.0544075517	0.0570235789	0.0398679636	-0.070972761	0.0748356381	-0.1428368605	-0.0355810773	0.055468737	-0.0194899626	0.083632559	-0.0577771752	-0.08639129	0.0068210999	0.0093119781	-0.0466282408	-0.1242549536	-0.10014536	-0.1146022091	0.0769697431	0.0436290623	0.0031349448	-0.0233256618	-0.0084026479	-0.0207008128	-0.0049307741	0.0904502167	-0.0198241	-0.0851424448	-0.0671296523	-0.0216368796	0.0281463069	0.0194525776	0.0904662392	0.0090604653	0.0822969518	-0.0037912704	-0.0824189399	-0.130255116	0.0856581474	0.143957927	0.1564794662	-0.0596183157	-0.02792547	-0.1482103225	-0.0016897236	-0.029187434	-0.0231329567	0.0454277241	-0.0478954344	0.1137821346	-0.0502756292	0.0480335871	-0.0982667505	-0.097408275	0.0384137908	-0.0028220178	-0.031601403	0.0344302303	0.0059744629	0.0128439462	0.0021025999	-0.0199927143	0.0016617694	-0.0172033579	0.1049081738	0.1062398583	-0.1197496348	0.0486838346	0.0212900226	0.0225228471	0.0365978957	-0.0260212939	-0.0195942755	-0.005080653	0.0532736429	-0.055927095	0.0187325751	-0.0126218785	-0.0415083223	0.059331874	0.0771202707	-0.1217326585	0.0122475148	0.0143457044	0.1386274198	-0.0081768283	0.1677802323	-0.0611461075	-0.0803102858	-0.0242576929	-0.0970116011	0.1304529365	0.0457985389	0.1317043295	0.1250832409	0.1541238161	-0.0517288561	0.002565432	0.0413139016	0.0432616675	0.0347114056	0.0040446729	-0.0446609336	-0.0558764496	0.0273187557	0.1297982515	-0.0772433738	-0.0366662233	0.1211199807	-0.1082719048	-0.3139329471079861	0.0910072291353146	0.0082823157548876	0.0985538952799055	0.1153915488982306	-0.0171075870530899	0.000292669534779	0.0133152095571327	0.3381810177895517	0.0180760383268321	0.0003267431615931	0.114366400793177	-0.0063527648525841	0.0003363317944928	1.1311907598681424e-07	4.035762127222789e-05	0.00046288672418	-0.0001050055223346	1.1026159720762186e-08	2.142641194220914e-07	-0.001222042018782	0.0003880759891415	1.5060297334823118e-07	1.4933866956687862e-06	0.0	0.0	0.0	0.0	0.0	0.0	0.0	0.0	0.0	0.0	0.0	0.0	0.0
875.5501975236197	2.014707530976466	766588.1483836494	4.059046435373287	1377.934868065087	2.677172411669744	7.1672521218055945	1898704.5006295484	856.7083932066316	-0.090345396795783	0.0081622907221874	733949.2709906886	936.411331313318	809.4592162290386	0.8686129999999999	23.197886	0.0554366948936055	0.030022443718226	0.0350984342	0.0316749335	-0.1685136187	-0.0070936665	-0.1000131155	0.0244764884	0.0305815264	-0.0917259736	-0.0242975326	0.0538815404	-0.0581615143	-0.1552979223	0.1125376063	-0.0606215912	0.1659429312	-0.1389929756	-0.0701959181	0.0561646626	0.0066043398	0.0241541067	-0.089264357	0.1898232271	-0.1206231178	-0.0624486863	-0.1011979709	0.0583537608	0.0271446256	-0.0509348479	0.0240627161	-0.1117677796	-0.0010635716	0.0435431215	0.0238964944	0.0708710243	0.1336983613	0.0458104532	-0.0674649035	-0.0253603948	0.0012565436	0.0009060214	-0.0574672094	0.1165034716	-0.0058196109	0.0150704193	-0.1059682355	0.0026097646	0.0072018537	-0.0237392779	0.0599258225	-0.0647070501	-0.0404820561	-0.0053429945	0.0856521962	-0.0326929741	0.0634834832	-0.1373367704	-0.0414593938	-0.0794662381	-0.1266911656	-0.0633342659	-0.0506696523	0.0254166551	0.0113487313	-0.0740631727	0.0138495352	-0.1112185402	0.0066962537	-0.0363751231	-0.0418834107	0.0907411833	-0.0189491023	0.0982592941	-0.1289057889	-0.0255856872	-0.0753857181	0.0698390526	-0.0685890622	-0.1155589087	-0.0363732244	0.0021137069	-0.0905583301	-0.1234626382	-0.0828144518	-0.0662597987	-0.020628322	-0.0298601204	0.0837655622	0.0519451077	0.0294372402	0.1707462761	0.0515106344	0.1194574117	-0.0564889146	-0.0970013184	-0.0302582888	-0.0429704739	0.0887607823	0.0336682867	0.1488932879	0.0123003583	0.1115865949	0.0526522038	0.0103999052	-0.0892460705	0.0960074877	0.0737295385	0.0616775665	0.0301288785	0.051301114	0.0061432493	0.0112920596	-0.0799246852	-0.0301376669	0.1172407796	-0.1150284477	-0.3084960750265964	0.0054368720813897	2.955957802939488e-05	0.0951698283068153	0.1070166114712236	-0.0083749374270069	7.013957690628259e-05	0.0114525551307828	0.3586820230776055	0.0205010052880538	0.0004202912178208	0.1286527936790439	-0.0066767883744111	-0.0003240235218269	1.0499124269717215e-07	4.457950299667121e-05	0.0004642606650728	1.373940892799967e-06	1.8877135769079703e-12	2.1553796513383855e-07	-0.0011249618795587	9.708013922330004e-05	9.424553431615316e-09	1.2655392304602432e-06	0.0	0.0	0.0	0.0	0.0	0.0	0.0	0.0	0.0	0.0	0.0	0.0	0.0
873.9883283958693	-1.5618691277503558	763855.5981722058	2.439435172219657	1379.3568188549878	1.4219507899008477	2.0219440488996447	1902625.2337217515	856.1597037272269	-0.548689479404743	0.3010601448094478	733009.438286293	937.0411737615412	805.1118986631304	0.915973	24.462709	0.1422993613369195	0.0687235498002722	-0.0069586162	-0.049890127	-0.1291352114	0.0133486595	-0.0136637479	-0.0067812134	0.0311294875	-0.0378997943	-0.0502652129	-0.0493807121	-0.1143167349	-0.122834022	0.0476781541	-6.18173e-05	0.0348457348	-0.0601263395	-0.0847055349	0.0616611615	-0.0660055156	0.0043964538	-0.1344639002	0.0220268482	-0.1935001299	0.0637259453	0.0247494045	-0.1743428076	-0.1508154907	0.0256472625	-0.0274687766	0.0033674416	0.0474014445	0.0440208311	0.1202727537	0.0144250866	0.1708603681	0.0443137369	-0.0608825422	0.0060729847	-0.0256763225	0.0166808132	0.0944529734	0.0360733959	-0.0218943658	-0.0375133364	-0.0981123619	-0.0548878457	-0.0388278167	0.0929234277	0.0322849937	0.0669837786	0.0995146564	0.0191620154	0.0227886403	-0.0037764371	0.0586709138	-0.0299784687	0.0069560003	-0.0673000908	-0.1295871697	-0.0047624981	-0.1249817699	0.092034741	0.1121827281	-0.0351893525	-0.1158314258	-0.0717422565	-0.0471543671	-0.1792564831	-0.0736236413	0.0399616588	0.1402652392	-0.1076023407	-0.1046554803	-0.0576147822	-0.0257031326	0.0281289959	0.0572271192	-0.0999290016	0.0602035445	0.0993508237	0.0528557835	0.032549911	-0.0219461804	0.0921632598	-0.054352858	0.0095195101	-0.0080132069	-0.0133371739	0.0029617492	0.1257586635	-0.0333416951	0.1743490602	-0.0931811803	-0.0752685287	0.0178636314	-0.1362130303	0.1617657768	0.0032044271	0.1194342827	0.0361081751	0.0178896988	0.0450545354	-0.0504531754	0.0357359202	0.0585284681	-0.0189284665	-0.014170664	-0.0139898337	-0.0608619714	-0.0082194177	0.1676036958	-0.0825512202	-0.0235265052	0.1126387502	-0.1205247148	-0.3033285443379725	0.0051675306886238	2.670337341786934e-05	0.0920082058101933	0.1210434533832796	0.0140268419120559	0.0001967522940258	0.0146515176069501	0.3135363943823108	-0.0451456286952947	0.0020381277902934	0.0983050706022599	-0.0061312305024778	0.0005455578719332	2.9763339162839026e-07	3.759198747451418e-05	0.0009799305012343	0.0005156698361614	2.6591537992682817e-07	9.60263787249306e-07	-0.0006270023868346	0.0004979594927241	2.47963656394043e-07	3.931319930962854e-07	0.0	0.0	0.0	0.0	0.0	0.0	0.0	0.0	0.0	0.0	0.0	0.0	0.0
874.1750374480197	0.1867090521503769	764181.9960972467	0.0348602701548921	1382.1501460261532	2.793327171165401	7.802676685170904	1910339.0261601163	856.713417849388	0.5537141221610682	0.3065993290806023	733957.88032318	938.790379298278	808.2416847419245	0.875878	23.391916	0.0798744580435364	0.048798562655382	-0.0235601643	-0.0377014004	-0.0934455762	0.0655250216	0.0090511718	-0.0412357964	0.0119836352	-0.032857615	-0.0422627241	-0.0665825104	-0.0560053227	-0.0682909519	0.0585193643	0.0013704867	0.0015545108	-0.1265882992	-0.0403080324	0.0106442225	-0.008486093	-0.0263325821	-0.063898721	0.0149645467	-0.0317834964	0.0095377772	0.0428157047	-0.043226713	0.0235132183	0.0506485767	0.2144694383	0.0085202204	0.1430643691	0.002646781	-0.0130317693	-0.0464507928	-0.0102638957	-0.0666644148	-0.011486155	0.0648312348	-0.0678671414	-0.0872335197	-0.0357694716	0.052016891	-0.0233222159	-0.0171223225	0.0114236534	-0.0894319387	0.06155447	0.0233142649	0.3170188943	-0.0075691599	0.0848311407	0.0211802015	-0.0058764179	0.0108142834	0.0422351424	-0.0557154756	0.0083847266	-0.0100371857	-0.1197988843	0.0872038881	-0.1414999343	0.008324388	0.0795621228	-0.0223606752	-0.1068923219	-0.0262999314	0.0399991776	-0.1431692952	-0.0229660452	-0.0177450465	0.1286574231	-0.0450237302	0.0863602284	-0.0567734242	0.0469224279	0.0889741515	0.0568927526	0.125727078	-0.1150328353	0.1265478425	0.0474301453	-0.0850754055	-0.0130074538	0.0154946036	0.0438173298	0.0042272031	0.0339215058	-0.0351079187	0.0150352723	0.1526237785	-0.0131195093	0.0812875218	-0.1097027268	-0.0536499803	-0.0124431225	-0.0640200734	0.0141826315	-0.0044873202	0.0012750481	0.0620345161	-0.0722715954	0.0199366976	-0.0952051759	0.0916758593	0.0142241566	0.006672191	-0.0219769411	0.0267219858	0.0453622044	-0.0914240598	0.1619441172	-0.0851211787	-0.016850859	0.1073422654	-0.124700488	-0.3078235476576765	-0.0044950033197039	2.0205054844149828e-05	0.0947553364925578	0.1034609282151706	-0.017582525168109	0.0003091451912871	0.0107041636671446	0.3013913379845974	-0.0121450563977134	0.0001475023949036	0.0908367386121458	-0.0061040248898991	2.7205612578700203e-05	7.401453557823306e-10	3.7259119856507725e-05	0.0018067525025531	0.0008268220013188	6.83634621864826e-07	3.2643546054818898e-06	-0.0005679925375719	5.900984926270005e-05	3.482162310006581e-09	3.226155227373663e-07	0.0	0.0	0.0	0.0	0.0	0.0	0.0	0.0	0.0	0.0	0.0	0.0	0.0
873.0643372251884	-1.1107002228312697	762241.3369344575	1.2336549849974316	1380.6602897758598	-1.4898562502933146	2.2196716465380555	1906222.8357639613	856.2021959817301	-0.5112218676578095	0.2613477979715389	733082.200403937	938.573637492916	804.4635833384459	0.86631	23.136379	0.13750151465189	0.0654442046517198	-0.0451628562	-0.0441290849	-0.0236974883	0.0275886981	0.0589516384	-0.0549823266	-0.0536852387	0.0351919031	0.0200417322	0.0714237545	0.001506222	0.0249784301	-0.1088165363	0.0248476862	-0.0349818153	-0.0061394287	-0.0900933256	0.0599128301	-0.1125666367	-0.0685800449	-0.1747589192	-0.0016654098	-0.0124660237	-0.0767755564	0.0101291331	0.0897829948	0.0434329641	-0.0627244111	-0.0136445204	0.0936233456	-0.1241951977	-0.0410114737	-0.1929025784	0.1268232948	0.0236208853	0.0149021959	0.0230620086	0.0356342347	0.0697053885	-0.1038440747	-0.0662673555	0.0746397029	-0.0558382934	0.0593750871	-0.1458864151	0.1148749234	-0.1631592814	-0.2775460682	0.061351546	0.1161433356	-0.041875808	0.0029939987	-0.0540936332	0.0338517629	-0.0166559036	-0.0021750843	0.0145356519	-0.060253969	-0.0284686494	0.0924808657	-0.1730058005	-0.0668513789	0.0561085955	0.0448262788	0.0790351904	-0.0026905463	0.0049738678	0.0557234583	0.0208812109	0.074968905	-0.0909909685	-0.0034852434	0.0152203097	0.0145640579	-0.0655228519	0.0933589004	-0.1309292708	0.0892831399	-0.1297803507	-0.0703017183	0.0395272283	-0.1690730614	-0.0978171601	0.0215364396	-0.1162583514	0.0069651533	0.0043560991	-0.0399800564	-0.0177104617	0.0739296683	-0.0044970367	0.1252223144	-0.0956392328	-0.0178617016	0.0022252194	-0.0331548224	0.0693717427	-0.0712160566	-0.0007936063	0.04483417	-0.0860322065	0.0539856041	-0.0946101687	0.1040739789	-0.0489039875	-0.0826257588	-0.0528377673	0.0370322485	0.0157763636	-0.0192947666	0.1407247564	-0.0876327994	-0.0101290257	0.1013839798	-0.1275100165	-0.2877585053031026	0.0200650423545739	0.0004026059246908	0.0828049573742757	0.0902454035075948	-0.0132155247075757	0.0001746500932965	0.0081442328542486	0.289341350679507	-0.0120499873050903	0.0001452021940528	0.0837184172130414	-0.0070127419602034	-0.0009087170703042	8.257667138624293e-07	4.917854980039742e-05	0.0014430122532711	-0.000363740249282	1.323069689477315e-07	2.0822843630905373e-06	-0.0011389544236786	-0.0005709618861067	3.259974753865202e-07	1.2972171792170518e-06	0.0	0.0	0.0	0.0	0.0	0.0	0.0	0.0	0.0	0.0	0.0	0.0	0.0
871.2903590229561	-1.7739782022323425	759146.8897263517	3.146998661995494	1382.342183064412	1.6818932885521465	2.828765034076753	1910869.9110792845	854.4755888463242	-1.7266071354059704	2.9811722000348118	730128.5319342724	938.0374331588852	798.4136406782378	0.963722	25.73793	0.2278991094120845	0.1234081524911366	-0.0014668926	-0.0131846026	-0.0271901819	0.0794713731	0.0328466546	-0.0227568354	-0.0079594733	-0.1295416719	0.0630842636	-0.0316614933	0.0311914076	0.1000359232	-0.0427312818	-0.0140354911	0.0153511558	-0.0665998118	0.050902921	0.0202574426	0.0217841459	-0.0275626814	-0.1053158149	0.045368174	-0.0112650691	0.1234411183	0.0043528905	0.0040763178	0.0468254997	0.2017529051	-0.0828239735	0.0596548548	0.0567206931	0.0920779411	0.0106928276	0.0378297002	0.1112093792	-0.0727456745	-0.0831377852	-0.0633442973	0.0030353441	0.0031787325	-0.0020136654	0.0439230393	0.0794524353	0.0973098794	0.1509517345	-0.1468165537	-0.0390765511	0.0311699727	-0.0731650204	0.0315440551	0.0201961411	-0.0046257991	-0.0054063169	0.0225966485	0.0236578841	0.0007033466	0.0388628634	0.0658350894	-0.0887700456	0.0105181016	0.0215875269	0.0262655617	0.1546641222	0.0834334324	0.1106504192	0.0384794743	-0.0877278593	-0.1320963587	0.1281108142	-0.0915563573	-0.0085176675	0.1053439092	-0.0398579171	0.0572487459	0.0252749701	0.0924091002	0.0017146613	0.0925903665	-0.0056737324	0.1134398089	-0.0292710676	-0.0376683505	0.1584172909	0.1188100565	0.0317659484	0.0552430323	-0.0403506974	0.0109832597	-0.020491093	0.1023757259	-0.02214245	0.0680807377	-0.0529388638	-0.0213809452	-0.0072807535	-0.042371339	0.0090470431	0.1084056128	0.0329481282	0.049575523	-0.010307198	0.0390139748	-0.0434526632	0.1232280932	-0.10049266	-0.1150852097	-0.0130761121	0.0698581666	0.0874138002	0.1112730948	-0.1527395467	-0.090084361	-0.0033794295	0.0948006283	-0.1289225186	-0.2902157840989332	-0.0024572787958306	6.038219080438835e-06	0.0842252013401586	0.1293651373503905	0.0391197338427957	0.0015303535759311	0.0167353387616854	0.3966565986779002	0.1073152479983932	0.0115165624529566	0.1573364572747208	-0.0074077080768353	-0.0003949661166319	1.5599823328728397e-07	5.487413895161094e-05	0.0022578777309085	0.0008148654776374	6.640057466452281e-07	5.098011847732517e-06	-0.0007686490424466	0.000370305381232	1.3712607536937684e-07	5.908213504540751e-07	0.0	0.0	0.0	0.0	0.0	0.0	0.0	0.0	0.0	0.0	0.0	0.0	0.0
869.6247289846436	-1.665630038312429	756247.1692616149	2.774323424528664	1378.792026050098	-3.5501570143139816	12.603614826282763	1901067.451099334	854.9825894082288	0.5070005619046469	0.2570495697716277	730995.2281912	936.2343269596108	778.8394353229147	0.937951	25.049667	0.2176286808090373	0.1034416970244298	0.0764386197	0.0435020771	0.0046895457	0.1053166623	-0.0138000937	0.0612912987	0.0600704253	-0.0443329907	0.0717700763	-0.0575810253	-0.0855580916	0.0731849437	0.054170782	-0.0425195288	0.0349202638	-0.0010896972	-0.011288863	-0.0123460742	0.0461507133	-0.1088358675	-0.0437614027	-0.0739148155	-0.0891859838	-0.0042110706	0.0477084412	-0.0950913994	0.1358079638	-0.0641549943	-0.1161629173	0.0131312703	-0.0115798296	0.0410360136	0.1006152338	-0.050461068	-0.0729381827	0.0830245055	0.1524454909	-0.1134930095	0.0321114807	0.0207984553	-0.0675416595	0.0185697837	0.0717392957	-0.0774249188	0.1677396721	-0.0745721154	-0.044598199	0.033368662	0.1246480596	-0.1600467467	0.0231269267	0.0312629221	0.0626301769	-0.0415389222	9.66317e-05	0.028446743	0.0905023861	0.0117543486	-0.036078895	-0.0604392502	-0.008133192	-0.0293593698	0.1001696727	0.1773496417	0.0836441288	0.044593179	0.0303028254	-0.0452271927	0.0709625982	0.0730811327	0.0783628018	0.0427859098	0.0218095345	0.0243199321	-0.0025667149	-0.05402014	-0.0564738133	-0.0134681979	-0.017260087	-0.1081466395	-0.0310493996	0.0962976679	-0.0550474475	0.0734538786	-0.1088827292	-0.0043907437	0.1370675382	0.062354905	-0.0129248886	0.0443167161	-0.0550000697	0.0210280026	-0.1011095544	0.0438301174	-0.0445314219	0.1324443428	-0.1593960275	0.2560766051	-0.0061428814	-0.0327793577	0.0201111085	-0.0586916057	-0.0712623585	0.0699628357	-0.0354337434	0.0373661489	0.0172424657	-0.1183272772	-0.1007174294	0.0381854627	-0.0260827989	-0.0924741833	0.0033794295	0.0876327994	-0.1289225186	-0.3082226889962953	-0.018006904897362	0.0003242486239826	0.0950012260121069	0.0822326731200746	-0.0471324642303159	0.002221469184422	0.006762212528473	0.4679056435078195	0.0712490448299192	0.0050764263891758	0.2189356912264666	-0.0079263533384177	-0.0005186452615824	2.689929073618767e-07	6.282707724544543e-05	0.0017760511645872	-0.0004818265663213	2.3215684001297417e-07	3.154357739231549e-06	-0.0013929825515717	-0.0006243335091251	3.897923306164614e-07	1.940400388983204e-06	0.0	0.0	0.0	0.0	0.0	0.0	0.0	0.0	0.0	0.0	0.0	0.0	0.0
869.4476235074425	-0.1771054772011666	755939.1700227394	0.0313663500546529	1378.955600543781	0.1635744936829724	0.0267566149836407	1901518.5482710595	854.8327450905066	-0.149844317722227	0.0224533195536397	730739.022078971	938.1143949044184	791.0175545129133	0.905324	24.178303	0.0955893405776844	0.0739627579083485	-0.0106818784	0.0302618878	0.0225863942	0.053894668	0.0935167818	0.0774645728	-0.0423132297	-0.039919762	-0.136099527	-0.0280605942	-0.0001085023	0.0188615965	0.0803790557	-0.0002018976	0.0092957615	-0.0566021948	0.0644719229	0.0413211645	0.0514261912	0.0312824803	-0.0586537556	-0.0055048066	0.0274837521	0.1481107398	0.0202120658	-0.0916762996	-0.0989281598	0.1543658798	0.0952709924	-0.0219190954	-0.0819101978	0.0376771194	0.0316870421	0.0127918466	-0.1729200162	0.0722160578	0.0801960364	0.0089831957	0.0586603408	0.0100074824	-0.0610016426	-8.4687e-05	-0.0159628429	-0.0404899522	-0.0521715017	0.0873380174	-0.1254238512	0.122919723	0.0806152434	0.0603769527	-0.0029795548	0.0774581751	-0.0292621517	0.0219069993	-0.0929549477	-0.008419637	-0.003144714	-0.0253662609	-0.1109002867	-0.0213085221	-0.0040283047	0.0828612462	0.0262511446	-0.0071709116	0.0678178906	0.0619481245	-0.0296625836	-0.1023638617	-0.1245889466	0.0302964414	0.0128779391	-0.075797171	-0.0583466834	0.0778196585	0.0069972996	0.0027637598	0.1108525928	-0.0451765075	0.0112749698	0.0463248867	-0.0876948083	0.1553111131	0.0667682958	-0.080052621	0.1206377757	-0.0264048718	0.0779361447	0.000785082	-0.0367061018	0.0574280319	-0.0034072359	0.0050654521	-0.0715325492	0.0570416829	0.0088244679	0.0983048077	-0.1264705187	0.1028294476	0.013835311	-0.0857963623	-0.0383744295	0.0144371401	0.0158391021	-0.0375198117	0.0817511444	-0.0359238954	0.1001363814	0.0042885397	-0.111252594	0.0764909442	0.0673468639	-0.0948006283	0.0101290257	0.0799246852	-0.1275100165	-0.2909526937510662	0.017269995245229	0.0002982527357702	0.0846534700010017	0.0823951080597851	0.0001624349397105	2.6385109638755985e-08	0.0067889538321836	0.3964687563222497	-0.0714368871855697	0.0051032288507638	0.1571874747397114	-0.0079259735346646	3.7980375310053837e-07	1.4425089086925466e-13	6.282105647220365e-05	0.0017750242694369	-1.02689515030013e-06	1.0545136497099264e-12	3.15071115709e-06	-0.0012599887863316	0.0001329937652401	1.768734159273886e-08	1.5875717416813782e-06	0.0	0.0	0.0	0.0	0.0	0.0	0.0	0.0	0.0	0.0	0.0	0.0	0.0
867.501338741177	-1.9462847662654208	752558.5727177344	3.788024391396845	1379.9717305959523	1.01613005217132	1.03252028292569	1904321.977243988	853.9998882108765	-0.8328568796300715	0.6936505819471394	729315.8090641896	936.7820068733118	785.4855568260726	0.81269	21.704353	0.0335994402801605	0.0183364440036206	0.0098394675	0.0326996924	0.0715560707	0.1031841014	0.0538041542	0.0395133756	0.0101262614	0.0559612525	-0.0260657593	-0.0289955357	-0.0308445239	0.0413111949	0.0944308832	0.0370491378	-0.0491076304	0.0754085187	0.1239939105	0.0372609047	-0.0453503438	-0.0756506832	0.0064365336	-0.0954074717	-0.105962105	0.0680158266	-0.0039167303	0.0426925997	-0.0315907386	0.0114794317	-0.0013937433	0.0581987087	-0.0650973863	-0.0501082735	-0.0103491208	-0.1767217194	0.0923463408	-0.058259072	-0.0358125028	-0.0323746569	-0.0099099844	0.0808025851	0.0521488532	-0.0237582223	0.0908503881	0.0499347616	-0.0812063747	0.1531048716	0.0271822458	0.0690513317	-0.0623649558	0.0706540598	0.1504209127	0.0705995238	-0.0366574554	-0.0001370241	-0.0385464723	0.0482304257	-0.057207505	-0.0308585341	-0.0463611957	0.0944498318	0.0702224632	-0.0229110689	-0.0008005429	0.1103816116	-0.0460172627	-0.0416161933	-0.0001655143	-0.0737006365	0.0092054913	0.0522612732	-0.0541115033	-0.1890899239	0.0127296478	0.0297275828	0.0435573566	0.0495978034	-0.0123968843	-0.0194715705	0.052336737	-0.0122422476	-0.1208346524	0.0807101014	0.0152882057	-0.0907888812	-0.0267617884	0.0863759996	-0.0596907112	-0.0177869571	-0.0619516737	0.0266068949	-0.0319753662	0.021482538	-0.0916140152	0.1377844088	-0.0184620792	0.131970177	-0.1775185917	0.135183079	-0.0200553564	-0.1224333881	-0.0573822035	-0.0354095034	-0.1004035512	0.0106179912	0.0891886315	-0.0571219263	0.0021553373	-0.1035464446	-0.1049175511	0.044426682	0.0174896068	-0.0970621018	0.016850859	0.0717238087	-0.124700488	-0.2890986907873412	0.001854002963725	3.4373269895011204e-06	0.0835780530149547	0.0821456283529755	-0.0002494797068096	6.224012410980785e-08	0.0067479042575051	0.3830889350799538	-0.0133798212422959	0.0001790196164757	0.146757132180693	-0.0079339192279632	-7.945693298599607e-06	6.31340419954107e-11	6.294707431584417e-05	0.0016127893732222	-0.0001622348962146	2.6320161549794457e-08	2.601089562378457e-06	-0.0014521309241649	-0.0001921421378333	3.6918601131150885e-08	2.1086842209160066e-06	0.0	0.0	0.0	0.0	0.0	0.0	0.0	0.0	0.0	0.0	0.0	0.0	0.0
867.0041271087711	-0.4972116324059925	751696.1564236421	0.2472194073998318	1375.5291273328994	-4.442603263052888	19.736723752888167	1892080.380141208	853.4294329778817	-0.5704552329948456	0.3254191728512035	728341.7970729487	934.9439332362788	780.0865082790197	0.8750019999999998	23.368498	0.0464840205462044	0.0213785476603432	-0.0153229979	0.0287156011	0.0716257143	0.1582455144	0.034436336	0.0254738441	0.0474845598	0.1121071829	0.0849100461	0.0057695796	-0.0346812928	0.023313762	0.1159889825	0.0196876318	0.0484603807	-0.0405056691	0.2150499546	0.050161523	-0.0794407956	0.0653776522	-0.1216737909	-0.1482423202	0.022625445	-0.056126368	-0.0079552294	0.1556144567	-0.1688739143	-0.0169506662	-0.0363231014	0.033263763	-0.0221512309	0.0825446186	-0.0333852691	-0.0747520849	0.0935323196	0.1669181168	-0.0626042096	0.0635751675	0.1148790077	-0.0522524408	0.1098498189	0.0021116879	0.1942785438	0.0736811984	-0.0634672553	0.0805895153	-0.0472833109	0.021565689	0.0116269276	-0.1612994092	0.1036537678	0.10287918	-0.0087960389	-0.0750276783	-0.0410128902	-0.0379494607	-0.0622091603	-0.0758857269	-0.0688334739	0.2363896962	0.0458515556	0.0077267643	-0.1190397604	0.070459397	-0.0003864172	0.0863764375	0.0690755385	-0.0390475509	0.058436752	-0.0757659245	0.090151577	-0.0024574919	-0.0108250683	0.0545287728	-0.0759179281	-0.0327101092	-0.161662592	-0.0769466367	-0.0021634817	-0.0372511302	-0.1147390396	0.1899438542	0.0398596882	-0.0271075901	-0.0848301376	-0.0807318295	-0.1048045081	-0.0365442965	-0.0722086294	0.0567568125	-0.0262642757	-0.0204338073	-0.0594404595	0.1540350563	-0.0051257797	0.1406422479	-0.1782036354	0.108212264	-0.0602007451	-0.0396716057	-0.0624303459	0.0196051276	-0.0077262889	0.0283310668	-0.0506544725	-0.0332336287	0.0242985351	-0.0503929505	-0.0053875824	0.0468582631	0.0099390878	-0.0992570537	0.0235265052	0.063080731	-0.1205247148	-0.2793045884312874	0.0097941023560537	9.592444096085798e-05	0.0780110531187708	0.0749447731781458	-0.0072008551748296	5.185231524887165e-05	0.0056167190267237	0.3899023265992198	0.006813391519266	4.642230399480614e-05	0.1520238242874846	-0.0077390773321704	0.0001948418957927	3.7963364356132174e-08	5.989331795331372e-05	0.0013717072762591	-0.000241082096963	5.8120577476125547e-08	1.8815808517421588e-06	-0.0014697203613301	-1.758943716520002e-05	3.0938829978851973e-10	2.16007794050828e-06	0.0	0.0	0.0	0.0	0.0	0.0	0.0	0.0	0.0	0.0	0.0	0.0	0.0
870.8211505706489	3.817023461877852	758329.4762811888	14.569668108525985	1377.0086319840348	1.4795046511353576	2.1889340127311563	1896152.772558543	854.9861666100281	1.5567336321464609	2.4234196014559126	731001.3450945108	935.882904333042	780.2155934936642	0.896687	23.947641	0.0698062956928203	0.0359436690851187	0.0178042613	0.0469937125	0.0676215902	0.1446475375	0.0321050176	0.0435601018	0.0486965017	0.1003023964	0.0948471875	0.0660141426	-0.0510557319	-0.0281987783	0.0276729441	0.0428726925	0.0446549753	0.0552451354	0.0921344227	-0.0186096854	0.0207656825	0.018895097	-0.0798769928	-0.0048807385	0.0097781849	-0.0448080257	-0.0912232833	0.0092269015	0.0024453187	-0.125978235	0.1469732773	0.090079384	-0.1094739517	-0.0282056541	0.0672409351	0.078451497	0.0810955012	-0.0059553301	0.1412009427	0.0228491532	-0.1094486611	0.0978182393	0.046728907	0.0222631009	0.0193178197	-0.0196584518	0.0412490492	0.1154080558	-0.0079452441	-0.0328852155	0.155521352	0.030030325	0.0408297182	0.092574835	-0.014145564	-0.0900376319	-0.0421660405	0.000418051	0.0308325122	-0.1045291778	-0.0122245982	0.1481572953	0.00694338	-0.0226882289	-0.0164119162	-0.0002431428	0.0733041145	0.0494738736	0.0221262397	-0.05337342	-0.1183423895	0.0489555762	-0.0491948074	-0.0616854821	-0.0126536647	-0.0149522645	0.1401905077	-0.1538808531	-0.0897588117	0.0594836775	-0.0399870567	-0.1130291719	-0.06642811	-0.0567044611	-0.0498230661	-0.0802259828	-0.0498123417	0.1491856651	0.0153834655	-0.0114224534	-0.0876789163	0.0235654069	-0.0372461315	0.0121996385	-0.1138945067	0.1770259375	-0.0573570918	0.1161692278	-0.1399102691	0.2116695752	-0.0786803584	-0.1140798941	-0.0666775046	-0.0144693066	-0.0486051684	0.0933181764	-0.0090776952	0.0640949865	-0.080983953	-0.1605277312	-0.0233969532	0.0237671375	0.0088821783	-0.1013839798	0.0301376669	0.0540487397	-0.1150284477	-0.2894781880934545	-0.010173599662167	0.000103502130086	0.0837976213818694	0.0884601789786785	0.0135154058005327	0.000182666193953	0.0078252032649398	0.4103476219453554	0.0204452953461355	0.0004180101017907	0.1683851708362083	-0.0077832275730141	-4.415024084369976e-05	1.9492437665566947e-09	6.057863145332696e-05	0.0018278044828565	0.0004560972065973	2.080246618659513e-07	3.340869227550317e-06	-0.0014829128115687	-1.3192450238599851e-05	1.7404074329793332e-10	2.1990304067145862e-06	0.0	0.0	0.0	0.0	0.0	0.0	0.0	0.0	0.0	0.0	0.0	0.0	0.0
872.1953864324609	1.3742358618119397	760724.7921140697	1.8885242038900043	1381.265637097058	4.257005113023297	18.122092532306493	1907894.7602251417	857.0854581959833	2.099291585955143	4.40702516286206	734595.4826510187	939.2846686012386	807.6946874331934	1.194791	31.909044	0.2794407515531101	0.1733545121382358	-0.1329390544	-0.0093654783	-0.0114616573	0.0985082274	0.1480588345	-0.0161749673	-0.0597570064	-0.13643057	-0.0356616534	0.1237364795	0.0053457471	-0.0239840899	-0.0764639444	0.1449004767	-0.0191767151	-0.0756853031	-0.0196194476	-0.1653379906	-0.0448088219	0.0397740603	-0.0501001727	0.1435859841	-0.0384192048	-0.2984598675	-0.2551918913	-0.0682128268	0.2291356578	-0.0287007627	-0.0652111934	-0.0045235566	-0.0370075905	-0.139274381	-0.0452868046	-0.1711723361	0.0292926081	0.1228609241	-0.0962655619	0.0138502496	0.056525001	0.1406834494	-0.0068632255	-0.1737515984	0.0010318138	-0.0081370953	0.0205397891	-0.0249768647	0.0868513908	-0.1652391903	-0.0022383772	-0.2221367004	-0.0756960244	0.1272701953	-0.1257577754	-0.0275087753	-0.082650608	-0.1053924792	0.1320955488	0.0165510235	0.0073531043	-0.0546062384	-0.2158862236	-0.0871427161	-0.0484876974	-0.0426492418	-0.0976216115	-0.0541554091	0.061387228	0.01778643	0.3757451851	-0.0675070904	-0.1026205193	0.1106832211	-0.0072197126	0.0609438773	0.0302927664	-0.0797790873	-0.035976337	-0.1604166993	0.055553427	-0.1474377467	-0.2118579487	-0.0203400458	-0.0505283819	-0.031167737	-0.1145299241	-0.2245128905	0.0788516547	-0.1845818505	-0.0765430211	0.0951508687	-0.0604736964	-0.1623782927	-0.075732109	-0.0135824657	0.198336574	0.0457568066	-0.2230799684	0.0043778032	-0.2315166981	0.0594811115	-0.1312978161	0.2045789681	0.3317782507	-0.2391102067	-0.1678189381	-0.0715909796	0.3232110968	0.1790446201	0.0191461812	0.0039519314	0.0183801166	-0.1034414224	0.0366662233	0.0446835199	-0.1082719048	-0.2783162786668924	0.011161909426562	0.0001245882220467	0.0774599509709873	0.0985849835388421	0.0101248045601635	0.0001025116673815	0.0097189989793537	0.251799892180621	-0.1585477297647344	0.0251373826135512	0.0634031857021723	-0.0070274844996121	0.000755743073402	5.711475929951013e-07	4.938553839228832e-05	0.0024631325595148	0.0006353280766583	4.0364176499033517e-07	6.06702200574193e-06	-0.000881857805596	0.0006010550059727	3.612671202048424e-07	7.776731892905925e-07	0.0	0.0	0.0	0.0	0.0	0.0	0.0	0.0	0.0	0.0	0.0	0.0	0.0
874.6217525276111	2.426366095150229	764963.2099944698	5.88725242769457	1379.9942932128906	-1.271343884167436	1.616315271809943	1904384.2493001453	857.7049637028891	0.6195055069058526	0.3837870730866773	735657.8047605744	940.3723943191936	810.5351187626933	1.07289	28.653467	0.3027780958328001	0.149632592311851	-0.1773938779	-0.1246380837	-0.0385324591	0.1724764838	0.1826493931	-0.0972960939	-0.0934968735	0.041959304	0.0833815678	0.2134179017	-0.0394737672	-0.0282101487	-0.0295108983	0.2299545126	-0.0011352158	-0.0923805842	-0.0125696158	-0.0761251614	0.238414454	0.1635179095	-0.1103566073	-0.1844105075	0.0234433807	-0.0524974979	0.0320634081	-0.0082555733	0.1231162926	0.1065775079	-0.0110457611	0.1439666859	0.1001834577	0.0178978063	0.0519251016	0.0397589279	-0.0404594449	-0.1343898359	0.0247042272	-0.0703825172	-0.1404818517	-0.1818136187	0.0823815843	-0.0628183035	-0.0930542151	0.0539697109	0.040364429	-0.1184436484	-0.0969198934	0.0023824028	-0.1804666749	-0.0516807851	-0.1485324078	-0.0243600775	-0.2106002768	-0.0326131154	-0.0754077507	-0.1211261478	0.1648076786	-0.1914859212	0.0581865884	-0.0576917157	-0.0660389506	-0.0125084793	-0.008483713	0.0792091578	0.036503065	0.1111508837	-0.0735030179	0.0420653396	0.1524848294	-0.2252118292	0.0443904295	0.0391280894	0.12909626	-0.1427092972	0.0825827389	0.0100849677	-0.0131501514	0.099351005	0.0827396965	0.1680822997	0.1662569033	-0.039223596	0.0781195947	0.1349752644	0.1134089347	-0.0587834641	0.0484677253	-0.2879268501	-0.0854703629	0.1206426326	-0.0713370906	-0.0216787879	-0.1229548912	0.1278954443	0.2048636984	-0.0920826327	0.1277006462	-0.1691661385	-0.048492712	0.0705058509	0.0522023339	-0.0026117659	0.2108451384	0.060358096	-0.1364605015	0.071073578	0.0023137233	-0.0019899445	-0.1997016967	-0.2096877349	-0.0108465155	-0.1054279714	0.0430942802	0.0350428114	-0.1003291122	-0.2215229754049659	0.0567933032619265	0.0032254792954011	0.0490724286322691	0.0879510058799155	-0.0106339776589265	0.0001130814808505	0.0077353794352889	0.1743693452405139	-0.077430546940107	0.0059954895994441	0.0304046685596055	-0.0051197346647227	0.0019077498348893	3.6395094325205297e-06	2.621168303716326e-05	0.0017663548899928	-0.000696777669522	4.854991207445096e-07	3.120009597401477e-06	-0.0003279799505706	0.0005538778550254	3.067806782875381e-07	1.0757084797629321e-07	0.0	0.0	0.0	0.0	0.0	0.0	0.0	0.0	0.0	0.0	0.0	0.0	0.0
875.243964164505	0.6222116368938941	766051.9968063972	0.3871473210861791	1381.3138379162854	1.3195447033947405	1.7411982242571131	1908027.918819018	857.368923792216	-0.3360399106730938	0.1129228215651808	735081.4714846228	938.169046654434	807.3766256144627	1.191705	31.826626	0.1811291274211016	0.1070415635911537	-0.1541149491	0.0133385954	-0.035909673	0.0471568281	0.139396843	-0.0678233007	0.0063266251	0.0060125165	0.145633941	0.1980967854	-0.019552631	-0.1578052764	0.0472347849	0.2399823699	0.0806069311	-0.0602991756	-0.0300155184	0.0009702628	0.1704117318	-0.0450245809	-0.0528192757	0.0777376908	0.007042457	0.0727450167	-0.1277539954	-0.0399795794	0.104489617	0.0876863256	-0.0118111986	-0.0082504589	0.0236667695	-0.1367346099	-0.0366383805	0.1818719108	-0.0038289123	-0.1025543311	-0.0246874535	0.1860564846	0.049453219	-0.0100078458	0.0032011523	0.0508765672	-0.0141057501	-0.0565054609	-0.0767600625	0.0692657472	0.1405651806	0.1205364181	0.0471462249	0.1933112448	-0.032586074	-0.0147245743	-0.1675947397	-0.1557319765	0.0192425827	-0.1393034808	0.0571668559	-0.1627978053	0.0705651525	0.0327820412	0.0517609151	0.095624586	0.1246193478	-0.0835347959	-0.0562580123	-0.0435463966	0.0164875276	-0.0310133285	0.0457973581	-0.0223299589	-0.1505282889	0.0714297253	-0.0700614935	0.0963953281	-0.0329413682	-0.0236310425	0.1065590099	0.0665437521	-0.0479370043	0.0937316545	0.1841687149	-0.0752365687	0.1730428748	-0.032426045	0.057188358	0.0755070794	-0.0810228951	-0.1869278077	-0.1592711556	0.0666348023	-0.0008377436	0.0697949324	-0.1206818823	0.0769238639	0.0686826444	-0.1033669514	0.2094796472	-0.0819378338	-0.035315542	-0.1298279099	-0.0489135638	-0.1021329915	0.0675162126	0.0163743178	-0.0100249922	0.0544478982	-0.2425632905	-0.0962503762	0.1330754836	-0.1104489506	-0.0702997705	-0.1073422654	0.0494042187	0.0251860523	-0.0912870929	-0.2188119984626269	0.002710976942339	7.349395981893802e-06	0.0478786906712086	0.0552533359178539	-0.0326976699620616	0.0010691376209479	0.0030529311300512	0.228797482137665	0.054428136897151	0.002962422086095	0.0523482878325351	-0.0065829483317217	-0.001463213666999	2.1409942352926603e-06	4.333520873811752e-05	0.0017692839800593	2.9290900664998704e-06	8.579568617668215e-12	3.130365802094477e-06	-0.0006876840658961	-0.0003597041153255	1.2938705058210064e-07	4.729093744873916e-07	0.0	0.0	0.0	0.0	0.0	0.0	0.0	0.0	0.0	0.0	0.0	0.0	0.0
872.0422684160847	-3.2016957484203203	760457.7179042706	10.250855665452756	1383.7142498027813	2.400411886495931	5.761977224830954	1914665.125107274	854.7749451486028	-2.593978643613241	6.728725203521589	730640.206853797	937.2548663246704	804.0831953676253	1.389673	37.113728	0.7533618212144962	0.4539689038723628	-0.0724951939	0.1433301371	0.094217768	-0.1764810814	0.1096962486	0.0858256056	0.0507034655	0.0134592941	0.0422997616	-0.1803389099	0.058863692	-0.0738593007	-0.0127086857	0.062204754	-0.0325185243	0.1106756777	0.0313594597	0.0308669698	-0.0811741872	0.0594515054	-0.0463029232	-0.051969453	0.0218484932	0.1794504233	0.0947719954	-0.002056671	0.1727243658	0.0658973624	0.0612883824	-0.1379808196	0.0006029287	-0.1731384867	0.0056656489	-0.0588165434	-0.0020696006	-0.0312369193	-0.0412673068	0.1808712697	-0.0232908253	0.0774263738	-0.0698851514	0.0876954265	0.0789694732	-0.2848024265	0.1603004375	0.0217577518	0.008822248	-0.0570379194	-0.0376014089	0.1040679487	-0.2064309789	0.0231048332	-0.0254943682	-0.0743117406	-0.1173233599	0.1027786462	-0.0976952566	0.0525513915	0.0766396617	0.0656036819	-0.1074772387	0.2065863478	0.1033691865	0.0597903521	0.0300796913	-0.09198392	-0.0606744718	-0.0313267623	0.0611388072	0.0348302261	0.0162453579	-0.0767425457	0.2154474906	0.1642694211	-0.0393927518	-0.1609304685	0.1405752061	0.1567116581	0.0135361037	0.0743685782	0.093935576	0.1073414341	0.0613477102	-0.0027285994	-0.035903914	0.0952517958	0.1152001928	0.0321052128	-0.12426062	-0.1354626416	0.0778184641	0.0073174543	-0.0027927355	-0.0439402567	0.1043458045	0.1038199615	0.0414562263	-0.2167991308	-0.0298198043	0.0348763957	-0.0283418904	0.0260730737	-0.0500639209	0.0723721446	-0.094253248	-0.1955561814	-0.0032752637	-0.012409255	0.2169325878	0.082482179	-0.0384688022	-0.1091829923	0.0555787436	0.0151740128	-0.0812449131	-0.2469799910644781	-0.0281679926018512	0.0007934358072179	0.0609991159862096	-0.0003951502966828	-0.0556484862145367	0.0030967540179694	1.561437569685049e-07	0.5502419285783233	0.3214444464406583	0.1033265321475412	0.3027661799655927	-0.0119067432342488	-0.0053237949025271	2.834279216417353e-05	0.0001417705344463	0.0017922756233799	2.299164332060012e-05	5.286156625816958e-10	3.212251910161809e-06	-0.0023029154391974	-0.0016152313733012	2.608972389296803e-06	5.3034195200937526e-06	0.0	0.0	0.0	0.0	0.0	0.0	0.0	0.0	0.0	1.0	0.0	0.0	0.0
870.9716454531125	-1.070622962972152	758591.6071833023	1.14623352884327	1377.4944661916554	-6.219783611125877	38.68570816923005	1897491.0043886336	854.6458306669111	-0.1291144816916585	0.0166705493825056	730419.4958763345	934.5166214643308	777.9441811927242	1.08957	29.098928	0.2333499081273324	0.1149385853257683	0.0891596515	0.1368036518	0.0720182517	-0.0464954835	0.0009759421	0.0905690294	0.0927982136	0.0065288667	0.1137229692	-0.0284787529	0.1054958928	-0.0265628882	-0.1098396017	0.0210049793	0.0571294576	0.135148768	-0.0034717695	-0.0274440601	-0.1044724036	0.0239258976	0.0472219406	-0.1125264039	0.0291477531	0.0545181515	0.0155669298	0.089011103	0.1343250264	-0.0324504829	-0.0917058965	-0.1809276979	0.0593653933	-0.0579410196	0.1354716781	0.127558692	-0.102619149	0.0352748794	0.0297239332	-0.1041966174	0.0014355886	-0.0500348719	0.051234921	-0.0574961422	0.028376015	0.0416488509	-0.1503845262	-0.1291710333	0.0059385365	0.0591855075	0.033006652	0.0399946325	-0.0162102834	-0.1923397842	0.0733896552	-0.1286154702	-0.0909291808	0.0436028938	-0.0761298353	0.0283434127	0.1752027928	-0.0478185048	-0.0211582073	0.082429629	0.0830622676	0.1560830427	0.0107970221	-0.0585232446	0.0051020675	0.1044588615	-0.0061963695	0.0738505057	-0.0343358473	0.1395425149	0.0181285648	0.0607391766	0.0113106697	-0.0136950369	0.115788536	-0.056904614	-0.074220209	0.0358175404	0.0265234549	-0.0696915144	-0.053316111	0.1019210287	0.1253185308	-0.0593645304	-0.0426626047	0.1095785453	-0.0828362033	-0.0929954669	0.0500288666	-0.0396371576	-0.070775113	-0.0135072531	0.015734036	0.0082646217	0.1161332902	-0.0238566465	0.0014595959	0.0395287471	0.0190627936	-0.0457977531	0.0143706816	0.1074259722	-0.0291575951	-0.1189855769	-0.0947016103	-0.0638466068	0.1324875409	0.0760790571	-0.1261733289	-0.1109488906	0.0616009311	0.0050684204	-0.0703125971	-0.2675836262513797	-0.0206036351869016	0.0004245097829149	0.071600997037838	0.0399323633916992	0.040327513688382	0.0016263083602866	0.0015945936460467	0.6374446502356221	0.0872027216572988	0.0076043146644403	0.4063356821140146	-0.0119824494290294	-7.570619478059967e-05	5.731427928158097e-09	0.0001435790943192	0.0028067226690469	0.001014447045667	1.0291028084625044e-06	7.877692140941755e-06	-0.00168874792775	0.0006141675114473	3.772017321174919e-07	2.8518695634799195e-06	0.0	0.0	0.0	0.0	0.0	0.0	0.0	0.0	0.0	0.0	0.0	0.0	0.0
874.1024708604408	3.1308254073283024	764055.1295643278	9.80206773117243	1375.3781480760545	-2.1163181156009614	4.478802366420804	1891665.050205117	857.0626025109773	2.4167718440661474	5.840786146270887	734556.3046228895	938.1928387074554	803.706139515101	1.008815	26.94223	0.1418514491206245	0.0696136755226138	-0.0390844832	0.145327388	0.0095860841	-0.1683192145	0.0315578663	-0.0160795324	0.1264884608	-0.0111793113	-0.0961147016	0.0789258839	0.041794213	-0.0985018273	0.0111060925	0.0998085928	0.1025907363	0.0172143681	-0.0822460709	0.1158920586	-0.0558429895	0.0390695419	0.0668402401	0.0479306888	0.1280042728	0.110957515	0.1037169833	0.0143865488	0.0243131548	-0.0238460681	0.0875525205	0.0100309937	-0.0767277126	-0.0628085767	0.0353296094	0.0399730022	-0.0989248104	0.0626709467	0.0941681747	-0.073307939	-0.1519272529	0.0230708858	0.0542236199	-0.0005858115	-0.0561079997	-0.0341534868	0.004512052	0.0600675281	0.0695817597	-0.0500880243	-0.0767491514	-0.0549430444	0.0118736775	-0.0600909736	-0.0521201899	-0.1181084357	0.0286158269	0.05560572	-0.0845408452	0.0111334807	-0.0426200978	-0.1006125326	-0.0136871196	0.0998036899	-0.0251805915	-0.0630975887	0.1594449718	-0.0383873153	0.0731751413	0.1239283325	-0.0856662034	-5.98375e-05	-0.0109623993	-0.0972038681	-0.044516873	-0.0517755806	0.0343994677	-0.0548166824	0.0313684695	-0.0015986571	-0.0930205662	-0.012382233	0.0406513883	0.015450003	-0.0765201241	0.0914335904	0.076410772	-0.0216719516	0.0737354992	0.0516351333	-0.1211161417	-0.1084220785	0.0807844227	-0.0034236525	-0.0187602149	-0.1101021359	0.0439736317	-0.0206332738	0.0529394848	-0.0728480661	0.0395475546	-0.0656397663	0.0474709594	0.0021888817	0.0808551727	-0.0528469212	0.0784585462	-0.1175512984	0.0250929269	-0.0431690623	0.089287327	0.0189044271	0.0046255226	-0.1126387502	0.0674542747	-0.0050684204	-0.0586099215	-0.2713630668245628	-0.003779440573183	1.4284171046222444e-05	0.0736379140364321	0.0179299303270283	-0.0220024330646709	0.0004841070607653	0.000321482401532	0.5992474668076966	-0.0381971834279255	0.0014590248218265	0.3590975264754414	-0.0128351377313577	-0.0008526883023283	7.270773409275188e-07	0.0001647407605829	0.0022420335881849	-0.000564689080862	3.188737580447704e-07	5.026714610549258e-06	-0.0015486774698434	0.0001400704579066	1.9619733178164653e-08	2.398401905600554e-06	0.0	0.0	0.0	0.0	0.0	0.0	0.0	0.0	0.0	0.0	0.0	0.0	0.0
869.1972602956447	-4.905210564796107	755503.8773054547	24.061090684987345	1378.7396300261444	3.3614819500899102	11.299560900780266	1900922.9674046296	854.0264915648111	-3.036110946166218	9.217969677430329	729361.2482945003	935.8283688531302	786.4313113158231	0.98947	26.425594	0.3055604666196897	0.1853775408068792	0.0598009918	0.13174613	0.044576562	-0.1254311669	0.000407239	0.0819082474	0.1288690724	-0.0310830906	-0.0485034623	-0.2045631376	0.0864833338	-0.032005357	0.0349821702	0.0024784886	0.05544755	0.0905484466	0.0525436694	0.1136753738	-0.0671871157	0.0121398714	0.1217995913	-0.0070969208	-0.0015508206	0.1357323612	0.0832366638	-0.122552157	-0.0759821559	-0.0123622477	0.0170749037	-0.0895606262	-0.027214238	-0.0417116936	-0.0271801408	-0.0195761653	0.0229257912	0.0106416208	-0.0215955031	0.037677946	0.0838361047	-0.1150360744	-0.2045907965	-0.1116244636	0.1612629325	0.0987657796	-0.0668323547	-0.1098438864	-0.1136492115	-0.1284331618	0.0708941033	0.1198711681	-0.0024279881	0.0501450496	0.0517039486	-0.0659007361	-0.0473005872	0.1047057481	-0.1624154683	0.0608621273	-0.0171972575	-0.0932289896	0.0236143365	0.0889829683	0.0367167702	0.0860801083	-0.0459010369	-0.048063933	-0.0170721451	-0.0782663708	-0.0382953711	-0.1072590143	0.0918439471	-0.077429081	0.1029922205	-0.0003454032	-0.1172966919	0.0644886654	0.0355174753	-0.0065413944	-0.0605518333	-0.2228472397	0.0682608927	-0.0019573299	-0.0603456672	0.0601146846	-0.025663489	-0.0328186891	-0.0019260331	0.1264008746	-0.0549113696	-0.1276000664	0.0669678094	0.0166732103	-0.0139845348	-0.1040665277	0.0052224144	0.031701815	0.1297173923	-0.0568136478	0.0442235467	0.0102034765	-0.0239390117	-0.0539925013	-0.0269426207	-0.0237086212	0.1225278478	-0.1181078639	0.0495060888	-0.0403343052	-0.0875537841	0.0688788959	-0.04180599	-0.1142514127	0.0731227308	-0.0151740128	-0.0462651033	-0.2755357556916635	-0.0041726888671007	1.7411332381626162e-05	0.075919952664576	-0.0105569394237647	-0.028486869750793	0.0008115017481986	0.000111448969997	0.7581277250870926	0.158880258279396	0.0252429364709275	0.5747576475457302	-0.0141775829270732	-0.0013424451957155	1.8021591034996284e-06	0.000201003857654	0.0015633963187697	-0.0006786372694152	4.60548543439319e-07	2.444208049542649e-06	-0.0018080079991607	-0.0002593305293173	6.725232343599109e-08	3.268892925029078e-06	0.0	0.0	0.0	0.0	0.0	0.0	0.0	0.0	0.0	0.0	0.0	0.0	0.0
868.5979903650045	-0.5992699306401619	754462.4688661245	0.3591244497694644	1374.9518438574073	-3.787786168737057	14.347324060075753	1890492.5729268843	853.6219350521743	-0.4045565126367592	0.1636659719168162	728670.4080022185	935.9217145060012	778.1724768006122	0.920967	24.596092	0.0757729998794313	0.0397841573496485	-0.0120062637	0.1084760557	0.1219297407	-0.0601297912	0.0478172206	0.0412285347	0.0670982813	0.0806744262	-0.0373963323	-0.0025917918	0.0175310328	0.0078729871	-0.0197702174	0.0403461358	0.0456532958	0.0784696083	0.0735853244	0.0331613362	-0.1297696615	0.04399147	-0.019437212	0.0218288794	0.0556627247	-0.0401007919	0.0241621209	0.0416913323	-0.0758132308	-0.0375421187	0.0642881741	-0.012641261	-0.0121272533	-0.1061414016	0.0089753374	-0.0020923757	0.0959009361	-0.011548688	0.1074449957	-0.0735118425	0.0659199357	0.0663459031	-0.0729327266	0.0517550722	0.1649170876	0.057044967	0.0360486751	-0.0992017469	0.0551895526	0.0619931085	-0.1020683331	-0.0185533145	-0.0649038055	-0.0034339112	-0.0263142986	-0.0631965974	-0.0676104463	0.1216512569	-0.1070710982	0.0130501811	0.0045702872	0.080200379	-0.0202338289	0.0765034106	-0.1168499398	-0.0428937457	0.0886047787	-0.0236798289	0.0310978563	0.0306094637	-0.0506024561	-0.0272630686	-0.0159891212	-0.0253852615	0.0431703077	-0.0310880801	-0.0452993526	-0.0339297293	-0.0983163045	0.0284108509	-0.0139526007	-0.096918022	-0.1019375665	-0.1072130964	-0.0163740239	0.1289150975	0.1190975685	-0.0234798227	-0.0116168799	0.0679135075	-0.1158765127	-0.1290104333	0.0682905416	-0.01750013	0.0114208872	-0.0433732815	-0.0022293772	0.0312916816	0.0444727929	-0.0882265966	0.0467880598	0.0577387569	-0.0479436567	0.0590438567	-0.0116372633	0.0019820525	0.0380577774	-0.1241462313	0.0074843084	-0.0650726413	0.0789095546	-0.0156523878	-0.0099053504	-0.1157857731	0.0785907625	-0.0251860523	-0.033413395	-0.270340462416442	0.0051952932752215	2.699107221556176e-05	0.0730839656195356	0.0011410100931783	0.011697949516943	0.0001368420229009	1.3019040327347528e-06	0.7250396048289858	-0.0330881202581068	0.0010948237022149	0.5256824285705719	-0.0139830999418319	0.0001944829852413	3.7823631548368124e-08	0.0001955270839832	0.00169993879528	0.0001365424765103	1.8643847891565856e-08	2.889791907698018e-06	-0.0016232007243291	0.0001848072748316	3.415372883068258e-08	2.634780591462515e-06	0.0	0.0	0.0	0.0	0.0	0.0	0.0	0.0	0.0	0.0	0.0	0.0	0.0
870.1641865706403	1.5661962056357197	757185.711590144	2.4529705545477256	1373.444995731205	-1.5068481262023852	2.270591275439639	1886351.1562990893	853.7539842365801	0.1320491844057869	0.0174369871022335	728895.8655998347	933.790500951723	773.4200872065489	1.018823	27.209497	0.2400521531388941	0.1366088249511494	0.0821728206	0.0859199785	0.0493187298	-0.0311938442	-0.0380329522	0.0680485023	0.0797184682	0.0011383553	0.0735873776	-0.1029356333	0.0803676695	0.0549938171	-0.1351599597	-0.0409550633	0.0284151574	0.1078317448	-0.0309151873	-0.0526269928	-0.0424177888	0.0007349815	0.0540229877	0.0079909316	-0.0126291451	0.0470639428	-0.1913528536	-0.0374717573	-0.058300067	-0.1112286116	-0.0591395163	0.0786458899	0.0975605829	0.0729915456	-0.0072170161	0.0434033793	0.127615654	0.0552413225	0.0034630499	-0.0736895565	0.0063939694	-0.0077296888	-0.1133119396	0.1087790932	-0.1247853391	-0.1419820335	0.0034080024	-0.1606042443	-0.0277507679	0.0066002223	-0.106234078	0.0697411663	0.0800169576	0.009276207	0.0973156978	-0.0500854063	-0.0336497944	0.0750524662	0.0038853986	0.0514555832	0.0838088489	-0.0874032105	-0.0075053192	-0.0613397659	-0.0139145412	0.0367642043	-0.1576877725	0.1047644132	-0.1082684918	-0.1126629757	0.0570784516	0.0713996068	0.0510408377	0.1040090668	-0.1286846629	0.0776634217	0.0092111112	0.0573406639	-0.0580914146	-0.0619408981	0.068668337	-0.11644029	0.0923431008	-0.1395994216	0.0061921044	-0.0670279222	-0.0165943436	0.0619118952	0.0521623004	0.1062139522	-0.0306066001	-0.0874059428	0.0155255987	-0.0610088803	0.0028043444	-0.0128783306	0.0132625505	-0.0702981959	0.0344073855	0.1177124399	-0.0116275438	0.0560927155	0.0376336896	-0.0108643992	0.0335940304	0.12389019	0.0168030797	-0.0121639299	-0.0329286945	0.0090552809	-0.1016732795	0.1006150291	-0.0713989484	-0.1172407796	0.0838433825	-0.0350428114	-0.0201956026	-0.2811981009663498	-0.0108576385499077	0.0001178883148804	0.0790723719870814	0.0543931266688133	0.053252116575635	0.002835787919785	0.0029586122288095	0.8459551107254271	0.1209155058964412	0.0146205595661923	0.7156400493624696	-0.0140501757490089	-6.707580717700036e-05	4.499163908446133e-09	0.000197407438578	0.0022380343678269	0.0005380955725468	2.895468451945759e-07	5.008797831574352e-06	-0.0011278342617148	0.0004953664626142	2.453879322830045e-07	1.272010121897768e-06	0.0	0.0	0.0	0.0	0.0	0.0	0.0	0.0	0.0	0.0	0.0	0.0	0.0
871.8098458454048	1.6456592747645118	760052.4073129884	2.708194448618459	1371.262042987812	-2.182952743392889	4.765282679886539	1880359.590539108	854.9981762675252	1.244192030945101	1.5480138098672944	731021.8814207941	935.1795824493825	783.1642105987034	0.884474	23.621481	0.2310050842337696	0.1292809992570134	0.028850113	0.1157691129	0.0421186815	-0.0579748576	-0.0105303811	0.0209338177	0.0585191615	0.0475480447	-0.0656793994	0.0826246159	0.0803269473	-0.0688629135	-0.0839324527	0.0425789957	0.1392756605	0.0709143199	-0.0068170075	-0.0692264185	0.0436348076	0.0539030065	0.0036493906	0.0019294101	0.1480204252	-0.0814988299	-0.0825212759	-0.1054112979	0.0739194616	-0.0874884376	-0.1584660811	-0.0843195853	0.093514122	0.0760583498	-0.0351467962	-0.0089887424	-0.0739253093	-0.0066896607	-0.0998875509	-0.084223145	0.0259244112	0.0051492517	0.0547672197	-0.1143126401	0.0705212309	-0.0153232363	0.0133282926	0.0093027635	-0.1526802443	0.0255251513	0.012100999	0.0216992348	-0.11796137	-0.0025702586	0.0280546654	-0.1055860751	-0.0490280733	-0.0212130372	-0.0293586167	-0.0189385936	0.1003287057	-0.1961146571	-0.0344446036	-0.1393322592	-0.057647508	-0.0335028194	-0.0183167482	0.0986503697	-0.0335714002	-0.1042899817	0.0848064267	-0.0392889033	-0.0082512748	0.1504850661	-0.0303001786	0.0326251872	-0.0622938631	-0.1074715064	0.0868042175	-0.0129998148	0.071568097	0.0360762392	0.0030586151	-0.0033422763	-0.019224025	-0.0500402663	-0.0613540556	-0.0016132967	-0.0084418523	0.0699222965	-0.0810045336	-0.0757199639	0.0320518497	-0.1174876841	-0.0409110101	-0.0418129921	0.0334126913	-0.0423886927	0.0013279504	-0.068897106	-0.0134181413	-0.0320010583	0.1429793796	-0.0121702325	0.0564277784	-0.0240240032	0.0813455988	-0.0101746024	-0.034389652	0.014955026	-0.1104943699	-0.0310177668	0.0364281061	-0.1186154352	0.0888661936	-0.0446835199	-0.0067565429	-0.3161705761151552	-0.0349724751488054	0.0012230740180338	0.0999638332009891	-0.0461586343809727	-0.100551761049786	0.0101106566502132	0.0021306195279163	0.7746170421771339	-0.0713380685482931	0.0050891200242009	0.6000315620312516	-0.0139233199693583	0.0001268557796505	1.6092388830761495e-08	0.0001938588389691	0.0022429072896952	4.872921868299962e-06	2.3745367534555997e-11	5.030633110167867e-06	-0.0014789611499336	-0.0003511268882187	1.2329009163021766e-07	2.1873260830129165e-06	0.0	0.0	0.0	0.0	0.0	0.0	0.0	0.0	0.0	0.0	0.0	0.0	0.0
869.6642272139371	-2.145618631467641	756315.8680956145	4.603679311701075	1378.385383399757	7.123340411945037	50.74197862444929	1899946.2651700955	856.0724376969977	1.0742614294724715	1.1540376188522383	732860.0185844799	938.3843557148456	781.7196376314434	0.935038	24.971888	0.134112125675778	0.0678212331755465	0.0099767573	0.1227707775	0.0928803242	-0.1122415048	0.0699184651	-0.0185464242	0.1129169002	-0.0429576627	-0.2241977033	-0.0543775232	0.154963731	-0.1514457147	0.0430506471	0.0886512393	0.0978003251	0.0292220427	-0.0839987035	0.0593567087	-0.1622832652	0.0770527173	0.1245600183	0.0562588359	0.0374773536	-0.0390777785	0.1150785945	0.0551336757	-0.0992048438	0.0132461119	0.0603727205	-0.0414376012	-0.0498545858	0.0833742017	0.0117782262	0.0008337606	0.0573233147	0.0075153449	-0.0422220725	-0.1442146074	-0.1300585534	-0.0388913831	-0.0191024835	-0.1262541588	0.1163403666	0.0657840637	0.0028264118	0.0582032783	0.0272240424	-0.1354314876	0.0059450146	0.0168657923	0.0442028884	-0.0023582833	-0.0659662274	-0.1064790883	0.0166352642	0.0698725937	-0.0999310357	0.1357908293	-0.0716119751	-0.129205378	-0.0337126852	0.0922410647	-0.0740711941	-0.0811715482	0.0648871675	-0.1615877537	0.034590843	0.1241627524	-0.1246307583	-0.1395388361	-0.0190710155	-0.0347703627	0.0317917828	-0.0742817863	0.0391307538	0.0563948474	-0.1348577328	-0.0308837927	-0.0423153691	0.0104992323	-0.0693737926	-0.0399412597	-0.0970920663	0.0837729052	0.1239894994	0.0011552443	0.0540966394	0.0627338122	-0.100028957	-0.0785376275	0.0787018711	-0.0487158725	-0.0495393189	-0.0807016074	-0.0264304593	-0.0185019161	0.0250453384	-0.0427166618	0.0019911954	-0.0208811386	-0.0905059243	-0.1195821143	-0.0931582117	-0.0526374321	0.124497346	-0.0775176296	0.0783727341	0.0750481767	-0.0151085053	0.0141994524	0.1053133387	-0.1199087977	0.0936454286	-0.0540487397	0.0067565429	-0.3068977882807786	0.0092727878343765	8.598459422136216e-05	0.0941862524516336	0.0164958266522319	0.0626544610332046	0.0039255814873613	0.0002721122969404	0.7625075319483869	-0.0121095102287469	0.0001466402379801	0.5814177362780203	-0.014577352738243	-0.0006540327688846	4.277588627749868e-07	0.0002124992128551	0.0020575711969628	-0.0001853360927323	3.43494672693127e-08	4.233599230570929e-06	-0.0016410996199055	-0.0001621384699718	2.6288883444828713e-08	2.6932079624539764e-06	0.0	0.0	0.0	0.0	0.0	0.0	0.0	0.0	0.0	0.0	0.0	0.0	0.0
865.2232731153994	-4.440954098537759	748611.312340525	19.72207330531932	1374.615760642845	-3.7696227569119856	14.21005572942872	1889568.4894077077	852.8900869176734	-3.1823507793242243	10.127356482665498	727421.5003624365	937.6501041076344	777.6981763123231	0.8954229999999999	23.913879	0.1299210369223453	0.0780010526382684	-0.031999287	0.1022210639	0.1434268641	-0.0519296362	0.0806328782	0.0184613946	0.074798949	-0.021858859	-0.1237955258	-0.1081815385	0.1651754349	0.0818707507	0.0337441359	0.0613817057	0.041710442	0.074002304	0.1349727854	0.0009617007	-0.0191432273	0.02157663	0.0836477737	0.1321307599	0.0767604942	0.0262439244	0.1914783155	-0.130370527	-0.0797051863	0.1107373863	-0.0142174826	0.1384605835	-0.0708305209	0.0018895493	0.009764128	0.0275609848	0.0147627651	0.0724075657	-0.072174725	-0.0828477457	-0.0566324966	0.0370056799	-0.001649026	0.0201021563	0.0030143701	0.009470757	0.0574558497	-0.0785022586	0.0925559593	0.0054180888	-0.0072034874	0.011264499	0.0340218269	0.0140847051	-0.0728552361	-0.0489333829	-0.0492142251	0.1285681717	-0.0919359931	0.1558944062	-0.0874845799	-0.0924117699	0.1372811946	0.0323061403	-0.0059139438	-0.0866044039	0.1720711061	-0.0210369386	-0.0014699523	-0.0822604076	-0.0121847751	-0.107287664	0.0964945918	-0.0615037409	-0.1348195004	-0.0269664167	0.0404703359	0.0275604593	0.0462864775	-0.0272239396	-0.0901418794	-0.0066212124	0.0269244503	-0.0349837444	-0.0133386693	0.0484731305	-0.0787194372	-0.0401084984	0.0100473749	0.033043433	-0.1104678823	-0.0937459657	0.0669497597	-0.046622499	0.0425162975	-0.0130108688	-0.007894363	0.0100925213	-0.0666681954	-0.0312919504	0.0864732513	0.0063236759	0.0533319933	-0.0212910204	-0.0294786109	-0.0671916801	0.1413156927	-0.1183599437	0.0485653819	0.0437532644	-0.1035407674	0.0145848303	-0.0320544633	-0.1211199807	0.098167988	-0.063080731	0.0201956026	-0.3001543936142212	0.0067433946665574	4.5473371628955246e-05	0.0900926600059208	0.0131221315411806	-0.0033736951110512	1.1381818702331428e-05	0.000172190336184	0.8251784182245885	0.0626708862762015	0.0039276399866445	0.6809194219036339	-0.0150504359558702	-0.0004730832176272	2.238077308005048e-07	0.0002265156224617	0.0013959862887946	-0.0006615849081681	4.376945907159256e-07	1.9487777185025207e-06	-0.0016490927114808	-7.993091575300053e-06	6.388951293113269e-11	2.719506771059097e-06	0.0	0.0	0.0	0.0	0.0	0.0	0.0	0.0	0.0	0.0	0.0	0.0	0.0
862.6832225928912	-2.540050522508181	744222.3425432559	6.451856656894086	1372.5534710125164	-2.062289630328678	4.253038519361195	1883903.0307885064	851.5484470188765	-1.3416398987969842	1.799997618043982	725134.7576202602	933.8334652455528	754.0285938342	0.854753	22.827734	0.0883380588424056	0.0593397615276162	0.0581442882	0.0926089975	0.1908270034	0.0281491092	0.0572401064	0.0918061453	0.0558131595	0.0705247673	-0.027078836	-0.1178485148	0.1335929843	0.0320471692	0.0966087533	0.0346100609	0.0522292372	0.1218307186	0.2451414708	-0.0377998314	-0.0987770071	-0.0712343798	0.1292349446	-0.0315643536	0.0509825776	0.0042869879	0.008742006	0.0280080082	0.002549374	-0.0084995583	-0.0994309743	0.0263747933	0.0453594425	0.0733666498	0.0216683773	-0.0063899112	0.0211756531	0.0242298919	-0.008026336	0.0917148432	0.020987706	0.021727199	-0.0385325572	-0.0141331068	-0.0718619001	0.0117659278	0.0458326375	0.1008246422	-0.0576104486	0.0043178235	0.0942359229	0.0346010226	-0.0213091563	-0.1364202326	-0.0116157593	-0.0664950775	-0.1185131557	0.0679834071	-0.1229111782	0.124538693	-0.0213721617	0.0131719331	0.1935645196	-0.0173941335	-0.0741899401	0.0283828783	0.0184202781	0.0044852605	0.0665822885	0.0312267549	0.0584899642	-0.0533616135	-0.020456295	-0.0525112371	0.0072826719	0.0200177817	0.0280633853	0.1108797309	-0.0483247623	-0.0693108136	-0.0121413067	0.085303931	-0.0154188683	-0.0182553823	-0.0448222372	-0.0300062589	-0.0753240677	-0.0301459087	-0.2230321695	0.0585722299	-0.0764266006	-0.0957267575	0.066987692	-0.0799619323	0.0108952524	0.0702369194	-0.0803129045	0.0168310906	-0.0284653754	0.0232191875	0.0785288337	0.0421203798	0.0242551257	-0.0397553218	0.0180004085	-0.0942331858	0.1581587122	-0.0001505999	-0.0033407222	0.0174427613	-0.0706213874	-0.0202764117	-0.0135693092	-0.1222481541	0.1024214758	-0.0717238087	0.033413395	-0.3008912584468532	-0.000736864832632	5.429697815698188e-07	0.090535549409731	0.0078380177923378	-0.0052841137488428	2.7921858110709516e-05	6.143452291300392e-05	0.8811117987929293	0.0559333805683408	0.0031285430618028	0.7763580019721116	-0.0149021749687976	0.0001482609870725	2.198132028774159e-08	0.0002220748188006	0.001060676014619	-0.0003353102741756	1.1243297996771613e-07	1.1250336079880452e-06	-0.0016931954440844	-4.410273260360004e-05	1.945051023104646e-09	2.866910811868169e-06	0.0	0.0	0.0	0.0	0.0	0.0	0.0	0.0	0.0	0.0	0.0	0.0	0.0
865.6803988495777	2.997176256686544	749402.552952364	8.983065513645561	1369.922603572811	-2.6308674397052982	6.921463485301511	1876687.939779709	853.4260656126426	1.8776185937661007	3.5254515836561917	728336.0494670745	934.934492688891	771.2422473331807	1.068071	28.524759	0.3055397663517689	0.195739489690652	-0.094038021	0.1337798627	0.2133408111	0.0814061343	0.133004275	0.0219053938	0.0863829945	0.1835262346	-0.0006671811	0.0878406376	0.1285684372	0.085272884	0.0388088618	0.1482377028	0.0549982989	0.1101770293	0.1502864208	-0.0826805952	-0.0283816859	0.0152104224	-0.0307039088	-0.1444017269	0.1491160157	-0.0576930736	0.0706764647	-0.0515225872	-0.0031321186	-0.0281340239	0.0039767717	-0.0051641751	-0.0891298232	0.0256247381	0.0045423968	0.0175004781	0.0813875461	-0.0622546177	-0.1214994348	-0.0081424725	0.0435087175	-0.0365728633	-0.0420567412	-0.0160973943	-0.0356887666	-0.0255857494	-0.0987956324	0.0415343996	-0.0487354509	0.0785572	0.0255082777	-0.0643994707	-0.0318528251	0.0388955301	-0.1138854813	-0.1664801903	-0.0786397157	0.0161396557	-0.0688649923	-0.0139816748	0.0906799276	0.1516070597	0.0941993428	-0.0549497253	-0.1247386406	-0.0011443666	0.1259046034	0.0711115297	0.1324530633	0.0578078117	-0.0121486557	-0.1580373291	-0.0282694298	-0.0729449435	-0.0806076931	0.0208748134	-0.1076972791	-0.0563922801	0.0301570597	-0.018829411	0.1402595374	0.0481916076	0.0206171886	-0.0621173741	-0.0036850681	-0.0650675745	-0.0791249235	-0.0301070674	0.0337567745	-0.0563544621	-0.2285453079	-0.1012211757	0.0813877733	-0.1080895018	0.0422541516	0.0872533631	-0.0362074089	0.0158448584	-0.1186859631	-0.0458678002	0.0159077702	0.0020707807	0.0431054475	0.1490226883	0.0155944452	-0.0407880753	0.0531733865	-0.0288310344	-0.0705194915	-0.03252553	0.1198692559	-0.1490216633	-0.0914087619	-0.1232925447	0.1063942335	-0.0799246852	0.0462651033	-0.2711100281848075	0.0297812302620457	0.0008869216759209	0.0735006473823671	-0.0150493047982962	-0.022887322590634	0.0005238295353677	0.000226481574912	0.6955494347629951	-0.1855623640299342	0.0344333909443778	0.483789016199122	-0.0141524032518553	0.0007497717169423	5.621576275266051e-07	0.0002002905178031	0.0014228940087614	0.0003622179941424	1.3120187528054378e-07	2.0246273601690875e-06	-0.001459008165786	0.0002341872782984	5.4843681316812265e-08	2.128704827830228e-06	0.0	0.0	0.0	0.0	0.0	0.0	0.0	0.0	0.0	0.0	0.0	0.0	0.0
867.8805301137437	2.200131264165975	753216.6145505127	4.840577579560572	1372.559725145678	2.6371215728668176	6.954410190079558	1883920.1990919788	853.1931650856037	-0.2329005270388506	0.0542426554949744	727938.5769487902	934.8481543204496	777.674443571061	0.967666	25.843258	0.1958399880989962	0.1360905438829504	-0.0559441755	0.1177234924	0.1373249787	-0.0174892011	0.1140081545	0.0884906262	0.0263545444	0.0715132068	0.0441738092	0.0230554423	0.1623627811	-0.0431426259	-0.136541494	0.0964181406	-0.0588485901	0.1220539246	0.0535025314	-0.1467670355	-0.0425093457	0.0597025859	-0.0151765063	-0.0164170453	0.0998853126	0.0744134331	0.0812091679	0.0497967239	0.1391126126	0.1016422261	-0.0527916775	-0.0461790595	0.0072201633	0.0396360916	-0.0017534251	-0.0274544013	0.0877327033	0.0643574856	0.0266021588	0.1735815263	0.0063187091	0.0470930941	0.0336775131	0.056605883	-0.17196908	-0.0941450657	0.0743067785	-0.0201302309	0.0616498052	0.0715394038	-0.0301794573	-0.05649639	0.0008000964	-0.0500993636	-0.0575799627	-0.076433192	-0.1359756393	0.0445093524	0.0363372266	0.1156572982	0.1605721906	0.0327368498	-0.008829988	0.0569301188	-0.0395734545	-0.0653071058	0.0356459287	0.0393601485	0.0727762567	0.0110160561	0.0856056821	0.0464933531	-0.0083729458	-0.0037761599	0.0723489187	0.101753756	-0.0433233327	-0.0349201446	0.047136516	0.0217690631	0.0535497798	0.1354066557	-0.0064998109	0.0391916562	0.009371902	-0.144814134	0.0077722512	0.0821082865	-0.0629120101	-0.0123751695	-0.1609416658	-0.0618921061	0.0658657273	-0.101147726	0.0573104758	0.0781423624	0.0585138708	-0.022702483	-0.0397064114	-0.0499810233	-0.0017196278	0.039091888	0.1147558602	0.0802012774	0.0007206636	0.0687579301	-0.0398720871	0.0252149507	-0.0660846681	-0.0388390699	0.0281534898	-0.0556524508	-0.0247032819	-0.1242524367	0.1100753719	-0.0876327994	0.0586099215	-0.287303794629409	-0.0161937664446015	0.0002622380716623	0.0825434704084576	0.0058760352827249	0.0209253400810211	0.0004378698575063	3.452779064382789e-05	0.8283756970054839	0.1328262622424887	0.0176428159413103	0.6862062953893212	-0.0138235225438409	0.0003288807080143	1.0816252010405237e-07	0.00019108977552	0.001442989559202	2.0095550440599923e-05	4.0383114751069564e-10	2.0822188679659823e-06	-0.0012900920376233	0.0001689161281627	2.8532658353477743e-08	1.664337465539038e-06	0.0	0.0	0.0	0.0	0.0	0.0	0.0	0.0	0.0	0.0	0.0	0.0	0.0
867.2259935367689	-0.6545365769748059	752080.9238658359	0.4284181305978961	1370.5957455105251	-1.963979635152782	3.857216007294855	1878532.697611552	852.7935885803173	-0.3995765052864044	0.159661383576896	727256.9047236955	931.923958532663	754.7900017184915	1.223832	32.684647	0.5468156709732162	0.3561953466965292	0.0905016629	-0.021145313	-0.0034470152	0.0423808122	-0.1130862452	-0.0257970677	0.1272367181	-0.0490424117	0.217877625	-0.0546385257	-0.0673699862	-0.0055139485	-0.0236244117	-0.0514697986	0.0350960404	0.0682070517	-0.0737509437	-0.0032405884	0.0086402577	-0.093349527	-0.0414968953	-0.1346114612	-0.029321741	0.0382795166	-0.0189711	0.0542354551	0.0032967642	-0.0191544428	-0.164499779	-0.1103324796	0.1061089826	0.0440562671	-0.0608234976	-0.1012674909	-0.0785978782	0.0002529	0.0756197201	0.0227067351	-0.0288503464	-0.0265511401	0.0685494012	0.0652046304	0.001766238	0.0433204328	-0.013666751	-0.0198121411	-0.1227803571	-0.0096643207	-0.0043441355	-0.0300970023	0.0237869636	-0.0272397838	0.1019857779	-0.0526201043	0.0946351901	0.0012737522	0.0367802989	-0.0035614663	0.1128768073	-0.0034758138	0.0225963996	-0.0520068959	0.0478687443	0.1515972718	-0.1314571595	0.117861826	-0.033018006	0.0488433308	-0.0390841759	0.1442732234	-0.0052295333	0.0681331658	0.1522561383	0.0057165009	-0.0897773294	0.0306514482	-0.0171783101	-0.0919884152	0.0161805745	0.0892850732	0.0515268406	0.1567838402	-0.022843646	-0.0547301492	0.0847477093	0.1060875445	-0.0661497991	0.0592118928	0.0612676039	-0.0256131637	-0.0059323818	0.0062564596	0.0273879221	-0.0397930907	-0.0875002861	-0.0067124763	0.0486783787	0.1096036053	-0.0230183648	0.1108910905	-0.0255007232	-0.0393589824	0.0444829361	0.0217316006	-0.0862162657	0.2197285044	-0.0471415995	0.0155194124	-0.045282581	-0.0382370795	0.0012018354	-0.1251271724	0.1134548014	-0.0948006283	0.0703125971	-0.319394560879104	-0.0320907662496949	0.0010298172784925	0.1020128855191556	0.0231439323401332	0.0172678970574082	0.0002981802687852	0.0005356416041646	1.1242116620759717	0.2958359650704878	0.0875189182291868	1.2638518611476188	-0.0173711188429429	-0.003547596299102	1.2585439501402208e-05	0.0003017557698556	0.0014559153539432	1.2925794741199936e-05	1.6707616969163188e-10	2.119689517847553e-06	-0.0017619907956926	-0.0004718987580693	2.226884378673479e-07	3.104611564105442e-06	0.0	0.0	0.0	0.0	0.0	0.0	0.0	0.0	0.0	0.0	1.0	0.0	0.0
868.4899284451172	1.2639349083483469	754274.7558106049	1.5975314525415434	1364.7012462902355	-5.894499220289617	34.74512105799491	1862409.491626122	853.1883601092273	0.3947715289100415	0.1558445600379717	727930.3778258726	933.3351359499889	769.8750857368034	0.848352	22.656775	0.1225968726812886	0.0779040302453757	0.0088197928	0.0045853315	-0.0509061295	-0.0355469687	-0.0644937555	0.0065574245	-0.0159111315	0.0357231652	-0.0226450587	0.094793784	-0.0265750087	0.003625505	0.0353469584	-0.0454682143	0.0652200389	-0.0761644643	-0.0522165864	0.0533669044	0.1127007532	-0.0288201648	0.0397984155	-0.0427913548	0.0207149371	-0.0387635065	-0.0544599348	0.1093829079	-0.0073805213	-0.0372735242	-0.0543776394	0.1419826727	-0.0209277249	-0.0120663157	-0.0169824979	0.0808399354	-0.0573603347	-0.1258185889	0.0740377749	-0.1184513325	-0.1130237445	0.1574137287	-0.0062015574	0.13529916	-0.062145397	-0.0290240307	-0.0257763536	0.0990430677	0.0184169487	-0.0951102113	0.027069672	-0.0871419646	0.0015611416	-0.1432895204	0.0508684344	0.0150704111	0.024203695	-0.0452776172	0.0323963737	-0.1201403846	0.0082391875	-0.0645331395	0.0458879656	-0.0275499777	-0.0658788904	0.0197931291	0.0148569397	0.0920692314	0.012550386	0.0844943173	-0.0947045036	0.1374350476	-0.0862024971	0.0629824671	-0.0389955367	-0.1034724551	0.1419583921	0.0568256897	-0.0515292369	0.0395723391	0.0196123366	-0.0247500389	0.0764961304	-0.0539824391	0.0311599054	0.0312728051	0.0066934826	0.1252772384	0.0179477865	0.0361277991	0.0332809949	-0.0143525621	0.0103499818	0.0042441729	0.0630821478	-0.0356254858	-0.0074474707	0.0294629552	0.01660012	0.0268374709	0.0508380552	0.0522792783	0.0614252962	-0.022288411	0.0391513462	-0.0290995069	-0.0257249737	0.1786161959	0.0093796022	-0.0201027097	-0.1047186013	0.0318127459	0.0660007026	-0.1259161521	0.1165232592	-0.1013839798	0.0812449131	-0.3252831158510219	-0.0058885549719178	3.4675079657298663e-05	0.1058091054577493	-0.0399055783832125	-0.0630495107233456	0.0039752408024532	0.0015924551860987	1.1331810999022167	0.008969437826245	8.045081491887537e-05	1.2840994051755976	-0.0179379682011731	-0.0005668493582302	3.2131819492598985e-07	0.0003217707031862	0.0014627885222953	6.873168352099961e-06	4.7240443196308494e-11	2.139750260958867e-06	-0.0020820556523059	-0.0003200648566132	1.0244151243889225e-07	4.334955739298947e-06	0.0	0.0	0.0	0.0	0.0	0.0	0.0	0.0	0.0	0.0	0.0	0.0	0.0
870.5407388792095	2.0508104340922277	757841.1780483599	4.20582343658155	1366.740154277813	2.0389079875774314	4.157145781807051	1867978.64931534	853.731082812821	0.5427227035936539	0.2945479329960051	728856.7617607518	933.515788397697	765.9965790930189	0.800563	21.380476	0.0694600807671102	0.0410990482954637	0.062299902	0.0011215447	-0.0402085189	-0.0448863494	-0.0413399066	0.0465123858	0.0063659643	0.0755947672	-0.0483571669	0.0541533656	-0.0274291085	-0.0908396211	0.000189163	-0.0105604381	0.0206102194	-0.0289620542	-0.0296279565	-0.0331327134	0.0026068154	0.0522124402	0.122907776	0.0352939325	-0.1603881368	-0.0791018404	0.0125073577	0.0334130437	-0.0573583209	0.0003836107	0.0954769496	-0.0178656303	0.0148973917	0.1314249149	-0.0911807689	0.0071549767	-0.1311810946	-0.1215038992	-0.0619721708	0.0409114502	0.0153330034	-0.0180949981	-0.1498195164	0.0157554208	-0.0828616335	-0.0104603056	-0.1548256577	-0.1508585864	0.0666030971	0.0173310186	0.0248939462	-0.0730018913	0.0321420022	0.1070016346	0.0299400915	-0.0119125692	-0.0218170591	-0.063322284	0.0163509841	-0.0821126738	0.0163644694	0.019019221	-0.0245303359	-0.0151440594	-0.1151190458	-0.087808422	-0.1387023291	-0.0889227263	-0.0255356227	0.081271367	-0.11099049	0.1524429952	0.0721644629	-0.0281122867	-0.0399066982	-0.2089138334	0.0342488892	0.174587072	0.0840428365	0.0335968904	0.0569873394	-0.0284017834	0.0318472337	-0.0088831918	0.0648364864	-0.0185019051	0.0066633829	-0.1359733649	0.0447297885	0.0415057151	0.0485700397	-0.016640744	-0.0060297535	0.0008925713	-0.0153898446	-0.0548588697	-0.0289342245	-0.0602031297	0.0427589984	0.0415585175	-0.049107533	-0.0174940808	-0.0557568972	0.0175744163	-0.0476566899	-0.0307632711	-0.0842889862	0.2549182387	0.0076918925	0.0300135668	-0.0342266462	-0.0628339981	0.1171777938	-0.1266188352	0.1192723348	-0.1073422654	0.0912870929	-0.3324841832385488	-0.0072010673875269	5.185537151970356e-05	0.1105457321038048	-0.0291390641605318	0.0107665142226807	0.0001159178285071	0.0008490850601515	1.096790989175524	-0.0363901107266926	0.0013242401587009	1.2029504739366246	-0.0179867253102816	-4.875710910849998e-05	2.3772556886181718e-09	0.0003235222873875	0.0017103108520395	0.0002475223297442	6.126730372199651e-08	2.9251632106040803e-06	-0.0020762873225544	5.768329751500156e-06	3.327362812204186e-11	4.310969045800119e-06	0.0	0.0	0.0	0.0	0.0	0.0	0.0	0.0	0.0	0.0	0.0	0.0	0.0
870.1308433671422	-0.4098955120672372	757127.6845788142	0.1680143308128625	1371.201355530335	4.46120125252196	19.9023166155035	1880193.157408228	854.8366997623992	1.1056169495782342	1.2223888391946796	730745.7832606703	936.5996525423516	785.0992082632267	0.902526	24.103598	0.1698380486313618	0.1197742236917104	-0.0457684753	0.0480933935	0.0074582746	-0.1067188987	0.0543296866	-0.0015984029	0.005465935	-0.0342285442	-0.1378442239	0.1105250057	0.0990244168	0.0134797837	-0.1096964963	0.0793068862	0.0255145811	-0.0373013263	0.0340559038	-0.0388870865	-0.1147085493	-0.004652173	0.1010735246	0.1979055152	-0.0252538071	-0.0323060344	-0.0049720006	-0.0949387441	-0.0575934795	0.0236032101	0.1082834425	0.0595300213	0.1243790218	-0.0151084027	0.0860473287	-0.0859524775	0.028804149	-0.15466875	0.0842235795	-0.0099515354	-0.0145558667	0.031255429	0.1696496161	-0.0586072814	0.0694242252	0.0903728149	0.037743775	0.0568819591	0.0462063578	-0.1069765203	-0.0295725222	-0.1467924888	0.0837746521	-0.0106881901	-0.0635327018	-0.0544409072	-0.0331777939	-0.021151709	-0.0143531916	0.1351546	-0.0400523752	-0.0835421414	0.0049536619	-0.1144991834	-0.0630298881	-0.151760226	-0.079459587	-0.0817397894	-0.027103994	0.0250588151	0.0280565903	0.0068028745	0.1084661357	-0.033569754	-0.0057526498	-0.0279581537	0.1430080134	-0.0497043326	-0.0602680741	0.0687878513	0.0978472603	-0.0966996933	-0.0824617221	0.049496033	0.1278389493	0.2430937995	-0.0123072554	0.0125533221	0.0617016383	0.0071380964	-0.051728749	-0.0231294235	0.0543202479	-0.0269492436	0.0363007525	-0.0771244706	0.011163229	-0.0382690386	-0.0200968694	-0.0548013119	-0.037620628	-0.0193281352	-0.0599177219	-0.0763027872	-0.1629348091	-0.1127423408	-0.0595198353	0.1211001137	0.1102591834	0.060655166	-0.1225242571	-0.032784315	0.1425102701	-0.1272347401	0.1216944932	-0.1126387502	0.1003291122	-0.3209054031405287	0.0115787800980201	0.0001340681485583	0.1029802777647852	-0.0139583865563963	0.0151806776041354	0.0002304529725207	0.0001948365552577	0.980175039431508	-0.1166159497440161	0.0135992797346988	0.9607431079245582	-0.0177818934118429	0.0002048318984387	4.1956106618002315e-08	0.0003161957333101	0.0014637660411387	-0.0002465448109008	6.078434378211127e-08	2.1426110231908623e-06	-0.0021541634369187	-7.787611436430031e-05	6.0646891884815805e-09	4.640420112957387e-06	0.0	0.0	0.0	0.0	0.0	0.0	0.0	0.0	0.0	0.0	0.0	0.0	0.0
868.1358105144802	-1.995032852662007	753659.7854976335	3.980156083200705	1368.2879121339356	-2.913443396399316	8.488152424022783	1872211.8104918448	853.6992241664312	-1.1374755959679987	1.293850731422754	728802.3653423666	934.8382646054856	766.2428229633391	0.937946	25.049538	0.2724176809088873	0.1876900121437429	-0.0121811811	-0.0291408709	0.0130713063	-0.0232318645	-0.0309903997	-0.0425149854	0.0141924783	-0.0064087934	0.0464915124	-0.0318978186	-0.0188482435	0.1413028751	0.0039887286	-0.0215505249	-0.024289108	-0.0595041184	-0.0250996802	-0.0010990311	-0.0688687457	-0.0780948482	0.0105830337	0.0531717252	0.0179415907	0.0392686498	-0.0544099033	0.1069628939	-0.1166716662	-0.0362865527	0.0251825016	0.0278271108	-0.0595493106	0.1317805477	-0.1378609073	-0.0380971497	-0.1392322926	0.0152313158	0.1105216258	0.1153609767	0.0345933009	-0.0812975037	0.0811444376	-0.0006189876	0.0095757501	0.065223109	0.0183716231	0.0115467423	-0.0272147483	0.058623459	-0.0541469215	0.0922008816	-0.0998840713	0.005425257	0.0134355584	0.0290389177	0.0635693192	-0.0021508606	-0.0248200933	0.0550958888	0.0185876862	0.0354636572	0.0233179632	-0.0588225885	-0.0245094467	0.0178977803	-0.0823786993	0.0545308052	-0.0663211315	0.0152866935	0.0084540384	0.1737102738	-0.0400279886	-0.0495753449	-0.0521165012	0.0073856788	-0.0652360032	0.0996488067	-0.1088939679	0.0222220383	-0.0152151196	-0.0818434239	0.0553703326	0.1498046933	0.0299757701	-0.0979784761	0.1168980545	-0.0118015711	-0.0262341934	0.0062311087	0.0433057305	-0.0071417791	0.006794589	0.0177386647	0.0627081479	-0.0424266096	-0.0560128627	0.0021135158	-0.0138076802	-0.0014878694	0.0207275453	0.029006246	-0.0398786605	-0.0401453959	-0.1139236547	-0.0299433329	-0.103801586	0.1585520657	0.0723629111	0.0623568786	0.0231885785	-0.0281293582	0.0739813815	-0.1277634447	0.1237830955	-0.1172407796	0.1082719048	-0.3296593195007631	-0.0087539163602344	7.663105164197994e-05	0.1086752669337062	-0.0372718552986555	-0.0233134687422592	0.0005435178247962	0.0013891911974039	1.1530606317490566	0.1728855923175486	0.0298894280309896	1.3295488204895336	-0.0188643724410871	-0.0010824790292442	1.171760848753469e-06	0.000355864547596	0.0014708984802374	7.13243909870008e-06	5.0871687496665605e-11	2.163542339164693e-06	-0.0024138460383527	-0.0002596826014339	6.743505348752952e-08	5.826652696871024e-06	0.0	0.0	0.0	0.0	0.0	0.0	0.0	0.0	0.0	0.0	0.0	0.0	0.0
869.6933323661234	1.5575218516431732	756366.4923620924	2.4258743183459788	1368.6260115706527	0.3380994367171297	0.1143112291084404	1873137.1595477925	853.6229425585456	-0.0762816078856758	0.005818883701624	728672.1280623099	934.0104128190272	769.9367050383375	0.925406	24.71463	0.1284101868384328	0.0772305426264084	0.0183246125	-0.0616908029	-0.0856586086	-0.0337532161	-0.046185373	0.0333734685	-0.0346775866	0.0326465311	0.0548647162	0.0181503338	-0.0248606514	-0.1399351719	-0.0012665928	-0.0646747171	-0.0214087191	-0.0533701441	-0.1308646162	-0.0453155427	0.0259206791	0.0154009503	0.0118757969	0.0101174815	-0.0379721899	0.0054079752	-0.0233901157	0.0508851062	0.0452013607	-0.0415913626	0.0459620697	-0.0200988249	-0.0485969636	0.0738573763	-0.035137451	0.0009069176	-0.0716889733	0.0015907787	0.0488537639	0.0396472417	0.1134850847	0.0140891183	0.0297992847	-0.0162743509	-0.094073477	-0.0980188399	0.0349523398	-0.0056037569	0.017647077	-0.038056673	0.0421614754	0.089236326	0.0498855969	0.0855605224	0.0517081846	0.0472022319	-0.0032057964	-0.0475538001	0.0790521938	-0.0148366626	0.0308402843	-0.0709228869	-0.077592848	0.0035575992	0.0020024153	-0.0400052637	-0.0543624648	0.0561327375	0.0250456642	-0.0376426348	-0.0430028931	0.1685272869	0.0116915491	0.0434489205	-0.0057248922	-0.0870704563	0.0212595437	-5.66365e-05	0.0290197952	0.0102225122	-0.0145000556	0.0500449207	-0.0244108906	0.0555202483	-0.0262087196	-0.0917189351	-0.0994275685	-0.0501372551	0.0743429501	0.0097001752	0.0819371407	0.0213240477	-0.0367599717	0.006151339	0.0476840389	0.0122977076	0.0190461198	-0.0382063591	0.0251898282	0.0090653027	0.0069870319	0.0248499519	0.0678313825	-0.0200321777	-0.0151171565	0.0418230116	-0.1110795756	0.1523790067	-0.0140042638	-0.0123751884	-0.0626162711	0.0171473388	0.0390522523	-0.1282045865	0.1255324169	-0.1211199807	0.1150284477	-0.3314051245728109	-0.0017458050720478	3.0478353495878287e-06	0.1098293565931203	-0.0101672635615841	0.0271045917370714	0.0007346588932333	0.0001033732483307	1.2229104565552404	0.0698498248061838	0.0048789980254545	1.4955099847521467	-0.0192306088855891	-0.0003662364445019	1.341291332814641e-07	0.0003698163181104	0.0014676838439457	-3.214636291699966e-06	1.033388648791451e-11	2.154095865779226e-06	-0.0021890978146838	0.0002247482236688	5.0511764042325767e-08	4.792149242253389e-06	0.0	0.0	0.0	0.0	0.0	0.0	0.0	0.0	0.0	0.0	0.0	0.0	0.0
872.0071456166221	2.313813250498697	760396.4620064488	5.353731758183346	1368.3594020350918	-0.2666095355609741	0.0710806444520383	1872407.4531378336	853.7285935614279	0.1056510028823822	0.0111621344100531	728852.5114643738	935.7557790489394	775.6026745731966	1.037059	27.696529	0.512295902572192	0.277858053388532	0.0386073507	0.0006495624	-0.1259163285	0.0363664495	-0.0411880643	-0.0262996086	-0.0411803792	-0.0501492599	-0.0433983968	0.0631082168	-0.0704878951	0.0150357943	-0.0057249712	-0.0278999564	-0.0089445654	-0.0570371844	-0.1000549415	-0.0823207615	0.0673320362	-0.006052549	-0.0776053125	0.1611848657	-0.0703668158	-0.0621927108	0.0119414758	-0.0207260957	-0.0334148893	-0.0002769225	0.0322340993	0.1048931369	0.1543575788	-0.0209675934	0.0435152549	0.0247765394	0.0450624706	0.0342702341	0.0175914078	-0.112418962	0.0537265421	-0.0951947974	0.0133046999	-0.1012507584	-0.10497089	-0.1532634586	0.0093275986	0.0608115799	0.068898356	0.0269147791	-0.0347359825	0.0098877397	0.071980786	0.0054683668	0.0038424347	0.0480459947	0.0463386006	-0.0499486126	0.0996878625	0.0450821022	-0.0821756267	-0.0521598752	-0.063059526	-0.0756759594	0.0206977752	-0.1593042021	-0.0680735748	0.0078236952	-0.1644878132	-0.1317300094	0.016927554	0.0649172157	0.1107224215	0.031483603	0.0582823049	0.0059758143	0.0586815135	-0.0145797623	-0.0342373892	0.0371519283	0.0502931389	0.1015338558	-0.0147172296	-0.1338753635	0.0366424305	-0.165336665	-0.0732102214	-0.0063591837	0.0771971627	0.0050169253	0.0417476228	0.1017559052	-0.0324245987	0.0071804146	-0.0098336915	-0.0552233724	0.0558072705	-0.2365732198	-0.0084056133	0.3099497676	0.0084730869	-0.0722614174	-0.0122586193	0.0706758955	-0.0900593288	0.1860748108	-0.1970570313	0.1820594823	0.0606983606	0.2054999236	0.2311825123	0.0998081272	-0.1709089919	-0.1285578634	0.1269376627	-0.1242524367	0.1205247148	-0.3461739147815024	-0.0147687902086914	0.0002181171642283	0.1198363792751508	0.1176834405451359	0.12785070410672	0.016345802540584	0.0138493921785405	1.2038465203723447	-0.0190639361828957	0.0003634336627855	1.4492464446126023	-0.0157326628932389	0.0034979459923501	1.2235626165398809e-05	0.0002475166817122	0.0038571173419841	0.0023894334980384	5.709392441548026e-06	1.487735418983449e-05	-0.0010642278635947	0.0011248699510891	1.2653324068631946e-06	1.132580945651339e-06	0.0	0.0	0.0	0.0	0.0	0.0	0.0	0.0	0.0	0.0	0.0	1.0	0.0
869.158540774261	-2.8486048423610555	755436.5690008427	8.114549547922854	1366.1259425624355	-2.23345947265625	4.988341215997934	1866300.090942103	851.7225371135878	-2.006056447840137	4.024262471920991	725431.280227207	933.3837709072004	768.4235584698811	1.293719	34.551098	0.9748268785229456	0.5334263780142956	0.0335268814	-0.2589157855	-0.2281371477	0.0295428802	-0.1748792578	-0.1054644175	-0.1449309975	-0.1741933549	0.0525791727	-0.156662518	-0.2419829306	0.0033944473	-0.0026786037	-0.2091681289	-0.1542125791	-0.1365085566	-0.1551359797	0.0972555749	0.0909499243	-0.0817702543	-0.0945797919	-0.0012582703	-0.1338388993	0.0387053313	0.0088467941	0.0596327035	-0.030767136	0.0550997556	-0.0134730897	-0.0887422498	-0.0725949422	-0.0957916711	0.1264016398	-0.1236590831	0.0522845956	0.1350980924	-0.0481879054	0.0165952202	0.1070731455	-0.0119872286	-0.0359076319	0.1104105521	0.0534646508	0.0762298395	-0.0442382497	0.0645085417	-0.084035441	7.40651e-05	-0.050217395	-0.0534671673	-0.0781703228	-0.0038685435	0.1027472793	0.244501584	0.2024986474	-0.0195475447	0.1066396989	-0.0773568464	-0.1008685799	0.0564359236	-0.0433433757	0.0647484753	0.139705634	0.0906762742	-0.0095336581	-0.0729938	-0.0579241428	-0.0040247302	-0.0085161377	-0.002743401	-0.0677452307	0.0123248395	0.0569180977	0.0887734299	-0.1449917459	-0.0391864112	0.0234050206	-0.0777230681	-0.0235651373	-0.0139548296	-0.1006975104	0.0982307882	-0.1309956786	0.0216927064	-0.0637705811	0.1187860621	-0.0190038177	-0.0438035436	0.2811482697	0.1416492264	-0.1354393445	0.1362924413	0.036921677	-0.0140589183	-0.0001891075	0.0303115444	-0.0122361694	-0.035559141	-0.0629640984	-0.0702450743	-0.0061743464	0.0452510086	0.0186212867	0.0106779084	0.0113763226	-0.1846031127	-0.028315845	0.0317670855	0.1261690169	0.044072509	-0.0237136586	-0.1288230331	0.1279949812	-0.1266188352	0.124700488	-0.3912109167240061	-0.0450370019425037	0.002028331543969	0.1530459813640372	-0.0924173328883739	-0.2101007734335098	0.044142334997359	0.0085409634182005	1.5476957871487116	0.3438492667763668	0.1182323182626451	2.39536224955787	-0.0212618631336197	-0.0055292002403808	3.0572055298227096e-05	0.0004520668239127	0.0030229180443872	-0.0008341992975969	6.958884681111615e-07	9.138033503081734e-06	-0.0022176250530283	-0.0011533971894336	1.330325076593328e-06	4.91786087581877e-06	0.0	0.0	0.0	0.0	0.0	0.0	0.0	0.0	0.0	0.0	0.0	0.0	1.0
864.0411657092313	-5.117375065029705	746567.1360401674	26.187527556187774	1359.572521862683	-6.553420699752451	42.9473228679439	1848437.442204056	849.5352318794295	-2.187305234158316	4.784304187376367	721710.110204436	931.512841518005	761.2905758078851	0.915502	24.450132	0.2785316945463471	0.1481345600819304	0.0193252068	-0.3030398287	-0.2193432824	0.0929537902	-0.1994956039	-0.1607144697	-0.245756277	-0.0885676179	0.0217937905	-0.0020084743	-0.2379741772	0.1428122381	0.0619343011	-0.2365605967	-0.1500090248	-0.0866460218	-0.0393026453	0.1577148692	0.178693009	-0.007037546	-0.049702872	-0.115435807	-0.1000913384	-0.06462423	-0.1380197833	-0.0235901977	-0.000705096	-0.042672284	0.0223665811	-0.0469614897	-0.0691280076	-0.0953155854	-0.0303035833	0.0915736252	0.081459203	-0.0317993113	-0.1044752012	-0.0025348577	-0.0320209867	0.0063815792	0.0298324941	-0.0580435067	0.0231168063	0.110494092	0.0280840201	0.0381574813	0.0856697165	0.0590552213	0.0408842907	0.0447272113	0.0920332562	0.0156825787	0.1076693912	0.2964275396	0.1717003977	-0.0459387006	0.0327589397	-0.1826525862	-0.0751740236	0.1111559423	-0.0096541584	-0.0379646518	0.1117504856	0.1734685882	0.021008498	-0.0804855497	0.0684215827	0.0495197575	0.0034624461	-0.2315377918	-0.1220680992	0.0225785752	-0.0236987438	0.0279442613	-0.0097811965	-0.0626794746	-0.0109600337	-0.0083550817	-0.0768619119	-0.0708183132	-0.0489682672	-0.0418999152	0.0440262585	0.0727241364	0.0121910568	-0.0576394621	-0.0503606247	-0.0728787196	0.3149119514	0.1448113822	-0.1800488367	0.1857766456	0.0544004428	0.0310950942	-0.0675924536	0.1564621376	0.0019705824	-0.0933405607	-0.027661482	-0.0742045543	-0.0722779119	0.0013176978	0.089358325	-0.0087325731	0.1051326306	-0.1971092299	0.0025182236	-0.1024631999	0.015410446	-0.0227335965	-0.038692561	-0.1289999139	0.1287014744	-0.1282045865	0.1275100165	-0.3705111171532849	0.0206997995707212	0.000428481702268	0.1372784879341752	-0.1042467551101111	-0.0118294222217372	0.0001399352301001	0.0108673859509874	1.6346011973233203	0.0869054101746087	0.0075525503176169	2.6719210742908324	-0.0231360185481435	-0.0018741554145237	3.512458517788875e-06	0.00053527535426	0.0020432205150087	-0.0009796975293785	9.59807249070337e-07	4.174750072952417e-06	-0.0025457133607116	-0.0003280883076833	1.076419376384918e-07	6.480656514905549e-06	0.0	0.0	0.0	0.0	0.0	0.0	0.0	0.0	0.0	0.0	0.0	0.0	0.0
862.0247643508235	-2.0164013584078475	743086.6943540928	4.065874438189013	1361.307576314107	1.7350544514240482	3.010413949406405	1853158.3173301888	848.9739901214324	-0.5612417579970952	0.3149923109196699	720756.835902706	933.3723109600626	752.679991084677	0.895555	23.917427	0.1191620113619799	0.0656330184204747	0.0385552401	-0.3060978446	-0.1478565653	0.104741425	-0.099447662	-0.0534692013	-0.2481279972	0.0111077996	-0.0388933699	-0.0311626437	-0.2047945488	0.1519072909	0.0316957751	-0.2366261821	-0.2227326675	-0.0468175948	0.0112952639	0.0832738994	0.0970621074	-0.0368659095	-0.0684214437	-0.040547558	0.0255154174	-0.0349673613	0.040545593	-0.0887762577	0.0391586077	0.0035069986	0.0297953367	0.006611822	-0.0646238624	-0.0959007093	0.0255066494	0.0340106072	-0.0389822534	0.0373571475	-0.0360959224	0.0226441623	-0.1067291969	0.0052628633	-0.0209439807	0.0240170151	0.068424884	0.0538109052	0.0435452186	-0.0239601116	0.0291585951	0.0784773114	0.0102460216	0.0367534728	-0.0206905543	0.0130525954	0.065681503	0.3240060573	0.0811099105	0.0243432875	0.0801890783	-0.0638691577	-0.1015044149	0.1342164202	0.0279692467	-0.0055107606	0.0819232488	-0.0139741403	0.1334278432	-0.0225689964	0.0731437061	0.0032432006	-0.0174410063	-0.134128912	-0.0359374371	-0.0509502667	-0.0781296286	0.0232575898	0.0220667393	-0.079928204	0.1048916609	0.0418082749	-0.0848834559	0.0196894564	0.0261661693	-0.0456759891	-0.0066190984	0.0487424082	0.034943193	-0.0724015685	-0.0676664895	-0.0698543851	0.2909522663	0.130024061	-0.15163521	0.1214075658	0.0551000055	0.1207857195	-0.0344005342	0.1250469546	-0.040035811	-0.1427829756	0.0259489082	0.0041685024	0.0296802589	-0.0016853648	0.0891546174	-0.0668972606	0.1056897312	-0.2217594374	-0.1011208651	-0.0933874537	-0.0325419971	0.0163547708	-0.0561650326	-0.1290883846	0.1290552057	-0.1289999139	0.1289225186	-0.3676438367735244	0.0028672803797604	8.221296776159362e-06	0.1351619907175578	-0.1275206595550599	-0.0232739044449487	0.0005416746281126	0.0162615186133574	1.6018103869293796	-0.0327908103939407	0.0010752372462913	2.565796515674849	-0.0240349479614997	-0.0008989294133561	8.080740901969213e-07	0.0005776787235119	0.0021191650433267	7.594452831800012e-05	5.767571381443523e-09	4.490860480857854e-06	-0.002775439741904	-0.0002297263811923	5.2774210215755723e-08	7.70306576094014e-06	0.0	0.0	0.0	0.0	0.0	0.0	0.0	0.0	0.0	0.0	0.0	0.0	0.0
