#!ascii label  , from subject sub-v1s6x0051369_ses-1 vox2ras=TkReg
5080
239  1.381  -94.452  16.378 0.8999999762
470  0.667  -94.525  15.307 0.8999999762
1268  0.885  -91.338  16.747 0.8999999762
90  1.808  -94.820  15.235 0.8999999762
248  0.988  -94.836  15.018 0.8999999762
262  0.782  -95.072  14.404 0.8999999762
912  -3.144  -92.330  21.830 0.5000000000
935  0.793  -92.371  18.162 0.8000000119
1642  -1.855  -90.736  20.017 0.6999999881
1652  0.936  -89.268  18.761 0.8000000119
231  2.562  -94.536  17.023 0.8000000119
74  3.237  -94.705  15.857 0.8000000119
89  2.912  -94.842  15.197 0.8999999762
263  0.302  -95.190  13.967 0.8999999762
106  2.345  -95.290  14.012 0.8999999762
146554  1.475  -95.346  13.973 0.8999999762
1318  3.692  -91.157  12.406 0.6999999881
1320  1.950  -91.818  12.184 0.8000000119
501  0.508  -93.875  11.727 0.8999999762
514  3.101  -94.465  10.115 0.6999999881
292  4.610  -94.491  10.886 0.8000000119
438  0.292  -93.924  20.091 0.8000000119
916  -0.043  -92.556  20.473 0.8000000119
137462  0.323  -91.958  19.755 0.8000000119
1249  0.771  -90.500  19.399 0.8000000119
1250  -1.664  -91.069  19.081 0.6999999881
213  1.849  -94.429  19.371 0.6999999881
2058  0.896  -89.152  17.658 0.8000000119
210  3.660  -94.228  18.677 0.8000000119
211  3.088  -94.380  18.724 0.6999999881
222  1.606  -94.362  18.552 0.8000000119
153673  0.765  -94.062  17.275 0.8999999762
2075  -0.651  -89.980  16.479 0.8000000119
141865  4.059  -94.500  17.309 0.8000000119
954  0.589  -91.680  15.869 0.8999999762
100  3.655  -94.599  15.034 0.8000000119
110  1.011  -95.553  12.931 0.8999999762
157448  3.854  -90.845  14.532 0.6999999881
707  4.863  -93.842  15.254 0.6999999881
283  1.561  -95.535  13.000 0.8999999762
1311  2.560  -91.343  12.597 0.8000000119
724  2.197  -93.042  12.810 0.8999999762
122  3.256  -94.691  9.624 0.6999999881
894  -3.840  -92.622  23.127 0.6000000238
1609  -2.892  -90.495  22.292 0.8999999762
185  0.778  -94.103  22.515 0.8000000119
2022  -2.000  -88.822  21.768 1.0000000000
193  0.941  -94.048  21.690 0.8000000119
1226  4.037  -91.270  21.967 0.5000000000
445  3.008  -94.163  19.399 0.6999999881
446  0.789  -94.072  19.448 0.8000000119
2480  -0.647  -88.382  18.827 0.8000000119
1629  3.537  -89.973  19.930 0.5000000000
135021  1.142  -90.161  18.128 0.8999999762
1653  -1.490  -90.205  18.453 0.8000000119
925  5.190  -92.287  18.805 0.6000000238
1661  1.068  -90.124  17.007 0.8999999762
1287  0.212  -91.095  15.441 0.8999999762
1285  6.166  -90.852  15.820 0.6000000238
480  -0.285  -94.822  14.053 0.8999999762
2084  5.897  -89.120  15.687 0.5000000000
1678  5.917  -89.984  15.794 0.6000000238
1717  4.347  -90.630  12.757 0.6999999881
488  2.851  -95.078  13.588 0.8999999762
108  0.253  -95.282  13.213 0.8999999762
1709  4.264  -90.051  13.342 0.6000000238
973  3.167  -91.776  13.839 0.8000000119
142752  0.366  -95.058  12.046 0.8000000119
756  0.162  -93.194  10.099 0.8000000119
1328  3.103  -91.665  11.807 0.8000000119
1309  5.783  -90.707  13.018 0.4000000060
1005  3.736  -92.274  11.870 0.8000000119
293  3.946  -94.685  10.231 0.8000000119
1877  -2.437  -89.504  38.324 0.6999999881
2313  -2.617  -88.684  37.990 0.6999999881
1878  -3.191  -89.929  37.943 0.8000000119
1879  -3.964  -89.919  37.883 0.8000000119
149917  -5.612  -89.374  37.698 0.8000000119
1118  -1.742  -90.962  36.287 0.8000000119
147089  -3.577  -90.268  37.596 0.8000000119
1121  -2.176  -90.968  35.538 0.8000000119
1501  -4.728  -90.254  36.458 0.8000000119
1502  -5.742  -89.787  36.399 0.8000000119
153116  -6.945  -92.180  27.756 0.8999999762
624  3.582  -92.950  25.478 0.6000000238
134526  -2.558  -89.692  22.112 0.8999999762
654  -0.255  -93.830  21.397 0.8999999762
2920  -0.550  -87.598  21.153 1.0000000000
144942  -1.464  -88.676  20.285 0.8000000119
670  2.359  -93.686  20.270 0.8000000119
1630  0.618  -90.228  20.343 0.8000000119
2462  -0.546  -87.788  19.997 0.8000000119
669  3.136  -93.607  19.583 0.6999999881
1261  1.004  -91.221  17.669 0.8000000119
443  4.697  -93.705  18.547 0.6999999881
1299  -1.310  -91.602  14.650 0.8000000119
1667  6.812  -90.317  16.142 0.6000000238
229  5.249  -94.388  16.960 0.6999999881
964  -0.783  -92.082  14.473 0.8000000119
143404  3.432  -94.895  14.096 0.8999999762
141221  -1.063  -94.954  11.711 0.6999999881
294  -0.484  -95.099  11.732 0.8000000119
2545  5.481  -88.563  13.745 0.5000000000
157684  4.791  -89.356  14.991 0.5000000000
2096  4.424  -89.655  14.513 0.6999999881
1696  3.522  -90.610  13.983 0.6999999881
161555  2.935  -90.941  12.812 0.8000000119
516  1.445  -93.879  9.425 0.6999999881
149048  2.409  -92.051  11.361 0.8999999762
721  7.232  -93.460  12.757 0.5000000000
141748  6.263  -93.283  12.568 0.5000000000
130  3.158  -94.957  9.018 0.6999999881
2311  -2.465  -88.636  38.447 0.6000000238
150283  -1.788  -89.538  38.809 0.6999999881
1481  -1.466  -90.354  37.701 0.8000000119
1482  -2.179  -90.331  37.696 0.8000000119
1117  -0.800  -90.739  36.171 0.8000000119
1129  -1.512  -90.981  34.812 0.8000000119
1499  -3.200  -90.600  35.569 0.8000000119
1493  -5.091  -90.132  37.169 0.8000000119
1510  -2.588  -90.401  34.603 0.8000000119
1520  -3.284  -89.640  33.898 0.8000000119
1891  -5.384  -89.619  35.390 0.8000000119
1211  -3.560  -91.125  23.632 0.8999999762
1610  -3.268  -90.924  22.897 0.6999999881
137717  4.507  -92.953  24.392 0.6000000238
175  2.308  -93.440  23.674 0.8000000119
1219  -2.975  -91.346  22.085 0.8000000119
647  1.967  -92.902  22.803 0.6000000238
2029  -1.731  -89.701  20.111 0.8000000119
1251  -2.089  -91.800  19.949 0.6999999881
1236  0.334  -91.180  20.365 0.6999999881
657  2.514  -92.799  20.420 0.6999999881
203  1.318  -94.410  20.064 0.8000000119
2479  0.030  -88.180  18.509 0.8999999762
668  3.924  -93.332  19.011 0.6999999881
671  0.498  -93.637  19.324 0.8000000119
2059  0.246  -88.916  17.161 0.8000000119
2048  -0.386  -88.720  17.839 0.8000000119
667  4.963  -93.161  18.800 0.6999999881
1682  -0.424  -90.752  15.505 0.8000000119
153521  4.168  -89.948  18.950 0.5000000000
450  5.184  -93.792  17.972 0.6999999881
1279  -1.468  -91.139  16.126 0.8000000119
159771  8.330  -89.374  16.743 0.3000000119
924  6.304  -92.273  18.807 0.5000000000
157268  -0.859  -93.289  14.185 0.8000000119
690  6.815  -93.161  16.510 0.6999999881
462  5.712  -93.759  16.502 0.6999999881
960  6.355  -92.303  15.801 0.6000000238
145221  5.737  -91.531  15.562 0.6000000238
142695  4.253  -92.895  14.582 0.6999999881
487  3.338  -94.236  13.694 0.8999999762
305  -1.430  -94.370  10.501 0.6000000238
2107  5.970  -89.056  13.222 0.4000000060
1317  4.643  -91.410  12.498 0.6000000238
139831  7.457  -89.716  13.388 0.4000000060
985  8.248  -92.467  13.544 0.4000000060
997  6.685  -92.737  12.980 0.4000000060
506  4.584  -94.056  11.507 0.8000000119
291  5.149  -94.471  10.910 0.8000000119
156559  -0.452  -90.872  35.497 0.8000000119
2345  1.124  -88.422  32.101 0.5000000000
1918  1.755  -89.013  31.291 0.5000000000
158190  1.442  -89.230  32.579 0.5000000000
1512  -4.248  -90.124  35.570 0.8000000119
2358  1.714  -88.304  29.782 0.5000000000
1917  2.272  -90.176  31.721 0.5000000000
1903  -5.100  -89.399  33.720 0.8000000119
1929  2.005  -88.994  30.485 0.5000000000
142894  2.374  -89.771  30.942 0.5000000000
2383  1.813  -88.437  27.681 0.5000000000
2369  2.165  -88.954  28.600 0.5000000000
1936  2.551  -89.442  29.407 0.5000000000
1600  -3.277  -90.124  23.796 0.8999999762
1180  3.847  -91.878  26.146 0.5000000000
416  3.033  -93.492  23.519 0.6000000238
177  0.581  -94.091  23.087 0.8000000119
195  0.025  -94.310  21.852 0.8999999762
2440  -0.792  -88.245  22.834 1.0000000000
1621  0.298  -90.540  21.215 0.8999999762
150868  0.399  -89.535  21.676 0.8999999762
1640  0.779  -89.390  19.854 0.8999999762
159248  -1.570  -90.841  18.399 0.6999999881
2019  4.451  -89.835  20.567 0.5000000000
1269  -1.555  -91.059  17.102 0.6999999881
144348  -1.894  -91.744  15.603 0.8000000119
1257  9.484  -90.975  18.639 0.4000000060
144357  6.610  -93.208  18.325 0.6999999881
455  6.941  -93.200  17.488 0.6000000238
153453  8.259  -92.355  17.261 0.5000000000
1276  7.857  -91.871  16.675 0.5000000000
934  7.909  -92.665  18.256 0.5000000000
698  5.540  -93.414  15.612 0.6999999881
953  7.092  -92.141  16.175 0.6000000238
1315  6.398  -91.713  13.127 0.4000000060
2097  3.902  -89.930  14.033 0.6999999881
486  8.138  -93.845  12.350 0.5000000000
4339  -5.389  -84.586  38.579 0.4000000060
3228  -3.980  -87.579  40.627 0.4000000060
4345  -4.823  -84.182  37.636 0.4000000060
1480  -0.586  -90.193  37.578 0.6000000238
151428  0.784  -89.048  35.090 0.4000000060
2332  1.205  -89.002  33.040 0.6000000238
1516  1.310  -90.511  33.425 0.6000000238
634  -5.624  -93.079  24.913 0.8000000119
3316  0.817  -86.405  29.417 0.4000000060
895  -4.524  -92.957  23.600 0.6000000238
1957  2.392  -89.232  25.946 0.4000000060
1200  4.539  -91.363  24.485 0.4000000060
1188  4.156  -92.293  24.943 0.6000000238
1599  -2.911  -89.797  22.919 0.8999999762
623  4.116  -93.156  24.620 0.6000000238
409  3.074  -93.522  24.371 0.6000000238
2011  -2.307  -88.795  22.801 0.8999999762
415  3.841  -93.488  23.507 0.6000000238
427  -0.376  -94.111  22.902 0.8999999762
144939  -1.520  -88.394  22.961 1.0000000000
910  -0.395  -92.164  21.855 0.8999999762
1622  0.082  -90.196  22.337 0.8999999762
2020  0.430  -88.537  21.461 0.8999999762
892  -0.695  -92.023  23.365 0.8999999762
975  -2.580  -92.162  14.142 0.8000000119
1243  8.845  -91.561  18.796 0.5000000000
923  7.355  -92.139  18.839 0.5000000000
2490  9.602  -88.627  17.666 0.3000000119
1634  9.268  -90.259  19.163 0.4000000060
1306  8.208  -91.590  13.798 0.4000000060
142582  9.502  -93.637  10.412 0.6000000238
1753  7.749  -90.340  8.584 0.6000000238
1803  13.189  -90.434  4.864 0.4000000060
151373  13.690  -89.852  3.474 0.5000000000
3236  -4.196  -86.671  40.187 0.3000000119
148940  -5.106  -88.986  37.952 0.8000000119
2810  0.496  -87.339  32.273 0.4000000060
2339  0.643  -88.012  32.965 0.4000000060
1895  1.028  -89.880  34.702 0.6999999881
2816  0.743  -87.461  31.562 0.5000000000
1483  -4.547  -90.150  37.637 0.8000000119
161273  -8.745  -93.957  25.551 0.6000000238
2824  0.702  -86.978  30.807 0.4000000060
404  -6.836  -93.477  24.948 0.6999999881
621  -8.790  -93.460  26.436 0.8000000119
3305  0.577  -86.250  30.201 0.4000000060
139492  -7.215  -92.276  25.715 0.8000000119
609  -8.190  -92.785  27.753 0.8000000119
879  -6.284  -92.321  25.390 0.8000000119
608  -6.259  -92.552  28.378 1.0000000000
2370  1.677  -88.072  28.683 0.5000000000
1594  -4.163  -90.413  25.110 0.8999999762
1576  -5.154  -90.613  26.038 0.8999999762
1205  -4.483  -91.373  24.766 0.8999999762
3339  1.462  -86.249  27.626 0.4000000060
886  -4.834  -92.482  24.468 0.8000000119
1569  3.039  -90.298  27.571 0.5000000000
1593  -3.523  -89.862  24.732 1.0000000000
3338  3.656  -85.947  27.056 0.4000000060
1986  -2.314  -88.876  24.566 1.0000000000
156  2.243  -93.566  24.167 0.6000000238
150440  0.071  -94.270  23.076 0.8999999762
2414  -1.630  -88.717  24.228 0.8999999762
157  1.492  -93.589  24.462 0.8000000119
639  -0.847  -93.030  23.234 0.8999999762
1202  -0.725  -90.587  24.352 0.8999999762
154029  -1.177  -88.665  24.055 1.0000000000
1209  -0.513  -90.960  23.631 0.8999999762
1598  -0.575  -89.749  23.968 0.8999999762
2943  9.532  -88.462  18.440 0.3000000119
2034  9.184  -89.447  19.147 0.4000000060
1635  8.340  -90.122  19.332 0.4000000060
2932  8.762  -88.050  19.267 0.3000000119
2933  8.013  -87.895  20.003 0.3000000119
146488  10.701  -89.604  8.266 0.4000000060
743  10.259  -93.062  11.566 0.4000000060
1335  9.671  -92.171  10.584 0.5000000000
151004  7.582  -90.357  9.648 0.6000000238
1336  7.979  -91.392  9.896 0.6000000238
1779  13.633  -90.004  6.723 0.4000000060
1789  13.596  -89.979  5.322 0.4000000060
2255  12.744  -89.313  1.367 0.5000000000
134387  -6.421  -84.324  38.956 0.3000000119
2762  -3.740  -88.237  41.060 0.3000000119
3763  -5.669  -85.806  40.099 0.3000000119
3769  -4.716  -85.345  39.179 0.4000000060
4338  -4.373  -84.805  38.296 0.4000000060
1875  -1.144  -89.791  38.833 0.6000000238
3234  -2.612  -87.216  39.007 0.4000000060
3775  -2.571  -85.873  37.076 0.6000000238
2770  -2.456  -87.789  37.803 0.6999999881
830  -9.364  -91.529  33.310 1.0000000000
576  -8.799  -92.981  31.573 0.8999999762
160204  0.932  -89.207  34.392 0.4000000060
1487  0.323  -90.037  36.541 0.8000000119
2781  -3.694  -87.720  36.542 0.8000000119
827  -7.938  -91.574  33.665 0.8999999762
375  -9.628  -93.443  28.196 0.8000000119
1127  0.213  -90.791  35.012 0.8000000119
1495  -7.661  -89.825  36.069 0.8000000119
568  -8.359  -92.805  32.153 1.0000000000
3297  0.380  -86.699  31.654 0.3000000119
1881  -6.515  -89.198  37.540 0.8000000119
834  -8.129  -91.946  33.198 1.0000000000
158709  -8.436  -93.444  28.978 1.0000000000
1508  0.799  -90.494  34.407 0.6999999881
1136  -0.899  -91.104  34.109 0.8000000119
1503  -6.875  -89.531  36.092 0.8000000119
158372  -6.997  -89.529  36.725 0.8000000119
1131  -7.966  -91.140  34.247 0.8999999762
352  -6.802  -93.449  30.714 1.0000000000
594  -7.800  -93.084  28.758 1.0000000000
2823  1.222  -87.605  30.246 0.5000000000
136179  -0.156  -91.176  34.323 0.8000000119
157783  -5.493  -89.445  34.448 0.8000000119
831  -6.788  -92.217  32.870 0.8999999762
832  -7.180  -92.272  32.866 0.8999999762
1523  1.565  -90.821  32.783 0.6000000238
1896  -4.178  -89.372  33.718 0.8000000119
151539  -6.931  -93.209  29.504 1.0000000000
3856  1.375  -85.439  28.243 0.4000000060
1530  2.338  -91.018  31.858 0.6000000238
1518  -0.734  -90.567  33.153 0.8000000119
159138  -2.681  -89.116  32.792 0.8000000119
1513  -6.556  -89.860  34.238 0.8000000119
1146  1.843  -91.358  31.739 0.6999999881
1910  -4.723  -89.438  32.299 0.8000000119
1174  -6.082  -91.408  27.104 0.8999999762
1552  3.497  -90.974  29.282 0.5000000000
1584  -4.407  -90.260  25.803 1.0000000000
1173  -5.099  -90.899  27.173 1.0000000000
2869  1.706  -86.944  26.460 0.4000000060
1945  2.691  -89.632  28.776 0.5000000000
138824  -3.802  -92.468  27.863 0.8999999762
1987  -3.002  -89.263  25.131 1.0000000000
865  3.623  -92.160  27.608 0.5000000000
2877  3.167  -87.767  25.485 0.4000000060
1970  3.568  -89.642  24.862 0.4000000060
1971  2.964  -89.426  25.311 0.4000000060
388  2.793  -93.107  25.866 0.6000000238
1191  -2.044  -90.700  26.320 0.8999999762
1592  -1.642  -89.278  25.200 0.8999999762
400  1.376  -93.376  25.217 0.8000000119
178  0.195  -94.077  23.686 0.8000000119
885  -1.000  -91.978  24.851 0.8999999762
1591  -1.042  -89.848  24.846 0.8999999762
418  -0.656  -93.806  23.658 0.8999999762
1210  -0.788  -91.535  24.180 0.8999999762
640  -0.946  -93.321  23.928 0.8999999762
2934  6.953  -87.401  19.757 0.3000000119
2927  5.741  -86.783  20.812 0.3000000119
3541  14.134  -85.675  10.140 0.6000000238
1003  11.178  -91.827  11.946 0.4000000060
2189  14.145  -89.538  6.912 0.4000000060
2581  9.473  -88.272  10.296 0.6000000238
1731  9.377  -90.285  10.740 0.6000000238
2165  12.804  -89.773  8.249 0.5000000000
2136  8.886  -89.440  10.460 0.6000000238
2203  14.598  -88.906  5.220 0.5000000000
1764  13.707  -89.871  7.388 0.4000000060
2229  14.832  -88.708  3.372 0.6000000238
2230  14.342  -89.224  3.036 0.6000000238
2253  14.059  -88.572  1.872 0.6000000238
2704  13.715  -88.397  1.700 0.6000000238
3155  11.505  -87.746  2.550 0.6000000238
140763  9.961  -87.451  2.138 0.5000000000
3661  10.668  -86.662  3.676 0.6000000238
3662  9.819  -86.341  3.610 0.5000000000
2309  -2.904  -88.659  40.673 0.3000000119
4355  -4.002  -84.129  36.820 0.4000000060
146463  -10.616  -92.459  30.164 0.6000000238
2789  -2.778  -87.013  35.948 0.6999999881
2790  -3.310  -87.169  35.804 0.6999999881
159528  -9.516  -93.397  30.260 0.8999999762
365  -9.520  -93.611  29.397 0.8000000119
1125  -8.773  -90.959  34.840 1.0000000000
376  -9.866  -93.630  28.604 0.6000000238
595  -8.858  -93.186  28.230 0.8000000119
364  -8.989  -93.577  29.700 0.8999999762
354  -8.481  -93.483  30.403 1.0000000000
150571  -7.769  -90.704  34.674 0.8000000119
566  -7.089  -93.154  32.240 1.0000000000
142928  -7.326  -93.446  30.082 1.0000000000
1517  0.959  -90.704  33.721 0.6999999881
1514  -7.122  -89.795  34.911 0.8000000119
574  -5.905  -93.357  31.743 0.8999999762
1130  -7.110  -90.781  34.066 0.8000000119
362  -6.194  -93.429  30.091 1.0000000000
3847  0.658  -85.631  29.661 0.4000000060
2837  0.880  -86.902  29.985 0.4000000060
1148  0.474  -91.228  32.229 0.8000000119
1911  -5.461  -89.664  33.076 0.8000000119
838  -5.937  -92.288  32.574 0.8999999762
135659  -5.883  -92.945  32.335 0.8999999762
607  -5.279  -92.670  28.394 1.0000000000
4446  2.071  -84.779  27.868 0.4000000060
2849  1.357  -87.268  28.428 0.4000000060
1532  0.739  -91.306  31.500 0.8000000119
157718  -3.551  -88.816  31.402 0.8000000119
867  -5.045  -91.947  27.842 0.8999999762
3870  1.914  -85.589  27.356 0.4000000060
1930  -1.921  -89.163  30.348 0.8000000119
3359  2.580  -86.941  25.795 0.4000000060
605  -3.246  -93.182  28.065 0.8999999762
873  -3.179  -91.947  27.415 0.8999999762
1958  -3.117  -89.784  26.411 1.0000000000
599  3.023  -92.673  27.244 0.6999999881
138905  -1.742  -92.718  26.316 0.8999999762
878  -1.872  -91.859  26.302 0.8999999762
401  0.401  -93.599  25.642 0.8999999762
1190  -1.406  -91.334  25.644 0.8999999762
146216  -0.383  -93.982  25.363 0.8999999762
160  -0.905  -93.488  24.997 0.8999999762
137407  13.099  -89.302  12.720 0.4000000060
1723  12.134  -90.480  12.362 0.4000000060
3053  10.272  -87.239  9.902 0.6999999881
1726  10.375  -90.485  11.069 0.6000000238
2600  11.534  -87.954  9.159 0.6000000238
2616  13.149  -89.087  8.678 0.6000000238
2677  15.996  -87.740  3.753 0.4000000060
3138  16.555  -87.191  3.251 0.5000000000
2689  15.981  -87.584  2.963 0.4000000060
3152  14.480  -87.801  2.138 0.6000000238
133971  13.144  -87.389  2.925 0.6000000238
3125  11.749  -87.217  3.302 0.6000000238
5383  -10.780  -83.827  -0.434 0.6999999881
5374  -10.918  -83.756  0.696 0.6000000238
138127  12.947  -85.932  5.251 0.6000000238
138636  11.189  -86.459  4.294 0.6000000238
4174  9.568  -85.471  4.572 0.6999999881
4709  10.762  -84.501  6.873 0.6000000238
4175  8.740  -85.033  4.241 0.5000000000
4753  7.902  -84.754  3.479 0.5000000000
4354  -3.133  -84.636  36.344 0.5000000000
3783  -2.634  -85.501  36.338 0.6000000238
1873  -1.898  -89.208  39.705 0.5000000000
3263  -3.083  -86.581  35.292 0.6999999881
3264  -3.810  -86.778  35.087 0.6999999881
140390  -4.570  -87.711  36.650 0.8000000119
2325  -5.390  -88.079  37.337 0.8000000119
2771  -6.356  -88.036  37.586 0.8000000119
829  -8.952  -91.559  33.651 1.0000000000
134297  -7.911  -88.859  37.491 0.8000000119
153570  -7.466  -93.324  31.779 1.0000000000
351  -5.402  -93.481  30.469 0.8999999762
1527  -5.945  -90.570  32.857 0.8000000119
1534  -0.762  -89.696  31.459 0.8000000119
1536  -4.826  -90.188  31.854 0.8000000119
572  -4.724  -93.045  31.506 0.8999999762
1145  2.587  -91.412  31.196 0.6000000238
1923  -4.216  -89.296  31.493 0.8000000119
1149  -3.999  -91.873  31.282 0.8000000119
591  -4.559  -93.167  28.659 0.8999999762
3868  3.291  -85.232  27.480 0.3000000119
1161  2.755  -91.581  30.486 0.5000000000
1163  0.873  -91.204  29.933 0.8000000119
1919  -0.925  -89.450  30.624 0.8000000119
383  -3.656  -93.366  28.531 0.8999999762
3878  2.911  -85.730  26.744 0.4000000060
857  3.339  -92.162  28.426 0.5000000000
1533  -0.045  -90.490  31.212 0.8000000119
1545  -1.859  -89.886  29.608 0.8000000119
382  -2.787  -93.435  28.290 0.8999999762
2876  3.960  -88.070  25.501 0.4000000060
158273  2.110  -92.495  27.901 0.6999999881
616  1.785  -93.070  26.471 0.6000000238
380  -1.752  -93.502  27.661 0.8999999762
626  -1.389  -93.046  25.946 0.8999999762
152957  0.792  -93.166  26.399 0.8999999762
617  -0.066  -93.506  26.364 0.8999999762
391  -0.931  -93.588  26.603 0.8999999762
3543  11.989  -85.691  10.502 0.6000000238
3023  10.383  -87.088  11.146 0.5000000000
2125  11.971  -89.687  12.086 0.5000000000
3051  11.967  -87.192  9.420 0.6000000238
2627  15.232  -88.383  7.729 0.5000000000
2598  13.429  -88.556  9.055 0.4000000060
2163  14.118  -89.249  8.505 0.4000000060
2164  13.449  -89.609  8.351 0.4000000060
2188  14.559  -88.937  6.192 0.5000000000
3672  15.893  -86.913  2.512 0.5000000000
2662  15.416  -88.260  4.360 0.4000000060
4233  -11.224  -85.190  1.877 0.5000000000
4172  14.624  -85.776  4.771 0.6000000238
3659  14.499  -86.716  3.108 0.5000000000
4159  13.691  -85.730  5.241 0.6000000238
4708  11.660  -84.629  6.949 0.6000000238
4722  9.513  -84.642  5.670 0.6999999881
4173  10.271  -85.735  4.795 0.6999999881
4735  9.285  -85.029  4.992 0.6000000238
5291  8.934  -83.933  6.029 0.5000000000
4736  7.953  -84.224  4.319 0.5000000000
160276  7.570  -82.992  5.571 0.6000000238
1143  -9.527  -91.261  32.520 0.8999999762
3273  -3.485  -86.181  34.559 0.6999999881
843  -9.592  -92.377  31.143 0.8999999762
840  -9.058  -92.298  31.876 1.0000000000
3255  -6.356  -86.909  36.241 0.8000000119
1887  -8.299  -89.577  36.696 0.8999999762
1505  -9.248  -90.503  35.440 1.0000000000
2782  -6.771  -87.407  37.208 0.8000000119
1150  -4.630  -91.461  31.797 0.8999999762
1908  -2.907  -88.825  31.961 0.8000000119
161558  -4.142  -92.711  31.281 0.8999999762
1920  -1.682  -88.988  31.348 0.8000000119
1156  -3.379  -91.241  30.595 0.8000000119
349  -3.953  -93.569  29.985 0.8999999762
350  -4.648  -93.510  30.196 0.8999999762
141673  -2.640  -90.615  29.975 0.8000000119
841  -3.496  -92.532  30.713 0.8999999762
845  2.441  -91.800  30.080 0.6999999881
849  3.102  -91.956  29.287 0.6000000238
1555  -0.594  -90.197  29.568 0.8000000119
581  -2.677  -93.396  29.486 0.8999999762
370  -3.188  -93.626  28.821 0.8999999762
859  2.420  -92.230  28.636 0.6999999881
381  -2.150  -93.551  27.932 0.8999999762
587  0.049  -92.459  27.503 0.8999999762
602  -0.855  -93.356  27.448 0.8999999762
1860  -3.868  -89.614  0.896 0.6000000238
3196  -4.235  -87.602  -0.593 0.6999999881
1858  -2.893  -89.678  0.250 0.5000000000
151646  -3.186  -90.076  0.605 0.5000000000
1861  -4.870  -90.064  1.439 0.6000000238
156067  -3.666  -87.614  -1.245 0.6000000238
150560  -5.884  -90.118  1.528 0.6000000238
1850  -7.480  -90.222  0.897 0.6000000238
2597  14.794  -88.350  9.258 0.6000000238
3566  10.650  -86.578  10.253 0.6000000238
1851  -8.249  -90.107  1.035 0.6000000238
2735  -9.422  -88.237  0.760 0.6000000238
2736  -9.741  -87.430  1.436 0.6000000238
3124  16.509  -87.344  4.136 0.5000000000
3193  -9.886  -86.621  1.246 0.6999999881
4792  -11.288  -84.502  1.823 0.5000000000
4720  14.670  -84.638  5.971 0.4000000060
7415  4.055  -79.911  0.101 0.5000000000
6791  3.480  -80.265  0.411 0.6000000238
5267  12.589  -83.304  8.000 0.5000000000
4721  13.853  -84.980  6.074 0.6000000238
4686  11.200  -84.041  7.711 0.5000000000
6282  2.632  -81.724  0.374 0.6999999881
5268  11.699  -83.390  8.128 0.5000000000
4707  12.545  -84.679  6.904 0.6000000238
5758  9.206  -82.841  7.584 0.5000000000
7388  4.342  -79.387  1.306 0.5000000000
6281  2.948  -81.020  0.870 0.6999999881
141598  3.250  -80.671  2.407 0.6999999881
5759  8.516  -82.274  7.451 0.5000000000
6731  3.529  -80.286  5.086 0.6999999881
5771  7.984  -82.728  6.317 0.5000000000
5292  8.184  -83.351  5.739 0.6000000238
5761  6.819  -81.829  6.400 0.6999999881
5501  -4.910  -82.167  36.936 0.3000000119
6507  -3.755  -80.335  35.889 0.3000000119
134327  -9.875  -90.913  33.373 0.8999999762
150359  -10.430  -90.169  34.054 1.0000000000
1538  -9.463  -91.429  31.537 0.8000000119
3266  -6.374  -86.227  35.167 0.8000000119
1497  -8.742  -90.116  36.117 0.8999999762
1506  -9.925  -90.330  34.792 1.0000000000
2772  -7.622  -87.288  37.479 0.8000000119
2320  -9.104  -88.139  37.541 0.8999999762
846  -2.870  -92.971  30.047 0.8999999762
1554  0.065  -90.581  29.656 0.8000000119
854  -1.706  -92.487  29.167 0.8000000119
852  1.036  -91.372  29.091 0.8000000119
862  -1.385  -92.891  28.595 0.8999999762
149678  1.509  -92.163  28.066 0.8000000119
860  0.728  -91.742  28.181 0.8000000119
588  -1.141  -92.957  28.148 0.8999999762
146179  -4.189  -88.000  0.224 0.6000000238
3700  -4.880  -86.974  -0.145 0.5000000000
153669  -2.979  -88.858  -0.615 0.6000000238
2260  -6.154  -89.528  2.102 0.6000000238
3204  -2.015  -87.518  -1.905 0.5000000000
2274  -7.303  -89.255  0.892 0.6999999881
153388  1.623  -80.428  -5.688 0.6000000238
2734  -8.835  -88.142  -0.122 0.6000000238
138720  3.066  -80.319  -2.997 0.5000000000
6877  2.110  -80.322  -4.673 0.6000000238
155370  1.238  -81.405  -3.638 0.6000000238
3728  0.280  -86.414  -3.150 0.6000000238
144308  -9.545  -87.473  0.584 0.6000000238
3715  2.059  -86.408  -2.357 0.5000000000
6828  3.368  -80.403  -2.051 0.5000000000
6325  2.014  -81.241  -2.881 0.6999999881
5875  1.757  -82.234  -2.635 0.6999999881
4267  1.530  -85.543  -2.694 0.6000000238
3709  -10.137  -85.666  1.651 0.6999999881
4808  -10.546  -84.106  0.848 0.6999999881
6792  2.939  -80.853  -0.027 0.6999999881
5368  2.358  -83.156  -0.197 0.6999999881
140463  3.050  -84.974  -0.628 0.6000000238
4240  3.586  -85.810  -0.504 0.5000000000
3705  3.152  -86.367  -1.251 0.4000000060
5283  10.292  -83.803  7.505 0.5000000000
5831  2.924  -81.953  1.276 0.6999999881
5842  2.858  -82.724  0.678 0.6000000238
5355  3.045  -83.509  0.406 0.6000000238
4800  3.804  -84.996  0.060 0.5000000000
138130  4.836  -79.144  1.812 0.5000000000
7354  3.616  -79.401  3.424 0.6999999881
154968  3.427  -82.164  2.022 0.6000000238
6211  11.847  -81.314  7.017 0.5000000000
148984  11.244  -81.632  7.907 0.5000000000
6699  10.196  -80.709  7.775 0.5000000000
148635  4.110  -78.773  4.275 0.6000000238
5820  3.868  -82.871  2.454 0.4000000060
4776  3.795  -84.857  1.525 0.5000000000
6215  6.339  -81.103  6.984 0.6000000238
7320  4.681  -79.468  6.714 0.8000000119
6228  3.015  -81.073  5.820 0.5000000000
5762  5.800  -81.730  6.456 0.6999999881
6217  4.052  -80.988  6.765 0.6000000238
5764  3.524  -81.800  6.471 0.5000000000
6498  -5.285  -80.875  37.643 0.3000000119
5500  -4.357  -82.598  36.266 0.3000000119
6508  -4.322  -80.813  36.438 0.3000000119
135291  -4.285  -79.946  36.759 0.3000000119
5523  -3.644  -82.542  33.389 0.5000000000
2330  -10.510  -88.821  34.160 1.0000000000
2334  -10.565  -88.927  33.372 0.8999999762
1925  -9.125  -90.155  31.624 0.8999999762
855  -2.325  -92.473  29.670 0.8000000119
1169  0.076  -91.284  28.482 0.8000000119
853  -0.842  -91.733  28.568 0.8000000119
3716  -4.263  -86.406  -1.056 0.5000000000
3693  -4.612  -87.102  0.686 0.5000000000
2724  -4.506  -88.641  1.322 0.6000000238
3733  -3.705  -85.961  -2.536 0.5000000000
3177  -4.475  -87.926  1.775 0.6000000238
2272  -4.976  -89.230  1.633 0.6000000238
3731  -2.506  -86.241  -3.103 0.6000000238
2747  -2.115  -88.216  -1.383 0.5000000000
3209  -0.217  -86.894  -2.765 0.4000000060
156603  -1.382  -87.344  -2.305 0.5000000000
2746  -1.246  -87.929  -1.755 0.5000000000
2733  -8.323  -88.437  0.161 0.6000000238
5904  -0.225  -82.203  -4.117 0.6999999881
4276  -0.841  -85.650  -3.632 0.6000000238
6800  -11.532  -80.648  0.788 0.6000000238
6878  0.809  -80.642  -5.220 0.6000000238
6351  0.329  -81.167  -4.323 0.6000000238
5410  0.014  -83.536  -4.206 0.6999999881
5402  1.077  -83.630  -3.723 0.6999999881
139777  0.044  -85.666  -3.685 0.6000000238
3202  0.106  -87.473  -2.414 0.6000000238
152185  -9.037  -86.448  -0.451 0.6999999881
154290  0.516  -81.988  -3.867 0.6999999881
4839  1.003  -84.479  -3.751 0.6000000238
4274  0.966  -85.315  -3.472 0.6000000238
3724  0.976  -86.755  -2.820 0.6000000238
6304  2.704  -81.064  -1.394 0.6999999881
5390  1.505  -83.281  -2.943 0.6999999881
137169  1.438  -84.029  -2.299 0.6000000238
3719  -9.808  -84.936  1.196 0.6999999881
5845  -11.426  -82.978  0.951 0.6000000238
143089  -11.318  -83.115  2.033 0.4000000060
157269  -11.049  -82.433  2.237 0.4000000060
6808  3.613  -80.365  -0.535 0.5000000000
5369  1.951  -82.833  -0.890 0.6999999881
4802  1.916  -83.642  -0.910 0.6000000238
4817  2.067  -84.602  -1.156 0.6000000238
4251  2.701  -85.513  -1.201 0.5000000000
4257  -9.552  -84.718  1.056 0.6999999881
7389  3.749  -79.574  1.711 0.6000000238
6700  9.299  -80.672  8.147 0.5000000000
7340  7.382  -79.206  4.934 0.6000000238
7341  6.581  -78.972  4.590 0.6000000238
7342  5.925  -78.766  4.273 0.6000000238
151707  8.621  -80.618  8.197 0.5000000000
6701  8.066  -80.100  8.075 0.6000000238
7979  5.430  -78.473  5.834 0.6000000238
5343  4.157  -83.613  1.948 0.5000000000
6702  7.252  -79.912  7.953 0.6000000238
7969  5.827  -78.603  6.564 0.6000000238
7970  5.044  -78.776  6.470 0.6000000238
6722  3.499  -80.308  5.950 0.6999999881
5789  3.060  -81.906  4.315 0.5000000000
5808  2.737  -82.628  3.883 0.5000000000
6214  7.218  -81.298  7.186 0.4000000060
5763  4.563  -81.728  6.609 0.5000000000
8305  -3.524  -77.547  38.556 0.3000000119
6005  -3.838  -81.220  35.630 0.3000000119
6514  -3.536  -80.676  34.953 0.3000000119
7681  -2.578  -78.424  36.871 0.3000000119
139779  -3.432  -83.015  33.869 0.5000000000
4972  -3.969  -83.153  32.885 0.5000000000
148660  -3.823  -81.075  33.266 0.5000000000
144476  -5.560  -83.646  32.773 0.6999999881
3800  -5.943  -85.696  34.167 0.6999999881
1537  -9.285  -90.789  31.405 0.8000000119
138800  -10.353  -87.446  33.549 0.8999999762
2347  -9.192  -89.028  31.756 0.8999999762
4804  -3.743  -84.640  -0.900 0.6000000238
4268  -4.020  -85.499  -2.618 0.6000000238
3726  -3.758  -86.361  -1.593 0.5000000000
3163  -4.612  -87.378  2.636 0.6000000238
2701  -6.520  -88.661  2.809 0.6999999881
6378  -2.251  -81.362  -6.960 0.5000000000
149416  -2.974  -81.606  -6.568 0.6000000238
4287  -3.397  -85.068  -3.642 0.6000000238
138014  -3.310  -87.410  -1.577 0.6000000238
5917  -1.955  -82.197  -5.374 0.6999999881
4853  -1.934  -84.301  -4.043 0.6999999881
4286  -2.456  -84.982  -3.759 0.6000000238
2702  -7.223  -88.566  2.118 0.6999999881
145244  -1.433  -82.378  -4.837 0.6999999881
5412  -1.501  -83.697  -4.276 0.6000000238
4284  -0.330  -85.044  -4.053 0.6000000238
3185  -8.111  -87.964  0.373 0.6999999881
143754  -8.566  -87.098  -0.068 0.6999999881
146533  -11.500  -79.047  1.023 0.6000000238
5411  -0.628  -83.765  -4.257 0.6999999881
3694  -7.822  -86.950  1.974 0.6999999881
4275  0.220  -85.061  -4.062 0.6000000238
6783  -11.393  -80.807  1.873 0.4000000060
5859  2.334  -82.000  -1.103 0.6999999881
5854  -11.387  -82.272  -0.101 0.6000000238
6754  7.943  -80.919  3.180 0.5000000000
7372  5.375  -78.996  2.568 0.6000000238
7999  4.618  -78.524  3.891 0.6000000238
6742  7.459  -80.330  3.675 0.6000000238
145222  3.954  -78.786  3.431 0.6000000238
6266  3.560  -81.826  2.718 0.6999999881
7339  8.200  -79.443  5.193 0.6000000238
7987  4.570  -78.550  4.738 0.6000000238
6744  3.564  -80.209  4.000 0.6000000238
160925  -9.672  -84.207  -1.410 0.6000000238
7317  7.229  -78.775  7.056 0.6000000238
7318  6.359  -78.789  7.118 0.6000000238
7343  4.011  -78.963  5.091 0.6999999881
6728  9.503  -80.187  5.030 0.5000000000
7310  6.088  -79.405  7.457 0.6000000238
6704  5.287  -79.805  7.252 0.6999999881
6216  5.194  -80.846  7.008 0.6000000238
5516  -3.445  -82.195  34.096 0.4000000060
6012  -3.396  -81.045  34.169 0.3000000119
7074  -3.839  -79.242  37.010 0.3000000119
7094  -3.303  -79.790  35.153 0.3000000119
7100  -2.869  -79.566  34.240 0.3000000119
6018  -5.649  -81.983  32.752 0.6999999881
155209  -4.077  -82.417  32.870 0.6000000238
149067  -6.387  -83.278  33.173 0.6999999881
4974  -6.962  -83.347  33.707 0.6999999881
5526  -6.736  -82.729  33.497 0.6999999881
1913  -10.417  -89.899  32.911 0.8999999762
3786  -8.657  -85.154  36.717 0.8000000119
1924  -8.578  -89.372  30.671 0.6000000238
135077  -10.296  -87.098  34.602 1.0000000000
2811  -10.053  -87.839  32.379 0.8999999762
2348  -9.997  -88.303  32.466 0.8999999762
5379  -4.086  -84.111  -2.157 0.6999999881
4231  -3.631  -85.375  0.591 0.6999999881
141808  -4.424  -84.020  -2.826 0.6999999881
4232  -4.460  -85.909  0.176 0.6000000238
2700  -5.703  -88.873  2.917 0.6999999881
5415  -4.420  -83.147  -4.344 0.6999999881
4279  -3.918  -85.527  -3.212 0.6000000238
155976  -4.368  -87.141  1.637 0.6000000238
147292  -3.393  -82.585  -5.326 0.6999999881
3146  -5.551  -87.652  3.387 0.6000000238
3165  -6.560  -87.775  3.086 0.6999999881
6362  -0.563  -81.214  -5.506 0.6000000238
5906  -2.045  -82.935  -4.815 0.6999999881
3730  -1.441  -86.292  -3.187 0.5000000000
8051  -11.110  -78.488  -0.262 0.6000000238
150139  -1.296  -83.129  -4.368 0.6999999881
3701  -8.813  -86.298  0.426 0.8000000119
6817  -11.274  -80.367  -0.331 0.6000000238
3717  -8.998  -85.895  -0.100 0.8000000119
5893  1.159  -82.552  -3.552 0.6999999881
6834  -10.793  -80.143  -1.487 0.6999999881
4255  -9.181  -84.873  0.337 0.6000000238
138174  -10.843  -82.960  -1.103 0.6999999881
7371  6.024  -79.385  3.176 0.6000000238
6743  6.628  -79.998  3.441 0.6000000238
6029  -5.316  -81.321  32.692 0.6000000238
4363  -7.676  -84.520  35.089 0.8000000119
4364  -8.494  -84.231  36.076 0.8000000119
141065  -10.063  -85.809  36.330 1.0000000000
5391  -4.227  -83.511  -2.489 0.6999999881
4223  -3.497  -85.524  1.636 0.6999999881
3680  -4.638  -86.814  3.340 0.6999999881
4224  -4.036  -86.459  2.213 0.6999999881
8041  -11.198  -77.958  0.500 0.6000000238
136384  -3.243  -84.363  -4.074 0.6999999881
7422  -10.957  -79.145  -1.119 0.6999999881
8018  -11.618  -78.760  2.576 0.6000000238
140439  -11.507  -79.846  1.910 0.5000000000
136703  -10.895  -81.993  -1.329 0.6999999881
4356  -9.181  -84.336  36.809 0.8000000119
2360  -8.029  -88.758  29.801 0.6000000238
3268  -10.109  -86.621  35.716 1.0000000000
3282  -10.278  -86.608  32.862 0.8999999762
3299  -10.295  -86.668  32.020 0.8000000119
2826  -7.918  -87.865  30.579 0.6999999881
5378  -3.633  -83.360  -1.818 0.6000000238
157405  -3.032  -84.121  -0.701 0.5000000000
5876  -4.057  -82.674  -2.410 0.6000000238
4778  -2.976  -84.836  1.119 0.6999999881
4198  -3.707  -85.366  3.728 0.6000000238
6889  -4.882  -81.228  -5.332 0.5000000000
5907  -4.847  -82.458  -4.327 0.6999999881
137968  -4.821  -82.806  -3.827 0.6999999881
148554  -2.916  -84.969  2.124 0.6999999881
4214  -3.462  -85.599  2.710 0.6000000238
3667  -5.397  -86.880  3.632 0.6999999881
134340  -10.074  -74.603  1.114 0.6000000238
4777  -2.497  -84.323  2.531 0.6000000238
10264  -10.337  -75.514  0.060 0.6000000238
9521  -10.974  -76.604  1.297 0.6000000238
6902  -3.069  -81.077  -7.212 0.5000000000
6366  -4.337  -81.720  -5.717 0.6000000238
5919  -4.129  -82.359  -5.301 0.6999999881
4180  -4.894  -85.310  4.417 0.6000000238
8730  -11.370  -77.391  1.503 0.6000000238
3668  -6.089  -86.528  3.595 0.6999999881
8744  -10.518  -76.637  -0.644 0.6000000238
4745  -4.749  -84.434  4.792 0.6000000238
4216  -7.171  -85.451  2.932 0.6999999881
150901  -6.716  -86.163  3.168 0.6999999881
155817  -10.737  -78.053  -1.313 0.6000000238
5328  -6.080  -83.974  3.844 0.6999999881
4771  -7.654  -84.717  2.596 0.6999999881
4225  -9.059  -84.988  1.202 0.6999999881
4780  -7.935  -84.296  1.940 0.6999999881
4791  -8.239  -84.054  0.530 0.6999999881
5382  -10.205  -83.392  -1.723 0.6999999881
5863  -10.217  -82.482  -2.109 0.6999999881
6329  -9.385  -81.554  -2.988 0.6999999881
4807  -8.819  -84.328  -0.220 0.6999999881
5393  -9.236  -83.277  -2.701 0.6999999881
5879  -9.296  -82.631  -3.040 0.6999999881
5373  -8.329  -83.769  -0.605 0.6999999881
3308  -7.894  -86.928  30.666 0.6000000238
3307  -7.113  -86.521  30.305 0.5000000000
14036  -7.847  -69.677  6.503 0.6999999881
5877  -4.663  -82.436  -3.304 0.6000000238
4803  -2.495  -83.816  -0.132 0.5000000000
11785  -9.646  -73.094  1.815 0.6000000238
11027  -10.282  -74.055  1.968 0.6000000238
4789  -2.376  -84.083  0.819 0.6000000238
4759  -2.687  -84.139  3.572 0.5000000000
8719  -11.628  -77.775  2.505 0.6000000238
4760  -3.413  -84.641  4.180 0.6000000238
143187  -10.140  -75.903  -0.480 0.6000000238
10232  -10.563  -75.005  2.010 0.6000000238
9499  -11.363  -76.415  2.288 0.6000000238
4200  -5.561  -85.760  3.962 0.6000000238
9572  -10.198  -76.590  -1.167 0.6000000238
8006  -11.619  -78.487  3.390 0.5000000000
6833  -10.255  -80.038  -2.673 0.6999999881
5812  -5.524  -83.036  4.063 0.6999999881
148904  -7.943  -84.025  1.058 0.6999999881
134246  -8.582  -82.863  -2.181 0.6999999881
5372  -7.929  -83.254  -0.432 0.6999999881
8779  -7.057  -77.665  -1.950 0.5000000000
137973  -8.634  -84.259  30.882 0.8000000119
139527  -9.233  -72.345  2.548 0.6999999881
11762  -8.708  -72.835  1.930 0.6999999881
11774  -8.930  -73.337  1.588 0.6999999881
9469  -11.601  -76.590  4.324 0.5000000000
10263  -9.660  -74.571  0.501 0.6999999881
10233  -11.265  -75.685  2.720 0.6000000238
9482  -11.602  -76.421  3.385 0.6000000238
8705  -11.672  -77.237  3.878 0.5000000000
5313  -4.564  -83.537  5.048 0.6000000238
4746  -5.448  -84.720  4.367 0.6000000238
6242  -4.076  -82.010  5.037 0.6000000238
8068  -9.805  -78.281  -2.553 0.6999999881
148820  -4.869  -82.400  3.454 0.6000000238
5824  -5.280  -83.046  2.605 0.6999999881
5347  -7.096  -83.842  1.329 0.6999999881
145436  -9.897  -79.681  -3.163 0.6999999881
5823  -4.775  -82.481  2.000 0.6999999881
5878  -8.816  -82.174  -2.664 0.6999999881
5010  -6.012  -84.196  29.852 0.6000000238
14970  -8.164  -69.879  5.937 0.6999999881
14947  -8.948  -69.665  7.117 0.8000000119
13246  -8.991  -70.815  3.714 0.6000000238
12492  -9.432  -71.968  3.283 0.6000000238
11763  -9.657  -72.846  2.885 0.6000000238
11733  -9.994  -72.944  4.873 0.6999999881
12491  -8.153  -71.829  3.298 0.6999999881
158577  -10.832  -74.372  5.691 0.6000000238
10962  -10.862  -74.476  4.953 0.6000000238
10999  -10.560  -74.124  2.867 0.6000000238
8743  -9.382  -76.708  -0.451 0.6000000238
10190  -11.163  -75.073  4.298 0.6000000238
146858  -9.865  -77.551  -1.980 0.6000000238
7439  -9.313  -79.248  -2.479 0.6999999881
6832  -8.983  -80.347  -2.541 0.6999999881
5836  -5.898  -83.381  1.219 0.6999999881
5843  -6.449  -83.167  0.808 0.6999999881
5853  -7.945  -82.622  -0.873 0.6999999881
7418  -5.379  -79.864  -0.710 0.5000000000
137908  -6.092  -83.273  30.132 0.6000000238
6043  -6.093  -80.668  30.193 0.6000000238
136497  -7.613  -75.668  29.179 0.5000000000
153635  -7.510  -75.015  29.373 0.6999999881
11382  -8.610  -73.693  28.062 0.6000000238
14931  -7.771  -68.452  8.593 0.6999999881
14945  -7.954  -69.031  7.074 0.6999999881
14066  -9.064  -70.632  4.507 0.6000000238
12480  -9.636  -71.919  4.260 0.6000000238
11747  -9.906  -72.788  3.786 0.6000000238
5327  -3.239  -83.766  4.555 0.5000000000
11009  -8.675  -73.482  1.677 0.6999999881
10230  -8.872  -75.001  1.127 0.6999999881
10176  -11.197  -75.244  5.132 0.5000000000
10157  -11.205  -75.895  6.747 0.6000000238
10251  -9.214  -75.785  0.762 0.6999999881
147111  -11.086  -76.685  6.152 0.5000000000
8692  -11.543  -77.445  4.742 0.5000000000
136859  -9.463  -78.063  -0.307 0.6999999881
8050  -9.412  -78.366  -1.584 0.6999999881
6268  -3.885  -81.108  3.598 0.5000000000
5811  -4.705  -82.516  4.617 0.6000000238
6815  -8.627  -80.880  -1.313 0.6999999881
5834  -4.989  -82.411  1.033 0.6999999881
6285  -5.516  -82.206  0.730 0.6999999881
5844  -7.180  -82.909  0.302 0.6999999881
6296  -8.138  -81.960  -1.038 0.6999999881
140847  -6.650  -78.909  -1.170 0.6000000238
6814  -5.805  -80.891  0.101 0.6000000238
6048  -5.827  -81.808  29.568 0.5000000000
154157  -6.942  -80.409  30.530 0.6999999881
7132  -6.692  -79.070  30.531 0.6999999881
6550  -5.855  -80.228  30.022 0.5000000000
7750  -5.911  -78.453  30.129 0.6999999881
8381  -5.962  -76.807  31.059 0.8000000119
149899  -5.758  -78.018  30.012 0.6999999881
9125  -5.906  -76.123  31.030 0.8000000119
9846  -6.476  -75.474  31.452 0.8999999762
16665  -9.222  -67.409  14.467 0.6000000238
143499  -9.192  -66.811  13.703 0.8000000119
15819  -7.850  -67.969  9.317 0.6999999881
155090  -9.288  -68.770  10.506 0.8000000119
15768  -9.401  -68.343  13.439 0.6000000238
14932  -9.166  -69.259  9.033 0.8000000119
14921  -9.359  -69.811  10.253 0.6999999881
14030  -9.244  -69.858  7.793 0.8000000119
14010  -9.359  -70.218  9.556 0.6999999881
13191  -9.481  -71.383  9.745 0.6000000238
12431  -9.549  -71.700  8.387 0.6000000238
14050  -7.930  -70.310  5.295 0.6999999881
13221  -9.282  -70.796  5.926 0.6999999881
145003  -9.405  -71.216  6.796 0.6999999881
12454  -9.585  -71.883  6.322 0.6999999881
12445  -10.152  -73.116  7.711 0.6000000238
12432  -9.978  -72.586  8.264 0.6000000238
13232  -7.530  -70.794  4.708 0.6999999881
11761  -8.198  -72.751  3.009 0.6999999881
11715  -10.223  -73.142  6.015 0.6000000238
146545  -11.237  -75.577  7.756 0.6000000238
139851  -8.622  -74.481  2.064 0.6000000238
9519  -9.388  -77.040  1.120 0.6000000238
8040  -9.544  -79.119  1.010 0.6999999881
9426  -11.124  -76.632  7.058 0.6000000238
8679  -10.807  -77.058  6.320 0.6000000238
142569  -9.502  -77.120  2.270 0.6999999881
8718  -9.700  -78.039  2.177 0.6999999881
6269  -4.346  -81.760  2.787 0.6000000238
147375  -8.728  -81.177  1.098 0.6999999881
7420  -9.299  -79.325  -0.014 0.6999999881
6276  -4.420  -81.774  1.437 0.5000000000
150728  -6.161  -82.027  0.677 0.6999999881
149716  -8.310  -81.555  0.167 0.6999999881
6795  -5.458  -81.444  0.268 0.6999999881
6287  -7.613  -82.416  0.130 0.6999999881
7419  -5.887  -80.040  -0.625 0.6000000238
6797  -7.161  -81.882  0.809 0.6000000238
6780  -7.891  -81.283  1.712 0.6000000238
7137  -5.910  -79.368  29.868 0.5000000000
7738  -6.526  -78.167  30.699 0.8000000119
8395  -5.900  -77.051  29.935 0.6000000238
8383  -8.563  -77.297  31.650 0.8999999762
9870  -6.797  -75.502  29.849 0.8000000119
11369  -7.918  -73.562  28.934 0.6999999881
9126  -6.558  -76.187  31.679 0.8999999762
10604  -6.879  -74.559  31.111 0.8999999762
12121  -7.878  -73.010  28.909 0.6999999881
140344  -7.601  -71.424  27.833 0.6000000238
16625  -8.746  -66.973  17.206 0.6999999881
153328  -9.173  -67.371  18.968 0.6000000238
15739  -9.023  -68.858  16.046 0.6000000238
16701  -8.207  -66.881  11.280 0.6999999881
16692  -8.954  -66.845  12.214 0.6999999881
15791  -9.109  -67.839  10.859 0.6999999881
14920  -7.291  -68.506  9.934 0.6000000238
15808  -8.887  -67.934  10.095 0.8000000119
13991  -6.927  -69.681  9.742 0.6000000238
13231  -6.942  -70.615  5.421 0.6999999881
12444  -9.646  -72.058  7.408 0.6000000238
11681  -10.334  -73.486  8.727 0.6000000238
12479  -7.214  -71.872  3.970 0.6999999881
10929  -11.058  -74.855  8.225 0.6000000238
144709  -10.845  -74.569  7.404 0.6000000238
9416  -10.670  -76.312  8.306 0.5000000000
9481  -8.830  -76.375  4.026 0.6000000238
8026  -9.639  -78.992  2.013 0.6999999881
7394  -9.370  -79.960  1.860 0.6999999881
7405  -6.331  -80.588  0.408 0.6000000238
9560  -7.223  -76.796  -1.151 0.5000000000
7406  -6.810  -79.876  1.156 0.6000000238
10584  -7.233  -74.430  32.841 0.8999999762
11368  -7.934  -73.396  29.965 0.8999999762
11358  -8.010  -73.069  29.911 0.8000000119
17520  -8.732  -66.458  18.557 0.8000000119
14829  -9.457  -70.047  14.954 0.6000000238
15751  -9.139  -69.109  14.923 0.6000000238
14843  -9.309  -69.391  14.013 0.6000000238
14904  -7.022  -68.557  10.955 0.6999999881
15806  -7.631  -67.735  10.201 0.6000000238
14019  -6.963  -70.032  8.155 0.6999999881
14028  -6.819  -70.510  7.359 0.6999999881
12467  -6.082  -71.375  5.271 0.6999999881
153747  -10.784  -75.808  8.767 0.5000000000
11318  -7.605  -73.773  33.121 0.8999999762
12072  -9.258  -72.076  34.511 0.8000000119
12844  -8.517  -71.008  35.145 0.8000000119
12878  -8.516  -72.119  31.634 0.8999999762
12106  -8.123  -72.590  30.776 0.8999999762
11337  -7.999  -73.154  32.708 0.8999999762
12886  -8.282  -72.042  30.827 0.8999999762
12885  -8.189  -71.172  30.514 0.8999999762
12889  -7.801  -71.292  29.634 0.8000000119
155885  -8.244  -69.540  27.602 0.8000000119
12871  -8.734  -71.347  32.461 0.8000000119
15586  -8.476  -68.369  25.791 0.6999999881
18411  -8.305  -65.717  16.965 0.8000000119
18441  -8.194  -65.690  14.880 0.8000000119
143975  -8.139  -65.374  21.116 0.6999999881
18390  -8.266  -65.486  19.829 0.8000000119
17576  -7.846  -66.045  13.576 0.6999999881
18406  -7.850  -65.528  19.074 0.8000000119
16676  -7.600  -66.850  13.138 0.8000000119
18417  -7.940  -65.536  16.090 0.8000000119
18410  -8.018  -65.435  17.342 0.8000000119
13954  -9.958  -71.037  12.835 0.6000000238
15767  -7.211  -67.802  12.727 0.6999999881
17551  -7.220  -66.507  15.399 0.6999999881
14905  -9.456  -69.306  11.473 0.6999999881
14890  -9.457  -69.248  12.300 0.6000000238
13140  -9.870  -71.420  12.051 0.5000000000
14889  -6.551  -69.100  11.853 0.6999999881
16638  -6.589  -66.798  15.981 0.8000000119
17542  -6.557  -66.546  16.718 0.6999999881
142530  -6.427  -65.054  19.430 0.8000000119
13953  -9.549  -70.324  12.045 0.5000000000
12391  -10.217  -72.761  10.580 0.5000000000
13990  -6.382  -70.500  10.356 0.6999999881
14919  -6.768  -69.609  10.629 0.6000000238
17541  -5.817  -66.757  16.977 0.8000000119
13172  -9.794  -71.855  10.370 0.5000000000
144301  -6.367  -71.100  8.985 0.6000000238
16648  -4.558  -67.545  15.596 0.8000000119
16636  -4.949  -67.251  16.251 0.8000000119
13212  -6.208  -71.066  6.961 0.8000000119
16647  -3.582  -67.630  15.610 0.8000000119
152767  -10.478  -73.600  10.381 0.5000000000
10902  -10.113  -74.771  10.972 0.5000000000
12452  -5.040  -72.430  6.218 0.6999999881
13219  -5.589  -71.712  6.588 0.8000000119
12466  -5.587  -72.408  5.436 0.6999999881
11745  -6.770  -72.655  4.423 0.6000000238
16645  -1.193  -67.452  15.423 0.6000000238
10912  -10.636  -74.749  9.837 0.5000000000
10142  -10.055  -75.688  9.800 0.5000000000
11714  -4.550  -73.700  6.260 0.6999999881
11730  -5.447  -73.728  5.760 0.6999999881
10997  -7.711  -73.740  3.917 0.6000000238
11713  -3.624  -73.921  6.570 0.6000000238
10959  -5.808  -75.042  5.861 0.6999999881
10961  -7.416  -74.775  4.826 0.6999999881
136445  -8.395  -76.117  4.665 0.6000000238
147165  -9.505  -77.914  3.185 0.6999999881
18427  -1.524  -65.150  15.631 0.6000000238
10941  -4.076  -75.053  6.289 0.6000000238
10174  -6.109  -75.980  5.712 0.6999999881
9450  -6.812  -76.434  5.206 0.6999999881
8691  -9.008  -77.135  4.200 0.6999999881
10958  -3.180  -75.019  5.817 0.5000000000
7988  -8.053  -78.174  4.124 0.6999999881
7360  -8.679  -79.237  3.208 0.6000000238
7379  -8.413  -80.046  2.705 0.6000000238
10172  -4.557  -75.874  5.742 0.6000000238
9448  -5.101  -76.151  5.314 0.6000000238
8702  -7.030  -77.293  3.457 0.6000000238
10208  -5.401  -75.597  4.049 0.6000000238
10209  -6.039  -76.051  3.527 0.5000000000
9496  -6.662  -76.513  2.793 0.6000000238
8742  -7.213  -77.885  0.332 0.6000000238
8016  -7.669  -79.133  2.838 0.6000000238
7393  -7.366  -79.876  2.282 0.6000000238
6762  -8.215  -80.762  2.319 0.6000000238
8039  -6.819  -78.707  -0.250 0.6000000238
153557  -9.141  -72.187  33.726 0.8000000119
12872  -8.872  -71.805  33.204 0.8000000119
12858  -9.098  -71.467  34.045 0.8000000119
157871  -7.961  -70.596  34.361 0.6999999881
12877  -8.590  -71.110  31.468 0.8000000119
13686  -8.431  -70.225  30.918 0.8999999762
13693  -8.182  -70.309  30.081 0.8000000119
14582  -8.224  -69.231  31.892 0.8000000119
146558  -8.448  -69.291  30.549 0.8999999762
14622  -8.342  -69.034  28.012 0.8000000119
150040  -8.316  -67.937  27.144 0.8000000119
16506  -7.796  -67.596  25.515 0.6000000238
19252  -7.664  -64.553  19.829 0.8000000119
19226  -7.904  -64.521  20.954 0.6999999881
15750  -6.048  -67.806  14.024 0.8000000119
156494  -7.072  -66.793  14.763 0.8000000119
19251  -7.156  -64.478  19.849 0.8000000119
15781  -5.785  -68.634  12.978 0.6999999881
16663  -5.803  -67.520  14.752 0.8000000119
17518  -5.947  -66.077  18.206 0.8999999762
18372  -6.053  -64.676  19.988 0.8999999762
13170  -5.880  -71.249  9.895 0.6999999881
12430  -4.984  -72.109  8.200 0.8000000119
13202  -5.800  -71.607  8.401 0.6999999881
15749  -4.694  -68.184  14.354 0.8000000119
17526  -2.794  -66.584  17.477 0.8000000119
15762  -2.145  -69.055  13.964 0.6999999881
17550  -0.612  -66.435  15.727 0.6000000238
11699  -3.418  -73.214  7.012 0.6000000238
15761  -1.052  -69.043  13.800 0.4000000060
18416  -0.717  -65.403  16.448 0.6000000238
8717  -7.510  -78.024  3.175 0.6000000238
157902  -7.228  -77.485  1.765 0.6000000238
11290  -9.326  -72.682  36.060 0.8000000119
12828  -8.854  -71.596  36.268 0.8999999762
13631  -7.297  -70.952  35.028 0.8000000119
12857  -8.743  -70.991  33.460 0.8000000119
13644  -6.777  -70.679  34.228 0.6999999881
14542  -7.305  -70.329  33.651 0.8000000119
147625  -8.386  -70.525  32.879 0.8000000119
14557  -6.554  -69.744  33.094 0.6999999881
15531  -8.602  -68.168  29.483 0.8999999762
15521  -8.480  -68.209  30.456 0.8999999762
16487  -7.816  -67.254  26.264 0.8000000119
159518  -7.291  -63.759  20.964 0.8000000119
20101  -7.669  -63.630  21.674 0.6000000238
18403  -5.436  -65.697  19.015 0.8000000119
17517  -4.693  -66.292  18.268 0.8000000119
19224  -6.237  -63.824  21.125 0.8000000119
155596  -5.388  -67.909  14.340 0.8000000119
17527  -4.035  -66.667  17.542 0.8000000119
19223  -5.003  -64.156  21.370 0.8999999762
14888  -5.734  -69.225  12.415 0.6999999881
19236  -4.417  -64.676  20.797 0.8000000119
19222  -3.804  -64.358  21.561 0.8000000119
13952  -4.564  -70.158  12.114 0.6999999881
12409  -4.741  -72.139  9.195 0.6999999881
156492  -4.859  -70.934  10.993 0.6999999881
156861  -1.176  -66.684  16.554 0.6999999881
18383  -0.655  -64.632  18.823 0.6999999881
148051  -0.750  -63.590  19.199 0.6999999881
12429  -4.093  -72.608  8.553 0.6000000238
147446  -2.409  -71.630  11.552 0.6000000238
11680  -3.358  -73.084  7.858 0.6000000238
13167  -3.118  -71.963  10.877 0.6999999881
13950  -2.495  -70.683  12.447 0.5000000000
14862  -1.822  -69.635  13.384 0.5000000000
19281  -1.350  -64.588  16.893 0.6999999881
17559  -0.505  -66.560  15.122 0.5000000000
9542  -7.085  -76.162  0.915 0.5000000000
14558  -7.281  -69.810  32.928 0.8000000119
14571  -6.388  -69.194  32.734 0.8000000119
14570  -5.488  -69.252  32.607 0.6999999881
15504  -6.191  -68.692  32.229 0.6999999881
16425  -6.179  -67.374  29.633 0.8000000119
16466  -8.310  -67.643  28.016 0.8999999762
134932  -8.079  -67.159  27.483 0.8000000119
16486  -6.732  -66.493  26.341 0.6999999881
16504  -5.531  -67.534  25.832 0.5000000000
20068  -7.789  -63.033  23.182 0.6000000238
20099  -5.678  -63.557  21.915 0.6000000238
14865  -5.038  -68.938  13.086 0.6999999881
18387  -4.536  -65.411  19.563 0.8000000119
17516  -3.442  -66.317  18.231 0.8000000119
19235  -3.246  -64.727  20.857 0.8000000119
14887  -3.865  -69.857  12.747 0.6999999881
18386  -3.375  -65.528  19.534 0.8000000119
13153  -4.092  -71.411  11.047 0.6999999881
153353  -3.814  -69.129  13.628 0.6999999881
15747  -2.600  -68.518  14.473 0.8000000119
12408  -3.891  -72.476  9.555 0.6999999881
16646  -2.423  -67.604  15.564 0.8000000119
18451  -1.419  -66.020  14.165 0.5000000000
156534  -3.860  -69.516  31.274 0.6999999881
14581  -5.273  -68.851  31.678 0.6999999881
16427  -7.719  -67.507  30.589 0.8000000119
16439  -8.307  -67.503  29.814 0.8999999762
17373  -7.600  -66.467  28.364 0.8999999762
17404  -7.415  -66.459  26.735 0.8999999762
20067  -7.071  -62.660  23.152 0.6000000238
20958  -7.578  -62.549  23.906 0.6000000238
20098  -4.407  -63.832  22.174 0.6999999881
17515  -2.136  -66.118  18.099 0.8000000119
19221  -2.550  -64.224  21.594 0.8000000119
13951  -3.562  -70.555  12.212 0.6999999881
17525  -1.348  -66.325  17.315 0.6999999881
18384  -0.984  -65.065  19.138 0.8000000119
17514  -1.078  -65.763  17.964 0.8000000119
151783  -2.464  -64.608  16.964 0.6999999881
13691  -2.115  -69.945  30.554 0.6999999881
13685  -2.765  -70.243  31.779 0.6999999881
14589  -2.977  -69.733  30.118 0.6999999881
136815  -5.247  -68.451  29.413 0.6999999881
16437  -7.295  -66.861  29.789 0.8999999762
146588  -4.911  -67.120  25.953 0.6999999881
20066  -5.774  -62.667  23.344 0.6000000238
20081  -2.762  -63.264  22.970 0.8000000119
20956  -3.890  -62.296  23.944 0.6999999881
19234  -1.994  -64.544  20.788 0.8000000119
20080  -2.269  -63.007  22.705 0.8000000119
21934  -6.197  -61.312  18.590 0.4000000060
152720  -1.505  -63.167  21.559 0.8000000119
19233  -0.949  -64.032  20.400 0.6999999881
20996  -1.408  -62.807  20.435 0.6999999881
19293  -3.755  -65.034  16.077 0.6000000238
151383  -1.195  -68.831  30.724 0.6999999881
14600  -3.040  -69.155  29.569 0.6999999881
16423  -2.202  -67.915  30.220 0.6999999881
136462  -3.806  -69.570  30.213 0.6999999881
148018  -6.625  -66.764  29.055 0.8000000119
17372  -7.171  -65.925  28.298 0.8999999762
18263  -7.319  -65.832  27.989 0.8999999762
17402  -5.363  -66.127  26.272 0.8999999762
16482  -2.883  -67.663  26.556 0.6000000238
151470  -6.544  -61.967  23.914 0.5000000000
20941  -5.339  -61.634  24.497 0.6000000238
145940  -6.167  -61.565  19.823 0.5000000000
21914  -4.877  -61.841  21.048 0.6000000238
21913  -3.840  -62.018  21.166 0.5000000000
21895  -2.689  -61.964  22.344 0.6999999881
20955  -3.271  -62.311  23.560 0.8000000119
20939  -3.789  -61.817  24.033 0.6000000238
20999  -4.736  -62.195  20.440 0.5000000000
20983  -2.114  -62.343  21.804 0.6999999881
21023  -5.885  -61.863  18.631 0.5000000000
21009  -5.566  -62.218  19.663 0.6000000238
20998  -3.013  -62.349  20.703 0.6000000238
21014  -5.228  -62.830  19.127 0.6000000238
20133  -3.676  -63.598  18.718 0.6000000238
20122  -2.929  -63.104  19.388 0.6000000238
19273  -3.596  -64.368  17.397 0.6000000238
20145  -4.277  -63.904  18.015 0.6999999881
16434  -2.928  -68.262  29.566 0.6999999881
15529  -4.585  -68.772  28.981 0.6999999881
15530  -5.288  -67.963  28.853 0.8000000119
18286  -5.911  -65.513  26.934 0.8999999762
21846  -5.826  -61.227  25.064 0.5000000000
21897  -4.412  -61.532  21.802 0.6999999881
21863  -3.780  -61.381  23.595 0.6999999881
21836  -5.414  -60.753  24.985 0.5000000000
141906  -3.480  -62.662  19.948 0.6000000238
20134  -4.856  -63.376  18.516 0.6000000238
150319  -3.177  -66.907  30.224 0.6999999881
17369  -4.488  -65.674  28.609 0.8000000119
16449  -5.154  -66.851  28.721 0.8000000119
17370  -5.669  -65.403  28.413 0.8999999762
18262  -6.564  -65.023  28.035 0.8999999762
17400  -3.512  -66.445  26.443 0.8000000119
22773  -5.842  -60.424  21.851 0.6000000238
22761  -5.189  -60.238  23.092 0.5000000000
22736  -5.231  -60.239  24.736 0.5000000000
22799  -6.380  -60.262  19.570 0.4000000060
22749  -4.622  -60.553  24.092 0.5000000000
23724  -6.346  -60.153  17.884 0.4000000060
21899  -6.150  -60.687  20.853 0.5000000000
23722  -5.258  -59.908  16.950 0.4000000060
142423  -5.406  -62.565  18.576 0.5000000000
18233  -3.712  -65.515  29.359 0.6999999881
21748  -6.945  -61.997  33.236 0.5000000000
19137  -5.205  -64.462  27.954 0.8999999762
143477  -3.062  -64.451  27.789 0.8999999762
17401  -4.398  -66.231  26.248 0.8000000119
17366  -0.371  -66.887  28.837 0.6000000238
17385  -1.330  -67.272  27.781 0.6000000238
22762  -6.128  -59.535  22.522 0.5000000000
22750  -5.477  -59.663  24.023 0.5000000000
22774  -6.186  -59.912  21.362 0.5000000000
153909  -6.294  -59.769  20.231 0.5000000000
23708  -6.403  -59.710  18.683 0.4000000060
23732  -4.853  -59.464  15.889 0.4000000060
20832  -4.669  -62.298  32.246 0.5000000000
19126  -4.357  -63.597  29.460 0.8000000119
20871  -4.893  -62.609  30.427 0.8000000119
21731  -5.114  -61.013  34.280 0.5000000000
21746  -5.744  -61.405  33.618 0.5000000000
20851  -3.909  -62.486  31.445 0.6999999881
19136  -3.849  -63.811  28.262 0.8999999762
23614  6.109  -59.876  24.193 0.6000000238
22720  4.915  -60.784  25.422 0.6000000238
21831  5.152  -62.028  25.046 0.8000000119
154287  7.195  -61.696  23.629 0.6999999881
20936  7.830  -61.780  24.552 0.8000000119
20907  7.098  -62.636  26.530 0.8000000119
18272  -2.145  -65.261  27.826 0.8000000119
23685  -6.196  -59.567  20.942 0.5000000000
151249  -6.155  -58.964  23.331 0.6000000238
23619  -6.210  -58.414  24.758 0.6000000238
23664  -6.381  -59.230  21.814 0.5000000000
151453  -6.271  -57.773  21.497 0.5000000000
149799  -3.883  -63.019  29.279 0.8000000119
22648  -4.510  -60.332  34.167 0.4000000060
20003  -2.760  -63.063  28.804 0.8999999762
136800  6.601  -59.671  23.853 0.5000000000
23601  5.277  -60.326  25.129 0.6000000238
20817  -2.950  -62.671  34.126 0.6999999881
19145  -3.811  -63.857  27.927 0.8999999762
133758  5.136  -62.430  25.673 0.8000000119
20805  -3.742  -61.760  34.455 0.6000000238
22757  6.703  -60.495  22.672 0.6999999881
20898  5.922  -63.035  27.154 0.8000000119
18241  6.469  -64.919  29.606 0.6000000238
19925  -2.185  -63.141  34.030 0.8000000119
18257  -1.383  -65.040  28.483 0.8000000119
19133  6.576  -64.000  28.288 0.6999999881
18242  6.142  -65.573  29.843 0.6999999881
141468  1.313  -67.127  29.382 0.6000000238
18256  -0.696  -65.892  28.981 0.6999999881
18244  -0.164  -65.963  29.624 0.8000000119
140210  -6.449  -57.753  24.691 0.5000000000
23583  5.399  -59.677  26.652 0.5000000000
133436  4.938  -60.056  25.811 0.5000000000
135990  6.196  -59.569  26.202 0.4000000060
21832  4.722  -61.590  25.540 0.8000000119
22646  -2.900  -60.705  33.869 0.5000000000
22631  -3.181  -61.050  34.449 0.6000000238
20850  -3.010  -62.584  30.937 0.8000000119
19966  -2.364  -62.922  30.404 0.8000000119
142446  -2.329  -63.631  28.599 0.8999999762
23613  7.170  -59.356  24.077 0.4000000060
20909  4.840  -62.801  26.479 0.8000000119
142088  -2.752  -63.029  33.325 0.8000000119
19947  -2.188  -63.153  31.555 0.8000000119
19985  -1.824  -63.416  29.907 0.8999999762
21858  5.870  -61.169  23.763 0.6999999881
133601  6.003  -63.461  28.072 0.8000000119
21744  -1.465  -61.433  34.240 0.8000000119
21728  -2.111  -61.933  34.825 0.6000000238
155772  -1.020  -63.890  31.401 0.8000000119
138715  -0.643  -64.603  30.191 0.8000000119
23642  8.350  -59.488  22.264 0.6000000238
21871  7.469  -61.110  22.102 0.6999999881
19997  5.691  -63.500  28.948 0.8000000119
19122  6.471  -64.228  29.269 0.6000000238
19091  4.891  -64.939  31.655 0.6999999881
17326  5.656  -65.699  30.596 0.6999999881
19084  -0.552  -64.287  32.383 0.8000000119
18232  -0.116  -65.410  30.165 0.8999999762
21891  8.021  -60.830  21.713 0.6999999881
21856  7.383  -61.464  22.833 0.6999999881
155927  6.163  -64.538  30.432 0.6999999881
17328  3.443  -66.624  31.631 0.6999999881
17330  1.417  -66.424  31.101 0.8000000119
17316  4.167  -66.311  31.647 0.6999999881
23564  5.642  -59.543  27.789 0.3000000119
20926  4.228  -61.824  26.282 0.8000000119
143903  -1.348  -61.065  33.312 0.6999999881
20899  4.391  -62.984  27.184 0.8000000119
19998  4.628  -63.382  28.782 0.8000000119
141136  2.845  -63.345  30.144 0.8000000119
21743  -0.186  -62.118  34.006 0.8000000119
19923  -0.599  -63.799  34.091 0.8000000119
23641  8.954  -58.770  21.920 0.6000000238
23643  7.413  -59.989  22.396 0.6000000238
144577  6.719  -62.285  25.948 0.8000000119
133426  4.632  -63.576  30.267 0.8000000119
19945  2.201  -63.283  32.704 0.8000000119
19921  1.084  -63.857  33.685 0.8000000119
19094  -0.584  -64.408  31.203 0.8000000119
23659  9.270  -59.180  21.324 0.6000000238
22770  8.454  -60.362  21.195 0.6000000238
21841  5.615  -61.563  24.436 0.8000000119
18216  1.210  -65.866  32.068 0.6999999881
19083  0.277  -64.840  32.830 0.8000000119
18231  0.536  -65.755  31.069 0.8000000119
21907  8.794  -61.826  20.411 0.6999999881
17329  2.442  -66.702  31.449 0.6999999881
23565  4.854  -59.600  27.467 0.4000000060
23602  4.536  -60.358  26.216 0.6000000238
22721  4.176  -60.901  26.338 0.6999999881
146203  4.294  -62.457  26.390 0.8000000119
23599  7.586  -59.254  25.885 0.3000000119
20015  2.990  -62.874  27.795 0.8000000119
20849  0.958  -62.211  32.006 0.6999999881
23612  7.892  -59.171  23.882 0.4000000060
135967  3.599  -63.380  29.708 0.8000000119
140965  9.334  -58.649  23.391 0.3000000119
24578  8.748  -58.960  23.692 0.4000000060
19963  3.064  -63.607  31.151 0.8000000119
20815  1.123  -62.922  33.559 0.8000000119
23658  10.060  -59.213  21.214 0.5000000000
19079  -0.093  -64.314  33.618 0.8000000119
23660  8.678  -59.538  21.536 0.6000000238
19108  4.765  -64.123  31.156 0.8000000119
19944  3.398  -64.597  32.506 0.8000000119
18198  1.534  -65.254  33.288 0.8000000119
23696  9.725  -60.230  19.827 0.6000000238
19943  3.849  -64.210  31.654 0.6999999881
143682  4.143  -65.024  32.172 0.6999999881
18205  3.157  -65.319  32.874 0.8000000119
17310  2.398  -66.126  32.876 0.6999999881
27588  -4.304  -56.108  22.685 0.6000000238
26586  -4.210  -56.076  19.877 0.5000000000
27634  -4.839  -56.184  21.255 0.6000000238
26538  -4.949  -56.457  23.915 0.6000000238
27501  -5.291  -56.659  25.159 0.5000000000
133580  -5.424  -56.494  19.690 0.6000000238
148276  -5.582  -56.634  20.467 0.6000000238
24540  8.520  -58.807  25.910 0.3000000119
23563  6.464  -59.470  27.551 0.3000000119
20900  3.671  -62.752  27.272 0.8000000119
19983  2.653  -63.100  29.107 0.8000000119
19984  1.983  -63.044  29.635 0.8000000119
24560  8.644  -58.793  24.685 0.3000000119
19964  2.262  -63.122  30.735 0.8000000119
20848  1.688  -62.812  31.591 0.8000000119
134632  11.190  -59.177  22.424 0.5000000000
19933  1.760  -63.377  33.322 0.8000000119
24615  11.660  -59.217  21.773 0.5000000000
144248  13.225  -58.672  20.984 0.5000000000
23678  11.379  -59.516  20.509 0.6000000238
18197  2.069  -64.688  33.407 0.8000000119
27609  -4.182  -55.952  21.675 0.6000000238
26614  -3.542  -56.856  19.189 0.5000000000
26615  -4.685  -56.547  19.125 0.6000000238
24557  11.052  -58.126  24.104 0.3000000119
25579  14.349  -57.607  21.597 0.4000000060
25577  16.039  -57.617  21.594 0.4000000060
24613  13.674  -58.141  21.359 0.4000000060
25578  15.138  -57.644  21.457 0.4000000060
27606  -1.277  -55.271  21.526 0.6000000238
142383  -2.266  -54.952  23.178 0.6000000238
26612  -1.706  -57.218  19.423 0.6000000238
27607  -2.225  -55.375  21.545 0.6000000238
27630  -1.736  -55.920  20.750 0.6000000238
27631  -2.691  -55.870  20.735 0.6000000238
27587  -3.595  -55.666  22.529 0.6000000238
26582  -0.521  -56.827  20.001 0.6000000238
26611  -0.979  -57.336  19.446 0.6000000238
26613  -2.528  -57.073  19.312 0.5000000000
26585  -3.139  -56.406  19.930 0.5000000000
26543  17.077  -56.516  21.853 0.3000000119
27603  1.559  -54.968  21.116 0.5000000000
27604  0.632  -55.080  21.359 0.6000000238
27629  -0.822  -56.000  20.738 0.6000000238
27584  -0.825  -54.835  22.370 0.6000000238
26581  1.062  -57.123  18.963 0.6000000238
26583  -1.323  -56.792  20.091 0.6000000238
26610  0.290  -57.403  18.699 0.6000000238
28658  1.766  -54.874  17.751 0.6000000238
26650  0.810  -57.105  17.788 0.6000000238
29642  1.838  -53.025  18.794 0.6000000238
26636  -0.555  -57.280  18.105 0.6000000238
28660  -0.336  -54.094  17.911 0.5000000000
29666  -0.032  -53.190  18.346 0.5000000000
157949  0.002  -52.195  18.487 0.4000000060
30636  0.334  -51.542  18.836 0.5000000000
27518  18.082  -55.665  24.209 0.3000000119
26580  1.743  -56.410  19.512 0.5000000000
27628  0.167  -56.054  20.578 0.6000000238
32623  0.764  -50.430  19.666 0.5000000000
26608  2.558  -56.545  18.758 0.5000000000
26609  1.727  -56.925  18.428 0.6000000238
27691  1.470  -56.249  17.597 0.6000000238
28683  0.038  -55.153  17.720 0.6000000238
28659  0.544  -54.381  18.019 0.6000000238
27485  18.999  -55.147  24.768 0.3000000119
29535  19.403  -53.176  25.495 0.3000000119
26607  3.255  -56.199  18.518 0.6000000238
28657  2.810  -55.207  17.661 0.6000000238
30634  2.464  -52.426  19.290 0.6000000238
30635  1.379  -52.045  19.099 0.5000000000
32624  -0.527  -50.749  20.109 0.5000000000
29663  3.277  -54.362  17.982 0.5000000000
31623  3.153  -51.854  19.616 0.6000000238
161074  1.652  -50.980  19.485 0.6000000238
33686  -0.053  -49.961  20.355 0.5000000000
29536  19.111  -53.701  26.148 0.3000000119
29662  4.498  -53.647  18.399 0.5000000000
139597  4.954  -52.227  19.743 0.6000000238
32622  2.026  -50.389  19.578 0.5000000000
33685  1.116  -49.655  19.833 0.5000000000
30633  3.439  -52.598  19.358 0.6000000238
31622  4.106  -52.012  19.822 0.6000000238
32621  3.155  -50.428  19.633 0.6000000238
141026  4.853  -50.191  19.486 0.6000000238
33683  3.422  -49.575  19.543 0.5000000000
134875  2.635  -48.839  19.584 0.4000000060
34764  1.536  -48.778  19.858 0.4000000060
151845  19.430  -50.922  31.355 0.4000000060
31497  18.435  -50.524  29.858 0.4000000060
31514  19.100  -51.227  28.461 0.3000000119
30516  19.100  -52.394  27.897 0.3000000119
30534  19.403  -52.833  26.633 0.3000000119
32620  4.087  -50.395  19.705 0.6000000238
34732  0.757  -48.150  20.278 0.4000000060
157993  20.621  -48.881  31.377 0.3000000119
156310  19.236  -49.006  30.652 0.3000000119
31496  18.873  -49.898  29.618 0.3000000119
32521  19.257  -50.495  27.340 0.3000000119
151844  21.728  -50.676  29.840 0.4000000060
151942  20.849  -50.065  30.744 0.4000000060
32619  5.463  -49.864  18.981 0.5000000000
149380  4.904  -48.647  18.936 0.5000000000
35877  3.545  -47.600  19.208 0.4000000060
160650  2.105  -48.383  19.759 0.4000000060
33680  5.768  -48.891  18.814 0.4000000060
33681  5.074  -49.241  19.001 0.5000000000
148542  5.196  -47.872  19.029 0.4000000060
35876  4.575  -47.156  19.159 0.5000000000
132910  20.406  -48.331  31.530 0.3000000119
32535  19.101  -50.560  26.644 0.3000000119
133026  21.714  -48.599  30.566 0.4000000060
33541  21.183  -47.609  31.564 0.4000000060
144502  18.612  -50.452  26.210 0.3000000119
36967  1.567  -46.376  20.220 0.3000000119
33542  20.148  -47.855  31.000 0.3000000119
133069  22.445  -47.654  30.156 0.4000000060
35874  6.501  -47.230  19.566 0.3000000119
36976  5.210  -46.223  19.625 0.4000000060
36978  3.538  -45.675  19.344 0.5000000000
35875  5.642  -47.103  19.394 0.4000000060
33602  25.280  -44.957  25.834 0.3000000119
156419  18.475  -45.810  21.550 0.4000000060
36952  19.309  -46.942  20.678 0.4000000060
135187  6.549  -44.828  20.551 0.3000000119
36964  7.475  -46.318  20.378 0.4000000060
34770  12.985  -48.859  18.755 0.4000000060
35843  7.938  -46.785  20.005 0.3000000119
38007  6.030  -45.383  20.499 0.4000000060
36966  5.660  -45.752  20.232 0.4000000060
36925  20.860  -46.204  22.779 0.3000000119
35815  21.059  -47.234  22.449 0.4000000060
37978  18.569  -45.190  22.249 0.3000000119
37979  17.552  -44.841  22.205 0.4000000060
38004  9.009  -45.723  20.403 0.4000000060
36940  20.445  -46.774  21.742 0.4000000060
36944  17.106  -46.029  21.081 0.5000000000
36953  18.306  -46.811  20.607 0.5000000000
36955  16.498  -46.450  20.631 0.4000000060
38005  7.998  -45.719  20.487 0.4000000060
34755  11.223  -48.485  19.500 0.3000000119
36965  6.528  -46.141  20.379 0.4000000060
144694  6.133  -44.147  20.571 0.3000000119
35871  9.285  -47.322  19.627 0.4000000060
35826  20.172  -47.178  20.923 0.5000000000
36943  17.959  -46.239  21.093 0.5000000000
36946  15.356  -45.641  21.345 0.3000000119
160776  10.761  -48.935  19.251 0.4000000060
153953  10.325  -47.101  19.914 0.4000000060
37997  13.448  -44.732  21.507 0.3000000119
36948  13.070  -45.675  20.782 0.4000000060
36960  11.447  -46.355  20.312 0.3000000119
38963  10.893  -44.268  20.217 0.4000000060
40739  8.052  -43.235  19.829 0.3000000119
138958  9.693  -43.813  19.235 0.3000000119
35840  11.033  -47.000  19.949 0.4000000060
35841  9.639  -46.864  20.013 0.4000000060
36962  9.087  -46.463  20.198 0.4000000060
152119  8.526  -44.919  20.424 0.3000000119
36961  10.449  -46.378  20.274 0.4000000060
157701  9.637  -46.197  20.321 0.4000000060
39828  7.581  -43.561  20.227 0.3000000119
38962  11.912  -44.126  20.585 0.3000000119
39848  8.833  -43.599  19.467 0.3000000119
134233  12.319  -43.436  20.648 0.3000000119
136331  11.605  -44.044  20.244 0.4000000060
38964  9.934  -44.406  19.921 0.3000000119
152167  11.864  -43.685  19.836 0.3000000119
149195  4.509  -94.530  16.881 0.8000000119
722  3.744  -93.269  14.065 0.8000000119
289  6.823  -94.514  11.522 0.6000000238
874  -7.333  -92.007  26.473 0.8999999762
2461  0.302  -87.997  20.093 0.8999999762
1259  5.933  -90.289  18.781 0.5000000000
951  8.675  -92.230  17.985 0.5000000000
1275  8.689  -91.534  17.384 0.4000000060
2056  9.815  -89.799  18.671 0.4000000060
1185  -6.684  -91.618  26.347 0.8999999762
1608  -0.163  -89.366  23.131 1.0000000000
1244  7.527  -90.978  19.058 0.5000000000
751  9.954  -93.516  11.081 0.4000000060
1972  -2.316  -89.184  25.373 1.0000000000
2137  8.277  -89.581  10.096 0.6999999881
1983  4.152  -89.446  24.719 0.4000000060
2167  8.763  -89.410  9.249 0.6000000238
3142  10.143  -86.965  2.891 0.6000000238
3265  -4.762  -86.784  35.205 0.8000000119
1123  -8.115  -90.558  35.245 0.8999999762
1139  1.356  -91.276  32.459 0.6999999881
1141  0.123  -91.176  33.050 0.8000000119
361  -5.178  -93.432  29.792 0.8999999762
159174  2.868  -90.111  30.333 0.5000000000
872  -2.358  -92.461  26.881 0.8999999762
3153  13.828  -87.834  2.069 0.6000000238
580  -2.052  -93.329  29.081 0.8999999762
156093  -3.650  -88.656  -0.116 0.5000000000
2741  -2.899  -88.522  -1.028 0.5000000000
3626  10.990  -85.964  4.886 0.6999999881
3275  -5.345  -86.303  34.585 0.8000000119
1153  2.234  -91.599  30.849 0.8000000119
4157  15.173  -85.175  5.242 0.5000000000
5990  -4.831  -81.299  37.018 0.3000000119
5510  -3.550  -82.909  34.684 0.4000000060
137175  -4.322  -85.777  -0.607 0.6000000238
4805  -4.188  -85.238  -1.080 0.5000000000
134271  -11.592  -80.016  1.171 0.5000000000
6729  8.703  -79.971  4.581 0.6000000238
4370  -6.559  -84.587  33.662 0.6999999881
2817  -9.754  -87.313  31.747 0.8999999762
5426  -3.866  -82.922  -4.883 0.6999999881
6527  -3.495  -80.581  33.622 0.4000000060
4954  -7.952  -83.706  35.199 0.8000000119
4955  -8.711  -83.240  36.018 0.8000000119
3251  -9.246  -86.056  37.068 1.0000000000
3683  -8.087  -86.015  2.102 0.6999999881
3802  -10.456  -84.977  35.346 1.0000000000
152748  -10.391  -86.656  33.805 0.8999999762
5794  -5.006  -83.039  4.851 0.6000000238
5338  -6.495  -83.816  2.780 0.6999999881
6552  -8.043  -80.511  30.868 0.8000000119
145295  -6.593  -81.913  30.364 0.6000000238
16639  -8.847  -67.889  16.137 0.6000000238
14938  -8.130  -68.690  7.887 0.8000000119
17577  -8.359  -66.029  13.404 0.6999999881
17591  -7.962  -66.355  12.662 0.6999999881
138943  -9.386  -68.273  12.542 0.5000000000
10596  -7.178  -73.997  31.896 0.8999999762
11349  -7.847  -73.139  31.719 0.8999999762
12112  -8.028  -72.720  29.963 0.8999999762
16597  -8.785  -66.591  20.100 0.6999999881
17562  -9.144  -66.453  14.488 0.8000000119
13919  -9.513  -70.527  14.189 0.5000000000
152802  -7.499  -67.345  11.798 0.6999999881
10175  -7.174  -75.748  5.302 0.6999999881
8689  -7.781  -77.539  4.479 0.6999999881
9466  -6.544  -76.783  4.714 0.6000000238
18405  -7.637  -65.313  18.489 0.8000000119
14902  -5.940  -69.740  11.695 0.6999999881
12442  -4.191  -72.675  7.498 0.6999999881
11303  -8.872  -73.521  34.423 0.8999999762
148521  -8.291  -68.737  31.242 0.8000000119
17519  -7.122  -65.715  17.967 0.8000000119
13168  -4.030  -71.968  10.322 0.6999999881
15514  -7.400  -68.492  31.808 0.8000000119
20100  -6.909  -63.402  21.715 0.6000000238
16634  -2.951  -67.241  16.173 0.8000000119
15520  -6.724  -68.082  31.056 0.8000000119
22819  -5.827  -60.462  17.623 0.4000000060
16447  -3.855  -67.642  28.788 0.6999999881
17368  -3.686  -66.744  28.830 0.6999999881
18260  -5.138  -64.570  28.151 0.8999999762
23723  -5.967  -59.610  17.217 0.4000000060
21765  -6.634  -62.480  32.572 0.5000000000
18245  -3.867  -64.319  28.918 0.8000000119
20806  -4.559  -61.643  34.106 0.6000000238
22744  6.293  -60.829  23.152 0.6999999881
19946  -1.399  -63.723  32.089 0.8000000119
26567  -5.412  -56.723  22.431 0.6999999881
24501  7.491  -59.162  27.731 0.3000000119
20868  0.910  -62.188  30.896 0.6999999881
20828  1.554  -62.680  32.783 0.8000000119
25627  -1.301  -57.301  18.538 0.6000000238
26637  -1.296  -56.749  17.899 0.5000000000
27694  -1.251  -55.800  17.444 0.5000000000
26651  -0.197  -56.836  17.640 0.6000000238
30651  0.798  -52.578  18.641 0.5000000000
30489  18.537  -51.774  31.167 0.4000000060
30490  17.832  -52.194  30.383 0.4000000060
32488  18.844  -49.551  30.886 0.4000000060
30549  19.753  -52.267  26.041 0.3000000119
33682  4.334  -49.330  19.320 0.5000000000
34762  3.519  -48.633  19.357 0.4000000060
35878  2.562  -46.897  19.701 0.4000000060
148315  5.884  -47.709  19.259 0.4000000060
33561  20.252  -47.177  30.441 0.4000000060
36979  2.224  -45.564  19.985 0.3000000119
35839  11.951  -46.896  20.034 0.4000000060
36941  19.746  -46.493  21.369 0.4000000060
138808  5.252  -90.596  15.382 0.6000000238
17544  -9.023  -66.099  15.732 0.6999999881
274  -1.289  -95.040  12.902 0.6999999881
490  -1.923  -93.984  13.092 0.6999999881
515  2.145  -94.317  9.808 0.6999999881
990  -2.301  -92.415  13.689 0.8000000119
901  3.323  -92.841  22.780 0.6000000238
1216  3.410  -91.794  22.403 0.6000000238
1228  2.587  -91.523  21.985 0.6000000238
908  2.127  -92.323  22.218 0.6999999881
1618  5.233  -90.644  21.514 0.5000000000
157790  3.869  -92.056  18.919 0.6000000238
120  4.591  -94.968  9.918 0.6999999881
312  7.253  -94.973  9.438 0.6000000238
906  5.799  -92.418  21.945 0.5000000000
761  8.315  -94.037  9.508 0.6999999881
637  5.259  -93.207  23.213 0.5000000000
1637  5.831  -89.641  19.065 0.5000000000
1018  8.294  -92.331  9.803 0.6999999881
1343  7.401  -91.648  9.413 0.6000000238
884  5.007  -92.338  24.120 0.5000000000
2036  6.380  -89.102  19.724 0.4000000060
139593  0.471  -89.560  37.006 0.4000000060
1590  4.821  -90.614  24.375 0.4000000060
4931  -4.736  -83.606  37.038 0.4000000060
160354  -0.252  -89.022  40.072 0.3000000119
2766  -3.184  -88.211  40.364 0.4000000060
1874  -0.376  -89.647  38.948 0.4000000060
152746  -2.867  -85.326  35.057 0.6000000238
152351  0.152  -86.711  33.829 0.4000000060
3846  0.977  -85.036  29.122 0.4000000060
147371  3.459  -87.079  25.916 0.4000000060
1705  12.268  -90.631  13.561 0.4000000060
5992  -5.854  -82.026  38.055 0.3000000119
5491  -5.536  -82.614  37.570 0.4000000060
4362  -3.131  -84.559  35.458 0.6000000238
3274  -4.305  -86.351  34.349 0.6999999881
3835  0.419  -84.955  30.921 0.4000000060
5024  1.997  -84.037  29.262 0.4000000060
3012  12.519  -87.022  12.308 0.4000000060
3542  13.008  -85.678  10.294 0.5000000000
3512  12.260  -85.801  11.875 0.5000000000
3022  11.043  -87.187  11.607 0.5000000000
2595  15.996  -87.737  9.040 0.6000000238
3564  12.474  -86.469  9.828 0.6000000238
2626  15.902  -87.846  8.211 0.6000000238
3106  16.293  -87.241  5.216 0.5000000000
2638  15.641  -87.731  5.912 0.5000000000
4943  -4.941  -82.982  36.907 0.4000000060
4953  -3.862  -83.130  35.635 0.5000000000
159236  -5.520  -85.466  33.640 0.6999999881
4189  16.251  -85.993  2.531 0.5000000000
4961  -3.371  -83.761  34.137 0.6000000238
4381  -3.881  -84.485  33.215 0.6000000238
1888  -9.557  -89.127  36.396 1.0000000000
3267  -7.106  -86.369  36.159 0.8000000119
2319  -8.526  -88.153  37.629 0.8000000119
2784  -9.704  -87.378  36.623 1.0000000000
1889  -9.986  -89.153  35.674 1.0000000000
6361  0.142  -80.903  -5.372 0.6000000238
6710  10.646  -80.394  6.630 0.5000000000
4383  -5.760  -84.531  33.092 0.6999999881
3792  -7.854  -85.139  35.740 0.8000000119
2793  -10.114  -87.667  35.468 1.0000000000
6709  11.309  -80.882  6.308 0.6000000238
6740  9.141  -80.608  4.069 0.6000000238
141078  -10.469  -85.438  34.474 0.8999999762
138244  -10.080  -85.431  32.345 0.8999999762
3298  -9.756  -86.412  31.581 0.8000000119
3838  -8.975  -86.199  30.971 0.8000000119
3837  -7.936  -85.940  30.679 0.8000000119
4414  -9.025  -85.182  31.015 0.8000000119
4413  -7.717  -85.026  30.619 0.5000000000
5012  -8.366  -83.488  30.784 0.8000000119
141006  -7.280  -82.851  30.543 0.8000000119
138316  -8.685  -79.876  31.039 0.8000000119
7133  -8.058  -79.222  30.956 0.8000000119
8382  -6.947  -77.057  31.518 0.8000000119
9111  -7.392  -75.962  32.412 0.8999999762
9543  -7.367  -76.968  -0.004 0.4000000060
10570  -7.779  -74.293  33.566 0.8999999762
13659  -5.691  -70.454  33.408 0.8000000119
13675  -3.665  -69.873  32.152 0.6999999881
18408  -0.578  -65.046  17.629 0.6999999881
19263  -0.808  -64.091  18.468 0.6999999881
20132  -2.211  -63.478  18.761 0.6999999881
19272  -2.025  -64.244  17.506 0.6999999881
19294  -4.986  -64.714  15.980 0.6000000238
19302  -5.126  -64.651  15.066 0.5000000000
18439  -3.421  -65.337  14.564 0.5000000000
22818  -4.411  -60.717  18.022 0.5000000000
19284  -5.355  -64.038  16.493 0.5000000000
17320  -3.516  -66.764  31.103 0.6000000238
17332  -3.514  -66.281  30.087 0.6999999881
19110  -4.682  -64.450  30.156 0.6000000238
21766  -6.999  -62.647  32.842 0.5000000000
19967  -5.401  -63.185  30.759 0.6000000238
20869  -3.195  -62.544  29.929 0.8999999762
20831  -3.666  -62.625  33.056 0.6999999881
23699  -6.350  -59.368  19.623 0.6000000238
24603  -6.162  -58.301  23.226 0.6000000238
24669  -6.215  -58.536  17.948 0.4000000060
24585  -6.421  -58.103  24.145 0.6000000238
25595  -6.210  -57.798  20.473 0.6000000238
25570  -6.181  -57.730  22.468 0.6999999881
25556  -6.038  -57.663  23.267 0.6000000238
26588  -6.036  -57.042  20.929 0.6999999881
26550  -5.383  -56.812  23.363 0.6999999881
26525  -5.500  -57.051  24.589 0.6000000238
25628  -5.376  -57.529  18.436 0.5000000000
25594  -5.975  -57.048  19.968 0.6000000238
21762  -1.026  -61.122  32.452 0.6999999881
20803  -1.540  -62.548  34.558 0.8000000119
19913  -0.299  -63.370  34.230 0.8000000119
22783  8.894  -60.502  19.824 0.6999999881
21760  0.169  -61.889  33.191 0.8000000119
23677  12.249  -59.311  20.470 0.5000000000
26640  -4.762  -57.206  18.404 0.5000000000
20893  1.079  -62.491  28.039 0.6999999881
20885  1.352  -62.511  29.202 0.6999999881
20902  1.597  -62.302  27.717 0.6999999881
20886  0.862  -62.141  29.819 0.6999999881
144569  -3.411  -57.025  17.931 0.5000000000
24539  9.243  -58.296  25.253 0.3000000119
26638  -2.284  -56.940  18.236 0.5000000000
25551  17.058  -57.694  23.046 0.4000000060
26517  17.996  -56.280  23.727 0.3000000119
28497  18.585  -54.220  26.947 0.3000000119
30502  18.446  -51.728  29.093 0.4000000060
29493  18.396  -52.733  28.684 0.3000000119
31621  4.696  -51.307  19.861 0.5000000000
152017  23.486  -48.793  28.305 0.4000000060
151843  22.725  -49.708  28.649 0.4000000060
135803  23.033  -46.252  30.058 0.4000000060
136247  24.784  -46.077  27.454 0.4000000060
152034  24.621  -48.723  25.974 0.4000000060
148507  22.384  -45.070  31.129 0.4000000060
136080  24.966  -47.370  26.658 0.3000000119
33600  25.231  -47.522  25.364 0.4000000060
35868  12.320  -47.564  19.710 0.3000000119
33628  24.582  -45.224  24.447 0.3000000119
35800  21.770  -46.180  23.807 0.3000000119
35831  19.680  -47.669  20.301 0.5000000000
36956  15.481  -46.290  20.749 0.4000000060
159599  14.744  -47.113  19.570 0.5000000000
37976  20.502  -45.403  23.230 0.3000000119
36926  20.067  -46.059  22.240 0.4000000060
137763  7.155  -94.349  8.602 0.5000000000
890  6.063  -92.739  23.064 0.5000000000
1019  7.793  -93.013  9.244 0.6000000238
154110  5.765  -92.127  23.789 0.4000000060
1982  5.264  -90.147  24.643 0.4000000060
1969  4.929  -89.465  24.910 0.4000000060
3797  -3.302  -85.420  34.268 0.6000000238
3810  -4.386  -85.161  33.362 0.6999999881
4382  -4.724  -84.409  32.846 0.6999999881
3791  -7.184  -85.750  35.445 0.8000000119
3250  -8.354  -86.851  37.456 0.8000000119
136522  -8.906  -86.661  37.412 0.8000000119
9112  -8.417  -76.347  32.575 0.8999999762
13657  -4.050  -70.452  32.799 0.8000000119
19295  -5.520  -64.009  15.624 0.5000000000
19085  -6.217  -64.486  32.604 0.5000000000
138321  -6.633  -64.059  32.740 0.5000000000
18218  -4.956  -65.613  31.461 0.5000000000
19095  -5.993  -64.257  31.822 0.5000000000
25629  -6.011  -57.943  18.560 0.5000000000
25642  -5.494  -58.173  17.618 0.3000000119
21778  -0.747  -61.281  31.464 0.6999999881
133087  23.671  -50.014  27.338 0.4000000060
134003  23.967  -47.472  28.361 0.4000000060
147931  21.231  -44.508  30.904 0.3000000119
35751  19.196  -46.332  29.731 0.3000000119
36916  21.333  -45.277  24.075 0.3000000119
138154  -4.906  -57.767  16.783 0.4000000060
463  0.699  -94.102  16.234 0.8999999762
155916  1.332  -94.350  17.517 0.8000000119
63  2.312  -94.627  16.204 0.8000000119
700  0.319  -93.859  15.384 0.8999999762
691  0.448  -92.907  15.762 0.8999999762
945  0.862  -92.102  17.359 0.8999999762
158775  0.779  -93.915  18.790 0.8000000119
1237  -2.324  -91.203  20.723 0.6999999881
1623  -2.596  -90.654  21.525 0.6999999881
2030  -1.903  -89.290  20.906 0.8000000119
2047  0.520  -88.585  18.512 0.8000000119
109  -0.429  -95.237  13.018 0.8999999762
1013  2.221  -92.528  10.748 0.8000000119
988  2.716  -92.291  13.366 0.8999999762
740  0.943  -92.747  11.565 0.8000000119
739  1.348  -93.423  12.200 0.8999999762
155854  0.672  -92.801  10.463 0.6999999881
753  2.965  -93.461  10.775 0.8000000119
1014  1.350  -92.603  10.517 0.6999999881
746  3.723  -93.504  11.253 0.8000000119
205  0.219  -94.151  21.241 0.8999999762
909  -0.044  -91.788  21.046 0.8000000119
436  2.181  -94.227  20.119 0.6999999881
1668  0.474  -89.956  16.279 0.8000000119
218  4.743  -94.319  17.557 0.8000000119
1662  -1.219  -90.033  17.001 0.8000000119
701  -0.141  -92.971  14.784 0.8999999762
246  4.928  -94.091  15.981 0.6999999881
478  4.051  -94.379  14.812 0.6999999881
1298  3.540  -91.289  14.236 0.6999999881
962  4.541  -92.254  14.864 0.6999999881
648  1.569  -93.416  22.624 0.6999999881
653  1.544  -93.127  22.016 0.6999999881
899  5.674  -92.946  22.376 0.5000000000
1227  3.306  -91.057  21.594 0.6000000238
144055  3.306  -90.489  19.810 0.5000000000
666  7.029  -92.858  18.652 0.6000000238
1260  4.493  -91.318  18.778 0.5000000000
2071  7.560  -89.645  16.458 0.3000000119
1316  5.465  -91.346  12.842 0.5000000000
2108  5.122  -89.378  13.425 0.4000000060
517  -1.056  -93.840  10.185 0.6999999881
525  0.098  -93.932  8.988 0.6000000238
1707  5.779  -89.864  13.058 0.4000000060
737  4.921  -93.528  12.104 0.6000000238
134305  -2.222  -89.127  39.084 0.5000000000
2780  -2.977  -87.616  36.559 0.6999999881
1119  -2.752  -90.920  36.360 0.8000000119
1171  3.865  -91.846  27.195 0.5000000000
151135  3.786  -92.119  25.938 0.6000000238
133935  -0.536  -93.179  21.947 0.8999999762
2453  0.008  -87.731  21.446 1.0000000000
1666  7.930  -90.764  16.681 0.4000000060
456  6.297  -93.471  17.359 0.6999999881
314  1.755  -94.664  8.722 0.6999999881
159313  7.195  -92.804  13.054 0.4000000060
280  7.617  -94.153  11.999 0.5000000000
496  6.741  -94.109  11.940 0.6000000238
3243  -2.484  -87.038  38.237 0.5000000000
1901  -1.824  -89.491  32.659 0.8000000119
1189  3.782  -91.195  24.963 0.6000000238
631  4.673  -93.223  23.862 0.6000000238
914  2.730  -91.915  20.341 0.6000000238
2070  8.725  -90.010  17.071 0.3000000119
952  7.559  -92.761  16.758 0.5000000000
1308  6.697  -90.816  13.191 0.4000000060
719  8.589  -93.438  12.797 0.4000000060
282  5.694  -94.315  11.437 0.6999999881
133266  6.334  -94.888  10.782 0.6999999881
301  6.021  -95.270  10.031 0.6999999881
2395  1.686  -87.712  26.698 0.4000000060
147472  2.019  -88.797  26.722 0.5000000000
1949  2.421  -89.443  27.810 0.5000000000
158889  2.598  -89.818  26.225 0.5000000000
1218  -0.333  -91.367  22.686 0.8999999762
504  8.458  -94.328  11.386 0.5000000000
3762  -3.714  -86.065  39.420 0.4000000060
154164  0.249  -89.456  37.746 0.4000000060
145810  0.727  -90.151  35.307 0.5000000000
3324  0.873  -85.800  28.953 0.4000000060
2404  2.646  -88.548  25.537 0.4000000060
900  4.593  -93.067  22.575 0.6000000238
150877  8.723  -89.483  19.340 0.4000000060
513  8.504  -94.434  10.484 0.5000000000
1012  9.266  -92.817  10.212 0.6000000238
1754  7.107  -90.690  8.606 0.5000000000
1751  9.756  -89.987  8.389 0.4000000060
2221  14.209  -89.409  4.856 0.5000000000
1825  13.343  -90.008  2.526 0.5000000000
2231  13.881  -89.523  2.656 0.5000000000
3237  -5.221  -86.492  40.610 0.3000000119
1562  3.628  -91.018  28.354 0.5000000000
155906  8.336  -88.554  19.545 0.3000000119
1004  10.649  -92.531  11.861 0.4000000060
2149  9.612  -88.866  9.227 0.5000000000
2618  10.870  -88.588  8.812 0.6999999881
2166  11.803  -89.587  8.067 0.4000000060
1325  10.741  -92.222  11.352 0.6000000238
140844  9.045  -91.042  10.528 0.6999999881
150377  12.792  -90.531  7.540 0.5000000000
2693  12.159  -88.393  1.788 0.5000000000
3768  -3.462  -85.461  38.453 0.4000000060
3784  -2.947  -85.063  37.016 0.5000000000
1124  -8.324  -90.866  34.764 0.8999999762
141228  -7.277  -88.922  37.531 0.8000000119
585  2.825  -92.476  28.051 0.6000000238
1172  -4.125  -90.733  27.134 1.0000000000
3031  15.770  -87.083  9.948 0.6000000238
3563  13.701  -86.839  9.724 0.6000000238
3032  14.774  -86.984  9.836 0.6000000238
1324  11.696  -91.079  11.989 0.4000000060
1724  11.721  -90.338  11.899 0.5000000000
2177  14.594  -88.914  7.259 0.5000000000
2150  8.817  -88.856  9.836 0.5000000000
2601  9.960  -87.962  9.635 0.6999999881
2128  9.728  -89.426  10.840 0.6000000238
3024  9.930  -87.703  10.709 0.6999999881
157850  15.143  -88.380  5.357 0.5000000000
2220  14.831  -88.747  4.296 0.6000000238
3702  -10.559  -86.044  1.875 0.5000000000
3154  12.318  -87.688  2.703 0.6000000238
3156  10.686  -87.595  2.372 0.5000000000
3141  11.024  -87.148  3.102 0.6000000238
4941  -3.637  -83.898  35.972 0.5000000000
356  -9.920  -93.268  30.296 0.6999999881
1922  -3.544  -89.175  30.822 0.8000000119
1305  11.766  -91.102  13.486 0.4000000060
142778  12.348  -88.946  12.346 0.5000000000
2117  12.605  -89.931  12.569 0.4000000060
140529  10.675  -87.744  9.469 0.6999999881
2127  10.293  -89.034  11.114 0.6000000238
2599  12.586  -88.240  9.039 0.6999999881
2275  -9.176  -89.038  1.015 0.6000000238
3139  14.942  -87.216  2.488 0.6000000238
3140  14.098  -87.289  2.630 0.6000000238
3646  12.824  -86.893  4.007 0.6999999881
3645  13.269  -86.378  4.583 0.6999999881
3644  14.119  -86.390  4.293 0.6000000238
4135  12.053  -85.263  6.238 0.6000000238
3625  11.756  -86.134  4.839 0.6999999881
4710  9.853  -84.262  6.576 0.6000000238
4137  10.341  -84.907  6.031 0.6999999881
4136  11.195  -85.111  6.209 0.6000000238
160282  8.270  -83.886  5.197 0.6000000238
586  1.226  -92.489  27.313 0.8000000119
3521  10.921  -86.369  11.196 0.5000000000
4077  11.917  -85.394  10.965 0.5000000000
155567  10.738  -87.658  11.475 0.5000000000
2615  14.756  -88.589  8.844 0.5000000000
2639  15.082  -88.355  6.597 0.5000000000
159737  13.906  -87.762  9.500 0.6000000238
3643  14.962  -86.196  3.742 0.6000000238
4171  15.503  -85.627  4.225 0.4000000060
4685  12.120  -84.091  7.657 0.5000000000
5772  7.245  -82.469  5.925 0.4000000060
6497  -4.768  -80.485  37.185 0.3000000119
3048  15.290  -87.823  9.567 0.6000000238
4706  13.406  -84.575  6.839 0.5000000000
5266  13.788  -83.889  7.361 0.5000000000
5747  12.432  -82.429  7.993 0.5000000000
5749  10.346  -82.288  8.273 0.5000000000
6201  8.797  -81.360  8.287 0.5000000000
5750  9.407  -82.221  8.201 0.5000000000
6213  7.983  -81.425  7.695 0.5000000000
7344  3.740  -79.320  4.357 0.6999999881
5776  3.154  -82.538  6.226 0.5000000000
7083  -3.036  -79.258  35.711 0.3000000119
6849  2.353  -80.695  -3.084 0.6000000238
3200  1.568  -87.390  -2.282 0.5000000000
5830  3.819  -82.880  1.691 0.5000000000
6711  9.734  -79.953  7.103 0.6000000238
6229  2.739  -81.799  5.435 0.5000000000
7673  -3.813  -78.247  38.093 0.3000000119
6288  -11.532  -82.287  1.005 0.6000000238
6297  -11.207  -81.198  -0.810 0.6000000238
7316  8.902  -79.450  6.910 0.6000000238
7330  6.749  -78.702  5.469 0.6000000238
7329  7.613  -78.866  6.028 0.6000000238
6730  7.867  -79.860  4.375 0.6000000238
157337  8.348  -79.538  7.518 0.6000000238
6528  -3.985  -80.416  33.044 0.4000000060
6363  -1.365  -81.606  -5.619 0.6999999881
6377  -1.489  -81.329  -6.657 0.5000000000
4855  -4.188  -83.960  -4.047 0.6999999881
146563  -7.164  -87.188  2.720 0.8000000119
6721  8.945  -79.576  5.323 0.6000000238
136803  10.187  -80.050  5.892 0.5000000000
7440  -10.505  -79.199  -2.206 0.6999999881
3779  -10.049  -85.022  36.759 1.0000000000
8069  -10.259  -77.991  -2.388 0.6000000238
5358  -7.244  -83.464  0.571 0.6999999881
6284  -4.792  -81.674  0.546 0.6999999881
10231  -9.232  -76.210  1.977 0.6000000238
140395  -9.117  -67.986  17.783 0.6000000238
146900  -9.850  -72.258  9.785 0.6000000238
10210  -8.427  -75.310  3.759 0.6000000238
140127  -7.598  -71.002  28.762 0.6999999881
149643  -8.439  -68.915  27.022 0.8000000119
14610  -8.512  -69.128  29.036 0.8000000119
18419  -8.570  -65.829  16.079 0.8000000119
16635  -4.034  -67.291  16.224 0.8000000119
16658  -0.698  -67.562  14.441 0.5000000000
16660  -1.891  -68.010  14.952 0.5000000000
18426  -0.831  -65.580  15.708 0.6000000238
18428  -2.679  -65.224  15.250 0.5000000000
15506  -7.331  -69.027  32.380 0.8000000119
14886  -2.747  -70.175  12.941 0.6999999881
17524  -0.670  -65.588  17.425 0.6000000238
14556  -5.524  -69.881  33.068 0.8000000119
18285  -4.958  -65.353  26.695 0.8999999762
17386  -2.084  -66.294  27.450 0.8000000119
20147  -5.056  -63.576  17.124 0.6000000238
19134  -1.576  -64.098  28.746 0.8999999762
17345  0.564  -66.699  29.622 0.6000000238
20853  -5.466  -62.708  31.229 0.5000000000
154059  6.759  -59.456  25.741 0.4000000060
20012  6.540  -63.512  27.429 0.8000000119
21889  8.953  -61.729  21.686 0.6999999881
24617  9.703  -58.816  21.846 0.5000000000
20911  2.958  -61.763  27.275 0.6999999881
23581  8.020  -59.089  26.881 0.3000000119
24594  10.436  -58.881  22.523 0.4000000060
24576  10.531  -58.554  23.385 0.3000000119
23657  11.001  -59.174  21.044 0.5000000000
27589  -4.921  -56.414  22.982 0.6000000238
155258  -4.934  -55.933  19.866 0.6000000238
24593  11.924  -58.951  22.756 0.3000000119
143330  12.463  -58.734  22.002 0.4000000060
24633  12.589  -58.853  20.911 0.5000000000
25566  13.097  -58.029  22.058 0.3000000119
25540  9.983  -57.894  24.795 0.3000000119
26559  16.463  -56.919  21.686 0.3000000119
146854  2.274  -56.495  18.069 0.6000000238
29641  2.823  -53.306  18.795 0.6000000238
137665  -0.490  -52.492  18.117 0.4000000060
28516  18.683  -54.496  25.774 0.3000000119
28656  3.716  -55.233  17.829 0.5000000000
35846  1.052  -47.127  20.246 0.3000000119
151835  19.714  -49.062  31.439 0.4000000060
133808  18.835  -50.879  31.380 0.4000000060
30497  17.959  -51.313  30.034 0.4000000060
30515  19.456  -51.823  27.129 0.3000000119
142716  19.105  -51.035  25.638 0.3000000119
152020  21.269  -49.280  30.809 0.4000000060
32503  19.500  -49.112  29.348 0.3000000119
154389  22.267  -44.766  24.954 0.3000000119
143392  4.274  -46.312  19.324 0.5000000000
33577  18.890  -49.471  27.809 0.3000000119
149513  21.257  -46.833  31.625 0.4000000060
35844  7.004  -46.742  20.097 0.3000000119
35872  8.427  -47.237  19.623 0.3000000119
38017  4.994  -45.219  19.923 0.3000000119
34674  23.706  -43.488  28.521 0.3000000119
37995  17.762  -45.553  21.588 0.4000000060
154276  8.101  -44.190  20.320 0.3000000119
156743  11.956  -48.229  19.573 0.3000000119
158938  9.329  -44.827  20.310 0.3000000119
37996  16.859  -45.326  21.625 0.3000000119
36947  13.995  -45.815  20.980 0.4000000060
36958  13.547  -46.447  20.413 0.4000000060
38954  12.695  -43.773  21.787 0.3000000119
37998  12.629  -44.674  21.076 0.4000000060
36959  12.602  -46.415  20.388 0.4000000060
135737  11.182  -45.504  20.489 0.4000000060
39847  10.510  -43.805  19.241 0.3000000119
39815  12.530  -43.178  21.832 0.3000000119
38002  12.127  -45.703  20.586 0.4000000060
311  7.819  -94.821  10.069 0.6000000238
20834  -6.441  -63.252  32.213 0.5000000000
30503  17.797  -52.342  29.627 0.4000000060
133  5.106  -95.419  8.623 0.8000000119
762  7.707  -93.960  8.996 0.6999999881
322  6.279  -95.180  8.426 0.6000000238
1344  6.841  -91.462  8.846 0.6000000238
3097  16.203  -87.150  6.449 0.5000000000
4205  16.954  -85.759  2.270 0.4000000060
25514  9.638  -57.485  25.435 0.3000000119
766  6.985  -93.274  8.648 0.6000000238
154789  16.820  -86.504  6.922 0.4000000060
3081  16.444  -87.340  7.630 0.5000000000
140261  4.028  -95.035  9.495 0.6000000238
150089  17.350  -85.895  6.205 0.4000000060
156532  17.702  -86.103  7.219 0.4000000060
3623  17.447  -86.168  5.130 0.4000000060
153614  17.871  -85.579  5.595 0.4000000060
3066  17.546  -87.116  8.894 0.5000000000
3642  17.508  -86.356  4.088 0.3000000119
3067  16.702  -87.448  8.607 0.5000000000
3149  17.044  -86.660  2.791 0.3000000119
3045  18.322  -86.835  9.235 0.4000000060
3046  16.802  -87.279  9.410 0.5000000000
3047  15.982  -87.586  9.475 0.5000000000
4733  16.208  -85.237  3.234 0.3000000119
3030  16.571  -87.265  9.741 0.5000000000
5746  13.332  -82.556  7.668 0.4000000060
4649  15.034  -84.501  10.712 0.5000000000
3540  15.624  -85.935  10.172 0.5000000000
3537  19.007  -86.447  9.887 0.4000000060
3029  17.423  -86.999  9.863 0.5000000000
4648  16.161  -84.428  10.711 0.4000000060
149501  17.379  -86.082  10.162 0.4000000060
143083  -7.670  -81.252  34.870 0.6999999881
5527  -7.332  -82.749  34.147 0.6999999881
7095  -8.943  -80.409  36.883 0.6999999881
6006  -8.317  -81.835  35.560 0.6999999881
5517  -7.999  -82.759  35.169 0.6999999881
6008  -9.127  -81.717  35.984 0.8999999762
5512  -8.879  -82.394  36.083 0.6999999881
4945  -9.932  -83.320  37.008 0.8999999762
6014  -9.910  -81.676  34.999 0.8999999762
6524  -9.606  -80.422  35.228 0.8999999762
6009  -9.515  -81.684  35.668 0.8999999762
5503  -9.831  -82.731  36.652 0.8999999762
5513  -10.104  -82.472  35.269 0.8999999762
144753  -10.318  -83.815  36.029 0.8999999762
139991  -10.054  -84.001  33.072 0.8000000119
6523  -7.645  -80.442  35.123 0.6999999881
6509  -9.128  -80.234  36.683 0.8999999762
147763  -9.698  -80.121  34.356 0.8000000119
142719  -9.787  -81.198  32.852 0.6999999881
5528  -9.748  -82.217  33.116 0.8000000119
136524  -10.316  -83.102  34.652 0.8000000119
4372  -10.452  -83.788  35.044 0.8999999762
135195  -9.828  -81.032  32.075 0.6999999881
5540  -9.494  -82.429  32.166 0.6999999881
4384  -10.310  -84.612  33.340 0.8000000119
5548  -9.228  -82.497  31.564 0.6999999881
133497  -9.757  -84.072  32.250 0.6999999881
133666  -10.049  -84.791  32.611 0.6999999881
148810  -10.259  -85.711  32.773 0.8000000119
5013  -9.214  -83.597  31.234 0.6999999881
5000  -9.638  -84.278  31.744 0.6999999881
4402  -9.947  -84.956  32.130 0.6999999881
6545  -9.986  -80.240  31.404 0.6999999881
6045  -9.040  -81.560  31.176 0.6999999881
5553  -8.752  -82.754  30.946 0.6999999881
148308  -10.123  -79.714  32.833 0.8000000119
6553  -9.096  -80.462  31.148 0.6999999881
7086  -9.004  -79.797  37.096 0.6999999881
7087  -9.221  -79.653  36.777 0.8999999762
7104  -10.040  -79.410  33.734 0.8000000119
7103  -9.721  -79.590  34.950 0.8999999762
9066  -8.907  -77.336  37.054 0.8999999762
147882  -8.824  -78.304  37.110 0.8999999762
7717  -10.232  -78.562  33.487 0.8000000119
7716  -9.987  -78.615  34.477 0.8000000119
8343  -9.408  -78.226  36.423 0.8999999762
7731  -10.048  -78.187  32.232 0.8000000119
7124  -9.674  -78.856  31.412 0.6999999881
143953  -9.260  -77.412  36.701 0.8999999762
8377  -9.741  -77.472  32.376 0.8000000119
8369  -10.040  -77.346  33.390 0.8000000119
144389  -10.024  -77.652  34.369 0.8000000119
7740  -9.171  -77.992  31.427 0.6999999881
9095  -9.501  -76.345  34.933 0.8000000119
9081  -9.469  -76.575  36.185 0.8000000119
9776  -8.548  -75.128  37.447 0.8000000119
9050  -8.102  -76.266  37.441 0.6999999881
9113  -9.356  -76.490  33.146 0.8000000119
9805  -9.349  -75.748  35.594 0.8000000119
157664  -7.631  -75.453  37.706 0.6999999881
10527  -8.813  -74.428  37.217 0.8000000119
138950  -7.404  -74.317  37.762 0.8000000119
10524  -6.840  -74.796  37.710 0.6000000238
11267  -6.706  -73.954  37.561 0.5000000000
8376  -9.114  -76.888  32.109 0.8000000119
9826  -8.769  -75.566  33.807 0.8000000119
9815  -8.689  -74.945  34.400 0.8000000119
10536  -9.125  -74.352  36.633 0.8000000119
11275  -5.397  -73.692  36.733 0.5000000000
155965  -9.065  -73.709  37.030 0.8000000119
11268  -7.801  -73.576  37.490 0.8000000119
145465  -8.215  -74.835  33.948 0.8000000119
10571  -8.393  -74.191  34.136 0.8000000119
150433  -9.239  -73.517  36.404 0.6999999881
11288  -4.116  -73.567  36.022 0.5000000000
12056  -7.921  -72.497  37.028 0.8000000119
11276  -6.220  -73.378  37.004 0.6999999881
11301  -2.341  -73.493  34.594 0.5000000000
12057  -8.821  -72.173  36.864 0.8000000119
12055  -6.753  -72.627  36.623 0.6000000238
11289  -4.874  -73.213  36.240 0.5000000000
12836  -7.851  -71.100  35.833 0.6999999881
11316  -2.104  -73.546  33.242 0.5000000000
136729  -6.266  -72.027  35.829 0.6999999881
12063  -5.300  -72.495  35.662 0.6000000238
11302  -3.244  -73.215  34.883 0.5000000000
12064  -7.363  -71.870  36.239 0.8000000119
12070  -4.938  -72.304  34.689 0.6000000238
11334  -1.318  -73.258  32.798 0.6000000238
145423  -3.700  -72.989  33.968 0.5000000000
12855  -4.561  -71.442  33.170 0.6999999881
12843  -5.039  -71.865  33.836 0.6999999881
13643  -6.108  -70.933  33.929 0.6999999881
12078  -3.539  -72.793  33.220 0.6999999881
12091  -1.558  -72.444  32.522 0.6999999881
12870  -2.801  -71.398  32.570 0.6999999881
12093  -3.267  -72.323  32.741 0.6999999881
12869  -1.866  -71.438  32.435 0.6999999881
141207  -3.164  -70.583  32.499 0.6000000238
13684  -2.017  -70.282  31.412 0.6000000238
13673  -1.367  -70.659  31.967 0.6000000238
156566  -0.014  -71.050  32.148 0.6000000238
13672  -0.444  -70.472  31.802 0.6000000238
13682  -0.357  -69.762  31.529 0.6000000238
149075  0.014  -68.887  32.479 0.5000000000
15511  -0.742  -68.530  31.314 0.5000000000
16413  -2.809  -67.302  30.662 0.6000000238
21022  -4.951  -62.642  17.963 0.5000000000
24503  2.035  -58.953  27.559 0.3000000119
138366  4.035  -59.676  27.355 0.4000000060
135696  0.066  -58.154  28.482 0.3000000119
23569  0.680  -59.903  27.391 0.4000000060
145056  1.705  -59.537  26.959 0.4000000060
141901  2.557  -60.082  26.870 0.4000000060
23566  3.113  -59.732  27.353 0.4000000060
23695  10.794  -59.968  19.782 0.5000000000
138319  9.363  -62.227  19.624 0.6000000238
22793  12.484  -60.427  19.736 0.5000000000
22794  11.448  -60.546  19.531 0.5000000000
22795  10.183  -60.843  19.503 0.5000000000
149170  9.316  -61.445  19.573 0.6000000238
157619  13.237  -60.302  19.912 0.5000000000
21918  13.099  -61.075  20.068 0.5000000000
20988  12.990  -61.986  20.176 0.5000000000
21003  12.021  -62.261  19.798 0.6000000238
22704  0.041  -60.205  27.742 0.4000000060
22693  -0.336  -60.463  28.253 0.5000000000
22673  -0.985  -60.879  29.691 0.5000000000
21811  1.807  -61.021  27.712 0.6000000238
21802  1.094  -61.513  28.069 0.6000000238
22674  -1.297  -60.930  30.622 0.5000000000
22665  -1.595  -60.903  31.555 0.5000000000
23586  1.846  -60.015  26.672 0.5000000000
23675  14.254  -59.509  20.986 0.5000000000
21004  10.016  -62.777  19.416 0.6000000238
23656  14.666  -59.959  21.408 0.5000000000
22781  14.138  -60.303  20.992 0.5000000000
136317  10.897  -62.446  19.439 0.6000000238
22741  15.041  -60.270  22.840 0.5000000000
21887  14.259  -61.378  21.884 0.5000000000
153598  0.756  -61.205  28.746 0.6000000238
21790  -0.488  -61.359  30.476 0.6000000238
21799  -0.194  -61.248  29.542 0.6000000238
21821  3.496  -61.338  26.781 0.6000000238
20991  9.266  -62.660  19.883 0.6000000238
23674  14.701  -58.946  21.077 0.4000000060
23655  15.084  -59.391  21.668 0.5000000000
23626  15.503  -59.738  23.368 0.5000000000
23610  15.621  -59.518  24.380 0.6000000238
24538  15.419  -59.285  25.964 0.6000000238
26653  -3.694  -56.756  16.900 0.3000000119
26639  -3.973  -57.041  18.432 0.4000000060
20021  8.193  -62.695  25.890 0.6000000238
24590  16.140  -58.342  22.010 0.4000000060
24536  16.595  -58.302  24.884 0.4000000060
25510  16.370  -58.115  25.922 0.6000000238
25488  16.169  -57.842  27.026 0.6000000238
28703  -1.691  -55.276  16.520 0.4000000060
26652  -2.801  -56.647  17.281 0.3000000119
20935  8.400  -62.239  25.162 0.6000000238
20022  7.774  -63.109  26.419 0.6000000238
19154  6.944  -64.666  26.610 0.5000000000
18270  6.627  -64.692  27.724 0.5000000000
19162  8.255  -64.115  25.285 0.6000000238
18282  7.732  -64.038  26.129 0.5000000000
139298  17.016  -57.664  25.196 0.3000000119
26460  17.151  -56.850  26.515 0.3000000119
27445  16.747  -55.929  28.122 0.3000000119
28467  16.417  -54.793  29.520 0.3000000119
27427  16.787  -55.085  28.611 0.3000000119
27695  -2.062  -55.979  17.289 0.4000000060
28702  -1.317  -54.259  16.823 0.4000000060
26493  17.399  -56.972  25.472 0.3000000119
27462  17.624  -56.322  27.079 0.3000000119
149419  17.547  -54.840  28.081 0.3000000119
29494  17.660  -53.477  29.094 0.3000000119
28466  16.947  -54.074  29.894 0.3000000119
29472  17.781  -52.935  30.890 0.3000000119
137314  -1.579  -54.943  17.162 0.4000000060
29686  -1.045  -53.538  17.200 0.4000000060
28661  -0.741  -54.050  17.654 0.4000000060
27444  17.567  -55.468  27.541 0.3000000119
28498  18.057  -54.290  28.013 0.3000000119
151871  19.985  -52.910  30.165 0.4000000060
133048  19.470  -52.142  31.073 0.3000000119
133066  22.455  -53.214  25.978 0.4000000060
133111  24.242  -51.038  22.180 0.4000000060
29667  -0.722  -53.217  17.792 0.4000000060
132900  20.871  -53.470  28.441 0.4000000060
133448  21.491  -53.606  27.154 0.4000000060
152023  21.389  -52.557  28.711 0.4000000060
133042  20.398  -51.506  30.465 0.4000000060
151904  22.597  -52.411  26.658 0.4000000060
133046  23.450  -52.575  23.560 0.4000000060
151928  22.991  -52.476  25.713 0.4000000060
133043  23.462  -51.647  25.530 0.4000000060
151869  24.261  -50.762  22.920 0.4000000060
152003  24.685  -49.611  23.139 0.4000000060
151956  24.650  -50.075  22.500 0.5000000000
32591  25.543  -48.657  20.830 0.5000000000
33643  26.035  -46.917  21.193 0.5000000000
133150  25.240  -48.977  19.654 0.5000000000
133100  25.079  -47.315  18.176 0.5000000000
152703  22.899  -46.590  18.744 0.5000000000
155733  22.698  -51.699  27.199 0.4000000060
151870  23.107  -51.726  26.461 0.4000000060
153002  23.618  -51.818  23.900 0.5000000000
152030  23.871  -50.753  25.397 0.4000000060
161022  23.997  -50.514  24.569 0.4000000060
33599  25.030  -48.160  24.584 0.4000000060
152059  25.603  -47.910  22.786 0.5000000000
33638  25.278  -48.235  21.891 0.5000000000
33657  25.571  -46.457  20.084 0.5000000000
133044  25.715  -46.353  18.756 0.5000000000
33673  24.559  -45.991  19.632 0.5000000000
33674  21.512  -48.269  19.220 0.5000000000
32613  21.459  -49.898  20.394 0.5000000000
31600  20.730  -51.273  20.836 0.4000000060
138953  17.933  -49.928  19.377 0.4000000060
132909  22.216  -50.883  27.984 0.4000000060
151863  23.963  -49.885  26.178 0.4000000060
152001  24.429  -49.606  25.147 0.4000000060
152032  24.503  -49.559  24.092 0.4000000060
33624  25.504  -47.878  23.307 0.4000000060
149240  25.822  -46.655  22.658 0.3000000119
33640  24.076  -46.871  22.366 0.4000000060
33639  24.620  -47.464  22.128 0.5000000000
33641  22.389  -48.430  22.673 0.4000000060
33658  24.665  -46.452  21.161 0.5000000000
32607  20.723  -49.555  21.170 0.4000000060
33660  19.836  -49.758  20.509 0.4000000060
33676  18.682  -49.648  19.639 0.4000000060
33691  16.254  -49.346  18.393 0.3000000119
34751  15.285  -48.795  18.413 0.4000000060
34752  14.360  -48.395  18.678 0.3000000119
34753  13.479  -48.222  19.103 0.3000000119
33626  24.415  -46.407  22.858 0.3000000119
33627  22.828  -47.445  22.996 0.3000000119
33644  23.927  -47.071  22.034 0.4000000060
34721  21.632  -49.058  22.410 0.4000000060
33646  21.129  -49.577  21.999 0.4000000060
34729  20.472  -48.940  21.007 0.4000000060
33659  20.472  -50.000  21.389 0.4000000060
34749  18.915  -48.795  19.612 0.4000000060
35864  16.385  -47.461  19.381 0.4000000060
35867  13.133  -47.544  19.584 0.3000000119
34722  21.604  -47.998  22.468 0.3000000119
35834  16.885  -46.944  19.948 0.4000000060
35836  15.069  -46.574  20.048 0.4000000060
9051  -8.617  -76.482  37.165 0.8999999762
20950  8.429  -61.798  24.023 0.6000000238
20076  9.755  -63.030  22.768 0.6000000238
135  3.650  -95.288  8.462 0.6000000238
12835  -6.363  -71.250  34.946 0.6999999881
21855  8.473  -61.781  23.047 0.6000000238
21908  8.605  -61.087  19.937 0.6000000238
24611  15.381  -58.468  21.481 0.3000000119
143840  15.686  -59.029  22.034 0.4000000060
28517  18.200  -54.894  27.137 0.3000000119
160981  22.080  -51.134  28.820 0.4000000060
151850  21.423  -51.551  29.685 0.4000000060
33625  25.531  -46.641  24.081 0.3000000119
144056  20.907  -48.463  21.824 0.4000000060
35825  20.591  -47.478  21.371 0.4000000060
35833  17.822  -47.208  19.919 0.4000000060
34748  19.735  -48.678  20.237 0.4000000060
155979  14.776  -45.968  21.069 0.3000000119
133041  19.093  -53.234  30.929 0.4000000060
161645  17.394  -86.227  2.672 0.3000000119
22782  13.705  -59.709  20.250 0.4000000060
26669  -4.201  -57.207  16.599 0.3000000119
151927  23.120  -50.957  27.314 0.4000000060
151925  24.228  -48.782  27.167 0.3000000119
143888  25.324  -45.458  23.916 0.3000000119
35835  15.993  -46.622  19.967 0.4000000060
35865  14.957  -47.685  18.852 0.3000000119
139359  15.872  -48.100  18.803 0.4000000060
9816  -9.210  -75.588  34.544 0.8000000119
10534  -5.273  -74.599  36.934 0.5000000000
150078  13.789  -60.707  20.331 0.5000000000
141690  -0.553  -60.634  28.981 0.6000000238
22755  14.597  -60.794  22.397 0.5000000000
24573  16.167  -59.062  23.605 0.6000000238
23596  15.730  -59.339  25.154 0.6000000238
24537  16.032  -58.788  25.550 0.6000000238
24554  16.716  -58.440  23.867 0.5000000000
25509  16.777  -57.450  26.176 0.4000000060
25468  16.587  -57.240  27.036 0.4000000060
25469  16.015  -57.296  27.961 0.5000000000
27428  15.950  -55.469  29.200 0.4000000060
27413  16.291  -55.491  30.275 0.4000000060
133086  19.491  -54.001  30.060 0.5000000000
151918  23.345  -52.389  24.619 0.4000000060
31586  24.448  -50.603  21.132 0.4000000060
152031  23.878  -51.756  23.061 0.4000000060
150482  21.249  -53.306  27.905 0.4000000060
132902  21.627  -52.737  27.846 0.4000000060
133192  22.083  -51.987  27.655 0.4000000060
144423  24.945  -49.563  21.848 0.4000000060
151864  26.094  -47.395  19.786 0.5000000000
32606  22.366  -47.942  20.567 0.5000000000
32592  22.330  -48.646  21.743 0.4000000060
31587  20.516  -50.563  21.283 0.4000000060
31599  21.283  -50.837  20.953 0.4000000060
32614  20.762  -49.730  19.295 0.5000000000
33675  19.266  -49.421  19.970 0.4000000060
34750  17.597  -48.545  19.019 0.4000000060
134549  16.802  -48.415  18.845 0.4000000060
33677  17.286  -49.416  18.800 0.5000000000
32593  21.241  -49.995  21.747 0.4000000060
35862  18.280  -48.079  19.429 0.4000000060
35863  17.259  -47.741  19.395 0.4000000060
1714  13.003  -89.844  13.132 0.3000000119
4042  12.923  -85.242  11.932 0.4000000060
3511  13.211  -86.295  12.444 0.4000000060
4075  13.438  -84.837  10.645 0.4000000060
12853  1.074  -71.910  33.252 0.4000000060
146846  -0.006  -71.846  32.453 0.5000000000
144689  0.841  -71.233  33.082 0.5000000000
20976  13.173  -63.161  21.018 0.5000000000
21852  13.557  -61.558  23.727 0.4000000060
20947  13.233  -62.404  22.654 0.5000000000
20965  12.966  -63.173  22.191 0.5000000000
20091  12.740  -63.802  21.392 0.5000000000
20108  12.663  -63.616  20.687 0.5000000000
22719  13.593  -60.639  26.419 0.4000000060
138740  13.794  -60.896  25.499 0.4000000060
22731  13.825  -61.147  24.541 0.5000000000
20109  11.978  -63.745  20.310 0.5000000000
22709  13.324  -60.338  27.427 0.4000000060
22742  14.478  -60.699  23.247 0.5000000000
133201  11.265  -64.573  20.140 0.5000000000
20118  9.748  -63.194  19.674 0.5000000000
151516  9.834  -63.012  21.945 0.5000000000
20110  9.668  -63.748  19.870 0.5000000000
24465  14.248  -58.510  29.363 0.4000000060
155778  14.021  -58.981  28.170 0.4000000060
23597  15.123  -59.914  25.286 0.5000000000
22730  14.422  -60.516  24.917 0.5000000000
133158  10.580  -65.208  19.702 0.5000000000
23549  13.382  -59.352  29.036 0.4000000060
135174  14.709  -58.694  27.611 0.4000000060
19215  9.743  -64.300  20.821 0.5000000000
24499  14.268  -58.312  28.602 0.4000000060
151909  10.205  -65.539  19.615 0.5000000000
25436  14.728  -57.886  29.382 0.4000000060
153269  8.851  -64.334  23.993 0.5000000000
19195  9.513  -63.706  23.183 0.5000000000
19216  9.306  -64.788  21.553 0.5000000000
25470  15.092  -57.887  28.059 0.5000000000
24520  15.614  -58.595  26.729 0.5000000000
18349  9.508  -65.335  20.277 0.5000000000
148596  14.977  -57.241  29.256 0.4000000060
25435  15.443  -57.167  29.767 0.4000000060
19207  9.229  -64.527  22.707 0.5000000000
137939  15.277  -56.663  29.317 0.4000000060
25428  15.963  -56.664  30.303 0.4000000060
150904  15.559  -56.061  29.399 0.4000000060
26420  15.752  -56.378  28.651 0.5000000000
26408  17.492  -56.647  30.268 0.4000000060
26399  16.411  -56.129  30.471 0.4000000060
25433  17.272  -57.472  30.044 0.4000000060
27412  16.799  -55.626  30.575 0.5000000000
27417  18.111  -55.279  30.587 0.4000000060
151966  18.670  -55.702  29.643 0.4000000060
133122  18.992  -54.936  29.874 0.4000000060
149309  20.074  -51.476  20.683 0.4000000060
4629  13.097  -84.583  11.017 0.4000000060
150201  5.259  -95.177  7.657 0.6000000238
155713  14.892  -60.285  23.564 0.5000000000
21851  14.038  -61.334  22.877 0.5000000000
23579  14.395  -59.379  27.238 0.4000000060
21853  13.077  -62.172  23.589 0.5000000000
20948  12.777  -62.839  23.276 0.4000000060
20057  12.537  -63.423  23.044 0.5000000000
23580  14.059  -60.044  26.844 0.4000000060
23562  13.667  -59.620  27.802 0.4000000060
6197  12.862  -81.893  7.439 0.3000000119
2312  0.506  -89.191  37.767 0.3000000119
1207  8.108  -91.436  23.072 0.3000000119
1605  7.987  -90.931  22.723 0.3000000119
143844  5.537  -89.111  20.266 0.3000000119
1617  6.221  -90.977  21.863 0.4000000060
2017  5.779  -89.135  21.416 0.3000000119
2018  5.331  -89.684  21.097 0.3000000119
2024  7.099  -88.302  19.923 0.3000000119
9800  -1.633  -74.584  35.445 0.3000000119
9802  -3.372  -75.194  35.479 0.4000000060
155031  -4.626  -76.061  35.272 0.4000000060
9079  -5.422  -76.507  35.272 0.4000000060
7715  -6.587  -78.076  34.979 0.5000000000
7714  -5.649  -77.730  34.254 0.4000000060
7101  -6.828  -79.906  34.392 0.6000000238
142058  -6.751  -79.036  34.660 0.6000000238
7706  -7.541  -78.783  35.713 0.6000000238
9814  -2.294  -75.505  34.856 0.3000000119
8355  -3.974  -77.264  33.731 0.3000000119
136955  -3.401  -76.699  34.144 0.4000000060
7109  -4.435  -79.646  32.925 0.3000000119
8356  -5.305  -77.100  34.473 0.4000000060
9080  -6.328  -76.846  35.843 0.4000000060
7724  -5.158  -78.835  33.145 0.5000000000
135817  -5.262  -78.097  33.595 0.4000000060
7692  -8.342  -78.550  36.711 0.6000000238
6530  -6.166  -80.241  33.415 0.5000000000
9801  -2.665  -74.535  35.584 0.4000000060
8354  -2.426  -77.158  33.998 0.3000000119
9063  -5.935  -76.095  36.300 0.4000000060
8365  -2.241  -77.889  33.834 0.3000000119
9064  -6.853  -76.461  36.695 0.4000000060
10546  -1.192  -74.090  35.625 0.4000000060
7107  -2.614  -78.438  33.780 0.3000000119
9786  -4.645  -75.097  36.519 0.4000000060
9774  -6.587  -75.603  37.176 0.5000000000
8329  -8.174  -77.703  36.927 0.6000000238
147619  -3.186  -79.881  33.778 0.3000000119
149672  -3.013  -74.139  35.793 0.4000000060
11299  -0.684  -73.691  34.738 0.4000000060
9787  -5.526  -75.342  36.790 0.4000000060
138584  -0.828  -73.913  35.490 0.4000000060
11286  -2.590  -73.722  35.451 0.4000000060
11314  -0.043  -73.615  33.678 0.4000000060
11312  1.371  -73.039  33.666 0.3000000119
11333  -0.331  -73.387  32.867 0.4000000060
12077  0.895  -72.567  33.192 0.3000000119
12089  0.208  -72.705  32.753 0.5000000000
136351  0.558  -70.458  32.729 0.4000000060
14555  0.529  -69.855  33.192 0.4000000060
15470  -1.502  -68.524  35.444 0.3000000119
15481  -0.575  -68.873  34.223 0.4000000060
14568  0.298  -69.638  32.310 0.4000000060
16373  -1.917  -67.812  34.986 0.3000000119
15495  -1.018  -68.364  33.768 0.4000000060
16388  -2.197  -67.603  34.111 0.4000000060
17311  -3.032  -67.046  33.079 0.4000000060
17296  -3.630  -66.384  34.423 0.4000000060
161018  -1.265  -67.885  32.589 0.4000000060
16411  -1.703  -67.589  31.759 0.4000000060
18186  -4.827  -65.444  35.156 0.4000000060
138862  -3.969  -65.951  35.095 0.4000000060
17303  -2.965  -67.024  34.053 0.4000000060
16376  -4.262  -66.836  36.127 0.3000000119
17281  -3.219  -66.687  35.096 0.4000000060
16406  -2.518  -67.329  32.239 0.4000000060
16401  -2.356  -67.424  33.213 0.4000000060
17312  -3.505  -66.778  32.335 0.4000000060
18187  -5.541  -65.026  34.390 0.4000000060
19060  -6.256  -64.757  35.876 0.4000000060
18209  -5.070  -65.701  32.317 0.4000000060
140595  -5.971  -64.502  34.887 0.4000000060
18199  -5.389  -65.345  33.536 0.4000000060
149684  -6.391  -64.265  35.802 0.3000000119
20771  -6.709  -62.990  36.369 0.3000000119
19905  -6.643  -63.518  35.267 0.4000000060
141731  -6.461  -63.984  33.732 0.4000000060
21697  -6.932  -61.085  36.874 0.3000000119
20791  -6.896  -62.377  35.304 0.3000000119
19917  -6.894  -62.991  34.393 0.4000000060
21732  -7.118  -61.467  34.700 0.4000000060
24416  -6.452  -58.257  35.530 0.3000000119
22636  -7.032  -60.722  34.451 0.3000000119
25385  -6.053  -57.546  35.229 0.3000000119
23501  -5.181  -59.427  33.867 0.3000000119
23489  -7.074  -59.640  35.778 0.3000000119
22649  -6.155  -60.836  34.041 0.4000000060
25394  -5.627  -57.220  34.524 0.3000000119
24425  -5.606  -57.649  34.148 0.3000000119
25423  -4.478  -57.614  31.486 0.3000000119
23503  -6.647  -59.113  34.759 0.3000000119
24426  -6.517  -58.238  34.996 0.3000000119
22633  -5.480  -60.239  34.176 0.3000000119
24450  -5.218  -57.709  33.261 0.3000000119
23520  -4.253  -59.506  32.448 0.3000000119
23521  -4.946  -58.664  33.023 0.3000000119
23514  -4.393  -59.824  33.507 0.3000000119
23527  -4.094  -59.357  31.331 0.3000000119
22659  -3.576  -60.238  33.108 0.4000000060
22684  -2.181  -59.940  29.077 0.4000000060
22676  -3.122  -60.061  30.720 0.4000000060
22667  -3.458  -60.076  31.816 0.4000000060
23554  -1.493  -59.576  28.589 0.3000000119
22675  -2.553  -59.967  29.945 0.4000000060
28722  -0.668  -54.727  15.786 0.3000000119
30669  -0.732  -52.858  17.481 0.3000000119
22657  -1.843  -60.811  32.565 0.4000000060
29708  0.342  -53.649  15.957 0.3000000119
31665  -0.279  -52.107  17.349 0.3000000119
141341  -0.481  -52.115  18.131 0.4000000060
153670  18.345  -86.722  8.280 0.3000000119
1638  4.940  -89.807  18.936 0.4000000060
9078  -3.915  -75.944  34.881 0.4000000060
145696  -2.612  -76.400  34.373 0.3000000119
7725  -6.076  -79.360  33.661 0.5000000000
8367  -3.964  -77.963  33.410 0.3000000119
6529  -5.437  -80.611  32.808 0.5000000000
153141  -4.818  -57.802  32.225 0.3000000119
24458  -4.104  -58.492  30.096 0.3000000119
141909  -6.198  -81.195  33.189 0.5000000000
24470  -3.618  -58.285  29.556 0.3000000119
889  7.085  -92.160  23.044 0.4000000060
6013  -6.984  -81.573  33.969 0.6000000238
11274  -4.553  -74.060  36.541 0.4000000060
20975  13.431  -62.400  20.762 0.4000000060
21888  13.948  -61.924  21.285 0.4000000060
21869  13.835  -61.969  22.173 0.4000000060
28452  16.598  -54.773  30.192 0.4000000060
29694  -0.511  -53.469  16.548 0.4000000060
132907  18.541  -54.198  30.792 0.4000000060
10533  -4.392  -74.608  36.533 0.4000000060
28443  17.759  -54.342  30.904 0.4000000060
1214  7.644  -91.639  22.598 0.4000000060
135258  6.273  -90.171  21.994 0.3000000119
8341  -6.025  -77.251  35.000 0.4000000060
8328  -7.201  -77.206  36.341 0.6000000238
12841  2.405  -72.132  35.004 0.3000000119
17305  -4.260  -66.007  32.877 0.4000000060
22597  -7.047  -60.491  36.140 0.3000000119
136356  0.323  -85.953  31.059 0.3000000119
4410  0.703  -84.133  30.853 0.3000000119
156888  5.961  -90.554  24.790 0.3000000119
1579  6.683  -90.939  25.341 0.3000000119
1199  7.161  -91.513  24.130 0.3000000119
1198  7.976  -91.367  24.316 0.3000000119
157192  7.662  -91.819  22.915 0.3000000119
1215  6.891  -91.814  22.179 0.3000000119
132908  18.180  -52.696  31.168 0.3000000119
32649  -0.439  -51.194  18.381 0.3000000119
61  3.675  -94.569  16.633 0.8000000119
62  2.955  -94.655  16.430 0.8000000119
75  2.673  -94.755  15.683 0.8000000119
76  2.175  -94.731  15.601 0.8000000119
77  1.771  -94.599  15.899 0.8999999762
78  1.370  -94.685  15.481 0.8999999762
88  3.419  -94.662  15.396 0.8000000119
91  1.276  -94.992  14.648 0.8999999762
101  2.882  -94.999  14.881 0.8999999762
102  2.662  -94.973  14.595 0.8999999762
103  1.998  -95.096  14.605 0.8999999762
104  0.131  -95.251  13.469 0.8999999762
105  2.861  -95.129  14.322 0.8999999762
107  0.934  -95.486  13.345 0.8999999762
111  0.374  -95.292  12.833 0.8999999762
112  -1.019  -95.027  12.373 0.6999999881
115  -0.241  -95.110  12.232 0.8000000119
116  -0.797  -94.962  11.562 0.6999999881
119  5.258  -95.217  9.973 0.6999999881
121  3.891  -94.689  9.913 0.8000000119
123  -1.029  -95.387  11.103 0.6999999881
126  6.454  -95.235  9.235 0.6000000238
127  5.586  -95.379  9.355 0.6999999881
128  4.787  -95.345  9.418 0.6000000238
129  3.504  -95.073  9.074 0.6000000238
131  2.412  -94.638  8.881 0.6999999881
132  5.846  -95.347  8.716 0.6000000238
134  4.250  -95.411  8.779 0.6000000238
136  3.009  -94.942  8.582 0.6999999881
146  -10.055  -93.673  27.564 0.6000000238
150  -0.862  -93.577  26.077 0.8999999762
151  -8.334  -93.880  25.190 0.6000000238
158  0.624  -93.683  24.817 0.8999999762
159  -0.739  -93.635  25.278 0.8999999762
166  2.929  -93.512  23.837 0.6000000238
167  1.483  -93.770  23.922 0.8000000119
168  0.791  -93.910  24.104 0.8000000119
169  -0.816  -93.603  24.638 0.8999999762
176  1.404  -93.702  23.308 0.8000000119
179  -0.364  -94.007  23.448 0.8000000119
186  0.197  -94.306  22.454 0.8999999762
187  -0.159  -94.245  22.788 0.8999999762
194  0.416  -94.215  21.778 0.8999999762
202  1.899  -94.426  19.927 0.6999999881
204  0.668  -94.214  20.292 0.8000000119
212  2.448  -94.348  19.405 0.6999999881
214  1.215  -94.306  19.413 0.8000000119
219  3.787  -94.422  18.021 0.8000000119
220  2.914  -94.602  17.966 0.6999999881
221  2.091  -94.493  17.749 0.8000000119
223  1.035  -94.174  18.521 0.8000000119
228  5.785  -93.892  16.902 0.6999999881
230  3.339  -94.561  17.248 0.8000000119
232  1.881  -94.472  16.767 0.8000000119
236  5.374  -94.081  16.532 0.6999999881
237  4.771  -94.344  16.410 0.8000000119
238  3.958  -94.553  16.137 0.8000000119
245  5.381  -93.909  16.279 0.6999999881
247  4.156  -94.424  15.710 0.8000000119
249  0.463  -94.905  14.560 0.8999999762
260  4.306  -94.273  15.380 0.6999999881
261  3.226  -94.891  14.441 0.8999999762
270  2.854  -95.201  13.990 0.8999999762
271  2.229  -95.341  13.562 0.8999999762
272  1.593  -95.412  13.432 0.8999999762
273  -0.365  -95.145  13.430 0.8999999762
275  -2.195  -94.546  12.576 0.6999999881
281  6.214  -94.220  11.657 0.6999999881
284  0.331  -95.207  12.509 0.8000000119
285  -1.922  -94.887  12.176 0.6999999881
290  5.651  -94.630  10.886 0.8000000119
295  -1.134  -95.384  10.986 0.6000000238
300  7.294  -94.892  10.828 0.6000000238
302  5.104  -94.827  10.393 0.6999999881
303  4.543  -94.729  10.346 0.6999999881
304  2.914  -94.770  9.574 0.6999999881
313  2.634  -94.660  9.261 0.6999999881
321  7.029  -94.943  8.763 0.6000000238
323  5.594  -95.287  8.120 0.6000000238
328  5.902  -95.150  7.795 0.6000000238
342  -8.065  -93.282  31.565 1.0000000000
343  -4.427  -93.300  30.989 0.8999999762
344  -5.598  -93.439  31.140 0.8999999762
345  -6.355  -93.439  31.323 0.8999999762
346  -7.942  -93.406  31.151 1.0000000000
347  -8.573  -93.358  30.967 0.8999999762
348  -9.196  -93.228  30.846 0.8999999762
353  -7.702  -93.463  30.614 1.0000000000
355  -9.155  -93.500  30.167 0.8999999762
357  -10.398  -93.429  29.633 0.6999999881
358  -3.312  -93.438  29.717 0.8999999762
359  -3.569  -93.547  29.345 0.8999999762
360  -4.331  -93.494  29.570 0.8999999762
363  -8.284  -93.534  29.941 1.0000000000
366  -10.133  -93.702  29.026 0.6000000238
368  -2.048  -93.561  28.256 0.8999999762
369  -2.871  -93.648  29.119 0.8999999762
371  -3.999  -93.454  28.979 0.8999999762
372  -5.824  -93.227  29.348 1.0000000000
373  -7.988  -93.444  29.487 1.0000000000
374  -8.887  -93.560  29.194 0.8000000119
379  -0.686  -93.529  26.974 0.8999999762
384  -9.318  -93.460  27.192 0.8000000119
389  2.262  -93.234  25.766 0.6000000238
390  1.196  -93.326  25.953 0.8999999762
392  -1.275  -93.445  26.464 0.8999999762
393  -1.453  -93.309  26.417 0.8999999762
394  -8.548  -93.586  25.773 0.6000000238
395  -9.107  -93.906  26.090 0.6000000238
398  3.704  -93.356  24.592 0.6000000238
399  2.315  -93.408  24.819 0.6000000238
402  -0.326  -93.694  25.984 0.8999999762
403  -1.037  -93.351  25.632 0.8999999762
405  -7.706  -93.467  25.201 0.6999999881
407  4.173  -93.435  24.021 0.6000000238
408  3.525  -93.525  23.920 0.6000000238
410  -1.003  -93.400  24.431 0.8999999762
417  2.135  -93.315  23.424 0.8000000119
423  3.390  -93.410  23.174 0.6000000238
424  2.463  -93.097  23.097 0.6999999881
425  1.386  -93.634  22.731 0.6999999881
426  -0.146  -94.298  22.267 0.8999999762
431  1.206  -93.790  21.727 0.8000000119
432  -0.068  -94.371  21.634 0.8999999762
437  1.351  -94.033  20.619 0.8000000119
439  0.141  -94.150  20.881 0.8999999762
444  3.825  -93.960  18.861 0.6999999881
451  4.354  -94.097  18.289 0.8000000119
457  5.578  -93.933  17.371 0.6999999881
458  0.950  -94.221  17.702 0.8000000119
461  6.433  -93.458  16.877 0.6999999881
469  5.336  -93.787  15.937 0.6999999881
477  4.723  -94.057  15.486 0.6999999881
479  3.869  -93.989  14.229 0.6999999881
489  -1.024  -94.070  13.904 0.8000000119
495  8.544  -93.845  12.224 0.5000000000
497  5.940  -94.159  11.774 0.6999999881
498  5.307  -94.154  11.836 0.8000000119
499  2.190  -95.135  12.976 0.8999999762
500  1.246  -94.863  12.470 0.8999999762
505  5.254  -94.299  11.502 0.8000000119
507  3.855  -94.263  10.843 0.8000000119
508  -0.290  -94.254  11.274 0.8000000119
509  -0.905  -94.653  10.919 0.6999999881
512  9.204  -94.056  10.804 0.5000000000
521  8.328  -94.453  9.864 0.6999999881
522  7.778  -94.612  9.255 0.6999999881
523  2.115  -94.625  9.148 0.6999999881
524  0.983  -94.171  9.056 0.6000000238
560  -6.887  -92.830  32.505 1.0000000000
561  -7.419  -92.662  32.583 1.0000000000
562  -7.979  -92.494  32.670 1.0000000000
563  -8.497  -92.242  32.743 1.0000000000
564  -5.534  -93.145  31.939 0.8999999762
565  -6.328  -93.152  32.225 0.8999999762
567  -7.847  -93.076  32.148 1.0000000000
569  -8.729  -92.568  32.014 0.8999999762
570  -3.473  -93.088  30.427 0.8999999762
571  -3.771  -93.328  30.414 0.8999999762
573  -5.147  -93.305  31.419 0.8999999762
575  -8.462  -93.146  31.567 0.8999999762
577  -10.038  -92.765  30.573 0.6999999881
578  -3.203  -93.248  30.028 0.8999999762
579  -10.583  -93.093  29.932 0.6000000238
584  3.295  -92.379  27.720 0.6999999881
589  -1.838  -93.459  28.501 0.8999999762
590  -2.327  -93.535  28.849 0.8999999762
592  -5.487  -92.982  28.790 0.8999999762
593  -6.566  -92.868  28.887 1.0000000000
598  3.457  -92.404  27.084 0.5000000000
600  2.211  -92.754  27.222 0.6000000238
601  0.179  -93.054  26.931 0.8000000119
603  -1.592  -93.488  27.884 0.8999999762
604  -2.258  -93.354  27.468 0.8999999762
606  -4.269  -92.920  28.299 0.8999999762
610  -8.781  -93.132  27.273 0.8000000119
613  3.531  -92.424  26.210 0.6000000238
614  3.225  -92.662  26.457 0.5000000000
615  2.659  -92.944  26.572 0.6999999881
618  -2.085  -92.903  26.771 0.8999999762
619  -2.779  -92.963  27.461 0.8999999762
620  -8.091  -93.063  25.803 0.8000000119
625  -1.317  -92.503  25.523 0.8999999762
627  -6.407  -93.315  25.098 0.8000000119
628  -7.308  -93.229  25.234 0.6999999881
632  -1.038  -93.267  24.940 0.8999999762
633  -1.128  -93.194  24.895 0.8999999762
636  5.659  -93.042  22.778 0.5000000000
638  4.586  -93.399  23.407 0.6000000238
642  -4.874  -93.528  23.261 0.6000000238
644  5.101  -93.401  22.878 0.6000000238
645  4.074  -93.466  23.053 0.6000000238
646  3.017  -93.387  22.973 0.6000000238
649  -0.678  -93.385  22.604 0.8999999762
650  -0.677  -93.820  23.109 0.8999999762
658  1.939  -92.875  21.257 0.6999999881
659  1.582  -93.591  20.958 0.6999999881
660  0.148  -93.138  19.883 0.8000000119
661  -0.079  -93.514  20.633 0.8999999762
665  7.810  -92.531  18.571 0.5000000000
674  7.406  -92.963  18.289 0.6000000238
675  6.059  -93.453  17.860 0.6999999881
676  0.711  -94.000  18.118 0.8000000119
681  7.597  -92.996  17.876 0.6000000238
682  6.948  -93.308  17.932 0.6000000238
683  0.669  -93.431  16.710 0.8999999762
689  7.253  -93.065  17.207 0.5000000000
697  6.024  -93.443  16.261 0.6999999881
699  4.881  -93.159  15.019 0.6999999881
708  4.346  -93.703  14.634 0.6999999881
709  -1.424  -92.483  13.988 0.8000000119
720  7.972  -93.500  12.809 0.4000000060
723  2.618  -94.214  13.171 0.8999999762
725  -1.777  -93.087  13.543 0.8000000119
726  -3.139  -92.602  13.715 0.8000000119
734  7.390  -93.835  12.365 0.5000000000
735  6.652  -93.923  12.200 0.6000000238
736  5.807  -93.787  12.117 0.6000000238
738  1.936  -94.161  12.676 0.8999999762
744  9.864  -93.405  11.793 0.4000000060
745  4.088  -93.052  11.734 0.8000000119
747  0.218  -93.135  10.942 0.6999999881
748  -0.502  -93.675  10.488 0.8000000119
752  8.928  -94.142  10.077 0.6000000238
754  1.995  -93.420  10.135 0.6999999881
755  0.989  -93.086  9.859 0.6999999881
757  -0.390  -93.547  9.712 0.6999999881
763  0.513  -93.596  9.439 0.6999999881
826  -7.609  -91.655  33.470 0.8999999762
828  -8.401  -91.524  33.721 1.0000000000
833  -7.666  -92.053  33.051 0.8999999762
835  -8.565  -91.817  33.287 1.0000000000
836  -8.937  -91.918  33.110 1.0000000000
837  -5.283  -92.815  32.077 0.8999999762
839  -6.507  -92.704  32.549 0.8999999762
842  -4.606  -92.472  31.743 0.8999999762
844  -10.310  -92.248  30.561 0.6000000238
850  2.654  -92.016  29.386 0.6000000238
851  1.919  -91.904  29.166 0.6999999881
858  2.913  -92.234  28.832 0.6000000238
861  -0.436  -92.171  28.092 0.8999999762
864  3.747  -92.190  26.826 0.5000000000
866  -4.130  -91.451  27.521 0.8999999762
868  -6.156  -92.049  27.838 0.8999999762
869  -7.627  -92.317  27.175 0.8999999762
870  -8.329  -92.838  26.755 0.8000000119
875  -7.779  -92.482  26.326 0.8000000119
877  3.855  -92.742  25.287 0.6000000238
882  7.403  -91.677  23.598 0.3000000119
883  6.504  -92.129  23.447 0.4000000060
887  -5.433  -91.765  25.236 0.8999999762
891  5.393  -92.785  23.580 0.5000000000
893  -0.937  -92.534  24.002 0.8999999762
897  7.058  -92.120  22.599 0.3000000119
898  6.339  -92.643  22.638 0.5000000000
902  2.439  -92.634  22.696 0.6000000238
903  -0.627  -92.540  22.592 0.8999999762
905  6.399  -92.458  22.155 0.5000000000
907  4.925  -92.364  22.073 0.5000000000
915  2.377  -91.989  21.288 0.6000000238
917  -0.285  -92.859  21.205 0.8000000119
926  3.147  -92.559  19.609 0.6999999881
927  0.520  -92.721  19.077 0.8000000119
943  8.158  -92.620  18.052 0.5000000000
944  7.986  -92.751  17.565 0.5000000000
961  5.476  -92.480  15.372 0.6999999881
963  0.161  -91.973  15.058 0.8999999762
965  -1.994  -91.730  14.691 0.8000000119
972  3.771  -92.177  14.343 0.6999999881
974  -1.786  -91.928  14.112 0.8000000119
986  7.303  -92.475  13.275 0.4000000060
987  3.280  -92.519  13.824 0.8000000119
989  2.227  -91.963  12.750 0.8000000119
996  10.463  -92.580  12.618 0.4000000060
998  5.607  -92.300  12.746 0.5000000000
999  4.603  -92.472  12.243 0.6000000238
1000  1.493  -92.142  11.606 0.8000000119
1006  3.137  -92.570  11.347 0.8999999762
1007  1.681  -92.126  11.131 0.8000000119
1008  0.954  -92.466  11.033 0.8000000119
1010  10.478  -92.887  11.150 0.4000000060
1011  10.009  -93.053  10.714 0.4000000060
1020  6.866  -92.191  8.790 0.6000000238
1025  6.251  -92.439  8.246 0.6000000238
1120  -1.205  -91.020  35.520 0.8000000119
1122  -7.662  -90.106  35.467 0.8000000119
1126  -9.432  -90.913  34.628 1.0000000000
1128  -0.609  -91.151  34.894 0.8000000119
1132  -8.325  -91.187  34.247 1.0000000000
1133  -8.887  -91.270  34.242 1.0000000000
1134  -9.480  -91.188  33.945 1.0000000000
1135  1.086  -91.031  33.154 0.6999999881
1137  -6.595  -91.442  33.156 0.8000000119
1138  -7.278  -91.715  33.371 0.8999999762
1140  0.789  -91.217  32.761 0.6999999881
1142  -5.398  -91.215  32.372 0.8000000119
1144  -9.426  -91.584  32.701 1.0000000000
1147  1.112  -91.491  32.045 0.6999999881
1151  -9.776  -91.981  31.128 0.8999999762
1152  -10.486  -91.845  30.439 0.6000000238
1154  1.377  -91.498  31.082 0.8000000119
1155  -2.739  -91.966  30.147 0.8999999762
1160  3.239  -91.581  29.893 0.6000000238
1162  1.747  -91.679  30.152 0.8000000119
1164  -0.443  -90.772  28.984 0.8000000119
1165  -1.220  -91.241  28.928 0.8000000119
1166  -1.943  -91.272  29.463 0.8000000119
1168  3.555  -91.698  28.977 0.5000000000
1175  -6.971  -91.757  27.075 0.8999999762
1181  -2.600  -91.331  26.878 0.8999999762
1182  -3.349  -90.950  27.215 1.0000000000
1183  -4.507  -90.407  26.522 1.0000000000
1184  -5.780  -91.033  26.341 0.8999999762
1187  7.640  -91.284  25.152 0.3000000119
1192  -4.900  -90.833  25.471 0.8999999762
1193  -5.584  -91.037  25.780 0.8999999762
1194  -6.280  -91.541  25.806 0.8999999762
1201  4.016  -90.338  24.602 0.4000000060
1203  -0.937  -90.872  25.009 0.8999999762
1204  -3.783  -90.843  24.339 0.8999999762
1208  7.824  -91.573  23.395 0.3000000119
1212  -3.992  -91.931  23.921 0.8999999762
1217  2.617  -92.047  22.492 0.6000000238
1220  -3.415  -91.966  22.575 0.5000000000
1224  6.074  -91.807  21.827 0.3000000119
1225  5.147  -91.543  21.783 0.5000000000
1229  -0.112  -91.229  21.820 0.8999999762
1235  2.967  -91.229  20.765 0.6000000238
1245  6.518  -91.395  18.838 0.5000000000
1246  5.483  -91.305  18.754 0.5000000000
1247  3.732  -90.668  19.070 0.5000000000
1248  3.105  -91.373  19.626 0.6000000238
1258  8.415  -92.165  18.452 0.5000000000
1267  9.175  -91.500  18.190 0.4000000060
1277  7.030  -91.234  16.202 0.5000000000
1278  0.661  -90.725  16.125 0.8999999762
1286  4.906  -91.493  15.112 0.6999999881
1288  -0.527  -91.378  14.964 0.8000000119
1289  -1.291  -91.214  15.286 0.8000000119
1297  4.111  -91.446  14.727 0.6999999881
1307  7.390  -91.639  13.503 0.4000000060
1310  2.735  -91.482  13.303 0.8000000119
1313  11.998  -90.822  12.943 0.4000000060
1314  11.568  -91.353  12.656 0.4000000060
1319  2.965  -91.157  12.318 0.8000000119
1323  11.951  -90.778  12.526 0.4000000060
1326  10.185  -91.507  10.895 0.6000000238
1327  4.034  -91.939  12.234 0.6999999881
1329  2.250  -91.697  11.825 0.8999999762
1334  10.380  -92.520  10.907 0.5000000000
1337  7.639  -90.802  9.780 0.6000000238
1352  6.394  -91.689  8.342 0.6000000238
1463  -3.345  -90.506  1.137 0.5000000000
1471  -2.853  -90.185  0.603 0.5000000000
1474  -5.581  -90.133  1.714 0.6000000238
1475  -6.591  -90.177  1.326 0.6000000238
1476  -0.862  -90.026  38.314 0.6000000238
1477  -1.666  -90.013  38.226 0.6999999881
1478  -2.545  -90.011  37.930 0.8000000119
1479  0.107  -89.869  37.322 0.4000000060
1484  -5.350  -89.823  37.561 0.8000000119
1485  -6.012  -89.539  37.439 0.8000000119
1486  -6.716  -89.465  37.206 0.8000000119
1488  -0.277  -90.343  36.788 0.8000000119
1489  -1.175  -90.610  36.969 0.8000000119
1490  -2.241  -90.698  37.111 0.8000000119
1491  -3.261  -90.700  37.061 0.8000000119
1492  -4.185  -90.480  37.136 0.8000000119
1494  -6.072  -89.687  37.059 0.8000000119
1496  -8.169  -90.075  36.063 0.8999999762
1498  0.433  -90.213  35.806 0.8000000119
1500  -3.735  -90.652  36.429 0.8000000119
1504  -8.543  -90.580  35.411 0.8999999762
1507  1.089  -90.313  34.007 0.6999999881
1509  -1.520  -90.350  33.553 0.8000000119
1511  -3.696  -89.865  34.673 0.8000000119
1515  -10.013  -90.684  34.104 1.0000000000
1519  -2.442  -89.739  33.552 0.8000000119
1521  -6.332  -90.180  33.552 0.8000000119
1522  1.985  -90.517  32.346 0.6000000238
1524  -0.275  -90.642  32.272 0.8000000119
1525  -1.006  -89.739  32.173 0.8000000119
1526  -5.355  -90.065  32.450 0.8000000119
1528  -9.400  -90.847  32.070 0.8999999762
1529  -9.946  -90.648  32.869 0.8999999762
1531  1.881  -91.137  32.291 0.6000000238
1535  -4.162  -90.321  30.990 0.8000000119
1541  3.076  -91.230  30.646 0.5000000000
1542  0.438  -90.882  30.529 0.8000000119
1543  -0.351  -90.060  30.146 0.8000000119
1544  -1.082  -89.676  29.858 0.8000000119
1546  -3.252  -89.899  30.389 0.8000000119
1553  3.086  -90.197  29.432 0.5000000000
1556  -1.136  -90.326  29.250 0.8000000119
1563  3.109  -90.250  28.569 0.5000000000
1568  3.622  -91.135  27.268 0.5000000000
1573  3.403  -90.929  25.969 0.5000000000
1574  2.944  -90.335  26.567 0.5000000000
1575  -3.581  -90.308  26.761 1.0000000000
1580  3.376  -90.260  25.180 0.4000000060
1581  2.818  -90.030  25.796 0.5000000000
1582  -1.548  -90.058  25.646 0.8999999762
1583  -2.389  -89.653  26.125 0.8999999762
1588  6.599  -91.133  24.567 0.3000000119
1589  5.638  -90.828  24.347 0.4000000060
1606  7.204  -91.115  22.232 0.4000000060
1607  0.206  -88.965  22.384 1.0000000000
1619  4.139  -90.581  21.188 0.5000000000
1620  3.400  -90.482  20.549 0.5000000000
1628  3.755  -89.970  20.325 0.5000000000
1631  -2.122  -90.271  20.790 0.6999999881
1633  9.635  -89.902  18.980 0.4000000060
1636  6.945  -89.756  19.133 0.5000000000
1639  3.740  -89.959  19.442 0.5000000000
1641  -1.577  -90.011  19.266 0.8000000119
1649  9.655  -90.423  18.895 0.4000000060
1650  9.279  -91.004  18.881 0.4000000060
1651  4.700  -90.444  18.790 0.5000000000
1659  9.717  -90.338  18.524 0.4000000060
1660  9.352  -90.739  17.854 0.3000000119
1669  -0.217  -90.129  16.021 0.8000000119
1670  -0.872  -90.616  15.952 0.8000000119
1679  5.247  -89.612  15.354 0.6000000238
1680  4.626  -90.023  14.998 0.6999999881
1681  0.190  -90.442  15.759 0.8999999762
1695  4.061  -90.272  14.506 0.6999999881
1697  3.142  -91.125  13.747 0.8000000119
1704  12.759  -90.180  13.718 0.4000000060
1706  6.676  -89.890  13.137 0.4000000060
1708  5.030  -90.203  13.036 0.6000000238
1710  3.621  -90.437  13.501 0.6999999881
1711  3.040  -90.819  13.240 0.8000000119
1715  12.416  -90.376  12.867 0.4000000060
1716  5.031  -90.790  12.790 0.5000000000
1718  3.484  -90.655  12.846 0.6999999881
1725  11.174  -90.489  11.498 0.5000000000
1732  8.508  -90.134  10.386 0.6999999881
1733  7.884  -90.149  10.058 0.6999999881
1741  7.131  -90.862  9.229 0.6000000238
1748  12.909  -90.227  7.919 0.5000000000
1749  12.228  -90.213  7.762 0.5000000000
1752  8.631  -90.098  8.540 0.6000000238
1755  6.674  -91.148  8.502 0.6000000238
1765  13.294  -90.349  7.306 0.4000000060
1771  7.307  -90.833  8.001 0.5000000000
1780  13.199  -90.560  6.635 0.4000000060
1802  13.701  -89.862  4.447 0.5000000000
1817  14.358  -89.365  3.939 0.6000000238
1832  13.078  -89.755  1.785 0.5000000000
1859  -3.306  -89.664  0.436 0.5000000000
1862  -7.015  -90.000  0.808 0.6000000238
1863  -7.947  -89.695  0.550 0.6000000238
1864  -8.653  -89.403  0.653 0.6000000238
1868  -0.773  -89.172  40.191 0.3000000119
1870  0.249  -89.356  38.526 0.4000000060
1871  -0.199  -89.304  39.626 0.4000000060
1872  -1.116  -89.502  39.574 0.6000000238
1876  -0.171  -89.693  38.094 0.6000000238
1880  -4.813  -89.662  37.839 0.8000000119
1882  -7.315  -89.256  37.326 0.8000000119
1883  -8.572  -88.906  37.273 0.8999999762
1884  -9.158  -88.753  37.056 0.8999999762
1885  0.581  -89.834  36.139 0.4000000060
1886  -7.583  -89.527  36.774 0.8000000119
1890  0.760  -89.642  35.648 0.5000000000
1892  -6.294  -89.522  35.531 0.8000000119
1893  -9.757  -89.820  35.591 1.0000000000
1894  -10.269  -89.524  34.751 1.0000000000
1897  -4.707  -89.527  34.574 0.8000000119
1898  -6.178  -89.480  34.708 0.8000000119
1899  -10.614  -89.550  33.761 0.8999999762
1900  1.230  -89.725  33.789 0.6000000238
1902  -3.493  -89.019  32.960 0.8000000119
1904  -5.933  -89.520  33.915 0.8000000119
1905  -10.652  -89.532  33.190 0.8999999762
1907  1.590  -89.942  32.925 0.6000000238
1909  -4.025  -88.816  32.096 0.8000000119
1912  -9.603  -90.340  32.405 0.8999999762
1921  -2.743  -88.725  30.950 0.8000000119
1931  -2.821  -89.132  30.446 0.8000000119
1932  -8.964  -90.263  30.779 0.8000000119
1937  2.281  -89.157  29.955 0.5000000000
1959  -3.763  -89.877  26.173 1.0000000000
1973  -3.055  -89.427  25.868 1.0000000000
1974  -3.670  -89.784  25.495 1.0000000000
1984  -1.183  -88.983  24.485 1.0000000000
1985  -1.812  -88.863  24.841 0.8999999762
1996  -0.703  -88.770  23.650 1.0000000000
1997  -2.682  -89.137  23.720 1.0000000000
1998  -2.976  -89.354  24.418 1.0000000000
2009  -0.094  -88.171  22.226 1.0000000000
2010  -0.289  -88.663  22.860 1.0000000000
2021  -1.554  -88.447  21.060 1.0000000000
2026  4.698  -89.372  19.974 0.3000000119
2027  3.906  -89.580  19.863 0.5000000000
2028  0.608  -88.606  20.429 0.8999999762
2035  7.790  -89.107  19.562 0.4000000060
2037  5.247  -89.473  19.452 0.4000000060
2038  4.346  -89.645  19.353 0.5000000000
2039  0.579  -88.585  19.442 0.8000000119
2040  -1.348  -88.941  19.401 0.8000000119
2049  -1.208  -89.188  18.506 0.8000000119
2057  9.669  -89.660  17.875 0.4000000060
2060  -0.502  -89.342  17.030 0.8000000119
2073  0.673  -89.387  16.841 0.8000000119
2074  0.003  -89.465  16.530 0.8000000119
2109  4.492  -89.395  13.980 0.4000000060
2126  11.077  -89.430  11.554 0.6000000238
2138  7.850  -89.846  9.758 0.6999999881
2148  13.877  -89.057  8.833 0.4000000060
2151  8.328  -89.367  9.816 0.6000000238
2162  14.673  -88.825  8.187 0.5000000000
2168  8.015  -89.756  9.227 0.6000000238
2169  7.470  -90.229  9.218 0.6000000238
2178  14.163  -89.508  7.804 0.4000000060
2179  13.447  -89.921  7.931 0.4000000060
2204  14.026  -89.556  5.892 0.4000000060
2241  14.638  -88.645  2.683 0.6000000238
2242  14.203  -89.008  2.195 0.6000000238
2243  13.659  -89.455  2.096 0.5000000000
2250  -6.138  -89.269  2.613 0.6000000238
2254  13.598  -89.031  1.655 0.6000000238
2259  -5.432  -89.232  2.253 0.6000000238
2261  -7.186  -89.071  1.624 0.6000000238
2273  -6.297  -89.729  1.452 0.6000000238
2282  -3.469  -89.150  0.158 0.5000000000
2283  -4.460  -89.502  1.250 0.6000000238
2284  -5.837  -89.859  1.581 0.6000000238
2285  -7.739  -89.235  0.537 0.6999999881
2286  -8.474  -88.953  0.256 0.6000000238
2287  -9.076  -88.750  0.155 0.6000000238
2292  -2.641  -89.135  -0.369 0.5000000000
2293  -3.132  -89.227  -0.099 0.6000000238
2294  -3.411  -88.730  -0.369 0.6000000238
2304  -1.263  -88.862  40.801 0.3000000119
2308  -2.463  -88.735  39.832 0.4000000060
2310  0.531  -88.867  38.502 0.3000000119
2314  -3.143  -89.229  37.873 0.8000000119
2315  -4.153  -89.254  37.786 0.8000000119
2316  -5.985  -88.760  37.778 0.8000000119
2317  -6.821  -88.549  37.616 0.8000000119
2318  -7.707  -88.197  37.618 0.8000000119
2322  -2.779  -88.184  37.363 0.6999999881
2323  -3.385  -88.393  37.292 0.8000000119
2324  -4.354  -88.406  37.294 0.8000000119
2326  -9.520  -88.226  37.066 1.0000000000
2327  -9.896  -88.379  36.149 1.0000000000
2328  0.659  -88.756  36.011 0.4000000060
2329  -10.203  -88.585  35.125 1.0000000000
2333  0.837  -88.660  33.742 0.6000000238
2340  -9.674  -89.524  32.418 0.8999999762
2341  -10.350  -88.872  32.889 0.8999999762
2344  1.194  -87.937  31.080 0.5000000000
2346  -8.738  -88.302  31.152 0.6999999881
2352  1.585  -88.341  30.563 0.5000000000
2353  -7.630  -88.188  30.015 0.6000000238
2354  -8.060  -88.564  30.383 0.6999999881
2357  2.058  -88.772  29.283 0.5000000000
2384  1.523  -87.549  27.742 0.4000000060
2394  1.960  -88.241  25.910 0.4000000060
2402  4.420  -88.796  25.181 0.4000000060
2403  3.525  -88.773  25.065 0.4000000060
2413  -1.317  -88.521  23.606 1.0000000000
2426  -2.023  -88.558  23.700 0.8999999762
2441  -1.143  -87.996  22.381 1.0000000000
2442  -1.654  -88.361  22.326 1.0000000000
2454  -0.612  -87.797  21.981 1.0000000000
2455  -1.243  -87.932  21.644 1.0000000000
2463  -1.091  -87.769  20.593 0.8000000119
2468  9.610  -89.317  18.785 0.4000000060
2469  9.120  -88.815  19.072 0.4000000060
2470  0.214  -88.055  19.259 0.8999999762
2471  -0.268  -87.924  19.332 0.8999999762
2472  -0.935  -88.082  19.690 0.8000000119
2489  9.836  -89.154  18.347 0.3000000119
2529  5.258  -88.455  14.457 0.5000000000
2530  4.803  -89.043  14.573 0.5000000000
2546  4.936  -88.861  13.992 0.5000000000
2558  12.890  -88.285  12.473 0.4000000060
2569  11.962  -87.734  12.090 0.5000000000
2570  11.332  -88.397  11.836 0.5000000000
2571  10.410  -88.182  11.273 0.6999999881
2572  9.781  -88.504  10.770 0.6999999881
2582  8.812  -88.871  10.123 0.5000000000
2596  15.374  -88.100  9.198 0.6000000238
2602  9.276  -88.283  9.963 0.6999999881
2614  15.339  -88.282  8.620 0.5000000000
2617  12.173  -88.832  8.521 0.6000000238
2651  15.805  -87.755  4.732 0.5000000000
2678  15.465  -88.228  3.487 0.4000000060
2687  -5.913  -88.204  3.342 0.6000000238
2690  15.278  -88.120  2.687 0.4000000060
2691  14.514  -88.295  2.245 0.6000000238
2692  13.073  -88.009  1.961 0.6000000238
2705  13.031  -88.688  1.463 0.5000000000
2711  -5.037  -88.674  2.301 0.6999999881
2712  -6.754  -89.106  2.161 0.6999999881
2713  -7.462  -88.720  1.160 0.6999999881
2725  -7.788  -88.722  0.467 0.6000000238
2726  -10.013  -87.187  2.035 0.6000000238
2731  -3.818  -88.989  0.510 0.6000000238
2732  -3.972  -88.217  0.110 0.6000000238
2742  -3.763  -88.211  -0.512 0.6999999881
2744  0.501  -87.998  -1.980 0.6000000238
2748  -3.417  -87.986  -1.224 0.6000000238
2749  -3.878  -87.782  -0.954 0.6000000238
2765  -2.713  -87.864  39.527 0.4000000060
2767  -2.415  -88.038  38.803 0.6000000238
2773  -8.461  -87.411  37.612 0.8000000119
2774  -9.003  -87.441  37.633 0.8000000119
2779  -2.598  -87.333  36.802 0.6999999881
2783  -9.293  -87.588  37.396 0.8999999762
2791  -4.213  -87.284  35.836 0.8000000119
2792  -5.285  -87.260  36.217 0.8000000119
2798  -10.356  -87.975  34.441 1.0000000000
2803  0.266  -87.035  33.061 0.4000000060
2804  -10.284  -88.138  33.048 0.8999999762
2818  -10.185  -87.424  32.061 0.8000000119
2827  -8.914  -87.172  31.005 0.8000000119
2836  1.211  -87.305  29.289 0.5000000000
2860  1.522  -86.915  27.144 0.4000000060
2868  1.897  -87.319  25.953 0.4000000060
2878  2.353  -87.760  25.675 0.4000000060
2917  5.795  -87.183  21.500 0.3000000119
2919  0.028  -87.587  20.667 1.0000000000
2928  -0.049  -87.660  19.928 0.8000000119
2929  -0.438  -87.628  20.461 0.8000000119
3013  11.641  -86.547  11.740 0.5000000000
3033  10.148  -87.031  10.512 0.6999999881
3049  14.493  -87.839  9.557 0.6000000238
3050  13.165  -87.642  9.408 0.6000000238
3052  11.008  -87.091  9.667 0.6000000238
3054  9.749  -87.652  10.155 0.6999999881
3080  17.313  -87.029  7.987 0.5000000000
3105  16.915  -86.764  4.614 0.5000000000
3123  17.031  -86.824  3.626 0.5000000000
3145  -5.050  -87.435  3.296 0.6000000238
3147  -5.997  -87.415  3.497 0.6999999881
3150  16.488  -86.844  2.651 0.3000000119
3151  15.815  -87.418  2.703 0.6000000238
3164  -5.171  -88.132  2.965 0.6999999881
3166  -7.235  -87.913  2.450 0.6999999881
3168  14.182  -88.200  1.863 0.6000000238
3178  -7.727  -87.901  1.466 0.6999999881
3179  -8.293  -87.097  0.879 0.6999999881
3184  -4.423  -87.627  0.465 0.5000000000
3186  -10.207  -86.601  1.922 0.5000000000
3187  -10.921  -86.216  2.150 0.5000000000
3190  -8.648  -87.625  -0.262 0.6999999881
3191  -9.024  -87.242  -0.473 0.6000000238
3192  -9.579  -86.978  0.074 0.6000000238
3197  -8.858  -86.856  -0.424 0.6999999881
3198  -9.374  -86.255  -0.096 0.6999999881
3201  0.863  -87.433  -2.416 0.5000000000
3205  -2.736  -87.131  -2.086 0.5000000000
3206  -3.829  -87.161  -1.302 0.6000000238
3207  -4.333  -86.991  -1.079 0.5000000000
3208  0.433  -86.967  -2.712 0.6000000238
3210  -1.020  -86.866  -2.760 0.4000000060
3211  -2.001  -86.833  -2.567 0.5000000000
3212  -2.849  -86.595  -2.629 0.5000000000
3235  -3.172  -87.040  39.755 0.4000000060
3244  -2.853  -86.417  38.831 0.4000000060
3249  -2.457  -86.780  37.302 0.6000000238
3252  -9.557  -85.859  36.832 1.0000000000
3256  -7.754  -86.557  36.994 0.8000000119
3257  -8.523  -86.178  37.073 0.8000000119
3258  -9.274  -86.773  37.196 1.0000000000
3262  -2.729  -86.396  35.588 0.6999999881
3272  -2.810  -86.024  34.926 0.6999999881
3276  -10.376  -86.243  34.616 1.0000000000
3289  0.183  -86.436  32.440 0.3000000119
3290  -10.134  -87.018  31.980 0.8000000119
3318  -6.724  -86.819  29.682 0.5000000000
3323  1.135  -86.488  28.529 0.4000000060
3349  3.166  -86.395  26.323 0.4000000060
3350  2.059  -86.623  26.260 0.4000000060
3351  1.773  -86.335  26.834 0.4000000060
3520  11.635  -85.710  11.214 0.5000000000
3522  10.568  -86.532  10.823 0.5000000000
3539  16.529  -86.333  10.097 0.5000000000
3544  11.167  -85.963  10.748 0.5000000000
3561  19.067  -86.414  9.555 0.4000000060
3562  18.277  -86.714  9.733 0.5000000000
3565  11.409  -86.327  9.989 0.6000000238
3601  16.759  -86.525  5.782 0.4000000060
3622  18.145  -85.786  4.550 0.4000000060
3624  12.520  -86.299  4.728 0.6999999881
3647  10.474  -86.208  4.277 0.6000000238
3648  9.881  -85.922  4.243 0.6999999881
3657  17.504  -86.396  3.232 0.3000000119
3658  15.387  -86.511  2.744 0.5000000000
3660  13.620  -86.889  3.667 0.6999999881
3671  16.682  -86.336  2.454 0.5000000000
3681  -6.621  -86.915  3.149 0.6999999881
3682  -7.391  -86.301  2.679 0.6999999881
3692  -4.408  -86.576  0.873 0.6000000238
3695  -8.628  -86.109  1.497 0.8000000119
3699  -4.829  -86.548  0.142 0.5000000000
3703  -11.057  -85.734  1.989 0.5000000000
3706  -4.685  -86.331  -0.533 0.5000000000
3707  -8.838  -86.414  -0.133 0.6999999881
3708  -10.074  -85.933  0.957 0.6999999881
3710  -10.768  -85.325  1.697 0.5000000000
3713  3.243  -87.086  -1.251 0.4000000060
3714  2.815  -86.891  -1.797 0.4000000060
3718  -9.143  -85.546  0.123 0.6999999881
3720  -9.633  -84.793  1.421 0.6999999881
3723  1.283  -86.202  -2.960 0.5000000000
3725  -3.319  -86.636  -2.049 0.5000000000
3727  0.669  -85.928  -3.379 0.6000000238
3729  -0.491  -86.319  -3.264 0.6000000238
3732  -3.397  -86.162  -2.954 0.5000000000
3767  -2.638  -86.121  37.924 0.4000000060
3776  -2.956  -85.377  37.645 0.5000000000
3777  -9.117  -85.698  37.063 0.8000000119
3778  -9.565  -85.306  36.950 1.0000000000
3785  -7.823  -85.845  36.402 0.8000000119
3790  -2.618  -85.854  35.603 0.6000000238
3793  -10.273  -85.228  36.063 1.0000000000
3798  -3.929  -85.835  33.779 0.6999999881
3799  -4.904  -85.818  33.724 0.6999999881
3801  -7.230  -85.188  34.842 0.8000000119
3809  -3.743  -85.120  33.623 0.6999999881
3811  -5.222  -85.149  33.268 0.6999999881
3812  -5.984  -85.153  33.575 0.6999999881
3813  -10.410  -85.211  33.488 0.8000000119
3818  -10.115  -86.181  32.136 0.8999999762
3826  0.230  -85.163  31.723 0.3000000119
3827  -9.662  -85.659  31.466 0.8000000119
3836  -7.097  -85.705  30.387 0.5000000000
3869  2.554  -85.304  27.345 0.4000000060
3879  2.285  -85.938  26.727 0.4000000060
4053  13.223  -84.730  11.446 0.4000000060
4054  12.441  -85.029  11.217 0.5000000000
4072  16.781  -85.099  10.363 0.4000000060
4073  15.832  -85.025  10.362 0.5000000000
4074  14.252  -84.794  10.533 0.4000000060
4076  12.554  -84.982  10.861 0.5000000000
4134  12.968  -85.359  6.076 0.6000000238
4158  14.359  -85.274  5.486 0.6000000238
4160  12.305  -85.780  5.460 0.6000000238
4161  11.516  -85.634  5.528 0.6000000238
4162  10.720  -85.465  5.468 0.6999999881
4163  9.941  -85.256  5.278 0.6999999881
4188  16.748  -85.358  2.453 0.4000000060
4199  -4.853  -86.129  3.953 0.6999999881
4201  -6.415  -85.595  3.510 0.6000000238
4215  -4.145  -86.049  3.408 0.6999999881
4217  -7.901  -85.415  2.412 0.6999999881
4218  -8.805  -85.305  2.072 0.6999999881
4241  -3.911  -85.287  -0.333 0.6000000238
4242  -9.098  -85.345  0.246 0.8000000119
4252  1.964  -85.458  -1.842 0.5000000000
4253  -4.134  -85.904  -1.059 0.5000000000
4254  -9.101  -84.770  0.346 0.6000000238
4256  -9.267  -84.956  0.488 0.6000000238
4277  -1.908  -85.612  -3.478 0.5000000000
4278  -3.033  -85.659  -3.432 0.6000000238
4285  -1.297  -84.957  -3.859 0.6000000238
4344  -3.657  -84.754  37.562 0.4000000060
4346  -9.449  -84.839  36.963 0.8000000119
4347  -9.881  -84.627  37.014 1.0000000000
4353  -2.750  -85.175  35.749 0.5000000000
4357  -9.779  -84.089  36.988 0.8999999762
4358  -10.063  -84.034  36.847 1.0000000000
4365  -10.318  -84.558  36.135 0.8999999762
4369  -3.243  -84.593  34.584 0.6000000238
4371  -7.143  -84.630  34.322 0.6999999881
4380  -3.450  -84.534  33.783 0.6000000238
4393  -4.586  -83.598  32.708 0.6999999881
4401  -9.777  -85.009  31.671 0.6999999881
4412  -6.603  -85.006  30.217 0.5000000000
4422  1.330  -84.332  29.504 0.4000000060
4432  2.806  -84.630  27.927 0.3000000119
4434  1.674  -84.584  28.712 0.4000000060
4684  12.999  -84.078  7.540 0.5000000000
4723  8.771  -84.466  5.081 0.6000000238
4744  -4.019  -84.151  4.959 0.6000000238
4761  -4.217  -84.968  4.500 0.6000000238
4762  -6.104  -84.936  3.872 0.6999999881
4769  -3.003  -84.918  3.154 0.5000000000
4770  -6.819  -84.604  3.189 0.6999999881
4772  -8.359  -84.829  2.252 0.6999999881
4779  -7.157  -84.100  2.299 0.6999999881
4781  -8.902  -84.499  1.849 0.6999999881
4787  4.072  -85.001  0.854 0.5000000000
4788  3.836  -84.292  0.655 0.5000000000
4790  -2.957  -84.749  -0.023 0.6999999881
4801  2.832  -84.118  -0.258 0.6000000238
4806  -7.886  -83.712  0.111 0.6999999881
4809  -10.865  -83.998  1.454 0.5000000000
4818  1.489  -84.729  -1.987 0.6000000238
4819  -3.979  -84.705  -1.692 0.6999999881
4820  -8.817  -83.900  -1.382 0.6999999881
4821  -9.397  -84.586  -0.843 0.6000000238
4822  -10.140  -84.093  -1.144 0.6000000238
4823  -10.271  -84.398  0.069 0.6999999881
4828  1.324  -84.726  -2.958 0.6000000238
4829  -4.278  -84.784  -2.619 0.6000000238
4830  -9.277  -83.857  -1.744 0.6999999881
4831  -9.609  -83.590  -2.000 0.6999999881
4840  -4.391  -84.193  -3.344 0.6999999881
4850  0.558  -84.808  -4.001 0.6000000238
4851  0.061  -84.472  -4.252 0.6999999881
4852  -0.825  -84.395  -4.159 0.6000000238
4854  -4.017  -84.717  -3.588 0.6999999881
4932  -5.355  -83.439  37.491 0.4000000060
4942  -4.305  -83.378  36.417 0.4000000060
4944  -9.388  -83.630  36.761 0.8999999762
4946  -10.073  -83.192  36.633 0.8999999762
4952  -3.489  -83.808  35.073 0.6000000238
4956  -10.263  -83.133  35.673 0.8999999762
4962  -7.077  -84.009  33.931 0.6999999881
4963  -7.469  -83.435  34.421 0.6999999881
4971  -3.624  -83.641  33.391 0.6000000238
4973  -6.443  -83.910  33.306 0.6999999881
4975  -10.069  -83.131  33.638 0.8000000119
4989  -9.533  -83.183  32.009 0.6999999881
5001  -9.426  -83.426  31.656 0.6999999881
5011  -7.183  -84.020  30.488 0.8000000119
5014  -9.190  -82.618  31.382 0.6999999881
5249  12.058  -82.927  8.237 0.5000000000
5265  14.002  -83.118  7.499 0.4000000060
5269  10.784  -83.238  8.161 0.5000000000
5270  9.852  -83.055  8.087 0.5000000000
5284  9.467  -83.518  7.116 0.5000000000
5285  8.706  -83.133  6.696 0.5000000000
5306  7.517  -83.473  4.897 0.5000000000
5311  -3.216  -82.990  4.909 0.5000000000
5312  -3.878  -83.246  5.184 0.6000000238
5314  -5.298  -83.741  4.600 0.6000000238
5337  -5.882  -83.463  3.135 0.6999999881
5344  -2.105  -83.726  1.829 0.6000000238
5345  -5.720  -83.532  2.031 0.6999999881
5346  -6.392  -83.726  1.682 0.6999999881
5354  3.867  -83.594  1.245 0.6000000238
5356  -2.083  -83.445  0.427 0.6000000238
5357  -6.534  -83.517  1.062 0.6999999881
5359  -11.332  -83.252  0.020 0.6000000238
5360  -11.107  -83.531  1.193 0.6000000238
5371  -3.509  -84.037  -1.393 0.6000000238
5377  1.688  -83.233  -1.761 0.6999999881
5380  -8.123  -82.885  -1.287 0.6999999881
5381  -8.459  -83.344  -1.480 0.6999999881
5392  -8.919  -83.376  -2.287 0.6999999881
5403  0.605  -84.108  -4.140 0.6999999881
5404  -4.581  -83.326  -3.199 0.6999999881
5413  -2.539  -83.682  -4.482 0.6999999881
5414  -3.622  -83.583  -4.533 0.6999999881
5425  -2.994  -83.079  -4.980 0.6999999881
5427  -4.473  -82.583  -4.742 0.6999999881
5502  -9.547  -82.847  36.641 0.6999999881
5504  -10.021  -82.578  36.163 0.8999999762
5511  -3.830  -82.198  35.420 0.3000000119
5518  -10.020  -82.331  34.263 0.8000000119
5524  -4.658  -81.869  32.688 0.6000000238
5525  -6.025  -82.751  32.855 0.6999999881
5539  -4.900  -82.773  32.622 0.6000000238
5552  -5.773  -81.832  30.013 0.5000000000
5558  -5.709  -82.672  29.560 0.5000000000
5748  11.514  -82.518  8.211 0.5000000000
5760  7.629  -82.038  6.786 0.5000000000
5777  2.720  -82.486  5.697 0.5000000000
5792  -3.594  -82.327  5.106 0.6000000238
5793  -4.341  -82.757  5.103 0.6000000238
5807  3.586  -82.212  3.249 0.4000000060
5835  -5.673  -82.875  0.938 0.6999999881
5837  -11.290  -82.373  1.749 0.4000000060
5846  -11.445  -82.842  1.526 0.6000000238
5850  2.378  -82.354  -0.236 0.6999999881
5852  -7.804  -82.926  -0.450 0.6999999881
5860  2.022  -82.453  -1.641 0.6999999881
5880  -9.690  -83.034  -2.711 0.6999999881
5894  0.534  -83.132  -3.952 0.6999999881
5895  -5.047  -82.095  -3.940 0.6000000238
5905  -0.874  -81.846  -4.778 0.6999999881
5918  -2.650  -82.440  -5.431 0.6999999881
5920  -4.772  -82.030  -5.025 0.6999999881
5982  -5.826  -81.293  38.132 0.3000000119
5991  -5.383  -81.718  37.533 0.3000000119
5999  -4.334  -81.719  36.279 0.3000000119
6000  -9.424  -82.299  36.288 0.8999999762
6001  -9.561  -82.322  36.115 0.8999999762
6004  -3.577  -81.586  34.713 0.4000000060
6007  -8.949  -81.693  36.111 0.8999999762
6016  -3.556  -81.536  33.670 0.3000000119
6017  -3.908  -81.748  33.049 0.5000000000
6019  -6.479  -82.062  33.325 0.6999999881
6020  -7.066  -82.225  33.847 0.6999999881
6021  -9.717  -81.454  33.869 0.8000000119
6028  -4.502  -81.038  32.804 0.6000000238
6039  -9.359  -81.613  31.614 0.6999999881
6042  -5.742  -81.133  30.001 0.6000000238
6044  -7.166  -81.157  30.573 0.6000000238
6198  12.083  -81.812  7.666 0.5000000000
6199  10.480  -81.403  8.103 0.5000000000
6200  9.693  -81.482  8.302 0.5000000000
6202  7.583  -80.676  7.924 0.6000000238
6203  6.848  -80.515  7.576 0.6000000238
6212  11.048  -80.907  7.335 0.5000000000
6218  3.352  -81.084  6.302 0.6000000238
6226  11.706  -81.856  5.910 0.4000000060
6227  10.944  -81.355  5.512 0.6000000238
6239  3.331  -81.098  4.733 0.6999999881
6241  -3.415  -81.634  5.011 0.6000000238
6253  3.516  -81.155  3.517 0.6999999881
6274  3.035  -81.290  1.803 0.6000000238
6277  -8.070  -81.569  1.091 0.6999999881
6278  -11.465  -81.583  1.368 0.6000000238
6286  -6.490  -82.667  0.604 0.6999999881
6293  2.636  -81.480  -0.514 0.6999999881
6305  2.270  -81.663  -1.979 0.6999999881
6308  -8.601  -81.495  -2.130 0.6999999881
6309  -10.200  -81.373  -2.416 0.6999999881
6310  -10.633  -80.944  -1.737 0.6999999881
6324  2.552  -80.869  -2.337 0.6000000238
6328  -8.967  -81.158  -2.796 0.6999999881
6330  -9.736  -82.051  -2.914 0.6999999881
6350  1.241  -80.623  -4.472 0.6000000238
6352  -0.330  -81.373  -4.725 0.6000000238
6364  -2.308  -81.801  -6.069 0.6000000238
6365  -3.400  -82.060  -5.914 0.6999999881
6375  0.096  -80.946  -6.397 0.6000000238
6376  -0.703  -81.137  -6.486 0.5000000000
6379  -3.736  -81.408  -6.427 0.6000000238
6515  -8.527  -80.975  35.929 0.6999999881
6516  -8.914  -80.956  36.111 0.8999999762
6517  -9.251  -80.924  35.863 0.8999999762
6518  -9.640  -81.110  35.311 0.8999999762
6521  -3.232  -80.267  34.236 0.4000000060
6522  -6.877  -80.761  34.168 0.6000000238
6525  -9.688  -80.841  34.540 0.8000000119
6531  -9.821  -80.434  33.476 0.6999999881
6534  -4.731  -80.281  32.770 0.5000000000
6535  -10.001  -80.359  32.392 0.8000000119
6551  -6.335  -79.925  30.264 0.6999999881
6554  -9.927  -80.577  31.053 0.6999999881
6703  6.028  -80.270  7.450 0.6000000238
6712  4.601  -80.258  6.882 0.6000000238
6713  3.983  -80.281  6.478 0.8000000119
6719  10.799  -80.543  5.860 0.5000000000
6720  9.433  -79.533  5.992 0.5000000000
6741  8.307  -80.487  3.875 0.5000000000
6758  3.366  -79.999  2.970 0.6999999881
6761  -3.943  -81.047  2.220 0.6000000238
6763  -8.844  -80.565  2.289 0.6999999881
6774  3.317  -80.261  1.421 0.6000000238
6779  -7.046  -81.118  1.258 0.6000000238
6781  -8.537  -81.134  1.865 0.6000000238
6782  -9.102  -80.726  1.618 0.6999999881
6794  -4.772  -80.956  0.009 0.6999999881
6796  -6.335  -81.431  0.645 0.6000000238
6798  -8.735  -80.811  -0.047 0.6999999881
6799  -9.153  -80.437  0.586 0.6999999881
6809  3.001  -80.824  -0.737 0.6999999881
6812  -4.939  -80.327  -0.323 0.5000000000
6813  -5.329  -80.589  -0.212 0.5000000000
6816  -9.133  -79.916  -0.979 0.6999999881
6853  -9.431  -80.486  -3.036 0.6999999881
6854  -9.833  -80.815  -3.039 0.6999999881
6866  2.656  -80.297  -3.849 0.5000000000
6867  1.829  -80.660  -3.695 0.6000000238
6903  -3.962  -80.709  -6.850 0.5000000000
7075  -4.540  -79.449  37.614 0.3000000119
7076  -5.121  -80.040  37.836 0.3000000119
7084  -3.574  -79.589  36.185 0.3000000119
7085  -8.549  -79.522  36.607 0.6999999881
7093  -2.567  -79.195  34.944 0.3000000119
7096  -9.283  -79.982  35.968 0.8999999762
7102  -7.597  -79.637  35.407 0.6999999881
7108  -3.020  -79.175  33.632 0.3000000119
7110  -5.385  -79.786  32.938 0.5000000000
7111  -10.186  -78.855  32.682 0.8000000119
7115  -10.047  -79.543  32.045 0.8000000119
7125  -9.957  -79.451  31.499 0.6999999881
7131  -5.905  -79.278  30.074 0.5000000000
7134  -9.876  -79.823  31.128 0.6999999881
7307  8.838  -80.018  7.789 0.5000000000
7308  7.667  -79.365  7.585 0.6000000238
7309  6.868  -79.243  7.566 0.6000000238
7319  5.510  -79.012  7.059 0.6000000238
7328  8.584  -79.237  6.041 0.6000000238
7331  4.054  -79.437  6.008 0.6999999881
7332  3.744  -79.642  5.331 0.6999999881
7351  7.036  -79.646  4.140 0.6000000238
7352  6.293  -79.252  3.846 0.6000000238
7353  5.482  -78.742  3.558 0.6000000238
7359  -8.109  -79.361  3.149 0.6000000238
7373  4.359  -78.866  2.561 0.6000000238
7374  3.720  -79.304  2.582 0.6000000238
7378  -7.861  -80.115  2.658 0.6000000238
7380  -9.128  -79.711  2.611 0.6999999881
7381  -11.515  -79.591  2.645 0.5000000000
7400  3.870  -79.715  0.886 0.6000000238
7407  -9.426  -80.045  1.111 0.6999999881
7408  -11.374  -79.631  0.233 0.6000000238
7421  -10.474  -78.319  -2.112 0.6000000238
7437  -6.234  -79.186  -1.372 0.6000000238
7438  -9.541  -79.665  -2.984 0.6999999881
7452  -9.893  -78.868  -3.062 0.6999999881
7682  -3.385  -78.628  37.332 0.3000000119
7691  -3.135  -78.969  36.480 0.3000000119
7693  -9.016  -78.976  37.164 0.8999999762
7694  -9.096  -79.054  36.906 0.8999999762
7705  -7.404  -77.977  36.064 0.6000000238
7707  -9.435  -79.045  35.891 0.8999999762
7722  -3.304  -78.449  33.498 0.3000000119
7723  -3.958  -78.854  33.179 0.3000000119
7726  -10.267  -78.011  33.713 0.8000000119
7727  -10.151  -78.029  32.930 0.8000000119
7730  -9.778  -78.096  31.805 0.8000000119
7739  -7.727  -77.880  31.200 0.8000000119
7741  -10.024  -78.784  31.861 0.8000000119
7751  -8.713  -78.599  31.112 0.8000000119
7754  -5.810  -78.695  30.023 0.5000000000
7963  -10.390  -77.179  6.272 0.6000000238
7968  6.665  -78.579  6.415 0.6000000238
7980  4.612  -78.724  5.693 0.6000000238
7985  5.925  -78.529  5.056 0.6000000238
7986  5.307  -78.504  4.396 0.6000000238
7989  -8.629  -78.236  4.058 0.6999999881
7990  -11.573  -78.138  4.215 0.5000000000
7991  -11.450  -78.992  3.887 0.5000000000
7998  4.699  -78.594  3.144 0.6000000238
8003  -7.916  -78.585  3.602 0.6000000238
8004  -8.353  -78.686  3.692 0.6000000238
8005  -9.025  -78.547  3.707 0.6999999881
8017  -9.384  -78.795  2.918 0.6999999881
8025  -7.234  -79.022  1.901 0.6000000238
8027  -11.529  -78.223  1.590 0.6000000238
8038  -6.371  -79.572  -0.390 0.6000000238
8067  -6.938  -78.368  -1.322 0.5000000000
8079  -10.108  -78.333  -2.759 0.6999999881
8319  -8.472  -77.086  37.101 0.8999999762
8330  -8.785  -77.785  37.057 0.8999999762
8331  -9.047  -78.235  37.161 0.8999999762
8342  -6.679  -77.477  35.615 0.6000000238
8357  -9.676  -77.302  35.455 0.8000000119
8366  -3.100  -77.709  33.654 0.3000000119
8368  -4.638  -78.212  33.334 0.3000000119
8384  -9.418  -77.523  31.827 0.8000000119
8392  -5.944  -77.455  30.375 0.6999999881
8682  -11.136  -77.305  5.418 0.5000000000
8688  -7.049  -77.277  4.285 0.6999999881
8690  -8.533  -77.664  4.328 0.6999999881
8703  -7.532  -77.821  3.942 0.6999999881
8704  -9.187  -77.800  3.994 0.6999999881
8716  -7.162  -77.340  2.531 0.6000000238
8728  -7.295  -78.041  1.349 0.6000000238
8729  -9.526  -78.036  0.996 0.6999999881
8760  -7.150  -77.775  -0.792 0.5000000000
8761  -9.897  -76.751  -1.372 0.6000000238
8762  -10.454  -76.868  -1.247 0.6000000238
8763  -10.737  -77.349  -0.798 0.6000000238
8780  -10.227  -77.366  -1.762 0.6000000238
8797  -10.123  -77.903  -2.378 0.6000000238
9040  -3.200  -76.845  39.035 0.3000000119
9049  -7.439  -76.105  37.318 0.6999999881
9052  -8.807  -75.858  37.215 0.8000000119
9065  -7.772  -76.813  37.082 0.6000000238
9067  -9.069  -76.633  36.941 0.8999999762
9077  -3.131  -75.917  34.653 0.4000000060
9093  -1.793  -76.576  34.418 0.3000000119
9094  -4.514  -76.693  34.423 0.4000000060
9102  -9.569  -76.083  34.006 0.8000000119
9127  -7.821  -76.631  32.040 0.8000000119
9141  -6.806  -76.270  29.570 0.6000000238
9142  -7.774  -76.308  29.018 0.5000000000
9425  -11.101  -76.384  7.752 0.5000000000
9449  -5.870  -76.401  5.306 0.6000000238
9451  -7.817  -76.330  5.114 0.6000000238
9452  -11.393  -76.704  5.223 0.5000000000
9465  -5.750  -76.386  4.601 0.6000000238
9467  -7.392  -77.001  4.922 0.6999999881
9468  -8.402  -76.903  4.733 0.6999999881
9480  -6.471  -76.768  3.914 0.6000000238
9497  -8.864  -75.720  2.713 0.6000000238
9498  -9.313  -76.930  3.340 0.6999999881
9517  -7.065  -76.732  1.805 0.6000000238
9518  -7.306  -77.191  1.001 0.6000000238
9520  -10.618  -76.067  1.013 0.6000000238
9544  -10.127  -74.934  -0.192 0.6999999881
9545  -10.527  -76.361  -0.017 0.6000000238
9775  -8.121  -75.011  37.834 0.8000000119
9785  -4.010  -74.812  36.172 0.4000000060
9788  -9.013  -75.134  36.977 0.8000000119
9803  -4.253  -75.427  35.804 0.4000000060
9804  -5.056  -75.732  36.000 0.4000000060
9813  -1.156  -75.753  34.886 0.3000000119
9825  -7.755  -75.072  33.441 0.8999999762
9833  -7.219  -75.273  32.681 0.8999999762
9834  -8.132  -75.758  33.037 0.8999999762
9856  -6.356  -75.423  30.697 0.8000000119
9857  -7.054  -74.719  30.082 0.6999999881
9869  -6.064  -76.195  30.356 0.8000000119
10128  -10.343  -75.112  10.227 0.5000000000
10143  -10.620  -75.369  9.354 0.5000000000
10152  -11.071  -75.371  8.598 0.5000000000
10165  -3.926  -75.524  6.004 0.6000000238
10166  -4.636  -75.735  6.078 0.6000000238
10167  -11.120  -75.063  6.891 0.6000000238
10168  -11.219  -75.917  5.691 0.5000000000
10173  -5.199  -76.067  5.738 0.6999999881
10186  -3.941  -75.493  5.552 0.6000000238
10189  -7.986  -75.529  4.833 0.6000000238
10191  -11.409  -75.868  4.755 0.5000000000
10211  -11.006  -74.959  3.343 0.6000000238
10212  -11.433  -75.749  3.795 0.6000000238
10252  -10.406  -75.266  1.030 0.6000000238
10253  -10.934  -75.929  1.854 0.6000000238
10262  -7.207  -75.968  -0.285 0.4000000060
10279  -10.076  -74.824  -0.042 0.6999999881
10523  -6.112  -74.464  37.412 0.6000000238
10525  -8.029  -74.355  37.786 0.8000000119
10526  -8.422  -74.545  37.576 0.8000000119
10532  -3.806  -74.271  36.208 0.4000000060
10535  -6.020  -74.949  37.303 0.6000000238
10545  -0.347  -74.283  35.542 0.4000000060
10547  -2.098  -74.052  35.706 0.4000000060
10548  -9.168  -73.508  35.371 0.6999999881
10549  -9.180  -74.288  35.734 0.8000000119
10559  -8.877  -74.245  34.804 0.8000000119
10560  -9.042  -75.003  35.144 0.8000000119
10597  -7.612  -73.602  30.939 0.8999999762
10605  -7.490  -73.995  30.253 0.8999999762
10617  -7.773  -74.177  29.280 0.6999999881
10618  -8.330  -74.279  28.411 0.6999999881
10903  -10.444  -74.367  10.570 0.5000000000
10921  -10.888  -74.572  9.010 0.5000000000
10939  -2.461  -74.547  6.112 0.5000000000
10940  -3.265  -74.891  6.198 0.5000000000
10942  -4.965  -74.971  6.164 0.6000000238
10943  -10.722  -74.233  6.358 0.6000000238
10960  -6.650  -74.998  5.466 0.6999999881
10981  -8.001  -74.671  4.130 0.6000000238
10982  -10.750  -74.272  3.846 0.6000000238
10998  -8.318  -73.886  2.981 0.6999999881
11025  -9.483  -74.005  1.300 0.6999999881
11026  -9.800  -73.858  1.551 0.6000000238
11041  -9.807  -74.638  0.628 0.6000000238
11042  -10.168  -74.937  0.255 0.6000000238
11266  -5.871  -74.019  37.287 0.5000000000
11269  -8.631  -73.754  37.381 0.8000000119
11277  -7.077  -73.200  37.168 0.6999999881
11278  -9.184  -72.858  36.984 0.8000000119
11284  -0.052  -73.953  35.280 0.4000000060
11285  -1.598  -73.752  35.366 0.4000000060
11287  -3.425  -73.694  35.685 0.5000000000
11300  -1.553  -73.593  34.294 0.5000000000
11304  -9.191  -72.770  34.960 0.8000000119
11313  0.521  -73.229  33.248 0.4000000060
11315  -1.012  -73.571  33.469 0.4000000060
11317  -2.987  -73.294  33.623 0.5000000000
11319  -8.262  -73.477  33.587 0.8999999762
11320  -9.115  -72.833  33.961 0.8000000119
11335  -2.827  -73.146  32.827 0.6000000238
11336  -7.493  -73.662  32.482 0.8999999762
11357  -8.043  -72.958  30.746 0.8999999762
11665  -10.271  -73.109  9.824 0.6000000238
11700  -10.359  -73.677  7.050 0.6000000238
11712  -2.772  -74.029  6.610 0.6000000238
11731  -6.106  -73.080  4.955 0.6999999881
11732  -6.867  -73.737  4.713 0.6999999881
11734  -10.533  -73.790  5.380 0.6000000238
11746  -7.450  -72.724  3.851 0.6999999881
11748  -10.442  -73.601  4.346 0.6000000238
11764  -10.281  -73.468  3.310 0.6000000238
11775  -9.699  -72.760  1.966 0.6000000238
11776  -10.083  -73.349  2.363 0.6000000238
11784  -9.496  -73.340  1.663 0.6000000238
11786  -9.956  -73.267  1.916 0.6000000238
12047  -8.598  -72.913  37.225 0.8000000119
12054  -5.738  -72.839  36.419 0.5000000000
12058  -9.211  -71.980  36.373 0.8999999762
12062  -4.506  -72.891  35.501 0.5000000000
12065  -9.277  -71.919  35.527 0.8000000119
12068  2.097  -72.690  34.334 0.3000000119
12069  -4.141  -72.869  34.679 0.5000000000
12071  -5.661  -71.910  35.128 0.6999999881
12076  1.506  -72.286  33.695 0.3000000119
12079  -4.322  -72.413  33.742 0.6999999881
12080  -8.631  -72.617  33.112 0.8000000119
12090  -0.618  -72.585  32.604 0.5000000000
12092  -2.477  -72.433  32.584 0.6999999881
12094  -8.695  -72.158  32.487 0.8000000119
12099  -8.349  -72.571  32.125 0.8999999762
12105  -8.209  -72.605  31.362 0.8999999762
12120  -7.583  -72.063  28.841 0.8000000119
12379  -10.414  -72.956  11.464 0.5000000000
12390  -3.320  -72.355  10.169 0.6999999881
12410  -9.547  -71.828  9.198 0.6000000238
12411  -9.994  -72.607  9.066 0.6000000238
12443  -4.859  -72.147  7.041 0.6999999881
12451  -4.253  -72.887  6.755 0.6000000238
12453  -5.658  -71.762  5.879 0.8000000119
12455  -10.017  -72.732  6.782 0.6000000238
12468  -9.673  -72.168  5.437 0.6999999881
12478  -6.387  -71.914  4.634 0.6999999881
12506  -9.209  -72.640  1.899 0.6000000238
12827  -8.304  -71.671  36.388 0.8000000119
12837  -8.509  -71.064  35.892 0.8000000119
12838  -9.054  -71.275  35.819 0.8000000119
12845  -9.073  -71.318  34.968 0.8000000119
12854  -3.611  -71.303  32.836 0.6999999881
12856  -5.382  -71.134  33.586 0.6999999881
12867  0.603  -71.927  32.798 0.4000000060
12868  -0.785  -71.481  32.311 0.6000000238
12890  -8.046  -71.977  30.176 0.8999999762
12901  -8.058  -72.799  28.043 0.6000000238
13152  -2.902  -71.127  11.953 0.6000000238
13154  -9.546  -70.952  11.396 0.5000000000
13155  -10.089  -71.893  11.201 0.5000000000
13169  -4.918  -71.463  10.366 0.6999999881
13171  -9.462  -70.913  10.530 0.6999999881
13189  -4.562  -71.949  9.834 0.6999999881
13190  -5.140  -71.702  9.689 0.6999999881
13203  -6.340  -71.109  7.944 0.6999999881
13204  -9.378  -71.013  8.966 0.6000000238
13211  -5.643  -71.690  7.507 0.8000000119
13213  -9.389  -70.863  7.519 0.6999999881
13220  -6.161  -71.087  6.033 0.6999999881
13233  -9.342  -71.062  4.867 0.6000000238
13244  -6.688  -71.099  4.780 0.6999999881
13245  -8.095  -71.166  3.959 0.6999999881
13247  -9.264  -71.103  3.814 0.6000000238
13263  -8.736  -71.279  3.259 0.6999999881
13264  -9.044  -71.365  3.095 0.6999999881
13632  -7.974  -70.881  35.149 0.8000000119
13645  -7.431  -70.623  34.368 0.6999999881
13646  -8.614  -70.889  34.368 0.8000000119
13658  -4.994  -70.482  33.076 0.8000000119
13660  -6.257  -70.163  33.475 0.8000000119
13661  -8.141  -70.516  33.674 0.8000000119
13671  0.208  -70.322  31.901 0.6000000238
13674  -2.299  -70.745  32.246 0.6000000238
13681  0.087  -69.550  31.788 0.6000000238
13683  -1.237  -69.982  31.195 0.6999999881
13692  -2.539  -70.035  30.897 0.6999999881
13704  -8.019  -70.063  28.223 0.8000000119
13717  -8.118  -70.143  27.155 0.8000000119
13937  -9.387  -70.149  13.161 0.6000000238
13938  -9.923  -71.067  13.630 0.5000000000
13968  -4.385  -70.770  11.588 0.6999999881
13969  -5.310  -70.388  11.478 0.6999999881
13970  -6.157  -70.199  11.071 0.6999999881
13971  -9.397  -70.041  11.039 0.6999999881
13989  -5.630  -70.833  10.707 0.6999999881
14008  -6.785  -70.172  9.104 0.6000000238
14009  -7.213  -69.111  8.724 0.6999999881
14020  -7.667  -68.923  7.870 0.6999999881
14021  -9.311  -70.008  8.639 0.6999999881
14029  -7.498  -69.724  7.211 0.6999999881
14035  -7.016  -70.340  6.426 0.6999999881
14037  -8.613  -70.300  5.302 0.6999999881
14038  -9.216  -70.341  6.776 0.8000000119
14051  -9.030  -70.444  5.275 0.6000000238
14065  -8.461  -70.645  4.590 0.6999999881
14539  0.612  -69.875  34.060 0.4000000060
14540  0.114  -69.335  33.730 0.4000000060
14541  -6.865  -70.283  33.635 0.6999999881
14543  -7.611  -70.331  33.512 0.8000000119
14559  -7.780  -70.099  32.955 0.8000000119
14569  -4.654  -69.780  32.707 0.8000000119
14572  -7.735  -69.400  32.398 0.8000000119
14578  -0.191  -69.080  31.515 0.6000000238
14579  -0.844  -69.292  31.073 0.5000000000
14580  -4.501  -69.324  32.011 0.6999999881
14587  -1.564  -69.461  30.519 0.6999999881
14588  -2.268  -69.448  29.982 0.6999999881
14590  -4.546  -69.144  29.693 0.6999999881
14591  -5.246  -68.709  30.486 0.6999999881
14592  -8.409  -69.460  31.288 0.8999999762
14599  -2.358  -68.722  29.816 0.6999999881
14601  -3.831  -69.279  29.464 0.6999999881
14602  -8.625  -68.816  29.883 0.8999999762
14861  -0.925  -69.586  13.170 0.5000000000
14863  -3.164  -69.488  13.465 0.6999999881
14864  -4.210  -69.314  13.244 0.6999999881
14866  -9.321  -69.137  13.105 0.6000000238
14885  -1.502  -70.319  12.789 0.5000000000
14903  -6.526  -69.547  11.296 0.6000000238
14939  -8.735  -69.136  7.771 0.8000000119
14940  -9.090  -69.282  8.320 0.8000000119
14946  -8.322  -69.259  7.097 0.6999999881
14953  -8.144  -69.507  6.565 0.6999999881
14954  -8.675  -69.982  6.233 0.6999999881
15482  -1.240  -68.404  34.645 0.3000000119
15494  -0.305  -68.821  33.334 0.4000000060
15496  -6.886  -69.361  32.777 0.8000000119
15502  -0.296  -68.519  31.941 0.5000000000
15503  -0.954  -67.818  31.932 0.4000000060
15505  -6.936  -68.754  32.412 0.6999999881
15507  -7.805  -68.701  31.723 0.8000000119
15512  -6.054  -68.434  31.280 0.8000000119
15513  -6.883  -68.314  31.793 0.6999999881
15518  -1.736  -68.737  30.239 0.6999999881
15519  -6.016  -67.983  30.459 0.6999999881
15528  -3.749  -68.537  29.004 0.6999999881
15536  -4.486  -67.961  28.784 0.6999999881
15565  -8.464  -68.299  26.443 0.6999999881
15733  -9.240  -68.711  17.132 0.6000000238
15745  -0.757  -68.303  14.098 0.4000000060
15746  -1.365  -68.484  14.363 0.5000000000
15748  -3.744  -68.407  14.419 0.8000000119
15763  -3.335  -68.854  13.933 0.6999999881
15764  -4.356  -68.755  13.778 0.6999999881
15765  -5.387  -68.356  13.696 0.8000000119
15766  -6.320  -68.154  13.275 0.8000000119
15782  -6.508  -68.596  12.543 0.6999999881
15783  -7.126  -68.300  11.911 0.6999999881
15784  -9.198  -67.512  12.087 0.5000000000
15790  -7.513  -67.521  11.081 0.6999999881
15807  -8.178  -67.646  10.031 0.8000000119
15820  -8.470  -68.166  9.373 0.6999999881
15821  -8.669  -68.714  8.634 0.8000000119
15832  -8.109  -68.356  8.755 0.6999999881
16374  -2.674  -67.446  35.505 0.3000000119
16387  -1.607  -68.011  34.187 0.4000000060
16400  -1.598  -67.903  33.296 0.4000000060
16405  -1.728  -67.648  32.479 0.4000000060
16407  -2.978  -67.225  31.536 0.6000000238
16412  -2.180  -67.481  31.191 0.4000000060
16414  -7.398  -67.996  31.203 0.8000000119
16415  -7.819  -68.077  31.177 0.8000000119
16422  -1.450  -68.017  31.019 0.4000000060
16424  -2.976  -67.467  29.868 0.6999999881
16426  -7.017  -67.498  30.566 0.8000000119
16428  -8.108  -67.663  30.594 0.8999999762
16435  -3.342  -67.573  29.140 0.6999999881
16436  -5.837  -67.046  28.966 0.8000000119
16438  -7.852  -67.136  29.929 0.8999999762
16445  0.829  -67.847  28.338 0.6000000238
16448  -4.243  -67.056  28.668 0.8000000119
16450  -8.342  -67.510  28.922 0.8999999762
16465  -2.134  -67.450  27.279 0.6000000238
16485  -5.847  -66.788  26.063 0.6999999881
16488  -8.162  -67.679  26.543 0.8000000119
16505  -6.325  -67.324  25.865 0.6999999881
16507  -8.196  -67.896  25.645 0.6999999881
16633  -1.692  -67.176  16.111 0.6999999881
16637  -5.784  -66.970  16.303 0.8000000119
16644  -0.594  -67.122  15.172 0.6000000238
16649  -5.487  -67.311  15.552 0.8000000119
16650  -6.360  -67.043  15.242 0.8000000119
16651  -7.360  -66.789  14.059 0.8000000119
16652  -9.066  -66.919  15.326 0.6999999881
16659  -0.929  -67.807  14.713 0.5000000000
16661  -3.100  -68.108  15.064 0.8000000119
16662  -4.151  -67.968  15.012 0.8000000119
16664  -6.582  -67.290  14.436 0.8000000119
16675  -6.924  -67.561  13.664 0.8000000119
16690  -7.697  -66.768  12.139 0.6999999881
16691  -8.032  -66.530  11.856 0.6999999881
16700  -7.810  -66.863  11.402 0.6999999881
16702  -8.905  -67.229  11.430 0.6999999881
16715  -7.949  -67.151  10.716 0.6000000238
16716  -8.529  -67.450  10.759 0.6999999881
17282  -4.535  -66.109  35.630 0.4000000060
17304  -3.617  -66.463  33.481 0.4000000060
17309  3.018  -65.952  32.752 0.8000000119
17313  -4.314  -66.257  31.824 0.4000000060
17317  3.669  -66.211  32.233 0.8000000119
17318  2.892  -66.432  32.350 0.6999999881
17319  2.025  -66.318  32.258 0.6999999881
17321  -4.061  -66.018  30.834 0.6999999881
17346  -0.071  -66.557  29.292 0.6000000238
17347  -3.420  -66.657  29.441 0.6999999881
17348  -6.229  -66.188  28.672 0.8999999762
17349  -7.002  -66.257  28.731 0.8999999762
17350  -7.386  -66.795  28.910 0.8999999762
17351  -7.934  -67.044  29.073 0.8999999762
17364  1.495  -67.225  28.546 0.6000000238
17365  0.567  -67.242  29.021 0.6000000238
17367  -1.263  -66.271  28.265 0.6999999881
17371  -6.662  -65.371  28.190 0.8999999762
17384  -0.674  -67.331  28.351 0.6000000238
17387  -7.448  -65.961  27.440 0.8999999762
17388  -7.761  -66.438  27.808 0.8000000119
17399  -2.849  -66.493  26.942 0.8000000119
17403  -6.189  -66.072  26.463 0.8999999762
17405  -7.786  -66.795  27.108 0.8000000119
17415  -7.323  -67.067  26.007 0.6999999881
17528  -5.218  -66.631  17.465 0.8000000119
17529  -6.347  -66.342  17.460 0.6999999881
17530  -7.333  -65.848  17.126 0.6999999881
17531  -8.683  -66.325  16.610 0.8000000119
17536  -0.586  -65.482  16.894 0.6000000238
17537  -0.643  -66.171  16.578 0.6000000238
17538  -2.248  -66.855  16.757 0.8000000119
17539  -3.465  -66.934  16.828 0.8000000119
17540  -4.508  -66.990  16.863 0.8000000119
17543  -7.414  -66.112  16.248 0.6999999881
17552  -9.123  -66.060  15.065 0.8000000119
17560  -0.663  -66.625  14.498 0.5000000000
17561  -7.735  -66.019  14.542 0.6999999881
17578  -8.936  -66.458  13.030 0.6999999881
17592  -8.394  -66.505  12.446 0.6999999881
18177  -5.675  -65.027  35.444 0.4000000060
18188  -6.095  -64.314  33.998 0.4000000060
18200  -5.963  -64.745  33.370 0.4000000060
18201  -6.501  -64.233  33.180 0.4000000060
18206  2.354  -65.581  33.238 0.8000000119
18207  1.717  -65.966  33.056 0.6999999881
18208  1.000  -65.450  32.963 0.8000000119
18210  -5.689  -65.093  31.969 0.5000000000
18213  5.334  -65.443  31.267 0.6999999881
18214  4.443  -65.749  31.855 0.6999999881
18215  3.682  -65.636  32.453 0.8000000119
18217  0.481  -65.294  31.976 0.8000000119
18219  -5.359  -64.822  31.141 0.5000000000
18229  6.364  -65.131  30.281 0.6999999881
18230  4.903  -66.114  31.254 0.6999999881
18234  -3.890  -65.395  29.972 0.6999999881
18243  0.562  -66.233  30.258 0.8000000119
18246  -3.938  -64.512  29.282 0.8000000119
18255  6.488  -64.713  28.683 0.6000000238
18258  -2.256  -64.344  28.255 0.8999999762
18259  -4.356  -64.300  28.392 0.8000000119
18261  -5.946  -64.797  28.100 0.8999999762
18271  6.333  -65.416  28.051 0.6000000238
18273  -3.839  -64.532  27.421 0.8999999762
18274  -4.668  -64.675  27.374 0.8999999762
18275  -5.567  -64.881  27.515 0.8999999762
18276  -6.421  -65.086  27.659 0.8999999762
18277  -7.010  -65.387  27.797 0.8999999762
18283  -3.013  -65.445  27.196 0.8000000119
18284  -3.921  -65.412  26.706 0.8000000119
18287  -6.903  -65.647  26.981 0.8999999762
18304  8.322  -64.741  24.304 0.6000000238
18364  9.945  -66.189  19.692 0.5000000000
18369  -2.697  -65.150  20.183 0.8000000119
18370  -3.893  -65.146  20.202 0.8000000119
18371  -4.968  -64.915  20.111 0.8000000119
18373  -8.390  -65.860  20.597 0.6999999881
18385  -2.088  -65.457  19.444 0.8000000119
18388  -5.478  -65.172  19.618 0.8000000119
18389  -7.382  -64.895  19.284 0.8000000119
18391  -8.436  -66.061  19.171 0.8000000119
18398  -0.689  -64.626  18.368 0.6999999881
18399  -0.691  -65.165  18.282 0.8000000119
18400  -1.514  -65.623  18.658 0.8000000119
18401  -2.799  -65.837  18.815 0.8000000119
18402  -4.066  -65.880  18.915 0.8000000119
18404  -6.792  -65.402  18.765 0.8000000119
18407  -8.215  -65.680  18.043 0.8000000119
18409  -7.834  -65.368  17.424 0.8000000119
18418  -8.134  -65.496  16.575 0.8000000119
18425  -0.589  -65.884  16.161 0.6000000238
18429  -8.405  -65.613  15.590 0.8000000119
18430  -8.911  -65.815  15.276 0.8000000119
18436  -0.566  -66.091  15.516 0.6000000238
18437  -0.683  -65.967  14.935 0.6000000238
18440  -4.369  -65.114  14.346 0.5000000000
18442  -8.643  -65.739  14.781 0.8000000119
18443  -8.991  -65.875  14.595 0.8000000119
18456  -8.242  -65.773  14.203 0.8000000119
18457  -8.673  -65.865  14.199 0.6999999881
18458  -8.924  -66.098  13.877 0.6999999881
19069  -6.347  -64.132  34.730 0.4000000060
19077  1.464  -64.511  33.482 0.8000000119
19078  0.766  -64.647  33.450 0.8000000119
19082  2.740  -64.678  33.146 0.8000000119
19086  -6.443  -64.031  32.367 0.5000000000
19092  -0.092  -65.064  31.031 0.8000000119
19093  -0.109  -64.785  31.883 0.8000000119
19106  6.411  -64.542  29.923 0.6999999881
19107  5.595  -64.637  31.077 0.6999999881
19109  -1.119  -63.912  30.491 0.8000000119
19111  -5.481  -63.948  30.893 0.6000000238
19123  -0.800  -64.925  29.296 0.8000000119
19124  -1.277  -64.006  29.470 0.8999999762
19125  -3.721  -63.584  28.838 0.8000000119
19127  -4.984  -63.539  30.177 0.6000000238
19135  -3.147  -63.717  28.419 0.8999999762
19138  -6.006  -64.707  28.030 0.8999999762
19143  7.104  -63.312  26.865 0.6000000238
19144  6.831  -63.990  27.257 0.8000000119
19146  -4.381  -64.029  27.871 0.8999999762
19153  7.341  -63.805  26.647 0.8000000119
19196  9.224  -63.501  24.093 0.5000000000
19206  9.704  -63.846  22.067 0.6000000238
19220  -1.508  -63.792  21.313 0.8000000119
19225  -6.715  -64.155  20.439 0.8000000119
19229  9.900  -65.326  19.709 0.5000000000
19232  -0.670  -63.769  19.670 0.6999999881
19237  -5.552  -64.436  20.642 0.8999999762
19238  -7.811  -64.332  20.250 0.8000000119
19239  -8.079  -64.898  20.327 0.6999999881
19246  10.026  -64.893  19.524 0.5000000000
19248  -0.541  -64.079  18.980 0.6999999881
19249  -0.728  -64.358  19.466 0.6999999881
19250  -1.545  -64.805  19.925 0.8000000119
19253  -7.878  -64.797  19.766 0.8000000119
19262  -0.737  -64.639  17.866 0.6999999881
19264  -7.542  -65.184  19.207 0.8000000119
19270  -0.659  -64.902  17.083 0.6999999881
19271  -1.020  -64.377  17.662 0.6999999881
19274  -4.832  -64.063  17.399 0.6000000238
19282  -3.349  -64.743  16.709 0.6999999881
19283  -4.614  -64.497  16.782 0.6000000238
19291  -1.077  -65.020  16.291 0.6000000238
19292  -2.159  -64.760  16.163 0.6000000238
19301  -4.165  -65.184  15.276 0.6000000238
19897  -6.695  -63.889  36.431 0.3000000119
19914  -1.041  -63.221  34.363 0.8000000119
19915  -2.237  -62.568  34.560 0.6000000238
19916  -6.638  -63.590  34.061 0.4000000060
19920  1.790  -64.034  33.459 0.8000000119
19922  0.196  -64.035  34.050 0.8000000119
19924  -1.428  -63.542  34.007 0.8000000119
19926  -6.835  -63.746  33.175 0.5000000000
19927  -7.003  -63.072  33.606 0.4000000060
19932  2.350  -63.914  33.273 0.8000000119
19934  -0.986  -63.863  33.270 0.8000000119
19935  -2.010  -63.459  32.992 0.8000000119
19936  -6.732  -63.633  32.517 0.5000000000
19937  -7.034  -63.135  32.938 0.5000000000
19948  -5.859  -63.673  31.471 0.6000000238
19949  -6.263  -63.731  32.061 0.5000000000
19961  5.582  -63.932  30.478 0.6999999881
19962  3.772  -63.673  30.701 0.8000000119
19965  -1.563  -63.378  30.952 0.8000000119
19981  6.156  -63.896  29.754 0.6000000238
19982  5.302  -63.526  29.699 0.8000000119
19986  -2.569  -62.883  29.390 0.8000000119
19987  -3.316  -62.782  29.260 0.8999999762
19988  -4.704  -62.950  29.865 0.8000000119
19996  6.312  -63.735  28.952 0.6999999881
19999  3.480  -63.166  28.654 0.8000000119
20000  2.224  -63.187  28.072 0.8000000119
20001  1.709  -62.998  28.496 0.8000000119
20002  -1.985  -63.332  28.964 0.8999999762
20004  -3.375  -63.230  28.828 0.8000000119
20013  5.032  -63.179  28.065 0.8000000119
20014  4.019  -63.026  27.931 0.8000000119
20030  8.508  -63.061  25.543 0.6000000238
20031  8.163  -63.406  25.915 0.6000000238
20046  9.116  -62.417  24.359 0.6000000238
20047  8.845  -63.122  24.931 0.5000000000
20059  9.513  -62.821  23.594 0.6000000238
20063  -2.728  -62.739  23.168 0.8000000119
20064  -3.358  -62.843  23.460 0.6999999881
20065  -4.412  -62.815  23.491 0.6999999881
20079  -1.816  -62.834  22.111 0.8000000119
20082  -3.787  -63.412  22.987 0.6999999881
20083  -5.036  -63.310  22.814 0.6999999881
20084  -6.405  -63.045  22.507 0.6000000238
20085  -7.479  -63.132  22.402 0.6000000238
20086  -7.987  -63.596  22.511 0.6000000238
20092  12.277  -64.264  20.738 0.5000000000
20093  9.886  -63.318  21.011 0.5000000000
20096  -2.089  -63.453  22.194 0.8000000119
20097  -3.193  -63.857  22.311 0.8000000119
20102  -8.079  -64.007  21.641 0.6000000238
20112  -1.009  -63.265  20.793 0.8000000119
20113  -7.745  -64.031  20.917 0.8000000119
20120  -0.916  -63.292  19.947 0.6999999881
20121  -1.509  -63.119  19.505 0.6999999881
20123  -4.257  -63.176  19.283 0.6000000238
20131  -1.150  -63.520  18.799 0.6999999881
20135  -5.083  -63.168  18.010 0.6000000238
20143  -1.529  -63.866  18.194 0.6999999881
20144  -2.865  -63.891  18.078 0.6999999881
20146  -4.947  -63.638  17.787 0.6000000238
20153  -5.345  -63.582  16.037 0.5000000000
20163  -5.381  -63.448  15.064 0.5000000000
20772  -7.032  -62.636  37.151 0.3000000119
20801  -0.013  -62.794  34.257 0.8000000119
20802  -0.729  -62.571  34.385 0.8000000119
20804  -3.013  -62.060  34.671 0.6000000238
20807  -7.105  -62.333  34.114 0.4000000060
20816  0.451  -62.517  33.758 0.8000000119
20818  -3.753  -62.209  34.231 0.6999999881
20819  -7.095  -62.481  33.362 0.5000000000
20829  0.858  -62.249  32.977 0.8000000119
20830  -2.927  -62.936  32.212 0.8000000119
20833  -5.961  -62.779  32.056 0.5000000000
20852  -4.845  -62.408  31.163 0.6999999881
20854  -5.902  -63.291  31.673 0.5000000000
20867  1.437  -62.724  30.281 0.6999999881
20870  -3.735  -62.420  30.425 0.8999999762
20892  1.622  -62.896  27.831 0.6999999881
20894  0.852  -61.819  28.876 0.6000000238
20901  2.065  -62.849  27.687 0.6999999881
20908  6.023  -62.613  26.322 0.8000000119
20910  3.684  -62.288  26.835 0.8000000119
20923  6.595  -62.083  25.119 0.8000000119
20924  5.717  -62.276  25.304 0.8000000119
20925  4.705  -62.261  25.822 0.8000000119
20937  5.791  -61.974  24.540 0.8000000119
20940  -4.372  -61.783  24.276 0.6000000238
20942  -7.531  -61.917  24.565 0.6000000238
20949  9.172  -62.087  23.587 0.6000000238
20951  6.575  -61.888  24.153 0.8000000119
20954  -2.775  -62.105  23.137 0.8000000119
20957  -4.933  -62.206  24.067 0.6000000238
20964  13.464  -62.517  21.628 0.5000000000
20966  9.577  -62.430  22.291 0.5000000000
20969  -2.327  -62.483  22.587 0.8000000119
20977  9.670  -62.453  21.276 0.6000000238
20982  -1.549  -62.760  21.285 0.6999999881
20984  -2.794  -62.114  21.526 0.5000000000
20989  12.672  -62.946  20.370 0.5000000000
20990  11.522  -63.045  19.956 0.6000000238
20997  -2.079  -62.420  20.976 0.6999999881
21007  -2.285  -62.624  20.141 0.6000000238
21008  -4.567  -62.598  19.799 0.6000000238
21033  -4.218  -62.297  17.443 0.5000000000
21716  -7.023  -61.318  35.816 0.3000000119
21729  -3.455  -61.467  34.555 0.6000000238
21730  -4.163  -61.276  34.453 0.6000000238
21745  -2.404  -61.247  34.387 0.8000000119
21747  -6.497  -61.644  33.323 0.5000000000
21761  -0.232  -61.499  32.383 0.6999999881
21763  -5.284  -61.937  32.937 0.5000000000
21764  -6.047  -62.027  32.628 0.5000000000
21777  0.182  -61.705  31.404 0.6999999881
21789  0.285  -61.728  30.238 0.6000000238
21798  0.522  -61.499  29.300 0.6000000238
21803  0.225  -61.027  28.785 0.6000000238
21810  2.322  -61.455  27.441 0.6999999881
21812  1.325  -60.779  27.836 0.6000000238
21822  2.763  -60.887  27.123 0.6000000238
21823  1.998  -60.547  26.842 0.5000000000
21840  5.980  -61.641  23.969 0.8000000119
21842  5.210  -61.423  24.936 0.8000000119
21845  -4.768  -61.330  24.494 0.5000000000
21854  9.067  -61.981  22.709 0.6000000238
21857  6.459  -61.364  23.340 0.6999999881
21862  -3.281  -61.861  23.506 0.8000000119
21870  8.261  -61.426  22.324 0.6999999881
21872  6.727  -61.044  22.494 0.6999999881
21876  -3.193  -61.640  22.942 0.6999999881
21877  -3.963  -61.362  22.740 0.6999999881
21878  -4.899  -60.934  22.362 0.6999999881
21890  8.642  -61.062  21.052 0.6000000238
21896  -3.380  -61.701  22.111 0.6999999881
21898  -5.557  -61.266  21.247 0.6000000238
21905  14.132  -61.163  21.101 0.5000000000
21906  13.681  -61.596  20.559 0.5000000000
21915  -5.602  -61.802  20.452 0.5000000000
21916  -6.343  -60.890  20.065 0.5000000000
21919  12.299  -61.329  19.650 0.5000000000
21920  11.194  -61.535  19.329 0.5000000000
21921  10.007  -61.877  19.350 0.6000000238
21922  8.865  -61.695  19.741 0.6000000238
21926  -6.148  -61.777  19.074 0.4000000060
21927  -6.355  -61.081  19.255 0.4000000060
21940  -4.619  -61.594  18.150 0.5000000000
21941  -5.362  -61.203  18.189 0.4000000060
21942  -5.961  -61.517  18.299 0.5000000000
22615  -7.155  -60.512  35.234 0.3000000119
22632  -3.909  -60.904  34.506 0.4000000060
22634  -6.426  -60.014  34.393 0.4000000060
22635  -6.797  -60.075  34.532 0.4000000060
22645  -2.056  -60.870  33.630 0.5000000000
22647  -3.725  -60.526  34.066 0.3000000119
22650  -6.723  -61.031  34.007 0.4000000060
22658  -2.710  -60.535  32.779 0.4000000060
22666  -2.492  -60.525  31.655 0.5000000000
22683  -1.331  -60.296  29.038 0.6000000238
22692  0.486  -60.831  28.056 0.6000000238
22694  -0.882  -60.124  28.566 0.6000000238
22702  1.268  -60.325  26.912 0.6000000238
22703  0.712  -60.383  27.535 0.4000000060
22711  3.206  -60.491  27.054 0.6000000238
22732  5.463  -60.865  24.495 0.6000000238
22735  -4.773  -60.855  24.513 0.5000000000
22743  14.091  -61.092  23.713 0.5000000000
22745  5.869  -60.562  23.834 0.6999999881
22754  14.964  -60.179  22.041 0.5000000000
22756  7.242  -60.715  22.132 0.6999999881
22760  -4.332  -60.879  23.399 0.6999999881
22769  14.556  -60.711  21.612 0.5000000000
22784  8.666  -60.529  20.372 0.6000000238
22789  -6.252  -60.211  20.496 0.5000000000
22796  9.303  -60.802  19.621 0.6999999881
22806  -6.328  -60.595  18.626 0.4000000060
22820  -6.194  -60.949  18.070 0.4000000060
23477  -6.522  -59.328  36.478 0.3000000119
23488  -6.910  -58.880  35.249 0.3000000119
23502  -5.957  -59.154  34.362 0.3000000119
23504  -7.052  -59.753  34.936 0.3000000119
23515  -5.538  -58.372  33.909 0.3000000119
23516  -6.086  -58.310  34.571 0.3000000119
23528  -4.614  -58.613  31.794 0.3000000119
23532  -3.238  -59.595  29.987 0.4000000060
23533  -3.793  -59.311  30.450 0.3000000119
23534  -4.321  -58.618  30.884 0.3000000119
23542  -2.851  -59.393  29.420 0.3000000119
23543  -3.534  -59.009  29.709 0.3000000119
23550  6.110  -59.361  28.486 0.3000000119
23551  5.296  -59.317  28.554 0.3000000119
23552  3.746  -59.228  28.078 0.4000000060
23553  -0.632  -59.735  28.175 0.5000000000
23555  -2.396  -59.160  28.823 0.4000000060
23567  2.207  -59.582  26.971 0.4000000060
23568  1.243  -59.920  26.852 0.4000000060
23570  0.406  -59.088  27.966 0.3000000119
23582  7.159  -59.384  26.734 0.4000000060
23584  4.546  -59.924  26.626 0.5000000000
23585  3.752  -60.219  26.894 0.6000000238
23598  14.321  -60.322  25.857 0.4000000060
23600  6.086  -59.618  25.117 0.4000000060
23611  15.019  -60.131  24.274 0.5000000000
23615  5.602  -60.104  24.614 0.6000000238
23618  -5.611  -59.406  25.014 0.5000000000
23627  7.953  -59.297  22.924 0.6000000238
23628  7.009  -59.697  23.184 0.6000000238
23629  6.312  -60.221  23.367 0.6999999881
23631  -5.977  -59.228  24.112 0.6000000238
23640  15.437  -59.650  22.426 0.5000000000
23646  -6.254  -58.815  22.699 0.6000000238
23661  8.031  -60.228  21.878 0.6000000238
23676  13.087  -59.120  20.470 0.5000000000
23679  10.438  -59.662  20.535 0.5000000000
23680  9.547  -59.772  20.585 0.6000000238
23681  8.879  -59.936  20.759 0.6000000238
23693  12.802  -59.706  19.963 0.5000000000
23694  11.853  -59.836  19.917 0.6000000238
24405  -6.312  -58.481  36.224 0.3000000119
24415  -5.966  -57.821  35.939 0.3000000119
24459  -4.344  -57.999  30.723 0.3000000119
24466  13.786  -58.923  29.293 0.4000000060
24469  -3.070  -58.722  29.175 0.3000000119
24476  14.152  -58.334  29.160 0.4000000060
24477  13.720  -58.747  28.938 0.4000000060
24478  7.520  -58.632  28.182 0.3000000119
24479  6.827  -59.025  28.597 0.3000000119
24481  4.461  -59.071  28.801 0.4000000060
24486  -0.369  -59.006  28.300 0.3000000119
24504  1.273  -59.122  27.584 0.4000000060
24521  15.060  -59.196  26.793 0.4000000060
24541  7.803  -59.149  24.894 0.3000000119
24555  16.237  -58.977  24.573 0.5000000000
24558  10.317  -58.063  24.047 0.3000000119
24559  9.475  -58.459  24.226 0.3000000119
24572  16.483  -58.348  22.865 0.4000000060
24575  11.551  -58.651  23.551 0.3000000119
24577  9.868  -58.350  23.494 0.3000000119
24591  16.019  -59.100  22.643 0.4000000060
24595  9.586  -58.607  22.672 0.3000000119
24596  8.800  -58.856  22.749 0.6000000238
24612  14.577  -58.195  21.085 0.4000000060
24614  12.904  -58.536  21.429 0.4000000060
24616  10.688  -59.281  21.860 0.4000000060
24623  -6.381  -58.542  22.164 0.5000000000
24632  13.892  -58.857  20.823 0.5000000000
24634  11.839  -58.965  20.912 0.5000000000
24640  -6.274  -59.236  20.382 0.5000000000
24652  -6.281  -58.588  19.971 0.6000000238
24670  -6.325  -58.689  18.835 0.6000000238
24686  -6.332  -59.237  17.872 0.4000000060
25393  -5.260  -56.962  34.706 0.3000000119
25406  -5.242  -57.251  33.612 0.3000000119
25417  -4.705  -57.207  32.174 0.3000000119
25418  -4.919  -57.384  32.837 0.3000000119
25427  16.711  -56.793  30.430 0.4000000060
25429  15.600  -56.364  29.901 0.4000000060
25447  15.102  -57.099  28.781 0.5000000000
25448  14.553  -57.683  28.984 0.4000000060
25489  9.188  -57.135  26.071 0.3000000119
25535  17.199  -57.800  24.154 0.3000000119
25544  -5.996  -57.626  24.340 0.5000000000
25563  17.310  -56.921  22.330 0.4000000060
25564  16.857  -57.481  21.854 0.4000000060
25609  -0.558  -57.471  18.714 0.6000000238
25610  -1.314  -57.458  19.014 0.6000000238
25611  -1.979  -57.311  18.909 0.6000000238
25612  -6.163  -57.810  19.463 0.5000000000
25641  -4.887  -57.684  17.804 0.4000000060
26397  17.628  -55.950  30.494 0.4000000060
26398  17.053  -56.114  30.594 0.4000000060
26400  15.915  -56.067  30.245 0.4000000060
26441  16.632  -56.669  27.564 0.4000000060
26518  17.618  -57.102  24.469 0.3000000119
26539  -5.825  -57.211  23.766 0.6000000238
26551  -5.930  -57.068  22.843 0.6999999881
26568  -6.074  -56.995  21.913 0.6999999881
26584  -2.181  -56.669  20.026 0.6000000238
26587  -5.131  -56.166  20.492 0.6000000238
26616  -5.792  -57.205  19.161 0.5000000000
26634  0.984  -57.316  18.163 0.6000000238
26635  0.194  -57.461  18.008 0.6000000238
26649  1.310  -56.718  17.709 0.6000000238
26654  -4.346  -57.173  17.507 0.3000000119
27411  17.361  -55.387  30.661 0.5000000000
27418  15.755  -55.711  29.879 0.4000000060
27500  -5.139  -56.404  25.261 0.5000000000
27534  -5.209  -56.566  24.631 0.5000000000
27586  -2.733  -55.272  22.421 0.6000000238
27605  -0.328  -55.191  21.478 0.6000000238
27608  -3.209  -55.621  21.629 0.6000000238
27610  -4.876  -56.282  22.074 0.6000000238
27627  1.138  -55.695  20.508 0.5000000000
27632  -3.698  -55.855  20.743 0.6000000238
27633  -4.556  -55.952  20.652 0.6000000238
27673  3.093  -55.860  17.930 0.6000000238
27690  2.144  -55.949  17.627 0.6000000238
27692  0.656  -56.301  17.560 0.6000000238
27693  -0.345  -55.871  17.486 0.6000000238
27713  -2.142  -55.961  16.885 0.4000000060
28444  16.997  -54.945  30.601 0.4000000060
28682  1.157  -55.519  17.621 0.6000000238
28684  -1.227  -54.083  17.183 0.4000000060
28685  -1.696  -54.928  17.015 0.4000000060
28721  -0.314  -54.499  15.753 0.3000000119
28723  -1.183  -54.953  16.071 0.3000000119
29482  17.462  -53.130  30.165 0.3000000119
29517  18.715  -53.440  27.627 0.3000000119
29640  3.717  -53.468  18.606 0.6000000238
29664  2.303  -54.142  18.205 0.6000000238
29665  1.185  -53.704  18.349 0.5000000000
29668  -0.904  -53.463  17.451 0.4000000060
29695  -0.936  -53.720  16.732 0.4000000060
29709  -0.110  -53.950  16.100 0.3000000119
29710  -0.525  -54.128  16.221 0.4000000060
30479  18.740  -51.288  31.300 0.4000000060
30652  -0.281  -51.430  18.543 0.4000000060
30653  -0.753  -52.937  17.771 0.4000000060
30654  -0.843  -53.213  17.530 0.3000000119
30679  -0.658  -53.049  16.930 0.4000000060
31484  18.260  -51.484  30.670 0.4000000060
31490  18.482  -50.599  30.751 0.4000000060
31513  19.428  -50.469  28.190 0.3000000119
31525  19.672  -51.395  26.528 0.3000000119
31624  2.017  -51.650  19.408 0.6000000238
31625  0.619  -51.092  19.312 0.5000000000
31626  -0.756  -51.041  19.766 0.5000000000
32580  25.164  -48.939  22.507 0.5000000000
32594  20.893  -50.980  21.729 0.4000000060
32608  20.360  -50.845  21.069 0.4000000060
32609  19.364  -50.433  20.168 0.4000000060
32615  18.551  -50.396  19.741 0.4000000060
33601  25.522  -46.108  25.486 0.3000000119
33645  22.217  -48.965  22.369 0.4000000060
33661  0.423  -49.042  20.419 0.5000000000
33684  2.371  -49.616  19.606 0.5000000000
33701  6.208  -49.498  18.653 0.4000000060
33711  -0.540  -50.333  18.670 0.3000000119
34690  23.167  -45.033  24.943 0.3000000119
34704  22.328  -46.829  23.471 0.3000000119
34730  19.173  -48.062  19.766 0.4000000060
34731  1.632  -47.953  19.933 0.3000000119
34747  24.381  -45.869  18.433 0.5000000000
34754  12.648  -48.251  19.388 0.3000000119
34756  10.422  -48.238  19.410 0.4000000060
34761  5.529  -48.376  18.951 0.4000000060
34763  2.574  -47.964  19.654 0.4000000060
34768  22.556  -47.157  17.881 0.5000000000
34769  13.785  -48.903  18.578 0.3000000119
35830  20.431  -47.980  20.737 0.4000000060
35832  18.820  -47.408  19.992 0.5000000000
35837  14.223  -46.724  19.978 0.5000000000
35838  12.828  -46.918  19.963 0.4000000060
35842  8.809  -46.829  19.942 0.4000000060
35845  1.898  -47.278  20.058 0.3000000119
35861  23.617  -46.471  17.862 0.5000000000
35869  11.503  -47.636  19.720 0.3000000119
35870  10.720  -47.662  19.666 0.4000000060
35873  7.428  -47.297  19.622 0.3000000119
35888  23.067  -46.971  17.620 0.5000000000
36942  18.835  -46.334  21.158 0.4000000060
36954  17.376  -46.655  20.595 0.5000000000
36957  14.522  -46.330  20.586 0.4000000060
36963  8.388  -46.375  20.282 0.4000000060
36975  6.124  -46.510  19.925 0.3000000119
36977  4.443  -45.719  19.498 0.5000000000
37963  20.849  -44.583  24.433 0.3000000119
37964  20.054  -44.476  24.111 0.3000000119
37994  19.244  -45.847  21.828 0.3000000119
37999  12.015  -44.523  20.770 0.4000000060
38003  10.157  -45.214  20.392 0.4000000060
38006  7.016  -45.635  20.541 0.4000000060
38008  5.192  -44.915  20.369 0.4000000060
38965  7.048  -44.154  20.451 0.3000000119
38966  5.582  -44.566  20.574 0.3000000119
39822  12.735  -42.856  21.673 0.3000000119
39824  12.336  -43.749  20.852 0.3000000119
39825  10.614  -44.101  19.758 0.3000000119
39826  9.488  -44.074  19.603 0.3000000119
39827  8.561  -43.776  19.925 0.3000000119
39829  6.326  -43.390  20.522 0.3000000119
39846  11.597  -43.889  20.065 0.3000000119
40738  13.010  -42.615  21.188 0.3000000119
40759  13.026  -42.762  20.429 0.3000000119
40761  8.314  -42.913  19.355 0.3000000119
132867  10.942  -63.761  19.757 0.6000000238
132868  10.157  -63.584  19.464 0.5000000000
132905  18.730  -52.466  31.197 0.4000000060
133031  19.863  -50.073  31.421 0.4000000060
133110  10.715  -66.019  19.750 0.5000000000
133165  23.662  -52.043  22.332 0.4000000060
133223  10.349  -64.393  19.526 0.5000000000
133285  18.275  -53.385  31.167 0.3000000119
133290  -6.055  -69.591  33.019 0.6999999881
133328  2.965  -62.447  27.513 0.8000000119
133579  -10.407  -85.953  33.610 0.8999999762
133663  15.119  -87.700  2.461 0.6000000238
133784  -7.507  -78.597  30.919 0.8000000119
133890  9.933  -64.117  19.585 0.5000000000
134333  -4.412  -62.171  33.457 0.6000000238
134725  -10.326  -85.720  35.447 1.0000000000
134754  7.645  -62.281  25.895 0.8000000119
134941  -9.601  -77.307  -1.330 0.6000000238
135298  -3.853  -85.364  -1.807 0.5000000000
135313  7.554  -44.920  20.499 0.3000000119
135409  -5.855  -57.754  24.987 0.5000000000
135553  -11.332  -77.888  4.753 0.5000000000
135599  -4.800  -69.546  12.604 0.6999999881
135799  8.281  -61.165  21.769 0.6999999881
135951  -1.122  -89.553  17.687 0.8000000119
135978  -2.777  -87.822  -1.547 0.6000000238
135994  -4.212  -88.903  0.945 0.6000000238
136132  2.733  -90.738  31.225 0.6000000238
136172  -9.514  -81.108  31.085 0.6999999881
136214  -7.583  -64.147  20.307 0.8000000119
136228  13.113  -61.217  26.068 0.4000000060
136483  0.799  -91.478  18.697 0.8000000119
136536  -1.746  -91.862  16.579 0.6999999881
136561  -7.116  -86.880  36.874 0.8000000119
136592  14.444  -60.636  24.052 0.5000000000
136610  -6.978  -62.027  36.570 0.3000000119
136713  -9.901  -76.733  34.104 0.8000000119
136751  -9.295  -92.809  31.221 0.8999999762
136842  2.507  -63.467  31.775 0.8000000119
136965  -2.552  -86.443  36.308 0.6999999881
137045  -5.379  -62.438  31.987 0.5000000000
137089  -7.770  -65.441  18.149 0.8000000119
137130  11.968  -86.719  4.084 0.6000000238
137189  4.325  -63.421  29.419 0.8000000119
137193  -5.358  -56.615  21.371 0.6000000238
137213  -7.477  -84.068  34.548 0.8000000119
137219  -9.015  -68.229  15.221 0.6000000238
137276  -11.437  -81.403  0.333 0.6000000238
137287  -9.232  -87.867  -0.027 0.6000000238
137323  -11.429  -83.802  2.172 0.4000000060
137588  -9.340  -68.247  11.550 0.6999999881
137670  -10.739  -76.620  7.654 0.5000000000
137777  1.740  -89.561  32.196 0.5000000000
137805  -6.286  -57.900  23.942 0.6000000238
137830  17.077  -54.383  28.932 0.3000000119
137890  -10.444  -77.546  -1.729 0.6000000238
138058  3.113  -93.394  25.197 0.6000000238
138078  -11.631  -76.958  2.910 0.6000000238
138144  14.757  -59.715  26.311 0.4000000060
138168  -7.444  -79.843  30.714 0.6999999881
138264  -3.991  -93.075  30.929 0.8999999762
138307  1.056  -94.304  16.869 0.8999999762
138349  9.051  -89.047  17.078 0.3000000119
138363  -7.925  -89.282  37.200 0.8000000119
138436  18.178  -49.062  19.166 0.4000000060
138619  13.505  -90.149  6.076 0.4000000060
138644  -1.783  -93.372  27.072 0.8999999762
138725  -7.043  -78.680  0.905 0.6000000238
138728  -9.487  -69.606  16.698 0.6000000238
138733  6.816  -59.402  24.788 0.4000000060
138752  -5.607  -71.583  34.355 0.6999999881
138803  -9.309  -68.357  14.300 0.6000000238
138829  -2.905  -57.163  18.733 0.5000000000
138859  -6.045  -87.548  36.919 0.8000000119
138931  -9.283  -91.995  31.895 1.0000000000
138945  3.751  -91.754  28.058 0.5000000000
139012  -9.219  -75.870  36.608 0.8000000119
139029  6.565  -89.559  16.018 0.5000000000
139040  8.738  -63.982  24.547 0.5000000000
139069  -0.110  -94.166  14.633 0.8999999762
139095  -8.557  -70.020  31.704 0.8000000119
139105  21.522  -43.344  25.606 0.3000000119
139154  -10.481  -84.589  34.423 0.8999999762
139157  -8.636  -81.242  31.026 0.8000000119
139191  0.645  -93.425  18.538 0.8000000119
139392  -3.612  -79.781  33.373 0.3000000119
139459  0.246  -73.759  34.533 0.4000000060
139460  0.715  -93.208  17.569 0.8999999762
139491  2.980  -93.244  13.481 0.8999999762
139536  -4.794  -77.504  33.747 0.3000000119
139774  -9.734  -83.209  32.696 0.8000000119
139794  -9.052  -68.542  9.488 0.8000000119
139853  1.087  -94.503  15.874 0.8999999762
139922  -3.437  -74.506  35.856 0.4000000060
139980  -8.988  -67.192  18.173 0.6000000238
139981  -3.787  -65.526  28.901 0.8000000119
140054  -4.664  -86.972  -0.740 0.5000000000
140081  -9.864  -84.617  -0.501 0.6999999881
140269  8.109  -88.788  16.544 0.3000000119
140334  9.023  -44.279  20.059 0.3000000119
140343  6.894  -95.076  10.066 0.6999999881
140357  10.013  -47.508  19.627 0.4000000060
140362  8.547  -93.130  13.190 0.4000000060
140531  -0.620  -61.470  33.493 0.6999999881
140535  -1.051  -92.833  24.650 0.8999999762
140559  -9.233  -75.076  36.138 0.8000000119
140614  -3.801  -85.879  -1.650 0.5000000000
140652  4.053  -84.292  1.469 0.5000000000
140668  -8.578  -66.357  17.569 0.8000000119
140678  -10.181  -87.416  32.666 0.8999999762
140831  15.665  -87.731  7.113 0.5000000000
140833  -7.859  -65.760  15.418 0.6999999881
140836  -3.460  -88.371  -0.806 0.6000000238
140904  1.245  -92.802  26.784 0.8999999762
140916  -10.623  -73.928  9.730 0.5000000000
140951  11.170  -44.668  20.481 0.4000000060
141022  -5.652  -86.681  35.438 0.8000000119
141034  -2.142  -60.496  30.711 0.5000000000
141063  -4.349  -62.425  30.526 0.6999999881
141150  -1.717  -60.351  29.877 0.5000000000
141178  -9.113  -84.525  -0.854 0.6999999881
141184  -10.452  -88.280  33.684 0.8999999762
141235  -4.887  -93.453  30.818 0.8999999762
141358  -0.991  -94.712  13.499 0.6999999881
141460  -8.951  -74.035  1.064 0.6999999881
141466  3.737  -51.236  19.822 0.6000000238
141525  -8.343  -80.205  36.042 0.6999999881
141611  -0.401  -94.053  22.257 0.8999999762
141626  12.316  -58.859  21.323 0.5000000000
141806  11.023  -91.387  11.429 0.4000000060
141873  -0.789  -82.821  -4.294 0.6999999881
141887  -10.559  -74.061  8.013 0.6000000238
141950  -0.727  -93.737  24.094 0.8999999762
141979  14.221  -84.283  6.739 0.5000000000
141985  -1.480  -90.520  17.800 0.6999999881
142045  -10.527  -90.182  33.372 0.8999999762
142068  -5.852  -76.739  30.627 0.8000000119
142187  0.381  -71.135  32.485 0.5000000000
142219  0.114  -93.929  25.146 0.8999999762
142227  -7.065  -87.893  37.616 0.8000000119
142273  -0.209  -90.324  23.200 0.8999999762
142314  -6.800  -58.833  35.834 0.3000000119
142327  6.300  -93.075  15.874 0.6000000238
142427  -3.823  -66.492  35.551 0.4000000060
142453  -11.476  -77.006  2.107 0.6000000238
142472  -8.122  -68.200  31.081 0.8999999762
142562  -6.295  -58.713  21.053 0.5000000000
142567  -6.182  -74.149  5.408 0.6999999881
142606  -11.087  -75.011  5.949 0.6000000238
142626  0.474  -85.516  30.362 0.4000000060
142694  -7.526  -80.686  2.101 0.6000000238
142746  -6.056  -93.466  30.759 1.0000000000
142780  -7.880  -73.315  28.835 0.8000000119
142962  8.243  -91.165  23.804 0.3000000119
143039  8.130  -79.013  6.933 0.6000000238
143097  -8.037  -82.002  30.749 0.8000000119
143302  5.521  -59.841  25.527 0.5000000000
143406  -7.860  -65.411  16.699 0.8000000119
143454  -0.934  -54.725  17.448 0.5000000000
143516  15.054  -86.195  10.088 0.6000000238
143526  -9.345  -69.630  15.728 0.6000000238
143527  15.509  -58.036  29.724 0.4000000060
143601  -6.924  -69.931  33.154 0.6999999881
143615  8.721  -91.725  10.192 0.6000000238
143836  -6.758  -74.859  32.088 0.8999999762
143912  -4.539  -89.154  32.899 0.8000000119
143934  0.206  -93.928  24.433 0.8999999762
144011  -9.691  -86.455  36.621 1.0000000000
144051  -5.631  -65.210  32.810 0.5000000000
144202  0.765  -94.039  20.879 0.8999999762
144255  3.296  -90.882  29.999 0.5000000000
144334  -7.170  -93.424  31.305 1.0000000000
144376  2.709  -51.126  19.602 0.6000000238
144421  4.412  -90.764  14.917 0.6999999881
144572  -8.231  -82.334  -1.811 0.6999999881
144585  -3.919  -72.114  33.064 0.6999999881
144586  0.657  -89.457  20.853 0.8999999762
144676  -7.405  -68.548  9.194 0.6000000238
144749  -8.066  -66.939  28.311 0.8999999762
144823  0.743  -92.432  16.643 0.8999999762
144976  -5.016  -67.721  14.920 0.8000000119
145017  -5.829  -62.311  18.946 0.5000000000
145062  -9.181  -75.734  0.479 0.6999999881
145157  -5.555  -71.736  9.115 0.6999999881
145219  -9.665  -80.916  31.093 0.6999999881
145331  7.203  -90.392  22.410 0.3000000119
145400  -10.341  -83.868  34.012 0.8000000119
145468  5.310  -91.438  24.142 0.4000000060
145602  3.434  -95.262  7.986 0.6000000238
145683  -4.578  -83.402  -3.838 0.6999999881
145808  -4.887  -89.477  1.422 0.6000000238
145861  -11.124  -81.762  2.153 0.4000000060
145902  -6.295  -58.454  23.637 0.6000000238
145904  9.825  -64.662  19.791 0.5000000000
145934  -5.735  -57.110  35.134 0.3000000119
146096  9.157  -64.258  23.512 0.5000000000
146207  -2.230  -88.908  40.299 0.3000000119
146344  8.201  -90.797  10.188 0.6000000238
146354  -8.947  -89.430  36.648 0.8999999762
146372  -1.456  -65.485  14.951 0.5000000000
146429  -4.586  -64.124  27.999 0.8999999762
146452  0.901  -95.429  12.667 0.8999999762
146491  4.138  -62.714  26.770 0.8000000119
146551  -5.285  -83.047  1.478 0.6999999881
146559  0.368  -87.959  20.842 0.8999999762
146578  1.665  -93.651  23.759 0.8000000119
146583  -6.701  -85.629  34.692 0.8000000119
146639  -0.288  -95.168  12.652 0.8999999762
146682  -7.375  -78.172  2.313 0.6000000238
146734  -10.035  -84.723  1.348 0.6999999881
146856  1.029  -93.924  23.611 0.8000000119
146878  -3.180  -69.818  31.027 0.6999999881
146925  -2.810  -90.462  37.481 0.8000000119
146968  -8.529  -73.403  28.031 0.6000000238
146972  0.184  -85.949  31.888 0.3000000119
147065  -9.580  -81.688  32.327 0.6999999881
147187  14.958  -85.210  10.314 0.5000000000
147208  6.049  -93.016  18.646 0.6000000238
147221  3.315  -80.599  -1.219 0.5000000000
147252  8.788  -93.432  9.841 0.6000000238
147257  -9.146  -91.925  32.634 1.0000000000
147294  7.599  -61.908  25.129 0.8000000119
147396  -6.978  -65.407  28.035 0.8999999762
147426  -7.078  -61.668  33.867 0.5000000000
147474  -11.604  -79.109  1.948 0.6000000238
147631  -10.792  -84.577  1.619 0.5000000000
147632  6.162  -91.555  24.006 0.4000000060
147702  5.948  -65.102  30.787 0.6999999881
147735  -6.477  -61.529  24.757 0.5000000000
147808  14.085  -88.397  9.270 0.6000000238
147826  -4.860  -93.312  29.149 0.8999999762
147833  -5.076  -92.210  32.202 0.8999999762
147842  -9.333  -67.280  12.905 0.8000000119
147881  2.502  -89.661  26.782 0.5000000000
147911  -10.850  -77.110  0.409 0.6000000238
147962  -4.208  -61.216  24.185 0.6000000238
147969  -6.648  -85.190  34.140 0.6999999881
147980  11.151  -58.900  22.960 0.5000000000
148024  -11.155  -75.911  8.301 0.5000000000
148063  -8.307  -75.691  37.538 0.6999999881
148123  -9.711  -88.060  31.912 0.8999999762
148140  -2.812  -90.361  26.715 1.0000000000
148156  -2.136  -73.149  32.692 0.6000000238
148265  4.288  -52.740  19.226 0.5000000000
148440  -8.872  -67.675  16.901 0.6999999881
148525  -8.946  -83.067  -2.923 0.6999999881
148562  1.510  -56.963  17.927 0.6000000238
148762  -9.106  -81.942  31.243 0.6999999881
148797  -4.562  -60.811  34.363 0.4000000060
148838  10.545  -89.770  11.193 0.6000000238
148929  -0.759  -68.287  32.757 0.4000000060
148931  -10.179  -78.764  -2.930 0.6999999881
148971  -8.072  -70.233  29.236 0.8000000119
149024  -7.672  -91.318  33.917 0.8999999762
149109  2.822  -81.774  6.163 0.5000000000
149120  -4.505  -69.207  30.831 0.6999999881
149123  2.565  -86.127  -1.747 0.4000000060
149138  -0.810  -66.841  15.937 0.6000000238
149223  -8.497  -68.275  28.538 0.8999999762
149271  -2.828  -61.558  34.668 0.6000000238
149294  -0.038  -90.496  35.977 0.8000000119
149324  1.335  -84.036  -3.187 0.6000000238
149433  -2.558  -67.275  34.793 0.4000000060
149449  -11.389  -83.335  1.631 0.6000000238
149522  7.637  -90.668  13.569 0.4000000060
149556  2.827  -63.911  32.679 0.8000000119
149666  -7.300  -92.561  28.162 1.0000000000
149715  -3.584  -91.714  23.225 0.6999999881
149721  7.822  -93.128  13.153 0.4000000060
149745  2.366  -94.447  18.652 0.6999999881
149773  -5.596  -57.392  35.679 0.3000000119
149971  5.158  -78.434  5.134 0.6000000238
149976  -9.761  -78.162  35.339 0.8000000119
150029  -2.339  -93.097  29.509 0.8000000119
150075  -8.259  -69.864  32.413 0.8000000119
150081  -2.510  -89.608  30.064 0.8000000119
150120  8.274  -91.851  18.824 0.5000000000
150162  -5.346  -75.705  6.009 0.6999999881
150164  -0.271  -94.009  24.304 0.8999999762
150232  -7.631  -74.802  37.863 0.8000000119
150265  3.462  -46.562  19.292 0.5000000000
150314  -0.639  -74.810  35.445 0.3000000119
150369  -9.213  -79.252  31.098 0.8000000119
150459  -5.020  -65.674  33.122 0.4000000060
150471  -4.325  -81.787  4.227 0.6000000238
150533  -1.288  -93.808  26.917 0.8999999762
150569  -7.626  -70.102  5.895 0.6999999881
150573  4.138  -79.201  1.984 0.5000000000
150590  -9.761  -93.555  29.801 0.6999999881
150605  19.224  -49.202  28.443 0.3000000119
150656  12.474  -81.614  7.171 0.3000000119
150723  -10.110  -85.743  31.999 0.8000000119
150737  9.019  -91.583  18.589 0.5000000000
150809  -7.547  -82.055  34.586 0.6999999881
151009  -4.407  -85.586  4.084 0.6000000238
151035  -6.866  -67.732  25.447 0.5000000000
151101  -8.949  -72.077  2.644 0.6999999881
151335  -5.459  -61.893  18.398 0.5000000000
151388  5.403  -93.096  12.444 0.5000000000
151451  9.257  -88.839  10.484 0.6000000238
151528  0.255  -56.911  19.592 0.6000000238
151578  -1.297  -93.522  27.319 0.8999999762
151595  -5.252  -66.980  16.798 0.8000000119
151711  -8.833  -84.410  1.235 0.6999999881
151714  -4.039  -85.992  1.073 0.6000000238
151721  -0.189  -91.216  33.731 0.8000000119
151797  5.988  -50.291  18.792 0.5000000000
151829  19.110  -49.956  31.403 0.4000000060
151832  23.980  -50.844  23.735 0.4000000060
151859  18.983  -51.533  31.389 0.4000000060
151861  20.851  -52.649  29.378 0.4000000060
151862  22.897  -53.274  25.031 0.4000000060
151875  22.077  -50.079  29.559 0.4000000060
151888  21.962  -52.984  26.892 0.4000000060
151903  23.646  -50.944  26.426 0.4000000060
152002  23.716  -51.386  24.611 0.4000000060
152018  21.794  -51.808  28.857 0.4000000060
152071  -5.940  -78.505  33.997 0.5000000000
152077  -11.664  -77.731  3.423 0.6000000238
152206  -10.122  -75.253  -0.185 0.6000000238
152469  -11.321  -83.885  1.740 0.6000000238
152646  0.866  -56.402  19.852 0.5000000000
152719  -0.795  -61.859  34.302 0.8000000119
152725  13.365  -83.416  7.695 0.4000000060
152772  -9.382  -67.632  13.751 0.8000000119
152774  18.566  -51.144  31.141 0.4000000060
152889  5.644  -93.404  18.384 0.6999999881
152970  -3.699  -85.860  -2.104 0.5000000000
152974  -6.695  -93.374  31.862 1.0000000000
153016  5.379  -51.761  19.680 0.5000000000
153040  -1.780  -90.641  34.149 0.8000000119
153262  1.788  -56.560  17.780 0.6000000238
153271  19.578  -51.072  26.113 0.3000000119
153337  -5.346  -56.813  24.076 0.6000000238
153366  2.395  -94.871  15.147 0.8999999762
153392  11.324  -86.824  3.712 0.6000000238
153533  1.638  -86.887  -2.568 0.6000000238
153573  13.042  -61.860  24.585 0.4000000060
153601  -7.035  -71.440  35.559 0.6999999881
153607  -4.599  -58.097  31.333 0.3000000119
153638  -5.366  -93.211  24.035 0.6000000238
153644  -9.420  -93.630  29.107 0.8000000119
153655  24.871  -48.522  25.279 0.4000000060
153663  16.056  -55.199  29.871 0.4000000060
153678  23.467  -47.000  17.621 0.5000000000
153755  5.195  -63.085  27.362 0.8000000119
153827  8.011  -94.690  10.838 0.5000000000
153850  6.135  -78.469  5.887 0.6000000238
153883  2.283  -60.288  26.792 0.5000000000
153908  -5.311  -56.889  18.923 0.6000000238
153943  -7.806  -72.324  29.613 0.8000000119
153974  6.598  -79.844  7.746 0.6000000238
154075  2.568  -86.345  26.368 0.4000000060
154116  -6.512  -70.666  9.700 0.6000000238
154138  -9.513  -88.586  1.575 0.6000000238
154173  12.393  -87.182  3.453 0.6000000238
154186  -5.282  -69.814  12.056 0.6999999881
154220  3.180  -63.910  32.007 0.6999999881
154327  -9.400  -84.437  31.326 0.6999999881
154371  -9.980  -71.336  14.346 0.5000000000
154381  3.401  -79.882  2.173 0.6000000238
154437  -6.048  -82.471  30.175 0.6000000238
154465  -8.883  -66.863  16.292 0.6999999881
154515  -9.074  -66.974  19.482 0.6999999881
154599  -4.291  -85.020  -3.139 0.6000000238
154757  -6.354  -77.445  30.987 0.8000000119
154812  -9.301  -89.902  36.126 0.8999999762
154972  -11.525  -76.362  2.812 0.6000000238
154998  -0.314  -57.312  19.311 0.6000000238
155005  -10.451  -84.331  35.413 0.8999999762
155038  3.398  -94.729  9.874 0.6999999881
155059  -8.484  -66.751  11.795 0.6999999881
155282  0.126  -69.079  31.927 0.5000000000
155346  -6.665  -60.710  25.557 0.5000000000
155540  -1.041  -93.341  25.520 0.8999999762
155541  0.421  -61.859  32.381 0.6999999881
155543  -6.109  -61.278  20.452 0.5000000000
155681  8.892  -61.079  19.704 0.6999999881
155688  -9.381  -70.697  8.253 0.6000000238
155738  2.333  -62.246  27.561 0.6999999881
155743  0.354  -88.564  17.854 0.8000000119
155760  -9.221  -76.438  1.330 0.6000000238
155811  -8.642  -70.545  32.182 0.8000000119
155887  7.653  -94.575  11.384 0.5000000000
155909  -0.053  -59.728  27.824 0.4000000060
155943  15.193  -45.056  21.864 0.3000000119
156045  17.096  -86.190  2.396 0.3000000119
156054  1.612  -84.039  -1.543 0.6000000238
156079  8.218  -80.829  8.181 0.5000000000
156152  -6.956  -89.638  0.996 0.6000000238
156207  -5.679  -83.544  29.451 0.6000000238
156233  -10.264  -76.149  -0.559 0.6000000238
156266  -3.862  -73.185  35.408 0.5000000000
156274  -1.314  -62.047  34.597 0.8000000119
156313  -9.040  -68.956  15.451 0.6000000238
156314  15.495  -47.217  19.440 0.4000000060
156389  -3.997  -83.886  32.864 0.5000000000
156448  18.117  -52.205  30.907 0.4000000060
156481  -0.521  -67.064  14.744 0.5000000000
156546  4.608  -89.937  24.565 0.4000000060
156575  -3.922  -62.390  20.425 0.5000000000
156619  12.030  -46.395  20.339 0.4000000060
156767  0.447  -90.994  33.742 0.6999999881
156786  -9.844  -82.157  35.682 0.8999999762
156832  -6.766  -75.541  32.088 0.8999999762
156882  -4.604  -65.315  30.675 0.6000000238
156917  -6.860  -63.064  32.506 0.5000000000
156920  -3.700  -71.093  11.663 0.6999999881
156922  -3.438  -81.591  34.125 0.3000000119
156990  0.411  -63.351  34.046 0.8000000119
157101  14.696  -59.449  21.249 0.4000000060
157102  -3.297  -71.460  11.428 0.6000000238
157111  -8.401  -66.068  21.232 0.6999999881
157189  -8.391  -69.565  29.766 0.8999999762
157350  -2.514  -93.539  28.575 0.8999999762
157410  -9.333  -91.726  31.993 0.8999999762
157431  5.641  -94.961  10.406 0.8000000119
157501  8.788  -91.071  19.101 0.5000000000
157530  -4.095  -62.531  29.809 0.8999999762
157618  -6.016  -67.015  15.766 0.8000000119
157754  1.579  -92.364  12.175 0.8000000119
157768  -2.549  -84.387  1.665 0.6999999881
157788  0.688  -84.740  30.041 0.4000000060
157791  -4.121  -60.965  23.888 0.5000000000
157826  0.480  -85.311  -3.771 0.6000000238
157970  0.734  -95.266  13.856 0.8999999762
158045  -4.180  -87.391  -0.959 0.6000000238
158113  -10.166  -75.044  -0.279 0.6000000238
158139  17.641  -86.949  9.534 0.5000000000
158220  6.627  -62.966  26.914 0.8000000119
158424  -9.916  -72.499  6.156 0.6999999881
158441  0.221  -69.290  32.975 0.4000000060
158458  8.747  -90.775  17.191 0.4000000060
158621  -4.670  -86.018  39.898 0.3000000119
158630  -6.015  -91.445  32.727 0.8999999762
158691  -4.705  -79.978  37.350 0.3000000119
158707  1.374  -86.887  27.885 0.4000000060
158768  -11.202  -82.642  -0.672 0.6000000238
158860  -3.606  -82.217  34.709 0.4000000060
158933  25.561  -48.393  22.853 0.4000000060
158984  -0.775  -92.704  14.330 0.8999999762
159041  -1.116  -95.558  10.956 0.6000000238
159062  -3.631  -59.729  31.029 0.4000000060
159074  14.987  -88.557  4.795 0.5000000000
159127  2.400  -89.481  30.438 0.5000000000
159201  4.365  -48.243  18.978 0.5000000000
159225  20.052  -49.194  20.582 0.4000000060
159227  3.777  -91.526  26.719 0.5000000000
159261  12.398  -43.988  21.363 0.4000000060
159326  0.104  -91.890  20.410 0.8000000119
159366  0.105  -89.407  39.127 0.4000000060
159370  15.591  -85.846  3.081 0.4000000060
159426  -2.285  -89.761  21.416 0.6999999881
159460  6.245  -90.316  13.063 0.4000000060
159483  -11.222  -76.170  7.404 0.6000000238
159502  -9.637  -93.050  30.722 0.8999999762
159571  6.957  -92.836  16.117 0.6000000238
159641  -4.767  -82.971  -4.079 0.6999999881
159643  6.460  -91.585  15.877 0.6000000238
159669  -3.424  -84.613  36.935 0.4000000060
159695  -11.301  -77.662  1.025 0.6000000238
159772  -9.480  -71.452  5.615 0.6999999881
159833  -5.197  -64.051  16.997 0.5000000000
159838  -9.252  -69.257  9.739 0.8000000119
159847  13.521  -59.303  28.577 0.4000000060
159993  -10.717  -74.792  2.569 0.6000000238
159999  6.114  -94.496  11.337 0.6999999881
160068  3.718  -87.564  25.732 0.4000000060
160080  0.337  -90.953  29.146 0.8000000119
160141  -1.695  -63.055  34.394 0.8000000119
160274  -7.051  -71.276  4.269 0.6999999881
160309  -5.167  -90.697  26.505 1.0000000000
160342  13.492  -61.867  23.007 0.4000000060
160353  -3.320  -65.911  26.767 0.8000000119
160439  10.602  -63.140  19.506 0.6000000238
160441  -10.336  -90.466  33.725 1.0000000000
160470  -10.222  -85.149  32.817 0.8000000119
160487  -4.588  -65.895  34.037 0.4000000060
160614  4.431  -64.567  31.678 0.6999999881
160690  2.813  -91.753  29.888 0.6000000238
160739  -9.255  -70.094  7.272 0.8000000119
160749  -6.035  -81.297  30.217 0.6000000238
160860  14.364  -88.749  8.918 0.4000000060
160880  -1.950  -89.407  25.692 0.8999999762
160881  -8.384  -68.328  27.722 0.8000000119
160937  -0.896  -54.313  16.361 0.4000000060
161005  -6.017  -57.737  34.747 0.3000000119
161041  -8.858  -80.014  -2.031 0.6999999881
161119  0.554  -93.450  26.101 0.8999999762
161123  -5.049  -72.985  5.812 0.6999999881
161160  3.614  -65.169  32.544 0.6999999881
161271  4.456  -59.366  28.053 0.4000000060
161285  13.439  -85.577  12.307 0.4000000060
161288  -10.313  -73.311  9.334 0.6000000238
161348  -9.611  -88.032  1.486 0.6000000238
161508  -8.842  -92.177  32.533 1.0000000000
161572  9.515  -62.426  23.062 0.6000000238
161604  4.550  -79.046  6.279 0.6000000238
161685  -4.567  -87.441  -0.305 0.5000000000
161703  -4.313  -93.423  30.499 0.8999999762
161818  -1.203  -90.531  16.503 0.8000000119
161842  -0.671  -95.014  12.104 0.6999999881
161844  -0.810  -63.569  20.211 0.6999999881
161893  -4.239  -61.545  24.249 0.6000000238
