#!ascii label  , from subject sub-v1s6x0051363_ses-1 vox2ras=TkReg
2470
44272  20.587  -27.166  82.673 0.5555559993
41209  21.507  -29.640  80.746 0.4444440007
42245  21.048  -29.083  81.358 0.4444440007
42246  20.278  -29.379  81.441 0.5555559993
43358  20.692  -28.438  82.075 0.4444440007
43344  21.198  -27.562  82.395 0.5555559993
43345  20.262  -27.796  82.690 0.5555559993
41221  21.149  -29.951  79.975 0.4444440007
42232  19.936  -28.815  82.329 0.5555559993
43330  19.812  -27.517  83.168 0.4444440007
42231  21.600  -28.321  82.059 0.5555559993
42247  19.737  -29.641  81.966 0.4444440007
43346  19.509  -28.416  83.280 0.5555559993
40189  19.258  -31.061  81.585 0.4444440007
41199  19.359  -30.346  82.176 0.4444440007
40203  19.283  -31.449  80.740 0.2222220004
39196  19.066  -32.141  81.591 0.1111110002
39209  19.188  -32.323  80.639 0.1111110002
99720  20.380  -27.028  82.701 0.3333329856
44254  19.872  -27.190  83.025 0.4444440007
44271  21.729  -27.155  82.470 0.4444440007
42244  21.971  -29.144  81.529 0.4444440007
43343  22.402  -27.713  82.396 0.4444440007
41208  22.474  -29.899  81.073 0.4444440007
42233  19.371  -29.525  82.729 0.5555559993
41197  23.868  -29.838  82.305 0.4444440007
42229  23.596  -29.088  82.527 0.4444440007
42218  23.408  -28.431  82.495 0.4444440007
43329  23.302  -27.849  82.447 0.4444440007
45143  21.212  -27.000  82.487 0.3333329856
100584  23.385  -30.222  81.504 0.4444440007
42230  22.665  -28.591  82.176 0.4444440007
45142  22.145  -26.957  82.362 0.4444440007
112082  21.481  -26.802  82.119 0.3333329856
45155  20.708  -26.812  82.048 0.3333329856
41220  23.026  -30.579  80.712 0.3333329856
101220  21.238  -26.783  81.338 0.3333329856
45168  20.518  -26.880  80.971 0.3333329856
103290  22.153  -30.221  80.114 0.2222220004
121275  19.080  -31.668  82.101 0.2222220004
117003  24.942  -29.675  83.433 0.4444440007
42216  24.657  -29.198  83.193 0.5555559993
120516  24.132  -28.592  82.697 0.4444440007
40171  25.129  -30.813  83.201 0.3333329856
41184  24.434  -29.567  82.963 0.4444440007
42217  24.073  -29.010  82.802 0.4444440007
44253  24.401  -28.426  82.651 0.4444440007
41196  24.541  -30.348  82.764 0.3333329856
119978  23.801  -28.041  82.446 0.5555559993
40180  24.162  -30.617  81.950 0.3333329856
40200  23.595  -31.125  80.285 0.2222220004
45156  19.929  -26.931  81.471 0.2222220004
41170  25.356  -30.047  83.785 0.4444440007
42202  25.235  -29.468  83.619 0.5555559993
43328  24.935  -28.902  83.334 0.5555559993
40170  25.769  -31.216  83.576 0.3333329856
41183  24.967  -30.140  83.403 0.3333329856
43327  25.065  -28.598  82.989 0.5555559993
44268  23.919  -27.858  82.288 0.5555559993
39194  25.715  -32.268  81.481 0.2222220004
39183  25.194  -31.736  81.992 0.2222220004
40179  24.777  -31.108  82.432 0.2222220004
40187  24.536  -31.309  81.545 0.2222220004
118940  23.815  -27.385  81.765 0.4444440007
45140  23.555  -27.402  82.107 0.5555559993
39195  25.000  -31.896  81.073 0.1111110002
40188  23.877  -30.846  81.086 0.2222220004
39206  25.618  -32.342  80.461 0.1111110002
41169  25.864  -30.324  84.185 0.4444440007
40169  26.447  -31.554  83.911 0.3333329856
40157  26.102  -30.901  84.081 0.3333329856
44267  24.553  -28.223  82.321 0.5555559993
39169  27.553  -32.378  83.979 0.3333329856
39170  26.845  -32.216  83.664 0.3333329856
44281  24.713  -28.052  81.769 0.4444440007
44282  24.104  -27.676  81.963 0.5555559993
38343  27.211  -32.968  82.391 0.1111110002
39181  26.623  -32.528  82.906 0.2222220004
39182  25.907  -32.122  82.439 0.2222220004
40178  25.452  -31.505  82.865 0.3333329856
43357  25.503  -28.485  81.354 0.3333329856
44292  24.831  -27.970  81.001 0.3333329856
115764  24.241  -27.599  81.442 0.3333329856
39193  26.462  -32.646  81.930 0.1111110002
38356  27.161  -33.120  81.317 0.1111110002
39205  26.266  -32.744  80.947 0.1111110002
119671  26.172  -32.665  80.278 0.1111110002
39219  25.310  -32.302  79.704 0.1111110002
38381  25.994  -32.662  79.620 0.1111110002
39234  25.356  -32.467  78.970 0.1111110002
39253  24.599  -32.397  77.435 0.1111110002
42201  25.757  -29.795  84.097 0.5555559993
43314  25.623  -29.382  83.851 0.5555559993
115098  25.587  -28.959  83.532 0.6666669846
40156  26.617  -31.240  84.323 0.4444440007
42185  26.211  -30.066  84.581 0.5555559993
42200  26.155  -29.670  84.392 0.5555559993
43342  25.452  -28.540  82.372 0.5555559993
39161  26.988  -31.835  84.179 0.4444440007
40155  27.091  -31.467  84.484 0.5555559993
41155  26.695  -30.370  84.812 0.4444440007
43341  26.421  -29.032  82.782 0.6666669846
39158  28.566  -32.396  83.982 0.4444440007
38329  28.176  -32.881  83.394 0.4444440007
39159  27.881  -31.770  84.383 0.4444440007
39180  29.817  -33.147  83.020 0.3333329856
38328  28.955  -32.992  83.258 0.3333329856
38342  27.959  -33.157  82.707 0.2222220004
38340  29.357  -33.404  82.726 0.3333329856
37491  29.358  -33.746  82.090 0.3333329856
119266  27.763  -33.335  82.014 0.2222220004
38368  26.735  -33.024  80.184 0.1111110002
38390  25.984  -32.916  78.675 0.1111110002
39252  25.373  -32.670  78.081 0.1111110002
42184  27.059  -29.878  84.864 0.6666669846
120192  26.540  -29.851  84.754 0.6666669846
105483  26.680  -29.664  84.521 0.6666669846
43313  26.162  -29.426  84.056 0.6666669846
43326  26.316  -29.121  83.561 0.6666669846
40154  27.598  -31.071  84.677 0.5555559993
41153  27.975  -30.562  84.720 0.5555559993
39168  29.305  -32.498  83.519 0.3333329856
43312  26.915  -29.471  84.073 0.6666669846
43325  27.180  -29.447  83.313 0.7777780294
111801  28.391  -31.061  84.648 0.5555559993
41167  28.648  -30.283  84.549 0.5555559993
42199  27.417  -29.665  84.464 0.6666669846
40168  29.363  -31.647  83.972 0.4444440007
40153  29.132  -30.939  84.478 0.5555559993
42197  29.078  -29.768  84.234 0.5555559993
42228  28.130  -29.754  82.873 0.6666669846
39179  30.519  -32.722  82.772 0.3333329856
39167  30.021  -32.206  83.331 0.3333329856
41181  29.620  -30.719  83.976 0.4444440007
41166  29.306  -30.240  84.258 0.6666669846
39178  31.274  -32.753  82.248 0.4444440007
40177  30.851  -31.794  82.819 0.4444440007
40167  30.216  -31.240  83.526 0.4444440007
42198  28.426  -29.673  84.245 0.6666669846
42215  27.925  -29.477  83.998 0.7777780294
41165  29.738  -30.036  83.811 0.6666669846
42227  28.939  -29.622  82.335 0.6666669846
40166  30.890  -30.859  83.182 0.4444440007
41180  30.403  -30.263  83.557 0.4444440007
40176  31.767  -31.913  82.142 0.5555559993
40175  32.115  -31.133  81.998 0.5555559993
42214  28.881  -29.344  83.977 0.6666669846
42213  28.901  -29.502  83.423 0.7777780294
42212  30.171  -29.515  83.682 0.6666669846
43311  29.319  -29.290  83.745 0.6666669846
43324  29.621  -28.856  83.603 0.6666669846
42211  30.939  -29.528  83.429 0.5555559993
105107  31.408  -30.990  82.652 0.5555559993
41195  31.642  -30.265  82.544 0.5555559993
41179  31.195  -30.159  83.147 0.5555559993
41194  32.131  -30.438  81.808 0.5555559993
44251  30.312  -28.212  83.628 0.6666669846
45138  29.833  -27.014  83.195 0.6666669846
43322  31.128  -28.399  83.416 0.6666669846
44252  29.917  -27.990  83.539 0.6666669846
44265  29.785  -27.888  83.267 0.6666669846
106511  31.269  -29.023  83.335 0.5555559993
43323  30.642  -28.923  83.591 0.5555559993
111607  29.703  -27.812  82.627 0.5555559993
42225  31.398  -29.478  83.090 0.5555559993
42224  31.814  -29.616  82.425 0.5555559993
41207  32.313  -30.550  80.894 0.5555559993
42240  32.134  -29.792  81.535 0.5555559993
43353  32.130  -29.069  81.182 0.5555559993
101366  30.137  -27.262  83.496 0.7777780294
44250  30.868  -27.416  83.458 0.6666669846
44266  29.589  -26.938  82.358 0.6666669846
44264  31.582  -27.838  82.907 0.6666669846
107092  32.070  -29.112  82.232 0.5555559993
43339  31.592  -28.834  82.927 0.6666669846
43338  32.041  -28.427  82.269 0.6666669846
112143  32.461  -29.386  79.973 0.5555559993
45131  30.015  -26.448  83.244 0.7777780294
45132  29.756  -26.090  82.981 0.7777780294
46053  29.520  -25.522  82.571 0.6666669846
45130  30.459  -26.640  83.365 0.6666669846
45139  29.532  -26.108  82.600 0.6666669846
109155  31.363  -27.007  83.084 0.6666669846
106617  32.406  -27.028  79.451 0.6666669846
110001  32.115  -28.036  81.328 0.5555559993
120342  32.036  -27.676  82.176 0.6666669846
44303  32.547  -27.930  79.276 0.6666669846
43365  32.241  -28.538  80.137 0.6666669846
46052  29.910  -25.679  82.864 0.6666669846
46892  29.191  -24.862  82.203 0.6666669846
107148  30.781  -26.050  83.162 0.7777780294
46070  33.389  -24.977  79.980 0.7777780294
45150  31.501  -25.337  81.974 0.7777780294
45137  31.342  -26.207  82.744 0.7777780294
46071  32.702  -25.467  80.003 0.7777780294
45162  32.207  -26.356  80.374 0.6666669846
45149  31.781  -26.182  81.675 0.6666669846
44263  31.717  -27.011  82.415 0.6666669846
44289  32.156  -27.472  80.249 0.6666669846
44279  32.048  -27.089  81.422 0.6666669846
46881  29.598  -25.083  82.480 0.6666669846
47775  30.547  -23.851  82.364 0.8888890147
47776  29.953  -23.812  82.374 0.8888890147
46880  30.078  -24.743  82.535 0.8888890147
46906  28.871  -24.428  81.634 0.6666669846
46878  31.056  -24.437  82.328 0.8888890147
46051  30.480  -25.482  82.836 0.8888890147
46920  33.864  -24.436  80.593 0.7777780294
103941  33.287  -23.989  81.115 0.7777780294
46905  31.737  -24.651  81.577 0.8888890147
100545  31.309  -24.692  82.107 0.8888890147
46050  31.031  -25.255  82.717 0.7777780294
46069  34.255  -24.895  79.775 0.7777780294
46062  32.051  -25.191  80.941 0.7777780294
46080  34.701  -25.592  79.091 0.6666669846
48778  29.955  -22.983  82.303 0.7777780294
109671  29.444  -23.100  81.997 0.6666669846
48777  30.690  -22.584  82.405 0.8888890147
47789  29.489  -23.687  82.124 0.6666669846
48793  32.801  -22.386  82.262 0.8888890147
48794  31.831  -22.654  82.322 0.8888890147
107136  31.008  -22.997  82.461 0.8888890147
111446  30.406  -23.233  82.406 0.8888890147
46902  35.116  -23.440  81.116 0.7777780294
46903  34.310  -23.810  81.146 0.8888890147
47804  32.778  -23.524  81.639 0.8888890147
46890  31.733  -23.972  81.818 0.8888890147
47774  31.243  -23.616  82.225 0.8888890147
46919  34.968  -24.212  80.543 0.7777780294
46921  32.850  -24.667  80.559 0.7777780294
46904  32.346  -24.285  81.218 0.8888890147
46918  35.681  -23.663  80.642 0.7777780294
109923  35.756  -24.253  80.121 0.6666669846
46068  35.317  -24.839  79.654 0.6666669846
46079  35.799  -25.489  78.957 0.6666669846
49677  30.228  -21.940  81.926 0.7777780294
48776  31.431  -22.248  82.421 0.8888890147
49676  30.823  -21.717  82.102 0.7777780294
47786  34.343  -22.578  81.776 0.8888890147
47787  33.352  -22.801  81.926 0.8888890147
48774  33.131  -21.698  82.385 0.8888890147
50648  31.930  -21.016  82.142 0.8888890147
50649  31.272  -21.312  81.867 0.7777780294
47801  35.617  -23.062  81.086 0.8888890147
50647  32.623  -20.932  82.327 0.8888890147
46917  36.294  -23.912  80.041 0.7777780294
46936  36.176  -24.727  79.465 0.6666669846
50673  31.092  -21.207  81.212 0.6666669846
48806  35.534  -22.379  81.429 0.8888890147
47802  35.071  -22.807  81.473 0.8888890147
48807  34.920  -22.303  81.739 0.8888890147
48791  34.535  -21.995  82.006 0.8888890147
50671  33.272  -20.754  80.814 0.8888890147
50661  32.561  -20.724  81.717 0.7777780294
50681  32.059  -21.251  80.052 0.6666669846
47816  36.031  -23.318  80.641 0.8888890147
49672  34.757  -21.463  82.028 0.8888890147
49673  34.024  -21.550  82.231 0.8888890147
47815  36.468  -23.209  80.251 0.8888890147
47830  36.782  -23.892  79.683 0.7777780294
49687  35.731  -21.749  81.550 0.8888890147
50680  33.081  -21.160  79.822 0.5555559993
103627  34.340  -20.976  82.068 0.8888890147
51628  34.473  -20.554  81.735 0.8888890147
107007  33.949  -20.773  80.119 0.7777780294
50679  34.031  -21.079  79.252 0.5555559993
49696  36.590  -21.592  80.751 0.8888890147
48812  36.429  -22.361  80.581 0.8888890147
115358  36.733  -22.646  80.060 0.8888890147
49671  35.369  -21.407  81.799 0.7777780294
50646  35.114  -20.967  81.893 0.8888890147
51669  35.198  -19.873  78.003 0.5555559993
50697  34.677  -20.667  77.705 0.4444440007
49686  36.301  -21.325  81.314 0.8888890147
51627  35.013  -20.465  81.618 0.8888890147
51646  34.838  -20.038  80.852 0.8888890147
50689  34.714  -20.571  78.661 0.7777780294
48805  36.110  -22.041  81.163 0.8888890147
51651  35.198  -19.896  80.044 0.7777780294
50706  34.581  -20.663  76.737 0.2222220004
99680  36.826  -21.864  80.196 0.8888890147
47843  37.369  -23.067  79.135 0.6666669846
107542  37.432  -23.871  78.763 0.6666669846
48817  37.149  -22.325  79.623 0.7777780294
50659  36.513  -20.439  81.286 0.8888890147
51625  36.059  -20.527  81.541 0.7777780294
51638  35.549  -19.728  81.279 0.7777780294
51685  34.958  -19.856  77.068 0.3333329856
51700  34.891  -19.892  76.109 0.2222220004
49685  36.841  -20.791  80.816 0.8888890147
51637  36.152  -19.765  81.381 0.7777780294
115289  35.671  -19.319  80.974 0.7777780294
52621  35.881  -19.275  79.696 0.6666669846
51658  35.292  -19.734  79.021 0.7777780294
50677  37.451  -20.627  79.884 0.8888890147
121104  37.575  -21.467  79.143 0.7777780294
49725  37.707  -22.222  77.788 0.6666669846
49715  37.918  -21.193  78.258 0.7777780294
49724  37.932  -21.251  77.346 0.6666669846
52645  35.606  -19.259  77.359 0.2222220004
52654  35.438  -19.236  76.458 0.2222220004
103702  37.059  -19.124  81.014 0.8888890147
52594  36.124  -19.010  81.012 0.7777780294
52595  36.148  -18.952  80.488 0.7777780294
52620  36.365  -18.576  79.394 0.7777780294
106574  35.876  -19.292  78.262 0.6666669846
52664  35.269  -19.203  75.520 0.1111110002
50668  37.412  -20.206  80.261 0.8888890147
52603  37.342  -18.596  80.413 0.8888890147
53560  37.163  -18.281  80.131 0.8888890147
116789  36.470  -18.441  79.752 0.7777780294
50676  37.769  -20.010  79.646 0.8888890147
113197  37.999  -20.458  78.873 0.7777780294
119044  38.348  -20.333  78.243 0.7777780294
49732  37.683  -22.237  76.682 0.5555559993
48849  37.502  -22.687  75.526 0.4444440007
50705  38.430  -20.394  77.038 0.6666669846
49736  37.737  -21.541  75.640 0.4444440007
115343  37.516  -21.835  74.933 0.2222220004
48862  37.293  -22.473  74.532 0.2222220004
49731  37.999  -20.980  76.426 0.4444440007
50735  37.813  -21.064  74.797 0.3333329856
48875  37.098  -22.199  73.701 0.2222220004
49753  37.431  -21.381  73.405 0.2222220004
50769  38.000  -20.706  73.117 0.2222220004
50787  37.514  -20.935  71.638 0.2222220004
49791  37.055  -21.067  70.177 0.2222220004
52644  36.190  -18.657  77.674 0.3333329856
52653  35.931  -18.562  76.804 0.3333329856
52677  35.854  -18.595  74.830 0.2222220004
53647  36.482  -17.859  75.280 0.2222220004
53607  36.800  -18.171  78.087 0.6666669846
52663  35.887  -18.580  75.866 0.2222220004
51650  38.159  -19.398  79.387 0.8888890147
120726  37.791  -18.928  80.062 0.8888890147
115045  37.444  -18.084  79.888 0.8888890147
54596  37.117  -17.806  78.989 0.7777780294
104739  36.628  -18.254  78.922 0.7777780294
51657  38.429  -19.320  78.964 0.8888890147
107465  38.541  -19.659  78.534 0.7777780294
50696  38.793  -19.857  77.640 0.7777780294
50704  39.129  -19.757  76.788 0.6666669846
104781  39.470  -19.817  76.046 0.5555559993
113153  38.644  -20.177  76.198 0.5555559993
50734  38.413  -20.418  74.628 0.3333329856
50750  38.633  -20.347  73.749 0.3333329856
50768  38.969  -20.320  72.782 0.3333329856
103772  37.110  -17.047  74.555 0.4444440007
53636  36.460  -17.951  76.272 0.4444440007
53623  36.510  -18.018  77.147 0.5555559993
52618  38.638  -18.044  78.901 0.8888890147
121247  38.011  -17.166  79.085 0.7777780294
113748  37.752  -17.012  78.360 0.7777780294
54624  37.260  -17.600  77.767 0.6666669846
54610  37.030  -17.971  78.776 0.7777780294
115806  39.285  -17.175  78.139 0.8888890147
53606  38.929  -17.602  78.534 0.8888890147
52619  38.508  -18.742  79.036 0.8888890147
51656  38.813  -18.976  78.485 0.8888890147
53622  39.406  -17.880  78.016 0.8888890147
52643  39.347  -18.589  77.916 0.8888890147
51668  39.151  -19.161  77.852 0.7777780294
53621  39.997  -18.200  77.417 0.8888890147
51667  39.929  -18.862  77.266 0.8888890147
51684  40.043  -19.525  76.531 0.7777780294
50717  39.708  -19.908  75.360 0.4444440007
50733  39.383  -20.085  74.502 0.3333329856
54637  37.000  -17.406  76.674 0.4444440007
54652  37.003  -17.230  75.721 0.4444440007
53590  38.361  -17.406  78.945 0.7777780294
54607  38.127  -16.882  78.527 0.7777780294
121281  37.744  -17.122  78.366 0.7777780294
54623  37.523  -17.006  77.170 0.6666669846
54636  37.443  -16.771  76.213 0.4444440007
54651  37.378  -16.506  75.217 0.5555559993
55643  38.633  -16.380  77.896 0.8888890147
106335  39.877  -17.189  77.509 0.8888890147
50716  41.343  -20.150  75.272 0.6666669846
50731  41.952  -20.805  74.597 0.5555559993
49741  41.715  -21.241  73.933 0.5555559993
49750  42.286  -21.470  73.220 0.5555559993
51699  40.414  -19.810  75.802 0.6666669846
99701  40.438  -20.085  74.961 0.5555559993
116733  41.139  -20.990  73.848 0.4444440007
55680  37.806  -16.261  75.727 0.6666669846
55655  38.278  -16.235  77.324 0.7777780294
55668  37.924  -16.457  76.586 0.6666669846
55656  37.975  -16.589  77.272 0.6666669846
54622  39.236  -16.510  77.853 0.8888890147
53635  40.590  -17.740  76.852 0.8888890147
107467  41.264  -18.203  76.241 0.7777780294
51697  41.595  -19.723  75.470 0.7777780294
50715  42.261  -19.899  75.035 0.7777780294
52661  42.531  -19.176  74.840 0.7777780294
52652  40.579  -18.558  76.735 0.7777780294
51698  40.916  -19.638  76.038 0.7777780294
118265  42.015  -20.361  75.071 0.5555559993
50746  42.804  -21.049  73.758 0.6666669846
49749  42.756  -21.120  73.026 0.5555559993
50782  43.122  -20.515  71.803 0.4444440007
114535  38.247  -16.008  76.120 0.5555559993
55654  38.585  -15.927  77.386 0.6666669846
55667  38.302  -16.048  76.813 0.5555559993
55690  37.643  -15.968  74.732 0.5555559993
55653  39.087  -15.794  77.475 0.8888890147
56655  38.981  -15.327  77.008 0.7777780294
54621  39.769  -16.141  77.255 0.8888890147
54635  40.567  -16.617  76.731 0.8888890147
53634  41.106  -17.356  76.368 0.8888890147
117430  41.528  -18.684  75.828 0.7777780294
111768  41.885  -19.110  75.452 0.7777780294
51713  42.762  -19.966  74.526 0.7777780294
50729  43.146  -20.399  74.060 0.7777780294
51725  43.509  -19.835  73.482 0.6666669846
51737  43.625  -19.873  72.871 0.5555559993
51749  43.679  -19.808  72.160 0.6666669846
56656  38.575  -15.612  76.949 0.5555559993
55666  39.577  -15.431  76.882 0.8888890147
56666  38.953  -15.167  76.467 0.7777780294
119464  40.201  -15.712  76.709 0.8888890147
53646  41.592  -17.414  75.788 0.7777780294
52662  41.850  -18.275  75.536 0.7777780294
106159  42.417  -18.277  74.986 0.7777780294
52676  42.982  -18.529  74.401 0.7777780294
52675  43.493  -18.667  73.803 0.6666669846
51724  44.296  -18.639  72.808 0.6666669846
52684  44.059  -18.190  73.214 0.7777780294
113289  44.562  -17.980  72.610 0.7777780294
111527  44.667  -18.303  71.757 0.8888890147
51761  44.258  -19.037  71.403 0.7777780294
55665  40.184  -15.042  76.397 0.8888890147
54634  40.915  -15.577  76.206 0.8888890147
53645  42.181  -17.396  75.235 0.7777780294
54649  41.866  -16.579  75.473 0.8888890147
53655  42.791  -17.449  74.536 0.7777780294
112920  43.396  -17.889  73.873 0.8888890147
53654  43.281  -17.079  73.935 0.8888890147
53666  43.823  -17.292  73.349 0.7777780294
54658  42.890  -16.448  74.254 0.8888890147
55678  40.711  -14.788  75.911 0.8888890147
55677  41.399  -15.038  75.426 0.8888890147
55676  42.061  -15.740  75.174 0.8888890147
54659  42.419  -16.487  74.933 0.8888890147
111861  42.903  -15.782  73.897 0.7777780294
54666  43.441  -16.381  73.532 0.7777780294
100149  40.838  -14.391  75.320 0.6666669846
115505  41.489  -14.512  74.804 0.7777780294
56677  41.941  -14.996  74.697 0.8888890147
118988  42.252  -14.752  74.168 0.6666669846
55689  42.465  -15.578  74.444 0.8888890147
55688  42.601  -15.107  73.796 0.6666669846
44255  19.363  -27.531  83.519 0.4444440007
107951  19.983  -26.913  82.420 0.2222220004
102509  21.019  -26.921  80.407 0.2222220004
115004  19.191  -29.538  83.773 0.5555559993
45157  19.367  -27.105  81.925 0.2222220004
41210  19.694  -30.085  81.354 0.4444440007
45144  19.913  -27.003  82.927 0.3333329856
45133  19.503  -27.317  83.202 0.4444440007
41198  22.967  -29.446  81.848 0.4444440007
44270  22.682  -27.278  82.434 0.4444440007
41185  19.045  -30.435  83.101 0.5555559993
45154  21.978  -26.777  81.629 0.3333329856
40201  22.912  -30.805  79.978 0.2222220004
40215  22.449  -30.858  79.436 0.2222220004
44269  23.342  -27.527  82.332 0.4444440007
45141  22.983  -27.097  82.321 0.4444440007
40199  24.331  -31.473  80.661 0.2222220004
45153  22.751  -26.837  81.869 0.4444440007
45170  19.224  -27.265  80.936 0.2222220004
41182  25.511  -30.541  83.751 0.3333329856
41168  26.346  -30.639  84.498 0.4444440007
38330  27.380  -32.762  83.255 0.2222220004
39171  26.143  -31.916  83.292 0.2222220004
115290  25.744  -28.749  83.135 0.6666669846
39160  27.316  -31.915  84.243 0.5555559993
40145  27.038  -30.901  84.744 0.5555559993
38341  28.716  -33.300  82.761 0.3333329856
38354  28.453  -33.577  82.105 0.3333329856
103618  26.006  -33.103  77.879 0.1111110002
42183  27.788  -29.992  84.687 0.6666669846
113934  28.713  -31.599  84.369 0.5555559993
42196  29.491  -29.604  83.885 0.6666669846
44242  29.839  -28.661  83.654 0.6666669846
43310  29.961  -29.129  83.776 0.6666669846
45129  31.015  -26.636  83.321 0.7777780294
116693  30.282  -26.090  83.163 0.7777780294
46058  29.162  -25.480  82.137 0.6666669846
46879  30.728  -24.627  82.487 0.8888890147
48775  32.247  -21.927  82.421 0.8888890147
47788  32.292  -23.115  82.073 0.8888890147
113188  34.587  -23.170  81.462 0.8888890147
47803  33.806  -23.301  81.566 0.8888890147
49675  31.523  -21.457  82.202 0.8888890147
48792  33.771  -22.170  82.153 0.8888890147
49657  32.514  -21.289  82.418 0.8888890147
50672  31.788  -20.948  81.001 0.7777780294
49656  33.337  -21.078  82.388 0.8888890147
46935  36.792  -24.536  79.303 0.6666669846
46078  36.653  -25.396  78.757 0.6666669846
49697  31.164  -21.289  80.316 0.6666669846
47800  36.029  -22.756  80.921 0.8888890147
48790  35.143  -21.894  81.807 0.7777780294
50660  33.570  -20.686  82.086 0.8888890147
115115  32.540  -20.923  80.680 0.7777780294
50670  33.996  -20.395  80.900 0.8888890147
50669  34.566  -20.372  80.328 0.7777780294
50678  34.673  -20.483  79.579 0.7777780294
47829  37.044  -23.402  79.599 0.7777780294
46934  37.173  -24.298  79.173 0.7777780294
46077  37.073  -24.983  78.715 0.6666669846
116875  35.058  -19.966  81.227 0.8888890147
49695  37.090  -21.087  80.292 0.8888890147
49706  37.287  -21.307  79.820 0.8888890147
48824  37.449  -22.419  78.998 0.7777780294
120870  37.545  -23.019  78.410 0.6666669846
117943  36.707  -19.637  81.206 0.8888890147
52605  35.639  -19.400  80.596 0.7777780294
52604  36.121  -18.938  79.875 0.7777780294
52633  35.989  -19.126  78.992 0.6666669846
49705  37.666  -20.558  79.479 0.7777780294
113191  37.590  -22.074  78.518 0.7777780294
120732  38.299  -20.597  77.731 0.6666669846
52593  36.879  -18.778  80.887 0.8888890147
51645  37.494  -19.362  80.485 0.8888890147
53561  36.504  -18.590  80.347 0.7777780294
52632  36.340  -18.652  78.573 0.4444440007
50667  37.828  -19.486  79.859 0.8888890147
54595  37.196  -17.689  79.111 0.7777780294
53592  36.658  -18.210  79.370 0.7777780294
50688  38.087  -19.853  79.201 0.8888890147
49742  37.488  -21.594  74.214 0.2222220004
47918  36.909  -23.133  74.023 0.2222220004
50719  38.207  -20.620  75.489 0.4444440007
50751  37.887  -20.845  73.986 0.2222220004
48886  36.894  -21.940  72.861 0.2222220004
111740  37.424  -21.188  72.544 0.2222220004
111599  38.238  -20.591  72.170 0.2222220004
49779  36.943  -21.335  71.063 0.2222220004
50803  37.642  -20.702  70.721 0.2222220004
49792  36.487  -21.778  70.454 0.2222220004
52602  38.160  -18.863  79.608 0.8888890147
53591  37.859  -17.633  79.445 0.7777780294
53573  37.288  -17.839  79.499 0.7777780294
54608  37.528  -17.387  78.756 0.7777780294
104655  39.554  -19.326  77.195 0.7777780294
50718  38.902  -20.037  75.352 0.4444440007
50749  39.666  -20.293  73.481 0.3333329856
121173  37.069  -17.640  77.402 0.5555559993
109517  38.299  -18.135  79.360 0.7777780294
54606  38.773  -16.888  78.409 0.8888890147
55645  37.929  -16.771  77.837 0.7777780294
52631  38.939  -18.338  78.484 0.8888890147
114960  40.084  -19.177  76.957 0.7777780294
109514  40.416  -20.391  74.105 0.4444440007
55644  38.184  -16.543  77.840 0.7777780294
51683  40.483  -19.134  76.598 0.8888890147
50732  41.233  -20.617  74.511 0.5555559993
50747  42.248  -21.257  73.901 0.6666669846
49751  41.857  -21.590  73.254 0.4444440007
50748  40.649  -20.745  73.286 0.3333329856
51682  41.218  -19.052  76.103 0.7777780294
50730  42.514  -20.629  74.469 0.7777780294
50745  43.226  -20.569  73.384 0.6666669846
49763  42.614  -21.105  72.231 0.4444440007
50765  43.215  -20.565  72.657 0.5555559993
54650  41.317  -16.575  76.063 0.7777780294
51712  43.231  -19.459  74.132 0.7777780294
113201  43.803  -19.068  73.409 0.6666669846
117259  43.941  -19.322  72.991 0.6666669846
51748  44.235  -19.019  72.372 0.7777780294
53665  44.482  -17.463  72.711 0.7777780294
52693  44.646  -18.107  72.232 0.7777780294
53673  44.832  -17.475  72.134 0.8888890147
54672  44.784  -16.865  72.244 0.8888890147
52704  45.116  -17.560  71.567 0.8888890147
107269  41.565  -15.875  75.698 0.8888890147
54665  44.152  -16.693  72.850 0.8888890147
43331  19.339  -27.926  84.015 0.4444440007
41171  19.127  -30.623  84.254 0.4444440007
45145  19.475  -27.099  82.739 0.2222220004
33780  2.726  -38.515  88.027 0.1111110002
33773  2.584  -38.022  88.315 0.1111110002
110966  3.727  -38.972  88.046 0.1111110002
33012  4.621  -39.034  88.214 0.1111110002
33779  3.458  -38.626  88.261 0.1111110002
34732  2.298  -37.673  88.076 0.1111110002
33033  5.955  -38.595  85.638 0.1111110002
43340  27.332  -29.640  82.243 0.5555559993
33765  9.222  -38.835  89.775 0.1111110002
33019  5.415  -39.180  87.958 0.1111110002
33002  4.319  -38.695  88.464 0.1111110002
33024  5.990  -38.865  86.528 0.1111110002
33025  5.332  -39.114  87.022 0.1111110002
33020  4.618  -39.200  87.477 0.1111110002
34730  3.673  -37.519  88.906 0.1111110002
119580  6.559  -38.518  86.166 0.1111110002
100154  7.238  -37.862  84.783 0.1111110002
33804  6.821  -38.207  85.517 0.1111110002
33034  5.238  -39.022  86.072 0.1111110002
33814  7.760  -37.658  84.008 0.1111110002
43356  26.402  -29.154  81.737 0.5555559993
118868  9.313  -36.794  90.492 0.2222220004
113688  8.959  -37.854  90.385 0.1111110002
102273  6.000  -39.155  88.516 0.1111110002
33011  5.436  -39.047  88.618 0.1111110002
33770  4.825  -38.377  89.103 0.1111110002
33761  4.411  -37.691  89.306 0.1111110002
99621  6.038  -39.067  87.424 0.1111110002
33771  3.978  -38.180  88.703 0.1111110002
35663  9.868  -36.570  90.431 0.3333329856
33796  6.770  -38.601  86.992 0.1111110002
114663  3.554  -36.604  88.805 0.1111110002
34727  3.580  -37.011  88.977 0.1111110002
33813  8.193  -37.482  84.851 0.1111110002
100996  7.265  -38.252  86.233 0.1111110002
34760  8.837  -37.298  84.022 0.1111110002
43355  27.469  -29.689  81.059 0.5555559993
43368  26.308  -29.061  80.591 0.4444440007
43369  25.431  -28.391  80.566 0.3333329856
44306  24.952  -27.940  80.172 0.2222220004
103444  24.313  -27.538  79.810 0.2222220004
35664  8.767  -37.063  90.516 0.2222220004
33756  8.665  -38.453  90.204 0.1111110002
32997  8.626  -39.067  89.377 0.1111110002
32999  6.905  -39.027  89.448 0.1111110002
33000  6.018  -39.007  89.192 0.1111110002
34726  4.090  -36.982  89.423 0.1111110002
36578  9.100  -36.129  90.562 0.3333329856
33009  7.271  -39.023  88.841 0.1111110002
100774  6.702  -39.008  88.060 0.1111110002
35668  3.970  -36.507  89.284 0.1111110002
36577  9.705  -35.720  90.505 0.3333329856
36571  9.214  -35.204  90.591 0.3333329856
33018  7.616  -38.757  88.169 0.1111110002
33787  7.321  -38.610  87.550 0.1111110002
33795  7.633  -38.218  86.985 0.1111110002
37412  9.337  -34.388  90.573 0.3333329856
33786  9.419  -38.196  87.920 0.1111110002
33017  8.440  -38.485  88.073 0.1111110002
33794  8.599  -38.009  87.176 0.1111110002
33793  9.538  -37.511  85.814 0.1111110002
33802  8.601  -37.635  85.634 0.1111110002
34748  10.183  -37.342  85.140 0.1111110002
34749  9.196  -37.294  84.979 0.1111110002
34759  9.891  -37.209  84.320 0.1111110002
42174  15.829  -29.936  85.869 0.2222220004
116257  25.685  -28.628  79.738 0.2222220004
106434  15.552  -30.416  84.755 0.2222220004
43383  24.917  -28.097  79.300 0.2222220004
44324  24.084  -27.742  78.820 0.1111110002
44325  23.279  -27.407  78.777 0.1111110002
33758  7.014  -38.469  90.257 0.1111110002
33759  6.069  -38.231  90.251 0.1111110002
119657  5.548  -36.999  90.455 0.1111110002
115208  8.623  -35.472  90.613 0.3333329856
35657  8.265  -36.165  90.577 0.3333329856
33767  7.374  -38.881  89.970 0.1111110002
33768  6.506  -38.817  89.884 0.1111110002
33760  5.122  -38.045  89.891 0.1111110002
34725  4.613  -37.241  90.071 0.1111110002
35667  4.348  -36.338  90.071 0.1111110002
37409  8.994  -34.116  90.640 0.3333329856
109537  8.925  -37.763  86.335 0.1111110002
42175  15.115  -30.072  86.473 0.2222220004
42176  14.325  -30.400  86.744 0.2222220004
42242  29.024  -29.654  81.355 0.6666669846
42190  14.385  -30.573  85.943 0.2222220004
42189  15.204  -30.385  85.436 0.2222220004
42226  29.534  -28.856  82.820 0.6666669846
106982  15.040  -30.674  84.714 0.2222220004
42204  16.023  -30.190  84.324 0.2222220004
109442  15.939  -30.370  83.467 0.2222220004
119393  15.642  -30.599  82.960 0.1111110002
102747  23.369  -27.778  77.979 0.1111110002
105690  7.867  -37.066  90.534 0.2222220004
35658  7.266  -36.049  90.583 0.2222220004
35659  6.508  -36.683  90.552 0.1111110002
35660  5.723  -36.442  90.536 0.1111110002
36574  5.303  -35.222  90.459 0.1111110002
34723  7.481  -37.912  90.487 0.1111110002
119986  6.631  -37.276  90.514 0.1111110002
35666  5.045  -36.730  90.401 0.1111110002
37413  8.635  -34.705  90.650 0.3333329856
112842  9.039  -33.883  90.608 0.3333329856
104172  9.224  -33.472  90.661 0.3333329856
39095  8.614  -33.249  90.552 0.3333329856
39117  8.677  -33.326  88.905 0.1111110002
39132  9.104  -33.367  88.000 0.1111110002
43367  27.250  -29.694  80.001 0.4444440007
111931  26.489  -29.300  79.693 0.4444440007
39130  10.143  -33.067  86.965 0.1111110002
42243  28.285  -29.785  81.776 0.5555559993
39143  10.554  -32.803  86.276 0.1111110002
39153  10.598  -32.875  85.535 0.1111110002
41157  14.445  -30.809  85.076 0.2222220004
43354  29.705  -28.432  81.550 0.6666669846
40160  12.449  -31.740  84.844 0.1111110002
41172  14.532  -30.899  84.144 0.2222220004
42205  15.404  -30.640  84.126 0.2222220004
41186  15.130  -30.815  83.303 0.2222220004
100207  21.931  -27.504  78.150 0.1111110002
112229  21.320  -27.719  77.508 0.1111110002
42235  16.062  -30.383  81.873 0.1111110002
44342  20.675  -27.900  76.865 0.1111110002
112618  20.181  -27.737  77.521 0.1111110002
44343  19.364  -27.878  77.079 0.1111110002
44344  18.660  -27.960  77.416 0.1111110002
42249  16.170  -30.448  81.068 0.1111110002
44356  18.807  -28.047  76.567 0.1111110002
42258  16.705  -29.972  80.652 0.1111110002
117418  6.724  -35.287  90.624 0.2222220004
36573  6.059  -35.087  90.631 0.1111110002
36569  7.312  -34.979  90.647 0.2222220004
37415  6.803  -34.185  90.614 0.2222220004
37416  6.195  -34.470  90.544 0.1111110002
38266  7.104  -33.842  90.543 0.1111110002
38275  6.876  -33.661  89.918 0.1111110002
39106  7.662  -33.279  89.918 0.1111110002
38279  8.008  -33.653  88.852 0.1111110002
115537  9.558  -33.488  87.374 0.1111110002
38290  8.277  -33.773  88.064 0.1111110002
43398  24.829  -28.414  78.431 0.2222220004
118370  24.170  -28.238  78.027 0.1111110002
40141  11.007  -32.240  85.941 0.1111110002
44341  22.398  -27.719  77.646 0.1111110002
119280  20.688  -27.551  78.151 0.1111110002
40149  11.794  -31.866  85.492 0.1111110002
44328  19.293  -27.712  77.941 0.1111110002
44329  18.572  -27.881  78.318 0.1111110002
44345  18.042  -28.407  77.807 0.1111110002
44330  18.059  -28.269  78.753 0.1111110002
41187  13.730  -31.277  83.817 0.1111110002
41188  13.061  -31.492  84.327 0.1111110002
43399  17.667  -28.929  78.552 0.1111110002
113606  14.337  -31.129  83.362 0.1111110002
43413  17.576  -29.237  77.812 0.1111110002
43428  17.808  -28.909  77.041 0.1111110002
43400  17.326  -29.418  79.292 0.1111110002
111553  16.757  -30.197  79.799 0.1111110002
38270  6.540  -33.859  90.266 0.1111110002
38267  6.338  -34.143  90.476 0.1111110002
37421  5.740  -34.471  90.357 0.1111110002
38274  7.478  -33.720  89.317 0.1111110002
38271  5.839  -34.219  90.226 0.1111110002
105923  8.874  -33.903  87.290 0.1111110002
39144  9.528  -33.737  86.725 0.1111110002
114825  29.386  -29.324  81.783 0.4444440007
43382  25.523  -28.718  78.830 0.2222220004
40150  11.167  -32.491  85.075 0.1111110002
43366  29.692  -28.793  80.511 0.4444440007
117650  12.517  -31.503  85.492 0.1111110002
42281  17.249  -29.687  78.461 0.1111110002
41200  15.409  -30.794  82.404 0.1111110002
44357  18.305  -28.374  76.818 0.1111110002
43385  17.185  -29.425  80.192 0.1111110002
100233  6.043  -33.976  89.859 0.1111110002
38280  6.686  -34.134  89.065 0.1111110002
109372  28.497  -29.798  80.963 0.5555559993
43381  26.245  -29.170  79.003 0.2222220004
42269  27.112  -29.595  79.112 0.3333329856
100535  12.358  -31.862  83.985 0.1111110002
40161  11.732  -32.128  84.504 0.1111110002
44291  29.558  -27.110  80.134 0.4444440007
44290  29.761  -28.002  80.445 0.3333329856
42256  28.242  -29.783  80.224 0.4444440007
42268  28.043  -29.774  79.329 0.4444440007
43396  26.048  -29.178  78.390 0.2222220004
43397  25.550  -28.974  78.017 0.2222220004
40172  13.042  -31.719  83.513 0.1111110002
42278  27.862  -29.658  78.440 0.4444440007
42279  26.866  -29.542  78.216 0.3333329856
43411  24.801  -28.908  77.509 0.1111110002
41174  13.065  -31.309  85.119 0.1111110002
42277  28.716  -29.517  78.707 0.4444440007
42289  27.720  -29.572  77.541 0.2222220004
42290  26.848  -29.644  77.253 0.2222220004
43410  25.872  -29.522  77.120 0.2222220004
43424  24.361  -29.200  76.664 0.1111110002
41202  13.756  -31.582  82.900 0.1111110002
42288  28.572  -29.371  77.861 0.3333329856
42300  26.644  -29.632  76.412 0.2222220004
41201  14.604  -31.181  82.646 0.1111110002
43423  25.146  -29.474  76.697 0.1111110002
43440  23.205  -29.183  75.684 0.1111110002
102739  17.738  -28.704  79.187 0.1111110002
43422  27.191  -29.319  75.912 0.1111110002
42301  25.787  -29.705  76.170 0.1111110002
42302  24.936  -29.659  75.992 0.1111110002
43439  24.071  -29.476  75.855 0.1111110002
108153  14.867  -31.201  81.942 0.1111110002
43437  26.796  -28.967  75.240 0.1111110002
42312  25.533  -29.669  75.415 0.1111110002
42313  24.693  -29.718  75.211 0.1111110002
42314  23.820  -29.586  75.021 0.1111110002
43451  26.408  -28.535  74.589 0.1111110002
43438  26.034  -29.365  74.945 0.1111110002
45228  26.544  -27.423  74.508 0.1111110002
44378  25.961  -27.998  74.028 0.1111110002
44389  25.565  -27.460  73.427 0.1111110002
106599  7.491  -33.958  88.497 0.1111110002
118573  8.243  -34.103  87.452 0.1111110002
38292  6.940  -34.260  88.154 0.1111110002
42241  29.446  -29.306  80.927 0.5555559993
44340  22.962  -28.189  77.096 0.1111110002
40182  12.885  -31.966  82.715 0.1111110002
109909  28.598  -25.270  79.511 0.4444440007
43380  29.701  -28.594  79.666 0.4444440007
43412  23.839  -28.521  77.317 0.1111110002
42255  29.041  -29.641  80.499 0.5555559993
42266  29.452  -29.171  79.398 0.3333329856
42267  28.962  -29.563  79.577 0.4444440007
43395  29.213  -29.078  78.277 0.4444440007
43425  23.492  -28.872  76.501 0.1111110002
44322  29.474  -28.359  78.145 0.4444440007
43408  29.013  -28.711  77.522 0.3333329856
43420  28.711  -28.296  76.730 0.2222220004
41211  15.451  -30.938  81.420 0.1111110002
43436  27.525  -28.475  75.556 0.1111110002
44366  27.067  -28.015  74.975 0.1111110002
44365  27.502  -27.613  75.448 0.1111110002
109805  26.025  -26.896  74.018 0.1111110002
45236  25.469  -26.389  73.598 0.1111110002
45237  25.040  -26.926  72.842 0.1111110002
45178  29.056  -26.221  79.633 0.3333329856
44305  29.509  -27.174  79.171 0.4444440007
44352  22.089  -27.981  76.816 0.1111110002
44304  29.662  -28.033  78.914 0.3333329856
41213  14.142  -31.627  81.945 0.1111110002
47844  28.615  -23.384  78.783 0.2222220004
47845  28.328  -23.792  78.090 0.1111110002
43394  29.496  -28.785  78.859 0.3333329856
47856  28.507  -23.282  77.865 0.2222220004
44323  29.428  -27.450  78.277 0.3333329856
101156  21.284  -27.992  76.500 0.1111110002
42259  16.311  -30.505  80.402 0.1111110002
41224  15.766  -30.939  80.601 0.1111110002
43427  21.832  -28.359  76.037 0.1111110002
44351  28.142  -27.697  75.983 0.1111110002
44339  28.653  -27.185  76.799 0.1111110002
45219  27.604  -26.947  75.715 0.1111110002
45220  26.966  -26.888  75.229 0.1111110002
45221  26.350  -26.301  74.711 0.1111110002
107301  13.379  -31.895  82.172 0.1111110002
46949  28.255  -24.347  78.357 0.1111110002
41225  15.191  -31.350  80.765 0.1111110002
41212  14.733  -31.491  81.284 0.1111110002
48834  28.830  -22.800  77.716 0.2222220004
41236  16.080  -30.899  79.872 0.1111110002
48833  29.580  -22.521  77.575 0.3333329856
45201  28.914  -26.792  77.703 0.3333329856
44338  29.198  -27.815  77.438 0.2222220004
45209  27.976  -26.559  76.280 0.1111110002
110210  26.673  -25.994  75.365 0.1111110002
45210  27.173  -26.061  75.908 0.1111110002
113612  11.757  -32.491  83.524 0.1111110002
45191  29.092  -26.518  78.617 0.3333329856
48842  29.983  -22.686  76.792 0.3333329856
45192  28.558  -25.846  78.140 0.2222220004
45202  28.215  -26.004  77.154 0.1111110002
116246  27.556  -25.692  76.542 0.1111110002
46090  28.776  -25.752  78.899 0.3333329856
48841  30.937  -22.768  76.623 0.2222220004
116196  29.046  -22.722  76.956 0.2222220004
48840  32.859  -22.899  76.277 0.1111110002
106454  31.888  -22.872  76.509 0.1111110002
46091  28.406  -25.068  78.667 0.1111110002
118182  33.798  -21.174  74.649 0.1111110002
48850  33.454  -22.588  75.643 0.1111110002
48835  28.335  -23.077  76.941 0.1111110002
48843  28.749  -22.875  76.227 0.1111110002
46097  28.106  -25.034  77.778 0.2222220004
48831  32.468  -22.671  77.108 0.1111110002
49733  33.917  -22.065  75.953 0.1111110002
116771  32.145  -23.047  75.856 0.1111110002
99717  31.360  -23.018  75.873 0.1111110002
50736  34.099  -20.233  74.167 0.1111110002
48852  31.825  -23.236  75.247 0.1111110002
51727  34.708  -19.647  73.367 0.1111110002
48851  32.678  -22.949  75.305 0.1111110002
48865  32.209  -23.168  74.599 0.1111110002
48864  32.758  -22.754  74.541 0.1111110002
51738  35.342  -19.142  72.733 0.1111110002
50752  33.927  -20.204  73.089 0.1111110002
51739  34.606  -19.690  72.465 0.1111110002
49744  33.023  -22.192  74.118 0.1111110002
52694  35.942  -18.483  73.038 0.1111110002
49743  33.500  -21.831  74.467 0.1111110002
50771  33.349  -20.737  72.612 0.1111110002
52705  35.676  -18.486  72.196 0.1111110002
53679  35.553  -17.520  71.817 0.1111110002
109532  35.989  -17.042  72.679 0.1111110002
104794  36.059  -16.265  72.563 0.2222220004
102521  36.100  -15.805  72.351 0.3333329856
56709  41.017  -14.486  73.972 0.5555559993
100759  39.045  -14.796  73.550 0.5555559993
56712  37.920  -15.218  73.652 0.4444440007
55701  37.308  -15.911  73.625 0.4444440007
56691  40.478  -14.362  74.656 0.5555559993
56713  37.269  -15.470  73.272 0.4444440007
51750  35.117  -19.185  71.881 0.1111110002
112367  34.435  -19.705  71.629 0.1111110002
56729  37.653  -15.082  72.787 0.4444440007
56714  36.631  -15.665  72.843 0.4444440007
56708  41.742  -14.360  73.997 0.5555559993
102537  38.308  -14.961  73.320 0.4444440007
55700  43.176  -15.499  73.361 0.7777780294
99610  42.742  -14.809  73.191 0.6666669846
52716  44.992  -18.122  71.019 0.7777780294
52723  44.675  -18.259  70.073 0.7777780294
52724  43.873  -18.711  69.552 0.6666669846
52730  43.663  -18.451  68.667 0.6666669846
114175  35.249  -16.569  71.715 0.1111110002
56731  36.189  -15.405  72.135 0.3333329856
52706  35.193  -18.533  71.360 0.1111110002
56730  36.820  -15.267  72.491 0.4444440007
56727  39.630  -14.978  72.981 0.5555559993
56726  40.670  -14.896  73.261 0.5555559993
56710  40.042  -14.650  73.829 0.5555559993
56689  42.286  -14.596  73.763 0.6666669846
118275  44.561  -18.606  70.768 0.7777780294
56817  47.865  -14.616  66.590 0.6666669846
55770  47.412  -15.154  67.166 0.6666669846
110462  47.294  -15.782  66.905 0.6666669846
54708  46.770  -16.259  67.449 0.6666669846
53716  46.319  -16.823  67.044 0.5555559993
57741  48.063  -13.906  66.300 0.5555559993
113056  44.152  -17.979  67.178 0.5555559993
52741  43.440  -18.294  67.763 0.5555559993
57750  47.657  -13.554  65.889 0.6666669846
57761  48.055  -13.203  65.245 0.5555559993
52740  44.269  -17.905  68.122 0.5555559993
57774  46.623  -13.520  64.041 0.3333329856
59695  49.064  -11.149  63.626 0.4444440007
59696  48.880  -11.378  63.884 0.5555559993
59698  47.474  -11.727  63.536 0.3333329856
58746  47.072  -12.720  63.772 0.6666669846
58747  46.143  -13.263  63.299 0.3333329856
57775  45.718  -14.011  63.651 0.3333329856
57794  45.250  -13.686  62.955 0.3333329856
55715  35.589  -15.450  71.806 0.1111110002
55706  35.479  -15.942  71.903 0.1111110002
56728  38.571  -14.972  72.655 0.5555559993
99897  41.608  -14.624  73.456 0.5555559993
55699  44.341  -16.042  72.311 0.7777780294
57733  47.522  -14.144  66.905 0.6666669846
55771  46.916  -15.619  67.714 0.6666669846
53707  46.183  -16.789  68.028 0.6666669846
117949  45.592  -17.260  68.037 0.6666669846
53700  45.078  -17.630  68.478 0.5555559993
53699  45.676  -17.140  68.763 0.7777780294
52729  44.488  -18.134  69.045 0.6666669846
57751  46.981  -13.492  65.048 0.5555559993
59705  47.883  -10.781  63.339 0.3333329856
56844  44.864  -14.433  63.329 0.2222220004
106618  44.026  -14.769  62.947 0.2222220004
116064  49.641  -9.687  62.016 0.3333329856
60578  47.393  -10.478  62.467 0.2222220004
58758  46.439  -12.207  63.058 0.4444440007
58759  45.445  -12.680  62.548 0.3333329856
119924  44.692  -13.229  62.361 0.3333329856
57795  44.093  -13.510  62.165 0.1111110002
56856  43.154  -15.024  62.574 0.1111110002
55856  42.383  -15.366  62.162 0.1111110002
57835  43.489  -13.327  60.765 0.1111110002
57819  43.122  -13.897  61.318 0.1111110002
103665  42.501  -14.321  60.936 0.1111110002
103062  34.862  -16.936  71.117 0.1111110002
56707  42.193  -14.572  73.536 0.5555559993
56725  42.628  -14.766  72.895 0.6666669846
56805  47.264  -14.570  67.339 0.6666669846
56788  46.701  -14.579  67.845 0.7777780294
55748  46.574  -15.533  68.524 0.7777780294
54697  46.542  -16.115  68.342 0.7777780294
53691  46.070  -16.507  68.969 0.7777780294
57742  47.307  -13.821  66.668 0.5555559993
57734  46.873  -14.181  67.407 0.5555559993
53693  45.234  -17.674  69.377 0.7777780294
57743  46.428  -13.909  66.930 0.4444440007
57752  45.606  -14.062  66.008 0.3333329856
109826  46.762  -13.690  66.051 0.5555559993
113216  46.162  -13.923  65.245 0.5555559993
56829  45.406  -14.335  64.894 0.3333329856
114873  44.709  -14.708  64.538 0.3333329856
60576  48.990  -9.857  63.141 0.3333329856
60577  48.373  -10.050  63.070 0.2222220004
57762  46.030  -14.021  64.398 0.3333329856
56838  45.236  -14.534  64.024 0.3333329856
101413  44.286  -14.945  63.808 0.1111110002
55818  43.491  -15.321  64.057 0.1111110002
55819  42.841  -15.417  64.712 0.1111110002
61450  49.274  -9.487  62.470 0.3333329856
61451  48.788  -9.547  62.598 0.3333329856
59716  46.396  -11.032  61.994 0.4444440007
116452  45.643  -11.487  61.444 0.2222220004
120471  44.752  -12.609  62.040 0.2222220004
58770  44.029  -12.855  61.092 0.1111110002
56845  43.429  -15.250  63.332 0.1111110002
55846  42.634  -15.594  62.972 0.1111110002
55834  41.927  -15.934  63.516 0.1111110002
54762  41.258  -16.319  63.734 0.1111110002
60587  46.822  -10.547  61.582 0.4444440007
59717  44.990  -11.920  60.960 0.1111110002
102960  44.470  -12.427  60.571 0.1111110002
59714  50.071  -10.513  61.375 0.3333329856
59740  45.445  -11.659  59.312 0.1111110002
59741  44.855  -12.150  59.245 0.1111110002
58778  44.408  -12.493  59.693 0.1111110002
54687  34.277  -16.329  70.494 0.1111110002
99659  41.313  -15.127  72.712 0.4444440007
109658  43.157  -14.872  72.385 0.6666669846
57712  46.076  -14.406  68.955 0.7777780294
56774  45.814  -14.396  69.612 0.7777780294
53672  45.322  -16.882  71.617 0.7777780294
57723  45.827  -14.047  68.585 0.7777780294
56773  46.199  -14.772  69.243 0.7777780294
55734  46.343  -15.400  69.227 0.7777780294
52703  45.395  -17.408  70.864 0.7777780294
57735  46.084  -14.116  67.768 0.6666669846
54691  46.377  -16.009  69.152 0.7777780294
54692  46.002  -16.446  69.730 0.7777780294
53685  45.693  -16.941  70.321 0.7777780294
52722  45.358  -17.562  70.245 0.7777780294
56818  44.482  -14.347  66.433 0.3333329856
56831  43.921  -14.706  65.728 0.2222220004
55789  40.908  -16.141  66.904 0.2222220004
56830  44.650  -14.527  65.392 0.2222220004
56839  43.872  -14.979  64.815 0.2222220004
56832  43.164  -14.982  65.592 0.1111110002
55804  42.447  -15.527  65.609 0.1111110002
55788  41.553  -15.909  66.477 0.2222220004
102044  41.981  -15.773  64.942 0.1111110002
61457  49.647  -9.299  61.612 0.3333329856
61458  49.176  -9.261  61.864 0.2222220004
118385  47.667  -9.868  60.925 0.3333329856
60599  46.884  -10.326  60.710 0.3333329856
60588  46.202  -10.922  61.042 0.2222220004
117925  44.914  -11.974  60.024 0.1111110002
61456  50.178  -9.369  61.362 0.3333329856
60600  46.230  -10.914  60.072 0.2222220004
118600  45.826  -11.273  59.694 0.2222220004
60598  50.576  -9.839  60.930 0.3333329856
60616  46.116  -11.035  59.078 0.2222220004
56747  36.507  -15.019  71.767 0.3333329856
56743  40.321  -15.355  72.499 0.5555559993
54681  34.780  -16.033  71.312 0.1111110002
54680  45.010  -16.377  71.783 0.7777780294
57713  45.597  -14.018  69.330 0.7777780294
120770  45.650  -15.004  70.317 0.7777780294
55722  45.733  -15.713  70.450 0.7777780294
107423  45.574  -16.486  70.913 0.7777780294
54679  45.409  -15.999  71.258 0.7777780294
55721  46.027  -15.097  69.857 0.7777780294
54686  45.794  -16.462  70.324 0.7777780294
57745  44.526  -14.119  67.400 0.4444440007
57736  45.246  -13.855  68.016 0.5555559993
54685  46.173  -15.918  69.813 0.7777780294
57737  44.435  -14.008  68.181 0.4444440007
120097  43.919  -14.506  66.994 0.4444440007
56819  43.555  -14.733  66.381 0.2222220004
56820  42.743  -15.164  66.428 0.2222220004
55787  42.142  -15.664  66.228 0.2222220004
55805  41.695  -15.884  65.715 0.2222220004
62337  49.645  -9.032  61.076 0.3333329856
61476  48.219  -9.454  60.551 0.3333329856
60614  47.467  -9.842  60.089 0.3333329856
61474  50.128  -8.947  61.005 0.3333329856
60615  46.813  -10.393  59.577 0.2222220004
60622  46.766  -10.298  58.457 0.1111110002
59738  50.633  -11.317  59.586 0.3333329856
58788  50.101  -11.854  59.091 0.3333329856
60623  46.015  -10.959  58.086 0.1111110002
59725  50.416  -10.803  60.479 0.3333329856
60638  46.255  -10.308  57.684 0.1111110002
113124  51.373  -12.140  58.686 0.3333329856
59747  50.714  -11.978  58.818 0.3333329856
59737  51.271  -11.127  59.059 0.3333329856
56758  44.272  -14.558  70.881 0.7777780294
56739  44.479  -14.621  71.106 0.7777780294
55712  44.723  -15.539  71.499 0.7777780294
56724  43.468  -15.381  72.660 0.7777780294
57724  45.087  -13.771  68.805 0.6666669846
57714  44.936  -13.917  69.554 0.7777780294
57707  45.309  -14.128  70.033 0.7777780294
56757  45.025  -14.137  70.750 0.7777780294
57715  44.345  -14.285  69.564 0.7777780294
57725  44.324  -14.027  68.907 0.6666669846
55749  42.109  -15.619  67.883 0.4444440007
55750  41.347  -16.020  68.462 0.4444440007
56806  43.824  -14.469  67.651 0.4444440007
103302  43.238  -14.758  67.103 0.2222220004
106430  42.649  -15.171  67.246 0.2222220004
119879  41.584  -15.894  67.168 0.3333329856
61489  48.816  -9.037  60.029 0.3333329856
61473  50.513  -9.152  60.792 0.3333329856
62352  49.894  -8.758  60.445 0.3333329856
62360  48.593  -8.811  59.176 0.1111110002
61497  47.372  -9.743  59.155 0.2222220004
61496  47.917  -9.111  58.755 0.2222220004
120953  47.303  -9.495  58.387 0.2222220004
60613  50.980  -10.282  59.978 0.3333329856
62369  47.518  -8.784  58.031 0.2222220004
110112  46.790  -9.455  57.646 0.1111110002
104218  37.190  -14.935  72.034 0.4444440007
56741  42.866  -14.838  72.096 0.5555559993
114914  37.860  -14.971  72.159 0.3333329856
101530  43.439  -14.934  71.302 0.7777780294
56740  43.640  -14.971  71.481 0.7777780294
56776  42.745  -15.035  69.672 0.6666669846
56777  41.904  -15.735  69.959 0.5555559993
55736  41.065  -16.261  69.357 0.4444440007
55723  41.114  -16.151  70.404 0.5555559993
56775  43.930  -14.774  70.019 0.6666669846
56791  42.669  -15.157  68.683 0.6666669846
55735  41.934  -15.602  68.987 0.4444440007
56790  43.522  -14.637  68.998 0.6666669846
55751  40.459  -16.404  68.425 0.4444440007
103931  43.815  -14.407  68.324 0.5555559993
56807  43.017  -14.759  67.961 0.4444440007
62358  49.964  -8.701  59.780 0.3333329856
62359  49.358  -8.710  59.646 0.3333329856
62351  50.288  -8.874  60.410 0.3333329856
99713  51.276  -10.133  59.230 0.3333329856
62368  48.220  -8.612  58.389 0.3333329856
56745  38.462  -15.186  71.806 0.5555559993
56744  39.344  -15.296  72.154 0.5555559993
56742  41.929  -15.258  71.922 0.5555559993
100186  42.193  -14.743  72.842 0.5555559993
112870  43.282  -14.899  70.646 0.6666669846
62367  48.848  -8.605  58.738 0.3333329856
115124  51.092  -9.172  54.606 0.2222220004
110880  40.988  -15.643  72.049 0.5555559993
56759  42.696  -15.120  71.239 0.5555559993
56760  41.912  -15.645  70.907 0.4444440007
55713  41.099  -15.925  71.325 0.4444440007
114465  42.522  -15.266  70.474 0.6666669846
62421  51.746  -9.144  54.093 0.3333329856
34722  8.266  -37.899  90.461 0.1111110002
33778  8.985  -38.852  88.707 0.1111110002
38259  8.541  -34.218  90.634 0.3333329856
38264  8.567  -33.824  90.614 0.3333329856
32998  7.750  -39.032  89.456 0.1111110002
33008  8.110  -38.973  88.779 0.1111110002
37414  7.989  -35.275  90.641 0.3333329856
109687  8.452  -32.959  89.848 0.1111110002
101472  9.419  -33.003  90.735 0.3333329856
37410  7.940  -34.570  90.668 0.2222220004
39097  7.319  -33.524  90.275 0.2222220004
39154  9.971  -33.347  85.964 0.1111110002
60621  51.541  -10.419  58.635 0.3333329856
61495  51.097  -9.601  58.639 0.3333329856
60637  51.682  -10.171  57.955 0.3333329856
62379  48.424  -8.533  58.123 0.1111110002
62380  47.780  -8.453  57.619 0.2222220004
61487  50.858  -9.445  59.681 0.3333329856
62357  50.419  -8.914  59.798 0.3333329856
62356  50.563  -9.083  59.134 0.3333329856
63319  48.909  -8.520  58.166 0.1111110002
116903  43.726  -16.002  72.954 0.7777780294
33772  3.143  -38.118  88.552 0.1111110002
34731  2.908  -37.472  88.615 0.1111110002
118797  6.025  -39.168  88.014 0.1111110002
33001  5.182  -38.834  88.867 0.1111110002
33803  7.705  -37.926  85.546 0.1111110002
34721  9.474  -37.364  90.404 0.2222220004
33766  8.233  -38.843  89.912 0.1111110002
33769  5.646  -38.621  89.557 0.1111110002
100737  8.124  -38.008  86.289 0.1111110002
33757  7.838  -38.509  90.260 0.1111110002
33010  6.563  -39.102  88.879 0.1111110002
37420  9.992  -34.947  90.449 0.3333329856
119721  7.914  -38.397  87.588 0.1111110002
34724  6.738  -37.811  90.464 0.1111110002
111798  5.393  -37.470  90.295 0.1111110002
38263  9.492  -33.672  90.611 0.3333329856
35665  7.095  -37.163  90.533 0.1111110002
36572  6.312  -35.854  90.598 0.1111110002
35661  5.007  -35.909  90.495 0.1111110002
38260  7.935  -34.150  90.660 0.3333329856
39100  8.738  -32.900  90.320 0.1111110002
39101  8.052  -33.091  90.216 0.3333329856
39118  8.033  -33.313  89.446 0.1111110002
36570  6.727  -34.677  90.630 0.1111110002
37411  7.333  -34.402  90.657 0.2222220004
38261  7.315  -34.097  90.652 0.2222220004
39096  7.762  -33.487  90.446 0.3333329856
41235  16.458  -30.783  79.116 0.1111110002
42280  26.250  -29.429  77.791 0.2222220004
43409  28.388  -29.206  76.992 0.2222220004
43421  27.991  -28.848  76.238 0.2222220004
43426  22.632  -28.574  76.291 0.1111110002
53708  45.788  -17.165  67.451 0.5555559993
53717  45.594  -17.353  66.618 0.5555559993
58734  47.559  -12.940  64.544 0.5555559993
60571  48.722  -10.603  63.538 0.4444440007
59697  48.411  -11.355  63.855 0.4444440007
58745  48.075  -12.177  64.223 0.4444440007
56854  44.425  -14.023  62.659 0.3333329856
53678  45.533  -16.958  70.974 0.7777780294
55747  46.826  -15.019  67.957 0.7777780294
53692  45.745  -17.013  69.613 0.7777780294
59706  46.883  -11.288  62.807 0.4444440007
59707  45.904  -11.738  62.330 0.4444440007
57817  44.248  -12.942  61.832 0.1111110002
56855  43.578  -14.158  62.187 0.1111110002
57818  43.728  -13.416  61.594 0.1111110002
56872  42.793  -14.637  61.769 0.1111110002
55847  41.837  -15.904  62.588 0.1111110002
58779  43.891  -12.844  60.230 0.1111110002
57722  46.331  -14.421  68.194 0.7777780294
56789  46.452  -14.687  68.512 0.7777780294
102778  46.472  -15.046  68.702 0.7777780294
103748  48.083  -9.871  62.362 0.2222220004
55833  42.783  -15.583  63.783 0.1111110002
103508  42.227  -15.773  64.246 0.1111110002
61459  48.374  -9.542  61.644 0.2222220004
58768  45.101  -12.045  61.861 0.1111110002
58769  44.589  -12.460  61.412 0.1111110002
55820  41.579  -16.064  64.314 0.2222220004
60586  47.480  -10.058  61.642 0.4444440007
59727  45.584  -11.445  60.356 0.2222220004
119447  45.924  -14.635  69.722 0.7777780294
57744  45.401  -13.988  67.119 0.4444440007
55773  41.123  -16.091  67.708 0.4444440007
61475  48.994  -9.238  60.938 0.3333329856
56756  45.551  -14.498  70.166 0.7777780294
55711  45.254  -14.823  70.883 0.7777780294
55772  42.147  -15.607  66.901 0.3333329856
62353  49.446  -8.898  60.421 0.3333329856
60597  50.753  -9.480  60.383 0.3333329856
58803  50.311  -12.368  58.387 0.2222220004
56723  43.891  -15.261  71.820 0.7777780294
57708  44.766  -14.202  70.302 0.7777780294
61490  48.062  -9.296  59.630 0.2222220004
61488  50.580  -9.117  60.287 0.3333329856
62366  49.474  -8.656  58.850 0.3333329856
55714  40.140  -15.761  71.620 0.5555559993
62365  50.086  -8.784  59.068 0.3333329856
38355  28.061  -33.601  81.324 0.1111110002
37508  28.930  -33.906  81.357 0.2222220004
108568  29.331  -34.418  80.670 0.1111110002
37521  28.490  -33.969  80.543 0.1111110002
102872  28.911  -34.533  79.915 0.1111110002
37527  28.732  -34.929  79.113 0.1111110002
111872  29.939  -33.687  82.352 0.2222220004
117680  30.398  -33.960  82.074 0.2222220004
37490  30.185  -34.079  81.811 0.2222220004
37506  30.555  -34.582  81.248 0.2222220004
37520  30.118  -34.832  80.753 0.2222220004
37507  29.782  -34.261  81.351 0.2222220004
36648  30.429  -35.350  80.262 0.1111110002
36660  29.696  -35.110  80.047 0.1111110002
119179  29.219  -35.004  79.592 0.1111110002
38339  30.619  -33.515  82.307 0.2222220004
38353  30.901  -34.312  81.754 0.2222220004
37505  31.288  -34.823  80.916 0.1111110002
119989  31.247  -35.228  80.479 0.2222220004
37519  30.801  -35.108  80.662 0.1111110002
36647  31.100  -35.609  80.070 0.1111110002
36659  30.397  -35.847  79.532 0.1111110002
38352  31.521  -33.619  81.693 0.3333329856
38351  32.365  -33.723  80.916 0.3333329856
37504  32.088  -34.606  80.612 0.2222220004
37517  32.246  -34.784  79.921 0.2222220004
37518  31.679  -35.227  80.194 0.2222220004
39191  32.744  -32.730  80.604 0.3333329856
39192  32.058  -32.800  81.485 0.3333329856
119182  32.950  -32.898  79.941 0.2222220004
39204  32.766  -33.397  80.265 0.2222220004
38365  32.913  -33.444  79.726 0.2222220004
38366  32.589  -34.086  80.164 0.2222220004
38387  32.743  -33.972  79.058 0.2222220004
38386  33.170  -33.145  78.836 0.2222220004
40186  32.392  -31.956  81.261 0.4444440007
39190  32.836  -31.880  80.348 0.3333329856
102856  32.485  -31.224  80.894 0.4444440007
39203  33.069  -32.263  79.818 0.3333329856
38377  33.133  -33.330  79.270 0.2222220004
115130  33.277  -32.694  79.503 0.2222220004
40198  32.851  -31.399  79.950 0.3333329856
40197  33.274  -31.593  79.653 0.3333329856
41232  33.334  -30.504  79.591 0.4444440007
41218  33.422  -31.065  79.588 0.4444440007
41219  32.731  -30.913  80.096 0.4444440007
45176  34.066  -26.509  78.731 0.6666669846
40213  33.819  -31.118  79.293 0.3333329856
45175  35.370  -26.480  78.650 0.5555559993
40212  33.976  -31.307  79.047 0.2222220004
39218  33.552  -31.853  79.357 0.2222220004
43376  35.295  -28.485  78.436 0.4444440007
39233  33.574  -32.305  79.035 0.2222220004
42265  32.967  -29.852  79.637 0.4444440007
46081  33.492  -25.638  79.237 0.6666669846
41231  33.985  -30.529  79.297 0.4444440007
43379  33.039  -29.064  79.397 0.5555559993
45177  32.674  -26.303  79.318 0.5555559993
44302  33.669  -28.253  79.025 0.5555559993
42264  33.876  -29.907  79.386 0.5555559993
119909  33.220  -26.372  78.880 0.6666669846
42263  34.393  -29.807  78.982 0.4444440007
44301  34.812  -28.488  78.767 0.4444440007
42275  34.836  -29.431  78.546 0.3333329856
49688  30.571  -21.581  81.558 0.6666669846
107069  37.670  -23.417  77.486 0.5555559993
48839  37.626  -23.538  76.427 0.4444440007
49708  32.419  -21.630  79.179 0.5555559993
49707  33.368  -21.624  78.860 0.4444440007
49717  32.721  -21.988  78.363 0.3333329856
50690  34.189  -21.365  78.361 0.3333329856
56664  40.144  -14.561  75.986 0.6666669846
56680  38.350  -15.566  75.752 0.4444440007
56665  39.506  -14.999  76.439 0.5555559993
54660  37.449  -16.357  74.060 0.3333329856
121029  37.083  -16.587  73.675 0.2222220004
56690  41.940  -14.410  74.207 0.5555559993
100156  41.342  -14.387  74.528 0.5555559993
56679  38.742  -15.077  75.730 0.5555559993
55679  37.990  -15.789  75.389 0.3333329856
56694  38.149  -15.351  75.050 0.3333329856
56695  37.809  -15.640  74.197 0.3333329856
56678  39.423  -14.713  75.963 0.3333329856
56693  38.652  -14.869  74.857 0.3333329856
101568  38.184  -15.198  74.365 0.3333329856
101357  39.215  -14.634  75.334 0.3333329856
56711  38.556  -14.894  74.037 0.3333329856
51762  43.525  -19.838  71.428 0.4444440007
56761  39.198  -15.550  71.352 0.4444440007
55724  40.287  -16.048  70.814 0.4444440007
55737  40.229  -16.347  70.017 0.2222220004
105444  40.145  -16.476  69.243 0.2222220004
55774  40.322  -16.427  67.484 0.3333329856
51771  44.068  -18.958  70.439 0.6666669846
51772  43.288  -19.557  69.923 0.4444440007
51783  43.195  -18.993  69.116 0.5555559993
62381  46.945  -8.456  57.349 0.1111110002
63324  48.363  -8.488  57.537 0.1111110002
63336  49.061  -8.401  56.517 0.1111110002
63335  49.632  -8.465  56.139 0.1111110002
63352  49.844  -8.633  55.380 0.1111110002
104436  48.696  -8.085  56.149 0.1111110002
63351  50.458  -9.025  54.877 0.2222220004
63369  49.865  -8.884  54.791 0.1111110002
62422  51.129  -9.309  54.093 0.1111110002
65748  54.168  -4.483  47.422 0.1111110002
64982  54.229  -4.934  46.962 0.1111110002
44321  34.361  -27.567  78.714 0.5555559993
41242  34.197  -30.651  78.674 0.2222220004
115005  34.817  -27.047  78.627 0.5555559993
43393  35.205  -28.916  78.467 0.4444440007
40236  33.774  -31.385  78.492 0.2222220004
43377  34.890  -29.076  78.694 0.4444440007
42274  35.266  -29.061  78.322 0.3333329856
41230  34.198  -30.557  79.068 0.2222220004
106642  34.424  -30.041  78.755 0.2222220004
42253  32.524  -30.079  80.333 0.4444440007
50707  34.218  -21.405  76.370 0.1111110002
115429  43.623  -19.546  70.816 0.5555559993
49764  42.166  -21.551  72.509 0.4444440007
55702  36.649  -16.068  73.175 0.3333329856
56692  39.408  -14.581  74.534 0.3333329856
100157  39.950  -14.414  75.376 0.4444440007
117162  29.539  -35.556  79.304 0.1111110002
112855  31.677  -34.294  81.231 0.3333329856
36646  31.502  -35.612  79.617 0.1111110002
107917  33.069  -27.132  78.806 0.5555559993
43378  34.318  -29.189  79.108 0.5555559993
41250  34.501  -29.992  78.308 0.3333329856
50698  34.220  -21.559  77.364 0.1111110002
40108  14.641  -31.109  89.180 0.2222220004
121191  14.828  -31.376  88.453 0.3333329856
40107  15.763  -31.036  89.054 0.2222220004
40130  14.408  -31.679  87.774 0.2222220004
39141  13.077  -32.432  86.525 0.2222220004
42138  16.497  -30.143  88.849 0.2222220004
40106  16.532  -30.853  89.072 0.2222220004
39126  15.273  -31.566  87.762 0.2222220004
100401  14.750  -32.000  87.026 0.1111110002
41118  16.973  -30.213  88.668 0.2222220004
40115  17.181  -31.281  88.769 0.1111110002
40116  16.483  -31.323  88.747 0.2222220004
39112  16.200  -31.626  87.946 0.1111110002
103309  15.675  -32.105  87.154 0.2222220004
40105  17.223  -30.634  88.914 0.2222220004
39125  16.725  -32.447  87.413 0.1111110002
99829  17.914  -31.793  88.583 0.2222220004
39124  17.716  -32.801  87.948 0.1111110002
38277  18.473  -33.099  88.174 0.1111110002
109703  13.704  -31.139  89.760 0.3333329856
40118  14.025  -31.551  88.737 0.3333329856
41119  15.316  -30.636  89.243 0.3333329856
40097  14.075  -30.889  89.559 0.3333329856
42139  15.797  -29.927  88.967 0.2222220004
40104  17.524  -30.088  88.396 0.2222220004
40114  17.813  -30.959  88.719 0.2222220004
105232  18.760  -31.386  88.371 0.2222220004
39109  18.630  -32.400  88.343 0.2222220004
40113  19.656  -31.245  88.144 0.2222220004
38276  19.234  -33.095  88.163 0.2222220004
41114  13.523  -30.717  90.041 0.3333329856
120093  13.599  -30.958  90.008 0.3333329856
117630  13.959  -31.298  89.354 0.3333329856
41120  14.221  -30.523  89.400 0.3333329856
42151  16.621  -29.763  88.254 0.1111110002
42150  17.166  -29.810  87.650 0.2222220004
42137  17.068  -29.879  88.207 0.2222220004
42136  17.692  -30.043  88.120 0.2222220004
42149  17.756  -29.749  87.463 0.2222220004
41127  18.403  -30.427  88.360 0.2222220004
41126  18.930  -29.990  87.812 0.1111110002
41136  19.609  -30.901  87.173 0.2222220004
40129  19.583  -30.573  87.928 0.2222220004
106525  19.211  -30.501  88.140 0.2222220004
40139  19.768  -31.179  86.442 0.2222220004
40138  19.976  -31.649  86.998 0.2222220004
40119  13.492  -31.530  89.416 0.3333329856
42141  13.604  -30.373  89.587 0.3333329856
42140  14.329  -30.066  89.166 0.3333329856
115586  14.946  -30.160  89.177 0.2222220004
42153  14.508  -29.908  88.498 0.2222220004
100727  15.399  -29.740  88.159 0.2222220004
42164  14.668  -29.962  87.528 0.2222220004
43278  17.372  -29.793  87.313 0.1111110002
43279  16.851  -29.783  87.639 0.1111110002
43297  16.576  -29.816  86.991 0.2222220004
43288  18.233  -29.668  87.059 0.1111110002
43277  17.864  -29.687  87.182 0.1111110002
43289  17.041  -29.703  86.886 0.1111110002
42148  18.268  -29.768  87.449 0.1111110002
42162  18.554  -29.794  87.190 0.1111110002
41145  19.376  -30.371  86.310 0.2222220004
40148  19.548  -31.147  85.688 0.2222220004
40158  19.473  -31.899  85.078 0.2222220004
42257  20.690  -29.682  80.680 0.3333329856
41222  20.333  -30.204  80.213 0.3333329856
41115  12.881  -30.820  90.307 0.3333329856
42135  13.144  -30.440  90.135 0.3333329856
40098  13.204  -31.108  90.258 0.3333329856
40109  13.232  -31.421  90.030 0.3333329856
105840  12.884  -30.485  88.706 0.2222220004
39114  13.147  -32.039  88.569 0.3333329856
99649  18.114  -29.410  86.654 0.1111110002
111949  17.769  -29.566  86.805 0.1111110002
43287  18.481  -29.310  86.520 0.1111110002
43295  17.908  -29.098  86.180 0.3333329856
42172  18.925  -29.626  86.534 0.2222220004
42186  19.064  -29.574  85.717 0.2222220004
41156  19.127  -30.447  85.274 0.4444440007
104018  19.104  -31.462  83.527 0.3333329856
120763  20.091  -29.917  80.796 0.3333329856
41223  19.664  -30.544  80.705 0.3333329856
41121  12.586  -30.612  90.144 0.2222220004
41122  11.799  -30.832  90.080 0.3333329856
113286  12.351  -30.625  89.418 0.2222220004
100202  19.142  -29.169  86.039 0.2222220004
43303  18.588  -28.892  85.902 0.2222220004
44238  17.989  -28.511  85.154 0.3333329856
106419  18.694  -29.087  85.002 0.3333329856
109318  18.941  -29.709  84.720 0.3333329856
100458  24.342  -27.527  80.689 0.2222220004
44237  18.310  -28.732  85.415 0.3333329856
43302  18.550  -28.863  85.479 0.3333329856
44243  18.550  -28.583  84.887 0.3333329856
43332  17.696  -28.592  83.282 0.2222220004
42219  19.147  -28.734  84.279 0.3333329856
45152  23.429  -27.054  81.859 0.3333329856
42296  34.629  -29.245  77.408 0.2222220004
102815  18.587  -27.985  84.330 0.3333329856
44244  18.409  -28.438  84.779 0.3333329856
43315  19.065  -28.306  84.443 0.3333329856
44245  17.959  -28.362  84.677 0.3333329856
44257  18.237  -28.011  83.975 0.3333329856
45165  23.263  -26.934  81.104 0.2222220004
44274  18.395  -27.849  82.972 0.2222220004
45166  22.497  -26.840  80.921 0.1111110002
45167  21.728  -26.867  80.676 0.1111110002
45179  23.020  -26.950  80.173 0.1111110002
45180  22.212  -26.993  80.015 0.1111110002
45181  21.492  -27.042  79.842 0.2222220004
43407  35.290  -28.932  77.836 0.1111110002
43417  35.459  -28.217  77.535 0.1111110002
100675  18.998  -27.896  84.337 0.3333329856
44256  18.964  -27.475  83.781 0.3333329856
44320  35.349  -27.616  78.525 0.3333329856
45190  36.091  -26.921  78.407 0.2222220004
44319  35.764  -27.712  78.252 0.2222220004
46072  28.743  -25.474  80.418 0.5555559993
45151  29.252  -26.225  81.827 0.5555559993
44280  29.586  -27.222  81.301 0.5555559993
118662  28.474  -24.127  79.828 0.3333329856
45163  29.164  -26.287  80.781 0.4444440007
47831  28.696  -23.495  79.839 0.3333329856
47832  28.421  -23.908  79.035 0.1111110002
48826  28.868  -22.834  78.509 0.2222220004
120056  36.235  -26.118  78.533 0.4444440007
46063  28.900  -25.537  81.357 0.5555559993
114325  28.597  -24.072  80.749 0.5555559993
103560  28.639  -24.845  81.056 0.5555559993
48813  29.025  -22.730  80.358 0.5555559993
49720  30.047  -21.828  79.060 0.3333329856
108064  29.272  -22.460  78.228 0.3333329856
48819  28.923  -22.781  79.378 0.3333329856
48825  30.063  -22.154  78.283 0.3333329856
103185  30.531  -22.489  77.423 0.2222220004
119725  29.506  -22.800  76.291 0.1111110002
47790  29.013  -23.583  81.583 0.5555559993
114491  28.865  -24.995  81.758 0.5555559993
48797  29.288  -22.923  81.607 0.5555559993
47817  28.842  -23.370  80.746 0.5555559993
48818  29.251  -22.262  79.783 0.3333329856
49719  30.833  -21.841  78.803 0.3333329856
49709  31.472  -21.600  79.411 0.2222220004
49728  32.110  -22.313  77.835 0.2222220004
49716  33.618  -21.980  78.054 0.2222220004
56948  46.126  -14.046  56.875 0.1111110002
56967  47.173  -13.951  55.010 0.1111110002
52685  36.152  -18.506  73.860 0.1111110002
55854  46.723  -15.526  61.982 0.2222220004
54797  46.430  -16.207  62.255 0.2222220004
54781  46.039  -16.860  62.551 0.2222220004
55866  46.355  -15.246  61.144 0.2222220004
54814  45.269  -16.208  61.064 0.2222220004
56904  46.496  -14.478  59.781 0.1111110002
55878  46.052  -15.023  60.268 0.2222220004
55867  45.642  -15.586  60.702 0.2222220004
56922  46.362  -14.344  58.809 0.1111110002
56905  45.827  -14.862  59.371 0.1111110002
57906  47.366  -13.538  56.615 0.1111110002
56932  45.369  -14.708  57.653 0.1111110002
57925  47.961  -13.547  55.835 0.1111110002
57934  48.175  -13.737  54.661 0.1111110002
53656  36.661  -17.872  74.233 0.1111110002
53725  46.406  -16.969  66.126 0.4444440007
53726  45.725  -17.474  65.591 0.4444440007
54747  47.114  -16.583  64.755 0.4444440007
53736  46.436  -17.033  65.175 0.4444440007
55831  48.213  -15.469  64.051 0.4444440007
54746  47.674  -16.089  64.384 0.4444440007
53718  44.902  -17.746  65.920 0.4444440007
102527  44.079  -18.006  66.271 0.4444440007
55844  47.814  -15.395  63.264 0.4444440007
55832  47.498  -16.007  63.554 0.3333329856
54760  47.059  -16.621  63.852 0.3333329856
56852  48.292  -14.084  62.664 0.3333329856
54780  46.826  -16.517  63.012 0.3333329856
57816  47.828  -13.780  61.717 0.2222220004
55853  47.415  -15.188  62.480 0.2222220004
57851  48.198  -12.930  60.198 0.1111110002
57834  47.637  -13.558  60.708 0.2222220004
56870  47.279  -14.287  61.194 0.2222220004
57871  48.341  -12.807  59.070 0.1111110002
57852  47.594  -13.407  59.735 0.1111110002
115470  48.733  -12.744  58.074 0.1111110002
57872  47.814  -13.165  58.118 0.1111110002
57873  47.004  -13.732  58.266 0.1111110002
57904  49.804  -13.272  56.784 0.2222220004
57905  48.205  -13.187  56.797 0.1111110002
115518  36.918  -17.178  73.749 0.1111110002
102206  36.475  -16.681  73.200 0.1111110002
55786  47.816  -15.312  66.400 0.4444440007
54719  47.522  -15.947  66.078 0.4444440007
53709  45.046  -17.528  67.516 0.4444440007
55803  48.079  -15.482  65.664 0.4444440007
54735  47.074  -16.521  65.667 0.4444440007
55817  48.169  -15.568  64.859 0.4444440007
52754  43.304  -18.270  66.804 0.4444440007
52742  42.607  -18.639  67.464 0.3333329856
55830  48.737  -14.730  64.187 0.4444440007
52755  42.379  -18.467  66.546 0.3333329856
56842  48.761  -14.307  63.601 0.4444440007
57815  48.453  -13.252  62.209 0.2222220004
58777  48.706  -12.477  60.705 0.1111110002
58790  48.881  -12.437  59.794 0.1111110002
58805  49.138  -12.517  58.590 0.2222220004
120872  49.138  -12.416  59.131 0.2222220004
58821  49.724  -12.629  57.991 0.2222220004
49765  41.764  -21.584  72.559 0.2222220004
49777  42.061  -21.623  71.699 0.3333329856
50812  42.527  -20.460  69.825 0.3333329856
50783  42.545  -21.185  71.324 0.3333329856
55802  48.515  -14.961  65.251 0.4444440007
55785  48.371  -14.902  65.969 0.4444440007
51784  42.491  -19.643  69.000 0.3333329856
56837  48.930  -14.295  64.845 0.4444440007
55816  48.552  -15.024  64.622 0.4444440007
57793  48.884  -13.436  63.203 0.4444440007
57773  49.317  -13.495  64.029 0.4444440007
58757  49.033  -12.486  62.747 0.3333329856
58766  49.150  -11.949  61.212 0.3333329856
58767  48.706  -12.538  61.662 0.3333329856
59726  49.757  -11.357  60.861 0.2222220004
58776  49.333  -11.985  60.303 0.2222220004
50800  43.038  -20.385  70.787 0.3333329856
56828  48.665  -14.375  65.475 0.4444440007
56816  48.386  -14.354  66.023 0.4444440007
105456  48.959  -13.846  65.153 0.4444440007
58720  48.821  -13.334  65.129 0.4444440007
57792  49.300  -12.783  63.706 0.4444440007
57759  49.300  -12.695  64.278 0.4444440007
58733  48.538  -12.693  64.747 0.4444440007
58743  49.245  -11.889  63.593 0.4444440007
61628  53.469  -8.716  47.596 0.1111110002
62488  54.325  -8.324  47.323 0.1111110002
39127  13.828  -32.067  87.138 0.2222220004
39128  13.079  -32.293  87.511 0.3333329856
39152  13.528  -32.438  85.772 0.2222220004
40181  19.073  -31.217  82.515 0.3333329856
45164  23.842  -27.254  81.249 0.2222220004
119467  29.716  -27.622  81.969 0.5555559993
119143  29.190  -24.210  82.023 0.5555559993
48796  29.746  -22.490  81.879 0.4444440007
49689  29.886  -21.960  81.313 0.4444440007
49710  30.572  -21.618  79.631 0.4444440007
49698  30.300  -21.571  80.604 0.5555559993
51714  35.533  -18.985  74.250 0.1111110002
42163  15.687  -29.852  87.294 0.2222220004
46082  28.409  -24.522  79.272 0.2222220004
48832  31.134  -22.181  78.008 0.2222220004
53667  36.445  -17.679  73.316 0.1111110002
52731  42.886  -18.828  68.356 0.4444440007
54720  46.981  -16.417  66.567 0.4444440007
57749  48.299  -13.603  65.649 0.4444440007
59687  48.843  -12.002  64.282 0.4444440007
58744  49.146  -11.951  64.112 0.4444440007
52753  44.758  -17.731  66.687 0.4444440007
57740  48.603  -13.900  65.633 0.4444440007
43392  35.500  -28.485  78.214 0.2222220004
40117  15.608  -31.271  88.665 0.1111110002
39113  13.678  -31.931  87.917 0.3333329856
39140  14.128  -32.140  86.272 0.2222220004
39139  15.184  -32.179  86.158 0.1111110002
39111  17.193  -31.998  88.362 0.1111110002
39110  17.982  -32.474  88.384 0.1111110002
39108  19.444  -32.168  88.193 0.2222220004
42155  13.041  -30.270  89.630 0.3333329856
42152  15.993  -29.697  88.427 0.2222220004
43280  16.349  -29.690  87.778 0.1111110002
105178  15.159  -29.835  88.850 0.2222220004
108139  18.166  -29.799  87.908 0.2222220004
119553  18.778  -30.066  88.078 0.2222220004
41137  19.148  -30.148  87.235 0.2222220004
42154  13.669  -30.143  88.852 0.2222220004
103261  13.965  -29.966  88.065 0.2222220004
42173  16.640  -29.788  86.111 0.1111110002
101165  19.188  -31.158  84.949 0.2222220004
41116  12.178  -31.018  90.389 0.3333329856
43294  18.269  -28.948  86.079 0.2222220004
44232  17.817  -28.753  85.558 0.3333329856
117579  17.876  -28.801  85.552 0.3333329856
43418  34.827  -28.593  77.095 0.1111110002
46089  36.599  -26.199  78.304 0.4444440007
49699  29.507  -22.075  80.488 0.4444440007
49711  29.757  -21.856  79.748 0.4444440007
112081  45.598  -14.402  57.123 0.1111110002
57907  46.680  -13.829  56.555 0.1111110002
100680  46.159  -14.111  56.048 0.1111110002
56949  45.498  -14.428  56.381 0.1111110002
56980  47.268  -14.151  54.095 0.1111110002
57924  48.990  -13.493  55.526 0.1111110002
55855  46.004  -15.862  61.508 0.2222220004
55845  47.162  -15.830  62.750 0.2222220004
54798  45.649  -16.517  61.810 0.2222220004
56871  47.002  -14.910  61.630 0.2222220004
57853  46.999  -13.899  59.288 0.1111110002
56888  46.695  -14.655  60.719 0.2222220004
55868  44.950  -15.968  60.272 0.2222220004
112729  47.539  -13.391  58.901 0.1111110002
56923  45.630  -14.744  58.449 0.1111110002
55892  45.161  -15.279  58.965 0.1111110002
57891  47.633  -13.304  57.335 0.1111110002
56931  46.143  -14.231  57.780 0.1111110002
57892  46.880  -13.696  57.308 0.1111110002
110780  44.921  -14.982  57.535 0.1111110002
56968  46.929  -13.838  55.881 0.1111110002
54734  47.659  -16.051  65.239 0.4444440007
53745  46.428  -17.070  64.236 0.3333329856
53737  45.740  -17.521  64.660 0.4444440007
52765  44.230  -18.091  65.377 0.4444440007
53727  45.045  -17.895  65.051 0.4444440007
56843  48.372  -14.990  63.635 0.4444440007
56853  48.081  -14.808  62.987 0.4444440007
54761  46.334  -17.075  63.334 0.3333329856
108164  47.603  -14.521  62.149 0.2222220004
56887  47.078  -14.031  60.231 0.2222220004
57833  48.199  -13.072  61.197 0.1111110002
101432  49.149  -12.953  57.248 0.1111110002
57890  48.303  -13.003  57.508 0.1111110002
121220  47.332  -13.477  57.744 0.1111110002
110874  48.976  -13.270  56.377 0.1111110002
51796  42.204  -19.294  68.034 0.3333329856
113904  49.136  -14.094  64.320 0.4444440007
52743  41.692  -18.969  67.227 0.2222220004
57889  50.279  -13.133  57.325 0.2222220004
50813  42.357  -21.237  70.413 0.3333329856
49789  41.904  -21.759  70.841 0.3333329856
57760  49.242  -13.432  64.731 0.4444440007
58732  49.116  -12.696  64.588 0.4444440007
101414  37.309  -25.130  78.135 0.3333329856
46088  37.023  -25.648  78.308 0.4444440007
46096  37.221  -25.678  77.757 0.3333329856
46102  37.256  -25.665  77.006 0.3333329856
46948  37.317  -24.605  78.573 0.3333329856
109021  37.486  -25.107  77.415 0.3333329856
48054  44.934  -23.452  63.442 0.1111110002
47855  37.541  -24.386  77.939 0.3333329856
49038  42.361  -22.496  60.711 0.1111110002
49039  41.302  -22.447  60.392 0.1111110002
49915  40.816  -21.926  59.682 0.1111110002
49015  43.920  -22.948  61.992 0.1111110002
48074  43.122  -23.157  61.953 0.1111110002
49027  41.657  -22.837  61.015 0.1111110002
109478  40.295  -22.261  60.157 0.1111110002
48063  44.397  -23.218  62.750 0.1111110002
49028  40.740  -22.925  60.780 0.1111110002
49040  39.640  -22.596  60.489 0.1111110002
118460  37.586  -23.742  78.149 0.3333329856
47869  37.680  -24.388  77.006 0.3333329856
49914  41.793  -22.042  59.827 0.1111110002
49932  40.346  -21.398  59.008 0.1111110002
49026  43.160  -22.767  61.411 0.1111110002
110541  39.631  -21.165  59.320 0.1111110002
49916  39.294  -21.734  60.009 0.1111110002
49933  38.922  -20.918  59.804 0.1111110002
50910  40.080  -20.737  58.728 0.1111110002
51865  39.806  -19.805  59.326 0.1111110002
118864  40.213  -19.224  60.651 0.1111110002
50911  39.538  -20.400  59.385 0.1111110002
113894  38.971  -20.290  60.025 0.1111110002
51857  38.777  -19.874  60.647 0.1111110002
51849  39.237  -19.475  61.573 0.1111110002
51829  40.059  -19.209  62.905 0.1111110002
49931  41.265  -21.575  59.066 0.1111110002
50927  40.594  -20.287  58.192 0.1111110002
51842  38.649  -19.787  62.170 0.1111110002
51841  39.349  -19.447  62.569 0.1111110002
49037  43.414  -22.346  60.696 0.1111110002
52827  40.834  -18.867  59.553 0.1111110002
52816  40.831  -18.889  60.587 0.1111110002
51847  41.163  -18.781  61.550 0.1111110002
52785  42.777  -18.473  63.163 0.1111110002
47900  37.237  -23.466  74.878 0.2222220004
50928  40.076  -20.024  58.729 0.1111110002
51848  40.235  -19.150  61.373 0.1111110002
112383  41.878  -18.627  63.225 0.1111110002
52786  41.424  -18.727  64.065 0.1111110002
100288  39.627  -19.467  60.669 0.1111110002
51840  39.873  -19.189  62.167 0.1111110002
51874  40.653  -19.516  58.233 0.1111110002
112090  40.077  -19.274  63.705 0.1111110002
52783  44.176  -18.086  63.822 0.1111110002
105309  43.223  -18.383  63.922 0.1111110002
104005  41.721  -18.540  60.923 0.1111110002
101882  42.037  -18.582  61.678 0.1111110002
52796  43.166  -18.319  62.392 0.1111110002
101991  43.664  -18.247  64.708 0.2222220004
52805  42.459  -18.300  61.104 0.1111110002
112463  42.305  -18.545  64.001 0.1111110002
51864  40.324  -19.419  59.010 0.1111110002
116053  42.167  -18.261  60.524 0.1111110002
52814  42.208  -17.997  59.889 0.1111110002
52776  41.803  -18.613  64.812 0.2222220004
52839  40.839  -18.927  58.639 0.1111110002
52826  41.498  -18.317  59.097 0.1111110002
52777  41.081  -18.802  64.769 0.1111110002
102805  44.433  -18.069  64.623 0.2222220004
52784  43.631  -18.294  63.067 0.1111110002
53765  43.922  -17.942  62.274 0.1111110002
52766  42.129  -18.504  65.637 0.2222220004
117865  43.368  -18.077  61.796 0.1111110002
53799  43.436  -17.500  60.727 0.1111110002
102391  41.202  -18.847  65.587 0.1111110002
53782  44.453  -17.403  61.781 0.1111110002
53800  42.736  -17.880  60.572 0.1111110002
53798  44.155  -17.167  61.025 0.1111110002
53814  42.981  -17.390  59.844 0.1111110002
108294  42.807  -17.153  58.925 0.1111110002
54816  43.779  -16.888  60.269 0.1111110002
54831  43.519  -16.683  59.266 0.1111110002
54830  44.266  -16.337  59.854 0.1111110002
54844  44.108  -16.127  59.123 0.1111110002
53738  45.011  -17.824  64.187 0.2222220004
53747  44.961  -17.867  63.314 0.1111110002
53764  44.738  -17.667  62.557 0.1111110002
51797  41.653  -19.696  67.811 0.2222220004
50837  41.453  -20.541  67.929 0.1111110002
54799  44.860  -16.800  61.417 0.1111110002
54815  44.541  -16.561  60.651 0.1111110002
55880  44.698  -15.782  59.451 0.1111110002
50786  38.422  -20.503  71.211 0.2222220004
51785  41.802  -20.067  68.456 0.2222220004
50823  41.949  -20.652  69.116 0.1111110002
49821  41.592  -21.711  69.025 0.1111110002
49837  41.346  -21.482  68.120 0.1111110002
48932  41.120  -22.422  68.980 0.1111110002
47973  40.232  -22.603  68.821 0.1111110002
48933  39.950  -22.681  68.726 0.1111110002
49823  38.880  -21.453  68.704 0.1111110002
47989  40.015  -23.031  68.314 0.1111110002
48934  39.384  -22.434  68.324 0.1111110002
104853  39.462  -20.457  71.699 0.2222220004
104059  39.408  -20.635  70.718 0.2222220004
108510  42.060  -21.227  69.675 0.1111110002
50801  39.486  -20.879  69.976 0.2222220004
48917  41.081  -22.446  69.716 0.1111110002
48919  40.328  -22.393  69.204 0.1111110002
49805  39.840  -21.654  69.503 0.1111110002
48918  40.589  -22.308  69.550 0.1111110002
110540  40.080  -22.261  69.233 0.1111110002
118716  39.370  -21.571  69.132 0.1111110002
50767  40.098  -20.518  72.553 0.2222220004
50785  40.225  -20.893  70.976 0.2222220004
48901  41.484  -21.811  70.992 0.1111110002
48894  40.969  -21.652  71.073 0.1111110002
49790  40.123  -21.316  70.166 0.2222220004
49803  41.770  -21.832  70.008 0.2222220004
48916  41.310  -22.213  70.360 0.1111110002
48903  40.720  -22.067  70.339 0.1111110002
119840  40.581  -21.953  70.281 0.1111110002
49804  41.366  -22.261  69.644 0.2222220004
48904  40.445  -22.124  69.765 0.1111110002
58756  49.319  -11.509  62.714 0.3333329856
117882  49.049  -11.925  62.027 0.2222220004
49752  41.392  -21.372  73.242 0.2222220004
50784  40.604  -20.951  71.703 0.2222220004
49766  41.474  -21.486  72.537 0.1111110002
48884  41.558  -21.555  71.841 0.1111110002
107137  41.039  -21.359  71.863 0.1111110002
49778  40.751  -21.638  70.884 0.2222220004
59704  49.346  -10.835  63.077 0.2222220004
60575  49.331  -10.005  62.816 0.2222220004
60585  49.619  -10.373  62.228 0.2222220004
59715  49.529  -11.226  61.867 0.2222220004
59739  49.980  -11.571  59.950 0.2222220004
57931  54.136  -13.748  55.420 0.2222220004
59813  53.599  -11.374  51.173 0.2222220004
58789  49.531  -12.075  59.482 0.2222220004
57921  53.947  -14.243  56.251 0.1111110002
58867  53.834  -12.645  52.563 0.2222220004
60696  53.478  -11.304  51.931 0.2222220004
60718  53.936  -10.582  50.673 0.2222220004
112556  54.247  -10.383  49.969 0.2222220004
121169  54.408  -10.218  49.331 0.1111110002
115688  50.094  -9.888  61.621 0.2222220004
58804  49.660  -12.255  58.744 0.2222220004
111255  49.812  -13.400  56.099 0.1111110002
58857  53.764  -12.797  55.068 0.2222220004
58844  53.714  -13.393  55.859 0.2222220004
57900  53.459  -14.586  56.664 0.1111110002
58856  54.111  -13.236  54.296 0.2222220004
57922  51.477  -13.905  56.372 0.1111110002
57923  50.570  -13.597  55.824 0.1111110002
58860  53.853  -12.436  53.342 0.2222220004
108231  53.391  -10.638  52.046 0.2222220004
60709  53.234  -10.122  51.675 0.2222220004
60708  53.539  -10.674  51.368 0.2222220004
61587  53.595  -10.113  50.906 0.2222220004
105175  54.091  -9.739  50.181 0.2222220004
61608  54.373  -9.212  49.524 0.1111110002
62482  53.187  -8.900  49.191 0.1111110002
60724  54.435  -9.612  49.494 0.1111110002
58802  50.994  -12.659  58.194 0.2222220004
58820  50.701  -12.946  57.775 0.1111110002
57888  51.240  -13.386  57.262 0.1111110002
59779  53.337  -12.597  55.886 0.2222220004
58827  53.336  -13.646  56.687 0.1111110002
57901  52.960  -14.185  57.148 0.1111110002
57886  52.321  -14.075  57.445 0.1111110002
57903  50.773  -13.371  56.630 0.1111110002
111819  52.836  -14.501  56.910 0.1111110002
57887  51.910  -14.004  57.323 0.1111110002
58861  53.694  -12.172  54.171 0.2222220004
59799  53.573  -11.543  53.381 0.2222220004
59804  53.449  -11.008  52.661 0.2222220004
61588  53.147  -9.825  51.074 0.1111110002
62463  53.375  -9.530  50.572 0.1111110002
62464  52.796  -9.447  50.609 0.1111110002
62471  54.175  -8.962  49.609 0.1111110002
61598  53.956  -9.331  50.072 0.1111110002
62473  53.009  -9.026  49.879 0.1111110002
62472  53.697  -8.882  49.610 0.1111110002
61609  52.418  -9.329  49.428 0.1111110002
62481  54.071  -8.668  49.147 0.1111110002
58801  51.768  -12.848  58.321 0.2222220004
58819  51.535  -13.408  57.664 0.1111110002
59793  53.353  -11.851  54.989 0.2222220004
58828  52.687  -13.530  57.346 0.1111110002
60659  52.960  -10.957  54.904 0.2222220004
114501  53.028  -10.579  54.233 0.2222220004
57902  51.631  -13.822  56.995 0.1111110002
102019  53.355  -11.258  54.175 0.2222220004
60697  53.187  -10.072  52.609 0.2222220004
60689  53.240  -10.583  53.465 0.2222220004
62466  51.388  -9.860  51.229 0.1111110002
62454  52.800  -9.656  51.317 0.1111110002
62455  52.343  -9.616  51.504 0.1111110002
62465  52.022  -9.674  50.921 0.1111110002
59746  51.839  -11.247  58.367 0.2222220004
60636  52.188  -10.886  57.533 0.2222220004
59761  52.190  -11.920  57.993 0.2222220004
114924  51.901  -12.113  58.528 0.2222220004
99836  52.506  -11.706  57.100 0.2222220004
59769  52.858  -12.624  56.794 0.2222220004
103755  52.407  -12.712  57.670 0.2222220004
58818  52.173  -13.456  57.874 0.1111110002
103734  52.797  -9.490  52.825 0.2222220004
61557  52.982  -9.779  53.270 0.2222220004
62457  51.124  -9.907  52.089 0.1111110002
62458  50.456  -10.067  52.624 0.1111110002
61573  52.403  -9.282  52.697 0.2222220004
62445  52.095  -9.415  52.235 0.1111110002
62456  51.734  -9.662  51.722 0.1111110002
62364  50.383  -9.037  58.220 0.2222220004
62378  49.288  -8.597  58.057 0.1111110002
61507  51.893  -9.897  57.102 0.2222220004
61508  51.160  -9.399  57.616 0.2222220004
62377  49.708  -8.749  58.236 0.1111110002
60649  52.366  -10.669  56.552 0.2222220004
61524  51.232  -9.270  56.651 0.2222220004
62376  50.413  -9.185  57.128 0.2222220004
59780  52.799  -11.542  55.912 0.2222220004
61523  52.037  -9.727  56.166 0.2222220004
61533  51.360  -9.184  55.721 0.2222220004
60660  52.541  -10.406  55.558 0.2222220004
62409  51.569  -9.140  54.850 0.2222220004
60674  52.672  -10.128  54.703 0.2222220004
61545  52.284  -9.422  54.372 0.2222220004
61558  52.452  -9.343  53.484 0.2222220004
62447  50.698  -9.733  52.958 0.1111110002
109396  51.855  -9.266  52.844 0.1111110002
62433  51.139  -9.426  53.409 0.1111110002
102919  49.774  -9.070  57.393 0.1111110002
120168  49.987  -9.126  56.767 0.1111110002
62396  50.518  -8.944  56.237 0.1111110002
116909  51.832  -9.184  53.401 0.1111110002
62410  50.809  -8.992  55.301 0.2222220004
62411  50.202  -8.723  55.721 0.1111110002
116622  37.460  -23.753  75.648 0.2222220004
50766  40.979  -21.179  72.540 0.2222220004
60570  49.091  -10.406  63.310 0.2222220004
53781  45.207  -17.100  62.159 0.1111110002
55879  45.386  -15.421  59.843 0.1111110002
114212  43.193  -18.243  65.730 0.2222220004
48885  41.325  -21.472  71.834 0.1111110002
53746  45.679  -17.488  63.745 0.2222220004
53763  45.540  -17.441  62.902 0.1111110002
52756  41.637  -18.718  66.330 0.1111110002
116082  40.002  -21.713  59.584 0.1111110002
50899  38.414  -20.534  60.380 0.1111110002
50898  39.389  -19.826  59.941 0.1111110002
51856  40.094  -19.327  59.924 0.1111110002
49945  40.840  -21.036  58.439 0.1111110002
49913  42.865  -21.926  59.836 0.1111110002
51850  38.502  -19.889  61.382 0.1111110002
117067  39.550  -19.459  63.271 0.1111110002
52797  42.380  -18.542  62.422 0.1111110002
52798  41.511  -18.744  62.406 0.1111110002
51839  40.625  -18.984  62.297 0.1111110002
51828  40.900  -18.957  63.275 0.1111110002
52815  41.564  -18.486  60.099 0.1111110002
114393  42.786  -18.346  61.747 0.1111110002
52775  42.718  -18.431  64.800 0.2222220004
53784  43.117  -17.980  61.214 0.1111110002
53815  42.254  -17.673  59.050 0.1111110002
53748  44.341  -18.100  62.963 0.1111110002
53783  43.753  -17.678  61.447 0.1111110002
50824  41.637  -20.913  68.512 0.2222220004
48948  41.098  -22.232  68.293 0.1111110002
47972  40.692  -22.518  68.860 0.1111110002
49822  39.677  -22.146  68.944 0.1111110002
49839  38.586  -21.777  67.861 0.1111110002
49806  38.915  -20.932  69.456 0.2222220004
48902  41.076  -21.999  70.751 0.1111110002
48893  41.163  -21.607  71.270 0.1111110002
107966  40.829  -22.275  70.177 0.1111110002
120469  49.514  -10.961  62.536 0.2222220004
59807  53.462  -12.091  51.877 0.2222220004
59803  53.621  -11.854  52.603 0.2222220004
61599  53.680  -9.653  50.500 0.2222220004
61620  52.506  -9.351  48.589 0.1111110002
62480  54.651  -8.846  48.991 0.1111110002
56930  52.364  -14.250  57.154 0.1111110002
109094  53.579  -9.112  49.981 0.1111110002
61544  52.798  -9.971  53.929 0.2222220004
61572  52.805  -9.682  52.061 0.2222220004
61589  50.798  -10.132  51.709 0.1111110002
62446  51.467  -9.538  52.520 0.1111110002
62444  52.500  -9.515  52.011 0.1111110002
61532  52.196  -9.518  55.245 0.2222220004
32994  12.455  -39.675  89.364 0.1111110002
35678  13.013  -37.518  87.581 0.2222220004
34734  12.974  -37.536  88.705 0.2222220004
33762  12.886  -38.910  89.342 0.1111110002
32995  11.617  -39.520  89.321 0.1111110002
33775  13.203  -38.139  89.154 0.1111110002
33004  12.317  -40.449  88.926 0.1111110002
33784  11.710  -39.396  88.184 0.1111110002
33763  11.541  -38.058  89.747 0.1111110002
113258  11.991  -38.868  89.542 0.1111110002
101795  10.849  -38.817  89.668 0.1111110002
120212  12.777  -37.441  89.145 0.1111110002
33005  11.474  -39.656  89.153 0.1111110002
33006  10.384  -39.305  89.201 0.1111110002
35669  12.196  -37.001  89.366 0.1111110002
115903  11.810  -37.339  89.646 0.1111110002
104761  12.258  -36.768  88.757 0.2222220004
34720  10.267  -37.504  90.225 0.1111110002
34729  10.805  -38.024  89.995 0.1111110002
99825  11.923  -35.991  87.815 0.2222220004
108670  9.972  -38.721  89.826 0.1111110002
33755  9.551  -38.230  90.182 0.1111110002
35679  12.389  -36.536  87.105 0.2222220004
36581  11.223  -35.666  89.574 0.2222220004
35670  11.440  -36.559  89.746 0.2222220004
36584  11.726  -35.175  88.173 0.2222220004
114215  11.733  -35.927  88.525 0.2222220004
35673  11.689  -36.239  89.153 0.2222220004
36594  11.857  -35.419  86.697 0.2222220004
37427  11.493  -33.890  88.860 0.2222220004
36575  10.975  -35.802  90.069 0.2222220004
37423  11.206  -34.640  89.357 0.2222220004
119450  11.857  -33.521  88.406 0.2222220004
114086  11.516  -34.623  88.601 0.2222220004
36585  11.411  -35.381  88.849 0.2222220004
37426  11.832  -34.114  87.947 0.2222220004
115553  11.250  -33.947  89.487 0.2222220004
37418  10.949  -34.986  89.960 0.2222220004
36576  10.369  -35.810  90.366 0.2222220004
38289  12.157  -33.083  88.069 0.2222220004
39129  12.623  -32.525  87.990 0.2222220004
38262  9.986  -34.005  90.424 0.2222220004
38268  11.031  -33.921  89.998 0.2222220004
37419  10.572  -34.403  90.232 0.2222220004
38273  11.494  -33.347  89.671 0.2222220004
38278  11.916  -33.127  88.975 0.2222220004
39115  12.432  -32.475  88.856 0.2222220004
40096  9.406  -32.805  90.528 0.2222220004
40102  9.960  -32.208  90.462 0.2222220004
40095  9.956  -32.558  90.681 0.2222220004
39094  9.884  -33.022  90.781 0.2222220004
40101  10.559  -32.050  90.579 0.2222220004
39093  10.336  -32.871  90.721 0.2222220004
40100  11.125  -31.924  90.578 0.2222220004
39099  10.904  -32.516  90.593 0.2222220004
38269  10.588  -33.340  90.450 0.2222220004
40099  12.474  -31.267  90.389 0.2222220004
40110  12.676  -31.614  90.251 0.2222220004
39098  11.811  -31.924  90.434 0.2222220004
39104  11.325  -32.842  90.268 0.2222220004
39103  12.133  -32.442  89.929 0.2222220004
43305  17.390  -29.205  85.680 0.2222220004
39102  12.872  -31.874  89.649 0.2222220004
42188  15.994  -29.970  85.117 0.1111110002
40103  9.375  -32.608  90.086 0.1111110002
42165  13.860  -30.385  87.324 0.1111110002
40111  10.574  -31.791  90.250 0.2222220004
117443  9.959  -31.972  90.035 0.2222220004
41117  11.335  -31.467  90.354 0.2222220004
41130  11.040  -31.225  89.854 0.2222220004
42187  16.714  -29.668  85.338 0.1111110002
42203  16.635  -29.776  84.617 0.1111110002
40112  9.812  -32.468  89.385 0.1111110002
42166  13.350  -30.302  87.985 0.1111110002
99641  10.428  -31.874  89.548 0.1111110002
41138  13.246  -30.688  87.228 0.1111110002
41129  11.603  -30.991  89.081 0.2222220004
41128  12.240  -30.788  88.566 0.1111110002
40120  11.397  -31.567  88.263 0.1111110002
43316  17.575  -28.762  84.217 0.1111110002
41139  12.615  -30.788  87.728 0.1111110002
121267  17.025  -29.367  84.218 0.1111110002
41146  13.582  -30.727  86.453 0.1111110002
39184  19.077  -32.178  82.695 0.2222220004
39207  24.805  -32.028  80.193 0.1111110002
39208  24.115  -31.662  79.817 0.1111110002
39221  23.995  -31.795  78.944 0.1111110002
40214  23.284  -31.315  79.422 0.1111110002
118228  19.402  -31.766  80.104 0.1111110002
40224  23.219  -31.550  78.526 0.1111110002
40218  19.658  -31.726  79.428 0.1111110002
39236  23.858  -32.003  78.065 0.1111110002
39237  23.059  -31.661  77.713 0.1111110002
40228  19.929  -31.715  78.769 0.1111110002
39239  19.473  -32.429  78.918 0.1111110002
40217  20.284  -31.168  79.130 0.1111110002
40225  22.397  -31.294  78.105 0.1111110002
40227  20.557  -31.378  78.373 0.1111110002
120369  22.501  -31.530  77.548 0.1111110002
40239  21.916  -31.480  77.472 0.1111110002
107049  18.982  -27.300  83.057 0.2222220004
41234  20.694  -30.502  79.501 0.1111110002
41233  21.594  -30.522  79.408 0.1111110002
40216  21.069  -30.857  78.837 0.1111110002
101223  21.942  -31.050  78.832 0.1111110002
40226  21.448  -31.207  78.149 0.1111110002
40240  20.852  -31.745  77.534 0.1111110002
39255  22.616  -31.881  76.991 0.1111110002
39256  21.598  -32.002  76.835 0.1111110002
44318  36.447  -26.925  78.059 0.2222220004
44336  36.374  -26.945  77.410 0.2222220004
45189  36.912  -26.180  77.990 0.3333329856
45200  36.724  -26.444  77.632 0.1111110002
45208  36.171  -26.764  76.596 0.1111110002
45206  37.040  -26.043  77.511 0.2222220004
45207  36.793  -26.264  76.983 0.1111110002
45217  35.884  -26.509  75.760 0.1111110002
46111  36.147  -25.972  75.264 0.1111110002
45226  35.524  -26.160  74.748 0.1111110002
46109  37.146  -25.383  76.219 0.1111110002
46103  36.924  -25.799  76.443 0.1111110002
46983  36.927  -25.116  75.480 0.1111110002
45216  36.507  -26.162  76.124 0.1111110002
46110  36.714  -25.623  75.754 0.1111110002
46121  36.203  -25.093  74.179 0.1111110002
46118  35.845  -25.617  74.471 0.1111110002
45233  35.144  -25.929  73.984 0.1111110002
46129  35.444  -25.011  72.851 0.1111110002
46123  34.999  -25.651  73.236 0.1111110002
46982  37.304  -24.926  75.948 0.1111110002
46997  36.664  -24.805  74.686 0.1111110002
46117  36.445  -25.373  74.964 0.1111110002
47010  35.938  -24.828  73.524 0.1111110002
46122  35.599  -25.337  73.707 0.1111110002
46135  35.050  -24.947  71.996 0.1111110002
46130  34.739  -25.512  72.475 0.1111110002
46136  34.481  -25.392  71.713 0.1111110002
47883  37.517  -24.405  76.155 0.1111110002
46996  37.166  -24.425  75.304 0.1111110002
109009  36.392  -24.533  73.857 0.1111110002
47021  36.064  -24.288  72.975 0.1111110002
117290  34.789  -24.939  71.362 0.1111110002
47046  34.782  -24.627  70.691 0.1111110002
47975  34.678  -24.216  69.772 0.1111110002
102143  35.248  -23.485  69.644 0.1111110002
110385  36.729  -21.158  68.670 0.1111110002
48935  35.984  -21.915  68.898 0.1111110002
47974  35.156  -23.152  68.894 0.1111110002
47901  36.821  -24.075  74.362 0.1111110002
47919  36.568  -23.799  73.504 0.1111110002
47932  36.083  -23.681  72.166 0.1111110002
47947  35.738  -23.835  71.389 0.1111110002
47030  35.264  -24.480  71.354 0.1111110002
47959  35.833  -23.301  70.813 0.1111110002
47045  35.368  -23.897  70.531 0.1111110002
48905  36.116  -22.586  70.660 0.1111110002
50802  38.598  -20.570  70.308 0.1111110002
48906  35.726  -23.066  70.139 0.1111110002
50814  37.903  -20.638  69.822 0.1111110002
48920  36.082  -22.269  69.850 0.1111110002
49808  36.542  -21.476  69.578 0.1111110002
48921  35.601  -22.744  69.360 0.1111110002
49807  37.294  -20.825  69.272 0.1111110002
48876  36.698  -22.871  73.183 0.1111110002
47931  36.402  -23.534  72.801 0.1111110002
48887  36.514  -22.710  72.236 0.1111110002
47946  36.134  -23.042  71.418 0.1111110002
49767  36.893  -21.674  71.959 0.1111110002
48895  36.460  -22.138  71.308 0.1111110002
55725  39.340  -15.892  70.517 0.2222220004
55738  39.359  -16.254  69.604 0.2222220004
56762  38.392  -15.381  70.952 0.2222220004
43317  17.123  -29.131  84.861 0.1111110002
43304  17.700  -28.752  85.015 0.2222220004
42220  16.616  -29.895  83.866 0.1111110002
40202  19.827  -31.005  79.931 0.1111110002
35662  10.723  -36.591  90.192 0.1111110002
113766  15.969  -29.889  86.561 0.1111110002
101309  10.649  -35.195  90.246 0.2222220004
100517  10.031  -33.273  90.699 0.2222220004
46969  37.481  -25.038  76.623 0.1111110002
50825  38.164  -20.758  69.071 0.1111110002
34728  12.473  -37.911  89.467 0.1111110002
105318  10.801  -39.339  89.315 0.1111110002
34719  11.126  -37.334  89.980 0.1111110002
33764  10.269  -38.290  89.989 0.1111110002
39092  10.435  -32.476  90.668 0.2222220004
104755  11.808  -31.466  90.431 0.2222220004
39220  24.708  -32.086  79.349 0.1111110002
109757  22.660  -31.258  78.891 0.1111110002
104855  35.709  -26.318  75.228 0.1111110002
47022  35.622  -24.408  72.122 0.1111110002
55753  38.660  -16.233  69.095 0.2222220004
44307  23.547  -27.263  79.521 0.1111110002
45193  21.927  -27.130  79.381 0.1111110002
45182  20.811  -27.150  79.614 0.1111110002
119572  20.423  -27.077  80.151 0.1111110002
45169  19.840  -27.141  80.452 0.1111110002
45194  21.352  -27.223  79.129 0.1111110002
44273  18.849  -27.416  82.347 0.1111110002
44283  18.697  -27.547  81.434 0.1111110002
99525  31.514  -22.587  77.262 0.1111110002
49727  33.023  -22.402  77.666 0.1111110002
56763  36.365  -14.802  70.876 0.1111110002
56746  37.699  -15.020  71.496 0.1111110002
55727  37.433  -15.046  70.611 0.1111110002
55739  37.393  -15.305  69.659 0.1111110002
55726  38.338  -15.750  69.956 0.1111110002
55776  38.812  -16.619  68.355 0.1111110002
54710  38.826  -16.794  67.498 0.1111110002
55752  39.516  -16.534  68.793 0.1111110002
55775  39.604  -16.631  67.975 0.1111110002
55821  41.223  -16.163  65.066 0.1111110002
54721  40.156  -16.526  66.686 0.1111110002
54709  39.645  -16.658  67.254 0.1111110002
54736  40.817  -16.242  65.973 0.1111110002
40159  19.209  -31.446  84.400 0.2222220004
39173  19.367  -32.377  83.701 0.2222220004
54737  39.862  -16.712  65.890 0.1111110002
103075  37.012  -14.895  71.372 0.1111110002
56778  36.754  -14.800  70.087 0.1111110002
56764  35.336  -14.774  70.691 0.1111110002
57930  54.512  -14.350  55.019 0.1111110002
56974  54.846  -15.244  54.677 0.1111110002
56985  54.728  -15.086  53.647 0.1111110002
56997  54.593  -14.861  52.719 0.1111110002
57005  54.329  -14.659  51.787 0.1111110002
57008  53.762  -14.373  50.403 0.1111110002
55969  54.493  -15.817  50.687 0.1111110002
110365  54.122  -13.274  53.247 0.1111110002
121291  54.059  -13.328  52.564 0.1111110002
57943  54.175  -13.881  52.246 0.1111110002
57945  53.834  -14.029  51.011 0.1111110002
57007  54.118  -14.946  50.942 0.1111110002
57037  55.321  -14.737  43.971 0.1111110002
106328  53.747  -12.971  51.877 0.1111110002
57946  53.537  -13.598  50.262 0.1111110002
57948  53.341  -13.297  49.341 0.1111110002
57950  53.439  -13.393  48.425 0.1111110002
58879  53.536  -12.878  47.731 0.1111110002
57952  54.094  -13.373  46.760 0.1111110002
116740  54.631  -13.248  46.076 0.1111110002
57963  55.082  -13.623  45.498 0.1111110002
57962  55.402  -14.096  44.590 0.1111110002
109742  55.148  -13.149  44.842 0.1111110002
57973  55.298  -13.918  43.585 0.1111110002
58869  53.491  -12.180  51.155 0.1111110002
106820  53.510  -12.584  50.093 0.1111110002
118681  53.399  -12.542  49.411 0.1111110002
58873  53.646  -11.874  49.475 0.1111110002
58875  53.416  -12.456  48.705 0.1111110002
59835  53.704  -12.001  48.005 0.1111110002
58881  54.287  -12.413  46.362 0.1111110002
58878  53.860  -12.120  47.169 0.1111110002
58893  54.738  -12.639  45.611 0.1111110002
116998  55.326  -13.435  44.107 0.1111110002
111448  55.266  -13.087  43.499 0.1111110002
57991  55.157  -13.359  42.969 0.1111110002
58925  54.949  -12.762  42.375 0.1111110002
58006  54.733  -13.574  42.772 0.1111110002
58871  53.842  -11.481  50.348 0.1111110002
59819  54.146  -10.956  49.480 0.1111110002
59834  54.429  -11.218  47.914 0.1111110002
101374  54.524  -11.354  46.897 0.1111110002
59839  55.062  -10.964  46.161 0.1111110002
101784  54.623  -11.804  46.105 0.1111110002
59850  54.870  -11.780  45.580 0.1111110002
59849  55.292  -11.332  45.201 0.1111110002
59865  55.342  -11.805  44.358 0.1111110002
58903  55.238  -12.686  44.211 0.1111110002
117545  55.598  -11.518  43.727 0.1111110002
58924  55.286  -12.605  42.859 0.1111110002
58926  54.159  -13.017  42.323 0.1111110002
111555  55.308  -12.175  42.330 0.1111110002
58932  54.559  -12.356  41.899 0.1111110002
58933  53.735  -12.070  41.722 0.1111110002
111283  52.521  -12.245  42.441 0.1111110002
58928  51.997  -12.074  42.813 0.1111110002
59826  54.466  -10.598  48.728 0.1111110002
60742  55.085  -10.159  48.081 0.1111110002
60749  55.604  -9.909  46.612 0.1111110002
115816  55.097  -10.403  47.150 0.1111110002
60767  55.686  -10.354  45.605 0.1111110002
60781  55.744  -10.818  44.475 0.1111110002
60780  56.199  -10.073  43.984 0.1111110002
59874  55.594  -11.743  42.869 0.1111110002
60789  55.959  -10.906  43.407 0.1111110002
59883  55.512  -11.543  42.086 0.1111110002
59884  55.116  -12.021  41.895 0.1111110002
116486  53.879  -11.146  41.225 0.1111110002
59895  52.917  -11.266  41.494 0.1111110002
59887  50.566  -11.299  42.545 0.1111110002
59894  54.565  -11.641  41.551 0.1111110002
58934  52.717  -11.874  41.963 0.1111110002
59885  51.972  -11.592  42.251 0.1111110002
59886  51.283  -11.433  42.394 0.1111110002
60800  55.886  -10.949  42.540 0.1111110002
102366  55.662  -10.775  41.840 0.1111110002
60811  55.391  -10.454  41.251 0.1111110002
59888  49.786  -11.146  42.650 0.1111110002
60801  49.280  -10.839  41.896 0.1111110002
60828  54.119  -10.319  40.789 0.1111110002
59897  51.204  -11.127  41.809 0.1111110002
59898  50.518  -11.070  41.814 0.1111110002
59899  49.971  -11.065  41.952 0.1111110002
60827  55.011  -10.077  40.781 0.1111110002
60813  53.109  -10.524  40.972 0.1111110002
60814  52.128  -10.634  41.328 0.1111110002
105286  54.073  -8.828  40.569 0.1111110002
61692  53.316  -9.469  40.611 0.1111110002
61677  56.257  -9.428  42.424 0.1111110002
60799  55.847  -9.959  41.659 0.1111110002
61683  55.643  -9.555  41.016 0.1111110002
121047  55.866  -8.936  41.116 0.1111110002
60815  51.225  -10.777  41.373 0.1111110002
60816  50.483  -10.765  41.327 0.1111110002
62551  55.633  -8.660  40.796 0.1111110002
60829  52.279  -9.957  40.841 0.1111110002
60830  51.349  -10.255  40.957 0.1111110002
60831  50.630  -10.474  40.994 0.1111110002
61691  54.480  -9.495  40.635 0.1111110002
61693  52.324  -9.253  40.603 0.1111110002
62553  53.484  -8.520  40.500 0.1111110002
61682  56.024  -9.107  41.533 0.1111110002
62546  56.034  -8.378  41.242 0.1111110002
64272  56.057  -7.017  40.997 0.1111110002
64258  55.967  -6.855  41.395 0.1111110002
105339  55.212  -7.799  40.520 0.1111110002
64286  55.489  -6.829  40.613 0.1111110002
112456  55.260  -5.931  40.581 0.1111110002
62552  54.858  -8.703  40.542 0.1111110002
107341  54.175  -7.919  40.469 0.1111110002
62555  51.859  -8.707  40.514 0.1111110002
65021  55.482  -5.427  40.990 0.1111110002
63474  54.603  -6.955  40.369 0.1111110002
65035  54.926  -5.247  40.583 0.1111110002
63475  53.774  -6.990  40.327 0.1111110002
108727  53.458  -6.366  40.367 0.1111110002
108726  52.524  -6.499  40.522 0.1111110002
63477  51.909  -7.265  40.516 0.1111110002
64290  52.186  -5.916  40.814 0.1111110002
64288  53.881  -5.756  40.346 0.1111110002
65038  52.745  -5.345  40.827 0.1111110002
65796  53.143  -4.746  40.938 0.1111110002
65039  52.045  -5.474  41.206 0.1111110002
103104  54.428  -14.187  53.963 0.1111110002
57937  54.376  -14.054  53.022 0.1111110002
113777  53.902  -13.687  51.605 0.1111110002
118633  53.545  -12.290  50.659 0.1111110002
57944  53.533  -13.046  50.974 0.1111110002
57949  54.000  -14.068  47.765 0.1111110002
57953  54.924  -14.035  46.171 0.1111110002
57028  55.356  -14.516  45.469 0.1111110002
59827  53.892  -11.452  48.717 0.1111110002
58892  55.048  -12.254  44.961 0.1111110002
104385  55.391  -12.258  43.556 0.1111110002
57992  55.109  -13.974  43.057 0.1111110002
119760  54.753  -10.761  47.510 0.1111110002
58927  53.235  -12.658  42.299 0.1111110002
60741  55.516  -9.452  47.514 0.1111110002
59893  55.216  -11.244  41.595 0.1111110002
59875  51.256  -11.922  43.281 0.1111110002
59876  50.361  -11.613  43.398 0.1111110002
60812  54.724  -10.838  41.156 0.1111110002
59896  52.007  -11.176  41.796 0.1111110002
116176  56.007  -10.291  42.264 0.1111110002
59889  48.864  -10.969  42.749 0.1111110002
61690  55.196  -9.343  40.701 0.1111110002
61694  51.529  -9.510  40.695 0.1111110002
62554  52.732  -8.606  40.476 0.1111110002
106242  53.212  -7.803  40.413 0.1111110002
63467  56.051  -7.591  41.377 0.1111110002
62550  55.921  -7.699  40.879 0.1111110002
64273  55.839  -6.317  40.974 0.1111110002
64259  55.674  -6.113  41.490 0.1111110002
117795  54.776  -6.304  40.388 0.1111110002
109707  54.176  -6.285  40.319 0.1111110002
63476  52.888  -7.111  40.339 0.1111110002
64289  53.095  -5.835  40.513 0.1111110002
106241  52.323  -7.909  40.424 0.1111110002
65037  53.529  -5.236  40.530 0.1111110002
65797  52.417  -4.993  41.348 0.1111110002
109389  13.448  -38.298  87.447 0.1111110002
33774  13.444  -39.128  89.087 0.1111110002
33003  13.464  -40.043  89.064 0.1111110002
115491  12.373  -36.965  88.003 0.1111110002
108460  11.742  -34.980  87.485 0.1111110002
37447  11.692  -34.209  86.793 0.1111110002
38312  12.644  -33.341  85.067 0.1111110002
36605  11.906  -34.616  86.063 0.1111110002
38301  12.227  -33.249  86.422 0.1111110002
101382  12.293  -33.491  85.657 0.1111110002
115496  19.307  -31.975  84.251 0.1111110002
39151  14.362  -32.465  85.446 0.1111110002
38311  13.424  -32.859  85.180 0.1111110002
39123  19.913  -32.836  87.828 0.1111110002
101852  14.067  -32.922  84.807 0.1111110002
39162  19.688  -32.577  84.549 0.1111110002
39149  20.068  -32.707  85.486 0.1111110002
100252  20.231  -32.935  87.172 0.1111110002
39137  20.319  -32.847  86.425 0.1111110002
38284  20.226  -33.615  87.336 0.1111110002
41140  11.843  -31.082  88.002 0.1111110002
40147  20.035  -31.925  86.118 0.1111110002
39107  19.839  -31.934  87.945 0.1111110002
110953  20.181  -32.313  86.859 0.1111110002
36645  31.897  -35.302  79.531 0.1111110002
38378  32.629  -34.180  79.511 0.1111110002
37526  32.247  -34.864  79.408 0.1111110002
36656  31.980  -35.265  78.986 0.1111110002
102164  32.445  -33.674  78.579 0.1111110002
39249  33.224  -32.208  78.479 0.1111110002
41251  34.103  -30.611  78.040 0.1111110002
40237  33.161  -31.564  78.011 0.1111110002
115210  32.811  -31.256  77.453 0.1111110002
44337  35.957  -27.690  77.827 0.1111110002
41260  33.673  -30.318  77.343 0.1111110002
41261  32.923  -30.640  77.013 0.1111110002
42286  35.034  -29.506  78.053 0.1111110002
42287  34.370  -29.892  77.707 0.1111110002
40121  10.942  -31.666  88.898 0.1111110002
37532  32.405  -34.614  79.152 0.1111110002
41252  33.493  -31.016  77.709 0.1111110002
40128  19.902  -31.368  87.796 0.1111110002
39122  20.024  -32.191  87.496 0.1111110002
39142  12.442  -32.768  87.242 0.1111110002
34733  13.430  -38.448  88.467 0.1111110002
115605  11.991  -33.443  87.267 0.1111110002
35685  12.831  -37.106  86.495 0.1111110002
35693  12.263  -36.045  85.203 0.1111110002
111981  12.012  -35.307  85.667 0.1111110002
38323  12.537  -33.802  84.529 0.1111110002
38300  12.801  -32.888  85.724 0.1111110002
36614  12.113  -35.215  84.816 0.1111110002
37459  12.103  -34.236  85.228 0.1111110002
38310  14.853  -32.903  84.855 0.1111110002
34718  6.072  -37.319  90.481 0.1111110002
38265  7.866  -33.778  90.598 0.3333329856
40146  26.714  -30.959  84.610 0.4444440007
41154  27.336  -30.441  84.831 0.6666669846
42254  29.490  -29.291  80.080 0.3333329856
42276  29.221  -29.265  78.939 0.4444440007
42299  27.512  -29.498  76.679 0.1111110002
42311  26.364  -29.559  75.653 0.1111110002
45218  35.188  -26.694  75.247 0.1111110002
46891  29.531  -24.419  82.289 0.8888890147
48795  30.390  -22.239  82.235 0.7777780294
48808  29.376  -22.511  81.144 0.5555559993
48863  33.270  -22.435  74.859 0.1111110002
49658  31.814  -21.628  82.363 0.8888890147
49659  31.091  -21.943  82.358 0.7777780294
49670  35.701  -20.975  81.699 0.7777780294
49674  32.090  -21.211  82.320 0.8888890147
49718  31.778  -21.906  78.580 0.2222220004
49737  33.729  -21.955  75.155 0.1111110002
50662  31.701  -20.989  81.660 0.7777780294
51626  35.580  -20.407  81.554 0.7777780294
51636  37.077  -19.920  80.933 0.8888890147
51639  34.258  -20.389  81.472 0.8888890147
53572  37.833  -18.341  79.815 0.7777780294
53574  36.754  -18.137  79.666 0.7777780294
53575  36.416  -18.474  79.908 0.7777780294
54594  37.775  -17.338  79.128 0.7777780294
54609  37.519  -17.450  78.586 0.6666669846
54673  35.687  -16.614  72.147 0.1111110002
54722  39.291  -16.796  66.645 0.1111110002
56667  38.554  -15.546  76.374 0.4444440007
100300  33.514  -20.564  81.525 0.8888890147
104737  29.348  -22.187  78.990 0.3333329856
105656  29.720  -27.779  79.637 0.4444440007
106475  37.748  -17.041  77.920 0.7777780294
111637  28.475  -24.697  80.161 0.2222220004
112780  5.655  -35.671  90.568 0.1111110002
114437  42.190  -18.738  75.239 0.7777780294
115131  39.721  -15.824  71.054 0.2222220004
116978  36.141  -20.973  81.532 0.7777780294
117379  36.555  -19.136  81.148 0.8888890147
117706  35.868  -21.321  81.611 0.7777780294
118521  29.011  -22.974  81.129 0.5555559993
118905  37.850  -15.664  74.864 0.3333329856
119146  36.872  -18.010  79.216 0.7777780294
119623  16.301  -29.853  85.605 0.1111110002
119887  16.482  -29.678  88.042 0.1111110002
