global_signal	global_signal_derivative1	global_signal_power2	global_signal_derivative1_power2	csf	csf_derivative1	csf_power2	csf_derivative1_power2	white_matter	white_matter_derivative1	white_matter_power2	white_matter_derivative1_power2	csf_wm	tcompcor	std_dvars	dvars	framewise_displacement	rmsd	t_comp_cor_00	t_comp_cor_01	t_comp_cor_02	t_comp_cor_03	t_comp_cor_04	c_comp_cor_00	c_comp_cor_01	c_comp_cor_02	c_comp_cor_03	c_comp_cor_04	c_comp_cor_05	c_comp_cor_06	w_comp_cor_00	w_comp_cor_01	w_comp_cor_02	w_comp_cor_03	w_comp_cor_04	w_comp_cor_05	w_comp_cor_06	w_comp_cor_07	w_comp_cor_08	w_comp_cor_09	w_comp_cor_10	w_comp_cor_11	w_comp_cor_12	w_comp_cor_13	w_comp_cor_14	w_comp_cor_15	w_comp_cor_16	w_comp_cor_17	w_comp_cor_18	w_comp_cor_19	w_comp_cor_20	w_comp_cor_21	w_comp_cor_22	w_comp_cor_23	w_comp_cor_24	w_comp_cor_25	w_comp_cor_26	w_comp_cor_27	w_comp_cor_28	w_comp_cor_29	w_comp_cor_30	w_comp_cor_31	w_comp_cor_32	w_comp_cor_33	w_comp_cor_34	w_comp_cor_35	a_comp_cor_00	a_comp_cor_01	a_comp_cor_02	a_comp_cor_03	a_comp_cor_04	a_comp_cor_05	a_comp_cor_06	a_comp_cor_07	a_comp_cor_08	a_comp_cor_09	a_comp_cor_10	a_comp_cor_11	a_comp_cor_12	a_comp_cor_13	a_comp_cor_14	a_comp_cor_15	a_comp_cor_16	a_comp_cor_17	a_comp_cor_18	a_comp_cor_19	a_comp_cor_20	a_comp_cor_21	a_comp_cor_22	a_comp_cor_23	a_comp_cor_24	a_comp_cor_25	a_comp_cor_26	a_comp_cor_27	a_comp_cor_28	a_comp_cor_29	a_comp_cor_30	edge_comp_00	edge_comp_01	edge_comp_02	edge_comp_03	edge_comp_04	edge_comp_05	edge_comp_06	edge_comp_07	edge_comp_08	edge_comp_09	edge_comp_10	edge_comp_11	edge_comp_12	edge_comp_13	edge_comp_14	edge_comp_15	edge_comp_16	edge_comp_17	edge_comp_18	edge_comp_19	edge_comp_20	edge_comp_21	edge_comp_22	edge_comp_23	cosine00	cosine01	cosine02	cosine03	trans_x	trans_x_derivative1	trans_x_derivative1_power2	trans_x_power2	trans_y	trans_y_derivative1	trans_y_power2	trans_y_derivative1_power2	trans_z	trans_z_derivative1	trans_z_derivative1_power2	trans_z_power2	rot_x	rot_x_derivative1	rot_x_derivative1_power2	rot_x_power2	rot_y	rot_y_derivative1	rot_y_derivative1_power2	rot_y_power2	rot_z	rot_z_derivative1	rot_z_derivative1_power2	rot_z_power2	motion_outlier00	motion_outlier01	motion_outlier02	motion_outlier03	motion_outlier04
795.0395579581949	n/a	632087.898718362	n/a	1237.9558249150732	n/a	1532534.6244411594	n/a	767.6426937493194	n/a	589275.3052667114	n/a	802.1869783646496	848.5508108390005	n/a	n/a	n/a	n/a	0.0302881699	-0.1482590902	0.1893804324	-0.0624978067	0.1432027044	0.0656263698	-0.1585741391	0.2968609879	-0.0288514994	0.0690839131	-0.0938131529	0.0206468137	0.1929775407	-0.1792332868	0.0069331303	-0.0797080883	-0.0115834695	0.1170652265	-0.0766425714	0.0272485337	-0.1143642487	0.0123378508	-0.0844855277	0.126088618	-0.0051925849	0.0273120652	-0.0006838465	0.1221488475	-0.1158867414	0.1338249478	-0.1519118978	0.030489729	-0.0747239286	0.1554442575	-0.05486992	-0.0074133348	0.0587082652	0.0365020111	-0.0497179803	-0.0415253641	-0.1288423917	0.0681336926	0.1969952484	-0.1099808607	-0.0347962926	0.1749732111	0.0847673643	-0.106705318	-0.0381687491	0.2578734549	-0.0367503709	0.1107724426	-0.0136328225	0.0632308001	-0.0926490784	0.0467927929	-0.1111310461	0.104545018	-0.0426271236	0.097002757	-0.1888603297	0.0446792626	-0.1328600415	0.1389765835	-0.1745531136	0.06938071	-0.0308052892	0.0019586398	-0.1675851112	0.1053791149	-0.0378292941	0.0981440839	-0.0952040574	0.0388431848	0.0632067431	-0.0179050503	-0.1170805231	0.1043252614	0.128193982	0.0973576027	-0.0762447633	0.0689019032	-0.0328580212	0.1435099285	-0.1663471546	0.2608320233	-0.2186093274	0.0700453412	-0.2101465592	0.058301666	-0.0520378848	0.2500103553	-0.0514833023	0.0605577322	-0.0316939609	0.0571497699	-0.0723049018	0.1028313332	-0.0485080799	0.0635000668	-0.0059778196	0.1018639157	-0.0013711857	0.1290883846	0.1290552057	0.1289999139	0.1289225186	-0.0905830862306089	n/a	n/a	0.0082052955110619	-0.0081832092721469	n/a	6.696491399175101e-05	n/a	-0.1483958881027547	n/a	n/a	0.0220213396058052	0.0003110954828649	n/a	n/a	9.678039945894528e-08	0.000187342152542	n/a	n/a	3.509708211907e-08	-0.0010160298905452	n/a	n/a	1.032316738481291e-06	0.0	0.0	0.0	0.0	0.0
786.8336604529383	-8.205897505256644	619107.2092217697	67.33675386677722	1219.7263507768805	-18.2294741381927	1487732.3707794857	332.31372735503646	764.5420460022714	-3.100647747048015	584524.5401053393	9.614016451273931	797.3496763605663	824.2814500858909	1.436574	31.33371	0.0895735285759831	0.0428273780678567	-0.0580837906	-0.0085769901	0.0999410345	-0.1685769354	0.06661262	0.0741490758	-0.07859911	-0.0009981632	-0.1283879071	0.1674863009	-0.2141165	-0.1577199089	0.1089231984	-0.1149556349	-0.2178186449	0.0753976101	0.1070028112	-0.0295380813	0.0060115356	-0.1094914813	0.068802865	-0.0034067568	0.0845308431	0.0518819899	0.0997872872	-0.0037367434	0.0195586182	0.0763803964	-0.1579751251	-0.0848878834	-0.0630366454	0.1338892936	0.0024147221	0.1956292302	0.0308774586	-0.1494986533	-0.0739459922	-0.0592141941	0.1126504964	0.012448448	-0.008081288	0.0153911172	-0.0223394734	0.0437247729	0.0010942295	-0.079722095	0.1520789325	0.0184297507	0.0066062271	0.2174291375	0.0983469619	-0.1018530422	-0.123214278	-0.1152453318	-0.0207214077	0.0894383065	0.0787534597	-0.1621837829	0.0187125193	0.0408514548	-0.1162197484	0.1258874154	0.1183693768	0.0965565785	0.0291075066	-0.0096136094	-0.1534440218	-0.0011386053	-0.1901932963	0.0346388203	0.0011645412	-0.206122155	0.0012531232	-0.0108422608	0.0523265483	0.0673825945	0.0165375125	-0.0885517941	0.0544380579	0.1217825876	0.0414531595	0.0710929773	0.1245226587	-0.0255442781	-0.0096339801	0.0412687779	-0.119812726	0.174593384	-0.0407855278	0.077371052	-0.168540073	0.2110960111	-0.1762866077	-0.0654740726	0.0107853583	0.0278632207	-0.1298237615	0.0261726871	0.0707025142	0.138635496	-0.1415414852	-0.0007020919	0.1130141474	0.1289999139	0.1287014744	0.1282045865	0.1275100165	-0.0717733332771501	0.0188097529534587	0.0003538068061701	0.0051514113697128	-0.0001651724900568	0.0080180367820901	2.7281951471563693e-08	6.428891383894978e-05	-0.1215854286870694	0.0268104594156853	0.0007188007340801	0.0147830164690184	-3.090740702907846e-05	-0.0003420028898939	1.1696597669583273e-07	9.552678092611283e-10	0.0002600111727346	7.266902019259998e-05	5.2807864957525045e-09	6.760580994682199e-08	-0.0007119962121368	0.0003040336784084	9.243647760654239e-08	5.069386060971511e-07	0.0	0.0	0.0	0.0	0.0
786.6841886662103	-0.149471786727986	618872.0126974136	0.0223418150276565	1223.2291523380502	3.50280156116969	1496289.559129665	12.269618776932818	762.2788631720063	-2.263182830265123	581069.0652388062	5.121996523206852	795.3066317788964	811.8394222912035	1.261625	27.517815	0.0346778217054278	0.0214503166665614	-0.1405403122	-0.1233763557	-0.0386761695	0.07373	-0.0978562564	0.1103957786	0.0631238362	-0.0258460095	-0.0744217558	-0.0556986173	0.0174138151	0.1236300255	-0.0741744448	-0.0528134361	-0.0336147773	0.0730337903	0.0103392844	-0.1513667371	0.0251448061	0.1744715496	-0.1505147252	-0.0122218621	0.1596362998	-0.0472617533	-0.0271999396	0.0237033066	-0.062543392	0.0276461748	0.0583966056	-0.0165878317	0.1509924069	-0.2176106389	-0.0498685357	0.0232523603	0.0118113048	-0.0961819457	0.0625389285	0.0101439192	0.0289580442	-0.0525065382	0.0111056887	-0.1614810289	-0.1848211729	0.0353897692	0.0703132616	0.0832859338	0.1583286536	-0.2120437	0.0856346064	0.0197636102	0.0103863556	-0.0982532633	0.0747668238	-0.0921447471	0.1109873213	-0.046451397	0.0079974429	0.1638016175	-0.154843556	-0.0543877349	-0.1678702043	-0.0280447696	-0.058819907	0.0977526161	0.0869682754	0.0128676683	-0.0776646448	-0.1186360615	0.0939339363	0.0256866847	-0.0708514721	-0.0590517235	-0.0033291002	-0.1430777769	-0.0332328729	0.2569375161	0.092202192	2.5539e-06	0.0642994447	0.0766073721	0.0827635553	-0.0515631724	-0.0813712787	-0.0820908968	-0.0989100668	-0.0973709733	0.0421807935	0.143202481	-0.1490071579	0.1123649506	-0.1599164879	0.0230228613	0.0843555518	-0.0014245899	0.1595201242	-0.0796781172	0.0797525189	0.1390828186	0.0728762175	-0.1242287082	-0.0059731351	-0.0334438655	-0.0619449118	0.1288230331	0.1279949812	0.1266188352	0.124700488	-0.0697575865518587	0.0020157467252914	4.06323486052304e-06	0.00486612088154	0.0196044119155658	0.0197695844056225	0.0003843329665551	0.000390836467571	-0.1229012950734969	-0.0013158663864275	1.7315043469297666e-06	0.0151047283307427	5.064113963844873e-05	8.154854666752719e-05	6.650165463585861e-09	2.564525023880863e-09	0.0003809811691612	0.0001209699964265	1.4633740035451616e-08	1.4514665125543488e-07	-0.0007410101528044	-2.9013940667599957e-05	8.418087530630103e-10	5.490960465592002e-07	0.0	0.0	0.0	0.0	0.0
784.7158240308214	-1.9683646353888664	615778.9244843711	3.874459337849544	1212.1042556762695	-11.124896661780667	1469196.726628523	123.76332573529864	760.4487230956682	-1.830140076338012	578282.2604578324	3.3494126990185027	792.2116570114454	813.5704446892989	1.200379	26.181955	0.0442857466121514	0.0236673768028639	0.0266756019	-0.112355411	-0.058812361	0.0081746448	-0.0309320788	0.029090865	0.156138321	0.0142278989	-0.1048478735	-0.0554264208	0.0322969582	0.0183360902	-0.131746762	0.0203975855	0.0162753647	0.1641164637	-0.2276842739	-0.0969483979	0.0854321279	-0.0651968393	0.1790864817	-0.1616153107	-0.0279919389	0.1277490969	-0.1349984209	0.0514152932	-0.1483942504	-0.0262924795	0.0312503186	-0.1273603809	0.016614196	-0.157049186	-0.108176185	-0.0428349175	0.0126192536	0.0186894748	0.0202627234	0.0937312852	-0.0106653367	0.0540083383	0.1263226781	0.1056966237	-0.0088172739	-0.1112811364	-0.1094752108	-0.0657533757	0.1087667641	0.0035397043	0.0626102914	-0.0553401253	-0.0057726219	-0.2084055653	0.1238836272	0.0971993019	0.1121871124	0.066301624	0.0721236067	-0.2288140255	0.1282399135	-0.0513776269	-0.0209987525	-0.0264517768	-0.2291495474	-0.0941752244	-0.1077585737	-0.075492431	-0.0515362363	-0.0314848821	0.1220932356	0.0800803618	-0.0998095323	0.0316355472	0.1140158953	0.0235036606	0.0311886119	-0.0092253795	0.0219953687	-0.0371086574	-0.1584504137	0.0531375187	0.0936051479	-0.0443668624	-0.0115713092	0.040779606	-0.0409964857	-0.0502365434	-0.1343701811	0.0392002669	-0.005029886	0.1245966505	-0.078112512	-0.0051154999	-0.0656758377	0.0577883152	-0.0176576111	-0.1388418541	0.1384574113	-0.0031315446	-0.0038178677	0.0020556821	-0.2944870565	0.072609858	0.1583417604	0.1285578634	0.1269376627	0.1242524367	0.1205247148	-0.0658673758833714	0.0038902106684872	1.5133739045212392e-05	0.0043385112057613	0.000351175599107	-0.0192532363164588	1.233243014081604e-07	0.0003706871086574	-0.1311638588231147	-0.0082625637496178	6.826995971649838e-05	0.0172039578613699	0.0002611238815315	0.000210482741893	4.4302984634816854e-08	6.818568150607686e-08	0.0003339030401534	-4.707812900779998e-05	2.216350230875058e-09	1.1149124022368307e-07	-0.0007410439994553	-3.38466509000818e-08	1.1455957771520081e-15	5.491462091287067e-07	0.0	0.0	0.0	0.0	0.0
784.8850135820622	0.1691895512408336	616044.484545714	0.0286251042490746	1211.1540003082632	-0.9502553680063102	1466894.0124627084	0.902985264424808	760.4470969166732	-0.0016261789950249	578279.7872089961	2.644458123860289e-06	790.9828632778181	792.8947511095749	1.235598	26.950125	0.093841299092608	0.0516524714135274	0.0093929855	0.025507918	-0.2256781615	0.1342509054	-0.077944694	-0.0868662415	0.1825609853	-0.1163519437	0.0664770043	0.0408136851	-0.0748862453	0.1777237558	-0.1684514754	0.1168345924	0.1366873992	0.0543723116	-0.0558014047	-0.0622084999	-0.0017963233	0.1033192064	0.076713718	-0.0231960247	0.0043316708	-0.0505257616	0.1605739743	-0.1035267893	0.1023158713	-0.1450432738	0.1166430252	0.0188061468	0.0024891632	-0.0861524751	-0.0049247133	0.0633712606	0.0113592617	0.0372733974	0.0848338575	0.0284862101	0.0399307372	0.0142450007	0.1149202232	0.1208979446	0.0891619265	0.1462521999	-0.1082556254	-0.0375921848	-0.1475365973	0.0899335575	0.0310545242	-0.2273345029	-0.0619865682	-0.0652896911	0.0903639468	0.0409453761	0.0258652475	0.1172446928	0.1667033832	0.0290126149	-0.0065294888	0.0496951766	0.0344405453	0.0394506179	0.0308724247	0.1473931603	0.142365793	0.1230851439	0.0988376824	-0.0977343147	0.0978502137	-0.007993094	-0.066441325	-0.0115639312	0.0843608936	-0.0045382516	0.0385126589	-0.0856038087	-0.0076251435	0.0734838617	0.0876660605	-0.0696303681	0.1344565267	-0.1156170857	-0.0455935268	0.0165556938	0.0098902182	-0.1239874201	0.1549113141	-0.0241585763	-0.0488912572	0.1192957565	-0.053631459	-0.0489162454	-0.0494708057	-0.0091280473	-0.0851024658	-0.1368278512	-0.0629139275	0.0060991308	0.0867033	0.0455223447	0.0140891314	-0.1356149664	-0.0310504616	0.1282045865	0.1255324169	0.1211199807	0.1150284477	-0.0658613920225406	5.983860830796606e-06	3.5806590442341844e-11	0.0043377229591467	0.0405667102891271	0.0402155346900201	0.0016456579836819	0.0016172892304042	-0.1042017669754713	0.0269620918476434	0.0007269543968007	0.0108580082408104	3.509555166512473e-05	-0.0002260283298663	5.108880590218297e-08	1.231697746679439e-09	0.0003899912218718	5.608818171840002e-05	3.145884128476262e-09	1.5209315313705958e-07	-0.0004900067371578	0.0002510372622975	6.301970706182381e-08	2.4010660246003334e-07	0.0	0.0	0.0	0.0	0.0
791.3169970709995	6.431983488937249	626182.5898534642	41.37041160196138	1209.5770533520888	-1.5769469561744245	1463076.6479959218	2.486761702587782	765.0202464389324	4.5731495222592	585255.9774614848	20.91369655293955	795.5484107826961	824.4660399236177	1.286756	28.065968	0.1250870636676887	0.0694236271007859	0.1481626574	0.0084552648	-0.0111734288	0.0425801875	-0.0788325907	-0.0954421189	0.026536998	0.0793703306	0.1370530642	0.0533952099	-0.0849649642	0.0327341509	0.0616624561	0.0879250213	0.1982140186	-0.0103883085	0.0086968964	0.0009142736	0.0279057201	0.0538569431	-0.047963271	-0.0123867568	-0.225701736	0.0052951582	-0.0294602371	0.1661898838	0.0336132517	-0.1689721626	0.0267421734	0.0164176668	-0.098369126	0.1459727947	0.0390984575	-0.1580484978	-0.0621377885	0.1010656911	-0.0057787432	-0.0630993779	0.1356088322	-0.0250171309	-0.0418155168	0.057092599	-0.016443947	-0.0199595262	0.0673715967	0.0750560006	0.0684794257	0.0853872082	-0.0927052511	-0.0975752373	-0.1693576301	0.0758919292	0.0180298363	0.0544066843	0.0351958566	0.0345474971	0.078415036	-0.0087866175	-0.089933246	0.1991944911	0.2093952733	0.0394921813	-0.0261879955	-0.1175524955	-0.0327697099	-0.0136176018	-0.0532838787	0.1243520386	-0.0628618545	-0.1713598877	-0.0134858556	0.1045071304	0.1493336379	-0.1197826315	0.0230980032	-0.0227454067	-0.0623417548	0.0027879675	-0.0166310222	-0.140818079	0.0280126249	-0.0357109517	-0.0343945737	-0.0024367074	-0.0537706493	0.0656978396	-0.096777107	-0.1206681117	-0.0218710963	0.1636390509	-0.0677830459	-0.070648206	0.0218043545	-0.0304970663	-0.0496561932	-0.0067926959	0.0806856636	-0.2096866715	0.0591402461	0.0543278701	-0.081055629	-0.120485284	-0.0549030315	0.1277634447	0.1237830955	0.1172407796	0.1082719048	-0.0657445427254828	0.0001168492970577	1.365375822290134e-08	0.0043223448981828	-0.0117701003095476	-0.0523368105986747	0.0001385352612968	0.0027391417436415	-0.1471818993888263	-0.042980132413355	0.0018472917822695	0.0216625115077025	-0.0001719695716216	-0.0002070651232867	4.2875965281746516e-08	2.9573533563716613e-08	0.0002590199672616	-0.0001309712546102	1.7153469534169842e-08	6.709134344020035e-08	-0.0002349776878827	0.0002550290492751	6.50398159741614e-08	5.521451380269958e-08	0.0	0.0	0.0	0.0	0.0
787.632926989248	-3.684070081751543	620365.62767765	13.572372367256818	1212.4767959832218	2.8997426311329946	1470099.9807977392	8.408507326810103	763.3166772216622	-1.7035692172702284	582652.3497247192	2.9021480780306987	795.6885611663093	819.163699009544	1.106184	24.127439	0.1158089003420878	0.0613117525075743	0.1326068704	0.0291239817	-0.0130004964	0.1064665452	0.0531555813	-0.1458332029	-0.0117638803	-0.0208512855	-0.0541289934	0.0153166182	-0.0075529409	-0.0310487934	0.0720976649	0.1558159551	-0.0444584287	-0.0032371186	-0.0636247288	-0.0466792993	0.0237595872	-0.0475293029	0.081649338	-0.0163982084	-0.0100062626	-0.0702659966	0.0970476943	0.0242542422	-0.0888226465	-0.0199764308	0.0165024279	-0.09351402	0.1715376317	0.133296783	0.0223308222	0.0253460187	0.1214794702	0.2093937504	-0.0892092495	0.045468599	-0.0445469838	0.0752415166	0.0217965628	-0.1444274268	-0.071822511	0.0432738268	0.0980796763	0.138422551	-0.0528083095	0.1904848508	-0.1632589765	-0.0356920016	0.0596315595	-0.0096510531	0.0698635889	0.0164806964	-0.0146652032	0.0056700449	0.0362706711	9.90083e-05	-0.0184377141	-0.1113510506	0.1364393542	0.153191231	0.1293786582	-0.118339669	-0.0427890081	-0.0049810218	0.0021047175	0.1037374863	0.1117219323	0.1291823086	-0.1014216066	0.0661995927	-0.0933044156	0.0227160523	-0.1237305814	-0.0222564929	-0.0714849907	0.0896656859	-0.0446429782	-0.1451598877	-0.0119502405	-0.075087806	-0.054249763	0.0039970566	-0.0440838942	-0.0200662111	0.0629402576	-0.0478266789	0.1305710349	0.0762322596	-0.0590535484	-0.0432597578	0.0272953948	0.1249070789	-0.2239315382	-0.060189328	0.0121755333	-0.038186226	0.1205433248	-0.0733013274	0.1597559599	-0.2432873663	0.0257726396	0.1272347401	0.1216944932	0.1126387502	0.1003291122	-0.0502007679377385	0.0155437747877443	0.0002416089346521	0.0025201171015386	0.0359664993440702	0.0477365996536178	0.001293589075067	0.0022787829464897	-0.1141263198706497	0.0330555795181766	0.0010926713372824	0.0130248168872178	-6.998475123941964e-05	0.0001019848203821	1.0400903588385587e-08	4.897865406043449e-09	0.0003900027148759	0.0001309827476142	1.7156480172591406e-08	1.5210211761057253e-07	-7.848632822819837e-05	0.0001564913596545	2.4489545646514583e-08	6.1601037187444894e-09	0.0	0.0	0.0	0.0	0.0
790.4078677421738	2.774940752925886	624744.5973887298	7.700296182248883	1216.502130233824	4.0253342506021	1479877.4328634315	16.20331582907037	764.3184691968349	1.0017919751727504	584182.7223553931	1.0035871615205203	795.75167975747	813.4614022606297	1.110371	24.218763	0.0462643114827195	0.0239708657470513	0.1042008837	0.1039735375	0.0443109911	0.1180103532	-0.0153217571	-0.1264888107	-0.0890476083	0.0254646716	0.0523593412	0.0112361926	0.0548201435	0.1553607908	0.0508148347	0.0861432573	0.0122301556	-0.1160286912	-0.1237169676	0.0507504834	-0.0402858274	0.1298183394	-0.0390714444	0.0703953434	-0.0624860837	0.1178483206	-0.0290489462	0.0906056328	0.0643813309	0.2661556278	-0.117381053	-0.1159735204	0.1352740575	-0.0317616981	-0.0047162304	0.0217684919	0.0092793158	0.0434316496	0.1151825801	-0.1044118736	0.0106386356	-0.0441270919	0.0717411038	0.0793419697	-0.0013150189	-0.0111344127	0.0861355023	0.0577095801	-0.0540259433	-0.0960361698	-0.097189238	-0.0534523847	0.0305258938	0.1227495579	0.1176318059	0.0350615971	-0.0379656961	0.0256384114	0.0335003331	0.0750619583	-0.0740562643	0.0438881269	-0.065477616	-0.0564023631	-0.0333882911	0.072702543	-0.1520370954	-0.1534803208	-0.1768460751	0.0161209975	-0.0016075525	0.0172516646	-0.0279440458	-0.0846860063	-0.0619424145	0.0991337263	0.0690331571	0.097930259	-0.0043236005	0.021577962	-0.0477064656	-0.0944917615	-0.1400378223	-0.0297432168	-0.068611129	-0.0256078302	-0.0656542559	0.0564667984	0.037125607	-0.0882474597	-0.0536096104	0.0688507267	-0.0506802818	-0.1786648652	0.0738685678	-0.0721250703	0.0935309225	0.1018744071	-0.0627208479	0.0188413224	-0.0551299174	-0.2786405526	0.1403773554	-0.1921202718	0.1225516794	0.1266188352	0.1192723348	0.1073422654	0.0912870929	-0.0484093151529805	0.001791452784758	3.2093030800171957e-06	0.0023434617935805	0.0218801722474779	-0.0140863270965923	0.0004787419375793	0.0001984246110721	-0.1312624321762925	-0.0171361123056427	0.0002936463449516	0.0172298261008357	-0.000171991036278	-0.0001020062850385	1.0405282187372102e-08	2.9580916559980312e-08	0.0002270064699703	-0.0001629962449055	2.6567775853326324e-08	5.1531937408376723e-08	-7.84804722578489e-05	5.855970349475173e-09	3.4292388733932376e-17	6.159184525814991e-09	0.0	0.0	0.0	0.0	0.0
786.897153783114	-3.5107139590597853	619207.1306319658	12.325112502337232	1208.3816601645622	-8.120470069261728	1460186.2366220634	65.94203414577558	762.6247237275719	-1.6937454692630354	581596.4692405554	2.86877371464906	795.4031069816112	808.4166640231484	1.240769	27.062914	0.0925449082737743	0.0474889240093317	-0.0346243194	0.0090047751	0.0994730919	0.0694069672	0.1665173367	0.0106053623	-0.1252926302	-0.0954140245	-0.0592650052	0.0160588156	-0.053860499	0.0390327062	-0.0201386963	-0.051493225	-0.1069395962	-0.0793031594	-0.0978094602	0.0991981295	0.0908014084	0.0269710311	-0.1375327242	0.075795582	-0.0487599986	-0.1478046321	0.0102666366	-0.0178739808	0.1328883653	0.0550820048	-0.1141029012	-0.0633642583	-0.0095711599	-0.1017485439	-0.0754249578	0.1406136939	-0.1829223941	-0.0448736994	0.0024506678	0.154468369	0.0352471181	0.0091097453	-0.0383865492	-0.0077441711	0.2107411621	-0.1273120222	-0.0339139212	-0.1871372879	-0.1722254815	0.2297197121	0.0316255403	0.0529065462	0.1525801129	0.0515118359	0.0566620631	0.1109831004	-0.0056731927	0.1141082654	-0.1737908228	0.1494485232	-0.0758763717	0.1687062315	0.0634790757	-0.1205870887	0.0544720127	-0.0061726688	-0.0077715328	-0.0748427756	0.0722431207	-0.0276985649	-0.1188725352	-0.0545140552	0.0168735049	0.0179596401	-0.1294881212	0.3156806253	-0.1323585853	0.0681488868	0.0456324543	-0.0609175572	-0.1049278992	0.0564385017	-0.0974316774	-0.019556034	-0.006701998	0.078295291	-0.0809521438	0.0332323031	-0.010705032	0.0125811689	0.0850908705	-0.0808659214	-0.0249655557	-0.0237275079	0.0768965836	0.160225604	-0.0224984253	0.0216649747	-0.2381908003	0.1979150859	-0.1468534545	-0.1139498263	0.0246388078	0.2619395468	0.0562208387	0.1259161521	0.1165232592	0.1013839798	0.0812449131	-0.0325378338014274	0.0158714813515531	0.0002519039202926	0.0010587106284893	0.0218374995206858	-4.267272679209927e-05	0.0004768763853159	1.8209616118731466e-09	-0.0980588170665512	0.0332036151097412	0.0011024800563558	0.0096155316044913	0.0004169997867566	0.0005889908230346	3.469101896189756e-07	1.738888221550499e-07	-3.026688127905075e-06	-0.0002300331580982	5.2915253824633815e-08	9.160841023601527e-12	-0.0001279992728388	-4.951880058095111e-05	2.452111610976004e-09	1.6383813847261566e-08	0.0	0.0	0.0	0.0	0.0
786.3419397180364	-0.5552140650776209	618333.646159524	0.3082626580600167	1219.10397356679	10.722313402227885	1486214.4983663368	114.96800469559568	761.6891382965895	-0.935585430982428	580170.343399001	0.8753200986665757	793.303849472216	797.7391440592314	1.257697	27.43215	0.0990733512290345	0.0620270346076063	-0.1187808634	0.0087604936	-0.0449240015	0.0588210772	0.0569613115	0.131799874	0.0472839836	-0.0724149903	-0.0103300436	-0.0212973614	0.1024263462	-0.0671639632	-0.1139327268	-0.0466638864	-0.0212995024	-0.0008146622	-0.1370996699	0.0672724129	0.0152037341	-0.0396617322	0.1787848713	-0.1673847521	0.1398055779	0.1311324365	0.0178761734	0.1534494508	0.0302899765	0.0969084783	0.0559688789	0.0221520462	-0.0133445393	-0.0533851813	-0.0678687245	-0.087991396	0.2189330843	-0.0165456595	-0.1616908501	-0.1498213695	-0.0358469353	0.1054884955	-0.0373337659	-0.014109832	-0.0463861391	-0.0886622721	-0.0928115542	-0.0702602487	0.0046498181	-0.0613652787	0.1199407494	-0.011559626	0.055073334	-0.0358640636	0.046812131	0.1436158651	-0.00120337	-0.0145922137	0.0207034047	-0.2049832333	0.0655879956	-0.3312749898	-0.0284066155	0.0883273561	-0.1071939292	0.0679447289	0.0357491152	-0.1509036762	-0.0279407195	0.0967093435	-0.1120316817	-0.010790997	0.0588023865	0.0551374382	0.1176718541	-0.1423797153	0.1023642203	0.0787968482	0.1577013187	-0.045856833	-0.1605501298	0.1138089822	-0.0090179167	-0.0733377919	-0.002399471	0.0198964166	-0.0058365497	0.0161632493	0.2185557129	0.0551825358	0.1522977062	-0.0487834336	-0.1053285433	-0.0579446332	0.1292658092	0.1423006047	-0.0359769296	-0.0286371476	-0.0145640145	-0.014541963	-0.0880195078	0.0335199635	-0.1426769322	0.0258791988	0.1166519615	0.1251271724	0.1134548014	0.0948006283	0.0703125971	-0.0366533044961556	-0.0041154706947282	1.6937099039166625e-05	0.0013434647304879	0.0774445543281672	0.0556070548074814	0.0059976589950884	0.0030921445443622	-0.0988577285017058	-0.0007989114351545	6.382594812207703e-07	0.0097728504845169	-0.0001719949687654	-0.000588994755522	3.4691482203242055e-07	2.9582269280610924e-08	0.0001290065126191	0.000132033200747	1.743276609949894e-08	1.6642680298142008e-08	-7.798894327439815e-05	5.0010329564401855e-05	2.5010330631400864e-09	6.0822752730572935e-09	0.0	0.0	0.0	0.0	0.0
789.479652317539	3.1377125995026063	623278.1214234224	9.845240357077405	1216.658490221788	-2.4454833450020037	1480257.8818287607	5.980388790682187	763.6234020154079	1.9342637188184424	583120.7001055853	3.7413761339373512	794.9292461230693	798.3144449660653	1.131525	24.680147	0.1101654433358885	0.0654493211559214	-0.0435844932	0.0161370377	-0.0610185476	0.0859990535	-0.0354397789	0.0713182104	0.0295658049	-0.0164464052	0.1021044942	-0.0113249792	0.017050309	-0.01458076	-0.0601446378	-0.0523929987	0.1023065682	0.0184730283	-0.1368820368	0.0380552043	0.0554657555	-0.0803106379	-0.0232450949	0.0562881385	0.0278672374	0.0435989178	0.1415556429	0.0025676485	0.0089701432	-0.1703067296	0.0132572829	0.1637358526	0.1509464769	-0.0342975879	-0.0651090698	-0.0473995755	0.0747823023	0.017988727	0.0547892655	-0.0447783107	0.0273031373	0.0487105518	-0.1137142337	-0.0695421248	0.1597351347	0.070123594	0.0491846305	-0.0988839524	0.0157968667	0.049114811	0.0870476777	-0.0404368923	-0.0669892745	0.0283593084	0.0519541236	0.1416040007	0.0206801571	0.0567624188	-0.0734025598	-0.0180186373	0.0049603424	-0.1053047018	0.0028732563	0.071752716	0.1215323716	0.0697730473	0.0199355116	0.0161408071	0.2302581063	0.1594735551	0.0316182714	-0.1017077361	-0.1367520445	0.1069238182	-0.1303295218	0.0640596512	0.0293163608	-0.0054407385	0.0984724211	0.0718188001	-0.0291620893	0.0162885228	0.0658933482	-0.1669215929	-0.0362112666	0.0663615111	0.0117873039	-0.0030840759	0.0691605523	-0.1154946866	0.0008705779	-0.0962824352	-0.0023233828	-0.1533478196	0.0001270769	-0.063862575	0.0122191436	-0.1298041854	-0.079783636	-0.0281063462	-0.1014538784	-0.1138331764	0.1120647192	0.0775772744	-0.1037841949	0.1242524367	0.1100753719	0.0876327994	0.0586099215	-0.0408384295654968	-0.0041851250693411	1.7515271846028162e-05	0.001667777329376	0.0200669534620061	-0.0573776008661611	0.0004026826212463	0.0032921890811564	-0.1192091060000137	-0.0203513774983079	0.0004141785660786	0.0142108109533225	0.0003220078024476	0.000494002771213	2.4403873796612364e-07	1.0368902483713259e-07	0.0001999873048177	7.098079219859999e-05	5.038272861140833e-09	3.9994922088247655e-08	-7.803217790436424e-05	-4.323462996609021e-08	1.869233228304746e-15	6.089020788498351e-09	0.0	0.0	0.0	0.0	0.0
792.3443018825126	2.864649564973547	627809.4927256863	8.206217130103132	1212.5097232922506	-4.148766929537487	1470179.82907825	17.21226703562391	767.6880021221388	4.064600106730836	589344.868602281	16.520974027636324	798.5291959916973	829.4324115452014	1.272112	27.746553	0.0688837955898815	0.0480100750916091	0.0942555214	-0.1378397195	-0.0401721717	-0.1300579184	0.0181192674	-0.0017371807	0.0694147704	0.1519105583	0.101279894	0.0249200785	0.0556121768	-0.0974756888	0.1941101974	-0.0742580531	0.1081256335	0.1024234932	0.0952290223	0.0860339072	-0.101387409	-0.019453316	0.0906527064	0.0529076953	-0.1354375743	0.03084263	-0.1898786374	0.0131765533	-0.1005786262	-0.1688409376	0.0801670957	0.0033453365	-0.103505231	0.0126082989	-0.0867742434	0.0128824066	0.0179023822	-0.0570758445	-0.0826113849	0.0271842344	-0.0819500436	0.0155890919	-0.1718222379	0.0180985289	-0.0081856287	0.0235361727	0.0337305821	0.1609832213	-0.0603018706	-0.1043914374	-0.0669539845	0.1006899366	-0.2402825116	0.0173959814	-0.1063928294	0.0011839484	-0.1182856937	-0.0964042351	0.0360137745	-0.0201145085	0.0863902412	0.0588360134	0.0402220111	-0.1428598897	-0.0422208732	-0.1401062035	-0.0483386576	0.0110652904	0.0956168505	0.0283714798	-0.1037059768	-0.0941480422	-0.1100913828	0.1121699781	0.1316977756	-0.0964577987	-0.0478049687	0.0493756485	0.0277915459	-0.0143481281	-0.0085832705	-0.072826772	0.0870710969	-0.0762840455	0.0409092048	0.1118529877	0.0430751124	0.1063297009	-0.1359628303	-0.1408622972	0.0070851175	-0.0010054133	0.165190918	-0.1101899711	0.035265062	-0.0329391888	0.0382398144	0.0014397465	0.0091345701	-0.1486578817	-0.0290188502	0.0483010696	0.1279688284	-0.0713609854	-0.2261646344	0.1232925447	0.1063942335	0.0799246852	0.0462651033	-0.0288198512220247	0.012018578343472	0.0001444462253981	0.0008305838244596	-0.025545025270631	-0.0456119787326371	0.0006525483160771	0.0020804526039065	-0.1146565158474288	0.0045525901525849	2.0726077097413117e-05	0.0131461166262716	0.0002380058487268	-8.400195372079998e-05	7.056328228911421e-09	5.6646784028164416e-08	0.0001499906230564	-4.999668176129999e-05	2.499668187140707e-09	2.2497187004847076e-08	-7.801784616271637e-05	1.4331741647868251e-08	2.053988186612413e-16	6.086784319869278e-09	0.0	0.0	0.0	0.0	0.0
785.5672641097974	-6.777037772715175	617115.9264409522	45.92824097280827	1214.0732692020877	1.563545909837103	1473973.9029910448	2.444675812168334	763.973438298387	-3.714563823751746	583655.4144254593	13.797984400725191	797.5270287776767	828.2306033786974	1.458401	31.809782	0.1492593746241219	0.0884000335195894	0.0958467662	0.1008113029	0.0512519626	-0.1815426122	0.0997843164	-0.0863226553	-0.0140913458	-0.0384975824	-0.1497625546	0.032914192	-0.0760452017	-0.1472866523	0.1357207076	0.1211210568	-0.1529368337	0.0635281197	0.1912199018	-0.0830030586	0.1485877543	-0.0083999165	0.0224303693	-2.00614e-05	-0.1573474391	-0.059914202	0.080349366	0.2060781242	-0.0234098373	-0.1245773107	-0.0675213682	0.1095093211	0.1084224346	0.1385973006	0.0518677555	-0.1122514315	0.0101417396	-0.0184238407	-0.0253180397	0.0204371112	-0.005088692	-0.1629533565	-0.0406331058	-0.0182559512	-0.0695668348	-0.1612756615	-0.0064319643	-0.0385602804	-0.1521029494	0.0108746963	-0.1680385175	0.0833155619	0.1194674826	-0.0751049349	-0.1723291536	-0.0971124585	0.0741689929	-0.0282467737	0.0145829109	0.0101266658	-0.0539726191	0.0298300634	0.2238105086	0.2141222737	0.023398236	-0.1549304267	0.075631586	0.0028793075	-0.0151624784	0.1883028148	0.1310486591	-0.1091475172	-0.0034012562	0.1191614597	-0.033403621	0.106254309	0.0993589823	0.0588630519	-0.0592685683	-0.0858970322	0.0508232647	-0.1277559166	-0.0152224432	0.0627580001	0.1952476731	-0.0259488461	0.0827879359	-0.0740213669	-0.0478302039	-0.0068487782	0.2711845973	0.0829326291	0.1383479127	-0.0338402742	-0.0386938114	-0.0666597578	0.0326652459	0.0667342392	0.0027908284	0.0279512255	0.0973993564	0.0838620157	0.1470139596	-0.0262069997	0.1055258751	0.1222481541	0.1024214758	0.0717238087	0.033413395	-0.0408414908380194	-0.0120216396159946	0.0001445198190568	0.001668027373872	0.0317882358757799	0.0573332611464108	0.0010104919400942	0.0032871028336825	-0.0494013804570485	0.0652551353903803	0.0042582326948168	0.002440496391062	0.0001180025524697	-0.0001200032962571	1.4400791112569313e-08	1.3924602389364305e-08	3.699188449646229e-05	-0.0001129987385599	1.2768714916137154e-08	1.368399518599607e-09	-0.0001380025807724	-5.998473460968363e-05	3.598168386194177e-09	1.9044712299842788e-08	0.0	0.0	0.0	0.0	0.0
784.5179647219318	-1.0492993878656307	615468.4369714422	1.1010292053751871	1216.0787819591478	2.00551275706016	1478847.6039312447	4.022081418731044	760.0691498871613	-3.904288411225707	577705.112610192	15.243467998031356	792.6006967227435	784.2200871216623	1.314752	28.67659	0.0665907995898044	0.02886565311388	-0.1029992807	0.1988115516	-0.1100841542	-0.078768141	-0.0185798024	-0.0501572246	-0.0260830142	-0.171432234	0.0231688899	-0.0415487607	0.169946256	-0.0107668814	-0.1404650287	0.1351522412	-0.1372470951	-0.0913128149	0.2267244198	0.0594073159	-0.1509693563	0.0437385856	-0.0489409436	0.0138981878	0.1715476282	-0.004476632	-0.0325615678	0.1162290367	-0.0626983358	0.0271474746	0.2168885875	-0.0617351724	0.0468308105	-0.0253494501	0.091205563	0.0084742778	-0.1462966674	0.0633203066	0.0136367175	0.0696292022	-0.0382811446	-0.0372114313	-0.1513875731	-0.1956805048	-0.0013498663	0.085510084	-0.030563924	0.0475534144	0.0402970437	-0.0304795394	0.0076722479	-0.1443409876	0.1842597724	0.0376327719	-0.1403628299	-0.1195638434	-0.1013732503	-0.1758635769	-0.0286747193	0.1026890613	-0.0771325709	-0.0761855803	-0.0635620593	0.0531461247	-0.0546438562	-0.000160038	0.0748387317	-0.1930718143	0.1091719211	-0.1425660604	0.1430215616	0.0646899605	0.1482970846	0.0944011453	0.0034067631	-0.0941289779	-0.1876789104	0.0536963022	0.0051828234	0.0371888072	0.09756129	-0.064219486	-0.1140065185	0.1353524738	0.1388354929	0.0091215612	-0.0357903367	-0.1651793534	0.1881791137	0.0272199096	-0.0149166016	0.0014862664	0.0652019932	0.0587838586	-0.0322318758	-0.1759974877	-0.0614179266	0.0399801015	0.0852429348	0.0878932366	-0.0916522303	0.0024970551	0.0941563878	0.0543639813	0.109111151	0.1211199807	0.098167988	0.063080731	0.0201956026	-0.0347416508065521	0.0060998400314672	3.720804840949095e-05	0.0012069823007644	0.0186893091134834	-0.0130989267622964	0.0003492902751393	0.000171581882324	-0.030711424549203	0.0186899559078454	0.0003493144518372	0.0009431915978413	0.0004189932994323	0.0003009907469626	9.05954297571039e-08	1.7555538496916504e-07	-4.006992836314005e-05	-7.706181285960234e-05	5.938523001208372e-09	1.6055991590271755e-09	-0.0003339915587141	-0.0001959889779417	3.8411679474632166e-08	1.1155036129227413e-07	0.0	0.0	0.0	0.0	0.0
792.3804570125262	7.862492290594446	627866.7886553799	61.8187850196571	1217.529710524741	1.4509285655931308	1482378.5960104596	2.10519370245414	764.4384873276357	4.369337440474396	584366.2009077638	19.09110966873135	793.464318985969	802.6304752249466	1.317541	28.737421	0.0843760914541484	0.0419175629670509	-0.0606616937	0.1424696239	0.0516755107	-0.0675433378	-0.1670449615	0.032913883	-0.0388362821	0.0027981089	0.2541341431	-0.1215478375	0.1864962314	-0.0825686793	-0.0624604672	0.0091649751	0.2065584785	-0.2050903985	0.1879817056	0.0433529323	-0.1680548918	0.0742703113	-0.0169379362	-0.0193350383	0.0066166071	-0.1302968231	0.0101507574	-0.1550666697	0.038271463	0.0446548717	0.1471275161	-0.0506006319	-0.1091737921	0.0868489307	0.0130283548	0.0212234402	-0.0320228708	-0.1830529801	0.0310383364	-0.1005467827	-0.2151072985	0.037989662	0.0224184751	0.236237061	-0.0015436465	-0.028171221	-0.0474711969	-0.0333645143	0.0996594201	0.0500746061	0.0714198741	-0.1453690442	-0.1190826362	0.2095042113	-0.1206696795	-0.1105587668	-0.0842242209	-0.0199365663	0.0077944566	0.0876159883	0.0087395682	-0.067195066	0.0870356252	-0.1439293218	0.0176572746	-0.027639042	0.0499850241	-0.0102373734	0.0976214004	-0.2053168957	-0.1212179296	0.0181059116	0.0348520061	-0.156853769	0.1523358924	0.0733112299	0.1028186451	-0.1588341993	-0.0169583735	0.1054697373	-0.0444072066	0.0190091494	-0.1000173138	0.1438915824	0.003629352	-0.0874327861	0.0927929032	0.0493695234	0.0804162155	-0.1825412718	-0.0997112367	-0.1543972861	-0.0152595353	-0.0364977281	-0.1527792158	-0.0293799853	-0.0598173141	0.0904069942	-0.0797687411	0.0270133937	-0.0184234435	0.077192966	-0.0821073631	0.016220206	-0.0529458756	0.1199087977	0.0936454286	0.0540487397	0.0067565429	-0.0197748321084674	0.0149668186980847	0.0002240056619413	0.000391043984918	0.0013075498817727	-0.0173817592317107	1.709686693323802e-06	0.0003021255539891	-0.0308355275075413	-0.0001241029583382	1.5401544268317464e-08	0.0009508297566683	-0.0001719941113017	-0.000590987410734	3.492661196460777e-07	2.958197432246157e-08	0.0001510063381602	0.0001910762665233	3.651013962849848e-08	2.2802914164552682e-08	-7.798702465114461e-05	0.0002560045340629	6.55383214607909e-08	6.0819760139382374e-09	0.0	0.0	0.0	0.0	0.0
790.122853294788	-2.2576037177382204	624294.123298697	5.096774546345435	1208.1735006844488	-9.356209840292196	1459683.2077561156	87.5386625755805	765.516749831248	1.0782625036123363	586015.8942721976	1.1626500266963435	797.032734399852	825.7600727784006	1.444228	31.500654	0.0436843985125233	0.0222331426297454	0.0136335409	-0.0674926256	0.1602294096	0.0322021785	0.161412246	0.0305253777	-0.1405214799	0.0548343334	-0.0570469948	0.0833802862	-0.159003753	0.0966466307	0.0931734978	-0.1354937894	-0.0538373336	-0.0664595019	-0.0742370542	0.0590347093	0.0345052165	-0.1065325917	-0.1828023206	-0.0599506656	-0.0725152207	0.0076720307	-0.0260298959	-0.1126346089	0.1712609808	0.0772812323	-0.0852092291	0.009404899	-0.0179925027	-0.1286258361	0.0427999039	-0.0902764807	-0.1022692248	0.0308877856	0.0255273341	0.0397278024	-0.0072488039	0.0466868943	-0.0823444307	-0.0638808662	-0.1169748913	0.0605476147	-0.0862518739	0.1413984707	-0.2244283996	-0.012633138	0.0177058137	0.1592865852	0.032088172	0.0736279921	0.0597536147	0.0222873968	-0.0128518422	0.1160218924	-0.1265545742	-0.104837131	-0.0888574981	0.1394008435	0.0174391296	-0.1020908146	-0.0448938161	0.1286413799	0.0379945708	0.1518032547	-0.0114481052	-0.029311708	-0.0098318582	-0.0298649419	0.1246014484	-0.098990687	-0.1330301799	0.0142594827	-0.2059276704	-0.0451146725	0.0420010827	-0.1074127114	0.0349215101	0.0950230074	-0.0717232638	0.0361789464	-0.0553136627	0.0420610541	0.0877190028	0.1727870396	-0.0976242251	0.0934327931	0.2207657314	-0.1102425087	0.1084249778	0.0027877879	0.0644213117	-0.04350888	0.0854064379	0.1383868639	-0.0497301589	-0.1187519727	0.0525484761	0.0527479146	0.0010206959	0.0590747919	-0.2020810612	0.1186154352	0.0888661936	0.0446835199	-0.0067565429	-0.0145998633643529	0.0051749687441145	2.6780301502562016e-05	0.0002131560102577	0.018749111642478	0.0174415617607053	0.0003515291873821	0.0003042080766524	-0.0350040079365427	-0.0041684804290014	1.7376229086967716e-05	0.0012252805716215	-1.6999735801290913e-05	0.0001549943755004	2.4023256436761807e-08	2.8899101731369203e-10	2.3000214654400608e-05	-0.0001280061235057	1.638556765498197e-08	5.290098741485045e-10	-2.299977208330936e-05	5.498725256783525e-05	3.023597944958904e-09	5.289895158841764e-10	0.0	0.0	0.0	0.0	0.0
780.9451290660675	-9.177724228720535	609875.2946120168	84.23062201844395	1204.075617630658	-4.097883053790838	1449798.0929726504	16.792645522546124	760.2939361288686	-5.222813702379426	578046.8693143282	27.27778296976229	792.2024944802828	787.8179037796824	1.522608	33.210217	0.1087909591753677	0.0643527019811927	-0.1670197431	0.0615680468	-0.1083603773	-0.154293917	0.1495378714	0.0875395137	0.0414657986	-0.2516195562	-0.1435306611	0.168706104	-0.0359240833	-0.1497064226	-0.1048272918	-0.0589621942	-0.2662542726	0.0664402797	0.1268405905	0.1402475438	0.0418817332	-0.1695482646	0.0101503216	0.098133917	-0.1072167346	-0.0681053553	0.0186272015	-0.0467207265	0.0482124067	0.0121802556	0.0714148341	-0.1398292022	-0.0569767565	0.106483635	-0.0546592232	-0.0856352991	0.1464432292	-0.0305733533	0.0449688001	0.0585445566	0.0282694503	0.0866965068	0.0342301526	0.0792798575	-0.0606895717	0.2036294765	0.1026127976	-0.0151093529	0.0661790984	-0.0400497798	0.1118195567	0.0583897334	0.2082098016	-0.1316119045	-0.1444481612	-0.0207182247	-0.1186817222	-0.0862264938	-0.0700893091	-0.1218578889	0.0429041303	0.105355078	0.1346539251	-0.041412088	0.2905261168	0.0409299028	-0.0134631662	-0.1289914876	-0.0810826674	-0.1219348116	-0.0783579047	0.0033105855	-0.1455206711	-0.1080547934	0.0588243091	-0.2120036188	-0.0556801455	-0.1757879023	-0.0524055471	-0.0680072583	0.1323910267	0.1149557058	0.0106974222	0.0727446373	0.1478602724	0.0560845295	0.2201967454	-0.1599391565	-0.035475071	0.1858159936	0.1351925187	-0.0314004889	0.0689566146	-0.0616231589	-0.0655336814	-0.1039229063	0.0479532939	0.1591967994	0.0532608826	-0.0655637006	0.1900089015	0.0600132814	0.1694230432	0.2374434215	-0.013321142	0.1172407796	0.0838433825	0.0350428114	-0.0201956026	-0.0210193756324343	-0.0064195122680814	4.12101377600476e-05	0.0004418141519773	-0.0298108973371284	-0.0485600089796064	0.0008886896000448	0.0023580744720994	0.005607049868253	0.0406110578047957	0.0016492580160244	3.1439008225075984e-05	-6.991337270448807e-06	1.0008398530842106e-05	1.0016804115216242e-10	4.8878796829166576e-11	0.0002219999690864	0.0001989997544319	3.960090226399606e-08	4.928398627436256e-08	-7.799922157815224e-05	-5.499944949484288e-05	3.024939444735773e-09	6.08387856679769e-09	1.0	0.0	0.0	0.0	0.0
787.8630268392558	6.917897773188315	620728.1490603138	47.85730960028385	1220.1918068377424	16.116189207084517	1488868.0454739546	259.7315545585475	760.7192900018917	0.4253538730231412	578693.8381809823	0.1809259172957865	792.0385762823478	796.1704445763638	1.434897	31.297127	0.0908521043061008	0.0557989999912817	-0.2032086537	0.0311037192	-0.0846031791	-0.008824215	-0.2170318928	0.1369048052	0.0722538753	-0.1183347593	0.1597304113	-0.1089117662	0.0216979562	-0.0396860598	-0.2059775837	-0.0566788524	0.0472240345	0.0131315397	0.1002500081	-0.0909831324	0.0250908657	-0.0829808431	-0.0481817523	0.1496481555	0.063225344	-0.0453495311	-0.0219830147	-0.1320276585	-0.1056417718	0.1755332769	0.004922002	0.0921845199	0.0430648267	0.183564724	0.1285829875	0.1018286811	0.0335817619	0.0858720166	-0.1045289583	-0.1169507867	-0.0224439391	-0.0470059217	0.0285162012	-0.0578682204	0.1970734567	0.100602906	0.0200580691	-0.1460916997	0.0990417026	-0.0059329113	0.2074543507	-0.1339852597	-0.0559408772	-0.0165240489	-0.0433412642	-0.0992002128	0.041514332	-0.2081749282	-0.0419101394	0.0192803568	0.0259185311	-0.0233176367	-0.0899927043	0.0113736693	0.2318400052	-0.0959298258	-0.0389224867	0.0090644818	-0.0124382588	-0.0089880501	0.0180175986	0.1175756627	0.0658456995	0.051720445	-0.130340934	0.0801669956	0.0492173008	-0.1844881978	0.1162184119	0.2121325548	-0.0928489378	0.1050939868	0.0945709862	0.0649600096	0.0140492144	-0.1443246066	-0.0900738868	-0.1075670378	0.0881980628	0.0603603406	-0.1551214671	-0.0881183108	0.0854167191	0.0919555175	-0.0998145772	0.0084067399	-0.0170000852	0.1327660248	0.0983853564	-0.0316444841	-0.0233723714	-0.0003692242	-0.0282508091	0.1019806684	-0.2685429035	0.1157857731	0.0785907625	0.0251860523	-0.033413395	-0.0187798750325214	0.0022395005999128	5.015362937010235e-06	0.0003526837062371	0.0192530368926924	0.0490639342298208	0.0003706794295913	0.0024072696421081	-0.0168904270125693	-0.0224974768808223	0.0005061364660031	0.0002852865246669	0.0001690265662016	0.000176017903472	3.0982302342695484e-08	2.8569980081903868e-08	0.0002629829694229	4.09830003365e-05	1.6796063165815592e-09	6.916004220648597e-08	-0.0002020221696805	-0.0001240229481023	1.5381691655997652e-08	4.0812957042416736e-08	0.0	0.0	0.0	0.0	0.0
791.026786586622	3.163759747366271	625723.3770975573	10.00937573905509	1214.676910994118	-5.514895843624345	1475439.9981022128	30.414076166025072	764.3493861865793	3.630096184687545	584229.9841638005	13.177598310083072	794.4027715933537	821.4616274683099	1.340113	29.229746	0.0358900656114813	0.0208250458297879	0.050624248	-0.1378704049	-0.0035041586	0.0435179806	-0.0963979774	0.0067889217	0.0712084342	0.1498150583	0.0385662874	-0.0370524563	-0.0202534287	0.1182345132	-0.0165126068	0.026575173	0.2035105148	0.0623138937	-0.0717013356	0.0082954563	0.0282965794	-0.1133852202	-0.014479909	0.0895774927	0.0290772559	-0.0438075974	-0.1003820502	-0.0665243621	0.1176577891	-0.1697007888	0.0958170004	0.0879379585	-0.0285846481	0.1212489235	0.0633191915	-0.1197492198	-0.0343607747	0.0674635543	-0.0523096004	0.0431401451	0.0851845147	-0.0238441373	0.0956372035	-0.0938834544	-0.1178796354	-0.011249239	-0.1247774131	-0.1647676534	0.0694325215	0.0242477456	0.0071755313	-0.0709589095	-0.1833749964	-0.0297309935	0.0888660184	-0.000877934	0.0220624589	-0.1051354857	-0.0840819713	-0.0428854	0.0645760719	0.0307146856	0.1546609161	-0.1159582639	-0.0417174446	0.0456943936	0.0915663653	0.0395163199	0.0277393688	0.0891288221	0.1101486932	-0.0713543849	0.0931687554	-0.065808563	0.0351734909	-0.1185477613	-0.0583873139	-0.1230361148	-0.0874500458	0.0290268379	-0.0004217802	-0.0518672383	0.1203457806	0.0172647142	-0.1021300857	-0.0448222998	-0.0040611954	-0.019706945	-0.0222176373	-0.0061833139	-0.0281429475	-0.0698557396	0.1452957944	0.0063874131	0.0471331857	0.0565922899	0.0825870836	0.0300144355	0.1136722719	0.0025993331	0.076681364	0.1984821965	-0.0079054872	-0.0109194309	-0.0541299573	0.1142514127	0.0731227308	0.0151740128	-0.0462651033	-0.0122018483625652	0.0065780266699562	4.327043487065506e-05	0.000148885103463	0.0117799160806839	-0.0074731208120085	0.0001387664228679	5.584753467087459e-05	-0.0157523313698177	0.0011380956427516	1.295261692050179e-06	0.0002481359435845	-0.0001719810148864	-0.000341007581088	1.1628617035948893e-07	2.9577469481356143e-08	0.0002170150537326	-4.596791569030001e-05	2.1130492729105302e-09	4.7095533546563276e-08	-0.0001749812167235	2.7040952957e-05	7.31213136822687e-10	3.061842620603648e-08	0.0	0.0	0.0	0.0	0.0
789.0655797505666	-1.961206836055453	622624.4891470978	3.846332253790641	1211.7302770651731	-2.946633928944948	1468290.264356441	8.68265151120954	765.0723052934887	0.722919106909444	585335.6323270933	0.5226120351347482	795.3107341298535	818.7174881182219	1.0968	23.922745	0.0861942113940052	0.0488146128142912	0.1234206088	-0.0286000663	-0.0953156931	-0.041941022	0.0613827864	-0.0960323503	0.0991953576	0.0490809376	-0.0364056149	0.1055633169	0.0941540872	-0.0251093727	0.1189970153	0.1210136133	-0.0249077098	0.0766152737	-0.0019162288	0.0456724571	-0.0141597278	0.0530564563	0.0756564365	0.0167542417	-0.0662416387	-0.036330538	0.0231267922	-0.2471259693	0.0825271047	-0.0486010259	-0.0571055562	0.1127410126	0.0128051088	0.0156379104	0.1287983725	0.1488171713	0.0908570271	-0.0615640876	-0.0030355177	0.0047438939	0.0138473199	-0.1357761017	0.2000279312	0.0437981055	0.0905900389	0.027563145	0.1592998389	-0.0790555477	-0.0326730399	-0.0030079086	-0.1631934579	-0.0011797522	-0.0495241851	-0.0724424837	-0.0322111413	0.0261670977	-0.0740256084	-0.0850052391	0.086526091	-0.0065658691	0.0708122922	-0.0515481612	0.1241791107	-0.1192183021	0.0857006888	0.0488762745	0.142223408	0.2008947086	0.0211649434	-0.0142274711	0.0361054633	0.0618704472	0.1179362448	-0.0648033127	-0.0803076822	0.200185352	0.1997344906	-0.0175916403	-0.0842069511	-0.0806242389	0.0424897447	-0.1216395275	0.027033195	0.0769364541	0.0236290175	0.1323307513	0.0414871173	0.0013954478	0.0337065666	-0.0560654656	-0.0630537116	-0.1064254092	0.1317442462	0.1835501154	-0.0102105176	0.0780672353	0.0650119055	-0.0062681798	0.1169979202	0.033065088	-0.1889335522	0.0247266901	-0.0026795366	-0.1099592158	-0.0989524503	0.1126387502	0.0674542747	0.0050684204	-0.0586099215	0.0005243870125326	0.0127262353750977	0.0001619570668223	2.7498173891286524e-07	-0.0309355762326504	-0.0427154923133343	0.0009570098768461	0.0018246132835705	-0.0027001814605966	0.013052149909221	0.0001703586172527	7.290979920149589e-06	-0.0001720015584626	-2.054357619999184e-08	4.22038523084871e-16	2.9584536113563204e-08	-3.999330519910416e-05	-0.0002570083589317	6.605329656076767e-08	1.599464460748692e-09	-7.800344330436389e-05	9.697777341913613e-05	9.404688537333304e-09	6.084537167337111e-09	0.0	0.0	0.0	0.0	0.0
789.0898385394206	0.0242587888540128	622662.7732861689	0.0005884888366635	1207.7666677037105	-3.963609361462659	1458700.323616125	15.710199170274429	763.3955153164649	-1.6767899770238728	582772.7128052909	2.81162462704772	794.984660342314	816.6582284927368	1.035484	22.585358	0.0774856191658421	0.047868972594504	0.1194318113	0.1232996485	-0.0378755378	-0.1499981218	-0.0056847724	-0.1555914557	0.013488137	-0.0770069021	-0.0163954909	-0.0155464572	0.0796205227	-0.195883132	0.0173631289	0.1232917953	-0.064517795	-0.0063306668	0.1650334025	0.0497590366	-0.0196056129	0.040965242	0.1037319663	-0.0651600198	0.0383419134	-0.0587273463	0.0084141092	-0.2278167943	-0.0727664633	0.0954991589	-0.2648461879	0.0977888155	-0.0734058663	-0.1244333254	0.0572107013	-0.0783657251	-0.114572075	0.0241499044	-0.1332356254	0.2206950966	0.0347904174	0.1183018135	0.0340852792	-0.1481463724	-0.1234633726	-0.0651464494	0.0340374226	0.0300359625	-0.0709432686	-0.0612027895	-0.1227676989	-0.0668380721	0.0671241775	-0.0093483122	-0.1978417731	-0.0459053363	-0.0039916993	-0.0282872523	0.0895060392	0.0456769866	0.0945342658	-0.1107849598	-0.0421478592	-0.0885359868	-0.0699753912	-0.0706542807	-0.1278033312	0.2237360607	-0.0214972047	0.0226207331	-0.0069744693	0.098196795	0.1673988267	-0.0523343873	-0.1413460273	0.1477197443	-0.2091972609	-0.0499472438	0.0314933919	-0.152769042	-0.01580159	-0.1122634542	-0.0555530125	0.1201068235	0.1852614682	-0.0154970705	0.0734859266	-0.0616568907	-0.0111841606	-0.0540968568	0.003944132	-0.0721455782	0.0703353526	-0.0679557325	0.0734735755	-0.0117920291	0.0623354997	-0.0190898627	0.1480700601	-0.0159148508	0.0267075179	0.0932768237	-0.0112664617	-0.0595965079	0.054868442	0.1109488906	0.0616009311	-0.0050684204	-0.0703125971	-0.0017781940112939	-0.0023025810238265	5.301879371285893e-06	3.1619739418014903e-06	0.0132264672152757	0.0441620434479261	0.0001749394349967	0.0019502860814965	-0.0126715363485558	-0.0099713548879592	9.94279183016278e-05	0.0001605678334327	-8.000556091176089e-05	9.199599755083912e-05	8.463263565373995e-09	6.400889776805482e-09	0.0001089956982989	0.000148989003498	2.2197723163328297e-08	1.1880062247664831e-08	0.0001020043517694	0.0001800077950737	3.2402806287318175e-08	1.0404887779895496e-08	0.0	0.0	0.0	0.0	0.0
788.9724416967376	-0.1173968426829787	622477.5137569121	0.013782018671932	1211.6113023572395	3.844634653529056	1468001.947999806	14.781215619116484	762.3347822057085	-1.0607331107563596	581154.320160625	1.1251547322548634	794.3219420525037	811.7907053897255	1.122458	24.482397	0.0824042634436834	0.0422073877885631	0.0287967805	0.1564784109	0.0867073393	0.0433761994	-0.0979522239	-0.1145392529	-0.1225183377	-0.1033566927	0.0078010001	-0.1440817919	-0.0499570331	0.0208087388	-0.0824980679	0.0553080628	-0.0580142516	-0.1223049976	0.0843320211	-0.1520678755	-0.0732640796	0.0059177565	-0.0621412993	-0.060031734	0.092348061	0.1231442101	-0.0567110374	-0.1186145334	-0.0646219577	-0.1442844019	-0.062084235	0.0021955588	-0.1738790326	0.0716771617	-0.0671818793	-0.1737389436	0.058483662	0.0865695762	0.0951117591	0.0838633566	-0.1680061991	0.0799729089	0.0165843124	-0.0660904282	0.0168610601	-0.0042055589	0.0335962953	-0.0054110211	-0.0522156152	-0.0240392493	-0.0146451586	-0.0978731942	0.1283827664	0.0849687959	-0.0064768209	-0.1448388299	0.0214908941	0.0579176307	-0.0164333488	0.0590596252	-0.0063539727	-0.0424217406	-0.1224962023	-0.0389724425	-0.0642011589	-0.0629921129	-0.0703291658	0.100339356	0.1226675866	0.096901499	-0.063329136	0.0939461718	0.0748024407	0.1608242058	0.0103415501	-0.2430841936	-0.0626321509	-0.1024304521	-0.2518000763	-0.0866275599	-0.0636090503	-0.0157829249	-0.1368816961	0.0919145562	-0.0323558447	-0.0781809315	0.0034956607	-0.0682854937	0.0572215797	-0.1083249892	-0.0105907738	-0.066877788	0.043618837	0.0470237023	-0.1443583579	-0.0139464198	0.0210644947	0.1385471087	0.0899895812	0.0918133036	-0.1413022526	-0.0839708218	-0.0486078643	-0.0341087907	-0.036495644	0.1091829923	0.0555787436	-0.0151740128	-0.0812449131	0.0012170603801138	0.0029952543914077	8.97154886924711e-06	1.4812359688427475e-06	-0.0015529025918397	-0.0147793698071154	2.4115064597424578e-06	0.0002184297718954	0.0140595689574851	0.0267311053060409	0.0007145519908826	0.0001976714792702	-0.0001720082984568	-9.20027375450391e-05	8.464503715781348e-09	2.9586854738003583e-08	-3.9964273776949e-05	-0.0001489599720758	2.2189073280837715e-08	1.5971431785189336e-09	-0.0004150036173921	-0.0005170079691615	2.672972401764985e-07	1.7222800244852854e-07	0.0	0.0	0.0	0.0	0.0
789.0757334005289	0.1032917037912284	622640.5130415825	0.0106691760720948	1216.7324861756558	5.121183818416284	1480437.9429151926	26.226523702008794	763.0972280331898	0.7624458274813151	582317.379431938	0.5813236398436673	793.4896093767012	799.7516392758018	1.144337	24.959595	0.0643098923719625	0.03465726243346	-0.0937913605	0.0619173081	0.0766354906	0.126656685	0.0036292929	0.0532383863	-0.1348593515	-0.0942826254	0.0154929365	-0.1395022508	-0.0294910441	0.1065985863	-0.103147447	-0.0823057286	-0.0013618129	-0.1311386522	-0.1139233902	-0.077527968	0.0734302465	-0.1262543812	0.004085238	-0.1371703422	-0.0634735586	-0.0308128378	-0.0661023366	-0.1193276937	0.0146576942	-0.003416852	-0.1302515963	-0.0146602863	-0.007920399	-0.1390551056	0.1634736992	-0.1076379806	-0.1811134141	0.0027520906	-0.0095123007	-0.0795053646	0.1869251861	-0.0852589488	-0.0593770226	0.032902042	-0.1242428706	0.0938491993	0.0225265972	0.0016856113	0.1344928382	0.0699234437	0.1300071374	-0.0241835999	0.0721032489	0.093985182	0.1151188566	-0.033044055	0.0713797343	0.1271932343	-0.1236412847	-0.1286750629	0.1045935419	0.0329025867	0.0075095042	-0.1182822761	-0.0196286716	-0.0465275542	-0.0216507647	0.1458111533	-0.1284479092	-0.0716755123	0.1185917248	-0.1841234093	0.1436797911	-0.0611476788	0.0377644815	-0.0003291397	-0.028607369	-0.0299468318	0.1205774346	-0.1409577589	-0.0200623695	0.1588858004	-0.0566073113	0.0157123863	-0.0954307238	-0.0757878888	-0.0432520143	0.0667807105	0.0840783062	0.0990310888	0.059318117	-0.1152197998	0.0196179146	-0.0048806235	0.0896859984	0.0546932668	0.0604657177	0.0252164437	-0.0728194278	-0.082655691	0.0234998664	0.0462370515	-0.0979195178	0.1060295603	-0.0306548728	0.1073422654	0.0494042187	-0.0251860523	-0.0912870929	-0.0001266133798765	-0.0013436737599903	1.8054591732864707e-06	1.6030947963750894e-08	0.0241384817912688	0.0256913843831085	0.0005826663031874	0.0006600472315206	-0.0004167615726231	-0.0144763305301082	0.0002095641456169	1.7369020841527945e-07	-0.0002319992533857	-5.9990954928900006e-05	3.598914673281312e-09	5.382365357152224e-08	1.900902402951488e-05	5.897329780646388e-05	3.477849854169877e-09	3.6134299455467405e-10	-7.799779615235379e-05	0.0003370058212397	1.1357292354947578e-07	6.083656204624136e-09	0.0	0.0	0.0	0.0	0.0
791.5005227309641	2.42478933043526	626473.0774833894	5.879603296992677	1224.0515674635594	7.3190812879036	1498302.239809997	53.56895089894062	765.2957412687006	2.1985132355107453	585677.5716040098	4.833460446715926	796.2207314402978	810.4143026979347	1.041769	22.722439	0.0311283001568198	0.0223164052068572	-0.1066235552	-0.0804449835	0.06045303	0.0627346492	-0.0753233948	0.1387266452	-0.0220817939	0.0688068927	0.0518524859	-0.1044329872	0.0331118026	-0.0022284847	-0.0222830246	-0.1389457871	0.1233067812	0.0038104245	-0.0356590999	-0.0836750602	0.0398661857	-0.0061198541	-0.0510292889	-0.0521464478	0.0589730222	-0.1568925872	-0.0455404879	-0.0243393871	-0.0624386241	0.1243085955	0.0368411435	0.1363960985	0.1205475522	-0.0540534787	0.0965898125	0.0455176689	0.077138707	0.0066268988	0.0216747668	-0.0247649214	0.0919005587	-0.00530757	0.066078425	-0.0108167888	0.1286521841	-0.0311642951	-0.1793219114	-0.0688330743	0.0333963996	-0.2142225257	0.1364044921	0.0482845717	-0.128172902	0.0413769884	0.0632380664	-0.0515905139	0.0856239191	-0.0362149429	-0.0795529643	0.0412706901	0.0268172831	-0.1341983453	-0.0368030554	0.0836179401	0.0222510582	-0.0923764642	0.0199280419	0.0300999948	-0.1538921143	-0.0663919556	0.1494981976	0.0405278081	0.0229262766	-0.00856278	-0.03425912	0.0295938918	0.0658346109	-0.0337089792	0.1803297378	0.0544436415	0.0615799602	0.0958087071	0.0743720859	-0.0352990643	-0.0786253317	-0.0920280662	-0.0170455308	0.0482458892	0.0581924759	0.0062617696	-0.047426818	-0.0048330125	0.0201105222	-0.0801252579	0.1530656845	-0.0501673784	0.114507935	-0.0512748746	0.0942431632	-0.0148855733	0.078200966	-0.0148488433	0.0344931256	0.0387549513	0.1014960213	0.1054279714	0.0430942802	-0.0350428114	-0.1003291122	-0.002095445811463	-0.0019688324315865	3.876301143666812e-06	4.390893148777831e-06	0.0242431725244358	0.000104690733167	0.0005877314140495	1.096014961104407e-08	0.0019377460951162	0.0023545076677393	5.543706357443158e-06	3.754859929138081e-06	-0.0006539947769301	-0.0004219955235444	1.7808022189151226e-07	4.2770916825185123e-07	7.90424530701106e-05	6.003342904059572e-05	3.6040126023722413e-09	6.247709387340636e-09	-0.0001299742300539	-5.19764339015462e-05	2.7015496811218007e-09	1.6893300478104118e-08	0.0	0.0	0.0	0.0	0.0
791.3183029470259	-0.1822197839381942	626184.6565789611	0.0332040496584822	1223.0245581304052	-1.027009333154183	1495789.069790073	1.0547481703857997	766.3582203055894	1.062479036888817	587304.9218299503	1.1288617038281883	798.1893218942366	823.3260102824161	0.948868	20.696157	0.0961155411534168	0.0601739199129027	-0.0283614644	-0.2035161937	0.0272956083	0.0281923194	-0.0613316732	0.1007950726	0.0708214642	0.1432026533	-0.0667213027	-0.0708299117	0.0069177934	0.0851907283	0.1125025373	-0.1093652143	0.0443781184	0.1090782145	-0.0888362471	-0.0476303565	-0.0533241372	0.0671976307	-0.0855863916	0.102297076	0.1501555792	-0.0980623156	0.0065560967	-0.0603336389	-0.0826387111	-0.0081788945	0.0262906997	-0.1753700303	0.0678973784	0.1029821925	0.1377576861	0.0365141	-0.1428179419	0.095361542	-0.0888980231	-0.0562759071	-0.1363141441	-0.1559526767	-0.0004612819	0.2031295683	-0.0824821047	-0.0425875254	0.0100591213	-0.1271814198	0.0500505484	-0.113468582	0.0182739722	0.136415596	-0.1335827934	-0.0681035447	0.0635050236	0.0114756849	0.0302229916	-0.0408862378	-0.0339347405	0.1025499189	-0.0182360474	0.0154936773	-0.1748775131	-0.0434459427	0.0677353245	-0.1604242394	0.0742984409	-0.0501668332	-0.0342684659	-0.0367268162	0.1544369861	0.0789710731	-0.0146839052	-0.0870627003	0.0978637388	0.1136206899	0.0384320347	-0.059817456	-0.0144381628	0.0295804606	-0.1041373237	0.0549538921	0.1033088497	-0.0662788397	-0.1046931846	-0.036168571	0.0713676628	0.0175192765	-0.0909671908	-0.0087478853	-0.0573714177	-0.0300128396	-0.02875125	-0.070852231	0.106264226	-0.0861863515	0.107852484	0.0196272634	0.1088700213	-0.0634136544	-0.0541357971	-0.0125962955	9.55285e-05	-0.0093982659	-0.0572574919	0.1034414224	0.0366662233	-0.0446835199	-0.1082719048	-0.0023564508745153	-0.0002610050630522	6.812364293893502e-08	5.552860724003922e-06	-0.0316470564653741	-0.0558902289898099	0.0010015361829225	0.0031237176965333	-0.001674894880189	-0.0036126409753051	1.3051174816454104e-05	2.8052728596833243e-06	-0.0003429822408868	0.0003110125360432	9.672879757608497e-08	1.1763681756373093e-07	0.0004430130171104	0.0003639705640402	1.324745714878064e-07	1.9626053332925959e-07	-7.792400763250058e-05	5.2050222421399405e-05	2.7092256541171484e-09	6.072150965510009e-09	0.0	0.0	0.0	0.0	0.0
789.6535682026744	-1.6647347443515628	623552.7577752157	2.771341769051263	1221.0199495604993	-2.0046085699059404	1490889.7172247244	4.01845551854034	765.3229117949065	-1.035308510682853	585719.1593182343	1.0718637122923471	797.2761640655029	823.742666425203	0.898568	19.599037	0.076136929232701	0.0412555699465634	0.0178881814	-0.1751367487	-0.0596941479	-0.0133077164	-0.0027447839	0.0272130045	0.1518152492	0.0751538921	-0.1111658668	-0.0276068388	0.0240721801	0.0139323294	0.0966067683	-0.035193999	-0.0542055427	0.170387638	-0.0401333844	-0.0399287805	-0.1007632094	0.0057523971	-0.0735405301	0.0708225824	0.1356686282	0.035112621	-0.0549606851	0.1376429628	0.0346840573	-0.1090462651	0.0722070345	-0.0402989657	-0.0723253029	0.0589050052	0.1007329403	-0.0405910769	-0.0576328413	-0.149558538	-0.0404852973	0.1866245223	-0.0786487432	0.0348514327	0.0460305367	0.0135541091	-0.0818094528	0.0007597328	0.003156196	0.0707731355	-0.0917860953	0.118767797	-0.0433519538	0.1139150567	-0.0654787555	-0.1465877126	0.0292404043	0.0009109897	-0.0386444223	-0.0121057041	0.0736525194	0.0648398776	0.0163730725	0.0931456388	-0.1030603508	-0.0308718897	0.0036625273	-0.0796454657	0.131011768	-0.1328590708	0.145514753	-0.0037511027	-0.0215763295	-0.091102563	-0.0109804095	0.0193988233	-0.0263949177	-0.0639020083	-0.0046169598	-0.0635018298	-0.0703762581	-0.0262100027	0.1117703193	-0.0040886897	0.109570079	-0.081330508	-0.0725074314	-0.022260996	0.0827737462	-0.0589686802	-0.0758469761	-0.0164406878	0.0356933927	-0.0010512789	0.0844449608	-0.0357530785	0.0444278656	0.1326541183	-0.1618576944	-0.0935689912	-0.0503308667	0.0340292954	-0.1079712646	0.0046063214	0.1180628619	0.0601397988	-0.0063131287	0.1013839798	0.0301376669	-0.0540487397	-0.1150284477	0.0140549524366235	0.0164114033111388	0.0002693341586408	0.0001975416879957	0.0007353548488708	0.0323824113142449	5.40746753757797e-07	0.0010486205625249	0.0138139151401333	0.0154888100203223	0.0002399032358456	0.0001908242514988	-0.0003970227769825	-5.40405360957e-05	2.920379541510654e-09	1.5762708544289593e-07	0.0004429793394071	-3.367770329997704e-08	1.1341876995612839e-15	1.962306951415507e-07	0.0001050878703084	0.0001830118779409	3.34933474674551e-08	1.10434604859551e-08	0.0	0.0	0.0	0.0	0.0
788.7805347881813	-0.8730334144930794	622174.7320607293	0.762187342821445	1217.4398462911524	-3.580103269346864	1482159.7793374248	12.817139419188106	764.2215303062455	-1.1013814886609907	584034.5473836198	1.2130411835651	795.4108858945239	818.1154652193973	1.007285	21.970308	0.0496065203427568	0.0244127710831782	0.1073498341	-0.0571603879	-0.1160459306	0.0435366145	0.0215547188	-0.0890777404	0.1135636481	0.0862274602	-0.0518485332	0.0328370868	0.094265511	0.0018298033	0.0409591229	0.1399384364	-0.0073401254	0.0490867278	-0.0352299521	0.0001206156	0.0397782394	0.1404376856	0.2107271907	-0.0156409102	0.0350955731	-0.099652745	-0.0012280724	0.1191901367	0.0232159161	0.1256721453	0.0517899664	0.1593974316	0.0412039663	0.1347280786	-0.066997134	-0.0291776242	-0.1209079807	-0.0237282906	-0.0020790136	-0.2384547767	-0.0130168612	-0.0235441711	0.00222775	0.0147910516	-0.0539811167	0.0284431118	0.0570807529	0.0047590155	-0.1255890556	-0.0866512508	-0.1245227884	-0.039780404	-0.0067292622	-0.0892434542	0.0282214571	0.0635400561	0.0493031426	-0.0828829127	0.1183070552	0.0613915957	0.0799442976	-0.0974362124	0.1112854396	0.0281292612	0.0480989276	0.0137693883	0.0701296267	-0.0447831981	-0.1048647326	-0.0632729933	-0.1163238213	-0.1315092763	0.046377333	-0.0263666152	-0.057453357	0.0951614105	0.0182846341	0.1676957718	-0.037496804	0.0320391979	0.0288611176	-0.1391951941	0.0287140611	-0.0607630955	-0.0471366759	0.0189230626	0.1254912559	-0.0700100298	0.0070276168	-0.0223616738	0.0984837111	-0.0099823898	0.0172899904	0.0724092487	0.0055995451	0.1590669181	-0.0515304302	-0.0896083004	-0.0277156924	0.0684735342	-0.0323681845	0.1098877222	-0.016226228	0.0244938512	-0.0118575636	0.0992570537	0.0235265052	-0.063080731	-0.1205247148	0.0154266542422192	0.0013717018055956	1.8815658434745009e-06	0.0002379816611089	-0.0045281352524142	-0.0052634901012849	2.0504008864156207e-05	2.7704328046325172e-05	0.0303824329776674	0.0165685178375341	0.0002745157833326	0.0009230922336424	-0.0003189931435246	7.802963345790003e-05	6.088623697574232e-09	1.0175662561570604e-07	0.0001760125483996	-0.0002669667910075	7.127126750084218e-08	3.0980417194121536e-08	-7.797191719304153e-05	-0.0001830597875014	3.351088580007293e-08	6.079619870758525e-09	0.0	0.0	0.0	0.0	0.0
788.9142415178867	0.1337067297054091	622385.6804697425	0.0178774895685153	1213.8797894488976	-3.5600568422548804	1473504.1432325	12.67400472008579	763.7616035837715	-0.4599267224740515	583331.7871088542	0.2115325900457232	795.5368328122219	818.9934947967529	1.010893	22.049002	0.0690069583252298	0.0333018773595836	0.1270143225	0.0907388361	-0.0518237836	-0.0490179767	0.0452866139	-0.141850356	0.0117450096	-0.0125535079	0.0178143555	0.0148811333	0.1045788939	-0.0755406845	-0.0009599082	0.13052842	0.005857408	-0.0561657343	-0.0403205778	0.146310108	0.0041158504	0.1291652867	0.0562077038	-0.0203380577	0.0664933515	-0.0255249125	-0.0023187568	-0.0348988657	0.0822894653	0.1129737513	0.1648825398	-0.1130975151	-0.0715762791	0.047234912	-0.112291348	0.0578942854	-0.0364844961	-0.029028693	0.120678358	0.1156756105	0.0113353717	0.0502115309	0.0780596633	-0.0317880604	-0.0005920007	-0.1968114303	0.0337385408	0.0857281301	-0.0439181844	-0.022090003	-0.1136870826	-0.0861542717	0.0670793179	0.0347992066	-0.0714769805	0.1576993094	0.0231321058	0.0495547092	0.0340312574	0.1388411211	0.0001177023	-0.0487028859	-0.0367313267	-0.0951129539	-0.1076361029	0.0115826947	-0.0671899281	-0.0536748098	0.0271035863	-0.0842149549	-0.0373164845	0.1435625996	0.0443931756	-0.0962272981	-0.0015737554	0.0353428618	-0.0311470647	0.0802037815	-0.1647179206	0.0572267505	0.0591368459	-0.1156020146	-0.1177028327	-0.0187237912	0.0950511829	0.0474882006	0.0999996211	0.0016185943	0.0378315531	-0.0853665612	-0.0077488371	-0.064152181	0.0117186825	0.0424207479	0.0044153292	0.0371694933	0.0009870449	-0.0995503987	0.0111643904	0.0768167067	0.077456766	-0.1059200953	-0.042456919	0.078332607	0.0302307758	0.0970621018	0.016850859	-0.0717238087	-0.124700488	0.0258507576543536	0.0104241034121344	0.0001086619319468	0.0006682616713041	-0.0189898794702685	-0.0144617442178543	0.0003606155222953	0.0002091420458226	0.0111619966455833	-0.019220436332084	0.0003694251727956	0.000124590169116	-0.0002580190303158	6.097411320879996e-05	3.7178424815995534e-09	6.657382000510572e-08	0.0001239607742906	-5.2051774109e-05	2.709387187894362e-09	1.5366273562725082e-08	0.0003070156827523	0.0003849875999453	1.4821545211167436e-07	9.425862945586093e-08	0.0	0.0	0.0	0.0	0.0
787.3803268767043	-1.5339146411823776	619967.7791524658	2.3528941264336622	1211.1214352915722	-2.758354157325357	1466815.1310227178	7.60851765723408	762.2794501063993	-1.4821534773722078	581069.9600545145	2.196778930486528	793.7578303956084	808.1982708529422	0.988493	21.560423	0.0796250374896556	0.0396343629750168	0.0269150642	0.1748693133	0.0123996616	-0.1138169473	-0.0276096989	-0.0933076416	-0.0887071736	-0.1010856532	0.039530286	-0.0121491612	0.0133956128	-0.0465050659	-0.0847832109	0.1026866214	-0.0479000553	-0.0572477491	0.1357244006	0.0679389924	0.0341362167	0.0376294321	-0.0605695796	-0.1008432893	0.0079741348	0.0183824148	-0.0947581106	0.102289872	-0.0285180967	-0.0943596384	0.0715296594	0.0023675588	-0.0467987961	-0.223050661	-0.094897147	-0.036760517	0.0412554824	-0.1198927613	0.0091189299	-0.1824424089	-0.071689227	-0.0533060372	0.0681425653	-0.086729626	-0.1134806858	0.0905445391	0.1014377157	-0.0662631731	0.0166100266	-0.1104188531	-0.0222282197	-0.1239401861	0.1116675059	0.0672150894	-0.113078852	-0.0358974858	0.043207275	0.0177500941	-0.0019299085	0.0004413652	-0.0687724422	-0.0203833986	-0.0457195966	-0.0208888451	-0.1870356012	-0.0343235396	0.0282991661	0.0597068113	0.0900663486	-0.0005899392	0.056826424	0.0335051803	0.0498382245	-0.0756487811	0.0313427212	-0.1546747496	0.1462289411	0.0734642984	0.0889248295	0.0527572778	0.1343887215	-0.0668534685	-0.1077506072	0.0832206063	0.1095548025	-0.0819590019	0.1593837525	-0.0940688411	0.0049121464	-0.1079181472	-0.0218397946	-0.0449484624	-0.0858503896	-0.0047296315	0.0251587408	-0.0590885649	-0.0154348256	0.0522731202	0.0008573335	-0.0199028188	-0.1991271178	0.0370743586	-0.0209409372	-0.0095725899	0.1420914693	0.0948006283	0.0101290257	-0.0799246852	-0.1275100165	0.0212440246221063	-0.0046067330322473	2.1221989230398407e-05	0.0004513085821446	-0.0052833547320005	0.013706524738268	2.7913837224152072e-05	0.0001878688204007	0.0421234237070748	0.0309614270614915	0.000958609965684	0.0017743828248057	-0.0002320099845924	2.6009045723400016e-05	6.764704594419125e-10	5.382863295056569e-08	0.0004429944966886	0.000319033722398	1.0178251602712415e-07	1.9624412409638607e-07	4.5051397720723406e-05	-0.0002619642850315	6.862528663210514e-08	2.0296284365908022e-09	0.0	0.0	0.0	0.0	0.0
789.2410658392791	1.8607389625748283	622901.4600071213	3.4623494868440483	1218.5370210283925	7.415585736820276	1484832.471616749	54.99091182013232	763.4620987931007	1.182648686701441	582874.3762935663	1.398657916156643	793.5248795979472	806.9734579613335	0.959551	20.92915	0.1124014370390225	0.0537575891922719	-0.0313232632	0.1678143514	0.0692435587	0.0137136215	-0.1229869772	-0.0290592055	-0.1312998121	-0.0658660669	0.0756299164	-0.0718676325	0.1169726039	-0.0007675582	-0.0781455977	0.0525136311	0.0230970703	-0.1715049636	0.1361035951	-0.0812958856	0.0155034566	0.0200972381	-0.0475478859	-0.0370095338	0.1017869639	0.1274706706	-0.0317200389	0.0294140298	0.0772760135	-0.1090736906	0.0093177058	0.115205205	-0.0039034523	-0.0516313	0.1177183056	0.1046993458	0.024987444	-0.1334725013	0.0470358359	-0.0616370281	-0.1155867483	0.1667671201	0.0686176082	-0.0043680931	0.0616426263	-0.0413131169	0.0222472091	0.1289439884	0.0520855585	0.1724974303	0.0221868622	-0.1275565572	0.0532540111	0.1596573014	-0.0201658316	-0.1155671768	0.0757754989	-0.0340419378	0.0473505304	-0.0282545383	-0.1196789808	-0.0274833117	-0.07493874	-0.0008808473	-0.0409289198	-0.0176534253	0.070454935	0.0184405759	0.2309830861	0.0208848192	-0.0344211428	-0.066182912	0.0278267414	0.0334607257	-0.163738127	-0.141032068	0.145534574	0.0444538782	0.0275314252	0.0792158515	-0.0228385992	-0.0306369226	-0.1508116272	0.0521237969	0.0327497668	-0.1347242956	-0.2455995397	-0.0915970628	0.0156896972	-0.0589036517	-0.0352055639	-0.1329217657	0.2584282747	0.0047188875	-0.3308449955	0.0276439805	0.0555530246	-0.328412537	-0.1636549688	-0.0102092474	0.0299849621	-0.1056515137	-0.0321127976	0.0303719865	0.1104969449	0.0924741833	0.0033794295	-0.0876327994	-0.1289225186	0.0125617575270808	-0.0086822670950255	7.538176190936253e-05	0.0001577977521691	0.0159976158921466	0.0212809706241471	0.0002559237142326	0.0004528797107058	0.025886196034726	-0.0162372276723488	0.0002636475624836	0.0006700951451482	0.0001279806638446	0.000359990648437	1.295932669620917e-07	1.6379050318104507e-08	-0.0003720067020678	-0.0008150011987564	6.64226953974369e-07	1.383889863833609e-07	-0.0001039761880359	-0.0001490275857566	2.2209221316447745e-08	1.0811047678476834e-08	0.0	0.0	0.0	0.0	0.0
792.0066070432031	2.765541203923931	627274.4656000867	7.648218150601025	1218.9534587934322	0.4164377650397455	1485847.5347044717	0.1734204121512982	766.4714763169633	3.009377523862554	587478.5240075052	9.056353081129116	796.1428749668789	808.1844823736893	1.015759	22.155136	0.0440060182925846	0.0225966078204306	-0.0414791093	0.0858585581	0.1522560682	0.0929666541	-0.0543884323	0.0461324348	-0.1781776801	0.0372152248	0.0600890048	-0.09863719	0.0511907108	0.0942127689	0.0661485022	-0.1010652424	0.0388395607	-0.1645759104	0.0179729434	-0.0773058045	-0.0513130841	0.0460844322	-0.1059287594	0.0274755529	-0.021510279	0.1039383008	-0.0637381482	-0.0640420077	-0.120215898	-0.0037527943	0.1131807566	-0.1153101403	-0.1323944512	-0.0133503858	-0.100947928	0.0609872083	0.2062292813	0.0363952594	0.0572436013	-0.0921335488	0.1727599737	0.0643130216	0.0496159246	0.1017507667	-0.0353752299	0.0302391604	0.0042072179	0.0659699378	-0.1355767632	0.1272974506	0.0358245043	0.0579540692	-0.0278621425	0.1842565731	0.0710421566	-0.087262073	-0.0017512735	-0.008483319	-0.0154389996	-0.0450302019	-0.0343435023	0.0934806226	-0.1087011492	-0.0461521135	0.025065937	-0.0211398683	-0.0623305982	0.0608131685	-0.0026034294	-0.0410470675	-0.0613202365	-0.0003012012	0.0013514862	0.0441162056	0.2492836297	-0.0574011607	0.1126950215	0.1231877606	-0.0926019713	-0.0068065893	-0.0189880044	0.0836194682	-0.1335559507	0.0193199291	-0.0819156882	-0.0981689315	-0.1387344534	0.0890838648	0.0210380073	0.0433065457	0.0138273572	-0.0640644873	0.0637212864	0.0264477996	-0.0137290205	-0.1070491298	0.0883799403	-0.046596567	-0.0523636151	-0.2193984965	0.0321688608	-0.0941060223	-0.0230001471	0.0408161459	0.1432659946	0.090084361	-0.0033794295	-0.0948006283	-0.1289225186	0.017071770009025	0.0045100124819441	2.034021258729247e-05	0.000291445331241	0.0159409072203544	-5.670867179220079e-05	0.0002541125230079	3.2158734564355494e-09	0.0327238427981129	0.0068376467633868	4.675341326085532e-05	0.0010708498874756	-0.0001360052822899	-0.0002639859461345	6.968857975652715e-08	1.849743681075539e-08	-5.898781817337273e-05	0.0003130188838944	9.798082167451292e-08	3.479562692854882e-09	-0.0001790043655162	-7.502817748030002e-05	5.629227416015399e-09	3.204256287385733e-08	0.0	0.0	0.0	0.0	0.0
791.888135043898	-0.1184719993050293	627086.818423303	0.0140356146193308	1219.9490682995272	0.9956095060949792	1488275.7292448846	0.9912382886266884	766.7556335471032	0.2841572301399537	587914.2015762196	0.0807453314408106	796.3518765107902	804.7611432226081	0.90667	19.775757	0.0819587676508147	0.0368528194455161	-0.0268974477	0.0496764525	0.13302829	0.13194545	0.0442594196	0.0542615254	-0.1674919089	0.0997050198	0.0100448389	0.021905276	0.1419037973	0.0809311595	0.1222601638	-0.0469437962	-0.0404534525	-0.1373155849	-0.0043321784	-0.073519495	-0.0528783175	-0.0646418977	-0.1668331202	-0.0288419369	-0.0065351768	0.2663421184	0.1062362676	-0.0700587189	-0.0091774922	0.060641357	0.0615661216	0.0876228709	-0.0040394579	0.0534082048	-0.0069490752	-0.126282218	0.0376085267	0.0533724585	0.1988931394	-0.0385552426	-0.0103906093	-0.1845714426	0.0531544725	-0.1180157782	0.0707427352	-0.0369354071	-0.073256661	-0.0455291011	-0.0193995921	0.103317447	-0.0290891471	0.1043441634	-0.0161102817	0.1326032408	0.1235013307	-0.1370273943	-0.0914880312	-0.1706161253	-0.0546807736	-0.1355601393	-0.0507759339	-0.0630510535	-0.0093530905	0.0558038192	-0.0090301158	0.1355245674	-0.0418079596	0.0676071509	-0.0257702499	0.0406069702	0.0475924165	-0.0949559264	0.0635392976	0.0935728447	0.050077644	0.0275097438	0.0670600966	-0.0548668855	-0.1475809821	-0.050035118	0.0337828933	0.0068149338	-0.1166542156	0.0284553497	-0.1570538062	-0.0603505619	0.0646493119	0.0543856296	0.0137526377	-0.0401493895	0.0008780358	-0.0681498643	-0.0405763581	-0.1316968506	0.2147688044	-0.0098308882	0.0571649731	0.064491086	-0.0278908767	0.0233543222	0.1244749458	0.0446682196	-0.220067254	-0.0053618919	-0.0512396271	0.0876327994	-0.0101290257	-0.1013839798	-0.1275100165	0.0136006682101736	-0.0034711017988513	1.2048547697989418e-05	0.0001849781757632	0.0329921547911737	0.0170512475708193	0.0010884822777647	0.0002907450437213	0.0526096485467633	0.0198858057486504	0.000395445270273	0.0027677751202139	-0.0003020227347302	-0.0001660174524403	2.756179451476728e-08	9.121773229390877e-08	0.0002239691660446	0.0002829569842179	8.00646549177301e-08	5.0162187338713606e-08	0.0002030334484754	0.0003820378139916	1.459528913194804e-07	4.1222581199812915e-08	0.0	0.0	0.0	0.0	0.0
792.4433072792633	0.5551722353652622	627966.3952516969	0.308216210920462	1223.3617904900575	3.412722190530303	1496614.0704310394	11.64667274973795	766.4333434578689	-0.3222900892343432	587420.0699640076	0.1038709016186809	797.1155876570168	816.7362940888656	0.968421	21.122618	0.1729037317721927	0.1204498945839996	-0.0347511732	-0.0261169071	0.1530663205	0.0931011944	0.0610169441	0.0736968811	-0.1538198642	0.100840263	0.0179230752	0.0109261252	0.0354402633	0.0635810972	0.0842018057	-0.1259294931	-0.0146073127	-0.0556508354	-0.0880109962	-0.1102670842	-0.1660142397	-0.0932688604	0.0544509985	0.0627120285	-0.0486937541	0.00749095	0.0736800954	-0.0619875256	-0.1524345693	0.0913694806	0.0430699314	-0.0166540293	-0.1217493899	-0.129370349	-0.0952463103	-0.0972593599	0.1772473998	0.036830091	-0.1925075134	-0.0672858223	0.1074973179	-0.0889860854	-0.0408584827	-0.09320219	-0.0912054236	-0.0274283397	0.0128269258	0.0905530661	-0.0636680133	-0.0228340802	0.0219406261	0.1326118296	-0.0258296647	0.0707783778	0.1435491307	-0.0947496454	-0.141681524	-0.0388855846	0.0013669835	-0.0383215345	0.1510844958	0.0080016347	-0.0524227698	0.1199034945	0.0135290636	0.1155071111	-0.1073791144	0.0696174279	-0.0723749987	0.1315882471	0.0130672686	0.1204342554	0.0334187301	0.1661087884	0.1854225324	0.0563007245	-0.0630434446	-0.0062508183	0.0626271323	-0.0016913983	0.0762936973	0.0716121235	-0.0500077731	0.0492834914	-0.1757427177	0.0677146019	0.1300299224	0.0624847455	-0.075930183	-0.0133819663	-0.0816866467	-0.0743027931	-0.0140421914	-0.0479467183	-0.0373012872	-0.1287538087	-0.0561894799	0.0030029291	-0.1086924948	0.0015642737	0.1308277527	-0.0521179493	-0.124089621	-0.1304479969	0.148525183	0.0851211787	-0.016850859	-0.1073422654	-0.124700488	0.0157090222636497	0.002108354053476	4.445156814809095e-06	0.0002467733804798	-0.0812437575377771	-0.1142359123289508	0.0066005481388571	0.0130498436656277	0.0862707442166623	0.0336610956698989	0.001133069361698	0.0074426413076967	-0.0003110039253976	-8.981190667399974e-06	8.066178580419237e-11	9.672344161271593e-08	0.0004859974959443	0.0002620283298997	6.865884567002601e-08	2.3619356606412994e-07	1.6075574645162968e-05	-0.0001869578738302	3.4953246587122834e-08	2.584241001722065e-10	0.0	0.0	0.0	0.0	0.0
790.486752068841	-1.956555210422266	624869.3051963453	3.828108291430518	1221.0671750079796	-2.294615482077916	1491005.0458819678	5.2652602105916655	765.2383542173329	-1.1949892405359606	585589.7387652523	1.4279992849967118	797.6928070944833	822.9709539689516	1.156051	25.215092	0.1419268297200384	0.1032822393427372	-0.070376047	-0.1662728388	0.1001399411	0.0154772195	0.1308319053	0.1568773894	-0.0412009027	0.0334438555	-0.1083537841	0.0207288166	-0.1597137009	-0.0078185902	-0.0053957146	-0.1807829712	-0.0195246729	0.0687565298	-0.0975979862	-0.0269360467	0.0166170309	-0.0665852717	0.0077044882	-0.1237819414	-0.0169169018	0.0229964834	0.2287326882	0.0486076266	-0.0283204256	-0.0897157927	-0.1096318488	0.0824984219	-0.0897587121	0.0494153189	0.0125508994	-0.0463832822	-0.0160342765	0.0331354257	-0.0376574034	0.1446071652	-0.0185275144	0.0189135482	-0.0972489666	0.0835067241	-0.0329268157	0.0258756361	-0.1584546773	-0.0415672309	0.0228274657	-0.0287027585	0.1114675068	0.1662381532	0.0153205574	-0.0696154489	0.0647270665	0.0599494231	0.0138075777	0.1750934295	-0.0671602176	-0.0434709812	-0.0260210689	-0.0177134858	-0.0034837061	0.2019942403	-0.0621617576	0.0243202576	-0.0502525456	0.0778269309	0.0672916711	-0.0954424336	-0.0752133482	-0.0842007354	-0.0429127883	-0.0788472852	0.0116320574	0.0336436839	-0.0471784171	-0.1702657095	0.0329156803	-0.0673181097	-0.0170792047	0.1627336566	0.0687687992	-0.0421151337	-0.0778060576	0.0042861065	0.1405636134	0.1500175887	-0.015221986	0.079517151	0.0843670665	-0.0193693567	-0.0749501486	0.1264537084	-0.0110964301	0.0277854964	-0.2056078328	0.1013115805	-0.0421131168	-0.0166320369	0.1215980947	-0.1087323962	0.2558427432	-0.0068128938	0.0259901149	0.0825512202	-0.0235265052	-0.1126387502	-0.1205247148	0.0179128303630449	0.0022038080993952	4.856770138959892e-06	0.0003208694916152	0.0204574351596136	0.1017011926973907	0.0004185066533097	0.0103431325960717	0.0740076892915766	-0.0122630549250856	0.0001503825160956	0.0054771380742785	-0.0006870374838289	-0.0003760335584312	1.414012370665059e-07	4.7202050418594606e-07	0.0004859469712239	-5.0524720400025366e-08	2.5527473715007392e-15	2.361444588416819e-07	0.0001551669714568	0.0001390913968116	1.934641666701227e-08	2.4076789031075386e-08	0.0	0.0	0.0	0.0	0.0
788.5989094319154	-1.8878426369255976	621888.2399572064	3.5639498217941936	1225.109822106269	4.042647098289308	1500894.0762212535	16.34299556130696	764.0619902975479	-1.1763639197849898	583790.7250174503	1.383832071771906	796.9761884525685	824.6620472556666	1.13161	24.682003	0.0956679477003335	0.0492472006576572	-0.0465323689	-0.1477687807	-0.0803354237	-0.0900558909	0.0815881806	0.0807188108	0.1300475593	0.0422381458	-0.0947515504	0.0502530362	-0.0131770911	-0.0469730203	-0.059115988	-0.0510385257	0.0612660514	0.1124294721	-0.0304359385	0.1210586935	-0.0763696467	-0.0484904166	0.0082197036	0.1657211534	0.0100647647	-0.1078785225	-0.0136952396	0.0505201385	-0.0554277961	-0.0139048026	-0.1703998309	-0.0399245394	-0.0718254186	-0.0680935683	-0.1327639494	-0.0726933985	-0.076137481	0.0718116546	0.0220112101	-0.1700625798	-0.1967915823	-0.0222316414	0.1083159629	-0.0699871309	0.0116713965	-0.0330272991	-0.0949551939	0.0676292424	0.0195651623	0.0574009348	0.0643754471	0.0199364482	-0.044053472	-0.1344571846	-0.0534441761	0.1127502819	-0.0356677617	-0.0432553083	-0.1025972289	0.1392215233	0.1153585594	-0.0045141146	-0.0075805994	0.0936013564	-0.1620602281	-0.0029591443	-0.0378505319	0.0694273386	0.0074091653	0.1663934147	-0.0799800779	-0.007552797	-0.0104172912	-0.0932469165	0.0278992004	-0.1206369046	-0.0795911421	0.0637225104	0.0939286377	0.1088805281	-0.0382991992	0.0037791162	0.1182648779	-0.0188376683	0.0743058347	0.0759507376	0.0231583112	0.0318005875	0.0616433051	0.1142898911	-0.0117344559	0.0131394438	0.0539359464	0.1904197279	0.0722949909	-0.1139148982	0.0551117796	-0.0943437329	0.1175434714	0.0373770769	-0.130837787	-0.147783876	-0.0191915438	-0.2034948201	0.0166173954	0.0799246852	-0.0301376669	-0.1172407796	-0.1150284477	0.019029461181816	0.0011166308187711	1.246864385429417e-06	0.0003621203928702	-0.0188421823782647	-0.0392996175378783	0.0003550278367757	0.0015444599386235	0.0866469551382707	0.0126392658466941	0.0001597510411434	0.0075076948347334	-0.0001679704493097	0.0005190670345192	2.694305863245564e-07	2.821407184130249e-08	0.0005580086103966	7.206163917270007e-05	5.192879840256421e-09	3.113736092767446e-07	-0.0001059530247911	-0.0002611199962479	6.818365244050331e-08	1.1226043462383452e-08	0.0	0.0	0.0	0.0	0.0
789.1177694359326	0.5188600040171423	622706.8540395417	0.2692157037686689	1217.0505120540872	-8.059310052181672	1481211.9488911158	64.95247851719655	764.3580649800604	0.2960746825124261	584243.2515000622	0.0876602176248339	795.9199976696877	808.8435376669231	0.969477	21.145651	0.0682624885927914	0.0362436186241526	-0.0339128918	-0.01404279	-0.1202943332	-0.1526409361	0.0024264894	0.0191333316	0.1566062498	-0.0168183864	0.0641130246	0.0180173795	-0.1124499435	-0.0231052058	-0.0562759218	-0.0536361331	0.0763590179	0.0738192469	0.1166495942	0.1757513341	-0.0108290433	-0.1260113179	0.1209147257	0.0909704464	-0.0043750167	-0.0122527201	-0.0412749924	0.1056303638	0.0785728689	-0.065532979	-0.1813538079	-0.0936194393	0.0326154691	-0.1252411708	0.0358142215	-0.0766309822	0.0294151564	0.0952256834	0.0697239991	-0.0648894267	-0.0031796257	-0.2437567496	-0.0081716745	0.2077794409	0.0514054198	0.0003019677	-0.0159114802	0.0670348138	0.0506348585	-0.0220296811	0.0850995212	-0.018659764	-0.0672253344	-0.056436398	-0.1766045613	0.0883172048	-0.0389019814	0.0819232949	-0.0580703793	-0.0183468131	0.1918595431	0.1427180849	-0.0569094462	0.0475378543	-0.1057335769	0.097407296	0.050892253	-0.0699735604	-0.0687250596	0.1053741975	0.1301436286	-0.0092273642	-0.0501763443	-0.0595872984	0.0202361645	0.0374138922	0.0520878343	-0.0082441627	-0.0134077759	-0.1001011743	0.0062173521	0.0536440393	0.112118244	0.0562824631	0.1176409092	0.0632321338	0.0901458059	0.0663608905	0.0327499705	0.1309636092	-0.1870727845	0.0394448824	-0.0033212874	0.0939443156	0.143026962	-0.0119112774	-0.1005463474	-0.0162826722	0.060462236	-0.0036072188	0.0325838797	-0.082865562	-0.0575267686	-0.0072922554	0.1268040451	0.0772433738	-0.0366662233	-0.1211199807	-0.1082719048	0.0109087057938239	-0.0081207553879921	6.594666807160273e-05	0.0001189998620962	-0.0443582136913391	-0.0255160313130743	0.0019676511218865	0.0006510678539697	0.1064204770158596	0.0197735218775889	0.0003909921674434	0.0113253179282831	-0.0003789771660075	-0.0002110067166978	4.452383449158565e-08	1.4362369235507622e-07	0.0004860171705887	-7.199143980790004e-05	5.1827674056144945e-09	2.3621269010704555e-07	-9.190758101407814e-05	1.4045443777021865e-05	1.9727449089348214e-10	8.447003447859337e-09	0.0	0.0	0.0	0.0	0.0
790.5350742448475	1.417304808914878	624945.7036113065	2.0087529213732385	1217.6542693260578	0.6037572719706077	1482681.9196079758	0.3645228434573903	764.856046729807	0.4979817497466001	585004.7722191487	0.2479858230806854	796.2357320448061	816.1943880156467	0.879209	19.176779	0.0145721044290961	0.0073502922523921	-0.0152632619	0.0055342924	-0.0213184005	-0.1859150242	-0.1253189438	0.0063839148	0.077801843	-0.0052180703	0.095158311	-0.037741827	-0.1093445158	-0.1465255197	-0.0349902699	-0.0474692026	0.0813352333	0.0698455863	0.1607638931	0.0433072426	0.0723146377	-0.117520482	0.0517706758	0.2015710499	-0.0530007476	-0.0388985985	0.1311987467	0.1466062947	-0.0661418301	-0.0036612506	-0.0921875606	-0.0779752429	0.1137318309	-0.0606184884	0.0804577884	0.0944695893	0.0214176888	0.0486476655	0.0683078502	-0.0083097139	0.1130239668	0.1401124738	0.0997625886	-0.1241448721	-0.1374321636	-0.0182644916	0.0194852591	-0.049075915	-0.1142603605	-0.0018358607	0.053657076	-0.0222932535	-0.0878232319	-0.0258806345	-0.1771901596	-0.0272896961	0.070246556	0.027928177	-0.0056177378	0.0012906667	0.0962774683	0.18398087	0.0627093847	0.1735488401	0.0444685853	-0.0021661882	-0.0227740822	-0.062955107	-0.0278759048	0.0966124092	0.1362129251	0.095293087	-0.0472166797	-0.1887921329	-0.1013386818	-0.0261593648	-0.0011932231	0.0970655346	0.0118522449	-0.0137322511	-0.0452520353	0.0376663865	0.1135463744	0.0610487659	0.1150263687	-0.0684709886	0.047532718	0.0022293515	-0.0630643253	0.030020277	-0.1663813563	0.1090507655	0.0070948326	-0.0204672996	-0.0065043432	0.012509224	-0.0605732915	-0.0173942191	0.0356283179	-0.1277832815	0.0018462046	0.0492733945	0.0371280052	-0.0339627344	0.0021241488	0.0745091236	-0.0430942802	-0.1242524367	-0.1003291122	0.0148675944346905	0.0039588886408666	1.5672799270782597e-05	0.0002210453642744	-0.0443563931646338	1.820526705297032e-06	0.0019674896145755	3.3143174846996658e-12	0.1023611369716164	-0.0040593400442432	1.647824159479639e-05	0.010477802362122	-0.0003219596815797	5.701748442780004e-05	3.2509935304744203e-09	1.036580365629018e-07	0.0004860267046218	9.534033100001315e-09	9.089778715192072e-17	2.3622195760552642e-07	-0.0001659216668988	-7.401408588472185e-05	5.4780849093509824e-09	2.752999954647634e-08	0.0	0.0	0.0	0.0	0.0
789.7532209900237	-0.7818532548237727	623710.1500641172	0.6112945120785271	1217.7431208391597	0.0888515131018721	1482898.3083510962	0.0078945913804921	765.707511154731	0.8514644249240746	586307.9926387726	0.724991666911285	797.4878009272846	818.4281395711397	0.944606	20.603188	0.0537472251245873	0.029357484998992	-0.0598551136	-0.0566477603	0.0459767882	-0.0858942396	-0.1696396321	0.048853879	0.044313966	-0.0268538754	-0.0273781673	-0.2516494557	-0.1819911994	-0.0425754054	0.0130215725	-0.1482451248	0.010573646	0.0817240929	0.1284867508	-0.1996139215	-0.0139197985	0.0143645286	0.0549605086	0.0869765854	-0.0209815282	-0.1204906651	0.0092072513	0.1020868835	0.0636321886	-0.0642557092	-0.0820840213	-0.094105731	0.080025707	-0.065410324	-0.1672907508	0.1623678299	-0.0585873843	-0.0027852761	0.0232629459	0.0544922832	-0.0474673233	0.1503055243	0.160007097	0.1018075509	0.0090430481	0.0301996936	0.1042198489	0.1145963777	0.079618502	0.0586184317	0.0624242328	0.0894886347	-0.0441095774	-0.0546538061	-0.0715808485	-0.1480149789	0.1289926603	0.1688359397	0.011177065	0.1503209444	0.093613117	0.1269762971	-0.0312863323	-0.0022334352	-0.007449849	-0.0755798659	0.0121315386	-0.0560590154	0.1503202604	0.0271008611	-0.0811897163	0.0702581388	-0.1925144706	-0.0947478966	-0.0810665749	0.0569026624	0.0542501569	0.0403318798	-0.0425447805	0.0742564802	-0.1450504407	0.1254090499	0.101823529	0.0403575942	0.0152109872	-0.1285483486	-0.0281574102	-0.0306912429	-0.0954515214	0.1111832069	-0.0660167485	0.0606423067	-0.0924418555	0.0440506121	-0.1094275826	-0.0300342514	-0.1709451286	0.0106579578	0.0061251422	0.0964141573	-0.0152020391	-0.0357891759	-0.0009587882	-0.2134338176	-0.1850144126	0.0717238087	-0.0494042187	-0.1266188352	-0.0912870929	0.0167024896796448	0.0018348952449542	3.3668405599558987e-06	0.0002789731614986	-0.028302378484696	0.0160540146799378	0.0008010246278909	0.0002577313873436	0.1033461769496568	0.0009850399780403	9.703037583378155e-07	0.0106804322901097	-0.0001679719811389	0.0001539877004408	2.3712211887045555e-08	2.8214586447726973e-08	0.000925005110465	0.0004389784058432	1.927020407966372e-07	8.556344543863668e-07	-6.142226874970203e-05	0.000104499398149	1.09201242135237e-08	3.772695098360622e-09	0.0	0.0	0.0	0.0	0.0
789.8227990309357	0.0695780409120061	623820.0538690619	0.0048411037771528	1219.9449737192592	2.2018528800995227	1488265.738902884	4.848156105602564	765.5315115480785	-0.1759996066525673	586038.4951730858	0.0309758615418584	796.8813320405843	816.440717155055	0.962944	21.00317	0.0776390265306742	0.0487669565898551	-0.0286004216	-0.1002404569	-0.014276393	0.0109284974	-0.1549933252	0.0137190031	0.095437596	0.03064152	-0.0447215347	-0.1226003574	-0.1018257592	0.1179978097	0.0233647837	-0.0581869907	0.0359940674	0.1282518301	0.0247956303	-0.1102625916	-0.0740646856	0.0496536357	0.0808676063	0.0832175065	0.1118168911	0.0182268057	-0.060720019	0.1115207595	-0.0751867231	0.0418447222	0.0199261453	0.0768496645	0.0768279413	-0.0082700721	-0.0344957652	-0.0768643207	-0.1141463173	-0.0968352808	0.153348665	0.0999452758	0.1179629281	0.0834913605	-0.1462672077	-0.0108269795	0.16133102	-0.1074558751	0.04348625	-0.051429249	0.0530524959	0.0724059882	0.0127763904	0.0471229523	-0.0760089584	-0.0879258338	0.0318436917	-0.093838898	0.0337921141	-0.0058502483	0.0293168832	0.1288395938	0.0775259631	0.0073243857	-0.092692442	-0.0266854577	-0.0012411743	-0.0273579166	-0.0069826968	-0.123206679	-0.0632827336	-0.0016584205	0.0234756894	-0.1593638281	-0.068957878	0.0955863788	-0.008704821	-0.0900240116	-0.0518648417	0.1427234781	-0.0641726009	-0.0149275183	-0.0411031327	0.0117017772	0.1105984648	0.0124035423	-0.0335627748	-0.1263298252	-0.0950709621	-0.0147629073	-0.004298919	0.0802444961	0.0070892662	0.0655843957	0.0231313558	0.108233944	0.0876377136	-0.0767111519	0.1126714604	-0.0659350378	-0.0311480295	-0.0672036136	0.0761625047	-0.0865699804	0.0235851484	-0.1161195919	-0.033571568	0.0688893378	-0.0555787436	-0.1282045865	-0.0812449131	0.0213141607570719	0.0046116710774271	2.1267510126377638e-05	0.0004542934487783	0.0152915649562999	0.0435939434409959	0.0002338319588127	0.0019004319047367	0.0918148311193149	-0.0115313458303418	0.0001329719366589	0.0084299632134683	-0.0001679829491334	-1.0967994500007915e-08	1.2029690335220391e-16	2.8218271199554453e-08	0.0005670048597758	-0.0003580002506892	1.2816417949353004e-07	3.214945110093746e-07	-6.14523737041886e-05	-3.0104954486573745e-08	9.063082846386769e-16	3.776394233879251e-09	0.0	0.0	0.0	0.0	0.0
789.73271656096	-0.0900824699757549	623677.7636067535	0.0081148513969327	1214.818917330137	-5.126056389122141	1475785.0019031663	26.276454104459923	765.2912834227468	-0.2402281253316687	585670.748482835	0.0577095522003679	796.256880713503	817.5968898371647	0.97612	21.290543	0.1144013217700889	0.0907195086799936	0.0809086829	-0.0925904343	-0.0557166389	0.0531743127	-0.0300375574	-0.0527250335	0.1002636819	0.0776827005	-0.0399473379	0.0539555595	0.0266551454	0.0539670457	0.045214818	0.0695694743	0.048320694	0.0896055435	-0.0867167246	-0.0024580141	0.0205672283	0.0163717509	0.0270780752	-0.0040514285	-0.0605636923	-0.0611235054	-0.2607216931	0.0673610776	-0.0060853108	0.1313592107	0.0097674224	0.0333845889	0.0276754295	-0.011628195	0.0570099822	0.0610227115	-0.0653968557	-0.1609011266	-0.0098811501	0.0519576107	0.029046321	-0.0841676911	-0.0909217689	0.1341771836	-0.122696941	0.1259974582	0.0097917634	-0.1628389881	-0.0210136082	0.0939324016	-0.0784388226	-0.0045016395	-0.06965396	-0.086084215	0.0801849332	0.0307453935	0.042375923	-0.0504230058	0.0145947468	-0.0046200684	0.0430449475	0.0797185617	0.0691003628	-0.1235025378	-0.0678083799	-0.0175468774	0.0186441529	-0.1535167462	-0.1347144037	-0.1834445225	0.0024892886	-0.0833402651	-0.0448080771	0.0432554046	-0.104025351	0.0680317434	0.0549117209	-0.046694789	0.0620592834	-0.0487713648	0.0045666624	-0.0908466892	0.0697723576	-0.0267472292	-0.0836149685	0.0162218965	-0.0074538705	-0.091620399	-0.1567432192	-0.0460075682	-0.125949644	0.0677863922	-0.0220637947	-0.0116645278	0.0692337502	0.1290600625	0.0035172508	0.0536450012	0.0341283372	0.0334952961	-0.1536182293	0.1180846952	-0.0520187638	0.0571451113	0.0472500164	0.0660076536	-0.0616009311	-0.1289999139	-0.0703125971	0.0218760595723352	0.0005618988152632	3.157302785942996e-07	0.0004785619824123	-0.0740115424254668	-0.0893031073817667	0.0054777084121966	0.0079750449880393	0.0751553132146938	-0.0166595179046211	0.0002775395368143	0.0056483211043987	-2.798190026759802e-05	0.0001400010488658	1.9600293683524676e-08	7.82986742585802e-10	0.0005840003169177	1.6995457141899973e-05	2.888455634621588e-10	3.41056370159974e-07	-6.199182106524246e-05	-5.394473610538574e-07	2.910034553479708e-13	3.842985878985039e-09	0.0	0.0	0.0	0.0	0.0
789.2476663811835	-0.4850501797764082	622911.878888144	0.2352736769011259	1214.2970983898592	-0.5218189402778535	1474517.4431580314	0.272295006432702	764.4115495443174	-0.8797338784294197	584325.0170767443	0.7739316968564691	795.0899000200207	813.9748167389317	0.803902	17.534231	0.035711526263277	0.0298702188232247	0.0958783249	-0.0266681431	-0.0818708754	0.0799190302	-0.0186729932	-0.0793343365	0.1025839349	0.0319063213	-0.0047374769	-0.0040858662	0.0551917987	0.0482288504	0.012729717	0.1025392732	0.0442047184	0.0645673198	-0.1087021532	0.0046942166	0.071696344	0.0484536071	0.0696258939	-0.048628259	-0.0232882671	-0.0004906011	-0.1170194338	-0.0087989556	0.0636599704	0.056880502	-0.0274578451	0.0949253862	-0.0632289787	0.0184755943	0.0396753169	0.0498169078	0.1611236067	-0.111748969	-0.0062380523	0.0272789455	-0.0737063607	0.1384879831	-0.0862386582	0.0017080429	0.0718639227	0.0034811826	-0.0460632861	-0.1270485848	0.0080643254	0.0006836631	-0.0883695877	-0.0568201377	-0.0298219155	-0.0643332703	0.0886159789	0.0824268825	0.0464576761	0.0258011406	0.1091752847	-0.0146823395	0.041101796	0.0234509774	0.0411100071	-0.0841420854	0.0488884722	0.0494494461	0.0257934929	-0.0886958977	-0.0698055883	-0.0417344475	-0.147008786	0.0047845926	0.0294890244	0.084455156	-0.0648227846	-0.0526397022	0.0915062265	-0.0999901786	0.054931558	0.0056979246	0.0822253087	-0.0963942508	0.0495673081	-0.0781800383	-0.0570181663	0.0512764331	0.0144575483	-0.0718422191	-0.0425219365	-0.0742215969	0.0051334306	0.10446812	-0.0725906517	0.0414406354	-0.0598787449	0.0529958115	-0.1266402323	0.0341694737	-0.1091729801	-0.0328901618	-0.0708187493	0.0538349086	0.0479933245	-0.0156014548	0.0237659939	0.063080731	-0.0674542747	-0.1289999139	-0.0586099215	0.0223700370743529	0.0004939775020177	2.440137724996481e-07	0.0005004185587079	-0.0444509285886169	0.0295606138368499	0.0019758850523903	0.0008738298904113	0.0762618309376534	0.0011065177229595	1.22438147122369e-06	0.0058158668579632	-4.979788941976111e-06	2.300211132562191e-05	5.290971254363036e-10	2.479829790662756e-11	0.000651999992113	6.799967519530007e-05	4.6239558266663075e-09	4.251039897153521e-07	-6.1998378573318e-05	-6.5575080755389154e-09	4.3000912160758076e-17	3.843798945720456e-09	0.0	0.0	0.0	0.0	0.0
790.1842973612092	0.9366309800257112	624391.223796228	0.8772775927439245	1209.8165296561988	-4.480568733660448	1463656.035429368	20.07549617705559	765.0528662179179	0.6413166736004996	585305.8881082514	0.4112870758380097	795.3256022388127	813.5597237787748	0.825258	18.000029	0.051430086663818	0.0248159015575142	0.1369090641	0.0238907408	-0.0443968528	0.0966941746	-0.0060838741	-0.1254902871	0.0163599485	0.0332767155	0.0155017151	0.08982722	0.0277534796	0.0217635407	0.0469041342	0.1406364807	0.0474239639	-0.0235191762	-0.1479665978	0.0178633351	0.0534630251	0.1183312597	0.1183314803	0.0746535975	-0.033100311	0.060055853	0.0074561015	0.0045857976	0.1167407784	0.0265497705	0.0338866203	-0.0926063687	-0.0555100292	-0.0401973844	0.0174358143	0.0265589077	0.129165562	0.1165451189	-0.047371495	0.037548372	0.0070937198	0.0714769782	-0.2098077234	0.0642356187	0.0106103393	-0.0260197526	0.0104765484	-0.0703392925	-0.0911701706	-0.0191914005	-0.1246900093	-0.0629238543	-0.0070008408	0.0255054117	0.1081519566	0.0969646599	0.0481663773	0.0263078888	0.1441948939	-0.0234305202	-0.0056792722	-0.00737568	0.0671458373	-0.0354655908	0.0346875678	0.1351459352	-0.0308046084	-0.1440320156	-0.0204109104	-0.015139686	-0.0313630658	0.0155908362	0.0023887653	0.0475485766	0.0872203086	0.0135349111	-0.0908844326	0.0001302901	-0.0436701602	-0.121936149	-0.1128437542	-0.1385009596	-0.0242527077	-0.0912659098	-0.0737262528	-0.0067595132	0.0860862484	-0.0323483286	-0.0183655912	-0.1451792628	0.0573095757	0.0881800055	-0.1227729959	-0.0485142267	0.0101819956	0.1286249108	-0.0625765375	0.0756449107	-0.1544509784	0.0727543785	0.0118852505	0.0470382917	-0.0674857893	0.0304721223	-0.0376436336	0.0601105761	-0.0731227308	-0.1282045865	-0.0462651033	0.0199679628248361	-0.0024020742495168	5.769960700191699e-06	0.000398719539374	-0.0290472943214012	0.0154036342672157	0.0008437453073941	0.0002372719486381	0.0591144145720718	-0.0171474163655816	0.0002940338880146	0.0034945140101987	-0.000167984950924	-0.000163005161982	2.657068283278585e-08	2.8218943736938693e-08	0.0004860051413226	-0.0001659948507904	2.7554290488927173e-08	2.3620099739200042e-07	-6.145915571566218e-05	5.392228576558213e-07	2.907612902185101e-13	3.777227821282011e-09	0.0	0.0	0.0	0.0	0.0
789.7752160734669	-0.4090812877423104	623744.8919238914	0.167347499980907	1212.5048340971832	2.6883044409844388	1470167.9727090378	7.226980767416656	765.0915937553226	0.0387275374047249	585365.1468350596	0.0014998221534343	796.0629474179466	819.08474362022	0.783371	17.086418	0.0300331022715953	0.0179575798906826	0.1294581345	0.0008864904	-0.0151035155	0.0860391201	0.0283163499	-0.1235546431	-0.0189578423	0.0129797049	-0.0218331282	0.038821339	0.0064452881	-0.0075259381	0.0559016519	0.1222130676	0.0130307484	0.0023723723	-0.1182861074	0.0280284972	0.0528819498	-0.0371641632	0.0409082916	-0.0117709213	-0.0616549057	0.044006784	0.1058377989	-0.0537873547	-0.1392868891	0.017204867	0.0110250529	-0.0252937489	0.0376747721	0.1251728373	-0.0037003244	0.0434298541	0.0194521336	0.0891592761	0.1021510065	-0.1512668548	0.0809706204	0.0431091761	-0.0376907655	0.0224022097	0.0393009481	-0.2441257609	0.1180797576	0.0590683423	0.0587089309	-0.1474839875	-0.1300477267	-0.0317121359	0.024706009	0.0034383217	0.090883733	0.1108690458	0.0273441519	0.0368985856	0.0534493237	-0.0477912576	-0.0032564182	-0.0522776636	0.0245245353	0.0488964713	0.1546806751	-0.0542164718	-0.0670265883	0.0658417634	-0.0278200936	0.020197222	0.0156395234	0.0490653398	0.0014818284	0.0663946204	0.0411853295	-0.088527842	0.0708133848	0.164531394	-0.1080527396	0.0794184992	-0.1163115741	-0.115537432	-0.0162811513	-0.1302422069	-0.0530968601	0.0272902935	-0.0331232538	0.002544778	-0.0274056907	-0.0847143826	0.0445736435	0.1195123883	-0.1208354583	0.0506016475	-0.1160203363	-0.07399198	-0.1265757871	-0.0045754173	-0.1112233678	-0.0982653929	-0.0048262646	0.0049041059	0.0305896306	0.1935131182	0.0989814239	0.0570992244	-0.0785907625	-0.1266188352	-0.033413395	0.0161047455196126	-0.0038632173052235	1.4924447947378333e-05	0.0002593628282514	-0.0444744648255408	-0.0154271705041396	0.0019779780215182	0.0002379975897637	0.0552224376482683	-0.0038919769238034	1.5147484375418934e-05	0.0030495176198168	-0.0001679812187384	3.7321856000117025e-09	1.3929209352934713e-17	2.8217689848838185e-08	0.0006230046547333	0.0001369995134107	1.8768866674768576e-08	3.881347998193584e-07	-6.144765054338771e-05	1.1505172274465288e-08	1.3236898906512474e-16	3.775813757302296e-09	0.0	0.0	0.0	0.0	0.0
788.3790811995908	-1.3961348738761217	621541.575673111	1.949192586053094	1205.644978949996	-6.859855147187318	1453579.815267336	47.05761264039234	764.4072816751956	-0.6843120801270288	584318.4922780618	0.4682830230077811	795.612188414122	816.2875619035018	0.79203	17.27529	0.0772547321812331	0.0409746564651692	0.1286560889	0.0128291117	-0.0490292545	0.0522224706	0.0914456522	-0.1324285234	0.0076706504	-0.0202920447	-0.0666659428	0.1048218678	0.0181803801	-0.0186114059	0.0351113129	0.1530453435	-0.0554498543	0.0034083179	-0.0775290833	0.0026011769	0.0989174104	0.1045114477	0.1441729326	-0.0826710172	-0.0849855897	-0.024606751	0.1615335771	-0.1319412295	-0.0692251539	-0.058425281	-0.0215048315	-0.0303715759	-0.0769488663	-0.0138350248	-0.045321411	0.0310202962	-0.1425272007	-0.0496868001	-0.0030275563	0.0849826587	-0.0660008504	-0.0845693312	-0.1987262476	-0.1671822166	0.0928525069	0.0059858858	0.1133657549	-0.0571658621	0.1535619092	-0.0809052129	-0.1355824196	-0.0432246485	0.076963632	-0.0263954968	0.0525513044	0.083624002	0.063058755	0.0690686317	0.1162093426	-0.0421594123	-0.01936529	-0.1268149194	0.054299026	0.0067434161	0.0621069243	0.0277755975	-0.1263037209	0.1101121094	0.1103664887	-0.0895702347	-0.0916725318	0.0107181403	-0.0833875322	0.0919578356	0.0270763516	0.0234848352	-0.1742450728	0.0034544683	0.0589391412	-0.0784077948	0.0615578103	-0.1194505781	-0.0287782649	-0.0907690188	0.0260538559	0.0474154206	-0.0989471824	-0.0039339318	0.0286017718	-0.0244413065	0.1071873944	0.108680719	-0.0413500701	0.1063816012	-0.0104509059	-0.008431512	-0.1214785453	-0.0328329907	0.0705638376	-0.0812505405	0.0421178151	-0.0257973806	-0.0642130374	0.1335873723	-0.0084543755	0.0540487397	-0.0838433825	-0.1242524367	-0.0201956026	0.0135993323552554	-0.0025054131643571	6.277095124134356e-06	0.0001849418405086	-0.0101695641717753	0.0343049006537655	0.0001034200354438	0.0011768262088647	0.0591349175944984	0.00391247994623	1.530749932965267e-05	0.0034969384789081	6.60745561465942e-05	0.0002340557748849	5.4782105757015074e-08	4.365846969969429e-09	0.0004199879389605	-0.0002030167157728	4.1215786883173886e-08	1.763898688722887e-07	-0.0003550139282232	-0.0002935662776798	8.618115939078065e-08	1.2603488923246742e-07	0.0	0.0	0.0	0.0	0.0
789.7626961943943	1.3836149948034515	623725.1163002391	1.914390453844956	1212.4758646627345	6.830885712738564	1470097.7223896456	46.66099962049584	765.0112658180963	0.6039841429006856	585242.236828606	0.3647968448754757	795.8436956290071	810.7316298233835	0.827535	18.049704	0.037447939347517	0.0193623181314412	0.0868121281	0.0502579923	-0.1028427842	0.0656308984	0.0301890515	-0.1223597238	0.037422148	-0.0331229768	0.0297521649	0.090405383	0.0149830889	-0.0014979973	0.0313349821	0.1402384906	0.0667683715	-0.001796469	-0.0755489816	-0.0426284374	0.0782839492	0.0810246927	0.0987311282	-0.0056446743	0.0399871945	0.0615773594	0.1432914438	0.0372228362	0.2031967224	0.0627788542	0.0366538282	-0.0294259592	0.0531177699	0.0770484423	0.0648976078	0.1141315694	0.0516784667	0.0424595593	-0.0892854007	0.1231460288	-0.0118955147	-0.0066209778	-0.0221670285	-0.0790891049	-0.075262201	0.0311603309	-0.0248417332	0.3085118896	0.0674321852	0.0735931765	-0.1270028405	-0.0910965749	-0.0139553061	0.0106317747	0.0535387473	0.1117867621	0.0684232964	0.0854229982	0.1899941221	-0.0205423013	-0.0871324683	-0.0931755311	0.0154641785	0.1286321766	0.1023634076	0.1764058642	0.0501121212	-0.0344544712	0.0494166517	-0.0047742615	-0.0303017341	0.1021917855	0.01886332	0.0087732701	-0.1192256916	0.0551213638	-0.0957118042	0.0526700106	0.0453462673	0.0638567645	0.0960203891	-0.13001751	-0.0146024073	-0.1399469974	0.0320510338	0.0719405095	-0.1181122947	-0.0093170013	0.0623191997	-0.0284965492	-0.0061730013	0.0125096167	-0.085618695	0.0645358237	-0.0209498647	-0.0343867877	0.0267099228	-0.0564617061	-0.1486894117	0.0831286844	0.1162243657	0.0235135202	0.0312417448	0.1143873332	-0.1542653284	0.0509612127	-0.0888661936	-0.1211199807	-0.0067565429	0.0133092956496625	-0.0002900367055929	8.412129059118288e-08	0.0001771373506901	-0.0163798740434373	-0.006210309871662	0.0002683002736788	3.856794870206251e-05	0.0591889428755152	5.402528101680626e-05	2.918730988944887e-09	0.003503330958721	0.000347052418699	0.0002809778625524	7.894855924451864e-08	1.20445381324826e-07	0.0005819684940899	0.0001619805551294	2.6237700240028613e-08	3.38687328113266e-07	-0.0001801009961201	0.0001749129321031	3.0594533816903685e-08	3.243636880345227e-08	0.0	0.0	0.0	0.0	0.0
790.5613605250207	0.7986643306264796	624987.2647551718	0.6378647130150427	1212.076973228603	-0.3988914341314284	1469130.5890310118	0.1591143762234277	764.9079417841532	-0.1033240339430676	585084.1594044695	0.0106758559902681	797.0667702272224	823.9447849022715	0.955661	20.844313	0.0630726787813781	0.0342046847391956	0.1530354266	0.0572136431	0.0075995753	0.0034403016	0.1070501734	-0.1040885501	-0.0746635101	0.0660887564	0.0311963617	0.1526814213	-0.0723093099	-0.0284892403	0.0503283712	0.1316387447	0.0091353319	-0.0445952081	-0.0155267357	0.0583134951	0.2602537207	0.0502789638	-0.0484191458	-0.156210939	-0.0139243058	0.0167381394	0.0097575136	-0.0413841871	-0.0589157343	0.0710096725	0.1082124709	0.0760380978	0.0746293124	-0.0838765209	0.075556152	-0.1766381846	-0.1227464613	0.0696579166	-0.1649212771	0.035388876	-0.0325728079	0.0690049354	0.1752160363	0.1055988837	0.2013596451	0.1437905773	0.0577432201	0.090898224	0.127885389	-0.1099335779	-0.1252183068	-0.0443424738	0.0448858732	0.0568105118	-0.0536426571	0.1531117544	0.1196710722	0.047919275	-0.0558883631	-0.0615260768	-0.1733610165	-0.0710266801	-0.0353422023	0.0281031454	-0.0417888077	-0.0239221532	-0.0917363243	0.0563977434	-0.1214176101	-0.0783414839	0.1517809497	-0.0867112044	0.0238873395	0.05623937	0.0084784754	0.0220766573	-0.0380019528	-0.2036185024	0.0511094789	0.1958732553	0.0554718184	-0.1326707416	-0.0827361967	-0.1192894277	0.1353883604	0.0669190351	-0.2600185176	0.1106739501	-0.0361975649	0.0281636065	0.1919281854	0.1167082086	-0.0762368645	0.0598015195	-0.0486845367	-0.2724940366	0.0296441925	0.0070833923	0.2745004902	-0.11033466	0.0697816579	-0.0127728067	0.0235470173	0.111312322	-0.0105893907	0.0478387595	-0.0936454286	-0.1172407796	0.0067565429	0.0138168814149821	0.0005075857653196	2.576433091550848e-07	0.0001909062120356	0.0103204406490391	0.0267003146924764	0.0001065114951903	0.0007129068046772	0.0417035969336581	-0.0174853459418571	0.0003057373227064	0.001739189997205	0.0003756028079872	2.85503892882e-05	8.151247285077652e-10	1.4107746936786942e-07	0.0004859201586169	-9.604833547300009e-05	9.225282747133965e-09	2.3611840055027325e-07	-0.0004230909189934	-0.0002429899228732	5.9044102617972284e-08	1.7900592573467977e-07	0.0	0.0	0.0	0.0	0.0
786.9110510055165	-3.650309519504276	619229.0021946066	13.32475958818354	1213.0640824017355	0.9871091731324668	1471524.4680131646	0.9743845196822624	763.0709916960775	-1.836950088075696	582277.3383680352	3.374385626081307	795.5113298376382	799.6981757164001	1.109006	24.188978	0.0584686880466604	0.0335988255797424	0.0054689967	0.1328386488	-0.0635864721	-0.0010003845	0.1323853719	-0.0899313831	-0.1077822562	-0.1199174173	-0.0536810534	0.0689311581	0.084692895	-0.0160216941	-0.0377341742	0.1292076183	-0.1401368601	-0.1097585594	0.0154495803	0.168421142	0.0830544523	0.1079328213	-0.2885693163	-0.160912316	0.0180223902	0.0086890814	0.0393076591	0.1076963918	-0.2138257491	0.0260284107	-0.0567153226	-0.0600308379	0.108024245	0.1847863483	-0.1604793662	-0.0149916922	-0.1560559019	-0.0422668388	-0.0132710241	-0.0977495847	0.0900224109	0.0536471988	-0.0581228461	0.0636686823	0.0391997828	0.1364408947	-0.1441842013	-0.036315222	-0.0074721382	0.219363416	-0.0580774199	-0.0789153195	0.1775446829	0.0467632087	-0.045840833	0.0707516998	-0.0981360791	-0.1060607088	-0.1799564676	0.0571632085	-0.2736313136	-0.028022543	0.0044568208	0.0157385103	0.0326734729	-0.2588293433	-0.0971661602	-0.0012428627	-0.2042977603	-0.0729272244	-0.1133523003	-0.3040563	-0.1759229368	-0.0713054396	0.0809416495	0.0532217987	-0.0690336207	-0.0193307738	0.0485098699	0.0029811815	-0.0529242872	-0.1068928715	-0.1303505599	-0.0994579143	0.1238674928	0.1288736099	-0.1400811177	-0.0332951312	0.0272842011	0.1035406669	0.0480959204	-0.0148557412	-0.0863795266	-0.017682902	0.091365103	-0.13554134	0.1165028363	0.0877920032	-0.0501312368	0.2979521914	0.1927821392	0.1068204989	-0.0385550714	-0.0582520055	-0.1985982689	0.0446835199	-0.098167988	-0.1126387502	0.0201956026	0.0175133140758418	0.0036964326608597	1.366361441627032e-05	0.000306716169919	-0.0205312398895785	-0.0308516805386176	0.0004215318114034	0.0009518261920569	0.0532518012269562	0.0115482042932981	0.0001333610223997	0.0028357543339152	0.000491070250238	0.0001154674422508	1.3332730219941848e-08	2.41149990668812e-07	0.0004859283481599	8.18954300001954e-09	6.706861454916905e-17	2.36126359545409e-07	-0.0002911191397095	0.0001319717792838	1.7416550527358413e-08	8.475035350519939e-08	0.0	0.0	0.0	0.0	0.0
792.6215120893689	5.710461083852465	628248.8614268376	32.60936579019347	1220.7573618610545	7.693279459319001	1490248.5365379616	59.18654883917966	765.9790440764574	2.9080523803799	586723.8959642835	8.4567686470332	796.2371708827867	805.3305846866808	1.206606	26.317768	0.0343674909449762	0.0165119167992563	0.00956286	0.1150906286	-0.0250652201	-0.0082538534	0.0295546962	0.0117000818	-0.0344734404	0.0138051504	0.1967698366	0.1132946593	0.172526154	-0.0595785009	0.0324677198	0.0385468617	0.0376421145	-0.1564254983	-0.0279756689	0.1807069848	-0.0967885755	0.1228544957	0.0049773657	0.0619200031	0.0413878086	0.1374571911	0.0500378401	-0.0752693234	0.067191251	-0.123974405	-0.1215179808	-0.1262984828	0.1162798167	-0.1181361417	-0.0374432926	0.022135995	0.0517980296	-0.1757445555	0.0512628454	-0.015410193	0.1456756716	-0.046642436	-0.1101391814	0.0227770239	-0.0714975505	0.1028404998	-0.2040754679	-0.1478282746	0.0010934507	-0.0963787718	-0.0260832799	-0.0626952759	-0.0281252432	0.1706978685	-0.0558499887	0.093821202	-0.1649308497	-0.0234682449	0.0887506337	-0.0409902242	-0.1326126055	-0.0848213328	-0.123693533	-0.1317311763	0.0198140637	0.0874554038	-0.0498961033	-0.0894331327	0.0473486057	0.0415034171	0.0022597332	-0.0572070509	-0.1405239935	-0.2027290124	0.0768611176	-0.0412081188	0.028719232	0.0067920937	0.2375013073	-0.1494813997	-0.0215795557	-0.0290161063	-0.1666949872	-0.0594051382	0.0723922574	0.1564063744	-0.1730652984	0.1001184877	0.1005723564	-0.0916732049	-0.0851012209	-0.0604947353	-0.1133667284	-0.0827700061	-0.0049832443	-0.0123809217	0.0205640505	0.1216909795	0.045595047	0.0648869998	-0.0381946036	-0.1006420058	-0.0381658067	-0.0424644936	-0.0912557933	0.0414976565	-0.1024214758	-0.1073422654	0.033413395	0.018524028653772	0.0010107145779301	1.0215439580406217e-06	0.0003431396375657	-0.0235480247786625	-0.0030167848890839	0.0005545094709765	9.100991067005556e-06	0.0601359749732921	0.0068841737463359	4.73918481697405e-05	0.0036163354859884	0.0003750186461448	-0.0001160516040932	1.3467974812604845e-08	1.4063898495627874e-07	0.0006099883187504	0.0001240599705905	1.5390876302915723e-08	3.720857490119396e-07	-6.21143597606767e-05	0.0002290047799488	5.2443189239408985e-08	3.858193688478773e-09	0.0	0.0	0.0	0.0	0.0
791.8565810904624	-0.7649309989064932	627036.8450162761	0.5851194330880854	1204.899322866002	-15.85803899505254	1451782.37824295	251.4774007686069	767.4626968089302	1.4836527324728197	588998.990993236	2.2012254305740635	797.8075551445831	814.3776881017183	1.278032	27.875668	0.094610540568414	0.0502869481845546	-0.0428176261	0.0746963531	0.2117260835	-0.0965163064	0.0686889918	0.0553461165	-0.1908021677	-0.0493384061	-0.0149349861	0.1095468229	-0.1993175984	-0.0570891115	0.1308132606	-0.1058595991	-0.1196879418	-0.1116253202	0.1026922949	0.0071207807	0.116784767	-0.035699125	-0.0797867074	-0.1798599674	0.1108058559	-0.0042983082	-0.1003755575	0.1204689685	0.0065943137	-0.0147924193	-0.004233527	-0.0181525148	-0.0243191761	-0.0573301575	0.0790210082	0.0838517467	0.1201086649	0.1001027445	0.0292128697	0.0499558689	0.0349500271	-0.0242499647	0.0944757661	-0.0117360502	0.0873718442	-0.052411478	0.2000842114	-0.0415447758	0.0270466059	-0.0079693362	-0.0032114236	0.157599837	0.0660838429	0.1214380666	-0.1012646558	-0.082710735	0.0025542716	0.0579241381	-0.0056733055	-0.1518399911	-0.1563170543	0.0835548453	-0.009024882	0.008108776	-0.0543869123	-0.0194528862	0.1886990257	-0.0079333651	-0.1594679904	-0.0280565962	-0.0095335915	0.0307976718	0.0363002359	0.1081238261	-0.0528103296	0.0254842533	0.107554619	0.0274918096	-0.009977933	-0.0088672157	-0.0731901675	0.1312879207	-0.1271694797	0.0396336237	0.0982311829	-0.0677612423	-0.0662361271	0.1166983228	-0.1028075209	0.0265786654	0.0641566226	-0.011882817	-0.1570735291	-0.0985454199	0.0471002577	0.0484102228	0.049456173	-0.0186444518	-0.0310547935	0.0223812489	-0.0945273604	0.1379034036	0.0491376468	-0.0881393204	0.0152375945	0.0382833527	-0.1063942335	-0.1013839798	0.0462651033	0.0124742026674198	-0.0060498259863521	3.660039446514236e-05	0.0001556057321878	0.0161050961892499	0.0396531209679124	0.0002593741232649	0.0015723700024958	0.0834615799557454	0.0233256049824532	0.0005440838477974	0.0069658353287092	0.0003756091406753	5.90494530500012e-07	3.486837905504296e-13	1.410822265588373e-07	0.0004859157832006	-0.0001240725355498	1.5393994077756387e-08	2.361141483634525e-07	-0.0004490911023143	-0.0003869767425536	1.4975099927741321e-07	2.0168281817787305e-07	0.0	0.0	0.0	0.0	0.0
787.8960391948149	-3.960541895647566	620780.1685788772	15.685892107179615	1217.0245258316456	12.125202965643666	1481148.696475742	147.02054695805396	765.0283828091843	-2.434313999745882	585268.426503636	5.925884649358794	795.8343593821154	806.5145820266322	1.132662	24.70495	0.0972084991260064	0.0541795973468355	-0.1137393089	-0.0085576922	0.1268418855	0.103143226	0.0723337624	0.1007488164	-0.1172087657	-0.0520076503	-0.1226260185	0.0963354295	-0.1044864772	0.148325132	0.0287644852	-0.0914439901	-0.1516586773	-0.024934953	-0.0442272908	-0.2056586566	-0.0711400219	-0.0430163068	-0.070892343	0.0907964655	-0.1592983302	0.0516218223	-0.1143072053	-0.0636347904	-0.109759352	-0.0102781517	0.1697482786	-0.0580338664	0.2641567394	-0.0338643199	0.161907531	0.0304909633	-0.0203131114	0.0596908821	-0.1039110289	0.0496498045	0.0203315718	0.0777911206	-0.05925088	0.0207640222	0.1400372097	0.0545193848	-0.0940751912	-0.0061069616	-0.0093515933	0.104569643	0.0567501709	0.1308572468	0.1081965373	-0.0123229003	0.1248097529	-0.1875852511	-0.0620181009	-0.0279990861	0.0531304434	-0.0816436416	-0.1139117798	0.152981279	-0.0008320719	-0.0379084925	0.1104936037	0.0702435316	0.0075252657	-0.0576582278	0.0471609756	-0.0667819005	0.2722761857	0.0973791071	-0.0839225926	0.1884469866	-0.0011008354	0.0651240997	-0.0878554741	0.0405466934	0.1673361849	0.1247553144	-0.0645491333	0.1227924112	-0.0497298492	0.031962673	-0.1017317688	-0.0200545224	-0.1120880374	-0.0652502333	-0.1036451858	0.1299619093	-0.0272610513	-0.0106445573	0.0280997926	-0.0572205003	0.056726153	0.1233650141	-0.0457454461	0.0524389761	0.0610997731	0.181965196	0.0471089184	0.1028366685	0.2106623496	-0.1810646594	0.0844978204	0.0350428114	-0.1100753719	-0.0948006283	0.0586099215	0.0216646224950096	0.0091904198275898	8.446381660735575e-05	0.0004693558678512	-0.0205689852524386	-0.0366740814416885	0.000423083154315	0.0013449882495916	0.1203817982437485	0.0369202182880031	0.0013631025184337	0.0144917773483985	0.0002541481470859	-0.0001214609935894	1.4752772963724276e-08	6.459128066719625e-08	0.0006369406192359	0.0001510248360353	2.2808501099489253e-08	4.056933524326117e-07	-0.0004650808640641	-1.598976174980001e-05	2.556724808153675e-10	2.1630021011860986e-07	0.0	0.0	0.0	0.0	0.0
786.379120878917	-1.5169183158978967	618392.1217542983	2.301041177106512	1215.947988309749	-1.0765375218966255	1478529.5102745255	1.1589330360513277	762.9816850903547	-2.0466977188295914	582141.0517833172	4.188971552262253	794.5772277972563	801.9839312879662	1.034103	22.555241	0.0602540436139114	0.0288227989645874	-0.1333766812	-0.040273616	-0.0053941165	0.069491285	0.2106767957	0.1380974487	-0.0247228442	-0.0843704651	-0.0576871621	0.1524135212	0.0431436718	0.0958033242	-0.1055619042	-0.117277686	-0.1488523699	-0.0105225521	-0.0999168496	0.0484615345	-0.0250642097	-0.184280429	-0.0878975066	0.1003847661	0.0016781856	0.1823629001	0.0049977481	0.006279719	0.1180522248	-0.0418550293	0.1004274636	0.0622063486	0.0755150084	0.0999457503	-0.0891086771	-0.0595694376	-0.0175164711	0.0236440761	-0.2230959499	0.0683589409	-0.0967443956	-0.0154872723	0.0432679284	0.0653553776	0.0336165753	-0.1425256409	0.0947193352	0.0563523153	-0.0881417324	-0.1433050266	0.134930363	0.062085739	0.132774513	-0.042495876	0.0678740028	0.0956152685	-0.0932279808	-0.1182429141	-0.1240428453	-0.1479238884	0.0140356352	0.0432766224	-0.078198922	-0.027836022	0.0029333506	0.0943974879	0.0317626495	-0.024924796	0.1778295409	0.1909063675	0.0294411515	-0.0304612644	-0.0546058039	0.0814939809	0.018848624	0.1239092153	-0.0516545808	-0.0138505458	-0.1584624811	0.0847089517	0.0112371615	0.1376005947	-0.0551006783	-0.0270491469	-0.0328570761	0.1658017623	0.0159658974	-0.0352398062	-0.0269987503	0.1393871588	0.0169017148	-0.0857895048	-0.0747180509	-0.0716883962	0.0089320563	0.1377449775	-0.0188578125	0.0680918099	-0.0019451495	-0.0204334979	-0.1912890346	0.0794191483	0.0101168121	-0.0431128439	0.0328755165	0.0317782535	-0.1134548014	-0.0876327994	0.0703125971	0.0246576281236912	0.0029930056286816	8.95808269331974e-06	0.0006079986246862	-0.0415042805484091	-0.0209352952959705	0.001722605303841	0.0004382865891294	0.1136510970968842	-0.0067307011468643	4.530233792840046e-05	0.0129165718713254	0.000381149783215	0.0001270016361291	1.6129415579468327e-08	1.4527515724484154e-07	0.0009519403208626	0.0003149997016267	9.922481202491007e-08	9.0619037448399e-07	-0.000315181370972	0.000149899493092	2.2469858029268525e-08	9.93392966077895e-08	0.0	0.0	0.0	0.0	0.0
786.618647621438	0.2395267425209795	618768.89678578	0.0573730603827116	1215.6729912961966	-0.2749970135523654	1477860.8217670426	0.0756233574627198	762.5362324145456	-0.4454526758091788	581461.5057449698	0.1984280863855573	794.6235239543905	796.1572070372732	1.047229	22.841539	0.0720497167826716	0.0406324719103961	-0.1865725523	0.0482336441	-0.0338361515	-0.0924694138	0.0674050647	0.1616311385	0.0289716214	-0.1223414957	0.0031644751	0.0987020762	0.0347432765	-0.1304381339	-0.1741285714	-0.1077109301	-0.0788354846	-0.0586940133	0.0641125473	0.123507984	0.196370519	-0.1396458789	0.0622821055	-0.0546132058	0.0131737159	0.0578386288	-0.0153060359	-0.0757584335	0.2240497345	0.0222205897	0.0232219195	0.1017927243	0.0056894409	0.1301538099	-0.0120999054	0.041314111	0.0344332925	0.0002676369	0.0632552208	0.0187665416	0.0278229419	-0.021074662	-0.0952092323	-0.0067118782	-0.0782058943	0.127079678	0.0705844172	0.0653663442	-0.0350528514	-0.0972676071	0.1966239029	-0.0053215336	0.1167417187	0.0178397305	-0.1207944893	0.0972665243	0.1040357308	-0.0296722655	-0.0723436793	-0.1695861384	-0.0016540451	-0.071624009	0.0705615902	-0.0858708995	0.0940660502	0.1358646541	0.071176739	-0.0328094345	-0.0132113823	0.0343582609	-0.0887712027	0.0220224479	-0.0043384975	0.0010640044	-0.1647396393	-0.0059766907	0.0259634931	-0.0072654038	-0.1137964172	0.001818391	0.098481653	0.1516618135	-0.0232348785	-0.0212781533	0.1906352258	0.0109684671	-0.0463194251	-0.0827889679	-0.0240930556	0.1280885732	-0.0200563334	-0.0344679442	-0.034430563	-0.2390943483	0.0382793056	0.1778645733	-0.0171603454	-0.1703815429	-0.0130065512	-0.0661234349	0.0020727748	0.0273374136	0.0413066216	0.0361269291	-0.0034484435	0.0284919163	-0.1165232592	-0.0799246852	0.0812449131	0.0239580991378858	-0.0006995289858054	4.893408019819322e-07	0.0005739905143007	-0.0114731299862143	0.0300311505621948	0.0001316327116805	0.0009018700040892	0.0896905173092577	-0.0239605797876265	0.0005741093837592	0.0080443888952022	0.0005182082931681	0.000137058509953	1.8785035150564e-08	2.685398351081955e-07	0.0008923794554807	-5.956086538189999e-05	3.5474966850408123e-09	7.963410925640307e-07	-0.0004657311445779	-0.0001505497736058	2.2665234332787737e-08	2.169054990298408e-07	0.0	0.0	0.0	0.0	0.0
787.99592624681	1.3772786253720142	620937.579781568	1.896896411906625	1218.8704023546743	3.1974110584776554	1485645.0577362457	10.2234374768752	762.7935891141203	0.2573566995747569	581854.0595936014	0.0662324708160116	794.3978447888699	803.2748809362713	0.999934	21.809965	0.0534041251058367	0.0281101628033807	-0.1653609947	-0.0259498363	0.0137355612	0.0346676858	-0.123132253	0.1679699256	0.0459327514	-0.0144509126	0.0380887237	-0.0450194547	0.0020498582	0.0056322359	-0.168997272	-0.0803706006	0.0065067475	-0.0094857446	-0.0252319143	-0.1502143314	0.1226448982	0.0004976231	-0.0724609167	0.0180000204	0.0210413106	-0.0198595402	-0.1195305013	-0.0367064422	0.0693311248	-0.1166300921	-0.0151376387	0.0896931821	0.0383505365	0.171176048	-0.1036479122	0.0417845268	0.0815089996	-0.1205549323	-0.0588698023	0.039694282	-0.0611397636	-0.0003082425	-0.0220049631	0.0288910154	-0.0343312871	-0.0344500092	0.0311839463	-0.02969428	-0.0038206875	-0.1471974025	0.1849468147	-0.0431972541	0.0157718867	-0.0143747474	0.0636235976	-0.0369345423	0.1282630563	-0.0941275338	-0.0368535393	-0.0299821053	-0.0554764721	-0.0476384182	0.0687149006	-0.07149636	0.019903418	-0.0699930659	0.1020492099	0.018289411	0.0617112345	0.1300848975	-0.085146142	0.0761436867	-0.1180064785	0.0313906499	-0.0731526424	0.0006980866	0.0311034163	-0.0507981547	-0.0410318149	-0.1101974086	0.0802853733	0.1274385628	0.0471945526	-0.0700674437	-0.0016939502	-0.0892376362	-0.1198011176	-0.0825786577	-0.0134828461	-0.0472543156	-0.0092410932	0.0160455849	-0.0455312904	-0.1403244086	-0.0811604755	0.0238384007	0.1279109864	-0.0109522709	0.1271489275	0.0432521661	-0.2110957036	-0.0091637218	0.0965866679	0.0820320113	-0.0019462433	0.0251860523	-0.1192723348	-0.0717238087	0.0912870929	0.0248530928219139	0.000894993684028	8.010136944501874e-07	0.0006176762228146	-0.0166673946939539	-0.0051942647077396	0.000277802045884	2.6980385854069157e-05	0.0730608293983436	-0.016629687910914	0.0002765465200144	0.0053378847923738	0.000311612526711	-0.000206595766457	4.268181071799658e-08	9.71023668032137e-08	0.0004859272253747	-0.000406452230106	1.652034153581408e-07	2.361252683603545e-07	-0.0004650755650779	6.555794999999745e-07	4.2978448082021654e-13	2.1629528123252802e-07	0.0	0.0	0.0	0.0	0.0
788.1158108902252	0.1198846434152756	621126.5313751573	0.0143723277268077	1220.8281171924873	1.9577148378130005	1490421.2917277536	3.832647386193183	764.1767261824155	1.3831370682951274	583966.0688388743	1.91306814969204	795.2888981000463	813.8246600703189	1.037085	22.620277	0.033623671520621	0.0264741591662106	-0.0545678105	-0.127377638	-0.0812135061	0.0277138073	0.0076650557	0.0981925629	0.0965753133	0.0759177503	-0.0042302729	-0.0078008766	-0.009876937	0.0200735437	-0.0538904468	-0.0385987617	-0.0023309009	0.1321546448	-0.0486952453	0.0271442145	0.0285520739	0.0335060591	-0.056421434	-0.0609538863	-0.0576393162	-0.1062168746	-0.0227419211	0.0388779662	0.0515847179	-0.1046392584	-0.0482301389	0.0477124552	-0.0319375429	0.0020135517	-0.0182786885	0.1443055946	0.0457085139	0.0247024453	-0.0957585696	0.0229688783	-0.1210366799	-0.1518220648	0.1424626868	-0.1432758752	0.0203316825	-0.0936240009	-0.2245793075	0.036197309	-0.1268538188	0.0267186153	0.0902784985	-0.0098647357	-0.067139932	-0.1011219466	0.0391398232	0.0611429221	-0.0229804077	-0.0522210769	0.0227015731	0.0133887688	-0.0408352397	0.0138191205	0.0817397092	0.0117703425	-0.0700419897	-0.1713195114	0.1113595607	0.0860215175	0.0026930025	0.113056943	0.0015500204	0.1226140436	0.1100387674	-0.0313219942	-0.0351487528	0.1377985874	0.0265265867	-0.0349177389	0.0596918808	-0.0545848789	0.1172491453	0.0517908673	0.120656931	-0.059182534	-0.0149808678	0.0246085745	0.0092402349	-0.0135886094	-0.0178502346	0.001516068	0.1334435886	0.0602882903	0.0123117737	-0.2358895237	-0.0460946171	0.0281436594	0.121503286	-0.0257697755	0.0782499704	-0.0588651457	-0.0556854864	-0.0052662856	-0.1421374139	0.1166205972	-0.0991282658	0.0218629269	-0.1216944932	-0.063080731	0.1003291122	0.0207582392779386	-0.0040948535439752	1.6767825546607055e-05	0.0004309044979201	-0.0167167805154235	-4.938582146959969e-05	0.0002794507508008	2.438959362227173e-09	0.0983632763055197	0.0253024469071761	0.0006402138194904	0.009675334125556	0.0002281130148601	-8.349951185090002e-05	6.9721684793385944e-09	5.20355475485642e-08	0.000485946749845	1.9524470300008503e-08	3.812049404959141e-16	2.3614424368491905e-07	-0.0004650548964391	2.066863880002476e-08	4.271926298458888e-16	2.16276056701982e-07	0.0	0.0	0.0	0.0	0.0
786.4643642886936	-1.6514466015316884	618526.1962960189	2.7272758777105635	1216.9767089131278	-3.8514082793594753	1481032.3100370278	14.833345734318714	763.7010699825	-0.4756561999154201	583239.3242924154	0.226248820517978	794.8329054979924	797.0920999777944	1.02976	22.460522	0.0986845614611503	0.0609129381678215	-0.09649799	0.0088704208	-0.1429484225	0.0128253766	0.0783328721	0.0576930993	0.0763649628	-0.0881480387	0.0065994429	0.0125575031	-0.0054650727	-0.0179536423	-0.0684389183	-0.0173062155	-0.0672526127	0.0887159985	-0.0391671959	0.110881049	-0.1429182101	-0.0836813183	-0.0787154441	-0.0703550446	-0.0464379054	-0.2426725771	0.1162455768	-0.1193743647	-0.0712953425	0.0735690594	0.1688229552	-0.0058449716	-0.1451238877	0.0682661835	0.0852898934	0.0567540835	-0.0583444776	-0.058769354	0.0110230716	-0.0454641227	0.0754077946	-0.104416707	-0.1456207135	-0.0154336014	-0.2111894675	0.0155231923	-0.0765262674	0.1644935878	-0.0377349376	0.0033148596	0.0804304053	-0.015684894	0.0261614033	-0.0967670463	-0.0345506218	0.0613735192	-0.1602962319	-0.0303223318	-0.1467399514	0.0645182968	0.0586693295	-0.0012508738	0.1370002353	0.0517575506	0.1794579609	-0.047062077	0.0976999358	0.1031210773	0.0093818339	-0.1713872407	-0.0936074915	0.1184155598	0.231147614	0.070895267	0.2035148378	-0.0005808787	-0.0103752194	0.0977309585	0.0318692018	0.0145879063	0.0197337919	0.0341072488	0.1201352439	-0.0040576918	0.0091192218	0.1444148066	0.1314055486	0.009599392	0.195899779	0.097492791	0.0510034813	-0.0546047593	0.0894025201	-0.0523514906	-0.2270737196	0.0723964194	0.1270631891	0.0027437193	0.0105592571	0.1446320322	0.126608072	0.1323855082	-0.008265173	-0.135481801	-0.052856991	0.0185248178	-0.1237830955	-0.0540487397	0.1082719048	0.0119640979092139	-0.0087941413687247	7.733692241311515e-05	0.0001431396387812	-0.0275820396590518	-0.0108652591436282	0.0007607689117535	0.0001180538562581	0.153941402319127	0.0555781260136073	0.0030889280911844	0.0236979553479793	0.0001812107753289	-4.69022395312e-05	2.19982007304206e-09	3.283734509530107e-08	0.000907958007597	0.000422011257752	1.7809350166942498e-07	8.24387743559514e-07	-0.0004650820978597	-2.7201420600025432e-08	7.399172826594879e-16	2.163013577495796e-07	0.0	0.0	0.0	0.0	0.0
793.7631882948178	7.298824006124278	630059.9990919544	53.27283187237605	1215.0165689371904	-1.960139975937409	1476265.2627919023	3.842148725267906	766.1811222951696	2.480052312669613	587033.5121614857	6.150659473577898	796.3823039156109	808.0458758303994	1.237042	26.981621	0.0912846502414425	0.0464840454950525	-0.0214041554	-0.0052709215	-0.103210811	-0.0819271381	-0.0592238858	0.0222130118	0.0936916862	0.0363646814	0.2240661864	0.0870615464	-0.1094633033	-0.0469004903	-0.0269039086	-0.0672818123	0.1525221192	0.0255324603	0.0824774923	0.1877442612	-0.1479297533	-0.0386697979	-0.0100049146	-0.0519299252	-0.0055748953	-0.0804513311	-0.0286887493	0.0123812226	-0.1600030192	0.0648118284	0.0068064548	0.0609734654	0.0657903036	0.0091812536	-0.0940124956	0.1086085385	0.0470441262	0.2613839451	0.0254326902	0.1569943943	0.083983318	-0.0546205058	-0.0993642545	-0.1010252786	-0.0221502248	-0.0855392701	0.0684810874	-0.019468464	0.0947404967	0.0171889782	0.0768088025	-0.0597958094	-0.186690182	0.0283945121	-0.1496704372	0.0435077807	-0.1890261402	-0.0163085405	-0.0663386748	0.0251989001	0.0364882439	0.0072055258	0.0122488333	0.0809024212	-0.0186198725	-0.0269874409	0.0281512077	0.0808096354	-0.1141211646	-0.0831921803	-0.0310732608	0.2398076622	-0.0571479901	0.1811665687	-0.0579341011	-0.0320982016	-0.1882643934	0.1619409064	-0.0833535493	-0.0272497344	-0.1690304688	0.0245801898	0.1056574458	0.0407894654	0.0613495954	0.0402983373	0.1469804683	0.1879739885	0.1626698661	-0.1156347804	-0.2384764784	0.0555946443	0.0793561027	-0.1427397575	-0.0833001057	0.06008104	0.0739520473	-0.0683833103	0.0022718962	0.0655942596	0.1779839471	0.0092350851	-0.0247907827	0.031818879	-0.0190569376	0.0151740128	-0.1255324169	-0.0446835199	0.1150284477	0.0166868558433748	0.0047227579341609	2.2304442504679737e-05	0.0002784511579375	-0.0375984286512647	-0.0100163889922129	0.0014136418370442	0.0001003280484433	0.1182525585248583	-0.0356888437942687	0.0012736935713717	0.013983667597675	-0.0003538541828377	-0.0005350649581666	2.8629450945782544e-07	1.2521278271173645e-07	0.0006260823623129	-0.0002818756452841	7.945387940432779e-08	3.919791243993014e-07	-0.0004648895108944	1.925869653000281e-07	3.7089739203474225e-14	2.1612225733963447e-07	0.0	0.0	0.0	0.0	0.0
793.0731656969374	-0.6900225978804428	628965.0461485619	0.4761311855856753	1219.353005316471	4.336436379280485	1486821.7515743095	18.804680471547243	766.9854225447725	0.8043002496028748	588266.6383961833	0.6468988915112468	800.1046327784173	842.3977964878083	1.30996	28.572067	0.0461080807406924	0.0237464501475344	0.079756945	-0.1120338267	0.2113518419	-0.0573729846	-0.1045548813	0.0185971559	-0.0511501196	0.116296955	-0.0719950711	-0.2083061367	-0.1419275919	-0.0808722889	0.0756242506	-0.0723637015	0.0331492164	0.0417231015	-0.0217962649	-0.1295838688	0.0081803983	0.046035576	0.0102319006	-0.177640718	-0.0087312833	-0.0697213777	0.0357898253	0.0348976253	0.1001277018	-0.0692208021	-0.039126939	-0.2013742286	-0.1785583274	-0.0277258459	-0.0020022509	-0.0527193322	0.041645374	-0.0979308398	0.0312602872	0.0883017476	-0.0708150271	-0.1538330434	-0.0146781706	-0.0089526986	0.0846821658	0.1689258674	0.1218947935	-0.0429433654	0.0251840557	0.1710027957	-0.0148621633	0.1248941621	-0.0356381431	-0.0122306974	0.0292947876	-0.0791973632	0.1166492214	0.2464424838	-0.0439006676	0.0860448419	-0.0790746154	-0.1112172454	0.0873357945	-0.0537474647	-0.0994150156	-0.0723978547	-0.0896765224	-0.155011698	0.1591638468	-0.0439935106	-0.0591725624	0.0689834205	0.0072865227	-0.032280318	0.0608293348	-0.0076268686	0.0474379916	-0.1328114575	-0.0835775304	-0.1105522913	0.1294847716	0.0489117564	0.0865655134	0.0324534706	-0.0397687587	-0.126008893	0.0917563792	0.1624100357	-0.0694807685	-0.1563629006	0.0863478247	0.1207667532	0.0372024811	-0.0923573697	-0.248305894	0.0343389402	0.1228154687	0.0682299837	0.028431973	0.0629295296	-0.017892002	-0.1185371387	0.0597107351	0.1057779206	0.1179270748	0.0118128082	-0.1269376627	-0.0350428114	0.1205247148	0.0121133800036261	-0.0045734758397487	2.091668125676509e-05	0.0001467339751122	-0.0196087350022509	0.0179896936490138	0.0003845024883884	0.0003236290775853	0.1088348405435084	-0.0094177179813499	8.869341197624142e-05	0.0118450225161308	-0.000183322974659	0.0001705312081787	2.9080892962887125e-08	3.3607313037824364e-08	0.0006880474215975	6.19650592846e-05	3.8396685721439925e-09	4.7340925436696797e-07	-0.0005149371088427	-5.004759794829998e-05	2.5047620603946806e-09	2.6516022606327865e-07	0.0	0.0	0.0	0.0	0.0
788.0533454968163	-5.019820200121103	621028.0753487245	25.19859484154387	1221.321576485838	1.968571169367124	1491626.3931898526	3.875272448863445	764.8447679106554	-2.1406546341171406	584987.5190003043	4.582402262567189	797.306470324562	817.6128799087123	1.277608	27.866432	0.0498110506383275	0.023495531059607	-0.0322271379	-0.1631727987	-0.0882133806	-0.054670412	0.1045027425	0.0460277261	0.1232212238	-0.0350369055	-0.1641153274	-0.0366513151	0.032215857	-0.017233369	0.0027536913	-0.0316148274	-0.0864591606	0.1905001364	-0.04600183	0.0766489329	-0.149209304	0.0383648469	0.0026384327	-0.09266531	0.0087619249	-0.085302366	0.0755989999	0.0722625532	-0.0320119967	0.0239739018	0.0067004539	0.1198862403	0.0589521831	-0.0318725594	-0.1010126963	0.0203485881	0.0229426729	-0.0863633443	0.0801672426	-0.0683053687	-0.1278305123	0.0891390965	0.0239130525	0.0454539332	0.1148482838	-0.0807989248	-0.0043114845	0.0291350953	0.0821864908	-0.0064782911	0.0095811066	0.0729080398	0.0090121654	-0.2040373335	-0.0077278976	0.0328035774	-0.1504953767	0.0496299352	-0.0271448546	0.0974231607	0.030806356	-0.1170084302	-0.0153044741	0.0188497799	-0.045325764	-0.0642193011	-0.0178861375	0.0785163095	0.0164979956	-0.0715540627	-0.0520363581	-0.017787321	-0.1156438937	0.0328466696	-0.0223980226	-0.0373803014	0.1381731889	0.108431563	0.0221549964	-0.0053040139	-0.0331228738	0.0572288742	0.1115556748	0.0167315652	-0.021373626	0.1274204286	0.1346819738	0.0624861278	0.1056813645	-0.008176816	0.0202547002	0.0564974524	0.084644649	0.118305463	-0.1089005326	0.0612803523	0.1540400669	0.0006536046	0.0107653269	-0.0538466037	-0.1261319655	-0.1557100466	0.0476669259	-0.0442365206	0.0486146909	0.0084435077	-0.1279949812	-0.0251860523	0.124700488	0.016193865808276	0.0040804858046499	1.6650364401949345e-05	0.0002622412898164	-0.0375910960552232	-0.0179823610529723	0.001413090502633	0.0003233653090394	0.1183545299034847	0.0095196893599763	9.062448551044618e-05	0.0140077947486748	-5.575772921721892e-05	0.0001275652454417	1.6272891844621853e-08	3.108924367460708e-09	0.0009040151169474	0.0002159676953499	4.664204543474722e-08	8.172433316694213e-07	-0.0005359744564656	-2.1037347622899984e-05	4.4256999500673556e-10	2.872686179835953e-07	0.0	0.0	0.0	0.0	0.0
788.8222415216185	0.7688960248021885	622240.5287191906	0.5912010969566077	1221.6088090295457	0.2872325437076597	1492328.082298585	0.0825025341647726	763.6312957938183	-1.2134721168371243	583132.755915746	1.4725145783411715	795.9428083500236	822.462192174008	1.212265	26.441196	0.0394429252852715	0.0189221173058293	0.0045261515	0.0355647956	-0.0150428087	-0.2084229579	-0.0622979456	-0.0011471981	0.0977187027	-0.0422358209	0.0558006468	-0.1063173488	0.0049143814	-0.1618898442	-0.0930315219	0.0162716977	0.0341961167	0.0926725914	0.1453971557	-0.0204332433	-0.0281937334	-0.0096574814	-0.0099486194	-0.0599201234	-0.0826208055	-0.0036283209	-0.1687254835	0.0545947336	0.1624847372	0.0538726323	0.0740204833	-0.0539734033	-0.1818111404	0.0043226241	-0.0912223353	-0.0902794254	-0.0810207116	0.1396321407	-0.1413774244	-0.0341387991	0.0631365662	0.0693396373	0.0629744433	-0.1276640267	0.0579218668	0.0831552378	-0.1665744165	-0.0327489727	0.0887070428	0.1484247496	0.0384556916	-0.0681911776	-0.0012381433	-0.0879654043	-0.1606943735	-0.0567452422	0.0612037787	0.0467064756	0.0271766446	0.0201300257	0.0149924759	0.077075885	0.0528353936	-0.0409553382	-0.1697918281	0.0373275383	-0.0253595543	-0.1797448714	0.0156277791	0.0744968688	-0.1619278095	-0.0240990648	0.182885946	0.0509491837	0.0694936867	0.0481585116	-0.1388774779	-0.1194744277	0.1342247901	0.2461507842	-0.0135837359	0.0034165763	0.082821057	0.1193135196	0.1281332034	-0.0154950092	0.0865322435	0.0064676198	-0.0064097036	-0.0570571766	0.0191659181	0.1450343603	0.0936588156	-0.0364540411	-0.0388536008	0.0189145805	0.0808866808	0.0228733908	-0.1604757963	-0.021534437	-0.1556560418	0.0377989118	-0.0505696294	-0.0892851812	0.1404845625	0.0050684204	-0.1287014744	-0.0151740128	0.1275100165	0.0158332102646028	-0.0003606555436732	1.3007242118221266e-07	0.0002506905472831	-0.0427959532859603	-0.0052048572307371	0.001831493617654	2.7090538792356308e-05	0.13196173511961	0.0136072052161253	0.0001851560337937	0.0174138995357781	0.0001821877730851	0.0002379455023023	5.661806206590287e-08	3.3192384661707896e-08	0.0008074576564467	-9.65574605007e-05	9.323343178344245e-09	6.51987866954397e-07	-0.0004650732733739	7.090118309169995e-05	5.0269777638027605e-09	2.1629314960671435e-07	0.0	0.0	0.0	0.0	0.0
785.0201504314504	-3.802091090168119	616256.636583417	14.455896657935796	1213.9693156439043	-7.639493385641344	1473721.4993249294	58.36185918925785	762.4316337427299	-1.199662051088353	581301.9961316083	1.4391890368215143	794.777847399136	806.1376507457934	1.160863	25.320049	0.032355339346661	0.0220711247888872	-0.0672988702	-0.0289946378	-0.047189432	0.0501273168	-0.0591886523	0.0084152463	0.0887140448	-0.0949449568	-0.1142663763	-0.129187976	0.0583796388	0.1196312017	-0.1408691157	0.0488532587	-0.0299141383	0.091617099	0.0276324429	-0.1005337331	-0.006163785	0.0601605307	-0.1747919283	0.2215583917	-0.0888823487	-0.0582300092	0.179745521	0.1036798517	0.1250142986	0.1418668407	0.0635017346	-0.0260191848	-0.1372597272	-0.1188372762	0.0262362916	-0.0661999642	-0.1121835054	-0.1029855135	-0.0281748613	-0.1583297665	0.0437040786	0.102511847	0.0653109734	-0.0689264029	-0.0284467308	-0.1732970215	-0.0988828705	0.0233903785	0.0100906628	-0.0582613053	0.0508203181	-0.0966788829	0.0432929746	-0.1244761315	0.0729757359	-0.1027789153	0.0833645551	-0.0924647166	-0.1157106323	0.2029641384	-0.0816146364	0.1469790252	0.0979372586	0.1163260284	0.0152571216	0.1275012651	-0.1249309698	0.0280392711	0.0377967386	0.0188116612	-0.0518245459	-0.0295613189	0.1872639373	-0.2505622215	0.1140708101	-0.0529669274	0.0068284302	0.1699776622	0.0646471232	0.0057918291	-0.0465103776	-0.0247888774	0.096005996	0.0885403288	-0.0455374565	-0.0525288447	-0.0218143124	-0.1117113228	0.1253625561	0.1023617245	0.0720250786	0.1741415004	0.1244095979	0.0985420719	0.092630579	0.0121208802	0.1137797329	0.0733533951	-0.1430451108	-0.0227759426	0.06883233	-0.1315400427	-0.0105948426	0.0496107349	0.1043974586	0.0016898595	-0.1290552057	-0.0050684204	0.1289225186	0.0156010566144431	-0.0002321536501596	5.3895317282471206e-08	0.000243392967487	-0.0222539036159759	0.0205420496699844	0.0004952362261491	0.0004219758046441	0.1307048490552631	-0.0012568860643469	1.5797625787494434e-06	0.0170837575665591	0.0001322242583195	-4.99635147656e-05	2.496352807732329e-09	1.7483254488141865e-08	0.0009639691610783	0.0001565115046315	2.4495851082047345e-08	9.292365435100014e-07	-0.0004650632935277	9.979846199979249e-09	9.959733017524023e-17	2.162838669868317e-07	0.0	0.0	0.0	0.0	0.0
792.2018925793853	7.181742147934983	627583.83860636	51.57742027942579	1214.680827396853	0.7115117529485815	1475449.5124455031	0.5062489745839632	766.4090797800606	3.977446037330651	587382.8775693192	15.8200769798773	795.5098999400655	800.3757963431509	1.346054	29.359331	0.0459987889616138	0.0232918149771668	0.0318263777	0.0398971524	-0.1306697067	0.1542634744	-0.0933224945	-0.0800638319	0.0894712522	0.0485660986	0.1435458784	0.1636020419	-0.0024286724	0.2300643788	0.0211444677	0.0912918448	0.1916843248	-0.0539776741	-0.0029758842	-0.0317671775	-0.1523496341	0.0028175938	-0.0160161634	0.0134287409	-0.1346069458	0.0214409579	0.0797541162	0.107362622	0.0050747803	0.0526314684	0.0024552395	0.063193599	-0.0956276849	0.0149227848	0.0074874292	0.1272994376	0.0865715669	0.0709070304	0.0120723121	0.1464546976	0.1587437263	0.0693452054	0.0907463282	-0.074109758	0.0823978338	0.1978334062	0.0944472026	-0.0335717359	0.0339267852	-0.0743777893	-0.0541227843	-0.1234600902	-0.1774371503	0.0644911176	0.0949309987	-0.0573549137	-0.1254939485	0.019819432	0.0950350397	-0.0063772448	-0.0103580889	0.1095557007	0.0915805261	0.2182415203	-0.0331168421	0.1775179804	0.0450927534	-0.0235702531	-0.1100020058	-0.0726581832	-0.0837028462	0.0775349415	-0.0158505147	0.0213068195	-0.0178283613	-0.0261852674	0.0580012229	-0.0823182006	-0.0576645951	-0.0153518807	0.0683934105	-0.118225394	0.0415184498	0.1234686819	-0.1110541424	-0.0167068224	-0.1870944389	0.0067695516	0.2205363395	0.0440703019	-0.0723983759	0.0818886771	0.1053617984	0.0344155547	0.0932284176	0.081619248	-0.1157416957	0.1465780424	0.0027564206	-0.1815089688	0.1520727644	0.1502830113	-0.0152483303	0.0953234818	0.1042596211	-0.0016898595	-0.1290552057	0.0050684204	0.1289225186	0.0154580584450769	-0.0001429981693662	2.044847644208491e-08	0.0002389515708914	-0.0084737041435403	0.0137801994724356	7.180366191225205e-05	0.0001898938975001	0.1416065639932	0.0109017149379369	0.000118847388588	0.0200524189659602	4.367900543149751e-05	-8.854525288800249e-05	7.840261809000314e-09	1.907855515484789e-09	0.0006859886573	-0.0002779805037782	7.727316048083742e-08	4.705804379442569e-07	-0.0005220150644989	-5.695177097119993e-05	3.243504216756011e-09	2.724997275637907e-07	0.0	0.0	0.0	0.0	0.0
794.0432591612389	1.8413665818535487	630504.6974194024	3.390630888767024	1211.3862031572987	-3.294624239554196	1467456.5331998563	10.854548879858063	769.085405034794	2.676325254733456	591492.3602375331	7.162716869124098	799.810548198957	831.2158224406995	1.288628	28.106785	0.1174268256930445	0.0735665231925976	0.1914183661	-0.014655746	0.0889132918	-0.0101510142	0.0485276428	-0.1213610476	-0.142751993	0.1406074333	0.0371077338	0.0527215593	0.0138841172	-0.0597006267	0.23143415	0.0571501868	0.015267616	-0.042877891	-0.0193637559	0.0847584308	-0.1069774532	0.0163757553	0.0338845651	0.0327222999	-0.0063951999	0.0766440686	-0.0037721842	-0.0788685714	0.1152907017	-0.1277138268	-0.0628707027	-0.1461664049	0.1860266196	0.0301453598	-0.0343888188	0.0150586266	-0.064668899	-0.0347063121	-0.0458141809	-0.1830810706	0.0043402061	0.0799132023	0.0298183389	-0.1001670086	0.0028984586	0.0763517818	-0.011448489	-0.0619636941	0.0233372861	-0.0690909742	-0.1953884398	0.0847933171	-0.0897637994	0.0941746686	-0.0020245363	-0.0031735932	-0.1592235576	-0.0310732978	0.0291786223	-0.0431821097	-0.0333269976	-0.0432425922	0.0673573293	-0.0935260566	0.0546484093	-0.048685631	0.036630775	0.0105028107	0.0916769473	0.2029716676	0.0805099715	-0.0057873713	0.0105304143	-0.2584718645	0.0310999788	-0.0064442092	-0.0674949143	0.0920915977	0.072225333	-0.0268821821	-0.0753809129	-0.1261710839	-0.065201966	0.160812544	-0.0566135448	0.1503846487	0.0094073018	0.0856044394	-0.0919631205	-0.1047416199	-0.0318757406	-0.0157578854	0.129816778	0.1474985153	0.0353755144	0.0420548291	0.00268654	0.1610110445	-0.002872116	0.0487686158	0.0481743025	-0.0369517987	-0.0551140611	-0.0807372175	-0.0403217412	-0.0050684204	-0.1287014744	0.0151740128	0.1275100165	0.0184703264367271	0.0030122679916502	9.073758453520342e-06	0.0003411529586792	-0.0774714024990714	-0.0689976983555311	0.0060018182051731	0.0047606823783608	0.1183592437941669	-0.0232473201990331	0.0005404378964363	0.014008910591527	0.0002501055104218	0.0002064265049903	4.2611901962511394e-08	6.255276634334912e-08	0.0006429588797818	-4.302977751819998e-05	1.8515617532657886e-09	4.133961210902672e-07	-0.0003280805640708	0.000193934500428	3.7610590456296695e-08	1.0763685652101433e-07	0.0	0.0	0.0	0.0	0.0
790.8821830245079	-3.161076136731026	625494.6274256111	9.99240234221035	1207.4915567835944	-3.8946463737042905	1458035.8597036684	15.16827037620798	767.3843038475794	-1.70110118721459	588878.6697916341	2.893745249142888	798.9352575349276	821.8075016272695	1.178417	25.702934	0.0769912687119644	0.0459908816097476	0.0881980196	0.1037639443	0.0626406478	-0.141311046	-0.0101178048	-0.1341559336	-0.048792849	-0.0492540531	-0.0791130685	-0.0383725675	-0.0420570478	-0.1252819955	0.1464752702	0.0831120026	-0.0833505834	-0.02293663	0.1688172949	-0.0929953676	-0.1154289282	0.0070138714	0.0462873053	-0.0460226309	0.0107401924	0.021201632	0.1209150451	-0.0315191239	-0.0711878221	-0.0278818807	-0.1450132108	0.0987815911	-0.0773114432	0.0497528134	0.0746931193	-0.0838008389	0.0415024664	0.1214905961	0.0089189552	-0.0038726328	-0.13946823	0.0302115116	0.1123805664	0.1276846957	0.0175962327	-0.0787253462	-0.2227744419	-0.0289743947	0.0713950161	-0.0458168695	-0.1565632589	0.0432140753	0.0340366184	-0.000670288	-0.1237966241	-0.1863922369	-0.0803879286	-0.0479763656	0.0868888266	0.0345122788	0.0585973602	-0.1093460947	-0.0488868318	0.1204842441	-0.0159839341	-0.0311921493	-0.05906268	0.1813142018	-0.0117381084	0.0728610753	-0.0127810925	-0.0687739793	0.022211446	-0.0332256738	-0.0448918993	-0.011529216	0.0867974909	-0.2184211469	0.023255537	0.0167637721	-0.125425748	-0.0807898527	-0.0424146213	0.217011439	0.069897145	-0.0556716385	0.0540811978	-0.0168766243	0.0382232387	-0.0342255515	0.0265666364	0.0634334178	-0.0035783577	0.1478949421	0.0365071615	0.0548384662	-0.0387271852	0.0009478182	-0.2048279037	-0.0982227994	-0.0007881517	0.0985998848	-0.0423083196	-0.067650691	-0.1046485747	-0.0084435077	-0.1279949812	0.0251860523	0.124700488	0.01487315131331	-0.0035971751234171	1.2939668868530831e-05	0.0002212106299886	-0.037390191556355	0.0400812109427164	0.0013980264246209	0.0016065034706345	0.1382717380609079	0.0199124942667409	0.0003965074279229	0.0191190735463843	0.0003570848418206	0.0001069793313988	1.1444577346534276e-08	1.2750958425804293e-07	0.0004959385225118	-0.00014702035727	2.161498545179845e-08	2.459550181111872e-07	-0.0003420886429838	-1.4008078912999974e-05	1.962262748328345e-10	1.1702463965849776e-07	0.0	0.0	0.0	0.0	0.0
788.518206879566	-2.36397614494183	621760.9625805661	5.588383213854037	1208.327595335964	0.8360385523694731	1460055.577650393	0.6989604610480442	763.4502655967292	-3.9340382508502216	582856.3080397163	15.476656959152672	794.4128265824644	814.4961871297736	1.203494	26.249897	0.0645084083358961	0.0317235887947866	0.1039251569	0.0635693865	0.0593786458	0.1150485448	-0.044479553	-0.1722312866	-0.1262740133	-0.0464178347	-0.1019420817	-0.1315504297	0.0779740793	0.1312024131	-0.0142033661	0.1597584946	-0.1321795093	-0.0650236373	-0.0172440604	-0.118757929	-0.1425752318	-0.0577436319	0.0982606386	0.1863998999	0.0235052572	0.0832587543	-0.1809515648	-0.1540947112	0.0604793776	-0.0172630646	-0.1085698968	0.0120158325	0.0832686563	-0.0057105538	-0.0600269644	-0.0249263649	-0.0434244738	0.0622346405	0.1761588514	0.052990199	0.0260951436	0.0945466294	0.0671254628	0.0430464455	-0.1962490845	-0.1719502974	0.036173526	-0.1517009044	-0.0160751529	0.0467970471	-0.12613839	-0.08654701	0.1342998135	-0.0143391855	0.1017383793	-0.1742815403	-0.069366976	-0.1016760628	0.0295192148	-0.0493877452	0.1366852652	0.055110048	-0.0988701732	-0.1987700062	-0.0017592635	-0.0207548317	-0.0580006475	0.001939189	-0.0449112205	0.1355652327	0.0621359012	0.0209500261	-0.0014376494	-0.1582814922	-0.1474229067	-0.0913022039	-0.0308581561	0.1233759989	-0.1596193368	-0.0782804506	-0.1601263957	-0.0927107221	-0.1162909504	0.1738452469	-0.1282752652	-0.01719028	-0.0288242249	-0.1587137804	-0.1289669596	0.0255619033	0.0317958527	-0.0784022319	0.1068695756	-0.0554411639	0.0701683136	0.1404943538	-0.0630655901	0.0603675005	0.0256653026	-0.0209364085	0.1828809266	-0.1879219659	-0.1185421418	0.0077573582	-0.0374639343	-0.0118128082	-0.1269376627	0.0350428114	0.1205247148	0.0045106496372824	-0.0103625016760276	0.0001073814409856	2.0345960150315844e-05	-0.054007445860094	-0.0166172543037389	0.0029168042083309	0.0002761331405951	0.1416837323680724	0.0034119943071645	1.1641705152123076e-05	0.0200742800177475	0.0008470372055151	0.0004899523636945	2.400533186898276e-07	7.174720275268297e-07	0.0004959363658469	-2.156664900051369e-09	4.651203491113583e-18	2.459528789694303e-07	-0.0001497100023639	0.0001923786406198	3.7009541366760635e-08	2.2413084807798947e-08	0.0	0.0	0.0	0.0	0.0
787.0888651059299	-1.4293417736361107	619508.8815737407	2.043017905861223	1207.683590128264	-0.64400520769982	1458499.653865093	0.4147427075444882	762.7125539282034	-0.7377116685257761	581730.4399196826	0.5442185058790845	792.3762685911665	788.2136975137811	1.362273	29.713095	0.0697035868845334	0.0340866335291687	-0.0586172721	0.1836390295	-0.0131440723	0.0897345553	0.0154588921	-0.0628757726	-0.0633476024	-0.2206843192	0.0653984009	-0.2328505033	-0.0449026238	0.084110679	-0.1825456679	-0.0164826013	-0.0134589316	-0.1092287532	0.0230849504	-0.1075162207	-0.1387332889	-0.1473504297	0.2435491409	-0.0255684592	-0.0967119754	-0.0296511069	0.0166189503	-0.0348535123	-0.0579271804	-0.0388029088	0.0374936821	0.0197642853	0.1147121877	-0.0972236559	0.0011430599	0.0304595279	-0.1558380323	0.018381544	0.1043436714	-0.0920492061	-0.0497222025	-0.0364475369	0.0251407837	0.1027389689	0.0477372731	0.1495305859	0.0322184524	0.0818645748	-0.3342466617	-0.0349800529	0.1108085829	-0.1391206058	0.0999455412	0.0390471243	0.068988074	-0.1779858829	-0.1188215507	0.1730447244	0.0877698095	-0.0730542788	0.2759178789	0.0099756583	0.0458842918	-0.0218629369	-0.0541786671	-0.0570702849	-0.0139610339	0.0817656128	0.0054300979	-0.0975058189	0.1473283681	-0.182463355	-0.1492057977	-0.1428625179	-0.0122433659	0.0930940441	-0.0740602539	-0.017800838	-0.0760960454	0.1992346566	0.0087221078	0.1193714072	-0.0960519586	0.1537525214	-0.1451581812	0.0335133427	0.0067515848	-0.0826209364	0.1703887787	0.018172241	-0.0071529322	-0.0644243189	-0.0373577703	0.0278630114	0.0198765478	-0.0773941135	-0.1114882451	-0.0706043941	0.0224769076	-0.2190045318	-0.0676208978	-0.0281532435	-0.0909353606	-0.0567072483	0.0058248597	-0.0151740128	-0.1255324169	0.0446835199	0.1150284477	0.004344260840412	-0.0001663887968703	2.7685231723979055e-08	1.887260224953718e-05	-0.037253133625029	0.0167543122350649	0.0013877959648842	0.00028070697847	0.1576795783140809	0.0159958459460084	0.0002558670875284	0.0248628494173063	0.0010240296160601	0.0001769924105449	3.1326313390529824e-08	1.0486366545681956e-06	0.0009659693457237	0.0004700329798768	2.209310021718643e-07	9.330967768778732e-07	-6.099459465390943e-05	8.871540770999059e-05	7.870423565149856e-09	3.7203405769947164e-09	0.0	0.0	0.0	0.0	0.0
794.7969429738733	7.708077867943416	631702.1805606144	59.41446441827912	1232.1288736543768	24.44528352611269	1518141.5612928031	597.5718866720364	767.3372323265921	4.62467839838871	588806.4281146345	21.38765028852316	799.0770881013043	819.4926519845661	1.506699	32.863228	0.1954669099973591	0.1102400528010802	-0.107872942	-0.0589046791	0.1444259614	0.0946893444	-0.1735170469	0.1225926995	-0.1173948678	0.0660224954	0.0973871194	-0.1643485235	-0.0282298045	0.0820203435	-0.0317454309	-0.1668808054	0.2057548602	-0.1385553056	-0.0551545803	-0.1195757529	0.0756662333	0.0374003831	-0.0369709311	-0.076635095	0.0487722473	-0.1798165472	0.1030549794	-0.0156567941	-0.0313903265	-0.0034178151	-0.0544774139	-0.1081841203	0.074717314	0.1706905204	0.0008467814	-0.1720383256	0.1008624575	-0.0704282103	0.2659426391	0.1652387721	-0.052236753	-0.0702959446	0.0577557609	-0.0814969041	-0.0216103554	-0.0864558571	-0.020227548	0.0372514464	-0.0287097155	-0.0894803158	0.1508628976	0.0385953029	-0.1055427561	0.166651162	0.103742603	-0.0314148785	0.1570342924	0.1431987407	-0.075389777	0.1711841593	-0.0175537628	-0.1854003015	0.0855272575	0.0056577328	0.0730632667	-0.0652349509	-0.0017506697	0.0388748557	-0.1317809242	0.0398515368	0.0929352326	0.045755528	-0.1039964288	-0.0646696575	-0.0247537258	-0.0860558412	0.016041551	-0.0620973066	-0.1851453703	0.0125636558	0.1196520931	0.1266526278	0.0315557684	-0.0028099579	-0.1168505731	-0.1625820646	-0.0308776695	0.078789558	0.0708838175	-0.1313253991	0.0622684434	-0.1403879069	-0.0799848159	0.0783108841	-0.0023216712	-0.0915327226	0.0704771059	-0.0377196458	-0.010609734	-0.0061846196	0.0413869235	-0.0091924553	0.1390219068	0.03796338	0.0034293255	-0.0185248178	-0.1237830955	0.0540487397	0.1082719048	0.0045763307948902	0.0002320699544781	5.3856463771513496e-08	2.0942803544260367e-05	0.0387246511765511	0.0759777848015801	0.0014995986087455	0.0057726237833552	0.0793045127338345	-0.0783750655802463	0.0061426509047079	0.0062892057399509	0.0004416431461211	-0.0005823864699389	3.391740003680096e-07	1.950486685157433e-07	0.0009659350964235	-3.4249300200051534e-08	1.1730145641932502e-15	9.33030610502676e-07	-0.0002962136686358	-0.0002352190739818	5.532801276489812e-08	8.774253748667954e-08	0.0	1.0	0.0	0.0	0.0
789.6932887498716	-5.10365422400173	623615.490296588	26.047286438170698	1214.4690614692895	-17.659812185087276	1474935.1012660968	311.86896641255703	766.7938919667264	-0.5433403598657378	587972.8727574797	0.2952187466590295	799.14686581699	833.9591581018348	1.566996	34.178387	0.173933122891185	0.1011450458314077	0.0611358132	-0.2028745972	0.0278171389	-0.1281231451	0.0922087977	0.0388632268	0.112614651	0.1702499718	-0.1873247067	0.1043910948	0.084712266	-0.0221026948	0.1198970661	-0.0003201887	-0.0430503424	0.1937719002	0.0145662762	0.1226503598	-0.0224343748	0.0608314639	-0.154752724	0.07644463	-0.0116459246	0.1046871114	-0.0722544263	-0.029749531	0.0011985092	-0.154820868	-0.0234017787	0.0836094867	0.0388440187	-0.1676184097	-0.0016527725	-0.0059583766	0.0571708108	0.0055551031	0.0304757701	-0.170278096	-0.0210984015	-0.0342005433	0.0177820083	-0.1785959713	-0.0021832745	0.0910987493	0.0876745334	-0.1811984203	0.0823989082	-0.0003312382	-0.0809480757	0.119533189	-0.0734304239	-0.1657383419	-0.0164032602	0.0389307518	-0.0655569036	-0.1528744426	0.0085518799	-0.0338179119	-0.1532050083	0.024943524	-0.0340606808	-0.0595186001	-0.1049339666	0.0273863515	-0.0290348273	0.0873809965	0.1538195707	0.0570165223	0.1091056726	-0.0144055487	-0.0307436261	-0.0556133109	-0.0302455364	-0.1173104363	0.0815394488	-0.0187778972	0.1770852974	0.0553267426	0.0759951826	-0.0839749428	0.1006492909	0.0433513309	0.0053296643	0.1015107167	0.0272701216	-0.0386140541	-0.1984038758	-0.0322585227	0.0305715932	-0.0355536973	0.105851411	0.0312954858	0.1978083785	-0.1364850785	0.0277156802	-0.0841999659	-0.0041024018	-0.0220067057	-0.191799135	-0.0673148825	0.0722330011	-0.0043121816	-0.1122643589	-0.0218629269	-0.1216944932	0.063080731	0.1003291122	0.0045108189437002	-6.551185118999943e-05	4.2918026463406295e-09	2.034748754284459e-05	-0.0527728588590434	-0.0914975100355945	0.0027849746321565	0.0083717943427137	0.1204919652089628	0.0411874524751283	0.0016964062413909	0.0145183136799179	0.0008960342343359	0.0004543910882147	2.064712610490301e-07	8.028773491019225e-07	0.0010999760865932	0.0001340409901697	1.7966987045673615e-08	1.209947391076891e-06	-6.099277643485554e-05	0.0002352208922009	5.5328868127808354e-08	3.720118777232269e-09	0.0	0.0	1.0	0.0	0.0
787.6830437451898	-2.010245004681792	620444.5774036866	4.041084978848098	1221.2422443790658	6.773182909776324	1491432.619456018	45.87600672928607	763.6772978798333	-3.1165940868930875	583203.0152970436	9.713158702456958	796.0333417614166	809.9331741232621	1.466174	31.979324	0.070067945108615	0.0415093750265682	-0.0142346291	0.1305311154	-0.0749386275	-0.0993531373	0.0633020097	-0.0354142314	0.042507116	-0.1102405092	0.0292080765	0.0152642459	0.158079296	-0.0490078279	-0.0286041647	0.0584482156	-0.14519581	-0.0252533085	0.0251106305	0.0844098191	-0.1733496013	0.1187900092	0.001383914	-0.0624582604	0.0924942898	0.0126650758	-0.1104451797	0.075203477	-0.1079509543	-0.029551532	-0.0429286865	0.0540733964	-0.1228111049	0.0623629208	0.0124924774	-0.0900633956	0.1313665319	-0.0148064273	-0.1026239228	0.0057165218	0.1293620156	-0.0136754887	0.2283596837	0.074071776	-0.0157712856	-0.0949824498	-0.0174816837	-0.084391896	-0.0271584671	-0.0007253389	-0.0337922194	-0.0357409787	0.141909422	-0.0097317681	-0.1054245243	0.0221014686	-0.1580876519	0.0207624229	0.0769385425	0.0914378685	0.0022740681	0.0043789882	-0.1483093888	-0.00851128	-0.1841228601	-0.0484489058	0.0386290324	-0.0994499623	-0.069313112	0.0356437602	-0.0482610124	0.0244620741	0.0352963276	0.1014697582	0.0980678837	0.063296541	0.1975948854	-0.1697042337	0.0056100296	0.0440041406	0.0585878012	0.0149292346	-0.1426511912	0.1341626659	0.1070233193	0.1404555641	0.0046508898	-0.176671855	-0.119262292	0.0386779784	-0.0931676606	-0.0390920602	-0.0621898539	-0.0261783337	0.0857612318	-0.1182940859	-0.0561737212	-0.0997801892	0.0339439829	-0.0531938346	-0.0580297267	0.1154756435	0.1749375796	0.0840261719	-0.0447582823	-0.0251860523	-0.1192723348	0.0717238087	0.0912870929	0.0043491429997999	-0.0001616759439002	2.6139110836052937e-08	1.891504483270848e-05	-0.0879891678077058	-0.0352163089486624	0.0077420936514926	0.0012401884159676	0.1206166526225729	0.0001246874136101	1.5546951112776856e-08	0.0145483768898744	0.001325592142583	0.0004295579082471	1.845199965376241e-07	1.7571945284777888e-06	0.0009658758654236	-0.0001341002211695	1.7982869317735622e-08	9.329161874077884e-07	-0.000188640103067	-0.0001276473266321	1.6293839996333382e-08	3.5585088485128385e-08	0.0	0.0	0.0	0.0	0.0
787.9870889351988	0.304045190008992	620923.652328569	0.092443477567604	1210.1775753748557	-11.064669004210144	1464529.7639401646	122.42690017272874	763.8808874057991	0.2035895259657536	583514.0101438711	0.0414486950829602	794.6525432181717	792.7279708812111	1.120411	24.437733	0.1078614215029596	0.0817566534299372	-0.1162566857	0.1804310078	0.071171743	-0.0346398729	0.0256047245	0.0439399562	-0.1490420068	-0.1354584392	0.0565062381	-0.034664044	-0.0247544422	-0.0351447251	-0.1147181234	-0.0471825911	-0.0682351666	-0.1828663047	0.0841102562	-0.0183335367	-0.0273147186	0.0111696237	0.0580507909	-0.0934276761	-0.0526634356	0.0040309415	-0.0363400342	0.0385478963	0.0808649763	0.0436015916	0.1537098393	-0.1031051247	0.0036510875	-0.0955425154	0.2199585688	0.0866457907	0.0680695686	0.0116313777	-0.0944535043	0.0339821807	-0.046113844	-0.0585873408	-0.1202519056	0.0591788654	-0.0082635743	-0.2012010105	0.0425316152	-0.1003339133	-0.0205250631	-0.1843938464	0.1040618834	-0.0361132773	0.1524950163	0.1320803023	-0.0425981905	-0.0866948332	0.0164099813	0.0437071159	0.0266121969	-0.0819464807	0.0144018869	0.0168378726	0.0920517568	-0.0588130249	-0.0531189674	0.0470754643	0.0837688581	-0.0985428644	0.0297794691	-0.0772307258	0.0486451211	0.0781444895	0.1326893112	0.1023116138	0.0747705953	0.0677450461	0.1104305623	0.0882930237	-0.0182780965	-0.0983592302	-0.0520885764	0.1113688977	-0.1314964575	0.0984272092	0.0463708612	-0.0532675884	0.0200406101	-0.0995147645	0.0229364257	-0.0817196461	0.0246824347	-0.0523873367	-0.1009540374	0.001834917	-0.0019152169	-0.0443495393	-0.2595617823	-0.0962468649	0.1618684701	0.0208457221	-0.0442184729	-0.0211011776	-0.1348152457	0.0276469116	-0.1096147263	-0.0284919163	-0.1165232592	0.0799246852	0.0812449131	0.0114718943462719	0.007122751346472	5.073358674366868e-05	0.000131604359892	-0.0071894183389673	0.0807997494687385	5.168773605267933e-05	0.0065285995142109	0.1205407834975318	-7.586912504109478e-05	5.756124134501274e-09	0.0145300804861988	0.0010780302958378	-0.0002475618467452	6.128686796389393e-08	1.1621493187441346e-06	0.0009879674531609	2.2091587737300037e-05	4.880382487548251e-10	9.760796885052351e-07	-6.103250629533902e-05	0.0001276075967716	1.6283698753838824e-08	3.7249668246905964e-09	0.0	0.0	0.0	0.0	0.0
790.3647043757258	2.377615440526938	624676.3659229283	5.653055183032106	1219.7896132413516	9.61203786649594	1487886.7005714865	92.3912719469518	765.087786987392	1.206899581592893	585359.3217972649	1.4566066000491	795.9189996687	806.1033121510555	1.086908	23.706997	0.0795850695386155	0.0442360540613131	-0.1712719314	0.0135704594	0.1199939104	0.0164363677	-0.0782986756	0.1615750197	-0.1013250362	-0.0293312669	0.0397759589	-0.0697318819	-0.0101462986	-0.0352946678	-0.0992045011	-0.1424132999	0.068306215	-0.0963247311	0.0711668527	-0.1008259857	0.1540221272	0.0844764557	0.0523466494	-0.0232151141	-0.0469907339	0.0700626722	0.0183693623	-0.1055077175	0.0003509143	0.0827256379	-0.0946278053	-0.0059756016	0.0810815585	0.0104460392	-0.1670809152	-0.013968008	-0.0208378139	0.0054365744	-0.0316810845	-0.1040414866	-0.0408574706	-0.1423834288	-0.0019036786	0.0012883455	-0.1038135676	-0.0120540184	0.1070172225	0.0631115129	0.0494176252	0.2093525596	0.1755233642	0.0113859207	0.0112540677	0.1014516194	-0.0051142583	-0.023853823	0.2093244256	0.005746122	0.0350272407	-0.0006823811	-0.0064939744	-0.1451990257	0.0465116216	-0.0854324424	0.0245290186	0.0764936183	-0.0606756369	0.1447101202	-0.0406100075	0.0528086302	-0.0816025644	-0.0610646053	-0.0430085445	0.0161981435	-0.0309920393	0.0144823745	0.0177912995	0.1246701157	-0.0890269519	0.0424544975	0.0142528598	0.1403364128	-0.0186189529	-0.0277244351	0.0137392129	-0.1288244402	0.0106072972	-0.0512017879	0.0510345612	-0.1336426893	0.1013974451	-0.1414178876	-0.0809422333	0.0857776792	0.0060059899	-0.0499083344	-0.0454721896	-0.1041342874	0.0478034469	0.0693298861	-0.0280400039	0.0445157636	0.1070813913	-0.0161653664	-0.0940133104	-0.0317782535	-0.1134548014	0.0876327994	0.0703125971	0.0251196986619675	0.0136478043156956	0.0001862625626395	0.000630999260868	0.0291566724361587	0.036346090775126	0.0008501115475494	0.0013210383146336	0.0990015613575749	-0.0215392221399569	0.0004639380903944	0.0098013091512376	0.0009640322572568	-0.0001139980385809	1.2995552800315158e-08	9.293581930316412e-07	0.0010349747860942	4.700733293330002e-05	2.2096893495021132e-09	1.0711728078507353e-06	-6.099883165289948e-05	3.3674642439540134e-08	1.133981543430877e-15	3.7208574630187722e-09	0.0	0.0	0.0	0.0	0.0
790.8638736613599	0.4991692856341387	625465.6666626515	0.2491699757204964	1225.8773409179212	6.087727676569557	1502775.2549759932	37.06042826407098	766.504196341503	1.4164093541110103	587528.6830091333	2.00621545841317	798.1514935699182	816.0733595747697	1.095051	23.8846	0.0886373461470915	0.0671899532574634	-0.0740674362	-0.1262874685	0.0243485184	0.0642183377	-0.0871995879	0.1205327681	0.0555336772	0.0947058452	-0.0249320688	-0.0751419086	0.0662713731	0.1121873554	0.0226425955	-0.0707303327	0.0954413974	0.0630569755	-0.0800062448	-0.060684303	-0.054797324	0.1495994635	-0.0217876681	-0.0483540975	0.060733509	0.0282906639	0.0126917785	0.013476816	-0.0231015236	0.002702198	-0.0454429902	0.0231504046	-0.0372532737	0.0054228433	0.0267075564	-0.096281824	-0.098123581	-0.0238516404	0.0295134501	-0.0505447903	-0.1099009412	-0.1369667454	0.0143634809	-0.0754913078	-0.179933651	0.0982075995	0.2273414176	-0.0260891335	-0.0631086754	0.0235766632	0.0664228246	0.0525721127	-0.1377494597	-0.023057359	0.1135120429	-0.0558946004	0.011410044	-0.0901972945	0.0369008587	0.0808834122	-0.0595055041	-0.1328661003	-0.0009451242	-0.0072426214	-0.0787246797	-0.0572424544	-0.0493852351	0.0037527982	-0.0526055983	0.0356709416	0.0783660029	-0.0748138466	0.094532564	-0.0724130851	-0.0490559166	-0.0246545491	-0.0017644624	-0.0561551765	-0.0662955153	-0.180489883	0.1538832325	0.0415872377	0.08173035	-0.0242767709	-0.1061559035	-0.0974572448	0.0451759201	-0.0596543879	-0.0722664476	-0.1253547247	0.0031472441	-0.1134067667	0.0861831357	0.0391903999	0.1339180177	-0.1136549585	0.0237828116	-0.0973297955	0.0179969995	0.0116834353	0.1015861698	-0.0045873798	-0.0097511848	0.0234651373	-0.0544234379	-0.0350428114	-0.1100753719	0.0948006283	0.0586099215	0.0122192279490747	-0.0129004707128928	0.0001664221446142	0.0001493095316714	-0.0356182531069748	-0.0647749255431335	0.0012686599543925	0.0041957909791184	0.0989685400611861	-3.3021296388796584e-05	1.0904060151967504e-09	0.0097947719218426	0.0007810326946057	-0.0001829995626511	3.34888399304939e-08	6.100120700430406e-07	0.0010699729122873	3.499812619309987e-05	1.224868837028143e-09	1.144842033028566e-06	-6.041794860357053e-05	5.808830493289491e-07	3.374251169976983e-13	3.65032851346369e-09	0.0	0.0	0.0	0.0	0.0
791.2871385256801	0.423264864320231	626135.3355961589	0.1791531453680235	1221.328572046896	-4.548768871025231	1491643.48089811	20.69129824200816	766.6253814260989	0.1211850845959361	587714.4754467116	0.0146858247285241	798.2100261997033	815.110709832844	0.8947279999999999	19.515274	0.0810987538798968	0.0462403269619761	0.004590984	-0.1145985003	-0.0626785987	0.0661528511	-0.0573792834	0.0406212487	0.0992775621	0.0840243219	0.0164885037	0.0075528145	0.0333246273	0.1132580784	0.050092152	-0.0453455391	0.0782946719	0.0602248272	-0.0796824354	0.0233554774	-0.0138955337	-0.0320275549	-0.0111968553	0.0630004073	0.021837973	0.0696525108	-0.0035910081	-0.0443912469	-0.0263408609	0.0211715722	0.028945219	-0.0117976915	0.0465329205	-0.1541545707	0.1937804033	-0.0395336334	0.055137479	0.0769079736	-0.0968230463	-0.0237819643	-0.2093257493	0.0436083095	-0.0648383949	0.0890205816	-0.0420448425	0.0621984567	0.112140939	0.0612551811	0.0086849696	0.1369791044	0.0049130833	0.0451009813	-0.1116500679	-0.0241921446	0.081858777	0.0421480322	-0.027176373	-0.0206354648	-0.0254835352	0.0277935445	0.0504259048	0.0410340192	-0.0198706631	-0.0413014941	0.0190795575	-0.0245126373	-0.0256714987	-0.0603584921	0.1304521099	-0.0887996434	0.1508140985	0.0048988652	0.0510355895	0.108308644	-0.0685885958	0.0559411139	0.0143125628	-0.0937751456	0.0529575189	-0.0627008793	-0.0689384699	-0.0076208471	0.0606994902	-0.0486961162	-0.1329680196	0.0276755837	0.0954047144	-0.0793846717	-0.116648623	-0.099501599	-0.0597789235	-0.1164455078	0.0555083466	0.0329738434	0.0391731388	-0.1887084192	-0.0657992597	-0.0164907504	0.0066784663	0.0378418043	0.0834934593	-0.037867745	-0.046807641	0.026545044	0.1108654874	-0.0382833527	-0.1063942335	0.1013839798	0.0462651033	0.0044411412140732	-0.0077780867350015	6.049863325720629e-05	1.972373528333958e-05	-0.074821632701628	-0.0392033795946532	0.0055982767201373	0.0015369049716424	0.1219851170116683	0.0230165769504821	0.0005297628145174	0.0148803687723504	0.0009000295895013	0.0001189968948956	1.4160260994794478e-08	8.100532619778785e-07	0.0009669727910039	-0.0001030001212833	1.0609024984395088e-08	9.350363785418722e-07	-6.043514441976983e-05	-1.7195816199298053e-08	2.956960947600412e-16	3.6524066810384366e-09	0.0	0.0	0.0	0.0	0.0
791.4225507097142	0.1354121840340667	626349.6537718701	0.0183364595848759	1221.243125796782	-0.085446250114046	1491434.7723058944	0.0073010616585521	767.0715379694516	0.4461565433526857	588398.7443628198	0.1990556611764169	799.1574847304122	818.5889080524445	0.8144449999999999	17.764191	0.1037395710602208	0.0684004799579517	0.0378060994	-0.1070720566	-0.0367008977	0.0435544259	-0.0284665702	0.0082696479	0.0658838649	0.0779467177	0.0015938723	-0.0276959075	-0.0511655545	0.0159166028	0.0685284561	-0.0666063448	0.0277392328	0.0681682658	-0.05102687	-0.0141736322	-0.037156442	-0.0005790252	0.0440630878	-0.034109968	0.1654288622	-0.0370486714	-0.0093311343	-0.106966563	-0.0360310587	-0.0306460085	-0.0411785951	0.0434875624	0.0026287569	0.0651216192	0.1008472955	-0.0381856597	-0.0717714561	-0.0960698747	-0.0591369725	-0.0060577169	0.2146627544	0.1937301269	-0.1052572941	0.0373610425	-0.1010440364	-0.097735135	0.17186508	0.012632771	0.079726901	0.1233556924	-0.0157125092	0.0826751447	-0.0752600352	-0.0441830138	0.0329848203	0.03714418	0.0146280182	0.0842630033	0.0630046176	0.036085814	0.0628220417	-0.0425787781	-0.1055001153	-0.056322404	0.1069634979	-0.0770082273	0.0357659856	-0.0154978013	0.0781248082	-0.0516133639	0.0044157857	-0.0828333758	0.1468792579	0.0845764698	-0.0690759787	0.0352895373	-0.058445176	0.0059675405	-0.0020103296	-0.1051921263	-0.0853033019	0.0244081354	0.08819791	-0.0880118699	-0.0624926497	-0.0057061947	-0.0195455457	-0.0255778709	-0.0549400436	-0.0600737409	0.0671306594	-0.1101196401	0.0033381139	0.0906919855	0.0454001175	-0.0201210573	-0.201178569	-0.0882293099	0.0861588168	-0.0347137028	-0.0295162494	0.0136948326	-0.0025158161	0.0557459414	0.0413729306	-0.0414976565	-0.1024214758	0.1073422654	0.033413395	0.011346917170826	0.0069057759567528	4.768974156486506e-05	0.0001287525292815	-0.0104259067933014	0.0643957259083266	0.0001086995324626	0.0041468095152603	0.1081314394244614	-0.0138536775872068	0.0001919243826902	0.0116924081920059	0.0011010310461143	0.000201001456613	4.040158556054773e-08	1.2122693645075498e-06	0.0011369684734896	0.0001699956824857	2.8898532063778943e-08	1.2926973097092715e-06	-6.112583747976022e-05	-6.906930599903877e-07	4.770569031188853e-13	3.736368007602059e-09	0.0	0.0	0.0	0.0	0.0
791.253733907835	-0.1688168018791884	626082.4714230909	0.0284991125967171	1216.957093828847	-4.286031967934832	1480984.5682203532	18.37007003015933	766.5746759246979	-0.4968620447536978	587636.7337690556	0.2468718915168255	799.0635982814831	820.790127051504	0.903207	19.700212	0.042527531410292	0.0215471179707547	0.0442652123	-0.0919884683	-0.0900965559	-0.0425405088	0.0464685311	-0.0148932848	0.0640767	0.0502021624	-0.009749893	0.013912215	0.0352473719	-0.0249837171	0.035353067	-0.0296061306	0.0327624194	0.085443231	-0.0255869536	0.1439088659	0.0479105058	-0.0074747969	-0.0140314895	0.0845114807	0.0928421173	-0.011038642	-0.0182157314	-0.1162165829	-0.0768871531	-0.0812591778	0.1228463666	0.1678479382	-0.0168536525	-0.0406090638	-0.0180633509	-0.0771148189	-0.0814296223	-0.0399860798	0.1328135018	-0.0581703149	0.0627792797	0.0997442372	-0.0740282867	0.0961128038	-0.0165059984	-0.0591329213	-0.0288497763	0.1592847114	0.0375756159	0.0735758592	-0.018821266	0.0433683582	-0.0259363546	-0.0476854061	-0.0683125606	0.1811403523	0.0220775982	0.0313491635	-0.0737482002	0.0924733182	0.094085107	0.0372363449	-0.1130993148	-0.131684096	0.0239585232	0.0460910229	0.0006695842	0.0676851949	0.111068606	-0.0637746619	0.0423728963	-0.1537699207	0.0376040249	0.143397336	0.0174710067	-0.0784310063	0.0181375567	0.0750807194	-0.0653046821	0.095791314	0.0030999682	-0.0186314054	0.0507416839	-0.1442671188	0.0531409354	0.0492438152	0.0224690133	0.0557409389	0.0016702599	-0.0012592904	0.0824410461	-0.1814485701	-0.00354144	0.1396599586	0.0658566464	-0.0628593239	0.024148715	-0.0717294955	-0.0182854303	0.1008773732	0.0209560328	0.0125793593	-0.0524940419	-0.0710251721	0.0733580273	-0.0446835199	-0.098167988	0.1126387502	0.0201956026	0.0043504131966756	-0.0069965039741504	4.8951067860302345e-05	1.8926094981809217e-05	0.0025793712308086	0.01300527802411	6.653155946323073e-06	0.0001691372564843	0.0946110354342053	-0.0135204039902561	0.0001828013240597	0.0089512480259324	0.0011830386428659	8.20075967516e-05	6.725245924973035e-09	1.3995804305139905e-06	0.0012349630734551	9.799459996549993e-05	9.602941622398358e-09	1.5251337927976668e-06	-6.12305491981711e-05	-1.0471171841088847e-07	1.0964543972561195e-14	3.749180155109652e-09	0.0	0.0	0.0	0.0	0.0
791.0892078896806	-0.1645260181544472	625822.1348395222	0.0270688106497575	1214.2711074176002	-2.6859864112468586	1474454.3223091653	7.214523001402778	766.1328234178326	-0.4418525068653025	586959.5031181799	0.1952336378231522	797.4524356215195	814.2069537263168	0.935029	20.394306	0.0308571450527242	0.0228846840915709	0.0495469928	0.020498552	-0.069754915	-0.1311632249	-0.0213688061	-0.0448567874	0.0722778826	0.0447851648	0.0566572322	0.0345710862	-0.0633302392	-0.1087107012	0.0110742582	0.018838704	0.0715269519	0.0746957974	0.1439671254	0.0741556919	0.1624163307	-0.044349318	0.1065960767	-0.0067474811	-0.0323923888	0.1301121518	-0.0650358998	-0.0059194872	-0.1424821332	0.092419119	-0.0028784969	0.0081049581	0.0661453726	0.0669099967	-0.0242714779	-0.1771357053	-0.024295082	-0.1948318749	0.1422582376	0.060726147	0.0266574801	-0.1451230923	0.1122459322	0.0245000626	0.1075792331	-0.0005410657	-0.0936028049	0.0630853802	-0.1005808588	-0.0609757157	-0.0163755569	-0.0374849846	-0.072452922	-0.0252718889	-0.1854364528	0.0667085159	0.1085013138	0.0120000141	0.0311645937	-0.1151988883	0.0719864201	0.0583180194	-0.0933382477	0.0222974072	-0.0115170515	0.0271780113	-0.1286175376	0.0163307865	-0.1364027095	-0.0092985357	0.1418512151	-0.1252060852	-0.0409119069	0.0612111136	-0.004521422	-0.0153005541	0.0573201799	0.0717093166	-0.0870733495	-0.0671008259	0.1919155995	-0.0371171799	0.0402099397	-0.1087030014	0.1621492076	-0.0731712756	0.046153607	0.0546443592	-0.0210672443	-0.0223615544	-0.1227138748	-0.061999963	-0.0084599795	0.0425992039	0.1383250074	-0.0583495575	-0.0101297835	0.0285537039	-0.0106203913	0.1068154545	0.007749026	-0.0815007283	-0.0482353093	0.1020868055	0.0939154777	-0.0478387595	-0.0936454286	0.1172407796	0.0067565429	0.0045256595325895	0.0001752463359138	3.071127825124732e-08	2.048159420491821e-05	0.0012916479395244	-0.0012877232912842	1.6683543996776283e-06	1.6582312749158129e-06	0.0728707693988326	-0.0217402660353727	0.0004726391672887	0.0053101490327778	0.0011915340443863	8.495401520399902e-06	7.217184699281296e-11	1.419753378931573e-06	0.0010904605262476	-0.0001445025472074	2.0880986149455743e-08	1.189104159304193e-06	-6.11503101230022e-05	8.02390751689086e-08	6.438309183961765e-15	3.739360428139345e-09	0.0	0.0	0.0	0.0	0.0
792.0570605999546	0.9678527102740871	627354.3872462402	0.9367388687848964	1213.9043379609222	-0.3667694566779573	1473563.7417203449	0.134519834351844	766.1139331351355	-0.0188902826970434	586930.5585437869	0.0003568427803742	797.2918138379214	822.1573190638893	0.921602	20.101427	0.0368369306431858	0.0195681335419082	0.0851909911	0.0390185005	0.0512665318	-0.091018756	-0.1555491458	-0.0870284278	0.0047983429	0.0706826427	0.0330625373	-0.0385664198	-0.0535421992	-0.0734718266	-0.0096308707	0.0649913165	0.1382926319	0.0088849273	0.1430332491	-0.0947722014	0.1278963335	0.0255604519	0.0178444711	0.063533074	-0.0954826508	0.0923800739	-0.0307820807	0.0492252886	-0.2139660183	0.1110023211	-0.0323498255	-0.0881860451	-0.0925801133	-0.1082599995	0.0990124084	0.0004032551	0.0078365423	-0.0071129445	0.0025949988	0.0429917097	0.061441824	-0.0381350501	-0.1074251848	0.1091303759	0.0221169057	-0.0099533884	-0.1049863754	-0.0113278446	0.0351915376	0.0592965945	-0.0408621384	-0.0901326353	-0.0801220588	0.0389380462	-0.0948395781	-0.0599814925	0.1822718725	-0.0074361741	-0.0199241021	-0.0465685155	0.0475066323	0.1195832313	-0.0170949064	0.0502228514	-0.0089973237	0.0092800839	-0.170277098	-0.0149432444	-0.0822436987	-0.1072841139	0.040192251	-0.0638107687	0.0203845839	0.140427891	0.0487548996	-0.0019492828	-0.0286784856	0.0144076835	0.1504946317	-0.0643765145	-0.0384449971	-0.1020031333	0.0209261377	-0.0565522984	0.037881728	-0.2056557451	0.0698375976	0.0901602451	-0.0584895238	0.0643275948	-0.0535479705	-0.0358036092	-0.0358688663	-0.027105524	-0.0686565603	-0.1371047654	-0.0299737823	-0.0207515672	-0.0567628283	0.1035074285	-0.0005708574	0.0024771994	-0.0486876311	0.0580449555	0.0060587222	-0.0509612127	-0.0888661936	0.1211199807	-0.0067565429	-0.0062367719928033	-0.0107624315253928	0.0001158299323387	3.8897324890215646e-05	-0.0045594560869659	-0.0058511040264903	2.0788639808970396e-05	3.4235418328811e-05	0.085540405080323	0.0126696356814904	0.0001605196683016	0.0073171609013057	0.0010540338991221	-0.0001375001452642	1.8906289947676105e-08	1.1109874604985372e-06	0.0011039671088293	1.350658258169983e-05	1.8242777303627728e-10	1.2187433773769233e-06	-6.108184977265485e-05	6.846035034734684e-08	4.686819569681473e-15	3.730992371649176e-09	0.0	0.0	0.0	0.0	0.0
791.5739408861582	-0.4831197137964409	626589.303890043	0.233404657858755	1209.9862803299604	-3.918057630961812	1464066.7985867336	15.351175599538085	765.6873177670853	-0.4266153680501929	586277.0685893536	0.1820006722566016	795.6126081842967	814.8691884040833	0.935788	20.410843	0.0404113548392853	0.0239876863472698	0.1177381971	0.0080746307	0.0300586264	0.1284798237	-0.1286083364	-0.117162643	-0.0006169905	0.0826791823	-0.0116187161	-0.0181218865	-0.0595356842	0.1403365526	0.0324555693	0.1238706057	0.0517857535	-0.0305938066	-0.0476179414	-0.108157551	0.0456480547	-0.0007055439	-0.0241702693	0.2203145233	0.0527690842	0.1308625081	-0.0186401273	0.0536570689	0.0336822139	0.1341435434	-0.0252002892	0.0336991404	-0.1433122154	0.0493918871	-0.1153635157	0.0552881452	-0.0980842168	0.1720456916	-0.0835941423	0.0602695635	0.0575565669	-0.0312611491	-0.0486198521	0.1161553145	-0.0655916241	0.2234719612	-0.1310798859	-0.0315210317	-0.0584786884	-0.1809118168	-0.0959921303	-0.0844891709	-0.0754360195	0.0059407576	0.1417518771	-0.0819942885	0.0891870969	-0.1232165543	0.0200308638	-0.0868504821	0.0285197753	0.1545268694	-0.1310902966	0.1249431517	0.0027621139	0.0839702914	-0.0241937842	-0.0542755971	-0.0336099688	-0.0294563314	-0.1183338578	-0.0145991002	-0.0111274632	-0.1093322115	0.0366639039	0.0221886906	-0.1937125709	-0.0931070289	0.0068283829	-0.0294939272	-0.0258640542	-0.1347414095	-0.001615991	-0.0651411157	-0.0927179014	-0.1602358962	0.0080361488	0.0242848497	-0.0338276121	0.1151172043	-0.1086292183	0.0320754972	0.0126226428	-0.0469398704	0.0032973224	-0.0380187293	0.0311230633	0.0866926795	-0.083875215	0.0311539868	-0.0836509901	0.0057415795	0.052342487	0.0362862937	-0.0400928759	-0.0540487397	-0.0838433825	0.1242524367	-0.0201956026	-0.004434067445473	0.0018027045473302	3.24974368496534e-06	1.966095411100346e-05	-0.0232882160580203	-0.0187287599710544	0.000542341007165	0.0003507664500533	0.0840643183683269	-0.0014760867119961	2.1788319813314644e-06	0.0070668096227314	0.0009640420399057	-8.999185921639995e-05	8.098534725224348e-09	9.293770547055432e-07	0.0013819669367081	0.0002779998278788	7.72839043006425e-08	1.90983261415437e-06	-6.116623485554645e-05	-8.438508289159395e-08	7.120842214621182e-15	3.741308286403865e-09	0.0	0.0	0.0	0.0	0.0
792.0673469365194	0.493406050361159	627370.6820830565	0.2434495305329986	1219.6433120905658	9.657031760605378	1487529.8087272453	93.258262425341	766.1975580833059	0.5102403162205746	587058.6980128209	0.260345180296872	797.8168650269797	824.1960089432566	0.9455960000000002	20.624781	0.0766702437216116	0.0361826154294228	0.1675877428	0.0260595577	-0.0083270641	0.0994130629	0.0305215646	-0.1147548243	-0.0517444097	0.1019610334	0.0300606698	0.0373130984	-0.0348109132	0.0045881603	0.058946001	0.110239919	0.0421475613	-0.0432006704	-0.0567442127	0.0413904298	0.0624996232	-0.2167210651	-0.0063195269	0.054869155	0.0903566551	-0.0898133895	0.0615827594	0.0435119146	-0.0388249573	0.0207104898	0.0686567241	-0.1715739755	-0.1705844875	0.030179204	0.0698960862	-0.0038473159	-0.1246345559	0.0211577195	-0.1041714617	-0.0556952068	-0.1620353719	0.0962282099	-0.021610418	-0.061701925	0.191741026	-0.0060738002	0.0556458126	-0.1318068896	-0.0292337117	-0.0256680095	-0.1306605789	-0.0332169078	-0.0020076935	0.0458846602	0.0512086289	0.078495668	0.0559918734	0.0341223382	-0.1147754091	-0.0683834485	0.0908331035	0.0938704348	-0.0428887677	0.0959531098	0.0950207939	-0.1061169242	0.0370685875	-0.1062949616	0.0875065151	-0.0846818243	-0.0323064144	0.0729202183	0.1109391631	-0.0753925261	0.1001747229	-0.0237546455	-0.1221291063	-0.1122127725	-0.0133953349	0.0709053354	0.0157779882	-0.1332603279	-0.0322597855	-0.1140916197	-0.0737364219	-0.0398691256	0.102219783	0.0812208607	-0.1286310173	0.2142287902	-0.0151529008	-0.0290202517	-0.0009711249	-0.1124655068	-0.2036476362	-0.0011826477	-0.1256231168	8.6886e-06	0.1044617634	-0.0854459359	0.0349308447	0.0627674884	-0.1312802031	0.0233261842	0.0760391032	-0.0570992244	-0.0785907625	0.1266188352	-0.033413395	0.0045564668515396	0.0089905342970126	8.082970694575985e-05	2.0761390169179192e-05	-0.052064265164688	-0.0287760491066676	0.0027106877071389	0.0008280610021893	0.0728215887000729	-0.011242729668254	0.0001263989703934	0.0053029837808025	0.0008059012402698	-0.0001581407996359	2.5008512509481873e-08	6.494768090684019e-07	0.0012120669275752	-0.0001699000091329	2.8866013103359545e-08	1.469106236921585e-06	0.0001640115693692	0.0002251778042247	5.070504351547823e-08	2.6899794886947906e-08	0.0	0.0	0.0	0.0	0.0
788.6604687453341	-3.4068781911852284	621985.3349616101	11.606819009573533	1220.0295890481557	0.386276957589871	1488472.1981530115	0.149209887964887	765.3738544565	-0.8237036268059228	585797.1370855996	0.678487664813231	799.0744283309101	820.9541971507825	1.087981	23.730387	0.0874680949336447	0.0504561609900745	0.0262809849	0.0067452844	-0.044527575	0.025117742	0.1246679361	-0.0341185726	-0.0251124196	-0.07156433	-0.040544294	-0.0207914514	-0.063861022	-0.1177409273	0.0247230953	0.0321855887	-0.0599471042	0.0347116416	-0.027352496	0.0201884964	0.1077346871	-0.1018884478	-0.0065469338	-0.1008231376	0.2030734095	-0.180682094	0.0148984273	0.0716297455	-0.1082598184	0.069037989	-0.1452317268	0.0481490749	-0.0348914094	-0.1118150557	0.1549465654	-0.1071259667	0.0734455285	0.074206576	0.1469421589	-0.0733641964	0.0276407441	0.2472587917	-0.0599294588	0.0866766475	0.0370846106	0.0835870413	-0.0113238099	0.0914719251	-0.1185983773	-0.0150014489	-0.0529000234	0.0346332174	0.0873990422	-0.0283768737	-0.0412730822	0.1214287029	0.0732019766	0.1069635011	-0.10855302	0.088509987	0.0295368241	-0.0601977706	-0.1225170635	0.1648564754	0.1189633095	-0.1297997839	0.0645384794	0.0547111091	-0.1092996285	-0.0508315013	0.0148816245	-0.0611728046	0.0774080223	0.0673908756	-0.1137732438	-0.2635033403	-0.0363802799	-0.1022418328	0.0194550061	-0.013708659	-0.1816553264	-0.0589122579	0.0055810773	-0.1911893117	0.040764924	-0.0231780758	0.100659751	0.051678921	0.0810085142	0.2087354002	0.0746011797	-0.1046147	-0.0085073753	-0.0631838271	-0.2012069752	-0.0589178803	-0.0020478089	-0.0233891213	0.0033172458	0.0518448435	0.0257946168	-0.1058279655	-0.1382157584	-0.1569149575	-0.0392470495	-0.0601105761	-0.0731227308	0.1282045865	-0.0462651033	-0.0047719077602863	-0.0093283746118259	8.701857289855799e-05	2.277110367268061e-05	-0.0056656739746898	0.0463985911899982	3.209986158747731e-05	0.0021528292644165	0.0844531695592252	0.0116315808591523	0.0001352936732829	0.0071323378485992	0.0009619395865719	0.0001560383463021	2.4347965516694088e-08	9.25327768214118e-07	0.001382043239692	0.0001699763121168	2.8891946680827862e-08	1.9100435163783597e-06	8.783526233473366e-05	-7.617630703446633e-05	5.802829753409285e-09	7.715033309411483e-09	0.0	0.0	0.0	0.0	0.0
792.3435804908875	3.683111745553333	627808.3495451194	13.56531213023292	1216.199187252772	-3.83040179538375	1479140.463074303	14.671977914079056	766.7414286833648	1.3675742268648037	587892.4184594074	1.8702592659848656	798.2103734314586	810.0652045802066	1.069934	23.336769	0.0604378325580018	0.0340734009973887	0.0422025521	0.0043959544	-0.1395717685	-0.0303284654	0.046199511	-0.0248807163	0.0394705719	0.0026762379	0.1265285608	0.1926856943	0.0290515571	-0.0711275816	0.0377510192	0.011579022	0.0758443629	0.0240572886	-0.0200353987	0.1816545335	0.0536080149	-0.1032161041	-0.0077599632	0.0817914712	0.2617453522	-0.0286920642	-0.0587002193	-0.0100617733	0.1191927193	0.0552195503	0.0324849291	-0.1195918395	-0.0442358413	0.0517668497	0.1141537254	-0.0383959345	0.0600975071	0.0736229658	0.1109531523	0.0028650079	0.044561555	-0.0839605455	0.0187774597	-0.0385190326	0.0048020821	-0.0392866405	-0.0363422939	0.0242877467	0.0564428512	0.0266834871	-0.0316102725	-0.0232438118	-0.0852914903	0.0405209105	-0.0851989811	0.1775601601	-0.0136095741	-0.0320817977	-0.0692180366	-0.0272066163	0.0578213077	0.0235244403	-0.1370835501	-0.0327414996	0.0976393781	0.08108928	0.1309828566	-0.0785940289	-0.0558240959	-0.0373633517	0.0653324936	0.0597260013	0.096867295	-0.0599431672	-0.0516783076	-0.0969075068	-0.026333187	-0.0486187994	-0.067775128	-0.0041067683	-0.0874170395	-0.088008458	0.0144735006	-0.1431761841	0.0777326027	0.1021414746	0.0161136358	0.1123148025	0.0599391642	0.0908795721	-0.1725425178	-0.0723825106	-0.0122291294	0.0238092851	-0.009999789	-0.0809572852	0.1117451766	0.0672750882	-0.0252403018	-0.0308859663	-0.0846926258	0.0231330704	-0.0474469132	-0.0111674436	0.0020118962	-0.063080731	-0.0674542747	0.1289999139	-0.0586099215	-0.0130141797357055	-0.0082422719754192	6.793504731678074e-05	0.0001693688741932	-0.0356523372160779	-0.029986663241388	0.0012710891489689	0.0008991999723524	0.072741703608024	-0.0117114659512012	0.0001371584347261	0.0052913554437976	0.0009783065849946	1.6366998422700065e-05	2.6787863736866635e-10	9.570837742437963e-07	0.001382135991969	9.275227699995572e-08	8.602984888676515e-15	1.910299900296132e-06	0.0002813241394349	0.0001934888771001	3.743794556148327e-08	7.914327142878707e-08	0.0	0.0	0.0	0.0	0.0
791.250714762803	-1.0928657280844618	626077.6936126467	1.1943554996215808	1208.9700939312056	-7.229093321566324	1461608.6880200282	52.25979025191484	767.3211303121964	0.5797016288315717	588781.7170235866	0.3360539784699773	798.6593805480454	824.6573209913154	1.121252	24.456091	0.0245628187926285	0.0174541030159278	0.0973409593	0.0126351946	0.0587706023	-0.1656359969	-0.0593220867	-0.0618781254	-0.0014329328	0.0555949117	-0.0559044026	-0.0826488638	-0.0094148167	-0.1663096473	0.0964074618	0.0109237919	0.0144429144	0.0698993684	0.1388096259	-0.0272135985	0.2547092548	-0.0912231317	0.0250131932	0.0763419295	0.0037257794	0.0361430826	-0.0452372571	-0.033169783	0.1355158477	0.0884915842	0.07734545	0.0377525416	-0.0700400662	-0.0691862697	0.0181963736	0.1686984691	-0.0458063688	-0.0700986127	0.0117554569	-0.057416102	0.0174247535	-0.0893150843	0.1534970823	-0.1148991731	0.0342063469	-0.1045422477	0.0153301888	0.1208742933	-0.0674064908	0.0227486896	-0.0817126905	0.0593555199	-0.0346835607	-0.023569283	-0.1218014317	-0.0315278098	0.2300390207	-0.0401454527	-0.05354593	-0.1222117427	0.0401505114	0.0947026549	-0.0132767715	-0.0558223478	0.0266151643	0.0228585346	-0.0095687395	0.0419879578	0.0694386191	0.0194236912	-0.0852943507	-0.0529522013	0.1011760383	-0.0665616189	-0.0604365746	0.0597829284	0.0402296552	0.186347037	0.0246559095	0.1358129693	0.1530339353	-0.0866724124	0.0032754584	-0.0288623549	0.1290583138	-0.1614384159	0.0560595439	0.0790051998	-0.1503282317	0.1200407156	-0.0289911651	-0.0011527144	-0.0146178412	-0.0203457415	-0.0002406736	-0.0362425368	0.0320170702	0.0589476566	-0.1955673958	-0.1436234373	-0.0526100395	0.0092142952	0.0087703011	0.0124976391	-0.0435035726	-0.0660076536	-0.0616009311	0.1289999139	-0.0703125971	-0.012968476776777	4.5702958928500736e-05	2.088760454820225e-09	0.0001681813899098	-0.0241539737134388	0.011498363502639	0.0005834144461494	0.0001322123632388	0.072638128133093	-0.0001035754749309	1.0727879007180544e-08	0.0052762976586796	0.000970133299275	-8.173285719599989e-06	6.68025994542171e-11	9.411586183621968e-07	0.0013822604772482	1.244852791998548e-07	1.5496584737465797e-14	1.910644026962421e-06	0.0005313299055587	0.0002500057661237	6.250288309514816e-08	2.82311468541017e-07	0.0	0.0	0.0	0.0	0.0
789.4302347609129	-1.8204800018901324	623200.09555467	3.314147437281896	1212.6216201485363	3.651526217330684	1470451.193651661	13.333643715853333	765.5507894192873	-1.7703408929090756	586068.011180494	3.134106877106103	796.6106289573739	810.4823335873454	1.20176	26.212084	0.0632997827776559	0.0312968668910449	0.1209217931	0.0326794052	-0.0472399866	0.1294411106	-0.0429268224	-0.1754329051	0.0344955132	0.032240501	-0.122497158	-0.0221417621	0.1629833668	0.0233804101	0.0554269655	0.1892002918	-0.028684192	-0.0356655491	-0.0684751834	-0.1704077162	0.0426074663	-0.123441381	-0.0225063178	0.0633205958	0.1241418491	-0.0262273655	0.0678338108	-0.1561630608	-0.1107689597	-0.0379334067	-0.0761811216	0.0418723363	-0.0820259888	0.0241359189	-0.1210996259	0.149685011	0.2083206135	-0.1929987932	-0.0476375697	-0.0852150055	-0.0387718805	-0.0419178423	-0.0994973102	-0.1019180178	-0.0327268835	0.0341133545	-0.1008972174	-0.0120190723	-0.0954635608	0.073242316	-0.1691102557	-0.0736190398	0.0280483119	-0.0273045193	0.1286886692	-0.0914550117	0.08944863	-0.1901379026	-0.1182102279	-0.0671464018	0.0911506824	-0.0691373629	-0.2056920233	0.0417924752	0.138064833	0.0135419424	-0.0022367492	0.1085684575	0.0394309007	-0.0041330313	-0.2005114747	0.0759245656	-0.1523073356	0.0058007199	0.0700238444	0.0351625813	0.0957631914	0.0117028019	0.0960780194	-0.0717761881	0.117999649	-0.1819023477	-0.0920926378	-0.0838432016	-0.0767314167	-0.1532297043	-0.0296882859	-0.0451614834	0.0579539199	0.2319152919	-0.0862539255	-0.0114258436	0.0003490722	-0.0429986325	0.0151851695	0.2062844936	-0.0173380121	0.1625514894	0.0482961514	-0.0292310459	-0.0148230068	0.0150345107	0.0904328103	-0.014255934	-0.0262883304	-0.0688893378	-0.0555787436	0.1282045865	-0.0812449131	-0.0024937185595206	0.0104747582172564	0.0001097205597099	6.218632254097496e-06	-0.0060883764599566	0.0180655972534822	3.706832791815366e-05	0.000326365804125	0.0924402605649703	0.0198021324318772	0.0003921244488496	0.0085452017733196	0.0008446785518673	-0.0001254547474077	1.5738893647129832e-08	7.13481855984639e-07	0.0012092287422444	-0.0001730317350037	2.993998131842524e-08	1.4622341510699737e-06	0.000531989320648	6.594150893000309e-07	4.348282599965678e-13	2.8301263728352054e-07	0.0	0.0	0.0	0.0	0.0
790.4174465678187	0.9872118069058616	624759.7398387906	0.974587151694336	1213.418424880922	0.7968047323856808	1472384.2738404977	0.6348977815522164	765.4363402884036	-0.1144491308837132	585892.7910341048	0.0130986035600373	797.1381361051144	809.8831579258567	1.175954	25.649214	0.0773314479846032	0.0412109723399684	0.1123675667	0.1514792143	0.0127525186	0.111167857	0.1034576271	-0.1529105372	-0.1190190244	-0.0502656425	0.0067458564	0.0554519051	0.0447563457	0.0011255005	0.0271949266	0.1271690099	-0.0746709392	-0.1762342681	-0.1328145936	0.0121553447	0.018744944	-0.1368455733	-0.0182687239	0.0175346981	0.0997329225	-0.0240574896	0.0291087377	0.1567435117	0.0669141468	-0.2349783938	0.0335162682	0.0428228552	0.0480722895	-0.0601991341	0.096102478	0.1684652493	-0.0293014529	-0.098108442	0.0143765525	0.0732169941	0.0236066572	-0.1210334643	0.0437208871	0.099819771	-0.0664893032	-0.024611007	-0.1721152152	0.1627666365	0.2593309986	0.0213112121	-0.1190218593	-0.0512139591	0.1557508045	0.1366998897	0.0809989849	0.1270235021	0.0304164965	0.1072872207	-0.0728602464	-0.0704328906	0.0409952717	0.0731627033	-0.0974244863	0.0581777609	-0.0081682311	-0.0325222519	0.2312196552	-0.0605425499	0.1242526641	-0.0113296874	0.0831976556	0.0619249332	-0.0537348455	-0.1070598444	-0.0281852783	0.023411744	0.1645278515	-0.0285559593	0.087941265	-0.0303064471	-0.0090187346	-0.0625247736	-0.1912930835	-0.0755648701	-0.046413047	0.0462737862	0.0505464089	0.0506435998	0.0358559179	0.1033092636	-0.0049846069	0.0056370711	0.0371600118	-0.0157248598	-0.1335249397	0.1578553896	0.0519883069	0.1144365112	0.1030511128	-0.0466718805	-0.134356744	-0.1068568527	0.0668555604	-0.0745600117	-0.0241653359	-0.0717238087	-0.0494042187	0.1266188352	-0.0912870929	0.0014648768415668	0.0039585954010874	1.5670477549510313e-05	2.1458641609587232e-06	-0.040750120679732	-0.0346617442197754	0.0016605723354127	0.0012014365123571	0.0948568598568257	0.0024165992918553	5.839952137395984e-06	0.0089978238618974	0.0011698627534311	0.0003251842015638	1.0574476494668619e-07	1.368578861865395e-06	0.0010871477212335	-0.0001220810210109	1.4903775691063824e-08	1.1818901677831915e-06	0.000253364361785	-0.0002786249588629	7.763186770140843e-08	6.419349982272038e-08	0.0	0.0	0.0	0.0	0.0
788.6855457796507	-1.7319007881679909	622024.8901217455	2.999480340056908	1215.3203673603934	1.9019424794714723	1477003.5953210015	3.617385195218092	764.490732188903	-0.9456080995005324	584446.0796027251	0.8941746778410086	797.1585718969436	802.285556973909	1.185851	25.865072	0.0703237015722662	0.0415310098968698	-0.0843521989	0.1034979771	0.0315194984	0.0196437603	0.1239817902	0.0124477025	-0.1201728417	-0.1537011024	-0.0018120719	0.0765411676	0.1006503247	0.0372869402	-0.0520978848	-0.0144617035	-0.0824423472	-0.1827799567	-0.0626817055	0.0846664543	0.0667050009	0.0796214654	-0.0452112086	0.2120576802	-0.1233800383	-0.1062365843	0.1485771285	0.1126689935	-0.1525644327	-0.0689629339	0.0378978772	0.0747270262	0.0468424725	-0.0948147743	-0.1488633404	-0.073894807	-0.0374616676	-0.1350429137	-0.1272459127	0.2275781169	-0.0412777398	0.0573855919	0.038389673	0.1863058799	-0.0976583051	-0.0266477633	0.1313109575	-0.0235180312	0.0313805713	-0.0248587879	0.014966147	-0.0108614812	0.1713984216	0.1327562753	0.0106397024	0.1341044684	0.0053922166	-0.1159675245	-0.0236552409	0.2254666298	-0.0006739399	0.1296719336	0.0968415	0.0811616842	-0.0442883664	0.0700149153	-0.0489846595	0.0493025391	0.0699665491	0.0330475227	0.1061207285	-0.0096914494	-0.2334314862	-0.0259905204	0.1559012651	0.1057891709	0.0364298905	-0.0635190975	-0.0597154034	-0.0002109807	0.0566472881	0.0450066048	-0.189579249	-0.008507423	0.076397926	-0.0002678934	0.0482534064	-0.0380872986	0.074089196	0.0142157431	0.0474500184	0.052752811	-0.0579358312	0.0163076813	0.0892786323	0.1706331063	0.1012458407	-0.0274647901	0.0660210452	-0.0152862765	0.1245245049	-0.0800790911	0.0652862834	0.0029988493	0.0592513123	-0.0745091236	-0.0430942802	0.1242524367	-0.1003291122	0.0047025567693168	0.0032376799277499	1.0482571314555242e-05	2.2114040168647256e-05	-0.0021375915975454	0.0386125290821866	4.569297837896696e-06	0.0014909274021227	0.1057271997372453	0.0108703398804196	0.0001181642891158	0.0111782407642793	0.0009978208893433	-0.0001720418640878	2.9598402998805112e-08	9.95646527209854e-07	0.001227645037132	0.0001404973158985	1.9739495774682938e-08	1.5071123371948298e-06	0.0002928882354369	3.952387365189998e-05	1.5621365884513531e-09	8.578351845734098e-08	0.0	0.0	0.0	0.0	0.0
791.5792180752745	2.8936722956237872	626597.658488663	8.373339354460638	1216.832134142924	1.511766782530458	1480680.4426828227	2.2854388047624927	767.3004643383667	2.8097321494636844	588750.0025738731	7.894594751729817	797.5027886380053	793.1560224909531	1.160817	25.319044	0.0443884065172886	0.0220989192451214	-0.109037573	0.1505389495	-0.0003233757	-0.1252322154	-0.0001194943	0.1126536789	-0.0281869267	-0.0420649928	0.1444387729	0.04100314	0.207128357	-0.1739882475	0.0279514254	-0.100377274	0.0363201857	-0.1133143529	0.1229749787	0.0731931351	0.0155712099	-0.0040988179	0.1689224165	-0.0493621539	0.0431198627	0.0322616762	-0.0424859548	0.0225291575	0.0562141163	0.0069461599	-0.0720445198	-0.0804584883	0.1654985264	0.0512767425	-0.0874890854	0.0005961638	-0.0215729682	-0.0549217844	-0.1411910879	0.0656245366	-0.141913365	0.044079893	-0.1467426287	-0.006043948	0.0056865501	-0.0408758062	-0.0551534158	-0.1278265221	-0.0096714249	0.0239700988	0.0761306934	0.0323023169	-0.0363904538	0.1758614553	-0.1508696694	-0.0052310572	-0.0092412197	-0.0713221044	0.0835092755	-0.1203586858	0.0448340344	-0.1331221572	0.0524462777	-0.0801579963	0.0167679937	-0.0667148346	0.0491994418	-0.1527687044	0.0292924553	0.0211043897	-0.0518988702	-0.0229788572	-0.2115936247	-0.0107970813	0.0016391597	0.05871801	-0.1257837796	0.0062218225	0.0603174656	-0.1046779333	-0.1368939471	0.0972083877	-0.130069999	-0.0293910718	0.1399403426	-0.0346893333	0.0727507673	0.0410669131	0.11444038	-0.116000914	-0.1014697079	0.146062002	-0.0378996913	-0.0703384256	0.0148051117	0.037764178	0.0016406417	0.0059410074	0.1462514971	-0.174244089	0.0596185791	0.0040793377	0.0150083519	-0.0550481588	0.0508730886	-0.0772433738	-0.0366662233	0.1211199807	-0.1082719048	0.0025847777102541	-0.0021177790590627	4.484988143004495e-06	6.681075811426427e-06	-0.0088251306784314	-0.006687539080886	7.788293149139106e-05	4.472317895837757e-05	0.0882651552921203	-0.017462044445125	0.0003049229962035	0.0077907376387421	0.000827823963108	-0.0001699969262352	2.8898954929449992e-08	6.852925138958354e-07	0.0013821091146821	0.0001544640775501	2.385915125340331e-08	1.9102256048873382e-06	0.000254928360578	-3.795987485890001e-05	1.440952099303349e-09	6.498846902698678e-08	0.0	0.0	0.0	0.0	0.0
794.8387124936523	3.2594944183778125	631768.578878567	10.624303863436117	1221.906390000874	5.074255857949993	1493055.2259249678	25.748072511939817	770.190687047319	2.890222708952251	593193.6944144212	8.35338730734329	801.7263034556136	825.4811916150545	1.303186	28.424311	0.049798642976333	0.0227660598804631	-0.0448023468	-0.0401175335	0.2262906304	0.0552016258	-0.0609338424	0.1113149678	-0.173187988	0.1130701995	0.0216579739	0.0066768911	-0.0180565189	0.0151385619	0.215012969	-0.1607251501	-0.0245523983	-0.0684893873	0.0209932306	-0.1015448793	0.0381713678	0.0516799298	-0.0037358813	-0.0565312537	-0.0141750308	-0.1055947127	-0.1075293785	-0.005525696	0.0905668924	-0.0725896889	0.1101328478	0.0562215256	0.0335462828	0.0027652392	-0.0774466819	0.1470585982	-0.0393497065	0.1364665701	0.1686293503	-0.1170472023	0.064227086	0.1762799151	-0.054448088	-0.0771189677	0.0177922617	0.0569930025	-0.0327438886	-0.02368896	-0.0035200328	-0.1008970516	-0.0147222544	0.2392416277	-0.0454369236	0.1399453283	0.0412475553	-0.0688434474	0.0296847456	0.0072487511	0.1251209923	0.0175688204	-0.0623027936	0.0170756117	0.1053528907	-0.0474633988	0.038605247	0.0331578442	0.1622993706	0.0183281619	-0.0572863609	-0.0670127065	-0.116757579	0.0332157732	-0.0237287917	0.0325573666	-0.0714844087	-0.1871541773	-0.0517502787	0.0641341882	0.042220282	0.1838774495	-0.0669196578	0.0846108419	-0.065898108	-0.0270316885	-0.0556740296	-0.06437894	-0.0717701327	0.0372555572	-0.0914649591	-0.1280361764	0.0106513265	0.0312789381	0.0271751023	0.0105648137	-0.0565366232	0.0643038135	0.0807769335	0.0629069963	0.0097423933	0.0951037598	0.1033393868	0.1784114791	0.2355891376	-0.0261529706	0.1341176378	-0.0799246852	-0.0301376669	0.1172407796	-0.1150284477	0.0112346762282413	0.0086498985179872	7.482074437147716e-05	0.0001262179499534	-0.0250124683546175	-0.0161873376761861	0.0006256235731907	0.0002620299010428	0.099596317099035	0.0113311618069147	0.0001283952278944	0.0099194263796915	0.0009233850833809	9.55611202729e-05	9.131927707811664e-09	8.526400122103517e-07	0.0012800843370617	-0.0001020247776203	1.0409055248492066e-08	1.638615909990692e-06	0.0001799093589664	-7.50190016116e-05	5.627850602801242e-09	3.236737744370097e-08	0.0	0.0	0.0	0.0	0.0
789.1239230383625	-5.714789455289861	622716.5659114554	32.65881851829218	1219.5182403683198	-2.388149632554132	1487224.738591043	5.703258667468436	766.2822106820162	-3.9084763653028176	587188.4264077179	15.276187498130724	798.6594667892346	819.5404646471927	1.222783	26.670624	0.0433258860553041	0.0223168022682323	-0.0658536823	-0.1010154395	0.0675452261	-0.0386481035	0.2054642803	0.14793762	-0.0350378693	-0.0262515804	-0.1856593828	0.0927562375	0.0571660506	-0.046035299	0.0840153038	-0.1073994685	-0.1945282635	0.0616244761	-0.0530483836	0.0359694156	-0.0400920389	0.1995109545	0.0941016084	-0.0134926914	0.0145412096	-0.0283126432	0.0015391732	-0.1000805858	0.0051756976	0.0301777754	0.2026953867	0.0415524412	0.0037010985	-0.0023708614	-0.0068189136	-0.0721012492	0.0617756509	0.0625900426	0.0592985332	0.0800572269	-0.1027379908	-0.0001758091	0.0154046397	-0.0347411444	0.0682133773	0.1232548618	-0.0978703001	0.0477997246	-0.103420183	0.0532478154	0.0158729681	0.1970004616	0.0877970373	-0.0716445188	0.0088136127	0.0269148318	-0.050715472	-0.0587087231	0.2028013304	0.0280604361	-0.0287927939	-0.1072389614	0.0437443188	-0.0572013843	-0.0624747372	0.0012104655	0.0824603757	0.0616643867	-0.0288200711	-0.1113889884	0.0736106136	0.0666182717	0.0059312988	0.0023712986	0.1160731415	-0.0436267883	-0.1199420036	-0.0470721045	0.0088141984	0.0058774136	0.0738818804	0.1183883146	-0.0395909852	-0.0449927439	0.015350106	0.1654898481	-0.010422963	0.0056786104	-0.0105593948	-0.0294119191	0.0569950939	0.0761850811	-0.0254500412	0.1653818536	0.0255339144	0.1683418059	-0.0073202818	0.0107650793	0.118738009	-0.1243547265	-0.0649516933	-0.1093934602	0.0023022061	-0.0777536758	-0.0348043659	-0.0825512202	-0.0235265052	0.1126387502	-0.1205247148	0.0092148047370557	-0.0020198714911856	4.079880840904341e-06	8.491262634206415e-05	-0.0436251862794279	-0.0186127179248104	0.0019031568779147	0.0003464332685485	0.1082327202708981	0.008636403171863	7.45874597469669e-05	0.0117143217372384	0.0008752858579159	-4.809922546500009e-05	2.313535490332913e-09	7.66125333067573e-07	0.0013821368127204	0.0001020524756586	1.0414707788069553e-08	1.9103021690769062e-06	0.0003108955271916	0.0001309861682252	1.7157376266320394e-08	9.66560288277429e-08	0.0	0.0	0.0	0.0	0.0
791.5952446599101	2.471321621547645	626623.031368183	6.107430557128882	1227.6172973989048	8.099057030585072	1507044.2288729912	65.5947247846695	765.8603375143797	-0.4218731676364768	586542.0565776395	0.1779769695716349	798.3233145095744	809.7615331449007	1.141969	24.907955	0.0392148428718778	0.0232823544586033	-0.1183155696	0.0095288224	0.0115393402	-0.1087160989	-0.0226822448	0.1138988009	0.015840683	-0.00429	0.0208356756	0.0186418117	0.0296076174	-0.0901836651	-0.014877702	-0.0788567544	-0.0720667889	-0.0371175503	0.0748019716	0.0093832761	0.018074821	0.1058714771	0.0531441884	0.0195496992	-0.0026490973	-0.0241802851	0.0432474747	0.0408849732	0.0925529979	0.0046521008	-0.0253186798	0.0692883181	0.0728047366	0.2045494166	-0.0708579779	-0.108287797	-0.0100424142	0.0442788872	-0.109867164	-0.1336686662	0.2121895954	-0.0408055126	0.0696623666	0.058422104	-0.0031156319	0.015218979	0.0360579816	-0.037342745	-0.0417530744	0.0703089111	0.0783588985	0.0572180243	0.042619401	0.024258266	-0.1021123831	0.024031134	0.0104722732	-0.0918706774	0.1118230972	0.0801887329	0.0024070774	-0.0567828531	0.0356562718	0.0635201847	0.0428918017	0.0745242015	0.0560641047	-0.0614820558	-0.1446552415	0.1996225887	-0.0425320643	-0.1246140787	0.0241058726	-0.0344389218	0.0731377102	0.133092393	0.0581740881	-0.0650865905	-0.0877512273	0.1767881858	0.0460344381	0.0685479172	0.0113909169	0.0004622913	0.1414012498	-0.0239513811	0.0023251129	-0.0522245149	-0.009682182	-0.0591447095	-0.0160233877	0.0645321875	-0.0826556927	0.0046965198	0.0711515308	0.0256379035	0.0422320644	-0.0164296398	-0.0770138222	-0.0941722396	0.0632095817	0.125336167	0.0751217875	0.0060552528	0.0588312349	-0.0851211787	-0.016850859	0.1073422654	-0.124700488	0.0099410329055729	0.0007262281685172	5.274073527478478e-07	9.882413522968318e-05	-0.0233436987339956	0.0202814875454323	0.0005449282705835	0.0004113387370555	0.1167942637321814	0.0085615434612832	7.330002643944272e-05	0.0136409000407423	0.0010092402801756	0.0001339544222597	1.7943787242930012e-08	1.0185659431289236e-06	0.0013821868028975	4.999017710004793e-08	2.499017806494156e-15	1.9104403581040127e-06	0.0003698027886877	5.8907261496100025e-05	3.4700654569699086e-09	1.367541025211997e-07	0.0	0.0	0.0	0.0	0.0
786.7464863856867	-4.848758274223428	618970.0338402234	23.51045680185016	1210.5725631417004	-17.04473425720448	1465485.9306314662	290.52296589872003	763.42636496685	-2.43397254752972	582819.814726498	5.924222362128315	795.850410429991	811.4631435042934	1.192666	26.01372	0.0165749349173189	0.0091540503018454	-0.0995409792	-0.155972244	0.0142211924	0.0076792675	-0.0293134149	0.0779169228	0.055669963	0.0275417818	-0.1529401871	-0.126180936	0.0420777831	0.1154206094	-0.1245823395	-0.0340950481	-0.0482444214	0.0321677634	-0.0929760783	-0.0436230548	0.0302921174	0.2162496276	-0.130982537	0.0613472468	-0.1284405795	-0.029358175	-0.0480322452	-0.0637464539	-0.0026448419	0.094653676	-0.1003738241	0.1024040241	-0.0699331607	-0.0198236058	0.0493728141	0.0352349435	0.088894052	0.0392545616	-0.0091916593	0.1617214679	-0.0073732144	-0.0810787074	0.0755141446	0.0212043005	-0.030743757	-0.0563031746	0.0283552683	-0.086871079	0.0662917014	0.0531033923	0.086029309	-0.0144347989	0.0656548288	-0.1048038611	0.0998747782	0.004570009	0.0719121133	-0.139895618	0.0303521155	0.1558325886	-0.0736674308	0.0507679235	0.0632790613	-0.0737045775	-0.1599694497	0.0473782385	-0.1025410781	0.0722223574	-0.0870212459	-0.0788245012	0.0305971974	0.1304151961	-0.0033963402	0.049135221	-0.0683439196	0.116181117	0.1241529963	-0.0761744961	-0.0297497881	-0.2391536941	-0.1066398399	0.0730643108	0.033164786	-0.0013547472	-0.0466372146	-0.0632175536	-0.0697002327	-0.1454714495	-0.0839636886	-0.0447273962	0.0567575853	0.0591920933	0.0581528591	0.1465692311	0.043215039	0.0496974274	-0.0430515597	0.0396750293	0.0197356516	0.0731972755	0.0655243788	-0.1313969724	0.0222684382	-0.0087867891	-0.0231422183	-0.0876327994	-0.0101290257	0.1013839798	-0.1275100165	0.0074666389731277	-0.0024743939324452	6.122625332921621e-06	5.575069755502948e-05	-0.021652756328109	0.0016909424058865	0.0004688418566044	2.859286220025561e-06	0.1183312478402385	0.0015369841080571	2.36232014842011e-06	0.0140022842154279	0.0010651328733334	5.58925931578001e-05	3.1239819699033622e-09	1.1345080378554649e-06	0.0013822849978404	9.81949428999554e-08	9.6422468111255e-15	1.9107118152546346e-06	0.0005312642900056	0.0001614615013178	2.6069816407830213e-08	2.8224174583515426e-07	0.0	0.0	0.0	0.0	0.0
788.7532779938637	2.006791608176968	622131.7335460652	4.027212558649502	1219.383525299191	8.810962157490621	1486896.1817710828	77.63305414073179	763.5878812014162	0.1615162345661929	583066.452317668	0.0260874940284414	793.7616323599582	794.1945954874942	1.317782	28.742672	0.0394867278729466	0.025579842464807	-0.0621895673	-0.0055770192	-0.2050526105	0.1213985019	0.023935501	0.0135378552	0.1403842971	-0.0632393321	0.1197925933	0.1396663763	-0.0571113036	0.2273933171	-0.1462447119	0.0259466899	0.0979489782	0.0185079579	-0.0373927718	0.0719869071	-0.0533618559	0.0662677994	-0.137047694	-0.0797900073	-0.0713318648	-0.0161404729	-0.1504170256	-0.0297972693	0.0414534606	-0.1423919507	-0.0604732422	0.109422663	-0.1282000719	0.018527433	-0.046922495	0.0133208916	-0.0054587041	0.0309586062	-0.1166967636	0.0246476375	0.1441169555	0.0634395483	0.0142484842	0.0366727534	0.0544029967	-0.0279121511	0.1980243372	0.0956183701	-0.1441061059	-0.1446108597	0.0985094825	-0.1522342187	-0.0664061835	-0.0525260665	0.0923581664	0.0317051914	-0.1523803737	0.0692249355	0.0095371579	-0.0512624914	-0.1291195707	0.1653961387	0.0067740548	-0.0383007229	-0.1275278162	-0.0130240558	0.1348011706	0.1566865302	-0.0543220324	0.0444932351	-0.203562707	-0.0374013634	-0.0415624329	0.1654421863	-0.0263871088	0.0192894848	-0.0263056816	0.0037259697	0.0438786118	-0.055241093	0.0750551973	0.0060865378	0.0735618211	-0.079478207	-0.0714033188	0.1259762869	-0.1110011645	-0.1121405196	0.1049696632	-0.0001856282	-0.0414547706	-0.0281467947	0.0107390063	-0.0195424727	0.0184373661	-0.049472169	0.0361716186	-0.0084198812	-0.0580617807	-0.0182680501	-0.0352621904	0.2038660446	0.0272411718	-0.0200833515	0.1448913357	-0.090084361	-0.0033794295	0.0948006283	-0.1289225186	0.0046726950038475	-0.0027939439692802	7.806122903477202e-06	2.1834078598981383e-05	-0.0426079593630248	-0.0209552030349157	0.0018154382010811	0.0004391205342345	0.1184262150229642	9.496718272569704e-05	9.01876579485593e-09	0.0140247684046653	0.0011168132232417	5.1680349908299946e-05	2.670858566644318e-09	1.2472717756075152e-06	0.0013821490023755	-1.359954649000298e-07	1.849476647337524e-14	1.91033586476759e-06	0.0002702283616583	-0.0002610359283473	6.813975588813674e-08	7.302336744452899e-08	0.0	0.0	0.0	0.0	0.0
794.2163961571765	5.463118163312856	630779.6839248932	29.845660066318835	1220.185000141307	0.801474842116022	1488851.4345698413	0.6423619225449024	767.5124431552846	3.92456195386842	589075.3503981939	15.402186529751509	798.4676338598905	821.7842079815111	1.262342	27.533466	0.0373864681111209	0.0262967657094795	0.0300325564	-0.0271656978	0.0336427106	-0.0894095885	-0.0708051052	0.0202173357	0.0103163672	0.0893735245	0.1412905788	0.0003767876	-0.10907906	-0.0989432637	0.0368400995	-0.0282536809	0.1252214247	0.0283587775	0.0315842012	0.0713742209	0.0548710079	-0.0053417152	-0.0223008678	0.1210599494	-0.0844170174	0.0808903738	0.0274359691	0.0035171514	-0.1367876957	-0.0827903149	0.1130154386	-0.2383256066	0.0693871527	0.0601271445	-0.0399574299	-0.0453529467	0.1600064959	-0.1443359126	-0.0548020407	0.0926062367	0.0279073997	-0.003535748	0.0921542799	-0.1378499751	0.098101142	0.0511631077	-0.0427631602	0.075276716	0.0387740225	-0.0708845941	0.0077657591	0.000460664	-0.1129860294	0.0494117257	-0.0842476759	0.0719822993	0.0346857591	0.0306545325	-0.0236333146	0.0161710255	-0.0700622442	0.0631439075	0.0273733842	-0.0480419377	0.1310083737	-0.0622371979	-0.1094439499	-0.0864929327	0.1309587161	0.1234836683	0.094379626	0.1580888181	-0.0826845022	0.0512240847	0.1713280712	0.0058663428	-0.0148736763	0.1150487846	-0.0096899972	-0.0658253557	0.1481448284	0.0255348761	0.0438170786	-0.0372529691	0.0995371263	0.0265791443	-0.099424582	0.1088259796	-0.0173489867	-0.1069537945	-0.1222160247	-0.0383723515	0.0778860376	-0.0173710515	0.029493796	0.1250809746	-0.0632676959	-0.0015746926	0.0164927911	0.07831872	0.0624493137	-0.0714331111	-0.0063477689	0.0726017062	-0.0195452455	-0.0924741833	0.0033794295	0.0876327994	-0.1289225186	0.0043071004661925	-0.0003655945376549	1.336593659631731e-07	1.855111442587565e-05	-0.0356954070677204	0.0069125522953044	0.0012741620857302	4.778337923531815e-05	0.0932445406947977	-0.0251816743281664	0.0006341167219698	0.0086945443693837	0.0011057803909022	-1.103283233950007e-05	1.2172338943151855e-10	1.222750272903822e-06	0.0014336697152823	5.15207129068e-05	2.6543838584249074e-09	2.0554088525176318e-06	0.0003062077554119	3.5979393753599986e-05	1.2945167748765894e-09	9.376318947439397e-08	0.0	0.0	0.0	0.0	0.0
791.160807234596	-3.0555889225805686	625935.4229040975	9.33662366379708	1218.3691713206963	-1.8158288206107045	1484423.43762468	3.297234305760462	766.3908394519732	-1.1216037033113937	587354.9187959002	1.2579948672818324	798.5205526310324	822.9484650913038	1.035603	22.587957	0.0572870112992398	0.0287555063404875	0.0073087298	-0.0685811824	0.0510320962	-0.0454394607	-0.0558363456	0.0264381294	0.0392462141	0.0314986629	-0.070153803	-0.0256550237	-0.0024155361	-0.0607521786	0.0570295425	0.0014872535	-0.0624688948	0.1254813857	-0.0130727806	-0.0632670083	0.0254777591	0.0897316113	-0.0671900149	-0.1270800815	-0.1647917982	0.0522856606	-0.0724369774	-0.022241939	-0.0320600831	0.0950491616	-0.1149674688	-0.0030939799	0.1126741384	0.0145052298	0.02105545	0.0688284077	0.0174107341	-0.0187752845	-0.1319032215	-0.0980571338	-0.2230129674	-0.0149290581	-0.0502104777	-0.0066368729	-0.0521823707	0.1208245241	-0.0943618975	0.1303325604	0.0307854591	-0.0645492913	-0.0270486012	0.0713986218	-0.0033734998	-0.0937664768	-0.0066135919	-0.0611835295	0.0078448733	0.0233985939	0.0510914783	-0.0355364493	-0.1765376829	-0.0434002153	0.0191605227	-0.1092514591	0.0512383166	-0.0884434187	-0.1344876883	0.0213780128	-0.0063595542	0.0012315794	-0.0644081041	0.0975867045	-0.0365429147	0.0403724114	-0.120342353	0.0564228385	-0.0116686839	0.0317768652	0.1496728176	0.076176655	-0.0360700191	0.0286758539	0.035996655	-0.0272996129	0.0433352344	0.0161965769	-0.1335466048	-0.0393836522	-0.0719716672	-0.1286499221	0.0044876545	0.0194099749	0.0580145125	0.0034262138	0.0297835119	-0.0160592414	0.0671957856	0.0041372208	-0.0771140076	0.1520788454	-0.0828283415	0.0832175334	-0.0415966721	-0.0798306336	0.0995388644	-0.0948006283	0.0101290257	0.0799246852	-0.1275100165	0.0066572759038905	0.0023501754376979	5.523324587958985e-06	4.431932246052107e-05	-0.0425277588267363	-0.0068323517590159	0.001808610270825	4.668103055892775e-05	0.1107546990420687	0.0175101583472709	0.0003066056453465	0.0122666033598992	0.0015553658050897	0.0004495854141875	2.0212704465014598e-07	2.4191627876423304e-06	0.0013821507098261	-5.151900545620003e-05	2.654207923195968e-09	1.910340584672792e-06	0.0001954256599505	-0.0001107820954613	1.2272672674818741e-08	3.819118856708846e-08	0.0	0.0	0.0	0.0	0.0
788.0883441013879	-3.072463133208089	621083.2381084675	9.440029704922868	1220.984218671628	2.615047350931718	1490802.4622451658	6.838472647614996	763.3251431555813	-3.065696296391934	582665.2741734886	9.398493781711222	795.4678464215528	810.9477232531498	0.992853	21.655529	0.0733340666480377	0.0378636838974308	-0.0299195052	-0.0491731663	-0.0219254125	0.0472967335	0.0363621201	0.0269903504	0.0604447958	-0.025464958	-0.1014247128	-0.0613093112	-0.0251223252	-0.0032784395	-0.0778122042	0.009897502	-0.1518943392	0.072507023	-0.082612993	-0.0089533817	-0.0080824997	0.0280403387	0.0140314947	-0.1245795159	-0.004180788	0.0200798637	0.0333989252	0.0245710179	0.0014133479	-0.1350043651	-0.0759724913	-0.1198774429	-0.1710219911	0.0049309023	-0.0012111094	0.1224648812	-0.040123139	0.0581503494	0.0550870485	-0.0595363158	0.1775335816	-0.0821582812	-0.0164772233	0.0602693116	0.1130000052	-0.0165443437	0.014253684	-0.0228969588	0.0334185049	-0.0955368244	0.0306764143	0.0033369854	0.109451307	-0.1493523055	0.0395418001	0.0578459107	0.0260673855	0.0872436851	0.0611342911	-0.067265389	-0.0694761719	-0.0122279727	-0.0461975287	0.0236893213	-0.0469554687	-0.1014213584	0.0497797119	0.0135232911	0.0467143826	0.0646365534	-0.0822134205	0.0635906282	0.1237168381	-0.0732812233	0.1534545847	0.0989595863	0.0665144184	0.0108788431	-0.0350157041	0.0147158025	-0.1159232714	0.0688613204	0.0476324538	-0.022847164	0.0313166821	0.0251699111	-0.0845654584	-0.0335602931	-0.0066840472	-0.0492715198	0.1977112289	0.0256834742	0.0568991086	0.0824711802	-0.0736217262	0.1183358803	-0.0018232057	0.0236791289	0.046346677	0.0234517781	0.0028173821	0.06123051	-0.1839513865	-0.0946563739	-0.1037857969	-0.0970621018	0.016850859	0.0717238087	-0.124700488	0.0077820879904351	0.0011248120865446	1.2652022300368182e-06	6.056089349087422e-05	-0.014883105797935	0.0276446530288013	0.0002215068381925	0.0007642268410828	0.1238613789751355	0.0131066799330668	0.0001717850588678	0.0153416412016221	0.0011319174202918	-0.0004234483847979	1.793085345879504e-07	1.2812370463600432e-06	0.0012460716068558	-0.0001360791029702	1.851752226520149e-08	1.5526944494121955e-06	0.0001257947157262	-6.963094422430001e-05	4.848468393567578e-09	1.5824310504635472e-08	0.0	0.0	0.0	0.0	0.0
786.4537716429917	-1.6345724583961785	618509.5349314869	2.671827121747326	1214.5841911108114	-6.400027560816625	1475214.757296304	40.9603527792124	761.7667083849303	-1.5584347706509334	580288.5180036115	2.428718934373827	792.9695112086937	788.0633124100534	1.057738	23.070747	0.0651875695497201	0.0358954729606277	-0.0670849832	0.0878005936	-0.0852401335	0.0995938147	-9.18883e-05	-0.0123783463	0.0460430294	-0.1570979092	0.0223638421	-0.0928114615	0.0200423831	0.0960743186	-0.2106936649	0.0778418205	-0.0349530975	0.0339047183	-0.0560920676	-0.0393001179	-0.0422429861	-0.1061811653	-0.1058310838	0.020443317	-0.0392110403	0.0785575404	0.0557769595	0.0096776549	-0.0881330217	-0.0328022638	-0.0205192582	-0.0426684208	-0.0069125476	0.0689623112	0.0095860461	-0.0513365257	-0.0006144863	0.0240237141	-0.005457055	-0.1365988497	-0.0876562239	-0.0321802289	-0.151055785	-0.049523584	0.0944217823	-0.1048295048	0.1212372578	-0.0638907534	-0.0372753114	0.0575918464	0.0911906535	-0.1651565665	0.0809886709	-0.0932018826	0.0841282986	-0.0628866528	-0.0313980677	-0.024834255	-0.0925273025	-0.0435575527	-0.0018823163	-0.0136861318	0.0359773001	0.0665410585	0.0852466851	-0.0981771642	-0.0731018179	-0.0026605208	0.0144345946	0.036058739	-0.0662134595	-0.1185809831	0.0815002316	0.0555047528	0.0513199948	0.0228676682	-0.0247174307	0.1056704778	-0.1530324749	-0.0454418697	0.0246504069	0.0121977697	0.0387445792	-0.0107305179	-0.030329748	0.006647291	-0.0745190449	-0.13330596	0.0925428334	-0.0230757089	0.0194252954	0.0810249558	0.0404331316	-0.0457561921	0.0467612948	-0.0432211333	0.1152324899	-0.0210242365	-0.0825491534	0.0224821866	-0.0757592282	0.181262494	-0.1186206101	0.0124946093	-0.062665478	-0.0992570537	0.0235265052	0.063080731	-0.1205247148	-0.002171431013977	-0.0099535190044121	9.907254057119285e-05	4.715112648461182e-06	-0.0450466241811113	-0.0301635183831763	0.0020291983501142	0.0009098378412522	0.1393319502080672	0.0154705712329317	0.0002393385742732	0.0194133923487833	0.0011298760888658	-2.0413314259998608e-06	4.167033990774625e-12	1.2766199761906773e-06	0.0013821052024738	0.000136033595618	1.8505139136761563e-08	1.910214790705144e-06	0.0001797190072662	5.392429154e-05	2.9078292180909152e-09	3.2298921572748454e-08	0.0	0.0	0.0	0.0	0.0
793.7340343953208	7.280262752329122	630013.7173574723	53.002225742950806	1223.8890944900215	9.304903379210144	1497904.5156116048	86.58122689643638	765.6262586592264	3.859550274296112	586183.5679485247	14.89612831981919	795.1211516120974	799.7445403701381	1.363592	29.741852	0.0263444233092444	0.0157326927223416	-0.0804380217	0.06108499	-0.0715109529	-0.004473542	-0.0329260107	0.0729205338	0.0297256232	-0.0543676232	0.2571017845	-0.0155646356	-0.0714290226	0.0164706564	-0.1371037069	-0.1003635775	0.1898927155	-0.038458706	0.0105373796	0.1662006796	-0.1703873726	0.0553229987	0.0788017496	-0.116864051	-0.0828121023	-0.0381595171	0.1352567145	0.0062645323	0.0476281761	0.0427451578	-0.0666669795	0.0033426032	0.0874992524	0.0749990037	0.008639492	0.0455320329	0.0422462039	-0.1187171607	-0.0614392304	-0.0564722546	-0.0537351431	0.0949405198	-0.0176229234	-0.1031665447	0.0182246365	0.0380361874	0.0591505818	-0.0387573978	0.0261230189	0.0580274421	0.1795926272	-0.1137031584	-0.1385789896	0.0780811395	-0.046865452	0.0484151457	-0.2114222764	0.1368474423	0.0102886824	0.0828865467	0.008714122	-0.1216293427	0.0855125293	0.0076864881	0.0938320459	0.0188738685	-0.1168692748	0.0460360864	0.0478130645	-0.079960331	-0.0788656011	0.0226512862	-0.0171458505	-0.0695101833	-0.0723231584	-0.0119215709	0.0543855851	0.115927504	0.1002705712	-0.1333656501	-0.007095816	0.1213158862	0.0591196092	0.0240916581	0.0034298413	0.1641647946	-0.0291531695	0.1359010692	0.1389354426	-0.2030118788	-0.1032046989	0.0538739673	0.0530750355	-0.0327339503	-0.0837839246	-0.0020791702	-0.1177767219	-0.0453402632	0.0502439851	0.0267198893	0.1159975465	0.1785690126	-0.0261009779	0.0983575794	-0.0563503065	-0.1013839798	0.0301376669	0.0540487397	-0.1150284477	-0.0047613530536239	-0.0025899220396469	6.707696171448759e-06	2.267048290125364e-05	-0.0546895446536979	-0.0096429204725866	0.0029909462944288	9.29859152406298e-05	0.1392129606856613	-0.0001189895224059	1.4158506442386582e-08	0.0193802484228674	0.000908916702332	-0.0002209593865338	4.882305049739325e-08	8.261295717780775e-07	0.0013820598050404	-4.5397433400158616e-08	2.060926959321837e-15	1.9100893047083083e-06	0.0001208719657413	-5.884704152489999e-05	3.4629742962333034e-09	1.4610032102166e-08	0.0	0.0	0.0	0.0	0.0
795.5943352080895	1.8603008127687417	632970.346215202	3.460719113988041	1220.1168753776103	-3.772219112411221	1488685.189581223	14.229637032040504	768.2725058194993	2.6462471602728783	590242.6431981726	7.002624033252273	800.2321008709063	839.129712426035	1.768838	38.580849	0.2332675635070646	0.1354259496225365	0.1633652	-0.0243646574	0.175304488	-0.0813299557	-0.0611099746	-0.0276352548	-0.0719721284	0.2360479898	-0.0405257589	-0.016413852	-0.0938775481	-0.0910901846	0.1055452728	0.0897969575	0.1224016883	-0.0046225383	0.1052538306	-0.0960133536	-0.0289094862	-0.2113564426	-0.1280663241	-0.1521629359	0.1047856767	-0.0181966947	0.1389944051	0.163239621	0.0335048332	0.0253654305	0.0828926366	0.0659688455	0.0453387424	-0.1078803978	-0.2977320486	0.1073176247	-0.1063845804	0.1374396932	0.00355618	0.1571648209	-0.0380508241	-0.0838678083	-0.0557704047	0.0439241112	-0.1247864743	0.0724666591	0.0081057971	-0.2164130424	-0.0581065884	-0.1062739729	-0.1158832747	0.0196646229	-0.1263288294	0.013834557	-0.0497401607	-0.1586535558	0.0011464376	-0.0619989489	-0.2814325938	-0.1424083583	-0.0890540064	-0.1766329597	0.1407148998	0.2867261141	-0.3159307456	0.0119984553	0.128758116	-0.0692855407	0.1087098277	-0.1374394625	0.000904914	0.0670903293	-0.1379019298	-0.09249057	-0.0371633866	0.0850526483	-0.1972930413	0.0289261054	-0.0758509486	-0.0647217727	-0.0084348598	-0.1442572821	0.0697169206	0.2793910199	0.0112854126	-0.1946532274	-0.0377477633	0.3627613132	0.1995360052	0.1289021622	0.2293407026	0.1994370544	0.0632305244	-0.0727228106	0.1870881919	0.021321204	-0.1066119502	-0.1997914663	0.062029876	0.196532827	-0.1676326009	-0.0040807421	-0.0254925947	0.1015531467	-0.0908959545	-0.1034414224	0.0366662233	0.0446835199	-0.1082719048	-0.0084496843129784	-0.0036883312593545	1.360378747873156e-05	7.139716498899327e-05	0.0582316128862316	0.1129211575399295	0.0033909207393319	0.0127511878201575	0.19400890525106	0.0547959445653986	0.0030025955408142	0.0376394553167147	-0.0001289813672116	-0.0010378980695436	1.0772324027623316e-06	1.6636193087773607e-08	0.0013320013770918	-5.005842794859991e-05	2.5058462086851686e-09	1.7742276685744517e-06	-2.841413961413996e-05	-0.0001492861053554	2.228634125219552e-08	8.073633300118377e-10	0.0	0.0	0.0	1.0	0.0
789.3702882065734	-6.224047001516169	623105.4519033288	38.738761077082415	1219.8109754272937	-0.3058999503166433	1487938.8157728857	0.0935747796037248	765.8154038162722	-2.457102003227078	586473.2327222801	6.03735025426252	797.8410214263723	801.6698874774733	1.682751	36.703178	0.3611395358724477	0.276510046121006	0.0401693405	0.1167328529	0.037631536	0.1655241015	0.1062766166	-0.1131992231	-0.1100674126	-0.083873636	-0.1219838463	-0.047842156	0.0599139551	0.1080343619	0.0295364016	0.0758666555	-0.133026012	-0.0758899617	-0.1013240661	-0.0621231055	-0.3168060662	-0.1379344595	0.1439313577	-0.0185308359	-0.2112595434	-0.0567538521	-0.1228252191	0.1660126944	0.0522607224	0.1175731225	0.0697591017	0.1460289683	0.0712898044	0.0745172778	0.1363970802	-0.0419085717	-0.0118859779	-0.1371607774	0.1438104292	0.0519945622	0.0481539029	-0.1425570803	0.0422676543	-0.0477729556	0.055108705	0.0649265771	-0.007196293	0.0215500674	0.0881624483	0.0170942476	-0.0854601295	0.0127112769	0.1387647465	-0.0005197232	0.1530219788	-0.1283872353	-0.2727785157	0.0506281043	-0.0701105839	0.0550433536	0.2161593509	-0.0126573961	0.1668009502	0.012866352	0.002956411	-0.0710515479	-0.1333360482	-0.229835286	0.0234357771	-0.0902837459	0.0615096624	-0.0686900471	0.0153036854	0.1039888736	-0.2223816878	-0.0615701959	0.1897861579	0.0948808369	0.0899753018	0.0206784423	0.1757296642	-0.0371074434	-0.118346175	0.2614923741	-0.314074953	0.2312677296	0.0305942637	-0.0765241972	-0.0609383955	0.163107375	-0.1035220697	0.2184330904	0.0144721926	-0.2423473294	-0.0839494822	-0.2135649847	-0.0238576287	-0.1658810048	0.0882466835	0.182094601	-0.0474930281	-0.003676254	0.0309291714	0.0606582036	-0.0258027649	-0.1054279714	0.0430942802	0.0350428114	-0.1003291122	-0.0129968354364251	-0.0045471511234466	2.067658333946257e-05	0.0001689177313615	-0.2158617560686053	-0.2740933689548369	0.046596297733022	0.0751271749050123	0.2178205856264696	0.0238116803754096	0.0005669961223006	0.0474458075226581	0.0009260221437268	0.0010550035109384	1.1130324080923507e-06	8.575170106723782e-07	0.0014489878731549	0.0001169864960631	1.3685840261121717e-08	2.0995658565499607e-06	-3.0170840987729804e-05	-1.7567013735898435e-06	3.085999715972443e-12	9.102796459068767e-10	0.0	0.0	0.0	0.0	1.0
794.7635759029207	5.393287696347329	631649.1415819976	29.08755217557148	1223.279041512931	3.468066085637247	1496411.613404795	12.027482374347256	768.5270534948932	2.7116496786209154	590633.8319535423	7.353043979564914	799.5041947043526	810.4372588157654	1.362348	29.714731	0.2440313115189889	0.1727784458740683	-0.0365133133	0.0530930248	0.1142037228	0.0785113355	0.1011914826	0.0583936283	-0.1487020496	0.0048551812	0.0920755106	-0.0236245701	0.0455686071	0.0594604669	0.0637863763	-0.1174082514	0.0088364005	-0.1585559539	-0.0944851873	0.0197527977	-0.1197239406	-0.0855483077	0.1433892042	-0.0442013634	-0.0154304429	0.0327412982	0.1018354386	0.0342216373	0.0819065441	0.0685894325	-0.0373171054	-0.0283529964	-0.0358189979	-0.1728574553	-0.0538369933	-0.0877718966	-0.1318993886	-0.0110823718	-0.1987384716	-0.0488326102	0.0730277818	0.0223807634	0.2074947433	-0.127624632	0.0820513809	-0.0883061089	0.0402260133	0.0213271068	0.1488767937	0.1109199888	0.0506836257	0.0887479511	0.0139140469	0.1625061484	0.0561707589	0.0216477631	-0.1460622628	0.1097561583	-0.0056013125	0.0342847802	0.151197096	-0.1272883944	0.0080168908	0.0834803959	-0.0611383616	0.1149980628	-0.1452149417	-0.0788807087	-0.0223726099	0.1930754009	0.0188437489	-0.0258019134	0.2141727473	-0.013878285	0.0161947253	0.1113830862	-0.0424111397	0.0401220268	0.0900415234	0.1379446382	-0.0146201395	0.0961236854	-0.1009586671	0.116438375	-0.1106479598	0.1435694894	0.0786515005	0.1702534185	0.0641802937	-0.0372935176	0.0645006023	0.1204326947	-0.1123446012	0.0046267001	0.00272515	-0.1209611127	5.63523e-05	-0.1173913102	-0.2371508128	-0.0918047172	0.0207479956	-0.0014770584	0.1001637233	-0.1042148845	-0.126359114	-0.1073422654	0.0494042187	0.0251860523	-0.0912870929	-0.0130486747659688	-5.183932954370106e-05	2.687316087540437e-09	0.000170267913148	-0.0564760719739041	0.1593856840947012	0.0031895467056015	0.0254037962943358	0.1489367742844649	-0.0688838113420047	0.0047449794650008	0.0221821627342616	0.0006790209168857	-0.0002470012268411	6.100960606100854e-08	4.610694055682967e-07	0.0013819912480101	-6.699662514480001e-05	4.488547780792851e-09	1.9098998095765137e-06	-2.9969157918842903e-05	2.016830688869012e-07	4.067606027563853e-14	8.981504263645442e-10	0.0	0.0	0.0	0.0	0.0
789.8252569666635	-4.938318936257247	623823.9365424559	24.386993916196904	1207.7480478843363	-15.530993628594617	1458655.347168425	241.21176309144653	766.8810085817437	-1.646044913149467	588106.4813233524	2.7094638561052364	798.8930378006432	824.3241375571803	1.35451	29.543779	0.056181573188699	0.0340620182586096	-0.021355256	-0.041250486	0.1517539556	-0.0240153612	0.1396486573	0.0363823987	-0.1308043148	-0.0562575915	-0.1553365065	0.2185673257	-0.12951428	0.0218985052	0.0297006345	-0.077670869	-0.0633488796	-0.0649429666	0.0247453403	-0.0125803059	0.0377933144	0.0863046785	0.0826585863	-0.020214535	-0.1462582562	-0.1024360304	-0.1438175713	0.0025326514	0.1345310059	-0.1744406312	-0.0009000411	-0.0028797792	0.0309709136	0.0222683067	0.0064286711	-0.1115567936	-0.0848564982	0.1352662553	0.1017571525	-0.0176749069	-0.090595077	0.1555751807	-0.1093461803	-0.1175664665	0.0375154723	-0.072599976	-0.1346473088	-0.0667429169	0.0196959855	-0.06846409	0.0131767987	0.1217396121	0.1038454129	0.0350326513	-0.0003109816	0.0009358493	-0.0186463337	0.0494538498	0.1281762099	0.0406398181	0.0466510023	0.0951866884	0.2583974698	-0.151711849	-0.1102208959	0.0281617008	0.0200413401	0.1259406192	-0.0020363847	0.0683782484	-0.0131292295	-0.035832339	-0.0292736826	0.0082066121	-0.0819632832	-0.2557229111	-0.1182596568	-0.1242158383	0.0758289535	0.0801545491	-0.0977392852	0.0882439493	-0.0677784531	0.0607298886	-0.0453866942	0.0827128132	0.0749974773	-0.0224048485	-0.1577420097	-0.0503200917	0.1449020939	0.1413711706	-0.1015475496	0.0172296807	-0.0836770263	-0.033358867	0.1534138284	-0.0587091004	0.0951889827	0.0636381344	0.0273788488	0.0519677845	0.0069672419	-0.031157785	0.1026425628	-0.1091829923	0.0555787436	0.0151740128	-0.0812449131	-0.0130485727190432	1.0204692560064621e-07	1.0413575024543823e-14	0.0001702652500041	-0.0834945680737035	-0.0270184960997994	0.0069713428978143	0.0007299991314948	0.1321827851488066	-0.0167539891356582	0.0002806961519577	0.0174722886896955	0.000927021064629	0.0002480001477432	6.150407328069861e-08	8.593680542658845e-07	0.0013819831651888	-8.082821300074358e-09	6.533200016893574e-17	1.909877468865254e-06	-3.014064548055796e-05	-1.714875617150568e-07	2.9407983822975424e-14	9.084585099846787e-10	0.0	0.0	0.0	0.0	0.0
788.5884563092602	-1.2368006574032506	621871.753424222	1.529675866153113	1228.1164699806775	20.36842209634119	1508270.0638378004	414.8726186947201	764.9872170612589	-1.8937915204847968	585205.4422671297	3.5864463230601187	798.0441653722706	815.2547070202074	1.285412	28.036654	0.0464021817880552	0.0245565836007356	-0.1380745722	-0.0830126358	-0.0269089431	-0.011605881	0.0921344697	0.1424658557	0.0275964311	-0.0889788289	-0.1137440089	0.0649079512	0.0097204937	0.0166227763	-0.0515176015	-0.0814281925	-0.1051051394	0.0241132477	-0.0958813997	0.1024734444	0.0130854022	0.2200901582	0.013533953	0.0416162478	0.0723528244	-0.0529566039	0.0552546291	0.1001946698	0.040847508	0.0666517512	0.118625184	-0.0047863325	0.069493899	-0.0246453372	0.0715605789	-0.0801722978	0.1322120272	0.1189103923	0.0099228006	0.0360431775	0.0546556546	-0.1369226364	0.0098339527	-0.1204951573	-0.0358780873	0.0013376615	-0.0473707073	-0.0783769786	-0.0529841317	0.1059022095	0.0982523218	0.0609643237	0.0710463139	-0.0529063806	0.036974066	0.0932618737	-0.0038742215	-0.062711234	0.1516757547	0.164878622	-0.1119241623	-0.0767061784	0.0797629058	0.0426218698	0.0144591692	0.1005714408	0.1323871661	-0.0925842126	-0.1626805975	0.0582992461	0.1416031269	-0.0601335242	0.0452193145	-0.0674070705	0.0521323177	-0.0423471211	-0.1057468485	0.0509368966	-0.0076558175	0.0011604777	0.0334473782	0.089562372	0.0560027234	0.0159601017	0.0242958212	0.1185884488	0.0496919642	-0.1162185266	0.0025050109	-0.005195944	-0.0363565063	0.1450427302	-0.0141758333	0.0481232558	0.0266884809	0.0779267378	0.0820794382	0.0127268403	-0.1068956644	0.0003486052	0.0638801167	-0.2011099176	0.0309634784	0.2476208867	-0.2205855226	-0.1109488906	0.0616009311	0.0050684204	-0.0703125971	-0.0130939349221677	-4.536220312450004e-05	2.057729472308401e-09	0.0001714511317459	-0.073707502594658	0.0097870654790455	0.0054327959387415	9.578665069112432e-05	0.1455897531316097	0.0134069679828031	0.0001797467904919	0.021196376216923	0.0012759430927537	0.0003489220281247	1.2174658171065397e-07	1.628030775945877e-06	0.0013820578354477	7.467025890011207e-08	5.575647564209764e-15	1.910083860522382e-06	8.411837859748485e-05	0.000114259024078	1.3055124583266765e-08	7.075901617869797e-09	0.0	0.0	0.0	0.0	0.0
783.5890560025631	-4.999400306697112	614011.808686988	24.99400342660317	1204.405487238665	-23.710982742012447	1450592.5776906062	562.2107025920121	762.1885552886897	-2.798661772569176	580931.39381306	7.832507717240041	794.3312048382743	797.0893765600105	1.227209	26.767149	0.0387260257063683	0.0210068484825401	-0.0982107379	-0.1154321424	-0.1572454233	-0.0044212128	0.0297008823	0.0545649717	0.182652621	-0.0656760373	-0.1760676771	0.055462356	0.1275687952	0.0880296684	-0.1810577372	0.0494763359	-0.0961486116	0.1617897664	-0.0323668112	-0.007135802	-0.0112358742	0.0328228823	-0.0664177333	0.1459425172	-0.0470085683	0.1266937938	0.0334079073	-0.0091227372	0.1527273932	0.1316310765	-0.0800924618	-0.0183012786	-0.015867318	0.0518263275	-0.0891221217	-0.0153957807	0.0812045004	0.1002118908	0.2184858097	0.0425435537	-0.1278898489	0.1088905773	-0.1269884864	0.0720273847	-0.0340363844	0.0726950119	0.0465208906	0.0803101411	0.2312513131	0.0342368584	0.0831774025	-0.0922622713	0.0647912369	-0.2151298001	0.0402738825	0.0247893846	0.0149775907	-0.1738652956	0.0004447377	0.0264388694	-0.0530020121	0.0333938632	0.0372147082	-0.0411371728	-0.0341022305	0.1992348422	-0.1362269076	-0.069596449	0.0230751993	0.0600630129	-0.0826691953	0.0931838127	-0.124153234	-0.0148578614	-0.0983939633	-0.068471175	0.0332620092	-0.1626694947	-0.1134180213	0.0147233432	-0.2155643073	-0.0035210504	0.1122720515	0.0328477805	0.0200340045	0.0319714471	0.0284824848	-0.2314453348	-0.0235618338	0.0189532639	0.1026637024	0.0402218215	0.0180512454	0.0082981754	-0.0802448972	-0.0407344093	-0.0116612273	0.0966685626	-0.1178492113	0.1483707241	0.0382578499	-0.1682321222	-0.0819236205	0.0424422148	0.0222611413	-0.1126387502	0.0674542747	-0.0050684204	-0.0586099215	-0.0130836743710318	1.0260551135898854e-05	1.0527890961239528e-10	0.0001711825350471	-0.0636927544079242	0.0100147481867337	0.0040567669640681	0.0001002951812436	0.1608242441045391	0.0152344909729293	0.0002320897152042	0.0258644374917963	0.0013340889142797	5.8145821525999904e-05	3.3809365609334333e-09	1.7797932312039884e-06	0.00138191332213	-1.4451331770007694e-07	2.088409899268337e-14	1.9096844298803733e-06	-0.0001269218064702	-0.0002110401850676	4.4537959713402675e-08	1.6109144957658903e-08	0.0	0.0	0.0	0.0	0.0
790.4208456580428	6.831789655479724	624765.1132507755	46.67334989671977	1219.0941270167723	14.688639778107245	1486190.490526786	215.75613853099443	765.5188867161323	3.330331427442616	586019.1659191067	11.09110741661197	795.4763220446351	795.2666363716125	1.400366	30.543945	0.0479700664812013	0.0232900478758288	-0.0436778795	0.044215128	-0.2482445978	0.1122809826	0.0030058834	-0.0349768046	0.1251547784	-0.0877276501	0.1605056018	0.2323618184	-0.0758836875	0.2414994437	-0.1054845088	0.0596938573	0.1394387459	0.0256218364	-0.035876781	0.0199416	-0.127097519	-0.0638635074	-0.1366578714	-0.1298450115	0.0017131472	0.1873761941	-0.0179973012	0.0915939086	-0.0629763474	-0.0422532589	-0.0742361886	0.1202662091	0.0397082829	0.1114812992	0.1769553778	0.237339208	-0.1100142451	0.019882882	0.0127428647	0.0192007306	-0.08942238	0.0635436089	0.0926103311	-0.0649259684	-0.1403616894	-0.0305659126	0.0503679779	-0.0199298128	-0.0264561968	0.0207543518	0.0431069209	-0.1827356529	-0.1252378617	-0.0073949425	0.0689348345	0.009886436	-0.1991888666	0.0573421482	0.0285928168	-0.1165913112	-0.1723076261	0.1422126036	-0.0904420564	0.135891227	-0.0708876609	-0.0520361432	0.1068327454	0.0842830864	-0.0434577204	-0.0265238344	-0.0125238657	-0.0863280444	0.0040358138	-0.0438387876	-0.2700400168	-0.0313122058	0.0675355993	0.0583205494	-0.0644721317	0.0851593405	-0.020654494	-0.081707755	0.0935142282	-0.0330388433	-0.0777260781	0.1014736809	0.0058097513	-0.0788395296	0.1884056638	0.1175794593	-0.0827122827	-0.0743470831	-0.0588049854	-0.0322157233	-0.0602821856	-0.139831834	-0.0396636451	0.1204529479	-0.1092348525	-0.1733594667	-0.1552385206	0.0045796405	0.0880096903	0.1400337185	0.0045055404	-0.1142514127	0.0731227308	-0.0151740128	-0.0462651033	-0.007930760462159	0.0051529139088728	2.6552521752254763e-05	6.289696150814444e-05	-0.0758715206660411	-0.0121787662581168	0.0057564876481775	0.0001483223475698	0.1455035817598258	-0.0153206623447132	0.0002347226946807	0.0211712923049383	0.0012389423832193	-9.51465310603998e-05	9.052862372827626e-09	1.534978228937119e-06	0.0013820555816683	1.4225953829999013e-07	2.023777623732636e-14	1.910077630820503e-06	8.41438823210674e-05	0.0002110656887912	4.454872498493214e-08	7.0801929320616395e-09	0.0	0.0	0.0	0.0	0.0
792.2640455581247	1.8431999000819133	627682.3178841263	3.397385871661975	1213.8077255724006	-5.286401444371677	1473329.1946592445	27.94604023105495	767.2736505886076	1.7547638724752233	588708.8548875686	3.0791962481442416	798.630437348921	832.3853242271825	1.483155	32.349701	0.0602494680313117	0.0320085489950986	0.0944681011	-0.0630653796	0.022778841	-0.1977036506	0.0404804617	-0.0491479346	0.0301437246	0.1146440393	-0.0093394777	-0.0337000544	-0.0338069778	-0.2004902992	0.0686861915	0.024341548	0.0131244531	0.0780031886	0.1213823366	0.0483644789	0.1342727895	-0.0566224015	-0.0922597508	-0.0876539445	-0.3172681472	0.0213396204	0.0550446633	-0.1982010616	-0.0495436179	-0.0075932031	0.1772546973	-0.0533171696	0.0611099462	-0.0104562365	0.0429323367	0.0061647931	-0.0137642312	0.0088829591	0.0276486391	-0.0089293348	0.0406093783	0.126188516	0.0262813769	0.0306511168	-0.1799798208	-0.1370629212	-0.0270204358	-0.0914536596	0.1614652363	-0.001218361	-0.0702182776	0.030894269	-0.0552472201	-0.0469149459	-0.1407563828	-0.0150423525	0.0692445532	-0.0127543395	-0.0822470147	-0.1784713447	-0.1162288478	0.05034236	0.2019406555	-0.0982442127	0.0553432372	0.0607607405	-0.2442711729	0.130054938	0.0039182279	-0.0951216598	0.1204680019	0.1260462292	0.0072957458	0.0161621704	0.077866526	0.0205110282	0.1396719122	0.0180887629	0.0274316314	0.1362318747	-0.0803311137	-0.0335941712	0.0454429523	0.0993801001	0.1784491153	0.0356190756	-0.1852235782	0.0258802351	-0.2185184209	0.1054409229	-0.031222467	-0.1477026307	0.0772702608	-0.1880075179	-0.0716345526	0.0657385684	-0.1217944069	-0.1857711391	-0.1470042273	-0.1296105254	0.1213583164	-0.1504183996	0.0261578438	-0.0954342162	-0.1100844631	-0.1157857731	0.0785907625	-0.0251860523	-0.033413395	-0.0050418125385931	0.0028889479235659	8.346020105075727e-06	2.5419873674314604e-05	-0.063711080977697	0.012160439688344	0.0040591018393466	0.0001478762934138	0.1287168022096807	-0.016786779550145	0.0002817959676651	0.016568015171086	0.0016333245764395	0.0003943821932202	1.555373143291752e-07	2.667749172001272e-06	0.0013822115373927	1.559557243999577e-07	2.4322187973115565e-14	1.910508734101491e-06	0.0002578717507616	0.0001737278684405	3.0181372272891e-08	6.649783984085276e-08	0.0	0.0	0.0	0.0	0.0
790.1849824834778	-2.0790630746469105	624392.3065424141	4.322503268360265	1217.8403681892366	4.0326426168360285	1483135.1623912954	16.26220647512213	765.4754779807494	-1.7981726078581914	585952.7073898567	3.233424727651529	795.8643826842019	803.777800874961	1.448894	31.602425	0.0518715775200838	0.02846914898065	-0.0612330418	0.0475090539	-0.0460734918	0.0181816415	-0.1923742702	-0.0499424994	0.089900742	-0.1669761723	0.0493504231	-0.1718730245	-0.2428906621	0.0965004519	-0.0505870279	-0.0421977398	-0.056005975	0.0840961876	0.1185855279	-0.1642751706	-0.1060772348	0.2087896368	0.0253266412	-0.003378437	0.1051417064	-0.1079401123	0.0649907318	-0.0561845184	0.0125327974	-0.1139147343	-0.0952940255	-0.1633057565	0.02816895	0.076984722	0.0104540457	0.0611770317	-0.0490871638	0.0952916403	-0.102384688	-0.049443302	0.1423451711	0.0043751925	-0.0097741635	0.0821194041	0.1393106714	0.0286919049	-0.0121972058	0.0874565022	-0.0436820621	-0.1361015375	0.0499976084	-0.0388759831	0.0076181684	-0.0829147545	-0.0109679476	-0.2100818271	-0.0235308814	0.2043921789	0.2237278227	0.0908289916	-0.0796214263	0.0558875451	-0.1603612592	0.0352015876	0.1609366467	-0.1326709491	0.1226747376	0.0606015359	-0.0339350398	0.1043986615	-0.0637003297	0.0097789415	-0.050799019	0.0233241323	0.1551175347	0.1398230544	-0.0735157128	-0.0408449332	0.0276923113	-0.0176572391	-0.0103627141	0.0721443538	0.0696143098	0.01333505	-0.0412408504	-0.0613825167	-0.1066508492	-0.0916909784	0.0785245766	-0.1321507441	-0.0180219849	0.072385896	-0.1541626272	0.0625051743	-0.1535898681	-0.0235871218	0.0448651797	0.1288269806	0.0213833306	-0.057325304	0.0453837411	-0.0587246954	0.0545786209	-0.0824376296	-0.1027893031	-0.1172407796	0.0838433825	-0.0350428114	-0.0201956026	-0.0132012143975543	-0.0081594018589612	6.657583869601947e-05	0.0001742720615701	-0.0373868662048266	0.0263242147728703	0.0013977777646176	0.0006929642834082	0.1259460389657434	-0.0027707632439372	7.67712895395393e-06	0.0158624047311605	0.0014803699569706	-0.0001529546194689	2.3395115616876026e-08	2.191495209501136e-06	0.0012986541632644	-8.35573741282999e-05	6.981834771216682e-09	1.686502635763959e-06	0.0002020397914725	-5.583195928909998e-05	3.117207678059717e-09	4.082007733825128e-08	0.0	0.0	0.0	0.0	0.0
793.639959586122	3.454977102644193	629864.3854518614	11.936866779795665	1217.0122279007612	-0.8281402884754243	1481118.7628599743	0.685816337396159	766.0815706832482	0.6060927024988132	586880.9729405126	0.3673483640223148	797.3059642512534	822.3069415494016	1.394866	30.423986	0.0563391238261796	0.0313853019039563	0.0626684763	-0.1335950373	0.0258189391	-0.0053412332	-0.0467552304	-0.0077741553	0.0571152902	0.1043347734	0.0027022581	-0.018889636	-0.0201852106	0.010324596	0.0181403056	0.0454537767	-0.0048672194	0.1093298993	-0.0873824576	-0.0052235637	0.008168175	-0.1228696822	-0.0037630358	-0.2190189403	0.012862385	-0.0338783767	-0.1876363237	-0.0785966737	-0.0037802435	0.1000421361	0.0673536528	-0.1390793829	0.0060125951	0.0676948252	-0.2240653324	0.1044087727	0.0011279883	0.0857172579	0.0589044739	-0.0693657866	-0.0073343698	-0.0364637121	0.0872161958	0.0993730689	-0.0935534413	-0.0636025624	-0.0488770305	0.0249996525	0.0042405602	0.0832551415	-0.0371273009	-0.0016498264	-0.051930739	-0.119073178	0.0652555503	0.0061971413	-0.0450407241	0.0565861046	-0.085924848	-0.2108239178	-0.0336917352	-0.1139672341	-0.0198227314	-0.1953126214	-0.1156525338	-0.1428567802	0.0183130035	-0.0535786682	-0.1601384304	-0.0286256393	-0.0414885876	0.1142411896	-0.0164477555	-0.1012532112	0.0539831091	0.0665853621	0.0290586656	0.0591952067	-0.1792980802	0.3031784187	-0.0074718695	-0.0027795804	0.1018889967	0.0468503903	0.0039152144	0.0500332412	-0.0770467193	0.0512210215	-0.1244728213	-0.0721926041	0.1004056987	-0.0446734808	-0.0647594865	-0.0743049487	0.1201235728	0.009715245	0.1451401046	0.1194673427	-0.0220073245	-0.0633231674	-0.0237970981	-0.0582180883	-0.2160931196	-0.0091667823	0.1386248467	-0.1186154352	0.0888661936	-0.0446835199	-0.0067565429	-0.0129489398357947	0.0002522745617595	6.364245451099781e-08	0.000167675042871	-0.0579628040573965	-0.0205759378525699	0.0033596866541961	0.0004233692185128	0.1286447325877731	0.0026986936220296	7.282947265583672e-06	0.0165494672225796	0.0011190044828108	-0.0003613654741597	1.3058500591473705e-07	1.252171032550666e-06	0.001211993262024	-8.666090124040014e-05	7.510111803798387e-09	1.468927667191576e-06	-6.178188923708621e-06	-0.0002082179803962	4.3354727360275924e-08	3.817001837703589e-11	0.0	0.0	0.0	0.0	0.0
787.87899878193	-5.760960804191996	620753.3167216165	33.188669387436484	1212.9403316037665	-4.071896296994737	1471224.248031055	16.58033945347945	763.8413971361729	-2.240173547075301	583453.6799789405	5.018377521015936	795.4407446320868	800.7582780888206	1.362398	29.715809	0.0536960772971463	0.0253811031221163	0.0018212027	0.073708035	-0.122245161	-0.1393472247	0.0050230602	-0.0843036614	0.1452192642	-0.1847431712	-0.0193704377	-0.0897658646	-0.1259974263	-0.1087611151	-0.1217061821	0.0401291641	-0.0689542117	0.1143484364	0.1058875027	0.0268864677	-0.0486860791	-0.0332488513	0.1569722623	-0.0694750108	-0.0169973581	0.091527835	0.1188383557	-0.1651722937	-0.0552709421	-0.0618590426	0.0063938069	-0.0480306288	0.013184424	-0.0535407178	-0.0407215791	0.0444330544	-0.0342711243	-0.0051176692	0.0775910205	0.0995663364	0.0913445007	-0.0510085535	0.0258210405	-0.0634159591	0.0031716287	0.0247114923	-0.1255956566	0.0392250383	0.0835078942	-0.0338612672	0.0238129334	-0.0995984549	0.0743606203	-0.1362576331	-0.1161900548	-0.0586837757	-0.0577937278	0.1951818467	0.0903383338	-0.0838546873	0.0424366715	-0.0204589501	-0.0930589892	0.0110126506	0.0542009606	0.0912029373	-0.1387016955	0.1256206191	0.0135354657	-0.0607563302	0.0915583721	0.046819194	-0.1475980591	-0.0453928062	0.0442439642	-0.0579719571	-0.0747574924	-0.0329762336	0.0278789606	-0.0095664624	0.203671516	0.0210518005	0.1137394309	0.0873292789	0.1597901914	0.0477225244	-0.0344733644	-0.1054426775	0.0150028796	-0.0145282499	0.0156602376	-0.0205729345	-0.0848390239	-0.0748085873	0.0692945939	0.0003897006	0.0255780016	0.0605136754	-0.1313386069	-0.0946833161	-0.0045342864	-0.1128086991	-0.0636406892	-0.1526371731	0.0613367909	-0.1199087977	0.0936454286	-0.0540487397	0.0067565429	-0.0074842488295416	0.0054646910062531	2.9862847793823523e-05	5.601398054249481e-05	-0.0580452882921633	-8.248423476680394e-05	0.0033692554929203	6.803648985065228e-09	0.1460837822746441	0.017439049686871	0.0003041204539811	0.0213404714436656	0.0014359176232215	0.0003169131404106	1.0043393856497195e-07	2.061859420678081e-06	0.0013820911707806	0.0001700979087566	2.8933298563368635e-08	1.9101760043496896e-06	0.0001210078092941	0.0001271859982178	1.617627814266042e-08	1.4642889910157274e-08	0.0	0.0	0.0	0.0	0.0
794.0697298265617	6.1907310446316615	630546.7358268286	38.32515086696623	1223.0473068177932	10.10697521402676	1495844.7147142573	102.15094797695129	766.2317976934557	2.3904005572828737	587111.1677965448	5.714014824258273	797.586318198651	812.7785632635417	1.271318	27.729225	0.0365371275780286	0.0198668750704184	0.0004223793	0.0106578328	-0.0133152716	-0.0032103518	-0.1558090969	-0.0122521988	0.0085643173	0.0198145232	0.1893305678	0.0200742692	-0.2131713849	0.0357413764	-0.0627081757	0.0185224462	0.0827101513	0.0581030654	0.0589342024	0.0150403455	-0.0261461012	0.0514708015	-0.0284626654	-0.0286505278	0.0714252161	0.2083202163	-0.1243654252	0.0207563721	-0.0093271164	0.0511081995	-0.1688999314	-0.1907674353	0.0347068254	0.027276089	0.1241377531	-0.0607116857	-0.0926466485	0.0203606886	0.0243879155	0.1274044265	-0.0260916697	-0.0214829402	-0.0506325615	-0.0929741101	0.082160185	-0.0363743996	0.030029452	0.0687514029	-0.100581686	-0.0241080606	0.039957016	-0.0968345071	-0.0638804636	0.0184721287	-0.0530294361	-0.029446771	0.003110228	0.1163166037	0.0257695916	-0.0359061012	-0.1793651216	0.021115089	-0.141581324	-0.0751863296	0.0144415043	-0.0506943307	-0.115898896	-0.2003727546	-0.0581248934	0.168700197	0.0833759138	0.0358564245	0.1138449495	0.0549515396	-0.1059507527	-0.0104391568	-0.1473853244	-0.0291598095	-0.1000497597	-0.068033992	0.1407531416	-0.0033389108	0.1208029533	0.0788041284	0.0342402286	-0.0230089504	-0.1556456352	-0.0057125596	-0.0621705885	-0.1106893463	-0.0046374434	-0.0580131166	-0.0175013667	-0.1306093492	-0.0324178471	0.0202991248	-0.0518690125	0.278401051	0.1199346442	-0.0316088052	0.030882468	-0.0585374086	-0.0634558974	0.0784259964	-0.0082082908	-0.1211199807	0.098167988	-0.063080731	0.0201956026	-0.0131191446276517	-0.0056348957981101	3.1752050655558866e-05	0.0001721119557612	-0.0581392842097869	-9.39959176236016e-05	0.0033801763684263	8.835232529902897e-09	0.1287386932672092	-0.0173450890074349	0.0003008521126758	0.0165736511441485	0.0013038228041011	-0.0001320948191203	1.7449041238451166e-08	1.6999539044940554e-06	0.0013821684434478	7.72726672000363e-08	5.971065096207565e-15	1.9103896060629144e-06	0.0002580986546037	0.0001370908453095	1.8793899867700667e-08	6.661491550824003e-08	0.0	0.0	0.0	0.0	0.0
789.1854517000342	-4.8842781265275335	622813.6771749869	23.85617281727531	1210.508699439379	-12.538607378414326	1465331.311418417	157.21667499002618	764.7540221469925	-1.4777755464632492	584848.7143900027	2.1838205657247545	796.8288584869578	812.541012021115	1.233138	26.896475	0.0973482286074233	0.0484358308541478	0.0251492581	-0.0765664114	-0.0857819204	0.0352824514	0.1314563678	-0.0232172755	-0.0128350649	-0.0620873416	-0.0388950732	0.0906612775	-0.1305907375	-0.0176580186	-0.0620348978	0.056255898	-0.0364942316	0.1216945812	-0.0442946568	0.0288854235	-0.0290927544	-0.0453164856	-0.1228740555	-0.0308994795	-0.0499647919	0.0686645415	0.1107287076	-0.0117185061	-0.0101733533	-0.1569657844	0.0035132388	-0.0478690046	0.0414392678	-0.1587640814	0.0929528939	0.0569985112	0.0136205744	-0.0409702954	0.0690513321	-0.0726465124	0.0663809444	-0.0367255408	-0.0028205971	0.0931021734	0.1329458227	-0.0395192764	0.0587091787	0.0802861746	-0.1955727893	-0.0275275349	-2.23162e-05	-0.038072291	0.03948229	-0.1385793885	0.0250441194	0.0245374307	-0.0806828627	0.109711945	-0.107090027	-0.0294111003	-0.1700794979	0.0028864709	0.0101347066	0.0161497015	0.0269971593	0.0404817893	0.0045206267	0.0838367873	0.1400082544	0.0675656778	0.1134410637	-0.1092769378	0.089493417	0.0145625283	0.1073704055	-0.0500799477	0.0292977216	0.1036551944	0.0452089091	-0.0335161252	-0.0788752952	-0.0301729631	0.1236855723	0.026817617	-0.0443399199	0.1298951002	-0.0449393189	0.0208363929	0.0615439235	0.0674482731	0.2065983674	-0.2242416561	-0.0642113995	-0.0244960139	-0.0663981071	-0.0396933378	-0.0818965764	0.0836966267	0.0516975512	-0.0299788117	-0.0313734713	0.0433669816	-0.0137218951	-0.0593219984	0.0575993243	-0.1222481541	0.1024214758	-0.0717238087	0.033413395	-0.0131448775904203	-2.573296276859975e-05	6.62185372850141e-10	0.0001727878068671	-0.0350896603526251	0.0230496238571618	0.0012312842636625	0.0005312851599566	0.1615822878341148	0.0328435945669056	0.0010787017040752	0.0261088357417067	0.0014409907280681	0.000137167923967	1.88150393654167e-08	2.076454278378233e-06	0.0009260166744489	-0.0004561517689988	2.0807443636082577e-07	8.575068813574002e-07	2.2832803157854325e-05	-0.0002352658514458	5.535002085653872e-08	5.213369000453224e-10	0.0	0.0	0.0	0.0	0.0
795.1089098406828	5.923458140648677	632198.1785080391	35.08735634401708	1221.792890407696	11.284190968317034	1492777.867050792	127.33296580944771	768.5518357097634	3.797813562770898	590671.9241728472	14.42338785756658	799.3752100265436	811.7071571299904	1.240149	27.049385	0.0551698055401808	0.0283422582597468	0.000974073	0.0137357833	-0.1189462077	-0.1306428672	-0.0926199037	-0.0171830157	0.0704494948	0.0134824145	0.1533575163	0.0470738525	-0.0698608185	-0.02233404	0.0509954338	-0.0010895903	0.1139988868	0.0768617809	0.1701942986	0.0719123845	-0.0260929254	0.0418046661	-0.1018600045	-0.0946099152	0.0166559902	0.0414756494	0.1161854501	-0.0475979151	0.1334597539	0.0583056738	-0.0152351245	0.0336908683	0.1055324099	-0.0357681269	0.1109220499	-0.0529206302	0.1337507396	-0.0296331792	-0.1072129405	-0.0054442185	0.0081825909	0.044504211	-0.0575893411	0.1516731629	-0.114090388	-0.1302968338	-0.1301462061	-0.063463409	-0.1637082659	0.0459395047	-0.0078715089	-0.033045987	-0.1502342122	0.0103554351	-0.1765910188	-0.0202667505	-0.0590308981	0.0212793199	-0.0416629933	0.0232599792	-0.121614219	-0.0282840518	-0.054627777	-0.0261862845	0.1493140298	0.1573767685	-0.0155490704	-0.0336358943	-0.0608526292	0.049731102	0.0802797351	-0.1021059035	0.0845421025	0.0377697488	0.0122690708	0.0522720334	0.1080919667	-0.0719765192	-0.0438163613	-0.1275367865	-0.166398977	-0.0460315557	0.1401340373	0.0993706046	0.1249320348	0.0248777651	-0.0770097853	0.0355667633	0.068704247	-0.0174984324	-0.1124491975	-0.1897303912	-0.0874166115	-0.120229533	0.0821723768	-0.0389833042	-0.0787772147	0.0864008633	-0.0638915429	0.0625740875	0.0400333713	0.0022280844	0.1114644167	-0.078871751	0.0977245961	-0.1232925447	0.1063942335	-0.0799246852	0.0462651033	-0.0130443366022916	0.0001005409881287	1.0108490293895405e-08	0.0001701547173938	-0.0580765710052588	-0.0229869106526337	0.0033728880997288	0.0005283980613521	0.1551343339099986	-0.0064479539241162	4.1576109807525584e-05	0.0240666615576989	0.0013428650570923	-9.81256709758e-05	9.628647304450958e-09	1.803286561559506e-06	0.0011221649246868	0.0001961482502378	3.84741360713898e-08	1.2592541181973311e-06	0.0002412468814502	0.0002184140782923	4.77047095962949e-08	5.820005780944685e-08	0.0	0.0	0.0	0.0	0.0
794.361073821445	-0.7478360192378659	631009.5156027591	0.5592587116695378	1214.141670434855	-7.651219972840863	1474139.9958863405	58.54116707279894	769.28861267657	0.7367769668065876	591804.9695938417	0.5428402988167154	801.0427104887082	828.4343282398424	1.215343	26.508339	0.0774604174496344	0.0386783429335141	0.1180847628	-0.1145680743	0.0664392151	0.0233920014	-0.1247166253	-0.0610981866	-0.008013772	0.1053204982	-0.1071419951	-0.1501555717	-0.1071003755	0.0056487956	0.1408068919	0.0035475218	0.0403739586	0.1084727502	0.0447738665	-0.1964516708	-0.0728747373	-0.0705187556	-0.0661300238	-0.0780896959	-0.0134494551	0.064663669	0.2190208297	0.0977819961	0.200123706	0.1583386537	0.0570854133	0.0183974348	-0.0541733275	-0.0006760379	0.0219956219	-0.215197289	0.0263474336	-0.1467451251	0.0640230192	-0.005672826	0.030073101	0.1270474939	0.010185625	0.0688967425	-0.006830273	0.0827522014	0.0836344642	-0.106025783	0.0172458814	-0.0734695641	-0.1061562695	0.1017536582	-0.0904077994	-0.0861282175	0.0397952766	-0.1830161542	0.071367551	0.1246998895	-0.0964966787	0.0522989827	-0.0481890376	-0.117826456	0.0472532344	0.0570871922	0.1092032806	0.1662630458	-0.0835242535	-0.1648673963	0.1251302582	-0.0699191191	-0.0536164934	-0.1072334565	0.0913187833	-0.0497233722	0.0116742618	-0.0556436388	0.156082785	-0.1432989328	-0.0563972985	-0.0170366654	-0.1340604718	-0.0705556984	0.1479869379	0.1323477889	-0.0974757346	-0.0919536131	-0.0340731634	0.1033820627	-0.0109198952	-0.0050784108	0.120018458	-0.1455560424	-0.1135746772	-0.023622827	-0.064747873	-0.0221977396	-0.0955296738	0.0344336502	0.0917806889	0.1343636248	-0.0024238942	0.0266335488	0.0551512834	-0.0314178809	0.0503481181	-0.1242524367	0.1100753719	-0.0876327994	0.0586099215	-0.0129904217154717	5.391488681990089e-05	2.9068150208027224e-09	0.0001687510563457	-0.0295804968973953	0.0284960741078635	0.0008750057966968	0.0008120262395608	0.1729666410647183	0.0178323071547197	0.0003179911784602	0.029917458921211	0.0010590110217139	-0.0002838540353783	8.05731134006019e-08	1.1215043441115183e-06	0.0012009905075152	7.882558282840016e-05	6.213472508236973e-09	1.442378199141618e-06	-1.7635926347626322e-05	-0.0002588828077978	6.70203081732863e-08	3.1102589813890033e-10	0.0	0.0	0.0	0.0	0.0
793.3653954217796	-0.995678399665394	629428.6506527567	0.99137547556024	1224.8558343078375	10.714163872982454	1500271.814837949	114.79330749712236	768.0522192845266	-1.2363933920433965	589904.2115478865	1.528668619888576	800.6928621921734	828.3380493364836	1.123485	24.504784	0.1047016970689412	0.0662524333362296	0.1131316449	-0.0915984682	-0.0926019641	-0.092169835	0.0471961461	-0.0900402774	0.0931414957	0.0624979767	-0.0357605854	0.0170835453	0.0691452786	-0.0225800957	0.1023412813	0.0484749839	0.002914334	0.0807308536	0.0767079275	0.0737757775	-0.0465439679	-0.0707319817	-0.0266976647	0.000102923	0.1693879327	-0.0088226779	0.003621157	-0.1887872784	0.0092972689	0.0747040603	0.1823866754	0.0617859437	0.1114762546	-0.097704792	-0.1521338192	-0.0328907915	-0.039837667	0.0246441726	-0.0594673004	0.105544951	-0.0135695162	-0.1080909173	0.043885921	0.1428741101	0.1077156155	-0.0187630469	0.1712611687	-0.0632856225	-0.0501960004	0.0964148749	-0.1080153466	0.040164436	-0.0480242656	-0.0800708114	-0.0931851064	0.0028960181	-0.0716600524	-0.0197400485	-0.1289542827	0.0693104722	0.0477502566	-0.1295647007	-0.0929171484	-0.1420705742	0.0153349063	0.1662807635	0.1673443779	0.0397528499	0.0035814328	-0.1772138142	0.0809564665	-0.1168867836	-0.098976726	0.046128961	0.0633968222	0.0924004416	-0.0827934068	0.0329546308	-0.1940589214	0.043530558	0.0426993398	-0.1256492077	0.0862310882	0.0615523249	0.0102681621	0.0677380961	0.0944628767	0.085131176	0.0024865794	0.0441709375	-0.072332127	-0.1252357331	-0.1097153847	0.0925392943	0.014677816	0.1014294253	-0.0126414959	-0.0992417423	0.1625086275	0.0339079003	0.0581776267	-0.0809633983	0.1399371631	0.1738936458	0.1778903111	-0.1251271724	0.1134548014	-0.0948006283	0.0703125971	-0.0129593794682989	3.104224717279981e-05	9.636211095371976e-10	0.0001679455162033	-0.0811075204288727	-0.0515270235314774	0.00657842987012	0.0026550341540134	0.1318149166966336	-0.0411517243680847	0.0016934644184668	0.0173751722637404	0.0010764175264637	1.7406504749799875e-05	3.0298640760480557e-10	1.1586746912782302e-06	0.0011410812400571	-5.990926745810007e-05	3.589120327366168e-09	1.302066396410249e-06	0.0001448864398886	0.0001625223662362	2.6413519527022076e-08	2.0992080463592897e-08	0.0	0.0	0.0	0.0	0.0
792.2868294809142	-1.07856594086536	627718.4201689193	1.1633044887947794	1214.8194333681336	-10.03640093970398	1475786.2556888731	100.72934382249096	766.4752557521381	-1.576963532388504	587484.3176803055	2.4868139824832287	798.0088096577972	828.7546230617322	1.097933	23.947472	0.0648698965285419	0.036698138294584	0.1249646348	0.0349013907	0.0496588291	-0.1460715199	-0.1493375202	-0.1206745864	0.0538709945	0.0608134601	-0.0123428894	-0.1788845388	0.0184608309	-0.1566138623	-0.0116878554	0.1081301411	0.0362150066	0.0008178539	0.1218460872	-0.1291488227	0.0070415575	-0.0300859152	0.0250210088	0.1112522146	0.0742670726	-0.1075533803	-0.1110498996	-0.0345005284	0.0794430014	0.0024537375	-0.0342995145	0.1645613471	-0.0207609814	-0.112839386	-0.1007105059	-0.1098797904	0.0880298517	-0.0819688069	-0.106489231	-0.0301601918	0.0958268146	-0.1912850851	-0.2784716004	-0.0516011924	0.1630723488	-0.0710556795	0.0003020383	0.1063600326	0.0761860021	0.0706637134	-0.0791841206	-0.0728723988	-0.0104569077	-0.0461053782	-0.0953264442	-0.1701123453	0.1701851493	-0.0138817262	-0.0988919746	0.0684983352	0.175731613	-0.052518292	0.021273217	-0.1039977764	-0.0686953119	0.1252779113	0.1695998026	0.0034341815	-0.0212148369	0.087488254	-0.0866195442	-0.1112693014	-0.0246169402	0.1894378663	0.0132164856	0.0657257979	-0.0790245149	0.0263323262	0.211187895	-0.0798633995	0.075699044	-0.1319524099	0.0241272228	0.0918425698	0.0491589887	-0.2002118922	0.0733198867	0.0124907597	-0.0135397028	0.0076034375	-0.0407095057	-0.02675615	-0.2112854535	0.0946911629	-0.0409817646	0.0922621724	0.1216392161	-0.1376450562	-0.00265667	-0.0411431144	-0.0886617605	0.102362679	0.0463690168	0.0410111474	-0.1555804794	-0.1259161521	0.1165232592	-0.1013839798	0.0812449131	-0.0131174075917215	-0.0001580281234225	2.4972887792468364e-08	0.0001720663819273	-0.0513112532969728	0.0297962671318999	0.0026328447149061	0.0008878175349955	0.1219225543090942	-0.0098923623875393	9.785883360640404e-05	0.014865109249254	0.0013329207467509	0.0002565032202872	6.57939020177039e-08	1.776677717118977e-06	0.0009261162467735	-0.0002149649932836	4.620994833741819e-08	8.576913025378343e-07	0.0001738830040314	2.899656414280001e-05	8.408007320875154e-10	3.023529909098387e-08	0.0	0.0	0.0	0.0	0.0
793.3943970290918	1.1075675481775988	629474.6692371562	1.2267058737761378	1221.9050165911128	7.085583222979267	1493051.8695705277	50.20548960976525	767.3760649740398	0.9008092219016816	588866.0250950417	0.8114572542631132	798.8637688101003	823.6744027991044	1.060275	23.126083	0.0766925861855864	0.0428675135130763	0.1594994951	0.0318098381	0.0249581563	0.1279200392	-0.116375904	-0.1827912634	-0.0708521912	0.1054706398	-0.0237138914	-0.0725565311	0.0908449753	0.1266470016	0.0155299944	0.1564900554	0.0836333395	-0.1271110959	-0.0689647565	-0.0792455373	-0.0349619814	-0.0383171676	-0.1333528249	0.0250831016	0.0522682538	-0.195365457	-0.1328466557	-0.0164039959	0.0304545388	0.0048745215	-0.1088844308	-0.0117748455	0.1928379979	-0.0109712927	-0.1194863536	-0.0705422087	0.0989219396	-0.0090516851	-0.1384727733	-0.0162908938	0.0481051294	0.0545901964	0.0030852071	-0.0025285368	0.0187310756	-0.0409021021	-0.0973592524	0.2017267031	0.0505693331	-0.0062665097	-0.1296446442	-0.107845688	-0.0017551441	0.0801220335	0.1235246591	-0.0652462672	0.0783940543	-0.002206561	-0.2145903086	0.1309016297	0.0785231924	-0.0370718581	-0.0430978575	-0.1202419519	0.0073939858	0.052424725	0.1320439211	0.0358815373	-0.163963056	0.1619723685	-0.0415641687	0.0912601623	-0.1529552331	0.0380264513	0.0477375354	0.0102942681	-0.0255160561	-0.0305536897	0.1916072236	0.086155461	0.0192189175	-0.1777988975	-0.0648488668	0.0130838443	-0.1484702114	-0.0901356738	0.0432571945	-0.0650910633	-0.042971187	0.0046798883	-0.0840257544	-0.0592045047	-0.1119858868	0.1205486905	-0.0045467257	0.1111625872	0.2709186107	-0.1352614168	0.0922897517	-0.0747143743	0.1103090218	0.0624285462	0.078137107	-0.0235007607	-0.0064666394	-0.1266188352	0.1192723348	-0.1073422654	0.0912870929	-0.0129624842373345	0.0001549233543869	2.4001245734519506e-08	0.0001680259976031	-0.0846419939255724	-0.0333307406285995	0.0071642671356966	0.0011109382708509	0.0979622540330993	-0.0239603002759948	0.0005740959893158	0.0095966032152454	0.0013877957322468	5.487498549589984e-05	3.011264033175218e-09	1.925976994442432e-06	0.0010312721804632	0.0001051559336896	1.105777039015256e-08	1.0635223101973228e-06	0.0003987845233779	0.0002249015193465	5.058069340436411e-08	1.5902909608573886e-07	0.0	0.0	0.0	0.0	0.0
791.4457071469204	-1.9486898821713796	626386.3073612889	3.797392256877104	1219.237765182317	-2.667251408795892	1486540.728046771	7.114230077723668	767.3978579714095	0.0217929973697437	588899.4724191076	0.0004749347343576	800.0894124506748	825.0201908764086	1.022505	22.302279	0.0120390300824896	0.0074708575096307	0.129994955	0.0484355555	0.0410255617	0.0945491416	0.1059785143	-0.1359964599	-0.0879585238	-0.0051895234	-0.0137713436	-0.001391408	0.0359175849	0.0066631679	0.0670219394	0.112752653	-0.0430410911	-0.1282707852	-0.0999918738	0.0152635789	0.0250114216	-0.1353440417	-0.0886589548	0.0470838198	-0.1102858848	-0.3064901869	-0.0697168856	-0.0046175309	-0.0072208006	0.0112664921	-0.1054867507	-0.1469672997	-0.0611080437	0.0238698829	0.024932652	-0.0951854814	0.1044947034	-0.0189792519	0.1004607755	-0.0366453091	-0.1402728954	-0.038003465	0.0448170702	-0.0666626718	0.0081664486	-0.0110124315	0.1065058573	-0.0701380113	0.0124391523	-0.0819101029	-0.1335389154	-0.0022843928	0.0972433362	0.0725885634	0.0726314599	0.0907656106	0.045224684	0.1112114144	-0.1679930619	0.0501145663	0.115420229	0.0796825037	0.1044034369	-0.0440809262	0.0262687773	-0.0868319504	0.1068896098	0.0367354627	-0.1394577229	0.0983200866	-0.0067662499	0.2309723128	0.0089879591	-0.0236202931	0.0412057956	-0.1545237259	0.0660810564	-0.0011994032	0.0210445315	-0.0747567967	0.0326213579	-0.0855280358	-0.1282048189	-0.0186857317	-0.0844333772	0.0375455646	0.1195616233	-0.0188974512	-0.0494201887	0.0017122562	-0.0048980142	-0.1201425349	-0.0852710204	0.1092037717	-0.0671361165	0.0944071342	0.137562484	-0.1090377428	0.0116738969	-0.1270498832	-0.0104003774	-0.0221578724	-0.0281639602	0.0430971991	-0.045578563	-0.1272347401	0.1216944932	-0.1126387502	0.1003291122	-0.0131158206278598	-0.0001533363905253	2.3512048659327324e-08	0.0001720247507421	-0.0845326412914317	0.0001093526341406	0.0071457674437058	1.1957998593507908e-08	0.101087895454313	0.0031256414212137	9.769634294006806e-06	0.0102187626073821	0.0015208027144897	0.0001330069822429	1.7690857325363133e-08	2.31284089639924e-06	0.0009918037860685	-3.946839439469981e-05	1.557754156095571e-09	9.83674750059811e-07	0.0003982459072833	-5.386160945999928e-07	2.901072973621484e-13	1.585998026678988e-07	0.0	0.0	0.0	0.0	0.0
790.8222020541775	-0.6235050927429029	625399.7552618184	0.3887586006763359	1219.216905289587	-0.020859892729959	1486489.8621439177	0.0004351351247053	767.8762324171632	0.4783744457537295	589633.9083111773	0.2288421103501879	800.428591507705	806.1719603839673	1.067862	23.291563	0.0898665334605228	0.052308955834241	-0.0227188737	0.1244536941	0.0055443232	-0.002749853	0.1506710283	-0.0308555054	-0.1178592298	-0.1011750056	-0.0238146806	0.1228143147	-0.0063806995	-0.0269953169	0.0431415458	-0.0249197099	-0.0477266862	-0.145707808	0.0285700377	0.1303460128	0.0400785112	0.0811240748	0.0539456459	0.1493161316	0.0517125437	-0.0342102876	0.0512034218	-0.0344614547	-0.040726686	-0.0863482376	-0.0578783238	0.1637819151	-0.0711282095	-0.0742591492	0.0647263521	-0.0239672818	0.089124282	0.2004115409	0.0169049975	0.0092018398	-0.1136328522	-0.0186613684	0.0840981907	0.1105058493	-0.0608617502	0.1788103572	-0.0325068347	0.0034278448	0.1369654538	-0.0166527054	-0.0254809019	0.0393443418	0.0985632837	0.12761767	-0.0900453638	0.1322159515	0.0233276097	-0.082768224	0.0628334864	0.0869432704	0.0930005914	0.0606553169	-0.0697519375	0.0831177109	-0.0537905651	0.0623484308	0.0444920824	0.1270629167	0.0205798448	-0.041364867	0.0771089493	0.0080607997	-0.054021836	0.0013842375	-0.0106263321	-0.0235320833	0.0637320205	-0.1067106791	0.0220159805	-0.0766817503	-0.1364918745	0.0145530867	-0.1749505879	-0.083509103	0.0764557184	-0.0001903245	0.1280915092	-0.0178765079	0.0518312776	0.0018699897	-0.0387079553	-0.0139861246	0.0128171765	0.0810906887	0.1116111861	-0.0314355966	0.0256667532	-0.0946636802	0.027757266	0.0465460458	0.103268574	-0.0035352443	-0.0676372559	0.0260268179	0.0391802445	-0.1277634447	0.1237830955	-0.1172407796	0.1082719048	-0.0155061517905892	-0.0023903311627293	5.713683067515278e-06	0.0002404407433527	-0.0416507721357959	0.0428818691556358	0.0017347868195079	0.001838854702281	0.0746466481693204	-0.0264412472849926	0.0006991395579861	0.0055721220829143	0.0016488938324892	0.0001280911179995	1.6407334510361842e-08	2.718850870820922e-06	0.0010371730284446	4.536924237609984e-05	2.0583681537812932e-09	1.075727890932943e-06	0.0002086445505156	-0.0001896013567677	3.5948674488152666e-08	4.3532548459856766e-08	0.0	0.0	0.0	0.0	0.0
790.4742404013643	-0.3479616528131828	624849.524738114	0.1210773118284819	1215.5319422265436	-3.6849630630433694	1477517.9025730332	13.57895277599397	767.6024841025014	-0.273748314661816	589213.573600331	0.0749381397801846	799.260145650578	806.9486009045651	1.014764	22.133436	0.040174708588774	0.027788855279812	-0.1081007661	0.0874912257	0.1147494054	-0.0298819463	-0.0147459669	0.1023391164	-0.0874237051	-0.0716171715	0.0014091954	0.0364302037	-0.0401317322	-0.0091937684	-0.0046508828	-0.0793441825	-0.0135197696	-0.0962518939	0.0458019696	-0.0788523106	0.1412949223	0.1115383567	0.1387859326	0.0293036388	0.0492563995	0.0460542074	0.0497681803	0.1517511952	-0.0524370525	-0.1151337268	0.1124062849	0.0348697201	-0.1279378778	-0.023986459	0.0509787763	0.1088050062	-0.0062964204	0.1365768784	0.0438221332	-0.1461318752	-0.04210956	-0.1027503097	-0.0978255496	0.0693128627	-0.1138568958	-0.1405655644	0.0651471872	-0.0301846678	0.0140166412	0.1460064634	0.0607049195	0.0479316044	0.0572746286	0.1231577184	-0.0283279901	0.0234201163	0.1629050583	-0.0799664649	0.1803762544	-0.0339144303	0.0525982238	0.0594761174	-0.0057450073	0.1500335085	-0.0953108136	-0.050116728	0.061993594	0.0398453554	0.1060062724	-0.1678003856	-0.0165894241	-0.0750250411	-0.0220219522	0.0436942862	0.0553894658	0.0928973987	0.0287992429	0.1650065573	-0.1074108361	-0.0306510945	-0.1763108453	0.0979850859	-0.1317067044	-0.1112359873	0.0532799074	-0.1748651286	0.1129861534	-0.050483989	-0.0152835287	-0.01455407	0.0004465775	0.1121516618	0.0374614307	0.0192607161	0.0107555543	-0.0912438347	-0.0900923313	0.0508753359	-0.0156846819	0.021638127	-0.0894292877	0.0125115798	-0.1338239663	-0.072005363	-0.0787423061	-0.1282045865	0.1255324169	-0.1211199807	0.1150284477	-0.0130850961751747	0.0024210556154144	5.861510292930078e-06	0.0001712197419135	-0.0152187876370533	0.0264319844987425	0.0002316114971417	0.0006986498045417	0.0677225949760185	-0.0069240531933019	4.7942512623674266e-05	0.0045863498702858	0.001661876294707	1.2982462217799985e-05	1.6854432523660406e-10	2.7618328189090677e-06	0.0010906932697163	5.352024127170015e-05	2.8644162257809954e-09	1.1896118086044337e-06	0.0002300941526524	2.1449602136799996e-05	4.600854318270148e-10	5.2943319084825954e-08	0.0	0.0	0.0	0.0	0.0
791.7806564831653	1.3064160818009896	626916.6079809123	1.70672297878825	1229.4985605380878	13.966618311544153	1511666.7103652298	195.06642706036044	768.0975041311071	0.4950200286057225	589973.7758524362	0.2450448287208103	799.9641738906395	808.0474944114685	1.028509	22.433224	0.0308416726672877	0.0203755729297294	-0.104600266	-0.0215468264	0.0305158506	0.1567640243	0.0342838145	0.1244294018	-0.0493022216	0.0216205917	-0.0420861518	0.0074732587	0.1910500998	0.0912991463	0.0320267622	-0.111667461	0.0218601803	-0.0817057517	-0.1481827099	-0.0283093566	0.0805644355	0.0519965718	0.1096545884	0.1090676109	0.0532769583	0.1168716994	0.0623639349	-0.0970273952	-0.1151896075	-0.0033605631	0.0697447035	0.0773261793	-0.1009350382	0.0702180711	-0.0244914386	0.0181436041	-0.2948825472	-0.0369767831	0.0154298459	-0.0517437851	-0.0490158233	-0.0055408027	0.1239777361	-0.1204956396	-0.0470000373	-0.0033523587	-0.0756264368	-0.0180786725	-0.0350334725	-0.0700819307	0.0580405387	0.0861731769	-0.0074816507	0.0902608535	0.1486327593	0.0981456223	0.0528811783	-0.1676694446	0.1309021251	-0.0023295835	0.0893365048	0.0316955631	-0.0752940362	0.0605717605	0.0175239539	-0.0666961725	-0.1275954289	0.0810400562	0.1009045765	-0.1004228494	-0.0353221269	-0.1199856877	0.1055630027	-0.1147285265	-0.0395182464	0.0228023711	-0.1096972458	0.0193077773	-0.0514100525	0.1330586288	0.0477301747	0.0738637287	-0.1046911243	-0.2119749329	-0.1027304598	-0.0405249019	0.0728426209	-0.0569013403	0.0286511805	0.0441114807	-0.0190531366	0.0315672657	0.1518188027	0.0201726697	0.1152237736	-0.0770199431	-0.060372234	-0.0160157005	-0.1289524771	0.0200758533	-0.0180058271	0.1400694304	-0.0211459838	-0.068278505	0.032332685	-0.1285578634	0.1269376627	-0.1242524367	0.1205247148	-0.0178937172499189	-0.0048086210747442	2.312283664047408e-05	0.00032018511702	-0.0335301418530207	-0.0183113542159674	0.0011242704126836	0.0003353056932226	0.0676964545009823	-2.6140475036198763e-05	6.833244351181307e-10	0.0045828099520035	0.0015608908815327	-0.0001009854131742	1.0198053673984072e-08	2.4363803440519294e-06	0.0011121568969998	2.146362728349988e-05	4.606872961650003e-10	1.2368929635442235e-06	0.0001986320550794	-3.1462097573000004e-05	9.898635836929726e-10	3.9454693305065794e-08	0.0	0.0	0.0	0.0	0.0
791.6627967995261	-0.1178596836392671	626729.9838364477	0.0138909050275481	1225.356442581355	-4.142117956732818	1501498.4113756334	17.157141167488458	767.6211680916056	-0.4763360395015752	589242.2577023209	0.2268960225280462	800.0217785486249	810.307969296606	1.00472	21.91436	0.0328778711490275	0.0169401194495817	-0.0827708273	0.0228042042	0.0112471026	-0.0662617656	0.0842093513	0.1293798278	0.0180940635	0.0225552248	0.0593545066	0.0135847954	0.1424648524	-0.1282934277	-0.0008189632	-0.0980200599	0.0099012028	-0.0504368865	-0.0156792042	0.1254071772	0.081352577	-0.0537970084	0.1014149324	0.0452987817	-0.048491009	-0.0341335242	-0.0771938942	0.1250811351	-0.1907098995	0.1005505013	-0.0627163656	0.152913016	-0.0690813861	0.0059281287	0.0043989362	0.1539674538	0.0659100276	-0.0702800918	0.0495025306	0.053685821	-0.0478624461	0.082166536	0.03381645	-0.0526115925	-0.0434544714	0.1021011447	-0.0172610699	-0.0365458625	-0.0877487723	0.1061421218	0.0765329452	0.0568648403	-0.011019674	0.0744988676	-0.0740212907	0.1529223898	0.0057147094	-0.1341976741	0.0415389808	-0.0141491995	0.1061850684	0.0314089555	0.0065938111	0.0884443737	-0.0090702571	-0.1680069515	-0.1428757467	-0.0421799009	0.0253845103	-0.0789625649	-0.0928181162	0.0125895754	-0.0230179607	0.0195663525	-0.1614745474	-0.0097510657	0.070237304	-0.0092579037	0.0582687921	-0.0209523996	0.1249906854	0.0832350733	-0.0931168126	-0.1580322404	0.1037127211	0.0047252592	0.1536213445	0.0259250943	-0.0305062243	-0.0197991232	-0.0889536437	0.0883946012	0.1881059691	-0.0661347131	0.0515606565	0.0984189912	-0.1392266141	0.0145941284	0.0664048843	0.0690746396	0.0640500814	-0.0698942508	-0.0434230547	0.0249868721	-0.0373670045	-0.1288230331	0.1279949812	-0.1266188352	0.124700488	-0.0200221071514477	-0.0021283899015287	4.530043572929764e-06	0.000400884774784	-0.0468955799153008	-0.01336543806228	0.0021991954155923	0.0001786349345966	0.067733254316721	3.679981573870284e-05	1.3542264384024806e-09	0.0045877937403336	0.0016397667695633	7.887588803059996e-05	6.221405712615742e-09	2.6888350585640607e-06	0.0011808254944039	6.866859740409996e-05	4.715376269446363e-09	1.3943488482342149e-06	0.0003980324370343	0.0001994003819549	3.9760512323760025e-08	1.58429820931464e-07	0.0	0.0	0.0	0.0	0.0
792.9232308788901	1.2604340793640176	628727.2500674176	1.5886940684222186	1224.6489931692872	-0.7074494120677173	1499765.1564705488	0.5004846706349588	767.4196565094976	-0.2015115821079689	588932.9291971553	0.0406069177236567	799.2962843339766	811.4928483461078	0.966693	21.084942	0.039423599472878	0.0222762595847344	-0.0949774457	0.0343334769	0.0902643574	0.0335570038	-0.089974482	0.1129833844	-0.0484995648	0.0485766279	0.0142352732	-0.0288748497	0.1207390811	0.0078648059	0.0028826114	-0.0783611895	-0.0164676718	-0.0512853135	-0.0117724651	-0.010007276	0.0971821949	0.078960859	0.0546723757	0.0881474571	-0.0198612349	0.0207184023	-0.0708014354	0.0537601513	-0.0941847354	0.0095026615	0.0629625297	-0.090784604	-0.1534777445	-0.0296220332	0.0891638283	0.0484938768	0.0055718763	-0.1251068811	-0.0138827841	-0.0245064817	0.0229101799	0.1320198756	-0.01674678	-0.0784679954	-0.0161463954	0.0367791641	-0.0237204343	-0.0797102898	-0.0796784609	-0.0519498231	0.0762596496	0.0508203997	-0.0111037124	0.0944742222	0.0332911248	0.0029508728	0.0647452913	-0.1434364626	0.125689855	-0.0125828582	0.0129080295	0.1093987656	-0.0039986915	0.0448108558	-0.0456773289	-0.1099368407	-0.0423028941	-0.0790377831	0.0266061891	-0.0794227827	-0.0005208321	0.1293145971	0.0792511821	-0.0473060234	0.0346239177	-0.0866666333	0.0188085048	0.0159612881	0.059184484	-0.0518292633	0.070498796	0.0832098497	-0.1223777472	-0.1429595925	0.0003937159	-0.1389717035	0.0371373323	0.0273851525	0.0110732182	-0.0094939054	-0.0343532384	0.1638071347	0.1818916666	0.0248623158	0.0293123907	-0.1610028245	-0.1242679816	0.1659491336	0.0550714392	0.0463133894	-0.0867144439	-0.0182111468	0.0480229974	0.0127044351	-0.0221832957	-0.1289999139	0.1287014744	-0.1282045865	0.1275100165	-0.0175432887728845	0.0024788183785631	6.144540553902686e-06	0.0003077669809688	-0.0265977322848556	0.0202978476304452	0.0007074393626968	0.0004120026184287	0.0646202274014413	-0.0031130269152797	9.69093657525587e-06	0.0041757737894139	0.0015037919982505	-0.0001359747713127	1.8489138433568245e-08	2.261390374002232e-06	0.0010463028585032	-0.0001345226359006	1.809633956967228e-08	1.0947496717119674e-06	0.0003982131607926	1.807237582999977e-07	3.266107681407599e-14	1.585737214284331e-07	0.0	0.0	0.0	0.0	0.0
792.7720501373317	-0.1511807415583916	628487.5234789479	0.0228556166181452	1225.351981612031	0.7029884427438446	1501487.4788405313	0.4941927506314157	767.6287097617334	0.2090532522357762	589253.8360504635	0.043703262270355	798.6143044579451	814.1269878287064	0.963312	21.011185	0.084981737486703	0.0389962306303856	-0.0446532118	-0.0340157382	0.0307697354	0.0508911168	0.0403873743	0.1032029974	-0.0294036712	0.0908324695	0.0034151276	-0.0084596001	0.1723916166	-0.0418571483	0.0089094791	-0.0659455767	-0.0136091153	-0.0057401543	-0.0801645508	0.0423693445	0.0425059212	-0.0456340186	0.0008139652	0.040800621	0.1540499646	0.0661646011	-0.0949356697	0.0350371445	-0.027041945	-0.062603308	-0.0301932297	-0.0443526547	0.0040372387	0.1956734746	0.0528142553	-0.0545438045	-0.0734068569	-0.1310849209	-0.0658850171	0.0500995362	0.0869008773	0.012265314	0.0650745867	0.0177692671	-0.0019245407	0.1240725371	0.0163337458	0.0628321609	-0.0061864207	-0.0858370521	0.0442714322	0.0480491018	-0.0232325931	0.0232772863	0.0811451907	0.0650436842	-0.0137005489	-0.1101822675	0.0299891195	-0.1004579662	0.016763796	0.0081990861	-0.0483122793	-0.0091162173	0.0504941198	-0.1956848774	0.0675555285	-0.0323314329	0.0734164181	0.0585727724	-0.0304086606	-0.044489681	0.0639461551	-0.0631926834	-0.0027606834	-0.0032260032	-0.0486357814	-0.0741322909	-0.0206810875	-0.1036900724	0.1368043692	0.069134968	-0.0628526291	-0.1169861622	-0.0213396048	0.0236567354	-0.1972678285	0.096948369	-0.0118895106	0.079161793	0.0023313181	0.0046514263	0.3736061853	0.0813940824	-0.0351214403	0.0044993108	0.0008350049	-0.0911312619	-0.010945396	-0.0730250772	-0.0866610564	0.1191707467	0.0417338769	-0.0303799795	0.0877646061	-0.1290883846	0.1290552057	-0.1289999139	0.1289225186	-0.0247580693467597	-0.0072147805738752	5.205305872916698e-05	0.0006129619977789	-0.0075966950108039	0.0190010372740517	5.770977508717286e-05	0.0003610394174899	0.0607544184283241	-0.0038658089731171	1.4944479016633431e-05	0.0036910993585638	0.0018210302471003	0.0003172382488498	1.0064010653328762e-07	3.31615116085418e-06	0.0007429285107365	-0.0003033743477667	9.203599488287064e-08	5.519427720651538e-07	-7.917645590407938e-05	-0.0004773896166966	2.279008461298025e-07	6.268911169530627e-09	0.0	0.0	0.0	0.0	0.0
