
Tue Mar 10 07:46:32 CET 2026
cd /out/sourcedata/freesurfer/sub-v1s6x0051372_ses-1
setenv SUBJECTS_DIR /out/sourcedata/freesurfer
/opt/freesurfer/bin/recon-all -autorecon-hemi lh -noparcstats -noparcstats2 -noparcstats3 -nohyporelabel -nobalabels -lh-only -openmp 16 -subjid sub-v1s6x0051372_ses-1 -sd /out/sourcedata/freesurfer

subjid sub-v1s6x0051372_ses-1
setenv SUBJECTS_DIR /out/sourcedata/freesurfer
FREESURFER_HOME /opt/freesurfer
Actual FREESURFER_HOME /opt/freesurfer
build-stamp.txt: freesurfer-linux-ubuntu22_x86_64-7.3.2-20220804-6354275
Linux dna059 5.14.0-427.37.1.el9_4.x86_64 #1 SMP PREEMPT_DYNAMIC Fri Sep 13 12:41:50 EDT 2024 x86_64 x86_64 x86_64 GNU/Linux
cputime      unlimited
filesize     unlimited
datasize     unlimited
stacksize    8192 kbytes
coredumpsize 0 kbytes
memoryuse    67108864 kbytes
vmemoryuse   unlimited
descriptors  1024 
memorylocked unlimited
maxproc      2061970 
maxlocks     unlimited
maxsignal    2061970 
maxmessage   819200 
maxnice      0 
maxrtprio    0 
maxrttime    unlimited

               total        used        free      shared  buff/cache   available
Mem:           503Gi        48Gi       407Gi        12Gi        47Gi       439Gi
Swap:             0B          0B          0B

########################################
program versions used
7.3.2 (freesurfer-linux-ubuntu22_x86_64-7.3.2-20220804-6354275)
7.3.2

ProgramName: lta_convert  ProgramArguments: lta_convert -all-info  ProgramVersion: 7.3.2  TimeStamp: 2026/03/10-06:46:32-GMT  BuildTime: Aug  4 2022 06:17:15  BuildStamp: freesurfer-linux-ubuntu22_x86_64-7.3.2-20220804-6354275  User: oesteban  Machine: dna059  Platform: Linux  PlatformVersion: 5.14.0-427.37.1.el9_4.x86_64  CompilerName: GCC  CompilerVersion: 8.4.0
ProgramName: mri_and  ProgramArguments: mri_and -all-info  ProgramVersion: 7.3.2  TimeStamp: 2026/03/10-06:46:32-GMT  BuildTime: Aug  4 2022 06:17:15  BuildStamp: freesurfer-linux-ubuntu22_x86_64-7.3.2-20220804-6354275  User: oesteban  Machine: dna059  Platform: Linux  PlatformVersion: 5.14.0-427.37.1.el9_4.x86_64  CompilerName: GCC  CompilerVersion: 8.4.0
ProgramName: mri_annotation2label  ProgramArguments: mri_annotation2label -all-info  ProgramVersion: 7.3.2  TimeStamp: 2026/03/10-06:46:32-GMT  BuildTime: Aug  4 2022 06:17:15  BuildStamp: freesurfer-linux-ubuntu22_x86_64-7.3.2-20220804-6354275  User: oesteban  Machine: dna059  Platform: Linux  PlatformVersion: 5.14.0-427.37.1.el9_4.x86_64  CompilerName: GCC  CompilerVersion: 8.4.0
ProgramName: mri_aparc2aseg  ProgramArguments: mri_aparc2aseg -all-info  ProgramVersion: 7.3.2  TimeStamp: 2026/03/10-06:46:32-GMT  BuildTime: Aug  4 2022 06:17:15  BuildStamp: freesurfer-linux-ubuntu22_x86_64-7.3.2-20220804-6354275  User: oesteban  Machine: dna059  Platform: Linux  PlatformVersion: 5.14.0-427.37.1.el9_4.x86_64  CompilerName: GCC  CompilerVersion: 8.4.0
ProgramName: mri_surf2volseg  ProgramArguments: mri_surf2volseg -all-info  ProgramVersion: 7.3.2  TimeStamp: 2026/03/10-06:46:32-GMT  BuildTime: Aug  4 2022 06:17:15  BuildStamp: freesurfer-linux-ubuntu22_x86_64-7.3.2-20220804-6354275  User: oesteban  Machine: dna059  Platform: Linux  PlatformVersion: 5.14.0-427.37.1.el9_4.x86_64  CompilerName: GCC  CompilerVersion: 8.4.0
ProgramName: mri_binarize  ProgramArguments: mri_binarize -all-info  ProgramVersion: 7.3.2  TimeStamp: 2026/03/10-06:46:32-GMT  BuildTime: Aug  4 2022 06:17:15  BuildStamp: freesurfer-linux-ubuntu22_x86_64-7.3.2-20220804-6354275  User: oesteban  Machine: dna059  Platform: Linux  PlatformVersion: 5.14.0-427.37.1.el9_4.x86_64  CompilerName: GCC  CompilerVersion: 8.4.0
ProgramName: mri_ca_label  ProgramArguments: mri_ca_label -all-info  ProgramVersion: 7.3.2  TimeStamp: 2026/03/10-06:46:32-GMT  BuildTime: Aug  4 2022 06:17:15  BuildStamp: freesurfer-linux-ubuntu22_x86_64-7.3.2-20220804-6354275  User: oesteban  Machine: dna059  Platform: Linux  PlatformVersion: 5.14.0-427.37.1.el9_4.x86_64  CompilerName: GCC  CompilerVersion: 8.4.0
ProgramName: mri_ca_normalize  ProgramArguments: mri_ca_normalize -all-info  ProgramVersion: 7.3.2  TimeStamp: 2026/03/10-06:46:32-GMT  BuildTime: Aug  4 2022 06:17:15  BuildStamp: freesurfer-linux-ubuntu22_x86_64-7.3.2-20220804-6354275  User: oesteban  Machine: dna059  Platform: Linux  PlatformVersion: 5.14.0-427.37.1.el9_4.x86_64  CompilerName: GCC  CompilerVersion: 8.4.0
ProgramName: mri_ca_register  ProgramArguments: mri_ca_register -all-info  ProgramVersion: 7.3.2  TimeStamp: 2026/03/10-06:46:32-GMT  BuildTime: Aug  4 2022 06:17:15  BuildStamp: freesurfer-linux-ubuntu22_x86_64-7.3.2-20220804-6354275  User: oesteban  Machine: dna059  Platform: Linux  PlatformVersion: 5.14.0-427.37.1.el9_4.x86_64  CompilerName: GCC  CompilerVersion: 8.4.0
ProgramName: mri_cc  ProgramArguments: mri_cc -all-info  ProgramVersion: 7.3.2  TimeStamp: 2026/03/10-06:46:32-GMT  BuildTime: Aug  4 2022 06:17:15  BuildStamp: freesurfer-linux-ubuntu22_x86_64-7.3.2-20220804-6354275  User: oesteban  Machine: dna059  Platform: Linux  PlatformVersion: 5.14.0-427.37.1.el9_4.x86_64  CompilerName: GCC  CompilerVersion: 8.4.0
ProgramName: mri_compute_overlap  ProgramArguments: mri_compute_overlap -all-info  ProgramVersion: 7.3.2  TimeStamp: 2026/03/10-06:46:32-GMT  BuildTime: Aug  4 2022 06:17:15  BuildStamp: freesurfer-linux-ubuntu22_x86_64-7.3.2-20220804-6354275  User: oesteban  Machine: dna059  Platform: Linux  PlatformVersion: 5.14.0-427.37.1.el9_4.x86_64  CompilerName: GCC  CompilerVersion: 8.4.0
ProgramName: mri_compute_seg_overlap  ProgramArguments: mri_compute_seg_overlap -all-info  ProgramVersion: 7.3.2  TimeStamp: 2026/03/10-06:46:32-GMT  BuildTime: Aug  4 2022 06:17:15  BuildStamp: freesurfer-linux-ubuntu22_x86_64-7.3.2-20220804-6354275  User: oesteban  Machine: dna059  Platform: Linux  PlatformVersion: 5.14.0-427.37.1.el9_4.x86_64  CompilerName: GCC  CompilerVersion: 8.4.0
ProgramName: mri_concat  ProgramArguments: mri_concat -all-info  ProgramVersion: 7.3.2  TimeStamp: 2026/03/10-06:46:32-GMT  BuildTime: Aug  4 2022 06:17:15  BuildStamp: freesurfer-linux-ubuntu22_x86_64-7.3.2-20220804-6354275  User: oesteban  Machine: dna059  Platform: Linux  PlatformVersion: 5.14.0-427.37.1.el9_4.x86_64  CompilerName: GCC  CompilerVersion: 8.4.0
ProgramName: mri_concatenate_lta  ProgramArguments: mri_concatenate_lta -all-info  ProgramVersion: 7.3.2  TimeStamp: 2026/03/10-06:46:32-GMT  BuildTime: Aug  4 2022 06:17:15  BuildStamp: freesurfer-linux-ubuntu22_x86_64-7.3.2-20220804-6354275  User: oesteban  Machine: dna059  Platform: Linux  PlatformVersion: 5.14.0-427.37.1.el9_4.x86_64  CompilerName: GCC  CompilerVersion: 8.4.0
mri_convert -all-info 
ProgramName: mri_convert  ProgramArguments: mri_convert -all-info  ProgramVersion: 7.3.2  TimeStamp: 2026/03/10-06:46:32-GMT  BuildTime: Aug  4 2022 06:17:15  BuildStamp: freesurfer-linux-ubuntu22_x86_64-7.3.2-20220804-6354275  User: oesteban  Machine: dna059  Platform: Linux  PlatformVersion: 5.14.0-427.37.1.el9_4.x86_64  CompilerName: GCC  CompilerVersion: 8.4.0
ProgramName: mri_diff  ProgramArguments: mri_diff -all-info  ProgramVersion: 7.3.2  TimeStamp: 2026/03/10-06:46:32-GMT  BuildTime: Aug  4 2022 06:17:15  BuildStamp: freesurfer-linux-ubuntu22_x86_64-7.3.2-20220804-6354275  User: oesteban  Machine: dna059  Platform: Linux  PlatformVersion: 5.14.0-427.37.1.el9_4.x86_64  CompilerName: GCC  CompilerVersion: 8.4.0
ProgramName: mri_edit_wm_with_aseg  ProgramArguments: mri_edit_wm_with_aseg -all-info  ProgramVersion: 7.3.2  TimeStamp: 2026/03/10-06:46:32-GMT  BuildTime: Aug  4 2022 06:17:15  BuildStamp: freesurfer-linux-ubuntu22_x86_64-7.3.2-20220804-6354275  User: oesteban  Machine: dna059  Platform: Linux  PlatformVersion: 5.14.0-427.37.1.el9_4.x86_64  CompilerName: GCC  CompilerVersion: 8.4.0
ProgramName: mri_em_register  ProgramArguments: mri_em_register -all-info  ProgramVersion: 7.3.2  TimeStamp: 2026/03/10-06:46:32-GMT  BuildTime: Aug  4 2022 06:17:15  BuildStamp: freesurfer-linux-ubuntu22_x86_64-7.3.2-20220804-6354275  User: oesteban  Machine: dna059  Platform: Linux  PlatformVersion: 5.14.0-427.37.1.el9_4.x86_64  CompilerName: GCC  CompilerVersion: 8.4.0
ProgramName: mri_fill  ProgramArguments: mri_fill -all-info  ProgramVersion: 7.3.2  TimeStamp: 2026/03/10-06:46:32-GMT  BuildTime: Aug  4 2022 06:17:15  BuildStamp: freesurfer-linux-ubuntu22_x86_64-7.3.2-20220804-6354275  User: oesteban  Machine: dna059  Platform: Linux  PlatformVersion: 5.14.0-427.37.1.el9_4.x86_64  CompilerName: GCC  CompilerVersion: 8.4.0
ProgramName: mri_fuse_segmentations  ProgramArguments: mri_fuse_segmentations -all-info  ProgramVersion: 7.3.2  TimeStamp: 2026/03/10-06:46:32-GMT  BuildTime: Aug  4 2022 06:17:15  BuildStamp: freesurfer-linux-ubuntu22_x86_64-7.3.2-20220804-6354275  User: oesteban  Machine: dna059  Platform: Linux  PlatformVersion: 5.14.0-427.37.1.el9_4.x86_64  CompilerName: GCC  CompilerVersion: 8.4.0
ProgramName: mri_fwhm  ProgramArguments: mri_fwhm -all-info  ProgramVersion: 7.3.2  TimeStamp: 2026/03/10-06:46:32-GMT  BuildTime: Aug  4 2022 06:17:15  BuildStamp: freesurfer-linux-ubuntu22_x86_64-7.3.2-20220804-6354275  User: oesteban  Machine: dna059  Platform: Linux  PlatformVersion: 5.14.0-427.37.1.el9_4.x86_64  CompilerName: GCC  CompilerVersion: 8.4.0
ProgramName: mri_gcut  ProgramArguments: mri_gcut -all-info  ProgramVersion: 7.3.2  TimeStamp: 2026/03/10-06:46:32-GMT  BuildTime: Aug  4 2022 06:17:15  BuildStamp: freesurfer-linux-ubuntu22_x86_64-7.3.2-20220804-6354275  User: oesteban  Machine: dna059  Platform: Linux  PlatformVersion: 5.14.0-427.37.1.el9_4.x86_64  CompilerName: GCC  CompilerVersion: 8.4.0
ProgramName: mri_info  ProgramArguments: mri_info -all-info  ProgramVersion: 7.3.2  TimeStamp: 2026/03/10-06:46:32-GMT  BuildTime: Aug  4 2022 06:17:15  BuildStamp: freesurfer-linux-ubuntu22_x86_64-7.3.2-20220804-6354275  User: oesteban  Machine: dna059  Platform: Linux  PlatformVersion: 5.14.0-427.37.1.el9_4.x86_64  CompilerName: GCC  CompilerVersion: 8.4.0
ProgramName: mri_label2label  ProgramArguments: mri_label2label -all-info  ProgramVersion: 7.3.2  TimeStamp: 2026/03/10-06:46:32-GMT  BuildTime: Aug  4 2022 06:17:15  BuildStamp: freesurfer-linux-ubuntu22_x86_64-7.3.2-20220804-6354275  User: oesteban  Machine: dna059  Platform: Linux  PlatformVersion: 5.14.0-427.37.1.el9_4.x86_64  CompilerName: GCC  CompilerVersion: 8.4.0
ProgramName: mri_label2vol  ProgramArguments: mri_label2vol -all-info  ProgramVersion: 7.3.2  TimeStamp: 2026/03/10-06:46:32-GMT  BuildTime: Aug  4 2022 06:17:15  BuildStamp: freesurfer-linux-ubuntu22_x86_64-7.3.2-20220804-6354275  User: oesteban  Machine: dna059  Platform: Linux  PlatformVersion: 5.14.0-427.37.1.el9_4.x86_64  CompilerName: GCC  CompilerVersion: 8.4.0
ProgramName: mri_log_likelihood  ProgramArguments: mri_log_likelihood -all-info  ProgramVersion: 7.3.2  TimeStamp: 2026/03/10-06:46:32-GMT  BuildTime: Aug  4 2022 06:17:15  BuildStamp: freesurfer-linux-ubuntu22_x86_64-7.3.2-20220804-6354275  User: oesteban  Machine: dna059  Platform: Linux  PlatformVersion: 5.14.0-427.37.1.el9_4.x86_64  CompilerName: GCC  CompilerVersion: 8.4.0
ProgramName: mri_mask  ProgramArguments: mri_mask -all-info  ProgramVersion: 7.3.2  TimeStamp: 2026/03/10-06:46:32-GMT  BuildTime: Aug  4 2022 06:17:15  BuildStamp: freesurfer-linux-ubuntu22_x86_64-7.3.2-20220804-6354275  User: oesteban  Machine: dna059  Platform: Linux  PlatformVersion: 5.14.0-427.37.1.el9_4.x86_64  CompilerName: GCC  CompilerVersion: 8.4.0
ProgramName: mri_matrix_multiply  ProgramArguments: mri_matrix_multiply -all-info  ProgramVersion: 7.3.2  TimeStamp: 2026/03/10-06:46:32-GMT  BuildTime: Aug  4 2022 06:17:15  BuildStamp: freesurfer-linux-ubuntu22_x86_64-7.3.2-20220804-6354275  User: oesteban  Machine: dna059  Platform: Linux  PlatformVersion: 5.14.0-427.37.1.el9_4.x86_64  CompilerName: GCC  CompilerVersion: 8.4.0
ProgramName: mri_normalize  ProgramArguments: mri_normalize -all-info  ProgramVersion: 7.3.2  TimeStamp: 2026/03/10-06:46:32-GMT  BuildTime: Aug  4 2022 06:17:15  BuildStamp: freesurfer-linux-ubuntu22_x86_64-7.3.2-20220804-6354275  User: oesteban  Machine: dna059  Platform: Linux  PlatformVersion: 5.14.0-427.37.1.el9_4.x86_64  CompilerName: GCC  CompilerVersion: 8.4.0
ProgramName: mri_normalize_tp2  ProgramArguments: mri_normalize_tp2 -all-info  ProgramVersion: 7.3.2  TimeStamp: 2026/03/10-06:46:32-GMT  BuildTime: Aug  4 2022 06:17:15  BuildStamp: freesurfer-linux-ubuntu22_x86_64-7.3.2-20220804-6354275  User: oesteban  Machine: dna059  Platform: Linux  PlatformVersion: 5.14.0-427.37.1.el9_4.x86_64  CompilerName: GCC  CompilerVersion: 8.4.0
ProgramName: mri_or  ProgramArguments: mri_or -all-info  ProgramVersion: 7.3.2  TimeStamp: 2026/03/10-06:46:32-GMT  BuildTime: Aug  4 2022 06:17:15  BuildStamp: freesurfer-linux-ubuntu22_x86_64-7.3.2-20220804-6354275  User: oesteban  Machine: dna059  Platform: Linux  PlatformVersion: 5.14.0-427.37.1.el9_4.x86_64  CompilerName: GCC  CompilerVersion: 8.4.0
ProgramName: mri_relabel_hypointensities  ProgramArguments: mri_relabel_hypointensities -all-info  ProgramVersion: 7.3.2  TimeStamp: 2026/03/10-06:46:32-GMT  BuildTime: Aug  4 2022 06:17:15  BuildStamp: freesurfer-linux-ubuntu22_x86_64-7.3.2-20220804-6354275  User: oesteban  Machine: dna059  Platform: Linux  PlatformVersion: 5.14.0-427.37.1.el9_4.x86_64  CompilerName: GCC  CompilerVersion: 8.4.0
ProgramName: mri_relabel_nonwm_hypos  ProgramArguments: mri_relabel_nonwm_hypos -all-info  ProgramVersion: 7.3.2  TimeStamp: 2026/03/10-06:46:32-GMT  BuildTime: Aug  4 2022 06:17:15  BuildStamp: freesurfer-linux-ubuntu22_x86_64-7.3.2-20220804-6354275  User: oesteban  Machine: dna059  Platform: Linux  PlatformVersion: 5.14.0-427.37.1.el9_4.x86_64  CompilerName: GCC  CompilerVersion: 8.4.0
ProgramName: mri_remove_neck  ProgramArguments: mri_remove_neck -all-info  ProgramVersion: 7.3.2  TimeStamp: 2026/03/10-06:46:32-GMT  BuildTime: Aug  4 2022 06:17:15  BuildStamp: freesurfer-linux-ubuntu22_x86_64-7.3.2-20220804-6354275  User: oesteban  Machine: dna059  Platform: Linux  PlatformVersion: 5.14.0-427.37.1.el9_4.x86_64  CompilerName: GCC  CompilerVersion: 8.4.0
7.3.2

ProgramName: mri_robust_register  ProgramArguments: mri_robust_register -all-info  ProgramVersion: 7.3.2  TimeStamp: 2026/03/10-06:46:32-GMT  BuildTime: Aug  4 2022 06:17:15  BuildStamp: freesurfer-linux-ubuntu22_x86_64-7.3.2-20220804-6354275  User: oesteban  Machine: dna059  Platform: Linux  PlatformVersion: 5.14.0-427.37.1.el9_4.x86_64  CompilerName: GCC  CompilerVersion: 8.4.0
7.3.2

ProgramName: mri_robust_template  ProgramArguments: mri_robust_template -all-info  ProgramVersion: 7.3.2  TimeStamp: 2026/03/10-06:46:32-GMT  BuildTime: Aug  4 2022 06:17:15  BuildStamp: freesurfer-linux-ubuntu22_x86_64-7.3.2-20220804-6354275  User: oesteban  Machine: dna059  Platform: Linux  PlatformVersion: 5.14.0-427.37.1.el9_4.x86_64  CompilerName: GCC  CompilerVersion: 8.4.0
ProgramName: mris_anatomical_stats  ProgramArguments: mris_anatomical_stats -all-info  ProgramVersion: 7.3.2  TimeStamp: 2026/03/10-06:46:32-GMT  BuildTime: Aug  4 2022 06:17:15  BuildStamp: freesurfer-linux-ubuntu22_x86_64-7.3.2-20220804-6354275  User: oesteban  Machine: dna059  Platform: Linux  PlatformVersion: 5.14.0-427.37.1.el9_4.x86_64  CompilerName: GCC  CompilerVersion: 8.4.0
ProgramName: mris_ca_label  ProgramArguments: mris_ca_label -all-info  ProgramVersion: 7.3.2  TimeStamp: 2026/03/10-06:46:32-GMT  BuildTime: Aug  4 2022 06:17:15  BuildStamp: freesurfer-linux-ubuntu22_x86_64-7.3.2-20220804-6354275  User: oesteban  Machine: dna059  Platform: Linux  PlatformVersion: 5.14.0-427.37.1.el9_4.x86_64  CompilerName: GCC  CompilerVersion: 8.4.0
ProgramName: mris_calc  ProgramArguments: mris_calc -all-info  ProgramVersion: 7.3.2  TimeStamp: 2026/03/10-06:46:32-GMT  BuildTime: Aug  4 2022 06:17:15  BuildStamp: freesurfer-linux-ubuntu22_x86_64-7.3.2-20220804-6354275  User: oesteban  Machine: dna059  Platform: Linux  PlatformVersion: 5.14.0-427.37.1.el9_4.x86_64  CompilerName: GCC  CompilerVersion: 8.4.0
ProgramName: mris_convert  ProgramArguments: mris_convert -all-info  ProgramVersion: 7.3.2  TimeStamp: 2026/03/10-06:46:32-GMT  BuildTime: Aug  4 2022 06:17:15  BuildStamp: freesurfer-linux-ubuntu22_x86_64-7.3.2-20220804-6354275  User: oesteban  Machine: dna059  Platform: Linux  PlatformVersion: 5.14.0-427.37.1.el9_4.x86_64  CompilerName: GCC  CompilerVersion: 8.4.0
ProgramName: mris_curvature  ProgramArguments: mris_curvature -all-info  ProgramVersion: 7.3.2  TimeStamp: 2026/03/10-06:46:32-GMT  BuildTime: Aug  4 2022 06:17:15  BuildStamp: freesurfer-linux-ubuntu22_x86_64-7.3.2-20220804-6354275  User: oesteban  Machine: dna059  Platform: Linux  PlatformVersion: 5.14.0-427.37.1.el9_4.x86_64  CompilerName: GCC  CompilerVersion: 8.4.0
ProgramName: mris_curvature_stats  ProgramArguments: mris_curvature_stats -all-info  ProgramVersion: 7.3.2  TimeStamp: 2026/03/10-06:46:32-GMT  BuildTime: Aug  4 2022 06:17:15  BuildStamp: freesurfer-linux-ubuntu22_x86_64-7.3.2-20220804-6354275  User: oesteban  Machine: dna059  Platform: Linux  PlatformVersion: 5.14.0-427.37.1.el9_4.x86_64  CompilerName: GCC  CompilerVersion: 8.4.0
ProgramName: mris_diff  ProgramArguments: mris_diff -all-info  ProgramVersion: 7.3.2  TimeStamp: 2026/03/10-06:46:32-GMT  BuildTime: Aug  4 2022 06:17:15  BuildStamp: freesurfer-linux-ubuntu22_x86_64-7.3.2-20220804-6354275  User: oesteban  Machine: dna059  Platform: Linux  PlatformVersion: 5.14.0-427.37.1.el9_4.x86_64  CompilerName: GCC  CompilerVersion: 8.4.0
ProgramName: mris_divide_parcellation  ProgramArguments: mris_divide_parcellation -all-info  ProgramVersion: 7.3.2  TimeStamp: 2026/03/10-06:46:32-GMT  BuildTime: Aug  4 2022 06:17:15  BuildStamp: freesurfer-linux-ubuntu22_x86_64-7.3.2-20220804-6354275  User: oesteban  Machine: dna059  Platform: Linux  PlatformVersion: 5.14.0-427.37.1.el9_4.x86_64  CompilerName: GCC  CompilerVersion: 8.4.0
ProgramName: mri_segment  ProgramArguments: mri_segment -all-info  ProgramVersion: 7.3.2  TimeStamp: 2026/03/10-06:46:32-GMT  BuildTime: Aug  4 2022 06:17:15  BuildStamp: freesurfer-linux-ubuntu22_x86_64-7.3.2-20220804-6354275  User: oesteban  Machine: dna059  Platform: Linux  PlatformVersion: 5.14.0-427.37.1.el9_4.x86_64  CompilerName: GCC  CompilerVersion: 8.4.0
ProgramName: mri_segstats  ProgramArguments: mri_segstats -all-info  ProgramVersion: 7.3.2  TimeStamp: 2026/03/10-06:46:32-GMT  BuildTime: Aug  4 2022 06:17:15  BuildStamp: freesurfer-linux-ubuntu22_x86_64-7.3.2-20220804-6354275  User: oesteban  Machine: dna059  Platform: Linux  PlatformVersion: 5.14.0-427.37.1.el9_4.x86_64  CompilerName: GCC  CompilerVersion: 8.4.0
ProgramName: mris_euler_number  ProgramArguments: mris_euler_number -all-info  ProgramVersion: 7.3.2  TimeStamp: 2026/03/10-06:46:32-GMT  BuildTime: Aug  4 2022 06:17:15  BuildStamp: freesurfer-linux-ubuntu22_x86_64-7.3.2-20220804-6354275  User: oesteban  Machine: dna059  Platform: Linux  PlatformVersion: 5.14.0-427.37.1.el9_4.x86_64  CompilerName: GCC  CompilerVersion: 8.4.0
ProgramName: mris_fix_topology  ProgramArguments: mris_fix_topology -all-info  ProgramVersion: 7.3.2  TimeStamp: 2026/03/10-06:46:32-GMT  BuildTime: Aug  4 2022 06:17:15  BuildStamp: freesurfer-linux-ubuntu22_x86_64-7.3.2-20220804-6354275  User: oesteban  Machine: dna059  Platform: Linux  PlatformVersion: 5.14.0-427.37.1.el9_4.x86_64  CompilerName: GCC  CompilerVersion: 8.4.0
ProgramName: mris_topo_fixer  ProgramArguments: mris_topo_fixer -all-info  ProgramVersion: 7.3.2  TimeStamp: 2026/03/10-06:46:32-GMT  BuildTime: Aug  4 2022 06:17:15  BuildStamp: freesurfer-linux-ubuntu22_x86_64-7.3.2-20220804-6354275  User: oesteban  Machine: dna059  Platform: Linux  PlatformVersion: 5.14.0-427.37.1.el9_4.x86_64  CompilerName: GCC  CompilerVersion: 8.4.0
ProgramName: mris_jacobian  ProgramArguments: mris_jacobian -all-info  ProgramVersion: 7.3.2  TimeStamp: 2026/03/10-06:46:32-GMT  BuildTime: Aug  4 2022 06:17:15  BuildStamp: freesurfer-linux-ubuntu22_x86_64-7.3.2-20220804-6354275  User: oesteban  Machine: dna059  Platform: Linux  PlatformVersion: 5.14.0-427.37.1.el9_4.x86_64  CompilerName: GCC  CompilerVersion: 8.4.0
ProgramName: mris_label2annot  ProgramArguments: mris_label2annot -all-info  ProgramVersion: 7.3.2  TimeStamp: 2026/03/10-06:46:32-GMT  BuildTime: Aug  4 2022 06:17:15  BuildStamp: freesurfer-linux-ubuntu22_x86_64-7.3.2-20220804-6354275  User: oesteban  Machine: dna059  Platform: Linux  PlatformVersion: 5.14.0-427.37.1.el9_4.x86_64  CompilerName: GCC  CompilerVersion: 8.4.0
ProgramName: mris_left_right_register  ProgramArguments: mris_left_right_register -all-info  ProgramVersion: 7.3.2  TimeStamp: 2026/03/10-06:46:32-GMT  BuildTime: Aug  4 2022 06:17:15  BuildStamp: freesurfer-linux-ubuntu22_x86_64-7.3.2-20220804-6354275  User: oesteban  Machine: dna059  Platform: Linux  PlatformVersion: 5.14.0-427.37.1.el9_4.x86_64  CompilerName: GCC  CompilerVersion: 8.4.0
ProgramName: mris_place_surface  ProgramArguments: mris_place_surface -all-info  ProgramVersion: 7.3.2  TimeStamp: 2026/03/10-06:46:32-GMT  BuildTime: Aug  4 2022 06:17:15  BuildStamp: freesurfer-linux-ubuntu22_x86_64-7.3.2-20220804-6354275  User: oesteban  Machine: dna059  Platform: Linux  PlatformVersion: 5.14.0-427.37.1.el9_4.x86_64  CompilerName: GCC  CompilerVersion: 8.4.0
ProgramName: mrisp_paint  ProgramArguments: mrisp_paint -all-info  ProgramVersion: 7.3.2  TimeStamp: 2026/03/10-06:46:32-GMT  BuildTime: Aug  4 2022 06:17:15  BuildStamp: freesurfer-linux-ubuntu22_x86_64-7.3.2-20220804-6354275  User: oesteban  Machine: dna059  Platform: Linux  PlatformVersion: 5.14.0-427.37.1.el9_4.x86_64  CompilerName: GCC  CompilerVersion: 8.4.0
ProgramName: mris_register  ProgramArguments: mris_register -all-info  ProgramVersion: 7.3.2  TimeStamp: 2026/03/10-06:46:32-GMT  BuildTime: Aug  4 2022 06:17:15  BuildStamp: freesurfer-linux-ubuntu22_x86_64-7.3.2-20220804-6354275  User: oesteban  Machine: dna059  Platform: Linux  PlatformVersion: 5.14.0-427.37.1.el9_4.x86_64  CompilerName: GCC  CompilerVersion: 8.4.0
ProgramName: mris_smooth  ProgramArguments: mris_smooth -all-info  ProgramVersion: 7.3.2  TimeStamp: 2026/03/10-06:46:32-GMT  BuildTime: Aug  4 2022 06:17:15  BuildStamp: freesurfer-linux-ubuntu22_x86_64-7.3.2-20220804-6354275  User: oesteban  Machine: dna059  Platform: Linux  PlatformVersion: 5.14.0-427.37.1.el9_4.x86_64  CompilerName: GCC  CompilerVersion: 8.4.0
ProgramName: mris_sphere  ProgramArguments: mris_sphere -all-info  ProgramVersion: 7.3.2  TimeStamp: 2026/03/10-06:46:32-GMT  BuildTime: Aug  4 2022 06:17:15  BuildStamp: freesurfer-linux-ubuntu22_x86_64-7.3.2-20220804-6354275  User: oesteban  Machine: dna059  Platform: Linux  PlatformVersion: 5.14.0-427.37.1.el9_4.x86_64  CompilerName: GCC  CompilerVersion: 8.4.0
ProgramName: mris_surface_stats  ProgramArguments: mris_surface_stats -all-info  ProgramVersion: 7.3.2  TimeStamp: 2026/03/10-06:46:32-GMT  BuildTime: Aug  4 2022 06:17:15  BuildStamp: freesurfer-linux-ubuntu22_x86_64-7.3.2-20220804-6354275  User: oesteban  Machine: dna059  Platform: Linux  PlatformVersion: 5.14.0-427.37.1.el9_4.x86_64  CompilerName: GCC  CompilerVersion: 8.4.0
ProgramName: mri_stats2seg  ProgramArguments: mri_stats2seg -all-info  ProgramVersion: 7.3.2  TimeStamp: 2026/03/10-06:46:32-GMT  BuildTime: Aug  4 2022 06:17:15  BuildStamp: freesurfer-linux-ubuntu22_x86_64-7.3.2-20220804-6354275  User: oesteban  Machine: dna059  Platform: Linux  PlatformVersion: 5.14.0-427.37.1.el9_4.x86_64  CompilerName: GCC  CompilerVersion: 8.4.0
ProgramName: mris_thickness  ProgramArguments: mris_thickness -all-info  ProgramVersion: 7.3.2  TimeStamp: 2026/03/10-06:46:32-GMT  BuildTime: Aug  4 2022 06:17:15  BuildStamp: freesurfer-linux-ubuntu22_x86_64-7.3.2-20220804-6354275  User: oesteban  Machine: dna059  Platform: Linux  PlatformVersion: 5.14.0-427.37.1.el9_4.x86_64  CompilerName: GCC  CompilerVersion: 8.4.0
ProgramName: mris_thickness_diff  ProgramArguments: mris_thickness_diff -all-info  ProgramVersion: 7.3.2  TimeStamp: 2026/03/10-06:46:32-GMT  BuildTime: Aug  4 2022 06:17:15  BuildStamp: freesurfer-linux-ubuntu22_x86_64-7.3.2-20220804-6354275  User: oesteban  Machine: dna059  Platform: Linux  PlatformVersion: 5.14.0-427.37.1.el9_4.x86_64  CompilerName: GCC  CompilerVersion: 8.4.0
ProgramName: mris_topo_fixer  ProgramArguments: mris_topo_fixer -all-info  ProgramVersion: 7.3.2  TimeStamp: 2026/03/10-06:46:32-GMT  BuildTime: Aug  4 2022 06:17:15  BuildStamp: freesurfer-linux-ubuntu22_x86_64-7.3.2-20220804-6354275  User: oesteban  Machine: dna059  Platform: Linux  PlatformVersion: 5.14.0-427.37.1.el9_4.x86_64  CompilerName: GCC  CompilerVersion: 8.4.0
ProgramName: mri_surf2surf  ProgramArguments: mri_surf2surf -all-info  ProgramVersion: 7.3.2  TimeStamp: 2026/03/10-06:46:32-GMT  BuildTime: Aug  4 2022 06:17:15  BuildStamp: freesurfer-linux-ubuntu22_x86_64-7.3.2-20220804-6354275  User: oesteban  Machine: dna059  Platform: Linux  PlatformVersion: 5.14.0-427.37.1.el9_4.x86_64  CompilerName: GCC  CompilerVersion: 8.4.0
ProgramName: mri_surf2vol  ProgramArguments: mri_surf2vol -all-info  ProgramVersion: 7.3.2  TimeStamp: 2026/03/10-06:46:32-GMT  BuildTime: Aug  4 2022 06:17:15  BuildStamp: freesurfer-linux-ubuntu22_x86_64-7.3.2-20220804-6354275  User: oesteban  Machine: dna059  Platform: Linux  PlatformVersion: 5.14.0-427.37.1.el9_4.x86_64  CompilerName: GCC  CompilerVersion: 8.4.0
ProgramName: mri_surfcluster  ProgramArguments: mri_surfcluster -all-info  ProgramVersion: 7.3.2  TimeStamp: 2026/03/10-06:46:32-GMT  BuildTime: Aug  4 2022 06:17:15  BuildStamp: freesurfer-linux-ubuntu22_x86_64-7.3.2-20220804-6354275  User: oesteban  Machine: dna059  Platform: Linux  PlatformVersion: 5.14.0-427.37.1.el9_4.x86_64  CompilerName: GCC  CompilerVersion: 8.4.0
ProgramName: mris_volmask  ProgramArguments: mris_volmask -all-info  ProgramVersion: 7.3.2  TimeStamp: 2026/03/10-06:46:32-GMT  BuildTime: Aug  4 2022 06:17:15  BuildStamp: freesurfer-linux-ubuntu22_x86_64-7.3.2-20220804-6354275  User: oesteban  Machine: dna059  Platform: Linux  PlatformVersion: 5.14.0-427.37.1.el9_4.x86_64  CompilerName: GCC  CompilerVersion: 8.4.0
ProgramName: mri_tessellate  ProgramArguments: mri_tessellate -all-info  ProgramVersion: 7.3.2  TimeStamp: 2026/03/10-06:46:32-GMT  BuildTime: Aug  4 2022 06:17:15  BuildStamp: freesurfer-linux-ubuntu22_x86_64-7.3.2-20220804-6354275  User: oesteban  Machine: dna059  Platform: Linux  PlatformVersion: 5.14.0-427.37.1.el9_4.x86_64  CompilerName: GCC  CompilerVersion: 8.4.0
ProgramName: mri_vol2surf  ProgramArguments: mri_vol2surf -all-info  ProgramVersion: 7.3.2  TimeStamp: 2026/03/10-06:46:32-GMT  BuildTime: Aug  4 2022 06:17:15  BuildStamp: freesurfer-linux-ubuntu22_x86_64-7.3.2-20220804-6354275  User: oesteban  Machine: dna059  Platform: Linux  PlatformVersion: 5.14.0-427.37.1.el9_4.x86_64  CompilerName: GCC  CompilerVersion: 8.4.0
ProgramName: mri_vol2vol  ProgramArguments: mri_vol2vol -all-info  ProgramVersion: 7.3.2  TimeStamp: 2026/03/10-06:46:32-GMT  BuildTime: Aug  4 2022 06:17:15  BuildStamp: freesurfer-linux-ubuntu22_x86_64-7.3.2-20220804-6354275  User: oesteban  Machine: dna059  Platform: Linux  PlatformVersion: 5.14.0-427.37.1.el9_4.x86_64  CompilerName: GCC  CompilerVersion: 8.4.0
ProgramName: mri_voldiff  ProgramArguments: mri_voldiff -all-info  ProgramVersion: 7.3.2  TimeStamp: 2026/03/10-06:46:32-GMT  BuildTime: Aug  4 2022 06:17:15  BuildStamp: freesurfer-linux-ubuntu22_x86_64-7.3.2-20220804-6354275  User: oesteban  Machine: dna059  Platform: Linux  PlatformVersion: 5.14.0-427.37.1.el9_4.x86_64  CompilerName: GCC  CompilerVersion: 8.4.0
ProgramName: mri_watershed  ProgramArguments: mri_watershed -all-info  ProgramVersion: 7.3.2  TimeStamp: 2026/03/10-06:46:32-GMT  BuildTime: Aug  4 2022 06:17:15  BuildStamp: freesurfer-linux-ubuntu22_x86_64-7.3.2-20220804-6354275  User: oesteban  Machine: dna059  Platform: Linux  PlatformVersion: 5.14.0-427.37.1.el9_4.x86_64  CompilerName: GCC  CompilerVersion: 8.4.0
ProgramName: tkregister2  ProgramArguments: tkregister2_cmdl -all-info  ProgramVersion: 7.3.2  TimeStamp: 2026/03/10-06:46:32-GMT  BuildTime: Aug  4 2022 06:17:15  BuildStamp: freesurfer-linux-ubuntu22_x86_64-7.3.2-20220804-6354275  User: oesteban  Machine: dna059  Platform: Linux  PlatformVersion: 5.14.0-427.37.1.el9_4.x86_64  CompilerName: GCC  CompilerVersion: 8.4.0
mri_motion_correct.fsl 7.3.2
mri_convert -all-info 
ProgramName: mri_convert  ProgramArguments: mri_convert -all-info  ProgramVersion: 7.3.2  TimeStamp: 2026/03/10-06:46:32-GMT  BuildTime: Aug  4 2022 06:17:15  BuildStamp: freesurfer-linux-ubuntu22_x86_64-7.3.2-20220804-6354275  User: oesteban  Machine: dna059  Platform: Linux  PlatformVersion: 5.14.0-427.37.1.el9_4.x86_64  CompilerName: GCC  CompilerVersion: 8.4.0
Program nu_correct, built from:
Package MNI N3, version 1.12.0, compiled by nicks@terrier (x86_64-unknown-linux-gnu) on 2015-06-19 at 01:25:34
#######################################
GCADIR /opt/freesurfer/average
GCA RB_all_2020-01-02.gca
GCASkull RB_all_withskull_2020_01_02.gca
AvgCurvTif folding.atlas.acfb40.noaparc.i12.2016-08-02.tif
GCSDIR /opt/freesurfer/average
GCS DKaparc.atlas.acfb40.noaparc.i12.2016-08-02.gcs
#######################################
#--------------------------------------------
#@# Tessellate lh Tue Mar 10 07:46:32 CET 2026
/out/sourcedata/freesurfer/sub-v1s6x0051372_ses-1/scripts

 mri_pretess ../mri/filled.mgz 255 ../mri/norm.mgz ../mri/filled-pretess255.mgz 


Iteration Number : 1
pass   1 (xy+):   1 found -   1 modified     |    TOTAL:   1
pass   2 (xy+):   0 found -   1 modified     |    TOTAL:   1
pass   1 (xy-):   0 found -   0 modified     |    TOTAL:   1
pass   1 (yz+):   4 found -   4 modified     |    TOTAL:   5
pass   2 (yz+):   0 found -   4 modified     |    TOTAL:   5
pass   1 (yz-):   4 found -   4 modified     |    TOTAL:   9
pass   2 (yz-):   0 found -   4 modified     |    TOTAL:   9
pass   1 (xz+):   0 found -   0 modified     |    TOTAL:   9
pass   1 (xz-):   0 found -   0 modified     |    TOTAL:   9
Iteration Number : 1
pass   1 (+++):   0 found -   0 modified     |    TOTAL:   0
pass   1 (+++):   0 found -   0 modified     |    TOTAL:   0
pass   1 (+++):   0 found -   0 modified     |    TOTAL:   0
pass   1 (+++):   0 found -   0 modified     |    TOTAL:   0
Iteration Number : 1
pass   1 (++):   0 found -   0 modified     |    TOTAL:   0
pass   1 (+-):   0 found -   0 modified     |    TOTAL:   0
pass   1 (--):   1 found -   1 modified     |    TOTAL:   1
pass   2 (--):   0 found -   1 modified     |    TOTAL:   1
pass   1 (-+):   0 found -   0 modified     |    TOTAL:   1
Iteration Number : 2
pass   1 (xy+):   0 found -   0 modified     |    TOTAL:   0
pass   1 (xy-):   0 found -   0 modified     |    TOTAL:   0
pass   1 (yz+):   1 found -   1 modified     |    TOTAL:   1
pass   2 (yz+):   0 found -   1 modified     |    TOTAL:   1
pass   1 (yz-):   0 found -   0 modified     |    TOTAL:   1
pass   1 (xz+):   0 found -   0 modified     |    TOTAL:   1
pass   1 (xz-):   0 found -   0 modified     |    TOTAL:   1
Iteration Number : 2
pass   1 (+++):   0 found -   0 modified     |    TOTAL:   0
pass   1 (+++):   0 found -   0 modified     |    TOTAL:   0
pass   1 (+++):   0 found -   0 modified     |    TOTAL:   0
pass   1 (+++):   0 found -   0 modified     |    TOTAL:   0
Iteration Number : 2
pass   1 (++):   0 found -   0 modified     |    TOTAL:   0
pass   1 (+-):   0 found -   0 modified     |    TOTAL:   0
pass   1 (--):   0 found -   0 modified     |    TOTAL:   0
pass   1 (-+):   0 found -   0 modified     |    TOTAL:   0
Iteration Number : 3
pass   1 (xy+):   0 found -   0 modified     |    TOTAL:   0
pass   1 (xy-):   0 found -   0 modified     |    TOTAL:   0
pass   1 (yz+):   0 found -   0 modified     |    TOTAL:   0
pass   1 (yz-):   0 found -   0 modified     |    TOTAL:   0
pass   1 (xz+):   0 found -   0 modified     |    TOTAL:   0
pass   1 (xz-):   0 found -   0 modified     |    TOTAL:   0
Iteration Number : 3
pass   1 (+++):   0 found -   0 modified     |    TOTAL:   0
pass   1 (+++):   0 found -   0 modified     |    TOTAL:   0
pass   1 (+++):   0 found -   0 modified     |    TOTAL:   0
pass   1 (+++):   0 found -   0 modified     |    TOTAL:   0
Iteration Number : 3
pass   1 (++):   0 found -   0 modified     |    TOTAL:   0
pass   1 (+-):   0 found -   0 modified     |    TOTAL:   0
pass   1 (--):   0 found -   0 modified     |    TOTAL:   0
pass   1 (-+):   0 found -   0 modified     |    TOTAL:   0

Total Number of Modified Voxels = 11 (out of 242846: 0.004530)
Ambiguous edge configurations... 

mri_pretess done


 mri_tessellate ../mri/filled-pretess255.mgz 255 ../surf/lh.orig.nofix 

7.3.2
  7.3.2
slice 40: 857 vertices, 940 faces
slice 50: 5292 vertices, 5493 faces
slice 60: 11871 vertices, 12092 faces
slice 70: 19607 vertices, 19944 faces
slice 80: 28918 vertices, 29202 faces
slice 90: 37903 vertices, 38197 faces
slice 100: 48119 vertices, 48487 faces
slice 110: 59011 vertices, 59378 faces
slice 120: 69329 vertices, 69694 faces
slice 130: 79202 vertices, 79528 faces
slice 140: 89282 vertices, 89589 faces
slice 150: 97482 vertices, 97766 faces
slice 160: 104329 vertices, 104589 faces
slice 170: 110508 vertices, 110728 faces
slice 180: 115521 vertices, 115693 faces
slice 190: 118988 vertices, 119092 faces
slice 200: 119384 vertices, 119402 faces
slice 210: 119384 vertices, 119402 faces
slice 220: 119384 vertices, 119402 faces
slice 230: 119384 vertices, 119402 faces
slice 240: 119384 vertices, 119402 faces
slice 250: 119384 vertices, 119402 faces
using the conformed surface RAS to save vertex points...
writing ../surf/lh.orig.nofix
using vox2ras matrix:
-1.00000   0.00000   0.00000   128.00000;
 0.00000   0.00000   1.00000  -128.00000;
 0.00000  -1.00000   0.00000   128.00000;
 0.00000   0.00000   0.00000   1.00000;

 rm -f ../mri/filled-pretess255.mgz 


 mris_extract_main_component ../surf/lh.orig.nofix ../surf/lh.orig.nofix 


counting number of connected components...
   119384 voxel in cpt #1: X=-18 [v=119384,e=358206,f=238804] located at (-27.514517, -17.437101, 38.126457)
For the whole surface: X=-18 [v=119384,e=358206,f=238804]
One single component has been found
nothing to do
done

#--------------------------------------------
#@# Smooth1 lh Tue Mar 10 07:46:36 CET 2026
/out/sourcedata/freesurfer/sub-v1s6x0051372_ses-1/scripts

 mris_smooth -nw -seed 1234 ../surf/lh.orig.nofix ../surf/lh.smoothwm.nofix 

setting seed for random number generator to 1234
smoothing surface tessellation for 10 iterations...
smoothing complete - recomputing first and second fundamental forms...
#--------------------------------------------
#@# Inflation1 lh Tue Mar 10 07:46:39 CET 2026
/out/sourcedata/freesurfer/sub-v1s6x0051372_ses-1/scripts

 mris_inflate -no-save-sulc ../surf/lh.smoothwm.nofix ../surf/lh.inflated.nofix 

Not saving sulc
Reading ../surf/lh.smoothwm.nofix
avg radius = 44.9 mm, total surface area = 63685 mm^2
step 000: RMS=0.149 (target=0.015)   step 005: RMS=0.111 (target=0.015)   step 010: RMS=0.080 (target=0.015)   step 015: RMS=0.066 (target=0.015)   step 020: RMS=0.056 (target=0.015)   step 025: RMS=0.048 (target=0.015)   step 030: RMS=0.043 (target=0.015)   step 035: RMS=0.038 (target=0.015)   step 040: RMS=0.036 (target=0.015)   step 045: RMS=0.034 (target=0.015)   step 050: RMS=0.033 (target=0.015)   step 055: RMS=0.033 (target=0.015)   step 060: RMS=0.033 (target=0.015)   writing inflated surface to ../surf/lh.inflated.nofix
inflation took 0.2 minutes

inflation complete.
Not saving sulc
mris_inflate utimesec    72.346118
mris_inflate stimesec    1.171804
mris_inflate ru_maxrss   191124
mris_inflate ru_ixrss    0
mris_inflate ru_idrss    0
mris_inflate ru_isrss    0
mris_inflate ru_minflt   174632
mris_inflate ru_majflt   33
mris_inflate ru_nswap    0
mris_inflate ru_inblock  1672
mris_inflate ru_oublock  8400
mris_inflate ru_msgsnd   0
mris_inflate ru_msgrcv   0
mris_inflate ru_nsignals 0
mris_inflate ru_nvcsw    15634
mris_inflate ru_nivcsw   525
#--------------------------------------------
#@# QSphere lh Tue Mar 10 07:46:52 CET 2026
/out/sourcedata/freesurfer/sub-v1s6x0051372_ses-1/scripts

 mris_sphere -q -p 6 -a 128 -seed 1234 ../surf/lh.inflated.nofix ../surf/lh.qsphere.nofix 

doing quick spherical unfolding.
limitting unfolding to 6 passes
using n_averages = 128
setting seed for random number genererator to 1234
version: 7.3.2
available threads: 16
scaling brain by 0.326...
inflating...
projecting onto sphere...
surface projected - minimizing metric distortion...
vertex spacing 1.06 +- 0.58 (0.00-->8.05) (max @ vno 39396 --> 40359)
face area 0.03 +- 0.03 (-0.20-->0.78)
Entering MRISinflateToSphere()
inflating to sphere (rms error < 2.00)
000: dt: 0.0000, rms radial error=176.967, avgs=0
005/300: dt: 0.9000, rms radial error=176.709, avgs=0
010/300: dt: 0.9000, rms radial error=176.155, avgs=0
015/300: dt: 0.9000, rms radial error=175.426, avgs=0
020/300: dt: 0.9000, rms radial error=174.595, avgs=0
025/300: dt: 0.9000, rms radial error=173.706, avgs=0
030/300: dt: 0.9000, rms radial error=172.785, avgs=0
035/300: dt: 0.9000, rms radial error=171.846, avgs=0
040/300: dt: 0.9000, rms radial error=170.900, avgs=0
045/300: dt: 0.9000, rms radial error=169.952, avgs=0
050/300: dt: 0.9000, rms radial error=169.003, avgs=0
055/300: dt: 0.9000, rms radial error=168.057, avgs=0
060/300: dt: 0.9000, rms radial error=167.115, avgs=0
065/300: dt: 0.9000, rms radial error=166.177, avgs=0
070/300: dt: 0.9000, rms radial error=165.243, avgs=0
075/300: dt: 0.9000, rms radial error=164.314, avgs=0
080/300: dt: 0.9000, rms radial error=163.389, avgs=0
085/300: dt: 0.9000, rms radial error=162.470, avgs=0
090/300: dt: 0.9000, rms radial error=161.555, avgs=0
095/300: dt: 0.9000, rms radial error=160.645, avgs=0
100/300: dt: 0.9000, rms radial error=159.740, avgs=0
105/300: dt: 0.9000, rms radial error=158.840, avgs=0
110/300: dt: 0.9000, rms radial error=157.945, avgs=0
115/300: dt: 0.9000, rms radial error=157.055, avgs=0
120/300: dt: 0.9000, rms radial error=156.170, avgs=0
125/300: dt: 0.9000, rms radial error=155.290, avgs=0
130/300: dt: 0.9000, rms radial error=154.414, avgs=0
135/300: dt: 0.9000, rms radial error=153.544, avgs=0
140/300: dt: 0.9000, rms radial error=152.678, avgs=0
145/300: dt: 0.9000, rms radial error=151.817, avgs=0
150/300: dt: 0.9000, rms radial error=150.962, avgs=0
155/300: dt: 0.9000, rms radial error=150.111, avgs=0
160/300: dt: 0.9000, rms radial error=149.265, avgs=0
165/300: dt: 0.9000, rms radial error=148.424, avgs=0
170/300: dt: 0.9000, rms radial error=147.588, avgs=0
175/300: dt: 0.9000, rms radial error=146.756, avgs=0
180/300: dt: 0.9000, rms radial error=145.929, avgs=0
185/300: dt: 0.9000, rms radial error=145.106, avgs=0
190/300: dt: 0.9000, rms radial error=144.288, avgs=0
195/300: dt: 0.9000, rms radial error=143.474, avgs=0
200/300: dt: 0.9000, rms radial error=142.665, avgs=0
205/300: dt: 0.9000, rms radial error=141.861, avgs=0
210/300: dt: 0.9000, rms radial error=141.061, avgs=0
215/300: dt: 0.9000, rms radial error=140.265, avgs=0
220/300: dt: 0.9000, rms radial error=139.474, avgs=0
225/300: dt: 0.9000, rms radial error=138.687, avgs=0
230/300: dt: 0.9000, rms radial error=137.905, avgs=0
235/300: dt: 0.9000, rms radial error=137.127, avgs=0
240/300: dt: 0.9000, rms radial error=136.354, avgs=0
245/300: dt: 0.9000, rms radial error=135.584, avgs=0
250/300: dt: 0.9000, rms radial error=134.820, avgs=0
255/300: dt: 0.9000, rms radial error=134.059, avgs=0
260/300: dt: 0.9000, rms radial error=133.303, avgs=0
265/300: dt: 0.9000, rms radial error=132.550, avgs=0
270/300: dt: 0.9000, rms radial error=131.803, avgs=0
275/300: dt: 0.9000, rms radial error=131.059, avgs=0
280/300: dt: 0.9000, rms radial error=130.319, avgs=0
285/300: dt: 0.9000, rms radial error=129.584, avgs=0
290/300: dt: 0.9000, rms radial error=128.853, avgs=0
295/300: dt: 0.9000, rms radial error=128.126, avgs=0
300/300: dt: 0.9000, rms radial error=127.402, avgs=0

spherical inflation complete.
epoch 1 (K=10.0), pass 1, starting sse = 13678.65
taking momentum steps...
taking momentum steps...
taking momentum steps...
taking momentum steps...
pass 1 complete, delta sse/iter = 0.01/13 = 0.00043
epoch 2 (K=40.0), pass 1, starting sse = 2105.93
taking momentum steps...
taking momentum steps...
taking momentum steps...
taking momentum steps...
pass 1 complete, delta sse/iter = 0.00/13 = 0.00022
epoch 3 (K=160.0), pass 1, starting sse = 174.29
taking momentum steps...
taking momentum steps...
taking momentum steps...
taking momentum steps...
pass 1 complete, delta sse/iter = 0.18/17 = 0.01054
epoch 4 (K=640.0), pass 1, starting sse = 6.07
taking momentum steps...
taking momentum steps...
taking momentum steps...
taking momentum steps...
pass 1 complete, delta sse/iter = 0.16/23 = 0.00683
final distance error %100000.00
writing spherical brain to ../surf/lh.qsphere.nofix
spherical transformation took 0.0193 hours
FSRUNTIME@ mris_sphere  0.0193 hours 16 threads
#VMPC# mris_sphere VmPeak  1656904
mris_sphere done
#@# Fix Topology lh Tue Mar 10 07:48:02 CET 2026

 mris_fix_topology -mgz -sphere qsphere.nofix -inflated inflated.nofix -orig orig.nofix -out orig.premesh -ga -seed 1234 sub-v1s6x0051372_ses-1 lh 

reading spherical homeomorphism from 'qsphere.nofix'
reading inflated coordinates from 'inflated.nofix'
reading original coordinates from 'orig.nofix'
using genetic algorithm with optimized parameters
setting seed for random number genererator to 1234

*************************************************************
Topology Correction Parameters
retessellation mode:           genetic search
number of patches/generation : 10
number of generations :        10
surface mri loglikelihood coefficient :         1.0
volume mri loglikelihood coefficient :          10.0
normal dot loglikelihood coefficient :          1.0
quadratic curvature loglikelihood coefficient : 1.0
volume resolution :                             2
eliminate vertices during search :              1
initial patch selection :                       1
select all defect vertices :                    0
ordering dependant retessellation:              0
use precomputed edge table :                    0
smooth retessellated patch :                    2
match retessellated patch :                     1
verbose mode :                                  0

*************************************************************
INFO: assuming .mgz format
writing corrected surface to 'orig.premesh'
7.3.2
  7.3.2
before topology correction, eno=-18 (nv=119384, nf=238804, ne=358206, g=10)
using quasi-homeomorphic spherical map to tessellate cortical surface...

Correction of the Topology
Finding true center and radius of Spherical Surface...done
Surface centered at (0,0,0) with radius 100.0 in 11 iterations
marking ambiguous vertices...
2379 ambiguous faces found in tessellation
segmenting defects...
10 defects found, arbitrating ambiguous regions...
analyzing neighboring defects...
10 defects to be corrected 
0 vertices coincident
reading input surface /out/sourcedata/freesurfer/sub-v1s6x0051372_ses-1/surf/lh.qsphere.nofix...
reading brain volume from brain...
reading wm segmentation from wm...
Reading original properties of orig.nofix
Reading vertex positions of inflated.nofix
Computing Initial Surface Statistics
      -face       loglikelihood: -9.3898  (-4.6949)
      -vertex     loglikelihood: -6.3038  (-3.1519)
      -normal dot loglikelihood: -3.6424  (-3.6424)
      -quad curv  loglikelihood: -6.1837  (-3.0919)
      Total Loglikelihood : -25.5197
CORRECTING DEFECT 0 (vertices=8, convex hull=24, v0=34788)
After retessellation of defect 0 (v0=34788), euler #=-7 (118016,353664,235641) : difference with theory (-7) = 0 
CORRECTING DEFECT 1 (vertices=21, convex hull=51, v0=39398)
After retessellation of defect 1 (v0=39398), euler #=-6 (118026,353713,235681) : difference with theory (-6) = 0 
CORRECTING DEFECT 2 (vertices=16, convex hull=26, v0=47635)
After retessellation of defect 2 (v0=47635), euler #=-5 (118029,353730,235696) : difference with theory (-5) = 0 
CORRECTING DEFECT 3 (vertices=105, convex hull=65, v0=73218)
After retessellation of defect 3 (v0=73218), euler #=-4 (118047,353809,235758) : difference with theory (-4) = 0 
CORRECTING DEFECT 4 (vertices=255, convex hull=134, v0=78019)
After retessellation of defect 4 (v0=78019), euler #=-3 (118059,353906,235844) : difference with theory (-3) = 0 
CORRECTING DEFECT 5 (vertices=820, convex hull=375, v0=79847)
After retessellation of defect 5 (v0=79847), euler #=-2 (118194,354511,236315) : difference with theory (-2) = 0 
CORRECTING DEFECT 6 (vertices=29, convex hull=34, v0=80790)
After retessellation of defect 6 (v0=80790), euler #=-1 (118200,354538,236337) : difference with theory (-1) = 0 
CORRECTING DEFECT 7 (vertices=64, convex hull=94, v0=83157)
After retessellation of defect 7 (v0=83157), euler #=0 (118233,354673,236440) : difference with theory (0) = 0 
CORRECTING DEFECT 8 (vertices=44, convex hull=47, v0=83239)
After retessellation of defect 8 (v0=83239), euler #=1 (118249,354735,236487) : difference with theory (1) = 0 
CORRECTING DEFECT 9 (vertices=7, convex hull=26, v0=100880)
After retessellation of defect 9 (v0=100880), euler #=2 (118253,354753,236502) : difference with theory (2) = 0 
computing original vertex metric properties...
storing new metric properties...
computing tessellation statistics...
vertex spacing 0.89 +- 0.21 (0.07-->6.94) (max @ vno 82903 --> 83834)
face area -nan +- -nan (1000.00-->-1.00)
performing soap bubble on retessellated vertices for 0 iterations...
vertex spacing 0.89 +- 0.21 (0.07-->6.94) (max @ vno 82903 --> 83834)
face area -nan +- -nan (1000.00-->-1.00)
tessellation finished, orienting corrected surface...
46 mutations (40.7%), 67 crossovers (59.3%), 126 vertices were eliminated
building final representation...
1131 vertices and 0 faces have been removed from triangulation
after topology correction, eno=2 (nv=118253, nf=236502, ne=354753, g=0)
writing corrected surface to /out/sourcedata/freesurfer/sub-v1s6x0051372_ses-1/surf/lh.orig.premesh...

0.000 % of the vertices (0 vertices) exhibit an orientation change
removing intersecting faces
000: 98 intersecting
001: 4 intersecting
terminating search with 0 intersecting
topology fixing took 1.3 minutes
FSRUNTIME@ mris_fix_topology lh  0.0224 hours 16 threads
#VMPC# mris_fix_topology VmPeak  1834804

 mris_euler_number ../surf/lh.orig.premesh 

euler # = v-e+f = 2g-2: 118253 - 354753 + 236502 = 2 --> 0 holes
      F =2V-4:          236502 = 236506-4 (0)
      2E=3F:            709506 = 709506 (0)

total defect index = 0
Tue Mar 10 07:49:23 CET 2026

setenv SUBJECTS_DIR /out/sourcedata/freesurfer
cd /out/sourcedata/freesurfer/sub-v1s6x0051372_ses-1/scripts
/opt/freesurfer/bin/defect2seg --s sub-v1s6x0051372_ses-1 --lh-only --cortex

freesurfer-linux-ubuntu22_x86_64-7.3.2-20220804-6354275
defect2seg 7.3.2
Linux dna059 5.14.0-427.37.1.el9_4.x86_64 #1 SMP PREEMPT_DYNAMIC Fri Sep 13 12:41:50 EDT 2024 x86_64 x86_64 x86_64 GNU/Linux
pid 2848781
mri_label2label --label-cortex /out/sourcedata/freesurfer/sub-v1s6x0051372_ses-1/surf/lh.orig.nofix /out/sourcedata/freesurfer/sub-v1s6x0051372_ses-1/mri/aseg.presurf.mgz 0 /out/sourcedata/freesurfer/sub-v1s6x0051372_ses-1/label/lh.nofix.cortex.label

 Generating cortex label... RemoveHipAmgy=0
 NucAccIsMedialWall=0
 mris->useRealRAS=0
21 non-cortical segments detected
only using segment with 7030 vertices
erasing segment 1 (vno[0] = 69649)
erasing segment 2 (vno[0] = 74791)
erasing segment 3 (vno[0] = 77016)
erasing segment 4 (vno[0] = 78874)
erasing segment 5 (vno[0] = 79847)
erasing segment 6 (vno[0] = 79852)
erasing segment 7 (vno[0] = 79900)
erasing segment 8 (vno[0] = 80790)
erasing segment 9 (vno[0] = 80983)
erasing segment 10 (vno[0] = 83166)
erasing segment 11 (vno[0] = 83269)
erasing segment 12 (vno[0] = 83285)
erasing segment 13 (vno[0] = 83296)
erasing segment 14 (vno[0] = 84129)
erasing segment 15 (vno[0] = 84206)
erasing segment 16 (vno[0] = 91322)
erasing segment 17 (vno[0] = 94656)
erasing segment 18 (vno[0] = 98522)
erasing segment 19 (vno[0] = 99939)
erasing segment 20 (vno[0] = 99941)
mri_label2vol --defects /out/sourcedata/freesurfer/sub-v1s6x0051372_ses-1/surf/lh.orig.nofix /out/sourcedata/freesurfer/sub-v1s6x0051372_ses-1/surf/lh.defect_labels /out/sourcedata/freesurfer/sub-v1s6x0051372_ses-1/mri/orig.mgz 1000 0 /out/sourcedata/freesurfer/sub-v1s6x0051372_ses-1/mri/lh.surface.defects.mgz /out/sourcedata/freesurfer/sub-v1s6x0051372_ses-1/label/lh.nofix.cortex.label
mri_label2vol supposed to be reproducible but seed not set
Contraining to label /out/sourcedata/freesurfer/sub-v1s6x0051372_ses-1/label/lh.nofix.cortex.label
Changing input type 0 to MRI_INT
Converting defects to volume: offset=1000, merge=0
Writing to /out/sourcedata/freesurfer/sub-v1s6x0051372_ses-1/mri/lh.surface.defects.mgz
mris_defects_pointset -s /out/sourcedata/freesurfer/sub-v1s6x0051372_ses-1/surf/lh.orig.nofix -d /out/sourcedata/freesurfer/sub-v1s6x0051372_ses-1/surf/lh.defect_labels -o /out/sourcedata/freesurfer/sub-v1s6x0051372_ses-1/surf/lh.defects.pointset --label /out/sourcedata/freesurfer/sub-v1s6x0051372_ses-1/label/lh.nofix.cortex.label
Reading in surface /out/sourcedata/freesurfer/sub-v1s6x0051372_ses-1/surf/lh.orig.nofix
Reading in defect segmentation /out/sourcedata/freesurfer/sub-v1s6x0051372_ses-1/surf/lh.defect_labels
Reading in label /out/sourcedata/freesurfer/sub-v1s6x0051372_ses-1/label/lh.nofix.cortex.label
#VMPC# mris_defects_pointset 1287052
mris_defects_pointset done
 
Started at Tue Mar 10 07:49:23 CET 2026 
Ended   at Tue Mar 10 07:49:39 CET 2026
Defect2seg-Run-Time-Sec 16
Defect2seg-Run-Time-Min 0.32
Defect2seg-Run-Time-Hours 0.00
 
tkmeditfv sub-v1s6x0051372_ses-1 brain.finalsurfs.mgz -defect
defect2seg Done

 mris_remesh --remesh --iters 3 --input /out/sourcedata/freesurfer/sub-v1s6x0051372_ses-1/surf/lh.orig.premesh --output /out/sourcedata/freesurfer/sub-v1s6x0051372_ses-1/surf/lh.orig 

iters = 3
standard remeshing without target
   adjusted l: 0.708377
remeshing to edge length 0.708377 with 3 iterations

avg qual before   : 0.889925  after: 0.971167

Removing intersections
Remeshed surface quality stats nv0 = 118253  nv = 123295  1.04264
Area    246586  0.30060  0.03346 0.069412   0.4830
Corner  739758 60.00000  8.80002 15.897958 148.0901
Edge    369879  0.84114  0.08212 0.445133   1.2421
Hinge   369879  9.63900 10.13865 0.000010 159.3303
mris_remesh done
/out/sourcedata/freesurfer/sub-v1s6x0051372_ses-1/scripts

 mris_remove_intersection ../surf/lh.orig ../surf/lh.orig 

intersection removal took 0.00 hours
writing corrected surface to ../surf/lh.orig

 rm -f ../surf/lh.inflated 

#--------------------------------------------
#@# AutoDetGWStats lh Tue Mar 10 07:50:07 CET 2026
cd /out/sourcedata/freesurfer/sub-v1s6x0051372_ses-1/mri
mris_autodet_gwstats --o ../surf/autodet.gw.stats.lh.dat --i brain.finalsurfs.mgz --wm wm.mgz --surf ../surf/lh.orig.premesh
7.3.2

cd /out/sourcedata/freesurfer/sub-v1s6x0051372_ses-1/mri
setenv SUBJECTS_DIR /out/sourcedata/freesurfer
mris_autodet_gwstats --o ../surf/autodet.gw.stats.lh.dat --i brain.finalsurfs.mgz --wm wm.mgz --surf ../surf/lh.orig.premesh 

border white:    221827 voxels (1.32%)
border gray      245956 voxels (1.47%)
Reading in intensity volume brain.finalsurfs.mgz
Reading in wm volume wm.mgz
Reading in surf ../surf/lh.orig.premesh
Auto detecting stats
MRIclipBrightWM(): nthresh=25874, wmmin=5, clip=110 
Binarizing thresholding at 5
computing class statistics... low=30, hi=110.000000
CCS WM (101.0): 100.7 +- 7.9 [70.0 --> 110.0]
CCS GM (75.0) : 74.6 +- 10.0 [30.0 --> 110.0]
white_mean = 100.717 +/- 7.90742, gray_mean = 74.5726 +/- 9.99107
using class modes intead of means, discounting robust sigmas....
MRIScomputeClassModes(): min=0 max=198 nbins=199
intensity peaks found at WM=105+-5.2,    GM=70+-6.1
white_mode = 105, gray_mode = 70
std_scale = 1
Applying sanity checks, max_scale_down = 0.2
setting MIN_GRAY_AT_WHITE_BORDER to 60.0 (was 70.000000)
setting MAX_BORDER_WHITE to 112.9 (was 105.000000)
setting MIN_BORDER_WHITE to 70.0 (was 85.000000)
setting MAX_CSF to 50.0 (was 40.000000)
setting MAX_GRAY to 97.1 (was 95.000000)
setting MAX_GRAY_AT_CSF_BORDER to 60.0 (was 75.000000)
setting MIN_GRAY_AT_CSF_BORDER to 40.0 (was 40.000000)
When placing the white surface
  white_border_hi   = 112.907;
  white_border_low  = 70;
  white_outside_low = 60.0089;
  white_inside_hi   = 120;
  white_outside_hi  = 112.907;
When placing the pial surface
  pial_border_hi   = 60.0089;
  pial_border_low  = 40.0268;
  pial_outside_low = 10;
  pial_inside_hi   = 97.0926;
  pial_outside_hi  = 55.0134;
#VMPC# mris_autodet_gwstats VmPeak  1319636
mris_autodet_gwstats done
#--------------------------------------------
#@# WhitePreAparc lh Tue Mar 10 07:50:10 CET 2026
cd /out/sourcedata/freesurfer/sub-v1s6x0051372_ses-1/mri
mris_place_surface --adgws-in ../surf/autodet.gw.stats.lh.dat --wm wm.mgz --threads 16 --invol brain.finalsurfs.mgz --lh --i ../surf/lh.orig --o ../surf/lh.white.preaparc --white --seg aseg.presurf.mgz --nsmooth 5
7.3.2
7.3.2

cd /out/sourcedata/freesurfer/sub-v1s6x0051372_ses-1/mri
setenv SUBJECTS_DIR /out/sourcedata/freesurfer
mris_place_surface --adgws-in ../surf/autodet.gw.stats.lh.dat --wm wm.mgz --threads 16 --invol brain.finalsurfs.mgz --lh --i ../surf/lh.orig --o ../surf/lh.white.preaparc --white --seg aseg.presurf.mgz --nsmooth 5 

Reading in input surface ../surf/lh.orig
Smoothing surface before ripping with 5 iterations
Area    246586  0.26491  0.06206 0.002542   0.5979
Corner  739758 60.00000  9.55052 7.595014 148.1226
Edge    369879  0.78618  0.11326 0.050016   1.2695
Hinge   369879  6.48718  6.40742 0.000009 143.2741
Not reading in aparc
Reading in input volume brain.finalsurfs.mgz
Reading in wm volume wm.mgz
MRIclipBrightWM(): nthresh=25874, wmmin=5, clip=110 
MRIfindBrightNonWM(): 235 bright non-wm voxels segmented.
Masking bright non-wm for white surface
MRImask(): AllowDiffGeom = 1
MRImask(): AllowDiffGeom = 1
Reading in seg volume aseg.presurf.mgz
Ripping frozen voxels
INFO: rip surface needed but not specified, so using input surface
Freezing midline and others
Entering: MRISripMidline(): inhibiting deformation at non-cortical midline structures...
  which=1, fix_mtl=0, using annot = 0
#FML0# MRISripMidline(): nripped=0
removing 3 vertices from ripped group in thread:0
removing 2 vertices from ripped group in thread:0
removing 4 vertices from ripped group in thread:0
#FML# MRISripMidline(): nmarked=5854, nmarked2=44, nripped=5854
Ripping segs (eg, WMSA, BG, frozen)
Starting MRISripSegs() d = (-2 2 0.5) segnos: 247 
MRISripSegs(): -2 2 0.5 ripped 0
vertex 61648: xyz = (-51.0366,-7.21397,49.0026) oxyz = (-51.0366,-7.21397,49.0026) wxzy = (-51.0366,-7.21397,49.0026) pxyz = (0,0,0) 
CBVO Creating mask 123295
n_averages 4
Iteration 0 =========================================
n_averages=4, current_sigma=2
Freezing midline and others
Ripping frozen voxels
INFO: rip surface needed but not specified, so using input surface
Freezing midline and others
Entering: MRISripMidline(): inhibiting deformation at non-cortical midline structures...
  which=1, fix_mtl=0, using annot = 0
#FML0# MRISripMidline(): nripped=5854
removing 3 vertices from ripped group in thread:0
removing 2 vertices from ripped group in thread:0
removing 4 vertices from ripped group in thread:0
#FML# MRISripMidline(): nmarked=5854, nmarked2=44, nripped=5854
Ripping segs (eg, WMSA, BG, frozen)
Starting MRISripSegs() d = (-2 2 0.5) segnos: 247 247 
MRISripSegs(): -2 2 0.5 ripped 0
Computing target border values 
Entering MRIScomputeBorderValues_new(): 
  inside_hi   = 120.0000000;
  border_hi   = 112.9074170;
  border_low  =  70.0000000;
  outside_low =  60.0089300;
  outside_hi  = 112.9074170;
  sigma = 2;
  max_thickness = 10;
  step_size=0.5;
  STEP_SIZE=0.1;
  which = 1
  thresh = 0
  flags = 0
  CBVfindFirstPeakD1=0
  CBVfindFirstPeakD2=0
  nvertices=123295
  Gdiag_no=-1
  vno start=0, stop=123295
Replacing 255s with 0s
#SI# sigma=2 had to be increased for 77 vertices, nripped=5854
mean border=82.1, 66 (66) missing vertices, mean dist 0.2 [0.6 (%38.3)->0.8 (%61.7))]
%69 local maxima, %26 large gradients and % 0 min vals, 0 gradients ignored
nFirstPeakD1 0
MRIScomputeBorderValues_new() finished in 0.0195 min


Finding expansion regions
mean absolute distance = 0.74 +- 0.98
3622 vertices more than 2 sigmas from mean.
Averaging target values for 5 iterations...
Positioning Surface: tspring = 0.3, nspring = 0.3, spring = 0, niters = 100 l_repulse = 5, l_surf_repulse = 0, checktol = 0
Positioning pial surface
Entering MRISpositionSurface()
  max_mm = 0.3
  MAX_REDUCTIONS = 2, REDUCTION_PCT = 0.5
  parms->check_tol = 0, niterations = 100
tol=1.0e-04, sigma=2.0, host=dna05, nav=4, nbrs=2, l_repulse=5.000, l_tspring=0.300, l_nspring=0.300, l_intensity=0.200, l_curv=1.000
mom=0.00, dt=0.50
complete_dist_mat 0
rms 0
smooth_averages 0
remove_neg 0
ico_order 0
which_surface 0
target_radius 0.000000
nfields 0
scale 0.000000
desired_rms_height 0.000000
momentum 0.000000
nbhd_size 0
max_nbrs 0
niterations 100
nsurfaces 0
SURFACES 3
flags 0 (0)
use curv 0
no sulc 0
no rigid align 0
mris->nsize 2
mris->hemisphere 0
randomSeed 0

000: dt: 0.0000, sse=2838585.5, rms=10.734
001: dt: 0.5000, sse=1568491.8, rms=7.827 (27.081%)
002: dt: 0.5000, sse=995890.1, rms=6.075 (22.384%)
003: dt: 0.5000, sse=706726.1, rms=4.956 (18.423%)
004: dt: 0.5000, sse=546190.2, rms=4.198 (15.287%)
005: dt: 0.5000, sse=466890.7, rms=3.765 (10.311%)
006: dt: 0.5000, sse=432075.2, rms=3.500 (7.052%)
007: dt: 0.5000, sse=407644.0, rms=3.407 (2.657%)
008: dt: 0.5000, sse=394440.4, rms=3.313 (2.758%)
rms = 3.3023/3.3129, sse=393048.3/394440.4, time step reduction 1 of 3 to 0.250  0 0 1
009: dt: 0.5000, sse=393048.3, rms=3.302 (0.320%)
010: dt: 0.2500, sse=224612.9, rms=1.885 (42.908%)
011: dt: 0.2500, sse=195919.3, rms=1.556 (17.462%)
012: dt: 0.2500, sse=189417.9, rms=1.452 (6.713%)
013: dt: 0.2500, sse=185069.8, rms=1.391 (4.156%)
rms = 1.3582/1.3913, sse=183263.7/185069.8, time step reduction 2 of 3 to 0.125  0 0 1
014: dt: 0.2500, sse=183263.7, rms=1.358 (2.383%)
rms = 1.3136/1.3582, sse=180959.1/183263.7, time step reduction 3 of 3 to 0.062  0 0 1
015: dt: 0.1250, sse=180959.1, rms=1.314 (3.283%)
  maximum number of reductions reached, breaking from loop
positioning took 1.3 minutes
Iteration 1 =========================================
n_averages=2, current_sigma=1
Freezing midline and others
Ripping frozen voxels
INFO: rip surface needed but not specified, so using input surface
Freezing midline and others
Entering: MRISripMidline(): inhibiting deformation at non-cortical midline structures...
  which=1, fix_mtl=0, using annot = 0
#FML0# MRISripMidline(): nripped=5854
removing 2 vertices from ripped group in thread:0
removing 3 vertices from ripped group in thread:0
#FML# MRISripMidline(): nmarked=6132, nmarked2=50, nripped=6132
Ripping segs (eg, WMSA, BG, frozen)
Starting MRISripSegs() d = (-2 2 0.5) segnos: 247 247 247 
MRISripSegs(): -2 2 0.5 ripped 0
Computing target border values 
Entering MRIScomputeBorderValues_new(): 
  inside_hi   = 120.0000000;
  border_hi   = 112.9074170;
  border_low  =  70.0000000;
  outside_low =  60.0089300;
  outside_hi  = 112.9074170;
  sigma = 1;
  max_thickness = 10;
  step_size=0.5;
  STEP_SIZE=0.1;
  which = 1
  thresh = 0
  flags = 0
  CBVfindFirstPeakD1=0
  CBVfindFirstPeakD2=0
  nvertices=123295
  Gdiag_no=-1
  vno start=0, stop=123295
Replacing 255s with 0s
#SI# sigma=1 had to be increased for 52 vertices, nripped=6132
mean border=84.8, 57 (6) missing vertices, mean dist -0.2 [0.3 (%74.4)->0.2 (%25.6))]
%78 local maxima, %17 large gradients and % 0 min vals, 0 gradients ignored
nFirstPeakD1 0
MRIScomputeBorderValues_new() finished in 0.0093 min


Finding expansion regions
mean absolute distance = 0.31 +- 0.59
2110 vertices more than 2 sigmas from mean.
Averaging target values for 5 iterations...
Positioning Surface: tspring = 0.3, nspring = 0.3, spring = 0, niters = 100 l_repulse = 5, l_surf_repulse = 0, checktol = 0
Positioning pial surface
Entering MRISpositionSurface()
  max_mm = 0.3
  MAX_REDUCTIONS = 2, REDUCTION_PCT = 0.5
  parms->check_tol = 0, niterations = 100
tol=1.0e-04, sigma=1.0, host=dna05, nav=2, nbrs=2, l_repulse=5.000, l_tspring=0.300, l_nspring=0.300, l_intensity=0.200, l_curv=1.000
mom=0.00, dt=0.50
000: dt: 0.0000, sse=633271.4, rms=4.378
016: dt: 0.5000, sse=380563.1, rms=2.905 (33.638%)
rms = 2.9532/2.9054, sse=386434.2/380563.1, time step reduction 1 of 3 to 0.250  0 1 1
   RMS increased, rejecting step
017: dt: 0.2500, sse=288754.6, rms=2.125 (26.852%)
018: dt: 0.2500, sse=238171.5, rms=1.532 (27.901%)
019: dt: 0.2500, sse=220291.4, rms=1.260 (17.798%)
020: dt: 0.2500, sse=214333.7, rms=1.147 (8.915%)
021: dt: 0.2500, sse=210868.2, rms=1.081 (5.751%)
rms = 1.0563/1.0813, sse=209759.2/210868.2, time step reduction 2 of 3 to 0.125  0 0 1
022: dt: 0.2500, sse=209759.2, rms=1.056 (2.308%)
rms = 1.0174/1.0563, sse=207776.7/209759.2, time step reduction 3 of 3 to 0.062  0 0 1
023: dt: 0.1250, sse=207776.7, rms=1.017 (3.690%)
  maximum number of reductions reached, breaking from loop
positioning took 0.7 minutes
Iteration 2 =========================================
n_averages=1, current_sigma=0.5
Freezing midline and others
Ripping frozen voxels
INFO: rip surface needed but not specified, so using input surface
Freezing midline and others
Entering: MRISripMidline(): inhibiting deformation at non-cortical midline structures...
  which=1, fix_mtl=0, using annot = 0
#FML0# MRISripMidline(): nripped=6132
removing 3 vertices from ripped group in thread:0
removing 2 vertices from ripped group in thread:0
removing 2 vertices from ripped group in thread:0
removing 3 vertices from ripped group in thread:0
removing 3 vertices from ripped group in thread:0
#FML# MRISripMidline(): nmarked=6198, nmarked2=51, nripped=6198
Ripping segs (eg, WMSA, BG, frozen)
Starting MRISripSegs() d = (-2 2 0.5) segnos: 247 247 247 247 
MRISripSegs(): -2 2 0.5 ripped 0
Computing target border values 
Entering MRIScomputeBorderValues_new(): 
  inside_hi   = 120.0000000;
  border_hi   = 112.9074170;
  border_low  =  70.0000000;
  outside_low =  60.0089300;
  outside_hi  = 112.9074170;
  sigma = 0.5;
  max_thickness = 10;
  step_size=0.5;
  STEP_SIZE=0.1;
  which = 1
  thresh = 0
  flags = 0
  CBVfindFirstPeakD1=0
  CBVfindFirstPeakD2=0
  nvertices=123295
  Gdiag_no=-1
  vno start=0, stop=123295
Replacing 255s with 0s
#SI# sigma=0.5 had to be increased for 47 vertices, nripped=6198
mean border=87.0, 46 (2) missing vertices, mean dist -0.1 [0.2 (%73.0)->0.2 (%27.0))]
%87 local maxima, % 8 large gradients and % 0 min vals, 0 gradients ignored
nFirstPeakD1 0
MRIScomputeBorderValues_new() finished in 0.0052 min


Finding expansion regions
mean absolute distance = 0.23 +- 0.38
2614 vertices more than 2 sigmas from mean.
Averaging target values for 5 iterations...
Positioning Surface: tspring = 0.3, nspring = 0.3, spring = 0, niters = 100 l_repulse = 5, l_surf_repulse = 0, checktol = 0
Positioning pial surface
Entering MRISpositionSurface()
  max_mm = 0.3
  MAX_REDUCTIONS = 2, REDUCTION_PCT = 0.5
  parms->check_tol = 0, niterations = 100
tol=1.0e-04, sigma=0.5, host=dna05, nav=1, nbrs=2, l_repulse=5.000, l_tspring=0.300, l_nspring=0.300, l_intensity=0.200, l_curv=1.000
mom=0.00, dt=0.50
000: dt: 0.0000, sse=401647.8, rms=3.067
024: dt: 0.5000, sse=336394.5, rms=2.553 (16.761%)
rms = 2.8154/2.5533, sse=367618.8/336394.5, time step reduction 1 of 3 to 0.250  0 1 1
   RMS increased, rejecting step
025: dt: 0.2500, sse=245604.1, rms=1.637 (35.900%)
026: dt: 0.2500, sse=213671.6, rms=1.148 (29.849%)
027: dt: 0.2500, sse=204962.7, rms=0.998 (13.049%)
rms = 0.9735/0.9983, sse=204499.6/204962.7, time step reduction 2 of 3 to 0.125  0 0 1
028: dt: 0.2500, sse=204499.6, rms=0.973 (2.491%)
029: dt: 0.1250, sse=202410.4, rms=0.920 (5.493%)
rms = 0.9186/0.9200, sse=201403.7/202410.4, time step reduction 3 of 3 to 0.062  0 0 1
030: dt: 0.1250, sse=201403.7, rms=0.919 (0.151%)
  maximum number of reductions reached, breaking from loop
positioning took 0.6 minutes
Iteration 3 =========================================
n_averages=0, current_sigma=0.25
Freezing midline and others
Ripping frozen voxels
INFO: rip surface needed but not specified, so using input surface
Freezing midline and others
Entering: MRISripMidline(): inhibiting deformation at non-cortical midline structures...
  which=1, fix_mtl=0, using annot = 0
#FML0# MRISripMidline(): nripped=6198
removing 3 vertices from ripped group in thread:0
removing 2 vertices from ripped group in thread:0
removing 4 vertices from ripped group in thread:0
removing 2 vertices from ripped group in thread:0
removing 3 vertices from ripped group in thread:0
removing 1 vertices from ripped group in thread:0
#FML# MRISripMidline(): nmarked=6226, nmarked2=53, nripped=6226
Ripping segs (eg, WMSA, BG, frozen)
Starting MRISripSegs() d = (-2 2 0.5) segnos: 247 247 247 247 247 
MRISripSegs(): -2 2 0.5 ripped 0
Computing target border values 
Entering MRIScomputeBorderValues_new(): 
  inside_hi   = 120.0000000;
  border_hi   = 112.9074170;
  border_low  =  70.0000000;
  outside_low =  60.0089300;
  outside_hi  = 112.9074170;
  sigma = 0.25;
  max_thickness = 10;
  step_size=0.5;
  STEP_SIZE=0.1;
  which = 1
  thresh = 0
  flags = 0
  CBVfindFirstPeakD1=0
  CBVfindFirstPeakD2=0
  nvertices=123295
  Gdiag_no=-1
  vno start=0, stop=123295
Replacing 255s with 0s
#SI# sigma=0.25 had to be increased for 54 vertices, nripped=6226
mean border=87.6, 35 (2) missing vertices, mean dist -0.0 [0.2 (%58.0)->0.2 (%42.0))]
%89 local maxima, % 5 large gradients and % 0 min vals, 0 gradients ignored
nFirstPeakD1 0
MRIScomputeBorderValues_new() finished in 0.0032 min


Finding expansion regions
mean absolute distance = 0.18 +- 0.29
2438 vertices more than 2 sigmas from mean.
Averaging target values for 5 iterations...
Positioning Surface: tspring = 0.3, nspring = 0.3, spring = 0, niters = 100 l_repulse = 5, l_surf_repulse = 0, checktol = 0
Positioning pial surface
Entering MRISpositionSurface()
  max_mm = 0.3
  MAX_REDUCTIONS = 2, REDUCTION_PCT = 0.5
  parms->check_tol = 0, niterations = 100
tol=1.0e-04, sigma=0.2, host=dna05, nav=0, nbrs=2, l_repulse=5.000, l_tspring=0.300, l_nspring=0.300, l_intensity=0.200, l_curv=1.000
mom=0.00, dt=0.50
000: dt: 0.0000, sse=222488.7, rms=1.351
rms = 1.4628/1.3511, sse=233743.7/222488.7, time step reduction 1 of 3 to 0.250  0 1 1
   RMS increased, rejecting step
031: dt: 0.2500, sse=200010.3, rms=0.921 (31.822%)
032: dt: 0.2500, sse=191975.9, rms=0.688 (25.300%)
rms = 0.6947/0.6881, sse=191475.3/191975.9, time step reduction 2 of 3 to 0.125  0 0 1
   RMS increased, rejecting step
rms = 0.6841/0.6881, sse=191681.7/191975.9, time step reduction 3 of 3 to 0.062  0 0 1
033: dt: 0.1250, sse=191681.7, rms=0.684 (0.582%)
  maximum number of reductions reached, breaking from loop
positioning took 0.3 minutes


Writing output to ../surf/lh.white.preaparc
#ET# mris_place_surface  2.96 minutes
#VMPC# mris_place_surfaces VmPeak  3040276
mris_place_surface done
#--------------------------------------------
#@# CortexLabel lh Tue Mar 10 07:53:13 CET 2026
cd /out/sourcedata/freesurfer/sub-v1s6x0051372_ses-1/mri
mri_label2label --label-cortex ../surf/lh.white.preaparc aseg.presurf.mgz 0 ../label/lh.cortex.label

 Generating cortex label... RemoveHipAmgy=0
 NucAccIsMedialWall=0
 mris->useRealRAS=0
8 non-cortical segments detected
only using segment with 7524 vertices
erasing segment 1 (vno[0] = 60768)
erasing segment 2 (vno[0] = 64987)
erasing segment 3 (vno[0] = 71160)
erasing segment 4 (vno[0] = 71202)
erasing segment 5 (vno[0] = 71867)
erasing segment 6 (vno[0] = 86458)
erasing segment 7 (vno[0] = 117837)
#--------------------------------------------
#@# CortexLabel+HipAmyg lh Tue Mar 10 07:53:27 CET 2026
cd /out/sourcedata/freesurfer/sub-v1s6x0051372_ses-1/mri
mri_label2label --label-cortex ../surf/lh.white.preaparc aseg.presurf.mgz 1 ../label/lh.cortex+hipamyg.label

 Generating cortex label... RemoveHipAmgy=1
 NucAccIsMedialWall=0
 mris->useRealRAS=0
17 non-cortical segments detected
only using segment with 4989 vertices
erasing segment 1 (vno[0] = 36215)
erasing segment 2 (vno[0] = 36262)
erasing segment 3 (vno[0] = 36280)
erasing segment 4 (vno[0] = 39120)
erasing segment 5 (vno[0] = 42116)
erasing segment 6 (vno[0] = 44100)
erasing segment 7 (vno[0] = 44940)
erasing segment 8 (vno[0] = 45844)
erasing segment 9 (vno[0] = 60768)
erasing segment 10 (vno[0] = 64987)
erasing segment 11 (vno[0] = 70298)
erasing segment 12 (vno[0] = 71160)
erasing segment 13 (vno[0] = 71867)
erasing segment 14 (vno[0] = 86458)
erasing segment 15 (vno[0] = 114720)
erasing segment 16 (vno[0] = 117837)
#--------------------------------------------
#@# Smooth2 lh Tue Mar 10 07:53:40 CET 2026
/out/sourcedata/freesurfer/sub-v1s6x0051372_ses-1/scripts

 mris_smooth -n 3 -nw -seed 1234 ../surf/lh.white.preaparc ../surf/lh.smoothwm 

smoothing for 3 iterations
setting seed for random number generator to 1234
smoothing surface tessellation for 3 iterations...
smoothing complete - recomputing first and second fundamental forms...
#--------------------------------------------
#@# Inflation2 lh Tue Mar 10 07:53:42 CET 2026
/out/sourcedata/freesurfer/sub-v1s6x0051372_ses-1/scripts

 mris_inflate ../surf/lh.smoothwm ../surf/lh.inflated 

Reading ../surf/lh.smoothwm
avg radius = 44.9 mm, total surface area = 76553 mm^2
step 000: RMS=0.172 (target=0.015)   step 005: RMS=0.114 (target=0.015)   step 010: RMS=0.084 (target=0.015)   step 015: RMS=0.070 (target=0.015)   step 020: RMS=0.057 (target=0.015)   step 025: RMS=0.046 (target=0.015)   step 030: RMS=0.038 (target=0.015)   step 035: RMS=0.032 (target=0.015)   step 040: RMS=0.027 (target=0.015)   step 045: RMS=0.023 (target=0.015)   step 050: RMS=0.021 (target=0.015)   step 055: RMS=0.019 (target=0.015)   step 060: RMS=0.018 (target=0.015)   writing inflated surface to ../surf/lh.inflated
writing sulcal depths to ../surf/lh.sulc

inflation complete.
inflation took 0.2 minutes
mris_inflate utimesec    59.512951
mris_inflate stimesec    0.758686
mris_inflate ru_maxrss   189992
mris_inflate ru_ixrss    0
mris_inflate ru_idrss    0
mris_inflate ru_isrss    0
mris_inflate ru_minflt   151172
mris_inflate ru_majflt   15
mris_inflate ru_nswap    0
mris_inflate ru_inblock  130
mris_inflate ru_oublock  9648
mris_inflate ru_msgsnd   0
mris_inflate ru_msgrcv   0
mris_inflate ru_nsignals 0
mris_inflate ru_nvcsw    10739
mris_inflate ru_nivcsw   268
#--------------------------------------------
#@# Curv .H and .K lh Tue Mar 10 07:53:55 CET 2026
/out/sourcedata/freesurfer/sub-v1s6x0051372_ses-1/surf

 mris_curvature -w -seed 1234 lh.white.preaparc 

setting seed for random number generator to 1234
total integrated curvature = 11.821*4pi (148.547) --> -11 handles
ICI = 120.6, FI = 1303.7, variation=20225.754
writing Gaussian curvature to ./lh.white.preaparc.K...done.
writing mean curvature to ./lh.white.preaparc.H...done.
rm -f lh.white.H
ln -s lh.white.preaparc.H lh.white.H
rm -f lh.white.K
ln -s lh.white.preaparc.K lh.white.K

 mris_curvature -seed 1234 -thresh .999 -n -a 5 -w -distances 10 10 lh.inflated 

setting seed for random number generator to 1234
normalizing curvature values.
averaging curvature patterns 5 times.
sampling 10 neighbors out to a distance of 10 mm
211 vertices thresholded to be in k1 ~ [-0.18 0.38], k2 ~ [-0.11 0.05]
total integrated curvature = 0.705*4pi (8.856) --> 0 handles
ICI = 1.5, FI = 8.1, variation=142.695
123 vertices thresholded to be in [-0.01 0.02]
writing Gaussian curvature to ./lh.inflated.K...thresholding curvature at 99.90% level
curvature mean = 0.000, std = 0.001
137 vertices thresholded to be in [-0.12 0.19]
done.
writing mean curvature to ./lh.inflated.H...curvature mean = -0.016, std = 0.022
done.
#--------------------------------------------
#@# Sphere lh Tue Mar 10 07:54:37 CET 2026
/out/sourcedata/freesurfer/sub-v1s6x0051372_ses-1/scripts

 mris_sphere -seed 1234 ../surf/lh.inflated ../surf/lh.sphere 

setting seed for random number genererator to 1234
version: 7.3.2
available threads: 16
reading original vertex positions...
projecting onto sphere...
surface projected - minimizing metric distortion...
scaling brain by 0.296...
MRISunfold() max_passes = 1 -------
tol=5.0e-01, sigma=0.0, host=dna05, nav=1024, nbrs=2, l_area=1.000, l_dist=1.000
using quadratic fit line minimization
complete_dist_mat 0
rms 0
smooth_averages 0
remove_neg 0
ico_order 0
which_surface 0
target_radius 0.000000
nfields 0
scale 1.000000
desired_rms_height -1.000000
momentum 0.900000
nbhd_size 7
max_nbrs 8
niterations 25
nsurfaces 0
SURFACES 3
flags 0 (0)
use curv 0
no sulc 0
no rigid align 0
mris->nsize 2
mris->hemisphere 0
randomSeed 1234

singular matrix in quadratic form
singular matrix in quadratic form
singular matrix in quadratic form
--------------------
  mrisRemoveNegativeArea()
pass 1: epoch 1 of 3 starting distance error %19.22
pass 1: epoch 2 of 3 starting distance error %19.21
unfolding complete - removing small folds...
starting distance error %19.16
removing remaining folds...
final distance error %19.19
MRISunfold() return, current seed 1234
-01: dt=0.0000,   2 negative triangles  VmPeak 1574264
168: dt=0.9900,   2 negative triangles
writing spherical brain to ../surf/lh.sphere
spherical transformation took 0.0515 hours
FSRUNTIME@ mris_sphere  0.0515 hours 16 threads
#VMPC# mris_sphere VmPeak  1574264
mris_sphere done
#--------------------------------------------
#@# Surf Reg lh Tue Mar 10 07:57:42 CET 2026
/out/sourcedata/freesurfer/sub-v1s6x0051372_ses-1/scripts

 mris_register -curv ../surf/lh.sphere /opt/freesurfer/average/lh.folding.atlas.acfb40.noaparc.i12.2016-08-02.tif ../surf/lh.sphere.reg 

using smoothwm curvature for final alignment

cwd /out/sourcedata/freesurfer/sub-v1s6x0051372_ses-1/scripts
cmdline mris_register -curv ../surf/lh.sphere /opt/freesurfer/average/lh.folding.atlas.acfb40.noaparc.i12.2016-08-02.tif ../surf/lh.sphere.reg 

0 inflated.H
1 sulc
2 smoothwm (computed)
7.3.2
  7.3.2
reading surface from ../surf/lh.sphere...
reading template parameterization from /opt/freesurfer/average/lh.folding.atlas.acfb40.noaparc.i12.2016-08-02.tif...
MRISregister() -------
max_passes = 4 
min_degrees = 0.500000 
max_degrees = 64.000000 
nangles = 8 
tol=5.0e-01, sigma=0.0, host=dna05, nav=1024, nbrs=1, l_extern=10000.000, l_parea=0.200, l_nlarea=1.000, l_corr=1.000, l_dist=5.000
using quadratic fit line minimization
complete_dist_mat 0
rms 0
smooth_averages 0
remove_neg 0
ico_order 0
which_surface 0
target_radius 0.000000
nfields 0
scale 0.000000
desired_rms_height -1.000000
momentum 0.950000
nbhd_size -10
max_nbrs 10
niterations 25
nsurfaces 0
SURFACES 3
flags 16 (10)
use curv 16
no sulc 0
no rigid align 0
mris->nsize 1
mris->hemisphere 0
randomSeed 0

tol=5.0e-01, sigma=0.0, host=dna05, nav=1024, nbrs=1, l_extern=10000.000, l_parea=0.200, l_nlarea=1.000, l_corr=1.000, l_dist=5.000
using quadratic fit line minimization
--------------------
1 Reading lh.sulc
tol=1.0e+00, sigma=0.5, host=dna05, nav=1024, nbrs=1, l_extern=10000.000, l_parea=0.200, l_nlarea=1.000, l_corr=0.050, l_spring=0.500, l_dist=5.000
using quadratic fit line minimization
curvature mean = 0.000, std = 5.472
curvature mean = 0.047, std = 0.814
curvature mean = 0.007, std = 0.875
Starting MRISrigidBodyAlignGlobal()
Starting new MRISrigidBodyAlignGlobal_findMinSSE()
  new MRISrigidBodyAlignGlobal_findMinSSE min @ (0.50, -5.50, 9.50) sse = 182856.0, elapsed since starting=0.1186 min
MRISrigidBodyAlignGlobal() done   0.12 min
curvature mean = 0.034, std = 0.836
curvature mean = 0.003, std = 0.954
curvature mean = 0.034, std = 0.849
curvature mean = 0.001, std = 0.982
curvature mean = 0.032, std = 0.851
curvature mean = 0.000, std = 0.993
2 Reading smoothwm
curvature mean = -0.015, std = 0.264
curvature mean = 0.047, std = 0.248
curvature mean = 0.045, std = 0.391
curvature mean = 0.042, std = 0.308
curvature mean = 0.024, std = 0.595
curvature mean = 0.041, std = 0.336
curvature mean = 0.011, std = 0.735
curvature mean = 0.041, std = 0.348
curvature mean = 0.002, std = 0.836
MRISregister() return, current seed 0
-01: dt=0.0000,   2 negative triangles  VmPeak 1580148
115: dt=0.9900,   2 negative triangles
expanding nbhd size to 1
116: dt=0.9900,   2 negative triangles
117: dt=0.9900,   2 negative triangles
118: dt=0.9900,   2 negative triangles
119: dt=0.9900,   2 negative triangles
120: dt=0.9405,   2 negative triangles
121: dt=0.9405,   2 negative triangles
122: dt=0.9405,   2 negative triangles
123: dt=0.9405,   2 negative triangles
124: dt=0.9405,   2 negative triangles
writing registered surface to ../surf/lh.sphere.reg...
registration took 0.06 hours
#VMPC# mris_register VmPeak  1580148
FSRUNTIME@ mris_register  0.0619 hours 16 threads

 ln -sf lh.sphere.reg lh.fsaverage.sphere.reg 

#--------------------------------------------
#@# Jacobian white lh Tue Mar 10 08:01:25 CET 2026
/out/sourcedata/freesurfer/sub-v1s6x0051372_ses-1/scripts

 mris_jacobian ../surf/lh.white.preaparc ../surf/lh.sphere.reg ../surf/lh.jacobian_white 

reading surface from ../surf/lh.white.preaparc...
writing curvature file ../surf/lh.jacobian_white
#--------------------------------------------
#@# AvgCurv lh Tue Mar 10 08:01:26 CET 2026
/out/sourcedata/freesurfer/sub-v1s6x0051372_ses-1/scripts

 mrisp_paint -a 5 /opt/freesurfer/average/lh.folding.atlas.acfb40.noaparc.i12.2016-08-02.tif#6 ../surf/lh.sphere.reg ../surf/lh.avg_curv 

averaging curvature patterns 5 times...
reading surface from ../surf/lh.sphere.reg...
reading template parameterization from /opt/freesurfer/average/lh.folding.atlas.acfb40.noaparc.i12.2016-08-02.tif...
writing curvature file to ../surf/lh.avg_curv...
#-----------------------------------------
#@# Cortical Parc lh Tue Mar 10 08:01:27 CET 2026
/out/sourcedata/freesurfer/sub-v1s6x0051372_ses-1/scripts

 mris_ca_label -l ../label/lh.cortex.label -aseg ../mri/aseg.presurf.mgz -seed 1234 sub-v1s6x0051372_ses-1 lh ../surf/lh.sphere.reg /opt/freesurfer/average/lh.DKaparc.atlas.acfb40.noaparc.i12.2016-08-02.gcs ../label/lh.aparc.annot 

setting seed for random number generator to 1234
using ../mri/aseg.presurf.mgz aseg volume to correct midline
7.3.2
  7.3.2
reading atlas from /opt/freesurfer/average/lh.DKaparc.atlas.acfb40.noaparc.i12.2016-08-02.gcs...
reading color table from GCSA file....
average std = 0.8   using min determinant for regularization = 0.006
0 singular and 342 ill-conditioned covariance matrices regularized
input 0: MEAN CURVATURE, flags 0, avgs 5, name mean_curvature
labeling surface...
1174 labels changed using aseg
relabeling using gibbs priors...
000:   3060 changed, 123295 examined...
001:    690 changed, 12542 examined...
002:    172 changed, 3895 examined...
003:     67 changed, 1040 examined...
004:     22 changed, 393 examined...
005:     11 changed, 145 examined...
006:      5 changed, 68 examined...
007:      5 changed, 33 examined...
008:      1 changed, 28 examined...
009:      0 changed, 7 examined...
213 labels changed using aseg
000: 113 total segments, 65 labels (173 vertices) changed
001: 48 total segments, 0 labels (0 vertices) changed
10 filter iterations complete (10 requested, 2 changed)
rationalizing unknown annotations with cortex label
relabeling unknown label...
relabeling corpuscallosum label...
1771 vertices marked for relabeling...
1771 labels changed in reclassification.
writing output to ../label/lh.aparc.annot...
classification took 0 minutes and 9 seconds.
#--------------------------------------------
#@# WhiteSurfs lh Tue Mar 10 08:01:36 CET 2026
cd /out/sourcedata/freesurfer/sub-v1s6x0051372_ses-1/mri
mris_place_surface --adgws-in ../surf/autodet.gw.stats.lh.dat --seg aseg.presurf.mgz --threads 16 --wm wm.mgz --invol brain.finalsurfs.mgz --lh --i ../surf/lh.white.preaparc --o ../surf/lh.white --white --nsmooth 0 --rip-label ../label/lh.cortex.label --rip-bg --rip-surf ../surf/lh.white.preaparc --aparc ../label/lh.aparc.annot
7.3.2
7.3.2

cd /out/sourcedata/freesurfer/sub-v1s6x0051372_ses-1/mri
setenv SUBJECTS_DIR /out/sourcedata/freesurfer
mris_place_surface --adgws-in ../surf/autodet.gw.stats.lh.dat --seg aseg.presurf.mgz --threads 16 --wm wm.mgz --invol brain.finalsurfs.mgz --lh --i ../surf/lh.white.preaparc --o ../surf/lh.white --white --nsmooth 0 --rip-label ../label/lh.cortex.label --rip-bg --rip-surf ../surf/lh.white.preaparc --aparc ../label/lh.aparc.annot 

Reading in input surface ../surf/lh.white.preaparc
Not smoothing input surface
Area    246586  0.34072  0.12103 0.001628   1.8617
Corner  739758 60.00000 14.00316 0.324323 178.1691
Edge    369879  0.89795  0.20124 0.015160   3.5631
Hinge   369879  9.84147 10.72210 0.000009 179.9269
Reading in aparc ../label/lh.aparc.annot
Reading in input volume brain.finalsurfs.mgz
Reading in wm volume wm.mgz
MRIclipBrightWM(): nthresh=25874, wmmin=5, clip=110 
MRIfindBrightNonWM(): 235 bright non-wm voxels segmented.
Masking bright non-wm for white surface
MRImask(): AllowDiffGeom = 1
MRImask(): AllowDiffGeom = 1
Reading in seg volume aseg.presurf.mgz
Ripping frozen voxels
Ripping vertices not in label ../label/lh.cortex.label
MRISripNotLabel() ripped 7725/123295 vertices (115570 unripped)
Reading in ripping surface ../surf/lh.white.preaparc
Reading in aparc ../label/lh.aparc.annot for ripsurf
Ripping BG
MRISripBasalGanglia(): 1 -2 2 0.5 ripped 443
Ripping segs (eg, WMSA, BG, frozen)
Starting MRISripSegs() d = (-2 2 0.5) segnos: 247 
MRISripSegs(): -2 2 0.5 ripped 0
vertex 61648: xyz = (-50.8351,-6.83621,48.8101) oxyz = (-50.8351,-6.83621,48.8101) wxzy = (-50.8351,-6.83621,48.8101) pxyz = (0,0,0) 
CBVO Creating mask 123295
n_averages 4
Iteration 0 =========================================
n_averages=4, current_sigma=2
Computing target border values 
Entering MRIScomputeBorderValues_new(): 
  inside_hi   = 120.0000000;
  border_hi   = 112.9074170;
  border_low  =  70.0000000;
  outside_low =  60.0089300;
  outside_hi  = 112.9074170;
  sigma = 2;
  max_thickness = 10;
  step_size=0.5;
  STEP_SIZE=0.1;
  which = 1
  thresh = 0
  flags = 0
  CBVfindFirstPeakD1=0
  CBVfindFirstPeakD2=0
  nvertices=123295
  Gdiag_no=-1
  vno start=0, stop=123295
Replacing 255s with 0s
#SI# sigma=2 had to be increased for 80 vertices, nripped=8168
mean border=81.8, 117 (117) missing vertices, mean dist 0.3 [1.2 (%12.7)->0.5 (%87.3))]
%64 local maxima, %30 large gradients and % 0 min vals, 0 gradients ignored
nFirstPeakD1 0
MRIScomputeBorderValues_new() finished in 0.0127 min


Finding expansion regions
mean absolute distance = 0.57 +- 0.95
2179 vertices more than 2 sigmas from mean.
Averaging target values for 5 iterations...
Positioning Surface: tspring = 0.3, nspring = 0.3, spring = 0, niters = 100 l_repulse = 5, l_surf_repulse = 0, checktol = 0
Positioning pial surface
Entering MRISpositionSurface()
  max_mm = 0.3
  MAX_REDUCTIONS = 2, REDUCTION_PCT = 0.5
  parms->check_tol = 0, niterations = 100
tol=1.0e-04, sigma=2.0, host=dna05, nav=4, nbrs=2, l_repulse=5.000, l_tspring=0.300, l_nspring=0.300, l_intensity=0.200, l_curv=1.000
mom=0.00, dt=0.50
complete_dist_mat 0
rms 0
smooth_averages 0
remove_neg 0
ico_order 0
which_surface 0
target_radius 0.000000
nfields 0
scale 0.000000
desired_rms_height 0.000000
momentum 0.000000
nbhd_size 0
max_nbrs 0
niterations 100
nsurfaces 0
SURFACES 3
flags 0 (0)
use curv 0
no sulc 0
no rigid align 0
mris->nsize 2
mris->hemisphere 0
randomSeed 0

000: dt: 0.0000, sse=1408429.5, rms=7.317
001: dt: 0.5000, sse=553328.4, rms=4.057 (44.546%)
002: dt: 0.5000, sse=386533.7, rms=3.032 (25.283%)
003: dt: 0.5000, sse=375215.5, rms=2.948 (2.744%)
004: dt: 0.5000, sse=357644.8, rms=2.813 (4.580%)
rms = 2.9720/2.8133, sse=378917.1/357644.8, time step reduction 1 of 3 to 0.250  0 1 1
   RMS increased, rejecting step
005: dt: 0.2500, sse=252653.7, rms=1.813 (35.540%)
006: dt: 0.2500, sse=218247.7, rms=1.330 (26.636%)
007: dt: 0.2500, sse=210268.4, rms=1.190 (10.551%)
rms = 1.1683/1.1900, sse=209178.5/210268.4, time step reduction 2 of 3 to 0.125  0 0 1
008: dt: 0.2500, sse=209178.5, rms=1.168 (1.824%)
rms = 1.1282/1.1683, sse=207181.9/209178.5, time step reduction 3 of 3 to 0.062  0 0 1
009: dt: 0.1250, sse=207181.8, rms=1.128 (3.434%)
  maximum number of reductions reached, breaking from loop
positioning took 0.8 minutes
Iteration 1 =========================================
n_averages=2, current_sigma=1
Computing target border values 
Entering MRIScomputeBorderValues_new(): 
  inside_hi   = 120.0000000;
  border_hi   = 112.9074170;
  border_low  =  70.0000000;
  outside_low =  60.0089300;
  outside_hi  = 112.9074170;
  sigma = 1;
  max_thickness = 10;
  step_size=0.5;
  STEP_SIZE=0.1;
  which = 1
  thresh = 0
  flags = 0
  CBVfindFirstPeakD1=0
  CBVfindFirstPeakD2=0
  nvertices=123295
  Gdiag_no=-1
  vno start=0, stop=123295
Replacing 255s with 0s
#SI# sigma=1 had to be increased for 71 vertices, nripped=8168
mean border=84.6, 90 (45) missing vertices, mean dist -0.2 [0.3 (%73.6)->0.2 (%26.4))]
%76 local maxima, %17 large gradients and % 0 min vals, 0 gradients ignored
nFirstPeakD1 0
MRIScomputeBorderValues_new() finished in 0.0094 min


Finding expansion regions
mean absolute distance = 0.31 +- 0.61
1864 vertices more than 2 sigmas from mean.
Averaging target values for 5 iterations...
Positioning Surface: tspring = 0.3, nspring = 0.3, spring = 0, niters = 100 l_repulse = 5, l_surf_repulse = 0, checktol = 0
Positioning pial surface
Entering MRISpositionSurface()
  max_mm = 0.3
  MAX_REDUCTIONS = 2, REDUCTION_PCT = 0.5
  parms->check_tol = 0, niterations = 100
tol=1.0e-04, sigma=1.0, host=dna05, nav=2, nbrs=2, l_repulse=5.000, l_tspring=0.300, l_nspring=0.300, l_intensity=0.200, l_curv=1.000
mom=0.00, dt=0.50
000: dt: 0.0000, sse=594306.1, rms=4.211
010: dt: 0.5000, sse=362194.5, rms=2.764 (34.375%)
rms = 2.8034/2.7635, sse=365582.3/362194.5, time step reduction 1 of 3 to 0.250  0 1 1
   RMS increased, rejecting step
011: dt: 0.2500, sse=277520.9, rms=1.993 (27.872%)
012: dt: 0.2500, sse=230173.5, rms=1.387 (30.392%)
013: dt: 0.2500, sse=215495.7, rms=1.132 (18.401%)
014: dt: 0.2500, sse=211328.3, rms=1.053 (6.958%)
rms = 1.0211/1.0534, sse=209781.0/211328.3, time step reduction 2 of 3 to 0.125  0 0 1
015: dt: 0.2500, sse=209781.0, rms=1.021 (3.067%)
rms = 0.9896/1.0211, sse=208528.3/209781.0, time step reduction 3 of 3 to 0.062  0 0 1
016: dt: 0.1250, sse=208528.3, rms=0.990 (3.088%)
  maximum number of reductions reached, breaking from loop
positioning took 0.6 minutes
Iteration 2 =========================================
n_averages=1, current_sigma=0.5
Computing target border values 
Entering MRIScomputeBorderValues_new(): 
  inside_hi   = 120.0000000;
  border_hi   = 112.9074170;
  border_low  =  70.0000000;
  outside_low =  60.0089300;
  outside_hi  = 112.9074170;
  sigma = 0.5;
  max_thickness = 10;
  step_size=0.5;
  STEP_SIZE=0.1;
  which = 1
  thresh = 0
  flags = 0
  CBVfindFirstPeakD1=0
  CBVfindFirstPeakD2=0
  nvertices=123295
  Gdiag_no=-1
  vno start=0, stop=123295
Replacing 255s with 0s
#SI# sigma=0.5 had to be increased for 52 vertices, nripped=8168
mean border=86.8, 93 (38) missing vertices, mean dist -0.1 [0.2 (%73.3)->0.2 (%26.7))]
%85 local maxima, % 8 large gradients and % 0 min vals, 0 gradients ignored
nFirstPeakD1 0
MRIScomputeBorderValues_new() finished in 0.0052 min


Finding expansion regions
mean absolute distance = 0.23 +- 0.39
2710 vertices more than 2 sigmas from mean.
Averaging target values for 5 iterations...
Positioning Surface: tspring = 0.3, nspring = 0.3, spring = 0, niters = 100 l_repulse = 5, l_surf_repulse = 0, checktol = 0
Positioning pial surface
Entering MRISpositionSurface()
  max_mm = 0.3
  MAX_REDUCTIONS = 2, REDUCTION_PCT = 0.5
  parms->check_tol = 0, niterations = 100
tol=1.0e-04, sigma=0.5, host=dna05, nav=1, nbrs=2, l_repulse=5.000, l_tspring=0.300, l_nspring=0.300, l_intensity=0.200, l_curv=1.000
mom=0.00, dt=0.50
000: dt: 0.0000, sse=402788.5, rms=3.097
017: dt: 0.5000, sse=337958.5, rms=2.551 (17.612%)
rms = 2.7801/2.5513, sse=359808.1/337958.5, time step reduction 1 of 3 to 0.250  0 1 1
   RMS increased, rejecting step
018: dt: 0.2500, sse=247181.8, rms=1.642 (35.655%)
019: dt: 0.2500, sse=213372.5, rms=1.141 (30.515%)
020: dt: 0.2500, sse=205783.9, rms=0.983 (13.789%)
rms = 0.9517/0.9834, sse=204140.5/205783.9, time step reduction 2 of 3 to 0.125  0 0 1
021: dt: 0.2500, sse=204140.5, rms=0.952 (3.226%)
rms = 0.9021/0.9517, sse=202008.9/204140.5, time step reduction 3 of 3 to 0.062  0 0 1
022: dt: 0.1250, sse=202008.9, rms=0.902 (5.206%)
  maximum number of reductions reached, breaking from loop
positioning took 0.5 minutes
Iteration 3 =========================================
n_averages=0, current_sigma=0.25
Computing target border values 
Entering MRIScomputeBorderValues_new(): 
  inside_hi   = 120.0000000;
  border_hi   = 112.9074170;
  border_low  =  70.0000000;
  outside_low =  60.0089300;
  outside_hi  = 112.9074170;
  sigma = 0.25;
  max_thickness = 10;
  step_size=0.5;
  STEP_SIZE=0.1;
  which = 1
  thresh = 0
  flags = 0
  CBVfindFirstPeakD1=0
  CBVfindFirstPeakD2=0
  nvertices=123295
  Gdiag_no=-1
  vno start=0, stop=123295
Replacing 255s with 0s
#SI# sigma=0.25 had to be increased for 66 vertices, nripped=8168
mean border=87.5, 93 (34) missing vertices, mean dist -0.0 [0.2 (%58.2)->0.2 (%41.8))]
%88 local maxima, % 5 large gradients and % 0 min vals, 0 gradients ignored
nFirstPeakD1 0
MRIScomputeBorderValues_new() finished in 0.0033 min


Finding expansion regions
mean absolute distance = 0.19 +- 0.30
2474 vertices more than 2 sigmas from mean.
Averaging target values for 5 iterations...
Positioning Surface: tspring = 0.3, nspring = 0.3, spring = 0, niters = 100 l_repulse = 5, l_surf_repulse = 0, checktol = 0
Positioning pial surface
Entering MRISpositionSurface()
  max_mm = 0.3
  MAX_REDUCTIONS = 2, REDUCTION_PCT = 0.5
  parms->check_tol = 0, niterations = 100
tol=1.0e-04, sigma=0.2, host=dna05, nav=0, nbrs=2, l_repulse=5.000, l_tspring=0.300, l_nspring=0.300, l_intensity=0.200, l_curv=1.000
mom=0.00, dt=0.50
000: dt: 0.0000, sse=223138.5, rms=1.353
rms = 1.4830/1.3530, sse=237980.8/223138.5, time step reduction 1 of 3 to 0.250  0 1 1
   RMS increased, rejecting step
023: dt: 0.2500, sse=201342.1, rms=0.927 (31.521%)
024: dt: 0.2500, sse=194426.7, rms=0.699 (24.578%)
rms = 0.7068/0.6988, sse=194331.6/194426.7, time step reduction 2 of 3 to 0.125  0 0 1
   RMS increased, rejecting step
rms = 0.6946/0.6988, sse=194175.6/194426.7, time step reduction 3 of 3 to 0.062  0 0 1
025: dt: 0.1250, sse=194175.6, rms=0.695 (0.600%)
  maximum number of reductions reached, breaking from loop
positioning took 0.3 minutes


Writing output to ../surf/lh.white
#ET# mris_place_surface  2.39 minutes
#VMPC# mris_place_surfaces VmPeak  2927844
mris_place_surface done
#--------------------------------------------
#@# T1PialSurf lh Tue Mar 10 08:04:05 CET 2026
cd /out/sourcedata/freesurfer/sub-v1s6x0051372_ses-1/mri
mris_place_surface --adgws-in ../surf/autodet.gw.stats.lh.dat --seg aseg.presurf.mgz --threads 16 --wm wm.mgz --invol brain.finalsurfs.mgz --lh --i ../surf/lh.white --o ../surf/lh.pial.T1 --pial --nsmooth 0 --rip-label ../label/lh.cortex+hipamyg.label --pin-medial-wall ../label/lh.cortex.label --aparc ../label/lh.aparc.annot --repulse-surf ../surf/lh.white --white-surf ../surf/lh.white
7.3.2
7.3.2

cd /out/sourcedata/freesurfer/sub-v1s6x0051372_ses-1/mri
setenv SUBJECTS_DIR /out/sourcedata/freesurfer
mris_place_surface --adgws-in ../surf/autodet.gw.stats.lh.dat --seg aseg.presurf.mgz --threads 16 --wm wm.mgz --invol brain.finalsurfs.mgz --lh --i ../surf/lh.white --o ../surf/lh.pial.T1 --pial --nsmooth 0 --rip-label ../label/lh.cortex+hipamyg.label --pin-medial-wall ../label/lh.cortex.label --aparc ../label/lh.aparc.annot --repulse-surf ../surf/lh.white --white-surf ../surf/lh.white 

Reading in input surface ../surf/lh.white
Not smoothing input surface
Area    246586  0.34297  0.13187 0.000600   1.9129
Corner  739758 60.00000 15.21139 0.219800 179.4551
Edge    369879  0.90201  0.21556 0.020540   3.5631
Hinge   369879  9.92733 10.99155 0.000023 179.9269
Reading white surface coordinates from ../surf/lh.white
Reading repulsion surface coordinates from ../surf/lh.white
Reading in aparc ../label/lh.aparc.annot
Reading in input volume brain.finalsurfs.mgz
Reading in wm volume wm.mgz
MRIclipBrightWM(): nthresh=25874, wmmin=5, clip=110 
MRIfindBrightNonWM(): 235 bright non-wm voxels segmented.
Masking bright non-wm for pial surface mid_gray = 68.5597
MRImask(): AllowDiffGeom = 1
MRImask(): AllowDiffGeom = 1
MRImask(): AllowDiffGeom = 1
Reading in seg volume aseg.presurf.mgz
Ripping frozen voxels
Ripping vertices not in label ../label/lh.cortex+hipamyg.label
MRISripNotLabel() ripped 5244/123295 vertices (118051 unripped)
INFO: rip surface needed but not specified, so using input surface
Ripping segs (eg, WMSA, BG, frozen)
Starting MRISripSegs() d = (-2 2 0.5) segnos: 247 
MRISripSegs(): -2 2 0.5 ripped 0
vertex 61648: xyz = (-50.8338,-6.85255,48.7322) oxyz = (-50.8338,-6.85255,48.7322) wxzy = (-50.8338,-6.85255,48.7322) pxyz = (-50.8338,-6.85255,48.7322) 
CBVO Creating mask 123295
n_averages 16
Iteration 0 =========================================
n_averages=16, current_sigma=2
Computing target border values 
Entering MRIScomputeBorderValues_new(): 
  inside_hi   =  97.0925830;
  border_hi   =  60.0089300;
  border_low  =  40.0267910;
  outside_low =  10.0000000;
  outside_hi  =  55.0133970;
  sigma = 2;
  max_thickness = 10;
  step_size=0.5;
  STEP_SIZE=0.1;
  which = 2
  thresh = 0
  flags = 0
  CBVfindFirstPeakD1=0
  CBVfindFirstPeakD2=0
  nvertices=123295
  Gdiag_no=-1
  vno start=0, stop=123295
Replacing 255s with 0s
#SI# sigma=2 had to be increased for 141 vertices, nripped=5244
mean border=58.2, 165 (165) missing vertices, mean dist 1.6 [1.4 (%0.1)->2.7 (%99.9))]
%14 local maxima, %42 large gradients and %39 min vals, 0 gradients ignored
nFirstPeakD1 0
MRIScomputeBorderValues_new() finished in 0.0101 min


Averaging target values for 5 iterations...
Positioning Surface: tspring = 0.3, nspring = 0.3, spring = 0, niters = 100 l_repulse = 0, l_surf_repulse = 5, checktol = 0
Positioning pial surface
Entering MRISpositionSurface()
  max_mm = 0.3
  MAX_REDUCTIONS = 2, REDUCTION_PCT = 0.5
  parms->check_tol = 0, niterations = 100
tol=1.0e-04, sigma=2.0, host=dna05, nav=16, nbrs=2, l_surf_repulse=5.000, l_tspring=0.300, l_nspring=0.300, l_intensity=0.200, l_curv=1.000
mom=0.00, dt=0.50
complete_dist_mat 0
rms 0
smooth_averages 0
remove_neg 0
ico_order 0
which_surface 0
target_radius 0.000000
nfields 0
scale 0.000000
desired_rms_height 0.000000
momentum 0.000000
nbhd_size 0
max_nbrs 0
niterations 100
nsurfaces 0
SURFACES 3
flags 0 (0)
use curv 0
no sulc 0
no rigid align 0
mris->nsize 2
mris->hemisphere 0
randomSeed 0

000: dt: 0.0000, sse=21230912.0, rms=29.880
001: dt: 0.5000, sse=14304147.0, rms=24.475 (18.090%)
002: dt: 0.5000, sse=9551858.0, rms=19.935 (18.550%)
003: dt: 0.5000, sse=6595198.5, rms=16.489 (17.283%)
004: dt: 0.5000, sse=4788134.5, rms=13.969 (15.282%)
005: dt: 0.5000, sse=3588931.0, rms=12.007 (14.050%)
006: dt: 0.5000, sse=2691762.5, rms=10.295 (14.259%)
007: dt: 0.5000, sse=2004561.5, rms=8.758 (14.925%)
008: dt: 0.5000, sse=1500921.2, rms=7.431 (15.152%)
009: dt: 0.5000, sse=1167271.8, rms=6.400 (13.874%)
010: dt: 0.5000, sse=937985.2, rms=5.580 (12.806%)
011: dt: 0.5000, sse=797805.0, rms=5.012 (10.191%)
012: dt: 0.5000, sse=698220.4, rms=4.564 (8.935%)
013: dt: 0.5000, sse=643802.1, rms=4.298 (5.820%)
014: dt: 0.5000, sse=600062.4, rms=4.072 (5.269%)
015: dt: 0.5000, sse=582887.2, rms=3.977 (2.320%)
016: dt: 0.5000, sse=564165.1, rms=3.872 (2.648%)
rms = 3.8304/3.8721, sse=557195.5/564165.1, time step reduction 1 of 3 to 0.250  0 0 1
017: dt: 0.5000, sse=557195.4, rms=3.830 (1.077%)
018: dt: 0.2500, sse=432219.7, rms=3.035 (20.768%)
019: dt: 0.2500, sse=405657.8, rms=2.840 (6.424%)
rms = 2.7904/2.8399, sse=399410.4/405657.8, time step reduction 2 of 3 to 0.125  0 0 1
020: dt: 0.2500, sse=399410.4, rms=2.790 (1.742%)
021: dt: 0.1250, sse=383313.2, rms=2.661 (4.635%)
rms = 2.6333/2.6611, sse=379973.2/383313.2, time step reduction 3 of 3 to 0.062  0 0 1
022: dt: 0.1250, sse=379973.2, rms=2.633 (1.043%)
  maximum number of reductions reached, breaking from loop
positioning took 1.6 minutes
Iteration 1 =========================================
n_averages=8, current_sigma=1
Computing target border values 
Entering MRIScomputeBorderValues_new(): 
  inside_hi   =  97.0925830;
  border_hi   =  60.0089300;
  border_low  =  40.0267910;
  outside_low =  10.0000000;
  outside_hi  =  55.0133970;
  sigma = 1;
  max_thickness = 10;
  step_size=0.5;
  STEP_SIZE=0.1;
  which = 2
  thresh = 0
  flags = 0
  CBVfindFirstPeakD1=0
  CBVfindFirstPeakD2=0
  nvertices=123295
  Gdiag_no=-1
  vno start=0, stop=123295
Replacing 255s with 0s
#SI# sigma=1 had to be increased for 9962 vertices, nripped=5244
mean border=56.7, 1516 (34) missing vertices, mean dist 0.1 [0.2 (%43.2)->0.5 (%56.8))]
%26 local maxima, %35 large gradients and %33 min vals, 0 gradients ignored
nFirstPeakD1 0
MRIScomputeBorderValues_new() finished in 0.0039 min


Averaging target values for 5 iterations...
Positioning Surface: tspring = 0.3, nspring = 0.3, spring = 0, niters = 100 l_repulse = 0, l_surf_repulse = 5, checktol = 0
Positioning pial surface
Entering MRISpositionSurface()
  max_mm = 0.3
  MAX_REDUCTIONS = 2, REDUCTION_PCT = 0.5
  parms->check_tol = 0, niterations = 100
tol=1.0e-04, sigma=1.0, host=dna05, nav=8, nbrs=2, l_surf_repulse=5.000, l_tspring=0.300, l_nspring=0.300, l_intensity=0.200, l_curv=1.000
mom=0.00, dt=0.50
000: dt: 0.0000, sse=568493.3, rms=3.654
023: dt: 0.5000, sse=540603.5, rms=3.482 (4.706%)
rms = 3.4847/3.4819, sse=538034.8/540603.5, time step reduction 1 of 3 to 0.250  0 0 1
   RMS increased, rejecting step
024: dt: 0.2500, sse=456427.2, rms=2.922 (16.094%)
025: dt: 0.2500, sse=423521.0, rms=2.674 (8.488%)
026: dt: 0.2500, sse=416423.0, rms=2.615 (2.174%)
rms = 2.6038/2.6154, sse=415054.5/416423.0, time step reduction 2 of 3 to 0.125  0 0 1
027: dt: 0.2500, sse=415054.5, rms=2.604 (0.444%)
028: dt: 0.1250, sse=402241.1, rms=2.494 (4.233%)
rms = 2.4684/2.4936, sse=399349.0/402241.1, time step reduction 3 of 3 to 0.062  0 0 1
029: dt: 0.1250, sse=399349.0, rms=2.468 (1.010%)
  maximum number of reductions reached, breaking from loop
positioning took 0.5 minutes
Iteration 2 =========================================
n_averages=4, current_sigma=0.5
Computing target border values 
Entering MRIScomputeBorderValues_new(): 
  inside_hi   =  97.0925830;
  border_hi   =  60.0089300;
  border_low  =  40.0267910;
  outside_low =  10.0000000;
  outside_hi  =  55.0133970;
  sigma = 0.5;
  max_thickness = 10;
  step_size=0.5;
  STEP_SIZE=0.1;
  which = 2
  thresh = 0
  flags = 0
  CBVfindFirstPeakD1=0
  CBVfindFirstPeakD2=0
  nvertices=123295
  Gdiag_no=-1
  vno start=0, stop=123295
Replacing 255s with 0s
#SI# sigma=0.5 had to be increased for 11218 vertices, nripped=5244
mean border=55.5, 1824 (23) missing vertices, mean dist 0.1 [0.2 (%37.7)->0.3 (%62.3))]
%40 local maxima, %22 large gradients and %33 min vals, 0 gradients ignored
nFirstPeakD1 0
MRIScomputeBorderValues_new() finished in 0.0025 min


Averaging target values for 5 iterations...
Positioning Surface: tspring = 0.3, nspring = 0.3, spring = 0, niters = 100 l_repulse = 0, l_surf_repulse = 5, checktol = 0
Positioning pial surface
Entering MRISpositionSurface()
  max_mm = 0.3
  MAX_REDUCTIONS = 2, REDUCTION_PCT = 0.5
  parms->check_tol = 0, niterations = 100
tol=1.0e-04, sigma=0.5, host=dna05, nav=4, nbrs=2, l_surf_repulse=5.000, l_tspring=0.300, l_nspring=0.300, l_intensity=0.200, l_curv=1.000
mom=0.00, dt=0.50
000: dt: 0.0000, sse=489277.3, rms=3.124
rms = 3.3798/3.1245, sse=529078.4/489277.3, time step reduction 1 of 3 to 0.250  0 1 1
   RMS increased, rejecting step
030: dt: 0.2500, sse=434991.8, rms=2.727 (12.714%)
031: dt: 0.2500, sse=411147.0, rms=2.533 (7.125%)
rms = 2.5047/2.5329, sse=407589.8/411147.0, time step reduction 2 of 3 to 0.125  0 0 1
032: dt: 0.2500, sse=407589.8, rms=2.505 (1.116%)
033: dt: 0.1250, sse=395961.4, rms=2.402 (4.115%)
rms = 2.3778/2.4016, sse=393233.5/395961.4, time step reduction 3 of 3 to 0.062  0 0 1
034: dt: 0.1250, sse=393233.4, rms=2.378 (0.992%)
  maximum number of reductions reached, breaking from loop
positioning took 0.4 minutes
Iteration 3 =========================================
n_averages=2, current_sigma=0.25
Computing target border values 
Entering MRIScomputeBorderValues_new(): 
  inside_hi   =  97.0925830;
  border_hi   =  60.0089300;
  border_low  =  40.0267910;
  outside_low =  10.0000000;
  outside_hi  =  55.0133970;
  sigma = 0.25;
  max_thickness = 10;
  step_size=0.5;
  STEP_SIZE=0.1;
  which = 2
  thresh = 0
  flags = 0
  CBVfindFirstPeakD1=0
  CBVfindFirstPeakD2=0
  nvertices=123295
  Gdiag_no=-1
  vno start=0, stop=123295
Replacing 255s with 0s
#SI# sigma=0.25 had to be increased for 9882 vertices, nripped=5244
mean border=54.8, 3980 (19) missing vertices, mean dist 0.0 [0.2 (%41.4)->0.3 (%58.6))]
%44 local maxima, %16 large gradients and %32 min vals, 0 gradients ignored
nFirstPeakD1 0
MRIScomputeBorderValues_new() finished in 0.0017 min


Averaging target values for 5 iterations...
Positioning Surface: tspring = 0.3, nspring = 0.3, spring = 0, niters = 100 l_repulse = 0, l_surf_repulse = 5, checktol = 0
Positioning pial surface
Entering MRISpositionSurface()
  max_mm = 0.3
  MAX_REDUCTIONS = 2, REDUCTION_PCT = 0.5
  parms->check_tol = 0, niterations = 100
tol=1.0e-04, sigma=0.2, host=dna05, nav=2, nbrs=2, l_surf_repulse=5.000, l_tspring=0.300, l_nspring=0.300, l_intensity=0.200, l_curv=1.000
mom=0.00, dt=0.50
000: dt: 0.0000, sse=418929.4, rms=2.596
rms = 3.0422/2.5962, sse=477553.7/418929.4, time step reduction 1 of 3 to 0.250  0 1 1
   RMS increased, rejecting step
035: dt: 0.2500, sse=400948.1, rms=2.443 (5.916%)
036: dt: 0.2500, sse=394694.9, rms=2.391 (2.104%)
rms = 2.4016/2.3912, sse=395553.4/394694.9, time step reduction 2 of 3 to 0.125  0 1 1
   RMS increased, rejecting step
rms = 2.3679/2.3912, sse=392160.5/394694.9, time step reduction 3 of 3 to 0.062  0 0 1
037: dt: 0.1250, sse=392160.5, rms=2.368 (0.974%)
  maximum number of reductions reached, breaking from loop
positioning took 0.3 minutes
Pinning medial wall to white surface
removing intersecting faces
000: 5 intersecting
terminating search with 0 intersecting


Writing output to ../surf/lh.pial.T1
#ET# mris_place_surface  2.86 minutes
#VMPC# mris_place_surfaces VmPeak  2333220
mris_place_surface done
#@# white curv lh Tue Mar 10 08:07:03 CET 2026
cd /out/sourcedata/freesurfer/sub-v1s6x0051372_ses-1/mri
mris_place_surface --curv-map ../surf/lh.white 2 10 ../surf/lh.curv
insurf  ../surf/lh.white, nbrs 2, curvature_avgs 10
writing curvature file ../surf/lh.curv
#@# white area lh Tue Mar 10 08:07:04 CET 2026
cd /out/sourcedata/freesurfer/sub-v1s6x0051372_ses-1/mri
mris_place_surface --area-map ../surf/lh.white ../surf/lh.area
writing curvature file ../surf/lh.area
#@# pial curv lh Tue Mar 10 08:07:05 CET 2026
cd /out/sourcedata/freesurfer/sub-v1s6x0051372_ses-1/mri
mris_place_surface --curv-map ../surf/lh.pial 2 10 ../surf/lh.curv.pial
insurf  ../surf/lh.pial, nbrs 2, curvature_avgs 10
writing curvature file ../surf/lh.curv.pial
#@# pial area lh Tue Mar 10 08:07:07 CET 2026
cd /out/sourcedata/freesurfer/sub-v1s6x0051372_ses-1/mri
mris_place_surface --area-map ../surf/lh.pial ../surf/lh.area.pial
writing curvature file ../surf/lh.area.pial
#@# thickness lh Tue Mar 10 08:07:07 CET 2026
cd /out/sourcedata/freesurfer/sub-v1s6x0051372_ses-1/mri
mris_place_surface --thickness ../surf/lh.white ../surf/lh.pial 20 5 ../surf/lh.thickness
0 of 123295 vertices processed
25000 of 123295 vertices processed
50000 of 123295 vertices processed
75000 of 123295 vertices processed
100000 of 123295 vertices processed
0 of 123295 vertices processed
25000 of 123295 vertices processed
50000 of 123295 vertices processed
75000 of 123295 vertices processed
100000 of 123295 vertices processed
thickness calculation complete, 118:434 truncations.
56017 vertices at 0 distance
107243 vertices at 1 distance
54779 vertices at 2 distance
18363 vertices at 3 distance
6471 vertices at 4 distance
2268 vertices at 5 distance
823 vertices at 6 distance
297 vertices at 7 distance
115 vertices at 8 distance
76 vertices at 9 distance
36 vertices at 10 distance
20 vertices at 11 distance
13 vertices at 12 distance
14 vertices at 13 distance
6 vertices at 14 distance
9 vertices at 15 distance
10 vertices at 16 distance
5 vertices at 17 distance
8 vertices at 18 distance
1 vertices at 19 distance
16 vertices at 20 distance
writing curvature file ../surf/lh.thickness
#@# area and vertex vol lh Tue Mar 10 08:07:33 CET 2026
cd /out/sourcedata/freesurfer/sub-v1s6x0051372_ses-1/mri
mris_place_surface --thickness ../surf/lh.white ../surf/lh.pial 20 5 ../surf/lh.thickness
/out/sourcedata/freesurfer/sub-v1s6x0051372_ses-1/surf
mris_calc -o lh.area.mid lh.area add lh.area.pial
Saving result to 'lh.area.mid' (type = MRI_CURV_FILE)                       [ ok ]
mris_calc -o lh.area.mid lh.area.mid div 2
Saving result to 'lh.area.mid' (type = MRI_CURV_FILE)                       [ ok ]
mris_convert --volume sub-v1s6x0051372_ses-1 lh /out/sourcedata/freesurfer/sub-v1s6x0051372_ses-1/surf/lh.volume
masking with /out/sourcedata/freesurfer/sub-v1s6x0051372_ses-1/label/lh.cortex.label
Total face volume 221013
Total vertex volume 220834 (mask=0)
#@# sub-v1s6x0051372_ses-1 lh 220834
 
vertexvol Done

#-----------------------------------------
#@# Curvature Stats lh Tue Mar 10 08:07:35 CET 2026
/out/sourcedata/freesurfer/sub-v1s6x0051372_ses-1/surf

 mris_curvature_stats -m --writeCurvatureFiles -G -o ../stats/lh.curv.stats -F smoothwm sub-v1s6x0051372_ses-1 lh curv sulc 

             Toggling save flag on curvature files                       [ ok ]
                 Outputting results using filestem   [ ../stats/lh.curv.stats ]
             Toggling save flag on curvature files                       [ ok ]
                                   Setting surface [ sub-v1s6x0051372_ses-1/lh.smoothwm ]
                                Reading surface...                       [ ok ]
                                   Setting texture                     [ curv ]
                                Reading texture...                       [ ok ]
                                   Setting texture                     [ sulc ]
                                Reading texture...Gb_filter = 0
                       [ ok ]
      Calculating Discrete Principal Curvatures...
      Determining geometric order for vno faces... [####################] [ ok ]
                      Determining KH curvatures... [####################] [ ok ]
                    Determining k1k2 curvatures... [####################] [ ok ]
                                   deltaViolations                      [ 234 ]
Gb_filter = 0

WARN:    S lookup   min:                          -0.001111
WARN:    S explicit min:                          0.000000	vertex = 975
#-----------------------------------------
#@# Cortical Parc 2 lh Tue Mar 10 08:07:38 CET 2026
/out/sourcedata/freesurfer/sub-v1s6x0051372_ses-1/scripts

 mris_ca_label -l ../label/lh.cortex.label -aseg ../mri/aseg.presurf.mgz -seed 1234 sub-v1s6x0051372_ses-1 lh ../surf/lh.sphere.reg /opt/freesurfer/average/lh.CDaparc.atlas.acfb40.noaparc.i12.2016-08-02.gcs ../label/lh.aparc.a2009s.annot 

setting seed for random number generator to 1234
using ../mri/aseg.presurf.mgz aseg volume to correct midline
7.3.2
  7.3.2
reading atlas from /opt/freesurfer/average/lh.CDaparc.atlas.acfb40.noaparc.i12.2016-08-02.gcs...
reading color table from GCSA file....
average std = 3.0   using min determinant for regularization = 0.088
0 singular and 0 ill-conditioned covariance matrices regularized
input 0: MEAN CURVATURE, flags 0, avgs 5, name mean_curvature
labeling surface...
32 labels changed using aseg
relabeling using gibbs priors...
000:   8334 changed, 123295 examined...
001:   1903 changed, 32502 examined...
002:    564 changed, 10186 examined...
003:    227 changed, 3209 examined...
004:     80 changed, 1361 examined...
005:     49 changed, 480 examined...
006:     21 changed, 276 examined...
007:      8 changed, 123 examined...
008:      3 changed, 52 examined...
009:      2 changed, 20 examined...
010:      0 changed, 11 examined...
2 labels changed using aseg
000: 223 total segments, 136 labels (1300 vertices) changed
001: 92 total segments, 5 labels (8 vertices) changed
002: 87 total segments, 0 labels (0 vertices) changed
10 filter iterations complete (10 requested, 30 changed)
rationalizing unknown annotations with cortex label
relabeling Medial_wall label...
1244 vertices marked for relabeling...
1244 labels changed in reclassification.
writing output to ../label/lh.aparc.a2009s.annot...
classification took 0 minutes and 12 seconds.
#-----------------------------------------
#@# Cortical Parc 3 lh Tue Mar 10 08:07:50 CET 2026
/out/sourcedata/freesurfer/sub-v1s6x0051372_ses-1/scripts

 mris_ca_label -l ../label/lh.cortex.label -aseg ../mri/aseg.presurf.mgz -seed 1234 sub-v1s6x0051372_ses-1 lh ../surf/lh.sphere.reg /opt/freesurfer/average/lh.DKTaparc.atlas.acfb40.noaparc.i12.2016-08-02.gcs ../label/lh.aparc.DKTatlas.annot 

setting seed for random number generator to 1234
using ../mri/aseg.presurf.mgz aseg volume to correct midline
7.3.2
  7.3.2
reading atlas from /opt/freesurfer/average/lh.DKTaparc.atlas.acfb40.noaparc.i12.2016-08-02.gcs...
reading color table from GCSA file....
average std = 1.4   using min determinant for regularization = 0.020
0 singular and 383 ill-conditioned covariance matrices regularized
input 0: MEAN CURVATURE, flags 0, avgs 5, name mean_curvature
labeling surface...
1460 labels changed using aseg
relabeling using gibbs priors...
000:   1721 changed, 123295 examined...
001:    393 changed, 8394 examined...
002:    102 changed, 2287 examined...
003:     50 changed, 628 examined...
004:     26 changed, 291 examined...
005:     15 changed, 152 examined...
006:     12 changed, 87 examined...
007:      7 changed, 57 examined...
008:      5 changed, 45 examined...
009:      4 changed, 29 examined...
010:      4 changed, 20 examined...
011:      1 changed, 23 examined...
012:      0 changed, 7 examined...
184 labels changed using aseg
000: 51 total segments, 18 labels (82 vertices) changed
001: 33 total segments, 0 labels (0 vertices) changed
10 filter iterations complete (10 requested, 5 changed)
rationalizing unknown annotations with cortex label
relabeling unknown label...
relabeling corpuscallosum label...
842 vertices marked for relabeling...
842 labels changed in reclassification.
writing output to ../label/lh.aparc.DKTatlas.annot...
classification took 0 minutes and 9 seconds.
#-----------------------------------------
#@# WM/GM Contrast lh Tue Mar 10 08:07:59 CET 2026
/out/sourcedata/freesurfer/sub-v1s6x0051372_ses-1/scripts

 pctsurfcon --s sub-v1s6x0051372_ses-1 --lh-only 

Log file is /out/sourcedata/freesurfer/sub-v1s6x0051372_ses-1/scripts/pctsurfcon.log
Tue Mar 10 08:07:59 CET 2026
setenv SUBJECTS_DIR /out/sourcedata/freesurfer
cd /out/sourcedata/freesurfer/sub-v1s6x0051372_ses-1/scripts
/opt/freesurfer/bin/pctsurfcon
pctsurfcon 7.3.2
Linux dna059 5.14.0-427.37.1.el9_4.x86_64 #1 SMP PREEMPT_DYNAMIC Fri Sep 13 12:41:50 EDT 2024 x86_64 x86_64 x86_64 GNU/Linux
FREESURFER_HOME /opt/freesurfer
mri_vol2surf --mov /out/sourcedata/freesurfer/sub-v1s6x0051372_ses-1/mri/rawavg.mgz --hemi lh --noreshape --interp trilinear --projdist -1 --o /out/sourcedata/freesurfer/sub-v1s6x0051372_ses-1/surf/tmp.pctsurfcon.2854669/lh.wm.mgh --regheader sub-v1s6x0051372_ses-1 --cortex
srcvol = /out/sourcedata/freesurfer/sub-v1s6x0051372_ses-1/mri/rawavg.mgz
srcreg unspecified
srcregold = 0
srcwarp unspecified
surf = white
hemi = lh
ProjDist = -1
reshape = 0
interp = trilinear
float2int = round
GetProjMax = 0
INFO: float2int code = 0
Done loading volume
Computing registration from header.
  Using /out/sourcedata/freesurfer/sub-v1s6x0051372_ses-1/mri/orig.mgz as target reference.
-------- original matrix -----------
-1.00000   0.00000   0.00000   0.00000;
 0.00000   0.00000   1.00000   0.00000;
 0.00000  -1.00000   0.00000   0.00000;
 0.00000   0.00000   0.00000   1.00000;
-------- original matrix -----------
Loading label /out/sourcedata/freesurfer/sub-v1s6x0051372_ses-1/label/lh.cortex.label
Reading surface /out/sourcedata/freesurfer/sub-v1s6x0051372_ses-1/surf/lh.white
Done reading source surface
Mapping Source Volume onto Source Subject Surface
Projecting -1 -1 1
 1 -1 -1 -1
using old
Done mapping volume to surface
Number of source voxels hit = 73806
Masking with /out/sourcedata/freesurfer/sub-v1s6x0051372_ses-1/label/lh.cortex.label
Writing to /out/sourcedata/freesurfer/sub-v1s6x0051372_ses-1/surf/tmp.pctsurfcon.2854669/lh.wm.mgh
Dim: 123295 1 1
mri_vol2surf --mov /out/sourcedata/freesurfer/sub-v1s6x0051372_ses-1/mri/rawavg.mgz --hemi lh --noreshape --interp trilinear --o /out/sourcedata/freesurfer/sub-v1s6x0051372_ses-1/surf/tmp.pctsurfcon.2854669/lh.gm.mgh --projfrac 0.3 --regheader sub-v1s6x0051372_ses-1 --cortex
srcvol = /out/sourcedata/freesurfer/sub-v1s6x0051372_ses-1/mri/rawavg.mgz
srcreg unspecified
srcregold = 0
srcwarp unspecified
surf = white
hemi = lh
ProjFrac = 0.3
thickness = thickness
reshape = 0
interp = trilinear
float2int = round
GetProjMax = 0
INFO: float2int code = 0
Done loading volume
Computing registration from header.
  Using /out/sourcedata/freesurfer/sub-v1s6x0051372_ses-1/mri/orig.mgz as target reference.
-------- original matrix -----------
-1.00000   0.00000   0.00000   0.00000;
 0.00000   0.00000   1.00000   0.00000;
 0.00000  -1.00000   0.00000   0.00000;
 0.00000   0.00000   0.00000   1.00000;
-------- original matrix -----------
Loading label /out/sourcedata/freesurfer/sub-v1s6x0051372_ses-1/label/lh.cortex.label
Reading surface /out/sourcedata/freesurfer/sub-v1s6x0051372_ses-1/surf/lh.white
Done reading source surface
Reading thickness /out/sourcedata/freesurfer/sub-v1s6x0051372_ses-1/surf/lh.thickness
Done
Mapping Source Volume onto Source Subject Surface
Projecting 0.3 0.3 1
 1 0.3 0.3 0.3
using old
Done mapping volume to surface
Number of source voxels hit = 85140
Masking with /out/sourcedata/freesurfer/sub-v1s6x0051372_ses-1/label/lh.cortex.label
Writing to /out/sourcedata/freesurfer/sub-v1s6x0051372_ses-1/surf/tmp.pctsurfcon.2854669/lh.gm.mgh
Dim: 123295 1 1
mri_concat /out/sourcedata/freesurfer/sub-v1s6x0051372_ses-1/surf/tmp.pctsurfcon.2854669/lh.wm.mgh /out/sourcedata/freesurfer/sub-v1s6x0051372_ses-1/surf/tmp.pctsurfcon.2854669/lh.gm.mgh --paired-diff-norm --mul 100 --o /out/sourcedata/freesurfer/sub-v1s6x0051372_ses-1/surf/lh.w-g.pct.mgh
ninputs = 2
Checking inputs
nframestot = 2
Allocing output
Done allocing
Combining pairs
nframes = 1
Multiplying by 100.000000
Writing to /out/sourcedata/freesurfer/sub-v1s6x0051372_ses-1/surf/lh.w-g.pct.mgh
mri_segstats --in /out/sourcedata/freesurfer/sub-v1s6x0051372_ses-1/surf/lh.w-g.pct.mgh --annot sub-v1s6x0051372_ses-1 lh aparc --sum /out/sourcedata/freesurfer/sub-v1s6x0051372_ses-1/stats/lh.w-g.pct.stats --snr

7.3.2
cwd 
cmdline mri_segstats --in /out/sourcedata/freesurfer/sub-v1s6x0051372_ses-1/surf/lh.w-g.pct.mgh --annot sub-v1s6x0051372_ses-1 lh aparc --sum /out/sourcedata/freesurfer/sub-v1s6x0051372_ses-1/stats/lh.w-g.pct.stats --snr 
sysname  Linux
hostname dna059
machine  x86_64
user     oesteban
whitesurfname  white
UseRobust  0
Constructing seg from annotation

Reading annotation /out/sourcedata/freesurfer/sub-v1s6x0051372_ses-1/label/lh.aparc.annot
Seg base 1000
Loading /out/sourcedata/freesurfer/sub-v1s6x0051372_ses-1/surf/lh.w-g.pct.mgh
Vertex Area is 0.685933 mm^3
Generating list of segmentation ids
Found  36 segmentations
Computing statistics for each segmentation

Reporting on  35 segmentations
Using PrintSegStat
mri_segstats done
Cleaning up

Started at Tue Mar 10 07:46:32 CET 2026 
Ended   at Tue Mar 10 08:08:02 CET 2026
#@#%# recon-all-run-time-hours 0.358
recon-all -s sub-v1s6x0051372_ses-1 finished without error at Tue Mar 10 08:08:02 CET 2026



#New# invocation of recon-all 




Tue Mar 10 08:37:00 CET 2026
cd /out/sourcedata/freesurfer/sub-v1s6x0051372_ses-1
setenv SUBJECTS_DIR /out/sourcedata/freesurfer
/opt/freesurfer/bin/recon-all -autorecon-hemi lh -nohyporelabel -lh-only -openmp 16 -subjid sub-v1s6x0051372_ses-1 -sd /out/sourcedata/freesurfer -notessellate -nosmooth1 -noinflate1 -noqsphere -nofix -nowhite -nosmooth2 -noinflate2 -nocurvHK -nocurvstats -nosphere -nosurfreg -nojacobian_white -noavgcurv -nocortparc -nopial -nocortparc2 -nocortparc3 -nopctsurfcon

subjid sub-v1s6x0051372_ses-1
setenv SUBJECTS_DIR /out/sourcedata/freesurfer
FREESURFER_HOME /opt/freesurfer
Actual FREESURFER_HOME /opt/freesurfer
build-stamp.txt: freesurfer-linux-ubuntu22_x86_64-7.3.2-20220804-6354275
Linux dna059 5.14.0-427.37.1.el9_4.x86_64 #1 SMP PREEMPT_DYNAMIC Fri Sep 13 12:41:50 EDT 2024 x86_64 x86_64 x86_64 GNU/Linux
cputime      unlimited
filesize     unlimited
datasize     unlimited
stacksize    8192 kbytes
coredumpsize 0 kbytes
memoryuse    67108864 kbytes
vmemoryuse   unlimited
descriptors  1024 
memorylocked unlimited
maxproc      2061970 
maxlocks     unlimited
maxsignal    2061970 
maxmessage   819200 
maxnice      0 
maxrtprio    0 
maxrttime    unlimited

               total        used        free      shared  buff/cache   available
Mem:           503Gi        50Gi       403Gi        12Gi        48Gi       436Gi
Swap:             0B          0B          0B

########################################
program versions used
7.3.2 (freesurfer-linux-ubuntu22_x86_64-7.3.2-20220804-6354275)
7.3.2

ProgramName: lta_convert  ProgramArguments: lta_convert -all-info  ProgramVersion: 7.3.2  TimeStamp: 2026/03/10-07:37:00-GMT  BuildTime: Aug  4 2022 06:17:15  BuildStamp: freesurfer-linux-ubuntu22_x86_64-7.3.2-20220804-6354275  User: oesteban  Machine: dna059  Platform: Linux  PlatformVersion: 5.14.0-427.37.1.el9_4.x86_64  CompilerName: GCC  CompilerVersion: 8.4.0
ProgramName: mri_and  ProgramArguments: mri_and -all-info  ProgramVersion: 7.3.2  TimeStamp: 2026/03/10-07:37:00-GMT  BuildTime: Aug  4 2022 06:17:15  BuildStamp: freesurfer-linux-ubuntu22_x86_64-7.3.2-20220804-6354275  User: oesteban  Machine: dna059  Platform: Linux  PlatformVersion: 5.14.0-427.37.1.el9_4.x86_64  CompilerName: GCC  CompilerVersion: 8.4.0
ProgramName: mri_annotation2label  ProgramArguments: mri_annotation2label -all-info  ProgramVersion: 7.3.2  TimeStamp: 2026/03/10-07:37:00-GMT  BuildTime: Aug  4 2022 06:17:15  BuildStamp: freesurfer-linux-ubuntu22_x86_64-7.3.2-20220804-6354275  User: oesteban  Machine: dna059  Platform: Linux  PlatformVersion: 5.14.0-427.37.1.el9_4.x86_64  CompilerName: GCC  CompilerVersion: 8.4.0
ProgramName: mri_aparc2aseg  ProgramArguments: mri_aparc2aseg -all-info  ProgramVersion: 7.3.2  TimeStamp: 2026/03/10-07:37:00-GMT  BuildTime: Aug  4 2022 06:17:15  BuildStamp: freesurfer-linux-ubuntu22_x86_64-7.3.2-20220804-6354275  User: oesteban  Machine: dna059  Platform: Linux  PlatformVersion: 5.14.0-427.37.1.el9_4.x86_64  CompilerName: GCC  CompilerVersion: 8.4.0
ProgramName: mri_surf2volseg  ProgramArguments: mri_surf2volseg -all-info  ProgramVersion: 7.3.2  TimeStamp: 2026/03/10-07:37:00-GMT  BuildTime: Aug  4 2022 06:17:15  BuildStamp: freesurfer-linux-ubuntu22_x86_64-7.3.2-20220804-6354275  User: oesteban  Machine: dna059  Platform: Linux  PlatformVersion: 5.14.0-427.37.1.el9_4.x86_64  CompilerName: GCC  CompilerVersion: 8.4.0
ProgramName: mri_binarize  ProgramArguments: mri_binarize -all-info  ProgramVersion: 7.3.2  TimeStamp: 2026/03/10-07:37:00-GMT  BuildTime: Aug  4 2022 06:17:15  BuildStamp: freesurfer-linux-ubuntu22_x86_64-7.3.2-20220804-6354275  User: oesteban  Machine: dna059  Platform: Linux  PlatformVersion: 5.14.0-427.37.1.el9_4.x86_64  CompilerName: GCC  CompilerVersion: 8.4.0
ProgramName: mri_ca_label  ProgramArguments: mri_ca_label -all-info  ProgramVersion: 7.3.2  TimeStamp: 2026/03/10-07:37:00-GMT  BuildTime: Aug  4 2022 06:17:15  BuildStamp: freesurfer-linux-ubuntu22_x86_64-7.3.2-20220804-6354275  User: oesteban  Machine: dna059  Platform: Linux  PlatformVersion: 5.14.0-427.37.1.el9_4.x86_64  CompilerName: GCC  CompilerVersion: 8.4.0
ProgramName: mri_ca_normalize  ProgramArguments: mri_ca_normalize -all-info  ProgramVersion: 7.3.2  TimeStamp: 2026/03/10-07:37:01-GMT  BuildTime: Aug  4 2022 06:17:15  BuildStamp: freesurfer-linux-ubuntu22_x86_64-7.3.2-20220804-6354275  User: oesteban  Machine: dna059  Platform: Linux  PlatformVersion: 5.14.0-427.37.1.el9_4.x86_64  CompilerName: GCC  CompilerVersion: 8.4.0
ProgramName: mri_ca_register  ProgramArguments: mri_ca_register -all-info  ProgramVersion: 7.3.2  TimeStamp: 2026/03/10-07:37:01-GMT  BuildTime: Aug  4 2022 06:17:15  BuildStamp: freesurfer-linux-ubuntu22_x86_64-7.3.2-20220804-6354275  User: oesteban  Machine: dna059  Platform: Linux  PlatformVersion: 5.14.0-427.37.1.el9_4.x86_64  CompilerName: GCC  CompilerVersion: 8.4.0
ProgramName: mri_cc  ProgramArguments: mri_cc -all-info  ProgramVersion: 7.3.2  TimeStamp: 2026/03/10-07:37:01-GMT  BuildTime: Aug  4 2022 06:17:15  BuildStamp: freesurfer-linux-ubuntu22_x86_64-7.3.2-20220804-6354275  User: oesteban  Machine: dna059  Platform: Linux  PlatformVersion: 5.14.0-427.37.1.el9_4.x86_64  CompilerName: GCC  CompilerVersion: 8.4.0
ProgramName: mri_compute_overlap  ProgramArguments: mri_compute_overlap -all-info  ProgramVersion: 7.3.2  TimeStamp: 2026/03/10-07:37:01-GMT  BuildTime: Aug  4 2022 06:17:15  BuildStamp: freesurfer-linux-ubuntu22_x86_64-7.3.2-20220804-6354275  User: oesteban  Machine: dna059  Platform: Linux  PlatformVersion: 5.14.0-427.37.1.el9_4.x86_64  CompilerName: GCC  CompilerVersion: 8.4.0
ProgramName: mri_compute_seg_overlap  ProgramArguments: mri_compute_seg_overlap -all-info  ProgramVersion: 7.3.2  TimeStamp: 2026/03/10-07:37:01-GMT  BuildTime: Aug  4 2022 06:17:15  BuildStamp: freesurfer-linux-ubuntu22_x86_64-7.3.2-20220804-6354275  User: oesteban  Machine: dna059  Platform: Linux  PlatformVersion: 5.14.0-427.37.1.el9_4.x86_64  CompilerName: GCC  CompilerVersion: 8.4.0
ProgramName: mri_concat  ProgramArguments: mri_concat -all-info  ProgramVersion: 7.3.2  TimeStamp: 2026/03/10-07:37:01-GMT  BuildTime: Aug  4 2022 06:17:15  BuildStamp: freesurfer-linux-ubuntu22_x86_64-7.3.2-20220804-6354275  User: oesteban  Machine: dna059  Platform: Linux  PlatformVersion: 5.14.0-427.37.1.el9_4.x86_64  CompilerName: GCC  CompilerVersion: 8.4.0
ProgramName: mri_concatenate_lta  ProgramArguments: mri_concatenate_lta -all-info  ProgramVersion: 7.3.2  TimeStamp: 2026/03/10-07:37:01-GMT  BuildTime: Aug  4 2022 06:17:15  BuildStamp: freesurfer-linux-ubuntu22_x86_64-7.3.2-20220804-6354275  User: oesteban  Machine: dna059  Platform: Linux  PlatformVersion: 5.14.0-427.37.1.el9_4.x86_64  CompilerName: GCC  CompilerVersion: 8.4.0
mri_convert -all-info 
ProgramName: mri_convert  ProgramArguments: mri_convert -all-info  ProgramVersion: 7.3.2  TimeStamp: 2026/03/10-07:37:01-GMT  BuildTime: Aug  4 2022 06:17:15  BuildStamp: freesurfer-linux-ubuntu22_x86_64-7.3.2-20220804-6354275  User: oesteban  Machine: dna059  Platform: Linux  PlatformVersion: 5.14.0-427.37.1.el9_4.x86_64  CompilerName: GCC  CompilerVersion: 8.4.0
ProgramName: mri_diff  ProgramArguments: mri_diff -all-info  ProgramVersion: 7.3.2  TimeStamp: 2026/03/10-07:37:01-GMT  BuildTime: Aug  4 2022 06:17:15  BuildStamp: freesurfer-linux-ubuntu22_x86_64-7.3.2-20220804-6354275  User: oesteban  Machine: dna059  Platform: Linux  PlatformVersion: 5.14.0-427.37.1.el9_4.x86_64  CompilerName: GCC  CompilerVersion: 8.4.0
ProgramName: mri_edit_wm_with_aseg  ProgramArguments: mri_edit_wm_with_aseg -all-info  ProgramVersion: 7.3.2  TimeStamp: 2026/03/10-07:37:01-GMT  BuildTime: Aug  4 2022 06:17:15  BuildStamp: freesurfer-linux-ubuntu22_x86_64-7.3.2-20220804-6354275  User: oesteban  Machine: dna059  Platform: Linux  PlatformVersion: 5.14.0-427.37.1.el9_4.x86_64  CompilerName: GCC  CompilerVersion: 8.4.0
ProgramName: mri_em_register  ProgramArguments: mri_em_register -all-info  ProgramVersion: 7.3.2  TimeStamp: 2026/03/10-07:37:01-GMT  BuildTime: Aug  4 2022 06:17:15  BuildStamp: freesurfer-linux-ubuntu22_x86_64-7.3.2-20220804-6354275  User: oesteban  Machine: dna059  Platform: Linux  PlatformVersion: 5.14.0-427.37.1.el9_4.x86_64  CompilerName: GCC  CompilerVersion: 8.4.0
ProgramName: mri_fill  ProgramArguments: mri_fill -all-info  ProgramVersion: 7.3.2  TimeStamp: 2026/03/10-07:37:01-GMT  BuildTime: Aug  4 2022 06:17:15  BuildStamp: freesurfer-linux-ubuntu22_x86_64-7.3.2-20220804-6354275  User: oesteban  Machine: dna059  Platform: Linux  PlatformVersion: 5.14.0-427.37.1.el9_4.x86_64  CompilerName: GCC  CompilerVersion: 8.4.0
ProgramName: mri_fuse_segmentations  ProgramArguments: mri_fuse_segmentations -all-info  ProgramVersion: 7.3.2  TimeStamp: 2026/03/10-07:37:01-GMT  BuildTime: Aug  4 2022 06:17:15  BuildStamp: freesurfer-linux-ubuntu22_x86_64-7.3.2-20220804-6354275  User: oesteban  Machine: dna059  Platform: Linux  PlatformVersion: 5.14.0-427.37.1.el9_4.x86_64  CompilerName: GCC  CompilerVersion: 8.4.0
ProgramName: mri_fwhm  ProgramArguments: mri_fwhm -all-info  ProgramVersion: 7.3.2  TimeStamp: 2026/03/10-07:37:01-GMT  BuildTime: Aug  4 2022 06:17:15  BuildStamp: freesurfer-linux-ubuntu22_x86_64-7.3.2-20220804-6354275  User: oesteban  Machine: dna059  Platform: Linux  PlatformVersion: 5.14.0-427.37.1.el9_4.x86_64  CompilerName: GCC  CompilerVersion: 8.4.0
ProgramName: mri_gcut  ProgramArguments: mri_gcut -all-info  ProgramVersion: 7.3.2  TimeStamp: 2026/03/10-07:37:01-GMT  BuildTime: Aug  4 2022 06:17:15  BuildStamp: freesurfer-linux-ubuntu22_x86_64-7.3.2-20220804-6354275  User: oesteban  Machine: dna059  Platform: Linux  PlatformVersion: 5.14.0-427.37.1.el9_4.x86_64  CompilerName: GCC  CompilerVersion: 8.4.0
ProgramName: mri_info  ProgramArguments: mri_info -all-info  ProgramVersion: 7.3.2  TimeStamp: 2026/03/10-07:37:01-GMT  BuildTime: Aug  4 2022 06:17:15  BuildStamp: freesurfer-linux-ubuntu22_x86_64-7.3.2-20220804-6354275  User: oesteban  Machine: dna059  Platform: Linux  PlatformVersion: 5.14.0-427.37.1.el9_4.x86_64  CompilerName: GCC  CompilerVersion: 8.4.0
ProgramName: mri_label2label  ProgramArguments: mri_label2label -all-info  ProgramVersion: 7.3.2  TimeStamp: 2026/03/10-07:37:01-GMT  BuildTime: Aug  4 2022 06:17:15  BuildStamp: freesurfer-linux-ubuntu22_x86_64-7.3.2-20220804-6354275  User: oesteban  Machine: dna059  Platform: Linux  PlatformVersion: 5.14.0-427.37.1.el9_4.x86_64  CompilerName: GCC  CompilerVersion: 8.4.0
ProgramName: mri_label2vol  ProgramArguments: mri_label2vol -all-info  ProgramVersion: 7.3.2  TimeStamp: 2026/03/10-07:37:01-GMT  BuildTime: Aug  4 2022 06:17:15  BuildStamp: freesurfer-linux-ubuntu22_x86_64-7.3.2-20220804-6354275  User: oesteban  Machine: dna059  Platform: Linux  PlatformVersion: 5.14.0-427.37.1.el9_4.x86_64  CompilerName: GCC  CompilerVersion: 8.4.0
ProgramName: mri_log_likelihood  ProgramArguments: mri_log_likelihood -all-info  ProgramVersion: 7.3.2  TimeStamp: 2026/03/10-07:37:01-GMT  BuildTime: Aug  4 2022 06:17:15  BuildStamp: freesurfer-linux-ubuntu22_x86_64-7.3.2-20220804-6354275  User: oesteban  Machine: dna059  Platform: Linux  PlatformVersion: 5.14.0-427.37.1.el9_4.x86_64  CompilerName: GCC  CompilerVersion: 8.4.0
ProgramName: mri_mask  ProgramArguments: mri_mask -all-info  ProgramVersion: 7.3.2  TimeStamp: 2026/03/10-07:37:01-GMT  BuildTime: Aug  4 2022 06:17:15  BuildStamp: freesurfer-linux-ubuntu22_x86_64-7.3.2-20220804-6354275  User: oesteban  Machine: dna059  Platform: Linux  PlatformVersion: 5.14.0-427.37.1.el9_4.x86_64  CompilerName: GCC  CompilerVersion: 8.4.0
ProgramName: mri_matrix_multiply  ProgramArguments: mri_matrix_multiply -all-info  ProgramVersion: 7.3.2  TimeStamp: 2026/03/10-07:37:01-GMT  BuildTime: Aug  4 2022 06:17:15  BuildStamp: freesurfer-linux-ubuntu22_x86_64-7.3.2-20220804-6354275  User: oesteban  Machine: dna059  Platform: Linux  PlatformVersion: 5.14.0-427.37.1.el9_4.x86_64  CompilerName: GCC  CompilerVersion: 8.4.0
ProgramName: mri_normalize  ProgramArguments: mri_normalize -all-info  ProgramVersion: 7.3.2  TimeStamp: 2026/03/10-07:37:01-GMT  BuildTime: Aug  4 2022 06:17:15  BuildStamp: freesurfer-linux-ubuntu22_x86_64-7.3.2-20220804-6354275  User: oesteban  Machine: dna059  Platform: Linux  PlatformVersion: 5.14.0-427.37.1.el9_4.x86_64  CompilerName: GCC  CompilerVersion: 8.4.0
ProgramName: mri_normalize_tp2  ProgramArguments: mri_normalize_tp2 -all-info  ProgramVersion: 7.3.2  TimeStamp: 2026/03/10-07:37:01-GMT  BuildTime: Aug  4 2022 06:17:15  BuildStamp: freesurfer-linux-ubuntu22_x86_64-7.3.2-20220804-6354275  User: oesteban  Machine: dna059  Platform: Linux  PlatformVersion: 5.14.0-427.37.1.el9_4.x86_64  CompilerName: GCC  CompilerVersion: 8.4.0
ProgramName: mri_or  ProgramArguments: mri_or -all-info  ProgramVersion: 7.3.2  TimeStamp: 2026/03/10-07:37:01-GMT  BuildTime: Aug  4 2022 06:17:15  BuildStamp: freesurfer-linux-ubuntu22_x86_64-7.3.2-20220804-6354275  User: oesteban  Machine: dna059  Platform: Linux  PlatformVersion: 5.14.0-427.37.1.el9_4.x86_64  CompilerName: GCC  CompilerVersion: 8.4.0
ProgramName: mri_relabel_hypointensities  ProgramArguments: mri_relabel_hypointensities -all-info  ProgramVersion: 7.3.2  TimeStamp: 2026/03/10-07:37:01-GMT  BuildTime: Aug  4 2022 06:17:15  BuildStamp: freesurfer-linux-ubuntu22_x86_64-7.3.2-20220804-6354275  User: oesteban  Machine: dna059  Platform: Linux  PlatformVersion: 5.14.0-427.37.1.el9_4.x86_64  CompilerName: GCC  CompilerVersion: 8.4.0
ProgramName: mri_relabel_nonwm_hypos  ProgramArguments: mri_relabel_nonwm_hypos -all-info  ProgramVersion: 7.3.2  TimeStamp: 2026/03/10-07:37:01-GMT  BuildTime: Aug  4 2022 06:17:15  BuildStamp: freesurfer-linux-ubuntu22_x86_64-7.3.2-20220804-6354275  User: oesteban  Machine: dna059  Platform: Linux  PlatformVersion: 5.14.0-427.37.1.el9_4.x86_64  CompilerName: GCC  CompilerVersion: 8.4.0
ProgramName: mri_remove_neck  ProgramArguments: mri_remove_neck -all-info  ProgramVersion: 7.3.2  TimeStamp: 2026/03/10-07:37:01-GMT  BuildTime: Aug  4 2022 06:17:15  BuildStamp: freesurfer-linux-ubuntu22_x86_64-7.3.2-20220804-6354275  User: oesteban  Machine: dna059  Platform: Linux  PlatformVersion: 5.14.0-427.37.1.el9_4.x86_64  CompilerName: GCC  CompilerVersion: 8.4.0
7.3.2

ProgramName: mri_robust_register  ProgramArguments: mri_robust_register -all-info  ProgramVersion: 7.3.2  TimeStamp: 2026/03/10-07:37:01-GMT  BuildTime: Aug  4 2022 06:17:15  BuildStamp: freesurfer-linux-ubuntu22_x86_64-7.3.2-20220804-6354275  User: oesteban  Machine: dna059  Platform: Linux  PlatformVersion: 5.14.0-427.37.1.el9_4.x86_64  CompilerName: GCC  CompilerVersion: 8.4.0
7.3.2

ProgramName: mri_robust_template  ProgramArguments: mri_robust_template -all-info  ProgramVersion: 7.3.2  TimeStamp: 2026/03/10-07:37:01-GMT  BuildTime: Aug  4 2022 06:17:15  BuildStamp: freesurfer-linux-ubuntu22_x86_64-7.3.2-20220804-6354275  User: oesteban  Machine: dna059  Platform: Linux  PlatformVersion: 5.14.0-427.37.1.el9_4.x86_64  CompilerName: GCC  CompilerVersion: 8.4.0
ProgramName: mris_anatomical_stats  ProgramArguments: mris_anatomical_stats -all-info  ProgramVersion: 7.3.2  TimeStamp: 2026/03/10-07:37:01-GMT  BuildTime: Aug  4 2022 06:17:15  BuildStamp: freesurfer-linux-ubuntu22_x86_64-7.3.2-20220804-6354275  User: oesteban  Machine: dna059  Platform: Linux  PlatformVersion: 5.14.0-427.37.1.el9_4.x86_64  CompilerName: GCC  CompilerVersion: 8.4.0
ProgramName: mris_ca_label  ProgramArguments: mris_ca_label -all-info  ProgramVersion: 7.3.2  TimeStamp: 2026/03/10-07:37:01-GMT  BuildTime: Aug  4 2022 06:17:15  BuildStamp: freesurfer-linux-ubuntu22_x86_64-7.3.2-20220804-6354275  User: oesteban  Machine: dna059  Platform: Linux  PlatformVersion: 5.14.0-427.37.1.el9_4.x86_64  CompilerName: GCC  CompilerVersion: 8.4.0
ProgramName: mris_calc  ProgramArguments: mris_calc -all-info  ProgramVersion: 7.3.2  TimeStamp: 2026/03/10-07:37:01-GMT  BuildTime: Aug  4 2022 06:17:15  BuildStamp: freesurfer-linux-ubuntu22_x86_64-7.3.2-20220804-6354275  User: oesteban  Machine: dna059  Platform: Linux  PlatformVersion: 5.14.0-427.37.1.el9_4.x86_64  CompilerName: GCC  CompilerVersion: 8.4.0
ProgramName: mris_convert  ProgramArguments: mris_convert -all-info  ProgramVersion: 7.3.2  TimeStamp: 2026/03/10-07:37:01-GMT  BuildTime: Aug  4 2022 06:17:15  BuildStamp: freesurfer-linux-ubuntu22_x86_64-7.3.2-20220804-6354275  User: oesteban  Machine: dna059  Platform: Linux  PlatformVersion: 5.14.0-427.37.1.el9_4.x86_64  CompilerName: GCC  CompilerVersion: 8.4.0
ProgramName: mris_curvature  ProgramArguments: mris_curvature -all-info  ProgramVersion: 7.3.2  TimeStamp: 2026/03/10-07:37:01-GMT  BuildTime: Aug  4 2022 06:17:15  BuildStamp: freesurfer-linux-ubuntu22_x86_64-7.3.2-20220804-6354275  User: oesteban  Machine: dna059  Platform: Linux  PlatformVersion: 5.14.0-427.37.1.el9_4.x86_64  CompilerName: GCC  CompilerVersion: 8.4.0
ProgramName: mris_curvature_stats  ProgramArguments: mris_curvature_stats -all-info  ProgramVersion: 7.3.2  TimeStamp: 2026/03/10-07:37:01-GMT  BuildTime: Aug  4 2022 06:17:15  BuildStamp: freesurfer-linux-ubuntu22_x86_64-7.3.2-20220804-6354275  User: oesteban  Machine: dna059  Platform: Linux  PlatformVersion: 5.14.0-427.37.1.el9_4.x86_64  CompilerName: GCC  CompilerVersion: 8.4.0
ProgramName: mris_diff  ProgramArguments: mris_diff -all-info  ProgramVersion: 7.3.2  TimeStamp: 2026/03/10-07:37:01-GMT  BuildTime: Aug  4 2022 06:17:15  BuildStamp: freesurfer-linux-ubuntu22_x86_64-7.3.2-20220804-6354275  User: oesteban  Machine: dna059  Platform: Linux  PlatformVersion: 5.14.0-427.37.1.el9_4.x86_64  CompilerName: GCC  CompilerVersion: 8.4.0
ProgramName: mris_divide_parcellation  ProgramArguments: mris_divide_parcellation -all-info  ProgramVersion: 7.3.2  TimeStamp: 2026/03/10-07:37:01-GMT  BuildTime: Aug  4 2022 06:17:15  BuildStamp: freesurfer-linux-ubuntu22_x86_64-7.3.2-20220804-6354275  User: oesteban  Machine: dna059  Platform: Linux  PlatformVersion: 5.14.0-427.37.1.el9_4.x86_64  CompilerName: GCC  CompilerVersion: 8.4.0
ProgramName: mri_segment  ProgramArguments: mri_segment -all-info  ProgramVersion: 7.3.2  TimeStamp: 2026/03/10-07:37:01-GMT  BuildTime: Aug  4 2022 06:17:15  BuildStamp: freesurfer-linux-ubuntu22_x86_64-7.3.2-20220804-6354275  User: oesteban  Machine: dna059  Platform: Linux  PlatformVersion: 5.14.0-427.37.1.el9_4.x86_64  CompilerName: GCC  CompilerVersion: 8.4.0
ProgramName: mri_segstats  ProgramArguments: mri_segstats -all-info  ProgramVersion: 7.3.2  TimeStamp: 2026/03/10-07:37:01-GMT  BuildTime: Aug  4 2022 06:17:15  BuildStamp: freesurfer-linux-ubuntu22_x86_64-7.3.2-20220804-6354275  User: oesteban  Machine: dna059  Platform: Linux  PlatformVersion: 5.14.0-427.37.1.el9_4.x86_64  CompilerName: GCC  CompilerVersion: 8.4.0
ProgramName: mris_euler_number  ProgramArguments: mris_euler_number -all-info  ProgramVersion: 7.3.2  TimeStamp: 2026/03/10-07:37:01-GMT  BuildTime: Aug  4 2022 06:17:15  BuildStamp: freesurfer-linux-ubuntu22_x86_64-7.3.2-20220804-6354275  User: oesteban  Machine: dna059  Platform: Linux  PlatformVersion: 5.14.0-427.37.1.el9_4.x86_64  CompilerName: GCC  CompilerVersion: 8.4.0
ProgramName: mris_fix_topology  ProgramArguments: mris_fix_topology -all-info  ProgramVersion: 7.3.2  TimeStamp: 2026/03/10-07:37:01-GMT  BuildTime: Aug  4 2022 06:17:15  BuildStamp: freesurfer-linux-ubuntu22_x86_64-7.3.2-20220804-6354275  User: oesteban  Machine: dna059  Platform: Linux  PlatformVersion: 5.14.0-427.37.1.el9_4.x86_64  CompilerName: GCC  CompilerVersion: 8.4.0
ProgramName: mris_topo_fixer  ProgramArguments: mris_topo_fixer -all-info  ProgramVersion: 7.3.2  TimeStamp: 2026/03/10-07:37:01-GMT  BuildTime: Aug  4 2022 06:17:15  BuildStamp: freesurfer-linux-ubuntu22_x86_64-7.3.2-20220804-6354275  User: oesteban  Machine: dna059  Platform: Linux  PlatformVersion: 5.14.0-427.37.1.el9_4.x86_64  CompilerName: GCC  CompilerVersion: 8.4.0
ProgramName: mris_jacobian  ProgramArguments: mris_jacobian -all-info  ProgramVersion: 7.3.2  TimeStamp: 2026/03/10-07:37:01-GMT  BuildTime: Aug  4 2022 06:17:15  BuildStamp: freesurfer-linux-ubuntu22_x86_64-7.3.2-20220804-6354275  User: oesteban  Machine: dna059  Platform: Linux  PlatformVersion: 5.14.0-427.37.1.el9_4.x86_64  CompilerName: GCC  CompilerVersion: 8.4.0
ProgramName: mris_label2annot  ProgramArguments: mris_label2annot -all-info  ProgramVersion: 7.3.2  TimeStamp: 2026/03/10-07:37:01-GMT  BuildTime: Aug  4 2022 06:17:15  BuildStamp: freesurfer-linux-ubuntu22_x86_64-7.3.2-20220804-6354275  User: oesteban  Machine: dna059  Platform: Linux  PlatformVersion: 5.14.0-427.37.1.el9_4.x86_64  CompilerName: GCC  CompilerVersion: 8.4.0
ProgramName: mris_left_right_register  ProgramArguments: mris_left_right_register -all-info  ProgramVersion: 7.3.2  TimeStamp: 2026/03/10-07:37:01-GMT  BuildTime: Aug  4 2022 06:17:15  BuildStamp: freesurfer-linux-ubuntu22_x86_64-7.3.2-20220804-6354275  User: oesteban  Machine: dna059  Platform: Linux  PlatformVersion: 5.14.0-427.37.1.el9_4.x86_64  CompilerName: GCC  CompilerVersion: 8.4.0
ProgramName: mris_place_surface  ProgramArguments: mris_place_surface -all-info  ProgramVersion: 7.3.2  TimeStamp: 2026/03/10-07:37:01-GMT  BuildTime: Aug  4 2022 06:17:15  BuildStamp: freesurfer-linux-ubuntu22_x86_64-7.3.2-20220804-6354275  User: oesteban  Machine: dna059  Platform: Linux  PlatformVersion: 5.14.0-427.37.1.el9_4.x86_64  CompilerName: GCC  CompilerVersion: 8.4.0
ProgramName: mrisp_paint  ProgramArguments: mrisp_paint -all-info  ProgramVersion: 7.3.2  TimeStamp: 2026/03/10-07:37:01-GMT  BuildTime: Aug  4 2022 06:17:15  BuildStamp: freesurfer-linux-ubuntu22_x86_64-7.3.2-20220804-6354275  User: oesteban  Machine: dna059  Platform: Linux  PlatformVersion: 5.14.0-427.37.1.el9_4.x86_64  CompilerName: GCC  CompilerVersion: 8.4.0
ProgramName: mris_register  ProgramArguments: mris_register -all-info  ProgramVersion: 7.3.2  TimeStamp: 2026/03/10-07:37:01-GMT  BuildTime: Aug  4 2022 06:17:15  BuildStamp: freesurfer-linux-ubuntu22_x86_64-7.3.2-20220804-6354275  User: oesteban  Machine: dna059  Platform: Linux  PlatformVersion: 5.14.0-427.37.1.el9_4.x86_64  CompilerName: GCC  CompilerVersion: 8.4.0
ProgramName: mris_smooth  ProgramArguments: mris_smooth -all-info  ProgramVersion: 7.3.2  TimeStamp: 2026/03/10-07:37:01-GMT  BuildTime: Aug  4 2022 06:17:15  BuildStamp: freesurfer-linux-ubuntu22_x86_64-7.3.2-20220804-6354275  User: oesteban  Machine: dna059  Platform: Linux  PlatformVersion: 5.14.0-427.37.1.el9_4.x86_64  CompilerName: GCC  CompilerVersion: 8.4.0
ProgramName: mris_sphere  ProgramArguments: mris_sphere -all-info  ProgramVersion: 7.3.2  TimeStamp: 2026/03/10-07:37:01-GMT  BuildTime: Aug  4 2022 06:17:15  BuildStamp: freesurfer-linux-ubuntu22_x86_64-7.3.2-20220804-6354275  User: oesteban  Machine: dna059  Platform: Linux  PlatformVersion: 5.14.0-427.37.1.el9_4.x86_64  CompilerName: GCC  CompilerVersion: 8.4.0
ProgramName: mris_surface_stats  ProgramArguments: mris_surface_stats -all-info  ProgramVersion: 7.3.2  TimeStamp: 2026/03/10-07:37:01-GMT  BuildTime: Aug  4 2022 06:17:15  BuildStamp: freesurfer-linux-ubuntu22_x86_64-7.3.2-20220804-6354275  User: oesteban  Machine: dna059  Platform: Linux  PlatformVersion: 5.14.0-427.37.1.el9_4.x86_64  CompilerName: GCC  CompilerVersion: 8.4.0
ProgramName: mri_stats2seg  ProgramArguments: mri_stats2seg -all-info  ProgramVersion: 7.3.2  TimeStamp: 2026/03/10-07:37:01-GMT  BuildTime: Aug  4 2022 06:17:15  BuildStamp: freesurfer-linux-ubuntu22_x86_64-7.3.2-20220804-6354275  User: oesteban  Machine: dna059  Platform: Linux  PlatformVersion: 5.14.0-427.37.1.el9_4.x86_64  CompilerName: GCC  CompilerVersion: 8.4.0
ProgramName: mris_thickness  ProgramArguments: mris_thickness -all-info  ProgramVersion: 7.3.2  TimeStamp: 2026/03/10-07:37:01-GMT  BuildTime: Aug  4 2022 06:17:15  BuildStamp: freesurfer-linux-ubuntu22_x86_64-7.3.2-20220804-6354275  User: oesteban  Machine: dna059  Platform: Linux  PlatformVersion: 5.14.0-427.37.1.el9_4.x86_64  CompilerName: GCC  CompilerVersion: 8.4.0
ProgramName: mris_thickness_diff  ProgramArguments: mris_thickness_diff -all-info  ProgramVersion: 7.3.2  TimeStamp: 2026/03/10-07:37:01-GMT  BuildTime: Aug  4 2022 06:17:15  BuildStamp: freesurfer-linux-ubuntu22_x86_64-7.3.2-20220804-6354275  User: oesteban  Machine: dna059  Platform: Linux  PlatformVersion: 5.14.0-427.37.1.el9_4.x86_64  CompilerName: GCC  CompilerVersion: 8.4.0
ProgramName: mris_topo_fixer  ProgramArguments: mris_topo_fixer -all-info  ProgramVersion: 7.3.2  TimeStamp: 2026/03/10-07:37:01-GMT  BuildTime: Aug  4 2022 06:17:15  BuildStamp: freesurfer-linux-ubuntu22_x86_64-7.3.2-20220804-6354275  User: oesteban  Machine: dna059  Platform: Linux  PlatformVersion: 5.14.0-427.37.1.el9_4.x86_64  CompilerName: GCC  CompilerVersion: 8.4.0
ProgramName: mri_surf2surf  ProgramArguments: mri_surf2surf -all-info  ProgramVersion: 7.3.2  TimeStamp: 2026/03/10-07:37:01-GMT  BuildTime: Aug  4 2022 06:17:15  BuildStamp: freesurfer-linux-ubuntu22_x86_64-7.3.2-20220804-6354275  User: oesteban  Machine: dna059  Platform: Linux  PlatformVersion: 5.14.0-427.37.1.el9_4.x86_64  CompilerName: GCC  CompilerVersion: 8.4.0
ProgramName: mri_surf2vol  ProgramArguments: mri_surf2vol -all-info  ProgramVersion: 7.3.2  TimeStamp: 2026/03/10-07:37:01-GMT  BuildTime: Aug  4 2022 06:17:15  BuildStamp: freesurfer-linux-ubuntu22_x86_64-7.3.2-20220804-6354275  User: oesteban  Machine: dna059  Platform: Linux  PlatformVersion: 5.14.0-427.37.1.el9_4.x86_64  CompilerName: GCC  CompilerVersion: 8.4.0
ProgramName: mri_surfcluster  ProgramArguments: mri_surfcluster -all-info  ProgramVersion: 7.3.2  TimeStamp: 2026/03/10-07:37:01-GMT  BuildTime: Aug  4 2022 06:17:15  BuildStamp: freesurfer-linux-ubuntu22_x86_64-7.3.2-20220804-6354275  User: oesteban  Machine: dna059  Platform: Linux  PlatformVersion: 5.14.0-427.37.1.el9_4.x86_64  CompilerName: GCC  CompilerVersion: 8.4.0
ProgramName: mris_volmask  ProgramArguments: mris_volmask -all-info  ProgramVersion: 7.3.2  TimeStamp: 2026/03/10-07:37:01-GMT  BuildTime: Aug  4 2022 06:17:15  BuildStamp: freesurfer-linux-ubuntu22_x86_64-7.3.2-20220804-6354275  User: oesteban  Machine: dna059  Platform: Linux  PlatformVersion: 5.14.0-427.37.1.el9_4.x86_64  CompilerName: GCC  CompilerVersion: 8.4.0
ProgramName: mri_tessellate  ProgramArguments: mri_tessellate -all-info  ProgramVersion: 7.3.2  TimeStamp: 2026/03/10-07:37:01-GMT  BuildTime: Aug  4 2022 06:17:15  BuildStamp: freesurfer-linux-ubuntu22_x86_64-7.3.2-20220804-6354275  User: oesteban  Machine: dna059  Platform: Linux  PlatformVersion: 5.14.0-427.37.1.el9_4.x86_64  CompilerName: GCC  CompilerVersion: 8.4.0
ProgramName: mri_vol2surf  ProgramArguments: mri_vol2surf -all-info  ProgramVersion: 7.3.2  TimeStamp: 2026/03/10-07:37:01-GMT  BuildTime: Aug  4 2022 06:17:15  BuildStamp: freesurfer-linux-ubuntu22_x86_64-7.3.2-20220804-6354275  User: oesteban  Machine: dna059  Platform: Linux  PlatformVersion: 5.14.0-427.37.1.el9_4.x86_64  CompilerName: GCC  CompilerVersion: 8.4.0
ProgramName: mri_vol2vol  ProgramArguments: mri_vol2vol -all-info  ProgramVersion: 7.3.2  TimeStamp: 2026/03/10-07:37:01-GMT  BuildTime: Aug  4 2022 06:17:15  BuildStamp: freesurfer-linux-ubuntu22_x86_64-7.3.2-20220804-6354275  User: oesteban  Machine: dna059  Platform: Linux  PlatformVersion: 5.14.0-427.37.1.el9_4.x86_64  CompilerName: GCC  CompilerVersion: 8.4.0
ProgramName: mri_voldiff  ProgramArguments: mri_voldiff -all-info  ProgramVersion: 7.3.2  TimeStamp: 2026/03/10-07:37:01-GMT  BuildTime: Aug  4 2022 06:17:15  BuildStamp: freesurfer-linux-ubuntu22_x86_64-7.3.2-20220804-6354275  User: oesteban  Machine: dna059  Platform: Linux  PlatformVersion: 5.14.0-427.37.1.el9_4.x86_64  CompilerName: GCC  CompilerVersion: 8.4.0
ProgramName: mri_watershed  ProgramArguments: mri_watershed -all-info  ProgramVersion: 7.3.2  TimeStamp: 2026/03/10-07:37:01-GMT  BuildTime: Aug  4 2022 06:17:15  BuildStamp: freesurfer-linux-ubuntu22_x86_64-7.3.2-20220804-6354275  User: oesteban  Machine: dna059  Platform: Linux  PlatformVersion: 5.14.0-427.37.1.el9_4.x86_64  CompilerName: GCC  CompilerVersion: 8.4.0
ProgramName: tkregister2  ProgramArguments: tkregister2_cmdl -all-info  ProgramVersion: 7.3.2  TimeStamp: 2026/03/10-07:37:01-GMT  BuildTime: Aug  4 2022 06:17:15  BuildStamp: freesurfer-linux-ubuntu22_x86_64-7.3.2-20220804-6354275  User: oesteban  Machine: dna059  Platform: Linux  PlatformVersion: 5.14.0-427.37.1.el9_4.x86_64  CompilerName: GCC  CompilerVersion: 8.4.0
mri_motion_correct.fsl 7.3.2
mri_convert -all-info 
ProgramName: mri_convert  ProgramArguments: mri_convert -all-info  ProgramVersion: 7.3.2  TimeStamp: 2026/03/10-07:37:01-GMT  BuildTime: Aug  4 2022 06:17:15  BuildStamp: freesurfer-linux-ubuntu22_x86_64-7.3.2-20220804-6354275  User: oesteban  Machine: dna059  Platform: Linux  PlatformVersion: 5.14.0-427.37.1.el9_4.x86_64  CompilerName: GCC  CompilerVersion: 8.4.0
Program nu_correct, built from:
Package MNI N3, version 1.12.0, compiled by nicks@terrier (x86_64-unknown-linux-gnu) on 2015-06-19 at 01:25:34
#######################################
GCADIR /opt/freesurfer/average
GCA RB_all_2020-01-02.gca
GCASkull RB_all_withskull_2020_01_02.gca
AvgCurvTif folding.atlas.acfb40.noaparc.i12.2016-08-02.tif
GCSDIR /opt/freesurfer/average
GCS DKaparc.atlas.acfb40.noaparc.i12.2016-08-02.gcs
#######################################
#--------------------------------------------
#@# AutoDetGWStats lh Tue Mar 10 08:37:01 CET 2026
cd /out/sourcedata/freesurfer/sub-v1s6x0051372_ses-1/mri
mris_autodet_gwstats --o ../surf/autodet.gw.stats.lh.dat --i brain.finalsurfs.mgz --wm wm.mgz --surf ../surf/lh.orig.premesh
  Update not needed
#--------------------------------------------
#@# WhitePreAparc lh Tue Mar 10 08:37:01 CET 2026
cd /out/sourcedata/freesurfer/sub-v1s6x0051372_ses-1/mri
mris_place_surface --adgws-in ../surf/autodet.gw.stats.lh.dat --wm wm.mgz --threads 16 --invol brain.finalsurfs.mgz --lh --i ../surf/lh.orig --o ../surf/lh.white.preaparc --white --seg aseg.presurf.mgz --nsmooth 5
   Update not needed
#--------------------------------------------
#@# CortexLabel lh Tue Mar 10 08:37:01 CET 2026
cd /out/sourcedata/freesurfer/sub-v1s6x0051372_ses-1/mri
mri_label2label --label-cortex ../surf/lh.white.preaparc aseg.presurf.mgz 0 ../label/lh.cortex.label
   Update not needed
#--------------------------------------------
#@# CortexLabel+HipAmyg lh Tue Mar 10 08:37:01 CET 2026
cd /out/sourcedata/freesurfer/sub-v1s6x0051372_ses-1/mri
mri_label2label --label-cortex ../surf/lh.white.preaparc aseg.presurf.mgz 1 ../label/lh.cortex+hipamyg.label
   Update not needed
#@# white curv lh Tue Mar 10 08:37:01 CET 2026
cd /out/sourcedata/freesurfer/sub-v1s6x0051372_ses-1/mri
mris_place_surface --curv-map ../surf/lh.white 2 10 ../surf/lh.curv
   Update not needed
#@# white area lh Tue Mar 10 08:37:01 CET 2026
cd /out/sourcedata/freesurfer/sub-v1s6x0051372_ses-1/mri
mris_place_surface --area-map ../surf/lh.white ../surf/lh.area
   Update not needed
#@# pial curv lh Tue Mar 10 08:37:01 CET 2026
cd /out/sourcedata/freesurfer/sub-v1s6x0051372_ses-1/mri
mris_place_surface --curv-map ../surf/lh.pial 2 10 ../surf/lh.curv.pial
   Update not needed
#@# pial area lh Tue Mar 10 08:37:01 CET 2026
cd /out/sourcedata/freesurfer/sub-v1s6x0051372_ses-1/mri
mris_place_surface --area-map ../surf/lh.pial ../surf/lh.area.pial
   Update not needed
#@# thickness lh Tue Mar 10 08:37:01 CET 2026
cd /out/sourcedata/freesurfer/sub-v1s6x0051372_ses-1/mri
mris_place_surface --thickness ../surf/lh.white ../surf/lh.pial 20 5 ../surf/lh.thickness
   Update not needed
#@# area and vertex vol lh Tue Mar 10 08:37:01 CET 2026
cd /out/sourcedata/freesurfer/sub-v1s6x0051372_ses-1/mri
mris_place_surface --thickness ../surf/lh.white ../surf/lh.pial 20 5 ../surf/lh.thickness
   Update not needed
#-----------------------------------------
#@# Parcellation Stats lh Tue Mar 10 08:37:01 CET 2026
/out/sourcedata/freesurfer/sub-v1s6x0051372_ses-1/scripts

 mris_anatomical_stats -th3 -mgz -noglobal -cortex ../label/lh.cortex.label -f ../stats/lh.aparc.stats -b -a ../label/lh.aparc.annot -c ../label/aparc.annot.ctab sub-v1s6x0051372_ses-1 lh white 

computing statistics for each annotation in ../label/lh.aparc.annot.
reading volume /out/sourcedata/freesurfer/sub-v1s6x0051372_ses-1/mri/wm.mgz...
reading input surface /out/sourcedata/freesurfer/sub-v1s6x0051372_ses-1/surf/lh.white...
reading input pial surface /out/sourcedata/freesurfer/sub-v1s6x0051372_ses-1/surf/lh.pial...
reading input white surface /out/sourcedata/freesurfer/sub-v1s6x0051372_ses-1/surf/lh.white...
INFO: using TH3 volume calc
INFO: assuming MGZ format for volumes.
INFO: not computing global stats
INFO: using ../label/lh.cortex.label as mask to calc cortex NumVert, SurfArea and MeanThickness.
Using TH3 vertex volume calc
Total face volume 221013
Total vertex volume 220834 (mask=0)
Saving annotation colortable ../label/aparc.annot.ctab

table columns are:
    number of vertices
    total surface area (mm^2)
    total gray matter volume (mm^3)
    average cortical thickness +- standard deviation (mm)
    integrated rectified mean curvature
    integrated rectified Gaussian curvature
    folding index
    intrinsic curvature index
    structure name

 1454    968   2642  2.575 0.507     0.100     0.018       14     1.0  bankssts
  864    562   1268  2.462 0.365     0.109     0.012        8     0.5  caudalanteriorcingulate
 3270   2311   5920  2.416 0.423     0.114     0.020       28     2.9  caudalmiddlefrontal
 2168   1470   2742  1.818 0.403     0.136     0.026       27     2.4  cuneus
  624    424   1973  3.534 0.732     0.093     0.020        4     0.4  entorhinal
 4347   3010  10486  2.956 0.650     0.125     0.025       56     4.4  fusiform
 5855   4109  11771  2.515 0.467     0.112     0.020       68     4.7  inferiorparietal
 4454   3064   9845  2.807 0.606     0.114     0.021       51     3.7  inferiortemporal
 1312    897   2285  2.263 0.849     0.120     0.027       16     1.5  isthmuscingulate
 6924   4878  11264  2.205 0.497     0.138     0.029       88     8.5  lateraloccipital
 4237   2798   7523  2.549 0.635     0.121     0.029       51     5.3  lateralorbitofrontal
 3701   2622   5459  2.004 0.643     0.131     0.028       41     4.4  lingual
 2367   1582   4270  2.535 0.578     0.110     0.023       30     2.0  medialorbitofrontal
 4029   2844  10335  2.964 0.566     0.114     0.020       49     3.3  middletemporal
  887    580   2138  3.083 0.867     0.099     0.019        6     0.7  parahippocampal
 2233   1425   3680  2.353 0.463     0.109     0.020       18     1.8  paracentral
 2263   1619   4812  2.660 0.440     0.116     0.022       22     2.0  parsopercularis
  841    631   2127  2.622 0.541     0.125     0.024       11     0.8  parsorbitalis
 1709   1176   3393  2.556 0.429     0.109     0.019       15     1.3  parstriangularis
 1695   1157   1768  1.706 0.431     0.116     0.026       12     1.9  pericalcarine
 5475   3585   7994  2.016 0.622     0.107     0.020       44     4.9  postcentral
 1850   1279   3420  2.465 0.765     0.127     0.026       25     2.0  posteriorcingulate
 6907   4459  12078  2.520 0.483     0.103     0.018       49     5.2  precentral
 4889   3298   8251  2.376 0.530     0.117     0.021       51     4.3  precuneus
 1370    977   3055  2.734 0.666     0.116     0.029       17     1.2  rostralanteriorcingulate
 6855   5073  13601  2.402 0.485     0.132     0.027       99     7.7  rostralmiddlefrontal
10162   7346  21705  2.659 0.469     0.120     0.023      102     9.5  superiorfrontal
 7147   4896  11596  2.197 0.434     0.120     0.022       74     6.4  superiorparietal
 5456   3706  12108  2.978 0.524     0.102     0.017       46     3.9  superiortemporal
 5264   3717  10157  2.547 0.476     0.115     0.021       53     4.7  supramarginal
  329    238    878  2.853 0.502     0.148     0.035        7     0.3  frontalpole
  639    490   2503  3.818 0.610     0.133     0.028       10     0.8  temporalpole
  640    432   1125  2.461 0.427     0.115     0.024        6     0.6  transversetemporal
 3353   2296   6661  2.896 0.757     0.127     0.039       41     4.7  insula

 mris_anatomical_stats -th3 -mgz -noglobal -cortex ../label/lh.cortex.label -f ../stats/lh.aparc.pial.stats -b -a ../label/lh.aparc.annot -c ../label/aparc.annot.ctab sub-v1s6x0051372_ses-1 lh pial 

computing statistics for each annotation in ../label/lh.aparc.annot.
reading volume /out/sourcedata/freesurfer/sub-v1s6x0051372_ses-1/mri/wm.mgz...
reading input surface /out/sourcedata/freesurfer/sub-v1s6x0051372_ses-1/surf/lh.pial...
reading input pial surface /out/sourcedata/freesurfer/sub-v1s6x0051372_ses-1/surf/lh.pial...
reading input white surface /out/sourcedata/freesurfer/sub-v1s6x0051372_ses-1/surf/lh.white...
INFO: using TH3 volume calc
INFO: assuming MGZ format for volumes.
INFO: not computing global stats
INFO: using ../label/lh.cortex.label as mask to calc cortex NumVert, SurfArea and MeanThickness.
Using TH3 vertex volume calc
Total face volume 221013
Total vertex volume 220834 (mask=0)
Saving annotation colortable ../label/aparc.annot.ctab

table columns are:
    number of vertices
    total surface area (mm^2)
    total gray matter volume (mm^3)
    average cortical thickness +- standard deviation (mm)
    integrated rectified mean curvature
    integrated rectified Gaussian curvature
    folding index
    intrinsic curvature index
    structure name

 1454   1024   2642  2.575 0.507     0.152     0.069     2338     2.0  bankssts
  864    540   1268  2.462 0.365     0.129     0.036       36     0.9  caudalanteriorcingulate
 3270   2561   5920  2.416 0.423     0.129     0.026       55     3.6  caudalmiddlefrontal
 2168   1719   2742  1.818 0.403     0.141     0.039       43     3.6  cuneus
  624    688   1973  3.534 0.732     0.269     0.084       20     2.8  entorhinal
 4347   4102  10486  2.956 0.650     0.158     0.042      125     7.2  fusiform
 5855   5085  11771  2.515 0.467     0.138     0.028      108     7.0  inferiorparietal
 4454   3875   9845  2.807 0.606     0.234     0.062   181149     6.4  inferiortemporal
 1312   1160   2285  2.263 0.849     0.181     0.067      101     4.0  isthmuscingulate
 6924   5551  11264  2.205 0.497     0.140     0.035      200     9.6  lateraloccipital
 4237   3162   7523  2.549 0.635     0.132     0.033      154     6.0  lateralorbitofrontal
 3701   3115   5459  2.004 0.643     0.152     0.043       80     6.1  lingual
 2367   1839   4270  2.535 0.578     0.140     0.034      276     3.4  medialorbitofrontal
 4029   3946  10335  2.964 0.566     0.144     0.028       96     4.9  middletemporal
  887    829   2138  3.083 0.867     0.181     0.057       31     2.4  parahippocampal
 2233   1712   3680  2.353 0.463     0.110     0.022       20     1.8  paracentral
 2263   2024   4812  2.660 0.440     0.155     0.037       41     3.4  parsopercularis
  841    964   2127  2.622 0.541     0.182     0.036       12     1.2  parsorbitalis
 1709   1482   3393  2.556 0.429     0.149     0.029       33     2.2  parstriangularis
 1695    986   1768  1.706 0.431     0.101     0.024       32     1.5  pericalcarine
 5475   4345   7994  2.016 0.622     0.120     0.023       55     5.2  postcentral
 1850   1531   3420  2.465 0.765     0.161     0.045       73     3.6  posteriorcingulate
 6907   5020  12078  2.520 0.483     0.108     0.023       81     5.8  precentral
 4889   3585   8251  2.376 0.530     0.125     0.032      219     6.1  precuneus
 1370   1270   3055  2.734 0.666     0.174     0.056       68     2.4  rostralanteriorcingulate
 6855   6081  13601  2.402 0.485     0.158     0.034      135     9.4  rostralmiddlefrontal
10162   8855  21705  2.659 0.469     0.142     0.031      177    12.2  superiorfrontal
 7147   5645  11596  2.197 0.434     0.131     0.028      110     7.1  superiorparietal
 5456   4372  12108  2.978 0.524     0.124     0.027       81     5.8  superiortemporal
 5264   4235  10157  2.547 0.476     0.135     0.034       88     6.5  supramarginal
  329    372    878  2.853 0.502     0.205     0.039        6     0.6  frontalpole
  639    822   2503  3.818 0.610     0.154     0.025        6     0.6  temporalpole
  640    521   1125  2.461 0.427     0.130     0.041       13     0.9  transversetemporal
 3353   2256   6661  2.896 0.757     0.158     0.053      118     7.0  insula
#-----------------------------------------
#@# Parcellation Stats 2 lh Tue Mar 10 08:37:16 CET 2026
/out/sourcedata/freesurfer/sub-v1s6x0051372_ses-1/scripts

 mris_anatomical_stats -th3 -mgz -noglobal -cortex ../label/lh.cortex.label -f ../stats/lh.aparc.a2009s.stats -b -a ../label/lh.aparc.a2009s.annot -c ../label/aparc.annot.a2009s.ctab sub-v1s6x0051372_ses-1 lh white 

computing statistics for each annotation in ../label/lh.aparc.a2009s.annot.
reading volume /out/sourcedata/freesurfer/sub-v1s6x0051372_ses-1/mri/wm.mgz...
reading input surface /out/sourcedata/freesurfer/sub-v1s6x0051372_ses-1/surf/lh.white...
reading input pial surface /out/sourcedata/freesurfer/sub-v1s6x0051372_ses-1/surf/lh.pial...
reading input white surface /out/sourcedata/freesurfer/sub-v1s6x0051372_ses-1/surf/lh.white...
INFO: using TH3 volume calc
INFO: assuming MGZ format for volumes.
INFO: not computing global stats
INFO: using ../label/lh.cortex.label as mask to calc cortex NumVert, SurfArea and MeanThickness.
Using TH3 vertex volume calc
Total face volume 221013
Total vertex volume 220834 (mask=0)
Saving annotation colortable ../label/aparc.annot.a2009s.ctab

table columns are:
    number of vertices
    total surface area (mm^2)
    total gray matter volume (mm^3)
    average cortical thickness +- standard deviation (mm)
    integrated rectified mean curvature
    integrated rectified Gaussian curvature
    folding index
    intrinsic curvature index
    structure name

 1136    865   2454  2.621 0.462     0.148     0.035       19     1.6  G_and_S_frontomargin
 1455   1050   3214  2.617 0.494     0.131     0.029       20     1.5  G_and_S_occipital_inf
 1639   1047   2762  2.236 0.450     0.110     0.025       14     1.6  G_and_S_paracentral
 1406    962   3258  2.836 0.377     0.115     0.019       13     1.2  G_and_S_subcentral
  635    494   1425  2.437 0.486     0.143     0.029       10     0.7  G_and_S_transv_frontopol
 2311   1633   4839  2.761 0.455     0.113     0.021       22     2.0  G_and_S_cingul-Ant
 1402    957   2464  2.620 0.346     0.106     0.017       11     1.0  G_and_S_cingul-Mid-Ant
 1467    982   2649  2.738 0.399     0.116     0.023       13     1.4  G_and_S_cingul-Mid-Post
  613    423   1608  2.918 0.602     0.140     0.031       10     0.8  G_cingul-Post-dorsal
  261    172    688  2.867 0.631     0.129     0.031        3     0.3  G_cingul-Post-ventral
 2027   1341   2609  1.777 0.453     0.143     0.030       28     2.6  G_cuneus
 1270    928   3375  2.841 0.368     0.120     0.025       15     1.2  G_front_inf-Opercular
  411    301   1130  2.777 0.345     0.121     0.021        5     0.4  G_front_inf-Orbital
  921    670   2398  2.665 0.369     0.127     0.027       13     0.9  G_front_inf-Triangul
 3754   2897   9320  2.498 0.461     0.134     0.026       59     4.0  G_front_middle
 6535   4780  15868  2.735 0.480     0.131     0.027       82     6.8  G_front_sup
  603    435   1246  2.906 0.711     0.152     0.054       11     1.3  G_Ins_lg_and_S_cent_ins
  680    487   2165  3.104 0.882     0.141     0.037       11     1.0  G_insular_short
 1707   1263   3742  2.379 0.449     0.135     0.029       34     2.0  G_occipital_middle
 1072    721   1800  2.189 0.443     0.133     0.025       12     1.0  G_occipital_sup
 1909   1314   5307  3.113 0.560     0.133     0.028       34     2.1  G_oc-temp_lat-fusifor
 2350   1675   3748  1.900 0.664     0.146     0.032       34     3.3  G_oc-temp_med-Lingual
 1279    827   3694  3.350 0.837     0.105     0.022       11     1.0  G_oc-temp_med-Parahip
 2470   1670   5367  2.453 0.712     0.134     0.038       43     4.0  G_orbital
 2196   1646   6044  2.772 0.484     0.134     0.026       35     2.3  G_pariet_inf-Angular
 2196   1573   5170  2.727 0.453     0.125     0.024       27     2.2  G_pariet_inf-Supramar
 2819   2026   5752  2.311 0.445     0.134     0.025       38     3.0  G_parietal_sup
 2019   1286   3237  2.022 0.480     0.112     0.022       20     2.0  G_postcentral
 2324   1474   5107  2.655 0.436     0.108     0.020       21     1.8  G_precentral
 2306   1571   5130  2.602 0.541     0.119     0.023       32     1.9  G_precuneus
  970    676   2108  2.462 0.603     0.128     0.033       20     1.2  G_rectus
  683    469   1088  2.474 0.977     0.143     0.054       11     1.2  G_subcallosal
  442    296    897  2.418 0.477     0.103     0.025        4     0.4  G_temp_sup-G_T_transv
 1792   1278   5734  3.231 0.516     0.123     0.024       26     1.7  G_temp_sup-Lateral
  679    433   1684  3.472 0.650     0.069     0.013        2     0.4  G_temp_sup-Plan_polar
 1107    777   2512  2.794 0.410     0.120     0.024       13     1.0  G_temp_sup-Plan_tempo
 2213   1588   6109  2.891 0.644     0.130     0.027       38     2.1  G_temporal_inf
 2046   1499   6861  3.229 0.490     0.132     0.027       39     2.1  G_temporal_middle
  259    175    358  2.366 0.375     0.106     0.016        1     0.2  Lat_Fis-ant-Horizont
  279    202    398  2.266 0.394     0.117     0.015        2     0.2  Lat_Fis-ant-Vertical
 1039    702   1422  2.681 0.356     0.116     0.019        7     0.9  Lat_Fis-post
 1884   1359   2801  1.917 0.462     0.157     0.035       29     2.9  Pole_occipital
 1485   1107   5447  3.612 0.663     0.131     0.028       20     1.8  Pole_temporal
 2137   1477   2387  1.906 0.568     0.111     0.023       15     2.1  S_calcarine
 2982   1936   3080  1.823 0.542     0.095     0.016       15     2.1  S_central
 1323    889   1598  2.073 0.428     0.105     0.015        9     0.9  S_cingul-Marginalis
  460    313    812  3.108 0.508     0.104     0.016        2     0.3  S_circular_insula_ant
 1277    837   1954  2.971 0.482     0.086     0.016        6     0.7  S_circular_insula_inf
 1610   1031   2309  2.800 0.469     0.097     0.018        7     1.3  S_circular_insula_sup
 1119    727   1815  2.727 0.519     0.096     0.013        6     0.7  S_collat_transv_ant
  428    302    444  1.844 0.322     0.150     0.027        5     0.6  S_collat_transv_post
 1979   1353   2728  2.217 0.362     0.103     0.017       14     1.4  S_front_inf
 1294    935   2122  2.270 0.437     0.129     0.026       17     1.5  S_front_middle
 2892   1982   4426  2.368 0.421     0.099     0.017       16     2.2  S_front_sup
  670    426    749  2.278 0.451     0.096     0.011        3     0.4  S_interm_prim-Jensen
 2944   1946   3777  2.212 0.373     0.100     0.015       19     2.0  S_intrapariet_and_P_trans
 1096    757   1273  1.999 0.275     0.126     0.025       10     1.1  S_oc_middle_and_Lunatus
 1003    653   1250  2.181 0.268     0.094     0.012        5     0.6  S_oc_sup_and_transversal
  789    521   1071  2.504 0.306     0.105     0.019        5     0.7  S_occipital_ant
  886    590   1264  2.711 0.410     0.111     0.020        6     0.8  S_oc-temp_lat
 1870   1302   2973  2.530 0.501     0.106     0.020       10     1.5  S_oc-temp_med_and_Lingual
  405    276    502  2.086 0.506     0.125     0.020        4     0.4  S_orbital_lateral
  867    564   1094  2.465 0.456     0.107     0.029        9     0.6  S_orbital_med-olfact
 1573   1070   2755  2.667 0.572     0.110     0.024       14     1.4  S_orbital-H_Shaped
 1958   1316   2588  2.135 0.427     0.115     0.020       17     1.7  S_parieto_occipital
 1112    734    951  1.566 0.634     0.109     0.023       17     1.2  S_pericallosal
 2863   1927   3609  2.071 0.448     0.104     0.019       20     2.3  S_postcentral
 1615   1065   2435  2.617 0.343     0.101     0.016        9     1.2  S_precentral-inf-part
 1412    927   1822  2.397 0.418     0.102     0.016        8     1.0  S_precentral-sup-part
  598    384    883  2.480 0.505     0.094     0.012        3     0.4  S_suborbital
  811    558   1089  2.448 0.291     0.125     0.021        6     0.8  S_subparietal
 1532   1049   2279  2.465 0.439     0.108     0.016       11     1.1  S_temporal_inf
 5670   3802   9317  2.564 0.474     0.096     0.016       39     3.6  S_temporal_sup
  344    244    488  2.523 0.289     0.123     0.014        3     0.3  S_temporal_transverse
#-----------------------------------------
#@# Parcellation Stats 3 lh Tue Mar 10 08:37:24 CET 2026
/out/sourcedata/freesurfer/sub-v1s6x0051372_ses-1/scripts

 mris_anatomical_stats -th3 -mgz -noglobal -cortex ../label/lh.cortex.label -f ../stats/lh.aparc.DKTatlas.stats -b -a ../label/lh.aparc.DKTatlas.annot -c ../label/aparc.annot.DKTatlas.ctab sub-v1s6x0051372_ses-1 lh white 

computing statistics for each annotation in ../label/lh.aparc.DKTatlas.annot.
reading volume /out/sourcedata/freesurfer/sub-v1s6x0051372_ses-1/mri/wm.mgz...
reading input surface /out/sourcedata/freesurfer/sub-v1s6x0051372_ses-1/surf/lh.white...
reading input pial surface /out/sourcedata/freesurfer/sub-v1s6x0051372_ses-1/surf/lh.pial...
reading input white surface /out/sourcedata/freesurfer/sub-v1s6x0051372_ses-1/surf/lh.white...
INFO: using TH3 volume calc
INFO: assuming MGZ format for volumes.
INFO: not computing global stats
INFO: using ../label/lh.cortex.label as mask to calc cortex NumVert, SurfArea and MeanThickness.
Using TH3 vertex volume calc
Total face volume 221013
Total vertex volume 220834 (mask=0)
Saving annotation colortable ../label/aparc.annot.DKTatlas.ctab

table columns are:
    number of vertices
    total surface area (mm^2)
    total gray matter volume (mm^3)
    average cortical thickness +- standard deviation (mm)
    integrated rectified mean curvature
    integrated rectified Gaussian curvature
    folding index
    intrinsic curvature index
    structure name

 1645   1114   3298  2.690 0.482     0.115     0.019       17     1.3  caudalanteriorcingulate
 3525   2480   6336  2.414 0.425     0.112     0.020       29     3.0  caudalmiddlefrontal
 2765   1850   3634  1.898 0.448     0.127     0.024       31     2.8  cuneus
  544    357   1654  3.455 0.706     0.088     0.018        3     0.3  entorhinal
 4090   2829   9327  2.854 0.599     0.125     0.025       54     4.1  fusiform
 5794   4099  11746  2.502 0.463     0.114     0.020       69     4.8  inferiorparietal
 4488   3126  10775  2.925 0.701     0.118     0.022       53     3.9  inferiortemporal
 1281    875   2237  2.291 0.849     0.121     0.028       16     1.5  isthmuscingulate
 6770   4771  11120  2.202 0.491     0.136     0.028       84     8.0  lateraloccipital
 4668   3120   8549  2.520 0.664     0.128     0.036       69     6.3  lateralorbitofrontal
 3755   2659   5495  1.988 0.639     0.132     0.028       42     4.6  lingual
 2228   1513   4179  2.489 0.645     0.117     0.030       32     2.6  medialorbitofrontal
 5541   3840  12920  2.857 0.562     0.110     0.020       63     4.4  middletemporal
  938    619   2252  3.102 0.892     0.100     0.018        7     0.7  parahippocampal
 2602   1667   4279  2.361 0.458     0.105     0.020       18     2.1  paracentral
 2174   1530   4471  2.675 0.431     0.116     0.022       21     1.9  parsopercularis
  867    587   1716  2.608 0.447     0.110     0.020        8     0.7  parsorbitalis
 1984   1402   3988  2.515 0.448     0.110     0.019       19     1.6  parstriangularis
 1741   1180   1816  1.707 0.433     0.120     0.027       14     2.0  pericalcarine
 6216   4100   9108  2.043 0.616     0.110     0.021       53     5.7  postcentral
 2026   1391   3626  2.484 0.749     0.126     0.026       27     2.2  posteriorcingulate
 6816   4395  11927  2.526 0.479     0.103     0.018       49     5.2  precentral
 4795   3259   8324  2.401 0.523     0.119     0.021       52     4.2  precuneus
 1708   1200   3445  2.706 0.620     0.118     0.026       20     1.4  rostralanteriorcingulate
 4995   3730  10437  2.415 0.502     0.131     0.026       70     5.4  rostralmiddlefrontal
10590   7729  22287  2.604 0.469     0.123     0.024      118    10.3  superiorfrontal
 5891   4049   9494  2.195 0.421     0.118     0.021       59     5.1  superiorparietal
 7106   4863  16558  3.015 0.593     0.106     0.019       66     5.6  superiortemporal
 4861   3423   9239  2.551 0.481     0.114     0.021       48     4.3  supramarginal
  600    405   1073  2.454 0.435     0.114     0.024        6     0.5  transversetemporal
 2566   1760   5526  3.069 0.647     0.117     0.029       25     3.0  insula
/out/sourcedata/freesurfer/sub-v1s6x0051372_ses-1/label
#--------------------------------------------
#@# BA_exvivo Labels lh Tue Mar 10 08:37:32 CET 2026

 mri_label2label --srcsubject fsaverage --srclabel /out/sourcedata/freesurfer/fsaverage/label/lh.BA1_exvivo.label --trgsubject sub-v1s6x0051372_ses-1 --trglabel ./lh.BA1_exvivo.label --hemi lh --regmethod surface 


srclabel = /out/sourcedata/freesurfer/fsaverage/label/lh.BA1_exvivo.label
srcsubject = fsaverage
trgsubject = sub-v1s6x0051372_ses-1
trglabel = ./lh.BA1_exvivo.label
regmethod = surface

srchemi = lh
trghemi = lh
trgsurface = white
srcsurfreg = sphere.reg
trgsurfreg = sphere.reg
usehash = 1
Use ProjAbs  = 0, 0
Use ProjFrac = 0, 0
DoPaint 0

SUBJECTS_DIR    /out/sourcedata/freesurfer
FREESURFER_HOME /opt/freesurfer
Loading source label.
Found 4129 points in source label.
Starting surface-based mapping
Reading source registration 
 /out/sourcedata/freesurfer/fsaverage/surf/lh.sphere.reg
Rescaling ...  original radius = 100
Reading target surface 
 /out/sourcedata/freesurfer/sub-v1s6x0051372_ses-1/surf/lh.white
Reading target registration 
 /out/sourcedata/freesurfer/sub-v1s6x0051372_ses-1/surf/lh.sphere.reg
Rescaling ...  original radius = 100
Building target registration hash (res=16).
Building source registration hash (res=16).
INFO: found  4129 nlabel points
Performing mapping from target back to the source label 123295
Number of reverse mapping hits = 35
Checking for and removing duplicates
Writing label file ./lh.BA1_exvivo.label 4164
mri_label2label: Done


 mri_label2label --srcsubject fsaverage --srclabel /out/sourcedata/freesurfer/fsaverage/label/lh.BA2_exvivo.label --trgsubject sub-v1s6x0051372_ses-1 --trglabel ./lh.BA2_exvivo.label --hemi lh --regmethod surface 


srclabel = /out/sourcedata/freesurfer/fsaverage/label/lh.BA2_exvivo.label
srcsubject = fsaverage
trgsubject = sub-v1s6x0051372_ses-1
trglabel = ./lh.BA2_exvivo.label
regmethod = surface

srchemi = lh
trghemi = lh
trgsurface = white
srcsurfreg = sphere.reg
trgsurfreg = sphere.reg
usehash = 1
Use ProjAbs  = 0, 0
Use ProjFrac = 0, 0
DoPaint 0

SUBJECTS_DIR    /out/sourcedata/freesurfer
FREESURFER_HOME /opt/freesurfer
Loading source label.
Found 7909 points in source label.
Starting surface-based mapping
Reading source registration 
 /out/sourcedata/freesurfer/fsaverage/surf/lh.sphere.reg
Rescaling ...  original radius = 100
Reading target surface 
 /out/sourcedata/freesurfer/sub-v1s6x0051372_ses-1/surf/lh.white
Reading target registration 
 /out/sourcedata/freesurfer/sub-v1s6x0051372_ses-1/surf/lh.sphere.reg
Rescaling ...  original radius = 100
Building target registration hash (res=16).
Building source registration hash (res=16).
INFO: found  7909 nlabel points
Performing mapping from target back to the source label 123295
Number of reverse mapping hits = 144
Checking for and removing duplicates
Writing label file ./lh.BA2_exvivo.label 8053
mri_label2label: Done


 mri_label2label --srcsubject fsaverage --srclabel /out/sourcedata/freesurfer/fsaverage/label/lh.BA3a_exvivo.label --trgsubject sub-v1s6x0051372_ses-1 --trglabel ./lh.BA3a_exvivo.label --hemi lh --regmethod surface 


srclabel = /out/sourcedata/freesurfer/fsaverage/label/lh.BA3a_exvivo.label
srcsubject = fsaverage
trgsubject = sub-v1s6x0051372_ses-1
trglabel = ./lh.BA3a_exvivo.label
regmethod = surface

srchemi = lh
trghemi = lh
trgsurface = white
srcsurfreg = sphere.reg
trgsurfreg = sphere.reg
usehash = 1
Use ProjAbs  = 0, 0
Use ProjFrac = 0, 0
DoPaint 0

SUBJECTS_DIR    /out/sourcedata/freesurfer
FREESURFER_HOME /opt/freesurfer
Loading source label.
Found 4077 points in source label.
Starting surface-based mapping
Reading source registration 
 /out/sourcedata/freesurfer/fsaverage/surf/lh.sphere.reg
Rescaling ...  original radius = 100
Reading target surface 
 /out/sourcedata/freesurfer/sub-v1s6x0051372_ses-1/surf/lh.white
Reading target registration 
 /out/sourcedata/freesurfer/sub-v1s6x0051372_ses-1/surf/lh.sphere.reg
Rescaling ...  original radius = 100
Building target registration hash (res=16).
Building source registration hash (res=16).
INFO: found  4077 nlabel points
Performing mapping from target back to the source label 123295
Number of reverse mapping hits = 18
Checking for and removing duplicates
Writing label file ./lh.BA3a_exvivo.label 4095
mri_label2label: Done


 mri_label2label --srcsubject fsaverage --srclabel /out/sourcedata/freesurfer/fsaverage/label/lh.BA3b_exvivo.label --trgsubject sub-v1s6x0051372_ses-1 --trglabel ./lh.BA3b_exvivo.label --hemi lh --regmethod surface 


srclabel = /out/sourcedata/freesurfer/fsaverage/label/lh.BA3b_exvivo.label
srcsubject = fsaverage
trgsubject = sub-v1s6x0051372_ses-1
trglabel = ./lh.BA3b_exvivo.label
regmethod = surface

srchemi = lh
trghemi = lh
trgsurface = white
srcsurfreg = sphere.reg
trgsurfreg = sphere.reg
usehash = 1
Use ProjAbs  = 0, 0
Use ProjFrac = 0, 0
DoPaint 0

SUBJECTS_DIR    /out/sourcedata/freesurfer
FREESURFER_HOME /opt/freesurfer
Loading source label.
Found 5983 points in source label.
Starting surface-based mapping
Reading source registration 
 /out/sourcedata/freesurfer/fsaverage/surf/lh.sphere.reg
Rescaling ...  original radius = 100
Reading target surface 
 /out/sourcedata/freesurfer/sub-v1s6x0051372_ses-1/surf/lh.white
Reading target registration 
 /out/sourcedata/freesurfer/sub-v1s6x0051372_ses-1/surf/lh.sphere.reg
Rescaling ...  original radius = 100
Building target registration hash (res=16).
Building source registration hash (res=16).
INFO: found  5983 nlabel points
Performing mapping from target back to the source label 123295
Number of reverse mapping hits = 34
Checking for and removing duplicates
Writing label file ./lh.BA3b_exvivo.label 6017
mri_label2label: Done


 mri_label2label --srcsubject fsaverage --srclabel /out/sourcedata/freesurfer/fsaverage/label/lh.BA4a_exvivo.label --trgsubject sub-v1s6x0051372_ses-1 --trglabel ./lh.BA4a_exvivo.label --hemi lh --regmethod surface 


srclabel = /out/sourcedata/freesurfer/fsaverage/label/lh.BA4a_exvivo.label
srcsubject = fsaverage
trgsubject = sub-v1s6x0051372_ses-1
trglabel = ./lh.BA4a_exvivo.label
regmethod = surface

srchemi = lh
trghemi = lh
trgsurface = white
srcsurfreg = sphere.reg
trgsurfreg = sphere.reg
usehash = 1
Use ProjAbs  = 0, 0
Use ProjFrac = 0, 0
DoPaint 0

SUBJECTS_DIR    /out/sourcedata/freesurfer
FREESURFER_HOME /opt/freesurfer
Loading source label.
Found 5784 points in source label.
Starting surface-based mapping
Reading source registration 
 /out/sourcedata/freesurfer/fsaverage/surf/lh.sphere.reg
Rescaling ...  original radius = 100
Reading target surface 
 /out/sourcedata/freesurfer/sub-v1s6x0051372_ses-1/surf/lh.white
Reading target registration 
 /out/sourcedata/freesurfer/sub-v1s6x0051372_ses-1/surf/lh.sphere.reg
Rescaling ...  original radius = 100
Building target registration hash (res=16).
Building source registration hash (res=16).
INFO: found  5784 nlabel points
Performing mapping from target back to the source label 123295
Number of reverse mapping hits = 85
Checking for and removing duplicates
Writing label file ./lh.BA4a_exvivo.label 5869
mri_label2label: Done


 mri_label2label --srcsubject fsaverage --srclabel /out/sourcedata/freesurfer/fsaverage/label/lh.BA4p_exvivo.label --trgsubject sub-v1s6x0051372_ses-1 --trglabel ./lh.BA4p_exvivo.label --hemi lh --regmethod surface 


srclabel = /out/sourcedata/freesurfer/fsaverage/label/lh.BA4p_exvivo.label
srcsubject = fsaverage
trgsubject = sub-v1s6x0051372_ses-1
trglabel = ./lh.BA4p_exvivo.label
regmethod = surface

srchemi = lh
trghemi = lh
trgsurface = white
srcsurfreg = sphere.reg
trgsurfreg = sphere.reg
usehash = 1
Use ProjAbs  = 0, 0
Use ProjFrac = 0, 0
DoPaint 0

SUBJECTS_DIR    /out/sourcedata/freesurfer
FREESURFER_HOME /opt/freesurfer
Loading source label.
Found 4070 points in source label.
Starting surface-based mapping
Reading source registration 
 /out/sourcedata/freesurfer/fsaverage/surf/lh.sphere.reg
Rescaling ...  original radius = 100
Reading target surface 
 /out/sourcedata/freesurfer/sub-v1s6x0051372_ses-1/surf/lh.white
Reading target registration 
 /out/sourcedata/freesurfer/sub-v1s6x0051372_ses-1/surf/lh.sphere.reg
Rescaling ...  original radius = 100
Building target registration hash (res=16).
Building source registration hash (res=16).
INFO: found  4070 nlabel points
Performing mapping from target back to the source label 123295
Number of reverse mapping hits = 37
Checking for and removing duplicates
Writing label file ./lh.BA4p_exvivo.label 4107
mri_label2label: Done


 mri_label2label --srcsubject fsaverage --srclabel /out/sourcedata/freesurfer/fsaverage/label/lh.BA6_exvivo.label --trgsubject sub-v1s6x0051372_ses-1 --trglabel ./lh.BA6_exvivo.label --hemi lh --regmethod surface 


srclabel = /out/sourcedata/freesurfer/fsaverage/label/lh.BA6_exvivo.label
srcsubject = fsaverage
trgsubject = sub-v1s6x0051372_ses-1
trglabel = ./lh.BA6_exvivo.label
regmethod = surface

srchemi = lh
trghemi = lh
trgsurface = white
srcsurfreg = sphere.reg
trgsurfreg = sphere.reg
usehash = 1
Use ProjAbs  = 0, 0
Use ProjFrac = 0, 0
DoPaint 0

SUBJECTS_DIR    /out/sourcedata/freesurfer
FREESURFER_HOME /opt/freesurfer
Loading source label.
Found 13589 points in source label.
Starting surface-based mapping
Reading source registration 
 /out/sourcedata/freesurfer/fsaverage/surf/lh.sphere.reg
Rescaling ...  original radius = 100
Reading target surface 
 /out/sourcedata/freesurfer/sub-v1s6x0051372_ses-1/surf/lh.white
Reading target registration 
 /out/sourcedata/freesurfer/sub-v1s6x0051372_ses-1/surf/lh.sphere.reg
Rescaling ...  original radius = 100
Building target registration hash (res=16).
Building source registration hash (res=16).
INFO: found  13589 nlabel points
Performing mapping from target back to the source label 123295
Number of reverse mapping hits = 400
Checking for and removing duplicates
Writing label file ./lh.BA6_exvivo.label 13989
mri_label2label: Done


 mri_label2label --srcsubject fsaverage --srclabel /out/sourcedata/freesurfer/fsaverage/label/lh.BA44_exvivo.label --trgsubject sub-v1s6x0051372_ses-1 --trglabel ./lh.BA44_exvivo.label --hemi lh --regmethod surface 


srclabel = /out/sourcedata/freesurfer/fsaverage/label/lh.BA44_exvivo.label
srcsubject = fsaverage
trgsubject = sub-v1s6x0051372_ses-1
trglabel = ./lh.BA44_exvivo.label
regmethod = surface

srchemi = lh
trghemi = lh
trgsurface = white
srcsurfreg = sphere.reg
trgsurfreg = sphere.reg
usehash = 1
Use ProjAbs  = 0, 0
Use ProjFrac = 0, 0
DoPaint 0

SUBJECTS_DIR    /out/sourcedata/freesurfer
FREESURFER_HOME /opt/freesurfer
Loading source label.
Found 4181 points in source label.
Starting surface-based mapping
Reading source registration 
 /out/sourcedata/freesurfer/fsaverage/surf/lh.sphere.reg
Rescaling ...  original radius = 100
Reading target surface 
 /out/sourcedata/freesurfer/sub-v1s6x0051372_ses-1/surf/lh.white
Reading target registration 
 /out/sourcedata/freesurfer/sub-v1s6x0051372_ses-1/surf/lh.sphere.reg
Rescaling ...  original radius = 100
Building target registration hash (res=16).
Building source registration hash (res=16).
INFO: found  4181 nlabel points
Performing mapping from target back to the source label 123295
Number of reverse mapping hits = 130
Checking for and removing duplicates
Writing label file ./lh.BA44_exvivo.label 4311
mri_label2label: Done


 mri_label2label --srcsubject fsaverage --srclabel /out/sourcedata/freesurfer/fsaverage/label/lh.BA45_exvivo.label --trgsubject sub-v1s6x0051372_ses-1 --trglabel ./lh.BA45_exvivo.label --hemi lh --regmethod surface 


srclabel = /out/sourcedata/freesurfer/fsaverage/label/lh.BA45_exvivo.label
srcsubject = fsaverage
trgsubject = sub-v1s6x0051372_ses-1
trglabel = ./lh.BA45_exvivo.label
regmethod = surface

srchemi = lh
trghemi = lh
trgsurface = white
srcsurfreg = sphere.reg
trgsurfreg = sphere.reg
usehash = 1
Use ProjAbs  = 0, 0
Use ProjFrac = 0, 0
DoPaint 0

SUBJECTS_DIR    /out/sourcedata/freesurfer
FREESURFER_HOME /opt/freesurfer
Loading source label.
Found 3422 points in source label.
Starting surface-based mapping
Reading source registration 
 /out/sourcedata/freesurfer/fsaverage/surf/lh.sphere.reg
Rescaling ...  original radius = 100
Reading target surface 
 /out/sourcedata/freesurfer/sub-v1s6x0051372_ses-1/surf/lh.white
Reading target registration 
 /out/sourcedata/freesurfer/sub-v1s6x0051372_ses-1/surf/lh.sphere.reg
Rescaling ...  original radius = 100
Building target registration hash (res=16).
Building source registration hash (res=16).
INFO: found  3422 nlabel points
Performing mapping from target back to the source label 123295
Number of reverse mapping hits = 222
Checking for and removing duplicates
Writing label file ./lh.BA45_exvivo.label 3644
mri_label2label: Done


 mri_label2label --srcsubject fsaverage --srclabel /out/sourcedata/freesurfer/fsaverage/label/lh.V1_exvivo.label --trgsubject sub-v1s6x0051372_ses-1 --trglabel ./lh.V1_exvivo.label --hemi lh --regmethod surface 


srclabel = /out/sourcedata/freesurfer/fsaverage/label/lh.V1_exvivo.label
srcsubject = fsaverage
trgsubject = sub-v1s6x0051372_ses-1
trglabel = ./lh.V1_exvivo.label
regmethod = surface

srchemi = lh
trghemi = lh
trgsurface = white
srcsurfreg = sphere.reg
trgsurfreg = sphere.reg
usehash = 1
Use ProjAbs  = 0, 0
Use ProjFrac = 0, 0
DoPaint 0

SUBJECTS_DIR    /out/sourcedata/freesurfer
FREESURFER_HOME /opt/freesurfer
Loading source label.
Found 4641 points in source label.
Starting surface-based mapping
Reading source registration 
 /out/sourcedata/freesurfer/fsaverage/surf/lh.sphere.reg
Rescaling ...  original radius = 100
Reading target surface 
 /out/sourcedata/freesurfer/sub-v1s6x0051372_ses-1/surf/lh.white
Reading target registration 
 /out/sourcedata/freesurfer/sub-v1s6x0051372_ses-1/surf/lh.sphere.reg
Rescaling ...  original radius = 100
Building target registration hash (res=16).
Building source registration hash (res=16).
INFO: found  4641 nlabel points
Performing mapping from target back to the source label 123295
Number of reverse mapping hits = 622
Checking for and removing duplicates
Writing label file ./lh.V1_exvivo.label 5263
mri_label2label: Done


 mri_label2label --srcsubject fsaverage --srclabel /out/sourcedata/freesurfer/fsaverage/label/lh.V2_exvivo.label --trgsubject sub-v1s6x0051372_ses-1 --trglabel ./lh.V2_exvivo.label --hemi lh --regmethod surface 


srclabel = /out/sourcedata/freesurfer/fsaverage/label/lh.V2_exvivo.label
srcsubject = fsaverage
trgsubject = sub-v1s6x0051372_ses-1
trglabel = ./lh.V2_exvivo.label
regmethod = surface

srchemi = lh
trghemi = lh
trgsurface = white
srcsurfreg = sphere.reg
trgsurfreg = sphere.reg
usehash = 1
Use ProjAbs  = 0, 0
Use ProjFrac = 0, 0
DoPaint 0

SUBJECTS_DIR    /out/sourcedata/freesurfer
FREESURFER_HOME /opt/freesurfer
Loading source label.
Found 8114 points in source label.
Starting surface-based mapping
Reading source registration 
 /out/sourcedata/freesurfer/fsaverage/surf/lh.sphere.reg
Rescaling ...  original radius = 100
Reading target surface 
 /out/sourcedata/freesurfer/sub-v1s6x0051372_ses-1/surf/lh.white
Reading target registration 
 /out/sourcedata/freesurfer/sub-v1s6x0051372_ses-1/surf/lh.sphere.reg
Rescaling ...  original radius = 100
Building target registration hash (res=16).
Building source registration hash (res=16).
INFO: found  8114 nlabel points
Performing mapping from target back to the source label 123295
Number of reverse mapping hits = 1336
Checking for and removing duplicates
Writing label file ./lh.V2_exvivo.label 9450
mri_label2label: Done


 mri_label2label --srcsubject fsaverage --srclabel /out/sourcedata/freesurfer/fsaverage/label/lh.MT_exvivo.label --trgsubject sub-v1s6x0051372_ses-1 --trglabel ./lh.MT_exvivo.label --hemi lh --regmethod surface 


srclabel = /out/sourcedata/freesurfer/fsaverage/label/lh.MT_exvivo.label
srcsubject = fsaverage
trgsubject = sub-v1s6x0051372_ses-1
trglabel = ./lh.MT_exvivo.label
regmethod = surface

srchemi = lh
trghemi = lh
trgsurface = white
srcsurfreg = sphere.reg
trgsurfreg = sphere.reg
usehash = 1
Use ProjAbs  = 0, 0
Use ProjFrac = 0, 0
DoPaint 0

SUBJECTS_DIR    /out/sourcedata/freesurfer
FREESURFER_HOME /opt/freesurfer
Loading source label.
Found 2018 points in source label.
Starting surface-based mapping
Reading source registration 
 /out/sourcedata/freesurfer/fsaverage/surf/lh.sphere.reg
Rescaling ...  original radius = 100
Reading target surface 
 /out/sourcedata/freesurfer/sub-v1s6x0051372_ses-1/surf/lh.white
Reading target registration 
 /out/sourcedata/freesurfer/sub-v1s6x0051372_ses-1/surf/lh.sphere.reg
Rescaling ...  original radius = 100
Building target registration hash (res=16).
Building source registration hash (res=16).
INFO: found  2018 nlabel points
Performing mapping from target back to the source label 123295
Number of reverse mapping hits = 275
Checking for and removing duplicates
Writing label file ./lh.MT_exvivo.label 2293
mri_label2label: Done


 mri_label2label --srcsubject fsaverage --srclabel /out/sourcedata/freesurfer/fsaverage/label/lh.entorhinal_exvivo.label --trgsubject sub-v1s6x0051372_ses-1 --trglabel ./lh.entorhinal_exvivo.label --hemi lh --regmethod surface 


srclabel = /out/sourcedata/freesurfer/fsaverage/label/lh.entorhinal_exvivo.label
srcsubject = fsaverage
trgsubject = sub-v1s6x0051372_ses-1
trglabel = ./lh.entorhinal_exvivo.label
regmethod = surface

srchemi = lh
trghemi = lh
trgsurface = white
srcsurfreg = sphere.reg
trgsurfreg = sphere.reg
usehash = 1
Use ProjAbs  = 0, 0
Use ProjFrac = 0, 0
DoPaint 0

SUBJECTS_DIR    /out/sourcedata/freesurfer
FREESURFER_HOME /opt/freesurfer
Loading source label.
Found 1290 points in source label.
Starting surface-based mapping
Reading source registration 
 /out/sourcedata/freesurfer/fsaverage/surf/lh.sphere.reg
Rescaling ...  original radius = 100
Reading target surface 
 /out/sourcedata/freesurfer/sub-v1s6x0051372_ses-1/surf/lh.white
Reading target registration 
 /out/sourcedata/freesurfer/sub-v1s6x0051372_ses-1/surf/lh.sphere.reg
Rescaling ...  original radius = 100
Building target registration hash (res=16).
Building source registration hash (res=16).
INFO: found  1290 nlabel points
Performing mapping from target back to the source label 123295
Number of reverse mapping hits = 75
Checking for and removing duplicates
Writing label file ./lh.entorhinal_exvivo.label 1365
mri_label2label: Done


 mri_label2label --srcsubject fsaverage --srclabel /out/sourcedata/freesurfer/fsaverage/label/lh.perirhinal_exvivo.label --trgsubject sub-v1s6x0051372_ses-1 --trglabel ./lh.perirhinal_exvivo.label --hemi lh --regmethod surface 


srclabel = /out/sourcedata/freesurfer/fsaverage/label/lh.perirhinal_exvivo.label
srcsubject = fsaverage
trgsubject = sub-v1s6x0051372_ses-1
trglabel = ./lh.perirhinal_exvivo.label
regmethod = surface

srchemi = lh
trghemi = lh
trgsurface = white
srcsurfreg = sphere.reg
trgsurfreg = sphere.reg
usehash = 1
Use ProjAbs  = 0, 0
Use ProjFrac = 0, 0
DoPaint 0

SUBJECTS_DIR    /out/sourcedata/freesurfer
FREESURFER_HOME /opt/freesurfer
Loading source label.
Found 1199 points in source label.
Starting surface-based mapping
Reading source registration 
 /out/sourcedata/freesurfer/fsaverage/surf/lh.sphere.reg
Rescaling ...  original radius = 100
Reading target surface 
 /out/sourcedata/freesurfer/sub-v1s6x0051372_ses-1/surf/lh.white
Reading target registration 
 /out/sourcedata/freesurfer/sub-v1s6x0051372_ses-1/surf/lh.sphere.reg
Rescaling ...  original radius = 100
Building target registration hash (res=16).
Building source registration hash (res=16).
INFO: found  1199 nlabel points
Performing mapping from target back to the source label 123295
Number of reverse mapping hits = 52
Checking for and removing duplicates
Writing label file ./lh.perirhinal_exvivo.label 1251
mri_label2label: Done


 mri_label2label --srcsubject fsaverage --srclabel /out/sourcedata/freesurfer/fsaverage/label/lh.FG1.mpm.vpnl.label --trgsubject sub-v1s6x0051372_ses-1 --trglabel ./lh.FG1.mpm.vpnl.label --hemi lh --regmethod surface 


srclabel = /out/sourcedata/freesurfer/fsaverage/label/lh.FG1.mpm.vpnl.label
srcsubject = fsaverage
trgsubject = sub-v1s6x0051372_ses-1
trglabel = ./lh.FG1.mpm.vpnl.label
regmethod = surface

srchemi = lh
trghemi = lh
trgsurface = white
srcsurfreg = sphere.reg
trgsurfreg = sphere.reg
usehash = 1
Use ProjAbs  = 0, 0
Use ProjFrac = 0, 0
DoPaint 0

SUBJECTS_DIR    /out/sourcedata/freesurfer
FREESURFER_HOME /opt/freesurfer
Loading source label.
Found 414 points in source label.
Starting surface-based mapping
Reading source registration 
 /out/sourcedata/freesurfer/fsaverage/surf/lh.sphere.reg
Rescaling ...  original radius = 100
Reading target surface 
 /out/sourcedata/freesurfer/sub-v1s6x0051372_ses-1/surf/lh.white
Reading target registration 
 /out/sourcedata/freesurfer/sub-v1s6x0051372_ses-1/surf/lh.sphere.reg
Rescaling ...  original radius = 100
Building target registration hash (res=16).
Building source registration hash (res=16).
INFO: found  414 nlabel points
Performing mapping from target back to the source label 123295
Number of reverse mapping hits = 101
Checking for and removing duplicates
Writing label file ./lh.FG1.mpm.vpnl.label 515
mri_label2label: Done


 mri_label2label --srcsubject fsaverage --srclabel /out/sourcedata/freesurfer/fsaverage/label/lh.FG2.mpm.vpnl.label --trgsubject sub-v1s6x0051372_ses-1 --trglabel ./lh.FG2.mpm.vpnl.label --hemi lh --regmethod surface 


srclabel = /out/sourcedata/freesurfer/fsaverage/label/lh.FG2.mpm.vpnl.label
srcsubject = fsaverage
trgsubject = sub-v1s6x0051372_ses-1
trglabel = ./lh.FG2.mpm.vpnl.label
regmethod = surface

srchemi = lh
trghemi = lh
trgsurface = white
srcsurfreg = sphere.reg
trgsurfreg = sphere.reg
usehash = 1
Use ProjAbs  = 0, 0
Use ProjFrac = 0, 0
DoPaint 0

SUBJECTS_DIR    /out/sourcedata/freesurfer
FREESURFER_HOME /opt/freesurfer
Loading source label.
Found 703 points in source label.
Starting surface-based mapping
Reading source registration 
 /out/sourcedata/freesurfer/fsaverage/surf/lh.sphere.reg
Rescaling ...  original radius = 100
Reading target surface 
 /out/sourcedata/freesurfer/sub-v1s6x0051372_ses-1/surf/lh.white
Reading target registration 
 /out/sourcedata/freesurfer/sub-v1s6x0051372_ses-1/surf/lh.sphere.reg
Rescaling ...  original radius = 100
Building target registration hash (res=16).
Building source registration hash (res=16).
INFO: found  703 nlabel points
Performing mapping from target back to the source label 123295
Number of reverse mapping hits = 231
Checking for and removing duplicates
Writing label file ./lh.FG2.mpm.vpnl.label 934
mri_label2label: Done


 mri_label2label --srcsubject fsaverage --srclabel /out/sourcedata/freesurfer/fsaverage/label/lh.FG3.mpm.vpnl.label --trgsubject sub-v1s6x0051372_ses-1 --trglabel ./lh.FG3.mpm.vpnl.label --hemi lh --regmethod surface 


srclabel = /out/sourcedata/freesurfer/fsaverage/label/lh.FG3.mpm.vpnl.label
srcsubject = fsaverage
trgsubject = sub-v1s6x0051372_ses-1
trglabel = ./lh.FG3.mpm.vpnl.label
regmethod = surface

srchemi = lh
trghemi = lh
trgsurface = white
srcsurfreg = sphere.reg
trgsurfreg = sphere.reg
usehash = 1
Use ProjAbs  = 0, 0
Use ProjFrac = 0, 0
DoPaint 0

SUBJECTS_DIR    /out/sourcedata/freesurfer
FREESURFER_HOME /opt/freesurfer
Loading source label.
Found 1873 points in source label.
Starting surface-based mapping
Reading source registration 
 /out/sourcedata/freesurfer/fsaverage/surf/lh.sphere.reg
Rescaling ...  original radius = 100
Reading target surface 
 /out/sourcedata/freesurfer/sub-v1s6x0051372_ses-1/surf/lh.white
Reading target registration 
 /out/sourcedata/freesurfer/sub-v1s6x0051372_ses-1/surf/lh.sphere.reg
Rescaling ...  original radius = 100
Building target registration hash (res=16).
Building source registration hash (res=16).
INFO: found  1873 nlabel points
Performing mapping from target back to the source label 123295
Number of reverse mapping hits = 91
Checking for and removing duplicates
Writing label file ./lh.FG3.mpm.vpnl.label 1964
mri_label2label: Done


 mri_label2label --srcsubject fsaverage --srclabel /out/sourcedata/freesurfer/fsaverage/label/lh.FG4.mpm.vpnl.label --trgsubject sub-v1s6x0051372_ses-1 --trglabel ./lh.FG4.mpm.vpnl.label --hemi lh --regmethod surface 


srclabel = /out/sourcedata/freesurfer/fsaverage/label/lh.FG4.mpm.vpnl.label
srcsubject = fsaverage
trgsubject = sub-v1s6x0051372_ses-1
trglabel = ./lh.FG4.mpm.vpnl.label
regmethod = surface

srchemi = lh
trghemi = lh
trgsurface = white
srcsurfreg = sphere.reg
trgsurfreg = sphere.reg
usehash = 1
Use ProjAbs  = 0, 0
Use ProjFrac = 0, 0
DoPaint 0

SUBJECTS_DIR    /out/sourcedata/freesurfer
FREESURFER_HOME /opt/freesurfer
Loading source label.
Found 2101 points in source label.
Starting surface-based mapping
Reading source registration 
 /out/sourcedata/freesurfer/fsaverage/surf/lh.sphere.reg
Rescaling ...  original radius = 100
Reading target surface 
 /out/sourcedata/freesurfer/sub-v1s6x0051372_ses-1/surf/lh.white
Reading target registration 
 /out/sourcedata/freesurfer/sub-v1s6x0051372_ses-1/surf/lh.sphere.reg
Rescaling ...  original radius = 100
Building target registration hash (res=16).
Building source registration hash (res=16).
INFO: found  2101 nlabel points
Performing mapping from target back to the source label 123295
Number of reverse mapping hits = 267
Checking for and removing duplicates
Writing label file ./lh.FG4.mpm.vpnl.label 2368
mri_label2label: Done


 mri_label2label --srcsubject fsaverage --srclabel /out/sourcedata/freesurfer/fsaverage/label/lh.hOc1.mpm.vpnl.label --trgsubject sub-v1s6x0051372_ses-1 --trglabel ./lh.hOc1.mpm.vpnl.label --hemi lh --regmethod surface 


srclabel = /out/sourcedata/freesurfer/fsaverage/label/lh.hOc1.mpm.vpnl.label
srcsubject = fsaverage
trgsubject = sub-v1s6x0051372_ses-1
trglabel = ./lh.hOc1.mpm.vpnl.label
regmethod = surface

srchemi = lh
trghemi = lh
trgsurface = white
srcsurfreg = sphere.reg
trgsurfreg = sphere.reg
usehash = 1
Use ProjAbs  = 0, 0
Use ProjFrac = 0, 0
DoPaint 0

SUBJECTS_DIR    /out/sourcedata/freesurfer
FREESURFER_HOME /opt/freesurfer
Loading source label.
Found 3877 points in source label.
Starting surface-based mapping
Reading source registration 
 /out/sourcedata/freesurfer/fsaverage/surf/lh.sphere.reg
Rescaling ...  original radius = 100
Reading target surface 
 /out/sourcedata/freesurfer/sub-v1s6x0051372_ses-1/surf/lh.white
Reading target registration 
 /out/sourcedata/freesurfer/sub-v1s6x0051372_ses-1/surf/lh.sphere.reg
Rescaling ...  original radius = 100
Building target registration hash (res=16).
Building source registration hash (res=16).
INFO: found  3877 nlabel points
Performing mapping from target back to the source label 123295
Number of reverse mapping hits = 467
Checking for and removing duplicates
Writing label file ./lh.hOc1.mpm.vpnl.label 4344
mri_label2label: Done


 mri_label2label --srcsubject fsaverage --srclabel /out/sourcedata/freesurfer/fsaverage/label/lh.hOc2.mpm.vpnl.label --trgsubject sub-v1s6x0051372_ses-1 --trglabel ./lh.hOc2.mpm.vpnl.label --hemi lh --regmethod surface 


srclabel = /out/sourcedata/freesurfer/fsaverage/label/lh.hOc2.mpm.vpnl.label
srcsubject = fsaverage
trgsubject = sub-v1s6x0051372_ses-1
trglabel = ./lh.hOc2.mpm.vpnl.label
regmethod = surface

srchemi = lh
trghemi = lh
trgsurface = white
srcsurfreg = sphere.reg
trgsurfreg = sphere.reg
usehash = 1
Use ProjAbs  = 0, 0
Use ProjFrac = 0, 0
DoPaint 0

SUBJECTS_DIR    /out/sourcedata/freesurfer
FREESURFER_HOME /opt/freesurfer
Loading source label.
Found 2919 points in source label.
Starting surface-based mapping
Reading source registration 
 /out/sourcedata/freesurfer/fsaverage/surf/lh.sphere.reg
Rescaling ...  original radius = 100
Reading target surface 
 /out/sourcedata/freesurfer/sub-v1s6x0051372_ses-1/surf/lh.white
Reading target registration 
 /out/sourcedata/freesurfer/sub-v1s6x0051372_ses-1/surf/lh.sphere.reg
Rescaling ...  original radius = 100
Building target registration hash (res=16).
Building source registration hash (res=16).
INFO: found  2919 nlabel points
Performing mapping from target back to the source label 123295
Number of reverse mapping hits = 611
Checking for and removing duplicates
Writing label file ./lh.hOc2.mpm.vpnl.label 3530
mri_label2label: Done


 mri_label2label --srcsubject fsaverage --srclabel /out/sourcedata/freesurfer/fsaverage/label/lh.hOc3v.mpm.vpnl.label --trgsubject sub-v1s6x0051372_ses-1 --trglabel ./lh.hOc3v.mpm.vpnl.label --hemi lh --regmethod surface 


srclabel = /out/sourcedata/freesurfer/fsaverage/label/lh.hOc3v.mpm.vpnl.label
srcsubject = fsaverage
trgsubject = sub-v1s6x0051372_ses-1
trglabel = ./lh.hOc3v.mpm.vpnl.label
regmethod = surface

srchemi = lh
trghemi = lh
trgsurface = white
srcsurfreg = sphere.reg
trgsurfreg = sphere.reg
usehash = 1
Use ProjAbs  = 0, 0
Use ProjFrac = 0, 0
DoPaint 0

SUBJECTS_DIR    /out/sourcedata/freesurfer
FREESURFER_HOME /opt/freesurfer
Loading source label.
Found 1286 points in source label.
Starting surface-based mapping
Reading source registration 
 /out/sourcedata/freesurfer/fsaverage/surf/lh.sphere.reg
Rescaling ...  original radius = 100
Reading target surface 
 /out/sourcedata/freesurfer/sub-v1s6x0051372_ses-1/surf/lh.white
Reading target registration 
 /out/sourcedata/freesurfer/sub-v1s6x0051372_ses-1/surf/lh.sphere.reg
Rescaling ...  original radius = 100
Building target registration hash (res=16).
Building source registration hash (res=16).
INFO: found  1286 nlabel points
Performing mapping from target back to the source label 123295
Number of reverse mapping hits = 211
Checking for and removing duplicates
Writing label file ./lh.hOc3v.mpm.vpnl.label 1497
mri_label2label: Done


 mri_label2label --srcsubject fsaverage --srclabel /out/sourcedata/freesurfer/fsaverage/label/lh.hOc4v.mpm.vpnl.label --trgsubject sub-v1s6x0051372_ses-1 --trglabel ./lh.hOc4v.mpm.vpnl.label --hemi lh --regmethod surface 


srclabel = /out/sourcedata/freesurfer/fsaverage/label/lh.hOc4v.mpm.vpnl.label
srcsubject = fsaverage
trgsubject = sub-v1s6x0051372_ses-1
trglabel = ./lh.hOc4v.mpm.vpnl.label
regmethod = surface

srchemi = lh
trghemi = lh
trgsurface = white
srcsurfreg = sphere.reg
trgsurfreg = sphere.reg
usehash = 1
Use ProjAbs  = 0, 0
Use ProjFrac = 0, 0
DoPaint 0

SUBJECTS_DIR    /out/sourcedata/freesurfer
FREESURFER_HOME /opt/freesurfer
Loading source label.
Found 1006 points in source label.
Starting surface-based mapping
Reading source registration 
 /out/sourcedata/freesurfer/fsaverage/surf/lh.sphere.reg
Rescaling ...  original radius = 100
Reading target surface 
 /out/sourcedata/freesurfer/sub-v1s6x0051372_ses-1/surf/lh.white
Reading target registration 
 /out/sourcedata/freesurfer/sub-v1s6x0051372_ses-1/surf/lh.sphere.reg
Rescaling ...  original radius = 100
Building target registration hash (res=16).
Building source registration hash (res=16).
INFO: found  1006 nlabel points
Performing mapping from target back to the source label 123295
Number of reverse mapping hits = 227
Checking for and removing duplicates
Writing label file ./lh.hOc4v.mpm.vpnl.label 1233
mri_label2label: Done


 mris_label2annot --s sub-v1s6x0051372_ses-1 --ctab /opt/freesurfer/average/colortable_vpnl.txt --hemi lh --a mpm.vpnl --maxstatwinner --noverbose --l lh.FG1.mpm.vpnl.label --l lh.FG2.mpm.vpnl.label --l lh.FG3.mpm.vpnl.label --l lh.FG4.mpm.vpnl.label --l lh.hOc1.mpm.vpnl.label --l lh.hOc2.mpm.vpnl.label --l lh.hOc3v.mpm.vpnl.label --l lh.hOc4v.mpm.vpnl.label 

Reading ctab /opt/freesurfer/average/colortable_vpnl.txt
Number of ctab entries 9

7.3.2
cwd /out/sourcedata/freesurfer/sub-v1s6x0051372_ses-1/label
cmdline mris_label2annot --s sub-v1s6x0051372_ses-1 --ctab /opt/freesurfer/average/colortable_vpnl.txt --hemi lh --a mpm.vpnl --maxstatwinner --noverbose --l lh.FG1.mpm.vpnl.label --l lh.FG2.mpm.vpnl.label --l lh.FG3.mpm.vpnl.label --l lh.FG4.mpm.vpnl.label --l lh.hOc1.mpm.vpnl.label --l lh.hOc2.mpm.vpnl.label --l lh.hOc3v.mpm.vpnl.label --l lh.hOc4v.mpm.vpnl.label 
sysname  Linux
hostname dna059
machine  x86_64
user     oesteban

subject sub-v1s6x0051372_ses-1
hemi    lh
SUBJECTS_DIR /out/sourcedata/freesurfer
ColorTable /opt/freesurfer/average/colortable_vpnl.txt
AnnotName  mpm.vpnl
nlables 8
LabelThresh 0 0.000000
Loading /out/sourcedata/freesurfer/sub-v1s6x0051372_ses-1/surf/lh.orig
 1 1376057 FG1
 2 16711935 FG2
 3 16711680 FG3
 4 1705837 FG4
 5 25600 hOc1
 6 255 hOc2
 7 16776960 hOc3v
 8 65535 hOc4v
Mapping unhit to unknown
Found 109017 unhit vertices
Writing annot to /out/sourcedata/freesurfer/sub-v1s6x0051372_ses-1/label/lh.mpm.vpnl.annot

 mri_label2label --srcsubject fsaverage --srclabel /out/sourcedata/freesurfer/fsaverage/label/lh.BA1_exvivo.thresh.label --trgsubject sub-v1s6x0051372_ses-1 --trglabel ./lh.BA1_exvivo.thresh.label --hemi lh --regmethod surface 


srclabel = /out/sourcedata/freesurfer/fsaverage/label/lh.BA1_exvivo.thresh.label
srcsubject = fsaverage
trgsubject = sub-v1s6x0051372_ses-1
trglabel = ./lh.BA1_exvivo.thresh.label
regmethod = surface

srchemi = lh
trghemi = lh
trgsurface = white
srcsurfreg = sphere.reg
trgsurfreg = sphere.reg
usehash = 1
Use ProjAbs  = 0, 0
Use ProjFrac = 0, 0
DoPaint 0

SUBJECTS_DIR    /out/sourcedata/freesurfer
FREESURFER_HOME /opt/freesurfer
Loading source label.
Found 1014 points in source label.
Starting surface-based mapping
Reading source registration 
 /out/sourcedata/freesurfer/fsaverage/surf/lh.sphere.reg
Rescaling ...  original radius = 100
Reading target surface 
 /out/sourcedata/freesurfer/sub-v1s6x0051372_ses-1/surf/lh.white
Reading target registration 
 /out/sourcedata/freesurfer/sub-v1s6x0051372_ses-1/surf/lh.sphere.reg
Rescaling ...  original radius = 100
Building target registration hash (res=16).
Building source registration hash (res=16).
INFO: found  1014 nlabel points
Performing mapping from target back to the source label 123295
Number of reverse mapping hits = 14
Checking for and removing duplicates
Writing label file ./lh.BA1_exvivo.thresh.label 1028
mri_label2label: Done


 mri_label2label --srcsubject fsaverage --srclabel /out/sourcedata/freesurfer/fsaverage/label/lh.BA2_exvivo.thresh.label --trgsubject sub-v1s6x0051372_ses-1 --trglabel ./lh.BA2_exvivo.thresh.label --hemi lh --regmethod surface 


srclabel = /out/sourcedata/freesurfer/fsaverage/label/lh.BA2_exvivo.thresh.label
srcsubject = fsaverage
trgsubject = sub-v1s6x0051372_ses-1
trglabel = ./lh.BA2_exvivo.thresh.label
regmethod = surface

srchemi = lh
trghemi = lh
trgsurface = white
srcsurfreg = sphere.reg
trgsurfreg = sphere.reg
usehash = 1
Use ProjAbs  = 0, 0
Use ProjFrac = 0, 0
DoPaint 0

SUBJECTS_DIR    /out/sourcedata/freesurfer
FREESURFER_HOME /opt/freesurfer
Loading source label.
Found 2092 points in source label.
Starting surface-based mapping
Reading source registration 
 /out/sourcedata/freesurfer/fsaverage/surf/lh.sphere.reg
Rescaling ...  original radius = 100
Reading target surface 
 /out/sourcedata/freesurfer/sub-v1s6x0051372_ses-1/surf/lh.white
Reading target registration 
 /out/sourcedata/freesurfer/sub-v1s6x0051372_ses-1/surf/lh.sphere.reg
Rescaling ...  original radius = 100
Building target registration hash (res=16).
Building source registration hash (res=16).
INFO: found  2092 nlabel points
Performing mapping from target back to the source label 123295
Number of reverse mapping hits = 16
Checking for and removing duplicates
Writing label file ./lh.BA2_exvivo.thresh.label 2108
mri_label2label: Done


 mri_label2label --srcsubject fsaverage --srclabel /out/sourcedata/freesurfer/fsaverage/label/lh.BA3a_exvivo.thresh.label --trgsubject sub-v1s6x0051372_ses-1 --trglabel ./lh.BA3a_exvivo.thresh.label --hemi lh --regmethod surface 


srclabel = /out/sourcedata/freesurfer/fsaverage/label/lh.BA3a_exvivo.thresh.label
srcsubject = fsaverage
trgsubject = sub-v1s6x0051372_ses-1
trglabel = ./lh.BA3a_exvivo.thresh.label
regmethod = surface

srchemi = lh
trghemi = lh
trgsurface = white
srcsurfreg = sphere.reg
trgsurfreg = sphere.reg
usehash = 1
Use ProjAbs  = 0, 0
Use ProjFrac = 0, 0
DoPaint 0

SUBJECTS_DIR    /out/sourcedata/freesurfer
FREESURFER_HOME /opt/freesurfer
Loading source label.
Found 1504 points in source label.
Starting surface-based mapping
Reading source registration 
 /out/sourcedata/freesurfer/fsaverage/surf/lh.sphere.reg
Rescaling ...  original radius = 100
Reading target surface 
 /out/sourcedata/freesurfer/sub-v1s6x0051372_ses-1/surf/lh.white
Reading target registration 
 /out/sourcedata/freesurfer/sub-v1s6x0051372_ses-1/surf/lh.sphere.reg
Rescaling ...  original radius = 100
Building target registration hash (res=16).
Building source registration hash (res=16).
INFO: found  1504 nlabel points
Performing mapping from target back to the source label 123295
Number of reverse mapping hits = 5
Checking for and removing duplicates
Writing label file ./lh.BA3a_exvivo.thresh.label 1509
mri_label2label: Done


 mri_label2label --srcsubject fsaverage --srclabel /out/sourcedata/freesurfer/fsaverage/label/lh.BA3b_exvivo.thresh.label --trgsubject sub-v1s6x0051372_ses-1 --trglabel ./lh.BA3b_exvivo.thresh.label --hemi lh --regmethod surface 


srclabel = /out/sourcedata/freesurfer/fsaverage/label/lh.BA3b_exvivo.thresh.label
srcsubject = fsaverage
trgsubject = sub-v1s6x0051372_ses-1
trglabel = ./lh.BA3b_exvivo.thresh.label
regmethod = surface

srchemi = lh
trghemi = lh
trgsurface = white
srcsurfreg = sphere.reg
trgsurfreg = sphere.reg
usehash = 1
Use ProjAbs  = 0, 0
Use ProjFrac = 0, 0
DoPaint 0

SUBJECTS_DIR    /out/sourcedata/freesurfer
FREESURFER_HOME /opt/freesurfer
Loading source label.
Found 1996 points in source label.
Starting surface-based mapping
Reading source registration 
 /out/sourcedata/freesurfer/fsaverage/surf/lh.sphere.reg
Rescaling ...  original radius = 100
Reading target surface 
 /out/sourcedata/freesurfer/sub-v1s6x0051372_ses-1/surf/lh.white
Reading target registration 
 /out/sourcedata/freesurfer/sub-v1s6x0051372_ses-1/surf/lh.sphere.reg
Rescaling ...  original radius = 100
Building target registration hash (res=16).
Building source registration hash (res=16).
INFO: found  1996 nlabel points
Performing mapping from target back to the source label 123295
Number of reverse mapping hits = 17
Checking for and removing duplicates
Writing label file ./lh.BA3b_exvivo.thresh.label 2013
mri_label2label: Done


 mri_label2label --srcsubject fsaverage --srclabel /out/sourcedata/freesurfer/fsaverage/label/lh.BA4a_exvivo.thresh.label --trgsubject sub-v1s6x0051372_ses-1 --trglabel ./lh.BA4a_exvivo.thresh.label --hemi lh --regmethod surface 


srclabel = /out/sourcedata/freesurfer/fsaverage/label/lh.BA4a_exvivo.thresh.label
srcsubject = fsaverage
trgsubject = sub-v1s6x0051372_ses-1
trglabel = ./lh.BA4a_exvivo.thresh.label
regmethod = surface

srchemi = lh
trghemi = lh
trgsurface = white
srcsurfreg = sphere.reg
trgsurfreg = sphere.reg
usehash = 1
Use ProjAbs  = 0, 0
Use ProjFrac = 0, 0
DoPaint 0

SUBJECTS_DIR    /out/sourcedata/freesurfer
FREESURFER_HOME /opt/freesurfer
Loading source label.
Found 2319 points in source label.
Starting surface-based mapping
Reading source registration 
 /out/sourcedata/freesurfer/fsaverage/surf/lh.sphere.reg
Rescaling ...  original radius = 100
Reading target surface 
 /out/sourcedata/freesurfer/sub-v1s6x0051372_ses-1/surf/lh.white
Reading target registration 
 /out/sourcedata/freesurfer/sub-v1s6x0051372_ses-1/surf/lh.sphere.reg
Rescaling ...  original radius = 100
Building target registration hash (res=16).
Building source registration hash (res=16).
INFO: found  2319 nlabel points
Performing mapping from target back to the source label 123295
Number of reverse mapping hits = 54
Checking for and removing duplicates
Writing label file ./lh.BA4a_exvivo.thresh.label 2373
mri_label2label: Done


 mri_label2label --srcsubject fsaverage --srclabel /out/sourcedata/freesurfer/fsaverage/label/lh.BA4p_exvivo.thresh.label --trgsubject sub-v1s6x0051372_ses-1 --trglabel ./lh.BA4p_exvivo.thresh.label --hemi lh --regmethod surface 


srclabel = /out/sourcedata/freesurfer/fsaverage/label/lh.BA4p_exvivo.thresh.label
srcsubject = fsaverage
trgsubject = sub-v1s6x0051372_ses-1
trglabel = ./lh.BA4p_exvivo.thresh.label
regmethod = surface

srchemi = lh
trghemi = lh
trgsurface = white
srcsurfreg = sphere.reg
trgsurfreg = sphere.reg
usehash = 1
Use ProjAbs  = 0, 0
Use ProjFrac = 0, 0
DoPaint 0

SUBJECTS_DIR    /out/sourcedata/freesurfer
FREESURFER_HOME /opt/freesurfer
Loading source label.
Found 1549 points in source label.
Starting surface-based mapping
Reading source registration 
 /out/sourcedata/freesurfer/fsaverage/surf/lh.sphere.reg
Rescaling ...  original radius = 100
Reading target surface 
 /out/sourcedata/freesurfer/sub-v1s6x0051372_ses-1/surf/lh.white
Reading target registration 
 /out/sourcedata/freesurfer/sub-v1s6x0051372_ses-1/surf/lh.sphere.reg
Rescaling ...  original radius = 100
Building target registration hash (res=16).
Building source registration hash (res=16).
INFO: found  1549 nlabel points
Performing mapping from target back to the source label 123295
Number of reverse mapping hits = 14
Checking for and removing duplicates
Writing label file ./lh.BA4p_exvivo.thresh.label 1563
mri_label2label: Done


 mri_label2label --srcsubject fsaverage --srclabel /out/sourcedata/freesurfer/fsaverage/label/lh.BA6_exvivo.thresh.label --trgsubject sub-v1s6x0051372_ses-1 --trglabel ./lh.BA6_exvivo.thresh.label --hemi lh --regmethod surface 


srclabel = /out/sourcedata/freesurfer/fsaverage/label/lh.BA6_exvivo.thresh.label
srcsubject = fsaverage
trgsubject = sub-v1s6x0051372_ses-1
trglabel = ./lh.BA6_exvivo.thresh.label
regmethod = surface

srchemi = lh
trghemi = lh
trgsurface = white
srcsurfreg = sphere.reg
trgsurfreg = sphere.reg
usehash = 1
Use ProjAbs  = 0, 0
Use ProjFrac = 0, 0
DoPaint 0

SUBJECTS_DIR    /out/sourcedata/freesurfer
FREESURFER_HOME /opt/freesurfer
Loading source label.
Found 7035 points in source label.
Starting surface-based mapping
Reading source registration 
 /out/sourcedata/freesurfer/fsaverage/surf/lh.sphere.reg
Rescaling ...  original radius = 100
Reading target surface 
 /out/sourcedata/freesurfer/sub-v1s6x0051372_ses-1/surf/lh.white
Reading target registration 
 /out/sourcedata/freesurfer/sub-v1s6x0051372_ses-1/surf/lh.sphere.reg
Rescaling ...  original radius = 100
Building target registration hash (res=16).
Building source registration hash (res=16).
INFO: found  7035 nlabel points
Performing mapping from target back to the source label 123295
Number of reverse mapping hits = 138
Checking for and removing duplicates
Writing label file ./lh.BA6_exvivo.thresh.label 7173
mri_label2label: Done


 mri_label2label --srcsubject fsaverage --srclabel /out/sourcedata/freesurfer/fsaverage/label/lh.BA44_exvivo.thresh.label --trgsubject sub-v1s6x0051372_ses-1 --trglabel ./lh.BA44_exvivo.thresh.label --hemi lh --regmethod surface 


srclabel = /out/sourcedata/freesurfer/fsaverage/label/lh.BA44_exvivo.thresh.label
srcsubject = fsaverage
trgsubject = sub-v1s6x0051372_ses-1
trglabel = ./lh.BA44_exvivo.thresh.label
regmethod = surface

srchemi = lh
trghemi = lh
trgsurface = white
srcsurfreg = sphere.reg
trgsurfreg = sphere.reg
usehash = 1
Use ProjAbs  = 0, 0
Use ProjFrac = 0, 0
DoPaint 0

SUBJECTS_DIR    /out/sourcedata/freesurfer
FREESURFER_HOME /opt/freesurfer
Loading source label.
Found 1912 points in source label.
Starting surface-based mapping
Reading source registration 
 /out/sourcedata/freesurfer/fsaverage/surf/lh.sphere.reg
Rescaling ...  original radius = 100
Reading target surface 
 /out/sourcedata/freesurfer/sub-v1s6x0051372_ses-1/surf/lh.white
Reading target registration 
 /out/sourcedata/freesurfer/sub-v1s6x0051372_ses-1/surf/lh.sphere.reg
Rescaling ...  original radius = 100
Building target registration hash (res=16).
Building source registration hash (res=16).
INFO: found  1912 nlabel points
Performing mapping from target back to the source label 123295
Number of reverse mapping hits = 61
Checking for and removing duplicates
Writing label file ./lh.BA44_exvivo.thresh.label 1973
mri_label2label: Done


 mri_label2label --srcsubject fsaverage --srclabel /out/sourcedata/freesurfer/fsaverage/label/lh.BA45_exvivo.thresh.label --trgsubject sub-v1s6x0051372_ses-1 --trglabel ./lh.BA45_exvivo.thresh.label --hemi lh --regmethod surface 


srclabel = /out/sourcedata/freesurfer/fsaverage/label/lh.BA45_exvivo.thresh.label
srcsubject = fsaverage
trgsubject = sub-v1s6x0051372_ses-1
trglabel = ./lh.BA45_exvivo.thresh.label
regmethod = surface

srchemi = lh
trghemi = lh
trgsurface = white
srcsurfreg = sphere.reg
trgsurfreg = sphere.reg
usehash = 1
Use ProjAbs  = 0, 0
Use ProjFrac = 0, 0
DoPaint 0

SUBJECTS_DIR    /out/sourcedata/freesurfer
FREESURFER_HOME /opt/freesurfer
Loading source label.
Found 1151 points in source label.
Starting surface-based mapping
Reading source registration 
 /out/sourcedata/freesurfer/fsaverage/surf/lh.sphere.reg
Rescaling ...  original radius = 100
Reading target surface 
 /out/sourcedata/freesurfer/sub-v1s6x0051372_ses-1/surf/lh.white
Reading target registration 
 /out/sourcedata/freesurfer/sub-v1s6x0051372_ses-1/surf/lh.sphere.reg
Rescaling ...  original radius = 100
Building target registration hash (res=16).
Building source registration hash (res=16).
INFO: found  1151 nlabel points
Performing mapping from target back to the source label 123295
Number of reverse mapping hits = 49
Checking for and removing duplicates
Writing label file ./lh.BA45_exvivo.thresh.label 1200
mri_label2label: Done


 mri_label2label --srcsubject fsaverage --srclabel /out/sourcedata/freesurfer/fsaverage/label/lh.V1_exvivo.thresh.label --trgsubject sub-v1s6x0051372_ses-1 --trglabel ./lh.V1_exvivo.thresh.label --hemi lh --regmethod surface 


srclabel = /out/sourcedata/freesurfer/fsaverage/label/lh.V1_exvivo.thresh.label
srcsubject = fsaverage
trgsubject = sub-v1s6x0051372_ses-1
trglabel = ./lh.V1_exvivo.thresh.label
regmethod = surface

srchemi = lh
trghemi = lh
trgsurface = white
srcsurfreg = sphere.reg
trgsurfreg = sphere.reg
usehash = 1
Use ProjAbs  = 0, 0
Use ProjFrac = 0, 0
DoPaint 0

SUBJECTS_DIR    /out/sourcedata/freesurfer
FREESURFER_HOME /opt/freesurfer
Loading source label.
Found 3405 points in source label.
Starting surface-based mapping
Reading source registration 
 /out/sourcedata/freesurfer/fsaverage/surf/lh.sphere.reg
Rescaling ...  original radius = 100
Reading target surface 
 /out/sourcedata/freesurfer/sub-v1s6x0051372_ses-1/surf/lh.white
Reading target registration 
 /out/sourcedata/freesurfer/sub-v1s6x0051372_ses-1/surf/lh.sphere.reg
Rescaling ...  original radius = 100
Building target registration hash (res=16).
Building source registration hash (res=16).
INFO: found  3405 nlabel points
Performing mapping from target back to the source label 123295
Number of reverse mapping hits = 405
Checking for and removing duplicates
Writing label file ./lh.V1_exvivo.thresh.label 3810
mri_label2label: Done


 mri_label2label --srcsubject fsaverage --srclabel /out/sourcedata/freesurfer/fsaverage/label/lh.V2_exvivo.thresh.label --trgsubject sub-v1s6x0051372_ses-1 --trglabel ./lh.V2_exvivo.thresh.label --hemi lh --regmethod surface 


srclabel = /out/sourcedata/freesurfer/fsaverage/label/lh.V2_exvivo.thresh.label
srcsubject = fsaverage
trgsubject = sub-v1s6x0051372_ses-1
trglabel = ./lh.V2_exvivo.thresh.label
regmethod = surface

srchemi = lh
trghemi = lh
trgsurface = white
srcsurfreg = sphere.reg
trgsurfreg = sphere.reg
usehash = 1
Use ProjAbs  = 0, 0
Use ProjFrac = 0, 0
DoPaint 0

SUBJECTS_DIR    /out/sourcedata/freesurfer
FREESURFER_HOME /opt/freesurfer
Loading source label.
Found 3334 points in source label.
Starting surface-based mapping
Reading source registration 
 /out/sourcedata/freesurfer/fsaverage/surf/lh.sphere.reg
Rescaling ...  original radius = 100
Reading target surface 
 /out/sourcedata/freesurfer/sub-v1s6x0051372_ses-1/surf/lh.white
Reading target registration 
 /out/sourcedata/freesurfer/sub-v1s6x0051372_ses-1/surf/lh.sphere.reg
Rescaling ...  original radius = 100
Building target registration hash (res=16).
Building source registration hash (res=16).
INFO: found  3334 nlabel points
Performing mapping from target back to the source label 123295
Number of reverse mapping hits = 651
Checking for and removing duplicates
Writing label file ./lh.V2_exvivo.thresh.label 3985
mri_label2label: Done


 mri_label2label --srcsubject fsaverage --srclabel /out/sourcedata/freesurfer/fsaverage/label/lh.MT_exvivo.thresh.label --trgsubject sub-v1s6x0051372_ses-1 --trglabel ./lh.MT_exvivo.thresh.label --hemi lh --regmethod surface 


srclabel = /out/sourcedata/freesurfer/fsaverage/label/lh.MT_exvivo.thresh.label
srcsubject = fsaverage
trgsubject = sub-v1s6x0051372_ses-1
trglabel = ./lh.MT_exvivo.thresh.label
regmethod = surface

srchemi = lh
trghemi = lh
trgsurface = white
srcsurfreg = sphere.reg
trgsurfreg = sphere.reg
usehash = 1
Use ProjAbs  = 0, 0
Use ProjFrac = 0, 0
DoPaint 0

SUBJECTS_DIR    /out/sourcedata/freesurfer
FREESURFER_HOME /opt/freesurfer
Loading source label.
Found 513 points in source label.
Starting surface-based mapping
Reading source registration 
 /out/sourcedata/freesurfer/fsaverage/surf/lh.sphere.reg
Rescaling ...  original radius = 100
Reading target surface 
 /out/sourcedata/freesurfer/sub-v1s6x0051372_ses-1/surf/lh.white
Reading target registration 
 /out/sourcedata/freesurfer/sub-v1s6x0051372_ses-1/surf/lh.sphere.reg
Rescaling ...  original radius = 100
Building target registration hash (res=16).
Building source registration hash (res=16).
INFO: found  513 nlabel points
Performing mapping from target back to the source label 123295
Number of reverse mapping hits = 72
Checking for and removing duplicates
Writing label file ./lh.MT_exvivo.thresh.label 585
mri_label2label: Done


 mri_label2label --srcsubject fsaverage --srclabel /out/sourcedata/freesurfer/fsaverage/label/lh.entorhinal_exvivo.thresh.label --trgsubject sub-v1s6x0051372_ses-1 --trglabel ./lh.entorhinal_exvivo.thresh.label --hemi lh --regmethod surface 


srclabel = /out/sourcedata/freesurfer/fsaverage/label/lh.entorhinal_exvivo.thresh.label
srcsubject = fsaverage
trgsubject = sub-v1s6x0051372_ses-1
trglabel = ./lh.entorhinal_exvivo.thresh.label
regmethod = surface

srchemi = lh
trghemi = lh
trgsurface = white
srcsurfreg = sphere.reg
trgsurfreg = sphere.reg
usehash = 1
Use ProjAbs  = 0, 0
Use ProjFrac = 0, 0
DoPaint 0

SUBJECTS_DIR    /out/sourcedata/freesurfer
FREESURFER_HOME /opt/freesurfer
Loading source label.
Found 470 points in source label.
Starting surface-based mapping
Reading source registration 
 /out/sourcedata/freesurfer/fsaverage/surf/lh.sphere.reg
Rescaling ...  original radius = 100
Reading target surface 
 /out/sourcedata/freesurfer/sub-v1s6x0051372_ses-1/surf/lh.white
Reading target registration 
 /out/sourcedata/freesurfer/sub-v1s6x0051372_ses-1/surf/lh.sphere.reg
Rescaling ...  original radius = 100
Building target registration hash (res=16).
Building source registration hash (res=16).
INFO: found  470 nlabel points
Performing mapping from target back to the source label 123295
Number of reverse mapping hits = 31
Checking for and removing duplicates
Writing label file ./lh.entorhinal_exvivo.thresh.label 501
mri_label2label: Done


 mri_label2label --srcsubject fsaverage --srclabel /out/sourcedata/freesurfer/fsaverage/label/lh.perirhinal_exvivo.thresh.label --trgsubject sub-v1s6x0051372_ses-1 --trglabel ./lh.perirhinal_exvivo.thresh.label --hemi lh --regmethod surface 


srclabel = /out/sourcedata/freesurfer/fsaverage/label/lh.perirhinal_exvivo.thresh.label
srcsubject = fsaverage
trgsubject = sub-v1s6x0051372_ses-1
trglabel = ./lh.perirhinal_exvivo.thresh.label
regmethod = surface

srchemi = lh
trghemi = lh
trgsurface = white
srcsurfreg = sphere.reg
trgsurfreg = sphere.reg
usehash = 1
Use ProjAbs  = 0, 0
Use ProjFrac = 0, 0
DoPaint 0

SUBJECTS_DIR    /out/sourcedata/freesurfer
FREESURFER_HOME /opt/freesurfer
Loading source label.
Found 450 points in source label.
Starting surface-based mapping
Reading source registration 
 /out/sourcedata/freesurfer/fsaverage/surf/lh.sphere.reg
Rescaling ...  original radius = 100
Reading target surface 
 /out/sourcedata/freesurfer/sub-v1s6x0051372_ses-1/surf/lh.white
Reading target registration 
 /out/sourcedata/freesurfer/sub-v1s6x0051372_ses-1/surf/lh.sphere.reg
Rescaling ...  original radius = 100
Building target registration hash (res=16).
Building source registration hash (res=16).
INFO: found  450 nlabel points
Performing mapping from target back to the source label 123295
Number of reverse mapping hits = 27
Checking for and removing duplicates
Writing label file ./lh.perirhinal_exvivo.thresh.label 477
mri_label2label: Done


 mris_label2annot --s sub-v1s6x0051372_ses-1 --hemi lh --ctab /opt/freesurfer/average/colortable_BA.txt --l lh.BA1_exvivo.label --l lh.BA2_exvivo.label --l lh.BA3a_exvivo.label --l lh.BA3b_exvivo.label --l lh.BA4a_exvivo.label --l lh.BA4p_exvivo.label --l lh.BA6_exvivo.label --l lh.BA44_exvivo.label --l lh.BA45_exvivo.label --l lh.V1_exvivo.label --l lh.V2_exvivo.label --l lh.MT_exvivo.label --l lh.perirhinal_exvivo.label --l lh.entorhinal_exvivo.label --a BA_exvivo --maxstatwinner --noverbose 

Reading ctab /opt/freesurfer/average/colortable_BA.txt
Number of ctab entries 15

7.3.2
cwd /out/sourcedata/freesurfer/sub-v1s6x0051372_ses-1/label
cmdline mris_label2annot --s sub-v1s6x0051372_ses-1 --hemi lh --ctab /opt/freesurfer/average/colortable_BA.txt --l lh.BA1_exvivo.label --l lh.BA2_exvivo.label --l lh.BA3a_exvivo.label --l lh.BA3b_exvivo.label --l lh.BA4a_exvivo.label --l lh.BA4p_exvivo.label --l lh.BA6_exvivo.label --l lh.BA44_exvivo.label --l lh.BA45_exvivo.label --l lh.V1_exvivo.label --l lh.V2_exvivo.label --l lh.MT_exvivo.label --l lh.perirhinal_exvivo.label --l lh.entorhinal_exvivo.label --a BA_exvivo --maxstatwinner --noverbose 
sysname  Linux
hostname dna059
machine  x86_64
user     oesteban

subject sub-v1s6x0051372_ses-1
hemi    lh
SUBJECTS_DIR /out/sourcedata/freesurfer
ColorTable /opt/freesurfer/average/colortable_BA.txt
AnnotName  BA_exvivo
nlables 14
LabelThresh 0 0.000000
Loading /out/sourcedata/freesurfer/sub-v1s6x0051372_ses-1/surf/lh.orig
 1 1530880 BA1_exvivo
 2 16749699 BA2_exvivo
 3 16711680 BA3a_exvivo
 4 3368703 BA3b_exvivo
 5 1376196 BA4a_exvivo
 6 13382655 BA4p_exvivo
 7 10036737 BA6_exvivo
 8 2490521 BA44_exvivo
 9 39283 BA45_exvivo
10 3993 V1_exvivo
11 8508928 V2_exvivo
12 10027163 MT_exvivo
13 16422433 perirhinal_exvivo
14 16392598 entorhinal_exvivo
Mapping unhit to unknown
Found 85699 unhit vertices
Writing annot to /out/sourcedata/freesurfer/sub-v1s6x0051372_ses-1/label/lh.BA_exvivo.annot

 mris_label2annot --s sub-v1s6x0051372_ses-1 --hemi lh --ctab /opt/freesurfer/average/colortable_BA.txt --l lh.BA1_exvivo.thresh.label --l lh.BA2_exvivo.thresh.label --l lh.BA3a_exvivo.thresh.label --l lh.BA3b_exvivo.thresh.label --l lh.BA4a_exvivo.thresh.label --l lh.BA4p_exvivo.thresh.label --l lh.BA6_exvivo.thresh.label --l lh.BA44_exvivo.thresh.label --l lh.BA45_exvivo.thresh.label --l lh.V1_exvivo.thresh.label --l lh.V2_exvivo.thresh.label --l lh.MT_exvivo.thresh.label --l lh.perirhinal_exvivo.thresh.label --l lh.entorhinal_exvivo.thresh.label --a BA_exvivo.thresh --maxstatwinner --noverbose 

Reading ctab /opt/freesurfer/average/colortable_BA.txt
Number of ctab entries 15

7.3.2
cwd /out/sourcedata/freesurfer/sub-v1s6x0051372_ses-1/label
cmdline mris_label2annot --s sub-v1s6x0051372_ses-1 --hemi lh --ctab /opt/freesurfer/average/colortable_BA.txt --l lh.BA1_exvivo.thresh.label --l lh.BA2_exvivo.thresh.label --l lh.BA3a_exvivo.thresh.label --l lh.BA3b_exvivo.thresh.label --l lh.BA4a_exvivo.thresh.label --l lh.BA4p_exvivo.thresh.label --l lh.BA6_exvivo.thresh.label --l lh.BA44_exvivo.thresh.label --l lh.BA45_exvivo.thresh.label --l lh.V1_exvivo.thresh.label --l lh.V2_exvivo.thresh.label --l lh.MT_exvivo.thresh.label --l lh.perirhinal_exvivo.thresh.label --l lh.entorhinal_exvivo.thresh.label --a BA_exvivo.thresh --maxstatwinner --noverbose 
sysname  Linux
hostname dna059
machine  x86_64
user     oesteban

subject sub-v1s6x0051372_ses-1
hemi    lh
SUBJECTS_DIR /out/sourcedata/freesurfer
ColorTable /opt/freesurfer/average/colortable_BA.txt
AnnotName  BA_exvivo.thresh
nlables 14
LabelThresh 0 0.000000
Loading /out/sourcedata/freesurfer/sub-v1s6x0051372_ses-1/surf/lh.orig
 1 1530880 BA1_exvivo
 2 16749699 BA2_exvivo
 3 16711680 BA3a_exvivo
 4 3368703 BA3b_exvivo
 5 1376196 BA4a_exvivo
 6 13382655 BA4p_exvivo
 7 10036737 BA6_exvivo
 8 2490521 BA44_exvivo
 9 39283 BA45_exvivo
10 3993 V1_exvivo
11 8508928 V2_exvivo
12 10027163 MT_exvivo
13 16422433 perirhinal_exvivo
14 16392598 entorhinal_exvivo
Mapping unhit to unknown
Found 101246 unhit vertices
Writing annot to /out/sourcedata/freesurfer/sub-v1s6x0051372_ses-1/label/lh.BA_exvivo.thresh.annot

 mris_anatomical_stats -th3 -mgz -noglobal -f ../stats/lh.BA_exvivo.stats -b -a ./lh.BA_exvivo.annot -c ./BA_exvivo.ctab sub-v1s6x0051372_ses-1 lh white 

computing statistics for each annotation in ./lh.BA_exvivo.annot.
reading volume /out/sourcedata/freesurfer/sub-v1s6x0051372_ses-1/mri/wm.mgz...
reading input surface /out/sourcedata/freesurfer/sub-v1s6x0051372_ses-1/surf/lh.white...
reading input pial surface /out/sourcedata/freesurfer/sub-v1s6x0051372_ses-1/surf/lh.pial...
reading input white surface /out/sourcedata/freesurfer/sub-v1s6x0051372_ses-1/surf/lh.white...
INFO: using TH3 volume calc
INFO: assuming MGZ format for volumes.
INFO: not computing global stats
Using TH3 vertex volume calc
Total face volume 221013
Total vertex volume 220834 (mask=0)
Saving annotation colortable ./BA_exvivo.ctab

table columns are:
    number of vertices
    total surface area (mm^2)
    total gray matter volume (mm^3)
    average cortical thickness +- standard deviation (mm)
    integrated rectified mean curvature
    integrated rectified Gaussian curvature
    folding index
    intrinsic curvature index
    structure name

  993    632   1651  2.058 0.498     0.131     0.031       13     1.3  BA1_exvivo
 3565   2376   5226  2.149 0.457     0.105     0.019       25     2.9  BA2_exvivo
  988    653    878  1.758 0.400     0.133     0.026        9     1.1  BA3a_exvivo
 2036   1354   2731  1.787 0.623     0.096     0.016       15     1.5  BA3b_exvivo
 1660    998   2751  2.398 0.448     0.099     0.021       11     1.4  BA4a_exvivo
 1242    753   1742  2.377 0.413     0.070     0.011        4     0.6  BA4p_exvivo
 8867   6262  18521  2.594 0.462     0.118     0.021       82     8.0  BA6_exvivo
 2277   1575   4792  2.731 0.366     0.115     0.022       22     2.1  BA44_exvivo
 2550   1818   5101  2.456 0.434     0.115     0.021       26     2.1  BA45_exvivo
 3144   2167   3706  1.725 0.466     0.128     0.028       32     3.9  V1_exvivo
 7008   4901  10246  1.950 0.541     0.143     0.030       91     9.0  V2_exvivo
 2004   1422   3679  2.530 0.406     0.119     0.021       21     1.7  MT_exvivo
  650    512   2184  3.553 0.735     0.142     0.031        8     0.8  perirhinal_exvivo
  612    374   1769  3.220 1.323     0.086     0.027        5     0.5  entorhinal_exvivo

 mris_anatomical_stats -th3 -mgz -f ../stats/lh.BA_exvivo.thresh.stats -noglobal -b -a ./lh.BA_exvivo.thresh.annot -c ./BA_exvivo.thresh.ctab sub-v1s6x0051372_ses-1 lh white 

computing statistics for each annotation in ./lh.BA_exvivo.thresh.annot.
reading volume /out/sourcedata/freesurfer/sub-v1s6x0051372_ses-1/mri/wm.mgz...
reading input surface /out/sourcedata/freesurfer/sub-v1s6x0051372_ses-1/surf/lh.white...
reading input pial surface /out/sourcedata/freesurfer/sub-v1s6x0051372_ses-1/surf/lh.pial...
reading input white surface /out/sourcedata/freesurfer/sub-v1s6x0051372_ses-1/surf/lh.white...
INFO: using TH3 volume calc
INFO: assuming MGZ format for volumes.
INFO: not computing global stats
Using TH3 vertex volume calc
Total face volume 221013
Total vertex volume 220834 (mask=0)
Saving annotation colortable ./BA_exvivo.thresh.ctab

table columns are:
    number of vertices
    total surface area (mm^2)
    total gray matter volume (mm^3)
    average cortical thickness +- standard deviation (mm)
    integrated rectified mean curvature
    integrated rectified Gaussian curvature
    folding index
    intrinsic curvature index
    structure name

  641    394   1064  2.052 0.431     0.136     0.031        9     0.9  BA1_exvivo
 1325    861   1951  2.112 0.398     0.100     0.018        9     1.0  BA2_exvivo
  832    550    680  1.695 0.333     0.138     0.027        8     0.9  BA3a_exvivo
 1295    845   1286  1.457 0.364     0.087     0.014        7     0.9  BA3b_exvivo
 1588    958   2574  2.385 0.435     0.088     0.017        7     1.2  BA4a_exvivo
 1046    633   1421  2.330 0.417     0.076     0.013        5     0.6  BA4p_exvivo
 4818   3347   9774  2.558 0.453     0.121     0.022       46     4.4  BA6_exvivo
 1410   1009   3062  2.717 0.350     0.122     0.024       16     1.4  BA44_exvivo
  968    711   2223  2.543 0.378     0.126     0.025       12     0.9  BA45_exvivo
 3317   2300   4024  1.738 0.493     0.128     0.028       34     4.0  V1_exvivo
 3600   2517   4948  1.835 0.506     0.147     0.031       49     4.9  V2_exvivo
  529    379   1038  2.523 0.361     0.111     0.020        5     0.4  MT_exvivo
  298    226    871  3.590 0.732     0.153     0.030        4     0.4  perirhinal_exvivo
  382    241   1262  3.806 0.677     0.064     0.011        1     0.2  entorhinal_exvivo

Started at Tue Mar 10 08:37:00 CET 2026 
Ended   at Tue Mar 10 08:40:03 CET 2026
#@#%# recon-all-run-time-hours 0.051
recon-all -s sub-v1s6x0051372_ses-1 finished without error at Tue Mar 10 08:40:03 CET 2026
