global_signal	global_signal_derivative1	global_signal_power2	global_signal_derivative1_power2	csf	csf_derivative1	csf_power2	csf_derivative1_power2	white_matter	white_matter_derivative1	white_matter_derivative1_power2	white_matter_power2	csf_wm	tcompcor	std_dvars	dvars	framewise_displacement	rmsd	t_comp_cor_00	t_comp_cor_01	t_comp_cor_02	t_comp_cor_03	t_comp_cor_04	t_comp_cor_05	c_comp_cor_00	c_comp_cor_01	c_comp_cor_02	c_comp_cor_03	c_comp_cor_04	c_comp_cor_05	c_comp_cor_06	c_comp_cor_07	c_comp_cor_08	c_comp_cor_09	c_comp_cor_10	w_comp_cor_00	w_comp_cor_01	w_comp_cor_02	w_comp_cor_03	w_comp_cor_04	w_comp_cor_05	w_comp_cor_06	w_comp_cor_07	w_comp_cor_08	w_comp_cor_09	w_comp_cor_10	w_comp_cor_11	w_comp_cor_12	w_comp_cor_13	w_comp_cor_14	w_comp_cor_15	w_comp_cor_16	w_comp_cor_17	w_comp_cor_18	w_comp_cor_19	w_comp_cor_20	w_comp_cor_21	w_comp_cor_22	w_comp_cor_23	w_comp_cor_24	w_comp_cor_25	w_comp_cor_26	w_comp_cor_27	w_comp_cor_28	w_comp_cor_29	w_comp_cor_30	w_comp_cor_31	w_comp_cor_32	w_comp_cor_33	w_comp_cor_34	w_comp_cor_35	w_comp_cor_36	w_comp_cor_37	w_comp_cor_38	a_comp_cor_00	a_comp_cor_01	a_comp_cor_02	a_comp_cor_03	a_comp_cor_04	a_comp_cor_05	a_comp_cor_06	a_comp_cor_07	a_comp_cor_08	a_comp_cor_09	a_comp_cor_10	a_comp_cor_11	a_comp_cor_12	a_comp_cor_13	a_comp_cor_14	a_comp_cor_15	a_comp_cor_16	a_comp_cor_17	a_comp_cor_18	a_comp_cor_19	a_comp_cor_20	a_comp_cor_21	a_comp_cor_22	a_comp_cor_23	a_comp_cor_24	a_comp_cor_25	a_comp_cor_26	a_comp_cor_27	a_comp_cor_28	a_comp_cor_29	a_comp_cor_30	a_comp_cor_31	a_comp_cor_32	a_comp_cor_33	a_comp_cor_34	a_comp_cor_35	a_comp_cor_36	edge_comp_00	edge_comp_01	edge_comp_02	edge_comp_03	edge_comp_04	edge_comp_05	edge_comp_06	edge_comp_07	edge_comp_08	edge_comp_09	edge_comp_10	edge_comp_11	edge_comp_12	edge_comp_13	edge_comp_14	edge_comp_15	edge_comp_16	edge_comp_17	edge_comp_18	edge_comp_19	edge_comp_20	edge_comp_21	edge_comp_22	edge_comp_23	cosine00	cosine01	cosine02	cosine03	trans_x	trans_x_derivative1	trans_x_power2	trans_x_derivative1_power2	trans_y	trans_y_derivative1	trans_y_power2	trans_y_derivative1_power2	trans_z	trans_z_derivative1	trans_z_derivative1_power2	trans_z_power2	rot_x	rot_x_derivative1	rot_x_derivative1_power2	rot_x_power2	rot_y	rot_y_derivative1	rot_y_power2	rot_y_derivative1_power2	rot_z	rot_z_derivative1	rot_z_derivative1_power2	rot_z_power2	motion_outlier00
779.2902884185243	n/a	607293.3536234268	n/a	1091.7182254878353	n/a	1191848.683862308	n/a	802.9312830397822	n/a	n/a	644698.6452839109	834.9405410651341	756.7108086193646	n/a	n/a	n/a	n/a	0.0121854919	-0.136113901	0.1379237278	-0.1344112908	0.1051612228	-0.0414157181	-0.1596696758	0.0239619717	-0.1326325614	0.115770508	-0.2169703281	0.0481970927	-0.2359766259	0.0504287412	-0.0291693375	0.040279836	-0.167203012	0.0011373874	0.0438371615	-0.0755201101	0.1141641632	-0.1532576726	0.1138880617	-0.0594455677	0.0028699803	-0.0721137962	0.0194919762	-0.0061102375	0.0694840143	-0.0141619625	0.0272061382	-0.0010843562	0.049617393	-0.1019449911	0.0310938126	-0.0925912642	0.1115322125	-0.0748001645	0.1841251742	0.1202637441	-0.0519854257	-0.1608147277	0.0477897677	0.0040703383	-0.0252039841	-0.0675617568	0.0443396254	0.0751787686	-0.0966786635	-0.0895637476	0.0816588946	0.0077379397	0.0633214412	-0.1598452857	-0.0550659088	-0.1085834472	-0.0978141041	0.0226412088	-0.0759507683	-0.1321492259	0.0902138023	-0.1305060365	0.1606895104	-0.0918534197	0.0555318102	-0.082544109	0.0506010824	-0.1002129773	0.0115490073	-0.0349130976	0.0605106294	-0.1615641488	0.1369409415	-0.0072239327	0.021349702	-0.0399843774	0.1570187952	-0.0376722697	0.0446496039	0.0984829716	-0.2118118025	0.102188794	0.1881436796	-0.2072230015	0.0647213173	0.0298562677	0.0767803547	-0.2057506388	-0.1946602167	0.0226985257	0.0472341266	0.06303296	-0.114775851	0.0190935764	-0.0035756063	0.090836574	-0.035742693	0.0256419136	-0.1519549928	0.0325511637	-0.0566089863	0.0935530865	-0.003015116	0.2036819029	-0.022416451	0.1396159884	0.1112007479	-0.1343438018	0.0149350209	-0.0426150222	0.0891107178	-0.0070139634	0.0790825231	-0.13876958	0.066283522	-0.1203385498	0.0285394231	0.1290883846	0.1290552057	0.1289999139	0.1289225186	0.0222798600932634	n/a	0.0004963921657753	n/a	-0.0133030612589664	n/a	0.0001769714388598	n/a	-0.0280656739332485	n/a	n/a	0.0007876820533274	-0.0020953713620965	n/a	n/a	4.390581145094141e-06	0.000828066142956	n/a	6.856935371100267e-07	n/a	0.0008918688033009	n/a	n/a	7.954299623013794e-07	0.0
776.8760800131676	-2.4142084053567032	603536.4436966255	5.828402224494956	1072.6646427520334	-19.05358273580191	1150609.435810347	363.0390150700486	802.2711366165516	-0.6601464232305716	0.435793300104117	643638.9766480137	831.4114318794459	733.2528390454817	1.061107	23.352745	0.0972238201286603	0.0472321620516895	0.0673962508	0.0653903309	0.0030027622	-0.0798111025	0.1606412662	0.0977711431	0.0191285076	0.0214108593	-0.0676294385	0.04165274	0.0295395382	0.1330438117	-0.0993996812	-0.0074887038	-0.1024579653	-0.095737113	-0.076381337	-0.0377489912	0.0799261606	-0.0275410134	0.0487154714	-0.0887501733	-0.015424513	0.1163091716	0.0755766922	0.0200226323	0.076557245	-0.0807924011	-0.0468823148	0.0562762521	0.0578230729	0.0850887507	0.0234287829	0.049933667	0.0821777341	0.014656402	-0.1816422466	-0.0260850837	0.0572372587	-0.0979925989	0.0122084499	-0.280597401	-0.094553251	0.0417865965	0.1583845281	-0.0261234151	-0.0594282014	-0.174522239	-0.0516418234	0.0070932371	-0.1786201139	0.0218887034	0.0691924203	0.0456904425	0.1403276396	-0.0996766604	0.0365211844	-0.0073156338	-0.058706474	-0.0984106874	-0.0814111384	-0.0874590766	0.0809040361	-0.0256740984	0.0036084051	0.0648831238	0.0211609612	0.044260636	-0.0116608697	-0.0493103142	0.0215069471	0.1550170048	0.1190959733	-0.0173350614	0.062850178	0.0622099017	0.0531373239	-0.1337381503	-0.0183533114	-0.0577310851	0.0575407561	0.0610658874	-0.0186633877	-0.0872181696	0.0277518276	0.1002378365	-0.2115297412	0.0365039013	0.0949426201	0.0859167918	0.0677412115	0.1115451075	0.1057199593	0.0669098324	-0.0886185553	-0.0045986451	-0.0527274036	0.0948917471	-0.1355552185	-0.0422546278	-0.0496197903	-0.0014213596	0.0097074915	0.2608464699	-0.0355899024	0.216655882	0.1619412433	-0.0216943571	0.0803601781	-0.0801182231	0.1518273404	0.0764454305	-0.0718291574	-0.0152402771	0.1829935726	-0.0283599432	0.053805625	0.1289999139	0.1287014744	0.1282045865	0.1275100165	0.0053582511622778	-0.0169216089309856	2.87108555180514e-05	0.0002863408488132	-0.0190913712572609	-0.0057883099982944	0.0003644804564825	3.3504532636356065e-05	0.0029397605035867	0.0310054344368352	0.0009613369646168	8.642191818448328e-06	-0.002528827091929	-0.0004334557298325	1.878838697246253e-07	6.394966460874083e-06	0.0010121920532979	0.0001841259103419	1.024532752759419e-06	3.39023508592334e-08	0.0006392811082244	-0.0002525876950764	6.38005437040589e-08	4.0868033533261706e-07	0.0
776.4297537330158	-0.4463262801517658	602843.1624819116	0.1992071483541125	1066.5109775490955	-6.153665202937873	1137445.6652327273	37.867595429848414	803.2761807245518	1.0050441080001065	1.0101136590257296	645252.6225194227	831.481179786518	727.6430487475237	0.9215890000000002	20.282253	0.0751560635411634	0.0349748306080209	0.0729884722	0.1210243047	-0.0791475113	-0.0423719899	0.0461722151	0.0344187399	0.0551986065	0.0725683945	-0.0181103105	-0.041566277	0.1911227214	-0.026785863	-0.0503563984	0.0198888468	0.0666848213	-0.0892623892	0.0858908489	-0.0566877095	0.1025534257	0.0074421957	0.041252572	-0.0806462382	-0.0843102311	0.0113887217	-0.0123844973	-0.079923318	0.0016554569	-0.0720781976	-0.1359764797	0.0442814604	0.0483577253	0.0570959041	-0.0211387304	-0.0262609706	-0.1719247838	-0.1198004027	-0.0112368295	0.0103540474	0.00282222	0.0530751711	0.2284823449	0.1408741995	-0.0403824414	0.0139327783	0.0444097789	0.0179634244	-0.0285564654	-0.1302647644	0.2091629813	0.1794218475	-0.0242351153	-0.073201532	-0.0854511256	-0.0780135376	0.1731741612	0.0503249189	0.0851312035	-0.0148782997	-0.0666784826	-0.0594069078	-0.0648809535	-0.11109997	-0.0730153783	0.0155478345	-0.0797051135	-0.056129859	-0.009986545	0.0111478147	0.0419192286	0.0392728574	-0.0871160315	-0.0263650144	0.087189433	0.1668644458	0.103974017	-0.0046562075	0.0086063678	0.0223505624	0.1222836195	-0.0531517058	0.1301742885	-0.0113267136	0.0326363573	0.1444267487	-0.021090827	0.004584973	-0.078663756	0.0590324783	0.3287756244	0.1350360614	0.074383276	-0.1890933732	0.070707177	0.0626361677	-0.1125059386	-0.0263477321	-0.0284075172	0.1430666935	0.017862968	-0.0025837609	-0.022292197	-0.0021537266	0.0041740441	0.2434593215	0.0418595511	0.1461340406	0.034573675	0.0842446366	0.0754410279	-0.0259709224	-0.0355472314	0.0909411847	0.1092354419	-0.001868137	0.1394586967	0.1167041932	0.1730390863	0.1288230331	0.1279949812	0.1266188352	0.124700488	-0.0157565737745528	-0.0211148249368306	0.0002482696171129	0.000445835832113	-0.0345761292243196	-0.0154847579670587	0.0011955087121368	0.0002397777292983	-0.0107177205848074	-0.0136574810883941	0.0001865267896798	0.000114869534534	-0.0024271643108698	0.0001016627810592	1.0335321052690863e-08	5.89112659196007e-06	0.0008970665870289	-0.000115125466269	8.047284615636789e-07	1.3253872983654676e-08	0.000358089364575	-0.0002811917436494	7.906879669658992e-08	1.2822799302172725e-07	0.0
777.3304144564188	0.9006607234030071	604242.5732389878	0.811189738680828	1071.70346891499	5.192491365894512	1148548.325284423	26.96196658488905	802.4205299200014	-0.8556508045503506	0.7321382993276623	643878.7068370959	831.8615639047662	737.1137057639457	0.934323	20.562508	0.0741482167791883	0.0364036184948151	0.0612595748	0.1499869244	-0.0692231969	0.0190941972	-0.07926132	-0.0257849747	0.1462846509	-0.0193620472	-0.1279202572	0.0090185689	0.1353828969	-0.1816945372	0.0573691462	-0.0932265874	0.0611334438	-0.0268514485	0.0176551825	-0.0505479552	0.0751652126	0.1254242955	-0.0561915074	0.0003748457	-0.1075021418	-0.0623219802	-0.0817989367	-0.1233564341	0.1384947065	0.0402285611	0.0566536406	0.0594599262	0.0459515536	0.1030681501	-0.0523443556	0.048314616	0.1116087399	-0.0356855752	-0.0098055729	0.1098386318	0.175317742	0.146169583	-0.0081421167	0.0290683676	0.0681889672	0.0237795387	-0.1297237454	0.1050157574	-0.0089205564	0.0570442864	0.0853957083	-0.0684397268	-0.0411617862	-0.1673096609	0.1036073186	-0.0599577462	0.0220022884	-0.0943969511	0.1453818865	-0.007735301	-0.0440510799	0.0200850841	-0.0053764541	-0.0555095003	-0.166621038	0.0333348538	-0.2440769414	-0.1008732384	-0.0338587436	0.1142815587	-0.0513520574	-0.0338023427	0.0121696529	0.0452922602	0.2024815322	0.0342133856	0.0122214648	-0.0161371195	0.0466547809	-0.0204987234	0.0360773364	-0.0786927452	-0.1147250306	-0.0393066647	0.0341498571	0.1168486041	0.0743876508	-0.1453304458	-0.050667455	-0.1061223166	0.0860238124	-0.0934720218	0.028030458	-0.0457946407	-0.0965737523	0.0551973186	-0.1419568048	-0.0471629241	0.0235310212	0.0353092296	0.105229289	0.0290865064	-0.0473492469	0.0791471927	-0.040714352	0.1635913768	0.1337129288	0.0126298566	0.0299564909	0.0947277215	0.0017501794	-0.0012284613	0.1371450437	0.0790968761	0.0230550765	-0.2051870098	0.056814476	0.0282956419	-0.0864175626	0.1285578634	0.1269376627	0.1242524367	0.1205247148	-0.0333485494046641	-0.0175919756301113	0.0011121257473953	0.0003094776065704	-0.0104137425618802	0.0241623866624394	0.0001084460341451	0.0005838209292252	-0.010800150872015	-8.243028720759937e-05	6.7947522491273206e-09	0.0001166432588582	-0.0021620953051238	0.0002650690057459	7.026157780717286e-08	4.674656108438378e-06	0.0010898150375471	0.0001927484505182	1.187696816063787e-06	3.715196517716703e-08	0.0001696783368506	-0.0001884110277244	3.549871536816462e-08	2.8790737996385683e-08	0.0
778.3369303335722	1.006515877153447	605808.3771210881	1.0130742109619728	1074.737618084912	3.034149169921875	1155060.94772683	9.206061185337605	803.6936874526132	1.2731575326117763	1.6209301028461065	645923.5432511787	832.8859059823106	744.644453558478	1.037188	22.826345	0.1398428513404942	0.0824544810907858	0.0130041781	0.0350237845	0.038250399	0.1370230014	-0.1343776898	-0.0961758198	0.0278777703	-0.0458006154	-0.1166132104	0.1398762258	0.0504619226	-0.0515006614	0.1544630792	-0.0101827472	0.0857551371	-0.0456395983	0.0160217884	0.0430884587	-0.0130102379	-0.1449520579	-0.1475578732	0.0381616187	0.0856874902	0.0552251504	-0.0076182739	-0.1213397869	-0.0204896033	0.0762647627	0.0898033947	-0.0294903156	0.0209497952	0.1277477731	0.0118718458	0.0254881897	0.1174150456	0.16846457	0.0500018941	0.1003958517	0.0640238361	0.0265222513	-0.0074620364	0.0814598917	0.0445838713	0.1049548082	-0.066365306	0.0740339872	-0.1347709841	0.1120031113	-0.0542334955	-0.0318025192	-0.0675113336	-0.0303442644	-0.1693394593	0.183281288	-0.0965926443	0.0238514093	0.0141421931	0.0064030536	-0.1205311383	0.1741393279	0.0450951056	0.0448063589	0.022025354	0.0533688301	-0.0729991277	0.0040844629	-0.0870799408	0.2005196446	0.09276284	-0.1078613438	0.0145577402	-0.0292832021	-0.0710290883	-0.0747319477	-0.0725615365	-0.0229131542	0.015198021	0.0124272939	0.0180371664	-0.0900212414	-0.0041775618	0.0174962985	0.097075915	0.1249089667	0.0724271374	-0.077817737	0.0417427261	-0.0125743249	-0.1702297496	-0.1500576368	-0.0429707667	0.0706845305	0.1165036864	-0.0022367056	-0.0364028626	0.1102335213	0.0706008336	-0.0992779335	0.1471465388	-0.0122169466	-0.0223223846	0.0781297048	-0.1032326292	-0.0030130025	0.1433141083	0.0549988317	-0.0955215289	0.081858107	0.10403444	-0.1621164519	0.0836475202	-0.108193304	-0.0565214964	-0.0463763851	-0.1246053473	0.1360541384	0.138217437	0.1282045865	0.1255324169	0.1211199807	0.1150284477	-0.0364674099740796	-0.0031188605694155	0.0013298719902176	9.72729125145479e-06	-0.0188757708076252	-0.0084620282457449	0.0003562947235819	7.160592203178618e-05	-0.0587352825333837	-0.0479351316613687	0.0022977768473927	0.0034498334142764	-0.0010528496530145	0.0011092456521093	1.2304259167233866e-06	1.1084923918527528e-06	0.0010491500756122	-4.066496193489994e-05	1.1007158811570852e-06	1.6536391291668611e-09	-0.0002869476663845	-0.0004566260032351	2.085073068304616e-07	8.233896324351033e-08	0.0
777.3645802231333	-0.9723501104389244	604295.6905854882	0.9454647372705882	1070.5083421681024	-4.229275916809456	1145988.1106514991	17.886774780504467	802.9194533974198	-0.7742340551933466	0.5994383722211342	644679.6486440115	832.1439074838252	738.2854020402239	1.053402	23.183172	0.0797140480643482	0.0431382947204268	0.0092040087	-0.1131389152	0.136593689	0.0492607682	-0.0393183865	-0.0403776965	-0.1183248157	-0.0112969263	0.0228492316	0.0280113022	0.018342412	0.0839541044	0.0570287019	0.2207040689	0.1075413698	0.013729253	0.0570242487	0.0624940812	-0.0502257433	-0.1981259656	-0.0241771451	-0.074050023	0.1205652326	0.0824090707	-0.0396209738	-0.167333122	-0.2515207401	0.0981688105	0.0250510836	-0.0761712505	0.0105710476	-0.051998372	0.1342580676	0.0353786004	-0.0871195257	0.0865264116	0.0647752371	-0.0576841176	-0.1087055814	0.0209385438	0.1735536308	-0.1224566263	0.2269971515	-0.0157762603	0.0433936358	-0.0456731994	-0.0403798962	-0.0977997835	-0.0232378798	0.1091998132	0.0637272886	0.1369922167	0.071728488	-0.0583972731	-0.0204682734	0.1600763521	-0.1264727263	0.0303259574	-0.0603737038	0.0548230408	0.0989025932	-0.0224971431	0.1768249538	-0.02721887	-0.0469783863	0.0280770635	0.1692656254	0.064224984	0.0978681179	0.1441042731	-0.0890261744	-0.0648248394	-0.2536367857	-0.0569838473	0.0527374294	-0.0718452734	-0.0728708313	-0.1552196745	0.1294545421	-0.1530763781	0.0724933872	0.0560491502	0.1594612604	0.0452481304	-0.0052193499	-0.0576964252	0.0333840851	0.1125853495	-0.1121442163	0.2556846637	-0.0982637929	-0.0367842607	0.0873290272	-0.0143468148	0.0316738427	0.1748696473	0.0492488495	-0.1007298254	-0.0236285124	0.051769376	-0.1094800993	0.1231152773	0.0109460098	-0.0386355924	0.0449782407	-0.0435322973	-0.1682335371	-0.0626843042	0.0423610314	-0.0464165506	-0.1009593534	-0.177342805	0.1284048135	-0.075644751	-0.0322918421	-0.0863112705	0.1620119762	0.1277634447	0.1237830955	0.1172407796	0.1082719048	-0.0292797919355649	0.0071876180385147	0.0008573062157899	5.1661853067581925e-05	0.0146750745860941	0.0335508453937193	0.0002153578141074	0.0011256592266332	-0.0425697178905295	0.0161655646428542	0.0002613254802222	0.0018121808812792	-0.0011424019640958	-8.955231108130016e-05	8.019616420001955e-09	1.3050822475699417e-06	0.0006826648299231	-0.0003664852456891	4.660312700139352e-07	1.3431143530780005e-07	-0.0002871105093993	-1.628430148000056e-07	2.651784746915484e-14	8.243244460752554e-08	0.0
778.5139537275165	1.1493735043832205	606083.9761484498	1.3210594525781645	1077.697933109928	7.1895909418256	1161432.835029411	51.69021791078071	803.3816136341402	0.462160236720365	0.2135920844054238	645422.0171253949	833.3707998963998	755.0484207886475	1.051455	23.140337	0.0372237488858155	0.0194077510484128	-0.029855842	-0.0998151008	0.0244942068	-0.0923983907	0.1280852168	-0.1092470558	-0.0937413868	0.0040106226	-0.0021469092	0.0503111471	-0.0335011667	0.0422410959	-0.1418130265	0.0978460016	0.0944392805	0.1324667326	0.0036454966	0.0111581872	0.1077412602	-0.0195456938	0.0509944111	-0.1094746793	0.0054103712	-0.1320454727	0.0650257345	-0.1436137109	-0.0452358911	-0.1031849623	-0.2484736843	-0.0505376598	0.0614419655	0.0575857641	-0.0914123806	-0.1240545607	-0.092529231	0.0556698466	-0.0074808879	-0.0502156158	-0.1333612196	0.0451220681	-0.1420319714	-0.0723239969	0.0761457965	0.0418903794	0.040025443	-0.0756349463	0.1152252667	0.0446417069	0.0438531956	0.0769760295	0.0889715877	-0.0230987179	0.1156703407	0.0486400566	0.1075882686	0.068793726	-0.045431941	0.0361079991	-0.0833093394	-0.0807996079	0.0111051763	-0.1158328105	0.0651690427	-0.1683752126	0.050285378	-0.1038239157	0.0598989006	-0.0839825009	0.2161330684	-0.0934907961	-0.0584780364	0.0269561955	0.000755367	0.0946162759	0.0595959083	0.0809382813	-0.0511456049	0.0834901729	0.0844697985	0.1014668775	0.0821698899	-0.0261891104	-0.0724472685	-0.1234976608	0.0470841887	0.0109415508	0.0108855494	-0.0054209548	-0.0015419647	0.0366449626	-0.0075046844	0.0090003115	4.47516e-05	-0.02128025	-0.0386128529	0.0667911484	0.0114132929	0.0816299967	-0.1263541474	-0.1266218666	-0.0680882802	0.073173463	0.0419276651	-0.0438721471	0.0995205796	-0.1080219465	0.0262710145	0.024624095	0.0310369015	-0.0078843191	0.0852425597	-0.0641655662	0.1008808225	0.0360688282	-0.2547951764	-0.1076238864	-0.0580479853	0.1272347401	0.1216944932	0.1126387502	0.1003291122	-0.0144047411520489	0.014875050783516	0.0002074965676575	0.0002212671358121	0.0228502166672655	0.0081751420811714	0.0005221324017409	6.683294804733943e-05	-0.0495647778459726	-0.0069950599554431	4.893086378024369e-05	0.0024566672029206	-0.0012859025550174	-0.0001435005909216	2.05924195948484e-08	1.6535453810002775e-06	0.0006826849994776	2.016955449998716e-08	4.660588085117307e-07	4.068109287279524e-16	-0.0002870613485617	4.916083760003265e-08	2.416787953536784e-15	8.24042178380618e-08	0.0
776.7663688623347	-1.747584865181807	603365.9917955766	3.054052861012514	1073.1911232308166	-4.506809879111415	1151739.186981422	20.31133528645625	802.8923094583965	-0.4893041757436549	0.2394185764001775	644636.0605874376	832.0019333355652	736.8889517282938	1.066759	23.477144	0.0532631321933654	0.0239929243458048	-0.0090193721	0.0893963031	-0.0895452735	-0.0866054346	-0.0674039065	-0.0259894491	0.0534941562	-0.0339317255	-0.1029825798	-0.1130121821	0.0503786781	0.0073174141	-0.0229461494	-0.1020096175	0.116400994	0.0581055175	0.0222622925	0.0211825057	0.1286651369	0.0399704413	-0.0280477675	-0.0480251301	-0.0975158553	-0.1481485407	-0.1754396902	0.1034441481	-0.0796167219	-0.0333937448	0.2611379478	0.1876042759	-0.048631362	-0.1508870524	0.0383056966	0.0928884402	-0.1025340038	0.0199727175	-0.0079675047	-0.0779278746	-0.0315452984	0.1085315985	-0.045690305	0.1612317691	-0.1460124174	0.1712518908	0.1257502815	0.038350337	0.0744468576	0.0574097373	-0.0252115801	-0.0673422411	-0.0149917458	0.1317107846	-0.1024813628	-0.0339336681	0.0131743722	0.0867750472	0.0747415709	0.0233754332	-0.0456434288	-0.0415792646	0.0560288364	-0.1103615498	-0.1326328818	-0.0221091405	0.0671340568	-0.0364455374	-0.0333788092	0.080423273	-0.2261284757	0.128961169	-0.0752033284	0.0382513003	-0.066226209	-0.0959094678	-0.1341680241	-0.1804600617	0.0850459825	0.0232481449	-0.0725243717	0.1770152068	0.0441138588	0.029055311	-0.0536738676	-0.0738118292	0.0541160907	0.0143682087	0.183408319	-0.0497303533	0.22146198	-0.0576094116	0.104026335	0.0404730253	0.1067578319	-0.0085704521	-0.0801310219	-0.0757609109	0.0617582542	0.0850482981	0.067971077	-0.0062118911	-0.0528834681	0.0586049064	0.0024500773	-0.0244643426	0.1387816646	-0.0330391023	0.1044450924	0.0167082777	-0.1160726027	0.1493353417	-0.1018261743	-0.058720548	-0.0517549996	0.0257984153	-0.2065635044	-0.1068415815	-0.0387409811	0.1266188352	0.1192723348	0.1073422654	0.0912870929	-0.0207219746955047	-0.0063172335434558	0.0004294002352811	3.990743964256312e-05	0.0154750756647672	-0.0073751410024983	0.0002394779668302	5.439270480673163e-05	-0.0322047028937078	0.0173600749522648	0.0003013722023482	0.0010371428884719	-0.0011749985207492	0.0001109040342682	1.2299704816962087e-08	1.3806215237628084e-06	0.0007330026680876	5.0317668609999966e-05	5.372929114235402e-07	2.5318677743457762e-09	-4.069397536969805e-06	0.0002829919510247	8.008444434478329e-08	1.6559996313895917e-11	0.0
776.2054519128271	-0.5609169495076003	602494.9035791962	0.3146278242449118	1072.3142257063355	-0.8768975244811372	1149857.798652178	0.7689492684411466	802.657583833807	-0.2347256245894868	0.0550961188389247	644259.196885925	832.2968416274945	743.5104668534195	1.040836	22.906633	0.0965635570357913	0.0449209748560711	-0.0337233402	0.0706141622	0.0991986679	0.0911019063	-0.0787626714	0.0165158169	0.009987604	-0.0667323795	-0.0259157657	0.0270566283	0.039930852	0.0984226882	0.1442164017	-0.1627384817	0.0693984516	0.0778249461	-0.1393044885	0.1261200078	-0.058466867	-0.0211737152	-0.1730502063	0.026781927	0.0832969216	0.0784003597	-0.2537246251	0.1554093001	0.1711575995	-0.0859500258	0.1776680748	0.0246838701	0.0555564364	-0.1804205204	-0.0291271795	-0.0209441158	0.1011416786	-0.060512204	-0.0733705067	0.0112691519	0.0596232062	-0.0274786737	-0.1663456484	-0.1200646997	0.0139414944	-0.0916097349	-0.0046711429	-0.0908673795	0.0370138155	0.0208362407	-0.0182952799	0.1771056763	0.0976111411	-0.1724304482	-0.1330674204	-0.1350401189	-0.0230137587	0.0236987386	0.0553257872	0.0561048543	-0.0058276771	0.1534221821	0.0961395666	-0.0103269277	0.055113857	0.1682818177	-0.0072665809	-0.0464721354	-0.1178653246	0.1109005168	-0.3508925123	-0.0532428199	-0.1077397016	-0.1061859283	0.0938192157	-0.1471843925	-0.0504073745	0.0655563689	-0.2075417808	0.059389119	-0.0286911991	0.0293956225	-0.1829100211	0.0726228115	0.0241052257	-0.1196856463	-0.0932145651	-0.1300875954	-0.1601221927	0.0575171864	-0.0702266262	-0.0461244364	0.0105208773	-0.0380441248	-0.0889242307	-0.0180961838	-0.0176459507	-0.0353032083	0.108653913	-0.1637356942	0.0139078213	-0.007503541	-0.0681450426	0.0391245149	-0.0947961826	0.003824259	-0.0439671518	-0.0235687966	-0.1682341283	-0.0397452711	-0.118081955	0.2180567594	0.1324882264	0.0540559153	-0.1651401205	0.129017411	-0.0056038913	-0.0070621545	-0.1529754447	0.1259161521	0.1165232592	0.1013839798	0.0812449131	-0.000740595399634	0.0199813792958707	5.484815459590442e-07	0.0003992555185654	-0.0151771606472834	-0.0306522363120506	0.0002303462053134	0.0009395595909297	-0.0244396209049213	0.0077650819887864	6.029649829257647e-05	0.0005972950699762	-0.0010170290253801	0.0001579694953691	2.4954361467168143e-08	1.034348038465596e-06	0.0003169059787031	-0.0004160966893845	1.0042939933776967e-07	1.731364549167411e-07	0.0001851616064911	0.000189231004028	3.5808372885471373e-08	3.4284820518364974e-08	0.0
775.370013446734	-0.8354384660931373	601198.6577523885	0.6979574306280542	1066.5092207677833	-5.805004938552202	1137441.9179827042	33.69808233661545	801.8116040716018	-0.8459797622052747	0.7156817580608932	642901.848423875	830.1184364864121	727.2398233213224	1.019372	22.434252	0.0854081497812669	0.0463901621136752	-0.0358384135	-0.0300486497	-0.0445163003	0.1669259652	0.056234627	0.1254260216	0.0393605156	-0.0110715078	0.1351588332	0.0659831377	0.032284379	-0.0219428466	0.0600296727	-0.0634695203	-0.0137156974	0.0205398677	-0.1321740285	0.0465944653	-0.0712898843	-0.0626140597	-0.0228426821	-0.0463600038	0.0494604339	0.1404213806	0.0320759037	0.1981144448	-0.0313522819	0.0147473846	-0.1331787386	0.0141448177	0.0327960744	0.0825624996	-0.0574608296	0.1292462776	0.0141011603	-0.1465581817	-0.0024680659	0.0308084535	-0.1992166363	-0.0567487857	-0.1416313943	0.0525168752	-0.2077263126	0.0919799447	0.0103731162	-0.0279697711	0.0263517296	0.0278080248	-0.0935280317	0.0631918139	0.0536508218	0.0706197064	0.0481676109	-0.0089775746	-0.1638227119	0.2045868317	0.0056462049	0.0283033269	0.0474265	0.1127986774	-0.0940325833	0.0088823201	0.0589027705	0.1181353224	0.120919208	0.0646198728	-0.1020692987	0.0429307159	0.1105582659	0.0181900166	0.0540710519	-0.0089563442	-0.0591810573	0.0690005627	-0.100207803	0.1607724355	0.0042579782	-0.0153828018	0.1296525019	0.1778743257	-0.0882465668	-0.1532553882	0.0395050916	-0.0226149619	-0.1622647113	0.1033808856	0.1044299073	0.2011587876	0.1746968251	-0.0379287951	0.1302402315	0.2221055938	-0.0563240556	-0.0269610771	0.0337944853	0.0120930998	0.003277726	-0.1036520043	0.0318233199	-0.1321705722	-0.0665373021	-0.1261383824	-0.0460355129	-0.0251202805	0.0444056301	0.0029781766	-0.0597372759	0.0580500257	0.1682923903	0.0682127266	-0.1734131794	0.0445909284	-0.2006100513	0.2221184263	0.0837716357	0.0205009066	-0.0846212232	0.1251271724	0.1134548014	0.0948006283	0.0703125971	-0.013362906842758	-0.012622311443124	0.0001785672792882	0.0001593227461672	0.0147699320958736	0.029947092743157	0.0002181508941167	0.0008968283637672	-0.0337583613180072	-0.0093187404130858	8.683892288648033e-05	0.0011396269588771	-0.0010169199319273	1.0909345280005894e-07	1.1901381443838688e-14	1.0341261479510243e-06	0.0003662215798316	4.931560112850003e-05	1.3411824553435298e-07	2.4320285146653124e-09	-0.0004358138025656	-0.0006209754090566	3.856104586531358e-07	1.8993367050668778e-07	0.0
775.9129598183099	0.5429463715759084	602040.9212140102	0.2947907624074444	1067.6258663369097	1.1166455691263764	1139824.9904716369	1.246897327049569	801.9649828670276	0.1533787954258514	0.0235250548862851	643147.833744912	830.7224373160789	729.5116557444896	1.030972	22.68955	0.0852892113602649	0.0384646412198603	-0.0205963546	-0.1359333139	-0.152073913	0.0138573353	-0.1426857878	0.0694054587	-0.0404731909	-0.0082174997	0.0781779995	-0.0649779449	-0.0281259095	-0.0932083808	0.0759976928	0.0877516264	0.0326760576	0.0163361972	-0.0592232509	0.0607211004	-0.0776357541	-0.0157191365	0.0016439856	0.0331451379	-0.145681042	0.1178417194	-0.0955442211	0.0152419219	-0.031501013	0.0866920064	0.052320012	0.0139158165	0.0959024338	0.0950529007	0.0572894261	-0.0895358036	0.0498958521	0.0218239521	-0.0051448453	0.0623306847	-0.0733857467	-0.0864120741	0.0738452882	0.0589967438	-0.0541386477	0.1087076663	-0.0557301877	-0.1157892688	-0.0168965532	-0.0271011585	-0.0430299385	-0.1251781687	-0.1211700646	0.192449118	0.2200086013	0.1040946958	-0.0202021877	-0.0562454862	-0.0925082176	0.0436074902	0.0287471488	0.1105399381	-0.0146572336	-0.0234209396	-0.1103577837	0.0968784102	0.0266961007	-0.0018882476	0.115427559	0.0695730681	-0.0107282517	0.1771339859	0.0664925043	-0.034293504	-0.1171747585	-0.1035720674	0.0807045675	0.140610896	0.0815867273	0.0197598746	-0.1083271772	-0.0137912565	0.0454314396	-0.0497753863	-0.0145035974	0.0472697333	0.0367249059	0.0274111559	0.1498502458	0.0889598588	-0.0019566494	-0.0859589204	-0.0258864376	-0.0101906349	-0.0578573993	-0.0489734677	0.0940915689	0.0856627931	0.0355153412	-0.0022861986	0.1882492755	-0.0157741508	-0.0694158354	-0.0092853011	-0.0090854161	-0.0902070179	0.0353766353	-0.1062910073	-0.0733203066	-0.0812611816	-0.046618315	-0.0579947048	-0.1144094404	-0.1690449906	-0.2552310178	-0.0010006705	-0.0119788249	-0.0703255335	-0.0360858426	0.1242524367	0.1100753719	0.0876327994	0.0586099215	0.003506838709768	0.016869745552526	1.229791773632729e-05	0.0002845883150069	0.0268138606907513	0.0120439285948776	0.000718983125143	0.0001450562159985	-0.0446748025657584	-0.0109164412477512	0.0001191686895156	0.0019958379842894	-0.0004939337039621	0.0005229862279651	2.735145946412681e-07	2.439705039097194e-07	0.0002011622272173	-0.0001650593526143	4.046624165902464e-08	2.7244589885451832e-08	-0.0006569501412883	-0.0002211363387226	4.89012803036807e-08	4.315834881387173e-07	0.0
776.0988236942318	0.185863875921882	602329.3841395703	0.0345453803727047	1070.9106397933613	3.284773456451603	1146849.5984226265	10.789736660209012	802.3125455034013	0.3475626363737092	0.1207997862030432	643705.4206721474	831.7643631398158	741.7497545734898	1.026993	22.601965	0.1538124546725737	0.0732794628740458	-0.0296089951	-0.1004887718	0.1058698873	-0.048432626	-0.083452335	0.0561569471	-0.1121721479	-0.0185243094	0.0631455883	-0.0885224461	-0.1108223285	0.063295238	-0.0154451596	0.0858052831	-0.1181078992	0.0251686348	-0.009412174	0.0429386945	-0.0404400534	0.0189777989	0.0598321863	-0.1513974525	0.1099648906	0.0472663416	0.0109565041	0.0559932936	-0.0408090977	0.0134628553	-0.263242806	-0.0498073993	0.0032737784	-0.2454217937	0.0265752368	-0.0116277331	-0.0197018176	0.1936181366	0.0278711642	-0.0206150661	0.0341341259	-0.0264262203	0.0148330366	0.2823025227	-0.0137542611	-0.2019110872	0.0585739039	-0.0840349615	0.0659632188	0.1489597231	-0.2250553255	-0.0238182799	0.0617732962	-0.0054608677	-0.0765675605	0.0632059394	0.038280692	-0.1410748786	-0.0999295555	0.0687155449	0.0427140775	-0.0315440629	0.0742136113	-0.0660392721	0.0950730681	0.018687877	4.0038e-06	0.1354457072	0.1507957885	-0.1180870096	0.1096440881	0.0017638462	-0.0612812409	-0.0313952581	0.0855085561	-0.0075107368	0.0234961684	0.0654056096	-0.1986414736	0.0348998044	-0.1829896161	0.1320031081	0.0305096298	-0.0447677729	-0.1126213099	0.0338703063	-0.0389380992	-0.0745087333	0.1838558436	0.1155345469	-0.1009947836	-0.1124254696	-0.2319646883	0.0323132172	0.068336863	-0.031419992	0.0862825407	0.0336717506	0.1156503168	0.0006936726	-0.0737755683	0.0664298487	-0.022373152	0.0296337338	0.1048374943	-0.026958907	-0.1649705499	-0.1790005597	-0.0429924638	-0.2136464956	0.0275214543	-0.0385491014	0.0417779107	-0.0151620979	0.0676667146	0.1087806612	0.0393612357	0.059855443	-0.0503871911	0.1232925447	0.1063942335	0.0799246852	0.0462651033	-0.0063353769788676	-0.0098422156886356	4.013700146436556e-05	9.686920966162471e-05	0.0112592877461281	-0.0155545729446231	0.0001267715605501	0.0002419447394896	-0.0031408289787364	0.0415339735870219	0.0017250709619274	9.864806673670338e-06	-0.0012940074433978	-0.0008000737394357	6.401179885346245e-07	1.6744552635689108e-06	0.0004509803698982	0.0002498181426809	2.033832940335173e-07	6.24091044125345e-08	3.079182564095888e-05	0.0006877419669292	4.729890130757258e-07	9.481365263032124e-10	0.0
777.7104912015975	1.6116675073657234	604833.6081250301	2.597472154298444	1070.4424839803617	-0.4681558129996119	1145847.1115100468	0.2191698652453276	802.1029704849707	-0.2095750184306553	0.0439216883502095	643369.1752608138	831.0441207309437	742.9883205310718	1.017698	22.397409	0.1068587205527787	0.0542302367558921	-0.0547685588	-0.0057373703	0.0657745071	-0.0559274065	0.1248794539	-0.006281743	-0.0179884651	-0.0153173668	0.0948896307	-0.0127303679	-0.0333309686	0.0310743029	-0.0959391637	0.0806050787	0.0322738944	-0.0287569565	0.2060684908	0.0512475504	0.0284406991	0.0734871366	0.0252340206	-0.0509377811	0.0231423601	-0.0559301188	0.0596883476	0.0093051083	-0.1981725264	-0.05352986	0.0089578048	-0.1606677715	-0.1189916989	-0.0601425113	0.0212959588	0.0781775557	0.0732005494	-0.048686952	-0.1398774772	0.108176699	0.0482465755	-0.0952029757	0.0130734877	-0.043316938	0.0140855757	-0.141977505	0.1188434002	0.1027973095	-0.0294203238	0.1907699968	0.0181163581	-0.075622337	-0.0672267855	-0.000317079	-0.0378200853	-0.1230074538	-0.0154176694	0.0790235028	-0.0225417248	0.0443817105	0.0710560302	-0.1015366102	-0.025847808	-0.0772526195	0.0680414294	-0.0384737334	-0.0114454213	-0.0204617323	0.0684454989	-0.1164656373	0.0748536065	-0.0730376612	0.0560434003	0.208649477	-0.1132267996	-0.1684261937	-0.0842359829	-0.1076275162	0.0152062037	0.0059069399	-0.0675985308	-0.0282560308	-0.0774972503	-0.0924473923	-0.152610294	-0.1510279129	-0.1897398609	-0.0444254841	-0.1159003748	-0.0020128153	-0.0030963288	-0.0831341436	0.0245275369	-0.0239117486	0.0196094059	-0.049972033	0.0580438591	-0.0093663748	0.053672536	0.0361342393	-0.1586278822	-0.0841590482	-0.0275623302	-0.005495862	0.0634138252	-0.1233917756	0.0179834327	-0.0505757492	0.0002069577	-0.0911405779	-0.0569830509	-0.0780238016	-0.019453486	-0.0412892974	0.0943097736	0.0310035014	-0.1589034286	0.0359554834	-0.1519484244	0.1222481541	0.1024214758	0.0717238087	0.033413395	-0.0085210715175776	-0.00218569453871	7.260865980767224e-05	4.777260616546721e-06	0.0419423461614343	0.0306830584153062	0.0017591604015255	0.000941450073717	-0.0245656745989819	-0.0214248456202455	0.0004590240098513	0.000603472368503	-0.0006470185232664	0.0006469889201314	4.1859466277279513e-07	4.18632969449833e-07	0.0002009399481561	-0.0002500404217421	4.0376862764976155e-08	6.252021250496725e-08	0.0001850649233378	0.0001542730976968	2.3800188672979083e-08	3.4249025850025795e-08	0.0
776.1237717886938	-1.586719412903676	602368.1091355085	2.5176784952853866	1067.5826407654645	-2.8598432148971824	1139732.6948637627	8.178703213793451	801.7675321302602	-0.3354383547105044	0.1125188898108901	642831.1755782478	830.3573358015983	736.9146281233778	1.031633	22.704088	0.0742994306212611	0.0400503249760388	-0.0461134918	0.1390782864	-0.090032316	-0.04273972	0.0681798761	0.013123978	0.1010886913	-0.0373970666	0.0318432596	-0.0669829354	0.084263536	0.0072234211	-0.0961922316	0.0372844662	0.0727638871	0.1387107145	0.0078785739	0.0327050512	0.0953869295	0.1436431669	-0.0330810952	0.0326053478	-0.1773342213	0.0086647897	0.0220704793	0.018638296	0.0918442804	-0.0550751759	0.0784286384	0.1362996495	-0.1894403877	0.0075512786	0.1095195515	0.127350947	0.0115836857	-0.0016523894	0.0361489229	0.1157098943	-0.1042500484	-0.0234956948	0.0566082633	0.1195335993	0.0176015822	-0.0077700626	-0.0452539736	-0.0288179884	-0.0292796535	-0.0027897143	-0.0870390007	0.0100933	0.1838909851	-0.0595815467	-0.0883501143	0.0958437165	0.0168999496	-0.1254725705	0.1198763535	0.0559962527	0.0537093454	-0.0176067248	-0.0980469703	-0.0637927335	-0.0703861513	0.0255200425	0.1209412757	-0.0740975171	-0.0305367097	-0.0520746553	-0.1270775639	0.0182520988	-0.0173497848	0.1324178687	-0.0553914753	0.0135577516	0.0173034885	-0.0941979498	0.0116968148	-0.0687394079	-0.1922130704	-0.1486665245	-0.033157215	-0.0706181956	0.0733231957	0.0914703211	0.0579557408	0.0767756077	0.134373449	-0.0432506283	-0.0496813514	-0.0900614181	0.0425841596	-0.0399410915	0.0326053065	-0.029384731	-0.0328053466	-0.1651967215	0.0424567273	0.1011471892	0.0140495513	-0.1097775251	-0.0535417014	-0.0918751323	0.0256051194	-0.1174184801	0.0684947009	-0.0781513821	0.0369179538	0.0244235914	0.0103898695	0.2283628353	-0.0694255254	0.0388025246	0.0439251458	0.2677625325	-0.0275550722	0.1366861624	-0.1210160986	0.1211199807	0.098167988	0.063080731	0.0201956026	-0.0234403837123551	-0.0149193121947775	0.0005494515885824	0.0002225858763652	0.0121993595373055	-0.0297429866241288	0.0001488243731204	0.0008846452533231	-0.0191317764143121	0.0054338981846698	2.9527249481357743e-05	0.0003660248687672	-0.000816987196061	-0.0001699686727946	2.8889349731557813e-08	6.674680785276149e-07	0.0002010528337013	1.1288554520002323e-07	4.04222419393226e-08	1.2743146315106484e-14	-0.0001289181906761	-0.0003139831140139	9.858539588586572e-08	1.6619899887199276e-08	0.0
776.7416438549454	0.6178720662516071	603327.581298483	0.3817658902540303	1067.5835940565694	0.0009532911049063	1139734.730298742	9.087639306936348e-07	801.927517558253	0.1599854279928649	0.0255953371700601	643087.7434171422	830.7364232508268	731.6528705791668	1.082369	23.82069	0.0720515806197442	0.0395342453800246	-0.0144685927	0.0467608073	-0.1294811102	0.0840793988	-0.1070492684	0.0470398732	0.0602615492	-0.0379904313	0.0509981751	0.0077336356	0.002159998	-0.1617153698	0.1415681273	-0.1528214533	0.113186381	-0.1327232104	-0.0467483764	-0.0027022102	-0.0930422202	0.0293927803	-0.1467862985	0.0647002269	-0.2153576658	0.0131017983	-0.0723275783	0.0371830026	-0.0029346325	0.0151898247	-0.0941270149	-0.1027395471	0.0036355647	-0.0635945072	0.0428897548	0.0364631105	0.0672396273	-0.0661095532	0.1576262242	-0.1306841486	0.0440058107	-0.0446735143	0.0036171142	0.1338284611	-0.0149730483	-0.0625311593	-0.2400046153	0.1878457878	0.1785319591	0.0117983076	0.1381395318	0.0208800264	0.0096477383	0.1576421728	0.0595129177	0.0259944544	0.0082337505	0.0193556757	0.0353284007	-0.0171887458	0.0754646383	0.1610261703	-0.0089269488	-0.0320574565	-0.157624134	0.106022367	-0.0335393465	-0.0051096532	-0.1470445342	0.0318304064	0.1091822222	0.0296476145	-0.0063662915	-0.1833106404	0.1149741373	0.0733432453	0.0734961575	-0.135604203	-0.0823318055	-0.0023446974	0.095877944	-0.0039121157	0.0828153986	0.0258308902	-0.1197952105	0.0589256785	-0.1728343174	0.0826467002	-0.0790605239	-0.0578013959	-0.109777452	0.157041749	-0.0790017976	-0.0763514365	0.0759010382	-0.0208426551	0.0373696079	-0.0130619819	-0.0006654948	-0.030620135	0.1714589545	0.0238450967	-0.0121928863	-0.0894110323	-0.0113318558	-0.1111025392	-0.0170575355	-0.0247273855	-0.1431463373	0.0322477562	-0.1042369751	-0.0155929941	-0.148269202	0.0850735218	-0.025400606	-0.1654543093	0.1703550307	0.0156184335	-0.0448470393	0.1199087977	0.0936454286	0.0540487397	0.0067565429	-0.02906129367976	-0.0056209099674048	0.0008445587903412	3.159462886167175e-05	-0.0173767924760994	-0.0295761520134049	0.0003019529167574	0.00087474876792	-0.0105841162653277	0.0085476601489844	7.306249402253604e-05	0.0001120235171179	-0.0010149536243085	-0.0001979664282474	3.919070671307253e-08	1.0301308594969596e-06	0.0002092479480093	8.195114307999981e-06	4.378470374610271e-08	6.7159898521186e-11	-0.0004888938179196	-0.0003599756272435	1.2958245220935126e-07	2.39017165200003e-07	0.0
777.5514577341032	0.8098138791577867	604586.2694244289	0.6557985188765824	1076.033638732074	8.450044675504614	1157848.3916829876	71.40325501802388	802.9456319518933	1.0181143936403032	1.0365569185375625	644721.6878706254	832.7577560752856	748.1839195915886	1.067585	23.495316	0.0932439725632807	0.0460280413848318	-0.0125295736	-0.1395649663	0.0324977883	-0.0307385242	-0.1225116076	-0.0878446089	-0.1358606633	0.042949616	-0.0187737649	-0.0049395554	-0.1077160098	-0.0476955132	0.1594343563	0.0014482019	0.0330325987	-0.0557330173	0.033556151	0.0053033248	-0.1198309944	-0.0607597612	0.0293653749	-0.0152943425	-0.0162937364	-0.2381510389	0.0834286417	0.0753400753	0.0091535358	0.0974093587	-0.1247256258	0.0535587618	0.0220390226	0.0067229778	-0.0225666746	0.0056295484	0.0137196928	-0.0797266775	0.0630078045	0.168235854	0.0330689697	-0.1957403329	-0.0462326274	0.0251504769	-0.0559320922	-0.1181451252	-0.066340306	0.0352853433	-0.1053948401	-0.0409455427	0.0195500575	-0.1241200463	0.0441591192	-0.147507839	0.0773963636	-0.0038273935	0.1062385283	-0.2385797614	-0.134013486	-0.0117877716	0.0534007128	0.0601921534	0.1058247539	0.0372828603	-0.1041337916	-0.0620676214	-0.1093318036	0.1459597345	-0.008272443	-0.0770247002	0.0658886169	-0.0558837935	0.0798011922	-0.0007768381	-0.0350173036	0.1549292857	0.0381564722	0.1099507837	0.1026919467	0.0754135309	-0.0877051894	0.0448552022	0.0121439253	-0.264426841	-0.0697968086	0.122668744	0.0714338694	0.1739614669	-0.0933678776	-0.22982794	-0.0840975139	-0.1218395166	-0.0063174741	-0.0185394996	0.0299093962	-0.0246928658	0.0936052191	0.0527850196	-0.0077103129	0.0094478825	0.0366432783	0.1285979841	0.0231731523	0.0013158429	0.0808049658	-0.1591282798	-0.1258271935	-0.1074223352	0.0777542895	-0.0719954444	-0.02795786	-0.1474489437	-0.0242439372	-0.0344317757	0.1626517755	-0.0498059298	0.0367470722	0.0684250198	0.1884847314	0.1186154352	0.0888661936	0.0446835199	-0.0067565429	-0.0124676964736067	0.0165935972061533	0.0001554434553579	0.00027534746824	0.0168414386156712	0.0342182310917706	0.0002836340546454	0.0011708873390498	0.0012983791055987	0.0118824953709264	0.00014119369624	1.6857883018552803e-06	-0.0013839828569104	-0.0003690292326019	1.3618257451474728e-07	1.9154085482218727e-06	9.92469490916914e-05	-0.0001100009989176	9.849956904008784e-09	1.2100219762871725e-08	-0.0003569310715505	0.0001319627463691	1.7414166429275414e-08	1.2739978983818817e-07	0.0
775.8508453885149	-1.700612345588297	601944.5342900733	2.8920823499673296	1070.4198574954517	-5.613781236622344	1145798.671320583	31.514539772653094	801.9411152957377	-1.0045166561556016	1.009053712494031	643109.5524017718	830.8515770406241	744.8081067574991	1.025313	22.565006	0.1181533008852958	0.0553920952775792	-0.0118118763	-0.0352164167	0.1466881144	-0.1210627982	0.0623442129	-0.0174951853	-0.0745752806	0.0207717446	0.010022269	-0.044558562	-0.0476568109	0.1556803366	-0.0389881976	-0.0697993681	-0.0135755961	-0.0849362397	0.0198491096	-0.0265521139	-0.0836968852	0.063096481	0.1259826663	0.0136963862	0.1403431301	-0.0313929673	0.152719731	0.1504146385	-0.0114845303	0.0413621212	-0.0298425935	-0.0603011316	0.0577235249	-0.0308225796	-0.044122383	0.0590274423	0.04447523	-0.1272642032	-0.037323368	-0.074366609	0.0123659168	-0.0283718765	0.0978389957	-0.0760251675	0.0889322605	-0.0930349015	-0.0740583148	0.0887588599	-0.0090272712	0.009065613	0.3469907551	-0.1347691714	0.0738587498	0.1065368897	-0.0921270416	-0.0241839939	-0.0169877304	-0.0155441248	-0.0524675445	-0.0270216792	0.1025422554	-0.1189888387	0.0721784033	0.0611064107	0.0440739054	0.0122642211	0.0507138735	0.1549621381	0.0132786252	-0.2358716919	-0.0997681816	0.018100381	-0.0009663644	0.0024916826	-0.000576226	0.0595776442	0.0041821252	-0.0278046504	0.0547942714	-0.0434338554	0.0844795728	0.0134317556	-0.0144257372	-0.033053506	-0.1379001053	0.1438425401	-0.1320590711	0.0105139952	-0.087157295	-0.16865344	0.0445815371	0.1064851233	-0.0909261528	-0.1068145027	-0.0778800697	0.0007199451	0.0432306477	-0.0607589367	-0.0399339488	-0.0094192671	-0.1558530582	0.1251924012	-0.0054373035	-0.0254634021	0.0215782701	-0.1239820332	-0.1768080526	-0.0006789812	0.0391780568	-0.0174575256	-0.089624751	0.1414022746	-0.0198199079	0.066505123	0.1325847868	0.0668767402	0.0531983236	-0.0536673476	0.0494620643	0.1172407796	0.0838433825	0.0350428114	-0.0201956026	-0.0124923330789812	-2.4636605374500284e-05	0.0001560583857562	6.069623243788563e-10	-0.0174810055630985	-0.0343224441787697	0.000305585555497	0.0011780301744047	0.0358459361857086	0.0345475570801099	0.0011935337002034	0.0012849311410298	-0.0009419992977735	0.0004419835591369	1.9534946654732162e-07	8.873626770057671e-07	-3.102632298856989e-05	-0.0001302732720802	9.626327181910604e-10	1.6971125418497787e-08	5.598535765317231e-05	0.0004129164292036	1.7049997750631134e-07	3.1343602715536194e-09	0.0
775.7316579002267	-0.1191874882882757	601759.6050686343	0.0142056573644678	1063.5579495364673	-6.861907958984375	1131155.5120222147	47.08578083757311	802.0989330203034	0.1578177245656888	0.0249064341870916	643362.6983523092	829.8817837774442	732.4561005326004	1.023142	22.517225	0.0374792649923947	0.0257429638378955	-0.0025363488	0.1330004546	-0.0069731247	0.0096856507	0.1475040823	0.0459746525	0.1138313962	-0.0102252226	0.110147047	0.0192967552	0.0645408425	0.0898175731	-0.0972772238	-0.1825845818	-0.0286015075	-0.094416562	0.025410518	-0.008587144	-0.0226948177	0.2424315894	0.0389117045	-0.0054204473	-0.0544018147	-0.0409156704	0.002352595	0.1082266392	0.0027989971	0.0373644154	0.0298347852	0.0124260503	-0.0728610579	0.0726753771	0.0283626289	-0.0263855225	-0.1789799745	0.1453979406	-0.0194551336	-0.0647046453	0.0216057782	0.0076468916	-0.1594421328	-0.1551674648	0.0751041674	-0.0533820089	-0.102842069	0.1459316202	-0.0570719669	-0.1057672597	-0.0328984662	0.0283932741	-0.1012346907	-0.0071217429	0.0146437781	0.0524341977	-0.0112187523	0.0879199061	0.120252505	-0.0142040666	0.1771586396	-0.0718931717	-0.118449414	0.029421133	-0.0129949447	0.0516802616	-0.0707348494	0.0769600198	-0.035975148	0.0330548469	-0.0364905388	-0.1558853676	-0.0227410651	0.0801890585	-0.0376339971	0.1662343521	-0.1813214446	-0.0684001406	-0.0671637281	0.0273388931	-0.0411386324	-0.1387575075	0.1352210851	0.0637401435	-0.1722830613	-0.1415917233	0.0834819847	0.0344828089	0.0518816635	-0.0474461704	-0.1464918477	0.0637995284	-0.0025174824	-0.1386419801	-0.1761499272	0.0045800275	-0.0084449484	-0.1404156265	-0.0882817536	0.024483325	-0.0582296615	-0.0444666461	0.0187906029	-0.1587102134	-0.0206390385	-0.0594157999	-0.0948907534	0.089806613	0.0940510462	0.0938191389	-0.0134116843	0.0409218837	0.0807397397	0.0732127095	-0.0476828726	0.0315294966	0.1225306061	-0.0104097399	-0.0908361515	0.1157857731	0.0785907625	0.0251860523	-0.033413395	-0.012377085326193	0.0001152477527882	0.0001531922411718	1.3282044522730164e-08	-0.0175717387645732	-9.07332014747006e-05	0.0003087660032104	8.23251384984861e-09	0.035861617758961	1.56815732523935e-05	2.4591173967018316e-10	0.0012860556282898	-0.0007889795364589	0.0001530197613146	2.3415047352777162e-08	6.224887089509007e-07	9.916012696664644e-05	0.0001301864499552	9.832730780041443e-09	1.6948511751942046e-08	-0.0004059604803746	-0.0004619458380277	2.1339395727118087e-07	1.64803911625976e-07	0.0
776.5233405533303	0.791682653103635	602988.4984241034	0.6267614232252103	1069.505913721372	5.947964184904777	1143842.899484987	35.37827794490995	801.9572829517781	-0.1416500685253368	0.0200647419132326	643135.4836793983	831.2596886306222	739.6578161967051	1.012039	22.272867	0.0451724839143031	0.0286198296223185	-0.0036456946	0.0739324512	-0.1325509022	0.0608169485	-0.0720894354	0.0273233637	0.1443617859	-0.0225152855	0.0524722572	-0.0498036754	-0.0928235973	-0.1752459251	-0.0274950019	-0.0501303144	-0.1635807738	-0.0453101724	-0.0982317714	-0.0480980272	-0.0404470874	0.1104578417	-0.0679311728	0.1245766182	-0.1348590285	-0.0733255464	0.0424668873	0.0575011417	-0.0061811213	0.0701961762	0.0573648844	-0.0488732075	-0.2353861766	0.0703526535	-0.1947439118	-0.004484409	-0.1976007334	0.0526256168	-0.0309814495	-0.0840962971	0.0178469532	-0.0829765043	0.0301254386	-0.1224329684	0.0841285935	-0.0481103987	0.1411906188	-0.1064483079	0.0411961272	-0.0623751451	-0.0864427077	-0.0485768972	-0.0107437396	-0.0321813681	-0.1332021374	0.2864329969	0.0766913737	0.074464888	0.080775102	-0.0426441363	0.1078692584	0.0809475893	-0.0306000017	0.0852520054	-0.137302691	0.0028603655	0.0397669715	-0.0934850275	-0.0661109797	-0.1549283862	0.12018772	-0.0077841726	0.1117559249	-0.0293613535	-0.102112638	0.093374321	-0.206970166	0.0254944693	0.0771058917	-0.0516968134	-0.1648556887	-0.0533546942	0.055484378	0.100213779	-0.0286532041	0.0088104664	0.2065572218	-0.012779122	-0.0378759905	0.034340744	0.0101285695	0.0515408099	-0.1068369711	-0.0224026148	-0.0210602283	-0.0056232556	0.0254933368	-0.0986499095	-0.0450842101	-0.016370633	0.1559372791	0.0186289721	0.0462005068	-0.161845855	-0.017443189	-0.031200647	-0.0279371664	0.0024681132	0.0037456752	0.0850901377	-0.125195817	0.0723304755	-0.1094961517	0.1434853601	0.0966147811	-0.1943820882	0.0236841526	0.0890434506	-0.0811275814	0.1142514127	0.0731227308	0.0151740128	-0.0462651033	-0.0123950228320097	-1.7937505816700144e-05	0.000153636591006	3.2175411492415145e-10	-0.0338797427137507	-0.0163080039491775	0.0011478369663499	0.0002659509928063	0.0359132042158876	5.158645692660002e-05	2.6611625382399595e-09	0.001289758237052	-0.000857062889688	-6.808335322910008e-05	4.635342986918412e-09	7.34556796880345e-07	-0.0003568478316207	-0.0004560079585873	1.2734037493239548e-07	2.079432582949991e-07	-0.0003541526721434	5.180780823119997e-05	2.6840489937207915e-09	1.2542411518631058e-07	0.0
775.8021748637411	-0.7211656895891565	601869.0145233108	0.5200799518406036	1071.902831613201	2.3969178918289344	1148975.6804203982	5.745215380169664	802.2896024536788	0.3323195019006562	0.1104362513435002	643668.6062052819	831.0059788475058	735.6991014910174	1.035377	22.786486	0.1660306700327306	0.0925606583333005	-0.0655512046	-0.0616336622	0.044069537	0.1238182098	-0.1631873343	0.0272944138	-0.0275413614	-0.0443371933	-0.0196756784	-0.073884896	-0.111435998	-0.0394378539	0.1837779053	0.014331974	-0.0521327452	0.0989948473	-0.0421923679	0.0684691565	-0.1579511245	-0.0644309955	-0.0851775772	0.0834661832	0.0798017717	-0.0020989552	0.0167096794	0.0107757822	0.1562722514	-0.0786174471	0.0142734996	-0.3118413355	-0.1600005184	0.0778397077	0.0222902868	-0.3008748984	0.1756428756	0.103435608	-0.0097630856	-0.1539564671	-0.1320566	-0.0016852174	0.0153477726	0.0066134613	-0.0880818757	-0.0057791657	-0.0522018909	-0.095525416	-0.0560061555	-0.1453280047	-0.0813136071	-0.0571544691	-0.0537929286	-0.1074664901	-0.0258637553	-0.040171775	-0.1280816406	-0.0635761881	-0.0625850249	0.0257617155	0.0611810263	0.1326672213	0.0920555127	0.1459837231	0.0005130262	0.0681011911	0.0634313237	0.0318799972	-0.1659319851	-0.1497863921	0.1222702809	0.0528027221	0.2439621811	0.1177402661	-0.0153221717	-0.1759889932	0.100990403	-0.0356742604	-0.1843094861	0.2623279791	0.1384912193	-0.0300299655	0.0811314214	0.0053677922	0.1361134078	-0.0913069595	0.085472833	0.0709345392	-0.0874631174	-0.0290968126	-0.0568913435	0.0140765528	-0.0635143939	0.0614556937	-0.1756794199	-0.0652775644	0.129134975	-0.0076120063	0.091969818	-0.1252078912	0.150232088	0.028021335	0.0571398681	-0.0176796193	-0.1126497156	-0.1441063697	-0.0913708796	0.0642452935	-0.0059820782	0.1096601079	0.1289945152	-0.0977379159	-0.0339303292	0.0716342933	-0.1009852486	-0.0952083499	-0.0446967238	0.0438833553	0.0985725896	0.1126387502	0.0674542747	0.0050684204	-0.0586099215	0.0017422472719488	0.0141372701039584	3.035425556613036e-06	0.0001998624059922	0.0217870120638536	0.0556667547776043	0.0004746738946705	0.0030987875874699	-0.0217642176876253	-0.0576774219035128	0.0033266849974358	0.0004736811715543	-0.0001430733761613	0.0007139895135267	5.097810254260939e-07	2.0469990966192845e-08	-0.0003569700854517	-1.2225383099997078e-07	1.27427641907394e-07	1.4945999194169415e-14	-0.0004110253697388	-5.687269759539998e-05	3.234503731777814e-09	1.6894185456891725e-07	0.0
775.7211273458755	-0.0810475178656133	601743.267410756	0.0065687001521769	1058.900829715816	-13.002001897385073	1121270.9671728434	169.05205333960498	801.297423224543	-0.992179229135786	0.9844196227284826	642077.5604662923	829.2730381382128	732.6691787765549	1.004605	22.109261	0.0927516267052931	0.0518491573760663	-0.0904669695	-0.0823530498	0.0336225711	0.1054160334	0.0284653991	0.1043484881	0.0011052285	-0.0653088498	0.2115842598	-0.0994872653	-0.0275695922	0.1001529667	0.1054943734	0.1112833147	-0.0623814924	0.022478703	0.1075110635	0.0862171473	-0.1295491383	0.0192821426	-0.0156036773	0.0824381994	0.0066800467	0.1702383724	-0.0449397692	-0.0247730563	-0.0380822239	0.0373993305	0.0506654405	0.0608294982	-0.0594683808	0.0752004461	-0.0020555399	-0.0187306702	0.0086982392	0.0649008006	0.067460011	0.0745680666	-0.0106049975	0.0780333999	-0.0414601198	0.0745987126	0.012389944	-0.0926127383	0.1197261546	-0.1195654457	-0.1321542544	-0.0485126425	0.2384579298	0.129877947	-0.0224155665	0.1598397957	0.0284473172	-0.1023403265	-0.1165988127	-0.0768111347	-0.0828393501	0.0260038972	0.1417344755	0.0587289731	-0.0298002125	0.1049884875	0.0786812071	0.0841385935	0.1065997497	-0.0178444439	0.0391530796	0.0487101574	-0.0846603014	0.1221411154	-0.0242921102	-0.0095387059	-0.2374134314	0.0091401369	0.1104199277	-0.0130428719	0.033302315	-0.0046316957	-0.0907461658	0.0677111391	0.0875866279	0.0570853603	-0.0322896154	0.0676628575	-0.103610478	-0.2466430368	-0.0232168947	0.0311068277	0.0066942356	0.0165622716	0.1659855639	-0.0796096694	-0.0430718198	-0.095451598	0.1827941291	-0.0052983342	0.0527017416	-0.130524315	-0.0184024508	-0.0986250283	0.0459413956	-0.0957715499	-0.0848075818	-0.1735479635	-0.0891685169	0.1180628845	0.0706462206	-0.0102536547	-0.0625669665	-0.0571435063	-0.148351268	0.0447011053	0.0542078939	0.0003027063	-0.0690464538	-0.0300279668	0.1084595873	0.1109488906	0.0616009311	-0.0050684204	-0.0703125971	0.0042958995844628	0.002553652312514	1.8454753239787654e-05	6.5211401332081e-06	0.0106186412556752	-0.0111683708081784	0.0001127555421167	0.0001247325065089	-0.0240387716537711	-0.0022745539661458	5.173595744909593e-06	0.0005778625426221	0.000149997869467	0.0002930712456283	8.589075501412334e-08	2.2499360844639173e-08	7.03501271059892e-06	0.0003640050981622	4.9491403838288366e-11	1.3249971148814486e-07	0.0004669992788397	0.0008780246485785	7.709272835113983e-07	2.1808832643679986e-07	0.0
777.616769341092	1.8956419952164647	604687.8399604771	3.593458574028261	1062.028560690684	3.1277309748679727	1127904.6637227256	9.78270105114856	800.9318960664098	-0.3655271581332044	0.1336101033329366	641491.9021365342	829.4402473888586	739.3986135316683	1.095929	24.119118	0.1989938089834964	0.0984283862999533	-0.0597782159	-0.1412361017	-0.1131301557	-0.0338811897	0.133906325	-0.0374580096	-0.0469638034	0.0081939965	0.2354048724	-0.1071925538	0.0170882478	-0.0542010051	-0.0621892131	0.11832955	-0.1042465855	-0.0325569796	0.0604705549	-0.0382210483	-0.1703074232	0.0833745867	0.1264312711	0.0871941096	-0.0837337511	0.1509437605	0.1571856206	-0.0274424545	-0.1171857967	0.0865136783	0.0679383422	-0.0760278561	0.0873576467	-0.035144638	-0.1521221826	-0.0618329899	-0.0569777818	-0.0373067836	-0.0335047961	0.0043078851	-0.0090105799	0.1031413143	0.1562245466	-0.0611210961	-0.0918192835	0.1649189954	-0.0042099871	0.1132236897	0.0651059132	0.1570138677	0.0022349412	-0.116888251	0.0679578861	-0.2877447984	0.1528433328	-0.0032292787	0.0979594574	0.0221334692	-0.1437630348	-0.0277355126	0.151293363	-0.0722120002	-0.1550523215	0.1232521358	-0.0035170445	-0.0350304127	-0.0474285322	0.0371756497	0.2051004639	-0.0311847483	-0.0042730164	0.0472856321	0.0350875846	-0.1126660362	0.1159478712	-0.0863848332	-0.0040868615	0.1105884994	0.2187242595	0.0446333917	0.0073641991	-0.1118627837	0.0848445031	0.1837499521	-0.0119794695	0.0475085253	0.0317016397	0.0590027326	-0.202033532	0.0709592469	0.1045431077	-0.082986716	0.0461489248	0.2612162598	-0.0141990245	-0.0370417745	0.1489329972	-0.0488565592	-0.1506806822	0.0407202941	-0.0986942598	-0.02646992	0.0953812656	-0.0696445795	0.1798846019	-0.0655135734	-0.0701007371	-0.0588463811	0.0734610535	-0.1499826934	-0.0106986691	-0.0711512244	0.1799760706	0.1302188647	-0.089601047	0.0120242881	0.0758393767	-0.0989259061	-0.0288426775	0.1091829923	0.0555787436	-0.0151740128	-0.0812449131	-0.0056052517806364	-0.0099011513650992	3.141884752432753e-05	9.803279835460574e-05	0.032694289853751	0.0220756485980758	0.001068916589041	0.0004873342610257	0.0400978797571554	0.0641366514109265	0.0041135100542067	0.0016078399610192	-0.0007760537068092	-0.0009260515762761	8.575715219236346e-07	6.022593558522998e-07	-0.0003568830176785	-0.000363918030389	1.2736548830731258e-07	1.3243633284228114e-07	-0.0003006382666829	-0.0007676375455226	5.892674012959618e-07	9.03833673940985e-08	0.0
779.5168669756911	1.900097634599092	607646.5458995972	3.610371021009065	1069.330890812286	7.302330121602154	1143468.554045397	53.32402520485813	803.6962953134172	2.764399247007418	7.64190319685518	645927.7351005115	831.2695009407784	742.0928168311134	1.047423	23.051598	0.054083538933082	0.0321976449899161	-0.0366886276	0.0539324571	-0.0931917862	-0.0466076308	0.1407745135	-0.1446962788	0.0714668535	0.0614336359	0.0890129084	0.0337094298	-0.102809449	-0.0455096837	-0.1394682602	-0.0192780576	-0.1262144932	-0.071196296	0.1551603978	-0.0727147518	0.0145023054	0.1536480675	0.0587829667	0.0811083018	0.1004068553	-0.140951148	0.1967851559	-0.1606900709	0.1111308321	0.0598864884	0.2263810688	0.0224127923	-0.0785810267	0.0278421369	0.0749509121	0.0872047809	-0.0226648391	0.0933260298	0.0047985495	0.0853913417	-0.1041035783	0.0581612946	-0.0988596623	-0.0253175639	-0.0026956271	0.019149934	-0.0694062245	-0.1214604222	0.1416009284	-0.0664728459	0.0551548781	0.0314468721	-0.1094591391	-0.0734352012	-0.0014044012	-0.1091301588	-0.1912065835	-0.1149009033	0.0399015992	-0.0638725981	0.135185469	-0.1363158841	-0.0661139477	0.1092316889	-0.0161283178	-0.2309120656	0.0296187962	0.0124310873	-0.0574193056	-0.0179673616	-0.0298546347	-0.0334464261	0.0514850453	0.1119112	-0.1191366191	-0.071141804	-0.0164785144	-0.1341720171	-0.0521821898	-0.0453781255	0.0790240242	0.0056885913	-0.0571242941	0.1455813651	0.0957018325	0.0828390104	0.1619170895	-0.0584051547	-0.0712418196	-0.1021367392	0.0246599256	-0.1991213548	0.0318249192	-0.0372181781	-0.1018026124	0.0015761652	0.0288687329	-0.1589543112	-0.1440582482	0.0975438657	-0.0550799513	0.0219982506	0.1447443321	-0.0521377193	0.169860851	-0.0841360972	0.0584511874	0.0195326062	0.080685492	0.1263534394	0.2146288963	0.0433761701	-0.0425397011	0.0475766478	0.0853440155	0.1028217537	-0.0675772614	-0.0508871071	0.1676246944	0.1073422654	0.0494042187	-0.0251860523	-0.0912870929	-0.0054997660724609	0.0001054857081754	3.024742685179199e-05	1.1127234629286705e-08	0.0081325024940639	-0.0245617873596871	6.613759681595556e-05	0.0006032813983024	0.0567830460902598	0.0166851663331044	0.0002783947755633	0.0032243143232885	-0.0009060761323339	-0.0001300224255247	1.6905831139326168e-08	8.209739575851591e-07	-0.0003568069511163	7.606656219998326e-08	1.2731120036490974e-07	5.786121884923921e-15	-0.0004251617652383	-0.0001245234985554	1.5506101692476707e-08	1.807625266205473e-07	0.0
778.5956037443442	-0.9212632313468704	606211.1141700199	0.848725941431677	1074.5778652522115	5.246974439925452	1154717.58849	27.530740773231013	803.1597836516625	-0.5365116617547301	0.2878447631988219	645065.6380753852	832.055960904021	746.04566120457	1.01979	22.443443	0.0851642310169261	0.0344411489138913	0.0076412229	0.1431578206	-0.1297409744	-0.0510010211	-0.0846152398	-0.1725935753	0.1399334036	0.0362459745	-0.1136640245	-0.0901237832	-0.1662544273	-0.0328187805	-0.0209954109	-0.0640215804	-0.0217643021	0.0139352083	0.0805239498	-0.1025570529	0.0200667718	0.0952159842	-0.1281265699	0.0788307864	0.0316082644	-0.1180239606	0.1316861642	0.0140269685	0.1108964799	-0.0650232091	-0.0392276967	0.0190909602	0.1759401561	0.0677785572	-0.1563127653	-0.1151294472	-0.0374461913	0.0589156537	-0.0080850834	-0.2318253224	-0.0080603344	0.045395157	0.1262365768	0.096606098	-0.0457204191	0.054768175	-0.0746200344	0.0279335101	-0.2791083785	-0.0306913219	0.0477104399	0.032941675	-0.1064614169	-0.041617336	-0.0598022007	-0.0177663447	-0.0384051979	0.1306903439	0.1391571095	-0.0938578561	0.0638266708	-0.0026281145	0.0831216276	0.1208742205	-0.1101519344	-0.1796160673	0.1121763949	0.0135625004	-0.0090110739	0.0131085277	-0.1098055025	-0.0743162315	-0.0186361024	-0.0268789857	0.171016077	0.0360089224	-0.0229646278	0.1282322908	-0.0497523625	0.1171910307	0.1139392358	0.0233417374	0.1428184148	0.1455005442	0.0144472747	0.2237859558	0.0221358844	0.0279389224	0.0291157237	0.0276633959	-0.0418082879	-0.0034931503	-0.0103500787	-0.006175924	-0.0411054902	0.0216967634	-0.0213223395	-0.168990305	-0.079997921	0.0301043555	0.1116349062	0.1092074565	0.1558038092	0.0459679072	0.0460809792	-0.0671623609	-0.0554374306	0.0990163298	0.0218734876	0.0688761139	-0.1244470945	0.0477983517	0.0157726097	-0.0247930857	-0.0663201186	-0.0257554823	-0.0371649543	-0.0186679311	-0.0669629528	0.1054279714	0.0430942802	-0.0350428114	-0.1003291122	-0.0225303702528094	-0.0170306041803484	0.0005076175837286	0.0002900414787477	-0.0099497584282772	-0.0180822609223411	9.899769278107318e-05	0.0003269681600636	0.0677305284114311	0.0109474823211712	0.0001198473691723	0.0045874244788916	-0.0007770012787363	0.0001290748535976	1.6660317831241878e-08	6.037309871578454e-07	-2.0958051030195435e-05	0.0003358489000861	4.39239902984276e-10	1.1279448368904627e-07	-0.0001080078470607	0.0003171539181776	1.005866078154038e-07	1.1665695026687562e-08	0.0
776.7023324173828	-1.89327132696144	603266.5131826026	3.5844763174943304	1071.1777332602026	-3.400131992008937	1147421.7362324656	11.560897563082664	802.4729895139636	-0.6867941376988256	0.4716861875774734	643962.898899478	831.1630478038267	738.888659170798	1.056697	23.255699	0.06054337042764	0.0326227234142936	-0.0158908653	0.0220957171	0.1168317093	0.1210108443	-0.0991263497	-0.0543289335	0.0401204919	0.0155288124	-0.044544877	-0.0359910483	-0.1613113625	0.0611363695	0.1424607391	-0.0402443942	-0.1322609493	0.0919651215	0.0440780423	-0.0107354359	-0.0242233644	0.0392212273	-0.0572381631	0.2298710021	0.2499334329	-0.075050169	-0.0892703541	-0.0455483654	0.0219540477	-0.0628943016	-0.1121972694	0.0985330529	-0.0392691491	0.0342511744	-0.0365249534	0.0760251175	0.0283047806	0.0739461783	-0.0507342307	-0.033944112	0.0593542849	-0.0482918924	-0.0257104362	0.0103095083	0.0738791174	0.044569598	0.1517393901	0.0835004216	0.1700318709	-0.1095260641	-0.0157408143	-0.1893431331	-0.0237574759	0.0170847201	0.1484213335	0.1016816301	-0.1087466993	0.1531635335	0.04938826	-0.0443756945	0.0237006009	0.0443551483	0.1350998485	0.2788153085	0.0510403965	0.0018106096	-0.0070388824	-0.068142811	-0.002636803	0.0369216484	0.022889238	-0.0689606859	-0.0034086835	0.1440009198	0.0090887267	0.033823894	-0.0725582628	0.0253503417	-0.0662204091	-0.0396216429	-0.0745127884	0.1079427045	-0.0256150273	-0.037850038	-0.03859705	-0.0617939327	0.0180351287	-0.0843237557	0.0801871079	-0.0246437789	0.0713820337	0.2003698278	0.0034512487	0.068796618	0.163094861	0.0047916863	0.0586094699	-0.0569257781	-0.0304147225	-0.1691476533	0.0305666303	0.1357387953	0.173443247	0.0145115663	-0.015771856	-0.0103292705	-0.1523625564	-0.012469015	-0.0335555196	0.1453641482	0.0059448418	0.0250791815	0.140508106	-0.029682984	0.0245804494	-0.1217378576	-0.0298562088	0.0567627504	-0.0125865451	0.1034414224	0.0366662233	-0.0446835199	-0.1082719048	-0.0224878375367296	4.2532716079801e-05	0.0005057028370783	1.8090319371249622e-09	-0.0278002323991444	-0.0178504739708671	0.0007728529214464	0.0003186394209846	0.0681292112355294	0.0003986828240983	1.5894799423099674e-07	0.0046415894235753	-0.0003749776752837	0.0004020236034526	1.616229777330134e-07	1.40608256961168e-07	0.0001050796587771	0.0001260377098072	1.1041734688711771e-08	1.5885504293468013e-08	-0.0004249801521327	-0.000316972305072	1.0047144218265705e-07	1.806081297067328e-07	0.0
775.5035727841397	-1.1987596332430712	601405.7914009654	1.4370246582930626	1062.9819741445044	-8.195759115698138	1129930.677356148	67.17046748254913	801.9229225336119	-0.550066980351744	0.3025736828732858	643080.3736848492	829.7320804983844	727.9896021834364	1.013096	22.296122	0.0364035373415288	0.0224529352732068	-0.0101540049	-0.1036660902	0.0487115267	0.1124239121	0.097111163	0.0265337274	-0.0147785656	0.0277449432	0.1211998426	0.0359322722	0.008843715	0.0541271387	0.0193898541	0.0520510957	0.0288116406	0.1058876829	-0.0080008273	-0.0305372994	-0.0482364431	-0.0372522554	0.0019797588	0.1848915246	0.1124665902	0.0726770029	0.2056679234	0.0526338907	0.039494978	-0.0311282562	0.0358413649	0.0837646227	0.0734460893	-0.04405711	0.0520451417	-0.0338475969	-0.0836375463	-0.0708531675	-0.055649996	0.0834063205	0.0238242847	-0.0029016395	0.1041661398	0.1302144864	0.0265532081	-0.0981115978	-0.016264232	0.1247276252	-0.0068710766	-0.035905792	-0.0352251858	-0.006659513	-0.0768265553	0.255299577	-0.3524937338	-0.0179453697	0.0540038392	-0.0607558896	-0.0523641665	-0.0622754861	0.0347701929	0.0283716303	-0.0667294267	0.2450393359	0.1280250623	-0.0975680265	0.1243667462	0.0145707793	-0.0105040698	0.0075224405	-0.0704062469	-0.0132554779	0.0184475143	0.0371183088	0.1387727743	0.0544687036	0.0713997101	-0.0560086908	0.0505247457	0.0167414169	0.0149172545	-0.0780652622	-0.0085448721	0.0215375335	0.0211670384	0.0169317074	-0.2419098613	-0.0921801442	0.1732006273	-0.0144658984	-0.0042076534	-0.0570352871	-0.0649805386	-0.1069048425	0.0554476919	-0.003338618	0.0907794217	0.0056394026	-0.1198968079	-0.1174793164	-0.0793014605	0.0191555688	0.1574212269	-0.0544504878	-0.0242079886	0.0610165879	-0.0929158367	-0.0083274442	0.0073817016	0.0687727527	-0.0050818428	-0.0517546613	0.0043410968	-0.0125540923	0.0451248241	-0.1929219287	-0.0578566085	-0.0705074859	-0.0459023575	0.1013839798	0.0301376669	-0.0540487397	-0.1150284477	-0.0225085774053184	-2.0739868588800364e-05	0.0005066360568112	4.30142149080708e-10	-0.0115284600707212	0.0162717723284232	0.0001329053916022	0.000264770574708	0.0763373620474112	0.0082081508118818	6.7373739750596e-05	0.0058273928443575	-0.0003749901702797	-1.2494995999998669e-08	1.5612492503998274e-16	1.4061762780639841e-07	0.0001050349906057	-4.466817139999228e-08	1.1032349251539488e-08	1.995245536219088e-15	-0.0001869798286474	0.0002380003234852	5.664415397910743e-08	3.4961456321011065e-08	0.0
775.752773596817	0.2492008126772589	601792.3657431543	0.0621010450390062	1062.809635249447	-0.1723388950574644	1129564.3207790626	0.0297006947496277	801.6200378090409	-0.3028847245709585	0.0917391563784253	642594.6850169682	829.8145947542251	730.0117730951166	0.965985	21.259319	0.0721137820079634	0.036658300287877	0.0214942417	-0.1476681995	-0.0754909775	0.0185361353	0.1047289229	0.0740506324	-0.0513201503	0.0524340008	0.1508877128	-0.0073252995	-0.0030788651	0.0106552899	-0.0363798812	0.0732837903	-0.0302228578	-0.0048284889	-0.0307658971	-0.0681214725	-0.1044143307	-0.1016035941	0.1323998611	0.0881140383	-0.1037493162	0.1361644578	0.1373830178	-0.045556497	0.0942088189	-0.1964564405	-0.0755787328	0.1973583714	0.0551765926	-0.1790425089	-0.0045086206	-0.0036015509	-0.0980573304	-0.1231965977	0.0739150285	-0.013208634	0.0452949869	-0.0647067981	-0.1002037448	0.0499995835	0.0927503631	0.0885111571	0.1477101986	-0.0958148136	0.0106707764	-0.1180292761	-0.0647696245	0.0660666944	0.083529258	0.0344901352	0.0092981281	0.0605873636	0.0266488826	-0.017418762	-0.1414321842	-0.0661376153	0.0246696552	-0.052966004	-0.171766393	0.0827603753	0.0270944246	-0.1021288987	0.1221474589	-0.1272233985	0.0129214573	0.0171547315	-0.117368015	-0.1129116043	-0.1078894622	-0.1432225806	0.0401910703	-0.0041198875	0.2001409965	0.0716024797	0.0333566364	0.0177717503	-0.1243330817	0.0653277866	-0.0456558679	-0.0857898035	-0.0567982625	-0.0415360161	0.0911520563	0.0955855276	0.0401418935	0.1089562718	-0.033529904	0.109995234	-0.0742183103	0.090416647	0.1912395282	0.0141172679	0.0872485347	0.0636328052	-0.1957352688	-0.0030580119	-0.0514990548	-0.023714579	0.1526336448	-0.0993777021	0.0443047976	0.1435936991	-0.0803628903	-0.1025687878	-0.0109300645	-0.0280222186	-0.0252039213	0.0501713052	0.1130915202	-0.1244122427	-0.1444733772	0.0194688047	0.0371696301	-0.0409793882	0.0626872739	0.0992570537	0.0235265052	-0.063080731	-0.1205247148	-0.0324927392689886	-0.0099841618636702	0.0010557781052024	9.968348811996646e-05	-0.027741789002448	-0.0162133289317268	0.0007696068570563	0.0002628720350483	0.1014005995839326	0.0250632375365214	0.000628165875812	0.010282081595981	-0.000553977661388	-0.0001789874911083	3.2036521973243775e-08	3.068912493169176e-07	0.0001051176453261	8.26547203999962e-08	1.1049719358903754e-08	6.8318028044015494e-15	-0.0004249707563396	-0.0002379909276921	5.663968166379396e-08	1.806001437438517e-07	0.0
776.1007759111445	0.348002314327573	602332.4143698806	0.1211056107773469	1075.2376777265715	12.428042477124563	1156136.0636028305	154.45623981321245	802.2921314546588	0.6720936456179061	0.4517098684799675	643672.6641940596	830.4086891320609	741.4604492874832	1.002835	22.070305	0.0374307743904193	0.0245227312893525	0.0117201186	-0.0718682039	-0.1054313209	-0.1235501327	0.0237337594	-0.0329237106	-0.0971006322	0.0771885045	-0.04298498	0.0847823509	-0.0225858409	-0.0819211013	-0.2272075102	-0.0815275306	-0.1332353827	-0.0569508166	0.0024851024	-0.0883283882	-0.0081565739	0.0177006831	0.1174499717	0.1265208012	0.0131010505	-0.0291740964	0.0660392127	0.109250481	0.0092209117	-0.0426795587	0.0056787134	0.1040328446	-0.0221348114	-0.0833679559	0.126958247	0.0800246698	-0.0357012402	-0.1268749864	0.1310221129	-0.0818504543	0.0420857701	-0.1191848701	0.0470333412	-0.1042551216	0.0514654777	0.0444648286	0.0568183346	-0.0419749307	-0.0117006704	0.163132398	-0.1020909553	0.0535091614	-0.0840178865	-0.0598526858	0.105503985	-0.0740293868	-0.2122573988	-0.0096390178	-0.0611786739	-0.0819227804	-0.0185274774	-0.1323885276	-0.0742628917	0.1072285316	-0.062030947	-0.0775984818	0.0570835323	0.0368421905	-0.0110390826	-0.0867593328	-0.068381901	-0.0140027327	-0.0751891946	-0.0809679817	0.0261723616	-0.0441502809	-0.0886388764	0.0276929757	-0.0431234332	-0.1786865077	-0.1194896575	-0.0897877139	-0.1785317034	-0.0224264457	0.0737628817	-0.1880005564	-0.1108577635	0.1055370013	0.1243400874	0.0696666105	0.0205416623	0.0835701758	0.1035414389	-0.0535934697	0.0047719759	0.0181034998	0.0082283069	0.0002143305	-0.1234040237	0.1649011142	0.0061217569	0.0456173847	0.1536934517	-0.056761266	0.0221950416	0.0944294984	-0.022509478	-0.0412317925	0.0244148055	0.0109182012	0.0185786592	-0.0096202999	-0.1819038269	-0.0844875459	0.1090745638	0.1017191739	0.0922626852	0.053171027	0.0178781543	0.0970621018	0.016850859	-0.0717238087	-0.124700488	-0.0400818102161224	-0.0075890709471337	0.0016065515102012	5.759399784063029e-05	-0.0050960514615923	0.0226457375408557	2.5969740499197017e-05	0.0005128294287693	0.1040453623478825	0.0026447627639498	6.9947700775759054e-06	0.0108254374261021	-0.0004629776609548	9.10000004332e-05	8.281000078842402e-09	2.1434831454317773e-07	0.0001050983587886	-1.9286537499999893e-08	1.1045665020057294e-08	3.7197052873890197e-16	-0.0004249755321385	-4.775798900010647e-09	2.280825513334291e-17	1.8060420291640125e-07	0.0
774.581267655947	-1.5195082551974792	599976.1402034939	2.308905337613288	1072.7427887938338	-2.494888932737694	1150777.0909091718	6.224470786697033	801.4352113181235	-0.8569201365353365	0.7343121203997397	642298.3979405252	830.1618364678782	733.3214863442086	0.974591	21.448709	0.1114161324701213	0.0708231843393583	0.0625737038	0.0566760517	-0.0519989262	-0.1491832925	-0.0998548059	0.0623616104	-0.0238729923	0.0583830333	-0.1617219079	-0.1281769484	0.0312672663	-0.1328055079	-0.084139499	-0.0794604667	-0.112363944	0.0439086734	-0.0230404891	-0.052248765	0.0230858132	-0.0547885632	0.1940375113	0.0579059533	-0.0958839004	-0.0202461876	0.0747882865	0.0271290172	0.0620686343	-0.0033651543	0.035452341	-0.0860789015	0.0273413532	0.0497086914	0.117615716	-0.0246158344	0.0622366645	-0.179255125	-0.1506726384	-0.0606423395	-0.042925986	0.177548773	-0.2101650102	-0.087550561	-0.1002535626	0.1622697972	-0.1578952709	0.0701652779	0.0256504807	0.032890623	-0.162789135	0.1554368171	0.1031310076	0.1022627359	-0.089636857	-0.0701695986	-0.0420592586	-0.0436762839	-0.0142797838	-0.0690386902	-0.089072465	-0.1427507128	-0.0096624684	0.0270669393	-0.1488357662	-0.0048183449	0.1019002333	0.0813214225	-0.1109165362	0.0698903877	-0.0688666354	0.0694020073	0.0843084919	-0.0510166831	0.0656284336	0.0338266349	0.003703697	-0.134618419	0.0259676431	-0.0319691244	0.2958113432	-0.0500908238	-0.220105321	0.1069516143	-0.0119752903	-0.0907028889	-0.1256691666	0.1435829665	0.1216905771	0.1700015871	-0.0913981896	-0.071608067	0.0574857244	-0.0332887436	0.1249750887	0.0517940169	-0.0178675568	0.0584094839	-0.0796897472	0.1080960616	0.0588966997	0.1150051962	0.0995652289	0.0616732211	-0.0343964986	0.0994357007	-0.0341542479	-0.0120593222	-0.1277823865	-0.0099694497	-0.0517921354	0.0099779647	0.0516166168	0.00797839	-0.0102089484	0.0102399356	-0.1282994279	-0.0196408124	-0.1110075049	0.0948006283	0.0101290257	-0.0799246852	-0.1275100165	-0.0479336879737672	-0.0078518777576448	0.0022976384427664	6.165198432099716e-05	-0.0658424365993823	-0.06074638513779	0.0043352264573436	0.0036901233073087	0.1401114437269441	0.0360660813790615	0.001300762226041	0.0196312166632486	-0.0003279776721797	0.0001349999887751	1.8224996969277127e-08	1.0756935344841477e-07	0.0001050696711539	-2.8687634700001654e-08	1.1039635796388686e-08	8.22980384680739e-16	-0.0004249826196412	-7.0875027000203054e-09	5.023269452279511e-17	1.806102269970969e-07	0.0
774.6155302051827	0.0342625492356774	600029.2196350563	0.0011739222801272	1069.0764749605362	-3.666313833297636	1142924.509314046	13.441857124229603	801.4475101204806	0.0122988023571224	0.0001512605394195	642318.1114783179	829.9449382828531	728.5275155259325	0.898564	19.775518	0.1297578383357417	0.0810597248129224	0.0783711805	0.0219821991	-0.011600921	-0.126324788	-0.1209461077	0.0879961215	-0.0548681729	0.0284905289	-0.124360524	-0.0868086418	-0.0044490331	-0.1070570244	0.0859854398	-0.0080279686	-0.1288937576	-0.0371957508	0.0091225462	-0.0995005331	0.0135453403	-0.1383897003	0.1067032307	0.0551661568	-0.1106224381	-0.1119658055	-0.1006461167	-0.145955727	-0.0490058658	0.063815604	0.0270534413	0.0526213589	0.0062977599	0.1525540815	0.0144771365	-0.0226409122	0.1579921332	-0.0640692489	0.2695087716	-0.0148428324	-0.0601544691	-0.0621641613	0.0155962052	-0.1518540989	-0.1393431683	-0.1213560953	0.0667746796	-0.0859476076	0.0450322131	0.0008459494	-0.0872339923	0.1322543417	0.0643041006	-0.047998866	-0.0382469031	0.094557802	0.0283488355	0.122041251	-0.0281323314	-0.076970525	-0.1477651423	-0.0779502228	0.0561940209	0.0366778805	-0.1362545427	-0.0279330968	-0.0187708262	0.0175251306	-0.1002090308	0.2147593306	0.1290449794	0.048911881	0.0796201986	-0.0771415027	-0.0290563344	0.0400315408	0.0916273968	0.0261739539	0.1072495761	-0.1309807479	-0.0429140227	0.04792187	-0.0165902693	-0.2185016125	0.1076088816	-0.2379195583	0.0833518263	-0.0014222774	-0.1634466082	0.2259727859	-0.1312219039	-0.0001577371	-0.0086653635	-0.0573343958	-0.1652919155	0.0461830686	-0.0337223805	0.0837447629	-0.0014404348	0.1393343273	0.0123965695	0.1278531116	0.1117510435	0.0998297947	-0.0514665368	0.1189084783	0.0385253704	-0.1308795535	-0.0328406902	-0.0853759918	-0.1158107033	-0.1944162423	-0.0129520231	0.0153761666	-0.1257271872	0.0551493129	0.0784243436	0.0155409121	-0.1175710312	0.0924741833	0.0033794295	-0.0876327994	-0.1289225186	-0.0635546107165794	-0.0156209227428122	0.0040391885433359	0.0002440132273369	0.0106874427282264	0.0765298793276087	0.0001142214320691	0.0058568224298983	0.146966489315055	0.0068550455881108	4.699165001507868e-05	0.0215991489815921	-0.0004314226157621	-0.0001034449435824	1.0700856352765916e-08	1.8612547339101257e-07	0.0001796857873568	7.46161162029e-05	3.2286982178033154e-08	5.5675647972046755e-09	-0.0008619613734001	-0.0004369787537588	1.909504312366813e-07	7.429774092337865e-07	0.0
775.3403292278311	0.7247990226484262	601152.6261271216	0.5253336232321139	1066.0881786607715	-2.98829629976467	1136544.004680241	8.92991477518722	801.5092763337765	0.0617662132958685	0.0038150651049107	642417.1200490941	829.5871226229272	728.9788100955723	1.016785	22.377323	0.1407570917972109	0.0749219313610839	0.0517471371	0.1045493792	0.1175111202	-0.0385228466	-0.0690125387	0.016264814	0.026079534	-0.0270516789	-0.1113164314	0.0258751955	0.041984989	0.1294261381	0.0464510412	-0.0512711165	-0.0452477848	-0.1784862387	0.155846416	-0.0845872173	0.1383615335	0.027120312	0.1337159687	0.0893139541	0.1665533884	0.0361944424	-0.1994082151	-7.12429e-05	0.1204140333	-0.0228168424	-0.0834197837	0.0415478334	0.0339608638	-0.1258334436	-0.1270360607	-0.1757029775	0.045074408	0.1003964653	-0.0271976088	0.179218623	-0.0911645496	0.0843096651	0.1538610282	-0.0612517299	0.0100130053	-0.1006180539	-0.0179566329	0.0403724822	-0.0277087878	-0.0186373876	0.0019854451	0.0104738525	-0.0127827734	0.1154447656	-0.0086394445	0.0781750798	0.1632392062	0.0076255864	0.1062751449	-0.0380678261	-0.1045706017	-0.1613169556	0.0171611403	0.1164645154	0.0391000686	0.1062882276	-0.1619813269	0.1046983711	0.1178365197	0.0092828615	-0.0800010753	-0.0182291429	-0.1088409742	0.0960190915	0.0234499419	0.0707518585	0.1137631894	0.1389517977	-0.084934116	0.2049399867	-0.0214969129	0.0486444295	0.0725367838	0.0069403989	0.1419043774	-0.0197320449	0.0898712473	-0.1031659142	-0.0123008092	0.0928485535	-0.0487189792	0.0388049972	-0.013059651	-0.025018035	0.0923860159	0.0458993545	-0.1380272707	-0.0513818841	0.159550392	0.0586661626	-0.064687751	0.0522498159	0.1764402182	0.0272263537	-0.0542919532	0.1118894152	-0.0141864481	-0.0171988091	-0.0446482181	-0.0905620074	-0.0700211025	-0.0779062254	0.0655502019	-0.2258370494	-0.191350315	0.2908437702	0.0113570236	0.1260870125	0.0486014066	0.090084361	-0.0033794295	-0.0948006283	-0.1289225186	-0.068872037209033	-0.0053174264924535	0.0047433575093224	2.827502450264731e-05	-0.0552854615913958	-0.0659729043196222	0.0030564822633737	0.004352424104366	0.133989578595127	-0.0129769107199279	0.0001684002118329	0.0179532071720997	6.613277674964382e-05	0.0004975553925117	2.4756136861751546e-07	4.373544160618231e-09	0.000490982237673	0.0003112964503162	2.410635577103863e-07	9.69054799794664e-08	-0.0005410162109239	0.0003209451624761	1.0300579731687437e-07	2.926985404824539e-07	0.0
775.9873961572238	0.6470669293926221	602156.4389948682	0.4186956111135966	1066.280979522287	0.1928008615154794	1136955.127291008	0.037172172201111	802.4630515929412	0.9537752591646722	0.9096872449946376	643946.9491718553	830.6115696057548	732.2354562719305	0.931983	20.511	0.075694452760706	0.036882676053952	0.0503208383	0.1409389398	0.1231847922	0.0436598851	-0.0472452043	-0.0502277679	0.072935246	0.0173096416	-0.1335787282	0.1525970759	0.118690794	0.1191750892	0.0464583437	0.0030058172	-0.0163534807	-0.0742499485	0.1007157249	-0.0563242772	0.1288496238	-0.0352553038	-0.0268844049	0.1014852953	0.1054178669	-0.0319461208	-0.1406807494	-0.0076432231	-0.0353483542	0.0943919777	0.0569729914	-0.1998485472	0.0630786818	-0.2708084975	0.0051340733	-0.0473597965	-0.1200688951	0.0502952423	-0.0400216884	0.1899627646	-0.1210850929	0.1968953052	-0.0040387151	0.0213809018	0.0489871695	0.1931471235	-0.0459684905	0.0546925886	0.1340573949	-0.0924226568	-0.0112219595	0.0379882172	0.1671256784	-0.1066630193	-0.0018535701	0.0057188638	0.0481158615	0.0599252548	0.1296660153	-0.0347572964	-0.1381886187	-0.0100802174	0.0297670249	0.0876966646	0.0168606062	0.0145201097	-0.2062228011	0.0008203191	0.0310405424	-0.0524309351	-0.0805303757	0.0606087561	-0.1714305697	-0.1329225014	-0.20933702	-0.0308841584	-0.0030400742	-0.0184270429	-0.114015284	0.0666593775	0.2280022177	-0.0382469434	0.0241838085	0.1059322566	0.0417939924	-0.0203598305	0.1460388608	0.0560949895	0.0726707105	0.0496660596	0.0936073442	-0.0056929474	0.024113887	0.1187821056	0.0382014349	0.065860789	-0.1334766633	-0.0301095882	0.0239490985	-0.0627527044	-0.0360778163	0.0507854192	0.1183030518	0.124087227	-0.0460363655	0.0318045354	0.0760354635	0.0092662416	-0.060613976	0.1691492661	0.0602028301	0.1556262854	-0.047069118	-0.1883105168	-0.0595610645	0.0552306231	-0.0162591967	0.0386119324	0.2245474357	0.0876327994	-0.0101290257	-0.1013839798	-0.1275100165	-0.079445608564626	-0.010573571355593	0.0063116047202037	0.0001118004112118	-0.0553655493892222	-8.008779782640169e-05	0.0030653440591704	6.414055360682591e-09	0.1458347315746664	0.0118451529795393	0.0001403076491086	0.021267768933455	-0.0002909548897966	-0.0003570876665462	1.2751160159944142e-07	8.465474789655165e-08	0.0001051253879422	-0.0003858568497308	1.105134718999805e-08	1.488855084841772e-07	-0.0008619845072018	-0.0003209682962778	1.0302064721553777e-07	7.4301729065593e-07	0.0
776.4613534066222	0.4739572493983814	602892.2333340434	0.2246354742572795	1066.097824027005	-0.1831554952821079	1136564.5703951146	0.0335459354520342	802.4039024121006	-0.0591491808405635	0.0034986255941096	643852.0226061678	830.2380014405148	737.9311539475266	0.920318	20.254272	0.1097270028257748	0.0603670281088958	0.044557025	0.0774935171	0.1252823067	0.1248084463	0.0196392687	-0.0323234026	0.0732437644	0.0172115801	-0.06908205	0.2249414494	0.1313613279	0.0510914559	0.0837833655	-0.0742101329	-0.1223545444	0.0519634263	0.0092022993	-0.1207174812	0.2097128626	-0.0521519574	-0.1318098096	0.096331198	0.0630109542	-0.0370828946	0.052464427	-0.0058300695	0.0552376072	-0.0875208589	-0.1329935465	0.053203447	-0.1354638489	-0.0750564342	0.034838921	0.1725430677	0.0273507747	-0.0035042621	0.0339210819	0.0772396988	0.1172567628	-0.1595683617	0.0067187843	-0.0200442476	-0.0474824787	0.0391617683	-0.1845829297	-0.0882943697	-0.1805917329	0.1188453122	0.0605294224	0.0383891163	0.0650815369	-0.0534420182	0.1392209444	-0.0882265696	-0.0278312002	0.107897588	0.1481009839	-0.0558809153	-0.171277627	0.045269017	-0.0384620696	0.0897776727	0.0726381335	-0.0173682253	-0.1259407658	-0.0008094383	0.0229999257	-0.1022069166	-0.0227920253	-0.1936086167	-0.1545936921	0.0277255154	-0.0515455332	0.0843086706	0.0559176597	-0.0281520499	-0.0530197741	-0.0934956718	-0.1667746388	0.0862191219	-0.1108989345	-0.163883554	0.0802908428	0.1086158762	-0.0316828685	0.0951156843	-0.0245922958	-0.0299301166	0.0242359697	0.0494056815	0.0594200961	0.0537432759	-0.1626232936	0.0518761999	-0.1527652316	0.0202763564	0.0334251439	-0.1302932996	-0.0610322523	-0.0340373458	0.1029098733	0.07809954	-0.0791764741	0.0277977801	0.1629383294	0.1502494749	-0.0179934844	0.1466515975	-0.0505466178	0.0610533025	-0.0355569215	-0.1893048143	0.0923706567	0.1263092604	0.172392184	-0.0743070293	0.0484713286	0.0851211787	-0.016850859	-0.1073422654	-0.124700488	-0.0848219266568719	-0.0053763180922458	0.0071947592417837	2.8904796229010557e-05	-0.0100920371559283	0.0452735122332939	0.0001018492139566	0.0020496909099382	0.1376494730543314	-0.0081852585203349	6.699845704471669e-05	0.0189473774321351	0.0004021409452881	0.0006930958350847	4.803818366117577e-07	1.6171733987720665e-07	0.0002777963874103	0.000172670999468	7.717083285821347e-08	2.9815274057312586e-08	-0.001014055952247	-0.0001520714450452	2.3125724398135303e-08	1.02830947428757e-06	0.0
776.0261183042788	-0.435235102343313	602216.5362904066	0.1894295943117941	1062.714980033979	-3.382843993025972	1129363.1287886202	11.443633481151902	801.4033917749504	-1.000510637150228	1.001021535050755	642247.3963483946	828.6487804769707	728.0297039421471	0.933324	20.540525	0.102306224702013	0.0519299268066232	0.0560951654	-0.0295748942	0.0578050687	0.1726276185	0.0661613866	-0.0001254344	0.0214994509	0.0274667787	0.0064098626	0.1846261881	0.1434557454	-0.0465787167	0.0878963284	0.0358068302	-0.0727780748	0.1531641843	-0.0030571089	-0.0435760049	0.1418032158	-0.0914551716	0.0331009352	0.103106387	-0.018281609	0.2586389454	-0.1044886995	-0.2260226157	-0.2349518668	0.0769168171	-0.0068972109	-0.0378827569	0.0892667548	0.017260469	-0.1029486726	0.1608045319	-0.0762986439	0.0104526817	-0.1421821784	-0.0053365155	0.077968172	-0.1542728861	-0.0872341078	-0.0742944813	-0.04760381	-0.1141305793	-0.090856946	-0.0083014432	0.0310566199	0.0638177429	0.1291382138	-0.0244598901	-0.0967632337	0.0335666049	-0.0218411884	0.0079570867	0.0003686863	-0.141724767	0.0300927124	-0.0213156828	-0.1566737462	0.0264659548	-0.1506771858	0.0900937369	0.143621422	0.0826161455	-0.1084471569	-0.1127085831	0.0757007258	0.0828501961	0.1973936032	0.1094477071	-0.054804196	0.032394046	-0.0470507154	-0.0535913375	-0.0487891601	-0.0378833299	-0.0281031701	-0.207152024	-0.0429794667	0.1273646987	0.069701924	0.1449089131	-0.1644858985	0.1150646608	-0.1086691783	0.0516419312	-0.2218383166	-0.0435685663	-0.0789367917	-0.162634801	0.084769541	-0.1661811047	0.0557853019	0.0490068893	-0.089796095	0.1547496845	0.0086217551	-0.1385652984	-0.0731448765	-0.0921198284	0.0372142023	-0.0243115317	-0.0828168007	-0.0189642745	0.1829503417	0.0054754939	-0.1002741444	0.0263864093	-0.1121704597	-0.1489066233	-0.0422434257	0.0483041632	0.2232151742	0.0137361434	0.0858187818	0.0019603549	-0.2140230868	0.0825512202	-0.0235265052	-0.1126387502	-0.1205247148	-0.1061495518488726	-0.0213276251920007	0.0112677273577164	0.0004548675963304	-0.0481231945128115	-0.0380311573568832	0.0023158418501178	0.001446368929904	0.1391778401835992	0.0015283671292677	2.3359060818262767e-06	0.0193704711981714	9.888392585077367e-05	-0.0003032570194373	9.196481983801093e-08	9.778030791661306e-09	0.0006689433752844	0.0003911469878741	4.474852393368856e-07	1.5299596612298133e-07	-0.0011480334454128	-0.0001339774931658	1.7949968674991998e-08	1.3179807917863846e-06	0.0
776.4659787894104	0.4398604851315895	602899.4162173972	0.1934772463801972	1067.4813419150437	4.766361881064768	1139516.4153367423	22.71820558126727	803.3856987040457	1.98230692909533	3.929540761139357	645428.5808821877	831.396129237989	733.9652971777472	0.999415	21.995043	0.0749242972556084	0.0420350556251064	0.0499667209	-0.1572622818	0.0795158281	0.0453848912	0.1146037425	-0.064011333	-0.1351940655	0.0829395788	0.020699817	0.1060017485	0.0832600333	-0.0188501697	0.0364373304	0.1215607643	0.0373269944	0.2248979128	0.0339042877	-0.0251029952	0.0238088115	-0.2241395812	0.0150063577	-0.0755631876	0.050429642	-0.0220580707	0.0095070153	-0.2010682589	0.0218314824	0.1443905314	0.1311505897	-0.002889706	0.1087748062	-0.018136296	0.0112087168	-0.1344448235	0.0004605304	-0.1675532384	-0.0191872392	-0.1335202958	0.1096347068	-0.037352331	-0.0507226743	0.1872284339	0.0318051148	-0.174865902	-0.0887123833	-0.077877463	-0.0386841416	0.0526901028	-0.0642496143	0.000614986	-0.0447117192	-0.0802476106	0.0189569649	0.1699729089	0.054188807	0.0640470448	-0.1399728366	-0.0302278199	-0.1644991974	-0.0038531358	-0.0036982326	-0.0185936104	0.1580758428	-0.1356676976	-0.0840508613	-0.1624207731	-0.0401209014	0.1047584655	0.0188122198	0.1410110346	0.0757972566	-0.1074348783	0.1066704253	-0.0003303623	-0.0114709541	0.0148528877	0.0541417536	0.0795913363	-0.0087430562	-0.0901156039	-0.0343469643	-0.0820781927	-0.209267049	0.1012260242	0.0212326556	-0.0207281588	0.0571601351	-0.0047475713	-0.0205813291	-0.0541692169	-0.1104536976	-0.2191822407	-0.1563641332	0.0411230197	-0.0308237435	0.1997373509	-0.0227020108	-0.0799649969	-0.1234959113	-0.0710671533	-0.0162177356	0.0397853404	0.0182566239	0.0439900272	0.1368088751	-0.0877253044	-0.0819325784	-0.0474080309	-0.153931627	-0.135684672	0.0547705619	0.1077199927	0.0798419081	-0.0647972205	-0.0640183061	-0.118852495	-0.1150274855	0.0799246852	-0.0301376669	-0.1172407796	-0.1150284477	-0.1028297986242279	0.0033197532246447	0.0105739674850992	1.1020761472538886e-05	-0.0256416694311383	0.0224815250816732	0.0006574952112157	0.0005054189699979	0.1592703225987861	0.0200924824151869	0.0004037078496045	0.0253670356607213	-0.0004310948495677	-0.0005299787754184	2.808775023940651e-07	1.8584276932379795e-07	0.0006872548428151	1.831146753070005e-05	4.72319218972808e-07	3.3530984312788207e-10	-0.0011803539331457	-3.232048773289982e-05	1.0446139272925275e-09	1.3932354074925237e-06	0.0
776.484297496937	0.0183187075265323	602927.8642593117	0.0003355750454426	1073.004424630779	5.523082715735427	1151338.4952772292	30.50444268485542	803.9058564651845	0.520157761138762	0.2705640964728893	646264.6260590218	832.4953391980044	744.7528321750171	0.984444	21.665565	0.0296773703350856	0.0155304694108197	0.0449827203	-0.0758065723	0.0005292605	-0.118566017	0.1465979573	-0.062383322	-0.0964297085	0.0802687389	-0.0784444139	0.1098119745	0.0985810025	0.0173323662	-0.123456579	-0.0345708602	-0.008258425	0.2485787117	0.053870775	-0.0494597522	0.0885936416	-0.1497440647	0.0795983826	-0.2165415001	0.0146413689	-0.0867908655	0.0005065711	-0.0695875253	0.0347496922	0.0846895487	0.0982184032	0.1215145516	-0.0264040486	-0.0961055878	-0.1874115869	-0.0343315543	0.2212451941	0.0726185199	-0.1211427776	0.0892864379	0.0284054696	-0.1993097816	-0.012983168	0.1678899732	0.0093395284	0.0558749041	0.0465941613	0.0388907527	0.0647206978	0.0179764831	0.0967426585	0.0105656436	-0.0998989401	-0.0568988282	-0.0473913001	-0.1008945709	-0.0220690812	0.2203041119	-0.0673259756	-0.0360952204	-0.1677834313	-0.1067205032	0.0109124281	-0.1348089584	0.041762408	-0.1565619699	-0.0466780409	-0.0669134948	-0.1079722422	0.0669095826	-0.0239311609	0.0582777962	0.0064868003	0.0598189397	0.0007675304	-0.1314666519	-0.1468230114	0.1284706528	0.0061742601	0.1464415269	-0.1776159327	0.0463076007	-0.0057726517	-0.1319047152	0.1741371234	0.1037070952	-0.165377113	-0.0060849788	-0.1239076335	-0.1066602563	0.1566172256	-0.0214407778	-0.1131970682	0.0943126124	-0.097943129	0.0450386175	-0.068764707	0.1256159833	-0.0709839408	0.1168106134	-0.1059816132	-0.1040485315	-0.0250336651	0.0402297432	0.0585216345	-0.0303036774	0.1231886613	-0.0133088364	0.1317900155	0.0291918024	0.0930112473	-0.100276199	0.1092071556	0.05256391	-0.014831067	-0.010670734	-0.1453286183	-0.0663294481	-0.0307522453	0.0772433738	-0.0366662233	-0.1211199807	-0.1082719048	-0.09086638649201	0.0119634121322179	0.0082567001941153	0.0001431232298452	-0.0192132346289639	0.0064284348021744	0.0003691483849076	4.132477400580702e-05	0.1592793627703344	9.040171548291289e-06	8.172470162253529e-11	0.0253699154045237	-0.0005780676789268	-0.0001469728293591	2.1601012569819124e-08	3.34162241419818e-07	0.000687364004781	1.0916196589998325e-07	4.724692750685746e-07	1.1916334799149103e-14	-0.0012588016064036	-7.84476732579001e-05	6.154037439578255e-09	1.584581484284284e-06	0.0
773.975360924996	-2.5089365719409216	599037.8593189779	6.294762722022663	1062.0050550486944	-10.999369582084682	1127854.7369489805	120.98613120328976	801.3237832603386	-2.582073204845869	6.667102035183019	642119.805618662	828.1630247161528	720.2906059116215	1.045613	23.011757	0.0763931794407313	0.0440724104688161	0.0425168118	0.0906471318	-0.0901772693	-0.1033668003	-0.0289444802	0.020103673	0.064172202	-0.0239152437	-0.0792932799	-0.1064532379	0.1844413603	-0.0443261809	-0.1116872554	-0.0723091513	0.0073784087	0.0700153153	0.0360885834	-0.040052971	0.1394958752	-0.015867071	0.1030463428	-0.0482937857	-0.124673744	-0.0972207296	0.0063106578	0.0175953319	0.0777830355	0.1774927633	0.0860758888	-0.2362752569	-0.0545818728	0.0140697534	0.1006193536	0.0221556503	0.022768579	0.0448882496	-0.0853499341	-0.0763092229	-0.0472632704	-0.0089364937	-0.0968561604	-0.0176090469	0.0729891916	-0.0462347817	0.1696369727	0.0722337037	-0.1938462638	-0.1846719811	-0.1085967848	-0.1143238262	0.1496974153	0.183088214	0.1302791228	-0.0429258722	0.0392364398	-0.0455488939	0.077245271	0.0247662088	-0.1412727369	-0.142084396	-0.0539130982	-0.0866721642	-0.1017413351	-0.0017328468	-0.0633069154	0.0305232997	-0.0658558978	-0.015331684	0.0061575755	0.2220573634	0.2217695874	0.0945993931	-0.1226539148	-0.0676903322	0.0128495736	-0.0411932166	-0.0704016496	0.0034141742	0.1145682805	-0.0024756777	0.009763885	0.016024343	-0.1508411678	-0.0664313921	0.0217239818	0.0030156789	0.0599039381	-0.1836861369	-0.0579783762	0.1394033665	-0.0483779382	0.2125293665	0.0394416903	0.0341730177	-0.1435560517	-0.0112895637	0.0336924663	0.1389663427	0.0206504418	-0.0457852124	-0.0159967443	0.0307795068	-0.0819519543	-0.0410510284	0.1733106691	-0.0484769365	-0.0207217607	-0.0257966455	-0.0133446346	-0.0130998618	-0.1152172481	0.1497749317	-0.0164730306	-0.0309878516	-0.0857771617	0.0645393852	0.0335833499	0.0745091236	-0.0430942802	-0.1242524367	-0.1003291122	-0.0857352433997107	0.0051311430922992	0.0073505319608076	2.63286294336508e-05	-0.0553233863898157	-0.0361101517608518	0.0030606770816368	0.0013039430601917	0.1592985668405546	1.920407022021342e-05	3.6879631302288787e-10	0.0253760333974546	-0.000431371479677	0.0001466961992498	2.1519774874337025e-08	1.8608135347872446e-07	0.0002192525721411	-0.0004681114326399	4.8071690390488266e-08	2.191283133681797e-07	-0.0011709556279461	8.784597845749994e-05	7.716915931155545e-09	1.3711370826186457e-06	0.0
774.4460336592138	0.4706727342177146	599766.659050488	0.2215328227359794	1062.6867289782658	0.6816739295713887	1129303.0839465265	0.4646793462572986	801.3629211262001	0.0391378658615622	0.0015317725441976	642182.5313559165	829.4993783617214	727.0729075451871	0.97028	21.353842	0.0372228426425695	0.0249296508788022	0.0592345315	0.1695857413	0.0488968722	-0.0362593732	-0.0825273409	0.0466790916	0.0998599709	-0.0554756629	-0.1207753396	-0.1127240385	0.130558607	0.0655074599	0.0784640921	-0.000460118	-0.0503457595	0.1173204919	0.0655618626	-0.0155417673	0.1508195472	0.0050935185	-0.0332929069	-0.0384207685	0.0435450688	0.0118924663	-0.1262974047	0.0566898127	-0.1497985381	-0.0229497537	-0.0178657116	-0.0677440508	-0.0152035245	0.1662167123	0.1237553063	-0.0811024344	0.0607983477	0.0630750703	0.1055254819	-0.0686477229	0.0758130296	0.0534261433	-0.0619617086	0.1840504247	-0.1131869494	0.0225374863	0.103290419	0.0733889066	0.0437258386	0.0752920983	0.1233804591	-0.0731804267	0.1414434837	0.1325441708	0.1172894601	0.0984406214	-0.0278653241	-0.0668544211	0.1472056152	0.0267904882	-0.1275886301	-0.0170217376	0.1036047973	-0.0774205398	-0.0521449365	0.1240876088	0.0309997365	-0.0582230949	0.0327664355	0.0708383059	0.1522143036	-0.0021442035	0.0701628482	-0.1647196793	0.0154793983	-0.0409055102	0.0910930505	-0.1693712876	0.017577436	0.1128221893	-0.0095487828	0.063709621	0.0662167375	-0.0796619326	-0.1141483979	0.0489953647	-0.0553434247	-0.1556755358	0.1548396235	-0.0493211923	0.0003563441	-0.0549435198	-0.037244372	0.1324629888	-0.0193688031	0.0514320204	-0.1492519958	-0.0295486834	0.0642430584	0.0024740705	0.0805223965	0.0412793167	-0.0273254387	0.0741696629	-0.0983039264	-0.0183674609	0.1134627538	-0.1070088633	0.0644801513	-0.0585857577	0.1265350976	-0.0046849317	0.1139651542	0.1854436304	0.0337279133	-0.1512583128	-0.185603884	0.0861392483	0.0837185462	0.0717238087	-0.0494042187	-0.1266188352	-0.0912870929	-0.0959572185634698	-0.010221975163759	0.0092077877944375	0.0001044887762485	-0.0512039772799113	0.0041194091099044	0.0026218472892816	1.6969531414763383e-05	0.1816798337994356	0.022381266958881	0.0005009211106846	0.0330075620093905	-0.0004313730689698	-1.5892928000114243e-09	2.525851604168153e-18	1.8608272463242385e-07	0.000219250849498	-1.722643099997742e-09	4.8070935005594656e-08	2.9674992499698313e-18	-0.0011609551116815	1.0000516264600108e-05	1.0001032555853127e-10	1.347816771339404e-06	0.0
774.6638718448412	0.2178381856274427	600104.1143416405	0.0474534751174561	1069.615660645646	6.928931667380084	1144077.6614984216	48.01009405122255	801.7471846305833	0.3842635043831706	0.1476584408008349	642798.5480630667	830.462016768957	730.2319635428466	0.99404	21.876755	0.0662724740269856	0.0366633058226632	0.0592947342	0.0784590163	0.1161528118	0.105501399	-0.0243669435	0.0503520509	0.0778613613	-0.0191764885	-0.1049326903	0.1064251582	-0.04240761	0.0752389665	0.0528578353	0.0297224604	0.0544558578	-0.0067953199	-0.2367248247	-0.0197885847	0.1329064419	0.0077362974	-0.112735215	-0.1250334818	0.1169924937	0.1245660384	-0.0832173935	0.1270582107	0.0764180245	0.0207834552	0.0348655151	-0.0090294761	0.0043954128	0.0731614344	-0.0949699434	0.2520799698	-0.0187292811	-0.0202019069	0.1040473533	-0.0776181117	-0.045631645	0.1132393247	0.0605189064	0.035766737	0.0531182544	0.1058009281	-0.0076015253	0.021761718	0.0727461261	0.0589380999	-0.1068304615	0.0428695076	-0.1418291963	-0.0720212119	0.1243423238	-0.0616217005	0.2052699324	-0.1207058199	0.1168806518	0.0062357127	-0.1147676712	0.1017171319	0.0851214546	-0.1009937935	0.1387918895	0.1202122944	0.0449917938	-0.0177747076	0.0012025074	-0.051171286	0.0422898228	0.0535389871	0.038045262	0.042244431	0.1562792189	-0.0576772762	-0.256415093	0.1138892534	0.0691335096	-0.1674063193	-0.0196897055	-0.054629429	-0.0282528127	-0.0870779053	0.0603703098	0.026721888	0.2323150723	0.0377075917	0.0171796703	0.0065634247	0.1594231504	0.0591611885	-0.0406161118	0.0976832413	0.0285710926	0.0529911182	-0.1217474811	-0.0096353019	0.060684389	-0.1397554382	0.0018025266	-0.0208592486	-0.1378733733	0.0208038784	-0.0462103109	0.0345203942	0.0847503025	-0.1157800355	-0.0316830223	-0.0979512621	0.0039528119	0.1573125255	-0.0074070248	0.1048242109	-0.0360892424	0.0466789123	0.0138008947	-0.0096020469	-0.0289153131	0.0688893378	-0.0555787436	-0.1282045865	-0.0812449131	-0.1019862440914209	-0.0060290255279511	0.0104011939838748	3.634914881668612e-05	-0.0581774932917511	-0.0069735160118397	0.0033846207257117	4.862992556738606e-05	0.2158953612543754	0.0342155274549397	0.0011707023190197	0.0466108070111572	-0.0003592353480794	7.21377208904e-05	5.203850775261253e-09	1.2905003530972768e-07	0.0004152292805692	0.0001959784310712	1.7241535544201542e-07	3.8407545445129094e-08	-0.001273927060365	-0.0001129719486834	1.2762661189347342e-08	1.62289015513021e-06	0.0
773.0835266661876	-1.5803451786536016	597658.13920263	2.497490883693684	1058.9527022130958	-10.662958432550113	1121380.8255244177	113.69868253429156	801.8557687394308	0.1085841088474808	0.0117905086942015	642972.6738607035	828.5662939901756	716.6938213901119	1.044247	22.981697	0.0676603766129617	0.0349925835420532	0.0829962229	-0.0783106876	-0.0439036004	0.127057577	0.0560768125	0.1451893874	-0.0025461726	0.0601101043	0.0671233024	0.0804378364	0.1000150514	-0.0331862877	0.0492189296	0.0903999294	0.0381585269	-0.162169501	-0.2160950982	0.0036797092	0.0001235115	-0.0040085314	-0.1090780372	-0.1744727866	-0.064632204	0.0825999576	-0.0254770056	0.0169919048	0.000529557	-0.0094887829	-0.1847395581	-0.0267120326	-0.1632194014	0.1194007858	-0.1704615972	-0.025519451	-0.0515584493	0.0874689997	0.1191914997	-0.0766346297	-0.0582204637	0.1168109158	-0.0886347706	0.083850117	0.0301016744	-0.1476004587	-0.1288974333	-0.0526866127	0.1204868276	-0.0723311195	-0.016062876	-0.1465083591	-0.0527221785	-0.093009818	-0.0602339682	-0.1125743516	-0.0100524459	-0.1318503189	-0.0267474717	0.0063989576	-0.0377307463	0.136989869	-0.1158905116	-0.1788884165	0.0661107699	0.0937936976	0.0499619786	0.0383030414	-0.0294899366	-0.084472895	0.1321620482	0.0167385338	0.0053190559	0.0304144221	0.1186944093	0.1450618991	-0.0865670174	0.0191107365	0.0129577256	0.1022869099	0.0856171684	0.1109651998	0.053587465	-0.0042638343	0.0994164009	0.0542807786	0.064412685	-0.064379993	0.0430228866	-0.1254124768	-0.0719490923	0.0855540918	0.0497655152	-0.0628706397	-0.0507612213	0.0633455337	-0.0405245725	0.0860223137	-0.0681742973	-0.0605583452	0.0538097356	-0.0769991012	-0.2013958519	-0.068476186	0.011145281	0.0861332587	-0.0024199691	-0.094701679	-0.1162896553	-0.0084901015	0.2222597226	0.0737608507	-0.0585145277	0.1021595852	0.0060595568	-0.0976143996	0.1000279001	0.0065433862	-0.0443580245	0.0660076536	-0.0616009311	-0.1289999139	-0.0703125971	-0.1077397222800016	-0.0057534781885806	0.0116078477569718	3.310251126647384e-05	-0.0510245140760616	0.0071529792156894	0.0026035010366982	5.116511166008594e-05	0.242143389954812	0.0262480287004366	0.0006889590106589	0.0586334212988081	-0.0005048401495713	-0.0001456048014919	2.120075821749561e-08	2.5486357661917256e-07	0.000349230998591	-6.599828197820001e-05	1.2196229037686704e-07	4.3557732240740014e-09	-0.00091541233367	0.0003585147266949	1.2853280925719046e-07	8.379797406351555e-07	0.0
773.259248959166	0.1757222929784347	597929.8661008935	0.0308783242495988	1060.0205418138198	1.067839600724028	1123643.5490672642	1.1402814128744516	801.0531567895988	-0.8026119498319986	0.6441859420131226	641686.1600025815	828.2141657136056	715.2443827208098	0.9750700000000002	21.459251	0.0416400910498457	0.0187109037766967	0.1040521325	-0.1071874677	-0.1347856902	0.0126627125	-0.1251409057	0.1104246405	-0.0538012371	0.0405132217	-0.0339653397	-0.0678395047	0.0493089196	-0.0970140518	0.1005983789	0.1145496914	0.1538111982	-0.2610692001	-0.1787404623	-0.0025829444	-0.0708322125	-0.0813573719	-0.1316119952	-0.0367311854	-0.062806885	-0.0443247923	-0.071266789	0.2210601635	-0.1606846881	-0.153631345	0.0867558274	0.0204899014	-0.0372903444	0.1239752405	0.0179001865	0.0243645202	0.0180458011	-0.1272216847	-0.2385715736	0.1635340574	0.0475273466	0.1294049836	0.0112639103	-0.0778993984	-0.0008667138	-0.0211623155	0.0811819831	-0.1174583907	0.0602228417	-0.1441384672	0.0101376147	0.0585002957	-0.1395462777	-0.0818614534	0.029970099	0.0314370114	-0.013017527	-0.111169113	-0.1103667333	-0.0077078922	-0.0388657773	0.1588800812	-0.0088861924	-0.1440123377	-0.1429910368	0.145010907	0.0110779927	0.0503009178	0.1669148755	-0.0607918945	-0.1440162994	-0.1925811002	-0.0772363151	0.1004991928	-0.0611158656	-0.119726485	-0.0397610444	-0.0450917477	0.2566341321	-0.0029917738	0.0685024566	0.0450888697	-0.0891354925	0.0524281902	-0.1636102201	-0.0247308146	0.0443434608	-0.1304646389	0.0058377539	0.1148788961	0.0925756845	0.0370061177	-0.0255551852	-0.0406352391	-0.1024242157	0.0589663867	-0.011748081	0.0944142838	-0.0171894764	-0.0101088854	0.1473253509	0.0660793008	-0.1985570958	-0.0059873147	0.0797284984	0.0512356027	-0.0911491145	-0.0469463676	0.1042071744	-0.1815300891	0.0667223528	0.0688005618	-0.0737395052	-0.132805084	-0.1442038109	-0.138287384	0.0761105618	-0.0133539276	0.1094863972	0.063080731	-0.0674542747	-0.1289999139	-0.0586099215	-0.1186398791059559	-0.0109001568259543	0.0140754209142758	0.0001188134188303	-0.0551879568107125	-0.0041634427346508	0.003045710576941	1.7334255404717355e-05	0.2504199905187576	0.0082766005639455	6.850211689510429e-05	0.0627101716514146	-0.0004313819391651	7.345821040619999e-05	5.396108676081549e-09	1.860903774378421e-07	0.000219233046766	-0.000129997951825	4.806312879430315e-08	1.689946747869502e-08	-0.0010779539899447	-0.0001625416562746	2.6419790024522706e-08	1.1619848044376983e-06	0.0
775.0419540960827	1.782705136916661	600690.0306090744	3.1780376051890515	1067.0282064638182	7.007664649998333	1138549.1933893925	49.10736384683625	802.4166915429513	1.3635347533524964	1.8592270236000528	643872.5468667358	830.3507105080905	734.4738549409328	1.005213	22.122652	0.0533780954309305	0.025002289357284	0.0985508382	-0.1326854243	0.0970902175	-0.0539894126	-0.0707291372	-0.0259710937	-0.1396486157	0.0678802002	-0.0360003807	-0.0383253694	-0.0401481077	0.0075538894	0.0081267058	0.1350046691	0.0871041377	-0.1833437718	-0.157656125	-0.0014669045	-0.0832615583	-0.0689043561	-0.0259876905	-0.1480057279	0.1422642366	0.0186242166	0.0360025543	0.2132492757	-0.171421928	-0.0207187994	0.0327605503	0.0722061813	0.0732420588	0.0808488338	0.1362976646	-0.1226900685	0.0633167726	-0.0829060042	0.1284160237	0.0563657806	0.2240319729	0.0957693432	0.0518778523	0.0072784115	0.0816212293	0.076762791	0.1513474166	-0.0580621919	0.1293128346	0.1222475869	-0.0009107022	0.0045339613	0.0382240301	-0.1495720248	-0.0139026338	0.0756256909	0.0525775463	-0.1494388208	-0.1524571872	-0.0283378338	0.0068548951	0.0540066396	0.1063072227	-0.145808274	0.0767053813	0.0639408814	-0.0048923009	0.201343819	0.1862940583	-0.0085303858	0.0628171946	-0.2099106226	-0.004477955	-0.1922648288	0.0554933834	-0.0773162582	-0.082953925	-0.0705871791	0.1320648133	0.0356522418	0.0012626358	-0.1970987067	-0.0704489172	0.0225490563	0.0580252716	-0.0624833358	0.0132711903	-0.1239586403	-0.0642002001	-0.1296644883	-0.0073016338	-0.032877647	-0.0463209702	-0.0301039277	0.2007394823	0.0782893928	0.0257644249	0.1425501569	0.0145399404	-0.008996233	-0.0467286749	0.1536002879	-0.2580497541	0.0381757834	0.1085665446	-0.0811128952	-0.1175802901	-0.0318883749	-0.0117905097	-0.1163422736	0.1371684109	0.0654867034	0.0196147119	-0.1275422184	0.0448371011	-0.0177772368	0.0294298994	0.0788496326	0.0243749516	0.0601105761	-0.0731227308	-0.1282045865	-0.0462651033	-0.1165220260183161	0.0021178530876398	0.0135773825474131	4.485301700825439e-06	-0.0607667415408457	-0.0055787847301332	0.0036925968774919	3.112283906516737e-05	0.2669803945434594	0.0165604040247018	0.0002742469814613	0.0712785310705812	-9.982541546398526e-05	0.0003315565237011	1.099297284087679e-07	9.965113572557267e-09	0.0002740637103699	5.483066360390001e-05	7.511091734171644e-08	3.006401671244045e-09	-0.0012739878744088	-0.0001960338844641	3.8429283858084114e-08	1.6230451041406525e-06	0.0
775.5255530752393	0.483598979156568	601439.8834726558	0.2338679726412747	1067.8787210542862	0.8505145904680376	1140364.962880538	0.7233750685990137	803.5404489479679	1.1237574050165904	1.262830705329621	645677.2530955018	830.5666883115086	736.675561860517	0.968123	21.30637	0.0705542246293272	0.0380795932517813	0.0667760994	-0.02892203	0.101234184	-0.1006863784	0.1420869494	-0.0671783919	-0.0707422936	0.1115086874	-0.0123153707	0.0389336268	-0.031017092	0.1146926531	-0.1820356323	0.0341637827	0.1765912074	-0.1635272669	-0.0381572711	-0.0123659478	-0.0694022036	0.0162217302	-0.0109859707	-0.2962088926	0.0953005438	-0.0224248253	0.0557827617	-0.0059846301	-0.0945384068	-0.1044505204	-0.0082053184	0.0686993674	-0.0222425754	-0.1485010099	0.1938819764	-0.0073006019	0.0220869192	0.1328305438	-0.1576987518	-0.1383525581	-0.1019306272	0.010475098	0.0883783393	-0.0965994355	-0.1058824717	0.1769448696	-0.0856531175	0.0947058816	-0.1746378674	0.0294856658	-0.011956247	0.0255492005	-0.1342698706	-0.0042883457	-0.045147684	0.077953692	0.0202537588	-0.0206947166	-0.0639598372	-0.0281455988	0.0624727383	-0.0457764436	0.0648888053	-0.2565770378	0.1247891594	-0.041807058	-0.017959165	0.1754280485	0.0379335902	0.0498368889	-0.0235845053	-0.0418934116	-0.083020958	0.1664897423	0.0911834533	-0.1384663108	0.0152097342	-0.1756408353	-0.1104441171	0.0759718839	0.005710618	-0.0237226237	0.1424215256	0.122177649	-0.0695851328	-0.0075556532	0.0035726122	0.1225521653	0.0969559006	0.0726899728	0.1295913938	-0.0265104435	0.0307840857	0.0362217945	0.0123801181	0.0843700031	-0.0223000361	0.0379370553	-0.0108014706	0.0112198003	-0.1501732569	0.0312106181	-0.2358212823	0.0016072766	0.0442000184	-0.0476848349	-0.1346935749	0.1420497982	0.1130130554	-0.0701511972	0.0746204121	0.054142938	-0.0798370614	-0.069361484	0.0275992693	0.0103289608	-0.0779169873	0.1611211113	-0.1114603063	0.0570992244	-0.0785907625	-0.1266188352	-0.033413395	-0.1121150762607499	0.0044069497575661	0.0125697903249537	1.942120616571277e-05	-0.0736058125102232	-0.0128390709693775	0.0054178156352901	0.0001648417433567	0.2952767991724272	0.0282964046289678	0.0008006865149262	0.0871883881295139	-0.0004313309191873	-0.0003315055037233	1.0989589899884865e-07	1.8604636184696117e-07	0.0002992444124467	2.518070207679999e-05	8.95472183805707e-08	6.340677570805592e-10	-0.0011304380947406	0.0001435497796682	2.0606539242788762e-08	1.2778902860407575e-06	0.0
774.1544426437832	-1.3711104314560316	599315.1010651067	1.8799438152475447	1061.753660855228	-6.125060199058225	1127320.8363394784	37.51636244208719	801.6734326794237	-1.8670162685441485	3.4857497470085157	642680.2926640105	828.4582813535576	726.284918387015	0.970614	21.361193	0.0476333268963407	0.0311813238146754	0.0709464881	0.1269261777	-0.0938072126	-0.0838696632	0.1263472175	-0.0097231204	0.0995010883	0.052293715	-0.037656442	-0.0905447318	0.0267071828	0.0315208803	-0.1887953214	0.1528230675	0.1108654086	-0.1090698576	-0.1304775357	-0.0533524429	0.0525503116	0.1017367092	-0.0314568204	-0.1613934166	-0.124075381	0.0026136187	-0.0689178745	0.0167412794	-0.0993436418	-0.0022154136	-0.0189052972	0.1175473338	0.050491785	0.0682068652	-0.0450680705	-0.0370310075	0.0427235267	0.0363953138	-0.0416531309	0.0204619173	-0.1754263622	0.0411333805	0.0037031328	-0.1894130376	0.1267693452	-0.0435393836	-0.0523540985	0.0403459811	0.0129305524	0.0779621783	0.1146143603	0.0031892616	-0.0533874998	0.0485987892	-0.074820419	-0.1198234789	-0.0111427482	-0.0656545219	0.0927992524	-0.0195975979	0.0563797934	-0.0197718924	-0.0513541606	-0.216750267	-0.0460422444	-0.0293359824	0.1859009816	0.0407753649	0.0825345312	0.1552912297	0.0914614757	0.0459686014	-0.1340945454	0.0966983707	-0.0121992119	0.1075073188	-0.0861547387	0.0473471061	-0.0070207272	-0.0042421693	0.0478984244	-0.0166496277	0.0310429895	0.0739355987	0.0543551419	-0.1313041202	-0.0327257433	-0.0624264173	-0.2008309528	-0.0117690285	-0.063909622	-0.0847558184	0.010360551	-0.0736342175	0.1095692038	0.0740598307	-0.0771038644	-0.0514473286	-0.0260505941	0.1348599499	-0.0091101909	-0.0335925688	-0.2269674388	-0.0900588471	-0.0274575175	-0.1072535128	-0.1186849594	0.1670121441	-0.0766351308	0.0515729532	0.1020573211	0.1577482157	0.0322128711	-0.0831428856	0.1109242161	-0.0780581468	-0.0181285549	0.1017368286	-0.054262517	0.0540487397	-0.0838433825	-0.1242524367	-0.0201956026	-0.108559930757309	0.0035551455034408	0.0117852585660317	1.263905955063602e-05	-0.0736260588153072	-2.024630508400127e-05	0.005420796536675	4.0991286955445565e-10	0.2769522974967273	-0.0183245016756999	0.0003357873616627	0.0767025750887157	1.0649178199218349e-05	0.0004419800973865	1.9534640648579626e-07	1.1340499631870736e-10	0.0002759944784602	-2.324993398649999e-05	7.61729521405178e-08	5.405594303766074e-10	-0.0010809994578713	4.943863686930009e-05	2.4441788154945183e-09	1.1685598279180444e-06	0.0
773.3040656254077	-0.850377018375525	597999.1779127849	0.723141073381248	1065.4850137788956	3.7313529236676	1135258.314587413	13.922994640962749	800.5549891545222	-1.1184435249015223	1.2509159183941423	640888.2906601971	828.9796929722397	729.1387489235794	1.040455	22.898235	0.089842476675662	0.0444134305201662	0.0007357206	0.1334389037	-0.0436947819	-0.0704591569	-0.0946867102	0.0505484154	0.1124353133	-0.0792774928	-0.1481517238	-0.1391643769	-0.0750735565	-0.0181295782	0.0007283282	0.0826260183	0.0379071729	-0.0788303642	-0.0523656679	0.0678212364	0.0870044651	0.1695305905	-0.0356685946	-0.0154022699	-0.1680874878	0.0275556431	-0.1771891877	0.0958158046	0.0834558631	0.0905294077	-0.1677542575	-0.0163149419	0.1340960611	0.0632404109	0.1920957227	0.0659413113	-0.0091845774	-0.0078593806	0.0478118023	0.0534802194	0.0170472523	-0.0014529607	0.1073729583	0.0291609506	-0.0342338069	-0.0490881851	0.0070024054	0.1092940216	-0.1249962743	0.0003116624	-0.0584391661	-0.0532957226	-0.0157472946	-0.1151966483	-0.0685896081	-0.0144180922	-0.1362666865	0.0459135869	0.127570961	0.0760364873	0.0087034427	0.0173545238	0.096673963	-0.1057412118	-0.1397466963	0.1451495529	0.1199664427	-0.0249129568	0.1092593892	-0.0734150858	-0.0441546176	0.0244122613	-0.0194680874	0.0104784092	0.1296320149	0.1282315155	0.0879335183	0.0671136344	-0.0558439289	-0.1772217331	-0.0880369189	-0.2638529969	0.0051208328	-0.1251443988	-0.0881731944	-0.0080739282	-0.1106232982	-0.0028086895	0.0853249796	-0.1332505738	-0.0744514898	-0.1176737273	0.1013479869	0.013517532	-0.0671261479	0.0064951362	-0.0985072967	-0.1074586259	0.0937429501	0.0712507042	0.0782739895	0.037860891	-0.1012821162	0.037066224	-0.0706470523	0.0078978746	-0.1252660401	0.1031101072	0.2023181476	-0.0746501024	0.1254363612	0.1018351244	-0.2059763642	0.0102860209	-0.017881188	-0.028568129	-0.0670686399	-0.1816068949	-0.0666874648	0.0509612127	-0.0888661936	-0.1211199807	-0.0067565429	-0.1018957143256926	0.0066642164316164	0.0103827365979431	4.441178064742616e-05	-0.0598684728504537	0.0137575859648535	0.0035842340414455	0.0001892711715803	0.2546383160769423	-0.0223139814197849	0.0004979137668025	0.0648406720145007	0.000591020457655	0.0005803712794557	3.36830822017141e-07	3.4930518136672565e-07	4.2218368592639166e-05	-0.0002337761098675	1.782390646623941e-09	5.4651269544809885e-08	-0.0009530129900065	0.0001279864678647	1.6380535956507463e-08	9.082337591211292e-07	0.0
773.183303876995	-0.1207617484127467	597812.4213941455	0.0145833998797035	1062.2164059991703	-3.268607779725244	1128303.6931737943	10.683796817680388	799.9869359379804	-0.5680532165417844	0.3226844568234674	639979.0976714384	827.5608404448807	729.8419862867476	1.067819	23.500471	0.1124039731898171	0.0564932311052994	-0.0830482664	0.0885109941	0.0622339039	0.0838300759	-0.0005401637	0.0555613622	0.0392705144	-0.1113743998	-0.0320940465	0.0619811672	0.0208678543	0.0760760839	0.072662223	-0.1282076296	0.1219531214	-0.0189119199	-0.0221516825	0.1161227357	0.0204852878	-0.0283290856	-0.0656195633	-0.0600575736	-0.0392856278	0.0991645374	0.0425041672	0.0900059835	0.1166013532	-0.2930607752	-0.0359488329	-0.0923400476	-0.0731860891	0.0493856892	-0.0586897793	0.072281319	0.0648296613	-0.0734045369	0.1016622006	0.0526540199	-0.0965068004	0.0167620586	0.0164981303	-0.0366883823	-0.0830954095	-0.0481749687	0.1181171655	0.0537274101	-0.0221036232	0.022866874	0.0172711864	-0.0742835358	0.0583416472	0.1035293394	-0.029902412	0.0554639308	0.1352994975	0.0795283058	0.0807478989	0.1049538717	-0.0059968495	0.1267620301	0.0105983115	-0.0794887533	0.0326730559	0.1698385053	0.087846815	-0.0212724192	-0.2520113907	-0.1590155196	-0.0942280644	-0.1623295087	-0.0279515621	-0.0257854156	0.0356917651	0.013021998	0.1351131578	-0.0138459324	0.0273383761	-0.0450043665	0.0630205471	0.0863892129	0.0645627289	-0.0714120881	0.069800987	0.0080330473	-0.0091503029	-0.020496007	-0.1067693079	0.1661561426	0.0176693105	-0.0442520194	-0.0734343173	-0.0312087772	0.1571851618	-0.0614556447	-0.0309329938	-0.0774572973	0.0896445962	-0.1245513396	-0.0029469573	-0.0880422409	-0.0862836712	0.074106809	-0.0281410448	0.0531622079	-0.1369368423	0.2220059293	0.0318542681	-0.0972445916	-0.2094622141	0.1117286881	0.1180982384	0.150761965	-0.0888009604	0.0038370224	-0.1538309135	-0.0748280492	0.0851509529	0.0478387595	-0.0936454286	-0.1172407796	0.0067565429	-0.0846466954020712	0.0172490189236213	0.007165063042491	0.0002975286538274	-0.0468411160325956	0.013027356817858	0.002194090151179	0.0001697120256597	0.2312292217951466	-0.0234090942817957	0.000547985695094	0.0534669530119891	0.0013949024127537	0.0008038819550987	6.462261977333085e-07	1.945752741106094e-06	-0.0002305967913154	-0.000272815159908	5.317488016495814e-08	7.442811147564897e-08	-0.0008553400416824	9.767294832409996e-05	9.5400048343223e-09	7.316065869052498e-07	0.0
774.4391211382272	1.2558172612322096	599755.9523493497	1.577076993608768	1054.1545428271706	-8.061863171999676	1111241.8001631612	64.99363780404467	800.4653554790135	0.4784195410330767	0.2288852572422997	640744.7853221435	827.0459241628786	718.4480499462322	1.064107	23.418772	0.0830689774966997	0.0452643597523964	-0.073320204	-0.0429329607	-0.1094904025	0.1483933789	0.0816474602	0.0663174644	0.0493786618	-0.077572583	0.1534806016	0.0735296666	0.0727807561	-0.0170241453	0.0377785153	0.0794031654	0.1346585595	-0.1545770508	-0.0500790692	0.0991692888	-0.0856169481	-0.036756418	-0.0047950961	-0.1273806271	-0.1692357668	0.0793057886	0.0718584488	0.0352983859	-0.0279278666	0.031114957	-0.0856997288	-0.0159713624	0.0493489315	0.0592936971	0.165817334	-0.0263022458	-0.1603725601	0.0039155377	0.003480561	0.2344887305	-0.0909903046	-0.0775238784	0.0424283535	-0.0183720411	0.1104990778	0.0066993464	-0.0839404668	0.0873185539	0.1403677776	-0.0521495628	0.0138362449	-0.0589831097	0.0548998633	-0.0452775542	-0.1275542459	0.0628254158	-0.0911726471	0.1064115099	-0.0403832187	0.066318144	0.1003143932	0.1383290445	-0.1577493834	-0.1102205417	-0.0152821475	0.0429473796	-0.001404027	0.0459835928	-0.0018641178	0.0598680782	0.0236641097	-0.1008359923	-0.0452289663	-0.0116852089	-0.1989028936	0.1813831973	0.1399364775	-0.0281557506	0.0293602346	-0.0284400684	0.1809941578	-0.1251086495	-0.0110615142	-0.0424629285	0.0790442958	0.0727165819	-0.0803655968	0.157430134	0.0391727596	-0.0340371629	-0.028718839	-0.0008527074	-0.0225552125	0.2164738626	-0.008841267	-0.0825281392	0.0536954606	0.060422698	-0.0078318859	-0.049866306	0.0695747241	-0.2145134703	-0.0816087555	-0.0529621372	0.0475144487	0.0516044535	-0.0643478633	0.1641068059	-0.0389501046	-0.121922678	0.0083871618	-0.185518785	-0.0333743809	0.1113750441	-0.0608506262	0.1432107817	0.0885863285	-0.1297997041	0.117154889	0.0446835199	-0.098167988	-0.1126387502	0.0201956026	-0.1073381464439791	-0.0226914510419078	0.0115214776820291	0.0005149019503873	-0.0114388670384499	0.0354022489941457	0.0001308476791233	0.0012533192338434	0.2173023936228304	-0.0139268281723161	0.0001939565429412	0.0472203302742115	0.0013979194488056	3.0170360518998705e-06	9.102506538463558e-12	1.9541787853489525e-06	-0.0001541967839284	7.640000738699999e-05	2.377664817386168e-08	5.8369611287336534e-09	-0.0009968919840101	-0.0001415519423276	2.0036952376744476e-08	9.937936277835931e-07	0.0
774.1980881024136	-0.2410330358135297	599382.6796214327	0.0580969243534863	1062.458646033997	8.304103206826312	1128818.374532394	68.95813006962304	802.1842408427613	1.718885363747745	2.9545668937062177	643499.5562564771	829.7524455822463	731.7175598029976	1.068592	23.517483	0.0593009644190711	0.0324691003573496	-0.0782827813	-0.1330881042	-0.1688569388	-0.0597723934	-0.0900858914	-0.0959464841	-0.1250287766	-0.0195130635	0.0557375717	0.0090753178	0.0334291456	-0.2025398895	0.0336356097	-0.1050219565	0.1118375778	0.0080920069	-0.0382999781	0.1119464553	-0.1661965888	-0.1487589078	-0.0527876802	-0.0038545368	-0.1711298646	-0.1767524318	0.0047453567	-0.0110713524	0.0409654919	-0.0064481453	0.0209771532	-0.0245417936	-0.0657546844	0.0100478281	-0.232064465	-0.0975117859	-0.0842220845	0.1140218563	-0.0139800403	0.1805807458	0.0416769072	-0.0673372722	0.134029082	-0.0741614027	-0.1477286731	0.0275747733	-0.0619556564	-0.1238447695	0.1042632018	0.1051986158	-0.0680434406	0.0065325058	-0.0934619924	0.1387331823	0.0811226618	-0.1614977351	-0.097886823	0.0343179292	-0.1844413952	0.0691932744	0.001951382	0.1193702201	-0.000190801	-0.0785117842	-0.2069725336	-0.0487565311	-0.1198231964	-0.0196844476	-0.1472956181	-0.1809708206	-0.0341610593	-0.0427558382	0.0222799685	-0.0470846873	-0.1735448821	0.0326425766	0.0099515995	0.145827963	0.0302900817	0.066854319	-0.0317082479	0.0731311963	0.1097188615	0.1573904419	0.1536904955	-0.0984462279	-0.1872278173	-0.0040965475	0.0099831572	0.0226378648	0.1480793358	-0.0898143306	-0.0028230474	-0.1970916901	-0.0345202395	-0.0862790055	0.0672020224	0.0998822389	0.0300290631	0.0856143602	0.197935772	-0.0874690118	-0.074151609	0.0291297827	0.0534807714	-0.0017690761	-0.0311557059	0.0917852204	-0.0185274474	-0.0116606368	-0.2190724067	-0.067833567	-0.026916909	0.0422895137	0.0463032617	0.0530247648	0.0091707561	-0.051001708	0.1355200671	0.0414976565	-0.1024214758	-0.1073422654	0.033413395	-0.097151286117679	0.0101868603263001	0.0094383723943191	0.0001037721233075	0.017221025239678	0.0286598922781279	0.0002965637103056	0.0008213894253938	0.2201715769854786	0.0028691833626481	8.232213168497155e-06	0.0484755233122725	0.001387861723681	-1.0057725124599851e-05	1.0115783468200711e-10	1.926160164058797e-06	-0.0002188840659376	-6.46872820092e-05	4.791023432137562e-08	4.184444453737769e-09	-0.0012738475459162	-0.0002769555619061	7.670438327072369e-08	1.6226875702367255e-06	0.0
773.6260789380201	-0.5720091643935348	598497.3100130158	0.3271944841501898	1064.397729743017	1.9390837090199968	1132942.5270820886	3.7600456305867462	801.420274028198	-0.7639668145632186	0.5836452937538712	642274.4556234321	828.9416937997077	734.792734632979	1.125455	24.768919	0.1755986462257412	0.113191293613074	-0.1688853735	-0.0920718228	0.0805358038	-0.0335785953	-0.1273876388	0.0421417214	-0.1696410978	-0.1696215843	-0.012087707	-0.0661071762	-0.0613351789	0.014005178	0.0206250974	0.0404852441	0.0364114524	0.1384157351	0.1486114347	0.225742153	-0.0392146283	-0.0757783725	-0.0039694838	-0.0241029168	0.0547556028	-0.1602559448	-0.1330758759	-0.0598697911	0.1197910197	-0.0862121392	-0.0330682551	0.0738080595	0.135125811	-0.0036580226	-0.0265477122	0.0246889722	-0.2631142484	0.1927434355	0.0841041388	-0.0742461817	0.1339913712	0.0582611679	0.0178222771	-0.1952517701	-0.0157957098	0.0566113155	0.0293366994	-0.0529339089	-0.1257487228	0.0562563035	0.0150564384	-0.2019010404	0.114210554	0.043510568	-0.0852096664	-0.0707318002	0.0091781149	-0.1002151377	-0.1118250083	0.2020376491	0.0045955236	0.0115254943	0.1735411255	-0.0366090211	-0.0108796137	-0.0350604884	0.0062031457	-0.0745500469	0.1010650663	0.065058528	-0.0819942346	-0.0455879184	0.066273136	-0.0109668688	-0.0793666047	0.1654970122	0.0327777561	0.0755273692	-0.1622410388	-0.0589092854	-0.0242077485	0.1412153593	0.0397431266	0.1878970386	0.0921464124	-0.1252569443	0.1299858182	0.0026550596	0.0422562684	-0.1748710021	-0.0312388697	-0.1106064852	-0.0091745161	-0.0395192224	0.0888938138	-0.1937912532	0.1045995043	0.098118028	0.2081287471	-0.0033269823	0.0763037896	-0.1012131986	0.1009733732	0.1475845726	-0.1280569621	-0.0639262542	-0.0429114385	0.1395241247	-0.068756313	0.0358085824	0.1816611102	-0.0395994102	0.1392879533	0.0500628595	-0.0062423963	0.0637351387	0.2626190537	0.2501019447	-0.0956569	0.0382833527	-0.1063942335	-0.1013839798	0.0462651033	-0.0967660800886989	0.00038520602898	0.0093636742557324	1.4838368476261394e-07	0.0232861204519423	0.0060650952122642	0.0005422434057023	3.6785379933831325e-05	0.1261975190678868	-0.0939740579175918	0.0088311235614989	0.0159258138188896	0.002313997007681	0.0009261352839999	8.577265642697602e-07	5.354582151556621e-06	-0.0007949727755007	-0.0005760887095631	6.319817137872864e-07	3.3187820128607777e-07	-0.0012725857981412	1.2617477750001375e-06	1.5920074477177977e-12	1.619474613630675e-06	0.0
774.8543238207312	1.228244882711124	600399.2231436826	1.5085854919060624	1054.2066948598922	-10.191034883124756	1111351.7554874178	103.85719198906564	799.6206725364508	-1.7996014917472394	3.238565529098889	639393.2199476459	826.9015461435712	740.8874975668417	1.160319	25.536198	0.213073638654489	0.1042553779463445	-0.3398560242	-0.0837005402	0.0225775487	-0.01749164	0.0672230653	-0.0148672697	-0.1234469922	-0.2965777202	0.1819257266	-0.0168616079	0.0195148703	-0.058149569	0.0583271433	0.1667531207	0.1417701767	0.1186148167	0.287645711	0.3340027431	0.0400811816	-0.0149486506	0.12932928	0.0532110098	-0.0072806395	0.1358601766	-0.0105772171	-0.0708189244	0.100229871	-0.120795154	0.1714193148	0.0267072287	0.1207641024	0.1392637776	0.0011339703	-0.0547797149	-0.172017672	-0.1129802826	0.0421558249	-0.0499204656	0.0335020114	-0.0861437727	-0.1080937035	0.169210647	0.0653030587	0.099092886	0.0123101438	-0.097220365	-0.1169138352	-0.0672218646	0.0569317963	-0.0271337572	0.0453256869	0.0408779691	0.1345771192	-0.13465622	0.0175810833	0.1246347504	-0.0821842444	0.3156139324	0.0325957464	-0.0854612181	-0.0491720665	0.0471841137	0.1467086754	0.0430116109	0.0574100005	-0.3723671605	0.0566724688	0.1189806874	-0.1441004285	-0.0213593225	0.2436397967	-0.0510547036	-0.0985651912	-0.0309338278	0.030558327	0.0757712069	0.0385601262	0.0742695099	0.009265335	0.007269252	0.0291920853	-0.0545990157	-0.0712401929	0.0317141593	0.0595848084	0.0779244329	0.1001021269	-0.031409444	0.0983480936	0.067072718	0.0947201332	-0.1502748789	0.0902899573	-0.3071716752	0.2130406879	0.0202209901	0.2002947337	0.0513998124	-0.1037220583	-0.3380552553	0.2629534888	0.1665275656	-0.0809444442	-0.0177092743	0.0360226376	-0.032480737	0.1369782219	-0.0646551319	0.1138900911	0.1732317571	0.0130099284	-0.1427616265	0.02320548	-0.2499225512	0.0248008385	0.0330062314	-0.1114080396	0.0350428114	-0.1100753719	-0.0948006283	0.0586099215	-0.0559388662821049	0.040827213806594	0.0031291567609272	0.0016668613872093	0.0636001805014814	0.0403140600495391	0.004044982959821	0.0016252234376778	0.0675164264567058	-0.0586810926111809	0.0034434706300419	0.0045584678414837	0.0033827541017885	0.0010687570941075	1.1422417262051078e-06	1.144302531316692e-05	-0.0011886511994185	-0.0003936784239177	1.4128916738790383e-06	1.5498270145840296e-07	-0.001269995872423	2.589925718199902e-06	6.707715225793279e-12	1.612889515971457e-06	0.0
776.6002191918167	1.745895371085453	603107.9004487777	3.048150646777612	1061.3153607094123	7.108665849520094	1126390.29487775	50.53313016013323	799.9688088787263	0.3481363422755521	0.1211989128130003	639950.0951788482	826.5452370740591	734.6902540567759	1.276039	28.082966	0.3255369935707243	0.1938965515700085	-0.2121239157	0.0136104966	-0.1606939	-0.0536293251	0.0658036139	-0.171514117	0.0053394127	-0.1200616142	0.1193013405	0.0125991637	0.0214605788	-0.0819656885	-0.1663713196	-0.1525979284	0.0201775114	0.1368509937	0.1076518526	0.1637640927	0.0044737866	0.0874816036	0.1330937083	-0.1309389573	-0.152526481	0.1432908391	0.060487187	0.0599773143	0.0074988761	0.0259814123	0.0918739333	-0.2023595393	-0.0181672654	-0.1630483141	0.0286404752	0.038096348	-0.0194996401	0.1689412119	0.008644501	-0.1187342964	0.2229785718	-0.1979427829	0.0354223473	0.0691834489	0.0736957005	0.0523601877	-0.065996934	-0.0173190719	0.0288284605	-0.144141548	0.0049671853	0.1028083417	0.0459385614	-0.0592211985	-0.05253579	0.0087521168	0.0277085276	0.0384385822	0.0028566888	0.1793835911	0.1083173272	-0.0566783213	-0.1736406344	-0.1217223705	-0.0127441872	0.0633950054	-0.0924163987	0.087164476	-0.0494397434	-0.1000716818	0.0149666914	0.0759386491	0.1672766531	-0.1602738751	0.0764827096	-0.1815357492	0.0104082533	0.039015091	-0.2268068946	-0.0605991222	-0.1342211488	-0.02284894	-0.0354284359	0.0751461011	0.080153024	0.132087773	0.0449121035	0.1824167749	0.0415531809	-0.0078049234	-0.0487890347	0.1304082213	0.1665872927	-0.0831434193	-0.0396552842	-0.1655979556	0.0394264201	-0.1621243971	0.0191974154	0.1456904865	0.0116285882	-0.1749904482	0.0622241983	0.1166947896	0.2792920926	0.0020307447	0.185291671	-0.1209968782	0.0178872497	-0.0646808927	-0.0391617498	0.0320196997	-0.049874695	0.096592416	0.0307267179	-0.0106526281	0.1128289879	-0.1176796962	0.1934000518	0.0317782535	-0.1134548014	-0.0876327994	0.0703125971	-0.0968098883439552	-0.0408710220618502	0.009372154481169	0.0016704404443802	0.0623040772523637	-0.0012961032491177	0.0038817980422685	1.6798836323734728e-06	0.2084116671368221	0.1408952406801163	0.0198514688463079	0.0434354229987495	0.00128787104074	-0.0020948830610485	4.388535039467934e-06	1.6586118175767308e-06	-0.0007800413479934	0.000408609851425	6.084645045793607e-07	1.6696201068164221e-07	-0.0016159955115422	-0.0003459996391191	1.1971575027061658e-07	2.6114414933245366e-06	0.0
777.1377177158856	0.5374985240689512	603943.0322966556	0.2889046633763009	1061.428081634382	0.1127209249696079	1126629.572482044	0.0127060069260039	802.6642436128183	2.6954347340919185	7.265368405749172	644269.8879745377	828.3375637978749	729.950789909821	1.094316	24.083605	0.1660898093445176	0.094192585463088	-0.1159902576	0.1427065428	-0.1367216736	0.0223803456	-0.0315895285	-0.2498425796	0.1760289182	-0.0486436589	0.0320923283	-0.0347740062	-0.2207846285	-0.0818815212	-0.0778262574	0.0007517033	-0.1050519118	-0.0270399798	0.1926153143	0.0228637027	0.0013808066	0.1443052565	-0.127287156	-0.0973936556	-0.0678130995	-0.0831116811	0.0915529969	-0.0095220555	0.0205989322	0.1312095199	-0.08872097	0.1240780178	0.0101247168	-0.0084192002	-0.126650513	0.0836512675	0.1466076328	0.0924892528	-0.0683626493	-0.1149305771	0.1011995697	0.0658296869	-0.031184902	0.0493240473	0.1027451037	-0.0287941448	0.0053661368	-0.1738768113	-0.1716729579	0.0049233453	0.004603708	0.2066456572	0.0447006128	-0.039225412	0.0472141584	-0.0790021098	-0.0045078438	0.1379275099	0.1295756915	0.0522631557	0.1830323125	0.0279980774	-0.0159164346	-0.105958532	-0.1185732615	-0.2016094973	-0.0310014245	0.1701825617	0.0085743626	0.1281340615	0.0113174747	0.0233239672	0.0319574893	0.1185758964	0.0325754475	-0.0877685088	-0.0043141584	0.1275293086	-0.0687581236	0.001833382	-0.0905455454	0.0625611892	-0.1050332117	0.0516520409	0.0030783144	0.1733408242	0.0297800329	-0.1927783324	-0.0310634727	0.0911539037	-0.1287400577	0.1860294506	0.0403199754	-0.0561615976	-0.0013962142	-0.0780543947	-0.0156128619	-0.1859479541	0.0272792642	0.0418019987	0.1335726727	-0.0362889892	-0.0536904623	0.1021582869	0.1857654321	-0.0495740652	0.0805587559	0.0689558663	-0.1251069539	0.08077325	-0.0796215695	-0.162724105	0.0136942292	0.0802902643	-0.0833179116	0.0017935484	0.0097897344	-0.0547477015	0.1003667089	0.0284919163	-0.1165232592	-0.0799246852	0.0812449131	-0.0970425814224285	-0.0002326930784733	0.0094172626091286	5.4146068769382905e-08	-0.0076170268897044	-0.0699211041420681	5.801909863847989e-05	0.0048889608044459	0.2611408383543434	0.0527291712175212	0.0027803654972866	0.0681945374564093	0.0007660242923022	-0.0005218467484378	2.723240288551045e-07	5.867932163970864e-07	-0.0007050167666218	7.502458137159998e-05	4.970486412178576e-07	5.628687809983827e-09	-0.0013487300232225	0.0002672654883197	7.143084124676773e-08	1.8190726755417648e-06	0.0
774.0953534692852	-3.042364246600414	599223.6162627377	9.255980208992504	1070.4277584824931	8.999676848111221	1145815.586129855	80.99418337042913	801.8973151191616	-0.7669284936566783	0.5881793143825016	643039.30399532	830.6284130346907	743.0295247093693	1.133947	24.955801	0.1006754193112838	0.0703989096153156	-0.0538761947	0.1137697527	0.0951450054	0.0343089416	-0.0876624651	-0.1838923172	0.1193473145	-0.0197041707	-0.0820884516	0.0075999478	-0.2945218154	-0.0046319539	-0.0033182273	-0.0143343356	-0.0024704701	0.1405657397	-0.0407665169	0.1035535471	-0.0596764221	0.0401096767	-0.2433169733	0.0460957309	0.0911798992	-0.0825656912	0.0718875383	-0.0435881599	-0.0683552445	0.1970824295	0.0807043518	0.068965034	-0.0437429782	0.1110391776	0.2833262355	-0.0168480245	-0.0063764476	-0.0447328671	-0.0204222358	-0.0372729779	-0.1222500531	0.0233637783	0.0659825282	-0.0291182421	-0.0355534521	-0.2119401362	0.0828846214	0.0534929516	0.0084745403	0.043794602	-0.0144238838	0.0917999534	0.0651321821	-0.115072765	0.1003779556	-0.0066893048	0.0439685737	0.1817940999	0.0909327505	0.0163499724	0.1086014289	0.1598570745	0.2614806926	0.0363515636	0.062952638	-0.172189105	0.0898618858	-0.0120095387	0.0630340404	0.110677396	-0.0350343415	0.1378138224	0.1033125443	-0.0392416858	-0.1062821113	0.0893717238	-0.1006594013	-0.1624693672	-0.0549249348	-0.0569449942	-0.0370886034	-0.2020432922	-0.0822011264	-0.080256708	0.1326848482	0.0085821866	-0.111078342	-0.1303755495	-0.1548336891	0.0964327335	0.0877430591	-0.0317612603	0.0078136651	0.0956273243	-0.0793538018	-0.0344273014	0.0261586921	-0.1737139966	0.063143938	-0.1107241285	0.0370641521	0.0933586926	-0.0895286293	0.047333382	0.0974828744	-0.0151679986	-0.0719937319	-0.0524349462	-0.0664730771	0.1700613172	-0.0464364871	-0.0277922722	0.2499486943	0.0169255919	0.0698052537	0.0549677187	0.0205594841	-0.0784833744	-0.0221666909	0.0251860523	-0.1192723348	-0.0717238087	0.0912870929	-0.097047849700786	-5.2682783575064285e-06	0.0094182851315463	2.7754756852170628e-11	-0.0236262380236382	-0.0160092111339338	0.0005581991231496	0.0002562948411308	0.3271656926914659	0.0660248543371225	0.0043592813902382	0.1070373904742867	0.0007543692127967	-1.1655079505500012e-05	1.358408782795264e-10	5.690729092155129e-07	-0.000990981321427	-0.0002859645548051	9.82043979417203e-07	8.17757266049362e-08	-0.0012736279462958	7.510207692669989e-05	5.640321958703947e-09	1.6221281455856572e-06	0.0
772.4025928114423	-1.6927606578428822	596605.7653818388	2.8654386447406672	1059.2803571866527	-11.147401295840382	1122074.8751214826	124.26455565050382	801.9074010695456	0.0100859503839956	0.0001017263951484	643055.479890113	828.0386827237242	715.521994902923	1.113535	24.506584	0.0526144812095075	0.0296047659594804	-0.0191938576	-0.0228101187	0.0358275161	0.1322629227	0.0965309168	0.0710375287	0.0485756831	0.0037540549	0.1082148985	0.1157847141	-0.1230346294	0.0637795727	0.0138881234	-0.0365217274	0.006745837	0.0085635867	-0.0060043194	-0.0234583644	-0.0613521725	0.0393345592	-0.151578865	0.0585177406	0.0437761619	-0.040945605	0.0911459455	-0.1043446925	0.0170188874	-0.021439161	-0.0603317818	0.0589287392	-0.0223965402	-0.1041589851	0.0127147958	-0.0648607885	0.0250529285	0.0573962646	0.1067982343	0.0092633996	-0.0309067231	-0.0295356229	-0.0706834764	-0.1280960794	0.0310762382	-0.0466674053	0.0016968461	0.1525088979	0.1279115017	0.1599142516	-0.0257924123	0.331815979	-0.0312404778	0.2143827678	-0.0069369723	-0.0912467723	-0.0730619451	-0.145421072	0.0236722213	-0.0428253505	0.1103808978	0.1284787855	0.0058854457	0.060090873	0.0978973615	-0.1580319555	0.0011722044	-0.0256181551	-0.1088851354	0.0233048386	0.0720580063	0.0122496069	-0.1278912884	0.0579216002	-0.0036297087	0.1011284241	0.0553017103	-0.0367038154	0.0253438709	-0.0618814744	0.035035389	0.0053708643	0.0962603779	-0.0355258781	-0.0642017403	-0.2879744665	0.0207567709	-0.0794591097	0.0780308629	-0.0265282936	-0.0241121599	0.0241630344	0.0868349302	-0.0018398624	-0.0769719064	-0.0278880584	0.0773811796	-0.0429683099	-0.0671865841	-0.1185843338	-0.0274914042	0.0064246336	-0.1060149735	-0.1284723125	0.0273002615	0.1116206932	-0.0182937688	-0.0869080698	0.0990336758	0.2832293831	0.0966426118	-0.1542749386	-0.1060353832	-0.0490581287	-0.1641352883	0.083845985	-0.0423263666	-0.0361361259	-0.1223529119	0.0218629269	-0.1216944932	-0.063080731	0.1003291122	-0.0971240967538875	-7.624705310149693e-05	0.0094330901702585	5.813613106662493e-09	-0.0236636415500015	-3.740352636329852e-05	0.0005599679314069	1.3990237844099675e-09	0.3144202220085432	-0.0127454706829227	0.0001624470229292	0.0988600760079015	0.0005041397245671	-0.0002502294882296	6.261479677964753e-08	2.541568618865915e-07	-0.000530843026324	0.000460138295103	2.8179431859682294e-07	2.1172725062029555e-07	-0.0013583673619056	-8.473941560979996e-05	7.1807685578904094e-09	1.8451618898903795e-06	0.0
771.9951376723811	-0.4074551390611987	595976.4925897988	0.1660196903473807	1068.457257135818	9.176899949165318	1141600.9103261956	84.21549267699041	800.7235327978253	-1.183868271720257	1.401544084785909	641158.1759762301	828.0936342291469	721.5909820333258	1.005645	22.132143	0.063581668248093	0.0317341579231705	0.0006142403	-0.0796174618	-0.1307683158	-0.0065806927	-0.0878850043	-0.0001900677	-0.041504807	0.0099902789	-0.0246802193	0.0535489362	-0.1594252433	-0.0944746812	-0.0320605197	-0.101390892	0.1505032954	0.065819967	-0.0566918807	0.0145950764	-0.0766829511	0.0722168387	-0.0733794715	0.1108847188	-0.1620964237	-0.0169856156	-0.0146096782	-0.1652886388	-0.0163304442	0.1374627104	-0.1586800606	-0.0249414083	-0.0306549788	-0.049905498	-0.0754055383	0.0525356761	0.1666679574	-0.0925478082	0.0314220436	-0.1012561	-0.0473758604	0.1202455183	0.0157326788	-0.0996104851	-0.01399018	0.0410863837	0.2678621259	0.1066524258	-0.0131742761	0.0519472634	0.0648415748	0.010705199	0.0053341069	0.0422217945	-0.1152746545	-0.0337891133	0.0688380167	-0.0806775722	-0.0381250715	-0.0131410975	0.086004209	0.1057498042	0.0069494346	0.0549511452	-0.1343392138	-0.0813829287	-0.0782732098	-0.0509437759	-0.0882780973	-0.0844109906	0.1481718204	0.2617298006	-0.1196763361	0.1448956721	0.1309357031	-0.0466562421	0.0854560922	-0.0187049872	0.0936574982	-0.1346701255	-0.0818263333	-0.0059508301	-0.0203586671	0.0111850118	-0.0234837104	-0.1307413193	0.0105560739	-0.110463881	-0.0105024483	-0.0661366444	-0.0042987238	0.0507670071	0.0305843329	0.1189238048	0.0731275008	-0.0187201592	0.0738769137	-0.0014618378	-0.0422466653	0.0347331417	0.1740448862	0.0703834587	-0.0735578686	-0.1413604633	0.0290067625	0.1124336423	0.0256026554	-0.0696129004	0.0304494438	0.1395127027	-0.1898489372	0.0280141252	0.0438445069	-0.1564261901	-0.0429416797	-0.1045173642	-0.0044719125	-0.0152632068	-0.118017665	0.0185248178	-0.1237830955	-0.0540487397	0.1082719048	-0.0987878239626098	-0.0016637272087222	0.0097590341632675	2.767988225042873e-06	-0.0234945061416596	0.0001691354083418	0.0005519918188404	2.8606786354981023e-08	0.3368749353769971	0.0224547133684538	0.0005042141524594	0.1134847220852559	0.000758878054745	0.0002547383301779	6.48916168618248e-08	5.758959019735552e-07	-0.0007421378288077	-0.0002112948024837	5.50768556947407e-07	4.464549355662581e-08	-0.0016782160744955	-0.0003198487125899	1.0230319894541649e-07	2.816409192695085e-06	0.0
770.8782044559183	-1.1169332164628258	594253.2061051806	1.2475398100379935	1059.525136729898	-8.932120405920159	1122593.5153625088	79.78277494585531	801.0969069861342	0.3733741883088441	0.1394082844952882	641756.254382751	827.9054815723479	717.1963377829428	1.013063	22.295408	0.0415687611728666	0.025113913067527	0.0212646789	-0.1054750916	0.1039308676	-0.0401600813	-0.1160407885	0.1250366261	-0.1427889845	0.0122754111	0.0328646624	-0.1047039535	-0.0489881337	0.0909459473	0.0529317354	-0.0494070815	-0.1334595128	-0.0058056656	0.0245344813	0.0568424961	-0.1004010858	-0.0668713608	0.0011665567	0.089826125	0.0757942102	-0.112832608	0.0623375792	-0.1209588941	-0.0257955088	-0.0960265899	-0.0628693172	0.0718298461	-0.1121928558	0.0005394167	0.096878739	-0.0007160888	0.0874405364	-0.129616147	-0.1144941931	-0.2248981384	0.0221350435	0.1208597452	0.1662143074	0.0136530772	-0.064032322	0.0022657767	0.0095934443	-0.0958507613	-0.0157511357	0.0342296151	0.0179115932	-0.0516141238	0.1087791695	-0.0135166572	-0.0304171092	0.1336990405	0.034218183	-0.0113257003	-0.1191636799	0.005449888	0.0482238402	0.0100213695	0.149886786	0.0817436642	0.0017619676	-0.0201107672	0.0494238709	0.0162948424	-0.0038538192	0.0377049048	0.0568063904	-0.0642507949	-0.0116690036	0.0859452876	0.0994971808	-0.0291097678	0.2295672664	-0.2751732713	0.1293948595	0.0026665249	-0.1198202071	0.1353527117	-0.0189731302	0.1028237274	-0.0139313373	0.0938044662	0.0885894475	0.0440370915	0.0227839166	0.0746474788	0.0301391486	0.1527518452	-0.0257321134	0.0057389525	-0.1414790224	-0.0189372278	0.1151527162	0.0935305106	0.0704743456	-0.0164233811	-0.0046419175	0.1941075449	-0.0493421964	-0.074413438	-0.0758320141	0.0387660244	-0.0104997914	-0.0753386385	0.0776835569	0.091237251	-0.0015730086	-0.118758581	-0.0185952099	-0.0853327665	0.0354656172	0.1297041502	0.0423981187	-0.0525436749	0.0451660832	0.0151740128	-0.1255324169	-0.0446835199	0.1150284477	-0.0967489880928553	0.0020388358697544	0.0093603666969914	4.156851703797562e-06	-0.0339730947874983	-0.0104785886458386	0.0011541711694403	0.0001098008200086	0.3370528311343506	0.0001778957573534	3.164690048437418e-08	0.113604610975681	0.0011832503573287	0.0004243723025837	1.8009185120019148e-07	1.4000814081184966e-06	-0.0008949940845726	-0.0001528562557648	8.010144114199462e-07	2.336503492646452e-08	-0.0016779758148457	2.402596498000172e-07	5.772469932202693e-14	2.8156028352070907e-06	0.0
772.2866067425899	1.4084022866716168	596426.6029539837	1.9835970011018391	1063.0130779666988	3.487941236800907	1129996.8039282348	12.16573407137624	801.522144460934	0.4252374747998146	0.180826909974123	642437.7480612544	828.3464874675425	729.691121921883	0.99614	21.922968	0.0804965819390687	0.0369738285081223	-0.0243845521	-0.0339713249	0.133085314	-0.0916816724	0.0240714653	0.0702815534	-0.0725726019	-0.0089573646	0.047168379	-0.0359184046	-0.1095668956	0.097163852	-0.0048989565	0.0611304189	0.0067116133	0.0410011793	0.0711267314	0.1258708386	-0.1406289457	0.0482108906	-0.0383252609	-0.0878777743	0.1089763036	-0.0553799034	-0.0680655649	-0.1509128455	0.1504706981	0.0337408678	-0.0436138868	-0.0023586516	0.0004468883	-0.0858088728	0.0193429322	0.0513093082	-0.0206720064	-0.2136194702	-0.1951451817	0.0727268064	0.0779518553	-0.0472091346	-0.0155122178	0.0849035337	0.0801579737	0.0950587187	-0.0444135909	0.0098356726	0.0642858205	-0.1180692882	0.0658668289	-0.0517469574	-0.0128657396	-0.0543027474	-0.0289656412	0.1578216706	-0.1467158195	-0.0163887227	-0.069631426	0.0874347156	0.1204977603	-0.0563403478	0.0940776849	0.0204683766	0.0950876709	-0.02477668	-0.0610918582	-0.1428404335	-0.0066588297	0.0110655005	-0.0496010442	-0.0586517612	-0.1072168849	0.1524287835	-0.0014041389	0.0260295587	0.053408014	0.1059006749	-0.009673522	0.1438887235	0.0548558443	0.0225674005	-0.3267808069	0.0314935064	-0.0811361182	0.2091180889	-0.0565578355	0.0626618392	-0.098865631	-0.0160140162	-0.1363339635	-0.0132963579	-0.0248668357	0.1534572665	0.0319777066	-0.0482116759	0.0646774183	0.0553033068	0.0867739537	0.0122048343	-0.1497261483	0.0882072494	-0.1048445881	-0.0855368298	-0.0956021862	-0.0197987046	-0.0363322787	-0.0224199833	0.0439874121	0.1232367557	-0.1973269683	-0.0264352326	0.0429790761	-0.0806309614	0.1008066941	-0.0622307239	0.0404354572	-0.0675577998	0.1822790488	0.0118128082	-0.1269376627	-0.0350428114	0.1205247148	-0.1097967818678142	-0.0130477937749589	0.0120553333085283	0.0001702449223938	-0.0417860608979765	-0.0078129661104782	0.0017460748853694	6.104243944348086e-05	0.312072373344634	-0.0249804577897165	0.0006240232713838	0.0973891662049526	0.0009790214254725	-0.0002042289318562	4.170945660712445e-08	9.584829515342058e-07	-0.0005318834650502	0.0003631106195224	2.829000203938073e-07	1.3184932200994113e-07	-0.0018037435487454	-0.0001257677338997	1.5817522890265763e-08	3.2534907896406493e-06	0.0
771.3943331163755	-0.8922736262144326	595049.2171640577	0.796152224037853	1061.330761356441	-1.6823166102578853	1126422.9850014425	2.830189177149581	800.7238792733344	-0.7982651875995543	0.6372273097333517	641158.7308385374	827.6887324686178	724.9059285430221	0.960485	21.138271	0.0700478928788719	0.0385535855883406	-0.0055719007	-0.0311503487	0.0402180958	-0.0922886376	0.1163995576	0.0463807253	-0.0863704586	0.027569487	0.039142633	-0.0449943597	-0.0255638651	0.0681349835	-0.0196114223	-0.0621271216	0.0935090333	0.1396336883	-0.165554184	-0.0135472768	-0.082005323	0.0736267799	0.1431465406	-0.057177319	0.1330754569	-0.0129410695	-0.1440069239	-0.0090490193	-0.0181524798	0.0326718165	-0.0681115843	-0.0508466545	-0.0667609732	-0.1133969724	-0.1554515634	0.0911118115	-0.0360210937	-0.1325586302	0.0338687088	-0.169407264	-0.156239523	-0.0004235213	-0.1844557929	-0.0663803962	-0.0470258037	-0.0520120614	-0.1346405417	-0.0931836245	0.127879698	-0.1197673856	0.1383734272	-0.026652196	-0.0913345038	0.0144334493	-0.0151053116	0.1501545119	-0.0448625784	0.021043522	-0.0618528014	-0.0054089323	0.0971697789	-0.1247062064	0.0493409646	0.0010061429	0.0727822396	0.0899302164	0.0697331606	-0.041113648	-0.1230933361	-0.0323623677	0.057690931	0.1214038108	-0.2052561104	-0.11743553	0.0068178376	0.0820112256	-0.2304489713	-0.0344511679	-0.1089383692	0.0587829123	0.079132483	0.1902430632	-0.0330592021	0.0006793202	-0.1733418139	-0.0251602797	0.0641572274	0.0968193487	-0.1825725045	0.0330217463	-0.0133283653	0.0482427043	-0.0545543841	-0.0212715456	-0.0638980187	-0.0275466665	0.0900475763	0.0630683651	-0.0366221179	0.0663668285	-0.1378727987	0.0137352158	-0.0807344251	-0.1684663145	-0.041875608	-0.0396007041	0.0418087885	0.0020625495	0.0059315376	0.1873812512	0.0194731229	-0.1122234975	0.109827061	-0.0244519298	-0.0162365483	0.058144564	-0.1005979822	-0.1016569837	-0.066091239	0.0084435077	-0.1279949812	-0.0251860523	0.124700488	-0.109974864579172	-0.0001780827113577	0.0120944708392072	3.1713452084541306e-08	-0.0685678231767781	-0.0267817622788016	0.0047015463752019	0.0007172627907582	0.3370501587487666	0.0249777854041325	0.0006238897636948	0.1136028095125687	0.0012690014777074	0.0002899800522349	8.408843069415535e-08	1.6103647504235646e-06	-0.0005326906721954	-8.072071451999943e-07	2.837593522439871e-07	6.515833752619246e-13	-0.0018751615390569	-7.141799031149996e-05	5.1005293401335015e-09	3.516230797558242e-06	0.0
770.2141413250952	-1.180191791280322	593229.8234971537	1.3928526642054548	1060.244890465584	-1.0858708908569952	1124119.227758378	1.1791155916105642	799.4662671848358	-1.257612088498604	1.5815881651378203	639146.3123664553	826.2261220520835	717.4317559680424	0.993639	21.867918	0.0864528146710366	0.0503173521431048	-0.0329658855	0.0255875218	-0.0748752766	-0.1639650517	-0.0282712681	0.1571846636	-0.0317549441	-0.0664618902	0.0321533431	-0.1512568481	0.0092760103	-0.0031667138	-0.0838736652	-0.1343224938	0.0594838086	0.0246891185	-0.0489833536	0.0197945873	-0.039041777	0.1903560779	0.0919658839	0.0821777136	-0.0221163533	-0.036371329	-0.0307649876	-0.1288407581	-0.0686589595	-0.0708542191	0.0093995147	0.0517725831	0.0067603618	-0.133355736	-0.0129602897	-0.0069722955	0.0616048861	0.0039998604	-0.0963173693	0.1479453354	-0.2713681291	-0.1658060398	0.0586900129	0.0984778282	0.1221249983	0.0415600514	0.0504375083	-0.076098298	-0.0315885309	0.0943801929	-0.0189096602	0.0190427208	0.0130064008	-0.0528202528	0.1262781439	0.10304834	-0.0086832774	-0.135387381	0.0249722531	0.0287046708	0.1450680793	-0.1373954747	0.0142572603	0.0810948844	-0.1187240796	-0.0108496364	0.0400911982	-0.1031433443	0.0078243873	0.0059031271	0.0428496876	0.0962758832	-0.1856757445	0.1425079802	-0.0528645323	-0.0824414103	-0.025125351	0.1047238241	0.0040479013	0.0266006511	0.0186759606	-0.0868404896	0.0550114141	-0.1163324638	0.0409523837	0.0373999073	0.012843321	0.1477079778	0.0229979587	0.0743680803	-0.0243495503	-0.0614280673	-0.1034910209	-0.0349870194	0.0118110009	-0.0681620566	0.0400057236	-0.0507316947	0.0568295913	0.2209630543	0.0133519946	0.0448142987	-0.0186375998	-0.170887957	-0.0798851332	0.0247660261	0.0893837921	-0.0397458134	0.0832464719	-0.0105281327	-0.1905704689	-0.0096447781	-0.0070525308	-0.0166426726	0.0776517232	0.0713841332	-0.0837940383	0.0791690352	0.0077354442	0.0050684204	-0.1287014744	-0.0151740128	0.1275100165	-0.0994211436913161	0.0105537208878558	0.0098845638128893	0.0001113810245787	-0.0256129265538476	0.0429548966229305	0.0006560220066527	0.0018451231438866	0.3126851938297363	-0.0243649649190302	0.0005936515155055	0.0977720304403397	0.001223967898273	-4.503357943439986e-05	2.028023276674402e-09	1.4980974160028251e-06	-0.0005327254550597	-3.4782864300072186e-08	2.837964104685645e-07	1.2098476489172357e-15	-0.0020016778215826	-0.0001265162825257	1.6006369744122745e-08	4.006714101415663e-06	0.0
770.1476901689027	-0.0664511561924428	593127.4646724962	0.0044157561593124	1053.6115431415435	-6.633347324040415	1110097.2838411045	44.00129672135413	798.8971021239361	-0.5691650608997634	0.3239488665490314	638236.5797820227	825.2197128154039	711.25480840872	1.009496	22.216911	0.0826725758193233	0.0488126514338416	-0.0602791979	0.0866827101	0.1259952554	-0.0553340641	-0.0566676528	0.0921209402	-0.0142579777	-0.1057631044	0.0076089946	-0.1295745348	0.0876424986	0.1061159934	0.0738348445	-0.1437760797	0.0574490202	-0.1199791496	-0.0271829733	0.0300997262	-0.0085829396	0.261963246	0.1081919948	0.0061540127	0.1494379675	0.0321057456	-0.0551870214	-0.0849162466	-0.0054551033	0.1239539275	0.0333677373	0.0115881699	-0.1981239343	0.0407641704	-0.0500593993	-0.0307308939	-0.028108031	-0.1276203017	0.0624914469	0.0272155317	0.0072182928	-0.0700941471	0.0415510647	0.0630519472	-0.1061201217	0.0739821296	-0.0028953	-0.026784127	0.0011634983	0.0515699279	-0.2913005249	-0.0803168628	-0.0404969184	0.0716810645	-0.1001009241	-0.1970885646	0.198503321	0.0884265406	0.08889089	0.040782193	0.141078622	-0.1890868198	0.0540823596	0.0984148984	0.0564550083	0.150693239	-0.1767951131	0.0385567259	-0.00502127	-0.0799854524	0.0977162469	0.1551204858	-0.0032164258	0.0216839896	0.005966102	0.0113787406	-0.0369758835	-0.0132165763	0.1262431356	0.1316713753	-0.0682898427	-0.0211473176	-0.0587801714	0.0184638619	0.1312322458	-0.0796930256	-0.0160015821	0.017570788	0.0697620841	0.0206112859	0.0767735366	-0.0108349434	-0.0392007827	-0.0023796714	0.0427647882	-0.04970916	0.0106278088	-0.123719994	0.0926443214	0.0001710157	-0.1070988789	0.1543770097	-0.0426066694	-0.0472906809	-0.089062514	0.0274684927	0.0167459377	-0.1177309288	-0.1308515125	0.0758458084	0.0885031467	0.0557404985	0.1402462324	0.0666057687	0.0443721828	0.0835286849	0.0348560347	-0.0921875876	0.1015647411	0.0016898595	-0.1290552057	-0.0050684204	0.1289225186	-0.0969190197577347	0.0025021239335814	0.0093932963908001	6.260624179000866e-06	-0.0689468080189641	-0.0433338814651165	0.0047536623360038	0.0018778252828327	0.3177823687452417	0.0050971749155053	2.5981192119257237e-05	0.1009856338853367	0.0009130546803339	-0.0003109132179391	9.666702908924638e-08	8.336688492796402e-07	-0.0005317669399227	9.58515137000019e-07	2.827760783947525e-07	9.187512678581652e-13	-0.0016787616445563	0.0003229161770263	1.0427485738528073e-07	2.818240659233373e-06	0.0
771.5008831668634	1.3531929979607185	595213.6127272503	1.831131289729917	1053.326827933255	-0.2847152082886168	1109497.4064439328	0.0810627498308304	799.4065548755189	0.5094527515827849	0.2595421060952707	639050.8399779459	826.1079088263149	717.3858295274568	1.032887	22.731695	0.1651182406251017	0.0798154390040465	-0.0270168634	0.1359222945	0.0704369798	0.035863113	0.1430553128	0.0552636374	0.1132052543	-0.0173059741	0.0947763936	-0.0069630003	0.0937118178	0.1664185807	-0.0023070587	-0.2168151098	-0.0066933551	0.0294338662	-0.0330342053	-0.0636562153	0.0007026809	0.1484941307	-0.0104326636	0.1216799733	0.0296397171	0.1718965719	0.0738311845	-0.0957255268	-0.1409791356	-0.0657073023	0.1315763028	-0.0204523069	-0.0270170837	0.0884319166	-0.1252972661	-0.1706264088	0.1447483317	0.0532943205	0.052158888	0.1355024603	0.1419224322	0.0167982028	-0.1256034356	0.0273745668	-0.093269723	0.1047726943	0.1396364377	0.0143593735	-0.0201155151	0.049100147	0.0719240134	-0.0704847601	0.0341102569	0.0322006837	-0.052899784	0.1028089413	0.0173546868	0.0912285471	0.1637092566	-0.0529532406	0.1202986282	-0.0742680896	-0.0872748063	0.1269622551	0.0462564799	0.0595801106	-0.1423862544	-0.0921634835	-0.0710384746	0.0301640097	0.0390327456	-0.0714021719	-0.0629140973	-0.1277572496	-0.0015752421	-0.1538586047	0.0586348394	-0.0438253241	0.2753512485	0.0378051876	-0.0088245926	-0.0373005721	0.1353719377	0.0107293258	-0.0081846283	-0.0218076848	-0.1047384572	-0.1641276198	0.0235270698	-0.0150896221	-0.0553415757	-0.0214911986	-0.0866702729	0.062687104	0.0882875442	-0.0006581519	0.0299349613	-0.1850133658	-0.0879138504	-0.0341883229	-0.1462024416	0.0344579767	0.0083414762	-0.0864820994	-0.0421141351	-0.0221364865	0.155496659	-0.1222295735	0.0104477577	0.0191462492	0.1413866613	-0.1030051038	0.0025094994	-0.1205915821	-0.1755764018	-0.1309354883	-0.0656179361	0.1775847045	0.0533983335	-0.0016898595	-0.1290552057	0.0050684204	0.1289225186	-0.0964618284690885	0.0004571912886461	0.0093048843515998	2.0902387441397282e-07	-0.0364680385447542	0.0324787694742099	0.0013299178353016	0.0010548704665588	0.3672130951616523	0.0494307264164106	0.002443396714054	0.1348454572582007	0.0004146951305963	-0.0004983595497375	2.483622408146633e-07	1.7197205134028233e-07	-0.0012104489345741	-0.0006786819946514	1.4651866232115738e-06	4.606092498640029e-07	-0.002156751169084	-0.0004779895245277	2.284739855582167e-07	4.651575605345201e-06	0.0
772.53708549077	1.0362023239065363	596813.5484585733	1.0737152560693068	1056.5821396640447	3.255311730789799	1116365.8178570508	10.597054464617678	800.5600993748428	1.1535444993239707	1.3306649119205902	640896.4727110582	827.5818779306451	718.3476828898754	0.999797	22.00345	0.1465202296939647	0.0709478847124686	0.0218489722	0.1050416972	-0.1329846679	0.0889060888	0.0189819006	-0.0264723299	0.1512191801	0.030306092	0.1145446655	-0.0150281076	-0.0155877088	-0.0437584428	-0.0631672091	-0.1619001861	-0.0132876695	0.0635155565	-0.1211969611	-0.0981034399	0.009085182	0.1010476069	-0.0441769893	0.1275579542	0.0105022415	0.0410458301	0.0624009775	-0.0246661133	0.0255799127	-0.0320861535	0.0122157039	0.0260379259	0.1408933935	-0.1582993066	0.0395136032	-0.0002826888	0.0586651768	0.0069375812	-0.0888845351	-0.1207829508	0.0105846299	0.0041988618	-0.0547097602	-0.001162011	-0.00690994	-0.0196906705	0.0045417922	0.0945698791	0.0149167239	-0.0870109137	-0.0480509735	-0.0732380323	0.0572028464	-0.014880461	0.0380613867	-0.0997839062	-0.0577141424	-0.0455024238	0.1162008476	-0.0849099104	0.0685058408	0.0405985338	-0.071129501	0.0870377088	-0.0322540729	-0.0537395228	-0.0107619864	-0.0840921021	0.0796044209	-0.0684926872	-0.054867251	0.027193614	-0.012480389	-0.0940563614	0.1609081992	0.0033310916	-0.056766005	-0.0664287526	-0.1044491164	-0.0030075212	0.0156492174	0.070881706	-0.0085605913	0.0213629966	0.1047941167	-0.0117541941	-0.0612765088	0.0784946337	0.0791907318	-0.013449814	-0.0237350542	-0.0289036114	-0.1389372544	0.1243747956	-0.0857968266	0.0433085591	0.0023940035	-0.1810858634	-0.0934064604	-0.0305875631	0.0904699609	0.0186530638	0.0659377515	-0.1114877537	-0.0232015901	0.0552774171	0.1133621594	-0.0363686882	-0.1486392745	-0.1143350855	0.0466113778	0.0596516929	0.0744443255	-0.0573573737	0.1766187018	-0.0386630973	0.0115123099	0.0813964191	-0.0695727669	-0.0050684204	-0.1287014744	0.0151740128	0.1275100165	-0.1041631409230063	-0.0077013124539177	0.010849959926946	5.931021351286932e-05	-0.0852661347041703	-0.0487980961594161	0.0072703137273897	0.0023812541887836	0.4106280458118831	0.0434149506502308	0.0018848579399619	0.1686153920072859	0.0004693490617498	5.46539311535e-05	2.987052190531518e-09	2.202885417654176e-07	-0.0007479101026848	0.0004625388318893	5.59369521697988e-07	2.139421710055182e-07	-0.0017418265235188	0.0004149246455651	1.721624614974068e-07	3.033959638033589e-06	0.0
771.5847150740624	-0.9523704167075948	595342.9725359221	0.9070094106197978	1057.219404804108	0.6372651400633913	1117712.8698943525	0.4061068587400137	799.4615298085221	-1.098569566320748	1.2068550920461565	639138.7376437824	825.5939175274953	711.9443464379411	1.01022	22.232845	0.0294566134791423	0.0210451853335708	0.0519209411	-0.0335077536	0.0031771033	0.1336120347	-0.1358038987	0.0055852106	0.0553215719	0.0580231272	0.0175134212	-0.0247146087	-0.0554878186	-0.0280187426	0.2214869032	0.0321655465	-0.161795248	-0.0302018751	-0.0248604842	-0.0777159805	-0.0876149942	-0.0221547591	-0.009142514	0.1331070815	0.0706837163	-0.0270369901	0.0463389444	0.1849335544	-0.0989458983	-0.0497783714	0.0208434061	-0.1623730837	0.0812273078	0.0404905325	-0.1509860357	0.0666373108	-0.0088951462	-0.0420833593	-0.008368807	0.1629644015	-0.0314769327	0.0933865818	-0.0015095475	-0.0496597241	-0.0425876275	-0.0131173277	-0.1407307974	-0.0182611427	-0.227389785	0.080351474	-0.0522391646	-0.0344277947	0.1080567367	0.0932969655	0.045841459	-0.014680354	-0.0074936342	-0.0221586576	-0.0101448893	-0.101406538	-0.0076103997	0.0702331502	-0.0149648418	0.17374747	-0.069766466	0.0542066522	0.0251710012	0.0963959817	0.0790098589	-0.0353834396	0.0001872097	-0.0971906011	0.1413315354	0.045634349	-0.0110793158	-0.1064116462	-0.1026450413	0.0839850967	0.1025227375	-0.0590915486	0.1950549661	0.1293284876	0.0518699994	-0.0799179543	0.0238409563	0.0205752986	-0.0004862637	0.0393671245	0.0178673292	-0.0212341889	-0.1184647226	-0.1309915494	0.1639536874	0.0410444636	0.0490420848	0.0485153411	0.0613769244	-0.0180652793	-0.04879776	-0.0955821241	0.086059173	0.163001655	0.1128922191	-0.0427932011	-0.0246597097	0.0596995461	0.0915975508	0.0528898647	0.0538828372	-0.1804290567	0.0806939289	-0.013317998	-0.0600649333	0.0370256597	0.0328216523	-0.0406621393	-0.086900371	0.033507639	-0.037558358	-0.0084435077	-0.1279949812	0.0251860523	0.124700488	-0.105568920308471	-0.0014057793854646	0.0111447969350963	1.9762156805975038e-06	-0.0854598665595176	-0.0001937318553472	0.0073033887923705	3.7532031776305446e-08	0.4057971531233448	-0.0048308926885383	2.333752416817293e-05	0.1646713294830113	6.033029558095873e-05	-0.0004090187661688	1.672963510782813e-07	3.6397445648858475e-09	-0.0007475555709841	3.545317007000058e-07	5.588393317093637e-07	1.256927268012385e-13	-0.0017929774166451	-5.115089312629994e-05	2.616413867618158e-09	3.2147680165993365e-06	0.0
772.1295203253511	0.5448052512887216	596183.9961578568	0.2968127618317671	1059.3493699722635	2.1299651681554224	1122221.0876606316	4.536751617555357	799.9760382964488	0.5145084879267188	0.2647189841486385	639961.6618484813	826.4751967364172	713.9051575657126	0.943072	20.755054	0.0539128587581242	0.0285368275182873	0.0547902629	-0.1190886093	0.1063176451	0.1044164131	-0.026235472	-0.0396772029	-0.0257546187	0.0942822305	0.0493252691	0.0474933655	-0.0835912958	0.0813350298	0.0736423536	-0.0062748434	-0.1396726351	-0.0730523543	-0.0757979919	-0.0741720532	-0.0639196184	-0.0758636329	-0.0143501019	0.1214925896	0.0760519953	0.0955482994	0.0774379514	0.0787453131	0.1094615005	-0.0045745238	-0.0147636287	-0.1110452803	0.1366743473	0.0225777258	0.1198638714	0.1425844942	-0.0830039553	0.1725767936	0.0453664828	0.056572746	-0.0116532441	0.157633718	-0.220358877	0.0054775238	-0.1311671928	-0.0282715377	-0.019687763	-0.0682666709	0.1406225841	-0.02338482	0.0491840777	0.0922083681	-0.1010666415	-0.0764326338	0.0606673157	0.0042748515	0.2730532862	0.0609802529	-0.0852633017	-0.08580782	-0.0239716126	0.0616425449	-0.0469364492	0.1501896335	0.0953840071	0.0425889857	-0.0070717503	0.0453644611	0.0551763022	-0.0398871203	-0.0627668155	-0.0373706257	0.1084800441	-0.0269502096	0.0847543022	-0.0367590411	0.0417403512	-0.0090194755	-0.1427240173	-0.1535820596	0.1296689936	0.0291452908	0.0517890881	-0.1235640036	-0.1432244919	-0.0783585939	0.1818450072	-0.0736084297	-0.0235729601	-0.0828885553	0.202197351	-0.1141482131	0.1244199775	0.0092930275	-0.049294234	0.0594103875	0.0888513124	0.0031130929	-0.0839245665	-0.1827580313	-0.0393302941	0.1349669938	0.0797732086	0.0157293256	0.023055051	0.0748524938	0.0830817527	-0.0671866506	-0.0488614431	-0.075707512	0.0138747191	0.1161916283	-0.1022943969	0.0996101017	0.0544715664	0.0326827772	0.0720758023	0.0102508377	0.0389445689	-0.0118128082	-0.1269376627	0.0350428114	0.1205247148	-0.1128326710798717	-0.0072637507714007	0.0127312116630185	5.276207526902436e-05	-0.0670712828070492	0.0183885837524683	0.0044985569773831	0.0003381400124215	0.422878793597377	0.0170816404740322	0.000291782441284	0.178826474074373	-0.0001236552776397	-0.0001839855732206	3.385069115333437e-08	1.5290627688151293e-08	-0.0007468927120313	6.62858952799961e-07	5.578487232854704e-07	4.3938199130706093e-13	-0.0017540481736141	3.89292430310001e-05	1.51548596296667e-09	3.0766849953589594e-06	0.0
772.0031226643941	-0.1263976609569681	595988.8214035756	0.0159763686953926	1060.545302578303	1.1959326060396052	1124756.3388209045	1.4302547981886815	800.0987258119532	0.1226875155043671	0.0150522264606343	640157.971045911	827.1469272433984	724.500519763958	0.908378	19.991512	0.054499098103484	0.0317119731195236	0.0409099213	-0.1380722326	0.0649894604	0.0138664201	0.0890645939	-0.0179666144	-0.0950863086	0.1286018251	0.0514874419	0.0079957637	-0.037299656	0.0604577786	-0.0102056247	0.0314299905	-0.1784624813	0.0046881936	-0.0391710237	-0.0481184015	-0.0508004855	-0.0794698507	0.1580582101	0.0436486359	-0.0052728143	0.0663479404	0.1146208734	-0.0704383185	-0.0030681795	-0.062632077	0.0753091403	0.053251524	-0.1606961558	0.0832251137	0.0288836336	0.1323119717	0.0938720885	0.1346382259	0.0965236539	0.025803389	0.0955851478	0.0639998318	-0.0015103413	0.1353291289	-0.0576183413	-0.0992180233	0.0253632116	0.092384297	0.0325237632	-0.1746050109	0.0217327139	0.1255156969	-0.0741966113	-0.0134963246	0.0564500473	0.0130788456	-0.0483889896	-0.17931907	-0.1329006528	-0.0783847567	-0.0216180342	-0.0782620215	-0.0285500297	0.065838591	0.0567786024	-0.0177451161	0.0195205305	-0.0305124904	-0.0689717631	0.0337541135	0.0464562726	-0.0191323225	0.1328146597	-0.0564354859	0.1290812738	0.0342209915	0.0039644416	-0.1747645035	-0.0227996496	-0.0567627142	-0.0395893092	-0.032185872	0.0543383619	-0.103162302	0.0626815045	0.1344657792	0.0021016109	-0.075605648	0.0208464009	0.0804151387	-0.0135042117	-0.014583524	0.1497340538	-0.0944516975	0.08464981	0.0736781938	0.0796588701	0.0446822144	-0.1368933603	-0.069118097	-0.1121653429	0.0262023237	0.0736823559	-0.0039000073	0.0233738908	0.0604330658	0.0125004382	0.02781453	-0.1302533102	-0.0937975376	-0.0555610617	0.1075485536	-0.0996644968	0.0656069728	0.0055179863	-0.0387578226	-0.0770458024	0.1146605815	-0.0731065881	-0.0151740128	-0.1255324169	0.0446835199	0.1150284477	-0.1145057325441456	-0.0016730614642739	0.0131115627854714	2.7991346632383285e-06	-0.0854658926459563	-0.0183946098389071	0.0073044188057701	0.0003383616711256	0.4485998329040725	0.0257210393066955	0.0006615718630165	0.2012418100815617	4.3847104284951296e-05	0.0001675023819246	2.8057047950431744e-08	1.922568554175394e-09	-0.0007475390292732	-6.463172419000473e-07	5.588146002867182e-07	4.177259771772843e-13	-0.0017479891229085	6.059050705599974e-06	3.671209545303155e-11	3.055465973806427e-06	0.0
772.5388196058942	0.5356969415000776	596816.2277980683	0.2869712131325376	1055.8237686505602	-4.721533927742939	1114763.8304474717	22.292882630827663	800.5366864690627	0.4379606571095564	0.1918095371758345	640858.9863828664	827.1154742421002	719.854371194009	0.898211	19.767761	0.0275422360780272	0.0150415444451677	0.0602660918	-0.1118253826	-0.0464482766	0.0137022853	0.1164951926	0.021120383	-0.0382500309	0.0798031708	0.1025274026	0.0033297457	0.0406508327	0.0034034937	0.016430146	0.0675978266	-0.1647359679	-0.0656124169	0.0423696818	-0.0752342728	-0.0724063028	-0.0948112137	0.0754392691	0.0181291155	-0.092370584	-0.0246096068	0.0947196944	0.0740652263	-0.0479853018	-0.1712965893	0.075500463	0.0382104441	-0.105739858	-0.0908902316	0.0933123976	-0.011825523	-0.0123053625	0.0988264507	-0.0055982155	0.0106872168	-0.005012074	-0.0384509341	-0.119665586	-0.0637574113	0.1327669816	0.0812633456	-0.1760267023	0.0795330632	-0.0968160798	0.1138674281	0.1693208471	-0.0592381814	-0.0088531423	-0.0291800915	0.0638686336	0.0885571997	0.1717112757	0.0878435701	-0.1150631675	-0.0943987712	-0.0009608817	-0.0218424108	-0.1174770246	-0.022436138	-0.0224066551	-0.0442095138	0.056826981	0.0233821063	-0.0338406687	0.0903142767	-0.1034456277	-0.2474968183	-0.0035599068	-0.0962159245	-0.0803774581	-0.0238904855	-0.0509169026	-0.1380578449	-0.0672938105	0.0472543904	-0.092202345	-0.0464236482	0.0855040122	-0.1597155151	-0.0808587014	0.044052508	0.081438237	0.1038427497	-0.10093251	0.0792755708	-0.020541838	0.068420637	-0.0220455831	0.111883172	0.0271774827	0.0735271733	0.077336193	0.077564645	-0.1879587244	-0.0255882968	-0.0490206209	-0.0326427168	0.110076328	0.0068324642	0.0083981795	0.036934544	-0.0294008666	0.1541697107	0.0138674081	-0.1274222715	0.0219154124	0.0775631436	0.074486857	-0.0177765546	-0.1739840747	0.02561818	-0.08676895	0.1214857716	-0.0262381487	-0.0185248178	-0.1237830955	0.0540487397	0.1082719048	-0.1225962456141047	-0.0080905130699591	0.0150298394386738	6.545640173517905e-05	-0.0891959783982088	-0.0037300857522524	0.0079559225624137	1.3913539719157029e-05	0.4486441165591657	4.428365509318022e-05	1.9610421084117464e-09	0.2012815433231542	0.0002162944021165	0.0001724472978315	2.9738070529402865e-08	4.67832683869342e-08	-0.0007477052565443	-1.662272710999547e-07	5.590631506639775e-07	2.7631505657337833e-14	-0.0018889226698203	-0.0001409335469118	1.9862264645140567e-08	3.56802885256105e-06	0.0
773.3796011039223	0.8407814980280364	598116.007403662	0.7069135274262689	1064.0304081886327	8.206639538072523	1132160.7095500682	67.34893250785518	800.3574224755248	-0.1792639935379156	0.0321355793791618	640572.0037116657	826.9072739835536	723.8084179268585	0.955098	21.019712	0.0868551298430458	0.0475143031738134	0.056109055	-0.055499313	-0.1192470842	-0.1068310267	-0.0105539378	-0.0854918295	-0.0179316881	0.1195876098	-0.0533203737	0.0097841303	-0.0175836297	-0.1682496616	-0.1136344755	-0.0105167313	-0.0400509877	-0.0111628381	0.079151843	-0.1376083894	-0.0092829537	-0.0126423533	0.1452581674	0.0392030534	-0.0262723521	-0.0422862229	-0.0747096248	0.0242279114	-0.0805899437	-0.1488173315	0.0298353471	0.0669126437	0.0931469726	-0.0002557774	-0.0807411948	0.010426517	0.0438790956	0.0672727609	0.0951907447	0.0136730229	0.0884610444	0.1129566302	0.1274179331	0.0380789083	0.0589159457	-0.1875018836	-0.1075844635	0.0202947272	0.0652862255	-0.1558464511	-0.1334846115	0.1358171451	-0.0508894137	-0.0197938952	0.0138537731	0.1284068501	-0.1367531145	0.1834391444	-0.0531153645	-0.1000393427	-0.0530484255	-0.0948447083	-0.0641816275	0.0299030608	-0.1067994827	-0.0101549467	-0.0074096097	0.0001938663	0.08137178	0.076033723	0.0339704043	-0.1144803652	0.00198737	0.0153102973	0.0177940413	-0.0386975525	-0.1531505801	0.0564177002	-0.0938043051	-0.0583682822	0.0651410796	0.1035214143	0.0237096182	-0.1466378572	0.165294833	0.0230463614	0.0563429476	-0.1033666368	0.0732217857	0.1767767112	-0.1319110134	0.0449420728	-0.0325370814	-0.1280818405	-0.0561808657	0.0541192997	0.0131537335	0.0626476447	-0.077450326	0.168141793	0.0335941733	0.0302934094	0.1056132319	0.0106997551	0.0012505794	-0.0290255314	0.0294973103	0.1190748056	-0.0655908138	-0.0362636186	-0.0450402838	-0.0226680787	-0.1507082497	-0.0759232426	0.1346319662	0.0357140074	0.0513149869	-0.0802266211	-0.1044896259	-0.0218629269	-0.1216944932	0.063080731	0.1003291122	-0.1257349127039759	-0.0031386670898712	0.0158092682726764	9.85123110104058e-06	-0.0529830054751983	0.0362129729230105	0.0028071988691848	0.0013113794079226	0.4232680671441216	-0.0253760494150441	0.0006439438839147	0.1791558566639206	0.000390693654458	0.0001743992523415	3.0415099217274195e-08	1.526415316337471e-07	-0.0007479219163997	-2.1665985539996106e-07	5.593871930309997e-07	4.6941492941932033e-14	-0.0021568555659258	-0.0002679328961055	7.178803681548075e-08	4.652025932265104e-06	0.0
772.1155410115275	-1.2640600923947432	596162.4086715238	1.5978479171850066	1062.6691727311645	-1.361235457468183	1129265.7706731376	1.8529619706686136	800.4744006926344	0.1169782171095903	0.0136839032781384	640759.2661642322	827.2702416259837	720.7265396375914	0.966316	21.266596	0.0652727607609342	0.0401804572771489	0.0813717007	0.0587632382	0.0055979705	-0.1187434716	-0.0781869232	-0.0572602665	0.02709882	0.0649482357	-0.1554267151	-0.1112796778	-0.0227237771	-0.0574668094	-0.0279806973	0.0234643441	-0.0648117728	0.0265366128	0.0061651997	-0.1255073127	0.0495341066	0.0377544715	0.0452609091	-0.0348859402	-0.0524116521	-0.0900604266	-0.0580762462	0.146567931	0.0757046604	0.0524664368	0.1129756515	0.0009944058	0.21425786	-0.0699260775	-0.0669991475	-0.0275527651	0.0240334145	0.0365813439	0.0808917473	-0.0710750591	-0.0670707749	-0.0204473242	0.0597801468	0.0468363748	-0.0486989215	-0.1220936264	0.0005135448	-0.0623474825	0.0059064018	-0.0405733331	-0.0445459292	-0.0517183485	-0.0879893074	0.0780602184	0.0677698467	0.1073830622	0.0404950862	-0.1143362119	0.0569166293	-0.0966541977	-0.0775389982	-0.0919967216	0.0997678464	-0.004864472	-0.0613218058	-0.0498349922	0.0752021919	0.1547906527	0.0453178319	0.0497032096	-0.1411276681	0.1218998378	0.0965172278	-0.0293134827	0.0619931193	-0.03780513	0.0333764956	0.174829321	-0.0343977148	0.0275497625	0.0445034936	0.0371525897	0.0859165523	-0.0220382461	-0.1147908875	-0.015250961	0.084658786	-0.0351377848	0.0297906289	0.0580897708	-0.0365434908	-0.1317289067	0.0126293164	-0.0638357281	0.0659298812	0.0859158831	-0.0691472345	-0.0492848038	0.0049808557	0.110966688	0.0017761082	0.0931895949	0.0746718642	0.116772097	-0.0880965374	-0.1753679668	-0.0522701851	0.0427070208	-0.0263882956	-0.1196673201	0.0053886502	-0.1039844834	0.0850717105	0.1412375066	-0.0010758854	0.042747828	0.0703077237	-0.090238774	-0.1708553761	-0.0251860523	-0.1192723348	0.0717238087	0.0912870929	-0.1294094699783841	-0.0036745572744081	0.0167468109200862	1.3502371162906112e-05	-0.0853351344801183	-0.03235212900492	0.0072820851767398	0.0010466602511509	0.4470813402041926	0.023813273060071	0.0005670719738335	0.199881724758777	0.0004986937828544	0.0001080001283964	1.1664027733638893e-08	2.486954890576315e-07	-0.0007485386271306	-6.167107309000726e-07	5.603100763065634e-07	3.803321256073018e-13	-0.0021568163766224	3.918930340006746e-08	1.535801500982539e-15	4.651856882466579e-06	0.0
771.4969467812012	-0.6185942303262664	595207.5388927157	0.3826588217929459	1053.9040192904538	-8.76515344071072	1110713.6818765732	76.82791483920296	800.2698795270835	-0.2045211655508865	0.0418289071582931	640431.8800782928	826.6570249399011	710.665827590782	0.969704	21.341171	0.1241304239711883	0.0617818040653771	0.0993012434	0.1386884967	0.0775741843	-0.0024068686	-0.0596296384	0.0100041562	0.0804738599	0.0784703255	-0.0474287415	-0.0647361267	0.1147262751	0.1010583921	0.0865486612	-0.0040858593	-0.0597593008	-0.0263156469	0.1786705494	-0.1234067805	0.0602671277	0.0484551512	-0.0004396226	0.0663686275	0.0393876646	-0.0217831987	-0.1805743685	0.183751599	-0.060390595	0.1063384284	0.0216632926	-0.0544658732	0.0673434815	0.0180581386	0.0579919917	-0.0788542296	0.07199046	-0.0181729967	0.0747510749	-0.0679289052	0.0849042319	-0.2039627513	0.0237831441	-0.0828925752	0.1430765983	0.0489077311	-0.0393255144	0.0018127941	0.0687570537	-0.0468100509	0.0323311382	0.0230337571	0.1278854691	0.084429095	0.0709927362	-0.0228256966	0.0369256831	-0.0324776019	0.116816888	-0.0893191433	-0.0759273853	-0.0660295649	0.0470196901	0.017616914	-0.0377020786	0.1316872202	-0.0805177012	0.108547861	0.0592112389	0.0759932138	-0.1058721173	0.0155006871	0.0175299131	-0.1552707324	-0.1291745261	-0.0769626023	0.0862801457	0.114417897	0.0153576014	0.02862789	-0.0402461781	-0.0660638319	0.0297544838	0.0029202626	-0.0986369141	-0.0807002513	-0.0811542367	0.1324242446	-0.0236839387	-0.1485179343	-0.0958359471	0.2688356273	0.0667533622	-0.0598469693	-0.0130901631	0.1061964367	-0.0668434624	-0.0650344189	0.1862436384	0.0246036447	-0.0338500186	0.0495764624	0.1453084073	-0.0062976281	0.0131219257	0.0488119454	-0.1160090904	0.0584964872	0.0174822223	-0.0588925227	-0.0165219985	-0.1410766873	-0.0013408605	0.0165857695	-0.0467557051	0.0448585555	-0.1519310609	0.2044316693	0.0410573803	-0.0284919163	-0.1165232592	0.0799246852	0.0812449131	-0.1395977894765536	-0.0101883194981695	0.0194875428267401	0.0001038018541967	-0.1217840858167988	-0.0364489513366804	0.0148313635582334	0.0013285260535437	0.4606343973600459	0.0135530571558533	0.0001836853582698	0.2121840480312526	-0.0001376160794769	-0.0006363098623313	4.04890240900078e-07	1.8938185330592453e-08	-0.0001078519081356	0.000640686718995	1.16320340884899e-08	4.104794718965782e-07	-0.002155011038339	1.8053382834001125e-06	3.259246317510065e-12	4.644072575362935e-06	0.0
773.45298824873	1.9560414675287348	598229.52503089	3.826098222691966	1057.373608593527	3.469589303073235	1118038.9481500974	12.038049932000217	800.6140100960229	0.344130568939363	0.1184258484785296	640982.7931620346	827.7149792703898	724.7940594169113	0.95609	21.041548	0.0660863846210867	0.033114230300859	0.0474317223	0.1327159414	0.1249031895	0.0966577408	0.0044908383	-0.1028871734	0.1231576571	0.0208316295	-0.0622465926	0.1524625366	0.0754320784	0.0687905669	0.0279123884	-0.0284592093	-0.0257525678	-0.0178457385	0.2020975467	-0.0791796373	0.1286531481	0.0044544914	-0.0441080698	0.0594683432	0.1500521636	0.0393043485	0.0310352173	-0.0044147098	-0.0333463972	0.1056720319	-0.059512759	0.01648554	0.0213375784	0.0716006333	-0.0297181969	0.0410662545	-0.2478793896	0.0170162985	-0.1187738718	0.0397030947	0.1177172789	-0.0771404005	-0.0312564409	-0.0081742024	-0.1508603944	-0.040359387	0.0323364614	-0.090314682	-0.0388120156	-0.0795922237	0.0185429956	0.0090434667	0.1449505234	-0.1342565163	-0.1070063356	-0.0172521793	-0.1186910768	-0.0871697077	0.1600692704	-0.0485785966	-0.0754843406	-0.0081151972	0.0244143627	0.0823583094	0.113263679	0.0073980742	-0.1273973138	-0.0174518437	0.1034927067	-0.0539489864	-0.0137663372	-0.0850341668	0.0593760124	-0.1032965287	-0.1229184134	0.1566319265	-0.0260017531	-0.0089763748	-0.052585869	-0.043766908	-0.0204094432	0.107152167	-0.0783693407	0.1548682594	-0.0249961768	0.0598206394	-0.0826664851	0.0217227679	-0.0019786427	-0.0454920323	0.1141648442	-0.0502925553	0.0810415737	-0.0271514982	-0.0243444209	0.078363648	-0.1015347619	-0.0817681254	0.0989521568	-0.1149761938	-0.0555600489	0.0067894065	0.1251627665	0.0676189959	0.0204816042	0.0041713208	-0.0200814104	0.0372031917	-0.0815551875	-0.0040738691	-0.0017984189	0.0181973058	-0.2053174194	-0.010457824	0.1681309984	-0.0168385742	0.0891272241	-0.0727708885	-0.0976842612	-0.0317782535	-0.1134548014	0.0876327994	0.0703125971	-0.1395646574014932	3.313207506039362e-05	0.0194782935955961	1.0977343978075568e-09	-0.0989802706896085	0.0228038151271902	0.0097970939857881	0.000520013984355	0.4530410923643799	-0.007593304995666	5.765828075720649e-05	0.2052462313707106	0.0002291389213047	0.0003667550007816	1.3450923059831145e-07	5.25046452566815e-08	-0.0003142634948576	-0.000206411586722	9.876154420011281e-08	4.2605743133093736e-08	-0.0022949670992988	-0.0001399560609597	1.95876989993832e-08	5.266873986863947e-06	0.0
772.8571709966682	-0.5958172520618064	597308.2067609732	0.3549981978544821	1056.2689721791166	-1.104636414410379	1115704.1415883277	1.2202216080414188	800.9747413812681	0.3607312852452651	0.1301270601547008	641560.5363307893	826.5376387335131	717.1075451252339	1.0019	22.049726	0.0456252207975525	0.0247581601744061	0.071067655	0.0022161731	0.0039738006	0.1743005409	0.0771374341	-0.0572233681	0.0611960646	0.0742593897	0.0282904806	0.1683721052	0.0171977988	0.0502675997	0.1082882221	0.0556134541	-0.0523507684	-0.010346856	-0.0229838519	-0.1098732951	0.0437920541	-0.0473552569	-0.0240404571	-0.0029524646	-0.0064187647	0.1769383958	0.1174809057	-0.0581161073	0.156323457	0.1690268835	0.00501089	0.091245675	0.0924572822	0.0579158915	0.0426559322	0.0014187316	0.0448696453	0.0367382741	0.0080902283	-0.0774082796	-0.0901111466	0.0501137921	0.1726091397	-0.0479080073	-0.0014045122	0.15145611	-0.0368816933	0.0275572734	0.0987640399	0.1269546922	-0.124260183	-0.1977080288	0.0124974252	-0.0252063509	-0.0755352464	0.0605957396	-0.1263515274	-0.0571046441	0.0421831646	-0.0982404816	-0.0593577414	0.0856757903	-0.1141311913	0.0206308692	0.0928633505	0.0379147665	-0.0047598922	0.0618724887	-0.0245104706	0.0891154766	0.0068812178	0.0614499789	0.0367962282	0.0955911263	0.1188361805	0.0827176489	0.0348777426	0.0414447252	0.0824335771	-0.1314634534	0.0018310437	-0.1088172008	-0.004248533	0.1937099876	0.0296401614	0.0044715692	0.0302226031	0.1947326041	0.1398272646	-0.06932511	0.0714421837	-0.1671447549	-0.2898711136	0.0031006867	0.0187837558	0.0846759554	-0.0176977393	0.0410481685	-0.1376189993	-0.1711469903	-0.0029376298	-0.0875743495	0.075849499	0.0508533797	-0.0191478846	-0.0988586936	0.0513929797	0.0685461436	0.0573325741	0.0094580306	0.0355919586	0.0344362494	-0.0398779588	0.004168865	0.0429004176	-0.0416198305	-0.0843126684	0.0779576806	0.0114382321	-0.0350428114	-0.1100753719	0.0948006283	0.0586099215	-0.1410069152190232	-0.0014422578175299	0.0198829501395847	2.0801076122263715e-06	-0.0825160514182812	0.0164642192713273	0.0068088987416644	0.0002710705162143	0.4522930243886947	-0.0007480679756852	5.596056962457802e-07	0.2045689799106723	0.0003069364890688	7.77975677641e-05	6.052461550009732e-09	9.421000832188158e-08	-0.000426905981316	-0.0001126424864584	1.8224871688337697e-07	1.2688329755530832e-08	-0.0026439405597365	-0.0003489734604377	1.2178247608986324e-07	6.990421683419758e-06	0.0
771.4581153499461	-1.399055646722104	595147.6237392907	1.9573567026250047	1053.9438045972015	-2.3251675819151387	1110797.543248824	5.406404283989094	800.3978126266561	-0.5769287546120268	0.3328467878981841	640636.6584575357	826.1677531941141	709.4019898852787	1.002725	22.067883	0.0865855370191988	0.0430963112093045	0.0645273615	-0.1341656113	-0.1063197975	0.0987760294	0.0719613657	-0.0058599429	-0.0485389435	0.0990013475	0.0932013757	0.0861152423	0.0634847284	-0.123104633	0.0261732159	0.0975481387	-0.0712202225	0.010432291	0.0212191877	-0.0568420069	-0.035018283	-0.124432673	-0.0181731905	-0.0206192869	-0.0324504411	-0.018319508	0.0394890162	0.0333658678	-0.082017427	-0.0280260505	0.0156375942	-0.114487756	0.0347235999	-0.014620933	-0.0427383421	-0.1874438477	-0.0273566715	-0.067877106	-0.0603722545	0.0331913144	0.0216579055	-0.0236813614	-0.053695724	0.049784481	0.1215056246	-0.0520620808	0.1308958333	0.158144124	-0.0045247001	-0.0462816612	-0.1250325427	-0.0254423879	-0.1906895558	-0.0362752368	-0.0544181117	-0.1259040945	-0.0343929134	-0.0660332079	-0.1344965122	-0.0821085641	-0.0659489996	0.0660912748	-0.1327995935	0.0018981243	-0.0088231091	-0.0610451559	-0.0873500867	-0.04914691	0.0119709612	-0.0057191593	0.0040723191	-0.0325228533	0.0107616339	0.0096795059	0.0135802827	-0.0940403517	-0.1128373528	-0.001561466	-0.0116039413	0.104748011	0.0738796536	-0.135486858	0.0499838207	-0.0951304421	-0.1416988005	-0.1423556639	-0.0330558517	-0.0461045301	0.081590291	-0.0758863607	0.0628573	0.0752101507	-0.0810217695	-0.0353196198	-0.0760280878	0.0682798554	0.0212561359	0.1014629118	-0.1279107852	0.000609419	0.070302704	-0.1017139283	0.0427197438	-0.0018001307	0.0580414322	0.0422683322	0.0260219217	-0.0011791349	-0.0418600787	0.000296952	0.0101201079	0.0475230833	-0.0957516238	0.0237826067	0.0437994989	0.1177968241	0.0531546489	0.0540244014	0.0657787125	-0.0382833527	-0.1063942335	0.1013839798	0.0462651033	-0.1519260141923268	-0.0109190989733035	0.023081513788367	0.0001192267223887	-0.0541471670901785	0.0283688843281026	0.0029319157038917	0.0008047935980212	0.4547216547377672	0.0024286303490725	5.898245372436188e-06	0.2067717832874531	-0.000215874268597	-0.0005228107576658	2.733310883310878e-07	4.66016998422897e-08	-0.0003132431633363	0.0001136628179797	9.812127937693193e-08	1.2919236191086421e-08	-0.0023830356680076	0.0002609048917289	6.807136252806909e-08	5.678858994996429e-06	0.0
772.1111312296571	0.6530158797110062	596155.5989687408	0.4264297391547392	1066.7384385757794	12.79463397857785	1137930.8963350917	163.70265864577885	801.7232654005129	1.3254527738567958	1.7568250557246743	642760.1942844612	828.9766748706522	724.4803070921797	0.990828	21.806049	0.0892746883874229	0.0400670948738226	0.0994095631	-0.0940871549	-0.1083007568	-0.0990535753	-0.0990074265	-0.076771886	-0.1195466182	0.1336585454	-0.1242474868	-0.0013684747	-0.00386528	-0.1885249058	-0.0544361946	-0.0583803777	0.0654124647	-0.0473071005	0.068166739	-0.1112955769	-0.0480580358	-0.1380161038	0.0529060696	-0.0792923225	-0.0975946075	-0.1599069816	0.0172113998	-0.0101711218	-0.0919415045	0.0010202112	-0.0295236275	-0.0358589865	0.0184085955	-0.0157891398	-0.0366573149	0.1465880142	0.0812945275	-0.034358253	0.0352191993	0.020091864	0.0039390946	-0.0212098313	-0.0398870666	0.0662251754	-0.1097262913	0.0996208403	-0.128719935	-0.0750176296	-0.01302018	-0.1089351618	-0.0581874653	-0.2275772097	-0.0280155165	-0.0127997977	0.0234317501	-0.1129159964	-0.0701337316	0.0570485537	-0.1183733835	-0.1270281825	-0.0843252804	-0.0317788469	0.0626454764	-0.0973495927	-0.1381713157	-0.0747075502	0.0062883354	0.012099154	-0.0629058195	-0.0671667774	0.0350440996	0.0177410953	-0.0863784938	-0.0822367833	-0.013795565	-0.077601805	-0.0560389467	-2.19314e-05	-0.0225450349	-0.0614417314	0.0212974235	0.1168236322	-0.0566115986	0.0239306369	0.014147357	0.1081041878	-0.0491900192	0.0796809754	0.0459330669	-0.0341147119	0.041573007	-0.0853095855	-0.0783058659	-0.1133847939	0.0029097089	0.0887245887	0.0171048894	0.131783595	-0.062540873	0.0989198167	0.1167905977	0.0146704076	0.0470160898	0.1172405333	0.0421217411	-0.0873049691	-0.0176712237	-0.0163785848	0.0154387286	-0.0702593164	-0.0530851969	0.0674839391	-0.021463703	0.0382957851	-0.1622495143	0.0736516935	-0.0489870821	-0.0162267907	-0.0072158637	-0.0414976565	-0.1024214758	0.1073422654	0.033413395	-0.1515871438696763	0.0003388703226504	0.0229786621865659	1.1483309557324098e-07	-0.0699704566623182	-0.0158232895721397	0.0048958648055333	0.0002503764928837	0.47553150735245	0.0208098526146827	0.0004330499658448	0.2261302144848931	0.0002628413512749	0.0004787156198719	2.2916864470933746e-07	6.908557594001537e-08	-0.0001158614246306	0.0001973817387057	1.3423869717432206e-08	3.8959550774485225e-08	-0.002752991826989	-0.0003699561589813	1.368675595682709e-07	7.578963999468232e-06	0.0
771.6855018944008	-0.4256293352563034	595498.5138340133	0.1811603310307227	1060.7309461619757	-6.007492413803675	1125150.1401456802	36.0899651019087	800.5067694157309	-1.216495984782	1.479862480990728	640811.0878804101	827.1144399293836	721.8171007554453	0.952845	20.970133	0.0521125778311635	0.033591608869535	0.0573925617	-0.0324873538	0.0976012181	-0.0901554667	-0.0862437237	-0.070086473	-0.0937693966	0.049814266	-0.1217015743	0.0241502892	0.0411257912	0.0131011967	0.0187392964	0.0479539838	-0.0114635498	-0.0918654285	0.0158219123	-0.0438719171	0.0530883398	-0.1418025877	0.0602188567	0.0080139823	0.0968027982	-0.1199562505	-0.0465728053	0.0756383473	0.1345865584	0.1726004144	-0.066419713	-0.183455068	-0.0945947146	0.0861862957	0.2028956788	-0.0148375144	-0.0488606054	-0.0598758707	-0.0456486809	0.1312998864	0.0248582466	-0.0663299444	-0.0009966924	0.0037453863	-0.059047883	-0.0348746182	0.0999430139	0.0493441665	-0.1030888613	-0.0440000654	0.2153671847	0.0453675015	-0.0929936001	-0.0614016431	-0.0907744306	-0.0217321428	0.0296353948	0.0656696848	-0.0527592972	-0.0334393567	-0.1487970052	-0.0694666735	0.1006069638	0.0464766837	-0.0085578026	0.0308370796	-0.0343533383	0.1246527096	-0.0388044279	-0.0725705094	-2.57003e-05	-0.0071308397	0.0745458135	0.0479055796	-0.1980164588	0.0838112489	0.1253683455	-0.0252822749	-0.0729670079	0.0156586387	0.0358786292	-0.1713626814	-0.212010066	-0.0560562144	-0.0728507143	0.0591188551	-0.0222492021	-0.0471893485	-0.1473742441	-0.02703062	0.1295358898	-0.0024215751	0.0052186691	0.0728768787	-0.10775984	0.0589632756	-0.0215693131	0.1003464853	0.035384422	0.026082276	-0.0478959832	0.0667202896	0.0494101065	0.1702012613	-0.0070034825	-0.1346115302	-0.0683276809	-0.0429095172	-0.0323800983	0.0554973794	0.0591046279	0.0698795883	0.0723599451	0.0211827532	-0.0466433995	-0.0002529541	0.0991389994	-0.0576154403	-0.0125965008	-0.0446835199	-0.098167988	0.1126387502	0.0201956026	-0.146473466236344	0.0051136776333323	0.0214544763112894	2.6149698937643175e-05	-0.0664366560093583	0.0035338006529598	0.0044138292617058	1.2487747054859804e-05	0.4422411623126336	-0.0332903450398163	0.00110824707287	0.1955772456436291	0.0001937532690231	-6.908808225179999e-05	4.77316310923148e-09	3.754032925713776e-08	-0.0001742739430325	-5.84125184019e-05	3.0371407220095055e-08	3.4120223060523063e-09	-0.0028289863164364	-7.599448944739995e-05	5.775162426370982e-09	8.003163578584391e-06	0.0
770.9410481311963	-0.744453763204433	594350.0996936276	0.554211405549242	1053.8418679433323	-6.889078218643363	1110582.682630292	47.459398702586405	800.5584119274706	0.0516425117397147	0.0026669490187865	640893.7709078337	826.5859671531202	719.1650406519572	0.952464	20.961746	0.0466562612305507	0.0301202338212602	0.0427398824	0.0620186368	0.0712285338	-0.078505163	0.1585361824	0.0017510865	-0.0181887661	-0.0240476366	-0.0228001772	-0.0359259065	0.0937115289	0.1491972941	-0.0691138387	0.1372597898	-0.043867232	-0.162989684	0.0807727682	-0.0814855628	0.0212955769	-0.0954287422	0.0789445136	-0.0634671815	0.0593385474	0.0154017357	0.0162088232	0.1684336058	0.0318253723	0.0824225274	0.1350040861	0.1506718075	0.0336494075	0.1502833017	-0.058279346	0.0003753111	-0.0606191145	0.0740539881	0.0393795862	0.0018356783	-0.1759260968	-0.1615987492	-0.0407669576	-0.0095509188	0.0450188883	-0.1309174172	0.0342069794	0.0366502846	-0.1029435804	0.0851954858	-0.0958507126	0.0657989784	0.1173487934	-0.0329928538	-0.04101185	0.0607070326	-0.018021396	-0.0180766434	0.0092555568	-0.0471788622	-0.0474259047	-0.0827900897	-0.0416482681	-0.0566951448	0.107482445	0.0306094385	0.14906049	0.1237891103	-0.1258963697	0.1087226045	-0.0286038335	-0.0697696957	0.0628290794	-0.0006822568	-0.16348216	0.0486620475	-0.1447623902	0.1706162791	0.0014763256	-0.0613898422	-0.0571021271	-0.0914071863	0.1237478004	0.0517143341	-0.0258608815	0.017634975	-0.0786574499	0.0054509445	0.0110572976	0.0115917048	-0.0462888158	-0.0127312926	-0.1257174507	-0.0173821525	-0.0102913144	0.0594042849	-0.0736052137	0.0300591148	-0.0855787741	0.0211761962	-0.1307437795	-0.074547195	0.0360245931	0.0893409563	-0.0587107738	-0.1488477166	-0.1250357097	0.0618894761	0.008239274	0.0245945524	-0.0348891686	0.022084835	-0.0363957618	0.0579310961	-0.0494384446	-0.1050518875	-0.0786606556	0.0422229116	0.0730615963	-0.0478387595	-0.0936454286	0.1172407796	0.0067565429	-0.145777732138967	0.0006957340973769	0.0212511471875804	4.840459342529872e-07	-0.0950290436862388	-0.0285923876768804	0.009030519143921	0.000817524633065	0.4423126204558869	7.145814325326683e-05	5.1062662372044035e-09	0.1956404542145534	0.0002685758147219	7.482254569879997e-05	5.598413344849011e-09	7.213296825353234e-08	-0.0003143621653294	-0.0001400882222969	9.882357099058904e-08	1.9624710026305676e-08	-0.0026979634581713	0.000131022858265	1.7166989387956426e-08	7.2790068216276414e-06	0.0
770.3319435949375	-0.609104536258883	593411.3033227539	0.3710083360911488	1052.4055875316603	-1.4362804116719872	1107557.5206678591	2.062901420952653	800.2028913958554	-0.3555205316151841	0.1263948483999431	640324.6673982872	826.2045242291838	713.3772289058468	0.975398	21.466482	0.0678550159509092	0.036269217168403	0.0672959557	0.1275555129	-0.141764639	-0.050468437	0.0734142027	0.0698386281	0.1591178469	-0.0052693074	-0.0242710562	-0.0957240001	0.0791215726	-0.0449870772	-0.0706037338	0.0550747809	0.1151721094	0.0134918515	-0.0579685612	-0.099773364	0.1818165774	-0.0110901633	0.0005785175	0.0353758135	-0.0668608931	-0.0441692648	0.009849518	-0.1150528966	0.0273386593	-0.2098746145	-0.021186214	-0.0544421643	0.0276989886	0.055291305	0.0578000829	-0.00800044	-0.0898176943	0.0117985581	-0.0743956299	0.0518824123	0.0399511137	0.0367090708	0.0381274771	-0.0950138958	0.0640366609	-0.1756559288	0.0045234917	-0.2438088707	0.1118328889	0.1655831101	0.0702209905	-0.1761492034	0.0815335642	0.0798591383	-0.0416243955	-0.0928067976	-0.0876625383	0.0592836181	0.1246142409	-0.0396087339	-0.0821806147	-0.0398151588	-0.1060507435	-0.0702641592	-0.0679049301	-0.051815174	0.0832284071	-0.1424901229	0.1464339145	-0.0409215856	0.0224828667	-0.1034470702	0.031763038	0.03317121	-0.099985545	0.0997512709	0.166874627	-0.0250173384	0.0081063894	-0.0121103635	-0.0163627939	0.1574361304	-0.0260953277	0.1181975307	0.0343077067	-0.1113867695	0.0452310742	-0.077386121	-0.0914387417	-0.0309342625	0.0199331246	0.0077090292	-0.1732230979	-0.0734891283	-0.1129056578	0.0643147714	-0.1191296804	-0.0635667469	-0.071633627	0.090475139	0.0508413768	-0.1143568079	0.0037092043	0.0206854882	-0.0610643469	-0.0925874864	-0.0382327862	-0.047760943	-0.0509179382	-0.0270201703	0.0254291061	-0.0170428098	0.0493121911	-0.080758956	-0.0397841534	-0.0484184005	0.0971265522	-0.0518778177	0.0869144343	-0.0509612127	-0.0888661936	0.1211199807	-0.0067565429	-0.1581954026604961	-0.012417670521529	0.0250257854229164	0.0001541985411812	-0.0670625433332929	0.0279665003529459	0.0044973847183297	0.0007821251419913	0.4594041687461612	0.0170915482902743	0.0002921210229587	0.2110521902613513	0.0002130519823367	-5.552383238519997e-05	3.082895962739781e-09	4.5391147177597534e-08	-0.0003143045751257	5.7590203700016215e-08	9.87873659449468e-08	3.3166315622093613e-15	-0.0028499679713056	-0.0001520045131342	2.3105372013195483e-08	8.122317437467757e-06	0.0
772.0443838364298	1.7124402414923452	596052.5306133726	2.9324515806823617	1059.4521080260952	7.046520494434844	1122438.769200937	49.653451078490285	801.0949403220297	0.8920489261743114	0.7957512866887421	641753.1034095564	828.2643948765011	716.7082669312532	0.962065	21.173046	0.039643258184533	0.0208212442933858	0.059011115	0.1208400744	-0.0520545289	0.0031518697	-0.0815850358	-0.0052412282	0.1346032214	-0.0473367937	-0.1884971676	-0.0713899333	0.0312051008	-0.0370426561	0.0134897618	0.1148265112	0.0580194395	0.0314283022	0.0997741463	-0.0421188105	0.1613576268	0.0820329903	-0.174213085	0.0206222085	-0.0264188476	-0.1114058564	-0.0121937842	0.044260578	-0.0141830134	-0.0333136278	-0.0309754337	0.0055952344	0.0529831977	-0.091436631	0.0111780826	-0.3279588536	-0.0613130356	-0.1297677023	0.082729824	0.0904201528	-0.0907657801	-0.0411401854	-0.0564386932	0.1451445474	-0.1310921846	0.0951056311	0.0259639585	-0.0647019798	-0.0186937579	-0.0657054552	0.0200363455	0.0932011103	-0.1068124441	0.029717174	0.0015664887	-0.0416673127	-0.0242878472	-0.015994535	0.1652158733	-0.0314001699	-0.1091722719	0.0434429968	0.1037936103	0.0138231392	-0.0755755652	-0.1248143068	0.0723698517	-0.0293470692	0.0588462087	-0.1248414459	-0.034803019	0.0463759496	-0.0767511391	-0.0544918297	-0.0029509513	-0.0146830136	0.094721717	0.0484291802	0.0760085235	0.2888881136	-0.0257171502	-0.0939094512	0.0756532273	-0.1101485447	-0.0762476566	-0.0997612706	-0.0721589502	-0.0469753239	0.056135139	0.0099328508	-0.0027573442	-0.0633226442	0.1139957355	-0.0228131743	-0.0266353891	0.0478178708	-0.1393278618	-0.0762787308	0.0249523607	-0.0172018934	0.1373238257	-0.0046893877	0.0613281537	0.067201192	-0.0472420507	-0.0722160741	-0.0155277611	-0.0251562237	0.2239816136	-0.0246294749	0.0107855712	-0.0721558788	-0.0450301358	-0.092436246	-0.0554467422	-0.0785070579	0.0200037842	-0.1717568945	-0.0421797894	-0.0540487397	-0.0838433825	0.1242524367	-0.0201956026	-0.1522193764634636	0.0059760261970324	0.0231707385709256	3.5712889107618685e-05	-0.0677912446042654	-0.0007287012709725	0.0045956528449953	5.310055423169465e-07	0.4483324965874686	-0.0110716721586925	0.0001225819243895	0.2010020274963525	0.0002154028748139	2.3508924772000018e-06	5.526695439355561e-12	4.639839847809268e-08	-7.328692912889068e-05	0.0002410176459968	5.3709739811430446e-09	5.8089505681843295e-08	-0.0026559993386229	0.0001939686326826	3.7623830464796094e-08	7.054332486765283e-06	0.0
771.8027661604372	-0.2416176759926429	595679.5098529025	0.0583791013520857	1060.4256005134755	0.9734924873803266	1124502.454224365	0.9476876229859352	800.7537633523958	-0.3411769696339206	0.1164017246085852	641206.5895230247	827.5472173696337	721.9437803821163	0.94656	20.83181	0.024408408070739	0.0167351518847155	0.0497106318	0.0329117267	0.0783690456	0.0998918256	-0.026883868	-0.0306513399	0.035502735	-0.0291396797	-0.1155667572	0.0568687921	-0.0075209463	0.0276596064	0.0449927796	0.0776645318	0.1359053841	0.0383249646	-0.0088900749	-0.0158903112	0.0741085563	-0.0507290659	-0.1354055777	-0.0458105304	0.1333231735	0.0999734415	0.0803552218	0.0470951129	0.0965398007	0.1022086187	0.01447284	0.0182074186	-0.1166579527	0.0814971159	-0.1149321296	0.0416992161	-0.0617559227	-0.0945916897	0.0515356614	-0.0359061303	0.0522393279	0.0654387586	0.1928655294	0.0123362051	0.1736772232	0.1250283109	-0.0835405939	-0.0206875928	0.0912366738	-0.0767922838	0.0303551448	0.0087787325	0.0034479272	0.2133916193	0.013201928	-0.0538212331	-0.033305498	0.0003119361	0.0770193268	-0.0277699909	-0.0904690394	0.1087563279	0.0622824667	0.0395948073	0.1520505519	-0.0163924401	0.1173640521	0.0468270102	-0.0165945519	-0.074450013	-0.0055162647	0.0979781004	0.0611931697	0.0182082103	0.0342368819	0.0963071452	-0.0387727018	0.0410042454	0.168799599	0.0209105241	0.0131616491	-0.0013262078	-0.1610053029	0.1171459736	0.1281816336	0.0849211204	0.0400796158	0.0400303623	0.0515736875	0.0006695841	0.0035432386	0.22969931	0.0052380615	-0.0669253149	0.0454717883	0.0411114659	-0.0957058597	0.0142275435	-0.0026717966	-0.1573379608	0.0302743742	-0.0405002527	0.0224551888	0.0373232987	-0.0282735864	-0.0257200152	-0.0439084041	-0.0522115582	0.0750314042	0.0093378473	-0.110531178	0.1132853881	0.1325192771	-0.0353193641	-0.0032040735	-0.0046224374	0.1400729157	-0.1530180479	0.0185159816	-0.0570992244	-0.0785907625	0.1266188352	-0.033413395	-0.1678324603480661	-0.0156130838846025	0.0281677347464851	0.0002437683883876	-0.0730176952277474	-0.0052264506234819	0.0053315838163722	2.7315786119695342e-05	0.448424214671455	9.17180839863918e-05	8.412206930134821e-09	0.2010842763037111	0.0002648861605059	4.948328569199999e-05	2.448595562876091e-09	7.016467802755744e-08	-8.535285513855406e-05	-1.2065926009663386e-05	7.285109880302995e-09	1.4558657047067139e-10	-0.0026639932364946	-7.993897871699709e-06	6.390240318316513e-11	7.096859964088973e-06	0.0
770.8630270443514	-0.9397391160857752	594229.8064639805	0.8831096063016739	1048.69942679906	-11.726173714415609	1099770.4877686768	137.50314998065156	799.7457552996859	-1.0080080527098971	1.0160802343279989	639593.2731198651	824.9994648474029	704.2030403893273	0.961823	21.167713	0.0474676453816353	0.0245956660394356	0.0434537541	-0.0625523773	-0.0675220387	0.1561273237	0.0692869232	0.1048614837	0.0521908177	0.0067632746	0.092498488	0.0989175688	0.0903605961	0.0081773502	0.006741878	0.1364155818	-0.0196695867	-0.0635318631	-0.074438109	-0.0459862576	0.0845147531	-0.0935285357	-0.0118788939	-0.0445375373	-0.0144439069	0.1667544198	0.0540511578	-0.0001495541	0.0260914853	-0.0009761753	-0.2291345242	0.2451920345	-0.1122533014	0.0208623713	0.0617982753	-0.0520211995	-0.020472086	0.0083407935	-0.0171361397	0.0659486935	-0.0493368491	0.0647911186	-0.1071980106	-0.0503615349	0.0573661105	-0.0304943859	-0.0094772907	0.0257279759	-0.0564006301	-0.0083745263	-0.1061959523	-0.0989190494	-0.026483301	-0.0695457504	0.0546917741	-0.0393877091	0.003942865	0.201125907	-0.0194126022	-0.0183422886	-0.0679476602	0.0670989618	-0.1921392891	-0.0042738032	0.1149488097	0.0284694973	0.0869084506	0.0445379927	0.0596349823	0.0398254757	0.0737186739	-0.0291385384	-0.1261855534	0.148370128	-0.042904924	0.1380762257	0.0640926404	0.0141839454	-0.0760040471	0.0920848392	-0.0914702126	-0.0357438066	-0.0394092063	-0.0561472541	0.1419458845	-0.0186917073	-0.0185828019	0.0003520201	0.032231447	-0.063576156	0.0482668257	-0.0328774258	0.0391083344	-0.0351427838	0.0112932597	0.0245096061	-0.0474089564	0.0858089098	-0.1054123483	-0.1079763749	0.0018358588	-0.1427070147	0.008504204	-0.0458019151	0.012400209	-0.0017067697	-0.0361777923	-0.095460489	0.1440029792	0.080939088	0.0749750053	0.0046722242	0.0829056064	-0.0419174608	-0.0678372904	0.0426262848	0.049065573	-0.0774531909	-0.0638023069	-0.0601105761	-0.0731227308	0.1282045865	-0.0462651033	-0.1520841915303634	0.0157482688177026	0.0231296013134442	0.0002480079707546	-0.0564745668621498	0.0165431283655975	0.0031893767022674	0.0002736750961206	0.4485202975895177	9.608291806273428e-05	9.231927143450111e-09	0.2011704573497895	0.0004307815644813	0.0001658954039754	2.7521285060161164e-08	1.8557275629695647e-07	-0.0001610867873331	-7.573393219454595e-05	2.594895305329939e-08	5.735628485648084e-09	-0.0027239672059301	-5.997396943550025e-05	3.596877009850318e-09	7.4199973389826366e-06	0.0
771.2609267987109	0.3978997543595142	594843.4172064065	0.1583242145193617	1053.120164845088	4.420738046028191	1109062.0816033457	19.542924871601148	800.0228429258616	0.2770876261756712	0.0767775525796684	640036.5492031778	826.0711929126232	710.2259270636526	0.978341	21.531235	0.0500409930940101	0.025626580173028	0.0376123282	-0.1412471158	-0.1755745589	0.0236821694	-0.0343831588	0.0128679316	-0.0760669996	0.0485636566	0.0666860498	0.021105535	0.1143869852	-0.2314490223	-0.0339704115	0.0011640127	0.0131277889	-0.0424710152	-0.0215277077	0.0149980444	-0.0131314846	-0.1157099336	-0.0275676349	0.0190521205	-0.1154531782	-0.0398008647	-0.1158097264	-0.0122431813	0.1423168086	0.02324767	-0.0557666402	-0.0696493725	-0.1175371238	-0.116003143	-0.0835012239	0.0321890621	0.0485816935	-0.2290818695	0.1068824648	0.0227503154	0.1157320767	0.1321201104	-0.0328548108	-0.0274256115	0.2196022366	0.0795331459	0.1361758009	0.1000580102	-0.1118386544	0.0814248478	-0.0053275894	0.0652554204	-0.1291064919	-0.0080056035	0.0174875309	0.0096348926	0.047599534	0.0506193603	-0.1505673498	-0.0023779657	-0.1016743631	0.0838825951	-0.0977790609	-0.0042709205	-0.1459474186	-0.0286522773	-0.0158879472	-0.1094282837	-0.1134626217	-0.1527960382	-0.0388008018	0.1278244057	-0.1727869011	0.0123256949	0.0699220001	0.0075704248	-0.0486684269	0.0465475138	-0.0170584783	0.0539366784	0.0409217087	-0.113345336	-0.1315055205	0.0162255735	-0.0211449185	0.0051924185	0.1067146389	-0.1700843803	-0.1013641476	-0.0818634295	-0.0867042641	0.0706365401	0.1099404134	-0.0241300463	0.2758525555	0.010510748	-0.036043061	0.1440504483	-0.1321665418	0.030487946	0.1437335608	-0.0526167336	0.0261912961	-0.0098075185	0.0533943808	-0.021129465	-0.0163350575	-0.0914279413	-0.0073522558	-0.0033163487	-0.0336001674	0.1680066604	0.013867648	-0.0790297151	-0.0610568778	-0.0638328103	-0.0318164875	-0.0534714862	0.1129457534	-0.063080731	-0.0674542747	0.1289999139	-0.0586099215	-0.1518640920704541	0.0002200994599093	0.0230627024603833	4.844377225236841e-08	-0.0544818728646987	0.001992693997451	0.0029682744708451	3.970829367477636e-06	0.431594327761843	-0.0169259698276747	0.0002864884546073	0.1862736637561971	0.0006290290747448	0.0001982475102635	3.9302075325676536e-08	3.956775768742992e-07	-0.000315441160235	-0.0001543543729018	9.950312557040295e-08	2.382527243393879e-08	-0.0029894099189442	-0.000265442713014	7.04598338922858e-08	8.936571663481969e-06	0.0
771.2454035474376	-0.0155232512732936	594819.4724930499	0.0002409713300938	1068.7095559873535	15.589391142265413	1142140.1150586864	243.0291161865433	800.5790432024087	0.5562002765470879	0.3093587476310571	640926.8044148842	828.146811383883	728.3868991233207	1.019313	22.432957	0.0469576040861565	0.0233156816689054	0.0256434681	-0.0752288107	0.0589758498	-0.1281989409	-0.1062165951	-0.0689416146	-0.19682457	0.0821508243	-0.1910875396	0.067819524	0.0581943354	-0.0854351613	-0.0192890103	-0.0577726227	-0.0007049997	0.1380959701	-0.0669260996	0.0255220819	-0.0557851067	-0.1632428982	-0.0078622368	0.1073831415	-0.0312722592	-0.0583518529	-0.0677807015	-0.0572525696	-0.0424649022	-0.0277463165	0.0119879307	0.0557195409	-0.1656879308	-0.0987131686	0.0692365349	-0.0200399927	-0.0808800366	0.07210795	0.0693135977	-0.1166780936	-0.04773625	-0.1108447677	0.0386465939	0.0985081042	-0.1629895831	0.0462602345	-0.0622908073	0.1398396484	0.0017823899	0.0369050658	0.1202722472	-0.0146347192	0.1240596577	-0.0613667747	-0.0070560952	-0.1362912659	0.1419607086	-0.0859372414	-0.1058116641	0.0033577323	-0.1261737616	0.0088454702	0.1243607417	0.0356161112	-0.0827093375	0.0137970454	-0.0502311301	0.0557073948	-0.134068831	-0.0180595924	0.0124622743	0.0343233855	-0.0525909295	0.0082760263	-0.0432666965	0.0110144341	0.0238660611	-0.1875497889	-0.0318317961	0.0332428635	-0.1983673145	0.0189818084	0.1549808917	0.128303032	0.0767794942	0.0053319824	-0.1286310638	0.1115788235	0.008005857	0.0078225742	0.0201309488	-0.0643337057	0.0128129836	0.0441715183	0.0814881552	0.0108237921	-0.0409458178	0.1469148018	0.0221253355	0.0491126608	0.0280200601	0.0399566029	0.0225317503	0.069584795	0.0543624076	-0.0919580744	-0.0958402993	-0.0849580584	0.0494009132	0.1388233117	0.0623462434	0.0292443672	0.0125233491	0.1209462315	-0.0467948635	0.0948486176	-0.027734977	-0.0372614158	0.0136341266	-0.0660076536	-0.0616009311	0.1289999139	-0.0703125971	-0.1520462559007853	-0.0001821638303312	0.023118063933447	3.3183661080936283e-08	-0.047631163424441	0.0068507094402577	0.0022687277291658	4.6932219834836e-05	0.4485276760413654	0.0169333482795224	0.0002867382839556	0.201177076175068	0.000492860827545	-0.0001361682471998	1.8541791545465843e-08	2.429117953283422e-07	-9.721058423539652e-05	0.0002182305759996	9.449897687387124e-09	4.76245843011187e-08	-0.0028839810914227	0.0001054288275214	1.1115237672558187e-08	8.317346935683668e-06	0.0
769.5015701257673	-1.7438334216702742	592132.6664260213	3.040955002534256	1054.9755010735498	-13.734054913803677	1112973.3078653875	188.62426437537488	799.057176265819	-1.5218669365897313	2.316078972685013	638492.370941904	825.423365551396	715.1830981601108	0.98797	21.743162	0.1204418809941884	0.0650829245829915	0.0283202493	-0.0013062178	0.1134702812	-0.0681424926	0.0013456959	0.0801790152	-0.0841164114	-0.0092009763	-0.0480962473	0.0084569776	0.1266502374	0.0914637736	0.0011881865	0.0075086736	-0.1775307111	0.053536504	-0.0401255673	0.0211213908	0.0408075965	-0.0465653146	0.1111175838	-0.0395602466	0.0062387473	0.0834122976	-0.1547898263	-0.0175035815	0.197875421	0.0263535639	-0.0373223057	-0.0861447462	-0.0727668533	-0.0707892543	0.0303980713	-0.0554690879	0.0472628914	0.1156939854	-0.0936194527	-0.0519507296	-0.1408113178	0.0054029745	-0.0379367264	-0.0760461606	-0.0767830749	0.0543583105	0.1556349212	-0.0912348212	-0.0217741686	0.2043792941	0.1642317926	0.0290515773	-0.0312940048	-0.0272561825	-0.1013169825	0.1012053098	-0.0911264206	-0.0600630563	-0.0342802257	0.0423380622	-0.0827238463	-0.0862515574	0.0150641395	-0.0416523649	0.068374682	0.1257819221	0.0233518341	0.035368441	-0.0942314559	-0.018985248	-0.0324187675	0.0864604636	-0.0242493784	0.1482762318	-0.0004079215	0.0123180156	0.1315249638	0.046176519	-0.0410019273	0.0260209505	-0.0469760899	-0.0200173113	-0.016465231	0.110867219	-0.1292692332	-0.1127608668	0.108476438	-0.0743869781	-0.038869901	0.1172429728	-0.0810942987	-0.1068595002	-0.0582905845	0.1107352713	-0.0639135021	0.0193264461	-0.0704479091	0.0959994307	0.1739744331	0.0277593024	-0.1436288494	-0.009126562	-0.0073430065	-0.0383510589	0.0659935784	0.0505047604	-0.1382755663	-0.0261445596	-0.0935169111	0.0534904451	-0.1320896475	0.0095952388	-0.1553659086	0.0360150233	-0.0702331615	0.0454842844	0.0076277112	0.0470270507	0.0277745583	-0.0688893378	-0.0555787436	0.1282045865	-0.0812449131	-0.1484261139697054	0.0036201419310799	0.0220303113081479	1.3105427601162915e-05	-0.1041975863970492	-0.0565664229726081	0.0108571370109705	0.003199760207916	0.4668340767823409	0.0183064007409755	0.0003351243080891	0.2179340552452205	0.0005228766045662	3.0015777021199976e-05	9.009468701863966e-10	2.7339994360267824e-07	0.0003038531092938	0.0004010636935291	9.232671202750999e-08	1.6085208626728128e-07	-0.0024760822549826	0.0004078988364401	1.6638146076918764e-07	6.130983333439717e-06	0.0
771.6632461244769	2.161675998709597	595464.165419365	4.672843123397136	1052.311273304839	-2.664227768710816	1107359.0159244516	7.098109603569815	799.9597053323108	0.9025290664918656	0.8145587158626786	639935.5301553576	825.6762652754576	713.7417040816298	0.972384	21.400135	0.0532309222487927	0.0294478341268596	-0.0139642508	0.0908232431	0.057351605	0.0338854479	0.145984116	0.0029118949	0.0719591408	-0.013468308	0.0108806869	0.1223416231	0.0987891742	0.0155886385	-0.0610792652	-0.0170806069	-0.0184282945	-0.0389322401	0.0889032059	0.0161743593	0.1022481436	0.0059921164	0.0224293566	-0.1756515802	0.0190181417	0.0361844302	-0.0117272966	-0.0408360336	0.0485347218	-0.0953818072	0.1624534262	-0.0841952738	-0.1904615317	0.1278720415	-0.1149891677	0.0381565561	-0.0758197853	-0.0143837901	-0.1246871074	-0.0445618322	0.0689717908	-0.123842084	0.0622629746	-0.0413511193	-0.1082984543	0.0020902926	-0.0727281376	0.2256625246	0.1365076888	0.0808053923	-0.0828543019	0.1851268652	0.0476482232	0.0427190478	-0.006100303	0.0648513939	-0.0852333051	-0.0140536617	0.058992299	0.0440440924	-0.0488406009	-0.0710582824	-0.0931801652	-0.1142729007	0.0948108469	0.016328627	-0.1024215327	-0.0660492211	-0.1706843593	-0.0132943752	0.0616297054	-0.1544497555	0.1901945622	0.0924516021	0.0191212036	-0.0330574116	-0.0723354536	-0.0167765532	0.1261503913	0.0717411777	-0.0590620568	-0.0344776304	-0.0034890684	0.1807371428	0.0086465277	-0.0058568487	-0.1154197585	-0.0333971244	0.0387044947	0.156201815	-0.0394640619	-0.0048961095	0.1663604164	0.007005819	-0.0753973024	0.0062227393	-0.1105906989	-0.007846325	0.1494647605	0.0156814953	-0.183125357	-0.1239409124	-0.0152083358	-0.0978779603	0.1425393924	0.0283590658	-0.0959641296	-0.0202001862	-0.1261481672	0.0672126378	0.0191299067	-0.1226003569	-0.097682827	0.0641812259	-0.0777519453	-0.0982144142	-0.0108265263	0.00343302	-0.1143964292	-0.0717238087	-0.0494042187	0.1266188352	-0.0912870929	-0.1493223583383951	-0.0008962443686897	0.02229716669974	8.032539684080135e-07	-0.0847014827164827	0.0194961036805664	0.0071743411743706	0.0003800980587233	0.4803384487042024	0.0135043719218614	0.0001823680610039	0.2307250253035596	0.0002257684634379	-0.0002971081411282	8.82732475247138e-08	5.0971399083110395e-08	0.000216220827403	-8.763228189080001e-05	4.6751446202837924e-08	7.679416829388636e-09	-0.002478025877517	-1.943622534400242e-06	3.777668556228419e-12	6.140612249643898e-06	0.0
771.8273165989712	0.164070474494224	595717.4066483685	0.0269191206007598	1051.6105487422856	-0.7007245625534324	1105884.746226051	0.4910149125656992	800.4239526793015	0.4642473469906463	0.2155255991878535	640678.5040227566	826.1057382125899	714.8745593910103	1.021895	22.489779	0.0227795466861851	0.0122018800236921	0.0202315234	0.1483498487	-0.1208947091	0.0131483215	0.0401084994	0.0051379101	0.206418236	0.010061424	-0.037640294	-0.0212041037	0.0276359672	-0.0214608544	-0.0822976839	0.2308029084	0.0441573492	0.0839943724	0.0008348182	-0.0330252954	0.1769012401	0.0601033702	-0.0782809161	-0.027690366	-0.1168101079	0.0093910849	0.0414199231	-0.054170373	-0.1418898333	-0.1334435675	-0.004837281	0.0071731676	-0.0808899985	-0.0096581111	0.1206092644	-0.1078587531	0.0310200443	0.0191751686	-0.0372324698	-0.0453642447	-0.0007255885	0.126324965	-0.0150846073	-0.0003951542	-0.0266808635	0.050710548	-0.0167202154	0.0557057239	0.0565556524	-0.1253051963	0.0460301706	-0.1048384546	0.0836569761	-0.0763989926	-0.0205495765	0.0653619125	-0.0989642893	0.022859603	0.1550619886	0.0104208702	-0.0178063954	0.0287113869	-0.0785653222	-0.1219423007	-0.0438210648	-0.094372607	0.1083511477	-0.0827514861	0.1475760234	-0.0611767827	0.0202855494	-0.0398126706	-0.013081826	-0.0313274688	-0.0044439774	-0.0857768693	0.0594402467	-0.2213889498	-0.02953898	0.0874823527	-0.0331027335	0.0208463427	0.0391089471	-0.0744996147	0.0598651442	0.1146963854	0.0237626205	0.04606864	-0.010269874	0.012317264	-0.0157094161	0.0365457631	-0.015959272	0.1649134321	-0.0005545737	0.0135385895	-0.1652931815	-0.0729193547	0.1292639181	0.0760216781	0.0645736804	-0.138601595	-0.0059905839	-0.1568332568	0.1633205772	0.0290392154	-0.1342845999	0.0125356741	-0.1066467587	-0.0273695487	0.0327824598	-0.1124054671	0.0400968101	-0.1609224799	0.091221726	-0.0076692125	-0.0725271827	0.0885989253	0.0361933912	-0.0745091236	-0.0430942802	0.1242524367	-0.1003291122	-0.1595230609040072	-0.010200702565612	0.0254476069601835	0.000104054332832	-0.0878795276910011	-0.0031780449745184	0.0077228113871934	1.0099969860061666e-05	0.4793127715796927	-0.0010256771245096	1.0520135637424515e-06	0.2297407329994066	0.0003081639361145	8.239547267660001e-05	6.789013917600339e-09	9.496501152158165e-08	0.0001321182655571	-8.410256184590001e-05	1.7455236093816392e-08	7.0732409090434355e-09	-0.0024770214716086	1.0044059083999695e-06	1.0088312288287684e-12	6.135635370810035e-06	0.0
770.0679691032111	-1.7593474957600392	593004.6770387441	3.095303610837121	1058.4003484020495	6.789799659763958	1120211.2974975798	46.10137941973076	799.3301504336445	-1.0938022456570025	1.1964033526043016	638928.6893922727	825.8530645509019	717.7129418713911	1.031452	22.700117	0.0346988241606494	0.0178152789306083	0.0020687528	0.0669135541	0.0533534907	0.1104268581	-0.1593371287	0.0504991864	0.1031830264	-0.0990532584	-0.1338160049	-0.0284151846	-0.1120855589	-0.0331855324	0.0984133159	0.1015005604	-0.10744109	0.1465143367	-0.1308743388	0.0539352018	0.1216570904	-0.0137873982	-0.090776374	0.1155528671	0.0411336106	0.0877918712	-0.0699236396	-0.0475640202	-0.1868458133	-0.1583633957	-0.0756615422	-0.0738969387	0.0324216032	0.0956185493	0.0270220049	0.0563067909	0.0308780022	-0.0437665442	-0.1678285588	-0.193507848	0.0024329019	-0.1051997178	0.0763897676	0.0792911272	0.0139401127	0.0311439076	-0.1314665773	-0.0673027062	-0.0803188751	0.0004202204	-0.1007999674	0.1312057138	-0.0899146613	-0.0239677888	0.0212625361	-0.0453533141	0.0751928603	-0.166180032	0.0925679628	0.0767587029	-0.1040659465	0.0958206919	0.1167057148	0.0967090776	-0.0011794925	0.0661942623	0.1668422244	-0.0976854787	0.1810230812	-0.0317695553	0.2407031282	-0.0375251241	0.0529688213	0.016540944	0.1491396873	-0.1747238527	-0.0444432764	-0.0270090573	-0.1218969824	0.0126307167	-0.0494863353	-0.0249888677	0.010730233	0.1215883216	-0.1130234294	0.0486416169	-0.0949590814	0.0967547265	-0.12207922	0.146719771	-0.0364665129	-0.0380722267	0.0830590497	-0.0580570742	0.0114428655	-0.0114808037	-0.14243613	-0.0125270746	0.2039671761	-0.1081775021	0.0888857672	0.0059923039	0.0493059034	-0.1245790528	0.1089219259	0.0744023248	-0.1120307448	-0.1146848874	0.0186611556	0.0071220917	0.1385943514	-0.0777321739	-0.0051250918	0.1065004925	0.1730191353	-0.0226170066	-0.0465507953	-0.0995182168	-0.0715105229	-0.0772433738	-0.0366662233	0.1211199807	-0.1082719048	-0.1655228638785644	-0.0059998029745572	0.0273978184665617	3.599763573350556e-05	-0.0839340253510272	0.0039455023399739	0.0070449206116268	1.556698871473952e-05	0.4697521133379894	-0.0095606582417033	9.140618601464969e-05	0.2206670479855072	0.0005227584290582	0.0002145944929437	4.60507964017637e-08	2.732763751513972e-07	0.0002063495445217	7.42312789646e-05	4.2580134524313055e-08	5.510282776720266e-09	-0.0024920529117886	-1.5031440180000074e-05	2.2594419388492062e-10	6.210327715154041e-06	0.0
768.9399034635604	-1.1280656396506856	591268.5751385497	1.2725320873605106	1048.2856020296	-10.114746372449416	1098902.703422561	102.30809417897864	799.6247187633207	0.2945683296762809	0.0867705008482741	639399.6908573197	824.1632040224403	703.3014200857809	1.10453	24.308399	0.2055453810557754	0.1029363841879691	-0.030367335	-0.0756231495	0.0521058613	0.1299268328	0.0290928499	0.1900209717	-0.0219103461	-0.050781099	0.049497702	0.0831644784	0.0736264427	0.0089623611	0.1013119525	0.1107603418	-0.0027691973	0.0391635148	-0.0412456949	0.0650386928	-0.0213406354	-0.1772850845	-0.0346869918	0.0377117408	-0.1092556196	0.060086951	-0.0198643855	0.0836375629	0.0400921778	0.0269247767	-0.0268674136	0.0567702851	0.1626972	0.0017245996	-0.1146533851	0.0737971722	0.2236543333	0.0963842023	0.0235241537	-0.0480753783	-0.1455617678	-0.0534093959	0.0412129061	-0.0388826821	0.0995505446	0.0963790694	0.0342896718	0.0318447941	0.053353846	-0.0972832794	0.0752379662	-0.0150986839	0.0704356491	-0.0953882316	-0.0868203308	0.0402346594	-0.1049997379	0.0184754675	-0.0862373893	0.0764920362	-0.0736092956	0.1508731958	-0.099700049	0.0197948164	0.0316742117	0.0057495717	0.1527236415	0.0991521177	-0.1110875467	0.1434900985	-0.0620225686	0.076537253	-0.1518070138	0.0200432718	0.0937503984	-0.1647918146	0.1404218752	0.1788672463	0.0152958463	-0.0810971287	-0.0342279914	0.0659728383	0.0744713755	0.0081563872	0.0066369396	0.0619849623	0.0094715981	-0.0602317747	0.0242694027	-0.1900190855	0.0224098436	0.0944421692	0.0310961036	0.0758513389	-0.1855035583	-0.0820774564	-0.0563423536	0.1483550573	-0.0015726912	-0.1340671385	0.0111777626	-0.0771611973	-0.021788404	-0.150842893	-0.0863093207	0.0001834592	0.0777070942	0.0507661388	0.2500745555	0.0637051151	-0.0855618537	-0.1018827423	-0.0788941789	0.0851060998	-0.0084325272	0.066939611	-0.0524612617	0.1684116495	0.095893165	-0.0799246852	-0.0301376669	0.1172407796	-0.1150284477	-0.1531230071099258	0.0123998567686386	0.0234466553063863	0.0001537564478827	-0.0459427129804055	0.0379913123706217	0.0021107328759999	0.0014433398156421	0.4080996553626832	-0.0616524579753061	0.0038010255743968	0.1665453287071408	0.0017159799547783	0.00119322152572	1.4237776094418029e-06	2.9445872052009363e-06	-1.9524750385579992e-05	-0.0002258742949072	3.81215877619206e-10	5.101919709986089e-08	-0.0029429921699854	-0.0004509392581967	2.0334621458308018e-07	8.661202912595374e-06	0.0
769.2541357869846	0.3142323234242212	591751.9254253806	0.0987419530845843	1050.5506409248806	2.265038895280441	1103656.6491476772	5.130401197133239	798.2347900718185	-1.3899286915022913	1.9319017674612715	637178.7800810001	824.1334145837991	710.4467717591707	1.046273	23.026285	0.0695441225719422	0.0336772815018243	-0.0994015328	-0.1393226285	-0.1417108778	-0.0394879067	-0.0283766116	0.1761404806	-0.0948456589	-0.1200557136	0.0996291954	-0.0077855638	-0.012037484	-0.1959855063	-0.0678858962	0.0829392828	-0.0953947698	0.0733248152	-0.1944163325	0.1395085322	-0.0651616092	0.0222697707	0.1084833674	0.1515090605	-0.1459036586	0.0824466064	-0.0643536549	-0.0075506183	-0.0337154248	0.0651343225	-0.0103023765	-0.0775281901	0.079799587	0.0165811709	-0.0404447168	-0.0494139507	-0.2379750125	-0.0764609062	-0.0476841635	-0.0620480136	-0.0974797139	0.105388143	0.0413869411	0.0447949824	0.0624372931	-0.1474219526	0.0040855602	0.0409151364	-0.0648859698	0.1869590459	-0.0735474636	0.0800093128	-0.119115429	-0.1931395685	0.0797751191	-0.0777715239	-0.0631278381	-0.0080474697	-0.1399358389	0.1634155238	0.0107743258	0.010493886	-0.1540823081	0.0680259333	-0.1329648557	0.0507060479	0.0404263459	-0.1495205938	0.1840212081	-0.0996699237	0.0463386955	0.0947851821	-0.0491453819	-0.0772573189	-0.0151233539	0.1140568488	-0.1271376538	0.0980759798	-0.0529020641	0.0390021799	0.0847641997	-0.1739529195	-0.0323875422	0.0753668937	0.0051118593	0.0250216108	0.0147687267	-0.0848697822	-0.0243183592	0.0968806761	-0.0133270384	-0.0566125331	-0.0013830322	0.1271218602	-0.1082471092	-0.1452073539	-0.0419365482	0.1407268916	-0.0692591882	0.0890480305	0.0855035411	-0.027524567	-0.0545325246	-0.1476115787	-0.0575435693	0.0608153565	0.064872902	-0.0902942833	-0.0369588753	0.0085569205	-0.1283859206	0.061930562	0.0781228737	0.0392512392	0.0734809281	-0.0648495909	0.0618390667	0.0603809588	0.0438636923	-0.0825512202	-0.0235265052	0.1126387502	-0.1205247148	-0.1436969741709646	0.0094260329389611	0.0206488203858908	8.885009696638129e-05	-0.0279944558932783	0.0179482570871272	0.0007836895607607	0.0003221399324656	0.3931438362408954	-0.0149558191217878	0.0002236765256036	0.1545620759742079	0.0017658339428655	4.985398808720005e-05	2.4854201281986838e-09	3.1181695137759177e-06	-0.0004630548733988	-0.0004435301230132	2.144198157783787e-07	1.967189700201221e-07	-0.0028920960126045	5.089615738089991e-05	2.590418836141332e-09	8.364219346122849e-06	0.0
769.0454899538958	-0.2086458330888945	591430.9656184276	0.0435330836653588	1058.1235136964006	7.572872771519997	1119625.3702372168	57.34840201362896	799.3969380714813	1.1621479996628068	1.3505879731202632	639035.4645980597	825.361313287357	719.0275086848227	1.010305	22.234709	0.0440453716730636	0.0218651135469635	-0.1280869706	-0.0538011819	0.0868698689	-0.1292328015	-0.1444308401	0.0664068592	-0.1485433123	-0.1065136838	-0.1206834658	-0.0922428099	0.0065694146	0.0394992118	0.0650788393	-0.1326281017	-0.1014694738	0.0102904489	-0.0750991071	0.1442718856	0.0579871134	-0.0592368616	0.1455845494	0.0807759877	0.054144417	-0.1660862076	0.1495634757	0.1586522545	-0.0227858445	0.0494663694	-0.0438630158	-0.0118631353	-0.1137550915	-0.0645757445	-0.0610415327	0.1458034086	0.0271326878	0.1665466068	-0.0183342978	0.0714328519	0.0064001971	0.1384095361	0.1533573895	0.0800114348	0.0808333849	0.0430530541	0.0915251938	-0.0126224659	0.0101441347	-0.0523552551	-0.032043377	0.0888987629	0.1013155906	0.0202212763	0.1373536446	-0.043348156	-0.02673266	-0.0475880696	-0.0746071231	0.1483903626	-0.0608888231	-0.0832261844	0.0732027874	0.0803540564	-0.1005800704	-0.0385680729	0.0614160473	0.1891874022	-0.0218889411	-0.1472830863	-0.0122347321	-0.0491307917	0.068310463	0.0860866383	-0.0511262607	0.0281606086	-0.1080229068	-0.0512651571	0.0057080665	-0.1665734798	-0.0279579049	0.0676136979	0.0605109184	-0.0080710541	0.0598730823	0.0891568825	-0.0283842288	-0.1391000619	0.1463397618	-0.0296620501	0.0094605944	0.0752185053	0.0079742876	-0.0142257657	0.1163064016	-0.1510529864	-0.0474625391	0.0766359637	0.0182876337	0.0631639554	-0.0051916854	0.1539221718	-0.022207643	0.0072727826	-0.0447643749	-0.0842573272	0.0399677159	-0.1047889785	0.0869228433	0.0375361615	0.0995064842	-0.0292350802	0.0666366398	0.1718461007	0.0042058111	0.0433239719	0.0398020707	0.1189642392	0.0955626273	-0.0851211787	-0.016850859	0.1073422654	-0.124700488	-0.1311435649994763	0.0125534091714883	0.0171986346407718	0.0001575880818268	-0.0346858396037959	-0.0066913837105175	0.0012031074690202	4.477461596138026e-05	0.3910408371274627	-0.0021029991134327	4.42260527109873e-06	0.1529129363013468	0.001496064313959	-0.0002697696289065	7.277565268035073e-08	2.238208431501613e-06	-0.0006471651201263	-0.0001841102467274	4.1882269270808827e-07	3.3896582950060915e-08	-0.002892024294686	7.171791850018108e-08	5.143459833998616e-15	8.363804521054056e-06	0.0
768.1212405959401	-0.9242493579556594	590010.240254646	0.8542368756814487	1049.3072183687393	-8.816295327661237	1101045.6385207411	77.72706330454136	798.6817853241786	-0.7151527473026817	0.5114434519745734	637892.5942086172	823.8795290320229	711.9677797867371	0.988395	21.752514	0.0776913145604434	0.0378401248500578	-0.1964430706	0.0462149668	0.1051581742	-0.1078924141	0.0488655093	0.1634634678	-0.0955211375	-0.2303314833	0.0020892252	-0.0619965142	0.0965325812	0.1825422003	-0.0612326283	-0.0708610946	-0.0710158059	0.0349379037	-0.0847691549	0.228301271	0.093484834	0.0640874011	0.0708130507	-0.0338351486	0.0442890911	-0.0970952255	-0.0283213643	-0.019698069	-0.2452995987	-0.0095849782	0.1792803749	0.0642768151	-0.01465252	-0.0714107146	-0.0890190908	0.1040300512	0.0298337868	-0.1176954752	0.217426301	-0.0505748749	-0.0502080149	0.1697476966	0.0035281731	-0.0903548097	-0.0237766823	-0.0862824006	-0.0289320195	-0.0611393241	-0.1402728943	-0.1217040726	0.0326516298	-0.0995566374	-0.0707697984	0.0017780613	-0.1351694507	0.081266783	-0.0185571862	-0.0315425587	0.0333418818	0.2268505551	-0.0019408012	-0.111033819	0.0386735229	0.0131665686	0.0461206371	0.0248551901	0.0309980242	0.0533909684	0.0026643504	0.0063774947	-0.0924366331	0.1137652959	-0.1576271149	-0.0463463676	-0.0625052934	0.040316192	-0.1500469761	-0.1816051174	0.2531995908	-0.0854345686	0.1225110633	0.1464944949	0.1470423532	-0.1414565694	0.0249019395	0.0927435042	0.1123751774	0.007200957	-0.063318984	-0.068818562	-0.20423573	0.0157976641	0.0599991997	-0.0030036787	-0.1255135634	-0.2081765407	-0.0353865889	-0.0115626503	-0.0195169691	0.0196681412	-0.1507657784	0.0787330911	-0.0529822299	-0.0151732574	-0.1447807126	0.0592075795	0.0121746947	-0.0431914896	0.0480659372	0.0437363986	-0.0831486812	0.1135899674	0.002744364	0.0287421235	-0.013206239	-0.0844159006	-0.0185176433	0.0344651762	0.1150964451	-0.0876327994	-0.0101290257	0.1013839798	-0.1275100165	-0.1127454860656484	0.0183980789338279	0.0127115446281793	0.0003384893084553	-0.0347095996624489	-2.376005865300373e-05	0.0012047563087274	5.645403871941777e-10	0.3820430877364202	-0.0089977493910424	8.095949410400524e-05	0.145956920887178	0.0019028056048842	0.0004067412909252	1.654384777434983e-07	3.6206691699787264e-06	-0.0009309563309534	-0.0002837912108271	8.666796901422165e-07	8.053745134271155e-08	-0.0025771222728999	0.0003149020217861	9.91632833249734e-08	6.641559209476746e-06	0.0
768.6202863335917	0.4990457376516133	590777.1445635326	0.2490466482682428	1047.5720798718876	-1.7351384968517325	1097407.2625271124	3.010705603256889	798.1665308206793	-0.51525450349925	0.2654872033762586	637069.8109223185	823.8228933277828	714.3555151106001	0.95031	20.914333	0.1322981812605451	0.0621915269193244	-0.2643717652	0.0510500964	-0.0511355851	-0.0802827401	0.0475505154	0.1563891872	-0.0389633818	-0.2479904849	0.0742419838	-0.0827025969	0.0792068863	-0.0170154192	-0.1050267479	-0.0495805282	0.0148659818	-0.0109316858	-0.0584470231	0.2395013149	0.0131384619	0.1289205185	0.1503777757	-0.0011951515	0.0355688397	0.004091918	0.0261928386	0.1248846134	0.0407410552	0.0419697312	-0.0762349235	0.1896494291	-0.053776161	-0.0129308906	0.015288789	-0.2198258929	0.0910429476	-0.0205429566	0.0120889741	-0.0297092468	0.1219601561	0.0080562888	-0.1101477537	-0.0662987714	-0.0170585065	-0.0248679128	-0.1291700597	0.0441529323	-0.0917114939	0.1092171765	0.0759910807	0.0585140496	-0.003014125	0.0424568698	0.1029953391	0.199155229	-0.0095897762	-0.0635880321	0.0170035286	0.2453861675	0.0907773992	-0.1016320475	-0.0838232991	0.0408924064	-0.0021551026	0.0584391785	0.0112951357	0.1274959049	-0.0931886154	0.1267077268	-0.0160243647	-0.0404706292	-0.0301185601	-0.0959307487	0.1356227244	0.1342692177	-0.0811555467	-0.0935017135	-0.01426577	0.2008141147	-0.0245557053	-0.0180679693	-0.0377631002	-0.0334662664	-0.0067112157	-0.0655609904	-0.0176006284	-0.0307073208	-0.0192973348	-0.0354145542	-0.0687116005	-0.0193321035	0.0482964403	0.0814202608	0.0330425672	-0.2748497428	0.0122019991	0.0108445255	-0.0633557562	0.1055769984	-0.0255522601	0.028462563	-0.0741612321	-0.087180855	-0.1630753815	0.1280686152	-0.0160343488	0.018791243	-0.1059512597	-0.0637170922	0.114361779	0.1474976565	0.0195915346	-0.0017424748	0.0462786323	-0.040259588	0.0359320211	-0.053544731	-0.0008811105	-0.090084361	-0.0033794295	0.0948006283	-0.1289225186	-0.0964033893097706	0.0163420967558777	0.0092936134704111	0.0002670641263784	-0.0181873912804064	0.0165222083820425	0.0003307812015866	0.0002729833698196	0.3637773360684804	-0.0182657516679398	0.0003336376839948	0.1323339502370801	0.0027659092187964	0.0008631036139121	7.449478483482996e-07	7.650253806622911e-06	-0.001400165145817	-0.0004692088148636	1.960462435560741e-06	2.201569119457041e-07	-0.002286072212582	0.0002910500603179	8.471013761105333e-08	5.226126161139561e-06	0.0
769.3738537931674	0.75356745957572	591936.1269005502	0.5678639161314044	1053.3235876353365	5.751507763448899	1109490.5802689765	33.079841553012955	798.7920965696277	0.625565748948361	0.3913325062573238	638068.8135421014	824.6046341713745	720.2528512370479	0.971308	21.376463	0.1600068637677417	0.0753029709079332	-0.3204195376	-0.0063602424	0.0076394007	-0.0677026135	-0.1173539842	0.1041009845	-0.120695397	-0.3127664336	0.0367451799	-0.0691473261	-0.0934323022	-0.0502531109	0.0818049399	-0.032687573	0.0492334431	-0.0897423148	-0.0127634149	0.2645242456	-0.0295541879	0.032178449	0.0556444116	0.0672626223	-0.040964465	-0.0626257517	0.0046468333	0.0252388041	0.0112148815	0.150306192	0.004472045	0.1953598636	0.127107562	0.1340703815	0.0012683496	-0.0006296005	0.079755001	0.0543800699	-0.2214876225	0.0280623509	0.0125668891	0.0075671602	0.0370544451	0.0118073186	-0.0672888776	-0.0067537005	-0.015932855	-0.0315374133	0.2202284642	0.0271411386	0.0367446998	-0.0409486878	0.0391269817	0.1011034011	-0.0058724247	-0.0912045672	0.1747026018	0.0518590312	-0.0322361941	0.2769277511	0.0796209923	-0.0129484181	0.0677140963	0.0873695075	-0.1183828683	0.0173983162	-0.0600330791	0.0504540056	0.1060403382	0.266685558	-0.0395492023	-0.0117481508	0.1250574629	0.0106265432	0.0760346099	0.1451137932	-0.028260961	-0.0184225317	0.1016449893	-0.0337291082	-0.0379447725	0.080633843	-0.0371783418	-0.0513184806	0.0289921777	-0.0701541348	-0.0466971223	0.0631155064	-0.081492406	-0.0270052748	0.1677244215	-0.0062742635	-0.2203167926	-0.0233142889	0.0652116438	-0.3330065693	0.0983029372	-0.000138483	0.002558161	0.0654537883	0.056483893	0.1189119342	-0.0115136008	0.0690324412	-0.1242537964	0.2172735608	0.0353610165	0.0626128352	0.0179276604	-0.0856104805	0.1498700469	0.0182340909	-0.0338303601	-0.1194487887	0.0597912549	0.0773485454	-0.0535292054	-0.0948414903	-0.1646900927	-0.0924741833	0.0033794295	0.0876327994	-0.1289225186	-0.0782610335889018	0.0181423557208688	0.0061247893784032	0.0003291450711025	0.0282975805956482	0.0464849718760546	0.0008007530675672	0.0021608526103175	0.345077771669402	-0.0186995643990783	0.0003496737087152	0.1190786685003199	0.0036221959181765	0.0008562866993801	7.332269115352661e-07	1.3120303269654498e-05	-0.0018046509587372	-0.0004044858129201	3.256765082871095e-06	1.6360877285371496e-07	-0.0020132452894475	0.0002728269231344	7.443452998703823e-08	4.0531565954825485e-06	0.0
770.7170200675823	1.343166274414898	594004.725021854	1.804095640725597	1049.7639827641178	-3.559604871218653	1102004.4195087831	12.670786839203563	798.4719998218079	-0.3200967478197754	0.1024619279647968	637557.5344994372	823.6415782975015	713.5320525155053	1.088824	23.962753	0.2431281541859876	0.1448566257791239	-0.2816155097	0.0316504581	0.0786376257	-0.0026734188	0.0127222319	-0.0242332946	-0.0550259832	-0.2313901466	0.1100987207	0.0790163362	-0.0031890905	0.058947565	-0.0327229945	-0.1913923787	0.0232398041	-0.1189195325	0.0094468017	0.2044170874	0.039293504	0.1473329523	0.0691152445	0.0061922151	0.0771125845	0.1478314611	0.0468035964	-0.0614291211	0.094767757	0.0004072783	-0.0616056013	-0.112341445	-0.0059886799	-0.0699631779	0.122342694	0.104164185	0.1537410039	0.0718837663	0.1504009857	0.1092947611	0.0763474806	0.0093647558	0.0317951408	-0.1031326095	-0.0755479538	-0.0544634085	-0.0196986281	-0.0729905176	0.0651617562	-0.0310875498	-0.0018177282	-0.0207050824	-0.1573699622	-0.0921982885	0.0109922649	0.0174523313	0.0323366348	0.1228896584	0.0391683668	0.2211437681	0.1118087872	-0.058317377	-0.0555360335	0.0185783606	0.0963187009	0.0618439904	-0.2166461596	0.0864005437	-0.0656083452	-0.10673107	-0.0201474373	0.0109633029	-0.0533534674	-0.0596472691	0.0973968394	-0.104767732	0.1432912991	-0.0771651348	-0.106977227	-0.2064435995	0.0171617148	-0.0484680025	-0.037151851	-0.1545326258	0.037956907	-0.0776671931	0.1523039917	-0.048337134	-0.0437746357	0.0964046693	0.0990724067	-0.0748609185	-0.0724840142	-0.0951325756	-0.0201596219	-0.2383282512	0.0138755135	-0.1903205814	-0.0528317592	-0.0386369581	-0.1358142944	0.1519578371	-0.1172661375	0.1666016616	0.1002533459	0.076599105	0.0607678918	-0.0536099119	-0.1006688726	-0.1038228665	-0.0413716993	0.0259920838	-0.1112647642	0.0337648428	-0.0852149959	0.0377166896	-0.0337641386	0.0479679461	0.0776016467	-0.0948006283	0.0101290257	0.0799246852	-0.1275100165	-0.0889210895310412	-0.0106600559421394	0.0079069601633874	0.0001136367926895	0.0026186661536655	-0.0256789144419827	6.857412424353264e-06	0.0006594066469186	0.4388689816304776	0.0937912099610756	0.0087967910659625	0.1926059830373725	0.0018152489503176	-0.0018069469678589	3.265057344654473e-06	3.2951287516291488e-06	-0.0019191418128379	-0.0001144908541006	3.683105297782741e-06	1.3108155672707764e-08	-0.0023517669443037	-0.0003385216548561	1.1459691080658001e-07	5.530807760319562e-06	0.0
774.5931543057715	3.876134238189138	599994.5546973647	15.02441663246209	1056.3983956950983	6.6344129309804885	1115977.5704271777	44.01543493876112	801.2972865505594	2.8252867287515078	7.982245099659393	642077.3414332893	826.111707830346	723.1204307430141	1.187515	26.134726	0.1622531735639263	0.0730874080784978	-0.191005948	0.0857362955	-0.0149625626	0.169746612	0.1389632786	-0.2601388979	0.1543734146	-0.0875588083	0.0900006889	0.3135078798	-0.1755065546	-0.0711117169	-0.1734093828	-0.1223130398	0.1269470457	-0.0599943446	0.0224646316	0.1020739315	0.0607291561	0.0600334869	-0.2146126105	-0.0807197277	-0.0296672811	-0.1215811512	0.2614634096	-0.0249041544	-0.0807919083	0.109191991	-0.064594604	-0.1517494208	0.1295215654	-0.0435399041	-0.0919769204	-0.0011979419	-0.0193102367	0.0357433678	0.0093731785	0.1354093317	0.1173552503	-0.0351656111	-0.1382230024	-0.0347535537	0.019071953	0.1264564336	0.0187981469	-0.0902123695	-0.0109866467	0.0181124996	-0.062442842	0.0646472438	-0.0211428022	0.1376885847	0.0059828423	0.2001379848	0.1115355396	0.0181394374	0.1314996572	0.1165265102	0.1217402269	0.1671023906	-0.0537732932	-0.0759806696	0.0215921665	-0.2924897062	-0.2612317497	0.1292976088	-0.0584942222	0.0116007709	0.1216998806	-0.1462274751	0.0607502014	-0.0457819108	-0.0860356617	-0.1182846461	0.0338999324	0.1371815221	0.0445345525	-0.026254014	0.1008923408	0.0741524138	-0.115772431	-0.0093668569	-0.1285079019	-0.0319042137	0.0491376755	-0.0538472765	0.1210555599	0.0530595186	0.0234518831	0.011396507	-0.0184770659	-0.0422663082	0.0969199004	-0.1471413262	-0.0708215612	-0.2092379186	-0.1830442456	-0.1523734324	-0.029792091	-0.0074331951	-0.1260176842	0.1145382465	0.1719035535	0.0133179934	0.0496419178	0.1711873256	-0.1705047204	-0.0108637986	0.0738977535	-0.2167751716	-0.073192047	-0.0394361727	-0.1166636587	-0.0609840197	0.0331042649	-0.097657195	-0.0582789396	-0.0970621018	0.016850859	0.0717238087	-0.124700488	-0.1107168531428612	-0.0217957636118199	0.0122582215698578	0.0004750553114223	-0.0153639420452691	-0.0179826081989346	0.0002360507151703	0.0003233741976363	0.4799931111726394	0.0411241295421617	0.0016911940306005	0.2303933867731897	0.00115934253353	-0.0006559064167876	4.302132275831489e-07	1.3440751100517591e-06	-0.0012510457516445	0.0006680960611933	1.565115472707752e-06	4.463523469821352e-07	-0.0026547779105429	-0.0003030109662392	9.18156456612136e-08	7.047845754306525e-06	0.0
773.5781283556909	-1.0150259500805987	598423.1206702937	1.030277679337022	1061.9356434443223	5.53724774922398	1127707.3108175069	30.661112636286028	801.1641089587818	-0.1331775917776667	0.0177362709516988	641863.9294837187	827.8776499799765	734.4767619525348	1.204872	26.516712	0.1510777067681351	0.0735583848656781	-0.1875585077	0.0027021428	-0.1014517854	0.0560447598	-0.0663448704	-0.3748080313	0.0370050295	-0.1531999338	-0.1081666518	0.1829797497	-0.3220434254	-0.0627014432	-0.0788099304	0.051999813	0.0817323527	-0.0899917106	0.1213982521	0.1840067919	0.0158320689	-0.0458074794	-0.2289639677	0.012996536	0.0198433923	-0.1317171464	0.1232761202	-0.121029836	-0.0275247433	-0.137081492	0.0804768176	-0.0040972419	0.1847323465	-0.1160050986	0.0124421212	0.1088674129	0.0310320151	-0.0304670263	0.0512099287	-0.0302600708	-0.0938538309	-0.0907531763	-0.1368957755	-0.0319413164	0.0393044325	-0.1419209337	0.0449898102	0.1725322765	0.1155227577	-0.0585546323	-0.1117068819	-0.1084213853	-0.0699911371	-0.0349102448	0.0293408832	-0.0455564089	0.0506436326	-0.0631368613	0.0300635912	0.168247383	0.0033039334	0.1444918462	0.1520436375	-0.0207189646	-0.0188197232	-0.3076602903	-0.0496105503	-0.1816027428	0.0058829932	0.0115611889	-0.0801515514	-0.0828099371	-0.0640896961	0.0388515489	0.0383810881	-0.1033650366	-0.0898357822	0.0023140177	-0.0966571453	-0.1061970374	0.167303712	-0.0636259641	0.0901382222	-0.0714086263	-0.0231196418	-0.0705307242	-0.1068311511	0.1851220291	-0.0561095529	-0.0218208489	-0.0037039902	0.0585916319	-0.030514843	-0.0016860436	0.0948653919	-0.1863223951	-0.0273727665	0.0226792695	-0.118305364	-0.0452097713	0.1544034796	0.0866972728	-0.1055801419	0.1138867959	0.1742083538	-0.0319853503	0.0064260919	0.2620002996	-0.0083033094	0.0899196372	-0.1175661855	-0.0235970071	0.1991918626	-0.1594457794	0.1234411877	0.0728328563	-0.1723889232	0.1714091092	-0.1602180603	-0.0992570537	0.0235265052	0.063080731	-0.1205247148	-0.1366364603213128	-0.0259196071784515	0.0186695222891376	0.0006718260362852	-0.0564761864744838	-0.0411122444292147	0.0031895596387006	0.0016902166420074	0.4384382609546406	-0.0415548502179987	0.0017268055766403	0.1922281086689295	0.0015209905894164	0.0003616480558864	1.307893163264128e-07	2.313412373093248e-06	-0.0007630210456825	0.000488024705962	5.822011161544157e-07	2.3816811362929657e-07	-0.0026549252475439	-1.473370010002771e-07	2.1708191863755657e-14	7.04862807004604e-06	0.0
770.9375379450036	-2.640590410687309	594344.6874127038	6.972717717013774	1057.6404320007043	-4.295211443617973	1118603.2834026364	18.44884134538679	800.1877765416673	-0.9763324171144632	0.95322498870857	640300.4777266972	827.3856538753743	721.9388698285765	1.551591	34.147285	0.6510148256949266	0.4191685393801782	0.1288608595	-0.0217762853	0.0338471625	0.0328007063	0.0472869311	-0.1608972177	0.053449011	0.1726848127	0.0383252191	0.0346015011	-0.1889415292	0.165685821	-0.000723888	0.0441793144	0.1739552831	0.0278645578	-0.0071789022	-0.0712791225	-0.1440024412	0.1026451806	-0.0948031195	-0.2167823168	-0.0110487239	0.0793552469	0.0441064684	-0.0291791345	-0.0007624415	0.0946522352	0.0197260448	-0.0098416615	0.0391526182	-0.1293939998	-0.0397072857	-0.0397984198	-0.1553273464	-0.0585079646	0.0560851795	0.0217298244	0.0835470874	0.0136077872	0.1423788895	-0.0848996513	-0.2426674557	0.0012889772	0.0248450659	-0.0835615672	0.0067594679	-0.014466189	0.1164995822	0.1128704922	0.0897257053	0.0848984559	0.1215636092	0.0249484735	-0.197481017	-0.0463903136	0.0182000322	-0.14450029	0.1865751304	0.1121429181	0.0994468247	-0.2328233682	0.1640459651	-0.123344503	-0.1122274521	0.0300766826	0.0707218172	-0.1070441909	-0.1130979048	0.178565369	0.064275173	-0.1504764626	0.0344107352	0.1782085121	0.0588528608	0.0534342504	0.0590985002	-0.0273869023	-0.0621072858	0.0327660929	0.0642794981	-0.0398562191	-0.0329561476	-0.0188984021	-0.0159431683	0.0495982085	0.0454306128	0.2350302985	-0.0490139522	-0.0794229784	0.1778239975	0.0177297955	-0.1662351399	0.1479635195	0.1448079221	-0.1340630146	0.0195943255	-0.0812641068	0.0043242218	-0.0464651985	-0.2015546549	0.1687081276	0.1286188611	-0.0725569112	0.168751851	-0.0962176381	0.3301849752	-0.0429809967	-0.1556908486	-0.0237708406	0.0537074026	-0.1279004726	0.0750655512	-0.0063763636	0.3379990105	0.2740812298	-0.1417519631	-0.1013839798	0.0301376669	0.0540487397	-0.1150284477	-0.1662820984353601	-0.0296456381140473	0.0276497362600667	0.000878863859189	-0.0950175468082648	-0.038541360333781	0.0090283342014607	0.0014854364563783	0.7558894484467089	0.3174511874920683	0.1007752564401243	0.5713688582730698	-0.0029977478772123	-0.0045187384666287	2.04189973297899e-05	8.986492335330851e-06	-0.0001948516527132	0.0005681693929693	3.7967166565065504e-08	3.228164591071029e-07	-0.0024343003120413	0.0002206249355026	4.8675362165526544e-08	5.92581800920437e-06	1.0
769.6394492993077	-1.2980886456958842	592344.8819177416	1.6850341320845748	1045.8177406624573	-11.822691338247068	1093734.7466843268	139.77603047946226	799.66154739298	-0.526229148687321	0.2769171169281825	639458.5903789351	824.4447968353857	699.4687471532965	1.223542	26.927603	0.2936543896234714	0.1769961188800211	0.2015651889	-0.0497227732	-0.1493195633	0.1570006944	0.0915532096	-0.0770117335	0.1487339312	0.3053531886	0.206423579	-0.0392654098	-0.0430984197	-0.0847997977	0.1353294967	-0.020217809	0.2106930951	0.1016282212	0.094682178	-0.2452804218	-0.1093096289	0.0201070845	-0.1085800023	-0.0753586599	-0.1191373899	0.1478236448	0.0211943264	-0.0081267505	-0.0131746123	0.2076614465	0.0860133462	0.0913558131	-0.0950525704	-0.1749054242	0.0478237376	0.036283127	-0.0480228959	-0.0898879198	-0.0538350007	-0.0270925869	0.0422421881	0.026070465	-0.13796629	-0.0060344311	0.000261932	-0.0922919573	0.0794303468	-0.1859640216	-0.0753949911	-0.0650375391	0.0074977664	-0.1036373306	0.0451875047	0.027963237	-0.0270576721	-0.0176558471	0.1400798248	-0.0220698316	0.0187417686	-0.2957848166	0.1378904491	0.1085716387	-0.1467661456	-0.1068078679	0.0444464111	-0.0035188781	-0.0356723948	0.0078900877	0.0517779288	0.1035587008	-0.091728238	0.2193402839	0.1361269276	0.0110291844	-0.1347783188	0.0015203854	-0.0169535199	-0.1023753596	-0.0726775595	0.0612503153	-0.1118912412	0.1268944649	-0.1789739372	-0.093436785	-0.050603779	0.0454461016	0.0585217183	0.0553599503	-0.0920918067	-0.0429060455	-0.0618478669	-0.0248992949	-0.0305519729	-0.0407329463	0.2537972287	0.2325262871	0.217344007	-0.1213040619	-0.0334949283	-0.0184599133	0.129403428	-0.2521624818	-0.0432459879	0.0546051711	-0.1305270649	0.0550236587	-0.059098271	-0.0300598796	-0.0732537576	-0.0336783638	0.0476567929	-0.0063313743	0.1099235095	-0.1408361064	0.2125527382	0.1234862271	-0.1805662874	-0.0784808489	0.1233663683	-0.1034414224	0.0366662233	0.0446835199	-0.1082719048	-0.1541381816040541	0.012143916831306	0.0237585790282043	0.0001474747160056	-0.2382179221404072	-0.1432003753321424	0.0567477784288931	0.0205063474952664	0.859080959389452	0.103191510942743	0.0106484879306462	0.7380200947855012	-0.0027100544595992	0.000287693417613	8.276750253790545e-08	7.3443951739935134e-06	-0.0004753847199678	-0.0002805330672545	2.259906319788636e-07	7.869880182327391e-08	-0.0023001550665634	0.0001341452454778	1.799494688432598e-08	5.290713330237279e-06	0.0
767.6449653724426	-1.994483926865087	589278.7928616586	3.977966134523177	1054.4763983460866	8.658657683629372	1111920.4746689347	74.97235288227395	798.4905455560291	-1.1710018369508362	1.3712453021422326	637587.1513423651	824.9169892838083	711.7539648938107	1.224554	26.949879	0.2147590046538586	0.1052032544853901	0.1512553047	-0.1215430909	0.0011048112	-0.0565536284	-0.0802934025	-0.1405123819	-0.1543617253	0.213041523	0.0124318645	-0.0242887979	-0.0213591745	-0.0402948748	0.133735273	-0.1815103243	0.076808867	-0.0016574333	0.2032931504	-0.1059079645	-0.2124561907	0.0220012732	-0.0237163276	-0.0848496348	-0.0496836644	0.0454084851	-0.1427344647	-0.0960230357	0.1105632658	-0.0960040061	0.052740906	-0.0331485084	0.0336568189	-0.0284126278	-0.0216325992	0.055861529	0.0907400049	0.0467193135	-0.1707256361	-0.0044846624	0.0893288376	-0.0109983681	0.1528323812	-0.0448185905	-0.139099635	-0.1155267107	0.0930123106	0.0724302141	-0.0181333368	-0.0332125213	-0.0915199552	-0.0057106567	0.1846856412	0.058883577	0.1927872413	-0.065499465	0.095359593	0.0402124646	-0.1338894502	-0.1787587463	0.0719810613	0.0165100599	0.089050237	-0.0864913324	-0.0671813575	0.155847323	-0.2392320138	-0.1866316787	0.077863859	0.0212883303	-0.1753175587	0.0311293552	0.1073384958	0.1976449914	0.0965583273	0.0493913181	0.0384600574	0.0041723957	0.0245161713	-0.106057535	0.00376862	0.097057632	0.1770545788	0.0251076089	0.1094255229	-0.05867626	-0.1044510402	0.0945316333	-0.0748271926	0.0522150525	-0.1078718361	0.1522310823	-0.0509335751	0.1188837475	-0.0101599481	0.1769299151	0.2890950438	-0.0234726976	0.0388817505	0.1092213413	0.0661632607	0.0514871108	-0.0777125122	0.2348615912	-0.0586577039	0.0895573866	-0.0119365825	0.0435056079	0.0479148004	0.1933737488	0.084399332	-0.0477562095	-0.1573622636	0.0099456219	0.0883578298	0.062592739	0.0071692555	-0.1086118873	-0.0568242853	-0.1054279714	0.0430942802	0.0350428114	-0.1003291122	-0.0935796969616973	0.0605584846423568	0.008757159683443	0.0036673300621785	-0.1757354232082519	0.0624824989321553	0.0308829389701833	0.0039040626728067	0.8298501584819604	-0.0292308009074915	0.0008544397216934	0.6886512855325349	-0.0024852203327202	0.000224834126879	5.055038460944231e-08	6.176320102165902e-06	-0.0014731125029814	-0.0009977277830136	2.170060446440125e-06	9.954607289972334e-07	-0.0023273375601079	-2.71824935444997e-05	7.388879552967678e-10	5.416500118688992e-06	0.0
767.6223312067583	-0.0226341656842805	589244.0433672981	0.0005123054562234	1052.2985007926209	-2.1778975534657548	1107332.1347703976	4.74323775339212	799.3762312396054	0.8856856835762983	0.7844391300920148	639002.3590708352	825.4884810505878	715.3083995240587	1.065525	23.449974	0.0937545415086066	0.0545352959627898	0.1402626157	-0.0289094491	0.0922363191	-0.0823574853	0.079846683	-0.0475334785	-0.0399966034	0.1630019951	0.0715672429	-0.0709366612	-0.0267120017	0.1518549444	-0.0309215028	-0.1775028196	0.1052462236	-0.0329620079	-0.0352168709	-0.1240793857	-0.1363577845	0.1038186156	-0.0162987537	-0.1621388346	0.0909086626	0.0639550274	-0.0324294882	-0.0961119796	0.107557108	-0.1467678501	0.1508191063	-0.0643071344	0.0743229833	0.0417428724	-0.0139395794	-0.0478717354	-0.0120614855	0.0009495039	0.0142009104	0.1157114747	0.0464869256	0.0604335655	0.0514783668	0.0409887169	0.1765379109	-0.0632784138	-0.0047045329	0.1042232235	-0.0981593461	0.0323950996	0.0050283111	-0.0182665813	0.0508003133	-0.0121112082	0.0148773932	0.0090096257	0.0422953873	0.0575407199	-0.0189130159	-0.1733069719	0.1144754767	-0.0834563554	0.0759480053	-0.1136478102	0.0971508536	0.1228524618	-0.0459544015	-0.1802369746	-0.0550273079	-0.1057936801	-0.1062435183	-0.0785616948	0.1008893822	0.0314633956	-0.0059313315	-0.0413582878	0.0242686213	0.0581110222	0.0328457006	-0.0069232282	0.0583972529	-0.112260106	0.0486540441	-0.0252464557	0.1269512942	0.0232937738	4.06541e-05	-0.126925893	0.0242687578	-0.0478617663	-0.1135777993	-0.0217140524	-0.1147234867	-0.0278136751	0.0679745605	0.1779273285	0.2416471512	-0.1401986269	0.079846893	0.0161679752	-0.0954180845	-0.0815335553	-0.0714360837	0.1302820861	-0.1426118088	0.2096449731	-0.0561520732	0.0250599588	-0.0487559407	0.0095014635	-0.1414485666	-0.0182523827	-0.0948848297	0.0601805245	-0.0547136282	-0.0734737345	-0.0678603949	0.0318389635	0.0755525032	-0.1073422654	0.0494042187	0.0251860523	-0.0912870929	-0.0937343498863185	-0.0001546529246212	0.0087861283486107	2.3917527093891863e-08	-0.2095067096080356	-0.0337712863997837	0.0438930613707857	0.0011404997850962	0.8486946687298271	0.0188445102478667	0.0003551155664819	0.720282640730431	-0.0031768041363301	-0.0006915838036098	4.782881574155366e-07	1.0092084520604033e-05	-0.0015648695690135	-9.175706603209996e-05	2.448816768024497e-06	8.419359166819153e-09	-0.0022909965910232	3.63409690846998e-05	1.3206660340151062e-09	5.248665380079924e-06	0.0
766.9494006671798	-0.6729305395784877	588211.3831837464	0.4528355110973946	1045.3320029620163	-6.966497830604567	1092718.9964165809	48.53209202381814	798.3415415427766	-1.0346896968288777	1.0705827687238345	637349.2169528968	823.1175153999395	702.3753269184101	0.983936	21.654383	0.1442944463239341	0.0739687258351694	0.1457055836	-0.0053425671	-0.0542191626	-0.0733290498	0.1032819149	0.0554314313	0.0174949862	0.1593369775	0.1378394416	-0.1954844553	0.0270148408	0.0405734901	0.0317000055	-0.103920001	0.0652126632	0.0001592705	-0.0133914462	-0.1120712131	-0.1457031773	0.0901978191	0.0660687832	-0.0385611822	-0.0594169005	-0.0051669204	-0.0404995598	-0.0036226519	-0.0147433217	-0.0879573687	-0.1069096229	-0.0021761179	0.1021709176	0.1058193322	0.0733431109	0.0382920158	0.0004467014	0.1686270066	-0.0202304138	-0.026601349	0.0834464017	0.0392176182	-0.210380633	0.1470228383	0.0746143282	0.02699065	0.1758369041	0.0261646161	-0.0344761079	0.0350104455	0.032281562	-0.0539746502	0.0084915081	0.096309732	-0.0495579003	-0.1733324915	-0.1656136094	0.0278076713	-0.0404991878	-0.1410920985	0.1549036314	-0.0678050149	-0.043088963	-0.0312239069	-0.0414535951	0.1106636406	0.0618911697	-0.0918537892	-0.012436814	0.1367567922	0.1026013851	-0.0572028222	0.0912484178	0.0083071341	0.0099367667	-0.0103257605	0.0462166161	0.018662616	-0.2146968867	-0.068790693	0.073954764	0.0966502157	0.0307713954	-0.0798968364	0.0112599835	-0.0401502278	-0.0948812928	-0.1738931363	0.0838908289	-0.2298597653	0.1165761469	0.0302165507	0.0765932689	0.1496488037	0.0236931453	0.1631043569	0.2049046093	-0.02960481	-0.0075569583	0.1616544987	0.0025921986	-0.0703471893	-0.0656421787	-0.0074746652	-0.1429715972	0.0316457318	-0.0247302018	0.0536609225	-0.1566144141	0.0569377403	0.0366870209	-0.0303483624	0.048013575	0.1740047789	-0.0058077896	0.0224296315	0.0386346765	0.0492699906	0.0177900902	-0.1091829923	0.0555787436	0.0151740128	-0.0812449131	-0.1199400529274612	-0.0262057030411426	0.0143856162962421	0.0006867388718805	-0.2068388083186505	0.002667901289385	0.0427822926266794	7.1176972899026765e-06	0.7978026725494658	-0.0508919961803613	0.0025899952752219	0.6364891043270702	-0.0025901424094153	0.0005866617269148	3.441719818266555e-07	6.708837701051696e-06	-0.0012290591518495	0.0003358104171639	1.5105863987450125e-06	1.1276863627585966e-07	-0.0026591013632053	-0.0003681047721821	1.3550112330323582e-07	7.070820059800285e-06	0.0
767.4547142093929	0.5053135422131163	588986.7383622209	0.2553417759439669	1049.6817766302795	4.349773668263197	1101831.8321897	18.920530965115866	798.6368164717618	0.2952749289852363	0.0871872836872363	637820.7646241505	824.2695087208989	704.7833016828016	0.914899	20.135019	0.1119985231044316	0.0577981441367563	0.1491644483	0.0201274615	-0.0548184388	-0.096450701	-0.0699023383	0.0469383935	-0.0040428996	0.0864001234	0.0098395952	-0.2370266382	-0.0390400528	-0.0259596325	0.0693990539	-0.0555574927	0.1497265712	0.0912992896	-0.0056729283	-0.0636386828	-0.1417414923	0.1001923398	0.0031805298	-0.0614171328	0.031414296	-0.0858064492	-0.1132044676	-0.1151487807	0.0861003661	-0.0608094772	-0.068664847	0.0240485158	-0.0401333324	0.1144245189	0.1210490218	0.050620301	-0.0086625686	-0.1025458358	-0.1103267998	0.0987593593	-0.0559751526	0.0789718061	-0.01028995	0.1404369874	0.0307004275	-0.0918550528	-0.0760991439	-0.0641962573	0.0298154227	-0.0422690158	-0.0430483131	-0.0185831164	-0.029307723	0.1389449543	0.0520588889	0.0624879526	0.082012743	-0.0217036744	0.0061400312	-0.095334573	0.1106005293	-0.0337870777	0.1402386717	-0.0560900907	-0.0811531089	0.1575890233	0.0330338896	-0.1361890397	0.031845413	0.0226947198	0.1117818211	-0.0160015927	0.0258635003	0.1290774632	-0.0141745462	0.062603733	0.0453974067	-0.0175577177	-0.0030467509	0.045142367	0.1368273024	0.0076280398	-0.1587710684	-0.0847473267	-0.0215368309	0.054145388	0.087538697	0.0645348898	0.1282179156	0.1071858979	0.060473004	-0.0062850413	-0.1221354036	-0.1912284355	-0.0096922741	0.1535645253	0.1494571238	-0.0637379345	0.1173536662	0.0990200942	0.0477392843	-0.0008591458	-0.0329719966	0.0053322785	-0.0868485821	0.042449045	0.0553869999	-0.1128934397	0.0333296945	0.0396633998	-0.045593427	0.0230609054	0.0582216509	0.1069492046	-0.139366285	-0.0839826734	-0.0385109706	-0.0484450365	-0.0108441877	-0.1109488906	0.0616009311	0.0050684204	-0.0703125971	-0.1518381807805582	-0.0318981278530969	0.0230548331427494	0.0010174905605325	-0.2087366654551203	-0.0018978571364697	0.0435709955053228	3.601861710449284e-06	0.8218587154982657	0.0240560429487999	0.0005786932023545	0.6754517482404593	-0.0027051490763369	-0.0001150066669215	1.3226533436415827e-08	7.3178315252063825e-06	-0.0004501491831048	0.0007789099687447	2.0263428704991877e-07	6.067007394098696e-07	-0.0028481146308603	-0.0001890132676549	3.5726015349620585e-08	8.111756950520502e-06	0.0
769.1808446456566	1.726130436263702	591639.1717698057	2.979526282995918	1050.0564204525183	0.3746438222387951	1102618.486133556	0.1403579935416939	798.6287408327161	-0.0080756390457281	6.521594599688934e-05	637807.8656840496	824.955304546456	710.9030693157299	0.908919	20.003418	0.1339864256789298	0.0689884721067184	0.1368791587	-0.0237643722	0.033443808	-0.029679285	-0.1055072007	0.0229015797	-0.0354399492	0.0948208822	0.0243783191	-0.1568297105	-0.0636001309	0.0316800587	0.0437917895	-0.0409485074	0.0319752354	-0.0384715505	-0.0097146254	-0.0825378724	-0.1921330115	-0.0137306638	-0.0244690644	0.0502254052	-0.0464374459	-0.151413046	-0.0504214681	0.0703961345	0.0625985279	-0.0750082008	0.0129801717	-0.0744032672	0.0082125192	0.1823523064	0.0807864176	0.115673061	-0.0446981046	0.0243001915	-0.0363613438	-0.1430391938	0.015249439	-0.0810635962	0.0519980292	0.0443016518	0.1140013493	0.1673016088	-0.0149625417	-0.203044915	0.1265864317	0.1427622527	0.0421431681	0.071733615	-0.0039231128	-0.0170522367	-0.2113681503	0.0740162282	0.1561014635	0.010941174	-0.0709157459	-0.1091537088	0.0754868576	0.0023768909	0.141568334	0.0072450954	-0.1126927534	0.0736549335	0.1738716938	-0.0298764678	-0.1304799118	0.0530992491	0.0603942703	-0.1589745883	0.0002317761	-0.0443379062	-0.0417411119	-0.0474854367	0.093155499	0.0618140181	0.023778446	-0.0906007066	-0.0397899234	-0.0644031373	-0.0791976726	0.1903685203	-0.1201886196	0.0368320431	0.1450388112	0.0123259023	-0.0656895728	-0.0015798332	0.1275008769	0.0893328206	0.0415202501	-0.0174112807	-0.0745884704	0.1261464714	0.1326136926	0.0560109709	0.1858211409	0.0010872182	0.0242996234	0.0651351701	0.0523254649	-0.136615797	0.1251851476	-0.0140132832	0.1476568489	0.0668444743	-0.0008500427	-0.039769945	0.0572667305	0.0780692167	0.1265865184	0.0626595962	-0.1104187151	-0.0196280959	0.0141399203	0.031531823	-0.030234849	-0.1126387502	0.0674542747	-0.0050684204	-0.0586099215	-0.1756572266182559	-0.0238190458376977	0.0308554612632173	0.0005673469446183	-0.2083415082226167	0.0003951572325035	0.0434061840484746	1.561492383998876e-07	0.7762868538816008	-0.0455718616166649	0.0020767945712084	0.6026212795093938	-0.0021250813810601	0.0005800676952767	3.364785311037382e-07	4.515970876128303e-06	-4.7154008765426525e-05	0.0004029951743393	2.223500542649921e-09	1.6240511054082205e-07	-0.0031490589810854	-0.0003009443502251	9.05675019324078e-08	9.91657246635462e-06	0.0
770.4504308954482	1.2695862497915869	593593.8664669818	1.6118492456598656	1053.8123690113084	3.755948558790124	1110520.509081226	14.107149576277608	799.4725131067265	0.8437722740104618	0.7119516503887859	639156.299213185	826.2362016570353	715.6703458906294	0.835383	18.38504	0.1071757268075624	0.05633515807762	0.0930667388	-0.0329363142	0.0669707629	-0.0083295878	-0.0826913095	-0.0564397864	-0.0654243692	0.077090564	-0.0435191953	-0.0229275458	-0.0581234549	0.0970316353	0.054167645	0.0506175574	0.1099458444	-0.09570562	0.0705342961	-0.0570788826	-0.1813681794	0.016618926	-0.0439421488	-0.0195401761	0.0857866619	-0.0323228579	-0.1221003734	-0.0665001358	-0.1478385868	0.0279187657	0.0009352376	0.094152561	-0.0424481666	0.0548432201	-0.0689853069	0.0171340174	-0.0890610704	0.0409319894	0.0778909117	0.0300526549	-0.0782279968	-0.0595600728	-0.0937366547	0.0161211138	-0.0105409707	0.1880400223	0.054470501	0.0899411315	-0.0686703348	-0.1079146864	0.1018783325	0.0920994494	0.0865259461	-0.1610328713	0.0688965487	-0.0044892987	-0.0205272	-0.0947060348	-0.0680914023	-0.0791177342	0.0866117418	0.0080333983	0.1670235654	-0.0096138243	0.0008255058	0.030201461	-0.0286620557	-0.0316180069	-0.0339225486	0.1558497101	0.1013304693	-0.0194428899	-0.1665800638	-0.0662315549	-0.0503580361	-0.0278673283	-0.0641156572	0.0329102797	0.1163078131	0.099650778	-0.0150627827	0.0049307087	0.0119779511	0.0505438797	-0.0146585125	0.0551658898	0.1311100844	0.1103242423	0.0478548949	-0.0589818056	0.0643737887	0.0133353561	0.2284384568	0.027024202	-0.0268715225	0.0808755242	0.0754180099	0.0674431509	0.213985359	-0.0041702622	0.0167275034	0.0901319304	0.0560006596	-0.2139891232	0.1828353286	-0.0278314581	0.2173895292	0.187714625	0.0514196638	-0.0897842721	0.0252619066	0.1106729489	0.1081330274	-0.0130647294	-0.0738605474	-0.1122465667	-0.0087252061	-0.0784084451	0.070287756	-0.1142514127	0.0731227308	-0.0151740128	-0.0462651033	-0.1722929876657559	0.0033642389524999	0.0296848735987923	1.1318103729518213e-05	-0.216743441372742	-0.0084019331501253	0.0469777193780992	7.059248065917447e-05	0.74580264251437	-0.0304842113672307	0.000929287142682	0.5562215815814172	-0.0014803283591645	0.0006447530218956	4.1570645924350834e-07	2.191372050946661e-06	0.0004507172237702	0.0004978712325356	2.0314601580311653e-07	2.47875764186544e-07	-0.0029931763687625	0.0001558826123229	2.4299388824611617e-08	8.959104774518265e-06	0.0
769.8391364385127	-0.611294456935525	592652.2959923949	0.3736809130800984	1054.3228773700591	0.5105083587507124	1111596.7297458807	0.2606187843543461	799.5803691884486	0.1078560817220477	0.011632934364433	639328.7667915358	825.9332826959055	714.8579316840874	0.897285	19.747362	0.1000727637551523	0.06067334877586	0.0798327948	-0.0680685457	0.1012526081	-0.0615903673	-0.0344993176	-0.0940155341	-0.0619009654	0.1053260262	-0.0514012095	-0.0283756329	-0.0195252247	0.0894229406	0.0207300735	-0.0099568079	0.0803277596	0.0410728431	0.0442387811	-0.105151495	-0.1356525821	0.0572040643	0.0752307632	-0.0137847108	0.1538132376	-0.0751972019	-0.1276175987	0.0524185241	-0.0295272164	-0.0137552218	0.0380521683	0.0583134776	-0.0379551316	0.044256976	0.0756321102	-0.0565478111	-0.0762770148	0.0622530253	0.0664231953	-0.017710259	-0.0166932915	-0.079116048	-0.0132788281	0.0024433712	0.0465870653	0.0042486751	-0.0704698346	0.0521122245	0.066997112	0.0866252072	0.0192291442	-0.0739867806	-0.2243377596	0.0226694999	0.0572588006	-0.0500346885	0.0624678463	0.1276280529	-0.0787552327	-0.1165534929	0.0775773859	-0.0998218994	0.1513001517	-0.0097852673	0.0554897358	0.0692240547	0.0069666265	0.0186845684	-0.030599039	0.0392667178	0.0207678003	-0.0683446274	-0.0853983188	-0.0572060177	0.0075862443	0.0327755098	-0.1561586395	0.0167268149	-0.1137212882	0.0718922283	-0.0628850431	-0.1115795686	0.0085797502	-0.0065454349	0.0394883763	-0.0284898695	0.0579414721	-0.0128633041	0.0156188948	-0.0401673034	0.1077847438	-0.006900643	0.0350495731	0.0063796933	-0.0097288659	0.0950776452	0.1045730401	0.0752744447	0.1939477111	0.0242603749	-0.0901036247	0.0912442903	0.056481513	-0.0730232111	0.2190571968	-0.0484583623	0.123350996	0.1127907728	-0.1227982551	0.0880322736	0.0930231641	0.1042071192	0.0081719461	-0.0800247925	-0.0071343726	-0.0363376103	0.0020808681	-0.1206600622	-0.0060926307	-0.1157857731	0.0785907625	-0.0251860523	-0.033413395	-0.1615118245229467	0.0107811631428091	0.0260860694607311	0.0001162334787118	-0.1971473585836207	0.0195960827891213	0.0388670809964987	0.000384006460678	0.7998728275855669	0.0540701850711968	0.0029235849136334	0.63979654030973	-0.0014811971733481	-8.688141836001029e-07	7.548380856247132e-13	2.193945066334401e-06	0.0002007632196581	-0.0002499540041121	4.0305870367486517e-08	6.247700417167171e-08	-0.0030548602055073	-6.168383674480006e-05	3.804895715559146e-09	9.332170875192103e-06	0.0
768.6415764950369	-1.1975599434757669	590809.8731167758	1.434149818217682	1050.3103085870612	-4.01256878299796	1103151.7443242476	16.100708238289727	799.4250375000437	-0.1553316884048854	0.0241279334227124	639080.3905819462	824.5720824397351	712.0554580001144	0.955575	21.030214	0.1324138072305206	0.0732077957904339	0.0471235344	0.0168572278	0.1100110139	-0.0961356317	0.1275017559	0.0142107579	-0.0218850086	0.0584665302	-0.0034379998	0.0086863752	-0.0020548998	0.1394044297	-0.1197255388	0.0524267092	-0.0262617482	-0.0024365008	0.0527193404	-0.0301698571	-0.0214125641	0.0467601781	0.0372420733	-0.1287848643	0.0770766406	-0.0387213517	-0.0548378779	-0.1769250063	0.026058772	-0.0615762089	-0.0844172514	-0.0166355928	0.0964980901	0.1112358386	0.0223551455	0.0440352404	-0.0543246157	-0.0414621103	0.0980944936	0.0997114568	-0.0351518181	-0.0098811283	-0.0709874262	-0.0565753056	0.0158013851	0.1151391206	-0.0637585134	0.082418579	-0.0988038376	-0.0604907841	-0.1676449429	0.0901735734	0.1268808914	0.0337674414	-0.0685846862	0.0878226901	-0.0535500796	-0.0720343267	0.0058714342	-0.0331850567	0.0554230993	-0.1278132893	0.0676949193	-0.0479177951	0.106591546	0.008104719	-0.0246784937	-0.0810732251	-0.0217207853	0.0800905344	0.1187963355	-0.051543487	-0.1376468046	0.1108761951	-0.0165901956	-0.0348715488	0.0936099021	0.1004472776	-0.005631989	-0.0697812598	0.1171345606	-0.0754444876	0.0235268115	-0.0113784972	0.0149100495	0.0936290915	-0.0190344476	0.0092196853	0.1792553066	-0.0295470203	-0.0607996171	-0.0795727132	0.2249039059	-0.0297546542	0.0071881176	0.0406471992	-0.0330139878	-0.0184187682	0.1092774577	0.0340081394	-0.1944698477	0.0288447526	0.022073554	-0.1517872217	-0.0235735334	-0.1051946819	0.1180014288	0.1499189403	-0.0434880502	-0.0108671454	-0.0915636637	0.010270949	-0.0684593956	-0.1716917379	-0.0926540038	-0.1184728202	0.1086589753	-0.086086185	0.0253312193	-0.1172407796	0.0838433825	-0.0350428114	-0.0201956026	-0.1525127767469172	0.0089990477760295	0.023260147071055	8.09828608752615e-05	-0.1836423296239644	0.0135050289596563	0.0337245052297167	0.0001823858072011	0.75642769482603	-0.0434451327595368	0.0018874795604937	0.5721828574998216	-0.0004960334979521	0.000985163675396	9.705474673197551e-07	2.46049231090596e-07	-2.0211689530258425e-05	-0.0002209749091883	4.0851239366755807e-10	4.8829910490803254e-08	-0.0031780135756289	-0.0001231533701216	1.5166752572307803e-08	1.0099770286881586e-05	0.0
767.4047438563884	-1.2368326386484796	588910.0408932891	1.5297549760261604	1045.404928686412	-4.905379900649223	1092871.464921842	24.062751969693377	798.277539166227	-1.147498333816657	1.3167524261120032	637247.0295372871	823.6072600883914	698.9996673079941	0.995054	21.899054	0.0809722453897624	0.0464700593673203	0.0704982443	0.1300912784	-0.0748454015	-0.0361406606	0.0932130091	0.104451441	0.1514313252	0.0401018858	0.0504192692	-0.1866193925	0.0592296206	0.0174076995	-0.1433264483	0.0566543422	-0.0351469464	0.1884469408	-0.0589410385	-0.0707506024	0.0515482493	0.0736409657	0.0191224663	-0.0082772474	-0.0747179581	0.0476068519	0.0954961866	-0.0432512853	0.0220397658	-0.0242004954	0.0106116402	-0.1177851364	-0.0090136211	-0.0529369971	0.1592066421	-0.0559006036	0.0165361322	-0.0852014253	0.2447939562	0.0118302455	0.0266220787	-0.1293851079	0.0719649456	-0.0968728532	-0.0438196499	0.0678820782	-0.0167500608	-0.141628388	0.0718522522	0.0185505582	0.0441210153	-0.047209289	-0.1051648556	0.0096085722	-0.0514682298	-0.0692683151	0.0600321859	0.0775555014	0.1052123187	-0.0346020393	0.0871074633	-0.0595785742	-0.0564523602	-0.0453853037	0.0131494125	-0.0591195631	0.1494589819	-0.0077401056	-0.0859168596	-0.059733542	0.0747449452	0.0430985781	-0.0138144866	-0.2183446562	-0.0639301257	-0.0515811377	0.1971956791	-0.0392405245	-0.0030861371	-0.0252476988	-0.0164195824	0.0017740631	-0.0859015964	3.2646e-05	0.0558843335	-0.0705909551	0.0848557418	0.0196803967	-0.1043292969	-0.0639234784	0.0784111534	-0.1654122698	-0.0473109545	-0.0775423155	0.0911741013	0.0581735867	-0.0708907795	-0.066523233	-0.0350959614	0.0400769619	0.0029091531	-0.093223818	-0.0201363535	-0.1503227083	-0.1574871492	-0.1982219865	0.0367942872	-0.0229273503	-0.087708962	-0.1278027266	0.0183669712	-0.025714396	0.1774058611	-0.1043015922	0.0395069986	0.0691286523	0.0859626045	-0.105091365	0.0747355075	-0.1186154352	0.0888661936	-0.0446835199	-0.0067565429	-0.161265490647807	-0.0087527139008898	0.0260065584738779	7.661000063082959e-05	-0.187755076656245	-0.0041127470322805	0.0352519688101924	1.691468815153284e-05	0.774453257786675	0.0180255629606449	0.0003249209200481	0.599777848496394	-0.0007207440840303	-0.0002247105860782	5.049484749560813e-08	5.194720346646762e-07	-0.0007763494441628	-0.0007561377546325	6.027184594518886e-07	5.717443039807417e-07	-0.0031987896648371	-2.0776089208199983e-05	4.3164588278708375e-10	1.0232255319868644e-05	0.0
767.6016936642359	0.1969498078474316	589212.3601162034	0.0387892268111402	1049.680295064569	4.275366378157059	1101828.7218468406	18.27875766747581	797.4002127331784	-0.8773264330486654	0.7697016701258944	635847.0992669181	822.8926494715867	703.7986630305155	1.0154	22.346848	0.1117624990751668	0.0586680944316666	0.0065982648	0.1189520889	0.0209019903	0.0905027696	-0.1079077178	0.0636005743	0.131818881	-0.0371723491	-0.0645164185	-0.0255537164	-0.087431649	0.0187704603	0.0700085403	-0.0345930011	-0.0832703678	-0.0665946688	-0.0284153558	-0.0036687666	-0.0163208462	0.0554145456	-0.0740246416	0.1551552274	0.0547732256	0.0482183618	-0.1294019839	0.0157847843	-0.1272556526	0.0921220962	-0.0941378343	-0.0012249536	-0.0450136953	0.0406084464	-0.0420897688	-0.0451521064	0.094119002	0.0421581155	-0.0612899803	-0.0355484241	0.0873293642	-0.1350153857	-0.1092774278	-0.0291389418	0.1281519498	0.1214392353	-0.0872076373	-0.0438541523	-0.0435948163	0.0070792228	-0.1378251187	-0.0148887757	0.0540986134	0.0287434974	-0.0557139253	-0.0563663597	0.0720386402	-0.0084500712	0.0990784046	-0.0102400562	0.0416186539	0.0992407331	0.0217296348	0.1071860765	-0.0473867553	0.0625337852	-0.0797907687	0.0330316873	0.0591809443	0.1057139427	0.1436242614	-0.0241384037	-0.0514439633	-0.0834836169	-0.0178945632	-0.1161379083	-0.0673187916	0.0406737177	0.0303124671	0.0567828185	-0.1625220112	0.0006908168	-0.1260366208	0.0612700341	-0.0115414571	-0.1416817242	-0.0513649678	0.1308350574	0.1060476841	-0.0854667977	-0.0073738062	0.0670632934	-0.0460565314	-0.0482263801	-0.0702235795	-0.0010314649	-0.0593415362	-0.0755487311	0.0330168638	-0.1019399294	0.0837807477	0.1099894705	0.0399657884	-0.1115225794	-0.1682721521	-0.0364164228	0.0544706511	0.0490471901	0.1709104728	-0.1553428755	0.0960955544	-0.0533046108	-0.026887758	-0.019660339	0.0328754569	0.075670748	-0.0080079316	-0.2546460604	-0.1011640757	-0.1199087977	0.0936454286	-0.0540487397	0.0067565429	-0.1375269580833134	0.0237385325644936	0.0189136641996494	0.0005635179283155	-0.188527561064447	-0.000772484408202	0.0355426412809087	5.967321609152215e-07	0.7352109050599438	-0.0392423527267311	0.0015399622475291	0.5405350749190617	-0.0002279889131449	0.0004927551708854	2.4280765843429975e-07	5.197894451699277e-08	-0.0012431374018235	-0.0004667879576607	1.5453905998124824e-06	2.1789099741704754e-07	-0.0031981502058684	6.394589687000463e-07	4.089077726509268e-13	1.0228164739296089e-05	0.0
767.4424978674133	-0.159195796822587	588967.9875329747	0.0253433017259784	1042.3148278362676	-7.365467228301441	1086420.2003273482	54.2501074911825	798.5449655495304	1.1447528163520246	1.3104590105458922	637674.0620045007	822.4094381204945	699.0426074842791	0.9789000000000002	21.543549	0.0995750781299808	0.0528272667709214	-0.0395083638	-0.0287560577	0.0532663222	0.159196038	0.0203005004	0.0557852331	0.0376410827	-0.0439834298	0.1472520745	0.0796798344	-0.0393236559	0.0612910504	0.0779593779	-0.0356192271	-0.0903561436	-0.0252650646	-0.0980466473	0.0585254518	-0.0237351683	-0.0221770321	0.0054835496	-0.0577570298	0.1052033113	0.1317144547	0.0587394294	0.0797838564	-0.0764128082	-0.0489408723	-0.0473765303	0.0874329353	-0.1228673221	-0.0058513972	-0.1143051707	-0.146442034	0.0965993327	-0.079380262	0.0214467383	0.0251330519	-0.0989189888	-0.0330726783	-0.0061069544	-0.037876123	-0.0483980219	-0.0352272088	-0.0636600643	0.0223321757	-0.0285792303	-0.1274390814	0.0016162005	-0.1039911612	0.1285322197	-0.0739034402	-0.1421540171	-0.1977208012	0.0697009678	0.0129462092	-0.0068723302	0.0105691153	0.0329028348	0.0899788295	-0.0831094387	0.0772445954	0.1331709421	0.0732250659	0.0358655348	0.1268946339	0.0037368814	0.0004678327	0.0104195137	0.0819237342	-0.053555943	0.1028629125	0.0459381426	-0.0770570663	-0.0290248244	-0.0386088275	0.0836970238	0.1886883527	0.0938299766	0.0747325928	-0.0125539642	-0.1041363815	0.1415357291	-0.1009468181	-0.1148299715	0.0895906429	-0.0892906261	-0.0722938844	0.1154573547	-0.0367498421	0.0111813898	-0.2141240332	0.0485646576	-0.0193416867	0.0105351156	-0.0241069098	-0.0874099189	-0.1722174902	-0.0552721407	0.0493310765	-0.041037923	-0.0759912165	-0.1273477821	0.0125152754	0.1159922284	0.0483139761	0.052115524	-0.1506441633	-0.0790533777	-0.0512904699	-0.0567175977	0.1016127311	-0.0022145005	0.1564567355	-0.0697097901	0.0058802398	0.0318418192	-0.1211199807	0.098167988	-0.063080731	0.0201956026	-0.1420001477788588	-0.0044731896955454	0.0201640419692177	2.0009426052333686e-05	-0.1838983360389789	0.0046292250254681	0.0338185979979052	2.1429724336420265e-05	0.7591898894714717	0.0239789844115279	0.0005749916934082	0.5763692882757054	-7.394372108501216e-05	0.0001540451920598	2.3729921196767735e-08	5.467673887898071e-09	-0.0020678989551825	-0.0008247615533589	4.276206088844875e-06	6.802316198991501e-07	-0.0028470833713385	0.0003510668345298	1.23247922306844e-07	8.1058837233522e-06	0.0
767.9662013991672	0.5237035317538812	589772.0864914662	0.2742653891714884	1038.8479187847818	-3.4669090514858	1079204.9983634723	12.019458371274167	798.313555231248	-0.2314103182824283	0.0535507354075747	637304.5324659548	822.0868965428213	692.7530049819488	0.988045	21.744818	0.089252463155411	0.0395982209053117	-0.0050865795	-0.1137627177	-0.1721340177	0.087100216	0.0308533496	0.0489862885	0.0542137312	0.0420518309	0.1612494073	0.0183659484	0.0398360922	-0.148468736	-0.0063311829	0.0290825067	-0.2697411278	-0.0856459069	-0.0124633843	-0.0139006764	-0.0443738417	-0.0011473543	0.0228843166	0.0428480732	-0.0497752793	0.0330136301	0.0152006092	0.0692854757	-0.121457105	0.0703575561	0.0152504451	0.0403334552	0.0313389703	-0.1026619246	0.1033821171	-0.0466940987	0.1150441504	0.0835930611	-0.1276766615	-0.0271786896	-0.0075810839	0.1991033764	0.0357571265	0.0081681472	0.0428901138	-0.0548485943	-0.1754906338	-0.1576511459	-0.0147003033	-0.0505843696	-0.0276452389	0.025662866	0.0207951403	0.0346600411	-0.0542232037	-0.101450687	-0.0066024266	0.139517406	-0.074589445	-0.0324382589	0.027327977	0.0454755673	-0.165265476	0.0124566833	-0.0586101645	0.0048783719	-0.0164629803	0.0441405775	0.2286893517	0.0374038036	-0.0940384458	0.0605196527	-0.0746799004	-0.0317887148	0.0414287694	-0.0769862531	-0.0542657483	-0.1357190986	-0.1018270475	-0.0165080072	0.1164533747	0.0138059419	-0.0087588027	0.0272191787	0.0790019198	0.0166089652	-0.0413387055	-0.0793026293	0.0602424975	-0.0469047163	0.0744018078	0.0655289165	-0.1403473633	-0.0681015643	-0.2282845624	-0.0165255882	0.0330725685	0.0489716846	-0.1385844461	0.015453264	0.0799774533	-0.0214396363	0.0180667188	-0.1001944445	0.006276578	-0.0779853086	0.0771598575	0.0770677265	-0.1124492258	-0.1432748651	0.0460391535	-0.0222095287	0.061932575	0.0108544545	0.0354370917	0.0633124921	0.003957158	0.0418921437	0.0146538709	-0.1222481541	0.1024214758	-0.0717238087	0.033413395	-0.156307268634535	-0.0143071208556762	0.0244319622279886	0.0002046937071789	-0.1723167353721351	0.0115816006668438	0.0296930572893104	0.0001341334740062	0.7669836823844633	0.0077937929129916	6.074320797059884e-05	0.5882639690440313	-0.0005481980094327	-0.0004742542883476	2.249171300161719e-07	3.005210575459747e-07	-0.0017196486928865	0.0003482502622959	2.957191626946248e-06	1.212782451892327e-07	-0.0031359777950928	-0.0002888944237542	8.345998807632901e-08	9.8343567313151e-06	0.0
768.1565326448208	0.1903312456536241	590064.4586449136	0.0362259830720602	1053.6730547343216	14.8251359495398	1110226.9062731566	219.7846559223373	797.9414478226936	-0.3721074085543705	0.1384639235010492	636710.5541533765	824.4929715632561	719.1393738562639	1.042385	22.940718	0.0733516922555727	0.0474606231603106	-0.0221826486	-0.1084431524	0.0474647474	-0.0801925843	-0.088475971	-0.1472945728	-0.1457250958	0.0409961473	-0.0362531426	0.0387949166	-0.0472995545	-0.1490542211	0.0395892088	-0.1583047908	-0.1478051188	-0.1185068747	0.080097978	0.0019757312	-0.0610037912	-0.0450918812	0.0958419806	0.0687350356	0.013725831	-0.0511963015	-0.0877235173	-0.0310580968	-0.0675532978	0.0320679653	-0.1237746796	-0.0205915923	0.0752477265	-0.0522891037	-0.0030662404	0.1483239139	-0.0102198368	0.0456506095	0.0772805768	0.0605383049	0.1291257196	0.0802028516	0.0493925081	-0.0279113008	-0.2749433406	0.0596034861	0.0378378151	0.0875813237	-0.1185083257	-0.06108633	-0.0437127107	0.0457387574	-0.135775924	-4.35341e-05	-0.1231322111	0.0128202261	-0.0110619584	0.0517606798	-0.1242133288	-0.0131155071	-0.0349879871	-0.0453427692	0.0676086903	0.0369674195	-0.0928324882	0.0214811062	-0.1624643514	0.0381301294	0.0400816729	-0.0786170905	0.0337554232	-0.013849099	-0.064457425	-0.0752985908	0.0405714143	0.0620166851	0.0011174928	0.0149203002	-0.0572302777	-0.1101087681	-0.0368539099	0.1208223547	0.0193738249	0.0463642117	-0.0117303244	0.0748423778	-0.0937134347	-0.0687900907	-0.0104685512	0.0040608624	-0.0412315087	-0.1782648388	0.0803820028	0.1325318253	0.074835757	-0.0149373749	0.055672693	0.0770886704	-0.0514498854	0.0359422038	0.0001614922	0.147369723	0.0256032544	0.117056639	0.0788100419	-0.1140618454	0.1004706808	-0.0263095898	-0.0403363118	0.049632475	0.1072904176	-0.0208312793	-0.0118006718	0.1389099913	0.0334950807	0.0283877656	-0.0530071109	0.026325285	-0.0386120524	-0.1232925447	0.1063942335	-0.0799246852	0.0462651033	-0.158284832575589	-0.001977563941054	0.0250540882234822	3.910759140957029e-06	-0.1675116421797042	0.0048050931924308	0.0280601502657412	2.3088920587945653e-05	0.7928827506554512	0.0258990682709878	0.0006707617373052	0.6286630562869544	-0.0012510342754657	-0.000702836266033	4.9397881685121e-07	1.5650867583899889e-06	-0.00161904596831	0.0001006027245764	2.621309847500866e-06	1.01209081922151e-08	-0.0031260174486803	9.960346412500078e-06	9.920850065700315e-11	9.771985089453692e-06	0.0
767.0569150612022	-1.099617583618624	588376.3109432083	1.2091588302032614	1051.4113075569885	-2.2617471773330635	1105465.7376586962	5.115500294174081	798.1383532693006	0.1969054466070474	0.0387717549035208	637024.8309594309	823.5477663225244	712.7234759115958	1.044069	22.977783	0.0401847094838043	0.029039491727991	-0.0249836906	0.0362783508	0.1000741043	-0.1129951694	0.1318826109	-0.0046457888	-0.0457461965	0.0004606136	-0.0575148368	-0.0212585798	0.0032410215	0.1930424768	-0.1574852266	-0.0221688682	-0.0760168699	-0.012946998	0.0300301117	-0.0070172447	0.0296427541	0.0768765033	0.0226371914	-0.03464117	0.0454637844	-0.0219759108	0.0840863534	-0.0541194237	0.0433403346	-0.0590600382	0.1128605202	-0.1276398053	0.1185207042	0.1021463791	-0.0696279998	0.1311740831	0.1017612249	-0.059937146	0.109101704	0.0240001324	-0.2116934731	-0.114807588	0.0420172619	0.0246977183	0.0566044537	-0.0439880496	0.0127189701	0.0100417616	-0.0599819002	-0.0020329513	0.0708624563	0.0357244604	0.1757872539	-0.0357150313	-0.053376608	-0.0477327711	0.0609375108	0.0099080289	0.0566675237	5.54705e-05	0.0062352315	-0.1347621726	0.0659032022	-0.0042746019	0.0760045164	-0.0371701224	0.0741968915	-0.032853817	-0.1162193702	-0.0600750338	-0.0314233208	-0.0149983264	-0.0327885768	-0.0085699042	-0.0509255374	-0.1554014504	0.0299922207	0.1053868379	0.0687692279	-0.1471756101	0.0630950992	-0.0767647158	0.1401782287	-0.054279451	0.0551418045	0.081392215	-0.1449611643	-0.0037183345	-0.0643105511	-0.0745877073	-0.051273747	0.0120999338	-0.0848444999	-0.0138403976	-0.0851171373	-0.0070552204	-0.0401576558	-0.0625566542	-0.0669178758	0.007930718	-0.1370401704	0.0065146375	-0.0193214177	0.011221429	-0.0395187288	-0.1079372739	0.0529628557	-0.022491253	-0.0042770651	-0.0021386754	-0.038265935	-0.0826425357	-0.1199571637	-0.0506366436	-0.0962862504	-0.1495715269	0.0158356321	0.1368939484	0.0154072847	-0.1242524367	0.1100753719	-0.0876327994	0.0586099215	-0.1626560946344	-0.0043712620588109	0.0264570051217148	1.910793198680057e-05	-0.1698705920552328	-0.0023589498755285	0.0288560180451953	5.564644515256365e-06	0.819646264516706	0.0267635138612547	0.0007162856742015	0.6718199989361899	-0.001384034452503	-0.0001330001770373	1.7689047091953158e-08	1.915551365715279e-06	-0.0016183384613694	7.075069406001396e-07	2.6190193755474767e-06	5.005660709973695e-13	-0.0031261294384666	-1.1198978629991739e-07	1.254171223550116e-14	9.772685266047498e-06	0.0
766.7932586965339	-0.2636563646682361	587971.9015824497	0.0695146786300699	1041.1820621577572	-10.229245399231331	1084060.0865590798	104.63746143769536	798.4421443495639	0.303791080263295	0.0922890204475397	637509.8578735299	822.738554613733	699.5496767376278	0.939429	20.674883	0.0953498764127582	0.0561814013962892	7.74322e-05	0.1110371219	-0.086597275	-0.0534842576	0.0799698534	0.0719939486	0.0973832076	-0.026090915	0.0075518631	-0.1215080993	0.0554126023	-0.0632209323	-0.1167685449	0.1480305348	-0.0236509633	-0.0683820706	-0.0720081143	-0.0606325295	0.0899832129	0.0414680929	0.0302262056	-0.0283068491	0.0001502038	-0.0063601664	0.1224372674	0.0222741473	0.0108197679	-0.0281817211	0.0874549924	-0.0363627688	0.0497714162	0.0369653493	-0.0614457861	-0.0548734797	0.0252347412	0.1278394211	0.0367406254	-0.089379719	-0.0361146219	0.0324550048	-0.0243110286	0.126803028	-0.0297551521	-0.0336689942	0.1089230985	-0.0899085445	0.0642988687	0.1020398416	0.0819976903	0.052617705	0.0141456365	-0.1220973966	-0.0416975907	-0.0617001051	0.0215186243	-0.0282974207	0.1126469625	-0.0003937138	0.0077961889	-0.0769044354	-0.0676193522	-0.0213759292	0.0126649167	-0.0534464488	0.1332115293	0.0243063279	-0.0161055374	-0.0254415708	0.0348490705	0.0134872996	0.1025790593	-0.1732614238	-0.0005257497	-0.0409358094	-0.0054981312	0.0569053669	0.0027432701	0.0436034604	-0.0094734809	0.0825071778	0.1164475415	0.0314144319	0.1128013664	0.0251835777	0.0729318721	-0.1397397319	-0.0991796041	0.0046776084	0.084054574	0.0160980714	-0.0705357693	0.0679601598	0.0423285594	-0.0029324181	-0.0826958193	-0.0685319293	-0.0922845521	0.0792763901	-0.0144685577	-0.0687314481	-0.0079370528	-0.0069120059	-0.1092319214	-0.0839417574	-0.0925030514	-0.0746154896	-0.1500920546	-0.0573895053	0.0100631602	-0.0636001173	0.0220156621	-0.0520066463	0.0064432165	-0.1052653992	0.0397998039	0.0314036948	0.0499028266	-0.1251271724	0.1134548014	-0.0948006283	0.0703125971	-0.1627982394832372	-0.0001421448488372	0.0265032667788414	2.020515805095205e-08	-0.2156246779127997	-0.0457540858575669	0.0464940017249986	0.0020934363726616	0.8229843369066501	0.0033380723899441	1.114272728050713e-05	0.6773032187936785	-0.0008927058370066	0.0004913286154964	2.414038084056093e-07	7.969237114256544e-07	-0.0020491128340647	-0.0004307743726953	4.198863406728668e-06	1.8556656017102945e-07	-0.0031259209603301	2.0847813649981645e-07	4.34631333984361e-14	9.771381850231056e-06	0.0
766.6179487440671	-0.1753099524668186	587703.0793365611	0.0307335794339182	1047.3491801780108	6.167118020253611	1096940.3052195513	38.033344675736814	798.3712284040366	-0.0709159455273038	0.0050290713300315	637396.6183433704	823.3149832903404	705.2031182813215	0.8988089999999999	19.780909	0.1251965350916538	0.0756777137130493	0.0008389843	0.1110802794	0.0301280802	-0.0338685308	-0.0925614882	0.0181137994	0.090989635	-0.0645498368	-0.1121034639	-0.0731426667	-0.0527509068	0.0588983246	0.0284951564	0.1195234933	-0.0821191731	-0.0768742922	-0.0218899339	-0.0055346893	0.1265307568	0.1022397808	0.0406783833	0.0249564406	0.0787459546	-0.0486170747	0.0594095859	0.1246740274	0.0225595547	-3.79183e-05	-0.0931653925	-0.0001873395	0.0859857874	0.0273685329	-0.0006783772	-0.0538711755	0.0045463696	-0.0958540312	-0.029936945	-0.111036919	0.0338877548	-0.1154002666	0.1176936051	-0.0234651459	0.0053534863	0.0201625465	0.1644685159	0.0566808229	0.1860946445	-0.1512178283	0.0222868662	0.0061248529	-0.0230481878	-0.0714833896	0.110509378	-0.0547493056	-0.1053639132	-0.0023608659	0.1296844349	0.018363576	-0.0363529837	-0.0519090418	0.0612950342	0.0299620464	-0.0139530732	-0.0254932706	0.0814994361	0.0606199683	0.1716773232	-0.106221059	-0.0035962252	0.0003345064	0.1075671835	0.0041218684	0.0605379866	0.0663086313	0.0399620159	0.127591499	0.0232549469	0.0047094635	-0.0198876968	-0.0072492156	0.0250758836	-0.0307273966	-0.0702680436	-0.0777095821	-0.0987848163	0.0047293735	-0.1090272632	-0.0017692427	0.0452997712	0.1731011716	0.0403675721	-0.0143667966	0.1087810258	-0.0214267887	-0.094322596	-0.0577394574	-0.026053161	0.0180619598	0.0341728538	0.0720612656	0.0440101431	0.0607808185	-0.1143554814	-0.1100869994	-0.0825731845	-0.0361776362	0.1189647678	-0.051514511	0.0313465456	-0.154364391	-0.0288232717	-0.0330995634	0.0129491199	0.0295693798	0.0234999804	0.0131488906	0.0223206209	-0.1259161521	0.1165232592	-0.1013839798	0.0812449131	-0.1639537421940105	-0.0011555027107732	0.02688082957942	1.3351865146043895e-06	-0.1578602478918611	0.0577644300209386	0.0249198578644798	0.0033367293756439	0.8130509049214965	-0.0099334319851536	9.867307100367296e-05	0.6610517739936642	-2.0595767958732185e-05	0.0008721100690478	7.605759725346768e-07	4.2418565780993925e-10	-0.0023019781913324	-0.0002528653572676	5.299103593369988e-06	6.394088890612152e-08	-0.0031240329791499	1.8879811801999177e-06	3.5644729367890748e-12	9.7595820548162e-06	0.0
765.7792257358777	-0.8387230081893904	586417.8225686403	0.7034562844662602	1041.7512152684878	-5.597964909522943	1085245.5945133714	31.33721112825021	797.8461753831566	-0.5250530208800228	0.2756806747352376	636558.5195735306	822.3865728073519	701.1331373506838	0.936072	20.60099	0.1651919332462149	0.092329073616297	-0.0185198627	0.1073627459	0.086054769	0.0812943707	0.0178369969	0.0310414299	0.0737414407	-0.0416122391	-0.0089574993	0.0551789482	0.0454180607	0.0790872447	0.0902123886	0.0141895648	0.0039108105	0.1011723753	-0.0775560884	-0.0020612123	0.0584290986	-0.0310559455	-0.0958184968	-0.0290554982	0.0558434344	0.0767376365	0.0096071885	0.0922938013	0.0083788774	-0.040920499	0.0521201673	-0.0949702582	-0.0276294079	-0.1191843658	-0.0070274984	0.1470264519	-0.0227706199	-0.0889880225	-0.0286541386	-0.0074013893	-0.1421852378	0.029019697	-0.0005159754	0.1120936461	0.0333173534	-0.01023723	0.0748636589	-0.1026793838	-0.1178382936	0.1861378598	0.0416623827	-0.1155654954	-0.1410653679	0.043291097	0.1258844362	0.1194590414	-0.1773379485	-0.0083786269	0.0958264998	0.0181289322	-0.0489157754	0.0758826906	-0.0056004491	0.0120098827	0.1074623469	0.0677531071	0.0673713071	-0.0110660907	-0.0707710595	-0.1859609814	-0.0868161825	0.0495564189	-0.0584228926	0.029415024	-0.1080990486	-0.0550345463	-0.0844928139	0.0066701545	0.0651467117	-0.0522343124	0.0200333784	0.0542825641	-0.038370268	-0.041337212	-0.1868003458	0.0663659157	0.0316359213	-0.0050393916	0.0661216295	0.0976966337	-0.0272959578	-0.0296166181	-0.2069418277	0.0562630311	0.0370054889	-0.0048286946	-0.0642168954	-0.0812615631	-0.0380851589	-0.1202258694	-0.055216942	-0.0371020687	-0.0078183044	0.0945685347	-0.0697433864	0.0151905924	-0.1074891852	-0.1286987194	0.0025705491	-0.0353658346	-0.0442754446	-0.0038368188	0.0127885474	-0.0125623115	0.032526456	-0.029032925	-0.0560428113	0.0124164552	0.0354239335	-0.1266188352	0.1192723348	-0.1073422654	0.0912870929	-0.1611099307360177	0.0028438114579927	0.0259564097817644	8.087263608611045e-06	-0.2118692640172099	-0.0540090161253488	0.0448885850351941	0.0029169738228281	0.8531405845702764	0.0400896796487799	0.0016071824143418	0.727848857040913	-0.0011297103574875	-0.0011091145895287	1.2301351727055672e-06	1.2762454918145352e-06	-0.0020482429245864	0.000253735266746	4.19529907811825e-06	6.438158559066379e-08	-0.003126171643157	-2.1386640070997914e-06	4.573883735264137e-12	9.772949142478938e-06	0.0
765.6106957030283	-0.1685300328493895	586159.7373748751	0.0284023719722163	1045.3829124137146	3.6316971452267808	1092825.43356658	13.189224154648349	797.6742012692692	-0.1719741138873587	0.0295750958473422	636284.1313705667	822.4050183204771	701.3181852034262	0.894001	19.675095	0.0950009264916808	0.0466870495233683	0.0018670767	0.0351455869	-0.0214867632	0.1241504176	0.0693635364	0.0834072346	0.053643202	0.008551042	0.0221555923	0.0854010271	0.0227026149	0.0141357181	0.0129904537	0.0410887081	-0.0147014155	0.1681739555	-0.1585128589	-0.0085409869	0.0402089812	-0.0537585491	-0.0923332674	0.0910851084	-0.0820567646	0.0116334183	-0.0903690763	0.0270641277	0.0278277382	-0.0324649544	0.0498387301	0.0693413264	0.0412999489	-0.0722611105	-0.0214587585	0.0101794937	-0.0786949395	0.0543353895	0.023723965	-0.0181791665	0.1123342128	-0.0959793118	0.0170314459	-0.0950882854	-0.0321685097	-0.0655879278	0.0241223516	0.0771505737	0.0224282804	-0.0073217538	-0.0404116723	-0.0589293789	0.0118835537	-0.0208809817	-0.1697411067	0.0687238075	-0.1046581171	0.0130049605	0.0480028998	0.0019127141	-0.0628684568	0.0965599068	-0.0521148534	0.0268754641	-0.0071292192	-0.0031619647	0.0131920807	-0.0850241828	-0.0528399302	-0.0085715547	-0.0491852247	-0.0500218201	-0.0444294129	-0.0375222653	-0.0487611404	0.0445141114	-0.0494476244	0.0175388067	-0.0100504294	-0.0730089857	-0.126771284	0.0424772843	0.0218434441	0.1014369921	-0.0115958245	-0.0684759674	-0.0194379448	0.0597178659	0.0180557468	-0.0802366612	-0.1195480953	-0.0841821731	-0.0304268993	0.0653329997	-0.0428893422	0.0015141191	-0.0480792788	-0.0386665074	-0.0368811949	-0.0502330925	0.0086206761	-0.1509693814	0.0131932911	-0.0024010182	0.0077880452	0.1307064734	-0.1155696949	-0.2008516716	0.0553676384	0.0426113196	0.0303534253	-0.049024903	0.0537978766	-0.0488287216	0.0239750774	0.0736745637	0.014688754	0.043478499	-0.020880705	-0.1272347401	0.1216944932	-0.1126387502	0.1003291122	-0.1719356286775735	-0.0108256979415558	0.0295618604087524	0.0001171957359218	-0.1839781697436251	0.0278910942735848	0.0338479669422141	0.0007779131397779	0.8702475505905767	0.0171069660203002	0.0002926482864197	0.7573307993088984	-0.0013037529412522	-0.0001740425837646	3.0290820963492584e-08	1.6997717318237625e-06	-0.0014389688436775	0.0006092740809089	2.070631333074561e-06	3.7121490566738505e-07	-0.0031259449427058	2.2670045119995227e-07	5.1393094574261924e-14	9.771531784827968e-06	0.0
766.1113955862434	0.5006998832150202	586926.6704471015	0.2507003730515349	1040.7856134562733	-4.597298957441353	1083234.693177551	21.135157704091352	797.630146060732	-0.0440552085372019	0.0019408613992563	636213.8499048648	821.582303634014	689.0079715851549	0.90361	19.88657	0.0521677406962646	0.0313152130544646	0.0034139165	-0.0146382646	-0.1350185176	0.1199129561	-0.0881241004	0.1253629911	0.0845336537	-0.0226054777	0.046248551	0.0566666291	0.0412510207	-0.1004782748	0.0404215089	0.0123615452	-0.0189497462	0.0497941889	0.0487540993	0.0211144809	0.0595146275	-0.0395059924	-0.0245806349	0.0511529181	-0.0335837235	0.007640695	0.0039995696	0.0601572086	0.0392809111	-0.0153875648	-0.0152243468	-0.0523220733	-0.0956844902	-0.0122464561	-0.0837425436	-0.0158266562	0.0197151431	-0.0727282097	-0.072476593	0.0379201707	0.1099391756	0.1088074587	-0.0232375509	0.0087035754	-0.0412136384	-0.1305076492	-0.1185046495	0.0199703597	0.0623247906	0.0713190423	-0.0040247924	0.0247130291	0.2257574185	-0.0327690995	0.0541234956	0.1410815416	-0.0751835417	0.0551534939	0.0021382226	0.0039560709	-0.0684863403	0.0667084762	-0.1101779515	0.0037755819	-0.0485003784	0.0094221515	0.0120660227	-0.0002434084	0.0830985435	-0.0828161596	-0.0740120402	-0.001125682	0.0956819357	0.1093551904	0.0175868946	0.0176841928	-0.0315575084	-0.078265665	0.0476606866	0.0743044475	0.051607748	0.1217071956	-0.1206766131	-0.0005721957	0.0010677364	-0.0042160871	-0.0426906534	-0.0190024203	-0.0295113501	0.0142899302	-0.1439747797	0.0225223047	0.1394451982	-0.0133815509	-0.0262553868	-0.0059694852	-0.0573262882	-0.0133823339	0.0758697337	-0.03593288	0.1012756806	-0.0757581543	0.080221195	-0.0718155779	0.1211339239	0.2076671807	-0.1590356736	-0.1474496828	-0.0071075516	-0.0257655165	0.0016011712	0.0124999609	-0.0749891025	-0.030494355	0.0477954461	-0.0583930473	-0.0034737482	0.0482037329	-0.0308473963	-0.1277634447	0.1237830955	-0.1172407796	0.1082719048	-0.1641793614085855	0.007756267268988	0.0269548627125309	6.015968194797472e-05	-0.2103265831124332	-0.0263484133688081	0.0442372715637512	0.0006942388870535	0.8733788243461902	0.0031312737556135	9.804875332593912e-06	0.7627905708163333	-0.0012948010020261	8.951939226099987e-06	8.013721590778763e-11	1.6765096348477925e-06	-0.0011499807279409	0.0002889881157366	1.3224556746354822e-06	8.351413103699051e-08	-0.0031252492716114	6.956710943998787e-07	4.83958271583525e-13	9.767183009707588e-06	0.0
767.9719565733812	1.8605609871378876	589780.9260831474	3.46168718685951	1046.8669444741724	6.081331017899174	1095930.39943269	36.98258694926261	797.3686294419181	-0.261516618813971	0.0683909419158918	635796.7312180828	822.1099639329573	702.7141536871592	0.917858	20.200142	0.0940812261675986	0.0539468444994789	-0.012489703	-0.0539889914	-0.0022556262	0.0953200539	-0.1292384651	-0.0355827951	-0.0137099412	-0.057375945	-0.0908793055	0.0397273128	-0.0257624475	-0.1102208242	0.1710228645	0.0500603585	-0.0022520684	-0.0167909958	0.0585826071	0.0161319017	0.0851731349	-0.0708584365	-0.0945704743	0.1029089932	-0.0879485175	0.0240908596	-0.0346778108	-0.012930012	0.0036480273	-0.1110922437	0.063096857	0.044886981	-0.1075922053	-0.0751526805	0.0817454858	-0.1255724027	-0.0372440853	0.0826478546	0.0208896316	0.0895125661	-0.0099778924	-0.061594127	0.1514817588	-0.0855480884	0.0122253436	0.0128892772	-0.030665297	-0.0591574106	-0.0528618213	-0.1111655893	-0.0170469734	-0.0045600337	-0.0728023602	-0.0291363019	0.1330525066	0.0192403072	0.0546365081	-0.079842484	-0.016145052	0.0269255953	-0.1314608982	0.09615252	-0.0101813972	0.077524195	-0.0687344817	0.0071944042	0.0035956997	0.0026654526	0.1135308007	-0.0661427715	-0.0340499555	-0.0455087708	0.0316439797	0.10044536	-0.0267595762	-0.0798481104	0.0143536988	-0.0922150047	-0.0296945793	0.1020201723	-0.077415179	-0.1310312826	0.1252996493	-0.0699657458	0.112168683	-0.0486714502	0.1762926279	0.164683056	-0.0604692443	0.0307186528	-0.0858803471	-0.0682909467	0.1228776878	-0.1021589118	0.0550294965	-0.0185610672	-0.0535494114	0.0634558346	0.1098315119	-0.0790452785	0.0849200472	0.0178340793	0.129766804	-0.0402787002	0.2108670106	0.1512093971	-0.0862190829	0.0296010482	0.093417971	-0.0459582157	0.0067036053	0.0383307233	-0.01544404	0.0688713281	0.0502929158	0.0010373727	-0.1124815619	0.0852296012	-0.0009291063	-0.1282045865	0.1255324169	-0.1211199807	0.1150284477	-0.1662125707074011	-0.0020332092988156	0.0276266186611628	4.133940052790302e-06	-0.2104425764699584	-0.0001159933575251	0.0442860779913142	1.3454458989965346e-08	0.8320056251929273	-0.0413731991532628	0.0017117416081755	0.6922333603526738	-0.0013840004755947	-8.919947356860001e-05	7.956546084915371e-09	1.915457316446356e-06	-0.0007732162911895	0.0003767644367513	5.978634329608456e-07	1.4195144080059964e-07	-0.0025800366947715	0.0005452125768399	2.972567539444042e-07	6.6565893463674455e-06	0.0
767.4254435695859	-0.5465130037953259	588941.8114379757	0.2986764633173898	1046.0735461091342	-0.7933983650382288	1094269.863869339	0.6294809656453345	798.8861719994724	1.5175425575542931	2.302935413988425	638219.1158119706	822.9161988590291	698.3185371808462	0.950421	20.916786	0.1426248506325349	0.0661667620731054	-0.0412998689	-0.0624283857	0.0900888787	0.1040172626	0.0025622913	-0.070391616	-0.0657558808	-0.0229313092	-0.0387332365	0.1474455235	0.0024597487	0.0666719285	0.0882890679	0.061380424	0.0302676066	0.0164420676	0.0275244182	0.0233619199	0.029733121	-0.1670647295	-0.1155626386	0.0176689642	0.0223572332	0.0861601134	0.0871880124	-0.0092476782	0.1871451605	0.1591964037	0.0547836124	0.1197633109	-0.0931655263	-0.022387291	-0.0158011408	-0.0507178873	-0.098221082	0.0554423253	0.0317699462	-0.0454761863	-0.049295292	0.0757673645	-0.0648699843	-0.0315038839	-0.0061906537	-0.0169819206	-0.0413569227	0.1271749602	-0.0115208821	-0.0297463973	0.069609655	-0.080973776	-0.028849798	0.069639146	0.1316023337	0.0160703747	0.0547220903	-0.0693813502	-0.0639709238	0.0240700367	-0.1194614754	0.1307288164	-0.0237084941	0.0751797911	0.1328837411	-0.1051492946	-0.0321429386	0.1094148564	-0.1145593296	0.0670852246	-0.1248239069	0.0708640024	0.0559038619	0.0719937938	0.0566465619	0.1617418338	0.053049667	-0.0346404522	-0.01734399	0.0808227356	-0.0342654209	-0.0974993775	0.0621947873	0.0664129706	-0.0989383511	0.0087478668	0.1176895254	-0.017601737	0.0266803737	0.0058988047	-0.0421087596	0.0110379226	-0.0042348679	-0.0022405828	0.0172437371	-0.0388457796	-0.0485270929	0.1042292967	-0.0376387753	-0.1527259225	0.0018131612	-0.0090542461	0.0345695443	0.0936298888	0.06612452	0.0018521491	0.0323736365	0.0115584728	0.0506616844	0.0997011926	-0.0559096131	0.1395998612	0.0079997412	0.1053143457	0.0727982988	0.1427291688	0.061160949	0.0066067541	0.1744057107	-0.1285578634	0.1269376627	-0.1242524367	0.1205247148	-0.1728042474594389	-0.0065916767520377	0.0298613079400229	4.345020240335539e-05	-0.1684532260674274	0.0419893504025309	0.0283764893725238	0.0017631055472265	0.8059803568834312	-0.0260252683094961	0.0006773145905812	0.6496043356819431	-0.0012687308504975	0.0001152696250972	1.3287086470049042e-08	1.6096779710041094e-06	-0.0013859668709188	-0.0006127505797293	1.920904167284449e-06	3.754632729585932e-07	-0.0032123875933144	-0.0006323508985429	3.998676588880131e-07	1.0319434049680284e-05	0.0
767.1887030536902	-0.2367405158956899	588578.5060932033	0.0560460718665574	1051.2886288438212	5.21508273468703	1105207.7811363218	27.19708792963075	797.1176172573793	-1.7685547420931016	3.127785875779997	635396.4957420818	822.9184118267549	714.2026891264471	0.998557	21.976162	0.0800234739717823	0.0615207922066309	-0.0277908254	-0.0862710644	0.0191110368	-0.0558989863	0.1212673857	-0.1034217585	-0.1091325233	0.0191123276	-0.0324319206	0.1490363851	0.0886526908	-0.0203435527	-0.0694027309	-0.0291497375	0.0449055159	0.1481715235	-0.0372878894	0.0074888364	0.0329154718	-0.0832829099	0.0914807982	0.0159749051	-0.04394478	-0.0242127379	0.0649353235	0.0217662738	-0.0431042613	0.0061209637	-0.0153908538	-0.0296349675	-0.1052088573	0.033430297	-0.0941993328	-0.0221780063	-0.1273723309	-0.0394297154	-0.0728908787	-0.1203956027	0.0162006937	0.0594958413	-0.0670727524	0.048256276	-0.0026527205	-0.0542519621	0.0980066591	0.170822779	0.0116264399	0.0911014885	-0.0465418227	0.0022640347	-0.0643961286	-0.0061055299	0.0787445954	0.035218665	-0.0424759869	0.1054087589	-0.0861408576	0.0069476108	-0.0943192072	-0.0388528822	-0.0564124421	-0.0030152466	-0.0048143516	-0.0786073493	-0.0767281251	-0.0825668446	-0.1195332383	-0.0422434035	0.0190105628	-0.0108413502	0.0747518874	-0.0377863469	0.0495299203	0.201693243	-0.1491071236	-0.0771197547	-0.0393144503	0.028659928	-0.0673508676	-0.0760327943	0.0544538223	0.0058228639	-0.0829911903	0.0241031439	-0.0398535792	-0.1358263726	0.0294145483	0.1395107972	0.0599458444	0.0821427383	-0.0112570351	0.122560271	0.0234534018	-0.0189079525	-0.0084066396	0.0980500458	-0.0948525513	0.0187165598	-0.055017517	-0.101666637	-0.0117906196	0.1107015221	0.1010837917	-0.0047235465	-0.0197706134	-0.0669210694	0.0043217461	0.2095669188	0.0034421833	0.0937974948	-0.0297968172	0.0124175854	-0.0674195349	-0.003714793	-0.0797180461	-0.0341994912	-0.1115157813	-0.1288230331	0.1279949812	-0.1266188352	0.124700488	-0.1614896760604267	0.0113145713990122	0.0260789154741015	0.0001280195259433	-0.1725297636055955	-0.004076537538168	0.0297665193298026	1.661815830009351e-05	0.8660565348735432	0.060076177990112	0.0036091471618996	0.7500539215971687	-0.0012646699295551	4.060920942399989e-06	1.6491078900422814e-11	1.5993900307209014e-06	-0.0013860277180683	-6.08471495001494e-08	1.921072835253619e-06	3.702375602293531e-15	-0.0031253856205165	8.700197279790014e-05	7.569343270726556e-09	9.768035276931306e-06	0.0
765.9290486194772	-1.2596544342130755	586647.3075191374	1.5867292936326636	1046.983737196552	-4.304891647269187	1096174.9459540588	18.53209209472801	796.743264049878	-0.3743532075012581	0.14014032396648	634799.8288088536	821.5672490520577	706.0754782158333	0.949343	20.893053	0.1524192902915589	0.0875423246533477	-0.0363393659	-0.0367553221	-0.0938475798	-0.1012037755	0.0024571079	0.0151260354	-0.0879252859	-0.0291540226	-0.0438599812	0.0422168464	0.1336281149	-0.1129620704	-0.1437405058	-0.0402560654	0.0078267765	-0.0798249041	0.006858922	0.0314938765	0.0711393897	-0.080900343	0.1731024682	0.0378760978	-0.0760850922	-0.033388191	-0.0412155969	-0.0318485963	-0.0175968558	0.089222838	-0.1073895042	-0.028993898	-0.1144423198	0.0302850044	-0.003102532	-0.0134697503	0.0541978533	-0.025570149	-0.0078655598	0.0802840185	0.0093648272	0.0421130462	0.035460081	0.0402220627	0.1930708345	0.1179202614	-0.0315820749	-0.0662442518	0.0086225362	-0.0100383074	-0.0235360731	0.0563075144	-0.0724378035	0.0058685277	-0.0838804035	-0.0519257329	-0.0720970719	-0.165019684	-0.0592103668	0.0728408627	-0.0927828507	-0.1109062618	-0.0843250879	-0.0015961665	-0.1236411443	0.0048118153	0.0219965549	0.0300613117	-0.0364116368	0.0195011347	0.1290370646	0.0318826489	-0.0795825086	0.0129985447	-0.0488780437	-0.0187906865	0.0533006744	0.0095751545	-0.0150162055	0.0226804009	-0.0639114158	-0.0733192021	-0.1420373158	0.0153329205	0.0306399564	0.0573288422	-0.001606428	-0.0498957431	0.09054843	0.0581981863	0.0293547313	0.0888700131	0.00498762	0.0044387386	-0.0703260212	-0.0578199722	-0.0847974806	0.1275212319	-0.0618913181	0.1529363669	0.0328416457	-0.0059798965	0.0429319618	-0.0124418689	-0.0539294331	-0.0079573858	-0.1227861706	0.0999963938	0.0035418724	0.0678446841	-0.0600263072	0.0587194383	-0.0591719573	-6.06302e-05	-0.0188796743	0.0096350704	-0.0100756094	0.0348353256	-0.0362145045	-0.1289999139	0.1287014744	-0.1282045865	0.1275100165	-0.1618797396461531	-0.0003900635857264	0.0262050501079063	1.5214960090974274e-07	-0.188668792879838	-0.0161390292742425	0.0355959134067352	0.0002604682659148	0.8156767478048081	-0.050379787068735	0.002538122945091	0.6653285569094286	-0.0001110329445571	0.001153636984998	1.3308782931552755e-06	1.2328314777020045e-08	-0.0019413331929734	-0.000555305474905	3.768774566140296e-06	3.0836417045957856e-07	-0.0031241198731625	1.2657473539997265e-06	1.6021163641573088e-12	9.760124981888875e-06	0.0
766.175218826307	0.2461702068297881	587024.4659435393	0.0605997707306206	1044.1246383876016	-2.859098808950421	1090196.2604880398	8.174445999341716	797.7913412186242	1.0480771687462038	1.0984657516470586	636471.0241234113	822.0016584335407	701.6100246548294	0.85023	18.71179	0.0873967160901262	0.0448381373404119	-0.0426584559	0.0283269138	-0.0171505838	-0.1401204944	-0.0541451165	0.0470083574	-0.0545235604	-0.1002701683	-0.1066892791	-0.0634189857	0.1091757675	-0.0949154013	-0.0402620625	0.0754798599	0.0503413351	-0.1012237407	0.1259348624	0.0492477796	0.1556782389	-0.0658762103	0.0955417578	-0.0204067918	-0.0189124921	-0.0709224225	0.0511091651	-0.0084871354	0.0176191172	0.0545652497	0.0257710032	0.0594631152	0.1429067432	0.0195082136	0.0377872758	-0.0242709947	0.0475109199	-0.0355585121	-0.1124953165	0.0169644919	-0.038728419	0.0154027457	-0.0520651344	-0.0158363565	-0.1058648599	-0.0454183809	-0.0569882493	0.022448897	0.0271184257	0.0363237876	0.036694435	0.0696450033	-0.0461848446	0.0611951725	-0.0159511343	0.0738785495	0.0616508995	-0.0399410019	0.0066368061	0.1074845741	-0.115238862	-0.1009585631	-0.0140988419	0.0126843883	-0.0526566844	-0.0740594529	-0.011442205	0.1155627776	0.0243223469	0.1568167675	-0.0246216968	-0.0222982102	0.0279040587	0.0576085274	0.0346306813	0.0301984512	0.0749339718	0.0109536704	0.0372848311	-0.0263523546	0.0974039305	0.0228114745	-0.0289251132	0.030288033	-0.0791839509	0.0343907438	-0.0630415873	0.0318797173	-0.0385264596	0.0534562632	-0.0291573304	-0.0641597225	-0.0797191762	0.0309552389	-0.0504111568	-0.0675605519	-0.1135008628	0.0885939716	-0.0332991134	0.11897153	-0.010289267	0.0917899128	0.0161521438	0.0709280151	-0.0317517432	-0.0754991114	-0.0813250234	0.0163377919	-0.043293203	0.0971933857	-0.0389052637	0.0085408634	-0.0271134135	0.0114597152	-0.0735522353	-0.064924196	0.1117687822	-0.0569578494	-0.0863074395	-0.1290883846	0.1290552057	-0.1289999139	0.1289225186	-0.1662356215371687	-0.0043558818910156	0.0276342818678487	1.8973707048477644e-05	-0.1755535814746593	0.0131152114051787	0.0308190599685798	0.0001720087702025	0.7770985290938413	-0.0385782187109668	0.0014882789589111	0.6038821239198117	-0.0004526693745493	-0.0003416364299922	1.1671545029781537e-07	2.0490956265485446e-07	-0.0016897924989742	0.0002515406939992	2.8553986895894714e-06	6.327272073759922e-08	-0.0031578908308304	-3.377095766790008e-05	1.1404775818070995e-09	9.972274499442716e-06	0.0
