global_signal	global_signal_derivative1	global_signal_power2	global_signal_derivative1_power2	csf	csf_derivative1	csf_derivative1_power2	csf_power2	white_matter	white_matter_derivative1	white_matter_derivative1_power2	white_matter_power2	csf_wm	tcompcor	std_dvars	dvars	framewise_displacement	rmsd	t_comp_cor_00	t_comp_cor_01	t_comp_cor_02	t_comp_cor_03	t_comp_cor_04	c_comp_cor_00	c_comp_cor_01	c_comp_cor_02	c_comp_cor_03	c_comp_cor_04	c_comp_cor_05	c_comp_cor_06	c_comp_cor_07	c_comp_cor_08	c_comp_cor_09	c_comp_cor_10	c_comp_cor_11	c_comp_cor_12	w_comp_cor_00	w_comp_cor_01	w_comp_cor_02	w_comp_cor_03	w_comp_cor_04	w_comp_cor_05	w_comp_cor_06	w_comp_cor_07	w_comp_cor_08	w_comp_cor_09	w_comp_cor_10	w_comp_cor_11	w_comp_cor_12	w_comp_cor_13	w_comp_cor_14	w_comp_cor_15	w_comp_cor_16	w_comp_cor_17	w_comp_cor_18	w_comp_cor_19	w_comp_cor_20	w_comp_cor_21	w_comp_cor_22	w_comp_cor_23	w_comp_cor_24	w_comp_cor_25	w_comp_cor_26	w_comp_cor_27	w_comp_cor_28	w_comp_cor_29	w_comp_cor_30	w_comp_cor_31	w_comp_cor_32	w_comp_cor_33	w_comp_cor_34	w_comp_cor_35	w_comp_cor_36	w_comp_cor_37	w_comp_cor_38	w_comp_cor_39	w_comp_cor_40	w_comp_cor_41	w_comp_cor_42	a_comp_cor_00	a_comp_cor_01	a_comp_cor_02	a_comp_cor_03	a_comp_cor_04	a_comp_cor_05	a_comp_cor_06	a_comp_cor_07	a_comp_cor_08	a_comp_cor_09	a_comp_cor_10	a_comp_cor_11	a_comp_cor_12	a_comp_cor_13	a_comp_cor_14	a_comp_cor_15	a_comp_cor_16	a_comp_cor_17	a_comp_cor_18	a_comp_cor_19	a_comp_cor_20	a_comp_cor_21	a_comp_cor_22	a_comp_cor_23	a_comp_cor_24	a_comp_cor_25	a_comp_cor_26	a_comp_cor_27	a_comp_cor_28	a_comp_cor_29	a_comp_cor_30	a_comp_cor_31	a_comp_cor_32	a_comp_cor_33	a_comp_cor_34	a_comp_cor_35	a_comp_cor_36	a_comp_cor_37	a_comp_cor_38	a_comp_cor_39	a_comp_cor_40	a_comp_cor_41	edge_comp_00	edge_comp_01	edge_comp_02	edge_comp_03	edge_comp_04	edge_comp_05	edge_comp_06	edge_comp_07	edge_comp_08	edge_comp_09	edge_comp_10	edge_comp_11	edge_comp_12	edge_comp_13	edge_comp_14	edge_comp_15	edge_comp_16	edge_comp_17	edge_comp_18	edge_comp_19	edge_comp_20	edge_comp_21	edge_comp_22	edge_comp_23	cosine00	cosine01	cosine02	cosine03	trans_x	trans_x_derivative1	trans_x_derivative1_power2	trans_x_power2	trans_y	trans_y_derivative1	trans_y_power2	trans_y_derivative1_power2	trans_z	trans_z_derivative1	trans_z_power2	trans_z_derivative1_power2	rot_x	rot_x_derivative1	rot_x_power2	rot_x_derivative1_power2	rot_y	rot_y_derivative1	rot_y_derivative1_power2	rot_y_power2	rot_z	rot_z_derivative1	rot_z_derivative1_power2	rot_z_power2
793.1323953517635	n/a	629058.9965564262	n/a	1215.532019887072	n/a	n/a	1477518.091370745	788.3282113458331	n/a	n/a	621461.3688037205	832.444365664507	788.308283050855	n/a	n/a	n/a	n/a	-0.0298087943	0.1250303705	-0.1226523946	0.0678136998	-0.1065498181	-0.1050021461	0.225850144	-0.0365755184	0.0948803238	-0.0343778881	0.1585497134	-0.1225735015	0.4742708435	-0.0052123422	0.2194075571	-0.0500640627	0.0823327323	-0.0689005144	0.0510049717	0.0498922089	-0.0289429828	0.1470724787	-0.0983349927	-0.0037548296	0.0064044333	-0.1027534638	0.057599763	-0.1742892619	0.1467137764	-0.0019507299	0.083573073	-0.1243542839	0.0380960644	-0.0679628854	0.2241055427	-0.2550264529	0.0297302534	0.0930156028	-0.047899661	-0.2051573287	0.0193497255	0.1012165889	-0.1035077925	-0.0195252204	0.0108014627	0.1785244188	-0.0360469582	-0.0036502198	-0.0440207098	0.0197080937	0.0635290039	-0.0311974005	-0.0136025247	0.0248528329	0.0384404203	0.0005045608	0.2042883206	-0.0484269031	-0.0102883593	0.1010690378	0.0029597768	0.0899264087	-0.0976911856	0.0140939883	0.1307650725	-0.0759478905	0.1547825115	-0.1697186498	0.0815773512	-0.0740782436	0.1106173865	-0.2019489408	0.0496810076	-0.1454478593	0.1197384623	-0.2988727861	0.201420756	-0.1036805936	0.0430196879	-0.1874941434	0.0754128109	-0.0616421132	-0.1099063165	0.0964174837	-0.06448025	-0.0539983999	-0.0930550956	0.0335042558	0.0139162111	0.0254821816	-0.0003314259	-0.1903595419	0.0528063828	0.1349562624	-0.0914836106	0.0463401767	0.0375133871	0.0010969155	0.0877955575	0.1079623844	-0.0692717133	-0.1576501439	0.1113380918	0.0414190694	-0.1097320728	0.0295683193	-0.0254270683	-0.204132332	0.0321805564	-0.1490394338	0.0376182762	-0.0161364509	0.1610576029	-0.1246056888	0.0071441513	0.0444516814	-0.0904085593	0.0805754993	-0.0912213111	0.0397312062	-0.2404665849	0.0606931542	-0.0111048661	0.0806694944	-0.0343776956	0.0465346436	-0.1955369657	0.1290883846	0.1290552057	0.1289999139	0.1289225186	-0.0275784614716769	n/a	n/a	0.0007605715371447	-0.070726765534772	n/a	0.0050022753630106	n/a	0.0605140437172124	n/a	0.0036619494870086	n/a	-0.0008686866501674	n/a	7.546164961790587e-07	n/a	0.0010513449313911	n/a	n/a	1.1053261647617567e-06	0.0003539575099023	n/a	n/a	1.2528591881623678e-07
792.9925068157278	-0.1398885360357553	628837.115865892	0.0195688025142268	1203.025071424119	-12.506948462953003	156.42375985496253	1447269.3224750066	789.8041368059831	1.4759254601500515	2.178355963919141	623790.5745158441	831.6358311727972	771.9475108555386	1.003474	23.836369	0.0346338686227033	0.019914045111364	0.081558989	0.0785242394	-0.0654298872	-0.019574109	-0.1201168968	0.0229800007	0.0976137147	0.0018946166	0.0420467519	0.0073415895	0.1688001169	-0.0308370983	0.2546161058	0.0790927803	-0.0359202659	-0.1403649232	-0.0016086945	0.2057326858	-0.0184940514	0.0825543189	-0.0977281887	0.0276680261	-0.0972989115	0.0165802781	-0.0550287868	0.1794206323	-0.1577460203	-0.0960306937	0.0736528019	-0.0116091958	0.0711257884	-0.1090511512	-0.0551994546	-0.0451386716	0.0545241667	-0.2431304466	-0.0215970988	-0.0954188918	0.0389675988	0.0317385398	0.0226055387	0.1215033486	-0.0694185218	0.0146079282	0.0489974807	0.0301282329	-0.0152681414	-0.0892874222	0.0012507509	0.1826556023	-0.084800815	0.0358756896	0.0632078723	0.0127249269	-0.031221256	-0.0140232135	-0.0967764294	0.077504335	0.0636614572	-0.0399859763	-0.0684604036	-0.0319240053	-0.0986592029	0.0960429505	-0.0601073169	-0.0919371147	0.0046399672	-0.1105524946	-0.04687847	-0.1925688989	0.1028073569	-0.0861697247	0.2050752891	0.0505774871	0.0266565849	-0.0800139395	0.0353584076	-0.0814086232	-0.1228585018	-0.0343148745	0.1357226939	0.0530317714	-0.099517537	-0.0110339419	-0.1185197825	-0.0148485306	-0.1079250509	0.0371907001	0.1785950307	-0.104488773	0.1009296903	0.0737378309	-0.1155858463	-0.0656402279	-0.0370425937	-0.0601131557	-0.1563467577	0.1385185051	-0.106420443	-0.0658639246	0.0487280225	0.046879892	-0.0614924358	-0.009344175	-0.1357686761	0.0304964627	-0.0936830531	-0.2228869454	0.0698375163	-0.1753591668	0.0137228781	-0.1542005633	0.2128452534	-0.0645622673	0.0715523702	0.0736026025	-0.1226332697	0.1189074119	-0.0925780745	0.0107014221	-0.1497704609	0.1392753436	0.0754210348	0.1195770939	0.0610478403	-0.0149912242	-0.1896798772	0.1289999139	0.1287014744	0.1282045865	0.1275100165	-0.0215948144218884	0.0059836470497885	3.580403201644264e-05	0.0004663360099157	-0.0537382370882539	0.0169885284465181	0.0028877981253533	0.0002886100987781	0.0691738702377691	0.0086598265205566	0.0047850243236717	7.499259536613712e-05	-0.0008681641095619	5.225406055000149e-07	7.537089211314066e-07	2.7304868439632215e-13	0.0010648646558524	1.3519724461300007e-05	1.8278294950947378e-10	1.1339367352836502e-06	0.0003079624428523	-4.599506705e-05	2.115546192933996e-09	9.484086620755613e-08
791.696451923229	-1.2960548924987734	626783.2719878297	1.679758284370007	1201.7529396219456	-1.2721318021733623	1.6183193221008465	1444210.1278899878	789.37007728349	-0.4340595224931576	0.188407669066988	623105.1189105429	832.6526773326113	778.8999825559911	0.97201	23.088984	0.042221581136816	0.0190980284936708	0.0827698916	0.1147998134	-0.0597027103	-0.023248859	0.0071433182	0.0234761612	0.1112956843	-0.1532415865	0.0945716538	0.0304248172	0.0325252602	0.07608583	-0.0145303396	-0.1167558055	-0.1892414254	0.0271654928	0.0882065016	0.0156493875	-0.061688591	0.1983690236	0.0801014814	0.044410385	-0.0114263594	0.0536281466	0.0480374475	-0.0376898445	-0.1381834908	0.0948411933	0.0111002022	0.0232208846	0.0094221377	-0.2259304179	-0.0318991272	-0.026392039	-0.1037984272	0.1499293066	-0.0349244813	-0.0255163746	-0.0321252863	0.2205755662	0.0863280438	0.1000630392	-0.1088257106	0.0026383028	-0.1431155169	-0.0741105085	-0.1082668042	-0.1228392991	0.1176433451	0.0169909588	-0.0769748653	0.0126171421	-0.0739489333	-0.0453156368	-0.1385364773	-0.0171902938	-0.0661203736	0.0132548583	0.0442971386	-0.0473217199	0.0069942715	-0.0290141647	-0.2126616599	-0.0027392293	0.0653546608	0.004014246	-0.0701426385	-0.0690994626	-0.0589735069	-0.0778094468	-0.0410048188	-0.0427209751	0.1294514434	0.038152424	0.1983698377	0.0312563199	-0.0826431901	-0.1799529854	0.0472228562	0.086003474	-0.1431909312	0.1767753108	0.0151131882	-0.0329118601	0.0652392427	0.1236548209	0.0404748149	-0.0606418331	-0.0059886179	-0.0396589367	0.0333182917	0.2024489351	-0.004555659	-0.1262161851	0.1000770884	-0.0822565103	0.0591763631	-0.0799994826	0.041756686	-0.0898953441	0.151474023	-0.0534589423	-0.0837268132	-0.0386023173	-0.0954299197	0.0051644874	-0.0926362927	-0.1330194067	0.020896644	-0.0912771382	0.0199630655	-0.1462587021	0.0519391635	0.0773892514	0.2290354236	0.0066519656	-0.1078102968	-0.0641208978	0.1802857896	-0.0614474628	-0.0414096778	0.0580532181	-0.0398585282	-0.005522561	-0.0863770727	-0.121753504	0.1847807656	0.1288230331	0.1279949812	0.1266188352	0.124700488	-0.0315557222396023	-0.0099609078177138	9.921968455299384e-05	0.0009957636060629	-0.059098074943833	-0.0053598378555791	0.0034925824620669	2.8727861838098765e-05	0.0715163674621521	0.002342497224383	0.0051145908149815	5.487293246242111e-06	-0.00064808247028	0.0002200816392819	4.2001088828422715e-07	4.8435927949008347e-08	0.0009239426847562	-0.0001409219710962	1.9859001937638228e-08	8.536700847144947e-07	0.0001777992884476	-0.0001301631544046	1.6942446764581765e-08	3.1612586972472876e-08
789.2508192640777	-2.445632659151329	622916.8557090178	5.9811191035076	1196.0935226765084	-5.659416945437215	32.0290001623019	1430639.7149886992	788.6607852109809	-0.709292072509129	0.5030952441242954	621985.8341296009	831.050641301652	764.4262313175769	0.991738	23.557577	0.0684630899099539	0.0342550501986732	0.0967992771	0.0758187185	0.0094253984	-0.068811131	-0.1451891984	0.0517892472	0.0430629107	-0.0946977261	-0.1473234606	-0.0091439508	0.0647907016	0.0313748641	0.0228500267	0.0060045776	-0.1436964009	-0.0402523677	0.087186154	0.0391620071	-0.0690281424	0.0999089213	0.0258155108	-0.0098560357	-0.0834316871	0.0182821878	0.0182405786	0.1410338212	-0.0437259725	0.0768242669	-0.0255788558	0.0736051802	-0.1618652449	-0.0597574688	-0.0161070985	-0.2493583654	-0.0932204194	0.0508285709	0.1799118808	0.1348933623	0.0928518511	0.002889054	-0.0051757993	-0.0043497462	0.0849083768	-0.0887695316	0.0669733613	0.0562505316	-0.035263391	0.2073705174	-0.0644803497	-0.0226831019	0.0922256266	-0.0224022603	0.1756172579	0.1672477909	0.0065419854	0.1048947598	0.0726233241	-0.0556006188	-0.054214923	0.0175757886	-0.207613463	-0.0393330565	-0.1204273762	-0.0138980002	-0.0155591064	0.0411756656	-0.0206133083	-0.1253691431	-0.1100729995	-0.0186139558	0.0330648985	-0.0024858537	-0.0915041828	0.0084603691	0.0307342045	0.1971224194	-0.0146961957	-0.137620755	-0.0117159141	0.1219671285	0.1253489081	0.0237882627	0.0883504828	0.045654166	0.0439307495	-0.1388482618	-0.1561834768	-0.0327370808	-0.087372122	0.1835369653	-0.0729290006	-0.0840196739	0.0699671688	-0.0055581916	-0.091548137	-0.0687684964	-0.1266673253	-0.1528302015	0.0630987759	0.1191794577	-0.0205421384	0.1530620793	0.0560291342	-0.0700755365	-0.0537568237	-0.0255885705	-0.1194703158	-0.0835455237	0.0167712432	0.0203251927	0.086983312	-0.0732329105	0.0253166544	0.0656839722	0.2217100655	-0.2382148064	-0.0139165883	0.0500723106	0.1725882532	-0.0649535061	-0.040430642	-0.0830608735	-0.1382943865	0.093301317	-0.002221106	0.0844694948	0.1033270835	0.1285578634	0.1269376627	0.1242524367	0.1205247148	-0.0277116256826275	0.0038440965569747	1.4777078339345496e-05	0.000767934197974	-0.050055973821955	0.0090421011218779	0.0025056005152642	8.175959269826734e-05	0.0617269871757244	-0.0097893802864277	0.003810220945792	9.583196639229943e-05	-0.0002990184010487	0.0003490640692312	8.94120041657212e-08	1.2184572442831377e-07	0.0004539878310751	-0.000469954853681	2.208575644984241e-07	2.0610495076427358e-07	8.106797246653056e-05	-9.673131598106944e-05	9.3569474914295e-09	6.572016159834157e-09
790.1184100383908	0.8675907743131575	624287.1018815947	0.7527137516733041	1191.1749079278177	-4.918614748690743	24.1927710460381	1418897.661276845	788.2883388808235	-0.3724463301573451	0.1387162688476741	621398.505215488	831.0794945837746	768.9099074971108	0.997723	23.699764	0.0260963686484868	0.0162233820559495	0.0699130641	-0.0202383553	0.0794406608	-0.1476643355	-0.0558915222	0.052854536	-0.0987345381	0.0360026398	-0.0675203892	0.046048216	0.0815394187	0.1086698411	-0.0622556761	-0.1572677911	-0.0048436768	-0.0469934665	-0.0058852115	-0.0773214083	-0.0079562668	-0.0401429953	0.064844	-0.0373391362	-0.2307136942	-0.0308684953	-0.055346409	0.038889264	0.0337119248	0.0013573602	-0.0066128497	-0.0062730646	0.0888089402	0.0093072013	0.2486032839	0.0084569501	-0.047182827	0.1265994468	-0.0187955954	-0.0189675082	0.1280853208	0.045759721	0.0313337106	-0.2004431154	0.0582858639	0.0415782637	0.0329551339	0.0107378832	0.1734341683	-0.1216105738	0.1817988011	-0.1369627467	0.1001247915	-0.0674423869	0.0319734037	0.1812573829	-0.0053356532	0.2053662976	-0.0391892488	-0.0302461212	0.1061334258	0.0030934992	0.0642751691	-0.0362538681	0.0821781024	-0.0485372966	-0.0770238468	-0.0201614192	-0.0814619781	-0.2144474128	0.0478545155	0.1590131591	0.0179777202	0.1477957273	-0.0308396674	-0.0472071905	-0.0839416761	-0.0699985926	-0.0542029322	0.017045162	0.0206230603	-0.0051829419	-0.0030361535	-0.0370996413	0.2176180734	0.1476097073	-0.133362557	0.0457774323	-0.0692238377	0.1357689762	-0.1231678398	-0.0274794705	0.0283208282	0.1146841995	-0.0594534773	0.168603617	-0.0085813011	-0.0696088845	-0.0178712301	-0.0908117275	0.1015323065	-0.1038539613	-0.1119416553	0.1676783229	-0.0342516055	-0.0451251903	0.0272498767	-0.055509709	-0.1526917508	0.0134159243	0.0373724268	0.0924701252	0.0843094742	0.0071820185	0.0501723108	-0.0984626518	0.0567136394	-0.2482873959	-0.0844439718	-0.0323728611	-0.1303707751	0.0308006903	0.14231257	-0.0822602321	0.0418725861	0.0139119925	0.0932037926	-0.081990452	0.0166878978	0.1282045865	0.1255324169	0.1211199807	0.1150284477	-0.0302189308371225	-0.002507305154495	6.286579137757204e-06	0.0009131837809387	-0.0459640311815547	0.0040919426404003	0.0021126921624589	1.6743994572326208e-05	0.0484815981781778	-0.0132453889975465	0.0023504653619102	0.0001754403296963	-0.0001900147710524	0.0001090036299963	3.6105613218095994e-08	1.1881791352370277e-08	0.0004539938233716	5.9922964999845245e-09	3.590761734372677e-17	2.0611039165956357e-07	6.5042957638432e-05	-1.6025014828098557e-05	2.5680110024077865e-10	4.23058633835486e-09
790.7810559400848	0.6626459016939634	625334.6784337155	0.4390995910318058	1190.3223195177443	-0.8525884100733947	0.7269069969914791	1416867.2243421029	787.7842180971527	-0.5041207836708281	0.2541377645288899	620603.9742829422	830.2013701087752	770.589349440166	0.953911	22.659061	0.0506967832693414	0.0267435865136032	-0.0076572241	-0.0876866277	0.1178499402	-0.0963431813	-0.0822108813	0.0090967805	-0.1728407117	0.0490193996	-0.0702312419	-0.0748386871	0.0836964231	0.0984743605	-0.0659247225	-0.1375645542	0.1277438169	0.0206084357	-0.0004178302	-0.0283597748	-0.0429099293	-0.2132292581	0.0571381247	-0.0381651276	0.0290092883	-0.267665241	-0.0654569145	0.0537827364	0.1745361147	-0.1470896117	-0.0789556238	-0.1310536754	-0.128916335	0.0251232545	0.0016600654	0.0551487701	0.1118103438	0.0979968365	-0.014363232	0.0474945894	0.0453743039	0.0055362784	0.1772651452	0.0072514343	-0.0441366639	0.1262944547	0.158181327	-0.1059055278	-0.0035979897	0.1042595116	-0.0325975315	-0.0530206716	-0.0950464749	0.0424402209	-0.0589468819	-0.1256744403	0.1223063505	-0.0410289936	-0.0602244829	0.1091268205	0.0702843967	0.0002964724	-0.0072594912	-0.0334268059	0.1787687173	-0.0817216625	-0.1540154021	0.0160546104	0.0674786505	0.0251064078	-0.0713838043	0.0500265684	0.0022541845	-0.0010510115	-0.0629615625	-0.2009799626	0.0488588683	0.1070198164	0.0165282484	0.039731019	-0.0113211048	-0.1394560543	0.0322650506	-0.0001705392	0.1895644657	-0.1906900498	-0.1045332762	0.0159009038	0.1077010364	0.0550732304	-0.0339888296	-0.0200083846	-0.1462353798	0.0341358132	-0.0206276989	0.0461162604	0.050503241	-0.0084052145	0.0365768904	0.0921856208	0.0377996984	-0.0401922126	0.0381065625	-0.2517960389	0.0397304676	-0.0269915126	0.0851080487	-0.077530621	-0.1302522392	-0.0218614327	0.0421689213	-0.0961302362	0.0541611671	0.0647268462	-0.0843651635	-0.0823857008	-0.0950691097	-0.1340474298	-0.0758352661	-0.1186264282	-0.0588427209	0.0686767974	-0.0337850017	-0.0694565608	-0.0723910356	-0.1607720647	-0.0140334364	-0.1124490902	0.2853121832	0.1277634447	0.1237830955	0.1172407796	0.1082719048	-0.0321009158490994	-0.0018819850119769	3.541867585305697e-06	0.0010304687983509	-0.0317613996318755	0.0142026315496791	0.0010087865065757	0.0002017147429359	0.0515973869363648	0.003115788758187	0.0026622903386609	9.708139585644491e-06	-0.0001100868330765	7.99279379759e-05	1.2119110816813174e-08	6.388475269079318e-09	0.0008679887864206	0.0004139949630489	1.7139182942994285e-07	7.534045333519059e-07	0.0002010476156035	0.000136004657965	1.8497266988195133e-08	4.04201437398527e-08
793.2285918149983	2.447535874913456	629211.5988728051	5.990431858988375	1195.2543838825632	4.932064364818871	24.32525889871617	1428633.0421904856	790.044604721011	2.260386623858267	5.1093476893173735	624170.4774487785	832.2555790312093	778.7729293193136	0.968887	23.014793	0.0340364125383323	0.017812495368575	-0.0518216083	-0.1114921551	0.0637405153	-0.0387207605	0.0663281364	0.0157698863	-0.1422193523	0.0115605383	0.0896853379	-0.1761910917	-0.0240347852	0.1255875492	-0.0890159045	-0.0463588068	0.0941431392	-0.062154707	0.1182563011	0.0154135063	-0.0067322206	-0.0914074772	-0.0768231564	-0.1665600586	0.0398520978	-0.0818052315	0.0521589622	0.0610280969	-0.0679384335	-0.1653392698	-0.0269530062	0.099923454	-0.0812212649	-0.0348330066	-0.113433252	0.0625428548	-0.082322765	-0.1743667068	0.0088995592	0.0125712417	-0.0714788937	-0.0659540075	-0.0213803225	0.1201976085	0.0865423143	0.0526592977	-0.060206895	-0.0514439983	0.0835353403	0.0258658673	-0.0583664065	-0.0221667599	0.1119120566	0.0215165951	0.1889397276	-0.0913472314	-0.0409777779	-0.1027154054	0.0801310976	-0.0372655432	-0.0818633814	-0.1189605565	-0.0141556865	-0.0263169636	0.1393158242	-0.0776856591	0.0309132088	-0.0794083383	-0.0818823976	0.0669454541	-0.1855524267	-0.1285014997	0.1896422687	0.0544765787	-0.0556094293	0.0426527954	0.0190957097	0.0242179317	-0.0577276481	0.0886725213	-0.0704745168	-0.0802987321	-0.0098372498	0.0011680177	-0.0657913061	-0.1604886139	0.1361864623	-0.0038595499	-0.0225617592	-0.0406688755	0.0468459639	0.0149576736	-0.0398196165	0.0684726647	0.0608451757	0.0077275584	-0.2440230376	-0.005749258	0.0512675576	-0.0631609215	0.0340022768	0.1777910795	-0.1422788321	-0.0533545684	-0.0155865157	-0.0278078831	0.1285020456	-0.0109641208	-0.0706930023	-0.0384300228	0.0834712029	-0.0754126617	0.0064202781	0.0492641072	-0.0807801425	-0.0271508975	-0.1009060326	0.0274571752	0.0090574843	-0.1724811016	-0.0015258315	-0.0588109505	0.1220568992	-0.0955140878	0.1135905062	-0.0884051684	-0.0873223797	0.0103462916	-0.0719240843	0.1272347401	0.1216944932	0.1126387502	0.1003291122	-0.0318682141147093	0.00023270173439	5.415009718816026e-08	0.0010155830708609	-0.0317554833252557	5.9163066198006375e-06	0.0010084107212205	3.500268401949685e-11	0.0373917862283548	-0.01420560070801	0.0013981456773469	0.0002017990914754	-0.0003190251677554	-0.0002089383346788	1.017770576613611e-07	4.3655227698392025e-08	0.0009049909259866	3.7002139566000096e-05	1.3691583324617495e-09	8.190085761180838e-07	5.514421406215025e-05	-0.0001459034015413	2.1287802581336342e-08	3.040884344532249e-09
792.4133884027196	-0.8152034122786063	627918.9781198794	0.6645566033906833	1196.7540629934758	1.499679110912666	2.249037435707805	1432220.2872913922	789.8005669498225	-0.2440377711884593	0.0595544337666308	623784.9355542611	832.3040309575962	783.2444947248414	0.93462	22.200806	0.0242793017394904	0.0108430523920347	-0.0507595975	-0.1369757518	0.0135814719	0.0016451893	0.1405524834	0.0202583436	3.06087e-05	-0.038042409	-0.0924197889	-0.1127562771	-0.2059490083	0.100321594	-0.0967522058	0.0156925561	-0.0570263522	-0.0717016801	0.126474543	-0.0056853767	-0.0118984795	-0.1608408297	-0.0274737819	-0.0635478273	0.116034087	-0.0208732032	0.1339991426	-0.130742623	0.0294781176	0.1305185919	-0.0297725304	0.1499689491	-0.0722746125	0.0411507559	-0.1797475104	-0.0504539922	-0.072936363	0.0979833999	-0.0019136278	-0.0815696961	0.0214338286	-0.033322796	0.0101295969	0.0885772426	0.1011609722	0.0253273063	-0.1554602795	0.1403273182	-0.1633253715	0.1212682532	0.0486133373	0.1333767856	-0.0175384965	0.0639496796	-0.0728072912	0.0922834414	0.2265937675	-0.0404365347	0.0148365053	-0.1530602345	-0.0165610233	-0.0042413783	-0.0841427656	-0.0330221248	0.0815810619	-0.0106840269	0.093914927	0.0900543969	0.0528765402	0.2050157615	-0.2131806154	0.0284580748	-0.0275962364	-0.0373024401	-0.0193348832	0.1337696614	0.119092623	0.0359163004	0.0489719661	0.1361490067	0.0629617773	-0.0885029494	0.1773301403	0.0805802325	-0.1344828234	-0.0360030506	0.0818406591	0.0069600315	0.0278160383	-0.0885130379	-0.2067142757	-0.0150119866	0.0090975347	-0.0977116276	0.069365193	-0.127726508	0.1543603583	0.0764212866	-0.0953395449	-0.0591431737	0.0731913528	-0.0158226684	-0.0073936161	-0.0237994143	-0.1154165995	-0.0663855722	0.1335166667	0.0229976023	-0.0255836897	-0.052179209	0.068261002	-0.0017891521	0.0067314007	-0.0595579943	-0.0230531457	0.0313802583	-0.0246234135	0.0808611724	-0.0487691867	-0.2495013376	-0.0363061894	-0.1071494378	0.0250750715	-0.0399554383	-0.0875960541	-0.1023322571	-0.0473814723	-0.009144915	-0.2158385819	0.1266188352	0.1192723348	0.1073422654	0.0912870929	-0.0378026470190206	-0.0059344329043112	3.52174938957726e-05	0.0014290401216446	-0.03421481554048	-0.0024593322152242	0.001170653602469	6.048314944840054e-06	0.0443736731438022	0.0069818869154474	0.0019690228682729	4.874674490009568e-05	-0.0003450733621503	-2.6048194394900004e-05	1.190756252657121e-07	6.785084312345e-10	0.0008659713175265	-3.901960846010007e-05	1.5225298443795127e-09	7.499063227785823e-07	0.0001681494052973	0.0001130051912351	1.2770173246092769e-08	2.8274222501835665e-08
792.2351105493221	-0.1782778533975033	627636.4703870966	0.0317829930120217	1192.5231949177194	-4.230868075756462	17.900244674455184	1422111.5704167648	788.7480353404295	-1.052531609392986	1.1078227887713892	622123.4632533875	831.0605385183568	779.1039844339803	0.935671	22.22578	0.0584249701966546	0.0247620176929584	-0.0081248045	-0.1182419974	0.0045962692	0.0939843643	0.0755480554	0.0470675596	-0.05373158	0.0323990243	-0.0515268721	-0.0020512241	-0.0597159166	-0.0402483828	-0.0458517149	-0.0344542604	-0.0644586575	-0.036758085	0.0116722406	0.02064563	-0.0629179887	-0.104934299	-0.0421269038	0.0382037192	0.0725580659	0.0187314744	0.0277595677	-0.0037059845	-0.0197248145	-0.1272358888	0.1203780289	-0.1419058603	-0.0765918636	-0.0772744322	-0.0490396955	0.1332095129	-0.0250861775	0.1574984814	0.1298937097	-0.0850964737	-0.025865093	-0.0213234828	-0.1511978658	0.1200317445	0.1998134678	-0.1394687703	0.0363951945	-0.0198003449	-0.0082837353	-0.0412138223	0.0321901802	-0.0205683594	-0.0915500553	0.0598661295	-0.0799792994	0.0266496719	0.0813316712	-0.0219221246	-0.1894165733	0.0157422192	0.0015806431	0.1074807567	-0.0559938498	-0.0373889743	0.1123836589	-0.0105128883	0.0598917735	0.0337749891	0.0437886938	-0.0019484711	0.0031964236	0.0032458424	-0.0759115466	0.0193102926	0.0982418076	-0.1041544156	-0.0274081911	0.1102890899	0.0288723097	0.1317589049	-0.039590557	-0.1142856398	-0.1582030128	0.0022252335	0.0530427724	-0.1411759649	0.0088664215	-0.1174989855	0.1019761955	-0.151509339	0.0667705861	-0.0285927674	-0.0054280333	-0.1830390136	0.0621462099	-0.1909479192	0.0579819886	0.0020070823	0.0152380782	-0.0089537315	0.1059735482	-0.10091969	-0.1282490057	0.02496445	-0.183180114	-0.0404148712	0.135897274	0.0041364101	0.0555724901	-0.0758087756	0.0053256854	0.1112936917	0.0288774675	-0.0587836975	0.0150257235	0.0325051724	-0.1049014563	0.0166338136	0.0584238091	-0.1832022601	0.0951620686	0.0418967122	0.1538802469	0.0338675004	-0.0306163341	0.0086343576	0.07994176	0.0821420215	-0.0953677651	0.1259161521	0.1165232592	0.1013839798	0.0812449131	-0.027863486705101	0.0099391603139195	9.878690774579432e-05	0.0007763738913653	-0.0420447130552332	-0.0078298975147532	0.0017677578958968	6.130729509153835e-05	0.0308749875634504	-0.0134986855803518	0.0009532648570432	0.0001822145123971	-0.0002079625090839	0.0001371108530663	4.3248405184471194e-08	1.8799386028595927e-08	0.0007310110687257	-0.0001349602488008	1.821426875637384e-08	5.3437718259949e-07	-0.0001029240285881	-0.0002710734338854	7.348080655842234e-08	1.0593355660804029e-08
791.6971784842674	-0.537932065054747	626784.4224199499	0.2893709066140645	1191.5841959851853	-0.9389989325341048	0.8817189953001884	1419872.8961216605	788.6606882878999	-0.0873470525295943	0.0076295075856077	621985.681250744	831.1369852357707	776.170482903719	0.922618	21.915733	0.0512853881796488	0.0275021338237185	-0.0144490744	-0.1247649902	0.060414816	0.1264523023	0.0800572653	0.0327802839	-0.106227874	0.03998114	-0.0192026313	-0.0115400785	-0.0445305558	-0.1050693677	-0.0274388501	-0.1334510501	0.0206059439	0.0445451783	-0.0623132892	0.0515710167	-0.0227391714	-0.1258710717	0.058487729	-0.0467516386	-0.112457478	0.0452928264	-0.0513001558	-0.2492228792	0.101464667	-0.0634843887	-0.0629484859	0.0094059351	0.1548706351	-0.042958757	-0.0428916093	-0.0541370677	0.0302927639	0.0293372953	0.0321111335	0.0655155911	0.0208649974	-0.006700603	-0.1521631155	-0.1328497367	-0.0263272141	-0.1274696402	-0.0653108821	-0.0296521513	0.1200060316	0.0029513392	0.0340937365	0.0046862691	0.1411447273	0.0041583031	0.0312465247	-0.0030636349	-0.1063273784	-0.019339085	-0.1463555475	0.1799486308	0.0771195727	-0.0729262469	-0.0191124947	-0.0307873845	0.1455199225	-0.1246143504	0.0488179945	0.0162142888	0.0958163827	-0.0514224363	0.0672047855	0.0359010487	-0.0469712936	-0.0540896791	-0.0328097914	0.1727015187	-0.0373847866	-0.0986475067	-0.0122840349	0.066202186	0.097934019	-0.0428829468	-0.1220690277	-0.1911790181	0.0739024833	0.0632304249	0.0284584012	0.0082200975	-0.0026938739	-0.0116257696	-0.0354443141	0.0236568414	0.0534248392	0.1363553237	-0.0714217474	-0.0595358405	-0.0732185265	-0.1162518668	0.0077120499	-0.2218222275	-0.0299364311	-0.0934978859	-0.1280553934	0.1081700839	0.0424613015	-0.0425783353	0.137275695	-0.0648207797	0.1190210696	0.0049127963	-0.0592947283	0.1212673234	-0.0390437336	-0.0507686247	-0.0166955457	-0.0268695807	0.0043324106	-0.0228990436	0.0417248151	-0.0549172368	-0.0442537437	0.0279301844	0.0491705469	-0.139168244	0.033904495	-0.0546170628	-0.1277659061	0.1965831919	-0.1008450026	0.1251271724	0.1134548014	0.0948006283	0.0703125971	-0.0277089317852698	0.0001545549198312	2.388722324402927e-08	0.0007677849006807	-0.0246024345622686	0.0174422784929645	0.0006052797863907	0.0003042330790261	0.0374069078485135	0.006531920285063	0.0013992767547871	4.266598261041879e-05	0.0001630288094714	0.0003709913185552	2.657839271766204e-08	1.3763455844340008e-07	0.0005589911952541	-0.0001720198734716	2.9590836869185268e-08	3.1247115637160733e-07	-0.000103045526197	-1.2149760889998884e-07	1.4761668968414648e-14	1.0618380469216613e-08
791.2068044823234	-0.4903740019440192	626008.2074591295	0.240466661782593	1188.877673404775	-2.7065225804103648	7.32526447827118	1413430.1223203505	788.9290601267738	0.268371838873918	0.0720234439005682	622409.0619125147	831.6005488516579	772.6615442207882	1.007193	23.924702	0.077549674050365	0.0380842416845616	-0.1107872033	-0.1105520913	0.1340356935	-0.0107361585	-0.0306911066	-0.0350482522	-0.1767424475	0.0446545684	-0.1669674972	0.0161462589	-0.0323615868	-0.0806389433	-0.0240174981	0.0099709953	-0.0010016733	0.0403953579	-0.1048543477	-0.0308271616	0.0781249763	-0.1611807629	0.1517152658	-0.0828859538	0.0969805665	-0.0574716356	-0.0617667666	-0.0382324039	-0.0913746792	0.0645861969	0.2137704351	-0.037148113	0.0027914976	0.0961029113	-0.1383076588	-0.0171620481	0.0387893857	-0.0895050774	-0.1769924866	0.1239695761	0.1101917494	0.1278428181	-0.1069159231	0.0131866478	-0.0057960509	-0.0003158717	-0.1224505561	0.0186529713	0.0055719871	0.0519792408	0.1408158767	-0.024356035	-0.1237089783	-0.0914909869	0.1231344051	-0.0874981457	-0.0024950038	0.0571948434	-0.0143847122	0.0338476188	0.0178711274	-0.0276262213	0.254854115	0.0750112287	0.1331498476	-0.1222656313	-0.0756542049	0.1021979155	0.0563129109	-0.0315762415	-0.0265432772	-0.0213001845	-0.1312240352	-0.0366264863	0.111460103	-0.1018861244	-0.1105586504	0.0475231205	-0.0064697868	-0.0150252914	-0.0174953764	0.0074911807	0.0745737514	-0.0979157389	-0.1972641946	0.0654054764	0.0898699024	0.0439703191	0.0131626133	0.0267382277	0.0388471658	-0.1505415074	-0.1027062812	0.1943865161	0.0618516735	-0.0365435908	-0.0862903433	-0.0037211733	0.0142873037	0.051226774	0.0073896229	-0.1220704173	0.1365062815	0.1039761892	0.0970000681	0.1165277991	0.1603652754	-0.0950411321	0.0312638042	0.0748241222	-0.0316638626	0.0397195058	-0.0751427791	-0.0258304586	-0.0775271946	-0.0395394137	0.032790385	0.0440548276	0.2018450454	0.0892318516	0.0430395972	0.0983544587	0.1140417817	-0.0235979265	-0.008607283	-0.048183871	0.1572717426	0.1106177849	0.0011800924	0.1242524367	0.1100753719	0.0876327994	0.0586099215	-0.0378272664010097	-0.0101183346157399	0.000102380695396	0.0014309020833729	-0.0422975807128267	-0.0176951461505581	0.001789085334158	0.0003131181972896	0.0192288551864265	-0.018178052662087	0.0003697488717805	0.0003304415985856	0.0002411245966801	7.80957872087e-05	5.8141071124140894e-08	6.0989519797465515e-09	0.0004539333587292	-0.0001050578365249	1.1037149015292612e-08	2.0605549416717259e-07	-0.000551054714903	-0.000448009188706	2.0071223316500835e-07	3.0366129881682664e-07
792.2049698534667	0.9981653711432728	627588.714260532	0.9963341081495874	1189.2543524559508	0.3766790511758699	0.1418871075947536	1414325.9148354228	789.9276151533061	0.9985550265322444	0.9971121410128116	623985.6371817896	831.763312460671	771.9457151719502	0.97287	23.109407	0.1120672575802128	0.0663810204209711	-0.1658446908	-0.0231137044	0.0895196748	-0.1027997027	-0.0467609927	-0.1242471234	-0.1638523981	0.0664431532	-0.0130883235	-0.0087114134	-0.002609064	0.0856296078	-0.0572719384	0.0874561183	-0.0783153146	0.0367063386	-0.0324568574	-0.0574574359	0.1504701084	-0.0111103556	0.0404206115	-0.047026912	0.0180765509	0.1918456296	-0.0955462097	-0.009611399	0.0164990504	0.1363031272	0.0486034439	-0.0826452334	0.1340915705	0.0341845654	0.213716078	0.0463544408	-0.0154736424	0.1703475345	-0.0530204891	0.1489838979	-0.2723437633	0.1383817321	0.0137150254	0.1685109905	0.0318666658	0.0180503404	0.1628261317	-0.0470378444	0.1288503572	0.0689386474	-0.0210195102	0.0184475359	0.0638671551	0.0633683038	-0.052009399	-0.015352095	-0.0153734902	-0.0683778496	-0.0588012614	-0.0767074073	0.0253651942	0.0727914534	-0.1154164214	0.1334044146	0.0995280888	-0.0053365327	-0.1016409487	0.0098552899	-0.1131225433	0.0106857976	0.0536130626	-0.0007615922	-0.1681207698	-0.1703097062	-0.0746648553	-0.0510236114	-0.1807743026	0.0766984913	-0.0999597486	-0.1177329199	-0.0162279856	0.1168834573	-0.1322519869	-0.0321926953	-0.1080586947	0.0276356151	-0.0298127138	0.0132100247	-0.1113686785	-0.0697769557	-0.0205921353	0.1283236044	-0.0116699779	0.0337322582	-0.154811774	0.1628142093	0.1684056996	0.1613910048	0.1023121302	-0.0014336592	0.0657727907	-0.0135696445	-0.0233636911	-0.085238997	-0.1873264334	0.1610415898	0.0789676894	-0.0341962062	-0.0649223523	0.068634635	-0.0362184215	-0.0119539032	-0.0368520242	0.0618132574	-0.1295582017	-0.0750652176	-0.0112702622	-0.0013579346	0.1351900842	0.2095558731	0.1539334444	0.0053507109	0.0551382717	0.1318646442	-0.0308371491	0.1517273886	0.1585829376	0.1419660952	0.0495903023	0.1232925447	0.1063942335	0.0799246852	0.0462651033	-0.0278002485159873	0.0100270178850224	0.0001005410876665	0.0007728538175506	0.0166062288304686	0.0589038095432953	0.0002757668359698	0.0034696587787128	0.0265610117531664	0.0073321565667399	0.0007054873453518	5.376051991918705e-05	7.001834079849443e-05	-0.0001711062558816	4.9025680481741086e-09	2.9277350801821485e-08	0.0003569963615273	-9.69369972019e-05	9.396781426521169e-09	1.2744640214373068e-07	-0.0001030124962834	0.0004480422186196	2.0074182966557345e-07	1.06115743905375e-08
793.8133458092906	1.6083759558239308	630139.6279849403	2.586873215272543	1195.8596842015045	6.605331745553713	43.630407468819655	1430080.384298522	790.9265695234793	0.9989543701732372	0.9979098336882092	625564.8383781791	832.6538511387539	784.3327971242722	0.968492	23.005415	0.0574172630067244	0.0359725532692404	-0.179673037	0.0049992519	-0.0354399415	-0.1272256592	0.0348519473	-0.1690313247	-0.0449939531	0.0863176285	0.0843675464	0.0679461183	-0.0479221876	0.1126756073	0.0188410619	0.1044508039	0.011644086	0.0822097654	-0.1281164832	-0.0120589038	0.1814660816	-0.0015948105	0.0201219015	-0.0722650538	0.0470044873	-0.0407406544	0.0208639763	0.0929085979	0.0102525896	0.0501840252	-0.0786799831	0.0931803843	0.1311177058	-0.0548176198	0.1122369308	0.0771237708	-0.0378458828	-0.016608559	-0.1584847544	-0.1565217556	-0.0904425597	0.0428702761	-0.1135518756	-0.1721538926	0.0163750963	0.024340685	0.1768211451	0.0302052159	-0.0632232969	0.0396966553	-0.0493906444	0.1161707095	-0.0366085604	0.0728513005	-0.0264146364	-0.1221592324	0.0095687416	0.0859225047	0.1056816411	-0.0336577473	-0.0816833055	-0.0110204107	0.068656738	0.15654758	0.0594349493	0.0168535087	-0.0209002725	0.0256304918	-0.1603234519	0.0787084127	-0.0321347289	-0.0160736367	0.0315908921	0.0634317263	0.066305155	0.0678871858	0.0292770923	-0.1289151622	-0.0679157887	-0.0081332997	0.0077001084	0.1064936102	-0.0998226854	-0.0711406787	-0.0198835927	0.0137041056	0.0060921219	0.0112405859	-0.0516602328	0.0638402687	-0.0063752648	-0.0141865844	0.0973560903	-0.0211466223	-0.0288411467	0.0511385547	0.0564890587	0.2571738976	-0.1004856771	0.0799446154	-0.2450641691	-0.1084312933	-0.0123576481	-0.0150893625	0.0597625271	0.1592893892	0.067209831	0.056469926	-0.0841262257	0.1088191404	-0.044278675	-0.0489756871	-0.0605984882	0.101828243	-0.0671654308	-0.0949881319	-0.0726496933	0.1221551841	-0.0139783549	0.0994299171	0.1230529915	0.059793337	0.0619629614	-0.0995011566	0.0314263478	-0.0387028791	0.2185671124	-0.0107559992	0.0958316471	0.1222481541	0.1024214758	0.0717238087	0.033413395	-0.0277557146263234	4.453388966390096e-05	1.9832673285965043e-09	0.0007703796944179	-0.0020725764456273	-0.0186788052760959	4.295573122969092e-06	0.0003488977665423	-0.0043322438006825	-0.0308932555538489	1.876833634855195e-05	0.0009543932387154	-5.977495062021197e-06	-7.599583586051563e-05	3.5730447216487786e-11	5.775367068138433e-09	0.0004370000578703	8.000369634300001e-05	6.400591428542953e-09	1.9096905057864562e-07	-0.0001029986627446	1.3833538800009154e-08	1.9136679573135872e-16	1.0608724527175852e-08
794.54007447607	0.7267286667794224	631293.9299484389	0.5281345551189968	1199.7183815814078	3.858697379903333	14.889545469672848	1439324.1951043124	790.4228665060731	-0.5037030174062238	0.2537167297441346	624768.3078956774	832.7196947170695	791.6359424477532	1.024711	24.340824	0.0885197053295062	0.047607086306186	-0.1199481464	-0.0677176461	-0.1698404779	-0.0491849384	0.0676792434	-0.0629547102	0.0641825116	0.1192800686	0.0442024297	-0.0307781526	-0.1257139876	0.0631741321	0.0834624993	0.0717260058	0.008196832	0.0506703681	-0.0786176652	-0.0033288658	0.0965167564	0.0102287644	-0.2364827401	0.1159356251	-0.0563441335	0.0338054866	0.1321007693	0.0751176923	0.1949403015	-0.0004951513	-0.1505380175	-0.0561929101	-0.0243218674	-0.0029614996	-0.028350893	-0.0479497104	0.0088152243	0.0293228354	-0.0939803063	-0.0027722692	-0.0076719589	0.0810174849	-0.0120258214	0.0691882673	-0.1122057645	0.0038640815	0.1283632706	-0.1804981296	-0.0565844645	-0.1124431568	-0.0273550626	-0.1600196824	0.0947148458	0.1289378026	-0.0430906797	-0.050275733	0.0669945021	0.0445513413	0.0366019805	0.0457127028	-0.2322470122	-0.0058895699	0.2052413387	0.0918287279	0.0290933358	0.1773221854	0.0851177787	-0.0394195703	-0.0372511886	0.0824780735	-0.050650907	0.0755830219	0.0021578687	-0.0655244366	-0.1787597414	0.0728459844	0.0470461568	-0.1053619687	0.0717213074	-0.1030215649	-0.108770119	-0.017750728	-0.0162283199	0.0075708172	0.2014547094	-0.0091438303	-0.0392676881	0.0162618608	0.046470049	0.0686259449	0.1425082623	0.0470429148	-0.2254318731	0.0198851935	0.0466370979	-0.1033236569	0.1436470329	0.112738475	0.0345415401	0.1417749526	-0.0800385493	0.1156920938	-3.42494e-05	0.0482069764	0.1723363367	0.0270535688	0.0555162769	0.1708867891	-0.0117255947	0.0615255618	-0.0679489178	-0.0612618721	-0.022545134	0.123096022	-0.0397182855	0.0704112933	0.0366257231	0.1570902704	0.0874557158	0.0405994156	-0.1256733851	-0.0499227959	0.114986922	-0.0620942069	0.1249140076	0.170701087	-0.0895071605	-0.1186860804	0.2331072125	0.1211199807	0.098167988	0.063080731	0.0201956026	-0.0278125073428441	-5.6792716520700365e-05	3.225412649800632e-09	0.0007735355646957	0.0272765024027137	0.029349078848341	0.0007440075833252	0.0008613684292461	0.0212810971125847	0.0256133409132672	0.0004528850943152	0.0006560432327392	-0.0002689984451121	-0.00026302095005	7.236016347272749e-08	6.918002016524605e-08	3.0013824122931965e-05	-0.0004069862337473	1.656377944598673e-07	9.008296384822928e-10	-0.0001029959895145	2.673230099995284e-09	7.146159167520799e-18	1.0608173856070994e-08
793.041903155201	-1.4981713208690053	628915.4601600232	2.24451730667438	1204.3664141715842	4.648032590176399	21.604206959341926	1450498.45958452	789.8885388771997	-0.5343276288733705	0.2855060149774383	623923.9038495575	832.1918341715331	783.8168142239252	1.02112	24.255516	0.1302920369313506	0.0833819224566608	-0.002064276	-0.1411185623	-0.1154140754	-0.0399479034	0.0424998399	0.0471152768	0.1038740468	0.0818793078	-0.0323773267	0.0345374336	-0.1568250604	0.0569056827	0.0734420813	0.077494702	-0.0672458701	-0.0596155304	-0.1738491358	-0.0274350651	-0.0004870126	-0.0383067744	-0.045110427	-0.0014477437	0.0470487857	0.1958670234	0.167915535	-0.0779596643	0.0965936583	-0.0133709301	0.0089364937	0.0817322614	-0.0602201733	0.1115240056	0.1060541251	-0.0156810149	0.071538715	-0.0439102418	-0.1489533182	-0.1417356872	0.0910271836	-0.0737295854	0.0549323555	-0.2262186391	0.0743524746	-0.0578009553	0.029420216	0.1494383178	-0.0958680354	0.0647764906	-0.0246260932	0.0546281	-0.0945714788	0.0575924871	-0.1236668312	0.0489839807	-0.034877659	-0.0323363637	0.1179680572	0.0182697939	0.0960672514	0.0998717036	0.1031016909	-0.0485781835	0.0423988155	0.1103938974	0.1624068751	0.0855116032	-0.0870918394	0.0149985538	0.0620613208	0.1215979259	-0.0912862397	-0.0174855279	0.0395325508	0.1323419504	-0.0992937796	-0.0190355086	0.0293308122	0.1125272704	-0.1075730407	-0.0312957893	0.0308294881	-0.0141938528	-0.0317338486	0.1548765301	-0.0472125745	0.0203220081	0.1315676418	0.229318225	-0.1136078264	0.064463495	0.0008498855	-0.130573744	0.0675292073	0.058460456	0.0759036573	0.0216822788	-0.1081824502	-0.0373878903	-0.1431989496	0.0142665268	0.1566808124	-0.0612953599	-0.101653051	-0.043553632	0.1213904293	0.1024189326	0.0386577238	0.0450955258	-0.0573512645	0.0087887108	-0.0914573722	0.0138874626	0.0090207699	0.0872136811	-0.0296275243	0.2219526709	0.0528177189	0.0482165252	-0.0956244289	-0.1058317876	0.0226921874	0.014413586	0.0361328042	-0.0089471303	-0.2371353479	-0.0489008156	0.0454615117	0.1199087977	0.0936454286	0.0540487397	0.0067565429	-0.0193786995062339	0.0084338078366102	7.112911462486761e-05	0.0003755339945529	-0.0514483660608249	-0.0787248684635386	0.0026469343703286	0.0061976049146014	0.0008972966634885	-0.0203838004490962	8.051413023075944e-07	0.0004154993207485	-4.9995445781104126e-05	0.0002190029993309	2.499544598851322e-09	4.796231371597218e-08	0.0002070008000003	0.0001769869758773	3.1324389630216056e-08	4.28493312007642e-08	-4.399476108075049e-05	5.900122843374951e-05	3.4811449566914914e-09	1.935539002552318e-09
791.7704290538015	-1.2714741013994626	626900.412324041	1.616646390529571	1197.588536688622	-6.77787748296214	45.93962317404519	1434218.3032079951	788.6331992583505	-1.2553396188492345	1.5758775586525409	621942.3229724611	831.4484224070006	779.8520731358301	0.999603	23.744411	0.093059713601822	0.0679298103450063	0.0431363979	-0.102548518	-0.0801694944	0.1357653517	-0.0078572948	0.0864898445	0.0370681327	0.0645225369	-0.0823157883	0.0659256438	-0.1552538279	-0.128757093	-0.0060885	-0.0659378268	-0.1116720345	-0.0104771173	-0.0846509794	-0.0682015635	-0.0049165889	-0.0314979301	0.0342675038	0.1341805428	-0.0937048708	0.0973881649	0.09376868	-0.0976029006	-0.2176601353	0.0879026969	0.1258437601	0.0254469245	-0.058924002	0.0959337813	0.0383260614	0.0291681974	-0.1289365048	-0.0753207906	0.004204221	-0.0925991761	-0.1010881772	-0.1666537978	0.0373779654	-0.199885968	-0.0813871641	0.113533933	-0.0808723512	-0.0572113744	0.0206879841	0.013695169	-0.156023244	-0.2034892485	0.0009305786	-0.025845221	0.0037243258	-0.0816574222	0.0743363268	0.0237242635	0.0801642682	-0.0210615811	-0.0729927805	0.0146488124	0.0014220272	-0.0401010715	0.0399233034	0.0755375592	0.1666974359	0.0222862014	0.0784365926	-0.1554578924	0.1328805379	0.1035671691	-0.1669058731	0.1520873903	0.0197002278	0.0802276651	-0.1129414209	-0.0191408159	0.0074324517	-0.0107885828	0.029394456	0.1456099331	-0.0133173843	0.1362997308	-0.1383614274	-0.0088275744	0.0123248211	0.0260108851	0.1626802908	-0.0358961756	0.0232964598	0.008807302	0.0911607187	-0.1663804491	0.0020003509	0.0944228556	-0.0487235495	-0.0636231693	-0.0033356994	0.1532995367	-0.0134621276	0.1518614399	0.0415090267	-0.0029577848	0.1056140202	-0.0777592225	0.0537268968	0.0868165434	0.1520596189	-0.0151198406	-0.1556150316	0.1716857281	-0.0838114174	0.1454776655	-0.0061942972	0.1255192935	-0.0612243613	-0.0379131917	0.0795975033	0.0673703201	-0.0030285809	-0.096882687	0.0709422336	0.2492655908	0.0440327017	0.1342540566	0.1021550975	-0.2882356891	0.0871168697	0.1186154352	0.0888661936	0.0446835199	-0.0067565429	-0.0220574635934838	-0.0026787640872498	7.175777035139781e-06	0.0004865317001778	0.0149182143781274	0.0663665804389523	0.0002225531202317	0.0044045229991599	-0.0043166213443441	-0.0052139180078326	1.8633219830447065e-05	2.7184940992401064e-05	9.000154616200936e-05	0.0001399969919431	8.100278311552301e-09	1.959915775312018e-08	2.999538662051826e-05	-0.0001770054133797	3.1330916365747415e-08	8.997232185143658e-10	-0.0001030013771136	-5.900661603284951e-05	3.4817807356481324e-09	1.0609283687298045e-08
794.0808811734478	2.310452119646243	630564.4458451993	5.3381889971778165	1196.327764632854	-1.2607720557680295	1.5895461766055434	1431200.120431441	791.0782812537359	2.445081995385408	5.978425964157888	625804.8470713649	834.0548221887477	776.4078455993107	1.043871	24.795958	0.0298520894481034	0.0188193141782027	0.1193920347	0.0063526305	0.0119726596	0.218561093	-0.0093509555	0.0782025153	-0.0516573024	-0.0057736306	0.0489061162	-0.0765626165	-0.0551436386	-0.1756492386	0.0439871056	-0.0634030533	0.0025297039	0.0731624299	-0.2045312155	-0.1023405834	-0.1235835822	0.0820350256	-0.0948890491	-0.1840517302	-0.0498432662	-0.0435295101	-0.0312882205	-0.027163764	-0.0240669759	-0.0769417409	0.1212111321	0.1192567161	-0.0546675713	0.2514728471	-0.0242394191	0.040047635	-0.054764919	0.0415997761	0.0679197652	-0.0009882251	-0.0115207707	-0.0168861459	-0.0344342896	0.0121236448	-0.1878870721	-0.0925740666	-0.0486709213	0.0471454211	-0.0251719541	-0.0973451658	-0.157718669	0.1270674731	0.0172944858	0.0307916069	-0.0462221002	0.044420139	-0.2119086547	-0.0340137717	0.0259452598	-0.0112584459	-0.0138254374	-0.0645839751	-0.0919834097	-0.1007222208	-0.0237295425	-0.0880945393	0.0913873547	-0.1707139953	0.0341077836	-0.0390481695	0.0632631781	0.0044069147	-0.0129473817	0.170372183	-0.0402945315	0.0723609706	-0.0511496741	0.0111883741	-0.0101755411	0.1004118448	-0.0577684244	0.0100201674	0.2099258285	-0.1455827388	-0.0734465851	0.0577793401	-0.04498377	-0.0102569648	0.0528080399	-0.0199295381	0.1943445139	0.0574290323	0.2154150879	0.0077052762	-0.0449023805	0.043821941	0.1486203343	-0.0156264926	0.0123720434	-0.0907777357	-0.0269408561	0.0850035805	0.1181395765	-0.0432292939	0.0429448382	-0.1152647867	-0.0782939839	-0.0532923339	0.2053057659	-0.0977825127	-0.0527023591	0.0917585439	-0.0660417939	0.2800772009	0.0220903522	0.0915766777	-0.1052635671	-0.0463752621	0.1013115441	-0.0815470083	-0.0449257655	0.0461166452	-0.1326217478	0.124787325	0.1429937243	-0.0903563491	-0.0456353808	-0.0107531843	-0.0087022227	0.1172407796	0.0838433825	0.0350428114	-0.0201956026	-0.0103467648051065	0.0117106987883773	0.0001371404661121	0.0001070555419321	0.0154829075757163	0.0005646931975888	0.0002397204269981	3.188784074031764e-07	-0.0043433875994978	-2.6766255153700368e-05	1.886501583947126e-05	7.164324149529914e-10	-0.0001659998205017	-0.0002560013666637	2.7555940406596626e-08	6.553669973368699e-08	2.2001298307205985e-05	-7.994088313312275e-06	6.390544796103589e-11	4.840571272026648e-10	-1.5998207950949732e-05	8.700316916265027e-05	7.569551444344741e-09	2.5594265764183123e-10
794.1064391201245	0.025557946676713	630605.0366520439	0.0006532086383297	1200.7923325558927	4.464567923038658	19.932366739425717	1441902.2259250216	791.5481009333756	0.4698196796397269	0.2207305313767756	626548.3960912334	835.1548511439886	777.7909237430209	0.965673	22.938444	0.0431445540736298	0.0298452585293959	0.0892161982	0.0849460922	0.040728213	0.1564662766	0.0896739078	0.0529436408	0.026152259	-0.1454440726	0.1200616817	-0.0375269135	-0.1236341311	-0.1224358686	-0.039296808	0.0366430323	-0.0586813788	0.0537470736	-0.0556438113	-0.1566598134	-0.0813690513	0.1558081115	0.0268806313	-0.1698328924	-0.0325557155	-0.0637092636	-0.0195068004	-0.0187682169	-0.1773533871	0.1981070526	-0.2049216061	-0.0833205776	0.0093193003	0.01709126	0.1330151571	0.1846104751	0.0595743288	-0.0471948545	0.0301224685	0.053880735	0.0521942657	-0.1197542884	0.1144843958	-0.1025179641	-0.0719725668	-0.0119369337	-0.0315479462	0.0462111901	0.0538103273	-0.0636801301	0.0498919565	-0.0375160198	0.0582601962	-0.073065281	-0.0809064585	-0.1131733119	-0.0081082788	0.033375102	0.1440483719	0.0713410379	-0.1647938266	0.1128147781	0.011920864	-0.0905414342	-0.1294219217	-0.1356913705	0.0681695032	-0.1221992891	-0.0518587264	0.0501022494	0.0585603154	0.1098986076	0.1163761611	0.1304049022	0.0780901324	0.0198779624	0.0103783902	0.0181949848	0.116050161	-0.0906155998	0.1651240487	0.2387412512	-0.0364690056	0.0709293105	0.0511614421	-0.0444024419	0.0748137829	0.0300314707	-0.0288151546	0.0692340782	-0.0125105978	-0.0239034046	0.0978273826	0.0680757761	0.0262410906	0.102408366	0.0109480637	-0.0360119975	0.1512197066	0.0803793646	-0.1370997032	-0.1096726352	-0.0623374289	0.0362010353	0.0066561359	-0.0427278131	-0.1054772049	-0.078217276	0.1353991699	-0.0185897649	-0.0169768934	0.0503994458	-0.1473071683	0.157599136	0.0917225168	0.1120286037	0.0310064615	0.1222321159	0.0502933714	-0.0437736968	0.0020569672	0.1120872073	-0.1773711992	-0.0051605988	-0.1138550298	-0.1954121534	0.0617144214	-0.0496324548	0.0284412666	0.1157857731	0.0785907625	0.0251860523	-0.033413395	0.0012943947898946	0.0116411595950011	0.0001355165967162	1.6754578721062856e-06	-0.011746823957182	-0.0272297315328983	0.000137987873081	0.0007414582793537	-0.0043668407835042	-2.3453184006400063e-05	1.9069298428475572e-05	5.500518400380596e-10	-0.000166000171094	-3.5059229998302133e-10	2.755605680323727e-08	1.2291496080738481e-19	8.69996825703101e-05	6.499838426310411e-05	4.224789956814141e-09	7.568944767334719e-09	4.007252428127491e-06	2.0005460379077223e-05	4.0021844497882856e-10	1.605807202273367e-11
791.6638227675064	-2.4426163526180744	626731.6082788619	5.966374646077226	1199.512751542761	-1.2795810131317469	1.6373275691672673	1438830.8411136854	790.3838388666271	-1.1642620667485062	1.355506160069503	624706.6127415464	833.9569629270067	769.6780899308976	0.981576	23.316196	0.0739736689952992	0.0380375532119786	0.0802399219	0.10330624	0.1141130346	0.1423012416	0.0202513154	0.0430773205	0.0690419119	-0.2058513556	-0.0761298177	0.0013610702	-0.0021881998	-0.1116817616	-0.0535362783	0.031930732	0.0241227018	0.0364756401	0.0522723687	0.0204391605	-0.0835731675	0.1686189785	0.0849607495	-0.0622743572	0.1050837037	0.001161216	-0.0908148136	-0.1080860558	0.0838595696	0.095394862	-0.1231763359	0.068608482	-0.1016502795	0.0855723348	-0.1262431125	0.1383672717	0.1508617073	0.0209223946	0.1547184973	0.0942188481	0.1098167028	0.0456614381	-0.034734688	0.0295425529	-0.1144338826	0.1164435717	-0.0842483481	-0.1711184054	0.0443187308	-0.0110230573	-0.1342165498	-0.05652332	-0.1426652331	0.1699227556	-0.0327134667	0.1037619249	0.0496479049	-0.0788654554	-0.1179693032	-0.0890325715	-0.0536271077	0.053282615	0.0307731412	-0.0590606136	-0.1959667289	-0.1023148532	0.0037022183	0.0482302004	0.1095893541	0.1296057655	0.0225263188	-0.0258929908	0.0163148199	0.0558023498	-0.1399800548	0.0278848516	0.0190353384	0.1217695935	0.0944421427	0.1238965641	0.0922249699	0.1193900903	0.0724008938	-0.0987969993	0.0482192769	-0.0677430499	0.1017495026	0.2111237403	-0.0001405246	-0.0636250297	0.013000026	-0.0596657873	-0.0174873251	-0.0631927973	0.0666895693	-0.0260118798	0.1966681361	-0.0966261876	0.1173483469	0.1028482646	-0.0899578567	0.1124112223	0.1004909252	0.0138519502	0.0582598532	-0.0256622777	-0.1116302992	-0.135894997	0.112683018	0.0330073228	-0.0523791374	0.0675237982	-0.0131752186	0.0296053003	-0.0863870528	0.0337939068	0.1197722565	0.0643762339	0.077431482	0.092536067	-0.1721067897	0.0761335825	-0.07138193	0.253466621	-0.0301042873	-0.0694269324	-0.0129360145	-0.0030759501	0.0342594559	0.1142514127	0.0731227308	0.0151740128	-0.0462651033	0.0025710096765436	0.001276614886649	1.6297455688138398e-06	6.610090756880827e-06	0.018423097260694	0.030169921217876	0.0003394105126769	0.0009102241462928	0.0064586446356642	0.0108254854191684	4.171409052979394e-05	0.0001171911345606	0.0002240115409574	0.0003900117120514	5.01811704821089e-08	1.5210913553726417e-07	0.0002239885832573	0.0001369889006869	1.8765958911429984e-08	5.0170885429612424e-08	-0.0001030250842656	-0.0001070323366937	1.1455921098119444e-08	1.061416798793398e-08
792.8662644785646	1.2024417110582135	628636.9133481932	1.445866068492604	1195.571315684217	-3.941435858543855	15.534916627015336	1429390.77088689	790.0183680796313	-0.3654707869958429	0.1335688961473607	624129.0219032038	832.5722989594673	762.2879328642573	1.046792	24.865332	0.0552671601429953	0.0336152518038295	-0.0106446408	0.1031436527	0.145488974	-0.0198579205	-0.087235165	-0.0471307223	-0.0728660023	-0.0402382082	-0.0522618965	0.0506358399	0.1889108748	-0.0786403358	-0.0020241584	0.1879154932	0.1162206678	-0.0376024027	0.1282243405	0.0204333722	0.0461366883	0.0307618743	-0.0286841581	0.0350908197	0.0144291451	0.1243781759	-0.2617067967	-0.0839551376	0.089094979	0.1322313881	-0.163539881	0.0480814651	-0.0736679086	0.03980966	-0.1812153034	-0.1036030512	0.1029320584	-0.0427369124	-0.0794505302	-0.0072629944	-0.0750837249	-0.0243256679	-0.0278747826	-0.1291300695	-0.0386011803	-0.0267205159	-0.0045836596	-0.1362764288	0.0318402393	-0.1586166805	0.0707669112	0.0355599054	-0.0231816257	-0.149252096	0.0205451781	-0.0414391411	-0.0593001267	0.0214133598	0.03491023	-0.1766786011	0.063926324	-0.0188131512	-0.0258159801	0.0552139997	-0.0367943169	-0.0243946472	-0.2018512431	-0.023091319	0.07611997	0.0674398546	0.1482295774	-0.1083525673	-0.0324547947	-0.1866709055	-0.2195091277	0.1027825743	0.0503960392	0.0191063038	0.0514015488	0.0528726732	0.0012136912	0.0763094634	-0.0065580524	-0.0047188149	0.0267913965	0.1971719521	0.090859716	-0.0473629682	0.1606521587	-0.1155762287	0.004014356	-0.0471866262	-0.0096051599	-0.001306313	-0.0767801997	0.0670855063	-0.0654866664	-0.0707001805	0.0902919998	0.127934325	0.0582671609	-0.1249549993	0.0554674314	0.0630671556	0.0374494956	0.0835483901	-0.0963304481	-0.0751905429	0.0017029524	0.1121801695	-0.0250160438	0.0576127298	0.0331620562	-0.0359879517	-0.0834025826	-0.024986077	-0.2015326988	0.002767074	0.0176593456	0.1145709882	-0.1134984142	-0.0219102076	-0.0244065026	0.0669836882	0.0874129553	0.0109616823	-0.1363057487	0.1812391886	-0.1607236794	0.1126387502	0.0674542747	0.0050684204	-0.0586099215	0.014042095780411	0.0114710861038674	0.0001315858164023	0.0001971804539062	-0.0118137585020434	-0.0302368557627374	0.0001395648899446	0.0009142674464165	0.0075170342590098	0.0010583896233456	5.650580405112702e-05	1.1201885948056425e-06	0.0001170033501214	-0.000107008190836	1.3689783939630914e-08	1.1450752905993794e-08	0.0001339974205452	-8.999116271210002e-05	8.09840936627566e-09	1.7955308712767184e-08	-5.000786475280064e-05	5.301721951279936e-05	2.810825564868353e-09	2.5007865371344006e-09
794.6112795825869	1.7450151040222863	631407.0856398761	3.045077713265911	1198.6794782273312	3.1081625431140765	9.660674394417365	1436832.4915233469	790.9924875155787	0.9741194359473866	0.9489086754904548	625669.1153060829	833.561339904125	781.9750909748532	1.038182	24.660809	0.0676704224543667	0.0298214629523263	-0.0774750886	0.1521235811	0.0396801476	-0.1203673355	0.1902165056	-0.1179761264	-0.0219751119	0.0149891403	0.1006775347	0.0234327261	0.0696831452	0.1102463684	0.0304311832	0.077596766	0.0555691378	0.0410525924	0.0379193038	-0.0346401852	0.0938677909	0.016330596	-0.0474743661	-0.0479146764	0.0902503125	0.0976925125	-0.0213667037	0.1391520382	0.0208863526	-0.0314209491	-0.1001199626	-0.3193136322	0.0271442919	0.0897108609	-0.019367689	-0.0020945759	-0.1874394983	-0.0581549124	-0.0107174022	-0.1576969962	0.0578509655	0.0805654808	0.1177778462	0.0636935433	0.1821086794	0.1050904701	-0.1886547564	0.1236598478	0.1188779384	-0.0699320318	-0.0458246545	-0.077472725	-0.0708319224	-0.063678386	0.0649340473	0.069076694	0.0401271095	0.0979572067	-0.0115600341	0.1118579217	-0.0557161009	-0.1097078088	-0.1292375035	0.1187119568	-0.0260289529	0.022144852	-0.1505872049	-0.0367926989	-0.0861856631	0.1476776167	-0.0596940839	0.0445576892	0.007654458	-0.1110973554	-0.0267700499	-0.0975705126	-0.2683926164	-0.024215048	-0.1256215654	0.1328865654	-0.0447360401	0.144026842	-0.169348183	0.2119037252	0.0621776653	-0.0193100842	-0.123617853	-0.1241626756	-0.1301046284	-0.0315810176	-0.083909125	-0.2163059723	-0.0095665448	-0.0666387729	0.0767098201	-0.0479479167	-0.0009980467	-0.0768717717	0.0275689925	-0.0055438697	0.0990180012	0.1587715695	-0.0434391843	0.0159551567	0.0491089682	0.1265384057	-0.0948396377	-0.0173508124	-0.0430350243	0.182883731	-0.0456856575	0.0922496511	0.0258359224	-0.0209518989	-0.0005549567	-0.1497259283	-0.2117105008	0.1205278953	-0.0313244931	-0.0470951514	0.1443439122	-0.0153967653	-0.147142256	-0.0176086965	-0.0117938052	0.1028938433	-0.0479776797	0.0475435877	0.0303959054	0.1109488906	0.0616009311	-0.0050684204	-0.0703125971	0.0044398546495756	-0.0096022411308354	9.220303473470712e-05	1.9712309309358075e-05	0.008934771004192	0.0207485295062354	7.983013289735012e-05	0.0004305014766711	-0.0044002959001261	-0.0119173301591359	1.9362604008666564e-05	0.0001420227581218	-0.0001660117230256	-0.000283015073147	2.755989218192853e-08	8.009753162840179e-08	0.0001339854790105	-1.1941534699987969e-08	1.4260025099101671e-16	1.7952108585673138e-08	0.0001750115537287	0.0002250194184815	5.063373869375271e-08	3.0629043938533655e-08
790.9337424619977	-3.6775371205892498	625576.1849649417	13.52427927331187	1203.3593385736992	4.679860346368059	21.90109286150817	1448073.697732531	789.1914183916531	-1.801069123925572	3.2438499891580275	622823.0948630292	832.3811033246983	784.8729966651825	1.055099	25.062651	0.0270911527998086	0.0182165914084794	-0.0347793009	0.174262744	-0.0881501525	-0.0709822554	0.0911705208	-0.115954714	0.1684965276	-0.0345344868	-0.0299339357	0.0967744801	0.0178584315	0.0537647477	-0.1058465257	-0.0659017415	0.0497768046	0.1359576335	-0.1250404153	0.002862174	0.1112550167	0.0830473541	0.1754365035	0.0853595573	0.1429394824	0.0794324016	0.1019343974	0.1449975832	0.0515832255	-0.1450547407	0.0839429307	-0.0551737492	-0.1473231184	-0.0116850379	0.1357378464	-0.0386249185	0.1133922538	0.0549923349	0.195441773	0.0044328101	-0.0667500455	-0.0608763951	0.0374548656	-0.1907951722	-0.0142673295	0.0071910722	-0.2816544384	-0.0002126037	-0.2189796294	0.0797325796	-0.0003660637	-0.1425634306	0.035226255	-0.0427198245	-0.0555355176	-0.0446252386	-0.0196950207	-0.0574004448	-0.1359227726	-0.0633176584	0.0561357818	-0.0901149731	0.1115999847	0.1045744565	-0.1230887004	0.0788409993	-0.0114921652	0.1882861911	-0.0301581883	0.0374071188	0.0236936399	0.028122599	0.1954607966	0.0330035011	0.0528337581	-0.173294577	-0.0413752948	-0.0093993421	-0.12937096	0.013772179	0.0500803593	-0.1335568735	-0.1176327062	0.0584701336	0.000249454	0.1200818656	0.1406935542	0.0582371769	0.2481295413	0.0906030131	-0.0570940295	0.0503861448	0.106553665	-0.2150168065	0.0662582364	-0.0506396741	-0.0503752635	-0.0527906148	-0.0164553354	-0.1393412937	-0.005337348	0.081730895	0.1939277495	-0.0701056394	0.0940181598	0.1149029575	-0.136356038	0.0568132691	-0.0277333552	0.1370897477	0.0449093814	0.1840309878	0.0640116803	-0.136032232	-0.1133340355	-0.0285369229	-0.0553463041	0.1358961601	0.0157829135	-0.0583868871	0.1441319562	-0.1173606049	-0.0685125749	0.0157091045	-0.2023068081	-0.1579061991	-0.1053651769	-0.0078288714	-0.0121294701	0.1091829923	0.0555787436	-0.0151740128	-0.0812449131	0.0092228239687273	0.0047829693191517	2.2876795507946472e-05	8.506048195813078e-05	0.0089536285347975	1.885753060549937e-05	8.016746393914001e-05	3.5560646053734544e-10	0.0114880888508253	0.0158883847509514	0.0001319761854444	0.0002524407699942	-0.0001660203062353	-8.583209699979328e-09	2.7562742082462787e-08	7.367148875381922e-17	0.000133974826616	-1.065239450001674e-08	1.1347350858398687e-16	1.7949254166787258e-08	0.0003030111421065	0.0001279995883778	1.6383894624886237e-08	9.181575224068554e-08
789.9240622625325	-1.0096801994651514	623980.0241413413	1.019454105191988	1197.040906995408	-6.318431578291211	39.92257760954756	1432906.9330203892	787.8174045273796	-1.3740138642734792	1.8879140992157388	620656.2628762568	829.6664172197492	775.0914985168548	1.015941	24.132505	0.0319497263729023	0.0191729459182229	-0.0083271045	0.1070668262	-0.1094963558	-0.0770363854	-0.1924737685	-0.0234330767	0.0742927916	0.135532733	-0.0952418747	0.0943425248	0.2224221232	0.0162154535	-0.1510153346	-0.0503235248	0.0864360839	0.1250938075	-0.0927053111	0.1809094559	0.0220988514	-0.0483644171	0.0111256235	0.2574982499	-0.0268417253	-0.0197526786	-0.0812480337	0.129535759	0.0518429892	-0.0630547196	0.0676087286	-0.0189697453	0.0831644615	0.0561977203	-0.0715647895	0.0306996603	-0.0725067161	0.0860645533	0.1073512509	0.1418577195	0.0424092628	0.0775833561	-0.0432924936	-0.0129772652	0.0698876036	-0.0459317602	0.161785941	-0.0346018193	0.0927426953	0.1039218825	0.0485272791	0.0810932548	-0.0893590016	-0.0674552588	0.008330036	-0.1402838531	-0.0264187513	-0.0061482431	0.0021560112	-0.1140843339	-0.041552371	0.0398378364	0.003166631	0.0366336479	-0.0092555347	0.1957717637	-0.1815079345	0.0803857268	0.100186408	-0.078372772	0.111651229	-0.0155747154	0.0252520472	0.0721659026	-0.0309421989	-0.0642682238	-0.0631956492	0.1545497565	-0.0874653409	0.0118733888	-0.0243049434	0.0024107755	-0.0260792549	-0.090309977	0.0321034958	-0.0728012168	-0.019772463	0.0448849746	-0.0380529175	-0.0946566738	0.0285510979	0.0450056434	-0.0386127544	-0.0011818368	-0.1579695437	-0.0996148555	-0.0873105414	0.0493113975	-0.1048305567	0.019279749	0.1138916723	-0.1151351269	0.1059087886	0.0173787338	0.0895156192	0.0486933208	-0.1244749931	0.1148426064	-0.0365772506	0.1104339959	0.0694683617	0.0866751957	0.0503860893	-0.0307547662	-0.1154148795	-0.0171879041	-0.1005944975	-0.085689396	0.0543086887	0.2332642785	-0.1317339163	0.0101113556	-0.2354150189	-0.1949329452	-0.1935319233	-0.0879647861	-0.0322149828	-0.066641379	-0.0239304996	0.1073422654	0.0494042187	-0.0251860523	-0.0912870929	0.0092354763478539	1.2652379126600057e-05	1.6008269756322478e-10	8.529402337176881e-05	2.749201749452368e-05	-0.0089261365173029	7.55811025919196e-10	7.96759131255297e-05	0.0274487496071031	0.0159606607562778	0.0007534338549934	0.0002547426917769	-0.0001665331034558	-5.127972205000214e-07	2.7733274546620188e-08	2.629609893525476e-13	0.0001584652359547	2.449040933870001e-05	5.997801495770846e-10	2.5111231006178745e-08	0.0004190134699512	0.0001160023278446	1.3456540065389258e-08	1.755722880005452e-07
792.4030324385961	2.4789701760636262	627902.5658178829	6.145293133812926	1198.4657286948343	1.4248216994262748	2.030116875155978	1436320.1028560402	789.6056997682999	1.78829524092032	3.197999868698265	623477.1611065866	831.6359996766871	770.9078078269958	1.087459	25.831324	0.1209415404113331	0.0565506981399732	0.1400890673	0.0312805346	-0.1005938	-0.0332138054	-0.1191409316	0.0624870668	0.1226684164	0.1227024342	0.1003048099	-0.0583611165	0.100676894	0.0869457993	-0.187786029	-0.033349041	-0.1290398717	-0.0215657497	0.1500100562	0.0186540348	-0.0833227516	0.0322958105	-0.1134219578	0.1399022235	-0.0958034429	-0.0503826973	-0.0489629125	-0.0693405665	0.1629901106	0.1531407571	0.1300149094	0.0432074577	0.0998297558	0.0001773207	-0.0067060348	0.1269696999	-0.0963965864	0.004748547	-0.0039857161	-0.0198029717	0.1345419212	-0.1038943716	-0.0206270863	0.167616838	0.2726282522	-0.0313074615	0.0079167418	0.0690882192	-0.1252682068	-0.1348608286	-0.0523061943	-0.0174156512	0.0357632124	-0.0285516587	-0.1473178848	0.0434327667	-0.1040891034	-0.1387156949	-0.0992033628	0.0662884496	0.0277081271	0.0207100133	0.1615761433	-0.0969678268	-0.0403742735	0.1666953369	-0.0768101221	-0.0906848186	0.0121498695	-0.0759243348	-0.0024432108	0.0394994655	-0.1374614885	-0.0002957668	-0.0796814959	-0.0058723304	0.099523379	-0.0167730704	-0.0838881479	0.1811762478	0.121176495	-0.0576250296	-0.033552302	0.0433992681	-0.0608588253	-0.1728126769	-0.1147642933	-0.0280783269	-0.1083783565	0.0486689219	0.0138368025	-0.0257468737	-0.0282069921	-0.1046486673	0.1890110352	-0.0832029926	-0.0922337271	0.0117996605	0.1115637954	-0.0265728872	-0.1922347387	-0.0875541847	-0.0079889967	0.0982701584	-0.0297794718	-0.1437962577	-0.1073497381	0.1002645274	-0.0336001909	0.0802537989	0.0435191124	0.0392461253	0.0265934177	0.0071882473	0.0398290523	0.1403243161	-0.1962216626	-0.2051042614	-0.0008745643	0.1388904813	-0.0048777658	-0.16710062	0.0957137643	-0.1736270256	0.1020882201	0.1850449937	0.0402744874	0.0336568759	0.0414106373	0.1054279714	0.0430942802	-0.0350428114	-0.1003291122	0.0028528420312881	-0.0063826343165657	4.073802081900337e-05	8.138707655484013e-06	-0.0236531914252822	-0.0236806834427767	0.000559473464601	0.0005607747683169	-0.0043799405457463	-0.0318286901528494	1.91838791842724e-05	0.001013065516846	2.298075398102378e-05	0.0001895138574368	5.281150535363402e-10	3.591550216058477e-08	-0.0002730015542797	-0.0004314667902344	1.861635910751757e-07	7.452984863913199e-08	-0.0001409965323604	-0.0005600100023116	3.1361120268903825e-07	1.988002213765732e-08
794.9342932498969	2.53126081130074	631920.5305847131	6.4072812948268805	1202.5866598575674	4.120931162733086	16.982073647984667	1446214.6744673804	791.2461629340735	1.6404631657735536	2.6911193982597896	626070.4903578943	834.8239421230446	778.6101303682441	1.093384	25.972076	0.0627161749311776	0.0323402088050327	0.1603677903	0.0191500357	0.0485909881	0.0231413001	0.0844689707	0.1396709228	-0.0700863168	-0.0755209421	0.1646229343	0.1397345826	0.0538845455	-0.0126368822	-0.0715251686	0.0993807945	0.1095512307	-0.0218550162	-0.1426593373	0.1042255885	-0.1436849859	0.068533495	-0.0183996369	-0.0308539258	0.2489347837	-0.0115238353	0.0366385242	0.1219278765	-0.0434904329	0.0857242259	-0.0988625994	-0.0083879507	0.0351573887	-0.1605513411	0.0328509192	0.1663350017	-0.0219546744	0.0523396928	-0.0791333315	0.0937390772	-0.0586938286	-0.144836961	-0.0129855939	0.0650990653	-0.0444546834	0.0323866835	0.137903437	0.0846714232	-0.0252453016	-0.0704635681	0.1274801334	0.0200985335	-0.0211142903	-0.1658036992	0.0098019461	0.0845768519	-0.123363171	-0.0826661086	-0.0146316739	-0.0047739311	-0.0346319114	0.1232426928	0.0457879008	-0.1269270172	-0.0495027885	-0.0540976392	0.0136790861	-0.0475585562	-0.233527373	0.0863974279	0.1396381572	0.0149311095	0.0039204636	0.0610875608	0.134779568	-0.2107121532	0.1532022061	0.1580013128	0.1538062904	-0.0363389739	-0.1356520523	0.1712638405	-0.1060873925	-0.1301910075	-0.0537326198	-0.0188551698	-0.1015764965	-0.0562800849	0.0141652429	0.02112201	-0.0384260723	-0.0135583527	-0.0489798267	0.0294134906	-0.0572763107	-0.1738229788	-0.0891236068	0.0752480798	0.0375640126	0.0835012653	0.0016361336	0.1432875709	-0.1021854566	0.0553751197	0.0723923192	-0.0769848152	-0.0643214268	-0.0956035423	0.0735698353	0.1450366967	-0.0123828278	0.0716266636	0.0781231085	-0.0132672732	0.0768171615	0.0593865812	-0.0204574262	-0.0630453469	-0.1511272599	0.0937442261	-0.0036906899	0.0715989179	-0.0065423453	-0.2435337589	0.1990797619	0.0748727318	0.0799334813	0.0316399054	-0.1121410182	0.1034414224	0.0366662233	-0.0446835199	-0.1082719048	0.0092823653715754	0.0064295233402872	4.133877038329916e-05	8.616230689142211e-05	-0.010065632911548	0.0135875585137341	0.00010131696591	0.0001846217463641	-0.0220297921914536	-0.0176498516457072	0.0004853117439986	0.0003115172631154	0.0003739602706355	0.0003509795166544	1.3984628401377645e-07	1.2318662111100973e-07	-0.0002730547570413	-5.320276160001181e-08	2.8305338418676917e-15	7.455890034288336e-08	-0.0002909486415733	-0.0001499521092129	2.2485635057397493e-08	8.465111203334859e-08
794.6429303019289	-0.2913629479679684	631457.3866788363	0.0848923674485851	1206.119389116003	3.532729258435665	12.480176013407409	1454723.9808015605	791.7396144735603	0.4934515394868413	0.2434944218219336	626851.6171267419	835.275395888438	782.1825319074449	1.05865	25.147015	0.0753410981192269	0.0393329696557404	0.0083766784	0.1027321275	0.0754551672	0.0750558516	0.1260398651	0.0247537837	0.0063397509	-0.1611503383	0.1595934492	0.003922183	-0.0284885203	-0.0737444564	-0.1512735878	0.0990011295	0.0333554534	-0.0088138288	0.0931390251	-0.1215635904	-0.0517414094	0.1589936707	0.0461142432	-0.0516975408	0.1434087082	-0.120675187	0.0964828474	-0.1464490998	0.0329638813	0.0431131035	-0.0623077315	0.062751353	0.0099138202	0.1642525067	0.0547745854	-0.2081355852	0.0858700623	-0.1188205935	0.0452239101	-0.1234911046	0.0043682936	0.0095950579	-0.1790413544	-0.036944132	0.0202248907	0.1156025317	0.2203155609	-0.0586395804	0.1870653508	0.0240029542	0.1199349002	0.0262628311	-0.0677804103	-0.1517196991	0.0390442027	-0.0404811946	-0.003503613	-0.1096972412	-0.072243179	0.0639840567	0.0339213067	-0.0007515523	-0.0228613058	-0.019655029	-0.1577728675	-0.0725939893	-0.0161211059	-0.0058728929	-0.0375916179	0.230872101	0.0244945153	0.0939437609	-0.0983813257	0.003751726	0.044689288	0.1055566816	-0.0147034564	0.0938996779	0.0606738982	-0.0703177524	-0.0071518715	-0.2224804331	0.057594141	-0.0540703801	0.0516905971	0.1377757916	0.0055836466	0.0734320183	-0.0849246384	-0.120352595	-0.0073773379	-0.1276468242	-0.0885204887	0.05916508	-0.0808892676	0.0585670803	-0.2356012616	0.0641974377	0.0350987441	0.1199885974	-0.0591150795	0.0159938105	0.0122849328	-0.0716254257	-0.0211963419	0.0556661323	-0.0838615859	-0.1281365121	0.0828506687	0.1480170365	-0.0776870084	-0.072179958	-0.1287402856	-0.1303656939	0.1484249362	0.1076703409	0.1351436296	-0.0018069612	-0.0015007074	0.0103640972	0.0465840079	0.0306263065	-0.010287155	-0.0924223231	0.0881731603	0.0521886611	0.0561688073	-0.0043893907	0.0161615629	0.1013839798	0.0301376669	-0.0540487397	-0.1150284477	0.0091844817270185	-9.788364455689916e-05	9.581207871741376e-09	8.435470459393674e-05	-0.000144589833269	0.009921043078279	2.0906219884757223e-08	9.842709576106768e-05	-0.0474366707859346	-0.025406878594481	0.0022502377352531	0.0006455094799146	0.0006483626442832	0.0002744023736477	4.203741185019034e-07	7.529666266349198e-08	-0.0006881296446328	-0.0004150748875915	1.722871623090964e-07	4.735224078224637e-07	-0.0003997772363723	-0.000108828594799	1.1843663045924935e-08	1.5982183872147385e-07
793.1036829083115	-1.5392473936174156	629013.4518427275	2.369282538758007	1203.136321242312	-2.9830678736909704	8.898693939047167	1447537.007492484	789.7833807433755	-1.956233730184863	3.826850407112983	623757.7884984355	833.7492720989634	782.0515384674072	0.994289	23.618195	0.0775228530499755	0.0435649080004455	-0.0446061589	0.1691047454	-0.0023791076	0.0610802596	0.077855505	-0.1131467257	0.1224875792	-0.171944723	0.065356224	0.1017080817	-0.0967238065	-0.0570054179	-0.18411912	0.06386385	-0.0658357536	0.0810412932	-0.0084366111	-0.0378069766	0.0527274189	0.1856332679	0.1080966313	0.0248580416	-0.0468490054	-0.1671741747	0.023414112	0.0045552145	-0.0918771036	-0.1627205822	-0.0440484559	-0.0832004329	0.145010287	-0.0316261461	-0.0044802297	-0.0130035829	0.030650944	0.0952252351	0.0923762562	-0.1124051709	-0.046551796	0.0229460398	0.2978853431	0.0218364385	-0.0910749021	-0.0427575942	0.0792011186	0.0658561092	0.1487953839	0.1385522043	-0.1218362963	-0.0956145105	0.0355838059	-0.134997314	-0.1425114338	0.0200237	-0.105408916	-0.087932148	0.099938587	-0.1063920132	-0.0296433154	-0.1131886989	-0.0214722937	0.0645359392	-0.1966204563	-0.058455368	-0.0079502903	0.0488950457	0.0151738206	0.0709317079	0.0437204338	-0.0170900903	0.1292452281	0.2472636484	0.0441741122	-0.0219019477	0.1042408022	-0.1074405244	-0.29931918	-0.0797865574	0.0680103976	-0.0764409326	0.0512243914	0.1594942113	0.1373340965	-0.0501537181	-0.0062959609	0.0422725237	0.0428290929	-0.1031323019	0.0439664499	0.0575097844	-0.0093062596	-0.0567020758	-0.1073346974	0.2978287407	0.1188447615	0.0902790725	0.0287363773	-0.0060189004	0.0401686319	0.0640552909	-0.11259578	0.1634366519	-0.0260956484	0.1319084572	-0.1676990171	-0.0087217416	0.0624186008	0.0837965233	-0.0574046225	0.0159382051	-0.0281541605	-0.0333286101	-0.0756292501	0.0554553769	0.1491527053	-0.0106657848	0.00307867	-0.1328954417	0.1322846996	0.0236711171	0.1812475429	0.1071868855	-0.0792163867	-0.040884195	-0.0025255205	0.0424107965	-0.2345329609	0.0992570537	0.0235265052	-0.063080731	-0.1205247148	0.0093055266474806	0.000121044920462	1.465187276967602e-08	8.659282618697154e-05	0.0381699489419844	0.0383145387752534	0.0014569450022336	0.0014680038815603	-0.0409687152686046	0.00646795551733	0.0016784356307599	4.183444857415962e-05	0.0004289638004483	-0.0002193988438349	1.8400994209504895e-07	4.813585267609085e-08	-0.0005140300025199	0.0001740996421129	3.0310685383839864e-08	2.642268434906085e-07	-0.0001408894455815	0.0002588877907908	6.702288822054102e-08	1.9849835876262452e-08
792.7564694997295	-0.3472134085819789	628462.8199336756	0.1205571510991162	1205.962008212475	2.8256869701629057	7.984506853348422	1454344.3652518657	790.0569030248033	0.2735222814278586	0.0748144384375006	624189.9100171435	832.8701765378955	785.4744695595333	1.03681	24.628214	0.0492552631460794	0.0265981939896879	-0.0119803063	0.1458619683	-0.1492982466	0.0295628733	-0.0239577542	-0.050278717	0.1711044825	0.0618690374	0.0136664531	0.0145551477	0.0181690802	-0.16303585	-0.0528331934	0.053173771	0.1097530813	0.0194904226	0.0245924198	-0.0911930292	0.014424526	0.0610867344	-0.0303613934	0.2591069469	-0.0628216245	0.0224975969	-0.0122112673	0.0778620931	-0.0452760628	-0.0009280185	-0.0517410189	0.166532998	0.1611699295	0.1082024601	0.0293354205	-0.0628525877	0.0763954321	-0.0806105934	-0.0669541878	0.0609739045	0.0483525259	-0.0766691046	-0.0392306185	0.1158724161	0.0821797466	-0.1447431302	-0.1378482943	-0.1013394969	-0.0648896354	-0.0009814625	0.0922413944	0.0457480296	-0.075095277	-0.0899543009	-0.0531111907	-0.0185560081	0.0832591669	0.1303213752	0.0069605766	0.0833976152	0.2222570304	-0.0779644596	-0.062825219	0.0302361556	-0.1163682356	0.1894945137	-0.0921654993	0.0270843306	0.1092726479	0.0602983563	0.115408516	-0.0022311224	0.114975891	0.101232837	-0.0310137449	0.118234374	-0.1205327467	-0.1237053611	0.0817208556	-0.162663181	-0.0181971625	-0.0928204048	0.0089876511	-2.46955e-05	-0.1534426596	-0.107039782	-0.0597425567	-0.0151493256	-0.1027872901	0.0675147855	0.0487510118	0.0127031909	-0.1654504545	-0.0336181387	-0.0502061506	-0.0648685209	-0.0347210916	-0.0273975166	0.0352421237	-0.037719688	-0.0202967156	-0.158480675	0.0299961216	0.0776035237	-0.1822350184	0.0187776805	-0.1625295323	0.1499936104	0.0719214656	0.0534735895	-0.0496748634	-0.0579598256	-0.0517310398	-0.0248259676	0.0387561892	0.0567345526	0.2387952349	-0.0031608725	0.0800952193	0.1034135108	-0.0518867464	-0.0112449018	0.0677286368	-0.040029494	-0.011577128	-0.0589768414	-0.0227351591	-0.1100339424	-0.1191036929	0.0970621018	0.016850859	-0.0717238087	-0.124700488	0.0257485818763143	0.0164430552288337	0.0002703740652584	0.0006629894686412	0.056027158863273	0.0178572099212886	0.0031390425302904	0.0003188799461729	-0.0311649571508425	0.0098037581177621	0.0009712545542138	9.61136732315863e-05	0.0003679667566507	-6.099704379760001e-05	1.3539953400003548e-07	3.720639352046334e-09	-0.0004720256624088	4.200434011110004e-05	1.7643645881689671e-09	2.2280822597246647e-07	-0.0001409128592367	-2.3413655200001148e-08	5.481992498245408e-16	1.9856433898262028e-08
793.0994065433005	0.3429370435709415	629006.6686593354	0.1176058158531778	1205.4163359297083	-0.5456722827666454	0.2977582401797617	1453028.5429262037	790.1880621818887	0.1311591570853352	0.0172027244873356	624397.1736147683	833.0889043942303	773.7039410784131	1.158184	27.511312	0.0871367462459834	0.0529483722887655	0.1813538847	0.0819840885	-0.0770873644	0.0767499892	-0.0618420458	0.1227270255	0.1379511961	-0.0121727184	0.0684566095	-0.0769921971	0.0887574699	-0.066033853	-0.0642656336	0.1117670237	-0.0292943519	0.1817483219	0.0684344201	0.221070842	-0.2039288276	0.0700814404	-0.020697622	0.094131733	-0.0287667517	0.0257789	-0.1827585118	-0.0667445368	-0.0165710578	0.0644417265	-0.0209667506	0.0875605024	-0.0752375767	-0.0425154705	-7.56896e-05	-0.0501285232	-0.0522177579	0.0557719391	-0.0531577302	-0.0556451611	-0.1391990226	0.1488234013	-0.0007981542	-0.079797224	-0.1665776155	0.0662337018	-0.0473429721	-0.0554813707	-0.2163400939	0.0243266758	0.0303491882	-0.001267286	0.0231551121	0.0302973113	0.2359148668	-0.079415847	0.0899651457	-0.0743178534	0.0546997234	0.0407853376	0.0691123021	0.0588425502	-0.1482221907	-0.1386106305	-0.1225351927	0.0821235258	-0.040230315	-0.0440007987	0.1295159523	-0.003506621	-0.0009135495	-0.1630377909	-0.0881174905	0.0450889623	-0.2438870971	0.0703795514	0.0321996232	0.0391220879	0.0214754151	-0.0814339444	0.1422940701	0.1069281031	-0.132851505	-0.0092369528	-0.071166869	-0.0122371683	0.0732635222	0.0108728677	0.1524661365	0.058211536	0.0171591757	0.1482176464	0.0584103384	0.1756302185	0.063299992	-0.06458188	-0.0187541093	0.0611675387	-0.1649566692	0.0679744318	0.0985537471	-0.0528961304	-0.1494165573	-0.1530083725	-0.1638977254	-0.1499811706	-0.1653491115	0.0185360272	0.1479957101	0.0115273081	0.1609580444	-0.0132308454	0.0038797842	-0.0142190565	-0.1280446661	0.1358522876	0.0420330388	-0.0855441741	-0.1252946474	-0.0819066117	-0.1282841908	-0.0913306775	0.0222112195	0.1398322241	0.0551103653	-0.0451547857	0.1477741532	0.0917824521	0.1332494638	0.0948006283	0.0101290257	-0.0799246852	-0.1275100165	0.0273970610558933	0.001648479179579	2.7174836055054605e-06	0.0007505989545003	0.0481719003236378	-0.0078552585396352	0.0023205319807904	6.170508672451176e-05	0.0156989314665523	0.0468638886173947	0.0002464564491915	0.0021962240563435	0.0001990312652283	-0.0001689354914224	3.96134445383779e-08	2.8539200262127785e-08	-0.0006879912278097	-0.0002159655654009	4.6641125438930426e-08	4.733319295430986e-07	8.956848212748891e-05	0.0002304813413641	5.312164871703579e-08	8.0225129906223e-09
793.8144582941784	0.715051750877933	630141.3941968799	0.5112990064335976	1202.6338068535988	-2.7825290761095403	7.742468059395011	1446328.0733871793	791.4393254274983	1.251263245609607	1.565659709813488	626376.2058331335	834.9565807674493	776.9106064807801	1.041576	24.741444	0.0787216954690274	0.044526912046178	0.1066300246	0.0620733971	0.0823326404	0.034980896	0.0415799426	0.0843947974	-0.0143701048	-0.0733740098	0.0369257701	0.1398736655	0.1216886093	-0.0930520095	-0.0151575914	0.0733040005	0.0822290038	0.0668853632	0.0852681072	0.2100517204	-0.0610880359	0.0648798447	0.0287619665	0.0073259242	0.0189108408	-0.169349015	0.0021830824	0.0113254514	-0.0715208258	0.0121761381	-0.1437972846	-0.0481136518	-0.0139548142	0.1842467936	0.0924616675	0.0749742464	-0.0016197509	0.0362776962	-0.1029382485	-0.055861391	-3.69141e-05	-0.1319286201	-0.0671212464	0.1562188374	-0.0093579473	0.1751446397	-0.0624404683	0.1370253771	-0.0515485326	-0.1194153472	-0.2404096932	0.0513055742	0.0898671566	0.0539053443	0.1275933725	0.0993122019	0.1240677764	-0.0106298967	0.0179670735	0.0220118639	0.0452955323	0.0319795305	0.085928614	-0.0846274068	-0.0843673846	-0.0184267527	-0.1261716433	-0.0143214213	-0.0403254429	0.121200385	0.0257558297	0.045667139	0.0717052791	0.0695204192	-0.0385706318	0.0857868435	-0.027208456	0.0280075789	0.036038918	-0.0475753522	-0.0156007957	-0.1002392724	0.0011411088	-0.0334898169	-0.0621752203	-0.0342233472	-0.2520143898	-0.1131410442	0.0368637338	0.0468407225	-0.0502129137	-0.070811357	0.1330068883	0.111281271	0.196776247	0.0344734229	0.0600019392	-0.074855198	0.0159138651	0.0877854244	0.0853896196	0.1484200176	-0.0588122998	-0.1283578104	0.1005083793	-0.0149413577	-0.1067609799	-0.0982791862	0.1031341737	0.1167831651	0.1491009638	-0.0441287245	0.0353184156	-0.1447743991	-0.0310620567	-0.0179623048	-0.0893244486	-0.0045796374	-0.2372057348	0.0508652642	-0.0705292709	0.0743217519	0.0221191509	0.1580680846	0.1226260547	0.0108491615	0.0663944708	-0.0014893192	0.0609903407	0.0924741833	0.0033794295	-0.0876327994	-0.1289225186	0.0258758938344101	-0.0015211672214832	2.3139497157149195e-06	0.0006695618817296	0.0121624362968617	-0.0360094640267761	0.0001479248566752	0.0012966814994956	-0.0010235293316114	-0.0167224607981637	1.047612292668879e-06	0.0002796406951461	0.000457951814016	0.0002589205487877	2.0971986396054506e-07	6.703985058452376e-08	-0.000688031836961	-4.0609151300019e-08	1.6491031693078346e-15	4.733878086719281e-07	-0.0001408424283856	-0.000230410910513	5.308918768347066e-08	1.983658963355286e-08
792.995898510204	-0.818559783974365	628842.4950540058	0.6700401199401591	1199.4145476645613	-3.2192591890375297	10.363629726202571	1438595.257149384	790.5039978260837	-0.9353276014145422	0.8748377219678807	624896.570579021	833.6833090407988	777.1532239261128	1.06653	25.33419	0.0512343511499762	0.0347503726555423	-0.048128195	0.0698038275	0.0793189345	-0.0447248436	0.0602849129	-0.0730831197	0.0140454517	-0.1133490062	-0.0529952184	0.1361816418	-0.0588747661	0.0588554358	-0.077850805	0.0395198875	0.0472983319	-0.172405665	0.170347415	-0.0803654776	0.1026720286	0.0424081595	0.090840022	0.0058564018	0.0268386545	-0.0989268297	-0.0887713652	0.1157167158	0.0465386504	0.0533242308	0.0205522422	-0.0775722729	0.0461766544	-0.0421507841	0.0484485804	-0.1091361608	-0.0843656885	-0.1623110918	-0.1206026166	0.0686709822	-0.0935601526	0.0549693513	0.0686058781	-0.0660963043	0.1195863079	-0.0391563809	-0.0464813565	-0.0180136178	-0.1371354011	0.1102902525	-0.0504343103	0.1628123596	0.0787456201	0.1315402655	0.0284763973	0.1090368988	0.0196161159	0.0762324009	-0.1184962972	-0.0488314937	0.0449134343	0.0923599992	0.0860189586	0.081976774	-0.0582283591	-0.056142572	-0.080433644	0.1181568583	-0.0247770936	0.0359605777	-0.0594011493	-0.0284443123	-0.0263994013	-0.0136268497	-0.0019668248	-0.0785062405	0.0298529361	-0.044022003	-0.0039834691	0.0574805383	0.0662804026	-0.009924396	-0.0162122011	0.1111701044	-0.1068894276	0.072584083	0.1214919385	-0.244469546	-0.0100290723	0.180515975	0.0955503888	0.1199020367	0.0023183611	-0.0434214192	-0.0360350257	-0.0194978182	-0.0434708277	0.0832145316	-0.084047932	-0.0312733842	0.0942631655	-0.0005521115	-0.034112374	0.1061499423	-0.0489830837	0.0914014075	-0.0550259699	-0.0188015114	0.0070900951	0.1563321048	0.1206542195	-0.0217982138	0.0435295064	-0.1056832302	0.0744933991	-0.1152701386	-0.1576642328	-0.1244014469	-0.2024974347	-0.1308645658	0.1464320551	0.1807463962	0.0073005208	-0.037003975	0.039384701	0.00095006	-0.1518994225	-0.1468793636	0.171792673	0.090084361	-0.0033794295	-0.0948006283	-0.1289225186	0.0200428611887559	-0.0058330326456542	3.4024269845267664e-05	0.0004017162846317	0.00231960742191	-0.0098428288749517	5.380578591779957e-06	9.688128026158297e-05	-0.0342310710483317	-0.0332075417167203	0.0011717662251159	0.0011027408268677	0.0004109517794112	-4.700003460479999e-05	1.688813650012316e-07	2.209003252852396e-09	-0.0006880290136914	2.8232696000930063e-09	7.970851234809324e-18	4.733839236811606e-07	-0.0001408585287642	-1.6100378600025474e-08	2.5922219106415822e-16	1.9841125125614962e-08
791.7193225510589	-1.2765759591451342	626819.4857007076	1.6296461794673194	1198.6319143092378	-0.782633355323469	0.6125149688648713	1436718.466000628	789.7789842741308	-0.725013551952884	0.5256446505153372	623750.8440010778	833.1757609465233	786.1071559588114	1.064494	25.285831	0.0724996581313544	0.0448069229617771	-0.134622179	0.0025667818	-0.0660183735	-0.0709278538	-0.0598736839	-0.1260341585	0.0053572612	0.0765316468	-0.058365634	0.0263846301	-0.0526210444	0.0425897671	-0.0184935217	0.0465017881	0.1849519046	-0.0297411167	0.0245361446	-0.0427645429	0.1141636275	-0.0388948642	0.0106315702	0.056298747	0.1123017636	0.0532649596	0.0243544775	0.0867098526	0.0164709484	0.0437538076	-0.0195760276	-0.1153793442	0.0258610348	-0.1273148841	-0.0955304307	0.0178310722	0.0602352592	-0.1545950168	0.145164673	-0.1462598206	-0.014178155	-0.085751147	-0.2051704575	0.0245957939	-0.063808907	-0.1107463879	0.153152192	0.0876056699	-0.033406223	0.040482825	-0.0166127975	0.0579507234	-0.0590321972	0.1660734849	-0.0060024971	-0.0525013971	-0.0603104051	-0.0688463291	0.091084814	0.0012160405	0.072873697	-0.1172757922	-0.031558242	0.1373489181	0.0435449372	0.1064376435	-0.0589282839	0.0496116287	0.0222161377	0.0243770985	-0.0293197174	0.0005259539	0.0930989224	-0.0267198858	0.2040820478	-0.0342845255	0.0531408984	-0.0351781926	0.112540048	0.0911228536	0.0110706646	-0.0043927499	-0.0269317872	0.0374116897	0.0895712156	0.147339279	0.1177102593	-0.0275422719	-0.0622345834	-0.2336021892	0.1252229889	0.0880319038	0.0256827226	-0.0275355329	0.0454054869	-0.0428064239	-0.0798628106	0.0615105595	-0.0400495811	-0.0075510139	-0.2351897901	-0.0316249156	-0.1036162809	-0.1448417885	-0.1605526759	0.0867985721	0.0289066318	0.1625293294	-0.0043163866	0.1129438168	0.0360571314	-0.1139435188	-0.0023046284	-0.0036742112	0.1066890225	-0.1150456298	0.0491493179	-0.019227025	0.1255282058	-0.0301521801	0.0632418376	0.0758331134	-0.0489207451	-0.1263273776	-0.0219958104	-0.1090651829	-0.059583092	-0.0705950765	-0.0302563511	0.0876327994	-0.0101290257	-0.1013839798	-0.1275100165	0.0249138995510236	0.0048710383622677	2.3727014726683623e-05	0.0006207023908384	0.034599934299706	0.032280326877796	0.0011971554535439	0.0010420195033373	-0.0644284629962825	-0.0301973919479508	0.0041510268440633	0.0009118824804581	0.0004249455305795	1.3993751168299992e-05	1.805787039594928e-07	1.958250717602974e-10	-0.0007770298434026	-8.900082971120002e-05	7.921147689282025e-09	6.03775377538269e-07	-0.0001408350907769	2.3437987300002454e-08	5.493392486750765e-16	1.9834522794137667e-08
793.5700928192705	1.8507702682115903	629753.4922171856	3.4253505856960027	1198.2061572785074	-0.4257570307304377	0.1812690492163988	1435697.995340127	790.6571990336365	0.8782147595056813	0.7712611638136216	625138.8063837155	833.1993481868229	785.0652934539886	1.24512	29.576384	0.0755068741214424	0.0431374039578666	0.0624048156	-0.1735866052	-0.1364792133	0.0945972876	-0.1051102793	0.0964861466	0.0452932048	0.1770776754	-0.0248570879	-0.2663600567	-0.0325252236	0.0409096219	0.004787236	-0.116943186	-0.0954982459	0.0084064536	0.1661630984	0.0865353304	-0.1062085153	-0.1481396396	-0.1874783485	0.077286404	-0.0924703282	0.0223164788	-0.1437503497	-0.134221022	-0.0981432351	0.0105462987	0.1193773212	-0.1048388359	0.0189159881	0.1046918415	-0.0616071392	-0.0389341361	-0.1143374872	-0.027206076	0.0637293049	0.031560748	-0.0792017013	-0.0482062228	-0.0214090587	-0.0026060457	0.0315235726	0.1316918767	-0.0385474668	-0.2034462901	0.0958987507	0.0589174589	-0.0792354959	0.1631079952	-0.0166303429	0.0008724413	-0.1447021179	-0.080283708	-0.0545300098	0.0658607444	0.1418108509	0.16183532	-0.1458363938	-0.0512682188	-0.0640088864	-0.088524968	0.1406048668	0.1177835774	0.0726139697	-0.1687178094	0.1515784721	-0.0457933917	-0.1144534732	-0.11512214	-0.1114565238	-0.0856853664	0.0019443626	0.0443390633	-0.1783601776	-0.0641162233	-0.0497734892	0.0952695084	0.0991257473	-0.0640043156	-0.0322858174	0.0711165436	-0.0153094467	-0.1439346014	0.1013557475	0.002161425	-0.1650231444	-0.0885321135	-0.0584669217	0.076092867	0.0633694459	0.0160380453	-0.2599211064	-0.0368151742	-0.0549093986	-0.1443678393	0.0648995642	0.0278761833	-0.0373613553	0.0985497913	-0.0830486998	-0.087856992	0.1720513333	-0.2091891464	0.0757267883	0.1484015318	0.135456573	-0.0817017806	0.149373298	-0.0313931882	0.0292506802	0.1152681736	-0.0926284227	0.1091113723	0.0337805903	-0.0810012901	-0.0040278553	-0.1184641724	-0.1747320505	-0.1114669596	0.0861467714	-0.1713299468	-0.0508778373	0.0509757727	-0.1234611428	-0.0728921683	-0.0954933364	0.0851211787	-0.016850859	-0.1073422654	-0.124700488	0.0256325579987475	0.0007186584477239	5.164699644849257e-07	0.0006570280295591	0.0545528547543057	0.0199529204545996	0.0029760139618443	0.0003981190346675	-0.0348334845668816	0.0295949784294009	0.0012133716470711	0.0008758627482367	6.49743242655452e-05	-0.0003599712063139	4.2216628137642165e-09	1.295792693751238e-07	-0.0008420022922503	-6.497244884770006e-05	4.221419109267e-09	7.089678601547597e-07	-6.097241014419555e-05	7.986268063270446e-05	6.3780477578413476e-09	3.7176347987919995e-09
793.6774368904781	0.107344071207649	629923.8738290389	0.0115227496234328	1200.0509861722903	1.84482889378296	3.4033936473364608	1440122.3694130864	791.0450021033079	0.3878030696713495	0.1503912208465215	625752.1953526223	835.0148039516549	788.3837494623093	1.194372	28.370928	0.1894801202236817	0.1077734589366381	0.0331872914	-0.2020986318	0.0329151146	0.0718313816	0.0337331916	0.1405488992	-0.0975567577	0.013641771	0.0384108543	0.1687682094	-0.0920461946	-0.1208449026	0.0158998167	-0.0346429194	0.0919520619	-0.0884000378	-0.1135560717	-0.0247211125	-0.0703695929	-0.0798835467	-0.0519111451	-0.0197684008	0.1122092932	-0.0002937312	0.0795574203	-0.1292752532	0.042174887	-0.1214222611	-0.0860638581	0.1305030108	0.0609279588	-0.0378261636	-0.1248287397	0.2920630894	-0.0135193789	0.1297886583	-0.0052078426	-0.104603188	-0.0354660161	0.0107883118	0.0842687242	-0.115123191	-0.0519675001	-0.1952971163	0.0179244693	0.0625620403	0.070497945	0.0794936374	0.1181191646	0.0067896814	0.0827271772	-0.1351888208	0.0689327455	0.0730517712	0.0350300261	0.15723377	-0.0558372842	-0.0391972666	0.0850141588	-0.0200041238	0.0452072838	-0.1082107087	0.102058874	-0.0442902828	0.1411778593	0.0185756363	-0.0309634618	0.0728916206	0.2882580764	-0.015888889	0.003752237	0.0057685991	0.1115955769	0.0048866414	0.2172976935	-0.0036762442	0.0446510235	0.2062095049	-0.0552484276	-0.0099266789	-0.0177366352	-0.1567355261	0.0474903674	-0.0108811062	-0.0324630777	-0.1180198577	0.0286763414	-0.0373337417	-0.0503482801	-0.1069997127	-0.0493464113	0.0693702779	-0.041553146	0.1007766029	0.0029497683	0.1111229533	-0.0564536275	-0.1831805266	0.1256108688	-0.1033082712	0.0804109703	-0.0206001264	0.0625127989	-0.0122633522	0.1610937473	-0.0611888466	0.118492969	0.0068970075	-0.0045467461	-0.1813407525	-0.0023834876	-0.1600519591	0.0198826329	-0.0341488314	-0.021001359	-0.0325475497	0.0767297003	-0.0600138304	-0.0397831332	0.0379280062	0.0529680524	0.0358212078	-0.0887866943	-0.0352923901	0.1235408532	0.0858742369	-0.1182266727	0.0825512202	-0.0235265052	-0.1126387502	-0.1205247148	0.0254000279280148	-0.0002325300707327	5.4070233794955666e-08	0.0006451614187439	-0.0188207954486898	-0.0733736502029955	0.0003542223413214	0.0053836925441115	-0.0705161769870272	-0.0356826924201455	0.0049725312168657	0.0012732545383507	0.0012909216381435	0.0012259473138779	1.6664786758270977e-06	1.5029468164045728e-06	-0.0011410885110194	-0.000299086218769	8.94525662575979e-08	1.3020829899804711e-06	-0.0001397638280933	-7.879141794910446e-05	6.208087542430459e-09	1.953392764329352e-08
794.0191405094607	0.3417036189825921	630466.3954953827	0.1167613632258005	1193.7629867878366	-6.287999384453769	39.538936258890985	1425070.0686246164	790.4673369684198	-0.5776651348880932	0.3336970080652789	624838.6108139453	833.3502784590846	775.895818681944	1.118725	26.574017	0.1378653433295883	0.0846953325498001	-0.1074481752	-0.0691493895	0.0639728164	-0.0828233499	-0.0455279858	-0.0406089072	-0.1577230418	0.0928987491	0.0852988373	0.1411981561	-0.0368878427	0.0763525397	-0.0314429393	0.0744941208	-0.048688104	-0.1075329293	0.0546707608	-0.0326018953	0.1360144103	-0.0651287721	0.0179082498	0.0040890009	0.1166021292	-0.0866275294	0.1530390306	0.0885514307	-0.0283230746	0.0103529071	-0.0168437233	0.0474862703	-0.1084744018	0.0094517767	0.0509555751	-0.0130495275	-0.0303718183	0.0021811032	0.1319385966	0.1086988834	0.1408246623	-0.0188678697	-0.0785450283	-0.0449745087	-0.0784662866	0.0193507995	-0.0843015775	-0.0045444012	0.1145665947	0.0269438019	-0.0191198271	0.2187879213	0.1658561716	-0.1409127679	-0.0424616428	0.0007745467	0.1536648648	0.0449643842	0.0198400892	0.141606262	0.1474062707	0.0334395649	0.0664391819	0.0999653937	0.1125348889	-0.0284190675	-0.0117010684	0.0105610629	-0.123021124	0.1102837635	0.0678879913	0.0728456299	0.0329161975	0.0849125151	0.0754750515	-0.0303397092	0.0452044909	0.0604242071	-0.0051135288	-0.0596428408	-0.0934663141	-0.1030020535	0.2025100142	-0.048685926	0.0034715344	-0.0018041234	0.137104902	-0.045143729	-0.175551166	0.0543088282	-0.0529759006	0.106186416	0.1581053122	0.0823726701	0.009061456	-0.023932067	-0.0893305235	-0.1509664039	0.050563387	0.0281478653	0.0810853998	-0.0028464508	0.063658658	-0.0226709251	-0.0070063373	0.1442862451	0.1001866136	-0.0052792367	-0.0065267797	0.0005682629	-0.1018816901	-0.2110921922	0.0057297585	0.0935833781	0.0167136939	0.0134560652	0.0709305209	0.0045783618	0.0554680996	-0.0526314233	0.1284200906	0.0372673043	0.0517357546	0.0716481233	0.157025905	-0.013716757	-0.1313038003	0.1355133593	0.018289495	0.0799246852	-0.0301376669	-0.1172407796	-0.1150284477	0.0363853063616943	0.0109852784336795	0.0001206763422654	0.0013238905190343	0.0554746525394875	0.0742954479881773	0.0030774370743768	0.0055198135917639	-0.1110429900796887	-0.0405268130926615	0.0123305456458378	0.0016424225794475	0.0010499203512868	-0.0002410012868567	1.1023327440461974e-06	5.8081620266585444e-08	-0.001141071118492	1.7392527399849242e-08	3.025000093545066e-16	1.302043297456584e-06	-0.0001399012250106	-1.373969172999872e-07	1.8877912883539522e-14	1.957235275946653e-08
795.379232635689	1.3600921262283237	632628.1237081375	1.8498505918282824	1203.3857212147814	9.622734426944817	92.597017851509	1448137.1940236194	791.8672927354435	1.3999557670236982	1.9598761496229111	627053.8093041605	834.7495702708991	801.1132142146429	1.096801	26.053246	0.0676792553447527	0.0426349416878744	-0.1053148117	-0.0010163828	-0.1427949481	-0.0998842005	0.2216088562	-0.0918720539	0.0700809066	0.0643710502	0.0558812372	0.017173921	-0.1191686845	0.105517906	0.1164232457	0.011225104	0.0343559949	-0.0734059388	0.0192568725	-0.0661566276	0.0562837238	0.0371503785	-0.0808094691	-0.0596900117	0.0897551679	-0.0396035751	0.0717781508	0.0683669156	-0.1011091127	0.1593478269	0.0596657018	0.0737784616	-0.1346871415	-0.0888246646	-0.0857379319	-0.024652929	0.1320023256	0.10467406	-0.0386232667	0.1495581938	0.0245770212	0.0900197261	0.0235703421	0.047238788	0.1254551637	0.0799656918	-0.1089245885	-0.0721093286	0.1369365097	-0.0621322177	-0.0144519576	-0.2069038245	0.1108747972	0.1871262668	-0.0238710529	0.0672256621	0.0254675609	0.0617242234	0.0219652425	-0.0313712925	-0.021858346	-0.2222494829	0.0329258284	0.0689279799	0.0170224023	0.085361009	0.0591047832	0.0098026033	-0.1240361479	0.037070128	-0.1841952181	0.0380493703	-0.0432382927	-0.0018619603	-0.040500223	-0.0767359665	0.003628236	-0.0503781635	0.0432946375	-0.0424942216	-0.0106003539	0.1202128923	0.1968453354	-0.0356276517	0.0344550514	-0.1248614304	0.1886148802	0.1651065565	0.0318555394	0.0227541001	-0.134356984	-0.0808690191	-0.044749154	0.0070354687	0.0719914495	0.1029382225	0.0899345025	-0.1313025387	0.099090046	-0.0363772885	0.0432846085	0.0474821764	-0.0712179291	0.1049241417	-0.1278964551	0.0532902418	0.0154268246	0.1558083499	-0.0598536113	0.0139115348	-0.1463052426	-0.0822318981	0.0617812073	0.1633855993	0.0386319977	-0.1547366574	0.1485982835	0.1280103814	-0.0491117707	-0.12024267	-0.0457452517	0.1555181151	0.0366771459	0.0752309407	-0.0908338497	0.1887665102	0.0563854208	0.0026200045	-0.1399198956	0.0772433738	-0.0366662233	-0.1211199807	-0.1082719048	0.0430442282197134	0.006658921858019	4.434124031120453e-05	0.0018528055830307	0.093648962058296	0.0381743095188084	0.0087701280945961	0.0014572779072377	-0.1110969508117918	-5.396073210310604e-05	0.0123425324796776	2.911760609103178e-09	0.0008070417237204	-0.0002428786275663	6.513163438255944e-07	5.8990027728538034e-08	-0.0011409699484934	1.0116999860001337e-07	1.0235368616726704e-14	1.301812423365032e-06	7.296024214084113e-05	0.0002128614671514	4.531000419786405e-08	5.323196933250171e-09
792.1062721428327	-3.272960492856328	627432.3463680154	10.712270387798336	1202.8055234868475	-0.5801977279338644	0.3366294034996185	1446741.1273304692	790.0973110534621	-1.769981681981335	3.1328351545494755	624253.7609339113	832.9694991533905	782.2694773134731	1.118198	26.561508	0.1148284769814691	0.0775186563704641	0.0972396247	-0.0429398645	-0.1242058871	-0.1162273784	0.0111720265	0.0723486412	0.1323162933	0.1366809556	-0.0966949717	-0.0850904204	-0.0309452437	0.1037051062	-0.010648699	0.0791819487	-0.0686911725	0.0220979166	-0.0614691465	-0.0442293448	-0.0625442162	-0.0404613786	0.0204279007	0.0625853692	0.1111328645	0.0553003891	0.1500876523	0.0677338486	0.2254101014	0.1199555061	0.038513979	0.067849304	0.0333737191	-0.0043381194	-0.1304191672	-0.1437159393	-0.0605163055	-0.059183736	-0.0145148138	-0.0410837799	0.0641127711	0.0656249378	0.1488910809	0.0198065113	0.0176257828	-0.0770211944	0.100871567	-0.0059099247	0.0356048867	-0.032183333	-0.096098241	-0.1580581096	0.1866267047	-0.0746395257	0.1659143326	-0.0318402916	-0.2303722706	0.0325366358	0.0377752857	0.1289001947	-0.0523837856	0.0011419694	0.0167936616	-0.0651339435	0.0022953909	0.172014407	0.011303968	0.1377027328	0.0493273057	0.1054086766	-0.0882957155	0.1215175622	-0.0937806476	-0.1718403915	-0.1032041197	-0.0199312246	0.1464572831	-0.0314455239	-0.1031928338	0.0741527402	-0.021986571	0.127388485	0.1071903517	-0.0796781328	-0.0022841978	0.0077547143	-0.1213120847	0.0060221732	-0.0924683116	0.0232830513	0.049575669	-0.0530765974	-0.0779668424	0.110213406	-0.0312812822	0.1982675584	-0.1341311563	-0.1521467275	-0.1047905111	-0.1888745012	-0.058280175	0.0616674345	0.0806681626	-0.0795895222	0.0735399922	-0.1436487399	0.0012168787	0.0984504324	-0.0641045983	0.0239052322	-0.1412009791	-0.1786960588	0.1433424863	-0.0157981545	0.1525494	-0.0816348007	-0.0283395252	-0.0642831975	0.0646264759	-0.0498770656	-0.0806565088	-0.0745576778	0.0824704836	0.0224109409	-0.1656064076	0.1402194947	0.010681608	0.075482152	0.092560299	0.0745091236	-0.0430942802	-0.1242524367	-0.1003291122	0.0389223452256288	-0.0041218829940846	1.6989919416923823e-05	0.001514948957863	0.0240194964285365	-0.0696294656297595	0.0005769362086804	0.0048482624838858	-0.0767229977086501	0.0343739531031417	0.0058864183774015	0.0011815686519369	0.0008710511479194	6.4009424199e-05	7.587301022917045e-07	4.0972063862875266e-09	-0.0011989622432828	-5.799229478939991e-05	3.363106254940659e-09	1.437510460817724e-06	8.502202824210812e-05	1.2061786101266984e-05	1.4548668395271743e-10	7.22874528640183e-09
793.4820801351793	1.3758079923466084	629613.8114956511	1.8928476318048053	1197.2461458896069	-5.559377597240655	30.906679268701275	1433398.3338475178	789.6255304034465	-0.471780650015603	0.2225769817291448	623508.4782649243	832.9848499125399	778.3543541544959	1.061018	25.203264	0.0406138077634184	0.0295129322149337	0.1080286951	-0.173586083	-0.0003971739	-0.0284380474	0.0031677535	0.1815618318	-0.093086687	0.0909929467	0.0397464808	0.0575048475	-0.0660638712	-0.0259050739	0.0521959994	-0.091165163	0.0030963686	-0.05160805	-0.0544616047	-0.0259183794	-0.0603578629	-0.15185291	-0.1287657713	-0.0069325269	0.0630931879	0.1892466709	-0.0815864148	0.0598585523	0.030281416	-0.0594418627	0.1384132973	-0.1255398583	-0.1697937747	-0.1160899346	0.1360004771	0.0553065141	0.0166067787	-0.1415285931	-0.1214676317	0.0583841632	0.0388135589	0.1389552883	0.1989442183	-0.0667065776	-0.0399715153	-0.11549757	-0.0113846686	-0.0103230697	0.1059110425	-0.0421266002	-0.0708052065	-0.0284063112	-0.0799382148	-0.1101657855	-0.2014808527	0.0965370989	0.0640486517	-0.0335143837	-0.085081698	0.0260395304	-0.003874632	-0.1265472587	-0.1524758181	-0.1376372679	0.1726571234	0.0343064598	0.0455468823	-0.0428767258	-0.0601695066	-0.0483316875	0.1105712483	-0.1291412574	-0.0096671094	-0.1076233995	0.0162271973	-0.2011248111	-0.0506095784	-0.0322593362	-0.0244427623	0.0393053118	-0.2274712699	0.0320361286	0.076609121	0.3214652332	0.0273241877	0.035471418	0.1339214038	0.0566551219	-0.0466606238	0.1505603702	0.1833710705	-0.0970640253	0.0434658286	-0.0158365853	-0.0352356428	0.0616034981	0.0560734319	-0.0837308277	-0.0539768611	-0.0636334651	-0.0256490002	-0.1152523044	-0.0830375935	0.0508809135	0.0825933582	-0.1417374395	0.0927852445	0.0389580419	-0.0001134392	-0.0405074166	0.0917688596	-0.1186655069	0.0479219142	0.1151401767	-0.0645440308	-0.0627123733	-0.0160214422	-0.0675387584	-0.1396460399	-0.1738438756	0.0561460199	0.0713067318	0.0098422483	0.129970414	-0.2038905537	0.0226896067	0.0524817549	0.1327502508	-0.0380553335	0.0717238087	-0.0494042187	-0.1266188352	-0.0912870929	0.0388772765628999	-4.506866272889487e-05	2.0311843601708773e-09	0.0015114426329482	0.0501819710248128	0.0261624745962763	0.0025182302159351	0.0006844750770008	-0.0903793882914385	-0.0136563905827884	0.0081684338279346	0.0001864970037496	0.0008710498480581	-1.2998612999772644e-09	7.587278378020391e-07	1.6896393991785845e-18	-0.0012109636206416	-1.2001377358800006e-05	1.440330585083174e-10	1.4664328905174128e-06	8.202722702971066e-05	-2.994801212397458e-06	8.968834301777288e-12	6.728465974183694e-09
792.408611183277	-1.0734689519023275	627911.4070774099	1.152335590698282	1194.5585956979303	-2.6875501916765643	7.222926032780737	1426970.238555811	789.2610325131055	-0.3644978903409992	0.1328587120630391	622932.9774436534	833.1451323814315	787.3479915268365	1.030171	24.470524	0.0302853081616456	0.015620078425779	0.0057033273	-0.1902434368	0.0532988756	0.0426904127	0.093945132	0.1310222217	-0.1023022759	-0.0002660804	-0.0964258657	-0.0045520534	-0.1144009902	-0.0002462271	-0.0194900463	-0.1255935582	0.0026352253	0.0561583013	0.0871892749	0.0189487963	-0.0111904795	-0.1664319411	0.0347875458	0.0802089872	-0.0689010891	-0.067137019	0.1543665886	-0.1485783354	0.0841712892	-0.0857622093	0.1254475885	0.1111570494	0.009727127	0.1666021273	0.10764949	-0.1584280871	0.0657871333	0.0368587634	-0.0645242218	-0.1358402326	-0.1460741406	-0.0610344124	0.0800522054	0.026507486	0.0147751903	-0.0476378694	-0.0296400315	-0.0738195534	0.0310559419	-0.0727589826	0.2102308119	-0.0116791168	-0.0843504506	-0.0456668821	0.1349754387	0.0899099762	0.0200429222	-0.1415939192	0.0050939035	-0.0747365419	-0.0801205267	0.0003316458	-0.1715582339	-0.0764060992	0.1606871673	-0.0352259098	0.1084327158	0.0876797375	0.1058767829	0.0019255577	0.0203732353	0.1082152325	-0.0270753442	0.0638642012	-0.1231546932	0.021054449	-0.131980082	-0.1148086822	0.0004638601	-0.1279782382	0.0469405848	-0.2458645732	0.0755199373	0.0991713261	0.0088726167	0.1192134995	-0.0458053283	0.0639785661	0.1475947079	-0.0253920849	-0.0098288316	-0.1143825072	-0.0300607822	0.0952569478	-0.1394869359	-0.0463385073	-0.015003263	0.1205988883	-0.0272383211	0.0314370474	0.057316487	0.0455096881	-0.0492223169	0.1034163701	-0.2652915248	-0.0631923412	0.1929333758	-0.0511680227	0.0579517153	-0.0358615203	-0.0372213861	-0.0821150643	0.0224867017	-0.0511771234	0.0113649783	-0.0452698619	0.1356222683	0.0689371299	-0.0431149418	-0.0196102311	-0.0463618603	-0.0573477642	-0.1577034932	0.0075268982	-0.0985438194	-0.0572883411	0.0752190207	0.0522105221	0.1349651202	0.0688893378	-0.0555787436	-0.1282045865	-0.0812449131	0.0331326188852614	-0.0057446576776385	3.3001091833250976e-05	0.0010977704341959	0.0502346682147134	5.269718990059957e-05	0.0025235218906423	2.7769938234198533e-09	-0.0995254003912649	-0.0091460120998263	0.0099053053230415	8.364953733017077e-05	0.000995982670259	0.0001249328222009	9.91981479456248e-07	1.5608210063081704e-08	-0.0011410168838776	6.994673676400005e-05	4.8925459839323164e-09	1.3019195292937485e-06	-2.9932037890992736e-05	-0.0001119592649207	1.2534877001584246e-08	8.959268923078247e-10
790.5762820495013	-1.8323291337757155	625010.8577392126	3.357430054483264	1193.2039586493308	-1.354637048599443	1.8350415334382095	1423735.686936434	788.9794056548722	-0.2816268582333805	0.0793136872784046	622488.5025475153	832.8767469010843	771.1586562537011	1.012853	24.059147	0.0945798375133229	0.0422483389992152	-0.0526620498	-0.1197178262	0.1313050589	-0.0024795917	-0.1521522674	0.0186610062	-0.1264791485	-0.0183548678	-0.1790951538	0.0649726704	-0.018043515	-0.0456750401	0.1605608785	0.0473821313	-0.124013813	-0.047970915	0.1455085537	-0.0335245024	0.0318823449	-0.1697950369	0.1060192018	0.0142305582	-0.093731153	-0.0451322564	0.0734717386	-0.1220359981	-0.0853775585	-0.0812589099	-0.022845337	-0.1578305663	0.0928317237	-0.0692075279	0.0680749465	0.050426266	-0.1505028821	-0.0124522207	0.0418330436	0.0976768148	0.0796276939	0.1607848558	-0.1878629803	0.0385708851	-0.1242492524	-0.0946178374	0.0229495227	0.0107333441	-0.004286706	-0.0118816361	-0.000368993	0.0468966471	-0.1133875227	0.1730984572	-0.0810988346	0.0648940197	-0.024504902	-0.0506576222	0.1914279689	-0.1118321024	0.059293887	0.0079380124	0.0328116424	-0.0060260687	0.1578616194	-0.1437539302	0.0512386389	0.0615837824	0.1140261118	-0.1303264392	0.0132948812	-0.0091532456	0.0072297619	0.0849759356	0.2020924774	-0.0288610979	0.0281545583	-0.062239809	-0.0314062484	-0.0720824256	-0.047367036	-0.0512220738	-0.1161396508	-0.0189018037	0.0996547169	0.0214590963	0.0350380056	0.0056774454	-0.1209767836	-0.0633261036	0.0403963018	0.1648751997	-0.0269748893	0.1578629369	0.134465198	-0.1583577484	0.198071691	-0.0148640625	0.062424246	0.03457753	0.0998339054	0.0260933007	0.0532112086	0.0635648071	0.1025386011	-5.04714e-05	0.1878453888	-0.1234709905	-0.0524116345	-0.1091492151	-0.0154308427	0.0001120411	-0.022271884	0.1308966339	-0.0324762745	0.0110579775	0.069235473	-0.1159274408	-0.0245059879	0.2115125977	0.0964642392	0.0055147339	-0.0262094256	-0.0433077523	-0.1879265351	-0.1184099556	-0.1720389827	0.1228703214	0.1800872423	0.0660076536	-0.0616009311	-0.1289999139	-0.0703125971	0.0147056472249715	-0.0184269716602899	0.0003395532845691	0.0002162560603053	0.0675874169568118	0.0173527487420983	0.0045680589308939	0.0003011178889063	-0.1098017242765792	-0.0102763238853142	0.0120564186541099	0.0001056028325958	0.0013213390329531	0.000325356362694	1.7459368400054336e-06	1.0585676274553473e-07	-0.001615135182712	-0.0004741182988344	2.2478816128962554e-07	2.6086616584341257e-06	-0.0002009332408749	-0.0001710012029839	2.9241411421943456e-08	4.0374167288490586e-08
793.567561738563	2.9912796890616846	629749.475043688	8.94775417819297	1194.2862850757356	1.082326426404734	1.1714304932940418	1426319.730720001	790.9119092478676	1.932503592995431	3.734570136940251	625541.6481901071	834.289927538252	779.5350015007314	0.983615	23.364641	0.0533068520470369	0.0273910469783153	-0.1053250368	-0.1128214694	0.1021362514	-0.0021629357	-0.1425761566	-0.0368542514	-0.1789288511	0.0715385064	-0.0400542652	-0.04779381	0.1194886635	0.0058933657	0.2022612248	0.0784923646	0.0458831362	0.059880311	0.0535430207	0.0559530971	0.0422438106	-0.1521724105	-0.0860768767	-0.1534127948	-0.0152799332	-0.0063593412	-0.0762758285	0.0919145161	-0.1013686561	-0.0176050906	-0.0130158001	0.0423491748	0.0212681189	-0.1244894342	-0.0600638279	-0.068012012	0.0668102239	0.0312045593	0.1036606434	0.1200267139	-0.0312859395	-0.0875578458	-0.0498553737	0.0643970568	-0.2177667071	0.0930754337	0.0364338533	0.028874109	-0.0613266547	-0.0817497035	0.1092415269	-0.1027897978	0.0302763538	-0.029078422	-0.0098328471	-0.0606333396	0.1329458307	-0.1301519761	0.0424741458	0.0853383954	0.0407086698	0.2194377582	-0.0243104866	0.041176381	0.182494734	-0.0736413312	-0.0605665398	-0.1051049702	0.0227413563	-0.0001649049	-0.0607239066	-0.1315033255	0.1404177788	0.0332630211	-0.0282069619	-0.0024012422	-0.0010194376	-0.0264680919	0.0811036895	-0.1919686929	0.0209446343	0.1196761899	0.0960873828	-0.0947423147	0.0210421217	0.0642862154	-0.0564853265	0.0426276574	0.1034273733	-0.1279533912	-0.0395564595	0.1031930279	0.0427388169	-0.093297496	0.021934195	0.0236160517	-0.0375688254	-0.0877254411	-0.0429757866	0.1481010474	0.0470816819	0.0169237493	0.0476504575	-0.1919039168	-0.0252825061	0.0307959838	0.1814527972	-0.0818352609	-0.0449921288	-0.1245621059	0.0461872036	-0.0099700748	0.0833572012	0.0530466831	-0.0475696773	0.0829411487	0.0630631443	0.0466593939	-0.1166230957	0.232288156	-0.0542937536	-0.0843340788	0.0896145277	-0.0231660656	-0.0510588798	0.0220283197	0.0862326107	-0.0411788983	0.0149745666	0.063080731	-0.0674542747	-0.1289999139	-0.0586099215	0.0270631189691101	0.0123574717441385	0.0001527071079071	0.0007324124083362	0.0700226805214612	0.0024352635646494	0.0049031757874106	5.93050862930892e-06	-0.1098860831393793	-8.435886280010185e-05	0.0120749512677145	7.116417732926408e-09	0.0009920206711973	-0.0003293183617558	9.841050120827414e-07	1.0845058338952405e-07	-0.0014049886151226	0.0002101465675894	4.4161579869606266e-08	1.973993008624121e-06	2.8196987288877523e-05	0.0002291302281637	5.2500661458384746e-08	7.950700921691205e-10
794.5739955680933	1.0064338295303514	631347.8344330444	1.0129090532231284	1195.1036902894366	0.8174052137010221	0.6681512833856137	1428272.8305434296	792.4490796113251	1.5371703634575624	2.3628927262922543	627975.5437768364	835.5712339086551	782.0233462538038	0.932044	22.13962	0.0565851586455963	0.0348334554952557	-0.0946124117	-0.1244621371	0.0847013842	-0.0274700622	-0.0019587604	-0.024468189	-0.1655302389	0.0430526836	0.1089055243	-0.2111614949	-0.062156886	0.0431823747	0.1573425405	0.0772383881	-0.0896369845	0.0925986366	0.1635090185	0.1605942332	0.0584869678	-0.0124264724	-0.0568304695	-0.1363571109	0.1433251993	-0.0054762631	-0.029098946	-0.0567696694	-0.0357785925	-0.1604041531	-0.0129022491	-0.0314165227	0.2825937235	-0.0929542278	0.154523992	-0.200180676	-0.0750064353	0.2133223124	-0.0518711291	0.0842029852	0.1235899737	-0.064846599	0.0244358477	0.0943045243	0.0432736137	0.0250295984	-0.0685422269	-0.0478965049	-0.1111757577	0.0258106167	0.0257903532	-0.0120469351	-0.2743300132	-0.0234418342	0.0944562401	0.1039997473	0.0053888292	0.0320592386	0.0209185101	0.0894248599	-0.1180788468	0.0247579782	-0.0843786906	0.0405719778	0.1057703447	-0.1103708146	0.0520422756	-0.1438419286	-0.059815407	0.1343381944	-0.0554978059	-0.065817646	-0.1188966246	0.0238389562	0.0143805314	-0.1024508602	-0.0812033682	-0.0926884945	-0.0501172821	-0.2485001794	-0.0402948268	-0.0256845546	-0.099236339	-0.05708313	-0.085541251	-0.0809022953	-0.2177490214	0.0951683753	-0.0311299037	0.0323528496	-0.0580302678	0.0836078993	-0.0096878787	-0.1230342541	0.0028846555	-0.228226351	0.0733231441	-0.0525355774	-0.0800759379	-0.1047300894	-0.0113025753	-0.0327855684	0.0832834923	0.1281422019	-0.0113409892	0.0349186275	0.1942739692	-0.0632730447	-0.044852479	-0.1021961865	-0.0471713512	-0.0398234802	-0.0065020446	-0.0344519147	0.0914084874	0.1022076945	-0.0112149269	0.0607311491	-0.1210843425	0.0754996961	0.0300915974	-0.0024270066	0.1001937087	0.0837336453	-0.0212716234	-0.079613951	-0.0593098111	0.0374146232	-0.0243231847	0.0601105761	-0.0731227308	-0.1282045865	-0.0462651033	0.0290475278458473	0.0019844088767372	3.937878590073397e-06	0.0008437588739552	0.0414312747780627	-0.0285914057433984	0.0017165505297353	0.0008174684823836	-0.1267396139761132	-0.0168535308367338	0.0160629297508141	0.0002840415016647	0.0011380207278713	0.000146000056674	1.2950911770647232e-06	2.131601654881121e-08	-0.0014419815712978	-3.699295617520001e-05	1.3684788065802688e-09	2.0793108519624723e-06	2.8320238214212977e-05	1.2325092533545378e-07	1.5190790596045597e-14	8.02035892509769e-10
792.5758238272463	-1.998171740847056	628176.4365154381	3.9926903059197536	1199.9170644557223	4.813374166285712	23.168570864666677	1439800.961572038	790.4376142249366	-2.0114653863885223	4.045993000639127	624791.6219816097	834.4039642326309	793.9326237014362	1.01302	24.063126	0.0488892151309475	0.0280023659526786	-0.1463653123	-0.1205528145	0.0417707114	0.0778229087	0.0957376793	-0.0837432389	-0.0511926379	-0.0690562025	-0.0660308217	-0.1015607022	-0.2401024219	0.016468195	0.0764683825	-0.0507614749	-0.0696243253	-0.1491911236	-0.0690185814	0.215771228	0.0481547325	-0.1565561946	0.0772255414	-0.1305429619	0.0218054462	0.0539666351	0.0401015817	-0.0337958314	-0.047638736	-0.1626529059	-0.0440644852	0.1521684574	-0.0244837472	-0.1861378897	-0.0160616754	0.0373516325	0.035750906	-0.0413702559	0.0089024413	-0.1313066712	-0.0076319914	0.0541505912	-0.0922509761	0.0123114374	0.061758342	0.0760682472	0.0237546691	-0.1926279253	-0.0781120139	-0.0658947379	-0.0508018307	-0.0545588138	0.1043703975	0.1048978751	-0.0466483395	-0.0111364079	-0.0486084225	0.0256732882	0.1008761232	-0.0449438129	-0.0933204695	0.0781424527	-0.1375246429	0.0500152315	0.0762117276	-0.1341165286	0.2251940906	0.175086747	-0.017645135	0.0161076011	-0.1483569379	-0.1821855316	0.0139685253	-0.1197098878	0.0220459817	0.0670929561	0.056478082	0.0282509263	0.0295942566	-0.0032038947	0.0869799915	0.0545907249	-0.0246939642	-0.0459216234	0.0685866945	-0.1614457423	-0.1039564641	0.0425609867	0.0320736732	0.0939943363	0.1227785293	0.0832942948	-0.0007498838	0.0058248698	0.0058455252	-0.0055137902	-0.0798442362	0.1871006841	-0.0355361731	0.0877568023	-0.0854822828	0.0526608071	0.0477912978	0.0952921214	0.1030614933	0.0631157876	0.1926847312	-0.0509743929	-0.0438496799	-0.1327899638	0.0066013325	0.1029848942	0.0645262119	-0.0376703726	-0.006966968	-0.0125233825	0.0419900655	0.1638001466	-0.0361508239	0.090066312	0.0773857464	-0.0393713076	-0.0042589583	-0.0584493702	0.0576495554	0.1072912506	-0.1418829239	-0.1698092765	-0.0293836372	0.0570992244	-0.0785907625	-0.1266188352	-0.033413395	0.0308466917543484	0.0017991639085011	3.2369907696529552e-06	0.0009515183921877	0.0662019203365531	0.0247706455584904	0.0043826942562473	0.0006135848813843	-0.1313566029759414	-0.0046169889998282	0.017254557145379	2.1316587424534685e-05	0.0009570236998017	-0.0001809970280695	9.158943619821344e-07	3.275992417002755e-08	-0.0016149850728062	-0.0001730035015084	2.9930211534166983e-08	2.6081767853868474e-06	2.827243450965604e-05	-4.780370455693823e-08	2.2851941693670365e-15	7.993305531027897e-10
791.6615037763071	-0.9143200509391818	626727.9365613639	0.835981155549428	1200.1396663584608	0.2226019027384609	0.0495516071027832	1440335.2187669976	789.7908962632101	-0.6467179617264947	0.4182441220196718	623769.6598202448	833.4626842974657	787.1188991942576	1.013727	24.079903	0.0380687205898831	0.0263416971586813	-0.0797358246	-0.0689572369	0.0003394986	0.1712928732	-0.1111020484	-0.0967133727	0.0462603137	-0.037177239	-0.2335223228	-0.1276857585	-0.0777781309	-0.0508664676	0.0388363852	-0.0915892755	-0.0789785066	-0.1420601694	-0.0355174245	0.0886383698	0.0233422044	-0.0215456559	0.0648276712	0.0309560477	-0.1392834768	0.0265543281	0.0560878248	-0.0372526385	-0.0982255954	-0.1701719545	-0.0358153541	0.0158109816	-0.0458482835	-0.0094574911	0.0275197279	-0.0021987751	-0.0683219174	-0.0108398964	-0.1937474637	-0.0074768405	0.0499889932	-0.0051185685	-0.0013957435	0.0369681441	-0.1111716407	0.0659590913	-0.1053763653	0.0404225185	0.0616127278	0.0615979648	0.05479591	-0.034366659	0.0430104121	0.1374348173	0.032239631	-0.1484403176	-0.0745540774	-0.1255855674	-0.296736078	0.0762179176	-0.0398666912	0.0839099072	-0.0517408816	0.0476596105	0.0143382803	-0.0498395857	0.1593800331	0.0854013952	0.1566499313	-0.1937285645	-0.1210098409	0.0260918742	0.0814731627	0.0198328788	-0.0243727774	0.1325809948	0.0753595256	0.0686386473	-0.0974816695	-0.0405038612	-0.2013723975	0.0350665041	-0.1463067485	0.1015126247	-0.0099594358	-0.0713756388	-0.0265311866	0.1084061723	0.0980407045	-0.0563176864	-0.020836345	-0.1741451811	-0.00436515	0.1071505726	-0.0357570753	-0.033406797	-0.0624553347	-0.0267375017	0.0430854426	-0.1415423713	-0.0503953526	-0.0729337613	-0.2118891098	-0.1531997675	0.0599093794	0.0345392949	0.0977359267	-0.016817081	0.0806131503	-0.1862682453	-0.0074601913	0.1451920357	0.0651054383	-0.0969956347	0.1191007427	-0.094901254	-0.0372171727	-0.0578701187	-0.0387911561	0.0788704161	0.1821662057	-0.1359996334	-0.0612724548	0.0368005175	0.174297474	0.0485619255	-0.0049549435	-0.0731305604	-0.0951064779	0.0540487397	-0.0838433825	-0.1242524367	-0.0201956026	0.0364262992345345	0.005579607480186	3.1132019632948675e-05	0.0013268752759238	0.0412236641590197	-0.0249782561775334	0.0016993904866956	0.0006239132816704	-0.1266482546715366	0.0047083483044048	0.0160397804113463	2.216854375559163e-05	0.0009010231735964	-5.600052620529999e-05	8.118427593577284e-07	3.13605893527049e-09	-0.001614990016699	-4.943892799921107e-09	2.4442076017111758e-17	2.6081927540374364e-06	2.8227732052578467e-05	-4.4702457077570955e-08	1.998309668772073e-15	7.968048568321658e-10
792.8657825482268	1.2042787719196897	628636.1491358121	1.4502873604963955	1197.325323551259	-2.814342807201683	7.920525436447851	1433587.9304171272	790.011019227335	0.2201229641249256	0.0484541193351432	624117.4105006128	834.5160141010399	783.8178717777843	1.040744	24.721663	0.0592451643219893	0.0338099100387394	-0.0887056099	0.0905005317	0.052615004	0.124214318	-0.141786464	-0.1310848329	-0.0669672969	-0.0007958616	0.012401712	0.0577494901	0.0733593504	-0.1447884753	0.0314903983	-0.195960842	-0.1235560745	-0.0207560052	0.027844506	-0.0863569485	0.152153593	0.0656056878	0.0585385347	-0.0512264726	-0.2646026181	0.1273501222	-0.0294145492	0.0451751516	0.1047239855	0.0411366241	-0.1047498972	-0.0007313321	-0.0446876162	0.0051664707	-0.1929768449	0.0633170462	0.0883951789	0.2160009666	0.1096770435	0.1860937759	-0.0173465003	0.0865510014	0.0141828695	-0.1184426653	0.0394735142	-0.09544558	0.0506231418	0.1893036712	0.0550975691	-0.0231369803	-0.0389781099	0.0247257473	-0.0396973464	0.0906508488	0.1249608894	-0.0084676639	0.0669284423	-0.0048420272	0.063165818	0.1138167131	-0.0333065942	0.0050160887	-0.072667348	0.1628303839	-0.0297630893	-0.1531140023	0.0267341355	-0.1072805211	0.0624431667	-0.2701876122	0.1413367703	0.109963526	0.0380333278	-0.0966634027	-0.206788446	0.0579260852	0.0794786376	0.1051898187	-0.115366996	-0.0641676112	-0.0161370965	0.1675607993	0.1018913259	-0.1183860099	0.2337411243	-0.0445671104	0.0732671432	-0.0321167036	-0.0818029308	0.0500915473	-0.0778742286	0.0038823758	-0.0156472866	-0.14460808	0.019417597	-0.1718516354	-0.0100407163	0.0791339904	-0.0984532907	-0.0493791526	-0.035546011	0.042892852	-0.0069683569	0.0250471373	-0.1220231932	0.1234372337	-0.0546439466	-0.0595388227	0.0035938799	-0.2280580202	0.0206768803	0.1023423159	0.059611996	0.1587786267	0.1127459159	-0.0936862095	0.0242710064	-0.0883685298	0.0297301178	0.0872817783	0.203846814	-0.0721413743	0.0423817301	-0.0582106081	0.2437137857	-0.1316470759	0.0736318841	-0.1966481676	-0.100973435	0.0509612127	-0.0888661936	-0.1211199807	-0.0067565429	0.0369406741932607	0.0005143749587262	2.6458159816458054e-07	0.0013646134098526	0.0707653426235879	0.0295416784645681	0.0050077337166337	0.0008727107665039	-0.1357742694897155	-0.0091260148181789	0.0184346522554658	8.328414646162089e-05	0.0007317106892963	-0.0001693124843	5.354005328304666e-07	2.866671733987159e-08	-0.0016149037456276	8.627107139997163e-08	7.442697760499e-15	2.6079141076420523e-06	0.0002600908982914	0.0002318631662388	5.37605278582914e-08	6.764727537402738e-08
793.5806690907826	0.7148865425558597	629770.2783545742	0.511062768727471	1207.4311089698303	10.10578541857126	102.12689892620747	1457889.8829081142	791.6219766349764	1.6109574076413082	2.595183769234404	626665.3538914671	836.9864134644598	799.7549375267256	1.131	26.865602	0.0893952263340146	0.0553787264806888	-0.0552638826	0.1074227705	-0.0948242722	0.1585275526	0.0164493478	-0.153394334	0.159799587	-0.1163884803	-0.0736663493	-0.0860992903	-0.0555269915	-0.0007972593	0.0260978642	-0.2437856191	0.1299220539	-0.1924021137	-0.0934567373	-0.0963521797	0.0693914293	0.1283315624	-0.0657707166	-0.2052133906	-0.0869204677	-0.001369379	-0.031882411	0.0008402453	-0.0064748065	-0.1479686205	0.0661243049	-0.0791089025	-0.1636774353	0.0887965929	0.0343454185	0.07379485	-0.2642550105	-0.2027366262	0.0449684133	-0.0094518695	0.076135441	0.010538215	0.0116468413	-0.1284803243	0.1194527428	-0.0684520112	0.1317188118	-0.0929458135	-0.1451187901	-0.0642921889	0.2135424828	-0.0397258669	0.0825674453	0.0734991064	0.042176391	-0.0181784643	-0.0483060796	-0.0210454792	-0.0484267619	-0.2777684368	0.009696956	0.1718861449	-0.0363392203	0.1048101472	-0.1426054848	-0.0835457914	0.1856877111	-0.088860021	0.0129741963	-0.1536847944	-0.1304687478	-0.047229815	0.0522048687	0.0137958856	-0.022528742	-0.0723615595	-0.2377350135	0.0141674621	0.0894290826	0.3054553356	-0.01877507	0.0513897524	-0.0062700954	0.0214714324	0.0562083475	0.0724478143	-0.0395104201	-0.2032351979	0.0940053496	0.0710229267	-0.0035722602	0.0921817625	-0.1684398696	0.1761220446	-0.0164439853	0.1472546918	-0.0891466099	0.1261411846	-0.0969147919	0.1293291987	0.066737596	-0.077790339	0.1521461537	-0.0329466321	-0.0206363653	0.0086371721	-0.1057198991	0.056424169	-0.0563236602	-0.2435228156	0.1100148547	0.1470345612	-0.0723149846	0.217449387	-0.1889078938	-0.1124648797	-0.0093173279	0.0184696366	0.0734099708	-0.0180460679	-0.034105249	0.2310769391	-0.2084642092	-0.0600942816	-0.213550212	0.1405060284	0.1191128965	-0.1444280979	0.0193219389	0.0478387595	-0.0936454286	-0.1172407796	0.0067565429	0.0438358276640826	0.0068951534708219	4.754314138618734e-05	0.0019215797869951	0.1234364572785864	0.0526711146549985	0.0152365589854882	0.0027742463189999	-0.1440075018246247	-0.0082332323349092	0.0207381605817692	6.77861146805947e-05	0.0004051257653043	-0.000326584923992	1.641268857133948e-07	1.0665771257886045e-07	-0.0016149696237568	-6.587812920004489e-08	4.339927906897805e-15	2.6081268856571803e-06	0.0001548271829469	-0.0001052637153445	1.108044976812793e-08	2.3971456579272842e-08
792.8211121648	-0.7595569259826789	628565.3158942303	0.5769267238082567	1206.677910792574	-0.7531981772563086	0.5673074942222256	1456071.5803947314	791.9420107408799	0.3200341059035736	0.1024218289414997	627172.148376308	835.599399501409	782.6488687598279	1.198432	28.467358	0.2118570387691307	0.182863546507148	0.1024419656	0.0098938521	-0.0540881377	0.0541673187	-0.1726740823	0.0731759643	0.085014269	0.0609019385	0.0347905162	-0.2808367712	0.204207984	-0.0803898843	-0.0932858813	0.03083393	0.1562107233	-0.2587561104	-0.0699156592	-0.0384577635	-0.1354227823	0.0376366987	-0.2042583428	-0.0659428033	-0.123480584	-0.0453079786	0.0967566958	0.0898803552	-0.1397089419	0.0807068624	0.0466506196	-0.2293503029	0.0081001343	0.151632657	-0.05864751	-0.1680509899	0.2676027242	0.1002741513	-0.0207590282	-0.0210537238	0.0769678139	0.2116157805	-0.0687358967	-0.0592244276	-0.0516552232	0.0080261972	0.084008164	0.0431672904	-0.2798230973	0.1027025088	-0.0285880789	0.0453328469	0.0535830144	-0.0397406493	0.0051671092	-0.1303100524	-0.0045101407	0.1101253648	-0.0364887646	-0.1191605064	0.1500666827	-0.0357769124	0.0919780282	-0.1199057107	-0.0454331849	0.113579333	-0.0491250661	-0.2564874547	0.159860652	0.0083137559	-0.2454907406	0.0434845247	0.1335952177	-0.1447509562	0.2549981673	0.0567305233	-0.0412943306	0.2090424992	-0.2039663888	-0.1055738452	0.0192450098	0.0043140281	0.0788032314	-0.1197713056	-0.009362081	0.1506543326	0.0279768104	-0.1321337805	0.0824207573	0.0019502959	0.0924351051	0.0081166511	-0.0707403066	0.0062570853	0.1955347964	0.0934712973	0.1657407354	0.1032146576	0.0348456819	-0.0048964966	-0.0148863606	-0.180083031	0.0537752967	0.0739721102	0.0433925084	-0.1116928647	-0.0672812585	0.0288207997	-0.0680449596	-0.185831624	0.1207520749	-0.0693959459	-0.0362053449	-0.1759066263	0.1870590355	0.0620127541	-0.1690990887	0.1128282944	0.2233709417	0.0450377814	0.0136705247	0.0767018003	0.0979882391	-0.165806644	-0.0240499845	-0.1702623714	0.2427982951	0.0088527543	0.0871734195	0.0446835199	-0.098167988	-0.1126387502	0.0201956026	0.03909575292883	-0.0047400747352526	2.246830849578006e-05	0.0015284778970721	-0.0587554109116155	-0.1821918681902019	0.0034521983113927	0.0331938768346359	-0.1303171690719935	0.0136903327526312	0.0169825645549385	0.0001874252108777	0.0004167737809102	1.164801560589999e-05	1.737003844541834e-07	1.356762675552897e-10	-0.0015909270888134	2.4042534943400067e-05	5.780434865046132e-10	2.53104900192028e-06	0.0003438318942185	0.0001890047112716	3.5722780882860884e-08	1.1822037148188177e-07
793.7496582496551	0.9285460848551566	630038.5199714443	0.8621978316998395	1197.851472310817	-8.826438481757123	77.90601627224298	1434848.1497171917	791.1343384489543	-0.8076722919256554	0.6523345311444411	625893.5414730646	835.2148055684878	783.7430251723245	1.026874	24.39221	0.1631063308601798	0.1062638938290192	0.1139179737	0.0323901291	-0.0353328747	-0.0370623874	0.0136823547	0.0680141883	-0.0113070054	0.0302828867	0.1760296501	0.0049210968	0.1478652213	0.0207820838	-0.0550281537	-0.2519968458	-0.0759568022	-0.102088957	0.085383412	-0.1008504258	-0.0748270627	0.1157359861	-0.0357373765	-0.0420032667	-0.1030982086	0.0170794432	-0.0170963491	-0.1243019899	0.0983024122	0.0321516246	0.0736955759	0.0500588743	-0.0448173451	-0.0381522461	0.0141975582	0.0223321745	0.0645454044	0.0256989298	-0.0024881404	0.1919940666	0.0296732572	-0.0408851479	0.110251047	0.0675089988	0.0434396674	0.0410418413	0.164410013	0.0621866223	-0.0678487743	0.1940666426	0.0177996701	0.1089140433	0.0604789491	0.0202455127	-0.174287944	-0.0233064589	0.0183833725	0.0609773456	-0.0182320339	-0.1873972333	-0.0036877092	-0.16407204	0.0023631546	-0.0691836777	-0.061480374	0.008286701	-0.0735287172	-0.1870175802	-0.1036661567	-0.1068907911	0.0426749394	0.0367840894	-0.0458181753	-0.1402080754	0.0297344315	-0.0159208104	0.148338554	0.1265921415	-0.0351606019	0.0921912391	0.0227457252	-0.1365778849	0.0728679312	0.064875999	-0.175152333	-0.0115907488	0.1074296718	0.0631469345	-0.0688916029	0.0484568693	-0.1143700134	0.0899216456	-0.1263809206	-0.0910705885	-0.0023700297	-0.0130940525	0.024498509	0.205299151	0.174518066	-0.1074068873	0.1133291497	-0.0366413822	0.0820583608	0.0031430076	0.0790338181	-0.0427957729	-0.0904636909	0.0697614549	-0.1161405048	-0.1693539671	0.0192492911	0.0132164659	-0.0492370947	-0.1255296582	-0.0064411164	0.0252691445	-0.0539819033	0.0491111011	0.1541016235	-0.1103442881	0.0819460911	0.0822448856	0.0954090666	0.0539321752	0.1356296398	-0.0070864895	0.039013536	0.0046386503	0.0950213315	0.0414976565	-0.1024214758	-0.1073422654	0.033413395	0.0394586369238112	0.0003628839949812	1.3168479381351773e-07	0.0015569840278851	0.0392229745399816	0.0979783854515971	0.001538441731764	0.0095997640157017	-0.143674927614235	-0.0133577585422414	0.0206424848249556	0.0001784297132728	0.0009149214435409	0.0004981476626307	8.370812478509644e-07	2.481510937844298e-07	-0.0020558165112931	-0.0004648894224797	2.161221751335091e-07	4.226381528105333e-06	0.0004089408665353	6.510897231680002e-05	4.239178276149831e-09	1.6723263232264206e-07
792.8922135259946	-0.8574447236604783	628678.0622701515	0.735211454133194	1202.270714358066	4.419242047249099	19.529700272174413	1445454.8706030543	790.728235152813	-0.406103296141282	0.1649198871368138	625251.1418678823	835.5072694179757	788.995645071779	1.003792	23.843912	0.0848293357148261	0.048326207924528	0.029019233	0.0925711844	-0.0524220296	-0.1036298906	0.0261606821	-0.03239895	0.0742940949	-0.098096084	0.0107061834	0.0944203171	0.0704091217	0.0427153147	0.1468197446	-0.2059699934	-0.0578768348	0.1807688612	-0.0864440416	-0.1168095733	0.0607373198	0.1322832171	0.1295946187	0.0088066597	-0.1123716076	0.1778944201	-0.161246265	-0.0116024581	-0.1771676509	-0.0372826276	-0.0245235606	0.1168945544	0.0092385501	-0.0548243348	-0.0357121406	-0.0498087081	-0.1312866256	0.0880820736	0.1557146812	-0.1170097035	0.0486686559	-0.1383754671	0.0959141199	0.0572833989	0.0035871023	0.0545182188	-0.0595228074	0.1364498024	-0.0354990086	-0.0189861768	-0.0116213181	0.0104628511	0.0245513735	0.0517235727	-0.104126397	-0.0933049094	0.0043679168	-0.009731336	-0.1103764672	0.1756409904	0.1295265094	0.0071669324	0.0999825635	0.0330529769	-0.1151296366	-0.0302652596	0.0063089716	0.0632961787	-0.1730946682	-0.1845673921	0.0763055004	-0.1019660243	0.0461440263	-0.0508262893	0.1319539092	0.1792273248	-0.0364614958	0.0057056134	0.0142842263	0.0149644902	0.1337579169	0.0024737073	-0.0059863119	0.2216594578	-0.0190860957	-0.0489975336	-0.2300679831	-0.0038439163	0.0609235693	-0.1517779211	-0.2107781203	0.0037845199	0.0718785666	-0.0597877546	-0.0311800132	-0.082333011	-0.023275498	-0.1282531682	0.0351956167	-0.0930918643	-0.116257045	-0.0547422036	0.061755547	-0.0756969825	0.1135280392	0.0560836494	-0.0608317281	-0.0001213044	-0.1559776495	-0.1017726874	0.0789311716	0.1300621853	0.1498631681	-0.0904324271	-0.1037020517	-0.0067818741	0.0687825085	0.0808383049	0.0265058413	-0.1040568001	-0.1009163258	0.0679567463	0.0078598235	0.1421734719	0.2266491277	-0.0731547788	-0.1712872538	-0.0103964627	0.0668742455	0.0382833527	-0.1063942335	-0.1013839798	0.0462651033	0.0461605443596369	0.0067019074358257	4.491556327837583e-05	0.002130795855578	0.0798084996139891	0.0405855250740075	0.006369396610636	0.0016471848455328	-0.1327805806135771	0.0108943470006579	0.0176306825880786	0.0001186867965707	0.0005069686150325	-0.0004079528285084	2.570171766279712e-07	1.664255102880041e-07	-0.0019918825837512	6.393392754190002e-05	4.087547090932921e-09	3.967596227451357e-06	0.0004700052345717	6.106436803640002e-05	3.7288570436849125e-09	2.2090492052479878e-07
792.3254421183115	-0.5667714076831771	627779.6062279777	0.3212298285671702	1200.2443523650477	-2.0263619930183268	4.106142926749206	1440586.5053841928	789.7493756388377	-0.9788595139752942	0.9581659480999491	623704.076321934	833.6775613800141	784.7182709830148	0.931317	22.122351	0.072108263452967	0.0367123610654443	-0.002303997	0.0914244774	-0.0454849726	-0.0792361633	-0.0723291466	-0.0739411805	0.0745975538	-0.0122972757	-0.0634866607	0.1988968155	0.0685032829	0.0219130969	0.0760475048	-0.0709755269	-0.0870674517	0.1673107503	-0.0167226497	-0.0792442174	0.0859042338	0.0831634451	0.215656855	-0.0620865006	-0.1885293491	0.133333549	0.105832324	0.0264529692	0.0745779372	0.1319872426	0.0530934854	-0.0868617851	-0.0838374962	-0.0060779831	-0.0498173721	0.0778839583	0.1146409268	0.0139901962	-0.0602674853	0.0157228103	-0.1465001332	-0.1633654134	-0.0933544532	0.244506059	0.0708802175	-0.0209801133	-0.0725579828	-0.1501312097	0.0097104998	0.0053371561	0.1568563813	0.0222183858	-0.0426587739	-0.2007203883	0.0242354898	-0.0449017389	0.0883969353	0.0204352226	-0.0612163775	-0.0485862259	-0.1166907266	-0.0699392479	0.082566647	0.0851736759	-0.0673154833	-0.0126330483	0.0134382271	0.1408125595	-0.149054581	-0.171124969	0.1427043245	0.2157333905	0.0393804106	-0.2244953324	-0.0612537005	-0.0102299323	0.0414076205	-0.0338438444	0.062063724	-0.0776870206	0.0757343906	-0.0780794386	-0.0465267039	-0.0906996974	-0.1448038753	-0.1623792897	0.0326635204	-0.0732738432	0.0886087007	-0.1832753086	0.0830288891	-0.0964450178	-0.0143431434	0.0498366506	0.085053591	0.0392098943	0.1118978157	-0.1155097414	0.1598873879	0.0903466206	0.1324146373	0.0228793065	0.0426003983	-0.0057228047	-0.0944635863	0.0738130829	-0.0525598573	5.20966e-05	-0.1200479258	-0.0728416252	-0.0641237791	0.0989332473	0.0580931598	-0.1072368939	-0.2052978934	-0.1200083967	0.0171263504	-0.0263155991	0.1847493873	0.0047783989	-0.2028843246	-0.0072204653	-0.0103653861	-0.0020135653	0.1236410219	0.0181466162	-0.1016336675	0.0589860335	0.0348716693	0.0350428114	-0.1100753719	-0.0948006283	0.0586099215	0.0394723733461006	-0.0066881710135363	4.473163150630723e-05	0.0015580682575739	0.0839309798320897	0.0041224802181006	0.0070444093755746	1.699484314863081e-05	-0.1438200564212906	-0.0110394758077135	0.0206842086290232	0.000121870026109	0.0009270566120691	0.0004200879970366	8.594339619810378e-07	1.764739252542225e-07	-0.0018149717118141	0.0001769108719371	3.1297456609545064e-08	3.294122314685404e-06	6.184137527306678e-05	-0.0004081638592986	1.665977360375545e-07	3.824355695664275e-09
793.6376927335771	1.3122506152656117	629860.7873274757	1.722001677264976	1198.755508487783	-1.4888438772647987	2.216656090868879	1437014.769129803	790.9026910479778	1.1533154091400777	1.3301364329599443	625527.066706933	833.6946922471105	781.5839928310542	0.95534	22.693003	0.0529567649553696	0.035017073889566	-0.0036837289	0.092906267	-0.0227702186	-0.1280287168	-0.0795690806	-0.036018158	-0.0102659186	0.0508722996	0.0002175877	0.0450542895	0.2350013292	0.0922896756	0.0316601854	-0.0133949047	0.0434625088	0.1180180511	-0.1223052826	-0.0847628987	0.0231200483	-0.0276949481	-0.0519868486	-0.047563546	0.0025660321	0.0562311394	-0.1181405764	0.0385597789	0.1657802485	0.0537601172	0.0100012044	0.0877717055	-0.0168593657	0.0556393339	0.0824625798	0.0391827886	0.1310379467	0.0174523072	0.1012792759	-0.1205844574	-0.0490218375	-0.1658466239	0.0858795649	0.0570519915	0.0489929894	-0.0071353129	0.0488982507	0.1250213203	-0.0531901495	-0.000543973	0.0703816145	0.0280367679	-0.0869961562	0.1743970611	0.1727543399	-0.0588234765	-0.0994242429	0.1127787134	-0.1346960114	0.0941778982	-0.1048591746	0.038160418	-0.0377091251	0.0419646496	0.0024848703	0.0730784265	-0.1726773316	-0.0292775595	-0.0732207051	-0.0200876262	0.027216312	-0.0114017797	0.1068404233	-0.1009593972	-0.0828022612	-0.001354064	-0.0128823638	0.103312556	0.2147893094	0.0453958057	0.1422227538	-0.0619683133	0.0214247239	-0.0893970297	0.0239985333	0.0423351184	-0.1508182085	0.1134895042	0.0720867031	0.1271471914	-0.0270012449	-0.0753237249	0.0615621834	-0.0506211468	-0.0291577402	-0.0664965344	0.0488786681	-0.0122038976	-0.1104155214	-0.0507685545	-0.0817404832	0.0291542821	-0.13567002	0.0266500411	-0.0516892829	0.0464646717	-0.061215916	0.0374362582	-0.138849656	-0.0504296731	-0.0113805186	0.0072064182	0.2276171421	-0.1243499542	-0.0599279777	0.0687338005	-0.025393807	0.0631461461	0.1496600815	-0.0348978511	-0.1795086089	0.1087971707	0.0020461554	0.022668852	0.094997021	-0.0813816196	0.0366537473	0.0957310625	0.0702893566	0.0317782535	-0.1134548014	-0.0876327994	0.0703125971	0.0394381935860082	-3.417976009240098e-05	1.1682559999740863e-09	0.0015553711133274	0.0518689131330489	-0.0320620666990408	0.0026903841496037	0.0010279761210137	-0.1436475225003164	0.0001725339209741	0.0206346107204789	2.9767953886727453e-08	0.0010129750945002	8.591848243109988e-05	1.026118542077689e-06	7.3819856232632205e-09	-0.0020560127330266	-0.0002410410212125	5.8100773907165016e-08	4.22718835836751e-06	-2.4958812588578403e-05	-8.680018786164518e-05	7.534272612816895e-09	6.229423258317798e-10
794.5246737063346	0.8869809727575557	631269.4571281575	0.7867352460339399	1202.0200212194563	3.264512731673449	10.657043375258043	1444852.1314124223	790.5490197529753	-0.3536712950025276	0.1250833849087649	624967.75263239	834.2809466471375	792.2775162515186	1.032341	24.522057	0.0445743469494922	0.030137439355891	0.0421981534	0.0688953585	-0.117530686	-0.024508299	0.022027492	-0.0082188763	0.0538800717	0.0251199615	0.1635523103	-0.0018439508	0.0791596276	0.0429504366	0.0760254033	-0.1149614992	-0.0775769924	-0.0335999137	-0.1384382959	-0.0371453669	0.0025374289	0.0391440744	-0.1010963834	0.0332022847	-0.0130623948	0.063185724	-0.073922103	-0.0615157655	-0.0804725051	-0.0345749146	0.150592579	0.0505512468	-0.0811457298	-0.0523284712	0.0469914209	0.1126394673	-0.0232382563	-0.004616802	0.1233500882	-0.0802938897	-0.0294353293	0.1116020912	-0.0507577683	-0.1354568462	0.0868097881	0.1579154581	0.0369439406	0.2025016199	-0.0017978662	0.0446603493	0.0980122848	0.0251529759	-0.0145679436	-0.0402992878	0.0530319966	-0.023654336	0.1013704019	0.00335842	0.0463846638	0.0218757438	-0.0782271597	0.0473597374	0.1276993602	0.010530485	-0.0720464481	0.0768031917	0.0225098107	-0.0992578671	-0.0997108435	-0.1184127013	0.0031643064	-0.1482724709	-0.1390620584	-0.029397151	0.1098003879	-0.0304029733	-0.0874622287	0.0657868413	-0.0206384357	0.0974248902	0.0980971516	-0.1239282753	-0.0127091906	-0.0934725212	0.1010236825	0.0911916085	0.0504957676	0.1117968227	0.0279011983	0.0819626714	-0.2251592208	-0.0350511555	0.1421779843	0.02535343	0.0632872207	-0.0022962524	-0.0209463438	0.09219854	0.0003477322	0.0822435798	0.0859048547	0.0282558614	-0.1049275603	-0.1957693913	-0.0038952047	-0.0298358986	-0.109648591	0.0702020761	-0.1012882369	-0.0988879535	-0.2172246032	0.006746238	-0.6183578769	-0.1983590632	-0.1721121933	-0.2789809056	-0.0954910533	-0.0999303313	-0.2385155282	-0.0167802436	-0.1224804755	-0.0055604761	0.1552036452	-0.018058447	-0.0245395445	-0.0133042007	-0.0353327757	-0.0458180237	-0.0223590456	0.0284919163	-0.1165232592	-0.0799246852	0.0812449131	0.0394127240961807	-2.5469489827498196e-05	6.486949120730341e-10	0.0015533628206816	0.0567425455443668	0.0048736324113178	0.0032197164748545	2.375229288064832e-05	-0.1709053235417243	-0.0272578010414079	0.0292086296149014	0.0007429877176129	0.0010831582306804	7.018313618020007e-05	1.1732317526906946e-06	4.925672604088508e-09	-0.0020559194515969	9.328142970034536e-08	8.701425126940475e-15	4.226804791454498e-06	0.0001531136499403	0.0001780724625288	3.1709801911098804e-08	2.3443789798040734e-08
794.831750186513	0.3070764801783525	631757.5111045553	0.0942959646787261	1209.2048684627453	7.184847243288914	51.6220299093963	1462176.413914005	790.5178003172521	-0.0312194357231874	0.0009746531668742	624918.3926184268	835.4913955243301	788.1266705672523	1.139953	27.078255	0.096477942151552	0.0597759464954531	0.1564325084	0.0156491879	0.0112763951	-0.0484451873	0.0791179977	0.1165897722	0.0638713896	-0.0625014209	0.1141587467	-0.1378563203	-0.0137426318	0.0449325122	0.1768990928	0.1703603707	-0.2291140941	-0.0089725448	-0.1402642605	-0.042381626	-0.126846095	0.0769315954	-0.062412732	-0.0683151049	-0.0001741725	-0.2050929517	-0.0268212657	-0.1250055911	0.0055687958	-0.0267732839	0.1318420343	0.103403379	0.0699512848	-0.1045308721	0.055278803	-0.0279855481	0.0494816149	-0.0387471341	0.0384518798	0.0507849149	0.0117512656	0.0248087558	0.0058046805	-0.0784606402	0.1373716881	-0.0901942552	-0.0318524261	-0.0163129799	0.1116845306	-0.1172637458	-0.0179653	-0.2370086542	-0.0282969669	0.1161462875	-0.0032943893	0.063419788	0.2471962313	0.2342028561	0.0547227634	-0.054171299	-0.0332433684	0.0011883616	0.0095856155	-0.1132926909	-0.061805292	-0.0827461744	0.1394800007	-0.0506336471	-0.0598469299	-0.0422406407	-0.122038007	-0.0269440129	-0.2946965279	0.1347031488	-0.0220694721	-0.065635486	0.0048857451	-0.1558737447	0.1160264525	0.0163705695	0.0574524346	0.0003127127	0.0363639386	-0.0906399338	0.0950487802	0.0556398918	-0.0843206205	-0.0275327188	-0.0077665235	0.0959646095	-0.0036105621	-0.0996180283	-0.1541402269	-0.1323187999	0.0827867551	0.0112321082	0.0380418182	-0.1471266444	0.0815837919	-0.0259728627	-0.005101444	-0.1107657753	-0.0307305985	0.0479488769	-3.767e-05	-0.2003753709	-0.0045673909	-0.0908681473	-0.0847684161	-0.0189257546	-0.1958592339	0.0472611883	-0.3127962425	0.0340518008	-0.040232477	0.109783616	-0.053008838	-0.0167010563	-0.1141882501	0.0172640219	0.0845593273	-0.085654038	-0.1053024057	0.0084151697	0.0337291264	-0.0481896702	0.0341733097	0.1025541562	0.0084963843	0.0251860523	-0.1192723348	-0.0717238087	0.0912870929	0.0520139084184876	0.0126011843223069	0.0001587898463247	0.0027054466689668	0.051822541958586	-0.0049200035857807	0.0026855758550494	2.420643528409591e-05	-0.2172694918610886	-0.0463641683193642	0.0472060320935756	0.0021496361039463	0.0016021313835649	0.0005189731528845	2.566824970203581e-06	2.693331334148786e-07	-0.002154911182836	-9.899173123910018e-05	9.799362853714242e-09	4.643642205911648e-06	0.0001192268155819	-3.3886834358400005e-05	1.1483175428336391e-09	1.4215033553800394e-08
793.0875718616926	-1.744178324820382	628987.8966414754	3.0421580287732337	1203.7934725497632	-5.411395912982016	29.283205727038467	1449118.7245534176	789.1335739684451	-1.3842263488069193	1.916082584731335	622731.7975642115	834.0332335236087	787.8729379872481	1.03639	24.618246	0.0661278322441122	0.0342010645696466	0.0894736776	-0.0015535401	0.0963551501	-0.1166815674	0.1788153417	0.0942090078	0.0071400985	-0.1345145478	-0.0561199885	0.0781812524	-0.0866326446	0.1357775997	0.1148282767	0.2540061009	0.0539878926	0.0917177883	0.042208725	0.0547968165	-0.1768941747	-0.0183883025	0.1331230154	-0.0607604626	-0.0297989268	-0.0350128587	0.0217718004	0.1397646533	0.1277118099	-0.0183583222	-0.032243818	0.0264191534	-0.0061137084	0.0161083805	0.0107423518	-0.0647726179	-0.132676133	-0.0923924268	-0.0254798509	0.0852205534	-0.1567065904	-0.0292291068	0.002476658	0.0052234113	-0.1471710366	-0.103285147	0.0468921282	0.0197621606	0.110965794	-0.1023309806	-0.0409238286	-0.0521093469	-0.1222518069	0.0076552934	0.0474166802	-0.0148076158	0.037664943	0.0550517861	0.1121119178	-0.047198024	-0.0133017515	-0.0218954237	0.2713863083	-0.1168066614	-0.0299727108	-0.0487976319	-0.0360222734	0.1741590702	-0.0675926251	-0.0746485405	-0.1685547614	0.0391474069	0.082055186	0.1170759512	-0.15958319	-0.1064125372	0.015491524	-0.0139916617	0.0807995869	-0.0343035949	-0.026109167	-0.0140108813	-0.024624608	0.0317230008	-0.0452785745	0.2049582627	0.0327139796	-0.097065958	-0.0507413139	-0.0429693109	0.1325223519	0.0356421985	-0.1514485745	-0.0506264946	-0.1657228384	-0.0709647583	0.1098923757	0.0504506973	0.1111324438	-0.0687038509	-0.1329423387	0.0486054628	-0.0988056818	-0.0005999464	0.1759632057	-0.0895632543	0.0698633353	-0.1248321445	-0.107288647	0.1440879098	-0.2505306133	0.0547342094	0.1688002311	0.040476504	-0.034565835	0.2046715077	-0.0914811509	0.0877208563	-0.1727474205	-0.1143618452	0.1014140537	0.0153089033	-0.2685118664	-0.0312401606	-0.0075742636	-0.0272067166	0.0757030677	-0.0851691484	-0.1021432368	0.0218629269	-0.1216944932	-0.063080731	0.1003291122	0.0396047288750338	-0.0124091795434538	0.0001539877369416	0.0015685345492649	0.0600276630724749	0.0082051211138889	0.0036033203339425	6.732401249358544e-05	-0.2260426300381439	-0.0087731381770553	0.0510952705945612	7.69679534737052e-05	0.0020959809867848	0.0004938496032199	4.393136296963384e-06	2.438874306004527e-07	-0.0020560253975423	9.888578529370024e-05	9.778398533151782e-09	4.227240435338972e-06	-2.2845664098784064e-05	-0.0001420724796806	2.0184589482618386e-08	5.219243681144711e-10
793.0474051114738	-0.0401667502187592	628924.186754042	0.0016133678231361	1197.394918433656	-6.398554116107334	40.94149477675411	1433754.5906907415	789.7341752931555	0.6006013247103965	0.3607219512438831	623680.0676259606	833.6071764276301	780.9668076237043	1.034935	24.583677	0.1021222926596038	0.0599658491892381	0.0271534712	-0.0815780807	0.1428428159	-0.1562217665	-0.0113008611	0.0810289627	-0.160214188	0.0255619135	-0.1625349663	-0.0450246187	0.103358469	-0.024949349	0.0728545269	0.1001028639	0.1575360302	0.0406016054	0.030637034	-0.0980417932	-0.0557154188	-0.141276714	0.0436257145	0.0395300589	0.1105393854	-0.0964307444	-0.0301292109	-0.0673244762	-0.1161722281	0.1690501857	0.0675732997	0.0032808395	0.0247207744	-0.0689126711	-0.0680877205	-0.0183519609	-0.1431210142	-0.0325373494	-0.2502236586	-0.0807084769	0.1328601271	-0.0483624777	-0.0370830664	0.1563291372	-0.1982514529	-0.0412857792	0.0807677757	0.1765217084	0.0437412834	0.1223922352	0.0382046649	-0.1087935674	0.1492334672	0.1269989699	-0.095875146	0.0642997732	-0.0516122696	0.1295942197	-0.0266936963	-0.0187042954	-0.0528130882	-0.1315530561	0.0840794367	-0.0740096679	0.1563734415	-0.0629543655	-0.1663888578	0.0530170548	0.0853954843	0.0451638515	-0.0343436777	0.0799687071	-0.0697212279	0.0601453886	0.1014551079	0.0141404858	0.0243565951	-0.0819266003	0.1813904565	-0.0588785781	-0.1299940808	0.124990234	0.1042805174	0.1340111436	-0.2507756098	0.0416661969	-0.0909864136	0.0587688229	-0.0005460767	-0.150458088	-0.1037399649	0.0634275562	-0.0308885952	0.0867527413	0.1307779501	0.0841728634	0.0625542876	0.058610057	-0.0965446518	-0.063290054	-0.128790509	0.0872726936	-0.0468430615	-6.42542e-05	-0.0122641397	-0.0355869702	0.0647684848	-0.1188972023	-0.1071317273	0.1716529367	-0.0241160524	-0.0184183692	-0.1020315405	0.1181391144	0.1261182123	-0.0354256794	0.0406611468	-0.140063635	0.0136140985	0.0115477605	-0.0001126352	-0.1242423158	-0.0811251964	-0.0815297156	0.0357346581	0.0030858708	0.0785969561	0.0239133064	-0.0345497251	0.0185248178	-0.1237830955	-0.0540487397	0.1082719048	0.0487685252112584	0.0091637963362245	8.397516329180337e-05	0.0023783690512811	0.0751749141323472	0.0151472510598722	0.0056512677148057	0.0002294392146708	-0.1856224697835884	0.0404201602545555	0.0344557012885591	0.0016337893550039	0.0014620953889717	-0.0006338855978131	2.1377229264523065e-06	4.018109511148713e-07	-0.0020559385110987	8.68864435997832e-08	7.549254081418307e-15	4.22688316141874e-06	9.10035518235454e-05	0.0001138492159223	1.2961643966129198e-08	8.281646444500715e-09
794.3721372796089	1.3247321681350286	631027.0924861737	1.7549153172917336	1197.972817408785	0.5778989751290737	0.3339672254552338	1435138.871250342	790.9700369451825	1.2358616520269834	1.5273540229508646	625633.5993450634	834.6679531458158	782.4226674494289	1.044563	24.812384	0.0279515427499775	0.0138035001754983	-0.0521897774	0.0663690853	0.1837891141	-0.157085068	0.1053460516	-0.0510067754	-0.1213721494	-0.0935222291	0.0265373554	0.0054974716	0.0346502197	0.1548521282	-0.0650256957	-0.0001039864	0.012818908	0.0576742085	-0.0097326773	-0.0974123328	0.036069573	0.0125101193	0.0844538026	-0.0416079505	-0.0531307563	-0.0540507137	-0.0201276078	0.0406850353	-0.0793078104	0.010239063	-0.1050914332	-0.0873973702	-0.0044000873	-0.1142242874	-0.0177504718	-0.1213688256	0.1195319004	-0.0256721546	-0.1442334802	-0.0988553073	0.0152954725	-0.1253574286	-0.0781005031	-0.109601601	0.2325670308	-0.0840026973	-0.136091664	-0.1209547543	0.1880026068	0.0629527912	-0.1812752402	0.1308341078	-0.0011380749	0.0670388504	0.1135690063	-0.118679345	-0.1020269215	-0.0101667228	0.0435424377	-0.0130222454	0.08265695	-0.0115636244	0.0028121518	0.0509933388	0.0237950239	-0.0997736769	-0.1432099216	0.0312794115	-0.0519580172	0.0534370661	-0.1019854977	0.0632057697	-0.0449447439	-0.058836917	0.0855916962	0.2076827709	-0.045053514	-0.1125902612	0.0671217879	-0.0461534267	0.0177434856	-0.0017638453	-0.1313203864	-0.0304550745	0.0072292193	-0.1022099496	0.091663427	-0.1181321697	-0.0040804663	0.0780601037	0.0121224586	-0.0833552815	0.1191195276	-0.0521969165	-0.0879388261	0.1100637419	-0.1904537949	-0.0666067388	-0.0264141134	-0.1413479125	0.0288419786	0.1225879357	0.1752244507	0.0998820081	-0.1447165866	0.0871812519	0.0069139179	-0.1202842387	-0.112131574	0.1575470343	0.037543568	0.0196060731	0.0331943301	0.0284438995	0.0280304929	0.0223733531	0.0236335742	0.0289296408	0.0147358563	-0.0512409678	-0.0106596677	-0.1862995063	0.0337180055	0.0534499883	-0.0518124216	0.2157552087	0.036765241	-0.0484276805	0.0113932006	0.0151740128	-0.1255324169	-0.0446835199	0.1150284477	0.054247659870839	0.0054791346595806	3.002091661781744e-05	0.0029428086014622	0.0703904350048105	-0.0047844791275366	0.0049548133401664	2.289124052183432e-05	-0.1943314960127509	-0.0087090262291625	0.0377647303425538	7.584713786024044e-05	0.0014627314442209	6.360552492000026e-07	2.13958327791256e-06	4.045662800348774e-13	-0.0021083414239413	-5.240291284260013e-05	2.746065274389145e-09	4.445103559906829e-06	0.0002175426384057	0.0001265390865821	1.6012140433046014e-08	4.732479952451314e-08
792.3774883845265	-1.9946488950823775	627862.0840985704	3.978624214653351	1198.5553355764837	0.5825181676987086	0.3393274156990608	1436534.8924388574	789.5385304621001	-1.431506483082444	2.049210811107068	623371.0910842526	833.335845776487	785.5960987735363	1.00473	23.866188	0.0699076659255768	0.0442922288869593	-0.0817882814	0.1316945339	0.040679185	-0.1045221717	0.0353562006	-0.1330678464	0.0118564362	-0.1384410845	-0.0841227189	-0.0600532472	0.0157410454	0.1352987247	-0.0889346028	-0.0246749818	-0.0179696866	0.2039342897	-0.1024498565	0.0574352013	0.0799841377	0.0607947548	0.1191007917	-0.0842775368	-0.0017771738	-0.017587464	-0.0821156003	0.1559956607	0.0981144195	0.0612186729	0.1118689149	-0.0021119864	0.0990586812	0.1635515032	-0.0552248606	0.1662741725	0.0666177491	-0.0968489665	-0.1096497332	-0.0557456942	-0.1662601996	0.1134068115	-0.0989997719	0.0264879191	0.0075210682	0.2493084286	-0.021548479	-0.0074691659	0.0046986189	0.0023420256	-0.0115289454	-0.0913144928	0.0077245918	-0.040145882	-0.1171741655	0.0137516355	-0.0820164812	0.0621666135	-0.0631842634	0.0428709217	-0.0046130054	0.0066663878	-0.1405161369	0.1048496802	-0.0764309517	-0.0372149008	-0.1202495977	0.1317826249	-0.0868812598	-0.0581081673	-0.073186924	0.0221304829	0.0627610499	0.0110918712	-0.0177985404	-0.0635887952	-0.152819663	-0.0621644906	-0.0862938755	0.1402122352	0.0099226188	0.0596357489	-0.1347846266	-0.2317529129	-0.1775699828	-0.0710388979	0.0630389088	0.0899456063	-0.0103051813	-0.0589769844	0.0957349259	-0.1184625714	0.0452171665	-0.001323894	-0.0539747269	0.0570290141	0.160232415	-0.0318577026	-0.0856759444	0.108168341	-0.0990952493	-0.0476618091	-0.1033553781	-0.0015405005	0.0471654728	0.0815663562	-0.0604676391	-0.0204376393	-0.1211888064	0.1249965487	0.0004646308	0.0688596275	0.0200349221	0.0120454839	-0.0480653705	0.0274828262	0.0727075644	-0.071391108	0.0607078833	-0.1261563005	-0.0157798527	-0.2153897085	-0.0300912173	0.1564989438	-0.1370643724	-0.0384827829	-0.1142486873	0.0425799966	-0.0807371874	0.0118128082	-0.1269376627	-0.0350428114	0.1205247148	0.0506876378450158	-0.0035600220258232	1.2673756824346324e-05	0.0025692366303074	0.1109678916119776	0.0405774566071671	0.0123138729688076	0.0016465299847065	-0.1856764591659043	0.0086550368468465	0.0344757474883877	7.49096628202723e-05	0.0011947027025436	-0.0002680287416772	1.4273145474649815e-06	7.183940636511677e-08	-0.0020558816704043	5.2459753537000085e-05	2.7520257411627927e-09	4.226649442704375e-06	0.0001957281247052	-2.1814513700500017e-05	4.758730079893028e-10	3.8309498800614327e-08
793.1503539252994	0.7728655407729548	629087.4839318278	0.5973211441142718	1201.2026228235122	2.647287247028544	7.008129768279966	1442887.741078085	789.0482559495969	-0.4902745125032197	0.2403690976102697	622597.1502171005	832.7241508015685	788.7303827007612	0.954486	22.672718	0.0485430815819461	0.032374938802566	-0.0292570264	0.0810806625	-0.0520469424	-0.1113720804	-0.0663560155	-0.059900718	0.0530818244	0.0285596923	-0.0839856336	-0.0772255689	0.1321771192	0.0614231667	-0.1375041138	0.0155691602	0.0500105682	0.1186645773	-0.1917043336	0.0202152614	-0.0277981067	-1.86076e-05	0.0932998909	0.1691295153	-0.0924478706	0.0213544087	0.1378690773	-0.0025222644	-0.1243610453	-0.1103338431	-0.1186087012	0.0467401817	-0.0590409041	0.0210476974	0.1237988657	0.08593022	0.0825203607	-0.0297874316	-0.0572885511	0.0564875529	0.0827975816	-0.0403681238	0.067725602	0.0867353691	0.1126604368	0.1721846596	0.1088269785	-0.0414194294	-0.1032542386	-0.1094683145	-0.0762410963	0.0429195759	-0.131186089	-0.0431695652	0.0959921877	0.1687914806	-0.1502980313	0.0030684115	-0.0749651955	-0.0465757211	-0.1326956743	-0.0651484936	0.0954787139	0.0418048917	-0.0432132366	0.0872926311	-0.0961724725	0.0582349165	0.0798460856	-0.0288766001	-0.0265881553	0.0613538487	0.117166227	0.070047006	0.1380881039	0.1057047547	0.0190481976	0.113710278	0.066471915	-0.0502606628	-0.1386424995	-0.0717931227	-0.1154436212	0.0087025634	-0.0557920421	-0.0366939082	-0.0794934685	0.0001479987	0.0113545517	0.3052665179	-0.0504473946	-0.0299920135	0.0142437519	-0.100210866	-0.0779531635	0.0295621804	0.0140937148	0.0101004888	0.0898753215	0.0873473768	0.0698291855	0.0588982231	-0.0935550309	0.0570845869	-0.0300739031	0.0164161984	-0.0660338062	0.0430104989	-0.0843035177	0.11986676	0.0654010913	0.0579805628	0.0096277121	-0.0034695842	0.0310108981	0.0393581221	0.0757696525	-0.0002904429	0.148991886	0.0287080594	-0.1031673672	-0.1536872304	-0.0199613915	-0.0028230666	0.0785824604	-0.0180757943	0.0840811524	-0.0635055938	0.0615993154	0.0084435077	-0.1279949812	-0.0251860523	0.124700488	0.0466258207052732	-0.0040618171397426	1.649835847670677e-05	0.0021739671564402	0.0816251866797586	-0.029342704932219	0.0066626711005054	0.0008609943327392	-0.1856308838184048	4.5575347499493546e-05	0.0344588250272021	2.0771122996995932e-09	0.0014642362427538	0.0002695335402101	2.143987774593765e-06	7.264832929824344e-08	-0.0020558320904029	4.95800014000021e-08	2.45817653882421e-15	4.226445583930358e-06	0.0002280046877433	3.2276563038100003e-05	1.0417765215524434e-09	5.198613763291973e-08
793.0636669966912	-0.0866869286082874	628949.9799102386	0.0075146235915383	1203.7820330680686	2.5794102445563567	6.653357209722284	1449091.1831374925	789.6177255386784	0.5694695890815638	0.324295612888725	623496.1524848756	833.3053633096952	782.3668682915824	0.996177	23.663027	0.0102453283386991	0.006355976203805	0.098561618	0.0439865043	-0.0521766968	-0.0337857327	-0.0838253873	0.0672546677	0.1203928443	-0.0434083719	-0.0153059468	-0.096712932	0.0243727602	0.0805759775	-0.0965207176	-0.0171983926	-0.1164547152	-0.0595180887	0.0166393727	0.1847544629	-0.0439567469	0.0625838931	-0.0730560182	0.1539975672	0.0739552031	-0.1271475439	-0.1255419554	-0.0959114383	0.1120015746	-0.0422403171	-0.0546280317	-0.1189434783	-0.0155190669	0.01388141	0.0117926595	0.0894747415	-0.034965987	-0.0367650642	-0.076346919	-0.039022307	-0.0653204319	0.1719463799	-0.1055361097	-0.0462715452	0.0840063551	-0.0865269915	-0.1367752483	0.048705078	-0.0130889607	-0.0337232469	-0.054694709	0.0153916597	-0.0198153921	-0.0648678355	0.0128486231	-0.141840247	0.1073830672	-0.1340821229	0.054913875	-0.0430269655	0.0388732844	-0.1235081545	0.0458259254	-0.0598747458	-0.09232037	0.0681392209	-0.0711428245	-0.010089922	0.0919948248	0.0672089206	-0.0075169339	-0.1168919968	-0.1683869542	0.0711869291	-0.0810035011	-0.0186227949	0.0054252259	-0.1456348759	-0.0497391652	0.0249648369	-0.0707997046	-0.1440645539	-0.1987454045	-0.0043503791	0.080905945	-0.0206474573	0.161480485	-0.0185114744	-0.0350902898	-0.026386388	0.0327291978	-0.0594625642	0.0614750972	0.1239540723	0.1729936259	0.0149085452	0.0792434389	0.0423882689	0.0286215586	-0.0344732457	-0.122432181	0.0162417399	0.0915182065	0.0198701981	-0.0429362443	-0.1219802962	-0.1010955241	0.042676944	-0.0295582829	0.0438856081	0.0977643536	-0.0324990295	-0.0817614611	0.043197572	0.0343413973	0.1551980735	0.0631893258	1.25476e-05	0.0750801752	-0.0190384383	0.1374953942	-0.1773854511	-0.0251201756	0.0520770085	-0.0331143415	0.0906700377	-0.1279637596	0.1148040027	-0.0375182111	0.0050684204	-0.1287014744	-0.0151740128	0.1275100165	0.0484060978361071	0.0017802771308339	3.1693866625701936e-06	0.0023431503077187	0.0876096571905975	0.0059844705108389	0.007675452033054	3.581388729510046e-05	-0.1855741494137035	5.6734404701302976e-05	0.0344377649306195	3.2187926768112284e-09	0.0014766992971713	1.246305441750012e-05	2.180640814266212e-06	1.5532772541356928e-10	-0.0020558595807922	-2.749038930001391e-08	7.557215038663191e-16	4.226558615935081e-06	0.0001920183067036	-3.5986381039699987e-05	1.2950196203344787e-09	3.68710301093178e-08
794.2911133094659	1.2274463127747597	630898.3726823909	1.5066244507443527	1202.9299574831698	-0.8520755848987847	0.726032802380606	1447040.4826104606	789.7220256779152	0.1043001392367841	0.0108785190448125	623660.8778408298	834.0477593420018	783.5402408146432	1.009666	23.98344	0.0564767235763458	0.0256393084899653	0.1598410864	-0.0048678001	0.0714676308	0.0283785665	0.0006245574	0.1402143248	-0.0040703962	-0.113471081	-0.0555682101	-0.0678961526	0.031559226	0.0474198248	-0.0209812159	0.0042022435	0.0649049231	-0.0572638012	-0.1119112266	0.0722367883	-0.1692899803	-0.0253745067	0.0061421936	0.0619527686	-0.0186187595	-0.1104849719	-0.0645249524	0.1233285318	-0.0196757539	0.0125992153	-0.0145994134	0.1508633954	0.1311459754	-0.0185908006	-0.109103805	0.1649032014	0.0050483927	0.0091118319	0.0600077008	0.0352012493	-0.1175835755	-0.1415975427	0.0288759068	-0.0787250076	0.033759319	-0.0749104573	-0.0837458159	-0.0827733136	0.0851289087	0.0624970068	-0.1127633392	0.0701138707	-0.1300092867	0.0667414074	-0.1174189265	0.1396948804	-0.1172967917	0.0369936146	0.0488280185	-0.0681127514	0.1381622411	-0.0020715324	-0.0415787707	-0.17029323	-0.0340286176	-0.0134828318	-0.0717915286	0.0246751048	-0.0088547711	-0.0237229701	0.01700185	-0.1218053899	-0.0036447182	0.1588455909	0.0238397284	0.0037917216	0.1177471987	-0.1315990162	0.0277263678	0.0857617917	0.0322137466	0.1000426491	0.0608925848	-0.0908178278	-0.0134770673	-0.0488324519	0.0625999104	-0.0294807804	-0.0847157187	0.0160813756	-0.010195986	-0.035020953	0.0414095247	-0.1919301528	-0.1743383126	-0.0229839263	0.0367665339	0.010172628	0.0296613354	-0.0492348129	-0.0206593635	0.0178863602	0.0484562607	0.0146497626	-0.1440353139	-0.1363176382	-0.0567524806	-0.1263141571	0.0259997225	0.0804274808	0.1406579006	0.0002627335	-0.01831681	0.0597379334	-0.0153252318	0.0675306894	0.028225918	0.0673550054	0.0071928391	-0.0771696681	0.0702524287	0.0578899958	-0.0944029817	-0.0322721831	0.0511290658	0.0186964948	0.1583832589	0.0604258366	-0.0006685594	0.0016898595	-0.1290552057	-0.0050684204	0.1289225186	0.0419219306230758	-0.0064841672130313	4.20444244465501e-05	0.0017574482671659	0.0802634873442542	-0.0073461698463433	0.0064422274006612	5.396621141132355e-05	-0.2065498022753047	-0.0209756528616011	0.0426628208199674	0.0004399780129703	0.0012001111803675	-0.0002765881168038	1.4402668452430742e-06	7.650098635707254e-08	-0.0021239425994608	-6.808301866860012e-05	4.635297431028952e-09	4.511132165804301e-06	0.0001032747690686	-8.874353763500001e-05	7.875415471974664e-09	1.066567792617266e-08
794.0696864434341	-0.2214268660318339	630546.6669283737	0.0490298570006797	1200.7015772393408	-2.2283802438289517	4.965678511087177	1441684.2775850408	789.6087221993503	-0.1133034785649442	0.0128376782549167	623481.9341732907	834.6175625645659	788.7673884431521	0.99052	23.528648	0.0443494332181753	0.0266894461694759	0.0504171609	0.0143284707	0.1470611217	0.1178395639	0.0789553101	0.0748511227	-0.1021620238	-0.1566279301	0.0166058811	-0.0154463976	-0.0658707236	-0.0822516574	-0.0192641017	0.056325289	0.0276996439	-0.0393064722	-0.069682768	-0.0656724355	-0.1473645403	-0.0100806354	0.0469075372	0.0454835882	0.0427621739	0.1555854868	-0.0823438842	-0.1009405181	0.0630435145	0.0621300988	-0.1029941386	-0.0724288386	-0.1483655469	-0.0583607695	0.0910824464	-0.099100346	0.0040420558	-0.1096945448	-0.0988629732	0.0854251927	0.138154021	0.1035530157	-0.0404062	0.0531386612	-0.0085820561	-0.0066394464	-0.0896209065	0.139384371	0.1715309923	0.0459253099	-0.0307763562	0.0867812809	0.1926985588	-0.0882747283	-0.0908116019	0.1092872471	-0.0047311274	-0.2540885859	0.0079563368	-0.0234930645	-0.0019524402	0.1435110224	-0.1009271039	-0.1102798271	-0.0301571255	-0.1082545152	-0.0346092147	-0.0160579284	0.1087716419	0.0580116976	0.1264356278	-0.0120536202	-0.0060776601	-0.1168753054	-0.0904579437	0.0057603654	-0.0364207908	0.0222320771	0.089603338	-0.0325841894	-0.1466759458	0.040410812	-0.0358383213	0.1492837906	0.0016379078	0.0511886294	0.1155830264	0.0846878938	-0.1443078221	-0.1092318836	-0.0443325674	0.0386800563	0.2224050846	0.0531642995	0.1946635431	0.1211239022	-0.0655550993	0.0064942161	-0.115054678	0.0395618386	0.0976868341	-0.0323522599	0.0641907168	0.1239030757	0.1051335791	-0.0320632697	-0.0472439874	-0.1490153476	0.1228816212	0.0606649879	0.1545393912	-0.0214919202	-0.1257112351	0.06400941	0.1112962097	-0.0790406845	0.0161039902	0.0859319071	0.0726400025	0.0136459408	-0.0377958479	0.0527608193	-0.0756453103	-0.2096478358	0.0157606456	0.0804131432	-0.1463580545	0.0552021532	-0.0747783533	-0.0016898595	-0.1290552057	0.0050684204	0.1289225186	0.0395348347491193	-0.0023870958739565	5.698226711460162e-06	0.0015630031586401	0.0751424343334434	-0.0051210530108107	0.0056463854375558	2.622518393953433e-05	-0.2037004575752234	0.0028493447000813	0.0414938764163553	8.118765219881405e-06	0.0016929866362593	0.0004928754558918	2.86620375055258e-06	2.429262150205497e-07	-0.0020560135850851	6.792901437570028e-05	4.614350994054094e-09	4.227191862054486e-06	-1.5759553330434162e-05	-0.000119034322399	1.4169169908997204e-08	2.483635211747985e-10
792.8143239895568	-1.2553624538772965	628554.552323018	1.5759348906048274	1193.8176692232173	-6.8839080161235415	47.38818957444995	1425200.627349555	789.459545599566	-0.1491765997842549	0.0222536579231917	623246.3741382733	833.4829442352357	782.0526653677225	0.973464	23.12352	0.0411867384662742	0.0207920884522318	-0.0619528942	0.0433568961	0.1649096775	0.0931018048	-0.0840472862	-0.0624927112	-0.127987861	-0.1091288257	-0.1045920334	-0.0771780254	-0.0173074721	-0.0738709737	-0.0580699998	0.0399431966	-0.0631903479	0.0226154902	0.082208528	-0.0889470949	0.0082656164	-0.0433762809	0.1566157066	0.1281417762	0.0215817253	-0.0218036134	0.0458468737	-0.0059325489	0.0563710991	-0.1165354348	0.1418753224	-0.1400208693	-0.0638193354	-0.0591909567	-0.1820889121	0.0257844934	0.1697491096	0.0587847032	-0.0216501944	-0.1191919717	0.0083149318	0.1594789749	0.0984389211	0.0024202162	-0.024007343	0.0729373134	-0.0262022035	-0.0687499262	0.0411660033	0.0594306766	-0.1168109961	0.0146086412	0.0453056283	-0.0570076291	0.1314396204	0.0444826962	-0.0517050545	0.0027620004	0.0843555432	0.0821259052	0.0404074808	0.2613635064	0.0544681502	0.0115569711	0.0013246944	-0.118790429	-0.0370212657	0.0768322184	0.2452601081	0.0465841379	-0.020470464	0.0638220592	-0.0165373596	-0.1644986127	0.0711081735	-0.0452322905	0.0868527338	-0.0054348815	-0.1094932864	0.0211834258	-0.0340367574	0.0115489594	0.0328098487	0.0075119521	0.147908754	-0.1923183245	-0.001141792	0.0645103151	0.0346748449	0.0586770862	0.1301002339	-0.1146597446	0.0993095442	-0.1336907335	-0.0274067735	0.087630487	-0.0313622638	0.0125329207	-0.0977535104	0.1125324283	0.0637626236	0.0676436205	0.1112949597	-0.0314225187	-0.0673056046	0.0668330953	-0.0379868192	-0.1646943276	0.116081141	-0.0136715512	0.1005851363	-0.1019859386	0.0491938782	0.0591147444	0.0313496117	-0.0097575204	-0.1474582995	-0.0496746191	0.1373663791	0.0304996762	-0.1123986821	-0.0019456717	0.0217439057	-0.0428366357	-0.2161515334	0.1460342571	-0.1630734367	-0.009190888	-0.0303822613	-0.0050684204	-0.1287014744	0.0151740128	0.1275100165	0.0395619614169078	2.7126667788500425e-05	7.358561053076664e-10	0.0015651487911529	0.0802100915061601	0.0050676571727166	0.0064336587794265	2.568114922018693e-05	-0.1862158494041068	0.0174846081711166	0.0346763425692929	0.0003057115228974	0.0019019705589836	0.0002089839227243	3.617492007240388e-06	4.367427995723619e-08	-0.0022050332908316	-0.0001490197057465	2.220687270077348e-08	4.862171813675636e-06	-2.990285395268249e-05	-1.4143300622248329e-05	2.0003295249128992e-10	8.941806745154586e-10
795.9982932679193	3.183969278362497	633613.2828854404	10.1376603655562	1199.2715546303607	5.453885407143389	29.744866034251608	1438252.2617455225	791.0218085337889	1.562262934222872	2.4406654756466577	625715.5015760661	835.2877053542876	786.0124602885473	1.00624	23.902063	0.063349358111207	0.0396206780265972	-0.0721549147	0.0926127473	0.1375927542	0.0325265488	-0.0840587848	-0.1055639376	-0.0850823079	0.0109050979	0.1101240258	-0.0769091157	0.0531616259	-0.0583471855	-0.0258452655	0.2076406941	0.0113943573	-0.033022205	0.0624354051	-0.1257301125	0.0539418604	0.1036714825	-0.1604864119	0.0677082099	0.0016362111	-0.1167163369	0.0175309816	-0.0578546716	0.0930418965	-0.0160601402	-0.121783036	-0.1228259086	0.0993435596	-0.0538762487	-0.0707158162	0.0147330182	-0.0580000943	-0.0511912109	-0.0045443741	-0.0753758795	0.0702508876	-0.076284808	-0.031629707	-0.0914470234	-0.1594898877	0.0839603908	0.0232935787	-0.1690999817	-0.1288079176	0.043515816	-0.0217900969	0.0310080165	-0.0102164562	-0.1035026047	-0.0210991278	0.1925417549	0.0735027786	0.0001652073	-0.1162606683	-0.1294296375	0.0171296956	0.0326048708	0.0059134099	0.0694993451	-0.0193247552	-0.0294424896	-0.1039326205	-0.2392870857	0.1163245737	0.1285924536	-0.0143427964	0.0616917702	-0.0324404139	0.0956858017	0.0170886728	0.0500111846	0.1560849646	-0.1526361359	0.0461614899	0.0779179574	-0.1217782956	0.0362241071	-0.1237702159	0.0036335045	0.0460465679	0.1005434664	0.0038298107	-0.0521206476	0.0513793655	-0.0187965798	0.0582216391	0.1211053441	-0.0689869162	-0.0485244559	-0.1248748459	-0.0193556568	0.1347192007	-0.0270231264	-0.0118913698	0.1644774086	0.1369494251	0.041844786	-0.0253589052	0.0033700307	0.0018973293	0.116960555	-0.0741416325	-0.106173515	0.0590337213	-0.0188512778	-0.0038541231	-0.1476509649	-0.0468119207	0.0917454418	0.0023570133	0.0518525021	-0.1817356626	0.068851361	0.1400308377	-0.0546611928	0.0339786998	0.0149475579	0.1304169287	-0.0370867964	-0.0230723073	0.1159825157	0.0313316704	-0.0536934992	-0.1077121837	-0.0084435077	-0.1279949812	0.0251860523	0.124700488	0.0396754973858435	0.0001135359689357	1.2890416242168338e-08	0.001574145092814	0.0791550350117233	-0.0010550564944367	0.0062655195677071	1.1131442064532605e-06	-0.2256489259336405	-0.0394330765295337	0.0509174377750055	0.001554967524584	0.0016922931379981	-0.0002096774209855	2.8638560649154564e-06	4.3964620871130626e-08	-0.0022971551191348	-9.212182830320004e-05	8.486431249924267e-09	5.276921641367217e-06	-0.00018305738703	-0.0001531545330773	2.3456311002131143e-08	3.3510006946251206e-08
797.347576539226	1.349283271306717	635763.1578129769	1.8205653462281568	1206.4430235517789	7.171468921418182	51.42996649086686	1455504.769076758	792.0243901060844	1.0025815722955258	1.0051698091065686	627302.634522915	836.3893078894203	807.7710593087332	1.080994	25.677765	0.0456520245557273	0.0228451609049762	-0.1163245359	0.0701565173	-0.0221041794	0.0920954429	0.2117997571	-0.1105850227	-0.0183233503	-0.0194030323	0.2131847523	-0.0099812095	-0.1655904459	-0.0616863992	-0.0174936317	-0.0615694817	0.0475403641	0.0302297154	0.1384317133	-0.0090458658	0.1055386597	0.1164185477	-0.0865207065	-0.1497217753	0.1140990502	0.0384678197	0.1015541929	0.0805478041	0.1952068827	0.0349291241	0.1138095959	0.06698765	0.1223285416	-0.0843949031	0.0363709164	-0.0223291188	-0.0825609487	0.0216426168	0.016002967	0.0592211691	0.0311765805	0.0180378051	0.0203128251	-0.0769638644	-0.0338145551	0.0892620556	-0.106431006	0.0806432524	-0.0061945189	0.026432689	-0.0503686653	0.1272116424	-0.0864994809	-0.0878850674	-0.0327650592	-0.0247800479	0.0918815181	-0.0065579427	0.0936714988	0.0505257541	-0.1049067698	0.1861308937	-0.046244425	0.1239429649	-0.0249251159	-0.062850251	0.1207980142	-0.1104253377	-0.1644986989	0.1223185937	0.0093144589	0.0885271178	0.0549115218	-0.0013534492	-0.1637837286	-0.1832928487	0.0479817483	-0.1081674346	-0.1155310807	0.0559102693	-0.0251610369	0.037572214	0.0412137867	0.007713167	-0.0631855584	0.0504822981	0.0132619215	0.1715916047	-0.0520055969	-0.0191735841	-0.0109861044	0.1176493818	0.1290638163	-0.0846984986	0.0137259065	-0.1567424575	-0.1244196896	-0.0392578791	-0.2075628063	0.1035746832	0.1010488912	-0.1588877679	-0.0590857172	0.0520169323	0.0325185652	0.1080760053	-0.0350286742	0.0504681765	0.1098670501	0.0314455849	0.0113408017	0.047254806	0.0098390589	0.1243315972	0.1452203843	-0.0906562077	-0.0436619625	0.0795965289	-0.0662248954	-0.1397729995	-0.0408366378	-0.1528969721	0.0127804799	-0.0431506062	-0.015421849	-0.0646739014	0.0514731484	0.0913366458	0.1751287593	-0.0118128082	-0.1269376627	0.0350428114	0.1205247148	0.0394879856839622	-0.0001875117018812	3.516063834242057e-08	0.0015593010133768	0.094348691146763	0.0151936561350397	0.0089016755211072	0.0002308471867498	-0.2233071290340049	0.0023417968996355	0.0498660738774097	5.484012719142886e-06	0.0015269708965853	-0.0001653222414128	2.331640119018515e-06	2.7331443505752124e-08	-0.0020560229135615	0.0002411322055732	5.8144740564644185e-08	4.22723022108992e-06	-3.0930637632683934e-05	0.0001521267493973	2.31425478821938e-08	9.567043443644036e-10
793.1999698468948	-4.147606692331237	629166.1921651148	17.202641274270867	1204.7876397315492	-1.6553838202296447	2.7402955922780925	1451513.2568499174	789.6773405418016	-2.34704956428277	5.508641657199941	623590.3021651725	833.7021619386117	804.4340067136856	1.060246	25.184906	0.0434229942409001	0.023409293436879	-0.1106249864	-0.0332055584	-0.1305387978	0.0874051633	0.0510790121	-0.091777248	0.0801316976	0.0516340832	-0.1311119989	-0.0180834096	-0.2016673942	-0.0369293443	-0.055504903	0.0838000917	0.1249657641	0.0285306825	-0.059330434	-0.0505233396	0.0853963836	-0.0133186594	0.0319978158	0.0667586856	-0.0575053153	0.0183496359	0.20000226	-0.0411621961	0.0572718985	0.0830203891	-0.042772462	0.0276391897	0.0344668429	-0.0268157747	-0.0346249377	-0.1489545238	-0.0565715187	-0.0651974807	0.2318910782	0.0225364109	0.1138889424	-0.0242763293	-0.1211421315	0.0707882681	-0.1406133771	0.112108426	0.0561700532	-0.0310077501	0.1116988278	-0.109590468	-0.0361954899	0.0321151835	0.0284358519	-0.0439393783	-0.0868229791	-0.0214594014	0.0063658573	0.0184097008	-0.1696511201	-0.165548639	-0.0225819832	-0.1006995536	-0.1489328502	0.0904623283	-0.0091689279	0.0974736347	0.1364027126	0.1421698606	0.0855167311	0.0337345101	-0.0723271727	0.0979718532	0.0380985553	0.037872836	-0.0186055738	0.0725914072	0.0712979574	0.0728680952	-0.0173676466	0.0883781789	0.0362621538	-0.0010031528	0.0091437301	0.0480594819	0.0113813694	0.2263561759	-0.1046165245	0.1382778536	-0.2023444724	-0.1658887548	0.0176580989	0.0180404515	-0.0423989045	-0.0489015836	-0.0255461385	-0.0635926926	-0.0225943584	-0.1288020744	0.1499987153	0.1131244477	0.0805995833	-0.0108977194	-0.058220353	-0.027092209	-0.0689707478	0.0544344703	0.0576764791	0.1481379101	0.1512305378	0.0768887807	0.0171583769	0.1387329558	0.0595933228	-0.0807710524	0.0850903902	-0.143389052	0.1021895321	-0.0665124751	-0.0252529321	-0.0833349056	0.0068114187	-0.082898793	-0.0348874176	0.0326403991	-0.0476356835	-0.0730664071	0.1099816743	0.0547697221	0.0882871189	-0.0151740128	-0.1255324169	0.0446835199	0.1150284477	0.0395722829118909	8.429722792870076e-05	7.106022636463327e-09	0.0015659655748587	0.0841536234016899	-0.0101950677450731	0.0070818323316334	0.0001039394063266	-0.206005204234998	0.0173019247990069	0.0424381441719032	0.0002993566017504	0.0018429714757538	0.0003160005791684	3.396543860442139e-06	9.98563660348274e-08	-0.0020560308570209	-7.943459399799291e-09	6.309854723625971e-17	4.227262885022096e-06	-3.0105070882755825e-05	8.25566749928109e-07	6.815604585868609e-13	9.063152928557525e-10
793.1471144742636	-0.0528553726311429	629082.3451988506	0.0027936904159769	1199.1780776003577	-5.609562131191524	31.46718730369799	1438028.0617972896	788.8691391306427	-0.8082014111589615	0.6531895209993367	622314.5186727212	832.048604284014	790.5908485707782	0.989903	23.514008	0.0374712903031942	0.0226236190608637	-0.0525447885	-0.1114559636	-0.0639561481	0.0772166392	-0.1098943199	-0.0057740941	-0.011981088	0.1792279845	-0.0891588443	0.0948765437	0.0499137936	-0.1095751652	-0.1594968335	-0.0458996634	0.1065203093	-0.0325233366	7.6052e-06	0.1179622573	0.0472494352	-0.2101060245	0.0048423243	0.0951139221	0.0574035775	-0.0213003422	-0.1165589206	0.0407399433	0.0648882456	0.093203876	-0.2380047178	0.0682920242	-0.0922686568	0.0217629522	0.1324956131	0.029712249	-0.008247201	0.0047491179	0.0899836759	0.0424704635	-0.0499528207	-0.0023568995	0.0107361672	0.0710916643	-0.1240153177	-0.1199782144	-0.1744239293	0.0497720718	-0.1068041523	-0.0700629455	0.005067022	-0.096714758	-0.093601202	-0.1044583219	0.0361438884	-0.1228170925	-0.1893438454	0.1469141869	0.1884530614	-0.007675189	0.0031548913	-0.0163063927	-0.1027346616	0.0382972662	0.1533288505	0.126554411	-0.0506145097	0.0899365084	0.0966620945	0.0494187453	0.0982839841	-0.0872527961	0.0932758157	0.1508769295	-0.1926905537	-0.0747556168	0.0699636707	0.133288648	0.0367052353	-0.0766530935	0.0957487795	0.0826842842	-0.192014762	-0.0149059819	-0.0021666597	0.0726088928	-0.0417901965	-0.0887888045	-0.040359304	0.0069649961	-0.0224694526	0.0223729481	0.0019090712	0.0144286156	0.08197499	0.0358933208	-0.0464825083	-0.1122838957	-0.0043633321	-0.0849823415	-0.119181925	-0.0299816348	0.1683807079	0.0008929654	0.1178669463	0.0338891071	0.0829307696	0.13555545	0.1286648532	0.0664421272	0.0865261868	0.0814996409	0.0308656123	-0.0123364756	0.1193938044	-0.0766845591	-0.0086391443	-0.1549916565	0.0342735562	0.042126138	-0.0627567268	0.0501610269	-0.003297279	0.1146726156	-0.0697277974	0.015568259	0.0859750044	-0.0117299583	-0.0367360794	-0.0185248178	-0.1237830955	0.0540487397	0.1082719048	0.0397126716346747	0.0001403887227837	1.9708993484865613e-08	0.0015770962883634	0.074339311889048	-0.0098143115126419	0.0055263332921371	9.632071046717547e-05	-0.2119763659079865	-0.0059711616729885	0.0449339797035565	3.565477172496683e-05	0.0018929676774693	4.999620171550006e-05	3.583326627943516e-06	2.499620185976971e-09	-0.0024360326665844	-0.0003800018095635	1.4440137527153458e-07	5.934255152666302e-06	-2.9194514266155016e-05	9.105566166008092e-07	8.291133520355134e-13	8.523196632367286e-10
796.0290800008986	2.881965526634985	633662.296207077	8.305725296712469	1196.692908364154	-2.485169236203774	6.176066132573649	1432073.916929057	791.4391805682368	2.5700414375941136	6.605112990950818	626375.9765385222	834.4226028185255	795.7156703812735	0.938364	22.289753	0.0325742536570907	0.0194050652515019	-0.0409836137	-0.1048473413	-0.0772634509	0.0678966422	0.0354447491	0.0069605476	-0.0779067698	0.138408617	0.1042930856	0.0180849741	-0.0136277622	-0.0404798142	-0.0885981856	-0.0455076854	0.0158919221	0.0432680849	0.0336783581	0.1293513253	0.1043623511	-0.0604022975	-0.1361514461	0.0464614702	-0.0191048271	-0.1447024354	-0.0214733811	-0.0453509044	-0.038808912	0.1553199879	-0.1625538836	0.0317189632	0.0029059296	0.108822942	0.0098364756	-0.1071767317	-0.0243559476	-0.0115398845	0.1265774973	-0.0711608121	-0.1280386016	0.0515564	0.0936082059	-0.054679378	0.0395660431	-0.0142354192	0.0184115348	0.0361541893	0.0224157342	0.0843558859	0.095566974	-0.008192338	-0.1043587584	0.185936854	0.0154099421	0.0807498228	0.012815781	-0.1771065882	-0.1428242781	0.1969490165	-0.0027464738	0.0389170749	0.1220358523	0.0557164838	0.1313796708	0.076553404	-0.0400549848	-0.1552308355	0.0135960444	0.0697809259	0.0882846853	-0.0041619545	0.0142346972	0.1013593298	-0.0567720765	0.1191866933	0.0598210414	0.1330806674	-0.0156114721	-0.0232703684	0.1445488911	-0.0529296113	0.0628696985	0.0895589845	0.0179208644	0.097275591	0.0806302806	-0.0746201813	-0.0718968842	0.0467996627	-0.0555831487	-0.1270164194	0.0179212521	0.0397538051	-0.1627449352	-0.0561722543	-0.0004997986	0.0789225243	-0.1077839398	0.052639939	-0.0920353063	0.0776649314	0.0260821883	-0.0033925841	-0.0550890562	0.0188149977	0.0532148863	0.1489218115	0.1446020341	0.0748788079	0.0723144282	0.0535901299	-0.014486971	-0.0312354711	0.0595243064	-0.0544255182	0.0144826496	-0.0700376353	-0.0440020182	-0.0276377253	-0.0336830656	0.115679738	-0.0363720629	0.0824242995	0.0522264785	0.0876157971	0.0368613254	0.1830651275	0.0514850629	-0.0218629269	-0.1216944932	0.063080731	0.1003291122	0.0397381067376727	2.5435102998003223e-05	6.469444645190324e-10	0.0015791171270946	0.0892411454774446	0.0149018335883966	0.0079639820461264	0.0002220646442962	-0.223192210200338	-0.0112158442923515	0.0498147626941118	0.0001257951631902	0.001875969907747	-1.6997769722299936e-05	3.519263094772288e-06	2.8892417553233643e-10	-0.0023250322480932	0.0001110004184912	1.2321092905221538e-08	5.40577495467332e-06	-2.981913951954733e-05	-6.246252533923143e-07	3.901567071754128e-13	8.891810816862294e-10
796.7994628417366	0.7703828408380105	634889.38398488	0.5934897214576433	1203.9165237102102	7.223615346056249	52.18061866777934	1449414.9960624771	792.6411785192862	1.2019979510494068	1.444799074326972	628280.037884443	836.4955244505669	805.3633948383587	0.944821	22.44314	0.0286404719731054	0.0170684019044214	-0.0569346088	-0.1057546355	-0.1340835556	0.0370546886	0.1587546729	0.0016097707	0.0544576053	0.0896960883	0.1139205494	0.1359180116	-0.1598880069	-0.0363036024	0.0390997834	-0.0118802251	0.0839147641	0.045072311	0.064188871	0.1257754856	0.0724286641	0.0356164096	-0.1427690874	-0.1645323784	0.0142251511	0.1342268087	0.1358594352	-0.0628565052	-0.1604793963	0.0457253162	-0.024946046	0.0452028811	0.0792957036	-0.0618604658	0.0846338388	0.0247632158	0.0164859563	-0.0220199887	0.1108140709	-0.0974891226	0.0496887259	0.1071296505	0.0579495942	0.0840099821	0.0080436311	-0.1611330312	0.0086910679	-0.1497544758	0.0595970108	0.0447481399	-0.1165763247	0.0350386391	-0.0141309143	-0.1892532739	0.0669728857	-0.0614004428	-0.0562671588	-0.0860442365	0.0030251924	-0.019963052	0.0181233288	0.0716833646	0.1813039249	0.0434439504	0.0277572178	0.0613168457	0.1896437558	-0.0747886457	-0.2118312412	0.1012578921	0.0174054771	-0.0409940637	-0.015059719	0.0149261447	0.0578941963	0.146706849	0.0309742555	0.1388997342	-0.0640187755	-0.034593003	0.104909843	0.0104004033	-0.0854147045	0.0780622791	0.0239966116	0.0376316179	-0.066961902	0.0925014977	-0.0332424492	-0.0476566923	0.3142380192	0.0044041256	-0.0844466401	0.042989795	-0.0020258663	0.0722624139	-0.1199439926	-0.0608152525	-0.0181457125	-0.0511376343	0.2327082255	0.0493267323	0.1184356901	-0.0056057549	-0.0030096333	0.0256255777	0.1051665671	0.1357957576	0.0604133359	0.0431842205	0.0692064432	0.1872229945	-0.0175026394	-0.0439271565	0.0515780817	0.0895597791	-0.0229649724	0.2002561457	-0.1728333917	0.1102138526	-0.0317555904	0.1680373716	0.002791022	0.0324522175	-0.0121836125	0.056357416	-0.1400292537	0.0705049689	0.0215001724	-0.0251860523	-0.1192723348	0.0717238087	0.0912870929	0.0398223728918054	8.426615413269917e-05	7.1007847323158134e-09	0.0015858213827339	0.0919355577160132	0.0026944122385685	0.0084521467725543	7.259857311348194e-06	-0.2357155260772003	-0.0125233158768623	0.0555618092338512	0.0001568334405516	0.0019509678014338	7.499789368679995e-05	3.8062753622314353e-06	5.624684057456548e-09	-0.0025160309227525	-0.0001909986746593	3.64804937216092e-08	6.330411604246797e-06	-2.9046153794811e-05	7.729857247363312e-07	5.975069306461512e-13	8.436790502718133e-10
794.2917674322343	-2.507695409502276	630899.4118106227	6.288536266838786	1202.8503828982089	-1.066140812001322	1.1366562310148385	1446849.0436383677	790.2384014523659	-2.4027770669202937	5.773337633318089	624476.7311299907	833.4510288123394	797.3432451742036	0.941979	22.375616	0.0472667516385963	0.0257714463978505	-0.0495762716	-0.1082360252	-0.1148272632	-0.0001987049	-0.0074808567	0.0007140004	0.0704961011	0.1292460138	-0.0399758717	0.1877583906	-0.0910878129	-0.008050599	0.0457676992	0.0251627525	-0.0712078221	0.0345708149	0.0911771744	0.0981530173	0.1073261638	-0.1065205913	-0.0102838347	0.0133475225	-0.0147896896	-0.072649738	0.1557494018	0.0633790531	-0.1556261955	-0.0039915201	-0.0488872105	0.1274347529	-0.0965618945	0.1043272836	0.01586672	0.1113102628	0.0703072713	-0.048248924	0.0314492773	0.0461887851	-0.1217612362	0.1225967783	-0.0592263623	-0.0545581507	0.054228168	-0.1772842497	0.0493968952	0.028042614	-0.1328534027	0.0133446202	0.0432196931	-0.0294390993	0.0806052056	0.00729945	-0.1643664424	0.0763420799	-0.098624187	-0.0192838794	-0.0468821221	0.2323277197	-0.1091917382	-0.08082822	-0.0950065388	0.0443599602	0.0756082312	0.1278557068	0.0996885722	0.1291308102	-0.0586446555	0.0153588967	0.0879907708	-0.0346871026	0.1052283427	0.129367793	0.0603562514	0.0782615315	-0.0525781294	0.080151658	-0.0488758624	-0.0886556777	0.0846600657	-0.0919250002	0.0681412617	-0.1022974117	-0.0155490703	-0.1299449505	0.2223352616	-0.12651632	-0.0085268696	0.0781139394	-0.0274208557	-0.0358588505	-0.1197262025	0.0451997363	0.0757237595	0.0037599379	0.0262659686	-0.0650120278	-0.1262906337	-0.0286118928	-0.0900591503	-0.0804469343	-0.053948801	-0.0928031903	0.0952261488	0.0544712451	0.1117653964	0.13704473	0.0634225503	0.0616258359	0.0486933697	0.1410456767	-0.0284991189	-0.1114783823	0.0530875455	0.1593121505	0.0252302764	0.0625994337	-0.1257561029	0.1161624586	-0.075762953	0.1562804245	0.0474562565	-0.1132187185	-0.0325234279	-0.1451920853	0.0506071	-0.0963627593	-0.0959098504	-0.0284919163	-0.1165232592	0.0799246852	0.0812449131	0.0398420193785824	1.9646486776998817e-05	3.859844426787894e-10	0.0015873865081633	0.0743486107273128	-0.0175869469887003	0.0055277159170814	0.0003093007043833	-0.2488867686528948	-0.0131712425756944	0.0619446236104795	0.0001734816309877	0.0021017451193167	0.0001507773178829	4.4173325465715695e-06	2.2733799587961097e-08	-0.0025162220374774	-1.911147248997991e-07	3.6524838073525886e-14	6.331373341886918e-06	-0.0002078560329355	-0.0001788098791406	3.1972972878307815e-08	4.3204130427683667e-08
795.7594275441344	1.4676601119000452	633233.0665253685	2.154026204062453	1200.8760607780291	-1.9743221201797496	3.897947834231062	1442103.3133497566	790.8467605929386	0.608359140572702	0.3701008439183566	625438.5987403448	834.3632057312749	798.6431956773713	0.930064	22.092583	0.1003665795327786	0.0505837156457532	-0.0365192513	-0.1180491794	-0.1215969788	0.0686591912	0.0373452469	0.0145807305	-0.0054273768	0.197782138	0.0602533212	0.1438692465	-0.0478604367	-0.0379585962	-0.1061744682	-0.035850139	-0.0011304875	0.025786903	-0.0293137518	0.0205408927	0.0696661403	-0.0139099461	-0.0741642311	0.0428312142	-0.0315329683	0.0386715545	0.0687815107	-0.0277601045	0.0013215024	0.0043119969	-0.0200834825	-0.0181505445	-0.1104185281	0.0901587686	-0.0531817992	-0.0065428346	-0.1112335725	-0.0613770616	-0.0096856071	0.0354048721	-0.0946214036	-0.0233005029	-0.0298508034	-0.0733948225	0.0159941921	0.0080038833	-0.0480296988	-0.0425210798	-0.0633771636	-0.0038573616	0.0517236997	-0.1595705609	-0.0963478998	-0.1719648678	-0.1771184602	0.0267998293	-0.1071431286	0.0037435107	0.0848330264	0.0785195317	0.0947432517	0.0511383279	0.0158689778	0.0295659593	0.0949638727	0.1031977334	0.0767031284	-0.0418612462	-0.0609100926	-0.0435528319	0.1551598753	0.0883615218	-0.0102639768	0.0817436876	-0.0355934759	-0.0539660275	-0.0320060354	0.0382634582	-0.0506627383	0.0467137633	-0.008727722	-0.0627082469	-0.0406189274	0.0624847268	-0.0252650415	-0.0418328194	0.172040644	-0.0321530622	0.1477278528	-0.0273600259	0.0128008711	0.0842812694	-0.103145813	0.0163450206	-0.062009162	0.0477591683	-0.0337880981	-0.0931121542	0.0144359453	0.1230479839	-0.1569186288	-0.0176429307	0.1099878734	0.0407009993	0.028307443	0.036596312	0.1018203922	0.1598972102	0.1124840777	0.0408833387	-0.108002026	-0.0058354717	0.0460286929	-0.0555436868	0.0252920735	0.0773960294	0.0566570468	-0.1220381613	-0.0268911369	0.033725835	0.0473759455	0.1410077007	-0.0897635404	0.0735765177	0.0218895358	-0.075018592	0.0597969119	-0.0746148472	-0.0469782402	-0.0317782535	-0.1134548014	0.0876327994	0.0703125971	0.019575915468863	-0.0202661039097194	0.0004107149676795	0.000383216466444	0.0981597183410656	0.0238111076137527	0.0096353303047973	0.0005669688457937	-0.2694306527341013	-0.0205438840812064	0.0725928766327238	0.000422051173142	0.0026209993048966	0.0005192541855798	6.86963735626846e-06	2.69624909242245e-07	-0.0025170309729234	-8.089354459998865e-07	6.543765557950353e-13	6.335444918655716e-06	-0.0004027025904716	-0.0001948465575361	3.796518098366873e-08	1.621693763725372e-07
793.7747155925491	-1.9847119515852685	630078.2991140322	3.939081530765404	1201.0184559923537	0.1423952143245515	0.0202763970625349	1442445.3316342572	790.0134435418734	-0.8333170510652508	0.6944173075960858	624121.2409768887	833.8044239980594	796.4424777655374	0.98095	23.301321	0.0340930994646418	0.0179518374345847	-0.0194395855	-0.1196683974	-0.0910054611	-0.1474874018	0.0142711916	0.0526826333	0.0800693511	0.1066658359	-0.0148654837	0.1275832274	-0.1237919227	0.0900027838	0.049560122	0.0754812203	-0.0348747868	0.0462419462	0.101779727	0.0784460885	0.0150606297	-0.1245571776	0.0276752239	-0.0556016951	0.0984441665	0.033759502	-0.1450023431	0.0974006075	-0.0637310258	0.0677227743	0.0683718119	-0.0098094237	0.0439398273	0.1441262872	0.0383719471	-0.0895876293	-0.1444649933	0.1184821075	0.024729154	-0.0512786494	-0.0315221203	-0.1957987212	0.0322130318	0.0410582022	0.0233547507	-0.0136189121	0.0777317334	0.007007407	0.04568261	-0.1753032993	-0.1374372511	-0.0026061765	0.089787126	-0.045886345	0.0593064287	-0.0892706131	0.2024862541	-0.0875354463	-0.0831467234	-0.1286505498	0.0920517819	0.0060904377	0.0971057396	-0.0215734528	0.0790756689	0.0748175767	-0.0248689844	0.0986305468	-0.0937279735	0.0396622738	0.0156710121	-0.0627990267	-0.147450367	-0.0182077567	-0.0325643037	0.0164170789	-0.1097734086	-0.022238763	-0.0132158397	-0.025168486	0.0750913667	0.0935784251	0.1751711945	0.0189225014	0.0401267381	0.0152588907	-0.1299817759	-0.2783045202	0.038158003	-0.0790646439	0.0689323047	0.0209193652	0.1465847924	-0.0129305362	0.0435617752	-0.0119586752	-0.0796141946	0.1048639866	0.298687682	0.0462435832	0.007984223	0.0020466967	-0.0447252855	-0.0545010521	0.0654497645	-0.0206914306	0.1069259381	0.1045521888	-0.0307780999	0.1470534563	-0.0633618903	-0.1192157838	-0.0354992517	-0.0237169942	-0.0304383609	0.0371592325	0.0310423967	-0.0293791231	-0.0307719936	0.1034983741	0.0787189932	0.1129026982	0.0597113059	0.0273198706	-0.0762469476	0.0016218544	-0.0752201252	-0.2038033101	-0.0437160441	-0.0350428114	-0.1100753719	0.0948006283	0.0586099215	0.0244488433438476	0.0048729278749846	2.3745426074801943e-05	0.000597745940852	0.0948833403275557	-0.0032763780135098	0.0090028482717147	1.0734652887411063e-05	-0.2560862300211539	0.0133444227129473	0.0655801572064473	0.0001780736175418	0.0025153129296521	-0.0001056863752444	6.326799134075031e-06	1.1169609912321214e-08	-0.0025171985634528	-1.6759052940025498e-07	2.808658554465773e-14	6.33628860784884e-06	-0.0005488360419617	-0.00014613345149	2.1354985644409402e-08	3.012210009561849e-07
793.571933958836	-0.2027816337131298	629756.4143671672	0.0411203909713659	1198.7030688671357	-2.315387125217967	5.361017539625122	1436889.047311489	790.0587053831607	0.0452618412873562	0.0020486342767218	624192.757951716	833.4089207908278	789.6339537047204	0.968002	22.993769	0.0521680903839467	0.0247781286283503	0.025952047	-0.0987085616	-0.041055962	-0.2006415687	-0.0791287215	0.0888435015	-0.0130313171	0.1819369424	-0.0846738733	0.1536544034	0.0469500076	0.0657230022	-0.0173452016	0.1074358633	0.0491668078	-0.0997940018	0.1665517156	-0.0666897764	-0.0054455214	-0.0858442919	0.0040212275	0.1736409941	0.1259968454	-0.0745875635	-0.0612283463	0.0724734303	-0.0125168598	0.122315278	0.0251942618	0.0748802073	0.0001317162	0.0495934974	0.0832181533	0.0162045008	0.0811523384	0.0412468331	0.0967171897	-0.1410605387	0.1353447407	0.0149642516	0.1993405572	0.0205316815	-0.0221039175	0.0593540426	0.0097613464	-0.0593950934	0.1078683023	0.104801896	0.0419640651	0.0931423106	-0.0169063795	0.0222682669	-0.08059185	-0.0173482233	0.1266501897	-0.0627442206	0.0406256675	-0.0541621595	-0.01817831	0.0228705422	-0.0302266368	-0.0460474107	0.0990945162	0.1777127406	-0.1101017765	0.0832055263	0.0030475452	0.0761015384	0.078052333	-0.029884705	-0.0248784516	0.0449218896	0.0818673571	-0.0905564997	0.0367548457	-0.0256704265	0.0981206179	0.0013030208	0.1890581006	-0.0455492902	0.1826996322	0.1377521059	0.1287903372	-0.0860101774	-0.0633951808	0.1259854191	-0.020854205	-0.0485553237	-0.0788393651	0.003613296	-0.0315697654	0.0269604481	-0.0169675155	-0.0182244387	0.0497913037	0.1020155756	-0.0308148402	-0.0126632015	0.1441969737	-0.0186869853	0.0284212303	0.0204137831	0.1522480427	-0.0297647124	0.0436394691	0.1012510506	-0.1100401471	0.1357730236	0.0168082336	-0.1232425611	0.0185346184	0.1194966417	0.0100662958	0.0186390596	-0.0496116047	-0.1918571752	0.0243235588	0.0658382535	-0.0236356817	0.0748988658	0.0431570637	0.1939902756	0.1627606376	-0.1493320229	-0.0254204277	0.0188524066	-0.0677485536	-0.0382833527	-0.1063942335	0.1013839798	0.0462651033	0.031855477275684	0.0074066339318363	5.485822620023026e-05	0.0010147714324616	0.0904159964306785	-0.0044673438968771	0.0081750524105524	1.995716149296593e-05	-0.2466677187958907	0.0094185112252631	0.0608449634959686	8.870835370040868e-05	0.0024236296387477	-9.168329090439992e-05	5.873980625816308e-06	8.40582583106082e-09	-0.0027663389822847	-0.0002491404188318	6.207094829573447e-08	7.65263136490795e-06	-0.0002721477250986	0.000276688316863	7.65564246885352e-08	7.406438427634316e-08
794.3417601804197	0.7698262215836849	630978.8319665274	0.5926324114378126	1198.9980082410448	0.2949393739090737	0.0869892342818764	1437596.2237659926	790.2983629362402	0.2396575530794962	0.0574357427480515	624571.5024597013	834.3908454810589	793.9189943131946	0.992396	23.573212	0.078122911523594	0.0400607262819539	0.0503766958	0.0124257608	-0.0758171704	-0.1430769558	0.0318733404	0.069062569	0.0543749328	0.01337071	-0.0021278741	0.1137380254	0.0020929204	0.1841156432	-0.0041398735	0.0301586824	-0.0506907909	-0.0079028547	0.1196280573	-0.0025371786	-0.0425304834	-0.0177657702	0.0016944937	-0.0378278737	-0.0302261503	0.0343646098	0.0285256816	0.0823313462	0.0017425698	0.055213252	0.0904794801	0.0142888515	-0.050886796	0.0159895329	0.1081520504	0.0904336478	0.0408465025	0.1506227452	-0.0413808791	-0.1542192993	0.1153352638	0.0649396898	-0.0005202717	-0.0365325045	-0.0241707917	-0.0481988625	0.103052931	-0.1206010339	-0.0314446347	-0.1284049916	-0.0802936331	0.0716176443	0.0335399992	-0.0455802955	0.1762588575	0.0859081938	0.0549716586	-0.0668943348	0.0768877485	-0.0333318866	0.1040752391	-0.2077636027	-0.0766814606	-0.0551503666	-0.0107331781	0.0958908391	-0.0749484385	0.0637713361	-0.1532674134	0.028617097	-0.0492745393	0.0947978144	-0.0307789569	-0.0114880784	0.0058879931	0.1269036024	-0.014886807	0.0486437218	-0.0360450349	0.0105314627	-0.0272827395	-0.0365162424	0.1181684765	0.0067326529	0.1551967426	-0.0854940383	-0.0248107033	-0.0248190983	0.0844366881	0.1026147228	0.1989297833	0.0537927696	0.1124451709	0.1363082054	0.0572378294	-0.0526464613	-0.0329873954	0.0948713202	0.0743237257	-0.0168407719	0.0645142027	0.0767233206	-0.0802514581	0.0371975119	-0.0009855739	-0.0507292099	-0.0124517538	0.0681251561	-0.0756566835	0.0812112488	-0.2165060261	-0.1530781324	0.1280764761	-0.0003369178	-0.1892511601	0.0750716183	0.0313593251	-0.0692386698	-0.0307996558	-0.0088303091	-0.001153639	0.1022000468	-0.0308035894	-0.0729674272	-0.0354640795	-0.0319717181	-0.0281861651	-0.1784682789	-0.0812371165	-0.0414976565	-0.1024214758	0.1073422654	0.033413395	0.0307507016817538	-0.0011047755939301	1.220529112943816e-06	0.0009456056539202	0.1204068001857763	0.0299908037550978	0.0144977975309774	0.0008994483098767	-0.2576208719175668	-0.010953153121676	0.0663685136475673	0.0001199715633068	0.002732965559864	0.0003093359211163	7.469100751402748e-06	9.568871209286977e-08	-0.002517105417999	0.0002492335642856	6.211736956655412e-08	6.335819685319921e-06	-0.0004350618207544	-0.0001629140956557	2.654100256334714e-08	1.8927878787813365e-07
793.4007537099789	-0.9410064704408114	629484.7559875626	0.8854931774114737	1206.275822675989	7.2778144349442755	52.96658294948326	1455101.360372634	791.2708385558008	0.9724756195605552	0.9457088306396856	626109.5399488001	835.3916995395837	783.9761525818279	1.031412	24.499994	0.0705716042234949	0.0396080691655982	0.1733625584	0.0301864437	-0.0010629722	0.00871542	-0.0441243373	0.1266235461	0.1225297665	-0.0885284802	-0.0366188874	0.0401440658	0.0227312773	0.0238301202	-0.0031884833	0.0808655753	-0.130149678	-0.2303158302	-0.1135874955	0.0111912152	-0.146852988	0.1124954777	-0.0016814977	-0.021878728	0.1339093667	0.1064331511	-0.0706434915	0.1455387284	-0.03276886	-0.1479856353	0.0978084511	0.2106921582	0.0770275025	0.0897450404	-0.0929793301	-0.1577829892	-0.0041626936	0.0698157496	-0.13288623	0.112890736	-0.0005139752	0.0425227377	-0.2022308755	-0.0805273218	0.0736905461	0.1663559409	0.1221676295	0.0265265137	0.0808597606	-0.0111704914	-0.0180209463	-0.152984478	-0.0574291711	0.0150252012	-0.0741340396	-0.0201618857	-0.0587979139	-0.062895502	0.0737837429	0.0419706381	0.1297151573	0.0080674255	-0.031922147	-0.1364070233	-0.1606492106	0.0220378659	0.0228868193	0.1369471228	-0.0664185141	-0.0221248409	-0.0387033681	-0.2100852326	-0.1164951032	-0.0264155721	-0.0344019827	0.0234064979	-0.1761629068	0.0078226199	-0.2089095157	-0.0908199369	-0.2847773342	0.0603401994	0.1616689226	-0.2316165827	0.0025894608	0.0385992996	-0.0005636165	0.066632815	0.0083445358	-0.0923809488	-0.0652030279	0.0002655898	-0.0639518116	-0.0764345871	0.0092530127	0.0273406419	-0.1315695178	0.0461162881	0.0628219637	0.0338764893	-0.02512733	0.0474061395	-0.0555009444	-0.0194281305	-0.0881692041	-0.1464037566	-0.0964792011	-0.0292273296	0.0068976382	0.0073824384	-0.0861466148	-0.0946136962	0.0603441939	-0.0546720449	-0.108495788	0.0994682222	0.1050031004	-0.0008957745	0.0234458027	0.0513722022	0.0977442593	0.0394995558	0.0540337753	-0.007275687	0.0815715406	0.0627554122	-0.0760670711	-0.0476546023	-0.0582875993	-0.0446835199	-0.098167988	0.1126387502	0.0201956026	0.0193476047118963	-0.0114030969698575	0.0001300306205039	0.0003743298080877	0.0970344653252368	-0.0233723348605395	0.0094156874609545	0.0005462660368331	-0.2456350348454989	0.0119858370720678	0.0603365703435494	0.0001436602903181	0.0022579599693621	-0.0004750055905019	5.098383223241696e-06	2.256303110080588e-07	-0.0025170017573115	1.0366068749993047e-07	1.0745538132958241e-14	6.335297846309179e-06	-0.0004361592759856	-1.0974552312000463e-06	1.204407984488347e-12	1.9023491402828282e-07
795.9598592201153	2.559105510136419	633552.0974897058	6.549021012010582	1206.9313905107217	0.6555678347326648	0.4297691859360745	1456683.3814001442	791.1493370097014	-0.1215015460993527	0.0147626257045331	625917.2734508901	836.2439613169588	785.7986888289452	1.024134	24.327127	0.0288702683321287	0.0163863509490775	0.1105099296	0.045239245	0.134272669	0.0328393192	0.0306783875	0.102444778	-0.0872089601	-0.1694000031	0.1641210232	0.0238709786	0.0875235047	-0.0264827262	-0.0073150249	0.0412551086	0.0512002748	-0.1662986046	-0.1901610268	0.1016454045	-0.1240588674	0.1266387956	0.1099300923	0.0239819379	0.1319849218	0.1435665352	-0.1464692285	-0.0475489215	-0.0825796334	-0.0722415564	-0.0750758286	-0.1184138029	-0.0230868688	0.0546744165	0.0285743113	0.0202783434	-0.0913095132	-0.0217568412	0.0257239328	-0.0064015857	0.0128781024	-0.0585343068	-0.0355004529	-0.0902890202	-0.0056177143	-0.1092944963	0.1366524926	-0.1047868998	-0.0360732737	0.0916985306	0.0777043753	-0.0495768789	-0.0906379543	-0.0410766185	-0.05807405	-0.0512610734	0.1954591748	-0.0389709839	0.0017883802	0.1075725105	-0.1355458403	-0.0873061167	-0.0212580182	-0.1155961951	-0.1031285306	-0.1280932429	-0.0530584024	-0.0429544654	-0.0517010894	0.0413294104	0.194648518	-0.0801160881	-0.1122862302	-0.0321205492	0.0510962737	0.0025926254	-0.1532494399	0.06231591	0.058775738	-0.0099089022	-0.1294455235	-0.0279364567	-0.023576579	0.1402595601	0.0919029116	-0.0314677894	0.0696009682	0.0206911487	0.0295905461	0.0532457336	-0.0491463951	0.1077870854	-0.1429993668	0.0285002943	-0.1262490008	-0.0722390379	0.0466958095	-0.0827312806	-0.0293116537	0.0354463425	-0.0487330266	0.005497316	-0.0247050979	-0.1657513195	0.0119985764	-0.038621549	-0.0769730059	-0.1779436547	0.0826304044	0.0029863611	-0.0052611074	-0.1288257326	0.0187105974	-0.0002403686	-0.1890131696	0.0101236793	0.1437723887	0.0853112399	0.0131476107	-0.0244822082	0.0152159864	0.1856476004	0.0282253626	-0.0089352013	0.096802861	0.0717605957	0.0143092945	0.0199126394	0.1845468821	-0.0478387595	-0.0936454286	0.1172407796	0.0067565429	0.0287095055623183	0.009361900850422	8.764518753313216e-05	0.0008242357096327	0.1094334963381271	0.0123990310128903	0.0119756901207868	0.0001537359700586	-0.2422308192827174	0.0034042155627815	0.0586757698103764	1.1588683597883793e-05	0.0023319573435524	7.399737419029996e-05	5.438025052147967e-06	5.475611387059271e-09	-0.0025170140192005	-1.2261888999824666e-08	1.5035392184402114e-16	6.335359572851854e-06	-0.0004360664939442	9.278204140004749e-08	8.608507206360123e-15	1.90153987140787e-07
794.1416333676311	-1.8182258524841477	630660.9338478091	3.305945250641704	1202.9674409257605	-3.963949584961256	15.712896312114513	1447130.663927473	790.4564234668641	-0.6929135428373456	0.480129177847402	624821.3574000263	835.3575394858776	790.4052713683674	1.054555	25.049728	0.03555045860916	0.0160575662964993	-0.0261295514	0.0908179921	0.1194074754	0.1468658176	0.0790465583	-0.0581134016	0.0128054868	-0.2130037398	-0.0290625953	-0.0917625669	-0.0702930855	-0.0538780298	-0.0457208564	-0.058667572	0.174961193	0.0214213007	0.1597328222	0.0223950745	-0.0191444838	0.009761401	0.0604558228	-0.0649890404	0.1274049285	0.0464629622	-0.1001122121	-0.0021555877	0.1121662903	-0.1283484531	-0.0149647033	-0.1641525651	-0.1594077244	0.0172977602	-0.0369703297	-0.2451914419	-0.0158202448	0.0870874267	-0.0611759362	0.0032275119	-0.0561741823	-0.1925709443	0.0739739387	-0.0404903914	-0.1103697901	-0.1111140891	-0.0229194376	0.0294364292	-0.0117458629	-0.0858208836	0.0665504421	0.1085943826	0.1783740088	0.1793631331	-0.1301490334	0.0550622686	-0.0559203827	0.1065872661	-0.023397572	0.0379332344	0.0010320388	-0.0105748037	0.0474416871	-0.0118093394	-0.1086391202	-0.1476641349	0.0624560388	0.0528626291	0.1170078883	0.1561962833	-0.0409724118	-0.0076272485	0.1187589479	-0.160307087	-0.0992442144	-0.1595278807	-0.0719779274	-0.002707905	0.0778669947	-0.0538850375	-0.009300671	-0.0284610132	0.1423228994	0.1358835829	0.1311064774	0.0299109613	-0.0370158608	-0.1474786721	0.1359263998	-0.0291751124	-0.0293273615	0.1088894919	0.150047754	0.0591004528	-0.0509391907	-0.0164055564	0.0344612354	-0.0091458875	0.0705653637	-0.2180893576	-0.1506122089	-0.1148341581	-0.0417097546	-0.0218460638	-0.0544135131	0.0386952438	-0.068553066	-0.1703850401	0.1382938588	-0.0275455825	0.0181606373	-0.1628046019	0.0832250538	0.0625575435	-0.0339524016	-0.0923171001	-0.0482972396	0.0875313722	-0.1546105534	-0.0074287997	-0.0902541428	-0.0555684702	0.1087853618	-0.1216373668	0.0497158909	0.0600573974	-0.0494845241	-0.062264105	0.0375205406	-0.0509612127	-0.0888661936	0.1211199807	-0.0067565429	0.035415506612324	0.0067060010500057	4.497045008267761e-05	0.0012542581086075	0.105116453426362	-0.0043170429117651	0.0110494687809365	1.8636859502021305e-05	-0.2344869046205531	0.0077439146621642	0.0549841084385283	5.996821429488301e-05	0.0022320732084127	-9.988413513969996e-05	4.9821508077137645e-06	9.976840452605842e-09	-0.0023504170376311	0.0001665969815693	2.775455426803492e-08	5.524460250786556e-06	-0.0003668776109488	6.918888299539997e-05	4.787101530151147e-09	1.3459918141549906e-07
793.4315571043752	-0.7100762632559281	629533.6358090735	0.5042082996395021	1198.86611328125	-4.101327644510548	16.820888447626437	1437279.9575740907	790.2465700763915	-0.2098533904725172	0.0440384454928108	624489.6415175012	834.6265898268947	780.2683376017071	1.026171	24.375513	0.0668693956327228	0.0323694960784986	-0.0609635737	0.1019276017	0.1175235418	0.116547723	-0.1833923088	-0.1112533425	-0.0314254596	0.0186327067	-0.0341495595	-0.0634016966	0.076589829	-0.2459029777	-0.1033995206	0.1262521807	-0.0682956597	0.0426739077	-0.0257107034	-0.0093564423	0.028928956	-0.0144549567	0.0627342091	-0.0487003645	0.1422844528	0.0546860071	-0.0459863641	-0.1999872624	0.0227803174	0.1359089551	0.1352098976	-0.1511152936	0.1149681415	0.1108079014	0.0453182826	0.0984593432	0.0207094783	-0.1383600496	0.0524570762	0.2481753342	0.206365849	-0.0591863764	0.2015852007	0.0355890846	0.0122984888	-0.0302290085	-0.0227081771	-0.1140417402	-0.1386940424	0.0303187955	0.0751236927	-0.020495976	-0.067177655	0.1440401567	0.1794917045	-0.1275304566	-0.1216045546	-0.0062303983	0.1154070323	-0.0133965696	-0.0003727808	-0.0403175992	0.0027715402	0.0712213181	-0.0206733092	-0.1021553114	-0.0555464737	-0.0489237148	0.2098687695	0.0683806291	0.0491279046	0.065413634	-0.0482798112	-0.1053554738	0.0936757229	-0.1663911734	-0.0642434245	0.0813190271	-0.0280869398	0.095269941	0.1870199189	0.1386812266	0.0185962059	0.0838321265	-0.1971094273	0.0582908186	-0.0237331468	0.2105983398	0.0249888448	0.2325591638	0.114276561	0.0232681874	-0.2004563316	0.0514367302	0.0124874152	-0.0116517354	0.0053560053	-0.0222163048	0.1077395785	-0.1416578777	-0.0449069764	0.0982739577	-0.024918932	-0.0472931449	-0.075294626	0.1043024633	-0.0669223094	-0.1208258589	0.1019221023	-0.1379905814	-0.0512970876	-0.1150271493	0.0802528355	0.0209554736	0.0073500546	0.0686416671	-0.2066606705	-0.0861699796	-0.0760084049	0.1305326681	-0.0915637047	-0.0128831355	0.1386019118	0.1068776541	-0.1455661737	-0.1152466613	-0.0610556783	-0.0454669286	-0.0856626117	-0.0540487397	-0.0838433825	0.1242524367	-0.0201956026	0.0303214377478155	-0.0050940688645085	2.594953759635495e-05	0.0009193895870946	0.0821361315226312	-0.0229803219037307	0.0067463441015029	0.000528095194799	-0.2467601659461067	-0.0122732613255535	0.0608905794977501	0.0001506329435653	0.0024609396391472	0.0002288664307345	6.056223907525952e-06	5.23798431171497e-08	-0.0025830402323305	-0.0002326231946993	5.4113550712154855e-08	6.672096841838003e-06	-0.0004358228562935	-6.894524534470001e-05	4.7534468556408786e-09	1.899415620678248e-07
795.8488353049929	2.417278200617716	633375.3686563137	5.843233899181622	1200.311715698242	1.4456024169921875	2.0897663480136544	1440748.2148424576	790.7400715834509	0.4935015070593636	0.243543737469863	625269.8608078011	835.4729963529038	795.7833506266276	0.994037	23.612194	0.0959370642595316	0.0471283504683947	-0.1086772869	0.1497977581	0.01048841	0.0931766814	-0.0376159448	-0.1529730863	-0.0690119077	0.0451612081	0.2017167537	-0.0370375983	0.0226842251	-0.1495606444	0.0053114372	-0.0398548573	-0.095730452	0.0888452763	0.0732838721	-0.1494789011	0.1649991887	0.0720579371	0.018565265	-0.0141307303	-0.1184470167	-0.1174397839	0.052464423	-0.0296631182	-0.094785876	-0.0821503987	-0.0908295774	-0.0771353706	-0.0277551527	0.1871329162	-0.1290317877	0.0435905157	0.0198748195	0.1191698866	-0.2331682005	0.1050695668	0.0117412985	-0.0226472141	0.0219077111	-0.020879508	-0.0325613824	0.0322490487	0.0455428224	0.1649468473	-0.055384745	-0.0252278584	0.0437194172	0.0718392993	-0.0122557906	0.0150130775	-0.0148654615	-0.0034265415	0.0391134187	-0.0001998093	0.0839633085	0.052506562	-0.0644128045	-0.0467993955	-0.1969169941	0.1747958692	-0.0221469783	-0.089942255	-0.0263334153	-0.1579708457	0.0704906971	-0.0165377935	-0.0146040526	0.1688646097	0.0906534841	0.0560042453	-0.053400404	0.0586154949	-0.058777642	-0.0020427832	-0.1005979974	-0.0619640608	-0.0839049117	0.0329784043	0.0945696425	0.0011500953	-0.1271970926	-0.147287397	0.0457808065	-0.150691445	0.0410709276	0.0303007462	-0.1843196443	-0.1221912474	0.0384627362	0.0888859505	0.0032490191	-0.0734551143	0.0344201867	0.1044680613	0.0016191617	-0.0167442903	-0.0452627582	-0.0292941725	-0.0933801207	-0.1186214224	0.2099511246	0.1720405924	-0.0948456979	-0.0293585438	0.0900154335	-0.111258783	-0.0701092877	-0.0196134591	0.0686994681	0.1033295754	0.0241638879	0.0333386958	-0.0831595221	0.0110149058	-0.0801480809	-0.0357534829	0.0067509993	-0.0593780899	0.1109630418	-0.0268173066	-0.0318304963	-0.165562262	-0.0337012254	0.1115546938	0.0801204386	-0.0570992244	-0.0785907625	0.1266188352	-0.033413395	0.0388736383929853	0.0085522006451697	7.314013587524272e-05	0.0015111597619085	0.1177142356633993	0.035578104140768	0.0138566412778183	0.0012658014942513	-0.2708457254668204	-0.0240855595207137	0.0733574070036482	0.0005801141774258	0.0020120049705247	-0.0004489346686225	4.048164001416099e-06	2.0154233669119394e-07	-0.0025164049750303	6.663525730020003e-05	4.440257515463861e-09	6.332293998357244e-06	-0.0003969687831586	3.88540731349e-05	1.5096389991721575e-09	1.5758421480241961e-07
795.1520219977057	-0.6968133072872433	632266.7380870398	0.4855487852125862	1204.5797636640832	4.268047965841106	18.2162334387204	1451012.4070290185	791.6125384143226	0.8724668308716446	0.7611983709712108	626650.4109747673	835.9652611177931	807.6845600832077	0.996939	23.681128	0.0272562658044888	0.0186319327743862	-0.098667774	0.0889301364	-0.1410410358	0.1365062163	0.0894361875	-0.1325314635	0.0599330184	0.0537179323	0.0456649447	-0.0622204867	-0.0578719297	-0.0545301966	-0.0419704822	0.0122602172	-0.0076321943	0.0950842816	-0.0479966424	0.0254726101	0.1031656906	0.1052312254	-0.0697789747	-0.033866691	0.0768538724	-0.0266484902	0.1947206099	-0.0295907854	0.0601897211	-0.0344136602	0.0393251996	0.0542677844	0.0376600354	-0.0954448337	0.121359476	0.118323608	0.0197144485	0.0664475093	-0.0520762116	0.1739203446	0.0135703305	-0.1206565986	-0.0572967282	-0.0315509335	0.0081861111	-0.0098131076	-0.062903203	-0.1410870076	0.0408683009	-0.0601189722	0.0473827179	0.1046423776	0.1022347316	0.0273855277	0.0591330864	-0.1437156848	0.1216095098	-0.0270624476	-0.0319730453	0.0780892316	0.1460678923	-0.1654046079	-0.0986494035	0.1327722503	-0.0506663177	0.0576529865	0.1684659888	-0.0491347224	-0.0339959795	0.1028975744	0.0085855267	0.1732708491	-0.0022543985	0.0091411324	-0.0551609126	-0.1168027094	0.0274606598	-0.1085176996	0.038805803	-0.0634704959	-0.0355299991	-0.0140025519	-0.0262812222	-0.1195135753	-0.0721738931	-0.0803135423	-0.0393002077	0.0786181412	0.0070567742	0.0336625001	0.0319161194	0.0686951675	0.0419575255	0.1504070144	0.0121133211	-0.0465689156	-0.1496968578	0.0178862839	0.093169595	-0.0816618948	-0.0102775819	-0.1110021881	-0.027272641	-0.0280316966	-0.0115546	0.1062569535	-0.0762587295	0.0906849206	0.1322826136	-0.0629262742	-0.1696613956	0.0026724439	0.1092354168	0.005127643	0.0170154626	-0.1097797213	0.0052697018	0.027748026	-0.1276317696	0.0189739448	-0.0359049636	-0.2817614108	0.0110120677	-0.0213574163	0.0183610325	-0.1568783648	0.1455439732	0.0469058472	0.1554520412	-0.0601105761	-0.0731227308	0.1282045865	-0.0462651033	0.0486072346946002	0.0097335963016149	9.474289696281134e-05	0.0023626632646559	0.1170374022711797	-0.0006768333922195	0.0136977535303859	4.581034408234798e-07	-0.2707973711776361	4.835428918431584e-05	0.0733312162367184	2.338137282520444e-09	0.0023140492688884	0.0003020442983637	5.354824018842939e-06	9.123075817401989e-08	-0.0025169300951077	-5.251200774001978e-07	2.757510956887897e-13	6.334937103658856e-06	-0.0003635885651703	3.33802179883e-05	1.114238952946427e-09	1.3219664472259754e-07
794.0016348157062	-1.1503871819994629	630438.5960900141	1.3233906685086654	1204.244899798454	-0.3348638656291314	0.1121338085040849	1450205.778690589	790.9035294758243	-0.7090089384983003	0.5026936748704866	625528.392937316	834.5131241167095	796.8571210375854	0.996804	23.677921	0.0665579277930901	0.0323092226974863	0.0196390529	0.0687860747	-0.1652826233	0.0938150727	-0.0790242153	-0.0260693165	0.2012435137	0.1022554859	-0.0455531124	-0.0804689191	0.0266057021	-0.2459624435	-0.0158291725	-0.0261171232	-0.0186654967	0.1212050133	0.0621481833	-0.0599067948	0.0180631477	0.0530629881	-0.0584148832	0.2177183761	0.0189870523	-0.0512737109	0.0646855127	-0.1022114611	-0.0596048996	-0.0106421918	0.113411903	-0.046633263	0.1466373464	0.0320830621	-0.0612316794	-0.0414987452	-0.0067631243	0.0262403802	0.0583819143	0.1081589856	-0.0355877952	0.0005311578	0.1152722706	-0.1699623314	0.0578882606	0.0940292785	-0.0025143426	-0.0049742354	-0.0137797975	-0.3330827535	0.0977359722	0.0583153882	0.2241279216	0.1735165677	-0.0147614241	-0.0381061362	-0.0441002962	-0.0342424881	0.0237285307	0.0573436956	-0.0369768368	0.0535472036	0.0038217545	0.0213506488	-0.1009211671	0.1356741668	0.1448311235	-0.0446740275	0.2403867641	0.0367505413	0.0762741572	-0.0062720182	-0.024616591	0.039170121	0.0635339602	-0.1094226585	-0.0291788186	-0.1619648915	-0.1287143247	-0.0322109369	0.1141699213	0.1030042199	0.0391004398	-0.0036981274	0.0231758418	-0.0376874592	-0.0676711142	-0.0443664576	-0.063568055	0.0906297753	-0.1095172111	-0.0077737272	0.0382014901	0.0870790271	0.0248996393	-0.0826702205	-0.104297794	0.0903569064	0.1618852311	0.059035172	-0.0511745165	-0.003904228	-0.0556365087	0.0325593674	-0.0057268648	-0.0188089044	-0.1335732858	0.0999153408	0.0863073464	-0.0824484422	-0.0264781029	-0.1116643886	-0.0027559437	0.023806413	-0.0560220942	-0.0513979631	-0.009096878	0.0517776117	0.0063612078	0.1534219409	0.1526032219	-0.1347745458	-0.0285721184	-0.0941654624	-0.0360787309	-0.1018814899	-0.0346729509	0.0064408797	0.0341730451	-0.063080731	-0.0674542747	0.1289999139	-0.0586099215	0.0389739527881687	-0.0096332819064315	9.280012028878052e-05	0.0015189689959344	0.1060701899223204	-0.0109672123488593	0.0112508851901571	0.0001202797467049	-0.2426023825708867	0.0281949886067493	0.0588559160290708	0.0007949573825347	0.002386733466383	7.268419749460004e-05	5.696496639552612e-06	5.282992565434023e-09	-0.0023682799464359	0.0001486501486717	2.209686670014821e-08	5.60874990469043e-06	-0.0002296740127157	0.0001339145524546	1.7933107359115824e-08	5.275015211693152e-08
793.7743517327345	-0.2272830829716667	630077.721468723	0.0516575998051055	1206.8390123732547	2.594112574800647	6.729420050738843	1456460.4017860529	790.7638330087465	-0.1396964670777833	0.0195151029140142	625307.4395946846	834.6431048525651	789.8577965497971	0.9974	23.692093	0.0284623143672143	0.0167257971628956	0.1381283692	0.0741357356	-0.1062068173	0.0323560788	-0.109526973	0.0900042411	0.1637557861	0.0069625094	-0.0875404333	0.0684265254	0.1084045876	-0.1211319743	-0.0132389888	-0.0723666252	-0.1378404506	-0.1244906494	0.0184054593	-0.0728748849	-0.051122786	0.2158545348	-0.0363148313	0.1950389384	0.0342665034	0.0084852126	0.0737411481	0.0435558729	0.0983655078	-0.1212802976	-0.065775638	-0.0216878238	0.1056760811	-0.0997837454	-0.1359464199	0.0472720723	-0.0314391604	-0.047391703	-0.0503734304	-0.0400137646	-0.1008084321	0.0815535022	0.0041151489	0.1023063475	-0.0790029812	-0.0538341648	-0.1242397863	0.0960763282	0.0758640244	0.0102120525	0.1509527986	-0.0835847605	-0.0135182171	0.0927139297	0.0511667176	0.0340181792	0.047552299	0.0444502128	-0.026414628	-0.088028297	-0.0631987808	0.091269651	0.0134744073	-0.0677677153	-0.1717116765	0.1494233251	0.0301304238	0.0169373005	0.0566492405	-0.0427287662	0.103917277	-0.0542078955	-0.0016984202	-0.0718995522	0.0200629996	-0.1149127838	0.151081541	-0.1384164047	-0.0175444645	0.0133813202	-0.1555896777	0.0126864936	-0.0598316876	-0.0566292295	0.0582299889	-0.0254791784	-0.0643596045	-0.0759613191	-0.0213388132	-0.1490784753	-0.1236264703	-0.2263931957	-0.0855227308	0.1082849114	-0.045899509	-0.0452986311	0.0675188567	0.0714489602	-0.2058105566	-0.0574220029	0.0233168861	0.1198206051	0.0526233265	0.046946419	-0.0151404208	-0.0730776509	-0.128543113	0.064000149	0.0276322338	-0.0457253411	0.0141592725	-0.0981039241	-0.025084169	-0.0848553678	-0.0939506012	0.0349275392	0.0275734622	0.0537005717	0.0858698495	0.1317038197	0.1377929886	-0.0105280895	-0.0211052383	0.0420625659	-0.0724833947	-0.0418307675	-0.0326136954	0.0441051892	0.0044968972	-0.0660076536	-0.0616009311	0.1289999139	-0.0703125971	0.0383187619310234	-0.0006551908571453	4.292750592868009e-07	0.0014683275159264	0.0915910243695208	-0.0144791655527996	0.0083889157450581	0.0002096462351053	-0.2450952858186212	-0.0024929032477344	0.0600716991305116	6.2145666025651695e-06	0.0024137697500485	2.703628366549976e-05	5.826284406249198e-06	7.30960634441369e-10	-0.0025162338624302	-0.0001479539159942	2.1890361258048282e-08	6.331432850440402e-06	-0.0001879631181848	4.171089453089999e-05	1.7397987225678623e-09	3.533013379775309e-08
793.5921407724907	-0.1822109602438786	629788.4858958647	0.0332008340329963	1204.5185296241273	-2.32048274912745	5.384640188998088	1450864.8882078696	790.1470181640999	-0.6168148446465693	0.3804605525763714	624332.3103136184	834.7226141156325	791.7511694700945	0.9849500000000002	23.396355	0.0665493716739558	0.0338308648259592	0.1448403375	0.0102171622	-0.0345081768	-0.1027378988	-0.0483823435	0.1231799656	0.0959109388	-0.0117225679	-0.0099242299	0.0541366343	0.0550480592	0.1071353888	-0.0285946519	-0.0579647205	-0.0264696366	0.0552261015	0.1802225949	-0.0332409809	-0.1425442842	0.0348798162	0.0113040999	0.0349061729	0.0300711318	-0.0360643798	-0.059884561	0.0570364611	0.0498743635	0.1018118776	0.149152092	-0.0546600608	-0.0001537584	-0.1243585438	0.1572639306	0.0884156053	-0.038327619	-0.0421866911	0.0311418079	-0.0127467498	-0.1188394274	0.0044429444	-0.2039271783	-0.0110335506	-0.0894504415	-0.0729064759	-0.0068435109	0.097822285	-0.152903004	0.0550745703	-0.0510643216	0.0264194792	0.1179180653	-0.0827219936	0.2212724344	0.0286416288	0.0362929019	0.0246097734	-0.0998819542	0.054977788	-0.1352129448	-0.1662388959	-0.1362722096	-0.1412197521	-0.0347155086	0.050820966	-0.077332142	0.0378156696	-0.0727827126	-0.0854705332	0.0114275325	0.0115936979	-0.0433187286	0.0570520617	0.0268774203	-0.1133843373	0.050955861	-0.0040695571	0.0288462395	0.0139953604	0.0886402898	0.0095602686	-0.0804106094	-0.0355120821	-0.0746746105	0.0993751105	0.1034302547	-0.0576066816	0.1084520463	-0.0539159179	0.1197618494	0.0901362079	0.1116893573	0.0590249745	0.2067874919	-0.0665660419	-0.0582101314	0.0541025259	-0.0702011962	-0.0832820384	0.1148304198	0.0798153638	-0.2200855063	0.0018287888	-0.1233604722	-0.110928632	-0.0335360164	-0.0054360016	-0.0794216636	0.0725971809	0.1302115034	-0.0108616757	0.0947454743	-0.0446464999	-0.1493391617	-0.0954825266	0.0440332591	-0.0026583928	-0.0143040789	0.0372929675	0.0576342652	0.0152802575	0.0330046689	-0.0520802389	0.0308786615	-0.0321301667	0.0539144394	-0.0757553036	-0.0633293735	-0.0688893378	-0.0555787436	0.1282045865	-0.0812449131	0.034517414759108	-0.0038013471719153	1.4450240321429171e-05	0.0011914519216522	0.1172649728794255	0.0256739485099047	0.0137510738644123	0.0006591516320892	-0.2619280724028741	-0.0168327865842528	0.0686063151126852	0.000283342704191	0.0022911231010937	-0.0001226466489547	5.249245064365213e-06	1.5042200499841882e-08	-0.0025154004237333	8.334386968999845e-07	6.946200614903442e-13	6.327239291717664e-06	9.33825823211578e-05	0.0002813457005059	7.915540319318811e-08	8.720306680967813e-09
794.695194409038	1.1030536365473154	631540.4520168187	1.2167273251002568	1202.7016178212268	-1.8169118029004492	3.3011684995189614	1446491.1815097963	790.94106287471	0.7940447106101374	0.6305070024479368	625587.764941376	836.0320342042796	792.2341993252436	0.987483	23.456526	0.0379464614762269	0.0271445728158059	0.0576917358	-0.1299012213	0.028813837	-0.0196346982	-0.0417683414	0.1157579061	-0.055249958	0.0490481	-0.0112596334	0.0199714844	0.003000552	0.0091819432	0.0828803311	-0.0010332105	0.0298232671	-0.0838128319	0.0444070332	-0.1310183697	-0.0515914875	-0.1114017492	-0.0466413594	0.0027286578	0.0328529877	-0.0058073179	0.0441544878	-0.0570977037	0.0032451509	0.0701249675	-0.1353845937	-0.1389648104	0.0093524117	-0.0263918082	-0.024578516	0.0536913267	-0.1060069573	0.0519289706	0.1283865892	-0.0714142889	-0.0030570922	-0.0141587677	-0.0725815505	0.0597539711	0.1509318612	0.1820481073	0.1151072212	0.0605709692	-0.0108823993	0.0683534539	0.0984941204	-0.1034988732	0.0405652035	-0.0134299445	0.0211209322	-0.0488326269	-0.2512185736	0.1222738237	0.0051799233	-0.0633508191	0.1972576272	0.0295497945	-0.1268748989	-0.1006872638	0.1003992088	-0.0066235431	-0.0054912599	-0.0192469419	-0.0096731813	0.0182697572	-0.0344372902	0.0290849063	0.0872784996	-0.0312920135	0.1070649258	-0.0306103631	0.0287850694	0.0952218347	0.0051789832	0.1015441506	-0.0442344301	0.0367677377	-0.1335902244	-0.0483803191	0.0597941705	-0.0429358677	-0.1010567847	-0.0338260002	-0.1361812458	-0.1107629583	-0.1741353332	0.1747576837	-0.064076837	0.0221661551	0.0454363079	0.1597467288	0.030042875	-0.0707449419	-0.0027930391	0.0496950934	-0.2156208909	-0.0348600002	0.0723041664	0.0594349853	-0.2287536426	-0.1102791475	0.0544233832	0.0351889315	-0.0336039603	0.0100815934	0.1366380235	-0.084490164	0.0198098213	0.0109832496	-0.055342427	-0.1095343947	-0.0734030912	0.0621091874	0.0588111164	0.0337372671	0.0125396681	-0.0098367589	0.0284696711	0.045754432	0.0231082098	0.0651184648	0.1085927122	-0.007463091	-0.0867304726	-0.0717238087	-0.0494042187	0.1266188352	-0.0912870929	0.0422243585853294	0.0077069438262213	5.939698314053212e-05	0.0017828964579424	0.0914642354090347	-0.0258007374703908	0.0083657063589593	0.000665678054016	-0.2618202878710747	0.0001077845317993	0.0685498631408924	1.1617505295211982e-08	0.0023771243389981	8.600123790439979e-05	5.650720123057154e-06	7.396212921089169e-09	-0.0025153892799252	1.114380809982482e-08	1.2418445896572128e-16	6.327183229562616e-06	9.399011356496512e-05	6.07531243807316e-07	3.6909421220206453e-13	8.83414144795504e-09
796.2249935639913	1.5297991549533665	633974.240375978	2.340285454496033	1204.6464068473654	1.944789026138551	3.7822043561889336	1451172.965530268	791.6240361628865	0.682973288176413	0.4664525123625017	626668.614630819	835.7270586217194	797.6892922350338	0.980522	23.291174	0.0975437431158639	0.0476340439053111	0.0284419993	-0.1335493376	0.0076332208	0.1062316936	0.019077894	0.0692857401	-0.0777304603	0.0463940331	0.1600849336	-0.0421963501	-0.1302447428	-0.0601521948	-0.0645722356	-0.0072686965	0.1151202012	-0.0469825111	-0.0599186015	0.0262180472	-0.0313045153	-0.0502160512	-0.1005122139	0.0038528063	0.0028756239	0.1884949985	0.0027526355	-0.0530399562	-0.0355908192	-0.2199013971	-0.0527402353	0.0499484872	-0.0169178114	0.0158041808	-0.0369644657	0.080876355	0.0331931933	0.1393439082	-0.0981255393	-0.0021493082	0.0033128774	-0.0273277864	-0.0663268208	0.0158781626	-0.0609948076	-0.0155559774	0.1308980867	0.0138100621	-0.0748992159	0.0067712362	-0.1596510089	-0.0840101157	0.0597168415	-0.0752759474	0.0510682046	0.0127306876	0.0788275722	-0.0103661184	-0.0298903826	0.0268466931	-0.0145422344	-0.0621162593	0.0972226147	-0.0788456266	0.1142995092	-0.0046425131	0.063377434	-0.0512839402	-0.0154662015	0.0744860434	0.1185919933	-0.0512042905	0.0705779937	-0.0207596104	-0.0100468794	0.1433805175	-0.0009874991	0.0251722933	-0.0753808276	0.0362644513	-0.2245455017	-0.0291996178	-0.0221452596	-0.0552650684	0.0007564816	-0.0819371624	-0.043688743	0.0418439558	0.1497342631	0.0112872394	0.0206665978	0.048349602	0.0541395631	-0.1568778214	-0.0073498017	0.1138083953	0.0945429029	-0.0495224672	0.0505158428	-0.0273589052	-0.0200627323	-0.0817735345	-0.1013758245	-0.0763666278	-0.0577577863	-0.0684250551	0.0946385112	0.0527915307	0.0779582716	-0.0059998373	0.1471388299	0.0501162831	-0.0858098283	-0.134239189	-0.0041207434	0.0129581197	0.0239904236	0.0328155447	0.132018324	-0.1163427681	0.143008073	0.0298110121	0.0581363935	0.0272746807	-0.0357265053	-0.0520656724	-0.0018914006	-0.1002707951	-0.0698473258	-0.0745091236	-0.0430942802	0.1242524367	-0.1003291122	0.0338545423102516	-0.0083698162750778	7.005382447855727e-05	0.0011461300350366	0.0764123464273041	-0.0150518889817305	0.0058388466865263	0.0002265593619183	-0.296325988735802	-0.0345057008647273	0.0878090916002506	0.001190643392166	0.0024652313605431	8.810702154500019e-05	6.077365661005185e-06	7.762847245531127e-09	-0.0029372383549701	-0.0004218490750449	1.779566421162378e-07	8.62736915390746e-06	-0.0001883805297317	-0.0002823706432966	7.97331801957725e-08	3.5487223981995915e-08
795.815690599379	-0.4093029646123796	633322.6134041664	0.1675289168404828	1202.8580825481008	-1.7883242992645592	3.1981037993400765	1446867.5667512936	791.7161541612621	0.0921179983756701	0.0084857256247399	626814.4687598994	836.5555222470996	799.6761863657406	0.996593	23.672918	0.0862023679314583	0.0536944454054186	0.0580609629	-0.0617273278	0.0031179226	0.2359703379	0.0960983477	0.0698647435	-0.0408827638	-0.0756579122	0.0508938312	-0.0577223016	-0.1053735458	-0.0919660883	0.0772364306	-0.2755170302	0.0615038152	0.0699424636	0.0845076274	0.0548897975	-0.0924341651	0.0201273206	-0.1055609535	-0.1717929107	-0.0630861608	0.0636611729	0.026579893	-0.0604291688	-0.0802533323	-0.1853239809	-0.1506545601	-0.0612897937	0.0087170032	0.1205183782	-0.0478072789	0.0120449778	0.046430649	-0.132349634	-0.0047240733	0.0458809575	-0.0202962005	0.0221399739	0.0760239677	0.1989928883	0.101025573	-0.0648217906	-0.1190577868	0.0235028249	0.0170552176	0.032748353	-0.0221831635	-0.0837317305	0.0310427766	0.0086633049	0.0090330195	-0.0435106822	0.0866264923	0.0167025116	-0.0069455231	-0.0882027371	0.1337088372	-0.038066534	-0.0034929663	-0.0869367556	0.0111909168	-0.1198438517	0.1178569838	-0.1263146524	-0.0431732993	0.0151226686	0.0499123052	-0.059504741	0.2095870547	-0.0073421931	-0.0883620946	0.0708269997	-0.1442658989	0.0176055911	-0.000420202	0.0258844906	-0.0482720838	-0.0962626008	-0.0983718067	0.080528714	-0.0908549683	-0.0080102464	-0.0023864861	-0.060261936	-0.0643214235	-0.0066146652	0.0246061601	-0.1526009002	-0.0885669688	-0.0346432685	0.1570306987	-0.0179889585	0.0595969413	0.0042772258	0.0004739837	-0.024586862	0.0477551213	0.1809924571	0.0637128909	0.1227931806	-0.021379054	-0.0899967539	0.0337035834	-0.009728884	0.2141848405	-0.0473916213	0.0018810649	0.1370420311	-0.0074319336	-0.0302137543	-0.0516239571	-0.2640963912	0.1278202622	-0.0951311935	0.0174029735	-0.0589222907	0.1181362161	0.0458275108	-0.0669526252	0.0093584272	0.0981546565	0.178479272	-0.1603502833	-0.0040983813	0.0731665887	-0.0772433738	-0.0366662233	0.1211199807	-0.1082719048	0.0340498731186471	0.0001953308083955	3.815412470844103e-08	0.0011593938593959	0.1249952981355164	0.0485829517082122	0.0156238245559866	0.0023603031966824	-0.2800440319487265	0.0162819567870755	0.0784246598300993	0.0002651021168161	0.0024650848211454	-1.4653939770003024e-07	6.076643175441449e-06	2.1473795078287633e-14	-0.0026449026948083	0.0002923356601618	8.546013820223549e-08	6.995510265004208e-06	-0.0003187409027277	-0.000130360372996	1.699382684765625e-08	1.0159576307166913e-07
795.2991935424535	-0.5164970569254592	632500.8072492769	0.266769209812661	1203.818855253179	0.9607727050781704	0.9230841908232252	1449179.8362630743	791.4764410367702	-0.2397131244919137	0.0574623820536757	626434.956716232	836.4356915840441	794.813582213152	1.000245	23.759653	0.1422014704584995	0.0660815093427404	-0.0202194453	-0.0835330792	0.0861863195	0.1645157185	0.0076961193	0.0237349183	-0.0486976626	-0.0479038491	-0.006443064	0.0549345318	-0.1296463651	-0.1005267057	-0.0232893847	0.0444887844	-0.0338391889	0.017001891	-0.1245161576	0.0723714581	-0.0232453351	-0.0634899504	0.0672663329	-0.1209708393	0.0551339955	-0.0644274906	0.0788488695	-0.0718783964	-0.1161552489	0.058646624	0.1859823209	0.0042045843	0.0936118441	-0.0196971735	-0.1002667285	-0.1268433792	0.0708624593	0.0171431786	0.0420403369	-0.0287205134	-0.186599387	-0.0150571668	0.0607734532	0.0699601155	-0.0365983693	-0.0608156076	-0.010913462	0.0522573351	-0.0517800922	0.0370067419	-0.0231922658	-0.1303037153	0.0174197406	-0.1220742557	-0.0867579603	-0.1253826716	0.0203076197	0.1287678503	-0.1440343641	-0.0418791805	-0.0203071082	0.1415558182	0.0204594571	-0.0117747852	0.0450065358	-0.1075299423	0.0971175162	0.0515407765	0.0276886386	0.0264737874	-0.0144697724	-0.0187644134	-0.0455022253	0.0230485477	0.0728580689	-0.0907578341	-0.0154626541	0.0354030604	-0.1118613309	-0.0956052499	0.1920398605	-0.0017832658	0.0221812125	-0.054206541	-0.1688414139	0.0501884504	-0.0892585354	-0.0398166233	0.0942940207	-0.2064799028	-0.0161700321	-0.0977107993	-0.0802067765	-0.1223552483	-0.0079862598	0.1108409719	-0.0293703039	-0.0092111759	-0.2395277824	0.1187210536	0.0375176046	-0.0687688152	-0.0837584723	0.0793278801	0.0906437953	0.0036030753	0.1237679208	-0.1424418752	0.0968433036	-0.0627730817	-0.0768662155	0.040205012	-0.0209635061	-0.127302982	0.0401464423	0.0184611224	0.0725200303	-0.0948020106	0.1194045595	-0.0550375945	-0.0418992783	0.1029208865	-0.1055941763	-0.1704164268	0.0350172352	0.0699975809	-0.0925709047	0.0693297519	0.1175769484	-0.0799246852	-0.0301376669	0.1172407796	-0.1150284477	0.0200693665580899	-0.0139805065605572	0.0001954545636897	0.0004027794740429	0.0827652573689903	-0.042230040766526	0.0068500878273552	0.0017833763431424	-0.2966924040899528	-0.0166483721412262	0.0880263826446758	0.0002771682949527	0.0029855942999527	0.0005205094788073	8.913773323910053e-06	2.70930117528247e-07	-0.0032648554711731	-0.0006199527763648	3.843414449224239e-07	1.0659281247648926e-05	-0.0005651296673594	-0.0002463887646316	6.070742333673525e-08	3.193715409297461e-07
794.3566048994452	-0.942588643008321	631002.4157473732	0.888473349928268	1198.922717025432	-4.896138227747088	23.97216954520639	1437415.681399644	790.1594430212766	-1.3169980154935956	1.7344837728140692	624351.9453956941	834.6433680628387	785.4179827045826	1.091954	25.938114	0.0898412772076689	0.0513029328999143	-0.1372471704	-0.0223974241	0.1189834403	-0.0251836897	-0.1435310935	-0.1456951699	-0.1204575423	-0.0200066901	-0.0518022343	0.1546129657	0.0899570685	-0.0362132541	0.0636439009	-0.0268148326	-0.0406332015	-0.1969183982	-0.0561281617	0.07991639	0.1905970959	-0.0298648285	0.0848423679	-0.1251180461	-0.0760851856	0.0619741697	-0.2164693721	-0.0304378347	0.0412840134	-0.0987518446	0.0791429682	0.1363523381	0.0641932561	-0.0735040858	-0.0752277641	0.0070906577	-0.0052182935	0.0428254692	0.0408423891	-0.1375062561	0.0546336709	0.0395463332	0.0951781894	0.0453824285	-0.0541209497	0.1094133601	-0.0388700299	-0.0126787355	-0.066013856	0.0066039737	0.0693475111	0.1040266818	-0.0497036216	0.0180798374	0.0309056857	0.0920047133	-0.0649188425	-0.0112699948	0.1908635604	-0.0939461448	0.0514079555	-0.1919353373	0.1291596491	0.1554451937	0.0469795905	-0.1020604231	-0.0642782142	0.0182371773	-0.054356975	-0.1087054191	0.0410710115	-0.246108686	0.015304958	-0.0839261668	0.0031802988	0.0707150575	0.0960164686	-0.0298600102	-0.118332507	0.0988622756	0.0572821077	-0.028848181	0.0754834567	-0.0170453874	-0.0584862633	0.0602621231	-0.175993582	0.0782696539	0.1426875677	0.0569223936	0.0098721291	0.1026947014	0.0298281162	0.1235434757	-0.0355750772	-0.1168578977	0.0287897812	0.008692319	0.0838544994	0.0112844637	-0.0463389144	0.1030664822	0.1330497861	0.1424552051	-0.11563273	0.1731098754	0.0802275367	-0.0656811734	-0.0839564753	-0.1065787098	0.1207700704	0.0061999511	-0.0333729485	0.0504534744	-0.1363075625	0.1453366218	-0.0633762829	-0.0902415451	-0.1602330817	-0.0249411233	0.0031186186	-0.0293374668	-0.062294499	0.0024992	0.0046618385	0.1392830481	-0.0064377398	-0.0162184812	-0.0789323193	-0.0825512202	-0.0235265052	0.1126387502	-0.1205247148	0.0283804415490465	0.0083110749909566	6.907396750530425e-05	0.0008054494625188	0.1254779092056139	0.0427126518366236	0.0157447056986122	0.0018243706269166	-0.2965963548254891	9.604926446371564e-05	0.0879693976957674	9.225461204020789e-09	0.0025692221082168	-0.0004163721917359	6.6009022413499785e-06	1.7336580205095717e-07	-0.0029356959375186	0.0003291595336545	1.0834599859564809e-07	8.618310637563211e-06	-0.0005362313704373	2.8898296922099938e-05	8.351115649978506e-10	2.875440826410649e-07
797.9580502487747	3.6014453493295377	636737.0499568261	12.970408604207355	1210.6235151574967	11.700798132064849	136.9086769273322	1465609.2954522937	793.0507962169224	2.89135319564582	8.359923301971296	628929.5653802947	837.6092779324568	813.7114376269635	1.154072	27.413647	0.1399423873531562	0.0656601280088425	-0.1872848729	0.0317017733	-0.1021325506	-0.0561361164	0.0776738198	-0.1922551525	0.0580200783	-0.0135402786	0.0456854011	0.0158411517	0.0175868033	0.178440612	0.0978407309	-0.0286724415	0.1910651006	-0.2060307327	0.0193055583	0.1193721921	0.1557679683	0.0521840052	-0.2421698288	-0.0401869607	-0.0215651207	-0.2185168641	-0.1611131945	-0.0060599205	-0.0450472215	0.004135481	-0.0660608	0.0111649771	-0.0494675459	-0.1887695394	-0.1293037784	-0.0773674402	-0.0228395947	0.0033218533	-0.079799309	0.0820633958	-0.0616999228	-0.0592831768	0.0171215858	-0.0851650705	0.0901053701	-0.0245994047	-0.0367202012	-0.0080249144	0.0280873376	0.1673802269	0.014391674	0.0156123667	-0.0202851171	-0.1888211816	0.0368729965	0.1057501568	-0.0706086105	-0.0015904173	-0.0889318427	0.0762497871	-0.0831490164	-0.0073250979	0.0694165712	0.1957419122	-0.0088905561	0.0647152938	-0.0742291079	-0.1756903279	-0.0673797055	0.0194197159	-0.1974916803	-0.1963606336	0.0086840664	0.0345159403	-0.0395040103	0.0205775859	0.1576112422	-0.0765260659	0.1096728938	0.0766562875	-0.0298156634	-0.0064408182	0.0085456702	-0.0441478578	-0.0395794376	-0.0424639992	0.0692384959	-0.0943563282	0.1618828331	-0.0397732659	-0.1714701082	-0.0179487533	-0.1392354387	0.0300716911	-0.1076041177	0.1390809455	0.010911878	-0.1955537493	-0.0026060578	-0.0871359118	0.0911090969	-0.0293448436	-0.0372606166	0.1238675271	0.0365708716	0.1030757952	-0.012575967	0.1606135955	-0.1321734196	-0.0861197439	0.0735175471	0.0511985839	-0.0757084051	0.1884716074	-0.0915705056	0.092584986	0.119832609	0.1160205657	-0.1273891437	-0.0110411225	-0.0503383578	0.0371249515	0.02191028	-0.1171053751	0.029579668	0.1515642014	0.087648529	0.2367857155	0.0455896718	-0.0851211787	-0.016850859	0.1073422654	-0.124700488	0.048477078185769	0.0200966366367225	0.0004038748041084	0.0023500271094291	0.1741217322949211	0.0486438230893071	0.0303183776573841	0.0023662215247438	-0.3077583787613207	-0.0111620239358316	0.0947152196977965	0.000124590778344	0.0019459812464104	-0.0006232408618064	3.7868430113809736e-06	3.8842917182518426e-07	-0.0032958163592902	-0.0003601204217716	1.2968671817695513e-07	1.0862405474164909e-05	-0.0003187945801894	0.0002174367902479	4.727875775330928e-08	1.0162998435813581e-07
796.057042045072	-1.9010082037027587	633706.8141895494	3.613832190545189	1213.1250585028463	2.501543345349546	6.257719108662599	1471672.407567534	791.7933581001264	-1.2574381167960382	1.581150617571567	626936.721931475	836.402458177486	800.7311334638368	1.275119	30.288971	0.1684898037713278	0.123146536996446	0.120305155	0.0056858473	-0.0775386533	-0.1100948594	0.1331348372	0.0711648478	0.1252067998	0.0112831414	0.1486111908	-0.2035451143	-0.0308832801	0.1601510634	-0.0038611568	0.2022538674	0.0944769002	0.0358120091	-0.1596939971	-0.0871193635	-0.1537958213	0.0240972333	-0.0352475215	0.0391818305	-0.0164682133	0.0948261718	0.1001111881	-0.0415376795	-0.1353950158	0.0534404658	-0.0671277568	-0.1134026701	-0.1213965363	-0.1757230279	0.0968219078	-0.1021082564	0.1513633158	-0.0144955775	-0.0212515546	-0.0496883554	0.0027807281	-0.0624673138	-0.0355964307	-0.0209188398	0.0492629101	0.0952023572	0.0621328862	-0.0354304674	0.0861456298	0.0281968059	0.0738901909	0.006395827	-0.1569130751	0.11218426	0.0254456358	-0.0083933673	-0.0485964986	0.1615197936	0.0338977668	0.0434292385	0.1256252516	0.0998206832	0.0350418093	-0.1047866897	-0.0637302607	0.079869828	0.1120424338	-0.0609197893	-0.0094017625	-0.0070825817	-0.1442271645	0.150370563	0.0030017047	-0.1449408588	0.1235592235	-0.0020474374	-0.0420432234	0.1036528295	0.2191644639	-0.1618048294	0.0335975369	-0.0133814077	-0.2008095601	-0.0074311372	0.0731522893	0.0444690801	0.0295918054	0.034941351	0.0678514652	0.0289563886	-0.0492397236	0.0526657673	0.0154877905	-0.0589148343	-0.1560430215	0.1159042968	-0.0736691411	-0.1140650873	-0.0119264013	0.0761659373	0.0167735244	-0.0406138392	-0.0472893792	0.0966647693	0.0274374527	-0.1687785268	-0.0141980126	-0.001333646	-0.0937263155	0.0337126391	-0.1216498032	0.0011133447	-0.0249392644	-0.0953006975	0.2026084045	0.0158395409	-0.1574067246	0.1328250811	0.0059131462	-0.0465461328	0.005182084	0.0355606901	-0.0202538983	0.0581430621	-0.0468419334	0.041100808	-0.0294240735	0.0419516148	0.156799529	-0.0876327994	-0.0101290257	0.1013839798	-0.1275100165	0.0464271580350441	-0.0020499201507248	4.202172624347975e-06	0.0021554810032109	0.0578161708569098	-0.1163055614380113	0.0033427096125553	0.013526983621411	-0.305152910155094	0.0026054686062266	0.0931182985761228	6.7884666580327965e-06	0.0027690094454124	0.0008230281990019	7.667413308783087e-06	6.773754163524757e-07	-0.0031709509886788	0.0001248653706114	1.5591360777922304e-08	1.005493017260306e-05	-0.0003161110782755	2.6835019138999965e-06	7.201182521904945e-12	9.99262138084993e-08
793.9711945651674	-2.0858474799046007	630390.2577992389	4.3507597094243735	1203.1396016871674	-9.985456815678845	99.70934781778708	1447544.901147956	790.593807439359	-1.199550660767386	1.4389217877474725	625038.5683614623	835.6761288652477	792.9534475908038	1.040917	24.725769	0.1108160150153122	0.061790087830628	0.1063436678	0.0178724383	0.0404914078	-0.0747001742	0.058834177	0.0993646248	-0.0163303316	-0.1150624716	-0.0757830954	0.0844905549	0.0618793166	0.089079847	0.0750928076	-0.0846539897	-0.032119144	-0.0307389814	0.0218349011	-0.017802015	-0.1259265376	-0.024525566	0.1415776985	-0.0994733402	0.0454824	0.0927572024	0.0719164873	0.1371832174	0.0304711239	-0.0514676366	-0.0184393965	0.0621511895	0.0271506355	0.1055860945	-0.0458772496	-0.0044994172	0.0129004916	-0.0831336095	0.1375224155	0.0588683072	0.0302723473	0.1248412507	0.0527426123	0.0438202163	-0.0022322069	0.0409710438	0.0790657626	0.0212651696	0.0130199214	0.0626754476	0.1541144876	0.0703582008	-0.0149604565	0.0594453582	-0.0462829739	0.1470434948	-0.0294831862	-0.1264283885	0.0495142419	0.1327918931	0.0186132706	-0.1411844055	0.2070185516	-0.101937919	-0.0393043887	-0.0759080754	-0.0084165858	0.0992731315	-0.0683109217	-0.0734938763	-0.0247268712	-0.0287584854	0.1504893338	0.0032475967	0.031272393	-0.0317284255	-0.0428882266	0.0850227606	-0.0306241219	0.0180414451	-0.0079781718	-0.0364612553	0.0824705491	-0.0678006442	-0.0167145267	0.09954842	0.0501551385	0.1154829075	-0.1512459172	0.0431964732	0.0190265844	0.0218765482	-0.1092284206	-0.0132029388	-0.1296612336	-0.0809212289	0.0579628542	-0.0352303628	0.0253638978	-0.0221713932	-0.0554754284	0.0542908747	0.0527302893	-0.1265801382	-0.02458063	-0.0412807508	-0.0102372969	-0.0935397204	-0.1326209688	-0.032293911	-0.1997583034	0.135480446	0.0385960721	-0.0255858184	0.0302771018	-0.0341247691	-0.0073815949	-0.045896591	0.0209215757	-0.1052980663	-0.0673295685	0.0604138387	-0.0309417397	-0.0552761582	0.0510565848	-0.0101201469	0.0706690516	0.0694461243	-0.0550768518	-0.090084361	-0.0033794295	0.0948006283	-0.1289225186	0.0386139384821859	-0.0078132195528582	6.104639978116569e-05	0.001491036245106	0.1076890834512198	0.04987291259431	0.0115969386945637	0.0024873074106396	-0.3387866981752481	-0.0336337880201541	0.1147764268604866	0.0011312316965846	0.0026949282721822	-7.408117323019986e-05	7.262638392206938e-06	5.488020227162881e-09	-0.0029350455852203	0.0002359054034584	5.565135938091762e-08	8.614492587321173e-06	-0.0003960463985466	-7.99353202711e-05	6.389655426843332e-09	1.5685274980173233e-07
794.1803177959297	0.2091232307623158	630722.3771744439	0.0437325256444688	1201.1663677459069	-1.97323394126056	3.893652186942682	1442800.6430038952	789.8807542096046	-0.7130532297544505	0.5084449084632532	623911.6058707337	834.9231587492484	790.102189719677	0.935386	22.219019	0.0347862260223107	0.0211871684997768	0.0786233341	-3.00298e-05	0.0713154273	-0.0785186145	0.0541520875	0.095734978	-0.0442079442	0.0165401388	-0.0698613963	-0.0975563684	0.0536526112	0.0214142707	0.0546647763	0.0132185496	0.0560303605	0.0375183957	-0.0028341707	-0.0236809254	-0.0963435902	-0.1276060893	0.0191619947	-0.0036277828	-0.194382973	-0.0660255474	-0.0689922876	0.1534860832	0.0207821221	0.0100740665	-0.0994015435	0.0659751242	0.0204048083	-0.0380220604	0.140425741	-0.0282956358	0.0589400085	0.0854958735	-0.0186876631	-0.0205476256	0.1702900456	0.0012808189	-0.096108908	0.1210885634	0.0637788171	-0.0875586643	-0.0772894074	-0.0981939804	-0.0753557092	0.0779953534	0.0197567952	-0.0645388491	0.0455473532	0.0141928319	-0.0986634512	-0.1120882499	0.0209013226	0.0199811721	0.0461794595	-0.054840612	-0.0734984996	0.2501369196	0.003685589	-0.0958166863	0.0748488101	-0.0522006527	-0.1139250579	0.034376142	0.0018312649	-0.0971580844	-0.0944118464	0.0167300303	0.0569009525	0.0177438793	-0.0649586442	0.0848641847	-0.0759147197	-0.0731987293	0.1277946286	-0.0972616129	0.0664705727	-0.0102285142	-0.0674087358	-0.0431478793	0.0853815719	-0.1492942546	-0.0645287264	0.0229300281	-0.0805407491	0.0265545968	0.0209936716	0.1021348393	-0.1067213904	-0.0724339636	0.1095577403	0.0420618168	-0.0379993237	0.0819170569	-0.0251908772	0.0058217443	0.1440844273	-0.1521611598	0.1107990191	-0.0409643493	0.0204756691	-0.1045647526	0.0028888875	-0.0507396149	-0.1083892679	-0.0076076502	-0.1179465783	0.0590289825	0.0310431998	0.039931171	0.0987023145	-0.08357523	-0.0044031893	0.0548071096	0.0408684305	-0.0190816533	-0.0971802996	-0.0353994108	0.0398481818	-0.0307674427	-0.0612427515	-0.0060389427	0.055488283	-0.02158404	-0.0789836663	-0.0924741833	0.0033794295	0.0876327994	-0.1289225186	0.0471769718701864	0.0085630333880004	7.332554080401128e-05	0.0022256666748403	0.107674399775675	-1.46836755448021e-05	0.0115937763670518	2.1561032750501923e-10	-0.3224453260871627	0.0163413720880853	0.1039709883154566	0.0002670404417212	0.0025760376378805	-0.0001188906343017	6.6359699117769455e-06	1.4134982924660592e-08	-0.0029349183870719	1.2719814839997137e-07	1.6179368956381142e-14	8.613745938772723e-06	-0.0003177214935831	7.832490496350003e-05	6.134790737541311e-09	1.0094694748467584e-07
793.1191343472273	-1.0611834487024223	629037.9612676952	1.1261103117999671	1203.854327002992	2.68795925708514	7.225124967749698	1449265.2406438268	790.5519601111204	0.6712059015158047	0.4505173622296441	624972.4016355345	835.4074271910148	792.686940841022	0.922631	21.916019	0.0308592525772522	0.018847035495563	0.0785140628	0.0688619069	0.0452890969	-0.0708826563	0.1057552694	0.0426125117	0.0486685911	-0.1223810451	-0.1008131046	-0.0305469191	0.0113676557	0.1018778982	0.0366558366	-0.0482865242	0.053213384	0.0056982354	0.0939779513	-0.1403718916	-0.0676655869	-0.0023237484	0.0078709475	-0.0063011853	-0.1121683077	0.0177454528	0.0079171142	0.0797007981	0.1113439632	-0.02168664	-0.0072588751	0.1407300156	0.0895100077	0.1754128416	0.021757635	0.0480161822	-0.0639615472	-0.1248921108	0.027991382	-0.0585909371	0.1131333282	0.0986374685	-0.0139040426	0.0067782014	-0.0571535081	0.0169229852	-0.0937198035	0.1232385037	0.1013828664	0.1447273092	-0.0594688761	-0.0292128262	-0.0431257246	0.0004046931	0.0086304901	-0.1453956181	0.0423684717	0.1941344099	-0.1759013242	-0.0969688713	-0.0196149693	0.063476854	-0.083882834	-0.0547246122	-0.0595998858	-0.0289815515	-0.0794849118	0.0868495895	-0.02314681	-0.0808257028	-0.0387968501	0.0462440636	0.0859781253	0.0912411315	-0.0491808775	0.1430600586	-0.0851829739	-0.0222553933	0.0327369607	0.1890254195	-0.0082936703	-0.0074868192	-0.0089012512	0.060660739	-0.0323591655	0.0838419192	-0.039042269	0.1125497497	-0.1612750272	-0.0524562662	0.0224981544	-0.0346789343	-0.0219050427	-0.0612422773	0.0618362958	0.042788584	0.0293145564	0.128357489	-0.0199366594	-0.051519757	0.1173892854	-0.1666664135	-0.0653699184	0.0260366982	0.0484838319	-0.0697639354	-0.0453266481	-0.0118619279	-0.1158103698	-0.0231439713	-0.1275731085	0.0720942326	0.1223894534	-0.0123090211	-0.0536057011	-0.0407640273	-0.0398549195	0.0590821925	0.0498448862	-0.0125130552	0.0613025831	-0.0838916134	-0.0397726073	-0.0564205808	-0.0441008754	-0.0378789386	0.0563534973	0.0632361017	-0.0951591278	-0.0948006283	0.0101290257	0.0799246852	-0.1275100165	0.0447824689199052	-0.0023945029502812	5.733644378905374e-06	0.0020054695225622	0.1237142060806348	0.0160398063049597	0.0153052047861617	0.0002572753863006	-0.3226369210147339	-0.0001915949275712	0.1040945828018676	3.670861627101478e-08	0.0026390697203206	6.303208244010008e-05	6.96468898871305e-06	3.973043416735573e-09	-0.0027534293086106	0.0001814890784612	3.2938285600731875e-08	7.581372957515847e-06	-0.0003178673005705	-1.458069874000329e-07	2.1259677574673353e-14	1.010396207719766e-07
792.5616874686652	-0.5574468785620184	628154.0284431782	0.3107470224185376	1199.4278039810506	-4.426523021941421	19.594106063777406	1438627.0569628056	790.2498308807817	-0.3021292303386644	0.0912820718250337	624494.7952071041	835.0332037025775	786.488414242154	0.928194	22.048166	0.0584011501260951	0.0296674116996864	0.1053459042	0.0313464995	0.0452813987	-0.065966855	-0.0629319517	0.0669697999	-0.0254039883	-0.0203457331	-0.1498177678	-0.0673818142	0.0945850448	0.0295905203	0.0093509541	-0.0291208384	-0.0414939809	0.0618797668	-0.0731345985	-0.0746787972	-0.1094077922	-0.0190787385	0.0780497892	0.0042056539	-0.1440121241	-0.0551342962	-0.0139857082	0.133218471	0.009237817	0.0587451051	0.1241928315	0.0459348899	-0.1283768639	-0.0366775877	0.0784724449	0.1688350528	0.0359903716	-0.0682834097	-0.0859713865	0.0229834989	0.048297015	-0.0525182606	0.0464938253	-0.0273882814	-0.0198910717	-0.0709131446	0.0166082878	-0.0686359213	0.0808782567	0.0542534096	0.0353589143	0.0976782718	0.0537239053	0.0616066479	0.0755470788	0.0046648347	-0.0074658312	-0.0289383238	-0.0352191315	0.1252423299	0.0069854231	0.1365137381	0.0298960296	-0.0816088939	0.0187148343	-0.0227521035	-0.0863736353	0.0279270081	0.0521484243	-0.199477909	-0.0788582699	0.1114083201	0.0119806962	0.070401838	-0.0283306641	-0.0513894105	-0.0041039617	-0.0030441177	0.1958409375	-0.0184304886	0.0217999406	0.0890080282	0.039633314	-0.002383306	-0.0230633265	-0.1443837213	0.0319518385	0.0617283364	-0.0328670462	0.0715209235	0.1432588823	-0.0559224323	0.1421342594	-0.0102148766	-0.0262197036	0.0657984217	-0.0527362983	0.0493640642	-0.1205480464	-0.0375614295	0.0257188978	0.0017194304	0.0658493632	-0.1018448902	-0.0104736073	-0.1052788555	-0.0466710734	-0.0148611167	-0.1457609209	-0.0326621279	0.0258970644	0.1844510489	0.0077728281	0.0426547877	0.0242465388	-0.0345984424	-0.0070725418	-0.0165469284	0.0352826368	0.0771175821	0.0871498525	0.0065659693	0.1475084193	0.0221983988	-0.0587658367	0.0117907062	-0.0408315625	0.1015497461	-0.0761334325	-0.0970621018	0.016850859	0.0717238087	-0.124700488	0.0338541723240268	-0.0109282965958784	0.0001194276664874	0.0011461049837449	0.1131306182269185	-0.0105835878537162	0.0127985367804047	0.0001120123318573	-0.3152637543954384	0.0073731666192954	0.0993912348355073	5.436358599589329e-05	0.0022310379386065	-0.000408031781714	4.977530283501542e-06	1.664899348887828e-07	-0.0029348591244402	-0.0001814298158295	3.2916778071962554e-08	8.613398080309898e-06	-0.0003187276841709	-8.603836003999682e-07	7.402599398372121e-13	1.0158733665694497e-07
795.6609399647576	3.09925249609239	633076.3313856017	9.60536603453491	1198.3244129586726	-1.1033910223779912	1.217471748264349	1435981.398692747	791.2161729808244	0.9663421000426524	0.9338170543148436	626023.0323864218	835.7674715629286	790.9597681845937	0.948413	22.528456	0.0400498085747177	0.0249062588269648	0.088467564	-0.0100012741	0.0486064547	-0.0912571861	0.0037705122	0.0737988881	-0.1109133601	-0.0076753052	0.0339049515	-0.0843590101	0.1128185634	0.0995085048	-0.0368005295	-0.1054253458	0.0151806208	0.1201003895	-0.0525369006	0.004378904	-0.0318577771	-0.0314796744	0.0093716664	-0.0508319698	-0.1565042343	-0.060952598	-0.0598904462	-0.0334419624	0.0493974665	0.0354153705	0.0418307035	0.0424907297	0.0118381686	-0.0505410995	0.0909363886	-0.0528168576	0.0900779689	-0.0060800472	-0.0283070606	-0.1806043865	0.0622991061	0.0509185538	0.0439728359	0.0141241462	-0.0152344579	0.1768450883	-0.1018906192	-0.0244880029	-0.0105381924	0.1005064232	0.1270976887	0.0056215694	0.1181531932	-0.0734856484	-0.0601592431	0.0641230318	-0.0305715042	-0.1274794495	0.0531065095	-0.0503533127	-0.1918009013	-0.0991712112	-0.0048403245	-0.0766569756	0.0513704964	-0.0793513831	-0.1073795622	-0.0899283623	-0.0850314145	-0.0855520649	-0.0306404374	0.007750773	0.0287162757	-0.0314070485	-0.0701538925	0.0198536003	0.0101335002	-0.0596691727	-0.0679435256	-0.0471434202	0.0940507526	-0.1355661861	0.0441042643	0.0856990482	0.0011606323	-0.0143975195	0.0381263398	0.2291950886	0.0420974641	0.0292580174	-0.0254109595	-0.0948130896	0.0138393698	0.0493345497	0.0029835406	0.0330636516	0.030258297	0.0708557613	-0.0430739146	0.0465007775	-0.0222795305	0.0375035748	0.07283024	0.0989786795	0.0432222306	-0.0734630535	-0.0094573216	-0.0621091809	-0.1007341013	-0.0019970304	0.0783448109	0.1310657823	-0.0354884959	0.146269166	0.0931711584	-0.0236393754	0.0547134404	0.0094555063	0.0324025015	0.0077161983	-0.0304280253	0.0759434793	0.0165053354	0.0313821873	0.0202309718	-0.0758857658	0.0600543746	-0.0052268363	-0.03179766	-0.0992570537	0.0235265052	0.063080731	-0.1205247148	0.035084597967085	0.0012304256430581	1.5139472630951782e-06	0.0012309290145119	0.1291669285661214	0.0160363103392028	0.0166840954352055	0.0002571632492952	-0.3337627183314851	-0.0184989639360466	0.1113975521480222	0.0003422116667071	0.0022611198236785	3.008188507200001e-05	5.112662857031892e-06	9.04919809485017e-10	-0.0029348033120362	5.581240400008222e-08	3.115024440268394e-15	8.613070480338649e-06	-0.0002631832085187	5.554447565220001e-05	3.0851887754778397e-09	6.926540124619753e-08
794.1462170745122	-1.51472289024548	630668.2140937581	2.2943854342336203	1203.725792483066	5.4013795243934055	29.17490076653633	1448955.7834889854	790.3635770626987	-0.852595918125644	0.7269197996045098	624674.5839473445	835.4777526375753	796.9710832942787	0.935102	22.212271	0.0313151268055994	0.019520250265164	0.0544966981	0.0015570328	0.0871546784	-0.0290947808	0.1143978828	0.0681251144	-0.0231957543	-0.1336181481	-0.0975661135	-0.0210879089	-0.0252138045	0.0826459466	0.0740685815	-0.0400001655	0.0538601386	0.2070827543	0.0420753464	-0.0230026848	-0.0880671617	0.0047096555	0.0935446762	0.0031923053	-0.11468141	0.0360552851	0.0184719457	0.0273561434	0.110402279	0.0206044818	0.0218695947	0.0076148902	-0.1714865831	-0.0771535175	-0.2137405478	-0.0375147526	-0.142124829	0.0657896154	-0.0378225496	-0.0526892089	-0.0357852162	-0.1159071746	-0.0389610533	-0.0079187315	0.1474218712	0.0196747798	0.0166028497	-0.1190687841	-0.0445958387	0.008717519	-0.036776163	0.0519085351	-0.0764072554	-0.0278640669	-0.1293009596	0.0010776215	0.0573640051	0.0010117941	0.1159647661	0.0004367584	-0.1646007506	0.0359598464	0.0468108842	-0.0818554165	-0.0142845007	-0.0710043265	0.0023631353	0.0800911086	-0.0212429791	-0.0789654939	-0.1020873872	0.1102971243	-0.0500257805	-0.0669559313	-0.0338762456	0.0333363807	0.0508638725	-0.0372507818	0.077417372	0.0935137709	-0.003769912	0.0016655732	-0.001046973	0.0708316633	-0.020445354	-0.1575181089	0.0942029761	-0.1026455781	0.0809585866	-0.1116178484	0.0064638702	0.091896782	0.0511968065	-0.1126165451	-0.1577883697	-0.1240781546	-0.0443579842	0.0731876416	0.0631103141	0.1210937369	-0.0526342067	-0.0700362055	0.1228071728	0.1011313603	0.0755080626	-0.0589687975	0.0175350594	-0.1210278202	-0.0927994735	0.0272943598	0.0194328092	0.1274074731	-0.0578403579	-0.0003008557	0.1776653638	-0.1117833361	0.1763208716	0.0412776759	0.0467302414	0.0325601822	-0.1045024034	-0.0376428056	0.0809793382	-0.0151408056	-0.0914205594	0.0187145303	-0.0468113029	-0.0198941414	0.0006751101	-0.1013839798	0.0301376669	0.0540487397	-0.1150284477	0.0336225412858368	-0.0014620566812482	2.137609739182501e-06	0.0011304752825177	0.111347512470644	-0.0178194160954773	0.0123982685334002	0.0003175315899837	-0.3336287535957112	0.0001339647357738	0.1113081452258277	1.7946550430963525e-08	0.0023668150143856	0.000105695190707	5.601813312321107e-06	1.1171473338610172e-08	-0.0029346592535044	1.440585318001654e-07	2.0752860584419264e-14	8.612224934179001e-06	-0.0001310286718956	0.000132154536623	1.7464821550066273e-08	1.7168512858724797e-08
794.9099531983559	0.7637361238437279	631881.8336938124	0.5832928668638421	1200.942544101147	-2.7832483819190657	7.746471555455097	1442262.9942321354	790.257382848925	-0.1061942137737332	0.0112772110390213	624506.7311472323	834.7582621545619	785.5988118421463	1.012268	24.045254	0.0445831693136333	0.0231205878254231	-0.041402353	0.0100118015	0.1197627622	-0.0801992904	-0.1309672565	-0.0250170718	-0.1297974214	-0.021768556	-0.0684019933	-0.02602645	0.1267490019	-0.0343983286	0.1306083034	0.0556004858	-0.0791068528	0.0925129745	-0.0098002176	0.0055869836	0.0726398548	0.0176944847	0.062208447	-0.0348944207	-0.0414205227	-0.0143288965	0.0154468087	-0.1017448343	0.1822514259	-0.007500436	0.005778188	-0.0015028499	0.1312952498	-0.0621022161	0.0379382263	-0.0022154403	0.0036794916	0.0244271815	0.0084330134	0.0100123052	0.093426422	0.0799329754	-0.0857862596	0.0021922363	0.092556998	0.0182305591	-0.0464765186	0.1170605979	-0.0064803443	-0.003885576	-0.1629264462	-0.1211718789	0.0602170805	-0.0224191145	0.0414262355	-0.0618524987	0.0018973557	-0.2060366292	0.114560643	0.0564869096	-0.0126455606	0.0777933905	-0.0146428869	0.0407732707	0.0406891616	-0.0879103445	-0.1199243767	-0.0204090076	0.0398195687	-0.0074963168	0.0318290717	0.0786178681	-0.0735478187	-0.041158946	0.0158633955	0.1399994432	0.0433238431	-0.1280953164	-0.1186571951	0.0332854529	-0.0472813907	-0.0709204926	-0.0641773107	-0.0737485612	0.0421192969	0.0643658292	-0.0461366586	0.1058681874	-0.0792973446	-0.0350392806	0.0412457441	0.1546083236	-0.0362194781	-0.0843495365	0.1488132814	-0.0423138628	-0.1173865075	0.0321406258	-0.0063098422	-0.0009474614	-0.0906169204	0.066686121	0.0369806003	-0.0542797484	0.1508803828	0.0597545595	0.0307221581	-0.0938753519	-0.0819037971	0.0001571233	0.0412489991	-0.0567424575	-0.0541056172	0.054949144	0.1411525529	-0.0045239976	0.0196155257	-0.0629487868	0.0232068093	0.06930621	-0.0661802111	0.0234507008	-0.0035164076	0.1378573896	0.0104224204	-0.0914466394	-0.0518424499	0.0687452007	0.0285008997	-0.1034414224	0.0366662233	0.0446835199	-0.1082719048	0.036936812560981	0.0033142712751441	1.098439408524596e-05	0.001364328122165	0.1063440131913324	-0.0050034992793116	0.0113090491416382	2.50350050380718e-05	-0.3244540749617286	0.0091746786339825	0.105270446759271	8.417472803685647e-05	0.0027818113648225	0.0004149963504368	7.73847446945562e-06	1.7222197087594625e-07	-0.0030596930665871	-0.0001250338130827	1.5633454413999616e-08	9.361721661721173e-06	-0.0001292444329113	1.784238984299996e-06	3.183508753095881e-12	1.6704123438563526e-08
796.9776397476213	2.0676865492654315	635173.3582576893	4.275327666013188	1199.838472991294	-1.104071109852839	1.2189730156116798	1439612.3612700803	791.9780144082196	1.7206315592945884	2.960572962840527	627229.1753059861	835.8847158075099	797.6861171694029	0.975834	23.179802	0.0688804137386183	0.0402946313721791	-0.0902761971	0.0658040908	0.0660675739	-0.0983086782	0.0791201803	-0.0962038771	-0.0782704178	-0.0173576376	0.1206924857	-0.0718530224	0.0053503311	0.1317623483	-0.0657320946	0.0280161116	-0.0984785931	-0.0254186856	0.08867393	-0.0535479482	0.0369817424	0.0693938554	0.0473179635	-0.0496094663	-0.0434598303	0.0884701403	0.0454792708	-0.0806440501	-0.0005125028	0.1263647557	0.0486724207	-0.1316428005	0.0941388782	0.0060526509	-0.0014026475	-0.0395505019	-0.0042827985	0.0400340179	0.0968543944	-0.1983382518	-0.0444286788	0.0364946791	-0.0926760543	-0.0514778433	-0.0351840134	-0.166374352	0.0048641106	-0.0222727459	0.0967562092	-0.0116374982	-0.199501269	0.0543557766	-0.0482249921	0.137431398	-0.0539479474	-0.0013183293	0.0434362516	0.0935720032	-0.0539973396	0.0017897784	-0.1190628733	-0.0098900184	0.0645706285	0.0774623198	-0.0237684013	-0.0264175032	-0.0231326448	-0.063733294	-0.0327466573	0.0777871157	-0.0318469038	0.1135986008	-0.1606444081	-0.120697966	0.125656972	0.1089950874	-0.0321997912	0.001838104	-0.0454827619	-0.003509896	0.156155855	-0.0183194457	-0.0247755725	-0.0141091504	0.152927005	0.084479249	0.0376660239	-0.0726331951	-0.0924111905	-0.0396156889	0.099430896	-0.0282060841	0.1036325122	-0.0961766794	-0.081815503	-0.0701712276	0.1705877656	-0.011835746	-0.1350754316	-0.1086611978	-0.0124309912	-0.0037841679	-0.1669934676	-0.0600156395	0.103729627	0.088745802	-0.0112424803	-0.0380106184	-0.0682653462	0.0205384717	-0.0033597094	-0.0041821252	-0.0147093876	0.0436108359	0.1541229829	0.0270874074	-0.0618880146	0.030848978	-0.0335735139	-0.0505195616	-0.0679782686	-0.0153722747	0.0061666435	0.1528036949	-0.0417284552	0.1223585551	0.0779199578	-0.0888277714	0.0630715218	-0.1054279714	0.0430942802	0.0350428114	-0.1003291122	0.0479143366114982	0.0109775240505172	0.0001205060342796	0.0022957836529199	0.1314772891108333	0.0251332759195009	0.0172862775519336	0.0006316815584457	-0.3218566393278834	0.0025974356338452	0.1035916962794392	6.746671871968999e-06	0.002219809170016	-0.0005620021948064	4.927552751287123e-06	3.158464669673229e-07	-0.003020154945422	3.953812116510008e-05	1.5632630252661344e-09	9.121335894356964e-06	-0.0001311476796348	-1.9032467235000135e-06	3.6223480905135376e-12	1.7199713873592138e-08
794.6891955820078	-2.288444165613555	631530.9175747785	5.23697669913072	1204.333131181433	4.494658190138807	20.201952246181857	1450418.2908612746	790.0654049605564	-1.9126094476631577	3.6580748992903698	624203.344115488	835.2233712447721	799.8948480657169	0.924758	21.966551	0.0330276736093893	0.0234918642492978	-0.1033562247	0.0581097657	0.0335096433	-0.0747818401	0.0524041972	-0.1284736048	0.0079173032	-0.0677344859	-0.0714145647	-0.084752835	-0.0653644581	0.1095286791	-0.0227942004	0.0231160168	0.0160439464	0.0441014134	-0.0904350747	0.0994807482	0.0698896048	-0.0031074508	0.1725883177	0.0617527234	0.1665903998	-0.0856057955	0.0746523436	0.0898791584	-0.1290783188	0.048037905	-0.0471480683	0.0592024489	-0.0085504735	0.0450901076	-0.0097406385	-0.016434959	-0.0951065711	0.0116020545	-0.044913555	-0.002687224	0.0282207237	0.1284693947	0.0246303767	-0.0840807326	-0.0205254336	-0.0721647178	-0.0978216586	-0.0872051429	-0.0613690872	-0.1039020784	-0.0392202807	0.0467199837	-0.048680529	0.0978356959	-0.00892689	0.1004379377	-0.0483913138	-0.0207182785	-0.0116134519	-0.1569650347	-0.010343016	0.1512490277	-0.1240258979	0.0915995468	-0.0392480293	-0.0365473063	0.0197171557	0.1511735689	0.0265426919	0.1117501961	-0.1286771966	-0.0289228102	-0.0818934222	0.1231228019	0.1082393255	0.0382027408	-0.0588161923	-0.065030478	0.0409594442	0.0072646907	-0.0180408897	0.1683907686	0.0118198619	0.0115599598	0.0546018769	0.1063867483	-0.0014425991	-0.0785946804	0.0357327554	0.1229326662	-0.058767257	-0.0923489322	0.0393656121	0.0513737918	-0.0088314478	-0.1671050555	0.1207362022	-0.0731726362	-0.107743555	-0.0519674256	0.1801432716	-0.0143472497	0.1938742267	-0.1646061334	0.0258898093	0.0808395394	0.0073978962	-0.0697956388	-0.0944280742	0.0656838689	0.0722318717	0.0153490678	-0.0870520573	0.0316413353	0.1726841475	-0.0433567853	0.0285736599	0.0616318877	0.0229357664	-0.0922836235	-0.0291561794	-0.0795185351	-0.0457121272	0.0726201839	0.0206304886	-0.0107385696	-0.0952164675	-0.1881408742	-0.0112373998	-0.1073422654	0.0494042187	0.0251860523	-0.0912870929	0.0452834359774101	-0.0026309006340881	6.921638146445167e-06	0.0020505895739201	0.1091082232580333	-0.0223690658528	0.0119046043825248	0.0005003751071269	-0.3282075752284896	-0.0063509359006062	0.1077202124373646	4.033438681360872e-05	0.0022248024167998	4.993246783800004e-06	4.949745793798232e-06	2.493251344392908e-11	-0.003048657771286	-2.8502825864000145e-05	8.124110822335155e-10	9.29431420642252e-06	-0.0001311083278447	3.9351790100025095e-08	1.5485633840764325e-15	1.7189393630233338e-08
794.2503881085225	-0.4388074734852125	630833.6790105387	0.1925519987864755	1203.6505835999833	-0.6825475814496258	0.4658712009427335	1448774.7274005804	789.430288278336	-0.6351166822204277	0.4033732000346837	623200.1800512166	833.7766436916481	792.8770672962779	0.940119	22.331432	0.0337204541930304	0.0193985329774971	-0.1042950617	-0.0259458345	0.0440897038	0.0393188651	-0.0809697329	-0.0854163905	-0.0274113119	-0.0118601073	-0.0502591852	-0.0858024526	0.0228728366	-0.0544861489	-0.0096920829	-0.039228099	0.0421569702	-0.1013338943	-0.0204718259	0.0604941194	0.0959219003	-0.0851268686	0.043731331	0.0901835301	0.1078429186	0.0024518972	-0.0884786587	-0.0123734376	-0.0353180591	-0.1497600225	-0.0384341193	-0.0113860577	-0.0470450252	0.052453667	0.1809493666	-0.0717611736	0.0951815992	-0.075655383	0.1163474358	0.1673747052	-0.1042793898	-0.0334968044	-0.164484527	-0.0467628149	0.0093510913	0.1174280199	-0.0005489043	0.0445082589	0.0393944925	0.0312324192	-0.0472420241	0.0761230657	0.0136346796	-0.0153102022	-0.0243301347	0.1311266886	-0.0811252321	0.1826974178	-0.0802693361	-0.0977431055	-0.2257357063	-0.0703726866	0.0811752461	0.0874871146	0.039781611	-0.0063193168	0.0085998742	0.0962364927	0.1141274717	0.0104201505	-0.0052573606	-0.1405094124	0.0229223992	-0.0251803451	-0.0227807001	-0.0954733809	-0.0039917014	0.0575833217	0.0350932013	-0.0921278699	-0.1212200119	-0.1423482683	-0.0960984972	-0.0829889358	-0.0094912271	0.0735393319	0.075394103	0.0265153064	-0.0868697924	0.1199960038	-0.0751484051	0.0405469296	0.139150257	-0.0701920604	-0.0127514971	0.0322635862	0.015607281	-0.0745211469	0.2062672177	-0.0350202561	0.0383273584	-0.0039766993	0.0043364752	-0.0393148454	-0.0512691917	0.0657559488	0.0769222383	-0.0371270291	0.0166265757	-0.0208869697	0.0874643222	0.0279298222	-0.1000572076	-0.126959704	-0.0008711487	0.0875573487	-0.0693065388	-0.0227527815	0.0923990908	-0.0287916916	-0.0620153706	-0.1018116768	-0.0398912215	0.0655415932	-0.124601231	0.0409277545	-0.005546187	-0.1829490114	0.0549298825	-0.1091829923	0.0555787436	0.0151740128	-0.0812449131	0.0418579996119063	-0.0034254363655037	1.1733614294115867e-05	0.0017520921315103	0.1028677833637914	-0.0062404398942418	0.0105817808541799	3.894309007364572e-05	-0.3120369565571437	0.0161706186713458	0.0973670622574447	0.000261488908214	0.002130902960963	-9.389945583679988e-05	4.540747429040882e-06	8.817107806447132e-09	-0.0030500798055483	-1.4220342623000835e-06	2.0221814431553428e-12	9.302986820213555e-06	-6.875063270502186e-05	6.235769513967813e-05	3.888482143133037e-09	4.726649497340821e-09
792.9660159527301	-1.2843721557924257	628795.1024559455	1.6496118345748825	1199.9943448330494	-3.6562387669339382	13.368081920830608	1439986.4276312997	789.0015017123467	-0.4287865659892986	0.1838579191728951	622523.3697043383	833.6270711158123	792.8486903976826	0.902413	21.435774	0.056371505350545	0.0322152557701527	-0.1316134806	-0.0021167011	0.0501138103	0.0106088733	-0.0924160785	-0.1342460729	-0.062252578	-0.010447974	-0.1108013877	-0.1029315189	0.0180148369	-0.000651252	-0.0279497619	0.0229662193	-0.1594233396	-0.1030259567	-0.1276803619	-0.0360427822	0.0827504163	-0.0440046329	0.1311314752	0.0141484443	-0.126628117	-0.1466831137	0.0645505562	-0.2102018708	0.075026683	0.0291270447	0.0141626849	-0.0739844763	-0.1462781689	-0.099621635	-0.0349426744	0.1271250301	-0.1732185555	-0.0390978551	0.0739605022	0.0566599727	-0.0772017703	-0.0311655426	0.0213734312	-0.0101194169	-0.1430228736	0.1216044262	0.067221198	0.0213346529	0.0263376895	0.0101981653	-0.0628040615	0.0100381043	-0.082431805	-0.0540206935	0.1359338649	0.0296907337	0.0134345085	0.0551074439	-0.0847717005	0.0263940752	0.2351424777	0.000135671	0.024795677	0.1275232156	0.0303560324	-0.0622775375	0.0392006696	0.0505829683	0.1138639656	-0.1235632677	-0.0268324711	0.0711223852	-0.0953549826	0.0798519015	0.039292337	-0.0072168352	0.2134254937	0.1312268292	-0.0215229068	0.1626292942	-0.0278777528	-0.0496299267	-0.0341479704	-0.0317471256	-0.0924179934	0.0625947487	-0.0733163969	-0.0599250063	-0.1004211496	0.0688704606	-0.0141706291	0.0150328762	0.1223296364	0.1429773015	-0.0823573461	0.0535712355	0.0754741509	-0.083609332	0.0449041821	0.1113802595	0.0127493113	0.2382335435	-0.0709631074	0.0211851475	-0.0303368419	0.1009753035	0.0770912581	-0.0414358005	-0.020188515	-0.089267534	-0.0213197968	-0.024744298	-0.035206419	-0.1275493551	-0.0570140456	0.1270726773	-0.0546911056	-0.0806805798	-0.0079508915	-0.0568067703	-0.0395674319	-0.0170724594	-0.1741376002	-0.002849878	0.0082253127	0.0111749358	0.003536226	-0.0620455939	0.0162431814	-0.1109488906	0.0616009311	0.0050684204	-0.0703125971	0.0395881280507239	-0.0022698715611824	5.152316904264652e-06	0.0015672198825605	0.0992858373145253	-0.0035819460492661	0.0098576774912463	1.2830337499853076e-05	-0.3185701076893963	-0.0065331511322526	0.1014869135132335	4.268206371685359e-05	0.0025052166784306	0.0003743137174675	6.276110605886849e-06	1.401107590844142e-07	-0.0031151470158499	-6.506721030159974e-05	4.233741856432607e-09	9.704140930358536e-06	-0.0005091004370927	-0.0004403498043876	1.939079502242664e-07	2.591832550479782e-07
793.9067006021519	0.9406846494217688	630287.8492609948	0.8848876096577563	1200.7693671043885	0.7750222713391395	0.6006595210716787	1441847.0729762735	790.5495058627373	1.548004150390625	2.3963168496266007	624968.5212198182	835.0190756776683	789.1026152769724	0.931202	22.119623	0.0584128404402061	0.0299087848196199	-0.1124019271	0.0068578361	0.0200990229	0.0194651135	-0.2268892106	-0.1170177547	-0.0611512361	0.0968537104	-0.0042412119	-0.0579023886	0.048310418	-0.0854057659	0.0609128665	0.1094666389	-0.2139007111	0.0565764028	-0.0236059145	0.0367177905	0.0836536519	-0.0130602858	-0.0451285074	0.0021302273	-0.0667470504	-0.1041311846	0.0032606387	0.0132212234	-0.1374781057	0.0702920325	0.1088287598	0.0399743015	-0.0929994185	0.0384768208	-0.0104181967	-0.0839942162	0.0163538562	0.0862932963	-0.1306701478	0.0808322027	-0.0396771158	-0.0144357825	0.0332975286	-0.0524326967	-0.0431292035	-0.2412285352	0.0716479528	0.1217306825	0.1562898978	-0.0881668079	-0.0371543858	0.0097712809	-0.2184090702	-0.0318660634	0.0713115798	0.0202234562	-0.0802493491	-0.2282996071	-0.1241068115	-0.1707074245	-0.1106906728	0.0439172894	0.0213201215	0.1278783613	0.0600931469	0.0074938037	-0.0200429271	-0.0963463879	0.0489881213	-0.1282766085	-0.0164827184	0.0388785131	-0.2046166591	0.126290212	0.0028833425	-0.0105310722	0.0479959628	0.1617632788	0.0394785185	-0.2270849562	-0.0722816514	0.0258641315	0.0755059718	0.0145947243	-0.0395414236	0.1044187213	0.0781313992	-0.0827263908	0.0497691278	-0.0926024964	0.0610092278	-0.2636595001	-0.0058051734	-0.118231871	-0.0424602529	-0.0525208992	-0.0379374402	0.0953491848	0.1111475674	-0.1148847191	-0.0002500562	-0.0592480535	0.0683964264	0.0131783828	-0.0041998198	0.1068735343	0.0568294529	0.0079031671	0.0039762167	-0.060753014	0.0906806636	0.0227710963	-0.0517455227	-0.1230999931	-0.0770477133	0.1329140855	-0.142069326	-0.1756016396	0.0967202406	-0.0617037037	0.0480639919	-0.0559224231	-0.0514881287	0.0557918626	-0.0087052901	0.051511666	0.0347536816	-0.0057654994	0.0528138427	-0.1126387502	0.0674542747	-0.0050684204	-0.0586099215	0.0433965840270218	0.0038084559762979	1.4504336923399237e-05	0.0018832635052143	0.1060072436467294	0.006721406332204	0.011237535705577	4.517730308259333e-05	-0.3214780330394404	-0.002907925350044	0.1033481257269075	8.456029841429e-06	0.0021302935565383	-0.0003749231218923	4.538150637028599e-06	1.4056734732946858e-07	-0.0032616516662495	-0.0001465046503996	2.1463612588709036e-08	1.063837159194814e-05	-0.0001310271537514	0.0003780732833413	1.429394075764709e-07	1.7168115020193013e-08
795.4569730291255	1.5502724269736063	632751.7959406589	2.403344597834636	1198.6126291477933	-2.15673795659518	4.651518613418351	1436672.2347525854	790.8532614441618	0.3037555814245252	0.0922674532465513	625448.8811368678	835.3962589068192	799.9295803209146	0.923617	21.939444	0.0844550813662575	0.0466780099591547	-0.1106941986	0.0051223501	-0.0235494094	-0.0288038973	-0.0457419459	-0.0988143975	-0.0788160998	0.0211981394	0.125739826	-0.0374550289	0.0739522929	0.0819080151	0.0134932686	-0.0873703731	-0.2308602245	0.0323113954	-0.0140293404	0.1261372721	0.1298047871	0.0699402145	-0.052651657	-0.0067078109	0.0426712163	-0.1385082414	-0.0653620178	-0.0523272611	-0.0114762776	0.0668494183	0.0289925462	0.1014145774	-0.1993847338	-0.119050157	0.0995487904	-0.0278740882	0.0237115598	-0.1402368558	0.0613695129	-0.0310116185	-0.1594849627	0.0944232412	0.1114030825	0.1218993531	0.1866866925	-0.0083851993	0.1257290066	0.0561706953	-0.0137978719	-0.0953731176	-0.0390626115	-0.0626101987	0.00022858	0.0334717776	-0.0341151633	-0.0666292232	0.0248891057	-0.0791573811	0.0895964813	-0.0116119718	0.1998109893	-0.0307029156	-0.0306247703	0.1380132539	0.0231556565	-0.0430520724	0.0654288019	-0.063201914	-0.0906616533	-0.061767449	-0.0311907742	-0.1203507284	-0.1762053932	0.0762093086	-0.0918087529	-0.1257042252	0.080190137	0.1231707011	0.0578379951	-0.0686548226	0.0553293799	-0.1047987073	-0.0409105107	0.1219119562	0.0074898134	-0.0523409594	0.0605896074	-0.0652587627	-0.1537533303	0.0280921578	0.0042920206	-0.0809556902	0.0308562554	-0.0221789907	0.1435774805	0.147626629	-0.020910582	0.0624357719	-0.0941408296	0.0918946319	-0.2089132943	0.1115730241	0.0359394722	-0.0124032371	-0.131363866	0.1391730209	0.0684921413	-0.0237746075	-0.0011889883	-0.0513817129	-0.0990393787	0.0049770058	-0.0324700413	-0.0429792455	-0.0529242306	0.1720250528	0.0509158179	-0.0991972424	0.054306278	-0.1102053795	-0.0688872651	0.039581753	-0.0820191024	-0.0379330839	0.1211966669	0.0425889594	0.0330779832	0.0346663826	-0.0132599117	-0.1142514127	0.0731227308	-0.0151740128	-0.0462651033	0.0356416583423282	-0.0077549256846936	6.013887237512055e-05	0.0012703278093912	0.1089461725326401	0.0029389288859107	0.0118692685095117	8.637302996440386e-06	-0.3481952752124186	-0.0267172421729782	0.1212399496802519	0.0007138110293295	0.0026788281565815	0.0005485346000431	7.1761202924938364e-06	3.008902074445532e-07	-0.0033810505362854	-0.0001193988700358	1.4256090165849696e-08	1.143150272891579e-05	-0.0004039733761258	-0.0002729462223744	7.449964030845544e-08	1.631944886184771e-07
796.1944939547327	0.7375209256072139	633925.6722038329	0.5439371157085215	1202.4843026019155	3.871673454122174	14.989855335354326	1445968.498004015	791.6701530800946	0.8168916359327341	0.6673119448568585	626741.6312778604	835.9802400485371	804.3483078536533	0.930817	22.110481	0.1044575216532483	0.0509447617422588	-0.1320652491	0.0137837184	-0.0873424097	-0.0561194581	-0.028762654	-0.143842138	0.0028496223	0.051850998	0.0376135795	0.0973653409	-0.0244574785	0.0605141109	0.088188316	-0.0816834514	0.0372740786	0.0385789594	-0.0528596834	0.0425203367	0.1433647998	0.0236097697	-0.1636471174	-0.075944633	-0.0293161492	0.0203234264	-0.0835139257	-0.0688779063	0.1123747498	0.0732684359	0.0046780485	0.0838933924	-0.0792374766	-0.0372476795	0.102482478	0.0161566877	0.1288743537	-0.077225283	-0.0324331537	-0.0646036197	0.1092641846	0.0546219777	-0.0963999509	0.0213022395	-0.179829827	-0.0207285939	-0.0802363643	0.0383734762	-0.0083605094	-0.0571241004	-0.0573708315	-0.1183689057	-0.1720696251	0.0495511382	-0.1226331856	0.0155868441	-0.012818658	0.0310568341	-0.0948390809	0.0651751096	0.0224594363	-0.0223022497	-0.002277673	0.1392040527	0.0098904079	0.0562355692	0.0270387315	-0.0914210197	-0.0796586682	-0.0285084838	0.0037900092	-0.0744406357	-0.0530540117	-0.0297369155	-0.103296014	0.081725555	0.0803940965	0.0067747331	0.0810583842	0.0175145496	-0.0368856035	-0.0321435229	-0.0449139929	0.0134159629	0.0406943443	0.0967713762	-0.0264594905	0.132195273	0.0237713739	0.0184702803	0.1208982992	-0.0783688155	-0.0190767226	-0.0339760769	0.1882055891	0.0724321372	0.0614774982	-0.0942893528	-0.0235902984	-0.0628820849	-0.0550583544	-0.1683257827	-0.039175312	-0.1479570212	0.051621398	0.1295029595	0.0077807262	0.122674568	-0.0597481181	-0.0542491467	0.0669050053	-0.031351811	-0.0617700414	0.0089601285	-0.0199488491	0.1463928771	0.0131791552	0.0384838337	-0.0870598657	-0.0026822102	-0.0214471945	-0.0708685239	-0.087751126	-0.0403057748	0.0422020961	-0.0561552928	0.0625220739	0.1629058296	-0.0851186211	-0.1157857731	0.0785907625	-0.0251860523	-0.033413395	0.0477037669167828	0.0120621085744545	0.0001454944632619	0.0022756493780507	0.118826888223495	0.0098807156908549	0.0141198293648789	9.762854256350622e-05	-0.3286799445164448	0.0195153306959738	0.1080305059273332	0.0003808481321732	0.0020138038799904	-0.000665024276591	4.05540606706439e-06	4.422572884555153e-07	-0.0030581400879978	0.0003229104482875	1.0427115761329867e-07	9.352220797819193e-06	-0.0001319207671652	0.0002720526089606	7.401262204226915e-08	1.7403088809454908e-08
796.9933777869039	0.7988838321712137	635198.4442361785	0.638215377304564	1205.6679882942362	3.1836856923207506	10.135854587487858	1453635.2979974705	791.3259201925405	-0.3442328875540852	0.1184962808738234	626196.711968571	835.3204344590185	811.140749084098	0.923212	21.929825	0.0337473909370104	0.0183379673031667	-0.0816692145	-0.0274997787	-0.1624243102	-0.0283720171	0.0360383787	-0.0630892736	0.05708907	0.0947515164	0.0498013677	0.0428820234	-0.0342142078	-0.0026157111	0.0002545572	0.0137101371	0.0599083116	0.0093186763	-0.0566447362	0.105605949	0.0943610957	0.0036163662	-0.1779234853	-0.0364547475	0.0626891709	0.1580636271	-0.0260275573	0.0702401338	0.020171845	-0.0018133435	0.0836701825	-0.0278684967	0.0306609466	0.0776967861	-0.0488788677	0.1446876255	0.1164042655	0.0211151135	-0.0960059033	-0.043063163	-0.0519928057	-0.0636057202	0.0120381416	0.0517714496	-0.1069763104	0.0251752617	-0.0312526613	-0.1435827456	0.1282111949	-0.0124400191	0.0223534542	0.0971936175	0.0991297671	0.086028856	0.0140283013	0.2017421173	-0.0379301454	0.0799830917	-0.0138454529	-0.0492355512	0.1394531041	0.1828700739	-0.0419201303	0.069155877	0.0246982243	0.1458200264	0.0294329078	-0.0535216416	-0.0412160965	0.0473297564	0.0834945221	-0.0669085228	0.0776492379	-0.1112975527	0.0118016741	-0.0290422771	-0.0902461499	-0.0028750831	0.1555958729	0.0740223085	-0.0399859521	0.0779265814	0.0941551758	-0.1194595397	0.0134435983	-0.0745571509	0.0343042234	0.0126498163	-0.0314752253	-0.0418001311	0.2129341935	-0.0686657759	0.1149282515	0.0070979346	-0.0753569208	-0.0680125417	0.1676902178	-0.0436315182	0.0438765055	-0.0920617887	0.0033649555	0.0126270246	-0.0435798345	0.1268196904	0.0209406689	0.0656308782	-0.0022555664	0.1571974429	0.0089565384	-0.0065151955	0.0362039097	-0.0104881647	-0.0153195231	-0.0417456439	-0.0057000343	0.0851793162	-0.017384575	0.102889913	-0.0642085019	-0.0836382893	-0.0745374406	-0.0402208085	0.0574641741	-0.0660634349	0.0113249531	0.0751315289	0.0646709158	-0.047840361	0.0791597108	-0.1172407796	0.0838433825	-0.0350428114	-0.0201956026	0.0472176619680482	-0.0004861049487345	2.3629802118426705e-07	0.0022295076017288	0.1060351663217602	-0.0127917219017348	0.0112434564968833	0.0001636281492113	-0.3225539108598738	0.0061260336565709	0.1040410254109994	3.752828836144059e-05	0.0018513098629039	-0.0001624940170865	3.427348208485257e-06	2.6404305588907817e-08	-0.0029346276570356	0.0001235124309622	1.5255320602192233e-08	8.612039485438255e-06	-0.0001327849277159	-8.641605507000104e-07	7.467734573861453e-13	1.763183702851679e-08
794.4911808190445	-2.5021969678593905	631216.2363992397	6.260989665964727	1206.413603827294	0.745615533057844	0.5559425231371329	1455433.7834995594	790.638990289853	-0.6869299026874387	0.471872691206174	625110.0129665583	834.5797616279341	807.6795845351049	0.957679	22.748558	0.0557684053808324	0.0381919439156114	-0.0065532467	-0.0597910171	-0.1872882278	-0.0484002378	0.0112971014	0.0174985767	0.1579148235	0.0750196902	-0.081248054	0.07707672	-0.1078273463	0.056146228	0.0257474074	0.0803435778	-0.0552373617	0.0155976653	0.0452868584	-0.1875938713	0.0150154088	-0.0349841089	-0.0467417104	0.1280566325	-0.0774403339	0.1899596449	0.1914103451	-0.0200235022	0.0056655836	0.0721653796	-0.0812231086	0.0975164732	-0.013480718	-0.0058003659	0.0763370959	-0.0361765424	-0.214430494	0.0074037941	-0.155849847	0.1734091441	-0.1151064928	0.0587890563	0.0891496284	0.0508620815	-0.0004448982	0.1110950233	0.0271723306	-0.0061654721	-0.0323126747	0.1132353251	-0.1351579601	0.0650339348	-0.0770400312	0.0055555585	0.0134744141	-0.0272365341	0.1030210897	0.0527924876	0.0513662656	0.0110621758	0.0881093729	-0.0041981685	0.0599155316	-0.00655114	-0.0013318113	0.1995703057	0.1309809646	0.1078032711	-0.0274957116	-0.0273798857	0.0005651372	0.0948215195	-0.0585148237	-0.0997179625	-0.1101133052	0.1347345983	0.0728171373	-0.0221380099	-0.037272043	-0.0517439776	-0.1477834489	0.0944790321	-0.0125938489	0.1120028051	-0.1674276442	-0.0184062843	0.0429653846	-0.0478605689	-0.1278856974	0.1020224522	-0.1116138111	0.1804151545	0.0120270312	-0.0043753306	-0.0122154213	0.0458374825	0.1599425123	0.0609292547	-0.0539172965	0.0764283068	0.1439533878	-0.031936797	0.0125947029	-0.0578712121	-0.007418404	-0.0313345675	0.0101192112	0.1839412577	-0.008138262	0.0231660939	-0.040568605	-0.1834046933	-0.0494238118	-0.009540032	0.0502299542	-0.0011779268	-0.0367309183	0.0861684088	0.0485081419	-0.0826907925	0.022596678	-0.0635121145	-0.1923251185	-0.1041618409	0.1091577788	0.0107120377	-0.0280378334	0.0918344549	0.0157063379	-0.1186154352	0.0888661936	-0.0446835199	-0.0067565429	0.0493629526046248	0.0021452906365766	4.602271915383255e-06	0.0024367010898464	0.1008945723236678	-0.0051405939980923	0.0101797147243758	2.64257066532236e-05	-0.3115542909015403	0.0109996199583334	0.0970660761791615	0.0001209916392277	0.0025983170678701	0.0007470072049661	6.751251585185073e-06	5.580197642714141e-07	-0.0029346820077755	-5.4350739899997065e-08	2.9540029276771318e-15	8.61235848676124e-06	-0.0001301884676654	2.596460050500001e-06	6.741604793842469e-12	1.69490371130649e-08
793.4120765816166	-1.0791042374279414	629502.723265553	1.1644659552349388	1205.2554266097698	-1.158177217524326	1.3413744671923895	1452640.643372298	789.5306215060058	-1.1083687838472542	1.2284813610070413	623358.6022956597	833.546191731689	793.730075390566	1.020003	24.228983	0.0311533601590365	0.0198520207999829	0.1119963541	-0.1052787967	-0.0713379402	-0.0240631762	-0.0949288135	0.1306505283	0.0915408541	0.0963512957	-0.106108543	0.0098089939	-0.0077637369	-0.0076045067	-0.0019312132	0.0340448124	-0.0680251921	-0.0495219207	-0.0883362518	0.0403383431	-0.0952942171	-0.1214537005	0.0306240271	0.0743966595	-0.0511072055	0.0040358056	-0.0771940896	0.0370964596	-0.1317189403	0.0382995633	-0.0013433855	-0.0686005984	0.0626890315	-0.0088820521	-0.07322565	-0.0080262082	0.097150954	-0.0027417719	0.1494788753	-0.014752995	0.0172470023	0.1175656006	-0.0504408156	0.012745579	0.0246578221	-0.0064004185	-0.009596849	0.0321507841	-0.066952312	-0.2365972949	0.0312161142	0.0763292203	0.0084417551	-0.1159275833	0.0609208931	0.2058699946	0.1341249677	0.0261691292	0.055329059	0.0730678721	-0.091878038	-0.0200652862	0.0436733245	-0.1064521898	0.060449358	0.1166220455	-0.0095049341	0.0903875547	0.0404510161	-0.0475996453	-0.0016011818	-0.0971179714	0.0216949261	-0.0634481536	0.0372725652	-0.0066632009	-0.0180717561	-0.0408440727	-0.0893749703	-0.0599231722	0.1233570021	0.0080441079	0.0651914903	-0.0798435448	0.1010616421	-0.0015233258	0.046389261	-0.0904258769	-0.0441706598	0.0945281331	-0.0533412392	0.0013295204	0.0322586507	0.0680786857	0.04720635	-0.0435285151	0.0788768676	-0.2084229642	-0.0134278149	0.2255556852	0.0246337655	0.0162017759	0.0120238846	0.0911767371	-0.0046382514	-0.1346092176	0.0423464401	0.0320620266	0.0222479424	0.0418290654	-0.0489375001	-0.0873877377	0.0163409663	0.0513926823	-0.1020300762	-0.1213454401	-0.0554221351	-0.0472218981	0.1120427684	-0.0179381612	0.0200747825	-0.0388846517	-0.0180099622	-0.015894347	0.1104660028	-0.0640154361	0.031504441	-0.0966928732	-0.0935092265	-0.1199087977	0.0936454286	-0.0540487397	0.0067565429	0.0507158865588337	0.0013529339542089	1.83043028445133e-06	0.0025721011494484	0.1062661831399225	0.0053716108162547	0.0112925016791275	2.8854202761304503e-05	-0.3115964772948132	-4.218639327291385e-05	0.097092364662537	1.7796917773769507e-09	0.0024602964354282	-0.0001380206324419	6.053058550180706e-06	1.904969497966207e-08	-0.0032841668840777	-0.0003494848763022	1.221396787639642e-07	1.078575212247263e-05	-0.0001299613965035	2.2707116189999094e-07	5.1561312566611904e-14	1.6889964581139944e-08
794.8413879263437	1.4293113447271253	631772.8319606765	2.042930920165664	1201.1437524024475	-4.111674207322267	16.905864787159192	1442746.313935432	789.9930160277293	0.4623945217234677	0.2138086937198744	624088.9653725881	834.6396638171774	793.8079290872529	0.929559	22.080606	0.0412036188237841	0.0207389337877612	0.1067063167	-0.1109364284	0.0366560199	-0.0307052609	0.0238081948	0.1435242521	-0.072457234	0.0762809749	0.0721355781	0.1018264022	-0.0128808689	-0.0171096091	0.0283550609	-0.0295192305	0.0607219367	-0.0237185307	-0.1487849023	-0.1830896191	-0.0859624042	-0.1555481191	-0.0245443951	-0.1115010488	-0.1086886664	0.0492253335	0.1103000259	0.1671760823	0.0291577614	0.0777823642	0.0098508053	-0.0843746322	0.1826200055	-0.0598988283	-0.1436679541	-0.0224074806	-0.0011134576	-0.2244762796	0.065939065	0.0853459214	-0.025371651	-0.05619451	0.1570895597	-0.1527762687	-0.0395808649	0.0714122986	0.0498805226	0.0211242773	-0.0564598296	-0.0692723569	-0.0450014138	-0.1024610708	-0.1377649205	-0.0016316219	0.0042601062	0.068360339	0.1476939528	-0.075532396	-0.0724849445	0.0521780007	0.0670221825	-0.0377291162	-0.1392580733	-0.1265950623	0.1377136768	0.0002692512	-0.0326544383	-0.0178657279	-0.0818388891	-0.0794463939	0.0434387154	0.0465747592	0.1599069373	-0.0423384221	0.0234159651	-0.0068689317	0.0503663759	-0.1585980081	-0.1623256779	0.0257472597	0.0569282372	0.1469093689	0.0770420181	0.0871019713	0.0094592419	0.0947863533	0.0277362298	-0.069295604	0.0370256026	0.043043146	0.0493831596	-0.1171175477	-0.2053835824	-0.0347966507	0.0798440508	-0.1252872902	-0.083774739	-0.1660424309	-0.0536919086	0.151219441	0.0264550456	0.0468254321	-0.110901745	-0.1568102319	-0.1624955834	-0.1028027901	0.0352428344	0.0106311136	0.0064141486	0.0569428946	0.0815434654	-0.0402370431	-0.0066193978	0.090774647	-0.1052833226	-0.1459989703	0.0018023836	-0.0467394378	-0.0097319157	0.0344877143	0.0705432981	-0.0741533511	-0.0586981743	0.1283272363	0.103315439	-0.0340536393	-0.0242425737	0.0108602565	-0.0143852456	-0.1211199807	0.098167988	-0.063080731	0.0201956026	0.0535251033556392	0.0028092167968055	7.891699011454154e-06	0.0028649366892318	0.1193732813278813	0.0131070981879587	0.0142499802949854	0.0001717960229087	-0.3162066549012081	-0.0046101776063948	0.0999866486038117	2.125373756250475e-05	0.002326309384215	-0.0001339870512131	5.411715351086772e-06	1.7952529892808633e-08	-0.0030056555507698	0.0002785113333079	7.756856278094435e-08	9.033965289873309e-06	-0.0001310055366349	-1.0441401313999858e-06	1.0902286139999797e-12	1.7162450628998123e-08
794.5018637440813	-0.3395241822623802	631233.2114928188	0.115276670340938	1200.6678639513382	-0.4758884511093129	0.2264698178992208	1441603.319525469	790.1853667815952	0.1923507538659805	0.036998812512811	624392.9138757642	835.0628740475692	800.151533475944	0.963542	22.887814	0.0236398537405893	0.0113226455706998	0.0133307978	-0.0703647286	0.0790705855	0.0058652793	0.1322242431	0.0835050927	-0.0633079916	-0.0528324948	-0.02286689	-0.0547598571	-0.1014629362	-0.0486867648	0.0906760072	-0.0098015162	0.1300807592	0.1346204773	-0.0089495589	0.0046967383	-0.1090224829	-0.05946694	0.0530415404	-0.0216352063	0.0672585758	0.0544556399	0.0938504585	0.0144970776	-0.0094920414	-0.0194484031	-0.1660046556	0.0331486557	0.0560267007	-0.0752847558	-0.1465587803	0.0608493464	0.0902056143	-0.0748974266	-0.0416945814	0.0048132573	0.1327233865	0.0144062975	0.0732683429	-0.1301622457	0.1107662297	0.0134322283	-0.00794282	0.1442983756	0.0328161881	-0.1879510302	0.1102628224	0.1880781088	-0.0224477148	-0.010066975	-0.029516442	-0.2956688842	0.0269336426	0.0105769374	-0.090624926	-0.1145212867	-0.1764776004	-0.0722793518	-0.0518438964	-0.0875452812	0.0305086459	-0.0827628991	0.0521959905	0.0254748009	0.0332419759	0.1334303015	0.0089166651	0.042668811	0.1254421125	-0.0510914405	0.0364739181	0.04063203	0.0364196994	-0.0346720891	0.0352397002	0.0469832529	-0.0248472708	0.1342495159	-0.0644717951	0.0013969523	0.0882233269	0.0700191417	0.0953675695	0.0213666079	-0.07880436	0.0873059436	-0.1056993233	-0.2199298144	0.033638691	-0.0691638388	0.0314500167	-0.1035801361	-0.1752434846	0.1572304071	0.1256759216	0.1443612906	0.016465009	-0.1360940075	0.0634224068	-0.0126571406	-0.0760159757	-0.0645780097	0.0600834222	-0.0815431146	0.0213095579	0.0768455713	0.0703898502	-0.0887912773	0.0167375377	0.0566738163	-0.088552366	-0.1951867046	0.0848984467	0.1049996481	0.0173496081	0.0483749285	-0.0612240233	-0.1052691309	-0.0635409215	0.0374077159	0.0716857224	-0.2258837616	0.0067400919	-0.0734296591	0.0129354244	-0.1222481541	0.1024214758	-0.0717238087	0.033413395	0.0543965728521982	0.0008714694965589	7.594590834327882e-07	0.0029589871380645	0.1245698811922153	0.005196599864334	0.0155176553002426	2.700465014999618e-05	-0.3177182642883736	-0.0015116093871654	0.1009448954624168	2.284962939366832e-06	0.0022080020914859	-0.000118307292729	4.875273236006109e-06	1.3996615512888924e-08	-0.0029340031165454	7.165243422439967e-05	5.13407133028192e-09	8.608374287898121e-06	2.3823626221840082e-07	0.0001312437728971	1.7224927924270388e-08	5.675651663579464e-14
794.1721209233939	-0.3297428206874429	630709.3576519617	0.1087303277949111	1202.210994379571	1.543130428232871	2.381251518538164	1445311.275007117	789.8606981366485	-0.3246686449467688	0.105409729011571	623879.9224609137	835.0763924404889	791.3750520149866	0.984208	23.378721	0.0606288965034026	0.0367963079814097	-0.0479878859	-0.0594845276	0.1260799463	0.0036332327	-0.0502529641	-0.0266492107	-0.0465877371	-0.0284787352	-0.0992092568	0.0958133187	0.0256793598	-0.0620129108	0.0244287952	0.130053989	-0.0927684446	-0.0660185248	-0.0161654492	-0.0520880737	0.042658201	-0.0212787975	0.0878669712	-0.0612336444	0.0040910089	-0.0334670868	-0.0705100684	-0.0352934021	0.109358756	-0.059883131	-0.0455346296	-0.0298804798	-0.0844815877	0.0417901743	0.0223606701	-0.1195356467	0.0127641911	0.0412961057	-0.0300314041	-0.0060014447	0.0360489769	0.0034003444	-0.0067851561	0.0933031948	0.0516408348	-0.0461668006	0.0717527298	0.1114172802	-0.1052192138	-0.258359169	-0.0872787455	-0.0231995155	-0.0207000021	-0.1592180976	-0.0686539591	0.0296789542	-0.05675574	0.0821682993	-0.0232048732	-0.0310390614	0.1025773054	0.0328544213	0.0354098729	0.0271198693	0.0106060192	-0.1077094349	-0.0435448926	0.084392154	0.006318577	0.0084629965	0.0498131658	-0.0378835225	-0.015903604	-0.026835686	-0.0662242639	-0.0140364142	0.0679738045	0.0512097283	-0.0741966693	-0.0150450454	-0.0583336613	-0.1236725851	0.0465504169	0.066675348	0.016442164	0.0928325441	-0.1302240844	-0.1727652983	0.0490024327	0.0320011025	0.0212727851	-0.022123297	0.0262105739	-0.0625626619	0.124786451	0.0254540903	0.0308303618	-0.119144079	0.0719065928	0.0861140237	-0.0829431334	-0.1216005445	-0.0404090946	0.140925733	0.0127346117	0.074412831	0.0744607723	-0.0404134247	0.0334881668	0.0530763719	0.1388362978	-0.107013866	-0.0859875552	-0.078991682	-0.0847915612	-0.0638087204	0.0456753136	-0.0358629993	0.0505799542	0.0519346588	0.0135481966	-0.0888190909	-0.0823758342	0.0083746523	0.0468353482	0.0184857579	0.1429577933	-0.0252267462	-0.0604323508	-0.1232925447	0.1063942335	-0.0799246852	0.0462651033	0.0555704661839797	0.0011738933317815	1.3780255544010715e-06	0.0030880767119048	0.0909384669857047	-0.0336314142065106	0.0082698047777101	0.0011310720215298	-0.3114710549610961	0.0062472093272774	0.0970142180785781	3.902762437882248e-05	0.0023469846101713	0.0001389825186853	5.508336760380929e-06	1.9316140500137543e-08	-0.0031690289104575	-0.000235025793912	5.523712380401288e-08	1.0042744235315451e-05	-1.728104389694344e-05	-1.751928015916184e-05	3.069251772952017e-10	2.986344781680861e-10
794.8202862610821	0.6481653376881695	631739.2874521484	0.4201183049804188	1201.6636673947598	-0.5473269848112068	0.2995668283025269	1443995.569536624	789.4787739853688	-0.3819241512796907	0.145866057330712	623276.734573441	834.6413781187184	806.1393917259716	1.019052	24.206396	0.0917183454841843	0.046066304429816	-0.1573019693	0.0386495139	0.026307681	-0.0277406402	0.0554374023	-0.13964663	-0.0653623946	-0.0260193704	0.0192037019	0.0860721312	-0.039001707	0.03952456	-0.0797897126	-0.0242847567	-0.0218738204	-0.2182368132	-0.0569271858	0.1678515997	0.1494613611	0.0204131006	0.0664165998	0.2096627709	0.0768610111	-0.0026523215	-0.1508952367	0.0884045098	-0.0955673252	-0.0630588601	-0.0197612702	0.0694495891	0.0491683709	0.0215963608	-0.0049706838	0.0334072939	0.0505581085	-0.0091450676	-0.0118876492	-0.0317684348	0.1333062747	-0.0490012314	0.0688327765	0.045672166	-0.0305106393	-0.0975155322	0.1550898585	-0.0499804668	-0.0319840069	0.0471844117	-0.0302914609	-0.1676871866	0.1192156958	0.0193413349	-0.01907001	-0.1708195646	0.1018291811	-0.0435510392	-0.0225586919	-0.0550529925	0.0065693261	-0.0275248529	-0.0799062029	0.1561478775	-0.0049303126	-0.0203693445	-0.0474686635	0.0720960673	-0.0039688864	-0.0041767054	0.0562394143	-0.1518491471	-0.0654979184	0.1283388312	0.0913824417	-0.0436044431	-0.000225908	-0.0093443392	0.0362924298	-0.0542352104	-0.0316879497	0.1053492405	-0.0016880424	0.0767197371	0.1472546906	-0.1351876335	-0.0651156342	0.0614100388	-0.0032698339	-0.0366123814	0.0506105817	0.0142745578	-0.096845106	-0.0771066219	0.0008251842	0.1911684642	-0.0158607592	0.1463318284	0.0559079625	-0.1183227769	0.0672923304	0.0179972628	-0.0559529434	-0.1551739217	-0.0373378717	0.1380162571	0.0097443325	0.0384936425	-0.0234040294	0.0684478214	0.1109111353	-0.0319167613	-0.06500073	0.0564241642	-0.0316774375	0.0435625448	0.0381476149	-0.0341942586	-0.0495895111	-0.0820105852	0.0224429428	-0.0010636212	-0.0670620906	-0.0356002303	0.0232547329	0.0706792826	0.0198842777	-0.0407776941	-0.0325711682	-0.1242524367	0.1100753719	-0.0876327994	0.0586099215	0.0574655485008293	0.0018950823168496	3.591336987636053e-06	0.0033022892645011	0.1259544939254056	0.0350160269397008	0.015864534540005	0.0012261221426418	-0.3364572928533746	-0.0249862378922784	0.1132035099142214	0.0006243120840095	0.0019340295713381	-0.0004129550388332	3.740470382810235e-06	1.705318640977298e-07	-0.0033219999342473	-0.0001529710237898	2.3400134119299562e-08	1.1035683563139066e-05	1.3212860187163111e-05	3.049390408410655e-05	9.298781862906899e-10	1.7457967432552e-10
793.8267852794977	-0.9935009815843614	630160.9650271818	0.9870442004090896	1201.5624114990237	-0.1012558957361307	0.0102527564213261	1443752.228727349	789.759366631599	0.280592646230275	0.0787322331185082	623719.8571823445	834.3757930118553	808.8652987018937	1.005755	23.890535	0.0391872570498729	0.0202460321573816	-0.0652172326	0.0255481243	-0.1227562057	-0.079399654	-0.0251861096	-0.079065638	0.0567785252	0.0720081537	-0.1407434115	-0.0123245496	-0.0136635204	0.0776744128	-0.0391154082	-0.0670315271	0.1989289205	0.0207723326	0.0819028287	-0.0608435727	0.0944579772	0.0406533395	-0.0260850204	0.0735306415	-0.0059182613	0.0236747397	-0.0774739816	0.0678527443	-0.0728295675	-0.0088125215	0.0163767105	0.0211154454	-0.0584892526	-0.0412681669	-0.0041193013	0.0539530337	-0.0799840475	0.0119127182	-0.009562462	-0.01036514	0.1135816894	-0.0196597187	-0.2022935219	-0.0542991145	-0.0080826197	0.0851385451	-0.0613705524	0.0648372085	0.1294728344	0.0441799104	0.1741235699	-0.1258418601	-0.0031908107	0.0414182173	6.96001e-05	0.034621492	0.0418538658	-0.0759406527	0.0852468736	-0.0639677022	0.0555135253	-0.043202389	0.071834788	0.0779570037	0.0104689445	0.1131319925	-0.0572404466	0.0237411767	-0.027188345	-0.0714836682	-0.0672358628	-0.0581055406	0.053522911	0.079621913	0.0599628826	0.0327598124	-0.1126031076	-0.1243788686	0.1484762104	0.0745776697	-0.0872993605	0.0079811626	0.0050213262	-0.0076162796	0.0695401566	0.0905396618	0.1330918836	0.1675433127	0.1129677192	-0.0979315393	-0.1182654662	0.009925081	0.0048248976	0.0973289073	0.0738638505	-0.0622221849	-0.0725561467	0.1229738983	0.1080995912	0.0225707367	0.0240967951	0.0877164406	0.012523778	0.1748777409	0.1179218357	0.0369974126	-0.0378043239	0.1149817248	-0.0926513579	0.0375376912	0.0830095054	0.0631185386	-0.0365815162	0.1498410768	0.0734114882	0.0562111483	0.1208411611	-0.1221778578	-0.0957986275	0.0569299675	-0.0567727732	0.1075703207	0.1048210333	-0.0429236924	0.0150279961	-0.1748482599	-0.1258583737	0.125730244	-0.0227622919	-0.1251271724	0.1134548014	-0.0948006283	0.0703125971	0.0516232575436674	-0.0058422909571618	3.413236362813569e-05	0.0026649607194198	0.1203031247231365	-0.005651369202269	0.0144728418181505	3.193797386035546e-05	-0.3251232265393611	0.0113340663140135	0.1057051124353647	0.0001284610592104	0.0017060340478677	-0.0002279955234704	2.9105521724838496e-06	5.198195872254172e-08	-0.0034159937671047	-9.399383285739991e-05	8.834840615224831e-09	1.166901341689816e-05	1.841411538793176e-05	5.201255200768649e-06	2.7053055663522918e-11	3.3907964552006526e-10
794.6953459541928	0.868560674695118	631540.6928812542	0.7543976456268385	1202.5522149268618	0.9898034278380692	0.9797108257599918	1446131.829625501	790.2757694445772	0.5164028129781855	0.2666718652517827	624535.7917712186	833.6063165184958	795.0890276942935	0.999504	23.74205	0.0748864685780696	0.0446728310224859	0.0564213674	-0.0423923584	-0.0727795284	-0.082284434	-0.0954259528	0.0707164397	0.0015805968	0.1255285673	0.0303221134	-0.0006031882	0.0530610306	0.0537844379	-0.0913083967	-0.0427195048	-0.0005952402	-0.0295744014	-0.038680685	-0.0080703579	-0.0403307077	0.0134344628	-0.0492656425	0.0188325255	-0.0046290699	0.0066564508	0.1185893172	0.0697171394	0.0334582528	0.095871453	0.1063873776	-0.1929171083	-0.0080593337	-0.0243533792	-0.0161524146	0.0150032118	0.0821766538	0.1790571651	-0.0819848651	-0.0811158521	0.0165980239	-0.2605492108	-0.051031681	-0.066831767	-0.0459765754	0.0409948146	-0.0521490357	0.1034646005	0.0375125636	0.0883572702	0.1166887078	-0.1179914251	-0.0888816029	0.0525207721	0.0091545742	0.0107363118	-0.069141032	-0.1071531989	0.1471359082	-0.0506843914	0.0574639007	-0.1225842637	-0.1365088409	-0.0553315548	0.0393589603	0.122807187	-0.0653517023	-0.0495985354	-0.0325811509	-0.035876951	-0.0053211164	0.2202744151	-0.0198841016	-0.123284553	0.1098077915	-0.1247730419	-0.0090049349	-0.0141628346	-0.0544159241	-0.0539189163	-0.0456018971	0.0254189882	0.0122978452	-0.0495891779	0.1162231126	0.0092795419	0.0123084038	0.0764281935	0.2150713509	-0.1014338222	-0.0890290864	0.0999233605	0.011236529	0.056384133	0.0019006468	0.0244822898	-0.0288231704	0.0316723486	-0.0834526569	-0.0442924405	-0.1327039801	0.1762340507	0.0078302161	0.0786088387	-0.0063809065	-0.0689721969	-0.018339738	0.0995891635	-0.0816282006	0.0195628243	-0.0304351897	-0.0730796071	-0.0010196574	0.0450104282	0.1549642409	0.0276988827	-0.138582377	-0.0858098348	0.0702882598	0.1151331076	0.0348650347	0.1266836203	-0.0265120635	0.0480923037	0.0413628336	-0.0317643418	-0.2422082972	0.0508563448	0.0774068253	-0.1259161521	0.1165232592	-0.1013839798	0.0812449131	0.0536902759822197	0.0020670184385522	4.27256522531517e-06	0.0028826457350469	0.092855693888751	-0.0274474308343855	0.0086221798875614	0.0007533614594083	-0.3243375431882285	0.0007856833511326	0.1051948419213759	6.172983282469594e-07	0.0023803780752419	0.0006743440273741	5.666199781092332e-06	4.5473986725525566e-07	-0.0032961033282814	0.0001198904388232	1.4373717321243404e-08	1.0864297150707724e-05	-7.907813749455242e-05	-9.749225288248418e-05	9.504739372102245e-09	6.253351829607338e-09
796.7091618100636	2.013815855870803	634745.4885120941	4.055454301356654	1203.0188333064953	0.4666183796334735	0.2177327122117684	1447254.313290121	790.9951352598837	0.7193658153064462	0.517487176231508	625673.3040048017	835.758746339042	798.5940672613326	0.999393	23.739418	0.0576239780293541	0.0327090870352995	0.1543415087	-0.0111610503	-0.0298500135	-0.0664882413	0.0670525335	0.1314863037	0.0408466318	0.0140380383	0.1214742257	-0.0196811238	-0.0502997942	0.2175729362	-0.0486196361	-0.0104220427	0.0649191358	-0.0202610406	-0.0119735201	-0.1920330471	-0.1278215168	-0.0082640205	-0.0430587685	-0.0966791921	-0.0404751074	-0.1886589201	0.0399254432	0.1476536676	0.092633703	-0.0324803314	0.0666256616	-0.0628697455	0.0645703392	-0.0367078502	0.0711273672	-0.0157671939	-0.0953842081	0.1207170513	0.0498188507	0.0233402158	-0.0523228234	0.0158926946	-0.0344905996	-0.0636099552	-0.0285871637	0.0604547517	-0.1341309472	-0.077066842	-0.0570419304	-0.0593691156	0.0035331791	0.1369089359	0.0939732612	-0.0642459779	-0.1954328528	-0.1726170514	-0.1361615282	-0.070500909	-0.0111497572	0.0034821088	0.0212810213	-0.0503940714	0.0502469827	-0.1475982547	-0.0215574054	0.0240782037	-0.0919729385	-0.1220538904	-0.1111687141	0.0106208324	-0.1611373341	0.1075668854	0.0297876917	0.1224523012	-0.0596732412	-0.167275241	0.0997324588	-0.0919912018	-0.2026594711	0.0468418546	0.0054347193	-0.0493869861	-0.0217367574	-0.0140037716	-0.0955100448	-0.0172302135	-0.0636837761	-0.0173735711	0.0175116258	-0.0320021985	0.0238104949	0.0426320657	0.1585445116	0.0183992617	-0.1030257798	0.0392325844	-0.0457212409	-0.0498876175	0.1163697358	0.0180720127	0.0261319606	-0.1820079561	0.176244619	-0.1690711407	-0.0112657464	-0.1370646489	-0.0500120541	0.0096345674	-0.0741181946	0.0296786658	0.0388328476	0.0638999383	0.052596908	0.1001152889	0.0583112638	0.0048751091	-0.1427155982	0.0953791503	-0.0804809569	-0.0115288952	0.1241980868	0.1994708934	0.0961602193	0.0816937044	-0.0431189036	-0.0158900902	0.030586626	-0.0704601103	0.0432133462	-0.1266188352	0.1192723348	-0.1073422654	0.0912870929	0.0630119852189778	0.0093217092367581	8.689426309466134e-05	0.0039705102812366	0.1009718787020261	0.008116184813275	0.0101953202886166	6.587245592323735e-05	-0.3271978802075637	-0.0028603370193351	0.1070584528123232	8.181527864179323e-06	0.0018009517393415	-0.0005794263359003	3.243427167437174e-06	3.3573487873496293e-07	-0.0034160373704317	-0.0001199340421502	1.4384174466509858e-08	1.1669311316185922e-05	-3.1923576345537375e-05	4.715456114901505e-05	2.2235526371561994e-09	1.0191147266893535e-09
795.8054649999232	-0.9036968101404456	633306.338123744	0.8166679246580163	1209.5331374797415	6.514304173246273	42.436158861573816	1462970.4106615873	790.9601527989686	-0.0349824609151028	0.0012237725716766	625617.9633157677	836.1687316069421	797.4855222560111	1.032091	24.516132	0.0332613486023779	0.016542827292821	0.1609969796	0.0757331288	0.1009994982	0.0317491153	0.1423724218	0.1159317769	0.0514162934	-0.2179932257	0.0296450376	0.0868478076	0.0263690626	-0.0226282973	-0.0410532943	-0.0065818266	0.0392904905	0.1362235358	-0.0238341373	0.2203872107	-0.1834188563	0.1431452301	0.1091651149	-0.0715818103	0.0346150485	-0.0970369301	0.0515743919	-0.0898994821	0.0926287143	-0.1059468618	-0.0373755532	0.048219558	-0.036498452	-0.0373795325	0.1477609658	-0.0882237028	-0.0419790283	-0.0032320968	-0.0406467359	-0.070262615	-0.1251341062	0.0888900737	0.0256854896	0.0815665141	-0.0066505848	-0.0442802849	0.0481941768	-0.0515282022	0.0073250951	0.0036704042	0.0522068322	0.0510705933	-0.0891464064	0.1176262972	-0.0370005557	-0.0572294289	0.0579550361	0.0715127559	0.0424244205	0.1720173258	0.0461866756	-0.0825756533	-0.0435742161	-0.1565163831	-0.1389756052	-0.1093493024	0.0080869543	0.0682455546	-0.0681762564	0.041220155	-0.0914331062	0.0142354523	-0.0767254855	-0.0461538381	-0.1386189933	-0.0279095334	0.0331167786	0.0430556575	-0.0172763866	-0.0939977896	-0.0065758339	-0.2131545507	-0.0839633603	-0.0049414393	-0.0277602079	0.0276529454	-0.0355062326	-0.0290872946	-0.0262675046	0.0471322441	0.0219369264	-0.0208799094	-0.0115184779	0.09884992	-0.1580983639	-0.0461968707	0.0176059542	0.0083404672	-0.1344860362	0.0114800097	-0.0978607508	0.0435098433	-0.0079505782	-0.0763707224	0.1027756401	-0.0989903315	-0.0754891573	-0.1625435835	0.0099045131	0.0896605981	0.0005257421	0.1146312009	0.0788167344	-0.0805959247	0.0023462969	-0.0084473259	0.1321401039	0.1317781697	-0.1048251245	0.0430926113	-0.0837740698	-0.027418535	0.2378170448	-0.0275602175	-0.0728822438	0.0028869802	0.0073002404	-0.0568949073	-0.0198764184	-0.1272347401	0.1216944932	-0.1126387502	0.1003291122	0.0559035339961724	-0.0071084512228054	5.05300787870036e-05	0.0031252051132612	0.106174136232525	0.0052022575304988	0.0112729472047227	2.706348341363248e-05	-0.3154352151869943	0.0117626650205693	0.0994993749800654	0.0001383602883861	0.0017061039581661	-9.484778117540008e-05	2.910790716070033e-06	8.996101593896581e-09	-0.0034159635522881	7.381814359991648e-08	5.449118324537891e-15	1.1668806990560734e-05	5.691432090554783e-05	8.88378972510852e-05	7.89217198799437e-09	3.2392399241396793e-09
794.837647363823	-0.9678176361002216	631766.885666857	0.9366709767466208	1204.5520454569066	-4.9810920228349005	24.81127773994948	1450945.6302144176	790.1512006367083	-0.8089521622603115	0.6544036008256334	624338.9198676316	834.4282387555005	784.209128005164	1.07168	25.456512	0.0783891423617708	0.0437676001188312	0.0201207568	0.1488236424	0.1495798524	0.0359134617	-0.0614577214	-0.0207340368	-0.0010213944	-0.174896615	-0.0130739752	0.091471182	0.1070392682	-0.0652822465	-0.2211514608	0.1389191943	-0.0170536154	-0.0893397722	0.133405803	-0.056983182	0.0190386857	0.099506063	0.1249285608	0.0119368117	0.1202745468	-0.0313462175	-0.0435197117	-0.1784066729	-0.0681203654	-0.0037964948	0.0900771586	0.0472650902	-0.0071275288	-0.0227531207	-0.0975354997	0.0728309886	0.0367727214	-9.17813e-05	-0.0620879484	0.0677701343	0.1793846285	-0.039300593	-0.0408239947	-0.0797032795	0.0824612135	-0.0032065929	0.1010115497	-0.0548536608	-0.1412944608	0.0563411039	-0.2215931524	-0.0535148797	-0.0243122215	-0.0915581216	-0.0210745127	0.048434538	-0.0903751153	0.0899347025	-0.0951281746	0.1502172332	-0.0495635122	0.0711278298	-0.1199948117	0.0379834311	-0.1462575877	-0.0985024026	-0.1116523651	0.0671927097	0.1062239208	0.1224389558	0.1274389259	-0.031412354	-0.1614632178	0.0433129777	0.147360243	0.1014504326	0.0183776419	0.068204696	-0.0393471976	0.0389918104	-0.0274779282	-0.0227769097	0.0588524895	-0.0350226626	-0.0794824236	-0.1270978091	0.0697970997	0.0409158381	0.0897103686	0.1132697827	0.0226507262	0.139683304	-0.1202671022	-0.0833722689	0.043883221	0.0083640664	-0.1505797223	-0.141980697	-0.0835438034	0.0189773317	0.0048545956	-0.0742578903	-0.2384516204	0.1234396707	0.1358375906	0.0707302493	-0.1246605621	-0.1062787532	0.0186274807	0.0217329421	-0.0545232304	-0.0158199514	-0.001223383	-0.1045788261	0.0212653288	0.1001638959	0.0503042737	-0.0719840604	0.0821602519	0.0103495178	0.0379745903	0.1377193499	0.0774548962	0.0027626517	-0.1181755947	0.0681293737	0.0094501108	0.015746112	0.066089387	-0.1277634447	0.1237830955	-0.1172407796	0.1082719048	0.0503626905610872	-0.0055408434350852	3.070094597212676e-05	0.0025364006005518	0.0904093109532055	-0.0157648252793195	0.0081738435070334	0.0002485297160874	-0.332676645544538	-0.0172414303575437	0.1106737504907661	0.000297266920774	0.0023172935776859	0.0006111896195198	5.369849525184319e-06	3.7355275100875835e-07	-0.0034166570599687	-6.935076806002111e-07	4.809529030514845e-13	1.167354546543396e-05	-0.0001280434176905	-0.000184957738596	3.4209365066563964e-08	1.6395116813863848e-08
797.1431827514399	2.305535387616942	635437.2538070955	5.315493423554003	1208.9762861535903	4.4242406966836825	19.57390574219212	1461623.660481728	790.5498136302945	0.3986129935861981	0.1588923186557504	624969.0078308933	835.9149257959255	807.6587920330819	1.070786	25.435284	0.1015407284781106	0.0642692739769414	-0.0576222234	0.2185723628	-0.0147632262	0.1210324423	0.0734293228	-0.1256451363	0.0556889887	-0.0736765147	0.1787595199	0.0776577844	0.0528769841	-0.0633435366	0.016710701	-0.0312753666	-0.1131357278	-0.0420768182	0.0616347103	-0.0599212315	0.0532706792	0.1575217854	0.0087302115	-0.0197533424	-0.0276952616	-0.0389697081	0.0381338698	0.0559608033	0.0102488179	0.007433804	-0.0041021913	-0.0815555226	0.041046202	0.2320153535	-0.0246946891	0.0110558334	-0.0702452936	-0.060101125	0.0654387463	-0.0339499239	0.0631659272	-0.0570097155	-0.0974819955	0.1061899028	-0.016174256	-0.2113723721	-0.0228863695	-0.1432768466	-0.039454691	0.1314499267	0.1247708349	-0.1114441915	0.1087447083	0.0166528797	0.0258239476	0.1446716898	0.0311480866	-0.0927322607	0.1541079035	0.1357713544	-0.0050013532	0.0489306058	-0.0009504192	0.0956951003	-0.157031414	-0.0639431798	-0.0109858995	-0.1237481381	0.0236863738	-0.0101132869	0.1126743364	0.1354185772	0.0086153381	0.0920273869	0.0467335041	0.0407091865	-0.1914658265	-0.0982599946	0.0676914481	0.0380817166	0.0131669181	-0.0685300794	0.1066804757	-0.001932085	0.0336844092	-0.0925041252	0.0321168603	-0.0866892569	-0.0606519291	-0.1396118763	0.0890936843	0.1228816267	-0.1520724193	0.0804100707	0.06001864	-0.0800780366	-0.0120232067	-0.1090454418	-0.0570637102	-0.1143993449	-0.0264842697	0.0844762892	0.129114159	-0.1159061707	-0.1447541642	0.1345213045	-0.1960956119	-0.0298474288	0.1144684587	-0.0778152755	-0.0067081794	-0.0128677643	0.0013486768	0.1129040233	-0.0036200176	0.0408437383	0.0587443372	-0.0066471769	-0.0328718222	-0.1234295754	0.1799692572	0.0148573946	0.1534550803	-0.1267531084	-0.0395017374	-0.031378157	-0.0279417118	-0.0279146284	-0.0048498052	-0.1282045865	0.1255324169	-0.1211199807	0.1150284477	0.0555780985731644	0.0052154080120771	2.7200480732439032e-05	0.0030889250410083	0.1475325072464102	0.0571231962932047	0.021765840694412	0.0032630595547519	-0.3280254626305776	0.0046511829139604	0.1076007041340044	2.163350249911752e-05	0.001806093519549	-0.0005112000581369	3.261973801356893e-06	2.613254994391703e-07	-0.0034159671696702	6.898902985001849e-07	4.759486239646742e-13	1.1668831704264637e-05	5.108545905146587e-05	0.0001791288767419	3.20871544828384e-08	2.609724126498996e-09
794.0852640320899	-3.0579187193500275	630571.4065529138	9.350866894151311	1206.7061039052112	-2.2701822483791148	5.153727440855652	1456139.6212020942	790.4082764419054	-0.1415371883890657	0.0200327756970818	624745.2434678635	835.0265706904697	810.5421282123951	1.047104	24.872755	0.091088299081732	0.0506056815315594	-0.0690538241	0.095476706	-0.1264521092	0.1758989481	0.0802791179	-0.0996108931	0.1064836841	-0.0223255314	-0.018968591	-0.0523370402	-0.0330075313	-0.0703747344	-0.0153056263	-0.0315005059	0.0870177544	0.0186712116	0.0446263359	0.0989473606	0.0728319513	0.0780818653	-0.0602376749	0.0380046163	0.1101552208	0.0009028031	0.0117948301	-0.0873597523	-0.045524422	-0.0435913115	0.0779086275	0.0055513839	-0.1292461571	0.1070986105	-0.0346060123	0.0133479902	-0.0198954572	0.0612608999	0.0522299313	-0.0598282974	-0.0218225712	0.0956902721	0.0731531129	0.1725891481	-0.0397443431	0.0038393034	0.0345050041	0.0219917179	0.1211210337	-0.0367359099	0.1123976349	0.1908528347	0.0537117024	-0.0814467495	0.0083226512	-0.0851750888	0.0389638434	0.2628490691	0.1326514031	0.0788611438	-0.0556439635	0.1077956258	-0.0386644235	0.1019812078	-0.0829038887	0.0334998998	0.1627653136	0.0313546516	0.0548630545	0.0528552813	0.0329759676	-0.0238243816	0.0651383099	0.0212637517	-0.0326970598	-0.1107064971	-0.1124989351	0.1903075594	0.095382578	0.0896602364	0.0098900062	-0.0928178788	0.0971018311	0.0201282652	-0.0200009103	-0.1351227272	-0.1391614739	0.0294188843	-0.095924063	-0.0824572688	-0.0413916393	0.0242318683	0.0894637224	0.0884873513	-0.0094580843	0.0319556259	0.0841361888	0.0270885648	-0.093509111	0.0632468612	0.028722927	-0.1442108585	-0.0529418564	0.1077212614	-0.0537641194	0.0797897885	-0.0541986391	0.0503089468	0.1484351873	-0.0768155965	-0.3034606683	0.0280619723	0.1153418513	0.0132897141	0.0410901609	-0.054627613	0.0206277221	-0.1276290984	0.0350808862	-0.0910413764	-0.147865171	0.0359182149	-0.0139423019	-0.0920263772	-0.0525214607	0.0447441359	0.0433996239	-0.0588791071	-0.0429264333	-0.1285578634	0.1269376627	-0.1242524367	0.1205247148	0.0529587362015462	-0.0026193623716181	6.861059233849293e-06	0.0028046277400649	0.1249665918378326	-0.0225659154085776	0.0156166490755634	0.000509220538227	-0.3500395197863355	-0.0220140571557579	0.1225276654122483	0.0004846187124569	0.0024466913726049	0.0006405978530559	5.98629867277925e-06	4.103656093398286e-07	-0.0034167426322528	-7.754625825999971e-07	6.013422170126573e-13	1.1674130215053792e-05	-0.0001853205082256	-0.000236405967277	5.5887781364205146e-08	3.4343690768994684e-08
794.2006629425667	0.1153989104768697	630754.6930184125	0.0133169085392486	1203.7273382957949	-2.978765609416314	8.873044555841345	1448959.504960679	791.1282550838035	0.7199786418981375	0.5183692447894865	625883.9159919437	834.6367755176076	795.4943210794812	1.114546	26.47476	0.1002058732970101	0.0626223244485348	0.0630827089	-0.0450817287	-0.1284508548	0.1463190675	-0.1363753256	0.0571792644	0.0911010772	0.1791177324	-0.0076999779	-0.1808595548	0.0243509764	-0.1854146629	-0.0603569117	0.0977399964	0.0027605275	-0.0217171105	0.1114646577	-0.041917915	-0.0744509085	-0.0025737081	-0.2617405919	0.0709972741	0.0618312528	0.0437631678	0.0089694837	0.0425410348	0.0196360476	-0.1061322991	0.0381063655	0.0309411053	-0.0860106786	0.05080402	0.048215627	-0.0087259266	-0.0692095823	0.1120485463	0.1133592832	0.0648945209	0.0318635981	-0.027400205	0.0188355656	-0.0018410846	-0.0495498783	0.0592277143	-0.1150895748	-0.0093974837	0.0792695824	0.0804543897	-0.0474764806	-0.0111756911	-0.0578947375	0.0664251738	0.2089678841	-0.1042768774	-0.1928821379	-0.0398342024	-0.0652643423	-0.0750247898	-0.0675342365	-0.0251144617	0.1502638468	-0.061024005	0.0342901975	0.1577201734	0.0619112606	-0.1377728613	0.1457805207	0.0405151858	-0.0689889496	-0.0304225085	0.0717872626	0.1150366731	-0.080162996	-0.0247125725	-0.0758039955	0.1695523816	-0.0243238399	0.0581945556	-0.0442686284	0.0692695046	-0.0830774958	-0.0147468372	-0.0389721673	0.0308151772	-0.1592558245	0.071007255	0.1103648552	-0.0543243942	0.0482948728	-0.0160349439	0.0740187417	-0.0928068781	-0.0413056935	-0.0689360504	-0.127097578	0.0582856257	0.0021648983	-0.1421101219	0.0429117247	0.1199734409	0.0645856444	0.0877046297	-0.0228958069	-0.1103587052	0.000387762	0.1408124913	0.1534483161	-0.0836607871	-0.0820851977	0.1157491032	0.1521898361	-0.0504279323	-0.0424217987	-0.0559938768	-0.1072065637	-0.0032884939	-0.0224117402	0.1214948498	0.1364323903	-0.0131539362	0.0276942195	0.0459257161	-0.0694838921	0.1336166228	-0.0390992944	0.1248374845	0.0080955836	-0.1288230331	0.1279949812	-0.1266188352	0.124700488	0.0568320774751072	0.0038733412735609	1.5002772621471116e-05	0.0032298850301365	0.12471531400179	-0.0002512778360425	0.015553909546565	6.314055088624699e-08	-0.2986297360649601	0.0514097837213753	0.0891797192622277	0.0026429658622785	0.002020088323676	-0.0004266030489289	4.080756835452111e-06	1.8199016135543366e-07	-0.0031869556277779	0.0002297870044749	5.280206742554772e-08	1.0156686173425228e-05	5.1718847691222414e-05	0.0002370393559168	5.618765625346201e-08	2.674839206507862e-09
795.3842300735226	1.1835671309559077	632636.0734496504	1.4008311534791982	1201.739325925137	-1.9880123706577704	3.952193185888329	1444177.4074750028	791.0875657423818	-0.0406893414217393	0.0016556225053348	625819.5366722073	835.4985686941166	795.2537658611933	1.047014	24.8706	0.0797168647303625	0.0465340092943974	0.1110904831	-0.1343553047	0.0188201602	0.0496976648	0.048114087	0.1459997174	-0.0162260732	0.0348031563	0.089971402	0.0084013234	-0.0866644454	-0.0760273139	0.1112788483	-0.1016263008	0.0811307251	0.017362729	0.0677239775	0.1301858995	-0.1112127492	-0.0977147172	0.0287711233	-0.0232547003	0.0595924748	0.1033327009	-0.0210422962	-0.1081953791	-0.0656251451	0.0142575537	-0.1509500035	-0.0472316503	0.1979355349	0.0555842308	0.0386130486	0.0454581475	0.1604819224	-0.0154221352	0.0451169097	0.0763697954	-0.2803546763	0.0508543493	-0.000301438	-0.0491320248	0.1225528696	0.0240691203	-0.0883305477	0.066865708	-0.042427535	0.1106388343	-0.0173915468	-0.027962291	0.1641001201	0.0303586107	0.0089909046	0.0825500406	0.008576239	-0.1056254462	7.40281e-05	-0.1254069258	0.0189571153	0.0348305278	0.0752965019	-0.1533708744	0.0721075117	-0.0289717343	0.1075321105	-0.0098786412	-0.0037931599	0.1220189848	0.1239423223	-0.086864671	0.1164294243	-0.0961540989	-0.0156234014	-0.0065675685	-0.0867988789	-0.0786542892	-0.054556936	-0.0893540425	0.2396413385	0.038076765	-0.1187552369	-0.1574002216	-0.0744665584	0.0140765364	0.1160291934	-0.0491822136	-0.070798425	-0.0062383343	-0.0710810315	-0.0313998439	-0.0367316672	-0.042230544	-0.047620953	0.1245264098	0.1099091293	0.1207836201	0.0582922257	-0.1083927029	0.0527892267	0.1278488575	-0.0012411564	-0.0265415367	0.0709495453	-0.1377543942	0.0805563752	-0.0431136245	0.0944073092	-0.0096451397	-0.0156625821	-0.0287699099	0.071293123	-0.050826255	-0.1437712009	-0.0566076698	-0.0354519993	0.1827228949	-0.0691299638	0.092331826	0.0180721299	-0.0482738672	-0.0273695252	-0.009106491	0.0255908973	0.0038172296	0.015325203	0.031891864	-0.0116446165	-0.1289999139	0.1287014744	-0.1282045865	0.1275100165	0.0502522658201485	-0.0065798116549586	4.3293921414730295e-05	0.0025252902200588	0.0905765761648922	-0.0341387378368978	0.0082041161497545	0.0011654534210964	-0.3269622861614962	-0.028332550096536	0.1069043365719521	0.0008027333949727	0.0021810917918272	0.0001610034681512	4.757161404375987e-06	2.592211675671459e-08	-0.0032389537075279	-5.199807975000016e-05	2.703800297687376e-09	1.049082111950873e-05	5.203260262942101e-05	3.137549381985929e-07	9.844216124400285e-14	2.7073917363912294e-09
794.431726496217	-0.952503577305606	631121.7680637602	0.9072630647799768	1199.7970314188206	-1.942294506316557	3.772507949267478	1439512.9166014143	790.1137197738216	-0.9738459685602264	0.9483759704810056	624279.690174825	834.7340786394699	794.229690724629	0.940329	22.336416	0.0392783405606242	0.020839674187573	0.0108616003	-0.085097983	0.0942071479	0.0147895854	-0.0043071469	0.0516546148	-0.1150310434	0.0057954346	-0.0322751965	0.0330090456	-0.0615476538	-0.0872844628	0.0663187855	0.0291188489	-0.0126753488	0.0850305229	0.0367459716	-0.0540439668	0.0336039854	-0.0857271191	0.0270866427	-0.0398277761	-0.0184164149	0.0934263226	-0.0762025167	-0.0188330337	-0.013266794	0.0471859319	-0.1162526232	0.0716138394	0.1117686902	-0.0634673676	-0.044053011	-0.0668016054	-0.0846782853	-0.0482328658	-0.082661944	-0.0378934271	0.0041843563	-0.0447160713	0.1171315064	-0.0692022488	-0.0225986472	0.0253186455	0.0674426857	-0.1556284173	-0.0957608522	0.0847270253	0.0478564691	0.021632264	0.1459647148	-0.0317612091	0.0534262214	0.0501812681	0.0503113925	-0.0117304891	-0.1230922921	0.0370054607	-0.0007883928	-0.105209758	0.0363626877	-0.0233992609	0.0768930299	-0.0625979489	-0.0154632365	0.039514327	-0.0430356466	0.0587335125	0.0953042938	-0.0543061794	0.0678290643	-0.0867673398	-0.0303957861	0.1154318478	0.1012024371	-0.0612145037	-0.0137271118	-0.0009082688	0.0395616868	0.1337246436	0.0206741144	0.116209422	-0.0769777854	-0.007971029	-0.0389309266	-0.0242602644	0.081793557	0.0492187779	-0.0313201955	0.0578961045	-0.0942625085	0.1416746636	-0.0792774655	-0.0038649206	-0.0351429105	0.0703157376	0.0741187639	-0.0325980417	-0.0374316653	-0.0517834841	-0.0791168172	0.0036408013	-0.0159391073	-0.0120374021	0.08032847	-0.0805278366	0.0786429046	0.0562931934	0.0088587126	-0.0436710564	-0.0263113954	-0.0878403096	-0.0360011181	0.0153730506	0.0196637503	0.0239033149	-0.0262966245	0.1174777409	-0.0841107426	-0.0082118615	-0.0280491563	0.0253879169	-0.0460259451	-0.0022197301	0.0421956137	0.0280587634	0.0081835161	-0.1290883846	0.1290552057	-0.1289999139	0.1289225186	0.0505001165674201	0.0002478507472715	6.142999292309035e-08	0.002550261773323	0.0894162671019671	-0.0011603090629251	0.0079952688224503	1.346317121506142e-06	-0.3328444363499727	-0.0058821501884764	0.110785418809131	3.459969083979397e-05	0.0023788167714914	0.0001977249796641	5.658769232328768e-06	3.909516758320824e-08	-0.003519642851296	-0.0002806891437681	7.878639542926914e-08	1.2387885800679038e-05	-0.0001093138851773	-0.0001613464878067	2.6032689127564372e-08	1.1949525492555927e-08
