global_signal	global_signal_derivative1	global_signal_derivative1_power2	global_signal_power2	csf	csf_derivative1	csf_power2	csf_derivative1_power2	white_matter	white_matter_derivative1	white_matter_derivative1_power2	white_matter_power2	csf_wm	tcompcor	std_dvars	dvars	framewise_displacement	rmsd	t_comp_cor_00	t_comp_cor_01	t_comp_cor_02	t_comp_cor_03	t_comp_cor_04	t_comp_cor_05	c_comp_cor_00	c_comp_cor_01	c_comp_cor_02	c_comp_cor_03	c_comp_cor_04	c_comp_cor_05	c_comp_cor_06	c_comp_cor_07	w_comp_cor_00	w_comp_cor_01	w_comp_cor_02	w_comp_cor_03	w_comp_cor_04	w_comp_cor_05	w_comp_cor_06	w_comp_cor_07	w_comp_cor_08	w_comp_cor_09	w_comp_cor_10	w_comp_cor_11	w_comp_cor_12	w_comp_cor_13	w_comp_cor_14	w_comp_cor_15	w_comp_cor_16	w_comp_cor_17	w_comp_cor_18	w_comp_cor_19	w_comp_cor_20	w_comp_cor_21	w_comp_cor_22	w_comp_cor_23	w_comp_cor_24	w_comp_cor_25	w_comp_cor_26	w_comp_cor_27	w_comp_cor_28	w_comp_cor_29	w_comp_cor_30	w_comp_cor_31	w_comp_cor_32	w_comp_cor_33	w_comp_cor_34	w_comp_cor_35	w_comp_cor_36	w_comp_cor_37	a_comp_cor_00	a_comp_cor_01	a_comp_cor_02	a_comp_cor_03	a_comp_cor_04	a_comp_cor_05	a_comp_cor_06	a_comp_cor_07	a_comp_cor_08	a_comp_cor_09	a_comp_cor_10	a_comp_cor_11	a_comp_cor_12	a_comp_cor_13	a_comp_cor_14	a_comp_cor_15	a_comp_cor_16	a_comp_cor_17	a_comp_cor_18	a_comp_cor_19	a_comp_cor_20	a_comp_cor_21	a_comp_cor_22	a_comp_cor_23	a_comp_cor_24	a_comp_cor_25	a_comp_cor_26	a_comp_cor_27	a_comp_cor_28	a_comp_cor_29	a_comp_cor_30	a_comp_cor_31	a_comp_cor_32	a_comp_cor_33	a_comp_cor_34	a_comp_cor_35	edge_comp_00	edge_comp_01	edge_comp_02	edge_comp_03	edge_comp_04	edge_comp_05	edge_comp_06	edge_comp_07	edge_comp_08	edge_comp_09	edge_comp_10	edge_comp_11	edge_comp_12	edge_comp_13	edge_comp_14	edge_comp_15	edge_comp_16	edge_comp_17	edge_comp_18	edge_comp_19	edge_comp_20	edge_comp_21	edge_comp_22	edge_comp_23	cosine00	cosine01	cosine02	cosine03	trans_x	trans_x_derivative1	trans_x_derivative1_power2	trans_x_power2	trans_y	trans_y_derivative1	trans_y_derivative1_power2	trans_y_power2	trans_z	trans_z_derivative1	trans_z_derivative1_power2	trans_z_power2	rot_x	rot_x_derivative1	rot_x_derivative1_power2	rot_x_power2	rot_y	rot_y_derivative1	rot_y_power2	rot_y_derivative1_power2	rot_z	rot_z_derivative1	rot_z_derivative1_power2	rot_z_power2
836.7106504582857	n/a	n/a	700084.7125903276	1198.828024402107	n/a	1437188.6320918591	n/a	815.0487246294325	n/a	n/a	664304.4235200646	840.7357412586224	794.8534842794255	n/a	n/a	n/a	n/a	0.0743798747	-0.0872036417	0.0700303004	-0.1144964678	0.086900136	-0.0922009703	0.0119700642	-0.1340773903	0.344307241	-0.1132589366	0.0051156422	-0.3064060666	0.4613745175	-0.3301776041	0.0923208573	-0.0418247781	0.1095905675	-0.00497735	0.0158115255	-0.0906765907	0.0373192595	-0.0174751474	0.0931321201	-0.0327241161	0.0045888221	-0.0672135184	0.1765073929	-0.0703463364	0.1532941159	-0.1092822206	0.1235334844	-0.0109245105	0.0579895154	-0.0060483565	-0.0206548977	0.0521908489	0.0896669914	-0.0946303665	-0.0755561796	0.0436847798	0.0078123341	0.0034678216	-0.1303569298	0.0617373334	0.0716824997	-0.0005262198	-0.0718247996	-0.0548173988	0.0741408553	-0.1021815995	-0.0814999972	0.0351361968	-0.123700373	0.009522812	-0.1155239315	0.0451234958	-0.0781970186	-0.0433685669	0.1047788723	-0.0276559931	0.0459652937	-0.0782941893	0.0730400867	-0.0894606793	0.1217879345	-0.2628317449	0.0142131315	-0.2095532136	0.0567469822	-0.1202281536	0.1179853224	-0.059803872	0.0880607388	-0.1576130471	0.0934461192	0.0021395368	0.0614846795	-0.082699927	0.1094070619	-0.0257995431	-0.0770017512	-0.0662522329	0.01872487	0.041090035	0.0464536462	0.0128416963	-0.0696156396	-0.058571085	0.0860066691	-0.0984744183	0.004359276	-0.1185866784	0.0064649306	0.1045838379	-0.1085553005	0.2356175067	-0.0294689548	0.0517841168	-0.1788120105	0.1109700277	-0.0665070321	-0.0433132456	0.0040608383	-0.0272638337	0.1084346426	-0.160108655	0.1380666896	-0.0851495754	0.0466674337	-0.0590171891	0.1931139092	-0.1122304194	0.1290883846	0.1290552057	0.1289999139	0.1289225186	0.0542068908695227	n/a	n/a	0.0029383870177403	-0.0208387262841966	n/a	n/a	0.0004342525131476	-0.0201684940026396	n/a	n/a	0.0004067681503345	0.001575085961172	n/a	n/a	2.480895785081123e-06	-0.0004612126419638	n/a	2.1271710110722842e-07	n/a	0.0003643634971591	n/a	n/a	1.3276075806200948e-07
835.2904413834169	-1.420209074868808	2.016993816339715	697710.1214665035	1186.527980135888	-12.300044266219174	1407848.64764535	151.29108895095118	815.2552797836465	0.2065551542140156	0.0426650317323757	664641.1712151117	840.2415402941842	783.7033176924831	1.110379	19.459196	0.0884021811663085	0.0427078413901377	-0.1345951759	0.065548891	-0.0620096167	-0.083783005	0.0317064781	-0.057512963	0.116517866	0.058297264	0.1232481529	-0.1505873447	0.1092264247	-0.0969966572	0.1068803881	0.0489368265	-0.0233017491	0.0503470776	0.0394089559	-0.0193427179	0.0182925777	-0.0345873127	0.0124513328	-0.0176436991	0.0296358016	-0.0099962618	0.0282147404	-0.0227000173	-0.0533017555	0.0288578237	0.0876027695	-0.0491434138	-0.0504778239	-0.0858048614	-0.0804141947	-0.165989918	0.0339635228	0.0378845675	0.2234977055	-0.0425469909	0.0885272926	-0.0016528776	-0.0076852344	0.1568603362	0.1504251791	0.1087520303	-0.0624721472	-0.0581937079	0.0147306068	-0.0531392749	-0.1867475632	0.0892185707	-0.1635335363	-0.0078657671	0.0082573062	0.0730865078	0.034630499	0.0523514166	0.084010496	-0.0724879213	0.0784917292	-0.0534561545	-0.0616387931	0.0510895838	0.0365101767	0.1763001693	-0.0715370267	0.0750487889	0.0331489529	-0.1434097503	0.0178573597	-0.0281781074	0.1432659647	-0.1420379882	0.0652492884	-0.1693884245	0.0490372262	-0.0250208241	-0.0572262266	0.1151929219	-0.2013354668	-0.0868204622	0.1448511526	0.1238618507	0.1968484514	0.005907937	-0.0719472899	-0.1316976057	-0.0438246445	-0.0847007584	-0.0492248784	-0.0612682367	0.0754592387	0.0152192806	-0.1430425898	0.0936285868	-0.0934075053	0.2121312419	-0.0763974607	0.0877528994	-0.1115722201	0.1750701158	-0.0683845949	0.1577501378	-0.0666508328	-0.049017204	0.0552586279	-0.0854517319	0.1176616603	0.1046276904	0.0566468514	-0.1100507524	-0.030272912	-0.1385572882	0.1289999139	0.1287014744	0.1282045865	0.1275100165	0.0512566985428861	-0.0029501923266365	8.703634764145458e-06	0.0026272491455163	-0.0498420920624624	-0.0290033657782658	0.0008411952264678	0.0024842341411629	0.0001365134542865	0.020305007456926	0.0004122933278258	1.863592320123232e-08	0.0012800631479727	-0.0002950228131993	8.703846030802909e-08	1.6385616627977783e-06	-0.0002251437224012	0.0002360689195626	5.0689695736668615e-08	5.572853478345332e-08	0.0005561440764868	0.0001917805793277	3.677979060726824e-08	3.092962338113557e-07
833.6541583755178	-1.6362830078991235	2.677422081939404	694979.2557767929	1179.7545083429395	-6.773471792948385	1391820.6999554909	45.87992012986741	815.6326615026899	0.3773817190433419	0.1424169618681078	665256.6385099614	840.083364001337	782.8402398811754	1.071954	18.785803	0.1130875985447089	0.0785244633961875	-0.0503389476	-0.0542308393	0.1245044745	0.1370852408	-0.0234454996	-0.0417317796	0.0288784998	0.1202323377	0.0331803154	0.082925337	-0.1030205271	0.0257822244	-0.0080685126	-0.1015280514	-0.16596725	-0.0477128588	0.0327861691	0.089564158	-0.004013901	-0.0100779546	-0.0210099494	0.0426785241	0.0232114739	0.0753260184	0.0121798263	0.0727806491	-0.0978480521	0.0187632386	0.0016753532	0.0874134269	-0.1036954068	0.1272150824	0.0401698076	-0.0796989548	-0.1344978954	-0.1290132979	-0.0034465366	0.0423126558	0.1455358813	-0.1301042459	-0.0999313528	0.1770410966	-0.1000147295	-0.1058059265	0.0506755058	0.0595395252	-0.1299521773	-0.0370392272	0.048119154	-0.0273557362	0.0613483931	-0.0772435111	0.1919542064	0.0008425747	-0.0283460962	-0.0716489108	-0.0508235091	0.0108249303	0.0354344283	-0.050162784	-0.0962734862	0.0079343939	-0.0171439171	0.0319460575	-0.1058226944	-0.0070450586	-0.0754409874	0.1220029683	0.1476034697	0.1024350762	-0.0280820737	-0.0137152598	-0.1186066806	0.0091410964	0.0367762348	0.0213395628	0.1651136521	0.1843239898	-0.009982252	0.2482071029	-0.0154732009	0.0327137038	0.1134486604	0.0355436259	-0.0325137238	0.0443718548	0.1212691981	-0.0062050941	-0.0921111919	-0.0163346909	-0.0825045588	0.028646642	0.078506136	0.1327433376	-0.0905579466	0.0717854761	-0.0049860727	0.0293157125	-0.1680669941	0.1619581545	0.1694571455	0.0964733024	0.0091647135	-0.0032431215	0.0703811357	0.0910783456	0.0102827995	0.0600462931	-0.0984255509	0.1079414936	0.0938639202	0.0870351254	0.1288230331	0.1279949812	0.1266188352	0.124700488	0.0390158851887179	-0.0122408133541681	0.0001498375115715	0.0015222392970592	0.0251688094946871	0.0750109015571495	0.0056266353524163	0.0006334689713798	0.0001656426002227	2.91291459362e-05	8.485071429724368e-10	2.7437471008537213e-08	0.0012970297708387	1.6966622866000083e-05	2.878662914770768e-10	1.6822862264418907e-06	-0.0003398887242962	-0.000114745001895	1.1552434490369827e-07	1.3166415459883554e-08	0.0001717206114987	-0.0003844234649881	1.47781400433457e-07	2.9487968413487463e-08
833.5299343601084	-0.1242240154093679	0.0154316060044268	694772.1514743667	1178.0606357535137	-1.6938725894258368	1387826.8615119727	2.86920434920819	814.4294849570986	-1.2031765455913046	1.4476337998610247	663295.3859674848	839.3519390902986	780.186407583074	1.134965	19.890062	0.0991461639222732	0.0596695064641766	0.0817824866	0.0142984507	-0.021914794	-0.1093389265	0.0939274323	0.0272475763	-0.0666486717	-0.1617582207	-0.0546654412	0.0137186815	0.0750794933	-0.0542515833	0.0274670287	0.0342487158	0.1408432119	-0.0029335309	0.021005798	-0.0525828541	0.0815263727	0.0494348318	-0.0838986129	0.0785585706	0.1111970817	0.1217823171	0.1055577187	-0.0660125564	-0.0090733687	-0.0490967329	-0.0695847192	-0.0526928823	0.0269431052	0.0441230749	0.0210884533	-0.0332946275	-0.0695333842	0.0224249854	0.0177500321	-0.197250913	-0.0617629614	-0.0136628454	0.0769027014	0.0081567106	-0.1234415289	-0.0601946319	0.0428757188	0.026335013	0.04237163	0.0697439996	0.0951869215	-0.0208349677	0.0845033134	-0.1404632076	-0.1394535897	-0.033224087	-0.0033668904	0.076683902	0.0143218757	-0.0047697735	0.0959657182	-0.0869509042	0.0045442611	-0.1947670884	0.0906998017	-0.0082185191	0.0949431556	-0.0475170288	-0.0507068518	-0.0261490196	-0.0136149748	-0.0431247521	-0.1349303868	-0.1330627188	0.0734329042	0.0168292041	0.1041535847	-0.0206486173	0.1227660094	-0.0194105518	0.0542324305	0.021340147	0.0246512547	-0.00015267	-0.0052774206	0.1160449955	-0.0777384387	0.084001784	-0.1055569567	0.0187480617	0.1353415537	-0.0843067669	0.0486632421	-0.073131136	-0.1027711759	0.0717919287	-0.0314223745	0.0668715338	-0.1001902304	-0.0332665967	-0.0719284968	0.0499317672	0.0200445389	-0.1226957762	-0.1699956982	-0.0643185908	-0.0610903252	0.063585803	-0.0289466738	0.0312465169	-0.0321946021	0.098096755	0.061393891	-0.0921563928	0.1285578634	0.1269376627	0.1242524367	0.1205247148	0.0303343953113994	-0.0086814898773185	7.536826648998363e-05	0.0009201755389082	-0.028054913149262	-0.0532237226439491	0.00283276465208	0.0007870781518126	0.0188335239182961	0.0186678813180734	0.0003484897929056	0.000354701623181	0.0011300045677841	-0.0001670252030546	2.789741845543041e-08	1.2769103232129304e-06	-0.0003069996455402	3.2889078756000016e-05	9.424878236180844e-08	1.0816915014183712e-09	1.7349165065596445e-07	-0.000171547119848	2.9428414328159185e-08	3.0099352847331215e-14
833.5528389562247	0.022904596116291	0.0005246205232504	694810.3353319819	1181.404963306545	3.344327553031235	1395717.6873253388	11.184526781963887	814.1218127193383	-0.3076722377602436	0.0946622058883959	662794.3259454214	838.3070739445243	773.4447269173555	1.122079	19.664238	0.0553933369491421	0.0288398770222973	-0.1020568396	0.053182732	-0.1025802984	0.0884676295	-0.0544824802	-0.1022833956	0.0291476913	0.1438518003	0.0108984523	-0.045493487	0.0328747166	0.1119459676	0.0041594588	0.0254873994	0.0042358085	0.0988269142	-0.1154743838	0.0492007607	0.0947665109	-0.035398044	-0.1036031432	-0.0880397185	-0.0334094885	-0.2040668007	0.1342388339	0.0214537761	0.082678117	0.1733913639	-0.1837139819	-0.0430896816	-0.0692627841	-0.1348119765	-0.0619364243	0.1174829325	0.0297847074	0.1123808318	-0.1613950871	-0.0611263719	0.1057120955	0.0899513323	0.024373413	0.0001670876	0.0025083101	-0.0126692219	-0.1252863644	0.0271328839	-0.1715272157	-0.0474521919	-0.1082260354	0.0907047486	-0.0480061804	-0.0825946959	0.025812213	0.0171512891	0.1624287521	-0.1174282664	0.0581569419	-0.0362069567	0.056273297	0.1050148933	0.0018347154	0.1836299946	0.1981475774	0.0792692453	0.0190133197	0.1538683058	0.0482028963	-0.1400306043	-0.1756393684	0.0429777916	-0.0721044379	-0.0534465248	0.0377014269	0.1241172638	-0.1658746332	-0.0760290816	0.0610340476	-0.0707412486	0.0687817321	0.1082382561	-0.0374314529	0.005422235	0.0103457755	-0.1285253554	0.0599086856	-0.1272291481	-0.0367027876	0.0631503829	-0.0813268521	-0.0276230958	0.0561390448	0.1481596762	0.0125128219	0.0636216273	0.035438718	0.1096461801	-0.0939841605	-0.1826002064	-0.0414912453	0.0245151205	-0.163486267	0.0968110373	-0.0450638069	0.043269108	-0.020386942	0.0209579944	0.0113890499	-0.0993471528	-0.0815223659	0.1162433332	-0.136740562	0.0324260195	0.1282045865	0.1255324169	0.1211199807	0.1150284477	0.0239211788338735	-0.0064132164775259	4.112934558760972e-05	0.0005722227968021	-0.0507859121864271	-0.0227309990371651	0.0005166983172276	0.0025792088766074	0.0160286001422207	-0.0028049237760753	7.867597389593076e-06	0.0002569160225191	0.0010669995706705	-6.300499711359999e-05	3.969629661284743e-09	1.1384880838110311e-06	5.281622050823388e-08	0.0003070524617607	2.7895531487743854e-15	9.428121427331121e-08	9.89999859438635e-05	9.882649429320754e-05	9.766675974285382e-09	9.800997216885172e-09
834.577523076615	1.0246841203902477	1.0499775465799357	696519.6420246977	1174.7044219970703	-6.700541309474602	1379930.479059471	44.89725383997561	815.2434665154232	1.1216537960848427	1.258107238271538	664621.9096960839	839.286124614309	785.7837183693583	1.092943	19.153631	0.1117781261665306	0.0812429693442634	-0.0311265356	-0.0393127194	0.1795338782	-0.0587283886	-0.0169442827	0.0355404083	0.1053305646	-0.0471659372	-0.0196145486	0.1160440275	-0.150383237	0.0220066161	-0.0811747513	0.0154163941	-0.0610702763	0.0376293748	0.0439958505	0.0499339487	-0.1471085378	-0.0946029917	-0.0188050955	-0.1486810909	0.0472984001	0.038794902	0.0199944796	0.1132504938	0.1547748746	-0.0075705384	-0.0347178733	0.0123785623	0.1174874236	0.1165467697	0.0086181757	0.0629233645	-0.1152025098	-0.0376349993	0.0982422699	-0.1109872335	0.0066567976	0.0214346173	0.1216146234	0.13980249	0.0441497931	-0.0541039813	-0.0486680235	-0.0828951803	-0.0197962818	-0.0165863441	-0.087725457	0.0235649247	-0.029019867	-0.0272553581	0.046916622	0.0962920825	-0.067384712	-0.0317138932	-0.1270769281	0.0336088499	-0.0616834369	0.1528283658	-0.0535644649	-0.043651276	0.0686259369	-0.0077564236	-0.1276283435	-0.1317120246	0.1233117185	-0.0154692857	-0.0365230983	0.1087032743	-0.0879364785	0.0463545727	0.0161762414	-0.1027932059	-0.0578212582	-0.0935255667	0.0431060216	-0.0030132233	-0.0555939545	-0.0602745763	-0.0152690047	0.0800583512	0.0458298965	0.0625372789	-0.0837330906	-0.0092942012	0.1563987903	0.0445374244	-0.0432878453	0.0485435847	-0.1002218383	-0.1569811675	0.031009541	0.0514378085	-0.1144315322	0.0150395285	-0.0489118067	-0.1291197513	-0.0822982019	-0.0314004913	-0.0781054139	-0.0850605183	0.092603099	0.1181969346	0.0645086308	0.0771602848	-0.0355074541	-0.0922301192	0.028658091	0.0248743767	-0.2729851673	-0.0054143151	0.1277634447	0.1237830955	0.1172407796	0.1082719048	0.0261940006166696	0.0022728217827961	5.165718856352442e-06	0.000686125668306	0.0277331868574464	0.0785190990438735	0.0061652489146616	0.00076912965327	0.0129450213495232	-0.0030835787926975	9.50845817077378e-06	0.0001675735777396	0.0006079998418916	-0.0004589997287788	2.106807510191037e-07	3.6966380774021053e-07	0.0	-5.281622050823388e-08	0.0	2.7895531487743854e-15	0.0	-9.89999859438635e-05	9.800997216885172e-09	0.0
832.794457019413	-1.7830660572019497	3.1793245643457064	693546.607642259	1181.460643099755	6.756221102684776	1395849.2511936869	45.646523588363095	814.5126385907823	-0.7308279246408347	0.5341094554348296	663430.8384241184	839.7924869746539	779.7517370771068	1.112219	19.491446	0.1110874502100469	0.058444400811232	0.0082986996	-0.009725315	-0.1264968568	0.0018701625	0.0344014072	0.0742976142	-0.1428212317	0.0274473361	-0.0675893992	-0.0662183424	0.0934917503	-0.0313905753	-0.0573126138	0.0850455657	0.0105386606	-0.0335341442	-0.1254417324	-0.0868680812	0.0640635309	0.1197350277	0.1415792966	0.0446783046	-0.2112425528	0.0355449967	-0.2037052806	-0.0124472548	0.1096145019	0.0704514179	0.0682668461	-0.1675783367	0.038882994	0.0432320829	0.0668698548	0.0484376661	-0.0813238283	-0.1075858367	-0.2196458151	-0.1139798049	-0.1747023234	0.1066298844	0.0530279975	-0.0380582605	0.1672898784	-0.0072129695	0.1190495386	-0.0617683908	-0.0861627371	-0.0557795731	-0.071175548	0.1944582202	0.0698492242	-0.0878497244	-0.0132885381	-0.1338420515	0.0480736017	0.0826637548	0.1458052437	0.0159222422	-0.0428305688	0.014688118	0.1588733235	-0.0216864364	-0.1617461979	-0.1875872493	0.1978001279	-0.0328963906	-0.0170216087	-0.1987665841	-0.0989290676	-0.0762713621	-0.04251805	0.1628688208	-0.1221654294	0.1135534693	0.0227822074	-0.0253344042	-0.0296004345	-0.0676319365	-0.1255522276	-0.0245884637	0.0573060029	0.0769834476	0.0751405047	0.073232874	-0.0205019842	0.0242356379	0.0850701193	0.2552674083	0.0868511123	-0.0264488566	0.0841118783	0.1226700492	-0.0652539152	-0.0683083114	-0.0425736254	0.046770428	-0.040409706	-0.0553800067	-0.1204857002	-0.0219751096	-0.082710986	-0.0335547117	-0.0034982277	-0.0543258068	0.0581657599	0.084752897	-0.0199920152	0.0827348465	-0.0728844435	-0.2134736782	-0.0831153074	0.2422145974	0.1272347401	0.1216944932	0.1126387502	0.1003291122	0.0294643375143976	0.003270336897728	1.069510342464121e-05	0.0008681471851623	-0.0218322728145494	-0.0495654596719958	0.0024567347924962	0.0004766481362489	0.0266928811331013	0.0137478597835781	0.0001890036486289	0.0007125099031858	0.0011680115850912	0.0005600117431996	3.136131525214547e-07	1.3642510629072574e-06	-0.00021993572422	-0.00021993572422	4.83717227881759e-08	4.83717227881759e-08	0.0001101284097153	0.0001101284097153	1.2128266626420984e-08	1.2128266626420984e-08
833.5267332801604	0.732276260747426	0.5362285220542322	694766.8150926958	1175.3912477001702	-6.069395399584892	1381544.5851701628	36.83756051650224	814.7271261585896	0.2144875678072821	0.0460049167438834	663780.2900986344	839.023953327924	773.0236616681713	1.049774	18.397104	0.0343682368704002	0.0219113791393536	0.0246366869	0.0031126456	0.0569470546	0.0655157165	-0.1621515698	-0.0359451019	0.0238803283	0.0808321613	-0.0675062617	0.051497801	-0.1437249008	0.0520302839	-0.1036098976	0.0560098458	-0.067254759	0.0238197861	0.0647362203	0.1346144991	-0.0308457672	0.0054190104	0.0192940472	0.0164550868	-0.1267746233	0.0718451022	-0.0010604774	-0.0012431376	0.1340669033	-0.0424354234	0.2300210708	0.074104349	-0.0520237788	0.09698594	-0.0095042121	-0.1765243966	-0.0036491455	0.109774312	0.0160359745	0.1609531532	0.0067734997	-0.0853766343	-0.1632971632	-0.104217423	-0.1249643669	0.0099089287	0.0576555022	0.1305902476	0.1413969657	-0.1410923974	0.0146070455	-0.0011094003	-0.0190659751	0.0053087688	0.0898204521	0.0391744285	-0.0733878331	-0.1072128588	-0.0018196329	0.0343818513	0.0337786484	-0.0155234115	0.1181555804	0.0288366634	-0.0729024483	0.1221820663	-0.1661209486	-0.0834594663	0.0766813139	0.0647457499	0.1162127713	0.0580779136	0.1174871013	0.1230309676	-0.1212908116	-0.0302823098	0.212058823	0.0865182791	-0.0404510112	0.0300025258	0.0369432982	0.0336863563	-0.0251509451	-0.0597396082	-0.1517719171	0.0415600832	0.0435604622	-0.0596408355	-0.1834030892	0.1484616865	-0.0769756156	0.0028564083	0.020223412	-0.0262728313	0.1380983861	-0.006537646	0.0061761778	0.0402897088	-0.0397407028	-0.0054319904	0.0389759866	0.0536827423	0.1091780757	0.0602017638	0.0310482636	-0.0503451487	-0.1024406022	-0.0475717727	-0.0347440086	-0.0037610363	-0.0460755565	-0.03849334	0.020763356	-0.0484452358	0.1266188352	0.1192723348	0.1073422654	0.0912870929	0.0313882184070735	0.0019238808926759	3.701317689203423e-06	0.0009852202547701	-0.0252149866827409	-0.0033827138681915	1.1442753114055104e-05	0.0006357955534108	0.0065593935401935	-0.0201334875929077	0.0004053573226537	4.302564361513222e-05	0.0011680211576392	9.572548000146357e-09	9.1633675215106e-17	1.364273424692817e-06	-0.0001768570705389	4.307865368110002e-05	3.1278423399601454e-08	1.8557704029761522e-09	0.0002456032738187	0.0001354748641034	1.83534388038347e-08	6.032096811046334e-08
833.0223371012395	-0.5043961789209561	0.2544155053100612	693926.2141096111	1177.7315524386377	2.3403047384674664	1387051.6096095236	5.477026268893277	814.2904124445291	-0.4367137140604882	0.1907188680485058	663068.8757990814	839.055514802774	780.5854400486909	1.066671	18.693224	0.1046846138896965	0.0616726557513247	0.0248232252	0.0277836739	-0.0325997264	-0.0491039371	0.133923547	0.1756975956	-0.0242518643	-0.0820017022	-0.0480857398	0.0523275332	0.157342024	0.0297650301	-0.0801038938	-0.0311988822	0.1226684924	0.0110150692	-0.0275914656	-0.1206002617	-0.0238847273	-0.0176303939	0.1471557405	0.0821445273	0.0306975828	0.0098422764	0.0381564107	0.0612774474	-0.0204154862	-0.1545321812	-0.1585353726	-0.0655882847	0.0614868509	0.1116311031	-0.0305944328	-0.048791374	0.0301011404	0.0384725688	0.0084054279	0.0031404563	-0.107335607	-0.1011825327	0.1376820884	-0.1605523254	0.0205509604	0.0280454809	-0.0239096081	0.1231660425	0.0324729157	0.0346948795	0.1704788413	0.0701095694	-0.0257279053	0.0086531578	-0.10928652	-0.0258234694	0.0632288215	0.1269981032	-0.035937594	0.0297264909	-0.0721761797	-0.1760756935	0.0501619488	-0.0586595601	0.083539422	-0.1367495386	0.0243910841	0.0311441137	0.1051697589	-0.0162866442	0.0193052432	0.1172312652	-0.0447791683	-0.0546173905	0.0815927443	-0.0017385265	0.1393455611	-0.0613266611	-0.0867851705	-0.0084312989	-0.0778113476	-0.0146740286	-0.0963871656	-0.0309136026	0.0461647576	-0.0412996736	-0.0503653042	0.082708219	-0.1001406188	0.0064067596	0.1270176535	0.0360433858	-0.0761339948	-0.0245355962	-0.1329888994	0.0334347643	0.0034924575	-0.086762923	-0.0016856374	0.0177271931	-0.0470336301	-0.0406169992	-0.0016605932	-0.1964071967	-0.0261157036	-0.0096089785	-0.0669679972	-0.0921404136	-0.1356113685	-0.0033491878	0.1999757833	0.0690656975	-0.2044910948	0.1084314638	0.1259161521	0.1165232592	0.1013839798	0.0812449131	0.0260842033149799	-0.0053040150920936	2.8132576097156705e-05	0.0006803856625772	0.021363108468094	0.0465780951508349	0.0021695189478802	0.0004563824034195	0.0262937840657215	0.0197343905255279	0.000389446169414	0.0006913630804947	0.0005380181304523	-0.0006300030271869	3.969038142646579e-07	2.8946350869538813e-07	-0.0001469337509261	2.992331961279999e-05	2.158952716121319e-08	8.954050566497804e-10	0.0002470391894438	1.43591562509998e-06	2.061853682406266e-12	6.102836112104971e-08
833.6075741040753	0.5852370028358109	0.342502349488243	694901.5876036814	1179.4135513305664	1.6819988919287423	1391016.3250621783	2.8291202724495177	814.6202537887089	0.3298413441797265	0.1087953123302888	663606.1578827804	838.7491148586121	771.9440004393111	1.080567	18.936747	0.1276717108333332	0.0756563515088026	-0.0366334035	-0.0096245202	-0.1121108948	0.0410496753	-0.1326827524	0.000793303	-0.0159020807	0.0823478761	-0.0665829511	-0.095543631	-0.0288239297	0.0185033375	-0.1306555275	-0.0781140687	-0.0273384903	-0.0135877405	-0.0247005311	0.0841768249	0.137906649	-0.019820643	-0.0732749735	-0.0390181691	-0.0335969052	-0.0342963635	0.08767931	-0.1665313664	0.0545747073	-0.069640969	0.0301917131	0.1584072086	0.1173097568	-0.0333659109	-0.0550640438	0.0275206554	0.0501273243	0.1307865336	-0.1422201376	0.162690966	0.0741566343	0.0119174213	0.0496414992	-0.1155806036	-0.0224791916	-0.0679030118	-0.0938444988	0.1113576454	0.0187483532	0.099048881	0.1033741467	-0.1323490776	0.0131393788	0.0704429029	0.0257832147	-0.0402450882	0.0260552047	-0.1209626019	0.0648140306	-0.0568647737	0.1121829442	0.1117925484	0.0834934089	0.1082382532	0.0939037985	0.0326975035	0.0423603389	-0.0163521855	-0.0746214539	0.1508682367	0.0559960264	0.0058485278	0.055203504	-0.090849455	0.0565815068	0.0429826469	0.0580863443	0.1669103914	0.0562988	-0.1644029332	0.0562587069	0.0245236869	-0.1165376531	0.0757858392	-0.0481404186	-0.1393863874	-0.0425308659	0.0727453867	-0.0700662947	-0.0804203188	-0.047571664	-0.0114334756	0.0817257588	0.1158582943	0.1083118608	-0.04726951	0.0411203111	-0.0027048592	0.0060070671	-0.0390139154	0.0800134052	-0.0517677815	-0.0188584893	0.128360693	-0.1257458634	0.0487152545	-0.0316441706	-0.0765599046	0.006081625	0.0244776911	-0.0731485116	0.0890496924	-0.0368880611	0.0712727166	0.1251271724	0.1134548014	0.0948006283	0.0703125971	0.0141600245692643	-0.0119241787457156	0.0001421860387597	0.0002005062958021	-0.0481157553602287	-0.0694788638283226	0.0048273125188746	0.0023151259138853	0.0064747513703125	-0.0198190326954089	0.0003927940569816	4.19224053073636e-05	0.0007710001255026	0.0002329819950503	5.428061001761802e-08	5.94441193525025e-07	3.777824031381272e-08	0.0001469715291664	1.4271954412081849e-15	2.160063038551403e-08	9.80000023827946e-05	-0.000149039187061	2.2212679279805365e-08	9.604000467027748e-09
834.0563806427734	0.4488065386981361	0.2014273091782015	695650.046090923	1172.3208340517024	-7.092717278864029	1374336.137951679	50.30663839789636	815.0426586137644	0.422404825055537	0.1784258362301988	664294.5353601932	839.2232709827059	777.5017988811168	1.06912	18.736141	0.1091719041384433	0.0587148705828218	-0.074224142	0.0982064587	0.170674103	-0.0674012967	-0.0209446494	0.0344301131	0.1530863698	-0.0268171212	-0.0438474061	0.1517509826	-0.0656724951	0.0105129734	-0.1347169769	0.0705233958	-0.038060742	0.1290623802	0.0720391225	0.0053393041	-0.1071827579	0.0251695554	-0.0483927936	-0.1822878763	0.1313049939	0.0355564101	0.0156879627	-0.1145900275	0.0344274459	-0.0066995366	-0.1752895884	0.2114316662	0.149807943	-0.0600772009	0.0786599595	0.0219531517	0.0549509309	-0.1121785145	-0.15896873	0.0248111397	0.0915045841	0.0235137591	-0.0628118268	0.1368288128	0.0338722665	0.197120021	0.0321604161	-0.0562588068	0.2122962184	0.0654384954	-0.1462786823	0.0012646706	-0.0124122729	-0.0471539713	0.029194839	0.189875659	-0.0481805524	0.0026886752	-0.0464229902	0.0633774271	-0.0873931719	0.1246970517	-0.080004067	-0.0850225926	0.0847821094	0.0473067676	-0.0544802136	-0.128035686	0.0083407471	0.2324514244	-0.0362502211	0.0922890515	0.0087264851	0.0808107473	0.0748303331	0.0600392802	-0.2893248674	0.0143292143	0.0558354866	-0.1526013201	-0.1253419197	-0.1049512669	0.1556120643	-0.1118791087	0.0633594082	0.1046884079	0.0357698421	-0.1271234558	-0.0728129291	-0.0663645432	-0.113233617	0.0084721736	-0.0166061247	-0.1501822439	-0.0356563887	0.0098544599	-0.0637194669	-0.1138470372	0.076004723	-0.0155772672	0.0866068349	-0.0490706491	0.0477606033	0.0416845261	0.002824957	0.1010208814	-0.0590831448	0.0537870134	-0.1918285268	0.0815201614	-0.0293854011	0.1500494605	-0.0687872023	-0.0639014602	0.1242524367	0.1100753719	0.0876327994	0.0586099215	0.0239157567793739	0.0097557322101095	9.51743109553699e-05	0.0005719634223301	0.0029549856941457	0.0510707410543744	0.0026082205918429	8.731940452605745e-06	-0.0153200645444968	-0.0217948159148093	0.0004750140007604	0.0002347043776475	0.0003949999894872	-0.0003760001360154	1.4137610228359934e-07	1.560249916948881e-07	4.9954534508955823e-08	1.21762941951431e-08	2.4954555180064583e-15	1.4826214032667556e-16	0.0002529999892562	0.0001549999868734	2.4024995930755858e-08	6.400899456363734e-08
833.9139704862106	-0.1424101565628461	0.0202806526922543	695412.5101720765	1181.4962051234295	9.175371071727112	1395933.282721065	84.18743430388676	815.3191139032479	0.2764552894834651	0.0764275270833864	664745.2574959772	840.0896679401692	781.2010131954223	1.139747	19.973864	0.0321523651350253	0.025989554455137	0.039940073	-0.0713834279	-0.0864410571	0.1114241039	0.1427447696	0.0846607931	-0.1421225832	0.0018934025	0.1101989231	0.0406681686	0.0689601892	0.0853466154	-0.0524564432	0.1297461686	0.0120993927	-0.069221075	-0.0777505371	-0.084991036	-0.037132528	-0.1936768916	0.020363426	0.017621189	-0.0674672472	-0.0107110232	-0.0963234527	0.0675462836	-0.1457091354	0.0980392323	-0.0374756899	0.1847112285	0.0508063867	0.0653470664	0.2114801699	0.0451388784	-0.0117548457	0.0857363218	-0.0034664309	-0.0053966701	0.0405406595	-0.0813616096	0.0524696419	-0.0019919571	0.0616004586	0.1675917952	0.0296188587	-0.0556246069	-0.0809116584	0.1331019398	0.0146093137	-0.0005738825	-0.0052798073	-0.0225357548	-0.0057720048	-0.1191710646	0.0872963992	0.0847797996	-0.114426383	-0.0130755971	0.0517443974	0.0670334846	0.1094519327	0.0621210813	-0.0824566673	-0.1416431494	-0.1611483206	-0.030469053	0.0585500375	0.1496981812	0.001628886	-0.1183822759	0.0623895287	0.0744174203	0.1621830545	0.1042819566	-0.1091629709	-0.1187224842	0.0283096998	0.0294887375	-0.0963169676	-0.012952066	-0.0202572475	-0.0302413152	-0.0048070672	0.0551135473	0.0013155682	0.0513475608	0.0148742466	-0.0078278184	0.0660835229	0.0250812383	-0.1330937354	0.0952780283	-0.0218934125	-0.0017935039	0.0336044391	-0.0865545111	0.0643834554	-0.0458499984	-0.0068669185	-0.1038027372	-0.0915632178	-0.086384092	0.0462403375	0.0567174198	-0.0524587269	-0.0001622008	0.0086920129	-0.1493683352	-0.0072788406	-0.1088356158	-0.0062576971	-0.0042374404	0.1232925447	0.1063942335	0.0799246852	0.0462651033	0.0239267990623943	1.1042283020401555e-05	1.2193201430264848e-10	0.0005724917133721	0.0029247048405096	-3.028085363609989e-05	9.16930096930904e-10	8.553898404100285e-06	0.0095895602593998	0.0249096248038966	0.0006204894078709	9.195966596865996e-05	0.0003949999749362	-1.4550999999102948e-11	2.11731600973894e-22	1.5602498019959866e-07	2.152271716404641e-08	-2.843181734490941e-08	4.63227354123538e-16	8.083682375342918e-16	0.0001090000917351	-0.0001439998975211	2.0735970486087312e-08	1.1881019998260216e-08
832.6024720608866	-1.3114984253239754	1.720028119627267	693226.8764818995	1179.9987038681188	-1.4975012553106808	1392396.9411304404	2.2425100096570647	814.1488295915691	-1.1702843116787562	1.3695653701614203	662838.3167253218	839.6151757654553	778.6826060805209	1.029942	18.049549	0.0710184316570747	0.0414094890310466	0.0879251975	-0.0488876018	-0.031367816	-0.0288319309	-0.1337171186	0.0883598826	-0.0567752448	0.0225082191	-0.0824150331	-0.0610922187	-0.1130630532	-0.1187019259	0.1036458917	0.1363917442	-0.0072684072	-0.0811813374	-0.0109589059	0.0150403911	-0.0232675135	0.1526574478	-0.0797050391	-0.0129279852	-0.1365463383	-0.0686982327	-0.0121914428	0.0381941101	-0.0975963236	0.0472869254	0.0387394231	-0.0683634104	-0.0645776081	-0.00283815	0.0863325047	0.1803597765	0.1896484325	0.1229075634	0.1918614967	0.1067214989	0.0262307623	0.1779132693	0.0611870897	-0.1209699604	-0.0581798604	-0.1774894152	0.101383179	-0.1159558634	0.0706778744	-0.0762991379	-0.1088890228	-0.0925482505	0.0014518837	-0.0145760569	0.0166911438	-0.0533521407	-0.1314812855	-0.0128443248	0.1047271886	0.0706399982	-0.0120283621	0.0522632713	-0.051445117	-0.0448653966	-0.06782911	0.0574765022	0.0440657168	0.1076515766	-0.1003709567	0.0081357	0.0065518813	-0.0860619982	-0.0210860683	0.1365990488	-0.0432716431	-0.0812945946	-0.225211386	-0.1009243399	-0.2832183165	0.069712691	0.202607245	-0.1265188505	-0.1689694494	-0.1126571262	-0.1673655311	0.0050826144	0.001312504	-0.0918737179	0.0494914738	-0.0424481612	0.0251617313	-0.039124765	0.0900753191	-0.0261467011	0.0716326926	-0.1171701077	0.0326709865	-0.1305247662	0.1324693365	0.055689515	-0.0562959425	-0.1338947711	-0.0470058811	-0.1070403522	0.2028691186	-0.1076926435	-0.0869115326	-0.0155042682	-0.0546409536	0.1379660765	-0.016255735	-0.1067401552	0.1623077267	-0.0326921993	0.1222481541	0.1024214758	0.0717238087	0.033413395	0.0239297422238422	2.943161447898496e-06	8.66219930839597e-12	0.0005726325628995	-0.0254438986823117	-0.0283686035228213	0.000804777665835	0.0006473919801557	0.0006973358374651	-0.0088922244219347	7.907165517005193e-05	4.862772702131523e-07	0.000930999672613	0.0005359996976767	2.872956759096209e-07	8.667603904055131e-07	1.154160684802008e-07	9.38933513161544e-08	1.3320868863426402e-14	8.815961421378792e-15	0.0002479997117244	0.0001389996199893	1.9320894357169813e-08	6.150385701538551e-08
831.428554500841	-1.173917560045652	1.3780824377835368	691273.4412393578	1172.4801827656854	-7.518521102433397	1374709.778978255	56.528159567736296	813.904958152097	-0.2438714394720591	0.0594732789901742	662441.2809045669	838.4171880415319	762.7885919082996	1.070313	18.757034	0.0472743355055136	0.0258219687829127	0.070884186	0.1707307309	-0.0330485644	0.1373580952	-0.0186803474	-0.0088081388	-0.0001262032	0.0568199295	-0.1091362848	0.0764971118	0.0934745226	0.0570294	0.0632013771	0.1191480981	-0.0166458676	0.1024379632	-0.1253798303	0.0347488663	-0.1006216272	0.0223535001	-0.0837255189	0.0096263002	-0.0180159196	-0.0081353636	-0.019352426	-0.0492888627	-0.1047371319	-0.0125325138	0.1233215782	-0.2398537822	-0.0539993962	-0.0650283331	-0.2461232376	0.1120860817	0.0421931675	0.0133271192	-0.1101184927	-0.0269242278	0.0005191556	-0.1422920671	-0.0065766347	7.34941e-05	0.0012763408	-0.0121673176	0.1270026578	0.0371789817	0.0403168851	0.0202777536	-0.001485081	0.0442662741	0.129884818	0.1589743702	0.0462117757	0.0314922734	0.1165803586	-0.0262631095	0.0287662537	0.1208433778	-0.0314390921	-0.0340720363	-0.1282367073	0.058857015	-0.171477572	0.1061850837	0.0716244871	0.2049871977	-0.0235679644	-0.1966790871	-0.0398884711	0.0724357959	0.0326805976	0.1295698663	0.0557872726	0.0788787389	0.0205666761	0.2681975749	-0.0294801448	-0.0997923156	0.0075756283	0.0551501435	-0.0412876764	0.0636597029	-0.1104956712	0.0652345579	-0.0233987098	-0.0053740388	0.1210571233	0.0381055205	-0.0904465631	-0.0147109808	-0.0266532638	0.0691647391	-0.0486084755	-0.0437086846	0.1857039513	-0.1104233784	-0.0777458142	-0.0154571674	0.0062465344	-0.0401346445	0.0073417673	0.0911056006	0.1334259157	0.1003323452	-0.1117654323	-0.030696434	-0.1286516904	0.1306283613	-0.0161957063	0.0017272507	0.0511795799	0.0641686322	0.1211199807	0.098167988	0.063080731	0.0201956026	0.0239954198074059	6.567758356370093e-05	4.313544982766919e-09	0.0005757801717336	-0.0079647255387413	0.0174791731435704	0.0003055214937829	6.34368529074779e-05	0.0130251923213862	0.0123278564839211	0.0001519760454881	0.000169655635009	0.0007370001134167	-0.0001939995591962	3.76358289683587e-08	5.431691671762286e-07	1.4813599324980944e-07	3.2719924769608643e-08	2.1944272496107593e-14	1.0705934769288488e-15	0.0004019999984925	0.0001540002867681	2.3716088324657032e-08	1.6160399878797e-07
834.3586512298423	2.9300967290013205	8.585466841304237	696154.3588820816	1178.530703200507	6.050520434821692	1388934.6183862817	36.60879753219488	815.3709756426592	1.4660174905621943	2.1492072826342734	664829.827920462	839.72538809033	781.3348103841146	1.076316	18.862251	0.082357006025723	0.0432677898525299	0.0522886478	-0.043680726	0.1176858998	0.0642788789	0.0124554342	-0.0878787463	0.0289877515	-0.0522763085	0.0523882108	0.0576545328	-0.0924664082	0.1277008508	-0.0887798956	-0.0931007695	-0.0657732482	0.0314644229	0.1197654846	0.1171697717	-0.039235028	-0.0628818967	0.0326827942	0.0289887213	0.0310029848	0.0507854839	-0.0430406029	0.0346624673	-0.090207427	-0.0791813452	0.0290892982	0.0392505185	0.04333247	0.1667690396	-0.0591062958	-0.0583132976	0.0570701782	-0.0668533788	0.0495050031	0.1044445586	-0.0681757447	0.0774056489	-0.0080750561	-0.0969694851	0.0610758623	-0.0008808246	0.0198036338	-0.0361818588	0.1453051021	0.1518759032	0.0675897584	0.0134929481	-0.1169670701	0.1517425283	0.0491978557	0.0595244239	-0.0363747561	-0.0558905563	-0.1898088523	-0.029864521	0.0023081008	0.0016942113	0.0190481142	-0.0615307618	-0.1145723006	0.0028742769	-0.0597903798	-0.0151640244	-0.140880679	0.1462516915	0.0331226067	0.0003845139	-0.0709804982	0.0090740652	-0.0624919383	-0.0561662028	0.1030041252	-0.0058816471	-0.0935254589	-0.0638371305	0.0026415438	-0.0248834312	-0.0769059845	-0.0473250218	-0.0703318858	0.0124722018	-0.1465361592	0.0124725337	0.0765164606	-0.1542201586	-0.0779682551	0.0706441009	-0.1194790392	-0.0563968542	0.1622537727	-0.0673689527	0.0576657107	-0.0319926991	0.0326375178	0.0095894821	0.193551461	-0.0096695633	0.0694990511	0.0069620015	0.0365286879	0.0372178437	-0.0379013321	-0.2445155666	-0.2004278933	-0.0207990942	-0.029577885	-0.1321118146	0.0191435577	-0.0368379937	0.1199087977	0.0936454286	0.0540487397	0.0067565429	0.0154900443234282	-0.0085053754839776	7.234141212344888e-05	0.0002399414731417	0.0300669055488356	0.0380316310875769	0.0014464049631815	0.0009040188092826	-0.0015902048747804	-0.0146153971961666	0.0002136098352017	2.528751543775348e-06	0.0004789999727307	-0.000258000140686	6.65640725939958e-08	2.2944097387601135e-07	5.650209611296477e-08	-9.163389713684469e-08	3.192486865158708e-15	8.396771104485832e-15	0.0002359997279156	-0.0001660002705769	2.755608983160401e-08	5.5695871576237235e-08
833.4547857708728	-0.9038654589694488	0.8169727679180524	694646.8799243715	1180.84938749333	2.318684292822809	1394405.2759433724	5.376296849783209	814.4562056848101	-0.9147699578491028	0.8368040757832494	663338.9109784977	839.9115005841023	782.7757846329563	1.070007	18.751684	0.0432735297802891	0.0247960920921567	0.0278325423	-0.0702099393	-0.0535683591	-0.0846601094	0.1280049586	0.0676072962	-0.1080989124	-0.0508487585	0.0307937667	-0.0198606379	0.0912255809	-0.0072317051	-0.0490283724	0.0415213261	0.0881344415	-0.1101280662	-0.0269841725	-0.1811293257	-0.0750447818	0.035159526	0.0262397452	-0.0493727123	0.0285988535	-0.1330322554	0.1323525118	0.1020479243	-0.04120104	-0.0154570797	0.1047954734	-0.0488268707	-0.0169817672	-0.2062596806	0.1065788051	-0.0044878304	-0.0032955256	-0.0287514577	0.0671442233	-0.026543701	-0.0392794063	0.0701296721	-0.2921668346	0.0224697783	-0.0009136382	-0.114005914	-0.0088652396	-0.0118533063	0.0218882873	0.0618235259	0.03243351	0.0567712858	-0.0043974925	0.2610039833	-0.0772697448	-0.1138289963	0.0070164233	0.1649686334	-0.0070477208	0.0158064358	-0.0893708847	-0.0426953067	-0.0294801744	-0.0447098098	0.0719723153	0.0655623384	-0.0192605113	0.0273628626	-0.0639156136	-0.1484949773	0.1515141301	-0.0632945796	0.0223636589	0.0277863258	-0.123593037	0.0220125241	-0.1995166862	-0.0113527543	0.0902558733	0.0852368505	-0.0207950126	0.0405479007	0.0598391224	0.042962693	-0.1565853001	-0.1193126188	0.0788668161	0.0151685078	-0.0398740558	-0.0058006073	0.1369961781	0.0455352304	-0.0763660232	-0.0031074724	-0.1266911456	-0.1112724982	-0.0270751538	-0.1105371881	0.0745488955	0.0137229382	0.0513880412	-0.0793799842	0.0425615726	-0.0296956807	-0.0980004254	-0.0894233849	0.0762279578	0.0270733896	0.0946610413	-0.0098144319	0.1175591254	-0.018670044	0.1542229998	-0.1010674781	0.1186154352	0.0888661936	0.0446835199	-0.0067565429	0.012083575749628	-0.0034064685738002	1.1604028144288376e-05	0.0001460128028969	0.0080228927068617	-0.0220440128419739	0.0004859385021771	6.436680738581465e-05	-0.0071611763798813	-0.0055709715051008	3.103572351064618e-05	5.128244714376984e-05	0.0004419999753189	-3.699999741179998e-05	1.368999808473205e-09	1.9536397818190821e-07	9.81807239952559e-08	4.1678627882291146e-08	9.639454564232618e-15	1.7371080221504965e-15	0.0004439995890642	0.0002079998611486	4.3263942237836896e-08	1.9713563508917849e-07
832.0948755490837	-1.359910221789164	1.8493558113266533	692381.8819150451	1176.6640266339805	-4.18536085934943	1384538.2315744928	17.5172455229742	814.1504362665722	-0.3057694182379009	0.0934949371295443	662840.9328730499	838.6592272407687	774.0601555757744	1.060435	18.583941	0.0910724771111398	0.045109494829787	0.040827514	-0.0083511504	-0.1132141669	0.0747762367	-0.1782363013	0.0235696179	-0.0612339013	0.0783368712	-0.2060380681	-0.0381646499	0.0069795896	0.0049696655	0.063824008	-0.0524929121	-0.0133382723	-0.0375502108	-0.0805243969	0.1146662924	0.1047004801	0.1532313591	-0.0737494169	0.0096294766	-0.0838665734	-0.0355321682	-0.0125583058	-0.08066356	-0.0943808966	0.1521383684	-0.0450643174	0.0567942287	-0.2117937366	-0.0702743976	0.0657395713	0.0255684819	-0.0776649066	-0.0610270143	0.0511067839	0.0454713214	0.0175872857	-0.1164148873	0.0143639683	-0.1778434863	-0.0740951353	-0.0451045117	-0.1431961884	-0.1294053137	0.0342682371	0.0746334395	-0.0140135261	0.0930865777	-0.0421976754	0.009755382	0.0224482305	-0.0577291445	-0.0033908627	-0.1459887223	0.1410682374	0.0493304343	0.0052807114	0.075534669	0.0560347124	0.0010113837	-0.022408699	-0.0432681465	-0.010264523	0.082019316	-0.1282892653	0.0914292033	-0.0428262603	-0.0277833952	0.0124634237	-0.0023750043	0.0445754014	0.1537122497	0.1037151445	-0.0721299232	0.0573241782	0.2035539567	0.0845909989	0.0126360808	-0.0248019102	0.0103098488	-0.0601696577	-0.1322026305	0.0967488638	-0.0980282275	-0.040423056	-0.074480051	-0.0225664714	-0.0198578304	0.066217077	0.0972130748	0.1363087239	-0.1090049711	0.0973928807	-0.0344702355	0.0520933309	0.0074565594	0.0279739842	-0.0639983944	0.0701222503	0.0793806171	0.0236264988	-0.0803090211	-0.0503957531	-0.1300668162	0.0427295114	0.0789546732	-0.0955376	-0.0739373029	0.0553435861	0.0781878151	0.1172407796	0.0838433825	0.0350428114	-0.0201956026	0.0019744834027903	-0.0101090923468377	0.0001021937480768	3.8985847078943625e-06	-0.0292562559828155	-0.0372791486896772	0.001389734927027	0.000855928514132	0.0064734551375096	0.0136346315173909	0.000185903176615	4.190562141734944e-05	0.0007379938919155	0.0002959939165966	8.761239866219502e-08	5.446349845045867e-07	6.207415865877586e-05	6.19759779347806e-05	3.8532011731948775e-09	3.841021840972412e-09	0.0002009773924509	-0.0002430221966133	5.905978804675345e-08	4.039191227636308e-08
833.0271365366867	0.9322609876030584	0.8691105490066297	693934.2102065117	1170.876161398347	-5.78786523563349	1370950.985330928	33.49938398585471	814.5888104118644	0.4383741452921867	0.1921718912606553	663554.9300482164	838.1653175377508	765.5934891397638	1.099453	19.267721	0.0696208961538955	0.032780901135349	0.0482405735	0.1743514103	0.1109205401	-0.0437705921	0.0128078798	-0.0975749498	0.1327510234	-0.1162738572	-0.094942847	0.1252146821	0.0022110457	0.0152099659	0.0526273038	0.0761087942	0.0513579193	0.1421042078	0.0807163268	-0.0330542776	-0.0132894471	0.0713613898	0.0501385591	-0.0788267973	0.1727296994	-0.0799712843	-0.1415221003	-0.103117565	-0.0876624644	-0.1252563333	0.0421310003	-0.041000772	-0.0842515829	0.1236292567	-0.0110241838	-0.0831400886	0.0683557571	-0.0117150614	-0.0510291395	0.0853482274	0.0890679625	0.0265683514	-0.0425748283	0.112356998	-0.1398042779	-0.0016789214	-0.1048826498	-0.1038601597	-0.1260315934	-0.0264005512	0.0183967222	-0.1085005781	0.194337969	0.035922087	-0.0798586938	0.2070094636	0.0097966538	-0.0058647375	-0.0286034472	0.0176210986	-0.1457593142	-0.027359226	-0.1560513369	-0.0623383598	-0.0515180212	-0.0674736504	0.0082083266	0.0823202555	-0.0625159294	0.1326308226	0.1513838467	0.0893015584	0.1189987343	-0.0155067271	0.0243018113	-0.1011899523	0.0392640685	0.0389919044	-0.0036774553	-0.1070592872	0.1951130507	0.0778165128	0.1492543065	-0.1594365148	-0.0574593941	-0.0542113146	0.1188973267	0.0326810439	0.0611825043	0.0022363702	-0.0774944539	0.0016958962	0.0370484399	-0.1404620538	-0.0640387255	-0.0637286064	0.0833633725	0.0055409393	-0.029800681	-0.0106415131	0.1898199683	-0.0023775492	0.1014885436	-0.0126190871	0.0062706471	0.1159118038	0.0728647726	0.052879299	-0.0909065864	0.009179007	-0.2128861613	-0.0576363604	0.1728660749	-0.1344788673	0.1157857731	0.0785907625	0.0251860523	-0.033413395	0.002020656889158	4.6173486367699634e-05	2.131990843348144e-09	4.083054263701685e-06	-0.0122607746037033	0.0169954813791122	0.0002888463873077	0.0001503265938828	-0.0079544857609974	-0.014427940898507	0.0002081654785708	6.327384372191037e-05	0.0002869999947018	-0.0004509938972137	2.0339549532400146e-07	8.236899695883325e-08	6.470142910330878e-08	-6.200945722967255e-05	4.186274928010493e-15	3.845172785918589e-09	0.0004510000458057	0.0002500226533548	6.251132719057449e-08	2.034010413167435e-07
834.8677537932631	1.8406172565763652	3.387871885206706	697004.1663238086	1183.893586463535	13.017425065188036	1401604.0240694918	169.45335532778574	816.1566911030153	1.56788069115089	2.4582498616837927	666111.7444322228	840.7248740111027	784.4762267563694	1.159672	20.323034	0.0386481200544923	0.0233920342111753	0.0129059165	-0.1136862658	-0.0855211037	0.0762165906	0.1713230158	-0.1117084751	-0.1603647391	-0.0004049552	0.1248686353	-0.056939916	0.0297641218	0.1762619605	-0.0998357426	0.167893774	-0.0658290544	-0.1617742717	-0.0527338337	-0.0947758676	0.1312479618	-0.1702871036	-0.0933638855	-0.0039739248	-0.0156812768	0.0233484141	-0.0083853737	0.1125702304	-0.1247280046	-0.0772525156	0.0589838525	0.1105707598	-0.0114626603	-0.0206616987	-0.1019085417	0.1162596032	0.0861034163	-0.1077463378	-0.0702161978	0.0499551707	-0.0674126706	0.0318812383	-0.2213101222	0.042776911	0.0380123841	0.0525733482	-0.0540068203	-0.076127365	-0.0986627092	-0.0213857513	0.1405038056	-0.0382014647	-0.0239332114	-0.0873689103	0.0325462725	-0.1763445557	0.0538845453	0.0717063794	-0.0813066331	-0.1625274436	0.0729727868	0.0437134584	-0.0846061591	0.0093834337	-0.0902549031	-0.161110095	-0.1197565886	0.0467123464	0.0439426531	0.0151522723	0.0738037337	-0.0850097111	-0.099117222	-0.0204824913	-0.1298511077	-0.0277209201	-0.0729102883	0.1613273279	-0.0600520424	0.0144413443	-0.0300243885	-0.015714457	0.1335905201	0.003059544	-0.0086481137	-0.0846766212	0.1304874891	0.0729954358	-0.0234355192	-0.1283798469	0.1241874217	0.0654361938	-0.1186643303	0.1296700691	-0.0190835512	-0.0836597549	0.0329911826	-0.0176658639	0.0371777501	-0.0709213408	0.0967900352	-0.0732123883	-0.0805675435	-0.0596100161	-0.0768529373	-0.0201418362	0.1086772306	0.1484367593	-0.0040433212	-0.2245888367	0.1431808017	-0.1486998073	0.0369012335	0.0293401512	0.1142514127	0.0731227308	0.0151740128	-0.0462651033	0.0019918648950323	-2.879199412569996e-05	8.28978925734341e-10	3.967525760062035e-06	-0.0046290025103132	0.0076317720933901	5.8243945285447904e-05	2.1427664240485904e-05	0.0065306988382971	0.0144851845992945	0.0002098205728756	4.265002731653509e-05	0.000286999994693	-8.799981143087221e-15	7.743966811869066e-29	8.236899695378206e-08	1.736509336325298e-08	-4.73363357400558e-08	3.0154646751449274e-16	2.2407286812952842e-15	0.0001209999547966	-0.0003300000910091	1.0890006006601429e-07	1.4640989060779245e-08
832.864879397534	-2.002874395729122	4.0115058450672985	693663.9073338688	1177.099357683634	-6.794228779901005	1385562.897859224	46.161544713635095	814.4900260628744	-1.666665040140856	2.777772356027721	663394.0025559019	840.1501966888935	779.0735814412435	1.146545	20.092997	0.0433682502267545	0.0269573701624047	0.0464323467	-0.0211975801	0.0181132423	-0.0745715367	-0.2017412865	0.0614294238	-0.0251015683	0.0163294743	-0.1338328578	-0.0653948576	-0.1065159374	-0.0877526433	-0.0790526682	-0.1078387002	-0.0379476934	-0.0722272943	0.0148172781	-0.016391528	-0.0824912603	0.1973060663	0.0156278605	-0.0483316424	-0.0525574576	-0.0203771835	0.0636661769	-0.0179833413	0.1587548937	0.0553457063	0.0636198753	-0.1101503788	-0.0174337188	-0.1484490896	-0.1015984222	-0.0346414053	0.0510554559	-0.2268914498	-0.0171162832	-0.0522775558	-0.0223609086	-0.0254510418	-0.0390199993	-0.0257722865	0.1733258486	0.0045532343	0.0142861466	-0.0036744663	-0.0445231801	0.0585399047	0.0721878387	-0.1086399973	-0.1395693503	-0.1627548715	0.0528174669	-0.0128988378	-0.1970047499	0.020605432	0.161039926	0.0887612452	-0.0837161631	0.0419526174	-0.0045753672	0.0567061418	-0.0022283576	0.0584734127	0.1158917286	0.0173747208	0.0081284687	-0.2031426267	-0.0761797477	-0.0560859511	-0.0046697172	-0.0153346815	-0.087157811	0.0297352553	-0.06484697	0.0696178879	-0.0407101944	-0.0474267778	-0.0692385309	-0.0436686862	0.0526552683	-0.0968563844	0.1473356162	-0.0819923867	-0.0266154849	0.012074947	0.1306005887	-0.1862890439	-0.0404696688	0.0187832149	0.1044997511	-0.0950977208	0.1084402052	-0.1641979003	0.0122570916	-0.0586846438	0.0298311205	-0.0138847485	-0.0449344227	-0.0930517735	0.0114240361	0.0529839255	0.1459585037	-0.1054157831	-0.0170171611	0.1268508301	-0.0302947747	-0.093331663	0.1377831474	-0.0135744126	0.100889123	-0.0163365394	0.1126387502	0.0674542747	0.0050684204	-0.0586099215	0.0019542609976213	-3.760389741099988e-05	1.4140531004970035e-09	3.819136046823799e-06	-0.0291729468068524	-0.0245439442965392	0.0006024052016316	0.0008510608253954	0.0066177043388933	8.700550059620015e-05	7.569957133995385e-09	4.379401071700721e-05	0.0004349994746635	0.0001479994799704	2.1903846071538423e-08	1.89224542957521e-07	-0.0001049999664259	-0.0001050173315192	1.1024992949440127e-08	1.1028639919426845e-08	2.2835642201235896e-08	-0.0001209771191543	1.4635463358897598e-08	5.214665547428659e-16
832.4599678307584	-0.4049115667755814	0.1639533769086561	692989.5980407873	1172.5736963331085	-4.5256613505255245	1374929.073332289	20.48161065964052	813.8489623592094	-0.6410637036650542	0.4109626721567563	662350.1335331618	838.2856488183775	769.2670535183693	1.070312	18.757025	0.0631363201823492	0.0312724722813735	-0.0203820296	0.1663226153	-0.0288664384	0.0630812225	0.0679380428	0.0528248467	0.0628285622	0.0102495988	-0.088699066	0.1275419414	0.1224857415	0.0902327537	0.0662384135	-0.0491347201	0.0261700529	0.1136241276	-0.122969735	-0.0604564485	-0.065790313	0.0530054849	0.1105603418	0.1399393649	-0.0216911337	0.1386884999	0.0517687275	0.0682595885	-0.1058592689	-0.0136077168	-0.069679475	0.1449833442	0.0772741765	-0.0865801612	-0.0574480096	-0.0174724946	0.0684834143	-0.0217345342	0.0637837415	-0.064003884	0.0392074368	-0.1277986602	-0.0821286699	-0.201521658	0.046762215	0.0574430461	-0.1916735189	0.1348820112	0.1658247441	-0.0325213293	-0.0349008277	-0.1079860757	0.0745446571	-0.105719979	-0.0011927189	0.0660249611	0.122681612	0.0692964896	0.0459343897	0.1275746926	-0.0614464307	-0.0782062102	0.0750904374	-0.0324076621	-0.0758180341	0.0214061042	-0.0646396301	0.0529614127	0.0730284066	0.0857887763	-0.0082033214	0.0506870313	-0.0725128671	-0.1199354314	0.0069317699	0.0945233506	0.0336379892	0.0537911277	-0.022729359	0.0548674828	0.0464942467	-0.2357004698	-0.0567581368	0.1437841725	0.1782374093	-0.116470844	0.0399418244	-0.0329485808	-0.0447698925	0.0276430523	-0.062856937	0.0146476278	-0.0346980851	0.0527324674	-0.1145702929	0.0004139124	0.1119856147	-0.0935819744	0.0079035674	0.0298130346	0.0867627597	-0.0071358763	0.0815652613	0.1291685671	0.0527285037	-0.0027038534	0.0425260454	-0.0046477841	-0.0554192401	0.0241821542	0.190417794	0.0414549181	-0.0857686353	-0.0004959341	0.1109488906	0.0616009311	-0.0050684204	-0.0703125971	0.0019723101391093	1.8049141488000152e-05	3.2577150845384833e-10	3.890007284833347e-06	-0.0053730964468599	0.0237998503599925	0.000566432877158	2.887016542725848e-05	-0.0058516278763462	-0.0124693322152395	0.000155484245894	3.4241548803231944e-05	0.000103000001763	-0.0003319994729005	1.1022365000620987e-07	1.0609000363178e-08	5.15011988611036e-09	0.0001050051165457	2.6523734841309388e-17	1.1026074500794124e-08	0.0001000000155085	9.997717986629876e-05	9.995436494018256e-09	1.000000310170024e-08
833.8702270980248	1.4102592672663832	1.988831200910716	695339.5556405114	1180.5925976468116	8.018901313703054	1393798.8816184462	64.30277827890858	814.0668926171617	0.2179302579522755	0.0474935973311453	662704.9056553615	838.7001701632328	781.6486458711846	1.141312	20.001286	0.0727260267270809	0.0386879291163771	0.1104604342	-0.1316957753	-0.005179683	0.0007813027	-0.0073802799	-0.0729696747	-0.0965360991	-0.0530622416	0.0370022849	-0.0580192155	-0.1113180383	0.0721438855	-0.0196861845	-0.1529266994	0.1283679905	-0.1379728739	0.0558256265	0.1180456979	0.0183247948	-0.0557347866	-0.0166546728	0.1502494965	0.1060708019	0.0202866639	-0.1219883629	0.0193086645	-0.0914564987	0.1848651349	0.0114192141	-0.0234709781	0.1476588165	-0.0659433045	-0.0611982615	0.0130210035	-0.0749477337	-0.0425123067	-0.0567690957	-0.0132308322	-0.080384672	-0.0749411094	0.1836097654	0.0177354695	-0.0680471	-0.1204430103	0.0144164114	-0.075139397	0.10815143	-0.1002215886	0.0125803776	-0.2276899538	-0.0325092348	0.1287748778	-0.1157325714	-0.1071970393	-0.0722760612	-0.1091909532	-0.1174289513	-0.0401399011	0.0500837679	-0.1356900101	0.0198506559	-0.039604468	-0.0253268479	-0.0490954527	0.0353084189	0.0550480848	-0.0356812023	0.088082444	-0.2523696753	-0.1435594937	0.0089983621	-0.0127821198	-0.0183614407	-0.086623727	0.0416023559	0.0558499697	0.1729584404	-0.0643572695	-0.0209920969	-0.0133834826	0.0010315303	-0.0782874055	-0.0906112952	0.0056847447	0.0014300656	0.0420545425	0.1317251613	0.00866803	0.1468063195	-0.000626887	-0.0076303437	0.0036375394	0.1059538436	0.1158076604	0.0595404892	-0.105243236	0.0115102451	0.1309293597	0.1478254078	0.013711476	0.0001896404	-0.1725566945	-0.0378434446	-0.1190394416	-0.064757354	-0.0526879596	0.0296483248	-0.0574252575	0.0124915003	0.0328851516	0.157201924	0.0767830606	0.1091829923	0.0555787436	-0.0151740128	-0.0812449131	0.0090399999171495	0.0070676897780402	4.995223879861393e-05	8.172159850206297e-05	-0.029200451957422	-0.0238273555105621	0.0005677428706267	0.0008526663945177	0.0127290963754731	0.0185807242518193	0.0003452433137221	0.000162029894536	-0.0002619999763418	-0.0003649999781048	1.332249840165045e-07	6.864398760310377e-08	0.0	-5.15011988611036e-09	0.0	2.6523734841309388e-17	0.0	-0.0001000000155085	1.000000310170024e-08	0.0
833.9842022606808	0.113975162656061	0.0129903377024755	695529.6496203842	1180.595199742268	0.0026020954564955	1393805.0256544857	6.770900764714993e-06	814.173923937255	0.1070313200933696	0.0114557034809293	662879.1784193872	838.8184611378668	778.4424347219541	1.09513	19.191954	0.0641995647726892	0.0365197716426972	-0.0625170295	0.1084516865	-0.0722381321	-0.0941380624	-0.0076059378	-0.0694239767	0.1054655054	-0.0063688349	-0.0200577517	-0.1075202856	0.079438882	-0.0047810196	-0.038115009	-0.0182392259	0.064791666	0.1217310091	-0.0173644956	0.020378587	0.0810991248	0.0674725052	0.0331038188	0.0673286659	0.1194109402	0.1220726751	-0.0370647631	-0.0961859752	0.0042136043	-0.0138631155	-0.1355501917	-0.0012941196	-0.1417022705	-0.1105024263	-0.000370052	-0.0389173228	0.0157371351	0.1903049932	0.0917488088	0.2201207866	-0.096298798	0.064528509	0.1295099109	0.0696074644	0.1040442726	0.0252266811	0.0168694052	-0.0251069169	0.0068229992	-0.1902670419	-0.0065965527	-0.0435318987	0.0219789008	-0.0828640631	-0.1040491983	0.0978292955	0.0547739293	-0.0412793267	0.1011821702	-0.025327337	-0.0052102609	-0.0218160959	-0.1017838151	0.0068455884	-0.0361089632	0.1179491244	0.1350957036	-0.0367519633	-0.0139327006	0.1064327218	-0.1112595483	-0.0327955405	0.0915285882	-0.1197024098	0.038064243	-0.0380078474	0.1157628567	-0.0664451479	-0.2082050477	0.0765710835	-0.1198271588	-0.0047303115	-0.0412338061	0.1376200075	-0.0064511516	0.05125403	0.116957714	-0.0114772049	-0.1011192745	0.0790180402	-0.0636794508	-0.060060073	0.1308239434	0.0090422486	-0.0604286383	0.0972486657	0.0759085293	-0.0698030923	-0.0462614872	0.0950284796	0.1349736637	0.0267801415	0.0661790075	0.0791518209	-0.0399491196	-0.0574969783	-0.0801185841	0.1032612268	0.0961458587	-0.0148655407	0.0300452174	0.1324814551	-0.0180981343	-0.0041580466	0.1073422654	0.0494042187	-0.0251860523	-0.0912870929	0.0064565042077617	-0.0025834957093878	6.674450080425173e-06	4.168644658484454e-05	-0.0524845717741726	-0.0232841198167506	0.0005421502356407	0.0027546302743182	0.006547962051691	-0.0061811343237821	3.82064215286372e-05	4.28758070303854e-05	0.0002479999937542	0.000509999970096	2.6009996949792085e-07	6.150399690208325e-08	-0.0001329998287329	-0.0001329998287329	1.7688954442980734e-08	1.7688954442980734e-08	1.6499626474179938e-08	1.6499626474179938e-08	2.722376737874595e-16	2.722376737874595e-16
834.2887051037476	0.3045028430667571	0.0927219814357381	696037.6434636879	1175.8052372883276	-4.789962453940461	1382517.9560346603	22.943740310159324	815.6321306801516	1.4582067428965502	2.126366905028965	665255.7725978439	839.382483951853	772.4547943470089	1.002987	17.577169	0.0866804585483899	0.0561539581800191	-0.0518221638	0.0010161179	0.1006317634	0.1369963165	0.0055839527	-0.1573509931	0.0721489883	0.0076598781	0.0165439629	0.0371970051	-0.0674854708	0.1554304439	0.0728692416	-0.0756219207	-0.0869682199	0.0574030528	0.0612611141	0.0744297633	-0.0259230811	-0.1004449702	0.0462844102	0.0419252754	-0.0107844941	-0.0625665409	0.0629109592	0.123815798	0.0271103886	-0.0382854514	-0.1872054682	-0.0310330183	-0.0060770062	-0.1269428924	0.0323939944	-0.0593219117	-0.0673828323	0.0571561543	0.0555885969	0.0701415787	0.0422125599	0.0610791787	-0.036464955	-0.0049523629	-0.0199219783	-0.1062869176	0.0382791147	-0.0580675316	-0.2211829435	0.0128270884	-0.0164130328	0.1188273868	0.0360466895	0.1287602249	0.0704063804	0.073307017	0.0668039289	-0.0945128147	-0.125390321	-0.063768207	-0.0397275984	-0.0776377711	-0.0222906203	0.1169619105	0.0696085551	0.0458680712	0.0642550611	0.0640414271	0.1029291105	0.0324164332	0.011104259	0.066606884	-0.0267170915	-0.0251491377	-0.1282340048	-0.0005954061	-0.0593295494	-0.1715451477	-0.0211775752	0.1043755136	-0.0300882807	-0.0589627157	-0.0729139172	0.0550231739	-0.1558208606	-0.0702611494	0.0300013243	0.0622346303	0.1563451281	-0.0042317793	-0.094678066	0.011553437	-0.0530474373	0.0562494425	0.0800455104	0.212607677	0.0652745211	-0.0425630304	0.0294097282	0.1253253554	0.1159319788	0.0783923387	0.1418885634	-0.0051819662	-0.0320025916	0.0570263906	0.0930853131	0.0666261819	0.1429724945	-0.0364142495	-0.0293826091	0.1784402505	-0.0370000014	0.1138825604	0.1054279714	0.0430942802	-0.0350428114	-0.1003291122	0.0108809820929707	0.0044244778852089	1.95760045567035e-05	0.0001183957713075	-0.0107090528595392	0.0417755189146334	0.0017451939805868	0.0001146838131484	0.0065207581025035	-2.7203949187499386e-05	7.400548513960483e-10	4.2520286231365046e-05	-0.0005009999696743	-0.0007489999634284	5.610009452158942e-07	2.5100096961364946e-07	-0.0001930001642529	-6.000033551999999e-05	3.7249063401646376e-08	3.600040262512572e-09	-4.83574122271983e-08	-6.485703870137825e-08	4.2064354691120745e-15	2.3384393173111872e-15
836.9436924641759	2.654987360428322	7.048957884034149	700474.744355569	1180.3327282777766	4.527490989449007	1393185.3494436597	20.498174659541945	816.5288852920802	0.8967546119285998	0.8041688340152137	666719.420516327	841.1664151927973	787.5388672821282	1.158089	20.295305	0.0562035159948416	0.0291062297064156	-0.0254433002	-0.0612625652	0.0344052997	-0.2061781795	0.1882149561	-0.1462195437	0.0354749516	-0.2488288677	0.1344622656	-0.0738773462	0.0031161268	0.0368688266	-0.1408661061	-0.0526312805	0.1058553732	-0.0496361775	0.1927752011	-0.2246127047	0.0807430244	-0.0988655155	-0.0408162757	0.096842056	0.0142534164	0.0373448049	0.0177251759	-0.0018606891	0.0419973721	-0.0881068264	-0.01474223	-0.0633388691	-0.0011241616	-0.0364940356	-0.1761286392	0.0461756751	-0.1563141168	0.0448740915	-0.143872076	-0.0282403762	0.0368924652	0.1604237432	0.0346451587	0.1102025495	-0.0110013854	-0.0892092795	0.1179287388	0.1417559784	-0.0516485707	0.1568199802	-0.0593602181	0.0329425632	0.1803850127	-0.0099491979	-0.1610481426	0.0082051487	-0.0601951274	0.1655047845	-0.0598878113	-0.2399535251	0.0079108634	-0.052462901	-0.035567985	0.0471109145	-0.012320334	0.0647312883	0.1717246601	0.0131554882	0.118735871	0.023361365	0.0356541538	0.0091170819	-0.1726384819	-0.0330025228	-0.0234188812	0.0344749118	-0.0554874537	0.0580604333	0.118378975	-0.1741978653	0.0939558247	0.2189093025	0.0221855899	0.1518237838	-0.0789309735	0.1708853276	-0.0497260463	0.071137944	0.0076578877	0.0249997863	0.1830577446	-0.0165936451	0.0300856762	-0.1002048268	-0.108805607	0.1148010112	-0.0850766744	0.0062632804	0.0147021296	0.0741480121	0.1786387251	0.0424640067	0.0126341139	-0.2260723132	-0.082344368	-0.0275263072	0.0425330922	0.0729803713	0.0770281398	-0.1153831362	-0.0096196324	0.1492795343	-0.004653054	0.0202798657	0.1034414224	0.0366662233	-0.0446835199	-0.1082719048	0.0158326788635179	0.0049516967705471	2.4519300907447563e-05	0.0002506737199952	-0.0328459968281293	-0.02213694396859	0.0004900442882684	0.0010788595076334	0.0012071565250337	-0.0053136015774698	2.8234361724089552e-05	1.4572268759314378e-06	-0.0003089995260205	0.0001920004436537	3.6864170363256015e-08	9.548070708089367e-08	-0.0004769998321023	-0.0002839996678494	2.275288398256224e-07	8.065581133856954e-08	-7.37194737174306e-08	-2.5362061490232304e-08	6.432341630343244e-16	5.4345608051749405e-15
835.9481447387371	-0.9955477254387688	0.991115273626306	698809.3006921366	1181.7788247177282	1.4460964399515888	1396601.1905512149	2.091194913640659	816.0726633509983	-0.4562219410819352	0.2081384595245688	665974.5918687917	840.9414487076041	788.7858897246132	1.215039	21.293339	0.0993848847712368	0.0481455285751468	-0.2359553448	-0.1130368179	-0.0953952996	-0.0068408034	-0.0498596666	0.026137704	0.0356200656	0.2033964833	0.0790453724	-0.1537162647	0.0448088492	-0.0126388246	-0.0554635617	-0.1146809682	-0.1581390913	-0.0658603626	-0.0854862505	-0.08364452	0.0884000847	0.0381325686	-0.1128731652	-0.102884762	-0.051468624	-0.0133834154	-0.0612724694	-0.0449013467	0.1395957414	-0.1626373135	-0.0303780553	0.0950184978	-0.1250265193	0.0145563434	0.1824143333	-0.0982900389	-0.0350898162	0.0081289605	0.0092932741	0.0114930163	-0.1596529752	-0.037008749	0.0894589602	0.0371181048	0.0795042371	0.0612337799	0.0295656264	0.0432409595	0.0117094792	-0.1152643659	0.0129098679	-0.0860059931	0.0374284867	-0.0151521631	0.1441194088	-0.0843529784	0.040026792	0.0302570051	0.1428023713	-0.1048969867	-0.0365385339	0.1744482033	-0.0187360205	0.109528874	0.1361981448	-0.0080445188	0.0102339543	-0.0386980718	0.0437422174	0.0303923641	0.1130676474	-0.044753506	0.0451625867	-0.0140751901	0.0076680124	0.0651391565	0.1455074925	-0.0308001483	-0.0545212993	0.0820804284	0.0300121112	0.0255685617	0.016987681	-0.1876835147	-0.0074390125	0.1567833186	-0.0675327682	0.0681026185	-0.0238722128	0.0727192078	-0.0735730174	0.0097061001	0.0661147358	0.1815993466	0.0031402488	-0.0338176672	-0.1314612814	-0.0275711386	0.0726802344	0.0537573186	0.0804606173	-0.1167804898	-0.1727899304	0.1980646082	0.0791271893	0.0572382203	-0.0757201958	0.1222937216	0.2734755741	-0.158138866	-0.054853629	0.0344697911	0.0544510534	0.0825620064	0.1013839798	0.0301376669	-0.0540487397	-0.1150284477	0.002007404620528	-0.0138252742429899	0.0001911382078938	4.029673310517164e-06	-0.0525020708265202	-0.0196560739983909	0.0003863612450302	0.0027564674410729	-0.0218423097252014	-0.0230494662502351	0.0005312778944207	0.0004770864941316	0.0001719999992013	0.0004809995252218	2.3136054326359706e-07	2.9583999725247204e-08	-0.0001010003430252	0.0003759994890771	1.0201069291208066e-08	1.4137561578624024e-07	8.671819801982618e-09	8.239129351941323e-08	6.788325247802103e-15	7.520045867805786e-17
834.0239722608738	-1.9241724778632945	3.7024397245665694	695595.9863058069	1175.7662959147974	-6.012528802930774	1382426.382609203	36.150502606072166	815.2075079388837	-0.8651554121145182	0.7484938871110418	664563.2809999252	839.8404122174558	783.3538274602372	1.095156	19.192411	0.1127738962370864	0.0766970746151659	-0.0339891838	-0.0172602672	0.1637017685	-0.0090755325	-0.0761140893	0.1505113721	0.0743970663	0.0313016418	-0.0305032202	0.1557185517	-0.0644035681	-0.1336383523	0.0071505922	-0.0500929955	-0.0637615981	0.0219342838	0.0720397554	0.0416073328	-0.068543376	0.0352365735	-0.0142469097	-0.0328069596	-0.0162703268	-0.0263376436	0.1342749156	0.1979572563	0.0109986864	0.1029285645	-0.0334432152	-0.0064881665	-0.0224151404	0.1777475722	0.028337695	-0.0384870381	-0.0332163136	-0.008966633	-0.0378372419	-0.0301485292	-0.2121681953	-0.0355461775	-0.0206863853	0.0372663284	0.0179685447	0.0512754097	0.120413146	0.0629520389	0.065728325	-0.1068644949	-0.0743776163	0.1350425043	0.0737769436	0.0345323727	0.1144546121	0.0534574657	-0.0686429651	-0.0034404807	-0.0250495068	0.0689980669	-0.0122867447	-0.035806317	0.107505161	-0.0735237703	0.1097826566	-0.0075323367	-0.2146437667	0.0777524146	-0.05850615	-0.0478203049	-0.0846117647	0.0661088792	-0.1670166422	0.0685094619	-0.1091994901	0.0083731402	0.0457809511	-0.0304039163	-0.0801918636	0.0218488459	-0.0460739247	0.0395668624	0.0744000641	-0.044824127	-0.0118548762	0.1881581342	-0.0827824046	-0.0454420896	0.0951327743	0.1380341716	-0.0839055432	0.0255162587	-0.0316771671	-0.1298714886	0.0583805577	0.0016793287	-0.0928238613	-0.1329286468	0.0439913041	0.0578301298	0.0036649827	-0.1101532887	-0.0458851254	0.0164911332	0.2027557179	0.0746733593	0.1426838167	-0.0594123645	0.200880677	-0.0824293719	0.0231186613	0.2067197343	0.0203109295	-0.1388938421	0.0992570537	0.0235265052	-0.063080731	-0.1205247148	0.0020318226765994	2.4418056071400136e-05	5.962414623060411e-10	4.12830338914355e-06	0.0213828583573416	0.0738849291838618	0.0054589827605042	0.0004572266315301	-0.0140288327680764	0.0078134769571249	6.105042215952333e-05	0.0001968081488346	-7.1021661579263e-05	-0.0002430216607805	5.905952760854304e-08	5.044076413479361e-09	-0.0001209869607703	-1.9986617745099995e-05	1.4637844676434113e-08	3.99464888888746e-10	-0.0003580044904551	-0.0003580131622749	1.281734243620753e-07	1.281672151860158e-07
834.7243899119621	0.7004176510882871	0.4905848859560335	696764.8071138974	1184.607647610694	8.841351695896492	1403295.2787777418	78.16949981053178	814.4349600316779	-0.7725479072058761	0.5968302689281789	663304.3041218007	838.9210391417743	781.3071377244106	1.124181	19.701061	0.0656655143281122	0.0391434225514454	-0.0302373634	-0.072907547	-0.1095704398	-0.0247018502	0.1435271157	0.0549301348	-0.0958286015	-0.0399120071	0.1408446248	-0.10120868	0.1207890844	-0.0082791312	0.0479483714	-0.0052010525	0.0904089444	-0.0958712405	-0.0904014459	-0.0591835042	0.0618026287	-0.1284640461	0.0920200685	0.1032475388	0.0207815548	0.0060962604	-0.0981618536	0.0431544721	0.0242464844	0.2424937934	-0.0878662592	-0.0262925626	-0.1715017938	0.0651093727	-0.0163659582	-0.0920370477	-0.0661222457	-0.0296606196	-0.0274468663	0.0721191402	-0.02112461	-0.004553032	-0.1128166952	-0.0511795461	-0.0083785295	-0.0945747662	-0.1081821927	0.000389495	0.0540015599	0.0071234805	-0.0357916819	-0.1805453911	0.0047772124	-0.0136595022	-0.1149796236	-0.1317111831	0.1048296363	0.0554932623	-0.0423951518	-0.0423825125	0.0793296248	-0.0943452143	0.0686906069	0.0602718197	-0.050914192	-0.130822196	-0.0292639881	-0.0706034077	-0.0836852545	-0.0200676636	-0.1424412187	0.0508929684	0.0344276685	-0.0007781669	-0.1835885378	-0.0254465274	0.093662558	-0.0407665644	0.0296929738	0.1634224715	0.1029649199	0.0622132694	0.1147683766	0.0502609925	0.0025487527	-0.1078825445	0.1592741907	-0.0887688232	0.0246098285	-0.0749877905	0.1680860185	0.0274655796	-0.0410460226	0.1035168864	-0.0956908489	-0.0151481262	-0.0426207556	-0.0050143417	0.0535455041	0.1033477701	0.0904613107	0.0276525322	-0.072479952	-0.1512797489	0.0288786465	0.0277250232	0.1477405529	-0.0506084492	0.0793754614	0.0768637308	-0.1202974473	-0.005491615	0.0434109536	0.0342753559	0.0970621018	0.016850859	-0.0717238087	-0.124700488	0.0020248130396254	-7.009636974000116e-06	4.913501050726951e-11	4.099867845437052e-06	-0.0131775583330266	-0.0345604166903682	0.0011944224018118	0.0001736480436203	-0.0055324076397482	0.0084964251283282	7.218923996128688e-05	3.0607534292344254e-05	-0.0002580663096015	-0.0001870446480222	3.498570035376252e-08	6.659822015133725e-08	-0.0002959421490038	-0.0001749551882335	8.758175555698738e-08	3.0609317889819425e-08	-0.0004480379116482	-9.003342119309998e-05	8.106016931734144e-09	2.007379702740803e-07
834.1863542683541	-0.5380356436080547	0.2894823537927336	695866.8736475279	1178.8499774736229	-5.757670137071045	1389687.2693895611	33.15076540731971	814.9710758330544	0.5361158013765817	0.2874201524856543	664177.8544444862	839.3458307422537	781.5148212048434	1.091643	19.130844	0.0928654676907343	0.0398238817830052	-0.0235704112	-0.0834625121	0.0045165972	-0.0316107596	-0.1599651122	-0.0394358807	0.026877811	0.0371586719	-0.048591215	-0.0888119705	-0.1363890921	-0.1192431982	0.080873978	0.1490095839	-0.0165853545	-0.0367003467	0.0799221282	0.1242603631	0.0357819795	0.0690181043	0.1152256992	-0.0078895032	-0.0053226796	0.081510875	-0.1080515477	-0.0033308076	0.0262424422	0.0859430558	0.0010763087	0.007831878	-0.210626682	0.0043697105	0.0439984761	0.1530088447	0.0851238031	-0.061842967	0.1045519012	-0.0205097196	0.1040172166	0.0004120153	-0.0869275906	-0.0633706324	-0.1239568076	0.1832590559	0.0990312438	0.26126631	-0.0839214938	0.0072697591	-0.0568177361	0.0951408102	0.0817766887	0.1316108038	0.0102407097	0.0067036739	-0.0932470718	-0.1616199705	0.070149309	-0.0228012795	-0.0511765834	-0.0091884968	0.0262621629	0.0061732241	-0.1616072149	0.0751039525	-0.0092880402	-0.0859184397	0.0790081741	0.0632869674	-0.1018699415	0.0148772027	0.1037230724	0.0156524423	-0.0070612975	0.0677104137	-0.0876746295	-0.0193762549	-0.1328032036	0.1386626765	0.259380858	-0.0586969111	0.0121921071	0.0640860348	0.0218529875	0.0754485862	0.1546039716	0.1203294268	0.0239640334	0.1511198717	-0.0408794145	-0.0033243567	0.1262771998	-0.0047336728	0.1150693456	-0.0640756998	-0.0591261396	-0.0346355567	0.0827185231	0.0317452955	0.0905881037	-0.050837042	-0.014309649	0.0436819499	0.0239628693	-0.1148846256	-0.0197923347	0.1326873081	0.0901950982	0.0895628276	-0.1104730889	-0.0964722793	-0.1276772906	0.0800754894	0.0948006283	0.0101290257	-0.0799246852	-0.1275100165	-0.0167742229668732	-0.0187990360064986	0.0003534037547736	0.0002813745561423	-0.0412659285133116	-0.028088370180285	0.0007889565393847	0.0017028768560657	0.0065426736858285	0.0120750813255766	0.0001458075890192	4.280657895923269e-05	-0.0001570000009279	0.0001010663086735	1.0214398748907389e-08	2.46490002913606e-08	1.3098297779734482e-08	0.0002959552473015	1.7156540472659726e-16	8.758950840533923e-08	-0.0001669998640559	0.0002810380475923	7.898238419449188e-08	2.788895459468908e-08
832.9659835099494	-1.2203707584046697	1.4893047879691887	693832.3296846973	1174.8227122198675	-4.027265253755331	1380208.4051476456	16.218865424104994	814.2517947948443	-0.7192810382101698	0.5173652119286997	663005.9853266252	838.6478793460942	769.706604110363	1.082942	18.978357	0.091606460857246	0.0556180394194968	-0.024936408	0.1575522969	0.0490340208	0.0541643588	0.0603790156	0.0689939767	0.105549408	0.0176161011	-0.0185091534	0.1503283993	0.1078329289	-0.0539049887	0.1458571664	0.2003551845	0.0242213246	0.1656519435	-0.0375337749	-0.0176666067	-0.0985337163	0.0637345443	0.0550502146	0.075144499	0.0753288525	-0.0016092774	-0.0758389171	0.0004053372	-0.0183986263	0.0001647775	-0.0149862182	-0.0593224859	-0.0110981389	0.0454639872	0.1341132157	0.0148314593	-0.1350631351	0.0870881032	0.0534837683	0.0226131521	-0.1277493208	0.1277361565	0.0536278089	-0.1349856836	0.0154873062	0.172824433	-0.0697099517	0.0205096981	-0.0045019195	0.1005598145	0.1686370481	-0.0426958531	-0.0085051348	0.0464521376	-0.0070140967	0.1104052426	0.1127206581	0.0283011162	-0.0133011074	0.0896879379	-0.1159650469	-0.0814507388	0.0515303372	-0.0547748611	-0.003851861	0.0123620376	0.0237960235	-0.0176354174	0.0197543751	0.0634646617	-0.1063990385	-0.1048973064	0.0550738283	0.1318226894	0.172710585	0.1013134103	0.0927974856	-0.2199976165	-0.0531993835	-0.0184329966	0.0744815376	-0.0752708358	0.108777678	0.0385579587	-0.1258025958	-0.0212766165	-0.0250091465	0.1858057269	-0.1066579751	-0.0162965611	-0.1202041495	0.0762556698	-0.0506917566	-0.013827302	-0.1281148005	-0.0895591476	-0.0242612952	-0.0073106316	-0.1059526348	0.0204373412	0.0570117219	0.1113581441	0.1169252468	0.1463115854	0.0558841479	-0.0147236788	0.0568256292	0.0738871474	0.0972907755	0.1495046791	0.094726017	-0.1341078828	-0.1157878861	-0.1117733749	0.0924741833	0.0033794295	-0.0876327994	-0.1289225186	-0.0095039210317224	0.0072703019351508	5.2857290228257496e-05	9.032451497721536e-05	0.0120495300207039	0.0533154585340155	0.0028425381186923	0.0001451911737198	-0.0023251188578825	-0.008867792543711	7.863774459829639e-05	5.406177703280821e-06	-0.0003189999880416	-0.0001619999871137	2.624399582483897e-08	1.0176099237054097e-07	7.142703295492937e-08	5.832873517519489e-08	5.101821036744566e-15	3.4022413471380178e-15	-0.0004479997050944	-0.0002809998410385	7.896091066366227e-08	2.0070373576466938e-07
834.6491988370066	1.6832153270571553	2.8332138372401263	696639.2851192569	1180.030976914868	5.20826469500048	1392473.1064786578	27.126021133188445	815.4970338100258	1.2452390151814825	1.5506202049301483	665035.4121529503	840.0567102908207	780.6809803925744	1.202914	21.080849	0.0590187138183327	0.0300716007529296	0.098004363	-0.1524501992	-0.0512754655	0.0849793213	0.048855181	-0.0936454676	-0.1243146983	-0.0410437356	0.0424525376	0.0047367649	-0.0694492243	0.1776744255	-0.0549486078	0.0218878882	0.048933121	-0.194427223	0.0095132873	0.0202482626	0.0440834899	-0.1894335644	0.0544839976	0.0003148817	-0.0780715812	-0.1624145481	-0.0751663517	-0.0817536687	-0.0925460373	-0.0057325752	0.0422522348	-0.01998825	0.0515091456	-0.035111619	0.0357698887	-0.0709510795	0.157481619	-0.2125795786	0.0589764697	-0.1667833035	-0.0250366084	-0.017623952	0.071398107	0.0020234903	-0.1383068681	0.0932788141	0.0066602956	0.0076795434	-0.0166379645	-0.0142543793	-0.0488239834	0.034104717	-0.0857814478	0.0768694823	-0.0330639922	-0.1750396523	-0.014362174	-0.0401337186	-0.1453100665	-0.1179607786	0.0065469651	-0.0723766584	0.0307881578	0.0560014739	-0.0522985767	-0.0153365372	0.0143528556	0.1869202793	0.0405314021	-0.051157807	0.0555999001	-0.0472934346	0.0806896346	0.0230684239	-0.0031401122	-0.0320152971	-0.1102375068	-0.0123648244	0.0542252156	0.0273108453	0.0378710427	-0.2449200335	0.0428280785	-0.2254051912	0.2163500006	0.0717554556	0.0023853718	0.0508639764	-0.1118025916	0.029809141	0.1331296095	0.0843157956	-0.1391651089	0.0393528514	0.1209543917	-0.0802382537	0.0134383614	0.0672254336	0.0563055646	-0.0441878759	0.0806808505	0.0680737787	0.0115587297	-0.0723384454	-0.1931656809	-0.0485433589	0.0059987394	0.0226292852	0.0255981907	0.0431376034	0.0256255972	0.0232648521	-0.2670465879	0.0716897284	0.090084361	-0.0033794295	-0.0948006283	-0.1289225186	-0.0167246408166192	-0.0072207197848967	5.213879421200008e-05	0.0002797136104449	0.0018914599684904	-0.0101580700522134	0.0001031863871856	3.5776208124017045e-06	0.0093628135264722	0.0116879323843547	0.0001366077634212	8.76622771314908e-05	-0.0007005483781531	-0.0003815483901115	1.455791739966774e-07	4.907680301329389e-07	-0.0002173433611425	-0.0002174147881754	4.723813663271917e-08	4.7269190117377934e-08	-0.0004480763587448	-7.665365039997811e-08	5.8757821196420644e-15	2.007724232659987e-07
834.8551818245498	0.2059829875432797	0.0424289911572549	696983.1746193022	1177.6055743030663	-2.425402611801701	1386754.888629655	5.882577829334513	816.2649781729223	0.7679443628965146	0.5897385445045337	666288.5145916413	841.6876338787162	780.3379485137702	1.179212	20.665472	0.0767861970850168	0.0511773592273243	-0.0285227753	0.0062641988	0.0618660317	-0.177046992	-0.1178934968	0.0629432181	0.0306584262	-0.0209942758	-0.0440092279	-0.0986586626	-0.0890959828	-0.1640229423	-0.0579844991	-0.0047498615	-0.0855357229	-0.0233397331	0.1325268355	-0.1142879641	-0.0467740473	0.1745650123	-0.0202361055	-0.0240529823	0.0309816928	0.0589437773	-0.0176883203	-0.0537920599	0.1189465209	-0.0719976104	0.033921693	0.1252523584	0.0463528169	-0.0273469972	-0.071094584	0.1816043071	0.1195428594	0.0359902067	0.0039796855	-0.1385240718	0.0792123931	-0.0319632373	0.087305697	0.0764614406	0.0231439866	-0.02250643	-0.0593652936	0.107731255	-0.0744784362	0.0527031946	0.0161747203	-0.1180037858	0.0556464931	-0.0688073508	0.0555619272	0.0595350733	-0.1781458366	0.0875499437	0.1338210772	-0.0061758912	-0.0785452512	0.0533885735	-0.0708574433	0.071435187	0.008304183	-0.0397745031	0.0991168361	-0.1791254482	0.0511219253	-0.0288368907	-0.0458463643	-0.0202926335	0.0125903412	-0.1419416673	0.0317588616	-0.0314496909	-0.1444337315	0.1456937792	0.044168891	-0.0313023907	0.077588909	0.0428028373	-0.0807930944	0.0054449935	0.0211305449	-0.0592913293	-0.123336515	0.132847902	0.0232607998	-0.0260140512	-0.0582569479	0.0110482115	0.1393912249	-0.1410648808	0.0141054079	-0.1068895332	-0.0324084835	-0.0083566812	0.0098329152	-0.0133898329	-0.0763042866	-0.0759473876	-0.0920079907	0.0232136609	-0.1299964805	0.0126270874	-0.145352056	0.0289220619	-0.1159479507	0.0255168899	0.1241424601	-0.0872010345	0.0107996897	-0.1599998258	0.0876327994	-0.0101290257	-0.1013839798	-0.1275100165	-0.0167058118073271	1.88290092920998e-05	3.545315909219805e-10	0.0002790841481418	-0.0454002754836437	-0.047291735452134	0.0022365082420746	0.0020611850139907	0.0065399117630065	-0.0028229017634657	7.968774366177762e-06	4.277044586791079e-05	-0.0003849999876304	0.0003155483905227	9.957078676146641e-08	1.4822499047540818e-07	8.621184099943947e-08	0.0002174295729834	7.432481528512632e-15	4.72756192077869e-08	-0.0004479997050485	7.665369630000234e-08	5.875789156452993e-15	2.0070373572354297e-07
833.3477998532201	-1.507381971329778	2.272200407490048	694468.5555202025	1180.3416916365477	2.7361173334813884	1393206.509015427	7.486338062577303	814.5517153790478	-1.7132627938744918	2.9352694008746294	663494.4970269493	839.7994864999109	778.9075900114784	1.033418	18.11047	0.1053940432321669	0.0698925349327217	-0.0693250027	0.0657749995	-0.0122206951	0.0884014988	0.0572735042	0.1016496667	0.0139259314	0.1445508845	0.0120629522	0.0830165908	0.1219140761	-0.0637198215	0.0523183428	0.0760543952	-0.0715663562	0.0687591204	-0.1197473199	-0.0261707079	-0.0040080836	0.0480435887	0.053035853	0.1526610251	0.0705205927	0.1761117442	0.0573220117	-0.0043513185	-0.1266150115	-0.1504375112	0.1338680988	-0.0325154467	0.0062460945	-0.1036372626	0.0719677943	-0.0477598441	0.0961908119	-0.1408255699	0.0475175011	0.03869443	0.1184471281	0.007462606	0.1132753608	0.1391181432	0.1959778262	-0.0362316333	-0.0019853565	-0.0249062395	0.1523625181	-0.1094900969	0.0243733807	0.0139152518	-0.0302823258	-0.0066902306	0.0912828201	0.0028565175	0.1248210269	0.0698881533	0.0920623343	0.1084023586	0.0013473167	-0.1171189499	-0.0854723202	-0.1047343394	-0.0947853508	0.1072730922	0.0511819947	-0.0943053952	-0.0589601484	0.0529096605	0.1478083625	-0.0144110384	-0.0639207356	-0.1017886995	0.0280600529	0.0121391106	0.0573049906	0.010216184	-0.1584434062	-0.0365508774	-0.0664074211	0.0333871304	0.0980982934	0.049378671	0.1937527909	-0.0835405327	-0.1081693922	-0.0674471466	0.0458636315	-0.0407445698	-0.0729580735	0.092605185	-0.0688173262	0.0539484587	-0.1194173608	-0.1410001449	-0.0404732054	-0.0349230478	0.0401132826	0.0040674502	-0.0552414111	0.0583090899	0.0933396089	0.1203639783	0.0157788873	0.0478746144	0.1000136835	-0.0296560299	0.030273937	0.1126528788	0.0852548791	-0.0488578453	-0.1282334025	0.0851673221	0.0851211787	-0.016850859	-0.1073422654	-0.124700488	-0.0166978099498464	8.001857480698094e-06	6.402972314140404e-11	0.0002788168571211	0.0201445435128704	0.0655448189965141	0.0042961232972857	0.0004058026333419	-0.0125466691763875	-0.019086580939394	0.000364297571956	0.0001574189074217	-0.0007999996302236	-0.0004149996425932	1.7222470335248376e-07	6.399994083578967e-07	1.791709962617461e-07	9.295915526230663e-08	3.210224590142663e-14	8.641404547081629e-15	-0.0004479999320756	-2.2702710002729662e-10	5.1541304146804164e-20	2.007039391397422e-07
831.9669122416053	-1.380887611614753	1.906850595911097	692168.943064831	1179.0594402195252	-1.2822514170225077	1390181.16357078	1.6441686964562288	814.1482415890104	-0.4034737900374239	0.1627910992471632	662837.3592824775	838.3054427489483	768.254551188151	1.10323	19.333899	0.1009949956384875	0.0548906641246489	0.1814942337	-0.0811434209	-0.0433256856	0.1207736069	0.0010453812	0.0678290918	-0.1899581143	0.003742638	-0.0162736599	0.0631726882	-0.0673678425	0.0230532993	0.0793801586	0.0881403815	0.0692961031	-0.1410111287	-0.0815498698	0.0763444765	-0.1020415879	-0.079411257	0.1087952112	0.1285289392	-0.0731901423	-0.0645092057	-0.0042084285	-0.0390518513	0.0630950404	0.0038242089	-0.1002028693	0.0145096286	0.206531313	-0.0108146366	-0.0405064908	0.1332210357	0.114827422	0.0887206064	0.1212853738	-0.0760173067	0.1340253276	-0.1380438032	-0.1359787032	-0.1292193813	0.1855225566	0.0284524972	-0.0068813587	-0.0497657922	-0.0963746957	0.0719512369	0.0109545728	0.0610575775	0.2240137616	-0.0084045456	-0.0288712657	-0.1622862792	0.0146770462	-0.0588127773	-0.1080848164	0.1080054928	-0.0205646998	-0.1042443714	0.0692151952	0.1034550107	0.0517876916	-0.0702045715	0.0653550519	-0.0195927539	0.0968315172	0.0556338887	-0.0166128203	0.1175766169	0.1274530724	0.0715530189	-0.0052615336	-0.0592623864	-0.0817544441	0.0986612859	0.0226505594	-0.0260085203	-0.1411909131	-0.2216059542	-0.1634333832	0.2463124291	0.0106716446	0.0257849365	0.0375859563	0.0491178365	0.1081553088	-0.1999405767	0.1259726912	0.1044362837	-0.119485189	0.012885901	0.0617844017	-0.0701445627	0.1047729193	0.0858268092	-0.0751592884	-0.0676948177	-0.0797984526	0.0557795257	-0.0219842016	-0.0954965479	-0.1822747878	-0.0305001337	0.006551316	0.0211928796	-0.1532147959	0.1023760143	0.0595679114	0.0380597715	0.0579307128	-0.0738365211	0.0825512202	-0.0235265052	-0.1126387502	-0.1205247148	-0.0112847223233245	0.0054130876265219	2.9301517652404505e-05	0.0001273449579145	-0.0046499913960502	-0.0247945349089206	0.0006147689613496	2.1622419983340884e-05	0.0183367877153344	0.0308834568917219	0.0009537879095828	0.0003362377837172	-0.001372051158029	-0.0005720515278054	3.272429504644924e-07	1.88252438024872e-06	-0.0002256925890455	-0.0002258717600417	5.093714475006096e-08	5.10180519843632e-08	-0.0004481549684549	-1.5503637930001837e-07	2.4036278906459163e-14	2.0084287575081246e-07
834.9157379316616	2.94882569005631	8.695572950336073	697084.289445971	1174.416093413363	-4.643346806162299	1379253.1604683048	21.560669562297623	814.9069129755135	0.7586713865031243	0.575582272698573	664073.2768152811	839.3778919965047	775.8191975438317	1.097904	19.240574	0.0497742700768243	0.0250685643344256	0.0280291248	-0.0472855715	-0.0975303682	-0.1143247446	-0.1886606131	-0.0305227888	0.0238002559	-0.1383559665	-0.1184271715	-0.145646029	-0.1130219355	-0.0251492302	-0.0894111922	-0.0057366382	0.0927130633	-0.0553643552	0.1003679044	0.1146798744	0.0341340626	0.0174697933	-0.0775527007	-0.1545792826	-0.0273371578	-0.0802205016	0.0020938961	0.1122245758	-0.0338756408	-0.0880789173	0.0127153407	-0.0341960239	-0.1000977793	0.1406021932	-0.1730551454	0.0673451938	-0.0200618173	-0.061366699	-0.0283836642	0.0489060165	0.1143583429	-0.0239542219	0.0989802346	-0.0473174014	-0.0186276765	0.0115228448	-0.2416674024	-0.0486610848	-0.1023992605	0.2052536931	0.1196155712	0.0973775746	-0.0291041305	0.024375539	-0.1194193126	0.0167605036	-0.143857139	-0.1675700383	0.0256970506	-0.0793213781	-0.0100293334	0.0842448487	-0.086788576	0.0492143707	-0.0578623435	-0.1140785572	-0.1158012799	0.0511315169	-0.0115491665	-0.0989382075	0.0429347757	0.0201916851	-0.058827737	-0.0204699661	0.1480131978	-0.0744085845	0.0081119273	-0.0224353156	-0.015159304	-0.0247274804	-0.0467975781	0.154775893	-0.0537113024	-0.037811217	-0.0015890162	-0.2995318431	-0.0208697943	0.2053125047	-0.1439314625	-0.1108027854	0.0968750551	0.0236502445	0.1086082489	0.0233856932	0.1749345835	-0.164240062	0.0058854474	0.1282408033	-0.0144818525	-0.0336932222	-0.0660953059	0.1019247122	-0.1023055162	-0.1487151576	-0.0513664546	0.2163847496	-0.1060680924	-0.0750293504	0.0587177161	0.1390605588	0.0893653162	0.1466170288	-0.0143144917	-0.0651510478	0.0799246852	-0.0301376669	-0.1172407796	-0.1150284477	-0.0167539235463038	-0.0054692012229793	2.9912162017438288e-05	0.0002806939541953	-0.0154524398417663	-0.0108024484457161	0.0001166928924223	0.0002387778970634	0.0065629430713798	-0.0117738446439546	0.0001386234176999	4.3072221758172125e-05	-0.0010780186273952	0.0002940325306338	8.645512907091654e-08	1.1621241610110313e-06	-8.52583662576123e-05	0.0001404342227878	7.268989016917162e-09	1.9721770930038082e-08	-0.0004480462065931	1.0876186180001263e-07	1.1829142582205044e-14	2.007454032424669e-07
835.0648363477497	0.1490984160881225	0.0222303376799869	697333.2809044941	1177.9919811917334	3.575887778370543	1387665.1077520254	12.786973403499818	816.4605663555672	1.5536533800536745	2.413838825352208	666607.8564136535	841.7186362218945	781.7191405185433	0.987119	17.299074	0.0610150053536425	0.0319474196832772	-0.1130460526	0.0193391492	0.074204304	-0.0913070216	-0.1137166538	0.0466806314	0.1109993281	0.0726043774	-0.0519561202	-0.0347118538	-0.0046768993	-0.1118182817	-0.108429745	-0.0810904711	-0.1371022291	-0.0167426958	0.0661664904	-0.044676126	0.0470378713	0.1274311717	-0.0840102689	0.0537439845	-0.0002205849	-0.086866561	-0.0147733692	0.0112837577	-0.113664393	-0.0929689405	-0.0395197966	-0.0721519484	-0.0426812297	0.1086450593	-0.0835876508	-0.0089069392	0.035894493	0.0501044105	-0.0438199329	-0.0905656755	-0.012026029	0.0645863765	0.0522967749	0.1372286246	0.042620731	0.0350369138	-0.0107769714	0.0685594833	0.1299939258	0.0222457754	-0.0315112179	0.1594337395	-0.4426910453	-0.0528287578	0.0923831337	0.0506629175	-0.1056276805	0.0383999522	0.1127362295	-0.0696155573	-0.0470067715	-0.100794702	-0.1517027527	0.0162099554	-0.0154697859	-0.1116232661	-0.0584368371	0.1347862037	0.0084866956	-0.1411281668	-0.0306247549	0.0067794166	-0.1656139308	0.0541701043	0.0988138048	-0.0487115584	0.021072022	-0.0823354725	-0.0681848604	0.0811780129	-0.144490478	0.0055850923	0.0539686088	-0.1354879846	-0.0242759988	-0.0245565421	-0.1607351563	-0.1289098711	-0.2432241456	0.1345601433	-0.0631558032	0.0224346416	0.1000694715	-0.0841003212	0.0475016291	-0.0751607556	-0.0851854663	-0.0202882246	0.0157577682	0.0671086864	-0.1926172089	0.0172112835	-0.0286981289	-0.0235485859	-0.0769956625	0.0306845417	-0.1093487431	0.0063673047	0.0103592148	0.0237806404	-0.060716678	0.0045263646	0.012015122	-0.1209162395	0.0772433738	-0.0366662233	-0.1211199807	-0.1082719048	-0.0167422659334306	1.1657612873201828e-05	1.3589993790144098e-10	0.0002803034685857	-0.0379881499878393	-0.022535710146073	0.0005078582317878	0.0014430995394985	-0.0112034976010022	-0.017766440672382	0.0003156464141652	0.0001255183584956	-0.0008620369249022	0.000215981702493	4.6648095811774786e-08	7.431076598948413e-07	-0.000202841582817	-0.0001175832165593	4.1144707719705874e-08	1.3825812816451869e-08	-0.0003675871871992	8.045901939390002e-05	6.473653801827979e-09	1.351203401930197e-07
832.963495184671	-2.1013411630787004	4.415634683648945	693828.1843102635	1176.1027439550026	-1.889237236730878	1383217.6643384865	3.569217336650524	815.15669498511	-1.3038713704571592	1.7000805506978305	664480.4373790476	840.5142433697694	774.3234403033589	0.97021	17.002748	0.0788147084695102	0.0496194962666166	-0.0221935393	0.0970652062	0.0993268518	0.0379313491	0.0034653047	0.1784193302	0.0154554561	0.0623014422	-0.0011056525	0.2081024352	0.0481246803	-0.1309223668	-0.1134638809	-0.0722991088	-0.1055858419	0.0882876167	-0.0414816179	-0.0241107455	-0.1628201666	0.07349667	0.0032057174	-0.0369878678	-0.0896709039	0.0308533488	-0.1291172075	-0.0876741203	0.0880961475	0.0835925053	0.0054191681	-0.1021228966	0.253720204	0.0821581084	-0.0804690126	-0.226943673	0.0567769235	0.0361886111	-0.0289760275	0.0287404134	0.1088787002	0.1274455948	0.1209987469	-0.0105585563	-0.0310097126	0.0353143865	-0.0976505526	-0.1338712663	-0.0104414516	-0.2051202753	0.0830911283	0.0398304738	-0.0723399826	0.0680357742	0.1263348363	0.0606603977	-0.0203134471	0.1172464138	0.0064520143	0.1712786255	0.0106621735	0.088445614	0.0809061769	-0.0548909098	0.0578229513	-0.0664288486	0.1218180178	0.027286518	0.0243028005	0.0728373984	-0.0329770852	0.0933574872	0.0986692141	-0.0237500125	0.0192015266	-0.1714492483	0.1353419105	-0.1154878013	0.052614544	-0.2777545985	-0.0170801552	0.0448427185	0.1057237254	-0.0925576372	0.1000444107	-0.1516629737	0.0685539832	-0.087735327	0.0674088827	0.1808414522	-0.1109984035	0.0536679807	-0.0429854494	-0.0964417863	-0.0644272142	-0.0542894482	0.0206879355	0.0320794221	0.0595945417	-0.0681116789	-0.2116942016	0.0105834735	0.1267588396	0.0470462114	0.0232117757	0.129359038	0.0749439304	-0.0889097913	0.0260527134	-0.1488522739	-0.1792389413	-0.0280007362	0.0243204356	-0.0492120426	0.0745091236	-0.0430942802	-0.1242524367	-0.1003291122	-0.0166880025220308	5.426341139979848e-05	2.9445178167437802e-09	0.0002784894281753	0.0091014812157794	0.0470896312036187	0.0022174333668928	8.283696032118525e-05	-0.0191749754411389	-0.0079714778401367	6.354445895579049e-05	0.0003676796831682	-0.0011915598826374	-0.0003295229577352	1.0858537967455443e-07	1.4198149539108546e-06	-0.0002667332759591	-6.389169314209998e-05	7.114664050387339e-08	4.0821484525642664e-09	-0.000448159256609	-8.057206940980001e-05	6.491858368977631e-09	2.008467192843315e-07
832.3974435236626	-0.5660516610084869	0.320414482930467	692885.503984729	1181.0318372274182	4.929093272415685	1394836.200544771	24.295960488173563	814.0631686638607	-1.0935263212493282	1.195799815265089	662698.8425750453	838.8576061274633	773.8017406493194	1.076182	18.859896	0.0349132485079147	0.0228345094804747	0.1410925046	0.0295578331	-0.0559232394	-0.0017859082	0.1532290193	0.1264418226	-0.1476657416	-0.0502650486	0.028113657	0.0954555026	0.1513853683	-0.009439959	-0.0217157881	0.0500380083	0.1613480226	-0.0312577085	-0.1036500293	-0.1419618229	-0.0550088044	-0.0164399279	0.0239429946	0.1165523295	0.0487429059	-0.0701566215	-0.0587727448	-0.0583065072	0.0882259762	-0.1218082298	-0.097831425	0.0295108703	0.1280609766	0.051054629	0.0901905296	0.1942781972	-0.0938179509	-0.0209367273	0.0150576264	0.0651123692	0.0239798916	0.0494817862	-0.0923633426	0.0984367909	-0.1842496251	-0.0078882766	0.0713869702	0.0174272361	-0.0142134302	-0.0374295954	-0.0867843391	0.1037738214	-0.1208460588	-0.1005517191	-0.1441813092	-0.0848254571	0.0724793356	0.1144699461	-0.039805751	0.1145307463	-0.0339361542	-0.0951221761	-0.0242323931	0.0427054796	0.0991259895	-0.0850415503	0.0968172981	-0.0609919589	0.0862426057	0.1348087564	0.0777987639	0.0797555863	-0.0926020508	0.1603500764	0.0622033921	-0.0330772979	-0.1419710973	0.0593313941	0.05545052	0.0688562159	0.0444909432	0.0586860646	-0.0369451824	-0.0926269037	-0.0158290534	0.1255330628	-0.0694679907	-0.196307755	-0.0814433333	-0.0253974935	0.116582999	0.0650653479	-0.1287093691	-0.0594091398	-0.1526694854	-0.1517366553	0.1035256793	0.0903529673	-0.0830344388	0.0635136571	-0.1901901987	-0.0188513679	0.053137719	-0.0810609281	-0.1584060971	0.0794780948	-0.0424226084	-0.0199935208	0.0444237577	0.0337168006	-0.0943951878	-0.0660550306	-0.0738908448	-0.0182446571	0.0717238087	-0.0494042187	-0.1266188352	-0.0912870929	-0.0167018896146231	-1.3887092592299031e-05	1.9285134066708664e-10	0.000278953116699	-0.0020352259140707	-0.01113670712985	0.000124026245696	4.142144521304916e-06	-0.0002640711947066	0.0189109042464323	0.0003576222994177	6.973359587377107e-08	-0.0012415709827551	-5.001110011769992e-05	2.501110134982604e-09	1.5414985052194647e-06	-0.0003137219667614	-4.69886908023e-05	9.842147242864097e-08	2.2079370633141523e-09	-0.0004481944664698	-3.520986079997082e-08	1.2397342975533218e-15	2.0087827977414866e-07
831.6209714186707	-0.7764721049918535	0.60290892983048	691593.4401033336	1176.8563160060608	-4.175521221357485	1384990.7885233571	17.434977470006704	813.3734439809415	-0.6897246829191772	0.4757201382279595	661576.3593734178	838.3226495485429	766.4870280539343	1.105525	19.374121	0.0766635445412813	0.0430829523088752	0.0187315134	0.0522200095	-0.1963236519	0.0824595997	-0.1171888455	0.041953221	-0.0959999806	0.0848072624	-0.15256208	-0.0446556063	0.0007916071	0.0555581012	0.0128978214	-0.07422714	-0.0345457372	0.0399895538	-0.1737552085	0.1436955796	0.0359127495	0.1289707522	-0.0399356897	-0.119160562	-0.0622497595	-0.1382074764	0.0300306106	-0.1146853628	-0.0193951661	-0.010904924	-0.042293106	0.0577613928	-0.0785409386	-0.0379060667	0.0409999888	0.1121720153	-0.2064562049	0.0402327813	-0.0729194103	-0.1019349783	0.0108099087	0.0349406539	0.099053358	0.0440555014	0.0473174898	-0.1000857411	-0.0414471105	0.0136209319	0.1549341005	0.0250402459	-0.0636746064	-0.1539524796	0.0214438648	-0.0043285893	0.0397841308	-0.0427445187	0.0758090533	-0.1470208369	0.0964151511	0.0781153877	0.0131789009	0.2961728095	-0.0233471643	0.0775151755	0.0878004855	-0.1028435158	0.0548254484	-0.0825794066	-0.1927939238	-0.0912472837	-0.0199730014	-0.1016124325	-0.1228391067	-0.0924957629	0.1167162825	0.083814237	0.0554217754	-0.0958017101	0.1018427973	0.0031457531	-0.0006210027	0.0613218702	-0.0184314336	0.1121147536	0.0523472802	0.0417967263	-0.0011907051	-0.0561046247	-0.0156997407	-0.0395088138	-0.0185039474	-0.0403025829	0.0831978446	0.131394896	0.0052836624	-0.0135561	0.1515789805	0.1541110546	0.0133760723	0.0447032704	-0.2184384685	-0.0490940254	0.0519257108	-0.0170356435	0.0085225828	0.0812120228	0.017634161	-0.0660133031	0.1471875245	-0.0692762348	0.0233185789	-0.12551905	0.1111970363	0.0811964935	0.0688893378	-0.0555787436	-0.1282045865	-0.0812449131	-0.0031516104970705	0.0135502791175526	0.0001836100641635	9.932648725244966e-06	-0.0401972061626594	-0.0381619802485886	0.0014563367364936	0.0016158153832833	0.0065583165443285	0.0068223877390351	4.654497446173646e-05	4.301151589561291e-05	-0.0011021255742882	0.0001394454084669	1.94450219425006e-08	1.2146807815000944e-06	-0.0005367529167903	-0.0002230309500289	2.881036936828947e-07	4.974280467079368e-08	-0.0004482960566961	-1.0159022630003593e-07	1.0320574079692511e-14	2.009693544492729e-07
832.5766477631273	0.955676344456606	0.9133172753539412	693183.8744004866	1169.3920303816649	-7.46428562439587	1367477.7207201526	55.71555988256285	814.9588678582397	1.58542387729824	2.513568870707384	664157.9563007838	839.2321247093779	763.9466665667156	1.085414	19.021681	0.0597256143364101	0.0283524852698921	0.0682594248	0.1086582818	0.1265689075	0.067522263	-0.0783631393	-0.1384486339	0.0824053145	-0.0405212708	-0.1294954052	0.0955121231	-0.0868050356	0.0650248124	0.1379260978	-0.0900957207	0.0236014519	0.0433708542	0.0699555717	0.15194979	0.0180866631	-0.0016598732	0.0110084403	0.1723102549	-0.0028990642	-0.1922521499	-0.0404666224	0.13044728	-0.1510454872	-0.0352282712	0.077830501	-0.0266765655	-0.0366983735	0.0248804197	0.0641516442	-0.0446624643	0.0768169293	0.019966666	-0.1394830491	-0.1161433787	0.0940464862	-0.1726904101	-0.0190206734	0.076405831	-0.0719057201	-0.0923544292	0.0010512279	-0.1432664541	-0.0432429718	-0.1732426315	-0.0560989085	0.115747158	-0.0164591862	-0.1199163304	0.0007164617	0.1142491108	-0.0426913643	-0.1455746828	-0.0646261718	0.0445348415	0.0212847307	-0.2235064431	-0.0940940489	0.0336883715	0.0083669741	-0.2356989139	-0.1163444206	0.0866154612	-0.0385658843	-0.0999228843	0.1879064357	-0.0496786308	0.0289909055	-0.0267149793	0.0210218936	0.0649893972	-0.0356723394	0.0588927272	0.0781435517	0.0764759467	-0.0104775455	0.1335538876	-0.0595960243	-0.0844429999	0.1140852856	-0.1095308407	0.0021252239	-0.1966957397	0.1199332099	0.1403681585	-0.0950658956	-0.0330012935	-0.0193517982	-0.0567079037	0.0956508889	0.1050522795	0.0940693001	0.0448924856	-0.1625257888	0.2251081308	-0.1314737471	0.1074995917	0.1694932836	-0.0944374276	0.0683682935	0.1828280392	-0.0316990966	0.1169481525	0.0168636922	0.0057505282	-0.0463771042	0.0317879862	-0.1062335304	0.1205541727	0.0660076536	-0.0616009311	-0.1289999139	-0.0703125971	-0.0029277119118802	0.0002238985851903	5.0130576450218034e-08	8.571497038965217e-06	-0.0273232503308804	0.012873955831779	0.0001657387387585	0.0007465600086439	-0.0028750771537673	-0.0094333936980958	8.898891666327355e-05	8.266068640114678e-06	-0.0015415564444201	-0.0004394308701319	1.930994896248789e-07	2.376396271333141e-06	-0.0004002836557073	0.0001364692610829	1.6022700502640028e-07	1.862385922054001e-08	-0.0002803088634841	0.000167987193212	2.8219697083245832e-08	7.85730589477478e-08
834.9483276964351	2.371679933307746	5.624865706054635	697138.7099230735	1180.391006941648	10.99897655998302	1393322.9292687175	120.97748536705592	814.6046942181806	-0.3541736400591162	0.1254389673127244	663580.8078422955	839.3095173627156	777.9920603197675	1.134785	19.886904	0.0550254682425419	0.0259048646297628	0.0690594901	0.0227735378	0.0478666957	-0.0563090296	0.1893793103	-0.1995358567	0.0835010683	-0.1600605373	0.1237879336	0.0468971924	0.0076566823	0.1101284	-0.0576058495	0.0799328132	-0.0024396406	0.1491382488	-0.0214422547	-0.0418916462	-0.179621632	-0.1581447307	-0.0213156799	-0.4482035747	0.0044478076	0.2595666575	-0.0013741287	-0.0304627071	-0.0320905248	0.210662105	0.0813350103	-0.0196770387	0.0082977717	-0.051145787	0.103475076	0.1219991586	-0.1086351409	-0.0908089538	0.1076213656	0.1129724946	0.0711920115	0.0404481637	0.04335416	-0.0274354849	-0.086042649	-0.0868138424	0.0382314231	-0.0751293617	-0.0406483188	-0.1076627141	0.2044494805	0.1532422121	0.0514669411	0.0491192325	-0.047121259	0.1331985671	0.0555331928	0.133906572	-0.2053319612	-0.0114399221	-0.0125435092	0.401361452	0.0344134087	-0.2450829194	-0.0856812351	0.2523320798	-0.0426070918	-0.0902295647	-0.0342643225	0.0026185094	-0.1508445404	0.01008978	0.0870068999	0.0980296165	-0.0103292139	-0.0144983623	0.0173756286	0.0127140824	0.0130874905	0.1166558653	-0.1629904997	0.0976954432	-0.0663667523	-0.0434588707	0.0328834268	-0.1086241037	0.0845952502	0.0802534814	0.0699098867	-0.0349052272	0.0567026275	-0.0301009935	-0.0246597296	-0.0942537295	-0.0749681504	0.2247004518	0.1254690181	0.3304477041	0.4376447615	-0.4591628576	0.0561313435	0.0195397213	0.2547553698	-0.011468814	0.187972089	-0.1116606096	-0.1127185439	-0.0134797466	0.0160157314	-0.0752640946	0.0103655683	-0.0189090249	0.046675593	-0.0208794079	0.063080731	-0.0674542747	-0.1289999139	-0.0586099215	-0.0166974542218838	-0.0137697423100036	0.0001896058032839	0.0002788049774919	-0.0351214629111353	-0.0077982125802548	6.081211944684576e-05	0.0012335171570182	0.0113018483086761	0.0141769254624434	0.0002009852155676	0.0001277317751923	-0.0016610695790648	-0.0001195131346447	1.4283389352602198e-08	2.7591521464945123e-06	-0.0003021274869445	9.815616876280004e-05	9.128101836739901e-08	9.634633466191281e-09	-0.0004482513178734	-0.0001679424543893	2.820466798630212e-08	2.009292439752399e-07
836.2472974360488	1.2989697396137672	1.687322384432258	699309.5424690956	1179.6874871008174	-0.703519840830495	1391662.5672222413	0.494940166442165	817.3461421791319	2.741447960951291	7.5155369226039905	668054.7161351097	842.3327729042416	784.1703195143116	1.132479	19.846485	0.0639272133632782	0.0392972351597579	-0.1361094351	0.0435350902	0.0115473786	-0.1114568226	0.00526937	0.0424616731	0.130723325	0.0225758238	0.0672931568	-0.0841193431	0.0441392991	-0.0667108581	-0.1426758916	-0.0746003258	-0.1685335906	0.0658345203	0.1130079382	-0.1707718484	0.0780138012	0.0067864587	-0.1158520007	0.0279268791	-0.0630499812	0.0394636983	0.1024857859	-0.1312829852	0.0708785587	0.1479013816	0.0057634571	-0.0126298058	-0.0554295752	-0.0623983083	0.1423191966	-0.0873396027	-0.0474056995	-0.054566471	0.1146769469	0.036330112	0.0717431563	0.0001220422	-0.0062349307	0.0011310861	0.0394466075	-0.1208133106	-0.0388000511	0.0951321182	0.0779065306	0.316809714	0.0301134163	0.1887012327	0.0144127629	-0.098429365	0.1320013909	0.1054934322	-0.0644682614	0.1525552858	0.1200197112	-0.1449473228	0.1048218285	0.0468224308	0.049337628	0.0471547741	0.0142310406	0.171128883	0.1253256575	0.0451549532	-0.1071743941	0.0749442772	-0.0488845421	0.0856547283	0.0331753862	0.1121050827	-0.1043173602	0.0406090087	-0.050157182	-0.1160671273	0.0606675705	0.1215911196	-0.0403840174	0.0668124789	0.0217039742	0.0590302864	0.0613334092	-0.0470876777	-0.2851154101	-0.0302231686	-0.1341306936	-0.1094069495	-0.0829319422	-0.080217685	0.1531820606	-0.0449121372	-0.1191736133	0.2096297835	-0.0007282428	0.0532905634	0.2917317259	-0.1426433003	-0.0922440415	-0.0195175389	-0.1526941753	0.072757826	-0.028155252	0.0465592613	0.1053883008	0.0557505668	-0.1667972166	0.1835800106	-0.0274784672	0.060400402	-0.0583146921	0.0420439395	0.0601105761	-0.0731227308	-0.1282045865	-0.0462651033	-0.0167555777883308	-5.812356644700062e-05	3.378348976518896e-09	0.0002807493870208	-0.069120088959437	-0.0339986260483017	0.0011559065731722	0.0047775866977604	0.000641401176189	-0.0106604471324871	0.0001136451330645	4.113954688166327e-07	-0.001742000654726	-8.093107566119998e-05	6.5498390076788755e-09	3.034566281065813e-06	8.90205194448157e-07	0.0003030176921389	7.924652882224811e-13	9.181972174921437e-08	-0.0004479997533527	2.515645206999833e-07	6.328470807501231e-14	2.007037790040801e-07
834.0508330912664	-2.1964643447823846	4.82445561790031	695640.7921802356	1182.2063545934932	2.518867492675781	1397611.8648412365	6.344693445658777	815.2917506349381	-2.054391544193777	4.220524616854892	664700.6386533821	840.5625366944262	781.7915779705196	1.073218	18.807961	0.0888847868566559	0.0548989614956556	-0.0866972577	-0.0638156859	-0.0312357465	0.1489585073	0.0714214552	0.0869118414	-0.1054610218	0.1911080014	0.1184528996	0.0203463226	0.0297878141	0.0031180325	0.0039533343	0.0502855969	-0.1291302595	-0.0428207265	-0.1029093541	0.0007708977	0.0253916109	-0.0973191289	-0.0319892411	0.0060029557	-0.1103832152	0.1002321472	0.0211274898	-0.0084058572	0.0252151546	-0.0556357794	-0.032744261	0.0772821185	0.1203445618	-0.0450948236	-0.1063662493	-0.0028318898	0.0128181313	0.0579640532	-0.0670220989	0.0912541325	0.0004162081	-0.1604474474	0.0480477232	-0.0200846994	-0.0998079103	-0.1182129841	0.203239263	-0.1768315741	0.0120509105	0.0937182897	-0.0302173525	-0.1195061855	-0.051454024	0.0824737328	0.1595257393	-0.1012675987	0.0490703907	0.0484422332	0.0262612116	0.0189710766	0.1368556398	0.0440327695	0.0848312316	0.0001300027	-0.0908220171	0.0045346237	-0.0426291734	-0.0460663226	0.0603798271	0.0703578992	0.0966610724	0.0278484208	-0.0002398766	-0.0774994241	0.0527486013	-0.0124401312	0.0004229264	0.1239739411	0.0671399851	-0.1164892177	-0.1306571564	0.0895580793	-0.2270914391	-0.0859216398	-0.103092726	0.0947638039	0.0376604057	-0.1391211461	0.0227785039	-0.0576331603	-0.0574560654	0.0055711539	-0.1200403519	0.1306376582	-0.0541387207	0.2179126485	0.0068432608	-0.1362535368	-0.1360731142	0.0808410022	-0.2086255018	-0.0500576281	-0.0599702194	0.1030506527	-0.0671649655	-0.0165573627	-0.0044456315	0.1321839059	-0.0513285006	-0.0128623082	0.0657531534	-0.0043344001	0.1191271498	-0.0549694034	0.0570992244	-0.0785907625	-0.1266188352	-0.033413395	-0.0167476907887191	7.886999611701057e-06	6.220476287497261e-11	0.0002804851467545	-0.0272865925942511	0.0418334963651858	0.001750041418136	0.0007445581354046	0.006681790071525	0.006040388895336	3.648629800689847e-05	4.464631855993007e-05	-0.0024150352275414	-0.0006730345728154	4.52975536204808e-07	5.832395150265942e-06	-0.0001459587576133	-0.0001468489628077	2.1303958924018058e-08	2.15646178777114e-08	-0.00044817650966	-1.7675630729999678e-07	3.1242792170330894e-14	2.008621838110201e-07
831.9995346080175	-2.0512984832489565	4.207825467379469	692223.2255879577	1176.027100474564	-6.179254118929293	1383039.74105061	38.18318146630464	813.482675397354	-1.8090752375841248	3.2727532152400576	661754.0631716368	838.3886412916107	772.321165223824	1.148018	20.118811	0.1194495487617254	0.0647259246794428	0.1241612136	-0.0027859521	-0.043159489	-0.0554050271	-0.0670027451	0.0503347441	-0.0995118439	-0.0796236229	-0.1134674855	-0.0147151275	-0.0437912708	-0.0372813561	0.0726956446	-0.138118641	0.1638680515	0.0036528481	0.0052610084	0.0979044735	0.0200810838	0.0607898789	0.0777661908	-0.0805103469	-0.1049984485	0.0611709226	0.0263889493	0.0167488185	-0.0172140685	0.0003636046	0.1178539052	0.0407210282	0.0430558042	0.0288268284	0.0099987007	0.0019381851	-0.0303174167	0.0400357672	0.0790238634	0.0623545948	-0.0428813271	0.1706088098	-0.0348361371	0.0288839645	0.0458733753	-0.0357284902	0.2134341268	-0.0310762556	-0.0887876044	0.0502067654	-0.2101875661	-0.0481919858	-0.0490103637	-0.171734028	-0.1218137827	-0.0368040277	-0.0634001535	-0.0639911059	0.0314193082	0.0976603509	0.0284087491	0.0477964456	0.1834238643	-0.1091040458	-0.044899128	0.0869295757	0.0655535057	-0.0247552318	-0.0393127283	-0.071056954	0.0589038207	-0.065463114	-0.0727607382	0.0171374889	-0.1153916935	-0.0655570221	0.0519503111	0.0159898201	-0.0639973143	-0.0447331648	-0.0723173449	0.0145977909	-0.1588159832	0.0164717448	-0.0338187411	0.161052427	-0.0501734768	-0.0305780184	0.0221274685	0.0271937993	0.1303545321	-0.1245858777	0.165543303	-0.0205723307	0.0420900842	0.1267507762	0.0693108669	-0.0841679827	-0.0888329931	-0.1328131175	-0.1552332052	-0.0866663162	-0.0634052956	-0.0315207051	0.1633974939	-0.1586159657	0.1659784046	-0.1386221008	-0.1298210275	0.0992251474	0.1519399008	0.2077327329	-0.0085477046	0.1080046264	0.0540487397	-0.0838433825	-0.1242524367	-0.0201956026	-0.0167397472835375	7.943505181601251e-06	6.309927457012593e-11	0.0002802191391167	-0.0691090206193791	-0.0418224280251279	0.001749115485917	0.0047760567309697	0.0507549799533109	0.0440731898817859	0.0019424460663559	0.0025760679900609	-0.0017590293334722	0.0006560058940692	4.303437330535306e-07	3.094184196015652e-06	-0.0001311058131476	1.4852944465699995e-05	1.7188734241093404e-08	2.2060995930116815e-10	-0.0004481156012023	6.09084577000399e-08	3.70984021939755e-15	2.008075920408988e-07
832.8216567566213	0.822122148603853	0.6758848272250157	693591.9119628436	1175.364658001772	-0.6624424727917813	1381482.0792796228	0.4388300297584898	814.5095152029301	1.02683980557606	1.0543999863154805	663425.7503561121	837.9717641890379	762.652332163966	1.135392	19.897533	0.0199380842268547	0.0104426482999488	-0.0061024246	0.1454918149	-0.0787322641	0.0603538443	0.0050028373	-0.1161325169	0.0794797927	0.0198484174	-0.0171290714	-0.040455307	0.0726217503	0.0836259627	0.1557786686	0.0135679296	0.0721201019	0.1408558524	0.0150728985	0.0742821479	0.077599107	-0.0559519814	-0.0666541834	0.0078818842	-0.0056166642	-0.0848446363	-0.0145529859	-0.0628654649	0.0772319629	0.023873651	0.1381311719	0.1609403119	-0.0489496349	-0.0004163719	-0.1495357226	-0.0524767442	0.0956677109	0.0931508032	0.0326580323	-0.0302676496	-0.1392041205	0.0169874502	-0.1286638043	0.0121634846	0.0960705496	0.1759285792	0.1141571539	-0.0481905502	0.1837849278	-0.036513986	0.0833506289	0.1152479246	0.0308934135	0.018912286	-0.0886373673	0.1091342254	0.1335827959	-0.1130163547	0.0241401386	-0.0322779712	0.0754559221	-0.0235428136	-0.0116013616	0.1777027722	-0.0237346984	0.0633693573	-0.088738793	-0.0635500098	0.0020411231	-0.0541839077	-0.0161820567	-0.085217185	0.0763573178	-0.0129469727	-0.0057146414	-0.0200168542	0.0687234828	0.1067026595	-0.0989130214	-0.1164842677	-0.1232765141	-0.1023821648	0.0728093156	0.0576288557	-0.0371335199	0.1735892384	0.0452148966	-0.0750553561	-0.1450234816	0.0210931539	-0.0885041104	-0.0680343178	0.0578890354	0.0875876616	-0.0575774827	0.1157258368	0.1265941734	-0.056593977	-0.27563473	-0.0593136408	0.0597001965	0.0542179579	-0.148069124	0.0751948431	-0.0067385802	-0.0932729656	-0.0825201594	-0.0651126077	-0.2016479998	-0.0966601189	0.0588643224	0.0660528731	-0.0069493771	0.0289162367	0.0509612127	-0.0888661936	-0.1211199807	-0.0067565429	-0.0238038849763881	-0.0070641376928506	4.9902041343552616e-05	0.0005666249399691	-0.0692474266767675	-0.0001384060573884	1.9156236721803062e-08	0.0047952061013542	0.0441220787804113	-0.0066329011728996	4.39953779694529e-05	0.0019467578359048	-0.0018180159862648	-5.8986652792599945e-05	3.479425207674739e-09	3.305182126314373e-06	-6.809271332097744e-05	6.301309982662256e-05	4.636617607412818e-09	3.970650749759899e-09	-0.0004480625677472	5.3033455099985554e-08	2.8125473598421832e-15	2.007600646162142e-07
834.4719522845562	1.6502955279348726	2.72347532952184	696343.4391495987	1174.8386963519854	-0.5259616497867228	1380245.9624460326	0.2766356570463712	816.1350921253434	1.625576922413302	2.642500330682702	666076.4885984428	840.010248472128	776.2617644613103	1.054974	18.488226	0.1247553718653502	0.0652935590579722	0.015012249	-0.0263204454	0.166700422	0.0277647315	0.018894215	-0.0707773776	0.0807187632	-0.0781466325	0.0822321772	0.0937080379	-0.086403028	0.1248379099	-0.0228675746	-0.0551055294	-0.0792111471	0.0446844707	0.1241139931	0.0855255619	-0.0364573825	-0.1123329968	-0.0691113828	-0.0243988034	0.0696755056	-0.0264154893	0.1133735006	-0.0192315292	-0.1435909468	-0.0240621909	-0.0623790372	0.06147691	0.1264586023	-0.0474855584	-0.1611704009	-0.1107604346	-0.0300142619	-0.0212748729	-0.0234259779	0.0301169817	-0.0853534539	0.0910167323	-0.0954438418	-0.0217849726	-0.1373209172	0.1055014932	0.0021420236	0.0933834846	-0.0865447606	-0.149287088	-0.1495366307	0.0694917129	0.1380338703	-0.1510303087	0.0350468623	0.1028432439	-0.0288652003	-0.076079233	-0.1996927597	-0.0816048846	0.0107944316	0.0028612013	-0.0398753267	-0.0121399927	0.0683290344	0.0920020796	-0.0954049831	0.0206748994	0.0445368824	0.0287403182	0.0754595937	-0.1296011936	-0.1766872809	-0.0986304764	0.0013013925	-0.0233844485	0.0332534752	0.1426883174	-0.0079688568	-0.0952619235	-0.0294514752	-0.0715904305	0.0547886489	0.1448266557	0.0754527122	0.0555676799	0.2337157595	-0.0332988431	-0.0759807585	0.1753477599	-0.062765127	0.024882957	-0.0962502	-0.0566618321	0.0780257663	0.1444421765	-0.0700248148	-0.0029340334	-0.1492782041	-0.0668493051	0.1354895292	-0.0184016591	-0.0646183686	-0.0443468168	0.0978332456	0.0541526001	-0.0310490317	-0.1121336391	-0.1000428571	-0.0960560715	-0.0508748906	-0.1717547414	0.0326798954	-0.104917902	0.0478387595	-0.0936454286	-0.1172407796	0.0067565429	-0.0167512458053948	0.0070526391709932	4.973971927622905e-05	0.0002806042360327	-0.015432045816027	0.0538153808607405	0.0028960952171865	0.0002381480380679	0.0103639941940869	-0.0337580845863244	0.0011396082749374	0.000107412375655	-0.0022279933164431	-0.0004099773301783	1.68081411260127e-07	4.9639542181151245e-06	4.140653510176229e-05	0.0001094992484227	1.7145011491334722e-09	1.1990085405144867e-08	-0.0003649538014024	8.310876634479999e-05	6.907067043354559e-09	1.3319127715806245e-07
835.8833566643443	1.4114043797881095	1.992062323285058	698700.9859484514	1182.4146503566467	7.575954004661298	1398104.405378031	57.39507908074357	815.6446150655039	-0.4904770598394634	0.2405677462287646	665276.138085354	840.239271538829	782.0475859057996	1.079354	18.915485	0.0557876078532765	0.0336939273880771	-0.0228721146	-0.0730789534	-0.0817155217	-0.1018774135	0.1806959525	-0.0685549984	-0.0132113656	-0.0921367132	0.1705553887	-0.1426238586	0.1138423505	0.005774226	0.0229325183	0.0955202489	0.0709928854	-0.0817319743	-0.0074135755	-0.192645126	0.037298268	-0.1408509492	0.0309163161	-0.0475350107	0.0986987674	0.0101647129	0.0097023486	0.015848873	0.1297811405	0.0141773967	0.0165182233	-0.0113099222	-0.0283456524	-0.1596606187	-0.013782113	-0.2146044964	-0.0919069542	-0.0421471943	-0.0293097642	-0.0095553589	-0.0432987288	0.0868296261	0.0235362143	-0.1315329385	-0.0595020377	0.1167223692	-0.0746029582	-0.0384104751	-0.0826245143	0.0223397573	-0.0246517194	-0.1261090236	-0.0583065036	-0.00352106	-0.0925896407	-0.1012209209	0.0657721412	0.1697431467	-0.0446257351	-0.1540100777	0.0078310447	-0.0210198549	-0.0038524169	0.016664223	0.0988280556	0.1283885859	-0.0095046578	-0.0474613715	0.1137801457	-0.0361096438	-0.070904242	0.0100713346	0.0412348122	0.0145929431	-0.0608371237	0.0529598818	0.1420387518	-0.0334799924	0.1400802967	-0.057742566	0.0508109674	-0.0468558335	0.0851063975	-0.1464269483	-0.081092924	-0.0865604932	0.0584870887	0.0519609482	0.0050579468	-0.072909632	0.1696677461	-0.0183844682	-0.0358953814	0.0440518564	-0.1099741245	0.126494922	-0.089396285	-0.0545969849	-0.1005148874	0.0495020547	0.1071953447	0.0437850545	-0.1311583959	0.0449103895	0.0247961609	-0.0260510657	-0.0049638933	-0.0881276932	-0.0576713151	0.0336034705	-0.1326692285	-0.0205260551	0.0656807617	0.0453533967	0.0446835199	-0.098167988	-0.1126387502	0.0201956026	-0.0167599067035411	-8.66089814629753e-06	7.501115670053999e-11	0.0002808944727114	-0.0451806739339417	-0.0297486281179146	0.0008849808748979	0.0020412932971251	0.0174183787074611	0.0070543845133741	4.976434086253372e-05	0.0003033999167965	-0.0024150177353051	-0.0001870244188619	3.497813325066875e-08	5.832310661838174e-06	-6.795893933686514e-05	-0.0001093654744386	4.6184174357917174e-09	1.1960806999186071e-08	-0.0004480825945786	-8.312879317619998e-05	6.9103962549314325e-09	2.0077801156429e-07
836.252797274529	0.3694406101847107	0.1364863644536514	699318.7409494745	1180.461405174019	-1.9532451826275972	1393489.1291054196	3.815166743457916	815.6183683846949	-0.0262466808089811	0.0006888882534885	665233.322846512	840.3134553148948	783.8664063741994	1.041081	18.244759	0.0552221590579913	0.0322733522182608	-0.1113284031	-0.1443746899	0.0067846124	-0.0487054752	-0.1305764741	-0.0522518629	0.0532838022	0.1037466665	0.0746682413	-0.1804914992	-0.1811800704	-0.017408761	0.0616002798	0.1183102165	-0.0016250574	-0.0294793501	0.0988468185	0.0178171043	0.1690654654	3.72295e-05	0.185941834	-0.1354157502	-0.1656191087	0.2013823597	0.0775285924	-0.0937248909	0.0471612427	-0.0735390471	0.0407799894	0.0576315853	0.0449064062	0.0671399197	0.0882508518	-0.0803963155	0.0787196153	0.0923271916	-0.0727739713	-0.110696095	-0.0033889498	-0.1674284506	0.0385931632	-0.0973544731	-0.0629541558	-0.0177592534	-0.0583333143	-0.0601778866	-0.1620530802	-0.0415300446	-0.080719793	0.0442936618	-0.0025968739	0.0484501494	0.0352700273	-0.0457221128	-0.0801601842	-0.0579119155	0.0954150928	-0.125549939	-0.0019389511	0.036497543	0.2815905643	-0.1610848725	-0.0122853661	0.0255398925	-0.016921302	-0.0581155612	0.0401140143	0.0185028722	0.1689983917	0.1400312388	0.1600960923	-0.0507117971	0.0626558208	0.0716929593	0.0035346968	0.0437534843	0.0503185684	0.0045220079	0.0165326657	-0.1250566868	-0.0696618471	-0.0568105464	0.0145359404	-0.0485746464	-0.0498248123	0.0243585129	0.1024318677	0.1583879465	0.0287300888	-0.0715847958	0.1405153366	0.045525026	0.1114183242	0.133665212	-0.1802341683	-0.0446533062	0.0478461388	-0.0032899695	0.1444296612	0.0575471923	-0.0407186089	-0.0516269079	-0.0198468319	-0.1887624985	0.1037538176	-0.0443903075	-0.0400604951	0.0720986489	-0.0072350073	-0.109231225	-0.0710441087	-0.0145026356	0.0414976565	-0.1024214758	-0.1073422654	0.033413395	-0.0212065323424894	-0.0044466256389483	1.9772479572952405e-05	0.000449717013993	-0.0639759619367765	-0.0187952880028348	0.0003532628511095	0.0040929237057358	0.0159952184728311	-0.0014231602346299	2.0253850534321143e-06	0.0002558470139935	-0.0022929117536997	0.0001221059816053	1.490987074381823e-08	5.257444310254235e-06	0.0004200129547526	0.0004879718940894	1.764108821600096e-07	2.3811656942126018e-07	-0.0004470187666419	1.0638279366999791e-06	1.1317298789033348e-12	1.9982577773004546e-07
833.7956663626188	-2.4571309119102125	6.037492318264713	695215.2132450836	1179.319606741679	-1.1417984323400103	1390794.7348453486	1.3037036600941057	814.0499063768151	-1.5684620078798162	2.4600730701623843	662677.2500721015	838.6963428396248	773.8495404502218	1.042019	18.26119	0.072589071291438	0.0339100743427251	-0.08893239	0.0570245803	0.0554849473	0.0512319821	0.0294026241	0.0234482652	0.0768855582	0.0841623959	0.059839546	0.0407091097	0.1085033422	-0.0772589636	0.0592879801	0.0612303606	0.0814351563	0.1314507316	-0.0380338892	0.0364886746	0.0021119305	0.0093631276	-0.0938434459	0.1226409133	0.135792711	-0.0835609586	0.2724459407	0.0265231197	0.0773427029	0.0126673198	0.1135647884	-0.0879162398	-0.0094064082	-0.026721165	0.0816254075	-0.1279959256	-0.1412364139	0.0909730074	-0.0701721029	0.1186351141	0.0084037043	-0.1646508903	0.1213377297	-0.0475258108	0.1507658962	-0.0349608335	0.106993994	-0.0393024641	-0.0828858214	0.0140330847	0.0890003322	-0.0307708729	-0.0561832583	0.0792462293	-0.0119358309	0.072958544	0.1115993537	-0.0127573601	0.0361164904	0.0733912931	0.0866515319	-0.2108038822	0.0359659067	0.0200110474	0.1623372669	0.2664441378	-0.0575607537	0.0603233638	-0.0729621262	-0.0564700441	-0.0248070303	-0.0172252524	0.0223678381	0.0738593978	0.0992436917	0.0344080755	-0.0034123832	-0.034082529	0.0144478638	-0.0805335458	0.0055895128	0.1691732933	-0.0181626276	-0.0627414531	-0.152448515	-0.0424234591	-0.0259975048	0.1788110982	0.1153952226	-0.0227488131	-0.09296797	-0.0368905626	0.0287597064	0.0327114764	-0.0962605185	0.1179980371	-0.1389975937	-0.0477858598	-0.1250712536	0.0800118258	0.0333594839	0.0619073728	0.02545734	0.0213368746	0.0801772176	-0.0553895652	-0.0244289659	0.060360081	-0.1098924029	-0.0404728248	0.1087039918	-0.0848570866	0.0676540605	-0.0226251166	0.0382833527	-0.1063942335	-0.1013839798	0.0462651033	-0.0167100194564966	0.0044965128859928	2.021862813389931e-05	0.0002792247502364	-0.0432508502265704	0.0207251117102061	0.0004295302554005	0.0018706360453212	0.0066232634101908	-0.0093719550626403	8.783354169614916e-05	4.386761820077226e-05	-0.0024150170233481	-0.0001221052696483	1.4909696875908454e-08	5.832307223061118e-06	-4.675367822337684e-05	-0.0004667666329759	2.185906427415061e-09	2.1787108965973026e-07	-0.0006180566966695	-0.0001710379300276	2.9253973508126207e-08	3.819940802980144e-07
834.6314794156241	0.8358130530052676	0.6985834595739864	696609.7064315133	1178.5574018340749	-0.7622049076042003	1388997.549417885	0.5809563211759275	814.069098024402	0.019191647586922	0.0003683193371006	662708.4963582634	838.4130282493117	780.2090873599976	1.034053	18.121584	0.0551703019417108	0.035035557982449	0.0419115607	-0.0733547102	0.1406641013	0.0229758048	0.0492592621	-0.1025808173	0.0213621825	-0.0581302619	0.0931853922	0.0681855613	-0.0724129988	0.0965710158	0.0462135101	0.0103166234	0.0890848627	0.0346207741	0.0749320671	0.2276364748	0.003221024	-0.1279647279	0.0371064999	-0.0293759713	0.062496729	-0.0469863664	0.1042198584	0.1042445804	-0.1921586429	0.0376231135	0.1115625705	0.0105534645	-0.05255867	-0.0484700655	0.0869649162	0.135562895	-0.1418357028	0.1106191025	0.0565560977	-0.1692405938	-0.0976068309	0.0964046832	-0.0328864091	0.2012062934	0.0663105594	-0.0031162554	-0.0653810018	0.097331613	0.0321645466	-0.0021364893	0.0918309291	-0.2018425709	0.0833461423	-0.1045572139	-0.0517493883	0.0497893586	-0.0033711623	-0.1631292818	-0.1855949999	0.0145674269	0.0578293841	0.008743216	0.0574844864	-0.0791773728	-0.0507862968	0.0288875634	-0.1547315955	-0.0299750532	-0.1028096333	-0.1638121763	0.0145104038	-0.2665994214	-0.0485563306	-0.1186462371	0.1149465872	-0.0647237379	-0.1547193562	-0.1056738742	0.0344560899	0.1168212414	0.0968415229	0.0470699834	0.0893464481	0.1877436692	-0.0326657706	0.1177637106	-0.0740506785	-0.0176237089	0.0664780952	-0.0337257098	-0.0515739424	0.0202200069	-0.1113723739	-0.0521554643	0.1190925985	0.0786209055	-0.0710106431	0.0622010636	-0.1071725496	0.0121647975	0.0926281881	0.0322651735	-0.1368466621	0.0382095425	0.1574732204	-0.0638384149	-0.0073739798	-0.1517953323	0.0960436196	-0.1539190331	0.0943417349	-0.1282878642	-0.1755240615	-0.0027715381	0.0350428114	-0.1100753719	-0.0948006283	0.0586099215	-0.0167810030044108	-7.098354791420028e-05	5.038664074487567e-09	0.000281602061834	-0.0112763611897861	0.0319744890367843	0.0010223679491634	0.0001271563216825	0.0162063283134088	0.009583064903218	9.183513293928866e-05	0.0002626450774019	-0.0024789995611331	-6.398253778499988e-05	4.0937651414089374e-09	6.145438824098102e-06	-9.944634848491065e-06	3.6809043374885775e-05	9.889576226982289e-11	1.3549056741742222e-09	-0.0004480129887535	0.000170043707916	2.8914862601821942e-08	2.007156380918437e-07
835.2392776537554	0.607798238131295	0.3694186982755063	697624.6509355671	1180.7201926634484	2.1627908293735345	1394100.1733632106	4.677664171622261	815.3663568395608	1.2972588151587845	1.6828804335071728	664822.295865818	839.9260271017154	783.9208449725957	1.127727	19.76321	0.0260870074097059	0.017368414032088	-0.0538294594	-0.0541552845	-0.0733179223	-0.1704741702	0.1278673382	0.0264864917	-0.039743177	-0.0983378934	0.0386438674	-0.0637612911	0.1183129923	-0.0715941838	-0.035947768	0.0202087361	0.1082207302	-0.0771933813	0.016807527	-0.1653072069	0.0827709262	0.0209698373	0.0102602628	-0.0973347287	0.2509511834	-0.1588763059	0.0420123434	-0.0238045591	0.0918365133	-0.0321539851	-0.1568954253	-0.0717453411	-0.0453445925	0.0783753862	-0.0306727154	-0.1061199632	0.1473092853	-0.0019833332	0.0273477649	0.1620779096	0.0040254279	-0.0989887572	-0.0820819284	0.0988689789	0.0768944892	0.0105203782	0.0356898858	0.0444464428	0.1005598018	0.0088337172	-0.1100863134	-0.0368772762	0.0007871072	0.0932156365	-0.1476569707	-0.0595541341	0.0453888194	0.1171372361	0.0062085992	-0.1266604284	-0.1080977001	-0.0653964695	-0.1893650297	0.0121965014	0.2591617954	-0.0417913722	-0.0296684731	-0.0756086348	-0.1324506964	-0.0007519079	0.0144232711	0.0991598897	0.1332248819	0.0238871031	-0.106755618	-0.0028554472	-0.0083533189	-0.0169549203	-0.1646619268	-0.0215751085	-0.0960203075	-0.008238237	0.0221812202	0.0372840287	-0.086862645	0.1360565173	0.0505293966	-0.0286327711	0.0119038788	0.005100987	0.1665705871	-0.0012824921	0.0172250493	-0.0351163853	-0.1562573618	-0.1457112294	-0.1761299541	-0.0440748622	-0.0229847507	0.0513668847	0.0705249049	0.0802006525	0.0468296703	0.0678294637	0.0151463548	-0.1144592446	0.132053717	0.0564333315	-0.1506237486	-0.0026330014	-0.0793884898	0.0481826058	0.0613301289	-0.1219991787	0.0317782535	-0.1134548014	-0.0876327994	0.0703125971	-0.0167799001020512	1.102902359599589e-06	1.2163936148103412e-12	0.0002815650474348	-0.019008687237175	-0.0077323260473889	5.978886610312887e-05	0.0003613301904807	0.0011066460772113	-0.0150996822361975	0.0002280004036341	1.2246655402071589e-06	-0.0024719915464005	7.0080147325998765e-06	4.911227049233692e-11	6.110742205475536e-06	4.805366773030784e-05	5.7998302578798906e-05	2.3091549823348284e-09	3.363803102021912e-09	-0.0004479413815897	7.16071638000109e-08	5.12758590748159e-15	2.006514813404892e-07
834.3723395876488	-0.866938066106627	0.7515816104646984	696177.2010689666	1177.5976458677312	-3.1225467957171986	1386736.2155532225	9.750298491443743	815.9507448984962	0.5843880589353603	0.3415094034262381	665775.6181004108	840.2171049088662	772.8491501209347	1.177216	20.630497	0.0554739459732596	0.0410850013600079	-0.0789916557	-0.0712957076	-0.0411201191	0.1154163387	-0.1492837595	0.0019156415	-0.026475497	0.1432523805	-0.0300071835	-0.0683667975	-0.0768601884	-0.0034063171	0.0445348825	0.0058582613	-0.1542965523	-0.09985442	-0.0477537496	0.0428376793	0.0989050101	0.0955429653	-0.1119997408	-0.0047908715	0.0805342459	0.0796878353	-0.1197572094	0.0164535418	0.0756604868	-0.0764357147	-0.1514953497	0.0722662461	0.0866339629	-0.0581346625	-0.0166547062	-0.0417468215	-0.0245250806	0.0179869867	-0.065886403	-0.0572903487	-0.237153832	-0.1501156308	-0.1054555196	-0.1369971821	-0.0828374601	-0.0220573012	0.0261230221	-0.17840226	-0.0564744191	0.0688968791	-0.0642277822	-0.0117467908	0.0306017641	0.0035709203	0.1581668636	-0.0936958476	-0.0181928558	-0.067307458	0.1115576303	-0.0414880594	0.0029316983	0.0513761905	-0.1042528347	-0.0802895804	0.0500572181	-0.0787632557	0.0948457338	0.0156399331	0.139821825	0.1451863849	0.0041427933	-0.0813680805	-0.067827763	-0.1648743382	0.0452535589	0.0813756412	0.1703281078	0.1112202968	0.1443316598	0.0306244927	-0.0316902803	-0.1115616556	-0.0671767679	-0.0597569933	-0.0434102773	0.0690570973	0.0690881331	-0.1619752307	0.1172084042	-0.1167307315	-0.07476403	-0.0138679006	0.0496062164	0.1441156049	0.1784096972	-0.037261717	-0.0693505336	0.0332240217	0.0680755116	-0.0048827488	-0.0047502516	0.0051008148	-0.0319538563	0.1123912681	-0.1415147322	-0.1137792316	-0.1070236533	-0.2076406274	-0.0421691945	-0.0780167974	-0.1063783258	0.057921814	-0.0996210728	-0.0659576383	0.0284919163	-0.1165232592	-0.0799246852	0.0812449131	-0.0166778020633273	0.0001020980387239	1.0424009511267177e-08	0.0002781490816635	-0.0590053996009487	-0.0399967123637736	0.0015997369999104	0.0034816371820676	0.0103028555349737	0.0091962094577624	8.457026839103864e-05	0.0001061488321745	-0.0024139771962773	5.801435012320029e-05	3.3656648202172703e-09	5.8272859041468135e-06	0.0001130405508265	6.498688309619215e-05	1.277816613115853e-08	4.223294974558145e-09	-0.0004473640925491	5.772890405999717e-07	3.3326263639683575e-13	2.001346313022797e-07
834.7797529377551	0.407413350106367	0.1659856378448932	696857.2359148195	1177.765693113976	0.1680472462448961	1387132.0278762446	0.0282398769704927	816.1761397776249	0.2253948791287712	0.0508028515374733	666143.4911423052	840.9350790516212	778.010359067695	1.073869	18.819357	0.0896901445496298	0.05467496088915	-0.0440835746	0.0626103776	0.1839171227	-0.0701318076	0.0080770819	0.1819435972	0.1220416725	-0.0029953516	0.0950366181	0.1148684153	-0.0211811486	-0.1765524059	0.0030203605	0.0442696255	-0.107534399	0.0363843107	0.0486668943	-0.0980794616	-0.0744488567	0.0855945116	0.1161731899	0.0827022405	-0.0891166663	-0.1155636137	0.2032865473	-0.014882054	-0.002756437	-0.0130581051	0.0100952307	-0.2903987295	0.0757620657	0.2807784912	0.0941091957	0.0688847382	0.0443362411	0.0115645898	-0.0463348784	0.0957912742	-0.0809314894	-0.0237516225	-0.0554590226	0.0505329636	-0.1367327267	0.0287451784	-0.1198955789	-0.0751004533	0.0032043412	-0.0163293358	-0.0153576687	-0.1720450262	0.0572799105	0.0298067091	0.1066686864	0.0976805851	-0.070680496	0.1476536134	-0.0044689758	0.0815850951	-0.0289033469	-0.0475406932	0.175725606	-0.0690972075	0.1221551166	-0.2232791861	-0.0268952156	0.0990434739	-0.2258970602	-0.0735949497	0.0443624941	0.1814498413	-0.0064298322	0.0482764836	0.0490266515	-0.1026943678	0.0449338366	0.0574888918	-0.0525964384	-0.0616297158	0.1508826606	-0.0247426655	0.0890589616	0.0854076505	-0.0719208164	0.0836922296	-0.0006237103	-0.0472912959	2.10841e-05	-0.1971847452	-0.1050071339	-0.002259627	-0.0313044461	-0.1588320517	-0.0797079869	-0.0294976014	-0.0707781891	0.0163016191	0.0086350178	0.0849188684	0.0014374839	-0.0517411034	-0.0362186607	-0.014454158	-0.051224005	-0.0051175412	0.0770702088	-0.2073168332	-0.0830427424	-0.0351514747	-0.1954123418	-0.0666998136	-0.0075424099	-0.0824701466	0.0251860523	-0.1192723348	-0.0717238087	0.0912870929	-0.0167153600059606	-3.755794263329837e-05	1.410599054846131e-09	0.0002794032601288	-0.0092769840544519	0.0497284155464968	0.002472915312765	8.606243314655481e-05	0.002174633078404	-0.0081282224565697	6.606800030348397e-05	4.729029025688857e-06	-0.0028419842024372	-0.0004280070061599	1.8318999732196075e-07	8.076874206902608e-06	0.0001438846294796	3.08440786531e-05	2.0702786600481775e-08	9.513571879586192e-10	-0.0002702962052835	0.0001770678872656	3.135303670070324e-08	7.306003859065999e-08
831.9938565066227	-2.7858964311324144	7.7612189249963235	692213.7772647627	1182.4581862774091	4.692493163433028	1398207.36229446	22.019492088865704	814.2665847131304	-1.9095550644944976	3.646400544336586	663030.0709803856	839.2309811087354	775.5389375198719	1.236622	21.671583	0.078360765150017	0.0433926973859909	0.1029140796	-0.1220012266	-0.103802227	0.1068332501	0.0341569871	0.0714893235	-0.2761998268	0.0596994511	0.0545884206	0.0054035362	-0.0140810356	-0.0912267938	0.0143236179	0.0993365869	0.0105622439	-0.1475418238	-0.1784338373	0.0406330074	-0.0460056418	-0.0706963405	-0.0107880582	0.0469353017	0.0299090047	0.1326363029	0.1045463565	0.0668527147	0.1243157161	0.1546120671	0.141878279	0.0403601799	-0.1013900307	0.0359679641	-0.0989238834	-0.0377742992	0.0365138304	-0.0644023617	-0.0338392111	-0.113558773	0.0573510752	0.0854524519	0.1483714241	0.0770722108	0.0791492919	-0.0771259283	0.0323633091	0.063488515	0.0724551481	-0.0782141105	-0.0409271165	0.0442164914	0.2026130587	-0.0252904095	0.0289805315	-0.2228009298	0.0083366809	0.0183398247	-0.0041813625	0.1437250142	0.1071284194	-0.0146775781	-0.0159063028	0.0573212701	-0.1025780672	0.1552866345	-0.0838680368	-0.1195979652	0.0116671026	-0.0741426566	-0.0922222745	0.0964163046	0.0083563453	-0.0903705475	-0.0947884994	-0.1523873933	-0.0869590081	-0.0994132407	-0.0155716282	-0.0588240872	0.1245110633	0.0684081193	0.0921116805	-0.0243402102	0.1302161999	-0.0209494282	-0.0399900158	0.1070082325	0.0229096021	0.1272736126	0.1187508439	0.0148477295	-0.1375174577	0.074292826	0.0304460062	-0.0175687123	-0.0215590915	-0.0146320687	0.0009917619	-0.041959923	-0.1234191392	-0.0484543914	-0.0851679418	0.0868104081	-0.0266434178	-0.1179751161	-0.0854611789	0.1057099468	0.0143648047	-0.1023725893	-0.0701220741	-0.0470718508	0.0358881884	0.0850315535	0.0218629269	-0.1216944932	-0.063080731	0.1003291122	-0.0196017580765897	-0.0028863980706291	8.3312938221314e-06	0.0003842289196931	-0.0412694138332625	-0.0319924297788106	0.0010235155631521	0.001703164518141	0.0295735711286013	0.0273989380501973	0.0007507018062785	0.0008745961092984	-0.0027789534801452	6.303072229200003e-05	3.972871952651229e-09	7.722582444811118e-06	0.000225622095187	8.173746570739999e-05	5.0905329836571694e-08	6.681013300268391e-09	-0.0004471880022917	-0.0001768917970081	3.129070784879023e-08	1.999771093936415e-07
830.4012085450455	-1.5926479615771996	2.536527529516009	689566.1671530722	1171.364968290034	-11.093217987375056	1372095.8889371126	123.05948531542148	813.0652544270977	-1.2013302860327713	1.44319445613958	661075.1079566011	837.4675815227365	757.1181651152382	1.154622	20.234547	0.0647297218712423	0.031116356049515	0.1693706376	0.1891009249	-0.101794747	-0.0527624377	-0.1209423544	0.0095589048	-0.0211906747	-0.0832690501	-0.2539552655	0.0080612546	0.0311859092	-0.0779066547	0.0438945097	0.1057450754	0.1441876565	0.0783756129	-0.0140137997	0.0635565378	-0.0025620543	0.1493756216	0.0708078097	-0.0306533636	-0.1124346037	-0.0509906149	-0.1002728325	0.17673251	0.1592616183	-0.0055546318	-0.0465240486	0.0985268735	0.068245803	-0.0582909775	0.041456592	-0.0667933641	0.1747250256	0.0185058916	0.0769460754	-0.1267529674	0.1502224481	0.1218334106	-0.0737511525	0.0700546698	-0.1396174871	-0.112700484	-0.0547949055	0.0016162593	-0.0383005421	0.0209176409	0.2649253565	-0.0623515278	-0.0759275739	-0.0998758997	-0.1242154744	0.0810744279	-0.026942274	-0.0954255571	0.1135931788	0.1453634234	-0.0242463462	0.0640365077	0.0750416081	-0.0007467276	-0.0068053776	-0.1022020364	-0.0298810402	-0.0314076668	0.1265720688	-0.0313597703	0.0962519886	0.0186583169	0.1049625675	-0.1185738344	-0.2099164496	-0.1063663449	-0.1840992109	-0.1410601598	0.0690705674	0.0098384522	0.0026591936	-0.0318597946	-0.1159372064	-0.0850033669	-0.0227554611	-0.1322311859	0.0379520517	-0.0365889865	-0.0325577537	0.0250362686	0.0099397304	-0.0880201312	0.1212890798	-0.0548545206	0.0022154307	-0.1765906545	0.1290202444	0.0093624023	-0.0938020476	-0.0438394694	-0.0034707406	-0.0332334616	0.0207240569	0.0560493887	-0.0861977033	-0.1148568686	-0.003128966	0.01043082	-0.0013691708	0.0215755645	-0.0829362268	-0.0380160095	0.0184080218	0.1114126582	0.0185248178	-0.1237830955	-0.0540487397	0.1082719048	-0.0327118743131649	-0.0131101162365751	0.0001718751477365	0.0010700667210802	-0.0633893409964798	-0.0221199271632173	0.000489291177706	0.0040182085519679	0.0399399583907111	0.0103663872621098	0.000107461984868	0.0015952002762517	-0.0024509640485262	0.000327989431619	1.0757706725375468e-07	6.007224767167941e-06	0.0001710487401955	-5.457335499149999e-05	2.9257671522467664e-08	2.9782510750282772e-09	-0.000447291039868	-1.030375763000314e-07	1.0616742129784792e-14	2.0006927434619682e-07
832.9089705424328	2.50776199738732	6.288870235540039	693737.3532100553	1170.3981973707062	-0.966770919327928	1369831.9404085984	0.9346460104581668	814.6395283891119	1.5742739620142174	2.4783385074759416	663637.5612140347	838.012825571602	756.5696553489034	1.075854	18.854153	0.0888854076365861	0.0436403894285991	0.0008479034	0.1424057455	-0.0194767019	0.1565246373	0.0327301555	-0.2290530858	0.0909698286	0.0395068031	-0.062080758	-0.0035471044	0.0130250083	0.3068644841	0.0569415068	-0.0147550185	-0.0253110587	0.1242827296	-0.0449157274	0.0669006524	0.019648507	-0.0660499603	-0.0435027376	-0.0696924936	0.0001839682	-0.0498986698	-0.0318864398	-0.0752366503	-0.1642982243	0.0176047007	-0.1343188937	-0.0588267278	-0.0199372104	0.1015363813	-0.0793083361	0.1136932612	0.0366664369	-0.1147739057	0.0145039284	-0.0834208394	-0.0504719923	0.0641513572	0.0230904651	-0.1462985027	0.0189038046	-0.0002733505	0.0258503482	0.1310131406	0.0404195885	0.0872404768	-0.0800970789	-0.0612045834	-0.0585182143	-0.064835962	0.005191253	0.0900601451	0.1604023948	-0.1170887472	-0.0865078595	-0.07298789	-0.019348026	0.0370923876	-0.1256736814	-0.0092100138	-0.0717068466	-0.0347222967	0.0849615107	0.1421356364	-0.049688884	-0.0460238269	-0.0677876876	0.0773144628	-0.1300409803	0.1182480615	-0.0173512407	0.0482668035	0.0008037896	0.0435449097	0.0487265785	0.0151392508	0.091961616	-0.1373066215	-0.0480345504	-0.0133721124	0.0969554972	0.0439299956	-0.0517361003	0.0487322455	0.0134963837	-0.0871838554	-0.1047921794	-0.0066408648	-0.0610236862	0.1160727165	0.0426250426	-0.1223748161	0.1233612184	0.1209003325	-0.1001159011	-0.1628620154	0.1163458721	0.0793223858	-0.0103991107	0.0232241003	-0.0755003644	0.109780847	0.0979847626	0.1146840008	-0.0973763055	-0.1344375857	0.028403212	0.0528833687	0.1541911334	0.0693432414	0.0151740128	-0.1255324169	-0.0446835199	0.1150284477	-0.0325755017064892	0.0001363726066756	1.8597487851524757e-08	0.0010611633114294	-0.0348968664424518	0.028492474554028	0.0008118211062119	0.0012177912875023	0.0144804787739687	-0.0254594796167424	0.0006481851023553	0.0002096842655233	-0.0028969075098719	-0.0004459434613457	1.98865570716984e-07	8.392073120752214e-06	0.0004201477846719	0.0002490990444764	1.7652416096470525e-07	6.205033395905551e-08	-0.0004463919285073	8.991113607000186e-07	8.08401238939839e-13	1.9926575383646646e-07
835.7131994670569	2.804228924624113	7.863699861698507	698416.5517634649	1175.632951716787	5.234754346080763	1382112.8371623252	27.402653063811435	816.7431340841017	2.103605694989824	4.42515691999362	667069.347073521	841.7414618660767	783.013149362017	1.129101	19.787298	0.0425420636689075	0.0202162290308557	-0.012073675	-0.0611894832	0.1849913148	-0.0839191704	0.107627248	-0.0437308187	0.0680446372	-0.1788518965	0.0520179664	0.0502559168	-0.011909212	0.0624668996	-0.1142132847	-0.1579567162	-0.0978654709	-0.0261180896	0.1860973921	-0.1035754436	-0.1317275912	-0.0419309029	0.006794042	-0.0797963945	-0.0966787655	0.0965838754	-0.0114577216	0.1350301992	-0.0298130062	-0.1299957734	-0.1138040802	-0.0211825634	-0.1646357523	0.0764035913	0.0145584014	0.1945440867	-0.019902876	0.1683545713	-0.1246559797	-0.0974895884	-0.1171149133	-0.0381779666	-0.0262202302	-0.0668019942	0.1171450694	-0.1407220457	-0.0441911313	0.0766410797	0.0280501672	-0.1001901561	0.0344249488	-0.0026501636	-0.0396255139	0.135705798	0.0526870581	0.0692742507	-0.1332218235	0.1363207149	-0.1519170782	-0.1128136464	-0.0353501304	0.1223873309	-0.0205091186	0.0002560932	-0.0701445778	-0.1236774072	0.0052477462	0.0118730578	0.0487805291	-0.1330117919	0.0391566828	0.0690556339	-0.1114388901	-0.0570494723	-0.0686161418	0.2528397978	0.0623440178	-0.0229929668	-0.0881369225	0.0525967552	0.0623367616	-0.0746195024	-0.1471376192	0.1739775888	-0.1281790191	0.0626806908	-0.044200079	0.058719347	-0.030694366	0.0491541508	-0.0465129037	0.069162896	-0.1125166593	-0.1862879845	0.0118420052	-0.0983493081	-0.101489609	-0.0419844952	-0.0095873448	-0.1178531006	0.0805567653	-0.0010082027	-0.1727113247	-0.0314760243	-0.044888847	0.129674576	-0.017960539	0.018395106	-0.0686138241	-0.0883163928	-0.0848916988	0.1210412263	0.1375190874	0.1663938419	0.0118128082	-0.1269376627	-0.0350428114	0.1205247148	-0.0328592172478749	-0.0002837155413856	8.049450842377918e-08	0.001079728158143	-0.0200830128044913	0.0148138536379605	0.0002194502596069	0.0004033274033053	0.0066301539190973	-0.0078503248548714	6.162760032701166e-05	4.3958940990921286e-05	-0.0029539120661399	-5.70045562679998e-05	3.2495194353115553e-09	8.725596494486893e-06	0.0002859563939312	-0.0001341913907406	8.177105923013566e-08	1.8007329348923218e-08	-0.0006470793741924	-0.0002006874456851	4.027545085560996e-08	4.18711716505228e-07
833.423711577365	-2.289487889691941	5.241754797046057	694595.0830193909	1179.1442739742315	3.51132225744459	1390381.2188462175	12.32938399562577	815.1538830544839	-1.5892510296177988	2.525718835141234	664475.8530588032	840.2413376616022	776.4907011993172	1.111951	19.486734	0.0410177591091234	0.0218493689105553	-0.0279349538	-0.1316864106	-0.1700633599	0.0110225409	0.0413426808	0.0828750543	-0.224502095	0.0939221121	-0.0338906762	-0.0750674269	0.0780203911	-0.0071843113	-0.0922034291	-0.0309249625	-0.0868823633	-0.2080827658	-0.1861060542	-0.1665255263	-0.0698102354	0.0346489216	-0.1134348206	-0.0272096684	-0.0939216745	-0.103799127	-0.0749314358	0.0513000506	-0.0459620041	0.0090012419	0.0676464563	0.0962003678	0.0239037372	0.1721998006	-0.0084052128	-0.0803915759	-0.1915295365	0.0822229488	-0.0236592359	0.1514638726	0.1233484542	0.054701615	-0.0469886278	-0.0211971958	-0.0128111269	0.0312901464	0.0781463867	-0.0025415314	-0.0088011913	0.022103658	0.0498308515	-0.0038157478	-0.0836318435	0.1239693006	0.0737411867	-0.2421879914	0.0045974069	0.1386181591	0.0949582077	0.0350938703	-0.0439281847	0.1181976572	-0.0981728135	0.0977754135	-0.0607873716	-0.0372420987	-0.1837631125	0.1059145729	0.0540609397	0.0462058341	0.0572736287	0.0053103243	0.0246347403	0.211902266	-0.0041151624	-0.1106487388	0.0036398267	-0.0982411621	0.1325408584	-0.026793844	-0.0665136934	0.027498819	-0.0080793371	0.0571669533	-0.0772592866	0.0385878344	0.091959469	0.1806738847	-0.1205027935	-0.0281994119	0.1352350298	-0.0086458924	-0.0458690561	0.1160815487	0.0182188661	-0.1010439682	-0.1033858343	-0.0743148829	0.0900784229	-0.086321472	-0.0976489681	-0.0786112143	0.0188850629	0.0396905682	-0.0060474951	0.053054296	-0.1150778424	0.0131113593	-0.0219666436	-0.0564328219	0.0066133594	-0.0101690037	0.1117594592	0.0608666955	0.0084435077	-0.1279949812	-0.0251860523	0.124700488	-0.032695771067523	0.0001634461803518	2.6714653871625083e-08	0.0010690134456998	-0.0362803137456637	-0.0161973009411723	0.0002623525577789	0.0013162611654837	0.0144412335920733	0.007811079672976	6.101296565757885e-05	0.0002085492276608	-0.0029639856227642	-1.0073556624300236e-05	1.014765430629832e-10	8.785210771952883e-06	7.079414544963747e-05	-0.0002151622484815	5.011811029944425e-09	4.6294793171641673e-08	-0.0005353965330058	0.0001116828411865	1.2473057015511313e-08	2.866494475546307e-07
832.1374631311236	-1.286248446241416	1.6544350654584563	692452.757546302	1171.012834843901	-8.131439130330591	1371271.0593691492	66.12030233027151	813.9654239614102	-1.188459093073675	1.4124350159095018	662539.7114046783	838.2586164868179	764.7628184828648	1.10085	19.292204	0.0494689419880382	0.0225753108646601	0.072282001	0.0629723183	-0.0023437383	-0.0748452056	-0.1798144459	0.0581027159	-0.0068405158	0.0135515716	-0.1990700605	-0.0221008626	-0.0685934169	-0.0497730548	-0.0162430541	-0.1294528229	0.0516203787	0.0158100503	0.037381235	0.0894943289	-0.0748880553	0.0928136113	-0.0622592586	0.210056613	-0.0660337464	0.1506483141	-0.1062176468	-0.0252226871	0.1277362937	-0.0544982027	0.0188095115	-0.0002495206	-0.1821089012	-0.148755561	0.1213806165	0.0051394148	-0.0557451702	-0.0872095716	-0.0377168182	0.1029587195	-0.0591165606	0.1059237835	-0.07828177	0.0162085505	-0.1925441786	0.1589359313	-0.151135347	0.0269188318	-0.0060543995	0.0067397106	-0.0832266161	-0.096855553	0.0200348584	-0.0128567137	-0.0343754904	0.0387665658	-0.1257143786	-0.0925362973	0.1033562199	0.1644852217	0.0652974384	-0.0158555747	0.0107757036	0.0606508435	-0.1127769792	-0.0023413993	0.0695462122	-0.0494956618	0.1422727978	0.074502374	-0.0362516965	-0.0244386226	-0.0304941859	-0.042834232	-0.1242803047	0.1522306227	0.0043332111	0.1136057126	-0.0089309679	0.1114296292	0.1743489936	-0.0041871884	0.2612677553	-0.0492829051	-0.0910640371	0.0646098098	0.0454393302	0.0632665147	-0.1624497072	-0.1472683552	-0.0395261139	-0.1056656574	0.0918108549	-0.0849049198	0.0517699994	-0.0231667432	0.019758441	-0.0925539175	0.0103541819	0.0587663266	-0.089204718	-0.0959172444	-0.0098099593	-0.1404370218	0.0097412264	0.1009787493	-0.1297031114	-0.1318531781	0.1601040509	0.1076094888	0.0310633277	-0.0251449366	0.104746416	0.1039148619	0.0050684204	-0.1287014744	-0.0151740128	0.1275100165	-0.0326900973419839	5.6737255390987285e-06	3.219116149302116e-11	0.0010686424642283	-0.0508415303900307	-0.0145612166443669	0.0002120290301641	0.0025848612124004	0.0296159545001373	0.015174720908064	0.0002302721546376	0.0008771047609542	-0.0027949573304034	0.0001690282923607	2.8570563618408066e-08	7.811786478775702e-06	0.000208125643039	0.0001373314975893	4.3316283290397255e-08	1.885994023013709e-08	-0.0004472097087546	8.818682425120003e-05	7.776915971512042e-09	1.9999652360437419e-07
832.6646577121303	0.5271945810067109	0.2779341262428415	693330.4322028591	1176.9981434615618	5.9853086176608485	1385324.6297119632	35.82391924864522	814.242428648177	0.2770046867667588	0.0767315964907501	662990.7326108816	838.6934000274978	767.2130442952001	1.025185	17.966177	0.0537498517266218	0.0269962098637729	-0.0758432473	0.112516578	-0.0165664653	0.133584299	0.0514787016	0.0224071607	0.0716699521	0.1281449062	0.0108072657	0.0711593821	0.1780347143	0.0293502101	0.0052631739	-0.1090560353	-0.0176004113	0.1936112373	-0.1308211293	0.0463984224	0.1150219042	-0.0257104672	0.0259521097	0.1887942139	0.1466742585	0.1221939159	0.1072568558	0.0297824428	0.0404883599	0.0014498278	0.1420778368	-0.0496191838	0.0023168617	-0.0001015196	-0.0172222824	0.2241561798	0.0978153594	-0.0013643312	-0.0382184598	0.0403177508	0.0674201822	0.1174251911	-0.1039008623	-0.081214258	0.0465357444	0.2170906192	0.0256653421	-0.078339766	-0.0090524693	0.163567399	-0.0337207951	0.0297871008	-0.0275018281	0.0934403364	0.0292854796	0.0682916543	0.1991743468	-0.037058971	0.0812346795	0.0605026034	0.1150931332	-0.1638040051	-0.0070022496	-0.0633871335	-0.1199307337	-0.0501832544	-0.0154884352	-0.1856151697	-0.0640403419	0.0197877311	-0.155420585	0.0340002776	-0.0797960778	0.0263765765	0.1388306149	0.0472566412	-0.1204707145	0.0869637972	-0.112011158	-0.1368388576	0.0392573436	-0.0523880223	0.074290532	0.0058151122	-0.1192814737	-0.0524070252	-0.0371192699	-0.0007359351	0.009012337	-0.1641505116	-0.087163072	-0.0568395502	-0.0583582368	0.1534066977	-0.097610176	-0.0187590897	0.0186885915	-0.0199867173	0.0376655209	0.0203923887	-0.0115556323	-0.0351363764	0.053285858	-0.1129221784	0.0967771362	0.1221407302	-0.0210450976	0.0844380969	-0.021863277	0.1746532696	-0.0664585866	0.0808710957	0.0106702974	0.0017645675	0.0016898595	-0.1290552057	-0.0050684204	0.1289225186	-0.03272741731665	-3.7319974666098765e-05	1.3927805090782534e-09	0.0010710838442181	-0.0338741197151364	0.0169674106748942	0.0002878930250105	0.0011474559864753	0.0109006338188208	-0.0187153206813165	0.0003502632282045	0.000118823817652	-0.0030529804904396	-0.0002580231600361	6.657595111506627e-08	9.32068987500482e-06	0.0001056836388706	-0.0001024420041684	1.1169031524931396e-08	1.0494364218038485e-08	-0.0004473405524649	-1.3084371030001657e-07	1.7120076525074663e-14	2.00113569879602e-07
832.6842607402234	0.0196030280931154	0.0003842787104194	693363.0780844924	1180.3106786983528	3.312535236791064	1393133.2982493662	10.972889694982427	813.7226273499614	-0.5198012982156115	0.2701933896266351	662144.5142613241	838.4885733951703	774.5749697308207	1.198498	21.003462	0.0325052482110101	0.0220416078187994	0.1834829165	-0.093629087	0.1080150858	0.0089634588	0.0501216647	-0.0966786594	-0.09287632	-0.1223905513	0.041262587	0.0892892821	-0.107675989	0.0075087049	0.0398107306	-0.1244250457	0.1290048151	-0.0843601435	0.0118685773	0.1497614622	-0.1867654996	-0.06107986	-0.1407924788	0.034843876	0.0688164009	-0.0022951218	-0.1401778153	0.0365563473	0.0655503697	0.0262759157	-0.0633968767	-0.058556082	-0.004794886	-0.0805881228	-0.0505132616	0.0612824464	-0.0585815283	0.0226145629	0.0768682104	0.0376327421	0.0257976159	-0.2048622981	0.1163181128	0.1054086399	0.0419527317	0.1473395405	0.1928337828	-0.0116380652	-0.0352312572	0.0216152577	0.0787620611	-0.0254908054	-0.0678515773	0.0676966769	-0.1014014453	-0.0299264621	-0.1231016925	-0.0665924399	-0.1625230076	0.1521930552	0.0653863633	-0.0149519188	-0.1383246057	0.0517896481	0.0499517709	0.0382056741	0.0464942562	0.0570849101	0.1267842453	-0.0180206607	-0.1441137597	-0.0258043985	0.1046306837	0.1096499119	0.1470578363	-0.0086574137	0.054766359	-0.0241995683	-0.0600100659	0.0247968039	-0.0693251758	0.1688150086	-0.0524273189	-0.057101512	0.0423309303	0.0909601009	-0.008634417	-0.0321120773	0.1372731547	0.0067262431	0.0752691178	-0.0603900751	-0.1192120932	-0.1003447775	0.0984145655	0.109497566	0.0233563074	0.0439478844	-0.0646797843	0.0829606095	-0.0124561548	-0.0635867672	0.0395784881	-0.0668243598	0.0935133783	0.0210791634	-0.1465965894	0.1827874623	0.1209127998	0.1213753686	0.1106590202	-0.0085534797	-0.0135006857	0.038890638	-0.0016898595	-0.1290552057	0.0050684204	0.1289225186	-0.0327810915890864	-5.367427243640338e-05	2.880927521577252e-09	0.001074599965772	-0.036303127409397	-0.0024290076942605	5.900078378777184e-06	0.0013179170597029	0.0310521739977289	0.0201515401789081	0.0004060845715821	0.0009642375099852	-0.0031379823751013	-8.500188466170015e-05	7.225320396040974e-09	9.846933386446396e-06	0.000128561802714	2.2878163843399995e-05	1.6528137117073458e-08	5.234103808454549e-10	-0.0003578000796619	8.954047280300003e-05	8.017496269784787e-09	1.2802089700606198e-07
832.7941485439331	0.1098878037097392	0.0120753294041501	693546.0938490146	1177.2518005371094	-3.058878161243456	1385921.801867866	9.356735605332146	814.2099180457449	0.4872906957834857	0.2374522221971536	662937.7906440586	838.212969109517	766.2484507745551	1.198085	20.996222	0.0567635858204972	0.031761521296786	-0.0315379851	0.1038504992	-0.127808718	-0.0294447815	-0.0031816904	-0.1082038516	0.06538252	0.0060093136	-0.0765574064	-0.1036606404	0.1607351827	-0.0098460447	0.051820478	-0.0043608637	0.1287957605	0.102522642	-0.0532929125	-0.0425567577	0.2326446221	-0.0381611542	0.0654722899	-0.0456366283	0.0706356048	0.0033042541	0.0035830624	-0.0863373568	0.0484265964	0.0645718789	0.0365819216	0.0949345927	0.1964061604	0.0357221685	0.2669348184	0.0971280134	-0.126735199	-0.0905840137	-0.090891109	0.0456541079	-0.0055661728	-0.0843140773	-0.1023617092	0.0082920941	0.1104455676	-0.1767685161	-0.123408465	0.0732039451	0.0191595119	-0.1408109755	-0.0266481118	0.0714432087	-0.0489826733	-0.0464986109	-0.1309627303	0.0377557121	0.1415738409	-0.0337624428	0.1213402505	-0.0714835087	0.0461844264	-0.0320336512	0.061635449	-0.0969919705	0.1320285348	-0.0866477722	0.0126252928	-0.1819317136	-0.1288456523	0.0985372959	0.0134152669	-0.0325310164	0.0560166055	0.1955869241	-0.1242756816	0.1040540402	-0.1208528536	0.0824214123	0.1526575061	0.153577091	-0.100104166	-0.0110261951	-0.0003832783	0.0963114996	0.2080358433	-0.1221058306	-0.0895886648	0.0215799329	-0.1281452824	0.1245277739	0.043699793	-0.1184846082	0.0857934429	0.1035791159	-0.1076623288	-0.0766754024	-0.010758762	0.1060938384	-0.0256042579	0.0800250312	0.0831608959	-0.0724599515	0.0625566863	-0.0827916758	0.1650020829	-0.0654980201	0.1290103238	0.1379650171	0.0061514824	0.0994095461	-0.0943545066	-0.0420784766	-0.0579533103	-0.068207544	-0.0050684204	-0.1287014744	0.0151740128	0.1275100165	-0.0325784524965229	0.0002026390925635	4.106260183495993e-08	0.0010613555670681	-0.0618639452188745	-0.0255608178094775	0.0006533554070893	0.0038271477180439	0.0227643642854076	-0.0082878097123213	6.868778982764726e-05	0.0005182162813187	-0.0030639169959177	7.406537918359978e-05	5.485680393610415e-09	9.387587357873344e-06	0.0004201855626599	0.0002916237599459	1.7655590706781678e-07	8.504441736498392e-08	-0.0004463573246551	-8.85572449932e-05	7.842385640785646e-09	1.9923486127325838e-07
834.0342129901748	1.240064446241604	1.5377598308324958	695613.0684381402	1174.2319969885127	-3.019803548596656	1378820.7827516303	9.119213472116954	816.2810422809722	2.0711242352273302	4.289555597745993	666314.7399873104	840.1077711066565	767.4384562765905	1.09056	19.111874	0.0131746207831702	0.0117392807075582	0.0152966102	0.0130636337	0.159565146	0.0853846549	-0.0683686247	-0.2286615044	0.1123100414	0.0072574011	0.0249038107	-0.0188648836	-0.2093082146	0.0932126909	0.0214037504	0.0299273479	-0.0865818022	-0.0079857849	0.1649034183	0.0207385359	0.0125094624	-0.0454719043	0.0863629861	-0.0519017456	0.0317021574	-0.0214292536	-0.1510884807	-0.111339102	0.0623268739	0.0023816253	0.0116072199	-0.0801044414	-0.033855175	-0.0624534876	0.0004479888	-0.0328865557	0.0387902233	-0.1118582602	0.0885740317	-0.0694364329	0.1042621542	-0.0356006303	-0.0493274307	-0.0193016067	0.103001394	-0.070265885	0.0870761228	0.050305239	-0.0244573942	0.0040320623	-0.1376832229	-0.0469486941	0.0120414716	0.0471376416	0.0651288815	0.0876476098	-0.0977889317	-0.0675089437	-0.0581995404	-0.1266623411	-0.0505582331	-0.0529214061	-0.0564771437	0.0158919508	-0.0613923298	0.0203396716	0.0732529851	-0.0434983813	0.090311175	-0.0916285302	0.0149946871	0.0629026906	0.1575968187	0.0727675844	0.0304125837	0.0140024783	-0.0468995917	0.0014508908	0.0404178218	0.0679522423	0.0218174195	-0.0797767953	0.1017270517	-0.0769991132	0.0793392357	-0.015389153	0.0058115847	0.0147185761	0.0985746282	0.1107424782	-0.0855518322	-0.0269724021	-0.0004343353	-0.0463439699	0.1444011414	-0.0232702103	-0.0248912136	0.1867466389	-0.0999400919	0.0244727089	0.1850026589	0.107110725	0.1055180809	-0.070022085	-0.025437728	0.0140978901	-0.0598337165	0.2237490182	0.004715015	0.0175358952	0.0495049562	-0.1346238325	0.0160404344	-0.1189357681	-0.0084435077	-0.1279949812	0.0251860523	0.124700488	-0.0325815032937129	-3.0507971899990105e-06	9.307363494505858e-12	0.0010615543568782	-0.0618319267268674	3.20184920070965e-05	1.0251838304085024e-09	0.0038231871627566	0.0108753204823344	-0.0118890438030731	0.0001413493625513	0.0001182725955934	-0.0030889168442768	-2.4999848359099925e-05	6.249924179779912e-10	9.541407270856946e-06	0.0004201906436367	5.080976799996979e-09	1.765601769998242e-07	2.5816325242107546e-17	-0.000446352100173	5.224482099979583e-09	2.729521321300707e-17	1.9923019732884785e-07
835.5957475871593	1.5615345969845291	2.4383902975796365	698220.2533857436	1182.0254249966022	7.79342800808945	1397184.105338398	60.737520117273085	816.5263363733729	0.2452940924007407	0.0601691917667031	666715.2579913225	841.123614430501	781.9441567472709	1.092445	19.144903	0.0922296540062253	0.0544952748177243	-0.0696662433	0.007566643	0.0388371257	-0.0554182299	0.1951552894	0.0713266639	0.0620227385	-0.0823261453	0.1323665532	0.0675644616	0.0815738328	-0.0308225876	-0.0978369191	0.0089307833	-0.0978056969	0.0059726154	-0.0307795227	-0.2414335431	-0.0143877361	0.0208658498	0.0826187976	-0.120638625	0.1650763546	-0.1261428984	-0.1412590121	-0.0133505614	-0.2331006704	0.0719229616	0.0097938301	-0.0678371584	-0.0305855568	0.052650363	-0.0363863209	-0.0212523119	0.0654686391	0.076383179	0.0329184139	0.0372558215	0.1713728604	-0.0090637935	-0.0838584841	-0.0732615398	0.0453567221	0.008897469	-0.0691366565	0.1406476562	0.0663588556	-0.1137667384	0.0132602876	0.021530629	0.1718342417	-0.0187841504	0.0437077884	0.0443163502	0.0502860865	0.238158499	-0.0391176661	-0.0985725499	-0.1601370856	0.046748442	-0.1142604755	-0.0725241117	-0.0834824172	-0.0756229098	-0.035477192	0.1417249408	-0.144239426	0.0367847128	0.0341953334	-0.0607658384	0.2022908232	-0.0616589873	0.0877331637	-0.0287713996	0.0138998117	-0.0641920124	-0.0603067267	-0.0234060899	0.1686727855	0.0316810005	-0.1178017711	0.2210387424	0.1235983639	-0.0526043656	0.150637715	-0.0662151617	-0.0382540905	0.0401196549	-0.0398901468	0.0585759758	-0.1503098004	-0.054156482	-0.1566336298	-0.1004482662	-0.0739496599	0.0775587372	0.0845085598	0.0014994236	0.0818398097	0.061554316	0.0226894233	0.0639441131	-0.0622768885	-0.0951351685	-0.1349381739	-0.0170706747	0.1540454015	0.0007936087	0.1083674728	-0.0155829429	-0.1286829067	0.0623456255	-0.0118128082	-0.1269376627	0.0350428114	0.1205247148	-0.0451765883697419	-0.012595085076029	0.0001586361680724	0.002040924136729	-0.0125957815771187	0.0492361451497487	0.0024241979892071	0.0001586537135384	0.0109370454722252	6.172498989079865e-05	3.809974377019195e-09	0.0001196189636615	-0.0031899963234063	-0.0001010794791294	1.0217061101091021e-08	1.0176076543345711e-05	5.898152486816244e-05	-0.0003612091187685	3.478820275773664e-09	1.304720274815435e-07	-0.0003019067222599	0.0001444453779131	2.0864467200458282e-08	9.11476689457164e-08
834.2774536925133	-1.31829389464599	1.7378987926608922	696018.8697396637	1180.3396506555302	-1.6857743410719197	1393201.6909096192	2.8418351290164643	815.138044566232	-1.388291807140945	1.927354141774671	664450.0316992605	839.8812131852334	783.2494305573692	1.146239	20.087639	0.062188133730993	0.0320304233626778	0.0466568541	-0.2345472325	-0.0561403744	-0.0147564781	-0.0660685235	-0.0156169207	-0.2111841774	0.0427611306	-0.0267205794	-0.0604084128	-0.1222374617	-0.0084911193	0.0124327162	-0.0359208742	0.0123471709	-0.2637077284	0.0138787175	0.0582675898	-0.0021881451	0.1401126135	-0.1158264265	-0.0096837683	0.1145303594	0.0976324928	-0.0156553067	-0.0502217794	-0.1336158714	-0.0952004869	0.1253280642	0.0611413703	0.0175286493	-0.0371214626	-0.1050406252	-0.1561263862	-0.0785443734	0.0256936232	-0.0950831534	-0.05291349	0.0135894533	0.03871067	-0.045426328	-0.0465359144	0.0632144494	-0.0525551989	0.005218172	0.1110967336	0.0090335728	-0.0695456833	0.0148790846	0.115763922	0.0181294281	-0.0645159957	0.0043462609	-0.2350617274	-0.1190863809	-0.0438262793	0.0251132783	-0.0050113636	-0.1088234241	-0.0573419661	-0.1757194534	-0.0713689328	-0.0529130717	0.1860071067	-0.0426958075	0.0492979306	-0.0399212723	0.0847649205	0.1258790381	-0.0543946146	-0.0677110687	0.0233162189	-0.0361024875	-0.006348568	0.1614641917	-0.0131598867	0.1290393916	-0.1462305252	-0.0254328716	-0.0538223979	0.0733241414	0.0998833221	-0.0566524817	-0.0649053518	-0.1095348015	-0.1296096813	0.0307803339	0.116289281	0.1538013868	0.0190014002	-0.0137248737	0.0137132872	0.135118302	-0.0704052727	-0.1137637591	0.0256442566	0.0943244841	0.1024816284	0.0056988899	0.0830999876	0.1314456489	0.1393650827	-0.008065337	0.0242154715	-0.0073965184	0.0134549354	-0.0759935922	0.023021014	0.1254200479	0.1284679432	0.1339875672	-0.0403177654	-0.0151740128	-0.1255324169	0.0446835199	0.1150284477	-0.0327816866794563	0.0123949016902856	0.0001536335879118	0.00107463898155	-0.0305711492747491	-0.0179753676976304	0.000323113843865	0.0009345951679789	0.0110650318124996	0.0001279863402744	1.6380503296834693e-08	0.0001224349290116	-0.0036070054653091	-0.0004170091419028	1.738966244305097e-07	1.3010488426769718e-05	-1.1692017510389618e-05	-7.067354237855206e-05	1.3670327346325746e-10	4.994749592332993e-09	-0.0004480215980346	-0.0001461148757746	2.134955692265601e-08	2.0072335230547669e-07
834.2891274309633	0.0116737384499856	0.0001362761693986	696038.3481495181	1176.3132808724629	-4.026369783067366	1383712.9347569377	16.21165362999795	814.6270895105368	-0.510955055695149	0.2610750689404328	663617.2949644083	838.8304580998729	771.2331435684085	1.166238	20.438112	0.0662117053177056	0.037416761937834	-0.0755509327	0.0876225088	-0.0527376635	-0.1345249419	-0.0220167937	-0.0155988143	0.0985401112	-0.0169880125	-0.0935669451	-0.0698537319	0.0915806361	-0.1008249157	0.0297863689	-0.0349175513	0.0561258285	0.1197087126	0.0539297185	-0.050221095	0.0596477815	0.1203248515	-0.0051334023	0.0556704574	-0.1647234138	0.0254412192	-0.0820296985	0.1410479456	0.0203101312	-0.0010712191	-0.065494159	-0.0408242944	-0.0282346974	-0.0775567773	-0.0893155587	-0.1497103068	0.0346889884	-5.78645e-05	-0.0997802833	0.0150208061	0.0883506335	-0.0008296008	-0.0506234406	0.1570711305	-0.0715880844	-0.0205080624	0.0605376048	0.0796269642	-0.0309862567	0.0298437854	0.1972050224	0.0165417334	0.0626978635	-0.0213375345	-0.0641362029	0.1118537584	0.0148034809	-0.0043674702	0.1368072935	0.0324894005	-0.0231894084	-0.0284134517	0.0264540575	0.0175251549	-0.1086927948	0.0139709157	0.0184363833	0.1418286677	0.1674563036	0.0347050932	0.0704554872	0.0044458536	0.0602071128	-0.1077504739	-0.1652498455	-0.04486783	-0.0596143894	-0.0429248031	-0.0013989588	-0.1024021584	-0.0088142773	0.2310967281	0.0311506914	0.064908704	0.0059731026	0.040623425	0.0663700062	-0.0331886154	0.035173573	-0.0268530938	-0.0636647515	-0.0476966561	0.110464858	-0.0122971406	-0.1095440315	-0.024696926	-0.0440714787	-0.0270613137	0.0660804173	0.0368496059	0.0538630489	0.0539882914	0.0694242619	0.0005045256	-0.1075113566	-0.0244429376	-0.1909909532	-0.0667943879	0.0994029589	-0.1097438309	0.1567772977	0.0710244709	0.0057473307	0.0320672913	-0.0185248178	-0.1237830955	0.0540487397	0.1082719048	-0.0328123703225315	-3.068364307520083e-05	9.414859523663195e-10	0.0010766516461829	-0.0600506511915881	-0.029479501916839	0.0008690410332649	0.0036060807085337	0.0269959547911895	0.0159309229786899	0.0002537943069529	0.0007287815750879	-0.0031920026901712	0.0004150027751379	1.7222730337215865e-07	1.0188881174060178e-05	-1.1284960081958673e-05	4.070574284309458e-07	1.2735032405140068e-10	1.6569575004081461e-13	-0.0004480194950189	2.103015699951582e-09	4.422675034242844e-18	2.0072146791699018e-07
833.6111339295143	-0.6779935014490093	0.4596751880070877	694907.5226112505	1176.2501252164543	-0.0631556560085755	1383564.3570717245	0.0039886368858735	814.9135781547627	0.2864886442258694	0.0820757432703767	664084.1398609986	839.2326685728589	776.5593095882919	1.080247	18.931128	0.1098434463807442	0.0486581196645618	-0.1137656135	-0.0668438002	0.0831409305	0.1276322503	-0.0022860404	0.0611879207	0.0203975861	0.1415371606	0.0580767362	0.0778370681	-0.0572187907	0.0902471678	-0.0696749146	-0.1776560116	-0.0745618804	0.0020282857	-0.0285240786	0.1024492497	0.0321039146	-0.0885709616	-0.0269768077	-0.0444019859	0.0908133206	-0.0011787746	0.094125553	-0.0948234013	-0.0380288352	-0.1369996093	0.015461329	-0.0834136066	0.0893347813	-0.0829363424	0.1182157019	0.045584032	0.0566514743	-0.0209750344	-0.0492774148	-0.0979202311	0.0999615892	-0.0436109396	0.0635227626	-0.1265701845	0.050226991	0.0191661299	-0.0363120996	-0.0842625079	-0.0200657212	-0.000180321	0.0038928995	0.0295799967	-0.0034674201	-0.1041098011	0.1034170093	-0.0348047699	0.0835193241	-0.1033561492	-0.0950937298	-0.0313977267	0.0693227201	-0.0540348446	-0.0480505604	-0.1429932345	0.0940134083	-0.0096933646	0.1124626436	-0.0841654487	-0.0015650476	-0.0316618815	0.1468816544	-0.0309763616	-0.0006402068	0.0370115227	0.1417488847	0.1901976468	-0.0984208312	-0.0084735431	-0.0399042394	-0.0626298785	-0.0180818893	-0.0727244135	-0.0194136542	-0.0509287097	0.0317299378	-0.1017724483	0.0280727013	0.065652722	0.0226657321	0.0574084673	-0.0800342208	0.0102149157	-0.0659722967	0.071242719	0.0643011857	0.0435758846	-0.0975065397	-0.1502715663	0.079633157	0.0135088929	-0.0722740652	-0.0133098404	0.1881400347	-0.0458621461	-0.0672836333	0.0628263875	0.0761005814	0.0690342763	-0.0397264203	0.0588165519	-0.032808714	-0.0195358222	-0.0149885038	0.0089588737	-0.0218629269	-0.1216944932	0.063080731	0.1003291122	-0.032789958592815	2.241172971650246e-05	5.022856288855593e-10	0.0010751813845185	-0.0330300501602494	0.0270206010313387	0.0007301128800947	0.0010909842135885	0.0110098615189784	-0.0159860932722111	0.0002555551781078	0.000121217050667	-0.0037598402084398	-0.0005678375182686	3.2243944715344285e-07	1.413639839300064e-05	0.0004219740769624	0.0004332590370443	1.780621216282695e-07	1.8771339318060493e-07	-0.0007832097466555	-0.0003351902516366	1.1235250479220723e-07	6.134175072561725e-07
830.9899347369852	-2.621199192529048	6.870685206914931	690544.2716341789	1176.4981351242852	0.2480099078309194	1384147.861950921	0.0615089143823011	813.9225542048263	-0.991023949936448	0.9821284693476392	662469.9242433084	838.5581876574955	765.2963840632476	1.114803	19.536728	0.0893322487181031	0.0436549817947039	0.1449912477	0.0288537742	-0.0274833977	-0.0333928535	0.0577412819	0.240670541	-0.0842813567	-0.1312591936	0.0217748786	0.118997249	0.0624841608	-0.0611037272	0.0060557031	-0.0398631546	0.0886233593	-0.0379339916	-0.0124065899	-0.0997436486	-0.1151774738	-0.0390436253	-0.0131966035	0.0753607413	-0.0519567425	0.1095553366	-0.1064992504	-0.0664174649	-0.0461161504	0.1072872601	-0.0943126765	0.0250077078	0.0684885571	-0.0973637385	-0.0614645702	-0.0178829939	0.1129302571	-0.0822350913	0.1157802131	0.0043801986	-0.0812157539	0.0062573328	0.1811370875	0.0451576043	-0.0265682163	-0.0858569089	-0.1212512531	0.054587791	-0.0531053877	-0.0280732982	-0.0635188495	0.018628141	0.0749013274	0.0828138202	-0.0900735306	-0.0289772379	-0.0169433511	0.1217146669	-0.0792340858	0.0940462604	0.0631992433	0.0352066003	0.0568047711	0.0223706163	0.0728278196	-0.0221126869	0.17163482	0.0947248636	0.0417956171	0.18590797	-0.115602629	-0.0689555402	-0.0514957602	-0.0899891768	0.000577664	-0.0928346332	0.0748164045	0.031658659	-0.0794928348	0.1463243284	0.0189797078	-0.0728364804	0.0602074284	-0.0349719691	0.0128150006	-0.145036101	-0.0556019243	0.0126895256	0.0646468331	0.1538234254	0.0680990774	-0.0557717974	-0.0784099648	-0.0801100684	-0.0900458618	0.0898195485	0.0925066429	-0.1098118475	0.0364957631	0.0927525447	-0.0392103072	-0.1530606692	0.1502318726	0.0464400285	-0.07286879	-0.0497809894	-0.0618834866	-0.0943689323	0.12985139	-0.0841913334	0.035823329	0.0965092333	-0.0400473792	-0.0075582855	-0.0251860523	-0.1192723348	0.0717238087	0.0912870929	-0.0327406086808252	4.9349911989800266e-05	2.435413813401032e-09	0.0010719474567909	-0.0471758330838412	-0.0141457829235917	0.0002001031745213	0.0022255592271544	0.0414550086011189	0.0304451470821405	0.0009269069808531	0.0017185177381188	-0.0035760293632021	0.0001838108452377	3.3786426826997745e-08	1.2787986006483616e-05	-7.498045876142001e-05	-0.0004969545357238	5.622069196073007e-09	2.469638105764775e-07	-0.0005701357516094	0.0002130739950461	4.5400527364905455e-08	3.250547752632154e-07
833.0597476338361	2.0698128968508627	4.28412542797016	693988.5431277506	1176.0611106636595	-0.4370244606257074	1383119.7360154404	0.1909903791851905	814.9307187083754	1.0081645035490965	1.0163956662163962	664112.0762945492	838.8812963047368	758.7453583591669	1.162571	20.37385	0.0310155094653129	0.0173414821877369	0.0026023862	0.0215777856	-0.1908004864	0.0668075611	-0.1227912484	-0.0581450266	0.021239642	0.0308623511	-0.0087398319	-0.194723472	-0.0643756358	0.0682741805	0.0438749673	0.0536537825	0.0354758165	-0.0617786927	-0.0243277765	0.0504795978	0.2274642931	-0.029170349	-0.012546103	-0.1179364483	-0.1834578681	-0.1080161093	0.1032275287	0.0100616633	-0.0742744541	0.1596744102	-0.1266804209	-0.1398679058	0.0090689279	0.0547367827	-0.0343584808	-0.0954670974	-0.0454888351	-0.0857834186	0.1911129165	-0.1117255509	-0.0403326993	-0.0448414917	0.1150348389	-0.094566639	-0.0425920502	0.1782708305	0.0358305668	0.103678752	0.2031797358	0.0081180363	0.0861659233	-0.0685738812	0.0710273534	0.0277316836	-0.0470711867	-0.0686234785	0.0199346431	-0.123352068	0.081379821	-0.1741177957	0.0487377744	0.090845353	0.1838538791	-0.0113442309	0.1230068763	0.0541845016	-0.0628587456	0.1886419665	-0.0345880138	-0.047076357	-0.0630592164	0.0533802386	-0.0193887557	0.0326856888	0.081434901	-0.0732778176	0.0732975562	-0.1307601679	-0.0642730317	0.0010385125	0.1413109097	0.0041527313	0.0254185184	-0.0395237204	0.1540095596	0.1258171465	0.0543011879	-0.055893025	0.0954820665	-0.1334310362	0.080391523	-0.0875930977	0.0633529752	0.1453983041	0.0991616895	0.012278863	0.1026296175	0.0036919122	-0.0337421065	0.0175632805	0.0157591146	-0.1094868268	0.0201387602	-0.0862752022	0.0397776763	0.0627260391	0.2158767426	-0.1869231055	0.1822880068	0.0885934103	0.0125287531	-0.04111961	-0.0780708851	-0.1685785608	-0.0284919163	-0.1165232592	0.0799246852	0.0812449131	-0.0367746507783408	-0.0040340420975156	1.6273495644528073e-05	0.0013523749398689	-0.0625455233801091	-0.0153696902962679	0.0002362273798031	0.0039119424948917	0.0390862282611692	-0.0023687803399497	5.611120298932222e-06	0.0015277332396842	-0.0034730005272734	0.0001030288359287	1.0614941032823023e-08	1.2061732662441313e-05	4.9932776817751545e-06	7.997373644319516e-05	2.4932822007313865e-11	6.395798520685642e-09	-0.0005719931138691	-1.8573622597000676e-06	3.449794563758141e-12	3.271761223136693e-07
834.1454629640075	1.0857153301714106	1.1787777781692153	695798.6533834384	1179.1894141914918	3.128303527832258	1390487.6745412736	9.786282962247755	815.7852431927469	0.8545244843714954	0.7302120943903702	665505.5630110492	840.6011251753962	772.9268944910331	1.114019	19.522989	0.057312067398201	0.0296199286904791	-0.0756581475	0.0571673431	0.1306693233	-0.0756721378	-0.0704241027	0.0527143112	0.1563125906	0.0312887146	0.122212993	0.0038825308	-0.0982784015	-0.1282660983	-0.0766489697	0.0252508817	-0.0722438072	0.0475501885	0.1569226988	-0.0282681257	-0.070277938	0.0272729759	-0.0800152135	0.0708125341	0.0366344422	0.0955155634	-0.1035812908	-0.0659941987	0.1443308505	0.1547093453	0.0762842358	-0.0119548467	0.0151361253	0.058304162	-0.0647490927	0.0975909878	0.0279667983	0.114663744	0.0476629024	-0.0636495926	-0.0229282394	-0.1409877102	-0.0783260809	-0.0157449112	-0.0377287546	-0.0241970089	-0.2131620262	0.0040718761	0.1426843272	0.0423169615	0.0370542788	0.1325107806	-0.108589447	-0.0028389911	0.0724145097	0.1359411416	-0.1246183487	0.0536995401	0.012100814	-0.0252378337	0.0925615791	-0.0094072456	-0.0182149116	-0.0146437243	-0.0071247991	-0.0578854039	0.0294951605	-0.0816560661	0.0824043956	-0.0207193251	-0.1837311144	0.0915743864	0.0434330654	0.0604447768	-0.0225512318	-0.1035874065	-0.0793809025	0.1539801153	0.0190689412	0.110714524	0.0434889065	-0.016193899	-0.0285513368	0.0739386795	-0.1573626217	-0.076842088	-0.0638796774	-0.0398902538	-0.111415511	0.1458588313	-0.1129978943	-0.0530658081	0.0499869262	-0.1085838363	-0.0265869954	-0.0124574798	-0.0273480548	0.0105855182	0.0461680255	0.0145920937	0.0687066605	-0.1856272651	-0.0612578895	-0.059294186	-0.0617169878	0.0696304148	0.071062698	0.0847620649	0.105796389	0.0147412794	-0.035411849	-0.0605915013	0.0291034852	0.0604841592	-0.0317782535	-0.1134548014	0.0876327994	0.0703125971	-0.0506783242299206	-0.0139036734515798	0.0001933121354481	0.0025682925467529	-0.0599436164318376	0.0026019069482715	6.769919767463532e-06	0.0035932371509272	0.0210365996642707	-0.0180496285968984	0.0003257890924859	0.0004425385254347	-0.0033209209168704	0.0001520796104029	2.312820790032817e-08	1.102851573610734e-05	0.0002770022658427	0.0002720089881609	7.673025528198985e-08	7.398888964033017e-08	-0.0006030416833342	-3.104856946509996e-05	9.640136658291375e-10	3.6365927183854564e-07
831.4889585985557	-2.6565043654518377	7.057015443664671	691373.8882713106	1178.3036111261426	-0.8858030653491369	1388399.399992908	0.7846470705819273	814.5522820840033	-1.2329611087435524	1.52019309567413	663495.4202482577	839.820440483916	769.3386837390042	1.024645	17.956726	0.0718790630907505	0.0491835793679255	0.0033532865	0.0025763352	-0.0211773735	0.1538880763	0.035935419	0.0985419093	-0.1060017195	0.1291039037	0.0112714984	0.124088829	0.0830798992	-0.055355688	0.0539996026	-0.0226396226	-0.1454605815	-0.0225665108	-0.1779691127	-0.0340470371	-0.06723437	0.0073583765	-0.0682132376	0.106933997	-0.0787427824	-0.1011192426	0.0139329064	-0.017169848	0.0589508617	-0.0321390084	0.0468169497	0.0096332199	0.0967584703	-0.0224958268	-0.0498038346	0.0710364768	0.087216545	-0.0806580617	0.0792475421	0.0065364931	0.101345863	0.0331339739	-0.0471222603	0.0864962209	-0.0288400964	0.0031192974	0.1365412452	0.0555393383	-0.0805816417	-0.0383163754	0.0974763747	-0.1059800758	-0.0589042591	-0.0619789359	0.165361417	-0.0763831249	0.0676030102	0.0869448646	0.0427951098	0.1351388906	0.0445049849	-0.0077427434	-0.0437459426	0.113893882	-0.0229359328	-0.0144189436	0.0625110484	-0.0096968702	0.067173432	-0.0467777021	0.0026721139	-0.0503598581	-0.0230182807	0.0524350524	-0.0293297132	-0.1026916184	-0.0899394041	0.0352806187	-0.0472469587	-0.0971156505	-0.0210630356	0.0412077823	-0.096298397	-0.0902923623	0.1330004663	0.0608858279	0.0679574993	0.0234249403	0.0145393711	-0.0664632632	-0.0851898277	0.0131833983	-0.1243342322	0.0918164155	-0.0295317868	-0.015155836	0.0294706745	-0.0326834903	0.0630113716	-0.0216457454	-0.0482298466	-0.1515545008	0.0666487203	-0.0489626456	0.0056978829	0.0163118899	0.0349048692	0.0754438397	0.0786223538	-0.0370984588	0.0799380374	-0.0876282147	-0.0978175186	0.0130877913	-0.0350428114	-0.1100753719	0.0948006283	0.0586099215	-0.0507446459716334	-6.632174171279648e-05	4.398573423818888e-09	0.0025750190947864	-0.0127237785667517	0.0472198378650859	0.002229713088005	0.0001618945410157	0.0195708329259289	-0.0014657667383418	2.1484721312291623e-06	0.0003830175014146	-0.0036009613923196	-0.0002800404754492	7.842266788981401e-08	1.2966922948976311e-05	0.0001511876788782	-0.0001258145869645	2.2857714244577723e-08	1.5829310293047736e-08	-0.0006597293558327	-5.668767249849996e-05	3.213492213297188e-09	4.352428229474293e-07
831.3285113603592	-0.1604472381964115	0.025743316244856	691107.093800631	1173.8872299980872	-4.416381128055491	1378011.228752582	19.50442226824469	813.8081969675663	-0.7440851164369633	0.5536626605030092	662283.7814516013	837.7624228542702	763.1488325740016	1.038597	18.20122	0.1132526432687118	0.0533860291314631	0.2068278952	-0.0053408416	0.0273642197	-0.0327030234	-0.0149784493	-0.0143757507	-0.0819914783	-0.1413883781	-0.0862593205	0.0902842363	-0.0282968031	0.0316862198	0.035442371	0.0100883701	0.1215653085	-0.0322987582	0.0348955983	0.0545460942	-0.1642731177	-0.0554724311	-0.0938666854	-0.0685883182	-0.0935170216	-0.1148997467	0.0756435581	-0.0442751236	-0.0009893968	-0.1951402488	0.1160177848	0.0999098306	-0.1116134355	-0.0079891141	0.0669656526	-0.0024628008	0.0406882481	-0.0278870436	0.1372187212	0.1523784629	-0.1288803563	-0.1010373327	0.099459024	-0.1140781181	0.0512487013	0.0340995998	-0.0709234276	0.0473132796	-0.1283481005	-0.0033871177	-0.211568127	-0.010433546	-0.0984240893	0.010043695	-0.1000324315	-0.0117623178	-0.0742016749	-0.043189563	-0.0919701041	0.1105810808	-0.0104766604	0.0706801681	0.0244780318	0.1962936065	0.1182681346	0.0347185848	-0.0985315198	0.0275541144	0.0044232182	-0.0047185882	0.1367716388	-0.0617980135	0.0071496785	0.0655613482	0.0941676461	0.0737811196	0.1766392218	0.1023082686	-0.104025405	0.1031213804	-0.0030388665	-0.1106067306	-0.0683482521	-0.1223628902	0.0158096671	-0.0526706942	-0.148528278	0.1078342369	-0.0369371767	-0.0399968412	0.097572845	0.0399418099	-0.0533253543	-0.1384029914	0.0907545705	-0.0711070862	0.1720641029	0.0363365983	-0.089357258	-0.0606357909	-0.0088747861	-0.0898835557	-0.0741815146	0.0917465338	0.1376216786	0.0334653486	0.1098415603	0.0578737802	0.0478171711	0.1266915493	0.172818995	0.1447486636	-0.0458086657	-0.0448829001	-0.0382833527	-0.1063942335	0.1013839798	0.0462651033	-0.06514645324647	-0.0144018072748366	0.0002074120527815	0.0042440603705945	-0.0477206393421454	-0.0349968607753937	0.0012247802641322	0.0022772594192231	0.0422073002752654	0.0226364673493364	0.0005124096540575	0.0017814561965264	-0.0039358257158921	-0.0003348643235725	1.1213411520166813e-07	1.5490724065877564e-05	0.0004222307368066	0.0002710430579284	1.7827879510424435e-07	7.346433925117801e-08	-0.0008781721317147	-0.000218442775882	4.77172463350337e-08	7.711862929203404e-07
834.3823062540154	3.053794893656118	9.32566325252018	696193.8329897695	1171.038678827974	-2.848551170113069	1371331.587311167	8.114243768752536	814.4822732231221	0.6740762555557467	0.4543787983040563	663381.3733947045	838.0627676070067	769.3326879693557	1.16404	20.39959	0.0372515401090679	0.0188029770959545	-0.0895280845	0.0411925411	-0.1464550926	-0.146113469	-0.0050129837	-0.0357517756	0.1006483118	-0.1127378451	-0.1121010435	-0.1362918286	0.1024705167	0.102530662	-0.0494391332	-0.0052191601	0.1525885216	0.036802215	0.0532563778	-0.0570935087	0.0798062156	0.0346551024	-0.010151019	-0.0574274641	0.0218915146	-0.086681079	-0.1578219435	0.1769501901	-0.0101486771	0.0530645524	0.1133963813	0.0012697387	-0.009493664	-0.0836370567	0.0750724913	0.1070315331	0.1889324437	0.0987962812	-0.1958614946	0.1355100362	-0.0615091536	-0.0177830524	0.2226289112	0.0340340214	-0.0794809865	-0.063968367	0.0349587718	0.0434010113	0.067896888	0.1496903843	-0.0413510179	0.1006331127	0.0018739933	0.0895908528	-0.1898248886	0.0420441063	0.0396403034	0.0009285882	0.0678549358	-0.1172670943	-0.1038452956	0.0332886765	-0.0398969602	0.0642432612	0.0160407714	-0.054910144	-0.108494659	0.0741983546	-0.0209116554	0.0757354177	-0.138189332	-0.155268342	0.1056237141	0.0139317023	-0.1863655966	0.0887091658	0.0074799285	0.0847011323	-0.1347126529	-0.1391409681	0.0289733913	0.0761080059	-0.1381899233	-0.056360016	-0.0092157119	-0.0540016769	-0.2443976666	-0.0688556616	-0.0076830437	0.0078484753	0.1067882465	0.0535256266	0.0964196257	0.0194545722	-0.1192055833	-0.0943208706	0.0502406372	-0.0607747686	0.0185792755	-0.0587305542	0.1156136479	0.129126451	-0.0167816956	0.1449807233	0.1015171105	0.1622102431	0.0664354508	-0.0400957007	-0.0201584725	0.0663843373	0.0298644756	0.1264064158	-0.0235270944	-0.1068997582	-0.0414976565	-0.1024214758	0.1073422654	0.033413395	-0.0672106010553221	-0.002064147808852	4.26070617678892e-06	0.0045172648942176	-0.0455762546050237	0.0021443847371216	4.598385900800486e-06	0.0020771949838219	0.0298301350608412	-0.0123771652144241	0.0001531942187451	0.000889836957748	-0.004211295583784	-0.0002754698678918	7.58836481163805e-08	1.773501049399862e-05	0.0004231393484508	9.086116442000086e-07	1.7904690820736757e-07	8.25575119975843e-13	-0.001015110499152	-0.0001369383674372	1.8752116476392974e-08	1.0304493254886226e-06
834.019441909062	-0.3628643449533228	0.1316705328384041	695588.4294823033	1175.2630430398528	4.224364211878765	1381243.220335295	17.8452529946021	815.1666733435102	0.6844001203880907	0.468403524787233	664496.705329925	839.2599546346705	774.2972799434218	1.082301	18.967138	0.0549287553350115	0.0271980937555162	-0.1578080644	-0.0866655801	-0.0120169345	0.0427195102	-0.1410739958	0.0391054949	0.0679124985	0.1377161339	-0.0197104113	-0.0618500983	-0.0948529246	0.0764025614	0.0334572706	0.0727547478	-0.1169665171	-0.0321132846	-0.0111755931	0.1138190713	0.0882784377	0.1034685865	0.1307421817	0.0187099774	0.0460867924	0.1919341045	0.0182458529	0.1198412301	-0.0267914117	-0.048001979	-0.2115868853	-0.0703145277	0.0502832674	-0.123669784	-0.0577616942	-0.0370402729	-0.1334148703	0.0071383125	0.0671675724	-0.0370037573	-0.0795610879	0.1029136726	-0.0939041863	0.0661038651	0.0215273589	-0.0878749705	-0.040481612	-0.1664333581	0.042589398	0.062108304	-0.0535275198	0.0870499309	-0.0158570848	0.1599487776	0.1080318324	-0.0349595023	-0.0022869683	-0.1246586941	0.0418844249	-0.1182374993	-0.1383372587	-0.037226378	0.0503799799	-0.2347489249	0.021393325	0.0389184311	0.1301691527	0.0306894842	0.1088981675	0.0448462491	-0.0962251194	0.0388788977	-0.1967072702	-0.1355738676	-0.0067446822	-0.0785867736	-0.0419001974	-0.1695077579	0.0487815811	0.0925364549	-0.1020773224	-0.0218265625	0.1299828026	-0.0119758731	-0.1797591919	-0.0441503141	-0.015182083	-0.1181805711	0.0575639261	-0.0864563685	-0.0539179191	0.0712993137	0.1153160623	0.1137923728	0.1257125327	-0.0102070068	-0.0205136752	-0.1444625555	0.1525334865	-0.0241271981	-0.0524341498	0.0500446903	0.0463420399	-0.0693302237	-0.176274056	-0.017538506	0.0051601708	-0.0536173044	0.0092397595	-0.0141782457	-0.0722768953	0.0968884014	-0.1124225294	-0.1553614785	-0.0446835199	-0.098167988	0.1126387502	0.0201956026	-0.0550949421841693	0.0121156588711528	0.0001467891898821	0.0030354526542769	-0.0601063948674323	-0.0145301402624085	0.0002111249760452	0.0036127787039596	0.0372085527607097	0.0073784176998685	5.444104775373279e-05	0.0013844763985465	-0.0041359699232669	7.532566051709957e-05	5.673955132337333e-09	1.710624720616841e-05	8.160299535586724e-05	-0.0003415363530949	6.659048851049691e-09	1.166470804853866e-07	-0.0010163392555716	-1.228756419599953e-06	1.5098423387080958e-12	1.0329454824158338e-06
832.7909055549131	-1.2285363541489005	1.509301573465473	693540.6923749723	1174.3098134306288	-0.9532296092240812	1379003.537919478	0.9086466879014948	815.4948045171192	0.3281311736089947	0.1076700670940162	665031.7761944145	839.8256571188579	767.8269632620405	1.050379	18.407705	0.0756082736465203	0.0439735884680949	0.0011285945	0.0759923296	0.1699703711	-0.0362175809	-0.0368774188	0.1686360018	0.0748674823	-0.0354804323	0.0063688312	0.154853203	-0.0880639209	-0.0815761394	-0.0616418679	0.0611291762	-0.083532324	0.047164929	0.0904154066	-0.0513700963	-0.1545963304	0.0697651267	-0.0399280149	0.0779672437	-0.1305287758	-0.0502980429	0.1119360979	0.0014676153	-0.1622488575	0.1238244139	-0.0062945787	0.1009104472	0.0489962256	-0.0829422922	0.0002113626	-0.0036112262	0.0797031419	-0.1132325831	-0.1547312168	0.2098016367	-0.1867849885	0.093053774	0.041109085	0.0068527351	-0.0019904697	-0.0399578835	0.0333618232	-0.0922276927	0.0322650827	0.0025407595	-0.0550750673	-0.003960544	0.1031503203	-0.0477303287	0.1069020038	0.0938546617	-0.0878285194	0.1132731431	-0.0744671254	0.0912660686	-0.0028651149	0.0182229434	0.1899369984	0.0844413178	0.0820134143	-0.0028319837	-0.0013703514	0.122380329	-0.1431306528	0.0934871481	-0.0179319892	-0.1288833893	-0.1685855465	-0.0297456449	-0.1739385747	0.0566994532	0.0372127637	0.106364817	-0.0715748589	-0.0875685947	-0.0654833879	-0.061864778	0.0744607475	-0.0160000111	0.002359473	-0.056941483	0.1112305704	0.0761458681	-0.068459356	0.0107155337	-0.1071224346	0.1250767073	-0.006634595	-0.1597886086	-0.0313814902	-0.0503943411	0.0588895047	-0.093738039	0.03111367	0.029608392	-0.0371503388	0.0131373654	-0.1319580169	-0.0544926931	-0.1672571044	0.0340938582	0.2062037757	-0.1141514277	0.0075311423	-0.0706500037	-0.0412309709	-0.0661838751	-0.1236649598	0.0055090096	-0.0478387595	-0.0936454286	0.1172407796	0.0067565429	-0.0556176816741071	-0.0005227394899377	2.732565743404312e-07	0.0030933265148023	-0.0212984927782287	0.0388079020892036	0.0015060532645652	0.0004536257946242	0.0299164217994274	-0.0072921309612823	5.317517395649194e-05	0.0008949922932812	-0.0043727989967367	-0.0002368290734697	5.60880100405638e-08	1.912137106586149e-05	0.0004232210757175	0.0003416180803616	1.791160789314779e-07	1.16702912829967e-07	-0.0010150763872811	1.2628682904999682e-06	1.594836319150312e-12	1.0303800720156496e-06
833.2413447901039	0.4504392351907427	0.2028955045992212	694291.1386676207	1182.3077378420485	7.997924411419717	1397851.586961182	63.96679489078343	814.6172974387664	-0.8775070783527781	0.7700186725592286	663601.3412864396	839.3754532132998	773.7219185703484	1.115952	19.556854	0.0313742799962474	0.0225228951451909	0.024585392	-0.0451983724	-0.104824889	-0.0183542684	0.1441307585	0.0696232725	-0.1096818394	-0.0026046692	0.0614818997	-0.0350141036	0.1573730135	0.0331505598	-0.0798409944	0.0256667102	0.0167725598	-0.0164486211	-0.1156914355	-0.1358651523	-0.0462864535	-0.0810722589	-0.009772384	0.0265154431	0.039717957	0.0934891205	0.0639084915	0.0364498693	0.0348777302	-0.0721678664	0.0699610454	0.0863243234	-0.3189197786	0.0111816839	-0.0872146351	0.0204217436	0.1395758344	0.0132750642	0.0649158241	-0.116216003	-0.0128834013	0.0701029663	0.0469836688	-0.0608861356	-0.0774866129	-0.0110375398	0.0107483831	-0.1596778126	-0.1272588068	-0.1022970115	0.0443205464	-0.0112011591	-0.1007352951	-0.1688427115	-0.035683672	-0.0921933941	0.1001738918	0.1487184912	0.0005910668	0.0124625009	0.0188213292	0.0223870763	-0.0922686115	0.0906496277	-0.1378365953	0.091803809	-0.0803139	-0.1217158539	0.0038075118	-0.091536519	0.036682357	0.0754227176	-0.1013360379	-0.1671324534	0.049940818	0.029928945	0.0809503318	0.0462753513	-0.1150211251	0.1666378869	0.0270765088	-0.0326888805	0.002958799	-0.2011194976	-0.0638818232	-0.1054895712	0.036515247	-0.0310379743	0.0843238177	0.0993546563	0.1292714245	0.0691471443	-0.0547299588	0.0446119397	-0.1277936944	0.0123818377	0.0694518656	-0.1142769054	0.0679602078	-0.0190618235	0.0327189226	0.0678250274	-0.0070337772	0.1091236166	0.1099428367	0.1163067172	-0.0425402275	-0.0815287693	0.0008341485	0.0926586166	-0.0568267184	-0.0523115038	-0.0439139737	-0.0083697884	-0.0509612127	-0.0888661936	0.1211199807	-0.0067565429	-0.0506299436883779	0.0049877379857291	2.4877530214285965e-05	0.0025633911978883	-0.0427546463212848	-0.0214561535430561	0.0004603665248631	0.0018279597820581	0.0299148018604853	-1.6199389421024668e-06	2.6242021761400598e-12	0.000894895370352	-0.0042742977910752	9.850120566149995e-05	9.702487516769113e-09	1.8269621606790334e-05	0.0004231720963905	-4.8979327000025364e-08	1.7907462316353066e-07	2.398974473375413e-15	-0.001015101572863	-2.5185581899959262e-08	6.343135356395555e-16	1.0304312032289362e-06
832.4543912221732	-0.7869535679307091	0.6192959180788733	692980.313465079	1178.4111121266158	-3.89662571543272	1388652.7491834874	15.183691966171551	815.4358257927238	0.8185283539573902	0.6699886662321947	664935.5859862614	839.5317148994826	769.57239849475	0.977602	17.132298	0.025737138635185	0.0236694257329983	0.0478246252	-0.092768086	-0.0859458928	0.017891659	-0.1212803527	-0.0307787321	-0.0974813297	0.0487201532	-0.0795112265	-0.0783016792	-0.0778211366	-0.0687411708	-0.0205801731	0.043128463	-0.0173891091	-0.1292974257	0.0627289733	0.0908225433	0.0740801599	-0.0128904485	0.0797745509	0.0234089947	-0.081152096	0.0064125271	-0.0245183455	0.077934885	0.0260577476	-0.0743186416	-0.0368859293	-0.0512810964	-0.0364868396	0.0306095386	0.1141654998	-0.1069313292	-0.0257224233	-0.0492134181	0.0280488382	0.0408643259	0.0282255776	0.2133305775	-0.0621344265	0.0821197819	0.1340177829	0.0289312611	-0.06602359	-0.0221518142	0.0746524717	0.0817198768	-0.0466898886	-0.0720010292	0.1418050038	0.07056927	0.0224005806	-0.1062254058	-0.0879675186	-0.1164649029	0.0502992959	-0.0538159369	0.0118980484	-0.0374317387	0.0558293303	0.028671153	-0.0144745442	-0.061041092	-0.0010334654	-0.0596695973	-0.0107808545	-0.0033412725	0.0738578445	0.0139511357	0.0569687385	-0.0470293021	-0.0541524786	0.0061822636	0.0677537813	-0.1844622507	-0.0880781959	-0.0709547706	-0.0439745079	0.0299459836	0.2378147947	0.0637941157	-0.0210651987	0.0018579526	-0.0651677694	0.0396115751	0.0676615311	-0.1311537686	0.0836455828	0.0849940235	0.0774005856	0.0285695381	0.1339027825	-0.0244257921	0.0235827348	-0.0212581306	0.0332891145	0.0285205972	-0.0292409078	0.1482401673	0.0299733294	0.113851237	-0.0247767766	0.0289262566	0.1522247678	-0.0095980642	-0.0103985176	-0.0972042275	0.0626863773	0.0520962811	0.0373790969	0.0998700766	-0.0540487397	-0.0838433825	0.1242524367	-0.0201956026	-0.0508225911824524	-0.0001926474940745	3.7113056973184794e-08	0.0025829357744986	-0.0407463197505961	0.0020083265706886	4.033375614534216e-06	0.0016602625732178	0.0298916270218043	-2.3174838681000454e-05	5.370731478903947e-10	0.0008935093660106	-0.0042710337565515	3.264034523700089e-06	1.0653921371906068e-11	1.8241729349602415e-05	-4.182783194561779e-05	-0.0004649999283361	1.749567525270844e-09	2.162249333525947e-07	-0.001017097404638	-1.995831775000083e-06	3.983344474099983e-12	1.0344871305213557e-06
831.9129773309133	-0.5414138912598219	0.2931290016491022	692079.2018515847	1173.7262763583783	-4.684835768237463	1377633.3718141045	21.94768617535709	813.7768727764224	-1.6589530163014388	2.752125110295642	662232.7986657735	838.0608270989475	762.0316412595815	1.034094	18.122316	0.0523186740267517	0.0307826769738664	0.0388043729	0.1663701209	-0.0262930088	-0.081814345	-0.0401274603	-0.0155331731	0.116321442	-0.0520890518	-0.1207941346	-0.002356185	0.0089310674	-0.0286462305	0.0389272207	0.0992665491	0.0996685925	0.0833248207	-0.0179306863	-0.040944583	0.0213074123	0.1536364986	0.0277026914	-0.0556424597	0.0325119755	-0.0840353435	-0.0236284981	0.0351871949	-0.0462527382	-0.0922885555	-0.1228236311	-0.0255314686	0.0078888519	0.0147840521	-0.0534878364	-0.0008761188	-0.2219473743	0.0029744486	0.0658772507	-0.0596115313	0.0004047134	0.062146835	0.0281808002	-0.0754344949	0.0115375929	0.1509651753	0.12039284	-0.1527956704	0.0323598257	-0.1131831322	0.0474216293	0.0195678085	0.0401855327	-0.0872672834	-0.1200584371	0.0823187631	-0.0036304931	-0.0080195856	0.1103304315	0.0363475918	-0.1598970955	-0.0252942744	-0.0232054373	-0.0835764157	0.0196444884	-0.0742371402	0.0343641591	0.0072255721	0.0897071779	-0.0516924968	0.0105181382	-0.0537502434	-0.1446529008	0.1387322735	0.1371895494	-0.0496613541	0.0492107947	-0.1211108925	0.0197272566	0.0161380719	-0.0847378425	0.0615746907	-0.1159734333	-0.0560065211	-0.0239578298	0.0808225342	0.2201682768	0.0135911965	-0.0288941837	-0.0043494267	0.0304264816	0.0230835333	0.177123521	-0.0912363225	-0.0248640309	-0.0349144945	0.1298196482	-0.0690135189	-0.0358040922	0.0245613392	-0.0539731133	0.0630646131	0.1327648943	-0.093147553	-0.0013273581	-0.088739815	-0.0767058356	0.0411748223	-0.1281933618	-0.0884517437	-0.0275695669	0.0469295291	-0.1196844201	0.0424075848	-0.0570992244	-0.0785907625	0.1266188352	-0.033413395	-0.0538971431744244	-0.0030745519919719	9.452869951338987e-06	0.0029049020423644	-0.0619888333179261	-0.02124251356733	0.0004512443826581	0.0038426154561176	0.0459974867857653	0.016105859763961	0.0002593987187363	0.0021157687906066	-0.0044990411760338	-0.0002280074194823	5.198738333897758e-08	2.02413715036476e-05	-5.171169287199184e-05	-9.883860926374048e-06	2.6740991796872113e-09	9.769070681190368e-11	-0.0010171210982991	-2.36936610999508e-08	5.61389576319322e-16	1.0345353286051674e-06
832.559286654765	0.6463093238515967	0.417715742097508	693154.9657950911	1175.7146305988745	1.9883542404961645	1382304.892604248	3.953552585699079	814.199261884386	0.4223891079636814	0.1784125585263545	662920.4380530791	838.0181940047005	756.3299247179845	1.035285	18.143183	0.0201109425832922	0.0161242090104246	-0.0357009724	0.0982041937	0.0277461111	0.1753704396	0.025012286	-0.1495876902	0.0630906797	0.0815506254	0.0294645162	-0.0224267813	-0.0641194697	0.1385480718	0.206717165	0.1842511354	-0.0871652511	0.1061992576	-0.1134298435	0.1257747617	0.0797004289	-0.0077645197	0.0712048579	0.0066990261	-0.0127481759	-0.0355595786	-0.1224608711	-0.0327839529	-0.0975292104	-0.0584416002	-0.0875431517	0.0368843783	0.0281280024	0.0737573656	-0.0352012489	-0.0134599902	0.0038610335	-0.0552386758	0.0488309553	-0.0030920383	0.0241728889	0.0743035953	0.049508426	0.0539261005	0.0858726833	-0.1099985482	-0.0943121579	0.0181199764	-0.1208827956	0.0406248924	-0.0687035705	0.0247532018	-0.1671587357	0.100916216	0.0887692399	0.0567911176	0.1528495172	-0.1291340721	-0.0311476802	-0.0288006354	-0.0502657013	-0.0109046079	-0.0537675787	-0.047204069	-0.0913651837	-0.1423549733	0.1424364552	0.0869338748	-0.0453620862	0.0193977131	-0.0101086479	0.0344727686	-0.0384973015	-0.0094961031	-0.0467964344	-0.127401308	-0.0355425965	-0.0030547738	0.0939364014	0.076697651	-0.1148444986	0.0293656541	-0.1134133424	-0.0420404962	0.0735990223	-0.0228300229	-0.0459367086	0.1574074582	-0.0523194186	-0.0372236652	-0.1287924463	0.0591796681	0.0374805836	0.1348002312	0.0069463048	0.0487300895	0.1528587692	0.0744759812	-0.0076505038	-0.0164915009	-0.0180765216	0.0419067433	-0.1052546377	-0.1455210164	-0.0551808727	0.0299427221	0.0536295787	0.052771223	0.0316615772	-0.0509850612	0.0575216339	0.0812137983	0.1248092879	-0.0491255302	-0.0601105761	-0.0731227308	0.1282045865	-0.0462651033	-0.0509492737026704	0.002947869471754	8.689934422499224e-06	0.0025958284908296	-0.0619858111672897	3.022150636404486e-06	9.13339446912004e-12	0.0038422407860668	0.0300372257298349	-0.0159602610559303	0.0002547299329734	0.000902234929545	-0.0045200424127445	-2.100123671070018e-05	4.4105194337886085e-10	2.0430783413009123e-05	-5.4701560672221206e-05	-2.989867800229369e-06	2.9922607399766972e-09	8.939309462848405e-12	-0.0010171257918876	-4.69358850006471e-09	2.2029773007939702e-17	1.0345448765229774e-06
834.6536392002515	2.094352545486572	4.386312584786084	696646.6974302237	1178.55401807962	2.839387480745472	1388989.5735316172	8.062121265814119	815.767259604518	1.5679977201319844	2.4586168503391006	665476.2218426651	840.227396750553	777.1890341352123	1.123504	19.689199	0.0503546493549472	0.0320910232299195	0.0212503164	-0.0390252316	0.223056079	-0.0505597958	0.08313562	-0.1435032791	0.0624565078	-0.1578859119	0.1486371442	0.078939118	-0.1114695934	0.0181016698	0.0515490037	0.1380954692	-0.0491393972	0.0164105356	0.1372544028	0.0422716217	-0.1712453623	-0.1175196012	0.0301788128	-0.0585645172	0.1157767367	-0.1307400766	0.1123381473	-0.0280636336	0.0691853504	0.0733305456	-0.1485093963	0.0673894566	-0.0805687171	-0.091872651	-0.0662731894	0.0418356289	0.0990248372	-0.1344665105	-0.2261806874	-0.0049798258	-0.0349051423	0.0211486515	-0.0366646293	-0.1148776541	-0.0988489555	0.0505654014	0.0372957785	-0.1721599385	0.0361508949	-0.0626337285	0.0532936834	-0.0698278672	-0.010387853	-0.0137803127	0.0208368905	0.0906012051	-0.0817427272	0.0293509686	-0.2053837494	-0.0266677669	-0.0316330663	-0.0090023106	-0.046715561	0.1540015663	0.0250594587	0.0941494491	-0.0126797495	-0.0681230295	-0.1060389812	-0.0973566864	-0.1192844423	0.088863921	-0.0572188412	-0.0529454303	-0.0795957678	0.2218605272	-0.0149751902	-0.0067289701	0.0573103394	-0.0950243838	-0.0743618152	-0.0953543987	-0.0100530674	-0.1997432644	0.0456319914	-0.0727797762	0.2145044126	-0.1216909874	-0.134291957	-0.0989621159	-0.0633742738	0.1560302729	-0.037933798	-0.1640734476	0.0722437043	0.0180163808	-0.0064704673	0.0659932282	-0.0266911465	-0.0643062039	0.0462662183	0.0672025506	-0.2065985644	-0.0840311122	0.1364372421	-0.0281186672	-0.0253849676	0.1415822454	0.0840964944	0.1332757981	-0.0504987571	0.0007629072	-0.0162908102	0.0976067415	-0.063080731	-0.0674542747	0.1289999139	-0.0586099215	-0.0507985162476387	0.0001507574550316	2.272781024763331e-08	0.0025804892529616	-0.0365224456095063	0.0254633655577833	0.0006483829855293	0.0013338890332993	0.030158831220433	0.000121605490598	1.4787895343603906e-08	0.0009095551005825	-0.0049139976222022	-0.0003939552094576	1.5520070705886025e-07	2.414737263100888e-05	4.299860302126035e-05	9.770016369348156e-05	1.8488798617799398e-09	9.545321985733092e-09	-0.0010164027480081	7.230438795000765e-07	5.227924516825211e-13	1.033074546158417e-06
833.8838497572452	-0.7697894430062888	0.5925757865639324	695362.2748859639	1178.260302671452	-0.2937154081678272	1388297.340851422	0.0862687409951933	814.5909218670201	-1.1763377374978743	1.3837704726616182	663558.3699881617	839.3961926811063	776.0770359482876	1.090898	19.117792	0.0344241796332694	0.0216158981749443	-0.0377014097	-0.0660283999	-0.0834304853	-0.0884069916	0.1230377945	0.1049286671	-0.098162196	-0.0295591139	0.0152564063	0.002854016	0.1049985014	0.0339102495	0.0174391999	0.1889477558	-0.0120335986	-0.0533472422	-0.1384395478	-0.14587261	-0.152823071	-0.0460134053	0.2524597743	0.0390188654	0.0538191114	0.0417083133	0.0252718271	-0.15048568	-0.0603219976	0.0140879168	-0.1079825361	0.0706371356	-0.1952852286	0.0863198669	-0.0213345282	0.0076067083	0.0418035341	0.1572121493	-0.0036881033	-0.1064201528	-0.0799555	-0.1398967296	0.0175230994	0.1345927891	0.0679643604	0.0023278461	0.0304998779	-0.0592771118	-0.0927005863	0.0209057797	-0.0122296273	0.0596205292	0.0024601501	-0.0141519435	-0.0088652438	-0.0685371389	0.0706586154	0.1510487511	-0.0227234124	0.0246481109	-0.2244925215	0.0079288562	-0.0098204828	0.1384591399	-0.1359819437	0.0130457087	-0.0384528121	-0.004468502	-0.0941560059	-0.0177752221	-0.0934370402	0.139084505	0.1451844798	-0.2315791835	0.1833278276	0.0152391694	-0.0263787063	0.0805740635	0.0497519592	0.1916026186	-0.0789037034	-0.0474863633	0.0073459238	0.0013692837	-0.0358166555	0.1853221359	-0.1012200763	0.0200207215	0.1013404578	-0.0156195058	0.0610672827	0.1748778285	-0.00434277	0.0258910015	-0.1306057058	0.0526329623	0.015058659	-0.0583776047	0.0706110753	-0.0537512673	-0.0246453204	0.1145064934	-0.2129548583	0.1365430938	0.0497757255	-0.0689581807	-0.0707747782	0.0985364915	0.0808458255	0.0873706677	-0.0698391	-0.0116487737	0.0586032194	-0.0475782265	-0.0660076536	-0.0616009311	0.1289999139	-0.0703125971	-0.0508827387762949	-8.422252865619706e-05	7.093434333243935e-09	0.0025890531053766	-0.0416070821208478	-0.0050846365113415	2.5853528452467063e-05	0.0017311492826109	0.0446367143539987	0.0144778831335657	0.0002096091000291	0.0019924362683204	-0.0051540327879313	-0.0002400351657291	5.761688078659658e-08	2.6564053979070893e-05	-1.1879026958760974e-05	-5.4877629980021325e-05	1.4111128148697002e-10	3.0115542722241354e-09	-0.0010170387014931	-6.359534850000712e-07	4.044368350837358e-13	1.034367720334771e-06
833.2249513425	-0.6588984147451811	0.4341471209537126	694263.8195397116	1177.2861319473109	-0.9741707241412314	1386002.636475461	0.9490085997738512	814.210646909033	-0.380274957987126	0.1446090436721105	662938.9775400261	838.3523204284029	773.9265031326648	0.998598	17.500252	0.0155032188002381	0.0106146082804559	-0.0085291952	-0.138093045	-0.0754479511	-0.0324708303	-0.1486553928	0.0019541384	-0.0752632615	0.0461669565	-0.0996092971	-0.1176237986	-0.0831893634	-0.0364477334	0.0605870729	0.0783686034	0.0321326667	-0.1118212653	-0.0020176189	0.0911228185	0.0394037708	0.1899787439	0.2510972472	-0.0028924358	0.0271074426	-0.051245012	0.0877779219	-0.1946451758	-0.023525499	0.1732860238	-0.0169185591	-0.0189275711	0.0728857374	0.0915918697	-0.0269762748	0.0552967542	-0.0758900028	-0.0210983577	0.0937061869	0.1264397429	-0.0717431831	-0.0935099872	-0.055579082	0.2123546564	-0.1726967242	0.0421089088	0.0689063378	-0.0149266238	-0.0082591627	0.0620126447	0.1044996818	0.0303406666	-0.0339696549	-0.0547223764	-0.0117401434	-0.1040340869	-0.0613535231	-0.1170583662	0.0742928616	0.0090686417	-0.2057733247	-0.0789871295	0.1450873131	-0.0633623462	0.0162075228	0.0168363953	0.0233649639	-0.0033108785	-0.2332633418	0.0444222127	-0.0880447233	0.0423082611	0.1188095233	-0.036511637	0.0516884966	-0.1295263541	0.0334051469	0.1507356679	0.0480121701	0.0911661743	-0.0299019301	0.1393124041	-0.0524947577	-0.0240036898	0.0883217178	0.1881080508	0.1477209623	0.0063294718	-0.1313159542	-0.0455813711	0.0966505922	0.1284862765	0.1424606075	0.0471622568	0.1204225912	0.0253188561	0.0263577261	-0.099374086	0.082502478	0.0751438969	-0.0290582979	0.2671752981	0.0571793373	0.0295887904	0.0622402868	0.0030950151	0.0329596676	-0.0840086906	-0.0680356973	0.0274638914	-0.0356438378	-0.1323887432	0.0689108966	0.1441504031	-0.0688893378	-0.0555787436	0.1282045865	-0.0812449131	-0.0508789246017329	3.81417456200156e-06	1.4547927589419791e-11	0.0025886649686288	-0.0487044932933145	-0.0070974111724666	5.037324535105512e-05	0.0023721276669585	0.0523383625300155	0.0077016481760168	5.931538462714296e-05	0.0027393041923233	-0.0051680324848607	-1.399969692939939e-05	1.9599151411503468e-10	2.6708559764575457e-05	-1.1871901981708176e-05	7.124977052798715e-09	1.4094205666328651e-10	5.076529800290827e-17	-0.0010170387851305	-8.363739995714825e-11	6.99521467159198e-21	1.034367890459723e-06
832.6189160328341	-0.6060353096659128	0.3672787965618588	693254.2593356917	1174.310690811	-2.975441136310792	1379005.5985530082	8.853249955650456	814.8294283593923	0.618781450359279	0.3828904833087329	663946.997320494	839.0122310429242	764.6894712817762	1.130198	19.806517	0.0468655582660102	0.0252314319003584	-0.046097274	0.1513580902	0.0684937401	-0.0715795097	-0.015050205	0.0592570484	0.1043852106	0.0056729153	-0.0666171854	0.0960839843	0.0735396869	-0.0811217899	-0.1695945174	-0.0331041186	0.0258630146	0.1599942184	0.1471112056	-0.0338227027	0.0072545329	0.0613142598	0.0936699434	0.0412103472	-0.0739914437	0.0631846248	-0.0202817533	-0.0486589111	-0.1371986979	-0.1281295727	0.0611059612	0.0391773188	-0.0657572542	0.0053167615	0.0317474498	0.0132807359	-0.1401121536	0.0220692412	0.0395240524	0.0625804594	0.1154894751	-0.1353015217	0.0431638641	-0.0194989818	-0.0697242309	-0.0408115186	0.013692394	-0.1150795004	-0.0997662977	0.0818756252	-0.0200247473	-0.0201421066	0.0273865505	-0.0673680275	-0.0264218582	0.1760034403	-0.0368249651	0.029610345	0.0458377341	0.033459557	-0.0405971606	-0.096194395	0.0833988337	-0.0206137718	-0.124770998	-0.0066529237	0.036414783	-0.0566433275	0.0334160925	0.0763050159	0.2300561346	0.0070962525	-0.0038004249	0.0258605059	0.0665324847	0.03905145	-0.0032995404	-0.0388683774	0.0373734949	0.0860949805	-0.0576065401	0.1404527155	-0.0338462603	0.0156786289	-0.0871496191	-0.0078142603	0.0741158767	0.1052121348	-0.0603800545	-0.0811638763	-0.0874924215	0.1003891397	0.1249033022	-0.0967430731	-0.0902887484	-0.0169233118	0.0871648446	-0.0464905422	0.0199030344	0.0172258434	-0.0194125998	0.1431465507	-0.0370581546	-0.1447799655	-0.0212481647	-0.066306769	-0.1060466335	0.050918048	0.001254457	-0.1827062223	-0.1089166598	0.0031397237	0.1026747408	-0.0453744006	-0.0717238087	-0.0494042187	0.1266188352	-0.0912870929	-0.0509936824921055	-0.0001147578903726	1.316937340277016e-08	0.0026003556541056	-0.0595614427069222	-0.0108569494136077	0.0001178733505696	0.0035475654573299	0.0374961254271752	-0.0148422371028403	0.0002202920022169	0.0014059594220504	-0.0049080273353479	0.0002600051495127	6.760267777317323e-08	2.4088732324522208e-05	-1.2896817480401168e-05	-1.0249154986929926e-06	1.6632790112278114e-10	1.0504517794611057e-12	-0.0008570365729582	0.0001600022121722	2.560070790002968e-08	7.345116873879361e-07
833.2009781032277	0.5820620703935901	0.3387962537908727	694223.8699121753	1178.9118112780384	4.6011204670383	1389833.0587708652	21.170309552198734	815.0424983425612	0.2130699831689071	0.0453988177275983	664294.2741044839	839.7158381661294	774.8993372480999	1.043147	18.280972	0.0789091173251495	0.0483258505442319	-0.0678714048	-0.0422007888	0.0079532357	0.1398567806	0.1404747828	0.0703860505	-0.0703144434	0.0958403354	0.1085674134	0.1160023378	0.1084689802	0.0753241607	-0.1564797687	-0.0197544952	-0.1051908498	0.0455210176	-0.0566252202	0.0587518427	0.0391313743	-0.179604105	0.112805946	0.0585646189	-0.0025872408	0.0159081776	-0.0633683674	0.1263193056	0.0359607803	-0.0852125467	0.1344789312	-0.019253687	0.0295156025	0.0472665066	0.0082088955	0.0741350776	-0.0077335637	-0.1490913121	-0.0168872241	-0.0412421602	0.0269097757	0.0279083819	0.0406807836	0.0209365304	0.0820603844	-0.0632451394	-0.0460401204	-0.0668836598	0.1280700582	0.0518450575	0.0659437614	-0.1011026986	-0.0006788711	0.0234720819	0.0984979287	-0.0287442542	0.135424646	0.0039669006	-0.0932105664	-0.0103213197	0.0755378993	-0.0353675693	0.0413926453	0.0035529125	-0.200059218	-0.099676325	0.0050824494	-0.2017918769	-0.0135923521	-0.1226261916	0.0483332989	-0.0876844883	-0.0647160939	-0.0528841265	-0.042123502	-0.0124048165	-0.0095882757	-0.0524817085	-0.1412483049	-0.0912461072	-0.0149354693	0.0653557965	0.0166106922	0.0100457692	0.0511834718	-0.0362884026	-0.0294835325	0.0213281698	0.0755496939	-0.032231033	-0.0596273777	0.1633329363	-0.1148849223	0.1032266889	-0.0512926994	0.0537166264	0.065370734	-0.0270171071	0.0245704994	-0.0072447819	-0.0993540758	0.0896716671	-0.1281775366	-0.0878209814	0.0885465768	-0.0794485225	-0.0085796181	-0.0130879041	-0.0519019193	-0.0455192229	-0.053706236	-0.0718690903	-0.0296073592	-0.0830585497	-0.0745091236	-0.0430942802	0.1242524367	-0.1003291122	-0.0509889784134003	4.704078705203285e-06	2.2128356464747016e-11	0.0025998759196422	-0.0144361164890796	0.0451253262178426	0.0020362950662667	0.0002084014592862	0.0222589338078549	-0.0152371916193203	0.0002321720084438	0.0004954601342624	-0.0051980316147805	-0.0002900042794325	8.41024820892212e-08	2.701953266825757e-05	-1.2064607336270685e-05	8.322101441304835e-07	1.4555475017839643e-10	6.925737239936801e-13	-0.0009370379915671	-8.000141860889994e-05	6.400226979436441e-09	8.780401976401045e-07
831.5704907617452	-1.6304873414825352	2.658488970734785	691509.4811057297	1178.765226226492	-0.1465850515464808	1389487.4585607927	0.0214871773368844	814.3138468981632	-0.7286514443979968	0.530932927423287	663107.0412500852	839.0259132032694	777.5399835335191	1.160343	20.334805	0.0830613070413238	0.0506903939663177	0.1536528662	-0.1664176192	0.0217781514	-0.0197646186	-0.0690532285	0.0421402907	-0.1812228631	-0.0190473174	-0.0723933428	0.0401240436	-0.0544884229	-0.1305089008	-0.0792152415	-0.0833829177	0.0399972603	-0.1725269495	0.0104546838	0.0532798891	-0.0533250055	0.0904389311	-0.1465328497	0.117089933	0.1889129435	-0.0343902232	-0.0842467307	-0.0318975271	0.0227004996	0.0102917339	0.0095842564	0.056357208	0.1060031259	-0.0094589919	0.015034837	0.0517999003	-0.1370260464	-0.0514768541	0.0834563343	0.0575277633	0.0025510679	-0.0032191466	0.0138050312	-0.0745640333	0.0640693936	-0.039560314	-0.1290252557	0.082717578	-0.098635374	-0.0064942564	0.1727244191	0.1657413887	-0.0359285033	-0.0392839089	-0.0163524823	-0.1460839986	-0.1365725243	-0.014290048	-0.0160189016	0.0983847503	0.0210510462	-0.1006767554	-0.1716270617	-0.0027156997	0.0681593805	0.0804836744	0.0725037665	-0.0432669592	-0.0042434616	0.1759178852	-0.0854121788	-0.120424284	-0.0926769308	0.1510089867	0.027400985	-0.0629916681	0.0264139981	-0.0174996803	0.0605166899	0.0581899271	-0.0414635452	0.0290130423	-0.0438684801	0.1110179844	0.0308283037	-0.1494983866	-0.043274126	0.0626652211	0.0675201623	0.0487182124	0.1231035343	0.050270596	0.0417268661	-0.0553864542	0.1019137257	0.1297450806	0.0530033735	-0.0795918649	0.0089585442	0.0215638645	-0.1173268265	-0.0350180509	0.0635608361	0.046364121	0.0842374643	-0.0800677584	-0.0878046565	0.1398267583	-0.0492775145	-0.0663207804	-0.0141458961	-0.1327177741	-0.0766606562	-0.212198383	-0.0772433738	-0.0366662233	0.1211199807	-0.1082719048	-0.0508738412926135	0.0001151371207867	1.3256556583073828e-08	0.002588147727866	-0.0580423512506342	-0.0436062347615546	0.0019015037100798	0.0033689145387019	0.0482430149703887	0.0259840811625338	0.0006751724738611	0.0023273884934331	-0.0050110267052497	0.0001870049095307	3.4970836188622614e-08	2.5110388640725665e-05	-1.19517771925981e-05	1.1283014367258545e-07	1.4284497806150808e-10	1.2730641321176272e-14	-0.0010170373318216	-7.999934025450012e-05	6.399894441155282e-09	1.0343649343187995e-06
831.0204220046797	-0.5500687570654463	0.302575637499525	690594.941788836	1172.6076748248229	-6.157551401669025	1375008.7590580776	37.91543926419617	814.0390566229399	-0.2747902752232676	0.0755096953572791	662659.585707566	838.2331530746676	759.7898136316344	1.217451	21.335606	0.0745786484092421	0.0508619189695821	0.0825438124	0.1810840395	-0.0453537464	-0.015049673	0.0131969562	-0.0464344871	0.0567997561	-0.0633247718	-0.0990394927	0.0065057558	0.0993312455	-0.0044346218	0.0496768286	0.0758569517	0.075112691	0.1500242009	-0.011955837	-0.0246613572	-0.0530243744	-0.0685147925	-0.058319579	-0.0130435267	-0.1517105143	-0.0224732423	-0.007627933	0.0050632345	-0.0358084159	0.0290172672	0.0321183372	0.0295944249	0.1145568557	0.0802316816	-0.141358512	-0.1094763424	-0.0989847298	0.2209347351	0.0347053677	-0.0314758938	0.1122335946	0.0452694554	0.0741817956	-0.0776896363	0.1310859362	0.0447871228	0.0832886371	0.0707632813	-0.0996003073	-0.0045346085	-0.0105941313	-0.0173739214	0.0560253819	-0.0414540341	-0.0705690459	0.1101607813	0.0225692365	0.00428563	0.0533868542	0.0749121271	0.1049075386	0.0599832914	0.0848940364	0.1037266184	-0.1595572942	0.0456451644	-0.0827462134	0.1015261804	0.083153874	-0.0306525957	0.0410624283	0.001226714	-0.0024267196	0.0446908599	0.1364192838	-0.1051311994	0.0234364707	-0.1391539767	0.0919462012	-0.1360387038	-0.1121988873	-0.0918241133	-0.1373804345	0.0615614589	-0.0373618618	-0.028348793	-0.0424621957	0.058810426	-0.0470320003	0.1132287366	-0.0674119681	-0.0367224205	0.0732648631	-0.0234448142	-0.1131164583	0.1351543995	0.2265104017	0.0022742608	-0.0593619685	0.0667396068	0.0027960908	-0.0757041609	-0.0356344841	0.0256157859	-0.018578262	-0.1055997106	-0.0450603461	-0.0870620136	0.0207217784	-0.0979914633	-0.017697323	-0.091636301	-0.0544861529	0.1350747308	-0.0799246852	-0.0301376669	0.1172407796	-0.1150284477	-0.0509838285548625	-0.0001099872622489	1.209719785703012e-08	0.0025993507741116	-0.1042366822031226	-0.0461943309524884	0.002133916212148	0.0108652859167147	0.0395790324524796	-0.008663982517909	7.506459307063447e-05	0.0015664998098744	-0.0046190218599314	0.0003920048453183	1.536677987530245e-07	2.1335362942524127e-05	-1.2151045246211469e-05	-1.992680536133696e-07	1.4764790057547835e-10	3.970775719086073e-14	-0.0010170344916616	2.840159999979025e-09	8.066508825480855e-18	1.0343591572293693e-06
833.0747718749426	2.054349870262854	4.220353389449005	694013.5755344876	1179.4856161530486	6.877941328225688	1391186.3187119367	47.30607691451495	815.0652125597843	1.0261559368443611	1.052996006720929	664331.3007251264	839.2773784606896	769.6717329749765	1.023414	17.935141	0.0932110489729792	0.0702412571111901	-0.0054293587	-0.0405321435	0.0198872193	0.0856560896	0.0708482631	-0.1041452283	0.0046642603	0.0286661919	0.1447142169	-0.0075979557	-0.0173286197	0.0798882163	-0.1157298561	-0.0899262969	-0.017336249	0.0566048527	0.0341995986	0.0620509862	0.0784464203	-0.1957929202	0.070624886	0.1015510559	-0.1268004502	-0.0675351841	0.0625161879	-0.0242083767	0.0987997766	0.0509192271	-0.1524277623	0.0662193366	0.0118927808	0.048025021	0.0848518283	-0.1141934813	0.0660075791	0.1034612258	-0.0739431652	0.061895882	0.0814227343	-0.0067206926	-0.0932895918	0.0402417054	0.0323045397	-0.1045331801	0.1569652206	0.120768134	0.0270897393	0.0433455624	-0.0443896051	0.0110195529	-0.0835577686	-0.1137753869	0.0283099718	0.029126306	0.076185272	-0.0593855144	-0.0979840614	-0.1053776229	0.0911781282	-0.1056248316	0.1410404343	0.1494143951	0.0019560071	0.0324317726	0.0292071601	0.0597614674	-0.0189950342	0.0826323646	0.034524973	0.1240382854	0.0245759246	-0.0062504709	-0.114897869	0.0152909979	-0.1213318352	-0.1313747006	-0.0035682881	-0.0193026053	-0.1195079466	0.0424268541	-0.0400916446	-0.0364608422	-0.0026393626	0.1449659007	-0.1128926474	-0.0211100838	-0.1126435739	-0.0448501256	-0.0455946433	0.0527884729	-0.1119077028	0.0277189635	0.0413369535	0.1299248697	0.0643561952	0.0889344369	-0.048350649	-0.0045859553	0.0713291646	-0.0325946324	0.0503473856	-0.0137941915	-0.0626451419	-0.1032541163	0.0592082762	-0.1039719196	0.049262514	0.1323040455	-0.1104276386	-0.069426333	0.0625612511	-0.0090023834	-0.0825512202	-0.0235265052	0.1126387502	-0.1205247148	-0.050909019260132	7.480929473049902e-05	5.596430578074669e-09	0.0025917282420284	-0.0352058076186381	0.0690308745844845	0.0047652616458988	0.0012394488900805	0.0306771721947498	-0.0089018602577298	7.924311604814933e-05	0.0009410888938663	-0.0047081321655339	-8.911030560250065e-05	7.94064656457106e-09	2.216650848813493e-05	-0.0002261044856373	-0.000213953440391	5.1123238425308e-08	4.577607465518307e-08	-0.0010180408423887	-1.0063507270999337e-06	1.0127417859345653e-12	1.036407156771494e-06
832.6052510890282	-0.4695207859143693	0.220449768405647	693231.5041410237	1177.504435588404	-1.9811805646445464	1386516.695830366	3.925076429725284	814.4826936755501	-0.5825188842342186	0.3393282504894789	663382.05829698	839.3936262336397	772.3189641198446	1.06247	18.6196	0.0605192326515149	0.0397638108470417	0.0485095254	-0.0121873593	-0.0269783153	-0.1403096967	0.0415626918	-0.0958379802	-0.0487333805	-0.1535191707	-0.0098008274	-0.1023740481	0.0291642775	-0.0575400227	-0.130760614	-0.0848224664	0.1319409857	-0.0815866535	0.1136627417	-0.0437411614	0.0389817846	0.0557125882	-0.0709809919	-0.0305075184	-0.029235819	0.1668186615	0.1724702652	-0.0308161682	-0.0829397702	0.0247051632	-0.143512996	0.2301863856	-0.0246904334	0.0634161047	0.0406941823	-0.0438822184	0.1538703977	-0.0841563185	0.0483940102	-0.0672206933	0.0054051847	0.0881527287	0.1006567636	0.0995588423	-0.003961471	0.0153540659	0.1239482241	-0.0306826125	0.0720623103	0.0037112734	0.1156908988	-0.0382875618	-0.0207056511	0.1595087557	-0.1518140532	-0.0168212866	-0.1422542301	0.0293010748	0.0498008638	-0.0486353753	0.098442502	0.0700179035	-0.0453130539	-0.0252857	0.0073735034	0.0332903074	-0.0133929298	0.0062081975	-0.0993259425	0.1429165856	0.0233093595	0.0645988576	-0.0892425777	-0.2803495581	-0.0080837418	0.0397448354	-0.1333254047	-0.0803910261	-0.0393795344	-0.0410668953	-0.0635326546	-0.0304269847	0.0172925349	-0.1379096027	0.0431663194	0.1569129076	0.0672967627	0.1454051185	0.0672091702	0.0812423232	0.1287924446	-0.0803587777	0.0652205351	-0.0638161011	-0.0103120546	0.0806681317	-0.0325008512	0.0563570186	-0.0681462025	0.0456941562	0.0450400204	-0.1001858619	0.1000766423	0.1011921087	-0.0528303699	0.073753955	0.0519128855	0.0731895221	-0.0638197989	-0.1601913833	-0.0846344872	0.0003063518	0.0537350665	0.0800724468	-0.0851211787	-0.016850859	0.1073422654	-0.124700488	-0.0508137502073822	9.526905274979958e-05	9.076192411844096e-09	0.0025820372101382	-0.0725139733388005	-0.0373081657201624	0.0013918992294031	0.0052582763293802	0.0255881853624728	-0.0050889868322769	2.589778697908867e-05	0.0006547552301442	-0.004562025080085	0.0001461070854489	2.134728041837218e-08	2.0812072831324552e-05	-1.2680011850285666e-05	0.000213424473787	1.607827005233849e-10	4.5550006011263966e-08	-0.0010170361806981	1.0046616906000776e-06	1.009345112559406e-12	1.0343625928489782e-06
834.3716791709544	1.7664280819261649	3.1202681686173497	696176.099002558	1175.5222414940904	-1.982194094313627	1381852.5402472906	3.92909342753182	815.4323995206045	0.9497058450543818	0.9019411921304576	664929.9981879307	839.0262882141001	764.4589711152306	1.103774	19.343435	0.021502872650995	0.0157891166319469	-0.1645126383	0.0642308421	-0.1028601291	0.0211629774	0.0001114376	-0.090778122	0.118610472	0.0716129244	-0.035983912	-0.1518581845	0.0904525062	0.0496827517	-0.0168846053	-0.026325703	-0.0842236825	0.0866762325	-0.0901090426	-0.1146135852	0.1919763402	0.0057632458	-0.0461196442	-0.0455933408	-0.0275002784	0.0390976488	0.0355979264	-0.0100501318	-0.0541630692	-0.0831510264	0.0258677903	0.0331789588	0.1020234669	-0.0360021147	-0.1710693646	0.0262089597	-0.1640881962	-0.0390853598	0.0089122951	-0.0769353219	0.0345507896	0.1285418705	-0.01260269	-0.0964263508	-0.147548856	0.112714843	-0.0424569067	0.1498445951	-0.1282600597	-0.0968454743	-0.0692796605	-0.1150400158	-0.0917827656	0.1512983591	0.0396713369	0.0377172182	0.1438490393	0.0021650337	0.1432089464	-0.1808676401	-0.0209843464	0.0961339585	0.0239806976	-0.0204027071	-0.0343466624	0.0125911245	-0.0275546316	0.0611124373	0.1091111183	-0.0224328605	0.0227634979	0.0251152679	-0.1842405972	0.09778278	0.1079332738	-0.099662389	0.0163643961	0.0569904921	0.1453428277	-0.0863614594	0.1691897789	-0.1493047229	0.0363811378	0.0689995816	0.0114726282	-0.0402354378	0.0304112133	0.060019118	-0.0046590487	0.0815842151	-0.0574429921	-0.0810300804	0.0876254405	0.167975422	-0.0777605709	-0.0129339678	-0.0317753733	0.1525390845	-0.0543289012	-0.0144347168	0.1472103105	-0.1951367978	-0.0728186649	-0.1500647859	0.0162817658	0.0158404878	-0.019147857	0.0551970613	-0.1610141129	0.0607848429	0.0793821451	-0.0304740174	-0.0573029779	-0.1342256603	-0.0876327994	-0.0101290257	0.1013839798	-0.1275100165	-0.0509273368628839	-0.0001135866555017	1.2901928308061964e-08	0.0025935936399456	-0.0756525464906161	-0.0031385731518156	9.850641429297755e-06	0.0057233077905148	0.021045122225388	-0.0045430631370848	2.06394226675388e-05	0.0004428971694815	-0.0042880189777934	0.0002740061022915	7.507934409303472e-08	1.838710675391636e-05	-1.2819608891545542e-05	-1.395970412598757e-07	1.6434237213219351e-10	1.948733392851144e-14	-0.0010170288858991	7.294798999883321e-09	5.321409244869869e-17	1.0343477547531648e-06
835.2738730685093	0.9021938975548665	0.8139538287852409	697682.4430308681	1180.1278119431329	4.605570449042489	1392701.6525216864	21.21127916109343	817.0467293944881	1.614329873883662	2.60606094171324	667565.3580142299	841.1775033778051	776.3475313467573	1.056651	18.517618	0.0781576395988574	0.0388805809919709	-0.197076728	-0.1005443898	0.0984600329	0.1074953786	-0.0359491914	0.061733437	0.0352048235	0.1224655919	0.2134447731	0.0248327999	-0.1730463187	-0.071884363	-0.0597506566	0.0210172794	-0.2294127723	-0.0690039379	0.0326708682	-0.0075978679	0.0668632517	-0.1112170103	-0.0660190455	0.0742421386	0.0304133183	-0.0675812563	0.0277087437	0.0530023508	0.1138748983	-0.0941555855	0.0229148293	-0.0781829658	0.0272176339	0.0061417257	0.210735048	0.0370503849	-0.0056349061	-0.1391165583	-0.0589656654	0.1362202018	0.1586065246	-0.0271748152	0.1992132183	0.0416034678	0.0190958689	0.1290492555	-0.023509866	0.0852541617	0.0507257611	-0.1021947403	0.0482208544	0.031609696	0.2127498216	0.0010429975	0.2135451704	-0.0211321454	-0.0247484797	0.0257701844	-0.0753645383	-0.1113469335	0.100179048	-0.077465459	-0.0554062583	0.030218689	0.1150697053	-0.0129860749	-0.0300351227	-0.0832082817	0.0612420249	0.1180760743	0.0413273119	0.0249880331	0.0933829293	0.1376547545	0.0592028113	0.0632430242	-0.006220833	-0.0565807186	-0.1469149209	-0.0844590195	0.1758651575	0.1067706234	0.082576352	0.0982338856	0.1930980878	-0.0321534108	-0.0062241358	0.1097280537	0.0596755033	-0.0238388984	-0.1059357908	-0.0343688725	-0.0559754272	0.0776590594	0.040178363	0.0949687878	-0.1694540217	0.0955447662	0.1006119556	0.0919288083	0.0260885505	-0.1959837813	0.0572769226	-0.0267022567	-0.1470187237	0.0170400322	0.1694717275	-0.0181975667	-0.1116441903	-0.0470842881	0.0153705517	0.1274008112	-0.0081137467	-0.0599647206	-0.090084361	-0.0033794295	0.0948006283	-0.1289225186	-0.0510187922920408	-9.145542915690168e-05	8.364095522273064e-09	0.0026029171669384	-0.0491917163714674	0.0264608301191487	0.0007001755305944	0.0024198249595708	0.0013414123266315	-0.0197037098987565	0.0003882361837743	1.799387030038934e-06	-0.0046210258649593	-0.0003330068871659	1.1089358689992249e-07	2.135388004462285e-05	-1.3852498323752016e-05	-1.032889432206474e-06	1.9189170980955238e-10	1.0668605791638124e-12	-0.0007130357794613	0.0003039931064378	9.24118087617037e-08	5.084200227919836e-07
831.9797519984111	-3.2941210700981856	10.851233624464816	692190.3077353376	1175.9922007137968	-4.135611229336064	1382957.656139679	17.103280240210548	815.0966329136502	-1.9500964808379424	3.802876284576527	664382.5209871698	839.3793589180073	773.324089097607	1.129204	19.789097	0.0652922722935504	0.0321403057322586	0.0686906254	-0.0544694541	0.100245995	-0.0212011335	0.0162862334	0.2010880411	-0.068652294	-0.0080639101	0.047362797	0.1461572263	-0.0489048058	-0.0947950281	0.039191817	0.0233302942	-0.0128009433	-0.0505100902	0.0213290423	-0.041758616	-0.145008495	-0.0383386956	-0.08614877	0.0603204291	-0.0952067554	-0.1085030742	0.1024118666	0.0630559478	0.128311422	0.0542824321	0.077298633	-0.006224699	0.0461825548	0.0477183536	0.0214715505	-0.00486425	-0.0015412768	0.1471973249	0.1353783281	-0.0086302851	-0.0842796547	0.0439916453	-0.0369285354	0.0084540637	-0.015709591	0.1172830135	-0.2587617143	-0.1257732802	0.0712786324	0.0357627148	-0.0245328379	0.0133206849	0.1043586015	-0.193286588	0.0385229958	-0.0179924858	-0.0760617986	0.0803756746	-0.0772253599	0.1493651674	0.0974519156	0.0273163943	0.1411219028	0.1145220513	0.2060488979	-0.0565547064	-0.0892351044	-0.0333647001	0.0117327532	-0.024210817	0.0152545767	-0.0490361175	-0.0235758597	0.0259186018	0.1355164091	-0.1627692073	-0.0050109976	-0.0091421666	-0.0448028538	0.0607514066	0.1078324485	-0.0629748613	0.0715277528	0.089277673	-0.0936589903	-0.1202252854	-0.0376621414	-0.1892397188	-0.0057142482	0.0063581428	-0.0181907976	-0.0210085386	-0.1396502687	-0.1450475715	0.0348091609	-0.0234119229	-0.0726549417	0.1198599467	-0.030931776	0.0724090282	-0.0304641996	-0.2645998762	-0.0240548685	0.1766071661	-0.0211604999	-0.2019247733	0.025803433	-0.0375732001	-0.0465619241	0.1082937614	-0.0484916647	0.0481327213	-0.0206088775	0.0240272484	-0.0924741833	0.0033794295	0.0876327994	-0.1289225186	-0.0507268606640138	0.000291931628027	8.522407544249508e-08	0.0025732143928262	-0.0327263166450535	0.0164653997264139	0.0002711093881505	0.0010710118011523	0.0258432156061658	0.0245018032795343	0.0006003383639489	0.0006678717928667	-0.0044110039189504	0.0002100219460089	4.4109217805365326e-08	1.945695557299579e-05	5.61311801523523e-05	6.998367847610432e-05	3.150709385295829e-09	4.897715253046746e-09	-0.0005123786507548	0.0002006571287065	4.026328330073691e-08	2.625318817493093e-07
832.7135552085771	0.7338032101660019	0.5384671512499296	693411.8650281079	1174.0380948253514	-1.9541058884453832	1378365.4481011408	3.8185298232569207	813.7615668091252	-1.3350661045250265	1.7824015034516285	662207.8876156423	838.2703558733194	771.112042484727	1.099264	19.264397	0.0476561298357819	0.0232268643449234	0.0711125941	0.0473167734	-0.0888799121	-0.1293047821	0.0295345464	0.0038786339	-0.0425919521	-0.1472377686	-0.0826304709	-0.0194714394	0.0967796189	0.0104847261	-0.0116982695	-0.0890145385	0.2093517761	0.0553095862	0.0141039451	-0.0851443566	0.0466067331	-0.0557550669	-0.1812653939	0.0091654243	-0.1442051115	-0.0111644674	-0.0072769215	-0.0491954479	-0.0297825754	-0.1395533333	0.0317325186	-0.0473047635	-0.0487336574	-0.0864457051	0.1270147352	0.1054324924	-0.1154394125	-0.0941865323	0.0709358869	-0.0424185183	0.0344604407	-0.0585769807	-0.179012446	-0.0281057905	-0.0079215206	0.0399699095	0.0727912792	-0.0267426903	0.0666126063	-0.2080778682	-0.0427649878	0.1423984161	-0.0309470208	0.1838247449	-0.1894615329	0.0056444018	0.0151550219	0.0351840388	0.0671064324	0.0160060992	0.1326284713	0.0803054876	-0.0260786478	0.0219575463	0.053340914	0.0452571058	0.0433042707	-0.0414919804	-0.0120472549	0.0267566746	0.2123171695	-0.0372834848	-0.078805982	0.1730048972	0.0635338985	0.1690548409	-0.0470320479	0.0412494683	-0.0609558833	0.1339761931	0.0340668345	0.0216273959	0.0806123302	0.0569295574	-0.02853498	0.0869885969	0.0222638092	-0.1362783816	0.2263998663	0.0885075868	0.1376620476	-0.0816297017	0.0119761275	-0.03941709	-0.080019255	-0.0569181942	-0.0539661005	0.2053987449	-0.0385022564	0.1616529625	0.0379484907	-0.1068618653	0.0859446965	0.0924306081	0.0559323102	0.1398359592	0.0049055194	-0.1247591035	-0.1355769705	-0.054268411	0.0929935253	-0.0685297861	0.0150999318	0.1572934792	-0.0948006283	0.0101290257	0.0799246852	-0.1275100165	-0.0397337370785066	0.0109931235855071	0.0001208487661662	0.0015787698622238	-0.0513989336735107	-0.0186726170284571	0.0003486666266914	0.0026418503827739	0.0217476626364785	-0.0040955529696873	1.6773554127514473e-05	0.00047296083015	-0.0045060213676395	-9.501744868909996e-05	9.028315555385744e-09	2.030422856562375e-05	-1.4091742573052455e-05	-7.022292272540476e-05	1.9857720874517904e-10	4.931258876098168e-09	-0.0006250350043829	-0.0001126563536281	1.269145401277953e-08	3.906687567039318e-07
833.7813409618279	1.0677857532508597	1.1401664148455055	695191.324536104	1177.1772696898156	3.1391748644641666	1385746.3242743688	9.85441882968362	814.8935409384145	1.1319741292893468	1.281365429380375	664051.4830631474	838.7244564674552	772.8506961497226	1.029165	18.035931	0.0410291721582903	0.0213944239491918	-0.1460213887	0.0112579447	-0.0884456037	-0.0138170729	-0.0113569078	0.0172183443	0.0566057757	0.1301763995	0.0046553683	-0.0705404754	0.1332616764	0.0479631506	-0.0472373887	-0.1068068694	-0.0297140476	0.0705003417	-0.1108446287	-0.0410390509	0.0793834584	-0.0395543752	-0.0954478641	-0.0707089644	0.0500562241	-0.0968370648	-0.0254024864	-0.1306782649	0.08273266	-0.0270877501	0.1829705715	0.0598569795	-0.0472034126	-0.0546152851	-0.1229169045	-0.016864077	-0.0324238282	0.0924812195	0.1019528183	-0.0396789621	-0.1357065309	-0.1431658134	-0.0116788763	0.2117892197	-0.0102283254	-0.1281970779	-0.0536111609	-0.0671603177	0.0277160501	0.2209329621	-0.0466356049	-0.0032712455	0.1293316871	0.0444108713	0.0269256544	0.0324628364	0.1366318033	-0.0304494276	0.0500963268	-0.0182074443	0.0456296135	0.1399006051	-0.0751167977	0.0650106933	0.0891329893	0.0556673009	0.053761908	-0.0792436731	0.006867569	-0.0644249807	0.0698099068	-0.1763226375	0.132219812	0.0007439857	0.0435740057	-0.1866240009	-0.0184263829	0.2067387881	0.0684952257	0.0855913208	0.0037499979	0.0204099419	0.1362841639	0.0466519121	-0.0977851196	0.012890304	-0.0547933296	-0.0575755911	-0.0503384324	-0.003636047	-0.0797344462	-0.0674887064	0.0243779667	0.0988080459	-0.0856683014	-0.1001098238	-0.1516783345	0.1746636446	-0.0216502837	0.0646904679	0.0276076899	-0.1593308608	-0.0171078309	0.0175111718	-0.0108008144	0.0363536795	-0.1713218911	-0.0596049035	-0.0591794744	-0.044053567	-0.0320315946	0.1521896651	0.0761622631	0.0992896893	-0.0970621018	0.016850859	0.0717238087	-0.124700488	-0.0434591799921832	-0.0037254429136765	1.387892490306316e-05	0.0018887003255929	-0.0649983851966169	-0.0135994515231061	0.0001849450817293	0.0042247900781677	0.0095780053455385	-0.01216965729094	0.0001481005585789	9.173818639916408e-05	-0.004340020894768	0.0001660004728715	2.7556156993561645e-08	1.8835781367022837e-05	-1.4782606797103526e-05	-6.908642240510704e-07	2.1852546371777134e-10	4.772933760736876e-13	-0.0005610339328671	6.400107151579995e-05	4.09613715517054e-09	3.147590738283257e-07
832.6353029630977	-1.1460379987302076	1.313403094533539	693281.5477404495	1175.819031626908	-1.3582380629075033	1382550.39513604	1.8448106355307268	814.3580509900204	-0.5354899483941153	0.2867494848311323	663179.0352122646	838.5192261024235	767.7112798173298	0.946806	16.5926	0.1279144541814916	0.0663865268417964	-0.0556412346	-0.0280113644	0.0520788008	0.1654278847	-0.047493924	-0.0237929656	0.0122432062	0.1274737081	-0.0361279246	0.1102462213	-0.0462244752	0.0692850252	0.086305653	-0.1944557753	-0.0838367504	0.0268690851	-0.0510083852	0.1419210846	0.0123305915	0.0270992315	0.1021048559	0.0464844672	0.1819595332	-0.089009659	0.0148987504	-0.165547707	-0.0339299006	0.1067086855	0.1891429238	0.0145663518	0.0872949372	-0.0278673145	0.0867772203	-0.054532142	0.1686101645	0.0894043544	-0.1150938351	-0.0898220576	-0.1640903463	0.2285359474	-0.0121899178	-0.0773758626	-0.0564617606	-0.0810272877	0.0379585723	0.1013195747	-0.1459896648	-0.0213351068	0.060180061	0.1162155762	-0.0023115006	0.1712440947	0.1349045012	0.0041373843	0.0682342309	-0.0990045678	-0.0526100152	0.0402888504	-0.0682006817	-0.1065467655	0.0047952437	-0.0470468708	0.0358204775	0.0416968942	0.0670336534	0.0136801308	-0.2466150586	-0.0582263155	-0.0631550802	-0.1381313873	0.1292744525	-0.0335983317	-0.1281617514	-0.0204933172	-0.0614915428	0.0563328583	0.1001555048	-0.1426025371	0.0289774058	-0.1215580348	-0.0087818487	-0.0884299811	-0.129068304	-0.0226285079	-0.0695272089	0.0605389052	-0.0184915939	0.2105873562	-0.1147871986	0.0474762585	-0.1245938869	0.0738192512	0.0591475091	-0.0766129265	-0.0984448716	0.1009005768	-0.0278973529	0.0290386142	-0.0800650516	0.012987471	0.1168423692	-0.0163931049	0.0752674051	-0.104407468	0.0055821269	-0.0331465914	-0.1178129329	-0.032636209	0.1675929239	0.0534867957	0.1210105658	0.037741389	-0.0992570537	0.0235265052	0.063080731	-0.1205247148	-0.0510870988076277	-0.0076279188154445	5.818514545501224e-05	0.0026098916645803	-0.0094790055458844	0.0555193796507324	0.0030824015168021	8.985154613890723e-05	0.0052173792260887	-0.0043606261194497	1.9015060153627817e-05	2.7221045988821925e-05	-0.004970158635332	-0.000630137740564	3.970735720831031e-07	2.470247686036525e-05	-0.0003359695455127	-0.0003211869387155	1.128755355120102e-07	1.0316104960149633e-07	-0.0008178398455048	-0.0002568059126376	6.594927676568197e-08	6.688620128953151e-07
834.7065748436014	2.071271880503673	4.290167202965222	696735.0660871367	1174.3290212572235	-1.490010369684569	1379048.6501669486	2.220130901767546	815.517884271305	1.159833281284591	1.3452132403753814	665069.4195663456	840.0150267670938	777.9846470914146	1.055371	18.495193	0.077366600805528	0.0424344904162667	0.0862837398	-0.1490657829	0.0604114896	0.0133773528	0.0323367272	-0.0163411974	-0.0576370154	-0.1134037279	0.0360277503	0.044141701	-0.0665988154	0.1054989323	0.0016371731	-0.0557357924	-0.0257602813	-0.1738238278	0.054531825	-0.0046611494	-0.0325399462	-0.0203459021	0.0987554822	-0.0844358528	0.0356441871	0.1177817372	-0.0399858092	-0.0455334596	0.1055246388	0.2263710545	0.0885547705	0.0007635182	-0.0065175327	0.030402765	-0.0746205753	0.0520581254	-0.0771726211	0.1728819582	-0.1465177231	0.0241495272	0.0313458246	0.0472139305	-0.0073753097	0.0233736085	0.0019168424	0.1310545469	-0.0220128365	0.0641604454	0.0463627589	0.0261965934	-0.162758134	0.0110070841	-0.1244928473	-0.0127627139	0.0117843076	-0.0960734822	-0.1330832998	0.0257698826	-0.1102202959	-0.0572263704	-0.0597677308	0.0759033551	0.0392111374	-0.0254648876	-0.1239100532	-0.0855461828	-0.1116940493	-0.0538803219	-0.0252180179	0.0202055287	-0.2187133832	0.1043564303	0.0277337784	-0.0009989871	0.0793167299	0.016713279	-0.0060084966	0.0626408854	0.0782565917	-0.1043636786	0.0848877297	0.1173501486	0.018068821	0.1169199632	-0.0178150615	-0.006875879	-0.0877141834	-0.1964750382	-0.1233082365	0.0918743791	0.0922608133	-0.0346871845	-0.1188388417	0.0200371335	0.1171980163	0.0502683407	-0.0705595327	0.1218565776	0.00207969	0.0102794305	0.0144574605	-0.0017704526	-0.0648172721	0.0573935369	0.0035155992	0.1891998807	-0.2181930945	-0.0930641795	-0.0189589551	0.1090664393	0.076003443	-0.0473919758	-0.013803846	-0.0236981806	-0.1013839798	0.0301376669	0.0540487397	-0.1150284477	-0.0421957566150865	0.0088913421925412	7.905596598486338e-05	0.0017804818763196	-0.0440385910924732	-0.0345595855465888	0.0011943649531519	0.00193939750541	0.0259528747988468	0.020735495572758	0.0004299607766478	0.0006735517103246	-0.0050522192046296	-8.206056929759963e-05	6.733937033446151e-09	2.5524918891628147e-05	-0.0004387388479951	-0.0001027693024824	1.9249177674006746e-07	1.0561529532719033e-08	-0.0008966135235976	-7.877367809280009e-05	6.205292360268093e-09	8.039158106981041e-07
833.8415808930858	-0.8649939505155544	0.7482145344285054	695291.7820262806	1177.5310834904308	3.2020622332072435	1386579.452586148	10.25320254533216	815.5379295753506	0.0200453040456523	0.0004018142142826	665102.1145760496	840.2275471478719	778.9589638865272	1.005229	17.616457	0.0552739706937056	0.0283899607311554	0.02190058	-0.0876053515	-0.0043555087	-0.1600884037	-0.0750336736	-0.053692744	-0.0162741081	-0.0257624676	-0.0275214196	-0.1253262601	-0.0767453173	-0.1165954893	-0.0472893054	0.0926215615	-0.0017506975	-0.1317512642	0.0870527873	-0.0185316059	0.0265951868	0.0908139776	-0.0260195669	-0.0385024764	0.0698267672	0.0321524635	-0.1211297602	0.0134710259	-0.0899421292	0.0008619034	0.0439035487	-0.0129743415	0.0319299165	-0.0581330849	-0.0062315439	0.1200570361	-0.0762412333	0.1822599268	-0.083778321	0.0035223894	0.2209580892	-0.0301161958	-0.0333312591	-0.1332409584	-0.0810707668	-0.0407749297	0.1165127261	-0.0720244827	0.2185472112	-0.1101771024	-0.0548898052	-0.1324314024	-0.0183207776	-0.143739524	-0.0154840669	-0.0500565776	-0.1553125308	0.0258605152	0.0876203792	-0.0242417374	-0.0190643747	-0.0110138073	-0.1413915309	-0.0421058138	-0.1038885907	0.0863973708	-0.0252714947	0.0007696578	0.008196398	0.0035563849	0.0053772402	-0.0296680077	0.0615784343	0.0619586138	-0.0064011016	0.084685828	-0.0525424894	-0.02872766	0.0636306959	-0.0863860236	0.0542897527	-0.0567863084	-0.1214037134	0.1122283277	-0.0147816593	-0.035136679	0.0120996962	-0.2648551527	0.0145525583	-0.1426881145	0.0871764261	-0.0139321453	0.0786880315	-0.0895206627	0.0590600642	-0.0385984963	-0.1436855624	-0.0031251746	0.0028777286	-0.0286124018	-0.0885270406	0.1175548611	-0.1081579248	0.1710652478	0.0434814908	0.0463085565	0.0570563942	0.0353578665	-0.0055987096	-0.0891267689	0.1736319319	0.0563527014	0.010594119	0.0196680186	-0.1034414224	0.0366662233	0.0446835199	-0.1082719048	-0.0509674625483995	-0.008771705933313	7.69428249805185e-05	0.0025976822386225	-0.0601371020052567	-0.0160985109127835	0.000259162053609	0.0036164710375906	0.0346988208350609	0.0087459460362141	7.649157206836917e-05	0.0012040081673436	-0.0053567562004051	-0.0003045369957755	9.27427817959672e-08	2.869483699057849e-05	-0.0004447729083145	-6.034060319400005e-06	1.9782293997053866e-07	3.640988393815769e-11	-0.0010191986237306	-0.0001225851001329	1.5027106774617613e-08	1.038765834614349e-06
834.4298422184099	0.5882613253240834	0.346051386872047	696273.1615846405	1176.8824985150209	-0.6485849754099036	1385052.4153109582	0.4206624703274652	814.2697211760935	-1.2682083992571052	1.6083525439462691	663035.1788241931	838.587612224962	771.3581863285035	0.991418	17.374416	0.0182859987160925	0.0129307075536201	-0.0148537743	0.1174550193	-0.0345146547	-0.1245304552	0.0090069815	-0.1279317391	0.0948394559	-0.0542196902	-0.1035925383	-0.0884523807	0.077556104	-0.019549935	0.079605717	-0.0356881843	0.1614264661	0.0883867422	0.0874195811	-0.0130744636	-0.0395553758	0.1017963901	0.0617185372	-0.0220152447	0.0304369773	0.0668006883	0.0533847985	0.0780024763	0.0471543876	0.0501428645	0.141557585	0.0389365233	-0.0403189291	0.1333674929	-0.0514222031	-0.1132108518	-0.0844764352	-0.1487046642	-0.1864994359	-0.1502475252	0.0786793232	-0.0704414643	-0.1389401757	-0.1607203942	0.1401909483	-0.0020418266	-0.0275001077	-0.130974959	-0.019567071	0.0445180453	-0.0738601301	-0.080964345	0.0250761234	0.0746508959	-0.1686060433	0.09412827	0.0069770327	0.0104780436	0.1077568272	0.0302424662	-0.077250673	-0.0734736417	0.0402819077	-0.0208927114	-0.049085813	0.0629975207	-0.2163277697	-0.1135374793	0.0199330878	-0.1676668477	0.0526217685	0.126729725	-0.0350896566	0.0834117759	-0.1088263414	0.0723817916	0.1643137082	-0.0160555378	0.2309752053	-0.0445080869	-0.0630690753	-0.1467392599	0.1233972575	0.0250164629	-0.0553269132	-0.081282263	-0.0139880884	-0.0362562564	0.1055690678	-0.0898327635	0.0364887241	-0.0591537823	0.1072048106	-0.0326583602	-0.0728838161	-0.0473235491	-0.0937526203	0.0232977658	-0.0683280473	-0.0328106435	-0.0101317538	0.1513471025	0.0505923134	-0.0970388092	0.0568661315	0.0980233289	-0.1730442521	-0.0004384114	-0.0206460453	-0.0658596141	-0.0424960137	-0.0528930176	-0.0746540512	0.0984025218	-0.1054279714	0.0430942802	0.0350428114	-0.1003291122	-0.0509744092899353	-6.946741535805712e-06	4.8257217965288296e-11	0.0025983904024578	-0.0558266825186848	0.0043104194865719	1.8579716150218798e-05	0.003116618481042	0.0315384028549061	-0.0031604179801548	9.988241809285768e-06	0.0009946708546383	-0.0051407508248874	0.0002160053755177	4.665832225254271e-08	2.6427319043580484e-05	-0.0004448832343544	-1.1032603989999086e-07	1.97921092209632e-07	1.2171835080014376e-14	-0.0010191500351316	4.8588598999940384e-08	2.360851952777007e-15	1.0386667941087416e-06
836.0300031444465	1.6001609260365512	2.560514989214153	698946.1661577031	1181.189970508064	4.307471993043237	1395209.7464288413	18.554314970851877	816.1553406462652	1.8856194701717184	3.555560786290673	666109.5400654213	839.7562431857237	776.9720077041508	1.04637	18.337446	0.0237561961585606	0.0131247727300648	-0.1966245112	0.0375537195	0.0166400661	0.0181313777	0.0966899516	-0.0389975925	0.1065632771	0.0660299317	0.1564598841	-0.0421544219	0.083367743	0.0463945772	0.0443978999	0.0570744358	-0.0595585994	0.157426271	0.0231607976	0.0034071611	0.1617413994	-0.0805853772	-0.0320301966	-0.0943337427	-0.0071406456	-0.0321372399	-0.2141117819	0.3325505475	0.1381038031	0.0187791613	-0.0212467257	-0.0691594966	0.0961873109	-0.1479705047	-0.0962052318	0.0267928149	0.0377705028	0.0382992419	0.1327493385	0.0740701473	-0.0988912852	-0.0972649925	-0.0962779586	0.036697046	-0.0343696797	-0.0073452103	0.0193168309	-0.0204960165	0.0893380741	0.000733354	-0.012614856	0.0104363036	0.0181735446	-0.0881365549	0.02666198	0.0929221231	0.1298442174	-0.0101860653	-0.0189126018	-0.1153348977	0.0587951209	0.029377298	0.0400022513	-0.103624606	0.0769635333	-0.0700930394	-0.0187521639	0.0003383308	0.331660707	-0.0202794439	-0.0583990463	-0.1845869084	0.0765356439	0.0180341877	-0.1834923671	-0.0970652603	0.0346680845	-9.12281e-05	-0.1271073027	0.0228110962	-0.009542792	0.0983728312	-0.0411226283	-0.0206536946	-0.0026953927	0.0092472882	0.1038526155	-0.1377728764	-0.0168186731	-0.1301605041	-0.0966170158	-0.0644624906	0.0318976638	0.0798440513	-0.1107039977	0.0216785101	-0.18638384	-0.0294092454	-0.0009689875	-0.0574830764	0.0556741376	0.1413169919	-0.0879036584	-0.0974298907	-0.0037062093	0.043396704	-0.1404188116	-0.0004450944	0.1199694842	0.1606688945	0.0093863329	0.0084826729	0.0622650028	-0.0557897837	-0.1073422654	0.0494042187	0.0251860523	-0.0912870929	-0.0416104037030322	0.0093640055869031	8.768460063155255e-05	0.0017314256963293	-0.0603811055627687	-0.0045544230440838	2.074276926448244e-05	0.0036458779089822	0.0245779096222875	-0.0069604932326185	4.844846604132928e-05	0.0006040736414013	-0.0050832467999378	5.7504024949600434e-05	3.306712885404269e-09	2.583939802907788e-05	-0.0004449120481162	-2.881376179997676e-08	1.9794673055895185e-07	8.302328690658001e-16	-0.0010191373879439	1.2647187700104772e-08	1.5995135672168138e-16	1.038641015505115e-06
833.7942338414804	-2.235769302966105	4.998664376085543	695212.8243873012	1183.7762351281865	2.5862646201223924	1401326.1748542634	6.688764685296823	815.7060307209567	-0.449309925308512	0.2018794089807406	665376.3285545384	840.7464498824274	780.7372521688771	1.095676	19.201527	0.0762769646061446	0.0421900492864528	-0.0464723444	-0.1185253785	0.1079786927	0.1559593335	0.0310090781	0.0481824319	-0.0411319985	0.132124319	0.14334755	0.0790856494	-0.0830216581	-0.0479431059	0.0907914041	-0.0034404108	-0.1335663997	-0.0927408734	-0.0309273873	0.0468768884	-0.0588963474	-0.0842550816	0.015640839	-0.1124509326	0.1324043811	0.0461648554	0.0166954819	0.0292149527	0.0695965387	-0.1808931488	-0.0538060269	-0.1856834756	-0.0531480111	-0.0303509155	0.1882877397	-0.0535033783	0.0925369502	0.1695685083	0.0249755555	-0.1547804275	-0.0342033349	0.0625508061	-0.0193016877	-0.1709393269	-0.0942818091	-0.1381916608	0.1244562981	0.0391420887	0.1795562143	0.0490885649	0.0811959473	0.0510057097	0.0051327749	-0.1101212177	0.1645541492	-0.0868532187	0.004766613	0.0034303085	-0.092635988	0.0057327047	0.0515088861	-0.0033335019	-0.0962732076	-0.1373396708	0.0979269383	0.0182249602	0.159611589	-0.1077119681	0.0068375583	-0.1687770241	0.1390584923	0.0120127343	0.1514581975	-0.0501220908	-0.0728731672	0.1164048884	0.0267967571	-0.201782276	-0.0747223811	-0.042245041	0.0406493834	-0.0551121527	-0.1651125819	0.0180948747	-0.1243629989	0.0397506828	-0.0351920658	-0.0712619287	-0.1565466099	0.0208196791	-0.0756460396	-0.0103896556	-0.1419785494	0.0750716052	0.070954945	0.0906968048	-0.1558096165	-0.1035867432	0.0024642214	-0.1000100694	-0.1584562781	-0.0178772073	0.0375240635	-0.0685466065	-0.1302380181	-0.1044662237	0.0496776707	0.0429367155	-0.1013074189	0.1793933433	-0.054447725	0.0298731331	0.0353450632	-0.0188018115	-0.1091829923	0.0555787436	0.0151740128	-0.0812449131	-0.0509588548358692	-0.0093484511328369	8.739353858304137e-05	0.0025968048861831	-0.0273418233321507	0.033039282230618	0.0010915941703144	0.0007475753031265	0.0246865954096122	0.0001086857873246	1.1812600366389749e-08	0.0006094279929178	-0.0055511527319795	-0.0004679059320417	2.189359612398121e-07	3.0815296653763466e-05	-0.0002381752105087	0.0002067368376075	5.672743090086355e-08	4.274012002394983e-08	-0.0010181692484858	9.681394580998617e-07	9.372940103298937e-13	1.0366686185621388e-06
831.3367140574302	-2.4575197840501914	6.0394034889981	691120.7321398054	1176.267143013551	-7.50909211463545	1383604.3917332618	56.3864643860803	813.7906895020825	-1.9153412188742325	3.6685319847186295	662255.2863202748	838.6998832547511	768.8417917295944	1.065967	18.680872	0.0913051457429482	0.0488451198024734	0.2233581899	-0.0078125995	0.0466950968	-0.0305095268	-0.0120817436	0.0513879331	-0.1219951953	-0.1097864077	-0.0135963747	0.0910833102	-0.0683857733	-0.1160173154	0.0906467008	0.0352729249	0.1143983695	-0.0838357846	-0.0177590063	0.021427643	-0.1028192525	0.0942318628	-0.1218138651	-0.0785165451	-0.0734343264	-0.004853138	-0.001162781	-0.0621636935	-0.0408193579	-0.0296882438	-0.06119313	-0.1787942025	0.0257561331	-0.1359953192	0.0562563535	-0.0228131107	0.0814641035	-0.048791416	-0.1047428027	0.1363692455	-0.0697443143	0.0420363723	-0.0288703845	-0.0332372942	0.1245793138	-0.0731980107	-0.0720035221	0.1074854923	-0.0489618319	-0.0190198831	0.0105172995	-0.0273873175	0.0223904995	-0.1324817165	-0.0717522588	-0.0726599427	-0.1195567237	0.0384258698	-0.0384739037	0.1454857047	0.0505434538	0.1317811732	0.0081626233	-0.105311074	0.0981557919	0.00878234	0.0869932535	0.1673528692	-0.0128205614	-0.0241434104	0.0201953897	-0.0505631593	0.0256829825	0.0099737894	-0.0417972499	0.1622262508	-0.0047519164	0.0668102662	-0.0768855054	-0.0421271836	-0.006730635	0.0338901123	0.0286336378	0.0321117561	0.0681910245	-0.045302189	0.0621443658	0.0470373728	-0.0335924832	-0.0192108177	0.1185437916	-0.1252746704	-0.0579133899	-0.1339552483	0.0686344071	0.00723367	0.0225948253	-0.0203499015	-0.1201819499	-0.1205752681	-0.0523212296	-0.0888117333	-0.0097969895	0.2048421804	-0.0777905757	-0.0308058996	0.0447522279	0.0153677841	0.0828289686	0.0284065106	-0.1148223188	-0.0482774837	0.0152097067	-0.0378734048	-0.1109488906	0.0616009311	0.0050684204	-0.0703125971	-0.0510746568681526	-0.0001158020322834	1.3410110680966382e-08	0.0026086205741995	-0.0678690181698442	-0.0405271948376935	0.0016424535214123	0.0046062036273386	0.0511542835694385	0.0264676881598262	0.0007005385165258	0.0026167607275025	-0.0053141607251275	0.0002369920068519	5.6165211311738404e-08	2.8240304212487636e-05	-0.0003152472618921	-7.707205138340003e-05	9.93808361304663e-08	5.940101104445454e-09	-0.0008483440924583	0.0001698251560275	2.8840583619764733e-08	7.196876992088967e-07
833.0680894573101	1.7313753998798802	2.9976607753092157	694002.4416720527	1173.3272343271783	-2.939908686372746	1376696.7988138653	8.643063084209926	813.708579585746	-0.0821099163365488	0.006742038360795	662121.6524914523	838.2121767806772	763.6623150256253	1.061618	18.604656	0.0242555257261006	0.0164066563248203	0.0329520118	0.1478653599	-0.1186922039	-0.067091359	0.0053697704	-0.0380517726	0.0751863057	-0.0663418817	-0.0592901313	-0.1108524419	0.1054284917	-0.0040656703	0.0768956543	0.0088849384	0.1635324531	0.0403842781	-0.0444444315	-0.0547597322	0.0553609173	0.169625052	-0.1217958577	-0.0815910094	0.1277808226	0.0765538611	0.1548610715	0.0913415788	0.0220523472	0.062987633	-0.0390780376	-0.0781458096	0.0533323382	0.0517251823	0.1178906593	-0.0877741898	0.2066284141	-0.0025966054	0.0637791914	-0.0869923849	0.1809148959	-0.0703951097	0.0214773818	-0.0248243389	-0.0622542085	-0.0320728317	0.0757559731	-0.0252811839	-0.0505389198	0.0347782974	-0.1357005716	-0.0863439755	-0.0334256733	0.086237587	-0.139788963	0.0097394187	0.0598166895	0.0177624518	0.1456150974	0.0292608625	0.0972462092	-0.0265097422	-0.0941942997	-0.1807399976	0.1240588375	0.0264104409	-0.1881321684	0.0357727643	-0.0458482025	-0.0566244966	-0.0281006904	0.1011066293	0.0927770432	-0.1323808432	0.0260000042	0.095761212	-0.0842762362	-0.0120131065	0.0640726538	-0.0638687252	0.1013846533	-0.0907257046	-0.13726106	-0.0841040153	0.0265240888	0.0197183303	-0.0401821906	0.0692019649	0.0891856609	-0.0706058522	0.059471096	-0.13510729	0.0551426904	-0.0020594264	-0.0922158394	-0.0590868017	0.0039231798	-0.0036328176	-0.1505279234	-0.1463232232	0.0083417397	0.0411593601	0.0939373841	0.0035121511	0.0184221206	0.0136360047	0.0233478184	-0.084552962	0.0688290974	-0.0135637994	-0.083086504	-0.0086665238	-0.1295761542	0.0186077156	-0.1126387502	0.0674542747	-0.0050684204	-0.0586099215	-0.051098691288999	-2.4034420846398563e-05	5.776533854217979e-10	0.0026110762514484	-0.0662708917893581	0.001598126380486	2.5540079280055785e-06	0.0043918310985568	0.0349995775609954	-0.016154706008443	0.0002609745262192	0.0012249704294481	-0.0054191496841145	-0.000104988958987	1.1022681509174045e-08	2.9367183298838288e-05	-0.0002927084886963	2.253877319580004e-05	8.567825935487199e-08	5.07996297171714e-10	-0.0008462986463146	2.0454461436999983e-06	4.183849926777194e-12	7.162213987539245e-07
832.6747533043177	-0.3933361529923331	0.1547133292508081	693347.2447904064	1175.9282503423003	2.6010160151220134	1382807.2499531035	6.7652843109211975	814.5879887287692	0.8794091430232811	0.7733604408329416	663553.5913811815	838.5681768148238	769.7703795470009	0.986801	17.293518	0.0202546468917599	0.0107247212686438	-0.0388884028	0.0212780093	-0.0645267064	0.1247865293	-0.0748592045	-0.0615134853	0.0265568995	0.1303270547	-0.0266735418	-0.0758509847	-0.0230989311	0.073230401	0.0704665065	-0.0506531625	-0.0536925728	0.0309205351	-0.1641248954	0.0712068947	0.0767768401	0.0401720184	0.0486608027	-0.0222284695	0.0709185566	-0.0016386294	0.058633418	0.0654850568	0.2536019727	-0.0337499275	-0.0775260191	-0.0736500829	-0.1804215916	0.0860621394	-0.1653926977	0.0756915059	-0.0253404593	-0.1492948899	-0.0439772693	0.0764091152	0.0317343663	-0.1038687866	0.1391250608	0.0172513743	-0.097066657	0.0317725688	-0.0518996243	0.0495986563	-0.0144527981	-0.1371945021	-0.0387212689	0.0424984595	0.0423126818	0.0483006012	0.054810134	-0.0512771525	0.1134776872	-0.1239174017	0.0472444681	-0.0151243395	-0.0777080685	0.0245334886	-0.0536319157	0.0018722898	0.1716845094	-0.0303806039	0.0008930367	-0.0959860147	0.1003571978	-0.1131202958	-0.1343780236	0.284685439	-0.084155316	0.016624014	0.0015904848	0.0052319682	0.132262774	0.1047090786	-0.1135285183	0.013278703	0.1161338354	0.1722913091	-0.056909372	-0.0416348721	0.0543862183	0.0163316574	0.0422993073	0.0708150848	0.001854408	0.0736671313	-0.0070130707	-0.0874394772	0.0124058499	0.1146859106	0.0423116101	-0.150356954	-0.0640681095	-0.0121242446	-0.1461075174	-0.2136590455	-0.0095111474	-0.0484894653	0.0809970578	-0.1018587943	-0.0013177645	-0.071041702	0.0471471282	0.1473042291	0.0690901319	0.0339997446	-0.0769103311	0.0092574001	0.058129131	-0.0241446491	-0.1142514127	0.0731227308	-0.0151740128	-0.0462651033	-0.0509514624169327	0.0001472288720663	2.1676340769915042e-08	0.0025960515224241	-0.0638874680740855	0.0023834237152726	5.680708606523847e-06	0.0040816085769172	0.0307786283404993	-0.004220949220496	1.7816412322006623e-05	0.0009473239625225	-0.0055161783499233	-9.702866580879946e-05	9.414561988635691e-09	3.0428223588162532e-05	-0.0002916928901861	1.0155985101999946e-06	8.50847421851202e-08	1.0314403339204485e-12	-0.0010183152836741	-0.0001720166373594	2.95897235284697e-08	1.0369660169642629e-06
831.9950987999757	-0.679654504342011	0.4619302452723847	692215.8444271814	1170.985924632279	-4.942325710021351	1371208.0356869134	24.426583423938045	814.6646269404004	0.0766382116311206	0.0058734154820164	663678.4543879416	838.4135783366487	761.0940029824427	1.025994	17.980364	0.0438311854565251	0.0305522064601564	0.1018163568	0.1172970395	0.1267172655	0.063273207	-0.077202454	0.0363923492	0.0666308376	-0.0244770553	-0.0952147387	0.1434682878	-0.0803455161	-0.0051035065	0.0848127182	0.0133185382	-0.0279098388	0.0782326273	0.0312886024	0.0641829763	-0.2137576536	0.0616476927	-0.0146464041	-0.0649604855	-0.0914493793	-0.0591995043	-0.0708404266	-0.1164906413	0.032785442	-0.004167265	-0.0967958365	-0.016777495	-0.0194473082	-0.0763563548	0.0705918316	0.0310105281	-0.046280809	-0.0282878275	-0.1112805954	-0.1201290357	-0.0610522378	-0.1315596385	-0.1932070406	0.1257310623	0.1890870692	0.0466537494	0.0166381205	0.1926005404	-0.0763342951	-0.0506390274	0.1524064674	-0.2243470882	-0.1202932709	0.1314793271	0.0294540842	0.1145031789	-0.0648761936	-0.0401537761	-0.0626722827	0.1297946273	-0.1086546052	0.101011606	0.0270646405	0.0775344509	0.1027167129	-0.1626232935	0.1082949412	0.0102173776	0.0600299037	-0.1154880987	0.0149862145	0.0285738484	0.1062459217	0.0269516187	-0.0648157042	0.0889588196	0.024851434	0.0705937126	0.1205513443	0.07670853	-0.1178694	0.0234725214	0.1424472864	0.0956262521	0.0057612332	0.0653198546	0.0553706334	0.1155975444	0.1637634154	0.0036835895	-0.1206202312	-0.0545504568	-0.0233349351	-0.1248810424	0.053004948	-0.0910513013	0.0231183228	-0.086884035	-0.1156220284	-0.1685607828	-0.0399507946	0.0471428812	-0.0415443864	-0.1393592086	0.1105127747	-0.088962634	0.182948875	-0.012251915	0.1360189342	0.0087577472	-0.0284758823	0.0678322501	0.1310669682	0.0843586244	-0.1157857731	0.0785907625	-0.0251860523	-0.033413395	-0.0510732506652118	-0.0001217882482791	1.4832377418892504e-08	0.0026084769335115	-0.0351809565092509	0.0287065115648346	0.0008240638062219	0.0012376997009058	0.0325460713482357	0.0017674430077363	3.123854785596288e-06	0.0010592467602044	-0.0057251546942149	-0.0002089763442916	4.367111247348136e-08	3.27773962726909e-05	-0.000236086592116	5.56062980701e-05	5.573687897694655e-08	3.092060385060806e-09	-0.0010181890733223	1.2621035180002994e-07	1.5929052901487323e-14	1.0367089890329238e-06
835.0084849738441	3.013386173868412	9.080496232861304	697239.1699783144	1175.1899893849163	4.204064752637351	1381071.5111505198	17.674160444367747	815.1814796798221	0.516852739421779	0.2671367542477973	664520.8448129842	839.246174998586	775.6260249174843	1.058308	18.546659	0.0374327253551789	0.0212565156768421	-0.0058753734	0.0913964668	0.0059291958	0.0211252928	0.1590028375	-0.0655783284	0.0745307827	-0.1114422914	0.092643069	-0.0082369239	0.07961569	0.1856058264	0.1468747299	-0.0212425092	0.0187441552	0.1618948389	-0.0516943696	-0.0740694353	-0.0269503398	-0.1137387194	0.0459933699	-0.1079804796	-0.023467006	-0.029072918	-0.1778579952	0.0076492735	-0.1137935334	0.0278902939	0.1337678983	-0.0519297092	-0.0546482561	-0.007463093	0.0533980435	-0.1899518964	0.0232556008	-0.1520687783	-0.0613328575	-0.0041768624	-0.1456469904	-0.1052022402	0.0724100208	-0.0394762881	-0.0793708839	-0.0689945953	0.0532121961	0.135259212	-0.0430146826	0.1539254037	-0.0100809093	-0.1111150958	-0.0906881608	-0.212273459	-0.044252074	0.0989873277	0.1391206448	0.0912585748	-0.1249802637	-0.0042329499	-0.0448742938	0.0978444237	0.0767609735	-0.1018329964	-0.1408900283	0.0102714651	0.0237248927	0.1248631807	0.0208165144	-0.0248706428	0.0421483421	-0.1792461068	0.0715959088	0.0617450673	-0.099119075	0.03133161	0.1116633388	0.0194411778	0.1131102713	0.0164353584	0.1719892609	0.0845778864	0.0189041111	-0.1721561796	0.1156390778	0.0626107894	-0.2338496629	-0.0397044875	0.0539174266	-0.0978639774	-0.0594446687	-0.1270736722	-0.1269022777	0.0178506869	-0.0763907734	0.0048735018	-0.0739329312	-0.1196199356	-0.04238151	-0.1021099093	0.1010373367	0.085407477	0.0516127594	-0.0926254436	0.0857026559	0.0619950133	-0.0319934937	-0.2310339099	0.0685635561	0.1293087495	0.1016124623	0.0108604163	0.1050819562	0.0556073778	-0.1172407796	0.0838433825	-0.0350428114	-0.0201956026	-0.0510035393503756	6.97113148362058e-05	4.8596674161926065e-09	0.0026013610262653	-0.0325358749502981	0.0026450815589527	6.996456453512144e-06	0.0010585831587814	0.0145323310169658	-0.0180137403312699	0.0003244948407224	0.0002111886447866	-0.0060041891330335	-0.0002790344388186	7.786021804681128e-08	3.6050287145237575e-05	-0.000290944341116	-5.4857749e-05	8.464860962742338e-08	3.009372625347e-09	-0.0010183807285061	-1.9165518380008867e-07	3.6731709477445757e-14	1.0370993081926149e-06
833.6875113946006	-1.320973579243514	1.7449711970594204	695034.8666553224	1182.5056404035115	7.31565101859519	1398319.589586119	53.518749825872845	815.124663174363	-0.0568165054590963	0.0032281152925835	664428.2165151188	839.6646253264986	782.2920683868172	1.139816	19.975065	0.0565479525247558	0.0345954680577381	0.0865128408	-0.1714874881	0.0227421257	0.0634794781	0.0270210772	-0.0391653428	-0.1334613269	0.0743221528	0.1259788229	-0.0549789775	-0.1127565342	-0.0059066667	-0.02930711	0.0275213613	0.0450184689	-0.133978254	-0.0421945667	0.042837931	0.0232348604	-0.0819070855	0.015778334	-0.0907564803	-0.0939833544	0.1672570776	0.1710008793	-0.0773056913	-0.1226863555	-0.0540069496	0.0445360527	-0.3029659689	0.1416540177	-0.0610266446	-0.0955655253	0.0143862601	0.0004825235	0.0305157452	0.0240675857	0.0818770773	-0.0349253811	-0.1426366489	-0.1154986889	0.129166428	-0.0737861248	0.0008726902	-0.1723283153	-0.0156575805	0.0266002757	-0.0374740734	-0.0662472394	0.0319733915	-0.0522305547	-0.0737844399	-0.000673891	-0.1469766976	-0.0191240298	-0.025138195	-0.0965556325	-0.0202442066	0.0530601381	-0.0388428293	0.0729535145	-0.2663144078	0.0097716732	0.1646383157	0.0660406152	0.238913505	0.1173885067	-0.1048784653	0.0809914054	0.1342388636	0.0378856199	0.0344892519	0.1023984268	-0.1005510635	-0.1276194593	0.185521379	-0.0361890781	0.1016936263	0.0170047213	-0.0307662482	0.0958632093	0.0257716378	0.0140504071	-0.0353510206	0.0141430107	-0.0001962708	-0.1434711957	-0.0190971056	0.0827305779	-0.1102294165	-0.1346688779	0.0273453942	0.0881320304	0.058780022	-0.0878301625	-0.1857072736	0.0085532227	-0.1145235632	0.0625930169	0.1010623047	0.0221128204	0.0956500728	-0.0955441699	-0.0206344904	-0.0575852954	0.0237500549	0.0827318312	-0.0157085044	-0.0689232761	-0.0772402137	0.0223042757	0.0797459645	-0.1186154352	0.0888661936	-0.0446835199	-0.0067565429	-0.0511567929794267	-0.0001532536290511	2.3486674817332745e-08	0.0026170174679399	-0.0620326160868103	-0.0294967411365121	0.0008700577376744	0.0038480454585735	0.0258316952047934	0.0112993641878276	0.0001276756310491	0.0006672764771533	-0.0060041428904762	4.624255729984012e-08	2.1383741056289964e-15	3.60497318492559e-05	-0.0002928746823767	-1.9303412607000136e-06	8.577557957725292e-08	3.726217382760917e-12	-0.0007083854408968	0.0003099952876092	9.60970783399726e-08	5.018099328745538e-07
833.4038747862635	-0.2836366083371331	0.0804497255889922	694562.0185087579	1177.8875893661657	-4.618051037345822	1387419.173182837	21.326395383530823	815.3332151541019	0.2085519797388997	0.0434939282530144	664768.2517335251	839.9329286153421	775.307811701575	1.068985	18.733776	0.0351799978294956	0.0197031656551272	0.1289255764	0.0346523667	-0.0027059477	-0.1025384727	-0.0603042543	-0.0828607535	-0.0599754263	-0.0924414628	-0.0538324428	-0.0691281474	-0.042124118	-0.1434260434	0.0367278103	-0.1076012373	0.0463294759	-0.0370958433	0.0969079605	0.0364061971	0.1044625523	0.1032836487	-0.1413052732	0.0468544157	-0.0374517231	-0.0189790662	0.1251193236	0.0538806608	0.0033684995	0.0983004166	0.007261643	0.0965539742	0.0127493215	0.1589113827	0.0234364083	0.0392119875	0.047206917	-0.1044852104	-0.0396262035	-0.0573196617	-0.0172952048	-0.0550068323	0.0105827038	-0.0475156377	0.0217286006	0.057530999	0.075642903	0.0031667492	-0.0617768457	-0.0705710674	0.132495906	0.1519730707	0.0239532756	-0.0706264711	-0.0768289089	0.0091605303	-0.136869995	-0.0143858886	0.1313938671	0.0210775994	0.1325370666	-0.055364894	-0.0302137168	-0.0074082475	-0.0321344478	0.0451388661	-0.1002742985	-0.010777814	-0.09063382	0.0114375385	0.0142564721	0.0114767786	-0.107908161	0.0926959025	-0.076585957	0.0256755431	-0.0303219496	-0.0558711331	-0.0085959226	-0.0865266762	0.0239816247	-0.0029623249	-0.058825755	0.079552147	0.2371727354	0.1157377573	0.1801921823	0.0623149393	-0.0628425256	0.0430314297	0.0654039436	-0.1844245089	0.0449618383	-0.1320157522	0.0418063722	-0.0173670158	-0.0400796972	-0.1265981334	-0.0501151284	-0.1103019949	0.0174877044	0.0301237161	0.1428536569	0.0323692731	-0.0643853494	0.1069475709	0.1246069079	0.0728282269	-0.0277726805	-0.0719492692	-0.0571550312	-0.1326327845	-0.0838032241	0.1205531134	-0.1199087977	0.0936454286	-0.0540487397	0.0067565429	-0.0509976696659464	0.0001591233134803	2.5320228892950254e-08	0.0026007623113569	-0.0685086003635433	-0.0064759842767329	4.1938372352492966e-05	0.0046934283237716	0.0300881804793107	0.0042564852745173	1.8117666892182637e-05	0.0009052986045555	-0.0058301862505371	0.0001739566399391	3.026091257890177e-08	3.399107171595185e-05	-0.0002910332259757	1.8414564009999852e-06	8.470033862182288e-08	3.390961676783819e-12	-0.001018355443852	-0.0003099700029551	9.608140273204665e-08	1.037047810023004e-06
833.1344640624558	-0.2694107238077095	0.0725821381025939	694113.0352086354	1173.5334952442915	-4.354094121874141	1377180.8644602837	18.958135622138947	814.738519243975	-0.5946959101269158	0.3536632255216807	663798.854739865	838.8547998641055	769.0502143623293	1.03551	18.14712	0.0195077221442468	0.0120419123788008	-0.0598040942	0.1481075392	-0.060506571	-0.0009866065	-0.0179792705	0.0579379572	0.0851689008	0.0786948528	-0.116351926	-0.0001619137	0.1399715872	0.0034915102	0.075256185	-0.104108891	-0.0089634297	0.0473433851	-0.0619994728	-0.0628227567	-0.0501393282	0.1633526255	-0.0894679309	0.0169488481	0.0901736712	0.0455772339	-0.0289454203	0.294238156	-0.0178579001	0.0710766515	0.0089987219	0.115101091	0.1691278653	0.1157271592	0.0351240298	0.0231093437	0.0599626893	-0.0467605008	0.1034805983	0.0395441821	-0.0997544781	-0.0766120905	-0.0132753909	-0.0422430108	0.0962352437	-0.0487622871	-0.0276974053	0.1104241466	-0.1047089731	-0.0126825048	-0.2478939175	-0.0797424105	0.0475659251	0.0673436953	0.0105653254	0.0356678306	0.071720771	0.0454203919	0.1201208142	0.0929709044	-0.0435666808	-0.0248485107	-0.0961650391	-0.0885738566	0.1249371278	-0.0871154983	-0.2354654824	0.0098901164	0.1456538342	0.1307735481	-0.0991468908	-0.0541809603	-0.0352385653	-0.0575643983	-0.1591669508	-0.0626587011	0.0509019116	0.031255004	-0.057092797	-0.0003968942	0.0763022035	-0.1657138543	-0.110124945	0.0783919727	0.0445794212	0.0493840639	-0.1465211026	0.0858557761	0.114098283	-0.0302058378	-0.0526683481	-0.1680712114	0.0514848158	0.0351379946	-0.1015157219	-0.1180393193	-0.0298862059	-0.1082419495	0.0049967934	-0.1205036515	-0.0174568372	0.0437047125	0.0693749353	-0.0273444852	-0.0360822141	-0.0807870139	-0.064262139	-0.0741477467	0.1049142957	-0.0968572803	0.0469343226	0.0744822479	-0.1863615702	-0.110912695	-0.1211199807	0.098167988	-0.063080731	0.0201956026	-0.0509451036887753	5.2565977171098455e-05	2.763181955952444e-09	0.00259540358986	-0.0748248549863461	-0.0063162546228028	3.989507246007778e-05	0.0055987589237277	0.0254549797797878	-0.0046332006995229	2.1466548722059507e-05	0.0006479559955894	-0.0056606788344946	0.0001695074160425	2.8732764093405222e-08	3.204328486729514e-05	-0.0002916191650566	-5.859390809000056e-07	8.504173742830852e-08	3.433246065259433e-13	-0.0010183347820804	2.0661771599856868e-08	4.269088056446518e-16	1.037005728394736e-06
832.3110504772442	-0.8234135852115969	0.6780099323110158	692741.6847465337	1174.7833361281562	1.2498408838646355	1380115.8868444003	1.5621022349795337	814.2849360220002	-0.4535832219747817	0.2057377392570241	663059.957032353	838.6091126860914	767.303698280985	0.952955	16.700373	0.1226873597914615	0.0630759932890013	0.0049294774	0.0601514106	-0.0100952796	0.2062831462	-0.0284671655	0.0470452385	-0.0519446287	0.1247996431	-0.0624767296	0.1417949174	-0.0385507721	0.1268469369	0.14374898	-0.0603209707	-0.0780873045	0.0006849695	-0.1615949208	0.1373842376	-0.0666576177	0.0408209054	-0.057114812	-0.023796311	0.0259090233	0.0612842984	0.0973148512	0.0643411343	-0.043166717	-0.025612181	-0.0622503046	0.0713460007	-0.0007456494	-0.026468084	-0.0056848747	-0.09662875	0.0376849717	0.1250190319	0.0797850942	-0.0021322496	-0.0992722429	0.02679561	-0.0376688615	0.0549627705	-0.1037506843	-0.0876743347	-0.0463619753	0.1715613809	-0.1139750048	-0.0110185034	0.0489827179	-0.0038450797	0.0617896192	0.0754267267	0.1156065325	-0.0359348284	0.1216534512	-0.0914756911	-0.0365610703	0.1278182183	-0.0140738107	0.0370764849	-0.1127605311	-0.0647089758	0.0989418672	0.019117443	-0.0454710291	0.0602566593	-0.0295364725	-0.0014017873	0.0351608245	0.008158332	-0.0213851753	-0.1157715161	-0.142071349	-0.0683735168	-0.0356846065	0.031637496	0.0417090827	0.0773941694	-0.0158679001	-0.0125366383	-0.0170535961	0.0931711386	-0.1474284459	0.077868056	-0.0010094526	0.1863024904	-0.142602071	0.0749877007	-0.1032335614	-0.1127164068	-0.1186709929	0.1160507045	0.0301829676	-0.0369314204	0.0817588813	-0.0880607043	0.0281074713	-0.0584992259	-0.0688493347	0.0603670406	-0.0084323487	-0.096225844	0.0311146354	-0.0061758303	0.002636722	-0.0855352485	-0.0015750033	-0.1629700397	0.1184947358	0.0117816334	0.0453871618	-0.1434294972	-0.1222481541	0.1024214758	-0.0717238087	0.033413395	-0.0382791316551163	0.0126659720336589	0.0001604268475574	0.0014652919202697	-0.0470492597383014	0.0277755952480446	0.0007714836913832	0.0022136328419221	0.0163122241501199	-0.0091427556296679	8.358998050382408e-05	0.0002660886567237	-0.0062980772603159	-0.0006373984258213	4.062767532394714e-07	3.966577717690823e-05	-0.0002958799019803	-4.260736923699976e-06	8.754491639587193e-08	1.8153879132980337e-11	-0.0001979332072236	0.0008204015748568	6.730587440275178e-07	3.917755452182058e-08
831.9781351922068	-0.3329152850374157	0.1108325870115437	692187.6174379019	1172.347596709261	-2.435739418895082	1374398.8875099802	5.932826516759352	814.2388959689191	-0.0460400530811284	0.0021196864877131	662984.9797086843	838.5174161449157	770.3166842438454	1.119304	19.615599	0.0827412770029071	0.0488476185158137	0.2066731384	-0.0479970598	0.0113345493	0.0299323645	-0.0468421894	0.0799894315	-0.0895420794	-0.1136960435	-0.0490112436	0.050048417	-0.1038178372	0.0413947384	0.0642505145	0.020066864	0.1307905594	-0.1152558965	-0.0630175372	0.1156653724	-0.1033041999	-0.0521451838	0.0989803517	-0.0967558704	0.0616355042	0.1380856643	0.0189926102	0.1456815409	-0.0843895074	-0.1048288664	-0.0495465364	-0.0778287255	0.0053806035	-0.0115467909	-0.0185462022	-0.0477551822	-0.0018988333	-0.0269297424	-0.1429149878	0.209291479	0.0697053463	0.0818194218	0.0181640521	0.0100126433	0.0531635839	0.1075850851	-0.0165778944	0.0327083085	-0.0060902304	0.1901316055	0.0461809278	0.122174872	-0.0998138593	-0.1327560775	-0.0923820367	-0.1123334328	-0.0602406759	-0.0766482019	-0.1095067751	0.1061284184	-0.0316382611	0.017499203	-0.0129531641	-0.1875628971	-0.03540993	-0.0346380466	-0.0679379694	0.0350295818	0.0709289086	-0.0209894763	-0.0512590356	0.0616130676	-0.0135913694	-0.0857371155	0.0127415739	0.1460407648	0.0268955998	0.0618110708	-0.1862686867	-0.0239485566	-0.1938636284	0.1597653571	0.0301874955	0.0390214802	0.058691903	-0.1375318763	-0.1066798387	0.0176500148	-0.1639703381	-0.0692432511	0.1372058678	-0.1283694008	-0.0937651749	-0.0441658772	0.1338626575	0.0559609661	0.0800696052	-0.1155223073	-0.0049389557	0.0610056189	-0.0164774854	0.016079119	-0.0357686508	0.0544158983	0.0560953951	0.0799426243	-0.177614221	0.1076592929	-0.0019490651	0.0007004465	-0.0588579912	0.0109128373	-0.0806557784	-0.2296341187	-0.1232925447	0.1063942335	-0.0799246852	0.0462651033	-0.0364427189661284	0.0018364126889879	3.3724115642757843e-06	0.0013280717656442	-0.0674061198537288	-0.0203568601154273	0.000414401753759	0.0045435849937352	0.0561840539840829	0.039871829833963	0.0015897628143085	0.0031566479220863	-0.0065280511128783	-0.0002299738525623	5.2887972862392336e-08	4.26154513323516e-05	-0.000271876091308	2.4003810672299997e-05	7.391660902491596e-08	5.76182926791623e-10	-3.838738316772191e-05	0.0001595458240558	2.5454869973669207e-08	1.4735911864654994e-09
833.8110329660115	1.8328977738046888	3.359514249218184	695240.8386958471	1175.6409627383516	3.293366029090521	1382131.6732683582	10.846259801567466	816.1107466465172	1.871850677598104	3.503824959224481	666036.7507919358	840.7902577059988	771.1572693639947	1.152563	20.19845	0.1071300661363892	0.0567820256939029	0.1367960582	0.1146095371	-0.0033484365	-0.0847600377	-0.1003741872	-0.0152247471	0.0642169221	-0.0778075914	-0.0292214482	-0.0915557393	-0.0587112985	-0.0895593698	-0.0495437234	0.0383664714	0.0281898247	0.0115974084	0.189995417	-0.0120078661	0.0623907435	-0.1077472284	-0.2733851346	0.1315216944	-0.1298276992	0.0445886878	-0.1065041366	-0.1573236469	-0.0368563408	0.0544237961	-0.0986815162	-0.1142944407	-0.0432073743	0.0495105817	0.0343531457	-0.1216128304	0.0439304123	0.0820280293	-0.0362876694	-0.0971360189	0.0647385303	0.103218139	-0.00105488	0.0512659752	0.1215433483	-0.0113969073	-0.1257004929	-0.1899592989	-0.0482644654	-0.021426501	0.0040681976	-0.0516501173	0.0910404911	0.1272607371	-0.0445941047	0.1346350291	-0.1473710706	0.0508809523	0.0528439008	-0.0952087748	0.3652332637	0.0127346923	-0.0900761871	0.1006177608	-0.0513497538	-0.1414883987	0.1257752055	0.209133922	-0.0657921497	0.0334152033	0.0060644981	0.1020644753	0.153082063	-0.0917434257	0.0412906285	-0.0073061541	0.0715330513	-0.0492576009	0.01248704	-0.0184503943	-0.1233498385	-0.1028027685	0.09339293	0.0963263057	-0.123727825	-0.0088007849	-0.0077854225	0.0749037063	0.118685055	0.0264933753	-0.0639882929	-0.1947123734	0.0576095062	-0.1096181817	0.0294002148	0.0504240567	0.2460573477	-0.0199218096	0.1696164326	0.0546002798	0.1188237927	0.0457780806	-0.1652162305	0.1141930518	-0.3013960909	0.1087610613	0.109312813	0.0949667879	0.0266486855	0.0846508239	0.2429951261	-0.1876040283	0.113732716	-0.0984601509	-0.1242524367	0.1100753719	-0.0876327994	0.0586099215	-0.037214441610601	-0.0007717226444726	5.955558399917872e-07	0.0013849146643888	-0.1056502516790942	-0.0382441318253654	0.0014626136190759	0.0111619756798559	0.0261120999283406	-0.0300719540557423	0.0009043224207306	0.0006818417626676	-0.0063740253130457	0.0001540257998325	2.37239470140721e-08	4.062819869134733e-05	0.0002140107725077	0.0004858868638157	4.580061074934252e-08	2.360860444286566e-07	-0.0001593198717356	-0.0001209324885678	1.462466679121996e-08	2.5382821529848032e-08
835.1167639380452	1.305730972033757	1.7049333713282202	697420.0094103527	1179.5643359312078	3.923373192856161	1391372.0226008312	15.392857210422347	817.4537005205458	1.342953874028581	1.803525107768373	668230.5524947342	842.4512970290357	780.7965744846551	1.063424	18.636312	0.1191316841130831	0.0608388447284092	-0.0093786811	0.051715368	0.0799651788	0.0293014092	0.0309036032	-0.0464153221	0.0606294911	0.0898426731	0.0805008707	0.0348548675	0.0451160589	-0.0811577362	-0.0427430912	-0.04119027	-0.1211107328	0.079236966	0.1251473362	-0.0713107805	0.0468791818	-0.0986368517	-0.1298363007	0.1826049809	0.1429402096	0.0781118735	-0.0056929064	-0.1240620095	-0.0058472351	0.1603674824	-0.0647093949	-0.104614172	-0.0478999759	0.1479599092	-0.0646844755	0.1268745924	-0.0220509905	-0.1155080711	0.182798369	0.0904194323	-0.038715192	0.0682233957	-0.0962218196	-0.1440691879	0.0606044818	-0.1434435006	0.1996490282	-0.0335835407	-0.1344703286	-0.0021538938	0.0608111585	-0.1014992034	-0.1054440243	-0.1274465051	0.1023092164	0.1170818206	-0.0650162981	0.1184548049	0.0382947531	-0.0671192333	0.2791831311	-0.1125816093	-0.0842587761	-0.0399181838	-0.0893010425	0.0317941244	0.0564853436	-0.0989645271	-0.1635101446	-0.0429233951	-0.0925131189	0.0039965193	-0.1196114052	0.1613039083	-0.0226754339	-0.1389478083	0.1375651663	0.0284348272	0.0558025017	0.1877798021	-0.0388476475	-0.0684750493	-0.1896192179	-0.1228645225	0.0409304855	0.0172977859	0.179822094	0.0143265123	0.0329209706	-0.0814723966	-0.091212213	-0.1552636678	-0.0934187054	-0.0569597409	-0.0322172347	0.0110583291	0.0215492921	-0.0162050519	0.2472200345	0.1503044103	-0.045600165	0.0970077583	-0.1219236279	-0.0465519714	-0.0156047512	0.0870622319	0.0679951895	0.0718775592	-0.1714575224	0.0273941608	0.0701619924	-0.0883129012	-0.0116453204	0.2747636824	-0.1251271724	0.1134548014	-0.0948006283	0.0703125971	-0.0261129976826737	0.0111014439279273	0.0001232420572849	0.0006818886479753	-0.0547907794487656	0.0508594722303286	0.0025866859155475	0.0030020295126032	0.0004083207974332	-0.0257037791309074	0.0006606842616104	1.6672587361648437e-07	-0.0068440494061814	-0.0004700240931357	2.2092264812803723e-07	4.684101227425197e-05	0.0001786244930352	-3.538627947250001e-05	3.190670951208221e-08	1.2521887749058755e-09	-3.5390467865403265e-05	0.0001239294038701	1.535849714362233e-08	1.252485215732141e-09
831.9417323550443	-3.175031583000873	10.08082555305303	692127.0460339122	1175.349061788972	-4.215274142235785	1381445.4170482168	17.768536094201632	814.0789824846355	-3.3747180359102917	11.388721821898214	662724.5897232195	838.3178255336195	768.7407078942588	1.0693	18.739283	0.1432158711107473	0.0638112754829475	0.1040028939	0.0761381101	-0.0793888225	0.0654878516	0.1234045536	0.1344102359	-0.1048095823	-0.0280903535	-0.0171791351	0.1051853111	0.1549227882	-0.01005163	0.0009431324	-0.1116238899	0.0945763049	0.0797086306	-0.1303741201	-0.0452881542	-0.0367703703	-0.146144537	-0.0604676263	0.1457785908	-0.1838074089	0.1852093564	0.0463953394	-0.0503792623	-0.0127821646	0.0028724859	-0.0597176267	-0.031466996	-0.0326337227	0.0187310427	0.0544419901	0.0834973821	0.0450183637	0.0661052733	-0.1351501331	-0.0137673198	0.0630393362	0.0109166131	0.0104935586	0.1135727724	-0.1471334459	0.0789828031	-0.0528281135	0.0939309498	0.1119015823	-0.0168286753	-0.0309228541	-0.000664925	-0.1170215459	0.085815844	-0.0662675224	-0.0200615054	0.113061208	0.0469551681	-0.027417144	0.1343417788	0.1871277782	0.0391568702	0.0851905536	0.0348654579	-0.1313448467	-0.0431242674	0.0372732674	0.0482708029	0.0776474755	0.0807985175	-0.0072263051	0.1436482767	-0.0553797533	-0.0826991431	0.0978795669	0.0881947089	-0.1102061596	0.0027879471	0.0503731949	0.0296123039	0.0846011432	0.0648919457	0.0688539214	-0.0738604467	-0.0290365271	0.0514434259	-0.0601834155	-0.0779703277	-0.0892154332	0.0708255547	0.0524915771	-0.0896384995	-0.130107671	0.0109320396	-0.0918386176	0.0167569857	0.1853624761	0.0326863721	0.1358763743	0.1763435785	-0.0295431018	-0.0302287238	-0.1122978536	0.0163803455	0.0309032589	-0.0060194783	-0.1189829463	0.0404770342	-0.02985668	0.0137148743	-0.2339341669	0.0679542341	-0.0287831252	-0.0925669562	-0.1259161521	0.1165232592	-0.1013839798	0.0812449131	-0.0047300725147323	0.0213829251679414	0.0004572294887377	2.2373585994625946e-05	-0.084058267928313	-0.0292674884795474	0.0008565858819004	0.007065792407108	0.0316185808540865	0.0312102600566533	0.0009740803328039	0.0009997346552264	-0.0071319988349544	-0.000287949428773	8.291487353069736e-08	5.086540738179093e-05	-0.000274111761507	-0.0004527362545421	7.513725779647045e-08	2.049701161768997e-07	0.0004510277969515	0.0004864182648169	2.3660272834748707e-07	2.0342607362292358e-07
835.1808612830074	3.239128927963065	10.49195621196716	697527.071053426	1176.665050309958	1.3159885209859112	1384540.6406209357	1.7318257873666862	815.5355527358847	1.456570251249218	2.1215968968242103	665098.237776225	839.3858877712022	774.5189800114595	1.066505	18.690302	0.0673954896064364	0.0307584523544933	-0.0129796252	-0.0204834453	-0.1907493969	0.0153840403	-0.0053052119	-0.0899699549	-0.0426965758	-0.0308692678	0.0297097325	-0.1582998877	0.0256883196	0.1557840824	-0.1026357595	-0.1889081539	0.0642839777	-0.0480473056	-0.0419515224	0.0275138665	0.2085968789	-0.0788617321	0.0025247132	-0.0681467818	0.1181694797	-0.0117853812	-0.1261119738	0.0042827496	-0.0117029063	0.0580693766	-0.0073049399	0.0877814688	-0.0532716924	0.1173541976	0.0239180878	0.0275189679	0.0985542669	0.091103153	-0.034252611	0.0721785477	-0.0651804154	0.0377340992	-0.0441149407	0.0832320247	0.1265294112	0.0229854032	-0.134598596	-0.1088212422	-0.0309909151	-0.1953901674	0.1421127226	-0.0082031127	-0.0541400223	-0.0126892599	-0.0887439599	-0.0721865674	0.0708562926	-0.0986821707	-0.0014885274	-0.1817641549	0.0467340531	0.0572167257	-0.0461284943	0.000959174	-0.0504776085	-0.1671991526	-0.0595443909	-0.0494291628	-0.1524614334	0.1250087653	-0.053662922	0.0618911562	0.0401563437	0.0339242196	0.0071574202	-0.0640175074	-0.0351245598	-0.0240341508	-0.0909038182	-0.0302234906	-0.0992051551	0.0335487591	0.0239265728	-0.0847900007	-0.1238923924	-0.103472165	0.0358366258	-0.1093237696	0.1110812905	0.1734405136	0.1181772779	-0.0303663827	0.0301709347	0.1362481127	0.0413252102	-0.0696516245	0.0967462269	0.1285613884	0.0616836312	0.1390322108	0.0199259023	0.043747434	-0.0614566259	0.0205091246	0.1557373338	0.0761813984	0.1598876209	0.0473893009	-0.0662837355	-0.1626908117	-0.0761775281	0.0914896942	-0.1115127875	-0.1467153123	-0.1266188352	0.1192723348	-0.1073422654	0.0912870929	-0.0050507628714342	-0.0003206903567019	1.0284230488159187e-07	2.5510205583458248e-05	-0.0658481132936117	0.0182101546347012	0.0003316097318197	0.0043359740243283	0.0199447103288932	-0.0116738705251933	0.0001362792530389	0.0003977914701034	-0.007264009468289	-0.0001320106333345	1.7426807313402018e-08	5.276583355539224e-05	-0.0006141602732498	-0.0003400485117428	3.771928412382691e-07	1.1563299033849326e-07	0.0001792714602321	-0.0002717563367194	7.385150654714793e-08	3.2138256453749404e-08
835.4917600401953	0.3108987571879424	0.0966580372210072	698046.4810950634	1172.527900302533	-4.137150007424907	1374821.6769878669	17.11601018393591	816.8548007331551	1.319247997270395	1.7404152783019482	667251.7654808025	840.8253824230483	786.6838751682016	1.107314	19.405485	0.018934262967292	0.0133339627219248	-0.0513235527	-0.0835816056	0.0822780476	-0.0651208031	-0.1451084644	0.0437036769	0.0612719913	0.0669397364	-0.0641947665	-0.0277585952	-0.1008248924	-0.0296447874	-0.1291002664	-0.0398093158	-0.1253261397	-0.0744305088	0.0590106179	0.0275700077	0.0147219627	0.0953246152	-0.0568236426	-0.0058231741	0.0558001915	-0.0046440754	-0.098820445	0.032386038	-0.0279407453	-0.0359022341	0.0822438654	-0.0058756681	0.0402143885	0.0785499727	0.1294547246	0.0620880909	-0.0255015342	0.0423274922	0.0341072292	-0.1202790358	0.0035349672	0.0427786873	0.1118820928	0.0817273491	-0.0585205733	0.2077264642	0.0146214093	-0.0324656245	-0.1090921338	0.151050479	-0.1411598204	-0.0872887811	0.0663224483	0.0086305026	0.106019789	0.015294853	-0.1465231259	-0.0511829941	0.0721424506	-0.0434264204	-0.0594045052	0.0021123146	-0.1266807197	0.0042337003	-0.0529210635	-0.1066274347	-0.0976316663	-0.1096441489	0.0690327684	-0.0252506692	-0.0865449908	-0.1389551343	0.0471895077	0.056171923	0.0880703358	-0.0107832269	-0.0146144154	-0.0364643369	0.0409675746	-0.0316417394	-0.0199743761	-0.0632561342	0.1277149354	-0.0979955549	0.0113895137	0.1242943045	-0.1046191263	0.1107862494	-0.0984926079	-0.0616195043	-0.065985564	-0.011641545	0.0556100192	-0.0429611173	0.0713245334	-0.1247315456	-0.0595219319	0.0932456912	0.1360516633	0.2030827231	-0.0540320103	0.0257803415	-0.1164326035	-0.072127041	0.1605369385	-0.1646435191	-0.0161928362	0.0545895313	-0.0424245422	-0.1034583436	-0.0570850869	0.0962250048	-0.1263908542	0.041493931	-0.1272347401	0.1216944932	-0.1126387502	0.1003291122	-0.005008472301057	4.229057037719985e-05	1.788492342828893e-09	2.5084794790455206e-05	-0.0718398077224122	-0.0059916944288005	3.590040212811896e-05	0.0051609579735931	0.0208650094144076	0.0009202990855144	8.469504067986419e-07	0.0004353486178633	-0.0070260009834792	0.0002380084848097	5.6648038841456596e-08	4.9364689819850686e-05	-0.0006141420882306	1.8185019200005724e-08	3.771705045362421e-07	3.3069492330457685e-16	0.0001808443680551	1.5729078230000194e-06	2.4740390196546604e-12	3.2704685457248485e-08
832.9923951197484	-2.499364920446965	6.246825005560862	693876.330327335	1176.2616800524524	3.7337797499194494	1383591.539959818	13.941111220908546	815.3706516764611	-1.4841490566940363	2.2026984224857986	664829.2996152968	839.8130275423117	773.9887763444767	1.056298	18.511431	0.0993857690672608	0.0624265205213421	-0.0148431785	0.1011768658	0.0199901091	0.0799883093	0.0637905548	0.1565368176	-0.0255619051	0.0700161825	-0.0454529666	0.1397082979	0.127334543	-0.0470430828	0.0905797452	0.064702816	-0.0850863316	0.0961794865	-0.1189157233	-0.1064378109	-0.0860806337	0.042392055	-0.0382667576	0.0798317069	0.0415248787	-0.0709791187	-0.0678730865	-0.00964185	-0.1470947119	0.0241644552	-0.0056862174	0.0728498057	0.026898022	-0.1292510665	0.0759444259	-0.1034974691	-0.0581996407	-0.0176322927	-0.0352949236	-0.1604577296	-0.0567185153	-0.0631507681	0.0104703818	0.0448202421	-0.1811762744	0.0875267501	0.0369473594	-0.0933455512	0.083663477	0.0806275554	0.0336941035	0.189027421	0.093344881	-0.0067598084	0.0900968888	0.0359686576	0.0990895722	0.1246248088	0.0316774999	0.1301582678	-0.0661540572	-0.0523726537	-0.0493927325	0.026623161	0.0076221958	-0.0085141784	0.0319318113	0.0682382503	-0.0155339054	0.0990617555	-0.0215804646	-0.2301763267	0.0529102141	-0.0651919677	0.0589545036	0.0973846027	-0.008853979	-0.1066547877	0.0824620454	0.025590627	-0.0154095474	0.0229643062	0.0615577938	-0.0852954761	-0.0003205128	0.0837082577	0.0832181428	-0.033204557	-0.0306601997	0.058999304	-0.0936336212	0.0914271259	-0.088812498	0.007890614	-0.1359390531	-0.1281103905	0.0645895285	0.0450732148	0.0427222436	0.1516773647	-0.0315968455	0.1495341156	0.0590346056	0.0062032318	0.0908234613	-0.2199658778	0.0662602735	-0.047384493	-0.0158929935	0.0031239171	0.0527998006	-0.0001001455	0.1001930185	-0.0010552855	-0.1277634447	0.1237830955	-0.1172407796	0.1082719048	-0.0050739029331907	-6.543063213369955e-05	4.281167621415517e-09	2.574449097544119e-05	-0.0192134708551208	0.0526263368672914	0.0027695313320696	0.0003691574623005	0.0221794127602237	0.0013144033458161	1.7276561554925586e-06	0.0004919263503883	-0.0077100924179096	-0.0006840914344304	4.679810906610423e-07	5.944552509270711e-05	-0.000612848518068	1.2935701626000514e-06	3.755833060981437e-07	1.6733237655691237e-12	-4.13625917922919e-05	-0.0002222069598473	4.9375933004620446e-08	1.7108639997757735e-09
833.9349080307592	0.9425129110107946	0.888330587422042	695447.4308322708	1174.7118060711732	-1.5498739812792337	1379947.8273229976	2.4021093578463426	814.581647893144	-0.7890037833170709	0.6225269700886513	663543.26108431	838.3296606095573	773.302679798215	1.027412	18.005207	0.1067782989793272	0.0566397361302639	0.1251302543	-0.0692824949	0.0049843618	0.097344968	0.0196496019	-0.1194629132	-0.1080606963	-0.0744108219	-0.0026739904	0.0348303199	-0.0940706476	0.1598437401	0.100598745	0.0015814736	0.0472931377	-0.0347306193	-0.0514687813	0.1888919902	-0.1455896983	-0.0323822639	0.0981476171	0.0852204942	0.0370662385	-0.1134575385	-0.1093160912	-0.0958124254	0.0894163394	-0.0311836655	-0.0874347936	0.0314144485	-0.10504944	-0.0210136674	0.0085628177	-0.1383258342	-0.0844805886	0.0053974094	0.0359219465	0.0038536747	0.195919434	0.0373514753	-0.0139027722	-0.1298311773	0.0100917623	-0.0620443586	0.0474739217	0.0069144268	0.072640693	0.0534352822	-0.109459693	0.0741556526	0.0555838822	0.0255968207	-0.0300477743	-0.0777637323	0.0246971155	-0.1394218537	-0.1441320275	0.0950779102	-0.1112107617	-0.042265997	-0.0260982469	0.1572567812	-0.1046286912	0.0920521287	0.1445774432	-0.0594075043	0.016869616	0.0420440156	-0.0053394642	0.0911336016	0.0638650779	0.0406754553	-0.029135199	0.0723368109	0.1658439729	-0.2161226768	0.1080937257	-0.0414434501	0.089216191	-0.0284099469	-0.02548983	0.0766184386	0.0646505311	-0.0015984481	0.0197571685	-0.1240333635	-0.0767137184	-0.0733328116	0.0234715691	0.1804999014	-0.0642397231	0.0084669717	0.1264569395	-0.0194403761	0.1508746925	0.1315832619	-0.0636484838	0.0382525993	0.1355812472	0.0176655781	-0.0061793123	0.0193067185	-0.0533073531	-0.1752524281	-0.0158313124	-0.0177601744	0.0196198108	0.1480239636	-0.0777841702	0.1704325628	-0.0515036052	0.0729252119	-0.1282045865	0.1255324169	-0.1211199807	0.1150284477	-0.0310839679009262	-0.0260100649677355	0.0006765234796258	0.0009662130604658	-0.0529094221037382	-0.0336959512486174	0.0011354171305492	0.0027994069473515	0.0488197378899144	0.0266403251296907	0.0007097069230156	0.0023833668076399	-0.0081180973566517	-0.0004080049387421	1.6646803003794526e-07	6.590350469207533e-05	-0.0006128392458748	9.272193199978858e-09	3.755719412843936e-07	8.597356673773418e-17	-4.198753352266469e-05	-6.249417303727869e-07	3.9055216636133314e-13	1.762952971316891e-09
836.3476844940602	2.412776463301043	5.821490261859489	699477.4493585761	1176.8277657892286	2.1159597180553646	1384923.590332467	4.4772855284329385	815.0854734009652	0.5038255078211478	0.2538401423312374	664364.3289492754	838.7471900418153	781.2600859294566	1.060505	18.585155	0.0931950002993905	0.0491688786069468	-0.0689296899	-0.0316254341	0.0537313404	-0.1938064621	0.0583330555	-0.0442877332	0.0925336841	-0.1535812481	0.0284502728	-0.0333707334	0.0096799714	0.0102745264	-0.0661559921	0.2008583445	0.1091540517	0.0435173727	0.0702872852	-0.0483460706	-0.1228890765	-0.0597213703	0.1198351412	0.0626953174	-0.0161182223	-0.168978835	0.0525993394	-0.048269728	0.1137139074	-0.1505440531	0.0319461473	0.1990634167	0.022438467	0.0894055035	-0.1566402615	0.0725943445	-0.1213876473	-0.1615956982	0.077721666	-0.0317860514	-0.022145574	0.1290436824	0.0972051158	-0.0233537076	-0.1054310428	-0.2725153082	-0.0961362728	0.0300018707	0.2050288016	-0.0701625808	-0.0706938343	0.0894076897	-0.0033576584	0.0443211098	-0.1419884233	0.0903800242	-0.0109393368	0.0051445043	-0.1112157515	-0.0076369147	-0.1955521775	0.0221254956	0.0130566573	0.2465989119	0.0280618077	0.077349947	0.1378363218	-0.117648294	-0.0727913332	0.0251481494	0.1350997082	0.0187181	-0.2247548768	-0.0873100205	-0.0582227127	-0.2382181017	-0.0291285996	-0.0357829672	0.007551705	0.0308461994	0.163716589	-0.0369214222	-0.0966900872	0.0132371728	0.1008237619	-0.0482269314	-0.1044472086	-0.0250585182	-0.0355515374	0.0152868707	0.032173309	0.3030010301	0.0742070583	-0.1222132708	-0.0952321892	0.0824351674	0.0369027068	0.0521806643	-0.0514750017	-0.0484974004	0.0536934829	-0.1306591269	-0.0106803059	0.0632203416	-0.103542918	0.0449028334	-0.0492510708	-0.07811046	0.1111636671	0.0630357801	-0.0113081521	0.1450610044	0.1245255928	0.0760121663	-0.1285578634	0.1269376627	-0.1242524367	0.1205247148	-0.0315093772119325	-0.0004254093110062	1.8097308189085376e-07	0.0009928408522838	-0.0613026290663185	-0.0083932069625802	7.044592311670632e-05	0.0037580123304426	0.0450967780849822	-0.0037229598049322	1.386042970914082e-05	0.0020337193936461	-0.0087743941466327	-0.0006562967899809	4.307254765393644e-07	7.69899926404622e-05	-0.0010987692957074	-0.0004859300498326	1.207293965189336e-06	2.3612801333031318e-07	-0.0005128291781265	-0.0004708416446038	2.2169185429324442e-07	2.629937659379015e-07
836.6839810144269	0.336296520366659	0.1130953496107227	700040.0840861498	1176.9087916108751	0.0810258216465626	1385114.3037709703	0.0065651837735005	814.9496725237411	-0.1358008772240282	0.0184418782548155	664142.968746553	838.4022153994218	788.0571868186773	0.985022	17.262335	0.0340664917436631	0.0219732448659257	-0.1529089712	-0.1366091354	-0.13800182	-0.0651325224	0.0355277216	-0.0835599813	-0.0453313284	0.0013686811	0.0142005894	-0.1303957572	0.0103480593	0.0892950355	-0.014833649	0.132431353	0.0540045626	-0.0226717103	-0.0944645478	0.0093095526	0.0692865283	0.0662369967	0.0620847	-0.1512689249	-0.1399373314	-0.0174495471	-0.0373154247	-0.1833815995	0.02898972	-0.1581692014	-0.0086159972	0.0350091419	-0.0031900999	0.0899839733	-0.110102388	0.0847624896	0.0842914161	-0.0579764154	0.0438318528	0.1001839776	-0.0581446133	0.0724555727	-0.0803237874	0.0245177173	0.1082103184	0.0309567574	0.1028511884	-0.1568705243	0.0465910692	0.0692260283	0.1124811702	0.0086859333	0.2074817883	-0.0224852513	-0.0677460789	-0.0873562518	0.088142386	-0.0835689986	0.0430128179	-0.0687658583	-0.1578874302	0.1848445426	0.0481148877	0.0465313552	-0.0625854701	0.0232175199	0.1308099098	-0.0399933069	-0.1158313686	0.0303920267	0.1661154754	0.0798948594	-0.0875706894	0.1496081392	0.0215771647	-0.1357429797	-0.037179976	0.0472751662	-0.2084481939	-0.0971384772	-0.1210393285	-0.0610792263	0.1513761714	-0.0349785861	-0.0785262571	-0.0690200308	0.0389573188	0.0085039364	0.0737762853	-0.0538841037	0.1072519555	0.2672825416	0.1459546768	0.1359794676	-0.0077956819	0.1514105245	-0.0830574228	-0.0230497874	-0.0211231673	-0.0417799875	-0.0135927425	-0.1098798109	0.0614384586	-0.0002290418	0.0757651081	0.2859376771	0.0291062399	-0.015602191	-0.0377161435	-0.0306824832	-0.0662165878	-0.0737432675	0.0300874572	-0.0497660875	-0.1288230331	0.1279949812	-0.1266188352	0.124700488	-0.0315839312656294	-7.455405369690554e-05	5.558306922641075e-09	0.000997544714192	-0.0628250358456199	-0.0015224067793013	2.317722401662856e-06	0.0039469851290034	0.0348104950101273	-0.0102862830748549	0.000105807619496	0.00121177056285	-0.0091814004120724	-0.0004070062654396	1.6565410010717108e-07	8.429811352680323e-05	-0.0010621689322334	3.660036347400016e-05	1.1282028406018408e-06	1.3395866064289251e-09	-0.000512887505929	-5.8327802500033825e-08	3.4021325444829512e-15	2.630535937380701e-07
837.5285882450368	0.8446072306098813	0.7133613739984932	701454.1361277243	1173.7485322460686	-3.1602593648065067	1377685.6169498004	9.987239252847225	818.22627840615	3.2766058824088304	10.73614610863615	669494.2426743784	841.2394031423592	788.8401232342387	1.051041	18.419304	0.0642959640374317	0.0335310729318537	-0.1838961907	-0.1163137117	0.0863815305	-0.1456671337	-0.10312728	-0.0328355658	0.1116288469	-0.0028158648	0.0202497703	-0.0867793679	-0.1011279643	-0.0881160286	-0.1499749356	0.1376880301	-0.0918672917	-0.0340776747	0.2812027109	-0.0663736333	0.1361835152	0.0479969928	0.2711496472	0.0701660854	-0.0810724023	-0.0691709351	0.0283859897	-0.0019665238	-0.0325725853	-0.0184026672	0.0338028406	0.0766342684	0.0417596646	-0.2870112446	-0.0742954212	0.1077023768	-0.0080816173	0.0306746243	0.0852618025	0.1045728518	-0.0506933312	-0.1068374985	0.1906967061	-0.0471405973	0.094390289	0.0797153377	0.0105543841	0.056996021	-0.061799359	-0.1205867097	0.0719210846	0.0525788727	-0.0069852318	-0.0003990149	0.0584572925	0.0462426451	-0.1259955642	-0.0074036489	0.0567563236	-0.2368428944	-0.192087055	-0.2101463752	0.2681435157	0.0957382974	0.0122074309	0.0988946271	0.0131328712	-0.012633077	0.0921284203	0.0633413349	-0.0407313051	-0.1598178423	-0.0168160377	-0.0030220054	0.1576759977	0.0850808218	-0.0364055985	0.1298139106	-0.096511375	0.0152908719	-0.0736084681	0.053763709	-0.0809487243	-0.0008334799	0.054337097	-0.089099409	-0.0080113367	-0.0113487272	0.1025865749	0.0305261278	-0.0212166163	0.2961181285	0.2280679957	-0.0173297282	0.0679094055	0.1030211504	-0.1097183206	0.0108232271	0.003694255	0.0154406056	0.0228001114	-0.1217108067	0.0530262575	-0.0895833709	-0.0424985493	0.0160615254	0.0190803019	-0.0256071336	0.0194240664	0.0429357663	0.1565193808	-0.1950430107	-0.0541657209	0.0709392611	-0.1289999139	0.1287014744	-0.1282045865	0.1275100165	-0.0314525309700854	0.000131400295544	1.7266037669051263e-08	0.0009892617044241	-0.0784083521989487	-0.0155833163533288	0.0002428397485679	0.0061478696945543	0.0492433452164462	0.0144328502063189	0.000208307165078	0.002424907048106	-0.0090137709199408	0.0001676294921316	2.8099646632298184e-08	8.12480661971704e-05	-0.0005517218439099	0.0005104470883234	3.043969930473401e-07	2.605562299779389e-07	-0.0005079961427393	4.891363189700026e-06	2.392543385355241e-11	2.580600810380073e-07
834.6139935993072	-2.914594645729608	8.494861948915698	696580.5183117844	1179.3924676954132	5.6439354493445535	1390966.5928566763	31.854007356368108	816.9474308296985	-1.278847576451426	1.635451123795686	667403.104739245	841.7669036169516	783.8385784533597	1.043019	18.278711	0.0882509157375869	0.0489740710307927	-0.1528344385	-0.0216013297	0.0383537279	0.0267801143	0.0474832434	0.164731056	-0.0008641314	0.1144255595	0.035582844	0.1497297736	0.0823595123	-0.1884701736	-0.2325572365	0.0774681182	-0.1450151084	-0.058449066	0.015787666	-0.1513193512	-0.0053565586	0.0547363057	0.1894542091	-0.0117135298	-0.0190153113	-0.127554	0.191958116	0.1264747106	-0.0399616769	0.1241283116	0.0729156626	0.0872343091	-0.0715092527	-0.1827070157	0.0019438965	0.0011209653	-0.1198538634	0.0605613492	-0.0053016305	-0.0185684289	0.1275683444	0.0380999443	0.0552549096	-0.0183096649	0.0146290614	0.0497028247	0.0153569166	-0.1095317745	0.0041152812	0.0104399667	0.0631179866	-0.1005134419	-0.1265915007	0.0862788468	0.15038712	-0.0466160296	-0.0136491472	0.181205167	0.049168205	-0.0315793326	-0.1160892894	-0.0966188586	0.1711695968	0.0971489721	0.0511773084	0.0746298976	-0.1441188607	-0.0221447229	-0.0269921773	-0.0610923039	-0.0386681118	-0.0941521515	-0.0329467128	-0.0854175427	0.0569705479	0.0399118956	-0.1345784967	-0.0447623795	0.0521990199	0.0217890484	-0.038174694	0.1111100703	-0.0577538011	0.0067870517	-0.1005606929	-0.0909313919	0.1318129093	0.0463169664	0.0828576795	-0.0238529094	-0.0298058315	0.2972499922	0.1336518523	0.0244557622	-0.1039599532	0.0646028211	-0.0175313101	-0.0281049554	-0.1285546754	-0.0580894435	-0.0471466723	-0.16261159	0.1609370903	0.0258551271	-0.0285594603	-0.0501050937	-0.0427760853	0.0630761395	0.0177634281	-0.0192667257	0.0643783881	-0.0060691335	0.0220904257	-0.0419251973	-0.1290883846	0.1290552057	-0.1289999139	0.1289225186	-0.0353053005463834	-0.003852769576298	1.484383340804748e-05	0.0012464642466704	-0.0759698216283624	0.0024385305705863	5.946431343683988e-06	0.0057714137982451	0.0557728456141788	0.0065295003977325	4.263437544399015e-05	0.003110610307903	-0.0094032590901902	-0.0003894881702494	1.5170103476422558e-07	8.842128151724463e-05	-0.0013451687956669	-0.000793446951757	1.8094790888359385e-06	6.295580652524752e-07	-0.0001823289608863	0.000325667181853	1.0605911333607498e-07	3.324384997787791e-08
