#!ascii label  , from subject sub-v1s6x0051368_ses-1 vox2ras=TkReg
5310
177  -20.840  -93.965  5.541 0.6999999881
273  -21.176  -93.405  4.598 0.6000000238
272  -20.126  -93.111  4.918 0.6000000238
125287  -21.732  -93.228  4.104 0.6000000238
280  -22.380  -93.337  4.047 0.6000000238
282  -24.215  -93.117  4.498 0.3000000119
440  -25.036  -92.652  4.674 0.3000000119
647  -28.390  -91.478  5.584 0.3000000119
448  -25.354  -93.013  3.634 0.5000000000
657  -26.929  -92.091  5.136 0.3000000119
848  -29.852  -90.762  5.835 0.3000000119
441  -26.014  -92.444  4.675 0.5000000000
859  -33.762  -91.787  4.414 0.4000000060
1043  -34.334  -90.366  4.584 0.4000000060
1246  -35.269  -88.364  5.106 0.6000000238
266  -19.895  -93.612  5.872 0.8000000119
426  -19.156  -92.365  5.940 0.8000000119
631  -19.751  -91.682  6.089 0.8000000119
644  -20.008  -91.721  5.158 0.8000000119
439  -20.900  -92.277  3.922 0.6999999881
279  -21.274  -92.826  3.840 0.6999999881
447  -22.385  -92.394  3.071 0.8000000119
284  -22.895  -92.976  3.245 0.6000000238
281  -23.214  -93.359  4.125 0.5000000000
290  -23.614  -92.738  2.572 0.8000000119
285  -23.799  -93.106  3.361 0.6999999881
286  -24.551  -93.083  3.546 0.6000000238
449  -26.319  -93.090  3.407 0.5000000000
291  -24.302  -93.077  2.501 0.6000000238
118844  -25.903  -93.343  2.457 0.6000000238
122975  -27.778  -93.099  3.922 0.5000000000
658  -27.702  -92.017  4.789 0.3000000119
456  -24.102  -92.397  1.855 0.8000000119
451  -28.309  -93.484  3.128 0.4000000060
650  -31.551  -92.330  5.305 0.3000000119
129102  -25.504  -93.167  1.843 0.8000000119
288  -27.897  -93.662  2.415 0.6000000238
435  -31.637  -92.968  4.665 0.4000000060
663  -33.718  -92.871  4.688 0.3000000119
460  -24.656  -92.092  1.265 0.8999999762
295  -27.023  -92.897  1.391 0.8000000119
293  -26.367  -93.228  1.684 0.8000000119
452  -29.118  -93.455  3.125 0.6000000238
294  -28.350  -93.534  1.914 0.8000000119
114107  -29.641  -93.081  2.694 0.6999999881
661  -31.847  -92.764  4.190 0.6000000238
858  -32.791  -92.040  4.285 0.6000000238
124669  -29.613  -92.744  1.910 0.8999999762
453  -30.201  -92.896  3.150 0.6000000238
1042  -33.034  -90.045  4.621 0.6999999881
675  -30.517  -92.429  2.729 0.8000000119
857  -32.083  -92.031  3.946 0.6999999881
869  -31.512  -91.833  3.370 0.8999999762
1245  -34.407  -88.352  5.287 0.6999999881
1253  -32.812  -89.331  4.369 0.8000000119
1244  -33.643  -88.261  5.188 0.6999999881
401  -18.900  -92.703  10.243 1.0000000000
410  -19.150  -92.468  9.285 0.8000000119
598  -19.938  -91.984  9.029 0.8999999762
126436  -19.911  -91.911  8.294 0.8999999762
621  -19.585  -91.787  6.921 0.8000000119
622  -20.349  -91.700  7.672 0.8999999762
123545  -20.398  -91.477  6.745 0.8000000119
645  -20.965  -91.197  5.037 0.8999999762
656  -20.644  -91.725  4.299 0.8999999762
446  -21.741  -92.128  3.438 0.8999999762
131416  -22.755  -91.122  7.276 1.0000000000
668  -22.065  -91.207  3.241 0.8999999762
672  -23.207  -91.381  2.417 0.8000000119
673  -23.909  -91.404  1.699 1.0000000000
438  -34.191  -92.861  4.887 0.3000000119
119210  -27.073  -92.356  1.160 0.8999999762
113289  -27.867  -92.789  1.355 0.8000000119
459  -30.276  -92.415  2.120 0.8999999762
676  -31.166  -91.917  1.896 0.8999999762
870  -31.947  -91.091  3.534 0.8000000119
1055  -32.463  -90.982  2.402 0.8999999762
1050  -32.695  -89.349  3.569 0.8000000119
1254  -33.245  -88.330  4.729 0.8000000119
1505  -33.686  -87.548  5.037 0.8000000119
2186  -35.578  -85.566  5.518 0.6999999881
1265  -32.984  -88.486  3.902 0.8999999762
1839  -33.946  -86.877  4.694 0.8000000119
1853  -34.404  -86.361  4.114 0.8000000119
2199  -35.336  -85.147  5.188 0.8000000119
1272  -33.483  -89.222  2.850 0.8999999762
1537  -33.837  -87.958  3.202 0.8999999762
394  -19.085  -92.941  11.907 1.0000000000
576  -21.093  -91.529  13.087 1.0000000000
130543  -21.039  -90.542  14.133 1.0000000000
395  -20.362  -92.587  12.012 0.8999999762
402  -19.610  -92.582  11.100 1.0000000000
987  -22.113  -90.366  13.732 1.0000000000
588  -20.016  -92.135  10.060 1.0000000000
403  -20.772  -92.198  11.127 1.0000000000
599  -20.877  -91.862  9.400 1.0000000000
130943  -21.655  -91.735  9.607 1.0000000000
611  -20.691  -91.799  8.572 0.8999999762
117995  -21.536  -91.667  8.905 1.0000000000
601  -22.870  -91.386  10.047 0.8999999762
624  -21.971  -91.379  7.468 1.0000000000
614  -22.860  -91.205  8.757 1.0000000000
803  -24.103  -90.923  10.597 1.0000000000
633  -21.266  -91.268  6.647 1.0000000000
818  -22.762  -91.201  8.004 1.0000000000
125931  -21.344  -91.039  5.909 0.8999999762
810  -23.541  -90.974  8.997 0.8999999762
853  -22.097  -90.834  3.825 0.8999999762
125670  -21.594  -90.963  4.471 0.8999999762
835  -22.223  -91.115  6.480 1.0000000000
819  -23.321  -90.992  8.357 1.0000000000
836  -23.320  -90.868  6.678 1.0000000000
651  -33.293  -92.529  5.506 0.3000000119
854  -22.956  -90.541  3.916 1.0000000000
652  -34.161  -92.537  5.435 0.3000000119
863  -22.546  -90.764  3.267 1.0000000000
864  -23.514  -90.840  2.307 1.0000000000
865  -24.237  -90.374  2.849 1.0000000000
871  -24.123  -90.797  1.856 1.0000000000
678  -25.461  -91.872  1.076 1.0000000000
680  -27.584  -91.920  1.085 1.0000000000
682  -29.468  -92.160  1.392 0.8999999762
882  -28.237  -91.381  1.198 1.0000000000
883  -29.237  -91.562  1.144 0.8999999762
683  -30.782  -91.791  1.355 0.8999999762
884  -30.171  -91.670  1.090 0.8999999762
126677  -31.543  -91.650  1.246 0.8999999762
119694  -33.059  -91.368  1.540 0.8999999762
885  -32.012  -91.432  1.062 0.8999999762
1056  -32.824  -90.117  2.734 0.8999999762
886  -33.102  -91.258  1.221 0.8999999762
3023  -39.613  -83.524  4.341 0.5000000000
3024  -40.680  -83.217  4.139 0.6000000238
3037  -41.797  -82.975  3.527 0.4000000060
879  -33.686  -91.043  1.743 0.8999999762
1273  -34.645  -89.933  1.932 0.8999999762
2610  -35.983  -84.498  4.035 0.8000000119
3020  -36.952  -83.652  4.818 0.8000000119
1538  -34.794  -87.986  2.426 0.8999999762
130753  -34.932  -85.769  3.960 0.8999999762
2620  -35.948  -85.069  3.206 0.8000000119
2611  -37.310  -83.612  3.975 0.6000000238
1539  -35.391  -87.374  2.084 1.0000000000
1854  -35.451  -85.722  3.216 1.0000000000
2229  -35.873  -85.698  2.430 1.0000000000
122153  -37.101  -84.607  2.036 0.6999999881
2237  -36.094  -86.227  1.572 1.0000000000
131615  -36.428  -85.243  2.038 0.8999999762
2632  -36.918  -85.196  1.047 0.6999999881
2238  -36.464  -85.983  0.989 0.6999999881
387  -19.917  -92.535  12.665 0.8999999762
570  -20.176  -91.301  13.976 1.0000000000
575  -20.384  -91.768  13.256 1.0000000000
388  -20.692  -92.242  12.570 0.8999999762
986  -21.564  -89.835  14.284 1.0000000000
982  -22.314  -89.667  14.193 1.0000000000
396  -21.394  -92.073  12.170 1.0000000000
577  -22.009  -91.260  12.947 1.0000000000
784  -22.658  -90.758  13.111 1.0000000000
589  -21.788  -91.837  11.080 0.8999999762
581  -22.352  -91.614  11.901 0.8999999762
116392  -22.113  -91.672  10.185 0.8999999762
582  -23.105  -91.264  11.695 1.0000000000
785  -23.392  -90.745  12.648 1.0000000000
591  -23.385  -91.228  10.744 1.0000000000
792  -23.859  -90.954  11.560 1.0000000000
786  -24.292  -90.467  12.376 1.0000000000
826  -23.392  -90.919  7.675 1.0000000000
131805  -24.242  -90.862  10.000 1.0000000000
846  -22.626  -90.763  4.829 0.8999999762
665  -35.259  -92.152  4.734 0.3000000119
654  -35.687  -91.967  5.102 0.3000000119
679  -26.512  -91.648  1.107 1.0000000000
881  -27.303  -91.091  1.340 1.0000000000
875  -28.811  -90.753  1.350 1.0000000000
125391  -31.041  -91.439  0.840 0.8999999762
1058  -31.585  -90.972  0.668 0.8999999762
3049  -40.927  -82.814  3.313 0.6000000238
3490  -41.730  -82.759  3.047 0.5000000000
880  -34.222  -90.828  1.435 0.8999999762
3035  -39.134  -83.296  3.990 0.6000000238
3050  -41.376  -82.824  2.510 0.6000000238
1062  -34.668  -90.309  1.381 1.0000000000
131007  -38.265  -83.862  2.658 0.6000000238
115573  -39.002  -83.500  2.960 0.6999999881
129184  -41.016  -83.327  1.857 0.6999999881
3064  -42.617  -82.876  1.183 0.5000000000
1547  -35.470  -88.615  1.530 1.0000000000
1278  -35.654  -88.975  0.995 1.0000000000
3060  -38.789  -84.089  2.008 0.6999999881
3061  -39.684  -83.672  2.224 0.6999999881
3071  -41.122  -83.886  1.065 0.6999999881
125237  -36.090  -88.024  1.056 1.0000000000
114006  -37.560  -84.721  1.058 0.6999999881
2634  -39.499  -84.353  1.133 0.6999999881
3080  -41.983  -83.983  -0.594 0.5000000000
1880  -36.261  -87.076  0.947 0.8999999762
2644  -37.902  -84.528  0.086 0.6000000238
2645  -38.883  -84.444  0.148 0.6000000238
113225  -39.743  -84.403  0.113 0.6000000238
2658  -40.390  -84.513  -0.536 0.6000000238
1559  -35.936  -87.474  0.568 0.8999999762
2242  -36.538  -85.653  0.068 0.8000000119
2655  -37.539  -84.752  -0.802 0.6999999881
2656  -38.495  -84.530  -0.786 0.6000000238
2657  -39.501  -84.551  -0.702 0.6000000238
776  -19.765  -90.409  14.555 1.0000000000
120061  -20.320  -90.119  14.449 1.0000000000
782  -20.743  -90.985  14.032 1.0000000000
120117  -21.203  -89.024  14.757 1.0000000000
1160  -17.556  -88.822  17.431 1.0000000000
132238  -20.263  -89.207  16.282 1.0000000000
1183  -20.256  -89.461  14.997 1.0000000000
130468  -22.003  -89.439  14.436 1.0000000000
131941  -15.825  -89.038  21.229 0.8999999762
943  -16.074  -89.434  20.090 1.0000000000
952  -15.929  -89.492  19.262 1.0000000000
1416  -16.099  -88.246  17.431 1.0000000000
1177  -20.770  -89.010  15.261 1.0000000000
988  -23.728  -89.981  13.337 1.0000000000
111798  -15.728  -89.088  20.917 0.8999999762
951  -15.398  -88.928  19.109 1.0000000000
983  -23.119  -89.442  14.067 1.0000000000
927  -15.623  -88.723  22.810 0.8000000119
1144  -14.974  -88.464  20.467 1.0000000000
1149  -14.988  -88.408  18.519 1.0000000000
989  -24.582  -89.752  12.989 1.0000000000
113137  -15.184  -88.545  21.468 0.8999999762
114392  -14.839  -88.337  19.420 1.0000000000
1405  -15.539  -87.713  17.803 1.0000000000
984  -23.984  -89.216  13.761 1.0000000000
1384  -14.467  -87.750  21.019 1.0000000000
1395  -14.254  -87.381  18.860 1.0000000000
793  -24.595  -90.606  11.293 1.0000000000
820  -24.025  -90.698  8.311 1.0000000000
847  -23.464  -90.634  5.641 1.0000000000
827  -24.061  -90.537  7.359 1.0000000000
122285  -23.446  -90.454  4.743 1.0000000000
837  -24.241  -90.276  6.360 1.0000000000
112612  -24.121  -90.117  5.224 1.0000000000
866  -25.218  -90.002  3.000 1.0000000000
855  -23.941  -90.154  4.011 1.0000000000
1038  -24.837  -89.704  4.694 1.0000000000
113831  -19.833  -86.079  8.021 1.0000000000
1809  -20.425  -86.166  7.287 1.0000000000
113651  -24.890  -90.565  2.037 1.0000000000
131098  -25.446  -89.629  3.591 1.0000000000
2156  -19.710  -85.895  7.813 1.0000000000
2168  -20.185  -85.920  7.248 0.8999999762
1810  -20.580  -86.478  6.595 1.0000000000
115348  -21.114  -87.050  5.921 1.0000000000
872  -25.569  -90.998  1.402 1.0000000000
115007  -25.837  -90.310  2.357 1.0000000000
867  -26.720  -89.985  2.521 1.0000000000
2178  -20.521  -85.976  6.189 0.8000000119
1819  -20.804  -86.747  5.951 1.0000000000
1821  -21.120  -87.116  5.190 1.0000000000
868  -27.570  -89.835  2.452 1.0000000000
1051  -28.431  -89.902  2.160 1.0000000000
2565  -20.516  -84.481  6.308 0.8999999762
2576  -20.870  -85.132  5.727 0.8999999762
2589  -21.069  -85.635  5.012 0.6999999881
1832  -20.894  -86.961  4.557 0.8999999762
1833  -21.031  -87.178  4.108 0.8999999762
876  -29.869  -90.877  0.967 0.8999999762
129918  -21.959  -84.276  4.537 0.6999999881
2206  -21.096  -86.171  3.219 0.6999999881
1848  -21.252  -87.174  3.098 0.8999999762
1053  -30.746  -90.356  0.999 1.0000000000
2605  -21.995  -84.782  3.688 0.6999999881
1861  -21.711  -87.089  2.299 0.8000000119
2616  -22.009  -85.299  2.588 0.6999999881
2221  -21.639  -86.375  2.369 0.8000000119
1520  -21.984  -87.470  2.475 1.0000000000
1521  -22.952  -87.579  2.822 1.0000000000
1060  -33.265  -90.560  0.791 1.0000000000
889  -34.299  -90.669  1.211 1.0000000000
2222  -22.369  -85.739  1.771 0.8000000119
2233  -22.799  -86.210  1.190 0.8000000119
1541  -22.801  -87.795  1.471 1.0000000000
1063  -35.143  -89.717  1.109 1.0000000000
1284  -35.243  -89.314  0.760 1.0000000000
2617  -22.917  -84.787  2.019 0.6000000238
2628  -23.097  -85.200  1.280 0.6999999881
1872  -22.590  -87.139  1.149 0.8999999762
1532  -23.418  -87.858  2.208 1.0000000000
1873  -23.028  -87.619  0.731 0.8999999762
1881  -23.137  -86.851  0.574 1.0000000000
1542  -23.574  -88.045  0.722 1.0000000000
1558  -35.839  -88.243  0.762 1.0000000000
1892  -35.997  -86.529  -0.184 0.8000000119
2249  -36.905  -85.192  -0.694 0.6999999881
113717  -39.108  -84.578  -1.624 0.5000000000
129535  -40.675  -84.641  -1.151 0.6000000238
2671  -41.584  -84.212  -1.445 0.5000000000
1566  -35.737  -87.201  -0.211 0.8000000119
2248  -36.501  -85.784  -0.997 0.6999999881
2258  -37.027  -85.036  -1.712 0.6999999881
2668  -38.040  -84.602  -1.738 0.6000000238
771  -19.217  -90.221  15.712 1.0000000000
1188  -20.301  -89.797  14.620 1.0000000000
1174  -18.797  -89.424  17.000 1.0000000000
124632  -16.265  -89.516  18.209 1.0000000000
1157  -15.709  -88.752  17.659 1.0000000000
1417  -16.879  -88.268  17.597 1.0000000000
1184  -21.751  -88.809  14.791 1.0000000000
1390  -13.724  -86.802  20.528 1.0000000000
990  -25.338  -89.436  12.499 1.0000000000
811  -24.350  -90.685  9.350 1.0000000000
794  -25.214  -90.207  10.945 1.0000000000
1010  -25.216  -90.084  9.541 1.0000000000
1018  -24.827  -90.220  8.581 1.0000000000
2136  -20.639  -85.674  8.664 1.0000000000
2537  -21.847  -84.627  8.179 1.0000000000
1030  -24.859  -89.734  5.734 1.0000000000
1022  -24.756  -90.031  7.198 1.0000000000
1778  -19.268  -86.445  8.958 1.0000000000
2135  -20.003  -86.071  8.924 1.0000000000
2149  -21.593  -85.524  7.787 1.0000000000
1804  -20.430  -86.136  7.565 1.0000000000
2157  -21.881  -85.847  7.201 1.0000000000
1031  -25.491  -89.255  5.254 1.0000000000
1039  -25.636  -89.331  4.223 1.0000000000
1803  -19.013  -85.975  8.389 1.0000000000
129043  -21.130  -86.497  7.182 1.0000000000
2567  -22.529  -85.567  6.756 1.0000000000
2171  -22.915  -85.805  6.085 1.0000000000
1046  -26.092  -89.610  3.327 1.0000000000
1040  -26.643  -88.921  4.137 1.0000000000
2167  -19.159  -85.428  7.498 0.8999999762
123403  -19.422  -85.029  6.993 0.6999999881
125832  -21.637  -86.954  5.974 1.0000000000
1822  -22.100  -87.119  4.829 1.0000000000
1047  -27.121  -89.339  3.223 1.0000000000
1260  -27.643  -88.720  3.769 1.0000000000
114725  -28.059  -89.209  2.982 1.0000000000
2155  -18.740  -85.652  8.017 0.8999999762
2566  -20.839  -83.489  5.881 0.6000000238
2998  -21.416  -83.322  5.498 0.5000000000
3014  -22.111  -83.395  4.985 0.4000000060
2182  -24.006  -85.645  5.218 1.0000000000
1048  -29.060  -89.255  2.652 0.8999999762
1268  -29.847  -88.890  2.572 1.0000000000
1263  -30.346  -88.261  3.065 1.0000000000
1834  -22.151  -87.275  3.966 0.8999999762
2194  -24.268  -86.088  4.528 1.0000000000
1052  -29.862  -89.713  1.728 0.8999999762
1269  -30.705  -89.116  2.017 1.0000000000
1264  -31.227  -88.034  2.648 1.0000000000
2166  -18.099  -85.159  7.329 0.8000000119
127704  -23.070  -84.076  3.189 0.5000000000
1849  -22.254  -87.439  3.209 1.0000000000
1054  -31.523  -89.900  1.059 1.0000000000
114551  -31.519  -88.875  1.803 1.0000000000
1270  -31.965  -88.271  1.975 1.0000000000
1536  -32.291  -87.635  1.724 1.0000000000
2207  -24.720  -86.421  3.890 1.0000000000
1850  -25.254  -86.691  3.290 1.0000000000
1274  -32.333  -89.356  1.168 1.0000000000
1061  -33.829  -90.211  0.682 1.0000000000
1271  -32.509  -88.445  1.383 1.0000000000
3041  -24.022  -84.064  2.528 0.5000000000
114271  -25.691  -87.015  2.864 1.0000000000
1533  -25.533  -87.636  2.107 1.0000000000
1064  -34.343  -90.251  0.867 1.0000000000
1276  -33.819  -89.332  0.393 1.0000000000
1546  -32.942  -88.151  1.029 1.0000000000
1863  -24.663  -87.534  2.428 1.0000000000
1283  -34.604  -89.290  0.483 1.0000000000
117970  -23.798  -88.098  1.484 1.0000000000
1543  -24.622  -88.388  0.972 1.0000000000
1294  -35.399  -88.505  0.314 1.0000000000
125874  -34.365  -88.435  -0.965 1.0000000000
112454  -35.236  -87.956  -0.769 0.8999999762
2677  -39.985  -84.335  -3.216 0.5000000000
1898  -36.035  -86.589  -1.243 0.6999999881
2265  -36.546  -85.830  -3.222 0.6000000238
2259  -37.663  -84.865  -2.710 0.6000000238
133393  -40.329  -84.499  -2.368 0.5000000000
130671  -19.764  -89.888  14.845 1.0000000000
976  -18.858  -89.886  16.430 1.0000000000
1165  -16.817  -88.781  17.533 1.0000000000
936  -16.629  -89.317  21.121 0.6000000238
1161  -18.642  -88.999  17.533 1.0000000000
1169  -20.372  -89.136  16.225 1.0000000000
917  -16.030  -88.847  24.094 0.4000000060
928  -16.211  -88.886  22.591 0.5000000000
1695  -14.419  -86.961  18.487 1.0000000000
1697  -15.747  -87.125  18.136 1.0000000000
1170  -21.209  -88.742  15.891 1.0000000000
1436  -22.209  -88.422  15.099 1.0000000000
1190  -22.754  -88.669  14.660 1.0000000000
1119  -15.555  -88.603  24.345 0.6999999881
1162  -19.509  -88.800  17.875 1.0000000000
1437  -22.929  -88.086  14.979 1.0000000000
1191  -23.437  -88.707  14.366 1.0000000000
1125  -15.220  -88.517  23.615 0.6999999881
1376  -14.312  -87.562  22.664 1.0000000000
1394  -13.661  -86.549  19.628 1.0000000000
1192  -24.256  -88.558  14.047 1.0000000000
1198  -24.836  -88.952  13.426 1.0000000000
2527  -21.087  -84.760  9.113 1.0000000000
1230  -25.768  -89.146  7.933 1.0000000000
1777  -19.010  -86.333  9.365 0.8999999762
2123  -19.631  -85.668  9.550 1.0000000000
2526  -20.399  -85.288  9.322 1.0000000000
2516  -20.797  -84.278  9.757 1.0000000000
2968  -22.257  -83.813  8.282 1.0000000000
1023  -25.393  -89.301  7.133 1.0000000000
1027  -25.421  -89.207  6.204 1.0000000000
2515  -20.183  -84.681  10.046 1.0000000000
2550  -22.372  -84.617  7.561 1.0000000000
1032  -26.062  -88.866  4.858 1.0000000000
1490  -17.949  -86.300  8.952 0.8999999762
2551  -22.931  -84.479  6.923 1.0000000000
2568  -23.265  -84.809  6.386 1.0000000000
1233  -25.940  -88.706  6.679 1.0000000000
117503  -23.686  -85.149  5.806 1.0000000000
127630  -27.098  -87.941  5.114 1.0000000000
1250  -27.319  -88.315  4.514 1.0000000000
2564  -19.828  -84.283  6.581 0.6999999881
3473  -22.705  -81.761  4.700 0.3000000119
2578  -24.519  -84.632  5.436 1.0000000000
1243  -27.775  -87.762  4.879 1.0000000000
1261  -28.582  -88.602  3.534 1.0000000000
1522  -30.002  -87.803  3.903 1.0000000000
125160  -18.477  -84.658  6.820 0.6999999881
2985  -20.217  -83.600  6.167 0.4000000060
2591  -24.650  -85.293  4.924 1.0000000000
2592  -25.265  -84.816  4.913 1.0000000000
1511  -28.658  -87.596  4.694 1.0000000000
2563  -18.955  -84.139  6.373 0.5000000000
2195  -25.100  -85.545  4.417 1.0000000000
2196  -25.914  -85.051  4.371 1.0000000000
1523  -30.817  -87.444  3.585 1.0000000000
2208  -25.705  -85.927  3.930 1.0000000000
1851  -26.166  -86.237  3.286 1.0000000000
1535  -31.743  -87.399  2.432 1.0000000000
1878  -32.362  -87.234  1.370 1.0000000000
1864  -26.437  -86.777  2.698 1.0000000000
123765  -25.850  -88.099  1.529 1.0000000000
1557  -33.528  -88.568  0.187 1.0000000000
118146  -25.623  -88.608  0.719 0.8999999762
1292  -34.132  -88.589  -0.587 1.0000000000
1889  -24.224  -87.879  -0.503 0.8999999762
1301  -33.609  -88.790  -1.641 1.0000000000
2676  -39.064  -84.507  -3.271 0.5000000000
1303  -34.598  -88.144  -1.915 0.8000000119
1902  -36.047  -86.349  -2.554 0.6000000238
2267  -38.095  -84.695  -3.428 0.5000000000
1302  -34.121  -88.665  -1.712 0.8999999762
1574  -34.922  -87.487  -2.991 0.8000000119
127642  -36.118  -86.263  -3.652 0.6000000238
110490  -36.687  -85.154  -4.910 0.6000000238
127546  -34.567  -87.283  -3.489 0.5000000000
2277  -36.099  -85.689  -4.663 0.6000000238
1909  -35.524  -86.028  -4.502 0.4000000060
765  -18.294  -90.229  17.487 1.0000000000
758  -17.599  -89.939  18.074 1.0000000000
970  -16.758  -89.123  17.681 1.0000000000
1126  -16.415  -88.819  23.736 0.3000000119
123996  -18.947  -87.819  18.727 1.0000000000
1154  -19.588  -88.126  18.471 1.0000000000
922  -16.820  -89.063  22.721 0.3000000119
1682  -15.796  -86.527  18.842 1.0000000000
1407  -17.292  -87.734  18.299 1.0000000000
1427  -20.900  -88.667  16.882 1.0000000000
1432  -22.024  -88.332  15.696 1.0000000000
1113  -15.245  -88.257  25.250 0.5000000000
1679  -13.394  -85.672  19.687 1.0000000000
1433  -22.730  -87.870  15.473 1.0000000000
126176  -14.856  -88.233  24.373 0.6999999881
1383  -13.925  -87.045  21.672 1.0000000000
1438  -23.673  -87.448  15.006 1.0000000000
116170  -24.156  -88.041  14.400 1.0000000000
1656  -14.263  -87.446  24.200 0.6999999881
1368  -14.156  -87.241  23.296 0.8000000119
1193  -25.010  -88.046  13.860 1.0000000000
1206  -25.897  -89.150  11.933 1.0000000000
1199  -25.689  -88.535  12.801 1.0000000000
1011  -25.841  -89.324  9.377 1.0000000000
2955  -21.496  -83.654  9.533 1.0000000000
2528  -21.699  -84.175  8.758 1.0000000000
1019  -25.488  -89.605  8.635 1.0000000000
1207  -26.322  -88.586  11.739 1.0000000000
2122  -18.984  -85.657  10.054 0.8999999762
1468  -17.776  -86.306  9.764 0.8999999762
2502  -19.469  -84.317  11.342 1.0000000000
2942  -20.618  -83.828  10.468 1.0000000000
2943  -21.070  -83.102  10.779 1.0000000000
2978  -23.031  -83.657  7.281 1.0000000000
2986  -23.492  -83.830  6.649 1.0000000000
1802  -18.221  -86.015  8.474 0.8999999762
3472  -21.599  -82.091  4.979 0.4000000060
2569  -23.911  -84.134  5.984 1.0000000000
2999  -24.751  -83.668  5.798 1.0000000000
1238  -26.713  -87.998  5.763 1.0000000000
1242  -27.424  -87.576  5.664 1.0000000000
3000  -25.584  -83.230  5.738 1.0000000000
3456  -20.327  -82.744  5.044 0.4000000060
2579  -25.376  -84.036  5.309 1.0000000000
2562  -17.433  -84.419  6.337 0.4000000060
119600  -25.943  -84.428  4.902 1.0000000000
2209  -26.660  -85.362  3.793 1.0000000000
2996  -18.693  -83.551  4.922 0.3000000119
2210  -27.578  -85.269  3.473 1.0000000000
1524  -31.344  -87.102  3.244 1.0000000000
2223  -27.048  -86.027  3.167 1.0000000000
2224  -27.897  -85.881  2.963 1.0000000000
111783  -27.311  -86.553  2.517 1.0000000000
1865  -28.181  -86.368  2.309 1.0000000000
1534  -26.625  -87.370  2.069 1.0000000000
1874  -27.578  -87.147  1.914 1.0000000000
1555  -31.180  -87.311  0.098 1.0000000000
1556  -32.693  -87.631  0.536 1.0000000000
115877  -32.224  -87.559  -0.144 1.0000000000
117430  -33.084  -88.106  -0.449 1.0000000000
1549  -24.898  -88.912  0.052 0.8999999762
1290  -30.745  -88.804  -1.192 1.0000000000
1564  -32.538  -88.281  -1.089 1.0000000000
126262  -33.360  -88.561  -1.230 1.0000000000
1299  -31.657  -89.349  -1.746 1.0000000000
1300  -32.791  -89.256  -1.844 1.0000000000
1074  -32.680  -89.078  -1.721 1.0000000000
1072  -30.899  -89.908  -2.347 1.0000000000
128221  -31.058  -89.608  -2.550 0.8000000119
1073  -31.876  -89.487  -2.113 1.0000000000
1307  -33.324  -88.968  -2.105 0.8000000119
1579  -34.580  -87.090  -3.519 0.6000000238
110707  -36.824  -84.792  -5.069 0.3000000119
2687  -36.188  -85.257  -4.842 0.5000000000
1079  -31.554  -89.167  -2.519 0.6000000238
1578  -33.863  -87.112  -3.406 0.5000000000
2275  -35.148  -85.757  -4.453 0.4000000060
126340  -34.672  -86.541  -3.758 0.5000000000
1670  -17.624  -86.141  20.027 1.0000000000
1684  -18.184  -86.724  19.582 1.0000000000
118697  -20.262  -87.732  18.745 1.0000000000
111953  -16.192  -88.307  25.002 0.4000000060
2021  -15.200  -85.782  19.442 1.0000000000
2022  -16.480  -86.005  19.750 1.0000000000
1698  -16.683  -87.134  18.604 1.0000000000
1420  -21.472  -88.130  17.511 1.0000000000
1666  -12.888  -85.335  20.918 1.0000000000
1429  -22.546  -87.723  16.319 1.0000000000
1715  -23.253  -87.319  15.886 1.0000000000
127907  -13.667  -85.926  22.548 0.8999999762
125920  -13.392  -86.184  21.003 1.0000000000
1439  -24.191  -87.436  14.687 1.0000000000
1003  -25.685  -89.691  10.374 1.0000000000
1449  -25.867  -87.529  13.234 1.0000000000
3414  -22.576  -82.314  9.523 1.0000000000
1200  -26.393  -87.872  12.359 1.0000000000
2957  -22.697  -82.929  8.340 1.0000000000
1215  -26.607  -88.486  10.758 1.0000000000
2121  -18.337  -85.756  10.490 0.8999999762
2111  -18.889  -85.033  10.917 0.8999999762
3398  -22.203  -82.230  10.246 1.0000000000
2492  -19.389  -83.929  12.095 1.0000000000
2493  -20.018  -83.584  11.828 1.0000000000
2933  -21.014  -82.708  11.520 1.0000000000
2934  -21.704  -82.372  11.073 1.0000000000
1231  -26.384  -88.326  8.058 1.0000000000
2922  -20.904  -82.430  12.341 1.0000000000
3383  -21.421  -82.189  11.847 1.0000000000
3885  -22.664  -81.330  11.749 1.0000000000
3437  -23.775  -82.827  7.079 1.0000000000
2987  -24.247  -83.294  6.373 1.0000000000
127685  -25.995  -88.748  7.388 1.0000000000
1234  -26.452  -88.240  7.120 1.0000000000
3446  -24.779  -82.534  6.718 1.0000000000
1496  -26.896  -87.827  7.471 1.0000000000
2154  -17.735  -85.577  7.915 0.8000000119
3944  -22.111  -81.731  4.784 0.3000000119
1499  -27.070  -87.625  6.624 1.0000000000
2549  -17.100  -84.824  7.103 0.4000000060
2580  -26.350  -83.725  5.230 1.0000000000
2593  -26.752  -84.430  4.464 1.0000000000
112157  -27.912  -87.141  6.240 1.0000000000
1512  -29.575  -87.399  4.542 1.0000000000
1823  -28.707  -86.667  5.889 1.0000000000
2575  -18.015  -84.052  5.651 0.4000000060
2606  -27.382  -84.834  4.036 1.0000000000
2607  -28.090  -84.696  3.879 1.0000000000
2608  -28.926  -84.616  3.825 1.0000000000
1825  -30.155  -86.211  5.225 1.0000000000
1837  -30.629  -86.349  4.643 1.0000000000
1514  -31.064  -86.725  3.997 1.0000000000
2211  -28.443  -85.166  3.309 1.0000000000
2212  -29.447  -85.189  3.285 1.0000000000
2214  -31.061  -85.885  3.735 1.0000000000
1852  -31.256  -86.444  3.543 1.0000000000
1868  -32.058  -86.977  2.105 1.0000000000
2225  -28.727  -85.683  2.731 1.0000000000
125125  -31.262  -86.448  1.549 1.0000000000
124801  -31.969  -86.746  1.682 1.0000000000
1545  -27.781  -87.595  1.324 1.0000000000
124899  -28.542  -86.955  1.635 1.0000000000
115623  -25.579  -89.051  0.021 0.8999999762
1550  -26.418  -88.738  0.457 1.0000000000
1285  -25.539  -88.917  -1.257 0.8999999762
1280  -26.105  -89.208  -0.400 0.8999999762
1563  -30.483  -88.057  -0.431 1.0000000000
1291  -31.516  -88.051  -0.758 1.0000000000
1560  -24.834  -88.474  -0.718 0.8000000119
1298  -30.326  -89.886  -1.783 1.0000000000
122288  -31.766  -88.079  -2.795 0.6000000238
132879  -36.303  -84.757  -4.908 0.3000000119
1081  -30.207  -89.511  -3.047 0.8999999762
112278  -31.301  -88.799  -2.731 0.6999999881
1577  -32.964  -87.319  -3.119 0.5000000000
1904  -33.398  -86.526  -3.139 0.5000000000
1907  -34.873  -86.142  -4.159 0.4000000060
1671  -18.672  -86.197  20.211 1.0000000000
1399  -20.022  -87.217  19.281 1.0000000000
1398  -19.461  -87.506  19.029 1.0000000000
1699  -20.813  -87.245  19.141 1.0000000000
1346  -14.920  -87.662  26.611 0.5000000000
2007  -15.870  -85.348  20.214 1.0000000000
2009  -18.095  -85.679  20.694 1.0000000000
1706  -22.150  -87.448  17.887 1.0000000000
2005  -13.484  -84.943  19.923 1.0000000000
114605  -23.159  -87.129  16.730 1.0000000000
1642  -14.401  -87.210  26.125 0.6000000238
119817  -13.165  -85.070  21.852 1.0000000000
2381  -14.080  -84.551  20.568 1.0000000000
1731  -24.456  -86.799  15.031 1.0000000000
1650  -13.984  -86.337  25.267 0.6999999881
1442  -25.432  -87.156  14.038 1.0000000000
1222  -26.218  -88.904  10.068 1.0000000000
2110  -18.184  -85.230  11.365 0.8999999762
2491  -18.911  -83.964  12.773 0.8999999762
3385  -22.629  -81.669  10.975 1.0000000000
111354  -23.383  -82.141  8.464 1.0000000000
113559  -26.357  -88.599  9.109 1.0000000000
1223  -26.727  -88.192  9.815 1.0000000000
1470  -26.955  -87.723  10.493 1.0000000000
2920  -19.707  -83.460  12.699 1.0000000000
1492  -27.070  -87.559  8.098 1.0000000000
122200  -26.850  -87.865  8.881 1.0000000000
1788  -17.319  -86.061  9.268 0.8999999762
3872  -22.331  -81.338  12.418 1.0000000000
123013  -27.318  -87.172  8.780 1.0000000000
2145  -16.687  -85.575  8.564 0.8000000119
132968  -20.988  -82.035  12.853 1.0000000000
3447  -25.741  -82.431  6.308 1.0000000000
2548  -16.172  -84.713  6.952 0.5000000000
3459  -26.429  -82.957  5.832 1.0000000000
3460  -27.238  -82.885  5.971 1.0000000000
1497  -27.408  -87.299  7.422 1.0000000000
1805  -28.028  -86.762  7.455 1.0000000000
3471  -20.860  -82.190  4.548 0.4000000060
3002  -27.748  -83.238  5.454 1.0000000000
1814  -28.449  -86.511  6.805 1.0000000000
2183  -29.861  -85.673  5.674 1.0000000000
2574  -17.079  -83.856  5.333 0.4000000060
3017  -28.183  -83.666  4.903 1.0000000000
3455  -19.406  -83.007  4.342 0.3000000119
2594  -27.713  -84.198  4.362 1.0000000000
2595  -28.519  -84.206  4.364 1.0000000000
2197  -30.680  -85.644  4.453 1.0000000000
2609  -29.742  -84.712  4.100 1.0000000000
2226  -30.201  -85.584  2.874 1.0000000000
2236  -30.865  -86.015  2.357 1.0000000000
1866  -29.048  -86.181  2.164 1.0000000000
1884  -29.163  -87.156  1.158 1.0000000000
1886  -30.820  -86.716  0.825 1.0000000000
1876  -30.372  -86.357  1.536 1.0000000000
1282  -27.847  -88.606  0.250 1.0000000000
1562  -29.535  -88.269  -0.203 1.0000000000
1893  -25.487  -88.229  -1.256 0.8999999762
1295  -26.066  -89.088  -1.628 0.8999999762
1311  -30.707  -88.828  -2.938 0.8999999762
2269  -33.763  -86.101  -3.206 0.4000000060
2271  -34.723  -85.387  -4.117 0.4000000060
1348  -15.836  -87.757  26.341 0.1000000015
1672  -19.783  -86.085  20.350 1.0000000000
1347  -15.403  -87.759  26.615 0.3000000119
1686  -20.319  -86.731  19.733 1.0000000000
2383  -16.559  -85.065  21.037 1.0000000000
2032  -22.245  -86.436  19.296 1.0000000000
126429  -14.143  -86.501  26.440 0.6000000238
2382  -15.353  -84.745  20.899 1.0000000000
1707  -22.940  -86.928  17.589 1.0000000000
1996  -12.880  -84.563  20.988 1.0000000000
2366  -13.346  -84.136  21.209 1.0000000000
2039  -23.343  -86.262  18.065 1.0000000000
1708  -23.569  -86.456  17.179 1.0000000000
1724  -23.949  -86.973  15.557 1.0000000000
112195  -13.882  -85.856  24.131 0.8000000119
2063  -24.369  -86.226  15.989 1.0000000000
1725  -24.550  -86.396  15.460 1.0000000000
1732  -25.128  -86.358  14.767 1.0000000000
3399  -22.924  -81.641  10.007 1.0000000000
1742  -25.657  -86.289  14.209 1.0000000000
1755  -26.107  -86.617  13.436 1.0000000000
1768  -17.609  -85.839  10.803 0.8999999762
2109  -17.322  -85.513  11.701 0.8999999762
2477  -17.703  -84.818  13.390 0.8999999762
3415  -23.257  -81.858  9.281 1.0000000000
113300  -26.566  -87.052  12.672 1.0000000000
2907  -19.353  -83.399  13.371 1.0000000000
3374  -20.611  -82.371  13.071 1.0000000000
1769  -27.111  -86.703  11.971 1.0000000000
1456  -16.767  -85.876  10.954 0.8000000119
3860  -21.944  -80.957  13.764 1.0000000000
3428  -24.310  -81.710  8.250 1.0000000000
1458  -27.116  -87.203  11.182 1.0000000000
1467  -17.060  -86.201  10.091 0.8000000119
1787  -16.678  -85.796  9.443 0.6999999881
119049  -24.567  -82.052  7.467 1.0000000000
3438  -25.533  -81.911  7.081 1.0000000000
1789  -27.978  -86.261  9.378 1.0000000000
3928  -26.370  -81.683  7.559 1.0000000000
119564  -27.883  -86.603  8.777 1.0000000000
2560  -15.526  -84.173  6.254 0.3000000119
3448  -26.715  -82.397  6.400 1.0000000000
119761  -27.891  -82.535  7.235 1.0000000000
1806  -28.524  -86.150  7.510 1.0000000000
3450  -28.260  -82.963  6.590 1.0000000000
2570  -28.850  -83.631  6.603 1.0000000000
2571  -29.317  -84.420  6.588 1.0000000000
2173  -29.510  -85.250  6.516 1.0000000000
3003  -28.548  -83.377  5.757 1.0000000000
3004  -29.307  -83.995  5.792 1.0000000000
129878  -29.728  -84.463  4.965 1.0000000000
2581  -29.687  -84.818  5.795 1.0000000000
2582  -30.237  -85.196  5.133 1.0000000000
2213  -30.430  -85.321  3.751 1.0000000000
2227  -30.884  -85.798  3.209 1.0000000000
2235  -29.912  -85.975  2.148 1.0000000000
1552  -28.418  -87.780  0.856 1.0000000000
1553  -29.330  -87.617  0.550 1.0000000000
1885  -29.895  -86.897  0.975 1.0000000000
1281  -26.997  -89.075  -0.029 1.0000000000
1561  -28.621  -88.496  0.048 1.0000000000
1066  -26.616  -89.330  -1.633 1.0000000000
1068  -27.929  -90.077  -1.904 1.0000000000
111765  -28.725  -89.387  -0.906 1.0000000000
1289  -29.796  -89.145  -1.024 1.0000000000
1296  -26.654  -89.196  -2.005 1.0000000000
1069  -27.266  -89.719  -2.116 0.8999999762
1076  -28.478  -89.915  -2.939 0.8999999762
1070  -28.666  -90.139  -2.583 0.8999999762
1895  -27.457  -87.435  -1.909 0.8000000119
1310  -29.819  -89.195  -3.090 0.8999999762
1572  -29.506  -88.610  -2.958 0.6999999881
119682  -31.150  -88.042  -2.804 0.6000000238
111823  -32.863  -86.357  -2.737 0.5000000000
2268  -32.743  -86.188  -2.562 0.5000000000
2680  -34.237  -85.593  -3.461 0.4000000060
1624  -15.307  -87.009  28.030 0.2000000030
1615  -15.071  -86.734  28.504 0.2000000030
1341  -15.136  -87.376  27.372 0.3000000119
1958  -14.901  -86.592  28.560 0.3000000119
124374  -19.027  -85.613  20.812 1.0000000000
127124  -19.242  -85.097  21.304 1.0000000000
2011  -20.486  -85.654  20.702 1.0000000000
133084  -14.313  -86.600  27.109 0.5000000000
1997  -17.593  -85.152  21.160 1.0000000000
2371  -18.063  -84.648  21.734 1.0000000000
2033  -23.026  -86.018  18.889 1.0000000000
2369  -16.235  -84.569  21.504 1.0000000000
2367  -13.796  -84.138  21.105 1.0000000000
2049  -24.160  -85.950  16.741 1.0000000000
1641  -13.942  -85.576  25.884 0.6999999881
2345  -13.966  -84.534  25.336 0.8000000119
1987  -13.912  -84.955  23.735 1.0000000000
128325  -13.660  -84.667  22.730 1.0000000000
2359  -13.855  -84.021  22.749 1.0000000000
2805  -14.103  -83.966  22.267 1.0000000000
2351  -13.940  -84.362  24.331 1.0000000000
2078  -25.481  -85.735  14.652 1.0000000000
2090  -25.997  -85.440  14.108 1.0000000000
132841  -18.346  -84.283  13.271 1.0000000000
2099  -26.289  -85.801  13.549 1.0000000000
2908  -19.962  -82.841  13.411 1.0000000000
3416  -24.059  -81.510  9.010 1.0000000000
1756  -26.785  -86.102  12.776 1.0000000000
1786  -16.130  -85.526  9.842 0.6999999881
3368  -21.144  -81.705  13.487 1.0000000000
2112  -27.675  -85.499  11.508 1.0000000000
3861  -22.737  -80.801  13.119 1.0000000000
3918  -25.425  -81.574  8.040 1.0000000000
2137  -28.122  -85.629  9.761 1.0000000000
2547  -15.217  -84.439  7.066 0.5000000000
124979  -27.608  -82.168  7.724 1.0000000000
2150  -28.267  -85.723  8.857 1.0000000000
112828  -28.668  -83.527  8.135 1.0000000000
2538  -28.564  -84.881  8.672 1.0000000000
3441  -28.064  -82.534  7.912 1.0000000000
2979  -28.485  -83.126  7.447 1.0000000000
2552  -28.984  -84.035  7.452 1.0000000000
2172  -29.135  -85.671  7.186 1.0000000000
1288  -27.646  -89.381  -0.728 1.0000000000
1570  -27.720  -88.667  -2.543 0.8999999762
1305  -28.084  -89.617  -2.832 0.8999999762
2372  -19.901  -84.615  21.611 1.0000000000
2320  -14.320  -84.741  28.862 0.4000000060
2808  -17.569  -84.149  22.236 1.0000000000
116562  -18.944  -84.602  21.719 1.0000000000
2023  -20.859  -86.189  20.275 1.0000000000
2340  -13.909  -84.804  26.640 0.5000000000
1957  -14.270  -85.897  27.933 0.5000000000
2807  -16.553  -84.201  22.127 1.0000000000
2385  -21.608  -84.800  21.008 1.0000000000
2394  -22.150  -85.275  20.384 1.0000000000
2769  -13.627  -83.650  26.832 0.5000000000
122652  -14.650  -84.118  21.727 1.0000000000
2796  -15.894  -83.736  22.551 1.0000000000
2404  -23.268  -85.249  19.193 1.0000000000
120059  -14.478  -83.588  22.578 1.0000000000
2034  -23.590  -85.477  18.439 1.0000000000
2785  -13.581  -83.441  24.141 0.8999999762
2788  -13.743  -83.396  23.443 1.0000000000
2417  -24.098  -84.792  18.014 1.0000000000
2434  -24.399  -85.105  17.067 1.0000000000
2050  -24.580  -85.363  16.221 1.0000000000
2448  -25.495  -84.538  15.066 1.0000000000
2064  -24.815  -85.687  15.605 1.0000000000
2462  -25.747  -85.018  14.563 1.0000000000
3899  -23.583  -81.263  10.587 1.0000000000
3400  -23.855  -81.426  9.799 1.0000000000
116488  -26.907  -84.769  13.028 1.0000000000
3873  -23.063  -80.835  12.191 1.0000000000
2101  -27.270  -85.276  12.419 1.0000000000
3358  -20.523  -81.786  14.334 1.0000000000
3347  -20.607  -81.458  15.002 1.0000000000
4338  -22.751  -80.517  14.024 1.0000000000
3917  -25.058  -81.438  8.828 1.0000000000
2133  -15.903  -85.387  9.578 0.5000000000
3850  -22.097  -80.621  14.545 1.0000000000
3919  -26.452  -81.417  8.471 1.0000000000
2517  -28.219  -84.073  10.722 1.0000000000
115513  -28.005  -84.875  11.095 1.0000000000
2535  -15.022  -84.628  8.063 0.5000000000
3929  -27.170  -81.740  7.978 1.0000000000
3418  -28.207  -82.596  9.127 1.0000000000
2958  -28.381  -83.158  9.445 1.0000000000
2530  -28.411  -84.012  9.847 1.0000000000
2559  -14.480  -83.603  6.228 0.4000000060
117540  -28.598  -83.981  8.922 1.0000000000
2138  -28.375  -84.881  9.384 1.0000000000
2810  -19.407  -84.016  22.206 1.0000000000
3212  -12.109  -82.904  28.750 0.4000000060
2745  -12.804  -83.388  29.435 0.4000000060
2809  -18.509  -84.084  22.236 1.0000000000
2373  -21.006  -84.221  21.665 1.0000000000
113914  -22.440  -84.509  20.601 1.0000000000
3233  -13.084  -82.734  26.574 0.6000000238
2761  -13.044  -83.255  27.477 0.5000000000
2797  -17.037  -83.660  22.681 1.0000000000
3722  -12.181  -81.676  25.427 0.8000000119
3732  -12.543  -81.804  24.697 0.8999999762
3731  -11.492  -81.241  24.918 1.0000000000
122929  -15.586  -83.165  23.178 1.0000000000
2395  -22.915  -84.916  19.932 1.0000000000
2775  -13.438  -83.099  24.899 0.8999999762
3254  -13.084  -82.573  24.355 0.8999999762
110810  -12.907  -82.195  23.979 1.0000000000
3740  -12.923  -81.602  23.928 1.0000000000
3268  -14.017  -82.384  23.411 1.0000000000
2795  -14.724  -83.631  22.484 1.0000000000
2405  -23.677  -84.829  18.748 1.0000000000
2776  -13.812  -83.676  25.721 0.6999999881
3267  -13.802  -82.801  23.331 1.0000000000
3886  -23.346  -81.059  11.398 1.0000000000
2852  -24.287  -83.953  18.033 1.0000000000
2418  -24.546  -84.219  17.295 1.0000000000
2435  -24.772  -84.545  16.476 1.0000000000
4355  -25.771  -79.808  12.391 1.0000000000
3359  -25.703  -83.693  14.976 1.0000000000
3887  -24.259  -80.763  11.065 1.0000000000
4362  -25.182  -80.283  11.594 1.0000000000
4356  -26.747  -79.942  12.546 1.0000000000
2892  -25.925  -84.272  14.454 1.0000000000
1740  -16.208  -85.843  12.901 0.6999999881
2089  -16.888  -85.340  13.581 0.8999999762
3900  -24.532  -81.019  10.291 1.0000000000
4364  -26.920  -80.437  11.152 1.0000000000
2480  -26.547  -84.404  13.487 1.0000000000
117246  -15.862  -85.863  12.074 0.6999999881
2875  -19.492  -82.552  14.811 1.0000000000
3908  -24.842  -81.223  9.557 1.0000000000
3901  -25.652  -80.782  10.112 1.0000000000
4370  -27.250  -80.785  10.756 1.0000000000
126219  -27.457  -80.724  11.833 1.0000000000
112163  -19.919  -81.940  15.030 1.0000000000
3909  -25.912  -81.184  9.224 1.0000000000
4374  -27.253  -80.944  10.257 1.0000000000
3902  -27.600  -81.293  10.607 1.0000000000
125083  -27.830  -82.637  11.765 1.0000000000
2935  -27.794  -83.544  11.930 1.0000000000
2495  -27.427  -84.290  12.365 1.0000000000
4311  -22.309  -80.280  15.217 1.0000000000
3910  -26.877  -81.246  9.186 1.0000000000
3920  -27.321  -81.627  8.807 1.0000000000
3401  -27.913  -81.771  10.012 1.0000000000
111875  -27.904  -82.156  10.828 1.0000000000
2945  -28.026  -83.277  11.179 1.0000000000
112693  -14.415  -83.193  5.326 0.3000000119
3417  -27.896  -82.009  9.187 1.0000000000
2946  -28.253  -83.149  10.300 1.0000000000
3211  -11.373  -82.046  29.201 0.4000000060
3695  -10.847  -81.647  28.152 0.4000000060
2799  -18.940  -83.428  22.571 1.0000000000
110870  -20.230  -83.935  22.155 1.0000000000
3221  -11.676  -82.397  27.770 0.5000000000
3271  -16.544  -83.152  23.202 1.0000000000
3272  -17.580  -83.070  23.175 1.0000000000
2374  -21.970  -84.067  21.254 1.0000000000
3694  -10.543  -81.151  27.497 0.5000000000
3712  -11.051  -81.763  27.044 0.6000000238
115303  -12.430  -80.924  24.491 1.0000000000
3741  -13.634  -81.662  23.736 1.0000000000
3743  -15.698  -81.933  23.952 1.0000000000
3261  -17.110  -82.424  23.538 1.0000000000
3754  -14.530  -82.364  23.501 1.0000000000
3270  -15.196  -82.503  23.541 1.0000000000
2386  -23.119  -84.141  20.091 1.0000000000
3742  -14.116  -81.658  23.755 1.0000000000
4219  -14.245  -81.081  24.150 1.0000000000
127419  -25.075  -83.555  16.575 1.0000000000
2876  -25.280  -83.972  15.649 1.0000000000
3874  -24.014  -80.551  11.899 1.0000000000
130168  -26.087  -79.634  13.091 1.0000000000
115629  -26.755  -80.181  13.887 1.0000000000
113814  -26.647  -82.736  13.856 1.0000000000
2893  -26.168  -83.390  14.254 1.0000000000
1739  -15.441  -85.924  13.199 0.6999999881
2088  -16.024  -85.864  13.747 0.6999999881
2459  -17.488  -84.730  14.272 1.0000000000
2890  -18.656  -83.596  14.547 1.0000000000
116413  -18.983  -82.953  15.007 1.0000000000
4340  -24.375  -79.883  13.311 1.0000000000
132882  -24.960  -79.587  13.780 1.0000000000
4341  -25.299  -79.690  13.164 1.0000000000
4343  -27.302  -80.460  12.316 1.0000000000
3863  -27.285  -81.406  13.140 1.0000000000
117715  -14.945  -85.059  11.141 0.5000000000
1774  -15.485  -85.348  10.548 0.5000000000
3814  -20.714  -80.791  16.153 1.0000000000
3839  -21.635  -80.676  15.134 1.0000000000
4325  -23.385  -79.995  14.403 1.0000000000
3376  -27.615  -82.033  12.451 1.0000000000
3370  -27.090  -82.476  13.223 1.0000000000
2910  -26.702  -83.522  13.468 1.0000000000
2132  -15.036  -84.796  9.939 0.5000000000
4312  -23.095  -79.853  15.093 1.0000000000
2923  -27.377  -83.252  12.612 1.0000000000
2494  -27.009  -84.079  13.020 1.0000000000
2546  -14.112  -83.979  7.295 0.5000000000
128471  -13.228  -83.054  6.722 0.3000000119
3686  -10.660  -81.036  29.240 0.4000000060
3678  -11.024  -81.213  30.302 0.4000000060
3205  -12.080  -82.831  29.779 0.4000000060
5220  -10.309  -78.900  25.069 0.6999999881
4729  -11.236  -79.817  24.520 0.8000000119
5233  -11.695  -78.976  24.218 0.8000000119
125468  -19.241  -82.911  22.837 1.0000000000
2800  -19.824  -83.226  22.530 1.0000000000
4184  -10.363  -80.584  26.968 0.6000000238
116919  -10.275  -80.020  26.377 0.8000000119
4190  -10.535  -80.260  25.407 0.8000000119
116646  -12.218  -79.913  24.378 1.0000000000
3262  -18.084  -82.346  23.441 1.0000000000
2801  -20.864  -83.294  22.250 1.0000000000
3721  -11.327  -81.295  25.935 0.8000000119
4191  -10.781  -80.955  25.037 0.8000000119
4204  -13.002  -80.434  24.051 1.0000000000
3744  -16.684  -81.877  23.914 1.0000000000
3746  -18.518  -81.695  23.727 1.0000000000
3274  -19.733  -82.610  22.892 1.0000000000
3275  -20.399  -82.594  22.679 1.0000000000
3281  -21.770  -82.805  22.022 1.0000000000
2811  -22.294  -83.321  21.404 1.0000000000
2817  -22.731  -83.805  20.807 1.0000000000
4205  -13.607  -80.359  24.262 1.0000000000
3757  -21.614  -82.102  22.491 1.0000000000
3288  -23.035  -83.089  20.977 1.0000000000
2818  -23.269  -83.419  20.267 1.0000000000
2827  -23.686  -83.605  19.473 1.0000000000
2837  -23.936  -84.165  18.713 1.0000000000
3299  -24.531  -81.740  19.600 1.0000000000
3316  -24.140  -82.708  19.414 1.0000000000
2838  -24.303  -83.236  18.569 1.0000000000
3801  -25.142  -81.321  18.876 1.0000000000
3327  -25.312  -81.767  17.980 1.0000000000
114023  -24.815  -82.632  18.037 1.0000000000
3338  -25.497  -82.525  16.521 1.0000000000
3829  -25.950  -80.910  16.605 1.0000000000
3328  -25.636  -81.755  16.997 1.0000000000
110491  -25.901  -81.752  16.036 1.0000000000
3348  -25.621  -82.947  15.673 1.0000000000
132428  -25.949  -82.922  14.884 1.0000000000
1730  -15.275  -86.008  13.842 0.6999999881
2076  -16.664  -85.239  14.451 0.8999999762
2433  -17.810  -83.941  15.691 1.0000000000
112118  -18.136  -83.250  16.016 1.0000000000
3815  -25.794  -80.914  17.462 1.0000000000
4314  -26.179  -80.233  15.427 1.0000000000
4327  -26.510  -80.393  14.627 1.0000000000
3349  -26.125  -82.113  15.175 1.0000000000
113078  -15.491  -85.623  12.249 0.6999999881
2863  -18.410  -82.665  16.381 1.0000000000
3346  -19.303  -82.398  15.409 1.0000000000
4835  -25.842  -79.470  15.529 1.0000000000
4858  -25.799  -79.407  13.855 1.0000000000
3862  -26.909  -81.853  13.889 1.0000000000
3813  -20.014  -81.227  16.330 1.0000000000
4280  -21.129  -80.304  16.797 1.0000000000
4833  -24.099  -79.436  14.944 1.0000000000
112968  -25.501  -79.092  15.993 1.0000000000
2534  -13.907  -84.049  8.423 0.5000000000
4298  -22.644  -79.797  15.891 1.0000000000
4299  -23.496  -79.401  15.550 1.0000000000
111504  -24.249  -78.978  15.785 1.0000000000
4160  -10.316  -80.225  29.005 0.4000000060
5232  -10.915  -79.029  24.376 0.8000000119
4699  -10.153  -79.754  27.447 0.5000000000
4711  -10.164  -79.101  26.887 0.6000000238
4715  -10.289  -79.451  25.759 0.6999999881
122517  -12.632  -79.071  24.314 1.0000000000
111859  -13.061  -79.688  24.238 1.0000000000
4716  -14.037  -79.174  25.140 1.0000000000
3735  -17.200  -81.206  24.245 1.0000000000
4220  -18.048  -81.169  24.182 1.0000000000
3747  -19.370  -81.491  23.623 1.0000000000
3755  -20.067  -81.965  23.208 1.0000000000
133492  -14.194  -80.533  24.452 1.0000000000
3733  -15.264  -81.284  24.345 1.0000000000
3734  -16.270  -81.250  24.316 1.0000000000
3756  -20.859  -81.292  23.327 1.0000000000
3758  -22.199  -81.429  22.494 1.0000000000
3283  -23.398  -82.211  20.932 1.0000000000
3770  -24.041  -81.561  20.403 1.0000000000
111794  -24.953  -80.901  19.448 1.0000000000
121802  -15.365  -85.913  13.443 0.6999999881
2061  -16.442  -85.153  15.170 0.6999999881
3326  -19.390  -81.610  16.536 1.0000000000
3802  -25.591  -80.740  18.285 1.0000000000
1751  -14.813  -85.252  12.532 0.6000000238
129811  -19.756  -81.099  16.871 1.0000000000
110735  -20.339  -80.704  16.870 1.0000000000
4282  -25.894  -79.988  16.969 1.0000000000
4267  -25.322  -80.386  18.988 1.0000000000
2525  -14.410  -84.251  10.049 0.5000000000
4281  -21.965  -79.833  16.648 1.0000000000
5327  -25.111  -78.504  16.817 1.0000000000
2967  -13.261  -83.369  7.588 0.4000000060
2966  -12.257  -82.189  8.036 0.3000000119
4820  -22.687  -79.416  16.579 1.0000000000
5326  -24.213  -78.632  16.664 1.0000000000
3454  -14.295  -81.660  4.776 0.2000000030
3942  -14.926  -81.228  4.644 0.1000000015
4675  -10.872  -79.531  29.921 0.3000000119
5766  -10.585  -77.271  23.245 0.8999999762
6323  -11.807  -76.596  23.738 0.8999999762
6308  -12.041  -77.562  24.093 1.0000000000
6309  -12.937  -76.674  24.600 1.0000000000
6295  -13.733  -77.235  25.170 1.0000000000
5170  -10.765  -78.935  29.391 0.4000000060
113432  -9.838  -77.088  25.809 0.8000000119
113101  -10.535  -78.300  24.395 0.8999999762
5752  -11.058  -78.097  23.812 0.8999999762
5736  -13.522  -77.958  25.127 1.0000000000
119286  -15.178  -77.863  25.655 1.0000000000
127430  -10.286  -78.134  28.068 0.6000000238
5735  -10.077  -77.997  25.514 0.6999999881
5234  -12.310  -78.362  24.266 1.0000000000
5221  -13.798  -78.517  25.143 1.0000000000
5737  -14.272  -77.838  25.412 1.0000000000
4730  -13.373  -79.078  24.687 1.0000000000
4717  -14.742  -79.222  25.366 1.0000000000
125207  -15.391  -78.694  25.552 1.0000000000
4718  -16.256  -78.901  25.467 1.0000000000
4719  -17.133  -79.053  25.283 1.0000000000
124716  -17.673  -80.515  24.493 1.0000000000
4732  -15.439  -79.691  25.239 1.0000000000
4733  -16.518  -79.754  25.089 1.0000000000
4221  -18.850  -81.040  24.128 1.0000000000
3748  -20.036  -81.219  23.550 1.0000000000
4223  -20.418  -80.637  23.800 1.0000000000
4206  -14.874  -80.583  24.723 1.0000000000
4208  -16.839  -80.501  24.619 1.0000000000
4234  -22.922  -80.831  22.265 1.0000000000
3765  -23.647  -81.233  21.093 1.0000000000
3764  -22.958  -81.641  21.773 1.0000000000
3771  -24.535  -80.876  20.014 1.0000000000
4240  -24.411  -80.064  20.326 1.0000000000
2445  -16.639  -84.832  15.718 1.0000000000
2862  -17.587  -83.649  16.392 1.0000000000
126788  -17.921  -83.056  16.546 1.0000000000
123003  -18.060  -82.039  17.330 1.0000000000
4810  -25.705  -79.334  17.681 1.0000000000
4255  -24.937  -80.118  19.641 1.0000000000
2107  -14.813  -84.962  11.768 0.5000000000
111373  -20.600  -80.194  17.481 1.0000000000
5317  -24.774  -78.333  17.487 1.0000000000
2524  -13.624  -83.603  9.214 0.5000000000
4266  -20.760  -79.646  18.060 1.0000000000
4807  -21.433  -79.651  17.466 1.0000000000
4808  -22.357  -79.274  17.198 1.0000000000
5316  -23.818  -78.388  17.469 1.0000000000
4795  -25.350  -79.058  18.406 1.0000000000
3923  -12.435  -81.648  7.216 0.2000000030
132823  -23.426  -78.240  18.066 1.0000000000
5298  -24.928  -78.423  18.317 1.0000000000
4794  -24.916  -78.658  19.011 1.0000000000
3933  -13.918  -80.950  5.633 0.1000000015
132226  -15.661  -80.915  4.398 0.1000000015
6324  -12.766  -75.789  24.112 1.0000000000
6310  -14.096  -76.326  25.125 1.0000000000
6296  -14.839  -76.967  25.492 1.0000000000
5185  -10.437  -78.656  28.718 0.5000000000
5734  -9.846  -77.006  24.685 0.8000000119
5712  -9.995  -76.886  27.346 0.6000000238
5738  -15.858  -77.181  25.722 1.0000000000
5223  -16.882  -78.254  25.593 1.0000000000
110634  -18.208  -79.951  24.677 1.0000000000
4720  -17.983  -79.215  25.105 1.0000000000
4222  -19.618  -80.803  23.969 1.0000000000
4735  -18.815  -79.378  24.821 1.0000000000
4736  -19.940  -80.087  24.261 1.0000000000
4224  -21.278  -80.423  23.594 1.0000000000
4229  -21.746  -80.935  23.076 1.0000000000
4230  -22.374  -80.673  22.722 1.0000000000
1722  -14.391  -86.049  14.662 0.6999999881
2047  -14.643  -85.465  15.848 0.6999999881
4235  -23.349  -80.110  21.895 1.0000000000
133171  -23.391  -80.832  21.663 1.0000000000
2415  -16.050  -84.212  17.012 1.0000000000
4754  -22.759  -79.268  22.862 1.0000000000
4239  -23.854  -80.231  21.119 1.0000000000
4771  -24.656  -79.130  19.802 1.0000000000
1750  -14.745  -85.537  13.314 0.5000000000
2849  -16.594  -83.419  17.426 1.0000000000
3315  -18.556  -81.460  17.536 1.0000000000
3799  -19.044  -80.858  17.796 1.0000000000
4755  -23.223  -79.319  22.139 1.0000000000
4770  -24.121  -79.266  20.661 1.0000000000
2513  -14.223  -83.743  9.983 0.5000000000
5296  -22.651  -78.390  18.275 1.0000000000
5814  -23.334  -77.923  18.685 1.0000000000
114626  -24.514  -78.112  18.838 1.0000000000
5287  -24.338  -78.111  19.579 1.0000000000
2954  -13.738  -83.259  9.542 0.5000000000
114469  -13.587  -81.184  6.694 0.1000000015
3934  -15.177  -80.804  5.102 0.1000000015
3924  -14.948  -81.137  6.309 0.1000000015
6322  -10.367  -76.435  23.137 0.8999999762
6859  -11.085  -75.935  23.211 0.8999999762
6860  -12.193  -75.446  23.549 0.8999999762
6848  -13.655  -75.616  24.567 1.0000000000
6833  -14.938  -76.137  25.374 1.0000000000
6834  -15.432  -75.575  25.353 1.0000000000
5713  -10.313  -77.295  27.706 0.6000000238
5751  -10.457  -77.628  23.814 0.8999999762
6321  -10.090  -76.570  23.013 0.8999999762
6297  -15.680  -76.329  25.596 1.0000000000
6298  -16.639  -76.505  25.760 1.0000000000
5213  -9.905  -77.423  26.869 0.6999999881
6817  -9.702  -75.698  26.404 0.6000000238
5750  -9.949  -76.946  23.556 0.8999999762
6283  -9.969  -76.103  27.059 0.6000000238
5739  -16.691  -77.441  25.745 1.0000000000
128547  -17.272  -77.033  25.791 1.0000000000
5740  -17.451  -77.716  25.637 1.0000000000
5225  -18.590  -78.533  25.210 1.0000000000
114820  -20.211  -79.301  24.483 1.0000000000
5237  -20.508  -78.453  24.755 1.0000000000
4747  -20.784  -79.887  24.120 1.0000000000
4748  -21.612  -79.568  23.831 1.0000000000
133670  -16.159  -83.268  17.813 1.0000000000
2835  -16.504  -82.831  17.966 1.0000000000
132116  -17.638  -82.527  17.309 1.0000000000
5253  -23.123  -78.401  22.318 1.0000000000
1728  -14.500  -85.872  14.060 0.6000000238
3314  -18.038  -81.586  17.843 1.0000000000
3798  -18.347  -80.992  18.202 1.0000000000
4264  -18.918  -80.426  18.362 1.0000000000
4783  -19.609  -79.227  18.980 1.0000000000
133690  -20.217  -79.054  18.827 1.0000000000
112804  -21.925  -77.495  19.427 1.0000000000
5805  -23.065  -77.319  19.401 1.0000000000
5806  -23.811  -77.373  19.823 1.0000000000
5273  -23.813  -78.424  21.018 1.0000000000
4265  -20.101  -80.116  18.059 1.0000000000
4784  -20.173  -79.514  18.517 1.0000000000
5285  -21.337  -78.195  19.021 1.0000000000
5795  -23.924  -77.814  20.360 1.0000000000
2501  -14.555  -84.361  11.575 0.5000000000
111271  -14.393  -85.049  13.127 0.5000000000
4792  -21.354  -79.209  18.123 1.0000000000
5286  -22.352  -77.953  18.865 1.0000000000
5815  -23.968  -77.654  19.056 1.0000000000
2941  -14.232  -83.686  10.534 0.4000000060
3409  -12.543  -82.087  8.683 0.3000000119
3435  -16.186  -81.831  7.224 0.1000000015
7405  -14.368  -74.060  23.951 1.0000000000
7950  -15.236  -73.536  23.851 1.0000000000
7931  -15.883  -73.865  24.465 1.0000000000
7932  -16.779  -73.728  24.553 1.0000000000
6271  -11.698  -77.013  27.737 0.4000000060
7417  -12.224  -74.204  22.896 0.8999999762
6861  -13.340  -74.760  23.859 0.8999999762
6862  -14.339  -74.828  24.502 1.0000000000
7392  -15.160  -74.912  24.947 1.0000000000
7394  -17.255  -74.261  25.187 1.0000000000
6270  -10.553  -76.639  27.463 0.4000000060
6333  -10.189  -75.796  22.917 0.8999999762
6871  -11.631  -74.956  23.114 0.8999999762
6835  -16.273  -75.639  25.573 1.0000000000
7933  -17.706  -73.653  24.719 1.0000000000
6294  -9.555  -76.248  25.759 0.8000000119
6320  -9.574  -76.193  23.479 0.8999999762
6836  -17.163  -75.651  25.760 1.0000000000
117983  -17.689  -74.899  25.716 1.0000000000
6837  -18.078  -75.665  25.991 1.0000000000
119339  -18.662  -74.963  25.987 1.0000000000
6300  -18.508  -76.473  25.902 1.0000000000
6301  -19.456  -76.575  25.700 1.0000000000
133462  -19.639  -75.945  25.884 1.0000000000
5741  -18.737  -77.737  25.442 1.0000000000
5742  -19.568  -77.475  25.377 1.0000000000
5743  -20.294  -76.915  25.295 1.0000000000
5226  -19.267  -78.157  25.241 1.0000000000
5756  -20.422  -77.683  25.114 1.0000000000
2429  -14.320  -84.988  16.528 0.8000000119
113892  -13.567  -83.920  17.734 0.8999999762
125202  -15.102  -83.359  18.064 1.0000000000
3311  -15.056  -82.605  18.442 1.0000000000
3795  -15.457  -81.725  18.716 1.0000000000
5238  -21.272  -78.306  24.424 1.0000000000
5768  -21.661  -77.725  24.120 1.0000000000
2414  -15.014  -84.379  17.106 0.8999999762
125506  -16.489  -80.609  18.894 1.0000000000
132640  -17.571  -80.263  19.033 1.0000000000
4738  -21.869  -78.586  23.900 1.0000000000
2046  -13.852  -85.517  15.975 0.6999999881
3313  -16.942  -81.974  18.080 1.0000000000
4263  -18.394  -80.423  18.644 1.0000000000
4253  -18.799  -79.818  18.885 1.0000000000
5252  -22.541  -78.459  23.135 1.0000000000
5769  -22.236  -77.715  23.476 1.0000000000
2058  -13.913  -85.599  15.329 0.6999999881
3797  -17.627  -81.372  18.272 1.0000000000
120566  -18.905  -79.123  19.332 1.0000000000
5804  -20.947  -77.607  19.598 1.0000000000
130705  -21.584  -77.190  19.737 1.0000000000
6369  -23.269  -76.859  20.202 1.0000000000
6335  -23.174  -76.798  21.619 1.0000000000
118925  -22.920  -76.836  22.364 1.0000000000
2087  -14.209  -85.347  13.833 0.6000000238
128064  -22.889  -76.285  22.009 1.0000000000
120278  -22.457  -76.805  23.187 1.0000000000
2489  -14.637  -84.520  12.328 0.4000000060
3392  -13.920  -82.634  9.897 0.4000000060
3915  -13.237  -81.730  9.051 0.1000000015
3410  -13.985  -81.947  9.868 0.1000000015
3434  -14.869  -81.597  7.536 0.1000000015
7966  -15.459  -72.907  22.946 1.0000000000
7967  -16.344  -72.761  22.769 1.0000000000
8550  -16.824  -72.210  22.184 1.0000000000
7965  -13.770  -73.124  22.877 1.0000000000
7949  -14.527  -73.307  23.352 1.0000000000
7951  -16.267  -73.223  23.700 1.0000000000
8529  -17.053  -72.848  23.000 1.0000000000
8551  -17.560  -72.133  22.521 1.0000000000
114635  -18.023  -71.376  22.168 1.0000000000
7418  -13.049  -73.964  23.250 0.8999999762
7419  -13.801  -73.817  23.503 1.0000000000
8530  -17.817  -72.704  23.324 1.0000000000
7416  -11.398  -74.425  22.681 0.8999999762
7952  -17.287  -73.186  23.952 1.0000000000
8552  -18.316  -72.116  22.810 1.0000000000
6805  -10.534  -75.807  27.095 0.4000000060
7403  -9.225  -74.617  22.853 0.8999999762
7953  -18.243  -73.118  24.151 1.0000000000
8510  -18.930  -72.790  23.949 1.0000000000
6818  -10.117  -75.366  26.636 0.6000000238
125831  -9.378  -75.479  25.685 0.6999999881
6332  -10.037  -76.005  22.718 0.8999999762
133200  -18.485  -73.527  24.872 1.0000000000
7934  -19.068  -73.162  24.594 1.0000000000
7395  -18.310  -74.159  25.412 1.0000000000
7915  -19.177  -73.670  25.197 1.0000000000
6838  -19.690  -75.238  25.927 1.0000000000
7935  -19.924  -73.236  24.834 1.0000000000
7916  -20.062  -73.873  25.322 1.0000000000
118559  -20.468  -75.157  25.459 1.0000000000
6311  -21.014  -76.473  24.958 1.0000000000
2428  -13.412  -85.012  16.593 0.8000000119
131675  -20.937  -77.187  24.975 1.0000000000
116810  -21.461  -76.164  24.375 1.0000000000
3310  -14.002  -82.523  18.535 0.8999999762
3781  -14.927  -81.094  18.837 1.0000000000
4250  -16.090  -80.158  19.225 1.0000000000
6325  -21.871  -76.384  23.787 1.0000000000
2045  -13.387  -85.152  16.009 0.6999999881
120507  -17.623  -79.614  19.385 1.0000000000
2057  -13.515  -85.042  15.137 0.6999999881
4781  -17.106  -79.123  19.567 1.0000000000
4782  -18.280  -79.369  19.397 1.0000000000
5272  -19.919  -77.737  19.718 1.0000000000
5793  -21.238  -76.845  20.000 1.0000000000
6357  -21.717  -76.309  20.605 1.0000000000
6358  -22.790  -76.309  20.711 1.0000000000
2072  -13.804  -84.882  14.343 0.4000000060
2918  -14.375  -83.909  11.400 0.3000000119
3896  -13.223  -82.008  9.478 0.2000000030
3394  -14.614  -82.050  10.675 0.2000000030
118463  -14.661  -72.812  22.646 1.0000000000
8572  -15.716  -71.977  21.546 1.0000000000
9171  -16.398  -71.379  21.554 1.0000000000
9172  -17.274  -71.252  21.776 1.0000000000
7433  -11.917  -73.623  22.495 0.8999999762
7964  -12.799  -73.428  22.673 0.8999999762
9843  -16.887  -70.458  21.767 1.0000000000
118539  -17.657  -70.503  21.952 1.0000000000
7360  -10.598  -74.595  26.089 0.5000000000
6881  -9.778  -74.783  22.530 0.8999999762
6883  -10.702  -74.345  22.545 0.8999999762
8531  -19.215  -72.203  23.246 1.0000000000
7373  -10.170  -74.002  25.437 0.6000000238
7390  -9.385  -74.219  25.037 0.8999999762
8511  -19.706  -72.727  24.114 1.0000000000
7936  -20.870  -73.498  24.727 1.0000000000
116602  -21.454  -74.803  24.490 1.0000000000
118883  -12.880  -83.683  17.654 0.8000000119
2832  -13.335  -83.184  18.164 0.8000000119
7407  -21.784  -74.577  23.909 1.0000000000
6850  -21.117  -75.511  24.873 1.0000000000
2427  -12.689  -83.930  16.902 0.8000000119
3782  -15.759  -80.853  18.846 1.0000000000
4779  -15.640  -79.637  19.401 1.0000000000
4768  -16.709  -78.667  19.657 1.0000000000
6863  -21.883  -75.178  23.296 1.0000000000
6851  -21.724  -75.498  24.003 1.0000000000
5268  -16.883  -78.161  19.848 1.0000000000
5270  -18.166  -78.121  19.895 1.0000000000
114230  -18.981  -77.102  20.284 1.0000000000
126731  -20.138  -76.287  20.661 1.0000000000
6344  -21.070  -75.707  21.024 1.0000000000
6326  -22.131  -75.942  23.275 1.0000000000
2444  -12.927  -84.219  15.759 0.6999999881
4769  -17.742  -78.735  19.688 1.0000000000
5790  -18.288  -77.493  20.168 1.0000000000
5791  -19.746  -76.997  20.253 1.0000000000
6356  -20.669  -76.523  20.476 1.0000000000
113851  -22.219  -75.856  21.265 1.0000000000
6334  -22.559  -76.172  22.620 1.0000000000
2458  -13.495  -84.260  14.860 0.6000000238
2475  -14.140  -84.732  13.781 0.3000000119
2490  -14.561  -84.290  12.280 0.3000000119
113466  -14.134  -82.735  10.590 0.2000000030
126468  -14.381  -83.327  11.443 0.2000000030
8571  -15.070  -71.942  21.384 1.0000000000
7986  -14.321  -72.455  21.935 1.0000000000
9829  -16.484  -69.873  22.064 1.0000000000
7984  -12.341  -72.819  22.270 1.0000000000
7985  -13.258  -72.623  22.221 1.0000000000
7374  -11.399  -73.832  25.431 0.6999999881
7391  -10.065  -73.496  24.764 0.6999999881
7415  -9.522  -73.813  22.433 0.8999999762
7430  -9.959  -73.763  22.401 0.8999999762
7431  -10.246  -73.627  22.381 0.8999999762
118905  -11.427  -72.874  22.189 1.0000000000
9173  -18.833  -71.453  22.508 1.0000000000
7927  -8.870  -73.788  23.264 0.8999999762
8532  -20.331  -72.142  23.575 1.0000000000
8513  -21.190  -73.000  24.115 1.0000000000
8534  -21.747  -72.943  23.612 1.0000000000
7955  -22.012  -73.402  23.173 1.0000000000
7397  -21.484  -74.042  24.474 1.0000000000
125454  -14.460  -80.544  18.834 1.0000000000
4249  -15.247  -80.313  19.051 1.0000000000
5267  -15.838  -78.386  19.613 1.0000000000
114254  -16.432  -77.810  19.789 1.0000000000
113364  -17.040  -77.671  20.040 1.0000000000
7408  -21.932  -74.240  23.151 1.0000000000
2846  -12.708  -82.900  18.034 0.8000000119
3309  -13.172  -82.325  18.395 0.8000000119
3780  -13.575  -80.962  18.794 1.0000000000
6354  -18.577  -76.689  20.420 1.0000000000
6342  -19.099  -75.928  20.660 1.0000000000
6886  -21.347  -75.011  21.564 1.0000000000
6887  -21.970  -74.905  22.078 1.0000000000
113878  -12.652  -83.089  17.480 0.8000000119
119722  -21.897  -75.320  21.609 1.0000000000
116366  -22.198  -75.580  22.774 1.0000000000
133640  -12.474  -83.422  16.168 0.8000000119
2474  -13.718  -84.014  14.248 0.4000000060
2905  -13.954  -84.220  13.869 0.2000000030
2906  -14.477  -84.316  13.183 0.2000000030
9842  -16.074  -70.431  21.584 1.0000000000
9841  -15.181  -70.477  21.402 1.0000000000
9192  -13.913  -71.262  20.870 1.0000000000
9193  -14.827  -71.186  20.925 1.0000000000
10512  -15.080  -69.922  21.952 1.0000000000
10484  -17.207  -69.855  22.693 1.0000000000
8587  -11.313  -72.129  20.863 1.0000000000
8588  -12.153  -72.292  21.085 1.0000000000
9839  -13.735  -70.660  20.971 1.0000000000
133735  -18.017  -70.068  22.275 1.0000000000
7911  -11.140  -73.241  24.798 0.6999999881
119039  -9.487  -73.507  24.098 0.8000000119
8002  -9.910  -72.898  21.038 0.8999999762
7928  -10.714  -72.616  24.204 0.8000000119
8507  -9.505  -72.715  23.616 0.8999999762
7948  -9.105  -73.244  22.550 0.8999999762
9191  -9.223  -71.952  21.446 0.8999999762
9152  -19.828  -71.467  22.742 1.0000000000
9153  -20.956  -71.426  23.104 1.0000000000
8533  -21.257  -72.275  23.626 1.0000000000
8535  -22.335  -72.670  22.789 1.0000000000
4766  -15.242  -79.102  19.495 1.0000000000
6899  -18.116  -76.016  20.531 1.0000000000
7434  -18.861  -75.334  20.672 1.0000000000
7987  -20.299  -74.021  21.198 1.0000000000
7988  -21.253  -73.782  21.404 1.0000000000
8553  -22.661  -72.776  22.126 1.0000000000
5789  -17.637  -77.079  20.272 1.0000000000
6343  -19.945  -75.773  20.836 1.0000000000
6885  -20.479  -75.184  21.148 1.0000000000
7437  -21.824  -74.324  21.763 1.0000000000
3779  -12.785  -80.940  18.593 1.0000000000
4247  -13.286  -80.265  18.651 1.0000000000
4248  -14.094  -80.027  18.730 1.0000000000
3811  -11.877  -81.437  17.228 0.8000000119
3792  -12.584  -81.334  18.352 0.8000000119
4778  -13.772  -79.631  18.729 1.0000000000
3834  -11.447  -81.906  15.503 0.6000000238
2886  -12.171  -82.872  14.301 0.4000000060
2904  -12.875  -83.261  14.157 0.2000000030
3365  -13.344  -83.393  13.953 0.2000000030
10482  -14.953  -69.981  22.787 1.0000000000
124990  -15.673  -69.984  23.067 1.0000000000
10483  -16.357  -69.902  22.838 1.0000000000
9813  -17.000  -69.979  23.547 1.0000000000
9208  -13.050  -71.031  20.860 1.0000000000
10511  -14.378  -70.332  21.444 1.0000000000
10498  -18.222  -69.801  22.681 1.0000000000
8585  -9.538  -72.261  20.899 0.8999999762
9206  -11.513  -71.189  20.750 1.0000000000
9849  -12.242  -70.728  20.837 1.0000000000
110790  -19.298  -70.704  22.377 1.0000000000
116656  -8.922  -72.043  22.892 0.8000000119
114072  -9.137  -71.896  22.428 0.8999999762
117431  -18.783  -70.030  22.480 1.0000000000
9174  -20.338  -70.691  22.556 1.0000000000
9154  -21.778  -71.525  23.026 1.0000000000
9815  -21.462  -70.633  22.652 1.0000000000
116848  -22.742  -72.114  22.286 1.0000000000
9155  -22.430  -71.784  22.744 1.0000000000
5787  -15.571  -77.818  19.609 1.0000000000
110784  -16.125  -77.147  19.752 1.0000000000
6352  -16.596  -76.438  19.936 1.0000000000
6898  -17.515  -75.620  20.383 1.0000000000
7448  -17.998  -75.029  20.578 1.0000000000
120211  -19.459  -74.259  20.976 1.0000000000
8009  -20.684  -73.101  21.024 1.0000000000
5266  -14.929  -78.507  19.498 1.0000000000
6351  -15.771  -76.406  19.626 1.0000000000
5281  -14.347  -79.244  19.186 1.0000000000
6350  -15.141  -77.052  19.508 1.0000000000
4293  -11.295  -80.898  16.793 0.8000000119
4246  -12.635  -80.252  18.437 1.0000000000
122135  -11.825  -82.382  14.882 0.4000000060
3855  -11.663  -81.682  13.954 0.4000000060
2903  -12.024  -82.538  14.052 0.2000000030
3364  -12.536  -82.689  13.951 0.2000000030
10510  -13.368  -70.296  21.635 1.0000000000
10496  -14.243  -69.996  22.191 1.0000000000
10481  -14.007  -69.966  23.022 1.0000000000
9811  -14.500  -70.253  23.599 1.0000000000
125295  -15.242  -70.358  23.759 1.0000000000
9812  -16.114  -70.295  23.770 1.0000000000
10521  -12.023  -70.066  20.963 1.0000000000
10509  -12.345  -70.147  21.482 1.0000000000
8508  -10.496  -71.970  23.938 0.8000000119
123526  -9.726  -71.097  20.714 1.0000000000
9847  -10.610  -70.217  20.697 1.0000000000
9814  -17.918  -69.781  23.483 1.0000000000
8527  -9.353  -72.073  23.362 0.8000000119
120120  -9.009  -71.346  20.852 0.8999999762
9151  -9.060  -71.313  23.482 0.8000000119
9150  -8.736  -71.187  22.732 0.8000000119
9170  -8.851  -71.051  21.759 0.8999999762
9832  -19.786  -70.028  22.564 1.0000000000
9175  -22.339  -70.945  22.545 1.0000000000
6897  -16.970  -75.698  20.100 1.0000000000
8007  -18.743  -73.613  20.646 1.0000000000
8573  -21.681  -72.915  21.220 1.0000000000
9213  -22.408  -71.249  21.175 1.0000000000
9176  -22.770  -71.374  22.195 1.0000000000
7447  -17.276  -75.041  20.317 1.0000000000
117487  -18.135  -74.242  20.652 1.0000000000
8008  -19.721  -73.332  20.849 1.0000000000
8592  -20.132  -72.494  20.628 1.0000000000
112053  -21.152  -72.256  20.768 1.0000000000
5786  -14.633  -77.833  19.413 1.0000000000
8020  -17.044  -73.643  20.130 1.0000000000
4276  -11.593  -80.597  17.503 0.8999999762
113242  -13.485  -78.375  18.753 1.0000000000
5802  -13.936  -77.827  19.022 1.0000000000
6896  -16.201  -75.669  19.745 1.0000000000
128284  -11.152  -81.146  15.870 0.8000000119
4275  -11.211  -80.272  17.141 0.8000000119
4791  -11.779  -79.515  17.843 0.8999999762
6368  -15.066  -76.298  19.399 1.0000000000
3833  -11.048  -81.355  14.914 0.4000000060
118801  -13.570  -77.143  18.742 1.0000000000
6367  -14.585  -76.572  19.240 1.0000000000
3856  -12.186  -81.897  13.862 0.3000000119
9793  -13.898  -70.569  25.228 1.0000000000
9794  -14.789  -70.836  25.402 1.0000000000
9796  -16.721  -70.529  24.675 1.0000000000
9134  -10.915  -71.698  24.345 0.6999999881
9795  -15.627  -70.725  24.869 1.0000000000
8528  -10.020  -71.670  23.923 0.8000000119
9792  -8.883  -70.714  24.219 0.8000000119
10499  -19.450  -69.499  22.906 1.0000000000
9809  -8.549  -70.533  23.328 0.8000000119
111706  -8.505  -70.329  22.341 0.8000000119
9827  -8.438  -70.202  21.282 0.8000000119
10517  -9.170  -69.939  20.709 0.8000000119
121671  -20.729  -69.945  22.524 1.0000000000
9833  -22.127  -70.172  22.279 1.0000000000
9834  -22.599  -70.526  22.014 1.0000000000
8006  -17.823  -73.523  20.353 1.0000000000
8591  -19.205  -72.671  20.485 1.0000000000
118687  -19.648  -72.040  20.398 1.0000000000
9212  -21.534  -71.282  20.636 1.0000000000
9853  -22.535  -70.628  21.427 1.0000000000
7446  -16.624  -74.954  19.917 1.0000000000
9211  -20.462  -71.722  20.471 1.0000000000
9851  -21.253  -70.430  20.536 1.0000000000
129491  -21.898  -69.684  20.985 1.0000000000
4817  -10.724  -79.307  16.149 0.8000000119
5306  -10.905  -78.762  16.962 0.8999999762
5294  -11.546  -78.736  17.618 0.8999999762
8602  -17.768  -72.031  20.167 1.0000000000
9209  -18.789  -71.887  20.287 1.0000000000
9210  -19.691  -71.384  20.337 1.0000000000
115872  -20.547  -70.909  20.382 1.0000000000
120106  -12.232  -78.218  17.858 1.0000000000
8601  -17.276  -72.731  20.116 1.0000000000
4292  -10.945  -80.271  16.234 0.8000000119
4306  -10.886  -80.698  15.308 0.6000000238
7459  -15.717  -74.694  19.484 1.0000000000
3854  -11.373  -81.040  13.303 0.2000000030
3845  -12.235  -81.400  13.704 0.2000000030
10494  -12.362  -69.511  22.911 1.0000000000
10480  -13.109  -69.823  23.502 1.0000000000
9810  -13.817  -70.268  24.073 1.0000000000
111172  -12.629  -69.973  22.111 1.0000000000
10465  -13.095  -69.970  24.632 1.0000000000
11186  -11.913  -69.592  22.095 1.0000000000
9776  -13.717  -70.544  26.111 1.0000000000
124063  -15.408  -70.929  26.134 1.0000000000
9774  -8.387  -70.333  25.020 0.6999999881
9757  -8.412  -70.428  25.967 0.6000000238
10519  -10.417  -69.411  20.864 1.0000000000
9760  -14.801  -70.794  26.848 1.0000000000
9797  -17.582  -70.181  24.547 1.0000000000
9791  -8.338  -69.957  24.085 0.6999999881
9133  -9.766  -71.307  24.207 0.6999999881
115442  -9.912  -69.844  20.703 0.8999999762
9778  -16.389  -70.728  25.685 1.0000000000
9779  -17.285  -70.426  25.447 1.0000000000
10485  -18.862  -69.535  23.851 1.0000000000
10500  -20.271  -69.505  22.813 1.0000000000
9763  -16.954  -70.399  26.227 1.0000000000
9798  -18.277  -69.769  24.559 1.0000000000
10486  -20.162  -68.941  23.254 1.0000000000
10467  -19.407  -69.026  23.893 1.0000000000
10501  -20.856  -69.194  22.663 1.0000000000
113738  -21.405  -69.888  22.353 1.0000000000
11158  -19.794  -68.396  23.725 1.0000000000
11179  -21.053  -68.655  22.335 1.0000000000
10502  -21.560  -69.453  22.112 1.0000000000
9850  -20.380  -69.928  20.323 1.0000000000
117311  -21.395  -69.728  20.658 1.0000000000
9222  -18.966  -70.997  20.232 1.0000000000
130181  -19.765  -70.693  20.279 1.0000000000
115390  -11.668  -78.018  17.504 0.8999999762
133119  -13.292  -77.721  18.647 1.0000000000
113949  -13.070  -76.412  18.361 1.0000000000
7460  -16.373  -74.020  19.849 1.0000000000
9221  -18.043  -71.263  20.182 1.0000000000
4828  -10.647  -79.902  15.076 0.6000000238
111841  -14.922  -75.043  19.149 1.0000000000
123835  -10.903  -80.629  13.553 0.3000000119
4319  -12.063  -80.833  12.988 0.2000000030
10479  -12.388  -69.509  24.063 0.8999999762
11185  -11.291  -68.948  21.901 1.0000000000
11178  -11.576  -68.943  22.696 1.0000000000
11169  -11.793  -68.952  23.609 1.0000000000
9740  -8.380  -70.359  26.942 0.2000000030
11184  -10.521  -68.456  21.829 1.0000000000
112986  -11.579  -69.649  21.469 1.0000000000
122828  -8.141  -69.777  25.601 0.4000000060
11191  -10.036  -68.766  21.244 0.8999999762
10453  -8.057  -69.469  24.845 0.6000000238
10506  -8.638  -68.838  21.055 0.8000000119
10507  -9.118  -68.585  21.058 0.8999999762
10478  -8.153  -69.683  23.033 0.8000000119
10493  -8.373  -69.380  21.883 0.8000000119
9761  -15.486  -70.698  26.983 1.0000000000
10455  -17.713  -70.020  26.008 1.0000000000
10456  -18.190  -69.575  25.261 1.0000000000
11157  -19.015  -68.606  24.370 1.0000000000
11170  -20.456  -68.507  22.982 1.0000000000
11871  -20.651  -67.850  22.305 1.0000000000
11187  -21.143  -68.276  21.816 1.0000000000
10522  -20.100  -68.980  20.293 1.0000000000
112699  -10.828  -78.083  16.858 0.8999999762
10534  -19.524  -69.509  20.180 1.0000000000
5321  -10.642  -78.444  16.155 0.8000000119
5812  -11.252  -77.395  17.415 1.0000000000
5800  -12.209  -77.479  17.665 1.0000000000
129228  -16.454  -73.092  19.808 1.0000000000
5840  -10.410  -78.028  15.245 0.4000000060
6366  -13.957  -76.471  18.838 1.0000000000
6911  -14.532  -75.801  19.038 1.0000000000
133125  -17.183  -72.107  20.003 1.0000000000
4842  -10.581  -80.042  13.975 0.3000000119
11800  -8.991  -67.501  28.718 0.1000000015
11102  -8.431  -68.382  28.502 0.1000000015
11126  -7.846  -68.775  26.753 0.3000000119
11136  -7.902  -68.918  25.685 0.5000000000
114920  -8.009  -69.065  23.855 0.6999999881
11858  -8.062  -67.733  22.561 0.8000000119
11153  -7.710  -68.015  23.563 0.8000000119
9745  -16.045  -70.303  27.106 1.0000000000
121165  -17.895  -69.399  25.745 1.0000000000
10443  -17.092  -69.959  26.537 1.0000000000
11139  -18.384  -68.831  25.170 1.0000000000
11863  -20.173  -67.878  23.148 1.0000000000
11854  -19.170  -67.808  24.255 1.0000000000
6388  -10.204  -76.242  15.807 0.8999999762
6932  -10.699  -75.906  16.595 0.8999999762
11193  -20.483  -68.339  20.487 1.0000000000
11876  -20.872  -67.805  21.265 1.0000000000
6923  -11.194  -75.691  16.940 0.8999999762
6917  -11.461  -75.691  17.150 1.0000000000
9857  -18.326  -70.444  20.142 1.0000000000
6389  -10.642  -76.831  16.455 0.8000000119
5820  -10.933  -77.457  17.068 0.8999999762
6908  -12.495  -76.087  17.852 1.0000000000
7457  -13.331  -74.937  18.299 1.0000000000
124686  -13.655  -74.299  18.405 1.0000000000
9220  -17.140  -71.545  19.942 1.0000000000
6406  -10.110  -77.584  14.079 0.5000000000
6909  -12.881  -75.577  18.104 1.0000000000
113628  -14.887  -74.183  19.039 1.0000000000
5852  -10.215  -78.564  14.182 0.4000000060
5349  -10.300  -79.048  13.332 0.2000000030
12468  -9.622  -66.658  28.998 0.1000000015
11168  -11.215  -68.338  23.349 1.0000000000
11155  -11.442  -68.407  24.117 1.0000000000
11822  -7.713  -67.902  27.109 0.1000000015
11116  -7.948  -68.558  27.724 0.1000000015
11860  -10.593  -67.705  23.157 1.0000000000
11137  -11.884  -68.682  25.293 1.0000000000
10464  -12.369  -69.432  25.217 1.0000000000
11821  -7.634  -67.427  26.514 0.3000000119
126915  -9.143  -67.939  21.675 0.8000000119
11874  -9.666  -68.113  21.711 0.8999999762
10440  -12.575  -69.564  26.336 1.0000000000
11868  -8.796  -67.445  21.913 0.6999999881
10441  -13.290  -70.109  26.652 1.0000000000
10423  -13.670  -70.067  27.556 1.0000000000
11135  -7.683  -68.041  25.282 0.5000000000
9742  -14.351  -70.448  27.337 1.0000000000
125382  -7.600  -67.841  24.464 0.6000000238
9743  -14.930  -70.473  27.506 1.0000000000
10442  -16.465  -69.772  27.007 1.0000000000
127184  -16.785  -69.329  26.756 1.0000000000
11138  -17.658  -68.677  25.814 1.0000000000
11838  -18.081  -68.062  25.220 1.0000000000
11862  -19.608  -67.454  23.561 1.0000000000
11861  -18.870  -66.907  23.958 1.0000000000
12521  -19.169  -66.726  23.054 1.0000000000
11875  -20.212  -67.330  20.866 1.0000000000
11870  -20.193  -67.155  21.651 1.0000000000
6931  -9.986  -75.350  16.176 0.8999999762
8028  -12.360  -73.957  17.818 1.0000000000
8614  -13.816  -72.664  18.301 1.0000000000
8616  -14.933  -72.021  19.020 1.0000000000
10533  -18.621  -69.544  20.057 1.0000000000
120279  -19.285  -68.822  20.103 1.0000000000
6396  -10.341  -77.122  15.468 0.6999999881
6919  -12.167  -75.455  17.715 1.0000000000
8018  -14.711  -73.290  19.001 1.0000000000
9219  -16.418  -71.540  19.620 1.0000000000
6940  -10.094  -76.574  14.546 0.5000000000
7458  -14.147  -74.821  18.724 1.0000000000
7469  -14.149  -73.841  18.680 1.0000000000
8599  -15.228  -72.643  19.172 1.0000000000
5863  -10.232  -78.373  13.057 0.2000000030
11850  -11.030  -67.643  24.092 1.0000000000
129381  -11.436  -68.102  24.935 1.0000000000
11834  -11.657  -68.200  25.811 1.0000000000
129797  -11.945  -68.286  26.466 1.0000000000
13148  -9.388  -65.879  28.614 0.1000000015
11127  -12.254  -68.871  26.930 1.0000000000
11809  -7.714  -67.037  27.192 0.2000000030
117727  -8.101  -66.668  27.709 0.1000000015
12526  -9.001  -66.766  22.796 0.8000000119
12527  -9.500  -67.014  22.878 1.0000000000
10422  -12.860  -69.512  27.313 1.0000000000
121415  -8.866  -66.944  22.221 0.8000000119
11176  -10.062  -67.680  22.350 1.0000000000
11118  -13.264  -69.398  28.180 1.0000000000
11857  -7.690  -67.071  23.063 0.6000000238
10406  -13.889  -69.745  28.295 1.0000000000
127991  -14.491  -69.619  28.572 1.0000000000
10407  -15.233  -69.440  28.734 1.0000000000
12500  -7.389  -66.781  25.309 0.5000000000
9744  -15.517  -70.198  27.630 1.0000000000
9728  -15.572  -69.667  28.166 1.0000000000
110667  -16.509  -68.909  27.203 1.0000000000
11128  -16.734  -68.258  26.410 1.0000000000
11837  -17.087  -67.784  25.556 1.0000000000
11853  -18.410  -67.415  24.581 1.0000000000
123515  -18.338  -66.411  23.354 1.0000000000
114703  -9.818  -74.770  15.308 0.8999999762
7481  -9.836  -74.377  16.579 0.8999999762
7465  -10.016  -74.181  18.053 0.8999999762
8027  -11.252  -73.759  17.700 0.8999999762
12530  -19.408  -66.600  22.048 1.0000000000
7473  -10.719  -74.617  16.980 0.8999999762
111423  -11.724  -74.624  17.584 0.8999999762
8029  -13.357  -73.531  18.140 1.0000000000
11205  -18.500  -68.603  19.843 1.0000000000
11206  -19.165  -67.897  20.082 1.0000000000
6939  -9.959  -75.672  14.907 0.6000000238
9854  -15.913  -70.944  19.400 1.0000000000
9856  -17.367  -70.629  19.982 1.0000000000
121310  -17.818  -69.922  20.025 1.0000000000
10532  -17.827  -69.208  19.752 1.0000000000
127745  -9.976  -76.902  13.301 0.4000000060
6416  -10.193  -77.560  12.644 0.2000000030
114483  -8.830  -65.207  29.564 0.1000000015
13135  -9.237  -65.242  28.866 0.1000000015
11859  -10.062  -67.181  23.064 1.0000000000
13215  -8.889  -66.058  23.238 0.8999999762
13216  -9.180  -66.212  23.304 0.8999999762
12492  -7.536  -66.670  26.232 0.4000000060
12516  -7.909  -66.384  23.103 0.6999999881
12509  -7.301  -66.371  24.321 0.6000000238
127560  -7.466  -66.487  23.427 0.8000000119
10408  -15.981  -69.048  28.562 1.0000000000
12514  -17.802  -66.518  24.143 1.0000000000
12529  -18.452  -66.208  22.481 1.0000000000
8032  -9.751  -73.762  17.345 0.8999999762
8026  -10.224  -73.562  18.055 0.8999999762
8612  -11.998  -72.333  17.927 0.8999999762
9236  -13.316  -71.464  18.046 1.0000000000
9873  -15.276  -70.380  18.949 1.0000000000
128246  -15.813  -68.360  18.598 1.0000000000
10550  -16.468  -69.565  19.342 1.0000000000
11893  -17.796  -67.246  19.376 1.0000000000
12542  -18.800  -66.405  20.550 1.0000000000
12533  -18.697  -66.166  21.450 1.0000000000
8039  -9.658  -73.475  16.462 0.8000000119
8613  -12.849  -72.709  18.007 0.8999999762
121343  -13.395  -72.102  18.113 1.0000000000
9237  -15.073  -71.289  19.021 1.0000000000
10549  -15.663  -69.397  18.857 1.0000000000
11204  -17.830  -68.311  19.441 1.0000000000
12557  -18.672  -66.991  19.913 1.0000000000
12543  -19.482  -67.081  20.419 1.0000000000
6949  -9.757  -75.060  13.778 0.4000000060
9874  -15.916  -70.128  19.303 1.0000000000
114678  -17.165  -69.776  19.762 1.0000000000
12467  -8.630  -65.941  27.864 0.2000000030
12517  -9.781  -66.511  23.398 0.8999999762
12510  -10.123  -66.198  24.135 0.8999999762
12511  -10.668  -66.817  24.577 0.8999999762
12501  -11.060  -66.616  25.461 1.0000000000
11833  -11.306  -67.481  25.661 1.0000000000
11823  -11.624  -67.634  26.404 1.0000000000
13200  -7.267  -65.231  24.443 0.8000000119
13205  -7.559  -65.744  23.548 0.8000000119
11810  -12.378  -67.728  28.090 1.0000000000
11090  -13.473  -68.327  29.251 1.0000000000
11091  -14.320  -68.477  29.596 1.0000000000
119409  -16.550  -67.875  26.970 1.0000000000
11852  -17.424  -67.266  24.885 1.0000000000
123627  -17.447  -66.046  23.107 1.0000000000
116490  -9.592  -72.957  17.434 0.8999999762
9233  -10.544  -71.827  18.133 0.8999999762
9869  -11.487  -70.485  18.057 1.0000000000
120379  -12.868  -69.911  17.724 1.0000000000
10547  -13.472  -69.176  17.795 1.0000000000
120376  -14.318  -68.922  17.947 1.0000000000
12541  -18.229  -65.663  20.869 1.0000000000
8636  -9.589  -72.747  16.399 0.8000000119
113968  -9.893  -73.520  18.075 0.8999999762
8611  -11.001  -72.715  17.777 0.8999999762
117772  -11.817  -71.118  17.898 0.8999999762
122990  -13.796  -70.125  18.020 0.8999999762
10548  -14.755  -69.728  18.227 1.0000000000
129115  -16.424  -68.699  19.046 1.0000000000
12556  -18.032  -66.154  19.880 1.0000000000
11203  -17.129  -68.047  19.115 1.0000000000
7489  -9.686  -73.906  15.521 0.6000000238
10531  -17.140  -68.957  19.387 1.0000000000
13147  -8.969  -65.214  28.133 0.2000000030
13845  -8.710  -64.446  27.649 0.3000000119
13160  -8.378  -65.228  27.351 0.3000000119
120264  -11.245  -66.140  26.179 0.8999999762
112599  -12.070  -67.862  27.215 1.0000000000
128108  -12.133  -66.826  27.756 0.8999999762
13176  -7.644  -65.218  26.558 0.4000000060
13189  -7.297  -65.197  25.597 0.5000000000
13898  -9.375  -64.754  24.064 0.8999999762
12469  -12.610  -67.148  28.646 1.0000000000
12470  -13.094  -66.571  29.137 1.0000000000
13206  -8.356  -65.622  23.407 0.8999999762
11104  -12.791  -68.060  28.721 1.0000000000
12458  -13.777  -66.874  29.666 1.0000000000
13867  -7.310  -64.442  25.019 0.8999999762
124541  -14.454  -67.201  29.882 1.0000000000
11092  -15.186  -68.422  29.778 1.0000000000
11777  -15.179  -67.146  30.009 1.0000000000
12513  -16.832  -66.654  24.561 1.0000000000
12532  -17.839  -65.590  22.101 1.0000000000
116611  -9.571  -71.976  16.891 0.8000000119
124165  -9.420  -71.313  18.082 0.8000000119
125693  -10.212  -71.073  18.302 0.8999999762
120380  -11.996  -69.825  17.944 1.0000000000
120377  -12.975  -68.496  17.888 1.0000000000
128157  -17.747  -65.358  20.334 1.0000000000
11217  -15.274  -68.014  18.277 1.0000000000
11905  -15.759  -67.482  18.559 1.0000000000
11892  -17.000  -67.263  19.039 1.0000000000
8049  -9.664  -73.083  15.607 0.6999999881
111531  -17.159  -66.399  19.248 1.0000000000
7499  -9.739  -74.259  14.565 0.4000000060
14501  -8.656  -63.724  28.011 0.2000000030
13201  -10.067  -65.230  24.453 0.8999999762
13202  -10.546  -65.997  24.953 0.8999999762
12480  -11.589  -66.164  26.989 0.8999999762
13855  -8.058  -64.465  26.850 0.4000000060
13883  -7.540  -64.440  24.267 0.8999999762
14575  -8.642  -63.863  23.961 0.8999999762
13136  -13.685  -66.013  29.444 1.0000000000
11119  -16.477  -68.610  27.783 1.0000000000
11093  -15.932  -68.172  29.721 1.0000000000
13226  -17.077  -64.577  21.620 1.0000000000
133427  -17.017  -65.819  23.337 1.0000000000
11835  -16.304  -67.059  26.271 1.0000000000
11812  -16.719  -67.746  27.444 1.0000000000
12553  -14.072  -66.045  18.954 1.0000000000
13247  -15.548  -65.063  19.521 1.0000000000
13907  -16.483  -64.203  20.894 1.0000000000
13220  -17.384  -65.100  22.229 1.0000000000
9903  -9.224  -69.802  18.054 0.6000000238
9866  -9.553  -69.735  18.222 0.8000000119
10544  -10.676  -69.069  18.363 0.8999999762
10545  -11.593  -69.116  18.176 1.0000000000
11902  -13.065  -67.703  18.138 1.0000000000
12568  -14.583  -66.681  18.589 1.0000000000
127470  -15.793  -65.813  19.116 1.0000000000
13238  -17.089  -64.833  20.409 1.0000000000
12528  -17.186  -65.552  23.000 1.0000000000
9884  -9.395  -70.479  18.153 0.8000000119
9867  -9.888  -70.419  18.328 0.8000000119
119277  -11.074  -69.783  18.201 1.0000000000
11214  -12.160  -68.386  18.230 1.0000000000
11903  -14.111  -67.442  18.163 1.0000000000
12569  -15.558  -66.593  18.750 1.0000000000
131194  -16.846  -65.868  19.359 1.0000000000
13239  -17.274  -65.613  19.706 1.0000000000
9904  -9.156  -70.541  17.523 0.6000000238
9929  -9.931  -70.926  15.097 0.4000000060
11904  -14.989  -67.366  18.365 1.0000000000
12570  -16.390  -66.922  18.858 1.0000000000
110888  -9.627  -72.265  15.760 0.6999999881
14515  -8.422  -63.046  27.600 0.3000000119
119876  -10.963  -64.949  25.738 0.8999999762
13177  -11.295  -65.346  26.463 0.8999999762
14523  -7.979  -63.246  26.042 0.6000000238
13897  -8.985  -64.217  23.881 0.8999999762
13885  -9.358  -63.904  24.192 0.8999999762
121669  -9.776  -64.401  24.418 0.8999999762
13190  -10.328  -64.542  25.135 0.8999999762
13161  -11.772  -65.185  27.250 0.8999999762
13162  -12.156  -65.747  27.803 0.8999999762
13149  -12.728  -65.231  28.441 0.8999999762
133457  -13.067  -65.824  28.961 0.8999999762
13150  -13.511  -65.226  28.990 0.8999999762
13137  -14.343  -65.397  29.462 1.0000000000
11802  -16.495  -67.774  29.390 1.0000000000
11778  -15.852  -67.098  30.036 1.0000000000
13924  -14.915  -64.589  19.797 1.0000000000
13915  -15.644  -64.190  20.305 1.0000000000
13225  -16.487  -64.060  22.060 1.0000000000
13219  -17.051  -64.804  22.656 1.0000000000
12503  -16.082  -66.326  25.729 1.0000000000
120870  -16.602  -68.187  28.525 1.0000000000
10543  -9.864  -68.913  18.397 0.8000000119
11212  -10.334  -68.424  18.672 0.8000000119
119633  -11.516  -67.940  18.731 0.8999999762
12551  -12.247  -66.424  19.034 0.8999999762
12552  -13.076  -66.196  18.955 1.0000000000
13237  -16.318  -64.594  19.997 1.0000000000
13210  -16.438  -64.802  23.847 1.0000000000
12519  -16.592  -65.503  24.144 1.0000000000
112924  -10.244  -69.742  18.356 0.8000000119
11213  -11.149  -68.503  18.471 0.8999999762
11901  -12.193  -67.675  18.587 1.0000000000
12567  -13.618  -66.828  18.544 1.0000000000
13163  -15.933  -65.759  26.745 1.0000000000
10570  -9.352  -69.746  16.904 0.4000000060
9917  -9.425  -70.477  16.113 0.3000000119
111239  -8.373  -62.711  26.749 0.4000000060
14558  -9.002  -63.309  24.067 0.8999999762
14538  -8.120  -63.184  25.168 0.6000000238
14557  -8.525  -63.409  24.447 0.8000000119
13846  -12.009  -64.289  27.399 0.8999999762
13832  -12.672  -64.392  28.033 0.8999999762
13819  -15.042  -64.806  29.344 1.0000000000
13835  -14.824  -64.102  28.905 1.0000000000
13246  -14.516  -65.240  19.352 1.0000000000
12494  -16.005  -66.206  26.386 1.0000000000
11811  -16.456  -66.964  26.707 1.0000000000
11791  -16.245  -67.420  29.865 1.0000000000
123297  -15.290  -65.675  29.726 1.0000000000
11891  -11.530  -67.132  19.027 0.8999999762
13906  -15.946  -63.775  21.163 1.0000000000
13218  -16.646  -64.393  23.100 1.0000000000
121837  -16.223  -65.911  24.883 1.0000000000
12471  -17.892  -66.224  28.623 1.0000000000
13138  -16.813  -65.665  29.572 1.0000000000
13821  -16.712  -64.696  29.374 1.0000000000
10555  -9.439  -69.065  18.076 0.6999999881
11900  -10.705  -67.867  19.012 0.8000000119
13244  -12.325  -65.656  19.416 0.8999999762
13913  -14.029  -64.511  19.841 1.0000000000
13914  -14.830  -64.044  20.249 1.0000000000
13193  -15.781  -65.755  26.167 1.0000000000
13164  -16.697  -66.279  27.071 1.0000000000
12461  -17.521  -66.390  29.147 1.0000000000
13822  -17.559  -65.068  29.334 1.0000000000
132318  -18.124  -63.902  28.922 1.0000000000
133784  -9.254  -69.182  17.575 0.6000000238
11226  -9.703  -68.285  18.276 0.6999999881
13245  -13.488  -65.398  19.358 1.0000000000
13217  -16.106  -64.089  23.523 1.0000000000
13203  -15.534  -64.818  24.928 1.0000000000
13179  -15.753  -65.380  26.426 1.0000000000
13151  -18.608  -65.615  28.480 1.0000000000
13837  -18.838  -64.781  28.849 1.0000000000
14506  -19.297  -64.079  28.808 1.0000000000
123089  -13.340  -64.041  20.117 1.0000000000
14618  -14.204  -63.549  20.551 1.0000000000
13905  -15.687  -63.499  21.832 1.0000000000
13899  -15.685  -63.962  23.757 1.0000000000
13178  -15.660  -64.503  25.921 1.0000000000
13180  -16.038  -65.418  26.839 1.0000000000
13182  -18.146  -65.747  27.180 1.0000000000
13167  -19.273  -65.562  28.090 1.0000000000
13152  -19.168  -65.201  28.543 1.0000000000
115568  -9.402  -69.051  16.689 0.5000000000
14604  -14.889  -63.005  21.530 1.0000000000
14577  -15.415  -63.212  23.121 1.0000000000
119698  -15.540  -64.031  24.472 1.0000000000
13858  -17.390  -65.023  26.539 1.0000000000
13859  -18.590  -65.234  26.566 1.0000000000
13184  -19.944  -65.373  27.698 1.0000000000
13153  -19.766  -65.203  28.263 1.0000000000
14507  -20.119  -64.112  28.571 1.0000000000
15258  -20.408  -63.377  28.368 1.0000000000
13886  -15.481  -63.620  23.787 1.0000000000
14543  -15.819  -63.292  25.965 1.0000000000
14528  -16.083  -63.885  26.044 1.0000000000
14530  -17.823  -64.627  25.813 1.0000000000
13860  -19.666  -65.309  26.761 1.0000000000
13861  -20.687  -65.150  27.054 1.0000000000
13848  -21.122  -64.677  27.569 1.0000000000
15269  -21.807  -63.118  27.574 1.0000000000
16019  -22.793  -61.272  26.212 1.0000000000
13870  -18.969  -64.918  25.833 1.0000000000
13871  -20.065  -65.093  25.964 1.0000000000
13862  -21.651  -64.739  26.835 1.0000000000
13863  -22.277  -64.421  26.403 1.0000000000
133416  -22.928  -63.119  26.557 1.0000000000
15275  -22.979  -62.370  26.367 1.0000000000
16020  -23.461  -61.768  25.851 1.0000000000
128104  -23.786  -61.437  25.542 1.0000000000
16041  -24.824  -61.520  24.806 1.0000000000
16831  -25.381  -61.044  24.248 1.0000000000
13887  -20.375  -64.722  25.223 1.0000000000
13873  -21.850  -64.665  25.753 1.0000000000
13874  -22.619  -64.318  25.805 1.0000000000
14533  -23.206  -63.259  26.104 1.0000000000
15276  -23.669  -62.671  25.766 1.0000000000
16030  -24.197  -62.010  25.352 1.0000000000
16031  -24.892  -62.335  24.754 1.0000000000
16042  -25.561  -61.844  24.426 1.0000000000
16832  -26.215  -61.333  24.085 1.0000000000
16844  -26.856  -60.771  23.690 1.0000000000
14565  -21.899  -64.126  24.341 1.0000000000
13889  -21.642  -64.475  24.936 1.0000000000
13875  -23.058  -64.012  25.195 1.0000000000
14549  -23.678  -63.459  25.404 1.0000000000
15288  -24.871  -63.033  24.536 1.0000000000
15300  -25.545  -62.602  24.252 1.0000000000
15301  -26.244  -62.144  24.022 1.0000000000
16052  -26.971  -61.585  23.685 1.0000000000
15292  -8.858  -62.744  24.667 0.8999999762
14559  -9.549  -63.242  24.771 0.8999999762
14539  -10.303  -63.697  25.350 0.8999999762
14540  -10.986  -63.350  25.937 0.8999999762
14524  -11.404  -63.905  26.650 0.8999999762
121450  -11.405  -63.056  26.605 0.8999999762
14525  -12.041  -63.248  27.240 0.8999999762
14516  -12.535  -63.724  27.783 0.8999999762
122092  -12.861  -63.034  27.764 0.8999999762
15265  -13.244  -62.241  27.750 0.8999999762
14517  -13.262  -63.731  28.197 0.8999999762
14502  -14.158  -63.615  28.551 1.0000000000
15266  -14.099  -62.150  27.941 0.8999999762
13820  -15.738  -64.186  29.105 1.0000000000
12550  -11.028  -66.365  19.140 0.8999999762
125177  -11.669  -66.220  19.166 0.8999999762
14505  -16.829  -63.262  28.781 1.0000000000
14495  -17.412  -64.133  29.062 1.0000000000
11889  -10.098  -67.083  19.152 0.8999999762
13235  -11.815  -64.958  19.891 0.8999999762
13236  -12.901  -64.799  19.790 0.8999999762
116834  -18.028  -62.486  28.645 1.0000000000
116445  -18.605  -63.357  28.786 1.0000000000
11916  -9.624  -67.478  17.927 0.6999999881
14617  -13.089  -63.516  20.624 1.0000000000
128584  -18.797  -62.526  28.598 1.0000000000
15998  -19.331  -61.998  28.322 1.0000000000
16010  -19.889  -61.308  27.981 1.0000000000
14603  -13.768  -62.937  21.125 1.0000000000
14590  -15.078  -62.809  22.261 1.0000000000
14560  -15.399  -63.495  24.008 1.0000000000
15267  -20.294  -62.363  28.145 1.0000000000
16012  -21.181  -62.249  27.768 1.0000000000
16011  -20.647  -61.556  27.836 1.0000000000
16813  -21.056  -60.318  27.046 1.0000000000
126685  -21.695  -60.847  26.850 1.0000000000
16814  -21.751  -60.240  26.445 1.0000000000
125950  -15.325  -63.162  23.653 1.0000000000
15283  -16.148  -63.393  25.479 1.0000000000
14545  -17.213  -63.841  25.304 1.0000000000
14529  -16.725  -64.021  25.904 1.0000000000
126047  -21.794  -62.209  27.329 1.0000000000
16815  -22.178  -60.843  26.451 1.0000000000
16822  -22.481  -60.353  25.855 1.0000000000
16829  -23.697  -60.424  24.720 0.8999999762
17652  -24.154  -60.063  23.774 0.8999999762
16830  -24.551  -60.747  24.441 1.0000000000
14546  -18.318  -64.261  25.145 1.0000000000
14563  -19.980  -64.111  24.492 1.0000000000
15274  -22.465  -62.892  26.985 1.0000000000
121065  -22.182  -61.641  26.831 1.0000000000
16040  -24.077  -61.151  25.108 0.8999999762
14562  -18.861  -63.777  24.551 1.0000000000
14564  -20.989  -64.248  24.390 1.0000000000
129006  -20.611  -64.464  24.796 1.0000000000
16845  -27.657  -60.939  23.429 0.8999999762
14579  -21.359  -63.708  23.652 1.0000000000
14581  -23.258  -63.517  23.781 1.0000000000
14567  -23.703  -63.671  24.479 1.0000000000
14582  -24.181  -63.426  23.769 1.0000000000
14550  -24.275  -63.362  24.792 1.0000000000
14569  -25.394  -63.243  23.824 1.0000000000
14580  -22.322  -63.636  23.692 1.0000000000
124109  -24.868  -63.355  23.638 1.0000000000
15314  -26.066  -62.833  23.773 1.0000000000
15315  -26.790  -62.539  23.338 1.0000000000
128811  -27.869  -61.819  22.906 1.0000000000
15271  -8.348  -62.441  25.742 0.8000000119
15279  -8.573  -62.293  24.950 0.6999999881
16034  -8.912  -61.935  24.805 0.8000000119
15280  -9.960  -61.839  25.343 0.8999999762
115232  -10.227  -62.853  25.434 0.8999999762
15281  -11.025  -62.379  26.058 0.8999999762
16017  -12.118  -61.656  26.945 0.8999999762
15273  -12.459  -62.345  27.388 0.8999999762
15252  -13.712  -62.944  28.035 0.8999999762
16004  -13.596  -61.427  27.747 0.8999999762
15994  -14.958  -62.030  28.126 1.0000000000
15995  -15.760  -61.919  28.290 1.0000000000
15255  -16.268  -62.524  28.555 1.0000000000
11898  -9.856  -67.719  18.943 0.8999999762
12549  -10.649  -66.413  19.101 0.8999999762
13242  -10.836  -65.620  19.344 0.8999999762
130540  -15.993  -61.440  28.225 1.0000000000
15997  -17.546  -61.687  28.423 1.0000000000
16008  -18.027  -60.960  28.186 1.0000000000
122324  -9.842  -66.863  18.522 0.8999999762
13234  -10.875  -65.023  19.888 0.8999999762
13912  -12.409  -64.146  20.188 0.8999999762
16804  -18.555  -60.196  27.999 1.0000000000
16812  -20.285  -60.010  27.387 1.0000000000
13233  -10.381  -65.073  19.738 0.8999999762
14602  -12.762  -62.996  21.111 0.8999999762
15339  -14.303  -62.554  21.742 1.0000000000
17617  -18.133  -59.382  27.891 1.0000000000
17632  -19.681  -59.335  27.268 1.0000000000
17641  -20.929  -59.126  26.136 1.0000000000
17642  -21.749  -59.570  25.757 1.0000000000
15338  -13.404  -62.457  21.620 1.0000000000
15323  -14.255  -62.128  22.177 1.0000000000
16026  -15.904  -62.732  24.360 1.0000000000
15284  -16.376  -63.462  24.964 1.0000000000
130171  -16.623  -63.245  25.799 1.0000000000
18447  -20.708  -58.066  24.737 1.0000000000
18440  -21.248  -58.776  25.237 1.0000000000
17643  -22.474  -59.762  25.146 0.8999999762
17651  -23.109  -59.591  24.195 0.8999999762
16842  -25.092  -60.335  23.633 1.0000000000
16843  -25.997  -60.544  23.678 1.0000000000
17665  -26.624  -59.952  23.043 0.8999999762
16027  -16.190  -62.712  24.429 1.0000000000
16028  -16.811  -62.565  24.318 1.0000000000
15285  -17.226  -63.289  24.710 1.0000000000
17666  -27.427  -60.145  23.243 0.8999999762
119308  -18.035  -62.228  23.685 1.0000000000
15298  -18.246  -62.941  24.148 1.0000000000
15299  -19.318  -63.243  23.899 1.0000000000
15309  -20.863  -63.088  22.969 1.0000000000
14578  -20.357  -63.585  23.693 1.0000000000
15310  -21.813  -63.162  23.043 1.0000000000
15324  -20.506  -62.359  22.402 1.0000000000
15325  -21.510  -62.586  22.418 1.0000000000
132050  -22.095  -62.811  22.686 1.0000000000
15311  -22.688  -62.979  23.059 1.0000000000
15312  -23.708  -62.990  23.207 1.0000000000
15313  -24.629  -63.124  23.210 1.0000000000
14591  -25.913  -63.019  22.631 1.0000000000
15329  -26.511  -62.937  22.681 1.0000000000
16846  -28.381  -61.025  23.085 0.8999999762
15326  -22.361  -62.440  22.379 1.0000000000
15327  -23.236  -62.394  22.540 1.0000000000
15328  -24.204  -62.532  22.631 1.0000000000
15340  -24.741  -62.044  22.144 1.0000000000
15341  -25.627  -62.399  22.115 1.0000000000
15316  -27.193  -62.510  22.435 1.0000000000
112457  -8.238  -61.213  27.696 0.3000000119
15264  -8.378  -61.813  26.645 0.5000000000
16035  -9.173  -61.956  24.807 0.8999999762
16015  -8.532  -61.523  25.738 0.5000000000
123137  -10.903  -61.380  25.997 0.8999999762
132883  -11.445  -61.772  26.576 0.8999999762
16809  -11.711  -60.260  26.660 0.8999999762
16810  -12.434  -60.753  26.998 0.8999999762
17628  -12.296  -59.729  26.816 0.8999999762
16798  -13.185  -60.785  27.485 0.8999999762
18420  -13.372  -58.355  26.699 0.8999999762
130894  -13.416  -60.327  27.500 0.8999999762
16800  -14.827  -60.436  27.880 1.0000000000
111153  -13.115  -59.311  26.944 0.8999999762
17613  -14.337  -59.711  27.684 1.0000000000
16006  -15.436  -61.226  28.000 1.0000000000
131456  -10.407  -64.043  18.317 0.4000000060
14637  -9.973  -63.741  18.773 0.5000000000
119905  -15.007  -58.306  27.244 1.0000000000
123710  -16.090  -58.506  27.623 1.0000000000
17615  -16.161  -59.288  27.907 1.0000000000
17616  -17.171  -59.337  27.945 1.0000000000
13937  -10.110  -64.517  18.526 0.5000000000
125838  -9.921  -64.582  19.334 0.8999999762
13909  -9.940  -64.583  19.999 0.8999999762
120760  -16.384  -57.991  27.213 1.0000000000
18401  -17.653  -58.616  27.588 1.0000000000
113401  -9.877  -65.913  18.167 0.6999999881
13911  -11.228  -64.173  20.315 0.8999999762
18424  -17.918  -58.042  26.857 1.0000000000
18425  -19.418  -58.584  26.745 1.0000000000
18426  -20.142  -58.862  26.492 1.0000000000
13945  -10.592  -64.335  17.917 0.4000000060
15306  -14.614  -62.002  22.601 1.0000000000
15295  -14.809  -61.870  22.939 1.0000000000
16025  -15.670  -61.976  23.718 1.0000000000
19255  -19.190  -57.714  25.393 1.0000000000
128348  -20.929  -57.563  23.953 0.8999999762
18461  -22.230  -57.935  23.367 0.6999999881
18448  -22.552  -58.643  23.808 0.8999999762
17663  -23.971  -59.285  23.106 0.8999999762
17664  -24.879  -59.558  22.859 1.0000000000
16038  -16.408  -61.957  23.872 1.0000000000
120510  -17.611  -61.901  23.591 1.0000000000
128549  -10.775  -64.767  17.266 0.3000000119
15307  -18.750  -62.382  23.391 1.0000000000
15308  -19.759  -62.764  23.008 1.0000000000
16051  -18.818  -61.685  22.830 1.0000000000
16060  -20.409  -61.606  21.954 1.0000000000
16062  -21.872  -61.942  21.880 1.0000000000
16847  -29.005  -60.570  22.808 0.8999999762
16072  -21.240  -61.301  21.503 1.0000000000
16074  -23.102  -61.151  21.545 1.0000000000
16064  -23.749  -61.705  22.043 1.0000000000
16077  -26.143  -61.881  21.602 1.0000000000
115154  -27.194  -62.049  21.688 1.0000000000
16065  -27.898  -62.175  22.103 1.0000000000
16856  -28.785  -61.239  22.452 0.8999999762
16868  -26.563  -61.231  21.110 1.0000000000
15993  -8.210  -60.382  28.178 0.4000000060
16023  -8.862  -61.176  25.198 0.6999999881
130014  -8.274  -60.401  27.279 0.3000000119
16808  -8.422  -60.060  26.523 0.5000000000
16819  -9.976  -60.773  25.759 0.8999999762
16818  -9.025  -60.500  25.562 0.8999999762
121552  -9.486  -59.844  25.833 0.8999999762
132473  -10.386  -59.961  25.977 0.8999999762
16820  -11.019  -60.475  26.133 0.8999999762
17627  -11.215  -59.349  26.223 0.8999999762
18436  -11.241  -58.112  25.884 0.8999999762
18419  -12.278  -58.541  26.436 0.8999999762
19236  -13.823  -57.477  26.240 0.8999999762
18421  -14.300  -58.286  26.945 0.8999999762
19237  -14.887  -57.511  26.620 0.8999999762
19239  -16.665  -57.477  26.603 1.0000000000
19240  -17.337  -57.583  26.549 1.0000000000
13923  -9.771  -63.834  19.777 0.8999999762
14600  -10.026  -63.354  21.206 0.8999999762
13904  -10.095  -64.039  20.926 0.8999999762
15337  -12.326  -62.494  21.524 1.0000000000
114793  -17.852  -57.462  25.941 1.0000000000
19254  -18.478  -57.290  25.191 0.8999999762
19264  -19.168  -57.089  24.354 0.8999999762
20097  -19.791  -56.282  23.489 0.8000000119
20111  -20.466  -55.642  22.847 0.6999999881
15305  -13.558  -61.546  22.434 1.0000000000
129328  -15.480  -61.495  23.340 1.0000000000
112515  -19.874  -57.871  25.043 1.0000000000
19265  -20.155  -57.347  24.113 0.8999999762
19278  -20.692  -56.700  23.379 0.6999999881
19288  -22.111  -56.530  22.751 0.6999999881
18473  -24.062  -57.485  22.206 0.6999999881
18463  -24.014  -58.395  22.519 0.8999999762
115830  -25.816  -59.740  22.798 0.8999999762
17677  -27.172  -59.256  22.551 0.8000000119
16037  -15.143  -62.038  23.260 1.0000000000
16821  -15.850  -61.905  23.851 1.0000000000
16827  -16.699  -61.224  23.437 1.0000000000
16039  -17.058  -61.910  23.743 1.0000000000
16050  -18.110  -61.617  23.215 1.0000000000
123763  -25.092  -57.716  21.914 0.6999999881
122985  -26.029  -57.630  21.865 0.6999999881
17676  -26.551  -59.024  22.173 0.8000000119
16049  -17.390  -61.287  23.327 1.0000000000
18475  -27.035  -58.461  22.080 0.8000000119
120494  -27.549  -58.488  22.315 0.6999999881
17678  -27.922  -59.469  22.818 0.8000000119
16854  -19.061  -60.955  22.349 1.0000000000
16855  -19.787  -61.152  21.968 1.0000000000
16059  -19.622  -61.851  22.439 1.0000000000
17667  -28.226  -60.345  23.166 0.8999999762
16863  -21.772  -60.683  21.025 1.0000000000
16864  -22.620  -60.632  21.059 1.0000000000
16073  -22.238  -61.300  21.411 1.0000000000
130218  -23.777  -61.026  21.569 1.0000000000
16075  -24.430  -61.288  21.655 1.0000000000
125579  -24.901  -60.820  21.264 1.0000000000
16076  -25.250  -61.594  21.638 1.0000000000
124993  -27.510  -61.266  21.104 1.0000000000
114391  -28.113  -61.757  21.664 1.0000000000
16066  -28.477  -61.716  22.093 0.8999999762
16857  -29.509  -60.668  22.173 0.8999999762
16881  -22.988  -59.996  20.727 1.0000000000
16866  -24.166  -60.601  21.268 1.0000000000
125505  -25.279  -60.418  20.897 1.0000000000
16867  -25.671  -61.061  21.176 1.0000000000
16869  -28.350  -61.131  21.170 1.0000000000
16870  -29.064  -60.901  21.401 1.0000000000
16067  -29.111  -61.170  21.944 0.8999999762
18433  -8.892  -59.003  26.154 0.6999999881
17639  -9.232  -59.031  25.930 0.8000000119
17640  -10.080  -59.181  25.885 0.8999999762
19233  -9.609  -57.539  26.062 0.8000000119
18435  -10.336  -57.697  25.806 0.8999999762
20054  -10.482  -56.501  26.281 0.6999999881
19247  -11.059  -57.122  25.733 0.8000000119
20084  -12.036  -55.944  25.683 0.8000000119
19248  -11.931  -57.407  25.798 0.8999999762
114466  -12.427  -56.607  25.616 0.8000000119
20086  -13.699  -55.728  25.359 0.8999999762
19250  -14.226  -56.609  25.702 0.8999999762
20088  -15.558  -55.720  24.836 1.0000000000
20089  -16.552  -56.287  24.888 1.0000000000
14599  -9.823  -62.946  21.016 0.8000000119
15336  -11.147  -62.599  21.349 0.8999999762
15321  -11.822  -61.880  21.895 0.8999999762
20090  -17.549  -56.680  24.824 1.0000000000
20096  -18.794  -55.763  23.640 0.6999999881
132142  -19.715  -54.802  23.172 0.6999999881
20110  -19.643  -55.216  22.999 0.6999999881
20123  -21.231  -55.331  22.728 0.6999999881
15322  -12.985  -61.916  22.002 1.0000000000
16048  -13.949  -61.266  22.658 1.0000000000
16036  -14.289  -61.065  22.826 1.0000000000
20960  -20.449  -54.824  22.884 0.6999999881
21782  -21.599  -54.678  23.136 0.6999999881
20973  -22.094  -55.184  22.736 0.6999999881
19289  -23.004  -56.624  22.577 0.6999999881
19290  -23.917  -56.759  22.299 0.6999999881
116931  -25.535  -56.863  22.298 0.6999999881
16825  -15.548  -61.012  23.295 1.0000000000
16838  -16.380  -60.572  23.324 1.0000000000
20950  -23.189  -55.138  23.002 0.6999999881
20099  -24.776  -56.044  22.885 0.6999999881
20114  -24.462  -56.326  22.453 0.6000000238
18474  -26.600  -58.037  21.867 0.6000000238
16839  -17.104  -60.330  23.163 1.0000000000
16840  -17.858  -60.741  22.974 1.0000000000
19281  -26.558  -57.333  22.325 0.6000000238
19292  -27.200  -57.737  22.244 0.6999999881
16853  -18.407  -60.362  22.610 0.8999999762
117190  -18.946  -60.124  22.197 1.0000000000
116463  -27.360  -57.262  22.763 0.5000000000
18476  -28.336  -58.752  22.452 0.6999999881
17679  -28.844  -59.769  22.856 0.8000000119
17674  -19.238  -59.420  21.920 1.0000000000
16861  -19.651  -60.316  21.786 1.0000000000
16862  -20.377  -60.853  21.579 1.0000000000
120213  -28.733  -58.055  22.280 0.8000000119
18477  -29.420  -59.125  22.454 0.8000000119
17685  -20.859  -59.597  20.893 1.0000000000
116052  -20.344  -60.150  21.297 1.0000000000
17696  -21.677  -59.476  20.531 1.0000000000
17698  -23.422  -59.382  20.439 1.0000000000
17699  -24.304  -59.438  20.570 1.0000000000
17700  -25.273  -59.668  20.619 1.0000000000
17701  -26.250  -59.668  20.507 1.0000000000
17702  -27.181  -59.710  20.473 1.0000000000
132188  -28.448  -59.073  20.421 1.0000000000
17704  -29.845  -59.668  20.878 0.8999999762
17687  -30.305  -59.640  21.784 0.8999999762
17680  -30.263  -59.299  22.106 0.8000000119
125093  -29.802  -60.028  22.425 0.8999999762
16882  -23.824  -59.985  20.871 1.0000000000
16883  -24.624  -60.140  20.888 1.0000000000
16884  -25.974  -60.433  20.759 1.0000000000
125410  -27.795  -60.517  20.703 1.0000000000
16887  -29.520  -60.288  21.080 0.8999999762
16871  -29.654  -60.527  21.737 0.8999999762
130682  -30.225  -59.877  22.091 0.8999999762
133618  -8.424  -58.786  27.364 0.4000000060
125164  -8.575  -58.313  26.956 0.4000000060
18397  -8.892  -57.782  27.104 0.5000000000
19216  -10.041  -56.778  26.699 0.5000000000
20886  -15.108  -54.941  27.819 0.1000000015
19215  -9.508  -57.387  26.561 0.8000000119
20907  -16.939  -54.657  27.907 0.2000000030
20076  -11.571  -55.815  25.906 0.6000000238
20925  -12.155  -55.458  25.892 0.6000000238
21716  -13.549  -54.643  25.846 0.6000000238
20937  -14.163  -55.051  25.171 0.6999999881
21756  -15.377  -54.437  24.957 0.6999999881
15351  -9.669  -62.262  19.809 0.5000000000
15347  -9.683  -62.412  20.562 0.5000000000
15334  -9.787  -61.987  21.254 0.6999999881
20939  -15.815  -54.823  24.594 0.6999999881
20946  -17.382  -54.907  23.978 0.6999999881
14614  -9.690  -63.075  20.239 0.6999999881
15320  -10.561  -61.925  22.052 0.6999999881
16046  -12.017  -60.786  22.681 0.6999999881
16047  -12.994  -60.918  22.742 0.8000000119
21768  -17.818  -54.449  24.122 0.8000000119
21769  -18.662  -54.265  23.895 0.6999999881
21772  -21.020  -54.619  23.665 0.6000000238
20948  -21.692  -54.887  24.214 0.6000000238
118344  -13.402  -60.559  22.836 0.8000000119
17646  -14.154  -60.284  22.971 1.0000000000
20942  -23.153  -55.469  23.991 0.6999999881
17648  -15.160  -60.009  23.192 1.0000000000
18460  -17.184  -59.103  23.049 0.8999999762
20098  -24.011  -55.597  23.295 0.6999999881
19267  -25.479  -56.641  23.289 0.5000000000
17661  -17.845  -59.793  22.862 0.8999999762
17673  -18.500  -59.526  22.387 1.0000000000
19268  -26.211  -56.966  23.010 0.5000000000
18465  -27.060  -57.316  23.044 0.5000000000
19269  -27.191  -57.456  24.012 0.5000000000
18484  -19.557  -58.635  21.552 1.0000000000
19282  -27.567  -57.034  23.345 0.5000000000
19293  -27.805  -57.712  22.343 0.6000000238
130094  -21.200  -58.356  20.497 1.0000000000
18485  -20.444  -58.554  20.971 1.0000000000
18495  -21.868  -58.721  20.281 1.0000000000
18496  -23.013  -58.748  20.180 1.0000000000
124448  -23.890  -58.728  20.268 1.0000000000
18498  -25.716  -58.837  20.390 1.0000000000
18500  -27.561  -58.922  20.346 1.0000000000
126273  -30.446  -59.167  20.936 0.8999999762
18486  -30.632  -58.869  21.395 0.8999999762
120797  -29.858  -58.357  22.172 0.8000000119
19324  -23.389  -57.914  20.067 1.0000000000
19325  -24.397  -58.008  20.153 1.0000000000
19326  -25.268  -58.039  20.216 1.0000000000
19328  -27.055  -58.059  20.221 1.0000000000
19329  -28.151  -58.134  20.239 1.0000000000
19330  -29.738  -57.947  20.386 0.8999999762
113582  -30.535  -58.389  20.679 0.8999999762
18479  -31.253  -58.068  21.147 0.8999999762
19296  -31.108  -57.492  21.591 0.8999999762
19295  -30.226  -57.506  21.947 0.6999999881
19350  -24.876  -57.309  20.057 1.0000000000
19351  -25.679  -57.256  20.083 1.0000000000
19352  -26.552  -57.242  20.079 1.0000000000
19353  -27.453  -57.235  20.038 1.0000000000
126572  -28.993  -57.808  20.263 1.0000000000
125991  -30.266  -57.613  20.400 0.8999999762
19332  -31.592  -57.636  20.986 0.8999999762
19304  -31.666  -57.243  21.143 0.8000000119
131082  -11.247  -56.943  28.196 0.1000000015
20042  -12.313  -56.166  28.097 0.3000000119
20057  -12.763  -55.548  27.483 0.1000000015
20885  -14.599  -55.451  28.227 0.1000000015
20904  -14.206  -54.868  27.348 0.4000000060
128392  -11.356  -55.940  26.742 0.6999999881
112760  -12.390  -55.287  26.422 0.4000000060
20903  -13.277  -54.926  26.682 0.5000000000
21737  -14.247  -54.351  25.818 0.6000000238
21755  -14.602  -54.575  25.271 0.6999999881
21757  -16.363  -54.308  24.766 0.6999999881
21758  -17.350  -54.123  24.729 0.5000000000
21760  -18.977  -54.247  25.093 0.4000000060
16055  -9.881  -61.202  21.732 0.6000000238
16852  -11.178  -60.743  22.520 0.6999999881
16836  -12.571  -60.189  22.941 0.8000000119
16837  -13.393  -60.082  22.947 0.8000000119
21767  -17.132  -54.546  24.446 0.6999999881
21759  -18.232  -54.158  24.492 0.6000000238
21762  -20.908  -54.739  24.923 0.6000000238
16056  -10.415  -61.108  22.252 0.6999999881
16835  -11.413  -60.232  22.972 0.6999999881
18445  -14.286  -59.515  23.326 0.8999999762
20941  -22.410  -55.226  24.712 0.6999999881
18446  -14.886  -59.056  23.439 0.8999999762
17659  -15.654  -59.404  23.299 0.8999999762
17672  -17.986  -58.886  22.616 0.8999999762
128249  -23.889  -55.857  24.290 0.6000000238
18470  -17.505  -58.208  22.657 1.0000000000
19258  -24.905  -57.400  24.670 0.5000000000
18442  -25.009  -58.365  25.555 0.5000000000
18483  -19.198  -57.874  21.725 1.0000000000
121224  -19.774  -58.028  21.293 1.0000000000
19294  -29.133  -57.353  22.164 0.6999999881
19321  -20.826  -57.734  20.650 1.0000000000
19322  -21.679  -57.799  20.201 1.0000000000
20128  -29.618  -56.514  22.163 0.6000000238
112281  -21.878  -57.004  20.090 1.0000000000
19323  -22.527  -57.418  20.038 1.0000000000
19349  -24.135  -57.228  20.016 1.0000000000
20977  -31.057  -56.143  21.908 0.8000000119
20129  -30.699  -56.764  21.873 0.6999999881
20163  -23.332  -56.928  19.947 1.0000000000
20182  -24.169  -56.382  19.815 1.0000000000
132029  -24.592  -56.850  19.944 1.0000000000
20184  -26.077  -56.509  19.848 1.0000000000
20186  -27.803  -56.439  19.730 1.0000000000
19354  -28.373  -57.160  20.045 1.0000000000
20164  -30.375  -56.891  20.240 1.0000000000
20165  -31.250  -56.709  20.446 0.8999999762
19305  -31.962  -56.893  20.997 0.8000000119
20183  -25.132  -56.524  19.864 1.0000000000
18383  -10.074  -57.724  28.179 0.3000000119
20041  -11.467  -56.406  27.679 0.3000000119
121283  -15.571  -54.535  27.311 0.6000000238
20906  -16.246  -54.424  27.274 0.2000000030
20905  -14.778  -54.388  26.675 0.6000000238
21717  -15.598  -54.197  26.458 0.6999999881
21718  -16.288  -54.181  26.435 0.5000000000
21741  -18.016  -54.190  25.764 0.4000000060
21742  -19.030  -54.313  26.479 0.4000000060
114368  -9.882  -60.446  21.542 0.4000000060
16850  -10.000  -60.428  22.173 0.6000000238
17655  -10.779  -59.582  22.989 0.6999999881
21740  -16.866  -54.110  25.792 0.5000000000
21743  -19.901  -54.455  26.930 0.4000000060
16082  -9.694  -61.689  20.379 0.5000000000
115596  -9.752  -61.072  20.984 0.6000000238
16851  -10.657  -60.318  22.555 0.6999999881
17656  -11.847  -59.379  23.231 0.8000000119
18455  -12.679  -58.800  23.674 0.8000000119
18456  -13.624  -58.796  23.829 0.8999999762
18457  -14.284  -58.739  23.676 0.8999999762
18458  -15.527  -58.451  23.312 0.8999999762
18459  -16.316  -58.762  23.186 0.8999999762
121544  -18.109  -58.164  22.352 1.0000000000
124157  -18.550  -57.705  22.099 1.0000000000
19301  -18.862  -57.081  21.777 1.0000000000
19302  -19.614  -57.372  21.323 1.0000000000
20138  -20.284  -56.962  20.875 1.0000000000
112282  -21.153  -57.002  20.345 1.0000000000
20161  -21.633  -56.213  20.093 1.0000000000
20162  -22.490  -56.563  19.956 1.0000000000
20978  -31.699  -55.905  21.637 0.8000000119
21009  -22.376  -55.766  19.784 1.0000000000
20181  -23.206  -56.053  19.754 1.0000000000
21026  -23.889  -55.441  19.538 1.0000000000
21027  -24.792  -55.654  19.544 1.0000000000
21028  -25.666  -55.782  19.527 1.0000000000
21030  -27.274  -55.766  19.457 1.0000000000
21032  -29.699  -55.530  19.620 1.0000000000
21033  -30.576  -56.003  19.990 1.0000000000
21011  -32.114  -55.522  20.571 0.8000000119
20985  -32.219  -55.767  21.209 0.8000000119
17683  -10.390  -59.682  21.224 0.5000000000
17670  -10.040  -59.869  21.871 0.5000000000
17671  -10.426  -59.620  22.336 0.6999999881
114766  -10.987  -58.852  23.157 0.6000000238
118723  -10.378  -60.221  20.673 0.4000000060
19276  -14.021  -58.029  23.778 0.8999999762
19285  -16.235  -57.686  23.072 1.0000000000
19286  -17.052  -57.478  22.668 1.0000000000
20121  -17.351  -56.743  22.378 1.0000000000
20137  -19.448  -56.582  21.289 1.0000000000
20159  -19.979  -56.100  20.877 1.0000000000
20160  -20.708  -56.233  20.423 1.0000000000
21007  -21.060  -55.514  20.135 1.0000000000
21008  -21.738  -55.476  19.884 1.0000000000
21795  -30.952  -55.298  22.093 0.6000000238
21025  -22.185  -55.030  19.581 1.0000000000
112664  -23.003  -55.219  19.527 1.0000000000
21844  -25.347  -54.976  19.240 1.0000000000
21845  -26.142  -55.127  19.244 1.0000000000
21846  -27.485  -54.885  19.216 1.0000000000
21031  -28.210  -55.582  19.478 1.0000000000
21848  -29.767  -54.751  19.444 0.8999999762
114188  -30.426  -55.249  19.679 0.8999999762
128001  -22.739  -54.410  19.291 0.8999999762
21842  -23.624  -54.568  19.275 1.0000000000
21863  -25.076  -54.146  19.008 1.0000000000
21864  -25.899  -54.340  18.998 1.0000000000
21865  -27.224  -54.176  18.885 1.0000000000
21866  -27.946  -54.165  18.907 1.0000000000
22559  -31.673  -53.889  19.686 0.8999999762
17690  -11.077  -59.556  20.650 0.4000000060
19274  -12.195  -57.720  23.696 0.8000000119
123594  -14.562  -57.346  23.498 0.8999999762
17707  -11.864  -59.568  20.243 0.2000000030
19277  -15.355  -57.546  23.285 0.8999999762
16876  -11.224  -60.126  20.132 0.3000000119
20136  -18.611  -56.156  21.634 1.0000000000
21006  -20.297  -55.525  20.442 1.0000000000
21823  -21.397  -54.879  19.775 1.0000000000
21841  -21.862  -54.320  19.370 0.8999999762
22556  -22.376  -53.667  19.080 0.8999999762
22576  -29.320  -53.160  18.756 0.8999999762
21862  -24.243  -53.942  19.030 0.8999999762
22571  -24.794  -53.373  18.697 0.8999999762
22572  -25.619  -53.526  18.712 1.0000000000
22573  -26.549  -53.709  18.729 1.0000000000
22575  -28.304  -53.381  18.686 0.8999999762
18482  -10.386  -58.437  22.087 0.5000000000
18468  -10.599  -58.766  22.646 0.5000000000
18481  -10.709  -58.424  21.542 0.3000000119
117496  -13.704  -57.155  23.719 0.6000000238
17706  -11.590  -58.933  20.728 0.3000000119
20109  -15.136  -56.744  23.257 0.8000000119
131622  -15.806  -56.970  23.094 1.0000000000
19299  -10.919  -58.024  21.387 0.3000000119
20119  -15.708  -56.289  22.942 0.8000000119
20120  -16.466  -56.727  22.712 1.0000000000
20972  -16.886  -56.032  22.359 0.8999999762
20135  -17.734  -56.044  22.098 1.0000000000
20983  -18.753  -55.420  21.364 0.8000000119
21801  -18.496  -54.628  21.243 0.6999999881
21802  -19.245  -55.083  20.988 0.8000000119
130292  -19.732  -55.493  20.806 1.0000000000
21820  -19.234  -54.302  20.615 0.8000000119
21821  -19.840  -54.898  20.494 0.8999999762
22540  -20.037  -54.141  20.100 0.8000000119
21822  -20.603  -54.821  20.102 0.8999999762
118045  -20.950  -54.102  19.537 0.8000000119
22555  -21.620  -53.692  19.160 0.8000000119
110639  -22.724  -52.972  18.679 0.8999999762
23256  -23.526  -52.786  18.473 0.8999999762
23257  -24.430  -52.576  18.299 1.0000000000
115325  -25.288  -52.793  18.429 1.0000000000
114709  -26.104  -52.782  18.462 1.0000000000
23260  -27.634  -52.631  18.507 0.8999999762
127373  -29.258  -52.344  18.556 0.8999999762
23258  -25.175  -52.150  18.111 1.0000000000
113377  -25.959  -51.811  18.186 0.8999999762
19284  -10.527  -57.659  22.526 0.4000000060
19273  -11.249  -57.440  23.452 0.4000000060
117766  -12.747  -56.989  23.805 0.5000000000
20108  -14.295  -56.482  23.461 0.6999999881
20107  -13.313  -56.266  23.628 0.6000000238
20958  -14.927  -55.939  23.154 0.6999999881
112818  -16.201  -55.982  22.593 0.8000000119
20971  -16.397  -55.350  22.382 0.6999999881
20982  -18.104  -55.364  21.743 0.6999999881
21791  -16.663  -54.631  22.111 0.6999999881
21800  -17.679  -54.639  21.726 0.6999999881
22538  -18.491  -53.744  20.716 0.6999999881
22539  -19.228  -53.480  19.940 0.8000000119
22554  -20.200  -53.426  19.402 0.8000000119
23246  -21.081  -53.218  19.070 0.8000000119
22569  -21.908  -53.051  18.852 0.8000000119
111120  -22.944  -52.355  18.317 0.8999999762
24009  -23.611  -51.903  18.038 0.8999999762
24010  -24.545  -51.721  17.898 0.8999999762
24765  -25.573  -50.958  17.878 0.8000000119
120294  -25.849  -50.336  17.851 0.8000000119
123868  -11.760  -56.785  23.687 0.3000000119
20104  -10.542  -56.714  22.762 0.3000000119
20106  -12.295  -56.110  23.711 0.5000000000
129475  -11.433  -56.007  23.567 0.3000000119
20970  -15.561  -55.430  22.772 0.6999999881
20968  -11.202  -55.000  22.801 0.3000000119
20956  -12.768  -55.346  23.574 0.4000000060
21778  -14.130  -54.562  23.152 0.6999999881
21799  -17.100  -54.047  21.792 0.6999999881
22521  -17.825  -53.938  21.315 0.6999999881
22520  -17.252  -53.548  21.267 0.6999999881
22537  -17.733  -53.291  20.796 0.6000000238
23226  -18.301  -53.043  20.098 0.6999999881
113586  -18.814  -52.768  19.488 0.6999999881
22553  -19.558  -52.746  19.190 0.6999999881
23254  -21.358  -52.434  18.548 0.6999999881
23255  -22.222  -52.372  18.416 0.8000000119
117073  -21.770  -51.652  18.206 0.6999999881
24008  -22.661  -51.705  18.126 0.6999999881
24024  -24.011  -51.056  17.720 0.6999999881
24778  -23.585  -50.287  17.603 0.6999999881
24025  -24.819  -50.978  17.728 0.8000000119
24780  -25.187  -50.189  17.648 0.8000000119
25595  -24.662  -49.661  17.516 0.6999999881
118263  -25.742  -49.762  17.733 0.6999999881
20955  -11.756  -55.317  23.503 0.3000000119
21776  -12.164  -54.502  23.363 0.6000000238
21789  -14.966  -54.543  22.853 0.6999999881
21777  -13.151  -54.518  23.368 0.6000000238
125179  -14.324  -53.895  22.964 0.6999999881
22509  -16.134  -53.876  21.999 0.6999999881
22508  -15.014  -53.706  22.439 0.5000000000
22519  -16.549  -53.401  21.496 0.4000000060
23208  -16.995  -52.989  20.958 0.6000000238
118849  -16.561  -52.508  20.514 0.5000000000
23225  -17.373  -52.616  20.157 0.6000000238
23244  -18.115  -52.282  19.436 0.6000000238
110472  -18.975  -52.097  19.058 0.6000000238
23253  -20.734  -51.635  18.263 0.6000000238
24764  -22.279  -50.905  18.007 0.6999999881
24023  -23.152  -51.024  17.809 0.6999999881
24777  -22.764  -50.195  17.721 0.5000000000
24779  -24.376  -50.311  17.579 0.6999999881
26409  -23.695  -48.756  17.433 0.5000000000
123860  -24.002  -49.587  17.486 0.6000000238
25596  -25.277  -49.206  17.552 0.5000000000
21775  -11.521  -54.725  23.118 0.6000000238
22498  -12.529  -53.784  23.105 0.5000000000
132780  -11.569  -54.369  22.836 0.1000000015
21788  -11.835  -53.995  23.056 0.4000000060
22499  -13.486  -53.774  23.111 0.6000000238
22505  -12.306  -53.489  22.469 0.3000000119
23198  -14.372  -52.903  22.050 0.4000000060
22518  -15.532  -53.051  21.784 0.4000000060
23204  -13.067  -51.957  21.572 0.2000000030
23206  -15.352  -52.479  21.209 0.3000000119
23224  -15.708  -52.044  20.620 0.2000000030
23243  -17.346  -51.978  19.583 0.4000000060
23997  -18.413  -51.682  18.898 0.6000000238
23975  -14.046  -51.124  20.948 0.1000000015
23995  -16.179  -51.067  19.581 0.3000000119
24007  -19.931  -51.236  18.275 0.5000000000
24761  -19.600  -50.577  18.173 0.5000000000
25582  -20.032  -49.942  18.117 0.5000000000
24762  -20.516  -50.559  18.118 0.5000000000
25591  -20.668  -49.652  18.016 0.5000000000
25592  -21.481  -49.292  17.814 0.5000000000
25594  -23.217  -49.464  17.528 0.6000000238
123645  -22.265  -47.891  17.395 0.5000000000
26408  -22.846  -48.579  17.453 0.5000000000
26410  -25.020  -48.315  17.435 0.3000000119
112748  -26.167  -47.750  17.556 0.2000000030
27313  -22.863  -47.926  17.363 0.4000000060
27327  -23.743  -47.203  17.284 0.3000000119
27328  -24.450  -47.077  17.308 0.2000000030
25565  -14.407  -49.302  20.169 0.1000000015
25566  -15.441  -49.249  19.658 0.1000000015
24747  -15.354  -50.176  19.818 0.2000000030
24759  -17.886  -50.327  18.422 0.4000000060
24760  -18.734  -50.472  18.237 0.4000000060
25590  -19.975  -49.141  18.041 0.4000000060
120744  -20.777  -48.931  17.883 0.4000000060
26406  -21.330  -48.279  17.670 0.3000000119
27326  -22.943  -47.252  17.250 0.2000000030
28184  -23.447  -46.426  17.089 0.2000000030
25567  -16.498  -49.508  19.119 0.2000000030
24748  -16.266  -50.272  19.270 0.2000000030
25579  -17.359  -49.550  18.586 0.3000000119
25581  -19.312  -49.798  18.125 0.4000000060
25580  -18.348  -49.526  18.218 0.4000000060
26394  -19.398  -48.274  18.050 0.3000000119
26405  -20.364  -48.277  17.893 0.3000000119
27310  -19.910  -47.638  17.877 0.3000000119
124308  -21.314  -46.710  17.334 0.3000000119
27325  -22.148  -46.978  17.230 0.3000000119
28181  -21.070  -45.892  17.135 0.2000000030
28182  -21.931  -46.118  17.084 0.2000000030
28183  -22.719  -46.328  17.038 0.2000000030
29030  -24.054  -45.713  16.840 0.2000000030
129737  -22.275  -45.053  16.629 0.2000000030
28170  -20.498  -46.407  17.456 0.2000000030
29027  -21.681  -45.240  16.880 0.2000000030
29900  -22.825  -44.832  16.386 0.2000000030
29026  -20.705  -45.106  17.053 0.2000000030
29892  -20.246  -44.335  17.172 0.2000000030
29898  -21.089  -44.431  16.790 0.2000000030
29899  -22.003  -44.543  16.522 0.2000000030
30784  -21.484  -43.722  16.508 0.2000000030
126703  -19.839  -43.616  17.358 0.1000000015
30783  -20.561  -43.626  16.892 0.2000000030
30772  -19.010  -43.044  17.863 0.1000000015
30773  -19.904  -42.845  17.244 0.1000000015
31684  -20.912  -42.756  16.597 0.1000000015
120011  -19.003  -42.069  17.675 0.1000000015
849  -30.761  -90.872  5.829 0.3000000119
648  -29.272  -91.404  5.341 0.3000000119
861  -36.303  -90.604  4.497 0.3000000119
17637  -8.666  -59.400  26.314 0.6999999881
25564  -13.829  -48.964  20.069 0.1000000015
25555  -13.888  -49.755  20.330 0.1000000015
274  -22.043  -93.788  4.704 0.5000000000
662  -32.830  -92.900  4.537 0.6000000238
664  -34.570  -92.538  4.731 0.3000000119
450  -27.363  -93.322  3.178 0.5000000000
119385  -28.544  -93.180  3.987 0.4000000060
131951  -29.335  -93.214  3.907 0.4000000060
660  -29.844  -92.775  4.403 0.3000000119
436  -32.467  -92.766  5.248 0.3000000119
454  -31.295  -92.895  4.314 0.6000000238
671  -31.005  -92.290  3.223 0.6000000238
1033  -33.146  -88.889  4.911 0.8000000119
1840  -34.359  -86.221  4.982 0.8000000119
1526  -34.543  -87.151  3.135 0.8999999762
113511  -21.224  -91.879  10.239 1.0000000000
3021  -37.732  -83.524  4.698 0.6000000238
3047  -38.210  -83.560  3.475 0.6000000238
2621  -36.645  -84.349  3.217 0.6000000238
1869  -35.618  -86.407  2.265 1.0000000000
2623  -37.920  -84.324  1.967 0.6000000238
2643  -37.165  -84.931  0.082 0.6999999881
131785  -25.237  -90.156  10.277 1.0000000000
1059  -32.387  -90.814  0.761 1.0000000000
3062  -40.546  -83.206  2.468 0.6999999881
1565  -35.628  -87.834  0.106 1.0000000000
1026  -24.940  -89.733  6.542 1.0000000000
2577  -21.458  -84.377  5.245 0.6999999881
1847  -20.915  -86.898  3.577 0.8000000119
1860  -21.105  -86.830  2.909 0.6999999881
1540  -22.199  -87.316  1.686 0.8999999762
1835  -23.483  -87.120  3.843 1.0000000000
1862  -24.162  -87.265  3.122 1.0000000000
1569  -35.610  -87.347  -0.902 0.8000000119
2257  -36.494  -85.781  -2.093 0.6000000238
121466  -38.652  -84.619  -2.553 0.5000000000
1236  -26.050  -88.624  5.731 1.0000000000
2181  -23.128  -86.218  5.448 1.0000000000
1251  -28.166  -88.132  4.218 1.0000000000
2193  -23.292  -86.706  4.730 1.0000000000
1293  -34.884  -88.714  -0.041 1.0000000000
1897  -35.660  -86.866  -1.913 0.8000000119
2266  -37.268  -85.359  -3.659 0.6000000238
1544  -26.794  -88.003  1.331 0.8999999762
1308  -33.880  -88.477  -2.429 0.8000000119
1905  -35.203  -86.571  -3.956 0.5000000000
2274  -37.639  -84.945  -4.186 0.5000000000
2272  -36.540  -85.838  -4.229 0.6000000238
1906  -35.860  -86.201  -4.250 0.5000000000
131169  -26.801  -87.377  11.921 1.0000000000
1503  -28.230  -87.251  5.403 1.0000000000
1504  -29.107  -87.002  5.141 1.0000000000
1297  -29.140  -90.117  -1.800 1.0000000000
115804  -33.047  -88.464  -2.644 0.6999999881
128065  -32.429  -87.930  -2.876 0.6000000238
1576  -32.164  -87.196  -2.772 0.6000000238
1471  -27.335  -86.944  10.277 1.0000000000
1482  -27.111  -87.420  9.582 1.0000000000
1493  -27.669  -86.978  8.096 1.0000000000
2144  -15.953  -85.167  8.757 0.6000000238
114642  -19.278  -83.014  14.162 1.0000000000
2124  -27.909  -85.599  10.617 1.0000000000
1779  -27.777  -86.276  10.083 1.0000000000
120172  -28.227  -86.301  8.112 1.0000000000
2158  -28.686  -85.320  7.964 1.0000000000
123042  -27.710  -84.839  11.830 1.0000000000
2762  -13.601  -84.023  28.130 0.4000000060
114669  -12.924  -82.241  25.919 0.8000000119
4203  -11.256  -80.720  24.656 0.8999999762
2853  -24.682  -83.363  17.629 1.0000000000
3851  -26.600  -81.434  14.603 1.0000000000
131282  -12.473  -82.229  6.578 0.2000000030
3763  -22.256  -82.137  22.106 1.0000000000
3785  -23.895  -82.364  20.134 1.0000000000
3317  -24.722  -82.248  18.759 1.0000000000
119690  -25.836  -79.486  16.265 1.0000000000
3841  -26.308  -81.108  15.339 1.0000000000
5201  -10.135  -78.154  27.421 0.6000000238
2430  -15.375  -84.835  16.444 0.8000000119
5754  -12.877  -77.720  24.743 1.0000000000
4749  -22.240  -79.206  23.443 1.0000000000
118576  -9.127  -75.005  25.074 0.8999999762
5260  -23.478  -78.068  21.614 1.0000000000
5794  -22.281  -76.816  19.991 1.0000000000
5781  -23.554  -77.459  21.117 1.0000000000
7393  -16.378  -74.340  25.011 1.0000000000
7378  -16.777  -74.935  25.442 1.0000000000
110530  -8.942  -74.566  24.045 0.8999999762
5282  -18.514  -78.572  19.633 1.0000000000
5792  -20.440  -77.094  19.981 1.0000000000
6872  -21.939  -75.015  22.663 1.0000000000
5269  -17.532  -77.994  20.004 1.0000000000
2872  -12.618  -82.958  15.293 0.5000000000
8589  -12.996  -71.770  20.966 1.0000000000
7980  -9.800  -73.023  22.132 0.8999999762
8003  -10.549  -72.816  21.100 1.0000000000
7968  -22.248  -73.470  22.554 1.0000000000
7436  -20.875  -74.593  21.385 1.0000000000
3334  -12.011  -82.063  16.450 0.8000000119
9205  -10.751  -71.503  20.740 1.0000000000
7449  -18.750  -74.587  20.738 1.0000000000
7435  -20.025  -74.786  21.110 1.0000000000
7989  -22.030  -73.505  21.613 1.0000000000
8574  -22.400  -72.809  21.640 1.0000000000
4245  -12.204  -80.122  18.124 0.8999999762
5280  -12.741  -78.802  18.439 1.0000000000
9848  -11.464  -70.404  20.783 1.0000000000
4803  -11.429  -79.896  17.602 0.8999999762
10513  -21.741  -69.373  21.504 1.0000000000
5813  -11.710  -77.288  17.410 1.0000000000
8019  -15.639  -73.493  19.350 1.0000000000
4332  -10.708  -79.998  13.250 0.3000000119
11194  -21.035  -68.359  20.797 1.0000000000
6374  -11.554  -76.577  17.352 1.0000000000
6375  -11.971  -76.879  17.458 1.0000000000
6922  -10.519  -74.933  16.875 0.8999999762
7466  -10.738  -74.379  17.525 0.8999999762
7467  -12.575  -74.842  17.913 1.0000000000
116617  -11.996  -73.103  17.907 0.8999999762
129335  -14.245  -71.757  18.422 1.0000000000
9218  -15.727  -71.903  19.329 1.0000000000
6950  -9.832  -76.103  13.442 0.4000000060
123422  -7.298  -66.023  25.339 0.6000000238
7472  -9.911  -74.323  17.783 0.8999999762
13207  -8.938  -65.234  23.510 0.8999999762
11107  -16.161  -68.494  29.204 1.0000000000
11836  -16.385  -67.191  25.672 1.0000000000
125766  -17.021  -66.036  23.864 1.0000000000
8624  -9.576  -72.241  18.057 0.8000000119
9234  -11.407  -71.777  17.906 0.8999999762
118523  -12.705  -71.940  18.004 0.8999999762
117771  -12.575  -71.254  17.841 0.8999999762
9872  -14.557  -70.750  18.400 1.0000000000
9232  -9.824  -71.665  18.208 0.8999999762
9868  -10.635  -70.438  18.257 0.8999999762
10546  -12.503  -69.139  17.908 1.0000000000
11215  -13.752  -68.263  17.865 1.0000000000
11216  -14.614  -68.117  18.058 1.0000000000
8060  -9.762  -73.442  14.543 0.4000000060
113017  -14.603  -66.380  29.818 1.0000000000
12459  -15.616  -66.489  29.921 1.0000000000
12504  -16.361  -66.599  25.056 1.0000000000
9283  -9.530  -71.427  15.901 0.6999999881
13834  -14.112  -64.512  28.917 1.0000000000
12482  -16.745  -67.008  27.238 1.0000000000
11813  -17.019  -67.616  28.093 1.0000000000
12554  -15.022  -65.883  18.967 1.0000000000
112392  -16.492  -65.370  19.534 1.0000000000
11792  -16.833  -66.959  29.464 1.0000000000
11803  -17.098  -67.116  28.924 1.0000000000
12460  -16.389  -66.579  29.787 1.0000000000
125395  -15.785  -65.772  26.529 1.0000000000
11211  -9.915  -68.166  18.806 0.8000000119
13209  -15.860  -64.466  24.182 1.0000000000
12512  -16.039  -65.226  24.545 1.0000000000
13181  -16.978  -65.600  27.060 1.0000000000
15253  -14.573  -62.792  28.282 1.0000000000
15254  -15.426  -62.644  28.460 1.0000000000
115673  -17.079  -66.286  29.477 1.0000000000
122645  -15.970  -65.150  29.580 1.0000000000
14619  -15.257  -63.528  20.882 1.0000000000
133025  -17.859  -66.274  28.209 1.0000000000
118226  -15.881  -63.533  23.139 1.0000000000
13192  -15.735  -65.047  25.780 1.0000000000
13165  -17.677  -66.269  27.669 1.0000000000
13140  -18.124  -65.765  28.958 1.0000000000
13139  -17.606  -65.766  29.295 1.0000000000
129507  -18.177  -64.594  29.084 1.0000000000
13823  -18.186  -65.239  29.088 1.0000000000
13836  -18.645  -64.167  28.904 1.0000000000
13857  -15.922  -64.681  26.227 1.0000000000
13141  -18.596  -65.285  28.812 1.0000000000
13166  -18.441  -65.921  27.961 1.0000000000
13838  -19.649  -64.749  28.560 1.0000000000
15257  -19.585  -63.117  28.616 1.0000000000
14527  -15.706  -63.934  25.927 1.0000000000
121577  -16.412  -64.770  26.497 1.0000000000
13183  -19.095  -65.548  27.389 1.0000000000
14542  -15.530  -63.865  24.619 1.0000000000
13847  -20.422  -64.892  28.109 1.0000000000
14518  -20.839  -64.110  28.050 1.0000000000
14519  -21.571  -64.055  27.628 1.0000000000
15268  -21.036  -63.183  27.940 1.0000000000
14544  -16.223  -63.058  26.014 1.0000000000
14531  -22.197  -63.930  27.068 1.0000000000
16029  -23.340  -60.893  25.551 0.8999999762
14547  -19.400  -64.559  25.120 1.0000000000
13872  -21.030  -64.957  26.016 1.0000000000
14532  -22.760  -63.786  26.450 1.0000000000
13888  -21.105  -64.668  25.172 1.0000000000
13890  -22.323  -64.322  25.090 1.0000000000
14548  -23.095  -63.850  25.825 1.0000000000
15287  -24.312  -62.868  25.167 1.0000000000
14566  -22.768  -63.909  24.424 1.0000000000
16005  -14.457  -61.314  27.901 0.8999999762
14504  -15.977  -63.314  28.757 1.0000000000
13243  -11.351  -65.610  19.462 0.8999999762
15256  -17.143  -62.463  28.610 1.0000000000
130802  -10.499  -66.371  19.081 0.8999999762
123831  -18.435  -61.768  28.407 1.0000000000
16009  -18.949  -61.087  28.072 1.0000000000
16805  -19.568  -60.271  27.828 1.0000000000
16806  -20.470  -60.759  27.640 1.0000000000
117499  -15.070  -63.102  23.179 1.0000000000
14541  -15.431  -63.273  24.094 1.0000000000
121053  -16.100  -63.466  24.919 1.0000000000
16018  -21.294  -61.331  27.363 1.0000000000
17634  -21.234  -59.726  26.485 1.0000000000
16828  -22.994  -60.195  25.103 1.0000000000
15286  -17.948  -63.638  24.721 1.0000000000
14584  -26.075  -63.216  23.190 1.0000000000
14583  -25.390  -63.223  23.191 1.0000000000
16024  -9.081  -61.277  24.976 0.8999999762
16799  -13.891  -60.540  27.728 1.0000000000
15996  -16.565  -61.676  28.349 1.0000000000
12548  -10.619  -65.733  19.206 0.8999999762
16801  -15.761  -60.271  27.970 1.0000000000
16802  -16.678  -60.159  28.068 1.0000000000
16007  -17.116  -60.942  28.170 1.0000000000
16803  -17.613  -60.142  28.102 1.0000000000
13256  -10.275  -65.283  18.821 0.8999999762
13910  -10.308  -64.451  20.257 0.8999999762
14616  -12.089  -63.587  20.739 0.8999999762
17618  -18.945  -59.549  27.746 1.0000000000
17631  -18.680  -58.736  27.302 1.0000000000
17633  -20.587  -59.519  26.871 1.0000000000
18439  -20.459  -58.463  25.667 1.0000000000
17650  -22.096  -59.117  24.746 1.0000000000
15296  -15.286  -62.750  23.383 1.0000000000
133276  -21.588  -58.238  24.182 0.8999999762
15297  -17.503  -62.422  24.052 1.0000000000
116764  -25.124  -62.821  22.646 1.0000000000
15342  -26.450  -62.579  22.153 1.0000000000
16063  -22.760  -61.798  21.974 1.0000000000
16811  -13.023  -60.137  27.193 0.8999999762
19235  -12.848  -57.504  25.952 0.8999999762
17630  -13.905  -59.070  27.253 1.0000000000
17614  -15.200  -59.548  27.841 1.0000000000
18399  -15.459  -58.752  27.650 1.0000000000
18422  -15.627  -58.082  27.213 1.0000000000
18400  -16.779  -58.570  27.687 1.0000000000
13269  -10.075  -65.044  17.982 0.6000000238
14615  -9.904  -63.839  20.661 0.8999999762
14601  -11.100  -63.418  20.863 0.8999999762
18437  -18.757  -57.997  26.237 1.0000000000
18438  -19.647  -58.243  25.962 1.0000000000
19279  -21.584  -57.252  23.281 0.6999999881
19280  -22.519  -57.319  22.858 0.8000000119
18462  -23.089  -58.037  22.861 0.8000000119
17662  -23.302  -58.839  23.290 0.8999999762
18464  -24.723  -58.765  22.367 1.0000000000
16865  -23.421  -60.557  21.170 1.0000000000
16885  -26.869  -60.492  20.699 1.0000000000
17638  -8.911  -59.644  25.955 0.8000000119
19249  -13.286  -56.604  25.611 0.8000000119
19251  -15.184  -56.666  25.759 1.0000000000
19238  -15.841  -57.424  26.619 1.0000000000
19253  -16.999  -57.103  25.738 1.0000000000
19263  -18.338  -56.562  24.338 0.8000000119
16826  -16.067  -61.207  23.490 1.0000000000
20112  -21.284  -56.186  22.819 0.6999999881
20125  -22.594  -55.888  22.635 0.6999999881
18472  -23.313  -57.270  22.554 0.6999999881
17675  -25.777  -58.598  21.921 0.6999999881
116375  -20.983  -60.472  21.104 1.0000000000
16880  -22.173  -60.059  20.680 1.0000000000
16858  -30.121  -60.165  21.980 0.8999999762
17697  -22.507  -59.330  20.364 1.0000000000
16886  -28.689  -60.457  20.822 1.0000000000
20082  -10.541  -56.500  26.021 0.6999999881
20935  -12.634  -55.424  25.737 0.6999999881
20936  -13.360  -55.112  25.546 0.8000000119
20938  -14.960  -54.944  24.808 0.8000000119
20093  -16.309  -55.444  24.528 0.8000000119
20094  -17.038  -55.652  24.387 0.8000000119
16071  -9.921  -61.817  21.860 0.6999999881
16057  -11.443  -61.243  22.213 0.6999999881
16058  -12.467  -61.348  22.391 0.8999999762
20095  -17.798  -55.711  23.942 0.8000000119
21779  -19.385  -54.527  23.656 0.6999999881
20947  -18.168  -54.877  23.666 0.6999999881
21780  -20.031  -54.555  23.391 0.6000000238
20961  -21.424  -54.765  22.924 0.6999999881
20949  -22.409  -54.925  23.432 0.6999999881
20974  -22.990  -55.327  22.813 0.6999999881
20126  -23.528  -56.008  22.535 0.6999999881
17649  -15.831  -60.348  23.307 1.0000000000
20113  -23.898  -55.627  22.879 0.6999999881
19266  -24.654  -56.130  23.787 0.6000000238
19283  -28.201  -57.183  22.496 0.6000000238
17684  -19.983  -59.461  21.350 1.0000000000
17686  -21.479  -60.094  20.797 1.0000000000
131489  -22.454  -58.773  20.203 1.0000000000
18497  -24.806  -58.782  20.391 1.0000000000
18499  -26.625  -58.863  20.356 1.0000000000
129684  -28.116  -59.763  20.494 1.0000000000
17703  -29.051  -59.729  20.653 0.8999999762
18501  -29.448  -58.785  20.515 0.8999999762
16888  -30.164  -59.869  21.402 0.8999999762
133658  -30.513  -59.211  21.258 0.8999999762
18478  -30.611  -58.316  21.702 0.8000000119
21739  -15.844  -54.102  25.528 0.6000000238
16084  -10.392  -61.447  19.612 0.3000000119
20945  -16.646  -54.820  24.350 0.6999999881
21770  -19.380  -54.117  23.976 0.6000000238
20940  -21.686  -55.015  25.412 0.5000000000
19256  -23.084  -55.963  25.227 0.6000000238
17660  -16.391  -59.741  23.244 1.0000000000
18471  -18.755  -58.571  22.114 1.0000000000
18449  -25.838  -57.646  24.241 0.5000000000
19303  -20.193  -57.725  21.042 1.0000000000
118309  -22.471  -58.242  20.111 1.0000000000
19327  -26.140  -58.050  20.210 1.0000000000
18502  -31.066  -58.508  20.996 0.8999999762
19355  -29.399  -57.122  20.155 1.0000000000
19331  -31.157  -57.660  20.671 0.8999999762
118613  -31.699  -57.133  20.838 0.8999999762
20130  -31.436  -56.695  21.579 0.8000000119
17657  -12.825  -59.592  23.305 0.8000000119
17658  -13.440  -59.510  23.508 0.8999999762
21761  -19.932  -54.529  25.005 0.4000000060
19257  -24.017  -56.631  24.959 0.6000000238
131635  -30.405  -56.057  22.037 0.6999999881
21029  -26.481  -55.838  19.487 1.0000000000
20185  -26.933  -56.505  19.763 1.0000000000
20187  -28.713  -56.380  19.770 1.0000000000
20188  -29.603  -56.277  19.844 1.0000000000
21010  -31.469  -56.011  20.360 0.8999999762
20166  -31.925  -56.445  20.769 0.8000000119
20140  -32.246  -56.118  20.988 0.8000000119
20139  -31.987  -56.477  21.184 0.8000000119
128383  -17.522  -54.282  26.760 0.4000000060
19275  -13.159  -57.909  23.854 0.8000000119
20122  -18.155  -56.755  22.129 1.0000000000
120915  -26.806  -55.242  19.269 1.0000000000
121282  -29.018  -55.771  19.597 1.0000000000
21034  -31.302  -55.353  19.987 0.8000000119
20986  -32.461  -55.253  21.020 0.8000000119
20984  -19.304  -55.809  21.178 0.8999999762
21843  -24.498  -54.786  19.266 1.0000000000
125466  -26.675  -54.575  19.060 1.0000000000
110645  -28.962  -55.096  19.410 1.0000000000
21847  -28.292  -54.769  19.254 1.0000000000
21849  -30.851  -54.529  19.597 0.8999999762
22570  -23.343  -53.632  18.987 0.8999999762
22574  -27.435  -53.520  18.666 1.0000000000
21867  -28.916  -54.179  19.103 0.8999999762
22557  -29.958  -53.920  19.229 0.8999999762
21850  -31.947  -54.674  20.018 0.8999999762
114323  -24.071  -53.263  18.682 0.8999999762
113890  -26.909  -52.985  18.536 0.8999999762
23261  -28.567  -52.524  18.531 0.8999999762
133494  -25.626  -52.386  18.284 1.0000000000
23259  -26.791  -52.268  18.428 0.8000000119
24012  -26.783  -51.563  18.349 0.8000000119
20957  -13.937  -55.482  23.365 0.6999999881
21790  -15.808  -54.607  22.415 0.6999999881
23245  -20.453  -52.582  18.843 0.8000000119
24766  -26.424  -50.824  18.171 0.6999999881
23998  -19.780  -51.956  18.636 0.6000000238
25597  -26.080  -49.142  17.755 0.6000000238
22507  -13.874  -53.314  22.671 0.5000000000
23207  -16.132  -52.787  21.083 0.3000000119
23977  -16.565  -51.903  19.949 0.6000000238
24763  -21.409  -50.805  18.086 0.5000000000
25593  -22.395  -49.370  17.659 0.5000000000
24776  -21.933  -50.080  17.963 0.5000000000
122256  -24.481  -48.925  17.450 0.5000000000
22506  -12.938  -53.170  22.668 0.4000000060
23197  -13.324  -52.619  22.141 0.2000000030
114775  -12.620  -52.605  21.968 0.1000000015
125250  -14.719  -52.514  21.540 0.3000000119
119771  -12.598  -52.665  21.610 0.1000000015
23205  -13.771  -52.155  21.638 0.2000000030
23959  -14.569  -51.884  21.080 0.1000000015
23222  -12.975  -51.922  21.291 0.1000000015
23958  -13.601  -51.579  21.161 0.2000000030
24712  -13.558  -50.968  20.755 0.1000000015
114337  -15.747  -51.443  20.086 0.2000000030
23976  -14.832  -51.193  20.486 0.2000000030
23996  -16.944  -51.514  19.399 0.4000000060
116006  -17.662  -51.506  19.072 0.4000000060
24730  -13.995  -50.513  20.581 0.1000000015
24729  -13.598  -50.309  20.400 0.1000000015
24749  -16.985  -50.945  19.128 0.4000000060
23994  -15.367  -50.832  20.056 0.2000000030
24005  -18.219  -51.066  18.563 0.5000000000
24006  -19.072  -51.342  18.421 0.5000000000
130003  -17.585  -50.860  18.758 0.4000000060
24775  -21.205  -50.064  18.016 0.5000000000
26407  -22.073  -48.682  17.570 0.5000000000
27314  -23.386  -47.956  17.360 0.4000000060
27315  -24.234  -47.985  17.378 0.4000000060
128307  -24.877  -47.605  17.381 0.3000000119
27316  -25.492  -47.697  17.435 0.2000000030
27312  -21.566  -47.462  17.451 0.3000000119
121166  -17.115  -50.275  18.818 0.3000000119
120832  -19.126  -49.082  18.107 0.4000000060
27311  -20.697  -47.379  17.656 0.3000000119
129663  -20.372  -45.661  17.320 0.2000000030
31683  -19.915  -41.880  17.093 0.1000000015
24745  -13.422  -50.267  20.243 0.1000000015
23974  -13.297  -51.040  20.625 0.1000000015
1843  -38.449  -86.611  3.747 0.3000000119
1516  -37.334  -87.958  3.843 0.4000000060
1842  -37.441  -86.842  4.385 0.5000000000
1247  -36.032  -88.431  4.585 0.5000000000
1841  -36.505  -87.006  5.021 0.5000000000
2216  -39.150  -86.020  3.615 0.4000000060
1829  -36.759  -85.962  5.454 0.5000000000
241  -18.225  -93.175  10.199 0.6999999881
157  -18.748  -93.425  8.852 0.8000000119
119596  -18.521  -92.871  11.018 0.8000000119
409  -18.487  -92.950  9.574 0.8000000119
253  -18.617  -92.992  8.763 0.6999999881
254  -18.853  -93.346  8.083 0.6999999881
422  -19.003  -92.325  7.873 0.6999999881
265  -19.267  -93.089  6.421 0.6999999881
264  -18.992  -92.382  6.737 0.6999999881
120295  -36.007  -90.056  4.177 0.3000000119
2217  -39.879  -85.959  3.164 0.4000000060
1507  -34.802  -87.458  5.490 0.6000000238
1828  -35.908  -86.182  5.694 0.6000000238
2201  -38.595  -85.422  4.537 0.5000000000
1827  -35.152  -86.462  5.560 0.6000000238
118638  -18.399  -93.890  11.422 0.6999999881
118607  -18.889  -94.307  9.985 0.6999999881
150  -19.373  -94.706  9.283 0.6000000238
124461  -36.661  -84.636  5.474 0.6999999881
2200  -37.703  -85.745  4.930 0.5000000000
2600  -39.589  -84.049  4.682 0.6000000238
2189  -37.961  -84.783  5.230 0.6000000238
2586  -38.743  -83.728  4.888 0.6000000238
131  -18.574  -94.040  12.619 0.6999999881
234  -18.385  -93.697  11.795 0.6999999881
115197  -18.210  -93.326  10.984 0.6999999881
2598  -36.377  -84.098  5.008 0.6999999881
3006  -37.485  -83.728  5.127 0.6000000238
222  -18.894  -93.945  13.259 0.4000000060
385  -18.705  -93.734  12.676 0.6999999881
386  -19.256  -93.033  12.981 0.6999999881
378  -19.331  -93.014  13.895 0.6999999881
363  -19.431  -92.042  15.533 0.6000000238
371  -19.332  -91.970  14.881 0.8999999762
558  -19.221  -91.233  15.767 0.8999999762
115930  -19.330  -91.376  16.336 0.8000000119
523  -17.221  -90.965  19.616 0.6999999881
539  -17.342  -91.126  18.809 0.8999999762
552  -18.382  -90.846  17.929 0.8999999762
563  -19.188  -90.803  15.787 0.8999999762
741  -16.894  -90.298  19.498 0.8999999762
752  -17.074  -90.441  18.649 0.8999999762
132560  -16.230  -89.750  19.026 0.8999999762
729  -16.614  -89.692  19.959 0.6999999881
1883  -24.381  -87.065  -0.338 0.6000000238
2240  -24.762  -86.091  -0.118 0.6000000238
2243  -25.296  -86.531  -0.514 0.5000000000
1891  -25.851  -87.150  -1.001 0.6999999881
2244  -26.404  -86.078  -0.555 0.4000000060
1894  -26.337  -87.924  -1.592 0.6000000238
1571  -28.644  -88.628  -2.803 0.8000000119
123053  -28.513  -87.444  -2.364 0.8000000119
11234  -9.371  -68.260  17.283 0.6000000238
12579  -9.707  -66.534  17.560 0.6000000238
12588  -9.987  -66.357  16.743 0.4000000060
11922  -9.582  -67.129  16.899 0.5000000000
11931  -9.760  -67.679  16.218 0.4000000060
12580  -10.233  -65.642  17.200 0.3000000119
21720  -18.271  -54.421  27.192 0.2000000030
21705  -19.193  -54.540  27.857 0.1000000015
21721  -20.115  -54.518  28.070 0.1000000015
21722  -20.878  -54.614  28.363 0.1000000015
121086  -20.739  -54.818  27.098 0.1000000015
20908  -21.316  -55.122  27.694 0.1000000015
20909  -21.878  -55.446  28.148 0.1000000015
117931  -19.691  -54.304  25.943 0.3000000119
116472  -21.083  -54.888  26.024 0.3000000119
119209  -21.796  -55.702  27.003 0.2000000030
20928  -22.051  -55.642  25.822 0.3000000119
14629  -9.791  -62.936  19.330 0.5000000000
21704  -18.391  -54.763  28.179 0.2000000030
20058  -22.245  -56.427  27.607 0.1000000015
20077  -22.356  -56.484  26.322 0.4000000060
19218  -22.824  -57.284  26.974 0.3000000119
19241  -23.160  -57.200  25.861 0.4000000060
18441  -24.065  -57.860  25.637 0.4000000060
18443  -26.017  -58.237  24.997 0.4000000060
18450  -26.580  -57.468  23.557 0.4000000060
117429  -26.940  -57.653  25.972 0.3000000119
18451  -26.734  -57.805  24.528 0.4000000060
19260  -27.416  -57.171  25.565 0.3000000119
19259  -27.076  -57.787  25.097 0.4000000060
19219  -23.731  -58.135  28.050 0.1000000015
18402  -23.984  -58.414  27.151 0.1000000015
131506  -26.358  -57.904  27.029 0.1000000015
18428  -24.762  -58.622  26.693 0.4000000060
18429  -25.944  -58.263  26.672 0.3000000119
117339  -25.478  -58.420  26.152 0.3000000119
131715  -26.904  -57.475  26.553 0.2000000030
19243  -26.541  -57.862  26.519 0.2000000030
18430  -26.348  -58.147  25.668 0.3000000119
20091  -27.257  -57.088  26.400 0.2000000030
20943  -27.496  -56.156  25.976 0.3000000119
19270  -27.504  -57.189  24.608 0.3000000119
132717  -28.030  -56.643  23.211 0.4000000060
20929  -27.515  -55.527  26.557 0.1000000015
21763  -27.423  -54.930  25.773 0.2000000030
20100  -27.768  -56.481  25.063 0.3000000119
20115  -27.901  -56.581  24.124 0.4000000060
20101  -28.099  -55.897  24.482 0.3000000119
20127  -28.614  -56.581  22.628 0.4000000060
120619  -27.260  -53.432  25.866 0.2000000030
22490  -27.217  -53.857  25.351 0.3000000119
20963  -27.923  -55.184  24.603 0.3000000119
21783  -27.855  -54.468  24.226 0.2000000030
20975  -28.934  -55.812  22.769 0.4000000060
21773  -27.485  -54.548  25.040 0.2000000030
22494  -27.004  -53.121  24.768 0.2000000030
23190  -26.833  -52.453  24.298 0.1000000015
22501  -27.797  -53.677  23.628 0.2000000030
21793  -29.088  -54.847  22.851 0.2000000030
111238  -29.229  -54.084  22.508 0.1000000015
20976  -29.772  -55.556  22.316 0.4000000060
21794  -29.867  -54.669  22.315 0.3000000119
125842  -30.561  -54.409  22.194 0.4000000060
131954  -31.368  -54.485  22.027 0.4000000060
21824  -32.418  -54.597  20.554 0.6999999881
21825  -32.538  -53.695  20.565 0.6999999881
21851  -32.293  -54.023  20.086 0.6000000238
22577  -30.323  -53.155  19.017 0.8000000119
133504  -27.516  -53.098  23.381 0.2000000030
22502  -28.575  -53.889  22.943 0.2000000030
23194  -27.233  -52.626  23.093 0.1000000015
22511  -28.860  -53.394  22.463 0.1000000015
22512  -29.812  -53.756  22.266 0.1000000015
23201  -28.426  -52.671  22.400 0.1000000015
23202  -29.335  -52.879  22.280 0.2000000030
22513  -30.984  -53.773  22.138 0.3000000119
22514  -31.804  -54.012  21.842 0.4000000060
113605  -10.621  -56.903  22.149 0.2000000030
20133  -10.786  -56.426  22.149 0.1000000015
20981  -11.418  -55.325  22.177 0.1000000015
21803  -32.537  -54.279  21.061 0.5000000000
22560  -32.231  -53.159  19.964 0.5000000000
115015  -31.252  -53.113  19.439 0.6999999881
22522  -30.490  -52.939  22.192 0.2000000030
22523  -31.661  -53.092  21.821 0.3000000119
23213  -32.527  -52.386  21.120 0.4000000060
22541  -32.563  -52.728  20.686 0.4000000060
23247  -30.776  -52.423  19.045 0.6999999881
23248  -31.647  -52.323  19.604 0.6999999881
24013  -28.032  -51.816  18.455 0.8000000119
114961  -28.845  -51.749  18.454 0.8000000119
114811  -30.348  -51.860  18.755 0.6000000238
112117  -27.411  -51.085  18.406 0.6000000238
23964  -30.660  -51.130  21.977 0.3000000119
23211  -31.156  -52.112  21.966 0.2000000030
126356  -32.217  -50.907  21.272 0.4000000060
23966  -32.417  -51.553  21.198 0.3000000119
23212  -32.119  -52.214  21.535 0.4000000060
25556  -31.612  -49.410  20.919 0.3000000119
24732  -31.992  -50.300  21.120 0.3000000119
23227  -32.583  -51.788  20.869 0.4000000060
24770  -30.593  -50.132  18.940 0.5000000000
120746  -31.762  -50.890  19.733 0.5000000000
24751  -32.326  -51.228  20.469 0.4000000060
24767  -27.097  -50.150  18.341 0.6000000238
126757  -27.849  -50.397  18.427 0.6000000238
24015  -29.218  -50.986  18.493 0.4000000060
131620  -31.082  -50.746  19.114 0.5000000000
25583  -27.736  -49.633  18.405 0.5000000000
24768  -28.613  -50.102  18.487 0.5000000000
25586  -30.106  -49.354  18.855 0.3000000119
24781  -26.336  -49.886  18.025 0.6000000238
25598  -26.902  -49.178  18.196 0.6000000238
1035  -35.032  -89.512  4.705 0.5000000000
8509  -11.681  -72.076  24.733 0.6000000238
1508  -35.653  -87.352  5.352 0.6000000238
2187  -36.279  -85.301  5.629 0.6000000238
379  -19.589  -91.951  13.889 0.8000000119
564  -19.025  -91.083  15.029 0.8999999762
3028  -22.633  -83.649  4.262 0.5000000000
2239  -23.964  -86.445  0.196 0.6999999881
557  -18.638  -90.532  17.401 0.8999999762
20927  -21.423  -55.232  26.502 0.3000000119
21703  -17.609  -54.547  27.667 0.2000000030
21796  -32.140  -54.881  21.591 0.5000000000
22558  -30.786  -53.726  19.403 0.8000000119
23263  -29.940  -52.469  18.702 0.6999999881
23262  -29.635  -51.751  18.565 0.6000000238
20954  -10.570  -56.086  22.939 0.2000000030
26411  -25.754  -48.427  17.551 0.5000000000
112603  -20.412  -54.560  26.021 0.2000000030
19242  -23.519  -57.958  26.505 0.4000000060
131895  -27.339  -51.870  18.433 0.6999999881
26412  -26.469  -48.402  17.821 0.5000000000
1856  -40.118  -86.692  2.848 0.3000000119
1256  -36.852  -88.777  4.121 0.5000000000
116177  -18.774  -92.732  8.040 0.6999999881
355  -19.784  -91.935  16.590 0.6000000238
20048  -22.606  -55.955  28.477 0.1000000015
131719  -23.346  -57.903  27.436 0.1000000015
20116  -28.346  -56.129  23.548 0.4000000060
20951  -27.705  -55.517  25.259 0.3000000119
20964  -28.381  -55.304  23.743 0.2000000030
21784  -28.366  -54.434  23.511 0.2000000030
125917  -27.055  -53.107  25.308 0.2000000030
22495  -27.316  -53.749  24.546 0.2000000030
22500  -27.165  -53.017  23.929 0.2000000030
23182  -26.832  -52.519  25.003 0.2000000030
23193  -26.868  -52.399  23.611 0.2000000030
22510  -27.984  -53.118  22.859 0.1000000015
22524  -32.307  -53.761  21.432 0.4000000060
22525  -32.555  -53.290  21.070 0.4000000060
23200  -27.721  -52.498  22.518 0.1000000015
120081  -32.336  -52.933  21.363 0.3000000119
23249  -32.324  -52.128  20.248 0.5000000000
114755  -30.028  -52.074  22.247 0.3000000119
23965  -31.799  -51.370  21.620 0.3000000119
23999  -31.147  -51.557  19.161 0.5000000000
24000  -31.921  -51.606  19.814 0.5000000000
24014  -28.339  -51.027  18.445 0.6000000238
24016  -30.246  -51.044  18.696 0.5000000000
24733  -32.420  -50.980  21.012 0.4000000060
24718  -31.566  -50.545  21.535 0.2000000030
25569  -31.597  -49.374  20.122 0.3000000119
24750  -32.050  -50.261  20.537 0.4000000060
119123  -31.447  -50.092  19.563 0.4000000060
25568  -30.991  -49.338  19.383 0.2000000030
24769  -29.641  -50.172  18.628 0.4000000060
132026  -19.351  -94.080  7.818 0.5000000000
169  -20.587  -94.332  6.591 0.5000000000
44  -19.459  -95.143  12.342 0.3000000119
178  -21.816  -94.167  5.411 0.4000000060
121026  -18.425  -91.181  17.939 0.6000000238
129198  -18.382  -91.672  20.392 0.4000000060
525  -17.853  -91.771  20.072 0.4000000060
328  -17.687  -92.013  19.486 0.3000000119
540  -17.637  -91.781  18.819 0.6000000238
946  -19.351  -89.771  20.478 0.3000000119
1140  -19.712  -88.407  21.079 0.3000000119
1139  -18.725  -88.631  20.993 0.2000000030
938  -18.117  -89.412  20.511 0.4000000060
944  -17.587  -90.244  20.136 0.4000000060
731  -17.457  -90.789  19.977 0.5000000000
1370  -18.072  -87.822  23.126 0.1000000015
1377  -18.915  -87.591  22.445 0.1000000015
1138  -17.643  -89.067  21.530 0.2000000030
2234  -23.553  -85.753  0.777 0.5000000000
2636  -24.721  -85.345  0.554 0.4000000060
1132  -17.849  -88.457  22.549 0.1000000015
930  -17.048  -89.353  21.927 0.3000000119
722  -17.026  -89.891  20.147 0.6000000238
111203  -23.765  -84.717  1.772 0.5000000000
2629  -24.115  -84.887  1.174 0.4000000060
2241  -25.839  -85.481  0.112 0.4000000060
2637  -25.891  -84.697  0.799 0.4000000060
1364  -16.872  -87.692  24.777 0.2000000030
1127  -17.229  -88.461  23.444 0.1000000015
3029  -23.486  -82.837  4.091 0.2000000030
3030  -24.360  -82.904  3.295 0.4000000060
3042  -25.097  -83.241  2.584 0.4000000060
3492  -25.220  -82.106  2.801 0.3000000119
2618  -24.828  -84.210  2.001 0.5000000000
3043  -25.893  -83.336  1.954 0.4000000060
113080  -25.355  -84.423  1.317 0.4000000060
3474  -23.385  -81.816  4.421 0.2000000030
3485  -24.714  -81.678  3.279 0.2000000030
3966  -23.769  -81.041  4.028 0.2000000030
3971  -24.826  -81.013  2.588 0.2000000030
3954  -22.421  -81.015  3.982 0.2000000030
3955  -23.178  -81.212  4.366 0.2000000030
115172  -9.920  -71.887  14.888 0.3000000119
9306  -10.187  -71.977  13.834 0.3000000119
9294  -10.218  -71.280  14.211 0.3000000119
18382  -9.140  -57.939  27.830 0.3000000119
3015  -22.754  -82.583  4.693 0.2000000030
1371  -18.605  -86.983  23.189 0.1000000015
3493  -25.681  -82.479  2.316 0.4000000060
119401  -18.936  -94.502  12.731 0.2000000030
36  -20.538  -95.299  14.735 0.2000000030
2203  -40.385  -84.707  4.053 0.4000000060
116926  -29.333  -87.709  -2.683 0.5000000000
115  -21.238  -94.084  16.772 0.2000000030
125388  -20.164  -94.375  15.112 0.3000000119
2601  -40.281  -83.714  4.386 0.5000000000
1896  -28.319  -86.577  -1.786 0.4000000060
118407  -29.402  -86.868  -2.294 0.6000000238
107  -20.312  -93.894  19.420 0.1000000015
204  -18.920  -93.234  19.364 0.1000000015
211  -20.937  -93.091  17.123 0.2000000030
347  -20.281  -92.403  17.290 0.3000000119
214  -19.725  -92.881  15.729 0.5000000000
2602  -40.995  -83.765  4.168 0.3000000119
2245  -27.504  -85.684  -0.629 0.3000000119
2250  -26.893  -86.711  -1.180 0.4000000060
2251  -27.896  -86.198  -1.273 0.3000000119
2260  -29.107  -86.262  -1.849 0.4000000060
336  -18.759  -92.665  18.672 0.2000000030
345  -18.753  -91.853  18.051 0.3000000119
3051  -43.160  -83.508  2.641 0.3000000119
3052  -43.942  -83.604  2.405 0.3000000119
131334  -42.316  -82.743  2.499 0.3000000119
2647  -41.120  -84.128  -0.004 0.5000000000
2638  -26.849  -84.527  0.608 0.3000000119
3065  -27.546  -83.543  0.565 0.3000000119
2648  -27.150  -85.206  0.080 0.3000000119
2639  -27.695  -84.301  0.311 0.3000000119
2660  -28.438  -85.125  -0.749 0.3000000119
2252  -28.778  -85.650  -1.304 0.4000000060
123621  -18.470  -92.384  20.356 0.1000000015
321  -17.998  -92.222  19.970 0.1000000015
3498  -43.941  -83.047  1.573 0.3000000119
3072  -41.914  -83.639  0.626 0.5000000000
3055  -26.598  -83.726  1.197 0.3000000119
119490  -27.982  -82.681  0.165 0.3000000119
3521  -28.559  -82.337  -0.237 0.3000000119
3497  -42.826  -82.730  1.831 0.3000000119
3502  -26.612  -82.563  1.324 0.3000000119
117378  -27.331  -82.660  0.723 0.3000000119
3510  -27.017  -81.708  0.659 0.3000000119
122639  -26.412  -81.636  1.136 0.3000000119
3501  -26.096  -82.067  1.771 0.3000000119
129760  -11.634  -81.503  30.865 0.2000000030
2983  -15.287  -83.646  5.510 0.2000000030
4142  -11.364  -80.893  30.827 0.2000000030
4676  -11.977  -79.790  29.980 0.2000000030
3012  -18.164  -83.018  4.204 0.2000000030
116609  -17.398  -82.996  4.307 0.2000000030
2994  -17.027  -83.334  4.716 0.2000000030
2993  -16.138  -83.360  5.093 0.2000000030
4143  -12.301  -81.009  31.412 0.2000000030
4677  -13.073  -79.604  30.198 0.2000000030
5186  -12.161  -78.695  28.878 0.2000000030
4664  -13.148  -80.116  31.070 0.1000000015
5173  -13.450  -78.981  29.840 0.1000000015
5702  -13.104  -78.297  28.699 0.1000000015
5703  -13.933  -77.508  28.565 0.1000000015
5701  -11.627  -77.885  28.365 0.3000000119
6263  -14.243  -76.720  28.086 0.1000000015
5714  -13.006  -77.486  28.046 0.2000000030
5715  -13.757  -77.016  27.865 0.2000000030
6272  -12.953  -76.671  27.478 0.3000000119
6273  -13.845  -76.300  27.535 0.2000000030
6806  -11.737  -75.970  27.210 0.3000000119
6820  -12.485  -74.985  26.627 0.2000000030
6807  -13.218  -75.725  27.071 0.2000000030
6797  -14.369  -75.531  28.626 0.1000000015
7354  -14.375  -74.662  27.486 0.1000000015
7362  -14.063  -74.369  26.807 0.1000000015
7363  -14.293  -73.997  27.298 0.1000000015
7361  -11.877  -74.384  26.023 0.3000000119
7376  -13.174  -73.964  26.057 0.2000000030
7912  -12.080  -73.178  24.989 0.4000000060
7905  -13.670  -73.514  26.544 0.1000000015
7899  -13.077  -73.062  27.664 0.1000000015
8482  -12.841  -72.589  26.105 0.2000000030
8473  -13.378  -72.938  26.701 0.1000000015
7913  -12.766  -73.180  25.435 0.3000000119
127432  -9.991  -71.476  24.874 0.4000000060
9119  -11.497  -71.801  24.917 0.3000000119
5870  -10.559  -78.369  12.075 0.1000000015
6962  -9.743  -75.737  12.145 0.1000000015
126701  -10.907  -79.054  11.980 0.1000000015
131220  -11.311  -80.116  12.942 0.1000000015
7510  -9.728  -74.810  12.365 0.2000000030
9930  -10.263  -70.448  14.260 0.1000000015
8666  -10.129  -72.671  13.069 0.1000000015
8073  -9.862  -73.417  13.321 0.2000000030
8074  -10.059  -73.455  12.031 0.1000000015
128344  -9.791  -74.052  12.515 0.1000000015
10586  -10.051  -69.082  15.012 0.2000000030
11932  -10.299  -67.484  15.434 0.2000000030
10604  -10.335  -69.521  14.254 0.1000000015
15352  -10.540  -62.075  19.107 0.2000000030
16085  -11.124  -61.378  19.099 0.2000000030
125792  -11.907  -60.103  19.756 0.2000000030
24717  -30.671  -50.135  21.731 0.1000000015
25548  -31.381  -49.721  21.364 0.1000000015
25547  -30.652  -49.335  21.579 0.1000000015
26364  -31.311  -48.679  20.980 0.1000000015
110716  -30.551  -48.706  21.496 0.1000000015
27298  -30.267  -47.738  19.151 0.1000000015
27282  -30.935  -47.843  19.806 0.1000000015
26377  -31.280  -48.609  19.909 0.1000000015
26396  -29.714  -48.528  18.795 0.1000000015
26397  -30.583  -48.565  19.277 0.1000000015
25585  -29.182  -49.303  18.607 0.3000000119
27271  -30.359  -47.552  21.266 0.1000000015
27281  -30.046  -46.907  18.969 0.1000000015
25599  -27.626  -48.901  18.342 0.3000000119
25584  -28.323  -49.122  18.462 0.3000000119
27297  -29.403  -47.672  18.677 0.2000000030
26414  -28.010  -48.322  18.326 0.2000000030
27296  -28.513  -47.601  18.343 0.2000000030
7930  -12.281  -72.648  25.049 0.3000000119
9107  -11.237  -71.946  25.774 0.2000000030
11259  -10.635  -68.501  14.316 0.2000000030
120486  -9.741  -74.163  13.534 0.1000000015
10603  -9.911  -69.992  15.090 0.2000000030
127387  -9.782  -68.799  15.519 0.2000000030
11246  -9.596  -68.476  16.040 0.3000000119
14630  -10.711  -62.758  18.578 0.3000000119
159  -19.820  -94.904  8.699 0.4000000060
125  -19.027  -94.320  13.328 0.3000000119
117  -19.452  -93.998  14.303 0.4000000060
213  -19.441  -93.090  14.670 0.4000000060
26357  -31.159  -48.950  21.284 0.2000000030
26413  -27.212  -48.312  18.164 0.2000000030
26378  -31.441  -48.835  20.520 0.1000000015
733  -19.097  -90.733  20.521 0.2000000030
35  -19.945  -95.159  14.308 0.2000000030
119  -20.763  -94.611  15.725 0.2000000030
131431  -20.335  -92.684  16.627 0.3000000119
2649  -28.123  -84.663  -0.153 0.3000000119
2626  -43.478  -84.289  2.900 0.3000000119
4134  -12.683  -81.380  31.622 0.1000000015
11247  -10.124  -68.260  15.222 0.2000000030
26356  -30.875  -48.176  21.203 0.1000000015
120555  -30.590  -47.053  19.691 0.1000000015
26363  -31.182  -48.185  20.528 0.1000000015
27274  -30.681  -47.286  20.608 0.1000000015
26395  -28.827  -48.439  18.538 0.3000000119
3996  -45.751  -80.645  0.103 0.3000000119
3995  -45.289  -81.137  -0.363 0.3000000119
3517  -43.300  -82.819  0.112 0.3000000119
3073  -42.582  -83.336  0.114 0.3000000119
3519  -44.888  -81.784  -0.006 0.3000000119
3518  -44.138  -82.282  -0.087 0.3000000119
129545  -44.249  -82.604  0.814 0.3000000119
3526  -43.467  -82.504  -0.938 0.3000000119
3081  -42.791  -83.215  -0.849 0.3000000119
3086  -42.290  -83.653  -1.855 0.4000000060
4483  -46.130  -80.047  0.587 0.3000000119
4491  -45.745  -79.862  -0.250 0.3000000119
3528  -44.593  -81.555  -0.696 0.3000000119
2678  -40.993  -84.165  -3.049 0.4000000060
3090  -41.928  -83.552  -3.070 0.4000000060
123148  -41.355  -83.275  -4.125 0.3000000119
4003  -44.290  -81.260  -1.538 0.3000000119
3085  -41.556  -84.102  -2.232 0.4000000060
4004  -45.000  -80.623  -1.166 0.3000000119
3087  -43.126  -82.803  -1.933 0.3000000119
3091  -42.729  -82.898  -2.930 0.3000000119
3537  -41.511  -82.296  -4.754 0.3000000119
5000  -45.863  -79.386  0.307 0.2000000030
2688  -37.267  -84.642  -4.994 0.4000000060
3098  -37.505  -84.229  -5.054 0.3000000119
111472  -37.992  -84.151  -4.935 0.3000000119
2684  -39.328  -84.056  -3.978 0.4000000060
3095  -39.548  -83.404  -4.567 0.3000000119
1903  -30.976  -87.384  -2.602 0.4000000060
4484  -46.293  -79.522  1.068 0.2000000030
2666  -33.634  -85.593  -2.710 0.2000000030
112481  -34.274  -85.294  -3.308 0.1000000015
2681  -34.915  -84.988  -4.176 0.3000000119
2686  -35.220  -85.445  -4.512 0.3000000119
2675  -34.706  -84.733  -3.268 0.1000000015
3092  -35.492  -84.441  -4.141 0.1000000015
3097  -42.370  -82.585  -4.017 0.3000000119
26393  -18.475  -48.553  18.200 0.2000000030
27295  -18.586  -47.787  18.193 0.2000000030
119145  -19.153  -47.328  18.046 0.2000000030
27294  -18.046  -46.857  18.439 0.2000000030
2685  -40.363  -83.717  -4.084 0.4000000060
2683  -38.410  -84.467  -4.038 0.4000000060
1899  -30.125  -86.985  -2.431 0.3000000119
122775  -31.023  -86.284  -2.157 0.4000000060
151  -20.230  -95.188  9.266 0.2000000030
73  -20.680  -95.100  8.422 0.2000000030
83  -22.103  -95.087  7.592 0.2000000030
113047  -22.743  -95.214  8.129 0.2000000030
110574  -19.933  -94.636  8.053 0.2000000030
81  -21.293  -95.049  7.795 0.2000000030
84  -23.167  -95.239  7.362 0.2000000030
85  -24.612  -95.666  7.415 0.2000000030
171  -22.484  -94.744  6.016 0.2000000030
123544  -23.900  -95.437  7.104 0.2000000030
173  -24.677  -95.209  6.038 0.2000000030
179  -22.579  -94.341  5.443 0.2000000030
174  -25.549  -95.137  5.991 0.2000000030
129911  -26.596  -93.238  5.930 0.2000000030
184  -22.763  -93.854  4.840 0.3000000119
433  -24.874  -92.770  5.157 0.2000000030
277  -25.069  -93.150  5.552 0.2000000030
434  -25.597  -92.566  5.301 0.2000000030
635  -27.366  -91.857  6.079 0.2000000030
637  -29.059  -91.015  6.291 0.2000000030
132975  -31.115  -90.840  7.334 0.1000000015
838  -29.016  -90.940  5.997 0.2000000030
92  -25.122  -95.533  6.625 0.2000000030
828  -30.554  -90.572  6.775 0.2000000030
821  -34.248  -90.946  8.266 0.1000000015
129509  -30.373  -90.558  6.225 0.2000000030
831  -34.112  -90.595  7.650 0.1000000015
841  -31.851  -90.388  6.800 0.2000000030
121041  -33.355  -90.476  7.200 0.2000000030
617  -34.875  -91.505  8.798 0.1000000015
618  -35.646  -91.376  8.998 0.1000000015
639  -34.172  -91.006  6.626 0.2000000030
822  -34.704  -90.803  8.048 0.1000000015
823  -36.263  -90.998  7.980 0.1000000015
851  -32.556  -91.175  6.231 0.2000000030
129717  -36.146  -91.162  10.132 0.1000000015
816  -36.490  -90.925  9.462 0.1000000015
843  -35.574  -91.257  6.538 0.2000000030
129845  -36.053  -91.079  7.088 0.1000000015
619  -36.340  -91.065  8.733 0.1000000015
824  -36.784  -90.775  7.906 0.1000000015
825  -37.227  -90.380  8.331 0.1000000015
832  -36.884  -90.592  7.010 0.1000000015
1008  -37.599  -89.863  10.663 0.1000000015
117700  -36.773  -90.747  8.726 0.1000000015
642  -36.036  -91.339  5.992 0.2000000030
115626  -36.452  -90.885  7.032 0.2000000030
852  -36.728  -90.450  5.306 0.2000000030
845  -37.190  -90.172  6.344 0.2000000030
118405  -35.590  -90.758  4.295 0.2000000030
1028  -37.694  -89.745  6.931 0.2000000030
1020  -37.635  -89.777  8.762 0.1000000015
1025  -38.061  -89.283  7.423 0.1000000015
666  -35.762  -91.500  4.607 0.2000000030
122108  -37.706  -89.603  6.047 0.2000000030
125516  -37.990  -89.350  8.246 0.1000000015
1021  -38.196  -89.040  9.100 0.1000000015
1036  -37.261  -89.703  5.373 0.2000000030
1029  -38.212  -89.175  6.343 0.2000000030
1257  -37.675  -88.599  3.856 0.3000000119
1045  -37.295  -89.126  4.494 0.2000000030
1488  -38.635  -88.189  9.012 0.1000000015
1235  -38.350  -88.680  7.070 0.1000000015
1498  -38.496  -87.715  7.203 0.1000000015
1239  -38.613  -88.436  6.352 0.2000000030
1248  -38.740  -88.702  4.654 0.3000000119
1266  -38.376  -88.227  3.447 0.3000000119
1494  -38.508  -87.516  8.214 0.1000000015
1495  -38.835  -87.491  9.020 0.1000000015
114106  -38.485  -86.663  7.687 0.1000000015
2661  -29.297  -84.542  -0.860 0.3000000119
2253  -29.655  -85.172  -1.393 0.3000000119
2254  -30.407  -84.839  -1.479 0.3000000119
20078  -26.867  -57.299  27.268 0.1000000015
21744  -27.381  -54.366  26.210 0.1000000015
23183  -27.256  -52.496  25.772 0.1000000015
23936  -26.944  -51.754  25.346 0.1000000015
275  -23.574  -93.692  5.013 0.2000000030
634  -26.982  -92.077  5.729 0.2000000030
640  -34.977  -91.994  5.951 0.2000000030
862  -36.739  -89.917  4.813 0.2000000030
1517  -38.107  -87.539  3.519 0.3000000119
18404  -25.300  -58.544  27.201 0.1000000015
163  -20.640  -94.791  7.530 0.2000000030
170  -21.613  -94.539  6.225 0.2000000030
89  -22.362  -94.962  6.782 0.2000000030
75  -23.711  -95.438  8.107 0.2000000030
90  -23.345  -95.120  6.555 0.2000000030
172  -23.119  -94.833  5.912 0.2000000030
181  -24.089  -94.515  5.626 0.2000000030
125072  -26.413  -92.546  5.675 0.2000000030
842  -34.985  -90.878  7.141 0.2000000030
1024  -37.672  -89.864  7.858 0.1000000015
1037  -38.000  -89.074  5.179 0.2000000030
114917  -38.694  -88.760  5.428 0.2000000030
1258  -38.245  -88.642  4.210 0.3000000119
50  -19.798  -95.268  11.641 0.2000000030
64  -19.733  -95.058  10.025 0.2000000030
123448  -20.254  -95.362  10.816 0.2000000030
45  -20.332  -95.667  12.428 0.2000000030
10  -21.058  -95.925  12.996 0.2000000030
39  -19.812  -95.446  13.755 0.2000000030
939  -20.399  -89.421  21.123 0.1000000015
2261  -30.126  -85.934  -1.881 0.2000000030
2262  -31.027  -85.240  -1.725 0.2000000030
2673  -32.445  -85.696  -2.083 0.2000000030
2674  -33.060  -85.807  -2.474 0.2000000030
130837  -24.905  -77.377  1.757 0.1000000015
5453  -25.074  -78.358  1.517 0.2000000030
4982  -25.269  -79.257  1.148 0.2000000030
4459  -25.579  -80.065  0.951 0.2000000030
131712  -26.072  -80.472  0.850 0.2000000030
4460  -26.524  -79.924  0.589 0.2000000030
3511  -27.875  -81.804  0.108 0.2000000030
3512  -28.552  -81.749  -0.176 0.2000000030
3522  -28.995  -82.225  -0.508 0.2000000030
3082  -29.597  -83.495  -0.717 0.2000000030
3076  -29.584  -82.849  -0.604 0.2000000030
2662  -30.050  -84.167  -1.009 0.2000000030
3077  -30.129  -83.379  -1.386 0.2000000030
2663  -30.752  -84.211  -1.382 0.1000000015
2664  -31.344  -84.238  -1.321 0.1000000015
2651  -31.724  -84.431  -0.803 0.1000000015
2672  -31.585  -84.993  -1.599 0.1000000015
2256  -34.319  -85.120  -1.724 0.1000000015
2264  -34.285  -85.192  -2.563 0.1000000015
4461  -27.417  -79.684  0.321 0.2000000030
3977  -25.870  -81.007  1.272 0.2000000030
3355  -13.999  -83.087  13.933 0.1000000015
3345  -13.814  -82.432  14.673 0.1000000015
2888  -14.270  -83.866  13.675 0.1000000015
132091  -14.638  -82.633  14.772 0.1000000015
2919  -15.086  -83.727  12.696 0.1000000015
2889  -15.072  -83.703  13.625 0.1000000015
3846  -13.096  -81.621  14.219 0.1000000015
3354  -12.964  -82.342  13.927 0.1000000015
3379  -14.393  -82.346  10.980 0.1000000015
133598  -15.591  -83.115  12.675 0.1000000015
117022  -14.971  -82.004  11.282 0.1000000015
16090  -11.395  -61.802  18.498 0.1000000015
15365  -11.546  -62.594  17.911 0.1000000015
14647  -11.789  -63.288  17.284 0.1000000015
16086  -11.701  -60.957  18.811 0.1000000015
15356  -11.952  -61.839  17.827 0.1000000015
16091  -12.067  -61.182  18.199 0.1000000015
123274  -12.295  -62.316  17.067 0.1000000015
16102  -12.451  -61.353  17.338 0.1000000015
15379  -12.855  -62.441  16.212 0.1000000015
16092  -12.619  -60.692  17.978 0.1000000015
16103  -12.894  -60.906  16.911 0.1000000015
15366  -12.894  -61.691  16.570 0.1000000015
16892  -12.060  -60.351  19.136 0.1000000015
16909  -12.958  -60.561  17.604 0.1000000015
15367  -13.120  -61.512  16.647 0.1000000015
15380  -13.114  -62.384  16.176 0.1000000015
116623  -12.440  -59.788  19.638 0.1000000015
111481  -8.283  -62.248  27.681 0.1000000015
15980  -8.193  -61.317  29.484 0.1000000015
115630  -8.162  -61.039  28.697 0.1000000015
15981  -8.646  -60.868  29.979 0.1000000015
16790  -8.459  -59.752  28.549 0.1000000015
17599  -8.945  -59.230  28.674 0.1000000015
124882  -8.862  -58.565  28.159 0.1000000015
27318  -27.655  -47.546  18.082 0.1000000015
126395  -17.715  -47.793  18.505 0.1000000015
27317  -26.849  -47.622  17.828 0.1000000015
26392  -17.577  -48.703  18.497 0.1000000015
27330  -25.931  -47.101  17.412 0.1000000015
28187  -26.420  -46.539  17.355 0.1000000015
29020  -27.574  -45.663  17.248 0.1000000015
29033  -26.850  -45.191  16.856 0.1000000015
28186  -25.360  -46.035  17.129 0.1000000015
29032  -26.138  -45.835  17.077 0.1000000015
28188  -26.889  -45.968  17.210 0.1000000015
28185  -24.650  -46.267  17.145 0.1000000015
26391  -16.739  -47.811  19.064 0.1000000015
27293  -16.744  -46.836  19.008 0.1000000015
27309  -18.965  -46.413  18.026 0.1000000015
111497  -19.833  -46.858  17.758 0.1000000015
29034  -27.723  -44.980  16.950 0.1000000015
132638  -26.165  -45.306  16.765 0.1000000015
29904  -26.110  -44.838  16.488 0.1000000015
29903  -25.265  -44.836  16.461 0.1000000015
29018  -19.140  -45.021  17.846 0.1000000015
28169  -19.675  -45.869  17.661 0.1000000015
29028  -22.473  -45.547  16.769 0.1000000015
30801  -27.260  -43.535  15.993 0.1000000015
29918  -25.685  -44.209  16.144 0.1000000015
29919  -26.558  -44.208  16.223 0.1000000015
29891  -19.344  -44.150  17.702 0.1000000015
29019  -19.916  -45.031  17.413 0.1000000015
29915  -23.442  -44.122  16.017 0.1000000015
29917  -24.907  -44.228  16.154 0.1000000015
29901  -23.711  -44.893  16.424 0.1000000015
30798  -24.045  -43.532  15.670 0.1000000015
31685  -21.854  -43.155  16.187 0.1000000015
116465  -12.398  -63.744  15.911 0.1000000015
14646  -10.891  -63.546  18.010 0.2000000030
14657  -12.408  -63.130  16.426 0.1000000015
1900  -31.946  -86.477  -2.462 0.3000000119
133324  -26.519  -47.141  17.554 0.1000000015
27329  -25.212  -46.898  17.323 0.1000000015
126038  -24.053  -46.522  17.170 0.1000000015
29029  -23.215  -45.632  16.717 0.1000000015
29031  -24.890  -45.505  16.799 0.1000000015
3074  -28.367  -83.417  -0.017 0.2000000030
4473  -27.141  -80.252  0.252 0.2000000030
4474  -27.749  -80.349  0.205 0.2000000030
2665  -32.871  -85.435  -1.771 0.1000000015
2263  -31.821  -85.774  -2.044 0.2000000030
4475  -28.376  -80.699  0.267 0.2000000030
121243  -29.969  -83.023  -0.753 0.1000000015
127646  -31.139  -84.031  -1.657 0.1000000015
110593  -31.706  -84.719  -1.606 0.1000000015
2652  -32.883  -85.075  -0.718 0.1000000015
28172  -28.221  -46.780  18.023 0.1000000015
28171  -27.297  -46.646  17.600 0.1000000015
115693  -25.799  -46.483  17.282 0.1000000015
28168  -18.859  -45.639  18.011 0.1000000015
132098  -26.731  -44.658  16.511 0.1000000015
29905  -27.359  -44.401  16.545 0.1000000015
127574  -25.631  -45.385  16.770 0.1000000015
29902  -24.496  -44.887  16.471 0.1000000015
29916  -24.201  -44.217  16.108 0.1000000015
3419  -40.055  -82.788  10.094 0.1000000015
2960  -40.302  -83.049  9.324 0.1000000015
3421  -42.086  -82.762  9.855 0.1000000015
2961  -41.535  -83.279  9.116 0.1000000015
2542  -40.843  -84.364  7.988 0.1000000015
3542  -39.235  -83.005  -4.640 0.1000000015
117952  -38.550  -82.923  -4.685 0.1000000015
4025  -39.078  -82.013  -4.534 0.1000000015
4024  -38.137  -82.086  -4.333 0.1000000015
2962  -42.831  -83.608  9.336 0.2000000030
3420  -40.910  -82.578  9.892 0.1000000015
2543  -42.624  -84.657  8.413 0.2000000030
113353  -41.710  -84.165  8.469 0.2000000030
3543  -40.145  -82.713  -4.767 0.1000000015
3096  -40.658  -82.908  -4.770 0.2000000030
4021  -41.521  -81.402  -4.913 0.1000000015
3538  -42.279  -81.597  -4.592 0.2000000030
4022  -42.116  -80.917  -4.709 0.1000000015
125922  -40.753  -80.046  -3.941 0.1000000015
4514  -39.078  -79.885  -3.967 0.1000000015
2963  -43.687  -83.647  9.337 0.2000000030
2544  -43.300  -84.564  8.186 0.2000000030
2545  -44.078  -84.116  7.998 0.2000000030
2556  -42.604  -85.150  7.809 0.2000000030
133045  -43.156  -84.925  7.745 0.2000000030
3533  -43.403  -82.002  -3.012 0.2000000030
3539  -43.020  -81.745  -4.017 0.2000000030
4518  -42.924  -80.483  -3.830 0.1000000015
4511  -42.426  -79.896  -3.260 0.1000000015
4509  -39.271  -79.698  -3.741 0.1000000015
113760  -40.308  -79.826  -3.419 0.1000000015
2980  -44.767  -83.460  7.587 0.2000000030
1501  -39.697  -87.956  5.623 0.2000000030
116126  -39.554  -87.031  6.382 0.2000000030
1808  -39.152  -86.196  6.896 0.2000000030
2554  -40.080  -84.701  7.542 0.2000000030
2981  -45.410  -82.852  7.497 0.1000000015
1249  -39.399  -88.474  4.786 0.2000000030
1502  -40.320  -87.506  5.708 0.2000000030
1817  -40.628  -86.862  6.185 0.2000000030
2162  -40.586  -85.537  7.089 0.2000000030
120591  -41.919  -85.053  8.044 0.2000000030
2558  -44.301  -84.034  7.296 0.2000000030
2990  -45.322  -83.029  6.857 0.2000000030
116568  -45.761  -82.583  6.354 0.1000000015
2989  -44.738  -83.590  6.722 0.2000000030
3464  -46.001  -82.425  5.687 0.1000000015
3465  -46.762  -81.713  5.398 0.1000000015
3950  -47.447  -80.670  5.105 0.1000000015
4011  -44.409  -80.536  -1.805 0.2000000030
4010  -44.057  -81.033  -2.575 0.2000000030
4015  -43.443  -80.972  -3.541 0.2000000030
5013  -43.207  -79.573  -2.590 0.1000000015
4499  -40.544  -79.927  -2.326 0.1000000015
3451  -45.960  -82.426  6.971 0.1000000015
3452  -46.433  -81.994  6.234 0.1000000015
1259  -39.011  -88.458  3.945 0.2000000030
1830  -41.024  -87.222  5.385 0.2000000030
2164  -42.437  -85.680  7.083 0.2000000030
2573  -44.181  -84.197  6.641 0.2000000030
2165  -43.065  -85.148  7.266 0.2000000030
3960  -47.430  -80.465  4.199 0.1000000015
4426  -47.397  -79.800  4.014 0.1000000015
4967  -47.044  -79.529  3.182 0.1000000015
3507  -43.461  -82.693  0.978 0.2000000030
4503  -44.789  -79.775  -1.657 0.1000000015
5014  -43.977  -79.693  -2.038 0.1000000015
1831  -41.761  -86.596  5.351 0.2000000030
1818  -41.458  -86.516  6.146 0.2000000030
2176  -42.243  -86.080  6.170 0.2000000030
3939  -47.258  -81.133  5.981 0.1000000015
1510  -40.850  -87.437  4.373 0.2000000030
2572  -43.562  -84.758  6.551 0.2000000030
127478  -47.547  -79.789  5.284 0.1000000015
1529  -40.281  -87.258  2.905 0.2000000030
1845  -41.390  -86.924  4.368 0.2000000030
1857  -40.884  -86.521  2.916 0.2000000030
4934  -46.212  -79.359  5.208 0.1000000015
110681  -40.786  -85.864  2.958 0.2000000030
2218  -41.710  -85.454  2.963 0.2000000030
2625  -42.877  -84.510  2.892 0.2000000030
116300  -45.621  -82.793  5.236 0.2000000030
3478  -46.240  -82.276  4.844 0.2000000030
2613  -42.522  -83.674  3.044 0.2000000030
117928  -44.517  -83.191  2.173 0.2000000030
4966  -46.470  -79.011  3.011 0.1000000015
3499  -44.954  -82.656  1.541 0.2000000030
3508  -44.949  -82.214  0.624 0.2000000030
3984  -46.175  -80.992  0.865 0.2000000030
5452  -46.368  -79.126  1.717 0.1000000015
4490  -45.447  -79.831  -0.958 0.2000000030
5479  -44.732  -78.671  -0.685 0.1000000015
123567  -44.498  -79.110  -1.516 0.1000000015
5004  -43.625  -78.988  -1.799 0.1000000015
5012  -42.228  -79.433  -2.378 0.1000000015
2190  -42.318  -86.159  5.179 0.2000000030
3008  -44.597  -83.697  5.906 0.2000000030
130926  -47.330  -79.552  5.152 0.1000000015
2177  -42.929  -85.395  6.409 0.2000000030
3009  -45.264  -83.045  5.995 0.2000000030
3961  -47.566  -79.978  4.652 0.1000000015
131307  -47.081  -79.401  4.604 0.1000000015
1846  -41.976  -86.361  4.285 0.2000000030
2191  -42.808  -85.609  5.405 0.2000000030
2205  -43.248  -85.138  4.448 0.2000000030
1871  -41.610  -86.042  2.937 0.2000000030
2220  -43.333  -84.819  3.440 0.3000000119
2614  -43.879  -84.335  3.459 0.2000000030
2604  -44.220  -84.136  4.187 0.2000000030
3039  -44.971  -83.366  3.242 0.2000000030
3479  -46.952  -81.420  4.504 0.1000000015
2627  -44.087  -84.017  2.942 0.2000000030
3053  -44.546  -83.579  2.757 0.2000000030
3500  -45.698  -82.215  2.102 0.2000000030
3970  -46.371  -81.714  2.665 0.2000000030
4442  -47.245  -80.294  3.297 0.1000000015
4965  -45.261  -78.854  3.288 0.1000000015
110415  -46.311  -81.300  1.772 0.2000000030
4472  -46.524  -80.178  1.561 0.2000000030
4457  -46.877  -79.793  2.446 0.1000000015
5464  -45.941  -78.752  1.349 0.1000000015
4999  -45.436  -78.976  -0.265 0.1000000015
2587  -43.433  -84.961  5.619 0.2000000030
2588  -44.025  -84.328  5.803 0.2000000030
117492  -44.447  -83.905  5.036 0.2000000030
4951  -46.971  -79.399  4.001 0.1000000015
114167  -45.432  -79.428  4.642 0.1000000015
3026  -44.896  -83.505  4.160 0.2000000030
3027  -45.581  -82.829  4.457 0.2000000030
3491  -46.298  -82.033  3.730 0.2000000030
4949  -44.743  -79.295  4.089 0.1000000015
130546  -46.908  -81.181  3.149 0.2000000030
3976  -46.840  -80.696  2.462 0.2000000030
128767  -14.794  -82.452  4.658 0.1000000015
3466  -15.131  -81.856  4.259 0.1000000015
2982  -13.472  -82.601  5.784 0.1000000015
3932  -13.098  -81.318  6.033 0.1000000015
23963  -29.595  -51.392  22.190 0.1000000015
1528  -39.630  -87.398  2.914 0.2000000030
23210  -28.945  -52.095  22.262 0.1000000015
2624  -42.355  -84.784  2.943 0.2000000030
3531  -43.717  -81.956  -1.854 0.2000000030
1519  -40.345  -87.667  3.697 0.2000000030
2555  -41.122  -85.110  7.582 0.2000000030
1509  -40.297  -87.923  4.808 0.2000000030
2163  -41.791  -85.707  7.382 0.2000000030
2230  -42.278  -85.328  2.966 0.2000000030
3509  -45.657  -81.883  1.187 0.2000000030
4950  -45.990  -79.123  3.910 0.1000000015
5439  -45.629  -78.691  2.543 0.1000000015
1859  -42.127  -85.966  3.215 0.2000000030
2603  -43.709  -84.599  4.102 0.2000000030
132257  -45.307  -83.008  3.059 0.2000000030
4447  -24.538  -80.160  1.873 0.1000000015
4458  -24.882  -79.942  1.261 0.1000000015
3972  -25.522  -81.489  2.069 0.1000000015
4971  -24.503  -79.323  1.592 0.1000000015
4433  -24.257  -80.529  2.729 0.1000000015
5455  -26.460  -78.770  1.237 0.1000000015
4431  -23.028  -80.417  3.184 0.1000000015
5443  -24.343  -78.177  1.759 0.1000000015
4446  -23.711  -79.960  2.097 0.1000000015
5445  -26.027  -77.955  1.833 0.1000000015
5456  -27.106  -78.995  1.165 0.1000000015
5446  -26.855  -78.619  1.897 0.1000000015
4970  -23.827  -79.066  2.000 0.1000000015
4972  -27.671  -79.086  1.516 0.1000000015
4430  -22.027  -80.674  2.619 0.1000000015
3483  -20.390  -81.950  3.025 0.1000000015
11923  -10.322  -66.738  15.960 0.1000000015
11945  -10.773  -67.571  14.681 0.1000000015
12589  -10.703  -65.804  16.190 0.1000000015
11933  -10.935  -66.720  14.972 0.1000000015
125802  -11.199  -67.754  14.111 0.1000000015
11946  -11.464  -66.898  14.262 0.1000000015
132088  -11.438  -64.445  16.712 0.1000000015
12597  -11.150  -65.987  15.356 0.1000000015
121384  -11.727  -65.522  14.931 0.1000000015
13946  -11.278  -64.060  17.319 0.1000000015
3988  -29.013  -81.264  0.254 0.1000000015
111073  -23.575  -95.010  16.138 0.1000000015
115699  -23.307  -95.271  15.830 0.1000000015
112463  -22.498  -95.618  15.168 0.1000000015
4  -21.955  -95.806  14.542 0.1000000015
7  -20.735  -95.875  13.701 0.1000000015
390  -25.958  -92.854  12.854 0.1000000015
389  -25.042  -92.769  12.409 0.1000000015
236  -25.354  -93.783  11.283 0.1000000015
243  -25.115  -94.272  10.573 0.1000000015
571  -24.859  -91.949  13.987 0.1000000015
130650  -24.308  -93.055  12.301 0.1000000015
235  -24.503  -93.604  11.042 0.1000000015
146  -24.848  -94.838  9.860 0.1000000015
69  -25.181  -95.735  8.889 0.1000000015
77  -25.603  -95.744  8.466 0.1000000015
124745  -24.199  -92.566  13.793 0.1000000015
112096  -23.918  -93.385  11.761 0.1000000015
76  -25.065  -95.839  8.169 0.1000000015
242  -24.189  -94.056  10.325 0.1000000015
153  -24.526  -95.230  9.247 0.1000000015
68  -24.230  -95.432  8.616 0.1000000015
175  -26.522  -94.622  5.999 0.1000000015
11  -21.752  -95.776  12.895 0.1000000015
397  -25.623  -93.361  12.025 0.1000000015
244  -25.864  -94.674  11.043 0.1000000015
154  -25.368  -95.526  9.540 0.1000000015
118475  -26.245  -95.594  7.745 0.1000000015
147  -25.855  -95.284  10.350 0.1000000015
164  -26.887  -95.255  6.927 0.1000000015
125971  -23.530  -93.833  11.076 0.1000000015
138  -23.224  -94.342  10.362 0.1000000015
152  -23.712  -94.996  9.098 0.1000000015
144  -22.902  -94.817  9.577 0.1000000015
428  -27.570  -92.341  6.356 0.1000000015
29  -22.851  -95.319  16.443 0.1000000015
1  -22.282  -95.514  15.834 0.1000000015
32  -21.575  -95.373  15.739 0.1000000015
2974  -43.849  -83.997  8.727 0.1000000015
66  -21.505  -95.339  10.037 0.1000000015
430  -29.047  -91.698  6.699 0.1000000015
625  -29.710  -91.045  6.767 0.1000000015
52  -21.499  -95.578  11.608 0.1000000015
53  -21.962  -95.371  11.701 0.1000000015
118478  -20.719  -95.364  10.038 0.1000000015
215  -23.643  -93.835  14.794 0.1000000015
12  -21.292  -95.735  12.290 0.1000000015
27  -21.432  -94.944  16.386 0.1000000015
1500  -38.954  -87.702  6.364 0.1000000015
2322  -15.227  -85.118  29.287 0.1000000015
2341  -15.959  -85.689  27.912 0.1000000015
2315  -15.034  -84.619  29.482 0.1000000015
1971  -15.908  -86.541  27.616 0.1000000015
2733  -14.157  -82.763  30.975 0.1000000015
2310  -14.120  -83.710  29.923 0.1000000015
2746  -13.435  -83.739  29.830 0.1000000015
128252  -13.371  -82.139  31.644 0.1000000015
3201  -12.843  -82.892  30.888 0.1000000015
3200  -12.278  -82.689  30.552 0.1000000015
125008  -12.152  -82.172  31.145 0.1000000015
8480  -10.662  -72.281  26.900 0.1000000015
117885  -10.068  -71.986  26.371 0.1000000015
9096  -9.326  -71.661  26.898 0.1000000015
9758  -8.804  -71.136  26.431 0.1000000015
116  -23.800  -94.687  16.400 0.1000000015
121303  -23.213  -95.291  14.851 0.1000000015
41  -22.528  -95.558  13.674 0.1000000015
127  -23.027  -94.522  13.191 0.1000000015
1959  -15.452  -86.423  28.434 0.1000000015
2321  -15.009  -85.130  29.292 0.1000000015
9741  -8.854  -70.999  27.409 0.1000000015
65  -21.160  -95.306  9.223 0.1000000015
74  -21.669  -95.177  8.397 0.1000000015
111356  -22.121  -95.208  9.117 0.1000000015
86  -25.409  -95.735  7.542 0.1000000015
268  -27.384  -93.802  6.239 0.1000000015
120  -23.645  -94.918  15.456 0.1000000015
229  -23.548  -93.471  12.684 0.1000000015
46  -21.759  -95.625  12.292 0.1000000015
116902  -22.672  -94.512  11.312 0.1000000015
137  -22.344  -94.900  10.562 0.1000000015
132  -22.460  -94.940  12.383 0.1000000015
126  -22.557  -95.405  13.289 0.1000000015
0  -22.886  -95.483  15.684 0.1000000015
2  -20.508  -95.611  14.314 0.1000000015
3  -21.164  -95.610  14.927 0.1000000015
5  -22.626  -95.602  14.609 0.1000000015
6  -23.062  -95.402  15.120 0.1000000015
8  -21.674  -95.854  13.656 0.1000000015
9  -22.142  -95.704  13.406 0.1000000015
25  -22.921  -95.053  17.200 0.1000000015
28  -22.009  -95.223  16.516 0.1000000015
30  -20.309  -94.904  14.872 0.2000000030
31  -20.921  -95.167  15.376 0.2000000030
33  -23.376  -95.194  15.396 0.1000000015
34  -19.384  -94.856  13.885 0.2000000030
37  -22.899  -95.482  14.434 0.1000000015
38  -19.274  -94.911  13.417 0.2000000030
40  -20.269  -95.770  13.179 0.2000000030
42  -22.926  -95.392  14.004 0.1000000015
43  -18.939  -94.558  11.875 0.3000000119
47  -22.114  -95.566  12.860 0.1000000015
51  -20.783  -95.613  11.585 0.2000000030
57  -21.149  -95.541  10.837 0.1000000015
58  -21.713  -95.392  10.831 0.1000000015
59  -22.078  -95.206  9.993 0.1000000015
60  -25.859  -95.528  9.699 0.1000000015
67  -23.172  -95.138  8.707 0.2000000030
82  -21.415  -94.864  7.062 0.2000000030
91  -24.282  -95.391  6.616 0.2000000030
93  -26.013  -95.489  6.672 0.1000000015
108  -21.201  -94.090  18.774 0.1000000015
111  -21.299  -93.835  17.844 0.2000000030
114  -20.403  -93.686  16.069 0.3000000119
118  -19.772  -93.801  14.993 0.4000000060
121  -23.910  -93.948  15.765 0.1000000015
122  -19.265  -94.354  13.848 0.3000000119
123  -19.688  -94.570  14.415 0.3000000119
124  -23.296  -94.762  14.411 0.1000000015
133  -23.101  -94.035  12.044 0.1000000015
142  -18.415  -93.742  10.583 0.6999999881
143  -19.111  -94.656  10.891 0.2000000030
145  -23.894  -94.552  9.655 0.1000000015
149  -18.762  -93.924  9.329 0.8000000119
158  -19.187  -94.224  8.563 0.6999999881
162  -19.902  -94.291  7.296 0.5000000000
168  -19.701  -93.862  6.635 0.5000000000
180  -23.295  -94.473  5.535 0.2000000030
182  -24.887  -94.386  5.689 0.2000000030
183  -25.604  -94.215  5.727 0.2000000030
209  -20.549  -93.029  18.073 0.2000000030
230  -24.825  -93.206  11.738 0.1000000015
237  -26.218  -94.412  11.765 0.1000000015
246  -18.532  -93.208  9.479 0.8000000119
258  -18.956  -92.922  7.333 0.6999999881
267  -25.884  -93.217  5.714 0.2000000030
271  -19.513  -92.899  5.613 0.8000000119
276  -24.395  -93.437  5.292 0.2000000030
278  -20.663  -92.810  4.234 0.6999999881
283  -21.985  -92.878  3.500 0.6000000238
287  -26.919  -93.512  2.389 0.5000000000
289  -28.604  -93.577  2.519 0.6000000238
292  -25.029  -93.217  2.523 0.6000000238
322  -18.529  -92.731  20.146 0.1000000015
329  -18.306  -92.673  19.640 0.1000000015
335  -17.991  -92.255  18.925 0.3000000119
337  -19.545  -93.041  18.613 0.1000000015
346  -19.722  -92.376  17.975 0.2000000030
354  -19.241  -91.396  17.239 0.6000000238
372  -19.388  -91.603  14.523 0.8999999762
380  -19.815  -92.122  13.373 0.8999999762
381  -24.215  -92.836  12.990 0.1000000015
382  -25.036  -92.345  13.172 0.1000000015
393  -18.264  -93.188  11.302 0.8000000119
400  -18.150  -92.988  10.561 0.8000000119
418  -18.867  -92.731  8.606 0.6999999881
427  -26.980  -92.418  6.065 0.2000000030
431  -19.624  -92.394  5.262 0.8000000119
432  -20.249  -92.375  4.518 0.6999999881
437  -33.444  -93.016  4.845 0.3000000119
442  -26.865  -92.535  4.303 0.5000000000
443  -29.837  -93.172  3.540 0.6000000238
444  -30.686  -93.049  4.056 0.6000000238
445  -32.386  -92.990  4.606 0.4000000060
455  -22.478  -91.606  2.933 0.8000000119
457  -24.803  -92.873  1.713 0.8000000119
458  -29.068  -93.397  2.256 0.6999999881
461  -25.479  -92.671  1.352 0.8999999762
462  -26.302  -92.498  1.179 0.8999999762
463  -28.874  -92.912  1.597 0.8999999762
524  -17.547  -91.607  19.799 0.3000000119
533  -17.356  -91.388  19.328 0.6000000238
545  -17.657  -90.856  18.409 0.8999999762
546  -17.805  -91.498  18.503 0.6000000238
551  -17.941  -90.470  18.156 0.8999999762
553  -19.053  -90.961  17.086 0.8999999762
565  -19.138  -91.135  14.849 1.0000000000
569  -19.826  -91.133  14.387 1.0000000000
578  -22.761  -91.200  12.477 1.0000000000
590  -22.631  -91.537  10.913 1.0000000000
600  -22.336  -91.492  9.327 1.0000000000
610  -19.260  -92.201  8.442 0.8000000119
612  -21.323  -91.577  8.076 1.0000000000
613  -22.152  -91.450  8.427 1.0000000000
620  -19.030  -92.014  7.159 0.6999999881
623  -21.075  -91.471  7.332 0.8999999762
629  -35.582  -91.006  7.889 0.1000000015
630  -19.146  -91.953  6.368 0.6999999881
632  -20.554  -91.272  5.907 0.8000000119
636  -28.185  -91.476  6.176 0.2000000030
638  -33.400  -91.087  6.442 0.2000000030
641  -35.432  -91.968  5.630 0.2000000030
643  -19.372  -91.968  5.713 0.8000000119
646  -27.547  -91.757  5.688 0.2000000030
649  -30.646  -92.318  4.988 0.3000000119
653  -34.899  -92.497  5.130 0.3000000119
655  -36.277  -91.236  5.132 0.3000000119
659  -28.751  -92.103  4.715 0.3000000119
667  -21.326  -91.427  3.775 0.8999999762
669  -22.737  -90.950  2.754 0.8999999762
670  -30.564  -92.862  3.615 0.6000000238
674  -24.679  -91.232  1.393 1.0000000000
677  -32.217  -91.632  1.513 0.8999999762
681  -28.564  -92.129  1.244 1.0000000000
721  -16.702  -89.565  20.305 0.6999999881
730  -17.190  -90.259  19.915 0.6999999881
732  -18.068  -90.960  20.165 0.4000000060
734  -19.970  -90.060  20.704 0.1000000015
740  -16.586  -90.107  19.064 0.8999999762
745  -16.635  -90.043  18.648 0.8999999762
746  -17.033  -90.676  19.094 0.8999999762
751  -16.614  -89.448  18.064 1.0000000000
764  -17.473  -89.427  17.799 1.0000000000
766  -19.007  -90.331  16.522 0.8999999762
770  -18.928  -89.932  16.511 1.0000000000
772  -19.144  -90.406  14.945 1.0000000000
775  -19.248  -90.136  15.034 1.0000000000
777  -20.262  -90.582  14.322 1.0000000000
778  -22.881  -90.127  13.590 1.0000000000
781  -20.616  -90.390  14.294 1.0000000000
783  -21.325  -90.651  13.899 1.0000000000
804  -24.742  -90.547  10.271 1.0000000000
829  -31.437  -90.367  7.056 0.1000000015
830  -32.482  -90.491  7.278 0.1000000015
833  -37.279  -90.316  7.418 0.1000000015
834  -21.928  -90.943  5.442 0.8999999762
839  -29.749  -90.732  6.223 0.2000000030
840  -31.036  -90.453  6.532 0.2000000030
844  -36.597  -90.752  6.138 0.2000000030
850  -31.659  -91.007  6.048 0.3000000119
856  -24.850  -89.784  3.725 1.0000000000
860  -34.945  -91.628  4.366 0.3000000119
873  -26.503  -90.692  1.678 1.0000000000
874  -27.916  -90.527  1.689 1.0000000000
877  -31.606  -91.708  2.223 0.8999999762
878  -32.135  -91.583  2.162 0.8999999762
887  -33.848  -91.059  1.314 0.8999999762
888  -33.924  -90.885  0.993 1.0000000000
920  -15.846  -88.839  23.494 0.6999999881
921  -16.286  -88.921  23.193 0.5000000000
929  -16.560  -89.029  22.242 0.6000000238
934  -15.881  -88.838  21.895 0.8000000119
935  -16.240  -89.284  20.809 0.8999999762
937  -17.132  -89.572  20.781 0.4000000060
942  -15.529  -89.057  19.916 1.0000000000
945  -18.583  -89.997  20.286 0.4000000060
957  -15.601  -89.099  18.511 1.0000000000
958  -16.167  -89.632  18.652 1.0000000000
964  -15.821  -89.165  17.996 1.0000000000
965  -16.006  -89.109  17.704 1.0000000000
971  -17.432  -89.082  17.566 1.0000000000
975  -18.115  -89.804  17.429 1.0000000000
979  -19.335  -89.985  15.261 1.0000000000
981  -21.113  -90.153  14.233 1.0000000000
996  -25.057  -90.160  12.002 1.0000000000
997  -25.620  -89.702  11.470 1.0000000000
1034  -33.790  -89.141  5.039 0.6999999881
1041  -32.413  -90.614  4.082 0.8000000119
1044  -36.476  -89.633  4.393 0.3000000119
1049  -32.323  -90.132  3.623 0.8000000119
1057  -34.170  -90.505  2.027 0.8999999762
1065  -34.781  -90.072  1.044 1.0000000000
1067  -27.167  -89.656  -1.568 1.0000000000
1071  -29.804  -90.193  -2.486 0.8999999762
1075  -27.900  -89.955  -2.611 0.8999999762
1077  -29.402  -89.885  -3.024 0.8999999762
1078  -30.370  -89.896  -2.829 0.8999999762
1080  -32.404  -89.018  -2.258 0.8000000119
1082  -30.827  -89.375  -2.860 0.6999999881
1106  -15.183  -88.011  26.093 0.5000000000
1114  -15.842  -88.563  24.877 0.5000000000
1120  -16.143  -88.680  24.447 0.4000000060
1121  -16.730  -88.351  24.273 0.3000000119
1131  -14.927  -88.264  22.823 0.6999999881
1133  -18.539  -88.349  21.843 0.2000000030
1137  -14.655  -88.006  22.004 1.0000000000
1145  -19.040  -89.138  20.519 0.3000000119
1146  -19.860  -89.225  20.688 0.1000000015
1152  -15.401  -88.648  17.978 1.0000000000
1153  -18.787  -88.388  18.257 1.0000000000
1158  -16.065  -88.697  17.454 1.0000000000
1159  -16.700  -88.607  17.466 1.0000000000
1166  -17.621  -88.838  17.323 1.0000000000
1167  -18.694  -89.026  17.070 1.0000000000
1168  -19.569  -89.122  16.892 1.0000000000
1173  -18.090  -89.069  17.389 1.0000000000
1175  -19.555  -89.497  16.485 1.0000000000
1176  -20.322  -89.344  15.591 1.0000000000
1178  -21.452  -88.697  15.114 1.0000000000
1181  -19.406  -89.830  16.086 1.0000000000
1182  -19.736  -89.751  15.393 1.0000000000
1185  -22.299  -88.659  14.775 1.0000000000
1189  -20.911  -89.685  14.481 1.0000000000
1214  -26.150  -89.164  11.045 1.0000000000
1232  -38.336  -88.586  8.032 0.1000000015
1237  -26.428  -88.220  6.397 1.0000000000
1240  -39.127  -88.353  5.688 0.2000000030
1241  -26.604  -88.405  4.997 1.0000000000
1252  -29.101  -88.021  4.082 1.0000000000
1255  -36.043  -89.271  4.271 0.5000000000
1262  -29.477  -88.440  3.339 1.0000000000
1267  -39.243  -87.975  3.276 0.3000000119
1275  -33.120  -89.256  0.868 1.0000000000
1277  -35.181  -89.597  1.387 1.0000000000
1279  -25.407  -89.040  -0.595 0.8999999762
1286  -25.949  -89.235  -1.166 0.8999999762
1287  -26.676  -89.418  -0.954 0.8999999762
1304  -27.382  -89.454  -2.430 1.0000000000
1306  -28.931  -89.475  -2.998 0.8999999762
1309  -34.327  -87.863  -2.822 0.8000000119
1312  -32.153  -88.480  -2.671 0.6000000238
1313  -33.833  -87.682  -3.123 0.6000000238
1355  -14.763  -87.842  25.791 0.5000000000
1356  -15.709  -88.124  25.763 0.3000000119
1357  -16.247  -87.794  25.598 0.1000000015
1363  -14.639  -87.900  24.998 0.6999999881
1369  -14.577  -87.922  23.515 0.6999999881
1375  -13.892  -86.725  22.583 1.0000000000
1385  -19.383  -87.986  21.695 0.1000000015
1391  -14.147  -87.567  19.882 1.0000000000
1396  -17.700  -87.238  18.980 1.0000000000
1397  -18.638  -87.325  19.135 1.0000000000
1404  -14.927  -87.841  17.986 1.0000000000
1406  -16.356  -87.668  17.936 1.0000000000
1408  -18.212  -87.809  18.596 1.0000000000
1409  -21.182  -87.738  18.398 1.0000000000
1414  -15.426  -88.425  17.794 1.0000000000
1415  -15.614  -88.346  17.633 1.0000000000
1418  -17.848  -88.416  17.980 1.0000000000
1419  -20.479  -88.451  17.967 1.0000000000
1421  -22.164  -87.847  17.098 1.0000000000
1428  -21.757  -88.285  16.568 1.0000000000
1434  -23.316  -87.533  15.327 1.0000000000
1441  -23.479  -88.035  14.676 1.0000000000
1455  -16.103  -85.793  11.193 0.6999999881
1457  -26.745  -87.927  11.412 1.0000000000
1465  -16.022  -85.698  10.727 0.6999999881
1466  -16.525  -85.837  10.506 0.6999999881
1469  -18.438  -86.336  9.497 0.8999999762
1478  -16.748  -85.966  9.874 0.8000000119
1479  -17.543  -86.221  9.499 0.8999999762
1480  -18.272  -86.389  9.271 0.8999999762
1481  -18.800  -86.483  9.158 0.8999999762
1483  -27.547  -86.778  9.438 1.0000000000
1491  -18.737  -86.514  8.994 0.8999999762
1506  -34.111  -87.638  5.345 0.6000000238
1513  -30.432  -87.096  4.338 1.0000000000
1515  -36.486  -88.001  4.452 0.4000000060
1518  -39.707  -88.123  3.887 0.2000000030
1525  -33.453  -87.608  4.283 0.8000000119
1527  -38.864  -87.517  3.099 0.2000000030
1530  -22.165  -87.575  1.968 0.8999999762
1531  -22.535  -87.752  2.099 1.0000000000
1548  -24.161  -88.385  0.016 0.8999999762
1551  -27.407  -88.279  0.757 1.0000000000
1554  -30.198  -87.393  0.311 1.0000000000
1567  -26.014  -88.797  -1.755 0.8999999762
1568  -26.805  -88.687  -2.140 1.0000000000
1573  -30.041  -87.863  -2.742 0.4000000060
1575  -30.340  -88.390  -2.902 0.6999999881
1623  -14.967  -87.040  28.114 0.3000000119
1634  -14.644  -87.117  27.178 0.5000000000
1635  -15.665  -87.255  27.042 0.2000000030
1651  -14.276  -87.287  25.157 0.6000000238
1655  -13.930  -86.480  23.478 0.8000000119
1662  -13.441  -86.025  21.763 1.0000000000
1663  -19.598  -86.787  22.859 0.1000000015
1669  -13.031  -85.870  20.233 1.0000000000
1680  -13.868  -86.367  18.993 1.0000000000
1681  -14.562  -86.360  18.793 1.0000000000
1683  -17.104  -86.647  19.347 1.0000000000
1685  -19.291  -86.822  19.630 1.0000000000
1687  -21.320  -86.679  19.606 1.0000000000
1696  -15.014  -87.010  18.156 1.0000000000
1700  -21.769  -87.131  18.858 1.0000000000
1701  -22.613  -86.730  18.446 1.0000000000
1716  -23.770  -86.706  16.325 1.0000000000
1723  -14.799  -86.053  14.287 0.6999999881
1729  -14.591  -86.057  14.161 0.6999999881
1737  -15.023  -85.931  13.771 0.6000000238
1738  -14.980  -86.022  13.760 0.6999999881
1741  -24.958  -86.929  14.592 1.0000000000
1752  -15.560  -85.788  12.791 0.6999999881
1753  -16.036  -85.994  12.353 0.6999999881
1754  -16.440  -85.772  12.001 0.6999999881
1757  -27.355  -85.995  11.980 1.0000000000
1764  -15.490  -85.505  11.415 0.6999999881
1765  -15.761  -85.681  11.556 0.6999999881
1766  -16.179  -85.824  11.575 0.8000000119
1767  -16.825  -85.875  11.137 0.8000000119
1770  -27.530  -86.338  11.081 1.0000000000
1775  -17.275  -86.145  10.367 0.8999999762
1776  -17.999  -86.255  10.112 0.8999999762
1796  -17.093  -85.873  8.992 0.8999999762
1797  -17.750  -86.193  8.874 0.8999999762
1798  -18.527  -86.352  8.807 0.8999999762
1799  -19.238  -86.297  8.709 1.0000000000
1800  -19.788  -86.138  8.397 1.0000000000
1811  -20.929  -86.918  6.477 1.0000000000
1812  -21.658  -86.666  6.586 1.0000000000
1813  -27.756  -87.086  6.922 1.0000000000
1815  -29.304  -86.016  6.324 1.0000000000
1820  -20.872  -86.915  5.360 1.0000000000
1824  -29.543  -86.373  5.546 1.0000000000
1826  -34.381  -86.825  5.293 0.8000000119
1836  -29.972  -86.767  4.959 1.0000000000
1838  -31.073  -86.173  4.120 1.0000000000
1844  -40.895  -87.101  3.399 0.2000000030
1855  -39.354  -86.777  2.988 0.3000000119
1858  -41.492  -86.509  3.300 0.2000000030
1867  -31.546  -86.774  2.795 1.0000000000
1870  -41.228  -86.044  2.894 0.2000000030
1875  -29.491  -86.528  1.579 1.0000000000
1877  -31.582  -86.542  2.303 1.0000000000
1879  -35.995  -87.084  1.422 1.0000000000
1882  -23.688  -87.581  0.143 0.6000000238
1887  -31.933  -86.848  0.811 1.0000000000
1888  -36.155  -86.595  0.531 0.8000000119
1890  -24.846  -87.595  -0.847 0.6999999881
1901  -35.557  -86.811  -3.133 0.6000000238
1908  -35.396  -85.984  -4.488 0.4000000060
1948  -15.095  -86.089  28.876 0.2000000030
1969  -14.077  -86.034  26.979 0.6000000238
1970  -14.532  -86.658  27.748 0.5000000000
1981  -13.946  -85.272  24.754 0.8000000119
1992  -13.775  -85.459  23.063 1.0000000000
1998  -18.505  -85.148  21.246 1.0000000000
2004  -12.934  -85.052  20.320 1.0000000000
2006  -14.564  -85.040  19.890 1.0000000000
2008  -17.062  -85.598  20.513 1.0000000000
2010  -19.860  -85.389  21.028 1.0000000000
2012  -21.276  -85.520  20.648 1.0000000000
2020  -14.030  -85.635  19.363 1.0000000000
2024  -21.812  -86.064  20.102 1.0000000000
2025  -22.640  -85.696  19.676 1.0000000000
2040  -23.926  -85.697  17.620 1.0000000000
2048  -15.736  -85.232  15.645 0.6999999881
2059  -14.206  -85.905  15.297 0.6999999881
2060  -14.817  -85.852  15.094 0.6999999881
2062  -17.211  -84.625  15.206 1.0000000000
2073  -13.993  -85.545  14.533 0.6000000238
2074  -14.293  -85.982  14.671 0.6999999881
2075  -15.696  -85.690  14.624 0.6999999881
2077  -24.995  -86.066  15.140 1.0000000000
2091  -26.429  -85.096  13.551 1.0000000000
2096  -17.106  -85.415  12.670 0.8999999762
2097  -18.067  -84.813  12.436 0.8999999762
2098  -18.835  -84.527  11.831 0.8999999762
2100  -26.727  -85.403  13.096 1.0000000000
2108  -15.197  -85.345  11.865 0.6000000238
2119  -14.479  -84.445  10.871 0.5000000000
2120  -14.850  -84.830  10.604 0.5000000000
2134  -16.539  -85.668  9.116 0.6999999881
2143  -15.070  -84.722  9.055 0.5000000000
2146  -17.398  -85.844  8.534 0.8999999762
2147  -20.271  -86.122  8.250 1.0000000000
2148  -20.874  -86.036  7.978 1.0000000000
2152  -16.063  -84.941  7.918 0.6000000238
2153  -16.878  -85.325  7.847 0.5000000000
2159  -29.225  -84.893  7.310 1.0000000000
2161  -39.433  -85.406  7.264 0.2000000030
2169  -20.128  -85.379  6.856 0.6999999881
2170  -22.237  -86.441  6.243 1.0000000000
2174  -39.977  -86.166  6.694 0.2000000030
2175  -41.127  -86.206  6.693 0.2000000030
2179  -20.811  -86.527  5.303 0.8999999762
2180  -22.205  -86.835  5.680 1.0000000000
2184  -30.388  -85.822  5.070 1.0000000000
2185  -34.866  -85.917  5.322 0.8000000119
2188  -37.110  -85.086  5.530 0.6999999881
2192  -20.886  -86.455  4.247 0.8000000119
2198  -34.769  -85.661  4.801 0.8000000119
2202  -39.449  -85.056  4.295 0.5000000000
2204  -42.541  -85.765  4.317 0.2000000030
2215  -35.394  -85.104  4.269 0.8999999762
2219  -42.721  -85.331  3.345 0.3000000119
2228  -31.262  -86.212  3.024 1.0000000000
2231  -42.905  -84.877  2.950 0.2000000030
2232  -22.044  -86.705  1.636 0.8999999762
2246  -33.637  -85.346  -1.242 0.1000000015
2247  -34.114  -85.237  -1.239 0.1000000015
2255  -33.941  -85.483  -1.944 0.1000000015
2270  -34.531  -85.785  -3.955 0.4000000060
2273  -37.048  -85.394  -4.471 0.5000000000
2276  -35.609  -85.680  -4.627 0.4000000060
2278  -37.286  -84.982  -4.737 0.4000000060
2314  -14.798  -84.317  29.524 0.1000000015
2330  -14.023  -84.839  27.921 0.5000000000
2331  -14.763  -85.827  28.880 0.3000000119
2332  -15.558  -85.666  28.786 0.1000000015
2355  -13.811  -84.146  23.524 0.8999999762
2360  -13.469  -84.427  21.690 1.0000000000
2368  -14.589  -84.237  21.160 1.0000000000
2370  -17.121  -84.641  21.654 1.0000000000
2380  -13.203  -84.462  20.670 1.0000000000
2384  -20.701  -85.093  21.201 1.0000000000
2396  -23.446  -84.485  19.358 1.0000000000
2413  -13.950  -84.469  17.149 0.8999999762
2416  -16.939  -83.960  16.770 1.0000000000
2431  -16.346  -84.563  16.298 0.8000000119
2432  -17.122  -84.258  16.025 1.0000000000
2446  -17.990  -84.081  14.861 1.0000000000
2447  -25.019  -84.801  15.721 1.0000000000
2460  -18.189  -84.192  14.024 1.0000000000
2461  -25.301  -85.315  15.133 1.0000000000
2476  -14.449  -84.689  13.137 0.3000000119
2478  -18.815  -83.728  13.723 1.0000000000
2479  -26.156  -84.739  14.008 1.0000000000
2503  -20.057  -84.079  10.871 1.0000000000
2504  -27.942  -84.173  11.569 1.0000000000
2514  -19.548  -84.901  10.441 0.8999999762
2529  -28.193  -84.868  10.237 1.0000000000
2536  -21.331  -85.210  8.465 1.0000000000
2557  -43.675  -84.561  7.413 0.2000000030
2561  -16.290  -84.181  5.924 0.3000000119
2583  -36.048  -84.668  5.377 0.6999999881
2584  -37.341  -84.304  5.397 0.6999999881
2585  -38.094  -83.940  5.239 0.6000000238
2590  -21.430  -85.349  4.356 0.6999999881
2596  -30.272  -84.993  4.503 1.0000000000
2597  -35.868  -84.489  4.841 0.8000000119
2599  -38.773  -84.423  4.928 0.6000000238
2612  -41.789  -83.947  3.598 0.3000000119
2615  -44.443  -83.863  3.438 0.2000000030
2622  -37.538  -84.006  2.889 0.6000000238
2633  -38.420  -84.485  1.099 0.6999999881
2635  -40.358  -83.868  1.518 0.6999999881
2646  -40.375  -84.278  0.570 0.5000000000
2650  -28.848  -83.949  -0.495 0.3000000119
2659  -41.136  -84.499  -0.914 0.6000000238
2669  -39.585  -84.573  -2.402 0.5000000000
2670  -40.922  -84.482  -1.774 0.6000000238
2679  -33.483  -85.816  -2.755 0.5000000000
2682  -35.613  -85.048  -4.687 0.3000000119
2689  -37.805  -84.525  -4.639 0.4000000060
2690  -38.588  -84.019  -4.564 0.3000000119
2732  -13.431  -82.630  31.269 0.1000000015
2738  -12.779  -83.246  30.230 0.1000000015
2739  -13.692  -83.167  30.647 0.1000000015
2740  -14.450  -83.252  30.304 0.1000000015
2751  -12.898  -83.402  28.466 0.4000000060
2752  -13.551  -84.017  29.105 0.4000000060
2753  -15.153  -84.285  29.566 0.1000000015
2793  -13.945  -83.367  22.895 1.0000000000
2794  -14.246  -83.133  22.961 1.0000000000
2798  -18.053  -83.555  22.658 1.0000000000
2806  -14.251  -84.174  21.847 1.0000000000
2833  -14.277  -83.291  18.155 1.0000000000
2834  -15.795  -83.061  18.115 1.0000000000
2836  -17.151  -82.698  17.613 1.0000000000
2845  -12.396  -82.308  17.338 0.8000000119
2847  -14.600  -83.889  17.677 0.8999999762
2848  -15.651  -83.690  17.640 1.0000000000
2850  -17.443  -83.143  17.006 1.0000000000
2851  -18.015  -82.590  16.900 1.0000000000
2860  -12.436  -82.939  16.701 0.8000000119
2861  -13.079  -84.409  17.152 0.8000000119
2873  -18.414  -83.456  15.318 1.0000000000
2874  -18.724  -82.823  15.723 1.0000000000
2887  -12.873  -83.631  14.672 0.6000000238
2891  -19.907  -82.380  14.252 1.0000000000
2909  -26.272  -84.081  13.910 1.0000000000
2921  -20.312  -82.974  12.577 1.0000000000
2932  -20.554  -83.368  11.224 1.0000000000
2944  -21.581  -82.943  10.255 1.0000000000
2956  -22.287  -83.207  9.041 1.0000000000
2969  -23.148  -82.819  7.759 1.0000000000
2970  -28.433  -83.056  8.712 1.0000000000
2972  -40.540  -83.603  8.585 0.1000000015
2973  -43.198  -84.175  8.818 0.2000000030
2977  -12.472  -82.536  7.369 0.2000000030
2984  -19.550  -83.644  6.145 0.5000000000
2988  -24.976  -82.923  6.102 1.0000000000
2991  -14.052  -82.601  4.917 0.1000000015
2992  -15.055  -83.109  5.031 0.3000000119
2995  -17.721  -83.537  4.692 0.2000000030
2997  -19.827  -83.202  5.558 0.4000000060
3001  -27.022  -83.270  5.430 1.0000000000
3005  -36.750  -84.062  5.270 0.6999999881
3007  -38.113  -83.624  4.999 0.6000000238
3010  -15.606  -82.743  4.511 0.1000000015
3011  -16.536  -82.957  4.357 0.2000000030
3013  -18.717  -83.002  3.958 0.3000000119
3016  -27.306  -83.781  4.990 1.0000000000
3018  -29.007  -83.843  4.971 1.0000000000
3022  -38.541  -83.561  4.641 0.6000000238
3025  -41.297  -83.162  4.003 0.3000000119
3034  -38.154  -83.445  4.194 0.6000000238
3036  -41.173  -82.924  3.768 0.6000000238
3038  -42.362  -82.894  2.881 0.3000000119
3040  -45.447  -82.914  3.593 0.2000000030
3048  -39.968  -83.217  3.213 0.6999999881
3054  -45.108  -83.000  2.530 0.2000000030
3063  -41.733  -82.996  1.658 0.6999999881
3075  -28.975  -82.884  -0.578 0.2000000030
3078  -30.676  -83.861  -1.162 0.1000000015
3083  -30.190  -83.397  -1.175 0.2000000030
3099  -38.684  -83.640  -4.691 0.3000000119
3194  -12.794  -82.259  31.422 0.1000000015
3199  -11.704  -82.094  30.399 0.4000000060
3222  -12.348  -82.980  27.881 0.5000000000
3232  -12.071  -82.122  26.535 0.8000000119
3234  -13.452  -82.845  25.867 0.6999999881
3245  -12.950  -82.282  25.071 0.8999999762
3258  -13.380  -82.751  23.818 1.0000000000
3259  -13.416  -82.184  23.673 1.0000000000
3260  -16.119  -82.503  23.573 1.0000000000
3263  -19.096  -82.307  23.291 1.0000000000
3269  -14.463  -82.911  23.157 1.0000000000
3273  -18.535  -82.973  23.038 1.0000000000
3276  -20.912  -82.036  22.841 1.0000000000
3282  -22.614  -82.542  21.530 1.0000000000
3289  -23.420  -82.825  20.427 1.0000000000
3307  -12.426  -81.787  17.884 0.8000000119
3308  -12.696  -82.041  18.145 0.8000000119
3312  -16.058  -82.272  18.335 1.0000000000
3324  -17.568  -82.015  17.693 1.0000000000
3325  -18.644  -81.973  16.810 1.0000000000
3335  -19.018  -82.226  16.118 1.0000000000
3336  -19.624  -81.776  15.830 1.0000000000
3337  -25.175  -82.608  17.295 1.0000000000
3353  -11.797  -82.259  14.346 0.2000000030
3356  -14.945  -83.239  14.278 0.1000000015
3360  -26.405  -82.420  14.458 1.0000000000
3367  -20.406  -82.195  13.697 1.0000000000
3369  -21.969  -81.371  13.082 1.0000000000
3373  -15.067  -82.595  11.738 0.1000000015
3375  -21.521  -81.805  12.537 1.0000000000
3378  -14.139  -83.257  10.580 0.3000000119
3384  -22.010  -81.737  11.755 1.0000000000
3393  -14.127  -82.251  10.165 0.2000000030
3402  -28.153  -82.406  9.800 1.0000000000
3423  -12.101  -81.967  7.872 0.2000000030
3424  -13.415  -81.440  8.010 0.1000000015
3429  -27.708  -82.064  8.346 1.0000000000
3430  -28.118  -82.506  8.558 1.0000000000
3433  -11.955  -81.966  7.265 0.2000000030
3439  -26.283  -81.990  6.840 1.0000000000
3440  -27.113  -82.054  7.147 1.0000000000
3443  -12.373  -81.811  6.623 0.1000000015
3444  -12.809  -81.851  6.058 0.1000000015
3445  -20.528  -83.099  5.742 0.4000000060
3449  -27.558  -82.568  6.549 1.0000000000
3453  -13.535  -81.704  5.408 0.2000000030
3457  -21.160  -82.695  5.463 0.4000000060
3458  -21.996  -82.436  5.081 0.4000000060
3461  -27.956  -82.877  6.019 1.0000000000
3484  -24.102  -81.837  3.867 0.2000000030
3506  -42.089  -82.650  2.203 0.3000000119
3520  -45.494  -81.513  0.397 0.3000000119
3523  -29.436  -82.447  -0.526 0.2000000030
3527  -44.003  -81.938  -1.025 0.3000000119
3665  -12.454  -81.872  31.456 0.1000000015
3666  -13.069  -81.652  31.776 0.1000000015
3672  -12.037  -81.531  31.261 0.2000000030
3685  -10.439  -80.923  28.379 0.4000000060
3711  -10.725  -81.156  26.662 0.6000000238
3745  -17.618  -81.795  23.819 1.0000000000
3753  -14.174  -82.149  23.537 1.0000000000
3783  -17.180  -80.794  18.699 1.0000000000
3784  -17.888  -80.667  18.653 1.0000000000
3791  -12.218  -80.993  17.903 0.8999999762
3793  -12.966  -81.568  18.608 0.8000000119
3794  -14.551  -81.888  18.866 1.0000000000
3796  -16.461  -81.380  18.594 1.0000000000
3800  -19.805  -80.661  17.481 1.0000000000
3812  -19.232  -81.305  17.183 1.0000000000
3825  -11.482  -81.495  16.365 0.8000000119
3828  -20.315  -81.368  15.625 1.0000000000
3838  -20.993  -80.947  15.389 1.0000000000
3840  -26.113  -80.833  15.923 1.0000000000
3843  -11.062  -81.316  14.020 0.3000000119
3844  -11.313  -81.901  14.566 0.4000000060
3849  -21.271  -81.181  14.532 1.0000000000
3875  -27.556  -81.095  12.291 1.0000000000
3888  -25.104  -80.655  10.796 1.0000000000
3889  -27.623  -81.273  11.435 1.0000000000
3905  -12.775  -81.875  8.950 0.3000000119
3911  -27.469  -81.376  9.702 1.0000000000
3914  -12.582  -81.779  8.361 0.1000000015
3941  -13.962  -81.005  5.155 0.2000000030
3953  -21.462  -81.626  4.133 0.3000000119
3967  -24.324  -80.961  3.407 0.2000000030
3978  -26.572  -80.830  0.630 0.2000000030
3985  -27.395  -80.936  0.228 0.2000000030
3986  -28.083  -81.121  0.053 0.2000000030
3987  -28.543  -81.375  0.017 0.2000000030
4005  -45.531  -80.368  -0.589 0.3000000119
4023  -42.774  -81.001  -4.318 0.1000000015
4026  -40.031  -82.105  -4.753 0.1000000015
4027  -40.845  -82.142  -4.972 0.2000000030
4151  -10.750  -80.268  30.034 0.4000000060
4172  -10.237  -80.393  27.966 0.5000000000
4185  -10.642  -80.708  26.027 0.8000000119
4202  -10.805  -80.358  24.792 0.8000000119
4207  -15.894  -80.524  24.726 1.0000000000
4209  -18.355  -80.561  24.384 1.0000000000
4210  -19.041  -80.198  24.417 1.0000000000
4217  -13.125  -81.054  23.911 1.0000000000
4218  -13.550  -81.030  23.931 1.0000000000
4231  -22.837  -80.052  22.549 1.0000000000
4251  -16.950  -80.027  19.265 1.0000000000
4252  -18.090  -80.095  19.063 1.0000000000
4254  -19.513  -79.938  18.479 1.0000000000
4256  -25.199  -79.492  19.057 1.0000000000
4261  -11.946  -80.299  17.895 0.8999999762
4262  -12.409  -80.728  18.277 0.8999999762
4268  -25.610  -79.827  18.406 1.0000000000
4297  -21.657  -80.425  15.933 1.0000000000
4313  -26.011  -80.136  16.127 1.0000000000
4318  -10.808  -80.688  14.451 0.6000000238
4324  -22.736  -80.272  14.654 1.0000000000
4326  -24.212  -79.696  14.077 1.0000000000
4333  -11.912  -81.272  13.167 0.2000000030
4339  -23.496  -80.193  13.599 1.0000000000
4342  -27.146  -80.482  13.111 1.0000000000
4348  -11.023  -80.350  12.984 0.3000000119
4353  -23.702  -80.381  12.760 1.0000000000
4354  -24.711  -80.049  12.497 1.0000000000
4363  -25.995  -80.417  10.953 1.0000000000
4365  -27.364  -80.794  11.276 1.0000000000
4369  -26.680  -80.640  10.486 1.0000000000
4373  -26.720  -80.923  9.791 1.0000000000
4422  -23.297  -80.746  3.887 0.1000000015
4432  -23.746  -80.504  3.250 0.1000000015
4445  -22.850  -80.144  2.350 0.1000000015
4448  -25.137  -80.586  1.560 0.1000000015
4501  -43.863  -80.291  -2.883 0.1000000015
4502  -44.168  -80.273  -2.173 0.2000000030
4510  -41.327  -79.924  -3.538 0.1000000015
4512  -43.270  -80.222  -3.323 0.1000000015
4517  -42.210  -80.428  -4.140 0.1000000015
4663  -12.272  -80.413  30.698 0.2000000030
4674  -10.511  -79.468  29.310 0.4000000060
4688  -10.216  -79.513  28.465 0.4000000060
4728  -10.603  -79.697  24.885 0.8000000119
4731  -14.307  -79.952  24.945 1.0000000000
4734  -17.403  -79.832  24.908 1.0000000000
4737  -21.084  -79.047  24.342 1.0000000000
4753  -22.196  -80.054  23.236 1.0000000000
4760  -23.665  -79.345  21.435 1.0000000000
4767  -16.086  -78.895  19.599 1.0000000000
4776  -12.366  -79.537  18.250 1.0000000000
4777  -13.056  -79.607  18.587 1.0000000000
4780  -16.447  -79.408  19.493 1.0000000000
4785  -20.841  -78.984  18.611 1.0000000000
4793  -22.031  -78.956  17.845 1.0000000000
4802  -11.036  -79.599  17.043 0.8000000119
4809  -23.209  -78.877  16.932 1.0000000000
4821  -25.017  -78.735  16.181 1.0000000000
4822  -25.648  -79.026  16.734 1.0000000000
4834  -25.099  -79.060  15.343 1.0000000000
4836  -26.145  -79.781  14.920 1.0000000000
4848  -25.035  -79.357  14.454 1.0000000000
4849  -25.719  -79.353  14.720 1.0000000000
4850  -26.347  -79.677  14.259 1.0000000000
4853  -10.452  -79.565  13.535 0.3000000119
4859  -26.565  -79.801  13.484 1.0000000000
4861  -10.625  -79.438  12.832 0.2000000030
4862  -11.100  -79.646  12.697 0.1000000015
4935  -47.077  -79.350  5.068 0.1000000015
4936  -47.341  -79.580  4.697 0.1000000015
4980  -46.211  -78.882  2.081 0.1000000015
4981  -46.647  -79.279  2.361 0.1000000015
4983  -26.088  -79.249  0.903 0.1000000015
4984  -26.920  -79.271  0.771 0.1000000015
4985  -27.671  -79.239  0.728 0.2000000030
4986  -28.243  -79.519  1.245 0.1000000015
4992  -46.206  -79.140  1.111 0.2000000030
4993  -46.472  -79.421  1.752 0.2000000030
5005  -45.189  -79.301  -1.024 0.1000000015
5006  -45.590  -79.472  -0.488 0.2000000030
5171  -11.340  -79.040  29.542 0.2000000030
5172  -12.963  -79.122  29.358 0.2000000030
5187  -13.645  -78.353  29.319 0.1000000015
5200  -10.216  -77.532  27.679 0.6000000238
5222  -14.569  -78.544  25.452 1.0000000000
5224  -17.692  -78.442  25.388 1.0000000000
5235  -13.091  -78.460  24.703 1.0000000000
5236  -19.547  -78.813  24.888 1.0000000000
5265  -14.151  -78.507  19.196 1.0000000000
5271  -18.946  -77.761  19.885 1.0000000000
5274  -24.201  -78.513  20.270 1.0000000000
5279  -12.016  -78.839  17.837 0.8999999762
5283  -19.347  -78.497  19.481 1.0000000000
5284  -20.319  -78.509  19.213 1.0000000000
5293  -11.154  -78.182  17.442 0.8999999762
5295  -21.745  -78.637  18.474 1.0000000000
5297  -24.163  -78.063  18.255 1.0000000000
5299  -25.376  -78.697  17.870 1.0000000000
5307  -11.305  -79.097  17.531 0.8999999762
5315  -22.913  -78.695  17.635 1.0000000000
5328  -25.425  -78.700  17.316 1.0000000000
5331  -10.472  -78.928  15.184 0.4000000060
5356  -10.486  -78.991  12.296 0.2000000030
5451  -45.352  -78.478  1.847 0.1000000015
5454  -25.780  -78.499  1.418 0.1000000015
5478  -43.886  -78.589  -0.985 0.1000000015
5700  -10.518  -77.879  28.223 0.6000000238
5753  -11.496  -78.144  24.020 1.0000000000
5755  -19.891  -78.149  25.139 1.0000000000
5757  -21.091  -77.731  24.693 1.0000000000
5767  -11.159  -77.556  23.503 0.8999999762
5774  -22.826  -77.592  22.750 1.0000000000
5775  -23.217  -77.501  21.954 1.0000000000
5788  -16.849  -77.113  20.070 1.0000000000
5801  -12.729  -77.958  18.368 1.0000000000
5803  -14.290  -77.163  19.185 1.0000000000
5830  -10.625  -77.649  16.263 0.8000000119
5975  -25.018  -76.435  1.937 0.1000000015
6262  -10.713  -77.304  27.985 0.6000000238
6264  -14.401  -76.144  28.357 0.1000000015
6274  -14.320  -76.020  27.788 0.1000000015
6282  -9.782  -76.473  26.734 0.6999999881
6299  -17.594  -76.398  25.868 1.0000000000
6307  -9.360  -76.081  24.654 0.8999999762
6312  -21.444  -76.961  24.367 1.0000000000
6331  -9.920  -76.022  22.857 0.8999999762
6345  -22.456  -75.598  22.072 1.0000000000
6346  -23.312  -76.746  20.920 1.0000000000
6353  -17.269  -76.337  20.252 1.0000000000
6355  -19.403  -76.462  20.530 1.0000000000
6364  -12.395  -76.720  17.783 1.0000000000
6365  -12.819  -77.234  18.313 1.0000000000
6378  -11.119  -76.671  17.076 0.8999999762
6808  -14.107  -75.343  27.280 0.2000000030
6809  -14.477  -75.409  27.923 0.1000000015
6819  -11.095  -75.133  26.724 0.4000000060
6821  -13.531  -74.863  26.724 0.1000000015
6832  -9.615  -74.870  25.907 0.6999999881
6839  -20.283  -76.006  25.474 1.0000000000
6847  -9.061  -75.438  24.191 0.8999999762
6849  -14.584  -75.534  25.042 1.0000000000
6858  -9.379  -75.468  23.271 0.8999999762
6868  -9.836  -75.506  22.618 0.8999999762
6869  -10.002  -75.461  22.655 0.8999999762
6870  -10.650  -75.164  22.787 0.8999999762
6882  -10.166  -74.587  22.518 0.8999999762
6884  -19.668  -75.329  20.844 1.0000000000
6910  -13.635  -75.664  18.570 1.0000000000
6912  -15.356  -75.654  19.431 1.0000000000
6918  -11.945  -76.155  17.499 1.0000000000
7342  -14.200  -74.928  28.903 0.1000000015
7375  -12.374  -73.652  25.490 0.3000000119
7377  -15.941  -74.941  25.274 1.0000000000
7379  -19.320  -74.360  25.662 1.0000000000
7380  -20.117  -74.579  25.594 1.0000000000
7396  -20.860  -74.459  25.085 1.0000000000
7404  -12.491  -74.664  23.338 0.8999999762
7406  -15.084  -74.250  24.456 1.0000000000
7432  -11.034  -73.668  22.394 0.8999999762
7438  -22.094  -74.298  22.392 1.0000000000
7468  -13.099  -74.355  18.026 1.0000000000
7900  -13.884  -73.433  27.387 0.1000000015
7914  -13.280  -73.169  25.849 0.1000000015
7929  -11.636  -72.575  24.633 0.6000000238
7937  -21.442  -73.440  24.191 1.0000000000
7954  -21.798  -73.765  23.808 1.0000000000
7981  -10.083  -72.969  21.934 0.8999999762
7982  -10.125  -72.929  21.699 0.8999999762
7983  -10.483  -72.832  22.068 0.8999999762
7990  -22.419  -73.586  21.960 1.0000000000
8004  -11.259  -72.528  21.597 1.0000000000
8005  -17.531  -74.333  20.404 1.0000000000
8030  -14.152  -73.182  18.593 1.0000000000
8472  -12.466  -72.645  27.084 0.1000000015
8483  -13.326  -72.928  26.060 0.2000000030
8492  -12.143  -72.265  25.376 0.3000000119
8493  -12.851  -72.796  25.625 0.2000000030
8512  -20.594  -72.820  24.229 1.0000000000
8526  -8.940  -72.676  22.802 0.8999999762
8547  -9.497  -72.568  22.185 0.8999999762
8548  -15.260  -72.534  21.998 1.0000000000
8549  -16.046  -72.413  22.042 1.0000000000
8568  -9.548  -72.618  21.191 0.8999999762
8569  -12.687  -72.147  21.779 1.0000000000
8570  -13.643  -72.018  21.395 1.0000000000
8584  -9.216  -72.019  20.919 0.8999999762
8586  -10.329  -72.263  20.833 1.0000000000
8590  -18.263  -72.733  20.318 1.0000000000
8593  -22.148  -72.116  21.072 1.0000000000
8600  -16.599  -72.215  19.724 1.0000000000
8610  -9.901  -72.655  18.133 0.8999999762
8615  -14.523  -72.585  18.780 1.0000000000
8646  -9.807  -72.666  15.000 0.4000000060
8655  -9.935  -72.680  14.130 0.3000000119
9106  -9.552  -71.513  25.862 0.4000000060
9118  -10.707  -71.623  25.187 0.3000000119
9194  -15.612  -71.198  21.212 1.0000000000
9195  -22.807  -71.973  21.729 1.0000000000
9203  -9.335  -71.547  20.821 0.8999999762
9204  -10.003  -71.604  20.735 0.8999999762
9207  -12.254  -71.541  20.839 1.0000000000
9235  -12.085  -71.673  17.845 0.8999999762
9727  -15.009  -69.991  28.134 1.0000000000
9759  -14.025  -70.556  26.791 1.0000000000
9762  -16.153  -70.651  26.500 1.0000000000
9775  -8.960  -71.124  25.257 0.6000000238
9777  -14.438  -70.820  26.117 1.0000000000
9780  -17.863  -70.086  25.207 1.0000000000
9828  -15.740  -69.920  21.824 1.0000000000
9830  -17.382  -69.965  22.185 1.0000000000
9831  -18.402  -70.620  22.207 1.0000000000
9837  -8.781  -70.513  20.853 0.8999999762
9838  -12.842  -70.446  21.068 1.0000000000
9840  -14.430  -70.775  20.952 1.0000000000
9845  -9.190  -70.850  20.748 0.8999999762
9846  -9.808  -70.504  20.675 1.0000000000
9852  -22.027  -70.391  20.877 1.0000000000
9855  -16.568  -70.347  19.612 1.0000000000
9858  -19.255  -70.201  20.190 1.0000000000
9870  -12.309  -70.522  17.797 1.0000000000
9871  -13.123  -70.728  17.871 0.8999999762
10394  -14.777  -69.057  29.238 1.0000000000
10424  -14.374  -70.091  27.922 1.0000000000
10425  -16.060  -69.540  27.681 1.0000000000
10439  -8.100  -69.630  26.393 0.4000000060
10454  -13.124  -70.092  25.705 1.0000000000
10466  -18.735  -69.252  24.576 1.0000000000
10495  -13.292  -69.934  22.525 1.0000000000
10497  -15.729  -69.891  22.374 1.0000000000
10503  -22.193  -69.918  21.930 1.0000000000
10508  -10.903  -69.103  21.277 1.0000000000
10514  -22.293  -70.034  21.480 1.0000000000
10518  -9.551  -69.193  20.819 0.8999999762
10520  -11.226  -69.717  20.907 1.0000000000
10523  -20.890  -69.015  20.534 1.0000000000
10524  -21.456  -69.067  20.891 1.0000000000
10585  -9.551  -69.366  15.855 0.5000000000
11105  -13.867  -69.145  28.914 1.0000000000
11106  -15.558  -68.830  29.295 1.0000000000
11117  -12.569  -68.672  27.945 1.0000000000
11125  -7.723  -68.090  26.182 0.3000000119
11154  -7.809  -68.575  24.643 0.6999999881
11156  -11.887  -68.842  24.539 1.0000000000
11167  -8.003  -68.714  22.782 0.8000000119
11175  -8.393  -68.368  21.906 0.6999999881
11177  -10.928  -68.280  22.454 1.0000000000
11180  -21.402  -68.817  21.833 1.0000000000
11183  -8.818  -68.249  21.535 0.6999999881
11188  -21.340  -68.539  21.290 1.0000000000
11192  -19.848  -68.340  20.253 1.0000000000
11788  -13.965  -67.721  29.714 1.0000000000
11789  -14.786  -67.816  29.948 1.0000000000
11790  -15.557  -67.701  30.006 1.0000000000
11799  -8.028  -67.526  28.011 0.1000000015
11801  -13.208  -67.456  29.264 1.0000000000
11832  -7.577  -67.409  25.742 0.5000000000
11849  -7.442  -67.298  24.845 0.5000000000
11851  -16.670  -67.125  25.104 1.0000000000
11867  -8.318  -66.999  22.594 0.8000000119
11869  -9.227  -67.267  22.019 0.8000000119
11880  -20.039  -67.746  20.409 1.0000000000
11881  -20.618  -67.859  20.703 1.0000000000
11890  -10.535  -67.186  19.112 0.8999999762
11899  -10.013  -67.778  19.126 0.8000000119
12479  -7.770  -66.085  27.097 0.3000000119
12481  -16.328  -66.380  26.749 1.0000000000
12483  -17.405  -66.869  28.128 1.0000000000
12493  -11.371  -66.854  26.286 1.0000000000
12502  -15.836  -65.554  25.397 1.0000000000
12518  -10.358  -67.012  23.712 1.0000000000
12520  -16.909  -65.725  23.656 1.0000000000
12525  -8.597  -66.546  22.961 0.8999999762
12534  -19.542  -66.716  21.103 1.0000000000
12555  -16.377  -66.144  19.084 1.0000000000
12565  -10.196  -66.234  18.812 0.8999999762
12566  -12.637  -67.023  18.747 1.0000000000
12598  -11.570  -66.044  14.576 0.1000000015
13191  -11.016  -65.722  25.642 0.8999999762
13208  -9.458  -65.701  23.828 0.8999999762
13211  -16.865  -65.201  23.408 1.0000000000
13227  -17.620  -65.085  21.283 1.0000000000
13270  -11.078  -65.034  16.450 0.1000000015
13277  -11.445  -65.254  15.610 0.1000000015
13833  -13.284  -64.477  28.595 0.8999999762
13854  -7.458  -64.467  25.993 0.5000000000
13856  -11.508  -64.662  26.858 0.8999999762
13868  -10.951  -64.178  25.818 0.8999999762
13869  -15.530  -64.266  25.163 1.0000000000
13884  -8.061  -64.115  24.006 0.8999999762
13895  -7.824  -64.906  23.823 0.8999999762
13896  -8.512  -64.660  23.816 0.8999999762
13902  -16.169  -63.651  22.795 1.0000000000
14494  -16.534  -63.917  28.990 1.0000000000
14503  -15.102  -63.416  28.698 1.0000000000
14522  -7.813  -63.876  26.304 0.4000000060
14526  -15.666  -63.877  25.679 1.0000000000
14537  -7.594  -63.820  25.510 0.6000000238
14556  -7.777  -63.866  24.618 0.8999999762
14561  -15.518  -63.847  24.400 1.0000000000
14568  -24.589  -63.470  24.171 1.0000000000
14576  -15.116  -62.659  22.935 1.0000000000
15251  -8.093  -61.807  28.688 0.1000000015
15272  -11.748  -62.415  26.831 0.8999999762
15282  -15.454  -62.756  23.995 1.0000000000
15293  -9.092  -62.596  24.658 0.8999999762
15294  -9.545  -62.455  24.904 0.8999999762
15335  -9.978  -62.481  21.563 0.8999999762
16002  -8.378  -60.915  26.581 0.5000000000
16003  -12.830  -61.531  27.438 0.8999999762
16016  -11.573  -61.039  26.645 0.8999999762
16061  -21.078  -61.988  21.989 1.0000000000
16078  -28.689  -61.420  21.683 1.0000000000
16771  -8.388  -60.547  29.143 0.1000000015
16797  -8.305  -59.549  27.453 0.4000000060
16817  -8.760  -60.235  25.884 0.6999999881
16824  -15.055  -61.450  23.112 1.0000000000
16841  -18.419  -61.069  22.786 1.0000000000
16875  -10.454  -60.818  20.131 0.3000000119
16891  -11.341  -60.699  19.517 0.3000000119
17580  -9.855  -59.484  29.132 0.1000000015
17598  -8.433  -58.950  28.044 0.1000000015
17600  -9.734  -58.630  28.550 0.1000000015
17626  -8.474  -58.976  26.840 0.4000000060
17629  -13.604  -59.843  27.444 0.8999999762
17647  -14.906  -60.702  23.066 1.0000000000
17695  -21.204  -58.947  20.590 1.0000000000
18396  -8.637  -58.336  27.558 0.3000000119
18398  -14.695  -58.926  27.521 1.0000000000
18417  -8.776  -58.655  26.485 0.6999999881
18418  -9.003  -57.961  26.546 0.6999999881
18423  -17.144  -58.000  27.166 1.0000000000
18427  -24.242  -58.395  26.294 0.4000000060
18434  -9.169  -58.390  26.177 0.6999999881
18453  -10.820  -58.049  23.127 0.4000000060
18454  -11.621  -58.385  23.394 0.6000000238
18467  -10.330  -59.139  21.785 0.5000000000
18469  -16.892  -58.214  22.988 0.8999999762
18488  -11.220  -58.362  21.133 0.3000000119
19202  -9.617  -57.369  27.328 0.3000000119
19217  -10.570  -56.935  27.706 0.1000000015
19234  -9.987  -56.841  26.112 0.6999999881
19246  -10.288  -56.946  25.891 0.6999999881
19252  -16.107  -56.838  25.750 1.0000000000
19272  -10.695  -57.248  23.102 0.4000000060
19287  -17.867  -57.456  22.341 1.0000000000
19291  -24.678  -56.978  22.046 0.6999999881
19300  -10.669  -57.695  21.742 0.3000000119
20055  -10.882  -56.351  26.928 0.3000000119
20056  -11.967  -55.751  27.118 0.3000000119
20075  -11.012  -56.018  26.129 0.6999999881
20083  -11.111  -56.324  25.884 0.6999999881
20085  -12.860  -55.827  25.490 0.8000000119
20087  -14.574  -55.688  25.165 0.8000000119
20105  -10.881  -56.492  23.316 0.3000000119
20118  -10.600  -56.328  22.519 0.2000000030
20124  -21.841  -55.817  22.701 0.6999999881
20902  -11.686  -55.645  26.249 0.6000000238
20926  -12.813  -54.991  25.871 0.6999999881
20959  -19.018  -54.867  23.444 0.6999999881
20962  -22.301  -54.892  22.946 0.6999999881
20967  -10.780  -55.812  22.646 0.1000000015
20969  -14.740  -55.202  23.073 0.6999999881
21719  -16.900  -54.315  27.070 0.5000000000
21738  -15.011  -54.172  25.676 0.6000000238
21754  -13.958  -54.698  25.472 0.6999999881
21771  -20.275  -54.478  23.833 0.6000000238
21781  -20.786  -54.569  23.112 0.6999999881
21792  -17.260  -55.249  22.109 0.6999999881
23957  -13.200  -51.501  21.076 0.1000000015
24011  -25.213  -51.538  17.914 0.8999999762
24731  -14.557  -50.268  20.259 0.2000000030
28147  -30.520  -46.557  20.179 0.1000000015
110477  -30.295  -83.105  -0.561 0.1000000015
110640  -33.004  -87.842  -3.005 0.6000000238
110845  -26.385  -80.067  11.707 1.0000000000
110846  -17.687  -63.261  28.787 1.0000000000
111309  -34.163  -85.800  -3.667 0.4000000060
111422  -45.092  -83.330  5.145 0.2000000030
111533  -25.815  -80.150  17.785 1.0000000000
111551  -12.268  -82.881  27.188 0.6000000238
111566  -22.381  -95.688  14.003 0.1000000015
112047  -18.072  -77.204  25.703 1.0000000000
112080  -22.631  -87.440  17.131 1.0000000000
112174  -13.830  -83.803  24.843 1.0000000000
112321  -20.549  -82.987  11.904 1.0000000000
112475  -19.498  -80.423  18.075 1.0000000000
112714  -15.252  -85.716  13.068 0.6000000238
112793  -12.921  -83.065  8.279 0.3000000119
112817  -26.005  -89.015  8.598 1.0000000000
112825  -18.680  -68.158  24.752 1.0000000000
112991  -13.996  -86.684  24.450 0.6999999881
113094  -8.423  -63.610  27.060 0.4000000060
113095  -34.773  -88.329  -0.795 1.0000000000
113155  -12.987  -84.715  16.602 0.6999999881
113238  -19.000  -75.804  26.086 1.0000000000
113308  -22.016  -82.845  9.704 1.0000000000
113489  -9.984  -76.706  11.927 0.1000000015
113604  -9.523  -71.152  16.850 0.6000000238
113757  -23.928  -95.508  7.638 0.2000000030
113778  -27.744  -81.778  11.745 1.0000000000
113791  -44.350  -83.463  9.246 0.1000000015
113793  -26.928  -80.890  13.886 1.0000000000
113917  -10.177  -78.814  27.932 0.5000000000
114015  -31.992  -85.190  -1.801 0.1000000015
114047  -14.751  -81.851  23.858 1.0000000000
114096  -14.655  -85.018  12.435 0.5000000000
114203  -12.560  -66.206  28.515 1.0000000000
114347  -18.876  -77.105  25.634 1.0000000000
114479  -12.068  -60.708  18.655 0.1000000015
114816  -10.220  -65.085  19.596 0.8999999762
114821  -8.993  -73.738  22.778 0.8999999762
114983  -12.066  -82.630  15.825 0.6000000238
115006  -22.839  -82.473  8.930 1.0000000000
115239  -19.629  -91.930  17.398 0.3000000119
115405  -33.519  -90.838  8.047 0.1000000015
115409  -13.139  -68.761  28.646 1.0000000000
115423  -12.245  -64.953  27.812 0.8999999762
115564  -12.885  -82.761  8.836 0.5000000000
115577  -13.666  -79.070  18.814 1.0000000000
115627  -23.643  -82.990  19.923 1.0000000000
116014  -13.235  -82.582  9.355 0.4000000060
116131  -22.759  -90.905  5.843 1.0000000000
116242  -11.707  -56.632  25.695 0.8000000119
116277  -10.545  -58.547  25.864 0.8999999762
116367  -19.928  -67.221  22.655 1.0000000000
116424  -34.142  -86.569  -3.505 0.5000000000
116467  -40.115  -84.661  -1.479 0.6000000238
116634  -23.566  -92.016  2.229 0.8000000119
116748  -35.042  -86.438  3.127 0.8999999762
116790  -9.829  -63.953  24.681 0.8999999762
116891  -29.186  -90.077  1.713 1.0000000000
116914  -46.561  -79.293  4.553 0.1000000015
117042  -13.680  -55.510  28.083 0.1000000015
117199  -18.104  -77.930  25.476 1.0000000000
117271  -27.134  -80.315  11.796 1.0000000000
117353  -24.526  -95.709  8.142 0.1000000015
117362  -11.087  -71.128  18.076 1.0000000000
117428  -7.449  -67.170  23.887 0.6000000238
117638  -19.226  -93.844  13.844 0.4000000060
117903  -16.653  -66.072  24.381 1.0000000000
117911  -40.360  -83.085  3.913 0.6000000238
117919  -23.388  -79.127  16.200 1.0000000000
118004  -22.959  -76.190  21.447 1.0000000000
118154  -9.734  -58.343  25.875 0.8000000119
118211  -16.430  -89.805  19.478 1.0000000000
118281  -21.932  -72.191  23.230 1.0000000000
118295  -27.431  -93.435  1.811 0.8000000119
118647  -35.186  -87.418  -1.895 0.8000000119
118651  -16.048  -78.038  25.726 1.0000000000
118797  -36.940  -85.322  -2.731 0.6000000238
118941  -16.331  -89.014  21.692 0.8999999762
119187  -10.641  -58.338  28.735 0.1000000015
119228  -10.325  -70.961  20.676 1.0000000000
119258  -23.667  -91.096  9.852 0.8999999762
119331  -20.297  -90.156  21.191 0.1000000015
119347  -20.600  -89.415  14.738 1.0000000000
119358  -15.675  -74.444  24.859 1.0000000000
119375  -30.881  -83.871  -0.952 0.1000000015
119522  -16.681  -71.012  19.723 1.0000000000
119634  -20.729  -86.542  6.836 1.0000000000
119686  -20.804  -89.038  15.098 1.0000000000
119728  -10.930  -76.926  23.245 0.8999999762
119733  -22.537  -89.164  14.445 1.0000000000
119740  -11.077  -67.340  24.955 1.0000000000
119861  -23.212  -90.577  3.034 1.0000000000
119877  -24.289  -76.743  1.837 0.1000000015
120022  -14.399  -71.826  21.121 1.0000000000
120047  -11.271  -72.079  24.315 0.8000000119
120097  -11.216  -64.604  26.318 0.8999999762
120254  -35.058  -86.371  -4.134 0.4000000060
120424  -19.506  -79.544  24.559 1.0000000000
120493  -29.460  -85.665  2.607 1.0000000000
120689  -14.773  -58.202  23.520 0.8999999762
120725  -11.114  -80.238  30.394 0.2000000030
120901  -21.963  -77.104  23.789 1.0000000000
120904  -41.873  -86.100  6.800 0.2000000030
121204  -17.162  -90.161  18.425 0.8999999762
121295  -45.723  -82.555  2.927 0.2000000030
121322  -8.578  -60.747  25.915 0.5000000000
121399  -8.815  -66.671  28.314 0.1000000015
121709  -21.881  -95.666  15.267 0.1000000015
121809  -20.028  -89.021  17.203 1.0000000000
121905  -47.125  -81.088  3.745 0.1000000015
122264  -14.828  -83.101  23.131 1.0000000000
122277  -15.934  -72.658  19.466 1.0000000000
122391  -34.688  -89.003  2.181 0.8999999762
122695  -10.906  -59.003  21.142 0.3000000119
122721  -25.820  -95.656  9.181 0.1000000015
122773  -21.468  -81.583  22.861 1.0000000000
122836  -43.027  -82.957  2.270 0.3000000119
122965  -11.474  -75.178  17.222 1.0000000000
122984  -13.634  -79.642  24.647 1.0000000000
123047  -15.114  -68.765  18.221 1.0000000000
123141  -7.457  -65.847  26.209 0.4000000060
123282  -14.306  -84.231  29.379 0.1000000015
123320  -29.204  -84.334  4.436 1.0000000000
123451  -28.389  -82.915  8.143 1.0000000000
123518  -13.694  -81.802  18.840 1.0000000000
123677  -18.582  -93.429  11.997 1.0000000000
123789  -23.473  -78.703  21.702 1.0000000000
123948  -24.567  -90.268  7.868 1.0000000000
124032  -43.860  -84.501  4.894 0.2000000030
124040  -19.591  -95.323  13.025 0.2000000030
124094  -23.828  -95.049  6.043 0.2000000030
124144  -12.073  -68.872  26.017 1.0000000000
124169  -24.130  -80.819  20.614 1.0000000000
124197  -19.405  -91.959  7.714 0.8999999762
124462  -15.467  -84.209  21.752 1.0000000000
124468  -32.844  -90.954  4.307 0.6000000238
124496  -15.503  -63.244  22.539 1.0000000000
124643  -27.197  -90.381  1.925 1.0000000000
124689  -11.917  -63.044  21.107 1.0000000000
124702  -25.146  -89.769  7.882 1.0000000000
124722  -10.939  -78.418  29.031 0.3000000119
124959  -21.585  -83.554  21.737 1.0000000000
125030  -36.477  -84.021  4.364 0.8000000119
125043  -10.368  -79.349  14.201 0.3000000119
125091  -17.177  -78.499  19.751 1.0000000000
125097  -17.388  -69.395  26.299 1.0000000000
125191  -26.446  -92.322  5.302 0.2000000030
125286  -21.840  -89.207  14.567 1.0000000000
125297  -16.433  -78.332  19.695 1.0000000000
125313  -10.991  -55.573  23.161 0.3000000119
125369  -18.473  -72.557  23.532 1.0000000000
125517  -14.214  -81.297  18.870 1.0000000000
125533  -23.761  -82.218  7.768 1.0000000000
125589  -39.817  -87.729  3.151 0.2000000030
125651  -16.236  -89.028  17.604 1.0000000000
125745  -16.676  -89.874  18.431 1.0000000000
125866  -21.214  -95.822  14.240 0.1000000015
126160  -11.701  -67.064  26.940 1.0000000000
126242  -10.573  -65.306  25.218 0.8999999762
126280  -13.989  -83.083  9.853 0.4000000060
126399  -32.681  -90.444  6.908 0.2000000030
126678  -18.398  -67.796  19.692 1.0000000000
126691  -23.008  -92.197  2.678 0.8000000119
126718  -25.022  -84.227  16.080 1.0000000000
126725  -19.236  -89.988  15.850 1.0000000000
126819  -23.598  -77.241  20.471 1.0000000000
126920  -14.409  -74.262  27.716 0.1000000015
127089  -8.601  -69.677  20.906 0.8000000119
127226  -21.102  -82.556  22.472 1.0000000000
127232  -15.169  -83.860  22.225 1.0000000000
127358  -16.568  -70.257  26.684 1.0000000000
127368  -8.800  -73.004  22.946 0.8999999762
127477  -9.641  -71.012  18.188 0.8999999762
127572  -24.749  -87.517  14.378 1.0000000000
127775  -11.897  -72.327  21.906 1.0000000000
127973  -12.583  -82.500  17.864 0.8000000119
127977  -16.979  -74.417  20.127 1.0000000000
128063  -33.943  -87.104  3.840 0.8999999762
128186  -11.559  -80.659  12.970 0.1000000015
128247  -23.047  -91.222  9.384 1.0000000000
128261  -11.665  -79.932  12.952 0.1000000015
128302  -10.944  -70.848  20.695 1.0000000000
128531  -10.095  -77.675  24.764 0.8000000119
128663  -14.091  -69.496  17.964 0.8999999762
128695  -10.133  -78.496  26.279 0.6999999881
128785  -16.262  -60.970  28.077 1.0000000000
128797  -13.964  -54.518  26.404 0.6000000238
128890  -18.372  -57.236  22.118 1.0000000000
129007  -15.188  -83.521  22.659 1.0000000000
129399  -41.212  -84.781  3.554 0.4000000060
129570  -14.797  -79.806  19.156 1.0000000000
129633  -18.590  -85.997  9.945 0.8999999762
129739  -18.432  -94.030  12.145 0.6999999881
129768  -23.172  -95.322  14.957 0.1000000015
129821  -16.419  -67.804  18.853 1.0000000000
129827  -13.801  -70.977  18.130 1.0000000000
130011  -13.276  -83.459  30.330 0.1000000015
130259  -14.611  -70.603  24.492 1.0000000000
130260  -19.137  -90.752  16.501 0.8999999762
130464  -14.585  -60.916  22.915 1.0000000000
130493  -42.974  -82.331  -3.593 0.3000000119
130509  -14.336  -84.267  9.400 0.5000000000
130570  -12.648  -73.302  17.917 1.0000000000
130673  -19.430  -86.329  9.102 1.0000000000
130681  -23.339  -95.162  16.270 0.1000000015
130825  -8.920  -69.211  20.826 0.8999999762
130861  -13.683  -64.052  28.594 1.0000000000
130895  -16.064  -65.926  29.814 1.0000000000
131025  -9.662  -72.844  17.966 0.8000000119
131291  -22.808  -71.113  21.742 1.0000000000
131297  -21.095  -84.072  5.885 0.6000000238
131383  -28.812  -84.383  8.168 1.0000000000
131398  -17.201  -54.627  21.975 0.6999999881
131400  -10.850  -79.864  12.899 0.3000000119
131421  -15.295  -88.525  22.231 0.8999999762
131451  -22.662  -83.513  7.826 1.0000000000
131462  -18.971  -92.422  7.457 0.6999999881
131537  -25.714  -81.385  8.644 1.0000000000
131577  -23.427  -95.358  7.781 0.2000000030
131663  -28.975  -84.636  7.763 1.0000000000
131900  -19.709  -90.113  14.682 1.0000000000
131907  -21.103  -83.550  10.168 1.0000000000
132047  -18.774  -54.041  24.195 0.6999999881
132064  -19.219  -62.201  22.891 1.0000000000
132104  -24.623  -88.035  1.775 1.0000000000
132141  -20.130  -89.899  14.577 1.0000000000
132497  -19.378  -89.098  17.356 1.0000000000
132529  -10.390  -58.999  22.222 0.5000000000
132550  -36.573  -85.521  -4.624 0.6000000238
132712  -19.073  -94.127  13.517 0.4000000060
132781  -18.378  -92.790  19.213 0.1000000015
132832  -43.784  -82.596  0.444 0.3000000119
132933  -9.908  -67.976  15.711 0.3000000119
132994  -17.110  -81.389  18.424 1.0000000000
133133  -21.073  -91.292  4.332 0.8999999762
133140  -19.261  -93.615  7.235 0.5000000000
133147  -33.982  -91.013  4.426 0.4000000060
133188  -8.457  -59.469  26.737 0.5000000000
133264  -20.578  -86.407  6.876 1.0000000000
133272  -18.161  -90.244  17.859 0.8999999762
133290  -30.107  -92.111  1.533 0.8999999762
133294  -42.513  -84.062  8.817 0.2000000030
133628  -19.390  -74.912  20.839 1.0000000000
133653  -18.449  -93.561  9.922 0.8000000119
133779  -23.299  -80.183  2.557 0.1000000015
