#!ascii label  , from subject sub-v1s6x0051368_ses-1 vox2ras=TkReg
3005
38843  22.134  -40.956  82.130 0.5555559993
114057  21.512  -42.869  79.856 0.4444440007
36930  21.986  -42.670  80.938 0.4444440007
36056  22.121  -42.979  80.324 0.4444440007
37866  21.136  -41.966  81.498 0.5555559993
37852  22.086  -42.117  81.682 0.4444440007
113782  22.438  -41.760  81.802 0.5555559993
38857  21.782  -41.528  82.015 0.5555559993
38844  21.403  -40.813  82.345 0.5555559993
36951  21.525  -43.073  79.129 0.4444440007
38858  21.183  -41.337  82.121 0.5555559993
115301  20.945  -42.231  80.872 0.4444440007
37854  21.044  -41.605  81.877 0.5555559993
40924  21.752  -39.871  82.442 0.4444440007
41933  21.629  -39.442  82.432 0.4444440007
40923  22.179  -40.336  82.187 0.4444440007
40925  21.188  -39.502  82.700 0.4444440007
39889  21.513  -40.166  82.527 0.5555559993
36929  22.385  -42.554  81.219 0.4444440007
37867  20.519  -41.788  81.181 0.4444440007
38872  20.628  -41.497  81.733 0.5555559993
38859  20.714  -41.142  82.147 0.5555559993
38845  20.866  -40.668  82.516 0.5555559993
37880  19.410  -41.754  79.945 0.4444440007
133734  20.078  -41.630  80.930 0.4444440007
37900  19.040  -41.906  78.218 0.2222220004
37908  18.826  -41.958  77.416 0.1111110002
125161  21.515  -38.985  82.384 0.3333329856
42987  20.986  -38.467  82.569 0.3333329856
41934  21.099  -38.847  82.622 0.4444440007
40943  22.596  -40.397  81.836 0.4444440007
36941  23.423  -43.228  80.376 0.4444440007
36918  23.450  -42.619  81.130 0.4444440007
38856  22.800  -41.347  81.775 0.4444440007
36055  22.780  -43.291  80.100 0.4444440007
36928  23.088  -42.840  80.968 0.4444440007
38860  20.104  -40.974  82.067 0.5555559993
37891  19.230  -41.911  79.083 0.4444440007
38884  19.581  -41.488  80.722 0.4444440007
135448  24.560  -43.536  79.486 0.4444440007
36053  24.500  -43.399  79.876 0.4444440007
37864  24.211  -42.760  80.771 0.4444440007
37849  24.358  -42.246  80.904 0.4444440007
41948  22.651  -39.915  81.676 0.3333329856
41950  21.671  -38.728  81.982 0.3333329856
113887  24.357  -43.634  79.238 0.3333329856
36054  24.013  -43.486  79.856 0.4444440007
116709  23.792  -43.055  80.691 0.4444440007
37850  23.809  -42.229  81.207 0.4444440007
40942  23.237  -40.277  81.442 0.4444440007
41958  22.212  -39.061  81.407 0.3333329856
41959  21.563  -38.671  81.196 0.3333329856
118976  23.501  -43.642  78.974 0.3333329856
36067  22.953  -43.504  79.411 0.3333329856
40960  23.367  -39.627  80.881 0.3333329856
41967  22.170  -38.967  80.543 0.3333329856
41968  21.352  -38.573  80.360 0.3333329856
36079  22.933  -43.550  78.580 0.2222220004
36096  22.312  -43.360  78.044 0.2222220004
38873  19.926  -41.317  81.397 0.5555559993
38915  18.533  -41.494  78.740 0.1111110002
38898  18.699  -41.386  79.508 0.2222220004
36938  25.938  -43.242  79.449 0.4444440007
37877  26.132  -42.768  79.637 0.5555559993
37862  25.447  -42.499  80.177 0.4444440007
35168  26.136  -43.896  78.481 0.3333329856
36051  25.684  -43.521  79.258 0.4444440007
36926  25.454  -42.984  79.910 0.4444440007
131044  25.165  -42.139  80.478 0.4444440007
39919  25.564  -41.086  80.126 0.4444440007
35169  25.497  -43.752  78.769 0.3333329856
35170  24.938  -43.723  78.967 0.3333329856
36052  25.145  -43.571  79.301 0.4444440007
36927  24.868  -42.941  80.306 0.4444440007
37863  24.803  -42.463  80.584 0.4444440007
120286  25.050  -41.287  80.507 0.5555559993
35184  24.743  -43.825  78.605 0.3333329856
36077  24.106  -43.716  78.841 0.3333329856
39903  24.462  -41.200  80.841 0.4444440007
36094  23.848  -43.736  77.496 0.2222220004
36078  23.658  -43.686  78.318 0.2222220004
40959  23.779  -40.034  81.052 0.3333329856
129726  21.726  -38.812  79.800 0.3333329856
43016  20.333  -37.920  80.570 0.2222220004
135773  27.566  -43.158  79.055 0.4444440007
36937  26.929  -43.112  79.211 0.5555559993
38882  26.901  -41.829  79.456 0.5555559993
38883  26.165  -41.487  79.715 0.5555559993
35167  26.972  -44.102  78.370 0.3333329856
36050  26.507  -43.617  78.957 0.3333329856
39932  26.782  -41.318  79.386 0.5555559993
39933  26.088  -41.014  79.620 0.5555559993
39934  25.484  -40.624  79.968 0.5555559993
35220  26.445  -44.562  76.941 0.2222220004
133089  25.958  -44.474  77.289 0.2222220004
35183  25.495  -43.938  78.368 0.2222220004
35206  25.020  -44.135  77.871 0.2222220004
40982  25.278  -40.306  79.719 0.4444440007
40972  24.968  -40.333  80.260 0.5555559993
35221  25.740  -44.514  76.674 0.1111110002
35185  24.386  -43.881  78.116 0.2222220004
36113  25.423  -44.391  75.902 0.1111110002
36949  28.025  -43.187  78.947 0.4444440007
37876  26.928  -42.467  79.402 0.5555559993
36075  28.392  -43.985  78.251 0.3333329856
36076  27.662  -43.928  78.465 0.3333329856
130560  26.585  -40.993  79.307 0.5555559993
40981  25.972  -40.737  79.422 0.5555559993
35218  29.057  -44.494  76.809 0.3333329856
35202  28.842  -44.458  77.522 0.3333329856
122061  28.582  -44.259  77.894 0.3333329856
119276  27.798  -44.205  78.117 0.3333329856
39952  26.706  -40.839  78.890 0.4444440007
36111  28.679  -44.427  76.292 0.1111110002
113884  27.714  -44.641  77.033 0.2222220004
35203  27.157  -44.568  77.345 0.2222220004
115109  27.143  -44.409  77.947 0.3333329856
117728  26.277  -40.646  78.407 0.3333329856
40997  25.598  -40.345  78.328 0.3333329856
115836  25.168  -40.125  78.999 0.3333329856
36137  28.096  -44.233  75.538 0.1111110002
36112  27.866  -44.517  76.370 0.1111110002
124288  27.109  -44.579  76.569 0.1111110002
35230  26.284  -44.521  75.969 0.1111110002
36138  27.210  -44.421  75.677 0.1111110002
36139  25.657  -44.363  75.139 0.1111110002
36163  24.553  -43.983  75.039 0.1111110002
36161  26.494  -44.335  74.942 0.1111110002
116594  25.755  -44.230  74.273 0.1111110002
36162  25.030  -44.193  74.557 0.1111110002
36177  23.829  -43.550  73.545 0.1111110002
117099  23.334  -43.213  73.104 0.1111110002
37875  27.658  -42.738  79.129 0.5555559993
38881  27.573  -42.136  79.184 0.5555559993
39951  27.257  -41.212  79.019 0.6666669846
36062  28.952  -43.728  78.424 0.4444440007
37890  28.267  -42.748  78.955 0.5555559993
38896  28.070  -42.369  78.950 0.5555559993
38897  27.504  -41.631  79.124 0.6666669846
35181  29.283  -44.282  77.768 0.4444440007
36074  29.093  -44.084  78.061 0.5555559993
36947  29.564  -43.345  78.538 0.4444440007
39974  27.674  -41.070  78.513 0.6666669846
40996  27.088  -40.782  77.925 0.5555559993
35201  30.012  -44.284  77.075 0.4444440007
36092  30.553  -44.027  77.530 0.4444440007
36134  31.062  -44.022  75.738 0.3333329856
35217  30.455  -44.148  76.162 0.3333329856
36136  28.985  -44.119  75.502 0.2222220004
36157  30.552  -43.979  75.318 0.3333329856
36158  29.355  -43.828  74.812 0.3333329856
36160  27.427  -44.133  74.764 0.1111110002
36174  26.665  -44.066  73.932 0.1111110002
36175  24.995  -44.075  73.608 0.1111110002
128751  24.339  -43.739  73.316 0.1111110002
36185  24.628  -43.755  72.712 0.1111110002
125110  29.489  -42.646  78.716 0.6666669846
114939  28.816  -41.882  78.669 0.6666669846
126485  28.145  -41.966  78.866 0.6666669846
39950  28.159  -41.546  78.636 0.6666669846
36959  30.416  -43.539  78.291 0.5555559993
131014  30.082  -42.940  78.589 0.5555559993
36109  31.626  -43.832  76.644 0.3333329856
116137  30.864  -43.976  76.873 0.4444440007
136103  31.654  -43.513  74.813 0.3333329856
125243  31.182  -44.017  76.280 0.3333329856
125936  29.601  -42.066  78.553 0.6666669846
39949  29.244  -41.604  78.314 0.6666669846
39973  28.574  -41.152  78.218 0.7777780294
36072  30.961  -43.805  77.859 0.5555559993
37898  31.461  -42.594  78.081 0.5555559993
37888  30.073  -42.376  78.545 0.6666669846
39992  29.299  -41.196  77.896 0.7777780294
36090  32.058  -43.644  76.946 0.4444440007
121725  31.293  -43.306  78.060 0.5555559993
130258  29.784  -41.035  77.232 0.6666669846
36155  32.003  -43.616  75.201 0.3333329856
36968  32.421  -43.287  77.137 0.4444440007
36958  32.021  -42.867  77.609 0.6666669846
116393  32.739  -43.097  74.338 0.4444440007
36985  32.622  -43.342  75.049 0.4444440007
132121  33.010  -43.249  75.527 0.4444440007
36107  32.911  -43.356  76.028 0.4444440007
38912  31.213  -42.042  78.072 0.6666669846
38913  31.047  -41.756  77.903 0.6666669846
39971  30.918  -41.539  77.716 0.7777780294
36957  32.759  -42.879  77.308 0.6666669846
37897  31.866  -42.243  77.800 0.6666669846
39972  30.023  -41.462  77.802 0.6666669846
36977  33.360  -43.043  76.239 0.4444440007
36967  33.097  -43.051  76.926 0.4444440007
37003  33.387  -43.010  74.806 0.5555559993
120189  33.689  -42.975  75.641 0.4444440007
37024  33.971  -42.632  74.184 0.5555559993
37895  33.238  -41.661  77.238 0.6666669846
136761  32.108  -41.353  77.371 0.6666669846
39970  31.689  -41.490  77.572 0.6666669846
39991  30.713  -41.157  77.231 0.7777780294
36966  33.703  -42.613  76.477 0.5555559993
36975  34.404  -42.526  75.618 0.5555559993
36976  34.160  -42.740  75.968 0.5555559993
37922  34.564  -42.284  75.142 0.5555559993
37929  34.936  -41.812  74.781 0.5555559993
39968  33.510  -40.626  76.813 0.6666669846
40995  33.344  -40.544  76.774 0.6666669846
38925  34.359  -41.185  76.633 0.6666669846
38909  33.841  -41.024  76.888 0.6666669846
39969  32.761  -41.052  77.107 0.6666669846
39989  32.474  -41.104  77.132 0.6666669846
37904  34.738  -41.724  76.299 0.5555559993
37905  33.951  -41.882  76.695 0.5555559993
41014  32.286  -40.698  76.655 0.5555559993
37913  35.040  -41.992  75.968 0.5555559993
37914  34.474  -42.383  76.128 0.5555559993
37921  34.866  -42.005  75.499 0.5555559993
123812  35.755  -40.865  74.076 0.5555559993
38950  35.410  -41.354  74.371 0.5555559993
38948  36.185  -40.379  74.174 0.5555559993
40993  34.594  -39.424  76.695 0.7777780294
40994  34.068  -39.948  76.795 0.6666669846
41012  33.866  -39.752  76.719 0.6666669846
38924  34.962  -40.969  76.394 0.6666669846
39988  34.471  -40.429  76.697 0.6666669846
41013  33.152  -40.265  76.640 0.6666669846
38923  35.497  -40.812  76.068 0.6666669846
39987  35.225  -40.036  76.453 0.7777780294
37928  35.300  -41.335  75.017 0.5555559993
37912  35.260  -41.425  75.534 0.6666669846
38949  35.753  -40.817  74.623 0.5555559993
38942  35.768  -40.767  75.105 0.6666669846
40039  36.321  -40.165  73.547 0.5555559993
41989  34.508  -39.239  76.692 0.7777780294
42005  34.292  -39.003  76.650 0.6666669846
39966  34.850  -39.674  76.669 0.6666669846
42006  33.716  -39.294  76.532 0.6666669846
38933  35.636  -40.901  75.589 0.6666669846
41057  37.414  -38.706  74.236 0.6666669846
40031  36.573  -39.870  74.454 0.5555559993
38941  36.197  -40.367  74.817 0.6666669846
40020  36.113  -40.401  75.189 0.6666669846
41070  37.019  -39.224  73.498 0.6666669846
40037  36.964  -39.233  74.078 0.6666669846
42004  34.830  -38.667  76.690 0.6666669846
43034  35.250  -37.909  76.726 0.6666669846
42019  34.378  -38.581  76.562 0.6666669846
41011  35.221  -39.214  76.630 0.7777780294
41987  35.256  -38.473  76.695 0.6666669846
43087  38.438  -36.737  74.127 0.7777780294
41009  36.476  -38.668  76.238 0.7777780294
41010  36.130  -38.850  76.368 0.7777780294
42044  37.781  -38.029  74.384 0.7777780294
41044  37.518  -38.680  74.762 0.6666669846
41028  36.874  -38.975  75.614 0.6666669846
132166  36.330  -39.373  75.900 0.6666669846
40007  35.926  -40.160  75.856 0.7777780294
40030  37.035  -39.317  74.606 0.6666669846
43048  34.841  -37.913  76.520 0.6666669846
43032  36.052  -37.124  77.485 0.8888890147
44107  35.600  -37.847  77.406 0.8888890147
43062  34.608  -37.808  76.348 0.6666669846
43047  36.034  -37.067  76.870 0.8888890147
44197  38.696  -36.077  74.289 0.7777780294
43073  38.513  -36.592  74.634 0.7777780294
43061  37.434  -37.515  76.050 0.8888890147
42001  36.849  -37.963  76.351 0.8888890147
42002  36.205  -38.016  76.635 0.7777780294
42003  35.687  -38.432  76.623 0.7777780294
43086  38.673  -36.233  73.820 0.7777780294
42029  38.152  -37.311  74.496 0.7777780294
42030  37.934  -37.985  74.926 0.7777780294
42017  37.735  -37.754  75.437 0.7777780294
42018  37.183  -38.253  75.843 0.7777780294
41027  37.473  -38.529  75.276 0.6666669846
44238  39.062  -36.027  72.896 0.6666669846
116655  36.075  -36.080  76.336 0.7777780294
45219  35.419  -36.515  76.175 0.6666669846
45205  36.535  -36.078  76.594 0.8888890147
44132  35.961  -36.865  76.692 0.8888890147
44133  34.969  -37.366  76.379 0.6666669846
45202  38.234  -35.258  76.483 0.8888890147
44130  37.081  -36.053  76.618 0.8888890147
44104  36.700  -36.054  76.622 0.8888890147
135619  36.208  -36.452  77.109 0.8888890147
134365  39.249  -34.955  74.331 0.7777780294
45215  39.164  -35.215  74.998 0.8888890147
131082  38.842  -35.925  74.821 0.7777780294
43059  38.520  -36.429  75.208 0.8888890147
45217  38.503  -35.505  76.068 0.8888890147
43045  37.651  -36.786  76.219 0.8888890147
126085  37.121  -36.602  76.579 0.8888890147
44196  38.856  -35.621  73.970 0.7777780294
43074  38.198  -37.181  75.035 0.7777780294
43060  37.964  -36.952  75.571 0.8888890147
46282  39.669  -34.323  74.038 0.7777780294
128394  39.376  -35.024  73.694 0.6666669846
45279  39.411  -35.386  72.966 0.6666669846
44255  39.154  -35.585  72.360 0.6666669846
45218  35.925  -35.710  75.965 0.7777780294
45204  37.063  -35.287  76.498 0.8888890147
46248  36.526  -35.231  76.239 0.7777780294
46257  39.324  -34.536  75.388 0.8888890147
46258  38.936  -34.427  75.927 0.8888890147
45201  38.689  -34.890  76.221 0.8888890147
46245  38.268  -34.543  76.467 0.8888890147
47316  37.236  -33.957  75.976 0.8888890147
46259  36.830  -34.512  76.065 0.7777780294
46270  39.505  -34.456  74.663 0.8888890147
47303  38.181  -33.869  76.322 0.8888890147
47304  37.660  -33.798  76.150 0.8888890147
128371  39.909  -34.247  73.543 0.7777780294
45297  39.472  -34.995  72.336 0.6666669846
47331  36.682  -34.188  75.195 0.6666669846
130557  39.665  -33.887  74.961 0.8888890147
121165  39.325  -33.923  75.661 0.8888890147
47301  38.878  -33.885  76.104 0.8888890147
49527  37.754  -32.194  74.889 0.8888890147
47330  37.183  -33.491  75.586 0.7777780294
47345  36.896  -33.441  74.708 0.6666669846
130597  39.956  -33.669  74.236 0.8888890147
127049  38.832  -33.364  76.089 0.8888890147
47302  38.565  -33.519  76.266 0.8888890147
48476  37.605  -32.660  75.628 0.8888890147
46295  40.187  -33.711  73.738 0.8888890147
46308  40.355  -33.765  73.196 0.7777780294
126551  39.703  -33.282  75.145 0.8888890147
48447  38.915  -32.925  75.951 0.8888890147
48486  37.108  -32.619  74.300 0.6666669846
49504  38.330  -32.175  76.167 0.8888890147
49505  38.020  -32.001  76.249 0.8888890147
49535  37.814  -31.309  74.472 0.7777780294
49536  37.362  -31.888  74.115 0.5555559993
133386  40.974  -32.160  74.162 0.8888890147
47344  40.462  -33.046  74.147 0.8888890147
48485  40.916  -32.538  73.891 0.8888890147
47358  40.648  -33.148  73.506 0.7777780294
47372  40.670  -33.118  72.891 0.7777780294
48463  39.300  -32.463  75.611 0.7777780294
49503  38.777  -32.318  75.872 0.8888890147
51525  37.639  -29.552  72.826 0.5555559993
51519  37.372  -30.308  72.930 0.4444440007
49512  40.496  -31.763  74.863 0.8888890147
48462  39.800  -32.568  75.189 0.7777780294
49515  38.272  -31.589  75.731 0.8888890147
49516  38.157  -31.624  75.786 0.8888890147
50563  37.583  -30.639  73.460 0.7777780294
126570  37.227  -31.055  73.066 0.5555559993
48461  40.272  -32.544  74.697 0.8888890147
50546  38.291  -30.572  74.774 0.7777780294
51526  37.135  -29.953  72.279 0.2222220004
49534  41.257  -31.794  74.070 0.8888890147
48513  40.849  -32.385  72.596 0.6666669846
48514  40.504  -32.319  71.887 0.6666669846
49560  41.371  -31.747  72.922 0.7777780294
134069  39.735  -31.035  75.398 0.8888890147
49514  39.231  -31.663  75.574 0.7777780294
50527  38.697  -31.730  75.744 0.7777780294
52558  37.409  -29.189  72.077 0.2222220004
50534  40.497  -30.822  75.123 0.8888890147
50536  39.149  -30.845  75.490 0.7777780294
51498  38.935  -30.175  75.155 0.7777780294
51507  38.753  -29.708  74.757 0.6666669846
51513  38.289  -29.831  74.207 0.7777780294
117217  41.091  -31.021  74.599 0.8888890147
50554  41.729  -30.530  74.050 0.8888890147
50570  41.914  -30.394  72.911 0.7777780294
49585  40.741  -31.081  71.579 0.6666669846
50579  41.703  -30.247  72.472 0.7777780294
50588  40.704  -30.378  71.316 0.6666669846
51530  41.578  -29.707  72.066 0.6666669846
51538  41.372  -29.011  71.559 0.5555559993
52564  37.680  -28.321  71.837 0.2222220004
51495  40.577  -29.817  75.297 0.8888890147
51497  39.243  -29.930  75.235 0.7777780294
51506  38.946  -29.614  74.863 0.7777780294
52545  38.706  -29.056  74.326 0.7777780294
52551  38.198  -29.142  73.522 0.6666669846
53545  37.280  -28.225  71.110 0.1111110002
129132  41.521  -30.420  74.418 0.8888890147
114669  40.567  -29.022  75.436 0.8888890147
120956  39.607  -28.426  75.102 0.8888890147
52537  39.144  -28.904  74.807 0.7777780294
135771  41.793  -29.964  74.210 0.8888890147
51517  42.024  -29.768  73.148 0.7777780294
52556  41.939  -28.679  72.475 0.7777780294
51531  41.139  -29.810  71.601 0.5555559993
50589  40.246  -30.250  70.711 0.4444440007
52563  41.936  -28.308  71.827 0.6666669846
51539  40.644  -29.469  70.969 0.4444440007
51545  40.412  -28.866  70.359 0.2222220004
51552  39.457  -29.255  69.330 0.2222220004
51553  39.123  -29.093  68.698 0.2222220004
53564  39.952  -27.422  68.476 0.2222220004
52595  39.455  -27.846  68.051 0.2222220004
53586  39.837  -26.985  66.928 0.2222220004
54584  39.632  -26.676  65.257 0.2222220004
53535  38.375  -28.417  73.179 0.3333329856
133897  37.981  -27.716  71.917 0.3333329856
119659  37.753  -27.556  71.273 0.2222220004
54500  38.128  -26.718  71.206 0.2222220004
52550  38.723  -28.455  73.818 0.6666669846
52543  41.989  -28.762  74.221 0.8888890147
52530  41.066  -28.712  75.256 0.8888890147
52531  40.001  -28.715  75.445 0.8888890147
136074  39.623  -27.594  74.570 0.7777780294
52544  39.091  -28.337  74.421 0.7777780294
52542  42.119  -28.564  73.702 0.8888890147
52549  42.023  -28.361  73.158 0.7777780294
53543  42.256  -27.477  71.877 0.6666669846
53548  42.164  -26.638  71.360 0.5555559993
53544  41.759  -27.494  71.296 0.5555559993
53556  40.667  -27.236  69.780 0.3333329856
53562  40.994  -26.502  69.332 0.3333329856
130890  40.956  -26.096  68.332 0.3333329856
53572  40.402  -26.732  68.035 0.2222220004
55521  38.363  -25.981  71.087 0.4444440007
54485  38.347  -27.142  71.990 0.3333329856
53539  38.261  -27.902  72.544 0.4444440007
53534  38.773  -27.839  73.365 0.5555559993
134366  41.519  -27.549  74.506 0.8888890147
54416  40.399  -27.137  74.840 0.7777780294
54417  40.078  -27.111  74.744 0.7777780294
54449  39.615  -27.043  74.349 0.6666669846
129902  38.976  -27.945  73.790 0.7777780294
55463  41.608  -25.920  74.454 0.8888890147
53528  42.079  -27.353  74.129 0.8888890147
52536  42.187  -27.964  73.916 0.8888890147
54447  42.279  -26.388  74.045 0.8888890147
125064  42.551  -26.997  73.274 0.8888890147
123534  42.323  -27.602  72.928 0.7777780294
55480  42.585  -25.717  73.833 0.8888890147
54483  42.812  -26.253  73.060 0.8888890147
119031  42.552  -26.806  72.014 0.7777780294
53549  41.618  -26.825  70.649 0.4444440007
54526  41.385  -26.173  69.946 0.3333329856
53538  38.812  -27.166  72.889 0.4444440007
54499  38.616  -26.319  71.760 0.4444440007
54430  41.153  -26.403  74.643 0.7777780294
54431  40.464  -26.356  74.661 0.7777780294
55483  39.633  -26.351  74.013 0.7777780294
54468  39.234  -26.327  73.184 0.5555559993
55511  38.996  -25.872  72.359 0.4444440007
55520  38.815  -25.556  71.607 0.5555559993
55465  40.667  -25.607  74.599 0.8888890147
55481  42.269  -25.370  74.157 0.8888890147
119439  42.747  -24.862  73.846 0.8888890147
55496  42.826  -25.595  73.497 0.8888890147
54512  42.553  -25.966  71.631 0.6666669846
55526  42.623  -25.208  71.037 0.6666669846
55534  42.535  -24.741  70.242 0.5555559993
56548  42.540  -24.468  69.314 0.5555559993
56557  43.306  -23.774  68.950 0.5555559993
55527  42.191  -25.376  70.588 0.5555559993
56522  39.243  -25.003  72.225 0.6666669846
55482  39.932  -25.590  74.066 0.7777780294
56510  39.709  -24.923  73.104 0.6666669846
56493  40.902  -24.741  74.648 0.8888890147
55497  39.688  -25.612  73.597 0.6666669846
56511  39.391  -25.556  72.885 0.5555559993
116417  41.525  -24.900  74.535 0.8888890147
124329  41.095  -25.203  74.699 0.8888890147
56509  43.146  -24.154  73.474 0.7777780294
56532  43.432  -24.005  71.802 0.7777780294
56541  43.114  -24.278  70.861 0.7777780294
57605  43.816  -23.461  70.974 0.7777780294
125575  43.058  -24.894  73.318 0.7777780294
55519  42.931  -25.033  71.890 0.7777780294
57624  43.888  -23.276  69.479 0.6666669846
57634  44.680  -22.895  68.852 0.5555559993
57643  46.100  -23.154  67.579 0.4444440007
56521  39.756  -24.257  72.571 0.5555559993
56494  40.513  -24.825  74.423 0.6666669846
114087  40.008  -24.183  73.446 0.5555559993
125404  38.954  -24.869  71.420 0.5555559993
56492  41.199  -24.269  74.685 0.8888890147
57530  40.934  -24.080  74.668 0.7777780294
56502  42.298  -24.376  74.240 0.8888890147
57529  41.452  -23.504  74.576 0.8888890147
57543  42.375  -23.460  74.290 0.8888890147
56501  42.825  -23.864  73.985 0.8888890147
57570  43.507  -23.573  73.043 0.7777780294
56519  43.623  -23.665  72.424 0.7777780294
57585  43.919  -23.199  71.755 0.7777780294
58687  44.483  -22.591  70.888 0.7777780294
57604  44.263  -23.048  70.197 0.7777780294
57622  45.368  -22.633  69.142 0.6666669846
57632  46.454  -22.792  68.000 0.6666669846
58729  46.829  -22.318  68.457 0.6666669846
57545  40.400  -23.990  74.011 0.5555559993
58630  41.407  -23.291  74.628 0.8888890147
58652  40.466  -23.429  73.712 0.7777780294
57528  41.952  -23.106  74.533 0.8888890147
58629  41.849  -22.959  74.600 0.8888890147
57527  42.433  -22.755  74.266 0.8888890147
57556  43.194  -23.305  73.599 0.7777780294
57555  43.561  -22.767  73.198 0.7777780294
57569  43.829  -22.988  72.524 0.7777780294
58671  44.235  -22.395  71.862 0.7777780294
58670  44.830  -21.820  71.211 0.7777780294
58686  45.324  -21.965  70.342 0.6666669846
58685  46.024  -21.626  69.839 0.6666669846
59791  46.263  -21.151  70.220 0.7777780294
58711  46.502  -22.008  69.153 0.7777780294
59790  46.828  -20.921  69.855 0.7777780294
59829  47.638  -21.599  68.532 0.8888890147
58741  47.667  -22.347  67.573 0.7777780294
58640  41.527  -22.285  74.312 0.8888890147
59746  42.072  -22.343  74.401 0.8888890147
58627  42.435  -22.260  74.209 0.8888890147
58650  43.247  -22.526  73.691 0.7777780294
58649  43.612  -22.016  73.293 0.7777780294
59762  43.564  -21.409  73.191 0.8888890147
58660  43.963  -22.205  72.685 0.7777780294
58659  44.380  -21.644  72.066 0.7777780294
59771  44.353  -21.113  72.274 0.7777780294
59781  44.962  -21.095  71.533 0.8888890147
60834  45.130  -20.477  71.517 0.8888890147
59780  45.801  -20.713  70.939 0.7777780294
125236  44.460  -20.640  72.043 0.8888890147
60833  46.193  -20.122  70.699 0.7777780294
60802  42.455  -21.432  73.916 0.8888890147
60801  42.832  -21.350  73.727 0.8888890147
60811  43.176  -20.919  73.237 0.8888890147
60810  43.530  -20.919  72.994 0.8888890147
59772  43.983  -21.510  72.796 0.7777780294
60822  44.018  -20.973  72.744 0.8888890147
125238  44.666  -20.080  71.720 0.7777780294
116842  45.576  -20.030  71.240 0.7777780294
60813  42.270  -20.958  73.474 0.6666669846
61842  42.665  -20.521  72.982 0.7777780294
61841  43.141  -20.525  72.929 0.8888890147
61851  43.523  -20.197  72.487 0.6666669846
61840  43.541  -20.528  72.755 0.8888890147
129187  43.797  -19.810  71.895 0.6666669846
42988  20.280  -38.000  83.060 0.4444440007
39890  20.440  -40.046  82.856 0.4444440007
43007  20.950  -38.195  80.941 0.2222220004
122126  21.035  -40.184  82.728 0.5555559993
39905  19.630  -40.330  82.484 0.5555559993
43017  19.763  -37.596  80.954 0.2222220004
36068  22.178  -43.232  79.652 0.4444440007
36942  22.636  -42.948  80.675 0.4444440007
37879  20.217  -41.952  80.451 0.4444440007
38842  22.546  -40.766  81.899 0.4444440007
41916  20.691  -39.096  82.938 0.4444440007
39883  20.885  -39.609  82.840 0.4444440007
37851  23.121  -42.054  81.578 0.5555559993
36919  22.750  -42.380  81.455 0.4444440007
38846  20.320  -40.506  82.562 0.5555559993
41949  22.140  -39.332  81.995 0.3333329856
42998  21.104  -38.180  81.822 0.2222220004
41935  20.509  -38.613  83.016 0.4444440007
39904  23.229  -40.892  81.578 0.4444440007
123818  23.404  -43.459  79.889 0.4444440007
38855  23.503  -41.591  81.449 0.4444440007
36080  22.213  -43.373  78.887 0.4444440007
39891  19.920  -39.864  83.016 0.4444440007
38861  19.370  -40.734  81.871 0.5555559993
38874  19.121  -40.995  81.187 0.5555559993
129960  24.035  -43.305  80.257 0.4444440007
36940  24.388  -43.169  80.319 0.4444440007
36939  25.091  -43.298  79.810 0.4444440007
38871  24.795  -41.819  80.680 0.4444440007
127511  23.903  -41.184  81.230 0.4444440007
41957  22.732  -39.499  81.374 0.3333329856
36066  23.750  -43.581  79.440 0.4444440007
39921  24.011  -40.621  81.058 0.4444440007
115503  22.761  -39.258  80.968 0.2222220004
134137  20.802  -38.194  80.215 0.2222220004
36095  23.070  -43.534  77.732 0.2222220004
36065  25.954  -43.683  78.922 0.3333329856
116377  26.537  -43.857  78.619 0.3333329856
35182  26.354  -44.178  78.113 0.2222220004
39920  24.853  -40.721  80.483 0.4444440007
40958  24.376  -40.285  80.631 0.4444440007
36115  23.975  -43.782  76.647 0.2222220004
118096  23.995  -39.990  80.643 0.4444440007
43025  20.306  -37.992  79.768 0.2222220004
43026  19.758  -37.756  80.201 0.2222220004
43008  20.415  -37.862  81.435 0.2222220004
36950  27.457  -43.542  78.832 0.3333329856
35204  26.485  -44.438  77.617 0.2222220004
35205  25.788  -44.257  77.787 0.2222220004
35222  25.366  -44.371  77.281 0.2222220004
135899  25.082  -44.238  75.270 0.1111110002
36063  28.227  -43.625  78.614 0.4444440007
113168  25.858  -40.472  79.042 0.3333329856
35180  29.888  -44.235  77.673 0.4444440007
35219  28.393  -44.613  77.027 0.3333329856
130763  27.970  -44.491  77.611 0.2222220004
36176  24.329  -43.867  74.143 0.1111110002
36948  28.779  -43.126  78.805 0.4444440007
37889  28.752  -42.352  78.820 0.5555559993
116665  29.750  -44.049  78.072 0.5555559993
36061  29.655  -43.877  78.213 0.5555559993
36110  29.534  -44.308  76.262 0.3333329856
36133  31.754  -43.870  75.864 0.3333329856
36135  29.822  -44.070  75.481 0.3333329856
36186  23.940  -43.538  72.599 0.1111110002
37887  30.756  -42.681  78.381 0.6666669846
36091  31.273  -43.752  77.238 0.5555559993
38914  30.208  -41.832  78.113 0.6666669846
36071  31.625  -43.453  77.415 0.5555559993
36089  32.690  -43.361  76.609 0.4444440007
36132  32.464  -43.555  75.721 0.3333329856
37896  32.612  -42.223  77.499 0.6666669846
123323  31.687  -41.615  77.664 0.6666669846
37906  33.297  -42.478  77.146 0.6666669846
37002  34.118  -42.699  74.951 0.5555559993
39990  31.596  -41.138  77.100 0.7777780294
38911  32.407  -41.477  77.410 0.6666669846
38910  33.263  -41.054  77.067 0.6666669846
39967  34.092  -40.251  76.817 0.6666669846
38934  35.317  -41.448  75.981 0.5555559993
41988  34.804  -38.809  76.686 0.7777780294
135389  33.811  -38.719  76.375 0.6666669846
40019  36.541  -39.986  74.900 0.6666669846
44131  36.132  -36.813  77.027 0.8888890147
41986  35.575  -37.710  77.021 0.8888890147
43046  36.743  -37.254  76.597 0.8888890147
45203  37.599  -35.307  76.547 0.8888890147
44129  37.919  -36.080  76.387 0.8888890147
45216  38.909  -35.041  75.675 0.8888890147
44152  38.284  -36.230  75.827 0.8888890147
46247  37.132  -34.496  76.255 0.8888890147
126668  38.578  -34.047  76.340 0.8888890147
46246  37.714  -34.515  76.424 0.8888890147
48449  38.071  -32.929  76.272 0.8888890147
46309  39.863  -34.514  72.922 0.6666669846
47346  36.393  -34.192  74.176 0.6666669846
47329  40.070  -33.172  74.534 0.8888890147
48464  37.851  -32.284  76.089 0.8888890147
117556  37.257  -32.861  75.107 0.7777780294
48475  37.868  -31.989  75.669 0.8888890147
49526  38.139  -31.494  74.953 0.7777780294
49548  41.383  -31.831  73.546 0.8888890147
48502  41.033  -32.477  73.247 0.7777780294
47385  40.436  -33.004  72.218 0.7777780294
47373  40.266  -33.718  72.520 0.6666669846
50538  38.521  -30.972  75.340 0.8888890147
134777  38.395  -30.844  75.096 0.7777780294
51532  36.857  -29.635  71.596 0.2222220004
49524  41.415  -31.143  74.265 0.8888890147
49547  41.623  -31.186  73.807 0.8888890147
49559  41.716  -31.142  73.185 0.7777780294
49572  41.586  -30.957  72.640 0.7777780294
49573  40.944  -31.529  72.198 0.6666669846
50535  39.833  -30.258  75.382 0.8888890147
50545  41.176  -30.179  74.867 0.8888890147
51499  38.697  -30.332  75.073 0.7777780294
50562  41.892  -30.506  73.458 0.7777780294
50580  41.252  -30.538  71.995 0.7777780294
51523  41.906  -28.964  72.953 0.7777780294
51524  41.859  -29.551  72.645 0.7777780294
126265  41.776  -29.057  72.123 0.6666669846
52557  37.903  -28.741  72.668 0.3333329856
51496  40.092  -29.323  75.428 0.8888890147
51505  41.188  -29.364  75.136 0.8888890147
52532  39.457  -29.025  75.187 0.7777780294
51504  41.652  -29.585  74.520 0.8888890147
53508  39.863  -27.899  74.955 0.7777780294
53509  39.395  -28.739  74.999 0.7777780294
51512  42.039  -29.343  74.042 0.8888890147
51511  42.034  -29.164  73.429 0.7777780294
52555  42.077  -28.184  72.711 0.7777780294
51546  39.891  -29.565  70.183 0.3333329856
52569  41.440  -28.186  71.229 0.5555559993
50606  39.385  -30.036  69.586 0.3333329856
52579  39.967  -28.631  69.722 0.2222220004
50607  38.915  -29.926  68.925 0.2222220004
52570  40.930  -28.533  70.818 0.4444440007
52577  41.177  -27.595  70.584 0.3333329856
52578  40.534  -28.083  70.124 0.3333329856
52587  39.552  -28.348  68.834 0.2222220004
53563  40.519  -26.949  68.861 0.2222220004
52586  40.166  -27.756  69.322 0.2222220004
52588  39.002  -28.557  68.202 0.2222220004
53574  39.402  -27.582  67.329 0.2222220004
53573  39.847  -27.161  67.726 0.2222220004
132860  40.253  -26.644  67.368 0.2222220004
53599  39.202  -27.290  65.710 0.2222220004
54575  39.834  -26.864  66.089 0.2222220004
52529  41.518  -28.791  74.759 0.8888890147
53517  41.782  -28.113  74.351 0.8888890147
53506  40.548  -27.721  75.065 0.7777780294
53507  39.995  -27.880  75.098 0.7777780294
53519  39.841  -27.089  74.599 0.7777780294
118507  42.235  -27.753  73.440 0.8888890147
53537  42.377  -27.510  72.404 0.7777780294
53555  41.101  -26.835  70.118 0.4444440007
54542  41.451  -25.756  69.037 0.3333329856
122701  39.169  -27.140  73.834 0.5555559993
53518  40.992  -27.301  74.824 0.7777780294
55464  41.132  -25.682  74.647 0.8888890147
54448  40.007  -26.333  74.449 0.7777780294
53527  42.371  -27.127  73.743 0.8888890147
125908  42.630  -26.904  72.642 0.8888890147
129729  42.318  -25.852  71.071 0.5555559993
54513  41.852  -25.995  70.605 0.4444440007
55466  40.490  -25.601  74.509 0.7777780294
55510  43.014  -25.395  72.811 0.8888890147
56547  43.131  -24.037  69.846 0.7777780294
55535  41.807  -25.248  69.834 0.5555559993
114164  43.704  -23.429  68.125 0.4444440007
55542  41.939  -24.906  68.759 0.3333329856
56520  43.298  -24.399  72.713 0.7777780294
121908  43.620  -23.624  70.277 0.7777780294
57623  44.636  -22.849  69.543 0.6666669846
56567  45.424  -23.261  67.503 0.4444440007
57633  45.602  -22.897  68.247 0.5555559993
58639  42.903  -22.347  74.044 0.7777780294
57603  45.023  -22.528  69.955 0.6666669846
58712  45.792  -22.172  69.515 0.6666669846
57621  46.168  -22.500  68.764 0.6666669846
58710  47.066  -21.846  68.819 0.7777780294
58728  47.392  -22.109  68.184 0.7777780294
57631  47.092  -22.596  67.785 0.6666669846
59792  45.611  -21.373  70.701 0.6666669846
59807  46.679  -21.504  69.498 0.7777780294
60845  46.353  -20.682  70.397 0.7777780294
118571  47.395  -20.787  69.420 0.8888890147
60844  46.614  -20.321  70.216 0.8888890147
59806  47.272  -21.357  69.192 0.8888890147
59805  47.886  -20.982  68.945 0.8888890147
59754  42.880  -21.800  73.966 0.8888890147
61861  45.871  -19.600  70.742 0.8888890147
41917  20.243  -38.663  83.238 0.4444440007
42974  20.153  -38.086  83.272 0.4444440007
40908  20.436  -39.186  83.098 0.4444440007
40926  20.113  -39.356  83.190 0.4444440007
39906  18.864  -40.015  82.252 0.4444440007
42999  20.438  -37.887  82.350 0.2222220004
33376  -1.182  -46.963  83.576 0.1111110002
33377  -1.943  -46.802  83.498 0.1111110002
129818  -0.089  -47.382  83.117 0.1111110002
34258  -1.538  -46.507  83.990 0.1111110002
33383  0.491  -47.145  83.397 0.1111110002
33375  -0.329  -46.886  83.762 0.1111110002
34251  -2.342  -45.666  84.052 0.1111110002
35164  3.345  -45.990  80.429 0.1111110002
39993  28.772  -40.934  77.354 0.5555559993
36015  6.407  -44.654  86.041 0.1111110002
34271  2.461  -46.406  82.593 0.1111110002
33382  1.243  -46.903  83.787 0.1111110002
33374  0.570  -46.790  84.058 0.1111110002
34287  3.208  -46.051  81.232 0.1111110002
34278  2.385  -46.519  81.565 0.1111110002
33391  1.079  -47.077  82.954 0.1111110002
34249  -0.423  -45.817  84.766 0.1111110002
35163  4.064  -45.651  80.129 0.1111110002
35175  5.915  -45.065  79.552 0.1111110002
35176  4.890  -45.297  79.843 0.1111110002
34288  2.630  -46.280  80.656 0.1111110002
35191  5.815  -44.933  78.668 0.1111110002
113252  5.053  -45.228  78.993 0.1111110002
114999  28.008  -40.921  77.887 0.5555559993
35997  5.493  -44.913  87.197 0.2222220004
127407  5.911  -44.921  86.620 0.1111110002
119435  6.557  -44.384  85.237 0.1111110002
34263  2.539  -46.256  83.491 0.1111110002
115937  2.029  -46.609  84.108 0.1111110002
34248  0.944  -46.153  84.840 0.1111110002
116956  0.342  -45.873  84.920 0.1111110002
34277  3.144  -46.062  82.097 0.1111110002
33367  0.088  -46.371  84.430 0.1111110002
34240  0.121  -45.408  85.216 0.1111110002
35990  6.172  -44.624  87.299 0.3333329856
114053  3.952  -45.709  80.954 0.1111110002
35154  4.520  -45.277  81.518 0.1111110002
118273  -1.060  -44.244  85.019 0.1111110002
35117  -1.218  -44.859  85.010 0.1111110002
123113  4.726  -45.343  80.709 0.1111110002
35190  6.686  -44.845  78.943 0.1111110002
35173  7.568  -44.948  79.271 0.1111110002
39994  27.804  -40.784  77.123 0.5555559993
41015  26.863  -40.644  76.796 0.3333329856
41016  26.128  -40.572  77.603 0.3333329856
41034  25.849  -40.480  76.677 0.2222220004
41017  25.168  -40.205  77.469 0.2222220004
121756  24.296  -39.967  77.029 0.2222220004
124570  4.826  -44.676  87.314 0.2222220004
36016  5.714  -44.551  85.568 0.1111110002
36023  6.692  -44.218  84.320 0.1111110002
35131  3.622  -45.438  84.412 0.1111110002
34262  2.725  -46.060  84.304 0.1111110002
136332  3.140  -45.808  83.703 0.1111110002
34239  0.779  -45.552  85.333 0.1111110002
35991  5.456  -44.223  87.470 0.3333329856
35136  4.387  -44.960  83.711 0.1111110002
35144  4.376  -45.065  82.862 0.1111110002
35145  3.736  -45.550  82.524 0.1111110002
36899  -0.565  -44.164  85.328 0.1111110002
36010  -0.239  -44.218  85.535 0.1111110002
36884  6.205  -43.617  87.598 0.3333329856
126081  4.288  -45.237  82.171 0.1111110002
35153  5.367  -44.976  81.326 0.1111110002
37819  5.835  -42.745  87.849 0.3333329856
36046  7.049  -44.471  81.732 0.1111110002
36041  5.893  -44.310  82.817 0.1111110002
35152  6.296  -44.783  81.103 0.1111110002
35160  7.588  -44.927  80.197 0.1111110002
35161  6.568  -44.925  80.328 0.1111110002
35174  6.865  -44.899  79.657 0.1111110002
35172  8.319  -45.301  79.708 0.1111110002
35188  8.315  -45.332  78.708 0.1111110002
44053  13.279  -36.825  82.423 0.2222220004
129384  26.392  -40.573  76.065 0.2222220004
113660  13.431  -36.867  81.702 0.2222220004
41035  24.961  -40.244  76.444 0.2222220004
41036  24.154  -40.039  76.189 0.1111110002
41037  23.497  -39.848  76.660 0.1111110002
35122  4.179  -45.232  85.917 0.1111110002
128577  3.032  -45.661  85.688 0.1111110002
121225  2.796  -45.368  86.031 0.1111110002
35114  2.209  -45.056  86.068 0.1111110002
36885  5.355  -43.309  87.729 0.3333329856
35992  4.784  -43.836  87.571 0.3333329856
136226  4.143  -45.220  85.138 0.1111110002
34255  2.947  -45.917  85.105 0.1111110002
34246  2.442  -45.813  85.449 0.1111110002
34238  1.394  -45.713  85.348 0.1111110002
35115  1.393  -45.127  85.749 0.1111110002
133369  5.678  -42.305  87.973 0.3333329856
44040  12.489  -36.750  84.124 0.2222220004
129340  11.047  -37.437  82.845 0.2222220004
116278  12.730  -36.857  83.031 0.3333329856
133782  11.524  -37.299  82.627 0.2222220004
116088  12.695  -36.924  81.997 0.2222220004
44067  13.646  -36.934  80.893 0.2222220004
44097  13.600  -36.941  79.583 0.1111110002
41038  22.765  -39.666  76.235 0.1111110002
36007  4.874  -45.088  87.051 0.2222220004
35999  3.572  -44.644  86.985 0.2222220004
36000  2.893  -44.092  86.799 0.1111110002
116782  2.240  -44.294  86.413 0.1111110002
36894  1.618  -43.213  86.219 0.1111110002
35113  3.523  -45.355  86.122 0.1111110002
35105  3.554  -45.069  86.613 0.1111110002
35107  1.784  -44.593  86.135 0.1111110002
36008  1.072  -44.429  85.935 0.1111110002
37820  5.216  -42.479  87.933 0.3333329856
37814  5.619  -41.785  88.130 0.3333329856
38819  5.242  -41.068  88.177 0.3333329856
132213  4.799  -40.812  87.475 0.3333329856
39879  4.833  -41.021  84.994 0.1111110002
40907  5.232  -40.616  85.778 0.1111110002
39886  5.667  -40.803  84.465 0.1111110002
40011  28.409  -40.804  76.380 0.4444440007
115311  6.987  -40.145  83.958 0.1111110002
40010  29.351  -40.865  76.377 0.5555559993
40012  27.634  -40.732  76.345 0.4444440007
40935  7.348  -39.939  83.336 0.1111110002
44041  11.734  -37.017  83.268 0.2222220004
40952  7.701  -39.829  82.499 0.1111110002
44054  11.972  -37.051  82.372 0.2222220004
40008  31.394  -40.815  76.575 0.6666669846
44069  12.041  -37.182  81.401 0.2222220004
41951  9.407  -38.706  81.881 0.1111110002
44068  12.865  -36.979  81.141 0.2222220004
44082  13.051  -36.987  80.245 0.2222220004
114810  12.423  -37.214  80.664 0.1111110002
42022  21.364  -38.970  76.149 0.1111110002
128661  20.775  -38.792  75.778 0.1111110002
131821  19.873  -38.203  75.492 0.1111110002
113653  14.335  -36.898  79.727 0.1111110002
125648  19.292  -37.855  75.864 0.1111110002
43067  18.756  -37.477  76.257 0.1111110002
114595  14.854  -36.879  79.098 0.1111110002
43078  18.757  -37.414  75.472 0.1111110002
120172  15.346  -36.800  78.454 0.1111110002
44120  14.574  -36.827  78.339 0.1111110002
35993  3.549  -43.807  87.222 0.2222220004
36893  2.893  -43.222  87.000 0.1111110002
128941  3.494  -42.973  87.319 0.2222220004
128667  3.188  -42.020  87.070 0.2222220004
38828  2.674  -42.266  86.534 0.1111110002
113455  2.451  -42.929  86.712 0.1111110002
39873  3.702  -41.579  87.026 0.1111110002
39881  3.453  -41.555  86.118 0.1111110002
124795  4.152  -41.143  86.361 0.1111110002
39887  3.937  -41.341  85.731 0.1111110002
39898  6.004  -40.780  83.818 0.1111110002
114602  24.702  -40.223  75.603 0.2222220004
40936  6.877  -40.353  83.388 0.1111110002
131720  24.043  -39.983  75.534 0.1111110002
119255  23.452  -39.905  75.845 0.1111110002
41953  8.323  -39.380  82.664 0.1111110002
42033  22.071  -39.334  75.731 0.1111110002
42023  20.591  -38.616  76.509 0.1111110002
41952  8.882  -38.941  82.424 0.1111110002
43077  19.899  -38.187  76.241 0.1111110002
43012  9.949  -38.269  81.739 0.1111110002
43066  19.341  -37.809  76.671 0.1111110002
44163  18.200  -37.134  76.552 0.1111110002
44164  17.532  -36.873  76.750 0.1111110002
43010  11.310  -37.684  81.043 0.1111110002
43011  10.605  -37.935  81.458 0.1111110002
120055  11.879  -37.445  80.635 0.1111110002
128503  17.049  -36.595  76.129 0.1111110002
44083  12.200  -37.370  79.898 0.1111110002
43018  11.372  -37.748  80.166 0.1111110002
135098  20.305  -38.513  75.850 0.1111110002
114594  14.081  -36.889  78.992 0.1111110002
44186  18.092  -36.924  75.144 0.1111110002
44187  17.292  -36.551  75.349 0.1111110002
44166  15.820  -36.562  76.963 0.1111110002
44144  15.127  -36.731  77.688 0.1111110002
39882  3.055  -41.800  86.577 0.1111110002
39877  3.126  -41.848  86.720 0.1111110002
38831  2.658  -42.144  86.437 0.1111110002
38829  2.248  -42.515  86.239 0.1111110002
38832  2.165  -42.353  85.867 0.1111110002
38839  4.553  -41.492  84.159 0.1111110002
39899  5.231  -41.157  83.865 0.1111110002
39897  6.382  -40.727  83.104 0.1111110002
40009  30.417  -40.822  76.311 0.4444440007
116852  25.629  -40.478  75.692 0.2222220004
41046  30.636  -40.404  75.413 0.4444440007
120918  21.253  -39.033  75.174 0.1111110002
43002  9.711  -38.361  82.643 0.1111110002
44165  16.770  -36.668  76.916 0.1111110002
43079  18.295  -37.181  75.873 0.1111110002
44098  12.895  -37.041  79.359 0.1111110002
115889  17.737  -36.882  75.960 0.1111110002
44188  16.528  -36.301  75.507 0.1111110002
129717  16.424  -36.461  76.310 0.1111110002
134636  15.771  -36.728  77.872 0.1111110002
38836  2.704  -41.961  86.139 0.1111110002
38835  3.147  -41.807  85.509 0.1111110002
40937  6.560  -40.525  83.757 0.1111110002
127163  26.495  -40.621  75.313 0.2222220004
41033  27.120  -40.666  75.850 0.3333329856
41960  9.514  -38.702  81.080 0.1111110002
41961  8.869  -39.082  81.502 0.1111110002
118252  32.060  -39.123  75.107 0.4444440007
41058  30.735  -39.883  74.701 0.3333329856
40022  28.883  -40.720  75.567 0.4444440007
40023  27.971  -40.698  75.628 0.4444440007
41050  25.906  -40.600  74.898 0.2222220004
113803  25.166  -40.339  74.818 0.2222220004
43020  9.916  -38.450  80.547 0.1111110002
131905  10.089  -38.251  81.073 0.1111110002
41049  27.362  -40.589  74.994 0.4444440007
41064  24.636  -40.020  74.293 0.1111110002
43019  10.567  -38.076  80.537 0.1111110002
41048  28.390  -40.500  74.743 0.4444440007
41061  27.601  -40.377  74.084 0.2222220004
41062  26.573  -40.525  74.385 0.2222220004
131552  25.265  -40.112  73.983 0.2222220004
41065  23.818  -39.893  74.186 0.1111110002
116464  26.018  -40.273  73.691 0.2222220004
41077  24.528  -39.948  73.461 0.1111110002
41075  26.899  -40.173  73.457 0.2222220004
42060  23.230  -39.423  72.895 0.1111110002
44143  17.297  -36.865  77.585 0.1111110002
126455  26.215  -39.949  72.875 0.2222220004
41076  25.409  -40.046  73.171 0.1111110002
41078  23.730  -39.759  73.384 0.1111110002
130463  16.460  -36.758  77.728 0.1111110002
41086  27.082  -39.766  72.548 0.1111110002
41087  25.596  -39.838  72.439 0.1111110002
41088  24.848  -39.832  72.554 0.1111110002
41089  24.021  -39.675  72.698 0.1111110002
42070  27.233  -39.208  71.777 0.1111110002
42071  26.270  -39.510  71.908 0.1111110002
42082  26.686  -38.860  71.164 0.1111110002
119998  26.332  -38.542  70.572 0.1111110002
38840  3.853  -41.655  84.665 0.1111110002
38848  4.616  -41.656  83.426 0.1111110002
41962  8.321  -39.481  81.951 0.1111110002
116407  3.486  -42.103  83.813 0.1111110002
41970  8.865  -39.191  80.625 0.1111110002
40021  29.789  -40.665  75.551 0.5555559993
116314  24.335  -40.000  74.928 0.2222220004
41052  22.804  -39.695  75.368 0.1111110002
115697  10.032  -38.455  79.859 0.1111110002
42045  32.263  -38.492  74.716 0.4444440007
41045  31.518  -39.875  75.292 0.5555559993
113723  30.080  -40.308  74.942 0.4444440007
41051  23.560  -39.868  75.067 0.1111110002
120926  10.728  -38.075  79.585 0.1111110002
43089  32.635  -37.833  74.241 0.3333329856
41047  29.351  -40.451  74.872 0.4444440007
42047  22.138  -39.389  74.817 0.1111110002
44099  12.238  -37.334  78.909 0.1111110002
119373  29.072  -40.220  74.261 0.4444440007
41079  23.074  -39.554  73.692 0.1111110002
114302  29.239  -39.845  73.633 0.4444440007
41060  28.475  -40.113  73.861 0.3333329856
41073  28.673  -39.778  73.239 0.2222220004
44167  14.900  -36.659  76.934 0.1111110002
118389  13.434  -36.947  78.948 0.1111110002
41085  27.920  -39.450  72.285 0.1111110002
117639  27.992  -38.840  71.602 0.1111110002
42081  27.399  -38.702  71.182 0.1111110002
42093  27.102  -38.291  70.544 0.1111110002
42101  26.378  -37.986  69.981 0.1111110002
42094  25.698  -38.470  70.281 0.1111110002
42046  31.510  -39.166  74.475 0.3333329856
44162  18.758  -37.398  77.076 0.1111110002
43038  11.592  -37.714  78.385 0.1111110002
43027  11.502  -37.733  79.277 0.1111110002
118020  33.654  -36.847  73.880 0.2222220004
44221  33.034  -37.231  73.696 0.1111110002
41059  29.878  -39.950  74.254 0.3333329856
44220  33.607  -36.814  73.114 0.2222220004
42034  20.436  -38.650  75.234 0.1111110002
44145  14.346  -36.781  77.539 0.1111110002
44121  13.700  -36.890  78.212 0.1111110002
44122  12.920  -37.017  78.545 0.1111110002
42048  21.549  -38.955  74.124 0.1111110002
41084  28.495  -39.526  72.723 0.1111110002
42059  29.224  -39.295  72.890 0.1111110002
42069  28.719  -38.963  72.137 0.1111110002
42092  27.942  -38.254  70.927 0.1111110002
43039  10.856  -38.054  78.686 0.1111110002
126034  13.029  -36.985  77.841 0.1111110002
44123  12.316  -37.298  77.947 0.1111110002
45264  34.251  -36.308  72.653 0.2222220004
44146  13.544  -36.880  77.234 0.1111110002
45280  34.836  -35.718  72.259 0.3333329856
41071  30.690  -39.364  73.966 0.2222220004
41072  30.001  -39.453  73.398 0.3333329856
42067  30.032  -38.863  72.706 0.1111110002
42068  29.463  -38.806  72.269 0.1111110002
42080  28.698  -38.411  71.350 0.1111110002
42079  29.292  -38.549  71.749 0.1111110002
41969  9.444  -38.846  80.193 0.1111110002
124469  35.136  -35.093  71.929 0.3333329856
42057  31.265  -38.810  73.741 0.2222220004
42058  30.716  -38.891  73.216 0.3333329856
43103  31.455  -38.192  73.125 0.2222220004
43090  31.901  -38.359  73.959 0.3333329856
47375  35.601  -34.482  72.016 0.2222220004
46321  35.017  -34.591  71.244 0.2222220004
43104  30.733  -38.371  72.508 0.1111110002
45281  34.168  -36.082  71.821 0.2222220004
48515  35.791  -32.281  71.374 0.1111110002
119511  35.527  -33.745  71.457 0.1111110002
43102  32.316  -37.727  73.419 0.1111110002
50590  35.629  -30.631  70.665 0.1111110002
49575  35.673  -31.470  71.059 0.1111110002
44240  33.471  -36.716  72.139 0.1111110002
130002  35.834  -33.023  71.647 0.1111110002
48516  35.345  -32.934  71.028 0.1111110002
51541  35.934  -29.776  70.467 0.1111110002
51542  35.301  -30.130  70.007 0.1111110002
47400  34.945  -33.693  70.755 0.1111110002
131356  35.950  -28.797  69.688 0.1111110002
49576  35.207  -32.110  70.732 0.1111110002
48526  34.739  -32.799  70.249 0.1111110002
123085  34.800  -31.942  70.127 0.1111110002
53558  36.101  -27.617  68.882 0.1111110002
51547  35.647  -29.412  69.801 0.1111110002
52581  36.004  -28.246  69.314 0.1111110002
53557  36.570  -27.661  69.561 0.1111110002
49587  35.130  -31.364  70.412 0.1111110002
51548  35.021  -29.761  69.332 0.1111110002
54528  36.614  -26.994  69.031 0.1111110002
54527  37.123  -26.150  69.190 0.1111110002
52582  35.416  -28.921  69.100 0.1111110002
55544  37.400  -25.242  68.938 0.2222220004
56549  38.640  -24.392  69.934 0.3333329856
60835  41.753  -20.519  71.918 0.5555559993
59782  40.532  -21.711  70.723 0.5555559993
57606  39.506  -23.252  70.381 0.4444440007
60836  41.090  -21.005  71.317 0.5555559993
124960  39.962  -22.536  70.590 0.4444440007
57607  39.053  -23.860  70.158 0.4444440007
130823  35.724  -27.581  68.345 0.1111110002
52589  35.581  -28.153  68.661 0.1111110002
56550  38.073  -24.676  69.349 0.3333329856
58688  39.602  -22.708  69.707 0.4444440007
57625  38.656  -23.855  69.382 0.4444440007
61865  42.394  -19.939  71.591 0.5555559993
128514  43.197  -19.699  71.695 0.6666669846
61863  44.515  -19.756  71.535 0.7777780294
62834  44.435  -19.521  71.218 0.6666669846
57640  47.882  -22.638  66.930 0.7777780294
57650  48.104  -22.920  66.195 0.6666669846
57659  48.264  -22.883  65.316 0.6666669846
55545  36.846  -25.668  68.399 0.1111110002
57635  38.510  -23.448  68.643 0.3333329856
54544  36.052  -26.607  67.985 0.1111110002
58689  39.172  -23.361  69.758 0.4444440007
116731  40.094  -22.075  70.016 0.4444440007
60857  40.782  -20.798  69.525 0.5555559993
60846  41.600  -20.423  70.949 0.5555559993
60847  40.915  -20.902  70.399 0.5555559993
62835  43.668  -19.527  71.175 0.6666669846
61862  45.211  -19.613  71.212 0.7777780294
63958  50.826  -17.745  63.438 0.6666669846
63957  50.928  -18.108  63.518 0.6666669846
126585  50.708  -18.725  63.928 0.6666669846
60921  50.638  -19.762  64.156 0.6666669846
60911  50.605  -19.940  64.894 0.6666669846
60922  50.453  -20.432  64.646 0.5555559993
64920  50.668  -16.975  63.093 0.5555559993
57673  48.554  -22.574  64.150 0.5555559993
57666  48.078  -23.026  64.476 0.5555559993
63970  49.841  -17.197  63.074 0.6666669846
64930  49.155  -16.757  62.561 0.5555559993
57665  48.666  -22.602  64.759 0.5555559993
125741  49.463  -15.773  62.475 0.6666669846
64937  47.534  -16.491  61.709 0.3333329856
123429  51.210  -12.769  61.852 0.4444440007
68832  49.946  -13.505  61.896 0.5555559993
67886  49.017  -14.029  61.681 0.3333329856
65895  48.470  -14.794  61.562 0.6666669846
65896  47.802  -15.517  61.487 0.3333329856
65897  46.935  -15.970  61.156 0.3333329856
66909  47.790  -14.734  60.975 0.5555559993
64947  46.256  -16.392  60.813 0.3333329856
57636  38.054  -24.087  68.708 0.1111110002
56559  37.645  -24.647  68.665 0.1111110002
56560  37.144  -24.930  68.243 0.1111110002
54543  36.525  -26.425  68.464 0.1111110002
59793  40.425  -21.441  69.840 0.5555559993
61875  42.093  -19.879  70.508 0.5555559993
62833  45.006  -19.438  71.138 0.6666669846
62847  46.183  -19.246  70.321 0.7777780294
63945  50.312  -18.236  64.141 0.6666669846
62945  50.427  -18.457  64.171 0.6666669846
62934  50.348  -18.619  65.141 0.6666669846
61957  50.663  -19.272  64.491 0.6666669846
59861  49.544  -21.528  65.638 0.6666669846
58755  49.683  -21.613  64.871 0.5555559993
58750  48.478  -22.324  66.590 0.7777780294
63959  50.360  -17.678  63.497 0.6666669846
59852  49.768  -20.903  65.825 0.7777780294
58756  49.088  -22.262  65.326 0.5555559993
64931  48.195  -17.137  62.214 0.3333329856
68846  49.742  -12.942  61.174 0.3333329856
67894  48.621  -13.731  60.829 0.2222220004
67887  48.330  -14.271  61.089 0.4444440007
64939  46.177  -17.100  61.044 0.2222220004
63987  45.772  -17.684  60.946 0.2222220004
70934  52.442  -11.525  61.034 0.3333329856
113129  48.861  -12.938  59.898 0.2222220004
68856  49.007  -13.114  60.594 0.3333329856
132553  47.362  -14.661  60.412 0.3333329856
65904  46.495  -15.643  60.455 0.3333329856
64956  45.754  -16.100  60.066 0.1111110002
63988  45.141  -17.550  60.399 0.1111110002
63003  44.082  -18.395  59.850 0.1111110002
65912  45.588  -15.665  59.271 0.1111110002
130540  45.211  -16.220  59.507 0.1111110002
64957  44.733  -16.684  59.247 0.1111110002
65913  44.983  -16.001  58.885 0.1111110002
55546  36.296  -25.997  67.866 0.1111110002
61864  42.876  -19.595  70.922 0.5555559993
62850  44.148  -19.260  70.576 0.6666669846
61873  46.574  -19.626  70.186 0.7777780294
123224  47.101  -20.194  69.767 0.7777780294
63946  49.579  -18.161  64.904 0.7777780294
62918  50.087  -19.048  65.752 0.7777780294
61933  49.998  -19.792  65.810 0.7777780294
58727  47.927  -21.801  67.859 0.7777780294
62946  49.755  -18.199  63.905 0.5555559993
126590  49.829  -19.292  65.944 0.7777780294
60902  49.853  -20.419  65.847 0.7777780294
59853  49.335  -21.309  66.378 0.7777780294
58739  48.771  -21.681  66.822 0.7777780294
62954  49.580  -17.834  63.346 0.4444440007
62955  48.940  -18.382  63.413 0.4444440007
62966  48.359  -18.519  62.888 0.3333329856
63971  48.883  -17.775  62.786 0.5555559993
63973  47.178  -18.402  62.047 0.3333329856
69905  51.191  -11.649  60.714 0.3333329856
68854  50.579  -12.403  61.127 0.2222220004
63981  47.341  -17.450  61.860 0.3333329856
131455  46.555  -17.825  61.415 0.1111110002
123786  45.976  -18.414  61.257 0.1111110002
62979  45.773  -19.275  61.402 0.1111110002
61990  45.263  -19.998  61.417 0.1111110002
70942  51.963  -11.093  60.761 0.3333329856
68855  49.637  -12.576  60.237 0.2222220004
67902  47.766  -13.739  59.556 0.4444440007
66918  47.212  -14.310  59.832 0.2222220004
66910  46.809  -14.944  60.112 0.2222220004
66920  45.972  -14.986  58.961 0.1111110002
62990  45.268  -18.480  60.829 0.1111110002
62991  44.550  -19.060  60.428 0.1111110002
61998  44.679  -19.943  60.892 0.1111110002
60981  43.502  -20.472  60.345 0.1111110002
68860  49.109  -12.574  59.227 0.4444440007
68861  48.367  -13.156  59.332 0.4444440007
67903  47.068  -14.009  59.074 0.1111110002
66926  46.462  -14.408  58.602 0.1111110002
114659  53.202  -11.478  60.251 0.3333329856
67921  46.852  -13.662  57.488 0.1111110002
66927  45.823  -14.760  58.171 0.1111110002
65919  44.779  -15.782  58.129 0.1111110002
68882  47.472  -13.167  57.314 0.1111110002
60856  41.394  -20.326  69.998 0.5555559993
55554  36.606  -25.275  67.710 0.1111110002
61885  41.931  -19.835  69.515 0.4444440007
62849  45.072  -19.262  70.638 0.6666669846
62920  48.440  -18.433  65.974 0.7777780294
63921  48.418  -18.383  66.823 0.7777780294
60855  47.754  -20.191  69.245 0.7777780294
62935  48.512  -18.499  65.014 0.7777780294
63920  49.004  -18.343  66.266 0.7777780294
62900  49.072  -18.729  67.029 0.7777780294
123104  49.277  -19.192  66.989 0.7777780294
59843  48.516  -21.464  67.500 0.7777780294
62947  48.919  -18.643  64.110 0.5555559993
62899  49.505  -19.010  66.411 0.7777780294
61917  49.577  -19.557  66.461 0.7777780294
61918  49.304  -19.765  67.151 0.7777780294
60891  49.240  -20.484  67.139 0.7777780294
59827  48.749  -20.783  67.723 0.7777780294
62956  48.133  -19.007  63.487 0.3333329856
61978  47.301  -19.489  63.203 0.3333329856
127795  42.883  -20.859  63.558 0.2222220004
62968  46.970  -19.268  62.389 0.2222220004
61979  46.525  -19.851  62.885 0.1111110002
61980  45.834  -20.156  62.504 0.1111110002
60935  45.162  -20.480  62.812 0.1111110002
60937  43.565  -20.835  63.331 0.2222220004
60951  45.275  -20.418  62.017 0.1111110002
60965  44.697  -20.490  61.485 0.1111110002
69906  50.342  -11.989  60.287 0.2222220004
60952  44.591  -20.727  62.217 0.1111110002
119900  52.213  -10.757  60.160 0.3333329856
130547  50.862  -11.230  59.419 0.2222220004
69913  49.897  -11.988  59.523 0.3333329856
118559  48.447  -12.858  58.595 0.3333329856
67910  46.935  -13.822  58.274 0.1111110002
70940  53.156  -11.021  60.296 0.3333329856
68871  48.617  -12.610  57.923 0.3333329856
68872  47.906  -12.956  57.979 0.2222220004
67920  47.347  -13.371  57.951 0.2222220004
68881  48.178  -12.776  57.310 0.2222220004
126923  38.853  -22.896  68.564 0.3333329856
62851  43.355  -19.304  70.393 0.6666669846
56572  36.993  -24.554  67.544 0.1111110002
62846  46.726  -19.218  69.796 0.7777780294
62921  47.665  -18.627  66.349 0.7777780294
62901  48.549  -18.666  67.577 0.7777780294
62876  48.218  -18.912  68.239 0.7777780294
62859  47.866  -19.084  68.900 0.7777780294
61882  48.047  -19.568  68.992 0.7777780294
61883  47.340  -19.424  69.479 0.7777780294
129608  47.810  -18.735  65.544 0.5555559993
62875  48.799  -19.160  67.643 0.7777780294
61897  48.373  -19.414  68.410 0.7777780294
60875  48.360  -20.291  68.545 0.7777780294
62949  47.601  -19.045  64.798 0.4444440007
60874  48.863  -19.970  67.821 0.7777780294
61958  47.534  -19.507  63.968 0.4444440007
61967  46.699  -19.790  63.722 0.3333329856
61959  46.824  -19.525  64.588 0.4444440007
61969  44.919  -20.407  63.684 0.2222220004
60936  44.382  -20.733  63.080 0.2222220004
70950  51.991  -10.458  59.407 0.3333329856
69922  50.402  -11.513  58.944 0.3333329856
69923  49.587  -12.011  58.668 0.3333329856
69924  49.273  -12.169  57.917 0.3333329856
70949  52.889  -10.506  59.881 0.3333329856
69937  48.856  -12.402  57.286 0.2222220004
130443  48.462  -12.607  56.778 0.1111110002
69911  53.529  -11.034  59.605 0.3333329856
68869  53.559  -12.000  58.846 0.3333329856
68880  53.930  -12.110  57.720 0.3333329856
68893  47.773  -12.922  56.553 0.1111110002
69921  53.681  -11.333  59.090 0.3333329856
67919  53.463  -12.722  57.353 0.3333329856
68892  48.427  -12.617  56.161 0.1111110002
127442  47.880  -12.877  55.848 0.1111110002
68891  54.779  -12.173  56.746 0.3333329856
67918  54.142  -12.570  56.969 0.3333329856
69966  49.039  -12.354  55.851 0.1111110002
68879  55.130  -11.401  57.008 0.3333329856
131772  43.740  -19.112  69.939 0.5555559993
62879  45.368  -18.878  68.395 0.7777780294
113875  46.970  -18.757  69.068 0.7777780294
62860  46.457  -19.026  69.833 0.7777780294
62848  45.823  -19.193  70.361 0.7777780294
62902  47.666  -18.514  67.377 0.7777780294
116745  47.324  -18.691  68.265 0.7777780294
117064  47.238  -18.975  69.359 0.7777780294
62936  46.929  -19.051  65.582 0.5555559993
62922  46.759  -18.815  66.634 0.7777780294
61961  43.623  -20.315  64.844 0.4444440007
61951  42.842  -20.264  65.386 0.4444440007
61949  46.091  -19.508  65.178 0.4444440007
61960  46.027  -19.836  64.336 0.2222220004
129956  45.340  -20.041  64.186 0.2222220004
60923  44.077  -20.574  63.963 0.3333329856
60924  43.250  -20.676  64.114 0.4444440007
70960  51.473  -10.616  58.346 0.3333329856
128023  50.741  -11.144  58.373 0.3333329856
69935  50.065  -11.626  57.959 0.2222220004
71949  52.755  -10.152  59.240 0.3333329856
70973  50.787  -11.090  57.623 0.1111110002
69936  49.527  -11.968  57.209 0.2222220004
69950  49.058  -12.267  56.562 0.2222220004
70948  53.398  -10.602  59.519 0.3333329856
70985  50.908  -11.115  56.757 0.2222220004
69948  50.236  -11.555  57.039 0.2222220004
69949  49.724  -11.903  56.486 0.2222220004
68868  54.105  -11.353  58.299 0.3333329856
113340  50.373  -11.579  56.222 0.2222220004
131726  49.387  -12.108  56.155 0.1111110002
58713  39.344  -22.523  68.875 0.4444440007
62862  44.508  -19.064  69.802 0.5555559993
59808  39.897  -21.915  69.239 0.3333329856
120453  45.017  -18.852  69.119 0.7777780294
62861  45.531  -18.990  69.915 0.6666669846
62878  46.333  -18.778  68.381 0.7777780294
62923  45.859  -19.054  66.877 0.7777780294
62924  44.339  -19.469  66.902 0.6666669846
61919  43.409  -19.681  67.092 0.5555559993
61936  42.815  -19.919  66.302 0.4444440007
120835  41.686  -19.936  67.414 0.5555559993
117298  45.125  -19.127  67.069 0.6666669846
62938  45.107  -19.402  66.279 0.6666669846
61935  43.671  -19.754  66.403 0.4444440007
61952  42.028  -20.326  65.770 0.3333329856
62937  45.991  -19.160  66.006 0.6666669846
120072  44.808  -19.722  65.455 0.4444440007
132148  44.146  -19.911  65.319 0.4444440007
118936  45.463  -19.545  65.581 0.4444440007
113139  45.366  -19.760  64.882 0.3333329856
113399  44.595  -20.056  64.607 0.4444440007
71960  53.011  -9.844  58.587 0.3333329856
71976  52.138  -10.052  57.938 0.3333329856
71948  53.350  -10.263  59.216 0.3333329856
69920  54.056  -10.680  58.702 0.3333329856
70997  51.065  -11.202  55.934 0.3333329856
69965  49.744  -12.001  55.731 0.2222220004
60858  40.287  -21.234  69.167 0.5555559993
60876  40.569  -20.778  68.628 0.5555559993
62882  42.953  -19.445  68.799 0.5555559993
62864  43.134  -19.289  69.627 0.5555559993
62880  44.533  -19.050  68.397 0.5555559993
123010  44.284  -19.014  69.007 0.5555559993
62863  43.719  -19.206  69.268 0.5555559993
62905  44.824  -19.123  67.685 0.6666669846
114434  42.502  -19.791  67.241 0.4444440007
71993  52.150  -10.228  57.048 0.3333329856
70972  51.495  -10.643  57.345 0.2222220004
132533  56.652  -9.607  53.574 0.2222220004
61898  42.247  -19.667  68.887 0.4444440007
61899  41.666  -19.895  68.666 0.5555559993
61886  41.184  -20.240  69.114 0.5555559993
62881  43.765  -19.294  68.513 0.5555559993
61920  43.109  -19.487  67.905 0.4444440007
61921  42.220  -19.706  68.125 0.4444440007
62906  43.995  -19.366  67.748 0.6666669846
71011  56.165  -10.056  53.193 0.2222220004
72028  56.937  -9.585  52.839 0.3333329856
35111  5.006  -45.071  86.433 0.1111110002
36886  4.788  -43.052  87.783 0.3333329856
36032  6.728  -44.191  83.394 0.1111110002
38820  4.866  -41.727  88.009 0.3333329856
36039  7.786  -44.470  82.459 0.1111110002
35998  4.229  -44.959  87.096 0.2222220004
39869  4.691  -41.094  87.891 0.3333329856
36024  5.310  -44.484  84.637 0.1111110002
35130  4.538  -44.860  84.523 0.1111110002
36042  5.059  -44.569  83.210 0.1111110002
134687  4.202  -44.318  87.346 0.3333329856
40901  5.169  -40.479  86.582 0.1111110002
39868  5.263  -40.478  88.017 0.3333329856
37822  3.827  -42.333  87.511 0.2222220004
39876  3.665  -41.485  86.807 0.2222220004
36058  7.238  -44.774  80.971 0.1111110002
119747  6.995  -40.322  82.746 0.1111110002
69933  55.373  -10.785  57.092 0.3333329856
70971  55.164  -10.210  57.536 0.3333329856
120549  54.527  -11.629  57.454 0.3333329856
69934  54.740  -10.799  57.752 0.3333329856
71972  55.362  -9.794  57.143 0.3333329856
70959  54.609  -10.198  58.152 0.3333329856
70984  51.616  -10.765  56.495 0.1111110002
70947  54.129  -10.229  58.687 0.3333329856
71958  54.551  -9.936  58.225 0.3333329856
116170  54.276  -9.648  58.025 0.3333329856
62832  45.531  -19.419  70.734 0.7777780294
33368  -0.747  -46.484  84.152 0.1111110002
122250  -0.030  -47.133  83.475 0.1111110002
131351  -1.123  -46.038  84.419 0.1111110002
34264  1.815  -46.669  83.211 0.1111110002
34272  1.729  -46.899  82.302 0.1111110002
34270  3.157  -45.969  82.958 0.1111110002
34257  1.462  -46.487  84.495 0.1111110002
35155  3.795  -45.641  81.743 0.1111110002
128493  5.504  -45.104  87.011 0.1111110002
130613  6.249  -45.070  87.079 0.2222220004
35129  4.813  -44.845  85.369 0.1111110002
128904  6.004  -44.287  84.692 0.1111110002
35116  -0.536  -45.159  85.158 0.1111110002
36011  -0.753  -44.424  85.276 0.1111110002
35162  5.611  -45.088  80.482 0.1111110002
36033  5.793  -44.299  83.831 0.1111110002
34256  2.193  -46.180  84.824 0.1111110002
34247  1.738  -45.997  85.132 0.1111110002
121565  0.406  -44.773  85.614 0.1111110002
35137  3.721  -45.432  83.355 0.1111110002
36034  5.009  -44.576  83.963 0.1111110002
35143  5.055  -44.745  82.236 0.1111110002
36883  7.217  -43.364  87.585 0.3333329856
36040  6.845  -44.278  82.535 0.1111110002
36047  6.054  -44.447  81.915 0.1111110002
35123  3.554  -45.523  85.449 0.1111110002
34237  2.009  -45.552  85.632 0.1111110002
136601  2.290  -44.722  86.294 0.1111110002
36887  4.158  -43.265  87.565 0.3333329856
37813  6.168  -42.165  87.991 0.3333329856
35112  4.223  -45.178  86.646 0.1111110002
35106  2.819  -44.819  86.485 0.1111110002
118797  2.196  -43.524  86.550 0.1111110002
36001  1.420  -43.868  86.154 0.1111110002
37821  4.500  -42.399  87.781 0.3333329856
39872  4.290  -41.202  87.249 0.3333329856
40896  5.193  -40.431  87.338 0.1111110002
39875  4.473  -40.911  86.956 0.3333329856
39880  4.579  -40.899  86.107 0.1111110002
38826  3.081  -42.339  87.088 0.2222220004
38825  3.703  -41.765  87.246 0.2222220004
39870  4.278  -41.358  87.427 0.3333329856
38824  4.264  -41.684  87.656 0.3333329856
118186  14.252  -36.733  76.779 0.1111110002
41063  25.776  -40.422  74.346 0.2222220004
41074  27.884  -39.920  73.161 0.2222220004
41066  22.944  -39.660  74.522 0.1111110002
118983  22.352  -39.269  74.003 0.1111110002
58740  48.248  -22.073  67.273 0.7777780294
58757  48.649  -22.534  65.946 0.6666669846
127891  50.591  -18.819  64.573 0.6666669846
59867  50.127  -20.996  64.407 0.5555559993
125512  49.968  -20.905  63.813 0.5555559993
64929  49.998  -16.275  62.825 0.5555559993
65887  48.396  -16.148  62.119 0.5555559993
121446  48.636  -15.388  62.018 0.5555559993
130821  50.452  -12.951  61.725 0.4444440007
67875  49.889  -14.182  62.208 0.4444440007
68847  49.236  -13.454  61.228 0.4444440007
66895  49.412  -14.852  62.207 0.4444440007
65903  47.133  -15.203  60.820 0.3333329856
64938  46.775  -16.848  61.345 0.3333329856
59828  48.222  -21.197  68.207 0.7777780294
114127  50.107  -18.236  65.034 0.7777780294
61932  50.304  -19.171  65.508 0.7777780294
63933  49.885  -18.456  65.564 0.7777780294
60912  50.277  -20.491  65.336 0.7777780294
59860  50.150  -21.040  65.172 0.6666669846
60903  49.505  -20.771  66.467 0.7777780294
58749  49.039  -21.966  66.160 0.6666669846
67895  47.886  -14.097  60.403 0.4444440007
64948  45.683  -16.908  60.551 0.1111110002
70943  51.387  -10.993  59.963 0.3333329856
67901  48.409  -13.462  60.080 0.4444440007
65911  46.186  -15.311  59.717 0.2222220004
63994  44.505  -17.489  59.705 0.1111110002
64949  45.130  -16.785  59.945 0.1111110002
122300  44.679  -18.165  60.264 0.1111110002
120165  45.385  -15.376  58.523 0.1111110002
63935  48.843  -18.345  65.532 0.7777780294
63934  49.527  -18.322  65.613 0.7777780294
62919  49.334  -18.591  66.207 0.7777780294
59842  49.064  -21.102  67.023 0.7777780294
62967  47.720  -18.920  62.671 0.3333329856
63972  47.985  -18.115  62.361 0.3333329856
62978  46.497  -18.832  61.709 0.1111110002
62980  45.105  -19.354  61.003 0.1111110002
61989  45.742  -19.973  61.842 0.1111110002
61988  46.289  -19.634  62.066 0.1111110002
69912  50.664  -11.568  59.788 0.2222220004
66919  46.627  -14.669  59.369 0.1111110002
61999  44.047  -19.835  60.384 0.1111110002
60980  44.091  -20.511  60.925 0.2222220004
60966  43.982  -20.866  61.610 0.2222220004
67909  47.688  -13.415  58.675 0.2222220004
67911  46.304  -14.169  57.821 0.1111110002
65918  45.162  -15.118  57.751 0.1111110002
63904  48.380  -18.506  67.414 0.7777780294
62948  48.166  -19.039  64.196 0.4444440007
61962  42.873  -20.551  64.711 0.4444440007
61968  45.813  -20.146  63.443 0.2222220004
70961  51.087  -10.924  59.080 0.3333329856
63892  48.052  -18.624  67.994 0.7777780294
62877  47.691  -18.832  68.685 0.7777780294
131431  53.707  -10.524  59.075 0.3333329856
62904  45.655  -18.885  67.660 0.6666669846
119564  45.977  -19.013  69.141 0.7777780294
62903  46.592  -18.732  67.563 0.7777780294
61950  43.538  -19.925  65.699 0.4444440007
71947  53.706  -10.364  58.996 0.3333329856
61934  44.258  -19.692  66.009 0.5555559993
61937  41.851  -20.050  66.603 0.4444440007
71975  52.931  -9.779  57.584 0.3333329856
134327  41.514  -19.936  68.029 0.5555559993
70970  55.638  -10.249  56.868 0.3333329856
71959  53.946  -9.936  58.691 0.3333329856
118114  53.615  -9.660  58.170 0.3333329856
128990  52.710  -10.004  56.780 0.1111110002
36159  28.423  -43.891  74.638 0.1111110002
36171  29.049  -43.528  74.093 0.2222220004
37029  28.749  -43.251  73.386 0.1111110002
37030  27.973  -43.411  73.284 0.1111110002
36172  28.370  -43.566  73.869 0.1111110002
37046  27.550  -43.263  72.574 0.1111110002
37055  27.131  -43.127  71.865 0.1111110002
37006  30.578  -43.589  74.657 0.2222220004
37005  31.259  -43.378  74.425 0.2222220004
132725  30.531  -43.181  73.796 0.2222220004
37007  29.842  -43.484  74.317 0.2222220004
37043  30.067  -42.809  72.942 0.2222220004
37028  29.570  -43.176  73.559 0.2222220004
37966  29.663  -42.566  72.151 0.1111110002
37044  29.215  -42.956  72.768 0.1111110002
37053  28.820  -42.759  71.998 0.1111110002
37045  28.375  -43.084  72.657 0.1111110002
37054  27.954  -42.898  71.922 0.1111110002
37004  32.031  -43.288  74.438 0.2222220004
37027  31.483  -43.091  73.683 0.2222220004
120924  30.957  -42.838  72.979 0.2222220004
37965  30.524  -42.473  72.260 0.2222220004
37982  30.108  -42.179  71.486 0.1111110002
37983  29.241  -42.284  71.424 0.1111110002
37984  28.356  -42.408  71.228 0.1111110002
37026  32.371  -42.957  73.569 0.3333329856
37041  32.324  -42.599  72.914 0.3333329856
119138  31.992  -42.402  72.514 0.2222220004
37981  31.988  -42.117  71.805 0.2222220004
37964  31.367  -42.428  72.368 0.2222220004
125935  31.038  -42.149  71.584 0.2222220004
133564  33.348  -41.733  71.815 0.3333329856
37962  33.366  -42.070  72.415 0.3333329856
37025  33.215  -42.831  73.851 0.3333329856
37980  32.835  -41.909  71.782 0.2222220004
37040  32.938  -42.566  73.069 0.3333329856
38981  33.201  -41.333  71.302 0.2222220004
37995  32.403  -41.601  71.177 0.2222220004
37963  32.574  -42.258  72.423 0.3333329856
39001  32.665  -41.063  70.601 0.2222220004
39020  32.829  -40.593  69.875 0.2222220004
37961  34.206  -41.920  72.759 0.3333329856
37945  34.445  -42.159  73.654 0.4444440007
37960  34.929  -41.652  73.159 0.4444440007
122099  33.903  -41.503  71.880 0.3333329856
39000  33.328  -40.681  70.586 0.2222220004
37944  35.070  -41.834  73.993 0.4444440007
37930  34.544  -42.257  74.500 0.4444440007
38958  35.496  -41.203  73.567 0.4444440007
38967  34.676  -41.336  72.332 0.3333329856
113251  33.879  -40.852  71.196 0.2222220004
40046  35.627  -40.496  72.414 0.4444440007
40054  35.384  -40.158  71.722 0.4444440007
38966  35.294  -41.060  72.728 0.4444440007
43113  38.760  -36.402  73.345 0.6666669846
43114  38.505  -37.010  73.118 0.6666669846
38979  34.831  -40.386  71.372 0.3333329856
119699  35.103  -40.784  71.979 0.3333329856
43124  38.393  -36.861  72.490 0.5555559993
38998  34.512  -40.015  70.792 0.2222220004
38999  34.357  -40.502  71.110 0.2222220004
42089  37.447  -37.328  71.391 0.4444440007
40073  34.753  -39.471  70.484 0.2222220004
40061  33.952  -40.312  70.605 0.2222220004
43136  37.252  -37.097  70.703 0.3333329856
40045  36.153  -40.197  72.913 0.4444440007
42043  38.063  -37.400  73.976 0.6666669846
40053  35.928  -39.830  72.173 0.4444440007
41083  37.065  -39.136  72.927 0.5555559993
40044  36.646  -39.699  73.190 0.5555559993
42056  37.691  -38.079  73.855 0.5555559993
41082  37.431  -38.453  72.784 0.5555559993
40052  36.526  -39.514  72.573 0.5555559993
42055  38.099  -37.545  73.471 0.6666669846
118714  37.281  -37.905  72.026 0.5555559993
41094  35.995  -38.765  71.086 0.4444440007
42091  36.362  -38.143  70.725 0.3333329856
46260  36.378  -34.866  75.765 0.6666669846
49586  40.253  -31.118  70.946 0.5555559993
47359  36.743  -33.318  73.790 0.5555559993
131869  37.108  -32.212  73.846 0.4444440007
48493  36.910  -32.569  73.521 0.3333329856
49549  37.102  -31.838  73.383 0.3333329856
60814  41.525  -21.200  73.220 0.6666669846
57557  40.052  -23.668  72.968 0.4444440007
58641  41.077  -22.871  74.321 0.5555559993
128162  38.895  -24.470  70.718 0.3333329856
55528  38.586  -25.269  70.888 0.3333329856
56542  38.353  -25.012  70.150 0.2222220004
59764  41.130  -21.923  73.600 0.5555559993
61852  43.046  -20.036  72.392 0.5555559993
61853  42.379  -20.243  72.425 0.5555559993
56556  44.629  -23.053  68.101 0.4444440007
120649  40.303  -23.037  72.906 0.5555559993
56533  39.429  -24.157  71.604 0.3333329856
57571  39.905  -23.496  72.235 0.3333329856
57586  39.329  -23.780  70.838 0.3333329856
132146  40.772  -22.652  73.574 0.3333329856
58661  40.264  -22.720  72.129 0.3333329856
58672  39.815  -23.183  71.302 0.3333329856
59773  40.704  -21.959  72.163 0.3333329856
59783  40.330  -22.298  71.402 0.3333329856
120862  40.660  -20.566  67.927 0.4444440007
57651  47.333  -23.189  66.515 0.6666669846
56588  46.920  -23.540  65.721 0.4444440007
57660  47.594  -23.404  64.826 0.5555559993
131659  47.152  -23.620  65.095 0.4444440007
69964  50.543  -11.717  55.434 0.1111110002
128929  51.834  -10.922  55.711 0.1111110002
71005  53.020  -10.798  55.101 0.1111110002
71004  53.749  -10.613  54.984 0.1111110002
71002  55.371  -10.118  54.387 0.1111110002
71014  53.990  -10.962  54.356 0.1111110002
69973  53.151  -11.215  54.412 0.1111110002
72020  56.084  -9.818  53.967 0.2222220004
71013  54.665  -10.976  53.867 0.1111110002
71012  55.513  -10.549  53.569 0.1111110002
73006  59.477  -8.216  42.180 0.1111110002
72996  59.247  -7.862  43.178 0.1111110002
40060  35.086  -39.761  71.058 0.2222220004
42066  37.965  -37.632  72.757 0.5555559993
41095  35.350  -39.045  70.567 0.2222220004
43125  37.870  -37.175  71.970 0.5555559993
42090  36.918  -37.706  71.130 0.4444440007
41098  34.687  -38.978  69.922 0.2222220004
41099  34.169  -39.115  69.430 0.2222220004
41093  36.609  -38.402  71.526 0.4444440007
42099  36.634  -37.464  70.354 0.3333329856
41091  36.285  -39.152  71.838 0.4444440007
40059  35.672  -39.457  71.404 0.2222220004
37946  33.701  -42.411  73.318 0.3333329856
38957  35.954  -40.593  73.549 0.4444440007
41069  37.365  -38.791  73.238 0.5555559993
43101  38.458  -36.891  73.654 0.6666669846
50571  36.940  -30.715  72.430 0.1111110002
50572  36.539  -31.031  71.982 0.1111110002
55529  38.117  -25.731  70.403 0.3333329856
57641  47.361  -22.827  67.243 0.5555559993
60824  41.941  -20.636  72.810 0.4444440007
120621  40.786  -21.628  71.566 0.3333329856
117081  40.966  -21.630  72.854 0.4444440007
123301  47.592  -23.300  65.627 0.4444440007
60913  42.166  -20.548  64.947 0.2222220004
37042  31.747  -42.768  72.982 0.3333329856
38980  34.488  -40.917  71.620 0.2222220004
114294  37.672  -38.224  73.313 0.5555559993
41090  36.847  -38.753  72.326 0.5555559993
118440  35.813  -38.452  70.417 0.3333329856
49561  36.752  -31.595  72.513 0.1111110002
40897  11.324  -38.459  86.080 0.2222220004
40903  10.398  -39.014  85.662 0.3333329856
41899  12.156  -37.787  86.556 0.2222220004
131422  9.662  -39.767  84.672 0.2222220004
38838  9.285  -41.132  84.962 0.2222220004
42947  12.995  -37.240  86.436 0.2222220004
113324  12.976  -37.765  86.158 0.2222220004
40915  10.252  -39.318  84.780 0.2222220004
39884  10.056  -39.657  84.049 0.1111110002
41898  13.753  -37.422  86.020 0.2222220004
41908  13.347  -38.109  85.611 0.1111110002
40902  12.378  -38.377  85.645 0.2222220004
40914  11.361  -39.014  85.059 0.1111110002
40934  10.887  -39.326  84.086 0.2222220004
41923  13.002  -38.635  85.077 0.2222220004
114074  11.917  -39.196  84.161 0.1111110002
41922  13.748  -38.499  84.987 0.2222220004
133903  12.362  -39.309  83.512 0.1111110002
118618  13.740  -39.132  83.516 0.1111110002
41894  10.390  -38.314  87.317 0.3333329856
40898  10.399  -38.621  86.549 0.3333329856
41900  11.263  -38.114  86.956 0.3333329856
41892  11.643  -37.626  87.080 0.3333329856
42936  12.094  -37.277  86.860 0.2222220004
118298  14.023  -37.921  85.512 0.2222220004
113013  14.581  -38.137  85.066 0.2222220004
40911  14.284  -38.768  84.185 0.2222220004
128764  15.040  -38.816  83.687 0.2222220004
40910  15.224  -38.347  84.407 0.2222220004
43983  10.575  -37.360  87.652 0.3333329856
41886  10.379  -38.073  87.795 0.3333329856
43989  11.233  -37.019  87.447 0.3333329856
41893  11.106  -37.847  87.462 0.3333329856
40899  9.705  -39.335  86.265 0.3333329856
43988  11.797  -37.095  87.059 0.3333329856
44000  13.379  -36.950  86.236 0.1111110002
43999  14.002  -36.985  86.062 0.2222220004
42946  13.737  -37.076  86.206 0.2222220004
44001  12.486  -36.971  86.579 0.2222220004
42945  14.319  -37.083  85.957 0.2222220004
42961  15.084  -37.122  85.562 0.2222220004
41907  14.554  -37.434  85.617 0.2222220004
41906  15.460  -37.596  85.165 0.1111110002
41938  16.663  -38.424  83.683 0.2222220004
118550  16.120  -38.081  84.470 0.2222220004
40929  17.273  -38.840  83.126 0.2222220004
40930  16.381  -38.874  82.956 0.2222220004
40893  9.706  -39.034  87.098 0.3333329856
44003  10.806  -36.926  86.775 0.2222220004
43990  10.608  -36.991  87.342 0.3333329856
44002  11.679  -36.931  86.803 0.3333329856
44016  11.266  -36.865  86.071 0.2222220004
120534  12.103  -36.806  86.101 0.2222220004
123278  12.332  -36.748  85.165 0.2222220004
118587  11.628  -36.883  84.329 0.2222220004
44013  14.617  -36.942  85.664 0.1111110002
44028  14.163  -36.679  84.855 0.1111110002
44039  13.371  -36.659  83.995 0.2222220004
44012  15.553  -36.985  85.360 0.1111110002
42960  15.959  -37.156  85.272 0.1111110002
41905  16.460  -37.478  84.972 0.1111110002
41921  16.922  -38.063  84.078 0.2222220004
39907  18.052  -39.662  81.852 0.2222220004
36952  20.821  -42.716  79.332 0.3333329856
36971  20.197  -42.687  78.143 0.3333329856
42934  9.452  -37.730  87.897 0.3333329856
41881  9.521  -38.189  88.273 0.3333329856
43984  10.036  -37.628  87.871 0.3333329856
42933  10.140  -37.969  87.999 0.3333329856
41887  9.809  -38.280  88.070 0.3333329856
44004  10.005  -37.272  86.451 0.2222220004
44011  16.340  -36.980  85.188 0.1111110002
128403  15.994  -36.745  85.015 0.1111110002
44027  15.171  -36.704  85.019 0.1111110002
42959  16.745  -37.138  85.055 0.1111110002
44026  16.434  -36.692  84.437 0.3333329856
41920  17.980  -38.120  83.962 0.2222220004
40945  18.173  -39.303  82.736 0.4444440007
39922  18.652  -40.359  81.553 0.4444440007
36943  21.498  -42.605  80.558 0.3333329856
37878  20.825  -42.474  80.106 0.3333329856
39935  18.511  -40.597  80.946 0.3333329856
36962  20.288  -42.622  78.820 0.3333329856
36953  20.041  -42.307  79.475 0.3333329856
42938  9.526  -37.522  87.095 0.2222220004
42939  8.731  -37.906  87.592 0.3333329856
42948  9.379  -37.737  86.350 0.2222220004
42958  17.343  -37.118  84.776 0.2222220004
44010  16.881  -36.929  85.032 0.2222220004
44036  17.100  -36.723  83.775 0.3333329856
41919  18.688  -38.088  83.899 0.3333329856
41903  17.890  -37.488  84.350 0.3333329856
41936  18.321  -38.455  83.674 0.3333329856
39892  19.154  -39.649  82.880 0.3333329856
37853  21.477  -41.834  81.771 0.4444440007
42100  36.039  -37.895  70.003 0.2222220004
44024  17.248  -36.929  84.705 0.3333329856
44023  18.162  -37.082  84.240 0.3333329856
44035  18.000  -36.844  83.763 0.3333329856
42977  17.853  -37.154  84.448 0.3333329856
42976  18.519  -37.549  83.987 0.3333329856
44066  17.255  -36.849  81.876 0.2222220004
40909  18.818  -38.717  83.501 0.4444440007
129606  17.018  -36.909  81.080 0.2222220004
40983  24.549  -39.955  79.555 0.3333329856
43159  36.042  -36.980  68.806 0.2222220004
44034  18.601  -36.997  83.723 0.3333329856
119634  19.747  -38.261  83.490 0.3333329856
44022  18.855  -37.342  83.727 0.3333329856
44048  17.623  -36.799  82.865 0.3333329856
126291  19.690  -38.661  83.434 0.3333329856
40974  23.772  -39.795  80.105 0.2222220004
116087  17.766  -36.932  81.155 0.2222220004
40984  23.789  -39.701  79.214 0.2222220004
129048  23.214  -39.466  79.608 0.1111110002
41977  22.465  -39.109  79.540 0.1111110002
40999  23.675  -39.738  78.377 0.1111110002
41976  23.082  -39.373  78.881 0.1111110002
127878  21.665  -38.923  78.372 0.2222220004
43158  36.649  -36.539  69.154 0.1111110002
44290  37.059  -36.003  68.667 0.1111110002
44047  18.482  -36.887  83.043 0.3333329856
42989  19.582  -37.644  83.396 0.3333329856
44046  19.129  -37.129  83.268 0.3333329856
43134  38.268  -36.626  71.864 0.3333329856
44268  38.369  -36.149  71.413 0.2222220004
44269  37.981  -36.143  70.746 0.2222220004
43157  37.282  -36.191  69.518 0.2222220004
41030  32.793  -39.828  76.263 0.5555559993
42031  32.675  -38.671  75.373 0.5555559993
42032  32.381  -39.447  75.667 0.5555559993
41032  31.174  -40.460  75.917 0.3333329856
43088  33.387  -37.254  74.579 0.3333329856
43076  32.908  -37.958  75.051 0.2222220004
45247  34.235  -36.418  73.559 0.2222220004
45298  38.849  -35.503  71.653 0.4444440007
44278  38.357  -35.617  70.814 0.3333329856
43064  33.225  -38.223  75.633 0.5555559993
42020  33.232  -38.885  76.010 0.4444440007
119694  34.032  -36.906  75.191 0.5555559993
43075  33.592  -37.626  75.425 0.5555559993
44198  34.518  -36.373  74.919 0.5555559993
44199  34.092  -36.619  74.400 0.4444440007
46284  35.464  -35.364  73.670 0.3333329856
45263  34.917  -35.877  73.145 0.3333329856
45246  34.791  -35.958  74.209 0.3333329856
46297  35.498  -35.162  72.696 0.3333329856
44219  39.031  -35.800  73.477 0.5555559993
45299  34.657  -35.453  71.468 0.1111110002
135591  39.224  -35.257  71.995 0.4444440007
44153  34.854  -37.148  76.110 0.5555559993
44176  34.244  -37.342  75.849 0.5555559993
43063  33.875  -38.172  76.072 0.5555559993
44175  34.766  -36.597  75.622 0.5555559993
46283  35.877  -34.894  74.134 0.4444440007
46296  35.936  -34.670  73.407 0.3333329856
47360  36.328  -33.907  73.189 0.2222220004
49574  40.485  -31.746  71.455 0.4444440007
48503  36.775  -32.336  72.888 0.2222220004
65010  48.581  -16.392  54.726 0.1111110002
65026  50.764  -16.700  53.561 0.1111110002
53551  37.104  -27.770  70.405 0.1111110002
63993  48.787  -17.388  59.647 0.2222220004
63001  48.946  -18.132  60.233 0.2222220004
62989  48.784  -18.905  60.470 0.2222220004
64955  48.624  -16.646  59.015 0.2222220004
63013  47.658  -18.187  59.064 0.2222220004
65925  49.036  -15.294  57.492 0.1111110002
64963  48.708  -15.935  58.264 0.2222220004
64003  47.419  -17.582  58.305 0.2222220004
65933  49.184  -15.169  56.530 0.1111110002
126930  47.992  -16.025  56.786 0.1111110002
65967  50.750  -15.493  54.569 0.1111110002
64992  49.014  -15.821  55.186 0.1111110002
64994  47.750  -16.337  55.795 0.1111110002
65008  50.307  -16.124  54.186 0.1111110002
133957  51.385  -16.934  53.157 0.1111110002
53550  37.661  -26.958  70.532 0.1111110002
116730  50.656  -20.010  63.224 0.4444440007
59875  50.131  -20.587  63.199 0.4444440007
62965  50.821  -18.584  62.433 0.4444440007
60949  50.522  -19.887  62.751 0.4444440007
59876  49.519  -21.282  63.518 0.4444440007
62976  50.677  -17.899  61.954 0.4444440007
62977  50.292  -18.682  61.717 0.4444440007
61986  50.434  -19.296  62.262 0.4444440007
60950  49.759  -20.426  62.554 0.4444440007
59890  49.355  -21.123  62.853 0.4444440007
58780  48.128  -22.424  62.741 0.4444440007
63985  50.548  -17.211  61.475 0.4444440007
62987  50.137  -17.965  61.261 0.3333329856
114849  50.770  -15.621  60.615 0.3333329856
63986  50.049  -17.326  60.817 0.3333329856
125478  49.636  -17.901  60.715 0.3333329856
65910  50.452  -15.270  59.696 0.2222220004
64946  49.843  -16.821  60.374 0.2222220004
66924  51.343  -14.025  58.748 0.1111110002
115263  50.113  -14.916  58.787 0.2222220004
64962  49.261  -16.015  59.140 0.2222220004
66934  50.457  -14.298  57.469 0.1111110002
120962  52.093  -13.810  56.319 0.1111110002
66959  50.647  -14.607  55.750 0.1111110002
65932  49.925  -14.800  56.137 0.1111110002
65945  53.165  -14.783  54.803 0.2222220004
65946  52.135  -14.769  54.908 0.1111110002
131319  37.971  -26.327  70.649 0.1111110002
55536  37.778  -25.512  69.675 0.1111110002
61976  51.089  -19.126  63.197 0.4444440007
60934  50.446  -20.341  63.820 0.4444440007
59868  49.613  -21.489  64.174 0.4444440007
62964  51.213  -18.516  62.949 0.4444440007
60948  50.885  -19.569  63.073 0.4444440007
58771  48.998  -21.936  63.873 0.4444440007
63980  50.809  -17.181  62.145 0.4444440007
58779  48.813  -21.793  63.172 0.4444440007
57674  47.917  -23.100  63.728 0.4444440007
57667  47.486  -23.556  64.023 0.3333329856
57693  47.561  -23.107  62.350 0.3333329856
57675  47.373  -23.672  63.266 0.3333329856
64944  50.989  -15.764  61.423 0.4444440007
66908  51.761  -14.594  60.930 0.2222220004
65909  51.211  -14.930  60.271 0.2222220004
66933  51.851  -13.445  58.160 0.1111110002
66932  52.178  -13.416  57.126 0.2222220004
135679  51.583  -13.647  57.527 0.2222220004
66957  52.594  -14.201  55.569 0.2222220004
56568  44.479  -23.406  67.424 0.3333329856
62953  51.092  -18.538  63.407 0.4444440007
56578  45.887  -23.735  66.193 0.3333329856
126602  45.279  -23.579  66.785 0.3333329856
63979  50.939  -17.134  62.617 0.4444440007
136129  51.074  -17.648  63.247 0.4444440007
56589  46.314  -23.738  65.717 0.3333329856
63969  51.160  -17.760  63.131 0.4444440007
126467  46.986  -23.844  64.370 0.3333329856
64928  50.872  -16.176  62.500 0.4444440007
66902  51.686  -14.466  61.584 0.4444440007
135774  51.391  -15.026  61.835 0.4444440007
67892  52.975  -12.527  60.360 0.3333329856
66915  52.209  -13.752  60.543 0.3333329856
67899  52.667  -13.167  59.775 0.2222220004
67900  52.040  -13.635  59.180 0.1111110002
67908  52.483  -13.170  58.795 0.2222220004
56566  46.031  -23.415  66.952 0.3333329856
64919  51.010  -17.061  62.994 0.4444440007
65872  50.672  -16.099  62.775 0.4444440007
65886  50.186  -15.687  62.956 0.4444440007
65884  51.142  -15.225  62.168 0.4444440007
66893  51.062  -14.568  62.314 0.4444440007
118621  50.071  -15.152  62.709 0.4444440007
66892  51.505  -14.299  61.907 0.4444440007
67893  52.615  -13.097  60.695 0.3333329856
70059  59.948  -11.394  45.880 0.1111110002
71087  60.596  -10.755  45.492 0.1111110002
39878  9.338  -40.292  85.159 0.2222220004
38847  9.299  -41.314  84.053 0.2222220004
37865  21.756  -42.258  81.411 0.3333329856
40944  22.192  -39.919  82.170 0.2222220004
37899  19.720  -42.351  78.570 0.3333329856
38885  18.791  -41.089  80.363 0.3333329856
41978  21.701  -38.856  79.072 0.2222220004
40998  24.423  -39.903  78.733 0.2222220004
40973  24.555  -40.109  80.239 0.3333329856
41031  31.910  -40.211  76.069 0.5555559993
44256  38.705  -36.170  72.247 0.4444440007
123020  35.341  -36.015  75.735 0.4444440007
45234  35.758  -35.507  75.368 0.4444440007
46271  36.115  -34.858  74.896 0.5555559993
41966  22.971  -39.377  80.321 0.1111110002
57642  46.732  -23.147  67.237 0.4444440007
127266  13.197  -36.688  85.022 0.2222220004
46310  35.932  -34.405  72.693 0.2222220004
54514  37.624  -26.271  70.036 0.1111110002
61966  50.864  -19.154  63.728 0.4444440007
60933  50.777  -19.632  63.453 0.4444440007
58764  49.157  -22.128  64.530 0.4444440007
58772  48.352  -22.500  63.448 0.4444440007
67874  50.679  -14.002  62.348 0.4444440007
43135  37.826  -36.718  71.197 0.2222220004
43145  36.928  -36.794  69.952 0.2222220004
43144  37.508  -36.444  70.351 0.2222220004
48494  36.584  -33.071  72.948 0.2222220004
56577  46.537  -23.492  66.408 0.3333329856
40904  9.660  -39.567  85.389 0.3333329856
39885  9.468  -40.344  84.193 0.2222220004
40913  12.368  -38.958  84.865 0.1111110002
40912  13.077  -39.044  84.204 0.1111110002
124558  10.146  -37.028  86.951 0.3333329856
39874  9.370  -40.184  86.071 0.3333329856
44015  12.947  -36.740  85.965 0.2222220004
44014  13.766  -36.816  85.770 0.1111110002
41937  17.503  -38.361  83.699 0.2222220004
131787  10.863  -36.977  85.335 0.2222220004
113967  11.516  -36.858  85.265 0.2222220004
44038  14.066  -36.643  83.841 0.1111110002
41904  17.238  -37.421  84.676 0.2222220004
136360  17.973  -38.818  83.324 0.2222220004
42935  8.694  -37.960  88.201 0.3333329856
131979  16.584  -36.836  84.973 0.2222220004
120173  15.643  -36.618  84.289 0.1111110002
44025  17.050  -36.853  84.656 0.3333329856
114601  16.146  -36.645  83.477 0.3333329856
40928  18.685  -39.062  83.307 0.4444440007
120489  17.595  -36.874  84.351 0.3333329856
44049  16.694  -36.746  82.647 0.3333329856
40927  19.477  -39.222  83.298 0.3333329856
41918  19.233  -38.075  83.737 0.4444440007
43175  36.495  -36.443  68.301 0.1111110002
45322  38.775  -34.984  70.908 0.4444440007
45235  35.041  -35.908  75.125 0.4444440007
46272  35.533  -35.435  74.561 0.4444440007
65009  49.399  -16.190  54.472 0.1111110002
65028  49.006  -16.700  54.138 0.1111110002
64057  48.232  -17.086  54.105 0.1111110002
64070  50.758  -17.244  52.980 0.1111110002
65007  51.255  -16.042  53.934 0.1111110002
64071  49.997  -17.191  53.329 0.1111110002
64954  49.326  -16.749  59.741 0.2222220004
63992  49.439  -17.401  60.264 0.2222220004
121721  48.340  -17.984  59.539 0.2222220004
64002  48.078  -17.385  58.977 0.2222220004
66935  49.772  -14.738  57.035 0.1111110002
65916  49.843  -14.784  57.924 0.1111110002
65934  48.502  -15.617  56.750 0.1111110002
64971  48.272  -15.959  57.421 0.1111110002
64015  47.925  -16.657  58.115 0.2222220004
65950  48.715  -15.612  55.976 0.1111110002
64982  48.110  -15.973  56.203 0.1111110002
64983  47.621  -16.367  56.387 0.1111110002
64972  47.657  -16.447  57.143 0.1111110002
65968  49.842  -15.616  54.860 0.1111110002
65948  50.266  -15.039  55.291 0.1111110002
65947  51.147  -14.826  55.026 0.1111110002
65949  49.465  -15.310  55.664 0.1111110002
65011  47.737  -16.734  55.062 0.1111110002
64993  48.286  -16.113  55.500 0.1111110002
65027  49.780  -16.715  53.888 0.1111110002
61977  50.948  -19.199  62.806 0.4444440007
60962  49.959  -19.840  62.267 0.4444440007
61987  49.683  -19.467  61.648 0.3333329856
60963  49.380  -20.256  61.916 0.4444440007
59891  48.548  -21.668  62.489 0.4444440007
59911  48.971  -20.923  62.217 0.4444440007
64936  50.809  -16.463  61.693 0.4444440007
64945  50.512  -16.506  60.914 0.4444440007
62988  49.512  -18.645  61.015 0.3333329856
61997  48.964  -19.479  60.958 0.3333329856
65902  51.360  -15.230  61.042 0.4444440007
64953  49.919  -16.041  60.033 0.2222220004
66925  50.566  -14.370  58.330 0.1111110002
116657  51.116  -13.911  57.878 0.1111110002
65917  49.419  -15.357  58.446 0.2222220004
66917  50.900  -14.617  59.250 0.1111110002
115471  49.819  -15.521  59.211 0.2222220004
66944  50.542  -14.379  56.546 0.1111110002
66942  52.982  -13.573  56.236 0.2222220004
66958  51.471  -14.267  55.827 0.1111110002
66943  51.294  -13.894  56.960 0.1111110002
65965  52.706  -15.430  54.291 0.1111110002
65966  51.713  -15.420  54.384 0.1111110002
62975  51.041  -17.802  62.649 0.4444440007
57682  47.722  -23.108  63.020 0.4444440007
56612  46.997  -24.021  63.544 0.3333329856
64935  51.177  -16.027  61.818 0.4444440007
56625  46.954  -24.156  62.803 0.2222220004
65894  51.370  -15.155  61.547 0.4444440007
66916  51.724  -14.224  59.824 0.1111110002
134027  52.197  -13.730  59.829 0.2222220004
134606  53.644  -13.596  56.004 0.2222220004
113637  45.219  -23.872  66.006 0.3333329856
65885  50.792  -15.404  62.526 0.4444440007
66894  50.472  -14.705  62.472 0.4444440007
46320  39.787  -34.290  72.100 0.5555559993
45321  39.300  -34.802  71.625 0.4444440007
47386  39.969  -33.517  71.738 0.3333329856
46331  39.165  -34.322  70.908 0.4444440007
123802  39.483  -33.640  70.972 0.3333329856
47413  39.295  -33.081  70.277 0.3333329856
47399  39.795  -32.960  71.136 0.3333329856
52686  50.578  -28.173  59.111 0.1111110002
122051  50.900  -28.219  59.989 0.1111110002
125693  40.194  -32.834  71.656 0.3333329856
52741  47.532  -28.127  55.233 0.1111110002
133025  46.386  -27.186  54.461 0.1111110002
52710  49.574  -28.147  57.249 0.1111110002
52725  48.915  -28.190  56.545 0.1111110002
115138  48.268  -28.145  55.834 0.1111110002
117845  47.755  -28.667  55.732 0.1111110002
53712  46.588  -28.150  54.755 0.1111110002
53724  45.637  -27.790  54.576 0.1111110002
53674  50.251  -27.978  58.055 0.1111110002
52742  47.082  -28.815  55.328 0.1111110002
52751  45.769  -28.484  54.779 0.1111110002
124900  40.111  -31.880  70.958 0.3333329856
53711  47.321  -27.403  54.792 0.1111110002
54709  45.268  -26.913  54.330 0.1111110002
115708  44.513  -26.393  54.300 0.1111110002
55682  43.945  -26.197  54.912 0.1111110002
54710  44.426  -27.043  54.854 0.1111110002
55674  43.994  -26.296  55.794 0.1111110002
55698  44.247  -25.704  54.037 0.1111110002
56703  43.672  -24.690  55.748 0.1111110002
124950  43.865  -23.862  56.310 0.1111110002
55697  45.181  -25.925  53.764 0.1111110002
56710  43.676  -25.427  55.266 0.1111110002
53698  49.468  -27.489  56.651 0.1111110002
53710  48.101  -27.440  55.365 0.1111110002
136064  43.900  -25.491  55.967 0.1111110002
56696  45.184  -24.704  57.790 0.1111110002
56683  45.736  -24.521  58.820 0.1111110002
121167  46.268  -26.225  54.175 0.1111110002
56724  44.020  -24.988  53.888 0.1111110002
55665  44.466  -26.063  56.627 0.1111110002
55664  44.932  -25.649  57.328 0.1111110002
136732  45.318  -25.943  57.966 0.1111110002
57759  43.566  -22.899  55.926 0.1111110002
57758  44.227  -23.102  56.824 0.1111110002
58875  45.278  -22.551  57.951 0.1111110002
58853  46.289  -22.652  59.273 0.1111110002
56711  43.450  -24.596  54.917 0.1111110002
130287  44.545  -23.954  57.011 0.1111110002
132630  46.375  -23.564  59.872 0.1111110002
56725  43.598  -24.435  54.114 0.1111110002
57795  43.565  -23.574  53.762 0.1111110002
56682  46.044  -24.321  59.494 0.1111110002
59929  48.014  -21.407  61.178 0.1111110002
59930  47.533  -21.804  60.798 0.1111110002
59963  45.010  -21.696  57.587 0.1111110002
59955  45.634  -21.741  58.229 0.1111110002
59945  46.605  -21.811  59.506 0.1111110002
59913  47.598  -22.296  61.352 0.2222220004
58901  44.088  -22.232  56.609 0.1111110002
58833  46.662  -22.561  60.037 0.1111110002
58832  47.168  -22.502  60.657 0.1111110002
56704  43.464  -23.817  55.412 0.1111110002
61021  44.680  -21.041  57.041 0.1111110002
58815  46.767  -23.177  60.481 0.1111110002
57707  46.587  -23.937  60.658 0.2222220004
57782  43.374  -23.737  54.488 0.1111110002
126151  43.316  -23.133  54.949 0.1111110002
59970  44.163  -21.424  56.436 0.1111110002
56652  46.288  -24.721  60.836 0.1111110002
59912  48.263  -21.564  61.807 0.2222220004
60995  47.038  -20.901  59.693 0.1111110002
58796  47.873  -22.366  62.078 0.2222220004
58797  47.379  -23.163  61.707 0.2222220004
57694  47.193  -23.704  62.035 0.2222220004
61009  46.553  -20.432  58.937 0.1111110002
61020  46.043  -20.072  58.213 0.1111110002
56651  46.819  -23.995  61.438 0.2222220004
62031  46.665  -19.502  58.678 0.1111110002
61011  45.378  -20.748  57.746 0.1111110002
63014  46.887  -18.471  58.364 0.1111110002
62064  45.236  -19.315  56.480 0.1111110002
62047  46.185  -19.107  57.872 0.1111110002
62063  45.762  -18.752  56.993 0.1111110002
63026  46.378  -18.236  57.439 0.1111110002
64017  46.684  -17.504  56.989 0.1111110002
60977  49.016  -20.051  61.381 0.2222220004
60964  48.604  -20.755  61.493 0.2222220004
60978  48.393  -20.294  60.810 0.1111110002
62012  47.733  -19.483  59.748 0.1111110002
124442  46.565  -24.353  63.088 0.2222220004
55585  46.105  -24.635  62.532 0.1111110002
62030  47.350  -19.044  59.187 0.1111110002
63002  48.194  -18.770  59.759 0.1111110002
64016  47.254  -17.107  57.489 0.1111110002
54574  40.406  -26.336  66.575 0.2222220004
56600  46.197  -24.112  64.430 0.2222220004
116139  45.847  -23.945  65.300 0.1111110002
56614  45.998  -24.410  63.596 0.2222220004
56601  45.531  -24.116  64.532 0.1111110002
55586  45.468  -24.554  62.844 0.1111110002
115946  44.124  -24.013  63.987 0.1111110002
116736  42.476  -23.829  63.687 0.1111110002
56606  40.922  -24.656  64.028 0.1111110002
55587  40.166  -25.123  63.682 0.1111110002
56617  41.524  -24.038  63.525 0.1111110002
56618  40.739  -24.369  63.226 0.1111110002
54558  40.732  -26.126  67.407 0.2222220004
54573  41.039  -25.646  66.617 0.2222220004
135070  46.565  -23.997  64.377 0.2222220004
114010  45.192  -23.941  65.278 0.1111110002
55567  41.209  -25.069  65.810 0.2222220004
56602  44.509  -23.918  64.795 0.1111110002
56603  43.367  -23.825  64.756 0.1111110002
56604  42.446  -23.969  64.626 0.1111110002
55576  41.103  -24.892  64.852 0.1111110002
56605  41.646  -24.214  64.361 0.1111110002
55577  40.466  -25.375  64.461 0.1111110002
55543  41.515  -25.361  68.260 0.2222220004
55553  41.363  -25.328  67.421 0.2222220004
125498  43.263  -23.835  66.814 0.1111110002
56570  42.606  -24.102  67.288 0.1111110002
56599  46.551  -23.847  64.977 0.2222220004
56591  43.482  -23.783  65.558 0.1111110002
56592  42.532  -24.030  65.455 0.1111110002
56581  41.861  -24.428  66.086 0.1111110002
68831  50.901  -13.348  62.122 0.3333329856
68830  51.405  -13.060  62.011 0.3333329856
67872  51.807  -13.321  61.817 0.3333329856
66901  51.926  -13.742  61.634 0.3333329856
66907  52.290  -13.395  61.221 0.2222220004
56558  42.742  -24.130  68.256 0.2222220004
55562  41.966  -24.544  66.930 0.2222220004
56569  43.466  -23.711  67.444 0.1111110002
68845  51.840  -12.679  61.814 0.2222220004
67885  52.176  -13.134  61.533 0.2222220004
69896  52.178  -12.115  61.459 0.2222220004
68843  52.645  -11.972  61.074 0.2222220004
68853  52.582  -12.652  61.104 0.2222220004
68852  53.028  -11.987  60.648 0.2222220004
67907  53.041  -12.699  58.893 0.2222220004
67969  57.759  -13.341  53.437 0.2222220004
113402  60.184  -11.743  49.911 0.2222220004
131555  53.160  -12.435  59.598 0.2222220004
114731  52.705  -12.914  57.910 0.2222220004
67968  58.267  -13.276  52.911 0.2222220004
66978  57.389  -13.705  53.650 0.1111110002
68947  59.407  -12.815  51.270 0.2222220004
68962  59.799  -12.303  50.610 0.2222220004
70037  60.852  -11.434  48.414 0.2222220004
135998  61.176  -11.654  47.777 0.1111110002
69903  52.796  -11.434  60.709 0.2222220004
116221  53.342  -12.452  58.144 0.2222220004
67931  52.991  -13.109  56.983 0.2222220004
67930  53.729  -13.185  56.531 0.2222220004
68925  58.326  -12.494  53.117 0.2222220004
67956  57.850  -12.716  53.552 0.2222220004
65006  52.226  -15.982  53.797 0.1111110002
117663  56.546  -14.315  54.097 0.1111110002
65963  54.647  -15.532  54.091 0.1111110002
65964  53.678  -15.493  54.233 0.1111110002
69990  58.902  -11.732  52.100 0.2222220004
67967  58.630  -12.837  52.448 0.2222220004
68946  59.414  -11.983  51.399 0.2222220004
68935  58.938  -12.462  51.917 0.2222220004
71039  59.610  -10.472  50.403 0.2222220004
69999  59.699  -11.274  50.688 0.2222220004
72063  59.871  -10.200  49.724 0.2222220004
71049  60.066  -10.818  49.858 0.2222220004
114393  60.269  -10.396  49.176 0.2222220004
70024  60.485  -11.157  49.172 0.2222220004
71072  60.663  -10.447  47.919 0.2222220004
71061  60.568  -10.631  48.448 0.2222220004
71071  61.033  -10.719  47.679 0.1111110002
69002  59.164  -12.155  47.213 0.1111110002
67929  54.534  -12.959  56.307 0.2222220004
67946  54.187  -13.570  55.845 0.1111110002
66956  53.636  -14.102  55.467 0.1111110002
67958  56.887  -13.592  54.193 0.1111110002
134218  56.594  -13.194  54.647 0.1111110002
67959  56.262  -13.684  54.656 0.1111110002
66955  54.608  -14.144  55.170 0.1111110002
65005  53.186  -16.012  53.738 0.1111110002
66971  55.115  -14.808  54.488 0.1111110002
68924  58.649  -12.173  52.649 0.2222220004
70000  59.219  -11.170  51.515 0.2222220004
121861  59.974  -9.973  49.326 0.1111110002
71062  59.239  -10.288  48.952 0.1111110002
130689  58.622  -10.806  49.117 0.1111110002
71073  60.265  -10.376  48.169 0.1111110002
70038  58.872  -11.057  48.471 0.1111110002
122183  60.869  -10.483  47.281 0.1111110002
133031  59.879  -10.675  47.678 0.1111110002
68986  58.684  -12.124  48.064 0.1111110002
113519  60.558  -10.522  47.310 0.1111110002
70051  59.741  -11.144  46.899 0.1111110002
67928  55.232  -12.650  55.987 0.2222220004
67945  54.978  -13.418  55.597 0.1111110002
68915  57.887  -11.991  53.704 0.2222220004
68916  57.344  -12.355  54.189 0.2222220004
67943  56.817  -12.723  54.598 0.1111110002
66954  55.470  -13.977  54.919 0.1111110002
118948  58.415  -11.926  53.197 0.2222220004
69982  58.268  -11.318  53.448 0.2222220004
71010  58.331  -10.508  53.377 0.2222220004
69981  58.683  -11.520  52.857 0.2222220004
71009  58.593  -10.267  52.641 0.2222220004
72039  59.258  -10.163  50.907 0.2222220004
72040  58.824  -9.886  51.446 0.2222220004
72025  58.569  -9.932  52.041 0.2222220004
71026  59.400  -10.624  51.016 0.2222220004
70026  56.975  -12.244  50.100 0.1111110002
72065  59.115  -9.957  50.228 0.1111110002
71051  57.994  -10.891  49.681 0.1111110002
71050  58.848  -10.237  49.629 0.1111110002
70025  58.200  -11.748  48.876 0.1111110002
69946  56.126  -11.130  56.131 0.2222220004
69947  55.627  -11.305  56.507 0.2222220004
68890  55.449  -11.933  56.302 0.2222220004
69962  56.481  -11.585  55.531 0.2222220004
68889  55.958  -11.745  55.882 0.2222220004
69971  57.658  -11.276  54.118 0.2222220004
69972  57.294  -11.719  54.455 0.2222220004
68906  56.418  -12.220  55.299 0.2222220004
68907  55.865  -12.403  55.639 0.1111110002
67944  55.746  -13.176  55.344 0.1111110002
72041  58.707  -9.725  51.455 0.2222220004
72952  58.429  -9.769  52.004 0.2222220004
70014  56.644  -11.902  50.640 0.1111110002
70015  56.090  -12.335  51.116 0.1111110002
72054  59.126  -9.941  50.774 0.2222220004
72055  58.709  -9.730  50.881 0.2222220004
71041  57.607  -10.521  50.506 0.1111110002
70013  57.219  -11.413  50.189 0.1111110002
71991  54.346  -9.512  57.252 0.2222220004
72003  52.994  -10.073  56.221 0.1111110002
71990  55.131  -9.514  56.986 0.2222220004
72002  53.856  -9.790  56.370 0.1111110002
69945  56.571  -10.898  55.702 0.2222220004
71988  56.041  -9.829  56.313 0.2222220004
71989  55.624  -9.622  56.567 0.2222220004
69961  56.921  -11.358  55.118 0.2222220004
71998  57.123  -10.018  55.044 0.2222220004
72010  56.748  -9.593  54.884 0.2222220004
71001  57.514  -10.504  54.524 0.2222220004
72008  57.534  -9.821  54.374 0.2222220004
72939  57.262  -9.465  54.208 0.2222220004
72017  58.244  -9.816  53.274 0.2222220004
72018  57.679  -9.411  53.631 0.2222220004
72019  57.248  -9.367  53.594 0.2222220004
113175  58.394  -9.636  51.406 0.2222220004
72954  58.267  -9.539  52.087 0.2222220004
70001  56.337  -11.552  51.162 0.1111110002
72056  58.011  -9.756  50.932 0.1111110002
72043  56.978  -9.950  51.963 0.1111110002
71029  56.441  -10.843  51.641 0.1111110002
129371  54.650  -9.545  56.551 0.1111110002
72000  56.073  -9.585  55.753 0.2222220004
72001  55.300  -9.506  56.239 0.1111110002
72011  56.142  -9.583  54.817 0.1111110002
72012  55.349  -9.757  55.320 0.1111110002
72027  57.787  -9.288  52.914 0.2222220004
117121  57.587  -9.566  52.297 0.1111110002
50597  39.660  -30.694  70.144 0.2222220004
69904  51.927  -11.665  61.198 0.2222220004
69897  51.583  -12.180  61.520 0.2222220004
68859  53.361  -11.816  59.844 0.2222220004
71973  54.859  -9.715  57.635 0.2222220004
71992  53.404  -9.724  56.959 0.2222220004
69932  55.769  -10.784  56.593 0.2222220004
48525  40.170  -32.356  71.295 0.3333329856
57683  47.273  -23.724  62.589 0.2222220004
56579  44.257  -23.630  66.647 0.2222220004
56590  44.406  -23.762  65.752 0.2222220004
56613  46.568  -24.145  63.880 0.2222220004
67873  51.307  -13.799  62.108 0.3333329856
63025  46.866  -17.747  57.748 0.1111110002
56638  46.850  -24.171  62.120 0.1111110002
53713  44.904  -27.611  54.687 0.1111110002
53699  48.815  -27.456  56.010 0.1111110002
55683  43.712  -25.250  54.503 0.1111110002
116667  44.402  -27.862  55.273 0.1111110002
54695  47.908  -26.782  55.011 0.1111110002
56697  44.377  -24.896  56.659 0.1111110002
58876  44.681  -22.428  57.288 0.1111110002
57746  44.924  -23.357  57.552 0.1111110002
57745  45.516  -23.535  58.316 0.1111110002
58854  45.846  -22.631  58.614 0.1111110002
59944  47.100  -21.756  60.225 0.1111110002
57731  45.985  -23.531  59.062 0.1111110002
136260  48.233  -20.905  60.981 0.1111110002
60979  47.720  -21.038  60.548 0.1111110002
59964  44.530  -21.751  57.022 0.1111110002
59954  46.179  -21.843  58.846 0.1111110002
60996  46.493  -21.205  59.077 0.1111110002
61010  46.055  -21.011  58.510 0.1111110002
58814  47.118  -23.240  61.038 0.1111110002
61029  44.909  -20.157  56.868 0.1111110002
61030  44.379  -20.635  56.238 0.1111110002
58902  43.660  -21.914  55.845 0.1111110002
118720  47.137  -19.911  59.411 0.1111110002
60994  47.692  -20.177  60.115 0.1111110002
62048  45.552  -19.669  57.395 0.1111110002
62011  48.299  -19.518  60.317 0.1111110002
56615  45.088  -24.270  63.811 0.1111110002
118795  43.211  -23.832  64.096 0.1111110002
56619  40.010  -24.716  62.875 0.1111110002
133910  41.475  -24.976  66.583 0.2222220004
56593  41.747  -24.386  65.223 0.1111110002
56580  43.573  -23.749  66.236 0.1111110002
115809  42.687  -24.034  66.354 0.1111110002
55552  41.970  -24.659  67.818 0.2222220004
67957  57.377  -13.059  53.972 0.2222220004
68985  60.579  -12.142  49.143 0.2222220004
72053  59.441  -10.196  50.330 0.2222220004
72064  59.552  -10.090  50.003 0.2222220004
72075  60.246  -10.252  48.712 0.2222220004
70052  59.277  -11.227  47.762 0.1111110002
71079  61.100  -10.600  46.792 0.1111110002
65944  54.160  -14.829  54.691 0.1111110002
66970  55.951  -14.605  54.300 0.1111110002
130725  56.337  -12.892  55.072 0.1111110002
71027  58.964  -10.372  51.680 0.2222220004
72077  59.513  -10.060  49.510 0.1111110002
72076  59.861  -10.059  48.822 0.1111110002
71074  59.577  -10.542  48.303 0.1111110002
68905  56.848  -11.984  54.850 0.2222220004
130204  58.661  -10.911  53.002 0.2222220004
133707  57.910  -10.756  53.861 0.2222220004
72026  58.342  -9.708  52.603 0.2222220004
127521  58.836  -10.996  52.333 0.2222220004
71042  56.831  -11.015  50.828 0.1111110002
71040  58.410  -10.037  50.300 0.1111110002
71028  57.238  -10.232  51.216 0.1111110002
71987  56.599  -10.203  55.697 0.2222220004
70992  57.294  -11.135  54.741 0.2222220004
72009  57.173  -9.659  54.686 0.2222220004
72937  57.843  -9.572  53.763 0.2222220004
72938  57.532  -9.545  54.140 0.2222220004
72042  57.768  -9.717  51.641 0.1111110002
34245  8.382  -46.697  85.825 0.1111110002
33370  11.620  -47.190  84.715 0.2222220004
34253  10.863  -46.898  85.378 0.2222220004
34244  9.063  -46.840  86.062 0.1111110002
33366  8.758  -47.185  85.451 0.1111110002
34254  8.408  -46.688  85.060 0.1111110002
33365  9.695  -47.219  85.559 0.1111110002
33381  8.260  -47.575  84.225 0.1111110002
34269  8.595  -46.741  83.582 0.1111110002
34236  8.526  -46.364  86.298 0.1111110002
35128  8.181  -45.954  85.350 0.1111110002
34235  9.390  -46.144  86.422 0.1111110002
133837  8.629  -46.191  83.872 0.1111110002
34242  11.299  -45.959  85.500 0.2222220004
36021  8.050  -44.942  84.644 0.1111110002
132755  8.864  -45.882  86.666 0.1111110002
35120  7.967  -46.146  86.143 0.1111110002
35108  10.251  -45.484  86.299 0.2222220004
34243  10.226  -46.358  85.994 0.1111110002
35121  7.693  -45.320  85.750 0.1111110002
36006  7.103  -45.208  87.017 0.1111110002
132625  7.556  -45.426  86.580 0.1111110002
36013  11.230  -44.650  85.581 0.2222220004
136148  10.241  -44.978  86.368 0.2222220004
36014  7.070  -44.726  85.935 0.1111110002
118733  6.714  -45.045  86.730 0.1111110002
35118  11.616  -45.099  85.333 0.2222220004
135647  6.791  -44.944  87.184 0.1111110002
35994  9.209  -44.270  87.133 0.2222220004
35995  8.293  -44.733  87.343 0.2222220004
36005  8.769  -45.280  87.013 0.2222220004
36002  10.990  -44.051  85.684 0.2222220004
125602  10.601  -44.026  86.186 0.2222220004
127197  10.190  -44.543  86.446 0.2222220004
36012  11.544  -44.461  85.059 0.2222220004
37824  9.659  -42.350  86.986 0.2222220004
36890  8.734  -43.695  87.377 0.2222220004
36891  7.820  -44.092  87.492 0.2222220004
36889  9.560  -43.252  87.027 0.2222220004
37823  9.853  -42.091  86.673 0.2222220004
36888  10.049  -42.880  86.586 0.2222220004
36896  10.473  -43.363  86.083 0.2222220004
36897  10.039  -43.818  86.628 0.2222220004
37828  10.177  -42.609  86.262 0.2222220004
37825  9.067  -42.674  87.299 0.2222220004
36882  8.177  -43.030  87.522 0.2222220004
38833  9.977  -41.900  86.259 0.2222220004
38834  9.422  -41.043  85.836 0.2222220004
38823  6.964  -41.974  87.959 0.2222220004
37818  6.631  -42.698  87.761 0.2222220004
37815  9.249  -41.886  87.294 0.2222220004
37816  8.527  -41.966  87.584 0.2222220004
37817  7.552  -42.436  87.697 0.2222220004
38821  9.063  -41.091  87.642 0.2222220004
38827  9.440  -41.537  87.125 0.2222220004
38830  9.487  -41.088  86.759 0.2222220004
128456  9.300  -40.638  87.485 0.2222220004
40892  5.254  -40.443  87.773 0.2222220004
40891  5.813  -39.962  88.005 0.2222220004
40887  6.125  -40.048  88.227 0.2222220004
119917  6.373  -40.680  88.325 0.2222220004
130575  5.861  -41.109  88.299 0.2222220004
41885  7.165  -39.091  88.264 0.2222220004
40886  6.834  -39.598  88.269 0.2222220004
39864  6.953  -40.124  88.361 0.2222220004
135250  7.279  -41.439  88.107 0.2222220004
41884  7.873  -38.824  88.385 0.2222220004
40885  7.584  -39.501  88.414 0.2222220004
38816  8.165  -40.702  88.281 0.2222220004
130451  7.829  -41.192  88.141 0.2222220004
41888  9.351  -38.720  88.245 0.2222220004
40883  8.966  -39.279  88.465 0.2222220004
39862  8.448  -39.932  88.440 0.2222220004
39867  8.853  -40.535  88.172 0.2222220004
38822  8.438  -41.159  87.949 0.2222220004
40888  9.684  -38.743  87.784 0.2222220004
39866  9.218  -40.260  88.032 0.2222220004
114600  15.259  -36.644  83.269 0.2222220004
114599  14.413  -36.672  83.133 0.1111110002
114598  13.626  -36.734  83.111 0.1111110002
39871  9.413  -39.976  86.959 0.2222220004
44052  13.957  -36.751  82.332 0.1111110002
41891  6.386  -39.591  87.872 0.2222220004
40895  5.745  -39.970  87.654 0.1111110002
44029  10.888  -37.054  84.587 0.1111110002
41890  6.939  -39.042  88.069 0.2222220004
41896  6.835  -39.164  87.631 0.2222220004
42930  8.736  -38.241  88.429 0.2222220004
41889  7.620  -38.696  88.160 0.2222220004
41895  7.476  -38.715  87.763 0.2222220004
42940  8.027  -38.227  87.945 0.2222220004
113661  14.211  -36.832  81.502 0.1111110002
41897  6.318  -39.656  87.465 0.1111110002
40905  6.535  -39.789  86.158 0.1111110002
41901  7.427  -38.927  86.908 0.1111110002
119044  10.956  -37.216  83.696 0.1111110002
42964  8.242  -38.581  86.369 0.2222220004
44030  10.306  -37.397  84.981 0.1111110002
42962  9.665  -37.703  85.567 0.1111110002
41909  8.363  -38.731  85.433 0.1111110002
42963  8.880  -38.136  85.896 0.1111110002
113663  16.308  -36.815  81.562 0.1111110002
42979  9.655  -37.908  84.550 0.1111110002
113662  15.468  -36.783  81.655 0.1111110002
44081  13.827  -36.923  80.209 0.1111110002
38886  18.150  -40.785  79.758 0.2222220004
36114  25.072  -44.339  76.566 0.1111110002
36140  24.792  -44.146  75.812 0.1111110002
36141  24.087  -43.813  75.752 0.1111110002
36142  23.457  -43.400  75.463 0.1111110002
44065  18.143  -36.903  82.071 0.2222220004
113658  16.469  -36.875  80.578 0.1111110002
36093  24.625  -44.093  77.235 0.1111110002
122261  24.517  -44.062  76.405 0.1111110002
118193  23.478  -43.584  76.154 0.1111110002
132527  22.789  -43.246  76.134 0.1111110002
130808  19.198  -42.188  77.156 0.1111110002
36986  22.908  -42.906  75.187 0.1111110002
37915  19.586  -42.370  76.900 0.1111110002
37008  23.000  -42.860  74.413 0.1111110002
37009  22.246  -42.685  74.647 0.1111110002
117226  19.521  -42.290  76.094 0.1111110002
44064  19.068  -37.089  82.287 0.2222220004
44079  18.608  -36.998  81.263 0.2222220004
36116  23.258  -43.538  76.862 0.1111110002
36987  22.024  -42.779  75.599 0.1111110002
37010  21.202  -42.482  74.980 0.1111110002
36989  20.271  -42.561  76.476 0.1111110002
37924  19.435  -42.222  75.207 0.1111110002
37923  20.295  -42.430  75.586 0.1111110002
123666  21.657  -42.533  74.022 0.1111110002
131377  20.886  -42.360  74.206 0.1111110002
43000  19.753  -37.489  82.815 0.2222220004
136834  19.241  -37.289  81.348 0.2222220004
43009  19.778  -37.533  81.883 0.2222220004
36960  21.566  -43.141  78.342 0.1111110002
36969  21.682  -43.077  77.474 0.1111110002
36970  20.881  -42.913  77.810 0.1111110002
36980  20.210  -42.648  77.327 0.1111110002
36117  22.505  -43.275  77.131 0.1111110002
36979  20.978  -42.825  76.931 0.1111110002
36988  21.075  -42.720  76.009 0.1111110002
37931  20.226  -42.285  74.679 0.1111110002
37033  21.083  -42.337  73.461 0.1111110002
45341  38.248  -35.092  70.167 0.2222220004
45342  37.934  -35.157  69.477 0.2222220004
45357  38.231  -34.674  69.501 0.1111110002
46368  38.275  -34.227  68.970 0.1111110002
46332  38.607  -34.489  70.248 0.2222220004
46347  38.928  -33.832  70.276 0.2222220004
46369  37.937  -34.281  68.223 0.1111110002
47445  37.965  -33.810  67.854 0.1111110002
127192  38.958  -32.836  69.564 0.1111110002
47414  38.678  -33.532  69.430 0.1111110002
125607  38.614  -32.946  68.853 0.1111110002
47428  38.290  -33.665  68.527 0.1111110002
47444  38.159  -33.070  67.991 0.1111110002
48571  38.064  -32.203  67.906 0.1111110002
47461  37.743  -33.670  67.111 0.1111110002
123827  37.521  -33.209  66.419 0.1111110002
48585  37.439  -32.069  66.452 0.1111110002
119077  37.192  -32.911  65.713 0.1111110002
48538  39.335  -32.302  69.965 0.1111110002
48570  38.484  -32.222  68.537 0.1111110002
49608  38.803  -31.463  68.964 0.1111110002
49624  37.801  -31.659  67.399 0.1111110002
48584  37.826  -32.671  67.192 0.1111110002
49633  37.526  -30.973  66.854 0.1111110002
49634  37.221  -31.073  66.085 0.1111110002
49647  36.997  -30.946  65.395 0.1111110002
48600  37.019  -31.869  65.413 0.1111110002
124762  36.690  -32.049  64.555 0.1111110002
49598  39.735  -31.661  70.391 0.1111110002
49599  39.265  -31.521  69.666 0.1111110002
48553  38.894  -32.220  69.266 0.1111110002
50621  37.902  -30.664  67.637 0.1111110002
49661  36.741  -31.184  64.804 0.1111110002
50661  36.578  -30.567  64.317 0.1111110002
51613  36.837  -29.753  64.446 0.1111110002
117131  36.394  -29.985  63.764 0.1111110002
52643  37.013  -28.352  63.693 0.1111110002
133438  38.878  -26.359  63.993 0.1111110002
53620  37.932  -27.084  63.874 0.1111110002
50598  39.127  -30.744  69.329 0.1111110002
118411  38.711  -30.755  68.755 0.1111110002
50620  38.401  -30.288  68.277 0.1111110002
51563  38.166  -29.708  67.651 0.1111110002
50633  37.720  -30.068  67.028 0.1111110002
136257  37.706  -29.646  66.490 0.1111110002
51595  37.520  -29.633  65.929 0.1111110002
50646  37.160  -30.301  65.709 0.1111110002
51612  37.190  -29.624  65.204 0.1111110002
50660  36.911  -30.381  64.968 0.1111110002
52619  37.703  -28.978  65.440 0.1111110002
52618  38.249  -28.433  65.783 0.1111110002
133716  40.788  -25.834  65.960 0.1111110002
53600  38.567  -27.724  65.359 0.1111110002
52631  37.966  -28.235  64.970 0.1111110002
51632  36.696  -29.183  63.819 0.1111110002
53611  38.300  -27.468  64.565 0.1111110002
53612  37.675  -27.940  64.145 0.1111110002
52632  37.277  -28.860  64.553 0.1111110002
55569  40.051  -26.046  64.850 0.1111110002
53610  38.956  -27.063  64.907 0.1111110002
54592  39.316  -26.388  64.440 0.1111110002
54593  38.623  -26.778  64.224 0.1111110002
51562  38.655  -29.373  68.231 0.1111110002
51577  38.557  -28.790  67.483 0.1111110002
51578  38.028  -29.266  66.933 0.1111110002
52607  38.406  -28.585  66.584 0.1111110002
51594  37.968  -29.097  66.173 0.1111110002
53587  39.326  -27.433  66.526 0.1111110002
60892  40.520  -20.583  67.267 0.2222220004
61938  41.097  -20.282  66.893 0.2222220004
60893  40.027  -20.975  67.772 0.2222220004
44051  14.847  -36.728  82.220 0.1111110002
44050  15.776  -36.716  82.449 0.2222220004
129284  14.909  -36.824  81.338 0.1111110002
36961  20.852  -42.877  78.605 0.2222220004
37907  19.540  -42.329  77.671 0.1111110002
52596  39.001  -28.107  67.662 0.1111110002
54583  40.263  -26.255  65.653 0.1111110002
37916  18.834  -42.079  76.653 0.1111110002
36892  6.950  -44.338  87.411 0.2222220004
35996  7.461  -44.919  87.287 0.1111110002
38818  6.500  -41.456  88.204 0.2222220004
61922  41.074  -20.207  67.640 0.2222220004
44017  10.470  -37.139  85.855 0.1111110002
42950  8.116  -38.379  87.278 0.2222220004
48537  39.758  -32.384  70.671 0.1111110002
55568  40.679  -25.615  65.250 0.1111110002
35135  8.464  -45.731  84.289 0.1111110002
35110  8.165  -45.873  86.640 0.1111110002
35104  7.838  -45.413  87.064 0.1111110002
36004  9.604  -44.647  86.809 0.1111110002
36003  10.750  -44.658  86.089 0.2222220004
129914  7.775  -41.672  87.876 0.2222220004
39863  7.701  -40.247  88.391 0.2222220004
40884  8.372  -39.166  88.498 0.2222220004
41883  8.500  -38.637  88.469 0.2222220004
40889  9.287  -39.500  88.162 0.2222220004
39861  9.054  -39.954  88.340 0.2222220004
36164  23.939  -43.646  74.859 0.1111110002
36978  21.855  -42.944  76.546 0.1111110002
46385  37.674  -34.302  67.439 0.1111110002
49623  38.271  -31.325  68.253 0.1111110002
50634  37.436  -30.272  66.382 0.1111110002
52617  38.811  -27.945  66.138 0.1111110002
52606  38.866  -28.036  66.977 0.1111110002
60904  40.323  -20.641  66.391 0.2222220004
122838  24.974  -40.022  78.289 0.1111110002
41018  24.351  -39.929  77.902 0.1111110002
42007  22.036  -39.175  77.678 0.1111110002
43024  21.045  -38.428  79.510 0.1111110002
43035  21.090  -38.610  78.628 0.1111110002
44094  19.050  -37.309  80.373 0.1111110002
47374  36.051  -33.608  72.287 0.1111110002
48504  36.303  -32.513  72.192 0.1111110002
58742  38.457  -22.531  67.222 0.1111110002
58730  38.445  -23.020  68.002 0.1111110002
59830  39.551  -21.726  67.878 0.1111110002
59844  39.416  -21.379  67.066 0.1111110002
136771  39.074  -21.413  66.375 0.1111110002
60905  39.539  -20.982  66.370 0.1111110002
118986  39.916  -20.842  66.981 0.1111110002
60916  39.697  -20.884  65.654 0.1111110002
60915  40.488  -20.714  65.485 0.1111110002
60927  40.672  -20.835  64.646 0.1111110002
131551  41.169  -20.428  66.070 0.1111110002
60914  41.335  -20.623  65.235 0.1111110002
60926  41.516  -20.778  64.399 0.1111110002
60925  42.389  -20.748  64.115 0.1111110002
60939  41.704  -20.967  63.589 0.1111110002
60953  43.794  -20.942  62.437 0.1111110002
118041  17.971  -40.052  81.104 0.2222220004
39936  18.082  -40.397  80.418 0.2222220004
60938  42.355  -20.967  63.366 0.1111110002
59831  39.046  -22.394  68.068 0.1111110002
60877  39.958  -21.411  68.543 0.1111110002
59845  39.031  -21.963  67.403 0.1111110002
58743  37.902  -23.236  67.397 0.1111110002
66987  58.472  -14.099  52.329 0.1111110002
65987  58.452  -14.894  51.991 0.1111110002
132081  58.655  -13.432  52.236 0.1111110002
66986  58.808  -14.390  51.722 0.1111110002
118264  59.242  -15.273  50.542 0.1111110002
65055  59.062  -15.939  50.405 0.1111110002
65061  59.900  -15.563  49.104 0.1111110002
64114  59.143  -17.000  49.475 0.1111110002
66995  59.197  -14.226  51.202 0.1111110002
118646  59.396  -14.619  50.562 0.1111110002
66022  59.545  -15.422  49.837 0.1111110002
65062  59.412  -16.120  49.691 0.1111110002
63158  60.953  -19.200  43.222 0.1111110002
67986  59.729  -13.227  50.394 0.1111110002
68002  59.909  -13.847  49.745 0.1111110002
67022  60.231  -14.296  49.235 0.1111110002
66060  60.692  -14.747  47.828 0.1111110002
113688  60.476  -14.559  48.577 0.1111110002
65072  60.842  -15.110  47.129 0.1111110002
66074  61.158  -14.882  46.458 0.1111110002
65085  61.190  -15.945  45.227 0.1111110002
64127  60.894  -16.586  45.534 0.1111110002
64138  61.331  -17.627  44.035 0.1111110002
119414  61.604  -18.460  42.692 0.1111110002
64143  61.706  -17.815  43.187 0.1111110002
62200  61.184  -19.158  41.849 0.1111110002
135233  60.130  -13.357  49.639 0.1111110002
67039  60.562  -14.123  48.668 0.1111110002
67038  60.868  -14.164  47.880 0.1111110002
67052  61.073  -14.522  47.154 0.1111110002
66083  61.313  -15.176  45.603 0.1111110002
134568  61.341  -14.701  46.025 0.1111110002
116465  61.285  -16.782  44.646 0.1111110002
65093  61.706  -16.981  43.744 0.1111110002
64158  61.961  -17.948  42.403 0.1111110002
63175  61.648  -18.625  42.100 0.1111110002
63193  61.495  -18.437  41.681 0.1111110002
64178  61.055  -17.708  41.391 0.1111110002
65128  61.588  -16.834  41.088 0.1111110002
68973  60.160  -12.674  49.813 0.1111110002
68984  60.949  -12.567  48.259 0.1111110002
68017  60.518  -13.080  49.101 0.1111110002
68025  60.752  -13.583  48.433 0.1111110002
68036  61.231  -13.406  47.537 0.1111110002
136267  61.394  -14.318  46.468 0.1111110002
67080  61.597  -14.508  45.499 0.1111110002
128548  61.826  -14.504  44.648 0.1111110002
133485  61.408  -15.548  44.973 0.1111110002
66085  61.640  -15.150  44.669 0.1111110002
65090  61.884  -15.608  43.809 0.1111110002
67086  62.036  -14.860  43.766 0.1111110002
65092  62.126  -16.367  43.378 0.1111110002
66087  62.477  -15.696  43.123 0.1111110002
64142  62.164  -17.213  42.839 0.1111110002
65108  62.569  -16.537  42.412 0.1111110002
64176  62.287  -17.367  41.667 0.1111110002
136799  60.444  -17.258  41.525 0.1111110002
64177  61.849  -17.574  41.508 0.1111110002
65129  60.629  -16.562  41.209 0.1111110002
66114  59.646  -15.893  41.306 0.1111110002
65131  58.171  -15.775  42.003 0.1111110002
66098  56.546  -15.696  41.746 0.1111110002
68052  61.501  -13.627  46.740 0.1111110002
68058  61.693  -13.744  45.882 0.1111110002
67079  61.942  -13.899  45.019 0.1111110002
68066  62.096  -13.362  44.475 0.1111110002
123159  62.461  -14.193  43.386 0.1111110002
120970  62.699  -14.941  42.932 0.1111110002
66096  62.783  -15.656  42.287 0.1111110002
67093  62.909  -14.823  42.076 0.1111110002
65126  62.532  -16.833  41.605 0.1111110002
116863  62.729  -16.211  41.677 0.1111110002
121490  59.103  -15.338  40.226 0.1111110002
66115  58.621  -15.521  41.273 0.1111110002
66099  55.641  -15.830  42.066 0.1111110002
66100  54.605  -15.914  42.265 0.1111110002
65147  60.201  -15.603  40.585 0.1111110002
118793  55.893  -15.657  41.219 0.1111110002
66113  62.837  -15.536  41.408 0.1111110002
65144  62.550  -16.180  40.927 0.1111110002
65145  61.966  -16.187  40.629 0.1111110002
66127  61.360  -15.441  40.162 0.1111110002
66119  54.151  -15.764  41.278 0.1111110002
66120  53.244  -15.769  41.176 0.1111110002
65149  53.105  -15.740  40.284 0.1111110002
130995  59.746  -15.220  39.869 0.1111110002
66116  57.510  -15.474  41.238 0.1111110002
66117  56.515  -15.511  40.685 0.1111110002
66118  55.098  -15.693  41.263 0.1111110002
66134  53.784  -15.756  40.317 0.1111110002
66142  60.773  -14.929  39.553 0.1111110002
123394  59.880  -14.926  39.392 0.1111110002
66129  58.026  -15.353  40.165 0.1111110002
66130  57.105  -15.382  39.983 0.1111110002
66151  59.245  -14.731  38.853 0.1111110002
66143  59.092  -15.048  39.367 0.1111110002
67116  62.462  -14.597  40.079 0.1111110002
66140  61.940  -14.674  39.715 0.1111110002
66141  61.533  -14.964  39.778 0.1111110002
67126  61.251  -14.424  39.189 0.1111110002
66132  55.654  -15.625  40.233 0.1111110002
66145  57.455  -15.247  39.300 0.1111110002
121306  56.775  -15.369  39.244 0.1111110002
126596  55.743  -15.644  39.337 0.1111110002
66150  60.166  -14.487  38.838 0.1111110002
66152  58.467  -14.908  38.887 0.1111110002
113491  57.710  -15.058  38.860 0.1111110002
67134  59.469  -14.451  38.374 0.1111110002
67135  58.678  -14.659  38.555 0.1111110002
68104  62.465  -13.643  39.655 0.1111110002
68121  62.121  -13.394  38.914 0.1111110002
69085  61.850  -12.655  38.817 0.1111110002
70117  61.527  -11.922  38.802 0.1111110002
67133  60.762  -14.057  38.436 0.1111110002
68123  61.094  -13.490  38.111 0.1111110002
68134  61.257  -12.861  37.941 0.1111110002
66131  56.329  -15.524  39.661 0.1111110002
115757  56.913  -15.221  38.851 0.1111110002
68135  60.703  -13.058  37.628 0.1111110002
69102  60.909  -12.137  37.627 0.1111110002
67143  59.706  -14.092  37.880 0.1111110002
66153  57.235  -15.003  38.553 0.1111110002
119929  58.623  -13.921  38.062 0.1111110002
67145  58.086  -14.593  38.397 0.1111110002
69087  58.353  -13.160  38.128 0.1111110002
68136  59.871  -13.299  37.530 0.1111110002
124080  59.099  -13.119  37.683 0.1111110002
70129  59.576  -11.502  37.462 0.1111110002
70119  58.295  -12.093  38.326 0.1111110002
67987  59.328  -13.554  51.193 0.1111110002
69001  61.344  -12.357  47.377 0.1111110002
119257  58.962  -13.164  51.799 0.1111110002
65997  58.310  -15.599  51.698 0.1111110002
67976  58.928  -13.806  51.761 0.1111110002
65996  58.909  -14.975  51.281 0.1111110002
66005  59.592  -14.890  49.993 0.1111110002
67004  59.540  -13.982  50.483 0.1111110002
67003  59.741  -14.388  49.832 0.1111110002
66021  60.019  -14.873  49.304 0.1111110002
68026  60.394  -13.776  49.163 0.1111110002
66044  60.355  -15.108  48.512 0.1111110002
65077  60.927  -15.673  46.235 0.1111110002
65078  60.636  -16.447  46.370 0.1111110002
124984  61.272  -14.063  47.175 0.1111110002
115486  61.552  -16.036  44.330 0.1111110002
64157  62.402  -17.403  42.080 0.1111110002
63174  62.041  -17.961  41.904 0.1111110002
63194  60.800  -18.760  41.595 0.1111110002
65127  62.205  -16.873  41.216 0.1111110002
122900  59.861  -16.826  41.780 0.1111110002
65130  59.003  -16.192  42.035 0.1111110002
66097  57.358  -15.978  42.275 0.1111110002
120335  61.509  -12.918  46.915 0.1111110002
116656  61.725  -12.865  46.219 0.1111110002
68057  61.933  -12.881  45.207 0.1111110002
123109  62.001  -14.044  44.147 0.1111110002
65146  61.111  -16.007  40.580 0.1111110002
66101  53.548  -15.768  42.127 0.1111110002
66128  60.511  -15.341  40.020 0.1111110002
119935  62.643  -15.346  40.646 0.1111110002
126545  62.101  -15.364  40.258 0.1111110002
65132  52.385  -15.725  40.871 0.1111110002
66144  58.284  -15.140  39.366 0.1111110002
67125  62.109  -14.168  39.239 0.1111110002
67132  61.500  -13.791  38.709 0.1111110002
68122  61.588  -13.121  38.457 0.1111110002
69086  61.436  -12.346  38.291 0.1111110002
70105  61.329  -11.204  38.854 0.1111110002
67142  60.438  -13.805  37.837 0.1111110002
67144  58.962  -14.308  38.168 0.1111110002
129278  58.017  -14.860  38.655 0.1111110002
69104  59.640  -12.386  37.430 0.1111110002
70130  58.957  -12.062  37.719 0.1111110002
33372  9.110  -47.697  85.050 0.1111110002
35119  10.973  -45.342  85.859 0.1111110002
35127  12.053  -45.619  84.970 0.1111110002
133683  12.101  -44.955  84.860 0.1111110002
36901  10.741  -43.497  85.560 0.1111110002
36900  11.126  -43.848  85.129 0.1111110002
37855  9.841  -42.879  82.814 0.1111110002
36911  10.637  -43.502  83.404 0.1111110002
36910  11.547  -43.996  83.939 0.1111110002
37836  9.707  -41.985  84.852 0.1111110002
123033  10.747  -43.285  85.152 0.1111110002
37842  9.574  -42.213  83.962 0.1111110002
37835  10.269  -42.774  84.678 0.1111110002
36904  10.900  -43.507  84.434 0.1111110002
39937  17.348  -39.841  80.496 0.1111110002
38863  9.386  -41.543  83.162 0.1111110002
37856  9.584  -42.331  83.202 0.1111110002
40949  14.545  -39.204  82.346 0.1111110002
40932  14.468  -39.069  83.227 0.1111110002
40961  17.301  -39.547  81.332 0.1111110002
122234  16.654  -39.286  81.556 0.1111110002
40948  15.308  -39.192  81.862 0.1111110002
132582  16.614  -39.452  80.810 0.1111110002
40962  15.989  -39.242  81.343 0.1111110002
40964  14.537  -39.293  81.475 0.1111110002
41924  8.475  -38.825  84.554 0.1111110002
40946  17.157  -39.151  82.222 0.1111110002
40931  15.381  -39.011  82.844 0.1111110002
40947  16.142  -39.133  82.132 0.1111110002
39003  30.630  -41.768  70.687 0.1111110002
125728  32.065  -41.371  70.602 0.1111110002
37996  31.602  -41.767  70.999 0.1111110002
39002  31.462  -41.370  70.256 0.1111110002
39021  32.283  -40.572  69.257 0.1111110002
44289  37.533  -35.538  69.101 0.1111110002
40074  34.110  -39.603  70.096 0.1111110002
40086  33.634  -39.528  69.295 0.1111110002
41097  35.354  -38.385  69.732 0.1111110002
41105  34.602  -38.536  69.066 0.1111110002
41106  33.914  -38.955  68.770 0.1111110002
44279  37.764  -35.688  70.044 0.1111110002
42120  35.486  -37.468  68.481 0.1111110002
42109  35.181  -37.987  68.970 0.1111110002
42121  34.795  -37.935  68.240 0.1111110002
41116  34.225  -38.458  68.344 0.1111110002
42107  36.340  -37.223  69.586 0.1111110002
42108  35.712  -37.638  69.274 0.1111110002
116644  32.176  -41.040  69.976 0.1111110002
40075  33.447  -40.112  69.918 0.1111110002
41939  15.807  -38.638  83.701 0.1111110002
130080  9.766  -41.754  85.593 0.1111110002
33371  10.389  -47.683  84.917 0.1111110002
37832  10.331  -42.662  85.630 0.1111110002
33369  12.437  -46.305  84.511 0.1111110002
36019  12.529  -45.039  83.810 0.1111110002
36020  12.096  -44.570  84.335 0.1111110002
36920  10.351  -43.489  82.393 0.1111110002
37841  10.100  -42.899  83.757 0.1111110002
36029  12.041  -44.565  83.505 0.1111110002
37869  9.498  -41.934  82.393 0.1111110002
40076  32.951  -39.993  69.082 0.1111110002
34252  11.719  -46.414  85.049 0.2222220004
34259  -2.209  -46.329  83.865 0.1111110002
34265  -2.455  -46.514  83.444 0.1111110002
35109  9.636  -45.309  86.626 0.1111110002
36009  0.493  -44.114  85.848 0.1111110002
36064  27.036  -43.873  78.629 0.3333329856
36073  30.235  -44.054  77.947 0.5555559993
36108  32.301  -43.631  76.329 0.4444440007
36156  31.285  -43.778  75.131 0.3333329856
36931  21.479  -42.353  81.112 0.3333329856
37861  26.185  -42.137  79.758 0.5555559993
38817  7.277  -40.868  88.303 0.2222220004
38854  24.166  -41.708  81.091 0.4444440007
38870  25.514  -41.751  80.256 0.4444440007
38895  30.455  -42.081  78.270 0.6666669846
38965  35.754  -40.734  73.018 0.4444440007
39865  5.703  -40.601  88.244 0.3333329856
40006  36.505  -39.731  75.378 0.6666669846
40018  37.112  -39.282  75.073 0.6666669846
40038  36.588  -39.768  73.823 0.6666669846
40890  6.545  -39.544  88.065 0.2222220004
40894  9.438  -39.706  87.744 0.2222220004
40906  5.754  -40.534  85.170 0.1111110002
40992  34.955  -39.045  76.735 0.7777780294
41029  35.808  -39.324  76.323 0.7777780294
41882  9.046  -38.559  88.481 0.2222220004
41991  21.211  -38.802  77.884 0.1111110002
42929  9.199  -38.037  88.391 0.3333329856
42931  8.242  -38.380  88.285 0.2222220004
42932  10.946  -37.632  87.645 0.3333329856
42937  11.470  -37.364  87.310 0.3333329856
42975  19.347  -37.836  83.661 0.3333329856
43033  35.906  -37.525  77.494 0.8888890147
43991  10.091  -37.255  87.499 0.3333329856
44055  11.285  -37.503  82.011 0.2222220004
44105  36.253  -36.521  77.120 0.8888890147
44106  36.065  -36.826  77.372 0.8888890147
44151  38.775  -35.721  75.439 0.7777780294
44239  38.730  -36.494  72.855 0.5555559993
44257  33.617  -36.351  71.406 0.1111110002
45225  15.927  -36.333  76.048 0.1111110002
45233  38.934  -35.499  74.427 0.7777780294
46244  38.643  -34.472  76.323 0.8888890147
46348  38.519  -34.156  69.663 0.1111110002
47315  39.241  -33.275  75.759 0.8888890147
47317  36.890  -34.207  75.828 0.7777780294
48448  38.580  -32.900  76.174 0.8888890147
48450  37.605  -33.164  75.954 0.8888890147
48474  40.647  -32.551  74.286 0.8888890147
49513  39.891  -31.726  75.293 0.7777780294
49525  40.944  -31.845  74.375 0.8888890147
50537  38.735  -30.852  75.427 0.7777780294
50555  37.852  -30.575  74.067 0.7777780294
50556  37.495  -31.217  73.765 0.5555559993
51518  37.830  -30.005  73.509 0.5555559993
52533  39.231  -29.427  75.081 0.7777780294
52562  42.185  -28.042  72.264 0.7777780294
52565  37.080  -28.878  71.372 0.1111110002
53505  41.162  -28.075  74.946 0.8888890147
53520  39.393  -28.096  74.617 0.7777780294
53529  39.371  -27.684  74.372 0.7777780294
54429  41.581  -26.836  74.434 0.8888890147
54432  40.302  -26.340  74.567 0.7777780294
54467  42.605  -26.349  73.642 0.8888890147
54484  38.830  -26.573  72.427 0.4444440007
54498  42.800  -26.106  72.314 0.8888890147
54529  36.093  -27.060  68.415 0.1111110002
56491  41.744  -23.881  74.515 0.8888890147
56503  39.969  -24.834  73.954 0.7777780294
57542  42.860  -23.018  74.025 0.7777780294
57544  40.869  -23.557  74.403 0.7777780294
58628  42.077  -22.608  74.434 0.8888890147
58638  43.265  -21.890  73.660 0.8888890147
58651  40.690  -22.324  72.852 0.3333329856
58714  38.990  -23.110  69.174 0.4444440007
59753  43.179  -21.353  73.454 0.8888890147
59755  42.436  -21.856  74.119 0.8888890147
59756  42.069  -21.986  74.359 0.8888890147
59763  41.842  -21.551  73.932 0.6666669846
60812  42.817  -20.942  73.423 0.7777780294
60823  44.004  -20.467  72.478 0.8888890147
60825  41.215  -21.149  72.293 0.4444440007
60890  49.594  -20.205  66.476 0.7777780294
61850  44.023  -20.087  72.221 0.8888890147
61874  42.624  -19.512  70.055 0.5555559993
61884  42.563  -19.545  69.366 0.5555559993
61900  41.076  -20.208  68.335 0.5555559993
61947  50.508  -19.557  65.195 0.7777780294
61948  50.334  -20.079  65.442 0.7777780294
62159  61.246  -19.131  42.530 0.1111110002
62933  50.610  -19.054  65.021 0.6666669846
68137  59.238  -13.781  37.814 0.1111110002
68844  52.195  -12.630  61.507 0.2222220004
68870  49.005  -12.445  58.459 0.3333329856
69902  52.980  -11.549  60.654 0.2222220004
70941  52.648  -11.009  60.543 0.3333329856
70958  54.940  -9.934  57.766 0.3333329856
70993  57.018  -10.674  55.194 0.2222220004
71961  52.241  -10.101  58.722 0.3333329856
71974  53.734  -9.580  57.636 0.2222220004
71999  56.609  -9.806  55.391 0.2222220004
72945  58.066  -9.375  53.148 0.2222220004
72953  58.211  -9.539  52.578 0.2222220004
113174  56.758  -9.483  54.219 0.2222220004
115319  41.977  -29.892  73.748 0.7777780294
118152  36.184  -40.382  74.946 0.6666669846
118233  57.944  -10.095  53.915 0.2222220004
118659  60.137  -14.273  38.171 0.1111110002
120631  34.607  -42.397  75.848 0.5555559993
121561  4.765  -40.900  87.667 0.3333329856
121853  41.767  -22.592  74.525 0.8888890147
122541  30.027  -43.832  74.899 0.3333329856
123985  43.972  -23.158  68.685 0.5555559993
124901  40.482  -33.214  73.908 0.8888890147
125533  48.832  -18.457  66.956 0.7777780294
127188  37.375  -38.725  73.704 0.5555559993
127833  40.529  -28.318  75.303 0.7777780294
128536  56.157  -10.459  56.276 0.2222220004
128960  23.186  -39.826  81.315 0.3333329856
129271  39.579  -22.015  68.514 0.1111110002
130771  9.689  -37.924  88.156 0.3333329856
130894  29.461  -44.382  77.477 0.3333329856
132091  39.570  -34.119  71.468 0.4444440007
132552  41.179  -23.958  74.691 0.8888890147
133134  8.764  -38.989  88.513 0.2222220004
133672  41.501  -22.757  74.544 0.8888890147
134671  51.982  -14.112  61.093 0.3333329856
134915  60.133  -10.137  49.217 0.1111110002
135231  39.034  -35.257  74.122 0.7777780294
136308  40.998  -22.313  73.822 0.5555559993
136604  54.354  -12.124  57.213 0.3333329856
