#!ascii label  , from subject sub-v1s6x0051319_ses-1 vox2ras=TkReg
4704
41272  -16.568  -37.782  87.974 0.1000000015
41292  -16.602  -37.366  86.366 0.1000000015
42126  -16.209  -37.114  87.978 0.1000000015
42984  -15.389  -36.142  88.111 0.1000000015
42130  -16.389  -37.085  87.169 0.1000000015
42129  -15.920  -36.402  86.807 0.1000000015
42133  -15.948  -36.281  85.953 0.1000000015
43011  -16.351  -35.866  84.327 0.1000000015
43010  -15.747  -35.080  84.015 0.1000000015
43014  -16.437  -35.595  83.514 0.1000000015
127721  -16.528  -35.369  82.729 0.1000000015
43837  -15.872  -34.826  83.052 0.1000000015
43024  -16.611  -34.821  81.186 0.1000000015
43038  -26.749  -35.904  80.435 0.2000000030
43037  -25.961  -35.455  80.117 0.2000000030
43875  -24.430  -34.687  79.362 0.2000000030
43876  -25.252  -35.029  79.629 0.2000000030
45732  -11.775  -31.515  90.297 0.2000000030
46749  -12.093  -31.347  89.239 0.3000000119
44738  -12.823  -33.858  89.264 0.1000000015
124614  -12.417  -32.307  89.123 0.2000000030
138580  -11.766  -30.539  89.546 0.3000000119
44744  -12.860  -33.843  88.329 0.1000000015
44743  -12.577  -33.052  88.732 0.1000000015
43800  -13.446  -34.536  88.870 0.1000000015
43806  -13.543  -34.416  87.926 0.1000000015
44751  -12.674  -33.020  87.894 0.1000000015
123423  -14.963  -35.726  88.524 0.1000000015
43801  -14.267  -35.134  88.463 0.1000000015
44752  -13.133  -33.626  87.495 0.1000000015
42993  -15.394  -35.954  87.281 0.2000000030
43807  -14.220  -34.882  87.467 0.2000000030
42992  -14.791  -35.339  86.931 0.2000000030
43008  -16.190  -36.104  85.127 0.1000000015
43007  -15.471  -35.485  85.428 0.1000000015
125890  -15.352  -35.046  84.696 0.1000000015
43836  -15.286  -34.237  83.449 0.3000000119
43848  -15.665  -33.712  81.850 0.1000000015
43841  -16.087  -34.595  82.081 0.1000000015
43849  -16.080  -33.854  81.242 0.1000000015
43861  -16.542  -33.923  80.515 0.1000000015
44812  -16.966  -33.200  80.091 0.1000000015
43027  -27.855  -35.475  81.326 0.2000000030
43866  -26.380  -35.115  81.038 0.2000000030
43026  -27.156  -35.383  81.269 0.2000000030
122250  -24.902  -34.512  79.938 0.1000000015
48718  -12.447  -28.718  89.096 0.3000000119
46760  -12.696  -31.655  87.474 0.3000000119
46752  -12.396  -31.157  88.192 0.3000000119
47774  -12.210  -29.556  89.091 0.3000000119
45740  -12.714  -32.381  87.518 0.2000000030
48734  -12.729  -29.393  88.492 0.3000000119
47786  -13.119  -30.374  87.105 0.3000000119
43813  -13.675  -34.144  87.050 0.2000000030
45741  -13.073  -32.124  86.800 0.2000000030
46761  -13.079  -31.149  86.813 0.3000000119
47796  -13.494  -30.590  86.304 0.3000000119
43814  -14.242  -34.611  86.578 0.2000000030
44758  -13.725  -33.850  86.172 0.2000000030
45745  -13.327  -32.366  86.075 0.2000000030
42999  -14.808  -35.046  86.033 0.2000000030
43822  -14.265  -34.262  85.731 0.2000000030
128574  -14.025  -32.817  85.052 0.2000000030
46781  -13.938  -31.275  85.250 0.3000000119
46782  -14.425  -31.119  84.769 0.3000000119
43006  -14.781  -34.600  85.086 0.2000000030
43830  -14.315  -33.690  85.041 0.3000000119
141630  -14.239  -32.477  84.567 0.3000000119
45754  -14.131  -31.910  84.740 0.3000000119
43831  -15.073  -34.423  84.263 0.3000000119
44771  -14.812  -33.582  83.820 0.3000000119
44781  -14.783  -32.602  83.535 0.3000000119
44782  -15.109  -33.327  83.026 0.3000000119
46805  -15.264  -31.839  83.246 0.3000000119
44802  -15.847  -33.053  81.478 0.2000000030
44803  -16.365  -33.132  80.792 0.1000000015
45815  -16.791  -32.642  80.558 0.3000000119
45816  -17.311  -32.526  80.158 0.2000000030
122008  -18.570  -32.233  79.976 0.3000000119
124995  -20.120  -32.449  79.596 0.2000000030
44827  -21.606  -33.280  79.351 0.1000000015
44828  -22.307  -33.489  79.639 0.1000000015
43863  -24.302  -34.128  80.034 0.1000000015
43865  -25.504  -34.669  80.565 0.2000000030
43864  -24.805  -34.228  80.531 0.1000000015
49666  -13.670  -28.857  87.922 0.3000000119
48735  -13.277  -29.566  87.689 0.3000000119
48747  -13.658  -29.896  86.702 0.3000000119
48736  -13.964  -29.221  87.181 0.3000000119
54578  -28.569  -24.160  86.695 0.6000000238
54590  -29.127  -23.859  86.366 0.5000000000
55504  -29.442  -23.160  85.619 0.4000000060
141584  -29.728  -23.566  85.877 0.4000000060
47810  -13.815  -30.746  85.673 0.3000000119
47797  -14.107  -30.178  85.988 0.3000000119
54579  -29.227  -24.186  86.406 0.8000000119
55497  -30.699  -23.412  85.634 0.4000000060
47811  -14.494  -30.503  85.251 0.3000000119
51695  -28.543  -25.473  86.502 0.8999999762
52734  -28.668  -25.080  86.686 0.8000000119
52736  -29.741  -24.815  86.307 0.8000000119
53688  -29.869  -24.411  86.223 0.6000000238
54591  -30.023  -23.908  86.004 0.4000000060
46790  -14.639  -31.431  84.243 0.3000000119
46791  -15.383  -31.176  83.846 0.4000000060
47824  -15.032  -30.738  84.561 0.3000000119
52742  -29.209  -25.262  86.291 0.8000000119
52735  -29.253  -24.952  86.450 0.8000000119
52743  -30.325  -24.810  86.072 0.6999999881
53689  -30.649  -24.274  85.906 0.5000000000
54592  -31.126  -23.700  85.732 0.4000000060
46804  -14.787  -31.805  83.714 0.4000000060
47825  -15.916  -30.524  84.428 0.4000000060
51706  -28.641  -25.940  85.771 0.8999999762
51707  -29.391  -25.563  85.924 0.8999999762
52748  -30.151  -25.464  85.717 0.8000000119
140937  -30.642  -25.161  85.762 0.8000000119
45791  -15.780  -32.377  81.985 0.3000000119
46821  -15.784  -31.782  82.631 0.3000000119
46806  -16.616  -31.234  82.944 0.4000000060
51717  -28.569  -26.157  84.719 0.8999999762
121599  -29.890  -25.819  85.278 0.8999999762
51708  -30.492  -25.689  85.185 0.8999999762
51709  -30.967  -25.453  85.352 0.8999999762
46822  -16.396  -31.707  82.036 0.3000000119
46836  -17.190  -31.609  81.551 0.4000000060
121906  -29.458  -26.095  84.556 0.8999999762
51718  -30.267  -26.018  84.532 0.8999999762
45804  -17.914  -32.046  80.399 0.3000000119
46837  -18.014  -31.504  81.123 0.3000000119
51728  -28.878  -26.189  83.767 0.8999999762
122120  -30.180  -26.173  82.801 0.8999999762
45817  -19.652  -32.116  80.281 0.3000000119
51740  -29.160  -26.230  82.752 0.8999999762
45819  -21.377  -32.931  80.149 0.1000000015
123182  -29.800  -26.230  81.965 1.0000000000
51754  -30.346  -26.129  81.310 1.0000000000
44813  -21.966  -33.248  80.078 0.2000000030
123429  -28.922  -26.318  81.753 1.0000000000
51768  -30.164  -26.230  80.452 1.0000000000
44829  -22.952  -33.778  79.568 0.1000000015
44815  -23.554  -33.722  80.233 0.1000000015
133621  -28.434  -34.825  81.405 0.2000000030
51753  -29.524  -26.205  81.119 1.0000000000
43852  -26.741  -34.863  82.054 0.2000000030
51767  -29.256  -26.376  80.338 1.0000000000
137028  -30.433  -26.265  79.714 1.0000000000
51786  -29.349  -26.478  79.012 1.0000000000
51787  -30.159  -26.307  79.032 1.0000000000
49657  -13.733  -28.140  88.569 0.4000000060
49667  -14.333  -28.612  87.773 0.4000000060
54568  -25.747  -24.437  87.658 0.4000000060
53670  -26.557  -24.759  87.216 0.5000000000
48748  -14.406  -29.570  86.473 0.4000000060
48737  -14.785  -29.077  87.113 0.5000000000
53678  -27.307  -24.548  87.073 0.5000000000
54577  -27.943  -24.173  86.954 0.5000000000
55496  -28.983  -23.540  86.195 0.3000000119
48749  -15.337  -29.400  86.498 0.5000000000
52733  -27.567  -25.057  87.009 0.6999999881
53679  -28.170  -24.678  86.934 0.6999999881
55503  -28.808  -23.193  85.779 0.3000000119
55505  -30.267  -23.017  85.414 0.3000000119
126150  -32.639  -22.384  84.002 0.4000000060
137002  -32.979  -22.880  85.406 0.5000000000
47798  -14.885  -29.848  85.811 0.4000000060
123598  -28.103  -25.267  86.896 0.6999999881
55517  -30.629  -22.641  84.920 0.4000000060
47812  -15.526  -30.185  85.227 0.4000000060
51694  -27.441  -25.901  86.710 0.8000000119
52741  -28.022  -25.684  86.671 0.8000000119
143053  -31.111  -24.711  85.736 0.8000000119
53690  -31.590  -24.062  85.688 0.5000000000
55498  -31.709  -23.178  85.615 0.5000000000
46792  -16.333  -30.940  83.777 0.4000000060
122648  -27.982  -25.978  86.345 0.8000000119
52749  -31.496  -25.130  85.450 0.8000000119
54593  -32.077  -23.362  85.674 0.5000000000
46823  -17.178  -31.303  82.315 0.4000000060
46793  -17.271  -30.830  83.735 0.4000000060
145760  -27.875  -26.249  84.504 0.8999999762
52756  -31.869  -25.514  84.929 0.8999999762
128328  -32.239  -25.072  85.255 0.8999999762
125270  -18.169  -31.231  82.160 0.4000000060
46807  -17.715  -31.064  83.014 0.4000000060
122122  -28.028  -26.292  83.913 0.8999999762
121607  -31.699  -25.877  84.005 1.0000000000
46849  -18.795  -31.754  80.732 0.3000000119
46838  -18.975  -31.365  81.563 0.3000000119
51727  -27.448  -26.298  83.267 0.8999999762
122119  -30.906  -26.115  82.753 1.0000000000
121905  -31.557  -26.074  83.068 1.0000000000
132566  -20.464  -32.136  80.974 0.4000000060
51739  -28.270  -26.336  82.284 0.8999999762
51755  -31.119  -26.083  81.456 1.0000000000
45820  -21.890  -33.080  80.784 0.3000000119
51751  -28.066  -26.453  81.482 0.8999999762
131360  -30.979  -26.087  80.142 1.0000000000
138850  -30.846  -26.120  80.819 1.0000000000
122236  -23.353  -33.436  81.126 0.2000000030
51752  -28.678  -26.383  80.924 1.0000000000
43850  -25.050  -34.161  81.350 0.1000000015
50784  -27.795  -26.776  79.120 1.0000000000
146367  -28.298  -26.612  79.564 1.0000000000
51785  -28.949  -26.510  79.637 1.0000000000
43842  -26.415  -34.422  82.814 0.2000000030
43844  -28.116  -33.946  82.149 0.2000000030
43854  -28.951  -33.617  81.463 0.2000000030
50807  -28.532  -26.761  77.654 1.0000000000
50785  -28.577  -26.649  79.009 1.0000000000
50818  -27.322  -27.111  76.746 1.0000000000
51800  -29.744  -26.504  78.335 1.0000000000
44798  -28.668  -32.607  82.278 0.2000000030
125249  -28.229  -26.865  76.867 1.0000000000
50820  -28.997  -26.784  76.232 1.0000000000
51818  -30.019  -26.526  77.708 1.0000000000
141914  -28.616  -26.837  75.454 1.0000000000
50831  -29.376  -26.622  75.347 1.0000000000
50844  -28.096  -26.889  74.164 0.8999999762
51871  -28.767  -26.697  74.715 1.0000000000
50857  -28.264  -26.958  73.292 0.8999999762
51887  -28.986  -26.601  73.805 0.8999999762
50871  -28.473  -27.102  72.325 0.8000000119
51907  -29.039  -26.696  72.902 0.8000000119
47896  -25.759  -30.671  71.378 0.3000000119
49658  -14.737  -28.096  88.494 0.5000000000
53669  -25.895  -24.764  87.578 0.5000000000
49668  -15.177  -28.592  87.795 0.5000000000
51667  -25.398  -25.591  87.825 0.5000000000
146973  -15.902  -29.285  86.879 0.5000000000
122992  -15.584  -29.066  87.232 0.5000000000
51668  -26.011  -25.586  87.416 0.5000000000
52726  -26.933  -25.078  87.155 0.6000000238
55495  -28.216  -23.386  86.230 0.4000000060
128624  -15.662  -29.735  85.914 0.5000000000
48750  -16.287  -29.496  86.473 0.5000000000
147220  -27.590  -25.402  86.937 0.6999999881
124176  -28.236  -23.057  85.330 0.3000000119
47799  -16.331  -29.892  85.719 0.6999999881
47800  -17.171  -29.807  86.108 0.4000000060
51681  -27.186  -25.618  86.939 0.6999999881
133703  -27.634  -23.225  85.595 0.3000000119
55530  -28.307  -22.897  84.463 0.3000000119
122114  -29.093  -22.789  84.307 0.3000000119
122113  -29.955  -22.770  84.039 0.3000000119
55518  -31.534  -22.591  84.880 0.2000000030
55520  -33.476  -22.538  84.710 0.4000000060
47813  -16.476  -30.183  85.084 0.4000000060
146672  -16.847  -30.010  85.541 0.4000000060
122278  -26.640  -26.054  86.726 0.8000000119
55529  -27.695  -22.938  83.807 0.3000000119
124730  -28.468  -22.844  83.659 0.3000000119
138661  -29.168  -22.792  83.554 0.3000000119
122112  -29.669  -22.757  82.955 0.2000000030
142842  -32.407  -23.054  85.660 0.4000000060
55508  -33.832  -22.820  85.116 0.6000000238
47827  -17.813  -30.596  84.526 0.5000000000
122123  -26.920  -26.217  85.151 0.8000000119
122109  -29.038  -22.806  82.209 0.2000000030
52750  -32.899  -24.570  85.280 0.8000000119
53700  -33.938  -23.556  85.230 0.8000000119
53706  -34.427  -24.000  84.849 0.8000000119
46794  -18.232  -30.863  83.821 0.4000000060
51716  -27.095  -26.284  84.215 0.8000000119
51720  -32.518  -25.667  84.216 0.8999999762
51721  -33.204  -25.477  84.292 0.8000000119
52758  -33.591  -24.973  84.637 0.8000000119
125665  -34.206  -24.620  84.660 0.8000000119
46824  -19.322  -31.271  82.485 0.4000000060
51731  -32.354  -25.929  83.360 0.8000000119
51732  -33.157  -25.736  83.647 0.8000000119
46839  -19.795  -31.473  81.911 0.4000000060
51737  -27.007  -26.391  82.593 0.8999999762
51741  -31.376  -26.054  82.217 1.0000000000
51742  -32.161  -26.009  82.431 1.0000000000
143245  -32.987  -25.830  82.719 1.0000000000
122893  -21.212  -32.624  80.885 0.5000000000
45806  -20.461  -31.826  81.725 0.5000000000
51738  -27.469  -26.467  82.016 0.8999999762
51756  -31.890  -26.015  81.586 1.0000000000
44804  -23.199  -33.310  82.035 0.4000000060
50764  -27.175  -26.573  81.237 0.8999999762
44805  -23.911  -33.638  81.919 0.1000000015
50773  -26.824  -26.750  80.341 0.8999999762
50765  -27.825  -26.570  80.677 0.8999999762
43851  -25.331  -34.155  82.508 0.1000000015
50783  -26.975  -26.894  79.422 1.0000000000
50774  -27.699  -26.677  79.883 0.8999999762
51766  -28.454  -26.509  80.173 0.8999999762
125475  -31.106  -26.236  79.219 1.0000000000
44807  -29.755  -33.206  80.897 0.2000000030
51801  -30.640  -26.351  78.228 1.0000000000
43843  -27.304  -34.354  82.737 0.2000000030
44806  -29.314  -32.491  81.616 0.2000000030
45811  -29.702  -32.072  81.280 0.2000000030
50806  -27.644  -26.968  77.609 1.0000000000
44797  -27.831  -33.190  83.066 0.2000000030
51836  -29.778  -26.571  76.955 1.0000000000
51819  -30.566  -26.421  77.342 1.0000000000
45810  -29.165  -31.810  81.891 0.2000000030
134972  -27.057  -27.199  76.017 0.8999999762
50819  -27.943  -27.050  75.932 0.8999999762
122895  -29.967  -26.482  76.028 1.0000000000
50830  -27.225  -27.254  75.301 0.8999999762
124733  -30.271  -26.439  75.180 1.0000000000
50842  -26.539  -27.592  74.827 0.8999999762
125984  -28.004  -27.033  75.010 0.8999999762
51872  -29.641  -26.480  74.495 0.8999999762
49799  -25.926  -28.196  74.321 0.8000000119
50856  -27.456  -27.290  73.637 0.8000000119
46890  -26.217  -31.668  73.882 0.3000000119
49806  -25.933  -28.910  72.914 0.6000000238
49802  -26.222  -28.300  73.436 0.8000000119
50869  -26.918  -27.841  73.129 0.8000000119
50870  -27.670  -27.437  72.742 0.8000000119
46894  -25.940  -31.863  73.005 0.3000000119
48833  -25.779  -29.688  72.344 0.5000000000
48834  -26.103  -28.962  72.264 0.6999999881
49808  -27.143  -28.028  72.252 0.8000000119
50885  -27.906  -27.606  71.743 0.8000000119
50872  -29.360  -27.010  72.049 0.8999999762
46893  -25.646  -31.198  72.528 0.3000000119
47893  -25.620  -30.553  72.082 0.3000000119
138864  -25.831  -30.088  71.705 0.6000000238
48837  -26.178  -29.416  71.596 0.6000000238
49819  -27.378  -28.293  71.344 0.6000000238
50886  -28.827  -27.453  71.476 0.8000000119
47897  -26.105  -30.058  71.100 0.4000000060
48841  -26.970  -29.213  70.366 0.5000000000
49828  -27.605  -28.714  70.609 0.5000000000
49829  -28.377  -28.630  70.262 0.5000000000
49830  -29.176  -28.374  70.260 0.6000000238
49821  -29.396  -27.850  70.785 0.8999999762
128362  -26.991  -29.488  69.798 0.4000000060
48846  -27.329  -29.435  69.218 0.4000000060
48842  -27.780  -29.045  69.921 0.4000000060
49839  -28.881  -28.701  69.731 0.4000000060
48854  -28.353  -29.078  68.144 0.4000000060
49853  -29.061  -28.797  68.903 0.5000000000
53668  -25.278  -24.766  88.043 0.3000000119
54575  -25.532  -24.148  87.615 0.3000000119
48720  -16.656  -28.740  88.190 0.6000000238
52724  -25.401  -25.181  87.987 0.4000000060
48738  -16.386  -29.117  87.327 0.6999999881
53677  -26.468  -24.399  87.280 0.4000000060
48751  -17.153  -29.396  86.993 0.6999999881
130929  -24.812  -26.207  87.940 0.6000000238
51678  -24.835  -26.326  87.433 0.5000000000
54587  -26.681  -23.821  86.939 0.2000000030
51693  -25.728  -26.116  87.159 0.6999999881
55533  -33.414  -22.447  83.695 0.4000000060
145971  -34.143  -22.521  84.144 0.4000000060
47814  -17.384  -30.191  85.267 0.5000000000
124673  -18.113  -30.050  86.006 0.6999999881
145206  -24.346  -26.665  86.181 0.8000000119
124052  -25.632  -26.318  86.222 0.8000000119
55528  -27.043  -23.114  83.918 0.3000000119
147263  -30.442  -22.699  83.394 0.2000000030
55532  -31.164  -22.639  83.303 0.2000000030
55522  -35.067  -22.943  84.180 0.6999999881
54615  -35.345  -23.237  84.152 0.6000000238
47815  -18.371  -30.451  85.307 0.4000000060
51692  -24.731  -26.513  85.804 0.8000000119
51703  -25.435  -26.420  85.284 0.8000000119
55545  -27.914  -22.927  83.045 0.3000000119
141384  -28.727  -22.827  82.935 0.2000000030
54605  -34.553  -23.066  84.934 0.8000000119
53707  -35.111  -23.920  84.418 0.8000000119
53708  -35.743  -23.857  84.067 0.8000000119
47828  -18.738  -30.766  84.619 0.4000000060
51702  -24.545  -26.693  85.010 0.8000000119
51715  -26.165  -26.338  84.739 0.8000000119
46808  -18.716  -31.075  83.149 0.4000000060
121437  -19.033  -30.955  83.930 0.4000000060
50741  -25.030  -26.627  83.562 0.8999999762
51725  -25.952  -26.350  83.840 0.8000000119
52766  -33.984  -25.495  83.977 0.8000000119
52767  -34.874  -25.355  84.047 0.8999999762
52759  -34.892  -24.786  84.397 0.8000000119
46809  -19.742  -31.276  83.533 0.4000000060
121608  -33.844  -25.783  83.119 0.8999999762
46825  -20.481  -31.652  82.710 0.5000000000
50742  -25.713  -26.504  83.008 0.8999999762
145825  -32.288  -25.935  81.026 1.0000000000
138897  -32.778  -25.850  81.684 1.0000000000
45808  -22.558  -33.130  81.360 0.4000000060
45792  -21.206  -32.115  82.143 0.5000000000
50755  -26.516  -26.605  81.874 0.8999999762
51770  -32.229  -25.919  80.451 1.0000000000
121647  -22.598  -32.849  82.210 0.5000000000
139395  -26.327  -26.702  81.050 0.8999999762
123137  -32.155  -26.081  79.061 1.0000000000
129472  -31.766  -26.006  79.917 1.0000000000
126119  -26.192  -26.973  79.723 0.8999999762
51802  -31.497  -26.198  78.420 1.0000000000
44795  -26.173  -34.121  83.666 0.1000000015
45823  -30.599  -32.440  80.152 0.2000000030
50794  -26.157  -27.189  78.282 0.8999999762
50782  -26.215  -27.109  78.998 0.8999999762
51820  -31.368  -26.260  77.533 1.0000000000
44817  -30.236  -32.512  80.624 0.2000000030
50805  -26.570  -27.224  77.498 1.0000000000
51838  -31.421  -26.268  76.572 1.0000000000
138423  -30.992  -26.384  77.015 1.0000000000
45794  -28.266  -32.151  82.969 0.2000000030
45821  -29.349  -31.612  81.328 0.2000000030
51856  -31.635  -26.175  75.690 1.0000000000
51837  -30.587  -26.407  76.627 1.0000000000
45809  -28.567  -31.659  82.454 0.2000000030
124424  -26.471  -27.380  76.516 0.8999999762
51855  -30.832  -26.313  75.859 1.0000000000
50829  -26.463  -27.491  75.666 0.8999999762
51873  -30.641  -26.204  74.203 1.0000000000
49792  -25.855  -27.966  75.260 0.8999999762
144849  -26.526  -32.059  75.344 0.3000000119
49798  -25.392  -28.922  74.392 0.8000000119
142833  -25.441  -28.497  74.973 0.8999999762
142346  -29.437  -26.540  73.273 0.8999999762
51888  -29.863  -26.396  73.614 1.0000000000
46889  -25.701  -30.978  73.425 0.3000000119
49801  -25.705  -28.825  73.671 0.6000000238
51908  -29.912  -26.616  72.692 1.0000000000
127591  -30.756  -26.736  72.345 1.0000000000
47892  -25.621  -30.354  72.835 0.4000000060
142173  -25.507  -30.134  73.565 0.6000000238
50887  -30.251  -27.735  70.905 0.8999999762
145930  -29.652  -27.461  71.387 0.8999999762
49822  -30.072  -28.244  70.326 0.8999999762
128914  -29.657  -28.687  69.416 0.5000000000
49632  -17.951  -27.966  89.926 0.6000000238
141813  -24.092  -26.141  89.025 0.4000000060
53659  -24.117  -25.089  88.699 0.2000000030
53667  -24.561  -24.704  88.332 0.3000000119
51652  -24.538  -25.988  88.640 0.5000000000
52718  -24.349  -25.637  88.733 0.3000000119
54567  -25.065  -24.347  87.983 0.3000000119
48721  -17.653  -28.935  88.499 0.6999999881
51653  -24.857  -25.623  88.281 0.4000000060
47801  -18.804  -30.092  86.717 0.6999999881
48739  -17.835  -29.442  87.667 0.6999999881
50685  -24.220  -26.615  88.489 0.6000000238
125527  -25.931  -23.937  87.306 0.2000000030
48752  -17.968  -29.719  86.811 0.6999999881
50695  -23.424  -27.565  87.329 0.6999999881
50696  -24.117  -26.825  87.837 0.6000000238
54600  -25.528  -23.732  85.635 0.2000000030
54614  -26.896  -23.382  85.305 0.2000000030
143657  -18.885  -30.297  85.982 0.6999999881
50705  -24.051  -26.865  86.758 0.6999999881
54613  -26.595  -23.358  84.420 0.2000000030
55534  -34.827  -22.659  83.904 0.4000000060
55535  -35.540  -22.847  83.631 0.5000000000
46783  -19.314  -30.649  85.460 0.6000000238
49675  -23.045  -28.344  86.888 0.8000000119
54647  -26.162  -23.349  81.783 0.2000000030
54637  -26.441  -23.304  82.648 0.2000000030
55544  -27.135  -23.103  83.225 0.2000000030
122111  -30.544  -22.746  82.647 0.2000000030
55546  -31.379  -22.746  82.482 0.2000000030
122309  -32.677  -22.583  83.168 0.4000000060
54616  -36.065  -23.459  83.765 0.6000000238
46795  -19.728  -31.023  84.621 0.5000000000
50716  -23.285  -27.653  85.354 0.8000000119
50717  -23.946  -26.967  85.710 0.8000000119
55574  -26.770  -23.126  81.277 0.2000000030
55560  -26.857  -23.129  81.947 0.2000000030
55561  -27.585  -22.946  81.607 0.2000000030
138480  -28.509  -22.851  81.591 0.2000000030
122108  -29.908  -22.802  82.051 0.2000000030
122104  -30.152  -22.838  81.265 0.2000000030
122107  -30.769  -22.823  81.838 0.2000000030
53715  -36.460  -24.257  83.755 0.8000000119
50728  -23.803  -27.171  84.783 0.8000000119
55576  -28.157  -22.885  80.932 0.2000000030
145447  -28.849  -22.861  81.029 0.2000000030
123180  -29.519  -22.863  80.747 0.1000000015
146603  -35.469  -25.185  84.033 0.8000000119
52760  -35.675  -24.653  84.124 0.8000000119
137203  -23.226  -27.830  84.525 0.8000000119
122580  -27.933  -22.904  80.192 0.2000000030
139993  -28.775  -22.884  80.393 0.1000000015
51733  -34.713  -25.700  83.472 0.8999999762
52768  -35.510  -25.529  83.642 0.8999999762
52776  -36.172  -25.709  83.101 0.8999999762
52777  -36.894  -25.413  83.006 0.8999999762
46810  -20.620  -31.568  83.626 0.5000000000
50740  -24.136  -27.192  83.322 0.8999999762
51743  -33.667  -25.788  82.130 1.0000000000
51744  -34.518  -25.845  82.565 0.8999999762
51745  -35.346  -25.870  82.934 0.8999999762
122187  -35.924  -26.004  82.313 0.8999999762
146232  -21.427  -32.030  82.827 0.6000000238
50752  -24.115  -27.373  82.354 0.8999999762
50753  -24.874  -26.842  82.700 0.8999999762
129488  -32.938  -25.754  80.689 1.0000000000
51758  -34.416  -25.775  81.497 1.0000000000
140161  -35.136  -25.897  82.115 1.0000000000
50754  -25.634  -26.691  82.232 0.8999999762
134391  -23.847  -33.386  82.803 0.3000000119
142759  -23.246  -33.012  82.761 0.4000000060
50763  -25.626  -26.868  81.425 0.8999999762
123120  -32.919  -25.843  79.317 1.0000000000
129487  -32.558  -25.870  79.888 1.0000000000
123080  -24.543  -33.765  82.722 0.2000000030
50772  -25.554  -27.048  80.431 0.8999999762
44794  -25.242  -33.944  83.614 0.2000000030
50781  -25.463  -27.259  79.458 0.8999999762
51803  -32.222  -26.075  78.054 1.0000000000
122118  -32.239  -26.135  77.104 1.0000000000
44796  -27.068  -33.899  83.559 0.2000000030
122117  -32.274  -26.081  76.203 1.0000000000
45782  -27.769  -32.262  83.535 0.1000000015
130038  -28.090  -31.301  82.355 0.2000000030
50804  -25.575  -27.558  77.855 1.0000000000
122115  -32.349  -26.039  75.389 1.0000000000
46842  -28.755  -31.401  81.831 0.2000000030
46853  -28.732  -31.332  81.010 0.2000000030
50817  -25.691  -27.697  77.003 1.0000000000
139033  -32.340  -26.082  74.623 1.0000000000
122116  -31.130  -26.247  75.070 1.0000000000
47878  -24.257  -30.622  76.880 0.8000000119
49782  -25.763  -27.841  76.128 0.8999999762
51874  -31.600  -26.103  74.378 1.0000000000
138056  -26.153  -32.095  76.374 0.3000000119
46880  -26.007  -32.104  76.961 0.3000000119
49791  -25.225  -28.492  75.695 0.8999999762
51890  -31.460  -26.224  73.507 1.0000000000
47889  -25.099  -29.696  74.570 0.6999999881
51909  -31.444  -26.613  72.592 1.0000000000
46887  -26.279  -31.716  74.809 0.3000000119
125610  -30.981  -27.616  71.075 0.8999999762
128306  -30.345  -27.203  71.722 0.8999999762
147194  -25.556  -30.552  73.879 0.4000000060
142102  -25.341  -30.224  74.141 0.5000000000
49831  -30.702  -28.488  69.980 0.8999999762
130407  -30.406  -28.617  69.440 0.5000000000
52717  -23.073  -25.696  89.076 0.4000000060
131647  -23.768  -25.458  88.953 0.3000000119
49645  -18.587  -28.613  89.708 0.6000000238
51636  -23.056  -26.391  89.192 0.4000000060
51651  -23.744  -25.981  89.098 0.4000000060
53666  -23.706  -24.655  88.430 0.2000000030
48707  -18.525  -28.969  89.061 0.6999999881
121679  -19.196  -29.489  88.877 0.6000000238
123109  -23.148  -27.987  88.969 0.5000000000
134279  -23.693  -26.699  89.009 0.6000000238
54566  -24.226  -24.255  88.049 0.2000000030
48722  -18.534  -29.434  88.319 0.6999999881
48723  -19.831  -29.958  88.775 0.6000000238
49660  -22.852  -28.693  88.537 0.6000000238
50673  -23.718  -27.094  88.820 0.6000000238
48740  -18.651  -29.802  87.532 0.6999999881
144028  -20.047  -30.356  87.396 0.8000000119
141736  -23.068  -28.479  87.812 0.6999999881
50684  -23.459  -27.586  88.383 0.6000000238
54585  -24.804  -23.810  86.284 0.2000000030
128537  -24.526  -23.883  87.119 0.2000000030
47802  -19.788  -30.469  86.588 0.6999999881
54599  -24.793  -23.826  85.233 0.2000000030
121513  -34.245  -22.430  83.171 0.3000000119
55549  -35.241  -22.484  83.137 0.3000000119
48754  -23.112  -29.868  87.593 0.8000000119
54624  -25.681  -23.636  83.230 0.2000000030
54612  -26.064  -23.515  85.032 0.2000000030
122102  -31.840  -22.855  80.847 0.1000000015
55548  -33.166  -22.612  82.623 0.3000000119
55536  -36.218  -23.096  83.251 0.5000000000
46784  -20.427  -30.932  85.736 0.6999999881
48753  -22.893  -29.148  86.711 0.8000000119
54636  -25.535  -23.633  82.376 0.2000000030
128920  -25.749  -23.675  84.156 0.2000000030
122103  -31.007  -22.869  81.054 0.1000000015
122106  -31.645  -22.815  81.659 0.2000000030
55547  -32.238  -22.714  82.406 0.2000000030
138235  -36.317  -23.325  83.414 0.6999999881
55537  -36.967  -23.326  82.930 0.5000000000
122227  -21.268  -31.390  85.492 0.6999999881
145669  -23.014  -29.421  85.694 0.8000000119
49682  -22.941  -28.385  85.965 0.8000000119
54660  -26.013  -23.254  80.965 0.2000000030
139399  -26.653  -23.139  80.603 0.2000000030
55591  -29.628  -22.875  79.847 0.1000000015
123179  -30.379  -22.856  80.488 0.1000000015
54626  -36.787  -23.639  83.388 0.6999999881
123205  -20.454  -31.373  84.262 0.5000000000
145136  -21.055  -31.502  84.784 0.6999999881
135645  -22.939  -28.403  85.122 0.8000000119
55588  -26.056  -23.339  79.964 0.2000000030
129429  -29.236  -22.783  78.960 0.1000000015
52769  -37.051  -24.813  83.258 0.8999999762
46797  -21.228  -31.703  84.233 0.5000000000
123450  -26.840  -23.197  79.214 0.1000000015
121761  -27.074  -23.023  80.024 0.1000000015
55590  -28.599  -22.878  79.604 0.1000000015
51746  -36.785  -25.861  82.484 0.8999999762
121678  -37.482  -25.140  82.844 0.8999999762
46811  -21.317  -31.867  83.479 0.5000000000
122946  -22.099  -32.252  83.366 0.5000000000
49689  -22.837  -28.820  84.318 0.6999999881
134884  -23.311  -27.898  83.676 0.8000000119
55589  -27.711  -22.978  79.410 0.1000000015
51760  -36.547  -26.088  81.736 0.8999999762
45793  -21.996  -32.397  82.535 0.6000000238
45779  -22.932  -32.603  84.113 0.6000000238
48769  -23.237  -29.510  83.770 0.6999999881
50739  -23.554  -27.884  82.838 0.8999999762
129409  -33.862  -25.627  80.619 1.0000000000
51773  -34.786  -25.686  80.559 1.0000000000
137973  -35.693  -25.754  80.426 1.0000000000
121874  -23.821  -32.885  84.873 0.5000000000
51771  -33.349  -25.681  79.911 1.0000000000
51772  -34.206  -25.539  79.815 1.0000000000
51788  -35.127  -25.543  79.745 1.0000000000
135223  -36.642  -25.902  80.242 1.0000000000
123801  -24.534  -33.561  83.736 0.3000000119
50751  -23.651  -27.915  82.107 0.8999999762
50762  -24.840  -27.062  81.866 0.8999999762
139120  -33.613  -25.643  79.145 1.0000000000
52807  -34.542  -25.548  78.904 1.0000000000
52818  -35.139  -25.419  78.191 1.0000000000
49718  -24.114  -27.645  81.465 0.8999999762
126553  -24.872  -27.199  81.126 0.8999999762
51804  -32.956  -25.868  78.592 1.0000000000
51805  -33.761  -25.592  78.330 1.0000000000
51822  -34.011  -25.570  77.605 1.0000000000
52817  -34.424  -25.462  78.122 1.0000000000
50780  -24.790  -27.532  79.857 0.8999999762
51821  -33.120  -25.861  77.610 1.0000000000
127130  -33.721  -25.759  76.910 1.0000000000
44785  -26.798  -33.287  84.327 0.1000000015
47868  -24.053  -30.249  79.305 0.8000000119
49741  -24.161  -28.377  79.846 0.8999999762
49742  -24.780  -27.877  79.157 0.8999999762
51840  -33.602  -25.872  76.214 1.0000000000
44786  -27.372  -33.023  83.804 0.1000000015
45781  -27.246  -32.375  84.172 0.1000000015
49754  -24.843  -28.112  78.324 0.8999999762
122772  -33.022  -25.897  75.795 1.0000000000
46827  -27.997  -31.594  83.048 0.1000000015
47874  -24.174  -30.489  78.288 0.6999999881
50793  -25.481  -27.441  78.667 1.0000000000
46861  -27.670  -31.500  80.312 0.3000000119
46866  -24.658  -31.329  77.968 0.4000000060
48812  -24.006  -29.526  78.543 0.8000000119
49769  -24.933  -28.281  77.459 1.0000000000
51891  -32.274  -26.172  73.789 1.0000000000
46868  -26.487  -31.920  79.033 0.3000000119
144984  -27.094  -31.741  79.600 0.2000000030
135020  -24.260  -30.750  77.546 0.6999999881
48820  -24.070  -29.881  77.536 0.8000000119
49781  -25.059  -28.423  76.578 1.0000000000
51910  -32.262  -26.474  72.854 1.0000000000
45840  -27.003  -32.281  78.294 0.3000000119
45839  -26.094  -32.227  78.230 0.3000000119
130878  -24.254  -29.888  76.732 0.8000000119
48823  -24.613  -29.345  76.084 0.8999999762
145043  -32.167  -26.886  72.079 0.8999999762
46884  -25.971  -31.833  75.702 0.3000000119
46879  -25.360  -31.745  76.539 0.4000000060
135927  -25.226  -31.347  75.831 0.4000000060
46882  -24.843  -30.774  75.552 0.5000000000
47882  -24.453  -30.308  76.124 0.6000000238
48827  -25.013  -29.137  75.167 0.8999999762
46883  -25.511  -31.187  75.141 0.3000000119
47885  -25.106  -30.497  74.786 0.5000000000
50873  -31.449  -27.188  71.678 0.8999999762
46886  -25.665  -30.966  74.293 0.4000000060
50893  -30.935  -28.060  70.470 0.8999999762
50656  -17.641  -27.173  89.958 0.6000000238
136874  -19.189  -27.721  90.091 0.5000000000
53658  -23.220  -25.058  88.857 0.3000000119
48701  -20.169  -29.048  89.648 0.6000000238
50659  -21.240  -27.974  89.532 0.6000000238
128177  -21.798  -27.334  89.590 0.5000000000
52706  -22.312  -26.056  89.226 0.4000000060
47776  -21.104  -30.350  88.420 0.6000000238
48710  -21.344  -29.550  89.133 0.6000000238
48712  -22.138  -29.385  88.947 0.6000000238
50672  -22.723  -28.026  89.378 0.5000000000
137644  -21.814  -30.580  88.228 0.6999999881
48711  -21.789  -29.776  88.865 0.6999999881
49648  -22.566  -28.777  89.002 0.5000000000
47788  -21.271  -30.633  87.936 0.8000000119
47778  -22.645  -30.029  88.145 0.6999999881
54584  -23.878  -23.865  86.652 0.2000000030
54573  -23.954  -23.964  87.541 0.2000000030
46770  -21.480  -30.978  87.348 0.8000000119
47790  -23.087  -30.507  87.734 0.8000000119
48742  -22.805  -29.515  88.045 0.8000000119
124731  -23.911  -23.852  85.597 0.2000000030
55563  -33.800  -22.644  81.911 0.3000000119
56608  -34.830  -22.486  82.246 0.3000000119
122375  -21.611  -31.283  86.539 0.8000000119
47803  -20.806  -30.783  86.714 0.8000000119
47804  -23.717  -30.917  87.395 0.8000000119
54610  -24.266  -23.995  83.811 0.2000000030
55562  -32.669  -22.774  81.502 0.3000000119
56609  -35.736  -22.341  82.332 0.3000000119
55550  -36.032  -22.747  82.890 0.4000000060
54623  -24.916  -24.060  82.994 0.2000000030
123177  -31.907  -22.826  80.192 0.1000000015
45765  -21.958  -31.899  85.201 0.6999999881
128664  -23.869  -30.690  86.724 0.8000000119
55592  -30.687  -22.824  79.723 0.1000000015
54627  -37.466  -23.685  82.985 0.6999999881
45755  -23.065  -32.233  86.427 0.8000000119
47816  -23.825  -30.409  85.542 0.8000000119
53716  -37.295  -24.132  83.281 0.8000000119
45778  -22.082  -32.160  84.268 0.5000000000
45766  -23.172  -32.528  85.380 0.8000000119
45756  -23.903  -32.538  86.521 0.6000000238
55605  -26.015  -23.317  78.985 0.1000000015
127834  -28.332  -22.861  78.811 0.1000000015
55608  -28.917  -22.803  78.186 0.1000000015
51747  -37.465  -25.567  82.460 0.8999999762
45767  -24.464  -32.777  86.046 0.6000000238
47830  -24.792  -30.995  85.421 0.6999999881
137835  -23.255  -29.672  84.675 0.6999999881
123074  -27.490  -22.943  78.625 0.1000000015
55607  -28.061  -22.694  78.064 0.1000000015
51761  -37.391  -25.958  81.907 0.8999999762
52786  -38.050  -25.618  81.899 0.8000000119
45768  -25.391  -32.781  85.866 0.6999999881
47829  -23.884  -30.233  84.360 0.6999999881
49698  -23.166  -28.722  83.283 0.6999999881
55606  -26.649  -23.092  78.277 0.1000000015
51774  -36.295  -26.030  80.977 1.0000000000
137589  -37.763  -25.877  80.403 0.8999999762
44772  -24.736  -33.254  84.937 0.4000000060
44773  -25.648  -33.335  85.159 0.5000000000
48777  -23.428  -29.373  82.896 0.6999999881
49706  -23.373  -28.622  82.428 0.8999999762
51789  -36.446  -25.700  79.445 1.0000000000
51790  -37.333  -25.865  79.506 1.0000000000
126384  -38.534  -25.981  79.507 0.8999999762
45769  -26.097  -32.492  85.458 0.6000000238
48785  -23.445  -29.335  82.014 0.6999999881
49717  -23.565  -28.476  81.617 0.8000000119
51823  -37.095  -25.827  77.870 1.0000000000
51807  -37.804  -26.027  78.638 1.0000000000
51808  -38.886  -26.344  78.473 1.0000000000
44784  -25.924  -33.805  84.500 0.3000000119
44774  -26.238  -33.191  84.939 0.4000000060
45770  -26.656  -32.487  84.774 0.4000000060
48794  -23.597  -29.202  81.150 0.8000000119
49730  -23.896  -28.399  80.807 0.8000000119
52831  -35.486  -25.496  77.473 1.0000000000
52819  -36.065  -25.534  78.087 1.0000000000
121500  -37.417  -26.084  76.902 1.0000000000
47860  -24.234  -30.381  80.280 0.6999999881
48795  -23.827  -29.837  80.731 0.6999999881
48802  -23.721  -29.166  80.308 0.8000000119
131744  -34.367  -25.575  77.058 1.0000000000
52844  -35.021  -25.528  76.888 1.0000000000
138496  -35.763  -25.651  76.798 1.0000000000
51842  -36.585  -25.980  76.213 1.0000000000
51843  -38.311  -26.516  76.616 1.0000000000
46814  -27.458  -31.758  83.723 0.3000000119
46826  -27.330  -31.283  83.031 0.1000000015
137047  -23.821  -29.792  79.994 0.8000000119
48803  -23.889  -29.308  79.465 0.8000000119
122803  -34.420  -25.757  76.287 1.0000000000
51859  -36.053  -26.327  75.344 1.0000000000
122395  -37.730  -26.532  76.004 1.0000000000
46841  -27.238  -31.078  82.004 0.2000000030
47869  -24.845  -31.001  79.847 0.6000000238
49753  -24.226  -28.688  78.865 0.8000000119
122311  -33.066  -26.020  74.952 1.0000000000
51876  -34.696  -26.276  74.498 1.0000000000
51858  -34.995  -26.114  75.383 1.0000000000
46851  -26.892  -31.292  80.898 0.3000000119
46850  -25.832  -31.283  80.357 0.3000000119
49768  -24.239  -28.906  77.944 0.8000000119
127152  -33.077  -26.400  73.182 1.0000000000
51875  -33.032  -26.250  74.116 1.0000000000
123075  -33.814  -26.188  74.345 1.0000000000
46860  -26.582  -31.583  79.924 0.4000000060
46859  -25.617  -31.540  79.438 0.3000000119
46858  -24.693  -31.145  78.906 0.4000000060
46867  -25.432  -31.792  78.531 0.3000000119
49780  -24.460  -29.133  77.057 0.8999999762
46875  -25.428  -31.947  77.556 0.4000000060
46874  -24.579  -31.359  77.100 0.5000000000
50875  -33.145  -26.946  72.212 0.8999999762
45846  -26.425  -32.305  77.547 0.3000000119
46878  -24.634  -31.119  76.312 0.5000000000
50874  -32.533  -27.417  71.452 0.8999999762
144468  -32.448  -28.152  70.356 0.8000000119
50888  -31.856  -27.839  70.806 0.8999999762
51632  -18.276  -26.918  89.856 0.2000000030
50657  -18.505  -27.436  90.020 0.4000000060
123548  -19.236  -27.010  89.996 0.4000000060
139753  -19.883  -27.566  89.857 0.4000000060
49635  -20.571  -28.276  89.651 0.5000000000
51635  -22.350  -26.794  89.435 0.4000000060
52716  -22.302  -25.411  88.924 0.4000000060
141556  -21.651  -25.875  89.073 0.4000000060
53657  -22.031  -24.966  88.558 0.3000000119
46753  -22.411  -30.870  87.927 0.8000000119
47770  -21.931  -30.238  88.484 0.6999999881
48725  -22.181  -29.992  88.486 0.6999999881
135267  -22.866  -24.723  88.489 0.2000000030
46762  -21.992  -31.132  87.659 0.8000000119
47777  -22.317  -30.476  88.127 0.8000000119
54565  -23.221  -24.255  88.006 0.2000000030
46771  -22.392  -31.406  87.332 0.8000000119
46763  -22.807  -31.237  87.669 0.8000000119
47789  -22.850  -30.769  87.865 0.8000000119
54583  -23.040  -23.895  86.176 0.2000000030
55578  -33.490  -22.751  80.818 0.2000000030
130388  -22.711  -31.813  86.859 0.8000000119
46772  -23.357  -31.710  87.297 0.8000000119
46764  -23.452  -31.152  87.517 0.8000000119
144782  -23.667  -23.933  84.991 0.2000000030
55577  -32.581  -22.833  80.456 0.2000000030
56610  -36.557  -22.303  82.225 0.3000000119
144030  -23.370  -32.030  86.989 0.8000000119
46773  -24.114  -31.684  87.222 0.8000000119
55552  -37.516  -22.810  82.208 0.5000000000
46785  -22.101  -31.727  86.070 0.8000000119
45746  -23.971  -32.175  87.061 0.8000000119
47805  -24.452  -31.656  87.021 0.8000000119
54635  -24.647  -23.835  82.135 0.2000000030
129427  -31.113  -22.829  78.992 0.1000000015
55538  -37.670  -23.405  82.582 0.6999999881
140195  -24.455  -32.352  86.779 0.8000000119
54659  -25.229  -23.511  80.632 0.2000000030
55609  -29.785  -22.759  78.264 0.1000000015
129428  -30.187  -22.792  79.013 0.1000000015
52779  -38.417  -24.567  82.372 0.6999999881
46774  -24.990  -31.911  86.812 0.6999999881
47817  -24.688  -31.385  86.414 0.6999999881
45757  -25.123  -32.182  86.570 0.6999999881
47831  -25.492  -31.840  86.178 0.6999999881
54671  -24.611  -23.687  79.331 0.2000000030
123785  -25.153  -23.526  79.910 0.2000000030
126375  -37.994  -25.881  81.266 0.8000000119
51762  -38.666  -25.569  81.283 0.8000000119
48770  -23.706  -29.873  83.411 0.6999999881
141467  -25.426  -23.475  79.387 0.1000000015
127249  -27.387  -22.805  77.925 0.1000000015
51791  -39.455  -25.907  79.888 0.8999999762
45758  -25.737  -32.177  86.061 0.6000000238
127100  -25.651  -31.377  85.107 0.6000000238
47837  -24.366  -30.337  83.595 0.6999999881
54680  -25.303  -23.551  78.733 0.1000000015
46799  -26.523  -32.029  85.058 0.5000000000
46812  -26.442  -31.594  84.570 0.5000000000
129379  -25.476  -30.853  83.900 0.6000000238
139891  -24.728  -30.429  82.979 0.6999999881
48778  -23.923  -29.967  82.617 0.6999999881
51824  -38.292  -26.276  77.579 1.0000000000
51825  -39.231  -26.497  77.673 1.0000000000
47843  -24.562  -30.403  82.131 0.6999999881
48786  -23.857  -29.906  81.610 0.6999999881
51844  -39.082  -26.683  76.846 1.0000000000
136905  -26.994  -31.532  83.870 0.4000000060
47838  -26.452  -31.132  83.500 0.4000000060
47844  -25.481  -30.734  82.797 0.6000000238
126665  -39.585  -26.864  76.210 1.0000000000
47852  -26.347  -30.969  82.455 0.3000000119
47851  -25.296  -30.798  81.771 0.5000000000
47850  -24.430  -30.402  81.195 0.6999999881
47861  -25.098  -30.869  80.783 0.6000000238
123388  -35.610  -26.576  74.594 1.0000000000
51860  -37.190  -26.554  75.265 1.0000000000
139809  -38.059  -27.039  75.278 1.0000000000
51861  -39.249  -27.345  75.319 1.0000000000
46840  -26.093  -31.073  81.366 0.3000000119
50846  -36.994  -27.751  73.851 1.0000000000
51878  -37.641  -27.346  74.624 1.0000000000
50832  -38.559  -27.536  74.841 1.0000000000
51892  -34.529  -26.622  73.564 1.0000000000
50845  -36.026  -27.201  73.911 1.0000000000
50847  -37.950  -27.837  74.079 1.0000000000
50858  -33.894  -26.852  72.896 1.0000000000
50859  -34.751  -27.371  72.745 1.0000000000
51893  -35.421  -27.241  73.285 1.0000000000
50860  -36.246  -27.849  73.219 1.0000000000
132439  -34.168  -27.527  72.139 1.0000000000
50877  -35.581  -27.955  72.564 1.0000000000
50889  -33.590  -27.657  71.442 1.0000000000
49823  -32.933  -27.858  70.788 0.8999999762
52715  -21.428  -25.553  88.796 0.4000000060
55564  -34.459  -22.537  81.207 0.2000000030
55594  -32.331  -22.828  79.697 0.1000000015
55595  -33.274  -22.778  79.764 0.1000000015
56619  -35.404  -22.289  81.537 0.3000000119
56620  -36.249  -22.019  81.668 0.3000000119
56621  -37.052  -21.953  81.620 0.3000000119
56611  -37.396  -22.449  82.070 0.3000000119
129426  -31.973  -22.866  79.006 0.1000000015
132102  -32.714  -22.797  79.101 0.1000000015
55553  -38.239  -23.208  82.068 0.6000000238
55610  -30.681  -22.717  78.273 0.1000000015
55611  -31.580  -22.723  78.285 0.1000000015
54638  -38.518  -23.602  82.206 0.6999999881
54645  -24.358  -23.779  81.193 0.2000000030
129452  -30.255  -22.677  77.595 0.1000000015
52780  -38.979  -24.645  81.834 0.6999999881
54658  -24.451  -23.722  80.239 0.2000000030
123932  -27.853  -22.774  77.332 0.1000000015
123169  -28.651  -22.689  77.467 0.1000000015
51776  -39.340  -25.599  80.672 0.8000000119
55623  -26.944  -23.084  77.217 0.1000000015
51809  -39.576  -26.247  79.022 0.8999999762
122312  -39.747  -26.463  78.189 1.0000000000
50833  -38.956  -27.655  74.819 1.0000000000
50848  -38.550  -27.678  74.289 1.0000000000
50861  -36.950  -28.326  73.142 1.0000000000
50863  -38.587  -27.682  73.854 1.0000000000
49804  -36.992  -28.459  72.545 1.0000000000
147137  -37.414  -28.298  73.066 1.0000000000
50876  -34.895  -27.927  72.154 1.0000000000
49810  -35.915  -28.414  72.149 1.0000000000
49803  -36.384  -28.316  72.598 1.0000000000
51911  -37.830  -27.581  72.410 0.8999999762
49824  -33.865  -28.124  70.827 1.0000000000
49809  -35.329  -28.320  71.895 1.0000000000
127164  -35.779  -28.485  71.606 0.8999999762
49825  -36.139  -28.434  71.466 0.8999999762
49812  -36.853  -28.427  71.994 0.8999999762
121725  -34.687  -28.509  70.854 0.8000000119
138616  -35.175  -28.505  71.389 0.8999999762
49835  -35.428  -28.579  70.993 0.8000000119
49837  -35.884  -28.440  70.926 0.8999999762
50891  -36.494  -28.064  71.249 0.8999999762
55579  -34.241  -22.648  80.203 0.1000000015
56622  -37.852  -22.013  81.550 0.2000000030
56633  -35.138  -22.331  80.586 0.1000000015
56647  -35.003  -22.248  79.572 0.1000000015
56634  -35.854  -21.902  80.192 0.1000000015
56612  -38.146  -22.632  81.788 0.2000000030
55565  -38.880  -22.708  81.567 0.3000000119
55554  -38.788  -23.170  81.802 0.5000000000
55566  -39.250  -22.949  81.568 0.4000000060
53731  -39.340  -24.098  81.788 0.6999999881
54648  -39.573  -23.411  81.599 0.4000000060
130247  -39.794  -25.409  80.816 0.6999999881
141894  -40.267  -25.577  80.299 0.6999999881
139321  -40.181  -26.322  78.598 1.0000000000
51792  -40.202  -26.054  79.294 0.8999999762
51826  -40.310  -26.523  78.037 1.0000000000
51810  -40.667  -26.318  78.445 1.0000000000
51845  -40.328  -26.795  76.649 1.0000000000
51846  -41.057  -26.701  76.970 0.8999999762
51862  -39.887  -27.019  75.748 1.0000000000
122852  -40.649  -26.899  76.173 0.8999999762
50834  -39.434  -27.420  75.070 1.0000000000
50849  -39.055  -27.621  74.506 1.0000000000
50862  -38.025  -28.002  73.484 1.0000000000
50879  -38.205  -27.811  73.082 1.0000000000
51894  -38.597  -27.410  73.436 1.0000000000
51912  -38.380  -27.192  72.799 0.8999999762
50892  -37.268  -27.917  71.878 0.8999999762
51918  -37.557  -27.167  71.850 0.8999999762
51919  -38.016  -26.655  72.177 0.8999999762
130296  -34.721  -28.454  70.242 0.8000000119
49836  -35.414  -28.392  70.515 0.8999999762
51921  -36.426  -27.460  70.689 0.8999999762
51917  -37.013  -27.046  71.217 0.8999999762
144031  -35.465  -28.203  70.229 0.8999999762
51929  -35.965  -27.061  70.167 0.8999999762
51936  -35.013  -27.252  69.235 0.8000000119
51928  -35.559  -26.626  69.475 0.8000000119
133123  -35.878  -22.093  80.950 0.1000000015
127352  -36.669  -21.758  80.850 0.2000000030
142563  -37.439  -21.618  81.114 0.1000000015
56623  -38.620  -22.132  81.403 0.1000000015
55567  -39.721  -22.765  81.258 0.3000000119
52788  -39.621  -24.841  81.420 0.6999999881
53741  -40.405  -24.354  80.922 0.4000000060
52797  -40.588  -25.168  80.366 0.6000000238
52809  -40.677  -25.639  79.705 0.6999999881
52810  -41.203  -25.689  79.002 0.6000000238
51811  -41.158  -26.208  78.427 0.8999999762
51828  -41.401  -26.458  77.728 0.8000000119
52833  -42.106  -26.207  77.498 0.8000000119
133374  -40.148  -27.008  75.460 0.8999999762
51879  -39.584  -27.296  74.750 1.0000000000
51880  -40.202  -26.770  74.908 1.0000000000
51896  -39.732  -26.700  74.344 1.0000000000
51913  -38.883  -26.710  73.270 0.8999999762
52869  -39.508  -26.256  73.711 0.8999999762
52883  -38.620  -26.139  72.525 0.8999999762
52892  -37.629  -26.133  71.489 0.8999999762
52893  -38.295  -25.483  71.773 0.8999999762
131287  -37.993  -25.097  70.978 0.8999999762
52895  -36.580  -26.418  70.456 0.8999999762
52905  -36.904  -25.471  69.972 0.8999999762
52896  -37.233  -25.774  70.756 0.8999999762
145752  -34.713  -26.972  68.654 0.6999999881
52915  -35.172  -26.392  68.740 0.8999999762
52916  -35.864  -25.628  68.903 0.8000000119
142420  -36.603  -25.391  69.296 0.8999999762
56624  -39.276  -22.265  81.159 0.1000000015
54649  -40.142  -23.392  81.241 0.3000000119
55580  -40.416  -22.464  80.771 0.2000000030
54661  -40.642  -23.399  80.738 0.5000000000
55581  -41.136  -22.407  80.591 0.2000000030
53750  -41.365  -25.014  79.441 0.5000000000
136822  -41.256  -24.057  79.751 0.5000000000
53759  -41.881  -25.371  78.478 0.6999999881
53751  -41.694  -24.242  79.046 0.5000000000
52821  -42.369  -25.791  77.711 0.8000000119
51863  -41.358  -26.657  76.490 0.8999999762
51829  -42.441  -26.232  77.063 0.8999999762
145928  -40.919  -26.891  75.960 0.8999999762
51864  -41.533  -26.522  76.051 0.8999999762
52862  -40.764  -26.089  74.946 1.0000000000
52885  -40.100  -25.129  73.268 0.8999999762
52870  -40.271  -25.840  74.237 1.0000000000
52884  -39.340  -25.610  72.860 0.8999999762
53812  -39.057  -24.912  72.087 0.8999999762
52906  -37.831  -25.148  70.062 0.8999999762
137004  -38.757  -25.208  69.228 0.8999999762
123960  -37.557  -25.165  69.127 0.8999999762
52926  -35.368  -25.679  68.035 0.6999999881
122310  -36.859  -25.283  68.504 0.8999999762
123448  -37.774  -25.395  68.227 0.8999999762
52927  -36.290  -25.345  67.845 0.8000000119
52928  -37.418  -25.482  67.489 0.8000000119
56636  -38.110  -21.503  81.025 0.1000000015
54672  -42.215  -23.217  78.801 0.4000000060
53760  -42.313  -24.528  78.188 0.5000000000
145749  -42.540  -25.263  77.821 0.6000000238
52846  -42.995  -25.829  76.861 0.8999999762
52835  -43.404  -25.319  76.905 0.8000000119
52863  -41.572  -25.762  75.379 0.8999999762
122901  -42.178  -25.953  76.035 0.8999999762
52871  -41.220  -25.193  74.456 1.0000000000
53813  -40.078  -24.616  72.275 0.8999999762
53824  -38.987  -24.746  71.139 0.8999999762
53825  -40.083  -24.536  71.292 0.8999999762
53835  -40.113  -24.754  70.357 0.8999999762
53834  -38.982  -24.881  70.120 0.8999999762
52917  -38.696  -25.561  68.381 0.8999999762
123136  -36.565  -25.280  66.814 0.8000000119
52929  -38.542  -25.899  67.600 0.8999999762
129486  -36.292  -25.332  65.909 0.6999999881
52940  -37.688  -25.808  66.512 0.6999999881
129808  -37.097  -25.591  65.988 0.6000000238
52953  -36.991  -25.622  65.219 0.5000000000
143373  -43.074  -25.468  77.379 0.6000000238
52855  -42.883  -25.479  76.287 0.8999999762
53793  -42.220  -24.710  74.626 0.8999999762
53794  -43.313  -24.400  74.715 0.8999999762
53800  -41.053  -24.763  73.503 0.8999999762
53814  -41.133  -24.474  72.424 0.8999999762
53826  -41.282  -24.522  71.403 0.8999999762
53846  -40.167  -25.099  69.648 0.8999999762
52907  -39.716  -25.254  69.268 0.8999999762
52918  -40.029  -25.803  68.456 0.8999999762
124681  -39.776  -26.252  67.645 0.8999999762
123135  -38.345  -26.083  66.949 0.8000000119
52941  -38.823  -26.341  66.194 0.8000000119
122383  -39.581  -26.464  66.785 0.6999999881
52954  -38.112  -26.126  65.500 0.6999999881
53778  -44.565  -24.383  76.017 0.8000000119
137220  -43.670  -24.753  77.029 0.6999999881
53786  -43.583  -24.647  75.644 0.8999999762
143191  -42.931  -24.298  72.773 0.8999999762
53815  -42.153  -24.360  72.545 0.8999999762
53827  -42.709  -24.896  70.573 0.8999999762
132683  -42.321  -24.556  71.536 0.8999999762
53836  -41.417  -24.874  70.422 0.8999999762
53847  -41.368  -25.358  69.553 0.8999999762
52908  -40.879  -25.701  68.963 0.8999999762
52909  -42.325  -25.898  68.619 0.8999999762
125596  -40.941  -26.412  67.615 0.8999999762
52931  -42.094  -26.516  67.081 0.8000000119
52930  -40.981  -26.723  66.844 0.8000000119
52942  -40.858  -27.071  66.071 0.6999999881
139158  -39.977  -26.949  65.991 0.6999999881
51950  -40.639  -27.044  65.359 0.6999999881
52969  -37.843  -26.232  64.528 0.4000000060
51958  -40.424  -27.039  64.579 0.6999999881
52970  -39.161  -26.790  64.581 0.5000000000
51969  -40.165  -27.078  63.746 0.5000000000
51981  -39.854  -27.025  62.907 0.3000000119
53803  -43.939  -24.072  73.758 0.8000000119
53795  -44.199  -24.081  74.813 0.8999999762
126146  -43.672  -24.151  72.690 0.8999999762
53817  -44.071  -23.861  73.047 0.8999999762
142978  -43.264  -24.436  71.643 0.8999999762
144041  -42.847  -24.832  70.964 0.8999999762
53837  -42.654  -25.312  69.431 0.8999999762
53838  -43.132  -24.778  70.044 0.8999999762
53828  -43.314  -24.696  70.738 0.8999999762
56764  -42.596  -22.118  71.731 0.8999999762
57782  -42.606  -20.419  72.329 0.8999999762
57791  -42.233  -21.236  71.989 0.8000000119
55715  -42.425  -22.417  70.928 0.8000000119
56763  -41.841  -21.497  71.397 0.8000000119
52920  -42.583  -26.084  67.804 0.8999999762
146675  -42.241  -22.758  70.298 0.8000000119
56777  -41.411  -21.846  70.693 0.8000000119
133571  -41.960  -20.447  71.521 0.8000000119
55729  -41.417  -22.531  69.923 0.8000000119
57799  -41.382  -20.629  70.879 0.8000000119
56788  -40.629  -22.019  69.719 0.8000000119
56776  -40.807  -21.724  70.177 0.8000000119
57812  -41.162  -19.876  70.084 0.6999999881
51951  -41.354  -26.923  65.438 0.6999999881
52943  -41.817  -26.688  66.055 0.8000000119
131796  -40.418  -21.269  69.690 0.8000000119
57811  -40.492  -20.430  69.550 0.6999999881
51959  -41.172  -26.695  64.691 0.6999999881
57810  -39.874  -21.009  69.153 0.6999999881
58855  -40.799  -19.701  69.327 0.6999999881
57825  -39.630  -20.793  68.327 0.6999999881
57826  -40.224  -20.062  68.698 0.6999999881
51997  -39.522  -26.921  62.160 0.3000000119
53039  -39.349  -25.878  60.505 0.3000000119
53949  -40.010  -24.971  59.665 0.3000000119
53950  -40.573  -24.795  59.320 0.3000000119
53796  -44.781  -23.916  74.979 0.6999999881
134277  -45.562  -18.045  75.147 0.3000000119
59926  -45.410  -18.422  74.869 0.5000000000
53829  -43.758  -24.302  71.134 0.8999999762
53816  -43.931  -24.130  72.010 0.8999999762
57769  -43.934  -20.460  73.606 0.6999999881
58816  -44.585  -19.736  74.163 0.6999999881
59942  -44.159  -19.006  73.693 0.6999999881
54733  -44.071  -23.938  71.608 0.8999999762
54738  -44.272  -23.489  72.074 0.8999999762
56751  -43.769  -22.123  72.791 0.8999999762
57783  -43.344  -21.035  73.073 0.8000000119
59943  -44.757  -18.556  74.295 0.5000000000
61091  -45.283  -17.639  74.691 0.4000000060
54745  -43.540  -24.377  70.582 0.8999999762
136865  -44.011  -23.869  71.048 0.8999999762
55717  -44.012  -23.470  71.408 0.8999999762
55703  -43.585  -22.621  71.904 0.8999999762
56750  -42.872  -21.644  72.446 0.8999999762
59957  -43.491  -18.931  72.972 0.8999999762
52910  -42.809  -25.548  68.586 0.8999999762
53848  -42.999  -25.020  69.109 0.8999999762
54744  -43.327  -24.317  69.941 0.8999999762
55716  -43.425  -22.962  71.028 0.8999999762
58826  -43.252  -19.938  73.034 0.8999999762
58834  -42.951  -19.315  72.213 0.8000000119
54755  -43.027  -24.411  69.216 0.8999999762
55730  -43.146  -23.346  70.346 0.8000000119
53856  -42.841  -25.396  67.862 0.8000000119
142889  -42.800  -25.759  68.230 0.8000000119
54766  -42.874  -24.737  68.538 0.8000000119
54754  -42.653  -23.968  68.990 0.8000000119
55745  -41.956  -23.289  69.237 0.8000000119
126369  -42.440  -19.422  71.418 0.8000000119
52932  -42.688  -25.807  67.059 0.8000000119
139852  -42.476  -24.476  67.953 0.8000000119
54765  -42.014  -23.691  68.539 0.8000000119
58844  -41.796  -19.685  70.795 0.8000000119
52944  -42.378  -26.117  66.420 0.8000000119
54775  -42.374  -24.760  67.292 0.8000000119
55761  -41.679  -23.770  67.804 0.8000000119
55744  -40.935  -22.650  69.136 0.8000000119
53868  -42.021  -25.798  65.771 0.8000000119
55775  -40.487  -22.992  67.759 0.6999999881
132960  -40.999  -23.036  68.379 0.6999999881
55743  -40.079  -21.862  69.272 0.6999999881
58856  -41.472  -19.182  69.344 0.6999999881
52956  -41.714  -26.325  65.177 0.6999999881
55760  -40.058  -22.420  68.653 0.6999999881
56801  -39.619  -21.675  68.593 0.6999999881
140950  -41.259  -26.531  64.093 0.5000000000
53888  -41.311  -26.015  64.418 0.5000000000
55774  -39.580  -22.220  67.986 0.6999999881
52971  -41.035  -26.316  63.568 0.4000000060
56812  -39.341  -21.437  67.848 0.6999999881
57837  -39.414  -20.618  67.602 0.6999999881
57838  -39.852  -20.124  67.964 0.6999999881
51982  -40.555  -26.756  63.198 0.4000000060
51998  -40.244  -26.692  62.414 0.3000000119
138895  -40.098  -26.428  62.068 0.3000000119
52021  -39.784  -26.589  61.933 0.3000000119
53027  -39.328  -26.206  61.290 0.3000000119
53007  -39.779  -25.990  61.619 0.3000000119
57906  -40.519  -20.848  61.216 0.3000000119
53935  -39.306  -25.305  60.880 0.3000000119
53936  -39.632  -24.861  60.203 0.3000000119
53937  -40.124  -24.275  59.858 0.3000000119
54845  -40.277  -23.451  60.223 0.3000000119
55864  -40.431  -22.539  60.726 0.3000000119
129884  -45.415  -16.839  74.838 0.3000000119
55704  -44.252  -22.922  72.251 0.8999999762
56732  -44.148  -21.544  73.471 0.8999999762
61109  -44.517  -17.592  73.866 0.6000000238
126408  -44.941  -16.811  74.267 0.6000000238
61108  -44.050  -18.295  73.438 0.8000000119
142293  -43.595  -18.177  72.637 0.8000000119
59968  -43.268  -18.500  72.013 0.8000000119
141123  -42.929  -18.784  71.488 0.8000000119
59978  -42.816  -18.571  70.770 0.8000000119
53862  -42.097  -25.085  66.481 0.8000000119
126019  -41.992  -19.101  69.978 0.6999999881
58845  -42.383  -19.022  70.543 0.6999999881
54783  -41.346  -24.758  65.875 0.6999999881
54774  -41.364  -23.964  67.115 0.6999999881
127585  -42.716  -18.375  69.946 0.6999999881
53877  -41.355  -25.391  65.202 0.6999999881
146917  -40.638  -24.021  66.069 0.6999999881
54773  -40.465  -23.362  67.020 0.6999999881
55788  -39.653  -22.689  67.274 0.6999999881
58857  -42.206  -18.572  69.286 0.6999999881
53876  -40.755  -25.066  64.676 0.6999999881
54793  -40.241  -24.118  65.473 0.6000000238
54781  -39.079  -23.020  65.974 0.6999999881
56811  -39.035  -22.001  67.378 0.6999999881
58889  -40.369  -19.390  67.890 0.6999999881
58875  -40.907  -19.261  68.706 0.6999999881
60006  -41.616  -18.691  68.663 0.6999999881
53887  -40.539  -25.406  63.927 0.5000000000
54804  -39.677  -24.367  64.495 0.5000000000
55802  -38.332  -22.559  65.532 0.6999999881
128155  -38.597  -22.289  66.196 0.6999999881
56825  -38.680  -21.763  66.657 0.6999999881
58888  -39.673  -19.817  67.353 0.6999999881
60005  -41.023  -18.792  68.111 0.6999999881
53897  -40.519  -25.731  63.011 0.4000000060
56843  -38.267  -21.621  65.767 0.6999999881
57868  -38.328  -20.699  65.507 0.6999999881
129928  -38.965  -20.076  66.175 0.6999999881
58902  -39.476  -19.577  66.606 0.6999999881
58903  -40.052  -19.077  67.058 0.6999999881
53911  -40.246  -26.010  62.273 0.4000000060
53886  -39.314  -24.626  63.451 0.5000000000
57879  -38.052  -20.375  64.868 0.6000000238
58914  -38.555  -19.930  65.374 0.6999999881
58901  -39.186  -19.362  65.782 0.6999999881
60038  -39.503  -18.655  65.380 0.6999999881
135399  -39.691  -25.216  62.562 0.4000000060
58926  -38.093  -19.719  64.367 0.6000000238
60050  -39.183  -18.444  64.514 0.6999999881
53910  -39.284  -25.107  61.804 0.4000000060
53922  -38.354  -24.019  61.785 0.4000000060
58933  -37.806  -19.348  63.457 0.6000000238
60060  -38.175  -18.641  63.148 0.6000000238
60061  -38.889  -18.225  63.645 0.6000000238
147017  -39.297  -25.288  61.325 0.3000000119
53923  -38.835  -24.333  61.273 0.3000000119
54833  -37.935  -23.336  61.727 0.4000000060
55843  -38.064  -22.711  61.535 0.3000000119
145708  -38.457  -22.183  61.446 0.3000000119
57921  -41.236  -20.508  60.479 0.3000000119
54834  -38.627  -23.459  61.298 0.3000000119
55844  -38.908  -22.646  61.234 0.3000000119
56904  -39.015  -21.525  61.353 0.3000000119
57905  -38.954  -20.564  61.218 0.3000000119
58962  -39.994  -19.932  59.994 0.3000000119
57933  -41.092  -20.090  59.527 0.3000000119
54843  -39.148  -24.175  60.756 0.3000000119
54844  -39.618  -23.858  60.398 0.3000000119
55863  -39.641  -22.993  60.722 0.3000000119
57947  -42.467  -20.609  58.896 0.3000000119
56960  -43.011  -21.120  59.167 0.3000000119
62041  -45.369  -16.341  75.048 0.4000000060
62040  -45.197  -16.136  74.581 0.4000000060
61121  -44.255  -16.787  73.284 0.6999999881
62943  -45.135  -15.509  74.727 0.4000000060
61133  -43.598  -17.658  71.825 0.6999999881
62054  -44.232  -16.063  72.549 0.6999999881
62954  -44.501  -15.234  72.883 0.5000000000
62955  -44.827  -14.701  72.231 0.6000000238
61134  -43.962  -16.895  72.202 0.6999999881
62961  -44.509  -15.469  71.852 0.4000000060
59979  -43.267  -17.892  70.337 0.6999999881
125590  -43.256  -18.144  71.140 0.6999999881
61142  -43.623  -17.418  70.772 0.6999999881
60007  -42.291  -18.090  68.613 0.6999999881
59989  -42.821  -17.912  69.227 0.6999999881
61175  -42.348  -17.530  67.923 0.6999999881
54792  -38.871  -23.436  65.121 0.6000000238
60029  -41.123  -17.945  67.011 0.6999999881
60022  -41.585  -18.185  67.842 0.6999999881
54803  -38.411  -23.692  64.232 0.5000000000
55808  -37.973  -22.878  64.745 0.5000000000
55807  -37.767  -22.006  64.978 0.6999999881
61182  -40.858  -17.790  66.189 0.6999999881
54802  -37.527  -23.069  63.967 0.6000000238
56857  -37.434  -21.665  64.261 0.5000000000
130760  -37.425  -21.030  64.048 0.5000000000
60039  -40.221  -18.240  65.779 0.6999999881
53896  -38.636  -24.351  62.481 0.4000000060
54813  -38.080  -23.692  63.270 0.4000000060
124334  -37.452  -22.915  62.990 0.4000000060
55814  -37.294  -22.245  63.637 0.4000000060
58925  -37.557  -19.972  63.661 0.6000000238
61189  -39.906  -17.970  64.969 0.6999999881
54823  -37.771  -23.548  62.253 0.4000000060
129308  -37.483  -22.870  62.173 0.4000000060
55828  -37.282  -22.051  62.615 0.4000000060
57892  -37.346  -20.516  62.440 0.4000000060
58939  -37.511  -19.729  62.205 0.4000000060
61208  -38.636  -18.006  62.781 0.6000000238
55842  -37.575  -22.406  61.874 0.4000000060
147217  -37.742  -21.130  61.708 0.3000000119
60066  -37.717  -19.010  61.910 0.3000000119
60073  -38.211  -18.396  61.632 0.4000000060
61214  -38.524  -17.877  61.989 0.5000000000
56903  -37.957  -21.770  61.580 0.3000000119
132723  -38.246  -20.910  61.506 0.3000000119
58950  -38.835  -19.759  60.836 0.3000000119
145474  -39.216  -18.799  59.964 0.3000000119
58975  -40.454  -19.533  59.448 0.3000000119
60095  -39.562  -18.311  59.678 0.3000000119
57946  -41.680  -19.982  58.873 0.3000000119
57949  -44.115  -20.994  58.151 0.3000000119
58989  -41.769  -19.056  58.436 0.3000000119
58991  -43.074  -20.030  58.117 0.3000000119
57964  -43.788  -20.258  57.771 0.3000000119
59006  -42.957  -19.192  57.832 0.3000000119
57965  -44.526  -20.409  57.462 0.3000000119
59008  -44.288  -19.531  57.281 0.3000000119
126212  -43.923  -16.883  71.168 0.6000000238
136675  -44.286  -16.291  71.490 0.6000000238
62962  -45.376  -15.178  71.299 0.6999999881
63891  -45.365  -14.046  72.600 0.6000000238
64814  -45.832  -13.365  72.846 0.4000000060
143049  -44.471  -16.474  70.688 0.6000000238
63897  -45.783  -14.467  71.724 0.6999999881
133944  -43.833  -17.239  70.036 0.6000000238
61143  -44.190  -16.826  70.360 0.6000000238
63898  -46.844  -14.289  71.342 0.6000000238
61153  -43.349  -17.607  69.678 0.6999999881
128516  -44.406  -16.735  69.856 0.6999999881
61152  -43.405  -17.378  69.120 0.6999999881
61154  -44.008  -16.887  69.428 0.6999999881
61166  -42.939  -17.479  68.609 0.6999999881
61183  -41.437  -17.345  66.491 0.6999999881
61200  -40.968  -17.007  65.099 0.6999999881
61199  -40.449  -17.316  64.488 0.6999999881
61190  -40.616  -17.567  65.403 0.6999999881
61210  -40.121  -17.338  63.605 0.6999999881
61198  -39.664  -17.825  64.093 0.6999999881
61215  -39.288  -17.462  62.363 0.6000000238
61220  -38.987  -17.751  60.748 0.3000000119
141364  -38.639  -17.918  61.369 0.4000000060
62146  -39.660  -17.141  60.825 0.5000000000
61230  -39.414  -17.587  60.046 0.3000000119
60108  -40.715  -17.706  58.962 0.3000000119
60109  -41.170  -18.384  58.598 0.3000000119
123339  -42.088  -18.188  58.300 0.3000000119
60110  -42.905  -18.425  57.946 0.3000000119
60124  -43.719  -18.736  57.586 0.3000000119
60125  -44.623  -18.660  57.280 0.4000000060
62060  -45.025  -15.926  70.739 0.6999999881
62066  -44.946  -16.406  70.071 0.6999999881
62067  -45.550  -15.943  70.092 0.8000000119
62071  -44.826  -16.388  69.507 0.6999999881
62072  -45.462  -15.982  69.646 0.8000000119
62976  -46.082  -15.636  69.876 0.6999999881
63905  -47.160  -14.640  70.639 0.6999999881
63899  -47.603  -13.976  71.067 0.6000000238
122179  -45.930  -15.591  69.396 0.8999999762
62977  -46.627  -15.311  69.708 0.8999999762
63913  -47.758  -14.237  69.896 0.8000000119
126849  -48.215  -13.607  70.799 0.6000000238
61176  -43.003  -17.052  68.063 0.6999999881
61167  -43.664  -16.829  68.634 0.6000000238
62078  -44.181  -16.128  68.242 0.8000000119
62990  -45.703  -15.502  68.896 0.8999999762
62991  -46.386  -15.175  69.172 0.8999999762
63912  -47.079  -14.870  69.542 0.8999999762
62089  -43.400  -16.465  67.789 0.6999999881
63003  -44.546  -15.396  67.840 0.8999999762
63004  -45.262  -15.087  68.264 0.8999999762
62095  -41.924  -16.898  66.735 0.6999999881
62097  -43.036  -16.049  66.950 0.6999999881
63002  -43.771  -15.694  67.409 0.8000000119
63935  -44.922  -14.701  67.398 0.8999999762
128815  -41.517  -16.633  65.277 0.6999999881
62105  -41.727  -16.719  66.061 0.6999999881
63011  -42.814  -15.663  66.141 0.6999999881
62113  -41.209  -16.609  64.412 0.6999999881
62121  -40.683  -16.886  63.792 0.6999999881
142940  -39.881  -17.284  62.919 0.5000000000
125172  -40.461  -16.881  63.066 0.5000000000
63029  -41.849  -16.031  64.001 0.6999999881
62132  -39.666  -17.140  61.715 0.5000000000
62133  -40.285  -16.742  61.532 0.5000000000
61231  -40.032  -17.022  59.944 0.4000000060
62161  -40.792  -16.715  59.842 0.4000000060
61254  -41.501  -17.576  58.670 0.3000000119
61255  -42.858  -17.738  58.281 0.4000000060
61256  -43.592  -17.934  57.982 0.4000000060
63907  -48.240  -13.767  70.292 0.8999999762
64826  -48.746  -13.082  71.008 0.6999999881
63927  -46.805  -14.397  68.803 1.0000000000
63928  -47.415  -14.194  69.304 0.8999999762
64833  -48.834  -13.369  70.455 0.6999999881
63926  -45.989  -14.805  68.569 0.8999999762
64841  -47.960  -13.665  69.363 0.8999999762
139225  -48.691  -13.481  69.762 0.8999999762
64842  -49.459  -13.059  69.912 0.8999999762
63012  -43.490  -15.361  66.572 0.6999999881
63013  -44.179  -14.946  66.989 0.8000000119
63937  -46.231  -13.953  67.974 0.8999999762
64853  -47.071  -13.518  67.911 1.0000000000
64855  -48.625  -13.045  68.668 0.8999999762
121670  -49.544  -12.898  69.075 0.8999999762
63022  -43.340  -15.172  65.830 0.6999999881
134768  -45.361  -14.223  66.946 0.8999999762
63947  -45.940  -13.825  67.002 1.0000000000
62106  -42.202  -16.092  65.524 0.6999999881
63944  -43.922  -14.686  66.080 0.6999999881
63030  -42.367  -15.721  64.598 0.6999999881
63031  -43.011  -15.080  64.341 0.6999999881
63953  -43.687  -14.742  65.054 0.6999999881
63044  -41.552  -16.051  62.422 0.6000000238
63039  -41.963  -15.783  63.160 0.6999999881
124373  -42.477  -15.470  63.737 0.6999999881
62134  -41.205  -16.260  61.410 0.6000000238
62135  -42.083  -16.020  60.869 0.4000000060
125828  -42.108  -16.312  60.143 0.4000000060
62177  -41.969  -16.941  58.952 0.4000000060
62178  -42.877  -17.125  58.754 0.4000000060
62179  -43.559  -17.403  58.422 0.4000000060
61257  -44.204  -17.359  58.255 0.4000000060
65881  -50.165  -12.662  69.249 0.8000000119
64862  -46.725  -13.390  66.988 1.0000000000
64864  -48.976  -12.785  67.399 0.8999999762
64865  -49.740  -12.780  68.021 0.6999999881
63954  -44.521  -14.181  65.359 0.8999999762
63955  -45.324  -13.745  65.441 0.8999999762
64875  -46.512  -13.428  66.054 1.0000000000
64876  -47.583  -13.299  65.975 1.0000000000
64877  -49.336  -13.072  66.325 0.8999999762
64866  -50.466  -12.702  67.472 0.8000000119
64889  -46.236  -13.538  65.268 0.8999999762
64890  -47.197  -13.553  65.112 1.0000000000
64891  -48.027  -13.711  65.017 1.0000000000
136982  -49.063  -13.610  65.059 0.8999999762
63963  -44.536  -14.174  64.353 0.6999999881
127353  -45.463  -14.177  63.627 0.8000000119
64909  -46.003  -13.670  64.642 1.0000000000
63965  -47.521  -14.344  63.751 1.0000000000
63966  -48.068  -14.223  64.038 1.0000000000
145898  -42.210  -15.717  62.494 0.6999999881
63041  -43.286  -15.013  63.346 0.6999999881
141089  -44.740  -14.401  63.501 0.8000000119
63979  -45.481  -14.803  62.924 0.8999999762
121868  -46.940  -14.420  63.575 1.0000000000
63981  -47.234  -14.715  63.104 1.0000000000
63967  -48.223  -14.132  63.629 0.8000000119
137196  -48.593  -13.743  64.350 0.8000000119
63052  -42.119  -15.868  61.764 0.6000000238
63045  -42.806  -15.587  62.117 0.6000000238
63046  -43.660  -15.361  62.339 0.6999999881
63990  -45.447  -15.430  62.392 0.8000000119
63991  -46.161  -15.413  62.413 0.8000000119
63993  -47.454  -14.748  62.647 1.0000000000
63994  -48.038  -14.395  63.035 1.0000000000
63053  -43.072  -15.950  61.285 0.5000000000
126352  -43.395  -15.687  61.830 0.6000000238
131595  -44.258  -16.035  61.464 0.5000000000
63048  -45.806  -15.850  61.859 0.8000000119
63056  -46.290  -15.593  61.407 0.8999999762
63050  -46.978  -15.267  61.964 1.0000000000
64954  -47.389  -14.617  62.018 1.0000000000
62149  -42.944  -16.282  60.369 0.4000000060
62150  -44.152  -16.472  60.562 0.5000000000
62136  -44.999  -16.490  60.830 0.5000000000
63063  -45.855  -15.989  60.662 0.6999999881
64012  -46.223  -15.379  60.975 0.8000000119
64002  -46.667  -14.865  61.443 0.8000000119
122956  -43.731  -16.644  59.902 0.4000000060
62151  -45.017  -16.619  60.233 0.5000000000
63062  -45.230  -16.404  60.090 0.6000000238
64011  -45.651  -15.117  60.490 0.6000000238
62165  -44.742  -16.683  59.609 0.4000000060
63071  -44.725  -16.391  59.290 0.6000000238
134877  -44.479  -15.727  58.880 0.6000000238
62180  -44.421  -16.776  58.767 0.4000000060
64879  -50.325  -12.821  66.667 0.6999999881
65911  -50.893  -12.543  67.068 0.6999999881
122734  -49.544  -13.272  65.718 0.8999999762
64913  -49.250  -13.389  64.747 0.6999999881
64941  -47.874  -14.221  62.570 0.8999999762
64942  -48.333  -13.780  63.152 0.8000000119
130332  -47.525  -13.705  62.050 0.8999999762
126861  -46.101  -14.653  60.894 0.6999999881
64967  -46.178  -13.728  61.105 0.8000000119
64953  -46.949  -14.010  61.600 0.8999999762
63072  -45.167  -15.774  59.794 0.6000000238
64966  -45.411  -13.939  60.503 0.6000000238
64017  -44.260  -14.849  59.211 0.6000000238
64976  -44.169  -13.854  59.477 0.6000000238
64022  -43.900  -14.869  58.268 0.5000000000
133512  -43.725  -14.010  58.748 0.5000000000
65922  -50.598  -12.537  65.928 0.6000000238
65896  -51.460  -12.220  67.403 0.6000000238
64893  -49.820  -13.112  65.338 0.6999999881
64929  -49.012  -13.248  64.302 0.6999999881
65933  -49.690  -12.866  64.680 0.6999999881
64928  -48.550  -13.639  63.864 0.8000000119
65950  -48.035  -13.311  62.538 0.8999999762
65951  -48.439  -12.761  63.047 0.6999999881
66925  -48.009  -12.255  62.508 0.8000000119
65976  -45.858  -12.581  60.796 0.8000000119
65963  -46.712  -12.927  61.563 0.8000000119
64965  -44.649  -13.599  60.035 0.6999999881
65975  -44.966  -12.885  60.341 0.8000000119
65989  -44.262  -13.006  59.630 0.6000000238
65999  -43.827  -12.491  58.916 0.6000000238
64021  -43.541  -13.906  57.987 0.5000000000
66006  -43.493  -12.444  57.270 0.5000000000
66985  -43.910  -11.391  56.531 0.5000000000
66986  -44.232  -11.718  55.869 0.4000000060
65934  -50.336  -12.313  65.165 0.6000000238
65923  -51.213  -11.783  66.183 0.6000000238
66908  -50.760  -11.157  65.026 0.6000000238
65942  -48.743  -13.056  63.716 0.6999999881
65943  -49.331  -12.540  64.164 0.6999999881
66917  -49.495  -11.548  63.946 0.6999999881
66916  -48.842  -12.124  63.565 0.6999999881
135168  -49.757  -10.634  63.570 0.6999999881
66926  -48.462  -11.738  62.902 0.6999999881
139622  -48.621  -10.857  62.640 0.8000000119
67869  -49.312  -10.389  62.933 0.6999999881
65964  -47.500  -12.665  62.089 0.8999999762
66938  -47.568  -11.741  61.978 0.8999999762
67883  -47.540  -10.909  61.772 0.6999999881
66954  -46.399  -11.855  61.177 0.8000000119
146788  -46.917  -10.579  61.415 0.6999999881
68864  -47.381  -10.117  61.561 0.6999999881
67898  -46.334  -10.783  60.850 0.6999999881
67882  -46.680  -9.908  61.044 0.6000000238
66969  -44.526  -12.051  59.727 0.6000000238
67914  -45.021  -10.596  59.574 0.6000000238
134856  -45.415  -10.006  59.750 0.6000000238
66980  -43.694  -11.898  58.365 0.6000000238
67920  -44.455  -10.634  58.754 0.6000000238
68905  -44.686  -9.764  58.216 0.5000000000
65998  -43.479  -12.490  58.072 0.5000000000
66984  -43.553  -11.811  57.009 0.5000000000
67926  -44.194  -10.556  56.866 0.5000000000
67924  -44.691  -9.852  57.314 0.5000000000
67930  -44.490  -10.907  56.007 0.4000000060
67928  -45.831  -9.872  56.076 0.4000000060
67931  -45.286  -10.566  55.583 0.4000000060
67932  -46.202  -10.326  55.368 0.4000000060
66893  -51.654  -11.000  66.315 0.6000000238
66901  -51.282  -11.006  65.701 0.6000000238
67846  -51.422  -10.181  65.135 0.6000000238
67845  -51.060  -10.066  64.539 0.6999999881
66918  -50.251  -10.869  64.280 0.6999999881
67856  -49.978  -9.931  63.273 0.6999999881
68853  -49.558  -9.465  62.715 0.6999999881
67884  -48.128  -10.417  62.054 0.6999999881
67868  -48.750  -10.059  62.468 0.6999999881
69827  -49.244  -8.704  62.353 0.6999999881
68865  -47.923  -9.610  61.745 0.6999999881
69825  -47.860  -8.773  61.532 0.6000000238
69826  -48.613  -8.315  61.803 0.6000000238
69833  -47.227  -8.487  60.874 0.6000000238
70829  -47.840  -7.823  61.194 0.6000000238
68874  -46.602  -9.049  60.576 0.6000000238
69832  -46.642  -8.167  60.045 0.6999999881
70839  -47.650  -7.224  60.462 0.6999999881
70840  -48.138  -7.081  61.018 0.6999999881
69841  -45.760  -8.643  58.827 0.6000000238
69842  -46.261  -8.150  59.141 0.6000000238
70863  -46.647  -7.662  58.582 0.6000000238
71780  -47.569  -6.825  59.613 0.6000000238
71781  -48.106  -6.249  59.327 0.6000000238
72763  -48.663  -5.737  58.969 0.6000000238
68911  -45.487  -9.513  56.881 0.4000000060
68909  -45.918  -8.924  57.247 0.6000000238
70885  -46.793  -7.787  57.790 0.6000000238
70864  -47.215  -7.247  58.198 0.6000000238
67927  -44.944  -10.145  56.402 0.4000000060
123300  -46.694  -9.668  55.863 0.5000000000
69883  -46.617  -8.735  56.910 0.6999999881
70886  -47.575  -7.537  57.506 0.6000000238
68912  -46.335  -9.280  56.560 0.4000000060
68820  -51.545  -9.415  65.160 0.6999999881
128022  -51.887  -8.553  64.430 0.6000000238
68819  -51.561  -9.211  64.587 0.6999999881
68838  -52.233  -8.406  64.039 0.6000000238
68837  -51.338  -9.151  64.085 0.6000000238
139539  -52.252  -8.194  63.754 0.6999999881
69820  -51.368  -8.310  63.304 0.6999999881
70823  -52.328  -7.683  63.600 0.6999999881
71760  -52.198  -6.842  63.419 0.6999999881
71759  -51.038  -6.601  62.729 0.6999999881
72728  -51.206  -5.041  63.145 0.6000000238
133103  -50.513  -7.939  62.673 0.6999999881
127322  -51.803  -5.914  63.322 0.6999999881
72727  -50.655  -5.736  62.514 0.6000000238
72737  -50.354  -4.931  62.191 0.6000000238
70831  -49.477  -7.870  62.235 0.6999999881
70821  -50.218  -7.208  62.430 0.6999999881
71758  -49.978  -6.375  62.153 0.6000000238
70830  -48.650  -7.426  61.546 0.6999999881
71767  -49.351  -6.954  61.835 0.6000000238
72736  -49.831  -5.611  61.761 0.6000000238
71766  -48.662  -6.632  61.208 0.6999999881
72744  -48.809  -5.967  60.783 0.6000000238
71773  -48.179  -6.495  60.358 0.6000000238
69803  -51.986  -8.184  64.536 0.4000000060
143493  -52.479  -7.501  64.304 0.5000000000
69813  -52.751  -7.688  63.956 0.6999999881
131163  -49.308  -5.588  61.143 0.6000000238
72745  -49.188  -5.380  60.498 0.6000000238
73768  -50.897  -4.199  62.741 0.6000000238
73783  -49.678  -4.756  60.186 0.6000000238
54576  -26.056  -23.940  87.426 0.3000000119
146529  -47.302  -9.031  56.361 0.5000000000
68919  -47.389  -9.579  55.708 0.4000000060
133498  -47.897  -8.514  56.545 0.6000000238
71792  -48.269  -6.270  58.388 0.6000000238
71813  -47.874  -6.827  57.883 0.6000000238
71814  -48.694  -6.479  57.650 0.6000000238
72753  -48.611  -5.782  59.934 0.6000000238
72782  -48.893  -5.845  58.153 0.6000000238
73774  -49.769  -4.938  61.215 0.6000000238
72764  -49.316  -5.299  58.619 0.6000000238
73794  -49.780  -4.742  59.173 0.6000000238
42122  -16.347  -37.354  88.727 0.1000000015
42134  -16.517  -36.903  85.593 0.1000000015
135108  -16.309  -36.797  86.386 0.1000000015
128571  -16.031  -36.894  89.163 0.1000000015
42125  -15.874  -36.575  87.624 0.1000000015
43000  -15.409  -35.757  86.412 0.1000000015
42137  -16.662  -36.701  84.637 0.1000000015
42144  -16.863  -36.415  83.813 0.1000000015
129753  -15.836  -35.521  84.720 0.1000000015
146426  -16.950  -35.725  82.549 0.1000000015
43018  -17.256  -36.013  82.323 0.1000000015
43017  -16.826  -35.386  82.095 0.1000000015
131281  -12.096  -30.443  88.998 0.3000000119
45735  -12.436  -32.139  88.254 0.3000000119
42983  -14.820  -35.548  87.797 0.2000000030
130525  -14.623  -33.873  84.501 0.3000000119
43840  -15.465  -33.996  82.576 0.1000000015
43039  -27.599  -36.275  80.806 0.2000000030
47785  -12.678  -30.244  88.140 0.3000000119
137342  -12.761  -30.916  87.492 0.3000000119
137337  -12.940  -32.880  87.242 0.2000000030
44757  -13.307  -33.166  86.642 0.2000000030
46769  -13.404  -31.447  85.977 0.3000000119
44764  -13.584  -33.003  85.769 0.2000000030
44765  -13.953  -33.544  85.534 0.3000000119
45753  -13.660  -32.138  85.427 0.2000000030
45764  -14.438  -32.201  84.152 0.3000000119
44770  -14.388  -33.017  84.339 0.3000000119
45777  -15.311  -32.484  82.735 0.3000000119
44793  -15.416  -33.124  82.198 0.3000000119
45802  -16.432  -32.373  81.255 0.3000000119
45803  -17.230  -32.111  80.802 0.3000000119
140136  -17.852  -32.444  79.863 0.2000000030
45830  -20.124  -32.755  78.942 0.1000000015
45831  -20.807  -32.822  79.484 0.1000000015
44814  -22.649  -33.395  80.393 0.1000000015
44816  -24.259  -33.775  80.966 0.1000000015
123792  -25.882  -34.537  81.751 0.2000000030
48719  -13.091  -28.775  88.480 0.3000000119
54589  -28.459  -23.843  86.650 0.5000000000
53680  -28.816  -24.587  86.632 0.8000000119
55506  -31.217  -22.919  85.371 0.4000000060
132977  -29.871  -25.183  86.134 0.8000000119
145842  -29.682  -25.355  86.045 0.8000000119
134708  -15.850  -31.373  83.271 0.4000000060
122022  -27.777  -26.181  85.250 0.8000000119
140423  -29.234  -25.957  85.301 0.8999999762
51729  -29.793  -26.165  83.668 0.8999999762
51730  -30.784  -26.090  83.641 1.0000000000
45805  -19.699  -31.717  81.195 0.3000000119
122121  -28.253  -26.281  83.092 0.8999999762
123181  -30.624  -26.116  82.076 1.0000000000
45818  -20.646  -32.466  80.213 0.3000000119
123725  -29.443  -34.389  80.966 0.2000000030
132229  -29.725  -26.387  79.705 1.0000000000
43853  -27.526  -34.871  81.917 0.2000000030
52725  -26.124  -25.179  87.408 0.5000000000
121841  -27.125  -24.164  87.167 0.5000000000
54588  -27.705  -23.850  86.828 0.4000000060
55515  -28.954  -22.875  85.125 0.3000000119
55516  -29.743  -22.729  85.004 0.3000000119
122110  -31.972  -22.601  83.218 0.2000000030
123447  -31.779  -22.471  84.070 0.3000000119
55519  -32.447  -22.562  84.834 0.4000000060
54604  -33.572  -23.110  85.379 0.6999999881
51705  -27.215  -26.147  86.014 0.8000000119
47826  -16.857  -30.443  84.413 0.4000000060
53698  -32.465  -23.881  85.600 0.8000000119
53697  -31.995  -24.598  85.496 0.8000000119
54603  -32.812  -23.199  85.651 0.6000000238
51719  -31.032  -25.774  84.649 0.8999999762
52757  -32.744  -25.270  84.826 0.8000000119
133913  -27.698  -26.344  82.643 0.8999999762
45807  -21.794  -32.640  81.620 0.5000000000
51769  -31.594  -26.043  80.766 1.0000000000
145028  -24.586  -33.913  81.871 0.1000000015
50796  -28.096  -26.789  78.367 1.0000000000
50797  -28.941  -26.655  78.345 1.0000000000
124853  -28.981  -26.745  77.074 1.0000000000
50808  -29.333  -26.640  77.679 1.0000000000
50843  -27.310  -27.250  74.471 0.8999999762
139468  -15.919  -28.728  87.820 0.6000000238
51679  -25.465  -25.855  87.755 0.5000000000
52732  -26.836  -25.367  87.050 0.6999999881
51680  -26.330  -25.685  87.230 0.6999999881
54602  -27.298  -23.494  86.247 0.2000000030
55514  -27.471  -23.120  84.668 0.2000000030
55507  -32.112  -22.857  85.458 0.3000000119
55531  -30.918  -22.599  84.118 0.2000000030
51704  -26.349  -26.287  85.686 0.8000000119
53699  -33.257  -23.728  85.447 0.8000000119
55521  -34.399  -22.745  84.629 0.6999999881
52751  -33.753  -24.241  85.106 0.8000000119
128101  -34.335  -25.084  84.345 0.8999999762
51726  -26.582  -26.345  83.235 0.8999999762
139146  -26.291  -26.485  82.580 0.8999999762
142622  -21.026  -32.276  81.485 0.6000000238
50795  -27.083  -27.022  78.475 1.0000000000
50855  -26.664  -27.663  73.943 0.8999999762
48830  -25.665  -29.511  73.199 0.6000000238
49807  -26.441  -28.441  72.654 0.6999999881
49818  -26.597  -28.638  71.846 0.6000000238
49827  -26.817  -28.894  71.049 0.6000000238
126417  -26.483  -29.512  70.878 0.6000000238
49820  -28.359  -28.104  70.847 0.6000000238
123391  -26.506  -29.918  70.223 0.4000000060
47900  -26.060  -30.676  70.574 0.3000000119
48845  -26.743  -30.031  69.353 0.4000000060
49852  -28.146  -28.956  69.095 0.4000000060
49840  -29.841  -28.576  69.889 0.5000000000
52719  -24.788  -25.191  88.365 0.4000000060
124732  -25.244  -23.877  87.214 0.2000000030
130380  -15.825  -28.186  88.659 0.5000000000
131210  -17.138  -29.130  87.742 0.6999999881
51666  -24.797  -26.022  88.304 0.5000000000
141760  -24.851  -26.429  86.589 0.6999999881
54601  -26.375  -23.633  85.957 0.2000000030
137612  -27.341  -23.015  82.452 0.2000000030
124729  -28.173  -22.866  82.298 0.3000000119
51714  -25.240  -26.514  84.417 0.8000000119
50729  -24.392  -26.878  84.179 0.8000000119
128775  -22.791  -32.628  83.101 0.5000000000
51889  -30.668  -26.394  73.164 1.0000000000
130510  -25.452  -29.503  73.923 0.6000000238
49633  -18.829  -28.222  90.069 0.6000000238
50674  -24.250  -26.413  88.703 0.6000000238
54574  -24.781  -24.028  87.692 0.2000000030
47787  -19.482  -30.155  87.444 0.6999999881
54586  -25.767  -23.768  86.590 0.2000000030
144548  -25.401  -23.714  84.871 0.2000000030
50704  -23.340  -27.559  86.292 0.8000000119
54625  -26.431  -23.356  83.584 0.2000000030
54646  -25.331  -23.558  81.512 0.2000000030
55575  -27.355  -22.981  80.772 0.2000000030
122105  -29.323  -22.832  81.478 0.2000000030
131549  -36.225  -25.188  83.672 0.8999999762
146794  -23.718  -27.320  84.060 0.8000000119
51757  -33.524  -25.716  81.306 1.0000000000
51759  -35.524  -25.972  81.352 1.0000000000
50771  -24.472  -27.626  80.556 0.8999999762
146354  -31.804  -26.101  75.040 1.0000000000
46852  -28.003  -31.225  81.480 0.2000000030
48826  -24.703  -29.970  75.334 0.6999999881
48708  -19.313  -28.868  89.716 0.6000000238
141966  -19.080  -29.096  89.408 0.6000000238
50661  -22.963  -27.152  89.327 0.5000000000
48741  -19.341  -29.865  88.210 0.6999999881
126097  -19.802  -29.552  89.293 0.6000000238
47775  -20.300  -30.264  88.107 0.6999999881
48724  -20.538  -30.084  88.835 0.6000000238
48726  -22.415  -29.479  88.503 0.6000000238
123278  -20.638  -30.543  87.368 0.8000000119
145077  -22.878  -29.060  87.421 0.8000000119
54611  -24.929  -23.878  84.402 0.2000000030
54598  -24.190  -23.924  84.739 0.2000000030
48759  -23.236  -29.966  86.983 0.8000000119
138744  -25.120  -23.913  83.698 0.2000000030
46796  -20.553  -31.227  84.942 0.6999999881
123178  -31.233  -22.826  80.322 0.1000000015
55551  -36.827  -22.874  82.648 0.4000000060
45780  -23.701  -33.069  83.759 0.6000000238
138478  -35.900  -25.613  79.772 1.0000000000
44783  -25.228  -33.673  84.452 0.3000000119
52830  -34.725  -25.448  77.564 1.0000000000
52808  -35.690  -25.572  78.981 1.0000000000
51839  -32.986  -25.959  76.654 1.0000000000
46862  -28.676  -31.572  80.032 0.2000000030
46869  -27.664  -31.962  79.229 0.2000000030
49634  -19.648  -28.350  89.965 0.6000000238
48702  -20.961  -29.040  89.433 0.5000000000
48709  -20.728  -29.648  89.225 0.6000000238
144285  -21.123  -28.586  89.457 0.6000000238
49646  -21.615  -28.979  89.355 0.6000000238
49636  -22.028  -28.155  89.668 0.5000000000
47769  -21.366  -30.089  88.773 0.6000000238
49647  -22.213  -28.736  89.331 0.5000000000
54572  -23.098  -23.993  87.156 0.2000000030
55593  -31.544  -22.826  79.661 0.1000000015
54628  -38.027  -23.672  82.597 0.6999999881
52770  -37.804  -24.538  82.876 0.6999999881
129453  -29.451  -22.697  77.579 0.1000000015
52778  -38.025  -25.144  82.454 0.6999999881
51775  -37.127  -25.999  81.144 0.8000000119
130385  -24.840  -30.729  84.482 0.6999999881
51806  -36.731  -25.656  78.753 1.0000000000
52832  -36.380  -25.714  77.230 1.0000000000
46813  -26.981  -31.893  84.446 0.4000000060
51841  -35.467  -25.765  76.142 1.0000000000
51857  -33.925  -25.952  75.362 1.0000000000
137130  -33.661  -26.443  73.627 1.0000000000
128962  -35.283  -26.632  73.886 1.0000000000
45747  -24.668  -32.025  87.057 0.8000000119
52787  -38.579  -25.153  81.878 0.6999999881
53725  -38.786  -24.037  82.185 0.6999999881
134336  -38.673  -25.742  80.518 0.8999999762
51763  -39.202  -25.241  81.340 0.6999999881
55622  -26.056  -23.388  77.591 0.1000000015
51777  -39.994  -25.872  80.190 0.6999999881
46798  -26.146  -31.953  85.572 0.6000000238
122394  -39.915  -26.655  77.303 1.0000000000
121543  -38.726  -26.921  75.816 1.0000000000
51877  -36.595  -26.922  74.555 1.0000000000
141279  -37.520  -28.085  73.477 1.0000000000
54639  -39.025  -23.491  81.858 0.6000000238
145021  -40.374  -25.849  79.734 0.8000000119
49811  -36.431  -28.486  72.023 0.8999999762
50878  -37.547  -28.160  72.623 1.0000000000
50890  -34.573  -28.151  71.528 1.0000000000
50894  -35.891  -28.044  70.497 0.8999999762
53732  -39.936  -24.227  81.440 0.5000000000
52789  -40.160  -25.037  80.965 0.6000000238
51827  -40.714  -26.610  77.617 1.0000000000
138682  -41.031  -26.483  78.083 0.8999999762
51895  -39.176  -27.310  74.003 1.0000000000
50897  -35.445  -27.770  69.870 0.8000000119
52904  -36.131  -25.934  69.785 0.8999999762
52798  -40.949  -25.315  79.773 0.6000000238
53742  -40.894  -24.477  80.235 0.5000000000
51793  -40.716  -25.920  79.071 0.6999999881
52820  -41.722  -26.046  78.173 0.8000000119
51847  -41.789  -26.493  77.086 0.8999999762
51881  -40.823  -26.625  75.524 1.0000000000
54662  -41.059  -23.443  80.293 0.2000000030
52834  -42.810  -25.930  77.214 0.6999999881
52845  -42.189  -26.243  76.625 0.8999999762
53770  -43.072  -24.783  77.598 0.6000000238
52864  -42.575  -25.075  75.555 0.8999999762
54691  -43.561  -23.982  77.309 0.6000000238
52847  -43.680  -24.826  76.331 0.8999999762
53801  -42.067  -24.464  73.611 0.8999999762
53787  -44.473  -24.321  75.616 0.8999999762
53802  -43.076  -24.255  73.660 0.8999999762
52919  -41.632  -26.247  68.064 0.8999999762
52955  -39.513  -26.800  65.372 0.6999999881
51970  -40.948  -26.860  63.919 0.5000000000
57798  -40.783  -20.910  70.315 0.6999999881
58815  -43.836  -19.590  73.520 0.8999999762
55731  -43.736  -23.815  70.655 0.8999999762
55746  -42.689  -23.589  69.656 0.8000000119
52986  -40.625  -26.332  62.880 0.4000000060
57836  -38.978  -21.205  67.158 0.6999999881
57920  -40.555  -20.504  60.673 0.3000000119
62048  -44.603  -15.998  73.631 0.6999999881
128386  -40.997  -24.056  66.485 0.6999999881
54782  -39.971  -23.340  66.449 0.6999999881
55787  -39.028  -22.502  66.737 0.6999999881
57852  -38.697  -20.882  66.323 0.6999999881
57853  -39.185  -20.360  66.885 0.6999999881
60021  -40.767  -18.624  67.439 0.6999999881
57867  -37.777  -21.118  64.841 0.6999999881
60027  -39.841  -18.894  66.227 0.6999999881
60028  -40.490  -18.436  66.624 0.6999999881
57878  -37.639  -20.454  64.210 0.6000000238
60037  -38.784  -19.133  64.930 0.6999999881
60049  -38.484  -18.923  64.007 0.6999999881
60059  -37.649  -19.136  62.626 0.6000000238
133654  -39.778  -22.048  61.152 0.3000000119
57932  -40.649  -20.185  59.966 0.3000000119
140555  -39.131  -23.434  60.859 0.3000000119
133233  -39.688  -20.895  61.260 0.3000000119
58976  -41.020  -19.298  58.864 0.3000000119
56961  -43.652  -21.380  58.971 0.3000000119
57948  -43.376  -20.793  58.517 0.3000000119
61174  -41.769  -17.418  67.233 0.6999999881
139989  -37.510  -22.369  64.357 0.5000000000
56871  -37.260  -21.430  63.451 0.4000000060
57885  -37.318  -20.604  63.360 0.5000000000
56884  -37.238  -21.184  62.692 0.4000000060
58932  -37.374  -19.847  62.913 0.6000000238
56902  -37.426  -21.387  62.009 0.3000000119
60067  -38.025  -18.464  62.317 0.5000000000
61209  -39.376  -17.650  63.251 0.6000000238
57903  -37.629  -20.450  61.819 0.3000000119
57904  -38.280  -20.053  61.391 0.3000000119
58948  -37.780  -19.614  61.708 0.3000000119
58949  -38.281  -19.144  61.251 0.3000000119
60084  -38.602  -18.374  60.923 0.3000000119
60085  -38.973  -18.262  60.188 0.3000000119
58974  -39.768  -19.103  59.659 0.3000000119
142911  -39.324  -19.467  60.226 0.3000000119
58961  -38.792  -18.948  60.478 0.3000000119
60096  -40.347  -18.560  59.155 0.3000000119
61241  -40.059  -17.694  59.507 0.3000000119
58990  -42.391  -19.628  58.343 0.3000000119
56978  -44.882  -21.095  57.792 0.3000000119
145999  -42.403  -18.874  58.120 0.3000000119
59007  -43.545  -19.535  57.639 0.3000000119
62963  -46.365  -14.921  70.898 0.6999999881
62088  -42.519  -16.814  67.313 0.6999999881
61191  -41.220  -17.209  65.743 0.6999999881
61221  -39.101  -17.513  61.499 0.5000000000
61242  -40.527  -17.193  59.464 0.3000000119
62970  -46.710  -15.270  70.236 0.6999999881
63906  -47.707  -14.204  70.458 0.6000000238
62079  -44.565  -16.394  68.948 0.8000000119
62989  -44.953  -15.777  68.630 0.8999999762
62080  -45.295  -15.978  69.175 0.8999999762
63936  -45.557  -14.394  67.765 0.8999999762
62096  -42.354  -16.359  66.466 0.6999999881
62114  -41.834  -16.224  64.762 0.6999999881
62122  -41.208  -16.352  63.339 0.6999999881
62125  -40.069  -17.010  62.322 0.5000000000
62126  -40.765  -16.503  62.349 0.5000000000
62147  -40.508  -16.661  60.609 0.5000000000
61243  -41.151  -17.040  59.190 0.3000000119
62162  -41.658  -16.603  59.640 0.3000000119
64854  -47.591  -13.571  68.663 0.8999999762
65865  -49.926  -12.543  70.028 0.6999999881
140686  -47.483  -13.116  67.019 1.0000000000
64863  -47.947  -12.961  67.744 0.8999999762
63945  -44.774  -14.247  66.390 0.8999999762
63946  -45.610  -13.715  66.212 0.8999999762
126882  -42.898  -15.423  65.255 0.6999999881
63040  -42.682  -15.415  62.885 0.6999999881
62148  -41.363  -16.370  60.399 0.4000000060
62163  -42.693  -16.633  59.491 0.4000000060
62164  -43.983  -16.923  59.129 0.4000000060
125939  -48.316  -13.008  66.661 0.8999999762
65895  -51.084  -12.559  67.856 0.6999999881
64892  -48.707  -13.480  65.512 0.8999999762
123492  -45.298  -13.831  64.530 0.8999999762
64910  -46.919  -13.899  64.302 1.0000000000
64912  -48.357  -13.805  64.669 0.8999999762
64911  -47.785  -14.032  64.413 1.0000000000
63962  -43.847  -14.501  63.907 0.6999999881
63964  -46.232  -14.016  63.859 0.8999999762
63982  -47.777  -14.475  63.361 1.0000000000
63978  -44.465  -14.906  62.847 0.6999999881
63980  -46.447  -14.736  63.062 1.0000000000
63047  -44.886  -15.696  62.037 0.6999999881
63992  -46.851  -15.161  62.446 1.0000000000
63049  -46.390  -15.609  61.862 0.8000000119
63054  -45.360  -16.212  61.321 0.5000000000
63055  -46.000  -16.087  61.248 0.6999999881
62137  -45.528  -16.362  60.681 0.6000000238
126043  -44.495  -16.726  59.867 0.5000000000
64010  -44.826  -14.509  59.962 0.6000000238
126460  -50.567  -12.688  66.480 0.6000000238
64894  -50.143  -13.028  66.072 0.6999999881
146329  -45.613  -13.248  60.686 0.8000000119
64984  -43.796  -13.300  59.076 0.5000000000
64983  -43.553  -13.221  58.413 0.5000000000
129175  -51.592  -11.780  66.832 0.6000000238
66939  -48.048  -11.307  62.338 0.8000000119
125163  -47.021  -12.069  61.693 0.8000000119
66952  -45.183  -12.032  60.356 0.6999999881
67913  -44.626  -11.210  59.438 0.6000000238
64992  -43.465  -13.136  57.660 0.5000000000
66008  -43.798  -12.432  56.373 0.5000000000
66981  -43.538  -11.799  57.708 0.5000000000
67923  -44.103  -10.436  57.809 0.5000000000
66900  -50.848  -11.778  65.623 0.6000000238
133042  -52.168  -10.985  66.949 0.5000000000
66907  -50.037  -11.966  64.535 0.6000000238
66927  -49.032  -11.189  63.265 0.8000000119
66937  -46.939  -11.298  61.541 0.6999999881
141765  -48.359  -9.873  62.101 0.6999999881
66953  -45.755  -11.515  60.551 0.8000000119
68875  -47.223  -9.327  61.265 0.6000000238
68873  -45.960  -9.753  60.303 0.6000000238
67897  -45.550  -10.634  60.225 0.6999999881
66970  -45.064  -11.302  60.050 0.6000000238
131589  -44.148  -11.578  58.890 0.6000000238
68891  -45.543  -9.346  59.414 0.6000000238
67921  -45.043  -9.873  59.062 0.5000000000
124561  -43.807  -11.192  58.174 0.5000000000
68908  -45.193  -9.207  57.677 0.5000000000
66988  -45.706  -11.075  54.845 0.4000000060
67857  -50.506  -9.936  63.870 0.6000000238
68836  -50.707  -9.157  63.395 0.6999999881
69812  -51.677  -8.625  63.757 0.6999999881
69819  -50.170  -8.614  62.706 0.6999999881
69818  -48.590  -9.280  62.142 0.6999999881
131536  -47.280  -7.829  60.515 0.6000000238
68892  -46.038  -8.807  59.777 0.6000000238
70847  -46.688  -7.711  59.312 0.6999999881
70838  -47.102  -7.477  59.803 0.6000000238
69859  -45.645  -8.601  57.953 0.5000000000
69860  -46.161  -8.117  58.254 0.6999999881
70848  -47.065  -7.214  59.002 0.6000000238
71791  -47.609  -6.703  58.682 0.6000000238
72754  -49.180  -5.264  59.572 0.6000000238
69874  -46.365  -8.373  57.514 0.6000000238
69793  -51.619  -8.938  65.192 0.6000000238
69804  -52.706  -7.743  64.059 0.6000000238
70822  -51.357  -7.498  62.969 0.6999999881
72735  -49.293  -6.185  61.459 0.6000000238
70887  -48.391  -7.274  57.275 0.6999999881
39731  -23.604  -39.509  79.513 0.1000000015
38915  -23.746  -40.504  79.408 0.1000000015
39725  -23.606  -39.196  80.586 0.1000000015
35307  -23.304  -44.445  81.183 0.1000000015
37179  -23.614  -42.294  79.645 0.1000000015
34405  -23.174  -45.940  82.845 0.1000000015
37185  -23.452  -41.982  78.705 0.1000000015
33519  -22.976  -45.854  82.940 0.1000000015
38079  -23.745  -41.409  79.493 0.1000000015
33531  -22.282  -46.081  82.220 0.1000000015
36286  -23.121  -43.834  80.254 0.1000000015
35296  -23.531  -44.889  81.563 0.1000000015
34415  -23.123  -45.372  82.096 0.1000000015
36287  -23.394  -43.088  79.946 0.1000000015
36296  -23.089  -42.813  78.862 0.1000000015
133358  -22.800  -45.492  82.075 0.1000000015
33530  -21.615  -46.350  80.584 0.1000000015
40517  -23.709  -38.398  80.995 0.1000000015
40507  -23.925  -38.506  81.958 0.1000000015
35319  -22.694  -44.534  80.292 0.1000000015
126967  -22.930  -43.455  79.400 0.1000000015
34443  -22.331  -45.173  80.269 0.1000000015
34430  -22.288  -45.640  81.016 0.1000000015
34431  -22.801  -45.033  81.269 0.1000000015
38086  -23.594  -41.129  78.566 0.1000000015
34442  -21.651  -45.752  79.675 0.1000000015
40518  -24.503  -38.215  81.484 0.1000000015
35318  -21.947  -44.830  79.200 0.1000000015
33547  -21.168  -46.453  79.594 0.1000000015
33564  -20.907  -46.161  78.816 0.1000000015
35325  -22.530  -44.047  79.336 0.1000000015
36295  -22.558  -43.510  78.512 0.1000000015
34453  -21.201  -45.466  78.548 0.1000000015
35334  -21.349  -44.824  77.996 0.1000000015
38920  -23.585  -40.223  78.497 0.1000000015
33545  -19.848  -47.126  78.661 0.1000000015
33546  -20.568  -46.791  79.115 0.1000000015
146621  -26.449  -38.655  81.726 0.1000000015
134328  -21.253  -44.120  77.235 0.1000000015
36312  -21.367  -43.305  76.794 0.1000000015
36294  -22.028  -44.216  78.200 0.1000000015
36304  -22.052  -43.539  77.478 0.1000000015
36305  -22.622  -42.910  77.765 0.1000000015
37194  -22.613  -42.202  77.244 0.1000000015
34452  -20.485  -45.801  78.044 0.1000000015
34462  -20.760  -45.264  77.828 0.1000000015
34451  -19.734  -45.949  77.709 0.1000000015
33563  -20.176  -46.466  78.293 0.1000000015
133589  -23.933  -38.132  81.195 0.1000000015
32757  -19.475  -47.685  79.141 0.1000000015
40519  -26.025  -38.347  80.901 0.1000000015
40520  -27.102  -38.307  80.896 0.1000000015
41365  -28.295  -37.374  81.119 0.1000000015
124687  -29.367  -36.188  81.473 0.1000000015
43029  -29.353  -35.390  81.232 0.1000000015
140118  -30.059  -34.090  80.645 0.1000000015
43867  -30.562  -33.414  80.540 0.1000000015
44818  -31.088  -33.039  80.245 0.1000000015
45822  -29.949  -31.872  80.694 0.1000000015
35333  -20.615  -44.762  77.339 0.1000000015
37193  -22.023  -42.799  76.929 0.1000000015
34461  -20.120  -45.318  77.493 0.1000000015
37195  -23.212  -41.672  77.770 0.1000000015
38095  -23.295  -40.810  77.662 0.1000000015
33562  -19.342  -46.634  77.997 0.1000000015
41362  -25.537  -37.857  80.150 0.1000000015
41363  -26.631  -37.697  80.234 0.1000000015
41364  -27.594  -37.332  80.623 0.1000000015
41346  -27.978  -38.150  81.248 0.1000000015
42188  -28.191  -36.731  80.987 0.1000000015
43028  -28.542  -35.956  81.297 0.1000000015
45824  -31.448  -32.849  79.904 0.1000000015
45832  -30.355  -32.076  79.995 0.1000000015
46864  -30.341  -32.144  79.304 0.1000000015
45843  -30.947  -32.473  78.840 0.1000000015
45844  -31.927  -32.727  78.822 0.1000000015
142698  -20.715  -43.611  76.718 0.1000000015
35340  -20.322  -44.136  76.840 0.1000000015
36310  -20.078  -43.445  76.615 0.1000000015
136065  -19.603  -44.003  76.832 0.1000000015
36311  -20.649  -42.988  76.484 0.1000000015
35332  -19.831  -44.696  77.098 0.1000000015
35331  -19.014  -44.548  77.196 0.1000000015
124495  -21.277  -42.562  76.454 0.1000000015
34460  -19.389  -45.312  77.411 0.1000000015
38094  -22.620  -41.283  76.865 0.1000000015
37202  -21.931  -42.022  76.503 0.1000000015
33572  -18.950  -46.005  77.608 0.1000000015
34459  -18.617  -45.322  77.536 0.1000000015
32770  -19.043  -47.316  78.400 0.1000000015
33561  -18.524  -46.690  77.952 0.1000000015
41361  -24.323  -37.845  80.447 0.1000000015
44838  -32.038  -33.043  77.882 0.1000000015
46854  -29.340  -31.539  80.668 0.1000000015
46863  -29.667  -31.771  79.891 0.1000000015
126541  -30.175  -32.319  78.318 0.1000000015
46871  -29.629  -32.027  78.979 0.1000000015
46870  -28.774  -31.988  79.106 0.1000000015
45842  -29.109  -32.183  78.258 0.1000000015
45848  -28.519  -32.407  77.483 0.1000000015
36303  -19.461  -43.281  76.771 0.1000000015
132379  -19.975  -42.614  76.520 0.1000000015
144252  -19.052  -43.800  77.037 0.1000000015
37191  -18.615  -42.349  77.535 0.1000000015
36293  -18.171  -42.983  77.823 0.1000000015
37201  -20.652  -42.340  76.374 0.1000000015
36301  -18.347  -43.890  77.497 0.1000000015
38104  -21.112  -41.817  76.210 0.1000000015
38103  -20.287  -41.681  76.384 0.1000000015
35330  -18.302  -44.673  77.563 0.1000000015
122996  -21.715  -41.206  76.222 0.1000000015
38924  -22.933  -40.350  76.952 0.1000000015
39736  -23.465  -39.269  78.341 0.1000000015
141949  -23.301  -40.027  77.697 0.1000000015
40525  -23.689  -38.189  80.034 0.1000000015
128453  -23.529  -38.670  79.343 0.1000000015
40526  -23.896  -37.937  80.432 0.1000000015
42187  -26.881  -36.761  80.128 0.1000000015
41375  -26.136  -37.116  79.657 0.1000000015
122222  -31.171  -32.681  78.074 0.1000000015
45850  -31.396  -32.994  77.178 0.1000000015
44849  -31.583  -33.411  76.404 0.1000000015
124206  -30.488  -32.695  77.350 0.1000000015
44848  -31.140  -33.366  75.879 0.1000000015
135771  -31.675  -33.888  75.687 0.1000000015
45849  -29.500  -32.496  77.440 0.1000000015
45862  -30.305  -33.088  75.796 0.1000000015
45841  -28.061  -32.249  78.293 0.1000000015
122196  -29.343  -32.726  76.011 0.1000000015
145596  -29.568  -33.149  75.480 0.1000000015
45847  -27.472  -32.393  77.377 0.1000000015
123628  -28.961  -32.623  76.751 0.1000000015
45854  -28.440  -32.571  76.113 0.1000000015
38068  -17.890  -41.070  80.265 0.1000000015
38078  -18.155  -41.205  79.461 0.1000000015
38077  -17.789  -41.731  79.993 0.1000000015
136393  -18.460  -41.610  77.995 0.1000000015
37184  -18.190  -42.214  78.307 0.1000000015
126583  -19.620  -41.932  76.677 0.1000000015
37183  -17.831  -42.743  78.733 0.1000000015
38102  -19.642  -41.196  76.695 0.1000000015
36292  -17.691  -43.562  78.234 0.1000000015
34450  -17.308  -45.719  78.141 0.1000000015
34458  -17.898  -45.196  77.764 0.1000000015
38930  -22.229  -40.525  76.335 0.1000000015
129635  -21.504  -40.510  76.014 0.1000000015
33571  -18.129  -45.975  77.744 0.1000000015
38931  -22.586  -39.866  76.473 0.1000000015
41374  -25.169  -37.283  79.491 0.1000000015
44858  -31.087  -33.696  75.259 0.1000000015
122620  -30.222  -33.518  75.047 0.1000000015
44869  -31.025  -33.998  74.485 0.1000000015
44868  -30.041  -33.753  74.324 0.1000000015
45853  -27.549  -32.434  76.387 0.1000000015
44856  -28.405  -33.072  74.767 0.1000000015
44867  -29.021  -33.578  74.184 0.1000000015
45852  -26.713  -32.311  76.758 0.1000000015
45860  -27.788  -32.579  75.435 0.1000000015
38067  -17.609  -41.488  80.797 0.1000000015
37167  -17.493  -42.249  80.484 0.1000000015
37177  -17.618  -42.480  79.656 0.1000000015
36284  -16.899  -43.660  79.717 0.1000000015
36285  -17.416  -43.246  79.231 0.1000000015
38919  -18.840  -40.182  77.891 0.1000000015
38093  -19.084  -41.610  77.267 0.1000000015
35323  -16.953  -44.902  78.561 0.1000000015
35317  -17.167  -44.044  78.793 0.1000000015
38927  -19.728  -40.372  76.681 0.1000000015
38929  -20.870  -40.923  76.070 0.1000000015
146448  -17.422  -45.089  78.101 0.1000000015
35324  -17.642  -44.468  77.974 0.1000000015
38928  -20.361  -40.173  76.234 0.1000000015
40535  -23.344  -38.533  77.727 0.1000000015
40529  -23.544  -37.975  79.163 0.1000000015
41372  -23.816  -37.693  79.528 0.1000000015
41373  -24.227  -37.439  79.584 0.1000000015
44883  -31.460  -34.712  73.871 0.1000000015
44882  -29.780  -33.880  73.523 0.1000000015
44893  -29.490  -33.884  72.704 0.2000000030
44881  -28.091  -33.260  73.977 0.2000000030
134116  -28.717  -33.707  73.370 0.2000000030
44892  -28.473  -33.754  72.598 0.2000000030
45864  -26.787  -32.294  74.246 0.1000000015
45871  -27.269  -32.878  73.718 0.1000000015
45880  -27.005  -33.101  72.870 0.2000000030
44891  -27.660  -33.574  72.330 0.2000000030
37136  -16.529  -42.332  84.181 0.1000000015
138827  -16.746  -42.321  83.412 0.1000000015
37137  -17.158  -41.891  83.007 0.1000000015
37146  -16.812  -42.668  82.599 0.1000000015
37147  -17.206  -41.996  82.136 0.1000000015
37154  -16.992  -42.682  81.616 0.1000000015
37155  -17.360  -42.084  81.291 0.1000000015
38058  -17.498  -41.311  81.657 0.1000000015
36275  -16.759  -43.321  80.802 0.1000000015
37166  -17.197  -42.673  80.895 0.1000000015
38914  -18.359  -40.505  79.154 0.1000000015
36276  -17.268  -42.962  80.168 0.1000000015
147218  -18.579  -40.522  78.473 0.1000000015
38085  -18.461  -41.067  78.675 0.1000000015
39740  -19.310  -39.835  77.266 0.1000000015
38923  -19.238  -40.689  77.268 0.1000000015
39748  -20.538  -39.334  76.009 0.1000000015
39756  -21.963  -38.982  75.743 0.1000000015
40544  -23.014  -38.498  76.755 0.1000000015
146784  -23.469  -38.431  78.599 0.1000000015
41380  -23.644  -37.300  78.714 0.1000000015
144897  -25.623  -36.561  79.429 0.1000000015
43048  -26.206  -36.253  79.784 0.1000000015
43930  -31.499  -34.640  73.023 0.2000000030
44907  -30.399  -34.030  71.927 0.2000000030
43945  -31.596  -34.469  71.325 0.2000000030
135378  -29.128  -33.873  71.997 0.2000000030
44906  -29.632  -33.862  71.400 0.2000000030
125114  -26.964  -32.289  75.038 0.2000000030
145230  -28.330  -33.763  71.946 0.2000000030
44905  -28.786  -33.774  71.352 0.2000000030
126953  -27.793  -33.684  71.388 0.2000000030
38035  -16.957  -41.699  84.778 0.1000000015
38041  -16.925  -41.690  83.838 0.1000000015
127904  -17.296  -41.127  83.410 0.1000000015
38051  -17.389  -41.235  82.549 0.1000000015
38884  -17.437  -40.432  82.928 0.1000000015
38902  -17.650  -40.470  80.992 0.1000000015
38894  -17.582  -40.512  82.062 0.1000000015
129709  -17.625  -39.868  81.730 0.1000000015
139066  -17.661  -39.469  81.173 0.1000000015
38909  -18.099  -40.470  79.986 0.1000000015
133758  -18.248  -39.798  79.513 0.1000000015
39735  -18.850  -39.268  77.966 0.1000000015
135669  -19.332  -39.100  77.228 0.1000000015
39755  -21.269  -39.190  75.702 0.1000000015
40543  -22.408  -38.258  75.944 0.1000000015
41386  -23.248  -37.776  77.270 0.1000000015
41381  -23.932  -36.921  78.926 0.1000000015
42221  -23.570  -36.435  78.352 0.1000000015
42205  -24.848  -36.480  79.028 0.1000000015
125371  -30.477  -33.991  70.051 0.2000000030
43955  -31.491  -34.563  70.326 0.2000000030
45870  -26.559  -32.421  73.401 0.2000000030
44923  -28.539  -33.696  70.617 0.2000000030
44924  -29.521  -33.793  70.722 0.2000000030
44904  -26.493  -33.256  71.161 0.2000000030
44890  -26.817  -33.354  71.876 0.2000000030
38036  -17.282  -41.033  84.311 0.1000000015
136323  -17.378  -40.219  84.688 0.1000000015
132995  -17.485  -39.579  83.270 0.1000000015
39710  -17.549  -39.720  82.434 0.1000000015
39718  -17.625  -39.167  81.905 0.1000000015
139180  -17.918  -39.679  80.380 0.1000000015
143423  -17.657  -38.819  81.394 0.1000000015
128723  -17.786  -38.893  80.712 0.1000000015
39724  -18.127  -38.996  79.872 0.1000000015
40524  -18.261  -38.263  79.293 0.1000000015
40528  -18.670  -38.350  78.367 0.1000000015
40534  -19.146  -38.422  77.536 0.1000000015
136677  -19.840  -37.974  76.526 0.1000000015
41385  -19.366  -36.931  77.174 0.1000000015
41390  -20.381  -37.816  76.059 0.1000000015
41397  -21.914  -37.586  75.618 0.1000000015
42253  -21.445  -36.926  75.673 0.1000000015
137243  -22.426  -36.589  76.179 0.1000000015
145074  -23.109  -36.563  77.243 0.1000000015
42246  -22.792  -36.231  76.824 0.1000000015
42238  -23.156  -36.065  77.601 0.1000000015
43054  -23.424  -35.644  78.353 0.1000000015
42204  -24.049  -35.957  78.710 0.1000000015
43046  -24.769  -35.459  79.049 0.1000000015
64824  -47.206  -13.567  71.752 0.3000000119
123317  -29.381  -33.724  69.910 0.2000000030
44937  -30.377  -33.885  69.160 0.2000000030
44938  -31.202  -34.412  69.374 0.2000000030
44950  -31.052  -34.373  68.566 0.2000000030
45878  -25.733  -32.057  72.132 0.2000000030
44921  -26.707  -33.328  70.396 0.2000000030
124734  -28.362  -33.566  69.805 0.2000000030
121950  -28.227  -33.340  69.004 0.2000000030
138210  -26.090  -32.848  70.846 0.2000000030
124226  -26.255  -32.763  70.185 0.2000000030
44936  -27.422  -33.415  69.672 0.2000000030
45935  -27.209  -32.772  68.347 0.2000000030
44971  -29.177  -33.213  66.593 0.2000000030
130926  -26.495  -32.274  68.981 0.2000000030
45980  -28.530  -32.453  65.418 0.2000000030
46978  -28.208  -31.927  64.898 0.2000000030
49916  -28.730  -28.907  62.141 0.2000000030
135659  -32.350  -26.146  62.562 0.2000000030
52981  -33.124  -25.771  62.793 0.3000000119
52982  -33.973  -25.621  63.027 0.3000000119
44949  -30.188  -33.833  68.288 0.2000000030
44948  -29.059  -33.393  68.230 0.2000000030
44947  -27.997  -33.061  68.280 0.2000000030
123414  -26.198  -32.242  69.735 0.2000000030
45950  -27.537  -32.543  67.647 0.2000000030
45951  -28.186  -32.650  66.820 0.2000000030
45965  -28.630  -32.733  66.122 0.2000000030
45934  -26.831  -32.293  68.260 0.2000000030
45949  -26.898  -31.690  67.657 0.2000000030
45964  -27.908  -32.167  66.164 0.2000000030
52952  -35.942  -25.220  65.055 0.4000000060
46968  -27.461  -31.439  66.317 0.2000000030
46988  -27.750  -31.264  64.713 0.2000000030
47966  -27.650  -30.435  63.676 0.2000000030
145211  -35.307  -25.362  64.634 0.4000000060
48896  -28.126  -29.291  63.578 0.2000000030
48908  -28.215  -29.440  62.707 0.2000000030
49917  -29.288  -28.371  62.579 0.2000000030
134794  -33.390  -25.668  63.718 0.4000000060
50952  -29.772  -27.820  62.059 0.2000000030
50954  -31.085  -26.886  62.796 0.2000000030
50942  -29.884  -27.864  62.987 0.2000000030
50953  -30.401  -27.314  62.396 0.2000000030
55598  -41.964  -21.970  79.969 0.2000000030
46904  -25.691  -31.389  70.940 0.2000000030
46905  -26.057  -31.471  70.106 0.2000000030
46919  -26.334  -31.514  69.296 0.2000000030
46939  -26.583  -31.588  68.477 0.2000000030
46955  -27.043  -30.874  66.957 0.2000000030
47931  -27.370  -30.755  66.025 0.2000000030
47942  -27.509  -30.619  65.217 0.2000000030
52966  -34.566  -25.425  64.621 0.4000000060
52951  -34.954  -25.392  65.273 0.4000000060
48875  -27.636  -29.772  64.893 0.2000000030
52965  -33.702  -25.598  64.539 0.4000000060
49893  -28.653  -28.779  63.952 0.2000000030
49904  -28.697  -28.855  63.070 0.2000000030
144983  -31.651  -26.515  62.391 0.2000000030
138950  -32.530  -26.209  63.602 0.2000000030
51979  -31.791  -26.583  63.176 0.2000000030
130318  -42.544  -21.780  79.267 0.2000000030
55615  -43.195  -22.007  77.889 0.2000000030
53788  -45.002  -24.081  75.633 0.5000000000
47902  -26.380  -30.702  69.722 0.2000000030
130671  -26.590  -30.770  68.857 0.2000000030
47920  -27.068  -30.274  67.638 0.2000000030
47909  -26.756  -30.868  67.969 0.2000000030
139318  -35.392  -25.316  65.883 0.5000000000
142950  -27.345  -30.173  66.433 0.2000000030
48868  -27.508  -29.929  65.741 0.2000000030
52950  -34.007  -25.683  65.419 0.5000000000
48885  -28.062  -29.201  64.459 0.2000000030
123756  -33.305  -25.981  65.145 0.5000000000
49905  -29.335  -28.382  63.480 0.2000000030
49906  -30.040  -27.988  63.905 0.2000000030
50944  -31.303  -27.143  63.715 0.2000000030
51965  -31.907  -26.793  63.942 0.2000000030
50943  -30.580  -27.471  63.364 0.2000000030
56668  -42.994  -20.916  78.667 0.1000000015
130522  -43.814  -20.781  77.614 0.1000000015
56680  -43.881  -21.706  77.299 0.1000000015
56681  -44.941  -21.491  76.841 0.2000000030
57739  -45.448  -20.973  76.657 0.3000000119
126018  -45.868  -22.242  76.126 0.4000000060
56695  -46.155  -21.540  76.084 0.3000000119
128029  -45.671  -21.199  75.170 0.3000000119
59927  -45.669  -18.748  75.311 0.3000000119
127126  -45.084  -22.555  74.247 0.5000000000
54734  -44.211  -23.635  72.621 0.8000000119
57770  -44.645  -20.961  74.134 0.6000000238
133633  -44.778  -22.790  73.486 0.8000000119
56752  -44.402  -22.510  73.111 0.8000000119
131783  -33.192  -28.211  70.306 0.6999999881
49834  -33.949  -28.398  70.258 0.6999999881
49841  -31.236  -28.511  69.483 0.6000000238
49833  -32.599  -28.387  69.895 0.6999999881
49844  -33.741  -28.466  69.562 0.5000000000
138377  -34.338  -28.296  69.385 0.6000000238
49856  -32.285  -28.543  68.692 0.5000000000
123187  -35.733  -25.327  67.306 0.6000000238
145358  -34.954  -25.478  66.506 0.5000000000
52939  -35.629  -25.288  66.611 0.6000000238
47910  -27.006  -30.031  68.458 0.2000000030
137903  -27.719  -29.513  66.397 0.2000000030
126740  -34.572  -25.590  66.024 0.5000000000
48860  -27.336  -29.896  67.068 0.2000000030
48876  -28.054  -29.197  65.494 0.2000000030
49894  -29.424  -28.407  64.353 0.2000000030
51966  -32.295  -26.683  64.534 0.2000000030
139383  -43.742  -20.103  77.774 0.1000000015
58781  -44.338  -19.746  77.444 0.2000000030
58790  -45.935  -19.706  76.276 0.3000000119
59902  -46.127  -19.137  76.012 0.3000000119
57752  -45.967  -20.407  75.560 0.3000000119
59913  -45.906  -18.688  75.760 0.1000000015
58804  -45.677  -19.607  75.246 0.3000000119
49858  -33.595  -28.485  68.898 0.6000000238
50896  -34.865  -27.931  69.508 0.6999999881
140671  -31.643  -28.501  68.970 0.4000000060
147064  -33.331  -28.550  69.098 0.5000000000
50904  -34.518  -27.689  68.901 0.6000000238
49854  -29.970  -28.733  68.793 0.4000000060
49855  -30.932  -28.635  68.740 0.4000000060
138721  -31.622  -28.626  68.423 0.4000000060
49866  -32.611  -28.552  68.062 0.5000000000
49867  -33.229  -28.375  68.239 0.5000000000
50903  -33.874  -28.025  68.418 0.6000000238
121631  -29.371  -28.821  68.092 0.4000000060
49863  -30.334  -28.721  68.013 0.4000000060
49864  -31.219  -28.719  67.914 0.4000000060
50911  -32.837  -28.215  67.501 0.5000000000
50912  -33.351  -27.954  67.767 0.5000000000
51942  -34.265  -27.130  68.213 0.5000000000
122720  -30.720  -28.683  67.212 0.4000000060
51948  -33.457  -26.770  66.627 0.5000000000
51941  -33.711  -27.209  67.538 0.5000000000
48853  -27.632  -29.372  68.542 0.3000000119
49862  -28.769  -28.829  67.279 0.3000000119
49874  -30.203  -28.581  66.489 0.3000000119
50918  -32.421  -27.929  66.552 0.5000000000
143433  -33.922  -26.435  66.918 0.5000000000
122264  -34.949  -25.641  67.265 0.6000000238
48861  -27.955  -29.232  67.199 0.3000000119
49873  -29.242  -28.636  66.525 0.3000000119
147331  -29.706  -28.556  65.900 0.3000000119
49885  -30.488  -28.409  65.690 0.2000000030
50927  -32.902  -27.115  66.175 0.4000000060
135976  -33.361  -26.339  65.837 0.5000000000
48869  -28.378  -28.982  66.431 0.3000000119
49883  -28.859  -28.693  65.721 0.3000000119
52937  -33.916  -26.065  66.269 0.5000000000
128392  -28.688  -28.736  64.848 0.2000000030
123819  -31.625  -27.392  64.662 0.2000000030
51957  -32.718  -26.606  65.308 0.4000000060
49895  -30.266  -28.205  64.766 0.2000000030
58780  -43.347  -19.437  78.388 0.1000000015
59887  -44.399  -18.218  77.218 0.1000000015
140645  -45.849  -18.888  76.243 0.3000000119
61078  -45.560  -17.513  75.709 0.2000000030
63885  -44.812  -14.487  73.234 0.4000000060
49865  -31.937  -28.679  67.918 0.4000000060
49877  -32.184  -28.489  67.270 0.4000000060
50919  -33.121  -27.579  67.036 0.5000000000
121742  -31.497  -28.639  67.207 0.4000000060
49886  -31.241  -28.278  65.916 0.3000000119
49876  -31.722  -28.375  66.505 0.4000000060
50925  -31.804  -27.849  65.691 0.3000000119
49884  -29.564  -28.466  65.199 0.2000000030
49896  -31.076  -28.051  65.163 0.2000000030
50934  -32.175  -27.227  65.185 0.3000000119
50926  -32.415  -27.398  65.760 0.3000000119
50933  -30.823  -27.720  64.271 0.2000000030
59886  -43.280  -17.956  78.156 0.1000000015
62018  -45.367  -17.097  75.896 0.2000000030
61092  -45.524  -17.309  75.238 0.2000000030
62031  -45.358  -16.835  75.503 0.2000000030
122701  -42.006  -17.916  79.363 0.1000000015
61047  -42.656  -17.725  78.892 0.1000000015
134953  -45.134  -17.160  76.201 0.1000000015
62948  -44.922  -15.298  74.057 0.3000000119
63892  -46.283  -13.804  72.115 0.4000000060
61055  -42.719  -17.098  78.337 0.1000000015
62008  -44.271  -17.059  76.611 0.1000000015
62925  -44.350  -15.931  75.797 0.1000000015
62936  -44.658  -15.196  75.350 0.1000000015
62017  -44.932  -16.629  75.973 0.1000000015
62030  -45.102  -16.075  75.382 0.2000000030
62937  -45.116  -15.465  74.952 0.2000000030
63876  -44.933  -14.468  74.914 0.2000000030
62949  -44.973  -14.645  74.262 0.3000000119
63886  -45.186  -13.737  73.578 0.5000000000
129384  -45.014  -14.892  74.750 0.2000000030
146248  -46.238  -12.964  72.985 0.3000000119
63875  -44.482  -14.330  75.295 0.2000000030
63881  -44.994  -14.075  74.511 0.2000000030
64799  -45.264  -13.297  74.200 0.3000000119
64815  -46.645  -13.175  72.498 0.3000000119
62935  -43.703  -15.385  75.780 0.1000000015
64792  -44.690  -13.471  75.190 0.1000000015
64793  -45.071  -13.440  74.773 0.1000000015
64825  -47.991  -13.170  71.429 0.5000000000
71753  -52.960  -6.207  63.927 0.6000000238
72712  -52.690  -5.592  64.069 0.5000000000
70808  -52.967  -7.016  64.082 0.5000000000
71746  -52.811  -6.220  64.182 0.5000000000
70815  -52.970  -7.048  63.925 0.6000000238
71747  -53.042  -6.595  63.987 0.5000000000
64816  -47.387  -12.812  72.188 0.3000000119
70807  -52.243  -6.795  64.436 0.5000000000
69792  -50.968  -8.353  65.392 0.4000000060
70798  -51.034  -7.426  64.709 0.3000000119
133222  -50.945  -6.447  64.552 0.3000000119
71744  -49.952  -5.969  64.481 0.3000000119
71745  -52.023  -5.994  64.502 0.5000000000
72711  -52.192  -5.208  64.420 0.5000000000
141159  -52.558  -5.290  63.885 0.5000000000
70806  -49.596  -6.710  64.577 0.3000000119
70804  -47.834  -7.352  64.384 0.3000000119
72710  -50.935  -5.312  64.603 0.5000000000
56719  -45.613  -22.163  75.142 0.4000000060
135027  -45.945  -22.187  75.821 0.5000000000
54698  -45.535  -23.269  75.942 0.4000000060
54682  -42.929  -22.969  77.880 0.3000000119
55628  -43.938  -22.859  76.995 0.3000000119
54681  -42.730  -23.919  77.838 0.3000000119
123116  -44.791  -22.310  76.733 0.3000000119
55644  -45.738  -22.797  75.884 0.4000000060
54722  -44.782  -23.557  74.400 0.5000000000
43047  -25.513  -35.821  79.417 0.1000000015
45889  -25.666  -32.172  71.275 0.2000000030
46897  -25.600  -31.328  71.729 0.2000000030
45859  -26.798  -32.272  75.862 0.1000000015
49832  -31.688  -28.377  70.087 0.6999999881
138828  -33.283  -28.406  69.864 0.6999999881
49845  -35.094  -28.314  69.969 0.6999999881
53771  -44.064  -24.456  76.437 0.6999999881
53779  -44.920  -24.095  76.113 0.6000000238
54697  -45.252  -23.531  76.190 0.5000000000
53804  -44.402  -23.799  74.067 0.6999999881
132002  -44.415  -23.611  73.529 0.6999999881
54714  -45.179  -23.674  75.213 0.5000000000
121881  -45.695  -18.061  75.534 0.2000000030
55684  -44.729  -23.258  73.672 0.6999999881
131096  -45.335  -19.228  74.789 0.5000000000
55705  -44.499  -23.171  72.813 0.8000000119
65845  -49.084  -12.465  71.025 0.5000000000
53772  -44.457  -23.886  76.588 0.5000000000
147329  -23.521  -38.760  80.165 0.1000000015
130198  -23.076  -42.358  78.001 0.1000000015
42172  -28.944  -36.893  81.430 0.1000000015
45833  -31.097  -32.548  79.535 0.1000000015
37192  -19.248  -42.507  76.927 0.1000000015
36302  -18.798  -43.153  77.210 0.1000000015
130417  -20.177  -40.877  76.371 0.1000000015
39741  -23.184  -39.413  77.086 0.1000000015
45856  -30.804  -33.007  76.495 0.1000000015
45855  -29.900  -32.744  76.610 0.1000000015
44857  -29.314  -33.393  74.919 0.1000000015
45861  -28.792  -32.910  75.470 0.1000000015
127354  -28.172  -32.493  76.824 0.1000000015
146499  -18.270  -41.613  78.754 0.1000000015
37178  -18.005  -41.995  79.181 0.1000000015
38935  -21.035  -40.018  75.826 0.1000000015
39749  -21.865  -39.785  75.910 0.1000000015
39750  -22.531  -39.151  76.292 0.1000000015
45865  -27.544  -32.714  74.537 0.1000000015
38092  -18.716  -40.932  77.881 0.1000000015
35316  -16.662  -44.350  79.254 0.1000000015
39747  -19.816  -39.430  76.603 0.1000000015
127386  -23.436  -37.809  78.261 0.1000000015
130396  -30.852  -34.135  73.658 0.1000000015
44894  -30.694  -34.071  72.848 0.2000000030
44880  -27.810  -33.454  73.169 0.2000000030
36254  -16.362  -43.278  82.619 0.1000000015
39730  -18.542  -39.909  78.668 0.1000000015
40542  -20.130  -38.610  76.305 0.1000000015
41392  -22.845  -37.790  76.530 0.1000000015
43937  -31.565  -34.481  72.208 0.2000000030
43946  -32.092  -34.980  71.677 0.2000000030
44925  -30.570  -34.026  70.944 0.2000000030
45879  -26.266  -32.659  72.528 0.2000000030
38880  -17.395  -40.331  83.792 0.1000000015
135119  -18.346  -39.100  78.920 0.1000000015
40541  -19.568  -38.547  76.834 0.1000000015
40548  -20.770  -38.515  75.749 0.1000000015
40549  -21.579  -38.382  75.617 0.1000000015
42247  -22.966  -37.033  76.785 0.1000000015
41391  -22.486  -37.359  76.024 0.1000000015
123621  -23.351  -36.982  77.771 0.1000000015
44922  -27.598  -33.602  70.481 0.2000000030
45890  -26.077  -32.817  71.651 0.2000000030
137143  -27.012  -33.555  71.055 0.2000000030
41371  -18.464  -37.546  78.698 0.1000000015
41379  -18.965  -37.517  77.821 0.1000000015
134031  -19.426  -37.757  77.029 0.1000000015
41396  -21.094  -37.697  75.620 0.1000000015
42254  -22.078  -36.927  75.725 0.1000000015
42252  -20.687  -36.973  75.871 0.1000000015
122813  -29.265  -33.564  69.062 0.2000000030
45921  -27.347  -33.117  68.910 0.2000000030
45906  -25.877  -32.188  70.492 0.2000000030
45920  -26.645  -32.944  69.490 0.2000000030
141249  -26.833  -32.704  68.787 0.2000000030
45966  -29.359  -33.204  65.640 0.2000000030
46977  -27.728  -31.548  65.520 0.2000000030
44961  -29.965  -33.676  67.312 0.2000000030
44960  -28.650  -33.086  67.482 0.2000000030
136488  -27.414  -31.915  66.902 0.2000000030
47952  -27.577  -30.488  64.417 0.2000000030
48884  -27.692  -29.751  64.035 0.2000000030
124036  -35.205  -25.440  63.997 0.3000000119
48895  -27.797  -29.877  63.245 0.2000000030
49927  -29.269  -28.345  61.660 0.2000000030
51967  -32.934  -26.023  64.487 0.2000000030
57738  -44.654  -20.577  77.172 0.1000000015
56694  -45.476  -22.307  76.433 0.3000000119
56682  -45.803  -21.601  76.384 0.3000000119
58782  -45.342  -20.197  76.742 0.3000000119
55643  -45.562  -22.893  76.174 0.4000000060
56706  -46.056  -21.417  75.718 0.4000000060
57746  -46.255  -20.848  75.986 0.3000000119
57745  -46.041  -20.749  76.265 0.3000000119
57757  -45.370  -20.378  74.804 0.3000000119
56718  -45.245  -21.570  74.539 0.4000000060
54715  -45.283  -23.114  74.821 0.4000000060
56733  -44.756  -22.038  73.833 0.6000000238
49842  -32.069  -28.455  69.427 0.6000000238
49843  -32.921  -28.533  69.321 0.5000000000
49857  -33.026  -28.573  68.720 0.5000000000
52938  -34.401  -25.880  66.739 0.5000000000
123770  -27.521  -29.629  67.844 0.3000000119
127376  -43.762  -18.872  77.733 0.1000000015
58789  -45.095  -19.153  76.850 0.2000000030
59901  -45.877  -18.268  75.978 0.2000000030
58791  -46.222  -20.033  76.021 0.3000000119
51949  -34.288  -26.410  67.490 0.5000000000
51935  -34.725  -26.299  68.092 0.6000000238
126668  -29.749  -28.664  67.272 0.4000000060
49875  -31.029  -28.540  66.487 0.3000000119
59868  -42.859  -18.530  78.955 0.1000000015
59900  -45.391  -18.270  76.464 0.1000000015
61066  -45.522  -17.595  76.112 0.2000000030
61065  -44.804  -17.636  76.633 0.1000000015
61056  -43.743  -17.495  77.363 0.1000000015
128593  -42.361  -17.992  79.310 0.1000000015
61046  -42.177  -17.203  78.915 0.1000000015
62016  -43.736  -16.455  76.454 0.1000000015
132879  -49.066  -5.967  64.465 0.3000000119
71743  -47.331  -6.719  64.225 0.3000000119
55659  -45.651  -22.751  75.494 0.5000000000
55629  -45.082  -23.046  76.514 0.4000000060
51650  -19.631  -26.803  89.052 0.3000000119
138434  -19.871  -27.055  89.433 0.3000000119
50658  -20.589  -27.280  89.402 0.3000000119
49631  -17.101  -27.519  89.727 0.5000000000
49659  -16.986  -28.284  88.953 0.6000000238
134181  -17.282  -27.989  89.532 0.5000000000
126251  -20.342  -26.659  89.076 0.3000000119
52705  -20.942  -26.157  88.937 0.3000000119
49644  -17.853  -28.460  89.378 0.6000000238
124208  -21.181  -27.131  89.364 0.4000000060
51634  -21.547  -26.514  89.298 0.4000000060
50655  -16.834  -27.041  89.878 0.4000000060
49643  -16.449  -27.706  89.398 0.4000000060
51968  -38.881  -26.823  63.694 0.4000000060
134780  -49.055  -21.439  58.561 0.2000000030
56982  -47.817  -21.184  57.711 0.2000000030
57970  -48.936  -20.242  57.624 0.2000000030
58993  -50.556  -19.410  58.203 0.2000000030
58994  -51.295  -18.963  58.532 0.2000000030
57968  -46.776  -20.667  57.100 0.3000000119
59011  -48.401  -19.731  57.071 0.2000000030
59012  -49.255  -19.391  57.366 0.2000000030
59013  -50.079  -18.721  57.647 0.2000000030
57979  -46.571  -20.006  56.652 0.3000000119
60127  -48.815  -18.890  56.868 0.2000000030
133711  -49.196  -18.117  56.945 0.2000000030
59022  -45.712  -19.786  56.720 0.3000000119
60138  -46.485  -18.415  56.518 0.2000000030
60139  -47.813  -17.966  56.516 0.2000000030
61293  -47.764  -16.881  56.534 0.2000000030
61277  -49.872  -16.189  57.277 0.2000000030
61294  -48.511  -16.945  56.707 0.2000000030
65843  -47.952  -12.471  71.918 0.4000000060
65844  -48.489  -12.520  71.473 0.4000000060
66812  -48.501  -11.253  72.056 0.4000000060
66829  -49.353  -11.807  71.018 0.5000000000
66842  -49.897  -11.741  70.638 0.5000000000
65852  -50.298  -12.007  70.232 0.5000000000
64856  -50.430  -12.688  68.388 0.5000000000
62198  -44.656  -16.786  57.977 0.4000000060
62199  -45.130  -16.703  57.359 0.3000000119
62210  -45.716  -16.415  56.716 0.3000000119
133048  -50.020  -15.617  56.883 0.2000000030
61274  -44.346  -17.977  57.713 0.3000000119
130285  -44.962  -17.998  57.449 0.3000000119
61291  -45.939  -17.990  56.648 0.3000000119
147049  -46.544  -17.644  56.512 0.2000000030
62211  -46.738  -15.799  56.432 0.2000000030
62213  -48.510  -15.956  56.610 0.2000000030
66813  -48.975  -11.139  71.415 0.4000000060
68717  -48.829  -9.514  71.657 0.4000000060
66830  -49.656  -11.023  70.904 0.4000000060
68729  -49.348  -9.494  71.144 0.3000000119
68741  -50.509  -9.820  70.296 0.4000000060
67799  -50.685  -10.564  70.233 0.4000000060
142577  -51.696  -11.039  69.520 0.4000000060
65866  -50.649  -12.213  69.487 0.4000000060
66874  -52.374  -10.937  67.651 0.4000000060
138264  -51.684  -12.140  68.131 0.5000000000
65867  -51.606  -11.789  69.023 0.4000000060
63088  -44.774  -15.974  57.445 0.4000000060
138581  -45.253  -15.994  56.929 0.3000000119
62214  -49.521  -15.679  56.611 0.2000000030
64032  -44.287  -15.054  57.373 0.4000000060
63090  -45.028  -15.308  56.766 0.2000000030
124510  -47.672  -15.205  56.169 0.2000000030
63092  -48.443  -15.423  56.261 0.2000000030
63097  -48.448  -15.302  56.067 0.2000000030
140795  -44.771  -14.492  56.515 0.3000000119
64035  -45.683  -14.696  56.186 0.2000000030
63091  -46.808  -14.885  56.122 0.2000000030
63096  -47.707  -15.032  56.049 0.2000000030
68716  -48.305  -9.526  72.375 0.4000000060
69698  -49.038  -8.633  71.315 0.2000000030
69710  -49.348  -8.293  70.727 0.2000000030
69711  -49.925  -8.903  70.329 0.2000000030
68730  -49.843  -9.613  70.690 0.3000000119
70740  -47.301  -7.737  69.344 0.2000000030
69722  -50.098  -8.578  69.718 0.2000000030
68760  -52.159  -10.371  67.774 0.4000000060
67805  -51.964  -10.483  69.194 0.4000000060
69723  -50.676  -9.046  69.395 0.3000000119
67827  -52.184  -10.334  67.086 0.4000000060
64037  -45.384  -13.676  54.870 0.2000000030
132220  -45.766  -13.857  54.335 0.2000000030
124374  -44.043  -14.157  56.868 0.3000000119
65000  -44.841  -13.256  55.253 0.2000000030
146685  -45.664  -14.131  55.027 0.2000000030
63100  -47.273  -15.286  54.767 0.2000000030
64038  -46.073  -14.538  55.717 0.2000000030
63095  -46.788  -14.787  55.644 0.2000000030
69686  -47.976  -8.459  72.374 0.2000000030
70709  -48.189  -7.824  71.251 0.2000000030
69687  -48.542  -8.800  71.899 0.2000000030
70710  -48.902  -7.991  71.055 0.2000000030
70741  -47.661  -7.558  69.736 0.2000000030
141141  -49.147  -7.888  70.522 0.2000000030
69732  -47.448  -7.792  68.525 0.2000000030
139575  -48.020  -7.498  69.004 0.2000000030
70743  -49.582  -7.895  69.329 0.3000000119
70761  -49.259  -7.583  68.727 0.3000000119
69749  -50.448  -8.560  68.054 0.4000000060
68790  -51.761  -9.657  66.626 0.4000000060
64994  -43.562  -13.019  56.975 0.4000000060
66010  -44.436  -12.457  55.510 0.2000000030
63105  -47.418  -15.218  53.824 0.2000000030
63106  -48.289  -15.538  53.367 0.2000000030
66990  -45.434  -11.849  54.619 0.2000000030
66013  -45.568  -12.422  54.303 0.2000000030
65010  -46.806  -13.698  53.477 0.2000000030
65011  -47.582  -13.870  53.158 0.2000000030
65015  -48.363  -13.933  52.800 0.2000000030
66014  -45.984  -12.675  53.828 0.2000000030
67003  -48.483  -11.773  53.517 0.2000000030
67004  -49.332  -11.727  53.331 0.2000000030
66991  -46.135  -11.762  54.246 0.2000000030
66019  -46.639  -12.951  53.503 0.2000000030
137584  -47.944  -12.466  53.285 0.2000000030
65012  -48.958  -13.152  52.716 0.2000000030
66993  -48.209  -11.033  54.111 0.3000000119
67005  -50.250  -11.659  53.176 0.2000000030
67938  -46.604  -10.811  54.680 0.3000000119
66992  -47.150  -11.370  54.173 0.3000000119
73749  -51.386  -4.140  64.998 0.4000000060
76781  -53.545  -1.281  61.439 0.4000000060
75800  -53.245  -1.959  61.163 0.4000000060
75809  -52.396  -2.503  60.495 0.4000000060
135005  -50.501  -4.380  58.792 0.4000000060
74841  -51.680  -3.129  59.869 0.4000000060
70888  -49.204  -7.052  57.007 0.5000000000
72783  -49.576  -5.588  57.770 0.5000000000
145201  -50.617  -4.572  58.023 0.4000000060
74851  -51.880  -3.471  58.988 0.4000000060
70902  -48.950  -7.771  56.725 0.6000000238
69885  -49.615  -8.280  56.484 0.5000000000
70889  -50.140  -6.958  56.853 0.5000000000
73818  -51.169  -4.704  57.561 0.5000000000
68920  -48.574  -9.583  55.387 0.4000000060
129750  -49.321  -9.409  55.523 0.4000000060
68921  -50.168  -9.303  55.544 0.3000000119
73750  -51.863  -4.340  64.437 0.4000000060
73775  -50.474  -4.236  61.740 0.5000000000
73784  -50.284  -4.240  60.774 0.5000000000
74831  -50.898  -3.604  60.294 0.5000000000
73805  -51.288  -4.092  58.328 0.4000000060
70904  -50.407  -7.984  56.648 0.5000000000
72785  -51.102  -5.512  57.216 0.5000000000
73735  -50.669  -3.232  65.540 0.4000000060
128717  -51.739  -3.651  64.784 0.4000000060
74807  -51.381  -3.455  63.311 0.4000000060
74814  -51.016  -3.471  62.308 0.4000000060
74822  -50.875  -3.527  61.338 0.4000000060
74832  -51.512  -2.881  60.900 0.4000000060
74869  -52.738  -3.862  57.927 0.4000000060
74868  -52.087  -3.749  58.266 0.4000000060
74842  -52.573  -2.931  59.575 0.4000000060
129630  -51.926  -5.024  57.321 0.5000000000
70905  -51.343  -8.084  56.741 0.5000000000
138249  -50.862  -2.656  65.651 0.4000000060
74799  -51.641  -2.628  65.070 0.4000000060
76773  -52.961  -0.750  62.097 0.4000000060
75768  -51.422  -1.647  65.120 0.4000000060
74815  -51.509  -2.873  62.942 0.4000000060
74823  -51.505  -2.655  62.153 0.4000000060
75799  -52.256  -2.160  61.563 0.4000000060
75810  -53.390  -2.477  60.275 0.4000000060
73820  -52.703  -4.575  57.581 0.4000000060
136217  -53.506  -3.640  58.477 0.4000000060
135242  -52.790  -5.373  57.445 0.5000000000
72787  -53.542  -4.761  57.739 0.4000000060
147361  -53.322  -4.149  57.873 0.4000000060
75793  -52.877  -1.470  61.941 0.4000000060
75811  -54.295  -2.531  60.153 0.4000000060
75821  -53.668  -3.049  59.433 0.4000000060
73821  -54.094  -4.136  58.301 0.4000000060
74843  -54.628  -2.841  59.563 0.4000000060
62181  -51.512  -15.825  57.715 0.2000000030
60129  -50.410  -17.562  57.773 0.2000000030
62201  -50.575  -15.891  57.369 0.2000000030
60141  -49.229  -17.068  57.015 0.2000000030
61278  -50.324  -16.664  57.605 0.2000000030
122479  -50.658  -15.754  57.191 0.2000000030
51633  -20.906  -26.714  89.161 0.4000000060
59009  -45.108  -19.220  56.921 0.3000000119
64827  -49.334  -12.878  70.556 0.6000000238
63080  -44.435  -16.011  58.214 0.4000000060
66873  -52.239  -11.453  68.319 0.4000000060
140045  -43.793  -14.337  57.580 0.3000000119
64031  -43.660  -13.673  57.262 0.3000000119
64995  -43.891  -13.372  56.533 0.3000000119
66987  -44.875  -11.536  55.239 0.2000000030
67834  -51.844  -10.258  66.444 0.4000000060
67839  -51.539  -10.213  65.800 0.5000000000
68801  -51.505  -9.592  65.877 0.4000000060
67933  -47.046  -10.089  55.235 0.3000000119
72719  -51.661  -4.312  63.739 0.5000000000
144933  -49.125  -6.042  57.720 0.5000000000
72765  -49.966  -4.869  58.260 0.5000000000
73795  -50.340  -4.232  59.754 0.5000000000
61275  -44.792  -17.399  57.696 0.3000000119
64999  -44.212  -13.096  55.886 0.2000000030
69775  -51.299  -9.090  66.055 0.4000000060
143778  -52.043  -4.584  64.366 0.4000000060
66828  -48.760  -11.875  71.483 0.4000000060
57950  -48.618  -21.022  57.906 0.2000000030
57969  -48.121  -20.532  57.366 0.2000000030
58992  -49.813  -19.873  57.848 0.2000000030
60111  -50.774  -18.169  58.143 0.2000000030
126100  -47.442  -20.753  57.293 0.2000000030
57967  -46.015  -20.555  56.957 0.3000000119
59025  -47.902  -19.050  56.590 0.2000000030
59024  -47.099  -19.460  56.555 0.2000000030
59010  -47.476  -20.068  56.831 0.3000000119
142899  -49.450  -18.587  57.237 0.2000000030
59023  -46.452  -19.248  56.554 0.2000000030
60140  -48.582  -18.082  56.685 0.2000000030
60128  -49.810  -17.551  57.407 0.2000000030
60137  -45.816  -18.878  56.651 0.3000000119
145955  -47.134  -18.709  56.467 0.2000000030
128728  -47.110  -17.788  56.447 0.2000000030
62212  -47.744  -15.864  56.448 0.2000000030
61295  -49.277  -15.907  56.885 0.2000000030
65838  -48.248  -11.929  72.057 0.4000000060
67789  -50.157  -10.434  70.604 0.4000000060
61276  -45.416  -17.436  57.002 0.3000000119
139261  -46.204  -17.032  56.579 0.3000000119
62200  -50.013  -15.624  57.027 0.2000000030
60126  -45.328  -18.396  56.949 0.3000000119
124283  -45.846  -15.460  56.482 0.2000000030
61292  -47.006  -16.829  56.466 0.2000000030
142999  -49.017  -15.605  56.544 0.2000000030
68742  -51.207  -10.255  69.810 0.4000000060
125427  -52.240  -11.119  69.011 0.4000000060
62218  -49.290  -15.604  55.979 0.2000000030
63093  -48.978  -15.499  56.282 0.2000000030
63101  -47.913  -15.611  55.178 0.2000000030
64996  -44.511  -13.713  56.155 0.3000000119
64034  -45.256  -14.029  55.719 0.2000000030
69721  -49.532  -8.128  70.140 0.2000000030
70742  -48.286  -7.507  69.783 0.2000000030
68772  -51.844  -9.774  67.432 0.4000000060
69734  -50.970  -9.141  68.716 0.4000000060
70762  -49.753  -7.916  68.531 0.4000000060
66011  -45.042  -12.488  54.799 0.2000000030
65003  -45.451  -13.145  54.328 0.2000000030
64040  -46.157  -14.407  54.771 0.2000000030
63099  -46.741  -14.798  54.316 0.2000000030
62220  -47.832  -15.840  54.115 0.2000000030
70698  -47.907  -7.955  71.936 0.2000000030
70760  -48.695  -7.473  68.454 0.2000000030
144496  -49.153  -7.572  69.257 0.2000000030
70776  -49.792  -7.894  67.937 0.3000000119
69750  -51.195  -8.997  67.087 0.4000000060
65009  -46.076  -13.437  53.782 0.2000000030
64045  -46.338  -14.183  53.912 0.2000000030
64046  -47.079  -14.471  53.597 0.2000000030
64047  -47.868  -14.683  53.234 0.2000000030
66020  -47.375  -13.115  53.249 0.2000000030
133446  -48.146  -13.155  52.961 0.2000000030
64050  -48.636  -14.739  52.785 0.2000000030
67001  -46.761  -12.192  53.746 0.2000000030
66994  -49.014  -11.174  53.787 0.2000000030
66021  -48.764  -12.433  53.067 0.2000000030
66022  -49.636  -12.425  52.845 0.2000000030
142969  -47.265  -12.520  53.470 0.2000000030
67002  -47.629  -11.875  53.670 0.2000000030
123336  -48.026  -9.348  55.832 0.4000000060
67934  -47.830  -9.828  55.231 0.4000000060
67939  -47.533  -10.518  54.652 0.3000000119
67940  -48.400  -10.132  54.736 0.3000000119
68928  -49.050  -9.769  54.928 0.2000000030
67952  -49.785  -10.975  53.699 0.2000000030
67942  -50.196  -10.285  54.254 0.2000000030
74840  -51.074  -3.804  59.325 0.4000000060
71815  -49.476  -6.333  57.322 0.5000000000
70903  -49.657  -7.617  56.704 0.5000000000
72784  -50.400  -5.131  57.595 0.5000000000
71816  -50.253  -5.941  57.158 0.5000000000
68913  -48.770  -9.180  55.967 0.5000000000
126973  -48.743  -8.538  56.414 0.6000000238
68914  -49.648  -8.933  56.087 0.5000000000
73819  -51.958  -4.308  57.743 0.4000000060
68929  -49.776  -9.706  54.857 0.3000000119
67941  -49.204  -10.409  54.320 0.2000000030
68930  -50.642  -9.671  54.841 0.4000000060
131973  -50.954  -7.459  56.845 0.5000000000
146344  -50.245  -8.567  56.322 0.4000000060
127863  -51.737  -3.527  64.439 0.4000000060
74808  -51.716  -2.651  64.032 0.4000000060
74852  -52.712  -3.404  58.726 0.4000000060
72786  -51.989  -5.971  57.321 0.5000000000
130620  -51.166  -6.630  57.104 0.5000000000
74790  -51.203  -2.306  65.505 0.4000000060
61258  -50.944  -16.649  57.980 0.2000000030
52704  -20.298  -26.320  88.774 0.2000000030
146252  -22.609  -25.009  88.744 0.3000000119
52740  -20.222  -25.539  87.454 0.2000000030
53685  -20.638  -25.026  87.534 0.2000000030
53722  -21.565  -24.682  82.880 0.1000000015
53728  -21.573  -24.803  82.056 0.1000000015
49641  -15.132  -27.692  89.039 0.4000000060
49642  -15.665  -27.598  89.302 0.3000000119
145598  -19.009  -26.930  89.595 0.2000000030
51649  -18.915  -26.903  88.995 0.1000000015
52713  -19.971  -26.252  88.655 0.2000000030
52714  -20.687  -25.817  88.689 0.2000000030
51665  -19.340  -26.593  88.520 0.1000000015
52723  -20.425  -25.619  88.397 0.2000000030
53656  -21.135  -25.233  88.474 0.2000000030
53665  -22.416  -24.543  88.175 0.2000000030
51687  -15.219  -26.840  86.660 0.1000000015
51689  -17.052  -26.884  87.084 0.1000000015
50693  -18.781  -27.250  87.441 0.1000000015
51677  -19.287  -26.791  87.828 0.1000000015
126181  -19.783  -26.246  88.525 0.1000000015
52731  -20.288  -25.493  88.100 0.2000000030
53674  -20.799  -25.032  88.099 0.2000000030
141882  -21.104  -24.700  87.622 0.2000000030
53676  -22.349  -24.251  87.648 0.2000000030
51699  -15.985  -27.102  85.946 0.1000000015
50701  -16.748  -27.196  86.378 0.1000000015
50702  -17.653  -27.586  86.389 0.1000000015
50703  -18.645  -27.585  86.661 0.1000000015
139467  -21.024  -24.652  86.909 0.2000000030
53687  -22.262  -24.076  86.729 0.2000000030
122344  -14.940  -27.258  84.751 0.1000000015
50711  -15.775  -27.176  84.975 0.1000000015
50714  -18.497  -27.819  85.805 0.1000000015
51701  -20.313  -26.309  85.882 0.1000000015
138648  -23.026  -23.935  85.184 0.1000000015
132181  -16.205  -27.567  84.329 0.1000000015
50712  -16.770  -27.546  84.929 0.1000000015
50713  -17.658  -27.815  85.442 0.1000000015
50726  -19.781  -27.581  85.201 0.1000000015
144817  -22.789  -24.019  84.448 0.1000000015
54597  -23.509  -23.963  84.465 0.1000000015
50724  -17.673  -27.982  84.588 0.1000000015
50725  -18.496  -28.101  85.021 0.1000000015
122517  -19.338  -28.109  84.536 0.1000000015
54609  -23.117  -24.082  83.637 0.1000000015
50735  -17.704  -28.197  83.793 0.1000000015
124207  -18.494  -28.314  84.225 0.1000000015
53723  -22.207  -24.411  82.333 0.1000000015
54621  -22.999  -24.155  82.612 0.1000000015
54634  -23.714  -23.963  81.959 0.1000000015
51736  -20.664  -27.015  82.730 0.1000000015
130722  -20.748  -26.738  81.912 0.1000000015
52785  -21.152  -25.340  81.779 0.1000000015
53739  -22.169  -24.623  80.654 0.1000000015
53729  -22.186  -24.505  81.513 0.1000000015
142248  -23.467  -23.974  81.298 0.1000000015
50760  -20.051  -28.248  81.858 0.1000000015
50750  -20.107  -28.014  82.747 0.1000000015
129582  -20.497  -27.567  81.946 0.1000000015
52784  -20.920  -26.075  81.470 0.1000000015
124100  -21.614  -25.109  80.693 0.1000000015
53740  -22.944  -24.239  80.200 0.1000000015
54657  -23.733  -23.964  79.776 0.1000000015
51630  -16.557  -26.862  89.732 0.2000000030
50669  -15.111  -27.188  89.440 0.1000000015
51629  -15.933  -26.853  89.707 0.1000000015
51631  -17.281  -26.883  89.770 0.2000000030
124951  -14.029  -26.734  88.189 0.1000000015
139470  -15.522  -26.618  88.965 0.1000000015
52702  -16.368  -26.639  89.493 0.1000000015
52703  -16.919  -26.686  89.561 0.1000000015
51648  -17.643  -26.747  89.439 0.1000000015
51672  -14.595  -26.753  87.464 0.1000000015
51660  -14.918  -26.707  88.427 0.1000000015
51661  -15.852  -26.619  88.438 0.1000000015
51662  -16.681  -26.585  88.661 0.1000000015
51663  -17.496  -26.581  89.015 0.1000000015
129845  -18.225  -26.736  89.063 0.1000000015
127145  -13.367  -27.065  86.653 0.1000000015
51686  -14.257  -26.888  86.576 0.1000000015
51673  -15.518  -26.708  87.595 0.1000000015
51674  -16.416  -26.746  87.800 0.1000000015
51675  -17.322  -26.849  88.113 0.1000000015
51676  -18.404  -26.852  88.444 0.1000000015
53675  -21.616  -24.390  87.225 0.2000000030
50709  -13.402  -27.611  85.618 0.1000000015
51698  -14.892  -26.989  85.652 0.1000000015
135740  -20.573  -25.139  86.732 0.1000000015
53686  -21.529  -24.330  86.316 0.1000000015
50720  -13.703  -27.860  84.699 0.1000000015
50721  -14.386  -27.608  84.438 0.1000000015
53704  -20.872  -24.960  85.257 0.1000000015
53695  -21.471  -24.435  85.319 0.1000000015
48764  -12.769  -29.141  84.274 0.1000000015
49687  -13.280  -28.504  84.222 0.1000000015
50732  -14.698  -27.749  83.876 0.1000000015
50727  -20.185  -27.463  84.247 0.1000000015
130776  -20.691  -25.945  84.604 0.1000000015
52755  -21.191  -24.734  84.545 0.1000000015
53705  -22.207  -24.226  84.076 0.1000000015
50733  -15.257  -27.857  83.348 0.1000000015
50723  -16.921  -27.839  84.095 0.1000000015
123034  -20.633  -26.458  84.116 0.1000000015
145148  -20.969  -24.902  84.021 0.1000000015
53713  -21.495  -24.597  83.790 0.1000000015
53714  -22.217  -24.301  83.213 0.1000000015
49694  -13.789  -28.691  83.392 0.1000000015
49688  -13.974  -27.991  83.913 0.1000000015
50734  -16.190  -27.751  83.510 0.1000000015
50737  -19.728  -28.052  83.650 0.1000000015
50738  -20.298  -27.547  83.395 0.1000000015
133947  -20.809  -25.506  83.968 0.1000000015
49695  -14.503  -28.216  83.310 0.1000000015
50747  -16.686  -27.997  82.713 0.1000000015
50748  -17.631  -28.292  82.946 0.1000000015
50736  -19.113  -28.400  83.815 0.1000000015
52774  -20.858  -25.990  82.262 0.1000000015
49696  -14.956  -28.207  82.665 0.1000000015
50746  -15.789  -27.939  82.667 0.1000000015
49702  -16.257  -28.215  81.989 0.1000000015
49640  -13.249  -27.364  89.077 0.3000000119
50683  -14.363  -27.487  89.030 0.2000000030
145118  -13.603  -27.016  89.258 0.2000000030
51644  -14.193  -26.968  89.253 0.1000000015
51645  -14.955  -26.815  89.221 0.1000000015
50691  -13.047  -26.908  87.739 0.1000000015
51671  -13.432  -26.798  88.140 0.1000000015
49673  -11.746  -28.310  87.245 0.1000000015
50708  -12.862  -27.613  86.385 0.1000000015
49680  -12.637  -28.223  85.744 0.1000000015
49686  -12.693  -28.716  84.887 0.1000000015
49681  -13.093  -28.147  84.986 0.1000000015
130917  -12.169  -30.121  84.692 0.1000000015
47823  -12.516  -29.909  84.002 0.1000000015
48775  -13.568  -29.386  82.705 0.1000000015
49700  -14.228  -28.671  82.702 0.1000000015
48776  -13.958  -28.941  82.012 0.1000000015
141380  -14.587  -28.581  81.957 0.1000000015
49656  -12.884  -28.093  88.979 0.1000000015
49639  -12.324  -28.034  89.329 0.1000000015
50682  -12.526  -27.158  88.971 0.2000000030
50667  -13.016  -27.104  89.129 0.2000000030
50698  -12.063  -27.594  87.837 0.1000000015
126122  -12.496  -27.129  88.298 0.2000000030
51658  -13.022  -26.894  88.685 0.2000000030
49674  -12.287  -27.897  86.758 0.1000000015
48733  -11.281  -28.857  87.822 0.1000000015
56635  -37.369  -21.331  80.320 0.1000000015
140296  -36.892  -21.396  79.483 0.1000000015
50666  -12.321  -27.574  89.202 0.2000000030
47768  -11.515  -29.726  89.857 0.2000000030
48706  -11.879  -28.882  89.608 0.2000000030
49637  -11.068  -28.512  89.696 0.1000000015
49665  -11.558  -27.974  88.444 0.1000000015
49654  -10.922  -28.364  88.926 0.1000000015
125240  -34.246  -25.435  63.866 0.2000000030
52967  -35.876  -25.455  64.285 0.3000000119
52983  -34.956  -25.682  63.262 0.2000000030
52984  -36.185  -25.767  63.486 0.3000000119
52968  -36.706  -25.720  64.374 0.3000000119
53005  -36.540  -26.135  62.616 0.2000000030
54856  -41.553  -23.724  59.638 0.2000000030
53961  -41.071  -25.043  58.843 0.2000000030
53951  -41.281  -24.471  59.207 0.2000000030
52985  -37.490  -26.288  63.681 0.3000000119
51980  -38.417  -26.734  62.830 0.2000000030
53006  -37.171  -26.309  63.044 0.3000000119
55866  -42.078  -21.893  61.524 0.2000000030
55847  -42.329  -20.936  62.115 0.2000000030
130258  -37.483  -26.509  62.450 0.2000000030
51996  -38.438  -26.811  61.881 0.2000000030
55865  -41.234  -22.182  60.961 0.2000000030
53026  -36.048  -26.116  62.099 0.2000000030
51995  -37.006  -26.437  61.821 0.2000000030
52020  -39.020  -26.647  61.459 0.2000000030
52039  -38.580  -26.766  60.070 0.2000000030
52040  -39.234  -26.323  59.984 0.2000000030
53040  -39.683  -25.633  59.799 0.2000000030
53052  -40.155  -25.529  59.299 0.2000000030
55869  -46.397  -21.892  60.369 0.2000000030
121851  -44.807  -21.482  60.309 0.2000000030
56926  -43.251  -20.651  61.094 0.2000000030
56908  -42.510  -20.739  62.084 0.2000000030
56906  -41.216  -21.030  61.543 0.2000000030
55845  -40.761  -21.571  61.261 0.2000000030
55846  -41.636  -21.246  61.661 0.2000000030
135029  -38.985  -26.425  60.704 0.2000000030
55870  -47.313  -22.161  60.105 0.2000000030
56945  -44.035  -21.409  59.785 0.2000000030
55868  -45.750  -21.866  59.797 0.2000000030
56964  -46.788  -21.715  58.397 0.2000000030
56944  -43.147  -21.156  59.872 0.2000000030
56925  -42.277  -20.595  61.117 0.2000000030
57907  -41.511  -20.795  61.380 0.2000000030
56905  -40.220  -21.250  61.308 0.2000000030
56963  -45.388  -21.482  58.283 0.2000000030
57919  -39.638  -20.337  60.748 0.2000000030
57966  -45.273  -20.487  57.178 0.2000000030
69894  -50.576  -8.926  56.000 0.3000000119
69895  -51.453  -8.908  55.980 0.5000000000
69887  -51.841  -8.547  56.461 0.5000000000
71841  -58.168  -7.339  56.083 0.1000000015
71842  -59.170  -7.332  55.808 0.1000000015
71843  -59.552  -7.113  54.930 0.1000000015
71848  -58.790  -7.282  55.009 0.1000000015
76782  -54.130  -0.876  61.015 0.3000000119
70890  -51.766  -7.558  57.132 0.5000000000
70891  -52.660  -7.788  57.445 0.5000000000
72810  -59.477  -7.000  55.730 0.2000000030
71849  -59.494  -7.252  54.543 0.1000000015
72820  -59.655  -6.869  54.861 0.1000000015
71847  -57.141  -6.552  55.326 0.1000000015
71858  -59.133  -7.325  53.995 0.1000000015
71850  -59.841  -7.135  54.152 0.1000000015
72819  -57.788  -6.546  54.275 0.1000000015
72827  -56.890  -5.798  53.428 0.1000000015
72828  -58.333  -6.600  53.231 0.1000000015
65821  -45.459  -12.627  74.361 0.1000000015
66788  -46.124  -11.197  74.420 0.2000000030
65822  -46.143  -11.999  73.822 0.2000000030
140450  -51.510  -1.103  64.557 0.3000000119
75785  -52.011  -1.916  63.412 0.3000000119
76764  -51.897  -0.880  63.785 0.3000000119
75792  -52.278  -1.768  62.465 0.3000000119
77753  -52.253  0.331  62.487 0.2000000030
77765  -53.846  0.140  61.014 0.2000000030
76774  -53.501  -0.341  61.570 0.3000000119
76783  -54.566  -1.404  60.486 0.2000000030
74854  -54.916  -3.236  58.880 0.1000000015
133366  -55.557  -4.332  58.282 0.2000000030
73822  -56.006  -4.478  58.067 0.2000000030
71817  -52.227  -6.952  57.438 0.4000000060
72766  -53.738  -5.672  57.765 0.3000000119
73806  -54.573  -4.934  58.229 0.3000000119
74871  -56.113  -4.110  57.107 0.1000000015
73831  -56.989  -4.423  56.369 0.1000000015
73832  -58.022  -5.421  56.883 0.3000000119
140152  -57.332  -4.210  55.222 0.2000000030
72798  -58.606  -6.292  57.274 0.2000000030
73839  -58.153  -5.272  55.913 0.2000000030
129203  -58.517  -5.180  55.136 0.2000000030
73840  -59.271  -6.263  55.541 0.2000000030
73850  -59.339  -5.838  54.676 0.2000000030
73862  -59.334  -5.466  53.867 0.2000000030
72829  -59.871  -6.663  54.057 0.1000000015
71859  -59.688  -7.226  53.696 0.1000000015
145901  -59.707  -6.141  53.572 0.2000000030
65830  -46.928  -11.798  73.245 0.2000000030
76748  -51.263  -1.069  64.868 0.3000000119
77731  -51.463  -0.706  64.156 0.3000000119
75776  -51.747  -1.644  64.522 0.3000000119
77742  -51.807  -0.208  63.340 0.2000000030
77754  -52.902  0.127  62.079 0.1000000015
77764  -53.270  0.400  61.514 0.2000000030
78758  -53.000  0.915  59.835 0.1000000015
78746  -53.754  0.547  60.110 0.1000000015
76791  -54.892  -1.379  59.991 0.1000000015
77791  -54.176  0.404  59.102 0.1000000015
76801  -55.189  -1.867  59.388 0.1000000015
74855  -55.270  -3.542  58.379 0.1000000015
133426  -54.644  -0.029  58.455 0.1000000015
76815  -55.078  -0.890  58.484 0.1000000015
141525  -55.324  -1.891  57.634 0.1000000015
75843  -55.439  -2.483  57.065 0.1000000015
74878  -56.176  -3.627  56.448 0.1000000015
74884  -56.397  -3.416  55.763 0.1000000015
133150  -59.413  -5.434  53.021 0.2000000030
71867  -59.639  -7.120  52.838 0.1000000015
72836  -57.436  -5.947  52.261 0.1000000015
144832  -56.165  -5.604  52.746 0.1000000015
66799  -46.693  -11.203  73.689 0.2000000030
66800  -47.313  -11.288  73.077 0.2000000030
65837  -47.546  -12.019  72.599 0.2000000030
66811  -47.899  -11.317  72.539 0.3000000119
75758  -50.540  -2.238  65.607 0.3000000119
75767  -50.969  -1.612  65.438 0.3000000119
76755  -50.558  -0.754  64.268 0.2000000030
77730  -51.264  -0.323  63.714 0.2000000030
74830  -48.088  -3.388  60.484 0.2000000030
75797  -48.607  -2.755  60.935 0.2000000030
77752  -51.624  0.136  62.720 0.2000000030
75807  -48.620  -2.953  60.000 0.1000000015
75798  -49.161  -2.319  60.308 0.1000000015
76779  -49.743  -1.537  60.550 0.1000000015
126360  -51.857  0.489  61.793 0.2000000030
126986  -48.498  -2.834  59.122 0.1000000015
76788  -49.572  -1.854  59.376 0.1000000015
138971  -50.132  -1.268  59.840 0.1000000015
76780  -50.431  -0.743  60.681 0.1000000015
77762  -51.262  0.042  60.770 0.1000000015
76789  -50.208  -1.225  58.904 0.1000000015
129030  -50.730  -0.653  59.712 0.1000000015
78757  -52.362  0.553  60.020 0.1000000015
77789  -50.900  -0.572  57.565 0.1000000015
133314  -51.546  -0.107  58.329 0.1000000015
78774  -52.318  0.514  59.059 0.1000000015
142517  -51.521  -0.217  57.484 0.1000000015
78775  -52.979  0.819  58.677 0.1000000015
77802  -51.172  -0.598  56.927 0.1000000015
77804  -52.912  0.537  57.591 0.1000000015
75844  -55.899  -2.782  56.305 0.1000000015
77803  -51.991  -0.031  57.146 0.1000000015
78788  -53.862  0.758  57.437 0.1000000015
76816  -55.291  -0.944  57.664 0.1000000015
76826  -55.461  -1.274  56.903 0.1000000015
73849  -58.259  -4.510  54.326 0.2000000030
74915  -58.520  -4.335  53.352 0.2000000030
73870  -59.335  -5.161  52.081 0.1000000015
71872  -59.414  -7.128  51.888 0.1000000015
73871  -59.687  -6.136  52.485 0.1000000015
139474  -54.892  -5.472  51.586 0.1000000015
72843  -56.105  -5.675  51.890 0.1000000015
71871  -59.008  -7.132  52.145 0.1000000015
71873  -59.538  -6.980  51.662 0.1000000015
122854  -59.062  -7.180  50.921 0.1000000015
67746  -46.507  -10.340  74.206 0.2000000030
68702  -46.948  -9.767  73.767 0.2000000030
67758  -47.554  -10.614  72.873 0.3000000119
136153  -47.752  -9.954  72.732 0.3000000119
73748  -50.143  -4.209  65.116 0.3000000119
72709  -49.474  -5.201  64.650 0.3000000119
73734  -49.467  -3.326  65.424 0.3000000119
74788  -50.078  -2.712  65.597 0.3000000119
75757  -49.621  -2.449  65.493 0.3000000119
75766  -50.138  -1.796  65.436 0.3000000119
76746  -49.657  -1.472  64.684 0.3000000119
74813  -47.104  -3.349  63.115 0.2000000030
138658  -47.785  -2.967  62.521 0.2000000030
76747  -50.737  -1.109  65.034 0.3000000119
74821  -47.957  -3.229  61.446 0.2000000030
75790  -48.549  -2.556  62.000 0.2000000030
75784  -49.108  -1.822  62.684 0.2000000030
145294  -50.420  -0.651  63.364 0.2000000030
74829  -47.490  -3.814  60.914 0.2000000030
76762  -49.830  -1.134  62.506 0.2000000030
75791  -49.278  -1.910  61.483 0.2000000030
76770  -50.101  -0.965  61.574 0.2000000030
76771  -50.961  -0.123  61.724 0.2000000030
75820  -49.103  -2.285  58.447 0.1000000015
76800  -50.270  -1.084  57.823 0.1000000015
78792  -53.147  0.377  56.926 0.1000000015
77813  -55.016  0.557  56.702 0.1000000015
77814  -55.427  -0.069  56.829 0.1000000015
75856  -56.153  -2.233  55.602 0.1000000015
74897  -56.500  -2.978  54.905 0.1000000015
74930  -58.619  -4.187  52.478 0.2000000030
73877  -59.647  -6.185  51.789 0.1000000015
132033  -56.222  -5.710  50.882 0.1000000015
72844  -58.254  -6.668  51.122 0.1000000015
131762  -59.257  -7.048  51.116 0.1000000015
145420  -57.135  -5.970  51.252 0.1000000015
68690  -46.416  -9.148  74.223 0.1000000015
68703  -47.052  -8.948  73.519 0.1000000015
134678  -47.356  -9.829  73.208 0.3000000119
69774  -50.501  -8.529  66.488 0.3000000119
73747  -48.792  -4.173  64.980 0.3000000119
141135  -46.146  -5.530  64.462 0.2000000030
73733  -48.414  -3.594  65.081 0.3000000119
74796  -46.622  -4.359  64.211 0.2000000030
74798  -47.613  -3.710  64.716 0.2000000030
75764  -47.934  -3.192  64.951 0.2000000030
75756  -48.694  -2.836  65.284 0.3000000119
73760  -46.408  -4.222  63.633 0.2000000030
74805  -46.829  -3.830  64.230 0.2000000030
128124  -48.317  -2.658  65.051 0.3000000119
75765  -49.080  -2.173  65.283 0.3000000119
141037  -47.138  -3.695  61.965 0.2000000030
75782  -47.648  -2.741  63.681 0.2000000030
75774  -48.439  -2.204  64.459 0.2000000030
75783  -48.348  -2.254  63.170 0.2000000030
76754  -49.706  -1.180  63.531 0.2000000030
75836  -49.284  -1.815  57.537 0.1000000015
76813  -49.665  -1.455  57.307 0.1000000015
76824  -51.311  -0.823  56.542 0.1000000015
77812  -52.741  -0.046  56.510 0.1000000015
131538  -53.915  0.435  56.518 0.1000000015
121949  -55.392  0.247  56.087 0.1000000015
135726  -56.098  -1.218  55.627 0.1000000015
74898  -57.173  -3.558  54.397 0.1000000015
74914  -57.521  -3.440  53.655 0.1000000015
72845  -59.411  -6.406  51.005 0.1000000015
72856  -57.678  -6.663  50.203 0.1000000015
69773  -49.772  -8.075  65.988 0.2000000030
69791  -49.908  -7.714  65.127 0.2000000030
70797  -49.571  -7.309  64.811 0.2000000030
72708  -48.214  -5.233  64.551 0.2000000030
73746  -47.717  -4.217  64.882 0.3000000119
72706  -46.680  -5.363  64.607 0.2000000030
73732  -47.852  -4.164  65.116 0.3000000119
74786  -48.182  -3.542  64.949 0.3000000119
144742  -47.224  -4.903  64.804 0.2000000030
75835  -48.685  -2.231  57.431 0.1000000015
75819  -48.521  -2.762  58.285 0.1000000015
76823  -50.527  -1.206  56.710 0.1000000015
76825  -52.135  -0.526  56.323 0.1000000015
77820  -54.806  0.417  55.932 0.1000000015
76834  -56.090  -0.455  55.275 0.1000000015
75869  -56.430  -1.523  54.877 0.1000000015
75870  -56.827  -2.525  54.128 0.1000000015
71885  -59.298  -6.987  50.873 0.1000000015
72855  -56.334  -5.949  49.986 0.1000000015
71884  -59.041  -7.078  50.516 0.1000000015
72864  -56.230  -6.013  49.271 0.1000000015
72865  -57.300  -6.534  49.377 0.1000000015
128937  -53.323  -5.537  48.958 0.1000000015
72862  -54.140  -5.552  49.289 0.1000000015
72870  -52.601  -5.529  48.612 0.1000000015
69802  -48.239  -7.775  64.711 0.2000000030
126542  -48.548  -2.019  56.632 0.1000000015
76822  -49.617  -1.612  56.771 0.1000000015
77819  -54.013  0.031  55.765 0.1000000015
77821  -55.681  0.029  55.544 0.1000000015
77828  -56.302  -0.436  54.470 0.1000000015
75881  -56.724  -1.344  53.932 0.1000000015
75882  -57.285  -2.237  53.354 0.1000000015
74944  -58.663  -4.044  51.630 0.1000000015
71882  -57.931  -7.009  49.478 0.1000000015
71883  -58.692  -7.108  50.090 0.1000000015
72863  -55.217  -5.694  49.249 0.1000000015
127998  -53.260  -5.524  48.247 0.1000000015
72872  -54.961  -5.760  48.554 0.1000000015
72873  -56.033  -6.074  48.613 0.1000000015
72878  -52.743  -5.656  47.629 0.1000000015
72881  -55.784  -6.199  47.955 0.1000000015
76812  -49.067  -1.738  56.978 0.1000000015
141191  -48.921  -1.907  56.523 0.1000000015
76828  -49.844  -1.744  56.322 0.1000000015
76832  -53.636  -0.843  55.271 0.1000000015
77825  -54.558  0.100  55.207 0.1000000015
77826  -55.116  0.215  54.587 0.1000000015
77827  -55.747  0.145  54.787 0.1000000015
74929  -57.941  -3.177  52.845 0.1000000015
77832  -55.094  0.119  53.887 0.1000000015
77833  -55.559  0.213  53.962 0.1000000015
76844  -56.463  -0.350  53.611 0.1000000015
75892  -57.644  -2.044  52.547 0.1000000015
73876  -59.220  -5.171  51.263 0.1000000015
121536  -55.991  0.145  54.049 0.1000000015
143618  -57.071  -1.177  53.123 0.1000000015
71890  -58.360  -6.802  49.530 0.1000000015
72867  -59.029  -6.417  49.970 0.1000000015
121834  -57.995  -6.608  48.992 0.1000000015
71899  -57.010  -6.482  48.014 0.1000000015
71900  -57.193  -6.525  48.682 0.1000000015
71901  -58.047  -6.436  48.729 0.1000000015
75868  -53.940  -1.666  54.352 0.1000000015
140585  -54.545  -0.411  54.361 0.1000000015
72857  -59.124  -6.827  50.361 0.1000000015
76845  -56.705  -0.300  52.787 0.1000000015
73882  -58.843  -5.473  50.371 0.1000000015
73886  -58.598  -5.885  49.649 0.1000000015
145706  -58.007  -6.363  47.658 0.1000000015
133798  -57.936  -6.475  48.152 0.1000000015
144167  -58.163  -6.154  47.351 0.1000000015
140489  -58.018  -6.350  47.672 0.1000000015
77842  -55.456  0.103  53.128 0.1000000015
75907  -57.893  -1.873  51.716 0.1000000015
75908  -58.428  -2.804  51.266 0.1000000015
74950  -58.675  -3.986  50.887 0.1000000015
121850  -58.029  -1.736  50.906 0.1000000015
146925  -58.287  -4.032  50.345 0.1000000015
74952  -58.133  -4.736  49.833 0.1000000015
74955  -57.483  -4.191  49.275 0.1000000015
72874  -58.157  -6.218  48.489 0.1000000015
73889  -57.729  -5.418  48.704 0.1000000015
74951  -57.872  -3.413  49.861 0.1000000015
74949  -58.247  -2.769  50.438 0.1000000015
126622  -57.791  -1.633  50.123 0.1000000015
137783  -57.582  -1.505  49.519 0.1000000015
75927  -57.715  -2.316  49.680 0.1000000015
75932  -57.381  -1.918  49.015 0.1000000015
52739  -19.828  -26.312  87.269 0.1000000015
51691  -20.218  -25.835  86.616 0.1000000015
51690  -19.942  -26.625  86.500 0.1000000015
52747  -20.552  -25.387  85.940 0.1000000015
52765  -20.996  -25.020  83.384 0.1000000015
52775  -21.053  -25.197  82.572 0.1000000015
75801  -54.125  -1.879  60.748 0.3000000119
123655  -54.832  -3.988  58.488 0.2000000030
132707  -55.154  -3.913  58.402 0.2000000030
73807  -55.439  -4.682  58.417 0.2000000030
74853  -54.326  -3.436  58.882 0.3000000119
72769  -56.570  -5.920  58.461 0.2000000030
71797  -57.778  -7.186  58.454 0.2000000030
75823  -55.156  -2.658  58.869 0.1000000015
131333  -56.077  -5.055  58.404 0.2000000030
73824  -57.792  -5.646  57.561 0.2000000030
73767  -46.548  -3.975  62.877 0.2000000030
136643  -46.748  -3.710  63.627 0.2000000030
74839  -48.078  -3.410  59.625 0.1000000015
73759  -46.009  -4.747  63.669 0.2000000030
124291  -46.545  -4.972  64.461 0.2000000030
144390  -46.836  -6.078  64.475 0.2000000030
70805  -48.709  -7.238  64.628 0.2000000030
73744  -46.289  -4.822  64.164 0.2000000030
123987  -46.383  -4.406  61.981 0.2000000030
54622  -23.995  -24.140  82.840 0.1000000015
54855  -40.809  -23.932  59.663 0.2000000030
127467  -41.031  -23.119  60.169 0.2000000030
146974  -41.828  -20.586  61.083 0.2000000030
122953  -41.776  -20.595  59.953 0.2000000030
56943  -42.472  -20.893  59.938 0.2000000030
56962  -44.506  -21.493  58.674 0.2000000030
140575  -44.951  -19.905  57.007 0.2000000030
64806  -45.769  -12.883  73.516 0.1000000015
123223  -23.616  -23.951  80.607 0.1000000015
56979  -45.651  -21.058  57.510 0.2000000030
64807  -46.696  -12.501  72.998 0.2000000030
133852  -48.298  -6.492  64.367 0.2000000030
72707  -47.388  -5.836  64.441 0.2000000030
50671  -16.458  -27.213  89.787 0.2000000030
56981  -46.949  -21.273  57.648 0.2000000030
56980  -46.304  -21.047  57.400 0.2000000030
67772  -48.160  -10.558  72.480 0.3000000119
68922  -51.053  -9.265  55.475 0.4000000060
52730  -19.811  -26.056  88.062 0.1000000015
53738  -21.613  -24.937  81.296 0.1000000015
50670  -15.874  -27.209  89.707 0.2000000030
51664  -18.968  -26.781  88.821 0.2000000030
53664  -21.603  -24.654  88.030 0.2000000030
51688  -16.186  -26.797  86.848 0.1000000015
50692  -18.002  -27.317  87.389 0.1000000015
144449  -16.334  -27.334  85.415 0.1000000015
138267  -16.866  -27.463  85.763 0.1000000015
50715  -19.285  -27.576  85.955 0.1000000015
50694  -19.436  -27.193  86.825 0.1000000015
53694  -20.901  -24.694  86.046 0.1000000015
53696  -22.198  -24.039  85.760 0.1000000015
50722  -15.417  -27.528  84.144 0.1000000015
121924  -19.134  -27.921  85.322 0.1000000015
51713  -20.416  -26.790  85.079 0.1000000015
51700  -19.919  -27.125  85.921 0.1000000015
141421  -17.021  -27.941  83.387 0.1000000015
50749  -18.482  -28.450  83.404 0.1000000015
54633  -22.882  -24.166  81.772 0.1000000015
51724  -20.604  -26.948  83.554 0.1000000015
52764  -20.797  -25.988  83.217 0.1000000015
124668  -21.253  -25.498  81.059 0.1000000015
53730  -22.836  -24.193  80.994 0.1000000015
52794  -20.984  -26.179  80.715 0.1000000015
53748  -22.430  -24.646  79.802 0.1000000015
52701  -15.722  -26.674  89.396 0.1000000015
50652  -14.923  -26.992  89.445 0.1000000015
50668  -14.242  -27.058  89.288 0.1000000015
51628  -15.400  -26.897  89.574 0.1000000015
51685  -13.732  -26.808  87.422 0.1000000015
51659  -14.136  -26.765  88.915 0.1000000015
51646  -16.179  -26.522  89.069 0.1000000015
51647  -16.902  -26.524  89.275 0.1000000015
50700  -14.002  -27.116  85.892 0.1000000015
50710  -14.192  -27.334  85.135 0.1000000015
52754  -20.843  -25.222  84.579 0.1000000015
125745  -20.640  -25.767  85.229 0.1000000015
144108  -21.672  -24.416  84.508 0.1000000015
138269  -22.183  -24.123  84.877 0.1000000015
48768  -13.119  -29.267  83.594 0.1000000015
49697  -19.293  -28.475  83.096 0.1000000015
49701  -15.390  -28.250  81.963 0.1000000015
51643  -13.532  -26.895  89.115 0.1000000015
139590  -13.576  -26.786  88.673 0.1000000015
50699  -12.644  -27.303  87.262 0.1000000015
49679  -12.078  -28.572  86.308 0.1000000015
48763  -12.376  -29.448  84.777 0.1000000015
48774  -12.929  -30.068  83.110 0.1000000015
48784  -14.366  -29.272  81.294 0.1000000015
49638  -11.652  -28.270  89.502 0.1000000015
50690  -12.011  -27.407  88.855 0.1000000015
49655  -11.558  -27.945  89.284 0.2000000030
53004  -35.584  -25.907  62.653 0.2000000030
56907  -42.067  -20.885  61.859 0.2000000030
54846  -41.779  -22.947  60.319 0.2000000030
52019  -37.926  -26.659  61.195 0.2000000030
143638  -43.982  -20.893  61.019 0.2000000030
146040  -42.720  -20.621  60.908 0.2000000030
57908  -42.261  -20.701  61.755 0.2000000030
138752  -47.756  -22.180  59.339 0.2000000030
55882  -46.773  -22.065  59.347 0.2000000030
56946  -45.060  -21.745  59.238 0.2000000030
56947  -45.990  -21.782  58.796 0.2000000030
141996  -46.176  -21.443  57.943 0.2000000030
69876  -52.241  -8.217  57.019 0.5000000000
76790  -54.475  -0.393  60.254 0.1000000015
72809  -59.016  -6.370  56.448 0.2000000030
72818  -56.236  -5.873  54.412 0.1000000015
146180  -60.002  -7.079  53.772 0.1000000015
71866  -59.387  -7.170  53.197 0.1000000015
76772  -52.450  -1.167  62.833 0.3000000119
76765  -52.316  -0.346  62.801 0.3000000119
78732  -52.643  0.659  61.575 0.2000000030
78745  -53.228  0.732  60.892 0.2000000030
75802  -54.811  -2.163  60.075 0.1000000015
75822  -54.987  -2.615  59.440 0.1000000015
72788  -56.971  -5.579  58.080 0.2000000030
74870  -55.561  -3.475  57.651 0.1000000015
71818  -52.912  -6.366  57.592 0.3000000119
73823  -56.876  -4.984  57.346 0.2000000030
74877  -55.762  -3.315  56.882 0.1000000015
72830  -59.809  -6.754  53.221 0.1000000015
76763  -50.701  -0.393  62.635 0.2000000030
77763  -52.080  0.600  60.854 0.1000000015
78744  -52.702  0.785  60.717 0.1000000015
124185  -53.511  0.883  59.211 0.1000000015
77776  -54.794  -0.697  59.284 0.2000000030
78777  -54.357  0.682  57.987 0.1000000015
78776  -53.679  0.957  58.334 0.1000000015
76802  -55.303  -1.889  58.451 0.1000000015
75837  -55.335  -2.693  58.104 0.1000000015
71868  -59.645  -7.075  52.606 0.1000000015
122957  -55.121  -5.548  52.644 0.1000000015
75808  -48.974  -2.465  59.468 0.1000000015
76799  -49.696  -1.627  58.138 0.1000000015
77774  -50.846  -0.592  58.608 0.1000000015
77775  -51.595  0.026  59.604 0.1000000015
76814  -50.339  -1.051  57.085 0.1000000015
77790  -52.190  0.281  57.992 0.1000000015
77806  -54.974  0.181  57.568 0.1000000015
75855  -55.810  -1.717  56.265 0.1000000015
143098  -52.487  0.110  56.883 0.1000000015
77811  -51.925  -0.320  56.651 0.1000000015
77805  -54.549  0.722  57.236 0.1000000015
72835  -54.070  -5.632  52.552 0.1000000015
74787  -49.044  -2.993  65.426 0.3000000119
74806  -47.166  -3.259  63.904 0.2000000030
73773  -46.893  -4.327  61.117 0.2000000030
76833  -55.748  -0.498  56.083 0.1000000015
144227  -58.611  -7.077  50.440 0.1000000015
73745  -46.895  -4.443  64.570 0.2000000030
74785  -47.532  -4.189  64.764 0.2000000030
76830  -51.506  -1.068  56.223 0.1000000015
77818  -53.164  -0.329  56.057 0.1000000015
146388  -49.188  -7.776  65.716 0.1000000015
74867  -48.063  -2.957  57.796 0.1000000015
122781  -55.272  0.328  55.370 0.1000000015
125057  -54.618  -5.554  49.987 0.1000000015
76831  -52.509  -0.903  55.954 0.1000000015
72879  -53.772  -5.665  47.671 0.1000000015
72871  -54.007  -5.585  48.423 0.1000000015
72880  -54.735  -5.863  47.839 0.1000000015
75893  -58.284  -2.934  52.046 0.1000000015
72866  -58.412  -6.546  49.352 0.1000000015
73885  -58.126  -5.586  49.223 0.1000000015
73893  -58.004  -5.859  47.800 0.1000000015
124967  -57.488  -2.875  49.315 0.1000000015
73888  -57.156  -4.536  48.521 0.1000000015
67954  -51.689  -10.836  53.866 0.2000000030
68931  -51.560  -9.718  54.887 0.2000000030
70865  -54.369  -7.788  58.235 0.3000000119
70892  -53.654  -8.046  57.839 0.3000000119
71793  -53.832  -6.933  58.032 0.3000000119
71794  -54.843  -7.055  58.460 0.2000000030
70774  -48.781  -7.533  67.625 0.2000000030
70786  -49.609  -7.858  67.126 0.2000000030
69801  -47.586  -8.157  64.557 0.1000000015
70802  -45.832  -7.076  64.207 0.1000000015
69790  -48.921  -7.673  64.972 0.1000000015
127648  -50.295  -8.366  67.330 0.2000000030
67943  -51.140  -10.255  54.315 0.2000000030
146697  -53.024  -7.251  57.699 0.3000000119
72705  -45.865  -5.313  64.174 0.1000000015
71742  -46.355  -6.312  64.415 0.1000000015
73766  -45.885  -4.702  62.834 0.1000000015
69789  -48.123  -8.227  64.975 0.1000000015
143521  -55.312  -5.422  58.484 0.2000000030
129046  -45.793  -4.945  61.904 0.1000000015
68923  -51.995  -9.360  55.491 0.3000000119
72767  -54.660  -6.016  58.280 0.2000000030
128510  -52.048  -10.301  54.441 0.2000000030
68915  -52.414  -8.994  56.041 0.4000000060
70893  -54.622  -8.384  58.068 0.3000000119
69877  -53.172  -8.408  57.285 0.4000000060
70803  -46.925  -7.561  64.152 0.1000000015
121803  -14.497  -35.811  89.976 0.1000000015
42966  -14.538  -35.866  90.766 0.1000000015
42114  -15.044  -36.368  90.419 0.1000000015
46746  -11.181  -30.946  90.863 0.1000000015
46744  -10.896  -31.323  91.388 0.1000000015
46745  -9.836  -31.290  91.110 0.1000000015
48705  -11.097  -29.137  89.984 0.1000000015
48703  -10.193  -29.796  90.223 0.1000000015
48704  -10.679  -29.263  90.007 0.1000000015
48700  -10.503  -29.964  90.449 0.1000000015
46747  -9.797  -31.107  90.491 0.1000000015
46748  -11.453  -30.663  90.097 0.1000000015
143229  -39.424  -22.599  81.286 0.1000000015
56625  -39.817  -22.338  80.905 0.1000000015
56640  -41.377  -21.464  80.717 0.1000000015
134944  -41.526  -22.954  79.865 0.1000000015
56652  -41.916  -20.766  81.045 0.1000000015
56653  -42.119  -21.052  80.815 0.1000000015
56667  -42.211  -20.609  80.067 0.1000000015
146371  -42.089  -19.939  80.455 0.1000000015
45733  -12.232  -32.103  89.763 0.1000000015
47765  -10.588  -30.633  90.910 0.1000000015
47761  -9.991  -30.956  91.267 0.1000000015
46743  -10.290  -31.369  91.512 0.1000000015
47764  -10.171  -30.531  90.934 0.1000000015
47763  -9.928  -30.669  90.880 0.1000000015
47767  -10.962  -30.102  90.482 0.1000000015
45729  -11.593  -31.718  91.269 0.1000000015
55597  -41.802  -21.489  80.726 0.1000000015
67944  -52.542  -9.873  54.982 0.2000000030
68924  -53.052  -9.547  55.579 0.2000000030
68925  -54.167  -9.593  55.570 0.2000000030
68916  -53.454  -9.231  56.187 0.2000000030
69888  -52.784  -8.695  56.642 0.3000000119
141390  -54.363  -9.290  56.266 0.2000000030
69889  -53.721  -8.866  56.815 0.2000000030
69748  -48.316  -7.693  67.165 0.1000000015
69878  -54.104  -8.605  57.552 0.3000000119
133759  -54.550  -8.838  56.851 0.2000000030
70718  -47.112  -7.657  70.132 0.1000000015
137473  -46.793  -7.774  71.791 0.1000000015
69684  -46.361  -7.989  72.371 0.1000000015
70707  -46.990  -7.724  71.007 0.1000000015
69747  -47.589  -7.896  67.658 0.1000000015
70773  -48.110  -7.525  68.092 0.1000000015
70775  -49.290  -7.597  68.058 0.1000000015
69771  -47.786  -8.191  66.629 0.1000000015
69772  -48.970  -7.634  66.629 0.1000000015
69731  -46.753  -8.222  68.901 0.1000000015
70696  -46.829  -7.838  72.443 0.1000000015
69685  -47.272  -8.374  72.977 0.1000000015
70719  -47.711  -7.625  70.559 0.1000000015
69746  -46.822  -8.274  68.042 0.1000000015
68758  -46.100  -8.827  68.421 0.1000000015
69879  -54.995  -8.621  57.696 0.2000000030
69880  -55.805  -8.621  58.006 0.2000000030
71830  -58.469  -7.396  56.683 0.1000000015
69891  -55.486  -8.530  57.599 0.2000000030
69892  -56.291  -8.406  57.756 0.2000000030
69861  -55.416  -8.443  58.237 0.2000000030
70895  -57.883  -8.067  58.002 0.2000000030
71831  -58.769  -7.147  57.429 0.2000000030
70894  -57.071  -8.150  58.132 0.2000000030
71820  -58.660  -7.222  57.873 0.2000000030
72790  -58.720  -6.872  57.658 0.2000000030
70866  -55.120  -7.970  58.499 0.1000000015
69844  -56.217  -8.026  58.587 0.2000000030
70868  -57.585  -7.813  58.239 0.2000000030
72770  -57.547  -6.437  58.326 0.1000000015
71795  -56.170  -6.454  58.678 0.1000000015
71819  -58.391  -6.926  58.195 0.2000000030
70850  -56.100  -7.699  58.705 0.1000000015
70851  -56.449  -7.677  58.589 0.2000000030
71796  -56.908  -6.739  58.536 0.1000000015
129304  -55.492  -6.268  58.611 0.1000000015
70849  -55.709  -7.279  58.705 0.1000000015
72768  -55.916  -5.556  58.576 0.1000000015
72799  -59.025  -7.022  56.785 0.1000000015
70867  -56.799  -7.916  58.388 0.2000000030
69881  -56.448  -8.426  58.078 0.2000000030
70907  -57.241  -7.952  57.646 0.2000000030
42256  -29.578  -36.254  75.643 0.1000000015
145174  -29.522  -36.310  75.008 0.1000000015
42261  -29.510  -36.353  74.448 0.1000000015
142732  -30.476  -36.042  74.822 0.1000000015
42260  -28.636  -36.708  74.124 0.1000000015
42266  -29.488  -36.410  73.615 0.1000000015
42262  -30.559  -36.145  73.924 0.1000000015
42263  -31.372  -35.694  74.127 0.1000000015
42267  -30.617  -36.295  73.103 0.1000000015
43112  -31.649  -35.549  73.613 0.1000000015
42277  -29.473  -36.455  72.751 0.1000000015
42278  -30.570  -36.306  72.237 0.1000000015
43931  -31.759  -35.251  73.279 0.1000000015
42287  -29.493  -36.480  71.809 0.1000000015
42297  -29.834  -36.341  70.927 0.1000000015
42268  -31.528  -35.937  73.380 0.1000000015
42279  -31.559  -36.037  72.588 0.1000000015
42288  -30.521  -36.318  71.496 0.1000000015
43938  -31.919  -35.143  72.489 0.1000000015
43116  -31.882  -35.663  72.914 0.1000000015
43124  -31.985  -35.583  72.087 0.1000000015
42298  -31.076  -36.234  70.890 0.1000000015
123602  -30.553  -36.185  70.196 0.1000000015
56892  -53.180  -21.112  62.771 0.1000000015
43133  -32.158  -35.565  71.275 0.1000000015
125528  -29.610  -36.363  70.164 0.1000000015
42307  -30.097  -36.199  69.441 0.1000000015
56878  -52.406  -21.463  63.423 0.1000000015
43141  -31.957  -35.412  70.647 0.1000000015
42317  -29.505  -36.251  68.680 0.1000000015
43965  -31.873  -35.006  70.281 0.1000000015
147395  -28.585  -36.409  68.361 0.1000000015
56862  -50.354  -21.449  64.936 0.1000000015
56863  -51.212  -21.424  64.634 0.1000000015
56879  -53.118  -20.911  63.836 0.1000000015
57887  -53.645  -20.408  63.169 0.1000000015
42316  -29.314  -36.162  67.885 0.1000000015
56847  -50.113  -21.385  65.792 0.1000000015
56865  -52.500  -21.108  64.370 0.1000000015
56864  -51.984  -21.108  65.252 0.1000000015
56915  -52.531  -21.484  61.248 0.1000000015
56891  -52.553  -21.629  62.267 0.1000000015
56890  -51.731  -21.932  62.767 0.1000000015
42299  -31.826  -35.994  70.929 0.1000000015
55819  -50.863  -22.010  63.156 0.1000000015
42309  -31.412  -35.840  70.356 0.1000000015
56877  -51.455  -21.652  63.724 0.1000000015
57894  -53.652  -20.484  62.243 0.1000000015
57909  -53.604  -20.392  61.377 0.1000000015
57895  -54.080  -19.917  62.654 0.1000000015
43140  -31.592  -35.274  69.896 0.1000000015
42308  -31.056  -35.730  69.536 0.1000000015
134744  -48.791  -21.235  64.773 0.1000000015
122270  -49.730  -21.497  64.409 0.1000000015
57888  -54.188  -19.690  63.493 0.1000000015
58940  -54.624  -19.038  62.703 0.1000000015
43964  -31.590  -34.856  69.588 0.1000000015
42324  -29.074  -36.197  67.125 0.1000000015
56861  -49.473  -21.415  65.283 0.1000000015
42341  -28.666  -36.167  65.447 0.1000000015
47065  -40.895  -31.367  59.293 0.1000000015
132802  -40.167  -31.857  59.304 0.1000000015
56932  -53.087  -20.908  60.916 0.1000000015
56914  -51.729  -21.988  61.674 0.1000000015
56916  -53.195  -21.112  61.776 0.1000000015
42318  -30.669  -35.775  68.696 0.1000000015
140641  -49.475  -21.814  63.053 0.1000000015
57910  -54.148  -19.762  61.854 0.1000000015
43150  -31.409  -35.203  68.891 0.1000000015
56860  -47.891  -21.038  64.986 0.1000000015
56875  -48.120  -21.055  64.234 0.1000000015
56931  -52.458  -21.157  60.344 0.1000000015
57922  -52.847  -20.548  60.309 0.1000000015
57923  -53.393  -20.167  60.644 0.1000000015
58951  -53.966  -19.596  61.020 0.1000000015
145071  -31.407  -34.774  68.907 0.1000000015
56859  -47.177  -21.020  64.798 0.1000000015
58977  -51.753  -19.681  59.073 0.1000000015
57935  -52.297  -20.471  59.666 0.1000000015
43974  -31.179  -34.861  68.224 0.1000000015
42333  -28.861  -36.200  66.302 0.1000000015
141210  -54.229  -19.473  64.517 0.1000000015
44962  -30.804  -34.385  67.729 0.1000000015
43171  -29.513  -35.713  65.888 0.1000000015
53898  -46.916  -23.505  63.268 0.1000000015
43180  -29.278  -35.579  65.062 0.1000000015
53914  -47.398  -24.410  62.730 0.1000000015
43189  -29.207  -34.795  63.949 0.1000000015
49940  -46.313  -28.335  60.479 0.1000000015
52022  -47.019  -26.232  61.228 0.1000000015
49939  -45.567  -28.702  60.279 0.1000000015
50984  -46.400  -27.381  60.582 0.1000000015
48031  -43.852  -30.090  59.925 0.1000000015
48953  -44.853  -29.042  60.052 0.1000000015
48030  -43.012  -30.294  59.619 0.1000000015
48028  -41.380  -30.609  59.036 0.1000000015
48029  -42.177  -30.446  59.335 0.1000000015
47062  -37.371  -31.569  59.466 0.1000000015
47060  -35.731  -31.098  60.057 0.1000000015
127140  -36.435  -31.408  60.237 0.1000000015
47063  -38.425  -31.896  59.219 0.1000000015
47043  -35.837  -30.972  61.186 0.1000000015
46082  -37.905  -32.204  60.120 0.1000000015
47042  -35.300  -30.949  61.118 0.1000000015
55873  -51.229  -22.026  60.950 0.1000000015
55833  -50.230  -22.178  62.495 0.1000000015
55832  -49.359  -22.079  62.298 0.1000000015
56889  -48.669  -21.513  63.118 0.1000000015
58952  -54.547  -18.726  61.532 0.1000000015
42326  -30.225  -35.890  68.080 0.1000000015
56874  -47.232  -20.805  64.239 0.1000000015
57934  -51.425  -20.719  59.223 0.1000000015
60062  -55.273  -18.014  63.520 0.1000000015
43158  -30.865  -35.328  67.911 0.1000000015
42325  -30.095  -35.811  67.433 0.1000000015
58963  -52.947  -19.800  60.038 0.1000000015
58964  -53.528  -19.313  60.419 0.1000000015
58935  -54.715  -18.826  63.955 0.1000000015
134470  -30.562  -35.319  67.027 0.1000000015
54805  -46.596  -22.083  64.560 0.1000000015
58978  -52.441  -19.247  59.489 0.1000000015
144184  -54.316  -19.307  65.344 0.1000000015
54815  -46.273  -22.564  63.936 0.1000000015
58915  -54.100  -19.545  65.946 0.1000000015
44973  -30.626  -34.273  66.976 0.1000000015
43181  -29.578  -34.892  64.721 0.1000000015
53030  -47.350  -25.771  61.701 0.1000000015
53913  -46.743  -23.952  62.412 0.1000000015
44014  -29.130  -34.198  63.629 0.1000000015
44027  -28.781  -34.255  62.741 0.1000000015
52042  -46.467  -26.434  60.838 0.1000000015
53029  -46.624  -25.535  61.319 0.1000000015
44042  -28.743  -34.343  61.799 0.1000000015
45024  -28.682  -33.639  62.160 0.1000000015
50983  -45.635  -27.737  60.270 0.1000000015
52041  -45.814  -26.804  60.437 0.1000000015
45044  -28.801  -33.697  61.237 0.1000000015
48952  -44.085  -29.311  59.741 0.1000000015
49964  -44.995  -28.226  59.979 0.1000000015
48951  -43.297  -29.553  59.394 0.1000000015
48027  -40.676  -30.684  58.777 0.1000000015
47061  -36.548  -31.015  59.394 0.1000000015
47082  -38.107  -31.156  58.714 0.1000000015
47083  -38.992  -31.247  58.714 0.1000000015
48006  -34.665  -31.043  60.783 0.1000000015
56930  -51.835  -21.694  60.659 0.1000000015
55853  -49.959  -22.311  61.517 0.1000000015
55831  -48.671  -21.885  62.212 0.1000000015
56912  -47.233  -21.393  62.421 0.1000000015
56913  -47.978  -21.453  62.689 0.1000000015
56888  -47.188  -20.973  63.359 0.1000000015
121468  -46.415  -20.725  63.951 0.1000000015
58965  -54.088  -18.692  60.705 0.1000000015
60074  -55.056  -17.516  61.512 0.1000000015
125438  -55.262  -17.989  62.395 0.1000000015
42334  -29.781  -35.795  66.685 0.1000000015
56858  -46.480  -21.238  64.511 0.1000000015
58979  -53.063  -18.785  59.846 0.1000000015
135710  -53.558  -18.449  60.231 0.1000000015
60087  -54.497  -17.938  60.925 0.1000000015
60051  -55.323  -17.944  64.678 0.1000000015
58928  -54.739  -18.682  65.009 0.1000000015
43992  -30.556  -34.560  66.514 0.1000000015
43165  -30.681  -35.019  66.624 0.1000000015
126560  -30.241  -35.291  66.318 0.1000000015
55816  -45.700  -21.488  64.116 0.1000000015
58995  -51.978  -18.442  58.963 0.1000000015
60097  -52.584  -18.046  59.399 0.1000000015
60098  -53.205  -17.711  59.760 0.1000000015
54826  -46.220  -22.973  63.006 0.1000000015
60112  -51.440  -17.603  58.508 0.1000000015
44972  -30.189  -33.831  66.272 0.1000000015
53926  -46.413  -24.512  61.724 0.1000000015
53042  -45.836  -25.744  60.691 0.1000000015
53028  -46.077  -24.940  61.157 0.1000000015
51005  -45.035  -27.534  59.956 0.1000000015
52061  -45.296  -27.063  60.114 0.1000000015
45064  -28.998  -32.996  60.676 0.1000000015
49962  -43.535  -28.791  59.219 0.1000000015
51004  -44.418  -27.688  59.610 0.1000000015
46057  -29.247  -32.211  60.196 0.1000000015
48046  -41.723  -29.941  58.783 0.1000000015
48971  -42.802  -29.061  58.793 0.1000000015
48045  -39.381  -30.427  58.525 0.1000000015
48025  -35.007  -30.805  60.058 0.1000000015
48005  -34.010  -31.020  60.568 0.1000000015
56929  -51.147  -21.872  60.222 0.1000000015
56950  -51.763  -21.341  59.816 0.1000000015
55872  -49.662  -22.294  60.547 0.1000000015
141460  -50.545  -22.189  60.775 0.1000000015
55851  -48.134  -21.913  61.650 0.1000000015
55852  -49.090  -22.262  61.467 0.1000000015
56910  -45.167  -20.799  62.236 0.1000000015
56911  -46.347  -21.282  62.155 0.1000000015
56886  -44.456  -20.394  63.330 0.1000000015
121768  -45.406  -20.578  63.209 0.1000000015
57953  -51.035  -20.085  58.648 0.1000000015
57886  -44.420  -20.515  63.382 0.1000000015
56887  -45.663  -20.653  63.733 0.1000000015
55815  -44.241  -20.716  63.450 0.1000000015
54814  -44.898  -21.414  63.650 0.1000000015
60086  -53.867  -17.456  60.326 0.1000000015
61233  -54.623  -16.885  60.746 0.1000000015
60068  -55.806  -17.275  63.209 0.1000000015
43173  -30.432  -34.877  66.146 0.1000000015
54825  -45.317  -22.500  63.018 0.1000000015
60113  -52.135  -17.151  58.909 0.1000000015
131365  -52.729  -16.873  59.303 0.1000000015
61245  -53.367  -16.626  59.634 0.1000000015
61232  -54.016  -16.217  60.075 0.1000000015
44000  -30.283  -34.383  65.818 0.1000000015
126020  -29.901  -34.347  65.149 0.1000000015
53912  -45.950  -23.525  62.259 0.1000000015
134054  -55.323  -18.063  65.502 0.1000000015
44981  -29.921  -33.832  65.411 0.1000000015
44007  -29.611  -34.168  64.437 0.1000000015
44992  -29.336  -33.690  64.011 0.1000000015
136489  -45.701  -24.105  61.520 0.1000000015
143946  -29.104  -32.895  65.094 0.1000000015
45981  -29.469  -33.431  64.740 0.1000000015
45994  -29.069  -33.088  63.935 0.1000000015
52060  -45.203  -26.283  60.160 0.1000000015
53041  -45.015  -25.350  60.278 0.1000000015
45993  -28.788  -32.559  64.595 0.1000000015
134156  -28.620  -32.336  63.760 0.1000000015
46009  -28.749  -32.813  63.265 0.1000000015
45043  -28.597  -32.949  61.503 0.1000000015
128019  -44.622  -26.839  59.745 0.1000000015
53055  -44.469  -25.888  59.802 0.1000000015
46989  -28.232  -31.802  64.255 0.1000000015
46022  -28.429  -32.116  62.872 0.1000000015
51003  -43.722  -27.933  59.154 0.1000000015
140971  -43.459  -26.627  58.797 0.1000000015
46079  -29.895  -32.366  59.656 0.1000000015
132097  -30.838  -31.144  59.514 0.1000000015
48970  -42.013  -29.264  58.640 0.1000000015
49984  -42.211  -28.551  58.520 0.1000000015
48023  -32.182  -30.437  59.662 0.1000000015
48947  -33.390  -29.813  59.693 0.1000000015
129921  -38.668  -30.593  58.534 0.1000000015
125107  -40.933  -30.043  58.623 0.1000000015
48969  -41.229  -29.342  58.529 0.1000000015
128562  -31.822  -31.238  59.661 0.1000000015
137292  -33.375  -30.741  60.197 0.1000000015
132873  -35.113  -30.069  59.505 0.1000000015
48967  -39.621  -29.611  58.432 0.1000000015
46058  -32.556  -31.830  60.026 0.1000000015
129116  -32.705  -31.052  60.077 0.1000000015
55885  -50.402  -22.035  59.965 0.1000000015
55884  -49.066  -22.238  59.852 0.1000000015
140872  -49.770  -22.065  59.747 0.1000000015
123206  -44.487  -20.805  61.610 0.1000000015
121704  -46.082  -21.483  61.295 0.1000000015
55829  -43.118  -20.746  62.415 0.1000000015
56909  -43.540  -20.452  62.247 0.1000000015
60075  -55.830  -16.817  62.342 0.1000000015
55848  -42.942  -21.327  62.327 0.1000000015
55849  -43.693  -21.683  62.564 0.1000000015
54824  -44.338  -21.713  63.038 0.1000000015
62153  -54.890  -15.972  60.409 0.1000000015
61222  -55.413  -16.412  61.268 0.1000000015
61216  -56.489  -16.621  63.436 0.1000000015
54835  -43.580  -22.449  61.733 0.1000000015
61259  -51.749  -16.269  58.374 0.1000000015
61260  -52.420  -16.123  58.711 0.1000000015
54848  -44.204  -23.429  61.029 0.1000000015
53925  -45.170  -23.000  62.079 0.1000000015
53939  -44.668  -24.398  60.546 0.1000000015
53924  -44.984  -23.727  61.250 0.1000000015
45023  -28.573  -32.901  62.473 0.1000000015
45006  -28.872  -33.534  63.200 0.1000000015
53054  -43.716  -25.468  59.358 0.1000000015
53954  -44.199  -25.020  60.009 0.1000000015
46998  -28.157  -31.628  63.533 0.1000000015
52059  -43.904  -26.304  59.260 0.1000000015
46997  -27.770  -31.121  63.985 0.1000000015
47011  -27.988  -31.504  62.253 0.1000000015
47039  -29.058  -31.401  60.074 0.1000000015
137610  -42.958  -26.581  58.559 0.1000000015
47977  -27.891  -30.200  62.425 0.1000000015
48022  -31.257  -30.310  59.532 0.1000000015
48946  -32.512  -29.731  59.604 0.1000000015
139869  -41.536  -28.768  58.470 0.1000000015
48949  -35.937  -29.700  58.930 0.1000000015
48968  -40.419  -29.419  58.462 0.1000000015
130302  -39.877  -28.812  58.399 0.1000000015
48026  -35.848  -30.530  59.425 0.1000000015
48043  -37.293  -29.982  58.511 0.1000000015
133694  -38.797  -29.791  58.421 0.1000000015
135903  -39.129  -29.101  58.409 0.1000000015
125552  -50.191  -21.618  59.313 0.1000000015
56949  -50.949  -21.487  59.522 0.1000000015
145428  -48.032  -22.012  58.872 0.1000000015
57952  -50.251  -20.422  58.388 0.1000000015
56968  -50.666  -20.985  58.880 0.1000000015
122541  -42.733  -20.550  61.870 0.1000000015
62138  -56.073  -16.017  61.864 0.1000000015
62127  -56.666  -16.094  62.685 0.1000000015
122168  -55.803  -15.685  61.073 0.1000000015
55867  -42.884  -22.365  61.462 0.1000000015
61244  -52.922  -16.091  59.118 0.1000000015
143472  -54.270  -15.858  59.814 0.1000000015
54847  -42.576  -23.016  60.532 0.1000000015
139496  -43.413  -23.187  60.774 0.1000000015
63081  -52.444  -15.678  58.220 0.1000000015
63073  -52.799  -15.824  58.544 0.1000000015
54858  -43.070  -23.778  59.910 0.1000000015
53938  -43.887  -24.088  60.286 0.1000000015
53953  -42.703  -24.379  59.320 0.1000000015
46038  -28.306  -32.192  61.850 0.1000000015
144596  -28.840  -31.777  60.441 0.1000000015
52074  -43.217  -25.885  58.733 0.1000000015
47027  -28.168  -31.301  61.377 0.1000000015
47038  -28.597  -31.313  60.582 0.1000000015
48021  -30.298  -30.489  59.531 0.1000000015
51022  -41.496  -27.311  58.368 0.1000000015
52073  -42.572  -26.131  58.527 0.1000000015
140544  -27.846  -30.862  62.022 0.1000000015
128943  -28.423  -30.568  60.766 0.1000000015
48945  -31.133  -29.234  59.532 0.1000000015
123438  -32.812  -28.912  59.530 0.1000000015
122819  -33.734  -28.679  59.508 0.1000000015
49983  -40.786  -28.569  58.404 0.1000000015
48919  -28.330  -29.574  61.801 0.1000000015
48003  -28.493  -29.774  60.934 0.1000000015
48948  -34.381  -29.516  59.537 0.1000000015
122867  -35.215  -29.216  59.264 0.1000000015
49979  -36.474  -28.996  58.757 0.1000000015
49980  -38.610  -28.817  58.503 0.1000000015
139512  -36.693  -29.645  58.659 0.1000000015
48966  -38.080  -29.396  58.454 0.1000000015
145761  -38.650  -29.258  58.433 0.1000000015
55883  -48.576  -22.029  59.130 0.1000000015
56948  -49.447  -21.814  59.191 0.1000000015
56965  -47.472  -21.922  58.713 0.1000000015
56967  -49.884  -21.226  58.688 0.1000000015
57951  -49.448  -20.736  58.166 0.1000000015
62155  -56.363  -15.358  60.876 0.1000000015
131425  -57.257  -15.882  62.824 0.1000000015
62129  -57.497  -16.230  63.278 0.1000000015
62203  -52.800  -15.734  58.329 0.1000000015
62183  -53.486  -15.865  58.840 0.1000000015
143402  -54.736  -15.722  59.946 0.1000000015
139284  -52.022  -15.581  57.941 0.1000000015
53962  -41.728  -25.001  58.747 0.1000000015
53063  -41.281  -25.653  58.595 0.1000000015
136621  -41.924  -25.993  58.470 0.1000000015
146767  -28.646  -30.022  60.258 0.1000000015
138879  -28.791  -30.636  60.102 0.1000000015
51020  -39.306  -27.626  58.690 0.1000000015
51021  -40.729  -27.058  58.451 0.1000000015
128724  -42.265  -26.810  58.418 0.1000000015
48931  -28.842  -29.377  60.273 0.1000000015
48943  -29.382  -29.158  59.835 0.1000000015
145941  -30.509  -29.765  59.530 0.1000000015
49961  -37.152  -28.333  59.051 0.1000000015
51000  -38.026  -27.956  59.095 0.1000000015
49981  -39.273  -28.394  58.519 0.1000000015
49937  -29.420  -28.257  60.836 0.1000000015
49955  -29.870  -28.364  60.139 0.1000000015
49956  -30.730  -28.381  59.756 0.1000000015
141022  -32.187  -28.123  59.581 0.1000000015
49960  -36.191  -28.301  59.115 0.1000000015
51018  -37.951  -28.633  58.678 0.1000000015
56966  -48.168  -21.609  58.401 0.1000000015
62169  -57.020  -15.619  59.659 0.1000000015
63074  -58.019  -15.325  59.995 0.1000000015
63066  -58.145  -15.145  60.623 0.1000000015
63065  -56.965  -15.258  60.417 0.1000000015
63057  -57.446  -15.224  61.211 0.1000000015
62140  -57.801  -15.684  62.137 0.1000000015
61261  -54.798  -16.230  58.690 0.1000000015
62185  -55.305  -15.799  59.359 0.1000000015
135874  -58.154  -16.262  62.492 0.1000000015
61280  -52.955  -15.915  57.895 0.1000000015
62204  -53.650  -15.960  58.501 0.1000000015
62184  -54.342  -15.782  59.182 0.1000000015
61212  -57.355  -16.692  63.939 0.1000000015
61297  -51.147  -16.072  56.786 0.1000000015
62215  -51.529  -15.835  57.647 0.1000000015
61279  -52.212  -15.771  57.745 0.1000000015
61296  -50.364  -15.951  56.536 0.1000000015
53053  -40.645  -25.515  58.863 0.1000000015
52057  -39.644  -26.329  59.278 0.1000000015
52058  -40.212  -26.067  58.887 0.1000000015
51002  -39.276  -27.036  58.936 0.1000000015
52070  -39.943  -26.839  58.663 0.1000000015
50965  -30.233  -27.376  61.478 0.1000000015
126570  -30.677  -27.167  60.896 0.1000000015
50982  -31.356  -27.173  60.435 0.1000000015
141714  -32.224  -26.862  60.329 0.1000000015
52051  -33.667  -26.892  59.715 0.1000000015
136948  -35.097  -27.031  59.596 0.1000000015
50999  -36.602  -27.635  59.453 0.1000000015
145917  -29.697  -27.833  61.312 0.1000000015
49938  -30.628  -27.717  60.287 0.1000000015
50995  -31.364  -27.841  59.827 0.1000000015
147423  -34.257  -27.994  59.461 0.1000000015
50998  -35.716  -27.628  59.411 0.1000000015
62187  -58.108  -15.821  59.176 0.1000000015
62186  -56.962  -16.283  58.977 0.1000000015
63082  -58.730  -15.512  59.617 0.1000000015
63067  -58.735  -15.253  60.613 0.1000000015
62141  -58.393  -15.279  61.205 0.1000000015
61282  -55.432  -17.271  58.012 0.1000000015
125953  -52.744  -16.821  57.216 0.1000000015
130569  -53.818  -16.559  57.859 0.1000000015
60077  -58.044  -17.068  62.814 0.1000000015
61217  -57.784  -16.577  63.303 0.1000000015
61298  -51.962  -16.426  57.013 0.1000000015
60070  -57.645  -17.286  63.557 0.1000000015
62219  -49.775  -15.799  56.302 0.1000000015
53025  -35.258  -26.030  61.869 0.1000000015
53003  -34.628  -25.814  62.448 0.1000000015
133735  -38.362  -26.684  60.674 0.1000000015
52013  -31.683  -26.574  60.975 0.1000000015
52037  -35.903  -26.553  60.502 0.1000000015
52054  -36.998  -27.170  59.929 0.1000000015
137621  -37.883  -27.039  60.027 0.1000000015
52056  -38.939  -26.922  59.463 0.1000000015
146663  -31.137  -26.829  60.968 0.1000000015
52034  -33.056  -26.618  60.151 0.1000000015
52035  -33.808  -26.368  59.985 0.1000000015
52052  -34.405  -26.626  59.772 0.1000000015
131753  -37.500  -27.576  59.504 0.1000000015
52055  -38.246  -27.307  59.555 0.1000000015
146756  -47.419  -21.574  58.141 0.1000000015
62206  -58.786  -16.119  58.337 0.1000000015
61302  -57.369  -17.620  57.213 0.1000000015
62171  -59.258  -15.772  59.337 0.1000000015
62170  -58.916  -15.486  60.084 0.1000000015
61301  -56.297  -17.708  57.304 0.1000000015
61283  -56.826  -17.025  58.107 0.1000000015
61235  -59.111  -16.472  60.702 0.1000000015
146813  -58.815  -17.062  61.156 0.1000000015
60144  -54.215  -18.137  56.648 0.1000000015
60145  -55.392  -18.145  56.801 0.1000000015
126209  -58.377  -17.063  61.860 0.1000000015
126658  -52.962  -18.460  56.007 0.1000000015
60143  -53.301  -17.888  56.575 0.1000000015
61300  -54.474  -17.426  57.481 0.1000000015
61313  -49.366  -17.072  54.659 0.1000000015
126698  -50.852  -17.105  55.891 0.1000000015
61310  -51.685  -17.322  56.219 0.1000000015
60142  -52.499  -17.596  56.451 0.1000000015
60069  -57.352  -18.147  62.796 0.1000000015
140108  -48.348  -16.204  54.556 0.1000000015
135636  -48.893  -16.424  55.061 0.1000000015
61308  -49.449  -16.330  55.493 0.1000000015
62217  -48.674  -15.632  55.661 0.1000000015
51994  -32.850  -25.869  61.890 0.1000000015
53002  -33.705  -25.748  62.175 0.1000000015
52018  -35.986  -26.290  61.390 0.1000000015
134713  -36.804  -26.619  60.981 0.1000000015
52014  -32.633  -26.210  60.967 0.1000000015
52015  -33.473  -25.965  61.342 0.1000000015
53024  -34.365  -25.955  61.593 0.1000000015
138001  -36.608  -26.833  60.305 0.1000000015
142076  -33.381  -26.223  60.625 0.1000000015
137519  -34.474  -26.301  60.110 0.1000000015
62208  -60.021  -16.513  57.743 0.1000000015
61264  -60.411  -17.063  57.604 0.1000000015
61303  -58.590  -17.284  56.998 0.1000000015
61285  -59.207  -16.578  57.530 0.1000000015
60147  -57.862  -18.111  56.508 0.1000000015
61284  -58.108  -16.837  57.754 0.1000000015
62189  -59.569  -16.205  58.580 0.1000000015
61247  -59.610  -16.381  59.133 0.1000000015
59032  -55.506  -19.312  55.410 0.1000000015
60146  -56.633  -18.292  56.640 0.1000000015
61236  -59.166  -15.971  59.980 0.1000000015
60089  -58.746  -17.550  60.316 0.1000000015
59031  -54.006  -19.341  55.226 0.1000000015
60155  -54.796  -19.071  55.953 0.1000000015
60163  -51.327  -18.609  54.398 0.1000000015
59030  -52.997  -19.088  55.300 0.1000000015
60154  -53.708  -18.790  55.960 0.1000000015
60076  -57.525  -18.148  61.710 0.1000000015
60088  -58.200  -17.896  60.943 0.1000000015
62221  -48.884  -16.825  54.129 0.1000000015
61314  -49.955  -17.727  54.258 0.1000000015
60151  -50.650  -17.924  54.883 0.1000000015
60152  -51.444  -18.153  55.359 0.1000000015
58953  -56.678  -19.001  61.968 0.1000000015
60131  -60.765  -17.321  57.065 0.1000000015
61287  -60.480  -16.826  56.898 0.1000000015
61305  -60.270  -16.830  56.516 0.1000000015
61286  -59.980  -16.572  57.237 0.1000000015
61263  -60.009  -16.774  58.344 0.1000000015
59034  -57.436  -18.961  55.101 0.1000000015
60158  -58.262  -18.395  55.721 0.1000000015
59051  -55.359  -19.524  53.656 0.1000000015
59033  -56.357  -19.227  55.286 0.1000000015
61246  -59.285  -16.968  59.768 0.1000000015
60100  -59.060  -18.176  59.589 0.1000000015
59048  -52.831  -19.274  53.682 0.1000000015
59040  -54.314  -19.456  54.396 0.1000000015
136038  -54.862  -19.430  54.983 0.1000000015
63107  -49.019  -16.062  53.044 0.1000000015
61320  -49.748  -17.135  53.039 0.1000000015
60173  -51.411  -18.618  53.467 0.1000000015
60164  -52.034  -19.067  54.030 0.1000000015
138830  -52.667  -19.235  54.502 0.1000000015
62225  -49.239  -16.726  53.369 0.1000000015
61321  -50.243  -17.687  53.240 0.1000000015
60172  -50.666  -18.264  53.811 0.1000000015
130282  -56.836  -19.035  61.156 0.1000000015
58967  -57.425  -18.804  60.667 0.1000000015
130913  -48.537  -16.301  53.711 0.1000000015
58941  -56.103  -19.925  62.226 0.1000000015
58942  -56.649  -19.019  62.914 0.1000000015
58936  -56.319  -19.809  63.244 0.1000000015
125392  -60.877  -17.263  56.498 0.1000000015
145800  -60.665  -17.206  55.608 0.1000000015
61306  -60.682  -17.057  56.018 0.1000000015
60166  -59.760  -18.098  54.670 0.1000000015
60160  -60.450  -17.447  55.218 0.1000000015
60115  -60.116  -17.759  58.212 0.1000000015
60192  -54.367  -18.931  51.286 0.1000000015
59073  -55.001  -19.406  51.772 0.1000000015
59053  -57.857  -19.299  53.515 0.1000000015
59043  -57.684  -19.160  54.318 0.1000000015
60159  -59.422  -17.850  55.438 0.1000000015
60101  -59.753  -17.443  59.000 0.1000000015
131369  -52.826  -17.257  51.341 0.1000000015
61325  -53.166  -18.004  51.393 0.1000000015
59072  -54.292  -19.300  52.150 0.1000000015
59052  -56.828  -19.413  53.653 0.1000000015
63114  -51.144  -15.922  51.777 0.1000000015
61323  -51.579  -17.454  52.020 0.1000000015
60190  -52.899  -18.459  51.845 0.1000000015
59062  -53.645  -19.214  52.514 0.1000000015
59050  -54.513  -19.489  53.600 0.1000000015
60099  -58.175  -18.545  60.055 0.1000000015
64051  -49.469  -14.685  52.480 0.1000000015
63112  -49.617  -15.535  52.500 0.1000000015
61322  -50.923  -17.618  52.606 0.1000000015
60174  -52.187  -18.949  53.111 0.1000000015
63111  -48.949  -15.376  52.788 0.1000000015
58966  -56.724  -19.617  60.517 0.1000000015
57912  -56.286  -19.737  61.246 0.1000000015
60149  -61.211  -17.612  55.822 0.1000000015
60130  -60.510  -17.994  57.533 0.1000000015
62235  -53.292  -16.484  51.089 0.1000000015
61333  -54.297  -17.397  50.521 0.1000000015
60200  -55.602  -19.074  50.579 0.1000000015
59065  -57.416  -19.573  52.013 0.1000000015
60175  -59.985  -18.288  53.858 0.1000000015
60168  -61.114  -17.763  54.342 0.1000000015
59028  -61.523  -18.342  55.489 0.1000000015
58997  -59.934  -18.647  57.916 0.1000000015
63116  -52.145  -15.779  51.568 0.1000000015
61332  -53.541  -17.349  50.887 0.1000000015
59092  -57.023  -19.504  50.397 0.1000000015
59076  -58.185  -19.630  51.061 0.1000000015
59067  -59.932  -19.043  52.521 0.1000000015
60177  -61.091  -17.820  53.580 0.1000000015
145156  -61.445  -18.101  54.396 0.1000000015
60114  -59.459  -18.760  58.693 0.1000000015
64052  -50.390  -14.717  52.218 0.1000000015
128437  -50.949  -15.144  51.963 0.1000000015
60217  -57.811  -18.918  49.117 0.1000000015
130427  -59.807  -19.344  50.997 0.1000000015
59078  -60.664  -18.890  51.803 0.1000000015
59035  -61.440  -19.298  55.526 0.1000000015
65016  -49.207  -13.904  52.558 0.1000000015
60235  -59.292  -18.227  48.038 0.1000000015
59095  -60.211  -19.377  50.183 0.1000000015
59079  -61.266  -19.025  51.394 0.1000000015
58981  -58.555  -19.245  59.336 0.1000000015
57936  -56.659  -20.282  59.883 0.1000000015
58980  -57.531  -19.563  59.814 0.1000000015
57924  -56.097  -20.347  60.543 0.1000000015
59015  -60.984  -18.147  56.794 0.1000000015
64060  -53.780  -14.926  51.437 0.1000000015
146531  -54.699  -16.572  50.330 0.1000000015
61335  -55.595  -18.174  49.983 0.1000000015
132841  -51.772  -14.144  52.116 0.1000000015
64059  -52.812  -14.919  51.635 0.1000000015
62241  -55.359  -16.189  50.030 0.1000000015
59027  -61.303  -18.791  56.176 0.1000000015
59026  -60.728  -19.256  56.691 0.1000000015
65018  -51.166  -13.742  52.363 0.1000000015
64058  -51.762  -14.918  51.765 0.1000000015
140113  -56.682  -16.620  49.142 0.1000000015
146610  -56.835  -17.482  49.063 0.1000000015
59036  -61.671  -18.520  54.872 0.1000000015
57982  -60.846  -19.779  56.115 0.1000000015
65017  -50.136  -13.784  52.430 0.1000000015
133138  -57.325  -17.141  48.669 0.1000000015
140185  -60.212  -20.308  55.934 0.1000000015
57955  -58.716  -19.898  58.470 0.1000000015
57938  -58.077  -19.999  59.122 0.1000000015
57937  -57.305  -20.469  59.250 0.1000000015
65021  -54.255  -13.139  52.520 0.1000000015
65026  -54.880  -13.625  51.862 0.1000000015
66025  -53.030  -12.068  53.121 0.1000000015
131358  -54.458  -14.339  51.593 0.1000000015
124892  -54.624  -14.887  51.177 0.1000000015
59014  -60.232  -19.147  57.326 0.1000000015
58996  -59.461  -19.467  57.870 0.1000000015
66029  -52.628  -12.776  52.671 0.1000000015
65020  -53.182  -13.407  52.421 0.1000000015
63127  -56.725  -14.761  50.162 0.1000000015
66023  -50.744  -12.631  52.677 0.1000000015
66028  -51.727  -12.942  52.553 0.1000000015
62245  -57.122  -15.293  49.425 0.1000000015
57973  -59.602  -19.921  57.291 0.1000000015
57980  -59.253  -20.445  56.885 0.1000000015
57972  -58.964  -20.211  57.583 0.1000000015
57971  -58.315  -20.674  57.933 0.1000000015
56983  -57.814  -21.310  57.525 0.1000000015
57954  -57.896  -20.588  58.606 0.1000000015
55897  -57.219  -21.796  58.012 0.1000000015
56953  -57.064  -21.307  58.678 0.1000000015
146484  -54.248  -12.637  53.013 0.1000000015
67955  -53.239  -10.954  54.003 0.1000000015
66031  -54.753  -12.436  52.837 0.1000000015
67007  -52.429  -11.415  53.538 0.1000000015
65027  -55.787  -13.168  51.717 0.1000000015
127207  -55.501  -13.680  51.596 0.1000000015
67953  -50.738  -10.877  53.701 0.1000000015
66024  -51.978  -12.189  52.899 0.1000000015
64075  -57.015  -13.935  50.402 0.1000000015
64074  -56.327  -14.294  50.757 0.1000000015
69890  -55.091  -8.654  56.859 0.1000000015
67936  -54.078  -10.066  55.073 0.1000000015
68917  -54.879  -9.257  56.031 0.1000000015
67935  -53.597  -10.016  55.015 0.1000000015
66995  -54.324  -10.745  53.876 0.1000000015
68926  -54.320  -9.508  55.141 0.1000000015
131563  -55.914  -12.433  51.801 0.1000000015
66032  -55.386  -12.119  52.444 0.1000000015
65028  -56.585  -12.917  51.281 0.1000000015
65058  -57.067  -13.290  49.837 0.1000000015
69897  -55.621  -8.275  57.035 0.1000000015
67946  -54.307  -10.219  54.286 0.1000000015
67956  -54.502  -10.661  53.540 0.1000000015
67012  -55.249  -11.595  52.527 0.1000000015
66034  -56.270  -12.166  51.262 0.1000000015
67015  -55.743  -11.845  51.957 0.1000000015
66063  -56.580  -12.866  49.748 0.1000000015
65072  -56.787  -13.283  48.847 0.1000000015
65081  -56.247  -13.654  47.729 0.1000000015
66074  -55.419  -12.993  48.759 0.1000000015
65080  -55.282  -13.884  47.833 0.1000000015
64117  -54.731  -14.500  47.286 0.1000000015
63181  -53.429  -16.247  45.598 0.1000000015
61392  -52.978  -17.264  45.451 0.1000000015
70906  -56.406  -7.707  57.032 0.1000000015
69896  -55.107  -8.906  56.057 0.1000000015
68932  -54.402  -9.951  54.244 0.1000000015
67010  -54.880  -11.229  53.011 0.1000000015
69900  -54.470  -9.195  55.081 0.1000000015
67959  -55.271  -11.196  51.920 0.1000000015
68939  -54.468  -10.114  53.528 0.1000000015
66046  -56.177  -12.333  50.323 0.1000000015
134080  -55.683  -11.578  51.400 0.1000000015
67958  -54.674  -10.558  52.216 0.1000000015
133923  -55.528  -11.689  50.562 0.1000000015
67964  -54.705  -10.744  51.523 0.1000000015
66062  -55.790  -12.587  49.469 0.1000000015
67041  -55.434  -12.158  49.850 0.1000000015
67978  -54.226  -10.751  50.877 0.1000000015
66061  -54.977  -12.446  49.305 0.1000000015
67040  -54.747  -11.865  49.793 0.1000000015
65057  -54.488  -12.879  48.897 0.1000000015
133068  -53.475  -12.187  49.565 0.1000000015
67038  -53.065  -11.736  49.866 0.1000000015
64107  -53.421  -14.295  48.224 0.1000000015
65056  -53.480  -12.840  49.147 0.1000000015
66059  -52.780  -12.428  49.585 0.1000000015
61364  -51.649  -17.587  45.752 0.1000000015
125901  -52.229  -15.918  46.786 0.1000000015
65067  -52.280  -13.811  48.969 0.1000000015
66045  -52.221  -11.993  49.933 0.1000000015
71829  -57.455  -7.475  56.920 0.1000000015
70912  -55.555  -7.533  56.509 0.1000000015
70911  -54.549  -7.719  55.558 0.1000000015
67026  -53.473  -11.057  50.293 0.1000000015
144658  -52.734  -10.651  50.468 0.1000000015
67025  -52.508  -11.249  50.173 0.1000000015
43956  -32.152  -34.967  70.883 0.1000000015
141432  -27.744  -30.470  63.068 0.1000000015
138276  -27.764  -31.016  63.314 0.1000000015
50966  -31.065  -26.783  61.676 0.1000000015
62182  -52.216  -15.641  58.126 0.1000000015
65013  -49.751  -13.145  52.602 0.1000000015
54857  -42.299  -23.666  59.710 0.1000000015
53952  -41.980  -24.342  59.205 0.1000000015
55850  -47.781  -22.119  60.797 0.1000000015
56928  -46.892  -21.815  61.008 0.1000000015
56927  -45.473  -21.456  60.887 0.1000000015
52038  -37.459  -26.847  60.525 0.1000000015
67006  -51.311  -11.569  53.270 0.1000000015
146470  -52.468  -10.785  54.085 0.1000000015
134071  -52.991  -10.425  54.516 0.1000000015
70908  -58.147  -7.663  57.395 0.1000000015
42255  -28.768  -36.651  75.051 0.1000000015
42289  -31.543  -36.080  71.604 0.1000000015
124273  -51.908  -21.348  64.302 0.1000000015
56876  -50.598  -21.627  64.031 0.1000000015
55834  -51.096  -22.180  62.333 0.1000000015
55818  -49.999  -21.802  63.502 0.1000000015
55817  -49.127  -21.423  63.847 0.1000000015
47084  -39.971  -31.145  58.771 0.1000000015
56844  -47.741  -21.458  65.198 0.1000000015
140620  -47.540  -20.923  64.664 0.1000000015
53009  -47.700  -25.301  62.373 0.1000000015
53008  -47.100  -24.922  61.986 0.1000000015
50967  -47.049  -26.988  60.945 0.1000000015
48950  -42.503  -29.763  59.068 0.1000000015
47081  -37.288  -30.813  58.763 0.1000000015
47064  -39.384  -31.938  59.163 0.1000000015
135332  -37.092  -31.789  60.481 0.1000000015
46083  -38.863  -32.498  59.829 0.1000000015
55854  -50.810  -22.221  61.603 0.1000000015
122003  -47.843  -21.109  63.545 0.1000000015
122445  -46.549  -20.879  64.430 0.1000000015
55809  -47.159  -21.609  64.958 0.1000000015
43983  -30.884  -34.862  67.253 0.1000000015
54806  -47.493  -22.569  64.855 0.1000000015
43172  -30.014  -35.032  65.540 0.1000000015
146045  -45.597  -22.202  63.678 0.1000000015
49963  -44.276  -28.518  59.638 0.1000000015
138692  -47.300  -21.733  61.569 0.1000000015
133231  -46.378  -20.811  63.199 0.1000000015
56873  -45.726  -20.860  64.021 0.1000000015
129769  -56.061  -17.118  64.264 0.1000000015
53940  -45.455  -24.712  60.817 0.1000000015
46056  -28.581  -32.129  60.896 0.1000000015
49985  -43.001  -28.263  58.663 0.1000000015
130704  -40.167  -30.218  58.545 0.1000000015
48042  -36.588  -30.336  58.839 0.1000000015
55871  -48.682  -22.306  60.679 0.1000000015
135198  -44.157  -20.341  62.753 0.1000000015
56885  -43.965  -20.503  63.125 0.1000000015
57893  -44.878  -20.525  63.682 0.1000000015
56872  -44.840  -20.721  63.690 0.1000000015
146133  -29.810  -33.932  64.918 0.1000000015
137086  -43.890  -27.115  59.201 0.1000000015
139442  -28.016  -31.441  62.938 0.1000000015
47057  -29.653  -31.618  59.710 0.1000000015
51024  -43.160  -27.305  58.637 0.1000000015
135641  -30.102  -31.159  59.554 0.1000000015
123247  -32.818  -30.369  59.833 0.1000000015
48024  -34.207  -30.505  59.986 0.1000000015
121604  -31.825  -32.047  59.630 0.1000000015
48044  -38.029  -30.318  58.474 0.1000000015
124338  -48.216  -22.299  59.955 0.1000000015
55830  -43.639  -20.878  63.028 0.1000000015
62154  -55.466  -15.677  60.341 0.1000000015
54836  -44.359  -22.691  61.918 0.1000000015
62152  -53.594  -15.957  59.285 0.1000000015
53065  -43.034  -25.049  58.908 0.1000000015
125146  -43.459  -24.625  59.587 0.1000000015
126908  -41.528  -28.106  58.387 0.1000000015
51023  -42.299  -27.722  58.435 0.1000000015
47010  -27.787  -30.920  62.661 0.1000000015
140009  -31.833  -29.759  59.536 0.1000000015
126106  -31.993  -29.024  59.492 0.1000000015
62139  -56.805  -15.604  61.834 0.1000000015
62128  -57.060  -16.231  63.520 0.1000000015
62166  -54.232  -15.825  59.500 0.1000000015
62202  -52.357  -15.596  58.109 0.1000000015
53963  -42.381  -24.813  58.879 0.1000000015
53064  -42.436  -25.448  58.637 0.1000000015
131091  -29.732  -29.807  59.596 0.1000000015
48004  -29.457  -30.712  59.685 0.1000000015
52072  -41.365  -26.489  58.439 0.1000000015
47026  -28.132  -30.381  61.545 0.1000000015
49957  -31.476  -28.494  59.599 0.1000000015
121699  -33.023  -28.117  59.554 0.1000000015
49982  -40.101  -27.843  58.437 0.1000000015
125468  -40.917  -27.760  58.379 0.1000000015
49926  -28.797  -28.924  61.085 0.1000000015
48964  -35.816  -28.912  58.950 0.1000000015
49958  -34.654  -28.606  59.399 0.1000000015
48965  -37.264  -29.141  58.611 0.1000000015
63064  -55.939  -15.527  60.292 0.1000000015
62167  -55.081  -15.662  59.800 0.1000000015
145978  -41.812  -25.513  58.579 0.1000000015
52071  -40.664  -26.239  58.605 0.1000000015
48020  -29.013  -29.902  59.787 0.1000000015
51001  -38.686  -27.500  59.023 0.1000000015
48932  -29.207  -28.765  60.370 0.1000000015
48944  -30.156  -29.050  59.605 0.1000000015
51019  -38.641  -28.172  58.719 0.1000000015
146886  -31.971  -27.454  59.905 0.1000000015
50996  -33.623  -27.682  59.550 0.1000000015
49959  -35.410  -28.391  59.252 0.1000000015
63075  -58.693  -15.355  60.128 0.1000000015
62168  -56.016  -15.584  59.876 0.1000000015
61223  -58.465  -15.743  61.653 0.1000000015
61262  -55.909  -16.435  58.785 0.1000000015
142194  -56.190  -15.896  59.386 0.1000000015
61281  -54.430  -16.693  58.124 0.1000000015
50964  -30.019  -27.695  60.770 0.1000000015
52050  -32.800  -27.354  59.766 0.1000000015
50997  -34.330  -27.278  59.552 0.1000000015
138116  -34.922  -27.792  59.432 0.1000000015
62188  -59.070  -15.631  58.928 0.1000000015
62205  -57.755  -16.424  58.456 0.1000000015
61224  -59.019  -15.554  60.914 0.1000000015
61234  -58.772  -16.241  61.534 0.1000000015
61299  -53.572  -17.216  57.329 0.1000000015
61309  -50.024  -16.886  55.450 0.1000000015
51993  -32.058  -26.301  61.712 0.1000000015
52053  -35.963  -26.970  59.749 0.1000000015
52036  -35.123  -26.536  59.917 0.1000000015
62207  -59.476  -16.194  58.195 0.1000000015
134280  -59.261  -15.778  58.889 0.1000000015
60153  -52.280  -18.352  55.706 0.1000000015
52017  -35.025  -26.215  60.879 0.1000000015
52016  -34.085  -26.153  60.767 0.1000000015
60148  -59.040  -17.580  56.212 0.1000000015
61304  -59.690  -16.850  56.697 0.1000000015
60157  -57.062  -18.740  55.916 0.1000000015
60156  -55.940  -18.988  56.089 0.1000000015
59039  -53.501  -19.387  54.368 0.1000000015
122266  -52.068  -18.935  54.943 0.1000000015
61317  -49.522  -17.284  53.716 0.1000000015
61311  -60.141  -17.095  55.920 0.1000000015
60165  -58.579  -18.571  54.904 0.1000000015
125322  -54.942  -19.490  54.232 0.1000000015
59041  -55.662  -19.429  54.548 0.1000000015
59042  -56.642  -19.317  54.453 0.1000000015
126148  -56.071  -19.472  53.850 0.1000000015
59061  -52.968  -19.161  52.831 0.1000000015
59049  -53.677  -19.395  53.387 0.1000000015
62229  -49.774  -16.447  52.666 0.1000000015
62230  -50.318  -17.082  52.615 0.1000000015
60183  -50.912  -18.171  53.111 0.1000000015
60167  -60.743  -17.730  54.335 0.1000000015
60193  -55.038  -19.193  51.043 0.1000000015
60199  -54.792  -18.374  50.571 0.1000000015
61326  -53.879  -18.174  50.908 0.1000000015
59064  -56.406  -19.641  52.068 0.1000000015
136355  -55.625  -19.598  52.160 0.1000000015
59074  -55.797  -19.529  51.334 0.1000000015
124974  -57.014  -19.529  52.824 0.1000000015
125086  -57.933  -19.391  52.772 0.1000000015
59044  -58.831  -18.770  54.118 0.1000000015
61324  -52.326  -17.947  51.790 0.1000000015
134311  -52.152  -17.200  51.612 0.1000000015
62234  -52.512  -16.527  51.437 0.1000000015
60191  -53.595  -18.752  51.711 0.1000000015
123793  -56.017  -19.627  52.980 0.1000000015
142533  -54.232  -19.429  52.881 0.1000000015
59063  -54.997  -19.545  52.741 0.1000000015
63113  -50.367  -15.701  52.186 0.1000000015
62231  -51.002  -16.877  52.120 0.1000000015
62233  -51.712  -16.651  51.686 0.1000000015
60185  -52.496  -18.655  52.355 0.1000000015
136601  -50.502  -16.420  52.258 0.1000000015
60184  -51.627  -18.261  52.576 0.1000000015
125266  -60.983  -17.282  55.147 0.1000000015
63117  -53.079  -15.710  51.370 0.1000000015
63118  -53.922  -15.667  50.974 0.1000000015
62240  -54.040  -16.516  50.644 0.1000000015
61334  -55.044  -17.265  50.100 0.1000000015
59075  -56.804  -19.631  51.233 0.1000000015
59091  -56.283  -19.439  50.710 0.1000000015
59066  -58.602  -19.351  52.229 0.1000000015
59054  -59.098  -19.054  53.236 0.1000000015
59055  -60.430  -18.409  53.133 0.1000000015
60169  -61.375  -18.131  53.722 0.1000000015
60201  -56.268  -18.986  50.050 0.1000000015
60202  -57.031  -18.929  49.619 0.1000000015
59093  -57.846  -19.493  49.910 0.1000000015
59077  -59.430  -19.299  51.731 0.1000000015
143573  -60.872  -18.359  52.534 0.1000000015
60187  -61.094  -17.954  52.968 0.1000000015
64053  -51.206  -14.512  52.098 0.1000000015
59118  -59.447  -19.292  49.370 0.1000000015
60218  -58.768  -18.883  48.765 0.1000000015
59094  -58.953  -19.474  50.151 0.1000000015
61343  -57.185  -18.116  49.030 0.1000000015
59068  -61.201  -18.513  52.332 0.1000000015
57988  -61.642  -19.541  54.731 0.1000000015
60219  -59.847  -18.915  48.614 0.1000000015
61344  -58.140  -17.952  48.461 0.1000000015
130096  -60.845  -19.020  50.975 0.1000000015
63125  -54.818  -15.661  50.573 0.1000000015
64054  -52.582  -14.136  52.004 0.1000000015
65019  -52.172  -13.508  52.352 0.1000000015
62244  -56.221  -15.788  49.716 0.1000000015
63126  -55.843  -15.198  50.401 0.1000000015
61342  -55.785  -16.985  49.599 0.1000000015
61336  -56.434  -17.945  49.463 0.1000000015
57981  -60.089  -20.016  56.675 0.1000000015
62246  -57.521  -15.961  48.634 0.1000000015
62247  -58.131  -16.674  48.106 0.1000000015
56952  -56.484  -21.080  59.408 0.1000000015
64055  -53.707  -14.080  51.923 0.1000000015
64061  -55.208  -14.167  51.460 0.1000000015
66030  -53.647  -12.727  52.931 0.1000000015
63119  -55.491  -14.633  50.966 0.1000000015
56984  -58.511  -20.833  57.148 0.1000000015
143241  -57.712  -21.147  58.161 0.1000000015
142982  -54.154  -12.007  53.355 0.1000000015
132361  -53.391  -11.512  53.578 0.1000000015
65022  -55.207  -12.793  52.183 0.1000000015
64063  -56.654  -13.580  50.912 0.1000000015
64062  -56.046  -13.747  51.322 0.1000000015
64090  -57.343  -14.338  49.670 0.1000000015
65041  -56.935  -13.265  50.527 0.1000000015
64076  -57.295  -13.709  49.786 0.1000000015
67945  -53.917  -10.500  54.385 0.1000000015
67009  -54.512  -11.272  53.430 0.1000000015
67008  -53.993  -11.142  53.788 0.1000000015
66026  -54.939  -11.812  53.045 0.1000000015
66047  -56.734  -12.795  50.637 0.1000000015
65059  -57.365  -13.666  48.936 0.1000000015
146639  -56.140  -12.983  48.996 0.1000000015
65071  -56.166  -13.282  48.387 0.1000000015
136353  -55.623  -13.455  48.229 0.1000000015
65070  -54.873  -13.421  48.376 0.1000000015
64108  -54.377  -14.098  48.024 0.1000000015
63168  -54.167  -15.334  46.407 0.1000000015
64116  -53.772  -14.861  47.415 0.1000000015
62301  -53.102  -17.018  45.273 0.1000000015
63167  -53.119  -15.644  46.512 0.1000000015
62300  -52.250  -17.279  45.721 0.1000000015
61365  -52.637  -17.600  46.138 0.1000000015
137345  -55.003  -11.090  52.541 0.1000000015
133227  -54.718  -10.687  52.952 0.1000000015
69908  -54.130  -9.253  53.964 0.1000000015
68943  -54.385  -10.033  52.808 0.1000000015
67965  -55.072  -11.140  51.078 0.1000000015
67963  -54.077  -10.306  51.530 0.1000000015
67027  -54.508  -11.310  50.346 0.1000000015
67039  -53.906  -11.686  49.805 0.1000000015
66060  -54.171  -12.288  49.387 0.1000000015
65069  -53.947  -13.507  48.591 0.1000000015
63157  -52.802  -15.103  47.643 0.1000000015
65068  -53.020  -13.642  48.782 0.1000000015
63179  -51.784  -16.833  45.945 0.1000000015
131606  -51.130  -17.602  45.538 0.1000000015
63180  -52.626  -16.571  45.761 0.1000000015
65055  -52.520  -13.140  49.258 0.1000000015
64106  -52.506  -14.460  48.468 0.1000000015
64105  -51.714  -14.384  48.824 0.1000000015
141591  -54.094  -9.984  52.142 0.1000000015
68949  -53.386  -9.737  51.720 0.1000000015
46742  -9.993  -31.447  91.366 0.1000000015
47762  -10.303  -30.924  91.237 0.1000000015
48699  -10.129  -30.219  90.632 0.1000000015
50653  -15.544  -26.992  89.738 0.2000000030
50654  -16.151  -27.008  89.886 0.2000000030
50660  -22.392  -27.500  89.527 0.5000000000
52921  -42.888  -25.434  68.397 0.8000000119
53681  -29.351  -24.578  86.416 0.8000000119
53717  -37.782  -24.222  82.925 0.6999999881
53724  -38.277  -24.043  82.622 0.6999999881
54706  -45.305  -23.704  75.795 0.4000000060
54707  -45.489  -23.257  75.548 0.5000000000
55523  -35.728  -23.108  83.746 0.6000000238
58797  -45.997  -19.400  75.717 0.3000000119
59117  -58.489  -19.303  49.451 0.1000000015
60161  -61.367  -17.735  54.956 0.1000000015
60176  -60.843  -17.899  53.556 0.1000000015
60186  -53.114  -18.883  52.223 0.1000000015
61120  -43.855  -17.545  72.925 0.6999999881
62969  -45.909  -15.517  70.455 0.8000000119
62971  -47.262  -14.913  70.084 0.6000000238
64878  -49.882  -12.859  66.965 0.8000000119
65851  -49.666  -12.286  70.602 0.6000000238
65882  -51.010  -12.448  68.663 0.4000000060
66843  -50.400  -11.256  70.367 0.4000000060
66844  -50.979  -10.970  69.939 0.4000000060
66857  -50.915  -11.570  69.747 0.4000000060
66885  -52.041  -11.663  67.516 0.4000000060
66982  -43.696  -11.127  57.357 0.5000000000
67757  -47.100  -10.538  73.478 0.2000000030
67773  -48.675  -10.413  71.928 0.4000000060
67774  -49.168  -10.310  71.325 0.4000000060
67788  -49.624  -10.191  70.925 0.3000000119
67816  -52.302  -10.750  68.445 0.4000000060
68715  -47.603  -9.131  72.859 0.1000000015
68750  -50.694  -9.341  69.860 0.2000000030
68751  -51.355  -9.673  69.320 0.3000000119
68759  -51.785  -9.936  68.440 0.4000000060
68906  -45.260  -9.172  58.519 0.5000000000
69696  -46.492  -7.994  71.444 0.1000000015
69697  -48.457  -8.210  71.653 0.2000000030
69699  -49.510  -8.912  70.849 0.2000000030
69733  -50.224  -8.466  68.961 0.4000000060
69805  -52.983  -7.183  63.966 0.5000000000
69843  -55.787  -8.050  58.615 0.1000000015
69862  -56.038  -8.408  58.335 0.2000000030
69863  -56.503  -8.230  58.301 0.2000000030
69875  -48.114  -7.952  56.857 0.6999999881
69884  -47.221  -8.253  57.048 0.6000000238
69886  -50.963  -8.520  56.357 0.5000000000
70697  -47.380  -7.930  72.483 0.1000000015
70708  -47.371  -7.745  71.662 0.2000000030
70720  -48.578  -7.682  70.514 0.2000000030
70852  -56.989  -7.430  58.479 0.2000000030
70869  -58.292  -7.549  58.139 0.2000000030
70896  -58.466  -7.494  57.686 0.2000000030
70909  -58.678  -7.259  56.971 0.1000000015
71782  -56.367  -7.218  58.680 0.2000000030
71860  -59.821  -7.114  53.461 0.1000000015
71891  -58.799  -6.996  49.952 0.1000000015
72694  -47.153  -4.523  64.785 0.2000000030
72789  -58.140  -6.269  57.944 0.2000000030
72837  -59.722  -6.798  52.366 0.1000000015
74789  -51.453  -3.178  65.253 0.4000000060
74797  -47.042  -3.949  64.652 0.2000000030
75763  -47.215  -3.331  64.415 0.2000000030
75773  -47.677  -2.867  64.580 0.2000000030
75775  -49.011  -1.739  63.711 0.2000000030
77721  -51.181  -0.691  64.517 0.2000000030
121603  -49.032  -7.620  69.838 0.2000000030
123043  -48.750  -7.462  69.166 0.2000000030
125827  -51.172  -9.337  67.913 0.4000000060
126117  -51.031  -12.329  66.603 0.6000000238
131339  -14.855  -27.512  84.290 0.1000000015
131812  -48.166  -8.925  56.226 0.4000000060
133423  -49.499  -7.698  68.311 0.3000000119
133921  -57.038  -8.225  57.977 0.2000000030
135835  -59.018  -15.532  59.496 0.1000000015
141377  -49.957  -13.081  66.252 0.6999999881
142276  -23.307  -27.428  89.120 0.5000000000
145017  -54.017  -19.457  53.935 0.1000000015
145122  -42.232  -17.474  58.562 0.4000000060
145213  -38.650  -20.387  65.827 0.6999999881
146850  -51.252  -12.264  66.983 0.6000000238
