#!ascii label  , from subject sub-v1s6x0051319_ses-1 vox2ras=TkReg
9463
135059  29.575  -23.316  83.768 0.5000000000
66283  31.774  -20.225  80.949 0.3750000000
68342  33.811  -17.771  80.751 0.3750000000
69351  35.304  -16.520  80.456 0.5000000000
71373  36.523  -15.651  80.092 0.6250000000
148369  37.101  -14.343  79.832 0.7500000000
72335  36.983  -14.927  80.013 0.6250000000
137549  37.112  -13.686  78.077 1.0000000000
73346  37.535  -13.489  76.721 1.0000000000
73338  37.292  -13.593  77.532 0.8750000000
74375  36.534  -13.241  77.784 1.0000000000
73375  39.240  -13.567  74.430 1.0000000000
73359  38.667  -13.791  75.176 1.0000000000
147532  37.626  -13.112  75.894 1.0000000000
74393  37.014  -12.527  76.234 1.0000000000
74383  36.320  -12.032  76.865 1.0000000000
74409  39.791  -13.017  73.790 1.0000000000
74410  38.815  -12.784  73.883 1.0000000000
74411  37.809  -12.556  74.174 1.0000000000
148640  36.780  -11.369  74.969 1.0000000000
75438  35.816  -11.383  76.483 1.0000000000
76552  35.763  -10.786  75.706 1.0000000000
68381  18.574  -17.847  76.463 1.0000000000
63062  30.209  -22.724  84.158 0.7500000000
63071  30.242  -22.498  83.413 0.6250000000
62002  29.901  -22.964  83.657 0.5000000000
62003  29.840  -23.215  84.026 0.6250000000
140281  30.516  -22.015  82.389 0.5000000000
147031  30.131  -22.470  82.169 0.3750000000
65210  31.313  -20.893  81.345 0.5000000000
64112  30.762  -21.586  81.759 0.5000000000
67342  33.344  -18.273  80.467 0.3750000000
67343  32.789  -18.887  80.992 0.3750000000
68341  34.276  -17.404  80.839 0.3750000000
130076  35.886  -16.065  80.442 0.6250000000
69352  34.692  -17.033  80.845 0.6250000000
72336  36.896  -14.092  80.628 0.6250000000
73324  36.803  -13.549  79.271 1.0000000000
134025  36.159  -12.850  79.113 1.0000000000
66308  22.537  -20.008  77.530 1.0000000000
75423  35.500  -11.849  78.042 1.0000000000
66309  21.713  -19.964  77.252 1.0000000000
74376  36.063  -12.403  77.551 1.0000000000
75439  35.318  -11.364  77.049 1.0000000000
76541  34.910  -10.866  76.342 1.0000000000
67381  21.185  -19.425  76.255 1.0000000000
75463  41.251  -11.407  74.059 0.8750000000
75464  40.289  -11.702  73.732 1.0000000000
74418  38.443  -11.700  73.690 1.0000000000
74419  37.636  -11.622  74.029 1.0000000000
75467  37.161  -10.929  74.504 1.0000000000
76554  34.733  -10.442  75.578 1.0000000000
75452  33.553  -11.092  75.041 1.0000000000
132799  20.099  -18.661  75.266 1.0000000000
68395  19.072  -18.172  75.863 1.0000000000
74408  40.783  -12.714  73.830 1.0000000000
75466  37.935  -10.811  74.046 1.0000000000
125347  36.745  -10.081  74.715 1.0000000000
124688  35.916  -10.258  74.928 1.0000000000
76553  35.269  -10.424  75.553 1.0000000000
76555  34.106  -10.645  75.347 1.0000000000
69407  18.179  -17.052  76.364 1.0000000000
77610  35.003  -9.476  74.635 1.0000000000
76570  34.467  -10.024  74.795 1.0000000000
76571  33.827  -10.391  74.583 1.0000000000
70452  17.938  -16.685  76.943 1.0000000000
66234  29.322  -21.142  84.816 1.0000000000
148799  30.088  -21.181  84.796 0.8750000000
64099  30.571  -22.233  83.617 0.7500000000
63063  29.661  -22.840  84.748 0.8750000000
148560  30.905  -21.729  83.258 0.7500000000
63067  30.143  -22.850  83.854 0.6250000000
65198  31.400  -21.009  82.178 0.5000000000
64108  30.976  -21.548  82.604 0.5000000000
64109  30.690  -21.854  82.971 0.5000000000
64105  30.622  -21.992  83.185 0.6250000000
66275  31.801  -20.300  81.846 0.3750000000
67334  33.357  -18.409  81.271 0.3750000000
66282  32.321  -19.633  81.415 0.3750000000
70403  35.545  -16.266  81.054 0.6250000000
68335  33.769  -17.932  81.380 0.5000000000
71366  36.699  -15.039  80.802 0.6250000000
74358  36.274  -13.138  79.899 0.8750000000
74359  35.495  -12.447  79.788 0.8750000000
74370  35.471  -12.202  78.851 1.0000000000
67361  23.468  -19.796  77.912 1.0000000000
75431  35.177  -11.437  77.725 1.0000000000
75432  34.979  -11.238  77.166 1.0000000000
67369  23.173  -19.450  77.191 1.0000000000
75440  34.534  -11.172  76.919 1.0000000000
76542  34.376  -10.939  76.138 1.0000000000
67370  22.398  -19.596  76.861 1.0000000000
76565  41.510  -10.287  74.476 1.0000000000
130570  40.455  -10.433  74.135 1.0000000000
125193  20.929  -18.776  75.015 1.0000000000
71395  17.506  -15.074  77.575 1.0000000000
145167  38.764  -10.676  73.999 1.0000000000
76567  37.651  -9.885  74.529 1.0000000000
75468  33.550  -10.881  74.127 1.0000000000
75475  33.400  -11.434  73.536 1.0000000000
149316  19.545  -18.339  75.428 1.0000000000
69406  18.637  -17.416  75.686 1.0000000000
77622  36.363  -9.450  74.525 1.0000000000
77623  35.675  -9.193  74.411 1.0000000000
77631  33.837  -9.577  73.583 1.0000000000
76576  33.621  -10.178  73.860 1.0000000000
76577  33.497  -10.698  73.337 1.0000000000
137162  33.331  -11.148  72.897 1.0000000000
77639  33.633  -9.782  72.887 1.0000000000
76585  33.321  -10.678  72.615 1.0000000000
75482  32.902  -11.257  72.332 1.0000000000
78508  10.996  -8.955  83.888 1.0000000000
77555  10.443  -9.577  84.400 1.0000000000
78506  10.486  -8.714  84.599 1.0000000000
78502  9.941  -8.935  85.481 1.0000000000
78515  11.623  -9.116  83.179 1.0000000000
77559  11.032  -9.743  83.574 1.0000000000
78514  12.382  -8.712  82.722 1.0000000000
65151  29.581  -21.748  85.093 0.8750000000
78513  13.131  -8.455  82.193 1.0000000000
76503  9.388  -10.159  86.763 1.0000000000
66230  31.894  -20.547  84.605 0.8750000000
65149  31.366  -21.215  84.609 0.7500000000
123777  30.726  -21.197  84.815 0.7500000000
66255  32.282  -20.352  83.156 0.6250000000
65170  31.739  -20.946  83.397 0.7500000000
65159  31.638  -20.895  84.189 0.7500000000
65197  31.883  -20.511  82.488 0.5000000000
65169  31.915  -20.785  82.956 0.5000000000
137206  31.401  -21.350  83.159 0.6250000000
78521  14.151  -8.426  81.015 1.0000000000
66274  32.300  -19.794  82.133 0.5000000000
131621  14.614  -8.834  80.440 1.0000000000
67335  32.862  -19.102  81.729 0.3750000000
77581  15.621  -9.027  79.688 0.8750000000
77580  16.230  -9.703  79.400 0.8750000000
71367  36.108  -15.676  80.880 0.7500000000
142567  16.486  -10.514  79.372 0.8750000000
144389  36.382  -13.395  80.461 0.7500000000
72328  36.405  -14.246  81.258 0.7500000000
76531  16.831  -10.954  79.026 0.8750000000
147910  35.030  -11.870  79.303 1.0000000000
146472  24.692  -19.135  78.537 1.0000000000
75427  17.086  -11.582  78.466 0.8750000000
75424  35.002  -11.551  78.567 1.0000000000
70443  25.968  -17.020  77.410 1.0000000000
143659  26.011  -17.531  78.365 1.0000000000
131915  17.095  -12.974  78.531 1.0000000000
128270  33.826  -11.170  75.864 1.0000000000
70450  26.308  -16.695  76.989 1.0000000000
69391  25.386  -17.482  77.185 1.0000000000
69379  25.549  -17.557  77.885 1.0000000000
68367  24.614  -18.506  77.786 1.0000000000
72360  17.470  -14.282  77.429 1.0000000000
73342  17.334  -13.494  77.750 1.0000000000
71402  26.864  -16.432  76.740 1.0000000000
70451  25.854  -17.060  76.732 1.0000000000
69403  25.284  -17.508  76.379 1.0000000000
69404  24.824  -17.947  76.848 1.0000000000
68378  24.418  -18.463  77.186 1.0000000000
68369  23.063  -19.112  76.492 1.0000000000
67380  22.099  -19.300  76.070 1.0000000000
147045  40.076  -9.512  74.464 1.0000000000
70458  26.403  -16.745  76.274 1.0000000000
130150  24.671  -17.841  76.001 1.0000000000
68392  23.508  -18.539  76.039 1.0000000000
68393  22.736  -18.752  75.607 1.0000000000
67391  21.887  -18.861  75.225 1.0000000000
71404  17.726  -15.217  76.697 1.0000000000
77620  38.438  -8.993  74.616 1.0000000000
125325  37.974  -8.585  74.384 1.0000000000
70459  25.785  -17.172  75.751 1.0000000000
69418  25.122  -17.505  75.655 1.0000000000
69420  24.019  -18.101  75.586 1.0000000000
68409  23.322  -18.345  75.143 1.0000000000
68410  22.502  -18.474  74.611 1.0000000000
149888  20.336  -18.407  74.708 1.0000000000
68413  19.755  -18.143  74.849 1.0000000000
69421  19.205  -17.766  75.196 1.0000000000
71403  18.012  -15.490  75.980 1.0000000000
70453  17.658  -15.962  77.095 1.0000000000
76564  42.435  -10.191  74.630 1.0000000000
146887  36.362  -8.882  74.266 1.0000000000
78580  35.188  -8.696  73.469 1.0000000000
137619  33.974  -9.360  72.922 1.0000000000
70460  25.249  -17.315  75.103 1.0000000000
70466  25.004  -17.273  74.354 1.0000000000
123554  23.850  -17.940  74.818 1.0000000000
68426  22.033  -18.365  73.887 1.0000000000
68412  20.819  -18.340  74.267 1.0000000000
69432  20.166  -17.927  74.267 1.0000000000
70461  18.881  -16.986  74.951 1.0000000000
77648  34.205  -9.370  72.157 1.0000000000
124751  33.707  -9.817  72.237 1.0000000000
76598  32.808  -10.734  71.824 1.0000000000
70465  25.713  -16.923  74.767 1.0000000000
69437  23.149  -17.737  73.251 1.0000000000
69431  22.600  -18.184  73.792 1.0000000000
68427  21.355  -18.153  73.728 1.0000000000
77649  33.142  -10.157  71.574 1.0000000000
79422  11.830  -7.742  84.058 1.0000000000
78505  11.063  -8.178  84.312 1.0000000000
140832  11.661  -8.416  83.642 1.0000000000
129108  10.335  -7.954  85.364 1.0000000000
79421  12.365  -7.993  83.394 1.0000000000
79430  12.969  -7.930  82.865 1.0000000000
77553  9.659  -9.563  86.149 1.0000000000
66245  29.002  -20.587  84.428 1.0000000000
66233  29.809  -20.713  84.785 1.0000000000
128687  31.294  -19.973  85.144 0.8750000000
66232  30.476  -20.404  84.980 1.0000000000
77562  12.733  -9.402  81.909 1.0000000000
75393  9.115  -10.823  87.513 1.0000000000
126395  32.638  -19.483  84.184 0.8750000000
67314  32.380  -20.031  84.148 0.8750000000
67306  32.066  -19.529  84.804 0.8750000000
78522  13.469  -8.935  81.343 1.0000000000
67329  32.761  -19.319  82.238 0.3750000000
67322  32.633  -19.554  82.780 0.5000000000
75389  8.478  -11.178  87.831 1.0000000000
74321  8.634  -11.955  87.968 0.8750000000
74318  8.688  -12.645  88.225 0.8750000000
67328  33.341  -18.622  81.836 0.3750000000
70404  34.902  -16.815  81.216 0.6250000000
68329  34.283  -17.425  81.451 0.5000000000
67344  26.326  -19.045  80.522 1.0000000000
71358  35.739  -15.720  81.634 0.6250000000
68350  26.478  -18.078  79.498 1.0000000000
68343  26.662  -18.345  80.219 1.0000000000
68344  26.117  -18.754  79.786 1.0000000000
72319  36.229  -14.961  81.514 0.7500000000
70431  27.596  -16.677  78.671 1.0000000000
70422  27.055  -16.812  79.071 1.0000000000
69368  26.760  -17.363  79.292 1.0000000000
67351  25.515  -19.156  79.396 1.0000000000
74348  35.732  -12.919  80.529 0.8750000000
138198  28.025  -16.238  77.462 1.0000000000
71388  28.205  -16.362  78.180 1.0000000000
70441  27.511  -16.614  77.848 1.0000000000
69369  26.223  -17.795  78.869 1.0000000000
68351  25.875  -18.455  79.096 1.0000000000
68352  25.234  -18.797  78.776 1.0000000000
126279  34.770  -12.078  79.896 0.8750000000
70442  26.724  -16.721  77.470 1.0000000000
69380  25.102  -18.110  77.987 1.0000000000
68359  24.887  -18.551  78.263 1.0000000000
74380  17.313  -12.392  77.818 1.0000000000
75433  34.173  -11.367  77.540 1.0000000000
71394  27.409  -16.277  77.101 1.0000000000
75441  33.928  -11.207  76.701 1.0000000000
126890  27.958  -15.725  76.034 1.0000000000
71401  27.497  -16.092  76.387 1.0000000000
69392  24.997  -18.015  77.549 1.0000000000
72370  17.630  -14.590  76.923 1.0000000000
73351  17.727  -13.881  76.782 1.0000000000
139778  40.889  -9.423  74.646 1.0000000000
77619  40.167  -8.683  74.738 1.0000000000
71411  26.985  -16.352  75.911 1.0000000000
146974  17.777  -15.718  76.522 1.0000000000
135807  33.135  -11.816  72.870 1.0000000000
71410  27.535  -15.937  75.578 1.0000000000
71420  26.987  -16.199  75.016 1.0000000000
70464  26.384  -16.642  75.355 1.0000000000
147796  18.530  -15.579  75.385 1.0000000000
71412  18.810  -16.063  74.851 1.0000000000
76563  43.432  -10.212  74.607 1.0000000000
79493  36.849  -8.094  73.090 1.0000000000
78602  34.918  -8.969  72.046 1.0000000000
75493  32.361  -11.410  71.611 1.0000000000
70471  26.332  -16.485  74.411 1.0000000000
69429  24.122  -17.643  74.001 1.0000000000
68428  20.667  -17.854  73.779 1.0000000000
70476  20.109  -17.173  73.776 1.0000000000
69433  19.560  -17.446  74.541 1.0000000000
129969  34.573  -9.341  71.309 1.0000000000
77658  33.693  -9.681  71.238 1.0000000000
70472  25.547  -16.797  73.740 1.0000000000
70474  24.077  -17.224  72.895 1.0000000000
69444  21.701  -17.222  72.713 1.0000000000
69439  21.031  -17.424  73.188 1.0000000000
70475  20.515  -16.514  73.177 1.0000000000
77659  32.831  -9.948  70.635 1.0000000000
76599  32.173  -10.923  71.177 1.0000000000
70481  24.924  -16.806  72.893 1.0000000000
69442  23.259  -17.133  72.555 1.0000000000
69443  22.470  -17.246  72.608 1.0000000000
71384  8.469  -14.973  80.230 0.8750000000
78503  9.562  -8.135  86.669 1.0000000000
131058  9.399  -8.836  86.685 1.0000000000
144364  29.162  -19.830  84.321 1.0000000000
78501  8.895  -8.344  87.955 1.0000000000
67309  29.893  -19.655  84.766 1.0000000000
66244  29.478  -20.186  84.586 1.0000000000
78499  7.637  -8.565  88.140 1.0000000000
78498  8.121  -8.846  88.265 1.0000000000
144580  8.430  -9.406  88.089 0.8750000000
77550  9.001  -9.289  87.441 1.0000000000
67308  30.511  -19.427  85.047 1.0000000000
67315  29.403  -19.351  84.466 1.0000000000
79437  13.868  -8.003  81.868 1.0000000000
77549  7.595  -9.152  88.119 0.8750000000
77548  7.950  -9.575  88.210 0.8750000000
76500  8.651  -9.930  87.697 1.0000000000
78500  7.448  -8.849  88.036 0.8750000000
76499  7.622  -9.579  87.738 0.8750000000
147609  7.877  -10.394  87.954 0.8750000000
76497  8.081  -10.406  88.080 0.8750000000
68323  32.916  -18.984  83.032 0.7500000000
67313  32.617  -19.767  83.524 0.8750000000
68314  32.402  -18.749  84.477 0.8750000000
68325  28.306  -18.839  83.192 1.0000000000
76501  7.856  -10.426  86.859 0.8750000000
75391  7.851  -10.511  87.732 0.8750000000
75390  8.173  -11.027  87.788 0.8750000000
125399  33.689  -18.052  82.445 0.6250000000
140904  33.289  -18.428  82.779 0.7500000000
68332  27.934  -18.717  82.621 1.0000000000
78531  14.866  -7.962  80.651 1.0000000000
75394  7.934  -11.222  86.981 0.8750000000
74329  8.031  -11.901  86.919 0.8750000000
128199  8.176  -11.553  87.569 0.8750000000
69345  34.190  -17.554  82.109 0.6250000000
68330  33.782  -18.091  81.932 0.6250000000
68336  27.495  -18.683  81.824 1.0000000000
68337  26.811  -18.572  81.107 1.0000000000
78540  15.775  -8.206  79.661 0.8750000000
74326  8.113  -12.443  87.165 0.8750000000
70397  35.091  -16.463  81.816 0.7500000000
133323  34.590  -17.070  81.768 0.6250000000
69355  27.130  -17.976  80.583 1.0000000000
78539  16.226  -8.676  79.261 0.8750000000
136279  35.672  -14.785  82.258 0.7500000000
70414  27.892  -16.680  80.181 1.0000000000
69354  27.556  -17.329  80.569 1.0000000000
69362  27.054  -17.713  79.912 1.0000000000
72329  35.751  -13.839  81.907 0.7500000000
71381  28.895  -16.006  79.446 1.0000000000
71382  28.280  -16.382  79.008 1.0000000000
70421  27.737  -16.663  79.391 1.0000000000
69361  27.338  -17.046  79.707 1.0000000000
129990  16.830  -10.031  78.647 0.8750000000
73306  35.910  -13.437  81.070 0.8750000000
145024  28.815  -15.901  78.597 1.0000000000
76530  17.193  -10.743  78.109 0.8750000000
133402  29.445  -15.464  78.235 1.0000000000
71393  28.746  -15.835  77.613 1.0000000000
75425  34.570  -11.475  78.672 1.0000000000
71400  28.166  -15.896  76.755 1.0000000000
72368  28.915  -15.586  76.847 1.0000000000
72369  18.021  -14.532  76.200 1.0000000000
72334  7.532  -14.415  81.492 0.8750000000
129057  41.845  -9.394  74.729 1.0000000000
77617  42.244  -8.746  74.743 1.0000000000
77618  41.243  -8.643  74.829 1.0000000000
78568  39.680  -8.061  74.686 1.0000000000
136385  33.515  -11.624  75.594 1.0000000000
72382  18.565  -14.837  75.562 1.0000000000
128811  42.777  -9.424  74.686 1.0000000000
79481  39.236  -7.699  74.365 1.0000000000
129481  38.086  -7.727  73.652 1.0000000000
72340  7.941  -14.625  80.624 0.8750000000
78600  36.277  -8.331  72.333 1.0000000000
125456  36.110  -8.656  71.310 1.0000000000
71428  26.981  -16.072  74.145 1.0000000000
78611  35.753  -8.967  70.357 1.0000000000
77657  34.279  -9.499  70.431 1.0000000000
76607  32.441  -10.419  71.007 0.8750000000
70479  26.328  -16.321  73.511 1.0000000000
77656  34.933  -9.337  69.697 1.0000000000
77664  34.094  -9.571  69.662 1.0000000000
77666  32.595  -9.915  69.554 0.8750000000
70480  25.695  -16.432  72.794 1.0000000000
132043  21.923  -16.634  72.321 1.0000000000
77665  33.459  -9.728  70.110 0.8750000000
147894  24.403  -16.678  72.362 1.0000000000
70483  22.809  -16.520  72.074 1.0000000000
149504  8.773  -14.667  80.105 0.8750000000
70490  25.047  -16.405  72.145 1.0000000000
70482  23.720  -16.675  72.185 1.0000000000
70492  23.442  -16.049  71.606 1.0000000000
140812  9.165  -15.179  79.792 0.8750000000
68383  10.736  -18.492  76.924 0.5000000000
67428  11.821  -19.930  73.120 0.2500000000
67414  11.543  -19.592  73.787 0.2500000000
68416  10.824  -19.308  74.954 0.2500000000
67415  10.873  -19.793  74.052 0.2500000000
67401  11.202  -19.394  74.435 0.3750000000
79412  11.260  -7.426  84.773 1.0000000000
79407  10.809  -7.058  85.803 1.0000000000
79408  9.892  -7.339  86.678 1.0000000000
141533  13.473  -7.356  83.013 1.0000000000
66256  28.730  -20.060  83.914 1.0000000000
126194  13.968  -7.255  82.612 1.0000000000
127092  14.486  -7.307  81.965 1.0000000000
68309  30.128  -18.895  84.812 1.0000000000
67316  28.920  -19.231  84.122 1.0000000000
79436  14.457  -7.798  81.362 1.0000000000
77551  7.799  -8.932  87.249 0.8750000000
69321  30.952  -17.802  84.926 0.8750000000
68316  30.215  -18.131  84.652 1.0000000000
68317  29.742  -18.778  84.564 1.0000000000
68318  29.248  -18.655  84.217 1.0000000000
79435  15.027  -7.281  81.278 0.8750000000
77554  7.940  -9.688  86.387 0.8750000000
68313  33.219  -18.408  83.417 0.8750000000
129435  32.995  -19.024  83.842 0.8750000000
68315  31.908  -17.752  84.707 0.8750000000
69329  30.582  -17.419  84.373 0.8750000000
69330  29.681  -18.115  84.249 1.0000000000
69331  29.273  -18.142  83.906 1.0000000000
68331  28.545  -18.288  82.950 1.0000000000
75396  8.078  -11.145  85.777 0.8750000000
70384  31.419  -16.528  84.097 0.8750000000
70386  30.398  -17.044  83.866 1.0000000000
69339  29.710  -17.541  83.758 1.0000000000
69346  28.801  -17.550  82.634 1.0000000000
129899  15.447  -7.856  80.105 0.8750000000
74333  8.049  -11.871  85.951 0.8750000000
71354  31.109  -15.900  83.342 0.8750000000
70392  30.586  -16.490  83.503 1.0000000000
70393  30.033  -16.816  83.377 1.0000000000
70394  29.460  -17.225  83.025 1.0000000000
69353  28.461  -17.149  81.825 1.0000000000
137733  27.504  -17.967  81.256 1.0000000000
78530  15.192  -8.494  80.071 0.8750000000
74337  7.936  -11.777  84.601 0.8750000000
135128  7.809  -12.581  85.102 0.8750000000
135129  7.995  -12.549  86.204 0.8750000000
71361  30.859  -15.613  82.686 1.0000000000
71362  30.042  -15.861  82.351 1.0000000000
70405  29.319  -16.107  81.968 1.0000000000
142050  27.953  -17.426  81.348 1.0000000000
135127  7.682  -12.620  83.944 0.8750000000
126432  30.756  -14.736  80.855 1.0000000000
71369  29.790  -15.704  81.573 1.0000000000
71375  29.059  -16.093  80.265 1.0000000000
70413  28.618  -16.470  80.602 1.0000000000
70407  28.190  -16.869  80.986 1.0000000000
135123  7.681  -11.938  83.295 0.8750000000
73290  7.629  -13.376  84.469 0.8750000000
72338  30.116  -15.222  80.495 1.0000000000
71380  29.531  -15.630  79.962 1.0000000000
73296  7.533  -13.417  83.293 0.8750000000
74349  35.045  -12.520  80.541 0.8750000000
149471  30.638  -14.857  80.166 1.0000000000
72344  30.101  -15.199  79.693 1.0000000000
71387  29.431  -15.528  79.117 1.0000000000
75436  17.464  -11.414  77.489 1.0000000000
75416  34.611  -11.652  79.235 1.0000000000
72343  30.768  -14.655  79.517 1.0000000000
128374  17.721  -12.956  76.911 1.0000000000
75426  34.189  -11.494  78.392 1.0000000000
72352  30.138  -15.104  78.821 1.0000000000
128132  30.217  -15.011  77.934 1.0000000000
73350  18.271  -13.397  76.210 1.0000000000
147162  18.165  -13.928  76.188 1.0000000000
141069  7.474  -14.892  83.802 0.8750000000
72310  7.546  -15.074  84.708 0.8750000000
71340  7.485  -15.647  85.529 0.8750000000
71336  7.476  -15.921  86.288 0.8750000000
73367  18.656  -13.958  75.703 1.0000000000
72318  7.491  -14.303  82.976 0.8750000000
70381  7.405  -16.506  85.776 0.8750000000
78566  41.754  -8.139  74.696 1.0000000000
72341  7.621  -14.303  80.979 0.8750000000
78565  42.780  -8.255  74.571 1.0000000000
79479  41.448  -7.625  74.456 1.0000000000
79480  39.952  -7.696  74.521 1.0000000000
79491  38.876  -7.434  73.820 1.0000000000
75469  33.405  -11.673  74.386 1.0000000000
75453  33.414  -11.839  75.094 1.0000000000
71409  28.077  -15.561  75.351 1.0000000000
70467  19.420  -16.579  74.367 1.0000000000
71430  19.886  -16.117  73.798 1.0000000000
79490  39.797  -7.309  74.012 1.0000000000
79504  38.507  -7.473  72.795 1.0000000000
71419  27.570  -15.806  74.754 1.0000000000
73323  7.981  -13.820  80.701 0.8750000000
79513  37.776  -7.830  71.888 1.0000000000
78609  37.461  -7.966  70.775 1.0000000000
76612  32.142  -10.187  70.157 0.8750000000
74437  32.577  -12.002  72.181 1.0000000000
72348  8.490  -14.329  80.333 0.8750000000
148457  36.192  -8.712  69.867 1.0000000000
76608  31.892  -10.723  70.474 1.0000000000
75494  31.790  -11.521  70.785 1.0000000000
72347  9.176  -14.272  79.942 0.8750000000
78618  35.802  -8.909  69.258 1.0000000000
77672  35.105  -9.262  68.742 1.0000000000
77674  33.496  -9.719  69.171 1.0000000000
77675  32.846  -9.929  68.516 0.8750000000
141699  31.926  -10.110  69.442 0.8750000000
76613  31.672  -10.473  69.668 0.8750000000
125709  34.559  -9.341  68.289 1.0000000000
125042  33.778  -9.596  68.279 0.8750000000
77682  32.896  -10.050  67.681 0.8750000000
123412  32.110  -10.165  68.010 0.8750000000
76619  31.504  -10.310  68.948 0.8750000000
70491  24.259  -16.276  71.742 1.0000000000
124144  34.138  -9.512  66.694 0.8750000000
77681  33.632  -9.732  67.500 0.8750000000
70425  10.087  -15.592  79.363 0.8750000000
77692  33.240  -10.032  66.705 0.8750000000
70426  9.356  -16.307  79.568 0.8750000000
70436  10.318  -16.561  78.851 0.7500000000
70446  10.851  -17.259  78.150 0.7500000000
69394  11.249  -17.768  77.409 0.7500000000
70437  9.635  -17.176  79.082 0.7500000000
69383  10.148  -17.477  78.545 0.7500000000
134074  11.060  -18.694  76.205 0.7500000000
68397  10.920  -19.037  75.541 0.5000000000
145881  12.019  -7.154  84.483 1.0000000000
79411  12.540  -7.312  83.980 1.0000000000
80318  11.763  -6.806  85.231 1.0000000000
80307  10.392  -6.592  86.800 0.8750000000
80297  10.868  -6.013  86.871 0.8750000000
81261  11.334  -5.476  86.940 0.8750000000
79404  9.542  -6.780  87.527 0.8750000000
80298  9.956  -6.189  87.393 0.8750000000
79420  13.045  -7.395  83.456 1.0000000000
79403  8.183  -7.956  88.261 1.0000000000
79405  9.061  -7.430  87.925 1.0000000000
80293  9.183  -6.445  87.682 0.8750000000
81262  10.308  -5.494  87.277 0.8750000000
131769  7.589  -8.267  87.980 1.0000000000
68322  33.496  -17.886  83.030 0.7500000000
69337  34.007  -17.349  82.757 0.7500000000
69327  32.401  -17.440  84.288 0.8750000000
79444  15.555  -7.307  80.537 0.8750000000
76504  8.103  -10.433  85.440 0.8750000000
130986  8.106  -11.014  84.678 0.8750000000
79454  16.120  -7.449  79.825 0.8750000000
71343  31.420  -15.981  83.729 0.8750000000
130581  7.948  -11.162  83.619 0.8750000000
70389  34.890  -16.335  82.521 0.7500000000
71360  31.611  -15.237  82.930 0.8750000000
77592  16.697  -9.060  78.723 0.8750000000
71349  35.300  -15.653  82.423 0.7500000000
72331  30.991  -14.845  81.585 1.0000000000
72325  31.286  -15.008  82.328 0.8750000000
143091  7.555  -12.642  82.997 0.8750000000
73318  31.326  -14.257  80.301 1.0000000000
72337  31.493  -14.323  81.179 1.0000000000
135122  7.491  -12.191  82.337 0.8750000000
147611  7.485  -13.676  82.573 0.8750000000
72351  30.883  -14.460  78.631 1.0000000000
131383  7.522  -14.216  84.019 0.8750000000
135126  7.439  -13.059  82.274 0.8750000000
72359  29.476  -15.325  77.353 1.0000000000
72358  30.165  -14.817  77.042 1.0000000000
71413  19.025  -15.169  75.014 1.0000000000
137827  7.513  -13.108  81.557 0.8750000000
73305  7.488  -13.869  81.990 0.8750000000
74395  33.501  -11.681  76.283 1.0000000000
72367  29.438  -15.196  76.525 1.0000000000
71422  19.415  -15.619  74.437 1.0000000000
79477  43.438  -7.766  74.308 1.0000000000
79478  42.447  -7.696  74.411 1.0000000000
129280  28.653  -15.482  76.052 1.0000000000
72380  28.723  -15.230  75.134 1.0000000000
80385  43.234  -6.578  73.656 1.0000000000
79489  41.333  -7.131  74.002 1.0000000000
79503  39.466  -7.212  73.105 1.0000000000
71427  27.603  -15.713  73.895 1.0000000000
80401  39.227  -7.029  72.138 1.0000000000
79512  38.558  -7.327  71.641 1.0000000000
74420  33.106  -12.347  73.720 1.0000000000
135444  21.436  -16.080  72.343 1.0000000000
70484  21.193  -16.656  72.663 1.0000000000
73322  8.260  -13.015  80.614 0.8750000000
142578  26.370  -16.104  72.751 1.0000000000
78617  37.210  -7.949  69.737 1.0000000000
125485  36.515  -8.415  69.399 1.0000000000
76614  31.136  -10.761  69.129 0.8750000000
75508  31.466  -11.165  69.858 0.8750000000
75501  31.330  -12.079  69.978 0.8750000000
75509  30.753  -11.590  69.219 0.8750000000
71437  25.955  -16.026  71.841 1.0000000000
71448  24.918  -15.943  71.351 1.0000000000
70493  22.755  -15.774  71.642 1.0000000000
71438  22.034  -15.824  71.920 1.0000000000
148614  35.619  -8.829  68.423 1.0000000000
77679  35.125  -9.024  67.998 1.0000000000
78641  34.905  -9.007  66.701 0.8750000000
76625  31.418  -10.293  68.233 0.8750000000
76620  30.884  -10.514  68.443 0.8750000000
143033  30.582  -10.978  68.652 0.8750000000
72346  9.935  -14.743  79.525 0.8750000000
123841  32.293  -10.258  67.146 0.8750000000
77683  31.462  -10.295  67.454 0.8750000000
76626  30.637  -10.400  67.664 0.8750000000
71449  24.017  -15.591  71.141 1.0000000000
77693  31.601  -10.346  66.473 0.8750000000
77684  30.918  -10.342  66.980 0.8750000000
76632  30.243  -10.358  66.869 0.8750000000
71390  10.611  -15.063  79.173 0.8750000000
77691  33.767  -9.601  65.978 0.8750000000
125198  33.100  -10.017  65.551 0.8750000000
124025  32.494  -10.276  66.293 0.8750000000
77694  30.747  -10.378  66.274 0.8750000000
70435  10.988  -15.652  78.632 0.8750000000
142388  11.135  -16.468  78.265 0.8750000000
70455  11.987  -17.204  76.828 0.8750000000
77712  32.141  -10.300  65.490 0.8750000000
68382  11.540  -18.109  76.576 0.7500000000
68396  11.742  -18.381  75.697 0.7500000000
66355  12.548  -19.740  72.427 0.1250000000
67413  12.247  -19.294  73.320 0.2500000000
80306  11.373  -6.426  86.178 0.8750000000
79410  13.169  -6.988  84.035 1.0000000000
149994  9.071  -6.960  87.869 1.0000000000
80292  9.558  -5.870  87.496 0.8750000000
82193  8.981  -5.210  87.108 0.8750000000
82192  9.528  -4.623  86.899 0.8750000000
132171  8.780  -7.127  87.831 1.0000000000
80294  8.869  -6.383  87.632 0.8750000000
81250  9.098  -5.853  87.543 0.8750000000
81264  8.738  -5.908  87.197 0.8750000000
78504  8.122  -8.268  86.674 1.0000000000
79406  8.242  -7.577  87.478 1.0000000000
80308  8.343  -6.891  86.459 0.8750000000
81276  8.645  -5.331  86.224 0.8750000000
82201  8.668  -4.625  85.528 0.8750000000
83059  8.804  -3.825  85.346 0.8750000000
79409  8.178  -7.546  86.010 1.0000000000
131381  8.330  -6.958  85.264 0.8750000000
126686  8.458  -5.882  85.460 0.8750000000
81287  8.518  -5.163  85.058 0.8750000000
77556  8.095  -8.998  85.763 0.8750000000
78507  8.273  -8.312  85.147 0.8750000000
78509  8.274  -8.348  83.789 1.0000000000
79413  8.324  -7.609  84.550 1.0000000000
80319  8.414  -6.403  84.922 0.8750000000
126560  8.502  -5.824  84.320 0.8750000000
142696  8.571  -4.409  84.633 0.8750000000
69338  33.649  -17.307  83.390 0.8750000000
69326  33.169  -17.577  83.874 0.8750000000
77557  8.198  -9.749  84.871 0.8750000000
77560  8.229  -9.040  84.276 0.8750000000
77561  8.192  -9.777  83.498 0.8750000000
78510  8.235  -9.056  82.900 1.0000000000
76509  7.914  -10.485  82.921 0.8750000000
70390  34.407  -16.556  82.922 0.7500000000
70391  33.871  -16.672  83.372 0.7500000000
71342  31.976  -15.802  84.007 0.8750000000
140981  16.285  -7.921  79.279 0.8750000000
78549  16.723  -8.150  78.780 0.8750000000
76506  8.177  -10.453  84.112 0.8750000000
77564  7.890  -9.799  82.400 1.0000000000
71341  32.804  -15.805  84.082 0.8750000000
78548  17.247  -8.513  78.246 0.8750000000
143801  17.143  -9.278  78.144 0.8750000000
71350  34.683  -15.640  83.021 0.7500000000
131835  33.933  -15.801  83.313 0.7500000000
71351  33.201  -15.247  83.614 0.8750000000
71352  32.459  -15.179  83.624 1.0000000000
72324  31.918  -14.625  82.596 1.0000000000
71353  31.811  -15.423  83.474 0.8750000000
77591  17.371  -9.858  77.714 0.8750000000
77601  17.861  -9.647  76.776 0.8750000000
75402  7.618  -11.284  82.442 0.8750000000
76512  7.630  -10.488  82.026 0.8750000000
72320  35.092  -14.047  82.415 0.7500000000
72312  32.947  -14.705  83.078 0.7500000000
72323  32.808  -14.326  82.556 0.8750000000
73300  32.684  -14.000  81.994 1.0000000000
73301  32.174  -14.286  82.212 1.0000000000
74390  17.812  -12.037  76.839 1.0000000000
141635  7.461  -12.498  81.756 0.8750000000
73307  35.019  -13.243  81.440 0.8750000000
73311  32.147  -14.030  81.582 1.0000000000
74389  18.385  -12.580  76.211 1.0000000000
73315  7.581  -13.766  81.252 0.8750000000
74350  34.388  -12.428  80.473 1.0000000000
131291  31.928  -13.470  80.080 1.0000000000
73326  31.429  -13.941  79.406 1.0000000000
132939  7.764  -13.062  81.030 0.8750000000
75417  34.145  -11.551  79.139 1.0000000000
73341  30.980  -14.391  77.690 1.0000000000
72392  19.587  -14.756  74.675 1.0000000000
80397  43.216  -6.009  73.010 1.0000000000
80398  42.120  -6.069  72.824 1.0000000000
74384  33.541  -11.679  77.138 1.0000000000
141588  29.350  -15.088  75.696 1.0000000000
80386  42.189  -6.593  73.523 1.0000000000
80399  41.009  -6.215  72.506 1.0000000000
74396  33.146  -12.320  75.664 1.0000000000
71435  27.589  -15.540  72.996 1.0000000000
71429  20.323  -15.561  73.361 1.0000000000
80395  44.962  -6.532  72.794 0.8750000000
80400  40.020  -6.692  72.383 1.0000000000
80410  39.097  -6.771  71.173 1.0000000000
71436  26.870  -15.753  72.405 1.0000000000
70485  20.806  -15.849  72.695 1.0000000000
73321  8.957  -12.927  80.283 0.8750000000
79509  44.936  -6.514  72.419 0.8750000000
80417  44.862  -5.640  71.599 0.8750000000
127428  37.900  -7.324  70.055 1.0000000000
74438  32.085  -12.299  71.440 1.0000000000
123520  26.952  -15.881  73.295 1.0000000000
73330  9.410  -13.453  79.906 0.8750000000
73329  10.207  -13.194  79.548 0.8750000000
79510  44.813  -6.574  71.899 0.8750000000
79529  37.550  -7.331  69.092 1.0000000000
79530  36.901  -7.834  68.772 1.0000000000
75517  30.093  -11.492  68.526 0.8750000000
141119  10.729  -14.435  79.253 0.8750000000
72355  10.939  -13.701  79.296 1.0000000000
72354  11.459  -14.253  78.751 1.0000000000
79544  36.578  -7.723  67.800 1.0000000000
78631  35.198  -8.899  67.351 1.0000000000
147457  11.154  -14.887  78.817 1.0000000000
71397  11.798  -15.011  78.164 0.8750000000
130565  35.522  -8.484  66.862 1.0000000000
78640  35.272  -8.471  66.088 0.8750000000
77690  34.500  -9.060  65.791 0.8750000000
70445  11.689  -15.951  77.892 0.8750000000
78659  34.211  -8.653  64.848 0.8750000000
77711  33.762  -9.372  65.195 0.7500000000
138507  11.553  -16.813  77.619 0.8750000000
77730  33.204  -9.611  64.725 0.7500000000
77731  32.552  -9.974  64.699 0.7500000000
77732  31.717  -10.189  64.632 0.7500000000
125037  31.227  -10.333  65.520 0.8750000000
142018  12.123  -17.701  76.162 0.7500000000
68415  11.500  -18.884  74.941 0.6250000000
68414  12.202  -18.273  74.879 0.7500000000
68438  12.780  -18.970  72.829 0.2500000000
68429  12.661  -18.553  73.465 0.3750000000
80317  12.700  -6.774  84.723 1.0000000000
141445  12.660  -6.021  86.525 0.8750000000
80296  11.842  -5.967  86.532 0.8750000000
80327  13.696  -6.920  83.615 1.0000000000
129233  13.229  -6.486  85.329 0.8750000000
80305  12.436  -6.420  85.835 0.8750000000
147351  13.818  -7.030  83.108 1.0000000000
80316  13.704  -6.603  84.569 0.8750000000
82191  10.151  -4.792  87.197 0.8750000000
79428  14.652  -6.790  82.647 0.8750000000
83048  10.203  -4.028  86.709 0.8750000000
82198  9.433  -3.825  86.241 0.8750000000
125594  15.119  -6.746  81.997 0.8750000000
82199  8.956  -4.534  86.302 0.8750000000
128727  16.607  -6.176  80.825 0.8750000000
80351  17.180  -5.917  80.558 0.8750000000
149497  8.327  -8.339  82.818 1.0000000000
83058  9.295  -3.036  85.554 0.8750000000
79443  16.264  -6.771  80.350 0.8750000000
142428  16.900  -6.335  80.112 0.8750000000
80328  8.440  -6.765  83.935 0.8750000000
148154  16.682  -6.888  79.773 0.8750000000
126881  16.846  -7.336  79.169 0.8750000000
149563  8.501  -6.078  83.589 0.8750000000
129354  8.561  -5.031  84.150 0.8750000000
78516  7.842  -9.238  82.043 1.0000000000
78556  17.740  -8.910  77.501 0.8750000000
72311  33.872  -14.818  83.089 0.7500000000
75447  17.961  -11.178  76.639 1.0000000000
127084  18.619  -11.013  76.174 1.0000000000
75406  7.488  -11.793  81.684 0.8750000000
72322  33.447  -14.160  82.594 0.8750000000
75446  18.517  -11.722  76.148 1.0000000000
73298  33.897  -13.687  82.050 0.7500000000
74347  7.569  -12.354  81.300 0.8750000000
73310  32.732  -13.473  81.180 1.0000000000
71446  27.570  -15.419  71.975 1.0000000000
71460  27.236  -15.502  70.980 1.0000000000
72366  30.131  -14.791  76.051 1.0000000000
72379  29.411  -14.916  74.941 1.0000000000
72390  28.812  -14.982  74.268 1.0000000000
123401  26.317  -15.628  70.953 1.0000000000
72428  24.991  -14.911  70.001 1.0000000000
72429  24.509  -14.465  70.189 1.0000000000
73419  23.969  -13.695  70.343 1.0000000000
74356  8.528  -12.287  80.496 0.7500000000
74377  33.660  -11.798  77.979 1.0000000000
71447  26.768  -15.627  71.620 1.0000000000
144753  25.514  -15.683  70.862 1.0000000000
71462  24.676  -15.317  70.543 1.0000000000
81359  42.064  -5.609  72.035 1.0000000000
74385  33.059  -12.350  76.611 1.0000000000
71418  28.166  -15.430  74.515 1.0000000000
71426  28.238  -15.297  73.634 1.0000000000
81357  44.162  -5.621  72.362 0.8750000000
81358  43.165  -5.468  72.307 1.0000000000
81360  41.230  -5.679  71.713 1.0000000000
80420  39.504  -6.241  70.797 1.0000000000
74412  33.139  -12.426  74.741 1.0000000000
73387  32.529  -13.191  73.474 1.0000000000
71452  21.821  -14.885  71.864 1.0000000000
71439  21.305  -15.343  72.315 1.0000000000
74367  9.623  -12.720  79.870 1.0000000000
81364  44.795  -5.403  71.665 0.8750000000
80429  38.701  -6.198  69.417 1.0000000000
74425  32.733  -12.594  72.820 1.0000000000
145051  31.668  -13.387  71.469 1.0000000000
71451  22.409  -15.228  71.570 1.0000000000
73328  11.079  -12.939  79.237 0.8750000000
141980  11.658  -12.716  78.679 0.8750000000
80418  44.659  -5.892  71.042 0.8750000000
80430  38.117  -6.720  69.157 1.0000000000
79543  37.340  -7.100  68.232 1.0000000000
74449  31.553  -12.597  70.719 1.0000000000
72362  12.224  -14.009  78.037 0.8750000000
148354  12.578  -14.079  77.222 0.8750000000
79519  44.006  -6.693  71.138 0.7500000000
143845  29.588  -10.943  67.458 0.8750000000
148556  36.598  -7.195  66.998 1.0000000000
79553  36.147  -7.361  66.374 1.0000000000
76621  30.035  -10.730  68.087 0.8750000000
71396  12.185  -15.482  77.494 0.8750000000
71405  12.577  -15.420  76.836 0.8750000000
79559  35.617  -7.626  65.692 0.8750000000
79560  34.953  -8.251  65.274 0.7500000000
76633  29.636  -10.493  66.505 0.8750000000
78660  33.521  -8.991  64.434 0.7500000000
77713  30.511  -10.302  65.569 0.8750000000
70454  12.252  -16.253  77.126 0.8750000000
69408  12.509  -17.025  76.151 1.0000000000
71415  12.721  -16.160  76.269 1.0000000000
78661  32.805  -9.333  64.034 0.7500000000
148363  32.139  -9.841  64.048 0.7500000000
77733  30.699  -10.156  64.648 0.7500000000
69422  12.416  -17.545  75.416 0.7500000000
68437  13.319  -18.413  72.873 0.2500000000
130828  12.589  -18.035  74.157 0.6250000000
80304  13.261  -6.240  86.108 0.8750000000
80326  15.060  -6.406  83.446 0.8750000000
80314  15.164  -6.177  84.381 0.8750000000
128319  14.435  -6.543  84.026 0.8750000000
81260  12.349  -5.436  86.884 0.8750000000
82190  11.652  -4.859  86.964 0.8750000000
80334  15.256  -6.443  82.683 0.8750000000
131854  10.860  -4.904  87.040 0.8750000000
144290  10.556  -4.502  86.918 0.8750000000
80333  15.770  -6.207  82.206 0.8750000000
83047  11.089  -4.249  86.710 0.8750000000
83819  11.045  -3.303  86.290 0.8750000000
80342  15.792  -6.598  81.237 0.8750000000
83057  9.941  -3.043  86.235 0.8750000000
79423  8.386  -7.686  83.331 1.0000000000
79462  17.387  -7.705  78.508 0.8750000000
131987  8.447  -7.130  82.874 0.8750000000
146457  8.586  -3.592  84.227 0.8750000000
78547  17.971  -8.097  77.992 0.8750000000
79431  8.337  -7.820  82.308 0.8750000000
80335  8.477  -6.954  82.186 0.8750000000
81296  8.474  -6.298  82.895 0.8750000000
82203  8.528  -4.373  83.548 0.8750000000
83069  8.631  -3.470  83.356 0.8750000000
129273  8.540  -4.825  82.797 0.8750000000
76550  18.287  -10.410  76.498 1.0000000000
77567  7.714  -9.792  81.609 0.8750000000
72321  34.254  -14.002  82.597 0.7500000000
76519  7.714  -10.701  80.877 0.7500000000
77574  7.698  -10.107  81.091 0.7500000000
75411  7.583  -11.437  81.110 0.7500000000
73297  34.644  -13.593  81.979 0.7500000000
74357  7.855  -12.272  80.823 0.7500000000
132041  33.200  -13.563  81.600 0.8750000000
74352  33.069  -12.905  80.518 1.0000000000
75415  8.061  -11.493  80.669 0.7500000000
74340  34.619  -12.861  81.016 0.8750000000
73317  32.482  -13.273  80.500 1.0000000000
138592  24.190  -11.605  70.806 0.8750000000
143777  24.409  -10.918  71.457 0.8750000000
76587  24.803  -10.335  72.909 0.8750000000
72381  19.244  -14.386  75.213 1.0000000000
73325  32.043  -13.368  79.357 1.0000000000
73333  31.694  -13.655  78.465 1.0000000000
134195  24.302  -12.333  70.091 0.8750000000
74439  23.662  -12.133  71.064 0.8750000000
75495  24.012  -11.379  71.620 0.8750000000
75484  23.756  -11.337  72.399 0.8750000000
74355  9.207  -12.313  80.229 0.7500000000
74360  34.232  -11.971  79.787 1.0000000000
73349  30.975  -14.346  76.746 1.0000000000
71434  28.313  -15.217  72.714 1.0000000000
71461  25.425  -15.325  70.122 1.0000000000
74451  23.978  -12.618  70.391 1.0000000000
71421  19.882  -15.151  74.020 1.0000000000
132425  26.699  -15.827  70.171 1.0000000000
73405  23.298  -13.082  70.773 1.0000000000
74440  23.037  -12.574  71.349 1.0000000000
72400  20.369  -14.700  73.670 1.0000000000
74378  33.089  -12.375  77.501 1.0000000000
73347  32.531  -13.082  76.089 1.0000000000
72417  23.097  -14.096  70.830 1.0000000000
74366  10.417  -12.460  79.528 1.0000000000
81376  42.775  -4.643  70.861 1.0000000000
81388  40.252  -5.203  69.659 1.0000000000
81380  39.194  -5.828  69.609 1.0000000000
73361  32.617  -13.113  75.205 1.0000000000
139812  32.229  -13.757  73.978 1.0000000000
73388  31.866  -13.945  73.250 1.0000000000
72405  31.344  -14.124  71.951 1.0000000000
72430  23.850  -14.759  70.623 1.0000000000
74365  11.248  -12.122  79.107 0.8750000000
73335  12.204  -13.041  78.162 0.8750000000
81365  43.993  -5.010  71.693 0.8750000000
82262  40.165  -4.979  68.853 1.0000000000
73396  32.299  -13.275  72.780 1.0000000000
71450  23.108  -15.167  71.187 1.0000000000
73343  12.555  -13.376  77.427 0.8750000000
80426  45.063  -5.140  70.846 0.8750000000
80436  38.468  -6.000  68.642 1.0000000000
80444  37.507  -6.277  67.550 1.0000000000
74450  31.093  -12.857  70.155 0.8750000000
149657  30.262  -12.867  69.077 0.8750000000
80419  43.582  -6.468  70.430 0.8750000000
147706  37.036  -6.588  67.011 1.0000000000
80451  36.616  -6.501  66.362 1.0000000000
74465  30.209  -12.278  68.892 0.8750000000
74466  29.682  -12.249  68.281 0.8750000000
75525  29.170  -11.528  67.044 0.8750000000
72372  12.856  -14.581  76.585 0.8750000000
73353  12.906  -13.681  76.735 0.8750000000
125840  42.412  -7.026  70.058 0.7500000000
75536  29.309  -10.853  66.782 0.8750000000
80452  36.142  -6.907  65.777 1.0000000000
79568  35.262  -7.545  64.876 0.7500000000
77695  30.053  -10.383  66.066 0.7500000000
76652  29.335  -10.314  65.780 0.8750000000
141334  12.977  -15.354  76.194 0.8750000000
79569  34.607  -7.870  64.453 0.7500000000
79570  33.871  -8.286  64.070 0.6250000000
77734  29.749  -10.034  64.302 0.7500000000
77714  29.878  -10.200  65.250 0.7500000000
70463  12.792  -16.658  75.458 0.8750000000
143373  33.260  -8.655  63.848 0.7500000000
77751  32.012  -9.243  63.495 0.7500000000
78672  31.047  -9.084  63.090 0.7500000000
77753  30.439  -9.720  63.656 0.7500000000
126344  13.820  -18.352  72.189 0.2500000000
69435  12.581  -17.604  74.699 0.7500000000
80303  13.930  -6.345  85.526 0.8750000000
80295  13.315  -5.874  86.971 0.8750000000
80315  14.591  -6.301  84.936 0.8750000000
81259  14.267  -6.072  87.046 0.8750000000
82188  13.032  -5.342  87.648 0.8750000000
82189  12.394  -4.802  87.222 0.8750000000
80341  16.443  -5.913  81.673 0.8750000000
81274  14.701  -6.129  85.981 0.8750000000
81249  13.880  -5.617  87.729 0.8750000000
82182  12.572  -3.816  86.898 0.8750000000
83046  12.060  -3.127  86.379 0.8750000000
80340  17.094  -5.699  81.226 0.8750000000
80361  17.243  -6.609  79.507 0.8750000000
83829  10.501  -2.269  85.989 0.8750000000
79453  17.664  -6.991  78.901 0.8750000000
79452  18.580  -6.863  78.861 0.8750000000
79461  18.239  -7.420  78.387 0.8750000000
83065  8.796  -3.075  84.737 0.8750000000
79467  18.781  -7.747  77.908 0.8750000000
137299  8.080  -8.632  82.131 1.0000000000
133666  8.266  -8.299  81.681 0.8750000000
79438  8.482  -7.514  81.678 0.8750000000
129656  8.603  -6.233  82.142 0.8750000000
81304  8.598  -5.546  82.482 0.8750000000
83847  8.611  -2.686  83.945 0.8750000000
79473  25.610  -7.961  75.988 0.7500000000
79470  25.818  -7.886  76.588 0.7500000000
78523  7.967  -9.023  81.593 1.0000000000
80344  8.764  -6.658  81.586 0.8750000000
82206  8.665  -4.141  82.748 0.8750000000
83856  8.865  -2.837  83.243 0.8750000000
144530  25.190  -7.836  75.556 0.7500000000
78559  26.132  -8.610  76.221 0.8750000000
125873  8.317  -8.683  81.225 0.8750000000
79446  8.770  -7.298  81.286 0.8750000000
80343  9.207  -6.070  81.330 0.8750000000
82205  9.080  -4.138  82.291 0.8750000000
83073  9.042  -3.399  82.659 0.8750000000
79482  25.162  -8.046  74.949 0.7500000000
78561  25.659  -8.406  75.500 0.7500000000
125411  7.928  -10.138  80.813 0.8750000000
79445  9.012  -7.582  80.874 0.8750000000
80354  9.302  -6.774  80.990 0.8750000000
81313  9.484  -5.239  81.471 0.8750000000
82211  9.402  -4.489  81.854 0.8750000000
78573  25.194  -8.312  74.323 0.7500000000
133063  25.440  -8.530  74.902 0.7500000000
138652  26.039  -9.050  75.685 0.7500000000
76518  8.380  -10.734  80.561 0.8750000000
81312  10.325  -5.160  80.959 0.8750000000
78581  25.242  -8.567  73.614 0.7500000000
77626  25.520  -8.966  74.331 0.8750000000
77611  25.709  -9.034  75.147 0.8750000000
74400  18.915  -13.098  75.642 1.0000000000
147041  10.478  -5.577  80.664 0.8750000000
73309  33.704  -13.394  81.572 0.8750000000
74342  33.442  -13.078  81.075 1.0000000000
78593  25.196  -8.851  72.695 0.7500000000
76586  25.167  -9.861  73.192 0.7500000000
76578  25.362  -9.729  73.968 0.8750000000
75414  9.033  -11.561  80.359 0.7500000000
147307  33.326  -12.527  79.940 1.0000000000
128689  24.497  -10.789  70.883 0.8750000000
77650  25.048  -9.487  72.125 0.8750000000
74351  33.778  -12.497  80.370 0.8750000000
74362  32.646  -12.941  79.823 1.0000000000
74379  32.449  -13.014  77.925 1.0000000000
73340  31.761  -13.749  77.380 1.0000000000
75502  24.381  -11.448  70.205 0.8750000000
73383  19.929  -14.051  75.002 1.0000000000
130147  9.745  -11.235  79.993 0.8750000000
72389  29.661  -14.683  74.063 1.0000000000
71445  28.489  -15.263  71.720 1.0000000000
72442  24.894  -14.359  69.651 1.0000000000
74459  24.468  -13.103  69.458 1.0000000000
127514  23.318  -11.914  71.801 1.0000000000
75422  9.833  -11.937  79.851 0.8750000000
76523  10.979  -10.821  79.299 0.8750000000
76533  11.592  -10.324  78.781 0.8750000000
77593  12.209  -9.828  78.283 0.8750000000
74361  33.745  -12.017  79.587 1.0000000000
74372  33.153  -12.391  78.402 1.0000000000
128261  27.618  -15.882  69.938 1.0000000000
72453  25.791  -14.961  68.652 1.0000000000
73440  24.797  -13.652  68.622 1.0000000000
71440  20.677  -14.993  72.852 1.0000000000
138547  10.574  -11.867  79.483 0.8750000000
75429  11.619  -11.262  78.726 0.8750000000
76532  12.205  -10.661  78.246 0.8750000000
75437  12.580  -11.744  77.567 0.8750000000
73339  32.461  -13.045  76.987 1.0000000000
73362  32.014  -13.902  75.583 1.0000000000
73406  22.549  -13.405  71.450 1.0000000000
75420  10.990  -11.484  79.286 0.8750000000
74374  12.076  -12.113  78.320 0.8750000000
75428  12.268  -11.347  78.131 0.8750000000
82259  43.153  -4.024  69.588 1.0000000000
82252  42.403  -4.367  70.174 1.0000000000
82253  41.535  -4.649  69.940 1.0000000000
73379  32.156  -13.869  74.710 1.0000000000
72387  31.590  -14.262  74.085 1.0000000000
72406  30.701  -14.507  72.066 1.0000000000
72418  22.420  -14.457  71.415 1.0000000000
74381  12.546  -12.551  77.566 0.8750000000
75449  12.887  -12.125  76.977 0.8750000000
82258  44.259  -3.936  69.782 1.0000000000
82251  43.624  -4.217  70.352 1.0000000000
81398  39.493  -5.168  68.477 1.0000000000
72414  30.924  -14.116  71.360 1.0000000000
72426  30.230  -14.368  69.884 1.0000000000
73437  29.680  -13.844  68.523 0.8750000000
82257  44.718  -4.062  69.510 1.0000000000
81386  44.768  -4.571  70.243 0.8750000000
81406  37.791  -5.350  67.178 0.8750000000
73418  31.088  -13.443  70.701 0.8750000000
73431  30.277  -13.604  69.206 0.8750000000
73444  29.408  -13.147  68.008 0.8750000000
74484  28.562  -12.200  66.666 0.8750000000
81387  44.476  -4.866  69.267 0.8750000000
80427  44.392  -5.456  70.106 0.8750000000
81412  38.234  -4.920  66.791 0.8750000000
81414  36.851  -5.563  66.008 0.8750000000
74472  29.147  -12.430  67.412 0.8750000000
133790  43.782  -5.681  69.264 0.7500000000
80428  43.192  -6.349  69.620 0.7500000000
80458  36.298  -6.107  65.525 1.0000000000
75537  28.593  -11.344  66.259 0.8750000000
75555  28.233  -10.805  65.602 0.8750000000
72384  13.300  -14.827  75.762 0.8750000000
79526  42.205  -6.840  69.209 0.7500000000
81423  35.897  -5.746  64.707 1.0000000000
147251  35.547  -6.391  64.466 0.8750000000
80466  35.144  -6.974  64.189 0.7500000000
76653  28.638  -10.327  65.415 0.7500000000
71414  13.205  -15.752  75.431 0.8750000000
79580  34.200  -7.419  63.594 0.6250000000
77754  29.556  -9.578  63.506 0.7500000000
77715  29.081  -10.157  64.970 0.7500000000
80467  34.738  -6.376  63.430 0.6250000000
78670  33.352  -8.014  63.468 0.6250000000
78671  32.656  -8.564  63.440 0.7500000000
78673  30.142  -9.223  63.063 0.7500000000
79582  31.853  -8.413  63.005 0.6250000000
69440  13.187  -17.797  73.505 0.7500000000
70469  12.749  -17.063  74.884 0.7500000000
124183  15.828  -5.891  84.035 0.8750000000
81303  16.441  -5.684  82.558 0.8750000000
81295  15.795  -6.032  83.076 0.8750000000
140938  16.045  -5.588  84.871 0.8750000000
81286  15.384  -5.919  85.209 0.8750000000
81258  15.169  -5.969  86.901 0.8750000000
149096  13.690  -5.193  88.037 0.8750000000
82181  13.199  -4.574  87.814 0.8750000000
83045  12.730  -3.010  86.646 0.8750000000
83818  12.450  -2.284  86.352 0.8750000000
135004  15.733  -5.812  87.639 0.8750000000
81248  14.836  -5.746  87.927 0.8750000000
82180  14.463  -5.324  88.386 0.8750000000
83828  11.534  -2.307  86.053 0.8750000000
77576  24.385  -10.113  80.192 1.0000000000
131202  17.581  -6.043  80.019 0.8750000000
84691  11.061  -1.577  85.878 0.8750000000
80367  25.536  -7.079  77.756 0.7500000000
78543  26.302  -8.652  78.547 1.0000000000
78535  26.326  -8.773  79.434 1.0000000000
77575  25.690  -9.539  79.716 1.0000000000
80359  19.033  -6.360  79.500 0.8750000000
83830  9.748  -2.256  85.644 0.8750000000
134221  9.200  -2.420  84.777 0.8750000000
80372  23.930  -6.920  76.335 0.6250000000
80368  24.821  -6.884  77.471 0.6250000000
79458  26.103  -7.377  78.161 0.8750000000
79457  26.394  -7.930  78.738 1.0000000000
127475  25.373  -9.866  79.282 1.0000000000
142165  9.554  -1.624  84.900 0.8750000000
81339  22.513  -5.953  75.464 0.6250000000
79466  25.342  -7.406  76.999 0.6250000000
79465  25.941  -7.682  77.350 0.8750000000
78552  26.300  -8.149  77.908 0.8750000000
77595  26.170  -9.116  77.914 1.0000000000
77585  25.956  -9.348  78.891 1.0000000000
84699  9.002  -1.819  84.117 0.8750000000
80376  23.009  -6.593  75.108 0.6250000000
79471  24.717  -7.210  76.694 0.6250000000
144172  25.283  -7.631  76.333 0.7500000000
78553  26.211  -8.428  77.094 1.0000000000
77586  25.424  -9.954  78.531 1.0000000000
77600  18.539  -9.004  76.896 1.0000000000
83846  9.070  -2.132  83.472 0.8750000000
83855  9.299  -2.537  82.821 0.8750000000
80379  22.861  -6.675  74.298 0.6250000000
80375  23.851  -7.122  75.513 0.6250000000
80374  24.715  -7.500  75.924 0.7500000000
77596  26.126  -9.282  76.982 1.0000000000
76543  25.408  -10.064  77.128 1.0000000000
77573  7.980  -9.483  81.024 0.8750000000
79474  24.553  -7.597  75.042 0.7500000000
77604  25.975  -9.499  76.261 1.0000000000
139335  25.298  -10.145  76.346 1.0000000000
123369  8.662  -9.015  80.747 0.8750000000
135835  8.772  -8.267  80.827 0.8750000000
83078  9.599  -3.809  82.017 0.8750000000
127197  24.712  -7.863  74.193 0.7500000000
76556  25.654  -9.685  75.584 1.0000000000
76557  25.067  -10.315  75.794 0.8750000000
75457  19.113  -12.256  75.664 1.0000000000
77572  8.695  -9.897  80.556 0.8750000000
78533  9.282  -8.630  80.546 0.8750000000
78532  9.508  -8.037  80.531 0.8750000000
81321  9.895  -5.923  80.901 0.8750000000
82216  11.008  -4.527  80.863 0.8750000000
135434  24.958  -8.213  72.981 0.7500000000
76572  25.508  -9.651  74.788 0.8750000000
75454  24.510  -10.640  74.988 0.8750000000
74399  19.753  -12.906  75.534 1.0000000000
77584  9.405  -9.288  80.357 0.8750000000
124694  9.795  -7.363  80.553 0.8750000000
80353  10.231  -6.655  80.512 0.8750000000
81320  11.109  -5.280  80.453 0.8750000000
140076  25.013  -8.910  71.891 0.7500000000
75470  24.386  -10.638  74.065 0.8750000000
74421  22.664  -11.864  73.400 0.8750000000
73366  19.513  -13.661  75.378 1.0000000000
76517  9.294  -10.699  80.298 0.8750000000
77583  10.157  -9.563  79.837 0.8750000000
78542  10.100  -8.626  80.122 0.8750000000
79456  10.564  -7.279  80.052 0.8750000000
80352  11.110  -6.528  79.890 0.8750000000
143742  11.349  -5.814  80.012 0.8750000000
76609  24.685  -9.993  70.811 0.8750000000
75476  24.257  -10.809  73.137 0.8750000000
75477  23.407  -11.380  73.172 0.8750000000
76524  10.140  -10.524  79.761 0.8750000000
78541  10.951  -8.999  79.478 0.8750000000
79455  10.880  -7.985  79.544 0.8750000000
142603  11.243  -7.228  79.565 0.8750000000
79464  11.758  -7.570  79.104 0.8750000000
74373  32.553  -12.977  78.870 1.0000000000
76615  24.474  -10.574  70.131 0.8750000000
136371  24.257  -10.382  69.298 0.8750000000
74427  22.937  -11.844  72.559 0.8750000000
127037  22.304  -12.460  72.859 1.0000000000
72391  20.135  -14.377  74.415 1.0000000000
77582  10.943  -9.934  79.348 0.8750000000
78551  11.692  -8.458  78.987 0.8750000000
73348  31.880  -13.839  76.464 1.0000000000
73363  31.081  -14.379  75.835 1.0000000000
72397  29.644  -14.600  73.103 1.0000000000
72408  29.093  -14.942  72.497 1.0000000000
130160  24.319  -12.127  69.481 0.8750000000
75510  24.223  -11.830  68.785 0.8750000000
142271  23.907  -11.080  67.678 0.8750000000
74428  22.613  -12.522  71.994 1.0000000000
73398  21.994  -13.163  72.318 1.0000000000
75421  10.375  -11.320  79.601 0.8750000000
77594  11.635  -9.401  78.863 0.8750000000
78550  12.318  -8.837  78.231 0.8750000000
72388  30.677  -14.535  74.185 1.0000000000
71444  29.118  -15.234  70.862 1.0000000000
71487  26.549  -15.358  68.912 1.0000000000
75519  24.247  -11.875  67.944 0.8750000000
72409  21.802  -13.983  71.942 1.0000000000
72410  21.264  -14.489  72.472 1.0000000000
73380  31.296  -14.345  74.947 1.0000000000
144440  30.246  -14.531  73.518 1.0000000000
72416  29.416  -15.062  71.672 1.0000000000
71472  28.113  -15.466  69.290 1.0000000000
72460  25.981  -14.571  67.909 1.0000000000
74474  25.213  -13.056  66.800 1.0000000000
74488  24.775  -12.342  66.481 0.8750000000
137366  12.605  -10.954  77.584 0.8750000000
142891  13.047  -11.328  76.852 0.8750000000
82269  42.513  -3.960  68.734 1.0000000000
82260  41.933  -4.291  69.469 1.0000000000
72396  30.408  -14.526  72.853 1.0000000000
72415  30.166  -14.734  71.412 1.0000000000
72427  29.911  -14.854  70.662 1.0000000000
72450  28.143  -14.600  68.132 1.0000000000
73447  26.895  -14.045  67.116 1.0000000000
74487  25.406  -12.511  66.129 0.8750000000
75540  24.474  -11.655  66.191 0.8750000000
82268  44.018  -3.734  68.899 1.0000000000
82271  40.734  -4.597  68.493 1.0000000000
82272  39.977  -4.817  68.092 1.0000000000
72440  29.707  -14.475  69.179 1.0000000000
72449  28.963  -14.515  68.629 1.0000000000
73452  26.768  -13.444  66.686 0.8750000000
74486  26.181  -12.460  65.889 0.8750000000
75539  24.920  -12.076  65.845 0.8750000000
74392  12.901  -12.872  76.894 0.8750000000
82283  39.755  -4.909  67.393 0.8750000000
73445  28.686  -13.352  67.471 0.8750000000
125827  27.970  -12.048  66.173 0.8750000000
75557  26.669  -11.727  65.452 0.8750000000
80434  43.835  -5.524  68.528 0.8750000000
82293  39.715  -4.761  66.352 0.8750000000
82284  38.987  -4.958  67.123 0.8750000000
81413  37.538  -5.161  66.392 0.8750000000
75556  27.703  -11.533  65.697 0.8750000000
72371  13.319  -13.988  76.049 0.8750000000
79535  42.203  -6.705  68.292 0.7500000000
142797  38.334  -4.724  65.491 0.8750000000
82295  37.948  -4.752  66.039 0.8750000000
128250  27.985  -10.390  65.165 0.7500000000
79542  40.681  -7.635  67.872 0.5000000000
82309  37.594  -4.659  65.152 0.8750000000
82310  36.818  -4.705  64.837 0.8750000000
81422  36.475  -5.225  65.218 1.0000000000
77735  28.883  -10.045  63.992 0.7500000000
82329  36.533  -4.617  64.108 0.8750000000
80478  35.470  -6.042  63.954 0.6250000000
131490  13.564  -14.987  74.926 0.8750000000
81433  35.709  -5.205  64.012 0.7500000000
81449  35.188  -5.402  63.397 0.6250000000
81450  34.293  -5.637  62.769 0.5000000000
80479  33.841  -6.627  62.973 0.5000000000
130330  33.387  -7.315  63.156 0.5000000000
79581  32.594  -7.679  62.946 0.5000000000
78691  31.097  -8.273  62.699 0.5000000000
144185  13.817  -16.258  73.308 0.7500000000
137363  13.803  -15.041  74.198 0.7500000000
71423  13.525  -15.693  74.488 0.7500000000
70468  13.127  -16.448  74.741 0.7500000000
81467  34.949  -5.011  62.882 0.5000000000
81468  33.541  -5.093  62.498 0.5000000000
80480  32.944  -6.788  62.788 0.5000000000
79592  32.214  -6.965  62.673 0.5000000000
79593  31.603  -7.544  62.663 0.5000000000
70477  13.499  -16.340  73.968 0.7500000000
80496  32.371  -6.179  62.647 0.5000000000
127857  13.580  -16.961  73.431 0.7500000000
69434  13.018  -17.166  74.213 0.7500000000
81294  16.524  -5.584  83.468 0.8750000000
81285  16.671  -5.525  84.353 0.8750000000
81273  16.093  -5.724  85.704 0.8750000000
81272  16.717  -5.673  86.169 0.8750000000
83817  13.198  -2.441  86.892 0.8750000000
84682  12.892  -1.541  86.758 0.8750000000
123863  16.070  -5.727  86.680 0.8750000000
83037  13.269  -3.379  87.267 0.8750000000
78525  26.021  -9.248  80.367 1.0000000000
81241  14.966  -5.552  88.928 0.8750000000
82177  14.889  -4.931  89.530 0.8750000000
83030  14.575  -3.846  89.386 0.8750000000
128207  25.212  -9.773  80.434 1.0000000000
81319  17.876  -5.725  80.833 0.7500000000
80350  18.495  -5.861  80.063 0.8750000000
81247  15.605  -5.694  88.617 0.8750000000
81236  15.501  -5.359  89.572 0.8750000000
83027  15.053  -3.881  90.559 0.8750000000
84692  10.167  -1.359  85.647 0.8750000000
81330  24.188  -6.325  78.006 0.6250000000
81338  23.145  -6.413  75.893 0.6250000000
80369  24.033  -6.591  77.161 0.6250000000
81345  21.596  -5.123  74.758 0.6250000000
81335  23.224  -6.141  76.724 0.6250000000
77587  24.656  -10.255  79.385 1.0000000000
130327  19.331  -8.639  77.283 1.0000000000
137391  9.293  -0.910  84.343 0.8750000000
81344  22.213  -5.866  74.682 0.6250000000
77607  18.784  -9.746  76.482 1.0000000000
81352  21.565  -5.312  74.030 0.6250000000
81351  22.213  -6.040  73.630 0.6250000000
80378  23.651  -7.183  74.718 0.6250000000
76534  24.510  -10.548  77.806 1.0000000000
76549  19.118  -10.529  76.199 1.0000000000
83072  9.787  -2.989  82.261 0.8750000000
143393  22.876  -6.707  73.591 0.7500000000
79495  24.068  -7.523  73.580 0.7500000000
146196  24.655  -10.549  76.365 1.0000000000
75445  19.370  -11.383  75.883 1.0000000000
83082  10.953  -3.861  81.223 0.8750000000
79506  24.533  -7.852  72.398 0.6250000000
76558  24.294  -10.762  75.878 0.8750000000
74388  19.977  -12.135  75.700 1.0000000000
79515  24.500  -7.871  71.465 0.6250000000
75455  23.599  -11.158  75.400 0.8750000000
146580  24.678  -9.264  70.733 0.7500000000
75472  22.955  -11.523  74.848 0.8750000000
73365  20.288  -13.416  75.277 1.0000000000
127711  11.850  -5.969  79.460 0.8750000000
78619  24.295  -8.942  69.543 0.7500000000
125093  22.482  -11.941  74.291 1.0000000000
80363  11.829  -6.760  79.270 0.8750000000
77668  24.128  -9.541  69.083 0.7500000000
134284  23.915  -10.280  68.437 0.8750000000
127995  22.069  -12.420  73.786 1.0000000000
73391  20.615  -13.997  74.082 1.0000000000
80366  12.327  -7.005  78.586 0.8750000000
141525  23.689  -10.187  67.516 0.8750000000
72399  20.797  -14.205  73.202 1.0000000000
79463  12.281  -7.878  78.424 0.8750000000
76539  12.583  -10.201  77.660 0.8750000000
125574  24.277  -11.067  65.868 0.8750000000
82280  44.500  -3.907  67.559 1.0000000000
83131  44.120  -3.660  67.939 1.0000000000
142771  24.365  -9.915  64.798 0.6250000000
76657  24.471  -10.679  65.214 0.8750000000
83132  43.307  -3.642  68.186 1.0000000000
83133  42.399  -3.823  67.889 1.0000000000
76656  25.286  -11.069  64.935 0.7500000000
75559  24.811  -11.466  65.511 0.8750000000
81411  44.437  -4.396  67.059 1.0000000000
82279  44.577  -4.261  68.051 1.0000000000
141218  41.633  -4.198  67.545 0.8750000000
77737  26.268  -9.926  63.920 0.7500000000
76678  25.789  -10.498  64.457 0.7500000000
73420  13.182  -13.691  71.009 0.5000000000
73352  13.333  -13.133  76.245 0.8750000000
81419  44.145  -5.077  66.158 1.0000000000
81404  44.373  -4.822  67.595 1.0000000000
126768  40.274  -4.737  66.872 0.8750000000
76677  26.692  -10.388  64.558 0.7500000000
72419  13.994  -14.225  71.539 0.7500000000
73407  14.165  -13.804  72.226 0.7500000000
80441  44.030  -5.365  66.846 1.0000000000
80442  43.799  -5.536  67.556 1.0000000000
80443  43.066  -6.141  67.961 0.7500000000
82308  39.079  -4.880  65.865 0.8750000000
82350  38.100  -4.867  63.557 0.8750000000
77736  27.309  -9.836  64.074 0.7500000000
72401  14.280  -14.216  72.898 0.7500000000
73368  13.638  -13.361  75.459 0.8750000000
79549  43.046  -6.979  66.391 1.0000000000
79540  42.412  -6.580  67.311 0.6250000000
79541  41.566  -7.111  67.614 0.6250000000
82327  38.208  -4.732  64.619 0.8750000000
82328  37.334  -4.598  64.310 0.8750000000
131329  36.698  -4.855  62.861 0.8750000000
78675  28.497  -8.837  62.859 0.6250000000
127602  28.135  -9.773  63.847 0.7500000000
72411  14.395  -14.613  72.301 0.7500000000
72383  13.563  -14.185  75.192 0.8750000000
78650  42.139  -8.177  65.404 0.5000000000
78636  42.550  -7.592  65.877 0.5000000000
79551  41.052  -7.505  66.905 0.5000000000
138440  29.789  -7.825  62.505 0.5000000000
78674  29.392  -9.053  62.885 0.7500000000
71431  14.270  -15.047  72.920 0.7500000000
78651  41.092  -8.356  65.401 0.3750000000
82330  35.936  -4.837  63.862 0.8750000000
81466  35.654  -4.953  63.271 0.6250000000
81470  31.771  -5.660  62.722 0.5000000000
148052  31.542  -6.609  62.670 0.5000000000
79594  30.640  -7.592  62.589 0.5000000000
78692  30.206  -8.550  62.680 0.5000000000
71442  14.201  -15.853  72.811 0.7500000000
71432  13.892  -15.549  73.610 0.7500000000
148312  41.887  -8.725  64.956 0.3750000000
77707  41.184  -8.948  64.630 0.3750000000
82368  34.449  -4.747  61.998 0.5000000000
82369  33.769  -4.453  62.214 0.5000000000
77727  40.400  -9.177  64.140 0.3750000000
81302  17.196  -5.311  82.909 0.8750000000
124578  16.896  -5.521  85.297 0.8750000000
127526  17.856  -5.404  82.315 0.8750000000
129803  17.548  -5.614  86.203 0.8750000000
81257  17.025  -5.590  87.138 0.8750000000
83814  13.762  -2.682  87.783 0.8750000000
81309  18.373  -5.490  81.636 0.7500000000
81318  18.889  -5.634  80.907 0.7500000000
147702  16.338  -5.707  87.394 0.8750000000
83036  14.016  -3.671  88.140 0.8750000000
84683  11.931  -1.223  86.222 0.8750000000
79448  26.242  -7.134  78.992 0.8750000000
79447  26.459  -7.832  79.635 0.8750000000
80349  19.474  -5.943  80.235 0.8750000000
81245  17.797  -5.579  88.293 0.8750000000
81235  16.118  -5.119  90.087 0.8750000000
83810  14.742  -2.757  90.496 0.8750000000
85533  11.936  -0.239  86.829 0.8750000000
80365  24.992  -6.585  78.258 0.6250000000
80358  19.979  -6.631  79.763 0.8750000000
82176  16.829  -4.913  89.881 0.8750000000
82172  15.662  -4.591  90.406 0.8750000000
83026  15.677  -3.691  90.918 0.8750000000
149814  9.745  0.081  85.272 0.8750000000
85540  10.231  -0.346  85.580 0.8750000000
81336  22.462  -5.512  76.187 0.6250000000
79460  19.172  -7.356  78.325 0.8750000000
84706  9.257  -1.214  83.659 0.8750000000
82244  20.639  -4.101  72.733 0.2500000000
81340  21.944  -5.273  75.407 0.6250000000
78555  18.662  -8.341  77.499 1.0000000000
85564  9.683  -0.644  83.043 0.8750000000
84714  9.615  -1.638  82.888 0.8750000000
83115  20.634  -3.297  71.482 0.1250000000
82241  20.988  -4.650  73.447 0.3750000000
77606  19.753  -10.052  76.570 1.0000000000
84719  10.994  -1.626  81.555 0.8750000000
83854  9.887  -2.248  82.409 0.8750000000
83120  21.250  -3.292  70.204 0.1250000000
83121  20.781  -3.140  70.784 0.1250000000
81362  21.191  -4.912  72.406 0.3750000000
76544  24.605  -10.574  77.013 1.0000000000
76548  20.000  -10.826  76.339 1.0000000000
83859  11.335  -2.230  81.281 0.8750000000
83860  10.573  -2.453  81.809 0.8750000000
83077  10.357  -3.427  81.645 0.8750000000
83114  21.046  -3.948  70.922 0.2500000000
81371  21.694  -5.312  71.625 0.3750000000
81361  22.041  -5.780  72.539 0.3750000000
80403  22.743  -6.465  72.284 0.5000000000
80411  23.418  -7.014  72.109 0.5000000000
76545  23.962  -10.976  76.751 1.0000000000
75444  20.400  -11.532  76.154 1.0000000000
84722  11.538  -1.633  80.761 0.8750000000
83863  11.673  -2.377  80.762 0.8750000000
83076  11.330  -3.031  81.195 0.8750000000
80412  22.943  -6.503  71.479 0.6250000000
80422  23.536  -6.932  71.327 0.6250000000
75456  22.786  -11.656  75.734 1.0000000000
83086  12.126  -3.629  79.797 0.8750000000
83081  11.587  -3.768  80.636 0.8750000000
79524  23.924  -7.306  70.771 0.6250000000
82221  11.734  -4.485  80.165 0.8750000000
79531  24.174  -8.194  69.555 0.6250000000
73382  20.500  -13.740  74.801 1.0000000000
81326  11.846  -5.233  79.762 0.8750000000
78625  23.971  -8.760  68.875 0.6250000000
79538  23.833  -8.014  68.647 0.6250000000
133140  20.946  -13.500  74.518 1.0000000000
80362  12.384  -6.146  78.785 0.8750000000
78626  23.695  -8.627  68.019 0.7500000000
73389  21.675  -13.010  73.270 1.0000000000
73390  21.111  -13.548  73.717 1.0000000000
77686  23.622  -9.323  67.361 0.7500000000
73399  21.392  -13.708  72.778 1.0000000000
145963  12.694  -8.094  77.754 0.8750000000
76658  23.628  -9.686  65.928 0.6250000000
77603  12.653  -9.440  77.629 0.8750000000
77740  23.793  -8.594  64.691 0.6250000000
76551  13.019  -10.458  77.021 0.8750000000
83144  44.059  -3.626  67.104 1.0000000000
77716  23.734  -9.293  65.161 0.6250000000
73411  10.496  -13.348  71.781 0.5000000000
74391  13.274  -12.349  76.406 0.8750000000
82289  44.257  -3.967  66.716 1.0000000000
82305  43.929  -4.238  65.950 1.0000000000
82290  43.704  -3.855  66.390 0.8750000000
83145  43.313  -3.611  67.499 1.0000000000
77738  25.434  -9.925  64.068 0.5000000000
73410  11.634  -13.050  71.392 0.6250000000
82304  44.154  -4.414  66.264 1.0000000000
82306  43.239  -4.161  65.640 0.8750000000
82291  42.574  -4.005  66.272 0.8750000000
82281  41.386  -4.351  66.784 0.8750000000
77758  25.735  -9.259  63.567 0.6250000000
74402  13.670  -12.529  75.692 0.8750000000
80465  44.569  -6.341  64.904 1.0000000000
135661  44.240  -5.711  65.387 1.0000000000
81430  43.908  -5.089  64.826 0.8750000000
82323  42.755  -4.548  64.883 0.8750000000
82307  42.220  -4.285  65.414 0.8750000000
82292  40.684  -4.378  66.126 0.8750000000
77757  26.733  -9.190  63.426 0.7500000000
79557  45.045  -7.702  64.976 1.0000000000
80457  44.463  -6.690  65.403 1.0000000000
80448  43.965  -6.084  65.977 1.0000000000
82346  42.319  -4.776  64.022 0.8750000000
82347  41.536  -4.674  63.786 0.8750000000
82325  40.932  -4.545  64.485 0.8750000000
82326  40.012  -5.038  64.431 0.8750000000
78694  28.339  -8.131  62.588 0.5000000000
143566  27.201  -8.831  63.109 0.7500000000
135537  14.315  -13.483  72.815 0.7500000000
74415  14.071  -12.761  74.905 0.8750000000
78647  44.605  -8.263  65.154 0.8750000000
78634  44.089  -7.910  65.522 1.0000000000
142448  43.912  -7.141  65.828 1.0000000000
81448  41.981  -4.950  63.176 0.8750000000
82361  41.084  -5.045  63.067 0.8750000000
82348  40.632  -4.817  63.706 0.8750000000
150024  39.637  -5.165  62.523 0.8750000000
82365  37.509  -4.984  62.562 0.8750000000
79595  29.031  -7.534  62.579 0.5000000000
77756  27.736  -9.212  63.333 0.7500000000
73393  14.244  -13.697  73.596 0.7500000000
72393  13.875  -14.351  74.355 0.7500000000
77704  44.284  -8.922  64.953 0.7500000000
78648  43.834  -8.400  65.334 0.7500000000
78635  43.451  -7.796  65.737 0.7500000000
81464  41.459  -5.394  62.313 0.8750000000
142735  40.128  -5.453  61.509 0.8750000000
82376  39.004  -5.126  62.373 0.8750000000
82366  36.630  -5.106  62.058 0.8750000000
82371  31.656  -4.196  63.011 0.5000000000
81471  30.991  -5.978  62.906 0.5000000000
80498  29.807  -6.950  62.714 0.5000000000
78693  29.205  -8.380  62.616 0.5000000000
72402  14.085  -14.643  73.591 0.7500000000
77705  43.488  -8.887  64.922 0.7500000000
78649  43.067  -8.322  65.388 0.5000000000
124577  40.765  -5.546  61.692 0.8750000000
81465  39.415  -5.323  61.750 0.8750000000
81481  37.852  -5.380  60.851 0.8750000000
82378  37.279  -5.307  61.497 0.8750000000
82379  35.848  -5.147  61.681 0.6250000000
83195  31.784  -3.266  62.718 0.5000000000
148393  31.137  -7.131  62.632 0.5000000000
77706  42.695  -8.804  64.895 0.6250000000
76672  42.191  -9.366  64.385 0.3750000000
77726  41.358  -9.506  63.969 0.3750000000
81494  38.309  -5.394  60.201 0.6250000000
81495  37.562  -5.163  60.165 0.8750000000
81482  36.475  -5.303  61.216 0.7500000000
82380  35.167  -4.862  61.387 0.6250000000
132195  34.637  -4.394  61.262 0.5000000000
83193  33.219  -3.704  62.099 0.5000000000
82370  32.367  -4.091  62.592 0.5000000000
77748  40.718  -9.540  63.452 0.3750000000
82389  36.825  -4.765  60.178 0.5000000000
82390  36.074  -4.264  60.176 0.5000000000
82391  35.212  -4.296  60.685 0.6250000000
83211  34.870  -3.360  60.609 0.6250000000
81292  18.186  -5.290  83.287 0.8750000000
81293  17.358  -5.408  83.838 0.8750000000
81284  17.416  -5.457  84.625 0.8750000000
81308  19.252  -5.433  81.769 0.7500000000
125160  17.947  -5.534  85.298 0.8750000000
84680  13.524  -1.757  87.554 0.8750000000
81307  20.093  -5.661  82.035 0.7500000000
83813  14.278  -2.808  88.962 0.8750000000
84679  13.983  -2.008  88.465 0.8750000000
135441  12.600  -0.740  86.837 0.8750000000
123899  26.415  -8.555  80.243 1.0000000000
81256  18.192  -5.561  87.259 0.8750000000
83807  14.964  -2.210  90.993 0.8750000000
84675  14.323  -1.786  89.730 0.8750000000
80364  25.717  -6.787  78.553 0.6250000000
80356  25.806  -6.555  79.368 0.7500000000
81239  17.330  -5.328  89.146 0.8750000000
82171  16.390  -4.618  90.353 0.8750000000
134596  15.268  -2.896  90.971 0.8750000000
86420  11.107  0.461  86.917 0.8750000000
81332  22.691  -5.385  77.009 0.6250000000
81331  23.324  -5.729  77.643 0.5000000000
81327  24.475  -6.029  78.730 0.6250000000
79450  20.479  -7.371  79.386 0.8750000000
82175  17.725  -4.601  89.492 0.8750000000
83029  16.916  -3.613  89.988 0.8750000000
83805  16.062  -3.013  90.759 0.8750000000
86426  9.567  0.838  85.175 0.8750000000
82236  20.589  -4.027  73.986 0.5000000000
82235  21.130  -4.588  74.368 0.5000000000
81328  23.737  -5.597  78.497 0.6250000000
81324  24.079  -5.475  79.111 0.6250000000
76520  23.905  -10.436  79.230 1.0000000000
78545  20.689  -8.353  78.170 1.0000000000
86447  9.612  0.381  82.928 0.8750000000
82248  20.742  -4.094  71.865 0.2500000000
132386  22.174  -4.737  76.768 0.5000000000
76527  23.614  -10.661  78.442 1.0000000000
77598  20.636  -9.748  77.197 1.0000000000
77599  19.547  -9.278  76.910 1.0000000000
140294  10.729  -0.068  80.602 0.8750000000
85573  9.964  -0.165  82.252 0.8750000000
83920  21.013  -2.527  70.421 0.1250000000
83128  21.667  -3.354  69.472 0.1250000000
141887  21.229  -4.633  71.513 0.3750000000
126073  23.742  -10.932  77.565 1.0000000000
85577  11.234  -0.714  80.382 0.8750000000
84723  11.151  -1.035  81.143 0.8750000000
84797  22.507  -1.938  68.854 0.1250000000
83929  21.983  -2.621  69.055 0.1250000000
81382  21.595  -4.803  70.839 0.2500000000
144796  22.117  -5.516  70.921 0.3750000000
83867  11.922  -2.120  80.106 0.8750000000
134670  11.924  -2.943  80.349 0.8750000000
83939  22.588  -2.713  68.496 0.1250000000
83127  22.122  -3.426  68.831 0.1250000000
138763  21.882  -4.002  69.235 0.1250000000
82254  22.068  -5.089  70.166 0.3750000000
81381  22.498  -5.852  70.319 0.5000000000
80423  23.122  -6.547  70.618 0.5000000000
75442  23.382  -11.324  76.290 1.0000000000
132346  11.940  -1.867  79.406 0.8750000000
82276  22.341  -4.217  68.733 0.1250000000
82263  22.207  -4.660  69.412 0.2500000000
80431  22.915  -6.211  69.722 0.5000000000
128301  23.476  -6.948  69.759 0.6250000000
74413  22.324  -12.094  75.166 1.0000000000
73364  21.060  -13.150  75.193 1.0000000000
83866  12.170  -2.674  79.367 0.8750000000
82220  12.315  -4.438  79.344 0.8750000000
135795  22.702  -5.079  68.707 0.2500000000
140883  22.965  -5.776  69.072 0.5000000000
148986  23.592  -6.903  68.950 0.6250000000
142685  21.996  -12.419  74.606 1.0000000000
73381  21.474  -12.943  74.375 1.0000000000
81325  12.424  -5.299  79.028 0.8750000000
138269  23.070  -5.187  67.779 0.2500000000
80438  23.448  -6.558  68.275 0.5000000000
123627  23.618  -7.296  68.402 0.6250000000
81329  12.732  -5.504  78.208 0.8750000000
81407  23.412  -6.056  67.408 0.3750000000
79546  23.614  -7.839  67.762 0.7500000000
79561  23.535  -7.599  65.876 0.6250000000
78632  23.581  -8.528  67.006 0.6250000000
78558  12.887  -8.681  77.395 0.8750000000
78642  23.540  -8.204  66.253 0.6250000000
77602  13.116  -9.230  77.002 0.8750000000
77608  13.343  -9.769  76.476 0.8750000000
126769  24.392  -9.172  64.330 0.5000000000
134414  13.411  -10.625  76.264 0.8750000000
135232  24.889  -8.141  63.362 0.5000000000
78678  24.948  -8.822  63.625 0.5000000000
74443  10.868  -12.546  72.093 0.5000000000
74442  12.026  -12.372  71.634 0.6250000000
75448  13.576  -11.560  75.934 0.8750000000
78677  25.665  -8.418  63.165 0.5000000000
74431  12.534  -11.807  71.988 0.6250000000
73408  13.564  -13.369  71.668 0.6250000000
74430  13.695  -11.955  72.313 0.7500000000
79566  45.331  -7.972  64.520 1.0000000000
79567  44.960  -7.169  64.557 1.0000000000
81429  44.307  -5.457  65.028 0.8750000000
81431  43.068  -4.947  64.450 0.8750000000
79597  27.530  -7.178  62.566 0.3750000000
78696  26.701  -8.389  62.851 0.6250000000
73400  14.050  -12.868  72.385 0.7500000000
142003  44.840  -7.079  65.030 1.0000000000
80493  43.358  -6.383  62.480 0.8750000000
81462  42.945  -5.665  62.942 0.8750000000
127944  42.609  -5.149  63.514 0.8750000000
81463  42.302  -5.402  62.637 0.8750000000
80499  28.820  -6.730  62.689 0.3750000000
79596  28.208  -7.316  62.553 0.5000000000
78695  27.528  -7.875  62.579 0.6250000000
73385  13.946  -13.548  74.590 0.8750000000
78646  45.260  -8.421  64.833 1.0000000000
80510  43.422  -6.881  61.559 0.8750000000
80494  42.688  -6.160  61.929 0.8750000000
81477  41.975  -5.820  61.880 0.8750000000
83976  31.448  -2.588  63.973 0.2500000000
83188  31.374  -3.469  63.526 0.3750000000
82354  30.693  -4.819  63.848 0.3750000000
81453  29.777  -5.658  63.601 0.3750000000
80482  29.370  -6.163  63.028 0.5000000000
77703  45.159  -9.001  64.872 0.7500000000
123687  42.938  -6.745  60.820 0.8750000000
80511  42.177  -6.263  61.000 0.8750000000
81478  41.330  -5.846  61.194 0.8750000000
81479  40.421  -5.672  60.926 0.8750000000
83983  31.540  -2.499  63.060 0.2500000000
82353  31.217  -4.349  63.561 0.5000000000
80481  30.192  -6.156  63.086 0.5000000000
76647  44.724  -9.629  64.750 0.6250000000
76648  43.905  -9.575  64.629 0.6250000000
80525  41.137  -6.373  59.407 0.7500000000
81508  40.371  -5.993  59.341 0.7500000000
81510  38.699  -5.234  59.565 0.7500000000
84858  32.967  -1.810  61.818 0.6250000000
83982  32.110  -2.456  62.551 0.5000000000
76649  43.124  -9.451  64.461 0.5000000000
82415  39.714  -4.655  58.621 0.6250000000
82402  39.025  -4.779  58.975 0.6250000000
81511  38.056  -5.037  59.709 0.5000000000
82405  36.873  -3.839  59.629 0.5000000000
84001  34.594  -2.528  60.726 0.6250000000
83992  32.721  -2.408  62.032 0.5000000000
83194  32.521  -3.160  62.281 0.5000000000
76690  42.209  -9.914  63.644 0.1250000000
83209  36.212  -3.445  59.870 0.5000000000
74563  51.687  -12.378  59.606 0.5000000000
74564  50.659  -12.668  59.507 0.3750000000
73513  50.145  -13.263  59.944 0.2500000000
81301  18.722  -5.270  82.453 0.7500000000
142391  19.043  -5.260  83.173 0.7500000000
81283  18.156  -5.450  84.361 0.8750000000
81300  19.537  -5.388  82.631 0.7500000000
81282  19.792  -5.612  84.542 0.7500000000
80338  20.654  -6.140  81.441 0.7500000000
131380  18.605  -5.588  86.275 0.8750000000
84676  13.673  -1.055  88.706 0.8750000000
85532  13.115  -0.872  87.562 0.8750000000
80348  20.340  -6.347  80.567 0.8750000000
81271  19.629  -5.628  86.458 0.7500000000
81255  19.241  -5.538  87.385 0.8750000000
83806  15.280  -2.048  90.862 0.8750000000
133218  14.722  -1.917  90.742 0.8750000000
86414  12.106  0.959  88.189 0.8750000000
79442  20.819  -7.077  80.119 0.8750000000
81243  19.687  -5.274  88.151 0.7500000000
81237  19.184  -5.076  88.597 0.8750000000
138884  10.212  1.335  86.356 0.8750000000
86416  10.703  1.448  87.010 0.8750000000
82231  21.340  -4.453  75.234 0.6250000000
80357  25.169  -6.303  79.016 0.6250000000
78538  21.029  -8.066  79.014 1.0000000000
82174  18.589  -4.690  88.945 0.8750000000
123606  18.160  -4.087  89.341 0.8750000000
83808  16.462  -2.803  89.380 0.8750000000
87365  9.566  1.654  84.855 0.8750000000
87364  9.817  1.698  85.700 0.8750000000
82230  21.789  -4.653  76.020 0.5000000000
149290  24.090  -10.317  79.718 1.0000000000
78554  20.213  -8.815  77.510 1.0000000000
145756  9.737  1.106  82.041 0.8750000000
144799  9.535  1.293  82.825 0.8750000000
83110  20.539  -3.367  72.321 0.1250000000
83101  20.790  -3.869  74.704 0.3750000000
82227  21.302  -3.884  75.910 0.3750000000
83092  21.620  -4.062  76.614 0.3750000000
82225  22.531  -4.751  77.625 0.5000000000
76521  23.144  -10.335  79.145 1.0000000000
86455  10.332  0.243  81.325 0.8750000000
84784  26.822  -1.359  71.296 0.1250000000
84792  26.589  -1.496  70.710 0.1250000000
84806  23.760  -1.310  68.885 0.1250000000
83096  20.969  -3.663  75.336 0.3750000000
83093  21.268  -3.408  76.459 0.3750000000
77605  20.532  -10.419  76.745 1.0000000000
85583  10.777  0.059  79.869 0.8750000000
86460  10.240  0.672  80.395 0.8750000000
83897  29.077  -2.073  73.577 0.1250000000
83911  27.603  -1.688  71.519 0.1250000000
133920  26.098  -1.277  70.769 0.1250000000
83937  24.080  -1.664  68.182 0.1250000000
83938  23.259  -1.978  68.373 0.1250000000
75434  23.109  -11.336  77.108 1.0000000000
85586  10.577  0.177  78.928 0.8750000000
135417  11.726  -1.329  79.846 0.8750000000
144754  30.959  -2.981  73.945 0.1250000000
128648  29.749  -2.493  73.649 0.1250000000
84793  26.162  -1.453  70.112 0.1250000000
84804  25.300  -1.511  68.827 0.1250000000
127025  23.728  -2.263  67.692 0.1250000000
75443  22.534  -11.619  76.472 1.0000000000
74397  21.357  -12.424  75.748 1.0000000000
74398  20.590  -12.718  75.568 1.0000000000
85585  11.159  -0.541  78.423 0.8750000000
83893  32.269  -2.811  74.179 0.1250000000
83109  29.516  -2.787  72.906 0.1250000000
83918  28.289  -2.416  70.876 0.1250000000
83927  27.280  -1.832  69.765 0.1250000000
84803  26.015  -1.531  69.047 0.1250000000
84812  24.925  -1.724  67.940 0.1250000000
83139  23.056  -3.636  67.620 0.1250000000
82275  22.782  -4.385  68.056 0.1250000000
74386  22.094  -12.124  75.875 1.0000000000
134395  21.703  -12.544  75.220 1.0000000000
84728  11.625  -1.297  78.126 0.8750000000
83874  11.946  -1.993  77.752 0.8750000000
83870  12.334  -2.714  78.319 0.8750000000
83085  12.444  -3.567  78.864 0.8750000000
84760  33.473  -2.056  74.202 0.1250000000
83892  32.906  -2.394  73.611 0.1250000000
133273  31.048  -3.337  73.021 0.1250000000
83113  29.889  -3.184  72.023 0.1250000000
83126  29.122  -2.993  70.072 0.1250000000
83936  26.689  -1.826  68.286 0.1250000000
125654  24.795  -2.195  67.035 0.1250000000
134597  24.085  -2.479  67.001 0.2500000000
83150  23.389  -3.684  66.988 0.1250000000
82286  23.196  -4.412  67.291 0.1250000000
83088  12.613  -3.531  77.897 0.8750000000
82224  12.677  -4.504  78.351 0.8750000000
85625  37.141  -0.356  74.234 0.1250000000
85615  36.371  -0.741  75.025 0.1250000000
85627  35.559  -0.697  73.509 0.1250000000
84759  34.183  -1.533  73.596 0.1250000000
83900  32.321  -2.741  73.083 0.1250000000
83107  31.128  -3.284  72.030 0.1250000000
83917  29.069  -2.938  71.094 0.1250000000
83946  25.582  -2.021  67.172 0.1250000000
83956  24.552  -2.657  66.347 0.2500000000
83162  23.867  -3.243  66.473 0.2500000000
84767  33.558  -1.842  73.049 0.1250000000
83906  32.938  -2.264  72.418 0.1250000000
83908  31.880  -2.900  71.573 0.1250000000
83161  24.390  -3.181  65.844 0.2500000000
136493  23.366  -5.179  66.882 0.2500000000
80460  23.512  -6.093  65.691 0.3750000000
85634  37.041  -0.181  73.300 0.1250000000
85635  36.317  -0.357  72.930 0.1250000000
85636  35.591  -0.584  72.541 0.1250000000
84774  33.676  -1.664  72.066 0.1250000000
83914  33.200  -1.997  71.361 0.1250000000
82316  23.980  -4.150  65.143 0.2500000000
82317  23.702  -4.441  65.604 0.2500000000
79469  12.833  -7.220  77.728 0.8750000000
86514  37.837  -0.105  73.581 0.1250000000
85643  37.005  0.020  72.487 0.1250000000
85645  35.595  -0.513  71.701 0.1250000000
147309  33.861  -1.517  71.362 0.1250000000
83923  33.087  -1.978  70.409 0.1250000000
81439  23.822  -5.593  64.365 0.3750000000
127282  23.649  -6.945  64.519 0.5000000000
79468  13.279  -7.860  77.001 0.8750000000
145010  37.594  0.051  72.886 0.1250000000
86549  37.095  0.190  71.589 0.1250000000
85654  35.575  -0.446  70.900 0.1250000000
130519  34.354  -1.179  70.973 0.1250000000
84791  33.069  -1.885  69.471 0.1250000000
83932  32.359  -2.438  69.079 0.1250000000
81456  24.401  -5.569  63.766 0.3750000000
127542  13.423  -9.014  76.389 0.8750000000
148306  36.795  0.123  70.874 0.1250000000
85663  36.204  -0.038  70.510 0.1250000000
84790  34.048  -1.121  69.299 0.1250000000
83933  31.625  -2.938  68.689 0.1250000000
83146  31.023  -3.550  67.255 0.1250000000
80487  24.820  -6.361  63.326 0.3750000000
79571  23.883  -7.340  64.034 0.5000000000
74433  10.211  -11.999  72.530 0.6250000000
75488  10.615  -11.188  72.673 0.6250000000
126189  13.704  -10.006  75.786 0.8750000000
76559  13.922  -10.628  75.481 0.8750000000
86583  36.218  0.261  69.657 0.1250000000
85673  35.509  -0.020  68.957 0.2500000000
84800  33.908  -0.963  68.514 0.2500000000
84810  32.742  -1.727  67.573 0.2500000000
83157  30.598  -4.119  66.762 0.3750000000
80486  25.765  -6.219  62.998 0.3750000000
79584  24.561  -7.334  63.428 0.5000000000
73401  9.884  -12.728  72.389 0.6250000000
74432  11.232  -11.871  72.326 0.6250000000
74401  14.218  -11.972  75.128 0.8750000000
85678  35.201  0.195  67.916 0.2500000000
85679  34.506  -0.217  67.529 0.2500000000
83952  31.452  -2.749  66.781 0.2500000000
83167  30.596  -4.037  65.892 0.3750000000
82311  30.077  -4.492  66.272 0.3750000000
80485  26.692  -6.112  62.887 0.3750000000
79583  25.390  -7.041  62.877 0.3750000000
79578  45.270  -7.648  63.996 1.0000000000
79579  44.659  -7.110  63.676 1.0000000000
80476  44.049  -6.292  63.845 0.8750000000
125572  44.542  -6.532  64.369 0.8750000000
147472  35.820  0.423  67.386 0.2500000000
85682  34.394  -0.221  66.587 0.2500000000
85683  33.691  -0.673  66.372 0.2500000000
83960  31.883  -2.046  66.274 0.2500000000
83961  31.413  -2.646  65.849 0.2500000000
127945  30.176  -4.543  65.446 0.3750000000
81435  29.407  -5.291  64.252 0.3750000000
137239  28.977  -5.642  63.525 0.3750000000
80484  27.600  -6.056  62.902 0.3750000000
80501  27.136  -6.680  62.622 0.3750000000
80502  26.261  -6.869  62.667 0.3750000000
74414  14.337  -12.223  74.373 0.8750000000
78669  45.618  -8.374  63.821 1.0000000000
127659  45.064  -8.124  63.001 1.0000000000
80492  43.925  -6.737  63.034 0.8750000000
148853  33.536  -0.755  65.646 0.2500000000
135854  32.430  -1.536  65.735 0.2500000000
83179  30.718  -4.032  65.044 0.3750000000
126200  29.777  -4.914  64.899 0.3750000000
80483  28.482  -6.087  62.951 0.3750000000
73392  14.417  -12.830  73.119 0.7500000000
73384  14.311  -12.857  73.993 0.7500000000
78658  45.857  -8.798  64.586 1.0000000000
79590  44.817  -8.138  61.818 1.0000000000
141410  43.782  -7.055  62.223 0.8750000000
85690  33.648  -0.653  64.902 0.2500000000
84825  32.921  -0.943  64.378 0.5000000000
84827  31.742  -1.934  64.364 0.2500000000
82331  30.919  -4.107  64.202 0.3750000000
82332  30.378  -4.666  64.640 0.3750000000
77725  45.728  -9.003  64.838 0.8750000000
79610  43.676  -7.193  60.633 0.8750000000
123938  43.192  -6.928  60.014 0.8750000000
80539  41.947  -6.521  59.444 0.7500000000
85721  34.868  -0.638  62.725 0.5000000000
85709  34.221  -0.446  63.442 0.5000000000
85700  32.914  -0.912  63.630 0.5000000000
84834  31.653  -1.983  63.498 0.2500000000
75554  45.163  -10.384  64.728 0.5000000000
129847  43.995  -6.931  59.931 0.8750000000
80537  43.507  -6.487  59.498 0.8750000000
81506  42.361  -6.103  58.884 0.7500000000
145928  40.891  -5.903  58.851 0.7500000000
85722  33.983  -0.752  62.726 0.5000000000
84842  33.309  -1.272  62.361 0.6250000000
84844  31.808  -1.717  62.865 0.3750000000
76669  44.356  -10.293  64.439 0.3750000000
76670  43.598  -10.122  64.198 0.5000000000
76671  42.892  -9.962  64.005 0.5000000000
83232  41.341  -3.681  58.370 0.6250000000
83234  39.921  -3.687  58.467 0.6250000000
83235  39.066  -3.829  58.692 0.6250000000
127395  38.118  -2.772  59.230 0.5000000000
137060  37.363  -3.027  59.420 0.5000000000
84874  35.806  -2.082  60.573 0.3750000000
84875  35.077  -2.034  60.667 0.3750000000
84841  34.237  -1.196  62.061 0.5000000000
84857  33.630  -1.759  61.590 0.5000000000
75568  44.082  -10.746  64.018 0.2500000000
75569  43.447  -10.385  63.735 0.1250000000
76689  42.879  -10.208  63.573 0.1250000000
75583  42.591  -10.301  63.101 0.1250000000
125985  41.884  -10.102  62.946 0.1250000000
84014  37.475  -2.362  59.724 0.3750000000
84873  36.721  -2.080  60.316 0.5000000000
83999  36.027  -2.708  60.098 0.5000000000
75594  42.960  -10.728  62.601 0.1250000000
75595  42.233  -10.532  62.354 0.1250000000
123896  52.436  -12.448  60.184 0.3750000000
73512  51.112  -12.782  60.221 0.3750000000
74562  52.845  -12.079  59.574 0.5000000000
73502  49.675  -13.769  60.257 0.3750000000
73490  49.789  -13.836  60.830 0.1250000000
75634  54.969  -11.054  58.600 1.0000000000
77805  55.866  -9.346  57.743 0.8750000000
78730  55.562  -9.309  58.093 0.8750000000
76733  55.410  -10.468  58.586 1.0000000000
78736  55.935  -8.557  57.577 0.8750000000
76736  55.733  -9.841  58.016 0.7500000000
77804  56.307  -8.738  57.278 0.8750000000
81544  57.212  -5.722  56.401 0.8750000000
80331  21.686  -6.517  82.732 0.7500000000
81298  21.115  -6.086  83.330 0.7500000000
81289  21.410  -6.070  84.300 0.7500000000
80332  20.904  -6.051  82.371 0.7500000000
81299  20.339  -5.661  82.965 0.7500000000
81290  20.542  -5.788  84.049 0.7500000000
86406  13.940  0.379  89.541 0.8750000000
86410  13.331  1.046  89.394 0.8750000000
87348  13.305  1.862  89.128 0.8750000000
79439  26.522  -7.858  80.682 0.8750000000
78524  26.304  -8.901  81.065 1.0000000000
80337  21.476  -6.563  81.790 0.7500000000
127269  20.076  -5.711  85.641 0.7500000000
81270  21.003  -6.086  85.926 0.7500000000
86405  14.617  -0.021  89.594 0.8750000000
85526  13.534  -0.049  89.332 0.8750000000
86411  12.607  1.435  88.838 0.8750000000
80355  26.298  -7.006  79.882 0.8750000000
79441  21.602  -7.524  80.479 0.8750000000
131985  20.545  -5.676  86.660 0.7500000000
84671  15.117  -1.403  90.649 0.8750000000
85522  14.893  -0.937  90.392 0.8750000000
86413  12.721  0.561  88.875 0.8750000000
87351  12.643  2.099  88.488 0.8750000000
79449  21.303  -7.824  79.756 0.8750000000
81242  20.258  -5.113  87.969 0.7500000000
83812  16.183  -2.082  88.685 0.8750000000
88274  11.492  2.274  87.037 0.8750000000
88265  12.034  2.254  87.749 0.8750000000
81323  24.684  -5.748  79.430 0.6250000000
83033  18.785  -4.118  88.579 0.7500000000
83034  17.946  -3.532  88.559 0.8750000000
83035  17.093  -3.130  88.674 0.8750000000
88301  9.944  2.911  83.438 0.8750000000
88292  10.173  2.567  84.846 0.8750000000
88282  11.147  2.417  85.723 0.8750000000
135442  20.492  -3.498  73.634 0.2500000000
82222  23.060  -5.078  78.303 0.5000000000
77590  21.203  -9.192  77.893 1.0000000000
124411  18.287  -3.519  87.552 0.8750000000
88313  9.713  2.820  82.817 0.8750000000
87388  9.542  1.928  83.236 0.8750000000
84798  21.870  -1.840  69.397 0.1250000000
144840  21.958  -4.165  77.230 0.5000000000
83089  22.135  -3.813  77.850 0.3750000000
76528  22.839  -10.554  78.581 1.0000000000
76537  21.255  -10.544  77.086 1.0000000000
86464  10.082  0.856  79.559 0.8750000000
87428  9.545  2.539  80.465 0.8750000000
123569  25.763  -1.103  70.680 0.1250000000
84795  24.499  -0.850  69.529 0.1250000000
83898  20.425  -2.871  73.547 0.3750000000
83097  20.662  -3.053  74.920 0.3750000000
83090  21.562  -3.380  77.224 0.3750000000
76535  22.806  -11.009  77.887 1.0000000000
76546  21.593  -11.242  76.869 1.0000000000
76547  20.863  -11.014  76.600 1.0000000000
83902  30.358  -2.992  73.347 0.1250000000
84769  27.588  -0.965  72.301 0.1250000000
84763  20.491  -2.107  73.340 0.2500000000
83882  20.624  -2.215  75.184 0.3750000000
83881  20.820  -2.998  75.842 0.3750000000
83875  21.161  -2.627  76.692 0.3750000000
75435  22.301  -11.361  77.089 1.0000000000
74387  20.878  -12.103  76.069 1.0000000000
148348  10.491  -0.084  78.293 0.8750000000
130407  31.554  -2.828  74.579 0.1250000000
83889  29.982  -2.023  74.871 0.1250000000
84756  20.547  -1.494  73.906 0.2500000000
143140  20.582  -1.640  74.645 0.2500000000
144757  21.711  -11.820  76.406 1.0000000000
83886  32.814  -2.534  74.819 0.1250000000
83887  32.133  -2.621  75.203 0.1250000000
84731  11.369  -1.464  77.315 0.8750000000
125651  11.693  -2.046  76.981 0.8750000000
85606  35.452  -1.222  76.055 0.1250000000
143714  34.000  -1.682  74.730 0.1250000000
83926  28.209  -2.368  69.936 0.1250000000
83934  28.031  -2.403  69.112 0.1250000000
83935  27.438  -2.114  68.664 0.1250000000
83945  26.481  -2.077  67.379 0.1250000000
130441  12.281  -2.741  77.218 0.8750000000
85614  37.238  -0.534  75.326 0.1250000000
85616  35.536  -0.904  74.646 0.1250000000
126246  34.777  -1.227  74.231 0.1250000000
83118  30.367  -3.512  70.579 0.1250000000
135265  29.640  -3.359  70.581 0.1250000000
83137  28.749  -2.932  69.136 0.1250000000
83944  27.339  -2.364  67.713 0.2500000000
83954  26.186  -2.341  66.514 0.2500000000
83955  25.292  -2.382  66.351 0.2500000000
83876  11.443  -2.581  76.306 0.8750000000
83091  12.584  -3.552  77.066 0.8750000000
124418  12.816  -4.221  77.392 0.8750000000
85624  38.030  -0.267  74.560 0.1250000000
83111  31.149  -3.324  71.062 0.1250000000
83125  29.888  -3.528  69.846 0.1250000000
83138  28.246  -2.914  68.177 0.2500000000
83953  27.085  -2.565  66.825 0.2500000000
83962  25.813  -2.707  65.715 0.2500000000
83171  24.577  -3.544  65.127 0.2500000000
81334  12.997  -4.996  77.554 0.8750000000
83915  32.505  -2.486  70.931 0.1250000000
83117  31.112  -3.362  70.117 0.1250000000
83136  29.654  -3.928  68.259 0.2500000000
83160  26.754  -2.864  65.996 0.2500000000
83169  26.374  -3.230  65.195 0.2500000000
83181  25.140  -3.855  64.427 0.2500000000
82338  24.393  -4.310  64.583 0.3750000000
142000  13.132  -6.461  77.413 0.8750000000
86531  38.312  0.158  72.928 0.1250000000
83925  31.705  -2.918  69.628 0.1250000000
139587  30.538  -3.778  68.898 0.1250000000
82274  30.032  -4.249  67.745 0.2500000000
83158  28.376  -3.733  66.940 0.2500000000
83168  27.277  -3.536  65.593 0.2500000000
82357  24.945  -4.669  63.908 0.2500000000
80370  13.369  -6.897  76.906 0.8750000000
124338  40.013  0.420  72.707 0.1250000000
142309  38.654  0.357  72.216 0.1250000000
138327  38.162  0.459  71.402 0.1250000000
83924  32.415  -2.446  70.017 0.1250000000
83134  30.931  -3.579  68.251 0.1250000000
83135  30.270  -3.981  68.307 0.2500000000
82285  28.972  -4.219  67.058 0.2500000000
82299  28.093  -3.975  66.096 0.2500000000
82314  27.779  -4.204  65.226 0.2500000000
82336  26.438  -4.232  64.101 0.2500000000
83180  25.984  -3.639  64.465 0.2500000000
81455  25.320  -5.492  63.430 0.3750000000
78560  13.658  -8.261  76.077 0.8750000000
86529  40.961  0.521  72.272 0.1250000000
86547  39.687  0.668  71.103 0.1250000000
124018  38.884  0.623  70.823 0.1250000000
86565  36.920  0.284  70.181 0.1250000000
82296  30.074  -4.439  67.091 0.2500000000
82297  29.377  -4.453  66.565 0.2500000000
82298  28.719  -4.257  66.508 0.2500000000
82335  27.352  -4.436  64.367 0.2500000000
75489  9.946  -11.398  72.461 0.6250000000
147995  10.063  -10.614  72.896 0.6250000000
77613  13.808  -9.166  75.628 0.8750000000
86545  41.633  0.741  71.726 0.1250000000
141796  40.378  0.660  71.444 0.1250000000
86563  39.475  0.607  70.291 0.1250000000
135934  37.049  0.453  69.320 0.1250000000
86584  36.414  0.456  68.772 0.1250000000
83147  30.484  -4.036  67.572 0.3750000000
82313  28.697  -4.514  65.723 0.2500000000
82334  28.247  -4.712  64.736 0.3750000000
81454  26.271  -5.476  63.285 0.3750000000
138528  11.646  -10.863  72.563 0.6250000000
75458  14.223  -11.235  75.132 0.8750000000
86561  41.464  0.902  70.846 0.1250000000
125568  40.806  0.852  69.907 0.1250000000
86562  40.384  0.741  70.657 0.1250000000
86603  36.706  0.691  68.034 0.1250000000
82312  29.519  -4.689  65.679 0.2500000000
81437  27.754  -4.976  63.874 0.3750000000
76589  13.739  -10.449  72.514 0.8750000000
75485  14.099  -11.219  72.621 0.8750000000
75473  14.402  -11.405  74.192 0.8750000000
86618  36.512  0.692  67.350 0.1250000000
85681  35.229  0.249  66.889 0.2500000000
82333  29.055  -4.923  64.950 0.3750000000
81436  28.610  -5.195  64.143 0.3750000000
136538  28.110  -5.548  63.388 0.3750000000
127044  27.206  -5.487  63.303 0.3750000000
74429  14.350  -12.031  72.794 0.7500000000
139164  45.764  -8.713  62.906 1.0000000000
86631  36.509  0.353  65.932 0.2500000000
125082  35.109  0.019  65.925 0.3750000000
75479  14.467  -11.277  73.152 0.8750000000
74422  14.436  -12.086  73.525 0.8750000000
77767  46.994  -9.772  63.089 1.0000000000
77768  46.199  -9.137  63.487 1.0000000000
78690  45.569  -8.597  62.032 1.0000000000
79608  44.753  -8.012  60.965 0.8750000000
79609  44.116  -7.587  61.420 0.8750000000
86639  36.760  0.201  65.281 0.3750000000
85697  35.520  -0.216  64.538 0.3750000000
77723  47.151  -9.924  65.012 0.8750000000
77701  46.755  -10.003  65.242 0.8750000000
79617  46.065  -7.751  60.512 0.8750000000
79618  45.218  -7.781  60.546 0.8750000000
79619  44.533  -7.456  60.377 0.8750000000
85719  36.504  -0.541  63.041 0.3750000000
85708  35.133  -0.367  63.679 0.3750000000
141474  35.077  -0.162  65.184 0.3750000000
76644  47.260  -10.563  65.596 0.7500000000
76645  46.603  -10.502  65.396 0.7500000000
77702  46.049  -9.666  65.072 0.7500000000
80535  45.133  -6.297  59.572 0.8750000000
80536  44.313  -6.282  59.425 0.7500000000
81522  43.602  -5.346  58.723 0.6250000000
81524  41.999  -5.427  58.499 0.7500000000
139813  42.076  -3.905  58.412 0.6250000000
137646  37.417  -0.850  62.203 0.3750000000
140874  36.592  -0.824  62.257 0.3750000000
141860  35.669  -0.506  63.125 0.3750000000
74498  46.363  -11.597  65.104 0.6250000000
76646  45.935  -10.417  65.113 0.5000000000
75567  44.877  -11.107  64.379 0.5000000000
83219  43.525  -3.241  59.014 0.5000000000
83220  42.847  -2.890  58.911 0.5000000000
84025  40.987  -2.854  58.550 0.6250000000
84011  40.485  -2.232  58.894 0.5000000000
138695  38.783  -2.391  59.193 0.5000000000
84872  37.735  -1.724  60.433 0.3750000000
85734  36.835  -1.185  61.581 0.3750000000
84839  36.024  -1.121  61.686 0.3750000000
85720  35.795  -0.745  62.423 0.3750000000
74509  45.662  -11.678  64.503 0.5000000000
75581  43.983  -10.874  63.409 0.1250000000
75582  43.244  -10.510  63.242 0.1250000000
140291  37.038  -1.542  60.936 0.3750000000
74510  45.078  -11.669  63.913 0.1250000000
75593  43.582  -10.867  62.844 0.1250000000
74523  44.137  -11.335  62.767 0.1250000000
74554  51.959  -12.559  60.805 0.3750000000
73501  50.297  -13.375  60.533 0.3750000000
75619  54.617  -11.388  59.768 0.8750000000
76729  55.288  -10.764  59.209 1.0000000000
75618  55.068  -11.014  59.563 0.8750000000
75620  53.849  -11.738  59.527 0.5000000000
72498  49.249  -14.187  60.584 0.1250000000
77795  55.428  -10.360  59.007 1.0000000000
75627  55.186  -11.045  59.215 1.0000000000
78737  54.886  -8.513  57.825 0.8750000000
77800  55.360  -9.753  58.781 0.8750000000
77799  55.609  -9.909  58.373 1.0000000000
79638  52.864  -7.880  57.333 0.8750000000
78735  56.522  -8.157  57.232 0.8750000000
79636  55.203  -7.712  57.531 0.8750000000
79645  53.359  -7.212  56.865 0.8750000000
79635  56.185  -7.596  57.443 0.8750000000
80560  54.880  -6.288  56.976 0.8750000000
80561  53.826  -6.475  56.606 0.7500000000
80559  55.913  -6.111  57.325 0.8750000000
81538  54.296  -5.635  56.426 0.7500000000
81539  53.146  -5.959  56.097 0.6250000000
81545  54.317  -4.831  55.934 0.6250000000
82435  52.500  -4.793  55.147 0.6250000000
82443  57.300  -4.836  55.753 0.8750000000
82432  57.320  -4.760  56.495 0.8750000000
82426  56.855  -4.348  56.662 0.8750000000
82433  55.104  -4.346  56.133 0.6250000000
82434  53.397  -4.625  55.419 0.6250000000
82445  52.160  -4.241  54.624 0.6250000000
82446  51.297  -4.249  54.561 0.5000000000
143718  56.505  -4.771  54.629 0.8750000000
80324  22.747  -6.889  84.113 0.7500000000
80330  22.457  -7.008  83.125 0.7500000000
80325  21.926  -6.470  83.687 0.7500000000
138137  21.040  -5.857  84.898 0.7500000000
146743  13.750  1.609  89.371 0.8750000000
87347  14.298  2.101  89.159 0.8750000000
80336  22.231  -7.078  82.185 0.7500000000
86408  14.927  0.877  89.334 0.8750000000
77565  25.514  -9.414  81.136 1.0000000000
79434  21.959  -7.228  81.273 0.8750000000
81253  20.862  -5.228  87.318 0.7500000000
144062  21.203  -5.762  86.650 0.7500000000
84677  15.958  -1.577  87.902 0.8750000000
139467  15.440  -0.771  89.497 0.8750000000
85525  15.212  0.075  89.262 0.8750000000
80346  25.967  -6.332  80.168 0.7500000000
77568  24.578  -9.743  80.978 1.0000000000
83031  20.051  -4.392  87.900 0.7500000000
125951  19.279  -3.831  87.786 0.7500000000
83815  17.296  -2.994  85.878 0.8750000000
83816  16.744  -2.436  86.476 0.8750000000
130276  11.769  2.402  86.237 0.8750000000
81322  25.335  -6.038  79.777 0.6250000000
82217  24.147  -5.065  79.753 0.3750000000
83042  19.757  -3.692  86.874 0.7500000000
133342  18.648  -3.549  86.690 0.7500000000
83044  17.340  -3.026  87.213 0.8750000000
83811  16.516  -2.447  87.765 0.8750000000
88300  10.572  2.593  84.078 0.8750000000
88291  10.928  2.514  85.006 0.8750000000
82218  23.403  -4.785  79.089 0.5000000000
77589  21.892  -9.726  78.476 1.0000000000
83043  17.826  -3.315  86.489 0.8750000000
88324  9.687  2.966  81.958 0.8750000000
88312  9.966  3.179  82.620 0.8750000000
131878  22.471  -1.174  69.358 0.1250000000
84787  21.330  -1.800  70.062 0.1250000000
83912  20.521  -2.608  71.984 0.1250000000
83904  20.462  -2.701  72.802 0.1250000000
82223  22.636  -4.284  78.492 0.3750000000
76529  22.273  -10.470  78.254 1.0000000000
77597  21.586  -10.078  77.716 1.0000000000
86465  9.698  1.636  80.043 0.8750000000
84777  26.515  -0.958  71.395 0.1250000000
148788  23.025  -1.435  68.890 0.1250000000
85669  21.766  -1.101  69.816 0.1250000000
83872  21.798  -3.064  77.951 0.3750000000
76536  21.982  -10.921  77.567 1.0000000000
86468  9.851  0.421  78.132 0.8750000000
83896  29.617  -1.967  74.174 0.1250000000
83903  28.384  -2.023  72.944 0.1250000000
84770  20.542  -1.941  72.479 0.1250000000
137181  20.714  -1.988  76.091 0.3750000000
125931  20.562  -1.305  73.033 0.2500000000
85611  20.679  -0.838  74.559 0.2500000000
84747  20.694  -1.277  75.377 0.2500000000
84736  21.313  -1.596  76.848 0.2500000000
84738  9.924  -1.458  76.362 0.8750000000
84732  10.546  -1.087  77.005 0.8750000000
84752  33.326  -2.183  75.439 0.1250000000
85640  20.738  -0.482  72.761 0.1250000000
85631  20.663  -0.684  73.630 0.2500000000
86504  20.806  -0.006  74.173 0.2500000000
84737  10.906  -1.797  76.610 0.8750000000
84750  34.792  -1.385  75.388 0.1250000000
85639  20.866  -0.124  71.951 0.1250000000
86538  20.934  0.193  72.583 0.1250000000
86520  20.860  0.092  73.315 0.2500000000
83877  10.206  -2.274  75.889 0.8750000000
83883  10.750  -2.949  75.661 0.8750000000
83094  12.234  -3.292  76.399 0.8750000000
86499  38.965  -0.242  75.016 0.1250000000
125511  29.488  -3.542  69.148 0.1250000000
129934  29.029  -3.474  68.488 0.2500000000
129472  27.845  -3.036  67.257 0.2500000000
83098  12.159  -3.780  75.801 0.8750000000
82226  13.074  -4.687  76.876 0.8750000000
86512  39.870  0.300  73.611 0.1250000000
83124  30.508  -3.619  69.616 0.1250000000
83149  28.894  -3.765  67.697 0.2500000000
146617  28.345  -3.390  67.517 0.2500000000
83159  27.593  -3.276  66.444 0.2500000000
82232  11.376  -4.152  75.229 0.8750000000
82229  12.702  -4.091  76.437 0.8750000000
81337  13.400  -5.784  76.237 0.8750000000
80373  13.549  -6.528  76.207 0.8750000000
127639  30.055  -3.899  69.041 0.1250000000
79472  13.648  -7.323  76.183 0.8750000000
77653  9.837  -9.874  72.973 0.6250000000
86544  42.661  0.938  71.681 0.1250000000
141954  38.200  0.561  70.571 0.1250000000
86582  37.817  0.465  69.859 0.1250000000
76592  9.957  -10.041  73.108 0.6250000000
76591  10.829  -10.128  73.014 0.6250000000
130885  11.012  -9.392  73.277 0.7500000000
77612  14.121  -9.844  75.015 0.8750000000
125134  38.695  0.523  70.031 0.1250000000
86581  38.539  0.580  69.237 0.1250000000
76590  12.535  -10.304  72.487 0.7500000000
77642  13.442  -9.726  72.546 0.8750000000
76574  14.334  -10.554  74.580 0.8750000000
87553  42.538  1.316  69.862 0.1250000000
86578  41.083  1.110  69.188 0.1250000000
125453  39.968  0.698  69.747 0.1250000000
86600  38.461  0.749  68.474 0.1250000000
131418  38.254  0.985  67.727 0.1250000000
146958  41.779  1.261  69.274 0.1250000000
144973  41.117  1.003  67.961 0.1250000000
86615  40.414  0.999  67.787 0.1250000000
127608  37.029  0.813  66.508 0.1250000000
76580  14.414  -10.525  73.571 0.8750000000
86616  39.532  1.073  67.560 0.2500000000
86629  38.371  1.102  66.392 0.2500000000
86630  37.648  0.787  66.020 0.3750000000
78689  46.468  -8.993  62.307 1.0000000000
142292  39.543  1.107  65.278 0.3750000000
86647  38.168  0.441  64.710 0.3750000000
86638  37.464  0.401  65.191 0.3750000000
85696  36.402  -0.078  64.618 0.3750000000
77746  47.464  -10.264  63.922 0.8750000000
78707  47.160  -8.581  61.488 1.0000000000
78708  46.256  -8.440  61.318 0.8750000000
86646  38.876  0.775  64.997 0.3750000000
86660  38.161  0.100  64.006 0.3750000000
123651  37.430  -0.473  63.091 0.3750000000
79616  46.849  -7.089  60.484 0.8750000000
80534  45.932  -6.270  59.756 0.8750000000
81503  45.493  -5.473  59.589 0.7500000000
82399  44.892  -4.735  59.272 0.5000000000
125702  39.044  -0.631  62.223 0.3750000000
85718  38.196  -0.583  62.641 0.3750000000
147637  36.987  -0.687  62.656 0.3750000000
146129  48.050  -11.216  66.353 0.7500000000
75531  47.467  -11.094  66.141 0.7500000000
82388  45.742  -4.548  59.781 0.6250000000
83218  44.326  -3.718  59.190 0.5000000000
84009  42.371  -2.226  59.184 0.5000000000
84884  40.917  -1.631  59.479 0.3750000000
84885  40.004  -1.754  59.435 0.3750000000
84851  39.213  -1.267  60.933 0.3750000000
85733  38.266  -0.963  61.851 0.3750000000
74480  47.668  -11.655  66.144 0.7500000000
74497  47.086  -12.008  65.517 0.7500000000
74508  46.392  -12.095  64.670 0.3750000000
74520  46.641  -12.512  64.003 0.2500000000
123491  45.810  -12.202  63.864 0.2500000000
74521  45.212  -12.055  63.298 0.1250000000
74522  44.633  -11.504  63.336 0.1250000000
73483  45.997  -12.911  62.369 0.1250000000
74534  44.746  -12.057  62.618 0.1250000000
74533  45.359  -12.456  62.734 0.1250000000
74541  53.813  -12.169  60.939 0.8750000000
74553  53.033  -12.401  60.720 0.6250000000
73500  51.001  -12.971  60.916 0.5000000000
72484  47.463  -13.967  61.751 0.1250000000
129182  54.695  -11.197  59.903 0.8750000000
75609  54.368  -11.634  60.389 0.7500000000
72491  48.670  -14.421  60.934 0.1250000000
72493  47.130  -14.295  61.077 0.1250000000
76730  55.172  -10.775  59.447 1.0000000000
72499  48.648  -14.384  60.298 0.1250000000
77796  55.076  -10.153  59.351 1.0000000000
78732  53.449  -9.079  58.404 0.8750000000
78738  53.686  -8.520  57.839 0.8750000000
82444  52.871  -4.255  54.882 0.6250000000
82425  57.154  -3.900  56.316 0.8750000000
83248  56.551  -3.678  56.317 0.8750000000
83264  54.695  -3.151  55.233 0.6250000000
145864  53.452  -3.948  54.987 0.5000000000
83266  52.805  -3.491  54.575 0.5000000000
83268  50.843  -3.435  54.385 0.5000000000
82431  57.409  -4.074  55.885 0.8750000000
83254  56.897  -3.169  55.939 0.8750000000
127565  56.242  -2.826  55.790 0.5000000000
83267  51.789  -3.434  54.367 0.5000000000
139341  57.051  -4.214  54.197 0.8750000000
84061  50.375  -2.680  54.104 0.5000000000
80323  23.629  -7.341  84.468 0.7500000000
79418  23.252  -7.509  83.509 0.7500000000
80302  23.040  -6.757  85.222 0.7500000000
81279  22.319  -6.208  85.659 0.7500000000
78517  25.885  -8.969  81.871 1.0000000000
79427  22.958  -7.605  82.576 0.7500000000
87346  15.113  1.744  89.141 0.8750000000
87350  13.587  2.323  88.544 0.8750000000
137166  26.428  -8.393  81.641 1.0000000000
82187  21.385  -4.829  87.211 0.7500000000
138717  16.035  -0.880  87.481 0.8750000000
85527  16.198  0.069  87.841 0.8750000000
86407  15.560  1.137  88.892 0.8750000000
129240  13.777  2.475  87.759 0.8750000000
88264  12.913  2.420  87.792 0.8750000000
144341  26.438  -6.845  80.724 0.8750000000
79440  22.383  -7.960  80.812 1.0000000000
83041  20.675  -4.339  87.303 0.7500000000
84681  16.340  -1.624  86.975 0.8750000000
85531  16.451  -0.505  86.769 0.8750000000
88280  12.831  2.331  85.938 0.8750000000
88273  12.366  2.441  86.972 0.8750000000
78536  22.423  -9.172  79.844 1.0000000000
78529  21.976  -8.376  80.169 1.0000000000
83056  19.719  -3.505  85.622 0.7500000000
146179  18.077  -3.380  85.761 0.7500000000
84690  16.565  -1.554  86.020 0.7500000000
129622  10.512  2.835  83.055 0.8750000000
88290  11.684  2.381  84.428 0.8750000000
77577  23.555  -10.130  79.859 1.0000000000
77579  22.218  -9.413  79.180 1.0000000000
78537  21.791  -8.617  79.456 1.0000000000
83064  18.684  -3.266  84.857 0.7500000000
149584  17.814  -2.997  85.188 0.7500000000
83837  17.896  -2.603  84.483 0.6250000000
88323  9.965  3.274  81.798 0.8750000000
88299  11.500  2.372  83.486 0.8750000000
77588  22.512  -10.077  78.906 1.0000000000
83063  19.746  -3.312  84.545 0.6250000000
83836  18.428  -2.775  83.987 0.6250000000
87439  9.550  2.504  79.556 0.8750000000
88336  9.712  3.101  79.952 0.8750000000
88322  10.698  3.012  81.456 0.8750000000
84788  20.877  -1.832  70.801 0.1250000000
83087  22.324  -3.259  78.584 0.3750000000
86469  9.652  1.099  78.769 0.8750000000
88345  9.932  3.181  79.439 0.8750000000
127978  10.061  3.338  80.987 0.8750000000
83873  21.546  -2.351  77.531 0.3750000000
86476  9.189  1.188  77.890 0.8750000000
88346  9.704  2.834  79.085 0.8750000000
85610  21.031  -0.463  75.744 0.2500000000
85601  8.744  -0.268  76.460 0.8750000000
134886  21.103  0.671  74.670 0.2500000000
84739  9.007  -1.029  76.052 0.8750000000
85605  36.397  -0.833  76.304 0.1250000000
83884  9.239  -2.439  75.474 0.8750000000
85613  38.146  -0.427  75.688 0.1250000000
85604  37.309  -0.597  76.526 0.1250000000
86498  39.785  0.039  74.562 0.1250000000
132044  12.385  -4.433  75.536 0.8750000000
82228  13.128  -4.939  76.102 0.8750000000
86528  41.835  0.476  73.330 0.1250000000
132231  13.825  -7.633  75.476 0.8750000000
86527  43.188  0.837  72.915 0.1250000000
144653  9.787  -9.333  72.952 0.7500000000
77634  10.249  -9.213  73.296 0.7500000000
78562  14.008  -8.269  75.052 0.8750000000
77644  10.213  -9.727  73.253 0.7500000000
77643  12.284  -9.544  72.665 0.8750000000
78594  13.267  -9.084  72.668 0.8750000000
78574  14.260  -9.015  73.417 0.8750000000
77641  14.079  -9.915  72.729 0.8750000000
77633  14.359  -9.779  73.075 0.8750000000
77627  14.394  -9.759  73.988 0.8750000000
125699  43.441  1.403  70.199 0.1250000000
87578  41.051  1.180  67.333 0.2500000000
86627  40.157  1.328  67.044 0.2500000000
87594  41.757  1.404  66.855 0.2500000000
87606  40.953  1.349  65.611 0.2500000000
86635  39.989  1.292  66.026 0.2500000000
77766  48.011  -10.064  63.056 1.0000000000
78688  47.518  -9.264  62.219 1.0000000000
78706  48.081  -8.519  61.609 0.8750000000
87612  41.073  1.267  64.864 0.2500000000
86644  40.648  1.156  64.256 0.3750000000
146321  48.071  -10.475  63.942 0.8750000000
136781  47.666  -7.980  61.158 0.7500000000
79607  47.586  -7.248  60.887 0.7500000000
86668  42.291  0.804  62.381 0.3750000000
86657  41.047  0.890  63.377 0.3750000000
145096  40.208  0.821  63.702 0.3750000000
128733  38.833  -0.163  63.007 0.3750000000
76688  48.742  -10.373  64.710 0.8750000000
80521  46.663  -6.243  60.231 0.7500000000
136872  46.636  -3.726  60.616 0.5000000000
83997  45.587  -2.853  60.243 0.5000000000
138092  43.946  -0.626  60.345 0.3750000000
85743  43.312  -0.368  60.494 0.3750000000
86678  42.384  0.396  61.469 0.3750000000
86679  40.930  -0.077  61.979 0.3750000000
144874  39.771  -0.334  62.032 0.3750000000
76643  48.023  -10.796  66.073 0.8750000000
82387  46.322  -4.371  60.250 0.6250000000
83208  45.983  -3.703  60.197 0.5000000000
84006  44.729  -2.909  59.722 0.5000000000
84881  43.649  -1.642  59.766 0.3750000000
136832  42.854  -0.762  60.210 0.3750000000
84868  41.296  -0.994  60.036 0.3750000000
85731  40.377  -0.452  61.546 0.3750000000
85732  39.551  -0.787  61.514 0.3750000000
74496  48.016  -12.199  65.908 0.7500000000
74507  47.629  -12.448  65.012 0.6250000000
73469  47.173  -12.966  63.250 0.2500000000
75608  54.505  -11.195  60.477 1.0000000000
75599  54.213  -11.598  61.193 1.0000000000
73480  49.049  -13.993  62.079 0.3750000000
73481  47.759  -13.568  62.492 0.2500000000
73482  46.880  -13.289  62.445 0.1250000000
73489  50.348  -13.474  61.130 0.5000000000
142304  48.405  -14.136  61.746 0.1250000000
72490  49.287  -14.138  61.335 0.1250000000
76722  54.752  -10.962  59.908 0.8750000000
76731  54.482  -10.599  59.846 1.0000000000
145379  53.283  -9.453  59.094 0.8750000000
83263  57.457  -3.271  55.268 0.8750000000
84048  56.728  -2.145  55.475 0.8750000000
84050  55.407  -2.590  55.318 0.5000000000
84057  54.456  -2.301  54.731 0.5000000000
84059  52.333  -2.559  54.230 0.5000000000
84919  52.022  -1.757  53.907 0.5000000000
84060  51.338  -2.472  54.088 0.5000000000
80322  24.762  -7.449  84.513 0.7500000000
80301  23.592  -6.371  85.732 0.7500000000
81251  22.763  -5.345  86.462 0.7500000000
87345  16.193  2.143  88.701 0.8750000000
88258  15.478  2.499  88.702 0.8750000000
79417  24.117  -7.851  83.714 0.7500000000
82184  23.561  -4.873  86.500 0.7500000000
82186  22.280  -4.762  86.835 0.7500000000
88263  14.677  2.638  88.271 0.8750000000
78512  24.213  -8.584  82.306 1.0000000000
79432  23.428  -8.179  82.015 0.8750000000
83039  22.762  -4.076  86.496 0.6250000000
83040  21.994  -4.096  86.628 0.7500000000
86424  16.938  0.244  86.409 0.8750000000
86418  16.850  0.768  87.492 0.8750000000
88271  14.280  2.493  87.180 0.8750000000
88279  13.792  2.254  86.282 0.8750000000
80345  26.606  -7.453  81.653 0.8750000000
78518  24.751  -9.191  81.719 1.0000000000
78519  23.811  -8.876  81.586 1.0000000000
78528  22.753  -8.751  80.491 1.0000000000
136770  21.980  -3.512  85.868 0.6250000000
83055  20.609  -3.752  86.406 0.7500000000
84689  16.953  -1.538  85.088 0.7500000000
85538  17.215  -0.526  84.883 0.7500000000
87362  13.816  1.815  85.250 0.8750000000
81317  24.888  -5.410  80.166 0.5000000000
77569  23.844  -9.794  80.611 1.0000000000
78527  23.468  -9.168  80.880 1.0000000000
83062  21.478  -3.307  85.117 0.7500000000
128782  20.608  -3.475  85.301 0.7500000000
84698  17.334  -1.177  84.431 0.7500000000
87387  12.419  1.922  82.985 0.8750000000
87376  12.517  1.957  83.903 0.8750000000
87374  14.262  1.489  84.237 0.7500000000
82215  23.488  -4.143  80.112 0.5000000000
77578  22.760  -9.839  79.571 1.0000000000
83835  20.701  -3.014  84.242 0.6250000000
83067  19.861  -2.967  83.801 0.6250000000
83068  19.097  -3.120  83.853 0.6250000000
88310  11.362  2.483  82.424 0.8750000000
87386  13.486  1.535  83.408 0.8750000000
82219  22.816  -3.819  79.301 0.5000000000
83084  22.642  -3.005  79.261 0.3750000000
83843  19.521  -2.574  83.272 0.6250000000
88344  10.466  3.181  79.721 0.8750000000
88333  11.631  2.504  80.725 0.8750000000
84727  22.196  -1.674  78.508 0.3750000000
88356  9.627  2.407  78.207 0.8750000000
135533  10.509  2.982  78.929 0.8750000000
85589  21.656  -0.873  77.320 0.2500000000
86486  8.486  0.601  76.474 0.8750000000
144330  8.895  1.550  77.083 0.8750000000
86485  21.465  0.015  76.258 0.2500000000
86484  21.802  0.681  76.357 0.2500000000
87472  22.390  1.437  76.483 0.2500000000
85602  8.319  -0.049  76.104 0.8750000000
86493  21.364  0.478  75.563 0.1250000000
87482  21.848  1.305  75.750 0.1250000000
84748  8.769  -1.710  75.496 0.8750000000
86489  39.113  -0.192  76.269 0.1250000000
126871  21.053  0.783  73.779 0.1250000000
88402  21.706  2.228  73.576 0.1250000000
126449  9.893  -3.059  75.339 0.8750000000
148063  39.748  -0.077  75.438 0.1250000000
86480  39.736  0.280  77.161 0.1250000000
88411  21.642  2.182  72.696 0.1250000000
127281  41.678  0.421  74.278 0.1250000000
143176  40.606  0.115  75.340 0.1250000000
81342  12.661  -5.143  75.226 0.8750000000
80377  13.438  -6.196  75.559 0.8750000000
128590  42.695  0.646  73.398 0.1250000000
79484  13.767  -7.459  74.595 0.8750000000
78605  9.931  -8.716  72.734 0.7500000000
78588  9.684  -8.224  73.117 0.7500000000
78587  10.160  -8.461  73.377 0.7500000000
79499  9.933  -7.596  73.440 0.7500000000
78586  11.200  -8.448  73.384 0.8750000000
79498  10.820  -7.599  73.536 0.8750000000
78585  12.650  -7.876  73.148 0.8750000000
79496  13.482  -7.777  73.641 0.8750000000
87605  41.711  1.426  66.011 0.2500000000
78687  48.580  -9.159  62.298 1.0000000000
129529  41.741  1.345  65.167 0.2500000000
77745  48.686  -10.240  63.737 1.0000000000
79606  48.359  -7.505  61.407 0.7500000000
82375  47.463  -4.774  60.930 0.7500000000
86667  43.050  0.861  61.776 0.3750000000
87630  42.650  1.350  62.918 0.3750000000
136177  42.524  1.439  63.812 0.2500000000
76687  49.473  -10.132  64.275 0.8750000000
83201  47.367  -3.833  61.094 0.7500000000
84863  46.217  -1.557  60.853 0.5000000000
84864  45.279  -1.253  60.514 0.3750000000
86686  43.964  0.077  60.695 0.3750000000
86677  43.649  0.660  61.211 0.3750000000
146242  42.809  1.139  62.379 0.3750000000
132347  48.724  -11.055  66.298 0.7500000000
83998  44.962  -2.096  60.167 0.3750000000
85742  44.589  -0.568  60.494 0.3750000000
74495  48.914  -12.209  65.998 0.7500000000
74506  48.462  -12.486  65.071 0.7500000000
135597  48.069  -12.751  64.305 0.6250000000
73466  50.083  -13.425  62.766 0.7500000000
74518  48.815  -12.934  64.058 0.6250000000
73468  48.129  -13.182  63.353 0.3750000000
73479  49.628  -13.778  61.986 0.5000000000
73467  49.156  -13.530  62.916 0.5000000000
146055  48.534  -13.723  62.482 0.3750000000
74542  52.845  -12.499  61.433 1.0000000000
73477  51.025  -13.153  61.621 0.6250000000
73478  50.304  -13.525  61.834 0.6250000000
77797  53.323  -9.954  59.742 1.0000000000
83275  58.173  -3.307  53.651 0.8750000000
126578  57.846  -2.910  54.576 0.7500000000
84917  53.860  -1.462  54.255 0.5000000000
84918  52.850  -1.592  54.035 0.5000000000
84054  57.460  -2.160  55.147 0.8750000000
84912  56.083  -1.164  54.796 0.8750000000
84056  55.357  -1.702  54.847 0.5000000000
82450  57.416  -4.074  53.371 0.8750000000
84073  50.718  -1.974  53.823 0.5000000000
83282  58.046  -3.751  52.633 0.8750000000
82458  57.339  -4.190  52.373 0.8750000000
139104  57.142  -4.375  51.528 0.8750000000
80312  24.043  -6.939  85.279 0.7500000000
80311  25.100  -6.643  85.216 0.7500000000
80300  24.496  -6.101  85.900 0.7500000000
82197  24.359  -5.145  86.361 0.7500000000
83038  23.523  -4.089  86.457 0.6250000000
87349  16.991  1.866  88.333 0.8750000000
88257  16.451  3.091  88.502 0.7500000000
88262  15.869  3.145  88.301 0.7500000000
88269  16.344  3.563  87.925 0.7500000000
124948  26.637  -6.550  81.975 0.7500000000
79425  24.587  -8.340  83.076 0.8750000000
83053  22.616  -3.502  86.110 0.6250000000
86417  17.421  1.553  87.627 0.8750000000
130700  17.630  2.370  88.043 0.8750000000
88270  15.367  2.855  87.452 0.8750000000
87360  15.688  2.263  86.203 0.7500000000
81315  26.275  -6.120  81.019 0.8750000000
83834  21.715  -2.736  84.305 0.6250000000
86423  17.363  0.411  85.616 0.7500000000
87373  15.578  1.771  85.217 0.7500000000
81306  25.880  -5.421  81.315 0.6250000000
82213  25.162  -5.034  80.972 0.6250000000
78526  24.064  -9.477  81.224 1.0000000000
133719  21.156  -2.459  83.523 0.6250000000
84705  17.647  -1.316  83.819 0.6250000000
85553  17.872  -0.635  83.435 0.7500000000
83862  23.350  -2.393  80.214 0.3750000000
129979  18.516  -1.881  83.126 0.6250000000
84704  18.117  -1.357  83.205 0.6250000000
141031  13.339  1.508  81.856 0.8750000000
87401  13.979  1.230  82.540 0.8750000000
130298  15.370  1.408  84.135 0.7500000000
84725  22.694  -1.566  79.133 0.3750000000
87414  12.558  1.872  81.289 0.8750000000
87412  14.288  1.054  81.628 0.8750000000
87400  15.009  0.953  82.492 0.8750000000
85581  22.516  -0.801  78.596 0.3750000000
88366  9.921  2.532  77.812 0.8750000000
88354  11.288  2.689  79.318 0.8750000000
87437  12.934  1.615  79.687 0.8750000000
87413  13.445  1.457  81.066 0.8750000000
86475  22.430  0.413  77.555 0.2500000000
88378  9.869  2.190  77.002 0.8750000000
85612  8.386  -0.205  75.502 0.8750000000
88394  21.916  2.244  74.354 0.1250000000
87496  21.896  1.947  75.105 0.1250000000
84749  8.391  -1.704  75.068 0.8750000000
88401  22.307  2.741  73.921 0.1250000000
88393  22.480  2.599  74.801 0.1250000000
83885  8.641  -2.479  75.138 0.8750000000
83100  9.045  -3.191  75.121 0.8750000000
88410  22.130  2.809  73.031 0.1250000000
83891  8.417  -2.520  74.630 0.7500000000
82234  9.654  -3.941  74.892 0.8750000000
83099  10.601  -3.619  75.289 0.8750000000
130983  22.119  2.724  72.149 0.1250000000
81343  11.744  -4.872  74.849 0.8750000000
81346  13.020  -5.795  74.923 0.8750000000
81372  9.974  -6.198  71.855 0.7500000000
80404  9.591  -7.143  72.671 0.7500000000
141337  9.544  -7.386  73.223 0.7500000000
80415  9.263  -6.279  72.422 0.7500000000
80406  8.962  -6.173  72.855 0.7500000000
80394  9.287  -6.750  73.201 0.8750000000
80392  10.515  -6.812  73.672 0.8750000000
124308  11.875  -7.463  73.384 0.8750000000
79497  12.834  -7.084  73.814 0.8750000000
78705  48.917  -8.222  61.934 0.8750000000
77765  49.269  -9.651  63.227 1.0000000000
79605  49.207  -7.288  62.004 0.8750000000
80508  48.789  -6.546  61.683 0.8750000000
81476  47.849  -5.525  61.139 0.7500000000
78685  50.345  -8.121  62.831 1.0000000000
80491  49.582  -6.328  62.377 0.8750000000
82360  48.641  -4.249  61.986 0.7500000000
82374  47.992  -4.499  61.412 0.6250000000
83989  46.749  -2.115  61.079 0.5000000000
136507  46.512  -0.924  61.195 0.3750000000
146875  50.112  -9.691  63.998 1.0000000000
145047  50.855  -9.187  64.583 1.0000000000
83988  47.385  -2.241  61.508 0.5000000000
84850  46.954  -1.483  61.352 0.5000000000
76641  50.733  -10.383  65.903 0.8750000000
77722  50.807  -9.675  65.532 1.0000000000
75566  50.780  -11.809  65.532 0.8750000000
74494  49.845  -12.004  65.865 0.7500000000
75579  52.209  -12.086  64.232 0.8750000000
74516  50.691  -12.980  63.665 0.7500000000
74505  49.358  -12.512  64.995 0.7500000000
74530  53.200  -12.257  62.310 1.0000000000
74531  52.019  -12.744  62.229 0.8750000000
74532  50.975  -13.207  62.553 0.8750000000
76711  54.240  -10.885  61.548 1.0000000000
76723  54.414  -10.866  60.613 1.0000000000
77786  53.940  -10.375  61.426 1.0000000000
76724  53.680  -10.336  60.435 1.0000000000
149148  53.340  -9.821  61.086 1.0000000000
77787  52.584  -9.631  60.230 1.0000000000
143937  52.412  -9.352  59.383 0.8750000000
84072  58.101  -2.140  54.217 0.7500000000
84915  57.493  -1.309  54.675 0.8750000000
84916  55.252  -0.924  54.470 0.5000000000
85778  54.503  -0.518  54.053 0.5000000000
83281  58.447  -3.303  52.810 0.7500000000
84928  52.339  -0.836  53.480 0.5000000000
142359  51.387  -1.504  53.626 0.5000000000
82464  58.024  -4.126  51.736 0.8750000000
82472  57.909  -4.464  50.878 0.8750000000
133603  56.692  -4.986  48.382 0.7500000000
81265  26.184  -5.515  85.626 0.6250000000
80310  25.874  -6.907  84.640 0.7500000000
81278  26.122  -6.276  85.169 0.7500000000
136835  25.274  -5.343  86.134 0.6250000000
88260  17.728  3.343  88.217 0.7500000000
89085  17.833  4.064  88.028 0.7500000000
79414  26.463  -7.428  83.301 0.8750000000
80321  25.826  -7.531  84.018 0.7500000000
82196  25.001  -4.396  86.430 0.7500000000
83051  24.420  -3.548  86.361 0.6250000000
84687  24.740  -2.004  85.630 0.6250000000
87344  17.072  2.837  88.496 0.7500000000
88261  16.628  3.578  88.252 0.7500000000
89086  17.087  3.922  88.117 0.7500000000
81297  26.819  -5.879  82.448 0.7500000000
123559  26.691  -7.316  82.562 0.8750000000
79424  26.206  -8.212  82.583 0.8750000000
79415  25.836  -7.988  83.388 0.8750000000
83825  23.137  -2.971  85.813 0.6250000000
83824  24.023  -2.715  85.858 0.6250000000
87358  17.876  1.311  86.043 0.7500000000
87353  18.283  2.705  87.585 0.7500000000
81305  26.407  -5.781  81.710 0.7500000000
126419  25.403  -8.332  83.099 1.0000000000
83833  23.287  -2.453  85.193 0.6250000000
83840  22.593  -2.189  84.318 0.6250000000
84703  22.288  -1.686  83.443 0.6250000000
86431  17.613  0.275  84.601 0.7500000000
87371  17.779  0.987  85.119 0.7500000000
88278  16.267  3.021  86.796 0.7500000000
85546  17.544  -0.545  84.121 0.6250000000
82209  24.796  -4.103  81.370 0.6250000000
83079  24.319  -3.214  81.144 0.6250000000
83861  23.948  -2.421  80.843 0.6250000000
83851  20.784  -2.116  82.795 0.6250000000
83853  19.155  -2.035  82.833 0.6250000000
84712  18.732  -1.368  82.710 0.6250000000
144722  18.121  -0.070  83.124 0.6250000000
123843  15.522  1.142  83.205 0.7500000000
84724  23.235  -1.569  79.772 0.3750000000
85576  23.693  -0.797  79.994 0.6250000000
126592  14.128  1.183  80.859 0.8750000000
87411  15.415  0.847  81.684 0.8750000000
148908  23.043  -0.171  78.908 0.3750000000
87462  12.032  1.951  77.801 0.7500000000
87448  12.216  2.021  79.059 0.8750000000
87426  13.596  1.373  80.339 0.7500000000
85584  22.734  0.075  78.278 0.2500000000
87488  9.416  1.456  75.751 0.8750000000
87478  10.807  1.943  76.543 0.8750000000
87463  11.382  2.125  77.322 0.8750000000
87456  22.725  1.200  77.285 0.2500000000
134456  8.381  -0.945  74.974 0.7500000000
83103  8.948  -3.804  74.678 0.8750000000
82238  9.918  -4.760  74.515 0.8750000000
82237  10.764  -4.781  74.619 0.8750000000
130274  8.405  -2.914  74.046 0.7500000000
83104  8.580  -3.422  74.400 0.8750000000
138017  10.209  -5.312  74.297 0.8750000000
83106  8.508  -3.795  73.781 0.7500000000
141622  8.433  -4.109  73.050 0.7500000000
82240  8.798  -4.320  74.163 0.8750000000
81349  9.623  -5.396  74.087 0.8750000000
81348  11.020  -5.418  74.333 0.8750000000
81347  12.077  -5.550  74.548 0.8750000000
81373  9.282  -5.672  71.538 0.7500000000
81363  8.742  -5.488  72.554 0.7500000000
81350  9.080  -5.296  73.778 0.7500000000
80383  10.156  -6.020  73.947 0.8750000000
80381  12.443  -6.263  74.238 0.8750000000
80416  8.932  -5.682  72.062 0.7500000000
81355  8.766  -5.515  73.180 0.7500000000
81353  9.447  -6.091  73.615 0.8750000000
80391  11.667  -6.804  73.659 0.8750000000
81393  11.279  -6.042  69.568 0.5000000000
80439  12.438  -6.894  68.413 0.5000000000
79547  13.218  -7.848  67.132 0.6250000000
82345  49.905  -4.160  63.358 0.8750000000
83191  49.549  -3.422  63.167 0.8750000000
79588  50.699  -7.312  63.402 1.0000000000
132414  49.622  -4.707  62.801 1.0000000000
83192  48.843  -3.427  62.441 0.6250000000
83981  48.452  -2.705  62.259 0.6250000000
84849  47.668  -1.438  61.842 0.5000000000
85727  46.347  -0.184  61.160 0.5000000000
78667  50.968  -8.242  63.755 1.0000000000
75548  51.208  -11.028  65.905 1.0000000000
76640  51.631  -10.298  65.867 1.0000000000
144031  53.492  -10.949  64.031 1.0000000000
75578  53.136  -11.631  63.966 1.0000000000
75565  51.705  -11.662  65.174 0.8750000000
75591  53.868  -11.201  63.283 1.0000000000
75592  53.421  -11.772  63.010 1.0000000000
74515  51.634  -12.656  63.382 0.8750000000
77778  54.131  -10.118  62.300 1.0000000000
78727  51.730  -8.910  59.711 0.8750000000
84071  58.480  -2.620  53.269 0.7500000000
84924  58.304  -1.672  53.514 0.7500000000
84925  57.821  -0.983  53.971 0.7500000000
85776  56.372  -0.359  54.215 0.7500000000
85777  55.497  -0.194  54.061 0.3750000000
85787  54.003  0.035  53.508 0.5000000000
83285  58.565  -3.635  51.947 0.7500000000
124772  53.177  -0.155  53.380 0.5000000000
149552  52.036  -0.551  53.072 0.3750000000
145856  57.704  -4.525  50.083 0.8750000000
82492  57.459  -4.967  48.787 0.7500000000
81590  57.145  -5.283  47.922 0.6250000000
132722  27.344  -5.394  83.766 0.7500000000
80309  26.604  -6.389  84.526 0.7500000000
81277  26.956  -5.675  84.748 0.7500000000
82194  26.793  -4.753  85.337 0.6250000000
82195  25.976  -4.604  86.115 0.6250000000
83050  25.715  -3.487  86.328 0.6250000000
81288  27.125  -6.164  83.900 0.7500000000
80320  26.589  -6.846  83.968 0.7500000000
83823  25.159  -2.660  86.156 0.6250000000
88259  18.429  3.630  87.727 0.7500000000
80329  27.037  -6.638  83.106 0.7500000000
84696  24.371  -1.507  84.972 0.6250000000
85549  24.351  -0.346  83.982 0.6250000000
87370  18.348  1.614  85.337 0.7500000000
88276  18.891  2.423  85.670 0.7500000000
89088  18.992  3.892  87.362 0.7500000000
89089  17.754  4.132  87.654 0.7500000000
82207  26.389  -5.192  82.041 0.7500000000
85545  23.927  -1.082  84.287 0.6250000000
85550  23.503  -0.714  83.500 0.6250000000
85559  22.384  -0.758  82.297 0.6250000000
85561  19.164  -0.070  81.837 0.6250000000
87396  18.711  1.073  82.747 0.6250000000
86430  18.178  1.031  84.290 0.7500000000
88287  19.385  2.849  84.904 0.7500000000
89093  17.736  3.802  86.432 0.7500000000
131755  25.641  -3.815  82.004 0.6250000000
83075  25.030  -3.159  81.739 0.6250000000
83074  25.712  -3.022  82.353 0.6250000000
84708  21.990  -1.379  82.663 0.6250000000
85560  21.668  -1.052  81.975 0.6250000000
85571  19.910  -0.314  81.487 0.6250000000
88288  17.312  2.959  85.101 0.7500000000
82208  25.707  -4.651  81.677 0.6250000000
83857  25.281  -2.338  82.042 0.6250000000
84709  21.249  -1.588  82.358 0.6250000000
84710  20.495  -1.618  82.261 0.6250000000
87372  16.223  1.764  84.416 0.7500000000
139280  19.558  -0.707  81.949 0.6250000000
87384  16.197  1.415  83.482 0.7500000000
123592  12.436  1.845  78.355 0.7500000000
87436  14.416  0.967  78.937 0.8750000000
139514  10.501  1.516  75.528 0.7500000000
123851  12.426  1.693  77.026 0.7500000000
87446  14.059  1.074  78.250 0.7500000000
131413  14.891  0.798  79.670 0.7500000000
87424  15.324  0.794  80.376 0.7500000000
87505  8.992  1.061  75.269 0.7500000000
144552  11.357  1.246  74.931 0.7500000000
124015  12.738  1.500  76.192 0.7500000000
86506  9.151  0.714  74.608 0.7500000000
86505  9.990  0.803  74.159 0.7500000000
86523  10.359  0.394  73.493 0.7500000000
86525  8.678  0.173  74.444 0.7500000000
86524  9.324  0.247  73.809 0.7500000000
86543  10.096  -0.194  73.171 0.7500000000
84757  8.313  -1.692  74.429 0.7500000000
85632  9.368  -0.478  73.381 0.7500000000
84764  8.352  -1.343  73.829 0.7500000000
84772  8.588  -1.879  73.018 0.7500000000
85642  8.945  -1.119  73.270 0.7500000000
83899  8.377  -2.276  73.698 0.7500000000
83905  8.437  -2.709  72.720 0.7500000000
81384  9.155  -5.250  70.649 0.7500000000
82256  8.580  -4.439  70.809 0.7500000000
132492  8.453  -4.312  72.315 0.7500000000
81395  9.918  -5.191  70.106 0.7500000000
146193  9.346  -4.854  69.998 0.7500000000
80440  11.972  -6.389  69.039 0.5000000000
81402  11.294  -5.736  68.794 0.5000000000
81403  10.661  -5.107  68.647 0.5000000000
82265  9.878  -4.746  69.313 0.7500000000
79548  12.807  -7.398  67.743 0.5000000000
80446  12.453  -6.593  67.544 0.5000000000
81409  11.379  -5.412  68.069 0.5000000000
82277  10.196  -4.396  68.445 0.3750000000
79555  13.065  -7.042  67.023 0.5000000000
81408  11.926  -5.757  67.301 0.5000000000
144385  11.440  -5.066  67.518 0.5000000000
82288  10.500  -4.063  67.731 0.5000000000
143699  13.218  -7.538  66.506 0.5000000000
80455  12.562  -6.348  66.705 0.5000000000
81417  11.748  -4.952  66.892 0.6250000000
82287  11.190  -4.437  67.343 0.5000000000
86665  49.455  0.335  62.965 0.5000000000
87627  48.935  0.989  62.346 0.5000000000
80462  12.831  -6.178  65.874 0.5000000000
81416  12.333  -5.535  66.442 0.3750000000
84837  49.614  -1.728  63.382 0.7500000000
138619  49.543  -0.949  63.319 0.6250000000
86666  48.608  0.142  62.340 0.5000000000
87634  47.499  1.013  61.559 0.5000000000
80461  13.492  -6.872  65.190 0.3750000000
81426  12.759  -5.316  65.695 0.3750000000
128487  50.712  -5.670  63.686 1.0000000000
82344  50.619  -4.188  64.165 1.0000000000
142340  48.310  -1.490  62.297 0.5000000000
86672  47.782  0.119  61.767 0.5000000000
75564  52.818  -10.962  64.713 1.0000000000
76664  52.400  -10.264  65.419 1.0000000000
76700  54.240  -10.628  62.646 1.0000000000
84939  58.176  -0.651  53.188 0.6250000000
85797  57.015  0.829  53.144 0.5000000000
84087  58.706  -2.926  52.470 0.6250000000
139472  58.572  -1.830  52.718 0.6250000000
85784  56.597  0.376  53.655 0.3750000000
86725  55.202  0.658  53.303 0.3750000000
130823  58.863  -3.749  51.170 0.6250000000
84096  58.915  -3.122  51.654 0.6250000000
125679  54.847  0.273  53.614 0.5000000000
85788  52.555  -0.161  53.010 0.3750000000
82463  58.547  -4.151  51.048 0.7500000000
83289  59.006  -4.097  50.438 0.7500000000
148168  58.730  -4.512  49.220 0.7500000000
81589  58.160  -5.174  48.270 0.6250000000
131935  57.133  -5.584  47.157 0.6250000000
82200  27.330  -4.697  84.395 0.7500000000
83060  27.241  -3.749  85.018 0.6250000000
137024  26.537  -3.961  85.812 0.6250000000
83822  26.144  -2.443  86.102 0.6250000000
82204  27.097  -5.199  82.854 0.7500000000
82202  27.258  -4.547  83.408 0.7500000000
83066  27.483  -3.818  83.979 0.6250000000
83839  27.483  -2.965  84.430 0.6250000000
83049  26.685  -3.091  85.792 0.6250000000
83821  26.914  -2.166  85.641 0.6250000000
84686  25.674  -1.833  85.903 0.6250000000
84695  25.248  -1.285  85.420 0.6250000000
139942  27.226  -5.893  83.253 0.7500000000
83070  26.863  -3.713  83.132 0.7500000000
131767  27.174  -3.013  83.629 0.6250000000
83832  27.279  -2.693  85.202 0.6250000000
85543  25.869  -0.429  85.426 0.6250000000
85544  24.826  -0.758  84.785 0.6250000000
138112  19.589  3.763  85.824 0.7500000000
89087  19.122  4.415  87.252 0.7500000000
89813  18.439  4.328  87.492 0.7500000000
136342  26.493  -4.362  82.468 0.6250000000
83838  27.516  -2.263  84.035 0.6250000000
84700  27.723  -1.652  84.526 0.6250000000
86435  24.741  0.428  83.731 0.6250000000
86436  23.910  0.009  83.177 0.6250000000
86444  22.746  -0.060  81.958 0.6250000000
86445  19.007  0.778  81.964 0.6250000000
126764  19.538  2.780  82.925 0.6250000000
149305  26.229  -3.566  82.543 0.6250000000
83071  26.457  -2.969  82.932 0.5000000000
84701  27.443  -1.459  83.813 0.5000000000
85548  27.644  -0.557  83.879 0.5000000000
86440  27.762  0.880  83.264 0.6250000000
87403  27.560  1.997  82.196 0.5000000000
86450  23.106  0.660  81.635 0.6250000000
86452  21.380  -0.021  81.013 0.6250000000
86454  19.610  0.460  81.360 0.6250000000
128582  19.462  1.176  81.461 0.6250000000
87395  19.274  1.752  82.335 0.6250000000
88304  28.184  2.545  82.689 0.6250000000
88325  27.481  2.826  80.805 0.3750000000
86458  21.827  0.761  80.607 0.6250000000
87420  21.341  1.403  80.282 0.6250000000
87408  20.064  1.089  80.834 0.6250000000
88297  17.314  2.509  84.004 0.7500000000
88314  27.720  2.701  81.741 0.3750000000
87398  16.909  1.617  82.885 0.7500000000
89127  27.332  3.892  79.696 0.3750000000
144383  16.460  1.110  81.479 0.7500000000
124016  13.632  1.348  75.852 0.7500000000
87476  13.367  1.397  76.656 0.7500000000
125158  14.966  0.755  78.274 0.7500000000
132846  15.879  0.908  79.772 0.7500000000
87423  16.270  1.036  80.555 0.7500000000
87502  12.630  1.102  74.688 0.7500000000
148559  11.275  0.961  74.279 0.7500000000
86521  11.817  0.501  73.068 0.7500000000
86522  11.128  0.420  73.271 0.7500000000
86542  10.777  0.015  72.886 0.7500000000
85651  10.251  -0.555  71.774 0.7500000000
145597  10.428  -0.344  72.550 0.7500000000
85652  9.657  -0.873  71.059 0.7500000000
129566  9.559  -0.976  71.840 0.7500000000
84771  9.129  -1.436  72.383 0.7500000000
83913  8.512  -2.425  71.063 0.7500000000
131724  8.367  -3.043  71.731 0.7500000000
83130  8.884  -3.330  69.769 0.7500000000
83941  8.722  -2.535  68.663 0.6250000000
83142  9.144  -3.250  68.501 0.5000000000
83152  10.201  -3.359  67.505 0.5000000000
84819  9.128  -1.228  66.994 0.5000000000
136118  9.303  -0.568  66.665 0.3750000000
86633  9.169  0.323  66.449 0.3750000000
138495  50.177  2.828  62.569 0.5000000000
82302  11.606  -4.071  66.754 0.5000000000
83959  9.966  -1.841  67.013 0.5000000000
84818  9.807  -1.137  66.737 0.5000000000
85685  9.967  -0.556  66.379 0.3750000000
87626  49.906  1.295  63.037 0.6250000000
88489  49.207  1.891  62.229 0.5000000000
83164  11.345  -3.136  66.676 0.3750000000
84817  10.624  -1.477  66.511 0.5000000000
86642  9.394  1.130  65.871 0.3750000000
85705  49.852  -0.311  63.545 0.6250000000
86655  50.306  0.479  63.604 0.6250000000
81440  13.695  -5.454  64.585 0.2500000000
142114  12.798  -4.610  65.528 0.2500000000
83163  12.088  -3.581  66.216 0.3750000000
83174  11.940  -2.823  66.189 0.3750000000
85684  10.833  -0.641  66.088 0.3750000000
87607  9.820  1.788  65.444 0.3750000000
146720  9.640  1.966  65.767 0.3750000000
83974  50.718  -2.840  64.695 1.0000000000
85692  11.091  0.005  65.643 0.3750000000
76686  53.925  -10.430  63.511 1.0000000000
84938  58.439  -0.511  52.207 0.6250000000
86735  56.408  1.000  52.928 0.3750000000
84955  58.927  -2.111  51.292 0.6250000000
85786  55.470  0.451  53.579 0.3750000000
86738  53.902  0.399  52.833 0.3750000000
84105  59.193  -3.217  50.678 0.6250000000
86726  54.432  0.435  53.237 0.3750000000
85798  53.531  0.205  53.131 0.3750000000
123621  52.141  -0.255  52.402 0.2500000000
81588  58.951  -4.739  48.498 0.7500000000
82480  59.044  -4.307  49.710 0.6250000000
81597  58.001  -5.478  47.568 0.6250000000
80627  58.798  -6.321  45.319 0.5000000000
81607  57.963  -5.742  46.783 0.6250000000
80639  58.126  -6.363  44.648 0.3750000000
80628  57.890  -6.199  45.476 0.6250000000
124464  58.966  -6.567  42.866 0.3750000000
124022  58.452  -6.568  43.756 0.3750000000
124021  57.322  -6.428  43.879 0.2500000000
80655  58.243  -6.793  42.101 0.3750000000
80648  57.893  -6.691  42.936 0.1250000000
80654  59.009  -6.691  41.907 0.1250000000
81632  59.655  -5.991  40.333 0.1250000000
80673  59.365  -6.363  40.749 0.1250000000
80665  58.316  -6.797  40.898 0.1250000000
83820  27.403  -1.968  85.253 0.6250000000
84685  26.574  -1.497  85.732 0.6250000000
89821  20.201  4.716  85.072 0.7500000000
84684  27.300  -1.445  85.404 0.6250000000
86422  26.994  -0.120  85.452 0.6250000000
86428  26.345  0.447  85.121 0.6250000000
127338  19.893  4.632  85.830 0.7500000000
89817  19.657  5.210  86.392 0.7500000000
84694  27.709  -1.478  85.069 0.6250000000
123565  27.498  0.755  85.128 0.6250000000
86434  25.639  0.857  84.330 0.6250000000
87382  25.102  1.170  83.431 0.6250000000
89102  19.546  3.034  83.917 0.6250000000
89816  18.389  4.556  87.037 0.7500000000
85541  27.951  -0.887  84.789 0.6250000000
86427  28.081  0.790  84.945 0.6250000000
88286  27.658  2.113  84.454 0.6250000000
87394  23.877  1.044  82.070 0.6250000000
87407  22.711  1.007  80.888 0.6250000000
87421  20.289  1.917  80.581 0.6250000000
127290  18.450  4.239  86.126 0.7500000000
87389  28.089  2.172  83.995 0.6250000000
89105  28.509  3.237  83.055 0.6250000000
89097  18.377  4.027  84.477 0.7500000000
89833  28.351  4.374  81.568 0.5000000000
89104  17.726  2.836  83.252 0.7500000000
89112  17.741  2.748  82.482 0.7500000000
89838  28.135  4.855  80.808 0.3750000000
88320  17.593  2.253  81.925 0.7500000000
139090  17.903  2.984  81.973 0.7500000000
87475  14.288  1.249  76.315 0.7500000000
124017  14.936  0.999  76.866 0.7500000000
125687  16.016  1.061  78.330 0.7500000000
87422  17.180  1.416  80.782 0.7500000000
89118  17.894  2.771  81.180 0.7500000000
147831  14.228  1.138  74.475 0.7500000000
124337  13.924  1.234  75.096 0.7500000000
123842  15.265  1.279  76.135 0.7500000000
87458  16.505  1.424  77.626 0.7500000000
87433  17.293  1.636  79.357 0.7500000000
89126  18.101  2.815  80.228 0.7500000000
89125  18.340  3.695  80.710 0.7500000000
144099  12.672  0.896  74.167 0.7500000000
87514  13.097  0.767  73.662 0.7500000000
87515  12.281  0.724  73.647 0.7500000000
87516  11.543  0.721  73.735 0.7500000000
87526  13.549  0.694  72.979 0.7500000000
86541  11.381  0.143  72.577 0.7500000000
130466  12.069  0.224  72.311 0.7500000000
86577  10.928  -0.330  71.280 0.6250000000
85661  10.237  -0.446  70.785 0.6250000000
85670  9.991  -0.174  69.925 0.6250000000
85662  9.658  -0.782  70.178 0.6250000000
84799  8.943  -1.132  69.580 0.6250000000
84808  8.573  -1.688  68.959 0.6250000000
85672  8.630  -0.681  68.743 0.5000000000
84814  8.650  -1.054  68.175 0.5000000000
85677  8.286  -0.098  67.933 0.3750000000
141583  8.406  0.113  67.294 0.3750000000
85687  8.572  0.610  66.890 0.3750000000
86614  9.086  0.562  68.189 0.3750000000
86625  8.728  0.883  67.445 0.3750000000
87590  9.528  1.337  66.939 0.3750000000
87602  10.043  1.764  66.318 0.3750000000
140242  11.568  1.884  66.549 0.3750000000
88464  11.767  2.654  65.812 0.3750000000
139925  12.772  2.945  65.957 0.3750000000
88466  9.735  2.111  65.721 0.3750000000
88465  10.506  2.394  65.800 0.3750000000
86641  10.449  0.931  65.365 0.3750000000
88476  9.792  2.610  65.293 0.3750000000
88475  9.848  2.963  65.357 0.3750000000
86752  58.345  1.049  51.076 0.5000000000
86744  57.873  1.185  51.754 0.5000000000
86734  57.205  1.040  52.417 0.5000000000
141098  56.645  0.995  52.283 0.3750000000
85806  58.252  0.643  51.823 0.6250000000
148609  56.037  0.970  52.693 0.3750000000
124724  55.433  0.819  52.643 0.3750000000
144289  58.699  -1.050  51.497 0.6250000000
138659  58.900  -0.931  50.825 0.6250000000
86737  54.863  0.752  53.010 0.3750000000
84954  59.259  -1.970  50.393 0.6250000000
84104  59.529  -2.867  49.858 0.5000000000
82490  59.527  -4.414  48.431 0.7500000000
83299  59.795  -4.016  49.011 0.5000000000
145201  59.207  -5.582  47.096 0.6250000000
145974  58.772  -5.878  46.808 0.6250000000
80626  59.946  -6.222  45.892 0.5000000000
129342  59.652  -6.409  45.190 0.6250000000
80646  60.250  -6.237  43.910 0.5000000000
81615  60.485  -5.879  44.396 0.5000000000
80647  59.885  -6.521  43.376 0.3750000000
80652  60.250  -6.282  43.004 0.2500000000
80653  59.738  -6.518  42.461 0.1250000000
80663  59.539  -6.457  41.564 0.1250000000
80662  60.131  -6.230  42.077 0.2500000000
81638  59.474  -5.772  39.638 0.1250000000
81631  60.007  -5.582  40.763 0.1250000000
139624  59.532  -5.288  39.417 0.1250000000
133534  20.334  5.289  84.587 0.6250000000
89820  20.229  5.538  85.830 0.7500000000
89831  20.075  4.257  82.846 0.6250000000
89827  20.104  4.434  83.977 0.6250000000
90635  19.425  5.297  86.398 0.7500000000
87380  26.923  1.965  84.457 0.6250000000
87392  25.419  1.918  83.120 0.6250000000
88307  24.965  2.161  82.224 0.6250000000
89116  19.983  3.384  81.393 0.6250000000
89110  19.838  3.476  82.373 0.6250000000
127969  19.807  3.621  83.440 0.6250000000
90640  18.956  6.056  85.500 0.7500000000
88285  27.841  2.951  84.290 0.6250000000
87405  24.234  1.739  81.734 0.6250000000
87418  23.089  1.703  80.543 0.6250000000
88308  19.671  2.647  81.834 0.6250000000
89822  18.667  4.965  84.966 0.7500000000
89095  28.083  3.614  84.229 0.6250000000
89099  28.400  3.326  83.777 0.6250000000
88329  22.561  2.207  79.999 0.6250000000
88330  20.920  1.996  80.151 0.6250000000
88331  20.607  2.626  80.314 0.6250000000
134107  18.392  4.239  83.009 0.7500000000
129138  28.539  4.045  83.466 0.5000000000
137431  28.461  5.131  81.679 0.5000000000
89111  18.124  3.482  82.584 0.7500000000
89117  18.237  3.619  81.678 0.7500000000
135900  18.377  4.660  80.588 0.6250000000
87500  14.856  1.260  74.910 0.7500000000
87484  15.548  1.375  75.410 0.7500000000
125055  16.083  1.341  76.802 0.7500000000
88353  17.629  2.339  78.074 0.7500000000
89135  18.189  2.907  79.292 0.7500000000
87513  14.126  0.945  73.707 0.6250000000
127667  15.024  1.354  74.156 0.6250000000
87499  15.821  1.452  74.672 0.6250000000
146949  13.222  0.508  72.538 0.6250000000
86540  12.926  0.297  72.015 0.6250000000
86557  12.952  0.448  71.114 0.6250000000
86576  11.528  0.098  70.788 0.6250000000
86596  10.738  -0.075  70.429 0.6250000000
142119  10.453  0.282  69.601 0.6250000000
126503  11.107  0.526  69.345 0.6250000000
85671  9.206  -0.381  69.364 0.6250000000
86613  10.228  0.485  68.528 0.3750000000
86597  9.535  0.216  69.076 0.5000000000
86612  11.340  0.615  68.513 0.3750000000
130732  12.538  2.351  66.322 0.3750000000
86623  10.639  0.853  67.611 0.3750000000
89247  11.877  3.421  65.677 0.3750000000
136101  11.319  1.735  64.464 0.3750000000
135809  9.976  2.833  64.587 0.3750000000
87616  9.659  2.851  64.926 0.3750000000
89250  9.604  3.519  65.007 0.3750000000
89249  9.834  4.004  65.255 0.3750000000
85820  58.744  0.311  50.492 0.5000000000
86745  57.367  1.144  51.591 0.3750000000
86755  56.568  0.792  51.444 0.2500000000
84965  59.453  -1.760  49.568 0.5000000000
138994  59.666  -2.644  49.252 0.5000000000
83303  59.877  -4.014  48.284 0.5000000000
84113  59.710  -3.400  49.341 0.5000000000
81604  60.219  -5.658  46.219 0.3750000000
82504  60.541  -5.219  44.799 0.5000000000
82506  60.618  -5.273  43.927 0.2500000000
81613  60.350  -5.860  45.329 0.5000000000
82508  60.551  -5.288  43.077 0.2500000000
81617  60.510  -5.893  43.499 0.2500000000
83333  60.319  -4.292  41.763 0.2500000000
82510  60.546  -5.134  42.165 0.2500000000
81619  60.468  -5.851  42.593 0.2500000000
81625  60.319  -5.718  41.660 0.1250000000
83343  60.071  -4.203  40.797 0.2500000000
82522  59.983  -4.954  40.339 0.1250000000
89826  20.240  5.081  83.333 0.6250000000
90657  20.548  5.305  80.521 0.6250000000
89836  20.318  4.755  81.218 0.6250000000
90636  20.246  6.367  86.015 0.7500000000
91376  20.213  6.900  85.761 0.7500000000
88294  27.220  2.838  84.211 0.6250000000
88295  26.263  2.354  83.735 0.6250000000
89107  26.269  3.531  82.954 0.6250000000
89849  21.148  4.117  79.727 0.6250000000
143022  20.620  3.856  80.275 0.6250000000
134612  20.273  4.008  80.924 0.6250000000
92056  19.479  7.262  85.645 0.7500000000
89100  27.684  3.628  84.215 0.6250000000
89115  24.917  3.296  81.204 0.6250000000
88327  24.118  2.842  80.660 0.6250000000
89132  21.535  3.394  79.641 0.6250000000
91377  18.949  6.898  85.473 0.7500000000
89824  28.101  4.258  84.201 0.6250000000
138874  27.302  5.085  83.625 0.6250000000
88339  22.879  2.907  79.622 0.6250000000
88341  21.254  2.683  79.899 0.6250000000
90645  18.677  5.520  84.245 0.7500000000
90647  18.556  5.128  83.028 0.7500000000
90642  28.201  5.627  83.914 0.6250000000
143809  28.549  6.014  82.995 0.5000000000
91386  18.279  6.046  82.652 0.7500000000
91393  28.428  6.481  81.624 0.5000000000
128050  18.344  5.176  81.977 0.7500000000
89832  18.379  4.350  82.253 0.7500000000
90652  18.245  5.287  81.106 0.6250000000
87483  16.497  1.641  75.204 0.6250000000
123529  16.240  1.576  75.964 0.7500000000
88363  17.666  2.480  77.299 0.7500000000
89146  18.117  3.101  77.784 0.6250000000
89134  18.437  3.815  79.278 0.6250000000
132430  16.161  1.624  73.842 0.6250000000
88376  17.107  2.016  75.756 0.7500000000
89152  17.997  3.145  76.907 0.7500000000
141226  18.402  3.836  77.971 0.6250000000
89850  18.429  4.677  79.382 0.6250000000
87512  15.240  1.241  73.305 0.6250000000
140176  16.843  2.073  73.312 0.6250000000
87525  14.491  0.893  72.748 0.6250000000
87524  15.462  1.261  72.397 0.6250000000
86539  13.801  0.617  72.140 0.6250000000
87539  14.799  0.937  71.825 0.6250000000
140090  13.495  0.481  71.490 0.6250000000
86556  14.212  0.634  71.248 0.6250000000
142905  13.636  0.502  70.879 0.6250000000
86573  14.286  0.705  70.219 0.6250000000
86575  12.367  0.401  70.525 0.6250000000
86574  13.261  0.458  70.268 0.6250000000
86595  11.760  0.433  69.940 0.6250000000
138315  11.835  0.499  69.185 0.5000000000
86611  12.306  0.636  68.584 0.3750000000
86621  12.839  0.954  67.894 0.3750000000
87601  12.897  1.825  66.793 0.3750000000
88452  14.140  2.633  66.777 0.3750000000
86622  11.844  0.908  67.868 0.3750000000
87588  12.342  1.386  67.304 0.3750000000
88462  13.631  3.301  66.440 0.5000000000
89240  12.673  3.757  66.030 0.3750000000
129080  9.729  4.137  64.743 0.3750000000
89982  11.659  4.232  65.744 0.3750000000
87613  12.115  1.158  64.436 0.3750000000
128698  10.566  2.349  64.494 0.3750000000
88479  9.824  3.387  64.592 0.3750000000
141159  9.610  4.345  65.016 0.3750000000
89983  10.472  4.714  65.551 0.5000000000
143619  12.045  1.788  64.170 0.3750000000
88478  11.437  2.374  64.122 0.2500000000
86762  58.328  1.108  50.173 0.2500000000
147696  57.334  0.936  49.923 0.2500000000
86754  57.482  1.205  50.712 0.2500000000
85819  59.167  -0.685  50.011 0.5000000000
84119  59.874  -3.200  48.709 0.5000000000
84122  60.282  -3.018  46.958 0.3750000000
83302  60.099  -3.944  47.460 0.3750000000
82502  60.382  -4.763  46.260 0.3750000000
82497  60.158  -4.604  47.084 0.3750000000
132511  60.553  -4.428  44.303 0.3750000000
83308  60.430  -3.534  44.699 0.3750000000
83313  60.024  -4.069  43.163 0.2500000000
83312  60.446  -4.585  43.523 0.3750000000
83320  60.382  -4.564  42.709 0.2500000000
83314  58.975  -3.822  42.985 0.3750000000
83321  59.837  -3.856  42.341 0.2500000000
83322  59.033  -3.390  41.761 0.2500000000
83334  59.733  -3.606  41.314 0.2500000000
84168  58.546  -2.967  40.844 0.2500000000
84167  59.128  -3.063  40.706 0.2500000000
84185  59.155  -2.829  39.837 0.2500000000
90644  20.334  5.987  83.913 0.6250000000
90639  20.363  6.193  85.223 0.7500000000
148115  20.383  6.049  80.688 0.6250000000
89830  20.206  4.923  82.211 0.6250000000
91385  20.284  6.682  83.211 0.6250000000
91380  20.320  7.042  84.643 0.7500000000
92057  20.096  7.467  85.285 0.7500000000
89847  22.484  4.258  79.257 0.6250000000
89848  21.740  4.834  79.249 0.6250000000
89842  20.617  4.516  80.352 0.6250000000
92058  19.643  7.816  85.392 0.7500000000
90650  25.903  5.568  81.355 0.6250000000
89841  24.600  4.414  80.155 0.6250000000
89130  23.118  3.698  79.442 0.6250000000
129017  18.901  7.547  85.214 0.7500000000
91383  27.793  7.139  83.466 0.6250000000
92069  18.421  7.234  83.574 0.7500000000
92789  28.237  8.135  82.847 0.5000000000
91387  17.908  6.810  82.268 0.6250000000
90658  18.237  5.442  80.380 0.6250000000
88387  17.260  2.125  74.928 0.6250000000
89160  17.918  3.300  76.098 0.6250000000
132312  18.290  3.824  77.275 0.6250000000
149601  18.436  4.882  78.318 0.6250000000
87511  16.214  1.654  72.906 0.6250000000
88396  17.099  2.361  74.049 0.6250000000
88395  17.664  2.907  74.657 0.6250000000
89869  18.155  4.170  75.875 0.6250000000
89863  18.285  4.626  76.768 0.6250000000
88403  17.393  2.723  73.228 0.6250000000
134926  17.547  3.131  73.923 0.6250000000
89168  17.949  3.500  75.254 0.6250000000
87538  15.719  1.367  71.475 0.6250000000
87550  15.136  0.983  70.839 0.6250000000
88413  16.910  2.494  71.763 0.6250000000
87549  15.944  1.544  70.556 0.6250000000
135470  16.129  1.799  69.833 0.6250000000
86593  13.688  0.609  69.389 0.5000000000
87561  15.398  1.301  69.742 0.6250000000
86610  13.248  0.712  68.613 0.5000000000
86609  14.018  0.817  68.627 0.3750000000
127539  15.326  1.520  68.577 0.6250000000
88444  16.192  2.727  68.522 0.6250000000
87600  13.941  1.806  67.045 0.3750000000
88445  15.748  2.599  67.855 0.6250000000
89233  15.319  3.250  67.439 0.6250000000
89952  14.697  3.976  67.246 0.6250000000
89940  14.451  4.782  67.974 0.6250000000
88451  14.895  2.429  67.317 0.5000000000
89234  14.576  3.247  66.853 0.6250000000
89964  14.078  3.881  66.768 0.5000000000
89965  13.289  4.263  66.515 0.5000000000
89966  12.235  4.703  66.308 0.5000000000
89253  10.597  3.057  64.111 0.3750000000
89260  10.309  3.858  64.205 0.3750000000
89985  9.661  4.932  64.913 0.3750000000
89984  9.730  5.051  65.117 0.3750000000
89967  11.154  5.226  66.003 0.5000000000
87622  12.389  2.288  63.890 0.1250000000
88484  11.716  3.011  63.778 0.2500000000
90005  11.134  4.302  63.956 0.2500000000
135974  10.201  4.776  64.469 0.3750000000
90784  9.866  5.878  65.188 0.3750000000
90769  10.403  6.326  65.869 0.5000000000
85851  59.341  -0.481  48.136 0.5000000000
85852  58.975  0.376  48.728 0.3750000000
86773  58.080  0.804  48.855 0.3750000000
86764  57.389  0.753  49.163 0.2500000000
84980  59.600  -1.569  47.880 0.5000000000
85834  59.262  -0.558  49.129 0.5000000000
86772  58.453  0.802  49.167 0.3750000000
85869  57.334  0.515  48.261 0.2500000000
135804  59.822  -2.413  48.085 0.5000000000
84975  59.574  -1.819  48.693 0.5000000000
84125  60.290  -2.874  46.022 0.3750000000
84126  59.947  -2.102  47.225 0.3750000000
83304  60.301  -3.844  46.601 0.3750000000
84128  60.374  -2.691  45.077 0.3750000000
83306  60.427  -3.681  45.643 0.3750000000
83309  60.301  -3.630  43.899 0.3750000000
84140  59.609  -3.583  43.505 0.3750000000
84141  58.732  -3.199  43.775 0.3750000000
83335  58.031  -3.417  41.622 0.3750000000
83323  57.495  -3.505  42.377 0.3750000000
84142  57.659  -2.996  43.955 0.3750000000
83316  57.133  -3.375  43.309 0.3750000000
83317  56.428  -3.388  43.454 0.3750000000
83325  55.806  -3.433  42.999 0.3750000000
148199  20.205  6.206  81.285 0.6250000000
92067  20.108  7.228  82.660 0.6250000000
143723  20.176  7.578  83.696 0.7500000000
92061  20.104  7.984  84.758 0.7500000000
92781  19.765  8.148  85.184 0.7500000000
132861  24.600  6.206  79.237 0.5000000000
90663  23.582  5.264  79.094 0.6250000000
90664  22.684  5.054  79.037 0.6250000000
91400  21.325  5.730  79.140 0.6250000000
126893  20.372  6.633  80.062 0.6250000000
136516  20.065  6.686  81.016 0.6250000000
92068  19.943  7.999  82.886 0.6250000000
92791  19.864  8.388  84.036 0.6250000000
92786  19.370  9.064  84.460 0.6250000000
91395  25.473  6.674  80.502 0.6250000000
90656  24.876  5.215  79.983 0.6250000000
89846  23.331  4.503  79.300 0.6250000000
93512  18.947  9.215  84.812 0.7500000000
92787  17.952  9.288  84.333 0.6250000000
92073  26.665  7.867  82.465 0.5000000000
92062  18.672  8.006  84.945 0.7500000000
92066  27.447  8.473  83.060 0.5000000000
92793  17.411  8.734  83.491 0.7500000000
92076  17.443  7.415  81.863 0.6250000000
91396  17.569  6.804  80.353 0.6250000000
148442  17.684  6.851  78.961 0.6250000000
126032  17.830  6.487  79.557 0.6250000000
91402  18.172  6.157  78.757 0.6250000000
90689  17.977  5.652  75.791 0.6250000000
90679  18.308  5.520  77.388 0.6250000000
135783  17.884  3.800  74.354 0.6250000000
89875  18.032  4.204  75.086 0.6250000000
134106  17.656  3.661  73.286 0.6250000000
134843  17.709  5.056  73.346 0.6250000000
88412  17.460  3.063  72.350 0.6250000000
89201  17.491  3.611  71.834 0.6250000000
127489  17.578  4.588  72.337 0.6250000000
88421  17.265  3.137  71.466 0.6250000000
89213  17.317  3.754  71.209 0.6250000000
89897  17.077  4.580  71.105 0.6250000000
87548  16.480  2.201  70.335 0.6250000000
88430  17.081  3.251  70.805 0.6250000000
89214  16.926  3.790  70.408 0.6250000000
87559  16.418  2.333  69.545 0.6250000000
88431  16.807  2.914  70.068 0.6250000000
89922  16.508  4.239  69.776 0.6250000000
89938  16.363  3.914  69.188 0.6250000000
87560  16.029  1.853  69.112 0.6250000000
87571  16.281  2.363  68.911 0.6250000000
89226  16.342  3.332  68.853 0.6250000000
89939  15.942  3.997  68.638 0.6250000000
90739  13.930  5.463  68.678 0.6250000000
89227  15.929  3.285  68.129 0.6250000000
89951  15.361  4.028  67.924 0.6250000000
89953  13.747  4.781  67.285 0.6250000000
90755  11.841  5.830  67.684 0.6250000000
90802  9.898  5.507  64.789 0.3750000000
90756  10.819  6.215  67.414 0.6250000000
136553  11.227  5.154  64.280 0.2500000000
86771  59.029  0.427  47.864 0.5000000000
126423  58.472  0.647  48.419 0.3750000000
135224  59.535  -0.931  47.207 0.3750000000
84982  59.826  -1.265  46.209 0.3750000000
84984  60.171  -1.962  45.532 0.3750000000
146444  60.137  -2.233  46.384 0.3750000000
84130  60.193  -2.724  44.488 0.3750000000
84987  60.137  -1.885  44.879 0.3750000000
84131  59.793  -2.908  44.130 0.3750000000
131612  59.931  -1.989  44.601 0.3750000000
84132  59.243  -2.226  44.355 0.3750000000
144342  58.246  -2.476  44.246 0.3750000000
86817  57.428  0.196  44.430 0.3750000000
84133  57.312  -2.185  44.520 0.3750000000
86818  56.397  0.410  44.428 0.3750000000
84143  56.750  -3.036  44.102 0.3750000000
84144  55.914  -3.269  44.018 0.2500000000
91399  24.394  6.716  78.845 0.5000000000
90669  23.947  5.973  78.840 0.6250000000
91405  22.507  6.465  78.421 0.6250000000
124157  21.580  6.553  78.572 0.6250000000
91401  20.868  6.515  79.183 0.6250000000
92087  20.347  7.385  79.413 0.6250000000
92081  19.662  8.029  81.088 0.6250000000
92075  19.558  8.401  82.062 0.6250000000
93520  18.718  9.808  83.488 0.6250000000
93514  18.242  9.922  84.025 0.6250000000
142179  24.758  7.395  79.100 0.5000000000
91404  23.485  6.598  78.558 0.5000000000
92093  22.087  7.183  78.102 0.6250000000
91406  20.947  7.082  78.679 0.6250000000
92804  19.312  8.859  81.087 0.6250000000
93513  18.850  9.549  84.296 0.6250000000
92784  18.473  9.457  84.418 0.6250000000
132343  25.831  7.529  81.252 0.5000000000
92807  25.185  8.815  80.117 0.5000000000
92104  21.039  8.067  77.786 0.6250000000
92095  20.680  7.733  78.469 0.6250000000
93515  17.722  9.835  84.106 0.6250000000
147951  26.395  9.307  81.977 0.5000000000
93531  25.515  9.806  80.820 0.5000000000
92788  17.179  9.633  83.836 0.6250000000
92799  16.839  8.540  82.552 0.5000000000
92083  16.788  7.995  80.758 0.5000000000
92096  17.340  7.311  78.747 0.6250000000
92088  17.303  7.295  79.506 0.6250000000
92105  17.557  7.252  77.538 0.6250000000
91407  17.875  6.960  78.197 0.6250000000
91414  18.045  6.543  77.236 0.6250000000
91413  18.252  6.183  77.944 0.6250000000
91424  17.656  6.324  75.559 0.6250000000
90697  17.734  5.415  73.991 0.6250000000
91437  17.363  6.135  73.683 0.6250000000
90709  17.366  5.008  71.889 0.6250000000
90710  16.809  5.476  71.450 0.6250000000
90716  16.487  5.265  70.711 0.6250000000
90717  15.850  5.742  70.440 0.6250000000
129713  16.618  4.577  70.407 0.6250000000
89923  15.956  4.564  69.255 0.6250000000
90718  14.968  5.863  69.943 0.6250000000
90726  14.335  5.613  69.291 0.6250000000
90740  12.864  5.738  68.720 0.6250000000
90741  11.892  5.896  68.604 0.6250000000
137729  59.329  -0.004  47.343 0.5000000000
135535  58.660  0.566  48.378 0.3750000000
85884  59.512  -0.193  46.498 0.3750000000
86778  59.187  0.525  46.896 0.5000000000
148324  59.749  -0.377  45.652 0.2500000000
86796  59.551  0.563  45.713 0.2500000000
84988  59.852  -0.984  44.960 0.3750000000
84985  59.933  -1.076  45.249 0.3750000000
85888  59.870  0.007  45.039 0.2500000000
84989  59.518  -1.122  44.667 0.3750000000
84990  58.524  -1.542  44.526 0.3750000000
85892  58.940  -0.415  44.502 0.3750000000
85893  57.585  -0.850  44.675 0.3750000000
147801  58.352  0.064  44.429 0.3750000000
84134  56.211  -2.489  44.484 0.3750000000
84991  56.434  -1.568  44.822 0.3750000000
85894  56.440  -0.574  44.788 0.3750000000
84993  54.750  -2.034  44.950 0.2500000000
138520  55.567  -1.273  45.123 0.3750000000
133077  55.497  -0.308  44.871 0.3750000000
132554  18.563  10.057  81.372 0.6250000000
93526  18.657  9.949  82.401 0.5000000000
92091  24.085  7.521  78.564 0.5000000000
92813  23.435  8.137  78.180 0.5000000000
92814  22.548  7.841  77.843 0.5000000000
92103  21.778  7.876  77.720 0.5000000000
92816  19.677  8.950  78.615 0.5000000000
93545  19.234  9.442  79.009 0.5000000000
93532  18.912  9.568  80.608 0.6250000000
94291  18.145  10.230  83.219 0.5000000000
92812  24.221  8.559  78.648 0.5000000000
92824  22.260  8.520  77.536 0.5000000000
92815  20.297  8.405  78.067 0.5000000000
94292  17.372  10.226  83.720 0.6250000000
93537  25.005  9.667  79.828 0.5000000000
94337  23.549  10.154  77.722 0.3750000000
93552  22.867  9.276  77.534 0.3750000000
93553  22.040  9.217  77.193 0.3750000000
93555  20.466  9.363  76.949 0.3750000000
92827  19.890  9.158  77.657 0.3750000000
93516  16.175  9.824  83.661 0.6250000000
94318  25.363  10.544  80.390 0.5000000000
93527  15.359  9.357  82.306 0.5000000000
92794  16.706  9.173  83.392 0.6250000000
130591  15.546  8.846  80.585 0.5000000000
92800  16.430  8.462  81.602 0.5000000000
146884  16.241  8.239  79.095 0.5000000000
92089  16.632  8.026  79.799 0.5000000000
92817  16.316  8.109  78.370 0.5000000000
92113  16.607  7.742  76.660 0.5000000000
92828  16.407  7.967  77.559 0.5000000000
144483  15.889  8.113  76.196 0.5000000000
92114  16.451  7.679  75.822 0.5000000000
92119  16.663  7.300  75.094 0.6250000000
91431  16.889  6.819  74.216 0.5000000000
91430  17.475  6.161  74.359 0.6250000000
92133  16.270  7.234  73.642 0.5000000000
144459  16.342  7.038  72.957 0.6250000000
91447  15.909  7.039  72.281 0.6250000000
91451  16.458  6.290  71.796 0.6250000000
90711  16.167  6.018  71.034 0.6250000000
91452  15.592  6.703  71.426 0.6250000000
91459  15.279  6.366  70.662 0.6250000000
148448  18.113  10.429  81.265 0.5000000000
94302  18.194  10.457  82.166 0.5000000000
93539  18.870  9.734  79.630 0.5000000000
136368  17.848  10.623  79.791 0.5000000000
94303  17.586  10.719  81.776 0.5000000000
94296  17.498  10.529  82.840 0.5000000000
93557  18.832  9.978  77.932 0.5000000000
94320  18.365  10.227  79.333 0.5000000000
95094  15.949  11.210  82.606 0.5000000000
94327  24.619  10.826  79.011 0.3750000000
94328  24.232  10.139  78.572 0.3750000000
93567  21.839  9.679  76.714 0.2500000000
94351  20.277  9.780  76.152 0.2500000000
93569  19.739  9.732  76.974 0.3750000000
94340  18.350  10.423  77.399 0.5000000000
94297  16.063  10.892  83.319 0.5000000000
95109  25.193  11.292  79.813 0.3750000000
95115  24.797  11.454  78.878 0.3750000000
95121  23.874  11.034  77.499 0.2500000000
94348  23.136  10.634  77.006 0.2500000000
93579  20.964  9.839  75.810 0.2500000000
148832  19.804  10.208  75.673 0.2500000000
93518  14.793  10.493  83.376 0.5000000000
95099  27.031  11.981  80.964 0.3750000000
95114  25.397  12.082  79.416 0.2500000000
93540  15.037  9.094  80.123 0.5000000000
148613  14.862  9.694  82.416 0.5000000000
93521  14.469  10.224  83.014 0.5000000000
93547  15.057  8.941  79.174 0.5000000000
146960  15.760  8.583  79.701 0.5000000000
92818  15.685  8.530  78.739 0.5000000000
92835  15.840  8.270  77.010 0.5000000000
92829  15.728  8.425  77.857 0.5000000000
92850  15.111  8.452  74.985 0.5000000000
92134  15.579  7.828  73.827 0.5000000000
92141  15.734  7.547  73.024 0.5000000000
94312  17.702  10.672  80.740 0.5000000000
94313  16.867  11.047  81.258 0.5000000000
95101  15.911  11.364  81.540 0.5000000000
94321  17.205  10.904  79.191 0.5000000000
95095  15.297  11.433  82.480 0.5000000000
94354  17.777  10.801  76.721 0.3750000000
94330  17.567  10.754  78.522 0.5000000000
126065  14.460  11.609  82.852 0.5000000000
95128  23.570  11.300  76.729 0.2500000000
95142  21.830  10.883  75.063 0.2500000000
94364  20.490  10.215  75.286 0.2500000000
94376  18.901  10.823  74.940 0.2500000000
149492  13.512  11.287  83.225 0.5000000000
95849  24.737  12.283  77.955 0.3750000000
125797  23.982  11.957  76.443 0.2500000000
93533  15.051  9.330  81.292 0.5000000000
93528  14.338  9.871  81.905 0.5000000000
93534  14.392  9.604  80.670 0.5000000000
93529  13.646  10.111  81.335 0.5000000000
92819  15.037  8.829  78.266 0.5000000000
93542  13.766  9.651  79.161 0.5000000000
94323  13.050  10.054  79.557 0.5000000000
92830  15.044  8.736  77.252 0.5000000000
93558  14.334  9.173  77.838 0.5000000000
93549  13.704  9.560  78.339 0.5000000000
92836  14.718  8.753  76.364 0.5000000000
93570  14.157  9.095  76.940 0.5000000000
92843  15.252  8.434  75.823 0.5000000000
92844  14.520  8.767  75.518 0.5000000000
147440  16.359  11.315  78.948 0.5000000000
134250  16.343  11.293  80.429 0.5000000000
95116  16.875  11.145  78.299 0.5000000000
95110  15.896  11.448  79.647 0.5000000000
95102  15.448  11.553  80.547 0.5000000000
94367  17.929  10.925  75.867 0.3750000000
95131  16.459  11.540  76.393 0.5000000000
95866  23.770  12.242  75.576 0.2500000000
95141  22.562  11.266  75.458 0.2500000000
95153  20.888  11.099  73.720 0.2500000000
95155  18.447  11.298  74.209 0.2500000000
95092  13.419  11.806  83.098 0.5000000000
95820  12.411  12.216  83.112 0.5000000000
95857  24.422  12.576  76.110 0.2500000000
131530  23.619  12.604  74.774 0.1250000000
95151  22.230  11.526  74.570 0.1250000000
94299  13.141  11.089  83.063 0.5000000000
127041  12.768  11.694  83.098 0.5000000000
94314  12.981  10.325  80.628 0.5000000000
95096  12.313  11.488  82.816 0.5000000000
95104  11.234  11.470  81.062 0.5000000000
94331  13.157  9.863  78.786 0.5000000000
94324  12.263  10.428  79.991 0.5000000000
94316  11.672  10.900  80.542 0.5000000000
93559  13.532  9.500  77.501 0.5000000000
93550  12.891  9.867  78.072 0.5000000000
94332  12.348  10.273  78.866 0.5000000000
93571  13.293  9.424  76.635 0.5000000000
92837  13.886  9.019  76.085 0.5000000000
92845  13.681  9.094  75.172 0.5000000000
124927  15.296  12.258  76.660 0.5000000000
133799  15.157  11.913  78.072 0.5000000000
95118  14.733  12.067  78.802 0.5000000000
95829  13.666  12.451  80.604 0.5000000000
95877  17.048  12.280  74.082 0.1250000000
95859  15.751  12.103  75.938 0.3750000000
95132  15.889  11.778  76.731 0.5000000000
95831  12.928  12.696  81.679 0.5000000000
97087  19.686  13.515  72.697 0.1250000000
95167  18.087  11.752  73.684 0.1250000000
95156  17.568  11.694  74.290 0.2500000000
95865  24.223  12.865  75.213 0.1250000000
96501  21.732  13.048  72.864 0.1250000000
95164  20.333  11.454  73.243 0.2500000000
95093  11.940  12.041  83.148 0.5000000000
95097  11.209  11.880  82.188 0.5000000000
95827  10.795  13.088  81.933 0.5000000000
95098  10.821  12.161  81.489 0.5000000000
95832  10.683  12.772  80.601 0.5000000000
143259  11.135  10.925  79.083 0.5000000000
146962  10.932  11.324  79.538 0.5000000000
95105  10.870  11.707  80.354 0.5000000000
93560  12.640  9.752  77.203 0.5000000000
94342  11.924  9.971  77.876 0.5000000000
94333  10.935  10.764  78.240 0.5000000000
95119  10.836  11.332  78.823 0.5000000000
93580  12.978  9.282  75.795 0.5000000000
93572  12.332  9.488  76.395 0.5000000000
94343  11.215  10.305  77.518 0.5000000000
94344  10.812  10.751  77.540 0.5000000000
93573  11.434  9.482  76.135 0.5000000000
94356  10.820  10.493  76.905 0.5000000000
93589  12.738  9.212  74.905 0.5000000000
94368  10.881  9.706  75.878 0.5000000000
93582  11.244  9.364  75.313 0.5000000000
96493  15.607  13.182  74.699 0.2500000000
95860  15.172  12.650  76.097 0.2500000000
95850  14.814  12.333  77.309 0.5000000000
95852  13.822  12.847  78.071 0.5000000000
126944  13.268  13.194  78.638 0.5000000000
96505  16.708  13.283  73.821 0.1250000000
95867  15.920  12.322  74.954 0.2500000000
95830  12.899  13.066  80.515 0.5000000000
96514  21.144  13.522  72.672 0.1250000000
96502  19.023  13.667  72.991 0.1250000000
96455  12.097  13.522  81.547 0.5000000000
97037  11.885  14.751  80.413 0.5000000000
96482  25.353  14.054  75.247 0.1250000000
96499  23.175  13.528  73.590 0.1250000000
96452  11.542  13.416  82.100 0.5000000000
149341  11.509  14.000  81.731 0.5000000000
97049  26.109  14.322  76.058 0.1250000000
97062  25.311  14.810  74.743 0.1250000000
95821  11.604  12.638  82.692 0.5000000000
96454  10.957  13.863  81.932 0.3750000000
97055  26.499  15.028  75.788 0.1250000000
96456  10.729  13.999  81.352 0.3750000000
96460  10.607  13.864  80.171 0.5000000000
95845  10.654  12.086  78.611 0.5000000000
126338  10.727  11.936  79.532 0.5000000000
95133  10.597  11.092  77.086 0.5000000000
96466  10.662  13.004  78.389 0.5000000000
145295  10.743  10.180  76.313 0.5000000000
139695  10.620  12.393  76.916 0.5000000000
96472  10.718  13.139  77.467 0.5000000000
95146  10.468  11.358  75.614 0.5000000000
95862  10.638  12.328  76.053 0.5000000000
96480  10.747  13.146  76.540 0.5000000000
93591  10.970  9.118  74.455 0.5000000000
93583  10.736  9.805  74.943 0.5000000000
96486  10.818  13.088  75.632 0.5000000000
96471  13.954  13.443  76.657 0.2500000000
128097  13.435  13.690  77.192 0.5000000000
95868  15.365  12.846  75.480 0.2500000000
96478  14.367  13.619  76.091 0.2500000000
138770  13.509  13.294  77.807 0.5000000000
144225  13.036  13.908  78.082 0.5000000000
131484  15.440  14.116  74.681 0.2500000000
97057  14.915  14.688  75.235 0.2500000000
96465  12.430  14.068  79.212 0.5000000000
146155  19.455  14.385  73.125 0.2500000000
97078  16.911  13.887  73.717 0.1250000000
97034  11.423  14.644  81.353 0.3750000000
97074  21.873  14.662  73.188 0.1250000000
97632  23.467  15.255  73.767 0.1250000000
149357  11.057  14.901  81.638 0.3750000000
97072  24.042  14.888  73.909 0.1250000000
97617  25.019  15.524  74.520 0.1250000000
97036  10.925  14.850  81.638 0.3750000000
97606  26.717  15.854  75.635 0.1250000000
97607  25.813  15.518  75.081 0.1250000000
97039  10.635  14.970  80.972 0.3750000000
97605  27.565  16.118  76.220 0.1250000000
97040  10.554  14.826  79.724 0.3750000000
97599  28.572  16.019  77.179 0.1250000000
98711  28.714  17.561  76.873 0.1250000000
123644  10.736  14.032  78.270 0.5000000000
98170  30.180  16.940  76.761 0.1250000000
98710  29.691  17.677  77.002 0.1250000000
98732  29.441  17.323  75.156 0.1250000000
97052  10.927  13.917  77.129 0.3750000000
96479  11.045  13.844  76.177 0.5000000000
97050  13.722  14.237  76.517 0.3750000000
130240  14.348  14.399  75.803 0.2500000000
135600  13.978  14.948  76.210 0.2500000000
97044  13.057  14.717  77.501 0.3750000000
97066  15.925  14.591  74.334 0.2500000000
144891  14.432  15.342  75.741 0.2500000000
136898  12.460  14.807  78.579 0.2500000000
97621  20.909  16.129  74.450 0.1250000000
97634  20.501  15.431  73.693 0.2500000000
97625  17.205  15.525  74.263 0.2500000000
97627  15.518  15.097  74.794 0.2500000000
97610  15.124  15.697  75.464 0.2500000000
97591  12.055  15.941  79.256 0.2500000000
97620  22.389  16.282  74.327 0.1250000000
139461  22.745  15.737  73.878 0.1250000000
97618  24.166  15.566  74.186 0.1250000000
97588  11.650  16.098  80.119 0.2500000000
97038  11.282  15.753  80.889 0.2500000000
98735  24.242  16.863  74.860 0.1250000000
98190  23.821  16.306  74.437 0.1250000000
98188  25.344  16.119  74.776 0.1250000000
97589  11.253  16.736  80.508 0.3750000000
97586  10.927  16.213  80.899 0.3750000000
98173  26.050  16.521  75.238 0.1250000000
98148  11.078  16.992  80.495 0.2500000000
97590  10.599  15.853  79.650 0.3750000000
98724  26.669  17.286  75.816 0.1250000000
98723  27.585  17.254  76.264 0.1250000000
98153  11.018  16.555  79.182 0.3750000000
131763  10.774  14.996  78.696 0.3750000000
98712  27.627  18.066  76.544 0.1250000000
97592  10.904  15.654  78.379 0.3750000000
99291  29.594  18.312  76.763 0.1250000000
97051  11.275  14.622  76.759 0.3750000000
98722  29.380  18.309  75.749 0.1250000000
98742  26.791  17.514  73.746 0.1250000000
97058  11.448  14.540  75.825 0.3750000000
98180  17.645  16.535  76.109 0.1250000000
98164  17.613  17.068  77.583 0.1250000000
98194  18.481  16.353  75.301 0.1250000000
134175  17.037  16.767  76.553 0.1250000000
97611  14.752  16.300  76.247 0.2500000000
98167  14.439  16.875  77.273 0.2500000000
98191  21.731  16.554  74.723 0.1250000000
127724  20.891  16.945  75.479 0.1250000000
97624  18.151  15.694  74.316 0.2500000000
97608  16.845  16.231  75.322 0.2500000000
97609  15.924  15.984  75.358 0.2500000000
123618  14.004  17.483  77.899 0.2500000000
97595  13.013  16.023  77.745 0.2500000000
98175  22.508  16.837  74.804 0.1250000000
98156  13.205  17.347  78.199 0.2500000000
98157  12.432  16.917  78.974 0.2500000000
98151  12.012  17.753  79.687 0.2500000000
98174  25.109  16.740  74.989 0.1250000000
99295  25.864  18.780  76.448 0.1250000000
98701  11.804  18.052  79.625 0.2500000000
98713  26.279  18.010  76.146 0.1250000000
136223  26.980  18.777  76.768 0.1250000000
98158  11.403  17.412  78.962 0.3750000000
99294  28.121  18.891  77.138 0.1250000000
98159  10.888  16.506  78.013 0.3750000000
99309  29.335  19.092  76.624 0.1250000000
99858  29.185  19.954  77.047 0.1250000000
98734  27.425  17.959  74.377 0.1250000000
97603  11.536  15.371  76.413 0.3750000000
98202  26.238  17.027  73.306 0.1250000000
97613  11.814  15.377  75.480 0.3750000000
98209  24.896  16.762  72.552 0.1250000000
98179  18.394  16.780  76.831 0.1250000000
98166  16.080  17.313  77.406 0.2500000000
134963  15.185  17.205  77.322 0.2500000000
98177  20.228  17.132  76.445 0.1250000000
124834  19.016  16.863  77.439 0.1250000000
98176  21.750  17.228  75.548 0.1250000000
141201  13.772  18.214  78.544 0.2500000000
98727  23.762  17.519  75.346 0.1250000000
99312  24.268  18.172  75.806 0.1250000000
99289  13.341  18.590  78.409 0.2500000000
98150  12.659  18.120  79.184 0.2500000000
98726  24.711  17.457  75.331 0.1250000000
98700  11.957  18.310  79.508 0.2500000000
99857  12.204  19.386  76.762 0.2500000000
99308  11.908  18.985  78.006 0.2500000000
99840  28.451  20.275  77.353 0.1250000000
98169  11.178  17.474  77.795 0.2500000000
99866  28.022  19.278  75.400 0.1250000000
100417  28.903  20.496  77.135 0.1250000000
99322  26.196  19.037  74.511 0.1250000000
98744  25.147  17.887  73.416 0.1250000000
98755  24.049  17.055  72.239 0.1250000000
98718  17.259  17.512  78.107 0.1250000000
98715  21.108  17.922  77.875 0.1250000000
98162  19.573  16.925  77.044 0.1250000000
143375  15.784  17.940  78.093 0.2500000000
99298  22.883  18.511  77.016 0.1250000000
98707  14.861  17.996  78.388 0.2500000000
99296  24.834  18.744  76.414 0.1250000000
99288  14.337  18.468  78.257 0.2500000000
99851  26.551  19.464  77.095 0.1250000000
99290  12.413  18.908  78.470 0.2500000000
99849  12.865  19.065  77.689 0.2500000000
100411  28.105  21.081  77.354 0.1250000000
99867  26.964  19.542  75.172 0.1250000000
100421  28.603  20.675  76.828 0.1250000000
99868  26.033  19.959  74.947 0.1250000000
100422  26.920  20.573  75.525 0.1250000000
99330  25.446  18.548  73.879 0.1250000000
98163  18.526  17.235  78.149 0.1250000000
98154  17.669  17.592  78.240 0.2500000000
98719  16.791  17.748  78.088 0.2500000000
133407  16.914  18.141  78.049 0.2500000000
130323  21.222  18.391  78.780 0.1250000000
98702  20.676  17.860  78.957 0.1250000000
98704  19.144  17.694  78.487 0.1250000000
99301  18.245  18.228  77.914 0.2500000000
98706  16.459  17.982  78.212 0.2500000000
99281  22.196  18.881  78.285 0.1250000000
99303  16.134  18.322  77.611 0.2500000000
99280  23.254  19.202  77.475 0.1250000000
99304  15.175  18.718  76.880 0.2500000000
99843  25.010  19.989  77.505 0.1250000000
99852  25.461  19.422  76.962 0.1250000000
99305  14.119  19.186  76.830 0.2500000000
101006  26.619  21.768  77.338 0.1250000000
100412  26.971  21.045  77.507 0.1250000000
99318  14.508  19.227  75.565 0.2500000000
101015  27.296  22.216  76.555 0.1250000000
101011  27.551  22.054  76.947 0.1250000000
100423  26.029  21.159  75.134 0.1250000000
143157  27.733  20.991  76.250 0.1250000000
99285  18.346  17.762  78.446 0.1250000000
123652  21.689  18.777  79.078 0.1250000000
99284  19.668  17.916  78.823 0.1250000000
126416  18.928  18.067  78.442 0.1250000000
99302  17.540  18.340  77.372 0.2500000000
128254  16.802  18.456  76.794 0.2500000000
99845  22.079  19.285  79.405 0.1250000000
99317  15.950  18.584  76.148 0.2500000000
100414  23.052  20.188  78.282 0.1250000000
128385  22.665  19.593  78.490 0.1250000000
146685  15.333  18.847  75.809 0.2500000000
101007  25.405  21.588  77.316 0.1250000000
99874  15.524  18.873  74.904 0.2500000000
101557  27.165  22.291  77.041 0.1250000000
99887  13.850  19.938  73.790 0.2500000000
124985  14.559  19.429  74.470 0.2500000000
99875  13.480  19.687  74.639 0.2500000000
101016  26.836  22.691  75.869 0.1250000000
101012  21.092  21.015  77.779 0.1250000000
100416  21.274  20.001  78.295 0.1250000000
99283  20.509  17.936  78.967 0.1250000000
99300  19.646  18.652  77.878 0.1250000000
99314  18.990  18.668  77.009 0.2500000000
99315  18.276  18.662  76.192 0.2500000000
100415  21.588  19.665  79.361 0.1250000000
99846  21.729  19.315  79.364 0.1250000000
99861  19.445  19.366  76.359 0.1250000000
99862  18.892  19.223  75.628 0.2500000000
99316  17.470  18.562  76.048 0.2500000000
100409  21.783  20.014  79.899 0.1250000000
99839  21.940  19.776  79.839 0.1250000000
99323  18.404  19.074  75.015 0.2500000000
99325  16.727  18.700  75.250 0.2500000000
101001  22.246  20.714  79.880 0.1250000000
100407  22.617  20.539  78.911 0.1250000000
100408  22.339  19.962  79.567 0.1250000000
99873  17.206  19.165  74.247 0.2500000000
101008  23.358  20.906  77.993 0.1250000000
130669  24.203  21.389  77.385 0.1250000000
99885  16.650  19.553  73.521 0.2500000000
101560  23.938  22.898  77.127 0.1250000000
101565  25.133  23.141  76.607 0.1250000000
99896  15.277  20.129  72.789 0.2500000000
99886  15.339  19.612  73.665 0.2500000000
101567  26.399  23.276  75.625 0.1250000000
100443  14.701  20.536  72.307 0.2500000000
99854  20.717  19.423  78.023 0.1250000000
100419  20.597  20.336  77.170 0.1250000000
101010  21.339  20.582  79.392 0.1250000000
144974  19.667  19.955  75.956 0.1250000000
101002  21.563  20.758  80.058 0.1250000000
99870  19.303  19.855  75.331 0.2500000000
99871  18.704  19.767  74.610 0.2500000000
101009  22.516  21.378  78.684 0.1250000000
142973  22.731  22.600  77.883 0.1250000000
99883  18.267  20.049  73.749 0.2500000000
102154  24.449  23.802  76.682 0.1250000000
99894  17.128  20.052  72.897 0.2500000000
102157  25.808  23.970  75.460 0.1250000000
146355  16.171  20.788  71.667 0.2500000000
130592  16.754  20.498  72.188 0.2500000000
100453  15.271  20.854  71.629 0.2500000000
100420  20.019  20.494  76.193 0.2500000000
101003  20.969  21.575  79.836 0.1250000000
101013  20.327  21.390  76.648 0.2500000000
100424  19.557  20.552  75.393 0.2500000000
101554  21.647  22.623  79.700 0.1250000000
100426  19.170  20.499  74.697 0.2500000000
101021  19.018  21.165  74.319 0.2500000000
102146  22.093  23.107  78.814 0.1250000000
101029  18.407  21.548  72.951 0.2500000000
102149  23.452  23.673  77.298 0.1250000000
100440  17.989  20.972  72.650 0.2500000000
100441  17.412  21.073  72.119 0.2500000000
102751  24.758  24.455  75.970 0.1250000000
101036  17.333  21.756  71.695 0.2500000000
101038  15.963  21.348  71.069 0.2500000000
101037  16.745  21.843  71.093 0.2500000000
101585  17.156  22.488  71.369 0.2500000000
101586  16.575  22.537  70.752 0.2500000000
101561  20.543  21.914  77.839 0.1250000000
101551  20.523  22.531  79.938 0.1250000000
101555  20.403  22.281  79.276 0.1250000000
101566  19.923  22.364  76.943 0.2500000000
101017  19.773  21.324  75.682 0.2500000000
101568  19.458  22.068  75.280 0.2500000000
125672  21.296  24.181  78.936 0.1250000000
101572  19.012  22.006  74.384 0.2500000000
101024  18.664  21.393  73.759 0.2500000000
102162  18.575  22.873  74.171 0.2500000000
102150  22.059  24.121  78.336 0.1250000000
102741  22.991  24.420  77.469 0.1250000000
102165  18.210  23.096  73.260 0.2500000000
102747  23.211  25.209  76.875 0.1250000000
126498  23.965  24.990  76.245 0.1250000000
101578  18.165  22.336  72.745 0.2500000000
102166  17.722  23.755  73.414 0.2500000000
103365  23.644  25.349  74.925 0.1250000000
102757  25.127  24.561  75.031 0.1250000000
102774  17.179  24.017  72.245 0.2500000000
102770  17.323  24.209  73.038 0.2500000000
102763  24.162  24.452  73.747 0.1250000000
134396  16.958  23.823  71.555 0.2500000000
102771  16.776  24.653  72.630 0.2500000000
102179  16.300  23.258  70.445 0.2500000000
102779  16.469  24.091  70.900 0.2500000000
101562  19.871  22.660  78.338 0.1250000000
102155  19.343  23.071  77.412 0.2500000000
131573  19.790  22.016  76.046 0.2500000000
102737  20.641  23.874  79.568 0.1250000000
102732  19.927  23.783  79.706 0.1250000000
127271  18.833  23.397  76.686 0.2500000000
145134  19.300  22.760  76.078 0.2500000000
101569  18.920  22.759  75.029 0.2500000000
129575  18.468  23.336  74.806 0.2500000000
103360  22.611  25.615  76.258 0.1250000000
123393  22.458  24.908  77.570 0.1250000000
102163  18.008  23.648  74.185 0.2500000000
102759  23.658  24.921  74.198 0.1250000000
102765  17.410  24.267  73.866 0.2500000000
102768  23.030  24.488  72.720 0.1250000000
103378  16.275  25.273  73.083 0.2500000000
103382  16.253  25.182  72.192 0.2500000000
103383  15.598  25.768  72.667 0.2500000000
102776  16.073  24.937  71.357 0.2500000000
102148  19.450  23.539  79.539 0.2500000000
102151  19.281  23.306  78.823 0.1250000000
102743  20.742  25.013  78.450 0.1250000000
124909  20.910  24.504  78.911 0.1250000000
102152  18.784  23.909  79.321 0.2500000000
102158  18.594  23.444  75.671 0.2500000000
102748  22.236  25.395  77.197 0.1250000000
102159  18.104  23.869  75.124 0.2500000000
103367  21.984  25.896  75.614 0.1250000000
103366  22.783  25.665  75.250 0.1250000000
102755  17.670  24.373  75.794 0.2500000000
102760  17.521  24.326  74.757 0.2500000000
103371  22.844  25.368  74.235 0.1250000000
102764  23.342  24.733  73.519 0.1250000000
146923  18.169  23.927  75.744 0.2500000000
86779  58.761  0.659  47.515 0.3750000000
73316  36.831  -13.761  79.917 0.8750000000
74382  36.784  -12.910  77.143 1.0000000000
73360  38.119  -13.786  75.965 1.0000000000
74369  35.884  -12.796  78.223 1.0000000000
73374  40.286  -13.851  74.432 1.0000000000
73376  38.432  -13.245  74.485 1.0000000000
73377  37.911  -13.287  75.034 1.0000000000
128137  37.368  -12.591  75.135 1.0000000000
74394  36.452  -11.812  76.149 1.0000000000
74417  39.479  -12.142  73.620 1.0000000000
135671  37.248  -11.861  74.600 1.0000000000
76568  36.360  -10.809  74.990 1.0000000000
75451  36.332  -11.295  75.635 1.0000000000
75430  35.645  -11.647  77.314 1.0000000000
76540  35.302  -10.992  76.425 1.0000000000
70462  18.357  -16.409  75.599 1.0000000000
64092  29.893  -22.357  84.701 0.8750000000
64091  30.682  -22.094  84.092 0.7500000000
62011  29.807  -22.715  83.056 0.5000000000
67392  21.343  -19.148  75.648 1.0000000000
75465  39.490  -11.084  73.776 1.0000000000
76566  38.583  -9.877  74.436 1.0000000000
148593  35.019  -9.982  75.086 1.0000000000
76569  35.511  -9.802  74.785 1.0000000000
133990  17.916  -16.238  76.383 1.0000000000
77624  34.410  -9.394  74.227 1.0000000000
67360  24.326  -19.128  78.065 1.0000000000
131794  34.732  -11.389  77.962 1.0000000000
147384  23.514  -19.092  76.978 1.0000000000
139852  39.463  -10.077  74.255 1.0000000000
77621  37.369  -9.240  74.527 1.0000000000
78572  35.037  -8.956  74.176 1.0000000000
76584  33.510  -10.124  73.115 1.0000000000
77630  34.425  -9.054  73.583 1.0000000000
79429  13.470  -7.791  82.508 1.0000000000
66231  31.251  -20.708  85.047 0.7500000000
144110  15.084  -9.220  80.070 1.0000000000
70433  26.271  -17.139  78.012 1.0000000000
68358  25.554  -18.102  78.443 1.0000000000
68379  23.775  -18.760  76.796 1.0000000000
69405  24.223  -18.317  76.444 1.0000000000
132331  39.345  -9.222  74.606 1.0000000000
69419  24.562  -17.640  75.070 1.0000000000
68411  21.582  -18.536  74.430 1.0000000000
78570  37.106  -8.779  74.308 1.0000000000
69430  23.281  -18.130  74.241 1.0000000000
78571  35.843  -8.709  73.976 1.0000000000
78592  34.594  -8.922  72.834 1.0000000000
69438  22.035  -17.885  73.197 1.0000000000
70473  24.753  -17.189  73.552 1.0000000000
68308  30.685  -18.603  85.034 0.8750000000
74325  9.181  -11.673  87.762 1.0000000000
70432  26.940  -16.885  78.309 1.0000000000
129207  39.304  -8.560  74.644 1.0000000000
147199  38.258  -8.191  74.290 1.0000000000
78579  36.793  -8.460  73.827 1.0000000000
79492  37.428  -8.047  73.553 1.0000000000
78601  35.605  -8.690  71.919 1.0000000000
78591  36.047  -8.416  73.270 1.0000000000
149378  35.350  -9.033  71.267 1.0000000000
76498  7.691  -9.901  88.026 0.8750000000
68324  28.801  -18.595  83.678 1.0000000000
74322  8.468  -12.019  87.822 0.8750000000
69347  28.085  -17.946  82.107 1.0000000000
70420  28.380  -16.368  79.801 1.0000000000
78567  40.646  -7.976  74.778 1.0000000000
77616  43.199  -8.857  74.606 1.0000000000
79505  37.586  -7.775  72.956 1.0000000000
79514  37.063  -7.999  72.399 1.0000000000
147815  34.997  -9.280  70.617 1.0000000000
78610  36.633  -8.470  70.428 1.0000000000
78599  36.904  -8.227  71.536 1.0000000000
77673  34.341  -9.515  68.957 1.0000000000
68430  12.046  -18.915  74.188 0.3750000000
69328  31.175  -17.157  84.497 0.8750000000
143823  30.102  -17.627  84.200 1.0000000000
69340  29.138  -17.931  83.352 1.0000000000
70385  30.930  -16.448  83.787 1.0000000000
70398  29.707  -16.478  82.709 1.0000000000
70399  29.007  -16.731  82.337 1.0000000000
71368  30.518  -15.373  81.964 1.0000000000
70406  28.807  -16.561  81.460 1.0000000000
71370  29.249  -16.158  81.077 1.0000000000
72332  30.251  -15.235  81.210 1.0000000000
71374  29.638  -15.674  80.779 1.0000000000
76538  17.616  -10.526  77.142 1.0000000000
130573  7.391  -16.111  84.981 0.8750000000
139892  40.569  -7.489  74.364 1.0000000000
141947  40.598  -7.129  73.861 1.0000000000
74426  32.314  -12.912  72.103 1.0000000000
77667  32.009  -10.069  68.807 0.8750000000
77680  34.487  -9.322  67.547 0.8750000000
147669  33.267  -9.810  67.996 0.8750000000
146739  29.763  -14.843  75.442 1.0000000000
79487  43.264  -7.164  74.130 1.0000000000
79488  42.280  -7.140  74.100 1.0000000000
80384  44.188  -6.769  73.579 0.8750000000
80387  41.224  -6.701  73.345 1.0000000000
80388  40.343  -6.959  73.224 1.0000000000
79522  38.094  -7.581  71.002 1.0000000000
78624  36.256  -8.437  68.516 1.0000000000
78630  35.801  -8.506  67.688 1.0000000000
76627  29.860  -10.531  67.286 0.8750000000
79419  14.246  -6.781  83.237 1.0000000000
81263  9.560  -5.311  87.349 0.8750000000
80299  8.601  -6.673  87.312 0.8750000000
128000  8.476  -6.172  86.462 0.8750000000
146869  8.374  -6.476  85.723 0.8750000000
72313  32.277  -14.819  83.003 1.0000000000
146182  7.549  -11.088  81.645 0.8750000000
80396  44.211  -6.191  72.987 1.0000000000
80408  40.470  -6.045  71.674 1.0000000000
79501  45.279  -7.260  72.925 0.8750000000
80409  39.707  -6.446  71.532 1.0000000000
80421  38.993  -6.337  70.254 1.0000000000
79521  38.526  -7.038  70.670 1.0000000000
73378  32.650  -13.117  74.317 1.0000000000
80407  45.029  -5.953  72.184 0.8750000000
79528  38.425  -6.711  69.915 1.0000000000
79511  43.731  -7.426  71.531 0.7500000000
74457  30.636  -12.666  69.515 0.8750000000
79545  36.080  -7.892  67.013 1.0000000000
146790  35.708  -7.957  66.418 1.0000000000
149033  12.400  -16.652  76.601 1.0000000000
77752  31.378  -9.831  63.815 0.7500000000
139726  8.492  -5.401  83.342 0.8750000000
76514  7.593  -10.571  81.339 0.8750000000
146603  27.834  -15.383  71.399 1.0000000000
72378  30.249  -14.644  75.075 1.0000000000
72398  28.915  -14.850  73.384 1.0000000000
148841  25.987  -15.609  70.329 1.0000000000
72441  25.366  -14.962  69.455 1.0000000000
73432  24.574  -13.727  69.896 1.0000000000
130146  24.349  -13.099  70.043 1.0000000000
81367  41.927  -5.211  71.284 1.0000000000
81356  44.828  -5.920  72.372 0.8750000000
81366  43.056  -5.016  71.572 1.0000000000
81369  40.059  -5.845  70.926 1.0000000000
81368  40.937  -5.494  70.922 1.0000000000
148846  40.342  -5.458  70.344 1.0000000000
82246  44.865  -4.701  71.090 0.8750000000
80437  37.883  -6.433  68.363 1.0000000000
79552  37.050  -7.004  67.493 1.0000000000
79520  42.843  -7.254  70.832 0.7500000000
75518  29.585  -11.483  67.854 0.8750000000
148790  15.597  -5.862  84.627 0.8750000000
81275  13.906  -6.205  86.336 0.8750000000
132785  11.837  -4.009  86.677 0.8750000000
80360  18.048  -6.418  79.431 0.8750000000
76600  24.976  -10.035  72.463 0.8750000000
75483  24.495  -10.730  72.222 0.8750000000
76601  24.757  -10.212  71.625 0.8750000000
71474  26.065  -15.473  69.564 1.0000000000
71473  26.843  -15.690  69.543 1.0000000000
82247  44.015  -4.504  71.073 1.0000000000
81377  41.703  -4.883  70.564 1.0000000000
81378  40.934  -5.103  70.100 1.0000000000
81389  39.635  -5.394  69.267 1.0000000000
81390  39.021  -5.601  68.945 1.0000000000
73397  31.815  -13.693  72.363 1.0000000000
72395  31.262  -14.324  72.629 1.0000000000
82261  40.955  -4.736  69.324 1.0000000000
147732  44.921  -4.640  70.710 0.8750000000
81400  38.171  -5.712  67.893 1.0000000000
80450  37.246  -5.890  66.740 0.8750000000
73430  30.663  -13.526  70.009 0.8750000000
74458  29.919  -12.972  68.681 0.8750000000
78606  41.696  -7.770  70.480 0.7500000000
76634  28.940  -10.552  66.109 0.8750000000
80459  35.711  -6.765  65.040 0.8750000000
81311  17.062  -5.464  82.031 0.8750000000
142299  15.496  -5.920  86.076 0.8750000000
81310  17.635  -5.560  81.606 0.8750000000
82212  8.898  -4.860  82.169 0.8750000000
147057  25.235  -7.741  75.946 0.7500000000
78582  24.954  -8.144  73.708 0.7500000000
82210  10.141  -4.379  81.435 0.8750000000
77632  25.368  -9.226  73.435 0.7500000000
144065  10.683  -5.961  80.395 0.8750000000
77640  25.193  -9.487  72.779 0.7500000000
78603  24.835  -8.359  72.115 0.7500000000
76579  24.946  -10.295  73.605 0.8750000000
76573  25.132  -10.245  74.423 0.8750000000
139971  33.224  -12.419  79.267 1.0000000000
77651  24.864  -9.412  71.392 0.8750000000
71459  28.140  -15.467  70.799 1.0000000000
72454  25.165  -14.360  68.941 1.0000000000
132440  24.739  -13.845  69.334 1.0000000000
73448  24.976  -13.440  67.663 1.0000000000
74467  24.461  -12.697  68.449 1.0000000000
145043  31.070  -14.497  73.417 1.0000000000
137745  30.512  -14.196  70.672 1.0000000000
82250  44.656  -4.452  70.393 0.8750000000
81399  38.803  -5.348  68.189 1.0000000000
82273  39.257  -5.007  67.743 0.8750000000
73438  28.856  -13.906  68.055 1.0000000000
127399  44.642  -3.932  68.500 1.0000000000
81405  38.558  -5.143  67.441 0.8750000000
74473  28.434  -12.914  66.950 0.8750000000
81396  44.701  -4.262  69.020 1.0000000000
79536  41.322  -7.357  68.729 0.7500000000
76675  28.185  -10.130  64.671 0.7500000000
142545  14.227  -4.641  88.460 0.8750000000
79451  19.546  -7.040  79.071 0.8750000000
128096  25.698  -9.748  77.674 1.0000000000
84693  9.712  -0.702  85.060 0.8750000000
76525  25.144  -10.227  77.945 1.0000000000
76526  24.539  -10.430  78.581 1.0000000000
79483  24.119  -7.516  74.311 0.7500000000
79494  24.603  -7.844  73.266 0.6250000000
137995  25.264  -10.197  75.156 0.8750000000
145604  24.831  -10.467  75.453 0.8750000000
75471  23.711  -11.054  74.502 0.8750000000
124604  24.741  -8.603  71.199 0.7500000000
75478  23.136  -11.460  73.980 0.8750000000
138643  23.774  -11.052  73.753 0.8750000000
77660  24.472  -9.622  69.976 0.8750000000
78612  24.477  -8.747  70.249 0.7500000000
135121  24.308  -11.242  69.455 0.8750000000
76622  24.075  -11.131  68.602 0.8750000000
72407  29.905  -14.775  72.273 1.0000000000
71458  28.570  -15.512  70.001 1.0000000000
71486  27.073  -15.257  68.530 1.0000000000
72452  26.506  -14.977  68.237 1.0000000000
73439  25.384  -14.214  68.101 1.0000000000
74475  24.614  -12.594  67.327 0.8750000000
147405  29.659  -15.035  71.168 1.0000000000
71485  27.748  -15.204  68.595 1.0000000000
142839  28.392  -15.043  68.753 1.0000000000
72451  27.277  -14.917  68.019 1.0000000000
72459  26.645  -14.513  67.610 1.0000000000
144331  25.893  -13.907  67.186 1.0000000000
75526  24.268  -11.797  67.004 0.8750000000
82270  41.513  -4.209  68.203 1.0000000000
71471  28.886  -15.066  69.297 1.0000000000
73453  25.955  -13.096  66.455 0.8750000000
82282  40.697  -4.560  67.644 0.8750000000
72457  28.207  -13.992  67.606 0.8750000000
73446  27.756  -13.603  67.057 0.8750000000
148648  26.689  -12.820  66.311 0.8750000000
74485  27.627  -12.771  66.520 0.8750000000
75558  25.600  -11.835  65.473 0.8750000000
81397  44.423  -4.754  68.330 0.8750000000
128944  39.468  -4.916  66.897 0.8750000000
75538  27.126  -12.233  66.013 0.8750000000
80435  43.035  -6.293  68.830 0.7500000000
82294  38.787  -4.890  66.510 0.8750000000
81421  37.187  -4.951  65.594 0.8750000000
76654  27.294  -10.839  65.157 0.7500000000
126437  39.132  -4.935  65.016 0.8750000000
76676  27.494  -10.275  64.753 0.7500000000
81432  36.160  -4.959  64.497 1.0000000000
77755  28.699  -9.416  63.372 0.7500000000
82351  37.047  -4.641  63.499 0.8750000000
82352  36.289  -4.763  63.447 0.8750000000
141557  35.579  -5.047  63.496 0.6250000000
128967  34.204  -4.986  62.434 0.5000000000
80495  33.260  -5.920  62.643 0.5000000000
81246  16.595  -5.729  88.261 0.8750000000
81240  16.319  -5.455  89.314 0.8750000000
135325  10.935  -0.817  85.928 0.8750000000
85534  10.689  0.033  86.144 0.8750000000
78546  19.645  -7.954  77.714 1.0000000000
79459  20.121  -7.624  78.581 0.8750000000
85547  9.480  -0.007  84.684 0.8750000000
132652  21.575  -5.359  73.217 0.3750000000
80389  23.451  -7.205  73.943 0.6250000000
80402  23.325  -6.994  73.029 0.5000000000
79507  24.008  -7.479  72.697 0.6250000000
79516  24.006  -7.435  71.798 0.6250000000
79523  24.392  -7.997  70.513 0.6250000000
77685  23.795  -9.427  68.252 0.7500000000
76636  23.606  -10.002  66.649 0.7500000000
76635  23.906  -10.938  66.664 0.8750000000
134232  23.888  -10.437  65.924 0.6250000000
149209  23.976  -10.025  65.384 0.6250000000
76679  24.977  -10.397  64.525 0.5000000000
76655  26.194  -11.146  64.893 0.7500000000
73409  12.686  -13.038  71.288 0.6250000000
80449  43.550  -6.213  66.527 1.0000000000
146097  43.025  -6.062  67.022 0.8750000000
79550  41.965  -7.059  66.602 0.5000000000
140032  36.029  -4.994  62.676 0.7500000000
78676  27.655  -8.575  62.825 0.6250000000
78637  41.508  -7.570  65.945 0.3750000000
82367  35.230  -5.029  62.431 0.5000000000
82381  34.035  -3.915  61.584 0.5000000000
124880  33.086  -4.476  62.428 0.5000000000
81469  32.590  -5.165  62.614 0.5000000000
80339  19.792  -5.800  81.136 0.7500000000
81238  18.346  -5.179  88.892 0.8750000000
144234  11.327  -0.382  86.382 0.8750000000
83028  17.552  -4.030  89.728 0.8750000000
83025  16.337  -3.966  90.669 0.8750000000
86425  10.027  0.641  85.847 0.8750000000
86432  9.511  0.827  84.365 0.8750000000
85554  9.416  -0.102  83.808 0.8750000000
83105  20.475  -3.398  73.064 0.1250000000
84713  10.299  -1.639  82.185 0.8750000000
85572  10.541  -0.816  81.752 0.8750000000
82264  21.626  -4.179  70.012 0.2500000000
80390  22.615  -6.405  72.999 0.3750000000
81370  22.336  -5.949  71.627 0.3750000000
147847  22.585  -6.079  70.986 0.3750000000
129839  23.926  -7.613  69.953 0.6250000000
79532  23.807  -7.496  69.205 0.6250000000
143129  23.563  -9.292  66.591 0.6250000000
77696  23.498  -8.920  66.037 0.6250000000
78653  23.559  -8.405  65.446 0.6250000000
83154  43.290  -3.714  66.848 0.8750000000
77739  24.824  -9.798  64.295 0.5000000000
82322  43.600  -4.582  65.225 0.8750000000
83155  42.411  -3.939  67.133 0.8750000000
77759  25.034  -9.442  63.906 0.6250000000
81420  44.087  -4.838  65.503 0.8750000000
124339  41.589  -4.218  65.954 0.8750000000
147839  26.208  -8.824  63.234 0.6250000000
82324  41.865  -4.462  64.596 0.8750000000
126438  41.242  -4.350  65.308 0.8750000000
124522  40.142  -4.866  65.407 0.8750000000
79558  44.550  -7.512  65.347 1.0000000000
125003  39.082  -5.058  64.073 0.8750000000
82349  39.835  -5.023  63.645 0.8750000000
130130  40.404  -5.314  62.297 0.8750000000
82362  40.153  -5.060  63.054 0.8750000000
82363  39.173  -5.032  63.110 0.8750000000
82364  38.433  -5.035  62.683 0.8750000000
127362  39.603  -5.541  60.844 0.8750000000
82377  38.328  -5.232  61.795 0.8750000000
81480  38.745  -5.436  60.881 0.8750000000
127732  31.925  -4.864  62.797 0.5000000000
81451  31.282  -5.103  63.189 0.5000000000
81452  30.477  -5.503  63.450 0.3750000000
80497  30.720  -6.742  62.721 0.5000000000
81493  39.086  -5.641  60.107 0.7500000000
144805  36.957  -5.310  60.724 0.7500000000
81483  35.993  -5.077  60.753 0.6250000000
82404  37.536  -4.542  59.632 0.6250000000
83203  34.179  -3.202  60.953 0.6250000000
83204  33.563  -3.090  61.468 0.5000000000
83210  35.594  -3.463  60.245 0.6250000000
124340  18.975  -5.490  83.995 0.7500000000
85530  12.520  -0.000  87.659 0.8750000000
81244  18.864  -5.451  88.273 0.8750000000
84673  14.120  -0.893  89.630 0.8750000000
84672  14.585  -1.272  90.337 0.8750000000
83809  15.861  -2.165  89.816 0.8750000000
86419  11.815  0.487  87.424 0.8750000000
86415  11.495  1.234  87.538 0.8750000000
133553  17.621  -3.685  89.397 0.8750000000
86439  9.538  0.974  83.536 0.8750000000
85578  10.854  -0.492  81.058 0.8750000000
86461  9.714  1.461  80.953 0.8750000000
83930  21.478  -2.562  69.723 0.1250000000
146358  21.129  -11.585  76.449 1.0000000000
83140  22.639  -3.557  68.260 0.1250000000
81392  22.543  -5.452  69.564 0.3750000000
136045  23.121  -2.830  67.939 0.1250000000
81401  23.178  -5.820  68.372 0.3750000000
81391  23.325  -6.354  69.027 0.5000000000
80371  12.751  -6.351  78.032 0.8750000000
81415  23.467  -5.860  66.485 0.3750000000
80453  23.527  -6.741  66.474 0.5000000000
80445  23.523  -7.014  67.531 0.5000000000
79554  23.545  -7.640  66.832 0.6250000000
127768  23.535  -6.903  65.368 0.5000000000
79572  23.617  -7.736  64.796 0.6250000000
78662  24.237  -8.191  63.985 0.5000000000
137339  25.280  -7.729  63.056 0.5000000000
75487  11.760  -11.371  72.350 0.6250000000
74441  13.189  -12.537  71.776 0.7500000000
81446  44.155  -5.862  64.565 0.8750000000
81447  43.416  -5.561  63.958 0.8750000000
79598  26.828  -7.464  62.582 0.3750000000
78697  25.980  -7.677  62.709 0.5000000000
80477  43.502  -6.096  63.268 0.8750000000
80500  27.967  -6.633  62.697 0.3750000000
83178  31.147  -3.317  64.518 0.2500000000
83968  31.396  -2.570  64.907 0.2500000000
81434  30.082  -5.202  64.166 0.3750000000
80524  42.381  -6.866  60.092 0.8750000000
81492  40.732  -6.231  60.193 0.8750000000
80512  41.576  -6.575  60.186 0.8750000000
123775  39.908  -5.915  60.079 0.8750000000
81509  39.546  -5.491  59.288 0.6250000000
83991  33.276  -2.372  61.603 0.6250000000
84833  32.629  -1.226  62.991 0.5000000000
142301  41.486  -9.798  63.390 0.2500000000
82414  40.656  -4.424  58.384 0.7500000000
83221  38.407  -3.465  58.980 0.5000000000
83222  37.750  -3.648  59.273 0.5000000000
84015  36.736  -2.841  59.715 0.5000000000
84000  35.320  -2.659  60.437 0.3750000000
84856  34.517  -1.703  61.157 0.5000000000
83990  33.893  -2.404  61.131 0.5000000000
81291  19.701  -5.532  83.535 0.7500000000
81281  20.510  -5.709  84.990 0.7500000000
125161  19.029  -5.511  85.196 0.7500000000
85523  14.355  -0.508  89.740 0.8750000000
85529  13.110  -0.225  88.506 0.8750000000
80347  21.216  -6.714  80.870 0.8750000000
81254  20.120  -5.438  87.454 0.7500000000
84674  15.469  -1.366  90.182 0.8750000000
87356  10.355  1.921  86.444 0.8750000000
88266  11.338  1.929  87.501 0.8750000000
78544  21.559  -8.834  78.661 1.0000000000
82173  19.256  -4.732  88.608 0.8750000000
87377  9.800  2.259  84.999 0.8750000000
147890  9.678  2.189  84.410 0.8750000000
88275  10.898  2.259  86.409 0.8750000000
87415  9.573  2.355  81.455 0.8750000000
83921  20.660  -2.553  71.157 0.1250000000
83919  27.431  -1.875  70.735 0.1250000000
84785  26.179  -1.163  71.048 0.1250000000
84805  24.580  -1.352  68.993 0.1250000000
84796  23.378  -0.903  69.289 0.1250000000
85582  11.326  -0.554  79.385 0.8750000000
84762  28.611  -1.382  73.478 0.1250000000
83909  29.201  -2.722  71.977 0.1250000000
84775  27.781  -1.383  72.340 0.1250000000
83947  24.328  -2.019  67.544 0.1250000000
149859  9.582  1.688  79.320 0.8750000000
83894  31.668  -3.067  73.579 0.1250000000
83108  30.424  -3.262  72.468 0.1250000000
83928  26.749  -1.688  69.153 0.1250000000
84794  25.320  -1.193  69.813 0.1250000000
84811  25.843  -1.713  68.060 0.1250000000
83948  23.481  -2.956  67.242 0.1250000000
83871  11.975  -1.964  78.672 0.8750000000
83901  31.718  -3.035  72.578 0.1250000000
83910  28.386  -2.180  71.801 0.1250000000
83112  30.473  -3.404  71.560 0.1250000000
85626  36.320  -0.477  73.900 0.1250000000
84758  34.855  -0.968  73.065 0.1250000000
84766  34.265  -1.347  72.578 0.1250000000
83907  32.292  -2.690  72.244 0.1250000000
82300  23.522  -4.267  66.398 0.2500000000
83172  23.954  -3.778  65.742 0.2500000000
140303  32.568  -2.474  71.689 0.1250000000
83916  31.776  -2.915  70.559 0.1250000000
83963  24.969  -2.820  65.640 0.2500000000
81424  23.496  -5.163  65.848 0.2500000000
143670  23.593  -5.576  65.096 0.3750000000
85644  36.318  -0.233  72.068 0.1250000000
84765  34.903  -0.840  72.149 0.1250000000
84773  34.335  -1.216  71.733 0.1250000000
82339  23.735  -4.846  64.914 0.2500000000
80469  23.596  -6.256  64.779 0.3750000000
86532  37.810  0.180  72.232 0.1250000000
85646  34.916  -0.766  71.338 0.1250000000
84783  33.738  -1.564  70.705 0.1250000000
132468  33.638  -1.535  69.919 0.1250000000
81438  24.200  -4.975  64.253 0.3750000000
85653  36.280  -0.206  71.268 0.1250000000
85655  34.905  -0.742  70.520 0.1250000000
84782  34.286  -1.188  70.178 0.1250000000
85665  34.817  -0.675  69.599 0.1250000000
83942  32.193  -2.317  68.128 0.2500000000
80468  23.885  -6.461  63.846 0.5000000000
86564  37.489  0.389  70.757 0.1250000000
85664  35.527  -0.270  70.038 0.1250000000
129981  33.500  -1.422  68.859 0.2500000000
85675  34.035  -0.676  67.947 0.2500000000
84802  32.877  -1.811  68.519 0.1250000000
83943  31.531  -2.877  67.719 0.2500000000
85674  34.568  -0.505  68.543 0.2500000000
85680  33.829  -0.608  67.218 0.2500000000
84801  33.462  -1.213  67.937 0.2500000000
83951  32.075  -2.230  67.191 0.2500000000
84816  32.610  -1.673  66.647 0.2500000000
83156  31.018  -3.428  66.337 0.3750000000
141263  35.989  0.432  68.091 0.1250000000
84809  33.250  -1.194  66.984 0.2500000000
75486  12.984  -11.123  72.254 0.8750000000
86632  35.803  0.270  66.143 0.2500000000
85689  34.278  -0.372  65.585 0.2500000000
84815  33.071  -1.117  66.128 0.2500000000
84821  31.825  -1.987  65.318 0.2500000000
83166  31.024  -3.309  65.427 0.2500000000
79591  44.364  -7.494  62.556 0.8750000000
84820  33.020  -1.099  65.263 0.2500000000
78709  45.403  -8.267  61.128 0.8750000000
85699  33.576  -0.557  63.975 0.5000000000
85698  34.498  -0.337  64.484 0.3750000000
84826  32.216  -1.392  63.751 0.3750000000
133453  32.358  -1.479  64.793 0.2500000000
80538  42.724  -6.530  59.508 0.7500000000
81507  41.568  -6.050  58.831 0.7500000000
84840  35.146  -1.091  61.825 0.3750000000
85710  33.412  -0.761  63.163 0.5000000000
149127  45.439  -9.782  64.901 0.6250000000
149567  43.788  -5.960  59.064 0.7500000000
80523  44.679  -6.875  59.776 0.8750000000
81505  43.143  -6.033  58.984 0.7500000000
81523  42.817  -5.391  58.596 0.7500000000
82413  41.620  -4.576  58.368 0.7500000000
83233  40.598  -3.456  58.411 0.6250000000
84026  40.147  -2.872  58.534 0.5000000000
84013  38.870  -2.923  58.842 0.5000000000
84027  39.483  -3.086  58.611 0.5000000000
84887  38.300  -2.080  59.654 0.5000000000
84855  35.464  -1.550  61.096 0.3750000000
75580  44.509  -11.222  63.845 0.1250000000
76701  41.422  -10.302  62.257 0.1250000000
74552  53.746  -12.124  60.192 0.7500000000
75635  53.960  -11.290  58.136 0.8750000000
77808  55.880  -9.332  57.350 0.7500000000
76737  54.671  -10.699  57.694 0.8750000000
146047  55.471  -10.077  57.643 0.8750000000
80313  22.199  -6.369  84.695 0.7500000000
81280  21.650  -6.104  85.320 0.7500000000
81269  21.710  -6.044  86.205 0.7500000000
85521  15.041  -0.799  90.278 0.8750000000
87352  11.977  1.756  88.149 0.8750000000
82178  20.541  -4.923  87.830 0.7500000000
82179  19.876  -4.953  88.329 0.7500000000
83032  19.506  -4.450  88.310 0.7500000000
88302  9.717  2.457  83.729 0.8750000000
88281  11.871  2.409  85.335 0.8750000000
83890  20.497  -2.373  74.251 0.3750000000
85591  10.247  -0.369  77.648 0.8750000000
83170  25.445  -3.226  65.020 0.2500000000
136973  13.392  -6.120  76.878 0.8750000000
86513  38.842  0.077  73.848 0.1250000000
83123  31.101  -3.476  69.217 0.1250000000
83148  29.530  -4.238  67.408 0.2500000000
86530  39.177  0.258  72.906 0.1250000000
82315  26.889  -3.813  64.758 0.2500000000
82337  25.655  -4.182  64.041 0.2500000000
147892  39.368  0.475  72.261 0.1250000000
124019  39.909  0.606  71.898 0.1250000000
86548  39.106  0.561  71.616 0.1250000000
82355  26.824  -4.854  63.699 0.3750000000
82356  25.878  -4.762  63.643 0.3750000000
86546  40.958  0.709  71.373 0.1250000000
86580  39.230  0.615  69.505 0.1250000000
127874  42.166  0.652  72.535 0.1250000000
86602  37.225  0.678  68.468 0.1250000000
87554  41.633  1.121  69.955 0.1250000000
142897  42.265  1.124  70.640 0.1250000000
86579  40.319  0.908  69.103 0.1250000000
147152  37.859  0.799  68.229 0.1250000000
132121  37.377  0.987  67.570 0.1250000000
85688  35.904  0.075  65.369 0.3750000000
126429  37.067  0.466  65.759 0.2500000000
77747  46.628  -9.584  64.337 1.0000000000
86649  37.039  0.067  64.688 0.3750000000
85707  36.044  -0.361  63.824 0.3750000000
77724  46.386  -9.434  64.959 1.0000000000
80522  45.430  -7.135  59.919 0.8750000000
85695  36.973  -0.213  63.931 0.3750000000
75552  46.510  -11.081  65.465 0.7500000000
126149  44.837  -5.649  59.346 0.6250000000
81504  44.279  -5.444  59.026 0.6250000000
82400  44.056  -4.621  58.791 0.5000000000
82411  43.262  -4.596  58.567 0.5000000000
82412  42.452  -4.603  58.429 0.5000000000
84024  42.006  -3.034  58.641 0.5000000000
84853  37.617  -1.270  61.357 0.3750000000
146825  46.775  -11.537  65.546 0.7500000000
75553  45.738  -11.072  64.884 0.3750000000
84008  43.347  -2.350  59.388 0.5000000000
84010  41.433  -2.223  59.009 0.5000000000
84012  39.531  -2.379  58.894 0.5000000000
84871  38.724  -1.629  60.281 0.3750000000
84886  39.140  -1.922  59.548 0.3750000000
84852  38.414  -1.327  61.075 0.3750000000
129605  44.188  -11.765  62.099 0.1250000000
75628  54.335  -11.457  58.900 0.8750000000
78731  54.646  -9.092  58.354 0.8750000000
79637  54.048  -7.811  57.412 0.8750000000
79644  54.463  -7.028  57.167 0.8750000000
135688  52.929  -6.676  56.431 0.7500000000
80554  55.555  -6.886  57.398 0.8750000000
134079  53.594  -5.297  55.853 0.6250000000
80568  52.392  -5.847  55.757 0.6250000000
81546  52.844  -5.347  55.564 0.6250000000
82427  56.109  -4.425  56.688 0.8750000000
83256  54.337  -3.992  55.422 0.5000000000
82442  57.172  -4.028  55.057 0.8750000000
79433  22.692  -7.736  81.669 0.8750000000
81252  21.769  -5.438  86.748 0.7500000000
84678  15.812  -1.411  89.050 0.8750000000
85528  15.726  -0.603  88.445 0.8750000000
85524  15.810  0.393  88.564 0.8750000000
83826  17.307  -2.432  85.071 0.7500000000
82214  24.403  -4.621  80.553 0.5000000000
141544  18.929  -3.475  85.917 0.7500000000
87363  12.696  2.158  84.840 0.8750000000
88311  10.378  3.075  82.272 0.8750000000
83868  21.957  -2.422  78.282 0.3750000000
84746  20.918  -1.182  76.171 0.2500000000
85622  20.854  -0.105  75.006 0.2500000000
85600  21.357  -0.656  76.575 0.2500000000
84733  9.604  -0.660  76.768 0.8750000000
86497  40.729  0.224  74.389 0.1250000000
86511  40.835  0.364  73.398 0.1250000000
77645  9.870  -9.533  73.103 0.7500000000
77628  14.218  -9.015  74.500 0.8750000000
87542  43.085  1.261  70.829 0.1250000000
87531  43.634  1.184  71.554 0.1250000000
78583  14.007  -9.258  72.730 0.8750000000
124143  42.318  1.382  68.837 0.1250000000
86598  40.712  0.968  68.434 0.1250000000
141668  39.098  0.761  68.770 0.1250000000
86599  39.814  0.874  68.375 0.1250000000
138120  38.985  0.891  68.016 0.1250000000
125133  37.899  1.123  66.865 0.1250000000
86617  38.694  1.129  67.244 0.1250000000
86628  39.220  1.262  66.741 0.2500000000
86637  38.212  0.791  65.527 0.3750000000
86636  38.967  1.145  65.834 0.3750000000
124298  39.679  0.882  64.427 0.3750000000
86645  40.310  1.231  65.075 0.2500000000
123484  38.815  0.432  64.219 0.3750000000
86648  37.576  0.095  64.379 0.3750000000
76668  47.934  -10.407  65.066 0.8750000000
143744  46.968  -7.901  60.863 0.8750000000
144338  46.225  -6.935  60.074 0.8750000000
86659  39.420  0.383  63.519 0.3750000000
85706  38.163  -0.236  63.375 0.3750000000
86661  37.680  -0.167  63.769 0.3750000000
80520  47.403  -6.358  60.676 0.7500000000
81491  46.331  -5.291  60.059 0.7500000000
129891  38.907  -1.026  61.538 0.3750000000
83217  45.251  -3.732  59.661 0.5000000000
84007  44.177  -2.186  59.737 0.5000000000
84882  42.825  -1.440  59.710 0.3750000000
84883  41.825  -1.513  59.539 0.3750000000
84869  40.444  -1.205  60.072 0.3750000000
84870  39.589  -1.465  60.170 0.3750000000
85745  40.005  -0.996  60.839 0.3750000000
130910  46.969  -12.401  64.748 0.6250000000
73470  46.332  -12.725  63.196 0.2500000000
74519  47.392  -12.710  64.125 0.5000000000
141575  45.703  -12.479  63.131 0.1250000000
133625  49.866  -13.786  61.362 0.5000000000
148398  54.155  -9.888  59.478 1.0000000000
77801  54.420  -9.489  59.007 0.8750000000
83255  55.525  -3.572  55.863 0.6250000000
83265  53.846  -3.269  54.823 0.5000000000
83253  57.283  -3.495  55.865 0.8750000000
84058  53.327  -2.484  54.417 0.5000000000
129687  57.591  -3.649  54.362 0.8750000000
81268  22.936  -6.069  85.928 0.7500000000
132256  22.309  -5.906  86.290 0.7500000000
78511  25.216  -8.717  82.511 1.0000000000
79426  23.707  -8.090  82.904 0.7500000000
86412  16.326  1.111  88.407 0.8750000000
88272  13.335  2.444  86.949 0.8750000000
78520  23.078  -8.465  81.239 1.0000000000
126210  21.268  -4.188  86.836 0.7500000000
83827  16.845  -2.313  85.632 0.7500000000
85539  16.812  -0.569  85.721 0.8750000000
81316  25.602  -5.717  80.533 0.6250000000
77570  23.125  -9.508  80.201 1.0000000000
83845  18.001  -2.103  83.673 0.6250000000
131784  17.452  -1.887  84.377 0.7500000000
83844  18.756  -2.445  83.409 0.6250000000
88334  10.554  3.177  80.511 0.8750000000
88321  11.738  2.350  81.587 0.8750000000
83865  22.436  -2.369  78.887 0.3750000000
83869  21.781  -1.817  78.013 0.3750000000
86477  8.664  1.033  77.111 0.8750000000
87464  9.201  1.722  77.648 0.8750000000
86509  43.393  1.017  73.929 0.1250000000
79508  9.593  -8.150  72.969 0.7500000000
78575  14.059  -8.254  73.969 0.8750000000
78595  12.427  -8.715  72.814 0.8750000000
78584  13.623  -8.431  72.951 0.8750000000
87552  43.382  1.468  69.256 0.1250000000
87595  40.919  1.352  66.491 0.2500000000
87593  42.450  1.550  66.386 0.2500000000
87611  41.640  1.277  64.204 0.3750000000
80509  48.088  -6.527  61.167 0.7500000000
86656  41.954  1.095  63.248 0.3750000000
143863  41.608  0.679  62.725 0.3750000000
147117  41.836  0.031  61.198 0.3750000000
125455  40.976  0.394  62.560 0.3750000000
86658  40.261  0.492  62.998 0.3750000000
85717  39.603  -0.023  62.677 0.3750000000
76667  48.781  -10.652  65.785 0.8750000000
82386  46.897  -4.571  60.559 0.7500000000
83202  46.879  -2.911  61.014 0.5000000000
149246  46.285  -3.103  60.549 0.5000000000
139153  45.675  -2.033  60.491 0.3750000000
84866  43.505  -1.013  60.091 0.3750000000
84865  44.315  -1.337  60.152 0.3750000000
85729  42.460  -0.205  60.695 0.3750000000
86687  43.119  0.307  60.981 0.3750000000
85744  40.848  -0.764  60.786 0.3750000000
85730  41.197  -0.271  61.380 0.3750000000
84867  42.151  -0.828  60.080 0.3750000000
127937  41.637  -0.473  60.670 0.3750000000
75551  48.458  -11.683  66.315 0.7500000000
140274  53.683  -12.047  61.633 1.0000000000
74543  51.717  -12.760  61.358 0.7500000000
84047  57.163  -2.841  55.598 0.8750000000
84049  55.992  -2.006  55.386 0.5000000000
138927  54.684  -1.356  54.483 0.5000000000
81267  23.635  -5.676  86.198 0.7500000000
82185  22.957  -4.611  86.580 0.6250000000
82183  24.149  -4.364  86.460 0.6250000000
83054  21.349  -3.685  86.083 0.7500000000
87361  14.819  1.890  86.142 0.8750000000
83061  22.412  -2.989  85.232 0.6250000000
87375  13.366  1.725  84.317 0.8750000000
148002  12.454  1.901  82.117 0.8750000000
145726  24.083  -3.871  80.780 0.6250000000
83080  23.622  -3.231  80.562 0.5000000000
83083  23.041  -3.183  79.888 0.5000000000
87385  14.626  1.233  83.342 0.8750000000
83864  22.854  -2.342  79.547 0.2500000000
83852  19.977  -2.169  82.677 0.6250000000
88343  11.177  2.850  80.007 0.8750000000
87438  11.998  2.247  79.867 0.8750000000
84729  21.902  -1.157  78.015 0.3750000000
88365  10.655  2.635  78.074 0.8750000000
127444  22.160  -0.396  77.796 0.2500000000
85599  21.798  0.012  77.009 0.2500000000
87479  9.138  1.664  76.609 0.8750000000
86494  8.388  0.523  76.005 0.8750000000
141463  22.393  1.945  75.756 0.1250000000
141003  21.493  1.210  75.094 0.1250000000
87497  21.450  1.538  74.277 0.1250000000
87510  21.327  1.534  73.260 0.1250000000
79518  10.258  -7.814  72.361 0.7500000000
79500  9.439  -7.454  73.067 0.7500000000
78686  49.543  -8.709  62.583 0.8750000000
131028  48.447  -5.890  61.499 0.7500000000
87629  43.343  1.425  62.438 0.3750000000
134026  49.548  -10.358  65.367 0.8750000000
137309  47.516  -3.021  61.438 0.6250000000
85740  45.865  -0.717  60.872 0.3750000000
86685  44.807  0.166  60.726 0.3750000000
75550  49.322  -11.487  66.302 0.7500000000
76642  49.692  -10.805  66.076 0.8750000000
74517  49.739  -13.037  63.857 0.7500000000
84927  53.433  -0.661  53.794 0.5000000000
84055  56.964  -1.132  55.008 0.8750000000
81266  25.487  -6.028  85.672 0.6250000000
79416  25.078  -8.042  83.707 0.8750000000
83052  23.406  -3.459  86.198 0.6250000000
87354  17.935  1.774  87.148 0.7500000000
89090  17.008  3.698  87.351 0.7500000000
131950  17.390  1.012  86.698 0.7500000000
86438  17.889  0.119  83.775 0.7500000000
83850  21.539  -1.898  83.077 0.6250000000
84721  23.764  -1.610  80.432 0.6250000000
85562  18.941  -0.685  82.321 0.6250000000
85580  23.105  -0.784  79.341 0.5000000000
87427  12.685  1.782  80.487 0.8750000000
87399  16.131  1.054  82.510 0.8750000000
147135  11.374  2.329  77.915 0.8750000000
88364  11.483  2.408  78.479 0.8750000000
134149  13.945  1.239  79.620 0.7500000000
87447  13.308  1.458  78.791 0.8750000000
80405  9.223  -6.829  72.923 0.7500000000
124776  49.606  -7.920  62.363 0.8750000000
81475  48.506  -5.130  61.672 0.7500000000
80507  49.018  -5.697  61.944 0.8750000000
83200  48.124  -3.472  61.728 0.7500000000
78668  50.265  -8.973  63.395 1.0000000000
79589  50.026  -7.245  62.581 0.8750000000
81460  49.615  -5.378  62.586 0.8750000000
82359  49.280  -4.141  62.613 0.8750000000
83987  47.902  -2.693  61.782 0.6250000000
76666  50.199  -9.868  65.020 1.0000000000
84848  48.068  -2.079  62.042 0.6250000000
85726  47.201  -0.622  61.545 0.5000000000
77700  51.401  -9.601  65.745 1.0000000000
75549  50.241  -11.194  66.134 0.8750000000
74503  51.269  -12.383  64.543 0.8750000000
74504  50.303  -12.506  64.812 0.7500000000
134338  52.414  -11.498  64.722 1.0000000000
74529  53.901  -11.460  62.231 1.0000000000
74514  52.616  -12.192  63.178 1.0000000000
84929  51.473  -0.856  53.164 0.5000000000
89084  18.594  4.251  87.531 0.7500000000
84688  23.975  -2.075  85.269 0.6250000000
87357  18.436  2.100  86.464 0.7500000000
88268  18.899  3.073  86.875 0.7500000000
84697  23.535  -1.791  84.635 0.6250000000
84702  23.091  -1.433  83.852 0.6250000000
85551  22.732  -1.081  83.051 0.6250000000
87359  16.400  2.378  85.453 0.7500000000
88277  16.944  3.141  86.208 0.7500000000
83858  24.616  -2.404  81.427 0.6250000000
86446  18.554  0.163  82.530 0.6250000000
87425  14.448  1.021  80.308 0.7500000000
87461  13.252  1.458  77.675 0.7500000000
87504  9.747  1.195  74.938 0.7500000000
87477  11.859  1.730  76.458 0.7500000000
82239  9.287  -4.626  74.363 0.8750000000
82243  8.645  -4.696  73.499 0.7500000000
144661  8.389  -3.567  72.454 0.7500000000
82245  8.536  -4.900  72.762 0.7500000000
81374  8.870  -5.370  71.287 0.7500000000
82249  8.614  -4.945  71.744 0.7500000000
81394  10.578  -5.415  69.422 0.5000000000
80447  11.907  -6.127  68.161 0.5000000000
78633  12.918  -8.344  67.824 0.6250000000
81445  50.228  -4.944  63.405 1.0000000000
83975  50.107  -2.636  63.662 0.7500000000
83980  49.183  -2.640  62.927 0.6250000000
80475  51.151  -6.483  63.902 1.0000000000
81459  50.119  -5.730  62.984 0.8750000000
76665  52.059  -10.971  65.440 1.0000000000
84926  57.096  -0.515  54.222 0.6250000000
85783  57.454  0.074  53.549 0.7500000000
82471  58.493  -4.402  50.097 0.7500000000
82481  57.999  -4.693  49.425 0.6250000000
144663  18.800  1.929  84.549 0.7500000000
146231  19.320  3.133  86.043 0.7500000000
88267  19.333  3.805  86.777 0.7500000000
85558  23.123  -0.385  82.714 0.6250000000
86437  18.337  0.618  83.318 0.6250000000
87383  18.689  1.418  83.579 0.7500000000
88296  19.218  2.184  83.625 0.7500000000
84715  25.670  -1.551  82.277 0.6250000000
85568  22.015  -0.439  81.592 0.6250000000
84717  20.983  -1.188  81.754 0.6250000000
85569  21.359  -0.653  81.539 0.6250000000
84718  20.224  -1.003  81.818 0.6250000000
85570  20.718  -0.531  81.394 0.6250000000
86453  20.386  0.195  81.003 0.6250000000
127054  18.090  3.706  85.246 0.7500000000
84716  24.983  -1.611  81.625 0.6250000000
88289  16.798  2.274  84.502 0.7500000000
88298  16.777  1.948  83.736 0.7500000000
138000  17.273  2.172  83.312 0.7500000000
87435  15.440  0.853  79.015 0.7500000000
87487  11.506  1.559  75.750 0.7500000000
87486  12.128  1.275  75.146 0.7500000000
87503  10.628  1.109  74.586 0.7500000000
125474  12.962  1.299  75.323 0.7500000000
85633  8.502  -0.438  73.933 0.7500000000
84781  8.707  -2.203  72.056 0.7500000000
82255  8.907  -4.739  70.291 0.7500000000
83122  8.518  -3.445  70.708 0.7500000000
83116  8.392  -3.973  71.583 0.7500000000
82266  9.211  -4.378  69.649 0.7500000000
83129  9.036  -3.736  69.305 0.7500000000
82267  8.825  -4.071  70.057 0.7500000000
82278  9.457  -4.060  68.863 0.6250000000
81410  10.901  -4.750  67.962 0.5000000000
83153  9.542  -2.960  67.729 0.5000000000
83165  10.623  -3.061  67.095 0.5000000000
85714  49.144  -0.477  62.813 0.5000000000
133780  48.216  0.755  61.875 0.5000000000
82301  12.289  -4.567  66.171 0.3750000000
136420  48.949  -1.230  62.752 0.5000000000
81425  13.316  -5.861  65.178 0.2500000000
85796  57.856  0.601  52.675 0.5000000000
84945  58.653  -1.618  51.959 0.6250000000
86724  55.937  0.738  53.365 0.3750000000
82491  58.314  -4.838  48.828 0.6250000000
139005  25.979  -1.140  85.703 0.6250000000
83831  27.595  -2.173  84.783 0.6250000000
86429  25.275  0.058  84.603 0.6250000000
89096  19.851  3.822  84.701 0.7500000000
89091  19.482  4.506  86.623 0.7500000000
89083  18.877  4.585  87.344 0.7500000000
89815  18.909  4.839  87.074 0.7500000000
83848  26.825  -2.254  83.352 0.5000000000
86443  23.497  0.341  82.401 0.6250000000
86442  24.308  0.721  82.855 0.6250000000
146771  18.957  1.611  83.054 0.6250000000
84707  26.448  -1.540  82.982 0.5000000000
130230  26.868  -0.917  83.255 0.5000000000
85555  27.679  0.218  83.588 0.6250000000
86433  27.946  0.897  84.188 0.6250000000
87390  28.087  1.688  83.360 0.6250000000
86451  22.329  0.276  81.222 0.6250000000
87409  19.718  1.850  81.232 0.6250000000
89098  17.810  3.277  84.219 0.7500000000
89106  28.175  3.164  82.229 0.5000000000
89834  27.945  4.063  80.570 0.3750000000
89114  28.003  3.463  81.350 0.3750000000
87419  22.223  1.500  80.339 0.6250000000
87432  21.693  2.070  79.971 0.6250000000
89103  18.203  3.716  83.522 0.7500000000
89113  28.454  3.879  82.424 0.3750000000
132917  16.848  1.386  82.149 0.7500000000
88309  17.461  2.182  82.693 0.7500000000
87410  17.217  1.571  81.638 0.7500000000
87485  14.587  1.287  75.611 0.7500000000
142290  14.028  1.143  76.979 0.7500000000
87434  16.455  1.243  79.131 0.7500000000
87460  14.442  0.958  77.578 0.7500000000
87459  15.495  0.980  77.562 0.7500000000
136283  16.804  1.320  79.941 0.7500000000
87527  12.676  0.547  72.898 0.7500000000
86560  10.919  -0.217  72.141 0.7500000000
84780  9.000  -1.562  71.312 0.7500000000
146339  8.805  -1.947  70.550 0.7500000000
83922  8.832  -2.660  70.203 0.7500000000
84789  9.229  -1.361  70.419 0.7500000000
131880  8.945  -1.939  69.850 0.6250000000
83143  8.799  -3.149  69.067 0.7500000000
83940  9.050  -2.447  67.961 0.5000000000
83950  9.382  -2.169  67.373 0.5000000000
144375  8.625  -0.649  67.463 0.5000000000
86634  8.902  1.159  66.444 0.3750000000
87591  8.671  1.101  66.914 0.3750000000
83958  10.676  -2.416  66.839 0.5000000000
83957  11.414  -2.241  66.380 0.3750000000
85693  10.052  0.240  65.933 0.3750000000
138755  50.185  -1.016  63.901 0.8750000000
83173  12.459  -3.023  65.693 0.3750000000
84823  11.503  -1.405  66.079 0.3750000000
87614  10.466  1.703  64.865 0.3750000000
86736  55.630  0.932  53.046 0.3750000000
86747  54.576  0.511  52.444 0.3750000000
83294  59.448  -3.845  49.761 0.5000000000
82479  59.290  -4.300  49.077 0.6250000000
81606  58.624  -5.575  47.239 0.6250000000
81596  58.900  -5.258  47.777 0.6250000000
143366  59.386  -6.492  45.901 0.6250000000
80617  58.600  -6.256  46.194 0.6250000000
80638  59.039  -6.369  44.505 0.5000000000
80618  57.657  -5.959  46.095 0.6250000000
143208  57.320  -6.349  44.869 0.3750000000
143118  59.288  -6.507  43.753 0.5000000000
80664  58.933  -6.643  41.137 0.1250000000
141534  58.445  -6.784  41.452 0.1250000000
81626  59.861  -6.087  41.176 0.1250000000
80674  58.876  -6.592  40.458 0.1250000000
80675  58.189  -6.634  40.300 0.1250000000
85536  27.237  -0.791  85.448 0.6250000000
85535  27.688  -0.922  85.192 0.6250000000
87369  26.648  1.225  84.747 0.6250000000
90637  19.958  6.083  86.250 0.7500000000
85542  27.805  -0.137  85.149 0.6250000000
87368  27.489  1.510  84.803 0.6250000000
87381  25.953  1.616  84.039 0.6250000000
87393  24.638  1.465  82.568 0.6250000000
89818  18.907  5.226  86.252 0.7500000000
90638  19.434  6.106  86.196 0.7500000000
129488  28.016  0.069  84.672 0.6250000000
87367  27.836  1.486  84.801 0.6250000000
87379  27.982  1.537  84.366 0.6250000000
87366  27.725  2.190  84.367 0.6250000000
87406  23.468  1.372  81.308 0.6250000000
88319  19.988  2.631  80.908 0.6250000000
89092  18.513  4.368  85.395 0.7500000000
88284  28.127  2.787  84.078 0.6250000000
130577  17.572  1.935  81.221 0.7500000000
87445  17.060  1.619  78.415 0.7500000000
131344  17.389  1.691  80.069 0.7500000000
88332  17.637  2.099  80.519 0.7500000000
87501  13.371  1.016  74.458 0.7500000000
134431  16.888  1.686  77.095 0.7500000000
126426  17.737  2.185  79.723 0.7500000000
141001  18.367  3.467  79.900 0.6250000000
86558  12.210  0.212  71.431 0.6250000000
149534  11.140  0.245  70.037 0.6250000000
85676  8.741  0.029  68.503 0.5000000000
84813  8.893  -1.610  67.625 0.5000000000
87589  11.437  1.265  67.275 0.3750000000
139860  10.625  1.389  66.923 0.3750000000
86753  57.956  1.455  50.861 0.5000000000
85805  58.602  0.014  51.318 0.5000000000
82499  59.376  -4.860  47.995 0.7500000000
81605  59.786  -5.764  46.768 0.5000000000
81595  59.543  -5.219  47.421 0.5000000000
80637  59.873  -6.442  44.286 0.5000000000
82529  59.719  -4.982  39.670 0.1250000000
91374  19.836  6.706  86.096 0.7500000000
88306  25.712  2.733  82.781 0.6250000000
88316  25.171  2.782  81.905 0.6250000000
89109  20.124  4.130  81.833 0.6250000000
91375  19.330  6.669  85.935 0.7500000000
88318  23.790  2.101  80.993 0.6250000000
88317  24.536  2.477  81.448 0.6250000000
88328  23.377  2.465  80.233 0.6250000000
137785  18.809  6.362  84.716 0.7500000000
89823  28.313  4.872  83.851 0.6250000000
88340  22.024  2.753  79.635 0.6250000000
89828  18.541  4.563  83.820 0.7500000000
148653  28.586  5.019  82.831 0.5000000000
90641  28.358  5.810  83.638 0.5000000000
90648  28.579  5.823  82.153 0.5000000000
90653  28.270  5.645  81.153 0.5000000000
89837  18.346  4.447  81.374 0.7500000000
89843  18.460  4.202  79.984 0.6250000000
87474  16.941  1.806  76.500 0.7500000000
88342  17.699  2.194  78.883 0.7500000000
89140  18.330  3.438  78.557 0.6250000000
87498  16.629  1.784  74.524 0.6250000000
84123  60.062  -3.169  47.832 0.3750000000
82498  59.789  -4.657  47.712 0.5000000000
145011  60.443  -5.249  45.598 0.3750000000
135462  60.500  -4.478  45.220 0.2500000000
82517  60.350  -4.964  41.223 0.1250000000
90651  20.276  5.636  81.494 0.6250000000
139659  20.258  5.779  82.646 0.6250000000
92055  19.948  7.162  85.844 0.7500000000
89101  26.957  3.646  83.831 0.6250000000
89825  27.478  4.348  83.977 0.6250000000
89829  26.209  4.159  82.288 0.6250000000
89108  25.643  3.405  82.055 0.6250000000
89133  20.903  3.316  80.010 0.6250000000
90665  20.995  5.025  79.694 0.6250000000
132022  26.718  4.329  83.351 0.6250000000
137153  26.600  5.019  82.784 0.6250000000
89121  25.008  4.015  80.707 0.6250000000
136282  25.529  4.084  81.435 0.6250000000
89123  23.672  3.208  79.903 0.6250000000
89122  24.357  3.627  80.369 0.6250000000
89131  22.300  3.492  79.446 0.6250000000
91381  18.709  7.104  84.674 0.7500000000
90643  27.818  5.787  83.854 0.6250000000
91379  27.598  6.424  83.508 0.6250000000
90646  27.104  5.847  83.279 0.6250000000
143975  18.557  6.201  83.741 0.7500000000
91388  28.508  6.627  82.617 0.3750000000
91382  28.318  6.593  83.386 0.6250000000
91391  18.060  5.993  81.630 0.6250000000
90659  17.972  6.065  80.804 0.6250000000
88375  17.564  2.490  76.440 0.7500000000
142191  18.452  4.335  78.571 0.6250000000
88386  17.631  2.715  75.524 0.6250000000
89858  18.413  4.618  77.760 0.6250000000
90666  18.249  5.587  79.594 0.6250000000
86594  12.635  0.493  69.503 0.6250000000
87573  14.517  1.193  68.381 0.5000000000
90783  10.350  5.614  65.640 0.3750000000
86763  57.954  1.280  49.882 0.2500000000
85836  56.600  0.337  49.423 0.2500000000
85835  58.858  0.404  49.600 0.3750000000
139613  58.260  -3.566  42.411 0.3750000000
92785  19.657  8.486  84.830 0.7500000000
90671  22.104  5.698  78.746 0.6250000000
127722  20.741  5.850  79.802 0.6250000000
92059  19.150  8.085  85.331 0.7500000000
92782  19.298  8.579  85.066 0.6250000000
90649  26.476  5.784  82.262 0.6250000000
91389  26.162  6.572  81.574 0.6250000000
89835  26.095  4.864  81.723 0.6250000000
89840  25.380  4.833  80.787 0.6250000000
89129  23.907  4.009  79.693 0.6250000000
92783  18.739  8.858  84.881 0.7500000000
91378  28.126  6.394  83.723 0.6250000000
91384  26.953  6.823  82.983 0.6250000000
134117  27.386  7.708  83.154 0.5000000000
92065  27.986  7.898  83.322 0.6250000000
92063  18.159  8.426  84.235 0.7500000000
92790  27.947  8.605  83.056 0.6250000000
92070  17.717  7.713  82.989 0.7500000000
91392  17.674  6.734  81.266 0.6250000000
90667  18.011  6.102  80.153 0.6250000000
133488  18.182  3.791  76.572 0.6250000000
132793  18.220  4.989  76.052 0.6250000000
88404  16.936  2.277  72.583 0.6250000000
86592  14.592  0.929  69.123 0.5000000000
87586  15.467  1.991  67.865 0.5000000000
89941  13.609  5.363  68.106 0.6250000000
89954  12.688  5.239  67.003 0.5000000000
90767  11.595  5.626  66.762 0.5000000000
90768  10.490  6.177  66.475 0.5000000000
86780  58.188  0.663  47.777 0.3750000000
83315  57.997  -3.417  43.168 0.3750000000
91390  20.127  6.501  81.973 0.6250000000
92074  19.839  7.431  81.715 0.6250000000
90661  25.082  6.005  79.774 0.6250000000
91398  25.051  6.859  79.573 0.5000000000
90662  24.399  5.554  79.371 0.6250000000
90670  23.027  5.805  78.694 0.6250000000
89845  24.159  4.794  79.529 0.6250000000
92080  19.945  7.367  80.548 0.6250000000
92792  19.592  8.848  83.308 0.6250000000
144496  19.209  9.450  83.734 0.6250000000
133759  25.395  7.398  80.353 0.5000000000
90655  25.483  5.795  80.606 0.6250000000
141929  16.946  10.052  83.887 0.6250000000
93519  27.632  9.248  82.733 0.5000000000
92797  26.856  8.981  82.653 0.5000000000
148815  17.289  8.038  82.456 0.6250000000
92077  17.000  7.958  81.637 0.6250000000
92082  17.257  7.414  80.973 0.6250000000
143446  17.125  7.535  80.255 0.5000000000
90691  17.778  5.683  74.942 0.6250000000
90683  18.164  5.626  76.570 0.6250000000
89882  17.833  4.525  73.750 0.6250000000
133559  17.951  4.741  74.575 0.6250000000
90703  17.502  5.243  72.696 0.6250000000
89887  17.667  4.493  72.979 0.6250000000
90738  15.111  4.866  68.697 0.6250000000
90754  12.821  5.573  67.906 0.6250000000
84992  55.646  -2.021  44.830 0.3750000000
92092  22.999  7.252  78.254 0.5000000000
92803  19.727  8.130  80.125 0.6250000000
92808  20.012  8.251  79.050 0.6250000000
93525  18.929  9.551  81.574 0.6250000000
131021  19.182  9.340  82.547 0.6250000000
92085  25.144  7.794  79.794 0.5000000000
92086  24.751  8.170  79.176 0.5000000000
92094  21.379  7.400  78.171 0.6250000000
92809  19.417  9.010  79.729 0.6250000000
92079  25.493  8.185  80.758 0.5000000000
92802  25.763  9.099  81.196 0.5000000000
92798  26.198  8.502  81.679 0.5000000000
137600  24.705  8.949  79.331 0.5000000000
92826  20.691  8.774  77.458 0.5000000000
94310  26.125  10.669  81.379 0.5000000000
92795  15.999  9.120  82.833 0.5000000000
92805  16.153  8.449  80.601 0.5000000000
129845  16.804  7.775  78.928 0.5000000000
92106  17.032  7.581  78.107 0.6250000000
92112  17.471  7.223  76.804 0.6250000000
127160  17.814  6.458  76.294 0.6250000000
92118  17.237  7.140  75.851 0.6250000000
91425  17.311  6.593  74.990 0.6250000000
91438  16.831  6.625  73.336 0.6250000000
91445  17.319  6.052  72.938 0.6250000000
90704  17.118  5.784  72.191 0.6250000000
85891  59.585  0.264  44.725 0.3750000000
94311  18.399  10.219  80.369 0.6250000000
93544  23.709  9.177  78.135 0.3750000000
92823  22.971  8.542  77.749 0.5000000000
145816  19.362  9.703  77.588 0.5000000000
93546  18.809  9.885  78.767 0.5000000000
134767  16.768  10.573  83.313 0.6250000000
93538  24.449  9.482  78.961 0.3750000000
94338  22.618  9.940  77.166 0.3750000000
93554  21.254  9.208  77.042 0.5000000000
94293  16.290  10.417  83.674 0.5000000000
94319  24.784  10.341  79.440 0.3750000000
93568  21.065  9.549  76.398 0.3750000000
93517  15.410  10.416  83.502 0.5000000000
95100  25.991  11.406  80.882 0.3750000000
145179  15.209  9.873  83.253 0.5000000000
92801  15.738  8.878  81.497 0.5000000000
148769  15.356  8.476  76.533 0.5000000000
92120  15.873  7.968  75.280 0.5000000000
133233  16.152  7.536  74.437 0.5000000000
94322  17.148  10.968  80.150 0.5000000000
142241  17.861  10.545  79.045 0.5000000000
94304  16.749  10.868  82.468 0.5000000000
94329  18.230  10.382  78.392 0.5000000000
95090  15.175  11.181  83.302 0.5000000000
94336  24.260  10.855  78.269 0.3750000000
94349  22.368  10.324  76.540 0.2500000000
94362  22.112  10.623  75.841 0.2500000000
94339  19.072  10.127  77.141 0.3750000000
94352  19.394  10.200  76.315 0.3750000000
94341  17.517  10.862  77.657 0.5000000000
94295  14.825  10.835  83.489 0.5000000000
95127  24.210  11.737  77.282 0.3750000000
95842  24.949  12.035  78.635 0.3750000000
95129  22.862  10.942  76.254 0.2500000000
94374  21.096  10.607  74.628 0.2500000000
125847  19.674  10.536  75.003 0.2500000000
95091  14.220  11.288  83.422 0.5000000000
94298  14.037  10.831  83.400 0.5000000000
95108  25.966  12.158  80.369 0.3750000000
94305  13.692  10.471  82.649 0.5000000000
93541  14.431  9.420  79.614 0.5000000000
93548  14.408  9.268  78.718 0.5000000000
92126  15.543  8.046  74.542 0.5000000000
145113  16.612  11.201  79.650 0.5000000000
132616  14.926  11.673  81.686 0.5000000000
147264  17.112  11.218  76.852 0.3750000000
94366  18.619  10.705  75.670 0.3750000000
95824  13.854  12.156  82.009 0.5000000000
95140  23.031  11.992  74.950 0.2500000000
94375  20.293  10.655  74.352 0.2500000000
95143  18.111  11.141  75.013 0.3750000000
125871  24.595  12.387  77.035 0.2500000000
93535  13.738  9.857  80.109 0.5000000000
94306  12.766  10.715  82.056 0.5000000000
92851  14.334  8.752  74.645 0.5000000000
123358  15.529  11.652  78.855 0.5000000000
95111  15.051  11.754  79.638 0.5000000000
95122  16.495  11.409  77.349 0.5000000000
95117  15.957  11.452  78.131 0.5000000000
95103  14.532  11.928  80.632 0.5000000000
95836  14.247  12.218  79.608 0.5000000000
95144  17.327  11.461  75.216 0.2500000000
95145  16.513  11.748  75.499 0.3750000000
95876  22.564  12.173  74.047 0.1250000000
95887  21.528  12.384  73.052 0.1250000000
95165  19.637  11.441  73.280 0.2500000000
145619  12.936  12.369  82.681 0.5000000000
95825  12.213  12.806  82.468 0.5000000000
95856  25.016  12.998  76.700 0.1250000000
96483  24.867  13.259  75.683 0.1250000000
95885  22.870  12.832  73.716 0.1250000000
95874  23.963  13.121  74.561 0.1250000000
95886  22.164  12.580  73.382 0.1250000000
94315  12.289  10.737  80.988 0.5000000000
94307  11.825  11.281  81.853 0.5000000000
147030  11.652  11.819  82.759 0.5000000000
94325  11.614  10.681  79.477 0.5000000000
135850  11.476  10.513  78.492 0.5000000000
95843  14.417  12.421  78.036 0.5000000000
95844  13.973  12.527  78.737 0.5000000000
95837  13.475  12.754  79.530 0.5000000000
95891  17.579  12.251  73.665 0.1250000000
95878  16.412  12.762  74.240 0.1250000000
95889  19.248  12.100  72.886 0.2500000000
95900  20.457  12.454  72.667 0.1250000000
96516  19.058  12.920  72.824 0.1250000000
97086  20.438  14.090  72.767 0.1250000000
96491  24.540  13.596  74.721 0.1250000000
96513  21.879  13.808  72.873 0.1250000000
96500  22.430  13.316  73.223 0.1250000000
95822  11.091  12.842  82.425 0.5000000000
93561  11.745  9.880  76.929 0.5000000000
125817  10.636  12.286  77.739 0.5000000000
93581  11.995  9.246  75.591 0.5000000000
139626  10.539  11.611  76.545 0.5000000000
94369  10.589  10.345  75.697 0.5000000000
135474  16.139  13.735  74.098 0.1250000000
95851  14.008  12.929  77.313 0.3750000000
96458  12.891  13.379  79.569 0.5000000000
126174  17.694  13.823  73.446 0.1250000000
96459  12.315  13.926  80.456 0.5000000000
97085  21.263  14.188  72.810 0.1250000000
133379  18.006  14.588  73.535 0.1250000000
125324  11.903  15.230  79.774 0.3750000000
97056  25.805  14.744  75.339 0.1250000000
96490  24.863  14.298  74.572 0.1250000000
97073  23.497  14.394  73.622 0.1250000000
140020  22.645  14.115  73.203 0.1250000000
97064  24.265  14.275  74.143 0.1250000000
96451  11.147  13.359  82.198 0.5000000000
139455  10.570  13.706  79.127 0.5000000000
96484  14.974  13.705  75.390 0.2500000000
138872  20.191  14.784  73.265 0.1250000000
97635  19.629  15.265  73.653 0.2500000000
97636  18.641  15.078  73.584 0.2500000000
97637  17.838  15.141  73.794 0.2500000000
97065  16.605  14.622  74.037 0.2500000000
97035  10.999  15.391  81.398 0.3750000000
148747  22.135  15.364  73.580 0.1250000000
140103  21.377  15.403  73.643 0.1250000000
146407  22.759  14.960  73.415 0.1250000000
98172  27.074  16.629  75.826 0.1250000000
98149  10.941  16.698  80.606 0.3750000000
98171  28.182  16.740  76.552 0.1250000000
98161  29.450  16.861  77.214 0.1250000000
97598  29.676  16.108  77.413 0.1250000000
99293  29.093  18.512  77.099 0.1250000000
97046  10.990  14.755  77.710 0.3750000000
98721  29.910  17.575  76.326 0.1250000000
98160  30.032  16.900  77.146 0.1250000000
99292  29.385  19.177  77.009 0.1250000000
98733  28.509  17.751  74.643 0.1250000000
98200  28.596  16.914  74.226 0.1250000000
97626  16.295  15.413  74.576 0.2500000000
97601  14.105  15.843  76.522 0.2500000000
97602  13.540  15.289  76.873 0.2500000000
97045  12.589  15.613  78.317 0.2500000000
97622  19.924  15.971  74.384 0.2500000000
97633  21.887  15.937  74.039 0.1250000000
98195  17.608  16.240  74.889 0.1250000000
98182  15.483  16.532  76.220 0.2500000000
98736  23.356  16.938  74.804 0.1250000000
141619  11.742  17.012  79.966 0.2500000000
141955  11.400  17.589  80.086 0.2500000000
98725  25.662  17.355  75.473 0.1250000000
98152  11.316  17.325  80.156 0.3750000000
97596  11.243  15.487  77.344 0.3750000000
99321  28.284  18.528  75.024 0.1250000000
99310  28.903  19.016  75.803 0.1250000000
98201  27.934  16.546  73.529 0.1250000000
98741  27.689  17.257  73.944 0.1250000000
132640  26.465  18.212  74.128 0.1250000000
98743  25.905  17.733  73.584 0.1250000000
98165  16.940  17.258  77.488 0.1250000000
97623  19.042  15.808  74.325 0.2500000000
98193  19.336  16.348  75.065 0.1250000000
98178  19.144  16.707  76.135 0.1250000000
98168  13.706  16.459  77.342 0.2500000000
98729  20.843  17.493  76.794 0.1250000000
98155  14.822  17.885  78.271 0.2500000000
98728  22.734  17.500  75.562 0.1250000000
98699  12.615  18.546  79.002 0.2500000000
99311  25.244  18.086  75.871 0.1250000000
99278  11.976  18.778  79.102 0.2500000000
98708  11.688  18.520  78.824 0.2500000000
99850  27.748  19.522  77.337 0.1250000000
98720  11.456  18.322  77.403 0.2500000000
143341  28.823  19.485  77.264 0.1250000000
99859  28.744  19.695  76.321 0.1250000000
135632  11.453  16.298  77.022 0.3750000000
137046  27.202  18.741  74.689 0.1250000000
136552  11.676  16.089  76.168 0.3750000000
98748  25.403  17.240  73.128 0.1250000000
98216  24.451  16.324  71.869 0.1250000000
98749  24.546  17.645  72.840 0.1250000000
98716  19.987  17.266  77.835 0.1250000000
98717  19.324  17.258  78.176 0.1250000000
98714  21.815  17.767  76.532 0.1250000000
99313  23.320  18.179  75.972 0.1250000000
99297  23.845  18.700  76.570 0.1250000000
142302  14.607  18.773  77.809 0.2500000000
99306  13.861  19.095  77.884 0.2500000000
99856  13.086  19.309  76.794 0.2500000000
99841  27.347  20.274  77.433 0.1250000000
99860  27.845  20.121  75.894 0.1250000000
101014  27.988  21.634  76.851 0.1250000000
99331  24.594  18.453  73.335 0.1250000000
99299  21.937  18.295  77.436 0.1250000000
99282  21.337  18.330  78.752 0.1250000000
99287  15.363  18.213  78.080 0.2500000000
99853  24.355  19.376  77.035 0.1250000000
99842  26.175  20.126  77.503 0.1250000000
101005  27.548  21.748  77.266 0.1250000000
137718  27.173  21.784  75.957 0.1250000000
133477  24.639  19.303  73.727 0.1250000000
99286  17.570  17.940  78.276 0.2500000000
99847  21.183  18.836  78.938 0.1250000000
98703  19.901  17.689  78.810 0.1250000000
99844  23.747  19.850  77.667 0.1250000000
145639  24.362  20.616  77.584 0.1250000000
100413  25.794  20.859  77.555 0.1250000000
101558  26.189  22.523  76.858 0.1250000000
101563  26.895  22.657  76.494 0.1250000000
141342  26.493  22.263  75.317 0.1250000000
99848  20.399  18.539  78.503 0.1250000000
100406  21.926  20.297  80.121 0.1250000000
101559  24.681  22.228  77.039 0.1250000000
124626  16.294  19.118  74.259 0.2500000000
101564  26.129  23.348  76.192 0.1250000000
139899  20.853  21.475  78.884 0.1250000000
99855  20.140  19.547  77.001 0.1250000000
99324  17.775  18.805  75.031 0.2500000000
99872  18.055  19.386  74.290 0.2500000000
101553  22.180  22.172  79.368 0.1250000000
100999  21.862  21.037  80.198 0.1250000000
99884  17.579  19.720  73.567 0.2500000000
126620  23.419  21.850  77.514 0.1250000000
99895  16.195  19.964  72.814 0.2500000000
102153  25.342  23.832  76.160 0.1250000000
101000  21.252  21.676  80.012 0.1250000000
101020  19.413  21.290  74.897 0.2500000000
100427  18.696  20.584  74.048 0.2500000000
143873  22.636  23.577  77.888 0.1250000000
100430  18.343  20.786  73.329 0.2500000000
102746  23.867  24.528  76.783 0.1250000000
100431  17.851  20.338  73.078 0.2500000000
145263  17.460  20.565  72.556 0.2500000000
100452  16.790  21.171  71.573 0.2500000000
101552  19.912  23.289  79.786 0.1250000000
102144  20.509  23.191  79.954 0.1250000000
102147  21.297  23.381  79.564 0.1250000000
101574  18.543  22.236  73.528 0.2500000000
101030  17.855  21.679  72.356 0.2500000000
101579  17.693  22.403  72.035 0.2500000000
102752  24.272  25.021  75.442 0.1250000000
102173  17.420  23.230  71.877 0.2500000000
102174  16.854  23.233  71.104 0.2500000000
102753  23.455  25.369  75.851 0.1250000000
102169  17.637  23.543  72.711 0.2500000000
102766  16.844  24.759  73.487 0.2500000000
102758  24.353  24.807  74.556 0.1250000000
103376  22.527  25.132  73.270 0.1250000000
132591  15.575  25.608  71.810 0.2500000000
80619  56.988  -5.766  46.425 0.6250000000
70371  17.601  -16.723  87.281 0.7500000000
71332  16.943  -16.084  86.226 0.7500000000
71326  16.388  -16.035  86.756 0.7500000000
70372  16.489  -16.355  87.461 0.7500000000
64069  22.662  -22.464  89.023 0.5000000000
67276  11.576  -18.598  92.106 0.7500000000
66189  11.110  -19.072  91.108 0.6250000000
68283  11.932  -18.381  92.388 0.6250000000
138244  11.181  -19.495  90.680 0.6250000000
70345  13.265  -17.267  91.686 0.7500000000
69291  12.524  -17.892  92.686 0.6250000000
66203  10.999  -19.825  89.944 0.5000000000
66204  10.167  -19.604  89.515 0.7500000000
70359  14.638  -16.619  89.858 0.7500000000
70350  14.368  -17.027  90.698 0.7500000000
138939  9.957  -19.691  88.588 0.6250000000
70377  17.011  -16.385  86.970 0.7500000000
71327  15.822  -16.064  87.357 0.7500000000
70366  15.746  -16.595  88.610 0.7500000000
124039  10.469  -19.821  86.961 0.5000000000
70376  17.568  -16.489  86.527 0.8750000000
66227  9.843  -19.883  85.986 0.5000000000
65179  10.558  -20.607  83.435 0.3750000000
66250  10.385  -20.265  84.379 0.3750000000
65192  10.734  -20.857  82.540 0.2500000000
72342  37.188  -14.167  79.316 0.6250000000
72350  37.529  -14.568  78.705 0.6250000000
64068  23.644  -22.556  88.898 0.5000000000
138021  22.343  -21.579  88.969 0.6250000000
64063  21.873  -22.255  89.228 0.5000000000
66190  21.089  -21.032  89.748 0.6250000000
69293  11.359  -17.918  92.265 0.7500000000
68284  11.140  -18.193  92.096 0.7500000000
67281  10.268  -18.501  91.026 0.7500000000
70343  11.862  -17.483  92.224 0.7500000000
148509  10.527  -18.843  90.870 0.7500000000
70361  13.100  -16.507  90.476 0.7500000000
67286  9.832  -18.869  90.329 0.7500000000
70370  18.261  -16.954  86.856 0.7500000000
70367  14.898  -16.462  88.914 0.7500000000
71313  13.983  -16.222  89.234 0.7500000000
66205  9.458  -19.394  89.030 0.7500000000
66196  9.749  -19.264  89.776 0.7500000000
124035  15.118  -15.801  87.413 0.7500000000
66212  9.206  -19.543  88.190 0.6250000000
70375  18.019  -16.633  86.150 0.8750000000
125239  16.372  -15.690  86.000 0.7500000000
71331  17.487  -16.191  85.669 0.8750000000
65166  9.686  -20.488  83.758 0.3750000000
66240  9.192  -19.877  85.332 0.5000000000
64111  8.957  -21.444  81.791 0.3750000000
65193  9.245  -21.097  82.554 0.3750000000
64119  8.633  -21.634  81.085 0.2500000000
64118  9.281  -21.664  81.068 0.2500000000
65132  23.310  -21.766  88.820 0.5000000000
73332  37.212  -13.948  78.656 0.7500000000
65137  22.927  -21.105  88.513 0.7500000000
72349  37.649  -14.214  77.962 0.7500000000
61967  23.994  -23.343  88.693 0.5000000000
72357  38.274  -14.520  77.283 0.7500000000
66198  21.553  -20.407  89.066 0.7500000000
65133  21.765  -21.092  89.193 0.6250000000
66199  20.718  -20.115  89.413 0.7500000000
67288  21.193  -19.644  88.595 0.8750000000
67294  20.365  -19.034  88.248 0.7500000000
70348  10.314  -17.271  91.516 0.7500000000
69299  10.291  -17.813  91.529 0.7500000000
68288  10.547  -18.167  91.627 0.7500000000
149110  19.593  -18.258  87.337 0.8750000000
70352  12.271  -16.423  90.831 0.7500000000
145061  11.348  -17.097  91.984 0.7500000000
68289  10.011  -18.161  91.113 0.7500000000
69315  19.185  -17.880  87.154 0.8750000000
71314  12.605  -16.029  90.005 0.7500000000
70346  12.010  -16.895  91.659 0.7500000000
67287  9.249  -18.626  90.081 0.7500000000
69319  18.514  -17.075  86.104 0.8750000000
126841  18.890  -17.547  86.684 0.8750000000
71321  13.723  -15.713  88.482 0.7500000000
130607  13.330  -16.206  89.798 0.7500000000
67291  9.153  -19.019  89.440 0.7500000000
69323  18.619  -17.126  85.362 0.8750000000
124874  14.320  -15.658  87.702 0.7500000000
66213  8.726  -19.378  87.691 0.7500000000
70379  18.133  -16.587  85.528 0.8750000000
71338  15.910  -15.349  85.623 0.7500000000
66252  8.813  -20.063  84.682 0.5000000000
66229  8.379  -19.623  86.262 0.5000000000
70380  17.744  -16.118  84.941 0.8750000000
123591  17.199  -15.680  84.872 0.8750000000
71337  16.844  -15.726  85.474 0.8750000000
130355  16.399  -15.440  85.342 0.7500000000
66264  7.765  -20.270  83.503 0.5000000000
65168  8.476  -20.378  84.042 0.5000000000
71345  17.506  -15.672  84.309 0.8750000000
139064  8.103  -21.552  81.092 0.3750000000
133215  8.320  -20.850  82.770 0.5000000000
64128  7.392  -21.741  80.003 0.2500000000
64127  7.739  -22.024  79.942 0.2500000000
64074  23.984  -21.914  88.642 0.7500000000
73337  37.906  -13.963  77.331 0.7500000000
141195  21.926  -20.155  88.505 0.7500000000
72365  38.781  -14.575  76.451 0.7500000000
68302  20.232  -18.748  87.442 0.8750000000
69303  9.786  -17.683  91.103 0.7500000000
149963  19.886  -18.459  87.019 0.8750000000
70353  11.295  -16.480  91.290 0.7500000000
70354  10.404  -16.523  91.261 0.7500000000
68293  9.430  -18.205  90.618 0.7500000000
68305  19.559  -18.173  86.582 0.8750000000
134229  12.035  -15.600  89.449 0.7500000000
68294  8.828  -18.279  89.968 0.7500000000
69322  19.066  -17.624  85.937 0.8750000000
123643  13.054  -15.674  89.203 0.7500000000
67296  8.402  -19.142  87.988 0.7500000000
67301  8.383  -19.290  87.022 0.7500000000
146078  17.894  -16.156  84.405 0.8750000000
70387  18.237  -16.589  84.825 0.8750000000
71339  15.125  -15.303  85.888 0.7500000000
71334  14.703  -15.529  86.772 0.7500000000
67319  7.989  -19.551  85.067 0.6250000000
66242  8.151  -19.639  85.675 0.6250000000
65195  7.784  -20.707  82.590 0.5000000000
72304  17.043  -15.072  84.142 0.8750000000
71346  16.683  -15.320  84.795 0.8750000000
65209  7.248  -21.278  80.823 0.3750000000
65196  7.106  -20.666  81.775 0.5000000000
72305  16.471  -14.848  84.213 0.8750000000
134114  7.030  -21.995  79.333 0.2500000000
64073  24.499  -22.497  88.528 0.5000000000
65136  23.626  -21.470  88.306 0.8750000000
144598  24.265  -24.070  88.264 0.5000000000
65135  24.255  -21.859  88.162 0.7500000000
73358  39.449  -14.341  75.142 0.7500000000
63046  24.896  -23.315  88.477 0.5000000000
66207  22.472  -20.477  88.183 0.8750000000
73344  38.856  -14.294  75.980 0.7500000000
73345  38.321  -14.107  76.729 0.7500000000
67293  21.924  -19.827  87.988 0.8750000000
67299  20.864  -19.239  87.002 0.8750000000
148571  40.163  -14.645  75.173 0.7500000000
72377  39.488  -14.726  75.688 0.7500000000
70355  9.681  -16.742  90.845 0.7500000000
73356  41.897  -14.349  74.792 0.7500000000
68310  20.112  -18.670  86.047 0.8750000000
71310  10.749  -15.847  90.616 0.7500000000
71311  9.957  -15.815  90.614 0.7500000000
69308  8.557  -17.575  89.745 0.7500000000
69309  8.106  -17.570  89.122 0.7500000000
68311  19.566  -18.197  85.642 0.8750000000
71315  11.079  -15.395  89.695 0.7500000000
68298  8.278  -18.283  89.123 0.7500000000
69314  7.921  -17.879  88.618 0.7500000000
126379  19.085  -17.708  85.103 0.8750000000
146273  13.006  -15.480  88.425 0.7500000000
68301  7.972  -18.430  88.257 0.7500000000
69318  7.690  -17.713  87.737 0.7500000000
69333  18.634  -17.182  84.552 0.8750000000
71335  13.764  -15.403  86.962 0.7500000000
68303  7.789  -18.508  87.384 0.7500000000
67312  7.713  -19.193  85.304 0.6250000000
68312  7.500  -18.869  85.858 0.6250000000
72298  15.481  -15.026  85.032 0.8750000000
135160  7.104  -19.758  82.944 0.6250000000
67320  7.608  -19.386  84.451 0.6250000000
71344  17.794  -15.939  83.836 0.8750000000
138116  6.587  -20.104  81.405 0.6250000000
138438  6.864  -19.956  82.249 0.6250000000
71356  17.402  -15.289  83.642 0.8750000000
66289  6.776  -20.759  80.816 0.3750000000
140121  16.669  -14.643  83.677 0.8750000000
67356  6.661  -19.860  79.671 0.3750000000
65214  7.040  -21.357  80.052 0.2500000000
131279  29.164  -23.555  84.165 0.6250000000
64080  24.832  -22.255  88.033 0.7500000000
66206  23.104  -20.963  87.879 0.8750000000
144779  24.827  -24.507  87.742 0.5000000000
66215  22.521  -20.311  87.519 0.8750000000
67303  21.399  -19.643  86.551 0.8750000000
67311  20.560  -19.158  85.650 0.8750000000
67304  20.680  -19.174  86.340 0.8750000000
71316  10.304  -15.319  90.100 0.7500000000
71318  9.060  -15.188  89.708 0.7500000000
70368  8.011  -15.895  89.099 0.7500000000
70362  8.337  -16.778  89.415 0.7500000000
72374  42.204  -14.840  74.949 0.7500000000
68319  20.037  -18.711  85.271 0.8750000000
72282  11.655  -14.870  88.194 0.8750000000
72283  10.944  -14.684  88.789 0.7500000000
70363  7.858  -16.984  88.605 0.7500000000
71406  43.240  -15.639  74.822 0.5000000000
68320  19.515  -18.292  84.800 0.8750000000
72289  12.110  -14.792  87.488 0.8750000000
138697  7.629  -16.815  87.711 0.7500000000
124846  7.337  -17.172  86.934 0.7500000000
69332  19.043  -17.814  84.252 0.8750000000
72288  12.866  -15.030  87.207 0.8750000000
69320  7.445  -17.975  86.773 0.7500000000
72299  14.583  -14.916  85.263 0.7500000000
72300  13.593  -14.726  85.537 0.8750000000
69325  7.462  -18.162  85.440 0.6250000000
69324  7.418  -18.138  86.095 0.7500000000
69342  18.581  -17.238  83.657 0.8750000000
70395  18.226  -16.567  84.096 0.8750000000
69344  7.331  -17.876  83.693 0.6250000000
69335  7.459  -18.070  84.645 0.6250000000
70400  18.091  -16.415  83.297 0.8750000000
72306  15.854  -14.723  84.282 0.8750000000
67341  6.679  -19.354  81.743 0.6250000000
67333  6.885  -19.284  82.596 0.6250000000
72316  16.153  -14.415  83.577 0.8750000000
133872  6.495  -19.994  80.532 0.5000000000
71363  17.669  -15.676  83.272 0.8750000000
131043  6.967  -19.159  79.379 0.5000000000
130133  6.686  -19.056  80.231 0.5000000000
64083  29.614  -22.812  85.715 0.7500000000
61997  28.889  -23.514  84.950 0.7500000000
61998  28.324  -24.040  85.363 0.7500000000
60969  28.527  -23.975  83.833 0.6250000000
60961  27.900  -24.444  85.041 0.5000000000
63045  25.604  -23.403  88.063 0.6250000000
65142  23.797  -21.430  87.713 0.8750000000
66214  23.285  -20.856  87.212 0.8750000000
60980  27.389  -24.665  83.696 0.3750000000
60953  25.202  -25.158  86.260 0.5000000000
60929  25.244  -24.746  87.188 0.6250000000
64072  25.304  -22.767  88.172 0.6250000000
59912  26.511  -25.330  82.402 0.3750000000
127886  25.049  -25.752  84.496 0.2500000000
66222  22.377  -20.234  86.768 0.8750000000
67298  21.751  -19.712  87.257 0.8750000000
141184  25.955  -25.619  81.788 0.2500000000
59897  24.727  -25.914  83.719 0.2500000000
135397  41.442  -13.639  74.332 0.7500000000
73373  42.455  -13.459  74.551 0.7500000000
59931  25.453  -25.681  81.228 0.2500000000
129291  21.063  -19.524  85.955 0.8750000000
72285  9.385  -13.788  88.760 0.7500000000
73273  8.986  -13.782  88.896 0.7500000000
72291  10.395  -13.912  87.919 0.8750000000
72280  9.549  -14.330  89.165 0.7500000000
71324  8.517  -15.041  89.267 0.7500000000
71325  8.132  -15.026  88.678 0.7500000000
73355  42.830  -14.183  74.896 0.7500000000
73354  43.584  -14.145  74.881 0.7500000000
67318  20.471  -19.214  84.918 0.8750000000
72290  11.311  -14.318  87.480 0.8750000000
73278  10.661  -13.725  87.231 0.8750000000
71330  7.897  -15.128  87.824 0.7500000000
71417  43.799  -15.814  74.240 0.5000000000
68327  19.457  -18.426  83.965 0.8750000000
68326  19.914  -18.845  84.507 0.8750000000
72302  11.816  -14.202  85.952 0.8750000000
72296  11.241  -13.978  86.585 0.8750000000
70374  7.507  -16.132  87.174 0.7500000000
72301  12.613  -14.490  85.776 0.8750000000
125208  7.366  -17.333  86.141 0.7500000000
69341  18.997  -17.968  83.437 0.8750000000
72308  13.945  -14.549  84.656 0.8750000000
142147  18.692  -17.551  83.023 0.8750000000
73286  14.236  -14.327  83.886 0.8750000000
72307  14.981  -14.603  84.320 0.8750000000
145151  7.452  -17.399  84.179 0.6250000000
132571  18.422  -17.055  82.982 0.8750000000
72317  15.564  -14.402  83.722 0.8750000000
69350  7.216  -17.710  82.657 0.6250000000
68334  7.054  -18.598  83.087 0.6250000000
69348  18.519  -17.390  82.384 0.8750000000
69358  7.300  -17.981  81.251 0.6250000000
70409  17.745  -16.156  81.869 0.8750000000
70401  17.729  -15.863  82.684 0.8750000000
71364  17.338  -15.032  82.840 0.8750000000
68355  7.179  -18.544  79.760 0.6250000000
69365  7.275  -18.166  80.467 0.6250000000
64084  29.449  -22.829  86.232 0.7500000000
61989  28.787  -23.577  85.691 0.7500000000
61990  27.987  -23.905  85.815 0.7500000000
61982  27.544  -23.845  86.267 0.7500000000
60971  27.266  -24.598  84.529 0.5000000000
61991  27.410  -24.096  86.009 0.5000000000
61975  26.190  -23.742  87.302 0.6250000000
65141  24.492  -21.946  87.586 0.7500000000
59881  26.740  -24.901  84.030 0.3750000000
60963  26.256  -24.833  85.360 0.5000000000
60952  25.893  -24.848  85.965 0.5000000000
60940  25.535  -24.841  86.579 0.6250000000
61976  25.541  -24.163  87.682 0.6250000000
59894  26.863  -25.043  83.207 0.3750000000
59882  26.182  -25.316  84.201 0.3750000000
135624  25.668  -25.539  84.564 0.3750000000
59860  25.576  -25.192  85.622 0.5000000000
59895  26.257  -25.427  83.345 0.3750000000
66223  21.689  -20.094  85.850 0.8750000000
74407  42.019  -12.405  74.199 0.7500000000
73280  9.127  -12.703  88.349 0.8750000000
73276  8.671  -13.252  88.483 0.7500000000
67317  20.868  -19.859  84.429 0.8750000000
67310  21.053  -19.628  85.297 0.8750000000
141099  10.499  -13.152  86.578 0.8750000000
73279  9.856  -13.174  87.616 0.8750000000
72287  8.212  -14.324  88.277 0.7500000000
73371  44.213  -13.786  74.678 0.7500000000
130617  20.278  -19.345  84.246 0.8750000000
73284  11.253  -13.507  85.636 0.8750000000
72292  7.989  -14.232  87.537 0.7500000000
136745  7.656  -15.131  86.913 0.7500000000
71424  44.356  -15.065  73.090 0.6250000000
70378  7.372  -16.700  86.419 0.7500000000
67325  19.840  -19.085  83.723 0.8750000000
73287  13.328  -14.153  84.021 0.8750000000
72309  12.945  -14.372  84.893 0.8750000000
146354  7.375  -16.898  85.499 0.7500000000
68333  18.901  -18.053  82.670 0.8750000000
73294  13.893  -13.784  83.177 0.8750000000
132981  7.486  -16.767  84.155 0.7500000000
70388  7.379  -16.812  84.956 0.7500000000
73293  14.925  -14.183  83.424 0.8750000000
69349  7.396  -16.892  82.088 0.7500000000
70402  7.491  -16.097  82.280 0.7500000000
73291  16.080  -14.053  82.992 0.8750000000
69357  7.439  -17.122  81.186 0.6250000000
148597  18.203  -16.874  81.927 0.8750000000
70408  18.135  -16.626  82.537 0.8750000000
72314  17.021  -14.686  83.383 0.8750000000
72315  16.494  -14.334  83.140 0.8750000000
69372  7.602  -17.883  79.812 0.6250000000
69364  7.624  -17.352  80.444 0.6250000000
72326  16.752  -14.374  82.650 0.8750000000
126316  7.613  -18.569  79.166 0.5000000000
135897  17.407  -15.382  82.151 0.8750000000
69371  8.080  -17.691  79.468 0.5000000000
65160  28.702  -21.430  84.803 0.8750000000
64085  28.891  -22.548  86.211 0.7500000000
139716  28.590  -23.080  86.439 0.7500000000
63058  27.588  -23.424  86.526 0.7500000000
61983  26.965  -23.818  86.741 0.7500000000
63052  25.960  -23.038  87.684 0.7500000000
64079  25.356  -22.559  87.621 0.7500000000
67323  28.429  -19.365  83.542 0.8750000000
60938  27.008  -24.186  86.408 0.6250000000
146144  23.946  -21.441  87.248 0.8750000000
60951  26.816  -24.466  85.858 0.5000000000
60939  26.314  -24.522  86.444 0.6250000000
66221  23.045  -20.877  86.609 0.8750000000
136321  42.879  -11.753  74.477 0.7500000000
66247  21.611  -20.205  84.910 0.8750000000
74319  8.522  -12.709  88.103 0.7500000000
74323  8.348  -12.483  87.763 0.7500000000
74406  43.654  -12.261  74.627 0.7500000000
74324  9.742  -12.440  87.182 0.8750000000
74320  9.298  -12.334  87.951 0.8750000000
73281  8.110  -13.295  87.332 0.7500000000
73370  44.860  -13.407  74.295 0.7500000000
73386  45.244  -13.724  73.784 0.7500000000
66261  20.497  -19.754  83.488 0.8750000000
72297  7.761  -14.222  86.559 0.7500000000
73395  45.183  -13.713  72.985 0.7500000000
72403  44.562  -14.327  72.687 0.6250000000
128085  19.925  -19.355  82.911 0.8750000000
73289  11.616  -13.343  84.682 0.8750000000
134353  7.568  -15.147  86.154 0.7500000000
72413  43.193  -14.950  71.951 0.3750000000
73295  12.780  -13.465  83.506 0.8750000000
73288  12.402  -13.759  84.337 0.8750000000
68338  19.217  -18.605  82.170 0.8750000000
67326  19.399  -18.642  83.049 0.8750000000
132964  7.517  -16.083  84.141 0.7500000000
73292  15.618  -14.054  83.120 0.8750000000
70396  7.528  -16.054  83.211 0.7500000000
68339  18.776  -18.045  81.882 0.8750000000
71372  7.506  -15.479  81.585 0.7500000000
126186  7.517  -14.957  81.695 0.7500000000
69356  18.436  -17.418  81.544 0.8750000000
70418  7.711  -16.395  80.659 0.7500000000
124717  7.513  -15.623  80.997 0.7500000000
70417  8.237  -16.333  80.174 0.7500000000
70416  17.637  -16.078  80.930 0.8750000000
71371  17.389  -15.358  81.424 0.8750000000
72333  16.952  -14.587  81.838 0.8750000000
70427  8.637  -16.512  79.807 0.7500000000
68362  8.444  -18.345  78.754 0.5000000000
66257  27.922  -20.338  83.330 0.8750000000
66246  28.396  -21.009  83.993 0.8750000000
65153  28.170  -22.084  85.292 0.8750000000
64086  27.964  -22.898  86.416 0.7500000000
63051  26.611  -23.362  86.959 0.7500000000
64078  26.192  -22.933  87.127 0.7500000000
64088  25.597  -22.587  86.810 0.8750000000
65171  27.487  -21.486  83.610 0.8750000000
65140  24.894  -22.304  87.103 0.8750000000
66268  26.939  -20.209  82.137 0.8750000000
66267  27.422  -20.048  82.720 0.8750000000
65146  24.349  -21.808  86.916 0.8750000000
65147  23.714  -21.318  86.733 0.8750000000
67336  26.937  -19.398  81.678 0.8750000000
65188  22.960  -21.666  82.405 0.8750000000
147039  22.734  -21.055  85.110 0.8750000000
65156  23.296  -21.418  85.803 0.8750000000
75462  42.167  -11.135  74.402 0.7500000000
129941  21.407  -20.707  81.083 0.8750000000
66280  21.656  -20.938  81.781 0.8750000000
66270  22.104  -21.151  82.541 0.8750000000
66288  20.868  -20.380  80.660 0.8750000000
66271  21.206  -20.449  82.741 0.8750000000
130243  21.441  -20.491  84.204 0.8750000000
75395  9.651  -11.004  86.182 0.8750000000
75392  9.659  -11.705  86.777 0.8750000000
74405  44.337  -12.851  74.562 0.7500000000
67339  20.199  -19.802  81.155 0.8750000000
66281  20.821  -20.299  81.720 0.8750000000
74331  11.286  -12.616  84.294 0.8750000000
74332  10.706  -12.265  84.805 0.8750000000
74328  10.586  -12.733  85.607 0.8750000000
73369  45.303  -13.022  73.956 0.7500000000
67348  19.593  -19.324  80.702 0.8750000000
67340  19.581  -19.199  81.654 0.8750000000
66272  20.505  -19.892  82.585 0.8750000000
74336  11.574  -12.293  83.591 0.8750000000
131384  7.623  -14.110  85.007 0.7500000000
72412  43.782  -14.087  72.067 0.5000000000
68345  19.105  -18.661  81.306 0.8750000000
67332  19.590  -19.080  82.399 0.8750000000
74335  12.279  -12.706  83.159 0.8750000000
74330  11.908  -13.057  83.863 0.8750000000
72424  42.945  -14.291  71.511 0.3750000000
142118  13.982  -13.286  82.436 0.8750000000
74334  13.123  -13.122  82.717 0.8750000000
72425  42.059  -14.421  70.888 0.2500000000
73304  14.918  -13.612  82.617 0.8750000000
72327  7.511  -14.696  82.231 0.7500000000
70423  17.817  -16.806  80.446 0.8750000000
70415  18.047  -16.787  81.256 0.8750000000
71377  7.945  -15.477  80.534 0.7500000000
128028  8.611  -15.764  80.026 0.7500000000
71376  17.308  -15.313  80.539 0.8750000000
128049  16.418  -13.911  81.979 0.8750000000
125895  8.337  -16.975  79.785 0.5000000000
143623  8.857  -17.343  79.396 0.6250000000
65161  27.874  -21.797  84.463 0.8750000000
64100  27.389  -22.280  85.012 0.8750000000
128414  27.155  -22.834  86.131 0.8750000000
64087  26.423  -22.784  86.388 0.8750000000
66258  26.997  -21.054  82.784 0.8750000000
65172  26.600  -21.953  83.331 0.8750000000
64101  26.843  -22.258  84.269 0.8750000000
65154  24.903  -22.267  86.357 0.8750000000
66276  26.418  -20.130  81.475 0.8750000000
128891  24.166  -21.964  83.013 0.8750000000
65155  24.185  -21.840  86.067 0.8750000000
67338  26.105  -19.915  80.750 0.8750000000
65202  22.517  -21.409  81.688 0.8750000000
65187  23.821  -21.936  82.316 0.8750000000
65174  23.428  -21.730  83.164 0.8750000000
134608  22.959  -21.696  84.038 0.8750000000
65157  23.323  -21.576  84.737 0.8750000000
65175  22.555  -21.328  83.333 0.8750000000
149435  22.807  -21.339  84.568 0.8750000000
77552  10.004  -9.801  85.173 0.8750000000
75460  44.363  -10.707  74.496 0.7500000000
66259  21.729  -20.827  83.483 0.8750000000
65164  22.194  -21.012  84.385 0.8750000000
76508  10.731  -10.322  83.951 0.8750000000
76505  10.311  -10.532  84.662 0.8750000000
138860  44.541  -11.742  74.512 0.7500000000
66260  21.082  -20.333  83.685 0.8750000000
75401  10.819  -11.062  83.986 0.8750000000
75398  10.491  -11.450  84.685 0.8750000000
74403  45.421  -12.310  73.685 0.7500000000
141870  45.210  -12.868  72.628 0.7500000000
75399  11.956  -11.930  82.953 0.8750000000
73285  7.775  -13.293  85.508 0.7500000000
74424  45.181  -12.178  72.504 0.7500000000
74435  44.596  -12.608  72.095 0.7500000000
68353  18.972  -18.650  80.304 0.8750000000
67331  20.066  -19.607  82.087 0.8750000000
74339  12.665  -12.340  82.483 0.8750000000
73415  43.373  -13.647  71.556 0.5000000000
139907  18.534  -17.951  80.346 0.8750000000
138425  13.545  -12.657  82.120 0.8750000000
73416  42.744  -13.758  71.080 0.3750000000
68346  18.669  -18.035  81.041 0.8750000000
74338  15.327  -13.197  81.923 0.8750000000
127020  14.480  -12.951  81.914 0.8750000000
72438  41.516  -14.311  70.226 0.2500000000
69370  17.677  -16.843  79.698 0.8750000000
69363  18.302  -17.401  80.767 0.8750000000
71469  41.300  -14.718  70.290 0.2500000000
73314  15.968  -13.377  81.913 0.8750000000
73303  15.736  -13.684  82.527 0.8750000000
73302  16.232  -13.941  82.551 0.8750000000
70424  17.491  -16.071  79.889 0.8750000000
73312  16.567  -13.799  81.342 0.8750000000
134041  17.130  -14.759  81.048 0.8750000000
64095  26.674  -22.587  85.387 0.8750000000
64096  25.716  -22.511  85.798 0.8750000000
66269  26.239  -21.166  81.971 0.8750000000
65184  26.272  -21.748  82.688 0.8750000000
64106  26.084  -22.360  83.811 0.8750000000
64102  25.780  -22.458  84.634 0.8750000000
66278  24.959  -21.204  80.903 0.8750000000
66277  25.752  -20.781  81.168 0.8750000000
127021  25.812  -22.189  83.204 0.8750000000
144043  25.482  -22.341  83.822 0.8750000000
125353  24.851  -22.254  84.313 0.8750000000
65162  24.917  -22.231  85.341 0.8750000000
65201  23.423  -21.682  81.612 0.8750000000
65186  24.683  -22.005  82.355 0.8750000000
65173  24.903  -22.227  83.281 0.8750000000
127479  23.911  -22.030  83.943 0.8750000000
65163  24.104  -21.865  85.020 0.8750000000
66284  25.459  -20.445  80.400 0.8750000000
67346  25.173  -20.038  79.678 0.8750000000
66279  22.139  -21.029  80.964 0.8750000000
67352  24.855  -19.551  79.058 0.8750000000
76561  45.001  -10.304  74.157 0.7500000000
67355  19.611  -19.398  79.692 0.8750000000
67347  20.182  -20.010  80.151 0.8750000000
76507  11.223  -10.594  83.309 0.8750000000
75474  45.532  -11.496  73.402 0.7500000000
75481  44.851  -11.715  72.214 0.7500000000
149549  12.168  -10.879  82.299 0.8750000000
75400  11.343  -11.500  83.432 0.8750000000
68354  18.563  -18.199  79.630 0.8750000000
75403  13.110  -11.882  81.896 0.8750000000
149531  43.939  -12.695  71.717 0.6250000000
74346  14.014  -12.166  81.587 0.8750000000
74446  43.335  -13.085  71.289 0.5000000000
73427  41.959  -13.886  70.514 0.2500000000
139827  18.108  -17.484  79.916 0.8750000000
74344  15.646  -12.850  81.508 0.8750000000
133264  41.355  -14.033  69.816 0.2500000000
71389  17.428  -15.752  79.002 0.8750000000
139055  16.847  -14.225  81.046 0.8750000000
65199  25.284  -21.591  81.674 0.8750000000
65185  25.557  -21.914  82.468 0.8750000000
65200  24.353  -21.747  81.583 0.8750000000
65213  23.064  -21.247  80.868 0.8750000000
66285  24.652  -20.814  80.157 0.8750000000
76562  44.284  -9.825  74.395 0.8750000000
67353  24.091  -19.886  78.652 0.8750000000
77563  12.002  -9.626  82.554 0.8750000000
77558  11.434  -9.876  82.957 0.8750000000
76575  45.341  -10.125  73.670 0.7500000000
75480  45.413  -11.496  72.799 0.7500000000
68360  19.071  -18.828  79.233 0.8750000000
76510  12.358  -10.244  82.100 0.8750000000
137727  44.248  -12.142  71.752 0.7500000000
132975  18.206  -17.824  79.180 0.8750000000
133781  12.841  -10.216  81.522 0.8750000000
75404  12.372  -11.539  82.336 0.8750000000
75491  43.818  -11.691  71.529 0.6250000000
74447  42.852  -12.517  70.912 0.5000000000
75409  13.517  -11.476  81.416 0.8750000000
74436  43.591  -12.376  71.404 0.6250000000
70434  17.585  -16.474  78.987 0.8750000000
75407  15.236  -11.647  80.711 0.8750000000
74345  15.017  -12.406  81.391 0.8750000000
74448  41.971  -12.589  70.460 0.3750000000
74455  41.243  -12.643  69.839 0.2500000000
137653  15.599  -12.420  81.075 0.8750000000
73428  41.693  -13.378  70.134 0.2500000000
73429  40.997  -13.492  69.497 0.2500000000
71383  17.228  -15.202  79.548 0.8750000000
73313  16.263  -13.401  81.503 0.8750000000
73442  39.999  -14.285  68.602 0.1250000000
72339  16.904  -14.498  80.261 0.8750000000
65212  24.040  -21.310  80.832 0.8750000000
66286  23.704  -21.158  79.989 0.8750000000
66287  21.628  -20.893  80.262 0.8750000000
66293  23.408  -20.616  79.285 0.8750000000
66295  21.048  -20.438  79.594 0.8750000000
77615  44.132  -9.048  74.328 0.8750000000
66300  23.227  -20.319  78.622 0.8750000000
67354  20.236  -19.981  79.116 0.8750000000
77614  45.060  -9.416  73.983 0.8750000000
66301  22.567  -20.366  78.293 0.8750000000
76581  45.577  -10.584  73.190 0.7500000000
76593  44.668  -11.064  72.128 0.7500000000
75490  44.370  -11.537  71.821 0.7500000000
69382  17.794  -17.257  79.090 0.8750000000
77566  13.811  -9.943  80.604 0.8750000000
76513  13.483  -10.685  81.045 0.8750000000
75492  43.068  -11.793  71.204 0.6250000000
75498  42.205  -11.786  70.786 0.6250000000
76516  14.442  -10.712  80.588 0.8750000000
131904  17.322  -15.140  78.579 0.8750000000
75408  14.281  -11.569  81.031 0.8750000000
75499  41.358  -11.828  70.318 0.3750000000
74456  40.509  -12.709  69.275 0.1250000000
72345  17.034  -14.456  79.159 0.8750000000
74343  16.055  -12.819  81.224 0.8750000000
73435  40.355  -13.583  68.825 0.1250000000
127641  16.725  -13.787  79.718 0.8750000000
73319  16.620  -13.636  80.566 0.8750000000
73320  16.393  -13.130  80.980 0.8750000000
141830  21.899  -20.823  79.549 0.8750000000
126092  22.594  -21.168  79.929 0.8750000000
78564  43.801  -8.370  74.356 0.8750000000
66294  22.557  -20.651  79.094 0.8750000000
67364  19.636  -19.451  78.674 0.8750000000
68370  19.052  -18.911  78.270 0.8750000000
68361  18.551  -18.335  78.775 0.8750000000
66302  21.734  -20.321  77.986 0.8750000000
69381  18.010  -17.774  78.420 0.8750000000
77636  45.454  -9.868  72.874 0.7500000000
77637  45.237  -9.105  72.759 0.7500000000
135291  17.645  -16.990  78.218 0.8750000000
76594  44.053  -10.876  71.719 0.7500000000
68394  20.566  -19.093  75.764 0.8750000000
125953  17.514  -16.000  78.124 0.8750000000
135449  14.686  -9.782  80.339 0.8750000000
148808  13.591  -9.456  80.923 0.8750000000
125532  13.260  -9.760  81.177 0.8750000000
137615  43.308  -11.140  71.429 0.6250000000
72353  17.273  -14.355  78.192 0.8750000000
76515  15.364  -10.657  80.288 0.8750000000
130437  41.502  -11.004  70.748 0.6250000000
75505  40.615  -11.878  69.773 0.3750000000
73334  17.029  -13.681  78.778 0.8750000000
74463  39.814  -12.700  68.589 0.1250000000
75412  16.286  -12.058  80.071 0.8750000000
74353  16.186  -12.619  80.639 0.8750000000
149201  16.558  -13.323  80.008 0.8750000000
74364  16.436  -12.854  80.229 0.8750000000
132335  21.757  -20.536  78.848 0.8750000000
67362  20.927  -20.064  77.691 0.8750000000
69393  18.098  -17.490  77.348 0.8750000000
133096  45.201  -7.945  73.402 0.7500000000
67371  21.018  -19.712  76.950 0.8750000000
67382  20.383  -19.327  76.540 0.8750000000
70444  17.725  -16.644  77.533 0.8750000000
78576  45.499  -9.073  73.057 0.7500000000
134566  43.889  -9.985  71.781 0.6250000000
76596  42.448  -10.005  71.362 0.6250000000
76605  41.690  -10.120  71.050 0.6250000000
75500  40.676  -11.061  70.279 0.5000000000
75506  39.945  -11.905  69.214 0.1250000000
75413  15.914  -11.406  80.195 0.8750000000
75514  39.468  -11.845  68.672 0.1250000000
145480  16.599  -12.354  79.615 0.8750000000
66303  20.944  -20.262  78.558 0.8750000000
67373  19.629  -19.382  77.782 0.8750000000
68371  18.490  -18.331  77.875 0.8750000000
79486  44.046  -7.342  73.931 0.7500000000
67383  19.717  -19.078  76.958 0.8750000000
141341  19.724  -18.829  76.018 0.8750000000
78590  44.908  -8.230  72.535 0.7500000000
77638  44.274  -9.178  72.200 0.7500000000
77646  43.082  -9.304  71.644 0.7500000000
76606  40.840  -10.181  70.636 0.5000000000
76522  16.020  -10.580  79.816 0.8750000000
134067  40.002  -11.100  69.685 0.5000000000
75507  39.406  -11.132  69.061 0.2500000000
75419  16.421  -11.198  79.699 0.7500000000
75515  38.933  -11.299  68.363 0.1250000000
74363  16.963  -12.321  78.894 0.8750000000
73327  16.745  -13.026  79.391 0.8750000000
67363  20.206  -19.925  78.159 0.8750000000
127074  19.113  -18.754  77.430 0.8750000000
68380  19.144  -18.493  76.629 0.8750000000
79485  44.880  -7.236  73.436 0.7500000000
79502  45.145  -7.288  72.657 0.7500000000
78597  43.735  -8.280  71.986 0.7500000000
78598  42.515  -8.169  71.298 0.6250000000
77655  40.365  -9.314  70.362 0.5000000000
76610  40.089  -10.241  70.104 0.5000000000
75418  16.714  -11.714  79.348 0.7500000000
76618  38.853  -10.316  68.725 0.2500000000
77699  51.970  -8.856  65.566 0.8750000000
77721  51.390  -8.990  65.334 0.8750000000
78666  51.403  -8.256  64.832 0.8750000000
76639  51.983  -9.646  65.753 0.8750000000
76741  54.799  -10.248  56.970 0.7500000000
77809  55.238  -9.745  56.744 0.5000000000
128509  44.519  -7.509  72.211 0.7500000000
78607  41.560  -8.526  70.883 0.6250000000
78608  40.832  -8.455  70.471 0.5000000000
77662  39.735  -9.410  69.712 0.5000000000
76611  39.483  -10.279  69.434 0.5000000000
77671  38.708  -9.343  68.091 0.3750000000
77678  38.359  -9.733  67.353 0.3750000000
75516  38.413  -10.554  67.768 0.1250000000
79577  51.377  -7.379  64.288 0.8750000000
78645  52.163  -7.904  65.390 0.8750000000
78657  51.752  -8.139  65.325 0.8750000000
79576  51.671  -7.404  65.153 0.8750000000
81443  51.338  -5.700  64.577 0.8750000000
77720  52.574  -9.445  65.245 0.8750000000
77719  53.245  -9.275  64.564 0.8750000000
76663  53.266  -10.191  64.556 0.8750000000
77744  53.759  -9.581  63.734 0.8750000000
148262  54.068  -9.147  63.142 0.8750000000
77813  55.627  -9.099  56.442 0.6250000000
77814  54.750  -9.395  55.902 0.5000000000
142739  41.642  -7.364  69.656 0.6250000000
78615  40.173  -8.567  69.781 0.5000000000
79537  40.268  -8.060  68.803 0.5000000000
78616  39.688  -8.737  69.176 0.5000000000
77677  38.772  -8.995  67.139 0.3750000000
138849  51.902  -6.611  65.370 0.8750000000
80474  51.538  -6.562  64.890 0.8750000000
81444  50.962  -4.890  64.383 0.8750000000
79556  52.185  -7.073  65.346 0.8750000000
79564  52.629  -7.541  65.030 0.8750000000
78656  52.764  -8.498  65.004 0.8750000000
79563  52.954  -7.138  64.198 0.8750000000
79575  53.494  -7.680  63.380 0.8750000000
78665  53.952  -8.502  63.049 0.8750000000
78683  53.616  -8.617  62.635 0.8750000000
78684  52.955  -7.914  62.380 0.8750000000
78703  52.973  -8.668  62.000 0.8750000000
78717  51.890  -8.738  60.555 0.8750000000
78704  52.233  -8.113  61.510 0.8750000000
77815  53.891  -9.619  55.511 0.5000000000
77823  53.479  -9.183  54.952 0.5000000000
77824  52.659  -9.351  54.852 0.3750000000
78749  54.258  -8.983  55.207 0.5000000000
78754  53.083  -8.713  54.471 0.2500000000
78622  39.909  -8.028  67.998 0.3750000000
78629  39.378  -8.504  67.613 0.3750000000
78628  40.201  -8.015  67.234 0.3750000000
77689  38.327  -9.601  66.646 0.3750000000
80464  51.741  -5.868  65.207 0.8750000000
83186  50.828  -3.566  64.756 0.8750000000
81418  52.030  -5.611  65.407 0.8750000000
80456  52.182  -6.342  65.349 0.8750000000
136499  52.402  -5.858  65.119 0.8750000000
80414  10.531  -6.948  71.792 0.6250000000
79517  10.775  -8.344  71.846 0.6250000000
80463  52.541  -6.686  65.037 0.8750000000
80473  52.881  -6.249  64.228 0.8750000000
132324  53.161  -4.024  63.609 0.7500000000
80425  10.640  -6.299  71.026 0.6250000000
80413  10.927  -7.536  71.563 0.6250000000
79525  11.609  -7.787  71.055 0.6250000000
82343  53.241  -4.838  63.544 0.8750000000
145106  53.429  -4.378  62.896 0.8750000000
82372  53.065  -3.933  62.260 0.8750000000
80432  11.330  -6.457  70.341 0.6250000000
79534  11.954  -7.174  70.378 0.6250000000
80472  53.356  -6.713  63.397 0.8750000000
81441  53.372  -5.744  63.376 0.8750000000
136269  53.164  -4.875  62.446 0.8750000000
82373  52.431  -3.959  61.548 0.7500000000
83199  52.170  -3.240  61.351 0.7500000000
79586  53.613  -7.109  63.017 0.8750000000
80489  53.538  -6.422  62.892 0.8750000000
79603  52.519  -7.152  61.997 0.8750000000
80506  52.285  -6.337  61.609 0.7500000000
81474  52.081  -5.535  61.335 0.7500000000
79615  51.064  -7.258  60.443 0.8750000000
80518  51.475  -6.351  60.994 0.7500000000
78733  52.434  -9.028  58.642 0.7500000000
139964  51.755  -8.871  59.037 0.7500000000
129756  51.243  -8.200  60.039 0.7500000000
78739  52.563  -8.531  57.949 0.7500000000
78740  51.632  -8.458  58.393 0.7500000000
79631  50.857  -7.805  58.309 0.7500000000
79639  51.649  -7.849  57.519 0.7500000000
78744  56.346  -8.666  56.876 0.7500000000
78748  55.110  -8.752  55.636 0.6250000000
79640  50.721  -7.490  57.547 0.7500000000
78753  53.825  -8.547  54.633 0.3750000000
81427  52.254  -5.069  65.172 0.8750000000
83177  51.116  -3.384  65.080 0.7500000000
139086  50.761  -1.061  64.437 0.7500000000
83175  52.411  -3.757  64.498 0.7500000000
81442  52.816  -5.363  64.346 0.7500000000
86673  46.888  0.404  61.408 0.3750000000
81383  9.942  -5.630  70.925 0.6250000000
83190  53.310  -3.062  62.368 0.7500000000
83985  53.270  -2.301  62.013 0.7500000000
86674  46.000  0.719  61.161 0.2500000000
87636  45.537  1.542  61.353 0.2500000000
88501  45.149  2.161  61.631 0.2500000000
87628  44.574  2.265  62.223 0.2500000000
149401  11.561  -9.439  70.474 0.6250000000
84860  52.264  -1.000  61.300 0.5000000000
84862  51.305  -1.109  60.657 0.2500000000
86675  45.130  0.854  61.037 0.2500000000
142305  44.026  1.681  62.113 0.2500000000
80433  10.617  -5.777  70.222 0.6250000000
78613  12.223  -8.006  70.283 0.5000000000
83198  53.010  -3.118  61.867 0.7500000000
83986  52.667  -2.424  61.597 0.6250000000
83994  51.816  -2.681  61.114 0.5000000000
139317  50.987  -1.961  60.487 0.5000000000
85728  45.566  0.087  60.878 0.2500000000
86676  44.331  0.773  61.092 0.2500000000
144239  11.887  -6.635  69.771 0.5000000000
83207  51.304  -3.292  60.757 0.5000000000
84878  50.186  -1.662  60.173 0.2500000000
86689  49.653  0.479  59.629 0.2500000000
79533  12.372  -7.291  69.443 0.5000000000
78620  12.467  -8.304  69.354 0.5000000000
80519  50.712  -6.362  60.318 0.7500000000
134691  51.016  -4.741  60.636 0.7500000000
84879  49.291  -1.727  59.594 0.2500000000
86690  48.863  0.579  59.338 0.2500000000
87655  48.113  2.321  57.887 0.1250000000
89297  48.171  4.255  56.544 0.1250000000
78627  12.614  -8.743  68.529 0.5000000000
79626  51.134  -8.246  59.167 0.7500000000
147631  50.817  -7.685  59.666 0.7500000000
81489  50.454  -5.505  60.227 0.6250000000
143519  49.896  -2.988  59.877 0.3750000000
84880  48.835  -1.016  59.412 0.2500000000
86692  48.089  0.567  58.867 0.2500000000
90089  47.495  4.469  56.374 0.1250000000
79627  50.488  -7.442  59.064 0.7500000000
80532  50.015  -6.394  59.393 0.7500000000
82398  49.495  -4.287  59.427 0.7500000000
84005  48.903  -2.493  59.376 0.3750000000
84893  48.014  -1.094  59.070 0.2500000000
87651  47.853  1.487  58.346 0.2500000000
88514  48.144  2.848  57.197 0.2500000000
90110  46.976  4.116  55.821 0.1250000000
90090  46.675  4.607  56.308 0.1250000000
80548  50.059  -7.120  58.176 0.7500000000
80549  49.503  -6.279  58.378 0.7500000000
80533  49.561  -5.705  59.047 0.7500000000
83228  49.082  -3.841  59.215 0.7500000000
84021  48.273  -2.528  58.970 0.3750000000
85753  47.641  -0.270  58.780 0.3750000000
86693  47.313  0.556  58.388 0.3750000000
88515  47.524  2.702  56.700 0.1250000000
90091  45.729  4.624  56.331 0.1250000000
90074  44.119  4.777  57.157 0.1250000000
78743  56.714  -8.100  57.049 0.7500000000
81532  49.029  -6.054  57.669 0.7500000000
81520  49.149  -5.536  58.492 0.7500000000
133843  48.555  -4.089  58.650 0.6250000000
84894  47.284  -1.080  58.566 0.3750000000
85754  46.874  -0.243  58.333 0.3750000000
87657  46.793  1.418  57.341 0.2500000000
87666  47.018  2.094  56.869 0.2500000000
142663  46.507  3.708  55.382 0.1250000000
79653  55.467  -8.099  55.491 0.7500000000
78752  54.591  -8.319  54.976 0.5000000000
83244  47.955  -3.920  58.256 0.6250000000
84023  46.971  -1.810  58.158 0.3750000000
86694  46.630  0.556  57.785 0.3750000000
87667  46.474  1.694  56.630 0.2500000000
88520  46.853  2.609  56.068 0.2500000000
90113  44.446  4.301  55.682 0.1250000000
78758  53.378  -8.040  54.132 0.3750000000
78759  52.637  -8.190  53.974 0.3750000000
87675  46.211  1.962  55.935 0.1250000000
88529  46.223  2.547  55.353 0.1250000000
140110  45.829  3.837  55.127 0.1250000000
78760  51.678  -8.309  53.869 0.2500000000
86712  45.565  0.306  56.744 0.2500000000
87676  45.588  1.738  55.402 0.1250000000
86463  24.532  0.682  79.745 0.3750000000
85579  23.668  0.084  79.477 0.2500000000
86467  23.378  0.527  78.684 0.2500000000
86466  24.089  0.965  79.059 0.2500000000
86474  23.048  0.875  77.986 0.1250000000
87444  23.771  1.280  78.331 0.1250000000
87455  23.472  1.579  77.604 0.1250000000
87454  24.244  1.922  77.893 0.1250000000
83176  51.699  -3.758  64.917 0.7500000000
83973  51.447  -2.027  64.710 0.7500000000
84824  51.088  -1.541  64.698 0.7500000000
85704  50.706  -0.279  64.152 0.5000000000
88498  47.665  2.500  61.629 0.3750000000
89274  47.128  3.192  61.735 0.3750000000
83972  52.399  -2.166  63.803 0.7500000000
84830  52.948  -1.392  62.956 0.7500000000
88499  46.792  2.421  61.571 0.3750000000
88500  45.918  2.274  61.576 0.2500000000
89267  45.795  3.352  62.423 0.2500000000
83185  52.926  -3.090  63.498 0.7500000000
83979  53.221  -2.285  62.615 0.7500000000
84847  52.998  -1.378  61.836 0.5000000000
86683  52.081  0.361  60.751 0.3750000000
87642  52.165  1.724  60.531 0.1250000000
87635  46.555  1.482  61.398 0.2500000000
89268  45.012  2.899  62.828 0.2500000000
88480  44.369  2.374  63.354 0.2500000000
88481  43.801  1.982  63.873 0.2500000000
86684  51.613  0.905  60.491 0.1250000000
88507  50.734  2.910  59.563 0.1250000000
90054  49.799  4.916  58.429 0.1250000000
90870  49.223  5.414  58.497 0.1250000000
126471  43.238  1.657  63.386 0.2500000000
134097  50.552  0.857  59.997 0.1250000000
87649  49.313  2.216  58.903 0.1250000000
90055  49.078  5.044  57.735 0.1250000000
90871  48.475  5.425  58.117 0.1250000000
87646  49.586  1.398  59.456 0.1250000000
88510  49.281  3.024  58.344 0.1250000000
143802  48.465  5.093  57.350 0.1250000000
90872  47.513  5.542  58.371 0.1250000000
87650  48.607  2.227  58.405 0.1250000000
90069  48.621  4.639  57.159 0.1250000000
90884  47.829  5.297  57.434 0.1250000000
148558  46.093  5.306  58.000 0.1250000000
90071  47.244  5.032  56.874 0.1250000000
90072  46.169  5.039  57.134 0.1250000000
78644  13.159  -8.780  67.063 0.3750000000
90073  45.107  4.858  57.125 0.1250000000
90888  43.925  4.910  58.043 0.1250000000
80555  49.530  -6.646  57.471 0.7500000000
90056  43.039  5.013  58.350 0.1250000000
78747  55.943  -8.447  56.196 0.7500000000
145265  56.218  -7.925  56.053 0.7500000000
79647  51.067  -7.230  56.866 0.7500000000
79648  50.170  -7.112  57.104 0.7500000000
82410  48.287  -4.657  58.060 0.7500000000
90092  44.761  4.597  56.366 0.1250000000
137035  43.391  4.768  57.579 0.1250000000
90057  42.062  4.870  58.282 0.1250000000
81521  48.637  -5.360  57.902 0.7500000000
83245  47.392  -3.565  57.714 0.3750000000
143681  46.466  -1.652  57.766 0.3750000000
85763  46.310  -0.321  57.752 0.3750000000
90093  43.267  4.640  56.866 0.1250000000
90058  41.157  4.727  58.290 0.1250000000
79657  54.066  -7.842  54.402 0.5000000000
79662  52.920  -7.474  53.604 0.5000000000
90075  42.584  4.685  57.458 0.1250000000
127183  42.033  4.603  56.982 0.1250000000
90077  40.797  4.518  57.413 0.1250000000
79670  52.463  -6.954  52.988 0.3750000000
79663  52.108  -7.637  53.434 0.2500000000
83246  46.766  -3.169  57.295 0.3750000000
84903  46.080  -1.105  57.564 0.3750000000
85764  45.742  -0.441  57.231 0.3750000000
79671  51.579  -7.226  52.720 0.2500000000
84904  45.520  -1.294  57.017 0.3750000000
85771  45.183  -0.592  56.689 0.1250000000
81567  53.056  -5.434  51.957 0.3750000000
124823  52.260  -5.826  51.769 0.3750000000
80589  52.525  -5.291  51.281 0.3750000000
82467  54.291  -4.619  51.334 0.5000000000
81570  53.699  -4.898  51.633 0.3750000000
82474  54.658  -4.478  50.679 0.3750000000
82475  53.830  -4.610  50.868 0.3750000000
82485  54.127  -4.484  50.021 0.3750000000
82495  54.526  -4.478  49.134 0.3750000000
81600  54.813  -4.788  47.621 0.3750000000
137243  52.956  -5.283  47.762 0.1250000000
80622  52.880  -5.791  45.821 0.1250000000
80632  53.100  -6.668  45.261 0.1250000000
79714  52.356  -7.194  45.065 0.1250000000
79722  52.115  -7.853  43.926 0.1250000000
77885  52.073  -8.989  43.045 0.1250000000
76841  52.719  -9.855  41.678 0.1250000000
147260  52.979  -10.436  41.416 0.1250000000
85565  26.368  -0.081  82.065 0.5000000000
85566  25.481  -0.733  81.697 0.5000000000
85575  24.265  -0.907  80.632 0.5000000000
85574  24.917  -0.324  80.909 0.3750000000
124850  24.333  -0.102  80.221 0.3750000000
86462  25.145  1.146  79.890 0.2500000000
87431  24.848  1.363  79.307 0.3750000000
87443  24.542  1.636  78.611 0.2500000000
88352  24.982  2.292  78.173 0.2500000000
88362  23.936  2.246  77.181 0.1250000000
88361  24.690  2.539  77.475 0.1250000000
87471  23.123  1.919  76.901 0.1250000000
88373  23.629  2.602  76.357 0.1250000000
87625  50.818  1.966  63.342 0.5000000000
130831  50.047  2.249  62.664 0.5000000000
88488  49.474  2.820  62.337 0.3750000000
89264  48.541  3.849  62.286 0.3750000000
89265  47.562  3.986  62.208 0.3750000000
84831  51.901  -1.401  64.136 0.6250000000
86654  51.368  0.606  63.840 0.5000000000
88497  48.562  2.547  61.844 0.3750000000
89273  48.016  3.243  61.838 0.3750000000
89266  46.617  3.687  62.149 0.3750000000
89254  46.235  3.959  62.910 0.3750000000
89255  45.482  3.487  63.367 0.2500000000
129444  52.810  0.258  62.463 0.5000000000
89256  44.789  2.994  63.864 0.1250000000
85713  52.868  -0.554  62.676 0.6250000000
144432  53.202  -1.098  62.215 0.7500000000
134666  52.832  1.070  61.358 0.5000000000
88504  52.598  2.537  60.740 0.2500000000
89280  51.520  3.700  59.904 0.1250000000
88477  44.228  2.491  64.341 0.2500000000
87609  43.690  2.117  64.770 0.2500000000
88505  51.602  2.537  60.188 0.1250000000
90044  51.083  4.628  59.482 0.1250000000
90855  49.869  5.503  59.081 0.1250000000
87619  43.154  1.750  64.305 0.1250000000
87610  42.450  1.501  64.719 0.1250000000
90045  50.528  5.114  59.106 0.2500000000
141032  48.203  5.736  58.934 0.1250000000
90857  47.153  5.748  59.448 0.1250000000
90858  45.967  5.676  59.466 0.1250000000
90845  44.391  5.831  60.104 0.1250000000
90874  45.578  5.380  58.671 0.1250000000
90875  44.609  5.221  58.556 0.1250000000
90861  43.148  5.522  59.316 0.1250000000
78643  13.359  -8.248  66.407 0.3750000000
90876  43.764  5.239  58.713 0.1250000000
90862  42.330  5.834  59.673 0.1250000000
80454  12.995  -6.951  66.144 0.3750000000
79562  13.381  -7.677  65.803 0.3750000000
90877  42.323  5.285  59.037 0.1250000000
90863  41.108  5.749  59.511 0.1250000000
90864  40.320  5.765  59.568 0.1250000000
78746  56.601  -8.017  56.676 0.7500000000
79634  56.827  -7.505  57.156 0.7500000000
79646  52.169  -7.223  56.682 0.7500000000
80565  49.685  -6.540  56.718 0.7500000000
90879  40.674  5.200  58.947 0.1250000000
80563  51.406  -6.672  56.240 0.6250000000
138148  49.084  -6.312  57.009 0.7500000000
142222  48.211  -5.125  57.369 0.5000000000
90880  39.815  5.220  58.999 0.1250000000
79656  54.936  -7.463  54.828 0.6250000000
79660  54.134  -7.073  54.280 0.5000000000
79661  53.541  -7.229  53.923 0.3750000000
80564  50.513  -6.684  56.425 0.5000000000
81541  49.223  -5.869  56.400 0.6250000000
82423  47.697  -4.474  57.363 0.5000000000
90059  40.213  4.719  58.295 0.1250000000
80577  53.149  -6.682  53.259 0.3750000000
81550  49.018  -5.386  55.870 0.5000000000
82428  48.022  -5.097  56.628 0.5000000000
83249  47.099  -3.894  56.920 0.5000000000
84043  46.130  -2.749  56.957 0.3750000000
82439  47.722  -4.619  55.910 0.5000000000
82429  47.510  -4.441  56.557 0.5000000000
84044  45.414  -2.217  56.613 0.2500000000
84910  44.916  -1.421  56.459 0.2500000000
80584  52.757  -6.227  52.518 0.3750000000
83257  47.576  -3.991  55.359 0.5000000000
83251  45.795  -3.052  56.259 0.2500000000
82484  55.095  -4.453  49.878 0.6250000000
128847  55.532  -4.512  49.074 0.6250000000
82494  55.046  -4.535  48.354 0.5000000000
130381  53.825  -4.882  47.228 0.1250000000
133782  53.838  -5.335  46.368 0.2500000000
128707  53.935  -5.905  45.662 0.1250000000
144079  53.017  -7.284  44.761 0.1250000000
79728  52.828  -8.017  43.932 0.1250000000
78836  52.726  -8.620  42.778 0.1250000000
85556  26.984  -0.302  82.945 0.3750000000
86441  27.146  0.447  82.615 0.3750000000
87404  27.035  1.545  81.647 0.3750000000
86449  25.693  0.216  81.293 0.2500000000
86456  25.883  0.943  80.943 0.2500000000
87416  26.491  1.596  80.868 0.2500000000
87417  25.717  1.333  80.298 0.2500000000
87429  26.132  2.017  80.028 0.2500000000
88337  26.453  2.707  79.681 0.2500000000
87430  25.519  1.685  79.596 0.2500000000
88338  25.871  2.357  79.288 0.2500000000
88351  25.726  2.779  78.477 0.2500000000
88350  26.236  2.941  79.016 0.2500000000
88360  25.362  2.943  77.706 0.2500000000
125430  22.208  0.748  76.946 0.1250000000
88372  24.488  2.835  76.785 0.1250000000
89145  25.095  3.058  77.116 0.2500000000
88383  24.386  3.237  76.093 0.1250000000
90806  48.645  5.351  63.440 0.2500000000
143411  47.763  5.296  63.867 0.1250000000
89986  47.166  5.036  64.378 0.1250000000
89969  47.026  4.852  65.329 0.1250000000
125735  51.822  2.439  63.089 0.3750000000
89263  51.746  4.306  62.490 0.3750000000
128434  50.574  3.513  62.580 0.3750000000
134482  49.325  4.414  62.579 0.3750000000
90009  48.500  4.627  62.681 0.3750000000
149544  47.166  4.761  66.530 0.1250000000
89970  46.320  4.076  65.829 0.1250000000
86664  52.355  0.976  63.112 0.5000000000
87617  51.627  1.553  63.445 0.5000000000
88487  50.889  2.757  62.898 0.5000000000
137005  49.482  3.708  62.395 0.3750000000
90010  47.617  4.728  62.919 0.3750000000
90011  46.911  4.267  62.607 0.3750000000
89995  46.023  4.087  63.866 0.1250000000
89241  45.422  3.573  65.303 0.1250000000
88453  45.164  2.832  66.562 0.1250000000
89252  44.711  3.095  64.835 0.1250000000
88454  44.359  2.497  66.106 0.1250000000
88469  43.695  2.139  65.643 0.1250000000
88485  52.992  2.323  62.061 0.3750000000
87623  52.897  1.250  62.157 0.5000000000
88495  52.997  2.518  61.398 0.5000000000
89278  52.177  3.970  60.738 0.2500000000
146516  50.926  5.178  59.605 0.2500000000
88468  44.225  2.556  65.253 0.1250000000
87604  42.438  1.548  65.577 0.1250000000
90840  49.765  5.872  59.768 0.2500000000
127531  48.216  5.956  59.808 0.1250000000
91566  46.617  6.386  61.173 0.1250000000
90843  46.308  6.004  60.339 0.1250000000
90844  45.286  5.902  60.244 0.1250000000
91568  44.568  6.199  60.841 0.1250000000
90846  43.570  5.852  60.042 0.1250000000
80553  56.499  -6.787  57.345 0.7500000000
91575  40.831  6.417  59.962 0.1250000000
79651  56.732  -7.389  56.445 0.7500000000
79643  57.021  -7.441  56.970 0.7500000000
79652  55.993  -7.377  55.629 0.7500000000
80570  50.876  -6.167  55.794 0.5000000000
90865  39.541  5.599  59.675 0.1250000000
90866  38.736  5.267  59.694 0.1250000000
138630  51.278  -5.512  55.333 0.5000000000
81548  50.457  -5.530  55.440 0.5000000000
81549  49.647  -5.484  55.636 0.5000000000
80576  53.880  -6.325  53.642 0.5000000000
82436  50.077  -4.897  55.095 0.5000000000
82438  48.418  -5.057  55.831 0.5000000000
80583  53.431  -5.939  52.730 0.3750000000
82447  49.757  -4.393  54.738 0.5000000000
82448  48.382  -4.328  55.139 0.5000000000
81566  53.704  -5.296  52.262 0.5000000000
82466  55.053  -4.464  51.362 0.5000000000
82500  55.557  -4.788  47.864 0.5000000000
130834  54.028  -6.301  44.905 0.1250000000
127701  53.492  -7.561  44.046 0.1250000000
87391  27.388  1.225  82.432 0.5000000000
88326  26.794  2.402  80.436 0.2500000000
89119  27.590  3.462  80.477 0.2500000000
89128  26.709  3.394  79.272 0.2500000000
139420  26.359  3.545  78.442 0.2500000000
89144  25.770  3.625  77.119 0.2500000000
89139  25.906  3.424  77.882 0.2500000000
89151  25.124  3.430  76.501 0.1250000000
88385  22.948  2.569  75.589 0.1250000000
132740  25.047  3.801  75.759 0.1250000000
89968  48.019  5.788  65.175 0.1250000000
88384  23.759  3.107  75.565 0.1250000000
90820  49.862  5.313  63.208 0.1250000000
149626  47.031  4.719  67.271 0.1250000000
90008  50.607  4.629  62.626 0.3750000000
89235  46.400  4.105  66.760 0.1250000000
88486  52.541  2.892  62.412 0.5000000000
142547  51.836  3.310  62.634 0.3750000000
127908  45.658  3.475  66.199 0.1250000000
142328  44.659  2.268  66.964 0.1250000000
88455  43.832  2.012  66.499 0.1250000000
89262  52.470  3.965  62.201 0.3750000000
90829  52.054  5.445  61.722 0.2500000000
125371  43.173  1.658  66.831 0.1250000000
89261  52.987  3.245  61.886 0.3750000000
90032  51.972  4.813  61.107 0.2500000000
90838  51.759  5.594  61.167 0.2500000000
91553  46.995  6.772  61.896 0.1250000000
91541  45.650  6.819  62.639 0.1250000000
90854  50.587  5.604  59.856 0.2500000000
90841  49.160  6.227  60.119 0.2500000000
91565  48.338  6.389  60.646 0.2500000000
148875  45.279  6.574  62.004 0.1250000000
80558  57.135  -6.678  56.782 0.7500000000
80573  55.735  -6.542  55.123 0.7500000000
80562  52.274  -6.439  56.114 0.5000000000
80569  51.701  -6.049  55.717 0.5000000000
81547  52.069  -5.440  55.355 0.5000000000
81559  54.119  -5.486  52.873 0.5000000000
81555  51.692  -4.924  54.871 0.5000000000
127683  50.872  -4.966  54.868 0.5000000000
81565  54.398  -4.805  52.090 0.5000000000
82473  55.629  -4.428  50.605 0.6250000000
82483  56.116  -4.536  49.789 0.6250000000
82493  55.953  -4.704  48.379 0.5000000000
81591  56.246  -5.031  47.839 0.5000000000
81599  55.614  -5.092  47.367 0.5000000000
81610  54.794  -5.121  46.897 0.1250000000
80621  54.914  -5.536  46.203 0.1250000000
79721  54.231  -6.893  44.295 0.1250000000
78830  53.165  -8.113  43.352 0.1250000000
142682  26.668  4.125  78.126 0.2500000000
89138  26.910  4.008  78.771 0.2500000000
147952  26.585  4.383  77.261 0.2500000000
89862  26.374  4.276  76.869 0.2500000000
89158  24.415  3.546  75.452 0.1250000000
89150  25.833  4.197  76.175 0.2500000000
90805  49.764  6.158  64.074 0.1250000000
124930  48.827  6.025  64.530 0.1250000000
89955  47.950  5.727  66.425 0.1250000000
89873  25.776  4.574  74.579 0.1250000000
89157  25.592  4.361  75.364 0.1250000000
127628  51.266  5.857  63.215 0.1250000000
90804  50.693  6.348  63.781 0.1250000000
90786  48.845  6.631  65.425 0.1250000000
89236  45.815  3.499  67.084 0.1250000000
90007  51.724  5.295  62.603 0.3750000000
91513  49.740  7.287  64.860 0.1250000000
133248  49.584  6.836  64.930 0.1250000000
125018  45.401  2.793  67.450 0.1250000000
91512  50.263  7.530  64.378 0.1250000000
92208  49.086  7.911  64.180 0.1250000000
90818  51.965  5.481  62.203 0.2500000000
91536  51.335  6.933  62.606 0.2500000000
92216  50.840  7.362  63.551 0.2500000000
145279  42.482  1.509  67.089 0.1250000000
90830  51.786  6.147  61.901 0.2500000000
92217  49.443  7.728  63.423 0.2500000000
91538  48.699  7.281  62.407 0.1250000000
92220  46.208  7.176  63.327 0.1250000000
91551  49.323  6.591  61.028 0.2500000000
145337  47.819  6.880  61.897 0.1250000000
80552  57.115  -6.744  57.096 0.7500000000
80567  56.783  -6.631  56.007 0.7500000000
81536  56.799  -5.974  57.257 0.7500000000
148941  55.306  -5.689  56.856 0.6250000000
81554  55.574  -5.648  54.470 0.6250000000
80574  54.727  -6.449  54.341 0.5000000000
81558  54.693  -5.605  53.694 0.5000000000
126018  56.521  -4.733  48.994 0.6250000000
81598  56.388  -5.352  47.311 0.2500000000
81609  55.711  -5.389  46.774 0.2500000000
80631  54.936  -5.911  45.446 0.1250000000
80642  54.888  -6.353  44.624 0.1250000000
90660  27.588  5.287  79.303 0.2500000000
90654  27.963  5.438  80.206 0.2500000000
89852  26.993  4.535  78.246 0.2500000000
89229  46.067  3.539  67.989 0.1250000000
89228  46.525  4.207  67.607 0.1250000000
89868  26.232  4.798  75.243 0.1250000000
90770  48.521  6.686  66.230 0.1250000000
92180  49.112  7.432  65.189 0.1250000000
91499  48.417  7.082  66.385 0.1250000000
88447  44.893  2.255  67.877 0.1250000000
92209  47.995  7.737  64.217 0.1250000000
87575  43.992  1.821  67.476 0.1250000000
92218  48.286  7.627  63.341 0.1250000000
92210  46.894  7.520  64.107 0.1250000000
92211  45.932  7.183  63.995 0.1250000000
81535  57.252  -5.944  56.941 0.7500000000
81553  56.628  -5.672  55.448 0.7500000000
137156  56.120  -5.340  57.100 0.7500000000
81557  54.969  -4.981  52.884 0.5000000000
82452  55.606  -4.984  53.715 0.6250000000
126513  55.930  -4.608  52.869 0.6250000000
82460  55.436  -4.525  52.120 0.5000000000
127139  56.076  -4.354  51.381 0.6250000000
82465  56.837  -4.492  50.559 0.6250000000
81608  56.442  -5.552  46.761 0.2500000000
80620  55.965  -5.627  46.013 0.1250000000
79726  55.404  -6.868  43.525 0.1250000000
79720  54.953  -6.838  44.043 0.1250000000
79727  54.523  -7.294  43.535 0.1250000000
91394  28.089  6.252  80.624 0.2500000000
89942  47.085  5.032  67.960 0.1250000000
89221  46.151  3.706  68.943 0.1250000000
88446  45.622  2.844  68.385 0.1250000000
91488  48.112  6.689  67.063 0.1250000000
92173  48.095  7.183  66.678 0.1250000000
91500  47.273  7.270  66.606 0.1250000000
92194  48.769  7.692  64.954 0.1250000000
92195  47.697  7.612  65.154 0.1250000000
87562  44.463  1.864  68.316 0.1250000000
92196  46.601  7.385  64.727 0.1250000000
87576  43.047  1.573  67.634 0.1250000000
127441  56.919  -5.113  57.018 0.7500000000
82451  56.522  -4.509  53.594 0.7500000000
139146  56.758  -4.402  52.846 0.7500000000
82459  56.442  -4.367  52.168 0.6250000000
82482  57.128  -4.662  49.601 0.6250000000
80630  55.792  -6.143  45.083 0.1250000000
80641  55.635  -6.511  44.248 0.1250000000
92071  28.479  7.346  82.237 0.2500000000
88438  45.809  2.811  69.316 0.1250000000
90757  47.567  5.623  67.355 0.1250000000
80629  56.856  -6.077  45.543 0.2500000000
80640  56.513  -6.357  44.553 0.2500000000
80650  56.274  -6.515  43.648 0.1250000000
79725  55.966  -6.824  42.866 0.1250000000
92796  28.216  8.874  82.598 0.1250000000
93522  27.539  10.149  82.315 0.1250000000
88433  45.441  2.089  69.659 0.1250000000
93523  26.955  9.830  82.501 0.3750000000
148715  18.651  -18.216  77.121 0.8750000000
61996  29.491  -23.200  84.553 0.6250000000
65152  29.016  -21.932  85.625 0.8750000000
65150  29.999  -21.845  84.783 0.7500000000
63056  29.362  -23.175  85.395 0.7500000000
76502  9.819  -10.368  85.614 0.8750000000
141385  13.986  -9.219  80.687 0.8750000000
77571  15.492  -9.852  79.923 0.8750000000
147904  42.915  -10.884  74.577 0.7500000000
67337  26.499  -19.386  81.141 0.8750000000
67345  25.838  -19.575  80.047 0.8750000000
75461  43.653  -11.240  74.612 0.7500000000
67324  27.874  -19.396  82.990 0.8750000000
73282  7.935  -13.268  86.458 0.7500000000
71378  7.546  -14.941  81.065 0.7500000000
71357  7.507  -15.268  83.237 0.7500000000
72303  7.610  -14.713  85.603 0.7500000000
123504  7.408  -17.495  85.569 0.7500000000
69384  9.416  -17.986  78.564 0.5000000000
78589  45.411  -8.194  73.005 0.7500000000
81537  55.207  -5.021  56.569 0.5000000000
87638  43.818  1.187  61.656 0.2500000000
77779  53.546  -9.478  61.992 0.8750000000
78716  52.669  -9.155  61.234 0.8750000000
84720  24.366  -1.666  81.021 0.5000000000
145440  54.072  -9.299  62.741 0.8750000000
83849  25.994  -2.274  82.681 0.3750000000
87633  48.223  1.647  61.728 0.3750000000
88315  27.244  2.127  81.204 0.2500000000
89120  27.006  3.154  80.077 0.2500000000
89839  27.716  4.654  79.891 0.2500000000
89844  27.301  4.568  79.028 0.2500000000
83967  51.013  -2.385  65.012 0.7500000000
67330  27.454  -19.401  82.330 0.8750000000
85567  24.754  -1.025  81.185 0.5000000000
85557  26.254  -0.851  82.518 0.3750000000
67275  12.156  -19.003  92.515 0.6250000000
67280  10.968  -18.598  91.557 0.6250000000
67279  11.605  -19.014  91.857 0.6250000000
68278  12.510  -18.818  92.855 0.6250000000
69292  11.881  -17.956  92.421 0.6250000000
136293  11.748  -19.501  91.421 0.5000000000
67285  10.450  -19.311  90.345 0.7500000000
70344  14.040  -17.450  91.669 0.7500000000
70351  13.592  -16.962  90.962 0.7500000000
68282  12.506  -18.416  92.795 0.6250000000
69296  12.588  -17.348  92.054 0.7500000000
124041  12.007  -20.128  89.293 0.5000000000
66211  10.903  -19.832  88.960 0.5000000000
70360  13.856  -16.561  90.168 0.7500000000
66210  11.758  -20.096  88.282 0.5000000000
124040  10.680  -19.951  87.999 0.5000000000
71319  15.269  -16.133  88.079 0.7500000000
71333  15.662  -15.660  86.555 0.7500000000
66219  9.735  -19.691  87.690 0.6250000000
124273  9.418  -19.628  86.826 0.5000000000
130897  9.853  -19.952  85.113 0.5000000000
128818  9.836  -20.786  82.980 0.3750000000
66251  9.423  -20.165  84.538 0.3750000000
130729  9.926  -21.074  82.295 0.2500000000
66197  22.202  -20.754  88.739 0.7500000000
70347  10.831  -17.091  91.864 0.7500000000
69297  11.281  -17.549  92.179 0.7500000000
69298  10.795  -17.694  91.978 0.7500000000
138686  12.824  -16.857  91.285 0.7500000000
144600  9.749  -18.471  90.628 0.7500000000
69316  18.698  -17.520  87.378 0.8750000000
148141  14.822  -15.844  87.919 0.7500000000
71320  14.506  -15.977  88.397 0.7500000000
67295  8.861  -19.260  88.537 0.7500000000
66220  9.092  -19.516  87.461 0.7500000000
125750  8.769  -19.467  86.864 0.5000000000
66228  8.937  -19.759  86.131 0.5000000000
65167  9.005  -20.456  83.939 0.5000000000
65180  9.259  -20.695  83.292 0.3750000000
138733  8.128  -21.132  82.239 0.5000000000
65206  9.616  -21.357  81.727 0.2500000000
65181  8.740  -20.722  83.209 0.3750000000
63086  9.058  -22.219  79.775 0.2500000000
123905  8.207  -21.853  80.474 0.2500000000
71309  11.685  -15.898  90.336 0.7500000000
71328  13.368  -15.440  87.784 0.7500000000
67292  8.722  -18.710  89.336 0.7500000000
67297  8.107  -18.859  87.901 0.7500000000
66241  8.594  -19.773  85.502 0.5000000000
66253  8.321  -19.909  84.757 0.5000000000
71347  16.160  -15.124  84.868 0.8750000000
66265  7.433  -19.862  83.599 0.6250000000
65182  8.190  -20.517  83.392 0.5000000000
126128  8.058  -20.284  84.055 0.5000000000
64120  7.708  -21.605  80.633 0.3750000000
65208  7.700  -21.233  81.569 0.5000000000
64135  7.406  -22.118  79.493 0.2500000000
67300  21.038  -19.382  87.730 0.8750000000
68304  20.224  -18.717  86.745 0.8750000000
69304  9.132  -17.585  90.502 0.7500000000
68300  8.326  -18.809  88.593 0.7500000000
67302  8.019  -19.043  87.196 0.7500000000
72293  14.188  -15.147  86.133 0.7500000000
129413  7.799  -19.355  85.725 0.6250000000
66254  7.832  -19.964  84.281 0.6250000000
67305  7.905  -19.319  86.349 0.6250000000
61977  25.097  -23.932  88.193 0.5000000000
73357  40.958  -14.514  74.901 0.7500000000
72376  40.370  -14.807  75.178 0.7500000000
70356  8.911  -16.700  90.157 0.7500000000
71312  9.330  -15.813  90.231 0.7500000000
71317  9.609  -15.063  89.839 0.7500000000
135215  8.697  -15.875  89.672 0.7500000000
148322  10.960  -14.994  89.207 0.7500000000
71323  11.483  -15.199  88.964 0.7500000000
71329  12.521  -15.254  87.914 0.8750000000
71322  12.275  -15.413  88.656 0.7500000000
72294  13.213  -14.863  86.401 0.8750000000
68306  7.611  -18.688  86.589 0.7500000000
68321  7.565  -18.769  85.036 0.6250000000
67327  7.167  -19.332  83.463 0.6250000000
68328  7.343  -18.698  84.122 0.6250000000
144773  6.532  -19.434  81.003 0.6250000000
66296  6.700  -20.672  79.950 0.3750000000
144158  25.007  -25.093  86.763 0.5000000000
72279  10.359  -14.802  89.386 0.7500000000
72281  9.026  -14.523  89.308 0.7500000000
72373  43.247  -14.860  75.001 0.6250000000
125248  10.925  -14.335  88.245 0.8750000000
70369  7.787  -15.978  88.233 0.7500000000
72386  44.061  -15.163  74.691 0.7500000000
72295  12.170  -14.534  86.713 0.8750000000
69334  7.417  -17.453  84.929 0.6250000000
68340  6.945  -18.474  82.046 0.6250000000
68347  6.817  -18.734  81.115 0.6250000000
132186  29.463  -23.254  85.980 0.7500000000
60960  28.484  -24.014  84.661 0.6250000000
60950  27.630  -24.257  85.600 0.5000000000
60970  27.954  -24.360  84.222 0.5000000000
59893  27.491  -24.806  82.898 0.3750000000
61984  25.919  -24.407  87.027 0.6250000000
59872  25.329  -25.525  85.185 0.3750000000
125941  25.783  -25.673  82.748 0.2500000000
59913  25.199  -25.783  82.172 0.2500000000
59883  25.579  -25.703  83.745 0.3750000000
59932  24.700  -25.652  81.513 0.2500000000
73274  9.604  -13.510  88.343 0.8750000000
73275  9.006  -13.203  88.637 0.7500000000
72284  10.145  -14.200  88.655 0.7500000000
138313  42.903  -12.646  74.503 0.7500000000
73372  43.448  -13.343  74.706 0.7500000000
72286  8.535  -14.105  88.801 0.7500000000
71416  44.420  -15.164  73.909 0.7500000000
73283  12.042  -14.042  85.177 0.8750000000
140180  7.260  -17.613  81.844 0.6250000000
147519  7.452  -17.643  80.806 0.6250000000
144759  28.997  -23.334  86.186 0.7500000000
63057  28.265  -23.545  86.135 0.7500000000
60962  27.074  -24.546  85.201 0.5000000000
59870  26.513  -24.867  84.745 0.3750000000
144446  26.549  -24.195  86.831 0.6250000000
143207  26.498  -25.173  83.706 0.3750000000
59871  25.931  -25.230  84.976 0.5000000000
73277  8.362  -13.401  88.141 0.7500000000
129567  10.095  -12.420  86.324 0.8750000000
74327  11.004  -12.961  84.941 0.8750000000
70410  7.478  -16.198  81.424 0.7500000000
71365  7.516  -15.390  82.327 0.7500000000
69343  7.409  -16.933  83.192 0.7500000000
64093  28.369  -22.436  85.926 0.8750000000
66235  22.460  -20.774  85.964 0.8750000000
137757  22.162  -20.560  85.241 0.8750000000
74404  45.031  -12.502  74.240 0.7500000000
73403  44.586  -13.459  72.349 0.6250000000
72404  43.905  -14.955  72.444 0.5000000000
131385  7.739  -13.923  85.816 0.7500000000
64094  27.596  -22.557  85.712 0.8750000000
64077  26.980  -23.168  86.601 0.8750000000
134917  10.143  -11.838  85.616 0.8750000000
133971  10.054  -11.051  85.277 0.8750000000
75397  10.997  -11.873  84.082 0.8750000000
73404  43.904  -13.210  71.875 0.6250000000
75459  45.249  -11.643  74.059 0.7500000000
75405  11.729  -11.164  82.784 0.8750000000
75410  12.751  -11.006  81.713 0.8750000000
73417  42.497  -13.244  70.680 0.5000000000
76511  11.750  -10.405  82.634 0.8750000000
133263  40.674  -14.155  69.254 0.1250000000
66292  24.328  -20.387  79.446 0.8750000000
77629  45.465  -9.598  73.326 0.7500000000
76582  45.203  -10.830  72.612 0.7500000000
78563  44.774  -8.536  73.951 0.7500000000
76583  44.732  -10.148  72.319 0.7500000000
76604  42.454  -10.915  71.202 0.6250000000
74354  15.870  -12.216  80.607 0.8750000000
79476  44.407  -7.852  73.935 0.7500000000
78577  45.332  -8.769  73.406 0.7500000000
67372  20.284  -19.608  77.356 0.8750000000
77647  42.031  -9.221  71.181 0.6250000000
77654  41.101  -9.261  70.899 0.5000000000
77663  39.241  -9.430  68.986 0.3750000000
79527  40.884  -7.842  69.726 0.5000000000
78623  39.462  -8.599  68.457 0.3750000000
128383  53.635  -7.780  62.897 0.8750000000
79587  53.269  -7.094  62.652 0.8750000000
136346  51.548  -7.915  60.779 0.8750000000
79604  51.752  -7.188  61.281 0.8750000000
82303  51.969  -4.872  65.280 0.8750000000
82321  51.189  -4.146  64.791 0.8750000000
78614  11.533  -8.789  71.029 0.6250000000
81458  53.341  -5.657  62.646 0.8750000000
81473  52.778  -5.569  61.994 0.8750000000
80505  52.970  -6.350  62.312 0.8750000000
136270  51.854  -4.750  61.155 0.7500000000
81488  51.269  -5.531  60.775 0.6250000000
85694  51.300  -0.812  64.366 0.6250000000
84836  53.306  -1.668  62.183 0.7500000000
88490  45.376  2.746  61.972 0.2500000000
87637  44.616  1.558  61.515 0.2500000000
85738  52.127  -0.318  60.977 0.3750000000
138529  50.433  -0.791  60.267 0.2500000000
85739  51.142  -0.045  60.491 0.2500000000
83995  51.124  -2.599  60.602 0.5000000000
82385  50.742  -3.998  60.465 0.6250000000
85747  50.105  -0.137  59.952 0.2500000000
137491  49.649  -0.937  59.825 0.2500000000
84003  50.340  -2.503  60.202 0.3750000000
85748  49.230  -0.229  59.562 0.2500000000
83215  50.410  -3.280  60.231 0.5000000000
125971  50.283  -4.693  60.149 0.5000000000
83216  49.308  -3.110  59.500 0.2500000000
85752  48.407  -0.251  59.229 0.2500000000
88511  48.698  2.976  57.765 0.1250000000
89290  47.972  3.459  56.585 0.1250000000
144476  50.534  -7.069  59.765 0.7500000000
81501  49.889  -5.311  59.669 0.7500000000
131694  49.722  -3.582  59.706 0.7500000000
83229  48.536  -3.297  58.954 0.3750000000
87656  47.512  2.003  57.483 0.2500000000
88528  47.053  3.467  55.749 0.1250000000
90111  46.229  4.249  55.647 0.1250000000
83230  47.817  -3.021  58.450 0.3750000000
90112  45.357  4.289  55.631 0.1250000000
84895  46.604  -1.012  58.105 0.3750000000
86703  46.050  0.229  57.359 0.3750000000
89308  44.948  3.816  55.164 0.1250000000
89275  46.253  3.007  61.783 0.3750000000
86682  52.615  0.338  61.184 0.5000000000
85725  53.107  -0.479  62.016 0.5000000000
87641  52.854  1.767  60.976 0.5000000000
87645  50.619  1.921  59.771 0.1250000000
88508  50.026  3.061  58.901 0.1250000000
89284  50.484  4.564  58.806 0.1250000000
141027  49.974  2.299  59.382 0.1250000000
89285  49.899  3.994  58.360 0.1250000000
90856  49.057  5.843  59.214 0.1250000000
89288  49.261  4.429  57.691 0.1250000000
90885  46.907  5.345  57.684 0.1250000000
90878  41.516  5.193  58.939 0.1250000000
80643  53.550  -6.894  44.653 0.1250000000
130193  52.613  -7.609  44.416 0.1250000000
78831  52.451  -8.303  43.430 0.1250000000
77891  52.386  -9.387  42.409 0.1250000000
86457  25.171  0.557  80.459 0.2500000000
87442  25.270  1.998  78.894 0.2500000000
86653  52.239  0.087  63.360 0.5000000000
130966  51.522  -0.172  64.025 0.5000000000
89994  46.832  4.599  63.469 0.1250000000
89251  45.346  3.573  64.364 0.1250000000
89271  52.756  3.300  61.174 0.3750000000
87603  43.104  1.796  65.169 0.1250000000
77697  13.397  -9.128  66.211 0.1250000000
81542  48.634  -5.464  56.371 0.6250000000
81540  50.038  -6.095  56.029 0.5000000000
83250  46.529  -3.387  56.536 0.5000000000
83258  47.099  -3.930  56.079 0.5000000000
86448  26.545  0.851  81.686 0.2500000000
148336  46.538  4.576  64.350 0.1250000000
89987  45.977  4.224  64.840 0.1250000000
89242  44.844  3.050  65.723 0.1250000000
87592  43.116  1.770  66.013 0.1250000000
90033  51.399  5.251  60.242 0.2500000000
132805  47.574  6.539  61.238 0.1250000000
82437  49.223  -4.804  55.289 0.5000000000
89272  52.558  4.037  61.630 0.3750000000
91564  50.248  6.263  60.661 0.2500000000
91550  50.394  6.879  61.706 0.2500000000
91539  47.536  7.203  62.554 0.1250000000
90803  51.157  6.808  63.603 0.2500000000
92193  49.568  7.686  64.623 0.1250000000
91537  50.166  7.369  62.739 0.2500000000
146619  49.392  6.958  61.835 0.2500000000
92219  47.192  7.421  63.350 0.1250000000
90668  27.307  5.136  78.415 0.2500000000
92181  48.505  7.416  65.872 0.1250000000
92183  46.903  7.398  65.649 0.1250000000
64055  17.383  -22.562  93.416 0.3750000000
63014  16.764  -22.901  93.425 0.3750000000
64050  16.830  -22.173  93.849 0.3750000000
64051  16.321  -22.160  93.833 0.3750000000
137417  15.495  -22.542  92.607 0.3750000000
127367  15.139  -22.864  91.793 0.3750000000
63024  15.041  -22.993  91.715 0.2500000000
63029  14.870  -22.985  90.833 0.2500000000
63017  17.960  -22.914  92.816 0.3750000000
144896  15.902  -22.661  93.160 0.3750000000
64053  15.675  -22.439  92.942 0.3750000000
63020  15.139  -23.229  92.107 0.2500000000
63030  14.184  -23.860  91.255 0.2500000000
64059  15.071  -21.816  92.190 0.3750000000
65123  14.933  -21.145  93.029 0.3750000000
65115  17.158  -21.689  93.718 0.3750000000
66169  16.705  -20.810  93.884 0.3750000000
65117  15.998  -21.458  94.188 0.3750000000
64056  15.364  -21.852  92.787 0.3750000000
136301  13.872  -23.631  90.545 0.2500000000
65119  17.603  -21.161  93.337 0.3750000000
66175  17.320  -20.279  93.405 0.3750000000
138011  15.561  -21.923  93.281 0.3750000000
64067  14.383  -22.942  89.976 0.2500000000
64054  17.866  -22.066  93.147 0.3750000000
145679  14.598  -20.997  92.448 0.3750000000
66176  16.444  -19.960  93.847 0.3750000000
66171  15.745  -20.681  94.330 0.3750000000
66172  14.979  -20.317  94.314 0.3750000000
65127  14.715  -21.222  91.631 0.3750000000
64062  15.210  -22.064  91.213 0.3750000000
67266  16.995  -19.521  93.279 0.6250000000
67267  16.169  -19.238  93.654 0.3750000000
67263  15.464  -19.923  94.419 0.3750000000
65131  14.893  -21.336  90.678 0.3750000000
64066  14.956  -22.169  90.304 0.2500000000
66174  18.081  -20.677  92.856 0.6250000000
67273  17.308  -19.353  92.552 0.6250000000
67274  16.541  -18.943  92.980 0.3750000000
64075  14.581  -22.234  88.576 0.2500000000
67272  17.963  -19.736  92.106 0.6250000000
64081  14.438  -21.684  87.865 0.2500000000
64076  14.131  -22.956  88.406 0.2500000000
66183  13.087  -20.063  92.952 0.3750000000
141447  13.151  -20.163  91.824 0.3750000000
67269  13.445  -19.465  93.616 0.3750000000
66178  13.338  -19.877  93.477 0.3750000000
66187  14.184  -20.680  91.148 0.3750000000
67264  14.615  -19.485  94.233 0.3750000000
140038  14.026  -20.110  93.738 0.3750000000
66182  14.025  -20.530  92.188 0.3750000000
149404  15.287  -19.289  94.318 0.3750000000
66200  14.478  -20.973  89.299 0.3750000000
65126  18.788  -20.585  91.792 0.5000000000
67277  18.295  -19.466  91.418 0.6250000000
68273  15.725  -18.732  93.354 0.5000000000
65139  14.154  -20.958  88.066 0.2500000000
65129  20.308  -21.503  90.334 0.6250000000
142706  18.509  -19.961  91.823 0.6250000000
67278  17.547  -19.166  91.679 0.6250000000
68279  16.750  -18.819  92.061 0.6250000000
65158  13.933  -21.301  85.587 0.2500000000
65148  13.949  -21.222  86.482 0.2500000000
66179  12.906  -19.581  93.297 0.3750000000
66188  12.340  -19.745  92.070 0.3750000000
67270  13.063  -19.390  93.449 0.3750000000
66194  13.511  -20.344  90.607 0.3750000000
68276  13.431  -18.757  93.502 0.5000000000
126793  13.196  -20.316  88.966 0.3750000000
68274  15.057  -18.543  93.664 0.5000000000
66208  13.488  -20.479  87.978 0.2500000000
137447  13.977  -20.712  88.731 0.2500000000
68287  16.119  -18.150  91.593 0.6250000000
69294  15.529  -18.040  92.162 0.6250000000
66216  13.283  -20.524  86.910 0.2500000000
65143  14.022  -21.072  87.362 0.2500000000
66191  20.145  -20.689  90.067 0.6250000000
67282  19.906  -19.820  89.828 0.6250000000
66192  19.554  -20.299  90.640 0.6250000000
67284  18.678  -19.170  90.706 0.6250000000
68285  18.030  -18.786  90.826 0.6250000000
68286  17.114  -18.473  91.202 0.6250000000
66224  13.422  -20.682  85.976 0.2500000000
67290  19.567  -19.085  89.481 0.6250000000
68290  18.946  -18.739  89.908 0.6250000000
68292  17.434  -18.258  90.241 0.6250000000
69300  16.537  -17.910  90.594 0.6250000000
139215  18.754  -18.290  89.251 0.6250000000
68291  18.221  -18.441  89.842 0.6250000000
69305  17.742  -17.921  89.534 0.6250000000
68297  18.329  -17.794  88.987 0.6250000000
66184  12.537  -19.549  92.761 0.3750000000
66195  12.476  -20.011  91.107 0.3750000000
124042  11.800  -19.871  90.452 0.3750000000
67271  12.720  -19.254  93.096 0.3750000000
66202  12.835  -20.128  89.984 0.3750000000
68277  12.899  -18.915  93.304 0.5000000000
66209  12.683  -20.211  88.404 0.3750000000
69289  12.930  -18.357  93.161 0.5000000000
69288  13.585  -18.176  93.104 0.5000000000
68275  14.237  -18.645  93.557 0.5000000000
66217  12.585  -20.195  87.613 0.2500000000
125424  12.310  -20.138  86.796 0.2500000000
69295  13.264  -17.660  92.478 0.5000000000
145659  14.841  -17.775  92.191 0.6250000000
66225  12.795  -20.341  86.252 0.2500000000
127977  11.865  -20.162  86.009 0.2500000000
69301  15.630  -17.657  90.889 0.6250000000
66238  12.005  -20.217  85.152 0.2500000000
67289  20.246  -19.400  89.030 0.6250000000
141102  19.790  -18.873  88.737 0.6250000000
68296  19.266  -18.543  88.991 0.6250000000
70357  16.318  -17.045  89.083 0.6250000000
69306  17.004  -17.583  89.594 0.6250000000
134381  17.686  -17.501  89.042 0.6250000000
69302  14.899  -17.444  91.246 0.6250000000
149708  11.421  -20.012  86.669 0.2500000000
123883  11.365  -20.226  84.619 0.2500000000
66239  10.828  -20.010  85.352 0.2500000000
69307  16.014  -17.295  90.028 0.6250000000
68295  19.629  -18.431  88.124 0.7500000000
68299  18.946  -18.075  88.522 0.6250000000
69312  17.904  -17.346  88.401 0.6250000000
69311  18.538  -17.621  88.115 0.6250000000
69313  17.187  -17.155  88.700 0.6250000000
70349  15.160  -17.081  90.397 0.6250000000
70358  15.449  -16.825  89.501 0.6250000000
125486  11.376  -20.707  83.061 0.2500000000
69310  19.113  -17.942  87.763 0.6250000000
70365  16.639  -16.665  88.206 0.6250000000
149928  17.057  -16.592  87.587 0.6250000000
70373  15.996  -16.360  87.934 0.6250000000
141993  6.920  -19.884  78.896 0.2500000000
67366  7.044  -19.975  78.155 0.2500000000
66304  6.711  -20.471  78.399 0.2500000000
125461  6.766  -20.609  76.194 0.2500000000
66328  7.089  -20.779  74.611 0.2500000000
123912  7.277  -20.419  75.171 0.2500000000
68364  7.307  -19.368  78.674 0.2500000000
67365  7.422  -19.594  77.899 0.2500000000
66319  8.389  -20.007  75.226 0.2500000000
67386  7.701  -19.773  76.256 0.2500000000
66327  7.799  -20.480  74.769 0.2500000000
126848  37.062  -15.383  79.360 0.5000000000
70412  35.975  -16.089  79.815 0.5000000000
71386  37.333  -15.710  78.670 0.5000000000
67375  7.542  -19.756  77.123 0.2500000000
67395  8.239  -19.733  75.758 0.2500000000
66335  9.100  -20.835  74.152 0.1250000000
128077  8.685  -20.425  74.666 0.1250000000
146039  9.427  -21.131  73.701 0.1250000000
67403  9.082  -20.015  75.039 0.1250000000
141475  37.260  -14.752  79.335 0.5000000000
71379  37.521  -15.181  78.715 0.5000000000
134938  37.905  -15.011  77.982 0.5000000000
70439  38.344  -15.749  76.905 0.3750000000
68385  8.913  -19.027  77.219 0.3750000000
67384  9.287  -19.198  76.461 0.3750000000
66357  10.727  -20.821  73.150 0.1250000000
131991  9.875  -20.750  73.949 0.1250000000
67393  10.165  -19.448  75.310 0.1250000000
67394  9.159  -19.579  75.645 0.2500000000
71391  38.682  -15.213  76.669 0.5000000000
70438  38.991  -15.481  76.147 0.3750000000
134073  8.898  -18.606  78.049 0.3750000000
68373  9.481  -18.555  77.777 0.3750000000
68384  9.799  -18.747  77.052 0.3750000000
67402  10.375  -19.744  74.602 0.1250000000
72356  38.638  -14.830  76.795 0.5000000000
68372  10.324  -18.160  77.872 0.3750000000
70448  39.693  -15.530  75.415 0.3750000000
72363  40.527  -14.913  75.156 0.5000000000
72364  39.702  -14.733  75.334 0.5000000000
71408  41.497  -15.134  74.919 0.5000000000
70447  40.567  -15.228  75.051 0.5000000000
70457  41.966  -15.682  74.821 0.5000000000
72375  41.261  -14.855  75.011 0.6250000000
71407  42.448  -15.387  74.928 0.5000000000
69446  13.836  -17.579  72.727 0.5000000000
144108  14.495  -14.942  71.788 0.6250000000
83259  46.409  -3.444  55.797 0.2500000000
137004  46.988  -3.657  55.403 0.2500000000
84065  46.298  -2.885  54.186 0.2500000000
83271  47.376  -3.506  54.816 0.3750000000
83272  46.500  -3.339  54.926 0.2500000000
130760  48.029  -3.086  54.385 0.3750000000
84064  47.217  -2.969  54.267 0.2500000000
84063  48.697  -2.631  54.011 0.3750000000
128420  47.953  -2.551  53.809 0.2500000000
84077  47.047  -2.573  53.472 0.2500000000
147144  48.034  -3.701  54.801 0.3750000000
83270  48.812  -3.453  54.483 0.3750000000
147356  48.565  -2.216  53.514 0.3750000000
84088  48.040  -2.147  53.047 0.3750000000
83269  49.851  -3.577  54.436 0.3750000000
84062  49.501  -2.708  54.080 0.3750000000
84075  49.215  -2.098  53.624 0.3750000000
84931  49.681  -1.529  53.199 0.3750000000
84930  50.586  -1.328  53.306 0.3750000000
68398  10.141  -19.073  76.152 0.3750000000
66334  11.039  -20.209  73.535 0.1250000000
66326  9.604  -20.284  74.519 0.1250000000
66325  10.372  -20.230  74.041 0.1250000000
70487  14.065  -16.645  72.758 0.6250000000
71441  14.552  -15.413  72.262 0.6250000000
145339  50.447  -4.276  54.637 0.3750000000
84074  49.995  -1.999  53.750 0.3750000000
70364  17.444  -16.908  87.983 0.6250000000
149774  13.000  -17.939  93.026 0.5000000000
66218  11.567  -20.025  87.388 0.3750000000
66226  10.836  -19.963  86.190 0.3750000000
69317  18.090  -17.179  87.671 0.6250000000
71392  38.366  -15.037  77.332 0.5000000000
71399  39.142  -14.836  76.110 0.6250000000
65217  6.763  -21.328  79.304 0.2500000000
68363  7.785  -18.995  78.346 0.2500000000
146435  49.198  -4.149  54.743 0.3750000000
66185  12.064  -19.357  92.191 0.3750000000
66263  11.522  -20.477  83.812 0.2500000000
65116  16.532  -21.489  94.025 0.3750000000
127172  16.151  -22.739  93.313 0.3750000000
134192  16.218  -20.904  94.255 0.3750000000
64052  15.844  -22.092  93.581 0.3750000000
128111  15.441  -21.221  93.964 0.3750000000
63025  14.333  -23.995  91.799 0.2500000000
65120  15.234  -21.368  93.547 0.3750000000
66177  14.681  -20.611  93.843 0.3750000000
66170  16.066  -20.289  94.320 0.3750000000
66181  17.782  -19.883  92.828 0.5000000000
64071  14.201  -22.943  89.115 0.2500000000
138964  14.098  -20.442  93.219 0.3750000000
145938  15.816  -19.574  94.226 0.3750000000
67268  15.507  -18.901  94.042 0.5000000000
66193  14.382  -20.779  90.158 0.3750000000
64070  14.731  -22.263  89.438 0.2500000000
66180  18.344  -20.302  92.321 0.6250000000
149375  14.752  -21.657  89.098 0.2500000000
65138  14.466  -21.343  88.580 0.2500000000
142630  14.162  -22.977  87.238 0.2500000000
68272  13.364  -19.183  93.598 0.3750000000
67265  13.845  -19.375  93.760 0.3750000000
66173  14.088  -19.797  93.867 0.3750000000
68270  14.822  -18.844  94.151 0.3750000000
68271  14.149  -18.960  93.819 0.5000000000
66201  13.822  -20.443  89.595 0.3750000000
65122  18.574  -21.190  92.248 0.6250000000
66186  18.926  -19.942  91.188 0.6250000000
68280  16.007  -18.459  92.516 0.6250000000
129399  21.017  -21.841  90.142 0.6250000000
64089  14.242  -22.095  86.089 0.2500000000
66236  13.407  -20.739  85.146 0.2500000000
65165  13.780  -21.359  84.683 0.2500000000
68281  15.244  -18.378  92.786 0.5000000000
69290  14.491  -18.303  92.977 0.5000000000
133311  15.401  -17.751  91.643 0.6250000000
67283  19.299  -19.441  90.352 0.6250000000
147350  18.486  -18.793  90.341 0.6250000000
66237  12.796  -20.357  85.581 0.2500000000
127499  14.048  -17.843  92.500 0.5000000000
67376  7.082  -20.077  77.380 0.2500000000
67387  7.112  -20.130  76.581 0.2500000000
66321  7.167  -20.235  75.800 0.2500000000
66337  7.468  -20.979  74.128 0.2500000000
66320  7.699  -20.050  75.472 0.2500000000
67385  8.548  -19.460  76.367 0.2500000000
67374  8.151  -19.452  77.073 0.2500000000
66336  8.215  -20.874  74.162 0.1250000000
68374  8.295  -18.959  77.839 0.2500000000
65252  10.039  -21.084  73.447 0.1250000000
123506  38.157  -15.485  77.526 0.5000000000
71398  39.565  -15.070  75.616 0.5000000000
62012  29.395  -23.139  82.507 0.3750000000
62007  29.060  -23.628  83.486 0.3750000000
69360  34.811  -16.845  80.269 0.3750000000
60978  28.505  -24.105  83.033 0.2500000000
68356  34.526  -17.002  79.229 0.3750000000
69359  35.466  -16.350  79.708 0.3750000000
69367  34.982  -16.570  79.601 0.3750000000
60979  28.011  -24.460  83.376 0.2500000000
69366  35.709  -16.205  79.035 0.3750000000
133175  35.225  -16.422  78.932 0.3750000000
60996  27.843  -24.669  81.877 0.2500000000
70411  36.689  -15.863  79.244 0.3750000000
133149  37.044  -16.090  78.511 0.2500000000
69375  35.974  -16.394  78.311 0.2500000000
129670  37.661  -15.980  78.200 0.2500000000
69373  37.620  -16.145  77.819 0.2500000000
69388  36.532  -16.412  77.566 0.2500000000
149830  36.843  -16.374  76.972 0.2500000000
69399  37.434  -16.395  76.483 0.2500000000
69387  37.261  -16.295  77.400 0.2500000000
69400  36.684  -16.450  76.319 0.2500000000
124974  37.973  -16.556  75.562 0.2500000000
60899  14.600  -24.460  92.286 0.2500000000
61943  15.294  -24.057  92.564 0.2500000000
59821  15.797  -25.393  91.559 0.1250000000
71385  37.799  -15.621  78.160 0.3750000000
70429  37.987  -15.936  77.745 0.2500000000
69386  37.854  -16.190  77.065 0.2500000000
69398  38.226  -16.326  76.197 0.2500000000
68389  37.819  -16.743  74.749 0.2500000000
148885  38.495  -16.803  74.899 0.2500000000
68402  39.700  -17.607  74.140 0.2500000000
61946  16.681  -24.326  92.338 0.1250000000
149515  16.380  -23.983  92.653 0.2500000000
63016  15.503  -23.098  92.480 0.2500000000
60908  16.455  -25.121  91.386 0.1250000000
59827  16.562  -25.259  90.946 0.1250000000
59851  24.527  -25.275  86.589 0.3750000000
59874  23.601  -25.752  85.426 0.2500000000
69385  38.372  -16.067  76.617 0.2500000000
70449  38.940  -15.835  76.043 0.2500000000
69397  38.934  -16.188  75.800 0.2500000000
69413  38.755  -16.523  75.371 0.2500000000
69412  39.549  -16.550  75.120 0.2500000000
68388  39.251  -16.993  74.705 0.2500000000
69411  40.291  -16.502  74.792 0.2500000000
68387  40.037  -17.054  74.583 0.2500000000
68401  40.478  -17.585  74.071 0.2500000000
68419  39.311  -18.069  73.396 0.2500000000
63019  16.310  -23.385  92.922 0.2500000000
60901  16.304  -24.923  91.953 0.1250000000
60914  17.087  -25.011  90.868 0.1250000000
59834  16.679  -25.412  90.535 0.1250000000
59833  17.233  -25.104  90.433 0.1250000000
127859  24.611  -24.998  87.152 0.3750000000
59852  23.750  -25.311  86.646 0.2500000000
59864  22.617  -25.201  86.142 0.2500000000
59863  23.363  -25.362  86.120 0.2500000000
59875  22.289  -25.323  84.977 0.2500000000
69396  39.694  -16.070  75.337 0.2500000000
69395  40.636  -15.878  74.890 0.2500000000
69410  41.012  -16.574  74.505 0.2500000000
68386  40.627  -16.998  74.422 0.2500000000
68400  41.103  -17.288  74.100 0.2500000000
67396  40.937  -18.133  73.468 0.2500000000
145746  16.863  -23.675  92.812 0.2500000000
63018  17.414  -23.335  92.948 0.2500000000
60900  16.916  -24.622  91.786 0.1250000000
60906  17.500  -24.234  91.700 0.1250000000
61945  17.244  -23.992  92.335 0.2500000000
128352  17.858  -24.592  90.269 0.1250000000
60930  24.054  -24.668  87.594 0.3750000000
60931  23.252  -24.786  87.403 0.2500000000
60926  18.282  -24.907  88.905 0.1250000000
59839  17.503  -25.107  89.606 0.1250000000
60941  23.935  -25.159  87.050 0.2500000000
140007  22.784  -24.958  87.090 0.2500000000
59854  22.322  -24.935  86.676 0.2500000000
60946  18.732  -24.815  87.484 0.1250000000
60947  18.038  -24.944  88.163 0.1250000000
59865  21.658  -25.015  86.066 0.2500000000
59866  18.573  -24.936  86.118 0.1250000000
127573  21.558  -24.964  85.266 0.2500000000
59876  20.713  -24.804  85.603 0.2500000000
60964  19.725  -24.772  85.888 0.2500000000
59877  18.880  -24.793  85.327 0.2500000000
126047  41.610  -16.111  74.673 0.3750000000
69409  42.289  -16.454  74.527 0.3750000000
69425  41.663  -16.860  74.323 0.2500000000
69424  42.182  -17.086  74.116 0.2500000000
124704  41.658  -17.625  73.739 0.2500000000
68417  41.734  -17.997  73.052 0.2500000000
69445  14.316  -17.035  72.196 0.5000000000
69459  14.708  -17.082  70.602 0.3750000000
69451  14.644  -16.997  71.518 0.3750000000
70518  13.915  -16.310  68.222 0.1250000000
61951  17.949  -23.622  91.764 0.2500000000
61944  17.711  -23.515  92.240 0.2500000000
61968  23.492  -23.899  88.472 0.3750000000
60913  17.652  -24.661  90.865 0.1250000000
61978  23.421  -24.264  87.966 0.3750000000
60932  22.672  -24.351  87.873 0.2500000000
60933  21.328  -24.492  87.839 0.2500000000
60934  20.501  -24.417  88.024 0.2500000000
60935  18.949  -24.616  88.216 0.1250000000
60919  18.404  -24.533  89.587 0.1250000000
141594  22.532  -24.620  87.492 0.2500000000
60943  21.971  -24.585  87.345 0.2500000000
60944  20.998  -24.506  87.492 0.2500000000
60945  19.840  -24.493  87.565 0.1250000000
60954  21.384  -24.652  86.761 0.2500000000
138005  20.506  -24.522  86.906 0.2500000000
60956  19.473  -24.733  86.673 0.2500000000
59855  18.244  -25.154  86.893 0.1250000000
60955  20.613  -24.769  86.266 0.2500000000
141730  42.537  -15.954  74.830 0.3750000000
69423  42.775  -16.838  73.991 0.3750000000
69436  42.832  -16.867  73.185 0.3750000000
70478  43.265  -16.149  72.822 0.3750000000
70503  14.538  -16.547  69.677 0.2500000000
70496  14.939  -16.315  71.210 0.3750000000
70517  14.458  -16.763  68.766 0.1250000000
70504  14.126  -15.973  68.987 0.2500000000
70536  13.538  -16.733  67.591 0.1250000000
71488  13.484  -15.791  68.528 0.2500000000
70537  12.604  -16.668  67.433 0.1250000000
63039  22.937  -23.355  88.771 0.3750000000
60922  21.954  -24.096  88.320 0.2500000000
60912  18.355  -24.236  90.786 0.1250000000
60924  19.971  -24.114  88.634 0.1250000000
135702  19.345  -24.076  89.607 0.1250000000
141782  18.564  -24.221  90.181 0.1250000000
61971  20.192  -23.664  89.046 0.2500000000
71443  43.272  -15.578  72.326 0.3750000000
70486  14.743  -16.268  72.087 0.5000000000
139463  14.732  -16.269  70.415 0.3750000000
70519  13.109  -16.052  67.885 0.2500000000
69508  11.405  -18.516  66.612 0.1250000000
69491  12.035  -17.485  67.011 0.1250000000
64058  18.340  -22.316  92.383 0.2500000000
63033  21.676  -22.920  89.109 0.3750000000
63040  21.895  -23.555  88.667 0.2500000000
63022  18.622  -22.661  91.790 0.2500000000
63023  18.127  -23.022  92.035 0.2500000000
61970  21.023  -23.591  88.747 0.2500000000
61957  18.766  -23.675  91.110 0.2500000000
61958  18.069  -24.124  91.340 0.2500000000
63034  20.900  -23.258  89.311 0.2500000000
61963  19.810  -23.695  90.036 0.1250000000
71433  43.802  -15.502  72.791 0.5000000000
70494  42.621  -15.658  71.869 0.2500000000
71464  13.720  -14.820  70.189 0.3750000000
71463  14.603  -15.579  70.720 0.3750000000
71475  14.277  -15.703  69.844 0.3750000000
70538  11.581  -16.856  67.499 0.1250000000
70520  12.143  -16.052  67.866 0.1250000000
138504  10.952  -17.954  67.188 0.1250000000
68476  9.326  -19.021  66.725 0.1250000000
68475  10.273  -18.966  66.658 0.1250000000
145556  9.604  -19.469  65.934 0.1250000000
68489  10.815  -19.418  66.171 0.1250000000
68522  10.211  -18.901  64.757 0.1250000000
67507  9.893  -19.334  65.503 0.1250000000
69536  10.029  -18.061  64.751 0.1250000000
65118  18.256  -21.550  92.736 0.2500000000
64064  21.221  -22.406  89.834 0.3750000000
132612  20.684  -22.893  89.998 0.3750000000
64057  18.692  -21.979  91.948 0.2500000000
63035  20.097  -23.236  90.206 0.3750000000
61956  19.400  -23.325  90.755 0.2500000000
64061  19.168  -22.305  91.498 0.2500000000
65121  19.005  -21.448  91.687 0.5000000000
144169  20.375  -23.463  89.464 0.2500000000
72431  14.267  -14.902  71.110 0.5000000000
71489  12.682  -15.559  68.464 0.2500000000
70539  10.472  -17.239  67.745 0.1250000000
69492  9.830  -18.425  67.369 0.1250000000
68477  8.665  -18.724  66.988 0.1250000000
69525  9.383  -18.463  65.550 0.1250000000
68506  8.846  -18.851  66.165 0.1250000000
70554  9.689  -17.303  65.452 0.1250000000
70559  10.377  -16.716  64.829 0.1250000000
71509  10.478  -15.595  64.774 0.1250000000
143093  19.900  -22.785  90.595 0.3750000000
65125  19.477  -21.689  91.240 0.5000000000
64060  19.648  -22.314  90.972 0.3750000000
71476  13.355  -15.290  69.234 0.2500000000
71490  11.666  -15.594  68.537 0.1250000000
126090  11.102  -16.272  68.095 0.1250000000
69493  8.876  -18.530  67.448 0.1250000000
68492  8.575  -18.628  66.823 0.1250000000
69509  8.936  -17.935  65.985 0.1250000000
71504  9.923  -16.122  65.427 0.1250000000
70555  9.310  -16.652  66.030 0.1250000000
71510  9.750  -15.144  65.135 0.1250000000
65128  21.577  -21.719  89.536 0.3750000000
64065  20.325  -22.282  90.411 0.3750000000
72443  12.641  -14.462  69.678 0.3750000000
71491  10.764  -15.787  68.741 0.2500000000
71477  12.186  -15.020  69.070 0.3750000000
70521  9.969  -16.514  68.533 0.2500000000
69478  8.434  -18.069  68.143 0.1250000000
69477  9.359  -17.768  68.038 0.1250000000
68464  8.319  -18.388  67.565 0.1250000000
69510  8.444  -18.140  66.637 0.1250000000
68478  7.953  -18.069  67.252 0.1250000000
71498  8.584  -16.136  66.395 0.1250000000
72470  8.892  -14.811  65.355 0.1250000000
71505  9.248  -15.649  65.741 0.1250000000
129421  12.902  -14.002  70.339 0.3750000000
72432  13.597  -14.315  70.818 0.3750000000
72444  11.594  -14.511  69.713 0.3750000000
71478  11.101  -15.192  69.244 0.3750000000
71479  10.010  -15.633  69.476 0.3750000000
69470  7.966  -17.228  68.776 0.1250000000
70522  8.912  -17.079  68.741 0.3750000000
69479  7.828  -18.123  68.072 0.1250000000
70550  7.945  -17.188  66.963 0.1250000000
134787  7.393  -17.456  67.472 0.1250000000
135640  7.685  -16.164  66.755 0.1250000000
72471  7.864  -14.515  65.712 0.1250000000
72433  11.999  -13.928  70.211 0.3750000000
73421  12.309  -13.512  70.831 0.3750000000
72434  11.029  -14.284  70.562 0.3750000000
70505  9.264  -16.284  69.292 0.3750000000
72445  10.551  -14.894  70.080 0.3750000000
73422  11.364  -13.685  71.003 0.3750000000
133737  8.535  -16.397  69.517 0.3750000000
71481  8.346  -15.937  70.299 0.2500000000
145416  7.352  -16.858  69.023 0.2500000000
70506  7.803  -16.275  69.755 0.2500000000
69481  6.764  -17.201  68.242 0.1250000000
70508  6.464  -16.261  69.155 0.2500000000
75643  53.425  -10.973  57.233 0.3750000000
71465  9.553  -15.272  70.530 0.3750000000
72435  10.064  -14.616  70.977 0.3750000000
148430  37.686  -10.989  66.446 0.1250000000
71453  8.316  -15.024  71.344 0.2500000000
72436  9.155  -14.854  71.266 0.3750000000
72420  9.609  -14.016  71.695 0.3750000000
71482  6.878  -15.696  69.870 0.2500000000
72423  7.556  -14.348  71.372 0.2500000000
72422  8.041  -14.344  71.567 0.2500000000
149449  8.788  -13.247  72.060 0.5000000000
135286  9.557  -13.306  72.175 0.3750000000
71483  6.249  -15.523  69.323 0.2500000000
71468  6.690  -14.972  70.132 0.2500000000
73434  6.636  -14.206  69.541 0.2500000000
131204  52.900  -10.640  56.456 0.3750000000
76749  54.366  -10.012  56.214 0.5000000000
76750  53.450  -10.184  55.934 0.5000000000
76751  52.474  -10.304  55.826 0.1250000000
77817  52.109  -9.934  55.297 0.1250000000
76762  51.142  -10.109  55.283 0.1250000000
74434  9.572  -12.282  72.288 0.5000000000
76631  37.440  -11.044  65.791 0.1250000000
72437  7.086  -14.670  71.043 0.2500000000
73425  7.405  -13.903  71.116 0.2500000000
73413  8.465  -13.646  71.769 0.2500000000
74444  9.129  -12.561  72.079 0.5000000000
73402  9.153  -12.939  72.239 0.5000000000
74462  7.635  -13.176  69.864 0.2500000000
74454  7.829  -13.311  70.692 0.2500000000
74453  8.430  -12.897  71.091 0.3750000000
74452  8.991  -12.474  71.536 0.5000000000
75497  9.413  -11.909  72.089 0.5000000000
75496  9.854  -11.285  72.311 0.5000000000
75513  8.589  -12.450  69.520 0.3750000000
74461  8.226  -12.813  70.113 0.3750000000
75504  9.456  -11.899  70.977 0.5000000000
149373  10.395  -10.936  70.765 0.5000000000
76602  10.239  -10.726  71.711 0.5000000000
75512  9.152  -12.008  69.397 0.5000000000
76617  10.558  -10.855  69.802 0.5000000000
75503  9.960  -11.384  70.352 0.5000000000
77816  53.028  -9.761  55.357 0.3750000000
77825  51.712  -9.512  54.806 0.1250000000
77826  50.732  -9.645  54.734 0.1250000000
77837  50.205  -9.104  54.119 0.1250000000
130613  37.811  -10.244  66.217 0.2500000000
76650  37.752  -10.102  65.387 0.2500000000
76651  37.360  -10.948  64.882 0.1250000000
147084  10.717  -10.195  71.385 0.5000000000
77652  10.465  -10.200  71.989 0.5000000000
76603  10.002  -10.612  72.806 0.5000000000
148989  37.861  -9.937  64.626 0.1250000000
146423  11.355  -10.514  68.507 0.3750000000
76624  10.672  -10.901  68.840 0.3750000000
78755  52.219  -8.828  54.426 0.1250000000
77836  51.202  -8.955  54.335 0.1250000000
78761  50.621  -8.449  53.690 0.1250000000
78762  49.653  -8.534  53.453 0.1250000000
77710  38.455  -9.477  65.793 0.2500000000
77728  39.455  -9.104  64.433 0.2500000000
77709  39.306  -8.900  65.290 0.2500000000
77729  38.524  -9.369  64.910 0.2500000000
78604  10.479  -9.370  72.217 0.5000000000
77749  39.548  -9.430  63.470 0.2500000000
77750  38.427  -9.675  63.525 0.2500000000
140116  38.575  -9.567  64.135 0.1250000000
77661  11.085  -9.729  71.291 0.5000000000
76623  11.294  -10.341  69.313 0.5000000000
77688  39.062  -8.936  66.220 0.2500000000
78638  40.580  -7.961  66.251 0.2500000000
78652  40.021  -8.536  65.787 0.2500000000
77708  40.246  -8.738  64.890 0.2500000000
91511  10.311  6.379  65.442 0.3750000000
91461  12.867  6.555  70.330 0.5000000000
90727  13.156  5.896  69.275 0.5000000000
91469  13.614  6.148  69.808 0.5000000000
91476  11.128  6.211  69.048 0.5000000000
91497  10.231  6.859  66.074 0.3750000000
60977  28.959  -23.609  82.728 0.3750000000
90742  11.156  6.111  68.287 0.5000000000
90728  12.069  6.003  69.270 0.5000000000
70456  43.093  -16.306  74.494 0.3750000000
59861  24.912  -25.434  85.888 0.3750000000
59873  24.467  -25.807  85.221 0.2500000000
70470  43.384  -16.357  73.701 0.3750000000
71425  43.913  -15.694  73.416 0.3750000000
76742  53.970  -10.536  56.665 0.5000000000
76630  38.029  -10.397  66.931 0.1250000000
78639  39.629  -8.450  66.713 0.2500000000
76616  11.083  -10.265  70.551 0.5000000000
78621  12.071  -8.860  70.004 0.5000000000
65130  19.726  -21.174  90.750 0.5000000000
131074  19.280  -20.841  91.278 0.5000000000
70440  38.044  -16.080  77.320 0.2500000000
128679  14.782  -15.585  71.579 0.3750000000
70419  36.188  -16.040  79.090 0.2500000000
70430  36.425  -16.211  78.578 0.2500000000
69374  36.904  -16.296  78.058 0.2500000000
61942  15.955  -24.016  92.650 0.2500000000
68403  38.680  -17.296  74.143 0.2500000000
60907  17.004  -24.841  91.274 0.1250000000
59862  24.132  -25.475  86.041 0.2500000000
124366  17.457  -24.625  91.198 0.1250000000
59840  16.804  -25.572  89.951 0.1250000000
59853  23.088  -25.215  86.671 0.2500000000
60942  23.374  -25.192  86.960 0.2500000000
126790  22.858  -25.493  85.526 0.2500000000
60925  19.144  -24.445  88.890 0.1250000000
61969  22.785  -24.009  88.369 0.3750000000
130643  21.941  -24.463  87.894 0.2500000000
60923  20.991  -24.137  88.309 0.2500000000
142594  19.699  -24.397  88.267 0.1250000000
61950  18.443  -23.349  91.601 0.2500000000
60918  19.034  -23.861  90.453 0.1250000000
63028  19.033  -23.040  91.387 0.2500000000
68491  9.126  -19.182  66.308 0.1250000000
69537  9.732  -18.886  65.245 0.1250000000
148683  19.689  -23.045  90.723 0.3750000000
63027  19.480  -22.814  91.068 0.3750000000
68465  8.143  -18.325  67.435 0.1250000000
65124  19.831  -21.834  90.764 0.5000000000
70549  8.690  -17.172  66.449 0.1250000000
69494  7.394  -17.788  67.816 0.1250000000
69480  7.281  -17.437  68.403 0.2500000000
70540  6.781  -17.123  67.791 0.1250000000
71480  9.035  -15.849  70.060 0.2500000000
70497  7.805  -15.711  70.864 0.2500000000
70507  7.108  -16.321  69.500 0.2500000000
71467  7.150  -15.419  70.794 0.2500000000
72421  8.729  -14.237  71.698 0.2500000000
73424  8.124  -13.478  71.415 0.3750000000
74460  8.930  -12.336  70.377 0.3750000000
140062  9.835  -11.380  71.457 0.5000000000
135008  9.462  -11.756  70.048 0.5000000000
75511  9.891  -11.442  69.296 0.5000000000
77676  11.946  -9.851  68.656 0.3750000000
77670  11.733  -9.629  69.652 0.5000000000
78775  50.027  -7.921  53.021 0.1250000000
62018  29.774  -22.752  82.312 0.2500000000
63078  29.710  -22.806  81.566 0.2500000000
62020  28.912  -23.443  81.385 0.2500000000
60986  28.918  -23.524  81.947 0.2500000000
63084  29.456  -22.911  80.802 0.2500000000
62026  29.148  -23.212  81.117 0.2500000000
62033  28.804  -23.357  80.354 0.2500000000
62034  28.382  -23.730  79.790 0.2500000000
62038  28.406  -23.741  79.250 0.2500000000
63107  28.914  -23.295  78.903 0.2500000000
127755  27.416  -24.547  78.689 0.2500000000
62055  27.704  -23.866  78.313 0.2500000000
63083  29.907  -22.562  81.120 0.2500000000
64113  30.237  -22.294  81.679 0.2500000000
63092  29.309  -22.859  80.081 0.2500000000
63093  28.861  -23.325  79.606 0.2500000000
62066  28.041  -23.146  77.876 0.1250000000
62067  27.395  -23.541  77.311 0.1250000000
62076  27.214  -22.903  76.522 0.1250000000
63131  27.932  -22.798  76.935 0.1250000000
65211  30.701  -21.361  80.829 0.3750000000
64121  30.253  -22.024  81.041 0.3750000000
65216  30.564  -21.121  80.011 0.2500000000
129764  30.228  -21.821  80.277 0.2500000000
63091  29.831  -22.465  80.520 0.2500000000
64140  29.620  -21.938  78.892 0.2500000000
64131  30.163  -21.548  79.513 0.2500000000
64132  29.762  -22.278  79.775 0.2500000000
63106  29.341  -22.809  79.308 0.2500000000
64149  29.073  -21.982  77.925 0.2500000000
63124  28.675  -22.894  78.238 0.2500000000
63130  28.469  -22.478  77.396 0.1250000000
63140  27.519  -22.251  76.136 0.1250000000
65215  31.108  -20.675  80.478 0.2500000000
66291  31.466  -19.943  80.065 0.2500000000
66298  31.350  -19.787  79.094 0.2500000000
65221  30.132  -21.058  78.807 0.1250000000
63139  28.239  -22.064  76.566 0.1250000000
67350  32.670  -18.731  80.054 0.2500000000
69390  34.564  -16.813  77.494 0.1250000000
68376  33.663  -17.335  77.011 0.1250000000
66306  31.126  -19.449  78.145 0.1250000000
69401  35.369  -16.492  76.738 0.1250000000
68390  33.470  -17.308  75.928 0.1250000000
68377  32.867  -17.786  76.642 0.1250000000
66299  30.669  -20.303  78.689 0.1250000000
65227  30.267  -20.601  78.096 0.1250000000
127014  29.229  -21.030  77.237 0.1250000000
143487  36.025  -16.462  76.270 0.1250000000
69416  35.354  -16.539  75.723 0.1250000000
68407  33.675  -17.289  74.880 0.1250000000
68391  32.916  -17.680  75.261 0.1250000000
65228  29.746  -21.177  78.048 0.1250000000
135292  35.127  -16.685  74.899 0.1250000000
68408  33.078  -17.690  74.309 0.1250000000
68406  36.275  -16.774  73.771 0.1250000000
142455  34.681  -16.799  73.493 0.1250000000
130734  33.797  -17.091  73.785 0.1250000000
67398  32.537  -18.070  73.773 0.1250000000
68423  35.594  -16.964  72.866 0.1250000000
67409  33.561  -17.840  72.176 0.1250000000
68348  34.418  -17.257  80.147 0.2500000000
67349  33.233  -18.121  79.514 0.2500000000
67358  32.522  -18.574  79.057 0.2500000000
69389  35.636  -16.491  77.569 0.1250000000
69377  34.331  -17.082  78.411 0.1250000000
68365  33.715  -17.416  78.005 0.1250000000
67359  31.839  -19.050  78.595 0.1250000000
66307  30.615  -19.960  77.672 0.1250000000
127665  36.214  -16.425  76.922 0.1250000000
66312  31.208  -19.316  77.069 0.1250000000
65235  29.959  -20.394  77.272 0.1250000000
67389  31.846  -18.444  75.570 0.1250000000
67378  31.487  -18.798  76.257 0.1250000000
66314  30.015  -20.099  76.402 0.1250000000
65236  29.516  -20.503  76.592 0.1250000000
69426  36.902  -16.643  74.537 0.1250000000
67400  31.186  -19.002  74.609 0.1250000000
66323  30.738  -19.399  75.031 0.1250000000
126777  29.543  -20.293  75.636 0.1250000000
65242  29.020  -20.992  76.361 0.1250000000
64167  28.089  -21.666  75.740 0.1250000000
68420  38.375  -17.735  73.202 0.1250000000
68404  37.740  -17.053  73.825 0.1250000000
67397  40.167  -18.231  73.480 0.1250000000
67407  39.829  -18.716  72.603 0.1250000000
67406  40.574  -18.790  72.814 0.1250000000
150025  39.794  -19.111  71.998 0.1250000000
66329  40.594  -19.006  72.377 0.1250000000
68418  41.331  -18.272  73.138 0.1250000000
67404  41.214  -18.607  72.640 0.1250000000
66344  40.662  -18.938  72.280 0.1250000000
68399  42.304  -17.364  73.496 0.1250000000
69441  42.519  -16.776  72.471 0.1250000000
68443  41.873  -17.429  72.107 0.1250000000
134650  41.641  -17.401  71.625 0.1250000000
68456  40.655  -17.925  70.556 0.1250000000
69468  40.513  -17.309  70.286 0.1250000000
68457  40.237  -18.139  70.043 0.1250000000
70488  42.660  -16.198  72.169 0.1250000000
69449  42.080  -16.822  71.898 0.1250000000
69450  41.648  -16.986  71.382 0.1250000000
70495  41.941  -15.724  71.398 0.1250000000
69458  41.559  -16.419  71.091 0.1250000000
70502  41.442  -15.813  70.838 0.1250000000
138164  40.888  -16.358  70.443 0.1250000000
127379  39.807  -16.607  69.580 0.1250000000
71470  40.641  -14.884  69.745 0.1250000000
68445  14.488  -17.677  71.208 0.2500000000
74574  50.345  -12.392  58.602 0.2500000000
74468  7.948  -12.841  69.049 0.2500000000
74572  51.983  -11.943  58.943 0.2500000000
75629  53.112  -11.628  58.748 0.3750000000
74573  51.226  -11.912  58.344 0.2500000000
75637  51.501  -11.525  57.534 0.1250000000
75644  52.241  -11.065  56.993 0.1250000000
75521  9.316  -11.859  68.563 0.2500000000
76743  51.851  -10.770  56.327 0.1250000000
84045  44.806  -2.061  56.127 0.1250000000
84051  45.199  -2.616  55.863 0.1250000000
84911  44.478  -1.502  55.809 0.1250000000
77669  12.263  -9.130  69.117 0.3750000000
84052  44.629  -2.215  55.475 0.1250000000
75520  10.116  -11.467  68.303 0.3750000000
83260  45.742  -3.113  55.474 0.1250000000
145444  45.130  -2.716  55.090 0.1250000000
84067  44.454  -2.340  54.594 0.1250000000
77687  12.583  -9.470  67.812 0.3750000000
84066  45.276  -2.703  54.216 0.1250000000
137804  44.512  -2.485  53.841 0.1250000000
84079  45.019  -2.617  53.371 0.1250000000
84080  44.145  -2.559  53.074 0.1250000000
79678  50.080  -7.096  51.740 0.1250000000
84078  45.968  -2.659  53.493 0.1250000000
136702  46.454  -2.493  52.889 0.1250000000
84090  46.345  -2.462  52.064 0.1250000000
84098  45.782  -2.427  51.350 0.1250000000
84091  45.292  -2.547  52.038 0.1250000000
80585  51.921  -6.512  52.299 0.1250000000
84943  47.942  -2.013  52.295 0.1250000000
84948  47.382  -2.083  51.652 0.1250000000
84956  48.014  -1.486  50.938 0.1250000000
80590  51.391  -6.135  51.545 0.1250000000
79677  50.979  -6.733  52.096 0.1250000000
84089  47.217  -2.309  52.572 0.1250000000
81576  51.702  -5.465  50.860 0.1250000000
81575  52.457  -5.008  50.505 0.1250000000
83964  12.813  -2.406  65.247 0.2500000000
84941  49.389  -1.363  52.530 0.2500000000
84947  48.297  -1.645  51.795 0.1250000000
85813  48.851  -1.263  51.382 0.1250000000
83965  12.184  -2.115  65.851 0.2500000000
84940  50.144  -1.107  52.698 0.2500000000
85812  49.583  -1.086  51.801 0.2500000000
127519  53.117  -4.896  51.130 0.1250000000
85789  50.916  -0.758  52.709 0.2500000000
85801  50.402  -0.743  52.085 0.1250000000
145020  49.388  -0.914  51.110 0.1250000000
81574  53.230  -4.628  50.243 0.1250000000
124293  50.075  -0.686  51.285 0.1250000000
85828  48.814  -1.052  50.649 0.1250000000
85827  49.589  -0.688  50.415 0.1250000000
85691  12.017  -0.325  65.312 0.2500000000
84822  12.148  -1.217  65.626 0.2500000000
137702  11.557  -0.723  65.763 0.2500000000
137878  51.748  -0.488  52.741 0.2500000000
85800  51.286  -0.413  52.212 0.2500000000
81581  53.485  -4.594  49.296 0.1250000000
92142  15.221  7.638  72.491 0.3750000000
86652  11.314  1.070  64.842 0.2500000000
86651  12.103  0.439  64.815 0.2500000000
86739  53.173  0.168  52.345 0.2500000000
85808  54.241  -0.104  51.522 0.2500000000
87726  51.427  1.539  46.615 0.1250000000
92135  14.833  8.197  73.113 0.3750000000
92149  14.961  7.323  71.825 0.3750000000
134285  14.316  7.780  72.335 0.3750000000
92150  13.859  7.398  71.581 0.3750000000
91460  14.121  6.520  70.404 0.3750000000
85823  54.928  -0.445  50.502 0.2500000000
85856  53.556  -0.610  48.538 0.1250000000
86785  52.586  0.196  47.257 0.1250000000
86784  53.381  0.217  47.254 0.1250000000
86804  52.252  0.796  46.882 0.1250000000
147592  51.624  2.124  46.541 0.1250000000
138385  51.761  2.684  46.462 0.1250000000
92860  14.938  8.354  74.139 0.3750000000
92861  14.028  8.518  73.778 0.3750000000
92143  13.118  7.686  72.194 0.3750000000
92870  13.696  8.364  72.837 0.3750000000
92157  13.385  7.062  70.844 0.3750000000
92151  12.695  7.339  71.429 0.3750000000
85821  56.692  0.554  50.376 0.1250000000
85822  55.897  0.181  50.789 0.1250000000
85837  55.827  -0.202  49.871 0.1250000000
85871  55.020  -0.249  47.706 0.1250000000
85855  54.557  -0.538  48.543 0.1250000000
133425  55.044  -0.560  49.414 0.1250000000
86783  54.307  0.230  47.149 0.1250000000
87723  54.073  1.551  46.590 0.1250000000
87724  53.246  1.536  46.674 0.1250000000
87725  52.552  1.468  46.695 0.1250000000
88569  53.598  2.224  46.585 0.1250000000
88570  52.862  2.160  46.622 0.1250000000
134988  52.535  2.788  46.562 0.1250000000
94301  26.915  10.614  82.166 0.2500000000
92852  13.385  8.832  74.355 0.3750000000
92862  12.959  8.514  73.532 0.3750000000
92853  12.320  8.691  74.154 0.3750000000
92871  12.477  8.131  72.730 0.3750000000
140154  11.767  7.270  71.288 0.3750000000
91462  11.793  6.591  70.312 0.3750000000
91470  12.437  6.252  69.798 0.3750000000
91471  11.493  6.364  69.761 0.3750000000
89258  12.195  3.841  63.672 0.1250000000
90801  10.449  5.555  64.592 0.1250000000
90800  12.238  5.518  64.284 0.1250000000
85870  56.246  0.098  47.711 0.1250000000
145706  57.226  0.542  47.475 0.1250000000
86782  55.365  0.304  46.985 0.1250000000
86781  56.484  0.605  46.836 0.1250000000
86801  54.647  0.894  46.682 0.1250000000
88568  54.432  2.274  46.458 0.1250000000
135076  53.270  2.869  46.645 0.1250000000
84186  58.665  -2.630  40.100 0.1250000000
83344  59.599  -3.494  40.336 0.1250000000
93590  11.739  9.079  74.724 0.3750000000
92863  11.915  8.432  73.311 0.3750000000
94377  10.479  10.690  74.880 0.3750000000
92873  10.918  8.284  72.348 0.3750000000
92144  11.844  7.607  71.977 0.3750000000
92878  11.086  7.786  72.018 0.3750000000
92160  10.884  7.058  70.264 0.3750000000
91463  11.132  6.688  70.207 0.3750000000
91472  10.927  6.614  69.662 0.3750000000
137142  10.668  6.744  68.920 0.3750000000
92165  10.752  7.147  69.262 0.2500000000
92168  10.489  7.389  68.207 0.2500000000
91477  10.414  6.694  68.094 0.3750000000
90004  12.172  4.738  63.922 0.1250000000
134549  54.974  1.613  46.392 0.1250000000
87721  56.822  1.347  45.975 0.1250000000
137260  55.799  1.660  45.997 0.1250000000
87737  56.487  2.211  45.487 0.1250000000
87722  55.424  2.397  45.961 0.1250000000
88582  56.374  3.075  45.288 0.1250000000
89346  54.757  3.036  46.374 0.1250000000
84169  57.766  -3.028  40.941 0.1250000000
84188  57.078  -2.648  40.615 0.1250000000
93596  10.851  8.945  73.621 0.3750000000
142016  10.467  10.257  74.213 0.3750000000
93609  10.776  8.913  72.085 0.3750000000
93597  10.628  9.518  73.276 0.3750000000
92879  10.900  7.998  71.653 0.3750000000
92152  11.222  7.518  71.430 0.3750000000
92153  11.045  7.500  70.945 0.3750000000
92159  11.266  7.039  70.774 0.3750000000
92902  10.881  7.858  68.532 0.2500000000
91486  9.813  6.828  67.114 0.2500000000
92909  10.421  8.035  67.667 0.2500000000
92172  9.899  7.652  67.230 0.2500000000
91487  9.833  7.324  66.499 0.2500000000
92192  10.406  7.239  65.959 0.2500000000
92191  11.230  7.515  65.750 0.2500000000
91524  11.247  6.061  64.658 0.1250000000
91508  12.945  6.718  65.022 0.1250000000
87720  58.313  1.459  45.860 0.1250000000
86798  58.683  1.007  46.698 0.1250000000
87736  57.821  2.196  45.250 0.1250000000
88581  57.439  2.989  44.808 0.1250000000
139764  57.269  3.719  44.574 0.1250000000
83336  57.184  -3.275  41.512 0.2500000000
139825  56.313  -3.124  41.369 0.2500000000
95869  10.594  12.292  75.129 0.3750000000
94391  10.543  10.323  72.994 0.3750000000
147713  10.364  10.940  74.201 0.3750000000
131865  10.395  11.508  73.750 0.3750000000
93617  10.992  8.692  71.417 0.3750000000
94390  10.690  9.701  72.568 0.3750000000
92886  10.961  8.113  70.998 0.3750000000
139392  10.969  7.640  70.531 0.3750000000
92885  11.483  8.362  70.314 0.2500000000
92894  11.178  7.788  69.692 0.2500000000
134218  12.361  8.521  68.129 0.2500000000
92917  11.352  8.388  66.832 0.2500000000
92916  12.700  8.339  66.700 0.1250000000
92906  13.649  8.682  67.271 0.1250000000
93649  14.706  9.045  66.971 0.1250000000
92901  11.818  8.288  68.791 0.2500000000
92908  11.261  8.361  67.700 0.2500000000
92918  10.447  8.284  67.078 0.2500000000
92179  11.807  8.104  66.150 0.2500000000
92915  13.993  8.436  66.555 0.1250000000
134962  10.441  8.066  66.398 0.2500000000
92190  12.688  7.442  65.553 0.1250000000
92927  13.217  8.058  66.049 0.1250000000
128710  13.885  7.645  65.579 0.1250000000
86797  59.166  0.991  46.329 0.1250000000
87719  59.185  1.482  45.623 0.1250000000
87735  59.074  2.093  44.922 0.1250000000
88578  60.093  2.312  43.967 0.1250000000
88599  57.499  3.710  42.923 0.1250000000
87754  57.198  2.541  43.286 0.1250000000
83324  56.568  -3.473  42.418 0.2500000000
87755  55.715  2.039  43.698 0.1250000000
95893  10.458  12.205  73.226 0.3750000000
96506  10.708  12.957  73.735 0.2500000000
96495  10.840  13.037  74.693 0.3750000000
96485  11.271  13.736  75.253 0.2500000000
95902  10.437  12.223  72.248 0.3750000000
95176  10.478  11.317  72.794 0.3750000000
93608  11.307  9.584  71.495 0.3750000000
94399  10.873  10.024  72.028 0.3750000000
93616  11.661  9.125  70.804 0.3750000000
93625  12.303  9.080  70.142 0.2500000000
92893  12.146  8.654  69.589 0.2500000000
92907  12.412  8.487  67.431 0.1250000000
93640  14.491  9.305  67.760 0.1250000000
92900  12.910  8.697  68.928 0.2500000000
93641  13.451  8.904  68.124 0.1250000000
93639  15.347  9.669  67.410 0.1250000000
93632  14.391  9.569  68.609 0.1250000000
94427  14.852  10.322  68.973 0.1250000000
87718  59.502  1.328  45.313 0.1250000000
87742  60.223  1.967  44.037 0.1250000000
87734  59.815  1.953  44.549 0.1250000000
86815  59.876  1.489  44.104 0.2500000000
87751  60.112  1.952  43.828 0.1250000000
86826  59.627  1.515  43.738 0.1250000000
87752  59.661  2.270  43.554 0.1250000000
87753  58.915  1.903  43.346 0.1250000000
86827  58.604  0.871  43.842 0.2500000000
141683  57.553  1.375  43.725 0.2500000000
131172  10.550  12.873  72.779 0.2500000000
96494  11.281  13.700  74.200 0.3750000000
133125  11.687  14.422  74.924 0.2500000000
136636  11.752  14.401  74.141 0.2500000000
97067  12.034  15.068  74.567 0.2500000000
143397  12.150  15.891  74.933 0.2500000000
94398  11.417  10.555  71.555 0.3750000000
94400  10.632  10.651  72.321 0.3750000000
144085  12.590  10.923  70.951 0.2500000000
94410  12.201  10.258  71.014 0.2500000000
93615  12.811  9.762  70.394 0.2500000000
93624  13.186  9.352  69.627 0.2500000000
93633  13.718  9.202  68.978 0.1250000000
93631  15.142  9.980  68.215 0.1250000000
94435  15.789  10.388  67.761 0.1250000000
93623  14.142  9.844  69.356 0.1250000000
93648  15.583  9.378  66.646 0.1250000000
86816  59.321  0.664  44.226 0.2500000000
98184  11.511  17.147  76.513 0.2500000000
97612  11.883  16.456  75.563 0.2500000000
145959  10.916  13.425  73.300 0.2500000000
97080  11.480  14.049  73.257 0.2500000000
95181  10.540  11.606  71.914 0.3750000000
146304  10.843  13.451  72.456 0.2500000000
97628  12.405  15.701  74.204 0.2500000000
95189  12.637  11.529  70.893 0.1250000000
95179  12.028  11.141  71.238 0.2500000000
95180  11.164  11.402  71.556 0.2500000000
95908  10.775  12.205  71.357 0.2500000000
95909  10.539  12.548  71.495 0.2500000000
94409  13.169  10.738  70.623 0.2500000000
94419  13.680  10.215  69.993 0.2500000000
94426  15.526  10.853  68.532 0.1250000000
95214  16.101  11.029  67.995 0.1250000000
94418  14.437  10.780  69.649 0.1250000000
94417  15.059  11.053  69.183 0.1250000000
98731  11.508  18.254  76.262 0.1250000000
98730  11.742  18.259  75.384 0.1250000000
98183  11.745  17.418  75.672 0.1250000000
96531  10.617  13.584  70.231 0.1250000000
95917  10.525  12.945  70.796 0.1250000000
96524  10.369  13.212  71.074 0.1250000000
97097  11.748  14.635  71.805 0.2500000000
97089  11.283  14.019  72.147 0.2500000000
98196  12.297  16.953  74.810 0.1250000000
96530  11.156  13.109  70.265 0.1250000000
139249  11.062  12.462  70.777 0.1250000000
97088  12.000  14.653  72.768 0.2500000000
95907  11.702  11.910  71.176 0.1250000000
95188  13.494  11.781  70.442 0.1250000000
95915  13.380  12.866  70.068 0.1250000000
94408  13.882  10.987  70.201 0.2500000000
95914  14.116  12.143  69.989 0.1250000000
95187  14.204  11.494  70.010 0.1250000000
95198  14.788  11.752  69.579 0.1250000000
95205  15.949  11.624  68.359 0.1250000000
95923  15.196  12.489  69.157 0.1250000000
135761  15.693  12.225  68.661 0.1250000000
94434  16.407  10.799  67.364 0.1250000000
99307  11.849  19.127  76.811 0.1250000000
99319  11.558  19.036  76.011 0.1250000000
98737  12.102  18.226  74.586 0.1250000000
146172  10.484  13.578  70.599 0.1250000000
97106  10.554  14.500  70.317 0.1250000000
97653  12.375  15.235  71.444 0.2500000000
97644  12.448  15.281  72.377 0.2500000000
98204  12.709  16.352  73.797 0.2500000000
135669  12.658  17.400  73.982 0.1250000000
96544  10.533  13.996  69.671 0.1250000000
97663  10.520  15.003  69.784 0.1250000000
97662  10.898  15.273  70.158 0.2500000000
97638  12.513  15.412  73.282 0.2500000000
96543  10.822  13.646  69.769 0.1250000000
96556  10.894  13.943  69.189 0.1250000000
96541  12.609  13.516  69.492 0.1250000000
96553  13.608  14.086  68.570 0.1250000000
95924  14.405  12.704  69.552 0.1250000000
139398  14.425  13.883  68.576 0.1250000000
96539  14.900  13.306  69.067 0.1250000000
95930  15.594  12.946  68.637 0.1250000000
96552  15.257  13.641  68.386 0.1250000000
95929  16.242  12.462  68.117 0.1250000000
95213  16.469  11.601  67.709 0.1250000000
96551  16.007  13.365  68.087 0.1250000000
144325  16.224  13.783  67.526 0.1250000000
95938  16.920  12.344  67.382 0.1250000000
95944  17.384  12.310  66.653 0.1250000000
99864  12.289  19.633  76.039 0.1250000000
97661  12.087  15.350  70.546 0.2500000000
97652  13.077  15.837  71.059 0.2500000000
97643  13.040  15.918  72.018 0.2500000000
143704  13.034  16.805  73.374 0.1250000000
97126  10.708  14.479  69.097 0.1250000000
97671  10.825  15.427  69.408 0.2500000000
98203  13.061  17.625  73.284 0.1250000000
96555  11.685  13.910  68.908 0.1250000000
97125  11.014  14.435  68.530 0.1250000000
97123  12.923  14.353  68.052 0.1250000000
97122  13.880  14.362  68.003 0.1250000000
97148  14.449  14.964  66.690 0.1250000000
97121  14.765  14.228  67.917 0.1250000000
97147  15.349  14.809  66.557 0.1250000000
130610  15.050  14.513  67.225 0.1250000000
96563  15.575  14.000  67.741 0.1250000000
97133  15.917  14.327  67.113 0.1250000000
96562  16.772  13.932  66.929 0.1250000000
97160  15.686  15.152  65.930 0.1250000000
97146  16.192  14.590  66.396 0.1250000000
99863  13.105  19.551  75.661 0.1250000000
99865  11.878  19.510  75.799 0.1250000000
99876  12.340  19.919  74.695 0.1250000000
131448  12.142  19.764  75.371 0.1250000000
99326  11.774  19.154  75.043 0.1250000000
99889  12.011  20.073  73.933 0.1250000000
147817  11.877  18.935  74.437 0.1250000000
98745  12.306  18.569  73.893 0.1250000000
98211  12.902  16.031  72.922 0.2500000000
97138  10.689  14.977  68.228 0.1250000000
97670  11.569  15.716  69.752 0.2500000000
98225  12.786  15.888  70.114 0.2500000000
98218  13.688  16.790  71.671 0.2500000000
98210  13.347  16.784  72.667 0.1250000000
97136  12.072  14.684  67.456 0.1250000000
97137  11.027  14.847  67.669 0.1250000000
97696  13.788  15.366  66.193 0.1250000000
97150  12.438  15.020  66.838 0.1250000000
97708  14.137  15.772  65.655 0.1250000000
97695  14.780  15.301  66.083 0.1250000000
97134  14.159  14.666  67.347 0.1250000000
97707  15.158  15.686  65.500 0.1250000000
97720  15.565  16.094  64.905 0.1250000000
97706  16.031  15.480  65.289 0.1250000000
100454  14.035  20.966  71.735 0.1250000000
99897  14.262  20.284  73.042 0.1250000000
100456  12.580  20.836  71.973 0.1250000000
100445  12.713  20.668  72.506 0.1250000000
100444  13.524  20.718  72.468 0.1250000000
99888  12.617  20.242  73.904 0.1250000000
100446  12.375  20.469  72.509 0.1250000000
100433  12.407  20.336  73.152 0.1250000000
99333  12.074  19.557  73.549 0.1250000000
99340  12.405  19.838  72.274 0.1250000000
99898  12.126  20.118  73.077 0.1250000000
141075  13.562  18.754  71.457 0.1250000000
99339  13.110  18.743  72.241 0.1250000000
99332  12.665  18.636  73.057 0.1250000000
98765  14.022  17.300  70.953 0.2500000000
98757  14.233  18.088  70.708 0.1250000000
98751  13.489  17.752  72.492 0.1250000000
98251  10.746  15.567  67.608 0.1250000000
137368  11.280  16.281  68.428 0.1250000000
98232  12.382  16.301  69.130 0.2500000000
98223  14.106  17.162  70.035 0.2500000000
148196  11.792  15.423  66.437 0.1250000000
97687  11.387  15.177  66.947 0.1250000000
97709  12.995  15.750  65.737 0.1250000000
98265  14.550  16.246  65.137 0.1250000000
147516  15.464  17.251  64.169 0.1250000000
98819  15.033  16.772  64.622 0.1250000000
100455  12.952  21.084  71.940 0.1250000000
99902  12.453  20.432  71.933 0.1250000000
99910  12.549  20.709  71.168 0.1250000000
99347  12.803  19.716  71.416 0.1250000000
99908  13.972  19.120  70.250 0.1250000000
98772  14.400  17.918  69.709 0.1250000000
97688  10.915  15.405  67.185 0.1250000000
98250  10.814  16.149  67.210 0.1250000000
98249  11.194  16.547  67.694 0.1250000000
98240  13.120  16.786  68.546 0.2500000000
98773  14.210  17.374  69.235 0.1250000000
97697  10.935  15.779  66.320 0.1250000000
98258  10.786  16.244  66.434 0.1250000000
98803  10.689  16.814  66.021 0.1250000000
98792  11.016  16.612  66.823 0.1250000000
98791  12.037  17.106  67.318 0.1250000000
97710  11.794  15.764  65.906 0.1250000000
101039  14.728  21.364  71.030 0.1250000000
101040  13.440  21.408  71.164 0.1250000000
101041  12.778  21.246  71.187 0.1250000000
99909  13.295  19.747  70.428 0.1250000000
99918  14.112  19.193  69.773 0.1250000000
98801  12.451  17.904  66.599 0.1250000000
98780  13.848  17.328  68.484 0.1250000000
99365  14.367  18.454  68.488 0.1250000000
98268  11.014  16.293  65.585 0.1250000000
98811  10.658  17.150  65.352 0.1250000000
99383  10.904  17.583  65.684 0.1250000000
98802  11.178  17.167  66.476 0.1250000000
98823  10.579  17.454  64.880 0.1250000000
101046  16.187  21.982  70.626 0.1250000000
101595  14.906  22.516  69.747 0.1250000000
101048  14.162  21.896  70.416 0.1250000000
101050  12.727  21.564  70.456 0.1250000000
100463  12.552  21.252  70.538 0.1250000000
100462  12.727  20.637  70.180 0.1250000000
99919  13.576  19.902  69.526 0.1250000000
99936  14.356  19.128  68.046 0.1250000000
99927  14.246  19.198  68.948 0.1250000000
99961  10.961  19.540  64.630 0.1250000000
99951  12.168  19.497  65.289 0.1250000000
99382  13.403  18.823  66.522 0.1250000000
99372  14.122  18.378  67.735 0.1250000000
147846  10.325  18.975  64.320 0.1250000000
99373  13.673  18.339  67.091 0.1250000000
102145  19.176  24.042  79.590 0.1250000000
102734  18.392  24.844  79.511 0.1250000000
102744  18.135  24.300  78.847 0.1250000000
102754  18.241  23.959  76.603 0.1250000000
101597  12.665  22.035  69.949 0.1250000000
101076  13.039  21.360  67.621 0.1250000000
101065  12.469  21.524  68.883 0.1250000000
134771  12.443  21.397  69.613 0.1250000000
100514  13.110  20.330  65.683 0.1250000000
100500  13.547  20.217  66.358 0.1250000000
100472  12.937  20.766  69.307 0.1250000000
100515  12.292  20.435  64.961 0.1250000000
99937  14.002  19.811  67.618 0.1250000000
99928  13.846  19.915  68.584 0.1250000000
99941  13.821  19.648  66.762 0.1250000000
99381  14.108  18.991  67.220 0.1250000000
103358  16.991  25.034  77.631 0.1250000000
103363  17.052  25.013  76.355 0.1250000000
129649  16.494  25.544  75.818 0.1250000000
102750  17.626  24.559  77.008 0.1250000000
102761  16.904  24.825  74.370 0.1250000000
143952  15.962  23.886  70.193 0.1250000000
102784  15.324  24.097  69.751 0.1250000000
102180  15.631  23.268  69.858 0.1250000000
102785  14.506  24.278  69.378 0.1250000000
101604  14.853  23.458  69.468 0.1250000000
102186  14.191  23.723  69.179 0.1250000000
102196  12.894  24.139  68.615 0.1250000000
102187  13.405  23.525  68.958 0.1250000000
102188  12.494  23.160  68.753 0.1250000000
101613  12.091  22.877  68.465 0.1250000000
101097  12.723  21.852  65.860 0.1250000000
101087  13.299  21.076  66.369 0.1250000000
103374  16.352  25.391  73.958 0.1250000000
103369  16.340  25.379  74.876 0.1250000000
103379  15.664  25.909  73.561 0.1250000000
103390  14.785  25.568  70.620 0.1250000000
102781  14.730  24.976  69.850 0.1250000000
102788  13.077  24.860  68.786 0.1250000000
102789  12.334  24.910  68.356 0.1250000000
134226  11.510  25.010  65.666 0.1250000000
102209  11.633  24.284  66.307 0.1250000000
101623  11.802  23.523  66.971 0.1250000000
102203  11.777  23.606  67.841 0.1250000000
102197  12.044  23.940  68.229 0.1250000000
102215  11.500  23.841  64.446 0.1250000000
102210  11.501  24.214  65.228 0.1250000000
101632  12.205  22.721  66.459 0.1250000000
101640  12.069  22.636  65.356 0.1250000000
101622  11.967  22.817  67.611 0.1250000000
101077  12.282  22.166  68.203 0.1250000000
103933  14.893  26.231  72.208 0.1250000000
149334  15.438  25.384  71.118 0.1250000000
103387  13.823  26.334  70.984 0.1250000000
103391  13.801  25.876  70.104 0.1250000000
103392  12.809  26.139  69.671 0.1250000000
103394  13.669  25.179  69.317 0.1250000000
102794  11.534  24.980  66.766 0.1250000000
103400  11.538  25.621  67.217 0.1250000000
102792  11.621  24.922  67.575 0.1250000000
103403  11.723  25.630  65.666 0.1250000000
102204  11.652  24.255  67.320 0.1250000000
102790  11.802  24.880  67.986 0.1250000000
129866  11.626  24.480  64.748 0.1250000000
102198  11.716  24.286  67.849 0.1250000000
148639  11.701  24.278  64.383 0.1250000000
103925  15.089  26.668  74.059 0.1250000000
103929  14.789  26.451  73.131 0.1250000000
103934  14.013  26.617  71.815 0.1250000000
103938  12.499  26.941  70.497 0.1250000000
104519  12.139  27.549  69.941 0.1250000000
103944  11.588  26.393  68.013 0.1250000000
103943  11.808  26.606  68.645 0.1250000000
131056  11.902  27.320  69.056 0.1250000000
103402  11.792  26.246  66.266 0.1250000000
103952  11.875  26.802  66.875 0.1250000000
104531  12.016  27.253  67.508 0.1250000000
104524  11.752  27.078  68.184 0.1250000000
104523  12.275  27.606  68.403 0.1250000000
144965  11.868  25.444  65.229 0.1250000000
103407  12.233  26.045  65.659 0.1250000000
103966  13.039  26.589  66.148 0.1250000000
103951  12.483  27.125  66.795 0.1250000000
104530  12.857  27.580  67.392 0.1250000000
102800  11.846  24.857  64.729 0.1250000000
103417  12.509  25.399  65.047 0.1250000000
103406  13.533  25.853  65.437 0.1250000000
103965  14.174  26.615  65.908 0.1250000000
103921  14.236  27.229  74.601 0.1250000000
103926  14.257  26.953  73.756 0.1250000000
103931  13.155  27.168  72.368 0.1250000000
103935  12.905  27.059  71.492 0.1250000000
103936  12.376  27.697  71.172 0.1250000000
104518  12.253  27.797  69.505 0.1250000000
104522  13.599  27.802  68.118 0.1250000000
103950  13.676  27.256  66.620 0.1250000000
104529  14.072  27.689  67.261 0.1250000000
103405  14.757  26.040  65.289 0.1250000000
134955  14.862  27.571  66.705 0.1250000000
103964  15.236  26.764  65.630 0.1250000000
104555  14.751  27.129  66.210 0.1250000000
124130  16.854  27.435  64.773 0.1250000000
103963  16.129  27.061  65.237 0.1250000000
104553  16.640  27.821  65.499 0.1250000000
103977  17.146  27.122  64.144 0.1250000000
143678  14.099  27.662  75.519 0.1250000000
105090  12.944  28.576  74.691 0.1250000000
104494  14.474  27.572  76.604 0.1250000000
147724  14.531  27.210  75.255 0.1250000000
104501  13.373  27.844  74.702 0.1250000000
104506  13.373  27.493  73.829 0.1250000000
104510  12.989  27.476  73.051 0.1250000000
104507  12.731  27.942  73.400 0.1250000000
104511  12.638  27.848  72.498 0.1250000000
104513  12.443  27.994  71.666 0.1250000000
139480  12.720  28.216  72.177 0.1250000000
104514  12.280  28.056  70.992 0.1250000000
104516  12.199  27.784  70.589 0.1250000000
105108  12.971  28.203  69.988 0.1250000000
105107  14.303  28.440  69.593 0.1250000000
105116  13.146  28.030  69.062 0.1250000000
105115  14.514  28.204  68.702 0.1250000000
105127  14.754  28.025  67.829 0.1250000000
145727  15.058  27.911  67.201 0.1250000000
104560  17.355  27.779  64.383 0.1250000000
105087  13.245  28.964  75.307 0.1250000000
105722  13.087  29.548  74.874 0.1250000000
104502  12.865  28.025  74.129 0.1250000000
105726  13.189  29.274  73.163 0.1250000000
105093  12.864  28.643  73.837 0.1250000000
105097  12.766  28.433  72.914 0.1250000000
105729  13.356  28.888  72.289 0.1250000000
105101  12.810  28.304  71.549 0.1250000000
105103  14.115  28.627  70.453 0.1250000000
105104  12.860  28.306  70.813 0.1250000000
105114  15.422  28.697  68.251 0.1250000000
105126  15.663  28.493  67.487 0.1250000000
105125  16.396  28.980  67.075 0.1250000000
104541  15.894  28.183  66.735 0.1250000000
104540  16.459  28.158  66.117 0.1250000000
105158  17.317  28.562  62.549 0.1250000000
105788  16.907  28.939  61.810 0.1250000000
105720  13.622  29.635  75.625 0.1250000000
106407  13.404  30.509  74.543 0.1250000000
143766  13.212  29.660  74.005 0.1250000000
126832  13.563  30.037  73.317 0.1250000000
105728  13.907  29.935  72.577 0.1250000000
105100  13.952  28.900  71.345 0.1250000000
142620  14.167  29.549  71.850 0.1250000000
146803  15.404  29.848  69.777 0.1250000000
105733  14.686  29.297  70.671 0.1250000000
105749  16.227  29.959  68.054 0.1250000000
128900  15.602  29.677  69.299 0.1250000000
105739  15.029  29.237  69.911 0.1250000000
106445  16.405  30.354  67.607 0.1250000000
105750  15.815  29.475  68.551 0.1250000000
106448  16.630  30.470  66.966 0.1250000000
105758  16.521  29.779  67.339 0.1250000000
105759  16.071  29.256  67.800 0.1250000000
125283  16.748  30.694  66.059 0.1250000000
105765  16.837  29.599  66.379 0.1250000000
130335  17.033  30.052  65.670 0.1250000000
105769  17.182  29.455  65.564 0.1250000000
105142  17.491  29.020  65.012 0.1250000000
134609  17.578  29.290  63.338 0.1250000000
105150  17.555  28.346  63.384 0.1250000000
105781  17.242  29.538  62.325 0.1250000000
105789  16.101  29.211  61.367 0.1250000000
106404  13.601  30.467  75.265 0.1250000000
107055  13.549  31.356  74.241 0.1250000000
106409  13.509  30.624  73.770 0.1250000000
107058  13.564  31.456  73.508 0.1250000000
106412  13.722  30.759  73.030 0.1250000000
107067  13.977  31.861  71.955 0.1250000000
107061  14.143  30.938  72.315 0.1250000000
107078  14.812  31.431  70.767 0.1250000000
107066  14.568  31.187  71.555 0.1250000000
106419  14.949  30.557  71.013 0.1250000000
107773  14.816  32.124  69.195 0.1250000000
107088  14.899  31.747  69.992 0.1250000000
130697  14.743  29.719  71.223 0.1250000000
144986  15.108  32.282  67.935 0.1250000000
107087  15.379  31.342  69.410 0.1250000000
106438  15.838  30.962  68.787 0.1250000000
106428  15.559  30.429  69.520 0.1250000000
107778  15.295  32.203  67.332 0.1250000000
107095  15.887  31.290  68.048 0.1250000000
142936  15.977  30.198  68.768 0.1250000000
107099  15.842  31.584  67.368 0.1250000000
107101  16.311  31.337  66.712 0.1250000000
135703  16.428  31.507  65.953 0.1250000000
107786  16.232  32.029  65.388 0.1250000000
107105  16.623  31.219  65.305 0.1250000000
106455  16.917  30.807  64.648 0.1250000000
106451  17.286  29.936  64.945 0.1250000000
106457  16.958  31.149  63.927 0.1250000000
145114  17.342  30.302  63.881 0.1250000000
107111  17.141  31.055  63.157 0.1250000000
106462  17.350  30.291  62.818 0.1250000000
106469  16.942  30.405  61.941 0.1250000000
106470  16.072  30.927  61.508 0.1250000000
147983  15.686  29.689  61.199 0.1250000000
128009  16.180  30.028  61.454 0.1250000000
131154  14.281  29.185  60.326 0.1250000000
105799  15.185  29.297  60.844 0.1250000000
107767  13.829  32.836  70.594 0.1250000000
107754  13.712  32.714  71.554 0.1250000000
107753  14.238  32.064  71.164 0.1250000000
139255  14.360  32.510  69.829 0.1250000000
107776  14.672  32.533  68.414 0.1250000000
107112  16.720  31.764  63.469 0.1250000000
106479  14.264  30.622  60.683 0.1250000000
106478  15.322  30.203  61.017 0.1250000000
106471  15.168  30.988  61.073 0.1250000000
133993  14.519  29.820  60.613 0.1250000000
107126  15.422  31.789  61.371 0.1250000000
106480  12.912  30.629  60.541 0.1250000000
107127  14.621  31.382  60.940 0.1250000000
141054  55.525  0.547  44.488 0.2500000000
107774  14.243  32.870  69.055 0.1250000000
128920  13.406  33.534  71.277 0.1250000000
128843  13.449  33.329  72.007 0.1250000000
66290  32.205  -19.477  80.524 0.2500000000
68349  33.880  -17.665  79.896 0.2500000000
79539  12.672  -7.808  68.548 0.3750000000
86640  11.420  0.431  65.197 0.2500000000
85807  55.389  0.393  51.709 0.2500000000
85853  56.626  0.278  48.614 0.1250000000
91510  10.816  6.654  65.371 0.2500000000
87743  56.205  1.341  43.966 0.1250000000
95841  25.600  12.655  78.741 0.2500000000
92854  11.373  8.695  73.912 0.3750000000
93592  10.654  9.519  74.044 0.3750000000
95158  10.418  11.520  74.621 0.3750000000
101047  15.366  21.914  70.468 0.1250000000
101594  15.882  22.551  70.255 0.1250000000
102156  18.663  23.738  77.940 0.1250000000
102756  16.978  24.894  75.302 0.1250000000
71455  42.395  -15.014  71.483 0.1250000000
71456  41.660  -15.143  70.923 0.1250000000
137868  41.013  -15.397  70.352 0.1250000000
72439  40.971  -14.438  69.711 0.1250000000
146953  12.377  -9.315  68.518 0.3750000000
84076  48.876  -1.732  53.130 0.2500000000
68357  33.787  -17.528  78.952 0.2500000000
69376  34.999  -16.549  78.328 0.1250000000
69415  36.354  -16.469  75.546 0.1250000000
69414  37.183  -16.516  75.554 0.1250000000
70489  42.084  -16.307  71.682 0.1250000000
75636  52.716  -11.400  57.761 0.2500000000
129722  51.497  -10.464  55.782 0.1250000000
75630  52.081  -11.687  58.233 0.2500000000
63123  29.194  -22.672  78.637 0.2500000000
65219  30.892  -20.454  79.616 0.2500000000
66297  32.005  -19.274  79.558 0.2500000000
68366  32.936  -17.774  77.574 0.1250000000
69402  34.407  -16.791  76.382 0.1250000000
67377  32.203  -18.256  76.282 0.1250000000
143223  32.418  -18.044  75.613 0.1250000000
69417  34.415  -16.917  75.392 0.1250000000
67388  32.298  -18.110  74.817 0.1250000000
124133  35.900  -16.531  74.750 0.1250000000
69427  35.335  -16.538  73.995 0.1250000000
69428  34.475  -16.763  74.399 0.1250000000
67399  31.777  -18.459  74.184 0.1250000000
68424  34.345  -17.316  72.632 0.1250000000
68425  33.289  -17.660  73.246 0.1250000000
68422  36.674  -17.168  72.858 0.1250000000
67357  33.033  -17.889  78.537 0.1250000000
128274  32.352  -18.361  78.098 0.1250000000
67367  32.312  -18.301  77.176 0.1250000000
133473  31.772  -18.695  76.877 0.1250000000
66313  30.535  -19.771  76.742 0.1250000000
67379  30.942  -19.276  76.267 0.1250000000
67368  31.680  -18.783  77.659 0.1250000000
66317  30.443  -19.630  75.799 0.1250000000
125617  28.676  -21.019  75.584 0.1250000000
68421  37.508  -17.447  72.990 0.1250000000
129402  38.885  -18.354  72.499 0.1250000000
67419  39.185  -18.840  71.912 0.1250000000
68444  41.353  -18.026  71.683 0.1250000000
69467  41.126  -17.158  70.791 0.1250000000
68450  41.176  -17.785  71.128 0.1250000000
136397  40.312  -16.708  69.973 0.1250000000
70515  40.326  -15.744  69.775 0.1250000000
128981  51.148  -12.247  59.018 0.2500000000
133558  45.644  -2.571  52.763 0.1250000000
133597  44.834  -2.601  52.672 0.1250000000
79672  50.543  -7.406  52.508 0.1250000000
84942  48.589  -1.689  52.487 0.2500000000
126901  50.877  -0.428  51.569 0.2500000000
147493  51.987  1.313  46.708 0.1250000000
85838  54.152  -0.675  49.477 0.1250000000
85874  52.096  -0.341  47.757 0.1250000000
85872  53.941  -0.303  47.758 0.1250000000
86803  52.926  0.862  46.893 0.1250000000
85854  55.700  -0.232  48.712 0.1250000000
92864  11.140  8.500  73.076 0.3750000000
92872  11.423  8.053  72.570 0.3750000000
86799  57.740  0.910  46.788 0.1250000000
86800  55.645  1.038  46.476 0.1250000000
93603  10.799  8.901  72.817 0.3750000000
91509  11.907  6.765  65.185 0.1250000000
88580  58.802  2.969  44.389 0.1250000000
95879  10.526  12.282  74.190 0.3750000000
144279  56.274  2.858  43.367 0.1250000000
128377  10.850  10.864  71.914 0.2500000000
92926  14.425  8.182  65.864 0.1250000000
86813  59.749  1.210  44.615 0.1250000000
136032  59.256  2.959  42.958 0.1250000000
133699  58.371  2.526  43.136 0.1250000000
97079  12.127  14.819  73.710 0.2500000000
96517  10.596  13.563  71.488 0.2500000000
95916  12.328  12.452  70.620 0.1250000000
97098  10.784  14.245  71.217 0.1250000000
97654  11.454  14.791  70.894 0.2500000000
96529  12.277  13.130  70.122 0.1250000000
96540  13.804  13.541  69.238 0.1250000000
97113  10.509  14.477  69.707 0.2500000000
96542  11.482  13.535  69.603 0.1250000000
96554  12.775  13.986  68.757 0.1250000000
99877  11.955  19.739  74.831 0.1250000000
98224  13.635  16.504  70.600 0.2500000000
97680  10.760  15.625  68.515 0.1250000000
98233  11.262  15.921  69.069 0.2500000000
97124  11.884  14.349  68.197 0.1250000000
97135  13.174  14.667  67.390 0.1250000000
97149  13.482  15.021  66.780 0.1250000000
127390  13.425  16.430  69.782 0.2500000000
98758  13.922  17.898  71.649 0.1250000000
143569  12.735  15.377  66.286 0.1250000000
100432  13.076  20.521  73.178 0.1250000000
148380  12.971  19.253  71.855 0.1250000000
99355  13.767  18.991  70.738 0.1250000000
127022  10.771  16.141  67.916 0.1250000000
98241  12.176  16.705  68.182 0.2500000000
98231  13.641  16.812  69.166 0.2500000000
98781  13.053  17.087  67.995 0.2500000000
98790  13.506  17.680  67.586 0.1250000000
98269  10.753  16.568  65.795 0.1250000000
101049  13.078  21.780  70.554 0.1250000000
99390  12.172  18.623  65.802 0.1250000000
99391  10.462  17.737  64.982 0.1250000000
128152  10.701  18.529  64.970 0.1250000000
101596  13.619  22.358  69.841 0.1250000000
101606  12.965  22.699  69.334 0.1250000000
102749  18.048  24.226  77.711 0.1250000000
101605  14.058  23.022  69.342 0.1250000000
131772  12.300  21.877  69.567 0.1250000000
101607  12.360  22.356  69.215 0.1250000000
101088  12.534  21.992  67.047 0.1250000000
100478  13.431  20.683  68.176 0.1250000000
134738  12.155  22.161  68.998 0.1250000000
146150  12.945  21.067  65.471 0.1250000000
136742  16.531  25.672  76.936 0.1250000000
103375  15.726  25.982  74.478 0.1250000000
103395  12.437  25.785  68.914 0.1250000000
103397  11.884  25.724  68.274 0.1250000000
102208  11.866  23.519  65.854 0.1250000000
103930  13.737  27.010  73.121 0.1250000000
103940  12.060  26.844  69.476 0.1250000000
103947  11.542  26.171  67.548 0.1250000000
103920  15.077  26.705  75.073 0.1250000000
105143  17.021  28.694  65.743 0.1250000000
105086  13.714  28.890  76.005 0.1250000000
105106  15.250  28.890  69.096 0.1250000000
105136  16.597  28.710  66.435 0.1250000000
106414  14.492  30.285  71.764 0.1250000000
107077  15.260  30.916  70.223 0.1250000000
107094  16.135  30.618  68.136 0.1250000000
107062  13.678  31.643  72.744 0.1250000000
61952  13.973  -24.523  91.705 0.1250000000
63026  13.441  -24.436  91.318 0.1250000000
149607  13.181  -23.911  90.347 0.1250000000
63036  13.452  -23.594  89.708 0.1250000000
63041  13.421  -23.401  88.773 0.1250000000
63021  14.592  -23.907  92.096 0.1250000000
148765  13.701  -24.487  91.497 0.1250000000
133254  14.403  -22.058  87.012 0.1250000000
63059  14.070  -22.922  86.584 0.1250000000
64103  13.847  -22.211  84.284 0.1250000000
65176  13.527  -21.524  83.810 0.1250000000
66248  13.192  -20.772  84.255 0.1250000000
65189  13.387  -21.849  82.874 0.1250000000
65190  12.840  -21.203  82.539 0.1250000000
128871  12.662  -22.141  80.688 0.1250000000
64114  13.130  -22.404  81.330 0.1250000000
64122  12.633  -22.408  80.000 0.1250000000
63085  13.236  -22.901  80.474 0.1250000000
61045  9.886  -25.134  76.327 0.1250000000
137129  12.814  -20.422  84.903 0.1250000000
66249  12.288  -20.362  84.399 0.1250000000
65191  11.868  -20.829  82.307 0.1250000000
65178  12.287  -20.732  83.108 0.1250000000
64115  12.608  -21.723  81.333 0.1250000000
65203  12.511  -21.290  81.880 0.1250000000
64116  11.058  -21.493  80.888 0.1250000000
142167  11.980  -21.608  80.856 0.1250000000
64133  11.982  -22.464  79.440 0.1250000000
64123  11.710  -21.893  80.192 0.1250000000
64134  10.705  -22.248  79.605 0.1250000000
62043  9.670  -23.739  78.205 0.1250000000
63110  10.549  -23.359  78.626 0.1250000000
149869  9.228  -24.195  77.646 0.1250000000
62059  10.107  -24.354  77.541 0.1250000000
62060  8.718  -24.126  77.339 0.1250000000
61031  9.364  -24.682  76.974 0.1250000000
133173  9.113  -24.996  76.280 0.1250000000
61032  8.694  -24.513  76.556 0.1250000000
135652  6.700  -24.127  74.761 0.1250000000
62084  6.700  -24.428  73.949 0.1250000000
66262  12.574  -20.608  83.755 0.1250000000
65205  10.550  -21.182  81.647 0.1250000000
149931  11.218  -20.940  81.954 0.1250000000
64124  10.620  -21.764  80.368 0.1250000000
63097  9.678  -22.462  79.403 0.1250000000
126035  10.314  -22.841  79.098 0.1250000000
63112  8.906  -23.209  78.581 0.1250000000
63111  9.614  -23.085  78.860 0.1250000000
62045  8.353  -23.564  77.701 0.1250000000
62044  8.804  -23.747  78.013 0.1250000000
62046  7.866  -23.070  77.818 0.1250000000
62061  8.271  -23.807  77.056 0.1250000000
147711  8.443  -24.188  76.507 0.1250000000
145965  8.379  -24.810  75.298 0.1250000000
63125  7.235  -22.980  77.653 0.1250000000
62069  8.164  -23.890  76.425 0.1250000000
62070  7.533  -23.701  76.412 0.1250000000
61047  7.974  -24.198  75.679 0.1250000000
62078  7.307  -24.329  75.240 0.1250000000
62071  6.828  -23.535  76.278 0.1250000000
137815  7.266  -23.944  75.867 0.1250000000
62079  6.717  -23.778  75.512 0.1250000000
141497  6.436  -23.832  74.203 0.1250000000
63166  6.308  -23.326  73.923 0.1250000000
64117  10.081  -21.601  81.017 0.1250000000
63098  8.952  -22.618  79.168 0.1250000000
64125  9.690  -21.903  80.212 0.1250000000
63099  8.308  -22.640  78.921 0.1250000000
134219  8.325  -23.110  78.277 0.1250000000
63113  7.780  -22.616  78.614 0.1250000000
63132  6.962  -23.353  77.018 0.1250000000
63133  6.530  -22.953  76.673 0.1250000000
63142  6.433  -23.121  75.825 0.1250000000
63150  6.379  -23.335  74.873 0.1250000000
64168  6.318  -22.527  75.308 0.1250000000
64179  6.299  -22.602  74.440 0.1250000000
65247  6.352  -21.899  74.866 0.1250000000
65257  6.396  -21.993  74.094 0.1250000000
64191  6.683  -22.172  73.505 0.1250000000
64192  6.431  -22.709  73.629 0.1250000000
63087  8.359  -22.221  79.712 0.1250000000
147800  7.741  -22.319  79.279 0.1250000000
63100  7.317  -22.375  78.988 0.1250000000
63114  7.372  -22.612  78.328 0.1250000000
63115  6.968  -22.588  78.018 0.1250000000
63126  6.730  -22.756  77.429 0.1250000000
64150  6.415  -22.313  77.017 0.1250000000
65244  6.370  -21.810  75.671 0.1250000000
66322  6.497  -21.172  75.928 0.1250000000
142621  6.476  -21.343  75.252 0.1250000000
65243  6.782  -20.779  75.322 0.1250000000
65246  6.643  -21.315  74.548 0.1250000000
66338  6.978  -21.157  74.094 0.1250000000
64141  6.947  -22.332  78.596 0.1250000000
64142  6.603  -22.165  77.877 0.1250000000
64136  6.671  -21.810  78.624 0.1250000000
65237  6.373  -21.720  76.476 0.1250000000
65223  6.440  -21.471  77.983 0.1250000000
65222  6.549  -21.127  78.577 0.1250000000
129445  6.699  -20.566  79.134 0.1250000000
66311  6.464  -20.992  77.437 0.1250000000
66305  6.467  -20.898  78.006 0.1250000000
66316  6.488  -21.070  76.710 0.1250000000
66310  6.727  -20.473  77.703 0.1250000000
72521  48.293  -14.085  58.892 0.1250000000
73525  48.614  -13.623  58.570 0.1250000000
73514  49.484  -13.634  59.647 0.1250000000
73523  49.811  -12.989  59.272 0.1250000000
73524  49.207  -13.416  58.936 0.1250000000
72520  48.917  -13.921  59.280 0.1250000000
73536  48.869  -13.114  58.355 0.1250000000
72533  48.018  -13.882  58.154 0.1250000000
74584  48.984  -12.627  57.836 0.1250000000
74575  49.443  -12.779  58.494 0.1250000000
61947  14.823  -23.864  92.301 0.1250000000
64097  14.127  -22.164  85.174 0.1250000000
65255  7.234  -21.465  73.669 0.1250000000
132310  49.748  -12.235  57.824 0.1250000000
65177  13.129  -21.029  83.338 0.1250000000
64110  13.067  -21.845  82.003 0.1250000000
64157  6.353  -22.416  76.185 0.1250000000
69452  14.238  -17.675  71.889 0.1250000000
68451  14.424  -18.215  70.559 0.1250000000
68446  14.182  -18.337  71.471 0.1250000000
75529  9.354  -11.915  67.621 0.2500000000
74476  8.349  -12.330  67.305 0.1250000000
76629  10.959  -11.034  68.044 0.2500000000
75544  9.788  -11.867  66.910 0.1250000000
75528  10.367  -11.522  67.487 0.2500000000
75542  11.466  -11.424  66.433 0.2500000000
75527  11.244  -11.210  67.255 0.2500000000
75543  10.577  -11.657  66.686 0.2500000000
76638  12.029  -10.909  66.925 0.2500000000
76628  11.824  -10.486  67.787 0.2500000000
77698  12.923  -9.690  66.792 0.2500000000
80471  13.754  -6.253  64.552 0.1250000000
133059  14.206  -5.826  63.914 0.1250000000
82341  13.671  -4.660  64.601 0.1250000000
130822  12.634  -3.887  65.614 0.1250000000
142108  12.600  -1.710  65.345 0.1250000000
82340  14.258  -4.298  64.038 0.1250000000
83971  13.440  -2.495  64.693 0.1250000000
85702  12.757  -0.271  64.721 0.1250000000
85810  52.457  -0.066  52.037 0.1250000000
139103  52.018  -0.352  51.145 0.1250000000
141459  55.815  -3.443  42.063 0.1250000000
84170  55.375  -2.987  41.423 0.1250000000
84190  54.959  -2.552  40.539 0.1250000000
84145  55.019  -3.329  43.534 0.1250000000
146895  54.879  -3.122  41.883 0.1250000000
84153  54.433  -3.190  42.447 0.1250000000
84154  53.467  -3.163  42.597 0.1250000000
84135  55.335  -2.734  44.435 0.1250000000
84136  53.847  -2.589  44.491 0.1250000000
84146  53.195  -3.011  43.734 0.1250000000
85895  54.666  -0.983  45.259 0.1250000000
84137  52.950  -2.378  44.527 0.1250000000
131379  53.620  0.170  45.002 0.1250000000
84147  52.377  -2.816  43.870 0.1250000000
86821  52.765  0.107  45.024 0.1250000000
84994  53.670  -1.604  45.084 0.1250000000
84995  52.535  -1.517  44.842 0.1250000000
148035  52.412  -0.643  45.002 0.1250000000
85898  51.738  -0.940  44.776 0.1250000000
137449  51.645  -2.488  43.964 0.1250000000
84138  52.227  -2.244  44.403 0.1250000000
84996  51.669  -1.761  44.451 0.1250000000
85899  51.099  -0.267  44.710 0.1250000000
84997  50.838  -1.221  44.412 0.1250000000
85001  49.918  -1.115  44.002 0.1250000000
85000  50.362  -1.866  43.835 0.1250000000
149027  49.687  -1.676  43.533 0.1250000000
94308  28.045  11.575  81.164 0.1250000000
95106  28.160  11.767  80.046 0.1250000000
95828  27.918  12.176  80.496 0.1250000000
95113  28.359  12.310  79.373 0.1250000000
146394  28.292  11.592  79.115 0.1250000000
149821  27.725  11.494  77.831 0.1250000000
95107  27.072  12.468  80.308 0.1250000000
136035  28.142  12.395  79.900 0.1250000000
95847  28.539  12.790  78.518 0.1250000000
131713  27.922  11.974  77.617 0.1250000000
95835  26.222  12.662  79.776 0.1250000000
95834  27.175  12.853  79.845 0.1250000000
96457  27.819  13.256  79.591 0.1250000000
95839  28.394  13.062  79.457 0.1250000000
97060  29.543  15.277  75.185 0.1250000000
96464  26.284  13.398  78.243 0.1250000000
96463  27.465  13.676  79.017 0.1250000000
96461  28.691  14.195  78.581 0.1250000000
96469  28.118  14.203  78.763 0.1250000000
96473  29.505  14.710  76.850 0.1250000000
96467  29.398  14.873  77.706 0.1250000000
96468  29.074  14.294  78.243 0.1250000000
95838  28.668  13.705  78.759 0.1250000000
97054  29.305  14.491  75.604 0.1250000000
131560  29.148  14.055  76.372 0.1250000000
95846  28.871  13.565  77.922 0.1250000000
97047  28.121  15.178  77.512 0.1250000000
97043  27.638  14.534  77.967 0.1250000000
97597  30.034  16.166  77.195 0.1250000000
97593  29.439  15.519  77.550 0.1250000000
97041  29.094  14.789  78.075 0.1250000000
125212  25.661  13.344  77.232 0.1250000000
96475  26.495  13.954  77.211 0.1250000000
79574  13.703  -7.865  65.025 0.1250000000
82318  13.224  -5.029  65.108 0.1250000000
82342  13.176  -4.225  65.094 0.1250000000
86748  53.742  0.243  52.207 0.1250000000
139203  54.580  -2.866  44.312 0.1250000000
94309  26.978  11.350  81.689 0.1250000000
97048  27.074  14.676  76.736 0.1250000000
97594  29.127  15.372  77.817 0.1250000000
69469  14.578  -17.558  69.530 0.1250000000
75530  8.723  -12.168  68.047 0.2500000000
83184  13.107  -3.294  65.067 0.1250000000
84829  12.700  -1.031  65.116 0.1250000000
85809  53.095  -0.194  51.520 0.1250000000
67444  14.108  -19.022  71.119 0.1250000000
76637  12.433  -10.246  67.181 0.2500000000
138032  13.679  -3.845  64.601 0.1250000000
124463  53.967  -2.961  41.770 0.1250000000
127292  54.063  -3.161  43.568 0.1250000000
86819  54.620  0.147  44.854 0.1250000000
85897  53.136  -0.708  45.148 0.1250000000
131378  51.948  -0.045  44.915 0.1250000000
84999  51.047  -2.058  44.105 0.1250000000
95833  27.892  12.650  79.946 0.1250000000
133094  28.222  11.870  78.494 0.1250000000
95840  26.742  13.151  79.292 0.1250000000
96462  28.315  13.702  79.114 0.1250000000
96470  27.199  13.996  78.337 0.1250000000
97042  28.616  14.677  78.262 0.1250000000
96474  29.229  14.153  77.368 0.1250000000
97604  30.005  16.151  76.120 0.1250000000
95854  28.632  13.397  76.533 0.1250000000
61008  27.939  -24.166  79.565 0.1250000000
62027  28.618  -23.663  80.823 0.1250000000
139015  28.136  -24.048  80.177 0.1250000000
61009  27.548  -24.565  79.823 0.1250000000
59946  27.159  -24.916  80.117 0.1250000000
59974  27.096  -24.932  79.553 0.1250000000
58853  26.651  -25.312  79.739 0.1250000000
59963  26.816  -25.177  79.512 0.1250000000
58841  25.549  -25.835  79.667 0.1250000000
62039  27.940  -24.026  78.927 0.1250000000
61016  27.488  -24.604  79.335 0.1250000000
59975  26.834  -25.198  79.026 0.1250000000
58852  26.424  -25.515  79.165 0.1250000000
58855  25.145  -26.179  79.079 0.1250000000
58856  24.289  -26.329  78.908 0.1250000000
58887  26.160  -25.685  78.615 0.1250000000
58870  25.328  -26.222  78.571 0.1250000000
58871  24.753  -26.420  78.460 0.1250000000
58872  23.642  -26.529  78.317 0.1250000000
61027  26.888  -24.968  78.194 0.1250000000
58890  24.710  -26.535  77.887 0.1250000000
58873  22.978  -26.574  78.179 0.1250000000
60995  28.498  -23.895  81.321 0.1250000000
140889  27.973  -24.569  81.155 0.1250000000
145574  28.187  -24.173  80.722 0.1250000000
59928  27.457  -24.916  81.396 0.1250000000
134466  27.710  -24.567  80.369 0.1250000000
59947  26.986  -25.086  80.163 0.1250000000
125812  26.592  -25.349  80.358 0.1250000000
59948  25.566  -25.696  80.354 0.1250000000
58842  24.916  -25.925  79.733 0.1250000000
58857  23.397  -26.341  78.974 0.1250000000
58858  22.472  -26.273  78.973 0.1250000000
59964  21.546  -25.790  79.443 0.1250000000
143126  21.745  -26.236  78.626 0.1250000000
60987  28.358  -24.138  82.090 0.1250000000
138502  27.008  -25.055  81.791 0.1250000000
59889  18.109  -25.233  84.719 0.1250000000
129935  26.525  -25.378  81.403 0.1250000000
140304  18.347  -25.193  84.062 0.1250000000
59949  24.816  -25.677  80.614 0.1250000000
59902  19.068  -24.972  83.652 0.1250000000
58843  23.973  -25.918  79.879 0.1250000000
59950  23.168  -25.643  80.446 0.1250000000
144070  18.859  -25.147  83.012 0.1250000000
148297  23.091  -25.968  79.615 0.1250000000
59937  19.357  -25.391  81.208 0.1250000000
59919  19.354  -25.239  82.251 0.1250000000
59953  20.307  -25.419  80.661 0.1250000000
124051  24.062  -25.980  83.700 0.1250000000
123768  20.643  -24.746  84.684 0.1250000000
60972  19.882  -24.628  85.216 0.1250000000
59896  25.072  -25.897  82.993 0.1250000000
124048  24.306  -25.987  82.999 0.1250000000
59898  23.442  -25.855  83.305 0.1250000000
59886  22.330  -25.456  84.172 0.1250000000
123846  21.602  -25.072  84.447 0.1250000000
59887  21.002  -24.990  83.984 0.1250000000
59888  19.300  -24.785  84.482 0.1250000000
59914  24.453  -25.773  82.274 0.1250000000
59915  23.676  -25.718  82.458 0.1250000000
59899  22.363  -25.526  83.406 0.1250000000
124049  21.651  -25.231  83.674 0.1250000000
59901  20.147  -24.873  83.864 0.1250000000
142381  23.994  -25.572  80.955 0.1250000000
59933  23.137  -25.509  81.580 0.1250000000
124047  22.062  -25.373  81.841 0.1250000000
59917  21.653  -25.295  82.779 0.1250000000
59900  20.842  -25.021  83.313 0.1250000000
127138  19.827  -24.942  83.085 0.1250000000
59935  21.297  -25.397  81.072 0.1250000000
124046  21.211  -25.243  81.967 0.1250000000
59918  20.570  -25.105  82.497 0.1250000000
59936  20.373  -25.278  81.617 0.1250000000
59951  22.403  -25.691  79.901 0.1250000000
149775  21.735  -25.513  80.276 0.1250000000
59884  24.282  -25.968  84.362 0.1250000000
124052  23.041  -25.788  84.723 0.1250000000
59885  23.587  -25.907  84.130 0.1250000000
146537  22.856  -25.713  83.305 0.1250000000
139877  5.861  -15.175  68.796 0.1250000000
72455  5.803  -14.410  68.497 0.1250000000
73449  5.755  -13.679  67.931 0.1250000000
73441  6.240  -13.899  68.629 0.1250000000
133025  6.155  -14.319  68.936 0.1250000000
71492  6.069  -16.008  68.616 0.1250000000
138448  7.128  -13.531  69.038 0.1250000000
74477  7.935  -12.622  67.960 0.1250000000
75522  8.645  -12.337  68.735 0.1250000000
139395  27.784  6.086  79.683 0.1250000000
91403  27.511  5.908  78.750 0.1250000000
145217  26.737  4.469  77.633 0.1250000000
144251  27.905  6.824  80.204 0.1250000000
59911  27.464  -24.846  82.180 0.1250000000
140945  24.008  -25.568  81.767 0.1250000000
124595  23.782  -26.019  84.805 0.1250000000
58840  26.014  -25.609  80.078 0.1250000000
145919  26.268  -25.610  79.383 0.1250000000
58869  25.861  -25.913  78.863 0.1250000000
59985  27.051  -25.001  79.015 0.1250000000
139898  25.886  -25.888  78.583 0.1250000000
59986  26.569  -25.347  78.452 0.1250000000
129751  25.396  -26.220  78.217 0.1250000000
57873  24.043  -26.554  78.178 0.1250000000
139437  27.395  -24.903  80.609 0.1250000000
59929  26.954  -25.169  80.895 0.1250000000
59930  26.151  -25.588  80.834 0.1250000000
59954  19.343  -25.526  80.261 0.1250000000
59952  21.055  -25.468  80.196 0.1250000000
124050  22.933  -25.730  83.841 0.1250000000
59916  22.734  -25.592  82.687 0.1250000000
59934  22.304  -25.496  80.853 0.1250000000
132547  7.292  -13.082  68.249 0.1250000000
58854  25.770  -25.904  79.225 0.1250000000
60898  15.252  -24.525  92.486 0.2500000000
60988  27.973  -24.596  82.585 0.2500000000
61033  8.462  -24.465  76.022 0.1250000000
62006  29.466  -23.203  83.237 0.5000000000
62019  29.333  -23.147  81.781 0.2500000000
62054  28.308  -23.549  78.631 0.2500000000
62062  7.651  -23.462  77.089 0.1250000000
63015  16.009  -23.247  92.855 0.3750000000
63068  29.937  -23.042  84.202 0.6250000000
63074  30.262  -22.297  82.829 0.6250000000
63094  12.913  -23.080  79.508 0.1250000000
64090  31.140  -21.526  84.185 0.7500000000
64098  31.152  -21.568  83.630 0.7500000000
64104  30.866  -21.713  82.874 0.6250000000
64107  13.653  -22.270  83.549 0.1250000000
64126  8.832  -21.957  80.422 0.2500000000
64156  28.722  -21.662  76.964 0.1250000000
65134  14.782  -21.498  89.795 0.3750000000
65144  29.696  -22.439  85.690 0.7500000000
65145  29.448  -22.255  86.004 0.7500000000
65183  31.485  -21.185  82.787 0.5000000000
65194  8.631  -21.161  82.403 0.5000000000
65204  11.717  -21.184  81.473 0.1250000000
65207  8.349  -21.388  81.713 0.3750000000
65220  30.469  -20.899  79.332 0.2500000000
65229  6.390  -21.635  77.271 0.1250000000
65256  6.760  -21.621  73.814 0.1250000000
66243  32.068  -20.470  83.749 0.7500000000
66266  32.299  -20.086  82.631 0.5000000000
66273  7.336  -20.197  82.789 0.6250000000
66315  6.747  -20.527  76.976 0.1250000000
66361  40.574  -18.925  71.952 0.1250000000
67307  31.237  -19.187  85.138 0.8750000000
67321  33.207  -18.739  82.385 0.6250000000
67390  31.169  -19.033  75.489 0.1250000000
67405  40.978  -18.776  72.801 0.1250000000
67418  41.001  -18.818  72.225 0.1250000000
67420  38.398  -18.590  71.642 0.1250000000
67434  40.893  -18.705  71.786 0.1250000000
68307  31.599  -18.543  85.059 0.8750000000
68368  23.941  -19.035  77.419 1.0000000000
68375  7.823  -19.355  77.645 0.2500000000
68405  37.033  -16.956  73.572 0.1250000000
68431  42.164  -17.443  72.764 0.1250000000
68432  41.503  -18.173  72.288 0.1250000000
68505  9.346  -19.248  65.813 0.1250000000
69336  34.548  -16.954  82.301 0.6250000000
69378  26.541  -17.222  78.653 1.0000000000
69471  6.823  -16.853  68.789 0.2500000000
70382  33.310  -16.690  83.932 0.8750000000
70383  32.391  -16.672  84.240 0.8750000000
70428  7.960  -17.080  80.024 0.6250000000
70523  6.469  -16.659  68.586 0.1250000000
70541  6.429  -16.697  68.217 0.1250000000
71348  7.503  -15.501  84.179 0.7500000000
71355  30.407  -16.208  83.025 1.0000000000
71359  34.918  -14.696  82.864 0.7500000000
71454  7.578  -14.994  71.302 0.2500000000
71457  29.463  -15.003  69.965 1.0000000000
71466  8.683  -15.547  70.850 0.2500000000
71506  8.548  -15.247  65.914 0.1250000000
72330  31.676  -14.473  81.949 1.0000000000
72361  12.390  -14.761  77.391 0.8750000000
72385  44.684  -14.377  74.336 0.7500000000
72394  44.870  -14.448  73.457 0.6250000000
72446  6.153  -14.787  69.207 0.1250000000
72458  27.494  -14.323  67.543 1.0000000000
73299  33.288  -13.854  82.082 0.8750000000
73308  34.280  -13.249  81.524 0.7500000000
73331  8.700  -13.646  80.319 0.8750000000
73336  11.635  -13.435  78.689 0.8750000000
73394  45.424  -12.995  73.317 0.7500000000
73412  8.996  -13.537  72.055 0.5000000000
73414  7.871  -13.917  71.534 0.3750000000
73423  10.522  -14.010  71.234 0.5000000000
73426  6.943  -14.257  70.538 0.2500000000
73433  7.188  -13.669  70.233 0.2500000000
74341  34.030  -12.845  81.068 0.8750000000
74368  36.624  -13.379  78.482 1.0000000000
74371  33.652  -11.746  78.861 1.0000000000
74416  40.091  -12.437  73.680 1.0000000000
74423  45.521  -12.219  72.995 0.7500000000
74445  8.636  -12.996  71.936 0.2500000000
74469  6.383  -13.337  68.045 0.1250000000
75450  36.941  -11.860  75.458 1.0000000000
75532  47.077  -11.390  65.861 0.7500000000
75533  46.961  -10.963  65.823 0.7500000000
76560  45.354  -10.845  73.798 0.7500000000
76588  14.310  -10.496  72.864 0.8750000000
76595  43.175  -10.383  71.530 0.6250000000
76597  33.437  -10.259  72.377 1.0000000000
77609  12.949  -9.830  77.163 0.8750000000
77625  33.940  -9.785  74.265 1.0000000000
77635  9.926  -8.975  73.202 0.7500000000
77764  54.315  -9.828  62.994 0.8750000000
78534  8.550  -7.945  81.275 0.8750000000
78557  13.287  -8.610  76.782 0.8750000000
78569  38.795  -8.237  74.485 1.0000000000
78578  37.739  -8.197  74.067 1.0000000000
78596  9.742  -8.919  73.038 0.7500000000
78655  53.134  -7.895  64.330 0.8750000000
79475  13.695  -6.935  75.462 0.8750000000
79565  51.898  -7.427  65.414 0.8750000000
80380  13.370  -6.576  74.753 0.8750000000
80382  11.285  -6.108  74.020 0.8750000000
80393  9.704  -6.811  73.506 0.8750000000
80424  11.301  -6.986  71.084 0.6250000000
80490  50.415  -6.438  63.088 0.8750000000
80616  59.367  -6.157  46.529 0.5000000000
80636  60.153  -6.229  44.866 0.5000000000
81314  8.864  -5.754  81.783 0.8750000000
81333  13.285  -5.364  76.879 0.8750000000
81341  13.224  -5.556  75.625 0.8750000000
81354  9.083  -6.034  73.338 0.7500000000
81375  45.060  -4.860  71.005 0.8750000000
81379  39.688  -5.718  70.128 1.0000000000
81385  8.728  -5.047  70.864 0.7500000000
81428  51.621  -4.995  65.094 0.8750000000
81461  49.105  -4.894  62.220 0.8750000000
81490  47.120  -5.463  60.572 0.7500000000
81502  49.452  -5.016  59.192 0.7500000000
81525  41.160  -5.345  58.549 0.7500000000
81526  40.351  -5.392  58.709 0.7500000000
81533  48.587  -5.744  57.031 0.7500000000
81637  59.746  -5.494  39.964 0.1250000000
82170  16.953  -4.271  90.091 0.8750000000
82233  10.422  -4.263  74.888 0.8750000000
82242  20.570  -3.951  73.375 0.2500000000
82319  52.075  -4.390  65.057 0.8750000000
82320  51.636  -4.257  64.963 0.8750000000
82384  51.598  -3.996  60.972 0.7500000000
82392  34.543  -3.871  60.931 0.6250000000
82397  50.059  -4.056  59.954 0.5000000000
82401  43.641  -3.971  58.752 0.5000000000
82403  38.331  -4.397  59.195 0.5000000000
82409  48.927  -4.689  58.728 0.7500000000
82503  60.061  -5.245  47.013 0.3750000000
83095  11.501  -3.348  75.741 0.8750000000
83102  20.503  -3.283  74.189 0.3750000000
83119  29.757  -3.327  71.297 0.1250000000
83141  9.812  -3.674  68.125 0.3750000000
83151  10.902  -3.692  67.181 0.5000000000
83182  14.199  -3.424  64.130 0.1250000000
83183  13.709  -3.142  64.551 0.1250000000
83187  50.390  -3.442  63.885 1.0000000000
83205  33.021  -2.962  61.833 0.5000000000
83231  42.857  -3.721  58.590 0.5000000000
83841  21.869  -2.221  83.695 0.6250000000
83842  20.329  -2.588  83.318 0.6250000000
83878  9.388  -1.786  75.835 0.8750000000
83895  30.233  -2.495  74.163 0.1250000000
83931  8.769  -2.622  69.354 0.7500000000
83949  10.042  -2.649  67.267 0.5000000000
83966  51.728  -2.906  64.757 0.7500000000
83996  46.252  -2.417  60.687 0.5000000000
84004  49.667  -2.430  59.780 0.2500000000
84022  47.705  -2.016  58.672 0.3750000000
84037  47.210  -2.670  57.987 0.3750000000
84038  46.594  -2.351  57.597 0.3750000000
84039  45.975  -1.934  57.317 0.3750000000
84068  43.927  -2.343  53.849 0.1250000000
84081  43.555  -2.127  53.171 0.1250000000
84149  49.936  -2.341  43.228 0.1250000000
84152  55.200  -3.295  42.380 0.1250000000
84187  57.970  -2.642  40.314 0.1250000000
84670  14.967  -1.590  90.789 0.8750000000
84711  19.578  -1.405  82.328 0.6250000000
84726  11.770  -1.190  78.957 0.8750000000
84730  21.623  -1.548  77.554 0.3750000000
84740  8.481  -0.856  75.578 0.8750000000
84807  8.742  -1.878  68.262 0.5000000000
84832  50.560  -1.841  64.330 0.8750000000
84838  48.748  -1.973  62.608 0.6250000000
84843  32.557  -1.761  62.418 0.5000000000
84854  36.313  -1.561  61.017 0.3750000000
84861  51.874  -1.875  61.140 0.5000000000
84946  48.948  -1.409  52.005 0.2500000000
85520  15.055  -1.237  90.614 0.8750000000
85537  26.550  -0.770  85.616 0.6250000000
85552  18.320  -0.656  82.833 0.6250000000
85563  10.041  -1.004  82.457 0.8750000000
85590  11.057  -0.918  77.682 0.8750000000
85592  9.125  0.258  77.266 0.8750000000
85593  8.580  0.339  76.657 0.8750000000
85623  8.425  -0.318  74.775 0.7500000000
85641  9.748  -0.738  72.669 0.7500000000
85686  8.756  -0.187  66.939 0.3750000000
85703  52.158  -0.692  63.636 0.5000000000
85715  48.211  -0.729  62.218 0.5000000000
85716  40.321  0.054  62.288 0.3750000000
85737  52.743  -0.404  61.576 0.5000000000
85741  45.219  -0.448  60.664 0.3750000000
85785  55.954  0.301  53.755 0.3750000000
85799  52.956  0.120  52.685 0.2500000000
85873  53.009  -0.339  47.785 0.1250000000
85896  53.928  -0.616  45.175 0.1250000000
86409  14.240  1.173  89.443 0.8750000000
86421  10.451  0.797  86.537 0.8750000000
86459  20.897  0.756  80.559 0.6250000000
86507  8.556  0.448  75.250 0.7500000000
86559  11.532  -0.083  71.769 0.7500000000
86601  37.846  0.572  68.914 0.1250000000
86624  9.343  0.940  67.590 0.3750000000
86626  8.525  0.530  67.342 0.3750000000
86643  9.409  1.660  65.925 0.3750000000
86671  52.888  0.320  61.762 0.5000000000
86702  47.182  1.202  57.908 0.3750000000
86711  46.157  0.934  57.110 0.3750000000
86746  56.057  0.849  52.254 0.3750000000
86802  53.717  0.861  46.820 0.1250000000
87355  10.833  2.059  87.003 0.8750000000
87378  9.584  1.683  84.046 0.8750000000
87397  17.253  1.746  82.256 0.7500000000
87402  9.548  2.169  82.388 0.8750000000
87449  9.450  2.053  78.605 0.8750000000
87457  17.244  1.918  77.578 0.7500000000
87465  8.611  1.126  76.554 0.8750000000
87473  17.322  2.057  76.992 0.7500000000
87489  8.683  1.115  75.916 0.8750000000
87517  10.820  0.741  73.887 0.7500000000
87523  16.315  1.807  72.052 0.6250000000
87537  16.416  1.990  71.190 0.6250000000
87565  41.468  1.201  68.555 0.1250000000
87572  15.979  2.119  68.378 0.6250000000
87574  13.834  1.126  67.880 0.3750000000
87587  14.710  1.635  67.789 0.5000000000
87608  9.751  2.249  65.375 0.3750000000
87615  9.847  2.329  64.900 0.3750000000
87618  50.754  1.218  63.635 0.5000000000
87624  52.459  1.933  62.749 0.3750000000
87632  52.972  1.797  61.560 0.5000000000
87643  51.297  1.587  60.196 0.1250000000
87647  48.625  1.426  58.968 0.2500000000
87668  45.851  1.227  56.319 0.2500000000
88256  17.134  3.624  88.316 0.7500000000
88283  10.277  2.384  85.666 0.8750000000
88293  9.915  2.531  84.267 0.8750000000
88303  28.332  2.610  83.505 0.6250000000
88305  26.454  3.026  83.551 0.6250000000
88335  9.982  3.356  80.259 0.8750000000
88355  9.941  2.894  78.625 0.8750000000
88367  9.383  2.039  77.414 0.8750000000
88374  22.862  2.138  76.250 0.1250000000
88377  10.505  2.353  77.364 0.8750000000
88422  16.874  2.681  70.919 0.6250000000
88437  16.546  2.828  69.206 0.6250000000
88439  45.183  2.194  68.769 0.1250000000
88463  13.384  2.427  66.497 0.3750000000
88467  9.197  1.484  66.364 0.3750000000
88474  10.710  3.200  65.512 0.3750000000
88491  43.923  1.842  62.923 0.2500000000
88496  48.775  3.208  62.093 0.3750000000
88571  52.114  2.019  46.607 0.1250000000
88579  59.644  2.679  44.132 0.1250000000
88589  60.061  2.226  43.842 0.1250000000
88591  58.352  3.751  43.870 0.1250000000
89094  28.158  3.321  84.123 0.6250000000
89124  20.351  3.310  80.599 0.6250000000
89143  26.373  3.988  77.604 0.2500000000
89188  17.621  3.924  72.420 0.6250000000
89219  16.595  3.460  69.584 0.6250000000
89248  10.938  3.911  65.505 0.3750000000
89259  11.113  3.598  63.817 0.2500000000
89281  50.718  3.860  59.067 0.1250000000
89286  49.220  3.689  57.768 0.1250000000
89289  48.677  3.802  57.118 0.1250000000
89298  47.566  3.864  56.137 0.1250000000
89307  46.119  3.229  54.979 0.1250000000
89814  19.206  4.867  86.993 0.7500000000
89819  28.331  3.921  84.027 0.6250000000
89857  26.773  4.777  76.969 0.1250000000
89896  17.501  4.247  71.770 0.6250000000
90006  52.115  4.831  62.278 0.3750000000
90022  52.303  4.822  61.953 0.2500000000
90043  51.717  4.516  60.201 0.2500000000
90070  48.071  4.920  56.800 0.1250000000
90076  41.690  4.620  57.568 0.1250000000
90672  18.388  5.184  78.806 0.6250000000
90678  18.377  5.427  78.160 0.6250000000
90725  16.060  5.115  69.944 0.6250000000
90785  9.819  5.959  64.980 0.3750000000
90819  51.658  6.176  62.753 0.2500000000
90839  51.271  5.989  60.859 0.2500000000
90842  47.354  6.157  60.438 0.1250000000
90859  44.983  5.546  59.420 0.1250000000
90860  44.078  5.521  59.361 0.1250000000
90873  46.525  5.502  58.615 0.1250000000
90881  39.113  5.155  59.125 0.1250000000
90886  45.347  5.142  57.881 0.1250000000
90887  44.608  4.963  57.762 0.1250000000
91373  20.120  6.681  86.099 0.7500000000
91446  16.703  6.481  72.579 0.6250000000
91453  14.565  6.974  71.057 0.3750000000
91496  9.989  6.716  66.499 0.3750000000
91498  48.926  7.148  65.608 0.1250000000
91525  10.169  6.132  64.864 0.3750000000
91526  50.764  7.313  64.073 0.1250000000
91527  50.499  6.961  64.389 0.1250000000
91540  46.563  7.009  62.621 0.1250000000
91549  51.185  6.543  61.569 0.2500000000
91552  48.488  6.744  61.476 0.1250000000
91554  46.075  6.620  61.933 0.1250000000
91574  41.602  6.197  59.879 0.1250000000
92060  28.104  7.130  83.510 0.6250000000
92064  28.283  7.344  83.108 0.5000000000
92072  28.415  8.090  81.871 0.2500000000
92158  12.216  6.951  70.822 0.3750000000
92182  47.854  7.513  66.160 0.1250000000
92206  50.501  7.668  64.025 0.1250000000
92207  49.954  7.939  64.108 0.1250000000
92825  21.485  8.604  77.447 0.5000000000
92914  15.050  8.719  66.275 0.1250000000
93524  26.262  9.922  81.714 0.5000000000
93556  19.305  9.521  78.251 0.5000000000
94294  15.543  10.749  83.543 0.5000000000
94350  21.607  10.054  76.136 0.2500000000
94353  18.594  10.509  76.469 0.3750000000
94355  11.092  9.948  76.610 0.5000000000
94363  21.359  10.323  75.462 0.2500000000
94365  19.222  10.502  75.624 0.2500000000
94384  20.117  11.011  73.649 0.2500000000
94385  10.499  10.045  73.616 0.3750000000
95112  11.163  11.082  79.990 0.5000000000
95120  24.456  11.583  78.084 0.3750000000
95123  15.587  11.819  77.371 0.5000000000
95124  10.694  11.372  77.902 0.5000000000
95130  17.169  11.251  76.079 0.3750000000
95152  21.539  11.149  74.335 0.2500000000
95154  19.386  10.932  74.081 0.2500000000
95157  16.753  12.008  74.668 0.1250000000
95163  21.728  11.757  73.641 0.1250000000
95166  18.808  11.554  73.460 0.1250000000
95168  10.431  10.732  73.575 0.3750000000
95175  20.053  11.945  72.800 0.2500000000
95197  15.438  11.665  68.972 0.1250000000
95823  10.969  13.307  82.200 0.5000000000
95826  10.986  12.442  82.287 0.5000000000
95853  10.586  11.737  77.237 0.5000000000
95858  23.343  11.569  75.872 0.2500000000
95861  14.560  12.856  76.511 0.2500000000
95875  23.486  13.006  74.111 0.1250000000
95888  20.895  11.891  72.978 0.1250000000
95890  18.375  12.369  73.236 0.1250000000
95892  17.066  12.790  73.741 0.1250000000
95899  21.060  12.715  72.663 0.1250000000
95901  19.800  12.679  72.661 0.1250000000
96453  11.139  14.219  81.826 0.3750000000
96477  14.867  13.124  75.893 0.2500000000
96492  23.864  13.628  74.067 0.1250000000
96503  18.367  13.301  73.163 0.1250000000
96504  17.687  12.959  73.433 0.1250000000
96515  20.423  13.191  72.628 0.1250000000
96518  10.474  12.941  71.833 0.2500000000
96532  10.405  13.991  70.190 0.1250000000
97053  29.769  15.373  76.424 0.1250000000
97063  24.636  14.887  74.298 0.1250000000
97075  20.939  14.761  73.205 0.1250000000
97076  18.564  14.151  73.330 0.1250000000
97077  17.358  14.608  73.735 0.2500000000
97099  10.421  13.845  70.745 0.1250000000
97587  10.638  15.883  80.760 0.3750000000
97619  23.450  15.849  74.104 0.1250000000
97672  10.613  14.969  69.127 0.2500000000
97698  10.847  15.804  66.895 0.1250000000
98181  16.321  16.653  76.304 0.1250000000
98189  24.642  16.197  74.555 0.1250000000
98192  19.989  16.680  75.496 0.1250000000
98281  10.736  16.868  65.319 0.1250000000
98705  17.127  17.816  78.203 0.2500000000
98709  29.911  17.632  76.911 0.1250000000
98750  23.815  17.774  72.379 0.1250000000
98779  14.355  17.863  68.874 0.1250000000
98789  14.205  17.859  68.174 0.1250000000
99279  29.138  20.097  77.166 0.1250000000
99320  11.634  18.862  76.874 0.1250000000
99354  14.275  18.634  70.098 0.1250000000
99361  14.377  18.518  69.304 0.1250000000
99950  13.207  19.520  66.007 0.1250000000
100410  28.601  20.551  77.254 0.1250000000
100418  28.484  21.044  77.123 0.1250000000
100442  15.778  20.399  72.187 0.2500000000
100473  12.462  21.144  69.978 0.1250000000
100488  13.660  20.489  67.119 0.1250000000
101004  28.035  21.590  77.094 0.1250000000
101055  12.471  21.592  70.079 0.1250000000
101549  21.658  21.867  79.943 0.1250000000
101550  21.087  22.543  80.052 0.1250000000
101556  19.807  22.931  79.616 0.1250000000
102195  13.729  24.302  68.966 0.1250000000
102767  23.854  24.131  72.950 0.1250000000
102775  16.670  24.473  71.786 0.2500000000
102780  15.612  24.716  70.489 0.1250000000
103361  21.724  25.755  76.556 0.1250000000
103386  14.835  25.999  71.405 0.1250000000
103398  11.588  25.625  67.828 0.1250000000
103408  11.678  25.138  65.175 0.1250000000
103946  11.675  26.748  67.516 0.1250000000
103953  11.621  26.281  66.960 0.1250000000
103967  12.198  26.599  66.344 0.1250000000
104498  13.511  28.317  75.390 0.1250000000
104552  17.259  28.196  64.964 0.1250000000
104554  15.760  27.502  66.042 0.1250000000
105109  12.241  27.986  70.344 0.1250000000
105147  17.596  28.509  64.201 0.1250000000
105732  15.203  29.988  70.369 0.1250000000
105772  17.543  29.409  64.302 0.1250000000
106452  16.903  30.536  65.325 0.1250000000
107098  16.297  30.953  67.498 0.1250000000
107102  15.649  31.935  66.812 0.1250000000
107766  14.458  32.134  70.470 0.1250000000
123761  41.624  0.264  61.976 0.3750000000
124178  32.018  -13.755  80.817 1.0000000000
124257  32.785  -18.175  84.163 0.8750000000
125159  14.848  0.819  80.978 0.7500000000
125912  8.640  -18.993  88.793 0.7500000000
125964  10.623  12.864  79.362 0.5000000000
126386  11.903  19.478  74.302 0.1250000000
126678  32.367  -14.434  82.525 1.0000000000
126899  29.575  18.260  76.856 0.1250000000
127319  15.673  0.846  81.011 0.7500000000
128156  22.123  21.386  79.893 0.1250000000
128288  8.328  -0.915  74.399 0.7500000000
128325  25.059  -10.024  79.858 1.0000000000
128375  41.460  -4.339  68.854 1.0000000000
129227  41.777  5.636  59.443 0.1250000000
129376  40.811  -18.441  71.291 0.1250000000
129647  9.571  -10.021  80.215 0.8750000000
130128  53.522  -8.639  63.842 0.8750000000
130368  10.007  -13.950  79.538 0.8750000000
130730  17.552  5.588  73.328 0.6250000000
131201  28.559  -21.500  76.231 0.1250000000
131342  18.064  4.893  75.378 0.6250000000
131932  43.551  -9.442  74.553 1.0000000000
132193  10.845  15.536  81.233 0.3750000000
133001  10.208  -7.867  80.209 0.8750000000
133046  28.004  5.050  84.079 0.6250000000
133274  5.847  -15.082  68.135 0.1250000000
133280  27.335  -15.504  69.143 1.0000000000
133322  8.415  -3.227  73.316 0.7500000000
133409  9.761  3.166  80.967 0.8750000000
133571  53.363  -3.676  62.861 0.7500000000
133822  35.407  -8.600  72.650 1.0000000000
133837  49.826  -4.647  59.702 0.7500000000
133839  52.483  1.010  60.822 0.3750000000
134142  21.800  4.017  79.422 0.6250000000
134222  47.338  1.826  61.534 0.3750000000
134486  30.682  -21.740  84.482 0.7500000000
135333  52.213  3.248  60.518 0.2500000000
135483  52.330  0.830  44.718 0.1250000000
135931  16.640  13.178  67.555 0.1250000000
135952  20.411  17.632  78.338 0.1250000000
136271  52.622  -4.760  61.740 0.7500000000
136815  52.666  -4.549  64.441 0.7500000000
137203  43.886  4.528  56.314 0.1250000000
137370  44.033  -14.499  74.798 0.7500000000
137382  47.443  3.228  56.195 0.1250000000
137650  36.165  0.474  66.685 0.1250000000
137748  31.655  -18.625  74.932 0.1250000000
137786  10.543  10.805  76.372 0.5000000000
137933  26.967  -25.055  79.778 0.1250000000
138080  23.047  16.356  74.335 0.1250000000
138124  11.986  0.982  74.361 0.7500000000
138797  31.787  -17.062  84.386 0.8750000000
139687  15.352  31.778  68.533 0.1250000000
139786  11.583  25.678  66.391 0.1250000000
139883  14.138  26.690  72.531 0.1250000000
139897  17.839  22.934  72.532 0.2500000000
140182  32.777  -17.856  75.934 0.1250000000
140228  13.091  -5.788  77.503 0.8750000000
140843  24.759  -25.892  82.618 0.1250000000
140969  22.553  18.035  76.442 0.1250000000
141015  14.810  1.558  85.005 0.7500000000
141365  53.496  -5.073  62.950 0.8750000000
141692  12.630  27.600  71.838 0.1250000000
141827  41.488  4.567  56.941 0.1250000000
141939  38.487  -7.840  74.157 1.0000000000
142023  44.021  -2.878  59.415 0.5000000000
142074  8.661  -3.111  74.833 0.8750000000
142229  22.220  -25.215  85.646 0.2500000000
142346  50.257  7.696  63.641 0.2500000000
142466  20.668  1.430  80.452 0.6250000000
142809  13.204  1.440  67.390 0.3750000000
142901  15.347  5.229  69.386 0.6250000000
143128  7.350  -15.848  70.263 0.2500000000
143300  35.225  -12.955  80.959 0.8750000000
143346  44.986  -11.033  74.262 0.7500000000
143583  11.369  12.263  82.704 0.5000000000
143858  26.560  -25.388  80.838 0.1250000000
144160  27.095  -24.988  82.491 0.3750000000
144214  12.332  19.459  72.856 0.1250000000
144280  21.694  -19.636  76.666 1.0000000000
144311  9.866  3.142  82.299 0.8750000000
144713  16.760  29.640  61.747 0.1250000000
144916  17.187  13.336  73.593 0.1250000000
145111  58.772  -2.423  52.063 0.6250000000
145261  48.469  -1.823  59.238 0.3750000000
145277  8.842  1.284  67.040 0.3750000000
145305  57.276  -5.395  56.754 0.7500000000
145326  29.677  15.389  77.299 0.1250000000
145414  33.459  -15.996  83.743 0.8750000000
145506  38.656  0.101  63.627 0.3750000000
145533  11.891  18.507  79.334 0.2500000000
145631  9.661  -19.797  75.010 0.1250000000
146002  50.246  -10.212  65.678 0.8750000000
146315  12.251  1.494  75.791 0.7500000000
146406  9.921  1.810  76.292 0.8750000000
146575  37.725  -6.895  68.711 1.0000000000
146623  49.895  -1.087  52.274 0.2500000000
146736  17.015  7.591  77.340 0.6250000000
146783  33.572  -1.486  69.399 0.2500000000
146804  15.525  31.846  67.848 0.1250000000
146880  13.197  -11.841  76.557 0.8750000000
146888  41.303  -15.533  74.810 0.5000000000
146905  34.400  -1.525  75.042 0.1250000000
147061  34.656  -11.289  77.432 1.0000000000
147074  38.447  -4.792  66.032 0.8750000000
147113  8.475  -0.520  76.017 0.8750000000
147261  39.660  0.772  69.086 0.1250000000
147491  10.777  15.178  67.629 0.1250000000
147580  18.505  -21.801  92.308 0.2500000000
147675  8.546  0.424  67.864 0.3750000000
147682  30.855  -16.900  84.119 0.8750000000
147750  18.029  2.781  78.515 0.7500000000
147901  42.133  -16.044  74.771 0.3750000000
148117  16.390  11.145  81.942 0.5000000000
148304  20.771  -0.660  75.176 0.2500000000
148309  13.161  1.598  82.577 0.8750000000
148371  18.964  10.496  76.043 0.3750000000
148445  12.661  -19.864  92.504 0.3750000000
148495  26.539  -6.690  81.292 0.8750000000
148508  56.466  0.819  53.280 0.3750000000
148617  12.921  29.070  74.392 0.1250000000
148979  54.375  3.538  46.722 0.1250000000
149088  45.745  -3.031  54.785 0.2500000000
149136  9.734  5.513  64.960 0.3750000000
149156  23.131  12.517  74.303 0.1250000000
149289  8.351  -2.333  74.246 0.7500000000
149566  12.142  19.156  77.595 0.2500000000
149597  12.012  -8.532  83.200 1.0000000000
149599  10.407  -20.604  73.617 0.1250000000
149677  48.749  5.622  58.688 0.1250000000
149779  46.626  3.118  55.393 0.1250000000
149977  18.390  4.918  79.999 0.6250000000
