#!ascii label  , from subject sub-v1s6x0051319_ses-1 vox2ras=TkReg
4112
138916  8.689  -26.737  88.719 0.6250000000
58788  8.879  -27.180  88.945 0.6250000000
58792  8.297  -27.326  88.466 0.6250000000
140060  8.581  -27.703  88.665 0.5000000000
58797  7.760  -27.609  87.874 0.6250000000
58779  10.607  -26.736  90.506 0.5000000000
58780  10.132  -26.835  90.370 0.5000000000
58781  9.807  -26.599  90.037 0.6250000000
57799  11.047  -27.745  89.925 0.5000000000
58786  9.949  -27.220  90.034 0.5000000000
59842  9.322  -26.613  89.288 0.6250000000
56858  11.257  -27.919  89.345 0.5000000000
56862  10.553  -28.333  88.731 0.5000000000
56859  10.599  -27.983  89.297 0.5000000000
57800  10.391  -27.619  89.810 0.5000000000
57801  9.773  -27.695  89.379 0.5000000000
58787  9.498  -27.165  89.472 0.5000000000
58796  8.120  -26.936  88.170 0.6250000000
57806  9.989  -28.126  89.119 0.5000000000
57802  9.129  -27.722  88.982 0.5000000000
59869  7.373  -27.346  86.410 0.7500000000
58767  13.361  -26.229  91.501 0.7500000000
59831  12.354  -26.128  91.411 0.7500000000
131624  11.809  -26.020  91.225 0.7500000000
59832  11.270  -26.076  90.859 0.7500000000
60916  10.375  -25.931  90.296 0.6250000000
58766  13.934  -26.255  91.479 0.7500000000
58770  13.375  -26.612  91.173 0.7500000000
131859  12.120  -26.506  91.117 0.7500000000
58772  11.541  -26.456  90.877 0.7500000000
141878  11.069  -26.430  90.671 0.7500000000
59837  10.737  -26.183  90.560 0.5000000000
60917  9.988  -26.103  90.148 0.6250000000
58776  13.399  -26.927  90.684 0.7500000000
58777  12.650  -26.941  90.825 0.6250000000
58778  11.857  -26.958  90.696 0.6250000000
133933  11.216  -26.885  90.591 0.7500000000
59838  10.225  -26.375  90.377 0.6250000000
60921  9.687  -26.120  89.671 0.6250000000
57796  13.035  -27.535  89.892 0.6250000000
57797  12.388  -27.616  89.941 0.6250000000
57791  12.169  -27.368  90.336 0.6250000000
57792  11.470  -27.384  90.313 0.5000000000
57793  10.820  -27.311  90.324 0.5000000000
59845  9.187  -26.234  89.014 0.6250000000
57805  12.552  -27.756  89.496 0.5000000000
56857  11.954  -27.819  89.500 0.5000000000
57798  11.718  -27.696  89.927 0.5000000000
60928  9.195  -25.998  88.784 0.6250000000
59846  8.648  -26.445  88.444 0.6250000000
56860  12.682  -27.908  88.905 0.5000000000
56861  12.173  -27.908  89.109 0.5000000000
60937  8.663  -26.298  88.186 0.6250000000
59858  7.885  -26.856  87.002 0.6250000000
59849  8.116  -26.726  87.686 0.6250000000
60968  8.368  -26.708  86.025 0.6250000000
59868  7.822  -26.967  86.260 0.6250000000
59879  7.823  -27.097  85.488 0.6250000000
59880  7.360  -27.521  85.655 0.7500000000
59859  7.408  -27.177  87.057 0.7500000000
59850  7.691  -27.205  87.555 0.7500000000
59891  7.873  -27.289  84.761 0.6250000000
130395  6.973  -27.764  86.507 0.7500000000
59825  13.021  -26.091  91.656 0.7500000000
60910  11.995  -25.537  91.157 0.7500000000
60911  11.531  -25.810  90.994 0.7500000000
60915  11.057  -25.768  90.574 0.7500000000
60905  13.191  -25.352  91.584 0.7500000000
60909  12.686  -25.221  91.391 0.7500000000
61959  12.555  -24.750  91.093 0.8750000000
61964  11.568  -25.116  90.488 0.7500000000
61962  10.577  -25.646  90.188 0.6250000000
60920  9.993  -25.759  89.898 0.6250000000
59830  14.558  -26.123  91.344 0.7500000000
59823  14.377  -25.807  91.718 0.7500000000
60903  14.585  -25.198  92.211 0.7500000000
61979  10.496  -24.954  89.108 0.6250000000
61972  10.456  -25.203  89.600 0.6250000000
145994  9.602  -25.877  89.338 0.6250000000
58775  14.035  -26.743  90.590 0.7500000000
61986  10.703  -24.872  88.319 0.6250000000
61980  10.015  -25.284  88.587 0.6250000000
61973  10.020  -25.393  89.276 0.6250000000
57789  13.485  -27.224  90.207 0.7500000000
61993  10.822  -24.899  86.985 0.6250000000
61987  10.142  -25.230  87.674 0.6250000000
61981  9.528  -25.653  88.036 0.6250000000
61974  9.551  -25.683  88.789 0.6250000000
57804  13.188  -27.661  89.363 0.5000000000
61994  10.004  -25.419  86.762 0.6250000000
60948  9.044  -26.072  87.383 0.6250000000
60959  8.421  -26.602  86.830 0.6250000000
60967  8.958  -26.436  85.743 0.6250000000
59890  8.489  -26.924  84.469 0.6250000000
60975  9.010  -26.435  84.925 0.6250000000
59905  8.685  -27.140  83.673 0.6250000000
59907  7.391  -27.818  84.266 0.6250000000
59924  8.184  -27.669  83.209 0.5000000000
58814  7.558  -27.992  83.503 0.6250000000
57849  7.678  -29.147  81.992 0.5000000000
58836  7.536  -28.694  82.571 0.5000000000
126915  7.087  -29.565  82.124 0.5000000000
56919  6.807  -30.068  81.881 0.5000000000
63018  17.414  -23.335  92.948 0.7500000000
63014  16.764  -22.901  93.425 0.7500000000
63017  17.960  -22.914  92.816 0.7500000000
145746  16.863  -23.675  92.812 0.7500000000
63019  16.310  -23.385  92.922 0.7500000000
61943  15.294  -24.057  92.564 0.7500000000
61947  14.823  -23.864  92.301 0.8750000000
63021  14.592  -23.907  92.096 0.8750000000
63030  14.184  -23.860  91.255 0.7500000000
61944  17.711  -23.515  92.240 0.7500000000
61945  17.244  -23.992  92.335 0.7500000000
60901  16.304  -24.923  91.953 0.8750000000
60897  16.018  -24.499  92.431 0.8750000000
61942  15.955  -24.016  92.650 0.7500000000
60904  13.971  -25.025  92.013 0.8750000000
61949  13.528  -24.909  91.658 0.8750000000
61953  13.121  -24.806  91.407 0.7500000000
63031  13.033  -24.236  90.878 0.8750000000
59835  16.062  -25.644  90.629 0.8750000000
59828  15.928  -25.511  91.052 0.7500000000
59829  15.234  -25.834  91.205 0.7500000000
59822  15.041  -25.627  91.718 0.7500000000
63048  12.741  -23.817  88.322 0.8750000000
63043  11.721  -24.361  89.444 0.8750000000
59841  16.194  -25.828  90.118 0.7500000000
58773  15.511  -26.142  90.295 0.6250000000
61992  11.710  -24.381  86.977 0.7500000000
63055  11.394  -24.500  88.323 0.8750000000
58791  15.075  -26.746  89.216 0.6250000000
58784  14.897  -26.637  89.889 0.6250000000
58785  14.121  -26.979  90.080 0.6250000000
61999  11.466  -24.706  86.078 0.7500000000
61985  11.233  -24.666  87.675 0.7500000000
58795  15.306  -26.823  88.439 0.6250000000
57803  13.776  -27.461  89.100 0.5000000000
62005  11.050  -25.297  84.675 0.7500000000
124835  10.653  -25.135  86.236 0.7500000000
133118  14.702  -27.317  88.011 0.6250000000
123746  14.483  -27.170  88.773 0.6250000000
57812  13.355  -27.821  88.635 0.5000000000
60983  9.940  -26.233  83.766 0.6250000000
60965  10.331  -25.663  85.045 0.6250000000
62001  10.169  -25.564  85.871 0.6250000000
57815  14.159  -27.771  87.576 0.6250000000
57811  14.008  -27.674  88.360 0.6250000000
56866  12.814  -28.092  88.130 0.5000000000
60991  10.163  -26.434  82.970 0.6250000000
60974  9.743  -26.090  84.573 0.6250000000
60966  9.601  -26.005  85.391 0.6250000000
56865  13.514  -28.007  87.894 0.3750000000
56876  12.920  -28.318  87.290 0.3750000000
59922  9.622  -26.905  82.516 0.5000000000
59942  9.154  -27.496  82.104 0.5000000000
58824  8.467  -27.903  82.512 0.5000000000
138347  8.907  -29.220  80.032 0.5000000000
58848  8.323  -28.756  81.451 0.5000000000
58835  8.096  -28.497  82.213 0.5000000000
57868  8.347  -29.544  80.489 0.5000000000
57858  7.993  -29.305  81.156 0.5000000000
148898  8.187  -30.067  80.291 0.5000000000
55967  8.666  -31.061  78.926 0.5000000000
66174  18.081  -20.677  92.856 0.7500000000
149607  13.181  -23.911  90.347 0.7500000000
64058  18.340  -22.316  92.383 0.7500000000
61951  17.949  -23.622  91.764 0.6250000000
60906  17.500  -24.234  91.700 0.8750000000
63041  13.421  -23.401  88.773 1.0000000000
63036  13.452  -23.594  89.708 0.7500000000
60907  17.004  -24.841  91.274 0.7500000000
63053  13.437  -23.477  87.106 0.8750000000
59840  16.804  -25.572  89.951 0.7500000000
63065  13.118  -23.772  85.577 0.8750000000
127734  12.570  -23.896  87.025 0.7500000000
58782  16.294  -26.020  89.474 0.8750000000
62004  12.175  -24.439  84.722 0.7500000000
58790  15.815  -26.488  89.022 0.6250000000
62009  11.961  -24.919  83.420 0.7500000000
123481  11.569  -24.787  85.115 0.7500000000
58794  15.753  -26.656  87.932 0.6250000000
60981  11.408  -25.496  82.982 0.8750000000
62010  11.223  -25.399  83.842 0.7500000000
57810  15.355  -26.985  87.630 0.6250000000
60999  10.991  -26.194  81.762 0.5000000000
60990  10.840  -26.002  82.552 0.6250000000
123595  15.454  -27.107  86.996 0.6250000000
59958  10.290  -27.153  81.104 0.5000000000
59941  9.831  -27.007  81.773 0.6250000000
57867  9.172  -28.585  80.280 0.6250000000
58833  9.485  -27.742  81.261 0.5000000000
58847  8.930  -28.396  80.982 0.5000000000
57881  9.245  -29.521  79.276 0.6250000000
56932  8.698  -29.879  79.827 0.6250000000
56941  9.035  -30.268  78.964 0.5000000000
55968  8.319  -30.578  79.731 0.5000000000
65121  19.005  -21.448  91.687 0.6250000000
65122  18.574  -21.190  92.248 0.7500000000
64061  19.168  -22.305  91.498 0.7500000000
63022  18.622  -22.661  91.790 0.7500000000
61957  18.766  -23.675  91.110 0.6250000000
124366  17.457  -24.625  91.198 0.7500000000
63059  14.070  -22.922  86.584 1.0000000000
64082  14.344  -22.574  87.800 1.0000000000
141782  18.564  -24.221  90.181 0.7500000000
128352  17.858  -24.592  90.269 0.7500000000
60913  17.652  -24.661  90.865 0.7500000000
63069  13.646  -23.113  84.779 1.0000000000
135702  19.345  -24.076  89.607 0.7500000000
60919  18.404  -24.533  89.587 0.7500000000
59833  17.233  -25.104  90.433 0.7500000000
62013  12.800  -24.400  82.942 1.0000000000
62008  12.679  -24.344  83.958 1.0000000000
59844  16.840  -25.661  89.173 0.7500000000
62022  12.970  -24.471  82.023 1.0000000000
62014  12.187  -25.031  82.530 0.8750000000
58789  16.334  -26.177  88.767 0.6250000000
60997  12.810  -25.230  80.653 1.0000000000
60998  11.862  -25.915  81.089 0.7500000000
58793  16.275  -26.316  87.943 0.6250000000
59956  11.595  -26.466  80.269 1.0000000000
58800  15.902  -26.715  87.267 0.6250000000
58878  11.643  -27.334  79.053 0.6250000000
58863  10.706  -27.641  79.631 0.6250000000
57818  15.767  -26.961  86.508 0.6250000000
135888  15.076  -27.492  86.366 0.6250000000
57879  10.604  -28.639  78.314 0.6250000000
58880  10.246  -28.405  79.159 0.6250000000
57821  15.912  -26.952  85.684 0.6250000000
57900  10.242  -29.347  77.920 0.6250000000
56950  9.565  -30.347  78.206 0.6250000000
55976  9.800  -30.808  77.536 0.5000000000
54950  9.313  -31.998  75.845 0.5000000000
54924  9.437  -31.548  77.462 0.5000000000
54937  9.398  -32.054  76.749 0.5000000000
53804  8.801  -32.642  76.512 0.5000000000
53805  8.131  -33.247  75.977 0.5000000000
65130  19.726  -21.174  90.750 0.6250000000
131074  19.280  -20.841  91.278 0.6250000000
65129  20.308  -21.503  90.334 0.6250000000
65124  19.831  -21.834  90.764 0.6250000000
63027  19.480  -22.814  91.068 0.6250000000
64097  14.127  -22.164  85.174 0.8750000000
129399  21.017  -21.841  90.142 0.6250000000
64065  20.325  -22.282  90.411 0.6250000000
148683  19.689  -23.045  90.723 0.5000000000
61963  19.810  -23.695  90.036 0.6250000000
64103  13.847  -22.211  84.284 0.8750000000
63072  13.704  -22.996  83.834 1.0000000000
64064  21.221  -22.406  89.834 0.5000000000
132612  20.684  -22.893  89.998 0.5000000000
144169  20.375  -23.463  89.464 0.5000000000
59839  17.503  -25.107  89.606 0.7500000000
63076  13.366  -23.583  82.326 1.0000000000
63073  13.318  -23.674  83.351 1.0000000000
61971  20.192  -23.664  89.046 0.5000000000
60935  18.949  -24.616  88.216 0.7500000000
60926  18.282  -24.907  88.905 0.7500000000
59843  17.463  -25.332  88.734 0.7500000000
145012  13.355  -23.899  81.522 1.0000000000
59847  17.375  -25.501  87.985 0.6250000000
61004  12.323  -25.784  80.033 1.0000000000
142345  17.893  -25.185  87.541 0.6250000000
59856  17.280  -25.686  87.186 0.6250000000
58799  16.517  -26.367  87.138 0.6250000000
59977  12.128  -26.783  78.272 1.0000000000
147585  16.112  -26.678  86.835 0.6250000000
58897  12.059  -27.419  77.472 0.8750000000
58803  16.365  -26.559  86.328 0.6250000000
57898  11.950  -28.297  77.064 0.7500000000
58898  11.347  -28.080  77.869 0.7500000000
57822  15.507  -27.391  85.088 0.6250000000
57899  11.099  -28.851  77.425 0.5000000000
56948  10.758  -29.725  76.948 0.5000000000
56949  10.030  -30.076  77.675 0.5000000000
54936  9.873  -31.354  76.570 0.5000000000
53817  8.607  -32.659  75.576 0.5000000000
144684  7.975  -33.126  75.258 0.3750000000
64069  22.662  -22.464  89.023 0.5000000000
64063  21.873  -22.255  89.228 0.6250000000
66190  21.089  -21.032  89.748 0.6250000000
66248  13.192  -20.772  84.255 0.8750000000
130490  13.352  -22.571  82.129 1.0000000000
63039  22.937  -23.355  88.771 0.5000000000
63033  21.676  -22.920  89.109 0.5000000000
63034  20.900  -23.258  89.311 0.5000000000
63085  13.236  -22.901  80.474 0.8750000000
64114  13.130  -22.404  81.330 1.0000000000
61968  23.492  -23.899  88.472 0.5000000000
60922  21.954  -24.096  88.320 0.5000000000
60923  20.991  -24.137  88.309 0.5000000000
142594  19.699  -24.397  88.267 0.7500000000
62035  13.004  -24.087  79.350 1.0000000000
140956  13.302  -23.573  80.027 1.0000000000
61978  23.421  -24.264  87.966 0.3750000000
130643  21.941  -24.463  87.894 0.5000000000
60944  20.998  -24.506  87.492 0.5000000000
138005  20.506  -24.522  86.906 0.5000000000
60946  18.732  -24.815  87.484 0.6250000000
61010  12.806  -24.888  78.706 1.0000000000
144305  12.733  -25.480  78.620 1.0000000000
59855  18.244  -25.154  86.893 0.6250000000
59867  17.569  -25.500  86.376 0.6250000000
61017  12.647  -25.373  78.105 1.0000000000
58802  17.028  -26.049  85.879 0.6250000000
58806  16.492  -26.517  85.361 0.6250000000
56962  11.484  -28.951  76.466 0.5000000000
56974  11.892  -29.003  75.485 0.6250000000
56007  10.880  -30.489  75.206 0.5000000000
130739  10.681  -30.267  76.166 0.5000000000
134433  9.990  -31.231  75.518 0.5000000000
56022  10.066  -31.008  74.549 0.5000000000
54966  9.413  -31.683  74.884 0.5000000000
129252  8.892  -32.224  75.063 0.5000000000
54967  8.588  -31.919  74.316 0.3750000000
53835  8.224  -32.584  74.753 0.3750000000
53837  6.779  -32.440  73.712 0.3750000000
54982  6.334  -31.959  73.076 0.3750000000
137129  12.814  -20.422  84.903 0.8750000000
65203  12.511  -21.290  81.880 0.8750000000
65178  12.287  -20.732  83.108 0.8750000000
63051  26.611  -23.362  86.959 0.3750000000
64078  26.192  -22.933  87.127 0.3750000000
64079  25.356  -22.559  87.621 0.3750000000
65141  24.492  -21.946  87.586 0.3750000000
64073  24.499  -22.497  88.528 0.3750000000
64068  23.644  -22.556  88.898 0.3750000000
64110  13.067  -21.845  82.003 0.8750000000
63058  27.588  -23.424  86.526 0.2500000000
63052  25.960  -23.038  87.684 0.3750000000
64072  25.304  -22.767  88.172 0.2500000000
61967  23.994  -23.343  88.693 0.5000000000
128871  12.662  -22.141  80.688 0.8750000000
61983  26.965  -23.818  86.741 0.2500000000
144446  26.549  -24.195  86.831 0.2500000000
61976  25.541  -24.163  87.682 0.2500000000
61977  25.097  -23.932  88.193 0.2500000000
144598  24.265  -24.070  88.264 0.3750000000
64122  12.633  -22.408  80.000 0.8750000000
60938  27.008  -24.186  86.408 0.2500000000
60951  26.816  -24.466  85.858 0.2500000000
60939  26.314  -24.522  86.444 0.2500000000
60940  25.535  -24.841  86.579 0.2500000000
127859  24.611  -24.998  87.152 0.3750000000
60941  23.935  -25.159  87.050 0.5000000000
140007  22.784  -24.958  87.090 0.5000000000
59854  22.322  -24.935  86.676 0.5000000000
60954  21.384  -24.652  86.761 0.5000000000
60956  19.473  -24.733  86.673 0.5000000000
59866  18.573  -24.936  86.118 0.5000000000
63108  12.562  -23.561  78.928 1.0000000000
59851  24.527  -25.275  86.589 0.3750000000
59852  23.750  -25.311  86.646 0.5000000000
59864  22.617  -25.201  86.142 0.5000000000
59876  20.713  -24.804  85.603 0.5000000000
60955  20.613  -24.769  86.266 0.5000000000
59877  18.880  -24.793  85.327 0.3750000000
62040  12.534  -24.136  78.500 1.0000000000
127573  21.558  -24.964  85.266 0.5000000000
60972  19.882  -24.628  85.216 0.3750000000
59878  17.822  -25.331  85.549 0.6250000000
61028  12.379  -25.299  77.297 1.0000000000
58805  17.206  -25.910  84.989 0.6250000000
127779  12.209  -27.678  76.721 0.8750000000
58809  17.457  -25.789  84.119 0.6250000000
58810  16.690  -26.468  84.453 0.6250000000
57923  11.993  -28.121  75.994 0.8750000000
56975  11.637  -29.741  75.123 0.5000000000
56021  10.790  -30.448  74.095 0.6250000000
56034  9.889  -30.695  73.525 0.6250000000
56035  8.825  -30.780  73.082 0.5000000000
54980  8.085  -31.406  73.435 0.3750000000
56036  7.324  -31.034  72.798 0.3750000000
56037  6.602  -31.275  72.724 0.5000000000
127648  6.050  -30.957  72.275 0.3750000000
54968  7.703  -32.217  73.935 0.3750000000
54981  7.120  -31.676  73.314 0.3750000000
54996  5.527  -31.473  72.205 0.2500000000
64084  29.449  -22.829  86.232 0.2500000000
64085  28.891  -22.548  86.211 0.2500000000
64086  27.964  -22.898  86.416 0.3750000000
65191  11.868  -20.829  82.307 0.8750000000
66262  12.574  -20.608  83.755 0.8750000000
144759  28.997  -23.334  86.186 0.2500000000
139716  28.590  -23.080  86.439 0.2500000000
61997  28.889  -23.514  84.950 0.2500000000
61989  28.787  -23.577  85.691 0.2500000000
142167  11.980  -21.608  80.856 0.8750000000
149931  11.218  -20.940  81.954 0.8750000000
61996  29.491  -23.200  84.553 0.2500000000
61998  28.324  -24.040  85.363 0.2500000000
61990  27.987  -23.905  85.815 0.2500000000
64123  11.710  -21.893  80.192 0.8750000000
64116  11.058  -21.493  80.888 0.8750000000
131279  29.164  -23.555  84.165 0.2500000000
60969  28.527  -23.975  83.833 0.3750000000
60950  27.630  -24.257  85.600 0.2500000000
60963  26.256  -24.833  85.360 0.3750000000
59860  25.576  -25.192  85.622 0.3750000000
59861  24.912  -25.434  85.888 0.3750000000
64133  11.982  -22.464  79.440 1.0000000000
135059  29.575  -23.316  83.768 0.3750000000
62007  29.060  -23.628  83.486 0.5000000000
60979  28.011  -24.460  83.376 0.6250000000
60971  27.266  -24.598  84.529 0.5000000000
59882  26.182  -25.316  84.201 0.5000000000
127886  25.049  -25.752  84.496 0.5000000000
59873  24.467  -25.807  85.221 0.5000000000
59863  23.363  -25.362  86.120 0.5000000000
126790  22.858  -25.493  85.526 0.5000000000
63096  11.247  -22.895  79.011 1.0000000000
60996  27.843  -24.669  81.877 0.7500000000
59893  27.491  -24.806  82.898 0.3750000000
59894  26.863  -25.043  83.207 0.5000000000
124595  23.782  -26.019  84.805 0.6250000000
59875  22.289  -25.323  84.977 0.6250000000
59887  21.002  -24.990  83.984 0.6250000000
123768  20.643  -24.746  84.684 0.3750000000
59888  19.300  -24.785  84.482 0.3750000000
59889  18.109  -25.233  84.719 0.5000000000
62042  10.945  -23.980  78.045 1.0000000000
141184  25.955  -25.619  81.788 0.5000000000
125941  25.783  -25.673  82.748 0.6250000000
59896  25.072  -25.897  82.993 0.6250000000
59898  23.442  -25.855  83.305 0.6250000000
146537  22.856  -25.713  83.305 0.6250000000
124049  21.651  -25.231  83.674 0.6250000000
59902  19.068  -24.972  83.652 0.3750000000
140304  18.347  -25.193  84.062 0.5000000000
60002  12.189  -26.320  76.230 1.0000000000
61043  12.068  -25.555  76.482 1.0000000000
124047  22.062  -25.373  81.841 0.6250000000
124046  21.211  -25.243  81.967 0.6250000000
59918  20.570  -25.105  82.497 0.5000000000
144070  18.859  -25.147  83.012 0.3750000000
138803  12.041  -27.202  75.073 0.8750000000
60017  11.101  -25.928  75.247 0.8750000000
60018  10.018  -25.761  74.977 0.8750000000
59936  20.373  -25.278  81.617 0.5000000000
59919  19.354  -25.239  82.251 0.3750000000
59920  18.132  -25.551  82.614 0.5000000000
59903  18.023  -25.485  83.449 0.5000000000
56992  11.901  -29.146  74.692 0.7500000000
58952  11.372  -27.654  73.581 0.7500000000
60033  9.933  -26.130  74.034 0.8750000000
58941  9.356  -26.417  73.371 0.8750000000
60034  8.936  -25.808  74.120 0.7500000000
59937  19.357  -25.391  81.208 0.2500000000
59938  18.309  -25.620  81.696 0.3750000000
56993  11.407  -29.878  74.483 0.6250000000
57009  11.455  -29.167  73.890 0.7500000000
57966  11.187  -28.344  73.274 0.7500000000
58954  9.896  -27.190  72.630 0.7500000000
58955  9.140  -26.820  72.546 0.6250000000
58967  8.744  -27.217  71.996 0.6250000000
59955  18.437  -25.693  80.767 0.3750000000
136373  11.110  -29.833  73.732 0.7500000000
57024  10.267  -29.317  72.589 0.6250000000
57973  9.601  -28.917  72.170 0.6250000000
57974  8.454  -28.026  71.797 0.6250000000
58968  7.982  -27.089  71.639 0.6250000000
57982  7.078  -27.521  71.211 0.6250000000
56033  10.507  -29.995  73.200 0.6250000000
57025  8.849  -29.398  72.225 0.6250000000
57026  7.979  -29.284  71.876 0.6250000000
57975  7.584  -28.232  71.535 0.6250000000
57983  6.710  -28.522  71.325 0.6250000000
56053  8.428  -30.126  72.461 0.6250000000
56054  7.538  -30.334  72.321 0.6250000000
57976  7.101  -29.086  71.604 0.5000000000
57040  6.345  -29.436  71.582 0.5000000000
133393  5.945  -28.953  71.249 0.5000000000
56055  6.731  -30.620  72.327 0.6250000000
57028  6.153  -30.237  71.921 0.5000000000
57041  5.732  -29.837  71.487 0.5000000000
127807  5.519  -30.742  71.761 0.2500000000
56077  5.120  -30.618  70.813 0.2500000000
56067  5.114  -31.054  71.326 0.2500000000
65152  29.016  -21.932  85.625 0.2500000000
65151  29.581  -21.748  85.093 0.2500000000
65192  10.734  -20.857  82.540 0.7500000000
65150  29.999  -21.845  84.783 0.2500000000
64083  29.614  -22.812  85.715 0.2500000000
65205  10.550  -21.182  81.647 0.8750000000
64117  10.081  -21.601  81.017 0.8750000000
63062  30.209  -22.724  84.158 0.1250000000
64124  10.620  -21.764  80.368 0.8750000000
64125  9.690  -21.903  80.212 0.8750000000
62003  29.840  -23.215  84.026 0.2500000000
64134  10.705  -22.248  79.605 0.8750000000
126035  10.314  -22.841  79.098 0.8750000000
63111  9.614  -23.085  78.860 0.8750000000
62012  29.395  -23.139  82.507 0.6250000000
60977  28.959  -23.609  82.728 0.6250000000
60978  28.505  -24.105  83.033 0.6250000000
63110  10.549  -23.359  78.626 0.8750000000
62043  9.670  -23.739  78.205 0.8750000000
149869  9.228  -24.195  77.646 0.7500000000
62060  8.718  -24.126  77.339 0.7500000000
62061  8.271  -23.807  77.056 0.7500000000
62069  8.164  -23.890  76.425 0.7500000000
62018  29.774  -22.752  82.312 0.7500000000
60986  28.918  -23.524  81.947 0.7500000000
60987  28.358  -24.138  82.090 0.7500000000
59911  27.464  -24.846  82.180 0.7500000000
62059  10.107  -24.354  77.541 0.8750000000
61031  9.364  -24.682  76.974 0.7500000000
61032  8.694  -24.513  76.556 0.7500000000
147711  8.443  -24.188  76.507 0.7500000000
145574  28.187  -24.173  80.722 0.6250000000
139437  27.395  -24.903  80.609 0.6250000000
138502  27.008  -25.055  81.791 0.6250000000
59914  24.453  -25.773  82.274 0.5000000000
59915  23.676  -25.718  82.458 0.6250000000
61030  10.521  -24.908  76.956 0.8750000000
61045  9.886  -25.134  76.327 0.7500000000
133173  9.113  -24.996  76.280 0.7500000000
61046  8.772  -25.000  75.722 0.7500000000
145965  8.379  -24.810  75.298 0.7500000000
129935  26.525  -25.378  81.403 0.6250000000
59930  26.151  -25.588  80.834 0.6250000000
59949  24.816  -25.677  80.614 0.5000000000
140945  24.008  -25.568  81.767 0.5000000000
59933  23.137  -25.509  81.580 0.5000000000
59935  21.297  -25.397  81.072 0.6250000000
60004  10.450  -25.513  75.714 0.8750000000
60005  9.431  -25.313  75.718 0.8750000000
60019  9.026  -25.438  74.944 0.8750000000
61053  8.581  -25.142  74.995 0.8750000000
61054  8.296  -25.115  74.548 0.8750000000
61055  7.919  -24.752  74.856 0.8750000000
147793  9.369  -25.747  74.525 0.8750000000
60020  8.592  -25.371  74.479 0.8750000000
60035  8.265  -25.562  73.929 0.8750000000
60036  7.672  -25.504  73.617 0.8750000000
59953  20.307  -25.419  80.661 0.6250000000
59954  19.343  -25.526  80.261 0.3750000000
60047  8.655  -26.167  73.388 0.7500000000
60058  8.455  -26.465  72.393 0.7500000000
60049  7.252  -25.633  72.958 0.7500000000
58860  19.882  -25.759  78.679 0.2500000000
60072  7.047  -26.536  71.402 0.6250000000
60073  6.468  -26.940  70.808 0.6250000000
58978  6.339  -27.986  70.885 0.5000000000
57984  5.893  -28.525  70.730 0.3750000000
130237  5.533  -29.422  71.005 0.3750000000
55043  5.649  -30.925  69.989 0.1250000000
148799  30.088  -21.181  84.796 0.1250000000
64091  30.682  -22.094  84.092 0.1250000000
63067  30.143  -22.850  83.854 0.2500000000
64118  9.281  -21.664  81.068 0.7500000000
64105  30.622  -21.992  83.185 0.3750000000
62002  29.901  -22.964  83.657 0.2500000000
63098  8.952  -22.618  79.168 0.8750000000
140281  30.516  -22.015  82.389 0.5000000000
147031  30.131  -22.470  82.169 0.6250000000
63099  8.308  -22.640  78.921 0.8750000000
62044  8.804  -23.747  78.013 0.8750000000
62045  8.353  -23.564  77.701 0.8750000000
62046  7.866  -23.070  77.818 0.7500000000
63078  29.710  -22.806  81.566 0.7500000000
62020  28.912  -23.443  81.385 0.6250000000
62027  28.618  -23.663  80.823 0.6250000000
63114  7.372  -22.612  78.328 0.7500000000
63125  7.235  -22.980  77.653 0.7500000000
134466  27.710  -24.567  80.369 0.6250000000
59947  26.986  -25.086  80.163 0.6250000000
125812  26.592  -25.349  80.358 0.6250000000
135652  6.700  -24.127  74.761 0.7500000000
61047  7.974  -24.198  75.679 0.7500000000
61009  27.548  -24.565  79.823 0.6250000000
58853  26.651  -25.312  79.739 0.6250000000
59948  25.566  -25.696  80.354 0.6250000000
58843  23.973  -25.918  79.879 0.5000000000
59950  23.168  -25.643  80.446 0.5000000000
59934  22.304  -25.496  80.853 0.5000000000
62084  6.700  -24.428  73.949 0.7500000000
62083  7.316  -24.705  74.442 0.8750000000
58852  26.424  -25.515  79.165 0.6250000000
58869  25.861  -25.913  78.863 0.5000000000
58842  24.916  -25.925  79.733 0.5000000000
148297  23.091  -25.968  79.615 0.5000000000
149775  21.735  -25.513  80.276 0.3750000000
59952  21.055  -25.468  80.196 0.5000000000
61076  6.470  -24.758  73.082 0.7500000000
61063  7.108  -25.160  73.617 0.8750000000
58859  20.947  -25.871  78.673 0.5000000000
59965  20.331  -25.589  79.601 0.6250000000
61086  6.036  -25.091  72.154 0.7500000000
61075  6.668  -25.272  72.790 0.7500000000
149182  5.982  -25.511  71.622 0.6250000000
58876  19.452  -26.010  77.954 0.2500000000
133570  5.688  -25.817  70.699 0.5000000000
60074  5.791  -26.514  70.541 0.3750000000
58979  6.001  -27.456  70.491 0.5000000000
59009  4.909  -27.807  68.953 0.1250000000
149119  4.952  -28.010  69.098 0.1250000000
57992  5.853  -27.988  70.198 0.3750000000
57999  5.304  -28.589  69.422 0.1250000000
57993  5.617  -28.890  70.249 0.2500000000
58018  5.774  -28.147  68.349 0.1250000000
57059  5.421  -29.373  69.927 0.1250000000
149884  5.405  -30.403  69.906 0.1250000000
65170  31.739  -20.946  83.397 0.2500000000
65149  31.366  -21.215  84.609 0.1250000000
65169  31.915  -20.785  82.956 0.5000000000
65159  31.638  -20.895  84.189 0.1250000000
64119  8.633  -21.634  81.085 0.7500000000
65198  31.400  -21.009  82.178 0.5000000000
64109  30.690  -21.854  82.971 0.5000000000
63086  9.058  -22.219  79.775 0.7500000000
63087  8.359  -22.221  79.712 0.8750000000
64128  7.392  -21.741  80.003 0.7500000000
64135  7.406  -22.118  79.493 0.7500000000
65210  31.313  -20.893  81.345 0.5000000000
64112  30.762  -21.586  81.759 0.5000000000
147800  7.741  -22.319  79.279 0.8750000000
63100  7.317  -22.375  78.988 0.8750000000
64141  6.947  -22.332  78.596 0.8750000000
66283  31.774  -20.225  80.949 0.6250000000
65211  30.701  -21.361  80.829 0.6250000000
63083  29.907  -22.562  81.120 0.7500000000
62026  29.148  -23.212  81.117 0.6250000000
63132  6.962  -23.353  77.018 0.7500000000
66297  32.005  -19.274  79.558 0.6250000000
65219  30.892  -20.454  79.616 0.7500000000
129764  30.228  -21.821  80.277 0.7500000000
63092  29.309  -22.859  80.081 0.7500000000
62071  6.828  -23.535  76.278 0.7500000000
68365  33.715  -17.416  78.005 0.7500000000
67357  33.033  -17.889  78.537 0.7500000000
66298  31.350  -19.787  79.094 0.7500000000
65221  30.132  -21.058  78.807 0.8750000000
64131  30.163  -21.548  79.513 0.7500000000
63093  28.861  -23.325  79.606 0.6250000000
61008  27.939  -24.166  79.565 0.6250000000
61016  27.488  -24.604  79.335 0.6250000000
141497  6.436  -23.832  74.203 0.8750000000
63150  6.379  -23.335  74.873 0.8750000000
68376  33.663  -17.335  77.011 0.7500000000
68366  32.936  -17.774  77.574 0.7500000000
66306  31.126  -19.449  78.145 0.7500000000
66299  30.669  -20.303  78.689 0.7500000000
64140  29.620  -21.938  78.892 0.7500000000
63107  28.914  -23.295  78.903 0.7500000000
62039  27.940  -24.026  78.927 0.6250000000
59985  27.051  -25.001  79.015 0.6250000000
58887  26.160  -25.685  78.615 0.6250000000
58870  25.328  -26.222  78.571 0.5000000000
58871  24.753  -26.420  78.460 0.5000000000
58873  22.978  -26.574  78.179 0.5000000000
58858  22.472  -26.273  78.973 0.5000000000
129451  6.105  -24.104  72.066 0.6250000000
62097  6.122  -24.359  72.538 0.7500000000
67367  32.312  -18.301  77.176 0.7500000000
67368  31.680  -18.783  77.659 0.7500000000
66307  30.615  -19.960  77.672 0.7500000000
65228  29.746  -21.177  78.048 0.6250000000
62066  28.041  -23.146  77.876 0.8750000000
61027  26.888  -24.968  78.194 0.6250000000
59986  26.569  -25.347  78.452 0.6250000000
58890  24.710  -26.535  77.887 0.3750000000
57873  24.043  -26.554  78.178 0.5000000000
143126  21.745  -26.236  78.626 0.3750000000
63192  6.155  -24.250  71.301 0.5000000000
62115  5.903  -24.670  71.687 0.5000000000
68390  33.470  -17.308  75.928 0.6250000000
127014  29.229  -21.030  77.237 0.5000000000
63131  27.932  -22.798  76.935 0.6250000000
62068  26.867  -24.175  76.983 0.5000000000
60000  26.281  -25.435  77.558 0.5000000000
58888  25.429  -26.188  77.951 0.5000000000
58889  24.918  -26.491  77.665 0.5000000000
57874  23.436  -26.757  77.660 0.5000000000
57876  21.892  -26.535  77.319 0.5000000000
58875  20.499  -26.016  77.910 0.2500000000
62131  5.738  -24.827  70.890 0.5000000000
61103  5.729  -25.311  71.238 0.6250000000
57915  23.745  -26.977  76.513 0.2500000000
57892  23.230  -26.990  76.982 0.3750000000
57893  22.176  -26.675  76.771 0.3750000000
58891  21.035  -26.274  77.209 0.3750000000
58892  20.001  -26.212  77.172 0.2500000000
62180  7.611  -24.908  69.421 0.1250000000
62165  7.113  -24.847  69.812 0.3750000000
62166  6.513  -24.907  69.917 0.3750000000
61122  5.666  -25.458  70.488 0.2500000000
57933  22.955  -26.952  75.806 0.2500000000
132083  22.883  -26.915  76.380 0.2500000000
61149  7.226  -25.377  68.959 0.1250000000
61150  6.279  -25.627  69.003 0.3750000000
127263  5.636  -25.744  69.730 0.2500000000
60089  5.508  -26.155  70.083 0.3750000000
61166  8.732  -25.697  68.077 0.1250000000
61167  7.909  -25.828  68.424 0.1250000000
60122  5.911  -26.415  68.631 0.1250000000
60105  5.253  -26.591  69.266 0.1250000000
58999  4.979  -27.427  69.118 0.2500000000
60140  9.269  -26.302  67.589 0.1250000000
60141  8.421  -26.537  67.777 0.1250000000
60143  6.572  -27.069  68.240 0.1250000000
59007  5.748  -27.295  68.418 0.1250000000
59021  8.124  -27.577  67.579 0.1250000000
59022  7.230  -27.806  67.821 0.1250000000
58017  6.424  -28.592  68.137 0.1250000000
68335  33.769  -17.932  81.380 0.6250000000
67328  33.341  -18.622  81.836 0.6250000000
66255  32.282  -20.352  83.156 0.5000000000
67334  33.357  -18.409  81.271 0.6250000000
65197  31.883  -20.511  82.488 0.5000000000
67342  33.344  -18.273  80.467 0.5000000000
66275  31.801  -20.300  81.846 0.5000000000
134114  7.030  -21.995  79.333 0.7500000000
68349  33.880  -17.665  79.896 0.6250000000
66290  32.205  -19.477  80.524 0.7500000000
64142  6.603  -22.165  77.877 0.8750000000
69377  34.331  -17.082  78.411 0.7500000000
68357  33.787  -17.528  78.952 0.6250000000
67349  33.233  -18.121  79.514 0.6250000000
66291  31.466  -19.943  80.065 0.7500000000
65244  6.370  -21.810  75.671 0.7500000000
64157  6.353  -22.416  76.185 0.7500000000
69390  34.564  -16.813  77.494 0.7500000000
64203  6.748  -22.797  72.820 0.7500000000
65257  6.396  -21.993  74.094 0.7500000000
64179  6.299  -22.602  74.440 0.8750000000
63142  6.433  -23.121  75.825 0.7500000000
63203  8.892  -24.038  70.850 0.2500000000
63204  8.066  -23.917  70.795 0.1250000000
64216  7.549  -23.127  72.063 0.5000000000
63182  6.489  -23.609  72.004 0.7500000000
63166  6.308  -23.326  73.923 0.7500000000
69416  35.354  -16.539  75.723 0.6250000000
62144  9.324  -24.540  70.220 0.1250000000
62145  8.445  -24.398  70.225 0.1250000000
62146  7.753  -24.369  70.284 0.1250000000
63191  7.310  -23.498  71.468 0.5000000000
124133  35.900  -16.531  74.750 0.5000000000
62163  8.832  -24.699  69.548 0.1250000000
138584  7.534  -24.672  69.901 0.1250000000
62148  6.402  -24.636  70.312 0.3750000000
62177  10.008  -25.110  68.807 0.1250000000
62178  9.269  -24.960  68.945 0.1250000000
62147  7.056  -24.532  70.253 0.3750000000
61163  11.224  -25.515  67.611 0.1250000000
61164  10.332  -25.532  67.777 0.1250000000
61148  8.895  -25.198  68.563 0.1250000000
128110  8.095  -25.182  68.867 0.2500000000
61175  10.856  -25.919  67.171 0.1250000000
61165  9.489  -25.558  67.910 0.1250000000
61186  12.657  -25.731  65.716 0.1250000000
61187  12.034  -26.071  66.160 0.1250000000
60152  11.391  -26.376  66.621 0.1250000000
60139  10.073  -26.086  67.411 0.1250000000
60154  9.888  -27.033  67.237 0.1250000000
68341  34.276  -17.404  80.839 0.6250000000
69345  34.190  -17.554  82.109 0.5000000000
69360  34.811  -16.845  80.269 0.5000000000
68356  34.526  -17.002  79.229 0.5000000000
66305  6.467  -20.898  78.006 0.8750000000
65222  6.549  -21.127  78.577 0.8750000000
133175  35.225  -16.422  78.932 0.5000000000
66316  6.488  -21.070  76.710 0.8750000000
66311  6.464  -20.992  77.437 0.8750000000
69376  34.999  -16.549  78.328 0.7500000000
65270  7.567  -21.945  73.208 0.6250000000
66338  6.978  -21.157  74.094 0.7500000000
142621  6.476  -21.343  75.252 0.8750000000
65237  6.373  -21.720  76.476 0.7500000000
69389  35.636  -16.491  77.569 0.7500000000
64215  8.248  -23.109  72.147 0.5000000000
64201  7.938  -22.524  72.701 0.5000000000
64191  6.683  -22.172  73.505 0.7500000000
65247  6.352  -21.899  74.866 0.8750000000
69401  35.369  -16.492  76.738 0.6250000000
62143  10.224  -24.656  70.293 0.1250000000
63202  9.929  -24.305  71.003 0.1250000000
63189  8.551  -23.552  71.478 0.3750000000
63190  7.793  -23.498  71.402 0.5000000000
143487  36.025  -16.462  76.270 0.6250000000
62160  12.178  -24.608  69.532 0.1250000000
62161  11.056  -24.760  69.799 0.1250000000
62162  9.871  -24.903  69.503 0.1250000000
68406  36.275  -16.774  73.771 0.3750000000
68422  36.674  -17.168  72.858 0.5000000000
62196  11.761  -25.246  68.144 0.1250000000
62197  10.721  -25.277  68.378 0.1250000000
62213  12.767  -24.997  66.969 0.1250000000
128236  13.749  -24.535  65.748 0.1250000000
61185  13.271  -25.272  65.303 0.1250000000
61173  12.356  -25.515  66.505 0.1250000000
61174  11.610  -25.757  66.847 0.1250000000
62236  13.833  -24.787  64.805 0.1250000000
62225  13.069  -25.147  66.162 0.1250000000
70419  36.188  -16.040  79.090 0.6250000000
69351  35.304  -16.520  80.456 0.3750000000
70430  36.425  -16.211  78.578 0.5000000000
69366  35.709  -16.205  79.035 0.6250000000
69374  36.904  -16.296  78.058 0.6250000000
69375  35.974  -16.394  78.311 0.6250000000
149830  36.843  -16.374  76.972 0.6250000000
65269  8.325  -21.806  73.177 0.6250000000
65255  7.234  -21.465  73.669 0.7500000000
69399  37.434  -16.395  76.483 0.5000000000
127665  36.214  -16.425  76.922 0.7500000000
64199  9.780  -22.258  72.603 0.2500000000
68389  37.819  -16.743  74.749 0.6250000000
69400  36.684  -16.450  76.319 0.5000000000
136468  10.982  -24.335  70.852 0.1250000000
63188  9.551  -23.614  71.547 0.1250000000
64214  9.175  -23.072  72.188 0.2500000000
69426  36.902  -16.643  74.537 0.6250000000
62142  11.984  -24.178  70.430 0.1250000000
68421  37.508  -17.447  72.990 0.6250000000
63248  13.848  -24.270  67.163 0.1250000000
134606  13.918  -24.219  67.915 0.1250000000
62159  13.059  -24.372  69.198 0.1250000000
67408  38.015  -17.942  72.273 0.5000000000
62194  13.269  -24.610  67.445 0.1250000000
62195  12.578  -24.971  67.807 0.1250000000
62212  13.454  -24.593  66.657 0.1250000000
63277  14.470  -23.876  65.811 0.1250000000
70412  35.975  -16.089  79.815 0.6250000000
69359  35.466  -16.350  79.708 0.6250000000
69373  37.620  -16.145  77.819 0.6250000000
69387  37.261  -16.295  77.400 0.6250000000
64200  8.787  -22.370  72.660 0.5000000000
63201  11.797  -23.400  71.242 0.1250000000
148885  38.495  -16.803  74.899 0.6250000000
68420  38.375  -17.735  73.202 0.7500000000
67419  39.185  -18.840  71.912 0.6250000000
63220  12.851  -23.998  70.007 0.1250000000
67421  37.507  -18.260  71.470 0.5000000000
63247  14.514  -23.726  67.331 0.1250000000
63219  13.586  -23.667  69.602 0.1250000000
70411  36.689  -15.863  79.244 0.6250000000
71385  37.799  -15.621  78.160 0.6250000000
133149  37.044  -16.090  78.511 0.6250000000
70429  37.987  -15.936  77.745 0.6250000000
69386  37.854  -16.190  77.065 0.6250000000
69385  38.372  -16.067  76.617 0.7500000000
69398  38.226  -16.326  76.197 0.6250000000
69413  38.755  -16.523  75.371 0.6250000000
68388  39.251  -16.993  74.705 0.6250000000
68402  39.700  -17.607  74.140 0.6250000000
67407  39.829  -18.716  72.603 0.6250000000
150025  39.794  -19.111  71.998 0.6250000000
66364  39.212  -19.768  70.998 0.3750000000
65292  38.850  -20.609  69.870 0.2500000000
64267  14.876  -23.081  67.747 0.1250000000
63233  13.826  -24.015  68.795 0.1250000000
70449  38.940  -15.835  76.043 0.7500000000
69412  39.549  -16.550  75.120 0.7500000000
68386  40.627  -16.998  74.422 0.6250000000
68401  40.478  -17.585  74.071 0.6250000000
67397  40.167  -18.231  73.480 0.7500000000
66344  40.662  -18.938  72.280 0.7500000000
126243  39.756  -19.365  70.957 0.5000000000
66362  40.015  -19.101  71.710 0.5000000000
66383  39.943  -19.403  70.291 0.3750000000
67457  39.592  -19.143  69.291 0.2500000000
136465  39.218  -20.700  68.977 0.2500000000
66422  38.918  -20.121  68.512 0.2500000000
67472  37.525  -19.695  67.398 0.2500000000
66432  37.359  -20.248  67.019 0.1250000000
70448  39.693  -15.530  75.415 0.7500000000
69395  40.636  -15.878  74.890 0.7500000000
124704  41.658  -17.625  73.739 0.7500000000
68418  41.331  -18.272  73.138 0.8750000000
149805  40.512  -18.748  71.345 0.6250000000
67449  40.323  -18.645  70.363 0.3750000000
68471  38.705  -18.839  68.589 0.2500000000
136988  37.914  -19.166  68.071 0.2500000000
67483  37.099  -19.780  66.862 0.1250000000
68502  36.705  -19.221  66.788 0.1250000000
68485  36.813  -18.226  67.141 0.3750000000
67485  36.361  -19.435  66.150 0.1250000000
69410  41.012  -16.574  74.505 0.7500000000
68417  41.734  -17.997  73.052 0.8750000000
68444  41.353  -18.026  71.683 0.8750000000
68456  40.655  -17.925  70.556 0.7500000000
69474  40.017  -17.473  69.823 0.5000000000
68463  39.318  -18.529  69.054 0.3750000000
69486  38.883  -17.697  68.792 0.3750000000
134810  37.297  -17.980  67.567 0.3750000000
68484  37.244  -18.969  67.450 0.2500000000
67500  35.881  -19.736  65.577 0.1250000000
70457  41.966  -15.682  74.821 0.6250000000
69409  42.289  -16.454  74.527 0.6250000000
69423  42.775  -16.838  73.991 0.6250000000
68399  42.304  -17.364  73.496 0.8750000000
69449  42.080  -16.822  71.898 0.8750000000
69467  41.126  -17.158  70.791 0.8750000000
136397  40.312  -16.708  69.973 0.8750000000
69475  39.502  -17.565  69.361 0.3750000000
70533  38.692  -16.537  68.560 0.3750000000
69487  38.206  -17.381  68.344 0.3750000000
69523  36.579  -17.295  66.843 0.3750000000
68503  36.319  -18.403  66.602 0.2500000000
68504  35.734  -18.567  65.984 0.2500000000
141730  42.537  -15.954  74.830 0.6250000000
69436  42.832  -16.867  73.185 0.8750000000
69450  41.648  -16.986  71.382 1.0000000000
138164  40.888  -16.358  70.443 1.0000000000
127379  39.807  -16.607  69.580 0.6250000000
70515  40.326  -15.744  69.775 1.0000000000
70532  39.262  -16.601  69.051 0.6250000000
124384  39.071  -15.653  68.662 0.5000000000
70547  37.592  -16.217  67.528 0.5000000000
69505  37.142  -17.178  67.330 0.2500000000
70548  37.047  -16.257  66.940 0.3750000000
70552  36.389  -16.329  66.477 0.2500000000
69524  35.956  -17.368  66.341 0.1250000000
71406  43.240  -15.639  74.822 0.6250000000
70478  43.265  -16.149  72.822 0.7500000000
71443  43.272  -15.578  72.326 0.7500000000
70488  42.660  -16.198  72.169 0.8750000000
70495  41.941  -15.724  71.398 1.0000000000
70502  41.442  -15.813  70.838 1.0000000000
137868  41.013  -15.397  70.352 1.0000000000
71484  39.998  -14.935  69.233 1.0000000000
146293  38.585  -15.716  68.241 0.5000000000
70534  38.153  -16.370  68.064 0.5000000000
71494  38.811  -14.973  68.067 0.5000000000
138398  38.170  -15.456  67.705 0.5000000000
71497  37.505  -15.216  67.011 0.3750000000
71425  43.913  -15.694  73.416 0.7500000000
72404  43.905  -14.955  72.444 0.6250000000
70494  42.621  -15.658  71.869 1.0000000000
71456  41.660  -15.143  70.923 1.0000000000
71455  42.395  -15.014  71.483 1.0000000000
71469  41.300  -14.718  70.290 0.8750000000
72439  40.971  -14.438  69.711 1.0000000000
72447  40.349  -14.522  69.173 0.8750000000
71493  39.451  -14.928  68.684 0.6250000000
72462  38.760  -14.418  67.572 0.5000000000
71496  38.189  -14.681  67.318 0.6250000000
72464  37.565  -14.323  66.677 0.3750000000
71424  44.356  -15.065  73.090 0.5000000000
72403  44.562  -14.327  72.687 0.5000000000
72413  43.193  -14.950  71.951 0.7500000000
73416  42.744  -13.758  71.080 0.7500000000
72425  42.059  -14.421  70.888 1.0000000000
72438  41.516  -14.311  70.226 0.8750000000
133263  40.674  -14.155  69.254 0.8750000000
147439  39.589  -14.461  68.410 0.7500000000
73443  39.296  -14.227  67.935 0.6250000000
72463  38.092  -14.111  66.923 0.5000000000
73403  44.586  -13.459  72.349 0.5000000000
73404  43.904  -13.210  71.875 0.6250000000
72412  43.782  -14.087  72.067 0.6250000000
73415  43.373  -13.647  71.556 0.6250000000
72424  42.945  -14.291  71.511 0.6250000000
74446  43.335  -13.085  71.289 0.6250000000
73427  41.959  -13.886  70.514 0.8750000000
73429  40.997  -13.492  69.497 0.7500000000
73435  40.355  -13.583  68.825 0.8750000000
73436  39.643  -13.635  68.222 0.7500000000
146436  39.374  -12.981  67.902 0.7500000000
75481  44.851  -11.715  72.214 0.3750000000
149531  43.939  -12.695  71.717 0.3750000000
137727  44.248  -12.142  71.752 0.3750000000
74447  42.852  -12.517  70.912 0.6250000000
74448  41.971  -12.589  70.460 0.7500000000
74455  41.243  -12.643  69.839 0.7500000000
74456  40.509  -12.709  69.275 0.8750000000
74463  39.814  -12.700  68.589 0.8750000000
74464  39.188  -12.213  68.086 0.7500000000
75491  43.818  -11.691  71.529 0.3750000000
75498  42.205  -11.786  70.786 0.5000000000
75499  41.358  -11.828  70.318 0.6250000000
75505  40.615  -11.878  69.773 0.7500000000
75506  39.945  -11.905  69.214 0.8750000000
75507  39.406  -11.132  69.061 0.8750000000
75514  39.468  -11.845  68.672 0.7500000000
134566  43.889  -9.985  71.781 0.3750000000
76594  44.053  -10.876  71.719 0.3750000000
76596  42.448  -10.005  71.362 0.5000000000
137615  43.308  -11.140  71.429 0.3750000000
76606  40.840  -10.181  70.636 0.5000000000
75500  40.676  -11.061  70.279 0.6250000000
76610  40.089  -10.241  70.104 0.5000000000
134067  40.002  -11.100  69.685 0.6250000000
76611  39.483  -10.279  69.434 0.5000000000
79540  42.412  -6.580  67.311 0.1250000000
79535  42.203  -6.705  68.292 0.1250000000
78616  39.688  -8.737  69.176 0.5000000000
79541  41.566  -7.111  67.614 0.1250000000
79542  40.681  -7.635  67.872 0.3750000000
79537  40.268  -8.060  68.803 0.5000000000
76618  38.853  -10.316  68.725 0.6250000000
78623  39.462  -8.599  68.457 0.5000000000
77663  39.241  -9.430  68.986 0.6250000000
78622  39.909  -8.028  67.998 0.5000000000
77671  38.708  -9.343  68.091 0.5000000000
77646  43.082  -9.304  71.644 0.3750000000
76605  41.690  -10.120  71.050 0.5000000000
77654  41.101  -9.261  70.899 0.5000000000
77655  40.365  -9.314  70.362 0.5000000000
79536  41.322  -7.357  68.729 0.2500000000
78615  40.173  -8.567  69.781 0.5000000000
77662  39.735  -9.410  69.712 0.5000000000
79550  41.965  -7.059  66.602 0.1250000000
78636  42.550  -7.592  65.877 0.2500000000
79519  44.006  -6.693  71.138 0.2500000000
79511  43.731  -7.426  71.531 0.3750000000
78597  43.735  -8.280  71.986 0.3750000000
80419  43.582  -6.468  70.430 0.2500000000
79520  42.843  -7.254  70.832 0.2500000000
78598  42.515  -8.169  71.298 0.3750000000
77647  42.031  -9.221  71.181 0.3750000000
80428  43.192  -6.349  69.620 0.2500000000
125840  42.412  -7.026  70.058 0.2500000000
78606  41.696  -7.770  70.480 0.3750000000
78607  41.560  -8.526  70.883 0.3750000000
79526  42.205  -6.840  69.209 0.2500000000
78608  40.832  -8.455  70.471 0.5000000000
142739  41.642  -7.364  69.656 0.5000000000
79527  40.884  -7.842  69.726 0.5000000000
78650  42.139  -8.177  65.404 0.3750000000
148312  41.887  -8.725  64.956 0.3750000000
133790  43.782  -5.681  69.264 0.2500000000
80435  43.035  -6.293  68.830 0.2500000000
80443  43.066  -6.141  67.961 0.2500000000
146097  43.025  -6.062  67.022 0.2500000000
77706  42.695  -8.804  64.895 0.5000000000
79549  43.046  -6.979  66.391 0.2500000000
76672  42.191  -9.366  64.385 0.3750000000
76690  42.209  -9.914  63.644 0.6250000000
142301  41.486  -9.798  63.390 0.6250000000
125985  41.884  -10.102  62.946 0.7500000000
76701  41.422  -10.302  62.257 0.6250000000
75601  41.750  -10.791  61.348 0.6250000000
75610  41.522  -11.387  60.181 0.6250000000
74558  41.027  -11.794  59.630 0.2500000000
75583  42.591  -10.301  63.101 0.8750000000
75595  42.233  -10.532  62.354 0.8750000000
71526  44.335  -14.964  59.451 0.3750000000
148844  41.463  -12.238  59.511 0.2500000000
71537  42.919  -15.310  58.978 0.1250000000
71528  42.840  -14.937  59.197 0.3750000000
72512  42.145  -14.697  59.022 0.3750000000
73506  42.181  -13.831  59.346 0.3750000000
73507  41.683  -13.160  59.259 0.2500000000
76671  42.892  -9.962  64.005 0.6250000000
76689  42.879  -10.208  63.573 0.7500000000
75594  42.960  -10.728  62.601 0.8750000000
75600  42.655  -11.069  61.679 0.6250000000
74546  43.055  -11.808  61.012 0.5000000000
74547  42.320  -11.543  60.604 0.3750000000
74557  42.050  -12.199  59.693 0.3750000000
71536  45.450  -15.189  59.412 0.3750000000
73505  42.906  -13.362  59.611 0.3750000000
134774  42.302  -12.980  59.507 0.2500000000
70577  45.670  -15.388  58.994 0.2500000000
72503  44.107  -14.490  59.618 0.5000000000
71527  43.535  -15.015  59.303 0.3750000000
72505  42.650  -14.291  59.370 0.3750000000
70597  45.793  -15.302  58.328 0.3750000000
75568  44.082  -10.746  64.018 0.7500000000
75569  43.447  -10.385  63.735 0.6250000000
75581  43.983  -10.874  63.409 0.7500000000
75593  43.582  -10.867  62.844 0.8750000000
75582  43.244  -10.510  63.242 0.8750000000
74535  43.486  -11.334  62.086 0.6250000000
72490  49.287  -14.138  61.335 0.6250000000
73480  49.049  -13.993  62.079 0.6250000000
74545  43.832  -12.062  61.270 0.7500000000
133625  49.866  -13.786  61.362 0.6250000000
72491  48.670  -14.421  60.934 0.7500000000
72492  47.929  -14.447  61.110 0.8750000000
72493  47.130  -14.295  61.077 0.7500000000
72494  46.310  -13.986  60.910 0.6250000000
73493  44.916  -13.368  61.002 0.5000000000
73494  44.175  -12.810  60.586 0.3750000000
74555  43.431  -12.536  60.296 0.5000000000
74556  42.729  -12.320  59.968 0.3750000000
73490  49.789  -13.836  60.830 0.6250000000
130109  48.176  -14.517  60.586 0.7500000000
72500  47.517  -14.535  60.546 0.7500000000
72502  45.815  -14.478  60.362 0.5000000000
145190  44.874  -14.372  60.215 0.6250000000
73503  44.249  -13.730  60.041 0.5000000000
73504  43.681  -13.288  59.893 0.5000000000
72498  49.249  -14.187  60.584 0.8750000000
72499  48.648  -14.384  60.298 0.8750000000
71523  46.984  -14.677  59.989 0.6250000000
71524  46.116  -14.893  59.934 0.6250000000
71522  47.872  -14.540  60.018 0.6250000000
71534  47.174  -14.853  59.472 0.6250000000
71533  47.797  -14.420  59.258 0.6250000000
70576  46.587  -15.303  58.957 0.5000000000
72504  43.412  -14.220  59.541 0.3750000000
70596  47.228  -14.882  58.798 0.6250000000
71564  46.270  -14.953  57.873 0.3750000000
70613  45.488  -15.209  57.506 0.3750000000
71575  45.924  -14.857  57.287 0.3750000000
75567  44.877  -11.107  64.379 0.7500000000
74510  45.078  -11.669  63.913 0.8750000000
75580  44.509  -11.222  63.845 0.7500000000
73468  48.129  -13.182  63.353 0.7500000000
135597  48.069  -12.751  64.305 0.6250000000
74522  44.633  -11.504  63.336 0.8750000000
146055  48.534  -13.723  62.482 0.7500000000
73481  47.759  -13.568  62.492 0.8750000000
129605  44.188  -11.765  62.099 0.7500000000
74523  44.137  -11.335  62.767 0.8750000000
73478  50.304  -13.525  61.834 0.3750000000
73482  46.880  -13.289  62.445 0.7500000000
73489  50.348  -13.474  61.130 0.5000000000
142304  48.405  -14.136  61.746 0.7500000000
72484  47.463  -13.967  61.751 0.7500000000
73491  46.612  -13.652  61.657 0.7500000000
73492  45.806  -13.366  61.420 0.7500000000
74544  44.547  -12.418  61.585 0.7500000000
72510  49.140  -14.119  59.959 0.7500000000
72511  48.492  -14.278  59.645 0.6250000000
72522  47.690  -14.361  58.488 0.6250000000
72534  47.372  -14.240  57.814 0.5000000000
71563  47.039  -14.707  58.168 0.3750000000
72535  46.587  -14.540  57.562 0.3750000000
74519  47.392  -12.710  64.125 0.7500000000
74520  46.641  -12.512  64.003 0.8750000000
123491  45.810  -12.202  63.864 0.8750000000
73469  47.173  -12.966  63.250 0.8750000000
73470  46.332  -12.725  63.196 0.8750000000
141575  45.703  -12.479  63.131 0.8750000000
74521  45.212  -12.055  63.298 0.8750000000
73483  45.997  -12.911  62.369 0.8750000000
74534  44.746  -12.057  62.618 0.8750000000
74533  45.359  -12.456  62.734 0.8750000000
73477  51.025  -13.153  61.621 0.3750000000
73484  45.259  -12.702  61.947 0.8750000000
73501  50.297  -13.375  60.533 0.3750000000
73502  49.675  -13.769  60.257 0.5000000000
73514  49.484  -13.634  59.647 0.6250000000
72520  48.917  -13.921  59.280 0.6250000000
72521  48.293  -14.085  58.892 0.6250000000
73525  48.614  -13.623  58.570 0.6250000000
73538  47.600  -13.681  57.525 0.6250000000
72550  46.819  -14.063  57.305 0.5000000000
73548  47.802  -13.013  57.249 0.7500000000
74553  53.033  -12.401  60.720 0.5000000000
74554  51.959  -12.559  60.805 0.6250000000
73500  51.001  -12.971  60.916 0.5000000000
75620  53.849  -11.738  59.527 0.5000000000
74562  52.845  -12.079  59.574 0.5000000000
74563  51.687  -12.378  59.606 0.5000000000
74564  50.659  -12.668  59.507 0.6250000000
73513  50.145  -13.263  59.944 0.6250000000
75629  53.112  -11.628  58.748 0.6250000000
74572  51.983  -11.943  58.943 0.7500000000
73512  51.112  -12.782  60.221 0.6250000000
75630  52.081  -11.687  58.233 0.7500000000
74573  51.226  -11.912  58.344 0.6250000000
74574  50.345  -12.392  58.602 0.6250000000
73523  49.811  -12.989  59.272 0.6250000000
73524  49.207  -13.416  58.936 0.6250000000
74583  50.556  -11.860  57.756 0.7500000000
74575  49.443  -12.779  58.494 0.6250000000
75638  50.712  -11.531  57.160 0.6250000000
132310  49.748  -12.235  57.824 0.7500000000
74584  48.984  -12.627  57.836 0.7500000000
73537  48.332  -13.210  57.835 0.7500000000
74591  50.031  -11.730  57.207 0.6250000000
74592  49.304  -12.114  57.196 0.6250000000
74593  48.552  -12.548  57.251 0.7500000000
74594  47.273  -12.814  56.903 0.5000000000
75635  53.960  -11.290  58.136 0.6250000000
75637  51.501  -11.525  57.534 0.8750000000
75636  52.716  -11.400  57.761 0.8750000000
75645  51.241  -11.235  56.772 0.7500000000
75646  50.408  -11.342  56.697 0.7500000000
75647  49.651  -11.529  56.712 0.6250000000
75648  48.835  -11.844  56.724 0.6250000000
75657  50.088  -11.064  56.236 0.6250000000
75644  52.241  -11.065  56.993 0.8750000000
76743  51.851  -10.770  56.327 0.7500000000
75656  50.915  -10.950  56.237 0.7500000000
76762  51.142  -10.109  55.283 0.7500000000
76752  50.585  -10.621  55.758 0.7500000000
76737  54.671  -10.699  57.694 0.5000000000
75643  53.425  -10.973  57.233 0.7500000000
76741  54.799  -10.248  56.970 0.5000000000
131204  52.900  -10.640  56.456 0.7500000000
76742  53.970  -10.536  56.665 0.6250000000
76750  53.450  -10.184  55.934 0.7500000000
76751  52.474  -10.304  55.826 0.7500000000
76749  54.366  -10.012  56.214 0.6250000000
129722  51.497  -10.464  55.782 0.8750000000
77816  53.028  -9.761  55.357 0.7500000000
77824  52.659  -9.351  54.852 0.7500000000
77825  51.712  -9.512  54.806 0.7500000000
78755  52.219  -8.828  54.426 0.6250000000
78760  51.678  -8.309  53.869 0.8750000000
78774  51.090  -7.799  53.252 0.7500000000
77809  55.238  -9.745  56.744 0.5000000000
77815  53.891  -9.619  55.511 0.6250000000
77823  53.479  -9.183  54.952 0.6250000000
78754  53.083  -8.713  54.471 0.7500000000
78759  52.637  -8.190  53.974 0.6250000000
79663  52.108  -7.637  53.434 0.8750000000
79671  51.579  -7.226  52.720 0.6250000000
77814  54.750  -9.395  55.902 0.5000000000
78749  54.258  -8.983  55.207 0.5000000000
78753  53.825  -8.547  54.633 0.6250000000
78758  53.378  -8.040  54.132 0.6250000000
79662  52.920  -7.474  53.604 0.6250000000
79670  52.463  -6.954  52.988 0.6250000000
80584  52.757  -6.227  52.518 0.6250000000
81566  53.704  -5.296  52.262 0.3750000000
80583  53.431  -5.939  52.730 0.5000000000
81565  54.398  -4.805  52.090 0.3750000000
77813  55.627  -9.099  56.442 0.3750000000
78748  55.110  -8.752  55.636 0.3750000000
78752  54.591  -8.319  54.976 0.5000000000
79657  54.066  -7.842  54.402 0.5000000000
79661  53.541  -7.229  53.923 0.6250000000
80576  53.880  -6.325  53.642 0.5000000000
80577  53.149  -6.682  53.259 0.5000000000
81559  54.119  -5.486  52.873 0.3750000000
79653  55.467  -8.099  55.491 0.2500000000
79656  54.936  -7.463  54.828 0.3750000000
79660  54.134  -7.073  54.280 0.5000000000
80574  54.727  -6.449  54.341 0.3750000000
81558  54.693  -5.605  53.694 0.3750000000
81557  54.969  -4.981  52.884 0.3750000000
126513  55.930  -4.608  52.869 0.3750000000
82460  55.436  -4.525  52.120 0.3750000000
82466  55.053  -4.464  51.362 0.3750000000
81554  55.574  -5.648  54.470 0.2500000000
82459  56.442  -4.367  52.168 0.3750000000
82452  55.606  -4.984  53.715 0.3750000000
58771  12.782  -26.442  91.330 0.7500000000
59824  13.750  -25.677  91.755 0.7500000000
59826  12.432  -25.676  91.407 0.7500000000
58769  14.179  -26.549  90.906 0.7500000000
57790  12.853  -27.336  90.313 0.7500000000
141712  11.648  -28.028  88.919 0.5000000000
60936  9.027  -25.994  88.182 0.6250000000
60949  8.500  -26.435  87.584 0.6250000000
60976  8.360  -26.752  85.249 0.6250000000
59892  7.287  -27.630  84.973 0.6250000000
61954  12.018  -24.904  90.948 0.7500000000
61955  11.624  -25.450  90.918 0.7500000000
61961  11.283  -25.456  90.494 0.7500000000
61948  14.250  -24.478  91.995 0.7500000000
61952  13.973  -24.523  91.705 0.6250000000
61960  11.893  -25.131  90.837 0.8750000000
63026  13.441  -24.436  91.318 0.8750000000
63038  11.621  -24.843  90.105 0.8750000000
61965  10.915  -25.325  90.075 0.6250000000
63032  12.137  -24.753  90.675 0.8750000000
61966  10.194  -25.521  89.798 0.6250000000
58768  14.663  -26.306  90.962 0.7500000000
60899  14.600  -24.460  92.286 0.7500000000
63050  11.137  -24.508  88.963 0.7500000000
63044  11.013  -24.847  89.564 0.7500000000
60927  9.763  -25.679  89.351 0.6250000000
58774  14.757  -26.476  90.467 0.7500000000
57795  13.608  -27.385  89.738 0.5000000000
61988  9.601  -25.639  87.377 0.6250000000
60957  9.502  -25.939  86.220 0.6250000000
61995  9.405  -25.863  86.885 0.6250000000
59906  8.002  -27.495  83.983 0.6250000000
60984  9.183  -26.566  84.129 0.6250000000
58826  7.270  -28.541  83.090 0.5000000000
58825  7.798  -28.176  82.841 0.5000000000
57859  7.429  -29.705  81.535 0.5000000000
57851  6.564  -29.693  82.465 0.5000000000
61946  16.681  -24.326  92.338 0.7500000000
149515  16.380  -23.983  92.653 0.7500000000
63016  15.503  -23.098  92.480 0.7500000000
148765  13.701  -24.487  91.497 0.7500000000
63023  18.127  -23.022  92.035 0.7500000000
65118  18.256  -21.550  92.736 0.7500000000
60900  16.916  -24.622  91.786 0.8750000000
59821  15.797  -25.393  91.559 0.7500000000
60908  16.455  -25.121  91.386 0.8750000000
63037  12.502  -24.235  90.059 0.8750000000
59827  16.562  -25.259  90.946 0.8750000000
59834  16.679  -25.412  90.535 0.7500000000
59836  15.366  -25.967  90.801 0.7500000000
63049  11.872  -24.122  88.693 0.8750000000
63054  12.047  -24.195  87.798 0.8750000000
63042  12.543  -23.843  89.186 0.8750000000
58783  15.661  -26.325  89.680 0.6250000000
57794  14.259  -27.079  89.490 0.6250000000
62000  10.871  -25.185  85.503 0.7500000000
60973  10.501  -25.769  84.220 0.7500000000
59904  9.431  -26.778  83.326 0.6250000000
60982  10.684  -25.904  83.397 0.6250000000
59923  8.947  -27.385  82.903 0.5000000000
58834  8.729  -28.149  81.753 0.5000000000
57857  8.587  -28.955  80.724 0.5000000000
57866  9.499  -28.828  79.563 0.5000000000
56925  7.798  -29.872  80.846 0.5000000000
54914  8.270  -31.771  78.817 0.5000000000
64057  18.692  -21.979  91.948 0.7500000000
61958  18.069  -24.124  91.340 0.6250000000
61950  18.443  -23.349  91.601 0.6250000000
60914  17.087  -25.011  90.868 0.7500000000
143784  12.883  -23.797  87.616 0.7500000000
142630  14.162  -22.977  87.238 0.8750000000
63047  13.659  -23.371  87.877 1.0000000000
63064  13.894  -22.991  85.768 1.0000000000
63061  12.417  -24.168  86.268 0.7500000000
63066  12.227  -24.307  85.425 0.7500000000
63060  13.349  -23.637  86.408 0.8750000000
63070  12.818  -23.927  84.774 0.8750000000
134956  11.766  -24.878  84.294 0.7500000000
137564  15.907  -26.505  88.434 0.6250000000
60989  11.668  -25.691  82.113 0.7500000000
59940  10.480  -26.690  81.591 0.6250000000
59939  11.011  -26.601  81.050 0.5000000000
59921  10.291  -26.485  82.174 0.6250000000
128303  9.452  -28.113  80.556 0.5000000000
59957  10.798  -27.039  80.353 0.5000000000
58846  10.066  -27.641  80.460 0.6250000000
58864  9.768  -28.114  79.877 0.6250000000
56940  9.635  -29.767  78.474 0.6250000000
55977  9.276  -30.955  78.261 0.5000000000
65125  19.477  -21.689  91.240 0.6250000000
63028  19.033  -23.040  91.387 0.6250000000
61956  19.400  -23.325  90.755 0.7500000000
60918  19.034  -23.861  90.453 0.6250000000
60912  18.355  -24.236  90.786 0.7500000000
133254  14.403  -22.058  87.012 0.8750000000
64075  14.581  -22.234  88.576 0.8750000000
132405  13.314  -23.627  84.121 1.0000000000
60925  19.144  -24.445  88.890 0.7500000000
62023  12.513  -25.205  81.615 0.7500000000
59848  16.825  -25.817  88.406 0.7500000000
59969  11.366  -26.966  79.732 0.5000000000
59968  12.150  -26.469  79.307 1.0000000000
123348  11.631  -27.526  78.272 0.8750000000
58879  11.039  -27.960  78.733 0.6250000000
57880  9.854  -29.102  78.772 0.6250000000
66192  19.554  -20.299  90.640 0.6250000000
66186  18.926  -19.942  91.188 0.6250000000
143093  19.900  -22.785  90.595 0.6250000000
64060  19.648  -22.314  90.972 0.6250000000
65133  21.765  -21.092  89.193 0.5000000000
65128  21.577  -21.719  89.536 0.6250000000
63035  20.097  -23.236  90.206 0.5000000000
65165  13.780  -21.359  84.683 0.8750000000
65176  13.527  -21.524  83.810 0.8750000000
60924  19.971  -24.114  88.634 0.7500000000
63075  13.574  -22.813  82.987 1.0000000000
63079  13.388  -23.137  81.385 1.0000000000
60947  18.038  -24.944  88.163 0.6250000000
62021  13.390  -23.710  80.760 1.0000000000
59857  16.825  -25.959  87.743 0.6250000000
61011  12.709  -25.636  79.144 1.0000000000
62028  13.232  -24.371  80.240 1.0000000000
58798  16.932  -26.122  86.606 0.6250000000
59987  12.352  -26.663  77.451 0.8750000000
55991  10.299  -30.555  76.855 0.5000000000
138021  22.343  -21.579  88.969 0.3750000000
65132  23.310  -21.766  88.820 0.3750000000
65177  13.129  -21.029  83.338 0.8750000000
65189  13.387  -21.849  82.874 0.8750000000
66249  12.288  -20.362  84.399 0.8750000000
65190  12.840  -21.203  82.539 0.8750000000
61969  22.785  -24.009  88.369 0.5000000000
61970  21.023  -23.591  88.747 0.5000000000
63040  21.895  -23.555  88.667 0.5000000000
60932  22.672  -24.351  87.873 0.3750000000
60934  20.501  -24.417  88.024 0.6250000000
60933  21.328  -24.492  87.839 0.6250000000
60945  19.840  -24.493  87.565 0.7500000000
61003  12.915  -25.011  79.668 1.0000000000
141594  22.532  -24.620  87.492 0.5000000000
60931  23.252  -24.786  87.403 0.5000000000
60943  21.971  -24.585  87.345 0.5000000000
55990  11.195  -29.690  75.883 0.5000000000
56023  9.156  -31.301  73.955 0.5000000000
53836  7.262  -33.032  74.553 0.3750000000
56038  6.012  -31.549  72.590 0.2500000000
64115  12.608  -21.723  81.333 0.8750000000
64080  24.832  -22.255  88.033 0.3750000000
65135  24.255  -21.859  88.162 0.3750000000
64074  23.984  -21.914  88.642 0.3750000000
61975  26.190  -23.742  87.302 0.2500000000
63045  25.604  -23.403  88.063 0.2500000000
63046  24.896  -23.315  88.477 0.3750000000
61982  27.544  -23.845  86.267 0.2500000000
61984  25.919  -24.407  87.027 0.2500000000
60929  25.244  -24.746  87.188 0.1250000000
144779  24.827  -24.507  87.742 0.2500000000
60930  24.054  -24.668  87.594 0.3750000000
61991  27.410  -24.096  86.009 0.2500000000
60962  27.074  -24.546  85.201 0.2500000000
60952  25.893  -24.848  85.965 0.3750000000
144158  25.007  -25.093  86.763 0.2500000000
60953  25.202  -25.158  86.260 0.2500000000
60942  23.374  -25.192  86.960 0.5000000000
59853  23.088  -25.215  86.671 0.5000000000
59865  21.658  -25.015  86.066 0.5000000000
60964  19.725  -24.772  85.888 0.5000000000
59862  24.132  -25.475  86.041 0.5000000000
59874  23.601  -25.752  85.426 0.5000000000
62056  12.473  -24.697  77.897 1.0000000000
123846  21.602  -25.072  84.447 0.6250000000
60001  12.399  -26.129  76.981 1.0000000000
129063  12.151  -27.190  75.940 1.0000000000
149304  17.375  -25.965  83.595 0.5000000000
57939  12.208  -28.195  74.977 0.7500000000
126665  7.989  -30.793  72.789 0.5000000000
56052  9.519  -29.942  72.635 0.6250000000
56056  5.242  -31.430  71.770 0.2500000000
53853  5.349  -32.708  72.470 0.2500000000
132186  29.463  -23.254  85.980 0.2500000000
63057  28.265  -23.545  86.135 0.2500000000
60960  28.484  -24.014  84.661 0.3750000000
63056  29.362  -23.175  85.395 0.2500000000
60961  27.900  -24.444  85.041 0.3750000000
60970  27.954  -24.360  84.222 0.3750000000
59871  25.931  -25.230  84.976 0.5000000000
59870  26.513  -24.867  84.745 0.3750000000
59872  25.329  -25.525  85.185 0.3750000000
60980  27.389  -24.665  83.696 0.5000000000
59881  26.740  -24.901  84.030 0.5000000000
135624  25.668  -25.539  84.564 0.3750000000
143207  26.498  -25.173  83.706 0.5000000000
62041  12.057  -24.139  77.809 1.0000000000
140889  27.973  -24.569  81.155 0.6250000000
59928  27.457  -24.916  81.396 0.6250000000
59912  26.511  -25.330  82.402 0.3750000000
59895  26.257  -25.427  83.345 0.5000000000
59883  25.579  -25.703  83.745 0.3750000000
59897  24.727  -25.914  83.719 0.5000000000
124051  24.062  -25.980  83.700 0.6250000000
59884  24.282  -25.968  84.362 0.6250000000
59885  23.587  -25.907  84.130 0.6250000000
124050  22.933  -25.730  83.841 0.6250000000
124052  23.041  -25.788  84.723 0.6250000000
59886  22.330  -25.456  84.172 0.6250000000
59901  20.147  -24.873  83.864 0.5000000000
62057  12.145  -24.643  77.376 1.0000000000
62058  11.321  -24.482  77.402 1.0000000000
59931  25.453  -25.681  81.228 0.6250000000
59913  25.199  -25.783  82.172 0.3750000000
124048  24.306  -25.987  82.999 0.6250000000
59916  22.734  -25.592  82.687 0.6250000000
59899  22.363  -25.526  83.406 0.6250000000
59900  20.842  -25.021  83.313 0.6250000000
59917  21.653  -25.295  82.779 0.6250000000
127138  19.827  -24.942  83.085 0.3750000000
60016  11.779  -26.423  75.436 1.0000000000
61044  11.099  -25.257  76.285 1.0000000000
58938  11.765  -27.407  74.261 0.8750000000
57955  11.746  -28.349  74.100 0.7500000000
58939  10.995  -26.832  73.635 0.8750000000
58953  10.759  -27.466  73.028 0.7500000000
57010  10.887  -29.178  73.135 0.6250000000
57967  10.363  -28.327  72.561 0.6250000000
58966  9.356  -27.853  72.078 0.6250000000
137628  8.836  -28.671  71.991 0.6250000000
57027  6.948  -29.900  71.857 0.6250000000
56066  5.333  -30.286  71.180 0.2500000000
130729  9.926  -21.074  82.295 0.7500000000
63063  29.661  -22.840  84.748 0.2500000000
64092  29.893  -22.357  84.701 0.1250000000
65206  9.616  -21.357  81.727 0.7500000000
63097  9.678  -22.462  79.403 0.8750000000
63112  8.906  -23.209  78.581 0.8750000000
62011  29.807  -22.715  83.056 0.3750000000
62070  7.533  -23.701  76.412 0.7500000000
60995  28.498  -23.895  81.321 0.6250000000
59929  26.954  -25.169  80.895 0.6250000000
59932  24.700  -25.652  81.513 0.3750000000
62078  7.307  -24.329  75.240 0.7500000000
58840  26.014  -25.609  80.078 0.6250000000
142381  23.994  -25.572  80.955 0.5000000000
60048  7.953  -25.963  73.183 0.7500000000
60059  7.696  -26.085  72.111 0.6250000000
60060  6.644  -25.682  71.987 0.7500000000
59966  19.152  -25.706  79.422 0.2500000000
58861  18.089  -25.928  79.424 0.2500000000
57050  5.321  -29.849  70.619 0.1250000000
123777  30.726  -21.197  84.815 0.1250000000
64099  30.571  -22.233  83.617 0.2500000000
63071  30.242  -22.498  83.413 0.3750000000
148560  30.905  -21.729  83.258 0.2500000000
137206  31.401  -21.350  83.159 0.3750000000
64108  30.976  -21.548  82.604 0.5000000000
64113  30.237  -22.294  81.679 0.7500000000
134219  8.325  -23.110  78.277 0.8750000000
63113  7.780  -22.616  78.614 0.7500000000
63115  6.968  -22.588  78.018 0.7500000000
139015  28.136  -24.048  80.177 0.6250000000
59946  27.159  -24.916  80.117 0.6250000000
62079  6.717  -23.778  75.512 0.7500000000
137815  7.266  -23.944  75.867 0.7500000000
62034  28.382  -23.730  79.790 0.6250000000
59974  27.096  -24.932  79.553 0.6250000000
145919  26.268  -25.610  79.383 0.6250000000
59963  26.816  -25.177  79.512 0.6250000000
58841  25.549  -25.835  79.667 0.5000000000
59951  22.403  -25.691  79.901 0.5000000000
139898  25.886  -25.888  78.583 0.6250000000
59975  26.834  -25.198  79.026 0.6250000000
58855  25.145  -26.179  79.079 0.5000000000
58856  24.289  -26.329  78.908 0.5000000000
58857  23.397  -26.341  78.974 0.5000000000
59964  21.546  -25.790  79.443 0.3750000000
58874  21.425  -26.304  77.965 0.5000000000
60061  6.083  -25.987  71.142 0.6250000000
58989  5.557  -27.149  69.901 0.3750000000
58008  5.259  -28.433  68.755 0.1250000000
57071  5.598  -29.325  68.893 0.1250000000
58007  5.968  -28.921  68.377 0.1250000000
56105  5.938  -30.214  69.295 0.1250000000
66231  31.251  -20.708  85.047 0.1250000000
123905  8.207  -21.853  80.474 0.7500000000
64127  7.739  -22.024  79.942 0.7500000000
65214  7.040  -21.357  80.052 0.7500000000
64121  30.253  -22.024  81.041 0.6250000000
64136  6.671  -21.810  78.624 0.8750000000
66282  32.321  -19.633  81.415 0.6250000000
65215  31.108  -20.675  80.478 0.7500000000
63091  29.831  -22.465  80.520 0.7500000000
63084  29.456  -22.911  80.802 0.7500000000
63133  6.530  -22.953  76.673 0.7500000000
63126  6.730  -22.756  77.429 0.7500000000
67350  32.670  -18.731  80.054 0.6250000000
67358  32.522  -18.574  79.057 0.6250000000
65216  30.564  -21.121  80.011 0.7500000000
64132  29.762  -22.278  79.775 0.7500000000
62033  28.804  -23.357  80.354 0.6250000000
128274  32.352  -18.361  78.098 0.7500000000
67359  31.839  -19.050  78.595 0.7500000000
63123  29.194  -22.672  78.637 0.7500000000
63106  29.341  -22.809  79.308 0.7500000000
62038  28.406  -23.741  79.250 0.6250000000
129745  6.290  -24.032  73.441 0.7500000000
64168  6.318  -22.527  75.308 0.8750000000
65227  30.267  -20.601  78.096 0.7500000000
63124  28.675  -22.894  78.238 0.7500000000
64149  29.073  -21.982  77.925 0.7500000000
127755  27.416  -24.547  78.689 0.6250000000
62055  27.704  -23.866  78.313 0.7500000000
129751  25.396  -26.220  78.217 0.5000000000
58872  23.642  -26.529  78.317 0.5000000000
131013  6.301  -23.565  72.901 0.7500000000
139400  6.810  -23.747  71.334 0.5000000000
69402  34.407  -16.791  76.382 0.7500000000
68377  32.867  -17.786  76.642 0.7500000000
63130  28.469  -22.478  77.396 0.6250000000
62067  27.395  -23.541  77.311 0.7500000000
61041  27.175  -24.352  77.839 0.6250000000
58910  25.851  -25.878  77.878 0.5000000000
57891  23.922  -26.797  77.401 0.5000000000
57875  22.686  -26.791  77.360 0.5000000000
138015  22.211  -26.561  78.064 0.5000000000
63206  6.616  -24.246  70.741 0.5000000000
58911  25.165  -26.367  77.213 0.3750000000
58912  24.800  -26.594  77.104 0.3750000000
57890  24.280  -26.772  77.159 0.3750000000
127675  23.697  -26.948  76.896 0.3750000000
141653  21.500  -26.456  76.741 0.3750000000
62149  5.889  -25.023  70.191 0.2500000000
57914  24.143  -26.885  76.598 0.2500000000
145053  23.366  -27.010  75.990 0.2500000000
143326  22.715  -26.897  76.780 0.2500000000
62164  8.072  -24.627  69.718 0.1250000000
62179  8.451  -24.862  69.165 0.1250000000
61136  6.014  -25.355  69.542 0.2500000000
60121  6.867  -26.139  68.535 0.1250000000
60142  7.510  -26.807  68.018 0.1250000000
59020  9.047  -27.392  67.389 0.1250000000
68329  34.283  -17.425  81.451 0.6250000000
67335  32.862  -19.102  81.729 0.6250000000
67329  32.761  -19.319  82.238 0.5000000000
66274  32.300  -19.794  82.133 0.6250000000
67322  32.633  -19.554  82.780 0.5000000000
68342  33.811  -17.771  80.751 0.5000000000
67343  32.789  -18.887  80.992 0.6250000000
68348  34.418  -17.257  80.147 0.6250000000
65223  6.440  -21.471  77.983 0.8750000000
66322  6.497  -21.172  75.928 0.8750000000
64150  6.415  -22.313  77.017 0.7500000000
64217  7.012  -23.206  71.998 0.7500000000
64202  7.276  -22.604  72.683 0.6250000000
65271  7.021  -22.036  73.261 0.7500000000
64192  6.431  -22.709  73.629 0.7500000000
65246  6.643  -21.315  74.548 0.7500000000
69415  36.354  -16.469  75.546 0.6250000000
135292  35.127  -16.685  74.899 0.5000000000
63205  7.349  -23.942  70.851 0.2500000000
61147  9.767  -25.244  68.395 0.1250000000
128776  10.607  -25.062  69.055 0.1250000000
62176  11.467  -25.069  68.945 0.1250000000
69367  34.982  -16.570  79.601 0.5000000000
66310  6.727  -20.473  77.703 0.8750000000
129445  6.699  -20.566  79.134 0.8750000000
65254  7.878  -21.364  73.661 0.7500000000
65243  6.782  -20.779  75.322 0.8750000000
69388  36.532  -16.412  77.566 0.6250000000
62175  12.405  -24.879  68.673 0.1250000000
69427  35.335  -16.538  73.995 0.3750000000
68404  37.740  -17.053  73.825 0.7500000000
62214  12.061  -25.359  67.328 0.1250000000
62174  13.194  -24.565  68.316 0.1250000000
124974  37.973  -16.556  75.562 0.5000000000
69414  37.183  -16.516  75.554 0.6250000000
68403  38.680  -17.296  74.143 0.6250000000
129402  38.885  -18.354  72.499 0.5000000000
129670  37.661  -15.980  78.200 0.6250000000
70440  38.044  -16.080  77.320 0.6250000000
68419  39.311  -18.069  73.396 0.6250000000
66345  40.131  -19.125  71.889 0.7500000000
66346  39.336  -19.413  71.390 0.3750000000
123506  38.157  -15.485  77.526 0.6250000000
69397  38.934  -16.188  75.800 0.7500000000
68387  40.037  -17.054  74.583 0.6250000000
69411  40.291  -16.502  74.792 0.6250000000
67406  40.574  -18.790  72.814 0.8750000000
66329  40.594  -19.006  72.377 0.7500000000
66384  39.462  -19.881  70.469 0.2500000000
65290  39.516  -20.160  69.944 0.3750000000
69396  39.694  -16.070  75.337 0.7500000000
68400  41.103  -17.288  74.100 0.7500000000
67396  40.937  -18.133  73.468 0.8750000000
67404  41.214  -18.607  72.640 0.8750000000
67442  40.276  -18.886  70.847 0.6250000000
67456  40.001  -18.947  69.816 0.3750000000
68462  39.778  -18.338  69.591 0.3750000000
67464  39.147  -19.369  68.752 0.2500000000
146160  39.444  -19.751  68.963 0.2500000000
66397  39.518  -20.169  69.442 0.2500000000
67465  38.495  -19.656  68.293 0.2500000000
68473  37.707  -18.208  68.028 0.2500000000
129879  36.883  -20.252  66.486 0.1250000000
69425  41.663  -16.860  74.323 0.7500000000
69424  42.182  -17.086  74.116 0.7500000000
68450  41.176  -17.785  71.128 0.8750000000
68457  40.237  -18.139  70.043 0.5000000000
126047  41.610  -16.111  74.673 0.7500000000
69441  42.519  -16.776  72.471 0.8750000000
68443  41.873  -17.429  72.107 0.8750000000
134650  41.641  -17.401  71.625 0.8750000000
69468  40.513  -17.309  70.286 0.8750000000
69504  37.671  -17.203  67.842 0.3750000000
70456  43.093  -16.306  74.494 0.7500000000
70470  43.384  -16.357  73.701 0.7500000000
70489  42.084  -16.307  71.682 1.0000000000
69458  41.559  -16.419  71.091 1.0000000000
71470  40.641  -14.884  69.745 1.0000000000
70516  39.610  -15.646  69.217 0.7500000000
71417  43.799  -15.814  74.240 0.6250000000
71433  43.802  -15.502  72.791 0.7500000000
137710  36.859  -15.499  66.567 0.3750000000
133264  41.355  -14.033  69.816 0.8750000000
72448  39.806  -14.575  68.701 0.7500000000
73428  41.693  -13.378  70.134 0.8750000000
73442  39.999  -14.285  68.602 0.6250000000
74436  43.591  -12.376  71.404 0.5000000000
73417  42.497  -13.244  70.680 0.6250000000
75492  43.068  -11.793  71.204 0.3750000000
76604  42.454  -10.915  71.202 0.3750000000
130437  41.502  -11.004  70.748 0.6250000000
71535  46.371  -15.131  59.498 0.3750000000
73479  49.628  -13.778  61.986 0.5000000000
72501  46.688  -14.479  60.455 0.6250000000
133202  45.564  -13.895  60.769 0.5000000000
70628  45.173  -14.899  56.971 0.2500000000
72533  48.018  -13.882  58.154 0.5000000000
74508  46.392  -12.095  64.670 0.8750000000
73536  48.869  -13.114  58.355 0.6250000000
123896  52.436  -12.448  60.184 0.6250000000
128981  51.148  -12.247  59.018 0.6250000000
136048  48.052  -12.353  56.905 0.6250000000
77817  52.109  -9.934  55.297 0.6250000000
77836  51.202  -8.955  54.335 0.6250000000
54834  4.890  -31.899  86.692 0.1250000000
53641  4.876  -32.571  87.127 0.1250000000
143564  5.293  -31.763  86.607 0.1250000000
54847  4.787  -31.632  86.412 0.1250000000
53655  6.412  -32.434  86.101 0.1250000000
53639  5.784  -32.084  86.474 0.1250000000
54833  6.322  -30.795  86.299 0.1250000000
132006  4.474  -31.924  85.455 0.2500000000
54846  6.571  -31.358  86.102 0.1250000000
131395  4.540  -31.916  84.451 0.2500000000
54845  7.360  -31.339  85.758 0.1250000000
55898  5.130  -31.283  86.403 0.1250000000
55901  4.945  -30.951  86.111 0.1250000000
54856  4.656  -31.363  85.916 0.2500000000
54864  4.747  -31.293  85.041 0.3750000000
54872  4.869  -31.230  84.042 0.3750000000
132321  5.107  -31.152  83.181 0.2500000000
53745  5.972  -32.507  80.979 0.2500000000
55896  6.644  -30.013  86.364 0.1250000000
130231  5.822  -30.709  86.336 0.1250000000
55897  5.597  -30.515  86.148 0.1250000000
55895  7.390  -29.840  86.572 0.1250000000
55906  4.996  -30.767  85.547 0.3750000000
54832  7.312  -30.488  86.171 0.1250000000
56891  5.344  -30.015  85.086 0.3750000000
55915  5.143  -30.656  84.621 0.3750000000
55927  5.321  -30.600  83.699 0.3750000000
55926  5.664  -30.074  83.385 0.2500000000
55952  6.197  -31.088  81.747 0.2500000000
54878  5.588  -31.254  82.377 0.2500000000
54885  5.895  -31.907  81.659 0.2500000000
53744  6.339  -32.299  80.603 0.3750000000
53758  6.686  -32.496  79.956 0.3750000000
56880  6.489  -29.771  86.323 0.1250000000
56885  5.471  -30.193  85.761 0.2500000000
54831  8.150  -30.355  86.186 0.1250000000
146701  6.382  -30.466  81.968 0.2500000000
55943  5.947  -30.496  82.332 0.2500000000
135451  6.589  -31.238  81.145 0.3750000000
54895  6.660  -31.723  80.585 0.3750000000
53774  7.725  -32.585  78.723 0.3750000000
54904  7.685  -31.756  79.424 0.3750000000
54905  7.159  -31.699  80.017 0.3750000000
53773  8.499  -32.410  78.073 0.3750000000
53775  6.982  -33.080  79.119 0.3750000000
56873  6.973  -29.037  87.003 0.3750000000
57813  7.479  -28.406  87.565 0.5000000000
57816  6.861  -28.509  87.041 0.5000000000
129644  7.775  -29.370  87.169 0.3750000000
56872  7.616  -29.060  87.437 0.3750000000
57817  6.667  -29.084  86.526 0.5000000000
56879  7.144  -29.449  86.798 0.2500000000
57820  6.460  -29.024  86.033 0.5000000000
144474  8.007  -29.935  86.553 0.2500000000
57828  5.807  -28.746  84.994 0.5000000000
54830  8.942  -30.162  86.336 0.1250000000
56897  5.616  -29.917  84.200 0.3750000000
56914  5.964  -29.909  82.801 0.3750000000
55958  7.689  -31.114  79.984 0.3750000000
56926  7.255  -30.282  81.157 0.3750000000
138998  8.146  -31.252  79.424 0.3750000000
53790  9.042  -32.263  77.412 0.3750000000
54913  8.885  -31.666  78.169 0.3750000000
146147  8.601  -32.797  77.332 0.3750000000
131563  8.286  -29.116  87.743 0.3750000000
57819  6.765  -28.413  86.573 0.5000000000
55889  8.352  -29.449  87.211 0.3750000000
58804  6.666  -28.405  85.903 0.5000000000
57824  6.092  -28.844  85.507 0.5000000000
55894  8.714  -29.763  86.769 0.3750000000
58811  6.188  -28.449  84.827 0.3750000000
57825  5.614  -29.371  84.782 0.5000000000
58816  6.483  -28.593  84.374 0.3750000000
57833  6.518  -29.088  83.774 0.3750000000
57842  6.434  -29.386  83.052 0.3750000000
57850  7.030  -29.137  82.650 0.3750000000
56863  8.808  -28.756  88.337 0.3750000000
56864  8.156  -28.673  88.013 0.3750000000
55888  9.225  -29.351  87.516 0.3750000000
58801  7.095  -27.779  87.214 0.6250000000
58807  6.670  -27.984  85.101 0.3750000000
57809  8.095  -28.026  88.258 0.3750000000
56871  8.979  -29.137  88.036 0.3750000000
55887  10.015  -29.203  87.583 0.2500000000
135503  6.921  -27.886  85.777 0.5000000000
127596  10.181  -29.415  86.886 0.2500000000
129199  9.458  -29.580  86.892 0.2500000000
57807  9.335  -28.239  88.826 0.3750000000
57808  8.654  -28.234  88.561 0.3750000000
56870  9.836  -28.893  88.228 0.3750000000
132433  9.514  -28.619  88.552 0.3750000000
142233  10.102  -28.389  88.774 0.3750000000
55886  10.837  -28.929  87.500 0.2500000000
55890  12.295  -28.858  86.664 0.2500000000
55891  11.513  -28.868  87.105 0.2500000000
56884  13.158  -28.693  86.480 0.2500000000
125032  12.794  -29.220  85.978 0.1250000000
56888  13.856  -28.811  85.356 0.2500000000
55904  13.159  -29.311  85.389 0.2500000000
56868  11.276  -28.479  88.237 0.3750000000
56867  12.045  -28.199  88.395 0.3750000000
56877  12.180  -28.492  87.561 0.2500000000
56875  13.600  -28.097  87.003 0.3750000000
56883  13.818  -28.491  86.190 0.2500000000
56887  14.562  -28.346  84.947 0.2500000000
56882  14.456  -28.147  85.829 0.2500000000
56874  14.315  -27.862  86.682 0.3750000000
57814  14.868  -27.407  87.212 0.5000000000
132927  15.471  -27.309  85.840 0.5000000000
57823  15.012  -27.746  85.438 0.2500000000
57831  16.261  -27.043  83.818 0.5000000000
57827  15.679  -27.551  84.225 0.3750000000
57832  15.718  -27.605  83.346 0.5000000000
57826  16.041  -26.993  84.773 0.5000000000
150050  16.591  -26.712  83.234 0.5000000000
133473  31.772  -18.695  76.877 0.6250000000
66312  31.208  -19.316  77.069 0.5000000000
67378  31.487  -18.798  76.257 0.3750000000
58813  16.900  -26.369  83.721 0.5000000000
65235  29.959  -20.394  77.272 0.5000000000
66317  30.443  -19.630  75.799 0.3750000000
66323  30.738  -19.399  75.031 0.1250000000
58812  17.264  -26.178  83.068 0.3750000000
58823  16.641  -26.763  82.561 0.3750000000
63139  28.239  -22.064  76.566 0.3750000000
67377  32.203  -18.256  76.282 0.5000000000
67389  31.846  -18.444  75.570 0.3750000000
141651  29.201  -20.202  73.897 0.1250000000
149871  29.897  -19.825  73.816 0.1250000000
65250  28.810  -20.168  73.195 0.1250000000
67400  31.186  -19.002  74.609 0.2500000000
66331  30.531  -19.439  74.173 0.1250000000
66333  29.631  -19.777  73.227 0.1250000000
64067  14.383  -22.942  89.976 0.6250000000
68434  36.282  -17.615  72.071 0.2500000000
65264  28.523  -20.040  72.428 0.1250000000
66328  7.089  -20.779  74.611 0.6250000000
66336  8.215  -20.874  74.162 0.6250000000
65253  8.705  -21.261  73.672 0.5000000000
66335  9.100  -20.835  74.152 0.5000000000
63020  15.139  -23.229  92.107 0.7500000000
127367  15.139  -22.864  91.793 0.7500000000
64076  14.131  -22.956  88.406 0.7500000000
65148  13.949  -21.222  86.482 0.7500000000
65158  13.933  -21.301  85.587 0.7500000000
67320  7.608  -19.386  84.451 0.5000000000
67327  7.167  -19.332  83.463 0.5000000000
143223  32.418  -18.044  75.613 0.3750000000
67333  6.885  -19.284  82.596 0.5000000000
68391  32.916  -17.680  75.261 0.3750000000
69417  34.415  -16.917  75.392 0.5000000000
68407  33.675  -17.289  74.880 0.3750000000
67399  31.777  -18.459  74.184 0.1250000000
67341  6.679  -19.354  81.743 0.5000000000
69358  7.300  -17.981  81.251 0.5000000000
69365  7.275  -18.166  80.467 0.5000000000
68408  33.078  -17.690  74.309 0.2500000000
67398  32.537  -18.070  73.773 0.1250000000
146099  30.921  -19.198  73.306 0.1250000000
66289  6.776  -20.759  80.816 0.6250000000
133872  6.495  -19.994  80.532 0.5000000000
68347  6.817  -18.734  81.115 0.5000000000
68355  7.179  -18.544  79.760 0.5000000000
142455  34.681  -16.799  73.493 0.2500000000
68425  33.289  -17.660  73.246 0.2500000000
67426  31.516  -18.886  72.794 0.1250000000
66296  6.700  -20.672  79.950 0.6250000000
130133  6.686  -19.056  80.231 0.5000000000
131043  6.967  -19.159  79.379 0.5000000000
126316  7.613  -18.569  79.166 0.5000000000
66351  31.711  -18.845  71.900 0.1250000000
66332  30.358  -19.472  73.283 0.1250000000
67356  6.661  -19.860  79.671 0.6250000000
68423  35.594  -16.964  72.866 0.2500000000
126292  31.069  -19.061  71.594 0.1250000000
141993  6.920  -19.884  78.896 0.7500000000
68364  7.307  -19.368  78.674 0.7500000000
68363  7.785  -18.995  78.346 0.6250000000
66348  37.798  -18.988  70.929 0.5000000000
123912  7.277  -20.419  75.171 0.7500000000
66337  7.468  -20.979  74.128 0.6250000000
128077  8.685  -20.425  74.666 0.6250000000
67403  9.082  -20.015  75.039 0.6250000000
66326  9.604  -20.284  74.519 0.6250000000
146039  9.427  -21.131  73.701 0.5000000000
131991  9.875  -20.750  73.949 0.5000000000
63029  14.870  -22.985  90.833 0.7500000000
64066  14.956  -22.169  90.304 0.7500000000
64070  14.731  -22.263  89.438 0.7500000000
64081  14.438  -21.684  87.865 0.7500000000
65138  14.466  -21.343  88.580 0.7500000000
65143  14.022  -21.072  87.362 0.7500000000
66224  13.422  -20.682  85.976 0.7500000000
66236  13.407  -20.739  85.146 0.7500000000
66263  11.522  -20.477  83.812 0.7500000000
125486  11.376  -20.707  83.061 0.7500000000
66264  7.765  -20.270  83.503 0.5000000000
68328  7.343  -18.698  84.122 0.5000000000
66265  7.433  -19.862  83.599 0.5000000000
69344  7.331  -17.876  83.693 0.5000000000
145151  7.452  -17.399  84.179 0.5000000000
138733  8.128  -21.132  82.239 0.5000000000
65195  7.784  -20.707  82.590 0.5000000000
135160  7.104  -19.758  82.944 0.5000000000
68334  7.054  -18.598  83.087 0.5000000000
139064  8.103  -21.552  81.092 0.6250000000
65208  7.700  -21.233  81.569 0.5000000000
65196  7.106  -20.666  81.775 0.5000000000
140180  7.260  -17.613  81.844 0.5000000000
64120  7.708  -21.605  80.633 0.6250000000
138116  6.587  -20.104  81.405 0.5000000000
147519  7.452  -17.643  80.806 0.5000000000
67412  31.292  -18.900  73.720 0.1250000000
65209  7.248  -21.278  80.823 0.6250000000
69364  7.624  -17.352  80.444 0.5000000000
69372  7.602  -17.883  79.812 0.5000000000
66352  30.971  -19.151  72.588 0.1250000000
66353  30.212  -19.347  72.489 0.1250000000
66373  29.075  -19.658  71.737 0.1250000000
69371  8.080  -17.691  79.468 0.5000000000
66372  30.010  -19.328  71.540 0.1250000000
65279  28.356  -19.941  71.749 0.1250000000
66304  6.711  -20.471  78.399 0.7500000000
68362  8.444  -18.345  78.754 0.6250000000
133083  29.509  -19.550  71.050 0.1250000000
66374  28.778  -19.730  71.058 0.1250000000
67365  7.422  -19.594  77.899 0.7500000000
68374  8.295  -18.959  77.839 0.7500000000
67376  7.082  -20.077  77.380 0.7500000000
67375  7.542  -19.756  77.123 0.7500000000
125461  6.766  -20.609  76.194 0.7500000000
67387  7.112  -20.130  76.581 0.7500000000
67374  8.151  -19.452  77.073 0.7500000000
66321  7.167  -20.235  75.800 0.7500000000
67395  8.239  -19.733  75.758 0.7500000000
67384  9.287  -19.198  76.461 0.6250000000
66320  7.699  -20.050  75.472 0.7500000000
67394  9.159  -19.579  75.645 0.7500000000
66319  8.389  -20.007  75.226 0.7500000000
67393  10.165  -19.448  75.310 0.6250000000
68416  10.824  -19.308  74.954 0.6250000000
67402  10.375  -19.744  74.602 0.3750000000
63024  15.041  -22.993  91.715 0.7500000000
66200  14.478  -20.973  89.299 0.7500000000
65139  14.154  -20.958  88.066 0.7500000000
66208  13.488  -20.479  87.978 0.7500000000
66216  13.283  -20.524  86.910 0.7500000000
66217  12.585  -20.195  87.613 0.7500000000
66237  12.796  -20.357  85.581 0.7500000000
66225  12.795  -20.341  86.252 0.7500000000
125424  12.310  -20.138  86.796 0.7500000000
124273  9.418  -19.628  86.826 0.5000000000
125750  8.769  -19.467  86.864 0.5000000000
67301  8.383  -19.290  87.022 0.5000000000
67302  8.019  -19.043  87.196 0.5000000000
123883  11.365  -20.226  84.619 0.7500000000
66239  10.828  -20.010  85.352 0.7500000000
66227  9.843  -19.883  85.986 0.5000000000
66229  8.379  -19.623  86.262 0.5000000000
67305  7.905  -19.319  86.349 0.5000000000
66250  10.385  -20.265  84.379 0.6250000000
66240  9.192  -19.877  85.332 0.5000000000
66252  8.813  -20.063  84.682 0.5000000000
66242  8.151  -19.639  85.675 0.5000000000
129413  7.799  -19.355  85.725 0.5000000000
68312  7.500  -18.869  85.858 0.5000000000
65179  10.558  -20.607  83.435 0.6250000000
65166  9.686  -20.488  83.758 0.6250000000
65167  9.005  -20.456  83.939 0.5000000000
126128  8.058  -20.284  84.055 0.5000000000
67312  7.713  -19.193  85.304 0.5000000000
69335  7.459  -18.070  84.645 0.5000000000
128818  9.836  -20.786  82.980 0.6250000000
65180  9.259  -20.695  83.292 0.6250000000
65181  8.740  -20.722  83.209 0.6250000000
64111  8.957  -21.444  81.791 0.6250000000
69350  7.216  -17.710  82.657 0.5000000000
69349  7.396  -16.892  82.088 0.5000000000
69357  7.439  -17.122  81.186 0.5000000000
70418  7.711  -16.395  80.659 0.5000000000
69384  9.416  -17.986  78.564 0.5000000000
134073  8.898  -18.606  78.049 0.6250000000
68373  9.481  -18.555  77.777 0.6250000000
65298  27.649  -20.267  70.089 0.1250000000
68385  8.913  -19.027  77.219 0.6250000000
68384  9.799  -18.747  77.052 0.6250000000
68383  10.736  -18.492  76.924 0.6250000000
68398  10.141  -19.073  76.152 0.6250000000
68397  10.920  -19.037  75.541 0.5000000000
66218  11.567  -20.025  87.388 0.6250000000
66226  10.836  -19.963  86.190 0.6250000000
69325  7.462  -18.162  85.440 0.5000000000
69334  7.417  -17.453  84.929 0.5000000000
69343  7.409  -16.933  83.192 0.5000000000
125895  8.337  -16.975  79.785 0.5000000000
134074  11.060  -18.694  76.205 0.5000000000
74481  38.425  -13.257  66.866 0.5000000000
74470  38.863  -12.725  67.378 0.6250000000
74482  37.825  -12.920  66.260 0.5000000000
71525  45.197  -14.943  59.788 0.3750000000
75515  38.933  -11.299  68.363 0.7500000000
75524  38.101  -11.315  66.929 0.5000000000
75534  37.647  -11.939  66.177 0.3750000000
148430  37.686  -10.989  66.446 0.3750000000
75535  37.267  -11.962  65.420 0.5000000000
75570  36.901  -11.992  64.738 0.2500000000
74543  51.717  -12.760  61.358 0.2500000000
74552  53.746  -12.124  60.192 0.3750000000
76753  49.789  -10.719  55.752 0.6250000000
77828  49.088  -9.573  54.625 0.6250000000
76765  48.709  -10.083  55.228 0.6250000000
75516  38.413  -10.554  67.768 0.8750000000
76631  37.440  -11.044  65.791 0.6250000000
76651  37.360  -10.948  64.882 0.6250000000
76674  37.011  -11.123  64.286 0.5000000000
76693  37.099  -10.759  63.586 0.5000000000
73467  49.156  -13.530  62.916 0.6250000000
75603  36.952  -10.828  62.121 0.5000000000
76763  50.251  -10.250  55.231 0.6250000000
77826  50.732  -9.645  54.734 0.6250000000
77827  49.861  -9.689  54.647 0.6250000000
77829  48.219  -9.283  54.541 0.2500000000
77840  47.309  -8.569  54.094 0.1250000000
78766  45.849  -8.135  53.695 0.1250000000
78767  44.670  -8.082  53.556 0.1250000000
77838  49.400  -9.073  53.994 0.5000000000
78781  44.187  -8.005  52.572 0.1250000000
74509  45.662  -11.678  64.503 0.6250000000
148989  37.861  -9.937  64.626 0.6250000000
76673  37.668  -10.230  64.023 0.5000000000
76705  37.312  -10.472  62.708 0.5000000000
76692  37.756  -9.973  63.148 0.5000000000
76712  40.854  -10.347  61.573 0.5000000000
76713  40.299  -10.359  60.936 0.5000000000
76714  39.316  -10.137  61.223 0.5000000000
76715  38.344  -10.112  61.567 0.5000000000
149393  37.602  -10.299  61.981 0.5000000000
76726  38.617  -10.317  60.852 0.5000000000
76716  37.698  -10.434  61.362 0.5000000000
75611  40.660  -10.919  60.046 0.3750000000
76725  39.675  -10.434  60.377 0.2500000000
130778  37.923  -10.535  60.614 0.3750000000
77837  50.205  -9.104  54.119 0.6250000000
146254  48.797  -8.988  54.011 0.5000000000
77839  48.201  -8.547  53.715 0.3750000000
78765  46.711  -8.061  53.470 0.2500000000
143442  46.116  -7.847  52.989 0.1250000000
131474  45.233  -7.833  52.827 0.1250000000
78763  48.874  -8.411  53.334 0.3750000000
131939  48.240  -8.058  53.053 0.3750000000
78764  47.548  -8.068  53.250 0.2500000000
78779  46.852  -7.732  52.697 0.2500000000
78780  45.906  -7.581  52.272 0.1250000000
78790  44.828  -7.753  51.891 0.1250000000
126242  44.516  -8.001  50.791 0.1250000000
78798  45.364  -7.613  50.245 0.1250000000
76650  37.752  -10.102  65.387 0.6250000000
76691  41.106  -9.896  62.874 0.5000000000
77769  40.343  -9.626  62.897 0.5000000000
77770  38.695  -9.636  62.806 0.5000000000
76702  40.582  -9.968  62.288 0.5000000000
126404  39.980  -9.946  61.690 0.5000000000
76703  38.993  -9.811  61.955 0.5000000000
76704  38.030  -9.915  62.310 0.5000000000
78775  50.027  -7.921  53.021 0.3750000000
78777  48.574  -7.819  52.565 0.3750000000
78787  48.374  -7.533  51.814 0.2500000000
78789  46.843  -7.379  51.730 0.2500000000
131069  45.583  -7.428  51.290 0.1250000000
79678  50.080  -7.096  51.740 0.3750000000
78786  48.918  -7.610  52.001 0.3750000000
79680  48.707  -7.330  51.273 0.3750000000
78788  47.762  -7.400  51.587 0.2500000000
79685  49.703  -6.670  51.019 0.2500000000
79679  49.277  -7.302  51.480 0.3750000000
79687  48.395  -6.778  50.483 0.2500000000
79688  47.656  -6.803  50.107 0.1250000000
78796  47.319  -7.122  50.884 0.2500000000
78797  46.362  -7.149  50.645 0.1250000000
79689  46.923  -6.973  50.114 0.1250000000
79690  46.117  -7.340  49.546 0.1250000000
80605  49.540  -6.218  49.169 0.1250000000
79701  48.844  -6.497  48.842 0.1250000000
79697  48.227  -6.652  49.476 0.1250000000
79698  47.629  -6.948  49.055 0.1250000000
149674  51.562  -5.616  48.363 0.2500000000
80610  50.339  -5.962  48.438 0.1250000000
124440  48.830  -6.578  47.953 0.1250000000
80614  50.221  -6.174  47.427 0.1250000000
143565  39.692  -9.655  62.492 0.6250000000
77750  38.427  -9.675  63.525 0.5000000000
79677  50.979  -6.733  52.096 0.6250000000
80590  51.391  -6.135  51.545 0.7500000000
80591  50.516  -6.433  51.294 0.2500000000
79686  49.016  -6.832  50.782 0.2500000000
81576  51.702  -5.465  50.860 0.6250000000
145139  50.909  -5.859  50.863 0.5000000000
80596  50.254  -6.062  50.503 0.2500000000
81574  53.230  -4.628  50.243 0.8750000000
81575  52.457  -5.008  50.505 0.7500000000
80595  50.967  -5.630  50.113 0.2500000000
80604  50.280  -5.924  49.559 0.2500000000
80597  49.527  -6.238  50.165 0.2500000000
79696  48.843  -6.410  49.852 0.2500000000
81581  53.485  -4.594  49.296 0.7500000000
81582  52.577  -4.900  49.562 0.5000000000
143992  52.013  -5.433  48.921 0.3750000000
80609  51.165  -5.743  49.034 0.3750000000
147311  50.626  -5.943  47.786 0.1250000000
146012  11.057  -28.266  88.676 0.3750000000
128115  6.820  -28.097  84.565 0.3750000000
58815  7.014  -28.470  83.840 0.5000000000
63025  14.333  -23.995  91.799 0.6250000000
136301  13.872  -23.631  90.545 0.7500000000
56933  7.719  -30.473  80.463 0.3750000000
64089  14.242  -22.095  86.089 0.7500000000
53791  8.215  -33.257  76.848 0.3750000000
66238  12.005  -20.217  85.152 0.7500000000
58822  17.350  -26.188  82.138 0.3750000000
65217  6.763  -21.328  79.304 0.7500000000
67366  7.044  -19.975  78.155 0.7500000000
75523  38.607  -11.743  67.569 0.6250000000
77748  40.718  -9.540  63.452 0.6250000000
75602  41.033  -10.753  60.870 0.5000000000
148231  6.458  -28.262  84.758 0.3750000000
57841  6.845  -28.941  83.257 0.3750000000
55951  6.715  -30.671  81.451 0.3750000000
64071  14.201  -22.943  89.115 0.7500000000
65193  9.245  -21.097  82.554 0.6250000000
69428  34.475  -16.763  74.399 0.2500000000
55936  5.502  -30.498  82.903 0.2500000000
54896  6.248  -31.769  81.128 0.2500000000
56881  6.139  -29.737  86.064 0.3750000000
53757  7.250  -32.313  79.472 0.3750000000
56890  5.937  -29.448  85.736 0.2500000000
142086  5.674  -29.406  85.318 0.5000000000
56906  6.047  -29.602  83.583 0.3750000000
55959  7.124  -31.018  80.707 0.3750000000
129070  8.079  -33.124  77.754 0.3750000000
56896  5.989  -29.075  84.372 0.3750000000
58808  6.361  -28.351  85.293 0.5000000000
56869  10.571  -28.724  88.168 0.2500000000
56878  11.550  -28.604  87.753 0.3750000000
56889  13.388  -28.988  85.880 0.2500000000
56886  15.139  -27.956  84.581 0.2500000000
67388  32.298  -18.110  74.817 0.3750000000
66327  7.799  -20.480  74.769 0.6250000000
66254  7.832  -19.964  84.281 0.5000000000
138438  6.864  -19.956  82.249 0.5000000000
68340  6.945  -18.474  82.046 0.5000000000
144773  6.532  -19.434  81.003 0.5000000000
130734  33.797  -17.091  73.785 0.2500000000
67411  31.995  -18.446  73.204 0.1250000000
67425  32.380  -18.556  72.067 0.1250000000
149375  14.752  -21.657  89.098 0.7500000000
137447  13.977  -20.712  88.731 0.7500000000
65182  8.190  -20.517  83.392 0.5000000000
133215  8.320  -20.850  82.770 0.5000000000
67386  7.701  -19.773  76.256 0.7500000000
67385  8.548  -19.460  76.367 0.7500000000
66209  12.683  -20.211  88.404 0.7500000000
127977  11.865  -20.162  86.009 0.7500000000
149708  11.421  -20.012  86.669 0.7500000000
66228  8.937  -19.759  86.131 0.5000000000
130897  9.853  -19.952  85.113 0.5000000000
66241  8.594  -19.773  85.502 0.5000000000
66251  9.423  -20.165  84.538 0.6250000000
66253  8.321  -19.909  84.757 0.5000000000
67319  7.989  -19.551  85.067 0.5000000000
65168  8.476  -20.378  84.042 0.5000000000
68321  7.565  -18.769  85.036 0.5000000000
68372  10.324  -18.160  77.872 0.6250000000
124040  10.680  -19.951  87.999 0.5000000000
124039  10.469  -19.821  86.961 0.5000000000
74471  38.286  -12.351  66.775 0.5000000000
76764  49.473  -10.251  55.202 0.6250000000
78778  47.807  -7.699  52.384 0.3750000000
123494  44.682  -8.166  49.954 0.1250000000
78776  49.193  -7.917  52.797 0.3750000000
79673  49.605  -7.558  52.253 0.3750000000
79681  48.108  -7.221  51.033 0.1250000000
79699  47.046  -7.113  49.331 0.1250000000
80611  49.496  -6.286  48.166 0.1250000000
124823  52.260  -5.826  51.769 0.7500000000
82475  53.830  -4.610  50.868 0.6250000000
81583  51.785  -5.333  49.835 0.6250000000
81593  52.814  -5.044  48.645 0.5000000000
81592  53.918  -4.799  48.288 0.6250000000
55905  12.350  -29.702  85.342 0.1250000000
55912  13.500  -29.368  84.697 0.1250000000
132227  12.916  -29.733  84.838 0.1250000000
56895  14.129  -28.910  84.454 0.1250000000
55913  13.132  -30.003  84.210 0.1250000000
56893  15.271  -28.060  83.739 0.1250000000
56905  14.247  -28.923  83.621 0.1250000000
57839  16.165  -27.220  82.957 0.2500000000
56903  15.295  -28.032  82.867 0.1250000000
56904  14.777  -28.437  83.236 0.1250000000
56894  14.761  -28.498  84.115 0.1250000000
66187  14.184  -20.680  91.148 0.6250000000
66194  13.511  -20.344  90.607 0.6250000000
66201  13.822  -20.443  89.595 0.6250000000
66202  12.835  -20.128  89.984 0.6250000000
126793  13.196  -20.316  88.966 0.6250000000
65123  14.933  -21.145  93.029 0.6250000000
65127  14.715  -21.222  91.631 0.6250000000
69332  19.043  -17.814  84.252 0.2500000000
69323  18.619  -17.126  85.362 0.2500000000
66182  14.025  -20.530  92.188 0.6250000000
69333  18.634  -17.182  84.552 0.2500000000
70379  18.133  -16.587  85.528 0.2500000000
141447  13.151  -20.163  91.824 0.6250000000
69342  18.581  -17.238  83.657 0.2500000000
70387  18.237  -16.589  84.825 0.2500000000
66188  12.340  -19.745  92.070 0.6250000000
70400  18.091  -16.415  83.297 0.2500000000
70395  18.226  -16.567  84.096 0.2500000000
146078  17.894  -16.156  84.405 0.2500000000
70380  17.744  -16.118  84.941 0.2500000000
66195  12.476  -20.011  91.107 0.6250000000
124042  11.800  -19.871  90.452 0.6250000000
71344  17.794  -15.939  83.836 0.2500000000
71345  17.506  -15.672  84.309 0.2500000000
124041  12.007  -20.128  89.293 0.6250000000
70401  17.729  -15.863  82.684 0.2500000000
66210  11.758  -20.096  88.282 0.5000000000
66347  38.710  -19.324  71.207 0.3750000000
66365  38.108  -19.681  70.555 0.2500000000
68310  20.112  -18.670  86.047 0.2500000000
149110  19.593  -18.258  87.337 0.2500000000
68299  18.946  -18.075  88.522 0.5000000000
68320  19.515  -18.292  84.800 0.2500000000
68311  19.566  -18.197  85.642 0.2500000000
68305  19.559  -18.173  86.582 0.2500000000
69315  19.185  -17.880  87.154 0.2500000000
69310  19.113  -17.942  87.763 0.5000000000
69311  18.538  -17.621  88.115 0.5000000000
64056  15.364  -21.852  92.787 0.6250000000
69341  18.997  -17.968  83.437 0.2500000000
69322  19.066  -17.624  85.937 0.2500000000
69316  18.698  -17.520  87.378 0.2500000000
67269  13.445  -19.465  93.616 0.6250000000
140038  14.026  -20.110  93.738 0.6250000000
68327  19.457  -18.426  83.965 0.2500000000
126379  19.085  -17.708  85.103 0.2500000000
126841  18.890  -17.547  86.684 0.2500000000
69317  18.090  -17.179  87.671 0.5000000000
68276  13.431  -18.757  93.502 0.5000000000
68272  13.364  -19.183  93.598 0.6250000000
66178  13.338  -19.877  93.477 0.6250000000
68333  18.901  -18.053  82.670 0.2500000000
70375  18.019  -16.633  86.150 0.2500000000
70371  17.601  -16.723  87.281 0.5000000000
70364  17.444  -16.908  87.983 0.5000000000
70344  14.040  -17.450  91.669 0.5000000000
69288  13.585  -18.176  93.104 0.5000000000
68277  12.899  -18.915  93.304 0.6250000000
66183  13.087  -20.063  92.952 0.6250000000
68339  18.776  -18.045  81.882 0.2500000000
69348  18.519  -17.390  82.384 0.2500000000
142147  18.692  -17.551  83.023 0.2500000000
71331  17.487  -16.191  85.669 0.2500000000
70376  17.568  -16.489  86.527 0.3750000000
149928  17.057  -16.592  87.587 0.5000000000
70366  15.746  -16.595  88.610 0.5000000000
70358  15.449  -16.825  89.501 0.5000000000
70350  14.368  -17.027  90.698 0.5000000000
70345  13.265  -17.267  91.686 0.3750000000
69289  12.930  -18.357  93.161 0.5000000000
67271  12.720  -19.254  93.096 0.6250000000
69356  18.436  -17.418  81.544 0.1250000000
70377  17.011  -16.385  86.970 0.5000000000
70365  16.639  -16.665  88.206 0.5000000000
70359  14.638  -16.619  89.858 0.5000000000
69291  12.524  -17.892  92.686 0.3750000000
68283  11.932  -18.381  92.388 0.3750000000
67279  11.605  -19.014  91.857 0.3750000000
70423  17.817  -16.806  80.446 0.1250000000
148597  18.203  -16.874  81.927 0.1250000000
132571  18.422  -17.055  82.982 0.2500000000
123591  17.199  -15.680  84.872 0.2500000000
71332  16.943  -16.084  86.226 0.3750000000
71326  16.388  -16.035  86.756 0.3750000000
70373  15.996  -16.360  87.934 0.5000000000
70360  13.856  -16.561  90.168 0.3750000000
70343  11.862  -17.483  92.224 0.3750000000
66189  11.110  -19.072  91.108 0.3750000000
66203  10.999  -19.825  89.944 0.5000000000
70415  18.047  -16.787  81.256 0.1250000000
70408  18.135  -16.626  82.537 0.2500000000
72304  17.043  -15.072  84.142 0.1250000000
69297  11.281  -17.549  92.179 0.3750000000
69293  11.359  -17.918  92.265 0.3750000000
138939  9.957  -19.691  88.588 0.3750000000
70416  17.637  -16.078  80.930 0.1250000000
70409  17.745  -16.156  81.869 0.1250000000
71363  17.669  -15.676  83.272 0.1250000000
66219  9.735  -19.691  87.690 0.3750000000
71356  17.402  -15.289  83.642 0.1250000000
65263  38.896  -19.866  70.777 0.2500000000
64088  25.597  -22.587  86.810 0.2500000000
65146  24.349  -21.808  86.916 0.2500000000
146144  23.946  -21.441  87.248 0.2500000000
65136  23.626  -21.470  88.306 0.2500000000
65137  22.927  -21.105  88.513 0.3750000000
64077  26.980  -23.168  86.601 0.2500000000
65147  23.714  -21.318  86.733 0.2500000000
66214  23.285  -20.856  87.212 0.2500000000
66206  23.104  -20.963  87.879 0.2500000000
141195  21.926  -20.155  88.505 0.3750000000
66198  21.553  -20.407  89.066 0.3750000000
66222  22.377  -20.234  86.768 0.2500000000
67293  21.924  -19.827  87.988 0.2500000000
66199  20.718  -20.115  89.413 0.3750000000
66191  20.145  -20.689  90.067 0.5000000000
65119  17.603  -21.161  93.337 0.6250000000
64050  16.830  -22.173  93.849 0.6250000000
137757  22.162  -20.560  85.241 0.2500000000
66223  21.689  -20.094  85.850 0.2500000000
67298  21.751  -19.712  87.257 0.2500000000
67299  20.864  -19.239  87.002 0.2500000000
67288  21.193  -19.644  88.595 0.2500000000
67294  20.365  -19.034  88.248 0.2500000000
67282  19.906  -19.820  89.828 0.5000000000
67290  19.567  -19.085  89.481 0.5000000000
142706  18.509  -19.961  91.823 0.5000000000
66180  18.344  -20.302  92.321 0.5000000000
66175  17.320  -20.279  93.405 0.6250000000
65116  16.532  -21.489  94.025 0.6250000000
144896  15.902  -22.661  93.160 0.6250000000
66247  21.611  -20.205  84.910 0.2500000000
129291  21.063  -19.524  85.955 0.2500000000
68302  20.232  -18.748  87.442 0.2500000000
68290  18.946  -18.739  89.908 0.5000000000
67284  18.678  -19.170  90.706 0.5000000000
67277  18.295  -19.466  91.418 0.5000000000
67272  17.963  -19.736  92.106 0.5000000000
66169  16.705  -20.810  93.884 0.6250000000
134192  16.218  -20.904  94.255 0.6250000000
138011  15.561  -21.923  93.281 0.6250000000
67317  20.868  -19.859  84.429 0.2500000000
67318  20.471  -19.214  84.918 0.2500000000
68304  20.224  -18.717  86.745 0.2500000000
68295  19.629  -18.431  88.124 0.3750000000
68296  19.266  -18.543  88.991 0.5000000000
147350  18.486  -18.793  90.341 0.5000000000
67278  17.547  -19.166  91.679 0.5000000000
68279  16.750  -18.819  92.061 0.5000000000
67274  16.541  -18.943  92.980 0.6250000000
66170  16.066  -20.289  94.320 0.6250000000
128111  15.441  -21.221  93.964 0.6250000000
128085  19.925  -19.355  82.911 0.2500000000
67325  19.840  -19.085  83.723 0.2500000000
68326  19.914  -18.845  84.507 0.2500000000
68319  20.037  -18.711  85.271 0.2500000000
139215  18.754  -18.290  89.251 0.5000000000
68291  18.221  -18.441  89.842 0.5000000000
68285  18.030  -18.786  90.826 0.5000000000
68286  17.114  -18.473  91.202 0.5000000000
68273  15.725  -18.732  93.354 0.5000000000
149404  15.287  -19.289  94.318 0.6250000000
66172  14.979  -20.317  94.314 0.6250000000
65120  15.234  -21.368  93.547 0.6250000000
68297  18.329  -17.794  88.987 0.5000000000
69305  17.742  -17.921  89.534 0.5000000000
68292  17.434  -18.258  90.241 0.5000000000
68287  16.119  -18.150  91.593 0.5000000000
68271  14.149  -18.960  93.819 0.5000000000
66173  14.088  -19.797  93.867 0.6250000000
68338  19.217  -18.605  82.170 0.2500000000
69312  17.904  -17.346  88.401 0.5000000000
134381  17.686  -17.501  89.042 0.5000000000
69306  17.004  -17.583  89.594 0.5000000000
133311  15.401  -17.751  91.643 0.5000000000
69290  14.491  -18.303  92.977 0.5000000000
68345  19.105  -18.661  81.306 0.2500000000
69313  17.187  -17.155  88.700 0.5000000000
69307  16.014  -17.295  90.028 0.5000000000
69301  15.630  -17.657  90.889 0.5000000000
69302  14.899  -17.444  91.246 0.5000000000
145659  14.841  -17.775  92.191 0.5000000000
68346  18.669  -18.035  81.041 0.1250000000
70357  16.318  -17.045  89.083 0.5000000000
70349  15.160  -17.081  90.397 0.5000000000
139907  18.534  -17.951  80.346 0.1250000000
69363  18.302  -17.401  80.767 0.1250000000
71319  15.269  -16.133  88.079 0.3750000000
70367  14.898  -16.462  88.914 0.3750000000
71379  37.521  -15.181  78.715 0.5000000000
71386  37.333  -15.710  78.670 0.5000000000
70361  13.100  -16.507  90.476 0.3750000000
138686  12.824  -16.857  91.285 0.3750000000
67281  10.268  -18.501  91.026 0.3750000000
148509  10.527  -18.843  90.870 0.3750000000
72365  38.781  -14.575  76.451 0.5000000000
71392  38.366  -15.037  77.332 0.6250000000
139827  18.108  -17.484  79.916 0.1250000000
69370  17.677  -16.843  79.698 0.1250000000
125239  16.372  -15.690  86.000 0.3750000000
124035  15.118  -15.801  87.413 0.3750000000
71320  14.506  -15.977  88.397 0.3750000000
70346  12.010  -16.895  91.659 0.3750000000
69298  10.795  -17.694  91.978 0.3750000000
67286  9.832  -18.869  90.329 0.3750000000
72377  39.488  -14.726  75.688 0.3750000000
69382  17.794  -17.257  79.090 0.1250000000
71346  16.683  -15.320  84.795 0.1250000000
130355  16.399  -15.440  85.342 0.2500000000
124874  14.320  -15.658  87.702 0.3750000000
71321  13.723  -15.713  88.482 0.3750000000
130607  13.330  -16.206  89.798 0.3750000000
66205  9.458  -19.394  89.030 0.3750000000
71399  39.142  -14.836  76.110 0.6250000000
70439  38.344  -15.749  76.905 0.6250000000
70434  17.585  -16.474  78.987 0.1250000000
71376  17.308  -15.313  80.539 0.1250000000
135897  17.407  -15.382  82.151 0.1250000000
71364  17.338  -15.032  82.840 0.1250000000
72375  41.261  -14.855  75.011 0.6250000000
72363  40.527  -14.913  75.156 0.6250000000
71398  39.565  -15.070  75.616 0.5000000000
70438  38.991  -15.481  76.147 0.6250000000
70424  17.491  -16.071  79.889 0.1250000000
70447  40.567  -15.228  75.051 0.5000000000
71408  41.497  -15.134  74.919 0.5000000000
72374  42.204  -14.840  74.949 0.5000000000
71407  42.448  -15.387  74.928 0.6250000000
64087  26.423  -22.784  86.388 0.2500000000
65154  24.903  -22.267  86.357 0.2500000000
128414  27.155  -22.834  86.131 0.2500000000
64096  25.716  -22.511  85.798 0.2500000000
65162  24.917  -22.231  85.341 0.2500000000
65163  24.104  -21.865  85.020 0.2500000000
65156  23.296  -21.418  85.803 0.2500000000
66221  23.045  -20.877  86.609 0.2500000000
65164  22.194  -21.012  84.385 0.2500000000
147039  22.734  -21.055  85.110 0.2500000000
66259  21.729  -20.827  83.483 0.2500000000
130243  21.441  -20.491  84.204 0.2500000000
66270  22.104  -21.151  82.541 0.2500000000
66260  21.082  -20.333  83.685 0.2500000000
66271  21.206  -20.449  82.741 0.2500000000
66261  20.497  -19.754  83.488 0.2500000000
66272  20.505  -19.892  82.585 0.2500000000
67339  20.199  -19.802  81.155 0.2500000000
67331  20.066  -19.607  82.087 0.2500000000
67355  19.611  -19.398  79.692 0.2500000000
67348  19.593  -19.324  80.702 0.2500000000
67340  19.581  -19.199  81.654 0.2500000000
71373  36.523  -15.651  80.092 0.5000000000
68353  18.972  -18.650  80.304 0.2500000000
141475  37.260  -14.752  79.335 0.6250000000
68360  19.071  -18.828  79.233 0.1250000000
68354  18.563  -18.199  79.630 0.1250000000
73332  37.212  -13.948  78.656 0.5000000000
132975  18.206  -17.824  79.180 0.1250000000
144600  9.749  -18.471  90.628 0.3750000000
73337  37.906  -13.963  77.331 0.3750000000
72349  37.649  -14.214  77.962 0.3750000000
68361  18.551  -18.335  78.775 0.1250000000
71314  12.605  -16.029  90.005 0.3750000000
70353  11.295  -16.480  91.290 0.3750000000
68289  10.011  -18.161  91.113 0.3750000000
73358  39.449  -14.341  75.142 0.3750000000
73345  38.321  -14.107  76.729 0.3750000000
69381  18.010  -17.774  78.420 0.1250000000
71347  16.160  -15.124  84.868 0.2500000000
71339  15.125  -15.303  85.888 0.2500000000
71334  14.703  -15.529  86.772 0.2500000000
123643  13.054  -15.674  89.203 0.3750000000
66212  9.206  -19.543  88.190 0.3750000000
71371  17.389  -15.358  81.424 0.1250000000
66220  9.092  -19.516  87.461 0.3750000000
73357  40.958  -14.514  74.901 0.3750000000
148571  40.163  -14.645  75.173 0.3750000000
71389  17.428  -15.752  79.002 0.1250000000
72333  16.952  -14.587  81.838 0.1250000000
73356  41.897  -14.349  74.792 0.3750000000
72373  43.247  -14.860  75.001 0.5000000000
64093  28.369  -22.436  85.926 0.2500000000
64094  27.596  -22.557  85.712 0.2500000000
65155  24.185  -21.840  86.067 0.2500000000
64102  25.780  -22.458  84.634 0.2500000000
125353  24.851  -22.254  84.313 0.2500000000
144043  25.482  -22.341  83.822 0.2500000000
65173  24.903  -22.227  83.281 0.2500000000
127479  23.911  -22.030  83.943 0.2500000000
65157  23.323  -21.576  84.737 0.2500000000
65186  24.683  -22.005  82.355 0.2500000000
65174  23.428  -21.730  83.164 0.2500000000
65175  22.555  -21.328  83.333 0.2500000000
65187  23.821  -21.936  82.316 0.2500000000
65188  22.960  -21.666  82.405 0.2500000000
65201  23.423  -21.682  81.612 0.2500000000
65202  22.517  -21.409  81.688 0.2500000000
66280  21.656  -20.938  81.781 0.2500000000
65213  23.064  -21.247  80.868 0.2500000000
66279  22.139  -21.029  80.964 0.2500000000
129941  21.407  -20.707  81.083 0.2500000000
66281  20.821  -20.299  81.720 0.2500000000
66287  21.628  -20.893  80.262 0.2500000000
66295  21.048  -20.438  79.594 0.2500000000
66288  20.868  -20.380  80.660 0.2500000000
66303  20.944  -20.262  78.558 0.1250000000
141830  21.899  -20.823  79.549 0.2500000000
67347  20.182  -20.010  80.151 0.2500000000
67362  20.927  -20.064  77.691 0.1250000000
67354  20.236  -19.981  79.116 0.1250000000
67372  20.284  -19.608  77.356 0.1250000000
67363  20.206  -19.925  78.159 0.1250000000
67364  19.636  -19.451  78.674 0.1250000000
72342  37.188  -14.167  79.316 0.5000000000
67371  21.018  -19.712  76.950 0.1250000000
67373  19.629  -19.382  77.782 0.1250000000
68370  19.052  -18.911  78.270 0.1250000000
67287  9.249  -18.626  90.081 0.3750000000
127074  19.113  -18.754  77.430 0.1250000000
68371  18.490  -18.331  77.875 0.1250000000
134229  12.035  -15.600  89.449 0.3750000000
70354  10.404  -16.523  91.261 0.3750000000
68293  9.430  -18.205  90.618 0.3750000000
67291  9.153  -19.019  89.440 0.3750000000
67382  20.383  -19.327  76.540 0.1250000000
67383  19.717  -19.078  76.958 0.1250000000
71338  15.910  -15.349  85.623 0.2500000000
67295  8.861  -19.260  88.537 0.3750000000
141341  19.724  -18.829  76.018 0.1250000000
68380  19.144  -18.493  76.629 0.1250000000
70444  17.725  -16.644  77.533 0.1250000000
72314  17.021  -14.686  83.383 0.1250000000
72305  16.471  -14.848  84.213 0.1250000000
66213  8.726  -19.378  87.691 0.3750000000
135397  41.442  -13.639  74.332 0.2500000000
74408  40.783  -12.714  73.830 0.2500000000
70452  17.938  -16.685  76.943 0.1250000000
135291  17.645  -16.990  78.218 0.1250000000
134041  17.130  -14.759  81.048 0.1250000000
72326  16.752  -14.374  82.650 0.1250000000
74407  42.019  -12.405  74.199 0.2500000000
73372  43.448  -13.343  74.706 0.2500000000
73354  43.584  -14.145  74.881 0.3750000000
73355  42.830  -14.183  74.896 0.3750000000
73371  44.213  -13.786  74.678 0.3750000000
72386  44.061  -15.163  74.691 0.3750000000
64100  27.389  -22.280  85.012 0.2500000000
64095  26.674  -22.587  85.387 0.2500000000
64106  26.084  -22.360  83.811 0.2500000000
127021  25.812  -22.189  83.204 0.2500000000
65172  26.600  -21.953  83.331 0.2500000000
65185  25.557  -21.914  82.468 0.2500000000
65184  26.272  -21.748  82.688 0.2500000000
65199  25.284  -21.591  81.674 0.2500000000
65200  24.353  -21.747  81.583 0.2500000000
66278  24.959  -21.204  80.903 0.2500000000
65212  24.040  -21.310  80.832 0.2500000000
126092  22.594  -21.168  79.929 0.2500000000
66286  23.704  -21.158  79.989 0.2500000000
132335  21.757  -20.536  78.848 0.2500000000
66294  22.557  -20.651  79.094 0.2500000000
66293  23.408  -20.616  79.285 0.2500000000
66302  21.734  -20.321  77.986 0.1250000000
66301  22.567  -20.366  78.293 0.2500000000
66300  23.227  -20.319  78.622 0.1250000000
66308  22.537  -20.008  77.530 0.1250000000
71316  10.304  -15.319  90.100 0.2500000000
71311  9.957  -15.815  90.614 0.2500000000
66309  21.713  -19.964  77.252 0.1250000000
71315  11.079  -15.395  89.695 0.2500000000
71310  10.749  -15.847  90.616 0.3750000000
71312  9.330  -15.813  90.231 0.2500000000
69308  8.557  -17.575  89.745 0.3750000000
71328  13.368  -15.440  87.784 0.2500000000
146273  13.006  -15.480  88.425 0.2500000000
71309  11.685  -15.898  90.336 0.3750000000
70355  9.681  -16.742  90.845 0.3750000000
69309  8.106  -17.570  89.122 0.3750000000
72339  16.904  -14.498  80.261 0.1250000000
139055  16.847  -14.225  81.046 0.1250000000
72316  16.153  -14.415  83.577 0.1250000000
72306  15.854  -14.723  84.282 0.1250000000
72298  15.481  -15.026  85.032 0.2500000000
68294  8.828  -18.279  89.968 0.3750000000
68300  8.326  -18.809  88.593 0.3750000000
68301  7.972  -18.430  88.257 0.3750000000
71383  17.228  -15.202  79.548 0.1250000000
140121  16.669  -14.643  83.677 0.1250000000
67296  8.402  -19.142  87.988 0.3750000000
67297  8.107  -18.859  87.901 0.3750000000
125953  17.514  -16.000  78.124 0.1250000000
136321  42.879  -11.753  74.477 0.2500000000
70453  17.658  -15.962  77.095 0.1250000000
138313  42.903  -12.646  74.503 0.2500000000
74405  44.337  -12.851  74.562 0.3750000000
73370  44.860  -13.407  74.295 0.3750000000
65153  28.170  -22.084  85.292 0.2500000000
64101  26.843  -22.258  84.269 0.2500000000
65161  27.874  -21.797  84.463 0.2500000000
65171  27.487  -21.486  83.610 0.2500000000
78522  13.469  -8.935  81.343 0.1250000000
77562  12.733  -9.402  81.909 0.1250000000
76510  12.358  -10.244  82.100 0.1250000000
149549  12.168  -10.879  82.299 0.1250000000
148808  13.591  -9.456  80.923 0.1250000000
125532  13.260  -9.760  81.177 0.1250000000
133781  12.841  -10.216  81.522 0.1250000000
135449  14.686  -9.782  80.339 0.1250000000
77566  13.811  -9.943  80.604 0.1250000000
75410  12.751  -11.006  81.713 0.1250000000
75404  12.372  -11.539  82.336 0.1250000000
66285  24.652  -20.814  80.157 0.2500000000
77571  15.492  -9.852  79.923 0.1250000000
77580  16.230  -9.703  79.400 0.1250000000
76522  16.020  -10.580  79.816 0.1250000000
76516  14.442  -10.712  80.588 0.1250000000
76513  13.483  -10.685  81.045 0.1250000000
75403  13.110  -11.882  81.896 0.1250000000
66292  24.328  -20.387  79.446 0.2500000000
76515  15.364  -10.657  80.288 0.1250000000
75408  14.281  -11.569  81.031 0.1250000000
74346  14.014  -12.166  81.587 0.1250000000
67353  24.091  -19.886  78.652 0.1250000000
142567  16.486  -10.514  79.372 0.1250000000
75419  16.421  -11.198  79.699 0.1250000000
75413  15.914  -11.406  80.195 0.1250000000
137653  15.599  -12.420  81.075 0.1250000000
72283  10.944  -14.684  88.789 0.1250000000
72280  9.549  -14.330  89.165 0.2500000000
71317  9.609  -15.063  89.839 0.2500000000
76531  16.831  -10.954  79.026 0.1250000000
75418  16.714  -11.714  79.348 0.1250000000
75412  16.286  -12.058  80.071 0.1250000000
74343  16.055  -12.819  81.224 0.1250000000
72289  12.110  -14.792  87.488 0.1250000000
72282  11.655  -14.870  88.194 0.1250000000
148322  10.960  -14.994  89.207 0.2500000000
74363  16.963  -12.321  78.894 0.1250000000
145480  16.599  -12.354  79.615 0.1250000000
74364  16.436  -12.854  80.229 0.1250000000
73313  16.263  -13.401  81.503 0.1250000000
73286  14.236  -14.327  83.886 0.1250000000
72308  13.945  -14.549  84.656 0.1250000000
72300  13.593  -14.726  85.537 0.1250000000
71323  11.483  -15.199  88.964 0.2500000000
135215  8.697  -15.875  89.672 0.2500000000
70362  8.337  -16.778  89.415 0.3750000000
73327  16.745  -13.026  79.391 0.1250000000
73319  16.620  -13.636  80.566 0.1250000000
128049  16.418  -13.911  81.979 0.1250000000
73291  16.080  -14.053  82.992 0.1250000000
72307  14.981  -14.603  84.320 0.1250000000
72299  14.583  -14.916  85.263 0.1250000000
71335  13.764  -15.403  86.962 0.2500000000
71329  12.521  -15.254  87.914 0.1250000000
69314  7.921  -17.879  88.618 0.3750000000
73334  17.029  -13.681  78.778 0.1250000000
127641  16.725  -13.787  79.718 0.1250000000
73312  16.567  -13.799  81.342 0.1250000000
131904  17.322  -15.140  78.579 0.1250000000
72345  17.034  -14.456  79.159 0.1250000000
72315  16.494  -14.334  83.140 0.1250000000
68303  7.789  -18.508  87.384 0.3750000000
71395  17.506  -15.074  77.575 0.1250000000
75462  42.167  -11.135  74.402 0.2500000000
75461  43.653  -11.240  74.612 0.2500000000
74404  45.031  -12.502  74.240 0.2500000000
73369  45.303  -13.022  73.956 0.2500000000
66245  29.002  -20.587  84.428 0.1250000000
65160  28.702  -21.430  84.803 0.2500000000
78508  10.996  -8.955  83.888 0.1250000000
77555  10.443  -9.577  84.400 0.1250000000
77552  10.004  -9.801  85.173 0.1250000000
78515  11.623  -9.116  83.179 0.1250000000
77559  11.032  -9.743  83.574 0.1250000000
76502  9.819  -10.368  85.614 0.1250000000
76503  9.388  -10.159  86.763 0.1250000000
78514  12.382  -8.712  82.722 0.1250000000
76508  10.731  -10.322  83.951 0.1250000000
76505  10.311  -10.532  84.662 0.1250000000
133971  10.054  -11.051  85.277 0.1250000000
77563  12.002  -9.626  82.554 0.1250000000
77558  11.434  -9.876  82.957 0.1250000000
76507  11.223  -10.594  83.309 0.1250000000
75401  10.819  -11.062  83.986 0.1250000000
75398  10.491  -11.450  84.685 0.1250000000
75395  9.651  -11.004  86.182 0.1250000000
75393  9.115  -10.823  87.513 0.1250000000
66269  26.239  -21.166  81.971 0.2500000000
76511  11.750  -10.405  82.634 0.1250000000
75392  9.659  -11.705  86.777 0.1250000000
75399  11.956  -11.930  82.953 0.1250000000
75400  11.343  -11.500  83.432 0.1250000000
74332  10.706  -12.265  84.805 0.1250000000
134917  10.143  -11.838  85.616 0.1250000000
129567  10.095  -12.420  86.324 0.1250000000
74325  9.181  -11.673  87.762 0.1250000000
66277  25.752  -20.781  81.168 0.2500000000
74336  11.574  -12.293  83.591 0.1250000000
74331  11.286  -12.616  84.294 0.1250000000
66284  25.459  -20.445  80.400 0.2500000000
74339  12.665  -12.340  82.483 0.1250000000
74335  12.279  -12.706  83.159 0.1250000000
74327  11.004  -12.961  84.941 0.1250000000
141099  10.499  -13.152  86.578 0.1250000000
74324  9.742  -12.440  87.182 0.1250000000
73279  9.856  -13.174  87.616 0.1250000000
74330  11.908  -13.057  83.863 0.1250000000
73289  11.616  -13.343  84.682 0.1250000000
73284  11.253  -13.507  85.636 0.1250000000
73274  9.604  -13.510  88.343 0.1250000000
73275  9.006  -13.203  88.637 0.2500000000
67346  25.173  -20.038  79.678 0.2500000000
74345  15.017  -12.406  81.391 0.1250000000
138425  13.545  -12.657  82.120 0.1250000000
74334  13.123  -13.122  82.717 0.1250000000
73295  12.780  -13.465  83.506 0.1250000000
73288  12.402  -13.759  84.337 0.1250000000
73278  10.661  -13.725  87.231 0.1250000000
72291  10.395  -13.912  87.919 0.1250000000
72285  9.385  -13.788  88.760 0.2500000000
73273  8.986  -13.782  88.896 0.2500000000
67352  24.855  -19.551  79.058 0.2500000000
74338  15.327  -13.197  81.923 0.1250000000
127020  14.480  -12.951  81.914 0.1250000000
142118  13.982  -13.286  82.436 0.1250000000
73287  13.328  -14.153  84.021 0.1250000000
72309  12.945  -14.372  84.893 0.1250000000
73283  12.042  -14.042  85.177 0.1250000000
72296  11.241  -13.978  86.585 0.1250000000
72290  11.311  -14.318  87.480 0.1250000000
72284  10.145  -14.200  88.655 0.1250000000
72281  9.026  -14.523  89.308 0.2500000000
74344  15.646  -12.850  81.508 0.1250000000
73304  14.918  -13.612  82.617 0.1250000000
73294  13.893  -13.784  83.177 0.1250000000
72301  12.613  -14.490  85.776 0.1250000000
125248  10.925  -14.335  88.245 0.1250000000
71324  8.517  -15.041  89.267 0.2500000000
73314  15.968  -13.377  81.913 0.1250000000
73292  15.618  -14.054  83.120 0.1250000000
73293  14.925  -14.183  83.424 0.1250000000
72294  13.213  -14.863  86.401 0.1250000000
72288  12.866  -15.030  87.207 0.1250000000
73302  16.232  -13.941  82.551 0.1250000000
73303  15.736  -13.684  82.527 0.1250000000
70363  7.858  -16.984  88.605 0.3750000000
69318  7.690  -17.713  87.737 0.3750000000
68306  7.611  -18.688  86.589 0.3750000000
147904  42.915  -10.884  74.577 0.2500000000
70410  7.478  -16.198  81.424 0.3750000000
138860  44.541  -11.742  74.512 0.2500000000
75459  45.249  -11.643  74.059 0.2500000000
70417  8.237  -16.333  80.174 0.3750000000
71377  7.945  -15.477  80.534 0.3750000000
74403  45.421  -12.310  73.685 0.2500000000
74435  44.596  -12.608  72.095 0.2500000000
70427  8.637  -16.512  79.807 0.3750000000
77553  9.659  -9.563  86.149 0.1250000000
66246  28.396  -21.009  83.993 0.2500000000
66257  27.922  -20.338  83.330 0.2500000000
66267  27.422  -20.048  82.720 0.2500000000
66258  26.997  -21.054  82.784 0.2500000000
66268  26.939  -20.209  82.137 0.2500000000
66276  26.418  -20.130  81.475 0.2500000000
74320  9.298  -12.334  87.951 0.1250000000
67337  26.499  -19.386  81.141 0.2500000000
73280  9.127  -12.703  88.349 0.2500000000
74318  8.688  -12.645  88.225 0.2500000000
67338  26.105  -19.915  80.750 0.2500000000
67351  25.515  -19.156  79.396 0.2500000000
72286  8.535  -14.105  88.801 0.2500000000
70369  7.787  -15.978  88.233 0.2500000000
70368  8.011  -15.895  89.099 0.2500000000
138697  7.629  -16.815  87.711 0.3750000000
124846  7.337  -17.172  86.934 0.3750000000
69320  7.445  -17.975  86.773 0.3750000000
71378  7.546  -14.941  81.065 0.3750000000
126186  7.517  -14.957  81.695 0.3750000000
69324  7.418  -18.138  86.095 0.3750000000
76563  43.432  -10.212  74.607 0.1250000000
72340  7.941  -14.625  80.624 0.3750000000
71372  7.506  -15.479  81.585 0.3750000000
70402  7.491  -16.097  82.280 0.3750000000
76562  44.284  -9.825  74.395 0.1250000000
77614  45.060  -9.416  73.983 0.2500000000
72348  8.490  -14.329  80.333 0.3750000000
76561  45.001  -10.304  74.157 0.2500000000
75474  45.532  -11.496  73.402 0.2500000000
71384  8.469  -14.973  80.230 0.3750000000
75480  45.413  -11.496  72.799 0.2500000000
128028  8.611  -15.764  80.026 0.3750000000
143623  8.857  -17.343  79.396 0.3750000000
144364  29.162  -19.830  84.321 0.2500000000
66256  28.730  -20.060  83.914 0.2500000000
67323  28.429  -19.365  83.542 0.2500000000
67324  27.874  -19.396  82.990 0.2500000000
67330  27.454  -19.401  82.330 0.2500000000
74322  8.468  -12.019  87.822 0.2500000000
74323  8.348  -12.483  87.763 0.2500000000
74319  8.522  -12.709  88.103 0.2500000000
73276  8.671  -13.252  88.483 0.2500000000
73277  8.362  -13.401  88.141 0.2500000000
72287  8.212  -14.324  88.277 0.2500000000
71330  7.897  -15.128  87.824 0.2500000000
72334  7.532  -14.415  81.492 0.3750000000
71357  7.507  -15.268  83.237 0.3750000000
125208  7.366  -17.333  86.141 0.3750000000
70396  7.528  -16.054  83.211 0.3750000000
132981  7.486  -16.767  84.155 0.3750000000
77615  44.132  -9.048  74.328 0.1250000000
77629  45.465  -9.598  73.326 0.2500000000
76582  45.203  -10.830  72.612 0.2500000000
76583  44.732  -10.148  72.319 0.2500000000
75490  44.370  -11.537  71.821 0.2500000000
140812  9.165  -15.179  79.792 0.3750000000
70426  9.356  -16.307  79.568 0.3750000000
70437  9.635  -17.176  79.082 0.3750000000
73282  7.935  -13.268  86.458 0.2500000000
73281  8.110  -13.295  87.332 0.2500000000
135129  7.995  -12.549  86.204 0.2500000000
72292  7.989  -14.232  87.537 0.2500000000
73285  7.775  -13.293  85.508 0.2500000000
72297  7.761  -14.222  86.559 0.2500000000
131384  7.623  -14.110  85.007 0.2500000000
131385  7.739  -13.923  85.816 0.3750000000
136745  7.656  -15.131  86.913 0.2500000000
70374  7.507  -16.132  87.174 0.3750000000
72303  7.610  -14.713  85.603 0.3750000000
134353  7.568  -15.147  86.154 0.3750000000
71336  7.476  -15.921  86.288 0.3750000000
70378  7.372  -16.700  86.419 0.3750000000
72310  7.546  -15.074  84.708 0.3750000000
146354  7.375  -16.898  85.499 0.3750000000
132964  7.517  -16.083  84.141 0.3750000000
123504  7.408  -17.495  85.569 0.3750000000
70388  7.379  -16.812  84.956 0.3750000000
78564  43.801  -8.370  74.356 0.1250000000
78563  44.774  -8.536  73.951 0.2500000000
78576  45.499  -9.073  73.057 0.2500000000
77637  45.237  -9.105  72.759 0.2500000000
79476  44.407  -7.852  73.935 0.2500000000
133096  45.201  -7.945  73.402 0.2500000000
79485  44.880  -7.236  73.436 0.2500000000
78590  44.908  -8.230  72.535 0.2500000000
128509  44.519  -7.509  72.211 0.2500000000
77678  38.359  -9.733  67.353 0.5000000000
76630  38.029  -10.397  66.931 0.6250000000
77677  38.772  -8.995  67.139 0.3750000000
130613  37.811  -10.244  66.217 0.5000000000
78629  39.378  -8.504  67.613 0.3750000000
77689  38.327  -9.601  66.646 0.3750000000
77710  38.455  -9.477  65.793 0.5000000000
70578  44.747  -15.456  58.898 0.2500000000
77688  39.062  -8.936  66.220 0.5000000000
140116  38.575  -9.567  64.135 0.5000000000
70571  44.548  -15.277  59.189 0.2500000000
75659  48.610  -11.243  56.291 0.5000000000
75649  48.195  -11.767  56.610 0.5000000000
78628  40.201  -8.015  67.234 0.3750000000
78639  39.629  -8.450  66.713 0.5000000000
78652  40.021  -8.536  65.787 0.5000000000
75614  37.114  -10.815  61.070 0.1250000000
76754  49.059  -10.734  55.766 0.5000000000
76766  47.883  -9.857  55.329 0.3750000000
78638  40.580  -7.961  66.251 0.5000000000
78651  41.092  -8.356  65.401 0.3750000000
77709  39.306  -8.900  65.290 0.5000000000
77727  40.400  -9.177  64.140 0.5000000000
77728  39.455  -9.104  64.433 0.5000000000
124428  37.587  -10.929  59.947 0.2500000000
78761  50.621  -8.449  53.690 0.5000000000
137663  40.951  -12.669  59.120 0.1250000000
78743  56.714  -8.100  57.049 0.2500000000
78747  55.943  -8.447  56.196 0.2500000000
79643  57.021  -7.441  56.970 0.1250000000
78746  56.601  -8.017  56.676 0.1250000000
80558  57.135  -6.678  56.782 0.1250000000
79652  55.993  -7.377  55.629 0.1250000000
80567  56.783  -6.631  56.007 0.1250000000
81544  57.212  -5.722  56.401 0.1250000000
80573  55.735  -6.542  55.123 0.1250000000
75628  54.335  -11.457  58.900 0.3750000000
78735  56.522  -8.157  57.232 0.1250000000
77808  55.880  -9.332  57.350 0.2500000000
80553  56.499  -6.787  57.345 0.1250000000
81535  57.252  -5.944  56.941 0.1250000000
81536  56.799  -5.974  57.257 0.1250000000
82443  57.300  -4.836  55.753 0.1250000000
81553  56.628  -5.672  55.448 0.1250000000
143718  56.505  -4.771  54.629 0.1250000000
80589  52.525  -5.291  51.281 0.7500000000
81570  53.699  -4.898  51.633 0.2500000000
127519  53.117  -4.896  51.130 0.7500000000
127441  56.919  -5.113  57.018 0.1250000000
137156  56.120  -5.340  57.100 0.1250000000
82451  56.522  -4.509  53.594 0.1250000000
82467  54.291  -4.619  51.334 0.2500000000
82485  54.127  -4.484  50.021 0.5000000000
81602  51.567  -5.757  47.684 0.1250000000
133130  52.153  -5.464  48.110 0.1250000000
82458  57.339  -4.190  52.373 0.1250000000
82450  57.416  -4.074  53.371 0.1250000000
82473  55.629  -4.428  50.605 0.2500000000
82474  54.658  -4.478  50.679 0.2500000000
127139  56.076  -4.354  51.381 0.2500000000
82484  55.095  -4.453  49.878 0.2500000000
82495  54.526  -4.478  49.134 0.5000000000
137243  52.956  -5.283  47.762 0.1250000000
81611  52.882  -5.397  46.742 0.1250000000
141043  51.513  -6.547  45.657 0.1250000000
147756  51.956  -6.925  45.343 0.1250000000
82465  56.837  -4.492  50.559 0.1250000000
82483  56.116  -4.536  49.789 0.2500000000
82493  55.953  -4.704  48.379 0.3750000000
82500  55.557  -4.788  47.864 0.3750000000
81600  54.813  -4.788  47.621 0.5000000000
133782  53.838  -5.335  46.368 0.1250000000
80633  52.242  -6.524  45.520 0.1250000000
80632  53.100  -6.668  45.261 0.1250000000
144079  53.017  -7.284  44.761 0.1250000000
79714  52.356  -7.194  45.065 0.1250000000
130193  52.613  -7.609  44.416 0.1250000000
79722  52.115  -7.853  43.926 0.1250000000
78831  52.451  -8.303  43.430 0.1250000000
78836  52.726  -8.620  42.778 0.1250000000
76841  52.719  -9.855  41.678 0.1250000000
82482  57.128  -4.662  49.601 0.2500000000
126018  56.521  -4.733  48.994 0.2500000000
81591  56.246  -5.031  47.839 0.3750000000
81599  55.614  -5.092  47.367 0.3750000000
128707  53.935  -5.905  45.662 0.2500000000
80621  54.914  -5.536  46.203 0.2500000000
130834  54.028  -6.301  44.905 0.1250000000
80643  53.550  -6.894  44.653 0.1250000000
79728  52.828  -8.017  43.932 0.1250000000
127701  53.492  -7.561  44.046 0.1250000000
78835  53.525  -8.228  42.565 0.1250000000
77890  53.015  -8.855  41.918 0.1250000000
78860  54.593  -8.522  39.107 0.1250000000
125090  54.006  -8.897  39.745 0.1250000000
77906  53.592  -9.353  40.570 0.1250000000
81608  56.442  -5.552  46.761 0.3750000000
80620  55.965  -5.627  46.013 0.2500000000
80631  54.936  -5.911  45.446 0.1250000000
80642  54.888  -6.353  44.624 0.1250000000
79721  54.231  -6.893  44.295 0.1250000000
79734  53.935  -7.737  43.090 0.1250000000
79739  54.909  -7.857  40.716 0.1250000000
78839  54.382  -8.141  41.392 0.1250000000
79748  55.568  -7.547  40.129 0.1250000000
78846  54.601  -8.135  39.836 0.1250000000
78847  54.056  -8.494  40.533 0.1250000000
78859  55.248  -7.667  39.132 0.1250000000
80640  56.513  -6.357  44.553 0.1250000000
80630  55.792  -6.143  45.083 0.1250000000
124021  57.322  -6.428  43.879 0.1250000000
80650  56.274  -6.515  43.648 0.1250000000
79720  54.953  -6.838  44.043 0.1250000000
79727  54.523  -7.294  43.535 0.1250000000
80649  56.868  -6.615  42.943 0.1250000000
79731  56.526  -6.920  42.345 0.1250000000
79725  55.966  -6.824  42.866 0.1250000000
150032  54.532  -7.561  42.929 0.1250000000
79737  56.686  -7.077  41.749 0.1250000000
145272  56.071  -7.346  41.478 0.1250000000
79732  55.745  -7.317  42.148 0.1250000000
79738  55.870  -7.442  40.911 0.1250000000
145068  53.836  -8.343  41.907 0.1250000000
79757  56.297  -7.121  39.645 0.1250000000
79730  57.324  -6.829  42.209 0.1250000000
79736  57.644  -6.925  41.429 0.1250000000
138851  56.745  -7.125  41.113 0.1250000000
79746  57.507  -6.882  40.725 0.1250000000
79747  56.572  -7.113  40.456 0.1250000000
79756  57.282  -6.712  40.060 0.1250000000
64055  17.383  -22.562  93.416 0.6250000000
65115  17.158  -21.689  93.718 0.6250000000
127172  16.151  -22.739  93.313 0.6250000000
64054  17.866  -22.066  93.147 0.6250000000
64053  15.675  -22.439  92.942 0.6250000000
65126  18.788  -20.585  91.792 0.6250000000
65140  24.894  -22.304  87.103 0.2500000000
65142  23.797  -21.430  87.713 0.2500000000
126848  37.062  -15.383  79.360 0.5000000000
134938  37.905  -15.011  77.982 0.5000000000
71416  44.420  -15.164  73.909 0.3750000000
73386  45.244  -13.724  73.784 0.3750000000
73395  45.183  -13.713  72.985 0.2500000000
141870  45.210  -12.868  72.628 0.2500000000
76593  44.668  -11.064  72.128 0.2500000000
74424  45.181  -12.178  72.504 0.2500000000
77638  44.274  -9.178  72.200 0.2500000000
73549  47.026  -13.503  57.108 0.5000000000
75658  49.337  -11.184  56.267 0.5000000000
81567  53.056  -5.434  51.957 0.5000000000
78744  56.346  -8.666  56.876 0.2500000000
145265  56.218  -7.925  56.053 0.2500000000
139146  56.758  -4.402  52.846 0.1250000000
64052  15.844  -22.092  93.581 0.6250000000
66197  22.202  -20.754  88.739 0.3750000000
71391  38.682  -15.213  76.669 0.5000000000
136434  47.536  -12.066  56.681 0.5000000000
137417  15.495  -22.542  92.607 0.6250000000
64062  15.210  -22.064  91.213 0.6250000000
65131  14.893  -21.336  90.678 0.6250000000
66193  14.382  -20.779  90.158 0.6250000000
64059  15.071  -21.816  92.190 0.6250000000
145679  14.598  -20.997  92.448 0.6250000000
77729  38.524  -9.369  64.910 0.3750000000
78762  49.653  -8.534  53.453 0.3750000000
77749  39.548  -9.430  63.470 0.3750000000
138964  14.098  -20.442  93.219 0.6250000000
66177  14.681  -20.611  93.843 0.6250000000
69319  18.514  -17.075  86.104 0.2500000000
66184  12.537  -19.549  92.761 0.6250000000
66179  12.906  -19.581  93.297 0.6250000000
66185  12.064  -19.357  92.191 0.6250000000
136293  11.748  -19.501  91.421 0.5000000000
138244  11.181  -19.495  90.680 0.3750000000
66204  10.167  -19.604  89.515 0.3750000000
66211  10.903  -19.832  88.960 0.5000000000
67304  20.680  -19.174  86.340 0.2500000000
149963  19.886  -18.459  87.019 0.2500000000
67326  19.399  -18.642  83.049 0.2500000000
70370  18.261  -16.954  86.856 0.3750000000
67265  13.845  -19.375  93.760 0.6250000000
67270  13.063  -19.390  93.449 0.6250000000
68275  14.237  -18.645  93.557 0.5000000000
69295  13.264  -17.660  92.478 0.5000000000
127499  14.048  -17.843  92.500 0.5000000000
149774  13.000  -17.939  93.026 0.5000000000
70372  16.489  -16.355  87.461 0.5000000000
70351  13.592  -16.962  90.962 0.3750000000
68282  12.506  -18.416  92.795 0.3750000000
68278  12.510  -18.818  92.855 0.3750000000
67275  12.156  -19.003  92.515 0.6250000000
69296  12.588  -17.348  92.054 0.3750000000
69292  11.881  -17.956  92.421 0.3750000000
67276  11.576  -18.598  92.106 0.3750000000
71337  16.844  -15.726  85.474 0.2500000000
71327  15.822  -16.064  87.357 0.3750000000
67280  10.968  -18.598  91.557 0.3750000000
67285  10.450  -19.311  90.345 0.3750000000
70347  10.831  -17.091  91.864 0.3750000000
145061  11.348  -17.097  91.984 0.3750000000
68284  11.140  -18.193  92.096 0.3750000000
66215  22.521  -20.311  87.519 0.2500000000
66207  22.472  -20.477  88.183 0.2500000000
67289  20.246  -19.400  89.030 0.5000000000
67283  19.299  -19.441  90.352 0.5000000000
66235  22.460  -20.774  85.964 0.2500000000
67303  21.399  -19.643  86.551 0.2500000000
67300  21.038  -19.382  87.730 0.2500000000
66181  17.782  -19.883  92.828 0.6250000000
64051  16.321  -22.160  93.833 0.6250000000
67310  21.053  -19.628  85.297 0.2500000000
67311  20.560  -19.158  85.650 0.2500000000
141102  19.790  -18.873  88.737 0.5000000000
67273  17.308  -19.353  92.552 0.5000000000
67266  16.995  -19.521  93.279 0.5000000000
66176  16.444  -19.960  93.847 0.6250000000
65117  15.998  -21.458  94.188 0.6250000000
66171  15.745  -20.681  94.330 0.6250000000
130617  20.278  -19.345  84.246 0.2500000000
67267  16.169  -19.238  93.654 0.6250000000
145938  15.816  -19.574  94.226 0.6250000000
67263  15.464  -19.923  94.419 0.6250000000
67332  19.590  -19.080  82.399 0.2500000000
69300  16.537  -17.910  90.594 0.5000000000
68280  16.007  -18.459  92.516 0.5000000000
67268  15.507  -18.901  94.042 0.5000000000
68274  15.057  -18.543  93.664 0.6250000000
68270  14.822  -18.844  94.151 0.6250000000
67264  14.615  -19.485  94.233 0.6250000000
69294  15.529  -18.040  92.162 0.5000000000
68281  15.244  -18.378  92.786 0.5000000000
148141  14.822  -15.844  87.919 0.3750000000
71313  13.983  -16.222  89.234 0.3750000000
72350  37.529  -14.568  78.705 0.6250000000
71333  15.662  -15.660  86.555 0.3750000000
70352  12.271  -16.423  90.831 0.3750000000
68288  10.547  -18.167  91.627 0.3750000000
73344  38.856  -14.294  75.980 0.3750000000
72356  38.638  -14.830  76.795 0.6250000000
72357  38.274  -14.520  77.283 0.3750000000
70348  10.314  -17.271  91.516 0.3750000000
69299  10.291  -17.813  91.529 0.3750000000
66196  9.749  -19.264  89.776 0.3750000000
72376  40.370  -14.807  75.178 0.3750000000
72364  39.702  -14.733  75.334 0.6250000000
134608  22.959  -21.696  84.038 0.2500000000
149435  22.807  -21.339  84.568 0.2500000000
69393  18.098  -17.490  77.348 0.1250000000
69303  9.786  -17.683  91.103 0.3750000000
73374  40.286  -13.851  74.432 0.2500000000
73360  38.119  -13.786  75.965 0.3750000000
73373  42.455  -13.459  74.551 0.2500000000
128891  24.166  -21.964  83.013 0.2500000000
148715  18.651  -18.216  77.121 0.1250000000
69304  9.132  -17.585  90.502 0.3750000000
67292  8.722  -18.710  89.336 0.3750000000
68394  20.566  -19.093  75.764 0.1250000000
72293  14.188  -15.147  86.133 0.2500000000
74406  43.654  -12.261  74.627 0.2500000000
72279  10.359  -14.802  89.386 0.1250000000
71318  9.060  -15.188  89.708 0.2500000000
70356  8.911  -16.700  90.157 0.2500000000
71322  12.275  -15.413  88.656 0.2500000000
68298  8.278  -18.283  89.123 0.3750000000
149201  16.558  -13.323  80.008 0.1250000000
72317  15.564  -14.402  83.722 0.1250000000
72353  17.273  -14.355  78.192 0.1250000000
75405  11.729  -11.164  82.784 0.1250000000
141385  13.986  -9.219  80.687 0.1250000000
75409  13.517  -11.476  81.416 0.1250000000
75407  15.236  -11.647  80.711 0.1250000000
74354  15.870  -12.216  80.607 0.1250000000
74353  16.186  -12.619  80.639 0.1250000000
73320  16.393  -13.130  80.980 0.1250000000
72295  12.170  -14.534  86.713 0.1250000000
75460  44.363  -10.707  74.496 0.2500000000
75397  10.997  -11.873  84.082 0.1250000000
74328  10.586  -12.733  85.607 0.1250000000
72302  11.816  -14.202  85.952 0.1250000000
124717  7.513  -15.623  80.997 0.3750000000
76575  45.341  -10.125  73.670 0.2500000000
67336  26.937  -19.398  81.678 0.2500000000
67345  25.838  -19.575  80.047 0.2500000000
71325  8.132  -15.026  88.678 0.2500000000
71365  7.516  -15.390  82.327 0.3750000000
76581  45.577  -10.584  73.190 0.2500000000
68336  27.495  -18.683  81.824 0.2500000000
128199  8.176  -11.553  87.569 0.2500000000
72327  7.511  -14.696  82.231 0.3750000000
77636  45.454  -9.868  72.874 0.2500000000
78577  45.332  -8.769  73.406 0.2500000000
74329  8.031  -11.901  86.919 0.2500000000
130573  7.391  -16.111  84.981 0.3750000000
79477  43.438  -7.766  74.308 0.1250000000
78589  45.411  -8.194  73.005 0.2500000000
79486  44.046  -7.342  73.931 0.2500000000
79502  45.145  -7.288  72.657 0.2500000000
75660  47.789  -11.241  56.368 0.5000000000
79551  41.052  -7.505  66.905 0.3750000000
76755  48.295  -10.613  55.835 0.5000000000
77708  40.246  -8.738  64.890 0.5000000000
77804  56.307  -8.738  57.278 0.2500000000
79634  56.827  -7.505  57.156 0.1250000000
79651  56.732  -7.389  56.445 0.1250000000
80552  57.115  -6.744  57.096 0.1250000000
148941  55.306  -5.689  56.856 0.1250000000
81537  55.207  -5.021  56.569 0.1250000000
139341  57.051  -4.214  54.197 0.1250000000
81601  52.158  -5.687  47.296 0.1250000000
139104  57.142  -4.375  51.528 0.1250000000
128847  55.532  -4.512  49.074 0.5000000000
82494  55.046  -4.535  48.354 0.5000000000
130381  53.825  -4.882  47.228 0.2500000000
80623  51.981  -5.985  46.312 0.1250000000
80622  52.880  -5.791  45.821 0.1250000000
81610  54.794  -5.121  46.897 0.3750000000
79723  51.890  -7.536  44.574 0.1250000000
77885  52.073  -8.989  43.045 0.1250000000
81598  56.388  -5.352  47.311 0.3750000000
81609  55.711  -5.389  46.774 0.3750000000
78830  53.165  -8.113  43.352 0.1250000000
78840  53.638  -8.750  41.262 0.1250000000
80629  56.856  -6.077  45.543 0.2500000000
80641  55.635  -6.511  44.248 0.1250000000
79726  55.404  -6.868  43.525 0.1250000000
124588  55.120  -7.307  42.869 0.1250000000
79733  54.543  -7.779  42.288 0.1250000000
123431  55.252  -7.638  41.494 0.1250000000
80655  58.243  -6.793  42.101 0.1250000000
72335  36.983  -14.927  80.013 0.5000000000
71366  36.699  -15.039  80.802 0.5000000000
73316  36.831  -13.761  79.917 0.2500000000
72328  36.405  -14.246  81.258 0.3750000000
72329  35.751  -13.839  81.907 0.3750000000
72319  36.229  -14.961  81.514 0.3750000000
71349  35.300  -15.653  82.423 0.3750000000
131835  33.933  -15.801  83.313 0.3750000000
72322  33.447  -14.160  82.594 0.2500000000
73301  32.174  -14.286  82.212 0.1250000000
70385  30.930  -16.448  83.787 0.1250000000
68316  30.215  -18.131  84.652 0.1250000000
69340  29.138  -17.931  83.352 0.1250000000
71354  31.109  -15.900  83.342 0.1250000000
70405  29.319  -16.107  81.968 0.1250000000
68332  27.934  -18.717  82.621 0.1250000000
69353  28.461  -17.149  81.825 0.1250000000
137733  27.504  -17.967  81.256 0.1250000000
68343  26.662  -18.345  80.219 0.1250000000
72332  30.251  -15.235  81.210 0.1250000000
71375  29.059  -16.093  80.265 0.1250000000
70414  27.892  -16.680  80.181 0.1250000000
69368  26.760  -17.363  79.292 0.1250000000
71387  29.431  -15.528  79.117 0.1250000000
71381  28.895  -16.006  79.446 0.1250000000
70421  27.737  -16.663  79.391 0.1250000000
70432  26.940  -16.885  78.309 0.1250000000
71393  28.746  -15.835  77.613 0.1250000000
70441  27.511  -16.614  77.848 0.1250000000
70442  26.724  -16.721  77.470 0.1250000000
71409  28.077  -15.561  75.351 0.1250000000
126890  27.958  -15.725  76.034 0.1250000000
71401  27.497  -16.092  76.387 0.1250000000
71402  26.864  -16.432  76.740 0.1250000000
65268  9.329  -21.582  73.160 0.3750000000
71410  27.535  -15.937  75.578 0.1250000000
65267  10.303  -21.462  72.891 0.3750000000
65252  10.039  -21.084  73.447 0.3750000000
70455  11.987  -17.204  76.828 0.1250000000
68382  11.540  -18.109  76.576 0.2500000000
68396  11.742  -18.381  75.697 0.2500000000
142018  12.123  -17.701  76.162 0.2500000000
67401  11.202  -19.394  74.435 0.3750000000
68415  11.500  -18.884  74.941 0.1250000000
66357  10.727  -20.821  73.150 0.3750000000
67415  10.873  -19.793  74.052 0.2500000000
67428  11.821  -19.930  73.120 0.1250000000
67414  11.543  -19.592  73.787 0.2500000000
138507  11.553  -16.813  77.619 0.2500000000
70454  12.252  -16.253  77.126 0.1250000000
69394  11.249  -17.768  77.409 0.3750000000
69422  12.416  -17.545  75.416 0.2500000000
68414  12.202  -18.273  74.879 0.2500000000
68429  12.661  -18.553  73.465 0.1250000000
67413  12.247  -19.294  73.320 0.2500000000
70446  10.851  -17.259  78.150 0.2500000000
70435  10.988  -15.652  78.632 0.2500000000
70445  11.689  -15.951  77.892 0.1250000000
142388  11.135  -16.468  78.265 0.2500000000
71396  12.185  -15.482  77.494 0.1250000000
149033  12.400  -16.652  76.601 0.1250000000
69408  12.509  -17.025  76.151 0.1250000000
70463  12.792  -16.658  75.458 0.1250000000
69434  13.018  -17.166  74.213 0.1250000000
73450  38.583  -13.934  67.188 0.5000000000
130828  12.589  -18.035  74.157 0.1250000000
72468  37.052  -13.938  66.236 0.3750000000
137608  36.327  -15.369  66.065 0.2500000000
71502  36.874  -14.572  66.337 0.2500000000
71340  7.485  -15.647  85.529 0.2500000000
70425  10.087  -15.592  79.363 0.2500000000
72346  9.935  -14.743  79.525 0.2500000000
141119  10.729  -14.435  79.253 0.2500000000
72355  10.939  -13.701  79.296 0.1250000000
70436  10.318  -16.561  78.851 0.2500000000
71390  10.611  -15.063  79.173 0.2500000000
147457  11.154  -14.887  78.817 0.2500000000
71397  11.798  -15.011  78.164 0.1250000000
72362  12.224  -14.009  78.037 0.1250000000
71405  12.577  -15.420  76.836 0.1250000000
72372  12.856  -14.581  76.585 0.1250000000
71415  12.721  -16.160  76.269 0.1250000000
141334  12.977  -15.354  76.194 0.1250000000
127857  13.580  -16.961  73.431 0.1250000000
70469  12.749  -17.063  74.884 0.1250000000
69440  13.187  -17.797  73.505 0.1250000000
73451  37.916  -13.587  66.549 0.3750000000
72467  37.459  -13.746  66.359 0.3750000000
131383  7.522  -14.216  84.019 0.2500000000
141069  7.474  -14.892  83.802 0.2500000000
72318  7.491  -14.303  82.976 0.2500000000
74355  9.207  -12.313  80.229 0.2500000000
75422  9.833  -11.937  79.851 0.1250000000
73330  9.410  -13.453  79.906 0.2500000000
74367  9.623  -12.720  79.870 0.1250000000
74366  10.417  -12.460  79.528 0.1250000000
73328  11.079  -12.939  79.237 0.1250000000
149504  8.773  -14.667  80.105 0.2500000000
72347  9.176  -14.272  79.942 0.2500000000
73329  10.207  -13.194  79.548 0.2500000000
72354  11.459  -14.253  78.751 0.1250000000
148354  12.578  -14.079  77.222 0.1250000000
72384  13.300  -14.827  75.762 0.1250000000
70477  13.499  -16.340  73.968 0.1250000000
71423  13.525  -15.693  74.488 0.1250000000
71414  13.205  -15.752  75.431 0.1250000000
144185  13.817  -16.258  73.308 0.1250000000
137363  13.803  -15.041  74.198 0.1250000000
73290  7.629  -13.376  84.469 0.2500000000
73296  7.533  -13.417  83.293 0.2500000000
125411  7.928  -10.138  80.813 0.1250000000
77572  8.695  -9.897  80.556 0.1250000000
147611  7.485  -13.676  82.573 0.2500000000
73305  7.488  -13.869  81.990 0.2500000000
76518  8.380  -10.734  80.561 0.1250000000
135126  7.439  -13.059  82.274 0.2500000000
137827  7.513  -13.108  81.557 0.2500000000
74356  8.528  -12.287  80.496 0.2500000000
75414  9.033  -11.561  80.359 0.2500000000
76517  9.294  -10.699  80.298 0.1250000000
75421  10.375  -11.320  79.601 0.1250000000
72341  7.621  -14.303  80.979 0.2500000000
73323  7.981  -13.820  80.701 0.2500000000
73321  8.957  -12.927  80.283 0.2500000000
138547  10.574  -11.867  79.483 0.1250000000
74365  11.248  -12.122  79.107 0.1250000000
73335  12.204  -13.041  78.162 0.1250000000
73343  12.555  -13.376  77.427 0.1250000000
73353  12.906  -13.681  76.735 0.1250000000
72371  13.319  -13.988  76.049 0.1250000000
131490  13.564  -14.987  74.926 0.1250000000
72383  13.563  -14.185  75.192 0.1250000000
72393  13.875  -14.351  74.355 0.1250000000
72402  14.085  -14.643  73.591 0.1250000000
73393  14.244  -13.697  73.596 0.1250000000
78510  8.235  -9.056  82.900 0.1250000000
76509  7.914  -10.485  82.921 0.1250000000
77564  7.890  -9.799  82.400 0.1250000000
78516  7.842  -9.238  82.043 0.1250000000
78523  7.967  -9.023  81.593 0.1250000000
77567  7.714  -9.792  81.609 0.1250000000
77574  7.698  -10.107  81.091 0.1250000000
125873  8.317  -8.683  81.225 0.1250000000
143091  7.555  -12.642  82.997 0.2500000000
76512  7.630  -10.488  82.026 0.2500000000
77573  7.980  -9.483  81.024 0.1250000000
135122  7.491  -12.191  82.337 0.2500000000
76514  7.593  -10.571  81.339 0.2500000000
75411  7.583  -11.437  81.110 0.2500000000
76519  7.714  -10.701  80.877 0.2500000000
132939  7.764  -13.062  81.030 0.2500000000
74357  7.855  -12.272  80.823 0.2500000000
75415  8.061  -11.493  80.669 0.2500000000
73315  7.581  -13.766  81.252 0.2500000000
73322  8.260  -13.015  80.614 0.2500000000
76524  10.140  -10.524  79.761 0.1250000000
76523  10.979  -10.821  79.299 0.1250000000
75420  10.990  -11.484  79.286 0.1250000000
74374  12.076  -12.113  78.320 0.1250000000
76533  11.592  -10.324  78.781 0.1250000000
76532  12.205  -10.661  78.246 0.1250000000
75428  12.268  -11.347  78.131 0.1250000000
74381  12.546  -12.551  77.566 0.1250000000
75437  12.580  -11.744  77.567 0.1250000000
75449  12.887  -12.125  76.977 0.1250000000
74392  12.901  -12.872  76.894 0.1250000000
142891  13.047  -11.328  76.852 0.1250000000
73352  13.333  -13.133  76.245 0.1250000000
73368  13.638  -13.361  75.459 0.1250000000
71431  14.270  -15.047  72.920 0.1250000000
74415  14.071  -12.761  74.905 0.1250000000
73384  14.311  -12.857  73.993 0.1250000000
75608  54.505  -11.195  60.477 0.2500000000
75609  54.368  -11.634  60.389 0.1250000000
75618  55.068  -11.014  59.563 0.2500000000
135537  14.315  -13.483  72.815 0.1250000000
73392  14.417  -12.830  73.119 0.1250000000
135123  7.681  -11.938  83.295 0.2500000000
149497  8.327  -8.339  82.818 0.1250000000
75402  7.618  -11.284  82.442 0.2500000000
146182  7.549  -11.088  81.645 0.2500000000
141635  7.461  -12.498  81.756 0.2500000000
75406  7.488  -11.793  81.684 0.2500000000
74347  7.569  -12.354  81.300 0.2500000000
78533  9.282  -8.630  80.546 0.1250000000
77584  9.405  -9.288  80.357 0.1250000000
77778  54.131  -10.118  62.300 0.1250000000
74529  53.901  -11.460  62.231 0.1250000000
74530  53.200  -12.257  62.310 0.1250000000
76723  54.414  -10.866  60.613 0.1250000000
75599  54.213  -11.598  61.193 0.1250000000
140274  53.683  -12.047  61.633 0.1250000000
74541  53.813  -12.169  60.939 0.1250000000
76730  55.172  -10.775  59.447 0.1250000000
76722  54.752  -10.962  59.908 0.2500000000
75627  55.186  -11.045  59.215 0.1250000000
146047  55.471  -10.077  57.643 0.2500000000
75634  54.969  -11.054  58.600 0.2500000000
77786  53.940  -10.375  61.426 0.1250000000
76711  54.240  -10.885  61.548 0.1250000000
74514  52.616  -12.192  63.178 0.1250000000
74515  51.634  -12.656  63.382 0.2500000000
77797  53.323  -9.954  59.742 0.1250000000
76731  54.482  -10.599  59.846 0.1250000000
77796  55.076  -10.153  59.351 0.1250000000
148398  54.155  -9.888  59.478 0.1250000000
77805  55.866  -9.346  57.743 0.1250000000
78730  55.562  -9.309  58.093 0.1250000000
77800  55.360  -9.753  58.781 0.1250000000
76729  55.288  -10.764  59.209 0.1250000000
77799  55.609  -9.909  58.373 0.1250000000
76733  55.410  -10.468  58.586 0.2500000000
74503  51.269  -12.383  64.543 0.2500000000
74505  49.358  -12.512  64.995 0.3750000000
74518  48.815  -12.934  64.058 0.5000000000
74516  50.691  -12.980  63.665 0.3750000000
74517  49.739  -13.037  63.857 0.3750000000
149148  53.340  -9.821  61.086 0.1250000000
145440  54.072  -9.299  62.741 0.1250000000
75592  53.421  -11.772  63.010 0.1250000000
75579  52.209  -12.086  64.232 0.2500000000
73466  50.083  -13.425  62.766 0.3750000000
78716  52.669  -9.155  61.234 0.1250000000
78703  52.973  -8.668  62.000 0.1250000000
77779  53.546  -9.478  61.992 0.1250000000
77787  52.584  -9.631  60.230 0.1250000000
78717  51.890  -8.738  60.555 0.1250000000
78704  52.233  -8.113  61.510 0.1250000000
77801  54.420  -9.489  59.007 0.1250000000
145379  53.283  -9.453  59.094 0.1250000000
143937  52.412  -9.352  59.383 0.1250000000
129756  51.243  -8.200  60.039 0.1250000000
144476  50.534  -7.069  59.765 0.1250000000
78732  53.449  -9.079  58.404 0.1250000000
78733  52.434  -9.028  58.642 0.1250000000
79626  51.134  -8.246  59.167 0.1250000000
79627  50.488  -7.442  59.064 0.1250000000
79631  50.857  -7.805  58.309 0.1250000000
130910  46.969  -12.401  64.748 0.5000000000
77707  41.184  -8.948  64.630 0.3750000000
74504  50.303  -12.506  64.812 0.3750000000
134338  52.414  -11.498  64.722 0.1250000000
75578  53.136  -11.631  63.966 0.1250000000
79603  52.519  -7.152  61.997 0.1250000000
79615  51.064  -7.258  60.443 0.1250000000
79604  51.752  -7.188  61.281 0.1250000000
80519  50.712  -6.362  60.318 0.1250000000
81473  52.778  -5.569  61.994 0.1250000000
80585  51.921  -6.512  52.299 0.6250000000
68324  28.801  -18.595  83.678 0.1250000000
68325  28.306  -18.839  83.192 0.1250000000
69339  29.710  -17.541  83.758 0.1250000000
72325  31.286  -15.008  82.328 0.1250000000
72324  31.918  -14.625  82.596 0.1250000000
126432  30.756  -14.736  80.855 0.1250000000
73318  31.326  -14.257  80.301 0.1250000000
73311  32.147  -14.030  81.582 0.1250000000
69331  29.273  -18.142  83.906 0.1250000000
68331  28.545  -18.288  82.950 0.1250000000
73306  35.910  -13.437  81.070 0.2500000000
70386  30.398  -17.044  83.866 0.1250000000
70394  29.460  -17.225  83.025 0.1250000000
72320  35.092  -14.047  82.415 0.3750000000
73309  33.704  -13.394  81.572 0.2500000000
72331  30.991  -14.845  81.585 0.1250000000
71368  30.518  -15.373  81.964 0.1250000000
73300  32.684  -14.000  81.994 0.1250000000
71342  31.976  -15.802  84.007 0.2500000000
131291  31.928  -13.470  80.080 0.1250000000
77726  41.358  -9.506  63.969 0.5000000000
74531  52.019  -12.744  62.229 0.2500000000
75619  54.617  -11.388  59.768 0.2500000000
66325  10.372  -20.230  74.041 0.2500000000
69383  10.148  -17.477  78.545 0.2500000000
74483  37.378  -12.684  65.761 0.2500000000
73454  37.279  -13.214  65.918 0.2500000000
74542  52.845  -12.499  61.433 0.1250000000
148369  37.101  -14.343  79.832 0.5000000000
137549  37.112  -13.686  78.077 0.2500000000
73338  37.292  -13.593  77.532 0.2500000000
73346  37.535  -13.489  76.721 0.2500000000
73324  36.803  -13.549  79.271 0.1250000000
146472  24.692  -19.135  78.537 0.1250000000
68352  25.234  -18.797  78.776 0.1250000000
67344  26.326  -19.045  80.522 0.1250000000
68337  26.811  -18.572  81.107 0.1250000000
68344  26.117  -18.754  79.786 0.1250000000
67316  28.920  -19.231  84.122 0.1250000000
70381  7.405  -16.506  85.776 0.2500000000
72336  36.896  -14.092  80.628 0.5000000000
144389  36.382  -13.395  80.461 0.3750000000
74358  36.274  -13.138  79.899 0.2500000000
136279  35.672  -14.785  82.258 0.3750000000
73307  35.019  -13.243  81.440 0.2500000000
70397  35.091  -16.463  81.816 0.3750000000
70389  34.890  -16.335  82.521 0.3750000000
71350  34.683  -15.640  83.021 0.3750000000
72321  34.254  -14.002  82.597 0.3750000000
70390  34.407  -16.556  82.922 0.3750000000
72311  33.872  -14.818  83.089 0.3750000000
72312  32.947  -14.705  83.078 0.3750000000
72323  32.808  -14.326  82.556 0.2500000000
132041  33.200  -13.563  81.600 0.2500000000
73298  33.897  -13.687  82.050 0.3750000000
72337  31.493  -14.323  81.179 0.1250000000
72313  32.277  -14.819  83.003 0.1250000000
70392  30.586  -16.490  83.503 0.1250000000
71343  31.420  -15.981  83.729 0.2500000000
69328  31.175  -17.157  84.497 0.2500000000
70384  31.419  -16.528  84.097 0.2500000000
69330  29.681  -18.115  84.249 0.1250000000
68317  29.742  -18.778  84.564 0.1250000000
143823  30.102  -17.627  84.200 0.1250000000
68309  30.128  -18.895  84.812 0.1250000000
68308  30.685  -18.603  85.034 0.1250000000
69329  30.582  -17.419  84.373 0.1250000000
69346  28.801  -17.550  82.634 0.1250000000
71361  30.859  -15.613  82.686 0.1250000000
71360  31.611  -15.237  82.930 0.2500000000
70398  29.707  -16.478  82.709 0.1250000000
71362  30.042  -15.861  82.351 0.1250000000
71370  29.249  -16.158  81.077 0.1250000000
71374  29.638  -15.674  80.779 0.1250000000
71369  29.790  -15.704  81.573 0.1250000000
142050  27.953  -17.426  81.348 0.1250000000
70407  28.190  -16.869  80.986 0.1250000000
70413  28.618  -16.470  80.602 0.1250000000
70406  28.807  -16.561  81.460 0.1250000000
70399  29.007  -16.731  82.337 0.1250000000
69355  27.130  -17.976  80.583 0.1250000000
69354  27.556  -17.329  80.569 0.1250000000
69347  28.085  -17.946  82.107 0.1250000000
68350  26.478  -18.078  79.498 0.1250000000
71380  29.531  -15.630  79.962 0.1250000000
70420  28.380  -16.368  79.801 0.1250000000
69361  27.338  -17.046  79.707 0.1250000000
69362  27.054  -17.713  79.912 0.1250000000
69369  26.223  -17.795  78.869 0.1250000000
72344  30.101  -15.199  79.693 0.1250000000
133402  29.445  -15.464  78.235 0.1250000000
71388  28.205  -16.362  78.180 0.1250000000
145024  28.815  -15.901  78.597 0.1250000000
71382  28.280  -16.382  79.008 0.1250000000
70431  27.596  -16.677  78.671 0.1250000000
70422  27.055  -16.812  79.071 0.1250000000
71400  28.166  -15.896  76.755 0.1250000000
138198  28.025  -16.238  77.462 0.1250000000
71394  27.409  -16.277  77.101 0.1250000000
66334  11.039  -20.209  73.535 0.2500000000
68430  12.046  -18.915  74.188 0.2500000000
69435  12.581  -17.604  74.699 0.1250000000
70468  13.127  -16.448  74.741 0.1250000000
130147  9.745  -11.235  79.993 0.1250000000
141980  11.658  -12.716  78.679 0.1250000000
71432  13.892  -15.549  73.610 0.1250000000
75429  11.619  -11.262  78.726 0.1250000000
74402  13.670  -12.529  75.692 0.1250000000
73385  13.946  -13.548  74.590 0.1250000000
72401  14.280  -14.216  72.898 0.1250000000
77582  10.943  -9.934  79.348 0.1250000000
74422  14.436  -12.086  73.525 0.1250000000
129182  54.695  -11.197  59.903 0.2500000000
76700  54.240  -10.628  62.646 0.1250000000
75591  53.868  -11.201  63.283 0.1250000000
76724  53.680  -10.336  60.435 0.1250000000
76736  55.733  -9.841  58.016 0.1250000000
77795  55.428  -10.360  59.007 0.1250000000
78731  54.646  -9.092  58.354 0.1250000000
75565  51.705  -11.662  65.174 0.2500000000
78684  52.955  -7.914  62.380 0.1250000000
136346  51.548  -7.915  60.779 0.1250000000
78727  51.730  -8.910  59.711 0.1250000000
139964  51.755  -8.871  59.037 0.1250000000
147631  50.817  -7.685  59.666 0.1250000000
81489  50.454  -5.505  60.227 0.1250000000
78739  52.563  -8.531  57.949 0.1250000000
78740  51.632  -8.458  58.393 0.1250000000
80518  51.475  -6.351  60.994 0.1250000000
68318  29.248  -18.655  84.217 0.1250000000
70393  30.033  -16.816  83.377 0.1250000000
71352  32.459  -15.179  83.624 0.1250000000
71353  31.811  -15.423  83.474 0.2500000000
73310  32.732  -13.473  81.180 0.1250000000
73297  34.644  -13.593  81.979 0.3750000000
74351  33.778  -12.497  80.370 0.2500000000
74340  34.619  -12.861  81.016 0.2500000000
69327  32.401  -17.440  84.288 0.2500000000
69326  33.169  -17.577  83.874 0.2500000000
71341  32.804  -15.805  84.082 0.2500000000
67315  29.403  -19.351  84.466 0.1250000000
139650  4.418  -33.230  85.248 0.1250000000
52704  5.250  -34.026  81.809 0.1250000000
130647  4.812  -31.986  83.465 0.1250000000
53732  5.273  -33.089  82.028 0.1250000000
53718  5.097  -32.559  82.719 0.1250000000
52713  5.448  -34.278  81.058 0.1250000000
142153  5.472  -33.520  81.429 0.1250000000
144588  5.197  -31.790  82.785 0.1250000000
52703  5.729  -33.465  80.771 0.1250000000
53731  5.645  -32.759  81.494 0.1250000000
52729  5.999  -34.253  79.183 0.1250000000
54886  5.489  -32.208  82.189 0.1250000000
52720  6.372  -33.452  79.558 0.2500000000
53759  6.189  -33.035  80.328 0.2500000000
52728  6.528  -33.927  78.726 0.1250000000
52721  5.838  -33.857  79.914 0.1250000000
52727  7.282  -33.641  78.099 0.2500000000
141134  6.461  -34.325  77.803 0.2500000000
145608  6.007  -34.710  75.943 0.1250000000
52732  7.671  -33.615  77.229 0.2500000000
52733  7.022  -34.119  77.051 0.2500000000
128252  6.793  -34.318  76.122 0.2500000000
52739  7.287  -33.751  75.480 0.2500000000
52740  6.222  -34.311  75.424 0.1250000000
52750  6.301  -33.684  74.729 0.2500000000
143335  6.327  -33.097  74.070 0.1250000000
68433  37.149  -17.706  72.169 0.1250000000
68424  34.345  -17.316  72.632 0.1250000000
66349  36.758  -18.712  70.754 0.1250000000
67422  36.039  -18.092  71.151 0.1250000000
68435  35.327  -17.559  71.766 0.1250000000
67423  35.178  -18.320  70.999 0.1250000000
67409  33.561  -17.840  72.176 0.1250000000
57847  16.245  -27.335  82.292 0.2500000000
58844  17.739  -26.098  80.283 0.2500000000
58831  17.551  -26.251  81.207 0.2500000000
59967  18.510  -25.702  80.006 0.2500000000
58845  16.971  -26.776  80.649 0.2500000000
66313  30.535  -19.771  76.742 0.3750000000
67379  30.942  -19.276  76.267 0.3750000000
66314  30.015  -20.099  76.402 0.1250000000
125617  28.676  -21.019  75.584 0.1250000000
65236  29.516  -20.503  76.592 0.3750000000
65242  29.020  -20.992  76.361 0.1250000000
63140  27.519  -22.251  76.136 0.2500000000
75584  36.608  -11.559  64.083 0.2500000000
75596  36.651  -11.173  63.231 0.2500000000
74498  46.363  -11.597  65.104 0.3750000000
75612  39.946  -10.865  59.622 0.1250000000
75613  38.857  -10.640  59.846 0.1250000000
76644  47.260  -10.563  65.596 0.2500000000
77701  46.755  -10.003  65.242 0.2500000000
77725  45.728  -9.003  64.838 0.1250000000
74494  49.845  -12.004  65.865 0.2500000000
74495  48.914  -12.209  65.998 0.2500000000
132347  48.724  -11.055  66.298 0.2500000000
146129  48.050  -11.216  66.353 0.2500000000
77702  46.049  -9.666  65.072 0.2500000000
76647  44.724  -9.629  64.750 0.2500000000
74506  48.462  -12.486  65.071 0.2500000000
74496  48.016  -12.199  65.908 0.2500000000
74480  47.668  -11.655  66.144 0.2500000000
75552  46.510  -11.081  65.465 0.2500000000
149127  45.439  -9.782  64.901 0.3750000000
76648  43.905  -9.575  64.629 0.3750000000
76670  43.598  -10.122  64.198 0.3750000000
74507  47.629  -12.448  65.012 0.3750000000
74497  47.086  -12.008  65.517 0.3750000000
75553  45.738  -11.072  64.884 0.5000000000
75550  49.322  -11.487  66.302 0.2500000000
75551  48.458  -11.683  66.315 0.2500000000
76649  43.124  -9.451  64.461 0.5000000000
72551  46.017  -14.498  57.073 0.2500000000
72552  45.326  -14.465  56.833 0.2500000000
73550  46.162  -13.997  56.980 0.3750000000
134790  46.235  -13.287  56.923 0.3750000000
136236  46.659  -12.411  56.735 0.2500000000
75651  45.974  -11.768  56.659 0.1250000000
137561  45.271  -13.392  56.683 0.1250000000
75652  44.998  -11.968  56.558 0.1250000000
75650  46.955  -11.600  56.551 0.1250000000
76756  47.500  -10.384  55.953 0.2500000000
75661  47.087  -10.863  56.363 0.1250000000
76744  46.245  -10.913  56.481 0.1250000000
76745  45.259  -11.052  56.468 0.1250000000
52736  7.572  -33.758  76.396 0.2500000000
135166  36.764  -17.970  71.440 0.1250000000
76669  44.356  -10.293  64.439 0.5000000000
53686  4.432  -32.624  84.885 0.1250000000
53701  4.530  -32.705  83.972 0.1250000000
51720  5.115  -34.671  82.247 0.1250000000
141229  4.826  -32.863  83.263 0.1250000000
51735  5.987  -34.561  78.404 0.1250000000
149398  5.855  -34.748  77.672 0.2500000000
66350  35.775  -18.869  70.445 0.1250000000
146825  46.775  -11.537  65.546 0.2500000000
76645  46.603  -10.502  65.396 0.2500000000
77724  46.386  -9.434  64.959 0.1250000000
77703  45.159  -9.001  64.872 0.1250000000
75531  47.467  -11.094  66.141 0.2500000000
76646  45.935  -10.417  65.113 0.2500000000
75554  45.163  -10.384  64.728 0.3750000000
74595  45.664  -12.640  56.715 0.1250000000
130076  35.886  -16.065  80.442 0.3750000000
65275  38.236  -20.263  70.209 0.1250000000
71367  36.108  -15.676  80.880 0.2500000000
70403  35.545  -16.266  81.054 0.3750000000
69352  34.692  -17.033  80.845 0.3750000000
65274  38.928  -20.300  70.342 0.1250000000
71358  35.739  -15.720  81.634 0.2500000000
70404  34.902  -16.815  81.216 0.3750000000
133323  34.590  -17.070  81.768 0.3750000000
74349  35.045  -12.520  80.541 0.1250000000
74359  35.495  -12.447  79.788 0.1250000000
126279  34.770  -12.078  79.896 0.1250000000
70391  33.871  -16.672  83.372 0.2500000000
69337  34.007  -17.349  82.757 0.2500000000
68330  33.782  -18.091  81.932 0.3750000000
68322  33.496  -17.886  83.030 0.2500000000
69338  33.649  -17.307  83.390 0.2500000000
140904  33.289  -18.428  82.779 0.2500000000
68313  33.219  -18.408  83.417 0.1250000000
75463  41.251  -11.407  74.059 0.1250000000
68315  31.908  -17.752  84.707 0.1250000000
67313  32.617  -19.767  83.524 0.1250000000
74326  8.113  -12.443  87.165 0.1250000000
76565  41.510  -10.287  74.476 0.1250000000
67314  32.380  -20.031  84.148 0.1250000000
73455  36.935  -13.503  65.837 0.2500000000
74321  8.634  -11.955  87.968 0.1250000000
74333  8.049  -11.871  85.951 0.1250000000
75394  7.934  -11.222  86.981 0.1250000000
135128  7.809  -12.581  85.102 0.1250000000
135127  7.682  -12.620  83.944 0.1250000000
75389  8.478  -11.178  87.831 0.1250000000
75390  8.173  -11.027  87.788 0.1250000000
147609  7.877  -10.394  87.954 0.1250000000
75391  7.851  -10.511  87.732 0.1250000000
75396  8.078  -11.145  85.777 0.1250000000
130581  7.948  -11.162  83.619 0.1250000000
79501  45.279  -7.260  72.925 0.1250000000
77554  7.940  -9.688  86.387 0.1250000000
77557  8.198  -9.749  84.871 0.1250000000
79509  44.936  -6.514  72.419 0.1250000000
80418  44.659  -5.892  71.042 0.1250000000
79510  44.813  -6.574  71.899 0.1250000000
80434  43.835  -5.524  68.528 0.1250000000
80395  44.962  -6.532  72.794 0.1250000000
80407  45.029  -5.953  72.184 0.1250000000
80417  44.862  -5.640  71.599 0.1250000000
80426  45.063  -5.140  70.846 0.1250000000
80427  44.392  -5.456  70.106 0.1250000000
78649  43.067  -8.322  65.388 0.3750000000
81357  44.162  -5.621  72.362 0.1250000000
81356  44.828  -5.920  72.372 0.1250000000
82246  44.865  -4.701  71.090 0.1250000000
147732  44.921  -4.640  70.710 0.1250000000
81386  44.768  -4.571  70.243 0.1250000000
81387  44.476  -4.866  69.267 0.1250000000
80442  43.799  -5.536  67.556 0.1250000000
82247  44.015  -4.504  71.073 0.1250000000
82250  44.656  -4.452  70.393 0.1250000000
81396  44.701  -4.262  69.020 0.1250000000
81397  44.423  -4.754  68.330 0.1250000000
77830  46.959  -9.608  55.451 0.1250000000
80628  57.890  -6.199  45.476 0.1250000000
124022  58.452  -6.568  43.756 0.1250000000
81590  57.145  -5.283  47.922 0.1250000000
131935  57.133  -5.584  47.157 0.1250000000
81607  57.963  -5.742  46.783 0.1250000000
80618  57.657  -5.959  46.095 0.1250000000
80619  56.988  -5.766  46.425 0.1250000000
80638  59.039  -6.369  44.505 0.1250000000
80647  59.885  -6.521  43.376 0.1250000000
81589  58.160  -5.174  48.270 0.1250000000
133603  56.692  -4.986  48.382 0.1250000000
81597  58.001  -5.478  47.568 0.1250000000
80617  58.600  -6.256  46.194 0.1250000000
129342  59.652  -6.409  45.190 0.1250000000
143366  59.386  -6.492  45.901 0.1250000000
81617  60.510  -5.893  43.499 0.1250000000
80637  59.873  -6.442  44.286 0.1250000000
80627  58.798  -6.321  45.319 0.1250000000
81619  60.468  -5.851  42.593 0.1250000000
80646  60.250  -6.237  43.910 0.1250000000
143118  59.288  -6.507  43.753 0.1250000000
83333  60.319  -4.292  41.763 0.1250000000
83321  59.837  -3.856  42.341 0.1250000000
82481  57.999  -4.693  49.425 0.1250000000
82491  58.314  -4.838  48.828 0.1250000000
82492  57.459  -4.967  48.787 0.1250000000
81588  58.951  -4.739  48.498 0.1250000000
81595  59.543  -5.219  47.421 0.1250000000
81606  58.624  -5.575  47.239 0.1250000000
81604  60.219  -5.658  46.219 0.1250000000
81605  59.786  -5.764  46.768 0.1250000000
82504  60.541  -5.219  44.799 0.1250000000
80626  59.946  -6.222  45.892 0.1250000000
81613  60.350  -5.860  45.329 0.1250000000
82508  60.551  -5.288  43.077 0.1250000000
83320  60.382  -4.564  42.709 0.1250000000
135462  60.500  -4.478  45.220 0.1250000000
145011  60.443  -5.249  45.598 0.1250000000
83312  60.446  -4.585  43.523 0.1250000000
82506  60.618  -5.273  43.927 0.1250000000
139613  58.260  -3.566  42.411 0.1250000000
126395  32.638  -19.483  84.184 0.1250000000
125399  33.689  -18.052  82.445 0.2500000000
68323  32.916  -18.984  83.032 0.2500000000
65303  39.174  -20.601  69.496 0.1250000000
79672  50.543  -7.406  52.508 0.2500000000
80384  44.188  -6.769  73.579 0.1250000000
71351  33.201  -15.247  83.614 0.2500000000
74348  35.732  -12.919  80.529 0.1250000000
129435  32.995  -19.024  83.842 0.1250000000
68314  32.402  -18.749  84.477 0.1250000000
67306  32.066  -19.529  84.804 0.1250000000
76501  7.856  -10.426  86.859 0.1250000000
74337  7.936  -11.777  84.601 0.1250000000
76497  8.081  -10.406  88.080 0.1250000000
76504  8.103  -10.433  85.440 0.1250000000
130986  8.106  -11.014  84.678 0.1250000000
76506  8.177  -10.453  84.112 0.1250000000
81364  44.795  -5.403  71.665 0.1250000000
81365  43.993  -5.010  71.693 0.1250000000
81596  58.900  -5.258  47.777 0.1250000000
145974  58.772  -5.878  46.808 0.1250000000
81615  60.485  -5.879  44.396 0.1250000000
82510  60.546  -5.134  42.165 0.1250000000
145201  59.207  -5.582  47.096 0.1250000000
83313  60.024  -4.069  43.163 0.1250000000
128615  9.110  -30.453  85.928 0.1250000000
56990  19.338  -28.495  73.380 0.1250000000
57840  15.794  -27.688  82.537 0.1250000000
57855  16.288  -27.399  80.947 0.1250000000
57848  15.969  -27.655  81.745 0.1250000000
57856  15.950  -27.854  80.371 0.1250000000
57864  16.560  -27.308  80.040 0.1250000000
57877  16.851  -27.153  79.076 0.1250000000
145309  17.419  -27.206  77.361 0.1250000000
58894  17.930  -26.592  77.691 0.1250000000
58913  18.097  -26.820  76.693 0.1250000000
125862  18.571  -26.905  75.730 0.1250000000
57953  20.067  -27.233  73.956 0.1250000000
57937  18.849  -27.059  74.861 0.1250000000
57019  23.072  -27.757  72.739 0.1250000000
57965  23.497  -27.506  73.417 0.1250000000
57004  22.583  -27.775  73.047 0.1250000000
57006  21.456  -28.120  72.749 0.1250000000
56989  20.369  -27.826  73.286 0.1250000000
57971  24.025  -27.309  72.114 0.1250000000
57972  23.591  -27.591  72.418 0.1250000000
57020  22.549  -28.242  72.050 0.1250000000
57022  21.381  -29.080  71.887 0.1250000000
138929  20.739  -28.239  72.790 0.1250000000
58877  17.732  -26.423  78.684 0.1250000000
58862  17.273  -26.591  79.701 0.1250000000
63141  26.740  -22.798  75.603 0.1250000000
62082  26.282  -23.724  75.489 0.1250000000
133602  26.091  -23.249  74.726 0.1250000000
61061  25.439  -24.947  74.701 0.1250000000
57936  19.842  -26.773  74.803 0.1250000000
57919  19.603  -26.607  75.660 0.1250000000
61074  25.242  -24.792  73.827 0.1250000000
60046  25.054  -25.602  74.154 0.1250000000
58951  24.314  -26.902  73.874 0.1250000000
57949  23.869  -27.269  74.130 0.1250000000
58965  24.318  -26.848  72.853 0.1250000000
58964  24.606  -26.219  73.566 0.1250000000
57003  23.043  -27.532  73.721 0.1250000000
143848  22.165  -27.731  73.214 0.1250000000
56988  21.268  -27.591  73.472 0.1250000000
58832  16.659  -26.925  81.652 0.1250000000
62076  27.214  -22.903  76.522 0.2500000000
61052  26.312  -24.466  76.178 0.1250000000
60030  25.708  -25.131  75.580 0.1250000000
60031  25.238  -25.742  75.043 0.1250000000
127048  20.622  -26.539  75.628 0.1250000000
57894  19.319  -26.488  76.453 0.1250000000
58950  24.748  -26.336  74.520 0.1250000000
56971  21.764  -27.183  74.639 0.1250000000
57935  20.917  -26.786  74.883 0.1250000000
125801  23.667  -27.181  75.010 0.1250000000
139718  23.399  -27.369  74.209 0.1250000000
56986  22.655  -27.433  74.109 0.1250000000
57952  20.918  -27.195  73.970 0.1250000000
61042  26.615  -24.831  77.208 0.2500000000
132263  18.529  -26.191  78.072 0.1250000000
60014  26.024  -25.329  76.543 0.1250000000
57913  24.525  -26.725  76.642 0.2500000000
58893  18.902  -26.333  77.316 0.1250000000
60015  25.437  -25.878  75.971 0.1250000000
57931  24.081  -26.999  75.918 0.1250000000
57918  21.499  -26.531  76.159 0.1250000000
57951  23.099  -27.097  75.213 0.1250000000
57934  22.444  -26.891  75.614 0.1250000000
138464  21.222  -26.606  75.616 0.1250000000
58937  24.273  -26.914  75.023 0.1250000000
56970  22.530  -27.156  74.886 0.1250000000
123765  21.744  -26.761  75.572 0.1250000000
57950  23.172  -27.267  74.597 0.1250000000
124780  18.788  -25.947  78.696 0.1250000000
65285  10.787  -22.079  72.383 0.1250000000
65266  11.235  -21.267  72.622 0.2500000000
78637  41.508  -7.570  65.945 0.2500000000
77705  43.488  -8.887  64.922 0.2500000000
71589  44.553  -14.757  56.646 0.1250000000
71591  43.729  -14.853  56.143 0.1250000000
73551  45.363  -13.996  56.762 0.1250000000
72564  43.998  -14.569  56.379 0.1250000000
69620  43.770  -15.989  57.166 0.1250000000
70629  44.706  -15.396  57.196 0.1250000000
132396  44.144  -15.580  57.046 0.1250000000
70630  43.768  -15.626  56.746 0.1250000000
71590  44.062  -14.909  56.416 0.1250000000
69598  43.831  -16.186  57.679 0.1250000000
69568  43.401  -16.020  58.409 0.1250000000
69619  44.296  -15.867  57.461 0.1250000000
70572  43.711  -15.472  59.006 0.1250000000
70579  44.039  -15.693  58.824 0.1250000000
139242  43.508  -15.800  58.653 0.1250000000
70598  44.941  -15.650  58.448 0.1250000000
69597  44.398  -16.088  58.035 0.1250000000
70614  44.964  -15.697  57.786 0.1250000000
58922  25.616  -25.947  76.943 0.2500000000
132344  20.555  -26.409  76.408 0.1250000000
57917  22.319  -26.722  76.247 0.1250000000
57932  23.624  -27.052  75.819 0.1250000000
62077  26.753  -23.560  76.372 0.1250000000
72563  44.686  -14.422  56.621 0.1250000000
57007  19.888  -28.880  72.709 0.1250000000
141585  17.987  -27.502  75.025 0.1250000000
57954  19.133  -27.625  74.124 0.1250000000
57964  23.996  -27.318  73.156 0.1250000000
57005  22.042  -28.290  72.420 0.1250000000
57036  23.142  -28.112  71.656 0.1250000000
147370  25.945  -23.846  74.960 0.1250000000
62095  25.669  -24.099  74.405 0.1250000000
56987  22.019  -27.526  73.852 0.1250000000
58936  24.890  -26.421  75.491 0.1250000000
148459  23.381  -27.143  75.183 0.1250000000
58923  25.016  -26.451  76.399 0.1250000000
58924  24.471  -26.761  75.976 0.1250000000
148676  43.650  -14.279  56.197 0.1250000000
71576  44.291  -15.152  56.739 0.1250000000
51740  6.059  -34.608  76.835 0.1250000000
64258  38.034  -21.460  68.457 0.1250000000
65331  38.312  -21.056  68.035 0.1250000000
127895  38.900  -20.723  68.622 0.1250000000
65330  38.377  -20.653  68.056 0.1250000000
66431  37.836  -20.500  67.537 0.1250000000
70553  35.701  -16.330  65.877 0.1250000000
144637  35.333  -16.735  65.438 0.1250000000
70556  35.341  -16.124  65.136 0.1250000000
137607  35.810  -15.301  65.408 0.1250000000
71508  35.303  -15.169  64.711 0.1250000000
70557  34.839  -16.188  64.540 0.1250000000
145301  35.031  -14.600  64.232 0.1250000000
71503  36.317  -14.523  65.614 0.1250000000
71507  35.849  -14.551  65.103 0.1250000000
72480  34.639  -14.590  63.573 0.1250000000
71512  34.184  -15.361  63.322 0.1250000000
72474  36.171  -13.951  65.161 0.1250000000
73456  36.505  -13.463  65.264 0.1250000000
73461  35.873  -13.513  64.669 0.1250000000
73472  35.401  -13.356  63.985 0.1250000000
72479  35.217  -13.968  64.116 0.1250000000
74525  35.548  -12.809  63.730 0.1250000000
72485  34.876  -13.826  63.456 0.1250000000
73485  35.079  -13.190  63.253 0.1250000000
73460  36.369  -13.074  64.844 0.1250000000
74499  37.045  -12.723  65.292 0.1250000000
74511  36.660  -12.697  64.856 0.1250000000
74512  36.246  -12.601  64.480 0.1250000000
148217  35.912  -12.524  64.055 0.1250000000
74537  35.328  -12.576  62.906 0.1250000000
74524  35.771  -12.229  63.383 0.1250000000
74549  35.265  -12.376  61.878 0.1250000000
76668  47.934  -10.407  65.066 0.1250000000
76643  48.023  -10.796  66.073 0.1250000000
76642  49.692  -10.805  66.076 0.1250000000
134026  49.548  -10.358  65.367 0.1250000000
76667  48.781  -10.652  65.785 0.1250000000
75549  50.241  -11.194  66.134 0.1250000000
76641  50.733  -10.383  65.903 0.1250000000
75571  36.484  -12.219  64.452 0.1250000000
75566  50.780  -11.809  65.532 0.1250000000
74536  35.707  -11.944  62.400 0.1250000000
77723  47.151  -9.924  65.012 0.1250000000
146321  48.071  -10.475  63.942 0.1250000000
76687  49.473  -10.132  64.275 0.1250000000
75548  51.208  -11.028  65.905 0.1250000000
75585  36.212  -11.991  63.872 0.1250000000
74532  50.975  -13.207  62.553 0.1250000000
75604  36.344  -11.345  61.744 0.1250000000
77704  44.284  -8.922  64.953 0.1250000000
78648  43.834  -8.400  65.334 0.1250000000
75597  36.170  -11.518  62.858 0.1250000000
78635  43.451  -7.796  65.737 0.1250000000
72469  36.656  -13.893  65.757 0.1250000000
77746  47.464  -10.264  63.922 0.1250000000
148066  37.344  -22.169  67.625 0.1250000000
72475  35.573  -14.215  64.671 0.1250000000
76688  48.742  -10.373  64.710 0.1250000000
54997  5.195  -32.005  72.119 0.2500000000
56008  10.347  -30.815  76.029 0.5000000000
56076  5.205  -30.829  70.437 0.1250000000
56092  5.452  -29.722  69.612 0.1250000000
56093  5.237  -30.154  70.263 0.1250000000
56920  6.304  -30.109  82.298 0.5000000000
57072  5.266  -28.929  69.244 0.1250000000
57916  23.317  -26.991  76.460 0.2500000000
58009  5.021  -28.307  69.061 0.1250000000
58854  25.770  -25.904  79.225 0.5000000000
58896  12.411  -26.927  76.797 0.8750000000
58940  10.163  -26.747  73.268 0.7500000000
58990  5.432  -27.989  69.605 0.1250000000
59008  5.199  -27.594  68.680 0.1250000000
59023  6.436  -27.942  68.095 0.1250000000
59976  12.614  -26.011  78.546 1.0000000000
60003  11.577  -25.761  75.816 1.0000000000
60032  11.208  -26.429  74.578 0.8750000000
60123  5.269  -26.798  68.821 0.1250000000
60124  4.963  -27.223  68.949 0.1250000000
60898  15.252  -24.525  92.486 0.7500000000
60902  15.537  -25.129  92.206 0.8750000000
60958  8.956  -26.335  86.543 0.6250000000
60988  27.973  -24.596  82.585 0.7500000000
61029  11.724  -24.938  76.847 1.0000000000
61033  8.462  -24.465  76.022 0.7500000000
61062  7.844  -25.128  74.086 0.8750000000
61135  6.776  -25.151  69.476 0.3750000000
61151  5.608  -26.030  69.129 0.2500000000
62006  29.466  -23.203  83.237 0.3750000000
62019  29.333  -23.147  81.781 0.6250000000
62054  28.308  -23.549  78.631 0.7500000000
62062  7.651  -23.462  77.089 0.7500000000
62224  14.309  -24.154  65.069 0.1250000000
63015  16.009  -23.247  92.855 0.6250000000
63068  29.937  -23.042  84.202 0.2500000000
63074  30.262  -22.297  82.829 0.3750000000
63094  12.913  -23.080  79.508 0.8750000000
63095  12.191  -23.006  78.967 1.0000000000
63109  11.825  -23.497  78.457 1.0000000000
63207  6.061  -24.569  70.655 0.3750000000
64090  31.140  -21.526  84.185 0.1250000000
64098  31.152  -21.568  83.630 0.1250000000
64104  30.866  -21.713  82.874 0.3750000000
64107  13.653  -22.270  83.549 0.8750000000
64126  8.832  -21.957  80.422 0.7500000000
64156  28.722  -21.662  76.964 0.5000000000
64233  38.864  -20.921  69.335 0.1250000000
64275  37.762  -21.684  67.892 0.1250000000
65134  14.782  -21.498  89.795 0.6250000000
65144  29.696  -22.439  85.690 0.2500000000
65145  29.448  -22.255  86.004 0.2500000000
65183  31.485  -21.185  82.787 0.5000000000
65194  8.631  -21.161  82.403 0.5000000000
65204  11.717  -21.184  81.473 0.8750000000
65207  8.349  -21.388  81.713 0.6250000000
65220  30.469  -20.899  79.332 0.7500000000
65229  6.390  -21.635  77.271 0.8750000000
65256  6.760  -21.621  73.814 0.7500000000
65273  39.277  -20.095  70.419 0.2500000000
65291  39.219  -20.423  69.907 0.2500000000
65316  38.754  -21.077  68.806 0.1250000000
66243  32.068  -20.470  83.749 0.2500000000
66266  32.299  -20.086  82.631 0.5000000000
66273  7.336  -20.197  82.789 0.5000000000
66315  6.747  -20.527  76.976 0.8750000000
66330  40.252  -19.114  72.183 0.7500000000
66354  29.350  -19.671  72.469 0.1250000000
66361  40.574  -18.925  71.952 0.7500000000
66363  39.612  -19.525  71.042 0.3750000000
66382  40.181  -19.002  71.354 0.6250000000
66396  40.015  -19.333  70.127 0.3750000000
66407  39.696  -19.714  69.532 0.2500000000
66408  39.400  -20.272  68.990 0.2500000000
66423  38.323  -20.195  68.008 0.1250000000
67321  33.207  -18.739  82.385 0.2500000000
67390  31.169  -19.033  75.489 0.1250000000
67405  40.978  -18.776  72.801 0.8750000000
67418  41.001  -18.818  72.225 0.8750000000
67420  38.398  -18.590  71.642 0.5000000000
67434  40.893  -18.705  71.786 0.8750000000
67448  40.646  -18.368  70.818 0.6250000000
67471  37.943  -19.951  67.692 0.1250000000
68375  7.823  -19.355  77.645 0.7500000000
68405  37.033  -16.956  73.572 0.7500000000
68431  42.164  -17.443  72.764 0.8750000000
68432  41.503  -18.173  72.288 0.8750000000
68472  38.275  -18.300  68.419 0.2500000000
69336  34.548  -16.954  82.301 0.2500000000
69567  44.238  -15.883  58.551 0.1250000000
69584  43.830  -16.155  58.251 0.1250000000
69585  43.303  -16.271  57.882 0.1250000000
70382  33.310  -16.690  83.932 0.2500000000
70383  32.391  -16.672  84.240 0.2500000000
70428  7.960  -17.080  80.024 0.5000000000
70580  43.195  -15.684  58.697 0.1250000000
71348  7.503  -15.501  84.179 0.3750000000
71355  30.407  -16.208  83.025 0.1250000000
71359  34.918  -14.696  82.864 0.3750000000
72330  31.676  -14.473  81.949 0.1250000000
72361  12.390  -14.761  77.391 0.1250000000
72385  44.684  -14.377  74.336 0.3750000000
72394  44.870  -14.448  73.457 0.5000000000
72456  39.310  -14.569  68.230 0.5000000000
73299  33.288  -13.854  82.082 0.2500000000
73308  34.280  -13.249  81.524 0.3750000000
73331  8.700  -13.646  80.319 0.2500000000
73336  11.635  -13.435  78.689 0.1250000000
73394  45.424  -12.995  73.317 0.2500000000
73459  36.807  -13.132  65.331 0.1250000000
73471  35.872  -12.956  64.377 0.1250000000
74341  34.030  -12.845  81.068 0.2500000000
74368  36.624  -13.379  78.482 0.1250000000
74423  45.521  -12.219  72.995 0.2500000000
75532  47.077  -11.390  65.861 0.2500000000
75533  46.961  -10.963  65.823 0.2500000000
76560  45.354  -10.845  73.798 0.2500000000
76595  43.175  -10.383  71.530 0.3750000000
80616  59.367  -6.157  46.529 0.1250000000
80636  60.153  -6.229  44.866 0.1250000000
81375  45.060  -4.860  71.005 0.1250000000
124178  32.018  -13.755  80.817 0.1250000000
124257  32.785  -18.175  84.163 0.1250000000
125912  8.640  -18.993  88.793 0.3750000000
126678  32.367  -14.434  82.525 0.1250000000
127691  51.017  -5.771  48.081 0.1250000000
129376  40.811  -18.441  71.291 0.8750000000
129647  9.571  -10.021  80.215 0.1250000000
129870  39.065  -13.529  67.505 0.7500000000
130368  10.007  -13.950  79.538 0.2500000000
131201  28.559  -21.500  76.231 0.1250000000
131781  12.564  -26.051  77.743 0.8750000000
132997  10.334  -27.168  90.309 0.5000000000
134486  30.682  -21.740  84.482 0.1250000000
135253  13.195  -24.548  81.148 1.0000000000
137370  44.033  -14.499  74.798 0.3750000000
137748  31.655  -18.625  74.932 0.2500000000
137933  26.967  -25.055  79.778 0.6250000000
138797  31.787  -17.062  84.386 0.1250000000
140182  32.777  -17.856  75.934 0.3750000000
140843  24.759  -25.892  82.618 0.6250000000
142229  22.220  -25.215  85.646 0.5000000000
142295  46.658  -15.082  58.466 0.3750000000
143289  8.433  -25.416  68.516 0.1250000000
143300  35.225  -12.955  80.959 0.1250000000
143346  44.986  -11.033  74.262 0.2500000000
143485  10.714  -24.942  87.656 0.7500000000
143858  26.560  -25.388  80.838 0.6250000000
144024  39.729  -19.884  69.909 0.3750000000
144160  27.095  -24.988  82.491 0.3750000000
144280  21.694  -19.636  76.666 0.1250000000
144820  39.847  -19.344  71.502 0.7500000000
144944  37.523  -20.130  70.186 0.2500000000
145273  25.869  -24.365  75.208 0.1250000000
145305  57.276  -5.395  56.754 0.1250000000
145414  33.459  -15.996  83.743 0.2500000000
145631  9.661  -19.797  75.010 0.6250000000
145662  39.089  -20.973  69.009 0.2500000000
146002  50.246  -10.212  65.678 0.1250000000
146393  43.910  -16.013  58.491 0.1250000000
146888  41.303  -15.533  74.810 0.6250000000
147580  18.505  -21.801  92.308 0.7500000000
147682  30.855  -16.900  84.119 0.2500000000
147901  42.133  -16.044  74.771 0.6250000000
148445  12.661  -19.864  92.504 0.6250000000
148759  12.123  -27.691  75.472 0.7500000000
149116  43.541  -15.178  56.056 0.1250000000
149599  10.407  -20.604  73.617 0.2500000000
