#!ascii label  , from subject sub-v1s6x0051371_ses-1 vox2ras=TkReg
4255
34213  5.026  -45.811  68.880 0.6250000000
112327  5.076  -46.246  68.584 0.6250000000
34233  4.647  -46.378  68.071 0.6250000000
33146  5.065  -46.790  67.718 0.5000000000
34249  4.683  -46.506  66.993 0.6250000000
34192  5.778  -46.163  70.212 0.5000000000
115103  5.597  -46.099  69.832 0.5000000000
34193  5.179  -45.805  69.828 0.6250000000
34209  6.705  -46.231  69.390 0.5000000000
34210  6.276  -46.348  69.620 0.5000000000
34211  5.903  -46.275  69.762 0.5000000000
34189  7.179  -46.019  69.802 0.5000000000
34231  6.321  -46.412  68.816 0.5000000000
125002  5.729  -46.189  69.222 0.5000000000
34212  5.501  -46.028  69.182 0.5000000000
33135  6.028  -46.365  68.992 0.5000000000
34232  5.444  -46.414  68.566 0.5000000000
34250  4.119  -46.312  66.504 0.6250000000
35334  3.400  -46.650  65.733 0.7500000000
36297  7.624  -44.338  71.695 0.7500000000
35253  7.136  -45.178  71.279 0.7500000000
35254  6.260  -45.442  71.302 0.7500000000
35255  5.906  -45.486  70.956 0.7500000000
35268  5.666  -45.917  70.513 0.6250000000
126320  8.178  -44.055  71.453 0.7500000000
35266  7.138  -45.685  70.794 0.7500000000
35267  6.549  -45.830  71.004 0.7500000000
123123  6.009  -45.955  70.922 0.7500000000
35280  5.369  -45.944  70.187 0.6250000000
36311  8.225  -44.414  70.969 0.7500000000
34177  6.620  -46.157  70.505 0.6250000000
34178  6.093  -46.154  70.562 0.5000000000
34194  4.846  -45.546  69.605 0.6250000000
35264  8.447  -44.747  70.421 0.6250000000
35278  7.772  -45.550  70.113 0.6250000000
35279  7.150  -45.966  70.375 0.6250000000
34190  6.671  -46.268  70.048 0.5000000000
34191  6.201  -46.297  70.168 0.5000000000
35277  8.466  -45.174  69.736 0.5000000000
35290  7.791  -45.621  69.434 0.5000000000
35292  3.900  -45.463  68.249 0.6250000000
129669  4.354  -45.833  68.337 0.6250000000
127661  4.097  -45.206  67.467 0.6250000000
34234  4.354  -45.790  67.377 0.6250000000
36366  4.110  -45.042  66.573 0.6250000000
129144  3.871  -45.849  66.387 0.6250000000
36381  3.531  -45.125  65.453 0.6250000000
124162  3.535  -44.763  64.889 0.6250000000
128197  3.637  -45.840  65.332 0.7500000000
34267  3.286  -46.912  66.007 0.7500000000
36395  3.540  -44.952  64.116 0.6250000000
125480  3.471  -47.482  65.460 0.7500000000
36298  7.131  -44.876  72.038 0.7500000000
36299  6.521  -45.089  72.110 0.7500000000
36300  6.114  -44.981  71.683 0.7500000000
35256  5.519  -45.425  70.621 0.7500000000
134390  8.184  -43.798  71.766 0.7500000000
36288  7.515  -44.188  72.468 0.7500000000
36290  6.337  -44.552  72.636 0.7500000000
37297  6.001  -44.449  71.849 0.8750000000
37309  5.023  -44.380  70.926 0.7500000000
35269  5.174  -45.575  70.339 0.6250000000
35281  4.981  -45.714  70.109 0.6250000000
134695  9.249  -43.818  72.231 0.7500000000
125471  8.801  -43.779  72.102 0.7500000000
36282  8.710  -43.710  72.754 0.7500000000
38342  4.255  -44.101  69.034 0.6250000000
36323  4.553  -45.143  69.973 0.6250000000
36310  9.009  -43.962  70.979 0.7500000000
38356  4.027  -43.418  68.457 0.6250000000
131053  4.057  -44.571  68.940 0.6250000000
37333  4.174  -44.940  69.212 0.6250000000
35291  4.446  -45.439  68.874 0.6250000000
134276  9.222  -44.198  70.566 0.7500000000
39351  3.734  -43.136  68.033 0.6250000000
134499  3.723  -43.521  68.236 0.6250000000
37349  3.582  -44.414  68.122 0.6250000000
36342  3.640  -45.005  68.207 0.6250000000
36322  9.088  -44.559  70.020 0.5000000000
39369  4.205  -43.049  67.305 0.6250000000
38368  4.083  -43.587  67.401 0.6250000000
36354  4.223  -44.540  66.684 0.6250000000
36353  3.928  -44.723  67.493 0.6250000000
37374  3.501  -44.374  65.702 0.6250000000
36367  3.620  -44.795  66.095 0.6250000000
38397  3.579  -43.816  64.684 0.6250000000
37386  3.525  -44.234  65.091 0.6250000000
126010  3.461  -44.006  63.792 0.6250000000
38415  3.544  -44.265  62.896 0.5000000000
37405  3.539  -44.818  63.391 0.6250000000
37443  3.981  -44.953  61.734 0.5000000000
117595  3.822  -45.429  62.066 0.5000000000
36465  4.075  -45.547  61.544 0.5000000000
35398  4.032  -46.278  61.510 0.5000000000
38306  10.762  -42.291  73.702 0.7500000000
39306  10.444  -42.013  74.151 0.7500000000
38307  10.069  -42.602  74.072 0.7500000000
39305  11.065  -41.882  73.652 0.7500000000
38315  10.385  -42.872  73.738 0.7500000000
38308  9.329  -42.697  73.815 0.7500000000
37281  8.919  -43.085  73.503 0.7500000000
37283  7.982  -42.985  72.789 0.8750000000
37284  7.584  -42.862  72.849 0.8750000000
38324  5.870  -43.584  72.063 0.7500000000
38323  5.901  -42.801  72.242 0.7500000000
40249  11.799  -41.200  73.376 0.7500000000
39304  11.592  -41.688  73.418 0.7500000000
39315  11.311  -41.996  73.344 0.7500000000
37285  10.797  -42.961  73.259 0.8750000000
37287  9.235  -43.561  73.313 0.8750000000
36283  8.007  -43.596  72.634 0.8750000000
36284  7.464  -44.022  73.172 0.8750000000
37296  6.137  -44.049  72.808 0.7500000000
37298  11.597  -43.197  72.158 0.8750000000
116697  10.368  -43.624  72.250 0.7500000000
36285  9.745  -43.779  72.518 0.7500000000
36286  9.254  -43.821  72.727 0.7500000000
39333  4.757  -43.176  69.965 0.8750000000
38333  4.738  -43.307  70.862 0.8750000000
37306  11.600  -43.226  71.689 0.7500000000
37307  11.022  -43.478  71.421 0.6250000000
40281  4.496  -42.437  68.446 0.7500000000
123452  4.522  -43.590  69.201 0.8750000000
38331  11.485  -43.018  70.811 0.6250000000
37308  10.387  -43.800  71.010 0.6250000000
116355  9.786  -43.927  71.081 0.6250000000
39368  4.092  -42.599  67.727 0.7500000000
39350  4.063  -42.813  68.211 0.7500000000
38332  10.880  -42.935  70.170 0.6250000000
37319  10.965  -43.423  70.908 0.6250000000
36309  9.714  -44.083  70.473 0.5000000000
40315  4.396  -42.594  66.125 0.7500000000
37331  10.418  -43.310  69.530 0.6250000000
37320  10.188  -43.686  70.249 0.6250000000
36321  9.583  -44.356  69.729 0.5000000000
40344  4.047  -42.238  64.249 0.6250000000
38387  4.018  -43.405  65.854 0.6250000000
38378  4.174  -43.624  66.461 0.6250000000
38341  10.954  -42.960  69.214 0.6250000000
37347  10.382  -43.360  68.812 0.6250000000
37332  9.910  -43.881  69.299 0.6250000000
36330  9.515  -44.579  68.909 0.5000000000
121218  3.831  -42.425  63.894 0.6250000000
39403  3.925  -43.261  65.027 0.6250000000
36340  9.302  -44.579  68.023 0.3750000000
40370  4.447  -42.608  63.265 0.5000000000
38406  3.789  -43.591  63.237 0.6250000000
40385  4.376  -42.715  62.396 0.5000000000
39498  4.827  -43.007  60.804 0.5000000000
38432  4.032  -44.261  61.560 0.5000000000
127062  3.768  -44.511  61.774 0.5000000000
126846  4.671  -44.261  60.214 0.5000000000
37442  4.195  -44.920  61.358 0.5000000000
37459  4.891  -44.787  59.747 0.5000000000
37471  5.501  -44.638  58.924 0.5000000000
41104  11.539  -40.731  73.559 0.7500000000
39324  5.239  -43.292  71.780 0.7500000000
41103  11.951  -40.727  73.199 0.7500000000
39314  11.987  -42.004  73.325 0.6250000000
114181  11.594  -42.245  73.235 0.8750000000
39332  5.021  -42.568  70.802 1.0000000000
39328  4.923  -42.957  71.507 0.7500000000
39313  12.566  -41.789  73.068 0.6250000000
38313  12.173  -42.343  72.953 0.7500000000
111964  11.435  -42.603  73.045 0.7500000000
40279  5.727  -41.333  69.973 0.8750000000
127631  4.974  -42.573  69.895 0.8750000000
38321  12.287  -42.325  71.240 0.7500000000
41140  5.496  -41.319  67.856 0.8750000000
38327  11.979  -42.820  71.283 0.8750000000
41153  4.728  -41.575  65.989 0.7500000000
40300  4.440  -42.193  67.346 0.7500000000
41164  5.270  -41.207  65.410 0.7500000000
41147  4.795  -41.784  66.854 0.7500000000
131867  11.377  -42.559  69.652 0.6250000000
41176  5.296  -41.480  64.563 0.8750000000
41166  4.594  -42.242  64.656 0.7500000000
117028  11.472  -42.432  69.014 0.6250000000
41200  5.324  -41.576  62.991 0.5000000000
41177  4.764  -41.844  64.256 0.6250000000
38354  11.335  -42.046  68.214 0.6250000000
41201  5.124  -42.034  62.644 0.5000000000
40369  4.746  -42.395  62.758 0.6250000000
40401  4.967  -42.492  61.359 0.6250000000
39464  4.296  -42.775  61.762 0.5000000000
39481  4.580  -42.911  61.305 0.5000000000
38451  5.619  -43.262  59.669 0.6250000000
38452  4.892  -43.559  60.393 0.6250000000
38471  5.832  -43.761  58.839 0.5000000000
37470  6.048  -44.373  58.030 0.5000000000
122624  5.246  -44.023  59.670 0.5000000000
42716  13.033  -39.694  72.631 0.6250000000
41901  11.770  -40.339  73.134 0.7500000000
41111  13.293  -40.099  72.571 0.7500000000
40257  12.365  -41.012  73.128 0.7500000000
40255  13.521  -40.413  72.328 0.6250000000
40256  13.069  -40.912  72.503 0.6250000000
41134  6.166  -40.775  69.624 1.0000000000
39317  14.207  -40.675  71.088 0.7500000000
39318  13.178  -41.099  71.576 0.7500000000
38318  12.478  -41.675  72.227 0.7500000000
41145  6.158  -40.969  67.299 1.0000000000
39321  14.833  -40.861  70.739 0.7500000000
39322  13.777  -40.839  70.976 0.7500000000
41959  6.432  -40.123  65.084 1.0000000000
41163  5.970  -40.617  65.650 1.0000000000
38326  12.421  -42.100  70.740 0.7500000000
118564  7.040  -39.651  64.642 1.0000000000
41970  5.621  -41.030  64.026 0.8750000000
38330  12.392  -41.899  70.324 0.6250000000
41991  5.618  -40.112  62.346 1.0000000000
41982  5.922  -40.400  63.324 0.7500000000
38340  11.947  -42.005  69.668 0.6250000000
41992  5.654  -41.040  62.753 0.8750000000
39349  12.154  -41.630  68.778 0.6250000000
42000  5.922  -40.321  61.522 0.6250000000
40383  5.518  -42.004  61.583 0.6250000000
39367  11.790  -41.495  67.928 0.6250000000
41222  5.887  -41.432  60.609 0.6250000000
40400  5.562  -42.080  60.647 0.6250000000
39366  12.625  -41.116  67.851 0.6250000000
40417  6.069  -41.710  59.011 0.6250000000
39497  5.337  -42.771  60.269 0.6250000000
39496  5.889  -42.464  59.441 0.6250000000
38480  6.137  -43.228  57.840 0.5000000000
39531  5.439  -42.465  57.109 0.5000000000
122563  5.340  -43.886  56.231 0.5000000000
38481  5.400  -43.215  56.732 0.5000000000
37479  4.788  -44.025  55.602 0.5000000000
42742  14.425  -38.017  71.928 0.6250000000
129026  13.295  -39.082  72.514 0.6250000000
126122  14.497  -38.528  72.135 0.6250000000
41110  14.116  -39.911  72.234 0.6250000000
41947  6.900  -39.696  68.502 0.8750000000
43782  16.383  -37.478  70.908 0.6250000000
42730  15.304  -38.607  71.694 0.6250000000
41116  15.135  -39.952  72.018 0.5000000000
40261  14.373  -40.271  71.834 0.6250000000
130976  7.236  -39.231  67.918 0.8750000000
41151  6.766  -40.426  66.588 1.0000000000
42729  16.307  -38.502  71.623 0.5000000000
41115  15.924  -39.827  71.829 0.5000000000
40264  15.293  -40.916  71.041 0.6250000000
39326  13.787  -41.213  70.476 0.7500000000
41958  7.289  -39.561  65.440 1.0000000000
40263  16.000  -41.139  71.152 0.5000000000
39325  15.620  -41.067  70.771 0.7500000000
115293  14.951  -40.941  70.477 0.7500000000
38325  13.082  -41.398  70.348 0.7500000000
127733  7.239  -39.269  64.355 1.0000000000
39329  14.904  -41.083  70.230 0.7500000000
129153  14.241  -41.397  69.858 0.6250000000
39335  12.883  -41.549  69.557 0.6250000000
41981  6.556  -39.556  62.782 1.0000000000
125131  14.796  -41.215  69.758 0.6250000000
39334  14.028  -41.451  69.443 0.6250000000
41999  6.478  -39.616  60.992 1.0000000000
39348  13.364  -41.368  68.784 0.6250000000
42007  6.670  -39.544  60.055 0.8750000000
134174  6.292  -40.220  59.909 0.7500000000
41235  5.975  -40.700  59.782 0.7500000000
39383  12.543  -41.098  66.805 0.6250000000
39514  6.225  -42.356  58.408 0.5000000000
39542  5.250  -42.479  56.028 0.5000000000
38489  5.029  -43.217  55.732 0.5000000000
120962  4.353  -44.000  55.120 0.3750000000
44843  17.975  -36.610  71.982 0.5000000000
43775  17.042  -37.333  71.257 0.6250000000
44854  15.711  -37.456  70.816 0.6250000000
42768  6.992  -38.532  67.657 0.8750000000
44844  17.462  -36.848  71.526 0.5000000000
122414  17.055  -37.733  71.599 0.5000000000
41950  7.627  -38.892  65.834 1.0000000000
124019  18.001  -37.753  72.160 0.5000000000
43774  17.546  -37.079  71.952 0.5000000000
41918  16.484  -39.141  71.763 0.5000000000
40260  16.168  -40.453  71.480 0.5000000000
42800  7.703  -38.120  64.492 0.8750000000
42727  18.852  -38.146  72.185 0.5000000000
41924  18.167  -38.643  71.972 0.5000000000
41917  17.380  -39.201  71.559 0.5000000000
41120  16.894  -39.962  71.054 0.5000000000
40267  16.177  -41.065  70.927 0.7500000000
43871  7.703  -37.496  63.761 1.0000000000
42818  7.819  -38.299  63.449 1.0000000000
116369  19.036  -38.713  71.741 0.3750000000
41118  18.919  -39.248  71.130 0.5000000000
41119  17.856  -39.439  70.964 0.3750000000
40270  16.496  -40.003  70.356 0.5000000000
130983  16.338  -39.720  69.894 0.5000000000
40272  15.380  -40.786  70.136 0.6250000000
42833  7.798  -38.375  62.526 1.0000000000
42847  7.651  -38.404  61.767 1.0000000000
130096  14.747  -41.193  69.220 0.6250000000
39347  14.267  -41.118  68.768 0.6250000000
42864  7.726  -38.207  60.886 1.0000000000
126746  7.019  -38.924  60.635 1.0000000000
39365  13.686  -40.808  68.101 0.6250000000
40298  13.401  -40.791  67.247 0.6250000000
42016  6.176  -39.768  59.272 0.7500000000
40297  14.223  -40.526  67.592 0.6250000000
41252  5.965  -40.416  58.926 0.5000000000
42024  5.719  -39.605  58.479 0.6250000000
123407  5.935  -40.982  58.569 0.5000000000
41271  5.662  -40.941  57.785 0.5000000000
40448  5.480  -41.645  57.366 0.5000000000
117824  4.836  -40.903  57.155 0.5000000000
40449  4.809  -41.222  56.528 0.5000000000
118643  5.147  -41.859  56.527 0.5000000000
40462  4.774  -41.811  55.727 0.5000000000
39550  4.383  -42.524  55.404 0.5000000000
40467  3.783  -41.688  55.228 0.3750000000
38492  4.212  -43.265  55.209 0.5000000000
38495  3.786  -42.406  54.972 0.3750000000
39565  4.333  -42.066  54.663 0.3750000000
40485  4.135  -41.304  54.628 0.3750000000
42764  5.983  -38.144  68.866 0.8750000000
43839  6.683  -37.651  66.555 0.8750000000
42778  6.274  -37.848  67.223 0.8750000000
46913  21.575  -34.978  73.672 0.3750000000
46914  20.921  -35.163  73.228 0.3750000000
46915  20.186  -35.283  72.731 0.3750000000
45950  19.486  -35.482  72.247 0.3750000000
44851  19.163  -36.016  72.283 0.3750000000
44842  18.811  -36.471  72.368 0.3750000000
128744  7.561  -38.074  66.180 0.8750000000
47909  22.248  -33.937  74.081 0.2500000000
46907  21.918  -34.777  73.992 0.2500000000
45943  21.187  -35.616  73.262 0.2500000000
45944  19.929  -35.871  72.760 0.2500000000
115976  19.717  -36.363  72.676 0.3750000000
42726  19.113  -37.523  72.564 0.5000000000
43859  6.678  -36.797  65.226 0.8750000000
122158  7.484  -37.623  65.337 0.8750000000
46906  22.286  -34.481  73.952 0.2500000000
45941  21.925  -35.385  73.396 0.2500000000
44839  21.577  -36.029  72.781 0.2500000000
44840  21.065  -35.946  72.922 0.2500000000
43771  20.666  -36.464  72.669 0.2500000000
42725  20.172  -37.122  72.458 0.3750000000
42740  19.796  -37.888  71.916 0.3750000000
43858  7.429  -37.105  64.504 0.8750000000
131123  22.253  -35.326  73.036 0.2500000000
44837  22.511  -35.671  72.537 0.2500000000
43769  21.843  -36.409  72.415 0.2500000000
115367  21.537  -36.886  72.037 0.2500000000
42750  20.987  -37.424  71.209 0.3750000000
41922  20.391  -37.761  71.241 0.5000000000
128507  19.577  -38.862  70.768 0.5000000000
41128  18.306  -40.072  70.009 0.5000000000
40276  16.827  -39.880  69.536 0.5000000000
40277  15.926  -40.218  69.606 0.5000000000
40283  15.966  -40.663  68.843 0.5000000000
44950  7.475  -36.991  63.208 1.0000000000
41927  20.810  -37.675  70.847 0.3750000000
41931  20.843  -37.912  70.464 0.5000000000
41933  19.743  -39.088  70.298 0.5000000000
41127  19.077  -39.694  69.908 0.5000000000
113624  18.040  -39.524  69.204 0.5000000000
41132  17.280  -39.663  69.247 0.5000000000
40295  15.591  -40.253  68.219 0.3750000000
40285  14.445  -40.720  68.199 0.6250000000
43895  7.953  -37.712  61.847 1.0000000000
41130  18.937  -39.387  69.287 0.5000000000
41136  17.705  -39.391  68.616 0.5000000000
41142  17.146  -39.266  68.011 0.3750000000
40296  14.981  -40.459  67.862 0.6250000000
43906  7.778  -37.328  61.008 1.0000000000
40311  14.848  -40.051  67.277 0.6250000000
42880  6.675  -38.715  59.290 0.8750000000
40312  13.980  -40.254  66.897 0.6250000000
42896  5.918  -38.830  58.719 0.8750000000
41253  5.687  -40.267  58.120 0.5000000000
41272  5.082  -40.270  57.441 0.5000000000
41273  4.672  -40.489  56.810 0.6250000000
40450  4.643  -40.867  55.881 0.6250000000
41295  4.585  -40.321  55.830 0.5000000000
112681  3.315  -41.027  55.130 0.3750000000
40475  3.234  -40.835  54.967 0.3750000000
41320  3.365  -40.192  54.859 0.5000000000
42094  4.064  -39.562  54.818 0.3750000000
40474  3.490  -41.572  55.034 0.3750000000
131663  3.476  -41.237  54.838 0.3750000000
40486  3.667  -40.700  54.694 0.3750000000
40498  4.707  -40.537  54.452 0.3750000000
40497  5.504  -40.565  54.341 0.2500000000
47907  23.532  -33.278  73.337 0.2500000000
48907  23.376  -32.856  73.659 0.2500000000
47916  22.370  -33.049  73.883 0.3750000000
43840  6.025  -36.940  66.897 0.8750000000
119960  5.716  -37.160  67.565 0.8750000000
46904  23.151  -33.813  73.242 0.2500000000
47908  23.149  -33.695  73.801 0.2500000000
46911  23.251  -33.918  72.593 0.2500000000
116567  22.681  -33.977  74.026 0.2500000000
130979  5.579  -36.315  66.266 0.8750000000
47929  23.819  -33.456  72.200 0.2500000000
45939  22.945  -34.484  72.297 0.2500000000
46912  22.782  -34.246  72.901 0.2500000000
43851  5.440  -36.555  65.263 0.8750000000
46920  24.082  -33.629  71.481 0.2500000000
45949  22.851  -35.235  72.133 0.2500000000
44849  22.820  -36.068  71.966 0.3750000000
43779  22.595  -36.642  71.578 0.3750000000
42748  21.651  -37.214  70.868 0.3750000000
132013  21.381  -37.269  71.121 0.3750000000
44951  7.001  -36.529  63.476 1.0000000000
44940  5.775  -36.329  64.639 0.8750000000
47943  24.805  -32.772  71.269 0.3750000000
46931  24.005  -34.225  70.939 0.6250000000
45957  23.669  -35.007  71.088 0.5000000000
43791  23.188  -36.478  70.738 0.5000000000
42752  22.030  -37.019  70.386 0.5000000000
42754  21.323  -37.546  70.448 0.5000000000
41936  20.176  -38.597  69.623 0.5000000000
41126  19.724  -39.154  69.752 0.5000000000
44966  7.039  -36.505  62.756 1.0000000000
44952  6.461  -36.159  63.275 1.0000000000
46945  24.328  -34.103  70.238 0.7500000000
45967  23.767  -35.355  70.380 0.3750000000
44870  23.493  -35.942  70.316 0.5000000000
43805  22.598  -36.759  70.311 0.5000000000
42757  21.575  -37.311  69.770 0.6250000000
41939  20.522  -38.096  69.538 0.6250000000
41940  19.855  -38.386  69.069 0.6250000000
130442  18.608  -39.092  68.004 0.6250000000
114113  16.707  -39.729  67.241 0.3750000000
41143  15.715  -39.885  67.484 0.5000000000
128268  7.523  -37.510  60.170 1.0000000000
117312  6.381  -36.111  62.382 1.0000000000
120413  23.369  -35.298  69.076 0.5000000000
44899  22.834  -35.816  69.059 0.6250000000
43813  22.400  -36.476  69.531 0.6250000000
117010  20.675  -37.309  68.784 0.6250000000
42766  20.031  -37.254  68.093 0.6250000000
41945  18.846  -38.584  67.696 0.6250000000
41946  18.240  -38.882  67.416 0.6250000000
41148  16.904  -39.545  66.687 0.3750000000
41149  16.291  -39.704  66.793 0.5000000000
43920  7.157  -37.704  59.251 1.0000000000
45007  6.986  -36.745  59.645 1.0000000000
42776  19.242  -37.622  66.663 0.6250000000
41953  18.802  -37.965  66.312 0.6250000000
114216  18.399  -38.326  66.162 0.5000000000
122858  16.425  -39.091  66.237 0.5000000000
41150  15.514  -39.716  66.851 0.5000000000
42895  6.395  -37.952  58.717 0.8750000000
45008  6.044  -36.297  59.436 0.8750000000
45009  5.392  -36.000  59.299 0.8750000000
41955  17.908  -38.500  65.785 0.5000000000
41956  17.274  -38.478  65.503 0.3750000000
41161  16.001  -39.115  65.446 0.5000000000
115101  15.729  -39.261  66.301 0.5000000000
42897  5.385  -38.832  58.143 0.7500000000
42898  5.314  -38.117  57.867 0.7500000000
45025  5.580  -36.485  58.432 0.8750000000
133740  5.382  -36.074  58.422 0.8750000000
46100  5.204  -35.659  58.310 0.7500000000
41967  16.943  -38.457  64.944 0.2500000000
134592  16.296  -38.824  65.077 0.3750000000
42025  5.262  -39.551  57.793 0.6250000000
42911  5.029  -38.842  57.555 0.7500000000
42912  5.078  -38.120  57.365 0.7500000000
43938  5.440  -37.342  57.745 0.7500000000
45040  5.206  -36.428  57.544 0.6250000000
123128  4.449  -37.086  56.655 0.6250000000
41186  16.204  -38.819  64.493 0.3750000000
42036  4.813  -39.602  57.234 0.7500000000
121343  4.786  -38.870  57.078 0.6250000000
42913  4.800  -38.189  56.932 0.6250000000
43969  4.377  -37.829  56.168 0.6250000000
43987  4.287  -37.340  55.768 0.6250000000
45074  4.369  -36.698  56.070 0.6250000000
41294  4.744  -39.660  56.639 0.6250000000
42923  4.737  -38.926  56.478 0.6250000000
118100  4.574  -38.348  56.368 0.6250000000
42939  4.455  -38.516  55.702 0.6250000000
119840  4.316  -38.019  55.420 0.6250000000
44001  4.277  -37.527  55.028 0.6250000000
42052  4.502  -39.661  55.731 0.6250000000
42069  4.285  -39.283  55.353 0.6250000000
122032  4.339  -38.215  54.820 0.5000000000
44016  4.471  -37.693  54.443 0.5000000000
121268  3.678  -39.981  55.260 0.6250000000
129267  3.708  -39.647  55.048 0.6250000000
42972  4.297  -38.945  54.829 0.5000000000
128235  4.510  -39.050  54.514 0.3750000000
42971  4.626  -38.458  54.314 0.5000000000
42103  5.133  -39.415  54.073 0.2500000000
123809  4.962  -39.055  53.395 0.2500000000
123357  5.352  -39.450  53.446 0.2500000000
118881  23.329  -31.903  73.574 0.2500000000
48906  23.857  -32.620  73.206 0.2500000000
122110  4.999  -35.709  67.394 0.7500000000
48905  24.646  -31.948  73.301 0.2500000000
48919  23.983  -32.648  72.925 0.2500000000
44929  4.983  -36.149  65.473 0.8750000000
48933  25.018  -32.160  72.265 0.1250000000
47914  24.198  -32.754  72.453 0.2500000000
44941  5.179  -36.218  64.730 0.8750000000
123704  6.197  -35.659  64.124 0.8750000000
47928  24.448  -32.827  71.842 0.2500000000
117193  6.293  -35.953  63.939 0.8750000000
127360  6.226  -35.206  63.383 0.8750000000
117566  24.501  -33.399  70.746 0.6250000000
44953  6.183  -35.647  63.037 0.8750000000
46050  5.646  -35.385  62.405 0.8750000000
46051  5.294  -34.948  62.135 0.7500000000
47044  5.059  -34.588  61.802 0.7500000000
47045  4.800  -34.338  61.390 0.7500000000
47942  25.271  -32.394  70.562 0.7500000000
47954  24.817  -33.189  69.980 0.7500000000
45980  24.084  -34.809  69.822 0.7500000000
44967  5.638  -35.766  62.072 0.8750000000
46062  5.341  -35.388  61.734 0.7500000000
46063  5.124  -34.947  61.299 0.7500000000
47058  4.840  -34.676  60.871 0.7500000000
47059  4.512  -34.376  60.383 0.7500000000
121926  25.061  -33.299  68.692 0.6250000000
46970  24.647  -33.886  68.498 0.6250000000
45981  23.802  -35.100  69.454 0.6250000000
43826  21.745  -36.611  68.360 0.5000000000
42765  20.864  -36.770  68.156 0.6250000000
44979  5.650  -35.600  61.133 0.8750000000
46074  5.196  -35.264  60.786 0.7500000000
46075  4.731  -35.070  60.391 0.7500000000
47072  4.436  -34.880  60.046 0.7500000000
129405  4.383  -34.592  59.716 0.7500000000
45995  23.776  -34.895  68.663 0.6250000000
46009  23.339  -35.155  67.595 0.6250000000
44918  21.873  -35.844  67.282 0.5000000000
43837  21.429  -36.338  67.616 0.5000000000
43838  20.655  -36.650  67.234 0.5000000000
42786  19.529  -37.317  66.161 0.6250000000
132808  19.069  -37.670  66.264 0.6250000000
44994  5.412  -35.794  60.154 0.8750000000
46087  4.889  -35.490  59.907 0.8750000000
46088  4.582  -35.176  59.719 0.8750000000
46089  4.431  -34.857  59.463 0.8750000000
121025  4.343  -34.353  59.192 0.8750000000
42787  18.901  -37.621  65.764 0.5000000000
127924  17.820  -38.324  65.137 0.3750000000
123953  4.757  -35.181  59.168 0.8750000000
46101  4.657  -34.911  58.752 0.8750000000
123761  4.689  -34.941  58.261 0.8750000000
41965  18.117  -37.824  64.817 0.6250000000
41966  17.629  -37.985  64.527 0.3750000000
125663  5.141  -35.770  57.750 0.7500000000
45041  4.849  -36.322  57.267 0.7500000000
47092  4.513  -34.790  57.968 0.7500000000
42832  17.870  -37.371  62.722 0.2500000000
45055  4.496  -36.473  56.727 0.6250000000
46138  4.533  -36.174  56.359 0.6250000000
46156  4.535  -36.174  55.586 0.6250000000
45109  4.362  -37.129  54.682 0.5000000000
45108  4.711  -37.062  54.129 0.3750000000
44015  4.926  -37.890  53.933 0.3750000000
124093  5.167  -39.372  53.048 0.1250000000
42102  5.643  -39.387  53.594 0.1250000000
49970  25.300  -31.149  73.787 0.1250000000
48947  25.126  -32.247  71.695 0.2500000000
46018  4.184  -35.071  66.090 0.7500000000
48931  26.396  -31.326  71.182 0.3750000000
44942  4.837  -35.917  64.893 0.8750000000
46039  5.837  -34.773  63.215 0.8750000000
117408  26.215  -31.525  70.712 0.5000000000
47022  5.258  -34.480  63.700 0.8750000000
47031  5.039  -34.554  62.606 0.8750000000
47032  4.897  -34.349  62.306 0.8750000000
48960  25.977  -31.470  70.013 0.7500000000
47953  25.374  -32.297  69.794 0.6250000000
47962  25.235  -32.852  69.227 0.6250000000
48038  4.591  -34.018  62.877 0.7500000000
48048  4.685  -33.974  61.981 0.7500000000
46007  24.258  -34.400  68.186 0.6250000000
46008  23.783  -34.816  67.870 0.6250000000
49058  4.361  -33.490  59.458 0.7500000000
134579  4.400  -33.812  60.181 0.7500000000
47985  25.517  -33.240  67.070 0.6250000000
47974  25.293  -33.248  67.939 0.6250000000
46985  24.275  -34.251  67.440 0.6250000000
46017  23.005  -34.892  67.205 0.6250000000
120426  21.599  -35.719  66.465 0.5000000000
43847  21.038  -36.259  66.709 0.5000000000
43848  19.925  -36.818  65.706 0.5000000000
48072  4.200  -33.846  58.775 0.7500000000
46996  24.204  -33.931  66.794 0.6250000000
46024  23.455  -34.237  66.713 0.5000000000
44917  22.339  -35.306  66.940 0.5000000000
44928  21.043  -36.241  65.821 0.5000000000
123242  20.343  -36.439  65.359 0.5000000000
42798  19.181  -37.109  65.386 0.3750000000
42799  18.547  -37.441  65.062 0.5000000000
48079  4.175  -34.116  58.126 0.7500000000
47083  4.384  -34.524  58.549 0.8750000000
43870  18.853  -36.985  63.751 0.5000000000
42816  18.489  -37.435  64.169 0.6250000000
41978  18.076  -37.678  64.147 0.6250000000
48086  4.563  -34.357  57.479 0.7500000000
42817  18.150  -37.483  63.531 0.2500000000
48095  4.955  -34.145  56.202 0.6250000000
125058  4.649  -35.505  56.351 0.6250000000
48111  5.219  -34.533  55.589 0.5000000000
46155  4.665  -35.809  54.885 0.3750000000
47132  4.964  -35.153  55.159 0.3750000000
46178  4.462  -36.528  54.735 0.5000000000
46199  5.664  -36.407  53.406 0.1250000000
45107  5.176  -36.690  53.699 0.3750000000
45132  5.614  -37.261  53.525 0.1250000000
44038  5.400  -38.046  53.598 0.2500000000
45130  6.617  -36.574  53.244 0.1250000000
44037  5.876  -38.018  53.531 0.1250000000
42989  5.513  -38.875  53.178 0.1250000000
134099  26.533  -30.722  71.669 0.2500000000
48917  25.590  -31.410  72.700 0.1250000000
50005  27.417  -30.869  71.176 0.5000000000
49996  26.350  -30.639  72.467 0.1250000000
46026  5.077  -34.996  65.392 0.7500000000
48944  27.868  -31.046  70.662 0.5000000000
125668  5.671  -34.931  64.485 0.7500000000
47013  5.132  -34.457  64.778 0.8750000000
48015  4.454  -33.441  65.144 0.7500000000
48022  4.347  -33.425  64.364 0.7500000000
48958  28.367  -31.251  70.164 0.5000000000
48959  27.179  -31.090  70.238 0.5000000000
47014  4.671  -34.102  64.107 0.8750000000
49025  4.419  -33.211  63.540 0.8750000000
48957  29.293  -31.875  70.182 0.6250000000
113051  28.964  -31.686  69.519 0.6250000000
127814  26.953  -31.392  69.567 0.7500000000
47961  26.099  -31.836  69.146 0.6250000000
49035  4.505  -33.237  61.593 0.7500000000
46955  30.979  -33.465  69.069 0.6250000000
47971  29.693  -33.040  68.064 0.7500000000
48970  28.524  -31.728  68.780 0.7500000000
48983  26.887  -32.117  67.672 0.7500000000
47973  25.798  -32.425  68.340 0.6250000000
49047  4.516  -33.128  60.491 0.7500000000
44896  31.546  -34.687  67.539 0.7500000000
45992  31.271  -34.298  67.999 0.7500000000
46969  30.522  -33.287  67.851 0.7500000000
47997  29.655  -32.388  66.739 0.8750000000
48990  28.733  -32.181  67.201 0.7500000000
48992  27.067  -32.370  66.872 0.6250000000
47999  26.346  -32.641  66.539 0.6250000000
47001  24.740  -33.052  66.196 0.6250000000
49072  4.734  -32.633  58.570 0.8750000000
49057  4.672  -32.677  59.744 0.8750000000
43812  32.131  -34.905  66.820 0.7500000000
44897  31.225  -34.240  66.773 0.7500000000
46005  30.727  -33.755  66.365 0.7500000000
46993  30.333  -32.649  66.731 0.7500000000
49000  28.550  -32.235  66.440 0.7500000000
49002  27.227  -32.180  66.047 0.7500000000
48000  25.709  -32.847  66.104 0.6250000000
47002  23.987  -33.454  66.121 0.6250000000
46031  22.533  -34.392  65.596 0.5000000000
46032  21.725  -34.739  65.289 0.5000000000
44937  20.760  -35.963  65.059 0.5000000000
49097  5.495  -33.694  57.309 0.6250000000
119054  5.037  -33.039  57.646 0.7500000000
43811  32.407  -35.468  66.684 0.7500000000
43823  31.514  -35.377  66.178 0.7500000000
44915  30.565  -35.001  64.929 0.7500000000
44907  30.664  -34.361  65.632 0.7500000000
46015  29.729  -33.647  65.163 0.7500000000
46999  29.062  -33.219  65.196 0.6250000000
48011  27.486  -32.243  65.199 0.8750000000
48012  25.703  -32.958  65.213 0.6250000000
47010  23.813  -33.119  65.311 0.6250000000
47012  22.133  -33.952  64.763 0.3750000000
46038  21.590  -34.573  64.484 0.5000000000
44949  20.528  -35.657  64.212 0.6250000000
43869  19.455  -36.652  64.164 0.3750000000
49111  5.786  -33.968  56.595 0.5000000000
49112  5.264  -33.863  56.651 0.5000000000
42773  31.856  -36.445  65.958 0.6250000000
43822  31.853  -35.918  66.339 0.7500000000
46029  28.063  -34.696  63.403 0.5000000000
47009  27.493  -33.747  63.304 0.6250000000
48026  25.816  -32.406  63.543 0.5000000000
48020  24.771  -32.800  64.480 0.5000000000
47019  23.104  -33.951  63.952 0.5000000000
47020  21.971  -34.091  63.703 0.5000000000
44948  21.070  -34.859  63.760 0.5000000000
44964  19.462  -35.615  62.908 0.5000000000
115414  19.089  -36.284  63.340 0.3750000000
42845  17.997  -36.923  62.213 0.2500000000
48094  5.436  -34.067  56.020 0.5000000000
47030  21.154  -34.006  62.435 0.2500000000
46048  20.709  -34.665  62.836 0.3750000000
46049  19.946  -35.008  62.433 0.3750000000
43882  18.808  -35.919  62.329 0.3750000000
43894  18.282  -36.389  61.745 0.2500000000
48107  7.509  -33.587  54.695 0.1250000000
48108  6.864  -33.863  54.918 0.3750000000
48109  6.246  -34.141  55.144 0.3750000000
48110  5.693  -34.373  55.357 0.2500000000
46060  20.472  -34.371  62.032 0.2500000000
46061  19.651  -34.629  61.527 0.2500000000
44976  19.167  -35.283  61.916 0.2500000000
48123  7.132  -34.152  54.239 0.1250000000
48124  6.494  -34.495  54.438 0.3750000000
47130  5.924  -34.752  54.633 0.2500000000
47131  5.360  -34.914  54.839 0.3750000000
48121  8.575  -33.642  53.807 0.1250000000
47147  8.248  -34.338  53.410 0.1250000000
47148  7.492  -34.559  53.620 0.1250000000
47149  6.778  -35.026  53.742 0.1250000000
46175  5.781  -35.719  53.430 0.1250000000
46176  5.247  -35.914  53.722 0.2500000000
47167  8.575  -34.743  52.667 0.1250000000
47168  7.968  -35.061  53.157 0.1250000000
47169  7.324  -35.269  53.382 0.1250000000
46197  6.823  -35.831  53.273 0.1250000000
46198  6.139  -36.129  53.175 0.1250000000
46195  8.420  -35.419  52.534 0.1250000000
46196  7.630  -35.717  53.098 0.1250000000
113933  30.860  -31.503  71.377 0.6250000000
48943  30.110  -31.279  71.394 0.6250000000
49994  28.335  -30.595  71.478 0.5000000000
48942  30.879  -31.930  70.704 0.6250000000
50004  28.317  -31.040  71.028 0.5000000000
46930  31.656  -33.318  70.639 0.5000000000
47951  31.224  -32.801  70.189 0.7500000000
49022  4.215  -32.721  64.214 0.7500000000
46944  30.814  -32.844  69.515 0.7500000000
47952  29.891  -32.394  69.597 0.6250000000
118720  4.698  -32.731  63.104 0.8750000000
44882  31.517  -35.264  68.653 0.7500000000
45977  30.931  -35.038  69.155 0.6250000000
50096  4.886  -32.071  61.057 0.7500000000
49034  4.656  -32.503  61.279 0.7500000000
133723  31.930  -35.657  67.987 0.7500000000
49070  5.985  -32.838  58.902 0.7500000000
50124  5.341  -32.373  59.160 0.7500000000
50125  5.025  -32.352  59.231 0.8750000000
49046  4.747  -32.466  60.472 0.7500000000
113381  7.945  -33.444  56.940 0.2500000000
49094  7.359  -33.714  56.619 0.1250000000
49082  6.653  -33.320  58.200 0.5000000000
49071  5.295  -32.621  58.549 0.7500000000
50135  5.146  -32.366  58.703 0.7500000000
43832  33.111  -36.269  66.117 0.6250000000
117871  32.836  -36.133  66.341 0.6250000000
49093  8.674  -33.328  56.423 0.1250000000
49108  7.498  -33.967  55.743 0.1250000000
49109  6.977  -33.695  56.224 0.1250000000
49095  6.454  -33.772  57.719 0.5000000000
42770  33.589  -36.224  65.633 0.5000000000
49107  8.324  -33.801  55.558 0.1250000000
49120  7.826  -33.346  55.039 0.1250000000
49121  7.246  -33.699  55.358 0.1250000000
48093  6.067  -34.081  55.871 0.3750000000
49118  9.573  -33.359  54.635 0.1250000000
49119  8.639  -33.327  54.828 0.1250000000
49122  6.655  -33.866  55.667 0.3750000000
49130  9.885  -33.218  53.983 0.1250000000
48122  7.815  -33.832  54.033 0.2500000000
49142  10.223  -33.369  53.371 0.1250000000
48136  8.992  -34.168  53.191 0.1250000000
49148  11.954  -32.884  51.993 0.1250000000
49149  11.342  -33.397  52.458 0.1250000000
48134  10.534  -33.632  52.707 0.1250000000
47166  9.210  -34.470  52.374 0.1250000000
47179  9.515  -34.854  51.862 0.1250000000
47926  32.015  -32.612  71.435 0.6250000000
48929  31.255  -31.440  71.778 0.5000000000
122996  32.015  -33.447  71.220 0.5000000000
47927  31.447  -32.018  71.256 0.6250000000
122485  32.257  -33.492  70.705 0.5000000000
47940  31.697  -33.608  71.009 0.6250000000
116020  5.309  -31.980  63.682 0.8750000000
50072  4.941  -31.838  63.953 0.8750000000
114030  33.093  -33.542  70.247 0.5000000000
46942  32.000  -33.405  69.762 0.6250000000
50080  5.446  -31.952  62.770 0.8750000000
44868  33.407  -34.695  68.955 0.7500000000
44869  32.485  -34.602  69.095 0.6250000000
49056  6.995  -32.271  59.259 0.6250000000
50122  6.530  -32.266  59.883 0.7500000000
50095  5.324  -31.956  60.764 0.8750000000
50081  4.893  -32.024  62.013 0.7500000000
44880  33.420  -34.925  68.399 0.7500000000
114103  7.402  -32.869  58.274 0.5000000000
49069  6.822  -32.540  58.854 0.5000000000
50134  5.440  -32.432  59.010 0.7500000000
50109  5.413  -32.256  59.888 0.8750000000
43809  33.373  -35.321  67.044 0.6250000000
44894  32.792  -35.287  67.428 0.7500000000
49106  9.340  -33.376  55.558 0.1250000000
113111  9.172  -32.770  57.076 0.1250000000
49081  8.012  -33.035  57.688 0.3750000000
113407  7.348  -33.326  57.456 0.5000000000
43820  33.388  -35.795  66.473 0.6250000000
49105  10.356  -33.317  55.231 0.1250000000
118232  10.128  -33.022  55.946 0.1250000000
43831  34.192  -35.996  65.617 0.3750000000
42789  34.546  -36.075  64.482 0.5000000000
49117  10.534  -33.221  54.384 0.1250000000
49128  11.651  -32.783  53.469 0.1250000000
49129  10.778  -33.052  53.781 0.1250000000
50189  12.801  -31.775  52.458 0.1250000000
49140  11.912  -32.890  52.777 0.1250000000
49141  11.106  -33.204  53.156 0.1250000000
51152  13.056  -31.082  51.964 0.1250000000
50195  12.415  -32.330  52.222 0.1250000000
133047  33.681  -32.358  70.751 0.6250000000
47925  32.675  -32.699  71.315 0.3750000000
46928  34.119  -33.391  70.224 0.5000000000
46940  34.312  -33.926  69.799 0.6250000000
45955  33.384  -34.237  69.706 0.6250000000
45963  34.552  -34.284  68.989 0.6250000000
45964  33.955  -34.446  69.508 0.6250000000
49068  7.408  -32.457  58.856 0.6250000000
45991  35.289  -34.336  67.648 0.5000000000
43808  34.168  -35.111  67.326 0.7500000000
112318  8.816  -32.800  57.802 0.2500000000
43817  35.001  -35.465  66.187 0.6250000000
44904  34.525  -35.447  66.868 0.5000000000
49092  9.629  -33.065  56.427 0.1250000000
129670  8.518  -32.975  57.180 0.2500000000
43830  35.477  -35.299  65.705 0.6250000000
114518  34.721  -35.722  65.745 0.6250000000
114658  35.182  -35.761  64.471 0.6250000000
50171  12.729  -31.894  54.164 0.1250000000
50160  12.583  -31.797  55.089 0.1250000000
50172  12.112  -32.539  54.580 0.1250000000
43852  35.782  -35.539  64.036 0.5000000000
50183  12.226  -32.393  53.740 0.1250000000
49116  11.370  -32.759  54.069 0.1250000000
50190  12.379  -32.386  52.988 0.1250000000
51148  13.272  -31.252  52.811 0.1250000000
48925  34.202  -32.114  71.968 0.6250000000
47924  33.323  -32.485  71.078 0.6250000000
47949  35.082  -33.067  69.557 0.6250000000
47937  34.081  -32.524  70.446 0.6250000000
130860  35.595  -32.964  69.235 0.6250000000
45975  35.674  -34.074  68.045 0.6250000000
46954  35.210  -33.795  68.570 0.6250000000
49055  7.795  -32.452  59.330 0.5000000000
128697  9.960  -32.972  57.092 0.1250000000
44890  36.211  -34.403  66.686 0.6250000000
44923  37.202  -35.427  64.932 0.7500000000
117914  36.162  -35.243  64.569 0.6250000000
119416  37.205  -34.020  63.520 0.6250000000
132889  11.522  -32.509  56.221 0.1250000000
49090  11.239  -32.480  56.755 0.1250000000
43863  36.343  -35.014  63.628 0.5000000000
51136  12.968  -31.000  54.631 0.1250000000
50161  11.938  -32.506  55.615 0.1250000000
112247  34.122  -31.947  70.634 0.6250000000
47923  33.737  -31.888  71.099 0.6250000000
50000  34.482  -31.599  70.432 0.6250000000
47936  34.640  -32.494  70.135 0.6250000000
48954  35.511  -32.571  69.077 0.6250000000
46938  35.564  -33.372  68.843 0.6250000000
46952  36.001  -33.199  67.862 0.7500000000
46968  36.192  -33.672  67.700 0.6250000000
45990  36.489  -33.732  66.983 0.6250000000
45989  37.165  -33.347  66.911 0.6250000000
46014  37.494  -34.939  65.614 0.6250000000
44932  37.463  -34.485  64.239 0.6250000000
44931  37.772  -33.854  63.706 0.6250000000
46046  37.965  -33.949  62.603 0.3750000000
46070  37.241  -33.848  61.263 0.2500000000
51123  12.842  -30.872  55.546 0.1250000000
50011  34.751  -31.541  69.580 0.6250000000
48968  35.586  -32.443  67.895 0.6250000000
127419  36.024  -32.781  67.750 0.7500000000
46967  36.979  -33.066  67.362 0.7500000000
46981  38.168  -33.095  66.592 0.6250000000
121452  37.894  -34.154  65.833 0.6250000000
46021  38.196  -35.088  65.151 0.7500000000
46035  38.262  -33.789  63.323 0.7500000000
46045  38.331  -33.918  62.809 0.5000000000
44959  37.819  -34.010  63.123 0.5000000000
46056  37.812  -33.984  62.280 0.3750000000
47051  38.139  -33.612  61.986 0.2500000000
46081  37.383  -33.626  60.896 0.2500000000
47066  37.897  -33.211  60.497 0.2500000000
49052  38.359  -32.437  60.144 0.2500000000
49063  37.888  -32.623  59.405 0.1250000000
48966  37.700  -32.033  66.848 0.7500000000
115146  37.683  -32.625  66.958 0.7500000000
46012  38.760  -33.176  65.656 0.7500000000
46027  38.832  -33.850  64.585 0.8750000000
46013  38.521  -34.126  65.368 0.7500000000
46044  38.657  -33.767  63.098 0.6250000000
127946  38.538  -33.686  62.565 0.3750000000
49043  38.109  -32.926  61.221 0.2500000000
135093  37.785  -32.347  60.826 0.2500000000
50127  38.297  -32.062  59.508 0.1250000000
50115  38.170  -31.512  59.747 0.1250000000
50116  37.589  -31.484  59.391 0.1250000000
48980  38.655  -31.626  66.614 0.6250000000
47982  38.597  -32.320  66.386 0.7500000000
46998  39.334  -33.488  64.890 0.8750000000
47016  38.840  -33.092  63.600 0.8750000000
47038  38.928  -33.500  62.825 0.7500000000
49033  38.960  -32.903  62.652 0.5000000000
49042  38.421  -32.818  62.174 0.3750000000
50102  38.013  -31.368  60.419 0.3750000000
51081  36.695  -31.582  59.185 0.1250000000
50028  39.213  -30.818  66.941 0.6250000000
47981  39.239  -31.828  66.464 0.6250000000
47980  39.533  -31.641  66.320 0.6250000000
46997  39.651  -32.955  65.183 0.8750000000
48016  39.801  -32.474  64.691 0.8750000000
48031  38.918  -32.208  63.722 0.8750000000
117865  39.470  -32.200  63.028 0.8750000000
50100  38.041  -32.359  61.727 0.3750000000
50101  37.405  -31.810  61.117 0.3750000000
51064  37.971  -31.222  61.625 0.3750000000
51070  37.865  -31.029  60.111 0.3750000000
51071  36.962  -31.147  60.021 0.2500000000
51082  35.916  -31.055  58.943 0.1250000000
48979  39.609  -31.458  66.830 0.6250000000
48999  40.190  -31.888  65.344 0.8750000000
49023  39.479  -31.793  64.303 1.0000000000
50073  39.372  -31.414  63.773 1.0000000000
50086  38.979  -32.135  62.528 0.6250000000
50074  39.541  -31.503  63.168 1.0000000000
50087  38.399  -31.601  62.023 0.5000000000
51055  38.643  -30.794  62.436 0.5000000000
51057  37.120  -30.586  61.920 0.5000000000
51066  36.967  -31.001  60.943 0.2500000000
51910  36.486  -30.058  61.422 0.3750000000
51920  36.238  -30.485  60.625 0.2500000000
51072  35.963  -30.953  59.881 0.1250000000
114149  39.948  -30.656  67.358 0.6250000000
48998  40.076  -30.887  66.032 0.7500000000
49010  40.532  -31.432  65.210 0.7500000000
49011  40.352  -32.094  64.911 0.8750000000
131741  39.630  -31.472  64.240 1.0000000000
51044  39.655  -30.940  64.048 1.0000000000
51046  39.277  -30.195  63.195 1.0000000000
51056  38.036  -30.546  62.069 0.5000000000
51902  37.551  -29.730  62.639 0.5000000000
51911  35.916  -29.668  60.988 0.2500000000
50036  40.638  -31.058  66.910 0.7500000000
50049  40.936  -30.972  65.069 0.6250000000
49019  40.481  -31.531  64.776 0.8750000000
50066  40.625  -31.051  64.630 1.0000000000
50067  40.106  -31.068  64.370 1.0000000000
51033  39.890  -30.153  64.181 0.8750000000
130542  39.678  -30.050  63.885 1.0000000000
51901  38.413  -29.933  62.927 0.6250000000
51903  36.712  -29.500  62.246 0.5000000000
51904  36.235  -29.203  61.637 0.3750000000
51003  41.277  -30.127  66.371 0.5000000000
51020  40.984  -30.350  64.890 0.7500000000
51882  40.881  -29.761  64.818 0.7500000000
51032  40.343  -30.397  64.453 1.0000000000
51891  38.875  -29.153  63.429 0.8750000000
51892  37.997  -29.006  63.216 0.7500000000
52773  37.956  -28.031  63.006 0.6250000000
51893  37.248  -28.771  62.736 0.6250000000
52784  36.607  -28.519  62.142 0.5000000000
51002  41.652  -29.525  65.962 0.5000000000
51868  41.546  -29.127  65.550 0.6250000000
51009  41.119  -30.178  65.556 0.6250000000
51875  41.195  -29.402  65.173 0.6250000000
119809  40.886  -29.009  64.891 0.6250000000
51884  40.062  -29.296  64.404 0.8750000000
51890  39.530  -29.195  63.946 0.7500000000
52771  39.273  -28.130  63.714 0.8750000000
52772  38.594  -28.317  63.333 0.6250000000
52783  37.285  -27.778  62.384 0.7500000000
123611  41.666  -28.507  65.662 0.3750000000
52737  41.319  -28.665  65.386 0.3750000000
52736  41.271  -27.868  65.518 0.3750000000
113749  41.051  -28.870  65.069 0.5000000000
52757  40.778  -28.157  64.988 0.6250000000
52759  39.975  -27.965  64.402 0.7500000000
53625  38.817  -27.277  63.132 0.8750000000
53635  38.182  -27.179  62.371 1.0000000000
119773  37.657  -27.015  61.735 0.7500000000
52747  40.871  -27.972  65.198 0.3750000000
53617  40.565  -27.289  64.592 0.5000000000
53623  40.419  -26.686  63.978 0.6250000000
53624  39.710  -26.987  63.614 0.7500000000
53633  39.498  -26.328  62.662 0.7500000000
53634  38.848  -26.583  62.284 0.8750000000
54574  39.326  -26.034  61.643 0.8750000000
53645  38.466  -26.361  61.410 0.7500000000
54546  40.961  -25.980  64.270 0.3750000000
54539  41.150  -26.112  64.715 0.3750000000
54557  41.217  -25.589  63.531 0.5000000000
54547  40.707  -26.308  64.124 0.3750000000
54559  40.378  -26.070  62.910 0.5000000000
54573  40.038  -25.713  61.992 0.5000000000
119048  39.769  -25.386  61.148 0.5000000000
56566  41.545  -23.200  58.690 0.1250000000
56554  40.995  -23.283  59.714 0.1250000000
56567  40.945  -23.605  58.801 0.1250000000
55596  40.537  -24.058  59.183 0.3750000000
55585  39.929  -24.378  59.698 0.5000000000
54611  39.442  -24.946  60.263 0.3750000000
54591  39.032  -25.626  60.773 0.6250000000
55586  39.399  -24.694  59.394 0.5000000000
54592  38.268  -25.851  60.404 0.8750000000
55597  40.082  -24.420  58.915 0.5000000000
54612  38.812  -25.255  59.875 0.5000000000
118027  40.926  -25.613  62.636 0.5000000000
54572  40.628  -25.520  62.187 0.5000000000
126917  42.088  -22.929  59.029 0.2500000000
56553  41.795  -22.931  59.737 0.2500000000
55571  40.134  -24.666  60.709 0.5000000000
55584  40.456  -23.909  60.289 0.3750000000
56580  41.429  -23.146  57.662 0.1250000000
56521  42.283  -23.812  62.958 0.2500000000
55542  41.878  -24.601  63.168 0.3750000000
55531  41.617  -25.150  63.619 0.3750000000
56533  42.054  -24.051  61.815 0.2500000000
56522  42.017  -24.236  62.649 0.2500000000
55557  41.663  -24.683  62.305 0.3750000000
55544  41.314  -25.353  62.803 0.3750000000
56532  42.453  -23.452  61.394 0.2500000000
55558  41.124  -25.093  61.981 0.3750000000
56543  42.073  -23.813  61.115 0.2500000000
55569  41.600  -24.429  61.520 0.2500000000
55570  40.965  -24.646  61.192 0.5000000000
120048  41.725  -23.293  60.477 0.2500000000
55583  41.318  -23.848  60.805 0.3750000000
54590  40.526  -25.216  61.507 0.5000000000
56593  41.367  -23.383  56.940 0.3750000000
128850  41.582  -23.084  56.468 0.5000000000
125740  41.198  -23.309  56.413 0.3750000000
57553  42.702  -22.995  61.104 0.2500000000
56542  42.318  -23.110  60.649 0.2500000000
126986  42.189  -22.726  59.929 0.2500000000
56605  41.530  -22.953  55.995 0.5000000000
56606  41.118  -23.216  55.659 0.3750000000
56565  41.987  -23.068  58.006 0.2500000000
56579  41.820  -22.971  56.978 0.3750000000
56617  41.172  -23.320  54.671 0.6250000000
56618  40.337  -23.326  54.243 0.6250000000
56630  41.119  -23.034  53.687 0.7500000000
56631  40.359  -23.057  53.149 0.6250000000
112303  39.609  -22.886  52.629 0.6250000000
56616  41.590  -22.961  55.099 0.5000000000
56650  40.269  -22.618  52.309 0.6250000000
56667  40.049  -22.313  51.677 0.6250000000
129511  39.360  -22.348  51.477 0.2500000000
56649  41.068  -22.813  52.756 0.8750000000
60493  42.618  -20.298  50.354 0.3750000000
56690  39.760  -22.275  51.246 0.2500000000
60494  42.164  -20.087  50.290 0.1250000000
59560  41.610  -20.781  50.402 0.3750000000
58607  41.207  -21.514  50.580 0.3750000000
57665  40.508  -22.010  50.594 0.3750000000
57656  40.228  -22.207  50.824 0.2500000000
56629  41.726  -22.938  54.095 0.6250000000
56648  41.740  -22.698  53.196 0.8750000000
130457  41.623  -22.643  52.481 0.8750000000
56665  41.826  -22.593  51.976 0.7500000000
56666  40.968  -22.511  51.961 0.6250000000
57647  41.268  -22.342  51.437 0.5000000000
56689  40.515  -22.305  51.284 0.3750000000
57655  40.865  -22.201  50.910 0.3750000000
62390  43.488  -18.780  51.002 0.3750000000
61458  42.994  -19.631  50.516 0.5000000000
58606  41.907  -21.544  50.740 0.3750000000
130850  40.589  -22.055  50.659 0.2500000000
133355  43.119  -17.822  50.922 0.2500000000
128782  42.291  -20.643  50.369 0.3750000000
124026  42.626  -17.297  50.805 0.3750000000
58562  43.474  -22.278  53.440 0.7500000000
129623  42.831  -22.531  53.699 0.6250000000
57622  42.996  -22.454  53.013 0.7500000000
57623  42.342  -22.613  53.510 0.7500000000
57637  42.294  -22.525  52.658 0.8750000000
65127  47.009  -16.285  54.149 0.6250000000
64201  46.800  -16.914  53.604 0.6250000000
58596  42.958  -21.642  51.201 0.7500000000
57646  41.960  -22.253  51.560 0.6250000000
65111  47.308  -15.495  54.585 0.6250000000
64209  46.500  -16.830  53.306 0.7500000000
115443  46.313  -17.227  53.028 0.8750000000
63316  44.977  -17.638  51.987 0.7500000000
62384  44.765  -18.329  51.832 0.6250000000
61447  44.246  -18.997  51.418 0.5000000000
60481  43.645  -20.559  50.930 0.5000000000
59550  42.545  -21.375  50.647 0.3750000000
58597  42.078  -21.735  51.056 0.5000000000
57654  41.466  -22.075  51.116 0.3750000000
131618  46.609  -16.429  53.618 0.7500000000
64218  45.516  -17.105  52.514 0.7500000000
116671  44.275  -18.120  51.393 0.5000000000
61448  43.638  -19.754  50.916 0.6250000000
60492  43.174  -20.481  50.497 0.5000000000
65131  46.227  -16.085  53.353 0.8750000000
64210  45.945  -16.609  52.950 0.8750000000
64219  44.874  -16.997  51.870 0.6250000000
63317  44.331  -17.427  51.448 0.6250000000
59558  42.722  -20.963  50.415 0.5000000000
59559  42.201  -21.210  50.544 0.3750000000
58598  41.204  -21.922  50.779 0.3750000000
65132  45.535  -15.770  52.988 0.8750000000
64211  45.189  -16.467  52.509 0.6250000000
64220  44.127  -16.525  51.636 0.6250000000
63324  43.666  -17.952  51.149 0.5000000000
64221  43.214  -16.140  51.534 0.3750000000
64228  42.598  -16.313  51.133 0.3750000000
58574  43.980  -21.912  52.944 0.7500000000
133957  44.192  -21.668  52.657 0.8750000000
58575  43.569  -22.160  52.613 0.7500000000
62337  46.803  -18.202  54.041 0.7500000000
58587  43.873  -21.900  52.401 0.8750000000
57636  42.978  -22.373  52.284 0.8750000000
63291  46.885  -17.503  53.701 0.7500000000
62374  46.974  -18.138  53.178 0.8750000000
58588  43.501  -21.990  51.905 0.7500000000
127398  42.380  -22.506  52.016 0.8750000000
65109  48.255  -15.382  55.231 0.3750000000
64185  47.250  -16.855  54.286 0.6250000000
63292  46.744  -17.453  53.244 0.6250000000
63308  46.677  -17.834  53.066 0.7500000000
62376  45.463  -18.323  52.551 0.7500000000
58589  42.682  -22.121  51.657 0.8750000000
114076  47.908  -15.245  54.896 0.5000000000
63309  45.887  -17.721  52.811 0.7500000000
60480  44.289  -20.074  51.541 0.7500000000
59538  43.559  -21.504  51.434 0.7500000000
66031  47.641  -14.565  54.704 0.5000000000
59549  43.271  -21.178  50.751 0.5000000000
65128  46.594  -15.555  53.972 0.6250000000
66045  45.884  -14.948  53.421 0.7500000000
65133  44.716  -15.614  52.561 0.6250000000
65140  44.150  -15.576  51.991 0.6250000000
65141  43.581  -15.382  51.611 0.3750000000
61409  46.729  -18.913  54.209 0.7500000000
61410  46.444  -19.411  53.703 0.8750000000
59525  44.591  -21.180  52.727 0.8750000000
62351  46.806  -18.769  53.333 0.8750000000
120786  45.695  -19.844  53.049 0.8750000000
60457  44.984  -20.556  52.781 0.8750000000
62375  46.556  -18.476  53.056 0.8750000000
61431  45.842  -18.937  52.984 0.8750000000
60469  44.853  -20.072  52.377 0.8750000000
59537  44.050  -21.541  52.056 0.8750000000
61439  44.983  -19.181  52.289 0.7500000000
60470  44.432  -20.751  52.149 0.8750000000
122812  48.277  -14.384  55.088 0.3750000000
59548  43.873  -21.006  51.411 1.0000000000
66032  46.951  -14.817  54.435 0.5000000000
66877  47.030  -13.809  54.323 0.6250000000
66042  46.456  -14.431  53.935 0.6250000000
120769  45.670  -14.083  53.014 0.6250000000
66046  45.077  -14.668  52.765 0.6250000000
66047  44.390  -14.843  52.313 0.6250000000
66893  45.243  -13.590  52.504 0.6250000000
66894  44.514  -13.956  52.135 0.6250000000
66053  43.931  -14.404  51.611 0.6250000000
66054  43.167  -14.445  51.154 0.5000000000
66900  44.368  -13.438  51.141 0.7500000000
67693  49.499  -12.612  55.316 0.5000000000
67694  48.706  -12.619  54.965 0.6250000000
68556  50.556  -11.110  54.607 0.5000000000
68557  49.608  -11.414  54.304 0.5000000000
67701  49.200  -12.067  54.679 0.5000000000
67702  48.347  -12.212  54.410 0.6250000000
66876  47.902  -13.147  54.696 0.6250000000
128286  49.104  -11.190  53.630 0.6250000000
117524  48.497  -11.426  53.160 0.7500000000
67712  48.064  -11.830  53.625 0.6250000000
66889  46.986  -12.716  54.059 0.6250000000
68571  48.912  -10.805  52.923 0.7500000000
67713  47.493  -12.220  53.248 0.6250000000
66890  46.525  -13.436  53.644 0.6250000000
122102  48.156  -11.150  52.212 0.7500000000
134645  47.527  -11.532  52.115 0.7500000000
67716  47.162  -11.969  52.476 0.6250000000
67714  46.829  -12.653  53.010 0.6250000000
68576  47.525  -11.400  51.365 0.6250000000
130246  46.900  -11.673  51.675 0.7500000000
67717  46.171  -12.171  52.200 0.7500000000
66899  44.913  -13.085  51.732 0.7500000000
67727  46.851  -11.688  50.735 0.6250000000
67721  46.172  -11.958  51.057 0.6250000000
66908  45.071  -12.979  50.635 0.7500000000
66909  44.444  -13.157  50.088 0.5000000000
68566  49.873  -10.769  53.669 0.6250000000
69508  49.579  -10.287  52.689 0.8750000000
68575  48.083  -10.955  51.158 0.7500000000
114328  47.400  -11.265  50.405 0.7500000000
67728  46.244  -12.135  50.142 0.6250000000
114495  47.144  -11.341  49.567 0.6250000000
68579  46.757  -11.739  49.891 0.6250000000
69516  48.803  -10.432  51.870 0.8750000000
127902  49.463  -9.907  51.944 0.8750000000
69515  49.187  -9.806  51.173 0.7500000000
114582  48.515  -10.294  50.793 0.7500000000
68578  47.911  -10.701  50.408 0.6250000000
69523  48.181  -10.160  49.900 0.7500000000
69530  47.569  -10.787  49.693 0.7500000000
69507  50.509  -10.082  53.278 0.5000000000
70470  50.106  -9.677  52.409 0.7500000000
71457  51.448  -8.633  52.626 0.5000000000
70478  49.819  -9.409  51.555 0.7500000000
70477  50.482  -8.993  52.081 0.6250000000
70487  49.602  -9.216  50.668 0.7500000000
70486  50.241  -8.925  51.097 0.6250000000
69522  48.856  -9.544  50.272 0.8750000000
70496  49.997  -8.771  50.313 0.7500000000
71487  49.799  -8.665  49.057 0.7500000000
70497  49.440  -8.927  49.710 0.7500000000
70510  49.011  -8.698  48.942 0.7500000000
71496  49.527  -8.424  48.609 0.6250000000
71506  49.209  -8.152  48.138 0.8750000000
71507  48.502  -8.453  47.784 0.6250000000
130078  48.956  -7.943  47.586 0.7500000000
71466  50.942  -8.507  51.591 0.5000000000
71486  50.213  -8.503  49.634 0.6250000000
72473  50.594  -8.057  49.276 0.6250000000
71495  50.180  -8.422  48.845 0.8750000000
71505  49.943  -8.150  48.360 0.6250000000
71521  48.750  -7.662  46.861 0.6250000000
71465  51.947  -8.186  52.038 0.3750000000
71474  51.281  -8.000  51.063 0.5000000000
71485  50.757  -7.933  50.130 0.6250000000
72481  50.446  -7.946  48.676 0.6250000000
120711  50.215  -7.672  48.257 0.6250000000
72490  49.687  -7.673  47.858 0.6250000000
72491  49.364  -7.518  47.292 0.8750000000
122916  49.833  -6.986  47.312 0.6250000000
73400  50.341  -6.228  47.350 0.6250000000
75112  51.877  -4.523  46.926 0.3750000000
74280  50.865  -5.637  47.259 0.5000000000
74286  51.255  -4.968  46.737 0.5000000000
75120  52.420  -3.618  46.413 0.3750000000
72454  52.193  -7.469  51.530 0.3750000000
72472  51.016  -7.456  49.711 0.5000000000
72471  51.768  -7.130  49.979 0.5000000000
117925  50.841  -7.605  49.043 0.5000000000
72480  50.712  -7.182  48.525 0.6250000000
73387  51.216  -6.470  48.598 0.5000000000
73399  50.785  -6.183  47.982 0.5000000000
72489  50.262  -7.046  47.881 0.6250000000
74265  51.537  -5.737  48.262 0.5000000000
74279  51.390  -5.368  47.462 0.3750000000
75111  52.724  -4.300  47.271 0.3750000000
73378  52.195  -6.369  49.932 0.3750000000
73379  51.357  -6.960  49.237 0.5000000000
73386  51.806  -6.103  49.016 0.3750000000
74264  52.340  -5.379  48.579 0.3750000000
75103  52.914  -4.657  48.137 0.3750000000
74278  52.136  -5.033  47.742 0.3750000000
75110  53.593  -4.129  47.704 0.3750000000
75119  53.403  -3.688  46.939 0.3750000000
74255  52.459  -5.560  49.492 0.2500000000
74263  53.030  -4.865  48.979 0.2500000000
75979  54.086  -3.618  47.432 0.3750000000
75102  53.648  -4.249  48.507 0.3750000000
35320  3.481  -45.583  65.954 0.7500000000
35252  7.603  -44.841  71.030 0.7500000000
36287  8.124  -43.691  72.169 0.7500000000
124369  6.697  -45.265  71.486 0.7500000000
36296  8.829  -43.842  71.622 0.7500000000
35265  7.685  -45.295  70.623 0.6250000000
36333  3.937  -45.136  68.780 0.6250000000
116932  3.723  -45.488  64.554 0.6250000000
36411  3.666  -45.460  63.562 0.6250000000
36289  6.950  -44.677  72.890 0.7500000000
36301  5.778  -44.877  71.051 0.7500000000
36312  5.290  -44.921  70.667 0.7500000000
37289  7.961  -43.375  72.764 0.7500000000
37295  6.744  -44.131  73.311 0.6250000000
134423  5.847  -43.995  71.796 0.8750000000
37301  5.450  -44.339  71.251 0.8750000000
36313  4.909  -45.077  70.425 0.6250000000
124049  5.223  -43.858  71.516 0.8750000000
131771  4.709  -45.483  69.966 0.6250000000
36295  9.631  -43.813  71.807 0.7500000000
37288  8.559  -43.408  73.080 0.7500000000
38357  3.764  -44.055  68.487 0.6250000000
38334  4.596  -43.947  70.108 0.7500000000
37321  4.402  -44.654  69.630 0.6250000000
36332  4.451  -45.218  69.436 0.6250000000
37310  4.742  -44.558  70.441 0.6250000000
37361  4.115  -44.173  67.343 0.6250000000
126098  4.255  -43.962  66.620 0.6250000000
37362  3.926  -44.257  66.293 0.6250000000
38379  3.642  -43.987  66.079 0.6250000000
37396  3.475  -44.442  64.320 0.6250000000
39419  3.628  -43.158  64.070 0.6250000000
37415  3.594  -44.918  62.455 0.5000000000
114791  3.514  -44.370  62.138 0.5000000000
36431  3.664  -45.540  62.679 0.6250000000
36464  4.233  -46.141  60.806 0.5000000000
34337  3.977  -46.958  61.497 0.5000000000
38314  11.010  -42.341  73.287 0.7500000000
38316  9.566  -43.117  73.757 0.7500000000
37286  10.051  -43.375  73.472 0.8750000000
37282  8.434  -42.917  73.140 0.7500000000
37290  7.458  -43.469  72.993 0.7500000000
37291  6.860  -43.475  73.108 0.7500000000
40258  12.226  -41.547  73.263 0.7500000000
37293  10.331  -43.523  72.921 0.7500000000
37292  11.080  -43.208  72.635 0.8750000000
37294  9.740  -43.729  73.045 0.7500000000
37299  11.060  -43.453  71.958 0.7500000000
38322  12.004  -42.920  71.841 0.7500000000
38319  11.820  -42.837  72.502 0.7500000000
37300  10.395  -43.703  71.594 0.7500000000
39336  4.702  -42.965  68.926 0.8750000000
38328  4.865  -43.799  71.189 0.8750000000
37318  11.556  -43.164  71.229 0.6250000000
40288  4.272  -42.246  67.935 0.7500000000
40301  4.440  -42.544  67.061 0.7500000000
40331  4.599  -42.218  65.604 0.7500000000
40332  4.458  -42.604  65.177 0.7500000000
40314  4.544  -42.138  66.562 0.7500000000
39402  4.225  -42.981  65.628 0.7500000000
39385  4.325  -43.050  66.466 0.7500000000
114798  4.223  -42.803  64.870 0.6250000000
39418  3.900  -42.675  64.344 0.6250000000
41178  4.116  -41.817  64.025 0.6250000000
37348  9.765  -43.921  68.428 0.6250000000
131793  4.387  -41.902  63.771 0.6250000000
39434  4.087  -43.015  63.452 0.5000000000
39451  4.209  -43.177  62.841 0.5000000000
38423  3.628  -43.848  61.831 0.5000000000
39482  4.049  -43.372  61.626 0.5000000000
38431  4.471  -43.567  61.179 0.5000000000
125374  4.477  -44.262  60.994 0.5000000000
36476  4.545  -45.516  60.159 0.5000000000
36479  5.755  -45.287  58.181 0.5000000000
41112  12.418  -40.418  72.810 0.7500000000
39327  5.503  -42.202  71.549 0.8750000000
39312  12.838  -41.226  72.472 0.6250000000
122251  12.738  -41.274  73.028 0.6250000000
117981  12.162  -42.272  71.983 0.7500000000
40280  5.200  -42.185  69.229 0.7500000000
40287  5.049  -41.811  68.396 0.8750000000
40286  5.723  -41.532  69.179 0.8750000000
40274  5.374  -41.991  70.287 1.0000000000
41139  6.037  -41.165  68.730 1.0000000000
40299  4.719  -41.809  67.551 0.7500000000
41146  5.232  -41.480  67.158 0.8750000000
112565  11.948  -42.640  70.891 0.7500000000
41152  5.403  -41.116  66.392 0.7500000000
117057  11.671  -42.486  70.327 0.6250000000
41165  5.066  -41.961  65.065 0.7500000000
41960  5.682  -40.750  64.815 1.0000000000
41971  5.227  -41.526  63.992 0.7500000000
41983  5.502  -41.273  63.410 0.7500000000
124609  4.908  -41.873  63.374 0.6250000000
40384  4.768  -42.388  62.047 0.5000000000
41212  5.546  -41.480  62.252 0.5000000000
39480  5.155  -42.573  60.759 0.6250000000
38450  6.096  -43.013  58.815 0.5000000000
116728  12.887  -40.735  72.772 0.7500000000
41909  13.776  -39.561  72.472 0.6250000000
40262  13.583  -40.676  71.848 0.7500000000
40273  5.993  -41.262  70.813 0.8750000000
133696  14.571  -40.588  71.367 0.6250000000
38320  12.822  -41.628  71.222 0.7500000000
41138  6.402  -40.662  68.186 1.0000000000
41144  6.959  -40.194  67.600 1.0000000000
39320  15.744  -41.151  70.891 0.7500000000
113971  12.755  -41.709  70.658 0.8750000000
41969  6.073  -40.126  64.263 0.7500000000
41952  6.868  -40.075  65.809 1.0000000000
133526  12.767  -41.649  70.428 0.7500000000
41968  6.785  -39.527  63.766 1.0000000000
42001  5.928  -41.243  61.445 0.5000000000
41990  6.315  -39.485  61.849 1.0000000000
42008  6.207  -40.548  60.596 0.8750000000
40418  5.511  -42.039  60.007 0.6250000000
41236  5.840  -41.298  59.674 0.6250000000
39530  6.117  -42.270  57.773 0.5000000000
41919  13.890  -39.048  72.531 0.6250000000
134657  13.841  -38.469  72.421 0.6250000000
42731  13.145  -38.761  72.420 0.6250000000
115564  14.618  -39.266  72.205 0.6250000000
42741  16.068  -37.913  71.275 0.6250000000
112047  15.604  -39.256  71.898 0.5000000000
129478  15.385  -40.560  71.531 0.6250000000
42763  6.799  -38.651  68.456 0.8750000000
41951  7.349  -39.400  67.051 0.8750000000
39330  14.137  -41.335  70.159 0.7500000000
120897  7.322  -39.517  66.214 1.0000000000
41957  7.609  -39.045  64.912 1.0000000000
111584  16.366  -40.856  71.049 0.6250000000
38329  13.247  -41.396  69.889 0.6250000000
42801  7.435  -38.848  64.017 1.0000000000
42834  7.169  -38.934  62.231 1.0000000000
125860  7.403  -38.982  63.105 1.0000000000
42865  7.217  -38.444  60.003 0.8750000000
40434  6.134  -41.624  58.105 0.5000000000
43773  18.398  -36.968  72.424 0.3750000000
44853  17.162  -37.042  70.999 0.5000000000
42777  6.953  -38.512  66.793 0.8750000000
42769  5.943  -37.819  68.039 0.8750000000
42728  17.251  -38.428  71.758 0.5000000000
41114  16.536  -39.708  71.547 0.5000000000
125051  18.383  -39.135  71.541 0.3750000000
40266  16.623  -40.232  70.622 0.6250000000
41124  17.361  -39.827  70.474 0.6250000000
40271  15.890  -40.415  70.412 0.7500000000
41923  19.715  -38.399  71.220 0.5000000000
41123  18.177  -39.733  70.482 0.5000000000
40269  17.422  -40.019  70.144 0.5000000000
40275  17.300  -39.908  69.801 0.5000000000
40278  15.353  -40.909  69.368 0.6250000000
40284  15.074  -40.838  68.654 0.6250000000
40463  4.367  -41.286  55.583 0.5000000000
129539  3.611  -41.159  55.275 0.3750000000
39551  3.827  -42.463  55.087 0.3750000000
38496  4.042  -43.213  55.065 0.3750000000
39575  4.969  -41.374  54.425 0.2500000000
43850  6.236  -36.923  66.056 0.8750000000
45942  21.743  -35.256  73.630 0.2500000000
123167  20.589  -35.724  73.043 0.2500000000
43772  19.413  -36.837  72.634 0.3750000000
44852  18.331  -36.209  71.886 0.3750000000
44841  20.517  -36.112  72.920 0.2500000000
121327  20.151  -36.584  72.749 0.3750000000
45935  22.359  -34.808  73.460 0.2500000000
44838  22.092  -35.854  72.787 0.2500000000
43770  21.247  -36.416  72.557 0.2500000000
43781  20.931  -36.951  72.242 0.2500000000
42739  20.629  -37.385  71.776 0.3750000000
45940  22.557  -34.925  72.739 0.2500000000
44850  22.387  -36.318  72.220 0.3750000000
43780  22.108  -36.793  71.787 0.3750000000
42738  21.220  -37.200  71.617 0.2500000000
42737  21.706  -37.080  71.369 0.2500000000
41928  20.223  -38.255  70.682 0.5000000000
41122  19.054  -39.563  70.460 0.5000000000
115290  18.214  -39.836  69.639 0.5000000000
41131  17.542  -39.841  69.583 0.5000000000
40282  16.620  -40.179  69.079 0.5000000000
42749  21.231  -37.463  70.789 0.5000000000
41932  20.315  -38.600  70.124 0.5000000000
41935  20.758  -38.133  70.010 0.5000000000
127387  16.966  -39.471  68.692 0.6250000000
41137  16.314  -39.717  68.268 0.3750000000
44977  7.349  -36.683  61.750 1.0000000000
41937  19.623  -38.938  69.264 0.5000000000
41135  18.498  -39.293  68.558 0.6250000000
41941  19.142  -38.860  68.571 0.6250000000
40328  14.678  -39.408  66.342 0.5000000000
40468  3.620  -40.729  55.328 0.5000000000
41310  3.646  -40.244  55.320 0.5000000000
41337  4.866  -39.870  54.358 0.3750000000
42104  4.626  -39.464  54.425 0.3750000000
120135  5.809  -39.886  54.158 0.2500000000
39574  5.797  -41.396  54.419 0.2500000000
47915  23.617  -33.371  72.866 0.2500000000
46905  22.740  -34.207  73.631 0.2500000000
46921  23.465  -34.099  71.915 0.3750000000
45948  23.295  -34.785  71.721 0.3750000000
46932  23.684  -34.352  71.406 0.3750000000
44848  23.251  -35.591  71.574 0.2500000000
43792  22.765  -36.809  71.005 0.5000000000
44859  23.109  -36.386  71.360 0.3750000000
43793  22.197  -36.948  71.085 0.3750000000
42753  21.875  -37.100  70.646 0.5000000000
45956  23.983  -34.734  70.496 0.6250000000
44858  23.487  -35.857  70.917 0.5000000000
43800  22.423  -36.903  70.679 0.3750000000
43804  23.120  -36.413  70.315 0.5000000000
123913  21.594  -37.365  70.295 0.5000000000
43806  22.080  -36.906  69.939 0.5000000000
42758  21.158  -37.773  69.930 0.6250000000
46957  24.573  -33.864  69.362 0.6250000000
45994  24.188  -34.522  69.033 0.6250000000
126695  23.790  -35.459  69.931 0.3750000000
44885  22.889  -36.242  69.907 0.5000000000
44884  23.398  -35.742  69.799 0.5000000000
42761  21.286  -37.079  68.971 0.6250000000
42762  20.937  -37.653  69.367 0.6250000000
41943  20.197  -37.784  68.977 0.6250000000
41944  19.494  -38.093  68.135 0.6250000000
41141  18.101  -39.340  67.880 0.6250000000
125204  17.528  -39.293  67.108 0.5000000000
44992  7.164  -36.652  60.687 1.0000000000
44978  6.350  -36.096  61.424 1.0000000000
44898  23.341  -35.466  68.221 0.6250000000
43825  22.330  -36.339  68.633 0.3750000000
43814  21.858  -36.785  69.208 0.6250000000
133820  20.371  -36.918  67.604 0.6250000000
42767  19.504  -37.628  67.378 0.6250000000
41159  17.981  -38.663  66.585 0.6250000000
41949  18.538  -38.363  66.893 0.6250000000
43921  6.612  -36.999  58.781 1.0000000000
44993  6.190  -36.132  60.408 1.0000000000
41948  18.995  -38.006  67.149 0.6250000000
42775  20.003  -37.252  67.006 0.6250000000
41954  18.379  -38.082  65.508 0.5000000000
41160  17.173  -38.777  66.246 0.3750000000
126254  5.961  -37.406  58.466 0.8750000000
121573  5.668  -38.092  58.354 0.7500000000
43922  5.867  -36.662  58.665 0.8750000000
41173  16.486  -38.749  65.497 0.5000000000
45026  5.410  -36.536  57.884 0.6250000000
45010  5.121  -35.659  59.150 0.8750000000
43954  5.109  -37.333  57.297 0.6250000000
131857  4.863  -37.004  57.139 0.6250000000
43955  4.660  -37.652  56.831 0.6250000000
42953  4.291  -38.786  55.156 0.6250000000
42992  4.866  -38.992  54.063 0.2500000000
42991  4.974  -38.618  53.727 0.2500000000
49971  24.591  -31.136  73.752 0.1250000000
44919  5.146  -35.765  66.608 0.7500000000
48918  24.876  -32.123  72.893 0.1250000000
44930  4.877  -35.502  65.971 0.7500000000
46033  5.975  -35.340  64.235 0.8750000000
48946  25.583  -31.987  71.212 0.3750000000
48058  4.533  -33.845  60.994 0.7500000000
121750  22.828  -36.016  68.134 0.5000000000
44909  22.289  -36.225  67.866 0.3750000000
48065  4.322  -34.164  59.730 0.7500000000
46016  23.632  -34.544  67.305 0.6250000000
44908  22.801  -35.654  67.570 0.6250000000
42785  20.331  -36.850  66.409 0.6250000000
46110  5.009  -35.261  58.133 0.7500000000
114478  4.849  -35.417  57.718 0.6250000000
47103  4.565  -35.121  57.248 0.7500000000
41979  17.490  -37.622  63.427 0.2500000000
42831  18.383  -37.202  63.227 0.3750000000
41989  16.709  -38.006  62.560 0.2500000000
42990  5.151  -38.747  53.333 0.1250000000
49985  25.529  -31.468  73.327 0.1250000000
48932  25.667  -31.328  71.804 0.2500000000
48945  27.036  -31.165  70.770 0.5000000000
47023  4.739  -34.273  63.135 0.8750000000
49028  4.584  -33.361  62.587 0.7500000000
46984  24.796  -33.833  67.657 0.6250000000
49073  4.332  -33.174  58.850 0.7500000000
47984  25.991  -32.514  67.380 0.6250000000
46995  24.948  -33.682  66.862 0.6250000000
46025  22.808  -34.716  66.470 0.5000000000
134136  20.605  -36.605  65.979 0.5000000000
49086  4.325  -33.291  58.318 0.7500000000
47003  23.384  -34.106  65.838 0.6250000000
44926  22.081  -35.126  66.104 0.5000000000
44927  21.415  -35.600  65.592 0.5000000000
43857  19.596  -36.641  64.981 0.3750000000
42815  18.976  -37.038  64.553 0.5000000000
49085  4.651  -33.516  57.638 0.7500000000
48078  4.864  -33.986  56.984 0.7500000000
48096  4.712  -34.620  56.686 0.6250000000
47116  4.866  -34.873  55.911 0.6250000000
46177  4.792  -36.214  54.179 0.3750000000
45131  6.077  -36.928  53.414 0.1250000000
44036  6.545  -37.479  53.480 0.1250000000
123498  6.238  -38.463  53.604 0.1250000000
49995  27.410  -30.155  71.927 0.3750000000
49984  26.146  -30.917  73.140 0.1250000000
47004  4.501  -34.446  65.558 0.7500000000
50012  28.795  -31.295  70.643 0.5000000000
47005  4.689  -33.856  65.001 0.7500000000
48030  4.510  -33.875  63.624 0.8750000000
49021  4.519  -32.344  64.499 0.7500000000
116823  27.965  -31.246  69.502 0.6250000000
49024  4.501  -32.239  63.880 0.8750000000
112915  29.792  -31.577  70.658 0.6250000000
48969  29.571  -32.070  68.740 0.7500000000
48971  27.434  -31.648  68.916 0.7500000000
49027  4.667  -32.571  62.252 0.7500000000
45979  30.924  -33.682  68.393 0.6250000000
46956  30.447  -32.793  68.723 0.6250000000
48981  28.870  -32.480  68.077 0.7500000000
47972  29.466  -32.611  67.477 0.8750000000
48982  27.872  -32.001  68.025 0.7500000000
114980  26.806  -31.926  68.422 0.6250000000
44905  31.543  -34.687  66.613 0.7500000000
44883  31.377  -35.089  68.662 0.7500000000
45978  30.991  -34.461  69.087 0.6250000000
45993  31.069  -33.584  67.391 0.7500000000
46983  30.197  -33.453  66.151 0.7500000000
47998  29.041  -32.842  66.113 0.7500000000
48991  27.883  -31.968  67.059 0.7500000000
123360  4.722  -32.808  57.942 0.7500000000
50110  5.072  -32.279  60.134 0.8750000000
131274  29.767  -34.175  64.639 0.6250000000
46994  29.601  -33.209  66.108 0.7500000000
49012  28.024  -32.199  65.756 0.7500000000
48010  28.371  -32.551  64.949 0.7500000000
123355  26.666  -32.444  65.733 0.6250000000
117872  26.666  -32.470  64.885 0.7500000000
47011  22.992  -33.522  65.064 0.5000000000
44936  21.169  -35.277  64.750 0.5000000000
43856  20.096  -36.283  64.578 0.5000000000
113297  5.038  -32.501  58.135 0.7500000000
49096  6.037  -34.030  57.414 0.5000000000
43810  32.768  -35.540  66.673 0.7500000000
43835  30.851  -35.661  64.821 0.7500000000
47000  28.638  -33.366  64.201 0.6250000000
47008  28.031  -33.690  63.723 0.6250000000
48017  27.876  -32.653  64.261 0.6250000000
48025  26.701  -32.639  63.722 0.7500000000
126191  26.413  -32.555  64.417 0.6250000000
48019  25.718  -32.636  64.484 0.5000000000
48021  23.765  -33.112  64.329 0.5000000000
44963  20.312  -35.364  63.309 0.5000000000
43868  19.823  -36.015  63.770 0.5000000000
43883  18.534  -36.634  62.805 0.3750000000
49110  6.414  -33.990  56.428 0.5000000000
48029  22.688  -33.404  63.128 0.3750000000
47021  21.295  -34.201  63.121 0.3750000000
47029  21.884  -33.691  62.796 0.2500000000
47042  21.038  -33.650  61.654 0.2500000000
43893  18.598  -35.754  61.277 0.2500000000
47150  6.142  -35.192  53.942 0.1250000000
48106  8.198  -33.405  54.440 0.1250000000
48928  32.032  -31.720  71.667 0.6250000000
49993  29.319  -30.775  71.840 0.5000000000
50003  29.122  -31.071  71.187 0.6250000000
47941  31.520  -33.247  71.094 0.5000000000
48956  30.209  -32.514  70.205 0.6250000000
118562  4.999  -32.159  63.134 0.8750000000
45965  31.461  -34.645  69.230 0.5000000000
115380  5.332  -31.800  61.697 0.8750000000
49083  5.944  -33.594  58.401 0.7500000000
50133  6.224  -32.439  59.278 0.7500000000
50123  5.782  -32.308  59.718 0.7500000000
118619  8.016  -34.082  56.352 0.1250000000
122872  7.011  -33.669  57.160 0.3750000000
112055  33.857  -35.870  66.115 0.6250000000
42780  32.584  -36.371  65.013 0.5000000000
132328  34.301  -35.780  65.948 0.6250000000
49131  9.006  -33.293  54.196 0.1250000000
48120  9.403  -33.529  53.593 0.1250000000
47939  32.780  -33.210  70.927 0.5000000000
111817  5.570  -32.005  63.505 0.8750000000
50065  4.865  -31.852  64.241 0.8750000000
47938  33.566  -32.987  70.519 0.6250000000
50121  7.342  -32.327  60.067 0.7500000000
113365  5.666  -31.991  60.617 0.8750000000
128125  5.589  -31.807  61.363 0.8750000000
44879  33.757  -34.912  67.949 0.7500000000
45976  34.010  -34.841  68.824 0.6250000000
49067  8.217  -32.654  58.567 0.5000000000
114705  10.994  -32.835  55.928 0.1250000000
49104  11.363  -33.227  54.965 0.1250000000
42791  33.460  -36.424  64.253 0.3750000000
43842  34.637  -35.980  65.099 0.3750000000
43841  35.356  -35.491  65.107 0.7500000000
43853  35.115  -35.928  63.982 0.6250000000
47950  34.532  -33.176  69.955 0.6250000000
46939  34.877  -33.620  69.319 0.6250000000
128742  34.951  -33.918  68.152 0.5000000000
44891  35.548  -34.797  67.076 0.5000000000
44903  35.014  -35.363  66.707 0.6250000000
44901  36.742  -34.978  66.067 0.6250000000
43829  36.243  -35.184  65.193 0.7500000000
132600  36.499  -35.148  64.130 0.5000000000
48939  34.914  -32.133  69.780 0.6250000000
44912  37.678  -35.433  65.109 0.6250000000
44933  37.083  -35.102  64.482 0.6250000000
44945  36.932  -34.652  63.907 0.5000000000
44960  37.674  -33.953  62.947 0.3750000000
112200  35.192  -32.026  68.733 0.6250000000
46004  37.126  -34.105  66.376 0.6250000000
46966  37.775  -33.033  66.917 0.6250000000
44921  37.988  -34.533  64.576 0.8750000000
46028  38.188  -33.786  64.184 0.7500000000
46057  37.633  -33.866  62.041 0.2500000000
46069  37.809  -33.739  61.747 0.3750000000
48967  36.744  -32.313  67.544 0.7500000000
47959  36.942  -32.678  67.522 0.7500000000
47970  38.278  -32.262  66.570 0.7500000000
46002  38.281  -33.429  66.079 0.7500000000
46020  38.585  -34.414  64.881 0.8750000000
46034  38.450  -33.482  63.786 0.8750000000
47027  38.613  -33.833  62.849 0.6250000000
47039  38.149  -33.680  62.151 0.3750000000
48043  39.090  -33.145  62.796 0.3750000000
48054  38.239  -33.142  61.998 0.2500000000
48055  38.010  -33.334  61.301 0.2500000000
47052  37.878  -33.542  61.396 0.2500000000
48064  38.137  -32.993  60.335 0.2500000000
50114  38.377  -31.823  60.125 0.2500000000
46979  38.822  -32.413  66.113 0.7500000000
46992  39.198  -32.652  65.623 0.7500000000
115566  39.277  -33.293  65.259 0.7500000000
47026  39.078  -33.437  63.097 0.8750000000
47969  38.893  -31.938  66.531 0.7500000000
48008  40.093  -32.587  65.072 0.8750000000
47015  38.951  -32.758  64.294 0.8750000000
48032  39.298  -32.856  63.028 0.8750000000
51065  37.534  -31.360  61.270 0.3750000000
48989  39.827  -31.469  66.783 0.7500000000
47995  39.650  -32.175  65.610 0.6250000000
48988  40.083  -31.392  66.721 0.7500000000
49020  40.014  -31.967  64.545 1.0000000000
49026  39.158  -31.876  63.640 1.0000000000
51054  39.230  -31.191  62.759 0.7500000000
51045  39.568  -30.757  63.519 1.0000000000
48978  40.396  -31.191  67.056 0.6250000000
50042  40.697  -30.609  65.775 0.7500000000
51031  40.652  -30.569  64.623 0.8750000000
51883  40.556  -29.585  64.623 0.7500000000
52758  40.564  -28.563  64.718 0.6250000000
53616  40.684  -27.110  64.747 0.3750000000
53607  40.903  -26.968  65.072 0.3750000000
54558  40.842  -25.956  63.437 0.5000000000
55543  41.699  -24.894  63.078 0.3750000000
56509  42.155  -24.279  63.390 0.2500000000
130214  43.132  -18.305  50.853 0.3750000000
64227  43.417  -17.141  51.254 0.3750000000
65110  47.704  -16.080  54.771 0.5000000000
122923  44.600  -16.316  52.108 0.6250000000
64229  41.958  -16.476  50.580 0.2500000000
61430  46.492  -19.054  53.286 0.8750000000
60437  45.272  -20.786  53.345 0.8750000000
68558  48.778  -11.611  54.004 0.7500000000
67703  47.606  -12.249  54.143 0.6250000000
68572  47.887  -11.752  52.751 0.6250000000
66892  46.016  -13.218  52.860 0.6250000000
67718  45.488  -12.732  52.212 0.6250000000
67722  45.532  -12.489  51.389 0.7500000000
67729  45.666  -12.526  50.349 0.7500000000
66916  44.612  -13.373  49.213 0.6250000000
70498  48.529  -9.471  49.224 0.6250000000
71475  50.558  -8.461  50.601 0.6250000000
70518  48.744  -8.555  48.324 0.6250000000
72462  51.472  -7.434  50.538 0.3750000000
29326  4.133  -52.246  63.128 0.1250000000
29325  4.744  -52.582  63.152 0.1250000000
30215  3.702  -51.610  63.111 0.1250000000
30214  4.301  -51.684  63.256 0.1250000000
123310  6.090  -51.071  62.798 0.1250000000
30213  5.365  -51.186  63.123 0.1250000000
30204  4.830  -50.726  63.346 0.1250000000
30223  3.773  -51.798  62.428 0.2500000000
32194  6.071  -49.985  62.913 0.1250000000
31175  5.596  -50.389  63.098 0.1250000000
31198  3.986  -50.200  62.176 0.2500000000
30206  3.647  -50.680  63.122 0.1250000000
31161  5.311  -50.075  63.444 0.1250000000
30216  3.444  -51.172  62.891 0.2500000000
31189  3.584  -50.599  62.667 0.3750000000
31197  4.203  -50.745  61.601 0.3750000000
32230  4.191  -48.817  61.245 0.2500000000
31208  4.280  -49.743  61.472 0.2500000000
33270  4.465  -48.117  58.794 0.2500000000
117596  4.352  -48.780  59.050 0.2500000000
31162  4.563  -50.080  63.533 0.1250000000
32168  4.939  -49.032  64.696 0.1250000000
31163  4.051  -49.958  63.436 0.1250000000
30205  4.093  -50.819  63.288 0.1250000000
121187  5.096  -49.630  63.969 0.1250000000
31176  3.555  -49.810  62.966 0.3750000000
31160  5.590  -49.756  63.476 0.1250000000
32209  3.730  -49.663  62.505 0.3750000000
32181  5.870  -49.117  63.863 0.1250000000
32220  4.040  -49.246  61.903 0.3750000000
33238  3.996  -48.394  61.617 0.2500000000
34336  4.319  -47.935  60.542 0.2500000000
33250  4.337  -48.555  60.569 0.2500000000
33262  4.453  -48.346  59.799 0.2500000000
32237  4.467  -49.208  59.733 0.2500000000
34360  4.603  -47.457  58.912 0.3750000000
34369  4.709  -47.445  58.049 0.3750000000
32183  3.992  -49.127  63.831 0.2500000000
31150  4.524  -49.429  64.002 0.2500000000
31164  3.692  -49.697  63.280 0.2500000000
32167  5.279  -48.886  64.611 0.2500000000
32180  6.457  -48.515  64.037 0.1250000000
32165  6.024  -48.188  64.547 0.1250000000
115324  3.756  -47.902  62.011 0.3750000000
127120  4.161  -47.520  61.094 0.2500000000
33251  4.156  -48.111  61.100 0.2500000000
35424  4.681  -47.035  59.371 0.3750000000
34359  4.769  -47.050  58.607 0.3750000000
35453  4.964  -46.261  57.270 0.3750000000
114067  5.249  -46.082  58.111 0.3750000000
35438  4.865  -46.696  58.002 0.3750000000
36482  5.476  -45.665  57.262 0.3750000000
37477  5.276  -44.907  56.340 0.3750000000
32156  4.666  -48.260  65.116 0.3750000000
33174  4.334  -47.640  65.651 0.5000000000
33173  5.393  -47.749  66.079 0.3750000000
32155  5.156  -48.303  65.213 0.3750000000
33186  3.888  -47.918  64.852 0.5000000000
32169  4.292  -48.673  64.410 0.3750000000
32184  3.720  -48.910  63.736 0.5000000000
118478  5.621  -48.596  64.539 0.2500000000
33211  3.669  -48.418  63.638 0.5000000000
126455  3.978  -47.652  61.501 0.3750000000
129447  4.323  -47.438  60.609 0.2500000000
36475  5.184  -45.620  59.134 0.3750000000
35412  4.671  -46.316  59.780 0.3750000000
35411  4.994  -46.531  58.836 0.3750000000
37474  5.671  -44.088  57.122 0.3750000000
36478  5.927  -44.949  57.328 0.3750000000
116228  4.988  -47.956  66.028 0.3750000000
33175  3.454  -47.478  65.483 0.5000000000
33187  3.615  -47.844  64.900 0.5000000000
32154  5.468  -48.074  65.177 0.3750000000
33172  5.796  -47.585  66.125 0.3750000000
34288  3.667  -47.813  64.576 0.5000000000
33185  6.196  -47.589  65.214 0.3750000000
34299  3.660  -47.587  63.451 0.3750000000
34300  3.652  -46.662  63.042 0.3750000000
34312  3.658  -47.317  62.497 0.3750000000
35373  3.698  -46.575  62.227 0.3750000000
34324  3.740  -47.101  61.864 0.3750000000
36448  3.971  -45.823  61.854 0.3750000000
35383  3.868  -46.418  61.842 0.3750000000
33157  5.594  -46.979  66.946 0.3750000000
33158  5.228  -47.206  66.849 0.3750000000
33171  6.234  -47.409  66.098 0.3750000000
34289  3.667  -46.969  64.120 0.3750000000
35363  3.644  -45.973  63.065 0.3750000000
33159  4.798  -47.326  66.593 0.3750000000
34266  4.064  -47.067  66.182 0.5000000000
34248  7.064  -46.292  67.211 0.2500000000
33155  6.544  -46.587  66.869 0.3750000000
34279  3.502  -47.166  65.068 0.5000000000
34265  7.088  -46.547  66.428 0.2500000000
33145  5.675  -46.457  68.589 0.3750000000
117557  5.445  -46.766  67.830 0.3750000000
33144  6.029  -46.675  67.948 0.3750000000
33143  6.428  -46.578  67.883 0.3750000000
130884  6.869  -46.423  67.757 0.2500000000
34230  6.819  -46.326  68.548 0.3750000000
133640  7.810  -45.606  68.086 0.2500000000
34264  7.435  -45.916  66.943 0.2500000000
36352  8.775  -44.947  67.655 0.2500000000
35319  8.036  -45.525  66.600 0.2500000000
35318  8.586  -45.034  66.805 0.1250000000
129464  9.242  -44.393  66.628 0.2500000000
38377  10.634  -42.532  66.326 0.2500000000
37373  9.575  -43.764  66.329 0.2500000000
34208  7.169  -45.925  69.040 0.3750000000
35299  7.794  -45.618  68.662 0.3750000000
34229  7.380  -46.053  68.004 0.2500000000
36341  9.008  -45.039  68.522 0.3750000000
35298  8.334  -45.332  68.118 0.3750000000
35307  8.333  -45.194  67.300 0.3750000000
37360  9.572  -43.958  67.369 0.2500000000
37359  10.244  -43.288  67.933 0.2500000000
38367  10.813  -42.548  67.443 0.2500000000
37372  10.189  -43.227  66.893 0.2500000000
39400  12.279  -40.965  65.914 0.3750000000
38376  11.158  -42.031  65.813 0.2500000000
35289  8.487  -45.357  68.998 0.3750000000
38355  10.864  -42.808  68.469 0.5000000000
127074  11.876  -41.442  67.152 0.5000000000
131757  11.385  -41.878  67.475 0.3750000000
39384  11.746  -41.460  66.296 0.3750000000
38366  11.255  -41.977  66.730 0.2500000000
40330  12.849  -40.324  65.450 0.5000000000
36331  9.091  -44.916  69.320 0.3750000000
40313  13.070  -40.508  66.399 0.5000000000
40342  13.553  -39.514  64.816 0.5000000000
125646  29.845  -35.108  64.402 0.6250000000
44916  30.146  -34.525  64.713 0.5000000000
43846  28.879  -35.689  63.645 0.3750000000
40329  13.666  -39.652  65.883 0.5000000000
126133  14.238  -39.150  65.479 0.5000000000
46022  29.198  -34.095  64.273 0.5000000000
43866  28.282  -36.311  62.654 0.3750000000
43879  28.031  -36.783  62.189 0.1250000000
41162  15.294  -39.197  65.511 0.3750000000
40341  14.806  -39.439  64.621 0.3750000000
42830  28.191  -36.734  61.554 0.1250000000
43845  29.308  -35.909  64.044 0.5000000000
43854  29.001  -36.036  63.620 0.3750000000
43903  27.822  -36.309  60.542 0.1250000000
42861  28.438  -36.586  60.347 0.1250000000
43916  28.367  -36.532  59.883 0.1250000000
42829  28.464  -37.071  61.739 0.2500000000
42844  28.448  -36.473  60.922 0.1250000000
43932  28.318  -36.123  59.306 0.1250000000
39323  5.562  -42.472  71.897 0.6250000000
43824  31.139  -35.375  65.502 0.6250000000
129736  33.897  -36.094  63.214 0.2500000000
43949  28.236  -35.508  58.559 0.1250000000
50108  6.252  -32.023  60.574 0.6250000000
50107  6.877  -32.009  60.581 0.6250000000
38317  7.040  -42.924  72.827 0.7500000000
112790  6.069  -41.702  72.304 0.7500000000
39331  5.715  -41.957  71.006 0.7500000000
41938  6.303  -39.738  69.939 0.7500000000
41942  6.420  -38.972  69.328 0.7500000000
116072  4.473  -32.820  69.134 0.5000000000
48987  4.672  -32.424  68.849 0.5000000000
42784  29.517  -36.295  63.890 0.3750000000
42795  29.806  -36.800  63.632 0.3750000000
42796  29.080  -36.485  63.241 0.3750000000
50034  5.260  -32.176  68.346 0.5000000000
42772  32.145  -36.550  65.795 0.5000000000
114230  30.236  -37.267  63.301 0.3750000000
42828  28.830  -37.421  61.988 0.1250000000
131895  5.193  -32.262  67.592 0.5000000000
50040  5.745  -31.848  68.007 0.5000000000
51008  5.576  -31.554  66.566 0.5000000000
112709  30.925  -37.129  63.624 0.2500000000
130505  29.397  -37.291  61.637 0.1250000000
42876  29.046  -36.720  60.406 0.1250000000
49017  4.624  -32.614  65.419 0.6250000000
50047  5.224  -31.886  66.832 0.5000000000
51007  5.997  -31.263  66.354 0.5000000000
42810  32.063  -36.905  63.403 0.2500000000
42826  31.220  -37.442  62.163 0.2500000000
42875  29.329  -36.627  60.652 0.1250000000
42893  28.847  -36.646  59.885 0.1250000000
50057  4.948  -32.026  65.042 0.6250000000
50056  5.364  -31.822  65.793 0.5000000000
51019  5.642  -31.593  65.571 0.5000000000
51006  6.569  -31.133  66.377 0.5000000000
42891  29.787  -35.864  60.175 0.1250000000
42877  28.788  -36.722  60.226 0.1250000000
51018  5.940  -31.457  65.536 0.5000000000
42809  33.342  -36.431  63.422 0.2500000000
42907  29.739  -35.494  59.709 0.1250000000
50064  5.265  -31.734  64.696 0.7500000000
51030  5.392  -31.731  64.670 0.7500000000
51017  6.541  -31.315  65.728 0.6250000000
118041  36.218  -34.837  63.044 0.5000000000
50094  5.982  -31.811  61.393 0.7500000000
134691  7.697  -31.902  60.963 0.6250000000
50091  8.449  -31.761  61.813 0.6250000000
50106  8.786  -31.936  60.905 0.6250000000
50075  9.280  -31.458  62.290 0.6250000000
49045  8.296  -32.422  60.198 0.5000000000
39319  6.471  -41.588  72.648 0.7500000000
40268  6.017  -41.311  71.564 0.7500000000
123012  5.958  -41.455  71.981 0.7500000000
41125  6.147  -40.343  71.480 0.7500000000
41129  6.223  -40.294  70.613 0.7500000000
119200  5.903  -38.799  70.112 0.7500000000
43828  5.394  -36.349  67.317 0.7500000000
47979  4.515  -33.882  68.128 0.5000000000
48977  4.772  -32.499  69.625 0.5000000000
47993  4.573  -33.080  68.326 0.5000000000
50025  4.981  -32.086  69.306 0.5000000000
50017  5.071  -32.137  70.205 0.5000000000
130673  3.737  -34.214  66.733 0.5000000000
47994  4.246  -33.703  67.438 0.5000000000
124809  3.840  -34.459  66.142 0.6250000000
48007  4.087  -33.514  66.628 0.5000000000
48997  4.573  -32.999  67.351 0.5000000000
50992  6.035  -31.613  68.510 0.5000000000
124524  4.195  -33.902  65.631 0.6250000000
49008  4.927  -32.365  67.115 0.5000000000
51001  5.801  -31.382  67.171 0.5000000000
42860  28.848  -36.646  60.599 0.1250000000
48014  4.353  -33.331  65.750 0.6250000000
51000  6.413  -31.144  67.047 0.5000000000
42892  29.240  -36.227  59.772 0.1250000000
43931  28.806  -35.964  59.253 0.1250000000
117087  28.846  -35.123  58.498 0.1250000000
42908  29.365  -35.248  59.066 0.1250000000
132107  29.262  -35.192  58.324 0.1250000000
45051  28.329  -34.822  56.615 0.1250000000
50071  5.118  -31.706  64.117 0.7500000000
51029  5.869  -31.654  64.841 0.7500000000
51016  7.391  -31.171  65.756 0.6250000000
115975  29.670  -35.461  58.037 0.1250000000
43964  29.074  -34.951  57.541 0.1250000000
51042  5.393  -31.856  64.078 0.7500000000
51028  6.812  -31.621  64.948 0.7500000000
50070  5.799  -31.956  63.204 0.7500000000
51041  6.184  -32.148  64.016 0.7500000000
50079  5.730  -31.811  62.331 0.7500000000
135223  6.724  -32.147  63.539 0.7500000000
50078  6.157  -31.806  62.271 0.7500000000
130604  7.234  -32.093  63.107 0.7500000000
50068  8.054  -31.624  63.296 0.6250000000
117044  6.938  -31.932  62.337 0.7500000000
50077  7.808  -31.795  62.497 0.7500000000
50076  8.606  -31.495  62.709 0.7500000000
50093  6.740  -31.831  61.407 0.7500000000
50092  7.518  -31.808  61.795 0.7500000000
116612  9.383  -31.625  61.492 0.3750000000
39316  6.811  -42.393  72.773 0.7500000000
41121  5.990  -40.249  71.974 0.7500000000
126989  5.933  -39.546  71.398 0.7500000000
41930  4.906  -38.963  72.024 0.7500000000
42755  5.262  -38.303  70.671 0.7500000000
42751  4.860  -38.376  71.674 0.7500000000
42759  5.419  -37.905  69.752 0.7500000000
42760  4.703  -37.312  70.650 0.7500000000
115823  4.639  -35.908  71.018 0.5000000000
45974  4.769  -35.101  70.472 0.5000000000
46937  4.847  -34.237  71.867 0.5000000000
47948  4.706  -33.355  71.844 0.5000000000
43815  5.517  -37.395  68.824 0.7500000000
135082  5.139  -37.185  69.420 0.7500000000
116551  4.683  -36.103  70.304 0.5000000000
112060  4.962  -34.125  71.075 0.5000000000
43827  5.283  -37.000  68.072 0.7500000000
44900  4.784  -36.255  68.977 0.6250000000
46964  4.684  -34.826  69.650 0.5000000000
46951  4.669  -34.042  70.236 0.5000000000
47958  4.741  -33.234  70.800 0.5000000000
48953  4.685  -32.517  71.394 0.5000000000
44910  5.071  -36.126  68.101 0.6250000000
46010  4.855  -35.701  68.125 0.6250000000
46001  4.598  -35.122  68.162 0.5000000000
47978  4.469  -33.630  68.942 0.5000000000
48964  4.776  -32.532  70.478 0.5000000000
44911  4.816  -35.583  67.629 0.6250000000
46011  4.466  -35.301  67.464 0.6250000000
119346  3.875  -34.957  66.774 0.6250000000
50033  5.419  -31.820  68.947 0.5000000000
50982  6.361  -31.044  68.979 0.5000000000
50991  6.617  -31.370  68.017 0.5000000000
50990  7.162  -31.064  67.588 0.5000000000
50999  7.210  -31.076  66.793 0.5000000000
51874  7.915  -30.942  66.179 0.5000000000
51027  7.867  -31.464  65.002 0.6250000000
45069  29.027  -35.030  56.254 0.1250000000
51040  7.319  -31.829  64.041 0.6250000000
114720  8.360  -31.377  64.113 0.6250000000
124897  9.139  -31.019  64.128 0.6250000000
51039  8.849  -31.268  63.436 0.6250000000
128809  9.263  -31.218  62.941 0.5000000000
120548  10.005  -31.010  62.680 0.3750000000
43803  4.671  -37.270  70.465 0.6250000000
43807  4.675  -37.225  70.128 0.6250000000
44877  4.660  -36.792  70.666 0.5000000000
44889  4.654  -36.789  69.902 0.5000000000
49999  4.829  -31.999  71.948 0.5000000000
50016  5.165  -31.532  70.782 0.5000000000
50972  5.647  -31.193  70.383 0.5000000000
50983  5.828  -31.437  69.467 0.5000000000
51005  7.213  -31.012  66.246 0.5000000000
51015  8.296  -30.924  65.685 0.6250000000
51038  9.627  -30.892  63.562 0.5000000000
53660  37.625  -26.564  60.863 0.5000000000
54614  37.450  -26.304  59.354 0.5000000000
54613  37.688  -26.244  60.008 0.5000000000
54631  37.147  -26.260  58.631 0.3750000000
111899  37.437  -25.529  58.146 0.5000000000
54648  36.876  -25.238  57.409 0.2500000000
66023  48.787  -14.325  55.678 0.2500000000
66868  48.754  -13.328  55.372 0.3750000000
67692  50.231  -11.887  55.074 0.3750000000
68583  47.222  -11.006  48.806 0.6250000000
68602  46.706  -10.698  47.371 0.6250000000
68603  46.467  -11.263  47.708 0.6250000000
112896  38.058  -25.622  59.560 0.8750000000
54630  37.783  -25.591  58.794 0.6250000000
55613  37.807  -24.842  57.612 0.6250000000
55629  36.817  -24.874  56.605 0.5000000000
55638  36.477  -24.954  56.034 0.5000000000
56622  36.495  -24.147  54.613 0.5000000000
56635  36.363  -23.985  53.747 0.3750000000
69529  47.822  -10.254  49.029 0.6250000000
69540  47.977  -9.776  48.509 0.6250000000
69547  47.190  -10.188  47.627 0.6250000000
120294  46.425  -11.167  47.170 0.5000000000
68609  46.126  -11.378  46.810 0.2500000000
68610  45.710  -11.522  46.457 0.1250000000
68621  44.645  -11.691  45.493 0.1250000000
68632  43.639  -11.904  44.125 0.1250000000
69558  46.889  -10.134  47.049 0.5000000000
123067  43.201  -11.678  43.431 0.1250000000
59513  44.607  -21.450  53.347 0.6250000000
55628  37.442  -24.485  56.864 0.6250000000
55637  37.181  -24.441  56.097 0.5000000000
56621  37.303  -23.804  54.804 0.5000000000
55644  36.785  -24.301  55.470 0.5000000000
134725  39.148  -22.764  52.332 0.5000000000
112302  38.806  -23.134  52.841 0.5000000000
56651  37.803  -23.449  53.250 0.5000000000
56634  37.100  -23.748  53.940 0.5000000000
112301  38.687  -22.833  52.087 0.5000000000
112549  38.094  -23.250  52.399 0.5000000000
56670  37.166  -23.284  52.468 0.3750000000
122840  36.937  -23.569  53.274 0.3750000000
69557  47.507  -9.583  47.436 0.6250000000
68608  46.465  -10.804  46.860 0.5000000000
68619  46.048  -10.987  46.464 0.3750000000
68620  45.263  -11.136  46.013 0.2500000000
68630  44.717  -11.005  45.297 0.2500000000
68631  44.236  -11.331  44.601 0.1250000000
69570  46.399  -10.371  46.588 0.5000000000
69571  45.762  -10.443  46.190 0.3750000000
69579  44.616  -10.491  44.574 0.2500000000
133254  44.115  -10.705  44.182 0.1250000000
68639  43.618  -10.950  43.717 0.1250000000
135194  46.783  -9.825  46.654 0.3750000000
70548  45.544  -9.898  45.704 0.3750000000
69578  45.122  -10.452  45.487 0.2500000000
69587  43.957  -10.076  43.732 0.1250000000
68645  43.159  -11.146  42.749 0.1250000000
69594  43.594  -10.488  42.255 0.1250000000
70574  44.169  -10.045  41.845 0.1250000000
127241  39.500  -23.476  54.352 0.5000000000
56620  38.199  -23.801  54.835 0.5000000000
56610  37.681  -24.069  55.527 0.5000000000
56632  39.565  -23.231  53.511 0.5000000000
56633  38.673  -23.501  53.984 0.5000000000
114825  37.819  -23.656  54.149 0.5000000000
124159  47.221  -8.435  46.193 0.3750000000
71536  46.488  -8.673  45.715 0.3750000000
70554  45.767  -9.212  45.297 0.2500000000
70556  44.686  -9.832  44.027 0.2500000000
69588  43.562  -10.383  43.124 0.1250000000
72512  47.328  -7.417  45.627 0.3750000000
127555  46.918  -8.114  45.669 0.3750000000
71547  46.007  -8.326  44.468 0.3750000000
71548  45.426  -8.994  44.379 0.2500000000
70564  45.085  -9.327  43.761 0.2500000000
70565  44.576  -9.597  43.230 0.2500000000
71546  46.678  -7.828  44.940 0.3750000000
72528  46.397  -7.425  43.820 0.2500000000
71555  45.432  -8.538  43.589 0.1250000000
70572  45.214  -9.061  42.772 0.2500000000
70566  43.883  -9.901  42.883 0.1250000000
71554  45.959  -7.856  43.261 0.1250000000
70573  44.757  -9.717  42.295 0.1250000000
73444  47.484  -6.552  42.608 0.1250000000
72534  47.057  -7.011  42.192 0.1250000000
72535  46.508  -7.354  42.708 0.1250000000
71561  45.961  -7.748  42.295 0.1250000000
70581  45.211  -9.147  41.800 0.1250000000
74321  48.950  -5.354  42.542 0.2500000000
73434  48.015  -6.138  43.016 0.1250000000
72542  47.818  -6.868  40.941 0.1250000000
118436  39.014  -23.721  54.952 0.6250000000
56609  38.543  -24.019  55.600 0.6250000000
72510  48.668  -6.876  46.299 0.6250000000
72511  48.147  -7.355  46.244 0.3750000000
73418  48.051  -6.696  45.678 0.2500000000
72518  46.811  -6.840  44.389 0.2500000000
74295  49.364  -5.567  45.710 0.6250000000
73417  48.666  -6.185  45.722 0.5000000000
116223  48.264  -6.213  44.998 0.2500000000
73426  47.556  -6.464  44.779 0.2500000000
75128  50.780  -4.352  45.432 0.8750000000
74301  50.057  -4.890  45.044 0.7500000000
74303  48.710  -5.463  43.975 0.2500000000
73425  48.032  -5.777  44.042 0.2500000000
73435  47.282  -6.190  43.596 0.2500000000
75134  51.291  -3.807  44.951 0.7500000000
74310  49.853  -4.679  43.953 0.5000000000
74311  49.170  -5.165  43.449 0.3750000000
74312  48.508  -5.575  43.235 0.3750000000
73442  48.638  -5.788  41.876 0.1250000000
74322  48.415  -5.808  42.555 0.1250000000
35335  3.787  -46.377  64.794 0.5000000000
35349  3.760  -46.131  63.813 0.3750000000
131132  3.704  -46.152  62.528 0.5000000000
125103  6.492  -43.151  72.621 0.7500000000
132673  6.366  -42.376  72.559 0.7500000000
41133  6.595  -40.281  69.097 0.7500000000
122144  4.593  -44.825  55.457 0.3750000000
118507  15.657  -39.431  64.768 0.3750000000
49018  4.323  -32.934  64.820 0.6250000000
131177  30.765  -36.139  64.515 0.5000000000
42782  31.143  -36.520  64.388 0.3750000000
47017  26.806  -33.144  63.126 0.3750000000
120397  32.924  -36.540  64.482 0.2500000000
42808  34.078  -36.080  63.953 0.2500000000
56668  39.407  -22.487  51.978 0.5000000000
36430  3.846  -45.991  62.126 0.3750000000
121663  4.450  -46.948  60.276 0.3750000000
44920  4.552  -35.389  66.877 0.6250000000
42781  31.905  -36.451  64.776 0.2500000000
42793  31.595  -36.905  63.944 0.2500000000
113390  32.502  -36.609  62.908 0.2500000000
122097  4.847  -51.735  63.293 0.1250000000
30224  3.544  -51.353  62.693 0.2500000000
30231  3.790  -51.086  62.288 0.2500000000
30230  4.112  -51.636  61.670 0.2500000000
127339  6.334  -49.180  63.308 0.1250000000
32182  5.470  -49.359  64.020 0.1250000000
128915  3.491  -50.446  62.938 0.2500000000
34349  4.511  -47.639  59.795 0.2500000000
112925  3.589  -49.013  62.862 0.5000000000
116455  3.789  -48.757  62.257 0.3750000000
32170  3.789  -48.406  64.220 0.5000000000
32195  3.655  -49.070  63.462 0.5000000000
33224  3.666  -48.194  62.782 0.3750000000
33200  3.777  -48.392  64.122 0.5000000000
32166  5.807  -47.825  65.186 0.1250000000
33156  6.009  -46.788  66.954 0.3750000000
36351  9.027  -44.650  67.143 0.1250000000
37384  10.110  -43.156  65.858 0.2500000000
42812  29.502  -37.182  62.994 0.3750000000
38312  7.324  -42.325  72.902 0.7500000000
119584  5.992  -39.154  70.811 0.7500000000
47968  4.581  -33.187  69.828 0.5000000000
48996  4.964  -32.582  67.981 0.5000000000
42827  29.387  -37.416  62.277 0.2500000000
50041  5.482  -31.842  67.450 0.5000000000
112164  29.875  -37.323  61.774 0.1250000000
42811  31.434  -37.267  63.107 0.2500000000
112162  29.699  -36.990  61.240 0.1250000000
49009  4.573  -32.815  66.424 0.6250000000
42874  30.093  -36.460  60.641 0.1250000000
126071  5.327  -39.250  72.063 0.7500000000
41934  5.206  -38.772  71.541 0.7500000000
46991  4.226  -34.586  67.552 0.5000000000
50024  5.396  -31.801  69.885 0.5000000000
50069  6.352  -32.048  62.999 0.7500000000
41929  5.506  -39.449  71.909 0.7500000000
43799  4.783  -37.542  71.163 0.7500000000
45988  4.709  -35.780  69.677 0.5000000000
43816  5.141  -36.757  68.814 0.7500000000
46000  4.670  -35.449  68.918 0.5000000000
46977  4.594  -34.597  68.945 0.5000000000
50010  4.744  -31.895  71.069 0.5000000000
51026  8.755  -31.005  64.893 0.6250000000
68593  46.901  -10.784  47.996 0.6250000000
69541  47.463  -10.284  48.256 0.6250000000
70547  46.229  -9.685  46.203 0.3750000000
70555  45.204  -9.793  44.728 0.2500000000
56619  39.826  -23.629  55.111 0.6250000000
70546  47.001  -9.235  46.438 0.3750000000
126972  45.603  -8.302  42.800 0.1250000000
71562  45.511  -8.396  42.047 0.1250000000
72527  46.906  -6.892  43.158 0.1250000000
72533  47.622  -6.710  41.763 0.1250000000
73443  48.059  -6.264  42.198 0.1250000000
111949  49.127  -6.300  46.343 0.7500000000
73424  48.785  -5.829  44.801 0.2500000000
74302  49.331  -5.296  44.478 0.6250000000
75127  51.407  -3.860  45.667 0.6250000000
75135  50.635  -4.254  44.556 0.7500000000
75142  50.502  -4.291  43.435 0.5000000000
75141  51.169  -3.793  44.031 0.6250000000
36364  9.219  -44.386  65.838 0.1250000000
37394  10.312  -43.344  64.938 0.1250000000
37385  9.631  -43.793  65.361 0.1250000000
38386  10.769  -42.729  65.361 0.1250000000
36393  9.372  -44.147  63.505 0.1250000000
39416  12.179  -41.019  64.966 0.1250000000
38385  11.356  -42.351  64.922 0.1250000000
39432  12.226  -40.911  63.898 0.1250000000
39417  11.645  -41.647  64.459 0.1250000000
39401  11.715  -41.607  65.394 0.1250000000
41113  6.095  -39.957  73.096 0.6250000000
41117  5.873  -39.714  72.570 0.6250000000
41921  5.494  -38.723  72.924 0.6250000000
40253  7.193  -40.768  73.867 0.6250000000
40254  6.817  -40.746  73.399 0.6250000000
120515  16.774  -32.484  65.456 0.2500000000
48003  15.663  -33.234  66.139 0.2500000000
117680  14.988  -33.292  66.270 0.2500000000
41109  6.442  -39.923  73.497 0.6250000000
118030  16.100  -32.905  65.810 0.2500000000
49006  14.658  -32.696  66.173 0.2500000000
41908  6.312  -39.152  74.340 0.6250000000
50061  16.821  -31.367  64.372 0.2500000000
49015  15.851  -32.290  65.335 0.2500000000
49005  15.396  -32.802  65.808 0.2500000000
41915  5.768  -38.932  74.045 0.6250000000
51023  16.915  -30.673  63.957 0.2500000000
50062  16.203  -30.958  64.480 0.2500000000
50054  15.523  -31.317  65.056 0.2500000000
42723  5.603  -38.416  74.404 0.6250000000
42724  5.139  -38.396  73.706 0.6250000000
50063  15.766  -30.510  64.814 0.2500000000
50055  14.876  -31.136  65.869 0.2500000000
42747  4.916  -38.468  72.267 0.6250000000
43778  4.952  -37.655  72.840 0.5000000000
133951  16.703  -30.048  63.879 0.2500000000
51024  16.318  -30.084  64.371 0.2500000000
43790  4.859  -37.627  71.995 0.5000000000
44961  36.844  -34.141  62.732 0.3750000000
44973  36.189  -34.773  61.470 0.2500000000
46986  17.122  -34.481  67.853 0.2500000000
45996  15.536  -35.700  68.412 0.2500000000
44886  13.954  -37.020  69.371 0.5000000000
48001  17.028  -33.200  66.819 0.2500000000
47988  16.513  -33.880  67.217 0.2500000000
46973  15.740  -35.060  67.885 0.2500000000
46974  14.694  -35.269  67.926 0.2500000000
45997  14.492  -36.027  68.397 0.5000000000
45985  13.701  -36.545  68.681 0.5000000000
38311  7.757  -42.189  73.146 0.6250000000
50051  18.270  -31.886  65.209 0.2500000000
49004  17.472  -32.649  66.268 0.2500000000
46988  15.644  -34.321  67.239 0.2500000000
121666  13.859  -35.495  67.843 0.2500000000
125145  6.942  -39.343  75.209 0.6250000000
41102  7.075  -39.897  74.466 0.6250000000
49014  17.605  -32.319  65.520 0.2500000000
121145  16.716  -32.936  66.138 0.2500000000
47989  15.638  -33.666  66.682 0.2500000000
122764  13.799  -34.847  67.455 0.2500000000
46975  12.986  -35.146  67.653 0.5000000000
129165  7.696  -38.735  74.808 0.5000000000
129174  7.251  -38.461  75.159 0.6250000000
51011  18.634  -31.009  64.639 0.2500000000
50052  17.271  -31.976  64.821 0.2500000000
134258  13.165  -33.693  66.671 0.2500000000
45999  12.380  -35.478  68.068 0.5000000000
134865  11.976  -35.626  68.633 0.5000000000
132608  8.831  -36.984  73.679 0.5000000000
42712  7.552  -37.960  74.664 0.5000000000
42709  6.817  -38.246  75.164 0.6250000000
41907  6.622  -39.255  74.955 0.6250000000
51021  18.827  -30.102  64.239 0.2500000000
51022  17.893  -30.601  63.756 0.2500000000
50060  17.697  -31.502  64.080 0.2500000000
48005  13.225  -33.014  66.586 0.2500000000
46990  12.867  -34.319  67.009 0.3750000000
46962  11.900  -34.863  68.640 0.5000000000
46949  10.868  -34.831  69.759 0.5000000000
45961  10.073  -35.496  71.299 0.5000000000
45953  9.198  -35.810  72.601 0.5000000000
44834  8.641  -36.328  74.038 0.3750000000
42713  7.115  -37.918  74.841 0.5000000000
42710  6.552  -38.185  75.058 0.6250000000
52755  18.867  -28.507  63.258 0.1250000000
51034  18.045  -29.685  63.621 0.2500000000
47992  12.744  -33.402  66.830 0.2500000000
47977  12.226  -33.490  68.241 0.5000000000
46963  11.571  -34.346  69.390 0.5000000000
46950  10.589  -34.322  70.667 0.3750000000
46925  9.672  -35.071  72.059 0.5000000000
45945  8.990  -35.594  73.562 0.3750000000
43761  7.253  -37.134  74.577 0.3750000000
43762  6.880  -37.284  74.665 0.3750000000
43764  6.103  -37.835  74.967 0.3750000000
129487  19.204  -27.453  63.080 0.1250000000
52765  17.869  -28.492  63.013 0.1250000000
50045  14.327  -31.884  66.335 0.2500000000
49007  13.545  -32.245  66.746 0.2500000000
123873  12.485  -32.936  67.499 0.3750000000
47957  11.179  -33.887  70.175 0.5000000000
46926  9.309  -34.879  73.057 0.3750000000
44830  7.608  -36.360  74.627 0.3750000000
127585  5.799  -37.368  74.747 0.3750000000
53620  18.282  -27.804  62.793 0.1250000000
51886  17.301  -29.059  63.467 0.2500000000
50046  13.785  -31.505  66.814 0.2500000000
44829  7.449  -36.008  74.731 0.3750000000
44857  4.967  -36.669  72.535 0.3750000000
52776  17.600  -27.866  62.873 0.1250000000
51036  16.635  -29.485  63.893 0.1250000000
51012  15.354  -30.319  65.582 0.1250000000
44867  4.812  -36.738  71.523 0.3750000000
52766  17.132  -28.222  63.293 0.1250000000
44972  36.783  -34.451  61.913 0.2500000000
46922  20.533  -34.507  72.699 0.2500000000
46933  19.637  -34.536  71.678 0.2500000000
46924  19.215  -35.145  71.805 0.2500000000
45951  18.695  -35.716  71.778 0.2500000000
115697  17.681  -36.576  71.421 0.3750000000
130772  15.052  -38.147  71.483 0.5000000000
46946  19.427  -34.383  71.192 0.2500000000
46934  19.017  -34.883  71.399 0.2500000000
45958  18.231  -35.756  71.235 0.2500000000
45952  17.989  -36.221  71.324 0.2500000000
44860  17.224  -36.738  70.815 0.3750000000
112235  16.574  -37.137  70.735 0.3750000000
43783  15.330  -37.759  71.196 0.5000000000
46947  18.822  -34.596  70.742 0.2500000000
46948  18.107  -35.097  70.416 0.2500000000
45969  17.230  -36.049  70.258 0.2500000000
45960  16.741  -36.535  70.402 0.2500000000
44861  16.219  -37.051  70.554 0.3750000000
42743  13.752  -38.035  72.250 0.5000000000
41911  11.635  -39.959  73.047 0.5000000000
41105  11.088  -40.635  74.076 0.6250000000
39307  9.556  -42.227  74.112 0.6250000000
126581  19.575  -32.715  69.101 0.2500000000
47964  18.703  -33.763  69.412 0.2500000000
45983  17.020  -35.686  69.595 0.2500000000
44871  15.750  -36.858  70.183 0.2500000000
44862  15.091  -37.470  70.696 0.5000000000
43794  14.254  -37.996  71.161 0.5000000000
42744  12.969  -38.368  72.173 0.5000000000
42732  12.228  -39.385  72.187 0.5000000000
40251  10.279  -41.197  74.228 0.6250000000
39300  9.695  -41.732  74.266 0.6250000000
120985  8.864  -42.781  73.540 0.6250000000
48984  19.442  -32.498  68.510 0.2500000000
47975  18.461  -33.568  68.606 0.2500000000
47965  17.998  -34.201  69.081 0.2500000000
46960  16.832  -35.185  68.969 0.2500000000
45984  16.221  -35.694  69.093 0.2500000000
44872  15.467  -36.739  69.600 0.3750000000
44863  14.274  -37.814  70.558 0.5000000000
42718  11.551  -39.686  72.909 0.5000000000
41903  10.950  -40.054  74.024 0.6250000000
40252  9.303  -41.212  74.390 0.6250000000
38305  8.357  -42.129  73.465 0.6250000000
48993  19.310  -32.312  67.781 0.2500000000
47986  18.281  -33.406  67.786 0.2500000000
46972  16.682  -35.045  68.229 0.2500000000
45971  15.515  -36.254  69.024 0.2500000000
128725  14.695  -36.725  69.115 0.3750000000
44873  13.555  -37.633  69.940 0.5000000000
43795  13.353  -38.045  70.913 0.5000000000
43786  12.620  -38.226  71.616 0.5000000000
42733  11.268  -39.141  72.666 0.5000000000
42719  10.890  -39.416  73.317 0.5000000000
125835  9.984  -40.110  73.844 0.6250000000
41106  9.652  -40.629  74.242 0.6250000000
40246  8.462  -41.457  74.273 0.6250000000
39303  8.162  -41.685  73.865 0.6250000000
50043  19.520  -31.446  66.602 0.2500000000
50044  18.769  -31.911  66.244 0.2500000000
48995  17.904  -33.030  67.063 0.2500000000
47987  17.474  -33.708  67.507 0.2500000000
43801  12.687  -37.713  70.362 0.5000000000
43796  12.259  -37.919  70.956 0.5000000000
42746  10.900  -38.377  72.277 0.5000000000
42734  10.363  -38.869  72.934 0.5000000000
41914  9.385  -39.434  73.897 0.5000000000
41905  8.210  -39.563  74.559 0.6250000000
119214  8.184  -40.674  74.484 0.6250000000
40247  7.934  -41.136  74.311 0.6250000000
50050  19.208  -31.292  65.638 0.2500000000
49013  18.089  -32.251  66.024 0.2500000000
44887  13.048  -36.931  69.130 0.5000000000
43802  11.849  -37.441  70.377 0.5000000000
43797  11.365  -37.524  71.056 0.5000000000
43788  10.118  -37.770  72.177 0.5000000000
43776  9.839  -38.152  72.676 0.5000000000
42721  8.835  -38.498  73.816 0.5000000000
41101  7.524  -40.005  74.577 0.6250000000
51010  19.631  -30.511  65.042 0.2500000000
45986  12.676  -36.268  68.466 0.5000000000
44874  12.392  -37.285  69.701 0.5000000000
44865  10.508  -36.858  71.138 0.5000000000
43777  9.170  -37.578  73.291 0.5000000000
42722  8.117  -37.936  74.374 0.5000000000
51876  20.045  -29.792  64.359 0.2500000000
135015  19.509  -28.804  63.658 0.2500000000
44888  11.939  -36.347  69.110 0.5000000000
45972  10.971  -35.834  69.641 0.5000000000
43789  9.508  -37.344  72.573 0.5000000000
44845  9.022  -36.631  73.174 0.5000000000
53613  19.809  -28.229  63.640 0.1250000000
45987  11.565  -35.254  69.187 0.5000000000
120245  10.257  -36.076  70.971 0.5000000000
44866  9.693  -36.162  71.657 0.5000000000
53612  20.081  -27.318  63.749 0.1250000000
134596  10.840  -33.494  70.886 0.3750000000
46936  10.259  -34.726  71.373 0.3750000000
125148  9.833  -34.397  72.712 0.3750000000
50961  34.324  -30.961  70.627 0.5000000000
48940  34.232  -31.717  70.670 0.5000000000
48975  12.090  -33.033  69.190 0.3750000000
46917  9.458  -34.758  73.949 0.3750000000
45937  8.800  -35.320  74.277 0.3750000000
121536  6.493  -36.533  74.679 0.3750000000
116187  5.896  -36.747  74.614 0.3750000000
50977  34.945  -30.485  68.543 0.5000000000
54552  19.648  -26.509  63.180 0.1250000000
50032  12.657  -31.970  67.735 0.3750000000
48963  11.388  -32.936  70.629 0.3750000000
47947  10.623  -33.764  71.713 0.3750000000
46909  9.251  -34.576  74.653 0.3750000000
45932  7.185  -36.064  74.782 0.3750000000
44846  5.444  -36.381  74.084 0.3750000000
50987  37.192  -30.156  67.425 0.3750000000
51830  36.051  -29.680  67.990 0.3750000000
50021  35.170  -31.306  68.402 0.6250000000
55535  19.960  -25.665  63.268 0.1250000000
53629  18.476  -27.091  62.708 0.1250000000
50998  13.675  -30.827  67.273 0.1250000000
48976  11.802  -32.649  69.960 0.3750000000
125430  11.556  -32.375  71.352 0.3750000000
47933  11.024  -32.996  72.438 0.3750000000
46916  9.975  -34.249  73.546 0.3750000000
45947  5.228  -36.075  73.277 0.3750000000
50976  36.060  -30.722  67.785 0.6250000000
127764  35.484  -31.866  67.857 0.6250000000
56514  19.674  -24.884  62.563 0.1250000000
55550  19.306  -25.653  62.529 0.1250000000
54566  17.757  -27.106  62.669 0.1250000000
52767  16.514  -28.544  63.919 0.1250000000
51879  15.813  -29.727  65.126 0.1250000000
51013  14.841  -30.277  66.344 0.1250000000
126049  14.250  -30.919  66.550 0.1250000000
50975  38.392  -30.260  67.352 0.6250000000
115261  37.175  -31.043  67.440 0.5000000000
50020  36.328  -31.868  67.523 0.6250000000
54564  18.945  -26.486  62.631 0.1250000000
54565  18.276  -26.495  62.575 0.1250000000
50974  39.148  -30.313  67.967 0.6250000000
50019  38.234  -30.558  66.976 0.6250000000
115539  37.470  -31.561  67.179 0.5000000000
50018  38.937  -30.495  67.299 0.5000000000
48965  38.325  -31.083  66.738 0.5000000000
50973  39.972  -29.849  68.510 0.5000000000
50027  39.585  -30.279  67.790 0.6250000000
47918  21.447  -34.213  73.320 0.2500000000
47931  20.863  -33.596  72.514 0.2500000000
47932  20.249  -34.065  72.041 0.2500000000
47917  21.897  -33.185  73.448 0.2500000000
47930  21.429  -33.221  72.825 0.2500000000
47944  20.726  -33.207  71.852 0.2500000000
47945  20.023  -33.724  71.334 0.2500000000
47955  19.467  -33.890  70.637 0.2500000000
48949  20.695  -32.798  71.108 0.2500000000
48950  20.037  -33.111  70.495 0.2500000000
47956  18.931  -33.993  70.132 0.2500000000
50029  20.344  -31.455  68.677 0.2500000000
129683  20.212  -31.167  67.929 0.2500000000
50030  19.845  -31.877  68.201 0.2500000000
125594  20.549  -30.414  67.668 0.2500000000
50037  19.724  -31.669  67.434 0.2500000000
50995  20.514  -30.140  66.847 0.2500000000
50038  19.139  -32.154  66.982 0.2500000000
51861  20.537  -29.813  66.166 0.2500000000
117480  19.996  -30.580  66.143 0.2500000000
51869  20.582  -29.093  65.852 0.2500000000
51870  20.327  -29.822  65.415 0.2500000000
132203  20.605  -27.742  65.320 0.2500000000
52743  20.613  -28.287  65.517 0.2500000000
52744  20.326  -28.914  65.041 0.2500000000
53604  20.638  -27.134  65.204 0.1250000000
119779  20.414  -27.039  64.492 0.2500000000
52753  20.355  -27.921  64.683 0.2500000000
49990  34.971  -30.970  72.081 0.6250000000
54542  20.689  -26.402  64.696 0.1250000000
50951  34.307  -30.200  71.240 0.5000000000
50001  34.290  -31.236  71.329 0.5000000000
54551  20.330  -26.463  63.876 0.1250000000
45934  6.087  -35.804  74.496 0.3750000000
45946  5.544  -35.385  73.957 0.3750000000
123851  34.608  -29.008  69.335 0.3750000000
116373  34.567  -30.349  69.899 0.3750000000
55525  20.771  -25.658  64.038 0.1250000000
46908  10.010  -34.120  74.319 0.3750000000
45930  8.479  -35.084  74.880 0.3750000000
45933  6.798  -35.961  74.788 0.3750000000
118322  37.377  -28.525  67.629 0.3750000000
52702  36.480  -28.455  67.721 0.3750000000
51831  35.314  -28.810  68.476 0.3750000000
122557  20.278  -24.988  63.368 0.1250000000
121714  13.208  -31.248  67.746 0.2500000000
111710  12.624  -31.764  68.694 0.2500000000
48962  11.935  -31.986  70.682 0.2500000000
47946  11.138  -32.968  71.549 0.3750000000
47934  10.368  -33.700  72.821 0.3750000000
128232  5.130  -35.759  72.527 0.3750000000
51845  37.251  -29.275  67.489 0.3750000000
122530  17.115  -27.482  63.101 0.1250000000
112040  5.000  -34.949  72.212 0.3750000000
127660  38.158  -29.779  67.541 0.3750000000
56526  19.098  -24.848  62.181 0.1250000000
55551  18.522  -25.643  62.403 0.1250000000
51878  16.217  -29.155  64.657 0.1250000000
52745  16.123  -28.388  64.836 0.1250000000
51829  39.316  -29.881  68.343 0.3750000000
50986  40.275  -29.917  68.182 0.5000000000
111643  22.821  -33.387  74.031 0.2500000000
48921  21.721  -32.453  72.789 0.2500000000
50006  21.688  -31.391  71.605 0.2500000000
50007  21.298  -31.940  70.890 0.2500000000
48961  20.609  -32.285  70.282 0.2500000000
50013  21.586  -30.968  70.833 0.2500000000
48973  20.053  -32.596  69.630 0.2500000000
50978  21.577  -30.461  69.879 0.2500000000
50979  20.844  -30.983  69.230 0.2500000000
51832  21.672  -29.579  69.470 0.2500000000
51833  21.155  -30.172  68.976 0.2500000000
50988  20.612  -30.657  68.472 0.2500000000
125781  21.614  -28.831  69.297 0.2500000000
51853  21.448  -29.123  67.902 0.2500000000
51860  20.772  -29.314  66.604 0.2500000000
52715  21.579  -28.511  68.662 0.2500000000
121052  21.139  -28.765  67.096 0.2500000000
112783  21.530  -28.096  67.738 0.2500000000
52723  21.202  -27.877  66.759 0.2500000000
54526  21.711  -26.445  66.864 0.1250000000
53585  21.423  -27.167  67.301 0.2500000000
53603  21.189  -26.983  65.715 0.2500000000
53595  21.037  -27.701  65.816 0.2500000000
55504  22.201  -25.788  66.321 0.1250000000
56486  22.299  -25.174  65.924 0.1250000000
54534  21.585  -26.426  65.972 0.1250000000
54535  21.094  -26.382  65.338 0.1250000000
127627  35.352  -29.996  71.870 0.5000000000
56495  21.976  -24.902  65.283 0.1250000000
55512  21.611  -25.632  65.473 0.1250000000
55513  21.066  -25.828  64.889 0.1250000000
46910  5.799  -34.485  74.471 0.3750000000
56505  21.012  -24.797  63.828 0.1250000000
46902  8.261  -34.940  75.180 0.3750000000
124211  6.269  -34.977  74.662 0.3750000000
56485  22.809  -24.529  65.904 0.1250000000
50031  13.037  -31.175  68.464 0.2500000000
47920  10.493  -33.600  73.859 0.3750000000
45954  5.518  -35.057  72.946 0.3750000000
57500  23.094  -23.777  65.456 0.1250000000
56494  22.490  -24.279  65.015 0.1250000000
57528  20.917  -23.297  62.909 0.1250000000
56525  19.536  -24.138  62.353 0.1250000000
117026  15.526  -29.502  65.829 0.1250000000
50997  14.289  -30.092  67.018 0.1250000000
52710  39.262  -28.310  68.580 0.2500000000
57527  21.968  -23.273  63.353 0.1250000000
56513  20.361  -24.167  62.956 0.1250000000
54553  17.129  -26.634  62.963 0.1250000000
53621  16.662  -27.808  63.606 0.1250000000
51871  15.732  -28.753  65.641 0.1250000000
52701  40.207  -28.460  69.069 0.2500000000
51841  41.143  -29.371  68.946 0.2500000000
51828  40.217  -29.666  68.962 0.3750000000
50985  40.786  -29.703  68.233 0.3750000000
51842  40.602  -29.726  68.868 0.3750000000
50984  41.063  -29.752  67.775 0.3750000000
128238  40.527  -30.316  67.519 0.3750000000
48908  22.777  -32.312  73.747 0.1250000000
49987  21.965  -31.736  72.775 0.2500000000
49997  21.763  -31.775  72.277 0.2500000000
50963  22.027  -30.525  71.552 0.2500000000
133880  22.125  -29.736  70.088 0.2500000000
126573  22.047  -30.155  70.765 0.2500000000
51815  22.297  -29.711  71.482 0.2500000000
52704  22.066  -28.873  69.980 0.2500000000
53558  21.850  -28.049  69.489 0.2500000000
124501  21.785  -27.270  67.979 0.2500000000
53575  21.837  -27.660  68.639 0.2500000000
54519  22.037  -26.570  67.704 0.2500000000
54511  22.223  -26.810  68.539 0.2500000000
55494  22.415  -25.772  67.274 0.1250000000
119078  22.783  -24.936  67.799 0.1250000000
47898  10.317  -33.102  76.131 0.2500000000
47899  9.516  -33.282  76.072 0.2500000000
55503  22.628  -24.864  66.847 0.1250000000
47903  10.401  -33.356  75.490 0.2500000000
47904  9.696  -33.708  75.681 0.3750000000
47900  8.655  -33.465  75.893 0.2500000000
47905  6.899  -33.636  74.890 0.3750000000
48952  11.503  -32.326  72.110 0.2500000000
47919  10.871  -32.876  73.343 0.2500000000
46900  9.816  -33.922  75.058 0.3750000000
46898  8.235  -34.392  75.518 0.3750000000
47912  6.134  -33.598  74.366 0.3750000000
113638  23.100  -24.285  66.779 0.1250000000
55536  17.238  -25.643  62.967 0.1250000000
55537  16.587  -26.224  63.532 0.1250000000
51856  13.848  -29.994  67.658 0.1250000000
50023  12.741  -31.131  69.373 0.2500000000
113893  12.485  -31.184  70.282 0.2500000000
46918  5.710  -34.326  73.630 0.3750000000
47922  4.665  -33.127  73.203 0.3750000000
113996  18.884  -24.076  62.287 0.1250000000
55552  17.773  -26.139  62.618 0.1250000000
51004  15.218  -29.725  66.212 0.1250000000
46919  5.576  -33.625  73.438 0.3750000000
46927  4.981  -33.822  72.768 0.3750000000
57539  20.093  -23.368  62.481 0.1250000000
54554  16.584  -27.085  63.571 0.1250000000
53546  40.736  -27.852  69.177 0.2500000000
58441  21.345  -22.547  62.795 0.1250000000
117014  41.288  -28.152  69.216 0.2500000000
114884  41.528  -28.779  68.850 0.3750000000
51852  41.423  -29.290  67.697 0.3750000000
50946  22.109  -31.036  72.623 0.2500000000
49986  22.409  -31.334  73.107 0.2500000000
50955  22.285  -30.238  72.667 0.2500000000
50956  22.054  -30.828  72.195 0.2500000000
51821  22.202  -29.282  70.785 0.2500000000
122738  15.358  -25.327  69.376 0.1250000000
131066  15.127  -25.770  70.182 0.1250000000
129658  14.982  -26.224  71.073 0.1250000000
130118  14.734  -27.069  71.012 0.1250000000
56464  15.673  -24.857  68.670 0.1250000000
127996  15.476  -26.241  69.457 0.1250000000
54487  15.184  -26.586  70.201 0.1250000000
55486  16.073  -25.158  68.021 0.1250000000
55487  15.682  -25.862  68.602 0.1250000000
56477  16.412  -24.479  67.584 0.1250000000
56487  16.772  -24.002  66.156 0.1250000000
55496  15.524  -25.738  67.597 0.1250000000
54512  15.522  -26.678  68.905 0.1250000000
54496  15.366  -26.809  69.552 0.1250000000
54510  22.546  -26.147  69.308 0.2500000000
55495  16.037  -25.113  67.171 0.1250000000
54520  15.210  -26.519  67.958 0.1250000000
53576  15.109  -27.099  68.413 0.1250000000
54518  22.561  -25.742  68.360 0.1250000000
57501  17.140  -23.459  65.631 0.1250000000
55505  16.087  -25.219  66.262 0.1250000000
55515  15.434  -26.298  66.226 0.1250000000
48901  11.559  -32.327  75.446 0.1250000000
48896  10.781  -32.405  76.446 0.2500000000
48897  10.018  -32.496  76.432 0.2500000000
55475  22.967  -25.408  69.176 0.1250000000
130617  17.918  -22.250  64.574 0.1250000000
122008  17.555  -22.921  64.953 0.1250000000
56496  16.852  -24.109  65.157 0.1250000000
132320  15.723  -25.821  65.918 0.1250000000
48923  11.386  -32.182  73.718 0.1250000000
48910  11.502  -32.286  74.521 0.1250000000
58430  17.917  -22.698  63.933 0.1250000000
57515  17.613  -23.472  64.067 0.1250000000
56506  16.631  -24.898  64.552 0.1250000000
54536  15.750  -26.570  65.200 0.1250000000
51835  13.625  -29.569  69.533 0.1250000000
129694  13.331  -30.034  69.769 0.1250000000
50015  12.504  -31.224  71.267 0.1250000000
48922  12.176  -31.763  73.317 0.1250000000
47902  10.977  -32.891  75.059 0.2500000000
48903  7.186  -32.906  75.318 0.2500000000
57529  18.079  -23.325  63.182 0.1250000000
112451  17.509  -24.034  63.192 0.1250000000
133800  16.677  -25.451  63.701 0.1250000000
54543  16.096  -26.663  64.109 0.1250000000
132023  15.737  -27.763  65.400 0.1250000000
52733  15.113  -28.356  66.474 0.1250000000
52734  14.746  -28.711  67.000 0.1250000000
50980  13.349  -30.390  69.115 0.1250000000
50981  12.923  -30.440  69.966 0.1250000000
48951  11.914  -31.735  71.698 0.2500000000
48936  11.505  -32.313  72.923 0.1250000000
47910  10.850  -32.804  74.187 0.2500000000
47913  5.906  -33.721  73.961 0.3750000000
129762  18.960  -22.395  62.776 0.1250000000
56515  17.631  -24.731  62.711 0.1250000000
53614  16.160  -27.586  64.356 0.1250000000
51863  14.765  -29.486  66.734 0.1250000000
47921  5.608  -33.272  73.498 0.3750000000
57540  19.405  -23.391  62.455 0.1250000000
57542  18.128  -24.002  62.603 0.1250000000
51862  15.237  -29.065  66.345 0.1250000000
48924  4.950  -32.606  73.242 0.3750000000
58454  19.936  -22.657  62.488 0.1250000000
47935  4.268  -32.909  72.941 0.3750000000
54489  40.569  -26.973  68.996 0.2500000000
53545  41.296  -27.324  69.142 0.2500000000
53564  41.771  -27.621  68.511 0.2500000000
52708  41.721  -28.299  68.470 0.2500000000
117066  41.730  -28.026  67.841 0.2500000000
127202  41.611  -28.898  67.182 0.2500000000
49972  23.688  -31.078  73.579 0.1250000000
50932  22.654  -30.334  73.282 0.2500000000
134520  14.305  -24.347  72.944 0.1250000000
56411  14.189  -24.665  73.638 0.1250000000
55438  13.898  -25.043  74.317 0.1250000000
55431  13.626  -25.531  74.716 0.1250000000
49973  22.958  -31.185  73.521 0.2500000000
133010  22.318  -30.482  72.918 0.2500000000
126883  14.355  -24.667  71.936 0.1250000000
55446  14.472  -25.240  72.842 0.1250000000
55437  14.130  -25.776  73.711 0.1250000000
128828  13.785  -25.880  74.520 0.1250000000
54453  14.014  -26.532  75.029 0.1250000000
54446  13.950  -26.804  75.311 0.1250000000
53486  13.823  -27.220  75.497 0.1250000000
121871  22.502  -29.734  73.129 0.2500000000
56435  14.980  -25.279  71.079 0.1250000000
55451  14.769  -25.795  71.949 0.1250000000
54468  14.545  -26.319  72.788 0.1250000000
134160  14.159  -26.710  73.468 0.1250000000
54452  13.774  -26.580  74.228 0.1250000000
131182  14.015  -27.335  75.174 0.1250000000
51808  22.347  -30.016  72.140 0.2500000000
130581  13.808  -27.238  73.776 0.1250000000
53487  13.016  -26.908  75.674 0.1250000000
52696  22.259  -28.409  70.816 0.2500000000
54476  14.936  -26.778  71.976 0.1250000000
116155  14.426  -27.315  72.801 0.1250000000
54461  13.989  -27.140  74.740 0.1250000000
52657  13.634  -27.927  75.247 0.1250000000
52658  13.179  -27.816  75.531 0.1250000000
133855  22.117  -28.062  70.228 0.2500000000
52689  22.354  -28.836  71.509 0.2500000000
53532  14.618  -27.429  71.985 0.1250000000
53521  13.826  -27.864  73.350 0.1250000000
53507  13.762  -27.719  74.302 0.1250000000
51773  13.552  -28.758  75.123 0.1250000000
52652  12.905  -28.491  75.585 0.1250000000
130480  22.207  -27.390  70.096 0.2500000000
53542  22.351  -27.598  70.771 0.2500000000
118369  14.422  -27.869  71.474 0.1250000000
52685  13.614  -28.365  73.096 0.1250000000
52680  13.674  -28.345  73.801 0.1250000000
51787  13.628  -29.031  74.691 0.1250000000
54497  15.125  -27.214  69.994 0.1250000000
51822  14.314  -28.446  70.867 0.1250000000
115282  13.659  -28.466  72.599 0.1250000000
120268  13.493  -28.895  73.397 0.1250000000
50933  13.518  -29.718  74.350 0.1250000000
51774  13.129  -29.386  75.450 0.1250000000
50915  12.421  -30.021  75.971 0.1250000000
53557  22.238  -27.144  69.343 0.2500000000
53560  14.815  -27.690  69.507 0.1250000000
53543  14.617  -27.730  70.455 0.1250000000
52691  13.957  -28.452  71.877 0.1250000000
126605  13.399  -29.412  73.084 0.1250000000
50947  13.467  -29.773  73.609 0.1250000000
50921  13.462  -29.586  74.978 0.1250000000
49958  12.294  -30.865  75.992 0.1250000000
119603  10.936  -30.938  76.722 0.2500000000
132817  14.934  -27.008  67.861 0.1250000000
53577  14.828  -27.637  68.628 0.1250000000
52705  14.383  -28.295  69.860 0.1250000000
51816  13.500  -28.985  72.180 0.1250000000
49974  12.759  -31.185  74.370 0.1250000000
49964  12.590  -31.045  75.147 0.1250000000
49959  11.629  -31.372  76.491 0.2500000000
49961  9.485  -31.646  76.503 0.2500000000
53596  14.964  -27.663  66.809 0.1250000000
53586  14.775  -27.501  67.724 0.1250000000
52716  14.557  -28.274  68.931 0.1250000000
51834  13.903  -28.951  70.184 0.1250000000
50964  13.404  -29.801  71.537 0.1250000000
50957  13.323  -29.742  72.458 0.1250000000
122626  13.233  -30.673  73.435 0.1250000000
48895  11.386  -32.127  76.280 0.1250000000
115462  11.088  -31.772  76.613 0.2500000000
48898  8.976  -32.447  76.280 0.2500000000
121208  15.207  -27.067  66.260 0.1250000000
52724  14.811  -28.076  67.163 0.1250000000
52725  14.544  -28.294  67.909 0.1250000000
51847  14.158  -28.925  69.235 0.1250000000
50969  13.450  -29.780  70.439 0.1250000000
50965  12.906  -30.488  71.834 0.1250000000
122519  13.030  -30.593  72.480 0.1250000000
49988  12.836  -31.272  73.670 0.1250000000
48900  12.181  -31.782  74.862 0.1250000000
48899  7.943  -32.575  75.758 0.2500000000
53605  15.308  -27.946  66.089 0.1250000000
51848  13.836  -29.601  68.504 0.1250000000
50970  13.078  -30.593  70.907 0.1250000000
50008  12.489  -31.143  72.145 0.1250000000
48935  12.041  -31.728  72.541 0.1250000000
48904  6.556  -32.694  74.702 0.3750000000
122703  14.325  -28.871  68.439 0.1250000000
48911  6.026  -32.438  74.119 0.3750000000
48912  5.735  -32.498  73.654 0.3750000000
112475  4.642  -32.564  72.215 0.3750000000
54502  41.417  -26.734  68.855 0.2500000000
125249  41.711  -27.096  68.623 0.2500000000
51851  6.990  -30.751  68.468 0.3750000000
53563  41.748  -27.575  67.797 0.2500000000
118939  41.951  -27.702  67.188 0.2500000000
111782  8.126  -29.919  68.070 0.3750000000
134401  7.524  -30.559  68.031 0.3750000000
52719  41.858  -28.330  67.005 0.2500000000
51867  41.978  -28.956  66.090 0.2500000000
51858  7.769  -30.636  67.372 0.3750000000
121535  13.441  -25.938  75.127 0.1250000000
51799  22.747  -28.846  73.381 0.2500000000
51807  22.488  -29.271  72.735 0.2500000000
52684  22.732  -28.306  72.979 0.2500000000
52688  22.512  -28.513  72.263 0.2500000000
51814  22.441  -29.284  72.044 0.2500000000
53520  22.715  -27.707  72.449 0.2500000000
52695  22.450  -27.834  71.601 0.2500000000
51768  12.499  -29.136  75.829 0.1250000000
54475  22.972  -26.412  71.419 0.2500000000
53531  22.893  -27.028  71.895 0.2500000000
117457  22.589  -26.922  71.235 0.2500000000
130585  11.900  -29.843  76.475 0.2500000000
50917  10.110  -30.021  76.690 0.2500000000
53541  22.456  -26.895  70.626 0.2500000000
117550  11.790  -30.547  76.581 0.1250000000
50916  11.220  -29.970  76.766 0.2500000000
55462  22.923  -25.733  70.070 0.2500000000
54495  22.480  -26.516  70.088 0.2500000000
118515  9.868  -30.897  76.555 0.2500000000
132415  8.265  -32.017  76.091 0.2500000000
122972  7.063  -32.059  75.129 0.2500000000
49967  6.481  -31.741  74.500 0.3750000000
48938  4.711  -32.208  72.755 0.3750000000
51837  7.672  -30.017  69.496 0.3750000000
51825  7.419  -30.144  70.283 0.3750000000
131652  41.179  -26.332  68.226 0.1250000000
51849  8.239  -29.730  69.033 0.3750000000
51838  6.912  -30.423  69.468 0.3750000000
50971  6.189  -30.843  69.909 0.3750000000
50009  5.181  -31.497  71.684 0.3750000000
54500  41.946  -26.023  67.420 0.1250000000
54514  42.198  -26.361  66.793 0.2500000000
52707  8.835  -29.142  69.423 0.3750000000
51850  7.572  -30.217  68.777 0.3750000000
135192  41.976  -27.185  67.297 0.2500000000
116093  42.164  -27.772  66.331 0.2500000000
118557  41.795  -27.786  65.720 0.2500000000
116873  8.368  -30.210  67.310 0.3750000000
51866  8.085  -30.786  66.676 0.3750000000
50930  24.220  -30.192  73.855 0.2500000000
50931  23.279  -30.199  73.610 0.2500000000
51785  23.762  -29.335  73.828 0.2500000000
51786  22.901  -29.427  73.576 0.2500000000
51798  23.316  -28.632  73.716 0.2500000000
52679  23.071  -28.085  73.464 0.2500000000
53506  22.990  -27.697  73.015 0.2500000000
121977  10.660  -29.179  76.856 0.2500000000
51770  9.764  -29.170  76.704 0.2500000000
130127  9.063  -29.607  76.551 0.2500000000
50918  9.236  -30.288  76.614 0.2500000000
113023  8.470  -30.173  76.397 0.2500000000
121118  8.869  -30.858  76.570 0.2500000000
50919  8.078  -30.775  76.216 0.2500000000
49966  6.974  -31.203  74.904 0.2500000000
49976  5.819  -31.701  73.633 0.3750000000
123894  6.834  -30.537  70.937 0.3750000000
130587  6.268  -30.701  71.373 0.3750000000
130764  5.239  -31.639  72.525 0.3750000000
51826  6.677  -30.551  70.264 0.3750000000
50966  6.101  -30.723  70.712 0.3750000000
55479  41.549  -25.784  67.656 0.1250000000
55478  42.150  -25.038  67.112 0.1250000000
54522  42.303  -26.309  65.900 0.2500000000
53589  42.038  -27.026  65.770 0.2500000000
53598  41.353  -26.795  65.392 0.2500000000
51857  8.909  -29.605  67.612 0.3750000000
51865  8.803  -30.022  66.830 0.3750000000
51771  8.289  -29.453  75.885 0.2500000000
51772  7.906  -30.177  75.834 0.2500000000
51775  8.078  -29.225  75.077 0.2500000000
50920  7.627  -30.702  75.258 0.2500000000
51788  7.616  -29.563  74.429 0.2500000000
51776  7.658  -29.981  75.012 0.2500000000
51789  6.994  -30.252  73.882 0.2500000000
50935  7.123  -30.240  74.377 0.3750000000
50923  6.993  -30.609  74.632 0.2500000000
50924  6.588  -31.091  74.383 0.2500000000
120221  6.490  -30.742  73.426 0.3750000000
50936  6.613  -30.778  74.020 0.3750000000
49975  6.240  -31.439  74.007 0.3750000000
49989  6.170  -31.156  73.513 0.3750000000
50950  5.709  -31.353  73.067 0.3750000000
50949  6.323  -30.761  72.818 0.3750000000
50960  5.779  -31.180  72.387 0.3750000000
50959  6.244  -30.803  72.064 0.3750000000
50967  5.652  -31.013  71.365 0.3750000000
56454  42.358  -24.169  66.741 0.1250000000
55490  42.420  -25.328  66.607 0.2500000000
55498  42.286  -24.888  65.269 0.2500000000
54529  41.764  -26.099  65.355 0.2500000000
51802  7.453  -29.685  73.712 0.3750000000
51803  6.897  -30.345  73.250 0.3750000000
115483  42.526  -24.557  66.476 0.2500000000
55489  42.548  -24.519  65.779 0.2500000000
56481  42.479  -23.603  65.449 0.2500000000
55508  41.936  -25.194  64.802 0.2500000000
55519  41.913  -25.019  64.049 0.2500000000
55529  42.200  -24.387  63.669 0.2500000000
55530  41.898  -24.773  63.613 0.2500000000
122843  38.596  -24.887  59.021 0.5000000000
54647  38.205  -25.073  58.182 0.5000000000
55598  39.442  -24.418  58.817 0.3750000000
55612  38.435  -24.504  57.628 0.5000000000
62397  42.727  -18.841  50.623 0.2500000000
55611  38.964  -24.319  58.033 0.5000000000
55636  38.027  -24.208  56.217 0.5000000000
117029  45.805  -12.604  49.665 0.5000000000
67735  46.273  -12.263  49.409 0.5000000000
67736  45.733  -12.818  49.091 0.5000000000
67741  46.222  -12.222  48.739 0.5000000000
55610  39.717  -23.881  58.226 0.3750000000
55625  39.681  -23.952  57.262 0.5000000000
55626  38.961  -24.047  57.149 0.5000000000
68584  46.699  -11.683  49.115 0.5000000000
68594  46.583  -11.465  48.385 0.5000000000
56582  40.278  -23.785  57.418 0.5000000000
56595  40.285  -23.938  56.756 0.3750000000
116085  40.017  -23.644  56.019 0.5000000000
56608  39.305  -23.895  55.768 0.5000000000
56596  39.554  -23.964  56.586 0.5000000000
70511  48.366  -9.185  48.422 0.5000000000
70519  48.116  -9.057  47.845 0.5000000000
70530  47.868  -8.939  47.367 0.5000000000
56713  39.558  -22.205  50.875 0.1250000000
72453  52.700  -7.079  52.399 0.2500000000
73363  52.698  -6.259  52.331 0.1250000000
72452  52.988  -6.802  51.470 0.1250000000
74234  53.356  -5.854  51.484 0.1250000000
72461  52.445  -6.989  50.697 0.1250000000
73369  53.160  -6.414  50.697 0.1250000000
120112  53.633  -5.086  51.116 0.1250000000
74243  53.424  -5.515  50.642 0.1250000000
69501  51.029  -10.452  54.212 0.3750000000
73351  52.579  -6.726  53.140 0.1250000000
72446  52.460  -7.697  52.459 0.2500000000
74222  52.425  -5.866  52.980 0.1250000000
75081  53.358  -4.829  51.819 0.1250000000
119563  52.261  -4.989  52.630 0.1250000000
75946  53.847  -3.597  50.549 0.1250000000
75086  53.617  -4.477  50.338 0.1250000000
74254  53.146  -5.052  49.849 0.1250000000
74294  50.256  -5.048  46.042 0.7500000000
74293  51.055  -4.598  46.138 0.5000000000
75070  52.907  -4.319  52.354 0.1250000000
75071  51.913  -4.058  52.480 0.1250000000
75096  53.605  -4.311  49.335 0.2500000000
127055  54.242  -3.728  48.848 0.1250000000
75121  51.581  -4.036  46.264 0.2500000000
75997  51.747  -3.496  45.234 0.5000000000
74320  49.796  -4.822  42.709 0.1250000000
76812  55.409  -2.864  48.901 0.1250000000
75965  54.815  -3.192  48.476 0.1250000000
75964  55.282  -2.746  48.149 0.1250000000
75978  54.695  -3.153  47.616 0.1250000000
75986  53.327  -3.087  46.226 0.2500000000
75987  52.734  -3.166  45.574 0.2500000000
111733  54.112  -3.217  46.859 0.2500000000
75996  52.264  -3.253  45.029 0.2500000000
76017  51.710  -3.384  43.589 0.5000000000
75152  51.091  -3.886  42.985 0.1250000000
115669  50.073  -4.714  41.822 0.1250000000
74332  49.585  -5.495  40.649 0.1250000000
74336  49.609  -5.504  39.751 0.1250000000
122939  54.709  -2.933  46.875 0.1250000000
76843  54.048  -2.352  45.222 0.2500000000
117210  53.464  -2.734  45.415 0.2500000000
76005  52.935  -2.458  43.976 0.3750000000
76016  52.326  -2.928  43.201 0.3750000000
76028  51.624  -3.355  42.527 0.5000000000
75165  51.410  -4.129  41.008 0.1250000000
74331  50.239  -5.005  40.154 0.1250000000
75169  50.979  -4.656  39.688 0.1250000000
74335  50.204  -4.963  39.294 0.1250000000
74342  49.595  -5.475  38.984 0.1250000000
74341  50.251  -5.069  38.563 0.1250000000
73467  49.829  -5.566  38.138 0.1250000000
73475  49.943  -5.670  37.312 0.1250000000
74352  50.704  -5.403  36.968 0.1250000000
74363  50.871  -5.851  36.086 0.1250000000
76842  54.731  -2.227  45.519 0.2500000000
76854  53.593  -2.447  44.620 0.2500000000
76015  53.132  -2.542  42.920 0.3750000000
76027  52.248  -2.850  42.158 0.3750000000
76042  52.031  -3.890  40.990 0.2500000000
75164  51.896  -4.089  40.411 0.2500000000
117812  51.415  -4.342  40.306 0.1250000000
74334  50.871  -4.781  38.917 0.1250000000
74340  51.186  -4.868  38.356 0.1250000000
74347  50.563  -5.197  37.844 0.1250000000
74346  51.277  -5.037  37.533 0.1250000000
74362  51.521  -5.572  35.688 0.1250000000
75204  52.971  -5.135  34.079 0.1250000000
74361  52.248  -5.315  35.282 0.1250000000
129839  53.188  -4.623  34.481 0.1250000000
76026  53.049  -2.757  41.835 0.3750000000
76037  52.426  -3.249  41.349 0.2500000000
76036  53.158  -3.072  40.953 0.1250000000
76041  52.525  -3.611  40.581 0.1250000000
116668  52.000  -4.316  38.969 0.1250000000
75168  51.680  -4.315  39.662 0.1250000000
75173  51.413  -4.609  38.966 0.1250000000
130479  51.718  -4.679  38.519 0.1250000000
74339  51.807  -4.829  37.962 0.1250000000
74351  51.371  -5.284  36.643 0.1250000000
75189  52.566  -4.660  35.697 0.1250000000
74350  51.950  -5.018  36.186 0.1250000000
75196  53.127  -4.319  35.154 0.1250000000
76074  53.619  -3.878  34.464 0.1250000000
76890  53.857  -2.814  40.570 0.1250000000
76040  53.259  -3.326  40.144 0.1250000000
76045  54.260  -3.181  39.090 0.1250000000
76046  53.462  -3.520  39.359 0.1250000000
76050  54.352  -3.107  38.349 0.1250000000
76054  53.785  -3.456  37.767 0.1250000000
75176  53.045  -4.033  38.033 0.1250000000
75179  53.160  -3.883  37.015 0.1250000000
75177  52.416  -4.475  37.543 0.1250000000
74345  51.830  -4.874  37.133 0.1250000000
76057  53.570  -3.549  36.212 0.1250000000
76053  54.464  -2.855  37.631 0.1250000000
76056  54.086  -3.147  36.861 0.1250000000
76903  54.721  -2.461  36.336 0.1250000000
76067  53.584  -3.643  35.412 0.1250000000
48006  12.831  -32.569  66.975 0.3750000000
40250  11.175  -41.386  73.855 0.6250000000
38310  8.146  -42.505  73.105 0.6250000000
41902  11.403  -40.171  73.690 0.5000000000
41910  12.044  -40.051  72.612 0.6250000000
46923  19.838  -34.823  72.199 0.2500000000
50002  34.404  -31.544  71.732 0.5000000000
50026  40.927  -30.469  67.346 0.3750000000
50994  41.282  -30.065  67.204 0.3750000000
50993  41.510  -29.478  66.826 0.2500000000
51859  41.811  -28.929  66.473 0.2500000000
52728  42.090  -28.417  66.087 0.2500000000
54545  41.510  -25.397  64.080 0.2500000000
54538  41.489  -25.733  64.705 0.2500000000
66060  43.764  -13.686  50.666 0.5000000000
74287  50.625  -5.415  46.735 0.5000000000
74244  52.724  -5.688  50.213 0.1250000000
75966  54.274  -3.711  48.080 0.1250000000
38309  8.565  -42.421  73.445 0.6250000000
42717  12.398  -39.641  72.440 0.5000000000
126643  45.246  -13.030  49.580 0.5000000000
127118  12.762  -40.361  64.561 0.1250000000
39309  7.947  -41.981  73.364 0.6250000000
115299  6.903  -41.580  72.983 0.6250000000
40259  6.438  -40.723  73.020 0.6250000000
118887  6.198  -40.530  72.483 0.6250000000
131035  6.004  -40.052  72.363 0.6250000000
39311  7.323  -41.619  73.355 0.6250000000
126792  5.844  -39.763  72.318 0.6250000000
45962  4.824  -35.005  71.406 0.3750000000
67759  46.086  -11.690  47.370 0.3750000000
69546  47.733  -9.662  47.961 0.5000000000
55627  38.250  -24.199  57.040 0.3750000000
70531  47.318  -9.469  46.939 0.3750000000
76007  51.774  -3.414  44.538 0.5000000000
41926  5.179  -38.883  72.439 0.6250000000
75126  51.960  -3.440  45.727 0.2500000000
37395  9.655  -43.831  64.347 0.1250000000
38395  11.078  -42.221  64.048 0.1250000000
119097  6.028  -39.344  73.491 0.6250000000
41920  5.758  -39.154  73.058 0.6250000000
41925  5.559  -39.233  72.540 0.6250000000
42736  5.198  -38.316  72.928 0.6250000000
39310  7.729  -41.533  73.799 0.6250000000
40248  7.481  -40.689  74.186 0.6250000000
41108  6.787  -39.899  74.096 0.6250000000
50053  16.339  -31.790  64.779 0.2500000000
48002  16.267  -33.299  66.483 0.2500000000
47990  14.772  -33.918  66.759 0.2500000000
47991  13.790  -34.149  66.852 0.2500000000
49016  15.094  -32.044  65.701 0.2500000000
48004  14.033  -33.322  66.567 0.2500000000
42715  6.250  -38.358  74.885 0.6250000000
41900  6.501  -38.594  75.046 0.6250000000
42714  6.441  -37.941  74.996 0.6250000000
43767  5.345  -37.854  74.456 0.5000000000
43768  4.945  -37.779  73.729 0.6250000000
44847  5.024  -36.955  73.524 0.3750000000
46971  17.334  -34.653  68.679 0.2500000000
46961  16.251  -35.402  68.510 0.2500000000
46987  16.370  -34.598  67.715 0.2500000000
46989  14.743  -34.645  67.326 0.2500000000
45998  13.300  -35.950  68.032 0.5000000000
41906  7.530  -39.081  75.015 0.6250000000
41899  6.679  -38.695  75.303 0.6250000000
46976  12.271  -34.518  67.899 0.5000000000
43766  7.749  -37.153  74.464 0.5000000000
43765  8.480  -37.381  73.989 0.5000000000
51885  18.230  -29.068  63.353 0.2500000000
130071  12.489  -33.777  67.404 0.3750000000
47966  11.992  -33.959  68.899 0.5000000000
45973  10.444  -35.408  70.526 0.5000000000
44856  9.383  -36.625  72.357 0.5000000000
44835  8.066  -36.567  74.432 0.5000000000
43760  6.647  -37.847  74.910 0.3750000000
122558  10.117  -34.289  72.104 0.3750000000
45938  8.167  -35.852  74.576 0.3750000000
43763  6.541  -37.526  74.840 0.3750000000
44831  7.180  -36.561  74.640 0.3750000000
44832  6.824  -36.754  74.645 0.3750000000
44833  6.217  -37.041  74.754 0.3750000000
50039  13.272  -31.751  67.230 0.2500000000
48986  12.382  -32.533  68.489 0.3750000000
47967  11.668  -33.464  69.716 0.3750000000
45931  7.870  -35.629  74.807 0.3750000000
44836  5.313  -37.179  74.280 0.3750000000
45929  7.644  -35.551  74.789 0.3750000000
116140  4.906  -35.833  71.852 0.3750000000
128593  18.704  -35.354  71.501 0.2500000000
46935  18.445  -35.239  71.075 0.2500000000
45968  17.914  -35.707  70.681 0.2500000000
45959  17.636  -36.240  70.773 0.2500000000
43784  14.610  -37.917  71.375 0.5000000000
46958  18.369  -34.460  69.899 0.2500000000
45982  17.598  -35.547  70.128 0.2500000000
43785  13.574  -37.845  71.936 0.5000000000
47963  19.409  -33.309  69.759 0.2500000000
50022  20.012  -32.195  68.869 0.2500000000
48974  19.068  -33.096  68.921 0.2500000000
46959  17.615  -34.983  69.549 0.2500000000
45970  16.288  -36.275  69.775 0.2500000000
41912  11.235  -39.794  73.581 0.6250000000
128893  10.445  -40.525  74.090 0.6250000000
39308  9.112  -42.294  73.834 0.6250000000
48985  18.864  -32.897  68.186 0.2500000000
47976  17.799  -34.050  68.269 0.2500000000
118423  14.755  -37.290  69.902 0.5000000000
42745  11.897  -38.952  71.769 0.5000000000
41913  10.486  -39.699  73.641 0.5000000000
39302  8.627  -41.925  73.786 0.6250000000
41099  8.735  -41.058  74.516 0.6250000000
48994  18.667  -32.698  67.407 0.2500000000
49003  18.324  -32.411  66.700 0.2500000000
43787  11.672  -38.176  71.528 0.5000000000
42720  9.855  -39.138  73.433 0.5000000000
41904  9.057  -39.876  74.402 0.6250000000
41107  8.886  -40.506  74.548 0.6250000000
131509  8.426  -40.338  74.545 0.6250000000
43798  10.764  -37.623  71.700 0.5000000000
42735  9.468  -38.417  73.276 0.5000000000
42711  8.331  -38.852  74.410 0.6250000000
41100  7.823  -39.722  74.618 0.6250000000
44864  11.161  -37.011  70.555 0.5000000000
134114  8.933  -38.008  73.567 0.5000000000
44875  11.425  -36.774  69.898 0.5000000000
44876  10.733  -36.362  70.399 0.5000000000
44855  9.859  -37.096  71.842 0.5000000000
52754  20.130  -28.961  64.002 0.2500000000
113443  12.266  -32.012  69.548 0.3750000000
51820  34.630  -29.694  68.894 0.3750000000
46903  7.175  -35.319  74.713 0.3750000000
133396  35.961  -31.409  67.643 0.5000000000
56527  18.364  -24.745  62.378 0.1250000000
48934  21.353  -32.773  72.265 0.2500000000
48948  21.363  -32.365  71.633 0.2500000000
48972  20.517  -31.847  69.436 0.2500000000
132253  20.909  -29.629  67.383 0.2500000000
50996  20.196  -30.978  67.073 0.2500000000
50962  35.050  -30.652  71.846 0.6250000000
46901  9.048  -34.383  75.287 0.3750000000
51844  38.479  -29.069  68.181 0.2500000000
50989  13.436  -30.496  68.092 0.1250000000
51843  39.729  -29.152  68.812 0.2500000000
50014  21.030  -31.389  70.094 0.2500000000
51846  21.362  -29.352  68.765 0.2500000000
51854  20.962  -29.896  68.206 0.2500000000
52732  20.909  -28.500  66.267 0.2500000000
53594  21.312  -27.095  66.411 0.2500000000
55524  21.326  -25.227  64.718 0.1250000000
119053  6.519  -34.387  74.661 0.3750000000
56504  21.775  -24.610  64.441 0.1250000000
56512  21.397  -24.025  63.604 0.1250000000
47911  10.465  -33.471  74.683 0.2500000000
46897  8.949  -34.093  75.681 0.3750000000
131401  7.837  -35.063  75.094 0.3750000000
46899  7.483  -34.477  75.032 0.3750000000
57485  23.390  -23.853  66.261 0.1250000000
53547  39.973  -27.613  68.837 0.2500000000
120084  40.398  -29.095  69.131 0.2500000000
52709  41.740  -28.022  69.072 0.2500000000
48902  11.015  -32.842  75.933 0.1250000000
47901  7.763  -33.612  75.544 0.2500000000
47906  5.507  -34.104  74.611 0.3750000000
111590  5.381  -33.957  74.534 0.3750000000
55526  17.140  -24.831  63.551 0.1250000000
51855  14.352  -29.271  67.600 0.1250000000
57541  18.749  -23.197  62.627 0.1250000000
56463  16.298  -24.380  68.287 0.1250000000
56488  16.412  -24.548  66.686 0.1250000000
57487  16.752  -23.881  67.163 0.1250000000
56497  16.460  -24.689  65.688 0.1250000000
53559  15.266  -27.207  69.187 0.1250000000
55506  15.533  -25.698  66.686 0.1250000000
54527  15.092  -26.321  66.984 0.1250000000
126431  14.967  -27.000  67.283 0.1250000000
49965  12.007  -31.651  75.758 0.1250000000
117594  17.049  -24.105  64.173 0.1250000000
55514  16.111  -25.476  65.304 0.1250000000
48909  12.166  -31.766  74.049 0.1250000000
118283  16.124  -25.821  64.306 0.1250000000
49998  12.912  -31.210  72.944 0.1250000000
131256  41.787  -26.992  67.859 0.2500000000
52666  13.704  -28.271  74.682 0.1250000000
52690  14.045  -27.955  72.500 0.1250000000
51800  13.610  -28.963  74.068 0.1250000000
51823  13.910  -29.123  71.222 0.1250000000
50934  13.197  -30.427  74.705 0.1250000000
50922  12.906  -30.231  75.373 0.1250000000
50958  13.316  -30.269  72.994 0.1250000000
50948  13.277  -30.570  74.013 0.1250000000
49960  10.434  -31.729  76.583 0.2500000000
54501  41.457  -26.647  68.133 0.1250000000
53580  42.207  -27.082  66.553 0.2500000000
53519  23.321  -27.177  72.532 0.2500000000
54486  22.785  -26.208  70.797 0.2500000000
49962  8.534  -31.515  76.344 0.2500000000
49963  7.756  -31.517  75.656 0.2500000000
52656  9.023  -28.672  76.266 0.2500000000
51818  7.485  -30.075  71.216 0.3750000000
128588  42.102  -25.592  65.434 0.2500000000
55499  42.488  -25.516  65.902 0.2500000000
52659  8.425  -28.472  75.539 0.2500000000
57451  42.278  -23.568  66.265 0.1250000000
114585  42.253  -24.535  64.744 0.2500000000
119168  42.399  -24.110  65.083 0.2500000000
56471  42.558  -23.854  66.086 0.2500000000
55518  42.253  -24.533  64.182 0.2500000000
55635  38.812  -24.057  56.385 0.3750000000
67752  46.084  -11.939  48.066 0.5000000000
55609  40.385  -23.710  58.375 0.3750000000
72445  52.649  -7.491  53.124 0.2500000000
74235  52.747  -5.326  52.273 0.1250000000
75072  51.312  -4.609  52.545 0.1250000000
75930  50.866  -3.838  52.528 0.1250000000
75956  54.747  -3.228  49.232 0.1250000000
75153  50.511  -4.368  42.371 0.1250000000
75985  54.124  -2.552  46.118 0.2500000000
114784  52.895  -2.821  44.819 0.5000000000
76006  52.271  -2.918  44.227 0.5000000000
75160  51.104  -3.905  41.954 0.2500000000
74327  50.066  -4.798  41.019 0.1250000000
75161  50.628  -4.369  41.427 0.1250000000
76038  51.734  -3.456  41.655 0.3750000000
75166  50.797  -4.515  40.585 0.1250000000
132440  49.661  -5.510  38.608 0.1250000000
73481  50.160  -6.093  36.447 0.1250000000
75197  52.832  -4.985  34.866 0.1250000000
76047  52.468  -3.842  39.685 0.1250000000
75188  52.921  -3.956  35.986 0.1250000000
75180  52.436  -4.482  36.601 0.1250000000
76895  54.081  -3.067  39.826 0.1250000000
76885  54.349  -2.220  41.001 0.2500000000
76051  53.654  -3.594  38.579 0.1250000000
75171  52.819  -3.991  38.811 0.1250000000
75172  52.303  -4.464  38.324 0.1250000000
76066  54.295  -3.168  35.854 0.1250000000
76073  54.143  -3.057  34.901 0.1250000000
125656  54.910  -2.600  38.126 0.1250000000
129012  54.648  -2.474  37.062 0.1250000000
50953  34.554  -30.531  72.434 0.5000000000
50954  33.849  -30.956  73.038 0.5000000000
49992  33.556  -31.654  72.471 0.5000000000
51805  35.398  -29.555  72.140 0.2500000000
50937  34.092  -29.948  73.104 0.3750000000
50938  33.267  -30.256  73.537 0.3750000000
50939  32.406  -30.475  73.538 0.3750000000
50926  30.880  -29.834  74.133 0.3750000000
52661  30.662  -28.793  74.060 0.2500000000
53493  29.769  -28.275  72.718 0.1250000000
117409  27.531  -28.382  73.617 0.1250000000
51782  26.295  -29.064  74.081 0.1250000000
52677  25.017  -28.047  73.703 0.1250000000
114569  27.712  -27.737  73.398 0.1250000000
53515  27.387  -27.539  72.901 0.1250000000
53505  23.626  -27.540  73.150 0.1250000000
124909  25.717  -27.246  72.417 0.1250000000
134655  24.924  -26.914  72.328 0.1250000000
54485  23.261  -26.037  71.045 0.1250000000
53526  28.348  -27.515  71.926 0.1250000000
112812  27.002  -27.477  71.726 0.1250000000
53539  25.474  -27.165  70.774 0.1250000000
54494  24.393  -25.963  70.257 0.1250000000
114376  27.832  -27.711  70.031 0.1250000000
111605  26.933  -27.722  69.962 0.1250000000
53555  26.056  -27.493  69.907 0.1250000000
120281  24.944  -27.055  69.342 0.1250000000
128632  27.149  -28.190  68.510 0.1250000000
53572  25.559  -27.622  69.108 0.1250000000
53573  25.130  -27.450  68.403 0.1250000000
52730  26.920  -28.678  66.533 0.1250000000
52721  26.160  -28.565  67.125 0.1250000000
52714  25.818  -28.039  68.123 0.1250000000
52722  25.254  -27.887  67.329 0.1250000000
49054  8.780  -32.584  59.434 0.3750000000
49044  9.218  -32.350  60.197 0.3750000000
49053  9.835  -32.207  59.366 0.3750000000
51025  9.464  -30.595  64.661 0.2500000000
51881  9.975  -30.018  65.065 0.1250000000
51889  10.014  -30.300  64.158 0.2500000000
116558  10.346  -29.612  64.527 0.1250000000
50090  9.872  -31.272  61.906 0.3750000000
51037  10.349  -30.347  63.335 0.2500000000
111741  10.171  -31.371  61.291 0.2500000000
51059  10.479  -30.864  61.852 0.2500000000
50104  10.496  -31.535  60.601 0.1250000000
119218  9.705  -29.617  65.697 0.2500000000
51880  10.318  -29.098  65.219 0.1250000000
51888  10.562  -29.654  63.831 0.2500000000
51895  11.038  -29.713  63.125 0.2500000000
51058  11.186  -30.352  61.752 0.1250000000
51048  10.759  -30.336  62.529 0.2500000000
50089  11.019  -31.002  61.119 0.2500000000
111919  9.260  -29.783  66.235 0.2500000000
51872  9.983  -28.964  66.168 0.1250000000
52746  10.313  -28.151  65.557 0.1250000000
51014  9.161  -30.346  65.536 0.2500000000
52756  10.603  -28.187  64.796 0.1250000000
114805  10.626  -28.928  64.295 0.1250000000
51894  11.554  -29.021  62.786 0.1250000000
51887  11.023  -28.973  63.527 0.1250000000
51047  11.495  -29.696  62.346 0.1250000000
52769  10.849  -28.162  63.937 0.1250000000
133922  36.364  -28.446  61.415 0.3750000000
52791  36.368  -28.045  60.697 0.3750000000
51912  35.529  -29.328  60.597 0.2500000000
52798  35.656  -28.593  60.356 0.2500000000
133364  6.068  -31.013  73.052 0.2500000000
52727  9.470  -28.698  67.859 0.2500000000
53588  10.088  -27.873  67.616 0.2500000000
52726  10.149  -28.564  67.032 0.1250000000
52735  10.232  -27.937  66.259 0.1250000000
122944  10.378  -27.064  66.257 0.1250000000
51873  8.560  -30.416  66.190 0.2500000000
53606  10.450  -27.513  65.119 0.1250000000
132571  10.414  -27.105  64.834 0.1250000000
53615  10.554  -27.399  64.377 0.1250000000
52777  11.873  -28.346  62.353 0.1250000000
53646  36.846  -27.517  61.454 0.3750000000
51905  12.208  -29.113  62.167 0.1250000000
53661  36.984  -27.026  60.205 0.3750000000
53662  36.159  -27.727  59.886 0.3750000000
51812  6.818  -30.392  72.514 0.2500000000
119246  7.446  -29.831  72.931 0.2500000000
51819  6.827  -30.439  71.707 0.2500000000
53562  9.995  -27.862  69.481 0.2500000000
53561  10.335  -27.175  68.975 0.2500000000
54498  10.338  -26.517  69.256 0.1250000000
53579  9.949  -27.928  68.465 0.2500000000
53578  10.333  -27.191  68.089 0.1250000000
124318  10.312  -27.101  67.308 0.1250000000
52718  8.881  -29.308  68.482 0.2500000000
53587  10.317  -27.610  66.904 0.1250000000
53597  10.349  -27.483  65.702 0.1250000000
118598  10.379  -26.909  65.378 0.1250000000
54544  10.331  -26.713  64.549 0.1250000000
52768  11.195  -28.262  63.064 0.1250000000
53622  10.679  -27.416  63.452 0.1250000000
133583  10.460  -26.978  64.012 0.1250000000
53639  11.971  -27.794  61.931 0.1250000000
120809  11.247  -27.590  62.423 0.1250000000
114801  10.466  -26.939  62.818 0.1250000000
51801  8.063  -29.125  73.354 0.2500000000
51811  7.395  -29.874  72.074 0.2500000000
54477  9.616  -26.743  71.186 0.1250000000
55452  9.269  -25.794  71.275 0.1250000000
51810  8.067  -29.295  72.464 0.2500000000
51817  8.070  -29.475  71.584 0.2500000000
120842  9.754  -26.052  70.424 0.1250000000
52693  8.850  -28.999  71.923 0.2500000000
51824  8.152  -29.652  70.740 0.2500000000
52706  9.358  -28.459  69.964 0.2500000000
54499  10.169  -26.890  69.976 0.2500000000
55476  10.371  -25.873  69.087 0.1250000000
51836  8.174  -29.600  69.879 0.2500000000
52717  9.522  -28.645  68.949 0.2500000000
54513  10.468  -26.475  68.569 0.1250000000
54521  10.479  -26.415  67.736 0.1250000000
54528  10.348  -26.449  66.835 0.1250000000
54537  10.416  -26.332  65.966 0.1250000000
55527  10.134  -26.243  65.174 0.1250000000
55538  10.082  -25.989  64.411 0.1250000000
54555  10.294  -26.554  63.707 0.1250000000
54556  9.795  -26.381  62.959 0.1250000000
55539  9.651  -25.709  63.630 0.1250000000
55553  9.060  -25.938  62.763 0.1250000000
122113  8.043  -26.095  74.135 0.1250000000
120317  8.505  -26.774  73.925 0.1250000000
112402  8.442  -26.126  73.283 0.1250000000
55439  7.779  -25.607  73.835 0.1250000000
55447  8.267  -25.474  72.893 0.1250000000
54478  8.909  -26.231  72.187 0.1250000000
55453  8.509  -25.397  71.905 0.1250000000
54469  8.795  -26.897  72.833 0.2500000000
129707  9.304  -27.024  72.076 0.2500000000
52686  8.753  -28.515  72.831 0.2500000000
53533  9.496  -27.643  71.615 0.2500000000
55463  9.310  -25.338  70.577 0.1250000000
117525  8.821  -29.310  71.178 0.2500000000
52698  8.812  -29.135  70.363 0.2500000000
52697  9.394  -28.578  71.158 0.2500000000
53544  9.768  -27.665  70.591 0.2500000000
111957  9.379  -24.718  69.394 0.1250000000
56466  10.079  -25.131  68.866 0.1250000000
55488  10.463  -25.680  68.278 0.1250000000
55497  10.437  -25.602  67.344 0.1250000000
56479  9.163  -23.972  68.199 0.1250000000
130713  9.797  -23.987  67.299 0.1250000000
56478  10.297  -24.791  66.924 0.1250000000
55507  10.364  -25.645  66.449 0.1250000000
56490  9.892  -24.152  66.400 0.1250000000
56489  10.102  -24.971  66.018 0.1250000000
55516  10.211  -25.682  65.642 0.1250000000
55517  9.964  -25.059  65.200 0.1250000000
133941  9.925  -25.693  64.994 0.1250000000
54568  9.916  -26.648  62.252 0.1250000000
55540  8.759  -25.252  63.190 0.1250000000
68546  51.739  -10.952  55.903 0.2500000000
134205  51.402  -11.396  55.833 0.1250000000
69487  51.491  -10.702  55.140 0.2500000000
114879  51.106  -11.378  55.321 0.3750000000
54569  8.501  -26.222  62.142 0.1250000000
55554  8.236  -25.607  62.497 0.1250000000
53508  8.739  -27.594  73.347 0.2500000000
53522  9.125  -27.664  72.490 0.2500000000
52692  9.242  -28.293  72.029 0.2500000000
55464  8.617  -24.914  70.598 0.1250000000
55477  9.752  -25.457  69.726 0.1250000000
56498  9.753  -24.306  65.530 0.1250000000
67685  50.877  -12.296  56.660 0.1250000000
66858  50.064  -13.317  56.206 0.1250000000
68536  52.225  -10.628  56.662 0.1250000000
68537  51.736  -11.306  56.532 0.1250000000
66866  50.253  -12.574  55.720 0.1250000000
69486  51.982  -9.970  54.887 0.1250000000
69471  52.092  -10.126  55.998 0.2500000000
70468  52.011  -8.805  53.804 0.2500000000
70460  51.524  -9.706  53.942 0.2500000000
128652  51.804  -11.523  57.051 0.1250000000
69455  52.301  -10.825  56.981 0.1250000000
66009  49.910  -14.169  56.614 0.1250000000
65089  48.587  -15.276  55.846 0.2500000000
66859  49.390  -13.935  56.062 0.1250000000
70437  52.017  -9.633  56.171 0.1250000000
71431  52.253  -8.899  55.460 0.1250000000
71448  52.469  -7.754  53.621 0.1250000000
71449  52.352  -8.113  54.134 0.1250000000
112770  52.344  -8.641  54.873 0.1250000000
71456  52.392  -8.128  53.151 0.1250000000
70459  52.225  -9.270  54.634 0.1250000000
65072  48.541  -16.106  56.136 0.2500000000
63250  47.929  -17.611  55.267 0.3750000000
63251  47.469  -18.246  54.996 0.5000000000
64164  48.284  -16.797  55.562 0.3750000000
64184  47.873  -16.859  54.875 0.3750000000
112780  52.097  -10.338  57.113 0.1250000000
68532  51.096  -11.823  57.568 0.1250000000
65071  48.973  -15.456  56.650 0.2500000000
63272  47.351  -17.533  54.540 0.5000000000
70407  50.968  -10.187  57.250 0.1250000000
69440  50.422  -10.170  58.040 0.1250000000
69424  50.519  -11.106  58.275 0.1250000000
130779  52.061  -9.739  56.520 0.1250000000
70421  50.434  -9.639  56.972 0.1250000000
70408  49.979  -9.628  57.798 0.1250000000
71432  51.619  -8.497  55.294 0.1250000000
71416  51.882  -9.178  55.992 0.1250000000
71417  50.708  -8.793  55.760 0.1250000000
112298  49.571  -9.111  56.355 0.1250000000
71418  48.215  -8.869  55.918 0.1250000000
72423  51.174  -7.903  54.608 0.1250000000
71433  50.311  -8.307  54.932 0.1250000000
72410  49.228  -8.629  55.353 0.1250000000
72411  48.028  -8.204  55.169 0.1250000000
72424  48.960  -8.049  54.453 0.1250000000
65048  50.148  -15.081  57.886 0.1250000000
65059  49.789  -14.946  57.006 0.1250000000
70390  49.438  -9.786  58.488 0.1250000000
71381  49.285  -9.347  57.338 0.1250000000
130855  49.169  -9.394  58.035 0.1250000000
71399  48.325  -9.079  56.921 0.1250000000
70373  48.637  -9.874  59.079 0.1250000000
72503  49.365  -7.023  46.762 0.6250000000
73411  49.795  -6.030  46.714 0.6250000000
52678  23.947  -28.030  73.592 0.1250000000
52675  26.532  -28.195  73.448 0.1250000000
118567  28.926  -27.900  73.013 0.1250000000
52672  29.620  -28.621  72.922 0.1250000000
118422  29.028  -27.661  71.690 0.1250000000
54467  29.350  -27.741  71.853 0.1250000000
54460  29.654  -27.810  72.134 0.1250000000
52664  25.383  -28.572  73.905 0.1250000000
53504  24.602  -27.590  73.292 0.1250000000
52670  33.736  -28.598  73.106 0.2500000000
51781  26.732  -28.642  73.719 0.1250000000
53502  26.381  -27.920  73.307 0.1250000000
51792  32.631  -29.481  73.700 0.3750000000
52660  31.317  -29.465  72.756 0.2500000000
53513  28.659  -27.672  72.409 0.1250000000
53514  27.961  -27.384  72.840 0.1250000000
53497  30.183  -28.212  72.519 0.1250000000
51794  29.303  -29.006  73.102 0.2500000000
54473  29.903  -27.445  71.342 0.1250000000
52792  35.957  -28.919  60.992 0.3750000000
121306  40.592  -23.514  55.316 0.5000000000
123789  48.114  -16.215  55.136 0.3750000000
70469  50.993  -9.322  52.999 0.2500000000
50105  9.682  -31.806  60.777 0.2500000000
53678  36.778  -27.015  59.224 0.2500000000
66867  49.490  -13.332  55.734 0.1250000000
50952  35.324  -30.232  72.089 0.5000000000
52681  34.460  -28.888  71.153 0.2500000000
51813  34.424  -29.544  70.350 0.2500000000
131684  35.401  -29.040  71.926 0.1250000000
55474  23.446  -25.326  69.501 0.1250000000
54474  23.564  -26.486  71.826 0.1250000000
134088  23.075  -25.838  70.606 0.1250000000
51784  24.811  -29.301  74.097 0.1250000000
52665  24.379  -28.605  73.842 0.1250000000
53518  24.222  -26.973  72.606 0.1250000000
51790  34.260  -29.133  72.776 0.3750000000
52669  35.186  -28.831  72.312 0.2500000000
118654  32.942  -28.960  73.512 0.2500000000
49978  32.285  -31.348  73.178 0.3750000000
49979  31.494  -30.606  72.741 0.3750000000
50940  31.599  -30.369  73.618 0.3750000000
50925  31.726  -29.679  74.010 0.3750000000
49968  30.811  -30.055  73.651 0.3750000000
51778  31.107  -29.208  74.166 0.3750000000
51779  30.636  -29.307  74.093 0.3750000000
53492  30.451  -28.799  72.862 0.2500000000
126286  31.007  -28.539  72.095 0.2500000000
133893  31.154  -28.897  74.116 0.3750000000
53499  29.183  -27.882  72.465 0.1250000000
53498  29.800  -28.057  72.557 0.1250000000
52662  30.353  -28.993  73.198 0.1250000000
52674  27.091  -28.041  73.356 0.1250000000
51795  28.225  -29.101  73.505 0.2500000000
51796  27.263  -29.295  73.791 0.2500000000
52663  26.123  -28.572  73.807 0.1250000000
51783  25.729  -29.180  74.145 0.1250000000
50928  26.091  -29.820  74.027 0.1250000000
50945  26.415  -30.343  73.606 0.1250000000
51797  26.629  -29.545  73.991 0.1250000000
53503  25.596  -27.789  73.383 0.1250000000
52676  25.894  -28.151  73.600 0.1250000000
53500  28.301  -27.515  73.072 0.1250000000
52673  28.492  -28.115  73.397 0.2500000000
125066  26.895  -27.925  73.208 0.1250000000
126595  26.891  -27.762  73.035 0.1250000000
53501  27.463  -27.616  73.133 0.1250000000
123014  26.706  -27.516  72.539 0.1250000000
53527  27.557  -27.435  72.414 0.1250000000
53528  26.084  -27.241  71.736 0.1250000000
53517  25.208  -27.384  72.860 0.1250000000
53516  26.135  -27.644  72.994 0.1250000000
53530  24.389  -26.470  71.862 0.1250000000
53529  25.174  -26.849  71.755 0.1250000000
55461  23.578  -25.677  70.333 0.1250000000
54484  23.943  -26.101  71.108 0.1250000000
114627  27.755  -27.393  71.643 0.1250000000
53537  27.399  -27.495  70.870 0.1250000000
53538  26.480  -27.438  70.843 0.1250000000
53556  25.064  -26.436  70.187 0.1250000000
53540  24.635  -26.629  71.013 0.1250000000
53536  28.380  -27.340  70.892 0.1250000000
53571  28.110  -27.772  69.292 0.1250000000
53553  27.386  -27.969  69.210 0.1250000000
131165  25.458  -27.123  69.871 0.1250000000
52713  26.647  -28.279  67.954 0.1250000000
53554  26.447  -28.057  68.986 0.1250000000
52720  27.119  -28.591  67.267 0.1250000000
50120  10.007  -31.959  60.162 0.2500000000
51922  34.985  -29.290  60.029 0.2500000000
51864  9.589  -29.384  67.008 0.2500000000
128199  10.135  -26.178  69.686 0.1250000000
56465  10.210  -24.707  67.970 0.1250000000
55528  9.781  -25.264  64.457 0.1250000000
128230  9.248  -26.355  62.365 0.1250000000
129479  9.565  -24.522  68.696 0.1250000000
55541  7.985  -24.871  62.856 0.1250000000
117001  50.962  -11.832  55.803 0.1250000000
67681  50.868  -12.852  57.802 0.1250000000
66855  50.405  -13.473  57.075 0.1250000000
70419  52.259  -10.192  56.758 0.1250000000
70447  52.249  -9.313  55.460 0.1250000000
69439  51.357  -10.871  57.398 0.1250000000
66010  49.115  -14.638  56.322 0.2500000000
71398  51.187  -9.364  56.472 0.1250000000
72437  52.286  -7.604  54.107 0.1250000000
72422  52.207  -8.129  54.760 0.1250000000
70420  51.839  -9.866  56.984 0.1250000000
69425  49.881  -10.370  58.601 0.1250000000
71400  47.329  -9.021  56.566 0.1250000000
128644  50.052  -7.821  54.328 0.1250000000
71382  48.394  -9.328  57.760 0.1250000000
54466  30.274  -27.528  71.682 0.1250000000
53512  29.956  -27.799  72.206 0.1250000000
51777  32.004  -29.122  73.923 0.3750000000
53496  31.834  -28.860  71.837 0.2500000000
52671  32.758  -28.711  73.132 0.2500000000
50942  28.906  -29.836  73.019 0.2500000000
129718  30.074  -29.480  72.756 0.2500000000
52687  34.741  -28.707  70.140 0.1250000000
51780  30.745  -29.034  72.633 0.2500000000
29339  4.181  -52.450  61.699 0.1250000000
30279  4.733  -50.922  58.303 0.1250000000
30238  4.348  -51.467  60.667 0.1250000000
31230  4.566  -50.319  59.031 0.1250000000
31218  4.469  -50.930  59.811 0.1250000000
31249  4.602  -50.088  58.046 0.1250000000
32229  4.395  -49.372  60.689 0.1250000000
126570  4.504  -50.022  60.010 0.1250000000
32261  4.624  -49.270  57.862 0.1250000000
32247  4.491  -49.429  58.667 0.1250000000
33290  4.850  -48.814  56.395 0.1250000000
35308  7.843  -45.510  67.493 0.1250000000
113855  4.597  -47.645  57.082 0.2500000000
33276  4.641  -48.406  57.730 0.2500000000
120444  4.619  -47.743  56.405 0.1250000000
33291  4.630  -48.462  56.758 0.1250000000
34390  4.699  -47.344  55.808 0.2500000000
35454  4.828  -46.330  56.549 0.2500000000
35462  4.707  -46.429  55.698 0.2500000000
35494  4.799  -45.893  54.591 0.1250000000
36492  4.861  -45.631  55.941 0.2500000000
36510  4.551  -45.384  54.830 0.2500000000
36503  4.544  -45.508  55.245 0.2500000000
37489  4.580  -44.722  54.729 0.1250000000
113897  4.348  -44.002  54.965 0.2500000000
37497  4.787  -44.023  54.594 0.1250000000
38505  4.427  -43.075  54.750 0.1250000000
42823  34.487  -35.962  63.412 0.1250000000
112167  31.876  -36.971  62.512 0.1250000000
128874  34.362  -36.047  62.119 0.1250000000
42824  34.093  -36.108  62.687 0.1250000000
115786  32.171  -36.473  62.064 0.1250000000
42839  32.663  -36.325  61.513 0.1250000000
113389  31.258  -36.721  61.113 0.1250000000
43877  35.465  -35.370  62.757 0.1250000000
43876  36.286  -34.889  62.256 0.1250000000
40353  14.389  -39.917  63.711 0.2500000000
41175  15.322  -39.617  64.108 0.2500000000
41197  16.032  -38.573  63.311 0.2500000000
41187  15.601  -39.313  63.906 0.2500000000
41980  16.764  -38.111  63.959 0.2500000000
41198  15.276  -38.895  62.806 0.2500000000
44925  28.820  -35.193  63.769 0.3750000000
44934  28.538  -35.516  63.295 0.3750000000
44935  28.127  -35.303  63.111 0.1250000000
44946  27.821  -35.566  62.712 0.1250000000
41174  15.951  -39.232  64.786 0.2500000000
128776  28.407  -35.184  63.434 0.3750000000
46030  27.733  -34.753  63.112 0.2500000000
120779  27.667  -35.089  62.880 0.1250000000
46036  27.161  -34.218  62.814 0.2500000000
124472  45.978  -20.329  53.904 0.3750000000
118464  45.397  -21.081  54.063 0.5000000000
56669  37.866  -23.021  51.735 0.1250000000
61369  46.750  -19.717  56.294 0.2500000000
60386  46.358  -20.157  56.020 0.2500000000
60402  44.860  -21.117  55.396 0.1250000000
63222  48.442  -17.795  56.958 0.2500000000
62324  47.831  -18.350  55.768 0.2500000000
125519  47.567  -18.654  56.728 0.2500000000
61380  47.197  -19.512  55.903 0.2500000000
61381  46.812  -19.945  55.887 0.2500000000
60401  45.770  -20.585  55.441 0.2500000000
59478  45.105  -21.240  54.809 0.2500000000
58538  43.497  -22.058  54.948 0.2500000000
63235  48.251  -17.736  56.081 0.2500000000
61392  47.072  -19.283  55.087 0.2500000000
60399  46.859  -19.807  55.318 0.2500000000
60400  46.441  -20.185  55.418 0.2500000000
60417  45.920  -20.563  54.756 0.3750000000
58553  43.525  -22.161  54.265 0.3750000000
57614  42.893  -22.456  54.253 0.3750000000
57615  42.198  -22.636  54.438 0.3750000000
119428  47.108  -18.717  54.786 0.3750000000
60415  46.701  -19.474  54.586 0.3750000000
58551  44.730  -21.493  54.094 0.3750000000
62312  47.983  -18.372  56.516 0.2500000000
62313  47.566  -18.898  56.182 0.2500000000
62325  47.466  -18.907  55.495 0.2500000000
119770  42.817  -22.206  54.989 0.3750000000
56615  41.930  -22.666  55.454 0.5000000000
65142  42.760  -15.321  51.275 0.2500000000
65148  42.088  -15.292  50.562 0.2500000000
129685  42.606  -14.594  50.725 0.3750000000
66061  43.119  -14.003  50.250 0.3750000000
66062  42.479  -14.332  49.875 0.2500000000
66910  43.810  -13.483  49.669 0.2500000000
66069  43.273  -14.027  49.261 0.2500000000
66078  43.833  -13.595  48.442 0.1250000000
66070  42.629  -14.274  48.903 0.1250000000
66087  43.253  -13.939  47.944 0.1250000000
130393  44.441  -13.432  48.736 0.1250000000
66934  45.122  -13.140  48.121 0.2500000000
66924  44.448  -13.380  48.396 0.1250000000
67753  45.611  -12.420  47.725 0.2500000000
66935  44.411  -13.342  47.793 0.1250000000
66086  43.848  -13.532  48.097 0.1250000000
37481  4.344  -44.747  55.033 0.2500000000
43878  34.692  -35.814  62.848 0.1250000000
58561  44.075  -21.824  53.723 0.3750000000
31207  4.432  -50.361  60.758 0.1250000000
128013  4.519  -48.804  58.397 0.1250000000
36491  5.055  -45.811  56.640 0.2500000000
34376  4.672  -47.047  56.465 0.2500000000
35439  4.732  -46.867  57.233 0.2500000000
33170  6.661  -47.182  65.842 0.2500000000
43867  28.268  -35.765  62.883 0.1250000000
54661  36.347  -25.497  56.673 0.2500000000
66923  45.135  -13.292  48.800 0.3750000000
67742  45.629  -12.690  48.452 0.3750000000
30261  4.829  -51.567  58.610 0.1250000000
30248  4.446  -51.884  59.620 0.1250000000
33309  4.741  -48.114  56.034 0.1250000000
34411  4.685  -46.953  55.161 0.2500000000
43890  34.215  -35.840  61.169 0.1250000000
60416  46.448  -19.975  54.617 0.2500000000
60387  45.497  -20.397  55.911 0.1250000000
59479  44.228  -21.676  55.052 0.1250000000
58552  44.220  -21.749  54.479 0.3750000000
128610  42.310  -22.343  54.987 0.3750000000
66917  43.914  -13.610  48.891 0.1250000000
66079  43.307  -14.013  48.502 0.1250000000
48926  33.354  -32.019  71.751 0.3750000000
44986  36.469  -34.360  61.146 0.1250000000
48913  32.737  -31.926  72.800 0.3750000000
48927  32.646  -31.905  71.682 0.3750000000
44985  37.029  -34.092  61.613 0.1250000000
49977  32.976  -31.336  73.322 0.2500000000
48914  32.588  -31.658  72.613 0.3750000000
48915  32.054  -31.045  72.117 0.3750000000
128616  33.498  -28.504  72.202 0.1250000000
48916  31.115  -31.114  72.250 0.2500000000
130449  34.905  -27.755  72.344 0.1250000000
124113  33.860  -28.263  72.122 0.1250000000
49980  30.685  -30.502  72.468 0.2500000000
48930  30.346  -31.322  72.057 0.3750000000
112015  29.864  -30.723  72.290 0.2500000000
124979  38.043  -28.086  68.149 0.1250000000
50941  30.113  -29.966  72.633 0.2500000000
49982  28.140  -30.235  72.743 0.1250000000
54504  39.702  -26.777  68.625 0.1250000000
54503  40.194  -26.196  68.564 0.1250000000
50943  27.768  -29.941  73.280 0.1250000000
55467  39.798  -25.556  68.435 0.1250000000
51769  11.577  -29.184  76.543 0.1250000000
52655  10.057  -28.326  76.646 0.1250000000
134200  8.318  -28.028  75.275 0.1250000000
125434  8.667  -27.862  75.894 0.1250000000
52667  8.203  -28.578  74.840 0.1250000000
52668  8.047  -28.942  74.164 0.1250000000
135346  11.504  -27.670  76.216 0.1250000000
52654  11.097  -28.387  76.636 0.1250000000
53483  10.751  -27.537  76.450 0.1250000000
128057  9.874  -27.467  76.248 0.1250000000
124955  9.174  -27.780  76.195 0.1250000000
128288  8.223  -27.672  75.174 0.1250000000
53485  8.389  -27.158  76.251 0.1250000000
115652  8.365  -28.071  74.537 0.1250000000
57494  42.544  -23.441  64.768 0.1250000000
54451  7.918  -26.600  76.251 0.1250000000
53490  7.766  -26.803  75.645 0.1250000000
128170  7.684  -26.146  76.204 0.1250000000
56491  42.410  -24.245  64.281 0.1250000000
56499  42.525  -23.820  63.866 0.1250000000
56520  42.549  -23.269  63.098 0.1250000000
56508  42.389  -23.810  63.389 0.1250000000
57537  42.551  -23.157  62.534 0.1250000000
117708  42.349  -23.602  62.183 0.1250000000
123912  42.580  -22.662  60.493 0.1250000000
57561  42.467  -22.562  59.551 0.1250000000
58395  42.496  -23.059  65.140 0.1250000000
58405  42.733  -23.146  64.491 0.1250000000
57508  42.768  -23.382  64.008 0.1250000000
126499  42.761  -23.032  63.357 0.1250000000
57536  42.651  -22.960  62.788 0.1250000000
57545  42.669  -22.873  62.109 0.1250000000
57546  42.616  -23.084  61.765 0.1250000000
58406  42.740  -22.784  65.068 0.1250000000
58418  42.927  -22.778  64.195 0.1250000000
59385  42.848  -22.617  63.601 0.1250000000
58432  42.727  -22.857  63.010 0.1250000000
57552  42.721  -22.860  61.457 0.1250000000
59387  42.398  -21.954  63.774 0.1250000000
59386  42.687  -22.162  63.449 0.1250000000
59411  42.814  -22.462  62.109 0.1250000000
58458  42.779  -22.688  61.699 0.1250000000
58469  42.792  -22.613  60.995 0.1250000000
56592  41.988  -22.913  56.206 0.3750000000
58470  42.781  -22.348  60.280 0.1250000000
57585  42.242  -22.788  57.362 0.1250000000
67760  45.629  -12.144  46.877 0.1250000000
71522  48.276  -8.315  47.217 0.2500000000
70545  47.636  -8.793  46.813 0.2500000000
77745  55.030  -2.038  40.696 0.1250000000
77747  55.733  -1.265  39.782 0.1250000000
76865  53.733  -2.296  43.800 0.1250000000
76876  53.773  -2.415  42.316 0.1250000000
126046  53.883  -2.146  43.097 0.1250000000
76875  54.402  -2.194  41.855 0.1250000000
76886  53.743  -2.582  41.409 0.1250000000
76888  55.238  -2.032  40.070 0.1250000000
134948  55.872  -0.757  39.314 0.1250000000
76863  55.086  -1.822  44.084 0.1250000000
77717  55.181  -2.008  43.134 0.1250000000
118287  54.482  -2.152  42.727 0.1250000000
76864  54.518  -2.149  43.568 0.1250000000
77741  55.029  -1.834  41.397 0.1250000000
78628  56.406  -0.618  40.562 0.1250000000
77740  55.643  -1.399  41.722 0.1250000000
79469  56.541  0.899  39.798 0.1250000000
77743  56.320  -1.210  41.182 0.1250000000
77744  55.847  -1.679  40.781 0.1250000000
79477  56.226  1.570  38.908 0.1250000000
79470  56.164  0.458  39.048 0.1250000000
78632  56.183  -0.546  39.672 0.1250000000
80348  55.921  1.914  38.297 0.1250000000
81260  55.789  2.520  38.704 0.1250000000
76841  55.554  -2.081  45.814 0.1250000000
77703  55.869  -1.343  44.552 0.1250000000
76853  54.437  -2.154  44.531 0.1250000000
77715  56.521  -0.723  44.177 0.1250000000
77727  56.397  -0.736  43.069 0.1250000000
77728  55.699  -1.393  42.626 0.1250000000
78615  56.430  -0.370  42.245 0.1250000000
77739  56.000  -0.873  42.028 0.1250000000
77729  55.037  -1.790  42.225 0.1250000000
119445  56.508  1.314  40.837 0.1250000000
78626  56.364  -0.505  41.435 0.1250000000
79465  56.385  0.166  40.742 0.1250000000
81255  55.631  3.158  39.313 0.1250000000
81254  56.069  3.244  39.164 0.1250000000
79463  56.601  0.482  41.859 0.1250000000
80340  56.567  2.208  39.758 0.1250000000
81256  54.495  2.559  39.528 0.1250000000
129064  28.463  -30.075  71.944 0.2500000000
71535  47.888  -8.027  46.576 0.2500000000
57480  42.379  -23.284  65.737 0.1250000000
50927  30.708  -29.773  73.632 0.2500000000
115323  8.468  -28.324  73.771 0.1250000000
128062  8.505  -27.570  74.128 0.1250000000
126165  34.621  -28.374  72.394 0.1250000000
50944  26.961  -30.117  73.487 0.1250000000
49981  29.127  -30.199  72.332 0.2500000000
49983  27.206  -30.383  72.883 0.1250000000
135412  26.610  -30.569  73.073 0.1250000000
53489  8.231  -27.414  75.788 0.1250000000
53494  8.197  -27.197  74.770 0.1250000000
57522  42.598  -23.425  63.444 0.1250000000
121514  42.962  -22.910  63.929 0.1250000000
58444  42.724  -22.778  62.440 0.1250000000
59373  42.637  -22.323  64.199 0.1250000000
59398  42.740  -22.554  62.897 0.1250000000
78629  56.190  -1.108  40.399 0.1250000000
76852  55.269  -1.871  44.988 0.1250000000
77716  55.669  -1.273  43.664 0.1250000000
78631  56.490  -0.021  39.929 0.1250000000
80341  56.163  2.506  38.934 0.1250000000
82176  56.014  3.814  39.696 0.1250000000
82175  56.200  3.564  39.655 0.1250000000
33184  6.558  -47.604  64.776 0.1250000000
33198  7.072  -47.285  64.660 0.1250000000
43952  18.637  -37.011  57.085 0.1250000000
40343  13.259  -40.268  63.802 0.1250000000
114502  14.523  -40.105  62.959 0.1250000000
41199  14.707  -39.498  62.325 0.1250000000
121742  15.085  -38.590  61.911 0.1250000000
41210  15.645  -38.274  61.244 0.1250000000
41232  16.200  -38.303  60.091 0.1250000000
41998  16.992  -38.124  61.404 0.1250000000
42005  17.048  -37.569  60.402 0.1250000000
42006  16.718  -37.919  60.713 0.1250000000
127004  17.548  -37.147  60.010 0.1250000000
43919  18.336  -36.515  59.050 0.1250000000
42879  17.987  -36.810  59.580 0.1250000000
47102  21.367  -33.428  56.657 0.1250000000
47091  21.104  -33.315  57.609 0.1250000000
46108  20.280  -33.952  56.816 0.1250000000
46109  19.534  -34.833  57.220 0.1250000000
45039  18.884  -36.361  57.426 0.1250000000
45024  18.679  -36.137  58.468 0.1250000000
119841  22.703  -33.571  56.009 0.1250000000
125248  22.517  -33.265  56.715 0.1250000000
46121  20.589  -34.086  55.799 0.1250000000
46122  19.737  -34.784  56.001 0.1250000000
45053  19.325  -35.862  56.539 0.1250000000
41188  15.026  -39.750  63.288 0.1250000000
41209  16.358  -38.026  61.557 0.1250000000
127117  15.741  -38.205  62.208 0.1250000000
44947  27.242  -35.034  62.487 0.1250000000
46047  26.211  -33.841  61.423 0.1250000000
47040  25.173  -33.286  61.198 0.1250000000
42863  17.461  -37.231  60.799 0.1250000000
46059  25.843  -33.997  60.643 0.1250000000
47053  24.791  -33.536  60.400 0.1250000000
47068  23.716  -32.948  59.436 0.1250000000
46097  24.638  -33.393  58.757 0.1250000000
47079  23.683  -33.035  58.770 0.1250000000
47080  22.169  -32.972  58.439 0.1250000000
47069  22.546  -32.987  59.333 0.1250000000
47089  23.303  -33.495  57.624 0.1250000000
118408  23.112  -33.451  58.241 0.1250000000
47081  20.733  -33.352  58.525 0.1250000000
46098  19.903  -33.862  57.834 0.1250000000
46099  19.280  -34.743  58.284 0.1250000000
45006  18.621  -35.959  59.419 0.1250000000
47018  26.346  -32.939  62.664 0.2500000000
41997  17.166  -37.778  61.202 0.1250000000
47028  25.575  -32.920  62.007 0.1250000000
47041  24.126  -32.826  61.021 0.1250000000
117132  18.270  -36.425  59.896 0.1250000000
42878  17.882  -36.790  60.338 0.1250000000
47054  23.806  -33.075  60.256 0.1250000000
126762  19.312  -34.820  59.133 0.1250000000
45005  19.030  -35.164  59.820 0.1250000000
117128  21.626  -33.204  59.937 0.1250000000
47070  21.346  -33.163  59.223 0.1250000000
47071  20.371  -33.585  59.234 0.1250000000
45023  18.942  -35.462  58.862 0.1250000000
48027  24.598  -32.721  63.573 0.2500000000
41988  17.404  -37.843  62.078 0.1250000000
48034  24.427  -32.713  62.685 0.1250000000
48036  22.647  -33.409  62.244 0.2500000000
42846  17.569  -37.357  61.670 0.1250000000
48044  24.370  -32.768  61.807 0.1250000000
48045  23.383  -33.057  61.686 0.1250000000
48037  21.902  -33.623  61.982 0.1250000000
44990  19.090  -35.245  60.859 0.1250000000
42862  17.781  -36.800  61.188 0.1250000000
48057  22.527  -32.888  61.022 0.1250000000
47043  20.131  -33.781  61.183 0.1250000000
46073  19.629  -34.530  60.478 0.1250000000
44991  18.545  -35.782  60.303 0.1250000000
47055  22.526  -33.043  60.348 0.1250000000
47057  20.478  -33.615  60.034 0.1250000000
46086  19.773  -34.371  59.617 0.1250000000
133146  10.041  -32.373  58.557 0.1250000000
51906  11.848  -29.812  61.571 0.1250000000
134964  11.588  -30.421  61.164 0.1250000000
50103  11.219  -31.287  60.422 0.1250000000
56607  40.670  -23.508  56.250 0.2500000000
112344  40.877  -23.216  58.104 0.1250000000
125721  41.042  -23.476  57.376 0.2500000000
56581  40.637  -23.562  57.555 0.2500000000
56594  40.909  -23.825  56.916 0.2500000000
114984  42.409  -22.630  55.706 0.2500000000
65149  41.380  -15.581  50.232 0.1250000000
64238  40.669  -16.420  49.933 0.1250000000
65158  41.845  -14.632  49.618 0.1250000000
133682  40.870  -15.739  50.006 0.1250000000
121444  41.210  -18.176  49.958 0.1250000000
63325  41.879  -17.366  50.462 0.1250000000
63331  41.182  -17.388  50.167 0.1250000000
64237  41.235  -16.550  50.313 0.1250000000
63332  40.594  -17.254  49.769 0.1250000000
61460  41.438  -18.963  50.115 0.1250000000
63330  41.764  -18.019  50.303 0.1250000000
61459  42.214  -19.492  50.369 0.1250000000
62391  42.518  -18.085  50.561 0.1250000000
62398  41.972  -18.662  50.392 0.1250000000
60500  41.511  -19.621  50.181 0.1250000000
48033  25.360  -32.521  62.868 0.1250000000
48028  23.636  -33.130  63.377 0.2500000000
49066  9.241  -32.630  58.593 0.2500000000
48047  21.885  -33.160  61.266 0.1250000000
65159  41.269  -14.927  49.456 0.1250000000
45054  18.971  -36.631  56.482 0.1250000000
132902  17.656  -37.157  59.256 0.1250000000
43936  17.987  -36.941  58.694 0.1250000000
47090  22.294  -33.167  57.549 0.1250000000
45038  18.983  -35.588  57.810 0.1250000000
47101  21.759  -33.819  55.759 0.1250000000
46071  25.324  -34.174  59.923 0.1250000000
46085  24.507  -33.064  59.020 0.1250000000
43905  18.141  -36.284  60.743 0.1250000000
47082  19.768  -34.034  58.791 0.1250000000
48056  23.151  -32.774  60.957 0.1250000000
47056  21.075  -33.174  60.804 0.1250000000
48035  23.476  -33.092  62.501 0.1250000000
48046  22.605  -33.208  61.536 0.1250000000
64247  40.702  -15.340  49.372 0.1250000000
35478  4.566  -46.179  54.962 0.1250000000
36526  4.777  -45.257  54.545 0.1250000000
47067  36.982  -33.507  59.993 0.1250000000
47077  37.260  -33.434  59.732 0.1250000000
134692  37.468  -33.449  60.497 0.1250000000
48070  37.574  -33.177  59.563 0.1250000000
51921  35.509  -30.032  60.376 0.1250000000
51930  35.244  -30.255  59.633 0.1250000000
52812  34.191  -28.480  58.632 0.1250000000
53695  34.067  -28.094  57.659 0.1250000000
52799  35.282  -28.290  59.664 0.1250000000
53680  34.893  -27.882  59.030 0.1250000000
127826  35.087  -27.567  57.909 0.1250000000
53707  34.731  -27.195  57.042 0.1250000000
53708  33.863  -27.652  56.864 0.1250000000
53679  35.823  -27.486  59.165 0.1250000000
53694  35.663  -27.319  58.473 0.1250000000
54662  35.180  -26.373  56.385 0.1250000000
127997  34.453  -26.971  56.412 0.1250000000
54686  34.567  -25.903  55.163 0.1250000000
54632  36.423  -26.845  58.498 0.1250000000
54649  36.024  -26.807  57.803 0.1250000000
54650  35.574  -26.685  57.146 0.1250000000
117091  36.286  -26.124  57.227 0.1250000000
119612  35.888  -26.082  56.678 0.1250000000
54676  35.135  -25.697  55.646 0.1250000000
55645  34.851  -25.015  54.974 0.1250000000
62303  46.871  -18.661  57.090 0.1250000000
62293  47.976  -18.252  57.394 0.1250000000
128176  47.537  -18.124  57.961 0.1250000000
62302  47.327  -18.520  57.259 0.1250000000
61359  47.095  -19.083  56.563 0.1250000000
114586  48.483  -17.588  57.885 0.1250000000
118063  36.710  -26.124  57.949 0.1250000000
63208  48.741  -17.127  57.302 0.1250000000
64153  48.577  -17.019  56.490 0.1250000000
55639  35.876  -24.830  55.360 0.1250000000
61370  46.152  -19.893  56.431 0.1250000000
62294  47.139  -18.170  57.909 0.1250000000
64133  49.281  -16.820  58.033 0.1250000000
64144  48.910  -16.351  57.026 0.1250000000
54675  35.814  -25.568  56.137 0.1250000000
55655  35.613  -24.372  54.388 0.1250000000
112629  43.344  -21.956  55.400 0.1250000000
58539  42.920  -22.514  55.775 0.1250000000
57595  42.358  -22.813  56.445 0.1250000000
61360  46.571  -19.274  56.602 0.1250000000
47078  37.166  -33.848  59.085 0.1250000000
52805  34.484  -28.781  59.347 0.1250000000
35397  4.175  -46.908  61.040 0.5000000000
37334  3.779  -44.700  68.627 0.6250000000
37426  3.780  -44.940  61.920 0.5000000000
37460  4.442  -44.850  60.618 0.5000000000
38388  3.653  -43.826  65.624 0.6250000000
38414  3.649  -43.683  62.469 0.5000000000
39301  9.020  -41.729  74.195 0.6250000000
39465  3.761  -43.092  62.036 0.5000000000
40265  6.145  -40.553  72.212 0.7500000000
40356  4.648  -42.232  63.277 0.6250000000
40357  4.001  -42.056  63.847 0.6250000000
40473  3.723  -41.740  54.835 0.3750000000
41189  5.215  -41.617  63.490 0.7500000000
41190  4.649  -41.765  63.816 0.6250000000
41331  4.208  -40.059  54.623 0.3750000000
41336  5.327  -39.893  54.222 0.3750000000
41898  7.159  -39.078  75.322 0.6250000000
41916  5.473  -38.745  73.536 0.6250000000
42756  4.845  -37.977  71.003 0.7500000000
42771  32.849  -36.449  65.706 0.5000000000
42774  31.468  -36.046  65.075 0.5000000000
42779  33.386  -36.355  65.025 0.2500000000
42783  30.256  -36.470  64.128 0.3750000000
42788  7.664  -38.392  65.384 0.8750000000
42790  33.967  -36.302  64.632 0.3750000000
42792  32.292  -36.712  64.229 0.2500000000
42794  30.469  -36.857  63.843 0.3750000000
42797  28.598  -36.472  62.796 0.1250000000
42807  34.711  -36.002  63.909 0.2500000000
42813  28.896  -37.017  62.634 0.3750000000
42814  28.396  -36.962  62.371 0.2500000000
42825  33.189  -36.400  62.483 0.2500000000
42842  29.077  -36.982  61.296 0.1250000000
42843  28.741  -36.690  61.156 0.1250000000
42848  7.073  -38.917  61.375 1.0000000000
42857  29.781  -36.714  60.817 0.1250000000
42858  29.267  -36.727  61.006 0.1250000000
42859  28.986  -36.641  60.865 0.1250000000
43818  34.476  -35.613  66.336 0.6250000000
43819  33.953  -35.527  66.771 0.6250000000
43821  32.268  -36.293  66.296 0.7500000000
43833  32.436  -36.494  66.126 0.6250000000
43834  31.477  -35.892  65.734 0.7500000000
43836  29.916  -35.608  64.377 0.5000000000
43843  34.105  -36.289  65.126 0.3750000000
43844  30.025  -36.055  64.320 0.3750000000
43849  7.262  -37.354  66.046 0.8750000000
43855  28.646  -35.949  63.123 0.3750000000
43864  35.645  -35.474  63.466 0.5000000000
43865  35.008  -35.880  63.472 0.1250000000
43884  7.921  -37.675  62.868 1.0000000000
43937  5.672  -37.365  58.179 0.8750000000
44878  34.407  -34.455  67.947 0.6250000000
44881  32.601  -35.269  68.345 0.7500000000
44892  34.842  -34.987  67.275 0.5000000000
44893  33.251  -35.203  67.823 0.7500000000
44895  32.475  -35.246  67.236 0.7500000000
44902  35.690  -35.018  66.290 0.6250000000
44906  31.123  -34.827  65.908 0.7500000000
44913  37.074  -35.328  65.425 0.6250000000
44914  36.256  -35.103  65.715 0.7500000000
44922  37.746  -35.293  64.823 0.6250000000
44924  29.242  -35.518  64.095 0.6250000000
44938  7.385  -36.820  63.879 0.8750000000
44939  6.717  -36.465  64.156 1.0000000000
44965  7.645  -37.085  62.469 1.0000000000
44971  37.330  -33.960  62.325 0.3750000000
45091  4.281  -36.892  55.277 0.5000000000
45133  5.210  -37.403  53.715 0.2500000000
45936  22.052  -34.981  73.884 0.2500000000
45966  31.395  -34.434  69.243 0.6250000000
46003  37.849  -33.480  66.522 0.6250000000
46006  30.189  -33.959  65.348 0.7500000000
46019  39.080  -33.939  65.118 0.8750000000
46023  28.513  -34.537  63.737 0.5000000000
46037  26.624  -34.018  62.179 0.2500000000
46072  24.609  -33.430  59.581 0.1250000000
46123  4.507  -35.884  57.011 0.6250000000
46174  6.270  -35.589  53.371 0.1250000000
46929  33.819  -33.948  70.156 0.6250000000
46941  32.533  -33.781  69.724 0.5000000000
46943  31.412  -33.351  69.580 0.6250000000
46953  35.669  -33.699  68.195 0.6250000000
46965  38.177  -32.719  66.636 0.7500000000
46978  4.533  -34.398  68.348 0.5000000000
46980  38.434  -32.834  66.316 0.7500000000
46982  30.810  -32.897  66.912 0.7500000000
47006  39.556  -32.971  64.773 0.8750000000
47007  38.881  -33.292  64.336 0.8750000000
47133  4.754  -35.508  55.564 0.3750000000
47151  5.547  -35.320  54.065 0.1250000000
47152  5.001  -35.484  54.374 0.3750000000
47960  35.777  -32.933  68.462 0.6250000000
47983  30.359  -32.538  67.069 0.8750000000
47996  39.218  -32.076  66.062 0.6250000000
48009  28.605  -32.616  65.699 0.7500000000
48013  24.772  -32.952  65.355 0.6250000000
48018  27.294  -32.802  63.895 0.7500000000
48023  39.211  -32.267  64.322 1.0000000000
48024  38.982  -32.952  63.458 0.8750000000
48135  9.688  -33.818  52.857 0.1250000000
48920  22.160  -32.324  73.272 0.2500000000
48937  5.298  -31.878  73.207 0.3750000000
48941  34.027  -31.610  71.220 0.6250000000
48955  35.130  -32.677  69.576 0.6250000000
49001  27.816  -32.082  66.397 0.7500000000
49084  5.362  -33.187  57.991 0.6250000000
49098  5.130  -33.605  57.263 0.7500000000
49991  34.331  -31.372  72.259 0.5000000000
50035  41.002  -30.683  66.742 0.7500000000
50048  4.992  -32.227  66.128 0.6250000000
50058  40.616  -31.018  64.541 1.0000000000
50059  40.171  -31.422  64.473 1.0000000000
50968  34.626  -30.952  69.404 0.5000000000
51035  17.173  -29.934  63.647 0.2500000000
51791  33.456  -29.215  73.431 0.3750000000
51793  30.063  -27.890  72.363 0.1250000000
51804  34.992  -29.562  71.600 0.5000000000
51806  34.909  -29.670  72.429 0.5000000000
51809  13.437  -28.887  72.868 0.1250000000
51827  40.836  -29.300  69.138 0.2500000000
51839  41.627  -28.581  67.784 0.2500000000
51840  41.530  -28.839  68.303 0.3750000000
51877  19.034  -29.309  63.801 0.2500000000
52694  34.844  -28.190  69.076 0.2500000000
52699  41.328  -28.759  69.109 0.2500000000
52700  40.888  -28.655  69.233 0.2500000000
53491  30.575  -28.775  73.470 0.1250000000
53565  41.762  -27.347  69.027 0.2500000000
54488  40.884  -26.434  68.914 0.2500000000
56446  23.365  -25.098  68.889 0.1250000000
65090  48.305  -15.941  55.486 0.3750000000
77749  55.653  -1.077  38.942 0.1250000000
81253  56.352  3.032  39.444 0.1250000000
111990  41.271  -29.316  68.393 0.3750000000
112165  30.458  -37.511  61.917 0.1250000000
112166  30.725  -37.472  62.808 0.2500000000
112314  30.012  -37.489  62.531 0.2500000000
113420  32.761  -36.699  63.778 0.2500000000
113857  4.566  -32.783  59.134 0.7500000000
113860  29.440  -34.830  64.254 0.5000000000
113979  35.996  -34.321  67.544 0.5000000000
114897  27.906  -36.160  62.484 0.3750000000
114976  29.272  -36.566  60.358 0.1250000000
114996  21.470  -35.567  73.219 0.2500000000
115126  3.273  -40.424  55.127 0.5000000000
115842  29.605  -36.539  60.641 0.1250000000
116003  4.542  -34.014  69.552 0.5000000000
116159  6.226  -31.453  67.707 0.5000000000
116911  31.807  -36.286  65.288 0.3750000000
117834  39.798  -31.470  65.778 0.6250000000
117886  4.625  -38.945  55.883 0.6250000000
118099  3.612  -43.746  68.066 0.6250000000
118294  13.948  -32.648  66.520 0.2500000000
118864  4.908  -36.834  69.481 0.7500000000
119277  36.713  -34.395  63.349 0.5000000000
120669  4.239  -45.390  60.977 0.3750000000
121478  13.290  -28.576  75.410 0.1250000000
126296  3.967  -45.343  61.844 0.5000000000
126992  6.664  -33.905  56.944 0.5000000000
127461  4.858  -45.477  70.184 0.6250000000
127509  46.067  -13.992  53.422 0.6250000000
127670  5.631  -40.850  62.055 0.5000000000
130251  10.287  -27.019  66.840 0.1250000000
131802  9.797  -42.905  73.949 0.7500000000
132095  6.254  -31.254  66.040 0.5000000000
132318  15.658  -40.210  71.755 0.5000000000
132331  34.412  -28.650  72.545 0.1250000000
132391  32.150  -36.546  66.126 0.6250000000
132397  36.707  -33.346  67.248 0.6250000000
132457  31.690  -35.382  67.995 0.7500000000
132498  33.678  -35.191  67.365 0.7500000000
132696  3.848  -33.924  66.168 0.5000000000
132899  17.856  -25.342  62.538 0.1250000000
133924  40.668  -26.442  64.131 0.3750000000
134140  30.195  -37.152  61.410 0.2500000000
134159  9.570  -30.711  64.116 0.2500000000
134700  22.828  -36.759  70.602 0.5000000000
134893  33.087  -35.547  66.714 0.6250000000
135198  17.191  -23.594  64.785 0.1250000000
135288  7.494  -38.859  66.435 1.0000000000
135405  41.317  -29.708  65.411 0.6250000000
