global_signal	global_signal_derivative1	global_signal_derivative1_power2	global_signal_power2	csf	csf_derivative1	csf_power2	csf_derivative1_power2	white_matter	white_matter_derivative1	white_matter_derivative1_power2	white_matter_power2	csf_wm	tcompcor	std_dvars	dvars	framewise_displacement	rmsd	t_comp_cor_00	t_comp_cor_01	t_comp_cor_02	t_comp_cor_03	c_comp_cor_00	c_comp_cor_01	c_comp_cor_02	c_comp_cor_03	c_comp_cor_04	c_comp_cor_05	c_comp_cor_06	c_comp_cor_07	c_comp_cor_08	w_comp_cor_00	w_comp_cor_01	w_comp_cor_02	w_comp_cor_03	w_comp_cor_04	w_comp_cor_05	w_comp_cor_06	w_comp_cor_07	w_comp_cor_08	w_comp_cor_09	w_comp_cor_10	w_comp_cor_11	w_comp_cor_12	w_comp_cor_13	w_comp_cor_14	w_comp_cor_15	w_comp_cor_16	w_comp_cor_17	w_comp_cor_18	w_comp_cor_19	w_comp_cor_20	w_comp_cor_21	w_comp_cor_22	w_comp_cor_23	w_comp_cor_24	w_comp_cor_25	w_comp_cor_26	w_comp_cor_27	w_comp_cor_28	w_comp_cor_29	w_comp_cor_30	w_comp_cor_31	w_comp_cor_32	w_comp_cor_33	w_comp_cor_34	w_comp_cor_35	w_comp_cor_36	w_comp_cor_37	w_comp_cor_38	w_comp_cor_39	w_comp_cor_40	w_comp_cor_41	a_comp_cor_00	a_comp_cor_01	a_comp_cor_02	a_comp_cor_03	a_comp_cor_04	a_comp_cor_05	a_comp_cor_06	a_comp_cor_07	a_comp_cor_08	a_comp_cor_09	a_comp_cor_10	a_comp_cor_11	a_comp_cor_12	a_comp_cor_13	a_comp_cor_14	a_comp_cor_15	a_comp_cor_16	a_comp_cor_17	a_comp_cor_18	a_comp_cor_19	a_comp_cor_20	a_comp_cor_21	a_comp_cor_22	a_comp_cor_23	a_comp_cor_24	a_comp_cor_25	a_comp_cor_26	a_comp_cor_27	a_comp_cor_28	a_comp_cor_29	a_comp_cor_30	a_comp_cor_31	a_comp_cor_32	a_comp_cor_33	a_comp_cor_34	a_comp_cor_35	a_comp_cor_36	a_comp_cor_37	edge_comp_00	edge_comp_01	edge_comp_02	edge_comp_03	edge_comp_04	edge_comp_05	edge_comp_06	edge_comp_07	edge_comp_08	edge_comp_09	edge_comp_10	edge_comp_11	edge_comp_12	edge_comp_13	edge_comp_14	edge_comp_15	edge_comp_16	edge_comp_17	edge_comp_18	edge_comp_19	edge_comp_20	edge_comp_21	edge_comp_22	edge_comp_23	cosine00	cosine01	cosine02	cosine03	non_steady_state_outlier00	trans_x	trans_x_derivative1	trans_x_derivative1_power2	trans_x_power2	trans_y	trans_y_derivative1	trans_y_power2	trans_y_derivative1_power2	trans_z	trans_z_derivative1	trans_z_derivative1_power2	trans_z_power2	rot_x	rot_x_derivative1	rot_x_derivative1_power2	rot_x_power2	rot_y	rot_y_derivative1	rot_y_power2	rot_y_derivative1_power2	rot_z	rot_z_derivative1	rot_z_derivative1_power2	rot_z_power2
769.5648086236149	n/a	n/a	592229.994671901	1169.3162132948637	n/a	1367300.406674239	n/a	786.0910006882343	n/a	n/a	617939.0613630296	829.647532955052	748.6158517610521	n/a	n/a	n/a	n/a	0.0	0.0	0.0	0.0	0.0	0.0	0.0	0.0	0.0	0.0	0.0	0.0	0.0	0.0	0.0	0.0	0.0	0.0	0.0	0.0	0.0	0.0	0.0	0.0	0.0	0.0	0.0	0.0	0.0	0.0	0.0	0.0	0.0	0.0	0.0	0.0	0.0	0.0	0.0	0.0	0.0	0.0	0.0	0.0	0.0	0.0	0.0	0.0	0.0	0.0	0.0	0.0	0.0	0.0	0.0	0.0	0.0	0.0	0.0	0.0	0.0	0.0	0.0	0.0	0.0	0.0	0.0	0.0	0.0	0.0	0.0	0.0	0.0	0.0	0.0	0.0	0.0	0.0	0.0	0.0	0.0	0.0	0.0	0.0	0.0	0.0	0.0	0.0	0.0	0.0	0.0	0.0	0.0	0.0	0.0	0.0	0.0	0.0	0.0	0.0	0.0	0.0	0.0	0.0	0.0	0.0	0.0	0.0	0.0	0.0	0.0	0.0	0.0	0.0	0.0	0.0	0.0	0.0	0.0	0.0	0.0	1.0	1.789460061729642e-05	n/a	n/a	3.202167312525454e-10	-0.0683406307337861	n/a	0.0046704418090917	n/a	-0.0004850440020476	n/a	n/a	2.352676839223522e-07	-0.0030117843387159	n/a	n/a	9.07084490293437e-06	-0.0003501489311732	n/a	1.2260427400173437e-07	n/a	-0.0015620317224459	n/a	n/a	2.439943101927305e-06
766.0381275931936	-3.5266810304212868	12.43747909033335	586814.412926486	1143.2284614890814	-26.08775180578232	1306971.315158692	680.5707942800987	786.4332911546709	0.342290466436566	0.1171627634133619	618477.3214363673	827.2575020226146	728.0940483604671	1.186143	25.911823	0.1409350309381528	0.0730054549097801	-0.0651817142	-0.106588485	0.0375887754	-0.0177094912	-0.0441459262	0.1230142155	-0.0353398074	0.0414037485	-0.0101341664	0.1352654815	-0.0870278279	0.1463249782	-0.1841257403	-0.0040969237	-0.0605103752	0.0189195951	-0.067418547	0.0515229144	0.0711048894	-0.1639667452	0.001962374	-0.0440516083	0.0032011341	-0.0340976166	0.1084213653	-0.0972841781	0.0819702964	-0.0071050124	0.0924013356	-0.0429194261	0.007158814	0.1591636421	-0.2211331164	0.0524455584	0.1616188636	-0.0820873475	0.0195379953	0.0238217759	0.05958043	-0.0034456725	-0.1457243705	0.0814568171	-0.0717486414	-0.0826899237	-0.1471862515	0.0155969445	0.1106591254	0.0545242184	-0.1359036323	-0.1020071507	-0.2288194856	0.0801265731	0.1370956508	-0.1063280986	-0.1334088623	-0.0277733036	0.1041655008	-0.0093974114	0.0275555417	0.0888958395	-0.1000265514	0.0130085283	-0.072138754	0.1336715597	-0.1273936512	0.0570620784	-0.1051905197	0.0018850852	-0.1203337614	0.0783672831	-0.0088601589	0.0267138257	-0.0085873255	0.0547339564	-0.0779897949	0.0761144568	0.0066597106	-0.1675351135	-0.2681497886	0.037632082	-0.1420241922	0.0900830886	0.0394897345	0.0295414775	-0.0718648877	-0.1280250976	0.0731462358	0.0984173538	-0.1574436853	-0.0184065673	-0.0050955117	0.1436410014	0.0075584472	-0.0731847402	0.1030254081	-0.0959645218	0.1110373578	0.1683217325	-0.2589195289	0.0829477533	-0.0352647007	0.0264272128	-0.1375894987	0.1708798574	-0.0871152674	-0.0299007203	0.0685381774	-0.0538781205	0.1151439467	-0.0415336945	0.0263134281	-0.076011951	0.03290331	-0.0150057475	0.0369519314	-0.0363118721	0.190165292	0.1296294506	0.1295955703	0.1295391098	0.1294600787	0.0	0.0128220212927487	0.0128041266921314	0.0001639456603481	0.0001644042300317	-0.1148077984203723	-0.0464671676865861	0.0131808305781328	0.0021591976728133	0.0017675660191827	0.0022526100212303	5.074251907747173e-06	3.1242896321693773e-06	-0.0021366018252329	0.000875182513483	7.659444319064215e-07	4.56506735958856e-06	-0.0001969295543928	0.0001532193767804	3.8781249393346766e-08	2.3476177420974185e-08	-0.0010022110819452	0.0005598206405006	3.133991495306139e-07	1.0044270527737684e-06
765.364671761383	-0.6734558318106565	0.4535427573997832	585783.0807804095	1139.1351355612278	-4.093325927853584	1297628.8570700968	16.75531715163841	784.9064715563376	-1.5268195983333044	2.331178085854673	616078.1690910198	825.2252838513954	728.3359631800619	1.086081	23.725908	0.2027369189409547	0.1219525007821414	0.1298941972	-0.0943001576	-0.0482885458	0.0157013553	0.1271940456	0.0677278584	-0.0776953925	-0.0295253051	0.0226372555	0.1415488556	0.0859227029	-0.0243987627	-0.1227426816	0.1099111871	-0.0492183443	0.0876504519	-0.0007791962	-0.0889390831	-0.0134262451	-0.0563876942	-0.0195768853	-0.1147509176	-0.2334521546	0.0780529528	-0.0009971234	0.0269784691	-0.1387072414	0.0619460149	-0.0052827641	-0.1050386177	0.0112408141	0.0712732221	-0.0767731541	0.1507018721	-0.043326746	-0.0064345942	-0.0730992568	0.1044582209	0.0971260068	0.1369364254	-0.1090949977	-0.0349976335	0.0493456448	0.0038096269	-0.0783343831	0.1482285228	-0.0635929431	-0.1108986358	-0.0246868337	0.0375548294	-0.0658860761	0.0849205259	-0.0371678556	-0.0801067844	0.0706318251	0.1174833563	0.0225794386	0.0362786015	-0.0717452191	0.0195587987	0.0559495814	-0.0885948368	-0.2043142203	-0.1099770101	-0.1225704919	0.1098022052	0.014615498	0.0576947721	-0.0205930199	-0.0085931805	-0.0273822033	0.0223998218	-0.1551982753	0.1256803654	-0.1104502452	0.1712158026	-0.0522675784	-0.0680916039	-0.0133705061	0.0426375764	-0.2038322228	0.0759382245	-0.1628572491	-0.0024241134	-0.016467715	0.0280622233	-0.0429113762	0.0249998233	-0.0515649436	-0.0725429024	0.064631355	0.0983476068	0.1105234896	0.1005972425	0.0532320391	-0.084121282	-0.089091207	0.0823818785	-0.2400117685	0.1918823885	-0.0009960045	0.0299470784	-0.0190805216	0.1672410549	-0.1528985897	0.0555229657	0.220588502	0.0572337279	0.0891265229	0.0921969048	0.1646093006	-0.2322066257	0.0044110266	-0.0149794886	-0.072280619	-0.0532464377	-0.1915842969	0.1295391098	0.1292343642	0.128726986	0.1280177706	0.0	0.0245111272553089	0.0116891059625602	0.0001366351982039	0.0006007953593259	-0.0089533094785423	0.10585448894183	8.016175061855541e-05	0.011205172829136	0.0592257916892222	0.0574582256700395	0.0033014476971491	0.0035076944012151	-0.0021362836583395	3.181668933997274e-07	1.0123017205563351e-13	4.563707868888399e-06	-0.0004205766067963	-0.0002236470524035	1.768846821842895e-07	5.001800404877388e-08	-0.0013329478299788	-0.0003307367480336	1.0938679649984101e-07	1.7767499174451918e-06
765.5492904601927	0.184618698809686	0.0340840639501815	586065.7161241045	1133.4129242748022	-5.722211286425591	1284624.8569131584	32.74370200649641	785.6246378623381	0.7181663060005121	0.5157628430744212	617206.0716163298	824.6065902323751	720.7116849640978	1.206312	26.352413	0.0682849374058179	0.0352237145930251	0.0124720078	0.1733874966	0.0910032071	0.0550143427	0.0409426382	-0.1720706461	0.136313506	-0.0684540169	0.0726492506	-0.0018702707	-0.0626133869	-0.0367486939	-0.0524967299	-0.0467895502	0.1934217382	0.0125151383	-0.1156063511	-0.1899539517	0.115563334	-0.052856212	0.0253815918	0.1480794634	0.0156954946	0.1090848222	-0.1484193684	-0.0859770239	0.1353490086	0.1314930563	0.0505270064	0.1539258385	0.1584779019	0.1677879541	0.1160301468	0.1385284476	-0.0329904889	-0.056217892	-0.1103658672	-0.1032089448	0.0592018296	-0.0679943412	-0.0033208569	0.0616641044	0.0236468136	0.0050019464	0.2187937621	0.027424582	-0.0035385564	-0.0544686874	-0.0790743064	0.0572949074	0.0013100077	-0.1363631487	-0.0777140317	0.0288715927	0.0381990984	-0.0216443291	-0.1944557678	0.0642866248	0.0799295132	-0.1499957651	-0.0910764367	-0.089914079	-0.0861416457	0.0865270519	0.1008777582	0.020573002	-0.0652578044	0.042436436	-0.1086985945	0.0011324296	-0.3012271263	-0.0403583219	-0.0221416943	0.0077758583	-0.1094972562	-0.1020827905	-0.2054489679	-0.288563022	0.0698246151	-0.0589409843	0.086167018	-0.1293470538	-0.0195838596	-0.0700119612	0.100040224	-0.1028406208	0.0832707131	-0.035970952	0.0738475889	0.0123061908	0.0252573829	0.0118437582	0.0340462909	0.0267399128	-0.1088263439	-0.098576439	0.0484006371	-0.0276938648	-0.1674890472	0.1089074055	0.0634649049	-0.1624033617	-0.0762396588	0.0865736567	0.1089279464	0.0763732279	0.0634581156	-0.0250994461	-0.0111382405	0.1966641882	-0.060632448	0.0686194534	0.0162299073	0.1799646538	-0.0067422368	-0.1047962384	-0.0260449024	0.129358491	0.1285129588	0.12710783	0.125149223	0.0	0.0241159606845826	-0.0003951665707262	1.561566186195826e-07	0.0005815795597403	-0.0212509146518726	-0.0122976051733303	0.0004516013735411	0.0001512310929991	0.0415083980943009	-0.0177173935949212	0.0003139060357973	0.0017229471123549	-0.0017642738794805	0.000372009778859	1.383912755667223e-07	3.1126623218171736e-06	-0.0005210757655014	-0.0001004991587051	2.7151995339287e-07	1.0100080900432876e-08	-0.0010479613262061	0.0002849865037727	8.12173073325872e-08	1.098222941223648e-06
766.1489623050729	0.5996718448802767	0.3596063215421146	586984.2324411401	1140.0033970326183	6.590472757816087	1299607.7452459096	43.43433117151599	786.663856874222	1.0392190118839153	1.0799761546609812	618840.0237122264	827.4290133606603	728.5593671368183	1.151398	25.152798	0.0687485615213003	0.0325639054561826	-0.0943469567	-0.0084724462	-0.0419087292	-0.1551225978	-0.1463830317	-0.0054580753	0.003432444	0.1547201624	0.0110631768	-0.0114937898	0.070279433	0.2441415066	0.1297052362	-0.0710865563	0.0134635841	-0.2798046941	0.0270843042	0.0412050614	0.1504443209	-0.1172590924	0.0933588632	0.0714212529	-0.0031506078	0.0963025792	0.2076587213	-0.0092637549	-0.0754341381	0.0675447502	0.0096215801	0.0426106152	0.0042141188	-0.0202100291	0.0083409974	0.0458859594	0.0065691924	-0.0120474976	0.0282511135	-0.0966393303	-0.1378240665	-0.1084976285	0.1069154644	0.0014294651	0.0545641268	-0.2175375661	0.0703887321	0.0392606867	-0.0580125974	-0.1118107265	0.0051170356	-0.0200896921	-0.0929172476	0.0029256876	-0.021563163	0.0666902088	-0.0132151934	-0.0988385686	0.0483433717	-0.2123348477	0.107129525	0.0371725165	-0.169629667	0.2375795251	-0.0101682531	0.1229616886	0.0366703806	0.0795656641	-0.1778618646	0.0080053049	0.2306962282	-0.0265364386	0.0125714255	0.0508226618	-0.0846836295	0.083189941	-0.0411947701	-0.0448675095	-0.0617992286	0.0314875747	0.1350080823	0.0398593499	0.0613609013	-0.1294346589	-0.1186141968	0.0081724603	0.1094997868	0.0346574869	0.046572686	0.0051619033	0.1195189989	-0.0588576677	0.0508629501	0.0627029901	0.0111407387	-0.0817682101	-0.0835959815	-0.0540386867	0.008003745	0.2102666584	-0.1399996793	0.0696768631	-0.0830624256	-0.0803023692	-0.1598438678	-0.064388236	-0.118470564	-0.0430770348	-0.0753856917	0.1963986049	-0.0675344468	-0.0114883517	-0.0451630967	0.0686835776	-0.088210434	-0.0785588477	0.1187451545	-0.0237029836	0.1287075027	0.1290877201	0.1274333647	0.1246917927	0.1208863942	0.0	0.0246556619425888	0.0005397012580061	2.9127744789347465e-07	0.0006079016658272	-0.0091194554577356	0.012131459194137	8.316446784562362e-05	0.000147172302179	0.0130689582033838	-0.0284394398909171	0.000808801741309	0.0001707976685217	-0.0019929333823125	-0.0002286595028319	5.2285168235377415e-08	3.971783466335541e-06	-0.0007618740156074	-0.000240798250106	5.804520156577448e-07	5.798379725411173e-08	-0.0011312627968329	-8.330147062680015e-05	6.9391350085876495e-09	1.2797555154981957e-06
765.5535932566354	-0.5953690484375329	0.3544643038374134	586072.304148146	1140.110144391656	0.1067473590376266	1299851.1413447624	0.0113949986615079	786.4816379933653	-0.1822188808566807	0.0332037205406611	618553.3669007269	826.594574297621	723.8444953858444	1.049439	22.925457	0.0953612192110651	0.0513293478119865	-0.0418866839	0.1072567318	-0.1344237639	0.0675346872	-0.0673043639	-0.0791816885	-0.1941350295	-0.093117718	-0.0386740595	0.1058693631	-0.0125978545	0.1459087316	-0.052993821	-0.0984136041	0.0756055288	0.0844319928	0.0127784464	0.0151068217	-0.0071684514	-0.0390466366	0.0080584124	-0.0583881437	-0.1093417273	0.0123634944	0.0924823289	0.0626040954	-0.1580354618	0.0622374042	0.0727682237	-0.1389540994	0.0209122277	-0.0118565727	0.1673765526	-0.0527295762	-0.1821642921	-0.0909866036	-0.0105753709	-0.0739697282	-0.0546044685	0.0113084611	-0.0109252301	-0.1732174369	-0.0898440982	0.0305759888	-0.1919936287	-0.0189784236	0.0422683084	-0.028318535	0.0828196483	-0.0050475066	-0.0014698295	0.018192862	-0.0333398618	0.1761553132	-0.0668109047	-0.1014260915	-0.0487983088	-0.0234936935	-0.1417431896	0.0818715107	-0.1188575866	0.0795254265	-0.1099626968	0.0062695144	-0.1662447431	0.0146465575	0.0707166435	0.0653004425	0.0512325573	-0.1090846654	0.1520491546	-0.0139929884	-0.0470013063	-0.0217633113	-0.0070321278	-0.1289850832	-0.1102835392	0.0536855367	-0.0004160143	0.0060829446	0.1398924467	0.0318883044	0.0078056616	-0.045893789	-0.0040329135	0.1633545505	-0.2227506468	0.0660480281	-0.09809664	0.119777488	-0.0117202099	0.0117113665	-0.1248910847	-0.0501459148	-0.1203563394	0.0271982885	-0.0524629557	0.0038007074	-0.1766205885	-0.0033242635	-0.0887418556	0.101885016	0.0505542428	0.0943461663	0.1207971647	0.0046241809	-0.0766059895	0.0128547685	-0.0698621457	0.0932158553	-0.0689001677	0.1662937698	0.0280239496	-0.172415302	0.0423869319	0.1049284965	0.0315562204	0.128726986	0.1259985909	0.1214940211	0.1152767764	0.0	0.0190285052554912	-0.0056271566870976	3.166489238114726e-05	0.0003620840122582	-0.0521078748475787	-0.0429884193898431	0.0027152306211309	0.001848004201637	0.0131822211331282	0.0001132629297444	1.2828491254285038e-08	0.0001737709540026	-0.001569218065217	0.0004237153170954	1.7953466994134002e-07	2.462445336203385e-06	-0.0005038089374955	0.0002580650781119	2.538234455003446e-07	6.659758454090105e-08	-0.0008803955879527	0.0002508672088802	6.293435649134193e-08	7.750963912865804e-07
766.1303682694163	0.5767750127808995	0.3326694153684068	586955.7411846315	1137.078369796276	-3.0317745953798294	1292947.2190585567	9.191657197190528	785.8622762598748	-0.6193617334905639	0.3836089569124363	617579.5172483517	825.9829652508008	727.6708713067051	1.066785	23.304388	0.0423558080963031	0.0255695374522962	-0.1122328099	-0.0338419483	0.0936243315	0.0064277969	-0.0736103525	0.0460153374	0.1332744305	-0.0712587379	0.0943241437	0.0640661349	-0.0688480256	0.0654609915	0.0554223498	-0.0629583419	-0.0893262683	-0.0045115678	-0.1014341406	-0.0361903401	-0.0202178022	0.0034589639	0.0007430027	0.0643880624	0.0521832369	-0.081851868	-0.0754672826	-0.0101629066	0.0188031108	0.1193930016	0.0235052225	-0.1675238986	0.0425381947	-0.099006459	-0.0200675016	0.1012284736	-0.0139157472	0.1139615562	-0.1806533039	0.0047501714	-0.2116114314	-0.0563346509	-0.025365963	-0.0043325729	0.0163612874	0.104458595	0.0731011484	-0.0472396988	-0.06767255	0.1368218407	0.2265686758	-0.0354527578	0.1198120899	0.0101186708	-0.1338510547	0.0589034302	-0.0306751828	-0.0618165707	0.0672090562	0.0981305216	0.0771256772	-0.1526226794	-0.0283520909	-0.0012294489	0.0327366534	0.1241057571	0.0002740564	-0.1269355662	-0.02466725	-0.0223912684	-0.0697020551	-0.0064045664	0.0833439574	-0.044683983	-0.071973693	-0.0721105221	-0.0644293438	-0.0189891332	-0.0120094184	0.0708161811	0.0632544954	0.02425601	-0.1318346261	0.0488337767	-0.0813581841	-0.1385073747	0.0313647606	-0.0404375205	-0.1048619887	0.0632197776	0.0460935248	0.0392514221	-0.1198461056	-0.1301540325	-0.1070149611	-0.0859749774	0.031328302	-0.0728524325	0.0580555311	0.0558220334	-0.0731920211	0.0956984998	0.0944125533	-0.0239899075	0.0227778872	-0.0393133988	0.079060251	-0.0682255921	-0.0580605026	0.0279267054	0.1225702017	-0.0584874191	-0.2380903864	0.0124832563	-0.0848843424	0.0053105495	0.138813481	0.1014821032	0.1448549837	0.1282765399	0.1242126365	0.117534563	0.1083828658	0.0	0.0207579440762941	0.0017294388208029	2.990958634900129e-06	0.0004308922422745	-0.0749009388519255	-0.0227930640043468	0.0056101506408998	0.0005195237667062	0.0253390490825466	0.0121568279494184	0.0001477884657917	0.0006420674084077	-0.0015097257009597	5.949236425730007e-05	3.5393414049232743e-09	2.279271692138257e-06	-0.000533853415175	-3.0044477679500026e-05	2.8499946889401093e-07	9.026706390339752e-10	-0.0008564028834548	2.399270449790004e-05	5.756498691235525e-10	7.334258987896958e-07
765.9346762901544	-0.1956919792619373	0.0382953507474545	586655.9283437035	1141.6203574240208	4.541987627744675	1303297.040484949	20.629651610585697	785.2121840929502	-0.6500921669245372	0.4226198254966403	616558.1740480212	826.2477697590996	731.3407274968973	1.10305	24.096605	0.0826198119344392	0.0372257304359598	0.047675309	-0.1115488153	-0.0493454834	0.0113317527	0.0329905477	0.1375260391	-0.0839333458	0.0136431115	-0.0127208845	-0.0670893717	0.0323664702	-0.056203475	-0.148553111	0.0388669888	-0.1162869252	-0.0044419746	0.1001491728	-0.0707174836	-0.125390726	0.0749744266	0.015202783	-0.0078758289	0.0981846179	-0.1120692805	0.122468701	0.1221468997	-0.0191020615	-0.009332349	-0.0302141753	0.0762285019	0.0783198125	-0.139140681	-0.1123698016	0.0601013547	0.1534082467	0.0495606974	0.0818068976	0.1682191446	-0.0426159549	0.0864929811	0.046693528	-0.0959118812	0.2293084647	0.0297817343	0.0094552064	-0.023187549	-0.0762573539	0.0245842628	-0.1923418999	0.0217244808	0.0929992096	-0.151699363	0.043593514	0.0038435881	0.1004758193	0.0538218654	0.1212304857	-0.0125826386	-0.0724591813	0.0147124294	0.0227173209	-0.0300704794	-0.0291901949	-0.1051075745	0.0326928344	-0.1009831567	0.2020456337	-0.0591518684	0.2069121841	-0.078010533	0.0713355991	0.1999457701	0.0513215263	-0.0646176729	0.0570701865	0.0174151968	0.0079969354	0.0104866097	0.0455825376	0.1117858663	-0.1466947286	0.1139893664	0.0645789601	0.1606723124	-0.0449296168	-0.1184362332	0.0142193512	-0.0038045882	0.2834037494	0.0119286723	0.1229033592	0.0053648748	-0.0408621688	0.0403632533	0.1156400864	0.0078473901	-0.0887000637	0.0099955324	-0.0297917226	0.0178134727	0.0519333108	-0.145625753	0.0977665257	-0.1212102568	-0.0931849385	0.0074296409	0.0667119548	-0.093412531	0.0598609609	-0.0977909791	0.0065657152	0.1750770247	-0.0404754513	-0.0209309921	-0.0771568763	-0.0311860943	-0.1479142434	0.1277366958	0.1220804792	0.1128382417	0.1002814672	0.0	0.0255769471103946	0.0048190030341004	2.3222790242669816e-05	0.0006541802234879	-0.0576284553574311	0.0172724834944944	0.0033210388668834	0.0002983386860675	0.0367457918372409	0.0114067427546943	0.0001301137802717	0.0013502532177458	-0.0009942041695589	0.0005155215314008	2.65762449337826e-07	9.88441930768302e-07	-0.0007152166307755	-0.0001813632156005	5.11534828937858e-07	3.289261597295346e-08	-0.0005708559774331	0.0002855469060217	8.153703553856563e-08	3.258765469710999e-07
764.5623128816135	-1.3723634085408776	1.883381325101936	584555.5302788822	1137.7172289341688	-3.903128489851952	1294400.493013644	15.234412008293976	784.9765109549362	-0.2356731380140218	0.0555418279813761	616188.1227509851	824.9407597492216	728.523466801676	1.048811	22.911732	0.051318580155444	0.0361357858666936	0.1136033627	0.0817517678	0.0830651627	0.0827929237	0.1090586157	-0.0280532123	0.0207319578	0.0306522736	-0.1647896191	0.089549608	-0.0383777509	-0.0529007615	-0.0216632388	0.1281942579	0.1011955262	0.0736088024	-0.0743081631	-0.1042917816	-0.130506605	0.0615720792	0.0659428951	-0.1084562824	-0.0186702699	-0.0257547881	0.1571432516	0.0427167206	0.0716980292	-0.0357854293	0.0430169518	0.0210222958	-0.0990919384	0.0098364676	-0.1210714478	-0.1955797359	-0.0056662524	-0.0018911897	-0.0980724774	0.0577114272	0.002129348	0.078755132	0.0805679792	0.0204753631	-0.1035502925	0.0974754303	0.1371299295	-0.0967849443	0.1090814622	-0.0007620473	-0.0225034056	0.0874719547	-0.0782426025	0.0736293562	0.0936461021	0.0071167142	0.0419069429	0.1188449105	-0.1071708339	0.0558718165	0.062430945	0.0730779598	-0.0709039381	-0.0882541308	-0.0864704005	-0.068676522	0.1319489698	0.0694858206	0.0392273037	-0.0361016351	0.0011365761	-0.0705620981	0.0732779737	0.0097974189	0.0923327477	0.050194539	0.023929517	0.136959094	0.1529201502	-0.0220754879	-0.0796705568	-0.018732595	0.0639679304	0.1176280645	0.0312598397	-0.0385109143	0.0634765979	0.006696664	-0.0268942417	-0.0018586027	-0.0233153516	0.05908375	-0.1145736873	-0.0537834987	-0.0413849927	0.1165880009	-0.038508376	0.0002888849	0.0537005669	-0.0837453609	-0.0536542803	0.0431623669	0.1157438949	-0.0660661572	0.0246712586	-0.0734079536	0.0932868689	0.1513967377	-0.0552012978	-0.0381943142	-0.0679988805	0.0037952567	-0.0063209141	0.09836307	-0.0390299375	0.0040817649	-0.1063491894	0.0993787459	-0.0740878151	0.12710783	0.1196080616	0.1074345	0.0910628379	0.0	0.0307355823675123	0.0051586352571177	2.66115177159778e-05	0.0009446760234701	-0.0227752711747371	0.034853184182694	0.0005187129770828	0.0012147444476727	0.0350934440732686	-0.0016523477639723	2.7302531331042614e-06	0.0012315498169236	-0.0009661571388226	2.804703073629991e-05	7.866359331229518e-10	9.334596168978728e-07	-0.000592245190212	0.0001229714405635	3.507543653292481e-07	1.5121975194262414e-08	-0.0005287861896997	4.206978773339993e-05	1.7698670399333272e-09	2.796148344171271e-07
765.7608254688038	1.1985125871902935	1.4364324216535715	586389.6418226637	1134.2549533098936	-3.4622756242752075	1286534.2991080289	11.987352498450278	785.6748739545117	0.6983629995754654	0.4877108791760415	617285.0075634378	825.2525575219131	718.4874434516792	1.136437	24.825956	0.0479200288544829	0.0265370182929089	-0.0460527589	0.1026340883	0.0417589873	-0.1745611506	-0.0602426798	-0.1006821021	0.1283922848	0.0739784933	0.1392465935	-0.0348733164	0.014105529	-0.0074827985	0.0250391709	-0.1012574222	0.0573372862	-0.1752688251	0.0904165437	-0.022174516	-0.0154612551	0.0215295611	0.164339649	0.093557499	0.0024587657	-0.0285550983	0.1014132666	0.0950088395	0.0724241644	-4.39051e-05	0.0691874797	0.093179863	-0.0241689145	0.0433281851	-0.105316007	-0.06570526	-0.0182557792	-0.0241704829	0.0759809719	0.0175070056	-0.0796609318	0.1443605056	0.1519982889	0.0397249002	0.165147091	0.1213199683	-0.2218809513	0.0310896989	0.0521798087	0.0068233293	0.1282915501	0.0667034558	0.1788081457	0.0073648584	0.1112002835	-0.1585850792	-0.0743637344	-0.0853646068	-0.0562741686	-0.125998478	0.0717606005	-0.1689857392	0.0570868301	0.0036794392	0.0178649601	0.0106081808	0.0330649651	0.0061149355	-0.1940132205	0.0283755918	0.1348278601	-0.1080280059	0.0965975344	0.0573759776	0.1372402228	-0.0221566159	0.018983433	0.0189548649	0.0025348508	-0.0944007665	-0.1002002823	0.2519162148	0.1506835195	0.1109842841	-0.0414313515	0.215896438	0.0238876159	0.0287477226	-0.0382168183	-0.0451767855	-0.042993117	0.0102262399	-0.015032117	0.0100141158	-0.0019728457	-0.0362782054	-0.1257419337	0.057066392	0.0649651097	0.1228536984	0.0485246906	0.0184853687	-0.0769977038	0.0395166562	-0.0067929033	-0.1227984069	0.1156484718	-0.0055393655	-0.0024417753	-0.0123475412	-0.064022139	-0.0230454647	-0.2095468777	0.0647300887	0.0287866978	-0.0071964963	0.0156511475	-0.0154961329	-0.1058294384	0.1263903806	0.116802275	0.1013572156	0.0808296822	0.0	0.0263772026381303	-0.0043583797293819	1.8995473865487905e-05	0.0006957568190129	-0.0144327260012033	0.0083425451735338	0.0002083035798258	6.95980599724521e-05	0.0132756609073965	-0.0218177831658721	0.000476015662273	0.0001762431725281	-0.0008486165038026	0.00011754063502	1.3815800880904872e-08	7.201499705261482e-07	-0.0005388172094582	5.342798075379999e-05	2.9032398520832185e-07	2.8545491274284223e-09	-0.0004317283897596	9.70577999401e-05	9.420216529212476e-09	1.863894025244171e-07
766.352767388827	0.5919419200232596	0.3503952366808231	587296.5640845136	1137.114489465952	2.8595361560583115	1293029.3621534123	8.176947027804744	786.0561935030273	0.3813195485156484	0.1454045980801779	617884.3393444687	826.3507015124698	730.8746239366022	1.093742	23.893263	0.1033539676721876	0.0587346246013304	-0.0739068916	-0.0475528016	-0.1466708199	0.0385310604	-0.0303317738	-0.031524245	-0.068507063	-0.0470144913	0.1080574569	-0.146604991	0.1532310286	-0.0238615489	0.0328608183	-0.0223875283	-0.0291236589	0.0148024088	0.0160747001	0.0710792862	-0.1575934031	-0.0433476797	0.0039311066	0.1584944907	0.1580469752	0.0492974808	-0.1229537915	0.0681308342	-0.144214162	-0.060721372	0.0281015741	-0.1292599707	0.1316013812	0.1714322593	0.1256451862	-0.0586874697	0.1056159573	0.0943319822	0.1850390088	-0.0420699344	-0.0115637089	-0.0726676181	-0.0485410942	0.1543542994	-0.1348388413	0.0497297931	0.0414660765	-0.0093563149	-0.0568449187	-0.0947189514	-0.1710787327	-0.1240021578	0.0891297899	0.1325594457	0.0258568685	0.0915676805	-0.0542496746	-0.0504684358	0.007923875	0.0498676491	-0.1229665415	-0.072121836	0.0682448702	0.169284798	0.111593101	0.0780118536	0.0633255464	-0.2182173323	-0.0277944105	-0.1643935551	0.0338123788	0.0613388079	-0.0953437746	-0.1261291548	-0.1672772235	-0.1032552796	-0.1691661716	0.0238318783	0.0806532268	0.0253984973	-0.0193880983	-0.0109858149	0.0238311598	0.045412535	0.1093436887	-0.0710310901	-0.125820139	-0.0304466096	-0.0199024243	-0.2069942195	-0.1815099992	0.0627107917	0.0884834537	-0.0313711132	-0.017688003	-0.0743377438	0.0442820279	0.0832691493	-0.1595998351	-0.0370257986	0.0308701042	0.0767704666	0.0088392456	0.0065539305	0.1120325065	-0.0041667474	0.1019720191	-0.2057533916	-0.0492156137	-0.190964478	-0.091109259	-0.1605111496	-0.0805663254	-0.1234785543	-0.0908823028	0.1877167155	-0.0003628129	-0.0373708148	-0.0056738028	0.1255848477	0.1136709395	0.0946444892	0.0696960071	0.0	0.0347142737375207	0.0083370710993904	6.950675451629065e-05	0.0012050808011235	-0.0675867111950765	-0.0531539851938732	0.0045679635301666	0.0028253461419904	0.0308757132920405	0.017600052384644	0.0003097618439422	0.0009533096712922	-0.0006090499344515	0.0002395665693511	5.73921411506554e-08	3.709418226553764e-07	-0.0005389431176165	-1.259081582999887e-07	2.904596840261926e-07	1.5852864326495006e-14	-0.0001861636873834	0.0002455647023762	6.03020230531117e-08	3.465691850018428e-08
765.9734576164955	-0.3793097723315668	0.143875903386225	586715.3377729692	1142.191789269447	5.07729980349518	1304602.083474541	25.77897329457219	785.8529487785803	-0.2032447244470177	0.0413084180155441	617564.8571039899	826.6937589614664	731.3279903375336	1.059823	23.152298	0.0756751544169009	0.0465531661372837	-0.0354413443	-0.1060070817	0.0842806204	0.1229802692	-0.0216730651	0.1447884655	-0.0157621479	-0.0224732278	-0.2342857132	-0.1480465154	-0.0189732949	-0.1152361081	-0.115676598	0.0233673691	-0.0580484477	0.0698423366	-0.0953560998	0.075025993	0.1030049182	0.0782104743	0.1152439245	0.1225565756	0.0166591911	-0.0869849678	0.0792694195	-0.1051937157	-0.1206838437	-0.1406015272	-0.1158204847	0.1177109413	-0.0995441729	-0.0710811003	0.0768075615	-0.085363471	-0.0424762077	-0.0113993526	-0.1571389579	0.1218333745	0.1124524094	0.0494585864	0.0042612378	0.0470167005	-0.0688501996	-0.0127982575	0.0378552747	-0.2315138212	-0.0688384054	-0.0732492145	0.0976091971	0.0460132347	0.1075858037	0.1059664601	0.0186541594	-0.1251068299	0.0394378148	0.0161646764	0.0992400639	0.1294130202	0.0489664675	0.1376037391	-0.0246355129	-0.0042690399	0.210523611	-0.1432044704	0.0896900873	-0.1063309679	0.0545744153	0.1031656852	0.1352520339	0.0625176606	-0.0438180944	0.0919781062	0.1180188996	0.1362175583	0.0267550038	-0.1455472332	0.0211495476	0.048762484	-0.0615319354	-0.182006882	0.0549695184	0.0811327805	-0.0048589628	0.0571928859	0.0603809591	0.0749954066	0.0451863614	0.1040005309	-0.0331679276	0.021673455	-0.0848742504	-0.1298315741	0.1031315041	-0.0241686059	0.126350448	0.0631011201	0.0867290527	-0.1278371062	0.0227202683	-0.0594545897	0.1219572268	-0.136300004	0.155170573	-0.1861670521	-0.2064396539	-0.1089600835	0.0652646328	0.0012942303	-0.0531214623	-0.1527726757	0.0327146614	-0.1632024348	-0.054264656	-0.024187215	-0.0278156883	-0.0512754822	-0.1214623556	0.1246917927	0.1102227826	0.087338405	0.0577858524	0.0	0.0302862330406412	-0.0044280406968795	1.9607544413221085e-05	0.000917255911792	-0.0307593379390169	0.0368273732560596	0.0009461368704466	0.0013562554209411	0.0133120574568437	-0.0175636558351967	0.0003084820062972	0.0001772108737343	-0.0002720501645783	0.0003369997698731	1.1356884489458972e-07	7.401129204708013e-08	-0.0005389747092181	-3.159160160001121e-08	2.904937371767355e-07	9.98029291653831e-16	-0.0001860733562829	9.0331100499998e-08	8.159707717540741e-15	3.462329391838304e-08
764.2118376526533	-1.7616199638421222	3.10330489700712	584019.7328084453	1135.8309331536293	-6.360856115817796	1290111.9087086443	40.46049052613666	785.4913961115957	-0.3615526669846076	0.1307203310036826	616996.7333653438	826.0250909544607	727.0023913403053	1.131977	24.728525	0.0543691187612303	0.0331683371652687	0.1331442682	-0.0377813353	-0.0122608067	-0.1382822587	0.1189978439	-0.0172529927	-0.0964459944	0.2137065749	-0.0313633668	0.1021607274	-0.0571240299	-0.1153642941	-0.0654926774	0.126468008	-0.0164506931	-0.0522086117	0.1147191853	0.0405309662	0.0388697239	-0.1212625582	-0.1599272556	0.0146138661	0.0188923548	-0.0441189112	-0.0747889687	0.0175571408	0.0379333193	-0.0263261184	-0.174500273	0.0539354386	-0.1015468926	0.0127246144	0.1632030919	-0.182926458	0.0710499521	-0.0591932275	-0.099333685	0.0870599388	0.0102129462	0.055863595	-0.0022123979	0.0560335654	0.0237109991	0.0765831001	0.3043588242	0.0066880114	0.0138991625	0.06922742	-0.1177082901	-0.075734239	0.0981240362	-0.1666868458	0.0375087518	0.1314025243	-0.10415348	0.1340846598	0.0161338703	-0.1571519755	0.0004160605	0.1758870645	-0.0212560651	-0.1189952523	0.0293083063	0.0432084923	0.1044980532	-0.0958448928	0.0502767122	-0.1505236907	-0.1169199045	-0.0332355885	-0.101474639	0.0684655244	0.1549231026	-0.0701647713	-0.1128730782	0.1346352505	0.0456472773	0.134097961	0.1095494835	-0.1777177138	-0.0030016542	-0.1302608492	-0.1675559362	0.0081848771	-0.013193693	0.1241388005	0.0062515398	0.0689151904	0.0868255234	0.0383894138	-0.0287653993	-0.0693323367	0.0685014869	0.1093124659	0.013180385	0.1141343739	0.0082256424	0.0932209516	0.122258119	-0.0696112018	-0.099274539	-0.0082295639	-0.0060988638	-0.1601174756	-0.0502203626	0.1873354403	-0.0602370954	-0.1205359845	-0.0862412601	-0.0850939933	0.1130141698	-0.0496904973	0.0233348059	0.0594022211	-0.1275416388	0.014548607	-0.0357583478	0.1237118379	0.1064674152	0.0794847672	0.0452319084	0.0	0.0287107419486432	-0.001575491091998	2.4821721809650547e-06	0.0008243067032415	-0.0307651464217428	-5.808482725900427e-06	0.0009464942343512	3.3738471577083654e-11	0.0287877317774132	0.0154756743205695	0.0002394964956763	0.0008287335008882	-8.789863037926028e-05	0.000184151534199	3.39117875478601e-08	7.726169222549819e-09	-0.0005390164671448	-4.1757926699912025e-08	2.905387518532612e-07	1.7437244422752256e-15	0.0003759762489101	0.000562049605193	3.158997586976072e-07	1.4135813974450944e-07
764.5848447704288	0.3730071177755008	0.1391343099111863	584589.9848526207	1137.195088416338	1.364155262708664	1293212.6691182428	1.860919580775744	785.4771288772466	-0.014267234349063	0.000203553975971	616974.3199892427	825.4008770664881	725.396967349072	1.116806	24.39711	0.09381965846649	0.0528418600132968	0.005835396	0.1485589386	-0.0682942024	0.0876430487	0.0154207569	-0.1431790534	-0.0157861876	-0.090094091	-0.0485954618	0.0572525721	-0.0613519559	0.0687828447	0.0040763939	-0.0508431379	0.0505705876	0.1622009182	-0.0203238524	0.0766845496	0.1156138484	-0.2025122146	-0.0661512485	-0.0855014371	0.0394619118	-0.0636696276	-0.2256032538	0.1299334753	0.0034945644	0.0044821135	-0.1171341135	-0.0575048079	-0.1334214852	-0.1175538282	-0.0326744685	-0.1414887206	0.0077333274	0.075868544	0.0856176965	0.1460566219	0.0990352765	-0.0119474364	0.1085562631	-0.1247233171	0.073492684	0.0300982807	-0.103004518	0.0395178004	-0.0110260292	0.0086989881	0.0910268788	0.0098665022	0.1391501443	0.055117591	0.0832455219	-0.0238380882	0.063578334	-0.0237595876	-0.1256665482	0.0517386302	-0.1003058056	0.0106119317	-0.0388978822	-0.1217631224	0.073879659	-0.0373523645	-0.2651870043	-0.0648932981	-0.0240074439	-0.0371559412	-0.1959918651	0.0455049028	0.0837688999	0.1520271833	0.0222215579	-0.0118731737	0.0995122585	0.0778880136	0.1333248797	0.1123370844	0.165277681	-0.0101566411	0.0360508152	0.0666716759	0.1254940555	-0.0023735157	0.0206870681	0.1649141893	0.0152582171	-0.0022384511	0.0456806699	-0.1851746127	-0.0050573951	-0.0263070767	-0.168610333	0.0046683507	-0.108592636	0.1194716453	-0.0306827578	-0.1346657736	0.0309034234	-0.1041987734	-0.1753100267	0.0954884877	0.0514399514	-0.1411211225	0.0603396201	-0.0048398285	-0.0110447849	0.010617948	-0.0108787343	0.1250690459	0.0664549531	-0.0705548649	0.0437557275	-0.0354807451	-0.0982281841	0.1127549174	0.0610438147	0.1226456664	0.1024153039	0.0711328131	0.032174038	0.0	0.0245990112242964	-0.0041117307243467	1.690632954953745e-05	0.000605111353213	0.0166184796232613	0.047383626045004	0.0002761738649887	0.0022452080171727	0.009362552252341	-0.0194251795250722	0.0003773375995812	8.765738467781554e-05	-0.0002719378511337	-0.0001840392207544	3.38704347759014e-08	7.39501948792144e-08	-0.0003000558019834	0.0002389606651613	9.003348430390137e-08	5.710219949437871e-08	0.0004109588064356	3.498255752550002e-05	1.223779331024918e-09	1.6888714058697297e-07
764.1937803629228	-0.3910644075060645	0.1529313708180693	583992.1339453751	1135.483238786459	-1.7118496298789978	1289322.185564987	2.9304291553168618	784.6717720165026	-0.8053568607440411	0.6485996731474968	615709.7897995182	825.4672052600226	721.1252445424467	1.111457	24.28026	0.1439482325030117	0.0950668009627343	-0.1474271022	-0.0553621271	-0.0041086125	-0.0690332897	-0.1309455197	0.0266736738	0.0361555491	-0.0153685262	0.0801794054	0.0310922029	-0.0872667478	0.0414615833	0.0210376305	-0.0956880613	-0.0672163884	0.0615153465	0.0862189624	0.0128953833	0.1375357703	0.1209083365	0.0645088117	-0.0293602046	-0.0436517154	-0.1599037353	-0.1103016374	-0.0839789609	0.1127877673	-0.1437085406	-0.0738348038	0.0226440027	-0.0717376196	0.2162783995	0.0218752892	-0.0015950402	-0.0539233205	0.0487825449	0.0860909597	-0.143048572	-0.1517396091	-0.1134725522	0.0557310781	0.0560467411	-0.149525587	-0.0816518878	-0.0567783099	0.0168223771	0.0268651614	-0.0574122529	0.1109215366	-0.1454372837	0.0498471714	-0.0584040954	-0.0171802098	-0.0294331503	0.0230975887	-0.1148824407	0.0896607224	-0.0719636211	-0.0143787895	-0.099119123	-0.0173045091	-0.0673737035	0.1305407324	0.1647359041	-0.0116065104	0.0607094733	0.0291451007	0.0106302358	-0.0254519636	0.1158371663	0.0845415124	-0.1834109336	0.0680614101	0.1694026205	-0.0583038916	-0.1568083063	0.0986863572	-0.0002377618	-0.1525555958	-0.0193941906	0.1371515381	-0.2463377223	0.1210514866	0.0292087513	-0.0451657818	0.0172799091	0.0328674154	0.0008216839	-0.047869396	-0.1271128407	-0.1531155664	0.0152175263	0.0249515816	-0.1471170838	0.0343767469	0.124516938	0.0950094701	0.0197256038	0.0460213099	-0.117956746	-0.0748162074	0.1773656569	0.0155235037	-0.0654098986	0.1323078734	-0.0657935827	0.0415077875	0.0153945697	-0.006687145	-0.1003605856	0.1008664173	0.0411628234	0.2095945768	-0.080356551	0.1330457627	0.0034990744	0.0484716965	0.1214940211	0.0980777428	0.0623349036	0.0187577183	0.0	0.0168162980435369	-0.0077827131807595	6.057062445396767e-05	0.000282787879889	-0.0731060182524032	-0.0897244978756645	0.0053444899047207	0.0080504855190401	-0.0092217232474567	-0.0185842754997977	0.0003453752958523	8.504017965268335e-05	0.0001190572067791	0.0003909950579128	1.528771353122338e-07	1.4174618486041374e-08	-0.0002269702478525	7.308555413090002e-05	5.1515493410225286e-08	5.341498222620716e-09	0.0005040131133277	9.305430689209996e-05	8.659104031169123e-09	2.540292184062809e-07
765.8560012456488	1.6622208827260463	2.7629782629705573	586535.4146439752	1137.305757805705	1.8225190192461012	1293464.386738009	3.321575575513771	785.4395617385748	0.7677897220721661	0.5895010573196541	616915.3051440844	826.1098019090381	728.248709066785	1.166401	25.480534	0.0775398820353797	0.0493474863683034	0.0683503956	-0.1024127686	-0.0868516684	0.1302901152	0.123344222	0.0653676935	-0.0538497009	-0.1615735623	0.1083303212	-0.0650976046	-0.1020665863	0.1985833744	-0.0952936308	0.101219531	-0.145272465	0.0805992553	0.0347829961	-0.0954375049	-0.0704360607	-0.0377953964	-0.0815462082	-0.0551466245	-0.178611949	0.0734637011	-0.1425731406	-0.0072563836	-0.1234863743	0.0355828815	0.121839708	0.1668543166	-0.0811077924	-0.1577342462	-0.0004709389	-0.1012285791	-0.0200480748	-0.0247453611	0.207618263	0.0240639687	-0.0985232076	-0.0919288573	0.0785725461	0.01618695	-0.095881192	-0.0914395904	-0.1857160919	0.0774949255	-0.1527169626	-0.0048802035	0.0891625335	-0.0360382194	-0.1025886023	-0.0315006415	-0.0168077747	0.0282621325	0.0402108827	0.0873471641	0.0979362649	0.0242487099	-0.1551650946	-0.1601299191	-0.1037475018	-0.0029664687	-0.1532542353	-0.2235897887	-0.1751843089	0.1439138523	0.063026311	-0.0705819867	0.0408431955	0.1101963136	-0.0250690906	-0.0485687116	0.0188908393	-0.0225194606	0.1390636984	-0.2231444226	0.0571167711	0.1371144049	0.06100589	0.0363891994	0.1075763485	0.0916729744	0.0600983756	0.0457736277	-0.0374696937	-0.0356777078	0.1067776044	-0.0710636705	-0.0765562157	-0.1595659367	0.0383490718	0.044820558	-0.0738221461	0.0818945431	0.1103680326	0.1340464007	-0.0257561661	-0.0368559522	-0.0824746563	-0.2095137128	-0.1002676061	0.1414673748	0.1495435188	-0.0729853312	-0.043989421	0.0535806049	0.0548943321	0.0727097218	0.0464852229	-0.0640740626	0.1266993476	0.0784032264	0.0087798507	-0.0215248961	0.0922482585	-0.0984285703	0.059863522	0.1202577046	0.0934668214	0.053146196	0.0051324198	0.0	0.0120627803106145	-0.0047535177329224	2.259593083720772e-05	0.0001455106688221	-0.0298951784959626	0.0432108397564406	0.0008937216973054	0.0018671766724567	-0.0311455197056034	-0.0219237964581466	0.0004806528511382	0.0009700433977321	0.0001800627850487	6.10055782696e-05	3.7216805800082917e-09	3.2422606559494344e-08	-0.0002149473622206	1.2022885631899998e-05	4.620236852559382e-08	1.445497789177474e-10	0.0005840192111836	8.000609785590001e-05	6.400975694127848e-09	3.410784390315144e-07
765.7934164923734	-0.0625847532754733	0.0039168513425518	586439.5567430616	1135.960765659809	-1.344992145895958	1290406.8611184198	1.8090038725218136	785.748833870238	0.3092721316631923	0.0956492514234949	617401.2299284388	826.2035857409966	731.8669954031176	1.089807	23.807306	0.1042726190918567	0.0641460215143754	0.1021432163	0.0347652082	0.1516219629	-0.0528485055	0.0650925884	-0.0236249706	0.1535693239	0.0888895079	-0.0953344578	0.0436285812	-0.0626102908	-0.0598817325	0.0633082334	0.068301805	0.0231688728	-0.1996672688	-0.0723373249	-0.05744581	-0.0585046239	-0.0668014305	-0.1221618217	0.0557042203	0.0175016023	0.1212614343	-0.1863244894	-0.0026215912	0.0516183832	0.0546426982	0.0773840376	0.0344308005	-0.0692445083	0.0091173125	0.016003505	0.0125582145	-0.0466418752	-0.0660045238	0.1428722569	0.0263505241	0.1680689883	0.0556150897	-0.2155173641	-0.0078279001	0.0492636707	-0.0363884666	-0.0231210259	0.0091075188	-0.0302724619	0.2191838111	0.0697995591	0.0536997567	0.0284619441	0.1026804613	-0.0881415324	0.0252929478	0.0468292615	0.0789124079	-0.0306820674	-0.0476890768	0.1807270532	-0.0133368793	-0.0243031132	0.0048943681	-0.0800243025	-0.0777820874	-0.0113005261	-0.0340149655	-0.0391362986	-0.124428693	-0.1194661702	0.0876943391	-0.1065628776	-0.086928251	-0.081223152	-0.1455180758	0.1855129191	-0.0155696651	-0.1442032081	-0.0358653579	0.0301711381	-0.1105184604	-0.0332499956	-0.0112479197	-0.0017082177	0.0385751079	-0.2174396815	0.0219831135	0.0124754952	0.0562186896	0.0384565341	-0.0111282579	0.1072861153	-0.074586495	0.0592591931	0.1109173348	-0.0562858204	0.0592663707	0.1713644632	-0.0139732128	0.1695629601	-0.0717339553	-0.0207042375	0.0681219098	0.169951506	0.032603392	0.0274782444	0.0816349308	0.0373412234	-0.0328592412	0.0549480062	0.0611518001	0.1869449747	0.0738317623	0.0711971755	0.0468079508	-0.0389459428	0.1463243028	0.09930159	0.1189375786	0.0885953913	0.0436242971	-0.0085500587	0.0	0.0110906734201421	-0.0009721068904723	9.449918065039174e-07	0.0001230030369122	0.0189768276690642	0.0488720061650268	0.0003601199883813	0.0023884729865944	0.0088320363508742	0.0399775560564776	0.0015982049882488	7.800486610316324e-05	0.0001800279074958	-3.48775528999964e-08	1.2164436962920473e-15	3.241004747731632e-08	-0.0001589684780101	5.59788842105e-05	2.5270977000847653e-08	3.133635477452566e-09	0.0003510139733494	-0.0002330052378341	5.429144085817209e-08	1.232108094865333e-07
766.0043874014497	0.210970909076309	0.0445087244764842	586762.7215182702	1134.305558338761	-1.6552073210480105	1286649.0996782086	2.7397112756509308	786.0440326000243	0.295198729786307	0.0871422900674491	617865.221186108	825.8627377197154	723.6207295481712	1.134753	24.789186	0.1284707640286418	0.067319596732111	-0.0413963732	0.0288602864	-0.1316406951	-0.065216941	-0.0574710004	-0.0779382982	-0.0518350333	-0.0267326242	0.1409733652	-0.1019689067	0.0468709748	-0.1517173094	0.0185229332	-0.0893868632	-0.0080462061	-0.0171036537	0.1174729306	0.2092782768	-0.0793921276	0.1155635632	-0.025009486	-0.021541899	0.0012109186	0.1756814338	-0.1217353979	0.0015793875	0.0751973081	-0.0756016575	-0.0024032329	0.0274931219	-0.0547580847	-0.150184757	0.0665486377	0.1006558511	-0.1045308821	0.1710281397	0.0298191079	-0.0126021407	-0.0260206617	0.0509042435	0.0258478883	0.0996433275	0.0117576475	-0.0388484752	-0.0295388851	-0.0330941372	0.0355555613	-0.0694091152	-0.0279582112	0.122208953	-0.1389415853	0.1248630493	-0.2079026919	-0.107142306	0.0793392799	-0.0649537784	-0.0428939312	-0.0417608892	-0.0978309797	-0.0633115823	0.2069551445	0.0091052844	0.1764094886	-0.1424953431	-0.0122219611	0.0204322585	-0.0832119126	0.0080362662	-0.1217554406	-0.0184300831	-0.0300168781	-0.1438291951	0.0151329924	-0.0198307994	0.0543038035	-0.0878347414	0.0854299664	0.0436444963	0.0545283516	0.0883983859	-0.1378162991	-0.0443567196	-0.0796183959	0.0320129726	0.0416565322	-0.1183087383	-0.0669180608	-0.2139379571	-0.0046618398	0.1141934948	0.0114828199	0.070953953	0.1542372586	-0.0678543427	-0.0311507211	0.0585145827	-0.1496225272	-0.0366418326	0.2134090464	0.0075460796	0.1719566379	0.0257938828	0.0234856114	0.0048617992	0.0489056044	-0.1099501029	-0.0037295452	0.0958989045	-0.0169371116	0.0397216412	0.1232676827	-0.0436124432	0.0938792044	-0.0400928906	0.0026477545	0.0149258826	0.070618354	0.117534563	0.0834770299	0.033828903	-0.0221372814	0.0	-0.0032647487360009	-0.014355422156143	0.000206078145281	1.0658584309219475e-05	-0.0344859447101839	-0.0534627723792481	0.0011892803825538	0.0028582680304752	-0.0092657899165971	-0.0180978262674713	0.0003275313156075	8.58548627785125e-05	-7.202055351828935e-05	-0.000252048461014	6.352842669957094e-08	5.186960129080781e-09	-0.0002209931865986	-6.202470858849998e-05	4.883798852300364e-08	3.847064475488343e-09	-0.0001860077215636	-0.000537021694913	2.883923008072313e-07	3.459887248128174e-08
765.7081891075082	-0.2961982939414156	0.0877334293338052	586309.0308662996	1140.8222631961107	6.516704857349623	1301475.436203896	42.467442197804175	785.7978252888059	-0.2462073112183134	0.0606180400973514	617478.2222286168	826.3291450216097	730.0719794235542	1.05959	23.147215	0.0697972117555755	0.0415811214828275	-0.0284189919	-0.0645712551	0.0902313519	0.0865362721	-0.0238753739	0.1130542528	0.0241974792	0.0100171946	-0.1102764639	-0.1729047617	-0.0384206928	-0.0912286009	0.0023252423	0.0024744131	0.0008462175	0.0659001158	-0.0811025324	0.0151439983	-0.0497842575	0.091316263	0.1796301892	0.0534191697	0.0733992865	-0.1583856566	0.0141268951	-0.055086527	0.0282953844	0.0194176855	0.0936884154	0.0059572864	0.118512106	-0.0919182734	0.1006420493	0.0528294418	-0.0163091655	-0.0664223115	0.0576579935	-0.0739248955	0.203801841	-0.0764954899	-0.1703702634	-0.2832386116	-0.0099242325	-0.104914211	0.060123073	-0.1717276302	0.1040003741	-0.0251783226	0.0226262857	0.0201711306	-0.1597854357	-0.0375227847	-0.0373250763	-0.088973112	0.054406215	-0.0018072898	0.0567558951	0.1373786951	0.0406878051	0.0141371666	0.0332381403	0.0646992887	0.0834506071	-0.022450637	0.1614461406	-0.1199209808	0.1129585304	0.1912819845	0.031229682	0.1303783632	0.0313940219	-0.0683437403	-0.0249197324	-0.0290626094	0.1291927427	0.0237912943	-0.0141485822	-0.1524507285	0.0028816325	-0.1638734707	0.0792763924	-0.010529895	0.1024560702	0.0491532299	0.1128938069	-0.1091363938	-0.0653083009	0.2071405436	0.0161348561	0.0958253987	0.1492465698	-0.0226496228	0.0092533812	-0.0156627893	0.1082718318	0.0084342385	0.0735644509	-0.1396921852	0.1381065242	-0.0413353028	0.1433212144	-0.0007731302	0.0387597689	0.0578986667	-0.0626112802	-0.1291831909	-0.15529435	-0.0851080444	0.0357034232	-0.0446705797	0.007769761	-0.1344677437	-0.0635992784	-0.0655028108	-0.062059026	-0.0397382825	-0.013982387	0.1160496357	0.078126003	0.0238214243	-0.0354778738	0.0	-0.0027184781819045	0.0005462705540964	2.984115182727879e-07	7.390123625490796e-06	-0.0625891292497868	-0.0281031845396028	0.0039173991002465	0.0007897889812669	-0.0091178480539184	0.0001479418626786	2.188679473284324e-08	8.313515313434357e-05	0.0004270092679271	0.0004990298214453	2.490307626918172e-07	1.823369148956379e-07	9.996013925506196e-05	0.0003209533258536	9.992029439891381e-09	1.0301103737652693e-07	-0.0001860208702485	-1.3148684900019012e-08	1.72887914599988e-16	3.4603764168009284e-08
764.3967187501952	-1.3114703573130555	1.7199544981108337	584302.343636065	1138.806373178959	-2.0158900171518326	1296879.955593014	4.063812561252416	785.0092000581434	-0.7886252306625465	0.6219297544375547	616239.4441759262	825.9033444681531	727.0727052388537	1.112621	24.305696	0.1222126442081605	0.0779125855112743	0.1630042046	0.0079373126	-0.0063569262	-0.095974663	0.1074307232	-0.0329325541	-0.0687625294	0.1414680294	-0.0481001203	-0.0070815489	0.1020705978	0.0124732789	0.1617150925	0.1352947464	0.0493395932	-0.0217568927	0.0816884776	-0.0356492314	-0.0284774503	0.0927192792	-0.2497003961	-0.1041816687	-0.0477383424	0.1237268651	0.1249298314	0.0585095334	0.0422603153	0.0194557942	-0.0259632934	0.0180617124	0.0192674493	0.0261104489	0.0763153758	0.0915618995	-0.1348584342	-0.0518453667	-0.0519932574	-0.0364564209	-0.0678028556	0.0970295505	0.1496699478	0.0944681873	-0.0108967114	0.0310398398	0.0405872701	-0.0378871456	0.1940714927	0.0591889561	-0.0810145407	-0.2176435388	-0.0904842493	-0.020154351	-0.0955874004	-0.1253781496	-0.0960248353	0.1355943101	-0.02122687	-0.0939966688	-0.0138314836	0.1420613144	0.0954439559	-0.0268498841	-0.1245870337	-0.0449464678	0.0739698832	0.1265385871	0.0494900239	-0.0449530656	-0.0473436242	-0.1520115449	-0.0707812859	0.018041795	-0.020535835	-0.0370428384	-0.0297399705	-0.0385689527	-0.0878283699	0.1181093385	-0.0765494101	-0.0533024299	-0.0373555264	-0.0032085764	0.0470032757	-0.0442256488	-0.0441813531	-0.0184410416	-0.1352957787	-0.1151571703	-0.0091768327	0.1395391436	0.0329664042	0.1058776813	0.19986777	0.1586808725	-0.0214098905	0.0291772549	-0.0298452802	0.0147847641	0.1971719265	0.0293403406	0.0881688348	-0.0182504193	-0.0404694124	-0.0459135172	-0.0110162196	0.1307133088	-0.122137373	-0.0562192692	0.0033688711	0.121965698	0.2270712402	0.0826635032	0.0300977053	0.0571131353	-0.0883243743	0.0972940677	-0.0206028571	0.1144838316	0.072557225	0.0136646012	-0.0484232091	0.0	0.0001417856170178	0.0028602637989223	8.181108999425427e-06	2.010316119311826e-08	0.007561492123969	0.0701506213737558	5.717616314084522e-05	0.004921109679124	0.0104149221052978	0.0195327701592162	0.0003815291100927	0.0001084706024594	0.0004889924118319	6.198314390480002e-05	3.841910128323147e-09	2.391135788291785e-07	5.057236727523673e-05	-4.938777197982523e-05	2.5575643318214352e-09	2.43915202113121e-09	0.0002959879913922	0.0004820088616407	2.323325427001635e-07	8.760889104838906e-08
764.3107665944545	-0.0859521557406424	0.0073877730764636	584170.9479322028	1130.0989156216383	-8.707457557320595	1277123.559089203	75.81981711253954	785.0627045381494	0.0535044800060404	0.0028627293807167	616323.4500567537	824.1490046171565	719.4030540018825	1.216174	26.567863	0.062255614154074	0.0336236488892848	-0.0699379674	0.1694635004	0.02197904	0.0715225441	-0.0527873422	-0.1370531111	0.0889406654	-0.1324406622	0.031877049	0.0543744713	0.0485493202	-0.1494505799	0.1832378007	-0.0906643616	0.0883300739	0.0879994129	0.0389121799	0.059511061	0.076923155	0.1209325636	-0.1349876207	0.1267388071	0.1498550653	-0.1009438991	-0.0329771921	-0.0680131396	0.0241042712	-0.0646087443	0.0397139096	0.0599220956	0.0034312931	-0.1749935973	-0.1039461356	-0.0375176718	0.0592625717	0.0178208106	-0.0626449299	0.0057658613	0.0371142121	-0.0147223343	-0.2092849648	0.0863693089	-0.0461438453	0.0193684721	-0.0624472603	-0.0764279508	0.0497927163	-0.0696484378	0.0849295025	0.1627819263	-0.010387901	-0.0507052941	0.1464703032	0.1334416984	-0.003872255	-0.0833620524	-0.1695111964	0.1129489254	-0.0111519704	0.0041052454	0.1433317165	-0.1220355835	0.1324806	0.1639056958	0.0483668725	-0.0150775731	0.0049490553	0.0434684216	0.0226721529	0.0148782719	-0.015383153	0.000362861	0.1103637654	-0.0082510043	0.2890888232	-0.0527523428	-0.0569988054	0.0305776373	-0.0580752469	0.0182382408	-0.0984102168	0.0758849924	-0.022549673	0.0145864955	-0.0301750462	-0.0088868491	0.1033057087	0.0742154347	-0.0679472184	-0.0151702542	-0.0778869584	-0.2205729281	-0.02815848	-0.0624468882	-0.1152747535	-0.0331768582	-0.0156530371	-0.1827611316	0.151453246	-0.0068787132	0.0799171265	0.0627856135	-0.1156946458	-0.1022050131	-0.0163561621	0.005239609	0.127586592	0.0969612664	-0.0206400357	0.0214604856	0.0043905527	0.0080194114	0.0524208139	0.0228133932	0.0141133835	-0.0297595228	0.0072650886	0.1128382417	0.066786217	0.0034221101	-0.0608290638	0.0	0.000252417109948	0.0001106314929301	1.2239327227964888e-08	6.37143973945007e-08	0.0074618366272432	-9.965549672579996e-05	5.567900585166818e-05	9.931218027665926e-09	-0.0092519310651653	-0.0196668531704631	0.0003867851136285	8.559822843457073e-05	0.0001799994427887	-0.0003089929690432	9.547665491813197e-08	3.239979940424248e-08	-6.016738162362145e-06	-5.658910543759888e-05	3.6201138114425005e-11	3.202326854227682e-09	-0.0001859994140061	-0.0004819874053983	2.3231185896258522e-07	3.4595782010612586e-08
764.9291893012693	0.6184227068147266	0.3824466443040532	585116.6646450971	1137.4196970313787	7.320781409740448	1293723.567194953	53.59384044920134	785.6100294751608	0.5473249370113535	0.2995645866744821	617183.118411963	826.7090181437605	726.745963611942	1.132129	24.731844	0.1202638400808422	0.091922870680206	-0.0329644981	-0.1311104283	0.046835369	-0.0605918432	-0.0383198811	0.1319341052	0.0591033836	0.0374857988	0.0741977307	-0.1016318197	-0.0500424416	-0.0500292847	0.0834043016	0.009483529	-0.091854652	-0.0732380938	0.0061155762	-0.0723080379	-0.057992235	0.0639692594	0.0378279509	-0.0999772287	-0.043050856	-0.0083495205	0.0120278573	0.1131884721	0.030099547	-0.0547879891	-0.1104239767	-0.163802537	0.0329842608	0.0259137791	-0.1312249997	0.3841812919	0.156124168	0.0613914922	-0.0490137687	-0.0020826476	0.0948345559	0.0261965233	0.0217298828	0.0473108755	-0.1235722998	0.1862464763	0.2166516158	0.113372402	-0.0217461618	0.0787080156	0.1222246643	0.0463965666	0.0205290746	-0.0599945595	-0.0089787887	0.0936591608	0.0665847359	0.0106629809	0.1292577235	0.0103385283	0.0515084259	-0.0591942494	0.0926332956	0.0403554186	-0.0118415533	-0.0179335361	-0.0212525899	-0.0093184406	0.0098454524	0.0850495109	0.0786819708	0.0566514053	-0.0543107528	0.013897696	-0.0413132369	-0.0393046782	0.0312452512	0.3450995486	0.0712486855	-0.0146754048	-0.0715858882	0.158791124	-0.1472215583	-0.2296119674	0.0319699926	-0.1849755864	-0.0378206902	-0.0048080148	-0.1123724534	-0.1191546935	0.1148390526	-0.0083464575	-0.0206904315	-0.1683554337	0.0492405132	-0.0252378853	0.1200483164	-0.0913299387	-0.0089528847	0.0022663776	0.2078125861	-0.0799060577	-0.0607115611	0.1456560208	-0.2273515277	0.0082292363	-0.0217906279	0.0197724856	-0.1919635058	-0.0382307592	0.0023692954	-0.1292150466	0.0057382674	0.0191241876	-0.1658950594	0.0983434319	0.0350416623	0.0314502127	-0.0873753553	0.1111140131	0.0608290638	-0.0068418353	-0.072557225	0.0	-0.0165073356820357	-0.0167597527919837	0.0002808893136484	0.0002724921313194	-0.0826600963751076	-0.0901219330023508	0.006832691532742	0.0081219628080802	-0.0035201443350132	0.005731786730152	3.2853379119947694e-05	1.2391416139325526e-05	0.0002620055316244	8.20060888357e-05	6.72499860612872e-09	6.864689860178446e-08	6.497563501595138e-05	7.099237317831353e-05	4.2218331457261284e-09	5.039917049488931e-09	-0.0001860083031192	-8.889113100002226e-09	7.901633170463117e-17	3.459908882928419e-08
764.6672438101807	-0.2619454910885679	0.068615440301631	584715.9937562584	1135.1555720716717	-2.2641249597070328	1288578.1728053642	5.126261833168373	785.559014768887	-0.0510147062738042	0.0026025002562025	617102.9656846644	825.4279605955008	725.8460059055062	1.113796	24.331354	0.1550787497353603	0.130247048269113	0.1377868617	0.0544224244	-0.0540259281	0.0758719546	0.1307124351	-0.1044506863	-0.0333033821	-0.0478724507	-0.0707027216	-0.0352576778	0.1384081692	-0.0813338323	0.097104005	0.0991336052	0.1400755433	0.1103220199	0.0544824249	0.0027450482	-0.0584843142	0.0248544911	0.0087608858	0.0028863817	0.016132375	-0.0349581515	-0.00898177	-0.1227158431	0.0042879189	0.0600896685	-0.051461268	0.0600847347	0.0375538334	0.0534519222	0.0221779008	-0.090744014	0.1012772017	-0.0115335559	-0.0021141859	-0.067194902	0.0234344558	-0.0441796738	0.0559587589	0.0006251739	0.034383637	-0.2529962766	-0.0867809355	0.222387558	-0.1024229785	0.0083291823	-0.0947647263	0.1321965968	-0.0034106912	-0.0510692131	-0.0081146517	-0.0827569883	0.0155122302	0.1064948808	-0.1340088517	0.0553340442	-0.0635461301	0.0391911528	0.1140621947	0.0253990579	-0.0774192468	-0.0150206324	0.0994935603	0.0239617963	0.0153058219	0.0154241534	-0.0314863852	0.1206151392	0.0327473401	0.057034915	-0.0222097885	-0.0059259848	-0.0852058322	0.012509746	0.046402382	-0.0046598756	0.145985131	-0.0612942939	0.1590985401	-0.0628656408	0.0395989266	-0.0065917461	-0.0686301224	0.0047822714	0.2150253803	0.0183579131	0.0778376226	-0.0704327273	-0.1218227506	0.207163958	-0.0036962	0.1287253596	-0.0490333098	-0.0561923635	-0.1120899424	-0.1442506147	0.1440329425	0.0117417934	-0.0505555236	0.1122235899	0.0491947332	0.1867092521	-0.1277306733	0.076016196	0.0429365274	0.0740429096	-0.1526545511	0.11799858	-0.0441945092	-0.0062637796	-0.1881433647	0.1338803923	0.0128396525	-0.1003454558	0.0022153114	0.1093123473	0.0547023691	-0.017062887	-0.0834770299	0.0	-0.007637770014881	0.0088695656671546	7.866919512396938e-05	5.833553080021532e-05	0.0466316815481917	0.1292917779232993	0.0021745137240119	0.0167163638385677	0.0081471463090352	0.0116672906440484	0.0001361256709726	6.637599298082587e-05	0.0001940026018296	-6.80029297948e-05	4.6243984606764965e-09	3.763700951665431e-08	2.7981986345793075e-05	-3.699364867015831e-05	7.8299155985615e-10	1.3685300419311055e-09	-0.000186002571567	5.7315521999996245e-09	3.2850690621320524e-17	3.4596956629536963e-08
765.7938452696509	1.12660145947018	1.2692308484803398	586440.2134528781	1137.8674525916576	2.7118805199859253	1294742.3396674283	7.354295954679133	785.7122078501703	0.1531930812833479	0.0234681201530864	617343.6735647892	826.0480151678964	732.24774254461	1.21276	26.493267	0.2032399054187445	0.1173154718014788	-0.1342361817	0.0488340632	0.0726522355	0.0531658643	-0.1291910713	0.0244186955	0.1058995585	-0.0868168379	-0.0792489653	-0.1028938326	-0.0512996658	-0.1054935115	0.1865675166	-0.0990695536	0.0066101064	-0.0928929557	-0.1407064766	0.022490317	0.0163574891	0.1224335401	0.1879750164	-0.0185335414	0.2255830598	0.060237421	0.020268661	-0.0490985663	0.0023089417	-0.0312540464	0.0590313926	-0.0598761903	0.0434622844	-0.1374763285	-0.0297799617	0.0184999614	-0.1350604449	0.1413746364	-0.0502335373	-0.2500052356	-0.0514285616	-0.0843082286	-0.0213480238	0.021797861	-0.0431392669	0.074734375	-0.008094463	0.1546036405	-0.1887935818	0.0302055396	-0.1712465981	-0.0727645596	0.0870415026	-0.1320276394	0.107837509	-0.0513896382	-0.0001026189	-0.1112090532	-0.0149020674	0.0697656746	0.1033792146	-0.0057924811	-0.0348979131	0.0098341532	0.2720555963	-0.0142257345	0.2150543822	0.005953282	0.0086110775	0.0053969445	0.0355620719	-0.0717692688	0.1236971421	-0.0664177014	-0.1305150691	0.0113198894	0.0543846345	0.0479810821	-0.0885739618	0.0168173348	0.0940198933	0.0179187835	-0.0798102234	0.0556930096	-0.1755849207	-0.2251585991	0.0579195621	-0.0971048024	0.1760641019	-0.1404663921	-0.0489825783	-0.0728878194	0.0436794954	0.0614933679	-0.0225765709	-0.1361855086	0.003608952	0.0007146289	0.0293778155	-0.1460945882	0.1174804759	-0.0442683942	0.1139048177	-0.0672956572	-0.1091249291	0.0034212274	0.0871616476	-0.117764124	-0.1201628529	0.0167689363	-0.0830153369	0.0775910803	-0.1084535031	-0.0844521659	-0.0186452212	-0.0465666692	-0.0693999294	-0.0137445316	0.0352562723	0.1074345	0.0484232091	-0.0271769657	-0.0934668214	0.0	0.0129081919579903	0.0205459619728713	0.0004221365533906	0.0001666214196243	-0.0581706799296029	-0.1048023614777945	0.0033838280034723	0.0109835349713223	-0.0252184629072331	-0.0333656092162683	0.0011132638783727	0.0006359708714034	0.0003974684915005	0.0002034658896709	4.139836825957086e-08	1.5798120173568309e-07	0.0001810693621411	0.0001530873757953	3.2786113906184824e-08	2.3435744627893523e-08	0.000347963618003	0.00053396618957	2.851198916039052e-07	1.2107867945373768e-07
764.9360851697767	-0.8577600998742128	0.7357523889362194	585127.2143948638	1137.0465578138828	-0.8208947777748108	1292874.8746363996	0.673868236177956	785.4655296810852	-0.2466781690851576	0.0608501191032056	616956.0983171877	825.7326301823988	729.4078425134745	1.153607	25.201046	0.0484619946409633	0.0247124206285159	0.0846509946	-0.0913099651	0.1097024385	-0.047159612	0.0534252614	0.1142961293	0.0466723788	0.0727404293	0.0093187346	0.0145327744	0.062387321	-0.1357918043	0.1519597013	0.1062010502	-0.0793258982	-0.0833367778	-0.0202300406	0.1226266646	-0.0532300105	0.2083309692	-0.0475679517	-0.0516361203	-0.0058542439	-0.0653660629	-0.0876663107	0.2251087843	0.1077508858	-0.1302622405	-0.0994135819	0.0672304493	-0.0066568907	-0.0072879492	0.0211607988	-0.1414165073	-0.0462788936	-0.1292510675	-0.0860065587	-0.0987056165	0.0596990476	0.0671371875	0.0251201822	-0.0590181756	-0.0343710572	0.2574874806	-0.0392331584	0.0065138725	0.025286606	-0.0323171255	-0.007731111	0.0288241228	-0.3018988173	-0.0647948946	0.0362442267	0.0387787462	0.0347454887	0.1065541974	0.067458502	0.0297103312	0.1174711107	0.0704384587	0.2167505295	-0.1101077719	0.0818599913	-0.0767334141	-0.0155553426	-0.042389432	-0.1088105545	-0.0307095696	-0.0192667746	-0.0631500258	0.0899371916	-0.0459139088	0.2031633892	-0.1210465023	0.0189521538	0.0993474348	0.0901502463	0.0374350672	0.0398224797	0.1949260811	0.130998924	-0.0061595808	0.10851221	-0.0062993356	0.0280961166	0.0760345841	-0.013144051	0.0322211963	-0.1621914962	0.051038288	0.0233151875	0.117499821	0.0685432286	0.1066916355	0.0906015607	-0.064985597	0.1029338642	-0.02439466	0.2009548112	0.1099360152	-0.1423332677	-0.0603748359	-0.0578085483	0.078065029	-0.0674595086	0.0607169963	-0.1573426776	0.0189958401	-0.0019729244	0.0384549424	-0.213589832	-0.0788742743	0.054135609	0.0355049969	0.1387679857	-0.1354330097	0.0439612807	0.1054817798	0.0420090849	-0.0371206631	-0.1024153039	0.0	0.0172871382573731	0.0043789462993828	1.9175170692878315e-05	0.0002988451491295	-0.0434518068316407	0.0147188730979621	0.0018880595169342	0.0002166452252739	-0.0091294800101593	0.0160889828970738	0.0002588553706623	8.334740525589824e-05	0.0003519971812475	-4.547131025299999e-05	2.0676400561245823e-09	1.2390201560618537e-07	1.4070569116508835e-05	-0.0001669987930245	1.9798091526245222e-10	2.788859687167024e-08	0.0004009973616563	5.303374365330004e-05	2.812577965883942e-09	1.6079888405531346e-07
765.7825462099715	0.8464610401948676	0.7164962925677772	586422.9080798272	1135.392714433372	-1.653843380510807	1289116.6159883807	2.735197927259414	786.0283362643858	0.5628065833005849	0.3167512502064781	617840.5454105582	826.3962001949754	725.5296945193561	1.165599	25.463011	0.1181941364443994	0.0732666809091477	-0.032025266	0.0615426164	-0.1224441691	-0.1547667358	-0.0339963987	-0.1194370496	-0.0324516697	0.080801925	0.1097856516	-0.1160232916	0.0291084513	-0.0585248797	-0.0518901877	-0.1238119112	0.0292382931	-0.0513969733	0.1693499133	0.0403213686	-0.001438291	-0.0330375405	-0.0066776892	-0.0142045598	0.011298244	0.0309526713	0.0614278095	0.0218473876	0.1070189314	-0.0259455166	-0.1498993598	-0.1783694861	0.1409763077	0.0238833507	0.0355894385	0.0432638099	-0.1043804701	0.0727622544	0.0010080764	-0.1604867546	0.1025735762	0.0032586576	0.0253829996	-0.2763103609	-0.117896444	-0.0846570234	-0.0412536085	-0.0491050511	0.2205483174	-0.0682005962	0.0632281214	-0.0445258454	0.0805467297	0.0944614657	0.0997871185	0.1271445922	-0.0609458091	-0.0890133811	-0.0383837259	-0.1637596058	-0.0874672468	-0.0197942415	0.1368822278	0.0061290255	0.1433820778	-0.067653088	-0.1729968483	-0.0543188559	0.0242357037	0.1522781059	0.0222862157	-0.2456072009	0.0930223154	-0.0455064756	-0.1139612926	-0.0372209006	0.0352103967	0.0218321876	0.0527636993	-0.1278502983	0.0284417764	-0.217505935	0.1751243841	-0.1365209333	0.067682123	-0.1195772019	0.015508396	-0.0149826734	-0.1365706813	-0.0159620484	0.0284749199	0.0131734202	-0.0372218444	0.0237068564	-0.1141918671	-0.0646707005	-0.0963279709	0.0279442838	-0.1128409772	0.1182237531	0.1337731617	-0.0024092177	0.0422696319	-0.0400793255	-0.0525783093	0.0473160395	0.0571732595	-0.070813415	0.0169423368	0.0556267708	0.0583342053	0.235257924	-0.138114956	-0.0534713225	-0.002853775	-0.1371382733	0.0570970304	-0.2089741466	0.0193652302	0.1034555476	0.0354778738	-0.0468316386	-0.1102227826	0.0	0.0188469654537897	0.0015598271964166	2.433060882680875e-06	0.0003552081068163	0.0186750699566999	0.0621268767883406	0.0003487582378876	0.0038597488194736	-0.046083397582322	-0.0369539175721627	0.0013655920239301	0.0021236795327303	0.0002709446011476	-8.105258009990005e-05	6.569520740850714e-09	7.341097689103203e-08	0.0002780535856272	0.0002639830165106	7.731379648014265e-08	6.968703300608386e-08	0.0003949626605173	-6.034701139000025e-06	3.6417617837048195e-11	1.5599550320290398e-07
764.7516123322351	-1.030933877736402	1.0628246602646143	584845.0285647532	1140.1738452613354	4.781130827963352	1299996.3974180196	22.85921199410153	785.5950077678006	-0.4333284965852044	0.1877735859527935	617159.5162296906	827.0876461122094	732.2530505053811	1.143869	24.98831	0.1971485661422884	0.1102892627137919	-0.0272312902	-0.1129423748	-0.1225795637	0.1175759259	-0.0296971455	0.094500451	-0.191031929	-0.0877763179	-0.0589226106	-0.109011315	-0.0007095489	-0.0588040345	-0.0334136651	-0.015758161	-0.1091271141	0.169752342	0.0333204518	0.1330123863	-0.0609421234	0.0775061156	0.0007466062	-0.0470590192	-0.1069367163	-0.0067707818	0.110876597	-0.0634623585	-0.0399674806	-0.0540791191	0.1051191763	-0.0360001948	0.0905872942	-0.1084656966	-0.0784609149	0.0350669234	0.0021903347	-0.1460945844	-0.0486393071	0.1020383686	0.0944251317	-0.1792453818	-0.0396536876	0.0637638806	0.1124701197	-0.1285105894	0.0876381393	-0.0232228601	-0.0348676737	-0.0972114282	-0.0546101396	-0.0935780029	0.0337464955	-0.0462928702	-0.1634257745	-0.0550722547	-0.0099249895	-0.017868585	0.1009312601	0.0742241884	-0.1460442471	0.1460585741	-0.0033567723	0.1406196483	-0.0829570613	-0.0228709321	0.0359871768	0.0220955812	0.1498576066	0.0940577644	0.117985006	0.0632132172	-0.1171160782	-0.0472192966	-0.005483901	0.047388181	0.1027670681	-0.0312654598	0.0316239681	0.0194946049	0.0026426644	0.0467893317	-0.1648392542	-0.015263313	0.1126155135	0.0526966357	0.2089322509	0.0170732534	0.0659168396	0.107959111	0.0217294097	0.0863142513	0.0455764405	0.0577452386	0.02313994	-0.0498058577	0.138410666	-0.0075306322	-0.1334750777	-0.0917260076	0.0194890431	-0.0987631376	-0.1317181811	-0.0425192679	-0.1305975758	0.2513018511	0.0032522833	-0.0759971032	-0.0734198179	-0.078253719	0.1291933502	0.0147464499	0.1589124076	0.0800235609	-0.0244394441	-0.1637569272	0.0895846696	-0.151218153	-0.2121479652	0.1013572156	0.0288477796	-0.0562490111	-0.116802275	0.0	0.0068985704708239	-0.0119483949829658	0.0001427641426689	4.759027454092349e-05	-0.0841079033002358	-0.1027829732569357	0.0070741393975618	0.0105643395915359	-0.0122117663204051	0.0338716312619169	0.0011472874043432	0.0001491272366641	0.0007823405976488	0.0005113959965012	2.615258652374554e-07	6.120568107294816e-07	0.0005262372828589	0.0002481836972316	2.769256778707179e-07	6.159514757159613e-08	0.0006062942995938	0.0002113316390765	4.4661061674760086e-08	3.675927777199365e-07
764.9398759594944	0.188263627259289	0.0354431933488245	585133.0138329268	1134.5398589372635	-5.633986324071884	1287180.6915173857	31.74180189982902	785.3252726407587	-0.2697351270418266	0.0727570387602703	616735.7838482821	824.9951156567057	726.0031925206634	1.16573	25.465893	0.1688705670586626	0.1187119991351972	0.13361897	0.0477036137	0.0254926535	0.1189155519	0.1403564158	-0.0481924322	-0.0216627729	-0.1055193083	-0.0318657573	0.0194303676	0.0288733026	-0.0813444165	0.1602904906	0.1350343849	0.1329352638	0.1353331968	0.0085358753	-0.0253743578	0.0264997443	0.0041705734	0.0242966348	-0.0259661308	0.0598312466	0.1772307234	-0.0927834164	-0.0868577295	-0.1022676857	0.0654639343	0.1138200406	0.0366728433	-0.0698046868	0.13354272	-0.0376118482	-0.0337122754	0.0199788326	-0.0293654568	0.0339280536	0.0460255607	-0.1753196133	-0.1520078691	-0.0349106775	0.001771678	0.0197359762	0.1116129257	-0.0300063366	-0.0009202795	0.1270727419	0.2399485465	0.0401369357	0.0869448593	-0.0422878516	-0.0652583535	-0.1531112654	0.0785613947	0.0585106037	0.1185426735	-0.1370216156	0.0723889646	-0.0263287828	0.0127921566	-0.004848093	-0.0024366563	-0.0892531663	-0.0534478539	0.1660067434	0.1356220157	-0.1160235941	-0.1349165167	-0.1881644012	0.1816381014	0.0358185581	-0.0323206421	-0.0854587892	-0.0007920175	-0.0544279587	-0.0288330602	-0.1563539249	0.091377865	0.0885246153	0.016662919	-0.03340304	0.0100855899	0.0770529309	-0.029945223	-0.1411605199	0.0211832279	0.0314909857	0.0464104236	-0.0096748356	0.0401810377	-0.1207532235	-0.1037594157	-0.1355911631	0.1350653666	-0.05712894	-0.0186899721	-0.037279164	-0.1178931801	0.0207540938	-0.0013209715	0.0408351233	-0.0120932373	0.083324063	0.1944754308	-0.1036437777	0.1178130922	-0.0563382534	0.2120426876	0.0356344528	0.0784557466	-0.1288971243	-0.0485747969	0.182271309	-0.025450317	-0.0679415461	-0.165797081	0.1294787059	0.0991882461	0.0221372814	-0.0653137397	-0.1220804792	0.0	0.0037703286671444	-0.0031282418036795	9.785896782287974e-06	1.4215378258290869e-05	0.028296617823571	0.1124045211238068	0.0008006985802532	0.0126347763690723	-0.0518929087327464	-0.0396811424123413	0.0015745930631485	0.0026928739767451	0.0005468307121011	-0.0002355098855477	5.5464906190690764e-08	2.990238276969961e-07	0.0005261758151779	-6.146768099992306e-08	2.7686098847812764e-07	3.778275807508303e-15	0.0006438561807418	3.7561881148000026e-05	1.4108949153764794e-09	4.145507814794175e-07
765.4235790341771	0.483703074682694	0.2339686644574918	585873.2553414892	1139.9096539914608	5.369795054197311	1299394.0192629318	28.834698924081906	785.6232801393393	0.2980074985805458	0.088808469210234	617203.9382968948	826.2422323003103	730.6940047763767	1.255837	27.434319	0.1073753249544832	0.0645581280725432	-0.1357879869	0.0910645796	0.0547620776	0.0291053963	-0.1552413827	-0.026212095	0.1096074607	-0.0041153909	-0.1044585961	-0.0731305655	-0.0761324522	-0.0069499473	0.1267421259	-0.1452703114	0.0082644126	0.0099217566	-0.0708752413	0.0651253072	0.129142881	0.070921152	-0.1045575522	-0.0904732684	0.0478323453	0.0829560109	0.1521473845	-0.1390113345	-0.046591509	-0.1660576506	-0.0898680113	-0.1150486405	-0.0140569114	0.0204093446	0.1415178387	-0.0820545546	0.1069426642	0.1127103864	0.055872846	0.0943481156	-0.0726243445	0.1338313733	0.113293482	-0.1270851869	0.0167547109	-0.0535909449	0.0798118392	0.0695126246	-0.0155116069	0.0617529852	-0.0938529321	-0.0700236469	-0.034485359	-0.0570932432	0.0721412635	-0.0597009938	0.2084207565	-0.1542392438	-0.0280243073	0.0545782898	0.0791461886	0.0557571	-0.0086187496	0.0707411584	0.1324322276	0.1210551065	-0.035242914	0.1652862172	0.0970505278	0.1084552163	0.0112283422	-0.0938175573	-0.0322541811	0.047554757	0.0066657643	0.0638276811	-0.089055432	0.0074331855	0.0231182581	0.183358479	-0.0406252707	-0.1357931597	-0.0439573524	0.0120131918	0.0709235665	0.0076753137	-0.1916317723	0.0702410019	-0.0579123959	-0.1128630462	0.2027730524	-0.0452768383	-0.0164268109	0.1412569512	-0.1450349465	-0.1489910531	-0.0654862336	-0.0381751159	0.0326479781	-0.0731379268	0.0116907355	-0.0990617533	0.043664349	-0.1017418759	-0.2148010252	0.1184102689	0.1045119838	-0.1134660434	0.1007694694	-0.0973136296	0.031503293	0.0080256041	0.0376054765	-0.022996212	0.0167151801	-0.0369303686	0.0902171691	0.0961328603	-0.0964424069	0.0969501507	0.0153650827	-0.0739689949	-0.1259985909	0.0	0.0156154019906438	0.0118450733234994	0.000140305762039	0.0002438407793294	-0.0319236996304965	-0.0602203174540675	0.0010191225980981	0.0036264866342686	-0.0666962703263678	-0.0148033615936213	0.0002191395144715	0.0044483924754479	0.000353273770217	-0.000193556941884	3.7464289751524854e-08	1.2480235672333374e-07	0.0005261516557957	-2.4159382200090312e-08	2.768355648965567e-07	5.836757482900407e-16	0.0008604065311414	0.0002165503503996	4.6894054258189546e-08	7.40299398830777e-07
763.5780744825377	-1.8455045516394648	3.405887050121982	583051.4758304599	1137.28940667212	-2.620247319340706	1293427.194528623	6.865696014512155	784.866027725401	-0.7572524139383177	0.5734312184154092	616014.6814774498	825.9789695616861	726.9178456777424	1.166762	25.488438	0.0495773298649715	0.0328405857052488	-0.0173788508	-0.1534678995	0.0823482714	-0.0584119166	-0.0177208974	0.1158990098	-0.027205786	0.1355397935	-0.0407480935	0.1558586186	-0.0257007058	0.0605394477	-0.0213788895	0.020757087	-0.1629633087	-0.0655247966	-0.0104338863	-0.0670998889	0.1556700757	0.159796169	-0.0800703143	-0.0189095477	-0.0733868194	0.0586136516	0.0352144034	-0.0105626384	0.0021472542	-0.0436082201	-0.07313888	-0.0038355113	-0.1121239131	0.1284320753	0.0755803718	-0.1121601462	-0.0525848085	-0.1000537735	0.0453173796	0.0040879876	0.0053823203	-0.0677264737	-0.1120502774	0.0651496661	0.2285558158	-0.1350582093	0.03074667	-0.0262880009	0.0410443063	-0.0593779891	-0.0818203445	0.0346726449	0.1304942436	0.0293516468	-0.1163382237	-0.0199652258	-0.1422940454	0.0158342664	0.1698960015	-0.0492063604	0.0750039266	0.0988424346	0.0090191239	-0.163550374	-0.0296806749	-0.00058639	-0.0068929118	0.0991887915	-0.04224161	-0.0475424622	0.0452382802	0.0361030623	-0.014192629	-0.1317006498	0.0074330332	0.0289691772	-0.1216577932	-0.0208201824	0.0314348724	0.0786605062	-0.1306364013	-0.1404198599	-0.0650999845	-0.1667057278	-0.0289874219	0.1354294667	0.0850577854	0.1455755385	0.0987456061	-0.001883515	-0.0620169524	0.0997702189	0.1017823344	0.0297640551	-0.1318127	0.0001172136	0.1334097135	-0.0335607372	0.1018959552	0.0555723483	0.0316855653	-0.0286600844	-0.0160393309	-0.0349634381	-0.0045050595	0.0893286147	-0.1609190974	0.0865434401	-0.079514523	0.098271889	0.076688579	-0.1838005198	-0.0672195391	0.0919574772	0.1604771121	0.0424495466	0.0141655672	0.0674095587	0.0338425032	0.0946444892	0.0085500587	-0.0821605138	-0.1285129588	0.0	0.0127752335254598	-0.002840168465184	8.066556910625645e-06	0.00016320659163	-0.0605347281549484	-0.0286110285244518	0.0036644533127935	0.0008185909532269	-0.0679697392978084	-0.0012734689714406	1.621723221222001e-06	0.004619885460212	0.0006442621083589	0.0002909883381419	8.467421293458474e-08	4.1507366426705517e-07	0.000526791964261	6.403084653000633e-07	2.775097736099628e-07	4.099949307349223e-13	0.0009058311626121	4.542463147069991e-05	2.0633971442489007e-09	8.205300951591886e-07
764.3830817549505	0.8050072724128086	0.6480367086375097	584281.4956731953	1132.913505986333	-4.375900685787201	1283493.0120462447	19.148506811872892	784.9662280452576	0.1002003198566399	0.0100401040993729	616171.9791715994	825.1162886147778	722.5183215787081	1.071517	23.407757	0.1210409128989657	0.0908203840883931	0.1114023174	0.0168036448	-0.0518210173	-0.1029338497	0.1290371898	-0.0651253037	0.0344737027	0.0008228409	0.1846661439	0.1482917962	0.1116944322	0.022415612	0.0271879857	0.1067188759	0.0675861517	-0.0004993626	0.1194678591	-0.0495806338	0.1126970915	0.0836042226	0.1443441696	-0.1017090216	0.0057138863	-0.1472604886	0.0147424879	-0.2036743343	0.0556039932	0.1742857467	-0.1970688154	0.0525551928	-0.0622079685	-0.0744714827	-0.1689863072	-5.87809e-05	0.060140963	-0.1118084789	-0.0429204123	-0.0386652048	0.0402052391	-0.1195929874	-0.0029017841	0.050196928	0.143341945	0.0952886592	-0.1548650272	0.0474827764	0.0660956831	0.1793910328	-0.0776881214	-0.0313558301	0.0723243862	0.1241828766	-0.0176817013	0.0994492207	0.0319932589	0.0981910713	-0.0580127234	-0.1087128623	-0.0518829722	-0.1046280133	0.1345819401	-0.1036211516	-0.0657518015	0.0302047121	0.0030778706	0.0660055374	-0.0216520108	0.2343319528	-0.0310094951	0.0985034307	0.161587117	0.1851259059	-0.0367030801	0.0660286661	-0.0024954196	-0.1127321956	0.063636018	-0.0390315496	0.0101857203	0.1069522379	-0.0376917051	0.0791897681	0.0183904134	-0.039874171	0.0987590787	-0.0118236571	0.2495351804	0.0521881779	-0.0056895187	0.0401856234	0.0253911112	0.0708471248	0.0543358871	0.097150703	-0.043537604	-0.0329816636	-0.0657455774	0.0936347608	0.0387954712	0.0083613757	-0.0143022233	0.0259867397	0.0071535695	0.0379235745	0.0478329361	0.0941014741	0.1305084111	0.0375425477	0.0952159523	0.2114216124	0.040026141	0.0552100409	-0.1121796276	-0.1022719995	0.0415622585	0.110657462	-0.0774372062	0.0922728684	0.0017112041	-0.0898369411	-0.1295955703	0.0	0.0157901451970303	0.0030149116715705	9.089692387372031e-06	0.0002493286853432	0.0267178530694138	0.0872525812243621	0.0007138436726387	0.0076130129303139	-0.0457261400617454	0.022243599236063	0.0004947777069745	0.0020908798849463	0.0005092528099189	-0.00013500929844	1.8227510665260986e-08	2.5933842441029534e-07	0.0005262403298176	-5.516344434000533e-07	2.769288847265364e-07	3.0430055914528663e-13	0.0009408666450681	3.5035482456000056e-05	1.2274850309246875e-09	8.852300438017021e-07
764.6720150657401	0.2889333107896163	0.083482458083849	584723.2906246994	1133.4184551388023	0.5049491524694076	1284637.3944492291	0.254973646579573	785.9564173583132	0.9901893130555663	0.9804748756894544	617727.4899867149	826.2452081925189	723.4219033519155	0.983641	21.488075	0.0728525834874977	0.0336937533921272	0.0548705392	0.1418322524	-0.0660757769	0.0421687909	0.0403536846	-0.1017416939	-0.0033657705	-0.0524605504	-0.0258040861	0.0348939169	0.1294346931	0.147575438	0.0546717078	-0.0056045861	0.1307761551	-0.0867353112	-0.0827478447	0.0062464133	-0.2127803436	-0.0671236725	-0.1018591688	0.0347001989	-0.0606369454	0.0942930282	0.0390646239	0.0828457689	0.1553929663	-0.0214794969	0.0347095254	-0.0770116579	-0.0847578426	-0.0511982565	0.0577075634	-0.0928020262	0.0419510833	-0.0253794084	-0.0991492396	-0.0543831606	0.16885864	-0.0849201166	0.0646764474	0.0653725358	0.0310642344	-0.0169122458	0.0098605859	0.0648744421	-0.0308919933	0.0174962764	0.0298291965	0.1496743559	0.0163895561	0.0995265521	-0.0962507873	-0.090912196	-0.130434966	0.0134962426	-0.1213403472	0.0363846938	0.0247263993	-0.0328314957	-0.0233731383	0.1496621911	-0.1604118192	0.0029136409	2.08734e-05	0.0268735724	-0.0633908584	-0.0733181585	-0.0396065854	-0.166902157	-0.0758195189	-0.0815221108	0.0767336998	-0.1889900647	0.072924628	0.1066755684	0.1042803603	0.0379092721	0.057796915	0.0115782381	0.0159325636	-0.0351203616	-0.066298329	0.0199207559	0.0452081055	0.0584582699	0.0387504785	0.0546234194	-0.0840929281	-0.0169298538	0.0193149536	-0.0298654679	0.0957248764	0.0644747275	-0.1298762708	-0.041511775	-0.0781681545	-0.0027759657	-0.06696563	-0.0170665793	-0.0399719982	-0.0597741847	0.0308884065	0.0923859229	0.0411158297	0.0968066181	0.0254951744	-0.1498576369	0.0266564133	-0.0930361899	-0.1307836827	0.0468423351	-0.1122012848	0.1662001669	-0.0405466437	0.2350646163	0.0053253525	0.0898369411	-0.0051324198	-0.0969501507	-0.1292343642	0.0	0.0105768213563663	-0.005213323840664	2.717874546763565e-05	0.0001118691500044	0.008284300666304	-0.0184335524031098	6.862963752972489e-05	0.0003397958541981	-0.0678603364334193	-0.0221341963716738	0.0004899226490198	0.0046050252608568	0.0004778606138527	-3.1392196066200046e-05	9.854699738587454e-10	2.283507662716793e-07	0.0002392781509086	-0.0002869621789089	5.725403350223877e-08	8.23472921242009e-08	0.0011639424875339	0.0002230758424658	4.9762831491826434e-08	1.354762114286603e-06
764.6963529515486	0.0243378858085634	0.0005923326856306	584760.5122173994	1135.4090671688318	1.990612030029524	1289153.749809197	3.962536254098264	785.9570601894504	0.0006428311372701	4.132318710440345e-07	617728.5004616434	826.1374163427937	717.5287449728448	1.074682	23.476904	0.0808302750384079	0.0383080682045664	-0.1444694755	0.0946365118	0.0434207554	0.0590914043	-0.1315906248	-0.0178451794	0.0944435306	-0.072569724	-0.0455684456	0.0535321359	0.0866082483	0.1530275108	0.0589130439	-0.1270763911	0.0129115028	0.041548919	-0.1416601598	0.0455078362	-0.0473238437	-0.1165316569	-0.0796070445	-0.0834008388	-0.0195520739	0.1286580641	0.0757880166	-0.0964179864	-0.0888756797	0.1021717578	0.0360886489	0.1488791204	0.1054224168	0.0394070918	0.0049041489	0.0462915229	0.1427567921	0.0769332654	0.0213712129	-0.0823754263	0.0532549067	0.1044913338	0.1502402818	-0.1475713849	0.0344177534	0.0827303705	-0.031436093	-0.2035962886	-0.0524947738	0.0107284301	0.0571883584	-0.0922390429	-0.0490351215	-0.1641422106	0.0826125287	0.1164352234	-0.089206897	-0.1285054007	-0.0234250993	0.0839032892	0.0429093161	0.031719867	-0.0750826524	0.1364297833	0.0101520252	0.0766207661	-0.0775091562	0.156677583	0.0829927605	0.0011830844	-0.0344903077	-0.0928913851	-0.0863954591	0.0851383384	0.0318608597	-0.0145354487	0.0203545064	-0.1111617566	-0.0282557219	-0.0157070291	0.0061644746	0.0271928632	0.1558252188	0.0610038458	-0.1051265733	-0.0229736652	0.0016914474	-0.0063108756	-0.1544074078	0.0064995172	-0.0155195539	-0.0779565228	0.1009744509	-0.2115812709	0.1594382287	-0.1318009888	-0.0505252392	-0.0757169424	0.0206452239	-0.0562658742	-0.0744337658	-0.062997466	0.1038620737	0.0147657247	0.0124433459	-0.0112467589	0.1057330526	-0.089697779	0.2332815719	0.0021093442	-0.1098092768	0.0524273135	-0.0530453281	-0.0112096334	0.1113770905	-0.0575430716	-0.1207654224	0.1258272592	-0.0591471465	0.087338405	-0.0119617388	-0.1034555476	-0.1274333647	0.0	0.0157023342941471	0.0051255129377808	2.627088287535838e-05	0.0002465633022851	-0.0154626847630225	-0.0237469854293265	0.0002390946200806	0.0005639193169806	-0.0804677874271888	-0.0126074509937695	0.0001589478205602	0.0064750648134272	0.0003539731911922	-0.0001238874226605	1.5348093493461373e-08	1.2529702008278977e-07	8.211644093347736e-05	-0.0001571617099751	6.743109871581277e-09	2.469980308230457e-08	0.0006579851066189	-0.000505957380915	2.559928713023664e-07	4.329444005322853e-07
765.7812506807854	1.0848977292367863	1.1770030829031353	586420.923894228	1140.591417297721	5.182350128889084	1300948.7812132237	26.856752858396703	786.5972147581045	0.6401545686541112	0.4097978717687312	618735.1782652077	828.2479588964596	732.6438382901506	1.132545	24.740946	0.0822486542020268	0.0376571367265835	-0.0366350609	-0.1205769446	0.1480261957	0.0403909861	-0.0293902616	0.219328313	0.0990521599	0.0019515538	-0.0192414243	-0.1069176482	-0.0151710263	-0.022866573	-0.1291774915	-0.0062279877	-0.168312309	-0.0777882225	-0.2051486844	0.0484727787	-0.1240059123	-0.2018566368	-0.0561479968	-0.0343875804	-0.0833182623	0.0265609233	-0.010335888	0.0051688259	0.0772036603	-0.0330902556	-0.1309407587	-0.1115523578	0.0931519407	-0.0224232989	-0.1431617255	-0.1350096635	-0.0112465342	0.0020495173	0.0351151579	-0.0133558474	-0.0002762897	-0.001312077	0.0060428414	-0.0554841726	0.0056955015	-0.0871673349	0.0559657427	0.0420004138	-0.1040419526	-0.1420583376	0.1019037363	0.1654907421	0.0621561775	0.0247833502	-0.0512074318	0.0018701663	-0.0513206281	-0.0106470512	0.1927068062	0.0864576635	0.1194480986	-0.0271398524	-0.0603081816	0.0895576087	-0.005968692	-0.0688200141	-0.1930094154	-0.0805567869	0.1169532766	0.0521450103	-0.0549449318	-0.2394439608	-0.0770080949	0.0030662442	-0.0658532242	0.0100470152	-0.0865244278	0.1165669769	0.069051915	0.0376833713	0.1230579683	0.0019670064	0.0553025096	-0.0523144952	0.0105821193	0.1467108255	0.012329083	-0.158088408	0.1248300484	0.0604592551	-0.0021823187	-0.0251913983	-0.0168219869	-0.0624585653	0.0575834634	-0.0011060029	0.124836165	-0.1134703171	0.1042400785	0.0124336761	-0.0358991565	-0.0756241788	-0.0234337168	-0.0226104701	0.0563173004	-0.0862004629	0.1012079303	-0.0531319319	-0.0370264221	0.0091187478	0.1866304672	-0.0885955306	-0.0162070876	0.0242783451	-0.1118297915	0.0967935698	-0.0243820534	-0.0534148791	0.0705442083	0.0847790013	-0.0187577183	-0.1093123473	-0.1242126365	0.0	0.0050300754526091	-0.010672258841538	0.0001138971087807	2.530165905894064e-05	-0.0368957964494143	-0.0214331116863918	0.0013612997956366	0.0004593782765613	-0.0795514740214429	0.0009163134057458	8.396302575496451e-07	0.0063284370189843	0.000815852343331	0.0004618791521388	2.1333235118045677e-07	6.656150461186838e-07	0.000311888211236	0.0002297717703025	9.727425630799177e-08	5.2795066427955236e-08	0.0009508735895446	0.0002928884829256	8.578366343051801e-08	9.041605832934325e-07
764.9487985913423	-0.8324520894431089	0.6929764812181978	585146.664466338	1138.1859960705042	-2.4054212272167206	1295467.3616510057	5.786051280344794	785.982686318025	-0.614528440079539	0.3776452036665915	617768.7831916988	827.1647305934044	727.6730385087583	1.069499	23.363682	0.151572658073327	0.1118322935699089	0.0698621135	0.0426257349	0.0620226688	-0.1663197745	0.062253107	-0.0491682997	-0.0035961592	0.2384462202	-0.1005008604	-0.0029769984	-0.0138562293	-0.0403437899	-0.1960214036	0.0238871229	0.1181502595	-0.1036379047	-0.0137491059	0.1053136146	0.0128298094	0.0026558212	-0.0740565454	-0.0166983824	-0.1175500359	-0.1150630703	-0.064422846	-0.0673136481	-0.1260608117	0.1064782193	-0.0290368045	0.1091126466	0.1333475624	-0.0567186578	0.1441389237	0.1159230924	-0.0724012428	0.104034068	0.0470725816	0.1479026409	0.0276958601	-0.0224912628	0.0548141055	0.1159980578	-0.1006925538	0.0454952357	0.012353825	-0.0819344538	0.1186424525	0.140961557	-0.1035420549	0.0516645731	-0.0992125136	-0.1274820888	0.0999255295	-0.1079713779	-0.1245790983	0.047548948	-0.0628103335	-0.1538950903	0.1111289406	0.1578060948	-0.0185540633	0.0582609802	-0.0755921522	0.0165753269	0.0003805013	-0.179290425	0.1654765639	-0.0169324096	-0.0446529941	0.1931455277	-0.0521768862	0.0857513436	0.1018226519	-0.0293818297	-0.1100939531	-0.2424529512	-0.0439275502	0.0106198872	-0.0438903822	0.0128531049	-0.0097284857	-0.0040994076	-0.0200302957	-0.0408744251	0.0588296541	-0.0659716259	-0.1717777771	-0.1878102799	-0.0498578468	-0.1007498399	-0.0447500984	-0.0349136035	0.0204273133	0.0606689337	-0.0965205911	-0.1047772396	0.0396390907	0.1488192301	0.0312904871	-0.0238073609	-0.0043099185	-0.0129972457	0.0829659301	0.0922813956	-0.2010733317	-0.0245501605	0.1307357268	0.1126218448	-0.1558058226	-0.1903743399	-0.121550466	0.0637738928	0.0920676902	0.0829938885	-0.0165244466	0.1479891092	-0.0645293845	0.0821605138	-0.0255014167	-0.1144838316	-0.1196080616	0.0	0.0089409843949397	0.0039109089423306	1.5295208755201454e-05	7.994120195055522e-05	0.0728319910393366	0.1097277874887509	0.005304498918754	0.0120401873471764	-0.0751468117586924	0.0044046622627505	1.94010496488984e-05	0.0056470433174963	0.0006209339498165	-0.0001949183935144	3.7993180130273455e-08	3.855589700347198e-07	0.0002411692176791	-7.071899355690002e-05	5.816259155594912e-08	5.001176049700867e-09	0.0005459249890261	-0.0004049486005184	1.639833690618917e-07	2.980340936431474e-07
764.3591228152649	-0.5896757760774562	0.3477175208925503	584244.8686309211	1134.2105641067028	-3.975431963801384	1286433.603731245	15.804059298813728	785.3351799133856	-0.6475064046394436	0.4192645440490989	616751.3448095897	826.1308744441952	728.6150271497901	1.081941	23.635469	0.1869673061303761	0.1358454933908003	-0.083671647	-0.0689617762	-0.1296824354	-0.0655488552	-0.0802456416	0.0029027619	-0.1220743177	0.0142337169	0.132208439	0.0874753263	-0.1263362416	0.006904328	0.1125242173	-0.0633808293	-0.0695623251	0.0324837408	0.151090223	-0.0338675238	0.0960432438	-0.0576913829	-0.0845632511	0.0914383967	-0.0705373779	-0.1389142232	-0.1187164734	-0.0817760365	0.0657024348	-0.1121984614	0.0916282827	0.0890698896	-0.0548843202	-0.0712921137	-0.1434317123	-0.0011800774	0.1326768144	-0.1141548755	-0.1290091645	-0.1121612696	-0.1566150662	0.0647352941	-0.0195370429	0.129448254	0.0614347603	-0.0509960285	-0.0071565785	0.0388406402	-0.0633335133	-0.0817749914	0.1763229135	-0.1380784477	-0.008215332	-0.0478780932	0.0928040205	0.0090558852	0.1065345199	-0.0730260297	0.0413152435	-0.0969676606	-0.1059717761	-0.0645303497	-0.0520841683	-0.0769207912	0.0592239232	0.1728739981	-0.0729587937	-0.0295500791	0.0420957315	-0.0405160242	-0.0526836898	0.0283140502	-0.1186452508	-0.0275614281	0.1409242208	0.1161053417	0.1077353782	0.0511716496	-0.0343875706	0.0352727396	-0.0206742373	0.1891270325	-0.0107252684	-0.0840959601	-0.088497116	-0.0352639046	-0.1014205087	0.0193545562	0.1262438001	0.1907910672	0.0560316766	0.0510840856	-0.1470853697	0.1137771259	0.0907649034	-0.1023825131	0.0528404039	-0.0540155641	-0.1214289828	0.1496612843	-0.0449456688	-0.12052506	0.0443171707	0.0180404807	-0.0789420959	-0.0771894579	0.065217494	0.0141063396	0.1037694318	0.0225592214	-0.032185171	-0.0124328504	-0.0792238401	0.025622404	-0.0456560694	0.064878303	-0.0384634446	0.0228261143	0.0631089487	0.0794847672	-0.032174038	-0.1189375786	-0.1136709395	0.0	0.0154848614412514	0.0065438770463117	4.282232679724515e-05	0.0002397809338547	-0.0599181112491038	-0.1327501022884404	0.0035901800556599	0.0176225896575913	-0.1006158809619464	-0.025469069203254	0.0006486734860801	0.0101235555017485	0.0005018731374324	-0.0001190608123841	1.4175477045561869e-08	2.5187664607624065e-07	0.0003216985448613	8.052932718220001e-05	1.0348995376587784e-07	6.484972536417817e-09	0.0007904200013072	0.0002444950122811	5.977781103033525e-08	6.247637784664741e-07
765.5671786851121	1.2080558698472714	1.4593989846724476	586093.1050798824	1138.503930568695	4.293366461992264	1296191.199920368	18.432995576959968	785.8083231863985	0.4731432730129654	0.2238645567974215	617494.7207890194	826.3035579985097	726.0373629923558	1.169252	25.54283	0.1727070785947535	0.119111561255926	0.1408562671	-0.007460863	-0.0879486498	0.0879463449	0.1223469263	0.0043031765	-0.0757982409	-0.0868564163	0.0193855773	-0.1541668794	0.0253411993	0.1534737742	-0.030296289	0.1680702504	0.0901065308	-0.0289269431	0.0457678158	0.0031583323	-0.1984032247	-0.0316017747	0.1057140692	0.1613791511	-0.011174282	-0.0656919645	0.0992406242	0.092318174	-0.156097452	0.0743994942	-0.0080103454	-0.042694311	-0.1932507236	0.062051553	-0.0008646231	0.0838099816	-0.1263379261	-0.0379233688	0.186786896	0.095769335	-0.0841164602	0.1211057513	-0.0383919317	0.0268372259	0.0032938248	-0.0658575153	0.0448073147	-0.1455332849	-0.0627256545	0.1234503747	0.0223692867	0.0055198987	0.1439990453	-0.1150886812	-0.078678642	0.0233843308	0.0725191818	0.1514215509	-0.0248374919	-0.0094844374	-0.0776775544	-0.0972270822	-0.0607796583	0.1977271423	-0.1943803905	-0.1338045309	0.0636648537	-0.1412709693	-0.1201946632	-0.0649384278	0.0772025218	-0.0245788728	0.2150553779	0.0245562535	-0.0077572464	0.0883312776	0.0938445849	-0.0761178488	-0.0841347614	0.0507943732	-0.1647447534	-0.063696917	0.00563896	-0.1225641217	-0.0963833876	0.0212612056	-0.0310359401	-0.013990562	-0.0118638978	-0.0264115523	0.1060729996	-0.0154817757	0.0095972622	-0.1581813448	-0.1882036652	0.1508352805	-0.0114560358	-0.0379261637	-0.0661705338	0.0543257624	-0.1865322712	-0.104649206	-0.0358135788	-0.0016731083	0.1051510799	0.0856517811	-0.0855364139	0.0074296343	0.0648676526	0.0883707543	0.0715297692	-0.0825862539	0.0820388527	0.0698261519	-0.1682535911	-0.0208521551	-0.0382677787	0.0754989186	0.0910062524	0.0767536265	-0.0387569845	-0.1226456664	-0.1064674152	0.0	0.0156432518220981	0.0001583903808466	2.508751274476188e-08	0.0002447113275695	0.0527053708819664	0.1126234821310702	0.0027778561198056	0.0126840487273274	-0.0985518339223006	0.0020640470396458	4.26029018187059e-06	0.0097124639694487	0.0009049459365639	0.0004030727991315	1.6246768139970254e-07	8.189271481035141e-07	8.309090552738319e-05	-0.0002386076393339	6.904098581360517e-09	5.693360554850453e-08	0.0013059627437056	0.0005155427423984	2.657843192396631e-07	1.705538687947059e-06
765.1030647662832	-0.4641139188289571	0.2154017296507718	585382.6997147594	1137.8507663607595	-0.6531642079355606	1294704.3665077677	0.4266234825280883	785.4951073348648	-0.3132158515337551	0.0981041696520153	617002.5636470107	825.9973398165608	729.3788554277041	1.298761	28.372011	0.1417932161375491	0.0772401112479395	-0.1143709628	0.1504505895	0.0150088189	0.0465905099	-0.1222674677	-0.0936596226	0.0228685888	-0.0603086869	-0.0552560935	-0.0908887538	0.0214967896	-0.061229634	-0.019848394	-0.1598700091	0.0297048398	0.0804119908	-0.0290536437	0.07672892	0.0940664042	0.0212192284	-0.047067945	-0.2692617131	0.1406332637	0.1002290104	-0.0011858897	0.1131525648	-0.0287242879	-0.0396693046	0.149622453	-0.1485294849	0.0166471561	-0.068616189	0.0236166638	0.0125204951	0.1448130419	-0.0657450362	-0.1196777682	0.120086662	-0.0511599032	-0.0018323943	-0.0427282212	-0.0549335829	-0.0468642771	-0.0135697803	0.0246750304	0.0276308204	-0.0326830168	-0.0593062701	0.0122892246	-0.0230662898	0.1016255167	0.1328460126	0.0402814457	0.0658251522	-0.008392452	-0.1446567744	-0.1029789494	0.0920649912	-0.0065843758	0.0361064525	-0.0154843151	0.0745429527	0.1908784551	0.0615947771	-0.0450841488	0.2447237633	0.0745037075	0.0121108007	-0.0389597157	0.0544226695	-0.0408947019	-0.003588694	-0.0475382579	-0.1312551728	-0.0420005775	0.1347103568	-0.0537218337	0.0668335261	-0.0729493212	0.0929699296	-0.0816647809	0.1391312985	0.1167947256	0.0196379689	0.0549737393	0.0245874737	-0.1148979281	0.0616754299	0.0179749342	0.0079863998	0.0066850204	-2.57231e-05	-0.0487656628	-0.1335754362	-0.1253265552	-0.0502844026	-0.0003625893	-0.0497952248	-0.099713623	-0.0721124642	0.0445970894	-0.1218474733	-0.0800914629	-0.0490421906	0.0683142515	-0.0524480721	0.2114916429	0.0425595477	-0.084763915	-0.1543216719	0.0834190654	-0.0095640316	0.1715778975	-0.0125839374	-0.0290354597	-0.079520094	-0.0069005591	0.0739689949	-0.0452319084	-0.1255848477	-0.0980777428	0.0	0.0158609445055901	0.000217692683492	4.739010444594856e-08	0.0002515695606094	-0.0041111420119364	-0.0568165128939028	1.690148864230847e-05	0.003228116137423	-0.0984881653677121	6.366855458850296e-05	4.053684843389181e-09	0.0096999187174978	0.0002801479957281	-0.0006247979408358	3.903724668726558e-07	7.848289951047153e-08	0.0007661293152723	0.0006830384097449	5.869541277196032e-07	4.665414691868648e-07	0.000919892254175	-0.0003860704895306	1.4905042288639719e-07	8.462017592911628e-07
763.5533654427865	-1.549699323496725	2.401567993246206	583013.7418790055	1139.8320126980543	1.981246337294806	1299217.0171712977	3.925337049044084	785.4238104030521	-0.0712969318126397	0.0050832524858962	616890.5619480496	826.7385030466457	722.4694297153875	1.230699	26.88516	0.1239560954730435	0.062253353848819	-0.0260372136	-0.1644856192	0.089719092	-0.0007296757	-0.0077707624	0.173323524	-0.0333703118	0.0551061358	-0.0606643771	0.0338052794	0.0802099929	0.1220930379	-0.1060158243	0.0441699156	-0.1767139552	-0.0186414679	-0.101604007	-0.0137507698	-0.0093537099	-0.0100395342	-0.066002849	-0.1259172554	0.0233854175	-0.0505969476	-0.0118033909	-0.0889978574	0.0984228754	0.0760789393	0.1023604728	-0.0747784181	-0.0873064572	0.0493363997	-0.0370087987	0.1943775293	-0.0270482212	0.0494559511	0.1364760997	0.158840571	0.071589736	-0.0102743363	-0.1205001519	0.1036782821	0.0143328486	-0.1176056207	-0.066073758	0.0163065586	0.0753314515	-0.0092345399	-0.0041441576	-0.0449142166	-0.0535061113	0.0378021915	0.2156878622	-0.0810730664	0.0022329585	0.0326910856	0.1771645763	0.0161995453	0.0379828649	0.1009357964	-0.0368422616	0.000389342	-0.1062799557	0.0392754591	-0.181079132	0.0359650721	0.0242488017	-0.0471870913	-0.0457046196	0.1279286134	0.0841794298	-0.0640417854	-0.0414194189	-0.0226573306	0.1432823249	0.0615301269	-0.0727282186	-0.1037606119	-0.1653951556	-0.0190125123	-0.1093512054	-0.0689630392	-0.0036239784	0.0700197395	0.0812782573	-0.0290103292	-0.0657996661	-0.17151675	-0.0261186246	-0.1031600699	-0.1405635106	0.0195633717	0.0293733122	0.0061194145	0.172214556	-0.0811008141	0.0938807441	0.0592099319	-0.0392661365	0.0193600773	-0.1756807838	0.10774226	0.0134804358	0.0574685115	0.0597592075	-0.060024381	-0.0002831092	-0.0198707082	0.0086080325	-0.0232719577	0.0281055889	-0.0347972124	-0.0364671903	-0.0456845351	-0.0114615429	-0.0863990061	0.0128413577	0.0711328131	-0.0515807628	-0.1277366958	-0.0885953913	0.0	0.0157208594167599	-0.0001400850888301	1.9623832112564538e-08	0.0002471454208015	-0.0533759003529183	-0.0492647583409819	0.0028489867384846	0.0024270164143953	-0.0703669359964607	0.0281212293712514	0.0007908035413505	0.0049515056815299	0.0008772119589058	0.0005970639631777	3.56485376125462e-07	7.695008208473509e-07	0.0005549571607739	-0.0002111721544984	3.079774502942283e-07	4.4593678835496126e-08	0.0010402565899385	0.0001203643357634	1.448757332378856e-08	1.0821337729104764e-06
763.2860278623996	-0.2673375803868794	0.0714693818871111	582605.5603299598	1130.7360221147535	-9.095990583300818	1278563.9517078963	82.73704469149715	784.4761775861163	-0.9476328169358794	0.89800795573383	615402.8732001238	824.3205778610854	723.8403146120168	1.131677	24.721975	0.1710791139357074	0.1082261178516555	0.1073786702	0.0431707129	-0.0656933621	-0.0917354326	0.0873360627	-0.1178491146	0.0296955306	0.0516306118	0.1205726721	0.1623728505	0.0824931332	-0.0731609123	-0.0812915713	0.0509646471	0.1619318989	-0.024202814	0.1616031749	-0.0221166272	0.0959185396	0.0097373366	-0.0022949803	0.0351301135	0.0922025979	-0.1245017754	0.0736086998	-0.0229788851	-0.0702251691	0.1848113733	-0.0302444126	0.0064410995	-0.0269632116	-0.0209909564	0.1674225441	0.0789162207	-0.0843153463	0.1076945233	0.0308195989	0.0072078021	-0.0388171707	0.0315860641	0.0609644424	0.0531797544	0.0873696059	0.0328239488	0.0641398282	0.1465893226	-0.2098379121	-0.015721115	0.0418276969	0.0962839368	-0.1072843578	0.2101718622	0.1615423221	0.0270414017	-0.1250566191	0.064932878	-0.1151352349	-0.0907399057	-0.0481711549	-0.0466371978	0.1299259468	-0.1122554076	-0.0586990179	0.1243270364	0.1147727262	-0.0546401146	-0.0110829969	0.0621335382	0.0132693996	0.1000597134	0.1597639342	0.1059844559	0.0053489069	-0.0452996692	-0.1630849031	-0.06047582	-0.1060608107	0.0395199855	0.073809656	-0.0431489256	-0.0892156625	0.0758599456	-0.1872057644	0.0164349879	0.0298527826	0.0389656205	0.0075253114	-0.0689602825	0.1311122189	-0.0576888143	0.1033006942	-0.0024213201	-0.0258547728	0.0679814082	-0.0914123481	-0.036584049	-0.0757096011	0.0830199319	-0.0152997843	0.1691472042	0.0807671719	0.0619577036	0.0558131371	-0.0147410485	-0.0663108981	0.0076881229	0.1352017774	0.0667997621	-0.0287585948	-0.0422816822	0.0774434695	-0.1458680776	0.0610448791	0.0340464547	0.0362331428	0.0128623879	0.0858169868	0.0682470576	-0.0577858524	-0.1290877201	-0.078126003	0.0	0.0129667640435826	-0.0027540953731773	7.585041324556619e-06	0.0001681369697619	0.0479476771947844	0.1013235775477027	0.0022989797483752	0.0102664673670653	-0.0860404272775881	-0.0156734912811273	0.0002456583289395	0.0074029551261099	0.0001821941430565	-0.0006950178158492	4.830497643479313e-07	3.3194705764092383e-08	0.0004741182187864	-8.083894198749995e-05	2.2478808538518866e-07	6.534934541658383e-09	0.0012909588267757	0.0002507022368372	6.285161155517553e-08	1.666574692430092e-06
764.6465955771143	1.3605677147147617	1.8511445063241487	584684.416127671	1133.9984026700258	3.2623805552723297	1285952.37725817	10.643126887418994	784.731723318893	0.2555457327767954	0.0653036215404293	615803.8775830397	824.9654479502973	725.9417243336522	1.117881	24.420601	0.1709791795201416	0.1138419056889791	-0.0942051879	0.0223711907	-0.03225911	0.132091613	-0.0249737531	-0.0608423776	0.0072661667	-0.1541827812	0.0204526406	0.0838833927	-0.119841789	0.1652646638	-0.1405032304	-0.0567616912	-0.0255840378	0.1144966326	-0.0361002424	-0.2329979943	-0.0263883397	-0.1885032956	-0.0610611744	0.0628228084	-0.0151729327	-0.1125389337	-0.0079683195	0.0723284257	0.0122448558	-0.0347677879	0.1370337624	0.1019609817	0.1092090884	0.0671788904	-0.0591882253	-0.0885257686	-0.1200816046	-0.0215934818	0.0155385562	-0.0235237435	-0.0502627632	-0.0067440705	-0.0221632127	-0.0635118518	-0.0602239229	-0.0071593258	0.0270791975	-0.0522096276	-0.0678324415	0.0630522898	-0.1671927094	-0.1351831743	0.0511922755	0.1715838593	0.1008849233	0.0312194879	-0.1088140866	-0.0579678235	-0.0165502891	0.0687032629	-0.0613420707	-0.1429109703	-0.2273021054	-0.0813194932	-0.074776763	0.1395965192	-0.0258214545	-0.0739047803	0.0875591264	-0.2496669817	0.04935152	-0.0774438064	-0.0474965385	0.0244120197	0.0701877251	0.0712150805	-0.0318759143	-0.0435453008	0.040297156	-0.142003717	-0.039717105	-0.0144375172	0.0399145355	0.1023868502	0.0559683738	-0.1165555052	0.043527675	-0.0312202495	-0.0502801785	0.0800587288	-0.1450695175	-0.0180416637	0.1038318346	0.0483077909	-0.066097424	-0.0932569945	0.0291503172	-0.0025000344	-0.0324505519	-0.0468530302	-0.2504957305	-0.075986219	-0.0380799684	-0.0300571124	-0.054324412	-0.1042661147	0.0399750615	0.0272344745	-0.0709059006	-0.0801737327	0.0596418356	-0.0422643907	-0.0126982766	-0.1011621768	0.0615678385	0.1560210354	0.0078068118	0.070080055	-0.0779867888	0.0653137397	-0.0638298824	-0.1296294506	-0.066786217	0.0	0.0255997389025424	0.0126329748589597	0.0001595920537871	0.0006553466318783	-0.0598996589259712	-0.1078473361207555	0.0035879691394476	0.0116310479083432	-0.1117678553623093	-0.0257274280847212	0.0006619005558545	0.01249205349229	0.0004660580400505	0.000283863896994	8.057871201662025e-08	2.172100966957135e-07	0.000684801212532	0.0002106829937455	4.689527006852975e-07	4.438732385360852e-08	0.0012918407451502	8.819183745000306e-07	7.777800192807763e-13	1.668852510830224e-06
764.9130068279185	0.2664112508041398	0.0709749545550263	585091.9080145273	1134.149685189128	0.1512825191020965	1286295.508414598	0.0228864005858762	785.1986051782039	0.4668818593108881	0.2179786705535919	616536.849573797	825.7740851102532	728.6662042933515	1.09536	23.92861	0.1098791653208967	0.0657225210984492	0.0606375095	-0.0746977528	0.1648114302	-0.0289838508	0.0724067138	0.1312900957	0.1357416072	-0.0031266924	0.0218893604	0.0945352719	-0.0587683251	0.0625887034	-0.0521088853	0.1139112664	-0.0827641074	0.0014260836	-0.1011926017	-0.1087660227	0.005153547	0.07045604	0.1152207325	0.0868412864	-0.0472937662	-0.0201694507	-0.042619311	-0.0616097469	0.0248314817	-0.0516101723	0.1023567976	0.0385186902	-0.1278039848	0.0948970252	0.0401424216	-0.0290586511	-0.0533764671	0.1181610977	-0.0002181937	0.0032393629	0.0136243986	-0.0697583057	-0.11883045	-0.0158138455	-0.0980668507	0.1198220288	-0.0984527364	-0.0800873149	-0.0019565707	-0.047957674	-0.1730026203	0.1142940835	0.0375408357	-0.0058027556	0.0287432209	0.1527826791	-0.0508498159	0.092221934	0.0941885808	0.0502284467	0.1208649842	-0.1125974399	-0.0119385959	-0.0936595504	-0.0607509671	-0.0788755233	0.0136646745	0.0219843624	-0.1096860188	-0.0430346	-0.0345531685	0.072332334	0.0209400503	-0.092075276	0.0634037239	0.1559074214	-0.0674116394	-0.0770155664	0.0523745289	-0.0066800006	0.0040995341	-0.0788596243	-0.0345522924	0.1303384216	0.1028814426	-0.0261620155	-0.0053015244	-0.0242233032	-0.0262959782	-0.0223986347	-0.0140436095	0.003931219	0.1095204176	-0.0897900597	-0.1415896561	0.0924456029	0.0433164707	-0.042425358	0.1541960838	0.067174966	-0.0570807655	0.0526672011	-0.0325235129	-0.0011875272	0.1298184292	-0.0463628195	0.0692230224	0.0345905971	-0.0011815365	-0.0081340563	-0.0127083849	0.016573453	0.1470390495	-0.0280433968	-0.0191743827	-0.1755087642	-0.0537621343	-0.0229936628	0.0725906568	0.0623349036	-0.0696960071	-0.129358491	-0.0547023691	0.0	0.0231372000074685	-0.0024625388950738	6.064097809751771e-06	0.0005353300241856	0.0004401857883777	0.0603398447143488	1.937635282896973e-07	0.0036408968601517	-0.0877312585252454	0.0240365968370639	0.0005777579875075	0.0076967737224234	0.0007251076885709	0.0002590496485203	6.710672039854275e-08	5.257811600246333e-07	0.0005689996677675	-0.0001158015447645	3.2376062191952537e-07	1.34099977698445e-08	0.0013777932493535	8.595250420330002e-05	7.387832978818308e-09	1.898314237964076e-06
764.926269187707	0.0132623597885412	0.0001758901871607	585112.1972934244	1134.5057664737103	0.3560812845823875	1287103.334162101	0.1267938812298432	786.3941164796457	1.1955113014417975	1.4292472718750604	618415.7064338026	826.3648778052578	720.7569741159066	1.07545	23.493687	0.0568387350838789	0.0259481108444326	0.0348028494	0.0980197543	-0.0786397105	-0.1476571182	-0.0009620287	-0.0986062443	0.0004518788	0.1169452969	0.065793511	-0.1041275043	0.0736488452	-0.0638619534	-0.0600113704	-0.0013082277	0.1334418708	-0.0929278449	0.1420282203	0.048748114	0.0519891395	-0.1443547698	0.0816923314	-0.0338853958	-0.0235917706	0.073396626	0.1224904177	-0.1167558041	0.0533453822	-0.0966254237	-0.0282956769	0.1225339354	0.0709817383	0.0204774879	0.0172502395	-0.0026836105	-0.0641788232	0.1123947819	-0.0314840603	-0.0157732382	0.0583463224	0.1201384683	-0.0682005847	0.0667918163	-0.1499646732	0.1550689091	-0.0656221063	-0.0898165882	-0.0587657209	0.019178492	0.1056619133	0.0516974765	0.0806269773	0.033588172	-0.1202017748	-0.1311768272	0.0519409984	-0.0014781379	-0.0782051717	-0.1397056581	0.0035984441	-0.0354061491	0.0767743613	0.0646176674	-0.0099716738	-0.0213002968	0.0409767752	0.0699835184	-0.0705295651	0.1820320918	-0.0066921474	-0.1190414021	-0.0625347472	0.0940178026	0.1117811578	0.0735960873	-0.0158575548	0.0109310615	-0.0568985144	-0.1568301105	0.0401084	-0.0875162519	0.007654829	0.0939890412	-0.0356998367	-0.0233565277	-0.1836034074	-0.0336760339	-0.0384709979	-0.0349954488	-0.2166106716	-0.0114406259	-0.0149488617	-0.1414507233	-0.0376540554	0.0192603568	-0.1117958215	0.0189158444	-0.0623363052	0.125222158	-0.0088709317	0.1140358497	0.0425982955	-0.1349958265	-0.0653431587	-0.0514907795	0.0761142782	0.0975294771	-0.0530845121	-0.1882111056	0.0616781215	0.0739661546	0.0966167252	-0.0060752534	0.0192386938	-0.0029280745	0.0477346487	0.0236900014	0.1016305848	0.0593126253	-0.0753678766	-0.1282765399	-0.0420090849	0.0	0.0299620908273396	0.006824890819871	4.657913470316079e-05	0.0008977268867457	0.0085013074234723	0.0080611216350946	7.227222790838524e-05	6.498168201579023e-05	-0.0776647803545671	0.0100664781706782	0.0001013339827607	0.0060318181075231	0.0006013030306058	-0.000123804657965	1.5327593333855392e-08	3.615653346157196e-07	0.0008859747823828	0.0003169751146153	7.849513150182499e-07	1.004732232853826e-07	0.0015747383659378	0.0001969451165842	3.87873789464035e-08	2.4798009211564527e-06
763.8421922591807	-1.084076928526315	1.1752227869630492	583454.8946753112	1135.5590106099844	1.0532441362740883	1289494.2665775267	1.1093232105957502	785.3599785059004	-1.0341379737453735	1.0694413487421868	616790.2958387883	825.7960530407024	726.7238657908302	1.121416	24.497818	0.0868279929703569	0.0551125631274123	-0.1481668627	-0.0056482976	-0.0877835653	0.100279171	-0.117392059	0.0005621858	-0.1247218846	-0.1048010035	-0.0392574375	0.0399388862	0.0785072479	0.1264559943	0.0282223474	-0.0855197296	-0.0079277267	0.0915044135	-0.0455226628	-0.0061951613	-0.0149012838	-0.0631016567	0.0451659703	-0.0865915664	0.032160581	-0.033399446	-0.015188137	-0.0002836694	-0.0545182875	0.0317045821	0.0153427213	-0.0169119613	-0.0558526945	0.0507611017	-0.0531262868	-0.0837237548	-0.0052186676	-0.0860768665	0.007481882	-0.0950146968	-0.1326714578	-0.085355625	0.0604781262	-0.0051229208	0.0892889852	-0.0381170894	0.2650228907	-0.0059536496	-0.0203434638	-0.0780046687	0.0247634914	0.1386279639	-0.1481811592	0.0089288235	-0.0725034033	-0.1235745344	0.039661181	-0.1126242982	0.0091502566	0.0758688	-0.0973024591	0.0519123469	-0.1084246939	0.0576149452	0.0103422387	0.0933821398	0.014189033	0.072986385	0.030221577	-0.1252657675	0.0528294138	0.0211899464	0.0643852973	-0.1037401221	-0.0622521639	0.1385697514	-0.0448349763	0.0616737465	-0.0206770266	0.0083410889	0.1424723562	0.0724404547	0.0472597543	-0.0241014775	-0.0086621152	0.0415427034	0.0918020354	-0.0454176139	0.1043261767	0.075797731	0.0157694594	0.0086164407	0.0805337957	0.0370600612	0.0307198975	-0.1356814674	0.0256996099	0.0277594756	-0.0851060348	-0.0593968129	-0.164245085	-0.0055846758	-0.1043486506	0.0443985194	-0.0274920248	-0.1080461698	-0.0277566076	-0.0164534517	-0.0965001274	-0.0884501897	-0.0315075582	0.0464999785	-0.0335233163	-0.1651948493	0.1872087153	-0.0224312252	0.0160585239	0.038100376	0.0020166085	0.0562490111	-0.0808296822	-0.1263903806	-0.0288477796	0.0	0.0314421926013324	0.0014801017739928	2.1907012613766377e-06	0.0009886114755792	-0.041549419284891	-0.0500507267083632	0.0017263542429116	0.0025050752440352	-0.0937789653754279	-0.0161141850208608	0.0002596669588865	0.0087944943468857	0.0005660703240962	-3.5232706509600014e-05	1.2413436079916112e-09	3.204356118223769e-07	0.0005504426650002	-0.0003355321173826	3.029871274525224e-07	1.1258180179525087e-07	0.0015618436004872	-1.2894765450600096e-05	1.6627497602598987e-10	2.4393554323828204e-06
765.002910284197	1.1607180250163085	1.3472663335977593	585229.4527432912	1134.651738151908	-0.907272458076477	1287434.566891146	0.8231433131841328	785.6090179166121	0.2490394107117026	0.0620206280876321	617181.5290319037	826.0236876093184	729.2478012105835	1.114018	24.336205	0.0402797000741419	0.0204047615995068	0.000128792	-0.1259724957	0.1475530336	0.0586036718	0.0476336709	0.1539418914	0.1049987936	-0.0783818568	0.0193485066	0.1355134323	-0.0916309352	0.0021718887	-0.0790410797	0.0788408743	-0.1675848535	-0.031000573	-0.1072995872	-0.0898786406	0.0154282903	-0.0142163322	0.0889037329	0.1120742077	0.0157799785	-0.1039287713	0.1156094416	0.0488304753	0.1168759375	0.0153199778	0.0903738847	-0.0441838114	-0.0274021369	0.1094366635	0.0606423555	0.0570114866	0.1256372075	-0.0214932457	-0.0494132657	-0.1990189184	0.014772829	0.0730932948	0.0866547922	-0.0247593112	-0.0413076065	-0.0779418711	-0.1391927838	-0.001428027	0.0290781117	0.0448796398	-0.0270074156	-0.1066854971	0.1022667074	0.0946231468	-0.0752661633	-0.0663912524	-0.0327862456	0.0561886439	0.1423816199	0.0755930662	0.0611735209	-0.1055617837	-0.0927008173	-0.0671366747	-0.0028386068	-0.0133657652	0.0064531921	0.0026244147	-0.0197357573	-0.0106786223	0.1052381697	-0.0783563616	0.0160020689	0.0130779416	0.0153046586	-0.0903610002	-0.0997574819	0.0320599322	-0.0093420096	-0.0684145235	-0.1744508518	-0.1597015069	0.1018121065	0.1139667077	-0.09970675	-0.0638052173	-0.0320494479	-0.1595936069	0.0339052161	0.0827303573	0.0707186452	0.0306591578	-0.0523859066	0.196303453	0.1027884587	0.0185352024	0.1281966126	-0.0267775644	0.1380784251	-0.0089179808	-0.1288406754	0.0989484403	0.0636105418	0.0041213887	0.1423797136	-0.102359929	0.0504321456	0.0382877594	-0.1932088485	-0.0520237937	0.1705193288	-0.0367033134	-0.0452735711	-0.1528577457	-0.0533526257	-0.0030313351	-0.0483821324	0.0054375561	-0.0120980329	0.053146196	-0.0860662011	-0.1237118379	-0.0153650827	0.0	0.0219993621504528	-0.0094428304508796	8.916704692405903e-05	0.0004839719350267	-0.0362998727255217	0.0052495465593692	0.001317680759889	2.7557739078986e-05	-0.0896514245580348	0.004127540817393	1.7036593199246072e-05	0.008037377925285	0.0005478969632825	-1.8173360813700007e-05	3.3027104326492703e-10	3.001910823741851e-07	0.0008383948164358	0.0002879521514356	7.029058682264189e-07	8.291644151639072e-08	0.0014387734678065	-0.0001230701326806	1.5146257558045063e-08	2.070069091663942e-06
764.8182638760547	-0.1846464081422709	0.0340942960398421	584946.9767583825	1133.308212339878	-1.3435258120298386	1284387.5041570102	1.805061607590437	785.4439255603121	-0.1650923562999651	0.0272554861086746	616922.160199593	826.1797177507424	729.3694394133812	1.074426	23.471317	0.1118499155855363	0.0751972180230995	0.0856590418	0.0549612466	-0.0094543652	-0.1657859495	0.0527322863	-0.0827023646	-0.0219486061	0.2082719169	0.0224092221	0.058755496	-0.0549315954	0.0195928889	-0.2160697212	0.0199463941	0.0831392169	-0.0946340575	0.0784780956	-0.0720442227	-0.01961162	-0.0394085434	0.0497825571	0.0039295852	-0.056423529	0.0750129797	-0.0644958178	0.0705755158	-0.1461063581	0.0404152338	0.0170740857	0.0249891881	0.0188247902	0.0480285765	-0.1564780972	-0.0564123697	0.0430924983	0.0145696641	-0.0187965081	0.1415455742	-0.0668868391	-0.0095675584	-0.0191926845	-0.1198298875	0.1082088956	-0.0337829142	0.0585640611	-0.1512128878	0.0029605232	-0.2136152249	0.0001492219	-0.0492099259	-0.0455894203	-0.1070106496	0.0970825802	0.0878691344	-0.1428429922	0.0509493876	-0.0829693443	-0.1859797132	0.0666941228	0.0421982262	-0.0970055249	-0.0261766229	-0.0491954463	-0.0330193876	0.0645278979	-0.0953423341	0.0402836573	-0.1096776834	0.0316131485	0.0248603805	-0.1210523935	0.0612893102	-0.1299351308	0.0727581046	-0.0627568324	-0.0077058791	0.0774011053	0.0674053644	0.0233846942	0.1194079865	-0.0462798517	0.0330823674	-0.0993904061	0.1186185833	0.130165626	0.0624282712	-0.1883897796	0.1503124837	-0.0096468755	-0.0200106362	0.0535242763	-0.0847368856	0.0020972748	0.0648960766	-0.0957473691	0.0033956932	0.0385793176	0.1609145455	0.0133648319	0.0755820057	0.0265457748	-0.0960322629	0.0052062149	-0.1113929659	-0.0917285323	0.0497404446	-0.1089465789	-0.0468556159	0.0038176479	-0.0145889448	-0.0067264371	-0.0561983121	0.0695157525	-0.0660806489	-0.0537823801	-0.0426956008	0.0348328196	0.0500063424	-0.0910628379	-0.1202577046	-0.0017112041	0.0	0.0208458210342286	-0.0011535411162242	1.3306571068197766e-06	0.000434548254591	0.0347604981632088	0.0710603708887305	0.0012082922325544	0.0050495763108439	-0.0989827937729614	-0.0093313692149265	8.707445142527981e-05	0.0097975934631006	0.0005337404746046	-1.415648867789999e-05	2.0040617168751057e-10	2.8487889423114365e-07	0.0004068411283093	-0.0004315536881265	1.655197036839843e-07	1.862385857355845e-07	0.0012783909572978	-0.0001603825105087	2.5722549677073308e-08	1.6342834397007854e-06
764.4122018421439	-0.4060620339108709	0.1648863753838333	584326.0143251545	1134.944890469313	1.636678129434813	1288099.9044024006	2.6787152993702383	785.1371902263223	-0.3067353339897636	0.0940865651178118	616440.4074764843	825.6243214227612	728.8241003065201	1.123878	24.551609	0.1434992713522299	0.1001657362651968	-0.086879629	-0.0327828026	-0.1504837432	0.0672437627	-0.0708506344	-0.0285364135	-0.1492873118	-0.1042644949	0.0433106504	0.0191844681	-0.0201069639	-0.045913088	-0.0077631813	-0.0686883755	-0.0646292298	0.1211556791	0.0592697205	-0.0384675901	-0.0844478709	-0.0056085729	0.093588475	-0.0672038395	0.165963743	0.0229368209	0.0392930769	0.1744347567	-0.1489905138	0.074981656	0.0663855119	0.0467313305	-0.0288026251	0.0457749168	-0.0502437609	-0.0674941807	0.0412639106	0.1828809775	-0.0552157287	-0.0556442655	-0.0122439251	-0.0104149269	-0.029678553	0.0759557654	-0.0508740097	0.0491343127	0.0418627632	0.151165178	0.0210128257	-0.0830824437	0.0847936455	-0.0793648207	-0.0667780594	-0.1162788478	0.0332805603	-0.1941988626	0.0301022913	-0.0842417557	0.0209650832	0.0483218168	-0.1708969448	-0.0207618339	-0.0039922275	-0.0181304755	0.0764158875	0.0177274324	0.0331719251	0.0545551032	-0.0123229776	-0.1961617578	0.0420080354	0.0715403262	0.0723607748	0.0198507946	-0.1644637215	-0.0654665957	-0.0213619806	0.041820304	0.0797565372	-0.1884898777	0.0204610724	0.0373775127	-0.0809944423	0.0857080252	-0.0826076931	0.1142610047	-0.04375939	-0.0231459312	0.0184401139	-0.075834825	-0.068255933	-0.0393158511	-0.034641589	0.131250061	-0.0554084902	-0.1038851773	0.0632802792	0.0570722459	-0.1314639912	-0.0264913238	-0.1128646137	0.0594536493	-0.0375402727	0.0480085678	0.0621777563	0.0341188433	0.0852233898	-0.0566656328	-0.1039875885	-0.081908406	-0.0385103014	0.02916385	0.1082537392	0.0547016915	0.0258501705	-0.0192732575	-0.0383037804	-0.1705540447	-0.0742837082	0.0468316386	-0.0958056664	-0.1160496357	0.0119617388	0.0	0.0408358883134098	0.0199900672791812	0.0003996027898261	0.0016675697743452	-0.0619592014865162	-0.096719699649725	0.0038389426488467	0.009354700300333	-0.0853977027483026	0.0135850910246587	0.0001845546981482	0.0072927676346874	0.0005021187333346	-3.162174126999993e-05	9.99934520946817e-10	2.521232223655432e-07	0.0005643400901884	0.0001574989618791	3.1847973739385145e-07	2.4805922992994203e-08	0.001353358522122	7.49675648242e-05	5.620135775670629e-09	1.831579289400244e-06
765.3484613908217	0.9362595486778672	0.8765819424904838	585758.2673532981	1137.400115638971	2.455225169658206	1293679.0230555448	6.028130633723167	785.4181569950468	0.280966768724511	0.0789423251274928	616881.681337496	825.7924397552392	728.4224557054679	1.150294	25.128687	0.1067305511444552	0.0671473343481229	0.0935556849	-0.0133757531	0.0929266473	0.1267968388	0.0762009415	0.0699162372	0.0505126209	-0.0659002055	-0.0763705445	-0.0404926776	-0.0597705692	-0.0164235468	-0.046408265	0.1082453993	-0.0026882303	-0.0047243116	-0.0920385627	-0.1047424187	-0.0793946668	-0.0240746265	0.0972932115	-0.0389600461	-0.0801363553	0.0357113185	-0.0600789943	0.0226932321	0.0631583054	-0.0841926604	-0.1737439514	-0.1191051852	0.0824209783	0.0424777572	0.122299997	0.0278596488	-0.0245888716	-0.1954947732	0.0974272851	0.0718240619	-0.2463818128	-0.1210053948	0.0722187281	0.1034200124	-0.1806909974	-0.0100190785	0.0006803812	0.0634778683	0.0507873894	0.0235279461	-0.0244988692	0.0971645083	0.1542021738	0.0690367678	0.0830675993	0.0004497397	0.2236000738	0.1024213935	0.0052701716	0.0761218774	0.0633375163	-0.04520119	-0.0857189666	-0.0020952636	-0.0395341302	-0.1254572721	0.1276391731	-0.06750307	0.0187473441	0.0174192097	-0.0117711419	-0.0707008537	0.0396105454	0.0092855215	0.003178229	-0.0243266422	-0.1861484582	0.1070167333	-0.0722992457	0.0708462151	-0.0006412018	0.0309535387	0.0864410408	-0.1762369631	0.1545731313	0.0006676513	0.0753669334	-0.1065381135	0.0344093395	-0.1931844648	-0.0622325833	-0.0592255725	-0.177352074	0.014359662	-0.0733530905	0.1096020951	0.0340488313	0.0016214043	0.0769529454	-0.1142836896	-0.1029170573	0.1079177015	0.1266857882	-0.1365005227	0.0231882393	-0.0832041309	-0.0871894526	0.0714416084	-0.1317775433	0.0531150203	-0.0518751777	-0.008349453	0.0042333141	0.1762026371	0.0054818947	-0.1677892196	-0.0700728744	0.0017193692	-0.0491278017	0.0436242971	-0.1002814672	-0.1111140131	0.0255014167	0.0	0.0278225508285601	-0.0130133374848496	0.0001693469524945	0.0007740943346078	0.0023231604306346	0.0642823619171508	5.39707438646634e-06	0.0041322220536475	-0.0811083719381429	0.0042893308101597	1.8398358798985364e-05	0.0065785679984561	0.0006351768207406	0.000133058087406	1.7704454624142735e-08	4.0344959360613634e-07	0.0004119990895758	-0.0001523410006126	1.697432498112881e-07	2.3207780467648205e-08	0.0015708698527493	0.0002175113306272	4.7311178951258594e-08	2.467632094276607e-06
763.6303293603556	-1.7181320304661083	2.951977674113593	583131.2799190052	1134.3952912390232	-3.0048243999478927	1286852.6767852684	9.028969674522214	784.9496930413609	-0.4684639536859549	0.2194584759030765	616146.0206057266	825.5028157486545	720.6497018033926	1.169089	25.539253	0.0488130447090017	0.0251368259820712	-0.0227755731	0.12457185	0.0469614755	-0.1771648311	-0.0432370978	-0.1195764859	0.0629601268	0.1281067959	-0.0097386256	-0.0126074644	-0.0637952373	0.0045135878	-0.0698329024	-0.0877244308	0.0668080656	-0.1137942884	1.1621e-05	-0.0396890393	0.1436709847	-0.1022841426	-0.2199828835	0.0906138941	0.1022654465	-0.0656082476	0.0105853656	0.1466434439	-0.0055456837	-0.0749132073	-0.1517645389	0.1625420124	0.0828098518	-0.0045871718	-0.0729940465	0.0721996167	-0.0536638775	-0.0381380515	0.0282844593	0.0384171589	0.0456685779	-0.0097320489	-0.039609715	-0.0652174145	0.090418512	0.1744909073	-0.03632524	0.0743583052	-0.0218408542	-0.118397441	-0.073435221	-0.0874934246	-0.0105470119	0.2225269588	-0.1527309668	-0.0306573695	0.0838592919	-0.0752017607	-0.0871526766	-0.1288211546	0.1064019671	0.0033712979	0.0285829315	-0.128116125	0.0384604311	0.0599744581	-0.2140004796	-0.0777880149	-0.0774907774	-0.0784158786	0.0700721663	-0.1032837309	-0.1042335968	0.228678584	0.0458900975	-0.011302582	0.0538833205	-0.0308904331	-0.0428051466	-0.1064128439	0.0054943976	0.0358477895	-0.0461866349	-0.1066729476	0.1105531358	-0.0402082111	-0.0577417393	0.0715971806	-0.0081079489	-0.0151272238	-0.0301456216	-0.0012015838	0.1744732467	0.1060228025	-0.0462427499	-0.0343347104	-0.1436815435	0.0400992284	0.0996681124	0.1389526962	-0.0077850113	0.0294341383	-0.1339759718	0.0698905627	-0.0722982903	-0.0626538221	0.1122555317	-0.0472359638	0.0162825761	-0.099168567	-0.1056943864	-0.0379334693	-0.0759080081	0.1149188958	-0.0340087173	-0.0318737658	-0.1567858916	-0.1056746356	-0.0500402071	0.0403865531	-0.1044777656	-0.1054817798	0.0387569845	0.0	0.0282955389879475	0.0004729881593873	2.237177989206802e-07	0.0008006375266184	0.0092720759349873	0.0069489155043527	8.597139214417062e-05	4.828742668663334e-05	-0.0887238367460696	-0.0076154648079267	5.799530424077005e-05	0.0078719192069432	0.0004858254731113	-0.0001493513476293	2.2305825038688036e-08	2.360263903238185e-07	0.0003037798559761	-0.0001082192335996	9.228220089686007e-08	1.1711402520906432e-08	0.0011529269092316	-0.0004179429435176	1.7467630403623929e-07	1.32924045803033e-06
764.5982079567295	0.9678785963739074	0.9367889773187252	584610.4196106422	1135.1666686236858	0.7713773846626282	1288603.365554197	0.5950230695689562	785.0858611314135	0.1361680900525925	0.0185417487485709	616359.8093484531	825.6225367342882	727.8030185203709	1.17718	25.716021	0.0842032534375627	0.0503835133288093	-0.0755078224	-0.1014984037	-0.1438474087	0.0312829893	-0.06586616	0.0581258029	-0.0738152794	-0.0579622629	0.1291796771	0.0146960273	0.0730768924	-0.0674491626	-0.0620371363	-0.0160982286	-0.0698591367	0.0053075112	0.105106825	0.0174617102	-0.0536364391	-0.0084109557	0.0186447439	0.1770114793	-0.0318640613	-0.0083135446	-0.1046944565	0.1161235427	-0.0290208366	-0.0792830951	0.1126099317	-0.1981168271	0.1728905025	0.0770181143	0.0582474198	-0.0311555185	-0.1655256246	0.0746481387	-0.0924959374	0.1191959074	0.0008812121	0.1638435092	0.0154575744	0.0076093	0.2331775387	-0.0830577759	-0.0913945067	0.072254261	-0.0167440341	0.2180705664	0.0603846022	-0.1332098576	-0.0408628999	-0.0276857783	-0.0218019462	0.0831494598	0.1036377949	-0.0442316693	0.0995208174	-0.0059701656	-0.1418222218	-0.0708366696	0.0199464128	0.0419566753	-0.0337104478	0.0256551171	0.0662058205	-0.2397172062	0.0306980704	0.0470316935	0.0803647492	-0.1600344484	-0.0361975107	-0.1506209892	-0.0753013984	-0.0632966349	-0.046314352	-0.0235240915	-0.1204034167	-0.0725049959	0.0030786238	0.0591825208	-0.1260825498	0.1491139265	-0.0630857914	0.0254096734	-0.1862072576	0.3527984105	-0.0518727897	0.026072151	0.1481183724	-0.1112811648	-0.1711842642	-0.003888112	0.0698491568	-0.053947357	0.0955632192	0.0493559695	-0.1453530581	-0.0035550797	-0.0275396701	0.205258551	0.0937731246	0.086526193	0.1440590875	-0.0476456578	-0.0246248539	-0.0154919832	-0.0350280617	0.1068180904	0.0122478181	0.0370054488	-0.0042423686	0.0737477062	0.015138806	0.0794228749	0.0577183004	0.213981889	-0.2435007253	0.0371206631	-0.1083828658	-0.0991882461	0.0515807628	0.0	0.0276636577590352	-0.0006318812289122	3.9927388745171803e-07	0.000765277960609	-0.0352637564379847	-0.044535832372972	0.0012435325181175	0.0019834403651534	-0.0665565570154811	0.0221672797305884	0.0004913882906541	0.0044297752817549	0.0005611954690947	7.536999598340007e-05	5.680636294537743e-09	3.1494035453242045e-07	0.0005008421503442	0.0001970622943681	2.5084285956140225e-07	3.88335478616197e-08	0.0012178598209819	6.493291175030001e-05	4.216283028372249e-09	1.4831825435620656e-06
764.8064929783962	0.2082850216667111	0.0433826502507023	584928.9717019136	1135.8118967413902	0.6452281177043915	1290068.6647792745	0.416319323876352	784.7237424283991	-0.3621187030144028	0.1311299550728333	615791.3519308324	824.7019570390585	727.2342943851664	1.134303	24.779339	0.0819195644321757	0.0561933081000779	0.0793112636	0.0322437355	0.0656210742	0.1404579558	0.0956133142	-0.0270758336	0.0400293951	-0.1176293722	-0.0967000271	0.0198073239	0.0378032982	0.0400908161	-0.0163937721	0.0769708934	0.0360744988	0.0687893019	-0.1017382017	-0.0918186924	-0.0074067055	0.1240184683	0.0286166832	0.0618918483	0.121745973	-0.0192435684	-0.0004543069	0.0317040994	-0.0822049771	0.0028846283	0.1256029842	0.0040569439	0.0698108794	0.0228393395	0.051961956	-0.019999971	0.0846648161	-0.1253179253	-0.0399080668	0.005679754	0.0982755989	0.1601769439	0.2338488706	-0.0088055972	-0.0081180398	0.1289530991	-0.0149466926	-0.0446229246	-0.077991373	-0.138147346	0.0740601656	0.0802005153	-0.0903276208	0.076500363	-0.022166671	0.0883763609	-0.0514603877	0.0731088704	-0.074016776	0.150100779	0.0282536909	-0.0098201867	0.0193618349	-0.0354812282	0.0056635054	0.0080377901	0.0585906184	-0.025351214	-0.019885654	-0.0279653479	0.0591108295	0.0215629748	-0.0519997717	0.0768915559	0.0266145054	-0.0013273677	0.0254705332	0.1377628379	-0.0184902852	0.0129201749	-0.1098468899	0.1211289953	0.2455189121	0.1716648622	-0.0112048317	-0.0442251684	0.0785323808	0.0770945038	-0.0543336962	-0.0884921962	0.1197617832	0.1353381184	0.0744768638	0.0061411737	-0.0094409773	0.0802252113	-0.0264587657	0.0174793937	0.0505726678	-0.1044566019	-0.0961542937	0.0411565553	-0.1132975727	-0.0245336868	-0.0265753106	-0.137840718	-0.0110026976	0.036913773	-0.0015931428	-0.0401789465	-0.1919362367	0.1230019823	0.0707362962	-0.0222276829	-0.1280362968	0.1087489312	0.0242913658	-0.0619262391	0.102164415	0.033828903	-0.1119858834	-0.0922728684	0.0638298824	0.0	0.0247049764162028	-0.0029586813428323	8.753795288424528e-06	0.0006103358597251	0.0191489000944784	0.0544126565324631	0.0003666803748283	0.0029607371909197	-0.0713569663351663	-0.0048004093196852	2.304392963652053e-05	0.005091816644558	0.0005162931820786	-4.49022870161e-05	2.0162153792762227e-09	2.665586498608465e-07	0.000302854113092	-0.0001979880372522	9.172061381674193e-08	3.9199262894978556e-08	0.0013699258414575	0.0001520660204755	2.312407458328557e-08	1.8766968110930395e-06
764.3755912027078	-0.4309017756884259	0.1856763402914385	584270.0444264892	1134.9397064000368	-0.8721903413534164	1288088.1371634018	0.7607159915501891	785.4059402604439	0.6821978320448352	0.4653938820466731	616862.490996392	825.2613752692513	729.188065279688	1.072686	23.433304	0.0613027599317935	0.0369727890848524	-0.0987787134	0.0102909938	0.083449828	-0.0833080194	-0.1125682293	-0.0148525059	0.0675369159	0.0890811762	-0.0311648622	0.0435605188	0.0788441623	-0.0047375102	0.0189145107	-0.1198148062	0.0026242437	-0.0750826797	0.056880865	0.0058561697	-0.0422313712	0.1363364082	-0.0662322675	0.1242605121	0.0301440107	0.0344852478	0.0297831438	0.0049520023	-0.1066749176	0.0441944542	-0.0585560025	0.064554187	0.0223490867	-0.0047554986	0.0393248944	-0.0029065709	-0.0567300896	-0.0396679745	0.0269559984	0.0861063576	-0.092831826	0.003939253	-0.2070024051	-0.1004828329	-0.1372344645	-0.1099398568	0.0003429619	0.1072740377	0.0320471837	0.0958599378	0.0828179218	-0.0433318927	-0.1576540723	-0.0706228787	0.0607867742	0.1013273538	0.0429079708	-0.1046249211	0.006896215	-0.0318511812	0.0795054611	0.0480217456	0.1629742064	-0.0777158981	-0.0159347967	-0.076827795	0.046368688	-0.0156870734	-0.0573811928	-0.0623122647	0.0773952501	-0.0015340863	0.0399991667	-0.0131562251	-0.1157394143	0.0138437441	0.1058957319	-0.1650191021	-0.0622424796	-0.1114044821	0.107263028	-0.0261036844	-0.0855015503	-0.0246372904	0.014206596	0.1007666426	-0.1163085123	-0.0435162537	-0.1031646333	0.1222889239	-0.0310914081	-0.0042594635	-0.0609694687	0.0156681262	-0.0881272189	-0.1012982115	-0.0214026561	0.002658374	0.0703233543	-0.0025177697	0.0761806237	0.1858411429	-0.0023840147	0.0079567453	0.1106232382	-0.0095883271	-0.0428521503	-0.158584036	-0.066239965	-0.0285451274	-0.1599077707	0.1166747032	0.0803136894	0.0100039307	-0.0890915926	-0.1413961677	0.1121663593	0.1673456916	-0.0343283386	0.0305135671	-0.1152767764	-0.0847790013	0.0753678766	0.0	0.0277479798936468	0.003043003477444	9.259870163736275e-06	0.0007699503881782	-0.0099199871856825	-0.0290688872801609	9.840614576410502e-05	0.0008450002077067	-0.0698323523859727	0.0015246139491936	2.3244476940757257e-06	0.0048765574397586	0.0004730186407064	-4.3274541372200046e-05	1.872685930974253e-09	2.2374663445573037e-07	0.0007418076260876	0.0004389535129956	5.502785541217205e-07	1.926801865711784e-07	0.0012988287913254	-7.109705013209986e-05	5.0547905374863205e-09	1.6869562291757996e-06
764.0923487276879	-0.2832424750199607	0.080226299655433	583837.1173841945	1133.3241815567017	-1.6155248433351517	1284423.7005011677	2.609920519433066	785.4015392034225	-0.0044010570213686	1.9369302905337986e-05	616855.5777831053	825.4687601046468	727.4813423522031	1.08439	23.688971	0.0755947527402671	0.0372054139320366	0.0524332411	-0.1351194973	-0.0702984552	-0.0334740442	0.0638310273	0.0774220457	-0.0575284808	0.0074658735	0.1031363098	0.0469618276	0.0202875568	0.0472640835	0.0391651976	0.0528563002	-0.1478284886	0.051191246	0.0921227806	0.0728971687	0.0700189193	-0.1526318642	0.0195744784	0.0242404735	-0.0323532932	-0.015162234	-0.0664920234	-0.0530308237	0.2506679855	0.1044412291	0.1092528	0.1231985017	0.0737838443	-8.21662e-05	-0.0130266892	0.0752978057	-0.0837530079	-0.0079493084	-0.104165307	-0.0829464892	0.0331408216	0.1097789222	0.0590469605	-0.0229786515	0.0479518611	-0.0801422964	0.0497738027	-0.0345018689	0.1037418046	-0.0525691035	0.0515111904	0.1030572404	0.1039745169	-0.1359991103	-0.0545446923	-0.15002534	0.0313896724	0.0796051299	0.1192766298	-0.041673128	-0.1033924371	0.0023492479	0.0272151647	-0.0594761336	-0.0014225759	0.0219241292	-0.0694550615	0.0594200029	-0.0738961863	0.0557260984	-0.1412282749	-0.0083359311	-0.0467041032	-0.0312177539	0.1687530739	0.0238056462	0.0298154633	0.0359447551	-0.0583663276	-0.1881244693	0.1383833992	0.0149620396	0.0813020362	0.0380440258	0.0019716897	-0.0599082136	0.0754264933	-0.0770121399	0.0247397408	0.0246990965	0.1187713855	0.0427734767	-0.0261323066	-0.042410718	0.0599353587	0.0565917654	0.116934059	0.0551437996	-0.0476298214	0.0998768707	0.0261927359	-0.014940456	0.013996972	0.0734486537	-0.0313059696	-0.1345371586	-0.0630858353	-0.0019080915	-0.0130495025	0.0327100636	-0.0533673127	0.1138949299	-0.0414527539	0.0784571785	-0.1868506861	-0.1251592144	0.0915173726	-0.0922296169	0.1448153765	0.0271769657	-0.1182463722	-0.0767536265	0.0860662011	0.0	0.0194446420968716	-0.0083033377967752	6.894541856735567e-05	0.0003780941062754	-0.0248660777160552	-0.0149460905303727	0.0006183218209808	0.000223385622142	-0.0718752298240019	-0.0020428774380291	4.173348226808727e-06	0.005166048662253	0.0009562781190708	0.0004832594783643	2.3353972342903197e-07	9.144678410135872e-07	0.0003960368681321	-0.0003457707579555	1.5684520091988237e-07	1.1955741705712096e-07	0.0011218100881435	-0.0001770187031819	3.1335621276201614e-08	1.2584578738605275e-06
764.8209394312216	0.7285907035337686	0.530844413275832	584951.0693924564	1131.3957751989365	-1.9284063577651975	1280056.4001380024	3.718751080669236	785.9214355980575	0.5198963946349977	0.2702922611544692	617672.5029325117	825.2376376493044	717.958753974591	1.135414	24.803606	0.1076680166611039	0.061744332406789	0.086154727	0.1352850973	-0.1241087801	0.0069138888	0.0592775351	-0.190455215	-0.0455667657	-0.0305482645	0.0586043345	-0.1546806797	-0.0990796444	-0.03794356	-0.0292976339	0.0126871576	0.1422266628	0.0339883184	0.0338175782	0.0069065439	-0.1004207068	-0.0743023896	0.0850861085	-3.29662e-05	-0.2038898978	0.0417447957	-0.0204251793	-0.1565014941	-0.0463947289	-0.0126196426	-0.0774515524	-0.0772877402	-0.1131704829	-0.1328647651	0.1196512611	0.1283001648	0.232980017	-0.0324444799	0.0512656385	-0.0956680834	0.1097525395	0.0763060739	0.0803964536	0.1225505803	-0.0936012487	0.0850349256	-0.0769805306	0.0942956033	0.1847907053	-0.2105469127	0.0325594361	-0.1763092551	0.0202364064	-0.0450301826	-0.0581962481	0.1152363034	-0.0244961005	0.009398819	-0.166556485	-0.0198365765	-0.076943938	-0.1000132214	-0.0315718878	0.1540553015	-0.058655518	-0.047001944	-0.0727361548	-0.0122660741	-0.010352058	0.1975565007	-0.0267492367	0.1607492291	-0.0912303793	-0.0239733147	0.0289670182	0.0029852815	0.0139559401	0.1279546575	0.1937831189	0.1539785623	-0.0692894279	-0.1113769023	0.0833990321	-0.0711910666	-0.1475817196	-0.0605193162	-0.0418797934	-0.0087610125	-0.0720196178	-0.0172613685	-0.1245171994	0.0905422026	-0.0246752578	0.1105288111	0.1505006419	0.0550947789	-0.1619685331	0.1003154209	-0.0984159681	0.0024976077	-0.0093953351	-0.0328754455	0.094569853	0.0656186784	0.0972088184	0.0506772894	0.0367419311	-0.0551519547	-0.1296100365	-0.0334295291	0.1018495291	-0.0301457661	-0.023186501	0.1757971512	0.0115583168	0.117107224	-0.0869857825	-0.1377709675	0.0145807218	0.0238214243	-0.1208863942	-0.0682470576	0.0958056664	0.0	0.0195960223297504	0.0001513802328788	2.2915974906440516e-08	0.000384004091148	0.0317509690098063	0.0566170467258615	0.0010081240330616	0.0032054899799583	-0.0903650461539555	-0.0184898163299536	0.0003418733079154	0.0081658415664065	0.0005922745844756	-0.0003640035345951	1.324985731977989e-07	3.5078918341574466e-07	0.0004867752547137	9.07383865816e-05	2.3695014860158754e-07	8.233454799431885e-09	0.0009283565418721	-0.0001934535462714	3.7424274564980736e-08	8.618458688367241e-07
764.6181107757174	-0.2028286555042768	0.0411394634936726	584640.8553262271	1140.1908164322376	8.795041233301163	1300035.0978764126	77.35275029546764	785.3102678023045	-0.6111677957530901	0.3735260745656908	616712.2167157271	825.7118216952146	729.2224138888713	1.257908	27.479551	0.1651425757470083	0.0930836221227852	-0.1336345515	-0.0355910995	-0.0026569927	0.1394940545	-0.1499173119	0.0756723881	-0.0670661245	-0.0713349576	-0.1357551155	-0.1250533933	0.1851593296	0.0458176815	-0.00388647	-0.120564515	-0.0807172712	0.1052134386	-0.0478662555	0.0639040127	-0.0480021543	0.1661565164	-0.0418516445	0.0947627263	-0.1001866851	0.1416743803	0.0886059545	0.033486928	-0.0794844358	0.1777078356	-0.1076768746	0.1832725641	0.1778624947	0.0108580672	-0.1356242068	-0.0478289052	-0.0048514881	0.0237084329	-0.1101291416	-0.0516321127	-0.1555832349	0.1078215492	-0.081364156	-0.0179027214	-0.1108848362	0.010125956	-0.0995077283	0.0381340111	0.0248071952	0.0354501768	-0.0768356502	0.0395576771	0.0962007861	-0.0633637338	-0.0833328244	0.0399892894	0.0333939224	-0.1141100198	0.0547849256	0.158495535	-0.0453876439	0.175149957	0.09614996	0.0763109317	-0.0834214027	-0.0427675027	0.0952060104	0.0582203383	-0.0711708996	0.0287363289	0.1113231566	-0.0139077568	0.008613728	0.0648111641	-0.12949727	0.0070124627	-0.008410164	-0.278963017	0.109243469	-0.0743447224	0.0639044825	0.1184338574	-0.0058678156	-0.0863824409	-0.0024292013	-0.1428952052	-0.1695662313	-0.053373157	0.0267142318	0.0827111531	0.0304846311	0.1163025123	-0.1343772079	-0.0431341154	0.1735058656	-0.1101754625	0.0806707475	0.020809888	-0.0314011502	-0.1773599085	0.0434980208	0.1476087245	-0.1224208884	-0.0424584633	0.0126754068	-0.0897068346	-0.1146176489	-0.0742266629	-0.0018531111	0.0453194573	-0.1681543441	0.1014786914	0.0202444494	0.1136403964	-0.0150951122	0.1268041668	0.2765017344	0.0082911383	0.0184610609	0.0204492814	-0.1231894842	-0.0593126253	0.1044777656	0.0	0.0155512781571189	-0.0040447441726315	1.6359955422036496e-05	0.00024184225232	-0.0401563469775965	-0.0719073159874028	0.0016125322025851	0.0051706620925121	-0.0300943836204865	0.060270662533469	0.0036325527622233	0.000905671925497	0.0010258413731809	0.0004335667887053	1.8798016026822626e-07	1.0523505229296743e-06	0.000341976444198	-0.0001447988105156	1.1694788838630785e-07	2.0966695526761588e-08	0.000928325080023	-3.14618491000342e-08	9.898479487933223e-16	8.617874541997093e-07
764.0733173121854	-0.5447934635319598	0.2967999179071488	583808.0342284476	1134.1141983270643	-6.076618105173338	1286215.0148470397	36.92528759612041	785.7039588059187	0.393691003614208	0.1549926063267623	617330.7108832927	825.7893159377427	728.4426079892264	1.252308	27.357212	0.1009277565301906	0.0683942472730065	0.0936668463	-0.0146026343	0.1593758408	0.0178887365	0.0797412942	0.0958097893	0.0582580287	0.0675038395	-0.1569102806	0.0797021467	-0.0449155221	-0.0358068727	0.0892474791	0.0663068535	0.0488675692	-0.1027314918	-0.125320689	0.1240531381	0.0743092399	0.0274417026	0.0163820287	0.1421506261	0.0583867939	-0.0177127712	-0.0126784947	0.059027246	0.1249161944	0.0756699961	0.0619901103	0.0364886966	0.0138529452	-0.0733583131	-0.0408184232	-0.2095304914	0.0417830481	0.0267136958	0.1307351239	0.0940186665	0.0984007019	-0.1486933756	0.0271100067	-0.070718429	-0.1062144968	0.0111047016	0.1106699556	-0.0431722259	-0.0704173225	0.0264869785	0.0458293649	-0.2301149686	0.028889879	-0.0721748384	-0.111915908	-0.0895034322	0.1083606996	0.0812213701	0.0163324627	0.0168058658	0.1497872845	0.1281486528	-0.1244373474	-0.0123039482	0.0929624274	0.1085640297	0.0437405302	-0.1011261338	-0.089531212	0.0118637106	-0.0394118914	-0.046586218	-0.0530186784	-0.0778113075	-0.0103964317	-0.1134554743	0.0726441661	-0.1148550842	0.1582004501	0.0045706432	0.0681159108	-0.0651499714	0.0512750019	0.1564154635	0.1137385624	0.1152247615	0.0414828369	-0.0472826871	0.0702620447	-0.0214527066	0.1038688202	-0.0375248335	0.193619689	-0.031689407	0.0820073337	0.1168036653	0.0016790787	0.031163901	0.1609620817	-0.0388387638	0.0558316512	0.0037812171	0.0295042022	0.0079051262	0.0424241698	-0.1157292793	0.0602101404	0.0651758304	0.1293090337	-0.0221105023	0.088323384	-0.0339483986	-0.1430473143	-0.0660837108	-0.2541831753	-0.0606951373	0.0740510974	-0.1093477293	-0.0018531587	0.017062887	-0.125149223	-0.0500063424	0.1119858834	0.0	0.0238625920489283	0.0083113138918094	6.907793860818394e-05	0.0005694232992935	0.0223831980284927	0.0625395450060892	0.0005010075539827	0.0039111946895686	-0.0561209773176685	-0.0260265936971819	0.0006773835794781	0.0031495640950902	0.0010298056072853	3.964234104399892e-06	1.5715152034487213e-11	1.060499588796245e-06	0.0004189780648684	7.70016206704e-05	1.755426188408692e-07	5.9292495858681725e-09	0.0009282848560956	-4.0223927399930983e-08	1.617964335474918e-15	8.617127740564289e-07
764.2107929368251	0.1374756246397055	0.0188995473700772	584018.136041131	1133.9822049736977	-0.1319933533666244	1285915.6411970092	0.0174222453329665	785.4097676893617	-0.2941911165569308	0.0865484130610136	616868.5031818572	826.2328414952102	725.8219122306103	1.158106	25.299326	0.1099241128308912	0.0541361566598086	-0.0756016943	0.0128297262	-0.0542152586	-0.1687379511	-0.0836356583	-0.0466549304	-0.0635327591	0.1629025864	0.0099701744	-0.1177989324	-0.2228817334	-0.0358358844	0.0486809659	-0.0949391189	-0.0164605732	-0.1877411257	-0.0079632344	0.0398969317	0.1281942859	-0.1386372404	0.0923032733	-0.0425873307	0.0808469813	-0.0596916306	-0.0006282522	0.1758962146	-0.0717028416	-0.0896949513	-0.0691573898	0.0012764289	-0.1498411558	-0.1605825826	0.0636033496	0.0285078697	-0.0478507907	0.1095055798	-0.0274756006	0.1369575715	-0.0347670139	-0.0787138374	0.0707925428	0.2529323741	-0.0159649026	-0.1200614142	-0.179751265	-0.1015547346	0.2481551245	-0.0612213542	-0.1216051149	0.058609995	-0.082958078	-0.0613345467	-0.0292507568	0.0197085347	0.0906548688	-0.0807772444	0.0281085549	-0.2340043465	0.0383900671	0.0564087697	-0.2102326533	-0.0180968935	0.2124780371	-0.1497166247	-0.0658769557	-0.1101274072	-0.0105450545	-0.1023030075	-0.0437043243	0.0730473904	0.1727404737	0.098143471	0.0162086199	-0.0436378978	0.0545799455	-0.0582320633	0.0250293874	0.0607289716	-0.0860183042	0.0048043704	-0.1306744716	-0.0505745963	-0.0413044735	0.0198706606	0.0603396246	0.0638061163	0.0873404847	-0.1962326168	-0.0118274492	0.1913897304	-0.1730955873	-0.0196732763	0.133427684	-0.1063932959	-0.0424181176	0.1615544951	0.0581217754	0.1567558551	0.0308138881	-0.0646783951	0.0341098732	0.0661996768	-0.0120426979	-0.0798463909	-0.0654920879	-0.0107062411	0.0457862245	0.089291902	-0.0650936332	-0.0961573759	-0.0698881006	0.0524111025	0.0907313039	0.0074087539	-0.0325020259	-0.1521192573	-0.189585828	0.0136646012	-0.1267601484	-0.0403865531	0.1182463722	0.0	0.0269063994666112	0.0030438074176828	9.26476359594143e-06	0.0007239543322568	-0.0143220279278892	-0.0367052259563819	0.0002051204839672	0.001347273612509	-0.088576213137685	-0.0324552358200165	0.0010533423321328	0.0078457455338126	0.0004577211274223	-0.0005720844798629	3.272806521001191e-07	2.0950863048874138e-07	0.0006012127846597	0.0001822347197913	3.614568124382708e-07	3.3209493097413624e-08	0.0009283625291775	7.767308189991427e-08	6.033107651830788e-15	8.618569855808445e-07
763.2679628000564	-0.9428301367687482	0.8889286667993763	582577.9830369483	1134.6525722369552	0.6703672632575035	1287436.4596839389	0.449392267647355	784.3785986643751	-1.0311690249866388	1.0633095580918952	615249.7860426888	824.5468084736458	727.458886596638	1.135434	24.804058	0.0876324707023387	0.0464094747876702	0.0945790422	-0.0891413813	-0.1196874844	0.0501530085	0.0935524003	0.0648990869	-0.1709033705	-0.0204804306	-0.0001938216	-0.0350857459	0.0118312257	-0.1493859726	0.1163447405	0.0874292107	-0.0050872326	0.1182984182	0.0575339286	0.1290320057	0.0332205549	0.1209913504	0.0494311956	0.1360865457	0.0755818517	0.1675815553	-0.1019425073	-0.1096573496	0.0556683705	0.0560451044	-0.1340698977	-0.083815954	-0.1625832464	-0.1880899176	-0.1474198699	0.0655882286	-0.1060551691	-0.0761130118	0.0945678215	-0.0369645182	0.0186119537	0.0130757265	-0.073260087	-0.1050599698	-0.0458258734	-0.0891009985	0.0756061912	-0.1173284929	-0.0717491263	-0.1187111067	0.008766133	-0.0815561696	-0.0105759348	0.0004307069	-0.0939948518	0.1384216004	-0.1243135648	0.0972555946	0.0512638939	0.0335190857	-0.1423058543	0.0620918586	0.0928155089	-0.0356707705	0.1237007256	-0.0307376609	0.0336214865	-0.0661759818	-0.1468017121	0.105216791	-0.1646118605	-0.0408173476	-0.040341672	-0.0767267627	-0.1357706368	0.1381673816	0.2461349482	-0.0542634548	0.0037826115	0.1057613299	-0.0474275893	0.0355189727	0.0186896856	-0.1240844731	-0.0674199964	0.0348468144	0.0753339599	-0.0744960474	-0.0727459427	0.1258249955	-0.0299835384	0.0400458826	0.1768612946	-0.0218708014	-0.0841350994	0.0835762293	0.0770013669	0.1436937051	-0.097620046	-0.0471886095	0.048324759	0.0714394403	-0.0065116765	0.0154809873	-0.0010028381	0.0259613432	0.1008241679	-0.025371616	0.136649224	-0.0050762028	0.0210044065	-0.0830459414	-0.0967261857	-0.069648719	-0.0815457923	0.0743084273	-0.0583332386	-0.0604549784	0.0432991935	0.0102567923	-0.1280177706	-0.0305135671	0.1231894842	0.0	0.0329029510712644	0.0059965516046531	3.5958631147268844e-05	0.001082604189198	-0.0142953898137534	2.6638114135800472e-05	0.0002043581699271	7.09589124711933e-10	-0.0496943506059253	0.0388818625317597	0.0015117992339386	0.0024695284821446	0.0011301495177918	0.0006724283903695	4.5215994017491684e-07	1.2772379325650383e-06	0.0006830821232555	8.186933859579998e-05	4.666011871112421e-07	6.702588602113744e-09	0.001028613169248	0.0001002506400705	1.0050190834544949e-08	1.0580450519504147e-06
762.9290033316214	-0.3389594684349504	0.1148935212417041	582060.6641245811	1132.37800770998	-2.274564526975155	1282279.9523452236	5.1736437873737104	783.7239347253956	-0.6546639389795246	0.4285848730001866	614223.2058614561	823.6848680239035	725.3249960428386	1.135544	24.806452	0.0747688985086486	0.0480006640980147	-0.0419463689	0.1439299688	-0.0136726039	0.0645171593	-0.0332051381	-0.1549784702	0.0003610097	-0.0266262014	-0.0926085005	0.0168297044	-0.1630266382	-0.129825481	-0.0829636311	-0.0943234744	0.1785734862	0.1583930589	-0.014850431	-0.0673605294	0.1905463026	0.0791978279	0.0986858494	0.0423861869	-0.0810975737	0.0740958448	-0.0329318345	-0.0222312528	-0.0667457907	0.001486014	-0.0191614204	-0.0801353061	-0.1782050758	0.1657570555	-0.0022521101	0.0968124293	0.056716181	0.0892551502	-0.0745427178	0.0726897084	0.1772229982	0.1255781298	0.0552484958	-0.0505575369	0.0268446458	-0.1478773933	-0.0357658937	-0.0900987855	-0.1089623597	0.0671753889	0.0354887038	0.1330735733	0.0763515632	0.0454163318	-0.0048669772	-0.0628085542	-0.1109135238	-0.0876861903	-0.171613464	0.0578331437	-0.0472587254	-7.11372e-05	-0.0046098275	-0.1837550646	0.041990569	-0.1293791294	-0.0514768782	-0.0132442336	-0.1056548899	0.1457546532	0.0570128732	0.0862573331	-0.1020202739	0.0206397413	-0.0819883063	0.172134153	-0.1117179019	0.0458483871	0.0169661187	0.0227872082	-0.1549624839	-0.1053507991	0.0692442418	-0.0098586437	-0.0218102541	0.0590776524	0.1421738866	0.0444440839	-0.0995720812	0.0244221232	0.1350598112	-0.0405753254	-0.0143804508	-0.0619408022	-0.0364925515	-0.0706671648	-0.1130866351	0.1136341892	0.0294897481	-0.1209336457	0.0501985769	0.0129103633	-0.0288275242	-0.1112358039	-0.1148183376	-0.057041928	-0.0326042222	0.0870704024	0.1363474877	0.1712886096	-0.0182868406	-0.0489909259	0.1217958358	-0.1144740358	-0.0476333195	0.0499346918	0.2147631365	0.06992068	-0.0153680767	0.0068418353	-0.1289185842	-0.0204492814	0.1267601484	0.0	0.0318134913472931	-0.0010894597239712	1.1869224901556072e-06	0.0010120982317042	0.0266614049702553	0.0409567947840086	0.0007108305149879	0.0016774590389794	-0.056295468153884	-0.0066011175479586	4.357475288196823e-05	0.0031691797346649	0.0006281567009811	-0.0005019928168107	2.5199678812954106e-07	3.945808409874591e-07	0.0006658247311153	-1.7257392140199992e-05	4.4332257256476153e-07	2.9781758348063647e-10	0.0010317934893513	3.180320103299966e-06	1.0114435959453908e-11	1.0645978046677311e-06
763.037976905608	0.1089735739866455	0.0118752398274229	582226.9542002033	1130.4974065572023	-1.880601152777672	1278024.3862325605	3.536660695828708	784.8233502679234	1.0994155425278225	1.2087145351517457	615947.6911257675	825.2344621007913	721.9082188430139	1.084641	23.694458	0.1450759017075553	0.0941595774803804	-0.0746384665	-0.1110423695	0.0755164358	-0.013190075	-0.0364341718	0.103341954	0.0635395229	-0.017481326	0.1186708347	0.0968464986	-0.0485414251	-0.0869841183	-0.0019913358	-0.0169298462	-0.1883211426	-0.0699066842	0.0551266502	-0.1786014426	0.1020597756	0.0290997521	0.0685468504	-0.0374386346	-0.0444566794	0.0304246098	-0.1816899679	-0.0880379396	-0.1605344817	-0.0545036658	0.0653313876	-0.0078073545	0.038969274	0.0093513811	0.1337576055	0.0082673701	-0.0893780191	-0.0805810094	-0.0640969098	-0.029137524	0.169164196	0.0775505554	-0.0904990115	-0.0562251438	-0.0019442428	0.1242685503	0.0144140021	0.0870168333	0.0383567876	-0.0978796593	-0.0600846407	0.0288057226	-0.0152823627	-0.1235079321	0.0006142308	-0.091575072	0.1217213646	-0.0270792385	0.1662356088	-0.0089497708	0.0341826566	-0.1245000436	0.0273399477	-0.1028398847	-0.0023353676	-0.0653080288	-0.0508071692	0.0113935097	0.066686844	0.088687355	0.049505217	0.2131600454	-0.0847807649	-0.039764325	-0.0933683347	0.0459819246	0.0479839348	0.0913042419	-0.2018261505	0.0479137876	0.123829044	-0.0402866779	0.1206527651	0.0503541878	-0.0262430456	0.0295457795	-0.0681774648	0.1124760715	-0.0349211713	-0.022633582	-0.0661310785	0.0609595165	-0.0240590664	0.0548256099	0.1277591642	-0.033607621	0.1236167831	0.1161012388	0.1301978072	-0.0130109423	0.0937848812	0.0158618252	-0.0551489696	0.0541401139	-0.022224213	0.1283140633	-0.0158267102	0.1125703266	0.0367278627	0.105090494	0.0351530773	0.0383493233	-0.1053622255	0.0288496368	0.0302117175	-0.0183836753	0.0643284681	-0.0040057477	-0.0074116809	0.0034221101	-0.1294600787	-0.0102567923	0.1289185842	0.0	0.0279303622459536	-0.0038831291013395	1.5078691617669727e-05	0.0007801051351901	-0.0627525540977842	-0.0894139590680395	0.0039378830457953	0.007994856076221	-0.0371644841959977	0.0191309839578862	0.0003659945471969	0.0013811988855545	0.0011691371421126	0.0005409804411314	2.926598376868322e-07	1.3668816570672176e-06	0.0007350794751874	6.925474407209998e-05	5.403418348417834e-07	4.796219576492067e-09	0.0009890720829491	-4.272140640219999e-05	1.8251185649819343e-09	9.782635852692713e-07
764.8800371598248	1.8420602542167896	3.3931859801652244	585041.471245615	1129.4637492597103	-1.0336572974920273	1275688.3608918018	1.0684474086585214	785.5728588090919	0.7495085411685523	0.5617630532846114	617124.7164974895	824.914171488341	722.4732893801583	1.102259	24.07934	0.1813041003336899	0.1083587322930467	0.1073754012	0.0323995207	-0.0800294343	-0.1428398346	0.0818375839	-0.1050094132	0.0390713429	0.1076792962	0.1763349197	-0.1384598647	-0.0961721264	0.1157350577	0.1341765283	0.050247728	0.1383492915	-0.1171636604	0.0411379497	0.0416922007	0.0190240035	-0.1145030897	0.186878308	-0.115247623	-0.0409289703	-0.0399373962	-0.0358307618	0.0247639565	-0.0099120239	-0.1024894162	0.1226883255	-0.027030993	0.0018943977	-0.083172522	-0.0397672688	-0.0718209359	0.0411072101	-0.0934941221	0.0359013136	-0.0752452061	0.116000361	-0.0696153763	0.0591872554	-0.0246446113	0.1346854206	-0.0134024835	0.0646470323	0.0030241175	-0.0831733789	0.0579555715	-0.0306625147	0.0348940222	-0.1170674387	0.0825768371	0.0859264963	0.2051783361	0.1606578925	0.0748791199	-0.0869172036	-0.1728030389	-0.0003017353	-0.1346374129	-0.0813550618	0.1614830158	0.0613442914	-0.0181344254	-0.0057534267	0.0208773692	0.0132263471	0.1183288834	-0.0194773702	0.0798353717	0.0251839722	-0.1019010049	0.0918974737	-0.0449815567	0.0388026199	0.1649209245	0.0030078373	-0.0700451669	0.1077230751	0.0294438234	0.0273267054	0.0732114426	0.0291725312	-0.0187825919	-0.0409794401	0.1575726389	0.1613779896	0.0410936156	0.0611178538	0.0502538223	0.1374267882	-0.0423755244	-0.0817732679	0.0930170349	-0.0790944444	0.1690488169	-0.0085213547	0.1129410904	0.06894249	-0.0590402959	0.0418851011	0.0363058277	-0.1133206199	0.0681030085	-0.0169818119	0.0311787004	0.0443220977	0.0425810348	0.1003036599	0.1330319075	-0.0297658149	-0.0313090295	0.0735943575	0.1827195183	-0.0105250526	0.0131713206	0.0390198661	0.0	-0.1296407447	-0.0	0.1296407447	0.0	0.0157814652757366	-0.012148896970217	0.0001475956975929	0.0002490546462492	0.0380071114370963	0.1007596655348805	0.0014445405197918	0.0101525101987009	-0.0714062866902551	-0.0342418024942574	0.0011725010380557	0.0050988577788909	0.0006870605664396	-0.0004820765756729	2.3239782481260565e-07	4.72052221956304e-07	0.0007469050973782	1.1825622190799997e-05	5.578672244895383e-07	1.3984534019954128e-10	0.001178244591772	0.0001891725088229	3.5786238094350216e-08	1.388260318039967e-06
764.7252124800918	-0.1548246797329966	0.0239706814544249	584804.6506027216	1137.3116543963552	7.84790513664484	1293477.7992257744	61.58961503377647	785.6860610460752	0.1132022369832839	0.0128147464580195	617302.586522097	825.8828633322016	732.6746757183779	1.179307	25.76247	0.1191211442259588	0.0864180474565477	-0.1038070654	0.0053386575	-0.1692096064	0.0683726806	-0.1090780203	-0.0380548215	-0.1828883122	0.0045964465	-0.1171337728	-0.1047247997	-0.1052520952	0.1140601945	0.0989859686	-0.1140753788	-0.0221557032	0.1016507961	0.0293030094	0.1334616502	0.0066357468	-0.1293962075	0.0488450032	-0.0017256877	0.002115085	0.0030402076	0.029037606	0.0977230224	-0.0090057074	0.045391875	0.0131358352	-0.0137282114	0.0001281762	0.0922479484	-0.0650403195	-0.1716967297	0.1357341682	-0.0013143228	-0.0465893461	-0.0112168575	0.1730356673	-0.2892078054	-0.0525536539	-0.0173464089	-0.0263201406	0.1403209975	-0.0051024201	0.1287025099	0.0620206449	0.2251399582	0.0337680196	0.03243658	-0.0230013486	-0.0268397384	-0.1203041549	-0.0799389831	-0.0372804004	-0.120163032	-0.0201079291	0.0055466101	-0.1288868641	0.1705482609	-0.0826059705	0.126684632	0.0141723845	-0.0181597324	0.0075905172	-0.0041604759	-0.0904518089	-0.0142764947	0.0080192297	0.1622177549	0.0022753445	0.077320995	-0.0613625633	-0.146901227	-0.1097589693	0.1270865313	0.1092087688	-0.049799866	0.086917663	-0.1416872985	-0.0465551818	0.0639903918	0.2346663721	0.0122754747	0.0002606204	0.0368796832	0.1351102232	0.0779510083	-0.0846789336	-0.1307441637	-0.0561111782	-0.0315089274	0.1137119379	-0.1331142541	0.0091910058	0.1910366104	-0.0551859384	-0.0248519481	-0.016785474	-0.0834168744	-0.0055490633	-0.0748442485	-0.0279552728	0.2280014399	-0.171759295	-0.1093723416	-0.0028407426	-0.0803436396	0.1248825821	-0.0459094107	0.0388195012	0.1370059546	-0.1514704625	0.0670772388	-0.0608517203	0.1110506394	-0.0723801033	-0.0034221101	-0.1294600787	0.0102567923	0.1289185842	0.0	0.0254347583350238	0.0096532930592871	9.318606688848235e-05	0.000646926931561	-0.0463439419228421	-0.0843510533599384	0.0021477609529477	0.0071151002029311	-0.0790565388757684	-0.0076502521855132	5.852635850195095e-05	0.0062499363390158	0.0006446274748415	-4.243309159809991e-05	1.8005672625727365e-09	4.155445813205288e-07	0.0008037997362551	5.689463887689999e-05	6.460940160037683e-07	3.2369999329328605e-09	0.0009282414098226	-0.0002500031819494	6.250159098482482e-08	8.616321149094481e-07
762.6336376982223	-2.0915747818695536	4.374685068152671	581610.0653488233	1130.4595789164305	-6.852075479924679	1277938.8595639132	46.950938382585015	783.7186725224589	-1.967388523616364	3.870617602857377	614214.9576603652	823.6869512734411	728.9347108039908	1.2093	26.417685	0.0997979007980481	0.0489889385824101	0.0817447923	-0.0365582805	0.0693257853	0.1403859082	0.1027644763	0.1074317424	-0.0494087144	-0.0851090535	-0.1296003848	0.2239811995	-0.1581391254	-0.0282071068	0.1835609416	0.1244694233	-0.0536877254	0.0989191595	-0.1484744599	0.032203535	0.1493678575	0.0585907213	0.0346049403	-0.006647436	0.0637768286	0.1174633312	-0.0627995482	0.2151576326	0.1225094825	0.0829970449	-0.0952120692	-0.1291242465	-0.0691057641	0.0752410484	-0.057320196	-0.0212505269	-0.0021255643	0.0889455578	-0.0338304881	-0.0201363637	-0.115680473	0.0674961382	-0.1007012834	0.0833704989	0.1103819721	-0.0237334404	0.0184009479	0.0067105271	0.0654266635	0.0823918531	-0.062659081	-0.030852548	-0.0179346291	-0.0781203186	0.0885333842	0.0269849355	-0.1300915365	0.1230487012	0.0529032835	0.1367185759	0.0031716031	0.1253869373	-0.1239534374	-0.1802338408	0.1090471219	-0.0071672485	-0.0082478039	0.0613880493	-0.1813080673	0.002981978	-0.1137005926	-0.126595694	0.1086391455	-0.0537500528	-0.0948365777	-0.1197383831	-0.0621964653	0.0154606333	0.0717491066	0.046466078	-0.0322265308	0.1046125422	-0.0109452685	-0.0561884511	-0.066673943	0.0123760707	-0.0407204188	0.0266948683	0.014181782	0.0419644186	0.0183181447	0.0121869046	-0.0566045542	-0.1043458948	-0.1200487338	0.120250878	0.0855138752	0.1541427605	0.0888607773	-0.1588384331	-0.0390762546	-0.1002283621	0.0693585842	-0.0318260043	-0.1619975241	0.1162922843	0.0148662451	0.0072207678	0.1012728378	0.026021916	0.0017172175	0.0692310983	-0.036668804	-0.0208685784	0.0115755235	-0.0836837213	-0.2015302907	0.0588433069	0.1091279579	-0.0068418353	-0.1289185842	0.0204492814	0.1267601484	0.0	0.0156036795116989	-0.0098310788233248	9.665011083042726e-05	0.0002434748143038	-0.0183304907778705	0.0280134511449716	0.0003360068921575	0.0007847534450517	-0.0517323669429217	0.0273241719328466	0.0007466103718157	0.002676237789517	0.0013141175449727	0.0006694900701312	4.482169540042791e-07	1.7269049220050765e-06	0.0008266105327379	2.2810796482800023e-05	6.832849728332349e-07	5.203324361797219e-10	0.0009279582984985	-2.8311132410001414e-07	8.015202183366324e-14	8.611066037522312e-07
764.0725544314104	1.43891673318808	2.070481365048656	583806.8684353406	1127.706230528653	-2.753348387777578	1271721.3423731432	7.580927344477388	785.1512960437958	1.43262352133695	2.0524101538878825	616462.5576792522	824.1445542540465	718.673364028722	1.122237	24.515762	0.1391158263627392	0.0725952162506801	0.0081111747	0.1464735472	0.0996162845	-0.0755969927	0.010119	-0.1314060225	0.1609760167	0.0263870198	0.0205468034	0.0599045044	-0.2027549172	-0.0371431739	0.0040802862	-0.0678558334	0.0796333908	-0.1342215399	-0.0543930197	-0.0264005568	-0.0249126485	0.0087019703	-0.0838878296	0.1295583481	-0.1908240881	-0.0129661525	0.0479919635	0.0243459381	0.0075456451	-0.0387605288	-0.0004129528	-0.0694166204	-0.0339907775	-0.1241399837	0.0411722253	-0.0221315005	0.1300209231	0.2180914375	-0.032606918	0.0367936147	0.0282094261	-0.1080221882	-0.067185999	0.0081885353	0.0948671386	0.0134000009	0.0541584328	-0.0208804224	0.0698605676	0.0472387088	-0.0295373142	-0.058699087	-0.0122258547	-0.0264391899	0.0563370018	-0.0343780361	-0.0770918529	-0.0561811836	-0.1088676354	-0.0534167511	0.134233481	-0.0956865113	-0.027957876	-0.0776060684	-0.0635091456	-0.0359708289	-0.1329612894	-0.0883685657	-0.0192768401	0.0762914974	0.1063009526	-0.0194599494	-0.106654986	-0.0912524837	0.0833743599	-0.0919329839	0.0226965421	-0.0834928299	0.1392123544	0.1210822016	0.0719722372	-0.1603018746	-0.2012536118	0.06303783	-0.0249676347	-0.0220865944	-0.0395561417	-0.0936055191	0.1110667251	-0.1318747531	-0.040583351	0.073803608	0.039774604	0.0676715236	-0.1175263017	-0.0022457335	-0.1544516511	0.1501532994	0.1803087122	-0.0125627752	0.050972326	-0.0168651004	0.0131474798	-0.0088311819	-0.0239915514	0.1261344493	0.1583154119	-0.0037816819	0.0041630097	0.0551834602	0.2805447306	0.0532030743	0.0530908324	-0.0820867427	0.0292770103	0.0164006802	0.0596798298	0.1275609079	-0.0876339819	-0.0102567923	-0.1280177706	0.0305135671	0.1231894842	0.0	0.0158886540539384	0.0002849745422395	8.121048972461266e-08	0.0002524493276457	0.0333004253779591	0.0516309161558296	0.001108918330353	0.0026657515030903	-0.0776306932383619	-0.0258983262954402	0.000670723304905	0.0060265245326686	0.0003789818755604	-0.0009351356694123	8.744787202071904e-07	1.4362726200327848e-07	0.0011171765202704	0.0002905659875325	1.2480833774434797e-06	8.442859311073696e-08	0.0009282888289383	3.3053043980004e-07	1.0925037163440789e-13	8.617201499316405e-07
763.329187868099	-0.7433665633113833	0.5525938474493768	582671.4490513715	1132.385855413973	4.679624885320209	1282297.7255416356	21.898889067308176	784.1778260983427	-0.9734699454530756	0.947643734700414	614934.8629443226	824.8016278775563	725.9646399063548	1.111013	24.270561	0.1933198818185176	0.1164770498569125	-0.1120943748	-0.0640044439	-0.0584990302	-0.1196524194	-0.1555624054	0.0666053161	-0.0584075883	0.1264114608	0.024246647	0.0358650054	0.0107527609	0.0073930127	0.0797429494	-0.0745043193	-0.0703552842	-0.0663644977	0.1418023176	-0.0349962442	-0.1043932412	0.2080275522	0.0239012674	0.0612592724	-0.2382359552	-0.0231700261	0.0968872202	-0.0694917562	0.1426224842	-0.0344027217	0.0369137404	-0.061283251	0.0013785081	-0.0883631574	-0.0167115806	-0.1003782098	0.0292113635	-0.1247646327	0.1956367133	0.1083264522	0.031865724	0.0529799884	0.0761690342	-0.0496056567	-0.14182658	0.0432023359	0.150141645	0.0897768225	-0.0596619328	0.0120615588	-0.0794421087	-0.0225591953	0.0300847339	-0.0101108577	0.0316014813	-0.0535452933	-0.1284907409	-0.1007443702	0.1070159389	-0.1094156648	-0.017018727	0.0620021813	0.0271752111	-0.0252973692	-0.2000296574	-0.0514296177	0.2096612271	0.0696968097	-0.0264674323	0.0639730744	0.138428965	-0.0199445892	0.012288326	-0.1347207733	0.1461110045	0.0294075229	0.0874354621	0.0844456419	0.0873409969	0.182598279	-0.0058460132	0.0332101295	0.0605272471	-0.0591644792	0.0930824932	-0.1087153494	-0.0746308684	-0.1119641207	-0.1406395542	0.033640344	-0.0527678258	-0.0085807904	0.0916903864	0.116514629	-0.0312418749	-0.119322213	0.0640036069	0.0926544701	0.0253149202	0.0813439415	0.1009223003	0.0822271955	-0.0027911424	-0.1210064434	-0.1053195068	0.1644410717	-0.0799073301	0.0350232055	-0.0208453941	-0.0249716381	0.0052687884	-0.0881739475	0.045043728	0.0736135927	0.1316366885	-0.04034538	-0.0127687225	0.0114016155	0.0830149901	-0.0136646012	-0.1267601484	0.0403865531	0.1182463722	0.0	0.0156486966714481	-0.0002399573824903	5.757954541159723e-08	0.0002448817075149	-0.0722456782581417	-0.1055461036361008	0.0052194380269789	0.0111399799927625	-0.0363918715635804	0.0412388216747815	0.0017006404131244	0.0013243683159001	0.000597796456274	0.0002188145807136	4.7879820732868574e-08	3.573606031337524e-07	0.0008701399131689	-0.0002470366071015	7.571434684895809e-07	6.102708524822087e-08	0.0004682400342505	-0.0004600487946878	2.1164489349369762e-07	2.192487296749094e-07
762.5672710660594	-0.7619168020395364	0.580517213230154	581508.842901137	1130.4508774280548	-1.9349779859182945	1277919.186277859	3.74413980598842	784.6525643893175	0.4747382909747557	0.2253764449176318	615679.646802732	824.1912114950462	725.1343097086644	1.081709	23.630407	0.0846847097784676	0.0433998113361859	0.0443866207	-0.0977217823	-0.1217456801	0.0807276133	0.062763358	0.0376080831	-0.1219362094	-0.0961055826	0.0570350705	0.0257434044	0.0384731135	-0.1234689989	0.045916609	0.0734895621	-0.0258124012	0.1160832105	0.1159286216	-0.0065334793	-0.0629977997	-0.0798360859	-0.1497633665	0.1198245946	0.0818253215	0.1058991054	-0.0405751847	-0.0661640143	0.0506224349	-0.0434957662	-0.1508111671	-0.0323273661	0.1148295215	0.0489869041	0.1130292275	-0.0092772978	0.1195028296	-0.0730231102	-0.1188471676	-0.1119685529	-0.0662231049	-0.0288671789	0.1042480149	-0.0588406737	0.0561012532	-0.0627229464	-0.0863723885	-0.1256714923	0.000625709	0.0092482711	-0.0332999949	0.1905507104	-0.1008350387	0.0420287038	0.0789792625	-0.0121235834	0.1296505331	0.0534020068	0.0218231028	0.0592553155	-0.1425420655	0.0059485553	0.1115781028	-0.0165073965	0.0123989842	0.0739924749	0.0001777818	-0.0343482084	-0.006347128	-0.0540559581	-0.0104708384	-0.0872533093	-0.161413058	0.1210533407	0.0101553253	-0.1575358943	-0.1077095101	-0.0499102366	-0.1129544311	0.0902823107	0.0469574919	0.0325499946	0.1354160714	-0.1615964968	0.0832108635	0.0382270305	-0.0156133513	-0.0261125812	0.0236825804	0.0774544356	0.0671896839	0.0461976794	-0.171991585	-0.000959988	0.0131043848	0.0313788963	0.0998947607	0.0829933444	-0.1192206748	-0.093126419	0.0601915055	0.0651418794	-0.0465356912	0.0493923081	-0.0052246905	0.1738204187	0.1291362779	0.0168854471	0.1073062584	-0.0716889864	0.0213629458	-0.2029213181	0.0262687386	-0.0718099646	0.0406031207	-0.1113220783	-0.1192008654	-0.0682019478	0.1216960135	-0.017062887	-0.125149223	0.0500063424	0.1119858834	0.0	0.015515640510614	-0.000133056160834	1.770394193590961e-08	0.0002407351004546	-0.0404460116395313	0.0317996666186103	0.0016358798575451	0.0010112187970547	-0.0112908634839072	0.0251010080796731	0.0006300606066158	0.0001274835982122	0.0008588653731749	0.0002610689169009	6.815697937180909e-08	7.376497292388603e-07	0.0005782014047746	-0.0002919385083943	3.343168644833208e-07	8.522809268348878e-08	0.0004682521873423	1.215309180000552e-08	1.4769764029936144e-16	2.192601109508484e-07
762.7574455664432	0.1901745003837049	0.0361663405961918	581798.9207670455	1127.2853916436434	-3.1654857844114304	1270772.3542131623	10.020300251310848	784.1456907473604	-0.5068736419570996	0.256920888910854	614884.464317655	823.6805360164722	720.9860373991459	1.12537	24.584208	0.1678066399003325	0.0793006163835153	0.1305832456	0.0186435449	0.1279223621	0.0983874283	0.1607558509	0.0216447486	0.1767351816	-0.0585377441	-0.0290409889	0.052499755	0.0917267259	0.029302969	-0.014813901	0.1604760149	0.0007826357	0.0056897613	-0.0494599774	-0.0827189176	0.0535320838	0.0631034121	-0.0379479934	-0.143631324	0.0956018064	0.062652337	0.1788145287	0.2155112381	0.0101485536	-0.0252345177	0.0195304213	-0.003146716	0.0594653245	-0.1876526622	0.0435971954	0.1453974946	-0.0954647832	-0.2592581055	0.0886636192	-0.2250920178	-0.0042370613	-0.1239453914	-0.0596347297	0.0463463922	0.0933680743	0.093731401	-0.0831102129	-0.0699711831	-0.0073975524	0.0688806974	0.1242862459	-0.0128588582	0.0127404744	0.0387959616	0.0298751025	-0.0067750402	-0.0295850963	0.1486411017	-0.0171906112	0.0577997745	0.0373099378	-0.0491840749	-0.105590498	-0.0576902902	0.0452575172	-0.0172351499	0.0024875128	0.2001507561	0.139984982	0.0586724096	0.1717289688	-0.0323609669	0.1620479697	-0.0059173568	-0.0433347309	-0.3110966127	0.1351797573	0.0311474324	-0.2917776425	-0.028988334	-0.0986055511	0.0231504024	-0.0421528251	-0.1380973909	0.0175724327	-0.1022433226	0.002216583	0.0187704803	0.0747348697	0.0454044704	-0.1461492456	-0.0672037342	0.1377015811	0.0001698306	0.0369929118	0.1434337081	0.0309911849	-0.1369049548	0.0339291509	-0.1208513617	-0.0882619391	-0.0705030663	0.2610421236	0.1723766434	-0.1392118835	0.1233569847	-0.0130928278	0.1954919085	-0.1559125682	-0.2359042792	-0.2812079867	-0.125745344	0.0071793635	-0.0942175853	0.2251650011	-0.1104793359	0.2890344751	0.125431364	0.0582567232	-0.0204492814	-0.1231894842	0.0593126253	0.1044777656	0.0	0.0003989636396113	-0.0151166768710027	0.0002285139196223	1.591719857318953e-07	-0.0276591206958869	0.0127868909436444	0.0007650269576696	0.0001635045800046	-0.0414736278297453	-0.0301827643458381	0.0009109992635563	0.0017200618053602	0.000304027821578	-0.0005548375515969	3.078447086620428e-07	9.24329162934642e-08	8.189721474405331e-05	-0.0004963041900305	6.707153782833584e-09	2.4631784904187697e-07	-0.0006750122258272	-0.0011432644131695	1.3070535184198017e-06	4.556415050161909e-07
763.8832436718537	1.1257981054105812	1.2674213741460545	583517.6099626326	1125.4129263162613	-1.872465327382088	1266554.2547197305	3.5061264022481087	785.6629981168245	1.5173073694641062	2.302221653430085	617266.3466099174	824.2662066526804	713.2326417445485	1.019635	22.274374	0.1236976337480848	0.075235400820827	0.0541340863	0.1065104344	0.1708031317	-0.0237529046	0.0634819956	-0.0401666398	0.2527026633	-0.0477688057	0.0848462065	0.0209645692	0.1667092185	0.1415985474	0.1295656199	0.0403186403	0.1417796256	-0.0472879943	-0.152172905	-0.0681321194	-0.0289767793	-0.0093699383	-0.1418094156	-0.1025227494	-0.0004782012	-0.1803412566	0.1090143449	-0.233667965	-0.00183805	-0.1208405884	-0.1425102101	-0.0745189973	0.0576147462	0.0229780345	0.0226161074	0.0699525571	0.0791831629	-0.0228471048	0.0269442354	0.0094973973	-0.1482334672	0.0023413825	-0.0929574451	0.0293713902	0.1391906155	0.058855848	-0.029680898	-0.1119737628	-0.0167331622	0.0305735971	0.1614805157	0.0832352195	0.0200824223	-0.0989837055	-0.0728165203	0.0211402148	-0.0668205797	0.0556277858	-0.1003199608	0.0655359696	0.2013106192	-0.1454194993	0.0469594494	0.0943009384	-0.0769481198	0.2187737249	-0.0760965927	0.013323115	0.171804727	0.0800114567	-0.0554472388	-0.0535790474	0.089800895	0.1014265608	0.0598211061	0.1311385374	-0.0665734856	-0.0406759118	-0.0360449009	0.1192790704	-0.0452128315	0.1464399919	-0.0878114703	-0.1879792208	0.1123068016	0.1337415973	-0.0296753706	-0.0355715573	-0.0010969291	0.1034164401	-0.0484947135	0.1307315388	-0.073375495	-0.0476390512	-0.1060477883	0.0730638923	-0.1042521093	-0.2726381924	0.1069334223	0.0152960821	-0.0468233321	-0.1516190545	0.0382830525	0.2748654242	-0.1178321859	-0.0459586811	0.0348204387	-0.003869237	-0.1061959927	0.0463213088	0.0045935029	0.0782635878	0.0616409269	-0.1649141749	-0.1447033477	0.225507482	0.1033463407	-0.0814120058	-0.1972542379	-0.0238214243	-0.1208863942	0.0682470576	0.0958056664	0.0	-0.0101821988946682	-0.0105811625342795	0.0001119610005768	0.0001036771743305	0.0408869136839484	0.0685460343798353	0.0016717397105986	0.0046985588292015	-0.0391078684005776	0.0023657594291676	5.596817676695865e-06	0.0015294253708368	-0.0001429172472609	-0.0004469450688389	1.9975989455940906e-07	2.0425339564633223e-08	0.0001680703297917	8.617311504764669e-05	2.8247635756290806e-08	7.425805757014953e-09	-0.0009859875900367	-0.0003109753642095	9.67056771452312e-08	9.721715277063797e-07
765.3620020022928	1.4787583304390637	2.1867261998429277	585778.9941089576	1136.3564273118973	10.943500995635986	1291305.9298930592	119.76021404148582	786.238397604931	0.575399488106541	0.3310845709132693	618170.8178683696	826.3969130395362	729.0015132084753	1.12143	24.498135	0.120781284686369	0.0968058541593241	-0.1104955417	0.0015238347	0.0976627382	-0.0623999129	-0.1637409673	0.0950820417	0.0717964911	0.0273874323	-0.0302386462	-0.1582120807	0.1703462909	0.066892317	0.0506718733	-0.1040772117	-0.0097769131	-0.0330848295	-0.0469985857	0.1641069354	-0.2029308773	-0.1086036619	0.0516375128	-0.1204491016	0.0033110913	-0.036607983	-0.0320995705	-0.2377549486	0.0756873511	0.0149361788	0.0076065747	0.0206468827	0.0127659598	0.082300679	-0.017570182	0.0318509686	-0.130251239	0.0175018404	0.0408453163	0.1312919571	-0.1247272992	-0.1002568989	0.0288173489	-0.1361294204	-0.0476816516	0.1521841383	-0.0229360493	0.0273000987	0.0070080376	0.0390633595	-0.0430712141	0.1162197533	0.0719573258	0.0169329036	0.0549678508	-0.0105328914	-0.0383426963	-0.1136515707	0.0771689917	0.0185891853	0.0948135019	0.0208379866	0.1020484347	0.23559169	-0.1210504559	-0.0398309959	0.046817673	-0.0294911006	-0.0099265076	0.0583086855	-0.2447397399	-0.078641308	0.115116222	0.0161572728	0.1014148156	0.1461759958	-0.0767353425	-0.0140393814	-0.0193455518	0.0162785378	0.1593206549	0.0010412034	-0.070118354	0.0779171381	0.1320578666	-0.0221690012	0.1082033369	-0.0444336493	-0.0366623941	-0.1080629155	-0.0181993697	-0.1098516636	0.0808043502	0.0518245964	-0.0743757509	-0.0984589843	-0.0210335682	-0.2124877497	0.0284128607	0.0259282494	0.0947501609	-0.0556716927	0.0747804801	-0.043902377	0.1146276687	0.0732879863	-0.1148265419	-0.1747889733	0.0180294714	-0.0502144674	0.0391640802	0.0522837497	-0.0217612476	0.2106220577	-0.0540314233	0.0577825529	-0.0035769062	-0.0296359098	0.0410346225	-0.0271769657	-0.1182463722	0.0767536265	0.0860662011	0.0	-0.0102767406121557	-9.454171748750004e-05	8.93813634548627e-09	0.0001056113976095	-0.0546902322074629	-0.0955771458914113	0.0029910214989062	0.0091349908167481	-0.039439158525532	-0.0003312901249543	1.0975314689230129e-07	0.001555447225202	0.0001435354565944	0.0002864527038552	8.20551515460122e-08	2.060242729976289e-08	8.1938475602783e-05	-8.6131854188917e-05	6.713913784107865e-09	7.418696306020861e-09	-0.0008630060090306	0.0001229815810061	1.5124469266759958e-08	7.44779371622924e-07
762.1434487932703	-3.2185532090225024	10.359084759309049	580862.6365385002	1131.1937096863985	-5.162717625498772	1279599.208834076	26.65365328063568	783.6382113176155	-2.6001862873155237	6.760968728743685	614088.8462370718	823.6692923744647	724.5904926764492	1.134186	24.776789	0.0613053225586113	0.0336540782281627	0.1010357146	-0.0479993388	-0.0376429795	-0.0886109832	0.0783599874	0.0532158915	-0.086961169	0.0868028078	-0.0278972915	0.0061262966	0.0584287451	-0.0021336319	0.1031237942	0.1278410355	-0.0433598282	-0.0296739008	0.1031087293	0.105485611	0.042521628	-0.0516190549	0.0386736413	-0.1927458688	-0.1434695541	-0.0029326389	0.1192862335	0.0112825634	0.1638533407	-0.1339267651	0.0896323244	0.1656995999	0.0605505662	0.1112013926	0.025278665	-0.0619234515	-0.0248760232	0.219611077	-0.0406135076	0.0189828184	-0.0436546521	-0.0080888702	-0.0690927275	0.0008672483	0.0101839832	-0.0606180213	0.1022960815	0.0199139458	-0.0580970222	-0.008856672	0.1783491108	-0.0470457498	0.007425562	0.1168577386	-0.0490706427	0.1577448213	-0.0761499133	0.1234486429	0.0450313051	-0.0755608653	-0.030218691	0.0800768695	-0.0109550824	0.0213254258	0.0686120163	0.0861113306	0.0454099821	0.1939905224	0.08094883	-0.0538984567	0.0240134004	-0.0955462117	0.0476746402	-0.1401617579	0.2688147563	0.0962487817	-0.053805394	0.0543624067	0.0858847128	-0.1621610996	0.1536387867	-0.0432577981	-0.0864282562	0.0029668744	-0.0658600069	0.013650782	-0.0710477282	-0.0007216716	-0.1114469199	-0.0181095835	-0.1073728875	-0.046613179	-0.0236136993	-0.1378816488	-0.0401345679	0.0926541581	0.0548411176	-0.125606966	-0.1062815241	0.0914021439	0.0794864719	-0.1777099291	0.0708362949	-0.0198464128	-0.1418681772	-0.0849486838	-0.0103780828	0.0495644788	0.1408456235	-0.1722035491	-0.0156662098	-0.0824695348	-0.0356474859	0.051403677	0.0139421224	-0.0256454603	-0.0821482898	-0.0879327652	0.0908356824	-0.0305135671	-0.1152767764	0.0847790013	0.0753678766	0.0	-0.0102839720073291	-7.231395173399116e-06	5.2293076153860033e-11	0.0001057600802475	-0.0414452828048297	0.0132449494026331	0.0017177114667723	0.0001754286846783	-0.0334999202768031	0.0059392382487289	3.527455097516439e-05	0.0011222446585521	0.000717568243546	0.0005740327869516	3.2951364049542095e-07	5.149041841456915e-07	0.0001932468615448	0.000111308385942	3.73443494969151e-08	1.2389556781017004e-08	-0.0007060691116827	0.0001569368973478	2.462918974918529e-08	4.985335904723971e-07
763.301501907247	1.1580531139767345	1.3410870147912115	582629.1828138591	1127.7602021694183	-3.433507516980171	1271843.0735972072	11.78897386915934	783.4967964433607	-0.1414148742547922	0.0199981666604987	613867.230037009	822.9014572024181	721.8668659486784	1.137572	24.850754	0.1376149165315422	0.0770683086134335	-0.0162660897	0.1411241541	-0.0903865381	0.0809760307	-0.007643342	-0.167062149	-0.0563406195	-0.1227556644	0.0256215433	0.0152694956	-0.0322810901	0.0139915468	-0.0252030555	-0.0488587729	0.1336540299	0.1060498038	0.0417187649	-0.1302274798	-0.0228988301	-0.0193453688	-0.0413588182	-0.0687781003	0.0572434877	-0.0095690193	-0.156884119	0.0498137863	0.0933010685	-0.063982369	-0.0924633603	0.0873639798	-0.1044020255	0.0414270706	-0.2076983616	0.1382291553	-0.1379423405	-0.0435166279	-0.025111023	0.0981450053	-0.1441852	-0.1232784527	0.1762045951	-0.0770555068	-0.135928543	-0.0273103869	-0.0256828388	-0.0036677617	-0.0817592551	-0.0794155941	-0.0134918955	-0.0232370868	-0.147414535	-0.107941689	0.1015292309	-0.0450241003	-0.1466782113	-0.048852724	-0.1282726699	0.02094452	-0.1151931922	-0.0913750683	-0.0205202826	-0.1194434323	-0.0031597813	-0.0904920043	0.0179521288	-0.0410080526	-0.0238465036	-0.1596183199	-0.053748822	-0.0809825587	0.0193749834	0.0179561392	0.0056136152	0.1926445053	-0.0276611985	-0.0168738643	-0.0611613104	0.0200430789	-0.023281069	0.1329440916	-0.0510320243	-0.1120311147	0.1370671692	0.0110713707	0.1921221954	-0.0667961916	-0.0158588162	-0.0160715817	-0.0434778106	-0.2094703031	-0.0451785842	-0.1099564344	0.2636403027	-0.0280884321	-0.1338891663	-0.0233108275	-0.0960701936	-0.0824074447	-0.0483160355	-0.1737462097	-0.0444885899	0.1413590818	0.0615034357	-0.1374846799	-0.1068819673	-0.0621649892	-0.063670693	0.1808589936	0.1082483854	0.0254351306	-0.1595178588	-0.0182766108	0.0780073342	-0.0810644468	-0.1597058897	0.0860875933	0.0186972948	-0.033828903	-0.1119858834	0.0922728684	0.0638298824	0.0	-0.0102291569233585	5.4815083970599296e-05	3.0046934307038518e-09	0.0001046356513626	0.023286850773772	0.0647321335786017	0.0005422774189599	0.0041902491176379	-0.0746808174717656	-0.0411808971949625	0.001695866293782	0.0055772244982511	0.000326023599521	-0.000391544644025	1.53307208264664e-07	1.0629138744462941e-07	8.190605050795163e-05	-0.0001113408110368	6.708601109811124e-09	1.2396776202343173e-08	-0.0005760131532644	0.0001300559584183	1.6914552320102587e-08	3.317911527335972e-07
764.0721071037532	0.7706051965061533	0.5938323688822872	583806.1848539693	1128.582002580166	0.8218004107477554	1273697.336547858	0.6753559151051796	784.2310773741524	0.7342809307916696	0.5391684853242806	615018.3827194237	823.9380366417104	723.5293899202151	1.179408	25.764677	0.1490832666904614	0.1000490437825941	-0.1017680011	-0.0998484346	0.1379259823	0.0245347192	-0.0477740159	0.0876752162	0.1752629837	-0.1195729663	0.0930260981	-0.0242740565	0.0847963242	-0.106053489	-0.1853764133	-0.0299525204	-0.1550211566	-0.0158697031	-0.0314739422	-0.2090374807	-0.2006238656	0.0568562379	-0.0420158644	-0.0883052567	0.1770522759	-0.1136633179	0.0064999381	0.0250728502	-0.0985174184	0.0083705039	-0.1738431523	0.0535589884	-0.009681773	0.0902546626	0.0326709342	0.0156770938	0.0401722633	0.0849206142	0.1423063893	-0.0097458469	0.0791308814	-0.0499116968	0.0608891757	-0.0058807776	0.0167233654	-0.0812664296	-0.02764054	-0.0373485873	-0.001668327	-0.1723392448	-0.0096801605	0.1034143235	0.1336682351	-0.0159090875	-0.1409504608	-0.1103467208	-0.0146024154	-0.0381682899	0.10001887	0.1184962853	0.0974496435	-0.2298587948	0.2312831735	-0.0185776059	-0.0424531611	-0.0410219579	0.0416680667	-0.0340162899	0.1499513156	-0.1967141397	0.0493087407	-0.0030478572	0.0702950949	0.1217148686	-0.1182135074	0.0009005639	-0.0505633754	0.0304451501	0.1332993994	-0.0119041783	-0.0479634343	-0.1102226772	0.0545074552	-0.0628871977	0.0419646146	0.0741214388	0.020042323	-0.0239553196	0.0121413509	-0.0510059069	0.0689394172	-0.0595936265	0.089979555	-0.0740284737	0.0466794143	-0.0794182097	0.1151315927	-0.2193396228	0.0576050067	0.0004359491	0.0127307812	-0.0637793705	0.0424767154	0.0355876908	0.1013474971	0.066388497	-0.0197314184	-0.0927412234	-0.0150167357	0.042830231	0.0608034517	0.0806124684	0.1352684718	-0.0095760496	0.09721864	0.2509583761	-0.1429797172	-0.0185244482	0.1779992135	-0.0371206631	-0.1083828658	0.0991882461	0.0515807628	0.0	-0.0101922330692048	3.692385415370037e-05	1.3633710055637354e-09	0.0001038816149369	-0.0636780500151275	-0.0869649007888995	0.004054894053729	0.0075628939692231	-0.0287276567539152	0.0459531607178504	0.0021116929799605	0.0008252782625707	0.0003260365174238	1.2917902800018649e-08	1.668722127507296e-16	1.0629981069383987e-07	8.135339965309463e-05	-5.526508548570064e-07	6.618375635116137e-09	3.0542296737418e-13	-0.0008980132110979	-0.0003220000578335	1.0368403724477737e-07	8.064277273063616e-07
764.4452961010542	0.3731889973009856	0.139270027706515	584376.6107310284	1129.6107130646706	1.0287104845044723	1276020.3630704735	1.0582452609294262	785.3303572403477	1.0992798661952747	1.208416224222301	616743.7700032521	824.4748817791436	720.3626317495198	1.196867	26.146074	0.0953921383868513	0.0775405847625646	0.1311533055	-0.0506620117	-0.0210904813	-0.0935542912	0.141067776	0.024181184	0.0356296227	0.0966479211	0.0820518975	-0.2239064232	0.1394159274	0.1143180728	-0.0280789638	0.1625061311	-0.0039466601	-0.1099464715	0.0762852673	0.1348007262	-0.0864768196	0.0119409467	-0.0509238056	-0.0234787301	0.1171490807	0.0673410313	0.0465825721	-0.057249447	-0.0934335163	-0.2120566634	0.1854010838	0.0396741553	-0.1690463705	0.0835110516	0.1395438104	0.1106402775	0.1577320151	-0.0418084559	-0.2208064293	0.0310079477	-0.113274831	-0.017895706	-0.0964034647	-0.1291806336	-0.1259847716	-0.0651827889	-0.0097843384	0.0463755413	-0.0891862521	0.0698824766	-0.1425786886	-0.077088977	-0.0264838513	0.1007733737	-0.0431288675	-0.1207455689	-0.0232209681	0.1569532702	-0.0287435101	-0.067741502	0.0027188359	-0.058148614	0.0895584925	0.2541698628	0.1807738641	0.0084430076	0.0259935203	0.1548622006	-0.0369719452	-0.1697707793	0.0445431289	0.0730841049	-0.1236299945	-0.0792158053	0.1306047313	0.0298803697	-0.0591931412	0.0155306367	-0.064940289	0.0925826946	-0.1502344722	-0.0889749238	-0.1727923913	0.1081800017	-0.0016725057	-0.051128366	-0.0075782118	-0.0863799612	-0.1303415403	0.1656753932	0.0862934295	-0.011185017	-0.0658986053	0.101483057	-0.0671953203	0.1406269426	0.0004499677	-0.1397268023	-0.1263261117	0.1079245338	0.0734429705	-0.1030762902	0.1067851761	-0.1373347921	-0.078799514	-0.1236286251	-0.138143805	-0.1753256331	-0.0107173972	-0.0547032846	0.072000548	0.0094990043	0.0234102333	-0.1268334765	0.0773605019	-0.1136605421	-0.1184995159	0.0115254604	-0.0557399305	-0.0403865531	-0.1044777656	0.1054817798	0.0387569845	0.0	-0.0101991818840616	-6.948814856799768e-06	4.8286027914081167e-11	0.0001040233111041	0.0124178129836423	0.0760958629987698	0.0001542020792967	0.0057905803655275	-0.0426655521055039	-0.0139378953515887	0.0001942649268318	0.0018203493364674	0.0002980333117433	-2.80032056805e-05	7.841795283843874e-10	8.882385490867905e-08	8.137786214601483e-05	2.4462492920207524e-08	6.622356447455794e-09	5.984135598712032e-16	-0.0008190122548386	7.900095625930001e-05	6.241151089883834e-09	6.707810735758079e-07
763.5834967972247	-0.8617993038294571	0.742698040080937	583059.7565810772	1136.3653864860537	6.754673421383131	1291326.2916035985	45.6256130295397	785.2047792404036	-0.1255779999440847	0.0157698340699565	616546.545341971	825.0393756316984	726.1270153186553	1.222449	26.704945	0.0530803524991377	0.0319078845350293	-0.0523508632	0.1527597057	-0.0442588218	0.0680088941	-0.0723144975	-0.1010036397	-0.0695552183	-0.0004114338	-0.2199503682	-0.0353205686	0.1241902807	0.0945152428	-0.0949339886	-0.0934505792	0.0828551529	0.0399511685	-0.0970239669	0.2291596776	0.0870916482	-0.0321520874	-0.0918523354	-0.1697068033	-0.0479122857	-0.2907343501	-0.0395748862	-0.0128521855	-0.0185910798	0.0195251957	0.1594876076	-0.1225543889	-0.0175908332	-0.0725312299	0.0130120485	0.0026360219	-0.0176443489	-0.1600387991	0.0391577741	-0.1201759439	-0.1906769405	0.2084109824	-0.112777388	-0.0262110686	0.0212583573	-0.0120307984	0.0510304305	-0.1264480376	-0.018265621	0.0864386591	-0.1905596964	0.0366693077	0.093554351	-0.1117687437	-0.0707063846	-0.0673548059	0.0155914864	-0.0852047548	-0.1028728439	0.0417570556	-0.0212775087	0.2150884341	-0.0105504107	0.0525221788	-0.0222654935	0.0369213363	-0.1678538655	-0.1328265292	0.1976659749	0.0211750222	-0.0905920828	0.0561328674	0.1809193283	-0.1251802913	0.1086799461	0.024326377	-0.0811391332	0.0884028369	-0.1723021755	0.0721421322	-0.0878974889	0.0592044811	0.0475878011	0.0782560059	-0.0959689396	-0.0022591293	-0.0291083774	-0.2717982437	0.147017763	0.0566530791	0.1568810243	0.0261973784	-0.0223891785	-0.0487726606	-0.0941204931	-0.0486948855	-0.1382741814	-0.1554862838	-0.0921120061	-0.0580784197	-0.0507176217	-0.1193652205	-0.1920514803	0.0525285723	0.0221624309	-0.1017426475	-0.1221790778	-0.0726813184	-0.0836817688	-0.0077010323	-0.0247714338	0.0886293369	0.0374397696	-0.1247743367	0.0327432005	0.0683978747	-0.0806926228	-0.0493754569	-0.0023072156	-0.0436242971	-0.1002814672	0.1111140131	0.0255014167	0.0	-0.0102224888945983	-2.3307010536700173e-05	5.432167401578528e-10	0.0001044992792001	-0.001699189497458	-0.0141170024811003	2.8872449482715703e-06	0.0001992897590513	-0.0494200164281082	-0.0067544643226042	4.562278828533435e-05	0.0024423380237544	-0.0002559628965485	-0.0005539962082918	3.069117988016915e-07	6.55170044094981e-08	8.211610667574476e-05	7.382445297299256e-07	6.743054975582293e-09	5.45004985676159e-13	-0.000907989375715	-8.897712087639999e-05	7.916928039453495e-09	8.244447064113155e-07
763.0862899868611	-0.4972068103636502	0.2472146122719948	582300.6859659118	1129.3864466249945	-6.978939861059189	1275513.7458202315	48.70560158428085	784.676814091947	-0.5279651484565875	0.2787471979847865	615717.702573488	824.4162636628307	721.0127916427383	1.074759	23.47859	0.1242923689586742	0.0842531012631426	-0.1260839741	-0.0618946974	0.0863598347	-0.0250999303	-0.1193927632	0.0748095345	0.0304499945	0.0210458574	-0.0055404379	0.1600311027	0.144315742	0.0014249341	-0.08624816	-0.1162789736	-0.0474311136	-0.0666727337	-0.0627600412	0.0505634237	-0.1122525416	0.0733526031	-0.213033027	0.0064158245	0.118262838	-0.0560533373	0.0782823837	-0.1322323021	0.0124031219	0.1915777168	0.0823064944	-0.0020813514	-0.0339918833	0.0813793987	-0.144543942	0.0076158314	-0.1954501107	-0.0657899895	-0.0792216224	0.1395472393	0.1390119533	0.0093206205	0.0641537553	0.1376083925	-0.1031112458	0.0482584758	0.0108772737	-0.0628900381	-0.069850304	-0.0361574271	0.0242869769	-0.131436428	0.069549746	0.1849042181	0.0153136764	0.155898555	0.0863120298	-0.1099382478	0.0881596295	0.0439972443	0.1130352894	0.0853496941	0.1449673053	0.060728087	-0.1851151807	0.1154834443	-0.004130116	-0.0406325351	0.0271276141	-0.0485613447	-0.2210201905	-0.0185875587	-0.0017262306	0.0309867352	-0.0522761732	-0.0048356761	0.1800819662	-0.0269837884	0.0048440815	-0.0880208424	-0.1891460853	-0.0703293748	-0.0063514983	0.1208728018	-0.0253867642	-0.1406891713	0.0954455461	0.1949508861	0.0103244748	-0.098705293	-0.0284644509	0.1162913271	0.0095922423	-0.0076644909	-0.0449088069	-0.1111846346	0.0478130361	-0.1915495097	0.048552848	0.0206728286	0.0619116594	0.0340797725	-0.0210334068	-0.0096129651	0.2566185632	0.0127988056	0.050448646	-0.0445589116	-0.0604318964	-0.0042358653	-0.041646735	0.0871309708	0.1585444864	0.064927387	0.081761634	-0.0110713969	0.0183806411	0.0752787089	0.1364439404	-0.0468316386	-0.0958056664	0.1160496357	0.0119617388	0.0	-0.0102581462728323	-3.565737823399938e-05	1.2714486225224927e-09	0.0001052295649548	-0.082470504427718	-0.08077131493026	0.0068013841005622	0.0065240053155632	-0.0275913350704755	0.0218286813576327	0.000476491329813	0.0007612817709712	8.803357357644215e-05	0.0003439964701249	1.183335714584202e-07	7.749910076638854e-09	8.196395767323672e-05	-1.5214900250803964e-07	6.718090357460141e-09	2.3149318964191452e-14	-0.0008190036889915	8.898568672349998e-05	7.91845244165288e-09	6.707670425816857e-07
763.0583301925211	-0.0279597943399494	0.0007817500995322	582258.0152761986	1130.2023181468248	0.8158715218303314	1277357.2799444566	0.6656463401337409	784.1199006427843	-0.556913449162721	0.3101525898583186	614844.0185840499	824.3237123239221	725.6833946238464	1.088925	23.788046	0.0864746273501619	0.066919065676884	0.0816580215	-0.125323254	-0.0631309709	-0.0531263073	0.0831658023	0.1014339587	-0.1213626555	0.0740216407	0.0551812642	-0.0010477226	0.0494769513	0.0308711658	-0.045449884	0.1391751865	-0.1236192645	0.047906313	0.142713043	0.116770364	0.0344460295	0.0637918319	-0.0649737336	-0.1028132813	0.000600116	-0.0173283013	0.0747510963	-0.0440298563	0.0375245901	0.0938778791	0.0569027912	0.1407390884	0.1763298745	-0.05180568	0.0067166394	0.0245611744	-0.0365175329	0.0936522005	-0.117362905	0.0712474731	0.0863355718	-0.0686822509	0.0110137615	-0.0029948089	0.022380768	0.0415829357	-0.1134435309	0.2002535616	-0.0277665293	-0.0455204214	-0.1490952495	0.1529497183	0.1249410905	-0.0098264757	-0.0090046556	0.1237287932	0.006805966	0.1156914617	0.1094078431	-0.074973254	-0.121905416	0.0986091578	0.095432641	-0.0673155679	0.0617743923	0.00234974	-0.0286610374	0.1089689507	0.0770622926	0.0687259755	-0.0024638914	-0.0621902324	0.0241638271	0.0667853827	0.1438646531	-0.0282946828	-0.0604266402	-0.1320231687	-0.0514887914	-0.1112172089	0.0420004445	-0.0602902291	-0.1025948766	0.1406380938	0.0474358146	-0.1787714245	0.0830202437	-0.005661986	0.0378337381	-0.1226920563	0.0564864008	-0.0283875845	-0.0539273274	0.0385197516	-0.0046051462	0.0858992644	0.1099888724	-0.109664082	-0.1389016161	0.0974707293	0.0788783624	-0.0628144609	1.36687e-05	-0.0669235808	-0.0128056492	-0.1158043677	-0.013692727	-0.0212694686	0.0764803099	0.0319603958	0.0414917796	0.0757711772	-0.0311618142	-0.0956675334	0.0240196768	-0.2064127203	0.1631148234	0.0149818326	-0.0468472863	-0.0500063424	-0.0910628379	0.1202577046	-0.0017112041	0.0	-0.0102041452603458	5.400101248649938e-05	2.9161093495670623e-09	0.0001041245804942	-0.0205573419312941	0.0619131624964238	0.0004226043072801	0.0038332396903085	-0.0274698451705148	0.0001214898999606	1.4759795792460564e-08	0.000754592393692	0.0005750331206974	0.0004869995471209	2.37168558896018e-07	3.3066308989899054e-07	8.126438265487756e-05	-6.995750183591554e-07	6.603899888278365e-09	4.894052063122125e-13	-0.000819024045678	-2.0356686499987085e-08	4.1439468525875644e-16	6.708003873987587e-07
762.4637973427931	-0.5945328497280116	0.3534693094057103	581351.0422583919	1127.5212422162294	-2.681075930595398	1271304.1516488292	7.188168145617979	783.4739157878628	-0.6459848549214939	0.4172964327879435	613831.3767199671	822.5628480661096	722.6105096089041	1.076152	23.509001	0.0115165251036148	0.0078340765343388	0.1059753977	0.1097598268	-0.0462259097	0.0957082037	0.1249993469	-0.1086888362	0.0150355619	-0.0593053584	-0.079946019	-0.0068718862	0.0065540241	-0.0439338646	0.0191128837	0.0442929856	0.0750557953	0.1413781655	-0.0519484058	-0.0139668123	-0.0274821034	0.1137441038	-0.0136606992	-0.0127720605	-0.168942017	0.0149313349	0.0247614806	0.0081768924	-0.0687268125	0.1088558448	0.0009752782	0.1106633566	-0.0510473798	-0.1127383568	0.0852214482	0.0699655721	-0.0031001092	0.1595123333	0.0944984872	-0.1709785651	0.0438825911	-0.1464514343	-0.0228390754	0.0150503232	0.1065437795	-0.0377239579	0.0790371888	0.0144734666	0.0261679965	0.0544474278	0.092858053	-0.1585175136	0.0332960517	0.1595220832	0.227827645	-0.0713841795	0.200751927	0.0692971506	-0.148754888	0.0799314285	-0.0338759229	0.0041216361	0.0149716075	-0.0047384546	-0.0256935017	0.0382566381	-0.0467247631	0.0557102924	0.1645146177	0.0478653638	0.1286206149	0.1548916171	-0.066903778	-0.071014667	-0.039824371	-0.0587854258	0.0982617051	-0.1204642233	0.1585988603	-0.0716580002	0.0556478235	0.0508772778	-0.0361460433	-0.1408277213	-0.2096372468	0.0250589003	0.1368261471	0.0100648393	-0.0637322864	-0.0987706823	-0.0542791859	-0.0850215695	-0.0649087176	0.1003328744	-0.0825570737	0.069809251	-0.087394293	-0.1340152449	-0.1250112465	-0.0719666419	0.0008618795	-0.0302475662	-0.1496405327	-0.0151833909	0.0358492473	0.1178016425	0.0674793699	0.0753251506	-0.0703495681	-0.0912106131	0.0241058696	-0.0343206036	-0.0826457649	0.0916012929	0.0604281659	-0.0480033572	-0.0002775545	-0.0499652064	-0.1810927201	-0.053146196	-0.0860662011	0.1237118379	-0.0153650827	0.0	-0.0125191703270957	-0.0023150250667499	5.359341059680383e-06	0.0001567296256788	-0.0206352253781005	-7.788344680639825e-05	0.000425812526405	6.065831286445065e-09	-0.0216477547879421	0.0058220903825727	3.3896736422845544e-05	0.0004686252873588	0.0005090333902739	-6.599973042349997e-05	4.355964415974667e-09	2.591149924137406e-07	8.129195547379453e-05	2.7572818916965506e-08	6.608382024753393e-09	7.602603430277706e-16	-0.0008190208247707	3.220907299986836e-09	1.037424383510849e-17	6.707951114080778e-07
762.1105237511787	-0.3532735916144247	0.1248022305321553	580812.4504122959	1130.3709796220064	2.849737405776977	1277738.5515716143	8.121003281884498	783.8917525722629	0.4178367844001514	0.1745875783978585	614486.2797508138	823.9366344060428	723.199763307167	1.136974	24.837704	0.0605606261578789	0.0360196602158687	-0.1358214326	0.0498666057	0.1019300883	-0.0244709426	-0.1722062034	-0.006318119	0.082149056	-0.0218891272	-0.0300949163	0.0963308122	0.0625635859	-0.0984600612	0.0089297274	-0.1314222355	0.0114057672	-0.0164509056	-0.0988441438	-0.0297359583	-0.0613475303	0.0896090715	-0.1277997886	0.0680472713	0.046476001	-0.1030863154	-0.0458172513	-0.0581400008	0.0792665717	0.1348557415	0.000385668	-0.1094528358	-0.2164705959	0.0982837992	-0.100549978	-0.0424135839	-0.0727415399	0.1401273987	0.0100581777	-0.1950141727	0.0487232616	0.0947281442	0.1522010941	0.078798617	0.1151811321	-0.0385741231	-0.0051234038	0.0743333243	0.0342433575	-0.0050681934	-0.1676003595	0.0065161818	-0.1646394667	0.0338471163	-0.040208457	0.1291748994	0.1069107005	-0.1379329642	0.0140634252	0.0660078023	0.1060333426	0.0186855108	0.0958718253	-0.0265401016	-0.1363687721	0.0994515197	0.0144466317	-0.0387834433	-0.0568164786	-0.0895883116	-0.148027736	-0.0709165022	0.0677178503	-0.1762795692	-0.0919047137	0.0552241669	0.0446034655	0.000445278	0.0464866744	0.0384447861	-0.1241016975	-0.0685245981	0.0617456308	0.0099876165	-0.1405987948	-0.0777319567	0.0368031415	0.1145075901	0.1130199382	-0.0253751102	0.1501676675	-0.0685871399	0.0568255356	0.0833465604	0.1083779614	-0.1113931923	-0.0340402151	-0.1589225638	0.0540074968	-0.0136243903	0.0678638892	0.1085193729	-0.0506875054	-0.0406123603	0.2111860878	0.0450333026	0.1299663182	0.0464730449	0.0251666909	0.0411179272	0.0212353999	0.059321666	0.0204910801	0.0757252004	0.1051330615	-0.0113467677	-0.06623343	-0.0869426439	-0.0439113085	-0.0562490111	-0.0808296822	0.1263903806	-0.0288477796	0.0	-0.0102127241075038	0.0023064462195919	5.319694163869769e-06	0.0001042997336959	-0.0494603105018995	-0.028825085123799	0.0024463223149443	0.0008308855323942	-0.0256449770221749	-0.0039972222342328	1.5977785589845068e-05	0.0006576648464678	0.0001010740807604	-0.0004079593095135	1.664307982187317e-07	1.021596980155986e-08	0.0001819585676816	0.0001006666122078	3.31089203527394e-08	1.0133766813396688e-08	-0.0008190092948869	1.1529883799988629e-08	1.3293822044124022e-16	6.707762251111372e-07
763.0602103443869	0.9496865932081846	0.901904625319368	582260.8846108199	1127.2015304267406	-3.16944919526577	1270583.2901963864	10.045408201370837	784.4016691003956	0.509916528132635	0.2600148656628403	615285.9784874865	824.4076854707566	721.5128556602467	1.013281	22.135567	0.0843648320248042	0.0454396473654249	-0.0647221723	-0.1154554201	-0.0631710322	-0.0803694962	-0.0515000509	0.0442751281	0.0158275013	-0.0017171046	0.2438255769	-0.120737442	0.0469343351	-0.1255709359	-0.0875404943	-0.0288262907	-0.0448152449	0.0478105721	0.1579833295	0.0106146207	-0.1071536317	0.0140792154	0.0166682906	0.0002893089	0.0987755711	-0.025005975	-0.0102038019	-0.0682387355	-0.0595752525	0.0724743274	-0.1314216798	-0.0882956127	0.0260039399	-0.0323763227	0.1281049284	-0.0620046165	0.0097910571	0.0001060567	-0.1193979467	0.0386323768	0.1396880208	0.0875539092	-0.0927490696	0.0320982604	0.0860654229	-0.0743462131	-0.0859652776	0.0900651512	-0.1275344193	0.0889324537	0.0561110342	-0.0193306208	-0.0575149039	-0.0851108264	0.0642943532	-0.0324636861	-0.1583459415	-0.029696777	0.0604550516	-0.0546012129	-0.0560693926	-0.1156509118	0.1467130028	0.0521221004	0.0389885762	0.0419836927	0.0546588026	-6.26206e-05	0.0421990267	0.0697951987	-0.0324175069	-0.0060284983	-0.0543302593	0.1721080203	-0.0233131446	-0.0954404194	-0.0390614829	-0.0465948888	0.0960528843	0.0645293949	-0.0971481588	-0.0593558404	-0.0183360072	0.0402232191	-0.1126917896	0.0897528967	0.0487870299	0.1499671308	0.0317837316	0.1344966409	-0.0752986695	-0.1379012978	-0.0204737181	0.0875128004	-0.0041053419	-0.0953731089	0.1165444892	-0.0567622967	-0.1211779539	0.0933506138	0.1165918596	0.0106343339	-0.0587191857	-0.1838956552	0.0251503806	-0.0867661991	0.1198846665	0.2073573422	0.0114180564	0.0192008778	0.1300415324	-0.0788936068	-0.0043771982	0.0239678521	0.0552781937	-0.0486328111	0.0818907324	-0.0683661142	0.0059189386	-0.0593126253	-0.0753678766	0.1282765399	-0.0420090849	0.0	-0.0101123286922018	0.000100395415302	1.0079239413661213e-08	0.0001022591915791	-0.0870128312404858	-0.0375525207385862	0.0075712328004852	0.0014101918138219	-0.015824369466479	0.0098206075556959	9.644433276299142e-05	0.0002504106690116	0.0005410623896911	0.0004399883089306	1.9358971199569706e-07	2.927485095382437e-07	0.0002228476301389	4.08890624573e-05	4.9661066258523976e-08	1.6719154286369803e-09	-0.0005620604999705	0.0002569487949164	6.602268320899022e-08	3.159120056270884e-07
762.6012130531032	-0.4589972912837083	0.2106785134057814	581560.6101500645	1129.175508826971	1.973978400230408	1275037.329734649	3.8965907245762	784.8777875067219	0.4761184063263499	0.2266887368427432	616033.1413214469	824.1717859751828	720.9512427469612	1.05132	22.966541	0.0875942703390761	0.0569574242914417	0.0608966336	-0.0864448334	-0.0569491865	0.1528138009	0.0859750997	0.0554312226	-0.0905533355	-0.0621174863	-0.0803722164	-0.0819089673	0.1827593155	-0.1266760318	-0.2342093981	0.0739351265	-0.0716573058	0.014831753	-0.0880556832	0.1880875398	-0.0606209976	0.0613872704	-0.0612376286	0.0065940485	0.0378109983	0.0779026992	-0.1094908118	-0.0244007284	-0.229361044	-0.1962989666	0.0008783121	0.1114825256	0.0392699654	0.1242394623	-0.0660145491	-0.0449215865	-0.1355311837	0.0217514055	0.0317559282	-0.1810381768	0.1101949744	-0.0007900434	0.0664879619	0.1676264056	0.0521756001	0.0322174025	0.0358516219	-0.0838946872	0.0889590393	0.0232761887	0.0887412771	0.0715940802	0.175860436	-0.0134004652	0.2465639502	-0.0224756124	-0.0031837716	0.0861331976	0.0296805007	0.1214024398	-0.0489165056	0.1245511414	0.1336434623	0.1128676148	0.1334944495	-0.0867377249	-0.0747584365	-0.008786318	0.0712331615	-0.1877142276	0.0770547811	0.0148613368	-0.1760432985	-0.0242565125	0.0561793831	0.0978865767	-0.0119906167	-0.0754422178	-0.1289744957	-0.0437656326	-0.0503160588	0.1184086745	0.1836035779	-0.044867652	-0.1282040438	-0.0152239602	0.0015208878	0.2003939554	0.1729768992	-0.1297176354	-0.127286555	0.0304367224	0.0934785269	-0.1254538275	-0.1377973912	0.0479657657	0.107643408	-0.0490156066	-0.1027135355	-0.1249594398	-0.0206714374	-0.0316155585	-0.2560064349	-0.0856360208	0.1017409533	-0.0393935518	0.0452761941	0.042711319	0.1797676799	-0.0875758644	-0.0919931675	0.0514119065	-0.132700102	-0.0741126011	-0.016358827	-0.0482858128	-0.0331464994	0.046093607	0.0215056292	-0.0623349036	-0.0696960071	0.129358491	-0.0547023691	0.0	-0.0101557946573933	-4.346596519150085e-05	1.8892901300287637e-09	0.0001031401651231	-0.0351480102638817	0.051864820976604	0.0012353826255099	0.0026899596549351	-0.0210828564863447	-0.0052584870198657	2.765168573809607e-05	0.0004444868376238	0.0009260196553574	0.0003849572656663	1.4819209638927433e-07	8.575124021082379e-07	8.127769884880287e-05	-0.00014156993129	6.606064330156692e-09	2.004204544548282e-08	-0.0004800377693786	8.202273059189997e-05	6.7277283337514036e-09	2.3043626002998198e-07
762.9069152660617	0.305702212958522	0.0934538430077375	582026.9613607778	1127.1486802250147	-2.0268286019563675	1270464.1473329924	4.108034181708403	783.8999071847635	-0.9778803219584232	0.9562499240735096	614499.0644842808	823.7253831423651	727.3963938137738	1.103063	24.096891	0.1417850528671367	0.0664761231267627	0.1086852545	0.0684275401	0.185494133	-0.0398614979	0.087406833	-0.0411603742	0.1650352232	0.023765293	-0.0991678719	0.037860974	-0.013215394	-0.0386882382	-0.0585550783	0.0789961247	0.0850986258	-0.0963719427	-0.0996162721	-0.0149055397	-0.0497287927	0.1804371441	0.0162272182	-0.0890246179	-0.1664850058	-0.0482372663	-0.2150970324	0.0525840996	-0.0835169514	-0.0073183061	-0.0084589251	-0.0634374364	0.2100950685	-0.0952244686	-0.0699894671	-0.1076560416	0.0650031442	0.072125572	0.0794073864	-0.1050896738	0.0024765104	0.0525193058	-0.0077107943	0.0048224941	0.0095616268	-0.1419781505	0.0162449505	0.0117102058	0.0915482131	0.0131163438	0.1156323383	-0.0237210135	0.0001008675	0.028559035	0.0546185479	-0.0910978441	-0.1583487456	0.0852062932	-0.0867552218	-0.0105692319	0.1544533664	0.0190516873	0.0098144811	-0.0600885398	-0.0065349128	-0.1063299611	-0.0226589091	-0.0541837479	0.2584506462	0.0476639846	0.0723557777	-0.0355487305	-0.0106948914	-0.1631129568	-0.1022293451	-0.0540299088	0.0072290639	-0.0053463535	0.1125242232	0.0084190121	0.0480353008	0.1710140142	0.1177327191	-0.0009881364	-0.0436599477	-0.052669007	-0.1294864354	0.0353082521	0.0043303922	0.0180077327	-0.0777334372	-0.1703307856	-0.0055204939	0.0684678326	-0.0293572583	0.1015873742	-0.0817132438	-0.0980790158	0.1209397304	0.0132080189	0.0350339293	0.0321990841	-0.0025889955	-0.0870384818	0.1818326628	0.0508197654	0.2027271366	0.0435174871	0.0839116988	-0.1079936185	-0.0842311397	-0.1022363829	-0.0090030528	0.033536824	0.062563998	0.0360662824	0.157908738	-0.0468841168	-0.2053797976	-0.0653137397	-0.0638298824	0.1296294506	-0.066786217	0.0	-0.0099564719015177	0.0001993227558756	3.972956100984403e-08	9.91313327257115e-05	0.0092035048141667	0.0443515150780484	8.470450086438963e-05	0.0019670568897183	-0.0579477642492776	-0.0368649077629329	0.0013590214243695	0.0033579433814898	0.0006237653163805	-0.0003022543389769	9.135768543036276e-08	3.890831699192653e-07	0.0006472447306675	0.0005659670318186	4.189257413768446e-07	3.203186811056661e-07	-0.0008192025439886	-0.00033916477461	1.1503274433625213e-07	6.710928080773942e-07
762.6899058508891	-0.2170094151725834	0.0470930862735466	581695.892486838	1129.4632720202208	2.31459179520607	1275687.2828426233	5.357335178435258	784.331332288698	0.4314251039345436	0.1861276203049317	615175.6388097641	824.6715456966535	721.4564258429323	1.164688	25.443121	0.0768469058962008	0.0367345794286707	-0.076951586	0.0566302466	-0.086206428	-0.1516295153	-0.1313909249	-0.0694967196	-0.0754383339	0.110242809	0.0733830391	-0.0128472828	0.0343301569	0.0943309018	0.0044657565	-0.0840729382	0.0186112205	-0.0811447842	0.1467152473	-0.1953329779	-0.0793465381	0.0429291657	-0.0918305833	-0.0420188845	0.1339706601	0.0594219998	0.0627703197	-0.0794243456	-0.0481721398	-0.0003565803	0.028833207	0.0418192443	-0.0647562677	0.0354259215	-0.0657217253	-0.1438662725	0.113080821	-0.0545944332	-0.0056975424	-0.0037203946	-0.0052458667	0.0801188202	0.0272657146	-0.0199425609	-0.0951163797	-0.1347500508	0.0636964958	-0.1148949043	0.0151106625	0.1290490006	0.1380929993	0.0216673489	-0.0752476892	0.0968301052	-0.0814097546	-0.0962611532	0.2265366878	-0.1037937065	-0.0152497167	-0.1677471412	-0.0125073487	-0.0107477271	0.0230430931	0.0256319219	-0.0960907919	0.0108414163	0.1520482491	0.1513891306	0.0209412025	-0.1311143657	-0.0151792912	-0.0483133443	-0.0154560397	0.1247410339	-0.1220622033	0.0559641521	0.1716810274	0.0506626303	0.1069057718	0.0467892619	-0.0793623205	-0.1099579308	0.1384914936	0.0249692536	0.0713123188	-0.0355674303	-0.0773167794	-0.0088633834	0.0362443984	0.0981441756	0.09603147	0.038659545	-0.145670485	-0.0618789213	-0.0292145763	-0.0979477492	-0.0696733411	-0.0537802079	-0.0957348366	0.1365179452	0.0456497068	0.0392304941	0.0254744931	-0.1488472697	-0.0260654339	-0.0310031599	0.02482194	0.0422431286	-0.1052658876	0.041415992	-0.0345489468	-0.0214849332	0.1295369211	0.0323172333	-0.1579716499	-0.0242437133	0.0127927968	0.0227672961	0.0658693148	-0.0682470576	-0.0577858524	0.1290877201	-0.078126003	0.0	-0.0130814478870746	-0.0031249759855569	9.76547491030732e-06	0.0001711242788222	-0.0151164501873495	-0.0243199550015162	0.0002285070662666	0.0005914602112757	-0.0721705794253253	-0.0142228151760477	0.000202288471532	0.0052085925345871	0.0001666643073925	-0.000457101008988	2.089413324178477e-07	2.777699135862173e-08	0.0004009315833157	-0.0002463131473518	1.6074613450003408e-07	6.067016655834954e-08	-0.0008190335056668	1.690383218000023e-07	2.8573954236961124e-14	6.708158834048482e-07
762.1315890592607	-0.5583167916283855	0.3117176398142141	580844.5590419938	1129.1267905980349	-0.3364814221858978	1274927.3092462183	0.1132197474762444	782.655224344932	-1.6761079437660555	2.809337839155675	612549.2001944158	823.1510509450591	725.3148249483957	1.054519	23.036427	0.1341766685075103	0.0765372591213984	-0.0830955134	-0.080537427	-0.1043498657	0.1373091387	-0.0531991796	0.0220942922	-0.1434494762	-0.1587868744	-0.0113719481	0.1348285951	-0.1482778706	-0.0403151882	-0.0542029224	-0.0606901638	-0.085492166	0.1849212286	-0.0104385785	-0.0873758559	0.1583075578	-0.1828324407	0.0221800898	0.0825313645	0.0310015513	0.0574234222	0.0558051835	-0.0925714295	0.0494808186	-0.129761094	0.0637971883	-0.0465383996	0.0981284028	-0.1007034527	-0.006927836	0.0154068221	-0.1434810903	0.0410739576	0.321592157	0.0022663697	-0.0038597951	0.2147026419	-0.0220851218	0.0696514125	0.1039448269	0.1350304826	0.2388694238	0.0696272619	0.0973807772	0.0131877567	-0.0398808214	0.0721115794	-0.156030308	0.0756189151	-0.049590744	-0.0656054881	-0.0100613927	-0.0656158788	0.0520113274	0.0570048804	-0.1448610596	0.0159814163	-0.2213127152	-0.1234038554	-0.0269841888	0.1168822119	0.0178461286	-0.0735160271	0.0582128022	0.0625649759	-0.0820737953	0.0079871443	-0.0492655796	0.0515865259	0.0188072455	0.148293061	0.1169418603	0.0973344393	-0.0616301972	-0.0140715207	0.1113068372	-0.0297898913	0.0244208971	-0.068668069	-0.1193112881	0.1552639335	-0.202321373	-0.0472972727	-0.0870368187	-0.2194349048	0.0751441152	0.0757521745	0.1920270254	0.0538884219	-0.0020113545	-0.0831761552	0.0849495724	0.0311758785	-0.1132920051	-0.0565729606	-0.078012247	-0.0880687574	-0.044233649	0.0394694013	0.0527845083	0.0597436407	0.0007562243	0.1109587095	-0.0974478603	0.1377071611	-0.0726216134	0.0038404296	-0.0964637127	-0.0163863518	-0.0443050026	-0.1055989142	-0.0179910982	0.0766537305	-0.0132040403	-0.0711328131	-0.0515807628	0.1277366958	-0.0885953913	0.0	-0.0101952011168151	0.0028862467702595	8.330420418833398e-06	0.0001039421258123	-0.0755792079119572	-0.0604627577246077	0.0057122166685988	0.0036557450716646	-0.0986930436148441	-0.0265224641895188	0.0007034411066843	0.0097403168579615	0.0007330334055771	0.0005663690981846	3.207739553784372e-07	5.373379736919613e-07	8.119974287801313e-05	-0.0003197318404376	6.593398243455443e-09	1.0222844978967045e-07	-0.0008190304478266	3.057840200016218e-09	9.350386688835225e-18	6.70810874467041e-07
763.975643833105	1.8440547738442772	3.400538008937869	583658.7843702072	1129.097843080759	-0.0289475172758102	1274861.9392496224	0.0008379587564333	784.1372807980583	1.4820564531263472	2.196491330253449	614871.275137373	823.4093997567358	725.3376142968883	1.182959	25.842257	0.1263468760134744	0.0851657240053181	0.0982477048	-0.0280792571	0.1177026853	0.0980040351	0.1500755936	0.0635167217	0.1271504418	-0.1110051949	-0.0241652045	-0.1245610671	-0.1554034185	0.1650041903	0.1428149326	0.1120319462	0.0073380036	0.0091551662	-0.1893851535	-0.048878872	0.135286594	-0.0862951482	0.070551869	-0.0283178236	-0.0523490084	0.1393532621	0.0457901354	-0.028379399	-0.0532038786	-0.0304508604	-0.0604542126	0.0859276551	-0.0368162921	-0.0644876468	0.0612362237	-0.0722625281	-0.1359657974	0.0678345556	-0.1190921082	0.0415992405	-0.098469535	0.003649201	0.0501323559	-0.1343152154	-0.0315190172	0.0605201036	-0.0477163351	0.0302671628	-0.0488849359	0.003991305	-0.0137128273	-0.1801196862	-0.0245240387	0.0692692375	0.0030713068	-0.1142088288	0.0686250586	0.1363033222	-0.0100192204	0.0981290061	0.0703708462	-0.0845662158	-0.1988365942	0.0327596283	0.1114650543	-0.0927965154	-0.0781144689	0.1609660398	-0.1103415639	0.0541463324	0.0063437896	-0.0543509	0.0721276471	0.0894571989	-0.1102313616	0.0884867822	-0.0477230623	-0.1429546712	-0.0055044017	0.0033032637	0.1166705612	-0.0585385013	-0.0542480417	0.006869919	0.0073480919	-0.1103147476	-0.0892754072	0.138259282	-0.0885686856	0.0517712703	-0.051494814	0.0440471676	-0.0586486345	0.0541426681	0.0071771412	0.1344968213	0.0315876012	0.0364292701	0.1210105109	-0.0835928679	-0.1192443322	-0.0400271533	0.1510128204	-0.015917979	-0.0596315566	0.0253885125	0.1175726318	-0.0838623486	0.0069543162	0.1111265238	-0.1291897581	-0.0216215771	-0.1082788059	-0.0357976134	-0.1141290361	-0.1394665664	-0.0875840678	0.0583195204	-0.0899540195	-0.0739689949	-0.0452319084	0.1255848477	-0.0980777428	0.0	-0.010065452895958	0.0001297482208571	1.6834600815582974e-08	0.0001013133420007	0.0037115128022549	0.0792907207142121	1.377532728130202e-05	0.0062870183913791	-0.11865606677339	-0.0199630231585458	0.0003985222936286	0.0140792621821311	0.0008916896350139	0.0001586562294367	2.51717991391025e-08	7.951104051912221e-07	0.0004611352685581	0.00037993552568	2.1264573590815106e-07	1.4435100367380397e-07	-0.0008197063711069	-6.759232802999813e-07	4.568722808514871e-13	6.719185348332429e-07
763.4652801928491	-0.5103636402558323	0.2604710452951845	582879.2340599457	1131.4385933727026	2.34075029194355	1280153.2905731995	5.479111929233815	784.5070595198124	0.3697787217540735	0.1367363030620765	615451.3264364225	824.5882751492932	722.5972433233718	1.115662	24.372126	0.057944344188191	0.0347192931594691	-0.0043914757	0.1012733151	0.0495228803	-0.1632301056	-0.0469877648	-0.0542290203	0.0563407291	0.2225501004	-0.0607537805	-0.1276958513	-0.1324232949	-0.0391322529	0.0256449536	-0.0921251205	0.0877326428	-0.1685936742	-0.0081348031	-0.0557198825	0.0269780701	-0.0913919032	-0.0587241467	-0.0234563545	0.0176699269	0.106440856	-0.1528324456	0.032682209	0.0685291311	0.0593208155	0.0305909477	0.0038458893	0.1553476278	-0.0357320097	0.0742525993	-0.0968971794	0.1858570269	-0.0902643595	0.0515022804	-0.0402249396	-0.0131301378	0.0316825838	-0.1283369073	0.1809280336	-0.0729106999	-0.0458543729	-0.1500614321	-0.0923544006	-0.0448037639	-0.0466615698	-0.0503460526	0.0577126677	0.0054596259	-0.1121851663	0.0072056843	0.0646823837	0.0139527965	-0.0704971731	-0.0642053649	-0.1729163132	0.1307445123	0.0195548064	-0.0674860046	0.0411574908	0.0030132493	-0.0588156052	-0.0102330685	-0.0237746624	0.0317830769	0.0185499177	-0.0564979804	0.0600947273	-0.1478257814	0.0201558759	-0.0422009267	-0.1651752117	0.0261604146	-0.0513746066	-0.0087637029	-0.0036972175	-0.0033891097	0.0585189104	0.0326406029	0.045122031	0.092716828	0.0619857818	-0.1183121163	-0.2007840538	0.1079941458	0.0036707648	-0.0665446967	0.0453624957	-0.0839631358	-0.1562685245	0.0529775925	-0.0072839476	-0.1399478043	0.0648335633	0.1267599225	0.1160698587	0.012403807	0.0058996316	-0.1241932196	-0.0329427108	-0.0693605371	0.031644003	-0.082030472	-0.0262821011	-0.1638734108	0.1062338162	-0.0014313332	-0.0221692002	0.0208542876	-0.0608478179	0.0441568519	0.0375643589	-0.1360768142	-0.0327215258	-0.0871636944	-0.0767536265	-0.0387569845	0.1226456664	-0.1064674152	0.0	-0.009961762148265	0.0001036907476929	1.0751771157133293e-08	9.923670509860533e-05	0.025824066483679	0.022112553681424	0.0006668824097534	0.0004889650303138	-0.1235203406040739	-0.0048642738306838	2.3661159899876213e-05	0.0152572745429464	0.0003717282265009	-0.0005199614085129	2.703598663428228e-07	1.381818743775044e-07	0.0005578478169212	9.671254836310004e-05	3.111941868437488e-07	9.353317010884964e-09	-0.0008191038094152	6.025616917000338e-07	3.630805923044066e-13	6.709310505984922e-07
762.8443382664925	-0.620941926356636	0.38556887590749	581931.4844252429	1128.118762344122	-3.3198310285806656	1272651.9419528334	11.02127805832696	783.6357475403387	-0.8713119794737167	0.7591845655744066	614084.9848231054	823.4746239947877	725.2696231210607	1.077264	23.5333	0.1600459337692984	0.1104053709374736	-0.0791469961	-0.0631649054	-0.1676882398	-0.0115386729	-0.043934247	0.0317879884	-0.1494948753	-0.0035639479	0.1310975637	0.0417253352	-0.0738458975	-0.047858795	0.1328186631	-0.0407021705	-0.0770558287	0.0157760833	0.1737907896	0.062971104	-0.0743467479	-0.0294675745	0.1491413715	0.0523739217	0.1598135135	-0.0405369714	-0.1731422253	0.018099897	0.1039080538	0.1739830966	0.0584327054	0.0413591509	0.0228252498	-0.0712885512	0.1340271941	0.1605410617	0.1163974066	-0.0835730845	0.0467546136	0.1225439347	-0.1602026822	-0.0045791562	-0.0173546332	0.0597275727	0.0095754969	0.0701557513	0.0759695837	-0.0323179697	0.0099628975	-0.151357646	0.0575162806	-0.0508729727	-0.0566832387	0.1771077767	-0.0331722261	-0.0404624985	-0.0745256065	-0.0617045075	0.0894213543	-0.09388643	-0.1562715874	-0.0935678295	-0.0314206562	-0.008923651	0.0304474459	0.0658864741	0.1331519366	-0.0962797655	-0.1005450645	0.0455480287	-0.1375139375	0.1184912057	0.035682864	-0.0446164492	0.0647086124	-0.1899786427	0.0351680393	-0.0437330014	0.0156818033	-0.028639183	0.0598833139	0.1840188659	-0.0033764093	-0.06798824	-0.037314276	0.033698072	0.0516420094	-0.1128376924	-0.1262754898	0.0145811372	0.0086055991	0.0711955066	0.047710958	0.0681775201	-0.1006638294	-0.0718238048	0.0672262767	0.1461804591	-0.0718611746	0.0765820032	-0.0478251638	0.0013714383	0.1720951497	0.0744671393	0.0024951697	0.1056803944	0.0606019791	-0.0031062144	-0.0968785622	0.0816735802	-0.0668843538	-0.0202406535	-0.0713961751	-0.0205710305	-0.0600669455	0.1417015233	-0.0752505124	0.1353460018	0.0899391724	-0.0794847672	-0.032174038	0.1189375786	-0.1136709395	0.0	-0.0101578812848117	-0.0001961191365467	3.846271571982349e-08	0.0001031825521963	-0.0778964932675734	-0.1037205597512524	0.0060678636633851	0.0107579545151131	-0.1401156964399632	-0.0165953558358892	0.0002754058353197	0.0196324083888559	0.0009271324819263	0.0005554042554254	3.08473886944643e-07	8.595746390428209e-07	0.0003226198792325	-0.0002352279376887	1.0408358647599289e-07	5.5332182669278955e-08	-0.0008191495972133	-4.5787798100033375e-08	2.09652245484942e-15	6.710060626147116e-07
763.9331804976583	1.0888422311658132	1.1855774043701464	583593.9042652678	1130.735722705722	2.6169603616001496	1278563.2746028316	6.848481534186385	783.8912011232516	0.2554535829128781	0.0652565330230267	614485.415198454	823.4346948545538	731.6214407569896	1.203733	26.296078	0.1524590995237777	0.1145671136247325	0.1058749597	0.0417487335	0.0662132955	0.1272580777	0.079485444	0.0280613381	0.0605739412	-0.0806060345	-0.1371823462	-0.0464798404	0.0115026958	0.0161094613	0.1355881751	0.0952492629	0.0461913462	0.0223105988	-0.1279158075	-0.1484674154	0.051113082	-0.0849560482	0.0744323677	0.0520069023	0.1593792882	-0.0604248529	0.0382552453	-0.1250986475	-0.0098388254	-0.1364353899	-0.051315141	-0.0922342173	0.0873951129	-0.1563109356	0.0109479135	-0.0110365404	-0.0214675509	0.03536584	-0.0082334787	0.1422956605	0.0317225638	-0.027892643	0.0224226548	-0.0636067843	-0.0824415096	-0.041546552	-0.0449202253	0.2968248061	0.110795298	-0.0019026967	0.0411826686	-0.0136411849	0.0773372287	-0.1066174044	-0.1361687401	0.0728869638	-0.0032255412	0.1013712866	-0.0513827091	0.1355938599	0.0538664195	-0.0324288128	-0.041577482	-0.000310692	0.1027953602	0.0875568316	0.0782998241	-0.0998421129	0.0421285861	0.0310720952	0.0366725879	0.0099931217	0.0528912711	0.1584435187	-0.0887945109	0.2003323219	0.1797218794	0.1692566712	-0.0685873211	0.0173713658	0.2030345498	-0.0758591386	-0.0473555033	0.0456259638	0.081626409	0.0371444049	-0.0293498554	-0.075590888	-0.1664616702	-0.0735085689	-0.0763796343	0.0025784509	-0.1158989617	0.115611646	0.079652331	0.1237342329	-0.0140154819	0.0369186927	0.0611198395	-0.1348898606	-0.0431972407	0.0153732832	-0.0298499319	-0.1676502539	-0.1631355017	-0.1175895897	-0.0360668892	-0.074383194	-0.0209331963	0.0919011342	0.0635904766	-0.0672185126	0.1490865074	0.0830217246	-0.0270442115	-0.0263433543	0.0196820288	0.1659583563	-0.0080119742	-0.0821605138	-0.0255014167	0.1144838316	-0.1196080616	0.0	-0.0101871483581845	-2.9267073372798644e-05	8.565615838087793e-10	0.0001037779916716	0.03362733373541	0.1115238270029834	0.0011307975741526	0.0124375639893913	-0.1136386783709966	0.0264770180689665	0.0007010324858243	0.0129137492219068	0.0010896837167257	0.0001625512347994	2.6422903934809678e-08	1.1874106024971357e-06	0.0004480533424511	0.0001254334632185	2.007517976816027e-07	1.573355369501187e-08	-0.0008197446467644	-5.950495511000296e-07	3.540839682643468e-13	6.71981285898891e-07
761.2983444072619	-2.634836090396448	6.942361223255637	579575.1691972379	1129.8688346296549	-0.8668880760671982	1276603.5834673743	0.7514949364274884	783.3337040227415	-0.5574971005100906	0.3108030170771581	613611.6918579879	824.117505497939	722.3201264447944	1.298608	28.36867	0.0961296642023522	0.0680852404308353	-0.1182835651	0.057013602	0.0165542726	-0.158351487	-0.1636547902	-0.0657409143	-0.0397584326	0.1651881274	-0.0769082665	0.1566820051	-0.040137961	0.0792876467	0.0241380216	-0.1587678253	0.0136702566	-0.1022179404	0.0724840083	-0.1548847404	0.2483751778	0.1378876228	0.0270985488	0.0511901702	-0.0857746217	0.1265298122	0.0747370551	-0.0013313886	-0.0759961909	0.005733254	0.0635267709	0.0363496736	0.0445937802	-0.066305185	-0.1393312664	0.0235296861	0.0561407069	-0.0497041374	0.0765296351	0.0399513012	0.0524687908	-0.0608614967	0.1298438981	-0.02133125	-0.0549778945	-0.0032431989	0.0904963569	0.0192943695	0.0085859224	0.1288868913	-0.1020332736	0.0219151094	0.1342686707	-0.0285292427	-0.0148404221	0.0196053319	-0.0162935185	-0.1638129491	-0.0108567956	-0.1478894699	0.0701467609	0.1281437784	-0.0458916591	-0.1689878762	-0.0550172671	-0.0080069784	0.0888539478	0.1316596711	-0.0797963869	0.0101046958	0.1709787809	0.0730708479	-0.0990886857	0.0974294776	-0.0929942894	0.0592413158	0.0110025198	0.0368541083	-0.0321520464	0.0783852137	0.0295072379	0.0845194962	0.0434163315	0.0537264315	0.0784530958	-0.1588514876	0.046426301	-0.0492504753	0.0757268796	-0.1144365379	0.0960249978	0.0451017035	0.0676841832	-0.0017987427	-0.0739000087	-0.1525147562	-0.0902112275	0.0769267182	0.0892925269	0.0685353579	0.0617543558	0.1005005106	-0.0908770641	0.1127759495	-0.0181862684	0.0230486939	-0.0160120129	0.0938809013	0.0703718684	-0.0200874696	-0.1814018339	-0.1534298775	0.1154739601	-0.0440857852	-0.1846360733	-0.0163993246	-0.1234413079	-0.1001473487	0.0141021266	-0.0847790013	-0.0187577183	0.1093123473	-0.1242126365	0.0	-0.0050886631482427	0.0050984852099418	2.599455143599528e-05	2.5894492636283305e-05	-0.0285091613448429	-0.0621364950802529	0.0008127722805862	0.0038609440208582	-0.1105086570165241	0.0031300213544725	9.797033679453884e-06	0.0122121632755957	0.00060019399223	-0.0004894897244956	2.396001903868762e-07	3.6023282830898537e-07	0.0004732545944601	2.5201252009000017e-05	2.2396991117759373e-07	6.351031028211274e-10	-0.0008191423721154	6.022746489999864e-07	3.6273475282805693e-13	6.709942257948445e-07
762.0364600131527	0.7381156058908118	0.5448146476595602	580699.5663893772	1125.0267485380173	-4.842086091637611	1265685.1849260232	23.4457977188304	783.5390850629614	0.2053810402198905	0.0421813716818043	613933.4978213026	823.3098212012595	723.3834874718036	1.182878	25.840485	0.0784725119733901	0.0536049893025469	0.0036787864	-0.1391010198	-0.1379102718	0.0218958462	0.0418467316	0.0571184968	-0.1137838086	-0.0542307258	0.2196816684	0.0425594692	-0.0937802465	-0.0948999442	0.1426657134	0.0428468064	-0.0840447445	0.0879738713	0.1472560199	-0.1410088119	0.0264052133	-0.0805456709	2.86742e-05	-0.0127551413	0.1175779389	0.1367361615	0.12348364	-0.022806649	0.1047556111	0.0259595263	-0.0303694739	-0.2372865905	-0.1102488731	0.0312414089	0.0438693057	-0.0981416826	-0.0678047717	-0.0321562882	-0.0932821362	-0.032452548	0.1136611785	-0.0257178258	-0.0078565274	0.1145219058	-0.0751530236	0.0155669788	-0.0372124308	-0.0934207131	0.0062979472	0.027368775	0.1229827868	-0.096819223	-0.0101093979	-0.2271227735	0.0814175336	0.0055434539	-0.0059311925	0.0359602581	0.0965149923	-0.036047859	-0.1385336946	-0.1318472723	-0.0223929713	-0.0693364149	0.0170480919	0.0769666481	0.0421479876	0.0960734577	-0.0409482369	0.046370812	-0.0674437129	-0.1485195859	-0.0540447291	0.0719876465	-0.1117461652	-0.1083272964	0.0360216831	0.0905872525	-0.0473443637	0.0524864936	-0.073524085	-0.2112864282	0.0073318626	0.0567002111	-0.0130352301	0.1652529559	0.1459946673	0.0037989882	0.0911975208	-0.0909150352	-0.0803916029	-0.0088135425	-0.115639352	-0.0767581735	-0.0231139886	-0.001517404	0.1479607072	0.0838808758	-0.1394636253	0.057362753	-0.0197668556	0.0855429294	-0.0119269001	0.0717751888	-0.0171351116	-0.0668210438	0.2677804746	0.14754066	-0.0188131999	0.1769912777	0.1338110027	-0.0696111177	-0.0538899545	-0.0891882343	0.0057971906	0.1040724391	0.0382135542	0.1375409325	0.0023592711	-0.087338405	-0.0119617388	0.1034555476	-0.1274333647	0.0	-0.0101664035581592	-0.0050777404099165	2.5783447670498992e-05	0.0001033557613073	-0.0778296816932595	-0.0493205203484166	0.006057459352474	0.0024325137274385	-0.1149718306690061	-0.004463173652482	1.991991905220952e-05	0.0132185218473826	0.0009706863676434	0.0003704923754133	1.372646002394637e-07	9.42232024328738e-07	0.0004521029270025	-2.11516674576e-05	2.0439705660422785e-07	4.4739303623689487e-10	-0.0008197198804959	-5.775083805000013e-07	3.335159295477343e-13	6.719406824802127e-07
763.5576271302631	1.5211671171103944	2.3139493981779484	583020.2499487979	1127.6579606235027	2.6312120854854584	1271612.4761575572	6.923277038804735	784.0150943012358	0.4760092382744005	0.226584794922575	614679.6680921756	823.5361218792582	728.9733070654516	1.148384	25.08696	0.1828595028457703	0.1259712073241456	0.1100778277	0.0962015127	-0.0636498683	0.0816744514	0.0968185341	-0.1036805481	-0.007876052	-0.0324780688	-0.0054468442	-0.1790293108	-0.0131684057	0.0792622606	-0.02851649	0.0677375735	0.1518498159	0.0152163352	-0.0105980056	0.1180558086	-0.0317464949	-0.1016725343	0.0680617567	-0.0041401826	0.1063060148	0.0158513114	0.1340426312	0.2321361254	0.0061525196	-0.0259173843	0.0442982606	0.2030973401	-0.1030618087	0.1224183701	-0.0050809286	0.1503208605	0.0099979802	-0.0392619744	0.1103050297	-0.0348517969	0.041609564	0.121331973	-0.1623675543	-0.0744355688	-0.0016844834	-0.0876808031	0.0325443331	0.1009085538	0.0901608608	-0.1237857887	0.0343772599	0.0409699823	0.1451919229	-0.123932038	-0.0032183932	0.0540645815	-0.0313198011	0.0658955498	-0.1372201625	0.0226970724	-0.0452664393	0.005188703	-0.0028432533	0.1736489399	0.0588126426	-0.1300153139	-0.099786496	0.0126962241	-0.1519480494	-0.0756796903	0.0607746242	0.0607139675	0.1360663243	0.0415120835	0.0712066217	-0.0085867651	0.0176565863	0.0364799355	-0.0580914525	-0.2506208957	-0.1240315619	-0.1091738714	-0.0178012026	-0.1338585587	-0.0103332093	0.192702521	-0.0584772216	-0.0755920678	-0.0401889842	-0.0149109869	0.1289554974	0.1183351178	0.0363322379	-0.0234464385	0.1064239553	0.0999386099	-0.1171809782	0.1076056121	-0.0300013145	-0.0421360223	-0.0841002946	-0.0015797394	-0.0453347598	-0.0445335071	0.0514562562	0.0717411312	-0.0930338408	-0.0370627823	-0.0833220478	-0.0538196613	-0.0608064015	-0.0191334571	-0.1726829688	-0.0662582816	0.0306483453	-0.0450170544	0.0916315641	-0.0266066534	0.052542956	-0.0898369411	-0.0051324198	0.0969501507	-0.1292343642	0.0	-0.0099805908950543	0.0001858126631048	3.4526345770134924e-08	9.96121946144408e-05	0.0398415140115275	0.117671195704787	0.0015873462387307	0.0138465102985942	-0.1597479194515045	-0.0447760887824983	0.0020048981266581	0.0255193977690843	0.0008167883828406	-0.0001538979848028	2.3684589726362868e-08	6.671432623433625e-07	0.0007026657795299	0.0002505628525274	4.937391977223621e-07	6.278174306666761e-08	-0.0008197871570733	-6.727657739995056e-08	4.526137866651539e-15	6.720509829023234e-07
763.6841276689787	0.1265005387156179	0.0160023862953415	583213.446853529	1131.3785274475813	3.72056682407856	1280017.3723694575	13.84261749243402	784.114589539214	0.0994952379782034	0.0098993023803393	614835.68952825	824.4558971210168	730.1217686069974	1.128144	24.644791	0.1200883365461442	0.0891681724040669	-0.1192927263	0.033793111	0.0488596487	0.0947216956	-0.1217458708	0.0399575337	-0.0028797794	-0.0789296952	-0.088707106	0.0362238757	0.1272394822	-0.0581357695	-0.0123229088	-0.0962753156	-0.0380064088	-0.0204986372	-0.0830736916	0.1813921493	-0.0685394895	0.0459303063	0.1782236703	0.0991080151	-0.0259507242	0.072428942	0.1377187442	0.0157385352	0.1156343419	0.0457540338	-0.1476343239	0.0736266356	-0.0068887615	0.1769207545	0.1166949816	-0.0111126295	0.0889435544	-0.1945703992	0.0728054768	0.0628123976	-0.0440184998	-0.0342120852	0.0295515082	-0.0082882736	0.1506825628	0.0294631416	0.0151572416	0.080475874	-0.0386388732	0.0156535917	0.0246526779	0.0030360089	-0.0802520337	0.0363854327	0.1831990889	0.1177264844	0.0414609864	-0.0998710936	0.0282151339	0.1242301905	0.0560504927	0.0783125211	0.0305411472	0.0913959057	-0.0500179132	-0.0614826094	0.126741866	0.034271299	-0.1827351489	0.0915321177	-0.0591718042	-0.0173326394	-0.0146598816	0.1035046771	0.1266624027	-0.1150072309	-0.1234631903	0.0343743231	-0.0094594332	-0.0724278455	-0.0119038743	0.1104540096	0.043600912	-0.0887049829	-0.0883932932	0.2029080849	-0.035697206	0.061990171	0.0153080646	0.0101228049	0.0073835481	-0.1448365311	0.0774623702	0.1464007029	-0.1439345589	-0.1040197111	0.0077625982	-0.0062264944	0.0377475518	-0.094538175	-0.0484609276	0.1216506756	0.0594410465	-0.1971157263	-0.0633214147	0.027150019	-0.0168535629	-0.0368384664	-0.0093693208	0.1171503194	-0.0842568439	0.080548848	0.041904178	-0.0300270434	-0.1534524307	0.0630746252	-0.0561956444	0.0583536399	0.0787363445	-0.0922728684	0.0017112041	0.0898369411	-0.1295955703	0.0	-0.0099977008317608	-1.7109936706500087e-05	2.9274993410043903e-10	9.99540219213906e-05	-0.046335811428662	-0.0861773254401895	0.0021470074207525	0.0074265314200243	-0.1435117595844062	0.0162361598670982	0.0002636128872299	0.0205956251390124	0.0006801992202836	-0.0001365891625569	1.865659932802257e-08	4.626709792744174e-07	0.0004867211766803	-0.0002159446028496	2.3689750382905587e-07	4.663207149987148e-08	-0.0008191660964369	6.210606364000009e-07	3.857163140855742e-13	6.710330935516685e-07
762.5418933477847	-1.142234321193996	1.3046992445135088	581470.1391104243	1128.4252006411552	-2.9533268064260483	1273343.4334420315	8.722139225554681	784.2725813657066	0.1579918264926618	0.0249614172384873	615083.481882029	824.1636362791171	726.3846429506502	1.108768	24.221533	0.1016489259902619	0.0593446158580718	0.0557657953	-0.079308125	0.1229476138	-0.0482057987	0.0631291765	0.1308259933	0.0534981114	0.099808381	-0.061647889	-0.015421561	0.0972883622	0.0023703367	0.0755170817	0.0945710437	-0.1119471179	-0.0809677187	-0.0599462271	0.0712075656	0.1463024728	-0.122162375	-0.0728155682	0.025628094	-0.0521513115	-0.1898042647	0.0446562405	0.1268389225	-0.1665362366	0.1207816972	-0.1395163099	0.0548360499	-0.1065720384	0.0280295719	-0.0546687887	0.0099590001	-0.0173960049	-0.1007262102	-0.0465314055	-0.0447881318	0.0590564592	0.0678668652	0.0088900695	-0.1098621565	-0.1887957851	-0.1213160493	0.0255329556	0.1126058013	-0.0422202198	-0.0561743781	0.010928348	0.0038999948	-0.083537869	-0.1159184665	-0.0905182107	0.1254574447	0.0246538005	0.0971413233	0.0745958755	0.0081387658	0.118865182	0.121011392	0.0656046517	-0.0255613904	0.0543863559	0.0675079658	-0.2027045803	-0.075184718	-0.1097179422	-0.1567512299	0.1060763686	0.0478903272	0.1187336689	0.1617093834	0.0106458201	0.0565737144	-0.0357070512	0.0490953239	0.0351059851	-0.0216414626	0.08728578	-0.0176769895	0.0557113005	-0.0687143266	-0.0862565815	-0.1317382697	-0.0156085087	-0.011075959	-0.0143622503	0.1590086374	-0.0894410792	0.075504228	0.1076373644	0.0385687496	0.1028851143	0.0850010916	0.0680113281	0.0171183882	0.1513977855	0.004269818	0.0544537486	0.1096164239	-0.1648184378	-0.0576742745	-0.1301786028	0.0061833531	-0.0768840947	-0.1268101837	0.0977998994	-0.0192407831	-0.0838072452	-0.0920586383	-0.0350571357	-0.0085565795	-0.0277462526	0.028481241	-0.0318623107	0.0600798331	0.0561345909	-0.0946444892	0.0085500587	0.0821605138	-0.1285129588	0.0	-0.0101158910598684	-0.0001181902281075	1.3968930020126388e-08	0.0001023312519351	-0.0025859519470401	0.0437498594816219	6.687147472400484e-06	0.0019140502046616	-0.1238497601513088	0.0196619994330974	0.0003865942217071	0.0153387630895367	0.0014397016295288	0.0007595024092452	5.768439096492633e-07	2.072740782067882e-06	0.0004889100916944	2.188915014099944e-06	2.3903307776062657e-07	4.7913489389521575e-12	-0.0008198523091263	-6.862126894000139e-07	4.708878550936e-13	6.721578087797262e-07
760.9660988518511	-1.5757944959335646	2.483128293414517	579069.4036018053	1125.3259790427985	-3.099221598356735	1266358.559108633	9.605174515720874	783.2657373669596	-1.0068439987470583	1.0137348378129665	613505.2153330069	822.9832806927348	721.9393881472942	1.103706	24.11095	0.0731408323713654	0.0413189300950174	0.0692429275	0.1094502453	-0.1097660988	-0.1038619555	0.0001862747	-0.1361918223	-0.0766556251	0.0787537674	0.0015903553	0.1528391181	0.0600390686	-0.0479235976	-0.079373074	-0.0178381035	0.1083450944	0.0153222035	0.1117088235	0.0167056103	0.08581455	0.0899298595	-0.000377155	-0.0606883088	-0.1098870184	0.031728734	-0.0392547163	0.0714510563	-0.0014249518	0.0202243993	-0.0421297189	-0.1247511175	0.1565904317	0.1809908867	-0.1316308317	-0.0894729085	0.1063081149	0.0378867989	0.103343981	-0.0067087377	-0.0274484827	0.0180866235	-0.0200068332	0.030238851	0.024989403	0.1205922057	-0.1964573489	-0.1381833819	-0.09540257	-0.0979246938	-0.0838094021	-0.0944644549	0.0027053472	0.0414437766	-0.2566515112	-0.0349966912	0.0320667901	-0.018148494	-0.0679674349	-0.1028698417	-0.079941614	0.0509096175	0.0466715105	-0.1230730487	-0.0335162534	0.01674868	-0.0766234084	-0.0233973145	0.026974653	0.1341926362	0.0169410619	-0.0650003406	0.0397997894	-0.1446709574	-0.1553520595	0.013147841	-0.2336306705	-0.0575660971	0.0463106361	0.0071120189	-0.1454046353	0.0898591495	-0.0126630818	0.0947309714	0.1072966525	0.0968440284	-0.2373041658	-0.0140244536	0.074271127	0.0166803656	-0.0088186436	0.0348822581	0.1717429951	-0.1357583779	0.1293739493	0.0309306847	-0.1234610051	0.0640829796	-0.0801307798	0.0461752796	-0.0024286066	0.2176469159	0.0755953501	0.1352655022	0.0129011923	0.0375051035	0.0310081625	-0.0208643644	-0.0082455646	-0.0402137548	-0.0509158917	-0.1035666972	0.1212049732	0.0150443795	-0.0438725489	0.0163188571	-0.0514912383	-0.0931350656	0.0013178964	-0.0969501507	0.0153650827	0.0739689949	-0.1259985909	0.0	-0.0099335556367918	0.0001823354230766	3.3246206508522826e-08	9.867552758923814e-05	0.0150340177426073	0.0176199696896474	0.000226021689485	0.000310463331864	-0.1539835765075352	-0.0301338163562263	0.0009080468881907	0.0237109418340519	0.001383811556101	-5.589007342779993e-05	3.1237003077648676e-09	1.9149344227986714e-06	0.000490124001375	1.2139096806000702e-06	2.4022153672384103e-07	1.4735767126545644e-12	-0.0012668425440662	-0.0004469902349399	1.998002701316271e-07	1.6048900314561222e-06
761.8562757932084	0.8901769413572538	0.7924149869241557	580424.9849654972	1125.2968053221705	-0.0291737206280231	1266292.9000682828	0.0008511059752819	783.0890397152477	-0.1766976517118337	0.0312220601204764	613228.4441221488	822.5635471264997	724.4994075947355	1.160925	25.360926	0.0976266457703595	0.0594517946842241	-0.130095863	0.0170962621	-0.0034844089	0.1365337845	-0.1022957487	-0.016293129	0.023589466	-0.2021417951	0.0208981915	0.0325138746	-0.0932803562	-0.0227883695	0.0161807403	-0.0967937098	-0.0202791159	0.2211688417	0.008491095	0.0146034141	0.049041459	0.0118007128	0.003811684	0.116480584	-0.0217811879	-0.1204247077	0.1248498831	0.1876132151	-0.01102473	-0.0275458566	0.0032004137	-0.0074642054	0.0180496774	-0.0715336428	0.1477501395	0.0549040451	-0.0085303908	0.0190679265	0.0030696708	0.0312014602	-0.0206027713	-0.174106153	0.0720499863	0.1038766037	-0.0156838567	0.0013656535	-0.0735050961	-0.1604948221	-0.0615022751	0.0876583962	0.0038779222	0.0402538794	-0.0308890274	0.0366497776	-0.1893682145	-0.0078526215	-0.1248732924	-0.1090627999	-0.0055990667	0.1486483487	-0.0942139317	-0.0588458127	-0.1119537383	-0.0675581412	0.0054657457	0.1088056379	0.1093099704	-0.0637602498	-0.069259469	-0.0336828627	0.1148015003	0.0147733215	0.0623781035	0.059733332	0.166922959	-0.1567914133	-0.1055902951	-0.0898472912	0.0381432893	0.0836979402	-0.0728949073	-0.0395779939	-0.0861502556	-0.0170378749	0.0406240622	-0.0730171656	0.0625579456	0.0496654261	-0.0620745054	-0.0143081842	-0.097132965	0.0396769278	0.1169486699	-0.037082614	0.0405733711	-0.129031283	0.0344485429	0.0423602727	0.0070116633	-0.1264015853	-0.0985051717	0.0975131546	0.0444150376	0.0855120647	-0.1344543053	-0.1200258245	-0.0813610911	0.1805106392	0.022120618	0.0681331682	0.1203627866	-0.0012360016	0.1872257596	0.0551843437	0.0150257568	0.0334986295	0.0541677457	-0.1965278379	0.0007629342	-0.0991882461	0.0221372814	0.0653137397	-0.1220804792	0.0	-0.00297744121589	0.0069561144209018	4.8387527836678e-05	8.865156194080521e-06	-0.0407130573706808	-0.0557470751132881	0.0016575530404683	0.0031077363836865	-0.1636021604222648	-0.0096185839147296	9.251715652469522e-05	0.0267656668948324	0.0010849365837474	-0.0002988749723536	8.932624909936528e-08	1.177087390753479e-06	0.0006918102769586	0.0002016862755835	4.786014593055348e-07	4.067735375878383e-08	-0.0012723787425578	-5.536198491599888e-06	3.064949373839288e-11	1.6189476645129682e-06
761.7158586880332	-0.1404171051751745	0.019716963425776	580211.0493768478	1126.7631141096354	1.466308787464868	1269595.1153180432	2.150061460196692	783.2378270691046	0.1487873538568465	0.0221376766677224	613461.4937519325	823.6396884207236	721.3979602636293	1.096441	23.952238	0.061468550804316	0.0309490991722736	0.0211194426	-0.1387266104	0.1133720783	-0.0286699253	0.0714094831	0.1097878502	0.0673458501	0.054292174	0.0234939511	0.0248256375	-0.0288596496	0.0223242845	-0.1298152857	0.0825869909	-0.1935068345	-0.076355622	-0.0138311776	0.0818467905	0.1925047984	0.0872446373	-0.0304376523	0.1285163052	-0.1051538914	0.0355997537	-0.114147621	0.1119819938	-0.0008422807	0.1002476726	0.108755167	-0.0745668375	-0.0341789329	0.0669441113	0.0030487503	0.123009792	0.2409039344	0.0830307798	-0.0109504626	0.0591557806	-0.0949821622	-0.0475124186	0.1338727161	-0.1986425125	-0.0897217262	0.0506580134	0.0335180511	-0.0860237526	0.0627428532	0.046452702	0.0528792521	0.2489846567	0.0044816819	0.072890676	0.1101223427	-0.086872671	-0.0030085141	0.0730861574	0.1414057672	0.0168861508	0.0612169838	-0.0211879429	0.0530384786	-0.0742814952	0.0363978131	0.0221156603	-0.21088061	0.0162350177	-0.2165463892	0.0361560008	0.1785807832	0.1399255769	-0.128013403	-0.117802223	-0.0315864718	-0.0996372362	-0.1019903612	-0.0355628879	0.0118975225	0.0080085673	0.0242453249	0.0725220816	0.0735045275	0.0804356015	0.0512158108	-0.0635165725	0.0628060881	-0.132351458	-0.1720444455	0.0348824473	0.249900418	-0.1217137706	-0.1231903906	-0.1026842217	-0.0924729432	0.0394739263	0.1401696686	0.0482949846	0.1479318544	0.039432531	0.0008519525	0.1420767591	-0.1224247504	0.1345245275	-0.0828955208	-0.0599020195	0.0392718499	-0.0669819433	0.0992781278	-0.0273281898	-0.0077470895	0.0918418963	-0.0096166928	0.0913172838	0.065320834	-0.0495819921	-0.0984076525	0.0544133359	-0.002928273	-0.1013572156	0.0288477796	0.0562490111	-0.116802275	0.0	0.0145953875690167	0.0175728287849067	0.0003088043115036	0.0002130253382898	-0.02872315232662	0.0119899050440608	0.0008250194795782	0.0001437578229655	-0.1634921503370563	0.0001100100852085	1.2102218847581573e-08	0.0267296832218346	0.0013958018171367	0.0003108652333893	9.663719333018401e-08	1.9482627127221137e-06	0.0005572449232105	-0.000134565353748	3.105219044438761e-07	1.810783442935128e-08	-0.0010818931918924	0.0001904855506654	3.628474501230067e-08	1.1704928786631254e-06
762.1637311581569	0.4478724701236842	0.2005897494946904	580893.5530929232	1123.040506631136	-3.722607478499413	1261219.9795343184	13.857806438979754	782.8805459460373	-0.3572811230673096	0.127649800900238	612901.9492207654	822.6225822297757	726.6173979515253	1.066661	23.301668	0.1544777302240604	0.0915458832356373	0.1242222683	0.0237144064	-0.0840934279	-0.0471182014	0.1155346411	-0.1093253931	-0.0017758468	0.0124264519	0.0601526343	0.1052772053	0.0384807067	-0.0418646418	0.0200003607	0.0703848035	0.1171806473	0.0349870353	0.1056728169	-0.1366113776	0.0284155182	-0.0064198544	0.0800933741	-0.0803211007	-0.1359938071	-0.250781803	-0.0440779304	0.0505700416	0.0435086992	0.0748020958	0.0078772689	-0.0564128294	-0.0098626264	0.0802485233	0.1203186954	-0.0878303149	0.0055739859	0.1215900278	-0.0459871942	-0.0199015709	0.0166107155	0.0130097077	-0.1988886095	-0.0163043637	-0.056243125	0.1501780072	0.026803748	-0.1132960364	-0.1335647498	-0.1645121952	-0.131560233	-0.0696854363	0.0175885613	0.0087369024	0.063902015	-0.0413801673	0.1358333462	0.0940375877	-0.1088324888	-0.0751709924	-0.0598277919	-0.0571407697	-0.0262821416	-0.1232276299	-0.0614651807	0.1398103493	0.0232415688	-0.0601783849	0.1175290467	0.0949858417	0.0412275527	0.1231538063	0.1755339165	-0.1647557614	-0.0278097665	-0.0246892313	-0.1336561892	0.0360942624	0.1064971446	-0.0237831936	0.0003355439	-0.0945203693	0.0230538148	0.0131462247	0.0140416348	-0.023864677	0.0371372366	0.0331040114	-0.0464305206	0.1186572126	-0.02803116	0.0818373148	0.0718577347	-0.1514123104	0.1083049938	0.0971920048	-0.0691507251	0.0900797948	-0.0796117845	0.012441256	-0.0577310841	0.1689183511	0.1589953839	0.1909598846	0.0175193255	0.0380450552	-0.0670371317	-0.1376235427	0.0441902722	-0.0908559582	0.0499327663	-0.0574572297	0.0266945931	-0.0390413545	0.0045371726	-0.011891864	0.1679499711	-0.1208934604	-0.1042095863	-0.1034555476	0.0354778738	0.0468316386	-0.1102227826	0.0	-0.0097966088617482	-0.0243919964307649	0.0005949694898784	9.597354519008336e-05	0.0527565970131576	0.0814797493397776	0.0027832585284087	0.0066389495524729	-0.1960496622535643	-0.0325575119165079	0.0010599915821935	0.0384354700697366	0.0012803454656628	-0.0001154563514739	1.3330169095664732e-08	1.639284511443292e-06	0.0005421853010529	-1.5059622157600062e-05	2.939649006778238e-07	2.267922195296788e-10	-0.0012723466690011	-0.0001904534771086	3.627252694279408e-08	1.6188660461181945e-06
762.9595184145862	0.7957872564293211	0.6332773574953061	582107.2267394173	1124.1954455822706	1.1549389511346817	1263815.39986792	1.333883980848079	783.1475786359722	0.267032689934922	0.0713064574938802	613320.1299233863	822.8553572688518	724.8706906601766	1.15102	25.144547	0.1154539979259727	0.0726368789215673	-0.0996298403	0.1462624092	0.0426366551	0.0621819811	-0.0943051052	-0.0911328574	0.0659716185	-0.1042402146	0.0078053262	0.0171518566	-0.0684799854	0.0603339497	-0.1347132461	-0.1084878344	0.0627758803	0.029583493	-0.041310551	-0.1219460714	-0.1091026664	0.0455699696	-0.0161543873	0.0480703308	-0.0651947295	0.0455073853	0.0476920087	-0.0018427015	0.0568901724	-0.3266415729	0.2351046509	0.0731304095	-0.1468670318	-0.0295907335	-0.0239089436	0.0143076182	-0.0325676609	0.0787986038	-0.0214001942	0.0074077279	-0.0403279154	-0.0518225221	-0.0432730806	0.0216368082	0.0975769684	0.0021297949	-0.0545633077	0.103989806	-0.0137893586	-0.0839604991	0.0013267744	0.1066884784	-0.0203778556	-0.0862767933	-0.0510473789	0.1774888777	-0.166465798	-0.1231412777	-0.0841097318	0.0714664603	-0.0096075361	-0.1195903751	-0.0807304331	-0.0549973675	-0.0311882865	-0.1423277555	0.0090667589	0.0588326523	-0.034978003	-0.0936905507	0.1442481163	-0.1220166003	-0.0186379198	-0.2100810587	0.2144102685	0.1404336197	0.0476798849	0.0027350854	-0.0515071602	0.0779161446	0.0398735409	-0.0674731681	-0.0677901166	0.0432480392	0.048137806	0.1531975948	-0.0254652672	0.0778156311	0.1418052914	-0.0807799402	0.0715465004	0.1435470657	-0.0807366011	0.0315656207	0.1160405758	-0.0973677507	-0.1092496559	-0.0090572161	0.0568310847	-0.1020210664	-0.068204294	-0.0271855702	0.1698100127	0.1108929026	-0.0885394859	-0.1196430784	-0.0526350723	0.0931583785	-0.0307860035	-0.038288885	0.136753499	-0.0552017824	0.052573992	0.1555280471	-0.1151999776	0.0144135114	-0.0302265324	-0.0912819691	-0.0103313839	-0.1054817798	0.0420090849	0.0371206631	-0.1024153039	0.0	-0.0096952222538391	0.000101386607909	1.0279244263313574e-08	9.399733455133693e-05	-0.0112767294944262	-0.0640333265075838	0.0001271646280904	0.0041002669036268	-0.2141897838719941	-0.0181401216184298	0.0003290640123314	0.0458772635151315	0.0011779623739591	-0.0001023830917036	1.0482297466808226e-08	1.3875953544633587e-06	0.0005109394392899	-3.124586176299999e-05	2.610591106218774e-07	9.76303877312505e-10	-0.0018023009793754	-0.0005299543103743	2.808515710843e-07	3.248288820257526e-06
763.6684907416948	0.7089723271085404	0.5026417606056992	583189.5637516979	1124.465186625719	0.2697410434484482	1264421.9559332132	0.0727602305206576	784.3857837732983	1.2382051373260765	1.533151962100688	615261.0577856514	824.3299314145169	728.5005795574058	1.087575	23.758558	0.0563471919382181	0.0312545283575662	-0.0661437765	-0.1384720222	0.078591493	-0.0494485106	-0.0212509256	0.1027486923	0.1188483941	0.0233141017	0.1301906687	0.0221245971	-0.0789268004	-0.0144038377	-0.0114284244	-0.0142767689	-0.1405118289	-0.1758988292	-0.0653252715	-0.0344299861	0.0397802688	-0.1586894944	-0.0578069955	0.1186094893	-0.0747480278	0.076379906	0.0318849477	-0.0694374633	-0.0325887282	-0.0161965852	-0.0410393469	-0.0672051113	-0.0645092054	-0.0555613279	-0.0553484112	0.1314863535	-0.0916407264	-0.0415132151	-0.0453506887	-0.0069541485	0.0549533353	-0.0783898423	-0.0209049306	-0.0360690802	-0.0590962292	0.0768444142	-0.1252861894	-0.1473722297	-0.1800151548	0.0295669403	-0.0347476778	0.0448762189	-0.062447423	0.0181063835	0.1088443025	-0.0381695055	0.0148636158	-0.0243966207	0.1603872574	-0.0230651841	0.0884016629	-0.1623327716	-0.0104993437	0.0439030404	-0.0311152707	-0.0329436583	-0.1267737411	-0.1020862972	-0.1345732682	0.1023470638	-0.0414472759	0.0269993034	-0.0468478342	0.0703055691	-0.0024386277	0.0165946245	0.0196169105	0.0055701126	-0.1662752268	0.1356093767	0.0563724962	-0.065082934	-0.0859019018	-0.0392050711	0.0406981344	-0.1638535394	0.0383712445	0.0030191733	0.0553832065	0.0492994082	-0.0817140775	-0.0321264823	0.0306925629	-0.0774697331	0.0615557465	-0.043263728	0.1087827961	0.0232586618	0.1107813986	0.0712887324	-0.0014460219	0.0220809449	0.0365732209	0.1820885863	-0.0310188679	-0.0548563123	-0.1860992262	-0.0409118274	0.052326964	-0.078484377	0.0575158362	0.1127803838	-0.1139461437	0.0670030225	0.1135324366	0.069028296	0.0071190039	0.0956667731	-0.0707972177	-0.1074345	0.0484232091	0.0271769657	-0.0934668214	0.0	-0.0098074955414801	-0.0001122732876409	1.2605291117718521e-08	9.618696879615204e-05	-0.0215973302213257	-0.0103206007268994	0.0004664446726889	0.000106514799364	-0.2047980512817915	0.0093917325902026	8.820464104587407e-05	0.0419422418088192	0.0017379251354906	0.0005599627615315	3.135582943019835e-07	3.0203837765700205e-06	0.0005170778783025	6.1384390125999696e-06	2.67369532229815e-07	3.768043351140929e-11	-0.00163795047325	0.0001643505061254	2.7011088863675147e-08	2.6828817528198987e-06
763.4855917379406	-0.1828990037541871	0.0334520455742741	582910.2487914333	1127.217348948121	2.7521623224020004	1270618.9517696302	7.574397448849172	784.2466001797189	-0.1391835935793324	0.0193720727216567	615042.729893448	824.5328516672681	729.3390093776009	1.128616	24.655121	0.0868391259531793	0.0635807866162797	0.161615544	-0.0265490445	-0.0669415244	-0.0738323854	0.1282898139	0.0003536476	-0.0970349278	0.142772943	-0.0464405185	0.020441545	0.0657682694	0.0596056814	0.0457789601	0.1608178797	0.0332916183	-0.0966284629	0.1018561885	0.0842221623	-0.0119925972	-0.0251741516	0.0069180169	0.0357737312	-0.0392268138	0.0820608503	0.0591617575	-0.07956027	0.0519024703	0.148603971	0.1000828451	-0.212374702	-0.0003430452	0.0863730485	-0.0046289446	-0.1145614037	-0.1710138952	0.1021086555	-0.0441198893	0.0612128218	-0.0994724937	-0.1576143181	0.0131407539	-0.0960282589	0.195437132	0.0615490014	0.0293046821	-0.047278551	0.0623369217	-0.2426789695	0.0456753076	-0.0026066463	-0.021851919	-0.0948055679	-0.0065932965	-0.0031044348	0.1240181321	0.1562430419	0.0026368965	-0.111637499	-0.046525988	0.1010401389	-0.022982276	0.1111953619	-0.0204726408	0.1294137088	-0.0247991051	-0.0503421932	-0.0901190965	0.0529874262	0.0456045221	-0.1566371951	0.0275054898	-0.2409221499	-0.1574041512	0.0102781416	-0.0273959533	-0.0336722363	-0.0890778215	0.0130955068	0.1526496303	-0.0210682022	0.0054869524	0.0821766287	0.0421458295	0.1789465854	0.2614194109	0.0530617495	-0.02861123	-0.009024278	-0.065009063	0.0133716764	-0.0752467627	0.0406557456	0.0183065376	0.1741417148	-0.0149224891	0.1029789264	-0.048107393	0.0816148062	-0.0170532986	0.0661093904	0.0482797368	0.0374994929	-0.0580795759	-0.0935016924	-0.0360036617	-0.2231628226	0.0105760869	-0.171354425	-0.0129964398	0.1518773925	0.0166426966	0.056094036	0.1368859814	-0.034177584	-0.0203553546	-0.0097381589	0.1239473608	-0.1093123473	0.0547023691	0.017062887	-0.0834770299	0.0	-0.0098515174462221	-4.402190474200006e-05	1.9379280971137273e-09	9.70523959932184e-05	0.0372956656327119	0.0588929958540376	0.001390966674987	0.0034683849606636	-0.2097718551180563	-0.0049738038362648	2.4738724601642505e-05	0.0440042311996708	0.0017763104210497	3.838528555909996e-05	1.473430147453648e-09	3.1552787119297627e-06	0.0004999039563593	-1.7173921943199944e-05	2.4990396558368095e-07	2.9494359491112457e-10	-0.0012349435935896	0.0004030068796603	1.6241454505361206e-07	1.5250856793479953e-06
762.6084448430386	-0.8771468949020118	0.7693866752362409	581571.6401459178	1127.0656874403358	-0.1516615077853202	1270277.0638053566	0.0230012129437167	783.8165751736452	-0.4300250060737198	0.1849215058487028	614368.4235169427	823.7895558862383	728.4788465004124	1.22899	26.847828	0.059201382659806	0.0273202070738773	-0.0643518561	0.1467692692	-0.0904954424	0.0603265224	-0.0794662261	-0.1201768007	-0.089204525	-0.0673908113	-0.1044344504	0.1251561891	0.0134993343	0.0002138811	-0.0490374551	-0.109812398	0.1082800041	0.0892823983	-0.0633021965	-0.0490668633	-0.1522826905	-0.077887498	-0.1482493526	0.1869982713	-0.1309948457	0.0441014804	0.0216816896	0.074149404	0.0900567054	0.1473933203	0.0210064172	0.0419622809	-0.1609828999	-0.1650537673	0.0345534948	-0.0249420497	0.0345019824	-0.0666579114	-0.1340182373	-0.0004927106	-0.0764975578	0.0384425355	-0.1137057039	-0.0406888783	-0.0295422379	0.1111612697	0.0014927629	0.151012618	0.0964151507	-0.0643324148	0.0465054396	-0.0433605256	0.1442290488	-0.0282561688	0.0955053809	-0.2276082661	0.0122834972	-0.099030486	-0.1003435469	0.0646659007	-0.0773129556	0.1170672332	-0.016665132	-0.0741340648	-0.1953041012	-0.0402193648	-0.093187939	-0.0766685942	-0.0707692739	-0.0597120812	0.0279639103	-0.0683990138	-0.089399048	0.0469051504	0.0474793768	-0.1262698877	0.1433916884	0.0113412162	0.0149858252	0.0751369443	0.0719534307	-0.0613503852	-0.0487976654	0.084177649	-0.1382594739	0.0255078957	0.0902701502	-0.1812376687	-0.0736602134	0.1130148134	-0.0644904092	-0.0667088223	-0.1792510137	0.0592148284	-0.0425636798	-0.0833579255	-0.1100831016	0.0721106297	-0.0611712753	-0.1008905793	-0.0457035535	0.0619780597	-0.022878673	0.0421018076	0.0185335131	-0.0772460097	-0.1691816364	0.0965468933	-0.036850073	-0.1008315239	0.1835171773	0.0169793141	-0.1029641092	0.0114618192	0.0579826412	-0.0521367369	0.0585501343	-0.0148594014	0.0377254267	-0.1111140131	0.0608290638	0.0068418353	-0.072557225	0.0	-0.0098778905042422	-2.637305802010055e-05	6.955381893315898e-10	9.757272081379824e-05	0.030463357149614	-0.0068323084830979	0.0009280161288249	4.6680439208211535e-05	-0.2209944082844543	-0.011222553166398	0.0001259456995726	0.048838528492996	0.0013830053493192	-0.0003933050717305	1.546888794489338e-07	1.9127037962455224e-06	0.0006789738428041	0.0001790698864447	4.610054792121667e-07	3.2066024231353555e-08	-0.0014849715944601	-0.0002500280008704	6.25140012192987e-08	2.2051406363533714e-06
763.861902101497	1.2534572584584112	1.5711550987820762	583485.005482117	1129.463319569826	2.397632129490148	1275687.3902536908	5.748639828363462	783.8130230427122	-0.0035521309330306	1.261763416539312e-05	614362.8550913553	824.2393032869215	732.4785636166052	1.122019	24.511005	0.1238779392377108	0.08737065225473	-0.0461501285	-0.0847288998	0.0959465425	0.1162792629	-0.0263862797	0.1551811801	0.0317668332	-0.1045106276	-0.0282223789	0.0785699511	-0.1266748899	-0.0259713463	-0.0244660528	-0.0296321995	-0.0751469634	0.0830659711	-0.1815242776	-0.0502250604	-0.0423668185	-0.0396864507	0.1982018701	0.0289807383	-0.0372983374	0.0450797596	0.0199710262	-0.0605693809	-0.1382513431	0.0342075661	-0.0517823099	0.0028056931	0.1344929494	-0.091887374	-0.0045531031	-0.071410873	-0.0065479142	-0.064199834	-0.1706096721	0.1315881648	-0.1223891159	0.1103006165	0.0037240629	0.1373740494	0.0694775696	0.0122584125	-0.0285064003	-0.0149865286	0.1184474623	-0.0222308209	-0.0478038533	0.0202456984	-0.1586377487	0.0871069166	-0.0342626155	0.0552026814	-0.0710306507	-0.0086547277	0.1083270386	0.1362054196	0.0349985683	-0.0421060796	-0.1691628973	-0.0137803079	-0.0506493568	-0.1160519195	0.1063169131	-0.06012088	0.0156688892	0.1543578775	-0.0830403464	-0.031870752	-0.0179954565	0.1071229152	-0.0183471908	0.0517607318	-0.1231634425	-0.0351261898	0.0732998584	0.0026330159	0.017327191	0.2070439753	-0.0588317977	0.1022783339	-0.0838561122	-0.0310164757	-0.0546143729	0.0641675804	-0.0382580953	0.0214342882	-0.1027758374	0.2479557678	-0.1214573931	-0.0390275935	0.0368934704	-0.0014541551	0.1173862868	0.0519187625	0.1014107419	-0.1068457611	-0.079569994	0.018430118	0.1086228698	0.0597119959	-0.0060929835	-0.0380985179	0.0581558652	-0.0220751082	-0.0058062639	-0.1514458927	0.0596969902	0.1907579192	-0.1426024049	0.1642636707	-0.0154149561	-0.0547786705	-0.0806766742	-0.1478587975	0.003388883	-0.1128382417	0.066786217	-0.0034221101	-0.0608290638	0.0	-0.0099082999256978	-3.0409421455599925e-05	9.247329132643011e-10	9.817440741758304e-05	-0.0495312356136139	-0.0799945927632279	0.0024533433014113	0.0063991348713546	-0.2312858657158116	-0.0102914574313573	0.0001059140960614	0.0534931516799124	0.0019899681033168	0.0006069627539976	3.6840378474035116e-07	3.959973052218262e-06	0.0006370461181213	-4.192772468279997e-05	4.0582775661341733e-07	1.7579340970766734e-09	-0.0014626324807071	2.2339113752999984e-05	4.990360032694731e-10	2.1392937736194053e-06
763.762903976345	-0.0989981251519793	0.0098006287836069	583333.7734903796	1128.9488869905472	-0.5144325792787185	1274525.589437195	0.264640878623355	783.5393467975779	-0.2736762451343111	0.0748986871508155	613933.907979975	824.1967344955535	732.2892389780193	1.036956	22.652761	0.2042969644995199	0.1468852303767198	0.0520913756	0.0385000552	0.0979061628	-0.0974508194	0.0343036831	-0.0321061024	0.0288098447	0.1565465821	-0.1051056818	-0.0942685589	-0.1313873303	0.0204635383	-0.0831048853	0.0185254144	0.1145329753	-0.1277536812	-0.0910884408	0.0539301931	0.0331419551	0.0929821526	0.1165505691	-0.0150974879	0.0714545045	-0.1243982112	-0.1664359251	0.0191216875	0.0453090144	-0.0163803806	0.0583652232	0.0362615983	0.1567696638	0.0930060519	0.0459018931	-0.0323063491	-0.1467693312	-0.1713400271	-0.0917749783	0.1602538834	0.0797708829	0.0514023555	0.158202649	0.0120056321	-0.0264912584	-0.156519272	-0.0468250647	0.1157717071	0.0270009108	0.039583547	0.1529368879	-0.1028036903	-0.0162933486	-0.0149225174	0.0098903361	-0.1226892639	-0.0903933745	0.01591397	-0.0353711965	-0.116488533	0.1574139977	0.0823017032	-0.095767904	0.0033500849	0.0740081934	-0.0972945574	0.1024481605	-0.1732468686	0.113000534	0.0378218646	-0.084340981	0.0528083672	0.0442463835	-0.0449315521	0.0118923411	0.0101227792	0.034375313	0.0095667839	-0.178345226	-0.1212496582	-0.1144979883	0.0581765347	0.112209398	0.056495237	0.1316705081	-0.0116897851	0.0632527995	0.1544548717	-0.0636724645	0.0242624522	0.0102833656	-0.1885723263	-0.1052485383	0.2346044453	0.0809506616	0.043844186	-0.0974486135	0.0547255878	0.1721443603	0.093428645	-0.0505666195	-0.1558557235	0.0162198107	0.0017957288	0.1159825067	0.0286348763	-0.0878973177	-0.0893508454	0.0345517213	0.0222018401	0.057692161	-0.008501399	0.0080597247	0.0652584746	0.0348568548	-0.0824754986	0.1701301164	-0.0010822607	-0.1584278448	-0.1144838316	0.072557225	-0.0136646012	-0.0484232091	0.0	-0.009732651768175	0.0001756481575228	3.0852275241154656e-08	9.472451044055996e-05	0.0845594764703037	0.1340907120839176	0.0071503050609318	0.017980319067172	-0.2908381031988511	-0.0595522374830395	0.0035464689892363	0.0845868022723055	0.0020199533375907	2.9985234273899927e-05	8.991142744606629e-10	4.080211486043808e-06	0.0005709091017775	-6.613701634379998e-05	3.259372024923919e-07	4.374104930860065e-09	-0.0015760775655902	-0.0001134450848831	1.2869787284133791e-08	2.4840204927567317e-06
762.9273795648115	-0.8355244115334699	0.6981010422683511	582058.18648963	1128.3269747719169	-0.6219122186303139	1273121.7619979458	0.3867748076816793	782.9479005228466	-0.591446274731311	0.3498086958935453	613007.4149331333	823.5064231918202	734.1677148665025	1.054119	23.027693	0.2437133905299639	0.1395992800731687	-0.0650696625	-0.0795814467	-0.1052270724	-0.1028682091	-0.0564985456	0.0304146617	-0.1527440726	0.0980940113	0.0905934913	0.0023898168	-0.1406532795	0.1231252173	-0.0028724429	-0.0692759968	-0.001719397	0.068126421	0.155000929	-0.1201433709	-0.0206689015	-0.0227962636	0.0865905838	-0.0839781567	0.019822213	0.1756393872	-0.1086562832	0.0918739942	0.0405677968	-0.1429392475	-0.1232352369	0.0945954442	0.0554925369	-0.0416387253	-0.0603217442	0.0526324362	-0.009565954	-0.0361809639	-0.0114727118	0.0582107687	0.0465610873	-0.0318364912	-0.1507168835	-0.08094184	0.0326593021	-0.0724998615	0.0715980749	-0.1173369503	0.0250003169	0.1131503041	-0.0596868026	-0.0280325245	0.0454297624	0.0496983589	0.1105283386	0.0336075771	0.0720002318	-0.0548541799	0.0604988847	-0.1495520628	-0.1394629497	-0.0135757254	-0.0960385262	-0.0864529889	0.020772962	-0.1393865087	0.1429325156	0.036988295	0.1411810583	-0.0250665613	-0.0855531947	-0.0278992885	-0.1417836608	0.015460047	-0.0458996891	-0.0131882376	0.041954421	0.0784789953	-0.0032086916	-0.1128361796	-0.0288853167	0.0489222508	-0.1431162601	-0.1773324175	0.209430164	-0.0557942344	0.0113136159	0.1158759219	-0.0294767778	0.0994333403	0.0462389891	-0.0253483737	0.0964129151	-0.0815037746	-0.160564957	-0.0856014218	0.0769348402	0.0982594906	-0.0250528566	0.2102365612	-0.0274383706	-0.2773705136	0.1852524183	-0.0621373154	0.0870346548	0.0513705749	0.0012767258	0.1649412078	0.02135682	-0.0209944483	-0.2273311	0.047528357	0.0326415718	0.0434165149	-0.0485458152	0.0957585127	0.0939880489	-0.0829892587	0.0509370531	-0.1160496357	0.078126003	-0.0238214243	-0.0354778738	0.0	-0.0015807094366095	0.0081519423315655	6.645416377716956e-05	2.498642322986324e-06	-0.0310678113780085	-0.1156272878483122	0.0009652089038195	0.0133696696951564	-0.3138721681484071	-0.023034064949556	0.0005305681481003	0.0985157379381819	0.0032370781782957	0.001217124840705	1.4813928778611714e-06	1.0478675132398207e-05	7.608323445329468e-05	-0.0004948258673242	5.788658564875006e-09	2.448526389731521e-07	-0.0018021287655716	-0.0002260511999814	5.1099145013030923e-08	3.2476680877006197e-06
763.2099799042788	0.282600339467308	0.0798629518670377	582489.4734254897	1126.6652495488524	-1.6617252230644226	1269374.5845409778	2.761330716968505	783.0652818979707	0.1173813751241823	0.013778387226044	613191.2357139484	822.8619056698149	731.2440349458833	1.099236	24.0133	0.1486547728996237	0.1033169819610325	0.1306887641	0.0143210721	-0.0808503417	0.0783563804	0.1303546404	-0.0437003041	-0.0824302119	-0.0402949396	-0.0115901146	-0.0555636452	-0.1336322384	0.2709190134	0.0138680949	0.1174372775	0.0673125227	0.0797637936	-0.0213018507	0.0608051528	-0.0775033475	-0.0166878772	0.0594079891	0.0100668542	0.0968829925	0.0218175997	-0.0589289303	-0.0040792994	0.1697973333	0.0206964198	0.040656399	0.0301772762	-0.0518673366	-0.108235172	-0.0821619797	0.0239907692	0.0246067111	0.1193893486	0.090933416	-0.0076613252	0.0699628807	0.1244325728	0.170677158	-0.1442644481	-0.0965084538	-0.0359324279	-0.1132476912	-0.0472951584	0.1191753645	0.0812090728	-0.1940172608	-0.0036191602	-0.029665523	-0.0291807975	-0.1036955537	0.0559512932	0.0706694674	0.1217141546	-0.0636608475	-0.0004988458	-0.0775455646	-0.027299054	-0.1211070092	0.0900968623	0.013752303	-0.0291743309	0.0034798049	-0.017545959	-0.09723286	-0.0541778154	-0.1385279528	-0.0558481064	0.1081031501	-0.0265369264	-0.0119449079	0.0305679924	0.1405162085	-0.104460076	0.1635658906	-0.0235509706	-0.0982217572	0.0701498935	0.0576883164	0.0444509166	0.1729584002	-0.1696300046	-0.0854913576	0.0101984273	-0.0612854598	0.0046307225	0.2094679179	-0.0127135967	0.0728570382	0.1104068184	0.1237108706	0.1335070755	-0.0145494712	0.1273542533	-0.0173847142	0.0633727022	-0.1183261719	-0.2080366723	-0.0648826125	-0.0199923133	0.1201211714	0.1163600424	0.0593671248	-0.1624170532	-0.0509931559	0.0548287044	-0.1169001527	-0.0452555289	0.0980231538	0.050438268	-0.1138994594	-0.0201716863	0.1783214834	-0.0187894767	0.135075403	-0.117534563	0.0834770299	-0.033828903	-0.0221372814	0.0	-0.0010510508629408	0.0005296585736687	2.805382046607618e-07	1.1047079164886005e-06	0.0665097852994307	0.0975775966774392	0.0044235515405763	0.0095213873733449	-0.3112419370360015	0.0026302311124056	6.918115704666522e-06	0.0968715433699223	0.0030477379256018	-0.0001893402526938	3.5849731290189805e-08	9.288706463151564e-06	0.0003540032899782	0.0002779200555249	1.2531832931538958e-07	7.723955726296646e-08	-0.0013110433430682	0.0004910854225034	2.4116489219534304e-07	1.7188346474034418e-06
762.9434277012806	-0.2665522029982412	0.0710500769232156	582082.6738725791	1125.6229890435934	-1.042260505259037	1267027.1134634337	1.086306960822823	783.2025277852846	0.1372458873138384	0.0188364335845628	613406.1995292595	822.8232707178544	725.1906275220837	1.295163	28.293402	0.1286703007915014	0.0672144615174982	-0.1517749822	0.0353038331	0.0667587468	-0.0135956919	-0.1176925638	-0.0511187483	0.1247032674	-0.0359651048	0.0029170009	0.0009151545	-0.0266717043	-0.1239732462	-0.1149303684	-0.1412479607	-0.0841512493	-0.0434193983	-0.002002817	-0.072987213	-0.2075222327	-0.0343566615	0.0608740249	0.0105651142	-0.1116113463	-0.1407688871	-0.1444013824	0.0131610406	0.0083009383	-0.1444945899	-0.1663037058	0.1389894299	-0.0688393925	0.0163702889	0.0472481243	0.1100875199	-0.0242686104	0.062773735	-0.1779217459	-0.1028697131	-0.0353275269	-0.0669402961	0.015824691	-0.1783490371	0.1715884141	-0.0566118604	0.0271127357	-0.0472490451	0.0529665504	0.1594695935	-0.092422866	-0.118684534	-0.0368647142	0.0835239886	-0.0976438148	0.0655288116	-0.0476717786	-0.1404789063	-0.0029289695	0.0321979415	0.0719583204	-0.1374255037	0.0833580747	-0.0663508117	0.0279936422	-0.1913128822	0.0075819643	-0.0962771388	0.1019151816	-0.1336913623	-0.0474416449	0.0028288924	0.0154241118	-0.095464735	0.1265317586	0.0072757573	-0.0946123985	-0.0474891979	0.0151912688	-0.1309478697	0.1144343149	-0.0935934986	-0.1169750385	-0.0696557895	-0.0637905873	-0.0907873164	-0.0219352006	0.0263477524	-0.0427817161	0.2459158087	0.0229477911	0.0495050444	-0.0137175031	0.1910503576	-0.0918572638	-0.1498318279	-0.018648913	0.0273326044	0.112650086	-0.0173013387	0.0381083665	-0.0513993803	0.181068364	-0.0088410097	0.2295015624	0.0016938111	-0.0194640628	0.0950061159	0.1673052621	-0.0425825127	0.0657959726	0.0600773821	-0.0084244887	-0.2319443167	-0.0214395984	0.0084194028	0.0850883817	-0.0847822843	0.1462962148	-0.1189375786	0.0885953913	-0.0436242971	-0.0085500587	0.0	-0.0041568887038039	-0.0031058378408631	9.646228693737162e-06	1.7279723695812466e-05	0.0228516710173636	-0.0436581142820671	0.0005221988682858	0.001906030942666	-0.2865427034730103	0.0246992335629911	0.0006100521385991	0.0821067209136215	0.0023869735334621	-0.0006607643921396	4.3660958191974713e-07	5.697642649448544e-06	0.0006216790997706	0.0002676758097923	3.864849030915836e-07	7.165033914801708e-08	-0.0015267454432477	-0.0002157021001795	4.652739602184706e-08	2.330951648477616e-06
764.6280289815056	1.6846012802250243	2.837881473335791	584656.0227041421	1125.8323467895389	0.2093577459454536	1267498.4730776404	0.0438306657873611	784.2114148836382	1.0088870983536251	1.0178531772243975	614987.5432337978	824.0154724472193	730.903819938691	1.286814	28.111008	0.0641449978075222	0.037605493736835	0.1070474377	-0.1101501739	-0.0281572448	-0.0668991979	0.1002826461	0.1371425727	0.04785326	-0.0233229368	0.1720381546	-0.1812401632	-0.0501691337	0.1436650428	-0.0013599164	0.1618369752	0.0184172576	-0.0586301488	0.0492943035	0.0398309402	-0.0426954102	-0.0861917962	0.0570834424	-0.0695607305	0.0345925057	0.049725204	-0.0961237795	-0.025600925	-0.0943605807	-0.0185278474	0.0191315028	-0.0505504618	0.0668348931	-0.1166534226	-0.1478874305	0.0493945116	0.025291688	0.0251753013	-0.132010273	-0.0545009221	0.0724560267	-0.0344747488	0.1992382094	0.1439972255	-0.0328408401	-0.0528879471	0.136784368	-0.1074399813	-0.1726218116	0.0586828582	-0.0939959075	-0.1119052327	0.0721842135	-0.004336677	-0.0222202153	-0.0365878898	-0.1450574655	0.1584271773	0.0565586769	-0.0725839832	-0.0366297324	-0.1271173555	-0.0088341058	0.1463005923	0.0957943959	0.0057719592	0.0155693763	0.0320364164	0.0712586057	-0.020232909	-0.0324706031	-0.0607299905	-0.1993645386	0.0535161943	-0.0127034248	0.1272996792	-0.0151403336	-0.0232618464	0.1478397613	-0.0017051476	-0.0931066444	0.1004310565	-0.0411423038	0.0755325352	-0.1107384145	-0.1675370427	0.1343615946	-0.0337269378	0.1009846656	-0.0145047359	0.0546130583	-0.1348038237	0.0597678623	-0.0877012268	0.0111232269	0.1130036952	0.1008620496	0.0545347362	-0.0392833715	0.105572871	0.0246387072	-0.0881794195	0.0322357849	-0.1540361228	-0.0440526695	-0.0693565558	0.1110809505	-0.0663197389	-0.073933457	0.0387726103	0.0262578707	0.1223261166	-0.0369079786	-0.0007141546	0.0555998288	0.1366474015	0.1072591523	0.0496631548	0.013664364	-0.1202577046	0.0934668214	-0.053146196	0.0051324198	0.0	-0.0096050709188375	-0.0054481822150336	2.968268944820842e-05	9.225738735589784e-05	0.0161934252600559	-0.0066582457573076	0.000262227021653	4.433223656470598e-05	-0.2908294817506913	-0.0042867782776809	1.8376468001997512e-05	0.0845817874553756	0.0029591892121883	0.0005722156787261	3.274307829800856e-07	8.756800793531611e-06	0.0002397429458951	-0.0003819361538754	5.747668010646085e-08	1.4587522563720957e-07	-0.0015258614446994	8.839985482999527e-07	7.81453433396424e-13	2.3282531484201403e-06
764.2880708034797	-0.3399581780258813	0.1155715628066768	584136.2551725048	1124.227554358542	-1.6047924309968948	1263887.5939789885	2.5753587465849237	784.296126924804	0.0847120411657442	0.0071761299184667	615120.4147092482	823.3433221781029	730.1358525632344	1.19369	26.076685	0.0758339608937983	0.0533171288797841	-0.0170620787	0.1542971519	-0.0526807686	0.0496980451	-7.45362e-05	-0.1896821058	0.0024028376	-0.0408562029	-0.0353313623	-0.0975805714	0.067850116	-0.0165563952	-0.1288742943	-0.0698944896	0.1166508566	0.0381405432	-0.0620723169	0.0913704793	-0.0524734927	0.018452256	-0.0095896485	-0.0434605697	-0.061933828	-0.0286250564	-0.0593442731	0.0619333729	-0.0811759254	-0.0013740206	0.1324890812	-0.0127855911	-0.0135831029	0.0672712422	-0.0496531348	0.1045788247	-0.0002709089	-0.0675211302	-0.0907550556	0.007394462	0.0280615771	0.0857033498	0.0544232953	0.0934819	0.006182202	-0.1229169946	0.0842759106	0.0476784885	0.0885642068	-0.0298695686	0.0260565968	-0.027118315	0.1542118811	0.0608157929	-0.0333341833	0.1749955819	0.2670624206	-0.0732236318	-0.170881119	0.0728830497	-0.03714819	0.033961109	0.0813833589	0.0494959059	-0.0018688392	-0.1547563822	-0.1583136444	-0.0094209663	0.0065896639	-0.010954657	0.0334013865	0.0687707019	-0.0668425585	-0.0594828382	0.0126212411	0.0350773021	-0.0634003885	0.138728138	-0.0385980243	-0.091197981	-0.0062891041	0.0522216629	0.0223935413	0.066646448	-0.0382098248	-0.0884286728	0.023218215	0.0639086457	0.0066348334	-0.0620819199	0.0995478582	0.1581406745	-0.0577493847	-0.0326872494	-0.0647515519	-0.0450336171	-0.1447160615	0.0513670711	-0.0240932988	-0.0809891005	-0.0210649452	-0.084587528	-0.1766540791	-0.068937212	0.0259603606	-0.0222818739	-0.0841686099	0.043117853	-0.0069392605	-0.1853365243	0.1156299612	0.0244023471	-0.0307151011	-0.1412192637	-0.0513660095	0.0522149176	0.060633334	0.087224907	0.1618918906	-0.1214940211	0.0980777428	-0.0623349036	0.0187577183	0.0	-0.0096313600637927	-2.628914495520114e-05	6.911191424755775e-10	9.276309667842092e-05	0.0577814709743904	0.0415880457143345	0.0033386983879643	0.0017295655463375	-0.2890360424719276	0.0017934392787636	3.216424446612412e-06	0.0835418338478339	0.0023302014037411	-0.0006289878084471	3.9562566317521146e-07	5.4298385819969935e-06	0.0002592229385618	1.9479992666699983e-05	6.719653187661472e-08	3.7947011429468525e-10	-0.0015258055106984	5.59340009999125e-08	3.1286124678582124e-15	2.3280824564776056e-06
763.9781701359823	-0.3099006674974589	0.0960384237153706	583662.6444443238	1127.022716909647	2.7951625511050224	1270180.2044304025	7.812933687099937	783.8479407608384	-0.4481861639656017	0.2008708375702012	614417.5942350067	823.8337676622765	729.568388092208	1.123863	24.551277	0.1253766349314561	0.0859643266510637	-0.0810409179	-0.1234283174	0.0737407288	-0.0291172472	-0.0871046505	0.1333591729	0.0319423009	0.0752651285	-0.0050847858	0.0069073164	0.1056218564	0.0653522419	0.0717028686	-0.0154464199	-0.1114300052	-0.0292815321	0.01939297	0.0740406626	0.0140055862	0.0016507032	0.035066568	0.1297917104	-0.0318847164	-0.0976436984	0.0274453427	-0.081496878	-0.1555489233	-0.0511018397	0.0384477454	0.029393276	-0.0523279216	0.1245248768	-0.0859883139	0.0207957061	0.0763890656	0.0168793253	0.0412618531	0.0189817132	0.0894391448	-0.1100994496	0.0151552522	0.06498449	0.0555225472	0.2105335581	0.007336151	0.0359128019	0.1225567767	-0.0037073623	0.1583135696	-0.0412743935	-0.1382821097	-0.0953938748	-0.0947683584	0.0387751857	0.0732741217	-0.0338846677	0.129855054	0.0274049502	0.0821447561	0.0196612606	0.0645402694	0.1009234909	-0.0938010145	0.1037292408	-0.0038076167	-0.0409842509	-0.1270734362	0.0240536806	0.1072912816	0.2654628537	-0.0050678617	0.0184139493	0.0636805425	0.0787053136	0.0665914772	0.0982583268	0.0539595783	-0.0313628667	0.0983219299	0.0025618332	-0.0236920829	0.0274494345	0.0593512201	0.1194443537	-0.0803210115	0.1777179442	0.0468594395	-0.0551910796	-0.0676972913	-0.0301823066	-0.0511980159	-0.1008620518	-0.0088003685	-0.0480808578	0.1295120415	0.0027063488	0.1115642191	0.0103331852	0.0388016024	0.0428021212	-0.1060885134	0.0057906558	-0.0218211841	0.0346146557	-0.1173909252	0.0057050954	0.048800955	-0.1947785412	-0.0088307674	0.0989082373	-0.020801146	0.0390674984	0.1065834044	0.1717349407	-0.0363901855	0.1109080278	-0.0505132907	-0.1226456664	0.1024153039	-0.0711328131	0.032174038	0.0	-0.0095458637367897	8.549632700300021e-05	7.309621931003943e-09	9.112351448135662e-05	-0.0247885707604496	-0.08257004173484	0.0006144732403458	0.0068178117920932	-0.2738909629278794	0.0151450795440482	0.0002293734343955	0.075016259573561	0.0027478052919556	0.0004176038882145	1.743930074518687e-07	7.550433922499201e-06	0.0003929046464143	0.0001336817078525	1.543740611739461e-07	1.7870799014361163e-08	-0.0015260402611427	-2.347504442997989e-07	5.5107771098953e-14	2.32879887862848e-06
763.5644624181206	-0.4137077178617119	0.1711540758183458	583030.6882678735	1124.1664059758186	-2.856310933828354	1263750.108324589	8.158512150707402	783.1027837576023	-0.7451570032360451	0.5552589594717232	613249.9699289061	822.9121074860841	735.3845119398042	1.134495	24.783545	0.1111201466284726	0.0866051642173559	0.13905176	-0.0246054257	-0.0669471842	-0.0733456285	0.1012978841	-0.0515423171	-0.0665483066	0.1001477851	0.0578013279	0.1013801517	0.1918688067	-0.0196272475	0.1000011668	0.1235150025	0.0404070568	-0.0501132161	0.0857342519	0.0038973214	0.0254059605	-0.0327052567	-0.1488965859	-0.057193727	0.0998846304	-0.0593974346	0.0048961332	-0.05380051	-0.1765476824	0.008144609	-0.0480060159	0.0020887893	0.0699134361	0.0244736808	-0.156448474	-0.0028584551	-0.0464053651	0.1530858604	0.0613829227	-0.1399436839	-0.0645682231	-0.0422753559	-0.0707317556	-0.0509647408	-0.0520264592	-0.0195932908	0.084127449	0.0516917829	0.1051738993	0.0179679136	0.07853417	0.0843092905	0.0030654465	0.0646149529	-0.0460094854	-0.0337304613	-0.0737088149	0.1260092076	-0.0389435356	-0.0760793091	-0.0366571381	0.0778811334	0.1691052055	0.0178431653	0.0327755574	0.1422907891	-0.052753633	0.011566536	0.056914002	-0.1604503363	0.0271943025	-0.0516506423	0.0324162125	0.0064606445	-0.1709177141	0.1481631593	-0.0430741446	-0.007493487	0.0033318438	-0.0262590455	0.1233612597	-0.0116339343	0.000212431	8.42772e-05	0.0860279487	0.0306674808	-0.065806108	-0.0805558841	0.0609657374	-0.019143633	-0.0602745448	0.1391487762	0.0340908501	0.0191642912	-0.0084143369	0.1286212757	-0.0184982133	0.0092219641	-0.1028231355	0.0504303196	0.1191104539	0.0753964637	-0.0569640036	0.0188666132	-0.0332833119	-0.0263815202	0.0165161634	-0.1381060794	0.1740567938	-0.056255083	0.0500115704	-0.0040921736	-0.029855501	-0.0224514855	0.0056496558	0.0853213172	0.0738330376	0.0449096932	-0.0277908987	-0.1237118379	0.1064674152	-0.0794847672	0.0452319084	0.0	-0.0095411336135953	4.730123194400526e-06	2.237406543420584e-11	9.10332306324781e-05	0.0608281930493603	0.0856167638098099	0.0037000690696502	0.0073302302452647	-0.2643007854663111	0.0095901774615683	9.197150374437292e-05	0.069854905198109	0.0027227604154497	-2.5044876505900086e-05	6.27245839195786e-10	7.413424279939823e-06	0.0003006506970073	-9.2253949407e-05	9.03908416109753e-08	8.510791181189315e-09	-0.0017269109399078	-0.0002008706787651	4.0349029587552006e-08	2.982221394373241e-06
763.9322329787267	0.3677705606061181	0.1352551852485384	583592.4565838636	1124.995571538806	0.8291655629873276	1265615.0359819247	0.6875155308440919	783.6228123310976	0.520028573495324	0.2704297172515816	614064.7120056987	823.4818496317891	732.8322105303346	1.17397	25.64588	0.0645347372612393	0.0361027637252025	-0.0734824503	0.1008987178	-0.1101508701	0.0651509774	-0.0991946693	-0.1074428329	-0.1085304627	-0.0789592927	-0.0830806364	-0.039966472	0.0546230759	-0.0064562776	0.0328986988	-0.1104926487	0.0437023728	0.1032618268	0.0611731115	0.1575435091	-0.0522834617	-0.0846046601	0.1170417321	0.0117769279	-0.0858080075	0.0127962065	0.050457039	0.0337936905	0.0236112137	-0.0768956482	-0.164060983	-0.0348540513	0.0272145204	0.1001198954	-0.0897928566	0.0615864071	-0.0819241356	-0.0562034272	0.124815006	-0.0432810872	0.0427961756	0.0907142975	-0.0720479184	0.1115933517	-0.0779509067	0.0303026763	-0.0036403909	0.0254084397	-0.2583397946	0.1383732492	0.013398382	0.019310388	-0.1193215842	-0.1025076325	0.013131705	-0.1105856772	-0.0047407673	-0.1129960981	-0.0766948043	0.0254813204	-0.1222723602	0.10705854	0.0168334783	0.0456105846	0.0163757117	-0.1460754696	0.038725967	-0.052995416	-0.0409494755	0.0798695241	0.0214111978	-0.071671362	0.0766672549	0.080914985	0.0651442069	0.053466664	-0.0625331339	0.0581788763	0.0034794265	-0.0283850606	-0.093657291	-0.0861976913	-0.0660799497	-0.0788544949	-0.112375516	-0.0275346719	-0.1090151109	-0.0884452777	0.0564499606	0.032236407	-0.1036476123	-0.3200913413	0.1150353844	-0.1369111006	0.0597496195	-0.0978513505	-0.090344465	0.0071357316	-0.1329305391	-0.0672018201	0.0366505799	-0.0287270835	-0.0392689378	-0.0988318256	0.1047322056	0.0174353337	-0.1313951288	0.1462623616	-0.0123358183	-0.1218255952	0.1129282309	-0.0292816354	-0.0094703349	-0.0004731239	-0.0751581243	-0.1270228946	0.0724367359	0.0963455962	-0.0764398175	-0.1246917927	0.1102227826	-0.087338405	0.0577858524	0.0	-0.0094563704027308	8.476321086449932e-05	7.184801916059577e-09	8.942294119364308e-05	0.0374879624715021	-0.0233402305778582	0.0014053473302647	0.0005447663634275	-0.2916910889233577	-0.0273903034570466	0.0007502287234691	0.0850836913572941	0.0026331407670769	-8.961964837280031e-05	8.03168137446437e-09	6.9334302992423246e-06	0.0001531776215293	-0.0001474730754779	2.3463383737373477e-08	2.174830799093988e-08	-0.0017642070163664	-3.729607645860012e-05	1.3909973192057454e-09	3.112426396596436e-06
763.7375009908076	-0.1947319879191127	0.0379205471189294	583294.9704196838	1131.506879210472	6.511307671666145	1280307.817700622	42.3971275950984	783.4635136868885	-0.159298644209116	0.0253760580468625	613815.0772786053	824.4694981300715	739.1697237194808	1.078513	23.560585	0.114378211419328	0.0650738654211338	-0.0529558219	-0.0859637813	0.0293520626	0.1565536656	-0.0244354969	0.1590002097	-0.1014071316	-0.0687166189	-0.106533153	-0.1031097081	-0.1032664326	-0.1528178518	0.085787089	-0.015682705	-0.0743317189	0.1596780753	-0.1276371694	0.1298162698	0.1031778815	0.0003016277	-0.0590542081	-0.0392709458	-0.0570728657	0.110260475	-0.0203140249	-0.0256113246	0.0253925472	0.0341604783	-0.1125596758	0.1268941275	-0.0430680429	0.0172820536	0.126883618	-0.0039513727	0.0160369033	-0.0482244515	0.0579413478	0.0186686804	0.0687591425	-0.00912947	0.0255582627	0.0850196448	0.0206355073	0.0201161392	0.0349314024	0.0419218386	-0.0292474761	-0.0617767226	-0.0486834647	-0.058864015	0.0961426857	0.0838286466	0.0080006364	0.085371466	-0.0230483002	-0.019596486	0.1058932942	0.1505638594	-0.0551591037	0.1396199131	-0.0744049495	-0.0236416958	0.0453679726	-0.0541416682	-0.0164678414	0.0652239123	0.0230480796	0.0834157404	-0.1598925297	0.0563053	-0.0749228646	0.0402918432	0.0759053018	-0.0448948162	-0.0839813329	-0.111355424	-0.0286761415	0.0546643187	0.0122150446	-0.0377353685	0.0411260396	-0.1248617112	-0.0400842335	-0.003711219	-0.0537646366	0.0299255798	-0.0303341477	-0.0593388914	0.0277785288	0.0414240979	0.1587347247	0.064473469	-0.0171395437	-0.0283847367	0.1300712598	0.0081824424	0.0117329391	-0.1213561658	-0.0551394817	-0.102258407	0.0062305344	-0.1537566067	0.0136925012	0.0272694722	-0.0344988585	0.0866164126	0.1159236248	0.0794260047	-0.1379786355	0.1117143649	-0.0486566812	0.0964921363	0.0393982428	0.1437131444	-0.0543634049	-0.1416957892	-0.1324195317	-0.1255848477	0.1136709395	-0.0946444892	0.0696960071	0.0	-0.0096427188850185	-0.0001863484822876	3.4725756850928774e-08	9.29820274954924e-05	-0.0163167249210687	-0.0538046873925708	0.0002662355121498	0.0028949443854122	-0.3185281252198422	-0.0268370362964844	0.0007202265171788	0.1014601665560674	0.0029391991160009	0.000306058348924	9.367171294608497e-08	8.638891443500471e-06	0.0002547947356674	0.0001016171141381	6.492035732382026e-08	1.0326037885755644e-08	-0.0015008796944688	0.0002633273218976	6.934127845776224e-08	2.2526398572687588e-06
763.26169615585	-0.4758048349575574	0.2263902409689884	582568.4168187052	1124.9053632766008	-6.601515933871269	1265412.0763284613	43.58001262515626	783.3740277666882	-0.0894859202003317	0.0080077299141001	613674.8673794039	823.2524664466742	733.5994206909932	1.060699	23.171429	0.1244593083246716	0.0964103063608359	0.1114740798	-0.0022667219	0.1533282581	0.0012884239	0.1236241868	0.0154669795	0.1101647497	0.1094677466	-0.1565321134	0.0319073226	-0.0803040203	-0.0700437803	0.0993692717	0.1085315256	0.0453501561	-0.0901527799	-0.1747801404	-0.0312224868	-0.0001818788	0.1334907485	0.0955314692	-0.0138975966	0.0941165533	0.0962028784	0.0132074195	-0.0615933233	0.1569023111	0.0118815737	-0.1303755544	0.0661708506	0.0429353076	-0.0272753737	-0.0814625468	-0.0628269427	0.1080055707	0.143783072	-0.0270666123	0.0730309793	-0.0975306027	0.1614739217	-0.2201635983	0.0382776766	0.0071757864	-0.04540104	-0.0326737194	-0.0150175717	-0.0453242204	-0.072803953	0.0873718811	-0.0946756572	-0.0586020123	0.1030398783	-0.0344620626	-0.0145006816	0.0294601883	0.1301972007	-0.0367978803	0.0125092032	0.2104513325	0.0613507351	-0.0904726815	-0.0331050108	0.0805771888	0.0351471414	0.0787688525	0.0493687635	0.0384597685	0.0885363617	-0.0414934377	-0.066125682	-0.0909196169	-0.0037880487	-0.1119550431	0.0265851968	0.1028681278	-0.0372487957	0.2364470655	-0.149196423	-0.0831566909	0.0410178937	-0.0631002804	-0.0401313672	-0.1066171109	0.1539445256	-0.1072048771	-0.0476493309	0.0337690502	-0.0485360714	0.0463812507	-0.0501939981	-0.1199988545	0.0385285422	-0.1404365146	0.1227561808	-0.0063091322	-0.0298756645	0.1364189986	-0.0185413521	0.0292105	-0.0604700515	-0.0821971388	-0.1300487262	-0.0006769858	0.0236136371	0.1808154559	-0.1468354456	-0.0873745873	0.1616782737	0.0624103453	-0.0480472921	0.0939224421	-0.1092569611	0.0390884094	0.0300278371	0.0569822791	-0.0583297782	-0.1483040628	-0.1263903806	0.116802275	-0.1013572156	0.0808296822	0.0	-0.0115512119071183	-0.0019084930220998	3.642345615403628e-06	0.0001334304965231	0.0775491408261359	0.0938658657472046	0.0060138692428718	0.0088108007524722	-0.3199245593562594	-0.0013964341364172	1.950028297351287e-06	0.1023517236792967	0.0029278088786787	-1.1390237322199664e-05	1.2973750625603016e-10	8.572064830069827e-06	0.0003091011687066	5.430643303919999e-05	9.5543532495786e-08	2.949188669441112e-09	-0.0019809533324864	-0.0004800736380176	2.304706979194537e-07	3.924176105488974e-06
763.4000119362317	0.1383157803817312	0.0191312551026072	582779.5782242388	1123.546313174069	-1.35905010253191	1262356.317847043	1.8470171811919949	783.058459203948	-0.3155685627401681	0.0995835177898954	613180.5505308611	823.750083842587	734.2011542966036	1.158444	25.306719	0.0893256970801475	0.0418054129716996	-0.0872118142	0.043806774	0.0077033393	-0.1681767484	-0.1235190258	-0.0190828838	0.046668112	0.1040071982	0.1267855896	0.0065193725	-0.0220859035	-0.2185190238	0.0391037965	-0.1378856127	-0.0534854779	-0.1463854155	0.0546443904	-0.0065049015	0.0467483855	0.0625268391	0.0689192957	-0.1879459612	0.0979577358	0.0550019169	-0.1305678209	-0.095398222	-0.138969281	0.0923820906	0.017433872	-0.0199403142	-0.2327668757	-0.0051994622	0.0691337302	-0.1050568736	-0.0061925159	-0.1316595412	0.0566462391	-0.1008105634	-0.0289398399	0.0958482749	-0.0487341414	-0.1160838498	0.0355138706	0.1698580658	0.0408786877	0.1115555379	0.0715471405	0.0253629143	-0.0075530275	0.0283317533	0.0577763742	0.10116651	-0.072393885	-0.0783608354	-0.2158663329	-0.1149939323	0.0250522854	-0.1538234688	0.0603381211	-0.0274566028	0.0502945911	-0.0431144443	0.1404009943	-0.1149284737	0.0589079051	0.1121253782	0.0191184038	-0.1396883719	-0.0828800667	0.0915626282	0.0777886997	0.0159151112	-0.0993128824	0.0466801049	-0.0428141638	0.0892898238	-0.1068720203	0.1802078356	-0.0208997083	0.0132049506	0.1616458631	0.1388184736	-0.1530231157	0.0871074086	0.013015584	-0.1545838179	-0.1189894861	0.0852113435	-0.1712284788	-0.0101273875	0.0725738405	0.0352250613	-0.0363937382	-0.0941400174	-0.0759865008	0.0204270787	0.0407196602	0.0984591166	0.0762803012	0.0627672005	0.0437216161	-0.0784806248	0.0870927497	0.0514205512	-0.0557388242	0.1030579431	-0.1308708613	0.0731523391	-0.0329111726	-0.0577458488	-0.1287467075	-0.1786246826	0.0103274236	-0.0503239714	-0.1294626938	-0.0523879115	-0.094047542	-0.12710783	0.1196080616	-0.1074345	0.0910628379	0.0	-0.0094826299956594	0.0020685819114588	4.2790311244149545e-06	8.992027163457939e-05	0.051666230088216	-0.0258829107379199	0.0026693993315284	0.0006699250682671	-0.3466560992186771	-0.0267315398624177	0.000714575223416	0.1201704511255093	0.0025380116168054	-0.0003897972618733	1.5194190536392222e-07	6.44150296703916e-06	6.987291226279169e-06	-0.0003021138774803	4.8822238680837846e-11	9.127279496619433e-08	-0.001980011180473	9.421520134000016e-07	8.876504163536766e-13	3.920444274798083e-06
763.5737695309787	0.1737575947469167	0.0301917017322337	583044.9015157481	1126.0686313807964	2.5223182067275047	1268030.56257982	6.362089135989056	783.7937408596548	0.7352816557067854	0.5406391132189117	614332.6282107717	823.8646737812743	732.8064253529185	1.033623	22.579939	0.069333540537655	0.0555044736347121	-0.0531903048	-0.148647829	-0.1257255487	-0.0325299885	-0.0009460804	0.0523145316	-0.1107999616	0.0012122727	0.1328766412	-0.0844414174	-0.0747242148	-0.0332681652	-0.0534569914	-0.0151852793	-0.1342878472	0.0141534034	0.0743596755	-0.0826644172	-0.0650569563	-0.1379992296	0.076955394	-0.0615181887	0.0275874429	-0.053937255	0.1455161699	-0.01038861	-0.0517114452	0.1784334702	0.00535357	0.0371395768	0.0380879166	-0.0806842852	0.0558770633	-0.1546228609	0.0549241037	0.0525811183	0.0176239312	-0.0905297238	-0.014150296	0.0289755508	-0.0216007296	0.0798015496	-0.0787700193	-0.1289529928	0.0777566666	-0.0831169046	0.1841876884	0.0688537071	-0.0152032054	0.0493537477	-0.0082224139	0.0959182879	0.053350534	0.0625795897	-0.0442136317	-0.014955036	0.1090308982	-0.0769368668	-0.1132416567	-0.0732246671	-0.0515338157	0.0656949765	-0.0550279622	0.0471690273	-0.0080734039	0.015275514	0.1259742268	-0.0386859944	-0.0099882156	0.0415386367	0.0663198608	0.1291369143	-0.0138646817	-0.1121798866	-0.00357688	0.0109647092	0.1086154038	-0.1430559677	0.0139691961	-0.0668275267	0.1649526702	-0.0324256748	-0.0737705305	-0.0502526656	0.0667386422	-0.0541632347	0.0606079011	-0.0863869894	-0.0142365979	0.2295426402	-0.0788242207	-0.0246083336	-0.1486376779	-0.0544254223	0.1398487124	0.0141368324	-0.0653324797	0.1431653007	-0.0648362485	-0.0868811023	-0.0129315638	-0.0412950409	-0.0944490789	0.0224629886	0.0867339449	0.1042039146	-0.09687321	0.0296150669	-0.1441732478	0.1836925379	0.1113175907	-0.0641558456	0.0222471378	-0.0375179339	-0.0959657816	0.0258415628	-0.1290376044	-0.1277366958	0.1220804792	-0.1128382417	0.1002814672	0.0	-0.0094326117695686	5.001822609079949e-05	2.501822941270335e-09	8.897416479540408e-05	-0.0032483832963521	-0.0549146133845681	1.0551994040019336e-05	0.0030156147631765	-0.3521168063887572	-0.00546070717008	2.981932279736389e-05	0.1239862453414175	0.0026121120200952	7.410040328980011e-05	5.4908697677110205e-09	6.823129205525827e-06	0.0001109134866572	0.0001039261954309	1.2301801522456884e-08	1.0800654096745952e-08	-0.0019801486168906	-1.374364175998552e-07	1.8888768882681792e-14	3.920988544973756e-06
763.1930071742497	-0.3807623567289511	0.144979972301785	582463.5661996744	1126.972028464079	0.9033970832824708	1270065.9529404407	0.8161262900832753	782.9471967845093	-0.8465440751455162	0.7166368711639775	613006.3129527211	823.405603218342	739.5728425627368	1.059628	23.148041	0.1214961653800657	0.0696071909288097	0.1373345697	-0.042380199	-0.1004115493	0.053228615	0.1487580299	-0.0042060857	-0.1162464064	-0.0229656344	-0.0557221536	-0.0264320361	-0.0543289134	-0.0752130879	-0.0188192193	0.1625839276	0.0724992167	0.0022025702	0.0662132941	0.0942594342	0.0160504186	-0.0314407681	-0.0771737234	0.2600724981	-0.0052018312	-0.0152805696	0.0456382582	-0.0457458499	-0.1043571458	-0.1211901942	0.0074683272	-0.1618359746	0.0291043917	-0.0893671808	-0.1121650729	-0.0056484226	0.0221868732	-0.07834581	-0.021326771	-0.175088643	-0.0843251205	0.001996261	-0.0073087898	-0.0373182576	0.022064737	0.0159923821	-0.0585126316	0.0920745112	-0.0664941985	-0.0636594224	-0.126301027	0.0780685217	0.0346404711	0.0494566067	0.0979496389	-0.1267352858	0.0490972406	0.1376176483	-0.0295307751	-0.0201652144	-0.0822591711	0.0405711765	-0.0106837359	0.0635472137	0.0106283174	0.0937651486	-0.0021165328	-0.1991169959	-0.0926571082	0.0474821414	0.1139120637	-0.0848289371	-0.0451036887	-0.0012747832	-0.0081379797	0.0289661474	0.0705260908	0.0087951941	-0.1151686057	0.2079152226	-0.1211707766	0.0098118366	-0.0195615137	-0.0239198861	-0.0004763956	-0.1472881212	-0.0869185964	-0.0501604904	0.2126573201	0.0575081325	-0.0572182177	-0.0400368123	0.0001252186	0.1158927465	-0.1089957057	0.1090275148	0.0140668884	0.0088913094	-0.1127205771	0.0127927901	-0.0494730501	0.0480593158	-0.0159857991	-0.0294080103	0.0438957883	0.0547458678	0.0629571282	-0.1967146095	-0.1703721252	0.1115341029	-0.047441398	-0.0813113216	0.0947426283	-0.0906741323	0.0350493571	0.0128028651	-0.0935953488	-0.0123883696	0.0144445321	-0.1282765399	0.1242126365	-0.117534563	0.1083828658	0.0	-0.0132782910378779	-0.0038456792683092	1.478924903470395e-05	0.0001763130128865	0.058373450807565	0.0616218341039171	0.0034074597591832	0.0037972504383306	-0.3328853778392329	0.0192314285495243	0.0003698478440554	0.1108126747791688	0.0028541285306439	0.0002420165105486	5.8571991378168994e-08	8.146049669435507e-06	-0.0003818252395528	-0.00049273872621	1.457905135595531e-07	2.427914523070533e-07	-0.001978959384483	1.1892324076000736e-06	1.4142737192862676e-12	3.916280245433334e-06
762.5883271504729	-0.6046800237768366	0.3656379311547557	581540.9567061566	1125.022965759039	-1.949062705039978	1265676.6734852635	3.798845428177757	782.5391970887041	-0.4079996958051879	0.1664637517771258	612367.5949802337	822.0064517432405	725.579981786934	1.04339	22.793308	0.0640267560583234	0.030843720083561	0.0318802662	0.1599794109	0.028431816	0.0744252807	0.0226892577	-0.102467064	0.0306067988	-0.0419925944	-0.1430635147	0.0068776282	0.0967845613	-0.0384684852	0.1113609632	0.0008896771	0.1642606849	0.0579848998	0.0357916427	-0.0441314297	0.0520463848	0.127958299	-0.1412870948	0.0901201481	0.0021747242	-0.0906377263	0.08443246	0.0645927529	0.0166216175	-0.0704829804	0.0009267436	-0.1087454007	0.1029608331	0.0902287326	-0.0530228644	0.0095134283	-0.0875205544	-0.0507513284	-0.0233312718	0.1464786671	0.0399208581	-0.1596589256	-0.0284551791	0.0100117972	-0.0864409788	-0.0635382309	0.0701808328	0.053165777	0.1551177331	-0.0621697664	-0.0349782915	0.0891407016	-0.0217324117	0.0703214409	0.0690272326	-0.0558914928	-0.0328354296	0.0070688973	-0.1554020052	0.0915772369	0.0196789157	0.0983892942	0.0740996566	-0.0821475448	-0.0744067244	0.1131049392	0.0172358355	-0.0576168198	-0.0831267666	0.0147824552	0.1670203648	-0.0744932405	-0.0713518879	-0.0366378733	0.0016084061	0.0230431972	0.0312678603	0.0638731651	-0.0181056034	-0.0498184675	-0.0499239414	-0.0305025824	-0.0926697014	-0.0476433285	0.1769229435	-0.0351938426	0.1128195753	0.0169184631	-0.0364709328	-0.1112310087	-0.1197720304	0.0280265393	-0.0352301061	0.0400626633	-0.0713014615	0.0402016461	-0.1078647001	-0.0424982297	-0.0040175941	-0.1223953328	-0.0223730927	0.0769678893	-0.0744265687	-0.1031808301	-0.0613331146	-0.0110036332	0.0734458283	0.0363198418	-0.0631609994	0.015959273	-0.0505035629	-0.1657169884	0.0096426836	0.0755172356	0.1729705061	0.0632402764	-0.0414711852	-0.1289363046	0.145443422	-0.128726986	0.1259985909	-0.1214940211	0.1152767764	0.0	-0.0093517282238906	0.0039265628139872	1.5417895532187856e-05	8.745482077351204e-05	0.0416105385425993	-0.0167629122649657	0.0017314369178051	0.0002809952276029	-0.3213274103308521	0.0115579675083807	0.0001335866129247	0.1032513046299318	0.0027690488268396	-8.507970380430005e-05	7.238555999427429e-09	7.667631405421765e-06	4.008323031179373e-05	0.0004219084698645	1.6066653522282992e-09	1.780067569434828e-07	-0.0021075574802339	-0.0001285980957509	1.6537470230757644e-08	4.441798532489865e-06
761.7424395853669	-0.8458875651059543	0.7155257728008801	580251.5442654664	1126.0490990802646	1.0261333212256432	1267986.5735394754	1.052949592929569	782.8890847473358	0.349887658631701	0.1224213736627737	612915.3190165211	823.289846266682	724.3985125571693	1.093671	23.89172	0.0752689943057704	0.038158016866763	-0.1367289858	0.0043090706	0.0616127409	-0.0775244916	-0.166043818	0.0554982418	0.0486927519	0.0815267655	-0.0162751291	0.1133120933	0.0984038785	0.1805724702	0.0799899564	-0.0951330774	-0.0678791748	-0.0641454518	0.021118874	-0.0734653091	0.0522752202	0.0765289822	-0.0019609871	-0.1417615427	-0.1014586756	-0.0297903689	0.0435648099	0.1051750062	0.1461083409	0.0809702008	0.0598055724	0.0018691483	-0.0354369099	-0.0798976375	0.1032226614	-0.0633949781	-0.0959901499	0.0743736551	-0.0391638398	-0.0369675187	-0.0058723625	0.0316662175	-0.0127891199	0.1170020467	-0.1585971175	-0.0782891923	0.0314198575	0.0021299175	-0.1876988654	0.0578787971	0.012892528	0.2327144914	-0.034348111	-0.0714348608	-0.0129747785	0.1223526356	0.0830591049	-0.1268136983	0.083915781	-0.04053599	0.0847117067	0.0491746055	0.0273539077	-0.0777051109	-0.1071313007	0.0198486282	0.0130733647	0.1633910263	0.038002229	-0.0033338356	0.0262722908	-0.0069665936	0.1754017355	-0.1019898408	0.050951382	-0.0593958122	0.0624105744	0.0228633532	0.0126672601	-0.0174295237	0.1391940881	-0.0078982527	0.0588088079	-0.0317198123	-0.1134178174	-0.1189208101	0.0355910157	0.0226311895	0.0295073102	-0.0198704242	0.0652855048	-0.0987364753	-0.0896027906	-0.2141429611	0.0709827264	-0.1191887427	-0.0074679968	-0.0981705835	0.0608138867	0.0364402335	0.0791366585	-9.05843e-05	-0.0717917091	0.1586004962	-0.0184279154	0.0866628731	-0.0456776951	0.1233881902	0.0054220738	-0.0110202584	-0.0688810268	0.0244456213	0.0198759537	-0.1050925173	-0.1354621128	-0.22659168	-0.1517654076	0.1228460107	-0.0319549947	-0.1290877201	0.1274333647	-0.1246917927	0.1208863942	0.0	-0.0258639368499871	-0.0165122086260964	0.0002726530337117	0.0006689432293801	0.0161064346357449	-0.0255041039068544	0.0002594172366755	0.0006504593160916	-0.3272179663949472	-0.0058905560640951	3.4698650744247664e-05	0.1070715975316448	0.0026189513325344	-0.0001500974943051	2.2529257796699466e-08	6.858906082183711e-06	-4.267130730739588e-05	-8.27545376191896e-05	1.8208404673222171e-09	6.848313496565867e-09	-0.002421947962484	-0.0003143904822501	9.884137532945045e-08	5.865831932980398e-06
762.4066308410507	0.6641912556838179	0.4411500241268467	581263.8707504022	1125.0928633511066	-0.9562357291579248	1265833.9511635918	0.9143867697181878	782.3990603912802	-0.4900243560556419	0.2401238695277464	612148.2897011581	823.3242370633557	733.218995163444	1.095773	23.937637	0.095119343568634	0.0440627006901253	0.034988004	-0.1283697405	-0.0677977839	0.0106569605	0.0391032796	0.0834003717	-0.0390344642	-0.0558554499	0.1466101946	0.1196575831	0.1681542891	-0.0683783682	0.0073744276	0.0889678937	-0.1195383587	0.0687497604	0.0964652506	-0.034920801	0.0608751654	0.0064478635	-0.10790774	0.0563350378	0.0827021582	-0.0179636269	-0.0019507081	-0.1151389129	0.0792790397	-0.0955542491	0.1345771638	0.0310542057	0.0369220081	-0.0213545316	0.0848667194	-0.0351268746	0.0324304917	-0.0065151971	0.1220042734	0.0270450657	-0.0402992253	0.085367336	0.1157976646	-0.0542616496	0.0063610021	0.0512921855	-0.0749351239	-0.011417323	0.0518908509	0.0643091384	0.0771510536	-0.0649479455	0.1056601544	-0.0436304786	0.063851203	0.1181079403	-0.0721030224	0.0747694641	0.1344397058	0.0194696842	-0.1103413816	-0.0817379524	0.0916813306	-0.0724065839	0.0060703412	0.1473184527	0.0393906775	0.0117527679	0.0487943652	0.0270545832	-0.0148775134	0.0008008696	-0.0431687468	0.0098518394	0.1078411354	0.0042526885	0.0579787338	-0.0490082153	-0.125173006	0.0622471184	-0.0444843093	-0.0311403452	0.1291905268	0.1110020076	0.0409908378	0.118659508	-0.1545993092	-0.0829918867	-0.1023736367	-0.1145488941	-0.0037436971	-0.1119017701	-0.050039277	-0.0022687199	0.0466472255	0.0420226267	0.1386264607	-0.1327218052	-0.1761689892	-0.0205812192	0.0788305748	0.1084625283	0.0440038985	0.162769323	-0.0370193249	-0.0945709843	0.0270064498	0.0131904038	0.0608460438	0.1561182156	-0.0117048134	-0.0794106045	-0.063916983	0.0753639922	0.0711833425	0.0160870818	-0.0422407201	0.1091188278	-0.0439970722	-0.129358491	0.1285129588	-0.12710783	0.125149223	0.0	-0.0423153090102061	-0.016451372160219	0.000270647645954	0.0017905853766292	0.0075367087232507	-0.0085697259124942	5.68019783791232e-05	7.344020221527456e-05	-0.2937743625207716	0.0334436038741756	0.0011184746400927	0.0863033760744857	0.0027960031581389	0.0001770518256044	3.1347348949886214e-08	7.817633660322703e-06	-0.0003836878342799	-0.0003410165269725	1.472163541744e-07	1.1629227166838865e-07	-0.0026369724423419	-0.0002150244798579	4.623552693816054e-08	6.953623661670605e-06
763.598186072144	1.191555231093275	1.4198038687457488	583082.1897726686	1124.5130116343498	-0.5798517167568207	1264529.513334955	0.3362280134258322	782.4141824377075	0.0151220464273365	0.0002286762881505	612171.9528796662	821.7776672672248	729.7627849135288	1.055788	23.064161	0.1196329080770922	0.0765900488823687	0.0858321731	0.0946280281	0.082670419	0.0923421285	0.0911775291	-0.0771609768	0.0939683697	-0.1399984603	-0.0178697005	-0.0098297067	0.074765739	0.0894612731	-0.0360341189	0.0596345032	0.0229055748	0.0513751027	-0.1353669968	-0.0440652595	0.0339974123	0.0391260162	-0.1854760785	-0.0842274432	0.0735625511	-0.0447641538	0.0291631675	0.0120243547	0.0655033084	0.0069814683	0.0315835465	0.0350885216	0.0219355583	0.0282399777	0.1833613375	0.0817009758	0.1219570274	0.084605142	0.1513445621	0.0352842197	0.0276506093	-0.0596724759	0.053654236	-0.0563419622	0.0765666927	-0.0039808012	-0.0772003412	0.0242611096	-0.196078417	0.0056091187	0.1198477021	-0.0608039582	-0.1054004028	-0.1016443506	-0.0314768396	-0.0033829745	-0.0031571954	0.0674015944	-0.1181732001	0.1150730026	0.0567937178	-0.0871571372	-0.0071502279	0.0369062204	0.0255130638	0.1599378829	-0.039447292	0.1261298846	0.0215957075	-0.0576144219	-0.0086780223	0.0716519363	0.0876900381	0.0404124262	0.0255895278	-0.1178278013	0.0366938357	-0.054440593	0.0466039134	0.1101083351	0.060638029	-0.0100887231	-0.0653520066	-0.1119399363	0.0147873515	0.0440826112	-0.0105228463	0.0862583109	-0.1062088122	-0.0475214753	0.1352153833	-0.0754605666	0.0967891799	0.0376470463	0.2209729838	0.0721628037	-0.0708762275	-0.1920531493	-0.0451147418	-0.1436894225	0.0233523186	0.0280950039	-0.0149880376	0.0959935686	-0.0801341925	-0.0505467945	0.0471337682	-0.0443786889	0.0263953772	0.1722444867	0.0769164948	-0.159018222	0.0122540274	0.2045335739	-0.0053985905	-0.0445115498	0.0563613034	-0.01972589	0.1290886241	-0.1295391098	0.1292343642	-0.128726986	0.1280177706	0.0	-0.0416041072898991	0.000711201720307	5.058078869676407e-07	0.0017309017433894	0.072877169130308	0.0653404604070573	0.0053110817804475	0.0042693757662062	-0.3318071525745196	-0.0380327900537479	0.0014464931192724	0.1100959864996105	0.0027869438450976	-9.059313041299977e-06	8.207115278026784e-11	7.767055995727395e-06	-0.0003845951408434	-9.07306563499978e-07	1.4791342236035466e-07	8.232052001701398e-13	-0.0029379749406567	-0.0003010024983147	9.060250399175112e-08	8.63169675192674e-06
764.8954779343762	1.297291862232214	1.6829661758139258	585065.0921644579	1125.295707002282	0.7826953679320923	1266290.4281977655	0.6126120389823533	783.6026739284428	1.1884914907352595	1.4125120235501194	614033.1505878054	823.4714285810587	729.9215706748284	1.026291	22.419767	0.0793434044630806	0.0525741388032698	-0.070818666	0.0771707875	0.1101506839	-0.0486737739	-0.0857632656	-0.0129198146	0.1827403584	-0.0307070816	0.0235375373	-0.0668716103	-0.0101602583	0.0160344411	-0.1417101191	-0.1282741975	0.0180191044	-0.0625705284	-0.0125275706	-0.0257669581	-0.0838840508	0.0449791018	-0.0404193083	-0.1590173169	0.0531368391	0.0930421601	0.0214572459	-0.0329495859	0.0221448834	0.0571811818	0.0333737238	-0.00844953	-0.0108924855	0.0332077217	0.0377924599	0.0606173265	-0.0502580129	-0.0879026064	-0.00828256	0.0496743749	0.0699515771	-0.1452998653	0.0170264763	-0.0299702747	0.152058508	0.0178072287	-0.0834530958	-0.1275125162	0.0050365021	-0.1016624029	-0.0712458357	-0.0562145511	0.0748564721	-0.1774394301	0.0771917974	-0.1302440707	0.1112783056	-0.107135943	-0.0411739517	0.0029898555	0.1093926984	-0.0820372299	0.0951252529	0.052483429	-0.012291599	-0.104018877	-0.0562492539	0.1234955297	0.0945927227	0.0253529106	-0.1064175716	-0.0565507128	0.0078848332	0.0132260578	-0.0384215651	-0.1070626244	-0.0390550652	-0.1001456415	-0.0933910204	0.0631674785	-0.0133768094	0.0238884742	-0.0661556139	0.0089086449	0.0707149479	0.146903501	0.1860933014	0.0492069989	0.0677797747	0.0534177759	0.0589085393	0.1458854631	0.0499252911	-0.0093119405	0.0391944028	-0.0758333367	-0.0877152512	-0.1990658969	0.0275698315	-0.011989241	0.0937524785	-0.0223043982	0.0711897627	0.0483363365	-0.0612356454	0.0627548853	0.0703256049	0.0027554326	0.0585252514	-0.1023930037	0.0725649697	-0.0564210515	-0.001902037	0.0036289802	-0.1581789557	-0.1193228817	-0.0670909062	0.0852444162	0.0783636824	-0.1296294506	0.1295955703	-0.1295391098	0.1294600787	0.0	-0.0399680518251415	0.0016360554647575	2.6766774837631994e-06	0.0015974451666971	0.0232979820690246	-0.0495791870612834	0.0005427959684885	0.0024580957896577	-0.3264599150975087	0.0053472374770108	2.859294863554968e-05	0.1065760761654726	0.0028308785286437	4.393468354610018e-05	1.930256418295966e-09	8.013873243935922e-06	-8.882256754172424e-05	0.0002957725733016	7.889448504704164e-09	8.748141511749515e-08	-0.0030538861730095	-0.0001159112323527	1.3435413785544786e-08	9.32622075769861e-06
