global_signal	global_signal_derivative1	global_signal_power2	global_signal_derivative1_power2	csf	csf_derivative1	csf_power2	csf_derivative1_power2	white_matter	white_matter_derivative1	white_matter_derivative1_power2	white_matter_power2	csf_wm	tcompcor	std_dvars	dvars	framewise_displacement	rmsd	t_comp_cor_00	t_comp_cor_01	t_comp_cor_02	t_comp_cor_03	t_comp_cor_04	c_comp_cor_00	c_comp_cor_01	c_comp_cor_02	c_comp_cor_03	c_comp_cor_04	c_comp_cor_05	c_comp_cor_06	c_comp_cor_07	w_comp_cor_00	w_comp_cor_01	w_comp_cor_02	w_comp_cor_03	w_comp_cor_04	w_comp_cor_05	w_comp_cor_06	w_comp_cor_07	w_comp_cor_08	w_comp_cor_09	w_comp_cor_10	w_comp_cor_11	w_comp_cor_12	w_comp_cor_13	w_comp_cor_14	w_comp_cor_15	w_comp_cor_16	w_comp_cor_17	w_comp_cor_18	w_comp_cor_19	w_comp_cor_20	w_comp_cor_21	w_comp_cor_22	w_comp_cor_23	w_comp_cor_24	w_comp_cor_25	w_comp_cor_26	w_comp_cor_27	w_comp_cor_28	w_comp_cor_29	w_comp_cor_30	w_comp_cor_31	w_comp_cor_32	w_comp_cor_33	w_comp_cor_34	w_comp_cor_35	w_comp_cor_36	w_comp_cor_37	w_comp_cor_38	w_comp_cor_39	w_comp_cor_40	a_comp_cor_00	a_comp_cor_01	a_comp_cor_02	a_comp_cor_03	a_comp_cor_04	a_comp_cor_05	a_comp_cor_06	a_comp_cor_07	a_comp_cor_08	a_comp_cor_09	a_comp_cor_10	a_comp_cor_11	a_comp_cor_12	a_comp_cor_13	a_comp_cor_14	a_comp_cor_15	a_comp_cor_16	a_comp_cor_17	a_comp_cor_18	a_comp_cor_19	a_comp_cor_20	a_comp_cor_21	a_comp_cor_22	a_comp_cor_23	a_comp_cor_24	a_comp_cor_25	a_comp_cor_26	a_comp_cor_27	a_comp_cor_28	a_comp_cor_29	a_comp_cor_30	a_comp_cor_31	a_comp_cor_32	a_comp_cor_33	a_comp_cor_34	a_comp_cor_35	a_comp_cor_36	edge_comp_00	edge_comp_01	edge_comp_02	edge_comp_03	edge_comp_04	edge_comp_05	edge_comp_06	edge_comp_07	edge_comp_08	edge_comp_09	edge_comp_10	edge_comp_11	edge_comp_12	edge_comp_13	edge_comp_14	edge_comp_15	edge_comp_16	edge_comp_17	edge_comp_18	edge_comp_19	edge_comp_20	edge_comp_21	edge_comp_22	edge_comp_23	cosine00	cosine01	cosine02	cosine03	trans_x	trans_x_derivative1	trans_x_derivative1_power2	trans_x_power2	trans_y	trans_y_derivative1	trans_y_power2	trans_y_derivative1_power2	trans_z	trans_z_derivative1	trans_z_power2	trans_z_derivative1_power2	rot_x	rot_x_derivative1	rot_x_power2	rot_x_derivative1_power2	rot_y	rot_y_derivative1	rot_y_power2	rot_y_derivative1_power2	rot_z	rot_z_derivative1	rot_z_power2	rot_z_derivative1_power2	motion_outlier00	motion_outlier01	motion_outlier02	motion_outlier03
837.6311911421017	n/a	701626.012374136	n/a	1159.3560878782343	n/a	1344106.5385003244	n/a	797.6099377769016	n/a	n/a	636181.6128404728	834.1201491247874	683.7831232661001	n/a	n/a	n/a	n/a	0.0156435738	-0.0633073813	0.0765357064	-0.1511940377	0.070036483	0.0544972552	-0.0704651325	0.084923941	-0.1580268498	0.1578410355	-0.0243785921	0.0776970909	-0.0702236832	-0.0088417751	0.0091460571	-0.073993525	-0.0534262552	0.0533335132	-0.0110403714	0.0883333466	-0.0935759092	0.068414027	-0.0430610916	0.0251794338	-0.0489883105	0.1411238211	-0.0055955343	0.1799810587	-0.0437970629	0.0523394125	-0.1334437309	0.0203732348	-0.0825531068	0.0193120575	-0.0140952442	-0.0489271169	0.0140143546	0.0673296755	-0.0889285522	-0.0012868163	0.0668969388	0.1252487244	-0.0558825664	-0.1205744187	0.142142795	0.0155230701	0.100707525	-0.0933227743	0.1448911485	0.036187809	0.0822310099	-0.0487023417	-0.021217576	-0.0136881933	0.027651149	-0.0157045103	0.066938496	-0.1595552321	0.0693275564	-0.1617576356	0.0630754366	-0.0385458534	0.0593984724	-0.0243145138	0.0576942446	-0.0255200591	0.0470158834	-0.1707950335	0.0181085509	-0.0656519126	0.017602054	-0.0556114381	0.1158561172	-0.034186301	0.0836916466	-0.1189883524	0.0925635179	-0.180058294	0.0751889017	0.0030781536	0.0402494085	-0.0188890829	-0.068315512	0.1777937949	0.1122806536	-0.1403635154	-0.1536051923	0.1131486285	-0.0375331919	-0.0134764821	-0.002147864	-0.0253736362	-0.0712873505	0.0936099688	-0.0813859339	0.04710385	-0.0288878217	0.1612318887	-0.00696989	0.0382528273	-0.0129667646	0.0726709424	-0.1200688548	0.0401466577	-0.0834200831	0.0084832025	-0.0717766622	-0.0767721514	-0.0549471627	0.0405643171	-0.0546765284	0.0773195225	-0.1234347661	0.0513512695	-0.0923864267	0.1290883846	0.1290552057	0.1289999139	0.1289225186	-0.0206606628237295	n/a	n/a	0.0004268629883158	-0.1672848310200123	n/a	0.027984214689394	n/a	-0.0739664145229213	n/a	0.0054710304773766	n/a	0.0010349083854306	n/a	1.0710353662345711e-06	n/a	-0.00027286692836	n/a	7.445636059262138e-08	n/a	-0.0007083591768462	n/a	5.017727234222261e-07	n/a	0.0	0.0	0.0	0.0
836.6262218307883	-1.0049693113134026	699943.4350548594	1.0099633166817348	1154.579998159767	-4.776089718467347	1333054.9721506075	22.811032998849495	798.1157935018996	0.505855724998014	0.2558900145132664	636988.8198371668	833.3605025701924	686.2934833276869	1.050906	25.113497	0.0846601437591076	0.0479899248210624	0.0191988391	-0.012321646	-0.0792971438	0.0053015917	-0.0149647056	0.0422907057	-0.0765498318	0.076987219	0.1668439259	-0.0269996065	-0.0301009994	0.0511546933	0.0787743535	-0.001677173	-0.0458182782	0.0115190552	0.0228486851	0.0350717495	0.0683829349	-0.0144258839	0.1080108312	-0.0653473827	0.0038417385	0.0435247943	0.0783032575	0.1043353117	0.0639385797	-0.0367752445	-0.1108582813	-0.1161622867	-0.0375603334	0.1088619597	-0.1446653922	0.0199715258	-0.083344066	-0.0263382371	-0.1102168387	-0.0310721252	0.1653429169	0.0068627008	0.1054769096	0.0028082122	0.2113017117	-0.0772016443	-0.0536791426	0.0403140779	-0.0931272644	-0.1781988556	0.0022120351	-0.0082139994	0.207729118	-0.0787676934	0.0417625985	-0.006187272	-0.0032429296	-0.0029749455	-0.0592065675	0.0640776443	-0.0499857652	0.1156791623	0.1148913984	-0.02518992	-0.0248830613	-0.0166065228	0.0644416771	0.0139073053	-0.0617224672	-0.1289533172	0.0403821565	0.0825283902	-0.0618796466	-0.1432513648	-0.1004438505	-0.0013150027	-0.0148839824	-0.0284185091	0.192033986	-0.0117465423	0.0784425441	-0.0154960105	-0.1520205992	-0.0640949007	0.1333694172	-0.012397471	0.1525194871	-0.1409034584	-0.1378237395	0.1141135393	-0.1661146217	-0.1359257949	-0.0848410491	-0.0009363662	0.0401639654	0.0023204895	0.0556983853	0.0471159004	0.0201589896	-0.0499730106	0.1854271609	0.0613031892	0.0022081707	0.0628674436	-0.1497466667	-0.0532649914	0.0448602473	-0.0317701138	-0.0388049356	0.0946449024	-0.0848560046	-0.0236308184	0.0610203729	-0.1637559598	0.0575696004	-0.0649708813	-0.0292327038	0.1289999139	0.1287014744	0.1282045865	0.1275100165	-0.0267615480694871	-0.0061008852457575	3.722080078190276e-05	0.0007161804550754	-0.1248555491317517	0.0424292818882605	0.0155889081489912	0.0018002439615534	-0.0652774280793551	0.0086889864435661	0.0042611426166553	7.549848541647709e-05	0.0008080150905165	-0.000226893294914	6.528883865023878e-07	5.1480567276976724e-08	4.121717384486523e-05	0.0003140841022048	1.6988554197578422e-09	9.864882325783625e-08	-0.0007005167703347	7.84240651150001e-06	4.907237455201588e-07	6.150333989161775e-11	0.0	0.0	0.0	0.0
834.7162525702809	-1.9099692605074097	696751.2223049729	3.647982576083221	1147.2491184320666	-7.330879727700449	1316180.5397431538	53.74179758200941	796.8409238657289	-1.274869636170706	1.6252925892300287	634955.4579471883	832.7343878514558	678.7840466383027	0.950936	22.724524	0.1638512218741488	0.1169446969428943	-0.007630206	0.0183713548	-0.0646205916	-0.0904487535	0.1069258387	-0.0073535559	0.0062994573	0.1292912832	-0.17343058	0.0752949244	-0.0193002428	0.0379848458	-0.0498513635	0.0437033552	0.0243243459	0.0090167076	0.0343840099	0.0046868957	-0.17043937	0.0585597837	0.0107735577	0.0394539613	-0.1001524799	0.0735912894	-0.0316124228	-0.1257538275	0.0040567743	0.0628967391	-0.0750905425	0.034843796	0.0655673552	0.0883970974	-0.0783020101	0.0895990063	0.0540198914	0.0378655948	0.1692505734	-0.0693582976	0.0760236634	0.0536132613	0.0553820948	0.0307667711	-0.0222758899	0.0292926003	0.055789957	0.0460111235	-0.0084836397	0.1159663392	-0.1273586738	0.0764123806	-0.0369362769	-0.103426551	-0.001541149	0.0601188746	-0.0224469824	0.0606716413	0.0278373917	-0.0604497107	0.076245975	-0.106097609	-0.0991822527	-0.1580306149	0.0399090597	0.0089047896	-0.0004238366	-0.0644124802	0.0182338707	-0.1708966288	-0.1203571361	-0.0107726973	0.0150066157	-0.149524276	0.0243578245	0.0493287402	0.0211242952	0.0051922596	-0.1089427166	-0.0100420464	-0.0052581551	-0.0171857732	0.1044066046	0.0628129008	0.0171295008	0.0102056132	0.0292034168	-0.0474557967	-0.0155575784	-0.006659301	0.0635142523	0.0126322843	-0.0597035859	0.0454153563	-0.0088664158	0.026342618	-0.0634853734	0.0057172264	-0.0465219185	0.1661966744	0.0308315355	-0.0200965589	-0.0791857525	-0.0067435281	-0.1944152063	-0.0169652324	0.0447566712	0.043335688	0.0658926808	0.0296976404	-0.1138989769	0.0488175502	0.0416704854	0.0498436366	0.0147551467	-0.0748427991	-0.0648511617	0.1288230331	0.1279949812	0.1266188352	0.124700488	-0.0332801331021102	-0.006518585032623	4.249195082753789e-05	0.0011075672592941	-0.2386899046859127	-0.1138343555541609	0.05697287059897	0.0129582605044311	-0.0620844491505536	0.0031929789288015	0.0038544788263276	1.019511443977042e-05	0.0013254509193237	0.0005174358288072	1.7568201395360416e-06	2.67739836933394e-07	-0.0001200489426016	-0.0001612661164464	1.4411748619762253e-08	2.600676031372489e-08	-0.0008279208722523	-0.0001274041019176	6.854529707110093e-07	1.6231805185430216e-08	0.0	0.0	0.0	0.0
834.4432976913926	-0.2729548788882994	696295.617062086	0.0745043659089261	1146.0924567889451	-1.1566616431214245	1313527.91950852	1.337866156668353	796.7000368757036	-0.1408869900252511	0.0198491439583752	634730.9487577475	831.7664283024069	676.093142983237	0.978333	23.37923	0.1948920414458426	0.1127020963767612	-0.0188115096	0.077726107	-0.0418782642	-0.0071828064	-0.0729787942	-0.0506491866	0.0453871406	0.0019161745	0.1549167318	-0.0197358864	-0.1629593836	0.0476950527	0.0539782101	0.0606623962	0.0434900199	-0.0332305459	0.009725996	-0.172633159	-0.060427501	-0.0321006469	0.0092307491	-0.0659815604	-0.0047391403	-0.0466413665	0.0229962957	-0.0226207611	-0.0154091257	0.0029138381	0.0158468484	0.1080276254	0.0392597491	0.0100050708	0.0202439089	0.1352971567	0.0893440547	0.0324785518	-0.1320005265	0.0620434749	-0.0577522321	0.0829294282	-0.0435798472	-0.0339129734	-0.0288629669	0.09932071	-0.0347895079	-0.0930316386	0.2262155947	0.1448558645	-0.0873824989	-0.1166075343	-0.0374964589	0.0083487295	-0.2588922361	0.0151311787	-0.0694787654	-0.0084468689	0.0553190361	0.1200817645	-0.1674437511	0.0064978271	-0.0813628405	-0.0397811444	0.0202612879	0.0948547898	-0.0076337779	-0.0093178739	-0.0498707212	0.0728087734	0.0230948774	0.0028924416	-0.0675255322	0.0074184239	-0.0221084079	-0.0346177004	0.0182241276	-0.1497508578	0.0418862828	0.1109936951	-0.117719564	-0.0942439982	0.16875711	0.0848444366	0.0116317459	0.0309600893	-0.043996633	-0.0278269969	0.1829203588	0.0555383086	0.1201759202	0.1062572312	0.1021086469	0.0453642474	0.0309232834	0.0812968021	0.0761683566	0.0617359231	0.0138268705	-0.0634693649	0.140555415	-0.1018985426	-0.0036831371	-0.0060538964	0.0404945362	-0.0220999729	0.1468699142	-0.033496169	0.0359198602	0.0348492459	0.0438753536	-0.1233501468	-0.01072992	-0.0123933287	0.0610344368	-0.0744562561	-0.0571139063	0.1285578634	0.1269376627	0.1242524367	0.1205247148	-0.0154974908967489	0.0177826422053613	0.0003162223638038	0.0002401722240948	-0.1360243977936761	0.1026655068922366	0.0185026367951322	0.0105402063054398	-0.1008978960735333	-0.0388134469229797	0.0101803854320655	0.0015064836620429	0.0009958251574199	-0.0003296257619038	9.916677441503683e-07	1.0865314291066072e-07	-0.0004518867957234	-0.0003318378531218	2.0420167614916185e-07	1.1011636076448533e-07	-0.0007767755787726	5.1145293479700014e-05	6.033802997775077e-07	2.615841045124645e-09	0.0	0.0	0.0	0.0
834.3124335644646	-0.1308641269279178	696077.2368002592	0.0171254197166061	1143.1531769028284	-2.939279886116765	1306799.1858630292	8.639366248930582	797.7361276152532	1.036090739549536	1.0734840205803045	636382.9293025795	833.0745347834713	672.5270573294056	0.975642	23.314905	0.0904773062727121	0.0470995190869636	-0.012787695	0.0415699225	-0.0978905608	-0.0188574229	0.0424638573	-0.0294535286	0.0772893235	0.063720001	-0.1438186817	-0.0714803581	-0.0720647914	0.0830199619	-0.1092501883	0.0259004348	0.0578287325	0.0652066894	0.0195661879	-0.1348654823	-0.0372930359	0.0554877749	-0.0699434563	0.0658695729	0.063372477	-0.0294191	-0.0770079095	0.1118183959	-0.0709688476	0.0041892072	0.0005102197	0.0387868548	0.0600732759	-0.0220918827	0.1340028564	-0.0370596424	-0.0099389224	0.0225462386	-0.0315112612	0.0185919256	-0.0173867015	-0.1544153683	-0.1621667078	-0.044854582	0.0082438422	-0.0380148526	-0.1049474985	-0.2494344229	-0.0451285101	-0.0296437775	-0.0094774301	0.0261998911	0.0146284844	-0.1510519601	0.0878027936	0.0792223039	-0.0202874885	0.0922485846	0.0121882003	0.0080005439	0.0148369286	-0.1665407863	-0.1579888119	-0.0009081545	-0.0231715557	0.0430128731	0.0347975977	0.0996113351	-0.0717738752	-0.0719725061	0.0145828492	-0.0716322037	0.1522024565	0.2095252281	-0.008010931	-0.1100801167	-0.0997812265	-0.0481066787	-0.0094224733	0.0147692594	0.0642982116	0.0413493796	-0.0601434666	0.0284247855	0.0928093741	-0.1486708988	0.0849120902	0.0561937509	0.1123518065	0.0484957926	0.0965829828	-0.1004674748	0.0866085827	0.0461477424	0.0601483718	0.0040136531	0.0503472409	0.0641087345	-0.0579281585	0.182390955	-0.0610895156	-0.0504806603	-0.0851172066	-0.1532256118	0.0388222076	0.039508826	0.0433979128	-0.0055456131	0.0364584968	0.0862840663	0.1243902507	-0.014377572	-0.0337569916	0.0167210984	0.0154094693	0.0875958958	-0.0181594361	0.1282045865	0.1255324169	0.1211199807	0.1150284477	-0.015426949687253	7.054120949590015e-05	4.9760622371444744e-09	0.000237990776653	-0.1704189709131611	-0.034394573119485	0.0290426256471008	0.0011829866600716	-0.0748510008530871	0.0260468952204462	0.0056026723287088	0.0006784407506249	0.0013962511578298	0.0004004260004099	1.949517295741057e-06	1.6034098180426938e-07	-0.0006470398627667	-0.0001951530670432	4.1866058400914993e-07	3.808471957640672e-08	-0.0007730487117601	3.7268670125e-06	5.976043107539501e-07	1.3889537728860675e-11	0.0	0.0	0.0	0.0
833.9532016386612	-0.3592319258034422	695477.9425233735	0.1290475765164498	1139.4427337646484	-3.710443138179926	1298329.7435290555	13.767388281666497	797.0467960620288	-0.689331553224406	0.475177990270772	635283.5951127453	831.9794370101879	665.4718776746953	0.928663	22.192268	0.085113471494808	0.0424840641168007	-0.0198356626	0.060765969	0.0586095766	-0.0448183739	-0.0706181416	-0.043050142	0.0516718055	-0.087680578	0.1202721549	0.0215047095	-0.0280096948	0.096655145	-0.0005178138	0.0719201019	0.028088033	-0.0185202201	-0.0159323189	-0.0518912178	-0.0208471619	-0.0031622899	-0.0434765088	0.1007320149	-0.0709576892	-0.146660198	0.0522618637	0.0021280035	0.0568113498	0.0896246734	-0.0500095769	-0.0009236552	-0.0384118807	-0.0119621626	-0.0333490404	-0.0480401578	-0.0432841616	0.0417463163	0.061557026	0.0966478187	0.238100479	0.1212475103	0.0376080756	0.0198292603	-0.1494085688	0.0570436863	0.0866140549	-0.0724320278	0.0081623809	-0.0284584023	-0.0659213122	-0.1169621841	-0.1503780597	0.0471332174	-0.0146628672	0.1593810034	-0.0470572936	-0.0135490673	0.0739203141	0.0473296439	-0.0758770965	0.033767386	-0.0105089919	0.0835880102	0.005258407	0.1161734146	-0.139118316	0.0138738009	0.0245223049	0.1162906671	0.0852431608	3.417e-05	-0.1162124719	0.0303437151	0.0169938719	0.0229422672	0.0471155348	-0.1433458011	0.0093123212	-0.0796953395	-0.0691248619	0.0531190587	0.1802714708	0.0525362214	0.0804371657	-0.0012326398	-0.1040091054	0.0038439416	-0.0167275253	-0.0514821518	0.1010200966	-0.2452003157	-0.1256327636	0.0414062374	0.0076138937	0.0890059656	0.0429510004	0.0355444229	0.0121746473	0.0047508475	0.0509378417	0.0120417808	0.0435058858	-0.032727391	0.1645017803	0.0211964581	0.0955732782	-0.0377605236	0.0118323451	-0.0133831253	-0.0268857124	0.0352708572	-0.0081829626	0.1411854446	-0.0150581059	0.0031139165	0.044153285	0.1277634447	0.1237830955	0.1172407796	0.1082719048	-0.0153593655934116	6.758409384140067e-05	4.567609740363252e-09	0.000235910111432	-0.1474599419981075	0.0229590289150536	0.0217444344940852	0.0005271170087222	-0.1056013348467601	-0.0307503339936729	0.0111516419214175	0.0009455830407224	0.0010631557324358	-0.000333095425394	1.1303001114111024e-06	1.1095256241840984e-07	-0.0006470676085981	-2.7745831399994883e-08	4.1869649009686397e-07	7.698311600769422e-16	-0.0010666560303795	-0.0002936073186193	1.1377550871449527e-06	8.620525754687384e-08	0.0	0.0	0.0	0.0
834.5022174767248	0.5490158380636103	696393.9509735709	0.3014183904446884	1147.9904391066473	8.547705341998835	1317882.0482802729	73.06326661363542	797.5877961967763	0.5410001347474918	0.2926811457968042	636146.2926420303	833.2675629341101	675.4381633557772	0.8797169999999999	21.022602	0.0945388591032	0.0589834110789936	-0.029271842	-0.0095743413	-0.0013319777	0.0028787627	-0.0005654802	0.0199652041	0.0489079311	-0.0163448025	-0.0777807468	-0.0361033295	-0.0635104968	0.0298027561	-0.0827659612	0.0104339513	0.0759880515	0.0123351632	0.0200270641	-0.0357205544	0.0929291543	0.0455074096	-0.1215523775	0.1502699402	-0.0298309122	0.0114561723	0.0326253568	-0.0907041263	0.0793903388	-0.0836573983	-0.0559339176	-0.1068029208	-0.0216309152	0.0401384459	0.047489491	-0.0273612965	0.1212055332	-0.12447292	-0.1411640126	0.1246537927	0.0786531321	0.0216210153	-0.003126279	-0.0879959725	0.0239413209	0.075253042	-0.0715562842	-0.0163105145	-0.0392392431	0.0529369596	0.0933117541	0.0763136894	0.1664488848	0.004965312	-0.0363695248	-0.1084368631	0.0266223584	0.0311456493	0.0525896124	0.0386836631	0.052594117	-0.1205225381	0.004689412	0.1196764825	-0.0921143416	0.0370421162	-0.0138701534	0.0427806997	0.0026987481	0.1482403408	-0.0743020247	-0.0174242893	-0.1393726904	-0.0811050365	-0.089187591	0.0051124108	0.0571777682	-0.0490447315	-0.0070346722	0.0638431917	-0.107441752	0.0676336546	-0.0206470355	-0.0240882284	0.1002544646	-0.0217775565	0.1424201763	-0.0529527228	0.0275951553	-0.0296183077	0.076267926	-0.0194575736	0.0531537888	-0.0122798004	0.0656786776	0.0068920073	0.0684609798	0.0210984435	-0.0142909364	0.1209078177	-0.0510031344	0.1052553977	-0.0417587768	-0.0354653929	0.0091745119	0.0643875772	-0.010927643	-0.0555988779	0.0397296828	0.066270328	0.0454299058	0.0223503313	0.0001736847	0.0007227412	0.0582208804	-0.0282548631	0.0338438432	0.1272347401	0.1216944932	0.1126387502	0.1003291122	-0.0178777391528655	-0.0025183735594539	6.342205384956518e-06	0.0003196135572179	-0.1314487857738697	0.0160111562242377	0.0172787832814246	0.0002563571236369	-0.0506261597941417	0.0549751750526184	0.0025630080555019	0.003022269872066	0.0010633132571241	1.5752468829994745e-07	1.1306350827758625e-06	2.48140274239956e-14	-0.0004609426195851	0.0001861249890129	2.1246809854997426e-07	3.4642511535089355e-08	-0.000832255458743	0.0002344005716364	6.926491486075214e-07	5.4943627983517936e-08	0.0	0.0	0.0	0.0
835.913553693485	1.411336216760219	698751.4692484709	1.991869916739048	1149.6725520083778	1.6821129017305338	1321746.9768414565	2.8295038141683166	799.2804183069717	1.6926221101954295	2.8649696079224296	638849.1870889677	834.5405556947283	671.1190313748126	0.926423	22.13872	0.1136529713641222	0.0595006426449023	-0.0524054168	-0.0316514752	0.0564495133	-0.1060750053	0.0332271532	0.0517059175	0.009945182	-0.0632483325	0.0325567341	0.1150320462	0.0608986721	0.0486550531	0.1829954052	-0.0583774259	0.0184954853	-0.0576181002	-0.1198620636	0.0321085601	0.0928236733	0.0124934226	-0.0633784454	-0.1387368714	-0.0097211721	0.0666640766	-0.0885981523	-0.1152053951	0.0204261046	0.0546115345	0.0534289844	0.0587288655	0.1003151548	0.0930946121	-0.0265147196	0.0533941677	-0.161671267	0.0252713544	0.0345360438	0.1234957774	-0.0659891914	-0.0073509919	-0.1255257197	-0.0210767853	-0.0121630116	0.0678573935	0.1016781087	0.1542347326	0.0164214282	-0.0772302866	0.0038408902	0.0613103239	0.0162574384	0.1399571323	0.0177095948	-0.1647106363	0.0592968915	-0.0318619217	0.0503496743	-0.0394283897	-0.0708183849	0.0426190114	0.1653421967	0.0280070092	0.0452097356	-0.0266088379	0.061744075	-0.1025131517	-0.0190285227	-0.0730053751	-0.1916177431	0.0296355188	0.1709105364	-0.0440934043	-0.0229385938	0.0185338825	0.054060016	0.0826045662	0.0837344405	0.0877529855	-0.1482089984	0.1154431522	-0.0124590787	-0.0910353425	-0.0870896945	0.0167441438	-0.0820342937	0.1476946784	0.0310249359	0.0073921066	-0.0305237777	0.0035783026	-0.0617318519	-0.0550703898	0.0191820089	0.0855398297	-0.0413390798	0.0305932699	0.0303280866	-0.047810874	0.0530797089	0.0977774285	0.084908634	0.1097941534	-0.0263655634	-0.0178361259	-0.0394354742	-0.1283618687	0.0003192592	0.0808116411	-0.0035004237	-0.1340920096	0.0253583519	0.1721598487	-0.1285870142	0.0251597297	-0.1218687323	0.1266188352	0.1192723348	0.1073422654	0.0912870929	-0.0338407311216002	-0.0159629919687347	0.0002548171125938	0.0011451950828444	-0.1068244789671553	0.0246243068067144	0.0114114693066042	0.0006063564857112	-0.0442586430017186	0.0063675167924231	0.0019588274803535	4.05452701017902e-05	0.0001261951708635	-0.0009371180862606	1.592522114926796e-08	8.781903075967294e-07	-0.0005220738558195	-6.113123623439996e-05	2.725611109302401e-07	3.737028043546014e-09	-0.001167969252173	-0.0003357137934299	1.3641521740215567e-06	1.1270375109916069e-07	0.0	0.0	0.0	0.0
835.8534813391752	-0.0600723543097956	698651.0422668189	0.0036086877523216	1142.6937980938674	-6.978753914510435	1305749.1162021882	48.70300619929471	798.7378089931492	-0.5426093138224815	0.2944248674469041	637982.0875151765	833.9985334279082	678.3006071205775	1.024056	24.471876	0.250478336489226	0.1694409462777687	0.0493049291	0.0379940436	0.0072733113	0.0153836935	0.1133150361	-0.0736584507	-0.0288830323	0.0603729485	-0.0749835824	-0.0642524523	0.1283153511	-0.0327619143	-0.0296382851	0.0566666124	-0.1212958063	0.0445837827	0.0563416172	0.1177780895	-0.0477476217	0.0976282856	0.0224017385	-0.0264613582	0.0343142306	0.1222173711	-0.1616881244	0.2019441754	0.0443729482	0.0832445762	-0.0504701816	-0.0222904896	0.0674463115	-0.0644554154	0.137313492	-0.1482494334	0.0081842141	-0.040905117	0.0597843703	-0.1766074456	0.0083946923	-0.064466854	0.0293478529	-0.0510936576	0.0253279593	0.0098896558	0.010378633	0.0021770077	-0.0771892143	-0.0171072856	0.1046602909	0.0110121521	0.0178476872	0.0129050091	0.050255351	0.1440200859	-0.0655099284	-0.0148481654	-0.1110561608	-0.0764262578	0.1716398014	0.0313008772	0.0084904491	-0.0572900318	-0.0405400041	0.0628438202	0.1302439432	-0.0543792963	-0.0453852601	-0.0236978212	0.0436351267	-0.14552911	0.1422031379	0.0691238422	0.0143263569	-0.0442776469	-0.0466301589	0.0271701722	-0.0679333519	-0.0849679911	0.1128321018	0.0019847454	-0.0767553314	0.0223345656	-0.1372515066	0.000155129	0.0431623404	-0.0435629534	-0.080692855	-0.0499953023	-0.1838323676	-0.0666580222	0.0114176532	0.0553497199	-0.0181889322	-0.1510433867	-0.1165144732	-0.089051224	0.0229786119	-0.0190326335	-0.0645609137	0.0255982908	-0.0575406006	0.1326641267	-0.0541713711	0.0110759064	-0.0066361463	0.1861284739	-0.0405850694	0.0093283363	-0.0732490232	0.0272116509	-0.1023147577	0.0070067411	-0.1412332321	0.0944298838	0.0069744456	0.1259161521	0.1165232592	0.1013839798	0.0812449131	-0.0334187098315936	0.0004220212900066	1.781019692188379e-07	0.0011168101668082	-0.2678954752752673	-0.161070996308112	0.0717679856729613	0.0259438658516878	-0.0118684275924962	0.0323902154092224	0.0001408595735183	0.0010491260542558	0.0003151343484658	0.0001889391776023	9.930965758296429e-08	3.569801283303346e-08	-0.0013187082129604	-0.0007966343571409	1.7389913509292116e-06	6.346262989772951e-07	-0.0013142977870675	-0.0001463285348945	1.7273786730905275e-06	2.141204012437092e-08	0.0	0.0	0.0	0.0
834.5091770670934	-1.3443042720817855	696405.5666091975	1.80715397593734	1142.8256758496275	0.1318777557601151	1306050.525381158	0.0173917424643245	798.1756197596653	-0.5621892334838776	0.3160567342451899	637084.3199787259	832.9210623336842	674.7715520038531	1.040219	24.858101	0.2690752552478564	0.1281818230831173	0.0202409091	0.0127946732	0.1159352439	-0.0132086752	-0.1472790347	-0.0455293063	0.0063585545	-0.1238392855	0.1023994244	0.0703640494	-0.0044909932	-0.0518850846	-0.0283565514	0.0293919158	-0.0103003851	-0.1024269856	-0.1128772611	0.0909342384	-0.0432322676	0.0313386731	0.0763332577	-0.0397125048	-0.0404680931	0.1153403564	-0.0150279729	0.0874248711	0.0335240365	-0.0203829249	-0.0639737925	0.0867246506	-0.1046268723	-0.0282254619	-0.0318879589	0.0557773769	-0.0115933553	0.0939924547	-0.0527104693	-0.0881979768	-0.030985124	-0.0414924957	-0.0161551974	-0.0243879949	0.0690422612	-0.1273085513	-0.1513662591	0.0433026751	0.0412895182	0.2146187131	0.0576596512	-0.0476094488	-0.0165010596	-0.0322780041	-0.0379264076	0.0009021169	-0.0308462163	-0.0978321082	0.0972757869	-0.0530659935	-0.0397354556	0.1254056651	0.0132387697	-0.1002595207	-0.0120671978	-0.0470405475	0.0686720945	0.0749267568	0.029107189	-0.1158704298	0.0480535507	-0.074741793	-0.033820097	-0.1030220336	-0.040727837	0.0119124489	0.0323848421	-0.0465398876	0.0563220568	-0.0439373353	0.0454386823	-0.1230004825	-0.0396853916	0.0840258282	-0.0490712636	-0.0479310227	-0.1001845185	0.0207406148	0.0544297986	-0.0073571685	-0.0175903658	0.0437784106	0.0720022394	0.0097982673	-0.123843576	0.1232673015	-0.0124402481	-0.0271968169	0.077225451	-0.0880847085	0.0591202321	-0.0456720401	-0.0476018731	0.0860634858	-0.1548207177	0.0079843685	0.0282726573	0.0601372055	-0.0420520773	-0.0170714568	0.0779126512	0.0685113894	0.0969600328	0.0951826129	-0.05421801	-0.0612286858	0.0700404401	0.1251271724	0.1134548014	0.0948006283	0.0703125971	-0.0085611757928631	0.0248575340387305	0.0006178969984866	7.329373095630513e-05	-0.1804678437711118	0.0874276315041555	0.0325686426353944	0.0076435907504264	-0.0504843487431116	-0.0386159211506154	0.0025486694680161	0.0014911893663105	0.000709966327531	0.0003948319790651	5.040521862278551e-07	1.558922916925425e-07	-0.0005370452151749	0.0007816629977855	2.884175631422547e-07	6.109970421070146e-07	-0.0001273093928311	0.0011869883942364	1.6207681503023333e-08	1.4089414480519072e-06	0.0	0.0	0.0	0.0
836.4903192337011	1.9811421666076967	699716.0541716992	3.924924284311039	1143.60829271589	0.782616866262515	1307839.9271685528	0.6124891593585593	798.5671719581132	0.3915521984479255	0.1533131241094036	637709.5281291788	833.4139348434398	681.2917224751817	1.162203	27.773174	0.1503380177163221	0.0793967854981994	0.0252502144	-0.0460151927	-0.1145598504	0.2203462921	0.0141120916	0.0350839947	-0.0678807985	0.0238193642	-0.0008799363	-0.2476618431	-0.0178545173	-0.0358439191	-0.0358977186	-0.0741615808	-0.0204959031	0.0125255961	0.1760489941	-0.0116157233	-0.0554463073	-0.0009835896	0.0034769432	0.0713481032	0.0913442479	-0.0112711111	-0.0207878968	-0.0011258264	0.0096458558	-0.1287795125	-0.0152213355	0.0940644776	0.0880820072	-0.0043844263	0.0762497226	-0.0845122237	-0.160015173	-0.021456842	0.0501912087	-0.0366796323	-0.1081372608	-0.1234371131	0.1050554403	-0.0123802665	-0.0983831741	-0.077653666	-0.1022143529	0.0156782751	-0.0408973099	-0.1346909963	0.0686513169	-0.1003126169	-0.1125001041	0.093838531	0.2216586381	0.1198212044	0.060501286	-0.0344539843	-0.1444835045	0.1462101813	0.0854624242	-0.0023965048	-0.1167514142	-0.0280682043	-0.0366147474	0.0138423528	-0.0408624894	0.0740763095	-0.1026191792	0.041951443	-0.0456773923	-0.0246340333	0.0748774184	0.0192206425	-0.0118330875	-0.099571815	-0.1201681164	0.1636425402	0.0837880416	-0.0326681469	0.1688094831	0.0197125353	-0.1855284446	0.0864900033	-0.0573115318	-0.0347412186	-0.0995571281	0.0142531879	-0.1184370809	-0.0354007371	0.1135449811	-0.0191516894	-0.0467207938	-0.0376724899	0.0358149764	-0.1708849388	0.1622822158	-0.0323230884	0.0114486414	0.0601465381	0.0028978346	-0.1023142276	-0.0557823096	-0.038496961	-0.0272198818	0.055759495	-0.0582143247	0.0407228918	-0.0742312945	-0.0602346145	-0.0033175025	-0.115271275	-0.1781232471	-0.1633879483	-0.0633983839	-0.0319083481	0.1125204284	0.1242524367	0.1100753719	0.0876327994	0.0586099215	0.0006053063484898	0.0091664821413529	8.402439484774164e-05	3.663957755220552e-07	-0.1117020413551159	0.0687658024159959	0.0124773460429	0.0047287355819157	-0.0259631710092733	0.0245211777338382	0.0006740862488567	0.0006012881574544	0.0002458611236816	-0.0004641052038493	6.044769213797901e-08	2.153936402400931e-07	-0.0008200413634344	-0.0002829961482594	6.724678377433497e-07	8.008681992971288e-08	-0.0003378991492249	-0.0002105897563938	1.1417583504691125e-07	4.4348045498000043e-08	0.0	0.0	0.0	0.0
835.5319038384224	-0.9584153952787346	698113.5623318588	0.9185600699072932	1145.6001822679564	1.991889552066368	1312399.7776123749	3.967623987631157	799.0431031590999	0.4759312009866789	0.2265105080726226	638469.880706124	834.6850568036817	682.5532337183823	1.109794	26.520739	0.2073875344507025	0.1212982864201287	0.0531553123	0.0052825453	0.0319656736	-0.0791966805	-0.1579647645	-0.001013587	0.0583364844	-0.0439199982	0.1223658189	0.0576962251	-0.0519068052	0.0059171517	-0.13267166	0.0385237444	0.0144843078	0.0269490184	-0.1056375297	-0.0707290051	-0.012738207	-0.0756615393	0.03947101	-0.0465701084	-0.0703847969	0.0324983142	-0.022557047	-0.0830361682	-0.1242983079	-0.0491335923	-0.0453279241	0.0974252458	0.0292576219	-0.032821871	0.0802533774	-0.1788723162	0.0453395389	0.0099912412	-0.029677884	-0.1073214654	-0.0222123427	-0.085767786	0.1560139072	0.202140814	-0.1529880088	0.027556237	0.0423429197	0.0123127723	-0.0642238156	-0.0129972013	-0.1469590877	0.1568207295	0.1071491603	0.0490641173	-0.0218869819	-0.0899987542	-0.0264115607	0.0454584305	0.0852384958	-0.0587572339	-0.1207619612	0.0389105473	-0.0700733381	0.0605096468	0.004155437	-0.0445379805	-0.1044013995	0.0275068037	-0.1144516324	0.0285770622	0.0035766732	-0.0314052416	0.0379508045	0.1117107157	-0.0541608862	0.1222140814	-0.0805064431	-0.0428883747	0.0394471447	0.0311058348	0.0728411753	0.0261134517	0.0710513145	-0.0408826723	-0.1991754972	0.0405762112	-0.0147361542	0.1939332195	-0.0574419684	-0.0421009002	-0.0801560023	0.1596969106	-0.0352024969	0.054789791	-0.0903078563	0.0927284992	9.1245e-06	0.0528429641	-0.0503898943	0.0203048365	0.0130772576	-0.1024228888	-0.0021736756	-0.0604431343	0.1101957415	-0.0599156052	0.0897270626	0.0156809269	-0.0165896537	-0.0193818499	0.0625072003	0.0508282756	0.082890427	0.0456854549	-0.0112900238	-0.0377398675	0.130966644	0.1232925447	0.1063942335	0.0799246852	0.0462651033	-0.002246471620424	-0.0028517779689137	8.132637583982117e-06	5.046634741370432e-06	-0.2094845770487552	-0.0977825356936393	0.0438837880212958	0.0095614242866778	-0.0801637263601477	-0.0542005553508743	0.0064262230239446	0.0029377002003431	0.0010578219549925	0.0008119608313109	1.1189872884641548e-06	6.592803915830878e-07	-0.0010581752723599	-0.0002381339089255	1.1197349070339486e-06	5.6707758580138354e-08	-0.0003369405807158	9.585685091000528e-07	1.1352895493310052e-07	9.18853586638298e-13	0.0	0.0	0.0	0.0
835.229277411542	-0.3026264268804652	697607.9458454065	0.0915827542464375	1148.068800474468	2.4686182065115645	1318061.9706228836	6.094075849520373	799.1260001361718	0.0828969770718686	0.0068719088076539	638602.3640936369	834.752129378828	676.7353089593341	1.0003	23.904158	0.2259018444529223	0.1379166157587308	-0.0076766161	-0.0126046183	-0.0468753469	0.1531613415	0.0071505738	0.0105421996	-0.0216443399	0.0049773678	0.0079843666	-0.13631947	0.0451508666	0.0671659152	0.0944873563	-0.0663439033	-0.0340751817	0.0652395276	0.0976384886	-0.133331521	0.1600068374	-0.1101918102	-0.029153717	-0.0728516443	0.1542724897	-0.2010249073	0.0351440552	-0.0091127922	-0.1171314372	-0.0497794636	0.0376363155	-0.0128665215	0.0444970554	0.001338415	0.02918407	-0.0712696983	-0.0279985826	-0.0592202205	-0.0892473137	-0.0807275047	0.1182380037	0.1561243928	0.0965074834	-0.0273808626	-0.0117111627	0.0353615956	-0.0046657593	0.0351717109	0.0153049842	0.0851004916	0.022728393	-0.0305355209	-0.0626688494	0.0385605265	-0.0740918289	-0.0816110916	0.0342389401	0.0202701908	-0.1139092035	0.1059478536	-0.062655271	-0.0109694087	0.017465456	0.1688055694	0.0083639001	0.0326296815	-0.0288880388	0.0587961848	-0.0147035167	0.0957624446	0.0097261394	0.1011598635	-0.0019215524	0.188154099	-0.0061307925	-0.0169688375	-0.0458390768	-0.0327860568	-0.1345110422	0.0433806022	0.0606014692	-0.038693967	-0.0101898552	-0.0396831	0.1225370786	0.0640103576	-0.029366845	0.0047268625	-0.1513413894	-0.1212051126	0.0150435733	0.0405112213	-0.0743081767	-0.0441514884	0.046130303	-0.067407036	0.1885559795	-0.0118431155	0.0040112887	0.0039970487	0.0104198493	0.013386332	0.0101534421	-0.0458388807	0.1463087526	0.0330400343	0.0036531395	-0.0448607529	-0.0011552984	0.0530747423	0.0075794949	0.0080246789	-0.0899378414	-0.0615540473	-0.0168823159	0.0429553678	-0.0002280379	0.1222481541	0.1024214758	0.0717238087	0.033413395	0.0050887416746405	0.0073352132950644	5.380535408409098e-05	2.5895291831223e-05	-0.0831920655404729	0.1262925115082823	0.0069209197688903	0.0159497984630696	-0.0416961699053572	0.0384675564547905	0.0017385705847764	0.0014797528996024	0.0004059255290151	-0.0006518964259774	1.6477553510618881e-07	4.249689502021077e-07	-0.0007790389732613	0.0002791362990986	6.069017218600206e-07	7.791707347446308e-08	-0.0001918420418961	0.0001450985388196	3.6803369038864986e-08	2.1053585967611983e-08	0.0	0.0	0.0	0.0
836.3399924386795	1.1107150271375303	699464.5829523305	1.2336878715091248	1142.8305120826665	-5.238288391801461	1306061.5793471297	27.43966527568194	798.8464906797109	-0.2795094564609144	0.0781255362510758	638155.7156712894	833.969226929748	674.199351005897	0.957728	22.886822	0.2542738882922375	0.1698450513472309	0.0441953014	0.0296648819	0.0897719391	-0.0635567741	0.0128486259	-0.0634060173	0.0198153895	-0.035480999	-0.0712681743	0.1175762671	0.0353646576	-0.037959968	0.0391753691	0.0128093067	-0.0501022203	-0.0710060975	-0.089980684	-0.0071884377	0.0627051455	0.0661958654	-0.0961441254	0.1052842445	-0.0246597197	-0.0167408777	0.1095299764	-0.1235293896	0.0249367733	0.017029883	0.021712122	-0.0419149232	-0.0134735338	-0.0969483612	-0.0978305095	0.0570542376	0.1202872974	-0.0411989669	0.1150697016	0.0006478662	0.0662371984	0.0825918138	-0.0435583176	0.0756440524	0.1372759758	-0.1289837332	0.0941569108	-0.1396428188	-0.0178680657	-0.087312427	0.1439983879	-0.0374428811	7.00107e-05	0.0522563545	0.1959745318	-0.0646882514	-0.0487574505	-0.0510277427	0.0365708554	-0.0971707156	-0.0326985482	-0.087574666	0.0484314307	0.0767744519	0.0276020945	-0.0349162959	-0.0863992489	0.0083905548	0.0914185454	0.0313821003	-0.0446093892	0.030108874	-0.142962647	-0.0880964916	0.037352181	0.0533374936	0.1182413137	0.1611056402	-0.1209583672	-0.0731258302	-0.1064973664	-0.1263051775	-0.0186068451	0.0815399819	0.0809781173	0.0311882682	0.1008460291	0.0308896327	-0.0421126346	-0.143194252	-0.05999222	0.0177741168	-0.0051402106	0.0613320272	-0.050283785	0.0316851623	-0.0093874463	0.0627999153	-0.0484063576	0.0055639245	-0.1274187761	0.0481226965	0.0729118035	0.0921605123	0.1511719822	0.032035652	-0.0137279748	-0.0297515782	-0.0555353357	0.0389642731	-0.1069166109	-0.0598179613	0.1280855844	0.0380441506	0.0352099488	0.0677685747	0.1047031359	0.1211199807	0.098167988	0.063080731	0.0201956026	-0.0068219790227175	-0.011910720697358	0.0001418652675304	4.653939778639762e-05	-0.2411943798676361	-0.1580023143271632	0.0581747288797335	0.0249647313327396	-0.1004767214448136	-0.0587805515394564	0.0100955715522986	0.0034551532392826	0.0003213210323914	-8.460449662370001e-05	1.0324720585707513e-07	7.1579208489496675e-09	-0.001060052380774	-0.0002810134075126	1.1237110499846253e-06	7.896853520189875e-08	-0.0003378301723249	-0.0001459881304288	1.1412922533307164e-07	2.1312534226096328e-08	0.0	0.0	0.0	0.0
836.5995633540578	0.2595709153782763	699898.8294042001	0.0673770601103163	1150.3348864791983	7.50437439653183	1323270.35105111	56.31563508332247	799.5415295363864	0.6950388566755237	0.4830790122888191	639266.6574533843	834.9400204964054	682.7710392404736	1.002113	23.947498	0.3235918018004518	0.2084245428332743	0.0127735467	-0.0723063225	-0.0436087392	0.1157404172	-0.0718794892	0.0874803956	-0.0141058025	0.012192532	0.0489765988	-0.0408540302	0.0382145956	-0.1652501384	0.0624189665	-0.1063895924	-0.0372190074	0.0364511388	0.0483815475	0.0573674459	0.136870658	0.1399250246	-0.0665172404	-0.0283141809	-0.0100080685	-0.1460693591	0.0263159493	-0.2263512017	0.0675341556	0.0110406636	0.0523384427	0.0532743017	0.0086402299	-0.0790774779	0.0358789347	0.0527055552	0.0097486055	0.0282158102	0.0366753839	-0.0213909308	-0.0157265987	-0.1120435962	-0.0719341292	-0.0025588894	0.0689712488	0.0008948089	-0.0035180022	0.0602099404	-0.1365323128	0.0254187609	-0.0711929641	-0.1165820658	-0.0557687437	0.0247455733	-0.2988285634	-0.0171157426	0.0827967729	-0.0070312487	-0.0846982908	-0.0113654247	-0.0086267732	-0.0209479352	0.1475572672	0.0339934903	-0.0811383967	0.0921876117	-0.0498102536	0.0009924137	-0.0496612323	0.0643844452	-0.1774833843	0.1102480409	-0.1092107121	0.0362943771	0.1786685065	0.0136945446	-0.0105900375	0.1227563435	-0.0141889379	0.0666298432	0.0117577701	0.0663179385	-0.0201761714	0.0369057966	0.0660082869	-0.0388124747	0.0117656676	0.0947352537	0.153560719	0.0440810542	-0.1424910243	-0.0084169459	0.1427802343	-0.0847880812	0.081455233	-0.0792083242	0.0532847991	0.0536225086	-0.008979195	-0.1776108032	-0.1003206951	0.0923555023	0.0355046717	0.0060681512	0.0394240802	0.1134724045	-0.0479118281	-0.1341939607	-0.0359595253	0.1050982825	0.1398718148	0.0153375292	0.0313937298	-0.1769704258	-0.0890361407	0.0706560208	-0.1334231618	0.1199087977	0.0936454286	0.0540487397	0.0067565429	0.002290923692513	0.0091129027152305	8.304499589725544e-05	5.248331364917398e-06	-0.0464609637076591	0.194733416159977	0.0021586211486444	0.0379211033693347	-0.0351023630341842	0.0653743584106293	0.0012321758905836	0.0042738067376014	-0.000237899427046	-0.0005592204594374	5.659613738881508e-08	3.127275222533768e-07	-0.0013209274898309	-0.0002608751090569	1.7448494333909623e-06	6.805582252544949e-08	-0.0006051570941229	-0.0002673269217979	3.662151085672724e-07	7.146368311799396e-08	0.0	0.0	0.0	0.0
837.5450750513833	0.9455116973255144	701481.7527428272	0.8939923697793752	1150.170935437195	-0.1639510420031911	1322893.1807244725	0.0268799441739321	799.453518808514	-0.0880107278724153	0.0077458882206323	639125.928735315	835.5628174346627	686.8025379597146	1.010562	24.149403	0.2920481875774922	0.2136565430845518	0.0785168672	0.0446196582	-0.0646321806	-0.0446489293	0.0631693589	-0.0168101511	0.0634923929	0.1036011585	-0.0356355767	0.0734595765	0.092127465	-0.0954579599	0.0611470427	0.0420714662	-0.0855351168	0.1239793048	0.0173212125	0.1072642979	-0.0499427312	0.1583382736	0.1064853538	0.0476389898	-0.0968046979	-0.0104897908	-0.0230503741	-0.0941964226	-0.042737377	-0.0017785423	0.0376731184	-0.0481497693	-0.1094411687	-0.0621590634	-0.074090727	0.0360254805	-0.1086539066	0.0315842584	-0.1388690116	-0.0866689586	-0.1547838456	0.0789260749	0.0162545454	0.0128337447	-0.0710748691	-0.1326047702	0.0346669334	-0.125135967	-0.0448733895	0.0646642739	-0.1320593655	0.060589278	0.0274971968	-0.0074696563	-0.0486382953	0.1488326809	-0.0520390227	0.0986975055	-0.1072506654	-0.1115684485	0.0782305409	-0.0004257385	0.0883669527	-0.1142326065	-0.0111175726	-0.0624162865	-0.1199038058	-0.0615425848	0.0881693183	0.0208573853	-0.063034158	-0.0542758186	-0.0512565623	0.0430492997	0.0076129208	-0.1438518372	0.0300255947	0.0374873988	0.0778711269	0.0175159657	0.0917710959	-0.1431628259	0.0956734655	-0.1111389527	0.049256047	0.2192899669	-0.0709407453	-0.0052100878	0.1879377175	-0.0435304003	-0.0290895993	0.0521436483	0.0700131099	0.0832506501	0.017729735	-0.1053714747	-0.0978500727	0.0784534261	-0.0854084863	-0.0731127942	-0.2334104957	-0.0018791155	-0.0156086678	0.0730694663	-0.0490933033	0.035223722	0.0769525586	0.0063643538	-0.0549919229	0.0341775163	0.0249670144	0.0549416986	0.0290007839	-0.1436999624	-0.0128133779	0.1413410065	0.0079636799	0.1186154352	0.0888661936	0.0446835199	-0.0067565429	0.00225461086643	-3.63128260829999e-05	1.3186213381341975e-09	5.083270159024235e-06	-0.2513134938644441	-0.204852530156785	0.063158472198354	0.0419645591116365	-0.0922017954091387	-0.0570994323749545	0.0085011710766686	0.003260345177542	-2.3124513396407544e-05	0.0002147749136495	5.34743119820632e-10	4.61282635331899e-08	-0.0014534904671086	-0.0001325629772777	2.1126345379755763e-06	1.7572942944728033e-08	-0.000859017447589	-0.0002538603534661	7.379109752623205e-07	6.444507906193329e-08	0.0	0.0	0.0	0.0
834.6567264099525	-2.8883486414307527	696651.8509413783	8.342557874454874	1145.176500937096	-4.994434500099032	1311429.218298531	24.944375975779472	798.238812699201	-1.2147061093129423	1.4755109320021855	637185.2020994301	833.2151559934647	679.783025949696	1.012389	24.19305	0.216031792878387	0.1380309902094216	0.0447568394	0.0107180626	0.0648672264	0.0417872915	-0.1093100968	-0.0663070862	-0.0254856079	-0.1050714512	0.0909398103	0.0479412839	-0.0323105912	-0.1086562518	0.0066434789	0.0489552579	0.0183303107	-0.0458503147	-0.0698891111	0.0862742356	-0.128877338	-0.0286402742	0.1660169691	-0.0730874721	0.0606071212	-0.0358622466	-0.0152190148	-0.024074325	0.0335573246	0.0562271777	0.019707448	-0.0115882121	-0.0375931871	-0.0304412675	-0.0914481212	-0.0166133191	-0.0459810946	-0.0327465529	0.0882085739	0.1691261528	-0.0732259983	0.0596706114	-0.034215324	-0.1082376261	0.0271792737	0.0297931455	-0.1905155363	0.0628395973	0.1004177095	-0.0528819102	-0.1019513224	-0.002833266	-0.1949794907	-0.110198015	-0.0596140231	-0.0736067012	-0.0403147579	-0.0678883848	0.0804972016	0.0074804457	-0.009701344	0.1584750611	-0.0290486461	-0.1391958738	-0.0392996123	-0.0511681589	0.040162527	-0.0457947555	0.0241140897	-0.0269324226	0.0400944127	-0.0300692035	-0.007555451	0.0074055628	0.0155569869	0.0207919768	0.0357047446	-0.0045351946	-0.0531319074	-0.0912886005	-0.1241431435	0.0634156176	-0.0450953263	-0.0805581591	0.0466016171	-0.0348245614	-0.1595783757	-0.0111389924	0.1658701765	0.1074241735	0.124840797	0.0011948714	0.0464611007	-0.0006431735	-0.0642137392	0.0329695198	-0.1039097715	-0.0260672289	0.045438449	-0.2191591899	-0.0272822683	-0.008137003	-0.1101257423	-0.0909328703	-0.0358373507	0.0347867061	0.0199830863	0.0038709405	0.0704320868	-0.0239941209	0.096607537	0.0390359305	-0.0108737868	-0.0082432934	0.03760272	0.0002242598	-0.099396616	0.1172407796	0.0838433825	0.0350428114	-0.0201956026	-0.01347904878007	-0.0157336596465	0.0002475480458719	0.0001816847560155	-0.1368142234963585	0.1144992703680856	0.0187181317509115	0.0131100829148239	-0.0168281971968085	0.0753735982123302	0.0002831882208946	0.0056811793074737	-1.9112659650183817e-05	4.011853746223727e-06	3.6529375890376456e-10	1.6094970481089352e-11	-0.0013189924778522	0.0001344979892564	1.7397411566306864e-06	1.8089709114014696e-08	-0.0009290128976158	-6.99954500268e-05	8.630649639365049e-07	4.899363024454256e-09	0.0	0.0	0.0	0.0
836.8957193350781	2.238992925125558	700394.4450413778	5.013089318762303	1153.2335660547242	8.057065117628099	1329947.657875296	64.9162983096995	800.3840497794757	2.1452370802746827	4.6020421305854455	640614.6271413943	835.5150656962472	677.2630302517343	1.050978	25.115229	0.2163539300390944	0.1323188654272109	-0.0628420225	-0.1141774933	-0.0584519219	0.0652008758	0.0518936953	0.1077153317	-0.0798081846	-0.0145188942	0.0153205516	-0.1115937899	-0.0258149725	0.079908019	0.026113369	-0.1702331339	0.0378190338	0.0341793176	0.0336368841	0.0201489552	0.0405008843	-0.1521647091	-0.0015494219	-0.0375222635	0.0342355665	-0.1454556708	-0.0553769487	0.0363884047	-0.0317442479	0.0466424655	0.0741634572	-0.0772823218	0.0315899348	-0.0455244048	-0.0568950671	-0.141296891	0.1741331248	0.1109101487	-0.0049568074	-0.1756607836	-0.0341782145	-0.0570416749	-0.0882016202	-0.0535856507	-0.0158693827	0.1173493238	0.1002216551	0.1142397498	0.1280984862	0.0350303357	0.1156524423	0.068342465	0.0336064853	0.0566391242	0.0278493224	-0.0900354691	0.1475077014	-0.0474192747	-0.0576110811	0.0878162251	-0.0364737789	0.0561386032	-0.0493510449	0.0880224985	-0.0102216085	0.0166460352	-0.0947588067	-0.0872632812	0.0289648685	0.0273338268	0.0518474454	0.0402209146	0.1041872581	0.1482892928	0.0411792437	0.1348100088	0.0165566378	0.0260704155	-0.144592798	0.029806068	-0.0215255109	-0.1525017984	0.0791566488	-0.1027192938	-0.1594811251	-0.0331093932	-0.0629117087	-0.0565639518	-0.0531349146	0.0714368172	-0.0134257037	0.0229580102	-0.0874896201	-0.1558880197	0.0686395698	-0.064713332	-0.0299123041	0.0153072487	-0.0090277436	-0.1042650402	0.0108566679	-0.07123363	0.0046588253	-0.0469555944	0.1837633013	0.0120102513	-0.1668640355	-0.0159933071	-0.0860790953	-0.0642940748	-0.0849023712	0.0745432309	0.0003607869	0.0574298683	-0.0464410595	-0.0058762226	-0.0515224591	0.1157857731	0.0785907625	0.0251860523	-0.033413395	-0.0133224154908759	0.0001566332891941	2.4533987283762796e-08	0.0001774867545115	-0.0160281796037224	0.1207860438926361	0.0002569025414091	0.0145892683992338	0.0120200355171249	0.0288482327139334	0.0001444812538329	0.0008322205307172	-0.0007778510811981	-0.0007587384215479	6.050523045210531e-07	5.756839923330233e-07	-0.0008156659568847	0.0005033265209675	6.653109532206333e-07	2.533375867092473e-07	-0.0008598174372646	6.919546035120006e-05	7.392860254242644e-07	4.7880117332144995e-09	0.0	0.0	0.0	0.0
836.7705589770314	-0.125160358046628	700184.9683707337	0.0156651152263601	1146.925953341606	-6.30761271311826	1315439.1424485515	39.7859781386911	799.7729392035004	-0.6111105759753173	0.373456136068884	639636.754282206	835.6776317423602	684.8140530176127	1.115284	26.651932	0.3973318922707986	0.2667400820734053	0.1007711623	0.0572351363	-0.0403689889	-0.0002612728	0.0511680851	-0.0901575315	-0.0071252094	0.0915050439	0.0146094154	0.024405949	0.0841949014	-0.0435797789	-0.0622682187	0.0461772556	-0.1001583966	0.1167864313	-0.0244923161	-0.0708777796	0.0515354441	-0.1481792563	-0.1020604029	-0.0436007007	-0.0876607747	0.0800689088	0.1210126939	0.1379447566	-0.0228529579	-0.2052650062	0.0536961875	-0.1498706627	-0.1397725101	-0.0582942945	0.0723552738	-0.0885775995	0.0193016562	0.1834666898	-0.023015194	-0.1339922527	-0.013134158	-0.0817581062	0.0212044649	-0.1245836097	0.0865223823	0.0628973177	-0.0544530647	0.026162552	-0.0573902054	0.0830285183	-0.0604439826	-0.0456787703	0.1024641926	0.1350716567	-0.0342973625	-0.1488532316	-0.0884439835	0.0495688916	-0.0926210782	-0.0847634133	-0.012073385	0.0210183686	-0.048444128	0.1453113443	0.0487225789	-0.0106438284	-0.0104010161	0.0124069612	0.1948760982	0.1616984465	0.2017985763	-0.0192892396	-0.1205924171	0.081696878	-0.1172846195	0.1362743874	-0.0325838296	0.0079308931	0.0865978318	0.0542210226	0.1013735999	-0.0676661991	-0.0569682821	0.0395431844	-0.0331813757	-0.2116899939	-0.0572006147	0.0187051479	-0.0379238674	-0.1463228034	-0.0846997866	0.1722729813	0.0912949004	0.1051016874	-0.0100323024	-0.11429501	-0.0362478834	-0.0555579158	-0.080513756	-0.0368746129	0.012417205	0.0619747942	0.0042274705	0.0324770178	0.1878398319	-0.0301007296	0.1213948511	0.1144366352	0.0324939164	-0.1103463481	-0.0696257196	0.0364991693	0.0266256459	0.0081822702	0.0907508416	-0.0633626122	0.0998156513	0.1142514127	0.0731227308	0.0151740128	-0.0462651033	-0.004373883994944	0.0089485314959318	8.007621593368518e-05	1.9130861201227283e-05	-0.2641465269791467	-0.2481183473754243	0.069773387715145	0.0615627143043117	-0.0514602715213925	-0.0634803070385174	0.0026481595450554	0.0040297493817044	0.0006591080321316	0.0014369591133297	4.3442339802039045e-07	2.064851493381277e-06	-0.0009132835088361	-9.76175519514e-05	8.340867675119787e-07	9.529186448984276e-09	-0.0008586999753272	1.11746193740003e-06	7.373656476269338e-07	1.2487211815378288e-12	0.0	0.0	0.0	0.0
833.4284082434147	-3.3421507336167906	694602.9116671518	11.169971526215251	1145.1860508165862	-1.7399025250197155	1311451.0909848888	3.027260796569982	797.6668911892725	-2.106048014227895	4.435438238233259	636272.4692995588	833.2888828326969	666.9177558272121	1.033096	24.687891	0.2853976497817511	0.1695008167992046	-0.0113832319	-0.0289524401	0.1673173302	-0.0452691318	-0.0202035835	-0.0105982203	-0.0587259553	-0.1332476065	-0.013118203	0.0977626344	0.0892743141	-0.0021913032	-0.1359541313	0.0477629867	0.0743792924	-0.0946037545	-0.0776685906	0.0462835548	-0.0523587778	-0.0970866363	-0.0253601833	0.0027689326	0.0749043702	0.1096016084	0.059149464	0.0405155131	-0.0347402355	0.0671264711	-0.1150298601	-0.0902153354	0.0225448033	-0.0137945595	0.0622539691	0.0390498026	0.0748507156	-0.2579511259	0.050868023	0.0904882917	-0.1602147763	-0.0379921933	0.0400345776	0.0969662958	-0.0032968289	0.0594771347	0.0071111489	0.0763202233	0.087348003	-0.0200534503	0.0599383153	-0.0422341234	-0.2289311228	0.0555632365	-0.0193617549	0.0305046149	0.0102828511	-0.0469035107	0.1462723847	-0.0329528076	0.1096708064	0.1069942849	-0.0310671446	0.0588396559	0.0291013955	0.0210368256	0.0626591804	0.0522891043	-0.0787633515	0.0384210907	0.0520485647	-0.0655035197	-0.0783984957	-0.0438251054	-0.0563123023	-0.0916400696	0.0268705387	-0.0518291411	-0.1646035408	-0.016031243	-0.0647707438	0.2006468135	-0.0655417913	-0.1052837135	-0.103191325	-0.0195761595	0.0466202109	0.0302467162	-0.0726096182	0.0230822445	0.0482552186	0.1259365126	0.1067806752	-0.0434609083	-0.0974004892	0.0657687168	0.0033249814	-0.0753373339	0.0765054251	0.0210450216	0.047027145	0.1013187221	0.0039387872	-0.0378336657	-0.0224176471	0.0155454443	-0.0046331873	-0.0133429574	0.0900705885	-0.0998014853	0.1233759452	0.0894235789	-0.0421289999	0.0266444861	0.0929546584	-0.0763604753	0.1777352119	0.1126387502	0.0674542747	0.0050684204	-0.0586099215	-0.0044991096316238	-0.0001252256366798	1.5681460081861404e-08	2.024198747737005e-05	-0.1165160169495891	0.1476305100295576	0.0135759822057969	0.0217947674915873	0.0163096764814412	0.0677699480028337	0.0002660055469292	0.0045927658523067	0.0007969737295093	0.0001378656973776	6.351671255279628e-07	1.900695051343953e-08	-0.000369556693188	0.0005437268156481	1.3657214948004957e-07	2.956388500548229e-07	-0.0001428531660994	0.0007158468092278	2.040702706462276e-08	5.124366542816223e-07	0.0	0.0	0.0	0.0
837.1104520086561	3.682043765241474	700753.9088621365	13.55744628915361	1156.6557466320526	11.469695815466366	1337852.516216951	131.55392209932668	799.3883874864256	1.7214962971530667	2.96354950111172	639021.7940481477	835.6787559175955	681.620322681667	1.124472	26.871504	0.2055587323395733	0.1335313193546657	-0.0776176835	-0.1548026595	-0.1395938363	0.0628715664	0.0417997099	0.1831832615	0.0268949195	0.1155136055	0.0103177383	-0.0463138922	-0.0819647423	-0.0965264625	0.0628675008	-0.1709292534	0.0694463511	0.0391321849	0.1382740409	0.0211172039	-0.0041891198	0.052763418	-0.0886122334	-0.0896674302	0.1464904291	-0.1867617283	0.0317147098	-0.1521922575	-0.093426773	-0.0139685387	0.0535301608	-0.1140883667	0.0424752286	0.1509415243	-0.0211812838	0.1393780216	0.1369606511	-0.0464612179	0.1015396284	0.1099299082	0.0343711153	-0.0763616354	0.0964537534	0.0082241929	-0.0875331851	-0.0155032054	0.016470464	-0.0377891476	-0.0678025154	-0.0624274146	0.0445962983	-0.018328641	-0.0009088892	0.1108057748	0.1052586632	-0.0905172845	0.1534738317	0.0666261795	-0.109597595	0.097350954	-0.0240723023	-0.0767610902	0.054532954	-0.0857205475	0.0090100535	0.0834600902	-0.0583869438	0.0941926023	0.0331193695	0.0090564895	-0.1400709026	0.3044219225	-0.0141387146	0.0165105791	0.0085920882	0.0913707424	0.1701885229	-0.0479862156	-0.1382754377	0.0521597204	-0.0698373404	0.064908484	-0.1381087892	0.0756297253	-0.0550654007	0.052741441	0.0475171288	0.0449348013	-0.0382619793	0.0106435154	0.0567841247	0.0019490867	-0.0344977018	-0.1495352528	0.099813359	-0.0323898345	0.0839018575	0.0606395099	-0.039505782	0.0699014848	0.0387037799	-0.0626847323	0.0427409452	-0.0472141697	-0.0717864869	-0.0502868207	-0.1594171612	-0.0496434196	-0.0261111964	0.0613955746	-0.1143923536	0.0654503607	-0.0440741968	0.0004461682	0.0363113686	-0.0419404691	-0.1169626861	0.1109488906	0.0616009311	-0.0050684204	-0.0703125971	-0.0045397998794811	-4.069024785729927e-05	1.6556962706884472e-09	2.0609782945736607e-05	0.0092344224224376	0.1257504393720267	8.527455747601831e-05	0.0158131730022577	-0.0037236580949908	-0.020033334576432	1.3865629608390512e-05	0.0004013344942512	-5.100280707598045e-05	-0.0008479765365852	2.6012863296296822e-09	7.190642065991674e-07	-3.599605066373357e-05	0.0003335606425242	1.295715663386074e-09	1.1126270224120147e-07	-0.000156001349855	-1.31481837556e-05	2.4336421156582106e-08	1.728747360710237e-10	0.0	0.0	0.0	0.0
834.6423853042393	-2.468066704416856	696627.9113463502	6.09135325745108	1147.502235871509	-9.153510760543668	1316761.381330112	83.78675924338872	799.2969453115029	-0.0914421749226903	0.0083616713545919	638875.6067842996	835.3270408605681	682.2243271363715	1.236108	29.539268	0.4721326400697908	0.3197853800374318	0.0429554345	0.0800705218	-0.1189640037	0.0105317594	-0.0442132684	-0.0474400437	0.0850835022	0.0218394505	0.1003013228	-0.0296811559	0.0795157285	-0.116106255	0.0640835239	0.0823710719	-0.0827933696	0.0578224808	0.0107889302	-0.1154525388	-0.1116181502	-0.1323004544	0.073835896	-0.1266372222	-0.0252630065	0.0053715998	-0.0203681005	-0.0299751325	-0.1033903217	-0.0251633123	0.1674388062	0.004160346	-0.0376281942	-0.0969976754	0.0767204156	0.0105568601	-0.0777284756	0.0138524246	0.0092382178	0.0607156117	-0.0830988898	-0.0130889364	-0.0083965969	-0.138298043	0.130764307	-0.0017046394	0.1331519326	0.1573251913	-0.100280996	-0.0720153771	-0.0711483998	0.1302052294	-0.0031201688	-0.0685548798	0.07220039	0.0613605841	-0.091030007	0.0533689714	-0.0819451261	0.0145053403	-0.0743635106	0.1079050001	-0.11367549	-0.0460653787	0.1376453146	-0.0435753953	0.0174498055	-0.0647486252	-0.000232239	0.1603598969	0.003826605	-0.0069878559	0.0548736668	0.0221470152	0.1090706899	0.089453376	-0.0258006488	0.0826985313	0.0787868218	0.0135674481	0.0459299454	0.0415691913	0.0352345553	-0.0318110722	-0.0669691846	0.0102945289	-0.0184346924	-0.1193383054	-0.0013999192	-0.0844246473	-0.0386184665	0.0343384466	0.0855355681	0.1069153652	0.0033455654	-0.0965977677	-0.1246045855	-0.0737245047	-0.052895156	-0.0903783372	0.0170720411	-0.1162725261	-0.0227795011	-0.0549384674	0.0778714213	-0.1138564857	0.0949267999	0.1029906271	0.1071026077	0.0217234706	-0.0424468382	-0.0738944466	0.0804423871	0.028635782	-0.0122758455	0.0320906509	0.0143246599	0.1091829923	0.0555787436	-0.0151740128	-0.0812449131	-0.0225794577163469	-0.0180396578368658	0.0003254292548711	0.0005098319107642	-0.2952888353971445	-0.3045232578195821	0.0871954963102019	0.0927344145530516	-0.0246115199078147	-0.0208878618128239	0.0006057269121727	0.0004363027711116	8.663966175363313e-05	0.0001376424688296	7.506430988783958e-09	1.8945449225511143e-08	-0.0013900523633019	-0.0013540563126381	1.9322455727211973e-06	1.833468497795268e-06	-0.0012379398203976	-0.0010819384705426	1.5324949989260425e-06	1.1705908540400608e-06	0.0	0.0	0.0	0.0
832.7328839082772	-1.9095013959620248	693444.0559421964	3.646195581180921	1142.891005437177	-4.611230434331901	1306199.8503092013	21.26344611850877	799.275989296556	-0.0209560149469325	0.000439154562456	638842.1070659882	834.2146126460103	654.8922564686493	1.154837	27.597128	0.3618613103231425	0.2442054974183191	-0.1169816145	-0.0354742376	0.1040780399	0.0328996656	-0.0186770571	0.0096018254	-0.0591600351	-0.1940750198	-0.1375450791	-0.038984751	0.0898450062	-0.0085623073	-0.0932738066	-0.0489527245	0.0102094062	-0.0700357707	0.0046456914	0.0674536581	-0.0308155168	-0.0917606686	-0.0244461591	0.0187909422	0.0978194035	0.1460666686	0.0207734542	0.0344906467	0.1010264573	-0.007170018	-0.0233073774	0.006445559	0.0481335178	-0.111090384	0.0596589457	0.1157893526	0.0005650536	0.0272882823	-0.0411462687	-0.1092320566	-0.0123677933	0.0960728651	-0.176622797	-0.1548997042	-0.0894955966	0.166669137	-0.0121491409	0.0439929045	-0.1131428257	-0.0037266388	-0.0336220826	-0.1245138259	-0.1036371186	-0.1641742917	0.0864412041	-0.0062957321	0.0660849693	-0.112788883	0.0539834064	0.0155721757	0.10926223	0.0441834824	-0.104980367	0.0515458781	0.0099244288	-0.0048678007	0.1323534846	-0.0013598505	-0.0597902806	0.0830137088	0.0653581725	-0.0781061856	-0.0120027293	-0.0649445214	-0.0617808746	-0.1492694115	-0.0759718129	0.1559559604	0.0006288754	0.0078782268	-0.1010796645	-0.0719961839	-0.0340929078	-0.0365354543	0.0605039732	-0.1685318434	-0.0353065774	0.1271702225	-0.0168805143	-0.0187956278	0.0496639384	-0.0453054183	0.1272246112	-0.1020720882	0.0095070957	-3.20056e-05	-0.1230257696	-0.1553439129	0.0882617951	-0.0495838971	0.0301468182	0.0327808281	-0.0347634259	-0.0856774578	0.0931377154	0.0774777102	-0.1820422618	0.0084158412	0.0282366868	-0.1228647731	0.0610234336	0.0707212182	-0.0030585522	-0.0909009893	0.0700290229	0.0734240188	0.1338451225	0.1073422654	0.0494042187	-0.0251860523	-0.0912870929	-0.0201601788836143	0.0024192788327325	5.852910070508004e-06	0.0004064328126193	-0.0755069979517202	0.2197818374454243	0.005701306739681	0.0483040560708869	0.0764770521379176	0.1010885720457323	0.0058487395037057	0.0102188993982452	0.0001370859860637	5.0446324310066864e-05	1.8792567575056947e-08	2.544831636396443e-09	-0.0006690853465503	0.0007209670167516	4.4767520096833516e-07	5.197934392437019e-07	-0.001237958919321	-1.909892339982747e-08	1.532542285926418e-06	3.6476887503247717e-16	0.0	0.0	0.0	0.0
836.7225083868925	3.989624478615269	700104.5560412534	15.917103480366158	1149.3276939105272	6.436688473350159	1320954.1479896903	41.4309585029588	800.2874371540867	1.0114478575306975	1.0230267685034382	640459.9820666562	836.3017904719875	671.4872013038175	0.965341	23.068758	0.1569008120773826	0.1020559373462505	-0.0182239015	-0.0084521284	0.0396236288	-0.0738499254	0.0700176098	0.0084760901	-0.0497829095	0.0265289224	-0.0775864639	0.0450262299	0.047876121	-0.0069863608	0.0831225054	-0.0249586602	-0.0401239636	0.0532527198	-0.0124817548	0.0644115206	0.0741312615	0.0028956571	0.0847401852	-0.0822109192	-0.0097212286	0.0582684905	-0.0448486898	0.1169678605	0.0160729674	-0.0023359234	0.0170724805	-0.1438672794	0.0092801668	0.1432801568	-0.0123868524	-0.0638667963	0.0232926449	0.0084579196	-0.0773803095	0.116334213	-0.1104918899	0.128453789	0.0359542058	0.1713281309	-0.0550040679	0.0619773809	0.1406819552	-0.0561524079	0.0644085152	-0.0349605898	-0.084131917	0.0374224301	0.0071513879	-0.049830715	0.0159708195	0.1192722038	0.0099449102	0.0115437126	-0.0579068284	-0.0569737619	0.0132128265	0.011780099	0.1227668972	-0.0010009272	-0.0403172438	-0.0363039972	0.061386741	-0.094147194	0.0442226083	0.0068875158	0.1157576074	0.0054713101	0.0544435735	-0.0264922595	-0.13765331	0.022734715	-0.003944306	-0.1279288192	-0.0042676898	0.0604984641	-0.0054487896	0.1313560713	0.0749736759	-0.1061206801	-0.1306759526	0.1088746739	0.0163747656	-0.0807763586	0.0129802841	0.0934388506	0.0306003293	0.0279800462	-0.1073644236	-0.0188631253	0.005885317	-0.0426126173	-0.1512839184	-0.0659131645	0.0242990024	-0.0646351947	-0.0546328684	0.0182094662	0.0470058825	0.0694780995	-0.0174893091	-0.0530132717	-0.0512200301	-0.0579214073	-0.0591727214	-0.0951531322	-0.04260237	-0.0170168345	-0.0033395852	0.0975910243	0.1209226057	-0.0020814361	-0.0713175634	0.1054279714	0.0430942802	-0.0350428114	-0.1003291122	-0.019749473829691	0.0004107050539233	1.686786413181413e-07	0.0003900417165496	-0.1536100898107548	-0.0781030918590346	0.0235960596916681	0.0061000929579407	0.010638966576117	-0.0658380855618006	0.0001131876098077	0.0043346535104429	-5.6949388721483645e-05	-0.0001940353747851	3.243232875750648e-09	3.7649726668026684e-08	-0.0007259645720583	-5.687922550799999e-05	5.270245598837906e-07	3.2352462943899164e-09	-0.0012380229110803	-6.399175930013427e-08	1.5327007283597405e-06	4.094945258326321e-15	0.0	0.0	0.0	0.0
834.004869997555	-2.7176383893374805	695564.1231796386	7.385558415200815	1143.2617537993235	-6.065940111203645	1307047.437700305	36.79562943270929	799.2552367914794	-1.0322003626072274	1.0654375885664915	638808.9335386038	834.4757204024922	668.9090360634134	0.891818	21.311768	0.0726061813034367	0.0466984992675189	-0.0242855286	-0.0407701222	0.034707944	0.0718018388	0.0282258594	0.0114400359	-0.0980243292	-0.0466513043	0.0597053719	-0.0640390711	0.0467747706	-0.0973314537	-0.0826467911	-0.0322382143	-0.0014098055	-0.0125166614	0.0250318915	0.1817718632	-0.0132567572	-0.0634815814	0.1094685599	-0.0293238721	0.1073149169	0.1487235323	0.0572594965	-0.0738992718	-0.0684816664	-0.0705310428	-0.0365775484	-0.0677512019	0.0843735558	0.0027445935	0.0371362986	-0.0947296791	0.0689035714	-0.0096161045	-0.0795846746	-0.0191639266	0.0132042511	0.0367551892	-0.0439419234	-0.0027051366	0.1232656868	-0.0896023353	-0.0170244047	0.1276942291	0.105248857	0.0506067682	-0.072741657	0.0272577869	-0.0767820735	-0.0845767803	0.048302654	-0.0845386379	0.0504056496	-0.0436222987	-0.0209295346	0.0233235153	0.1188746366	0.1530933452	0.0351106429	-0.0293504253	-0.0092226684	-0.1122645003	0.0523544414	-0.0338344486	-0.1071302376	0.0484711089	0.0125456771	-0.0066558544	-0.0831725259	-0.0939632222	-0.1025579204	-0.0213953459	-0.1824030273	0.1127671958	-0.0782570715	-0.0096549055	0.0279052673	-0.1341337907	-0.0144831458	-0.001552026	-0.0735353251	-0.0530164187	0.0649843214	-0.1461913589	0.0024790745	0.1634663557	0.0371881742	0.0326843298	-0.1253167545	-0.0572950963	-0.008700659	-0.0986473306	-0.1242814448	-0.1443513771	0.0530554537	-0.1305508875	0.0637085619	0.1028950905	-0.0573906782	-0.0526587132	-0.0427641837	-0.0128830062	-0.1052258559	0.0506213955	0.024222847	-0.1534003186	-0.0307250085	0.0304011391	-0.0421883372	-0.0991793308	-0.0239470671	-0.0581425362	0.1076097042	0.1034414224	0.0366662233	-0.0446835199	-0.1082719048	-0.0198578976423249	-0.0001084238126339	1.1755723146071267e-08	0.000394336098773	-0.1353210099170922	0.0182890798936626	0.0183117757249817	0.0003344904433567	0.0520516537570614	0.0414126871809444	0.002709374658845	0.0017150106595467	-0.0001019023488007	-4.495296007921635e-05	1.0384088691099524e-08	2.020768619883619e-09	-0.0007589461658308	-3.298159377249999e-05	5.759992826292721e-07	1.0877855277742102e-09	-0.0010600376566081	0.0001779852544722	1.123679833427192e-06	3.1678750809533834e-08	0.0	0.0	0.0	0.0
834.5654350668449	0.5605650692898507	696499.465408312	0.3142331969079351	1151.085114615304	7.82336081598055	1324996.9410889277	61.20497445701986	798.6919661247049	-0.5632706667745424	0.3172738440486375	637908.8567521467	835.3515437474914	667.3081749461887	0.889792	21.263367	0.1578614761138337	0.0921293919854873	-0.0480693144	0.0222506028	-0.0311185924	0.0075373903	0.0727513055	0.0141466254	0.0669738451	0.0578886461	-0.0064849772	0.0249556373	-0.0235764327	-0.1466308128	-0.0155546035	0.0395504588	-0.0080643665	0.0307263506	0.0577987252	0.0466504042	-0.0703283162	0.100005798	0.0704304299	-0.0034974376	0.0185041149	0.0325657433	0.007133801	-0.0435368511	0.0056991325	-0.1138568014	-0.0023142079	-0.1365963911	0.048510138	0.0621959547	-0.0494316138	0.0581313681	-0.0635696552	0.099807875	0.1740704297	0.1277863176	0.1113169634	0.0312434939	-0.0084885364	0.1219387233	-0.0252445708	0.0624174961	-0.2038602802	-0.1230685484	0.0110416099	-0.0399335347	-0.0059254833	0.1319718615	0.0140069594	-0.0190300471	0.115872489	-0.110504783	-0.0172738419	0.0844474254	-0.0337337675	-0.0026457602	0.052891773	-0.0142718505	-0.0130925699	-0.1725194422	-0.0020739456	-0.0948995178	-0.0013089948	-0.0286191154	0.004514797	-0.0424365897	0.0066252191	0.1239146101	0.0088482497	-0.0185590513	-0.1483288024	0.0668465845	0.0680996323	0.0881162523	-0.0085074953	-0.0834920446	-0.0243389695	0.058893152	-0.0353887433	0.0577695262	0.1048317277	-0.0866938348	-0.0248730287	0.1434335222	0.0680955902	0.0432408342	-0.1190630935	-0.0108759636	-0.0295733814	0.0187578666	0.0227454998	-0.0549019254	-0.0795182905	-0.0726344207	0.0071354068	0.0839829583	-0.0266013847	-0.065200707	-0.0128910746	-0.0295101893	-0.1850488895	-0.0551974335	-0.0125290094	0.0050811286	0.0409857239	-0.1010988888	-0.0803647236	0.0053268309	0.0203953849	-0.0210431223	0.1488451717	-0.2090377915	0.0076884759	0.1013839798	0.0301376669	-0.0540487397	-0.1150284477	-0.0217147261881081	-0.0018568285457831	3.447812248435345e-06	0.0004715293334245	-0.2080491901037646	-0.0727281801866724	0.0432844655028323	0.005289388193265	0.0108732425506232	-0.0411784112064382	0.0001182274035646	0.0016956615494865	0.0005841659243413	0.000686068273142	3.4124982716152545e-07	4.706896754120459e-07	-0.0006837871533154	7.515901251539995e-05	4.675648710391784e-07	5.6488771622900464e-09	-0.0009793038187667	8.073383784139992e-05	9.590359694510416e-07	6.517952572601458e-09	0.0	0.0	0.0	0.0
832.7016670677717	-1.8637679990731613	693392.0663374461	3.473631154369176	1141.8089187736798	-9.276195841624258	1303727.6069911197	86.04780929216717	798.1863566769185	-0.5056094477863553	0.2556409136908231	637101.459985173	833.5921434322221	661.982348754256	0.909806	21.741644	0.1180734605806703	0.0599316001812711	-0.0238941889	0.0289323062	0.1033625174	0.0380335235	-0.0388385153	-0.0885631288	-0.0381663489	-0.0969085461	0.0173255339	0.0193968928	-0.0596384709	0.0952964082	-0.0497982045	0.0463426238	0.0580393963	-0.1393366499	-0.0263780573	-0.0457586535	-0.1073375702	-0.1145217507	0.1507981311	0.0952234729	-0.1265718889	0.083896802	0.1636188338	0.067556478	0.0002524427	0.0278911546	0.1292095923	0.121848702	0.0579103584	0.0067921719	0.0747766063	-0.0036858322	-0.1530268991	-0.0414589438	0.0020738725	-0.0611037113	-0.0126541252	0.0289975349	-0.04132125	-0.0719532036	0.1602600483	0.0014864725	0.0743919955	-0.0099167216	0.0472103319	0.089335572	0.0547343139	-0.0564441552	-0.1024187048	0.1406892761	0.0496390943	0.1309637272	-0.0449394382	-0.0667260272	0.1169749456	0.0622730183	-0.0463836626	0.0266883865	-0.1173758374	-0.0511613377	0.0533342188	-0.1349796006	0.0520599953	-0.0007171562	-0.0070372682	-0.0517677576	0.1570618621	-0.1292598153	-0.0882313442	-0.0010888206	0.1020783482	0.0174744807	-0.2129935897	0.0424116498	0.0113710063	0.0886887767	0.0585739842	0.0725673004	0.0512613557	-0.0293730951	0.1585846886	-0.0105041048	-0.1367145692	-0.1256237894	-0.010258938	-0.1347014213	0.0033726562	-0.0490317037	-0.0311912209	0.0076048862	-0.0898681105	0.0858029532	-0.0187482806	-0.1158015618	0.082909137	-0.0133357974	0.0775315734	-0.0641303011	-0.0464608585	-0.1300762447	-0.0166898766	-0.0396189194	0.0043255217	0.0656699132	0.1267068778	-0.1481106624	-0.0184412118	-0.0754634529	-0.0153870056	-0.0357058447	0.1542882002	0.042858613	0.0991431123	0.0992570537	0.0235265052	-0.063080731	-0.1205247148	-0.0067727535739976	0.0149419726141105	0.0002232625456008	4.587019097409726e-05	-0.1670455683457703	0.0410036217579942	0.0279042219039614	0.0016812969972726	0.0221787327379487	0.0113054901873254	0.0004918961858613	0.0001278141083757	0.000839907620274	0.0002557416959327	7.054448105943338e-07	6.540381503853359e-08	-0.0005871321685919	9.665498472350006e-05	3.447241833954273e-07	9.342186071900033e-09	-0.0003152529789981	0.0006640508397685	9.938444076717649e-08	4.409635177973828e-07	0.0	0.0	0.0	0.0
834.9548166175296	2.253149549757836	697149.5457928124	5.07668289357394	1149.4869607337434	7.678041960063638	1321320.272896899	58.95232834049787	800.1060987136467	1.9197420367281663	3.685409487581209	640169.7691987718	835.9326293414465	660.7715464678901	1.089779	26.042437	0.2266439426172536	0.1345186357982213	-0.1279743734	-0.0834927216	-0.0011020551	0.0843142902	0.0778003972	0.1043537612	-0.0337620955	-0.0246958856	-0.0523445302	-0.2121726404	0.0600366323	0.0850088611	0.0617239123	-0.1239448294	0.1117072846	0.0407573182	0.0518086362	-0.0027269098	0.0779711701	-0.185315806	-0.0860838401	0.0477688896	0.038769502	0.0301664269	-0.0541680721	0.0698903358	0.0299252538	0.0724353731	0.0621528779	-0.0109413436	-0.0878556403	0.0920873753	-0.0347824459	-0.0152119435	-0.1351429513	-0.0541297707	0.0509895968	0.0454706125	0.0273314189	-0.1349938446	-0.3142742424	0.061808312	-0.1627816446	0.0981400696	0.0028208862	-0.0449125872	0.0332893379	-0.0244290562	0.0108313699	-0.0029195308	0.1097867285	-0.0871597214	0.0468813417	0.0247498031	0.1301890613	0.0115119826	-0.0294406255	0.1180849356	0.0118295232	-0.009393242	0.0165182798	0.2106774674	0.0561118643	-0.0011634686	0.0468755734	-0.0447194994	0.1139388323	-0.1440997091	0.0399061395	0.0738589505	0.1680406212	0.0159423517	0.1177218848	-0.043338947	-0.0117530689	0.0138712861	0.0376876423	-0.1694160449	0.0035274517	0.1071208727	0.0538915207	-0.1287528114	-0.0274783477	-0.0267087581	0.066307286	0.1067650205	0.2230278064	0.0567407649	0.1499738245	-0.0615644719	-0.0578150104	-0.1329358127	0.0614382731	-0.0271121242	0.0795181461	-0.0500640168	0.03509885	0.0695341015	0.0538171438	0.0155248465	0.1232345745	-0.0034261451	0.1156184822	-0.0651736153	-0.1871829204	-0.0704779337	-0.0057552	-0.0291874458	-0.1532322463	0.0164265198	0.0141062273	0.0505265996	0.0204575859	0.0276017965	0.0580830958	0.0970621018	0.016850859	-0.0717238087	-0.124700488	0.0024788282076428	0.0092515817816404	8.559176546238056e-05	6.144589283005616e-06	-0.0462825222868588	0.1207630460589115	0.0021420718692335	0.0145837132934267	0.0401923915536954	0.0180136588157467	0.0016154283388055	0.0003244919039301	-0.0001670133403871	-0.0010069209606611	2.7893455867257328e-08	1.0138898210186726e-06	-0.0001269824514156	0.0004601497171763	1.6124542967515215e-08	2.1173776221742885e-07	-0.0002100105376164	0.0001052424413817	4.410442590992936e-08	1.1075971467980562e-08	0.0	0.0	0.0	0.0
834.1155619440415	-0.8392546734880852	695748.770677224	0.7043484069715926	1146.8325100662116	-2.654450667531819	1315224.8061447674	7.046108346360119	799.4777109686942	-0.6283877449525335	0.3948711580065303	639164.6103357429	835.9903423963627	663.3270290409034	1.186187	28.34631	0.4083608819661558	0.2589883454654503	0.0278537392	0.12677792	0.0294830517	-0.0508970249	0.1065113538	-0.0771575452	0.1024965638	0.0861220505	-0.0804318289	0.072684993	0.1185975763	-0.0325791791	0.0712805482	0.1023168333	-0.009852306	0.1197231387	-0.0231367356	0.0563247171	0.1125592793	-0.01789111	0.0047269543	0.0255843257	-0.0112147834	0.0451389321	0.016913968	0.0564234099	0.0324505434	-0.0940669758	0.1536166809	-0.0208075824	-0.0003639143	-0.043215778	0.085979589	0.0469256183	-0.0080220026	0.0241622318	0.069472834	0.032719025	-0.0728632973	0.0722629443	0.0297854148	-0.0516607142	-0.0297151786	-0.0581970811	-0.0003040466	0.0099061046	-0.006237248	-0.070449488	0.1730233612	0.099385285	0.020667431	0.1542924804	-0.1121038816	0.079700014	-0.100487046	0.1384265871	-0.0176400275	-0.0797203735	0.0515614266	-0.0261306298	0.132543165	0.0191067951	0.0217089003	-0.1194009453	-1.1876e-06	-0.0168568417	0.2317450201	0.0099223381	0.036114047	0.0371734425	0.0569790674	0.0339069194	0.0984268771	-0.0988524015	0.0076345209	0.0573152646	-0.0665917315	0.1725935986	0.0006664203	0.1254256256	-0.0364128939	0.031312535	-0.064370159	0.0295768972	-0.0404608552	-0.1067977359	-0.0151858146	-0.1368249922	-0.0087245891	-0.0158953668	-0.1632697164	0.1294464143	0.0004714931	-0.0206889296	0.0080878341	-0.0143461962	-0.0274457097	0.0613700646	-0.1220493782	0.031414918	0.1624383482	0.1331858211	-0.0504966435	-0.0737372707	0.0666461493	0.0487230747	0.0745406374	0.0629915495	-0.0148971996	-0.0972709083	0.0422583796	-0.0980815591	0.0860109673	-0.0422536294	-0.0489514384	0.0948006283	0.0101290257	-0.0799246852	-0.1275100165	0.0027591881040791	0.0002803598964363	7.860167152977296e-08	7.613118993691618e-06	-0.2769909402172885	-0.2307084179304296	0.0767239809624574	0.0532263741039618	-0.0628125427501444	-0.1030049343038398	0.0039454155267387	0.0106100164909383	0.0007519032491841	0.0009189165895711	5.653584961336067e-07	8.444076985891651e-07	-0.0005591302948129	-0.0004321478433973	3.126266865775605e-07	1.8675175855293736e-07	-0.0003462895013569	-0.0001362789637405	1.199164187500105e-07	1.857195595818452e-08	0.0	0.0	0.0	0.0
832.0134417939372	-2.1021201501042697	692246.3673257934	4.418909125474397	1143.6027656497813	-3.229744416430321	1307827.2856018287	10.431248995462838	797.9489547658272	-1.52875620286693	2.337095527804114	636722.5344118762	833.7499667973194	656.7282659606542	0.898479	21.470951	0.1823215201062426	0.1270659575105452	-0.0383277622	0.1098219024	0.09083548	0.045726862	-0.0231439356	-0.0844475326	0.03119189	-0.1368963246	0.0138629876	0.052725653	0.0320499543	-0.0430519005	0.0590544308	0.1060256557	0.019357669	-0.067245401	-0.0048167405	0.0477817994	-0.0327525773	-0.0063305696	0.1355127049	0.0490003555	-0.0521259009	-0.1773263321	0.0829843374	0.0325627836	-0.075532917	0.0207721399	0.1046517056	0.1078482409	-0.1131406074	0.0617592136	0.0297344158	0.1175781626	-0.0048920842	0.1421158791	-0.0015920995	-5.67636e-05	0.1457937174	0.0567599101	-0.1074057629	-0.0960125395	-0.0724366467	-0.0289904642	-0.0186888429	-0.0087485113	0.0358075105	0.0028785587	0.1002213592	0.0213373142	0.139442353	0.1187667366	-0.0484306163	-0.1758561967	-0.084936192	-0.0221744765	0.0813657689	0.0354002197	0.0163386057	0.0803712018	0.0427880954	-0.1158405485	0.0426722436	-0.1133324863	-0.0958068557	-0.0453909401	0.0464104338	-0.0487488835	0.0803006064	0.1047942939	0.0552476524	0.0280875145	0.0918475703	0.0082201557	-0.0288770408	-0.1093826869	-0.0732077662	0.0806341374	-0.0760380264	-0.0651141671	0.063070279	0.0986567688	0.1994935058	-0.0172801225	-0.1295402223	0.0634777428	0.0788248581	-0.0425835657	-0.0964838967	-0.1056446694	0.0049262449	0.052070759	-0.0242731669	0.07454555	0.0445251711	-0.0602711169	0.0716160859	-0.0493881979	0.0007642584	-0.0968997934	0.0534660931	-0.0349989051	-0.0728431853	-0.0225926968	0.0332919349	0.0090705252	0.0774603312	0.0366940302	0.0042826529	-0.0304583082	0.0243549796	0.0171683467	0.105365817	0.1060267558	-0.0987710039	0.0924741833	0.0033794295	-0.0876327994	-0.1289225186	-0.0004308538236301	-0.0031900419277092	1.0176367500542629e-05	1.8563501733667735e-07	-0.1577910944203324	0.119199845796956	0.0248980294783662	0.0142086032380181	-0.0278715798433921	0.0349409629067523	0.0007768249629665	0.001220870888851	0.0007960307410417	4.412749185760004e-05	6.33664940683398e-07	1.9472355376425576e-09	-0.000558956308813	1.7398599990001325e-07	3.1243215516185384e-07	3.027112816120741e-14	0.0001092224102821	0.000455511911639	1.1929534907831384e-08	2.0749110164501613e-07	0.0	0.0	0.0	0.0
835.6867036847896	3.673261890852359	698372.2667155493	13.492852918788248	1155.5056609533783	11.902895303597006	1335193.3324953036	141.67891660839166	798.9263198122538	0.9773650464265984	0.9552424339764668	638283.2644887517	834.3694255915275	666.3183537582378	1.05723	25.264614	0.2781459579372542	0.1623231817305233	-0.0787169282	-0.1052173103	0.0338776868	0.0324042409	0.0440283624	0.1009130413	-0.0861228504	-0.0573549601	-0.0660681654	-0.0612676858	-0.1065123196	0.0626688466	0.0364175176	-0.1202893838	0.1156422673	-0.1192893427	0.035969364	-0.1249586915	0.0064589498	-0.1271573383	-0.0360898261	0.1011315424	0.086914858	-0.0495139325	-0.0574200552	-0.0274738124	0.0413011835	0.0258736495	-0.0884593171	0.1331087375	0.0312348056	0.0189236375	-0.1891746304	0.0269737685	-0.0412064955	0.0986514785	0.120469243	0.0786083293	0.0337041292	-0.0049608173	0.1585846115	0.0990916138	0.0724255571	-0.059575356	-0.1664328834	-0.0125828607	0.0560948441	0.0895346612	-0.1011827925	0.0832639429	0.131000939	-0.076274072	-0.0236407721	0.119269439	0.1160343098	-0.0734630868	0.064724306	0.1297014245	-0.0336238699	-0.0642218671	-0.098692977	0.0606311213	0.0257908121	-0.0499115855	0.0397684981	0.091152221	0.0304197394	-0.1455601574	-0.0302659314	0.1203873042	0.0529590227	-0.045598352	0.01975676	-0.0134804318	0.1458426195	-0.0168010317	0.0475080623	-0.0647912549	-0.0552562334	-0.0034257674	0.0225272796	0.0872584887	0.0834461375	-0.0370768874	-0.1413236452	-0.0635987769	-0.1459266606	0.1106296658	-0.036201648	0.0977433985	-0.098654376	-0.1370019609	-0.0055365633	0.0753253178	0.0881277001	-0.0054638411	0.0437260576	0.096274806	-0.0138628423	-0.054927974	0.063064455	-0.0498015374	0.0696339679	-0.0181786	-0.1251042734	-0.0101416106	0.0862718175	-0.0653784591	-0.0701100671	0.0285266159	-0.0114760223	-0.0270474507	0.0349024459	-0.0856729179	-0.1264709975	0.090084361	-0.0033794295	-0.0948006283	-0.1289225186	0.0023982290066726	0.0028290828303027	8.003709660713536e-06	5.751502368445845e-06	-0.0149264691299606	0.1428646252903718	0.0002227994806876	0.0204103011593583	0.0315435914066313	0.0594151712500234	0.0009949981588285	0.0035301625746696	4.203570016417417e-05	-0.0007539950408775	1.7670000882923522e-09	5.685085216679018e-07	-0.0001679909023835	0.0003909654064295	2.8220943283622623e-08	1.5285394902458418e-07	0.0004250035343062	0.0003157811240241	1.8062800417276133e-07	9.971771828992405e-08	0.0	0.0	0.0	0.0
837.2241194808684	1.5374157960787898	700944.2262405154	2.363647330032579	1150.7777956051934	-4.727865348184878	1324289.5348579483	22.352710750567315	800.768750710415	1.842430898161183	3.3945516144990235	641230.5921143187	836.9173599848084	675.9169499858812	0.96744	23.118917	0.2286142012781191	0.1453159432245535	0.0220129067	-0.0233110694	0.0078971675	-0.1015562075	0.0620622956	0.0396904717	0.0475883117	0.0281217027	-0.0712063625	0.0427562742	-0.0490657738	0.0113534757	0.0425935109	-0.0256445176	-0.0360441278	0.0095303921	-0.0630698607	-0.0696751128	0.1500284365	0.0502306859	-0.0531449924	0.0705920078	-0.0964595603	0.0158616711	0.1414784932	-0.0144924284	0.0354146285	-0.139235757	0.0786177073	0.1265889957	-0.0921211409	-0.0910003023	-0.0806206675	0.0650566677	0.0061731922	-0.1183045509	0.0223277182	-0.0031653549	-0.0614910379	-0.0361699131	-0.0539576179	0.1271190262	0.003942904	-0.0391992627	-0.0167326904	0.1584494056	-0.1599935303	-0.0317017034	0.0124406858	-0.0539719048	-0.0752602838	-0.0660858621	0.1040301287	-0.0575846411	0.0081595804	0.0127266203	-0.0147826032	-0.0796946736	-0.0946415173	-0.1316117125	0.0925467967	0.1162746555	0.0028647796	-0.0339042697	-0.1198180072	0.10664137	0.0606126287	0.0829455099	-0.0206630919	-0.0456959517	0.032865326	-0.1367432726	0.0925399331	0.0274579781	-0.1381313264	0.1020114192	0.0715746185	-0.0257448927	-0.0628841336	-0.0552306741	-0.0840681251	-0.0864227361	0.0153303279	0.0136573931	0.1356799675	0.150131444	-0.0149692828	-0.0300778388	0.0888601859	0.0286538904	-0.0903196806	0.0046724516	-0.0401119394	0.0266412959	0.0474884058	0.0732536124	-0.0528349281	0.0693878871	-0.0941994267	0.0156059771	0.1955564792	0.1519333458	0.0598378063	-0.1103601655	-0.0183488259	-0.0252467166	-0.1035575596	-0.0014257924	0.1856314061	0.0450388394	-0.0285056101	0.0937747635	0.0232900478	-0.0826907373	-0.0731140059	0.0876327994	-0.0101290257	-0.1013839798	-0.1275100165	0.0202234402802048	0.0178252112735321	0.000317738156946	0.000408987536767	-0.1359684489568735	-0.1210419798269129	0.0184874191117379	0.0146511608804187	-0.0459041728686315	-0.0774477642752628	0.0021071930867532	0.0059981561912366	0.0001820463660823	0.0001400106659181	3.3140879403770796e-08	1.960298657083704e-08	-0.0001779528322372	-9.961929853699987e-06	3.1667210501241046e-08	9.924004641003904e-11	0.0005210158565826	9.60123222764e-05	2.714575228105004e-07	9.218366028907292e-09	0.0	0.0	0.0	0.0
835.2057506492832	-2.0183688315851214	697568.6459176327	4.073812740314288	1147.9945195707164	-2.783276034477012	1317891.4169644	7.746625484094083	799.4878051740008	-1.280945536414265	1.640821467259629	639180.7506219409	835.2991954284964	673.3880342598598	0.870687	20.806805	0.2039372086009565	0.0970426304940294	0.0654641522	0.0566866151	0.0698703709	-0.0139086633	0.0014657775	-0.07962253	0.0341236761	0.003924194	0.0033132047	0.0275913535	0.0101345355	-0.0353799018	0.009242945	0.0484253414	-0.0300370394	-0.0399501783	-0.0215609147	0.1065557535	0.0401152287	0.0574010913	0.0892922991	0.0113982747	-0.0213800007	-0.0784747423	-0.0133195135	0.1804580376	0.0579484498	0.1009069395	0.1500802359	0.0285326036	0.0283637629	-0.0979138212	0.0299297068	0.1105526342	0.0966113569	0.0011110173	-0.1047472797	-0.0123466328	-0.0184323814	-0.0640882788	-0.0762380079	0.0445475443	0.0386769488	-0.0085896488	0.1614757189	-0.1217584904	-0.052190875	0.0006212542	0.0115049651	0.1079056134	0.0299047788	0.0087537614	-0.0181210297	0.0630194212	-0.0670170105	-0.0289211966	0.0287425888	-0.0461739368	0.0337493281	-0.0028274844	0.1043384997	-0.0440189666	-0.0657757954	-0.0283985936	0.0012219991	-0.0761431032	-0.0517211291	0.0004864421	0.175697547	-0.0244316196	0.0676421802	0.0576436378	0.1814282767	-0.0611752907	0.0432049504	0.0214713013	0.0221312953	0.0759680441	-0.0621170102	-0.0148868989	0.0562162466	-0.0011941266	0.0312351108	0.0706702716	0.1910958985	-0.0593991694	-0.0155400352	-0.0044888956	0.0042431297	0.003955138	0.1295028385	0.0711747485	-0.0732252967	0.0284362969	-0.0015942366	-0.0251516429	0.0005733799	0.0035173742	-0.0634187131	0.0806173301	0.0995047877	0.0238447834	-0.0876297138	-0.0175299632	0.0358151725	-0.0409359921	0.0884853924	0.0158698684	0.0637289298	-0.0783654779	0.0335667928	0.0212391568	0.0226388314	0.0367657192	-0.0813977768	0.0851211787	-0.016850859	-0.1073422654	-0.124700488	-0.0137161854920009	-0.0339396257722057	0.0011518981975573	0.0001881337444509	-0.2119706318792538	-0.0760021829223803	0.0449315487792901	0.0057763318089669	-0.0299481999162338	0.0159559729523977	0.0008968946782227	0.0002545930728576	0.0006849835573225	0.0005029371912402	4.692024738021867e-07	2.529458183325816e-07	-0.0006660165045246	-0.0004880636722874	4.4357798429916653e-07	2.382061482066626e-07	-4.8771818969256205e-05	-0.0005697876755518	2.3786903255698996e-09	3.2465799521078735e-07	0.0	0.0	0.0	0.0
836.6713552299806	1.4656045806973452	700018.9566623723	2.147996786961041	1154.5086163398914	6.514096769175012	1332890.1452030507	42.43345671817633	800.1347043583802	0.6468991843794356	0.418478554750779	640215.5451186724	835.9510103244226	676.9285874177004	0.879634	21.020605	0.205603707422517	0.1416864699284417	-0.0041224235	-0.0179290114	-0.0482198471	-0.0113610148	-0.1318311175	0.0262171595	0.0332748944	-0.0381458695	0.0336038625	0.0367101385	-0.121767433	0.0865217426	0.0832331215	-0.0508631815	-0.0206478392	-0.0709406865	-0.0352259887	-0.0894102257	0.0099922978	0.0831586299	0.0332244633	-0.0681313627	0.0531286633	0.0557569576	-0.0744591532	0.0426106497	-0.0613615996	-0.1216809022	-0.0899926022	0.0953288365	-0.1251362465	0.0815556763	0.0343020857	0.1020806806	-0.0370214862	0.0137108162	0.0741588885	-0.0236400705	-0.1798722598	-0.0409088256	0.0558316004	-0.0599326194	0.0990399242	-0.0581544328	0.0709728121	0.0209977183	0.0385607039	-0.0458949934	-0.0452532089	-0.2249924074	-0.0517991569	-0.1321799204	0.0794268869	0.0619154372	0.0231305444	-0.0356582302	0.0239172196	-0.002129667	-0.1258529454	-0.0400579189	0.0021888888	-0.0848025421	-0.0235173015	0.0046602913	0.0680741938	0.0822305659	0.0038187949	0.0103820348	-0.0067044006	0.0287869459	0.0706635943	-0.0733557927	-0.0796134331	-0.0369463722	-0.0096921749	-0.0826055165	0.0872943665	-0.0175819418	0.1111037565	-0.0873254909	0.0039712022	0.1252829128	-0.0928283295	-0.0737031395	0.0393773933	-0.0256318142	0.0499243089	-0.123443149	0.001355009	0.1258010807	0.1585069653	-0.013686553	0.0289452192	0.1134736953	0.0833687825	0.093252918	-0.0249753131	0.0017406322	0.036219194	-0.1095156869	0.0603750875	-0.0755797608	-0.0778192473	-0.0360171542	-0.0181481473	0.0076876149	-0.1395004358	0.0079179934	0.0372524398	-0.106273889	-0.0204600827	-0.0203111799	-0.0396702808	0.0737759113	0.0287945891	0.0825512202	-0.0235265052	-0.1126387502	-0.1205247148	-0.0138220581434751	-0.0001058726514741	1.1209018330177245e-08	0.0001910492913216	-0.0749511270259262	0.1370195048533276	0.0056176714424565	0.018774344710251	-0.0558345287222863	-0.0258863288060525	0.0031174945976398	0.000670102019055	0.000440017348577	-0.0002449662087455	1.9361526704873319e-07	6.000844342714389e-08	-0.0002479690387928	0.0004180474657318	6.148864419982514e-08	1.7476368360478052e-07	0.0001400545287867	0.0001888263477559	1.9615271033664578e-08	3.5655389606853306e-08	0.0	0.0	0.0	0.0
835.6513499146528	-1.0200053153278077	698313.1786141815	1.0404108432969803	1152.0787311066365	-2.429885233254936	1327285.4026682775	5.904342246790394	798.8554380098608	-1.2792663485193998	1.6365223904541584	638170.0108379265	834.9432141634253	679.4034539248427	0.884511	21.137157	0.1983087844738823	0.1100775283149175	0.071658256	0.0373113663	-0.0783637814	0.0652700174	-0.0964323563	-0.0453492882	0.0433887484	0.0869675162	-0.0295923163	-0.0741799884	-0.0471673105	0.0575628916	-0.0853985291	0.0562165185	0.015375939	0.0064490149	0.0315900403	-0.1352849274	-0.0364780962	-0.0268300384	-0.0196109093	0.0751327509	-0.1700415103	0.0543676212	-0.0859723394	-0.050399899	0.0353600899	0.0766128966	0.0187289839	-0.0005347319	0.0175545125	-0.0114729187	-0.0122654591	-0.0936265793	0.1779477727	-0.0428468748	-0.1145579165	0.0683328002	0.0450892926	-0.0963906816	0.1798845659	0.0920804471	0.0227600896	-0.001014861	-0.0185728477	0.0697936347	-0.0440455716	-0.0406698164	0.004225401	-0.265600816	0.0022554802	-0.06753244	-0.1420506793	-0.0511821093	-0.0599311934	0.0290680588	-0.0017379236	0.0310805788	0.004397524	-0.105844225	-0.1363458044	0.0597588949	-0.03614195	-0.0063550582	0.0366703181	-0.0221237921	-0.031345415	0.0082902308	-0.0597907528	-0.1367651688	-0.0685174394	-0.0331624644	0.0475461745	0.1646526716	0.0695412853	-0.0720831845	0.0242237104	0.1249995666	0.0416143438	0.0530903047	0.0427247886	0.0424308368	-0.0379209659	0.0356239604	0.0799401375	0.0905855862	-0.0870430359	0.1237889956	-0.0443751508	-0.0439453053	-0.0108957752	0.0702153761	-0.0180251097	-0.0232354918	0.0827817116	-0.0328333712	-0.0101297264	0.0746829072	-0.0368225866	-0.0112867809	-0.009534058	-0.0979948581	0.110043816	-0.0770467289	0.0267424507	0.0547073565	0.066557463	0.052715869	0.1082461635	-0.064683615	-0.0133787149	-0.0296931637	-0.0661385411	0.028628009	-0.0760044786	0.0799246852	-0.0301376669	-0.1172407796	-0.1150284477	0.0024299366332485	0.0162519947767236	0.0002641273342226	5.904592041603054e-06	-0.1751062862792451	-0.1001551592533189	0.0306622114945089	0.0100310559250576	-0.0240696005546965	0.0317649281675898	0.0005793456708626	0.0010090106614921	0.0009690699661074	0.0005290526175304	9.390965992113972e-07	2.798966721157677e-07	-0.00064289403785	-0.0003949249990572	4.133127439030773e-07	1.5596575488032948e-07	0.0002188109577241	7.87564289374e-05	4.7878235220137887e-08	6.202575098971737e-09	0.0	0.0	0.0	0.0
834.0776700489913	-1.573679865661461	695685.559674354	2.476468319588274	1150.6476549994677	-1.431076107168792	1323990.025955774	2.047978824509384	799.5736481478501	0.7182101379893311	0.515825802310654	639318.018812462	835.3701415139109	662.4700242117219	1.008868	24.108906	0.1284693701361441	0.0789231305341572	-0.0551066889	-0.0011630361	0.0959200917	-0.1437633511	-0.0231016242	0.0464031985	0.0165359749	-0.0877438021	-0.013778966	0.0907425956	0.0455859937	0.1426846703	0.0360276723	0.0171184669	0.0809958956	-0.0794888516	-0.1171207522	0.0250065999	0.0747231544	0.0177089946	-0.1289869073	-0.0381547499	-0.0919741049	0.0598953332	-0.0395303988	0.0163550009	0.0217310724	-0.0647280031	-0.0052898295	0.0079840886	-0.0067055718	-0.142001288	-0.1460769846	0.039859917	0.2477831422	-0.0475263012	-0.0502854215	-0.0618171116	0.1188723618	0.0524121268	-0.0272157842	0.0936626003	-0.0481501659	-0.1102326789	-0.0357335155	0.1363646741	0.018045399	0.1669761295	0.0358841249	0.0707021131	0.0536001492	0.1168063711	0.129437621	0.0147055936	0.0325416047	-0.0156987259	0.1373686865	-0.0322715668	2.36803e-05	-0.033823467	0.1169340512	0.0933772429	0.0371358862	0.0666421682	-0.0673219622	0.0645275684	0.0497673358	0.0360527841	0.0175542714	-0.1677388478	0.0526369533	-0.1788541755	0.0136440298	0.0453696606	0.1101930108	0.0402419759	-0.1358264066	0.0310401507	-0.107160453	-0.1670943593	-0.0528579536	-0.0279673334	0.0133025432	0.0461792378	0.0295945489	0.0162959024	-0.0707880995	0.1422022409	-0.0572659368	0.0700705302	-0.1328117166	-0.0249069884	-0.0396736441	0.1253702068	-0.0413097596	0.0297959688	0.0151373976	-0.0092291059	-0.0895279098	0.0519928812	0.1076131112	0.0682064794	0.0851167518	-0.0975707144	0.0037895432	-0.0607952356	-0.1037662937	0.0630441568	0.1170530427	0.0593109562	-0.052845262	0.073800597	-0.0598637501	-0.0426803297	0.0874810786	0.0772433738	-0.0366662233	-0.1211199807	-0.1082719048	0.0059008299237319	0.0034708932904834	1.2047100233922684e-05	3.4819793788809816e-05	-0.1070862952207676	0.0680199910584775	0.0114674746241093	0.0046267191835953	-0.0239524149413483	0.0001171856133482	0.0005737181815225	1.3732467975794042e-08	0.0001830211215129	-0.0007860488445944	3.3496730919839716e-08	6.178727860883483e-07	-0.000405990675822	0.000236903362028	1.648284288544043e-07	5.6123202940169657e-08	0.0001045371608699	-0.0001142737968542	1.092801800273935e-08	1.3058500647474972e-08	0.0	0.0	0.0	0.0
834.2006901535858	0.1230201045945023	695890.7914527189	0.0151339461344422	1148.4686112081197	-2.179043791348022	1318980.150930307	4.748231844612361	799.8011882786434	0.2275401307932725	0.0517745111214195	639681.94077193	835.4720788542121	664.3254654949222	1.005528	24.02911	0.1874698914813681	0.0884621592319459	-0.0156406503	0.044445874	0.0234772282	0.1344614621	-0.0124094072	-0.0485694123	0.0058490967	0.0023200304	0.0036753845	-0.0674666817	-0.0332456025	-0.1139277323	0.0294350673	0.0396175403	0.0150121181	0.0161356916	0.0545894132	0.1330000952	0.0143381016	0.0649450117	0.0987610292	-0.006614827	0.0101054168	-0.0528118097	-0.0703536733	0.0205647529	0.0627055011	0.0671852783	0.0132597168	0.020856807	0.0987076734	-0.1060491638	0.1039024689	0.0018958585	0.0385055365	-0.1701289072	-0.0522946671	0.0760982413	0.0100340218	-0.0254427068	0.1055855017	-0.2912616706	-0.0816269668	0.0727220309	0.0870303497	0.0226641155	-0.0632682416	-0.0143769412	-0.1696543975	0.1411074597	0.116109176	-0.1067689668	0.0454777218	-0.1492680934	-0.0414263559	-0.0133389586	-0.0395659687	0.0799453223	0.0925346869	0.0433626167	0.0615085631	-0.0638826394	-0.133727207	0.0086602528	0.0105517652	-0.0737033954	-0.1816099301	0.1230494378	0.0417619707	-0.1339551417	0.0315544817	0.0614772476	0.0769391431	-0.0409508375	-0.0441050019	0.0164553642	0.0604574382	0.0120368337	-0.1365400471	0.0490207705	-0.0038506642	0.0082236191	-0.0542019057	0.0304699638	0.0863917298	-0.0988502635	0.0463775795	-0.0163171649	0.0933947183	-0.0751215015	-0.0563786139	-0.0031870561	0.0441032898	-0.1261499605	-0.0750852022	-0.0996412467	0.0736750058	-0.1557426792	-0.0923247269	0.0944704472	-0.0078726344	0.0114056235	0.017369307	-0.0116605149	-0.0442423779	0.0046824831	0.05117084	-0.037611951	0.1026731585	-0.119175552	0.0051493032	-0.0219097666	0.0617431481	0.1113154361	-0.1040220473	0.0745091236	-0.0430942802	-0.1242524367	-0.1003291122	-0.0131925483073871	-0.019093378231119	0.0003645570922765	0.0001740433308427	-0.1309737405306066	-0.0238874453098389	0.0171541207085786	0.0005706100434305	0.0320642779909619	0.0560166929323101	0.0010281179230816	0.0031378698870727	-3.186650344230019e-05	-0.0002148876249552	1.0154740416381295e-09	4.6176691358886776e-08	-0.0012859926098656	-0.0008800019340436	1.6537769926289371e-06	7.744034039204765e-07	-0.0005700207802933	-0.0006745579411632	3.249236899661826e-07	4.550284159863352e-07	0.0	0.0	0.0	0.0
835.599679942793	1.398989789207235	698226.8251204982	1.9571724303061035	1154.8008770476606	6.332265839540924	1333565.0656300462	40.09759066261692	800.8815330852566	1.0803448066131978	1.1671449011761077	641411.230036991	837.042243087176	666.7261779770465	1.063492	25.414265	0.1638243876595457	0.0908241600563002	-0.1018368859	-0.1002519109	-0.0291824389	-0.0490863543	-0.0841193248	0.1413791258	0.0580346688	-0.0408625806	-0.0054673431	0.0697011913	-0.0371104598	0.0337227466	-0.016030062	-0.0947071183	0.062383556	-0.0072343126	-0.0547352907	-0.0031942878	-0.0225863671	0.1215498299	5.8617e-06	-0.1219656578	0.0010595576	-0.0211863565	0.0702081138	-0.0461812884	0.1956074354	-0.2499864383	0.1205847995	0.1369381135	0.0777608721	0.1669001403	-0.0521413189	-0.014254811	0.0814884581	0.0551490133	0.0187101906	-0.0274755482	0.0501959549	-0.0719102673	-0.0006396376	-0.0410035514	-0.1806405472	0.049125521	-0.1032638473	-0.1161343737	-0.1466010806	-0.0236538698	-0.075707279	0.004082139	0.1399886163	0.0042390326	0.028596998	0.0951170844	0.1179744018	0.0144316066	0.0527792458	-0.0696158902	-0.0437548971	-0.0684172965	0.0246040659	-0.0982543651	-0.0664833929	0.1250988709	0.0749757999	0.1056116318	0.0869787561	-0.0174658895	-0.0944152095	0.1344150727	0.0991443772	-0.0983205099	-0.023007338	0.1513331936	-0.118758338	0.1114694163	0.0887985655	0.0950288644	0.0879867525	-0.0763343792	-0.1741141371	0.0715080154	0.049992006	0.0743311903	0.096517634	0.0402379914	-0.031516898	0.0128263069	0.0880889843	-0.0747698282	0.1481570899	-0.0998016135	0.0185245114	0.0577295149	-0.0989076363	0.0604640059	-0.0181025843	-0.0453601399	-0.0811693376	-0.1283079519	0.0911936591	0.0249584569	-0.1430394157	-0.0015265647	-0.0909728001	-0.0641367494	-0.2269676932	0.0363670987	0.1736465661	0.2066914335	0.0068296322	-0.054104923	-0.0888242532	-0.1864432262	0.1655503098	0.0717238087	-0.0494042187	-0.1266188352	-0.0912870929	-0.0063636061515239	0.0068289421558632	4.663445096812553e-05	4.049548325171282e-05	-0.0626384546750813	0.0683352858555252	0.0039235760040822	0.0046697112929563	-0.0256131044368004	-0.0576773824277623	0.0006560311188904	0.0033266804437183	-0.0002533378981995	-0.0002214713947571	6.418009066414022e-08	4.9049578695699424e-08	-0.0009959141843522	0.0002900784255133	9.91845062593908e-07	8.414549294833311e-08	-0.0006781265044306	-0.0001081057241372	4.598555560112645e-07	1.1686847591250004e-08	0.0	0.0	0.0	0.0
836.9413816964625	1.3417017536694402	700470.8763959837	1.8001635957996514	1146.267492997019	-8.533384050641644	1313929.165501671	72.81864335574518	800.0897857505771	-0.791747334679485	0.6268638419720685	640143.6652624044	835.5685520419025	675.0855873999149	1.455569	34.783737	0.4153466178781723	0.2091447250017232	0.1248780539	0.190844533	-0.0773158163	0.0695934916	0.0409641656	-0.2252481392	-0.0216853274	0.1199962008	0.082324441	-0.0693759979	0.0853872711	0.0979758199	0.1262865306	0.1562136258	-0.1662854272	0.0683027578	0.0718428512	-0.0899648269	-0.0127433401	0.0492936805	0.0281996647	-0.0870537293	-0.0426628065	-0.0602940012	0.0030840835	-0.1257961086	-0.0191692959	0.0432796728	-0.1935860768	0.1211648609	-0.0837627792	0.0230419804	-0.0513704621	-0.0671987377	-0.0943274259	-0.0233135221	-0.0335766844	-0.0218572385	0.0320725502	-0.0259197468	-0.0558582967	0.1764240786	0.1034317637	0.1307976604	0.0031862801	-0.0536547935	0.0378190867	0.0245420331	0.2496733708	0.0078251442	0.1168364031	0.0827919077	-0.028113766	0.1683972867	-0.2227718726	-0.0025833681	-0.1557226041	0.0258894008	-0.0582934124	0.0596704433	-0.0265452418	-0.0524040771	-0.0024434628	0.0464236342	-0.0153168577	0.0248926549	0.0324569433	-0.1478109507	-0.2027925725	-0.0449898485	0.0109317222	0.0651466569	-0.0839281911	-0.0197178814	-0.0207767098	-0.1389399101	-0.0422080307	-0.0219081601	0.0019470923	0.0193257455	0.2003529524	0.0156419889	0.1360767316	0.0206477682	-0.0371087608	0.0538078864	-0.0665563554	0.1013836322	-0.1184812458	0.0586834559	-0.0106924604	0.1960671146	0.0516669076	-0.0797883027	0.108252045	0.0257320202	-0.0560210115	-0.0825073111	0.1326255098	-0.1238000847	0.0170238504	0.0718109903	-0.1362426031	0.0460604866	0.2158353407	0.2187992211	-0.0487837573	0.0595979948	0.1191456639	0.1310522527	-0.0186153817	-0.0010939545	0.0375125767	0.0983479271	-0.0871341952	0.0688893378	-0.0555787436	-0.1282045865	-0.0812449131	-0.0040011975939791	0.0023624085575448	5.580974192760903e-06	1.600958218606414e-05	-0.2188603328765452	-0.1562218782014638	0.0478998453068321	0.024405275228793	-0.1136971355070244	-0.088084031070224	0.0129270386225026	0.0077587965295801	0.0013280125297457	0.0015813504279452	1.7636172791615737e-06	2.5006691759624667e-06	-7.287316965420843e-05	0.0009230410146979	5.3104988554510436e-09	8.52004714814698e-07	0.000191048053905	0.0008691745583356	3.649935890088778e-08	7.554644128578853e-07	0.0	0.0	0.0	0.0
836.7965330863494	-0.1448486101130583	700228.4377853338	0.0209811198516848	1154.98367275152	8.716179754501127	1333987.2843225903	75.97178951277532	800.0190025249468	-0.0707832256302936	0.005010265030629	640030.4044010108	835.3895322250316	678.4279353493139	1.467797	35.075935	0.3111683589870923	0.2087891441102926	-0.019295832	-0.1309605928	0.0188928007	0.0408070637	-0.1084162533	0.0980077362	-0.035935837	-0.1151522908	-0.0338004082	-0.0856903344	-0.0603627583	0.0144329575	-0.1042194696	-0.1021234674	0.0379355608	-0.0638689243	0.0270363905	-0.0464520489	0.0623621993	-0.0199885325	-0.0116547358	0.1537047169	0.0673298625	0.0341865628	-0.101052974	0.052019708	-0.0221291837	-0.0246393864	-0.1650386935	-0.1568867415	0.1739750477	0.0072342038	-0.1463962287	0.0266688235	-0.052699504	0.0058712315	0.1666704587	-0.1018966662	-0.0858336992	0.0925881024	-0.0676486744	-0.0704683446	-0.1505306568	-0.0374897603	0.1612127126	-0.0123028319	0.0232606269	0.0856415966	0.0447766335	-0.0549841375	0.0017640837	-0.0166614625	-0.3064409345	-0.0543629492	0.1208255684	-0.0796997512	0.089324187	0.0147608732	0.0450524945	-0.0881525211	-0.1211133043	0.0721950008	-0.0937916588	0.0111152849	0.0224627831	-0.0483719413	-0.1368013971	-0.0614207758	0.0271986455	0.1509921902	-0.0262490583	-0.0826399148	-0.1429749943	-0.0460288008	0.2217656298	0.1096770934	-0.1503341983	-0.1445392858	0.0999761271	0.0283628963	0.1730830218	0.0008081711	-0.0847247457	0.0455005392	-0.0911737369	-0.0296578756	0.1427067658	-0.2270269721	0.0039170716	0.0292375073	0.0303220221	-0.1049611766	-0.0011826932	0.0654841228	0.0964063088	0.047717501	0.011157897	0.1177502565	0.0362233325	0.082675855	-0.0563580934	-0.1189780724	-0.0438300352	0.0278368755	-0.1553264939	0.0128253208	0.0683618456	0.0331959285	0.0382413165	0.0292948256	0.1150276854	0.0087931471	-0.1846943832	-0.0009680668	-0.0552154349	0.0660076536	-0.0616009311	-0.1289999139	-0.0703125971	-0.0133003364621231	-0.009299138868144	8.647398368902647e-05	0.0001768989500056	-0.0326442378950702	0.1862160949814749	0.0010656462677499	0.0346764340301497	-0.0232451699398268	0.0904519655671976	0.0005403379255314	0.0081815580749695	0.0009690124402804	-0.0003590000894652	9.389851094181758e-07	1.2888106423609333e-07	-7.283717955819391e-05	3.5990096014515416e-08	5.305254725992581e-09	1.2952870111340384e-15	0.0003360351657492	0.0001449871118442	1.1291963262009233e-07	2.102126260092256e-08	0.0	0.0	0.0	0.0
837.704159749133	0.9076266627836276	701748.259261001	0.8237861589957448	1151.8600321891613	-3.123640562358787	1326781.5337548158	9.75713036281312	800.6486182196137	0.6296156946668816	0.3964159229708598	641038.2098569768	837.6153140268665	680.4151320843091	1.292902	30.896479	0.2569433579788122	0.1645969703814066	0.0994473458	0.0959605234	-0.1153369999	0.0091578571	0.0159981798	-0.0373741037	0.1068157316	0.1315773632	-0.0119832453	-0.0010253316	0.0518616758	-0.0410030351	0.0402517912	0.0592112891	-0.0757158419	0.1374684904	0.0572336998	0.0715514642	0.1326656106	0.0916968328	0.0250551637	0.0113985128	0.0877418813	-0.0191464528	-0.0429475573	0.0291923626	-0.1404952382	0.0072343966	-0.0745000174	-0.033279093	-0.1187355408	0.1125751735	0.1818608267	-0.1165774658	-0.0965809535	0.0002482179	-0.0595090056	0.156957503	0.040833384	0.0940347971	0.0367127584	0.1373857989	-0.0875455662	-0.0359973789	0.0226496402	0.0112512901	0.0206621587	0.0745527028	-0.0697910452	-0.0396321131	-0.1119673405	0.0272224065	0.0336115415	0.0487330345	-0.0805404007	0.1267915323	-0.1335684593	-0.0431640475	0.0453287579	-0.0381519763	0.1291943126	-0.0018989555	-0.0675211852	-0.0195905364	-0.028787125	0.0651582334	0.0457836695	0.0502848029	0.0329694752	0.0741543241	0.018091434	0.0556010189	-0.0929481255	-0.0623303368	-0.0574620517	-0.2577736367	0.0408423263	-0.0226487227	0.0289147912	0.1222098014	-0.0148366199	-0.0209116008	-0.0819007172	0.0783869865	-0.0631021102	0.0965112995	0.0075860509	0.0711755629	-0.0395976236	-0.0266763146	0.0366791553	0.1343959116	0.0778560251	-0.0971315004	0.1339244844	0.0721126783	-0.0318942157	0.0920134206	-0.067818631	0.1038324717	-0.0069899257	0.1412936921	-0.1442313664	-0.0689096257	0.147240248	0.0064860143	-0.0946927595	-0.0063550978	0.0375207147	-0.0483357323	0.0264776492	0.0215843498	-0.0841883516	0.1204731226	0.0326552858	0.063080731	-0.0674542747	-0.1289999139	-0.0586099215	-0.0132308498246374	6.948663748570019e-05	4.828392789069115e-09	0.0001750553870821	-0.1792258508954063	-0.1465816130003361	0.0321219056291824	0.0214861692697802	-0.0915368212147669	-0.0682916512749401	0.0083789896381042	0.004663749633858	0.0014660598098426	0.0004970473695621	2.14933136603572e-06	2.470560875887021e-07	-0.0002641432551244	-0.0001913060755662	6.977165922771388e-08	3.659801454854296e-08	0.0004876938619418	0.0001516586961925	2.3784530297570745e-07	2.3000360130839343e-08	0.0	0.0	0.0	0.0
833.8556783741408	-3.848481374992275	695315.2923567985	14.810808893662433	1154.3545019967216	2.4944698075603355	1332534.316280099	6.222379620830098	799.4675246676042	-1.1810935520095427	1.3949819785985182	639148.3229981463	835.9326708895488	674.2991223169995	1.244028	29.728529	0.2266968612817416	0.1319191574430279	-0.0233950356	-0.0445138913	0.0395308008	-0.0879278457	-0.1131462766	0.0301322585	0.0267309841	-0.0694069437	0.0809374248	0.1466740892	-0.0422922899	0.001936713	-0.0811983641	0.032249811	0.1367408488	-0.0304169828	-0.1043446993	-0.0053654999	-0.170916628	0.0460022817	-0.0542737504	0.0475485604	0.070960145	-0.0527297681	0.0872516787	0.1565730176	0.0267326482	0.0657405904	-0.0277142179	0.1223782481	0.0718755937	0.0744813197	0.1952303746	0.0138553658	-0.0561292408	-0.016106103	-0.0360708016	-0.0699985844	0.0165089296	0.071280223	0.0461893428	-0.0046105137	0.0478050016	0.0517904357	-0.1834297033	-0.0529596473	-0.0009794304	-0.052029655	0.2434839628	-0.0882594725	-0.0116519665	-0.0487406909	-0.0502571961	-0.1671391198	0.0342380702	0.0219669781	0.1806194928	-0.037513272	0.0165553337	0.0349146293	-0.0812155639	-0.1253574047	0.0308881381	0.0822531556	-0.0296231241	-0.0437353046	0.0282694513	-0.0757135658	0.0346304258	0.0332675117	0.0013141757	0.0295279086	0.0400070714	-0.1467522396	-0.1766242482	-0.0657199747	0.0247231467	0.0210031541	-0.104171878	0.0045647169	-0.1136391913	0.1162483437	0.0064205891	-0.0886974791	-0.0223699589	0.0771350293	-0.1529079317	-0.0833145584	0.0427536706	-0.0467949056	-0.0080848695	-0.0259645087	-0.0799361077	0.1361893765	-0.0463838369	0.0229543631	0.0243195048	0.0673206788	-0.0034330473	-0.0276852818	-0.123119434	-0.1576515374	-0.1390432947	0.0431896129	0.0463668809	-0.0813810559	0.1245485143	0.1528512554	-0.0709597494	0.0048815614	0.0267535048	-0.0255554785	-0.0408895788	0.0909322545	-0.0374415087	0.0601105761	-0.0731227308	-0.1282045865	-0.0462651033	-0.0130686582104004	0.0001621916142369	2.630611972880344e-08	0.0001707898274202	-0.097133771692853	0.0820920792025532	0.0094349696032792	0.0067391094677982	0.0067171518135964	0.0982539730283633	4.51201284869014e-05	0.0096538432158583	0.0012900005504724	-0.0001760592593701	1.664101420219095e-06	3.099686280998332e-08	-0.000524000425103	-0.0002598571699786	2.745764455081248e-07	6.752574878928705e-08	-1.620574411612596e-07	-0.0004878559193829	2.626261423573512e-14	2.3800339807699443e-07	0.0	0.0	0.0	0.0
836.1421669984118	2.286488624270987	699133.7234327999	5.228030228920631	1155.4899850716267	1.135483074905096	1335157.105600828	1.289321813395932	799.8198763692671	0.3523517016629967	0.1241517216648094	639711.8346353498	836.169422803959	662.9987607130803	1.028112	24.568785	0.1293931986777829	0.0648816557777781	-0.0448367929	0.0514967657	-0.091514679	-0.0378871723	0.0747624574	0.020968188	0.0222626647	0.0781549419	0.0421085549	-0.0621335921	-0.1305571826	0.1182226607	0.0164420511	0.0230447546	0.0109744529	0.0412971355	0.0805092922	-0.159387187	0.0496519522	-0.0023085384	-0.1212437014	-0.0194061847	-0.0701146483	0.0537918897	-0.0026150564	0.0417885088	0.0518171544	-0.012383033	-0.015513701	0.0526864739	-0.0094439632	-0.0501797605	-0.0226204519	0.0104523431	-0.0161556772	0.0803523518	-0.0232023709	-0.0008811822	-0.0774421877	0.1486322759	0.0668481292	0.013193177	0.1100704339	-0.0009806335	-0.1567206137	-0.0119231804	0.0151053614	-0.1362330573	-0.2425637924	0.075849264	-0.1306861167	0.0680193933	-0.0102286037	0.0573428773	-0.0170534075	0.0415847143	-0.0459536928	0.0962126055	-0.1150792183	-0.0970875794	-0.0591950951	0.0890398535	0.0900176756	0.0670799456	-0.0665552258	0.0641896505	0.0243790595	0.094045263	-0.0424734796	-0.0519029663	0.0608009644	-0.0771083034	-0.0312704982	0.0151606877	-0.0471706432	0.0467399011	0.1404836146	-0.0169840582	-0.0977426106	-0.0532415097	0.034238795	-0.0323887319	-0.0545054682	-0.0322475476	-0.0868766295	-0.10817527	0.0570949359	-0.0063456002	-0.1447580388	0.0211016216	-0.0009582427	0.0216499894	0.0646411332	0.0065589387	0.1216984441	0.0530018242	-0.0073471103	0.1017431953	0.043485172	-0.0889834226	-0.0341863654	0.0774483466	0.0919756352	-0.028108385	0.0977127549	-0.0437366466	-0.0673201384	-0.023805793	-0.0350535034	0.0145372901	-0.0378684356	0.1160595268	-0.0592175011	-0.020899661	0.0080622885	0.0570992244	-0.0785907625	-0.1266188352	-0.033413395	0.005031448234277	0.0181001064446774	0.0003276138533086	2.5315471334209137e-05	-0.0917114072998828	0.0054223643929702	0.0084109822289249	2.9402035610151205e-05	-0.0477831470571459	-0.0545002988707423	0.0022832291426848	0.0029702825770002	0.001025028221306	-0.0002649723291663	1.0506828544737424e-06	7.0210335223867e-08	-0.0001478020327931	0.0003761983923099	2.18454408977726e-08	1.415252303765535e-07	0.0003860758004704	0.0003862378579115	1.4905452370886017e-07	1.491796828841114e-07	0.0	0.0	0.0	0.0
835.8597763783306	-0.2823906200811734	698661.5657672328	0.0797444623098296	1150.8663818818286	-4.623603189798132	1324493.428945771	21.37770645671146	800.0630959474081	0.2432195781409518	0.0591557631910625	640100.9574969516	835.9006266547639	670.1465204505773	0.960922	22.963156	0.1757283102701066	0.1075252044767769	0.0379819219	0.0501890625	0.096448784	-0.1217342962	0.0432846989	-0.0716641461	-0.0427180116	0.007616004	-0.006916986	0.0958760323	-0.0338179259	0.023550591	-0.1073144918	0.0536128978	-0.0368309769	-0.0788198642	-0.0883363532	0.06928538	0.0690647948	0.1015428393	-0.0702008756	-0.0194645597	0.0458812493	0.0039819719	-0.0432282639	-0.0309839051	-0.0173582195	0.1689582212	0.0930986044	-0.162005962	-0.0699414419	-0.073961797	0.0471008837	0.0080618615	-0.0360470677	-0.0255164847	-0.0752939155	0.0414914912	0.1322318549	0.029797693	-0.0225602293	0.1065514678	0.0214463362	-0.0470476922	0.0474504774	-0.0434641036	0.1493287841	0.2164177599	-0.1261102576	-0.0778282411	0.035157165	0.0523775183	0.1000881887	0.1360187527	-0.062892757	-0.0666625227	0.0775616264	-0.0780807058	0.0156663845	-0.0386102031	0.0986796315	0.0465195238	0.0132800251	0.0129097059	0.1201193554	-0.0958742467	-0.1050317468	0.0801209197	-0.0272634325	-0.0527721895	-0.1381303995	0.0625186211	0.0759149682	-0.0823397789	0.0817056419	-0.0587968123	0.0392716457	-0.0986299773	0.0010693699	-0.0543927467	-0.0378518115	0.0614159581	0.1056624387	0.0676131071	0.0270925149	-0.0929146932	0.0458686634	0.0884292672	0.109343001	0.0194421218	-0.1694237297	0.0645937536	-0.0616990682	0.0959624557	-0.0248863418	0.0632350693	-0.0121289057	0.0296097585	-0.0259057929	0.1090075202	0.0099710869	0.0778522717	-0.0193052374	0.1659884469	0.1067019434	-0.01926368	0.0760702644	-0.0055776911	-0.1109626057	-0.0451747348	0.0264148271	-0.0622487788	-0.0743863424	-0.1197299038	-0.0106332185	0.0540487397	-0.0838433825	-0.1242524367	-0.0201956026	-0.0151014475076323	-0.0201328957419093	0.0004053334909545	0.0002280537168257	-0.1921954386822051	-0.1004840313823223	0.0369390866502452	0.0100970405628435	-0.0605710919516511	-0.0127879448945052	0.0036688571802153	0.0001635315346249	0.0011520000075387	0.0001269717862326	1.3271040173691647e-06	1.6121834499122426e-08	-0.0004810002667983	-0.0003331982340052	2.313612566600358e-07	1.1102106314418405e-07	-2.2294431909777e-07	-0.0003862987447894	4.970416941796829e-14	1.4922672022594157e-07	0.0	0.0	0.0	0.0
838.1550907457887	2.295314367458104	702503.9561430813	5.268468045459597	1157.4064959762688	6.540114094440241	1339589.796928065	42.7730923682959	801.4856874606156	1.4225915132075215	2.023766613450066	642379.3072042157	837.4306265760008	675.9295273708593	0.964429	23.046968	0.1908262521221738	0.145192589241721	0.0178385899	-0.0114030883	-0.0735684475	0.0958324661	0.0187697696	0.0145997949	-0.0853075587	0.0835351248	0.0870705334	-0.0379199381	-0.0841081053	-0.0654072827	-0.004257332	-0.0610849575	-0.0713995939	0.0452667677	0.0758562833	-0.0317805998	-0.0342682438	-0.0082470503	0.1781952441	-0.051864215	0.0204043721	0.0008262649	0.0114972034	-0.1627111229	0.0916444751	0.1497170431	0.0530708163	-0.101255585	0.0046121364	0.010885969	-0.0114971826	-0.1117244088	0.0637840369	0.035564272	0.0622580308	-0.0599282744	-0.0165585728	-0.0841559417	0.0288954056	-0.1043052722	0.080515364	-0.1831413525	0.0823131171	-0.1315863431	0.1269057169	-0.0270791232	0.2135638955	0.1126532042	-0.005328027	-0.1642596495	-0.0896753243	-0.0755486953	0.0186525778	-0.0089665891	-0.1053593513	0.0706168126	-0.0596451845	0.0809969214	-0.0391351031	-0.0596681556	-0.0524469246	-0.0102894828	0.0973648367	-0.0485024128	-0.0055745673	-0.0541099492	-0.0521193705	0.0305027863	-0.1376104086	0.0876167254	0.0588612383	0.0870008467	0.0388776273	0.0741910442	-0.0669094947	-0.014934336	0.095414363	-0.0179191897	0.0519360715	0.0654851268	-0.085305327	0.1766587872	0.0261606541	-0.0253784065	0.0246215274	0.0546879962	0.0275893014	-0.1153429763	0.1316767653	-0.0207901315	0.0565562549	-0.030297595	0.126899441	0.0680266475	0.0070848747	-0.0182640525	0.134771693	-0.0160217366	-0.0752485807	-0.0349901838	-0.0570404526	0.091856791	0.013119495	-0.0008634069	-0.0220329869	0.0210638823	-0.1222160008	-0.1898361685	-0.0305254941	-0.0363591785	-0.0517132746	0.0211944424	-0.0143969657	0.0509612127	-0.0888661936	-0.1211199807	-0.0067565429	-0.0151392602874125	-3.78127797802004e-05	1.4298063147059316e-09	0.00022919720205	-0.0509969083168897	0.1411985303653153	0.0026006846578812	0.0199370249773248	-0.0316037058169627	0.0289673861346883	0.0009987942213651	0.0008391094594761	0.0009440262191159	-0.0002079737884228	8.911855023782612e-07	4.3253096670931576e-08	-0.0004069385823921	7.40616844062e-05	1.6559900983929197e-07	5.485133097083568e-09	0.0001301920396997	0.0001304149840187	1.6949967201168263e-08	1.7008068056623277e-08	0.0	0.0	0.0	0.0
837.4711582021007	-0.6839325436880017	701357.940820368	0.4677637243155403	1153.3031301856938	-4.103365790575026	1330108.110096119	16.83761081126141	800.6379229390914	-0.8477645215242546	0.7187046839552484	641021.0836482224	836.9870933051249	679.1448149479094	0.94868	22.670601	0.1963245877397799	0.1324427175599953	0.0631643878	-0.0077664033	0.0254856038	-0.0894724644	-0.0128022676	-0.0354174312	-0.0049063611	0.0569002607	-0.0573222559	0.0258006691	-0.0205415108	0.0613444563	-0.1549012907	0.0409543383	-0.0077404292	0.0112112671	-0.100591145	-0.0422345835	-0.0127430525	-0.1007541204	-0.1229748427	0.0558694627	-0.0090231139	-0.0176771782	-0.1326728053	0.1144200575	0.0367872153	0.0292202088	-0.1277076387	0.0532349382	-0.0144053324	-0.0245513599	0.0511771386	-0.0621728039	-0.0510977337	-0.0364356229	0.1162811682	-0.0855597213	0.1262387137	0.0008667941	0.0634041379	0.0675180651	0.0621472582	-0.0669608745	0.0647575947	-0.1429277266	-0.1418090504	-0.0942993707	0.0298991019	0.0396983923	-0.0265231715	-0.136642897	-0.0613999885	-0.0760449647	-0.033770451	0.020132995	0.0556341885	-0.081873749	0.0064034351	-0.0321144771	-0.1041996978	0.167448653	0.0138781238	0.0135536895	-0.0242112196	0.0102501873	-0.0061488685	-0.0932920419	0.0155700792	-0.0485992418	0.0757348522	0.0866208512	-0.0088894126	-0.0329867605	0.0227872324	-0.0087012749	0.1039355642	-0.172395363	0.075355367	0.0290780627	-0.0298591585	0.0999546052	0.0289708775	0.0550465886	0.1591074416	0.0093751169	-0.0838575507	-0.1020212978	-0.1179891891	-0.0209268315	0.1099625768	0.0494597868	-0.0660938314	0.0636535755	-0.0162129085	0.0667716459	-0.0474320971	0.1102017002	0.0037807886	0.0623981352	-0.0421639702	-0.0108791373	0.118467902	0.0380611229	0.0238483063	0.0491518669	0.0256976303	-0.0006306937	-0.184130159	-0.078940619	0.074805763	0.1422273885	0.0012972987	0.0039879867	0.0813575456	0.0478387595	-0.0936454286	-0.1172407796	0.0067565429	-0.0152084217523764	-6.916146496390059e-05	4.783308235952849e-09	0.0002312960921981	-0.1781764390023994	-0.1271795306855097	0.0317468434155757	0.0161746330253865	-0.0477158608780641	-0.0161121550611013	0.0022768033793347	0.0002596015407129	0.00142895057786	0.0004849243587441	2.0418997539664283e-06	2.3515163370337677e-07	-0.0007081028823185	-0.0003011642999264	5.014096919477675e-07	9.069993555015861e-08	-0.0001429941121939	-0.0002731861518936	2.0447316122121663e-08	7.463067358643309e-08	0.0	0.0	0.0	0.0
837.1758734801609	-0.2952847219397654	700863.4431372704	0.0871930670110445	1156.9200351686409	3.6169049829470623	1338463.967774609	13.08200165566729	800.9236719672293	0.2857490281379569	0.0816525070817868	641478.7283174699	837.1336954048923	673.1961603813514	0.8861489999999999	21.176308	0.1715696281552926	0.1045087466991147	0.0278779248	0.013009696	0.0132819582	0.0112947109	-0.0064999684	-0.011879666	-0.0214093273	0.0080803818	0.0081900125	0.1085718474	0.034095124	-0.0717151175	0.1476281324	-0.0037246924	-0.0304573561	0.0136452466	-0.0617796105	0.0826510135	0.0522923625	0.0191043375	-0.0451604899	0.0382730977	0.0713013856	0.0264079179	-0.0461965131	-0.1137256039	0.02461645	0.1222098308	0.0029754081	0.0369748789	-0.0332840306	0.0247527383	-0.1941019001	0.0054895939	-0.0580349523	0.1023168486	-0.2531302435	0.1393678805	-0.057429077	-0.0654972713	0.1212267839	-0.0609793113	0.0665317096	0.0311626927	-0.1237757129	-0.1131808077	0.1285527523	-0.1119968759	0.0084344944	0.1558910387	-0.1461589988	0.0489582988	0.0131151808	-0.1213154401	-0.0037709836	-0.0197517868	-0.0216774989	-0.0475276998	0.0113352926	0.055470879	0.1016115943	-0.0441342993	-0.0424849462	-0.0083154901	0.0393137768	0.0728355225	-0.0118001577	-0.0378903047	-0.0902130179	-0.0019499759	-0.0804492253	0.0566654497	-0.0317360041	-0.0194337961	0.0920825319	-0.0333038635	0.2342957968	0.1576315244	-0.0974886685	-0.0259051358	0.0305185661	-0.1657467182	0.0677150579	-0.0469432686	-0.1584862681	0.0141660052	-0.092326786	0.1829416969	0.0441530495	0.0162997994	0.1841555546	0.0095137497	0.0126779498	-0.0010337012	0.0535624887	0.0304311277	0.0185493072	-0.0597006367	0.0579649811	0.0658380778	-0.0178826085	0.063060483	-0.0849339709	0.041894715	0.1019155835	-0.061691448	-0.0262328959	-0.033620244	-0.0514694408	-0.1631472127	-0.0581757039	-0.0007699541	-0.0637102351	-0.0255995264	0.0051008293	0.0446835199	-0.098167988	-0.1126387502	0.0201956026	0.0031974701872314	0.0184058919396078	0.0003387768580925	1.0223815598233604e-05	-0.0808629672012699	0.0973134718011295	0.0065388194645936	0.0094699117939892	-0.0314278007640638	0.0162880601140003	0.0009877066608656	0.0002653009022772	0.0009069760048096	-0.0005219745730504	8.226054733003835e-07	2.724574549111475e-07	-0.0004810455719508	0.0002270573103676	2.314048422934723e-07	5.155502219141404e-08	-0.0001007819096009	4.2212202593e-05	1.0156993302803981e-08	1.781870047752476e-09	0.0	0.0	0.0	0.0
837.4116910421917	0.2358175620307747	701258.3402941432	0.0556099225621383	1152.8815483150624	-4.0384868535784335	1329135.8644453357	16.309376066525836	800.5951117534481	-0.328560213781202	0.1079518140799491	640952.5329635161	837.0611424986213	674.2791705002986	0.879051	21.006685	0.0985785390251386	0.0500040711969978	0.0389590565	-0.0203845354	0.0492373117	-0.0420934975	0.0131582109	-0.0017815335	-0.0254309919	-0.0071360111	-0.0917111972	0.0545283112	-0.0384575333	-0.0282855959	-0.1025543387	-0.0018168851	0.0046592817	0.0088326634	-0.0168727018	-0.0065239336	-0.1118345036	0.0694335693	-0.1987778248	0.0989843388	-0.1035756971	-0.0535602002	-0.1439582945	-0.1824052768	0.0081968837	-0.0356220032	0.0072839651	-0.105150586	0.020659195	-0.0237001903	-0.0032670686	0.1084578884	-0.0304518765	0.1092976865	0.0613889241	-0.2238307759	-0.0798334501	-0.1842149468	0.1330337409	-0.1267381905	0.0074026161	0.0535797326	-0.0485596482	-0.0660473224	0.0257970509	0.0240105341	-0.0315805568	-0.0815171388	-0.0841858767	-0.1125111815	0.0216696494	0.018761363	0.0083789838	-0.0051471501	0.0295487861	-0.0702198934	0.0374014263	-0.070814771	-0.0838573763	-0.0245883738	0.0211456725	0.0844561855	-0.0913096369	-0.0605902133	0.0230997989	-0.0251676763	-0.1848227504	-0.0760795188	-0.0329508365	0.0380057554	0.0695143101	-0.0396355435	0.1385746587	0.0916343016	0.06095841	0.0952477858	0.2424223256	-0.0939002369	-0.0705518161	0.0775856388	0.0267648357	-0.1870160783	0.0126322098	-0.096350937	0.0185192571	0.0377863553	0.1296032689	0.0189331664	-0.0268125598	0.0077215349	-0.0809619089	0.047269622	-0.0067352472	0.0394261795	-0.0071311109	0.1342224662	-0.0511966669	-0.0332331488	-0.0558647678	-0.0865395731	0.0129595221	0.0987281078	0.0150305011	0.0396612098	-0.0124814141	0.0274869019	-0.0111494275	-0.15475263	-0.2427616515	-0.0557158697	-0.0591102464	-0.0184288682	-0.0288051559	0.0414976565	-0.1024214758	-0.1073422654	0.033413395	-0.0032558975543395	-0.0064533677415709	4.16459552079479e-05	1.0600868884353937e-05	-0.1224975085403201	-0.0416345413390502	0.0150056395985857	0.001733435032513	-0.0212989945202863	0.0101288062437774	0.0004536471675751	0.0001025927159239	0.0007406135407358	-0.0001663624640737	5.485084167212184e-07	2.7676469452706393e-08	-0.0006958797236487	-0.0002148341516979	4.842485897853911e-07	4.615371273575632e-08	0.0003252579486422	0.0004260398582431	1.0579273315493202e-07	1.8150996081180083e-07	0.0	0.0	0.0	0.0
840.2614507395313	2.8497596973395503	706039.3055989017	8.121130332580805	1160.9678705545296	8.086322239467108	1347846.396459919	65.38860736050034	802.8432229575087	2.248111204060592	5.054003985822765	644557.2406488	839.2440616397796	682.5124659801478	1.135054	27.124372	0.2717972130799561	0.2092342644056905	-0.0149298243	-0.1549433129	-0.0472729765	0.0770682323	0.0577602587	0.0930050625	-0.1558947856	-0.0050507847	0.1140512405	-0.0878299605	0.05041833	0.1040654313	0.1469369119	-0.209828214	-0.011449465	0.0547224541	0.0288390214	0.0099505597	0.0167215635	-0.0168397253	0.1270526362	-0.0972087399	-0.0448938861	0.0862632425	0.1509684672	-0.0579835229	-0.0051716401	0.1075515205	-0.0255334056	0.0430548907	-0.0634939725	-0.0406004929	-0.1066378769	-0.1593392923	-0.0356710256	-0.0058410716	0.0742660497	-0.0530554794	0.0781181233	0.0013534264	-0.0872433843	0.0244095926	0.1365387287	0.1402240998	-0.0754133925	-0.1081132498	-0.03322238	0.0207459196	-0.0378035798	-0.0195003216	-0.1158534128	0.0536905122	-0.0496484959	0.1154708151	0.1609134032	-0.0351948451	-0.1139384171	0.0704306165	-0.1077507509	0.1581017311	0.0838195055	0.0247651153	0.0214087143	-0.0149094779	0.1353910292	-0.0068183341	0.0899209256	-0.0896684556	0.0005698576	-0.0398529143	-0.0673726071	-0.0327168942	0.0035177899	0.0908154039	-0.0949981216	0.0736972603	-0.0494572437	-0.150967936	-0.0039778817	0.0666127682	0.2046371193	-0.1411880053	0.0902734133	-0.1545333004	0.0281529782	-0.0765300689	0.0003965609	-0.0411188876	0.0617383085	-0.0398205614	0.0835107814	-0.1652869176	0.0766669974	-0.0387073255	0.088696988	0.1065531293	-0.0258067385	-0.1015887094	0.1769472678	0.0049567368	0.0080527647	0.0454752632	-0.0001039031	0.0055548606	-0.043214706	-0.05512701	0.0382968695	-0.0121983085	-0.1145892582	0.1320167889	-0.1442266164	0.0886106018	-0.1953053116	0.0860333128	0.1041745958	0.0382833527	-0.1063942335	-0.1013839798	0.0462651033	0.0042754597325114	0.0075313572868509	5.6721342582202143e-05	1.827955592432645e-05	0.0849793840741881	0.2074768926145082	0.0072214957176283	0.0430466609689721	-0.0212423072184293	5.668730185699744e-05	0.0004512356159621	3.213450191826345e-09	0.000495956185263	-0.0002446573554727	2.459725377006272e-07	5.9857221586944e-08	-0.0003670582658901	0.0003288214577586	1.3473177055824734e-07	1.0812355108249081e-07	-0.0002359087556612	-0.0005611667043034	5.565294099761576e-08	3.149080700187396e-07	0.0	0.0	0.0	0.0
839.8902261326091	-0.3712246069221692	705415.5919530853	0.137807708784519	1157.9533510136423	-3.0145195408872496	1340855.9631237234	9.087328062391077	802.3562174188354	-0.4870055386733156	0.2371743946984863	643775.4996306614	838.7829025231518	691.3810750400606	1.273606	30.435356	0.512847298147155	0.3764416752768535	0.1481250293	0.0340440885	-0.1043880625	-0.0646033728	0.0914904543	-0.0487294569	-0.0181641869	0.1988021851	-0.0010973871	0.079108968	0.0918741188	-0.0394486737	-0.0772959886	0.0342600211	-0.2018846151	0.1021716159	-0.0433291543	-0.05656778	-0.1627728914	-0.0391747531	0.015863042	0.0989183682	0.0411516386	0.0130794904	0.0139725161	-0.0191832289	-0.0148908511	0.0138348397	-0.0074406962	-0.2401412307	0.0080761759	-0.1003303062	0.0374800503	0.0167123912	0.1064851553	0.0263735041	0.0189024992	0.006197371	0.092895601	0.0815550436	0.018029642	0.0304063383	-0.0606256775	-0.0920391724	0.0198707327	-0.081287529	-0.1167753706	-0.0375536324	-0.0676018893	0.04922626	-0.0302344735	0.0475311344	-0.0082462289	0.0837356817	-0.0732214906	0.0341966876	-0.1388562582	-0.1564810815	-0.002430246	0.028390467	-0.1494965663	-0.0080013568	0.0412206994	-0.0370385717	-0.0209390634	-0.0314316235	0.0131289654	0.0598298288	0.0408593994	0.0023247116	-0.1507816892	0.0238806711	-0.0650352227	-0.1231520941	0.1372369901	0.0395765414	-0.1473550943	-0.0715841882	0.0940203432	-0.0139144044	-0.0225420294	0.0100630226	0.0852815686	0.1439647906	0.0611886712	-0.0856479313	0.0107410736	-0.0127283291	-0.0366821828	-0.0987185741	0.026036716	0.1177390213	-0.0409687076	-0.1560268846	-0.1443817932	0.0406001517	-0.1175197066	-0.0235764329	-0.0361106721	-0.068960677	-0.0792652024	0.0181111576	0.1044555296	0.07815969	0.0551309283	0.1523388366	0.0852522614	0.0053862412	-0.0926710893	0.0591452119	0.0272150987	0.0194582249	-0.1438048946	-0.0569840663	-0.0673271557	0.0350428114	-0.1100753719	-0.0948006283	0.0586099215	-0.0120683809151671	-0.0163438406476785	0.0002671211271167	0.0001456458179135	-0.2840131981519533	-0.3689925822261414	0.0806634967245007	0.1361555257379157	-0.0558631643075244	-0.0346208570890951	0.0031206931264494	0.0011986037455835	0.0008079712075315	0.0003120150222685	6.528174721999102e-07	9.735337412121256e-08	-0.0013818101704121	-0.001014751904522	1.909399347054317e-06	1.0297214277310265e-06	-0.0007669421925555	-0.0005310334368943	5.882003267218377e-07	2.819965110997725e-07	1.0	0.0	0.0	0.0
837.3860844554044	-2.504141677204643	701215.4544395538	6.270725539513284	1153.781502056839	-4.171848956803387	1331211.7544885357	17.404323718381512	800.4954762497749	-1.860741169060475	3.462357698236543	640793.0074963539	836.239190647903	679.601492486349	1.099011	26.263054	0.2235001679710561	0.184958223777591	0.0808745683	0.013311254	0.119474139	-0.0193651983	-0.0536778382	-0.074230281	-0.1191598576	-0.0478114889	0.0604749453	0.083821887	-0.0084025454	0.0616775767	-0.07077525	0.0454437607	-0.0706442128	-0.1209120787	-0.09810541	0.0074055981	0.0322284006	-0.0009265999	-0.0634595883	-0.1148196924	-0.0724122751	0.0125868714	-0.0823001646	-0.0810632788	0.0705526726	0.0367917382	-0.1733987527	-0.1552507053	0.0788035086	0.1093098889	0.0511695718	0.0080499627	-0.132161209	0.0321607594	-0.1068870303	-0.0040024879	-0.0298239415	0.0563157473	-0.1296689135	-0.0918691038	-0.0189160915	0.007421763	0.0953776992	-0.0386058182	0.0316119317	-0.0667215485	-0.1114567223	-0.1548024656	0.0573391164	0.2122135426	0.1949278985	0.0571882415	-0.0497488854	-0.1351582211	0.086910121	-0.0760764445	-0.0373148976	0.0464646828	0.0498932024	0.0596000605	-0.0185701347	0.0925920269	-0.0097565872	-0.1169977917	-0.0652823347	-0.0570349767	-0.0986343945	-0.0116895281	-0.1369867341	0.0914582746	-0.2730325642	-0.0296221676	0.0567874222	-0.158191996	0.1185598895	0.0363181291	0.0255624228	-0.0428857046	-0.191647961	-0.0416200654	0.0674561466	-0.0128112324	-0.0198704433	0.0155121526	0.0593042549	-0.0043852857	-0.0692790859	-0.054366276	0.0105978615	0.0157632963	-0.0509733185	0.0625841395	-0.076022785	0.0181340976	0.0082701817	-0.2427376795	0.115470116	0.148113577	-0.0606781077	-0.0055167927	0.0520489915	0.1982313968	0.1292681259	-0.090845779	0.0147140484	-0.0631876376	-0.051664877	-0.1315528539	-0.0091957767	0.0191515287	-0.0780700247	-0.1132414271	0.0224710654	0.0317782535	-0.1134548014	-0.0876327994	0.0703125971	-0.0122654907197699	-0.0001971098046028	3.8852275070554074e-08	0.0001504422625967	-0.1005471130126665	0.1834660851392868	0.0101097219351819	0.033659804396336	-0.0388838664064579	0.0169792979010665	0.0015119550667152	0.0002882965572131	0.000936621592537	0.0001286503850055	8.772600076065461e-07	1.6550921562063388e-08	-0.0011762997229327	0.0002055104474794	1.3836810381715468e-06	4.2234544023183226e-08	-0.0006439495225184	0.0001229926700371	4.146709875516753e-07	1.5127196882854973e-08	0.0	0.0	0.0	0.0
837.1582884797277	-0.2277959756767131	700833.999970307	0.0518910065345057	1154.284203321414	0.5027012645750801	1332372.0220373515	0.2527085614053847	800.2100871563514	-0.2853890934235323	0.0814469346451056	640336.1835867754	836.6347173301918	683.4392693633446	1.263016	30.182299	0.0472293140617134	0.0351588656705272	0.0428349872	-0.0902437708	-0.1723591543	0.0166609805	0.0194915438	0.109443634	0.0531887196	0.1429265647	-0.0505477238	-0.0785476984	-0.0271344334	-0.1576274909	-0.1221003647	0.0055444593	0.005148227	0.1187031525	0.1754769581	-0.0253234206	-0.2340674771	0.0966034117	0.0080228117	0.1752924362	-0.1621998234	-0.0567985804	-0.0087168165	-0.0636026744	-0.0178687528	-0.040505014	0.0223776191	0.0779155061	0.0657224609	0.2208663658	-0.0418291289	0.0687760612	0.0121122093	-0.0408541421	-0.2642517281	0.0625361925	-0.0711526162	-0.1521911151	0.1168947832	0.0272298006	-0.0651606554	0.0598150017	0.0867707033	0.1511761799	0.0325573259	0.0456955951	0.0789949591	-0.0970712623	0.02265141	-0.0274372309	-0.0049358986	-0.0175717501	0.0428241902	0.0955579248	-0.1069187846	0.0036510973	0.1429133242	-0.0820938108	-0.177174606	-0.1927300202	-0.0679482183	0.0946670205	-0.1493618396	-0.0011739331	-0.1157136816	-0.0287487148	0.0003276261	-0.0495748887	-0.0371703699	-0.0745263191	0.0412393359	0.1590498027	0.0184660449	-0.0939578152	0.0903335584	0.260743519	0.115688741	-0.0048788349	0.0046241475	-0.1008690488	-0.0905349436	-0.0332022018	0.0493952978	0.0873586915	-0.0518014206	0.0225128747	0.2148093154	0.0260236357	-0.1401129542	-0.0280701602	0.0417178944	-0.1256904302	-0.0913133053	0.0303464676	-0.0373199304	0.0742995564	-0.0478099416	-0.0323349104	-0.2350927608	-0.1707013596	-0.0702274132	-0.0289689066	-0.0407485685	0.040125545	-0.0803171236	0.0630503214	-0.1105061158	-0.0156013305	-0.0577912253	0.1065143379	0.0729793113	0.1584425711	-0.0467822894	0.0284919163	-0.1165232592	-0.0799246852	0.0812449131	-0.0122695190594157	-4.028339645799003e-06	1.622752030191604e-11	0.0001505410979493	-0.0960443719720842	0.0045027410405823	0.009224521387512	2.0274676878544228e-05	-0.0054421366149526	0.0334417297915052	2.9616850935807747e-05	0.001118349291448	0.0008046395795884	-0.0001319820129486	6.47444853040197e-07	1.7419251741964442e-08	-0.0011227641279876	5.353559494510008e-05	1.2605992870957557e-06	2.8660599261258262e-09	-0.0006440482124243	-9.868990590001203e-08	4.147980999269362e-07	9.739697526553227e-15	0.0	0.0	0.0	0.0
832.9121302406569	-4.246158239070837	693742.616702029	18.029859791229157	1156.4908701387562	2.2066668173422386	1337471.1327142976	4.8693784427593245	800.026683526946	-0.1834036294053476	0.033636891279054	640042.6943551243	837.39158998261	671.1296135115225	1.258157	30.066168	0.2332467453027832	0.1214912266078198	-0.0517095538	-0.0232039776	0.0251165539	-0.1297408232	-0.2336506985	0.0836781571	0.1216025705	-0.0968451741	0.1940573536	0.0105358829	-0.0151670208	0.1503856959	-0.0736574245	0.0659577116	0.1267955729	0.0183441027	-0.1568607798	-0.0780971153	-0.0351071134	-0.1003972916	-0.1312682044	-0.0359182765	0.0554963901	-0.0903131047	-0.0233782855	-0.0322699865	-0.0110857353	-0.0804803723	-0.0997840033	0.0983105862	-0.0862793054	-0.0017498358	-0.1343553699	-0.0631418112	-0.1036348328	-0.1596353436	-0.001520789	-0.0301782554	0.0266719743	0.256346498	0.0504202692	-0.1686685906	-0.0734963866	-0.0717691934	0.0720589802	0.0599458265	0.0952345122	-0.0960358861	-0.0632465028	0.0918840413	0.1133059514	-0.077039993	0.129804162	-0.0149261142	0.0049617968	0.0799286255	0.1776754124	5.96972e-05	-0.1500181542	0.1009240971	-0.0681484335	0.1121320526	0.0742876294	0.1047248096	-0.1155969616	0.0971512477	-0.0486553006	0.1086095245	-0.1130862149	-0.0504319936	0.0668871996	-0.1328923994	-0.0128797749	-0.026189541	-0.0661654187	-0.0768657455	0.1385794135	-0.198681369	-0.0182833107	0.0014596786	-0.1318689818	-0.0450136803	-0.0493840416	0.1326453887	-0.1013478112	-0.0971603529	-0.0345811052	-0.091842266	0.0327789482	0.0106436185	-0.152138432	-5.64313e-05	-0.070057982	0.163478024	-0.0423106457	0.0133346098	0.0503241345	0.0441354247	0.1332658043	0.0048974071	-0.1455740509	-0.035426745	0.1885671673	-0.1445692843	0.0370056277	0.075293869	-0.1102704808	0.1578367123	0.0759897267	0.056831984	0.1901464393	-0.0865190518	-0.0177546606	-0.0547751879	0.0862435548	0.0251860523	-0.1192723348	-0.0717238087	0.0912870929	0.0214519534278281	0.0337214724872437	0.0011371377067079	0.0004601863058697	-0.096164575225714	-0.0001202032536298	0.009247625528342	1.4448822183192645e-08	-0.0424832717798722	-0.0370411351649195	0.0018048283811224	0.0013720456943058	0.0010953503383707	0.0002907107587823	1.1997923637688072e-06	8.45127452717807e-08	0.0003619533562879	0.0014847174842754	1.3101023212807546e-07	2.204386008113369e-06	0.0008278022324577	0.001471850444882	6.85256536061952e-07	2.166343732099341e-06	0.0	0.0	0.0	0.0
831.0163981645402	-1.8957320761167007	690588.2540183656	3.593800104417738	1148.6393765901264	-7.851493548629833	1319372.4174533542	61.64595094417589	798.4621739159387	-1.5645096110073382	2.4476903229343328	637541.8431745667	835.8607418899783	649.429889159882	1.271382	30.382215	0.0966705442824124	0.0496617761442388	-0.1317368839	0.0756143492	-0.0751157241	0.1462063139	0.1114027438	0.0236740337	0.0965708959	-0.026751081	-0.1448988504	-0.2112263236	0.1716207434	-0.0054255083	0.0024976425	0.0444952815	0.0666057464	0.0017022243	0.2988426466	0.1511916997	0.0752845877	-0.0831002376	-0.0535067735	0.0730558081	0.1014782472	0.0655974242	0.0660440626	0.1339527738	-0.1396636398	-0.1212926936	-0.0612915691	0.0131232881	-0.173604883	-0.0219139654	0.1044684905	0.0845513583	-0.0265280857	-0.0950955277	0.0585892169	0.1251774289	-0.0115861364	-0.0930662359	-0.0279539169	-0.0356838836	0.0001492061	-0.2501353528	0.0057138883	0.0348022924	-0.0443729779	-0.0804203849	-0.0546584919	-0.0791943686	0.0573158637	0.0516455892	-0.2738059036	0.0305686903	0.0056430962	0.0994882241	-0.0961741436	0.2036998735	0.2352590017	-0.0675283426	0.0648433158	0.0671910121	0.0880753027	-0.026659545	0.0030926393	0.2238114982	-0.0601426404	0.0530184961	0.1222418518	-0.0454918145	-0.0066780901	-0.0048186882	-0.0282132267	-0.1148805149	0.0098611604	-0.0897527352	-0.0551980395	-0.0774047431	0.0949213104	0.0996868863	-0.1151649668	0.0757581661	0.0326775789	0.1979665196	-0.0176379506	0.0451848178	0.1892230226	-0.0073199939	-0.06490126	-0.0221595564	0.0358680634	0.003731408	0.129630643	-0.1672961609	0.089104572	-0.1100250612	0.0924596732	0.1839444282	0.0295350576	0.114540596	-0.066470767	0.0806644882	0.0859442845	-0.0180045615	0.0029495519	0.028480827	-0.1427924356	0.1174780851	-0.055951333	0.0667142732	0.1667451682	-0.154139026	0.1381054209	0.1009827172	0.079556831	0.0218629269	-0.1216944932	-0.063080731	0.1003291122	0.0046352755915677	-0.0168166778362604	0.0002828006534485	2.1485779809783287e-05	-0.1057411506457413	-0.0095765754200272	0.0111811909398853	9.171079677547096e-05	-0.0040064262029275	0.0384768455769446	1.6051450919504063e-05	0.001480467645552	0.0010239598727919	-7.139046557880007e-05	1.048493821088004e-06	5.096598575557838e-09	0.0001782286566178	-0.00018372469967	3.1765454039785666e-08	3.3754765268868435e-08	0.000446908488723	-0.0003808937437347	1.997271972926758e-07	1.4508004401623532e-07	0.0	0.0	0.0	0.0
832.618217192978	1.6018190284378306	693253.0956016132	2.565824199865516	1144.942561443587	-3.696815146539393	1310893.469005002	13.666442227683074	799.5332880365112	1.0711141205724743	1.147285459289745	639253.4786784748	834.9838925704215	643.0438215968238	1.201192	28.704891	0.1205292746432085	0.0689637600540432	-0.1381070692	0.0511435435	0.1499873271	-0.0693316364	0.0346065769	-0.0833758827	0.0234474061	-0.1672934141	-0.0434181823	0.081053258	0.0061558917	-0.0800000618	0.1219708454	0.0626381735	0.0488832191	-0.1516324936	-0.0187390442	0.0660675347	-0.1045889392	0.1538376331	-0.009042567	-0.0346605174	-0.0529003984	-0.1286514821	0.0972475212	-0.0019875587	-0.1251947224	0.0058610006	-0.0033257031	-0.0881410079	0.0756418454	0.0757319582	0.0813939578	0.0149517665	-0.227636621	-0.0986476467	0.014400428	-0.0944160527	-0.0558041958	-0.0861740031	-0.1799888701	0.0428962132	0.0440919115	0.0750138084	-0.0999008449	0.1549714672	-0.0266857063	0.0748257461	-0.0293334325	0.1440592801	0.0417226525	0.1308295724	0.0046713291	-0.0477208279	-0.0380614056	-0.1067436666	0.1200911204	0.0121833725	0.0082331225	-0.0250784383	0.0502548482	-0.1797604235	0.1123288463	0.0099157238	-0.1706439942	-0.1631028986	-0.0546083306	-0.0486176	-0.0678884528	0.1163345613	0.0116383938	0.0677650945	-0.0045610298	-0.0013193926	-0.1290053318	0.0126898136	-0.007192779	-0.0446372599	0.0322258537	0.1201126574	-0.0151502737	-0.1556269736	-0.0504290523	-0.147703763	-0.0070473578	0.0876297676	0.1344470552	-0.1427426208	-0.0762226793	0.0436027474	-0.1217041927	-0.0030356141	-0.0267324085	0.09450664	-0.1587094493	-0.1002639217	0.0736828244	0.0219198172	0.0229887675	-0.1046202647	-0.024184742	0.0611586415	-0.0411844854	0.1322708505	-0.0215383887	-0.0369280978	0.0338897143	0.2883211289	0.0050513106	0.0111759708	0.1303198994	0.1077935432	0.0413180298	0.0003619442	-0.0987764038	0.0185248178	-0.1237830955	-0.0540487397	0.1082719048	0.0048560590229271	0.0002207834313594	4.8745323562830905e-08	2.35813092341517e-05	-0.1531686904190792	-0.0474275397733379	0.0234606477246957	0.0022493715289515	-0.0116211641058399	-0.0076147379029123	0.0001350514551748	5.798423333005072e-05	0.0010240036761445	4.3803352600072655e-08	1.0485835287574505e-06	1.9187336990062917e-15	-0.0006889960763731	-0.0008672247329909	4.7471559325752666e-07	7.520787375111377e-07	8.852754354524216e-06	-0.0004380557343684	7.837125966154746e-11	1.918928264131046e-07	0.0	0.0	0.0	0.0
837.1266540979954	4.508436905017334	700781.0350013048	20.32600332652228	1154.308431324206	9.365869880618902	1332427.954626149	87.71951862068433	801.3707477565129	1.8374597200016751	3.376258222628634	642195.0753598326	837.2722597399961	664.6400590977405	1.141523	27.278967	0.2083115405525548	0.1309171755335915	-0.0526264969	-0.0073866549	-0.079058025	0.1596847777	0.11155604	-0.0134097873	-0.0919651159	0.0409671525	0.0535067607	-0.199169486	-0.044636137	-0.0555859041	0.0424561426	-0.0839792883	-0.0520302141	0.0213420766	0.1513695569	-0.0372068943	0.0658460113	-0.1184463127	-0.0675610121	-0.1445401872	-0.0619580738	-0.0155436561	0.0176497986	-0.1038449443	0.0039079905	0.1080581009	-0.1507134148	-0.0283773873	0.1732280078	-0.081153607	0.1165097252	-0.0554528984	0.0101211209	0.0225056222	-0.0316778052	0.0427250137	0.0011357966	-0.115945965	-0.0288831667	0.095987784	0.032550435	-0.0333585538	0.0014334035	0.1861005358	0.0832506213	-0.2265239525	0.0630245917	0.0241607926	0.0593558124	-0.0189717911	0.1203016941	-0.0547716885	0.0202040317	-0.0458622281	-0.1793508707	0.1467432694	-0.0216307269	0.0409233757	0.002244499	0.121138247	0.0331793195	0.090411617	0.0041598085	-0.1106010427	-0.0495170622	-0.034453056	-0.0314946927	-0.05832068	-0.0819658595	0.1550147063	-0.0188194344	0.1017104406	-0.0023834924	0.0338204115	-0.0672940455	0.0057467094	-0.0188342805	-0.0648221571	-0.0622380303	-0.0038146458	-0.1301855949	-0.0539556504	0.0653541779	0.1086318671	-0.0864316085	0.078689542	-0.1139222297	-0.0561261957	-0.1344447877	-0.0685936524	0.1304381335	-0.1620807212	-0.0040534247	-0.0564649539	0.0055147916	-0.1195433118	0.1051995596	0.0123924256	-0.023698872	0.0173333922	0.1664494167	0.1023466513	-0.0370302495	-0.0658167604	-0.0086742217	0.0086364937	-0.0696783545	0.0630597382	0.0207445913	0.0091890749	-0.0247040637	-0.0226720809	-0.0451689934	0.0151740128	-0.1255324169	-0.0446835199	0.1150284477	0.0049944576804392	0.000138398657512	1.9154188401151546e-08	2.494460752169811e-05	-0.0319990944985164	0.1211695959205628	0.0010239420487249	0.0146820709755524	-0.0062729984384262	0.0053481656674136	3.935050940849754e-05	2.860287600610262e-05	0.000200729124088	-0.0008232745520565	4.02921812571357e-08	6.777809880638308e-07	-0.000863063109048	-0.0001740670326748	7.448779301995999e-07	3.02993318642447e-08	-0.0006269132670554	-0.0006357660214099	3.930202444100753e-07	4.0419843397940425e-07	0.0	0.0	0.0	0.0
836.9873024819703	-0.1393516160250101	700547.7445160453	0.0194188728887818	1151.886187044301	-2.4222442799048167	1326841.7879034586	5.867267351531604	800.3571815268161	-1.0135662296967212	1.0273165019816266	640571.618021549	836.7353446120969	669.6976678233704	1.064647	25.441872	0.1984283972673972	0.1303487032019214	0.0173548169	-0.0378917065	0.1137821348	-0.1397946789	0.1122796303	0.0020291158	-0.0387047541	-0.0308932035	-0.1450817473	0.1285039103	0.0829338824	-0.1052321392	-0.0540919751	0.0283833095	-0.017194667	-0.0768665779	0.0016048845	0.1374109224	-0.0505886223	0.1175587436	-0.1339242366	-0.006551166	-0.0363541805	-0.1259173015	-0.1098413203	0.1000179758	-0.1015190859	0.1547409788	-0.0026745923	-0.0595967089	0.0587278643	-0.0883664402	0.0142453172	-0.0331829218	-0.0099628006	0.0466992809	0.0573412383	-0.1729403512	0.0135526422	0.0306126983	0.0294747088	0.0315652491	0.0140228756	-0.0412245813	-0.07042947	0.2436161056	-0.0331947232	0.1368712635	0.0003996694	0.0441575353	0.063352748	0.0260680791	-0.0603242383	-0.0132592466	0.002759626	-0.0656466364	0.0532619991	-0.1082870019	0.1518904151	-0.0587965196	0.0741793537	-0.0363819821	0.0453297001	0.0456336269	-0.1349282231	-0.2012141953	-0.0956571584	0.0358181852	-0.0026181156	-0.0305064568	0.0527739981	0.0663765971	0.0950734215	0.0122691105	0.0933463178	-0.0036895052	-0.0576622581	-0.1328542375	-0.014381756	-0.1178120593	0.0030447042	-0.0455064915	-0.0354197292	-0.0654873071	-0.0339728486	-0.0355906874	-0.0692595069	-0.112679475	-0.0750705737	0.0293738367	-0.0811003599	-0.0061328298	-0.0574577157	-0.0089593895	-0.2139012191	-0.0170639018	-0.0310872149	0.0454028202	-0.0662409628	0.0991245506	-0.0422053368	0.068807018	0.062350235	0.1533892928	-0.043134295	-0.0525059366	-0.0613991018	0.0422963303	-0.0312972425	0.0196343827	-0.0025511924	0.0069882901	0.1522857928	-0.12775306	0.0094018992	0.0118128082	-0.1269376627	-0.0350428114	0.1205247148	0.016535430057246	0.0115409723768068	0.0001331940434022	0.000273420447178	-0.1569912882743267	-0.1249921937758103	0.0246462645940327	0.0156230485048897	-0.0174671890802713	-0.0111941906418451	0.0003051026943659	0.0001253099041259	0.0008673187621217	0.0006665896380337	7.522418351283181e-07	4.443417455338993e-07	-0.0009616645308301	-9.860142178210004e-05	9.247986698566764e-07	9.722240377451594e-09	-0.0003780835174125	0.0002488297496429	1.4294714613900818e-07	6.191624430734832e-08	0.0	0.0	0.0	0.0
837.7537227623236	0.7664202803532589	701831.3000021322	0.587400046136768	1156.6478218135976	4.761634769296506	1337834.18370614	22.673165676173397	801.4725719260501	1.115390399234002	1.2440957427033863	642358.2835497576	837.5775104633813	676.4821903659688	0.9894170000000002	23.644093	0.180235690672053	0.1335377576749125	-0.0072938694	-0.0814759671	0.0064027303	0.0535020723	0.0111553546	0.013231419	-0.1076183374	-0.0394331711	0.1123743383	0.0106835288	-0.0748099328	-0.0467602196	0.0971792512	-0.0761508001	-0.0543011978	-0.0826646377	0.0180666058	0.0145962551	-0.0954233859	0.0054639219	-0.0059798972	-0.3198525043	0.0220712952	-0.0755518369	0.1678057676	0.0215708965	0.0836651699	0.0505644553	-0.0401521824	0.0996357123	0.1200210316	0.0308549573	0.1685477055	-0.0443735075	0.0617041151	0.0465720618	0.0402732595	0.0490167324	0.0298628719	0.0403536045	0.0180864017	-0.0517526569	-0.0481245223	-0.0087794549	0.1813631456	-0.0293278245	-0.068981223	-0.0571292324	0.0683688097	-0.0080052717	0.0322582679	-0.0878176302	-0.040918003	0.0620762709	0.040542993	-0.1195136266	-0.0462180988	0.0407509274	-0.0866509846	0.1328554336	0.030812127	-0.1121094355	0.0281213614	0.1829310077	0.0237698346	-0.0066028202	-0.0663145825	-0.0716237176	-0.0330476802	0.0313717246	-0.0512880868	0.1198159659	-0.0484157722	0.0034013852	-0.1253382217	0.0246047703	-0.0506210164	0.034477335	-0.1286142957	0.0430062837	-0.0471559831	0.1773379617	-0.1364866356	0.0752227091	0.0127658413	-0.022417643	-0.0792990331	-0.0667326153	-0.0154941926	-0.1070430947	0.0988354019	-0.0858782992	0.0196651487	-0.023821584	-0.0547563105	0.0103877787	-0.020302066	-0.162679111	0.1921747998	-0.0820654956	0.0034645151	-0.0043369565	-0.094801954	0.0794063855	-0.0287677545	-0.0590392997	-0.1260691807	0.0587216484	0.0002358251	0.106777079	-0.0254360871	0.0098560244	0.3104720865	-0.0613635228	0.0490799403	0.0084435077	-0.1279949812	-0.0251860523	0.124700488	0.0223866257488225	0.0058511956915765	3.423649102112341e-05	0.0005011610124178	-0.0254885630367311	0.1315027252375956	0.0006496668456774	0.0172929667449145	-0.0250872161340822	-0.0076200270538108	0.0006293684133581	5.806481230081e-05	0.0005718826024805	-0.0002954361596412	3.270497110198696e-07	8.728252442354065e-08	-0.0005801164378347	0.0003815480929954	3.3653508144602136e-07	1.455789472684264e-07	-0.0004063341185573	-2.8250601144800018e-05	1.6510741590373793e-07	7.980964650425761e-10	0.0	0.0	0.0	0.0
838.789761477732	1.036038715408381	703568.2639598706	1.0733762198250485	1149.533290490172	-7.114531323425581	1321426.7859451622	50.61655595200375	801.151763782479	-0.3208081435711847	0.1029178649815898	641844.148611777	837.4848440411022	682.3116672794994	1.171651	27.998943	0.3429041217104281	0.1809049423920669	0.149869757	0.057011594	-0.050431463	-0.0150055348	0.1151522861	-0.1120120061	-0.0134982886	0.1417325371	-0.1060182052	-0.0121763158	0.0451349938	0.0454014796	-0.0735397182	0.0647422747	-0.1119903139	0.06729738	0.0728625649	-0.0526815508	0.0059549464	-0.0383817127	0.0122816311	0.0291760534	-0.2000383186	0.074124909	-0.0146097055	-0.021476575	-0.0597790123	-0.0701348154	-0.0328928395	0.074022523	0.0687417894	0.0057568119	-0.0061882494	-0.1095765792	0.0114615029	-0.0139271352	0.0146408852	0.0598497192	0.0506605808	0.1045524232	-0.0873980181	0.0919335068	-0.0535491037	0.1611439769	-0.0138054057	0.0578138038	0.0068679682	0.1743614351	0.0183683175	0.0486126654	-0.0640394501	-0.0797025044	-0.0237125917	-0.1183919584	-0.0925271082	0.0250168517	-0.09548798	-0.0762818856	0.0539088863	-0.0856492397	-0.0889042987	0.0569215712	0.0234389305	-0.0240767739	-0.0703221596	-0.0536405974	0.0247180371	-0.0525879502	-0.0378192677	-0.0736189852	0.0306191346	-0.0973298378	-0.133260655	0.1441712342	-0.0564218983	0.0195099819	-0.1344935823	-0.009536862	-0.1009313896	0.1262273679	0.2359625534	0.0304069348	0.0381078134	-0.0510843047	0.0139321549	0.0817801169	-0.0477165485	0.0151196262	0.0122445785	0.0216391808	0.0596618845	0.116015442	0.0039929586	-0.0988023352	0.0773337851	0.0450098639	-0.0910478296	0.1035295761	0.032394434	-0.0196036986	-0.0150002541	0.0438269302	0.0628399451	0.0162531962	0.0013279026	0.1464830179	-0.0087352853	-0.1202310113	0.1890529031	0.2520707517	-0.1671661009	0.0932533457	0.1921252299	-0.0843971997	-0.0930111375	0.0050684204	-0.1287014744	-0.0151740128	0.1275100165	0.038843033880255	0.0164564081314325	0.0002708133685882	0.0015087812810226	-0.1629877781272739	-0.1374992150905428	0.0265650158188654	0.0189060341505153	-0.12373117683439	-0.0986439607003078	0.015309404120823	0.0097306309826438	0.0012625645104096	0.0006906819079291	1.5940691429458332e-06	4.770414979405819e-07	-0.0002987304041499	0.0002813860336848	8.923985436356259e-08	7.917809995286341e-08	0.0004276886955917	0.000834022814149	1.829176203369298e-07	6.955940545210174e-07	0.0	0.0	0.0	0.0
837.9538287277354	-0.835932749996573	702166.619079471	0.6987835625168329	1160.2586669921875	10.72537650201548	1346200.1743304878	115.03370110998578	801.7688094042285	0.6170456217495257	0.3807452993202587	642833.223733474	838.8566571331332	680.8040346432099	1.063203	25.407356	0.2639847928216005	0.1515349029942759	0.0639892202	-0.0866331451	0.1001821162	-0.0958332659	-0.0020853016	0.0537194411	-0.0105261914	-0.0276822474	-0.115823263	0.1494358348	0.0134629662	0.0711020886	-0.0067765868	-0.0620214667	0.0904059935	0.0073764032	-0.1611169313	0.0398888251	-0.0008601233	0.0684304456	-0.0240844301	0.0948564369	0.1541606104	0.0077659608	0.0636972921	-0.0186276431	-0.0702202954	0.0470524613	0.1307513699	0.1863507771	-0.0405945082	-0.106260113	-0.0466616723	-0.1991495407	0.0638553974	0.0115073581	0.1119945231	-0.0006513201	-0.1190048543	0.0315857728	0.1259155467	-0.0389136599	-0.2115500832	0.020757886	0.0722558312	-0.0892785883	-0.1670505293	0.0803888432	-0.0441374591	-0.0302423367	-0.1656625296	0.1251186256	0.0284198674	-0.0758362498	0.0747603602	0.0407265977	0.1148030143	-0.1527672449	0.0307854214	-0.0769488526	0.0764902245	-0.0094746191	-0.0654499906	-0.0420902873	0.0556272837	0.1880509908	0.0647775369	0.0398833606	-0.023617847	-0.014837852	0.0742808313	0.1429930759	0.1363886794	-0.0380188769	-0.0740154742	0.0313304006	-0.1297214516	0.0044256638	-0.1072764052	0.0327530524	0.0950800604	-0.0782891971	-0.0831436435	0.040601813	-0.108764932	-0.0386456768	-0.1150955991	-0.0482562616	0.1609698834	0.0418103586	0.0651313621	-0.0577255146	-0.0789696404	0.0924675099	-0.001837701	0.1002531005	-0.0344223434	0.0557262667	-0.1093994896	0.1471977559	-0.0113333772	-0.0004858734	-0.0288449138	0.0706389688	-0.0259239379	-0.0308337351	0.0675944783	-0.0942809046	-0.0865497971	0.0902675499	-0.1893605159	-0.0594425355	0.0265389121	0.0008461696	-0.0237579	0.0016898595	-0.1290552057	-0.0050684204	0.1289225186	0.022421205494453	-0.016421828385802	0.0002696764475327	0.0005027104558244	-0.0255766261360008	0.1374111519912731	0.0006541638045007	0.0188818246915687	-0.0778240197128496	0.0459071571215404	0.006056578044266	0.0021074670749817	0.0008063005874851	-0.0004562639229245	6.501206373788174e-07	2.0817676736245419e-07	-0.0008367105732258	-0.0005379801690759	7.000845833478468e-07	2.894226623189339e-07	0.000718337710051	0.0002906490144593	5.160090656813145e-07	8.447684960616239e-08	0.0	0.0	0.0	0.0
839.4549179761282	1.5010892483927591	704684.5593143081	2.2532689316403385	1158.6927585458398	-1.5659084463477484	1342568.9087065677	2.4520692623432194	802.4481892357629	0.6793798315344475	0.4615569554957742	643923.0964077548	838.9371978611622	681.2472446671806	0.944635	22.573946	0.082667542709724	0.0488638571525612	0.0073092524	-0.0748866604	-0.0480873164	-0.1024816792	-0.1147018393	0.082593822	0.0110815412	-0.0348933802	0.1865953047	0.0504661345	-0.059466521	0.1261025534	0.0469049984	-0.0866912076	-0.0163926884	-0.0249097715	-0.1699484183	-0.0634559666	0.0059437087	0.0876381296	0.143111968	0.029185449	0.1909066141	0.0065978517	0.1772789692	0.1140314592	-0.0659203346	-0.1172921186	-0.1993604796	0.0625108858	-0.0197630087	-0.1339489465	-0.0372144341	0.1098242563	0.1302045859	0.1462550704	-0.0611112371	0.0035994558	0.1667841576	-0.2394671483	-0.0884870319	0.0245735377	-0.0410796512	0.0578027403	0.1814522314	0.0701669149	0.1831551339	-0.0819497902	-0.0224008155	-0.000121221	0.0446482407	0.0274764529	-0.0805935483	0.1719031742	0.0771536537	-0.0135751406	0.032155411	-0.0504083422	-0.2141089757	0.0954184336	0.017547558	-0.0961526823	-0.0317427932	0.0130918132	-0.0403577206	0.3484900223	-0.123379053	0.0292456398	0.2017287293	0.017927333	0.0364617809	-0.0317557733	0.0493212936	-0.1594009894	0.0669983054	0.0284805774	-0.0716708871	0.0257209288	0.1164191301	-0.0666408605	0.2772427268	0.0703628797	-0.0957389858	-0.1295192351	0.1608041217	-0.0037592458	0.0610455792	0.1346436312	-0.144475624	-0.050721363	-0.1160146105	-0.0485705111	-0.0562437739	0.0953100809	0.0443168256	0.1281406215	-0.0689038334	-0.0299667354	-0.0178796386	-0.2026428751	-0.018497319	0.0765590429	-0.0549131697	-0.1375922249	0.0298591038	-0.144321275	-0.0814403099	-0.0956138494	0.1271748622	-0.003806443	0.0203082231	-0.0618629712	-0.0046046217	0.0154390324	0.1509899259	-0.0016898595	-0.1290552057	0.0050684204	0.1289225186	0.0574400590790133	0.0350188535845603	0.0012263201063768	0.0032993603870005	-0.0255352188042508	4.140733174999925e-05	0.0006520473993809	1.7145671226544956e-09	-0.1087645675012183	-0.0309405477883687	0.011829731143727	0.0009573174974443	0.0007764324401559	-2.9868147329200007e-05	6.028473341264452e-07	8.921062248787974e-10	-0.0009471469307316	-0.0001104363575058	8.970873083942903e-07	1.2196189059148874e-08	0.0009113678853169	0.0001930301752659	8.305914223869983e-07	3.726064856318409e-08	0.0	0.0	0.0	0.0
837.2330010558721	-2.221916920256035	700959.098057022	4.936914800520064	1153.5757738271154	-5.116984718724325	1330737.0659608282	26.183532611658254	800.3635787073623	-2.084610528400617	4.3456010551187	640581.8581212561	836.7152218185968	683.9184584415617	1.283558	30.673195	0.2485496348241868	0.1918504074880439	0.1592449117	0.1278680148	-0.1123392242	0.1275020506	-0.0453309076	-0.1447036808	0.0217471073	0.1393353728	0.0699983092	-0.1616740141	-0.0377715842	0.0448273616	-0.1256574645	0.0931107907	-0.0741838694	0.0412764406	0.1191001316	-0.1511363389	0.1375872754	-0.1459115009	0.0058295873	0.0477461144	-0.0220726795	0.188751084	-0.0185468723	0.0019389824	-0.0272725247	0.0988502757	0.0704832228	0.0651792345	0.0828721927	0.1844592373	0.0691702948	0.0627342787	0.1550725133	0.0181209164	-0.0415816056	0.0844827982	0.009629823	0.1306846238	-0.0117306077	-0.0574598409	-0.0166153341	0.1626277976	0.0105483657	-0.0179670735	-0.0193538219	0.1098609587	0.0851631134	-0.0448108363	-0.1006462345	0.0124911089	0.0509268378	0.0490474616	-0.1478960432	0.0317545498	-0.1104177257	0.106594295	0.0072838032	-0.0619116482	-0.1284470693	0.1749576747	-0.0254977182	-0.1018618877	0.1015571606	-0.0068599001	-0.0387482724	-0.0340813289	-0.0075816099	0.0063695315	-0.0245022775	-0.1454228009	0.0062805737	0.0210106039	-0.0451388983	-0.1222312438	-0.0747655308	0.1572977676	-0.1988150291	0.0725250564	0.0111802301	0.0986393646	-0.0789591699	-0.0582930714	-0.0189262312	-0.0166148313	-0.1011189966	0.0222774321	0.0565170385	-0.0750369998	0.1430915925	0.163304012	-0.0012528088	-0.1313728735	0.1683892094	-0.0086549609	-0.0438469997	-0.0439960423	-0.04200535	0.0088398842	-0.0406384632	-0.0130872971	0.1132987235	-0.0301188752	0.0160068114	-0.0526412982	0.1907339554	-0.134427622	0.103461168	0.1213362728	-0.0259313519	-0.0219177816	0.0063604624	-0.0294393177	0.0413069774	-0.0050684204	-0.1287014744	0.0151740128	0.1275100165	0.0521124288463852	-0.005327630232628	2.8383643895612917e-05	0.0027157052402695	-0.2134970009609134	-0.1879617821566626	0.0455809694193042	0.0353296315515086	-0.1421307370500244	-0.0333661695488061	0.0202011464143831	0.0011133012703596	0.0008878570539173	0.0001114246137614	7.882901481907074e-07	1.2415444551877181e-08	-0.0010446998187194	-9.755288798780003e-05	1.0913977112323474e-06	9.51656595476026e-09	0.0006824643293443	-0.0002289035559726	4.657575608273652e-07	5.239683793690124e-08	0.0	0.0	0.0	0.0
835.2500178528759	-1.982983202996252	697642.5923232295	3.9322223833652736	1153.9441345329572	0.3683607058417237	1331587.0656230154	0.1356896096082129	799.5501396508589	-0.8134390565033982	0.6616830986451386	639280.425815708	836.1850747660911	664.0814360935667	1.313794	31.395742	0.2922128820842653	0.1911898273850143	-0.0328868826	-0.0780095927	0.1119484441	-0.0839287773	-0.0037532918	0.0788500468	0.0072172458	-0.0915226883	-0.1283236234	0.0913775884	0.0239259647	0.0238874866	-0.0264194214	-0.0230054439	0.1490773824	-0.1317429993	-0.0862771496	0.0697112601	0.0174859721	0.0939230897	0.0347193258	0.027760333	-0.0242064114	0.0789556554	-0.0257674617	0.0765881522	-0.1291635124	-0.1179959521	0.0517058037	-0.1436113173	0.0393093372	0.1317669097	-0.1295237089	0.0353545548	0.117848704	-0.083920224	0.0159404617	-0.0673786785	0.0207514959	0.0521635015	0.0506958221	-0.0518662518	0.0953881373	0.1902846637	-0.0576633492	0.0185386375	-0.1398397904	-0.1448531754	0.1705113363	0.0619482527	-0.0323983477	-0.0431527408	-0.1974067712	0.1070720311	0.0913035068	-0.0232941822	0.1804985403	-0.0444765848	0.0962599662	-0.0885908953	0.0865086477	-0.0148565718	0.0203916767	-0.0367985946	-0.0253448783	0.0623166886	-0.0637055794	0.0949832794	0.0286943776	0.1039694304	0.0353961163	-0.109067191	-0.0711884494	0.0662372017	0.0486800002	0.0055608365	-0.1639315635	0.1402235883	0.0907374163	0.1020413121	0.0389573443	-0.1539309593	0.0188945723	-0.0711954113	0.002272627	-0.0150551099	-0.0172782359	-0.0575204169	-0.1225150765	-0.1284478656	0.2677719766	-0.0687070123	-0.0902126422	0.0948390169	0.0151645383	-0.0010811636	-0.0224170623	0.1027572636	-0.1680338079	0.1130858772	-0.0195450782	-0.0172115845	-0.0486817981	0.0668566688	0.0399228229	-0.1487723981	0.0764485083	0.0413800929	0.0727289552	0.1370351262	-0.0612322376	-0.1169574006	-0.0665308111	-0.022826982	0.0236444342	-0.0084435077	-0.1279949812	0.0251860523	0.124700488	0.0577518594194401	0.0056394305730549	3.180317718830635e-05	0.0033352772664027	-0.0463341818394127	0.1671628191215007	0.0021468564067277	0.0279434080966475	-0.0525824210250647	0.0895483160249597	0.0027649110008571	0.008018900902906	0.0007190671035816	-0.0001687899503357	5.170574994532314e-07	2.8490047334328084e-08	-0.0012456723981053	-0.0002009725793858	1.551699723401409e-06	4.0389977665021855e-08	0.0009099481269177	0.0002274837975734	8.280055936810307e-07	5.174887815841563e-08	0.0	0.0	0.0	0.0
837.355073915446	2.1050560625701564	701163.5198119421	4.43126102656337	1161.1623270708817	7.218192537924551	1348297.949808665	52.10230351454968	801.5614715095439	2.011331858685025	4.045455845761359	642500.7926085454	838.5483632195729	676.3980796578913	1.038267	24.811474	0.0843010214218216	0.0455906091882681	-0.0058430561	-0.0158281772	-0.0911629618	0.0612499267	-0.0513480055	0.0340361	0.0167676353	-0.0070462653	0.1548695495	-0.0084103189	-0.0313763592	0.0053402849	0.124327404	-0.0261110222	-0.0238215335	0.0583688348	0.0620555057	-0.0719909214	-0.0607514337	-0.0273539526	0.0912937091	-0.153597046	0.2074389562	-0.2212941475	-0.0082980519	0.1334688713	0.026701335	-0.0454092755	-0.0734156117	0.0199800996	-0.2823964756	-0.0914986472	-0.1319841524	0.0338182027	-0.0883570543	-0.0397912929	-0.0782865186	-0.0250224441	-0.051322149	0.0240823654	0.0702474401	-0.1010416759	0.0759798169	0.0349313393	-0.1407686369	0.1229160959	0.0362594751	0.1803635611	0.0502054685	0.0760351016	-0.0523546335	-0.0318802552	0.0388142256	-0.0310577508	0.0211643486	0.0025584636	-0.0691360933	0.0711066949	-0.0993378163	0.1302623634	-0.0225618593	-0.1346412667	-0.0063390315	0.1293014104	0.0471432282	0.1120890542	0.0789087027	0.0818545006	0.0976045969	0.0443408853	0.1534661628	0.066744631	0.1402892785	-0.0633842256	0.0478018426	-0.091954256	0.0496211318	-0.1124551168	0.016756997	-0.0466699028	-0.0854950417	-0.1606088493	0.1259363672	-0.0692232994	-0.0721424266	-0.097942521	-0.0063568204	-0.0094087961	0.0227509145	0.2081420051	0.0079135722	-0.0331125863	0.0116707593	-0.0363696173	0.0577531608	0.0178461385	-0.0055394819	-0.134320221	0.0421013198	-0.1354837326	-0.0068870104	0.0153411059	-0.0254757592	-0.0930029952	0.0865409991	-0.1082890945	-0.0730358684	-0.0173412098	-0.0046974648	0.0511877339	-0.0555949318	-0.0539159697	0.0830762445	0.276255052	0.1223324004	-0.0118128082	-0.1269376627	0.0350428114	0.1205247148	0.0575947198028927	-0.0001571396165474	2.4692859088665162e-08	0.0033171517491737	-0.0130831380711811	0.0332510437682316	0.0001711685017895	0.0011056319116768	-0.0813701622427274	-0.0287877412176627	0.0066211033034077	0.0008287340444151	0.0006560272854426	-6.303981813899999e-05	4.303717992451866e-07	3.974018670998192e-09	-0.001444760442981	-0.0001990880448757	2.0873327376026554e-06	3.9636049612428734e-08	0.0007299740535448	-0.0001799740733729	5.328621188486266e-07	3.239066708643401e-08	0.0	0.0	0.0	0.0
835.0056133560648	-2.349460559381214	697234.374336138	5.519964920087887	1153.9895289141432	-7.172798156738509	1331691.8328434862	51.44903339731135	802.6506640546659	1.0891925451219322	1.1863404003491924	644248.088507396	839.7512719854954	667.4042832811623	0.9754290000000002	23.309818	0.1737791305235655	0.094180437033335	-0.0604246696	-0.0455089202	-0.0927097728	0.0614103083	-0.0379580733	0.0848304163	0.0535629252	-0.0133803974	0.0672306775	-0.1816561878	0.0840826591	-0.1565720159	-0.0370835652	-0.0536464615	0.0648614132	0.1657068382	-0.0561141679	-0.0454117479	0.0027485397	-0.1268619849	-0.0223645925	0.0134382481	-0.0457328407	0.0554505288	-0.1180903695	-0.0883598873	-0.0424723998	0.0726129171	0.0544968896	0.0059046094	-0.009460824	-0.0987774744	0.0281360614	0.0727546726	0.0921798405	-0.010681524	0.2559438112	-0.1103742963	-0.0002794709	-0.025665813	-0.0610921762	0.0325774668	0.0706975365	-0.0876230836	-0.1236456942	-0.0097347589	0.0820172287	-0.0943325676	-0.1213895648	-0.0492000987	0.1976650016	0.0375808651	-0.0053071795	0.02759207	0.0795056436	0.1213097395	-0.0409946365	0.0458022425	-0.0129518397	0.0688994641	-0.0891354885	0.1644575262	0.012262992	-0.1722546316	0.0683604344	-0.1849507567	-0.0263482675	-0.0126839915	-0.1021097109	-0.009013064	0.0176553837	-0.0972029512	0.0717572841	0.0203456399	0.1170741864	0.0364403607	-0.0069129566	-0.074301878	-0.02087904	-0.0812800359	-0.0987913251	0.0112388656	-0.0302182307	-0.1586454014	-0.0852063561	-0.027098655	0.1329817649	0.1132944524	-0.1454969488	0.0272077025	0.00127204	-0.0664881004	0.0282847166	-0.0827512715	-0.0805663328	-0.0610738544	-0.0148592445	-0.0454320193	-0.0948266578	-0.0098680702	-0.0618916611	-0.0186390017	0.1469239206	-0.027060457	-0.0610023819	-0.0747189251	0.071807984	0.0863146765	0.1548092084	0.0032880425	0.1318873389	0.0272996111	-0.1054993845	-0.0701745168	-3.45591e-05	-0.0151740128	-0.1255324169	0.0446835199	0.1150284477	0.057773243450427	0.0001785236475343	3.1870692728952355e-08	0.0033377476587823	-0.0743845933908744	-0.0613014553196933	0.0055330677339257	0.0037578684243123	-0.0267215005851539	0.0546486616575735	0.0007140385935223	0.0029864762209639	0.0002400405501319	-0.0004159867353107	5.76194657076252e-08	1.730449639544544e-07	-0.0015059900414029	-6.122959842190002e-05	2.2680060048047083e-06	3.749063722907142e-09	5.418058930211069e-05	-0.0006757934642426	2.9355362571239913e-09	4.566968063131349e-07	0.0	0.0	0.0	0.0
838.2616710720331	3.256057715968268	702682.6291884774	10.601911849716494	1165.9407294137138	11.951200499570632	1359417.784505783	142.83119338093732	803.7043049388338	1.053640884167976	1.110159112790274	645940.609777214	841.9734059861563	665.717166308108	1.020283	24.381697	0.1863300150920677	0.1008019009202181	-0.1275598769	-0.084693922	-0.0115707609	-0.0877822102	0.0001411074	0.1156816613	0.0274716903	0.0156464563	-0.0671914151	0.1232871651	0.0122363079	-0.0640347056	0.0170225753	-0.146230751	-0.0136043166	0.0614976382	-0.0965183921	0.0601168878	0.0672976818	0.0501503481	0.1187085707	0.0160641127	0.0032815517	0.2488663872	0.0530738605	0.0406453742	-0.0852881213	-0.0964894603	-0.0269182781	0.0806233514	0.1411881905	-0.2383007844	-0.0446658863	-0.1114814491	0.01481449	0.0850865002	-0.0509763242	0.2177210489	-0.0470999234	0.0031059085	-0.0864595418	0.0928484973	0.0434027104	-0.0176335729	-0.0318948855	-0.0670309703	0.0347998044	0.1071401874	-0.0915646929	-0.1555163226	0.1758649452	-0.0902525171	0.0501458005	-0.1891951188	0.1107986101	0.0703493842	-0.017774531	-0.1659685613	-0.0423193664	-0.0415208982	0.115516485	-0.0056109699	-0.0535931752	-0.2434645758	0.1484331843	0.0786449837	-0.0251875289	0.0278728796	0.1195772782	-0.1820187546	-0.0603567524	0.1614818604	-0.2767032081	0.1141765188	-0.0987079323	0.2161301198	0.0059432609	-0.1302652273	-0.1275664742	-0.0488591176	0.0189005609	0.1263624927	0.1490078251	0.0233832742	-0.0248965485	0.1602050041	-0.0191738054	0.2114142241	0.1047540256	0.1469260225	-0.0719148932	-0.1182080479	0.0622826454	-0.0070636568	-0.1724863898	-0.0521297964	0.0225804192	-0.0343407127	-0.0221464002	0.0056823708	0.0667895196	0.1080871161	-0.054800242	-0.1046121371	-0.1161801114	0.1233789744	0.004562771	-0.073154205	0.0780184315	-0.0413441627	-0.0286188067	-0.0922574169	-0.1445582995	0.1268836514	-0.0574209309	-0.0185248178	-0.1237830955	0.0540487397	0.1082719048	0.0339322363315517	-0.0238410071188753	0.0005683936204422	0.0011513966624602	0.0010795585673548	0.0754641519582292	1.1654467003491483e-06	0.0056948382307747	-0.0267337511054677	-1.2250520313800832e-05	0.000714693448169	1.5007524795884687e-10	-0.0009290293965335	-0.0011690699466654	8.630956196233991e-07	1.366724540196241e-06	-0.0010449738292523	0.0004610162121506	1.0919703038222147e-06	2.1253594786568716e-07	-5.598536177487735e-05	-0.0001101659510769	3.1343607330638973e-09	1.2136536776697322e-08	0.0	0.0	0.0	0.0
835.1826006973355	-3.079070374697608	697529.9765075649	9.480674372340468	1156.0286663887196	-9.912063024994268	1336402.2775124814	98.24899341145851	800.3674826872391	-3.3368222515947537	11.134382738737882	640588.1073431079	837.9627670362157	667.9784080495577	1.22097	29.177523	0.4394737785817587	0.2798703787499764	0.0244916704	0.1284419947	-0.1078842885	-0.0329602285	0.0010191273	-0.0973765869	0.0409835218	0.1322570658	0.0209239755	0.0237586789	0.0159701739	0.0157950203	0.1209518404	0.1432381616	-0.0416851163	0.0738509966	0.0382511362	-0.0348504981	-0.0650118581	0.0347048607	0.1008169243	-0.0654524738	-0.0107709779	0.129981706	-0.0346227173	0.0400120391	0.0279774458	-0.0614875248	0.0608022344	-0.0141711356	-0.1274581202	0.0550132305	-0.0367349155	0.0147973542	0.0965412261	-0.0209611156	0.1085700299	0.1301734002	0.0339286585	0.0328130024	-0.0919837527	-0.125774939	-0.0809799409	-0.1591640861	-0.0688408818	-0.1141404837	-0.083789517	0.0034851101	0.1425693675	-0.2269016398	-0.0171765067	0.0625895357	0.0650806202	-0.1316861561	-0.1535470292	0.1015016487	-0.0611947366	0.0247582804	-0.0417489031	0.0471265503	0.0391451616	-0.1337700886	0.0683691917	-0.0984703388	0.1143202813	0.0333283343	0.2257929568	0.0023683783	0.0300085389	-0.1101351552	0.0665419883	-0.105290685	-0.0589815692	0.0356715076	-0.0065155181	-0.0197602681	-0.1001539301	-0.0086488263	-0.0658825203	-0.0704397018	-0.1896363487	0.070162073	-0.0202830878	0.0579663994	0.0556761915	-0.0725678194	0.1324002005	-0.133307086	0.1720149323	-0.1006451912	-0.087137415	0.1472801051	0.0271627013	-0.0459258014	-0.1162915742	-0.0570511077	-0.001512814	-0.0543556013	0.0268397693	-0.1515186996	0.0510026478	0.093934517	-0.0803317813	-0.2037567317	-0.1572674658	0.1209812158	0.1032057418	-0.0404125233	-0.0818699623	0.0380895916	0.0862930576	-0.0065604711	-0.0814599076	-0.1170631665	-0.114883791	-0.0218629269	-0.1216944932	0.063080731	0.1003291122	0.0145361799393413	-0.0193960563922103	0.0003762070035698	0.0002113005272289	-0.2527950323235899	-0.2538745908909447	0.0639053283674848	0.0644523079000445	-0.1312874247758486	-0.1045536736703808	0.0172363879042741	0.0109314706779724	-6.501034446196672e-05	0.0008640190520715	4.226344887063568e-09	7.465289223425908e-07	-0.0013730030707892	-0.0003280292415369	1.885137432396573e-06	1.07603183303274e-07	-1.504450281885535e-05	4.0940858956022e-05	2.2633706506654652e-10	1.676153932056887e-09	0.0	0.0	0.0	0.0
833.3032329615806	-1.8793677357548404	694394.2780642223	3.532023086196276	1155.721735502544	-0.3069308861754507	1335692.7299130126	0.0942065688884474	799.181428684515	-1.1860540027240631	1.406724097377772	638690.9559542226	836.591761795834	654.8719436048084	1.040961	24.875841	0.3151774595847596	0.2002830549909948	-0.0670212481	0.1337038518	0.0046352513	-0.082047355	-0.1150575609	-0.0554315442	0.1109434809	-0.0147419405	-0.0265859969	-0.0095802818	-0.1667147921	0.1679163931	-0.078754785	0.1166182002	0.118652834	-0.1150199905	-0.0549593266	-0.1679951104	0.1810428271	-0.0532927481	0.060666384	0.0460421856	0.1224286881	0.009404436	0.072505209	0.0009247278	0.0535558	0.2040850519	0.0024239213	-0.1091157162	-0.024036106	0.2392215114	-3.8583e-05	0.0371934941	0.0365113575	0.0196796949	0.0787321448	-0.0475804676	-0.1710972478	-0.0867411835	-0.0236051175	-0.0050963308	0.0764805969	-0.0992566936	-0.0579086849	-0.1578742608	-0.0360352468	0.0165485368	-0.1425135318	0.0839601816	0.0561644113	-0.0235495716	-0.0171131275	0.0056240943	-0.1015758087	0.0388969967	0.1738063811	0.074369166	-0.1309451205	-0.1473176799	-0.0005626026	0.0826000903	-0.0349940281	-0.0721898589	0.158198507	-0.0015800734	-0.0307343007	-0.2263965927	0.1140319811	0.1687060377	-0.094657567	0.0633300489	0.0857141262	0.0126441743	0.0025624454	-0.0559181551	-0.0439550983	-0.0024100572	0.031546876	-0.0343872198	-0.1288417489	-0.0495375203	-0.0654626846	-0.0175063093	0.0364710256	-0.0621889937	0.1085659344	-0.0328821614	0.0761371457	0.129316834	-0.0400199201	0.0785548344	0.0886036637	0.1993462318	0.065587549	0.0299771873	0.0874727003	-0.0356498851	0.0046848262	-0.0003089197	0.0021233091	0.0515132278	0.0019608402	-0.1523589668	-0.1249738684	-0.0330719325	0.3077275207	-0.2298139116	0.0780228564	0.0988538663	0.084591188	0.031079529	0.0126109329	0.1152049165	-0.1133345144	-0.0251860523	-0.1192723348	0.0717238087	0.0912870929	0.0265176666432012	0.0119814867038598	0.0001435560236347	0.0007031866441999	-0.0653789091278866	0.1874161231957033	0.0042744017587524	0.035124803233707	-0.1756312859850339	-0.0443438612091853	0.0308463486167567	0.0019663780269394	0.0004163157879372	0.0004813261323991	1.733188352857717e-07	2.316748457303402e-07	-0.0010448712653639	0.0003281318054253	1.0917559611831576e-06	1.0767048173166692e-07	0.0006042173288769	0.0006192618316957	3.650785805151359e-07	3.83485216195182e-07	0.0	0.0	0.0	0.0
832.9049035130924	-0.398329448488198	693730.5782961538	0.158666349532912	1149.6225802772924	-6.099155225251707	1321632.0770834195	37.1996944617152	800.0449945901628	0.8635659056477607	0.7457460733972371	640071.9933687736	837.0315502376618	658.2759188161123	1.00629	24.047306	0.0709780913129395	0.0348978501530151	-0.0499040714	0.1182863874	-0.0863844499	0.0189265061	-0.0886053269	-0.0468862273	0.1742150161	-0.0008840379	-0.063853567	-0.1157733036	0.0166297903	-0.0063383092	0.060192337	0.0887424313	0.0610412528	0.0959406803	0.0832786108	0.0834372275	0.0045688248	0.0446370301	0.0767234436	-0.0056191828	-0.0401647317	0.1541494751	0.0886905726	0.0645227645	0.0751267491	-0.009898351	-0.0081014917	-0.0225670799	-0.2374708016	0.1076453265	-0.106544955	0.0743676175	0.0200991731	0.0390483993	0.0852703339	-0.1683187949	0.0282413084	0.0422217013	0.1103380911	0.0325587029	-0.1050503905	0.064257256	0.0818048348	0.0719771809	0.0123185169	-0.0978651701	-0.152393415	0.0138863533	-0.0693081116	0.1493605667	0.0846415872	-0.2321273449	-0.0715875887	0.1153235259	-0.0040865425	0.0632318783	0.0734396385	-0.0151302642	0.0700683443	-0.0840007063	-0.0803227268	-0.0064492463	0.0862566398	0.0299672705	0.1120006731	-0.025377667	0.063038762	-0.02726544	-0.0925725162	-0.197348509	0.012365788	0.1246171994	-0.0057926229	-0.125236271	0.0993792469	-0.0597180767	0.0163449385	-0.1321835786	0.0714912605	-0.1257006508	-0.0441218533	-0.0121446614	0.0026421649	0.1171511109	-0.0297475755	-0.2334452811	-0.1190343767	0.0739175915	-0.1050149685	0.0911627671	0.146175481	0.0352235747	0.063192805	-0.0254376543	0.0604409222	-0.0006706267	-0.1204884248	0.0906960212	-0.0220202419	0.0715212892	-0.1679500968	-0.2098379874	-0.0537843549	-0.0478406002	0.0268602348	-0.2791120156	-0.0778376901	-0.0360206688	0.0660373273	0.180905327	-0.0862669625	-0.0226317968	0.0484808646	-0.0284919163	-0.1165232592	0.0799246852	0.0812449131	0.0308763586186984	0.0043586919754972	1.8998195737263695e-05	0.0009533495215504	-0.0899973608633786	-0.024618451735492	0.0080995249623731	0.0006060681658527	-0.1720938154295836	0.0035374705554503	0.0296162813091115	1.2513697930677936e-05	0.0006203255434826	0.0002040097555453	3.8480377989698317e-07	4.1619980357693846e-08	-0.0014528643236106	-0.0004079930582466	2.110814742820486e-06	1.664583355774951e-07	0.000446950601739	-0.0001572667271379	1.9976484039485417e-07	2.473282346466669e-08	0.0	0.0	0.0	0.0
829.7028021993561	-3.202101313736307	688406.7399774638	10.253452823431784	1152.6454238317965	3.0228435545041066	1328591.4730803818	9.137583155007022	800.2639382183204	0.2189436281576036	0.0479363123108149	640422.3708126957	838.2473958950599	639.3349554627483	1.047042	25.02116	0.1505581917503073	0.0855572227100551	-0.1813125127	0.0894097611	0.0307385312	0.0361764042	-0.1990068602	0.0381229842	0.1879803	-0.221813222	0.0883696211	-0.0049730837	-0.0137686163	-0.0498329529	-0.0064458952	0.0679945384	0.2106355258	0.0536094468	-0.0890248651	-0.0219813518	-0.0100400315	-0.0620885315	0.1681848513	0.0285101295	0.0835535323	-0.0261667907	0.0800413815	-0.0251468928	0.24240834	0.0292283459	0.1695820901	-0.1187091125	0.0703378021	-0.125178214	0.1255908488	-0.0126154281	-0.0335085198	0.0719653452	-0.1380999585	-0.0538057089	0.1499681686	-0.1263114845	0.0866785742	0.0975737877	-0.0168463673	0.0787131999	-0.1310395338	0.0107290209	-0.0689640089	-0.0330655594	-0.0527364236	0.0620049674	-0.0697501739	-0.0908204102	-0.0532473258	0.039650118	0.0044774861	0.1303298155	0.1855652607	0.103324207	-0.083479628	0.1245556302	-0.0483667689	-0.0334625405	-0.1104766675	-0.0494342865	0.0624023517	-0.1007231895	0.1353707985	0.0468577401	0.144592908	0.072982062	-0.0430732394	0.091241121	0.184877451	-0.096655956	-0.0499235651	0.1611914075	0.0500806766	0.1132459689	0.0797357151	0.0022315238	-0.0091080401	-0.0509378491	-0.0375002605	0.0140621308	0.0792601699	0.1956319812	-0.0946838826	0.1031085197	-0.1413968816	-0.1343892589	-0.0575484887	0.0047620216	0.0728776902	0.1785016964	0.0118998593	-0.1042850537	0.1185003959	-0.0332340127	0.0060053273	-0.104801606	-0.0018225688	-0.075590812	-0.0083348656	-0.1080707736	0.0277899654	0.0017244766	0.0499060709	-0.0805323214	0.0190144461	-0.1577216169	0.1527505941	-0.1892939426	-0.0718184255	-0.045571379	0.0876408371	-0.0317782535	-0.1134548014	0.0876327994	0.0703125971	0.047732211481744	0.0168558528630456	0.0002841197757406	0.0022783640129379	-0.0456208227973604	0.0443765380660182	0.0020812594727081	0.0019692771307247	-0.1054480796943551	0.0666457357352285	0.011119297511227	0.0044416540916899	0.0002488802363859	-0.0003714453070967	6.194137206350146e-08	1.3797161616416178e-07	-0.0014489382244426	3.926099168e-06	2.0994219782508743e-06	1.5414254676970292e-11	0.0005251804971946	7.822989545560005e-05	2.758145546335673e-07	6.119916542994113e-09	0.0	0.0	0.0	0.0
831.5883326119088	1.885530412552612	691539.1549362546	3.555224936660822	1149.1761161689471	-3.46930766284936	1320605.7459731456	12.036095659505287	800.0067967845512	-0.2571414337692204	0.0661217169608903	640010.8749014782	836.9219690711753	632.9213866159148	1.156799	27.64403	0.1170746055858938	0.0612252671049471	-0.184519678	0.1097461159	-0.0226553603	0.1586806102	0.1607638592	0.0089181129	0.0570608701	-0.0342577228	-0.2119224299	-0.1966656416	0.1405699965	0.030021316	0.050719146	0.0153379272	0.0843957739	0.0621164885	0.1744982115	0.0166989791	0.0600632398	-0.135264314	0.0103248453	0.0841101486	0.0805135832	0.0448051286	-0.1173477791	0.0376755693	0.0046748785	-0.0460479848	0.2077277333	-0.0080256163	0.0152370466	0.0186603109	-0.0796265543	-0.0866431432	-0.0063443645	-0.0862329039	0.0133461931	-0.0250569041	-0.0079900086	-0.0157364306	-0.0799788906	-0.0693535296	-0.1223289526	0.044685008	-0.0096847099	0.0476149653	0.1144538902	-0.0045556698	-0.02241462	-0.0421535876	0.185743365	0.0031462571	0.1083694515	0.2276494303	0.0230129902	0.0613898386	-0.0406132745	0.1403420119	0.1994383768	-0.0738612926	-0.0550062214	0.0973314381	0.0223067554	-0.0882954519	0.0888969147	-0.0256946901	0.027641042	0.0851267464	0.0123087558	0.1181464044	0.1113295215	-0.0152349817	-0.0283861987	-0.0063112023	-0.0069092573	-0.0333317301	0.0502942225	0.0676247936	-0.0214473728	-0.0499198699	0.0189532424	-0.1575441007	0.0581620854	0.0642370815	-0.2000702629	-0.0536037082	0.1114023966	0.0898161189	-0.0389072176	0.0519026234	-0.0256034543	-3.2016e-05	0.152708567	-0.1241316657	0.1022984596	-0.2084642235	0.075776123	0.1363378275	-0.0523439232	0.0783692797	0.0794195495	0.0050365456	0.0356874872	0.0260568033	-0.0474822271	-0.0121167138	-0.000484343	-0.0218548661	0.018075037	-0.1176520128	0.2040964063	-0.0257741436	0.0537422604	0.0727914424	0.0197195925	-0.0350428114	-0.1100753719	0.0948006283	0.0586099215	0.0477452057650111	1.299428326709956e-05	1.6885139762562362e-10	0.0022796046735432	-0.0674958856191381	-0.0218750628217776	0.0045556945755117	0.0004785183734567	-0.0583573448308811	0.047090734863474	0.0034055796957103	0.002217537309982	-0.0001104042238504	-0.0003592844602363	1.2189092644009232e-08	1.2908532336728942e-07	-0.0012640565208483	0.0001848817035943	1.5978388878991086e-06	3.418124432393061e-08	0.0009429306057115	0.0004177501085168	8.891181271874562e-07	1.7451515316588169e-07	0.0	0.0	0.0	0.0
833.9137143307454	2.3253817188366384	695412.0829489001	5.407400138299638	1152.0173471207008	2.841230951753687	1327143.9680670174	8.072593321203161	800.1228717817309	0.1160749971796804	0.0134734049702628	640196.6099482441	836.7063407651043	642.3726259361335	1.204563	28.785433	0.1174757003537959	0.0543522033236659	-0.1310987035	-0.0081120826	0.227267046	-0.0845629983	0.1153507876	0.0081176195	-0.0235779086	-0.1529334447	-0.1465778039	0.1577923178	-0.0526954368	-0.1233160009	0.0534013695	-0.0006209777	0.0753733711	-0.1879723721	-0.0612651273	0.1221075352	0.0383538522	0.1522839381	-0.049853479	-0.0245334926	-0.1936289862	-0.133517212	-0.2235556389	0.1543027118	-0.0649129259	-0.0751404031	0.1088566752	-0.0054753886	-0.0616529492	-0.1414772065	0.0415481376	-0.053777485	-0.0265367607	-0.0758542158	0.0702598399	0.2401565123	-0.1003322682	-0.0058539074	0.0107278312	0.0977777419	0.0817007894	0.2009815198	-0.0643280853	-0.0921922003	-0.0162817507	-0.0662752628	0.0497664131	-0.0039068843	0.055751849	-0.0632513204	0.0248853096	-0.0197035413	0.0436010765	-0.1267660321	0.1544987785	-0.0526515701	0.0935240749	-0.1088025963	0.1552930714	-0.1008233904	0.0418082001	-0.0026905342	-0.1081712922	-0.1844527528	0.0307122379	0.1444931872	0.0184436814	-0.0450604128	0.2168194974	0.0602729942	0.023469853	0.0805195848	0.0228799918	-0.0201244324	0.1330950248	-0.1336401898	-0.0343405034	0.213485615	0.0029074127	0.1324912791	0.0297416636	-0.0258655326	0.0997772818	-0.0452041292	0.0290681545	0.1470275989	-0.0128925245	0.0470889157	0.1446559823	-0.0469433277	-0.0528506671	0.1239662307	-0.1785426912	-0.1321526292	0.0074083922	0.1174003045	-0.1228266964	0.0367406936	0.1540662127	0.0073969083	-0.0399209176	0.126966137	0.0060806782	0.0388559003	-0.1187196391	0.0445928592	-0.0877071391	-0.0902681342	0.0788409301	-0.0671541686	0.0871757891	0.1018689828	-0.0473136875	-0.0382833527	-0.1063942335	0.1013839798	0.0462651033	0.0607621580670212	0.01301695230201	0.0001694410472328	0.0036920398529616	-0.1115320032667881	-0.04403611764765	0.0124393877527028	0.0019391796574776	-0.0407123847606953	0.0176449600701857	0.0016574982729028	0.0003113446158784	0.0002335376765315	0.0003439419003819	5.453984635973153e-08	1.1829603083831285e-07	-0.0015339174397677	-0.0002698609189194	2.3529027120234955e-06	7.282491556002298e-08	0.0007011800183338	-0.0002417505873776	4.916534181105881e-07	5.844334649746295e-08	0.0	0.0	0.0	0.0
838.6671116911114	4.753397360365966	703362.524232311	22.59478646553413	1157.8238268400494	5.806479719348545	1340556.0139985366	33.71520673120595	801.8527839509303	1.7299121691994517	2.9925961131443515	642967.8871298573	838.0541605409295	660.2186490280484	1.127696	26.948553	0.2700305301599321	0.1595391248928479	-0.0576104096	-0.0771137127	0.0737608542	0.1555962912	0.1344428924	0.0174092418	-0.1611597091	-0.0351083204	0.0206608949	-0.0333124149	-0.0910920629	-0.0007976021	0.2163998986	-0.1341607119	-0.0794931589	-0.1306861969	0.1128897411	-0.0349877772	0.0125512332	0.0647682627	0.0775647472	-0.2376383312	0.0612202495	0.0646199345	-0.2006154489	-0.0620324383	0.1062417451	-0.0935095065	0.0311061597	0.0513614634	0.0518885567	0.0544336082	-0.0367187157	-0.0024876893	0.0101390231	0.0022549297	0.0324395375	0.0545617684	-0.0346534916	0.067965479	0.0814535379	0.079630042	0.0269256601	-0.0820759531	0.0324100215	-0.0157865856	-0.1336574886	0.1566169953	0.1387314907	0.0812396848	-0.1140391885	0.1554465753	-0.032990856	0.0205361342	0.062418355	-0.1828139648	-0.1067375257	0.1138733187	-0.0857227556	0.0450755273	0.1031689912	-0.1037549075	0.0051724726	0.0151443781	0.1468958853	-0.0454258553	0.0571156028	0.0258221141	-0.1332884882	-0.0297939429	0.191478095	0.000285903	-0.1223867916	0.0546766551	0.0347665002	0.0199563887	-0.0623824645	0.0893234068	-0.0135672371	0.0941493382	0.0147481097	0.1005949678	0.0343952782	0.0989756237	0.0113022766	-0.0953249705	-0.1328290597	-0.1306506013	0.098523531	0.0613758349	-0.0015609997	-0.1265236872	0.0273507143	-0.0355438551	0.1001447464	-0.1009845919	-0.0290453771	-0.0847100692	0.1051568194	-0.071304704	0.2171458268	0.0296627042	-0.1414002441	0.0271002701	0.0008913506	0.0848705545	-0.0041342436	0.1754808836	0.0181011324	0.0397995978	-0.0879155291	0.1446493228	0.1933382682	-0.1073939001	-0.1298003639	-0.0414976565	-0.1024214758	0.1073422654	0.033413395	0.0700368271370024	0.0092746690699812	8.601948635766607e-05	0.0049051571554183	0.0328418076068999	0.144373810873688	0.0010785843268886	0.0208437972661914	-0.0461668348353683	-0.0054544500746729	0.0021313766387161	2.975102561710026e-05	-0.0008302850262383	-0.0010638227027698	6.893732247955345e-07	1.1317187429284425e-06	-0.0010460710151751	0.0004878464245925	1.0942645687894644e-06	2.379941339877833e-07	0.0013680628938032	0.0006668828754694	1.8715960814011856e-06	4.447327695943353e-07	0.0	0.0	0.0	0.0
840.8671278740176	2.200016182906211	707057.5267390994	4.840071205049214	1155.7070130656537	-2.116813774395723	1335658.700049135	4.480900555471467	802.1558129612179	0.3030290102875597	0.0918265810758579	643453.9482674723	839.1317084599467	684.8451376977414	1.233678	29.481194	0.4692022179514752	0.281989630923765	0.1617389386	0.0177605566	-0.0330174655	-0.0598548838	0.1220743377	-0.0933463987	-0.0623655308	0.1561009506	-0.0555602542	0.0850700106	0.0006524596	0.0097401563	-0.0258847012	0.0275275568	-0.1654974485	0.0194687162	0.0139177737	-0.0806863133	-0.0458996406	-0.0233691903	-0.080940518	0.1441722639	0.1065872847	-0.1579874396	0.0516126789	-0.0527392025	-0.0949961921	-0.0956199837	0.0075850026	-0.0899213867	0.1147573214	-0.0357798358	-0.0521228015	0.0166565548	-0.0773081834	-0.0573564657	-0.1016246305	-0.1120199121	0.1087287921	0.0133142834	-0.1962078918	0.0978633003	0.0047561801	-0.1506823579	0.044007809	-0.0869184936	-0.0586771772	0.0984184266	0.026123755	0.052119555	-0.227220245	-0.1212276476	0.1589262083	-0.1626348112	-0.0890092797	-0.0493851329	-0.1040667593	-0.107520497	-0.0402202537	-0.0521523401	-0.1100918405	0.0166743362	0.0482030378	-0.0166094845	-0.1113348167	-0.0183275983	0.0160028473	-0.0229460743	-0.0619253335	0.1658904172	0.0015483652	0.056701105	-0.0555367339	-0.1564350516	-0.041014581	0.1130847459	-0.1574303758	-0.0420384899	0.1019159686	-0.0711191794	0.0857264437	-0.1189309198	0.2666918535	0.1103734521	0.053512989	0.0358777627	-0.090199418	0.017874283	0.0866526594	-0.0514016716	-0.0436867772	0.1028718162	-0.0962539593	-0.039527929	-0.0125935751	0.0054960113	-0.1424787574	0.0422039591	-0.0494739661	-0.1487214805	0.0704912307	-0.1417471296	0.0073049329	0.0843343391	-0.0181334131	-0.0094215283	0.0420056166	-0.1431333577	-0.0644378673	-0.1515809691	-0.1328959269	0.0413852706	-0.0580546566	-0.0296968624	-0.0201112038	-0.0446835199	-0.098167988	0.1126387502	0.0201956026	0.0810346512890873	0.0109978241520848	0.0001209521360801	0.0065666147095439	-0.2264161874778238	-0.2592579950847237	0.051264289951993	0.0672147080153506	-0.1287062538903711	-0.0825394190550028	0.0165652997904926	0.0068127556979373	7.096414236567819e-05	0.0009012491686039	5.035909501696242e-09	8.12250063909362e-07	-0.0020469726633163	-0.0010009016481412	4.190097084364227e-06	1.0018041092517704e-06	0.0009420741173551	-0.0004259887764481	8.875036425903908e-07	1.814664376597493e-07	0.0	0.0	0.0	0.0
840.2648189014918	-0.6023089725257478	706044.9658835569	0.362776098385022	1155.7550670078822	0.0480539422285346	1335769.7749143944	0.0023091813637033	803.0491336746838	0.8933207134659824	0.7980218971073718	644887.9110956603	838.5832955814102	684.1338303092202	1.063098	25.40485	0.2328363336659531	0.1871949610318192	0.129298582	-0.0491804957	0.1721879735	-0.0634951956	-0.0058565262	-0.0776877118	-0.1936320661	-0.1183282775	0.0578012319	0.0455391749	-0.0029993554	0.1302455616	-0.0486323551	-0.0361458026	-0.0928017616	-0.046957492	-0.2226005824	0.0140492236	0.1138125882	-0.0682655942	-0.0185630057	0.0052027832	0.0842378857	-0.1272211484	-0.0801218178	0.0215491543	0.0798093586	-0.2679760249	0.0512432196	0.0133154584	0.0868351634	0.1719743914	0.0685001784	0.1377626401	0.1336290636	-0.0082167382	-0.1293671963	0.0375021027	-0.1679209381	-0.0656923376	-0.0592508114	0.0288081141	0.0183768057	-0.1513794783	0.0922982831	0.0635132193	0.0357891472	-0.0394548659	-0.0175279978	0.1098304589	-0.1275876403	-0.105817594	0.0090426518	0.083600088	-0.0069456415	-0.1664210001	0.069752252	-0.0971878413	-0.0511759549	0.0968803393	-0.009550239	0.1776798324	-0.1507358756	0.0794223816	-0.0359044975	-0.0094921646	0.1075199982	0.0783215562	0.0264797277	0.2167638361	0.1686989115	-0.0816459288	-0.0927161815	-0.1582517632	-0.0760110047	0.0380527015	-0.0456523644	0.2556990721	0.010942718	-0.1415014602	-0.0066342692	0.0445152535	-0.0829123884	0.1166956835	0.1178905794	-0.1346426045	0.1872607576	0.1137718054	-0.0341573443	0.0462718026	0.048018927	-0.0068107284	-0.1391882343	0.1331812606	0.0419411585	0.0117963405	-0.106175903	-0.1652069629	0.0741453784	0.1057006657	0.1334749231	-0.107145395	0.0518429579	0.0187858665	0.007352704	0.0203607118	-0.1125964302	-0.0941447719	-0.0752260753	-0.1126709301	0.0143696364	0.153903822	0.1979063755	0.1080869086	0.0001880416	-0.0478387595	-0.0936454286	0.1172407796	0.0067565429	0.0846050727286211	0.0035704214395338	1.274790925588263e-05	0.0071580183314152	-0.0414676447212229	0.1849485427566009	0.0017195655587255	0.0342059634677902	-0.139448678062152	-0.0107424241717808	0.0194459338132817	0.0001153996770864	-2.568208705757346e-05	-9.664622942325165e-05	6.595695956327822e-10	9.340493661731792e-09	-0.0019100221539736	0.0001369505093427	3.648184628669951e-06	1.8755442009224963e-08	0.0013799762845499	0.0004379021671947	1.9043345459201465e-06	1.917583080339025e-07	0.0	0.0	0.0	0.0
839.384132636095	-0.8806862653967755	704565.7221212497	0.7756082980585197	1154.067305084458	-1.6877619234242047	1331871.3446649034	2.8485403101605717	801.970519672336	-1.0786140023478763	1.163408166060905	643156.7144235166	838.6046555836996	683.6571773484981	1.182981	28.269686	0.071843766933555	0.0428777963202757	0.1174202957	-0.0599446687	-0.0826740413	0.1962133444	0.0061076557	0.0600720169	-0.0384795504	0.1132411227	0.0415477687	-0.1233003881	0.0288347395	-0.2073672253	-0.0880069481	-0.0368502706	-0.0430863391	0.0748969596	0.1134340346	0.0727216997	0.0576413645	-0.0517236536	0.0373870513	0.2166385254	-0.0709161596	0.0002753938	0.1763805477	0.1040762574	0.0073588226	-0.0628528445	0.0619945505	0.0932420902	0.032193567	0.1282803417	0.0010772825	0.1798159716	-0.1362502135	-0.124095712	0.0788883648	-0.0379831961	0.0927588322	0.0291080276	0.0949522236	0.0228986679	0.0844034403	0.0557537067	0.1728227011	0.0062006477	0.0853194609	0.0468388644	-0.0628728629	0.2190186683	-0.0027871155	-0.0176422446	-0.0216979043	0.0656882767	0.0290415369	0.0281959294	-0.132689513	0.0407880366	0.1232654487	0.002333871	-0.0186672474	0.0043110416	-0.0844714139	-0.0675759096	-0.1006540016	0.0294028041	-0.1123446979	-0.0478944973	0.1513506315	0.1846021255	-0.1158927199	-0.2829063301	0.0618340016	-0.038554225	-0.1017888299	-0.0361804204	0.195576581	0.001208061	0.0008404416	0.0984045768	0.0746866717	0.0440759041	0.0645824101	0.001940808	-0.0242892186	-0.0359314504	-0.0431902591	-0.0589896715	0.0870618705	0.1039255944	0.0478816887	-0.0190587327	-0.0036844331	-0.1832137148	0.1468318149	-0.038728736	-0.061123435	-0.0503282033	-0.0554697663	0.1746535414	0.0193645131	-0.1729078808	-0.2006551903	-0.0532697973	0.0396280867	-0.0501503126	-0.0608587204	-0.014050747	0.0322487088	-0.1108398168	0.0916236067	0.0421172924	0.0147639969	-0.1586974342	-0.0031691729	-0.0509612127	-0.0888661936	0.1211199807	-0.0067565429	0.0912689777109818	0.0066639049823607	4.440762961393183e-05	0.0083300262924076	-0.0476413389249472	-0.0061736942037243	0.0022696971745616	3.811450012109904e-05	-0.1010362651655683	0.0384124128965837	0.010208326878607	0.0014755134645376	-0.0002511865014458	-0.0002255044143882	6.309465850858088e-08	5.0852240908577e-08	-0.0020186650250235	-0.0001086428710498	4.075008483253128e-06	1.1803273429965178e-08	0.0013022484729703	-7.772781157959984e-05	1.6958510853534783e-06	6.0416126929537755e-09	0.0	0.0	0.0	0.0
837.0479955740881	-2.336137062006969	700649.3468945986	5.457536372482554	1163.9872380880486	9.919933003590586	1354866.2904318434	98.40507079572576	801.6778924556986	-0.2926272166373564	0.0856306879169263	642687.4432522106	839.3947164233062	678.8665212844242	1.0637	25.419245	0.0686591098654405	0.0322532130724291	0.0438782306	-0.061584843	0.0335750437	0.0322245714	-0.1562443014	0.076187484	0.0614821134	-0.0091907984	0.0657995511	0.1421344212	-0.0867176646	-0.1358989574	-0.1243900947	-0.0056470121	0.0359889477	0.0606031487	-0.1104026234	0.0027684811	-0.1338251481	-0.0008497101	0.1297519566	0.0726622731	-0.0868266982	-0.1140404091	-0.113041727	-0.1485705533	0.1210057391	-0.1700446968	0.1031834084	-0.0862890765	-0.1057490585	0.0734124733	0.2088604464	-0.025766533	-0.0094211676	0.1626706125	0.0582001444	0.0960410195	-0.0420311713	0.0298210113	-0.0326377745	0.1298814078	0.1011351029	-0.0388103093	0.0841480281	0.0838388061	0.0352897885	0.0443049126	-0.0581208473	-0.0326080642	0.1223899869	-0.0170834158	-0.0084918508	0.0764496609	0.0424756594	0.0458869769	0.0704982202	-0.0704267559	-0.0095037535	0.0697114582	-0.1639681028	-0.1117312197	-0.0830251055	-0.1055956032	-0.0980020678	-0.1167941016	0.1596406036	0.2024011613	-0.0367455233	0.0450033062	0.0136248949	-0.0333647135	0.0382152702	0.090640503	-0.0087816713	0.0085404756	0.049987202	0.0415655933	0.0590117582	0.0593601462	-0.0105621851	0.1863066052	-0.0648351813	0.0382447952	0.0326454025	0.0670140847	0.0617621864	0.1130204788	0.0156841793	0.0439075919	-0.0505155922	-0.031887535	-0.1336147718	0.0654125503	0.0008248866	-0.0968209258	-0.1194947387	0.012610904	-0.0621697383	-0.0792539744	0.0488706782	-0.2552011921	-0.0602565594	-0.0825540314	0.0239153908	0.0556605449	-0.0742665916	0.0583309115	0.0140405397	-0.1357640127	-0.1307353098	0.0105284586	-0.017836145	0.0146714953	0.07769253	-0.0540487397	-0.0838433825	0.1242524367	-0.0201956026	0.1004321010943982	0.0091631233834163	8.396283013971225e-05	0.0100866069302354	-0.0568586823888352	-0.009217343463888	0.0032329097629944	8.495942053127884e-05	-0.0762270984179522	0.0248091667476161	0.0058105705332201	0.000615494754711	-0.0001603295281002	9.08569733456e-05	2.5705557580832826e-08	8.254989605523069e-09	-0.0022621223101506	-0.0002434572851271	5.117197346081088e-06	5.9271449681458165e-08	0.001477323739908	0.0001750752669377	2.1824854324957603e-06	3.065134909330692e-08	0.0	0.0	0.0	0.0
835.3628466286692	-1.6851489454188595	697831.0855275536	2.8397269682462944	1162.516649231875	-1.4705888561736629	1351444.959741306	2.162631583902162	800.3956658842961	-1.2822265714024752	1.6441049804105468	640633.2219663658	838.1949213515593	663.5106857652382	1.069907	25.567577	0.266212876624383	0.1535485188754262	-0.0905466571	-0.1276143323	-0.010468593	0.0534983726	0.0694654844	0.1202462145	-0.1219262173	-0.020977163	0.0248384919	-0.0366475113	0.1602432143	0.2088332417	0.1021286325	-0.0942165979	0.074789956	-0.089174294	0.1419198087	-0.0503529291	-0.0398104749	-0.1497498984	-0.0095871596	-0.1595277497	-0.1322345738	-0.0096131916	-0.1546393821	0.046668181	0.0581522016	-0.0627729543	0.0713296914	0.0405740497	0.0268469847	-0.1526195984	0.0116374461	0.1993925175	-0.2402436093	-0.0781649535	-0.0033980024	-0.0684921854	0.1025086071	-0.0091430813	0.0044706796	0.0832489469	-0.1102252667	-0.0415348039	-0.0165107553	-0.077921219	0.0564873352	0.0076283064	-0.0120238926	-0.1816465032	-0.0676286812	0.0452971701	0.0301145911	-0.0637718781	0.128908063	-0.028618053	-0.0104025319	0.1728929897	-0.0013042233	0.0910343377	-0.0048140333	0.0602626813	0.1737964966	0.0729967987	-0.0328811274	-0.0997110225	0.0165845017	-0.0514379917	0.0505256571	-0.204791247	0.2028577413	-0.1111975404	-0.006281518	-0.0863396556	0.1109343997	0.0625539934	0.0629524337	0.0795621004	0.1186721946	0.0821882461	0.0047788567	0.0929369622	0.206355377	0.0234216022	-0.0023704203	0.2243152433	-0.0669548644	-0.0909033084	0.1103247504	0.0558858007	-0.0830883573	-0.1667307097	0.0006180818	-0.0281605668	0.0717233757	-0.0737339214	-0.0621603154	-0.0045097288	0.0617914052	-0.0341478845	0.2121690634	-0.1215669936	0.0658273478	-0.1687724386	0.1021619604	0.1671893232	0.0129579505	0.0876359451	-0.0776579252	0.0649700963	0.0304811939	-0.0270964213	-0.1638589453	-0.0577739658	-0.1177689456	-0.0570992244	-0.0785907625	0.1266188352	-0.033413395	0.0955270353817923	-0.0049050657126058	2.405966964498194e-05	0.0091254144888341	0.0766907606704876	0.1335494430593228	0.005881472772218	0.0178354537414553	-0.031369247423548	0.0448578509944041	0.0009840296839197	0.0020122267958361	-0.0011453276795228	-0.0009849981514226	1.3117754934810817e-06	9.702213583059394e-07	-0.0015903435095414	0.0006717788006092	2.529192478340457e-06	4.512867569479354e-07	0.0014760903547788	-1.2333851292000222e-06	2.178842735471004e-06	1.5212388769317558e-12	0.0	0.0	0.0	0.0
835.8590106722573	0.4961640435881236	698660.2857220048	0.2461787581497174	1151.6580737121124	-10.858575519762551	1326316.3187462932	117.9086623183866	800.9514624151633	0.5557965308671555	0.3089097837239649	641523.2451449888	838.3711048237328	656.9125728754085	1.284844	30.703905	0.4978775415132488	0.3082249913066476	0.0380411777	0.1294341203	0.0322886285	0.0555031203	0.0746490849	-0.148440491	0.0543096511	0.0943629377	-0.0528578964	0.0381687537	0.0201847321	-0.1050737216	0.0710017314	0.0674580719	-0.0911104083	-0.0167173712	-0.0103379431	0.0032597211	0.1141486573	-0.0903894326	-0.0831303259	0.1137247872	-0.0190195374	-0.0504457929	-0.0476656543	-0.1251759473	-0.0684615747	0.0752059996	0.1256002239	0.0471638934	-0.1685396114	-0.0134602657	0.0029998039	0.0583088873	0.0204516129	0.1564617039	-0.0128771576	0.0975649004	0.0805558421	-0.0888125843	-0.1216297233	-0.0256878982	0.0966290692	0.0041186679	-0.0497979789	0.0367107913	-0.0671126423	0.0209430292	0.2169508277	-0.0359207149	-0.026036054	-0.0440061905	0.0307782585	0.0020122728	-0.1301835615	0.0020759268	-0.0709698878	-0.0271435227	0.0021955079	-0.0804167812	0.0396314603	0.1284830973	0.0840191246	-0.1543734424	-0.0412981676	0.0485651551	0.1614699081	0.0564011082	-0.0553434649	0.0347642847	-0.0162889442	0.0678920135	0.2117514149	0.0654043083	0.0730423049	-0.0003723865	0.0221494267	-0.0501632129	0.0041029596	-0.056389637	-0.0573846914	0.1608033179	0.0642877559	-0.128225858	0.028126006	0.102120339	-0.032978457	0.0480112791	0.0782826575	-0.1334745505	0.0807693668	0.1175832261	-0.0750542059	-0.057923909	0.0638664036	-0.2089028216	-0.1200568276	-0.0079458984	-0.0699796648	-0.0114413048	0.1545464474	-0.0159335268	0.1088857456	-0.0313277366	-0.0417671597	-0.0377217229	0.0068492884	0.1694194111	-0.0521727544	-0.0434466718	-0.0315319106	0.1530077648	-0.0120863674	-0.0806893248	0.1398854749	-0.0601105761	-0.0731227308	0.1282045865	-0.0462651033	0.1273063118945856	0.0317792765127933	0.0010099224156765	0.0162068970482015	-0.208633588135001	-0.2853243488054886	0.0435279740980852	0.0814099840212761	-0.122288956003203	-0.090919708579655	0.0149545887603533	0.0082663934082093	-9.377527157576377e-05	0.001051552407947	8.793801559108247e-09	1.1057624666592102e-06	-0.002334073730241	-0.0007437302206995	5.447900178201136e-06	5.531346411818755e-07	0.0014778918784384	1.8015236595999e-06	2.1841644043541824e-06	3.2454874960982164e-12	0.0	0.0	0.0	0.0
835.2429810533017	-0.616029618955622	697630.8373988061	0.3794924914306088	1147.1571229633532	-4.500950748759124	1315969.464765558	20.25855764275532	800.6578149250257	-0.2936474901375732	0.0862288484640961	641052.9366005168	836.7180587003146	655.0814363775878	1.099088	26.264893	0.2497093877436349	0.188636375788617	-0.0093392208	-0.0308831103	0.1980448166	0.0356792235	0.0195016061	-0.0535079503	-0.0864588442	-0.1835774717	-0.06878707	0.0087822377	0.0328758496	-0.0315540423	-0.0343077414	-0.0326168612	-0.0131567459	-0.0888365866	0.0325174627	0.1478308116	-0.0306571161	0.0565680658	-0.0445281454	0.1359114641	0.0174360835	-0.0472615438	0.0658030879	-0.0438211801	0.1472132378	-0.0892868552	0.0354947564	-0.0006078882	-0.0278554632	-0.0825356468	0.0892846891	-0.2201413817	0.1335160626	-0.0446980571	-0.1210515578	-0.145723743	-0.0071285989	0.2285480789	0.0370786626	0.001757566	0.0631739346	0.0750239517	-0.0278725863	0.0212321923	0.0303210644	-0.1941090876	0.0013029743	-0.0582631391	-0.0610298124	-0.002420925	0.0469556562	0.0978311679	0.024902539	-0.1881576426	0.0408251324	-0.0296921535	0.134001187	-0.0191044228	0.0064449658	0.0020609452	-0.071144378	0.0994651439	-0.1226563013	-0.0197948738	0.0731466004	0.2427445917	0.002743968	-0.0501851561	-0.1387286719	-0.0529111473	-0.0242835406	-0.0482723627	-0.197973174	0.0086099702	-0.0291891751	0.0162616419	-0.051246933	-0.0024262267	0.0333680646	-0.1222300679	0.0525016702	-0.0472720224	-0.0380162966	-0.0431406292	-0.1448141383	-0.0159337777	-0.1311634726	-0.1083415282	-0.0239387156	-0.0523865281	-0.0899833395	-0.023648588	-0.0231523681	-0.0661303492	0.0587200117	0.0367822854	-0.0986575423	0.0887025521	0.273673471	-0.2273842739	-0.0086670664	0.1451623853	0.2300991249	-0.0095199678	-0.1116631388	-0.1004515866	0.0668928621	0.1305686114	0.0535000131	-0.2035289334	-0.0625901207	0.0368600608	-0.1046886348	-0.063080731	-0.0674542747	0.1289999139	-0.0586099215	0.1203753994234233	-0.0069309124711623	4.803754768291312e-05	0.0144902367863487	-0.0261382802181486	0.1824953079168524	0.0006832096927624	0.0333045374116667	-0.0781112043773646	0.0441777516258383	0.0061013602492824	0.0019516737387142	-0.0004147765909556	-0.0003210013193798	1.720396204047491e-07	1.0304184704359565e-07	-0.0023343107169817	-2.369867407002457e-07	5.44900652341562e-06	5.61627152677255e-14	0.0014770218699633	-8.700084750999995e-07	2.181593604349884e-06	7.569147467458265e-13	0.0	0.0	0.0	0.0
839.9870631048751	4.7440820515734	705578.2661835535	22.50631451206088	1150.8209749379553	3.6638519746020393	1324388.916357146	13.423811291795262	802.5315440655311	1.873729140505361	3.5108608919789592	644056.8792202055	839.2605977968876	675.3808725183216	1.092028	26.096188	0.2458993055431343	0.1208462945820139	0.1036616185	0.0204781527	-0.0431239821	0.0165939269	0.0537254943	-0.0910886664	-0.0470355857	0.0164894401	0.0474201803	-0.0380854984	0.0727379624	-0.0797486067	0.0117337659	-0.0261671957	-0.1437758048	0.0912826	0.0762670023	0.1052863662	-0.0260305319	-0.0315183227	-0.2317304229	-0.0206495394	0.000978513	-0.0775366774	0.174819279	0.0686143149	0.2057723495	0.0898573961	-0.0669426153	-0.150514817	0.0121483362	-0.2370075282	-0.138213897	0.0936308093	-0.0427840364	0.0741870366	-0.1117629288	0.160343756	-0.1893472642	0.1230548581	0.1046489634	-0.1058103866	-0.1275178507	0.0513028839	-0.0623358346	-0.0576800891	0.063564878	-0.0043476603	0.0869125343	-0.0743677313	0.1134776643	-0.0429496535	-0.0111694614	0.1050143413	-0.0361792153	-0.0422214186	-0.1709455158	-0.0619662495	0.0796546009	0.0178138908	0.0214537598	0.0089604744	0.0188992032	0.263991012	-0.0710087866	0.0067316257	0.1484531346	-0.0042255585	0.1193660918	0.0248027172	-0.2017813051	0.125719868	-0.0172250146	-0.1605795726	0.2292826384	0.1566271295	0.175498617	-0.029976436	-0.1794516374	0.0460710204	-0.0580543253	-0.0023454515	-0.1002213036	-0.0331737133	-0.1452142174	-0.0751951187	-0.0017044198	0.0608858492	0.0798653721	0.0576048536	-0.018801852	0.0569675699	0.02342268	-0.2096026722	-0.1124425497	0.3750947693	0.4322899701	0.0616894124	-0.0192826762	-0.0638746467	0.1931905279	-0.2050418907	0.0478887652	0.1250565765	0.0830170254	-0.0216890363	-0.0349063542	-0.1361762105	0.0894834658	0.0216135102	-0.0651762506	0.1530729049	-0.0383677772	0.065669339	0.0777131612	-0.0660076536	-0.0616009311	0.1289999139	-0.0703125971	0.077027069759012	-0.0433483296644113	0.0018790776846944	0.0059331694756597	-0.0929644182527908	-0.0668261380346422	0.0086423830610798	0.004465732724625	-0.1488967325153254	-0.0707855281379608	0.0221702369537403	0.00501059099377	-0.0006359354580119	-0.0002211588670563	4.04413906756805e-07	4.8911244477626194e-08	-0.002405152346075	-7.08416290932999e-05	5.784757807830077e-06	5.018536412592674e-09	0.0004702361719905	-0.0010067856979728	2.211220574482791e-07	1.0136174416425782e-06	0.0	0.0	0.0	0.0
838.1553867350556	-1.8316763698195475	702504.4523129906	3.355038323755315	1164.5398737971943	13.71889885923906	1356153.117663585	188.20818591003083	803.0339380484618	0.5023939829306983	0.2523997140849707	644863.5056576207	841.1450001429586	687.913459141233	1.215663	29.05069	0.2858247339874354	0.1523310754102131	0.075163573	-0.1287434118	-0.0132715956	-0.0110146363	-0.1931272274	0.1287620286	0.0395426599	0.0537775393	0.1072506539	-0.0333510229	-0.0059416284	-0.0706894967	-0.1438085821	-0.0558301781	0.0768733253	0.1222267805	-0.1808554374	0.0849632057	0.1847663333	-0.0259565479	-0.0288491087	0.0325856744	0.0531169187	-0.0017055054	0.0763917828	-0.149279828	-0.0134232229	0.2451829732	-0.0530200782	0.0562062994	0.0384867456	0.0870864013	0.2379926958	0.1733872606	-0.0070537205	0.0029439023	0.0338744154	-0.0365316072	-0.0410920535	0.2209776944	0.0638896823	-0.0321520516	0.1816594081	-0.0016634761	-0.0224825716	0.051344509	-0.0665070391	-0.0014771414	0.0080152939	-0.124203344	0.028000009	-0.0214829115	-0.0053002935	-0.0043926834	0.0893958813	0.1216912808	0.0573031494	-0.0782594544	-0.0022039402	0.066551682	0.0731891673	0.1598849686	-0.1405618795	-0.1121375353	0.0611885996	-0.0720826073	-0.1825229688	-0.142638344	-0.1501399695	0.0731888879	-0.1607031934	0.0163136351	0.1804045997	-0.1208040229	-0.0826410898	-0.1215496227	-0.0073233754	0.0197668867	-0.1731127281	0.0087918798	-0.0956039211	0.2533138725	-0.0302386551	-0.0790736725	-0.0295089154	-0.0581237656	-0.0088896432	-0.1239703512	-0.0992790382	0.0427107267	-0.0684527183	-0.0822102029	-0.0271075786	0.0324558041	-0.0248731997	0.1253595495	0.0285427014	-0.1039997746	-0.0467396998	0.2208924917	-0.0466661582	0.0339312258	-0.0071172221	-0.0915644211	-0.1510585923	0.3189811515	0.1469041706	0.3207157444	0.1681870732	-0.0497521651	-0.2140102717	0.0602157863	0.017213126	-0.1082938202	0.1616475701	-0.0688893378	-0.0555787436	0.1282045865	-0.0812449131	0.0844028083289458	0.0073757385699338	5.440151945200911e-05	0.0071238340538127	0.0358424013175238	0.1288068195703146	0.0012846777322064	0.0165911967678195	-0.1009688670151334	0.047927865500192	0.0101947121063196	0.0022970802914044	-0.0015117576278919	-0.00087582216988	2.2854111254893443e-06	7.670644732533116e-07	-0.0020134362112116	0.0003917161348634	4.053925376618122e-06	1.5344153031232158e-07	0.001236984074187	0.0007667479021965	1.5301295997922698e-06	5.879023455227337e-07	0.0	0.0	0.0	0.0
837.0435535104957	-1.1118332245598594	700641.9104734781	1.2361731192351748	1166.3689399661876	1.8290661689932224	1360416.504117848	3.345483050555542	801.7359739056546	-1.2979641428071318	1.6847109160130525	642780.5718544485	840.9395657202958	671.1815632831148	1.123782	26.855026	0.2129930780314904	0.0929721369058023	-0.0625936057	-0.0498418162	-0.1349220025	-0.1296415881	-0.1164653408	0.1792607269	0.1892498198	0.075583671	0.1257046624	0.1455745038	0.0012672179	-0.0477675852	0.1236449593	-0.0617284661	0.0287401155	0.0202357797	-0.0765674974	-0.026142627	-0.051101523	0.1147775402	0.0269348657	-0.0431132363	-0.1016444905	-0.0010159431	0.1435799613	-0.1044789705	-0.3113742406	0.0042373548	-0.0034703401	0.0107163494	0.0731925528	-0.0636172486	-0.2203268141	0.0710262483	-0.0845644445	-0.0868317662	0.0144516875	0.0510587126	-0.0043257692	0.0185135747	-0.0503503598	-0.2099578945	0.0338616059	0.0529550684	0.1556666573	-0.0758393255	-0.1080599163	-0.0045725594	-0.0434111884	-0.0231540511	0.0694252246	-0.0791305713	0.0459725343	0.0261446616	0.0800785037	0.1438793204	-0.0121882328	-0.0516183297	-0.1873305495	0.0297318159	0.1077397085	-0.1203845605	0.1344706401	-0.057588107	-0.1761363328	0.1207774805	-0.290056205	0.0161562053	-0.0403083174	-0.0319685456	-0.0777898394	-0.0244874841	-0.0088558453	0.092931783	0.0960231269	0.122798886	0.0556578826	0.0214386024	-0.0630797794	-0.0619276614	0.046274916	-0.0241168986	0.0568354989	0.0299861408	0.0365621097	-0.0601525191	0.0778864557	-0.1463938514	0.1412885289	-0.0314748027	-0.0660356516	-0.0293166729	0.0873138546	0.0101049727	-0.1580062677	0.2323683768	0.0653349981	-0.0556558911	-0.1299186891	-0.1863623463	-0.0334560103	0.0940895565	0.0638872531	-0.110864877	-0.0660886835	0.0142265114	-0.0221411505	0.082991657	-0.1160900987	-0.0611456534	-0.1512663685	-0.1266748448	0.0858489971	0.1515651605	-0.0693662863	-0.0717238087	-0.0494042187	0.1266188352	-0.0912870929	0.0899547404488174	0.0055519321198716	3.082395026366205e-05	0.0080918553292141	-0.0140897787191534	-0.0499321800366772	0.0001985218643547	0.0024932226032151	-0.149642762401065	-0.0486738953859316	0.0223929563390215	0.0023691480920406	-0.0021787679637248	-0.0006670103358328	4.747029839753511e-06	4.449027881079179e-07	-0.0028120812352672	-0.0007986450240556	7.907800873741901e-06	6.378338744487701e-07	0.0005259380242953	-0.0007110460498917	2.766108053996436e-07	5.0558648506659e-07	0.0	0.0	0.0	0.0
834.7721028812443	-2.271450629251376	696844.4637487747	5.159487961126472	1149.3550248683844	-17.013915097803192	1321016.9731902045	289.4733069552554	799.4484979814242	-2.287475924230421	5.232546103933818	639117.9009247553	836.6365730939946	662.1349602480143	1.212523	28.97566	0.3563654119550963	0.1957558748124517	0.0597655609	0.1410519647	0.0351652135	0.0395097777	-0.103324088	-0.2055139949	0.0102035901	-0.0452338584	0.0224404274	-0.0130470329	-0.0219743175	0.0993092554	-0.0452891659	0.1646684015	-0.0406572194	-0.1000647775	0.0091233278	-0.0645175459	-0.0960597329	-0.0124371639	0.0068266991	-0.1043009622	0.0277612264	0.0107669596	-0.0026929018	-0.1153759944	0.0458712188	0.0774731525	0.1332689208	0.174973165	0.0054641061	0.0361196005	-0.1179107076	-0.2292061293	0.0476022181	-0.120473043	-0.0670014849	-0.0970562383	-0.0661059092	-0.0216075515	-0.0267686932	-0.0656028278	-0.0698970606	-0.2119969493	-0.0492623001	-0.0754431924	0.1819135121	-0.1063605816	0.0090574482	0.0552205962	0.0688942535	0.0255487972	-0.0707120418	0.0173536441	-0.1842155379	-0.0628654599	0.0645815623	0.0307784116	-0.0326169638	-0.005121965	-0.0992649588	-0.0073998935	0.0528706798	0.0513391586	0.1508614943	0.028636918	-0.0299225067	-0.0073227992	-0.191715121	-0.081637614	0.0421286089	0.0494399782	0.1171594985	0.1431458279	-0.1442031803	0.0281105552	-0.0264541493	-0.0083732067	0.0654908991	-0.1149837918	-0.0560123397	-0.1091410712	0.0520768336	0.2489357107	-0.1004262791	-0.0931376007	0.0056137769	0.1277216776	-0.0502580732	0.0009312623	0.0444505626	0.1437406327	-0.0400225518	0.056901402	0.015537309	-0.0324217706	0.1202719913	-0.0285205399	0.1544285738	-0.014813058	-0.0754756821	0.0851856596	0.0925124648	0.0587734695	-0.1411893229	0.1051133924	-0.0406231746	0.1255091455	0.1646127217	-0.2099135469	-0.1562363115	-0.0980953295	-0.1136624078	0.0171425964	-0.0409565538	-0.0745091236	-0.0430942802	0.1242524367	-0.1003291122	0.0962349879920196	0.0062802475432021	3.94415092038972e-05	0.0092611729138241	-0.1746872745073204	-0.160597495788167	0.0305156438747959	0.0257915556534303	-0.1519322880836071	-0.002289525682542	0.0230834201623201	5.241927851019836e-06	-0.0003083906400821	0.0018703773236427	9.510478689024733e-08	3.4983113327968294e-06	-0.0020122497332009	0.0007998315020663	4.0491489887670935e-06	6.397304316976336e-07	0.00159969205741	0.0010737540331147	2.5590146785406383e-06	1.152947723630084e-06	0.0	0.0	0.0	0.0
837.0910692175098	2.3189663362654755	700721.4581637138	5.377604868732522	1158.4034626322582	9.048437763873835	1341898.5822384057	81.87422596669813	801.3402358937569	1.891737912332701	3.578672328956886	642146.173662262	839.1384373698805	663.2450401932957	1.257528	30.051136	0.3461419400180661	0.2608441730643523	-0.0725003976	-0.0880619479	-0.0043271651	-0.0213071334	0.0321579244	0.0923774422	-0.0612528839	-0.0659864258	-0.1291822701	-0.1094395774	0.0114505803	0.171586332	0.0935460749	-0.1315641242	0.0382479586	-0.0660086781	0.0680969034	-0.0039714157	0.2065803516	-0.0312477676	0.0762667842	-0.10421577	-0.3997726213	-0.066243695	0.109753205	0.1552394812	-0.055588905	0.075169898	-0.0256658592	-0.0044928165	0.1380183379	0.0754749563	0.014310448	-0.0609619501	0.0176251305	0.0903905585	-0.0137227548	-0.0886593945	0.0241163402	0.0405106169	0.1213573249	-0.0904654809	-0.0211979289	-0.1642385118	-0.0899927124	-0.0155123351	0.0629067513	-0.0358637858	-0.0239244709	-0.041420016	-0.0578172006	-0.0437370822	0.0307797191	-0.0318539387	0.1156064224	-0.041474146	-0.01527273	0.106635653	-0.0702835877	-0.1143621291	0.1463649968	0.1115995744	-0.0064282173	0.0314714804	-0.1431947149	-0.1310160112	-0.0391998127	-0.2526221693	0.1910832578	-0.1766053783	-0.0070401553	0.0462422228	-0.0212686119	0.1797438579	-0.0758075613	0.0421381854	-0.0944197168	0.147820641	0.0630512139	-0.051226974	-0.0294194539	-0.0049722765	0.0079476575	0.1132006362	-0.1518430298	-0.1055984637	0.0543494491	-0.0836218818	-0.1411515805	-0.115035855	0.0729540351	-0.107035428	0.1008920155	0.0776762411	0.0696227117	0.174065175	0.0379429676	0.0906718893	0.0465309398	0.0399964211	0.035975305	0.1902162195	0.047807837	0.0271922569	-0.0459215606	0.1252192807	0.1083499345	-0.0246036905	-0.1811135524	0.0583148352	-0.0351065792	-0.2322321477	0.1075909601	-0.0199441441	-0.0110832343	-0.0772433738	-0.0366662233	0.1211199807	-0.1082719048	0.0961871285430078	-4.785944901179728e-05	2.290526859712824e-09	0.0092519636973491	0.0814507016631296	0.25613797617045	0.0066342168014161	0.065606662836694	-0.1648649740548364	-0.0129326859712293	0.0271804596701018	0.0001672543664304	-0.0009376088072609	-0.0006292181671788	8.791102754532075e-07	3.959155019078484e-07	-0.001152731194969	0.0008595185382318	1.3287892078546588e-06	7.387721175643019e-07	0.0015479603942732	-5.173166313679999e-05	2.3961813822384407e-06	2.67616497089935e-09	0.0	0.0	0.0	0.0
838.405079099586	1.3140098820762205	702923.0766599831	1.726621970193963	1158.1840574221503	-0.2194052101078796	1341390.3108668348	0.0481386462224827	802.6173186953176	1.2770828015607094	1.6309404820421505	644194.5602696611	840.3445424879253	675.4290960603256	1.235675	29.528933	0.4193839473013429	0.2750135406362645	0.1255760274	0.1044610834	-0.0683545428	-0.0357578345	0.0484487959	-0.1098532594	0.0373659655	0.1248840601	-0.0403413543	0.0096702392	0.0418818008	0.0203248256	-0.0156099283	0.0807789243	-0.0949616064	0.16573904	-0.0587257304	0.059062865	0.0917703633	0.0922306344	-0.0635686799	0.0378428281	0.1177650651	0.2202654484	-0.0372635426	-0.0361180711	-0.0697279649	0.0907302588	0.0129549836	0.0199577956	0.044482631	-0.0021155742	0.0484540643	0.0786292074	-0.1125888413	0.0310556475	-0.0288580543	-0.085744838	-0.0509544631	-0.2257484017	0.1489305042	0.0277165438	-0.1058644248	0.0269632405	-0.000369417	-0.0441964249	0.1150019795	-0.0169373107	0.0051136767	0.0693372146	-0.0865402585	0.0971376634	-0.0182349774	-0.1538234194	-0.1114489864	0.1010532795	-0.0943216786	-0.1366964403	0.0604520669	-0.0349755207	0.1045035621	0.0363051769	-0.0875677412	-0.0255484493	0.1442449518	0.0561959384	-0.0488564168	-0.085368515	-0.0955839599	-0.0839427109	0.03910205	0.0524943146	0.0667988056	-0.1185539647	0.0359437317	0.0224478081	0.0370314931	0.0971306695	0.1182509091	0.0173525285	0.1156773919	-0.0982069177	-0.2298303924	-0.1021581406	-0.0440641044	0.0699156614	0.0185643955	-0.0762248871	0.0128910006	0.0601300963	-0.0980465402	0.151909004	0.0252499385	-0.0710692256	0.0098590216	0.0565416579	0.0312106089	-0.0206682076	-0.0166152965	0.1105624839	-0.0995436773	0.1827257054	-0.0282917739	-0.0071150482	-0.113556055	-0.1336355703	0.0652237057	0.1005368297	0.0418908791	-0.0809393698	-0.1078540298	0.106525502	0.0283921735	-0.0244808309	0.0407520216	-0.0799246852	-0.0301376669	0.1172407796	-0.1150284477	0.1047011270580924	0.0085139985150845	7.248817071486268e-05	0.0109623260072348	-0.1808848050243341	-0.2623355066874637	0.0327193126886913	0.0688199180689683	-0.190817203926116	-0.0259522298712795	0.0364112053141809	0.0006735182352917	-0.0002451351904922	0.0006924736167687	6.009126161764717e-08	4.795197099207244e-07	-0.0024696413584324	-0.0013169101634633	6.099128439279829e-06	1.7342523786331983e-06	0.001105699929955	-0.0004422604643181	1.222572335102492e-06	1.9559431829894973e-07	0.0	0.0	0.0	0.0
833.5443046945143	-4.860774405071766	694796.1078886612	23.627127817000776	1155.1481576216847	-3.035899800465586	1334367.2660567726	9.216687598466985	800.2098830500172	-2.4074356453004384	5.795746386263138	640335.8569309223	838.0966810886914	661.6673076614948	1.154122	27.580042	0.3194098518055893	0.1715840894907074	-0.0178836305	-0.0099867988	0.1022766503	-0.0984950278	-0.0676577367	0.0268856678	0.0464035069	-0.124386076	-0.0038978266	0.0608329971	0.1078679428	-0.013660173	-0.1558610654	0.0223689687	0.0802941136	-0.0166807543	-0.063634857	0.0784839032	-0.1483202692	-0.0086624572	-0.0888248351	0.0067071716	-0.0134982956	0.138455602	0.1943612822	-0.096897611	0.1686342159	-0.1245738705	-0.0901811109	-0.069585936	0.0330243313	0.0187357938	-0.0394493596	-0.0387298977	-0.1435519715	0.0127641528	-0.0038704241	-0.0978391811	-0.1180168815	-0.1235542866	-0.029370878	0.0921756476	-0.0425752816	0.0375037914	0.0427083109	-0.0435036802	0.1809287271	0.02740022	0.1233603458	-0.0522933413	0.0282494013	0.0936118107	-0.053765566	-0.0528253247	0.0358179096	0.0115395562	0.135040934	-0.0713943908	0.1267176664	0.0830576811	-0.0333900588	-0.0461160744	0.0420584554	0.1111400744	0.0352912506	0.0354021306	0.0894589229	-0.1538220495	-0.0577891358	-0.0028983207	-0.2036751527	-0.0563886661	-0.094811365	-0.033664095	-0.0174131488	0.1315321641	0.0214785544	0.0434665971	0.2036793858	0.0475913443	0.0727886405	0.0021605698	-0.0918834904	0.0831648992	-0.0696042798	0.150707716	0.0259445628	0.0682256559	0.0163366198	0.1058008669	0.0292579462	-0.0040528569	-0.0596820334	0.1159744641	-0.0503338652	0.0559740305	0.0755594712	0.0875291677	0.0188790052	0.0966812209	-0.1838231013	0.0858666282	-0.0540835289	-0.004071367	0.0736523199	0.0607655005	-0.1326714075	-0.1033022787	0.108662049	0.082596355	0.0455240582	-0.0980060407	0.0258219933	0.0818862588	-0.0331294461	-0.0825512202	-0.0235265052	0.1126387502	-0.1205247148	0.1157267524346963	0.0110256253766038	0.0001215644149452	0.0133926812290814	-0.0376625342468202	0.1432222707775139	0.0014184664858929	0.0205126188466675	-0.1319248133750292	0.0588923905510868	0.0174041563840362	0.0034683136648217	-2.4138252875606022e-05	0.0002209969376165	5.826552518867024e-10	4.883964643591273e-08	-0.0016785297880441	0.0007911115703882	2.817462249351371e-06	6.25857516802242e-07	0.0022189827239578	0.0011132827940027	4.923884329223178e-06	1.2393985794226804e-06	0.0	0.0	0.0	0.0
835.8254099291007	2.281105234586448	698604.1158831492	5.203441091257695	1156.227187020438	1.079029398753164	1336861.3080051946	1.1643044433736147	800.5929551808948	0.3830721308776219	0.1467442574551219	640949.0798852782	837.9349193079186	659.6255011307566	0.942675	22.527113	0.1329101521035713	0.0583104697632911	-0.0313872823	0.0404903922	-0.0093631577	0.067934496	-0.0599964401	-0.0348086485	0.0043522277	-0.0418032129	0.094186466	-0.0334915022	-0.0537889727	0.0363302394	0.0451035624	0.0427300248	-0.0178599785	-0.0498839097	0.0501513303	-0.0674281806	-0.0530677807	0.032747029	-0.0124319386	-0.0581468823	-0.0837287328	-0.1334907041	0.0696161446	-0.0021154588	0.1294653534	0.1097876798	-0.1474556355	0.011022901	-0.1095878907	-0.1288213057	0.0509726321	0.0467106143	-0.0141427638	0.12157748	0.1146934634	0.1766674447	0.1223983906	-0.1813744459	0.0035334696	-0.081912205	0.0206763368	0.0442267508	0.1183604045	0.0495840849	-0.0832671778	-0.0475252223	-0.1657571525	0.0267956649	-0.0943947448	0.0774166943	-0.0588501976	-0.0007056693	-0.0477204039	-0.041469192	0.0137022728	0.0855527314	-0.0728189404	0.0476922665	-0.0577740653	-0.097590627	-0.001841584	0.1313596585	-0.0315639527	0.0839546735	0.0281835451	-0.0368055495	0.0373466865	-0.0681579661	-0.0983600886	0.1096537313	0.1248330456	0.0894866531	0.1658025106	-0.0024977592	0.1339553798	-0.0642299187	-0.0404469996	0.1387210843	0.0547765193	0.0742877918	0.0080798872	-0.0140609709	0.0307723764	0.051186264	0.1008180117	0.0252632588	-0.190067845	-0.020441397	0.0172098858	0.0018067063	0.0364690681	0.0544233652	0.067433454	-0.0050458605	0.0666451045	-0.0421476902	0.0983391019	-0.1326540445	-0.1427796048	0.0893243869	0.0178253445	0.0051664417	0.0756785346	-0.0010400146	-0.1492445758	-0.0994319042	0.0112504919	-0.0713313121	-0.0075747603	-0.1256821413	-0.0044047033	-0.1116733897	-0.1077992474	-0.0851211787	-0.016850859	0.1073422654	-0.124700488	0.0960349121865533	-0.0196918402481429	0.0003877685723583	0.009222704358679	-0.0020397773986928	0.0356227568481274	4.160691836217966e-06	0.0012689808054608	-0.1405083707640955	-0.0085835573890662	0.0197426022547805	7.367745745139466e-05	-0.0006028157992978	-0.0005786775464221	3.6338688788304557e-07	3.348677027332104e-07	-0.0019710158779295	-0.0002924860898853	3.8849035910501976e-06	8.554811277645025e-08	0.0017099064079007	-0.0005090763160571	2.923779923779875e-06	2.591586955702684e-07	0.0	0.0	0.0	0.0
835.2807877445701	-0.5446221845305672	697693.9943751896	0.2966133238828472	1157.4492861525457	1.2220991321078143	1339688.8500150377	1.4935262886986735	799.9326860211972	-0.6602691596975774	0.4359553632477449	639892.3021650873	837.6157427173603	663.3594839074033	0.9508970000000002	22.723583	0.207697087121498	0.1107407652315476	-0.0056403383	-0.0041714417	-0.0565312836	-0.0417036642	0.0559906188	-0.0202890895	-0.0252395737	0.0501861509	-0.1382411364	-0.0156662228	-0.0598590648	0.1045455277	-0.1186319313	0.0533930324	0.0234742115	-0.0877654761	0.1223783606	-0.1247238783	-0.0825139742	-0.078412039	-0.0502018166	0.046272862	0.0548779852	0.0180884745	0.0864962627	0.01658735	-0.0378843896	0.0893017541	-0.0318842648	-0.0777913389	-0.0561378439	-0.088721216	0.0669586502	3.47828e-05	0.0746206451	-0.0259800778	0.1453384372	-0.0108399631	-0.2692087973	0.0023613354	0.0058720841	0.0775407999	0.0686686117	0.0057074408	-0.0262988603	0.0748608549	-0.1723540356	0.1044243432	-0.0058479237	0.1336708786	0.0630671571	0.1187241566	0.0602392786	0.0450531907	-0.0230529882	-0.0150455294	0.0198137049	0.0537017489	0.0466631406	-0.1212521659	-0.1657001018	-0.0236944859	0.1409014589	0.0190395016	0.001713848	0.0474518731	-0.0548277145	-0.0550713355	-0.0079971463	-0.0207079622	-0.0356931314	-0.0295262986	0.0483441518	-0.0285957479	0.0138595691	0.0819664241	-0.097022465	-0.0967927441	-0.0798547236	0.0807488491	-0.1675976268	-0.1332092912	-0.0536928059	-0.0407453748	0.0251302128	-0.049878227	-0.0875917186	-0.0004891931	-0.0651946915	0.2428794389	0.1499685598	0.0119744175	-0.0028619863	-0.0274688462	-0.0354509182	-0.0041528776	0.0161882102	0.1767085857	0.0151637601	-0.0415447184	-0.2062864697	-0.0518378969	0.0782718477	0.0525889942	-0.0244759602	-0.0035479353	-0.0189201305	-0.0727378589	-0.0431378132	0.0621711244	0.0702651225	-0.1038458325	-0.0113992883	-0.200416907	-0.0959835286	-0.0876327994	-0.0101290257	0.1013839798	-0.1275100165	0.0961552426533955	0.0001203304668422	1.4479421250463145e-08	0.0092458306897333	-0.0971374026268421	-0.0950976252281493	0.0094356749890892	0.0090435583240335	-0.109261797916389	0.0312465728477065	0.0119381404839218	0.000976348314727	-0.0001172577068542	0.0004855580924435	1.37493698167055e-08	2.357666611374676e-07	-0.0024250620633652	-0.0004540461854357	5.880926011173082e-06	2.061579385087103e-07	0.001024859514204	-0.0006850468936966	1.050337023854459e-06	4.692892465634976e-07	0.0	0.0	0.0	0.0
834.1845109041226	-1.0962768404475582	695863.7982323503	1.2018229109016811	1154.598979577086	-2.8503065754596264	1333098.8036404485	8.124247574108383	799.3920129711458	-0.5406730500513959	0.2923273470518792	639027.5904020607	836.9071185966911	647.1199731985932	0.994673	23.76969	0.1613519921187031	0.0766245194121177	-0.0525149612	0.0593848646	0.151516497	-0.1275488265	0.049366333	-0.0554526584	-0.0514828589	-0.0734696395	0.0313511162	0.0878801768	-0.0126130869	0.1821863938	0.0010765854	0.0574881319	0.0335882289	-0.1692518017	0.014491144	-0.0037820562	0.004645448	0.0315279936	-0.1534542003	-0.0947767075	-0.0616058322	0.085645195	-0.0264459387	-0.0395845815	-0.0371604747	0.0410691208	-0.1223844382	-0.0329069277	-0.1711850923	0.1637975446	-0.0133083455	-0.2452559098	0.1223154923	0.0385623274	-0.0447121072	0.0839127629	0.0179975731	-0.1141180491	-0.1505858751	-0.0993461803	-0.1056002679	-0.0811785368	-0.0359066418	0.0920362388	-0.1674684353	0.0680935833	-0.1101600643	0.0694041305	-0.1201899383	-0.0746697797	-0.0783535451	0.0611934154	-0.0521150246	-0.0771700619	0.1158133682	-0.0050304641	-0.0143242626	-0.0376761302	0.0781165949	0.0759696428	0.1271445543	0.1307062159	0.0122858046	0.1845591161	0.0497013265	-0.004175003	-0.0854553431	-0.1206688005	-0.059259144	0.0814484853	-0.0595976499	0.1869280631	-0.0412238069	-0.1162088285	-0.0771058417	-0.0445507945	-0.0149751475	-0.0115535177	-0.0265222498	-0.1019903359	-0.1751687855	-0.0124999554	0.060891542	0.0315625477	0.1897111057	-0.0005195595	0.1406690391	-0.1206867088	-0.0042554584	0.017691457	-0.0423393818	0.1346795329	0.0076546957	-0.0274185629	0.0639058781	0.0201545865	0.1218155039	0.0796612501	-0.0890587698	0.1637541764	0.134195076	0.0097349101	0.023393229	-0.000361376	-0.0885735814	-0.0754209623	0.019880193	-0.0180623795	0.0376451893	0.0667120347	0.0022284835	0.0934175009	-0.0217591622	-0.090084361	-0.0033794295	0.0948006283	-0.1289225186	0.1143891715962297	0.0182339289428341	0.0003324761646923	0.0130848825784716	-0.039706255226676	0.0574311474001661	0.0015765867041259	0.0032983366916996	-0.1351777167718069	-0.0259159188554179	0.0182730151116388	0.0006716348501206	-0.0002899853731654	-0.0001727276663111	8.409151664987629e-08	2.9834846709313244e-08	-0.0019397304114283	0.0004853316519369	3.7625540690198014e-06	2.3554681237180042e-07	0.0015622201343616	0.0005373606201575	2.4405317482047754e-06	2.887564360961604e-07	0.0	0.0	0.0	0.0
836.0520983829875	1.867587478864948	698983.1112105966	3.487882991213133	1157.269160048406	2.670180471320009	1339271.9087991433	7.129863749418745	801.5454876609277	2.153474689781888	4.637453239531197	642475.1687895944	838.8548587811417	657.7079592350971	1.115853	26.665545	0.1049328128030493	0.0525249131691375	-0.0757796008	-0.0408784944	-0.059735919	0.1735479239	0.0739631354	0.0597644095	-0.0323984207	0.0193000809	0.0173684844	-0.1662293868	-0.0656680914	-0.125465171	0.0641777244	-0.0678002706	-0.0314895561	0.016245573	0.1630243093	0.1221349573	0.0261726807	0.0655864413	0.0457659944	0.0209791947	-0.0838667448	0.1395761979	-0.1568856867	-0.0280743163	-0.0863100544	0.1199027347	0.0407475159	0.0841091362	0.0238612241	-0.0900562009	-0.1059732347	0.0734527163	0.0105791398	-0.0860499856	-0.0773676251	-0.0818246767	0.1421648429	-0.0302790095	-0.1455126417	-0.0396419592	-0.0245644547	0.0247398305	-0.0389570223	-0.0809233806	-0.0125598277	-0.093516656	0.0076608459	0.1646059701	-0.095971389	-0.0793732919	-0.0733308614	0.0716288886	0.0612791367	-0.0251755841	-0.1316218064	0.11417076	0.0802745556	-0.017378781	0.0639911043	-0.0319657514	-0.0187633426	-0.0923671693	0.010416305	-0.0146517064	-0.2004439414	0.0171327346	-0.0518807001	-0.1464109085	0.0451234683	-0.064763619	0.0716709144	-0.0157600882	0.0528487408	0.0336055908	0.127483272	-0.0556624557	-0.0227984264	-0.1401119273	0.1029400534	-0.074006884	0.0051107928	-0.03493814	0.1479562639	-0.0173814101	0.1118210977	-0.042567955	0.025632772	-0.1797123537	0.1770834405	-0.0723910514	0.0467211093	-0.1216796468	0.1098814894	-0.0269578858	0.0392355177	0.0674936312	0.0006847942	0.0334140761	-0.047194731	0.0963468316	-0.1403828661	0.0787838809	0.0440673516	-0.101759714	0.0408028229	0.0960397553	-0.0178280069	-0.0522974398	0.1532143231	0.0491345597	-0.0557294114	-0.058191677	0.126412531	-0.0924741833	0.0033794295	0.0876327994	-0.1289225186	0.1258230264206332	0.0114338548244034	0.0001307330361455	0.0158314339776473	0.0006684212212775	0.0403746764479535	4.467869290541046e-07	0.0016301144982769	-0.1083197678649696	0.0268579489068373	0.0117331721103209	0.0007213494194822	-0.0002505819898757	3.9403383289699976e-05	6.279133365006544e-08	1.5526266146750071e-09	-0.0021701627945847	-0.0002304323831563	4.709606554999675e-06	5.3099083207137885e-08	0.0013067292483306	-0.000255490886031	1.7075413284426547e-06	6.527559284490545e-08	0.0	0.0	0.0	0.0
837.2544436178163	1.2023452348287265	700995.0033577791	1.4456340637153453	1154.9916785103935	-2.27748153801258	1334005.777428256	5.186922155988148	801.934297781981	0.3888101210532113	0.1511733102334128	643098.6179590789	839.0438063970275	661.1229787540069	1.053582	25.177439	0.2688106262857916	0.1561922953667304	0.0513910576	0.0802496049	0.0270374515	-0.0101407314	0.0557834367	-0.0907330005	-0.0450669041	0.0174446425	0.0158692257	0.1073329353	-0.0698443233	-0.0869010891	-0.0384308594	0.0541323922	-0.1068824875	0.0172482469	-0.1093522434	-0.044890429	-0.0735480598	-0.0962350151	-0.0036058183	0.0324718164	0.0271027491	-0.0042110402	-0.0670346989	-0.0767454672	-0.0003217716	-0.0664219091	-0.0981601894	0.0141272393	-0.0384340673	0.0706899723	0.1263188045	-0.099551762	-0.0572791582	-0.0620999921	0.0651506086	0.0699647389	0.0732607985	0.0848098052	-0.0610528188	-0.0921750581	-0.0761607341	0.1827704884	-0.097815194	-0.0433549742	0.0246573614	0.0359403642	0.0490932527	0.1580323676	0.041072525	-0.0374335327	-0.0519822442	-0.0071992708	-0.0881116701	-0.0591437411	-0.0073673334	-0.0844667048	-0.0709699088	0.0868953233	-0.1404328779	0.0382739864	0.0038414802	-0.0656291287	-0.0372607799	0.0035708038	0.0727480676	-0.0360684418	-0.15005267	0.0062697908	0.0269868239	0.0272923499	-0.0444444103	-0.0392192295	-0.0434519918	-0.0704589584	-0.0073789399	-0.0393288787	0.0257185261	0.1973287629	0.0273817419	-0.0020311593	0.006934956	-0.1052159142	0.0146381406	-0.0711127442	0.0358199498	-0.0132137845	0.0903298914	-0.1107731226	0.0444055046	0.0871995409	-0.0754565718	0.0205103682	0.0514317959	-0.0087498473	-0.0217063232	-0.0007990595	0.0158588774	-0.1358018246	-0.0664302037	0.0559382233	0.0526911134	0.1042111573	-0.0475331199	-0.1520033688	0.0162205142	-0.0360117838	-0.0632748756	-0.0599750034	-0.0604757028	0.0134740596	-0.0709506887	-0.0563587992	0.0517523465	-0.0948006283	0.0101290257	0.0799246852	-0.1275100165	0.1334306178148949	0.0076075913942617	5.787544682204473e-05	0.0178037297704645	-0.1320812891025156	-0.1327497103237931	0.0174454669309823	0.0176224855910509	-0.1761621267602464	-0.0678423588952768	0.0310330949046931	0.0046025856604755	0.0001508911918647	0.0004014731817404	2.2768151782349704e-08	1.611807156567603e-07	-0.0029539054842124	-0.0007837426896277	8.725557609660093e-06	6.142526035448614e-07	0.0012797258062495	-2.700344208110008e-05	1.6376981391809323e-06	7.291858842273266e-10	0.0	0.0	0.0	0.0
838.2024152214639	0.947971603647602	702583.2888830954	0.8986501613222063	1164.6236319864604	9.631953476066885	1356348.2041813342	92.77452776511691	802.1054225107057	0.1711247287247488	0.0292836727811188	643373.1088210777	839.7029930904845	670.0525314174354	1.011502	24.171865	0.29787098993092	0.1884677414862369	0.0028272052	-0.0884850972	0.0556451112	0.07196961	0.1251522794	0.0559097639	-0.1684248722	-0.0075780276	-0.0497446831	-0.0494594989	0.0113218006	0.0397246978	0.0044030685	-0.1242813077	0.0061413536	-0.0247060836	0.0803812719	0.1015347231	-0.0371226425	-0.0903230704	-0.0475772754	0.0274535916	0.1355078846	0.0305259253	-0.0508833468	0.0463899465	0.1163198188	0.053635576	-0.2040042859	0.1715944335	0.0545938564	0.0417348112	0.0235085321	0.0925315595	-0.0489275739	-0.0078699339	-0.2309542522	-0.0071716259	-0.0063682239	0.0615060905	0.004326062	0.1892137363	0.0181713584	-0.0190873852	-0.0683365525	-0.0769006107	-0.2790547621	0.1283000653	-0.0831698322	0.0715807085	0.1733997809	0.0202384191	-0.0514872293	-0.0834211472	0.1046190892	-0.0910198889	-0.048476561	0.0397675174	0.1013750605	0.0098844761	-0.0269790621	0.051640316	-0.0103496779	0.0059465634	0.0012031092	0.0706826653	0.0103981736	-0.1292521534	-0.0156593602	0.0028614169	0.0482157866	0.1280187212	-0.1646682395	-0.2108222111	0.01792259	-0.0561545306	0.1280445153	0.0606711458	-0.1929472304	-0.0810069355	0.0585633166	-0.0246461482	0.035164435	0.1645919179	0.1435930302	0.1617935621	-0.0844583586	-0.1364066381	-0.0317251	0.0723813638	-0.0650948162	-0.0914969766	-0.0371372376	-0.0588405705	0.1034300263	0.0309087109	-0.0474491028	0.0450077497	0.0220176415	0.0081786234	-0.0220858399	0.0326773639	0.0238590962	0.1345520028	-0.0075535594	-0.0043448652	0.0959351223	0.0467393112	-0.1035653748	0.0133739488	0.1138642727	0.0463604905	0.0064535393	0.0439753431	0.0925509904	-0.0970621018	0.016850859	0.0717238087	-0.124700488	0.133109269456142	-0.0003213483587529	1.0326476767319241e-07	0.0177180776151478	0.0399542165818331	0.1720355056843487	0.001596339422668	0.0295962152160695	-0.109492951689198	0.0666691750710484	0.011988706469613	0.0044447789046541	-0.0003420234937037	-0.0004929146855684	1.1698007024528493e-07	2.4296488724899464e-07	-0.0025442660764514	0.000409639407761	6.4732898677814e-06	1.6780444439078297e-07	0.0015540709292555	0.000274345123006	2.415136453157053e-06	7.526524651717739e-08	0.0	0.0	0.0	0.0
840.0272204489813	1.8248052275174589	705645.7310952415	3.329914118375044	1158.5736438493084	-6.049988137152013	1342292.888222264	36.60235645968009	802.8519806656009	0.7465581548951832	0.5573490786405003	644571.3028586784	840.2433328227318	669.4998238726361	0.996288	23.808298	0.2184189782842741	0.1472749387201978	0.088510728	-0.0224752031	0.0433753051	-0.0233044213	0.0664967808	-0.0268681545	-0.0502322627	0.0400995563	-0.0326526844	0.1092105673	-0.0631202688	-0.0724492086	0.0784480753	-0.013369086	-0.0866760134	0.0664970773	-0.0629541653	0.0943714659	-0.0230231008	0.0645424128	0.0399155553	0.0909751476	0.1153499943	-0.0482174914	-0.0980048745	0.071151809	-0.0850863031	0.0264451505	-0.0535671935	0.1481303028	0.1441559752	0.1724900604	-0.123292806	-0.1114539719	-0.0436636945	0.2543971268	0.0818331738	-0.0631761925	0.0504371057	0.072726634	0.0688840846	-0.0886090458	0.098127398	0.0687199763	0.0168856492	-0.0108866532	-0.088387319	-0.008938871	0.0232487542	-0.1386580149	0.1263546764	0.1942803513	0.0606358831	0.0886460223	-0.0198384739	-0.0264702657	-0.0408547064	-0.1510682093	0.0187250452	-0.023217002	0.0305574057	-0.1020681567	-0.0774961988	-0.136879591	-0.0244183786	0.086617732	0.0072206266	-0.0944612095	-0.0765555772	0.14464449	0.1861732389	0.0881229706	-0.1415121655	0.067613021	0.0078142688	-0.0300005928	0.0791145562	-0.0051227849	-0.0616865105	-0.0504432297	0.0538301749	-0.011169842	0.0350918624	-0.1359062061	-0.1320036439	-0.1833734931	-0.1558983568	-0.1233392515	-0.0475466706	-0.1403430526	-0.0766726496	0.0210865963	-0.0947558225	-0.0153426765	0.004506062	0.0282297742	-0.0724784569	0.0390948231	-0.0831743157	-0.0605657788	-0.0764551509	0.0777850972	-0.1798172528	0.0671275245	-0.0552190577	-0.1589371171	0.0210219386	-0.0282047894	-0.0911834061	0.1349725925	-0.0339918853	0.0582684843	0.075387629	-0.094643986	0.0573003031	-0.0992570537	0.0235265052	0.063080731	-0.1205247148	0.1331143580789557	5.088622813703703e-06	2.5894082140145788e-11	0.0177194323267724	-0.0949992133472505	-0.1349534299290836	0.0090248505365964	0.018212428249624	-0.1612842092516899	-0.0517912575624919	0.0260125961539428	0.0026823343599043	-0.0001310602855313	0.0002109632081724	1.7176798443545885e-08	4.450547520239137e-08	-0.0025440788800947	1.8719635669958018e-07	6.472337348143904e-06	3.5042475961596456e-14	0.0011318372903869	-0.0004222336388686	1.2810556519103595e-06	1.782812457922194e-07	0.0	0.0	0.0	0.0
838.1232719578301	-1.9039484911512543	702450.6189972988	3.6250198569571386	1157.1366380390368	-1.4370058102715575	1338965.199092285	2.0649856987542154	801.2248084781606	-1.6271721874402374	2.647689327579047	641961.1937208652	838.4533258518355	675.2168792705022	0.943114	22.537584	0.1419546368414836	0.0755769208777527	0.1006017418	-0.0455349384	0.0277490463	0.1919745959	-0.0232901716	-0.0144746512	-0.1393894122	-0.0090958276	0.12909525	-0.1410307674	-0.007278556	-0.1589318147	-0.0618971445	0.0182369682	-0.0576724571	-0.0358269779	0.1027508176	0.0499299479	-0.1192562549	-0.0844865299	0.1715124674	0.0046465104	0.0749490821	-0.0553439344	-0.1557825816	-0.0297031551	0.0781116944	0.0012935571	-0.033860632	0.113138629	-0.0932871365	-0.0551603075	-0.0627753646	0.0813936557	0.2331236078	-0.0398690648	0.1208134562	-0.0473988692	0.0040664715	0.0842034363	0.0413575285	0.1660886478	0.0468346619	0.1079750923	0.17629393	0.0902708291	0.0882747787	-0.0612625591	-0.0122444852	-0.0756255202	0.0055240525	-0.0566861232	0.0321820857	-0.1568745223	-0.0201444226	-0.0980983687	-0.0687653125	0.0976810268	0.0550328158	0.1496538462	-0.1003039647	-0.0920136673	-0.0725162102	-0.0077474176	0.0101973123	-0.047994309	0.0185193418	0.137409752	-0.0038540022	0.0484381126	0.0743904621	-0.1578210788	0.0947543811	0.0723346147	0.0755798102	-0.1569426554	-0.0968686104	-0.1571454792	-0.0925351329	-0.1626553922	0.0711920909	0.048748149	-0.0879870182	0.1179228379	0.1469430831	0.0588515438	-0.1522819813	0.0258756675	-0.0370474849	0.1188036273	0.0405168889	-0.0202349426	-0.1224992063	-0.0995318568	0.0985439311	-0.0658466917	-0.0108607479	-0.0824969431	0.0858418131	-0.0672578443	-0.101657116	-0.0747564343	-0.1343987316	0.0227202372	0.0245483334	-0.0448383281	-0.0705882358	0.017253665	-0.0602189163	0.1694209648	0.0963656422	0.1188433038	-0.1083928028	0.0259904303	-6.61687e-05	-0.1013839798	0.0301376669	0.0540487397	-0.1150284477	0.1389516081554802	0.0058372500765244	3.407348845588525e-05	0.0193075494089941	-0.0426749883554009	0.0523242249918496	0.0018211546311336	0.0027378245209976	-0.1155882692074854	0.0456959400442045	0.0133606479783821	0.0020881189365235	-0.0004060761251929	-0.0002750158396616	1.648978194516798e-07	7.563371206477487e-08	-0.0024783162678425	6.576261225220035e-05	6.142051523452778e-06	4.324721170233252e-09	0.0015530032730512	0.0004211659826643	2.41181916610774e-06	1.7738078495358549e-07	0.0	0.0	0.0	0.0
837.2847762247166	-0.8384957331135183	701045.7964976737	0.7030750944495765	1150.0829839491307	-7.053654089906104	1322690.8699693363	49.75403602004911	800.5285273922506	-0.6962810859100728	0.4848073505961101	640845.9231688053	837.1082984590994	666.0141851403134	0.908777	21.717033	0.1199357275212333	0.0604068576831588	0.0986270028	-0.017631646	0.1325146445	0.0326987233	0.0150454516	-0.0729115671	-0.069947797	-0.0797862547	-0.091073086	-0.0119472574	0.0345749353	-0.0068565961	-0.1596483917	0.0187672969	-0.0792794909	-0.101283355	0.0039035976	0.0016351276	-0.0553667634	-0.0610633475	-0.1099445551	0.2107687046	0.0692882986	-0.0506112601	0.0751320658	0.0968887116	0.0318665487	-0.0211294215	-0.0431558076	-0.058388992	0.0445684486	0.0884443858	-0.1314980985	-0.2649421402	0.0199470015	0.0327905171	0.0290083434	0.0832490185	0.0413692753	-0.1051673252	-0.0693764245	-0.0662409304	0.0698342541	0.0092782249	0.0446572053	0.1055121326	0.063770012	0.0159027783	-0.0714878133	-0.1012349003	-0.0103494075	0.0166167483	-0.0517604844	-0.0109790899	-0.0331003072	-0.1389327598	0.0437034097	-0.0573825494	0.1154900533	-0.0608658984	-0.1821327387	0.0654620392	0.021686928	0.0204796194	-0.0290728686	0.1305297017	0.0414427506	-0.0514213611	0.0646610563	0.1057748209	-0.0292257231	-0.0029794311	-0.0426162546	0.1040179116	-0.0614108973	-0.0238513408	0.015937231	-0.0657712039	-0.0131955756	0.0271458881	0.0248715023	-0.0473538026	-0.0095905062	-0.1052274661	0.0350611301	-0.0951014766	0.0580176895	0.197481647	0.0178046258	-0.1451175723	-0.2125111488	0.0014871315	-0.1587851813	-0.0310479821	0.0204903019	-0.0655617194	-0.0264139836	0.0841518931	0.0672801446	0.025560872	-0.1351484014	0.0256320165	0.1024358633	0.0777335402	-0.0061548207	0.1482750035	-0.2031677621	-0.0544774043	0.0836179885	0.1292520209	0.1230995635	0.0375474558	0.0121574242	0.0372895669	-0.217636456	-0.1034414224	0.0366662233	0.0446835199	-0.1082719048	0.1417997003996021	0.0028480922441219	8.111629431027397e-06	0.0201071550334169	-0.0765891068508892	-0.0339141184954882	0.0058658912882169	0.001150167433326	-0.1046449310001023	0.010943338207383	0.0109505615840161	0.0001197566511211	-0.0003351348759195	7.094124927339997e-05	1.1231538505757868e-07	5.0326608484706735e-09	-0.001720865907246	0.0007574503605964	2.9613794707215984e-06	5.737310487677678e-07	0.0021692152346661	0.0006162119616148	4.7054947343075024e-06	3.797171816372828e-07	0.0	0.0	0.0	0.0
839.6737765637201	2.389000339003587	705052.0510487802	5.707322619759255	1162.3534211467083	12.27043719757762	1351065.4756514572	150.56362901969655	803.300717553013	2.7721901607624204	7.685038287427974	645292.0428211855	840.8772560848001	684.241530284955	1.145684	27.378408	0.3268361819742462	0.2223893353613447	0.0261624648	-0.2259020183	0.0161118349	0.0804654084	-0.1300201864	0.1687848206	-0.0872947022	-0.0354122192	0.0538673858	-0.0784268013	-0.034297849	-0.134909015	0.0677618767	-0.1733360525	0.0281909148	-0.0043214029	-0.0734461987	0.0468409832	0.0339167265	-0.0412591057	0.0830925401	-0.019000723	-0.0791369174	-0.0549161343	0.0223361136	0.0253713071	-0.18342426	-0.1350056014	-0.1191863152	-0.1722201878	-0.0306655187	-0.0251893308	0.1659668643	-0.0734133883	-0.052832877	0.067738415	0.2085940662	0.0880040825	0.0298789061	-0.0014983988	0.1950566128	0.0290445269	-0.1116098155	0.0023065816	-0.0663566697	-0.1282799915	0.2011280553	0.0920158043	0.12721426	0.0783719246	-0.06032776	-0.1163578087	0.0060537725	0.0074601855	0.1753052291	-0.0356518074	-0.0404655543	0.0055259451	-0.0333330375	0.058958105	0.136529969	-0.0101374869	-0.0762833064	-0.0688260096	-0.0852147257	0.0065010454	0.0413330838	0.0539890379	0.1139915624	-0.0160863658	-0.0549777789	0.0308592377	-0.0607005904	0.0866207529	0.0014091295	-0.140788563	-0.1256765186	-0.1573363413	0.2628868958	0.1629239232	-0.0355940605	0.2419726498	-0.0493872403	-0.0291051718	-0.0966109997	-0.0549173296	-0.0433483016	0.0709157063	0.0542487554	0.0971808899	-0.0140089233	-0.2020082396	-0.0721304985	-0.0276349631	-0.0242070098	0.072414051	-0.0918470551	-0.1157953982	-0.0203169761	0.0385555177	-0.0304419568	0.1342002372	0.0190113462	-0.0121649869	0.1841232066	0.1825120614	-0.027489012	-0.0191610719	-0.1281433428	0.0116377452	0.1224380073	0.0795078284	-0.1714648529	0.0177726707	0.1265061534	-0.1054279714	0.0430942802	0.0350428114	-0.1003291122	0.1422094336296169	0.0004097332300148	1.6788131977836773e-07	0.0202235230132564	0.1385865054372601	0.2151756122881493	0.0192062194893117	0.0463005441235799	-0.0945676987266352	0.0100772322734671	0.0089430496424516	0.0001015506102934	-0.0013292248618464	-0.0009940899859268	1.766838733350581e-06	9.88214900120144e-07	-0.0021960773472868	-0.0004752114400407	4.822755715266228e-06	2.2582591274565083e-07	0.0016150445769815	-0.0005541706576845	2.6083689856373524e-06	3.071051178385819e-07	0.0	0.0	0.0	0.0
839.434739477383	-0.2390370863371345	704650.6818414619	0.0571387286445466	1169.873234168031	7.519813021322761	1368603.384022769	56.54758787565536	803.7425777920486	0.4418602390355772	0.1952404708405774	646002.1313558072	842.9494361321903	685.0386577699243	1.260596	30.12446	0.524842419307247	0.3171848749481949	0.0704797047	-0.012954266	-0.1858097673	-0.0649096553	-0.1043835727	0.0828817023	0.140436615	0.1853187088	0.0851393725	0.1410888124	-0.1438512346	-0.1450736499	-0.0305754719	0.0112329479	-0.049472394	0.1508402558	-0.132185386	-0.1610525361	-0.077288696	-0.0170032086	0.1809533153	0.0027037786	-0.0219012191	-0.11995165	0.0565929924	0.0944079104	-0.3416716317	0.113453143	-0.0513512523	-0.0096078968	0.1403976494	-0.0572316935	-0.0639093777	0.0886846568	0.1141715429	0.015055969	-0.1209195016	0.0257850328	-0.1588073793	0.0030952939	-0.022005669	0.064969019	-0.2014189632	-0.0437168088	-0.2099377714	0.1190104839	-0.1147145946	-0.1689239854	0.0336954349	-0.0582850251	0.0293258463	0.0584457758	-0.0014722583	0.0921425594	-0.0144572913	0.1874017709	-0.0727015004	-0.1019545784	-0.2097122238	0.024157523	-0.075335451	-0.0698601944	0.0548121713	-0.1830375827	-0.2526188466	0.0081062566	-0.2353099988	-0.0323629048	0.1007189597	-0.0124873347	0.0698702601	0.062839045	-0.0227997769	-0.1013203408	0.0527364556	-0.0383644542	-0.1440494127	-0.0218971729	-0.0674428452	-0.0465299143	-0.2258809081	-0.1497243361	-0.1100779001	0.0148757708	-0.0553624593	-0.0057920709	-0.1327511101	0.1537814539	0.0434932228	-0.0203141115	0.1819540518	0.0698250494	-0.0425354852	-0.0599469041	-0.0645330368	0.0681504955	-0.1519007831	-0.0373920544	-0.1501821721	-0.2177831006	-0.1032109246	0.0088527865	0.0672311963	-0.0959446	-0.0575949198	-0.2213077111	0.0345462209	0.0747679459	-0.056901578	-0.0623141331	0.0502795527	-0.1160719078	0.1223186701	-0.0708009234	0.0037316331	-0.1073422654	0.0494042187	0.0251860523	-0.0912870929	0.1329049126381107	-0.0093045209915062	8.657411088137991e-05	0.0176637158033438	-0.1520133807878778	-0.2905998862251379	0.0231080679385603	0.084448293874063	-0.195048482313993	-0.1004807835873577	0.038043910452992	0.0100963878703294	-0.0005832061429122	0.0007460187189341	3.401294051305256e-07	5.565439290002248e-07	-0.0031472433734713	-0.0009511660261845	9.90514085185901e-06	9.047168093676132e-07	0.0008230847520353	-0.0007919598249462	6.774685090330113e-07	6.272003643288158e-07	0.0	1.0	0.0	0.0
835.5988609596245	-3.835878517758488	698225.456437022	14.713964003001053	1157.8336014711767	-12.039632696854367	1340578.6486957157	144.9527554751648	800.399879909591	-3.3426978824575144	11.173629133385951	640639.9677592878	837.6294540479345	666.2683095283165	1.107594	26.468168	0.1245842875507926	0.06392314614275	0.0932827519	0.1352983103	0.0461643971	0.0171159501	-0.0523969831	-0.1553441108	-0.0679476487	-0.0115603135	0.1067901951	0.0142176026	0.0050829267	0.0457236187	-0.1388381467	0.1460713817	-0.0437825743	-0.1021571984	-0.0674554532	-0.0234543957	-0.0021135284	-0.0398952186	0.0965218079	-0.0643446789	0.1358124277	-0.0709934308	-0.0106581198	-0.0001369169	-0.0345052533	-0.0462954207	0.1295632053	-0.1447827855	0.174400009	-0.0190997671	-0.1055650503	-0.060590537	-0.0943309237	-0.3442065093	-0.0110926277	0.0218256925	0.2202310365	-0.1217838798	0.1499344388	0.0957026612	0.1205333012	-0.0799453706	-0.0010203215	-0.0374546062	-0.0733621415	0.0284094352	-0.1012268863	-0.2260941742	0.019900074	0.0833770385	-0.0727749934	-0.0176824786	-0.1496014224	-0.0565884606	0.0829903259	0.0034037723	0.0029985776	0.078973941	-0.0341399746	0.0348374406	-0.0311881553	-0.0331464123	0.1565824666	0.0596375867	-0.1985238244	0.1046986059	0.0238597084	0.1559360521	0.0061402516	0.071729904	-0.0323078024	0.1643815898	0.0360069196	0.0381556245	0.015461228	-0.000577548	0.153031463	0.1845097794	-0.1243891143	-0.1328304414	0.1990218465	0.1309413857	0.1551856732	0.033587604	0.0367287	-0.0731012177	-0.0575662331	0.0204190619	-0.1403303337	0.1344280661	-0.1023399423	0.0294070377	0.0836883666	-0.0488593894	0.030669136	-0.1120879684	0.0836057278	0.0408038626	-0.0497895676	0.0045781157	0.0548769613	0.0113496196	-0.0607551768	-0.1923321674	0.024978123	0.0342504629	0.0028061529	0.1385118412	0.0518573154	0.0489153409	0.0058518402	0.1463524811	-0.1205295347	-0.1091829923	0.0555787436	0.0151740128	-0.0812449131	0.1183720567331079	-0.0145328559050027	0.0002112039007555	0.0140119438152261	-0.1538253259129902	-0.0018119451251124	0.0236622308922376	3.283145136418598e-06	-0.1998904953896954	-0.0048420130757023	0.0399562101471378	2.3445090625272965e-05	0.0003139366510707	0.0008971427939829	9.855622088548647e-08	8.048651927954444e-07	-0.0026272702009928	0.0005199731724785	6.902548709024747e-06	2.703721000973561e-07	0.0014739182544734	0.0006508335024381	2.1724350208699144e-06	4.235842478958444e-07	0.0	0.0	0.0	0.0
836.4019022373252	0.8030412777006859	699568.1420662161	0.6448752936911502	1155.538479855186	-2.295121615990638	1335269.1784260345	5.267583232187477	801.0602810658262	0.6604011562351388	0.4361296871567082	641697.5739012605	838.8102172061464	661.0042743340077	1.107428	26.464199	0.3288359206201741	0.2137420555826191	-0.0082394854	-0.0353468307	0.0115445454	0.025650274	0.0568494467	0.018430433	-0.0550680407	0.0253499484	-0.1413612297	-0.0046430734	-0.08965188	-0.0136369358	0.0198678315	-0.0331300364	0.0596718114	-0.0601345523	0.0555085932	0.0053178888	0.0170125415	0.1284676564	0.0890248221	0.0985066539	-0.0579466073	0.0139851464	-0.1742083603	-0.0392779863	-0.0582690337	-0.099922656	-0.2594443096	-0.0180528281	-0.1215262536	0.0360424764	0.1564846102	0.0564374604	0.1035348431	-0.0242781517	-0.1284672132	-0.0498212464	0.1582657783	0.0177054531	-0.0087888939	-0.2367629445	0.011498437	-0.1175951764	-0.061025749	0.0020188201	0.0820652197	-0.077657716	-0.0241033331	0.0005112932	-0.0123700618	0.0832687979	0.07915196	-0.04986469	0.0418802383	-0.0395970357	0.0174733174	0.0709919706	0.0537815447	-0.0823930779	-0.000125163	-0.0729853143	-0.084980092	-0.072502988	-0.0844910319	0.0686286549	0.0419272352	0.0451709112	-0.048208575	-0.1860850504	0.020142973	-0.0512606867	-0.1574524359	-0.0956792641	0.0224904557	-0.2199387233	-0.0660545162	0.0423415134	0.0350285504	-0.1514694716	-0.1425549365	0.078039343	-0.0082960762	-0.1419341407	-0.0030482821	0.0271788668	0.1230182629	-0.0405181304	-0.1090963146	-0.1258060028	-0.0413250922	-0.0621606482	0.0307013733	-0.0583742581	0.0484104955	0.0026099975	-0.030975144	-0.0537812319	-0.1922612752	-0.010230334	-0.102247734	-0.0118840841	-0.0579955902	0.0350871705	0.0117712579	0.0200266518	0.1468860166	0.0641426403	0.0639111929	0.1136921493	-0.0054309609	0.1632751945	0.0226900831	0.1464761515	0.002632578	-0.1109488906	0.0616009311	0.0050684204	-0.0703125971	0.1070700903301826	-0.0113019664029253	0.0001277344445728	0.0114640042433134	0.0497679062179372	0.2035932321309274	0.0024768444893173	0.0414502041695176	-0.145833652616119	0.0540568427735763	0.0212674542353588	0.0029221422506471	-0.0001527680755144	-0.0004667047265851	2.333808489637342e-08	2.1781330181687294e-07	-0.0030280919206973	-0.0004008217197045	9.169340680192264e-06	1.606580509868731e-07	0.0011437671145081	-0.0003301511399653	1.3082032122301853e-06	1.0899977522038717e-07	0.0	0.0	0.0	0.0
841.8475125874587	5.4456103501335065	708707.2344496915	29.65467208548117	1184.0297088623047	28.49122900711859	1401926.351468554	811.7501303360758	805.9061260512718	4.845844985445638	23.482213622968636	649484.6840069684	845.9781408525979	694.838368723114	1.209994	28.915213	0.3037308717506916	0.1828299480415303	-0.0448141407	-0.2608750053	-0.1678612689	-0.1835284367	0.0498614852	0.2793989103	-0.0591299963	0.1554877693	0.007679921	0.1787942223	0.0434297306	0.2102428461	0.1392457456	-0.2804304034	0.0856438959	0.1719678376	-0.1712833933	-0.2375473983	-0.0901542116	0.1121365166	-0.0716352809	-0.0986698432	-0.0290378728	0.1655215712	0.0178603133	-0.0802538175	0.0262713868	0.0294491952	-0.0284560626	-0.013810969	-0.2536909845	-0.0345759503	0.1536211809	0.0256593745	-0.0303877698	-0.2899139661	-0.094329437	-0.094985679	0.0966483486	0.0318064301	-0.0157032948	-0.0095676298	-0.0806110213	-0.0032436953	0.0669253875	-0.0120439887	-0.0110978265	0.0226037781	0.1021389289	0.0488407444	0.0477734963	0.0418275396	-0.0812125341	0.0901304595	0.3027010941	0.1335779103	-0.0328189234	-0.1055892701	-0.2410354252	-0.0013532312	-0.0624808121	0.0162954178	0.0265478048	0.0595785367	0.1354225479	-0.1137350808	0.1343377289	0.0793406197	-0.1893132423	-0.1968507412	-0.1161337468	-0.0617216792	0.0598208875	-0.2501821717	-0.1153946485	-0.186679251	-0.1186185291	0.0307207111	0.0739513586	0.1018985977	0.079749712	-0.072898038	0.1011150829	0.026648866	0.0601260784	0.0187462818	0.0150814348	-0.054314168	-0.0738717549	0.0401463567	0.0080692953	-0.2320248235	0.1126673874	0.0179846673	-0.1015658023	0.1712967862	-0.2032263761	-0.0530020168	0.0349343371	0.0187121443	0.0057409749	-0.0374408106	0.0786352264	-0.0285634869	0.2915528174	-0.0590019935	0.3640505704	0.0288483021	0.0791863946	0.0474602631	0.0697191513	-0.1081760608	0.122238816	-0.0263508884	0.033152329	-0.1126387502	0.0674542747	-0.0050684204	-0.0586099215	0.1094418885771659	0.0023717982469833	5.62542692439307e-06	0.0119775269753367	0.2194373789813397	0.1696694727634025	0.0481527632942001	0.0287877299878109	-0.0957471018902182	0.0500865507259007	0.0091675075203758	0.0025086625636182	-0.0006143646776319	-0.0004615966021174	3.774439571217484e-07	2.1307142308642162e-07	-0.0024901589216332	0.0005379329990641	6.200891454989422e-06	2.893719114820972e-07	0.0005112357154016	-0.0006325313991065	2.6136195670218577e-07	4.000959708556264e-07	0.0	0.0	0.0	0.0
839.9296598245128	-1.9178527629459268	705481.8334529217	3.678159220339325	1181.7498996705938	-2.2798091917109105	1396532.8253714584	5.197529950609555	804.9032476774591	-1.0028783738126776	1.005765032661161	647869.2381217212	845.0696591806258	693.0847123798571	1.243311	29.711401	0.5388710624650224	0.3158763601962381	-0.0420005117	-0.2020132549	-0.2443749223	-0.3467411193	0.2252741246	0.2576499648	0.0138521035	0.2517836728	-0.0183538104	0.0909475432	0.2693408923	0.1660496889	-0.1871278257	-0.1455207455	-0.0827861005	0.1535647902	-0.055965479	-0.0194884361	-0.2434367297	0.1090547318	-0.3257822054	-0.1809360404	0.1303851992	0.0960825584	-0.0937914997	0.2070898347	-0.0864317674	0.0592314758	0.3117074608	-0.012555421	0.020401024	0.1415722212	0.005844932	0.0624910274	0.057928644	0.0650808961	-7.53081e-05	0.0451399293	0.1414646645	0.0443177498	0.0301491876	-0.0108606906	0.1615813247	-0.0443848765	-0.0221796297	0.0641761269	0.1692223094	0.0647260878	-0.0917492196	-0.0267751555	0.0072803207	-0.0215647248	-0.0421674705	-0.0111901039	0.211419677	0.1749567942	-0.0673021831	-0.3277888386	0.086646543	-0.0371259224	-0.1042914028	-0.0009229294	0.2784161436	0.2698319569	0.369977466	-0.1128406023	-0.1602539801	0.1610417505	0.1604246622	0.1204897876	0.0886674806	0.0267233162	0.0249365792	0.1489246383	0.0420924112	-0.1353612696	0.0056792907	0.0930923964	-0.0309474343	-0.1550745721	0.0275284485	0.0954283714	0.1074833359	-0.0407469317	-0.1305885114	0.0018603623	0.0520653358	-0.0256421923	-0.032719514	-0.0733589887	-0.0243198288	-0.1020490434	0.0234353031	-0.1743806741	-0.3261671667	-0.1140803093	-0.2190234093	0.2871484053	0.3980171961	0.1499746579	-0.0305516135	0.0024701448	-0.0342830398	-0.1940678539	0.094459728	-0.2645590857	0.0303013242	-0.0580626222	0.2421173401	-0.1398874345	-0.1788418585	0.0571276487	-0.0141317958	0.1377868285	-0.0419005575	-0.1142514127	0.0731227308	-0.0151740128	-0.0462651033	0.0760836693879269	-0.0333582191892389	0.0011127707874773	0.0057887247475313	-0.0760518552326914	-0.295489234214031	0.0057838846843342	0.0873138875363945	-0.0156403066252508	0.0801067952649674	0.0002446191913318	0.0064170986476234	0.0005870277056889	0.0012013923833208	3.446015272463738e-07	1.443343658701232e-06	-0.0015689902095084	0.0009211687121248	2.461730277533213e-06	8.485517961976628e-07	3.5460534911501015e-05	-0.00047577518049	1.2574495362097822e-09	2.263620223703863e-07	0.0	0.0	1.0	0.0
832.5581097339211	-7.371550090591654	693153.0060837199	54.33975073810183	1145.7082053163	-36.04169435429367	1312647.2917290973	1299.003731928324	800.0075014129959	-4.8957462644632415	23.968331486005784	640012.0023170647	837.7527280023569	644.1088171592879	1.77931	42.520172	0.6468127314709984	0.3722963105493775	0.0212764022	0.240088557	-0.0026841725	-0.2064919917	0.1724849113	-0.2342320736	0.0548244505	0.1434086328	0.061080415	0.0178333275	0.2008792689	0.0956468044	0.3078013233	0.2205510413	-0.1268564287	-0.1523992509	0.0033219267	-0.0725743153	0.113124296	0.0521334291	-0.0974605551	-0.1662668264	-0.0575270494	0.0316270911	0.1427133018	0.0768388893	-0.0280268716	0.0014075193	0.112026422	-0.1147089153	-0.0088069283	0.0981403874	0.0012716854	0.0861505183	-0.0374745039	0.0636328043	0.0112782418	-0.1586379656	0.0267787034	0.0520666121	0.0452684879	0.1214030701	-0.2301615841	0.0611264293	-0.004590703	0.0343939179	0.0318508824	-0.0813374884	-0.0425361155	-0.0562856683	0.0727441415	-0.266548784	-0.0665730925	-0.0615675443	-0.2540432174	-0.0238862367	-0.0424682645	0.0245034569	-0.1341439632	-0.0252831588	0.2626472512	0.0611777815	0.2796901513	0.1140483457	-0.0020083422	-0.2851307533	-0.1055726934	-0.0271023829	0.1571598214	0.1568656878	-0.0550945146	-0.2190676914	-0.0454980073	-0.130432578	-0.1072435987	-0.0238487709	-0.0399698042	-0.002684464	0.1374132338	-0.0406522563	0.0116450941	0.049169407	-0.0817957035	-0.0374993088	-0.0330514774	0.1473591986	-0.0964513509	0.1174544062	0.223498303	-0.0507589672	0.0337897378	0.2669674179	0.0594521409	0.0767180711	-0.1498348789	-0.0320331593	-0.1703483318	0.0670624922	0.227299853	0.064966059	0.2854086967	-0.0210524392	-0.0535923471	-0.013280795	-0.0460344309	0.0093153593	0.0629618704	0.0553827487	-0.2227088235	0.248321277	-0.10238141	-0.2257676186	-0.177622621	0.128073622	0.152596378	-0.1157857731	0.0785907625	-0.0251860523	-0.033413395	0.0536095421956588	-0.0224741271922681	0.0005050863930542	0.0028739830144281	-0.3099390330916236	-0.2338871778589321	0.0960622042337705	0.0547032119668157	-0.2851625773692419	-0.2695222707439911	0.0813176955318688	0.0726422544269972	0.0019430887535857	0.0013560610478968	3.775593904311229e-06	1.838901565622968e-06	-0.0026029438611125	-0.001033953651604	6.775316744103249e-06	1.0690601536654524e-06	6.402894892673996e-05	2.856841401523895e-05	4.099706300663075e-09	8.161542793461013e-10	0.0	0.0	0.0	1.0
836.4185551800551	3.860445446134008	699595.9994494909	14.903039042576802	1154.7256464563814	9.017441140081246	1333391.3185841078	81.31424471482975	801.466994099745	1.4594926867490583	2.1301189026739853	642349.3426312807	838.7956239583037	664.0283326527274	1.212337	28.971224	0.3058555408377504	0.2339357174865496	0.0449048011	0.1711356937	-0.0626198785	-0.0457957013	-0.0967009709	-0.1714960072	0.152126833	0.0362159677	0.0085141392	-0.0063453206	-0.2243363016	0.1328223172	0.1232529616	0.1327040171	-0.0085493759	0.0242556501	0.0018284575	-0.2721663333	0.2396342435	0.156567539	0.0554466394	0.0178120366	0.0125548126	-0.0246679687	-0.1668963323	0.0957945373	0.089465455	-0.0666720208	-0.1022728464	-0.0136247084	0.0667986222	-0.0955620673	-0.0631994689	0.095485346	0.0870842477	-0.0854718673	0.0327886745	-0.0591428389	-0.0601378422	-0.1310114377	0.0617984418	-0.0741991598	0.1386428798	0.259475835	-0.0174024712	-0.0197070217	0.1124041425	0.0572288899	-0.0123405138	0.0337077735	-0.0441754826	0.0593142068	0.1409142182	0.0287415177	-0.1928140797	0.0025241395	0.0124389637	0.0803245562	-0.1950027116	-0.1787923139	0.0728311483	-0.0244003689	-0.2499592493	0.1278454497	0.0688891105	-0.0953117864	-0.0190420031	0.0080157377	0.0672437008	-0.1127553475	0.1187645458	-0.0331907767	-0.0435458563	-0.0496082117	0.1999726632	0.0081939831	-0.1057009728	0.1247093018	0.0542532254	0.0662295082	-0.0125276685	-0.0938737826	0.1848079313	-0.2600466857	0.0892223517	-0.0823796065	-0.0643125348	0.0702707771	-0.0265413466	0.1859309423	-0.0492559912	0.1630317909	0.1946765495	0.1382143283	0.0532463426	0.0784871495	-0.0435419383	-0.1017609633	-0.0107870154	0.1226934494	0.0319808343	-0.1703311406	-0.0543210464	0.0970490736	-0.0907818328	-0.0409235436	0.0650332457	0.0632992392	0.005792206	0.0300479389	0.1083148841	0.0014063774	0.0260033826	0.1392415686	-0.1385239988	-0.1172407796	0.0838433825	-0.0350428114	-0.0201956026	0.051693296221174	-0.0019162459744847	3.6719986347291832e-06	0.00267219687421	-0.0784985051757871	0.2314405279158364	0.006162015314833	0.053564717961961	-0.301962152269418	-0.0167995749001761	0.0911811414031791	0.0002822257168266	0.0013669285206971	-0.0005761602328886	1.8684935806951616e-06	3.31960613962246e-07	-0.0029128052625202	-0.0003098614014077	8.484434497365372e-06	9.601408808234397e-08	0.0002919911555755	0.0002279622066487	8.525883493431583e-08	5.1966767660171967e-08	0.0	0.0	0.0	0.0
831.1526665149914	-5.265888665063699	690814.7550549805	27.729583432846344	1149.9170688256286	-4.808577630752779	1322309.265176525	23.122418830976013	802.387830585137	0.9208364853919876	0.8479398328290679	643826.2306711224	840.2017241110693	666.533066922189	1.166957	27.886768	0.2185814764766818	0.1000898859971897	-0.0074700165	0.0589999016	-0.1455586795	-0.0872600176	-0.2719897435	-0.0112197353	0.2069609368	-0.0885634345	0.142584655	-0.1530482866	0.0718304536	0.0691096149	-0.150067311	0.1334704809	0.1925765573	0.31008364	-0.0530033474	0.1276188411	0.0938293213	0.0874698991	0.0943328218	-0.117914227	0.0453723122	-0.1692025632	-0.0242344864	0.071252463	0.1513014963	0.1056477665	-0.0697477643	0.0091181002	-0.0634286887	0.0873975981	-0.1241440992	-0.0278727164	0.00275951	0.0224316757	0.0861077476	-0.0810896095	0.0142428089	-0.0143120604	-0.1961507961	0.1509736023	-0.1135721418	0.0025071132	-0.0541617378	0.1379631284	-0.0397244003	-0.0334229487	0.0672888204	-0.1066630623	-0.1308585598	-0.1113136553	0.0675982109	0.0378512229	-0.0470532104	0.2388614601	0.0846641548	0.024833649	0.0743766787	0.1383033794	0.0494357723	0.0223423607	-0.3450195774	0.2295501969	-0.0465733176	-0.0469389617	0.0741418251	-0.0815023914	0.0058903519	0.0670558226	0.0801390646	-0.025110192	0.0092944412	0.0667946369	-0.0419337972	-0.0366516382	-0.0915772682	-0.3039504893	0.0062242789	-0.192991154	-0.0215488479	-0.1209913417	0.0701980714	-0.0314451564	-0.0814773234	0.1960319556	-0.0586150278	-0.0112791318	0.1111836197	-0.1179756045	0.1794951451	0.0859669903	0.2139730142	0.0756879806	-0.0949984912	0.057794844	-0.0337379987	-0.1592851921	-0.09416333	0.2106961096	-0.1030647123	-0.2012453241	-0.0321661857	-0.1575587125	0.0301042658	0.0055015397	-0.2428722628	-0.0341281763	-0.0753870284	0.0252510671	0.0183341922	0.0719094997	-0.0860024926	-0.0229495737	0.0566696799	-0.1186154352	0.0888661936	-0.0446835199	-0.0067565429	0.0448362955963403	-0.0068570006248337	4.701845756896976e-05	0.0020102934028024	-0.0158962073335828	0.0626022978422043	0.0002526894075922	0.003919047695124	-0.2684469073396442	0.0335152449297738	0.0720637420602195	0.0011232716427027	0.0004462738890128	-0.0009206546316842	1.9916038401460894e-07	8.476049508417538e-07	-0.0036091016880657	-0.0006962964255454	1.3025614994798685e-05	4.848287122274397e-07	-0.0004031964487921	-0.0006951876043675	1.625673763185605e-07	4.832858052663626e-07	0.0	0.0	0.0	0.0
824.4008615754698	-6.751804939521662	679636.7805663769	45.58686994134912	1163.3036984321766	13.386629606548013	1353275.4947859806	179.2018522229078	800.215349756016	-2.1724808291209	4.719672952897834	640344.6059851431	841.2037150373736	635.4441074719019	1.180359	28.207031	0.1370010989756892	0.0885396164745623	-0.2348438732	0.1396020188	-0.145845453	-0.0107345307	-0.2190965804	0.0952014016	0.3629193739	-0.0565838824	0.1524352229	0.0108511928	0.1757295382	-0.07075113	-0.0687173751	0.1807452429	0.3313049638	0.2752763119	0.040362191	0.038899318	-0.1095514065	-0.0118443167	-0.0233747211	-0.0829660354	-0.046591192	0.0085003672	-0.0152364749	-0.0113003978	0.0272775951	-0.020695497	-0.0635577169	-0.106367626	0.1556954572	-0.0333212231	-0.0415983946	-0.0663161361	0.0176152165	-0.0793466381	-0.0013699382	0.1420371062	-0.0503884958	0.0111737204	-0.0886562527	-0.0507009234	0.1767976904	0.0088198353	0.0945255263	-0.0424068059	-0.004427929	-0.0044388797	-0.0176784909	-0.0039392189	0.0227422651	0.1345172525	-0.0741970694	-0.0677188404	-0.0125923991	0.4293954086	0.1492900026	0.1121980401	0.0822741753	0.1700013153	-0.0307432527	-0.0556094012	0.0002259027	0.0464973507	-0.0339753502	-0.1189035601	-0.0121776708	0.0781513548	-0.0407668435	0.0018821516	-0.0388765177	0.0544573071	-0.1712034821	0.0507757926	0.021799224	0.0956222425	-0.0114758807	0.0359785251	-0.1801289326	0.1689523965	0.0158588972	-0.0228980015	0.0445465188	0.0287232058	0.1760657519	-0.1215074935	0.0165752642	-0.0098328491	-0.0468315282	0.0259667862	-0.0597408527	0.0596105208	0.2568127957	0.0826941563	-0.0888465312	-0.1122976275	0.0895059778	-0.0659502919	-0.1143820183	-0.0565542094	-0.1385040042	-0.1851441633	0.0216923966	-0.0790322325	0.0909750614	-0.0110209746	-0.0676857462	0.1463586275	-0.1127559302	0.0786658877	-0.0957431046	0.0562937565	0.0147767119	-0.0530605576	0.0248992513	-0.1199087977	0.0936454286	-0.0540487397	0.0067565429	0.0569678447273958	0.0121315491310554	0.0001471744843192	0.0032453353328846	-0.0269172979812282	-0.0110210906476454	0.0007245409306102	0.0001214644390636	-0.1813220832426409	0.0871248240970033	0.0328776978714511	0.0075907349739337	0.0006619501041829	0.00021567621517	4.381779404277521e-07	4.651622979009925e-08	-0.00336561415085	0.0002434875372157	1.1327358612401766e-05	5.9286180779366896e-08	-0.0003278874991782	7.53089496139e-05	1.0751021211733409e-07	5.671437891948928e-09	0.0	0.0	0.0	0.0
823.3448084963155	-1.0560530791542533	677896.6736778344	1.1152481059911796	1144.4026622915626	-18.901036140614	1309657.4534600163	357.24916718879643	798.6190410333587	-1.5963087226573407	2.5482015380319107	637792.3727010415	836.8986874614333	602.1682242257605	1.028299	24.573248	0.1548182923728529	0.0726780651290425	-0.3377876731	0.2248738885	0.0345059744	-0.0045268548	0.0185165932	-0.0904632295	0.2312666086	-0.2048312718	-0.0697727177	-0.1231293511	0.0685969128	0.0813524603	0.005151115	0.1896989679	0.2942063525	-0.0182701668	0.0867140334	-0.0276914956	-0.0479106586	-0.0855591055	-0.0608521845	-0.11677069	0.0813627408	0.0519385225	-0.1029808371	0.0057026793	-0.1310519515	-0.1025133348	-0.0628388083	-0.0200130942	0.0339901597	-0.0951283479	-0.0258514922	0.0140356504	-0.0612571883	0.3073620963	-0.1539965218	-0.0621253041	-0.0326259959	0.0672540845	0.0004307313	0.0482414688	0.0878699052	-0.0241627706	0.2956510642	-0.1678304167	-0.1366556925	0.0191360862	0.0833460787	0.0128709292	-0.0691043293	-0.1231266406	0.0188783011	-0.0421542085	-0.0840158753	0.1577791773	0.2207794495	0.2393325881	0.0834200842	-0.0082742665	-0.0002161126	0.0558165523	0.1687032915	-0.060805119	0.0323322851	-0.0363811032	0.0912165786	0.0169173851	-0.0511933452	0.0755667846	0.0679032388	0.2019759731	-0.2173291661	-0.0936745814	0.052729161	0.111787767	0.1243548234	-0.0103065253	0.0449139542	-0.2041005649	0.2194269803	0.1145140195	-0.1555009705	-0.0639046812	0.1623266216	-0.1250941384	-0.0828204528	-0.0536547952	0.0707584399	-0.0586864207	0.0612062861	0.0534345075	0.1962401666	0.1638533375	-0.0007042719	-0.2401896459	0.2126836578	0.0893304011	-0.0524346274	-0.1068848339	0.043216446	0.0117621411	0.123465224	0.0178647382	0.1419483765	-0.1028099087	-0.009780928	0.0721813092	-0.0271756644	0.1378161545	-0.2213583282	0.1396586261	-0.1357892516	-0.1229265041	-0.19198979	-0.1211199807	0.098167988	-0.063080731	0.0201956026	0.0567623162118451	-0.0002055285155507	4.224197070447548e-08	0.0032219605417334	-0.0674579099157028	-0.0405406119344746	0.004550569610195	0.0016435412160216	-0.1588687971406983	0.0224532861019426	0.0252392947049323	0.0005041500567756	0.0002829950175514	-0.0003789550866315	8.008617995891719e-08	1.4360695768388765e-07	-0.0026179502217289	0.000747663929121	6.8536633634503965e-06	5.590013509088011e-07	0.0003778708014869	0.000705758300665	1.427863426163522e-07	4.980947789576896e-07	0.0	0.0	0.0	0.0
829.748197141521	6.403388645205496	688482.0706596044	41.00338614154668	1152.746539237804	8.34387694624138	1328824.583724734	69.62028249401838	799.6108869465813	0.991845913222619	0.9837583155764108	639377.5705234985	837.4944163387262	620.3770250337574	1.098343	26.247112	0.2578770467417841	0.1863811001461588	-0.297885495	0.0785767946	-0.0097756505	0.0813648654	0.0946148976	0.0339633361	0.1291143392	-0.0906588783	-0.2611256524	-0.1314617642	-0.0983609295	-0.0466778755	0.1066885403	-0.0215608117	0.204136471	-0.111588353	0.2364784203	0.0055661256	0.1306101761	0.1582661602	0.0086499616	-0.0048947621	0.0769688289	-0.0668362938	0.1563674572	-0.1506056352	-0.1302259277	0.0077531332	0.1231973954	-0.0254219502	-0.1687820612	-0.0441316499	0.049188788	-0.1316661561	0.0062974867	0.011475278	-0.0593567469	-0.076045712	-0.1397548381	0.0319941978	0.1025613451	0.0332853013	0.0431257575	0.0808091489	0.0740238463	-0.083977646	0.0460615998	0.1122923948	0.0186249885	-0.0810585374	0.1241345737	-0.0960405703	0.1133893714	0.0141942858	0.0516375429	0.0032242332	0.0640521694	0.2313760766	0.083211007	-0.2233376712	0.1651212683	-0.1030526904	0.0258870793	-0.0496467402	0.0122373225	-0.0122831257	0.0044212367	0.1051591957	-0.1290769102	0.0644228824	-0.2299446421	0.150868338	0.0754829838	0.0194289986	-0.1987786858	-0.0477389636	0.0019449328	-0.0584663863	0.0921242743	-0.0934886756	0.0877515181	0.0215531243	0.0472409331	-0.0258997234	-0.0087714478	-0.1363354423	-0.0818105499	0.041956198	0.0575597713	0.23608359	0.061297696	-0.0897043527	0.2596161453	0.073473193	-0.0090611201	-0.1517376218	0.1087614093	0.0191061991	-0.0525841345	0.0130120613	0.0530745243	0.1228534267	-0.0295386114	0.1713288112	0.2022835232	0.1356125793	0.0637740968	-0.0982819122	0.0405729343	-0.0710981749	-0.1384213649	0.0678904941	0.0804360606	-0.1142869123	0.1569350015	-0.1222481541	0.1024214758	-0.0717238087	0.033413395	0.0617146341093501	0.004952317897505	2.45254525579484e-05	0.0038086960632509	0.1153868771885981	0.1828447871043009	0.0133141314273366	0.0334322161712171	-0.1313435485397391	0.0275252486009592	0.0172511277430108	0.0007576393105446	0.0006250340012731	0.0003420389837217	3.906675027474616e-07	1.1699066638537341e-07	-0.0024599972347532	0.0001579529869756	6.051586394993391e-06	2.4949146094545587e-08	2.676890940391993e-05	-0.0003511018920829	7.165745106752728e-10	1.2327253862424858e-07	0.0	0.0	0.0	0.0
837.0914292199434	7.343232078422375	700722.0608734875	53.92305735757139	1166.988542485058	14.242003247253932	1361862.2582913998	202.8346564947916	802.2659219410206	2.6550349944392337	7.049210821696942	643630.6095078757	840.7513957162505	657.2126590082366	1.103326	26.366177	0.127131748056189	0.0660724001773199	-0.1828355492	-0.0552169277	-0.134391157	-0.0760289632	0.0937491347	0.1180293057	0.0930521662	-0.0172195811	-0.2117218512	0.0273775176	-0.2075823166	-0.0426605937	0.1632181588	-0.1750197144	0.0735842434	-0.1014175119	0.1456298727	-0.2436918887	-0.0671027419	0.2521616551	0.0345102574	0.0742395361	0.0491300778	0.1313858522	0.1469476851	0.1783604942	0.1426893429	0.123933404	0.0707070833	-0.0848885119	0.0711003807	0.009564184	0.0324316931	0.0008912929	0.0242861776	0.0976292005	0.0210209461	0.1280187104	0.0856496092	0.0123197879	-0.0336325233	-0.0120492475	-0.0236530319	-0.0772654015	0.0146214731	0.1001926204	-0.0096633056	0.0260613166	0.0321594043	0.1207887551	-0.0624220422	0.0549839323	0.1504113492	-0.0429289742	0.1270778254	-0.0333552644	-0.0370789677	0.0831023748	-0.1239767619	-0.310244876	-0.0351314697	-0.2465875372	0.0296064506	0.0498718734	0.1375065468	0.031302769	0.167575689	-0.0591021653	0.2040014855	0.0149290963	-0.1216026552	-0.008127887	0.0193982186	-0.0313578688	0.0154039336	0.0861263146	0.0079374359	0.0003989067	-0.1554229849	0.0481477596	-0.0748827926	-0.0847291442	-0.0812523659	0.0527216436	0.029027753	0.0438807343	-0.051160187	-0.010149628	-0.0892997256	-0.1763077177	-0.0486674522	-0.1198659084	0.2539647786	0.0499808551	-0.1363800889	0.1030275405	-0.0981716131	0.0765374298	-0.0429422401	-0.1437165111	0.0510633662	0.0396190895	-0.0213253294	0.2043945851	-0.0067736412	0.1359060193	-0.0549167179	-0.1688458136	0.0551051262	-0.1472725287	0.1253557994	0.142205987	0.0520722487	0.0297482364	-0.0396757584	-0.1232925447	0.1063942335	-0.0799246852	0.0462651033	0.0514686761442675	-0.0102459579650826	0.0001049796546222	0.0026490246240434	0.1224281907153397	0.0070413135267416	0.0149886618818315	4.9580096181874256e-05	-0.1876506184645592	-0.0563070699248201	0.0352127546101315	0.0031704861235185	4.5980156229226e-05	-0.0005790538450438	2.1141747668640304e-09	3.353033554600949e-07	-0.0024240166829663	3.598055178690015e-05	5.875856879298944e-06	1.2946001068898035e-09	-0.0004289448265562	-0.0004557137359601	1.839936642293285e-07	2.0767500914272994e-07	0.0	0.0	0.0	0.0
838.8454105035802	1.75398128363679	703661.6227229199	3.076450343348162	1162.1801106158953	-4.808431869162632	1350662.6095111745	23.121017040378845	802.8220865256311	0.5561645846105421	0.3093190451750168	644523.3026133679	840.7665193921925	672.5009506957675	1.179094	28.176798	0.4223751683711844	0.2808905724038673	0.0359550748	0.0923288893	-0.1972668043	-0.0269975308	0.0545319467	-0.0492988906	0.0770866444	0.1484887609	-0.0394442671	-0.058643027	-0.1976028117	0.0749892365	0.0314800228	0.0207331035	-0.1679966234	0.0184309157	0.0718768629	-0.1794676926	0.0194041523	0.2311319806	-0.0114583908	0.1054192193	0.0824250163	0.0961122235	0.0053120709	-0.0925357168	0.0922238593	-0.1183353582	0.0478009438	0.0074079734	0.0606364678	-0.0829292847	-0.0273469784	-0.0493589477	-0.174148159	0.0493643451	0.1198215095	0.0244592251	-0.0857579508	0.2076965654	-0.093827246	0.0479678809	0.070470666	-0.0378891665	-0.0285488557	0.1972473171	-0.0242741418	-0.1788340385	0.0239235209	0.0333595522	0.0591222766	-0.1487099157	-0.175997628	-0.0372767135	-0.0821837629	0.0047200394	-0.1308610877	-0.0185814514	-0.1650610034	-0.1929058606	-0.0518219371	-0.064148782	-0.0201732113	0.0252725995	0.0599814017	-0.0306403308	-0.0124917302	0.1310097959	-0.1330960889	0.0553036047	0.0322313897	-0.19297872	-0.0655297383	-0.1412950181	-0.1374924363	0.2092948457	0.0646481468	-0.1907996659	-0.0391430499	0.1083051169	0.036173302	0.0239316364	-0.172774992	-0.009625601	-0.1252121343	-0.0276906582	0.0865620951	0.060143887	-0.1530246612	-0.0894697521	-0.0565428989	0.1325260886	0.1698895729	-0.038858704	-0.0293120635	0.0779280912	-0.1697138857	-0.0085296899	0.0777785463	-0.1041242914	0.0904962733	-0.0435576629	-0.0248713393	0.1662172735	-0.2108385404	-0.005322277	-0.013738977	-0.0178735941	0.2657412608	-0.0970214666	0.1846879897	-0.0819059066	-0.158425716	-0.2233986715	0.0984583428	-0.1242524367	0.1100753719	-0.0876327994	0.0586099215	0.0475087687484858	-0.0039599073957816	1.5680866583166586e-05	0.0022570831079971	-0.1430388692731981	-0.2654670599885378	0.020460118122955	0.0704727599389579	-0.2641643794161155	-0.0765137609515562	0.0697828193523014	0.0058543556149519	0.0007685415233133	0.000722561367084	5.906560730567276e-07	5.220949292024059e-07	-0.0030242502008548	-0.0006002335178884	9.146089277370295e-06	3.602802759968041e-07	-0.0006348387422898	-0.0002058939157336	4.0302022871209525e-07	4.2392304536114784e-08	0.0	0.0	0.0	0.0
837.9264093656351	-0.919001137945088	702120.6675123859	0.8445630915443666	1156.5094244820732	-5.670686133822073	1337514.0489158563	32.156681228321936	801.9718102240367	-0.8502763015943628	0.7229697890529879	643158.7843940184	838.6543235099817	663.0813863262132	0.99481	23.772964	0.2026211311600337	0.1041683212692305	0.0909239762	0.1298281517	0.03978427	-0.0335269054	0.0934800451	-0.1436707356	-0.0074487809	0.0325473629	-0.0263352516	0.0166739178	-0.1028927643	0.0617210994	-0.122368735	0.1284036558	-0.0964850224	-0.04907397	-0.0475026442	-0.0241274	0.1325268679	0.0877994407	0.018678732	0.0541132502	0.0481461764	-0.0319454993	0.0397355878	0.0198207811	0.039952324	0.0522454369	0.0292317041	0.2856614507	0.0643765811	-0.0516831291	0.1634416429	-0.0758210055	-0.0562562844	-0.0497145413	0.0756217138	0.0284997145	0.0240987849	-0.0638157361	-0.0004656163	-0.0451802127	-0.048691908	-0.0665036482	0.0322547367	-0.0243951223	0.1321228629	0.0504003719	-0.051831213	-0.0054568851	0.1072626075	-0.0543184595	0.0249470181	-0.1177735664	-0.163464986	-0.0983548853	0.0391296893	-0.0666353688	-0.0064307404	-0.1031801647	-0.0368532689	0.032335792	-0.1556042881	0.0581868017	0.0517855809	0.0575965147	-0.2090383683	0.0003632385	0.0292702198	0.0204012954	0.0876066972	0.0225975193	0.1001669092	0.0472645916	-0.1343997765	0.0720719078	0.0467498887	0.005270219	-0.0949603586	-0.0225381743	0.1204768004	0.1965014482	0.0396163766	0.1177645157	-0.0889249551	0.1772783102	0.0492127167	-0.0226347648	-0.0418138786	0.1021814023	-0.0936569961	0.1685885275	-0.0062046219	0.0885809871	0.0287689116	0.0495037509	-0.086445912	0.0033509921	0.1097311516	0.0456688204	0.1284937071	-0.0401007006	-0.0392971595	0.1311087068	-0.2159283688	0.1054385545	-0.0325515591	0.0155920217	0.0537259468	0.0289045232	0.0615019725	0.0106864052	0.1316032884	0.0884011324	0.0758088447	-0.1251271724	0.1134548014	-0.0948006283	0.0703125971	0.0636416011223133	0.0161328323738275	0.000260268280402	0.0040502533934116	-0.146172701955848	-0.0031338326826499	0.0213664587970731	9.820907282844744e-06	-0.2932493626924568	-0.0290849832763413	0.085995188719532	0.000845936252185	0.0018279374426405	0.0010593959193272	3.3413552942070912e-06	1.122319713887123e-06	-0.0024087985079259	0.0006154516929289	5.802310251786042e-06	3.78780786329049e-07	0.0007757033019984	0.0014105420442882	6.01715612731221e-07	1.9896288587047342e-06	0.0	0.0	0.0	0.0
839.8520461754708	1.925636809835737	705351.4594651252	3.7080771233943546	1156.7834592546735	0.2740347726003165	1338147.971605209	0.0750950565941071	803.4320076104501	1.4601973864133695	2.132176407288436	645502.9908529584	840.387359946291	679.5017594421935	0.974785	23.294439	0.210074405315686	0.1292975345595789	0.145854287	0.0322847454	0.01587184	0.0902662723	-0.0769259135	-0.0890394221	0.0006741597	0.0175311133	0.0650900297	-0.0635623741	-0.1711487707	0.001043095	-0.0527049699	0.0388180605	-0.0304872327	0.0963418837	-0.0281157572	0.0541124411	0.2063704713	0.0075105994	0.0882640482	-0.0443749742	-0.0756961653	-0.0618226097	-0.0458044168	-0.0357526208	0.1876097146	-0.0891640387	-0.0352933965	-0.0422196591	0.1623540594	-0.0500475839	-0.0417401966	0.0209422545	-0.0210492512	-0.0502868678	0.0689258299	-0.0091698097	-0.0430086919	0.0326882033	-0.0216380274	-0.1412651952	-0.0972775925	-0.1668874785	-0.0472435133	0.0322285273	-0.0048234602	0.2358779296	0.0814480982	0.0193128728	-0.0220505902	0.0785859436	-0.0969598165	0.0869293134	-0.0864539529	-0.0162299653	-0.0278357063	0.0360689104	-0.0386928494	0.0191899535	0.0383756884	0.0656491053	-0.3050833512	0.072904744	-0.0120638218	0.0019908983	0.0091620872	0.035605143	0.0218640257	-0.0931422131	0.0293672618	-0.0256958328	-0.0315136186	0.0586777587	0.0797198236	0.195526644	-0.0602249347	0.0338471394	0.0375772702	0.0235463915	-0.1056423187	0.084752462	0.0081579472	0.0792140243	-0.1891504829	-0.0483946489	0.0919758691	-0.124023415	0.0613911837	0.0210127178	-0.0010842073	0.073338694	0.009325571	0.0291087778	0.1574467955	0.0464717737	-0.0258186629	-0.0713003451	0.0031584159	0.1361906299	-0.0880791573	-0.0993062036	-0.0489473999	0.0164228034	-0.1101678865	0.1099006531	-0.0669673321	-0.0513233489	-0.0386176734	-0.0715893824	-0.098542791	-0.1128187319	0.1509873303	-0.0458630559	-0.0827368893	-0.1259161521	0.1165232592	-0.1013839798	0.0812449131	0.072285407141635	0.0086438060193217	7.471538249966206e-05	0.0052251800856319	-0.0324086615937062	0.1137640403621418	0.0010503213462953	0.012942256879519	-0.2489169661376493	0.0443323965548075	0.0619596560311716	0.0019653613842927	0.0010840810765093	-0.0007438563661312	1.1752317804455627e-06	5.533222934339138e-07	-0.0024125197639495	-3.721256023600256e-06	5.820251611446952e-06	1.3847746393181192e-11	0.0008948089274319	0.0001191056254335	8.006830166118273e-07	1.4186150009905204e-08	0.0	0.0	0.0	0.0
834.6377359301856	-5.214310245285219	696620.1502386662	27.1890313340864	1165.131349836077	8.34789058140359	1357531.062370839	69.68727715908676	802.494954789116	-0.9370528213340776	0.8780679899701548	643998.1524619854	840.6497634097597	673.960559825383	1.084902	25.925905	0.1440636438319651	0.0803996923074384	0.0393575069	-0.0591757205	0.0210376621	-0.0359711938	-0.2129491878	0.082365536	0.0692844203	-0.0843513078	0.0572752725	0.0063602927	0.0983206489	0.1163861341	-0.1209085343	0.0062514259	0.1581002706	0.0774166963	-0.071042119	0.0521625539	-0.0676889336	-0.1234370363	-0.1002240836	0.1476817569	-0.1732495017	-0.0455737439	-0.0005072214	0.0418799377	0.0553780537	-0.0173906056	0.0243999738	0.1172135127	0.0699486985	-0.0433899392	0.0009597404	0.0082849165	-0.0180287008	0.0557713675	0.0006428457	0.1387589117	0.0336871955	0.0009076426	0.0936512111	-0.0178888545	-0.0361582499	-0.1937883433	0.0453384222	0.1125551869	0.0052981458	0.0427499093	0.0491980653	0.1195649121	-0.0989403031	0.0168122404	0.0776349832	0.0823061901	0.0647760522	0.1076720459	0.1286056722	-0.0200765208	0.1002632352	0.0403650728	-0.0739941563	0.0919711973	-0.0442852534	0.07570416	-0.146979684	0.0329898075	0.0314773602	-0.1543535324	0.0561445944	-0.1375389854	0.0448726628	-0.0895705454	0.0694723779	-0.0310261568	0.0493142964	0.0719771489	0.0290796839	0.0996739777	0.0292829393	0.0973024953	0.0640747645	0.0893515654	0.0357639446	0.1505216152	-0.174132526	-0.176513594	-0.0979426481	0.126609488	0.032797499	-0.078258429	0.0054350726	-0.011493023	-0.0482092562	0.0583127632	0.0902483085	0.0297359566	-0.0065963352	0.0984780799	-0.0826905883	0.1199247304	-0.0850286089	-0.114581807	0.0609099218	-0.2486047328	-0.0581741224	0.099022264	-0.0857110674	-0.0028642507	-0.0181048252	0.0255603103	-0.0362871087	0.0112589432	0.0605594173	-0.0364842363	0.1464308548	-0.1266188352	0.1192723348	-0.1073422654	0.0912870929	0.0968076831325106	0.0245222759908756	0.0006013420197726	0.0093717275134845	0.0081641038755577	0.0405727654692639	6.665259209089626e-05	0.0016461492978238	-0.1843326103984637	0.0645843557391856	0.0339785112563118	0.0041711390062456	0.0011676370598641	8.355598335480006e-05	1.36337630356808e-06	6.9816023543876264e-09	-0.002299926609619	0.0001125931543305	5.289662409633548e-06	1.2677218402091793e-08	0.0009863447223994	9.153579496749992e-05	9.728759114051494e-07	8.378801760332186e-09	0.0	0.0	0.0	0.0
832.1268839838481	-2.5108519463375387	692435.1510486685	6.304377496427007	1161.2576007699608	-3.873749066116261	1348519.2153460055	15.005931827236603	800.7246571277097	-1.770297661406289	3.133953809980576	641159.9765322884	839.2058250772915	643.3811844763309	1.042686	24.917065	0.1031437983752459	0.0713154118223425	-0.099828239	0.066633566	0.1289598291	0.0523687929	-0.0747435414	0.0225487045	0.0481008017	-0.1533258645	0.043316876	0.0669492846	0.1445595709	-0.0378392969	0.1288728521	0.0781881633	0.0935742257	-0.1343080234	-0.0135485775	0.149291162	0.0965018249	-0.1272783904	-0.0437591772	-0.0571694879	0.0985562203	0.1878721879	0.0220268334	-0.2422188947	-0.1575482432	-0.0524232115	0.0630117478	0.0437875653	-0.0101434816	-0.0651060123	-0.0182227392	0.0643520274	-0.0715187228	0.1303706333	-0.0376177206	0.0448623805	0.1928856848	-0.0266667786	0.1012628438	0.0020436633	-0.0326548266	0.0200589125	-0.1101363121	0.1712865222	0.0051524035	-0.0825412883	0.0941194169	0.0319303524	-0.0505114692	-0.0219502947	0.0058337515	0.2244634596	-0.0145285684	-0.0054101152	0.1112469023	0.0727550459	0.0629248806	0.1474848866	0.1957460818	0.045467475	0.168533174	-0.1391646821	0.0729522876	0.2287342508	-0.0292942583	0.1186904872	-0.177443365	0.0125273303	-0.0101328999	-0.0661680907	0.0729088833	-0.0129271117	0.1624308719	0.0107582991	-0.0112137701	0.0952917317	0.128192557	0.0243187432	0.0141681384	-0.0277736871	0.0027214588	-0.033076769	-0.1730229331	0.0988441853	-0.1576614277	0.0630960843	-0.0818729291	-0.1290387553	0.0065720067	-0.0265759112	-0.0453810776	0.0465578464	0.0811699005	-0.1657686227	0.107677739	-0.0850594859	-0.0711653817	0.0325477218	-0.0011208223	0.1539254781	0.0088462413	-0.1090071438	0.1379689885	-0.1244834699	-0.0348457573	0.0396010252	-0.0329942234	-0.0119835456	-0.1313115293	-0.1594837269	0.0333133064	-0.0466938136	0.0073708763	-0.1272347401	0.1216944932	-0.1126387502	0.1003291122	0.1141791611587876	0.0173714780262769	0.0003017682488174	0.0130368808429243	0.0106596385597441	0.0024955346841864	0.0001136278942243	6.22769335997732e-06	-0.1167348860793211	0.0675977243191425	0.013627033627952	0.0045694523331268	0.0010556738098359	-0.0001119632500282	1.114447192773444e-06	1.2535769356877238e-08	-0.002466003257479	-0.0001660766478599	6.081172065897039e-06	2.7581452964414392e-08	0.0009508033933748	-3.554132902459993e-05	9.040270928530348e-07	1.263186068834869e-09	0.0	0.0	0.0	0.0
834.6513016272065	2.524417643358447	696642.79530799	6.372684438099416	1157.0159367726262	-4.241663997334626	1338685.8779458378	17.99171346628476	801.2712094052114	0.5465522775016325	0.2987193920422215	642035.5510216901	839.1748895367373	646.0305035582555	1.007755	24.082315	0.1359209685710131	0.0760836101887792	-0.1290149377	-0.0634803631	0.1248764297	0.1904890067	0.0398714048	0.0432325402	-0.0789029691	-0.1171476491	-0.1631051483	-0.0297258754	0.0381703109	-0.1266871521	0.0943284002	-0.0810558576	0.0005640493	-0.1489463743	0.112477888	0.0524288282	-0.1121767691	0.0151989587	0.0828128568	0.1129035895	0.0259815497	-0.0813888769	-0.0361460856	-0.0787222102	-0.0527665086	-0.0003055231	0.000453176	-0.0175373579	0.0157691434	-0.022834455	0.1288193887	0.100278038	0.1421565081	0.0135391225	-0.0460033475	-0.1033872516	-0.0751712862	0.1635081474	-0.2213023503	0.100139373	-0.0521247536	-0.0063422782	-0.1320810482	-0.1093925367	0.1424299902	-0.1177821635	-0.16594596	-0.0257393669	0.0080666634	0.1492746692	-0.0370361574	-0.0295896026	0.0863106313	-0.1202353358	-0.0234787393	0.0795320023	0.0952207534	-0.0324632709	-0.0594642602	-0.142300588	0.088899219	-0.1221735573	-0.1057601562	-0.0378398601	0.0231252687	-0.0117377842	-0.0360730631	-0.0045922379	0.0408254135	0.0718445852	0.0345860708	-0.1213666207	-0.0566201388	-0.0967939864	-0.1438370686	0.0685738323	-0.0633687512	-0.0997905398	-0.0599389387	0.015128804	0.0426390964	0.0319843029	-0.0371087346	0.1255504964	0.1790173889	0.097662377	-0.048554137	0.0811818595	-0.1073556231	-0.141994224	-0.1050906061	-0.0518051644	0.0802605616	-0.172968268	0.1077436085	0.0781059069	-0.0655706372	-0.1940221562	-0.007814698	0.0508866108	-0.1388735888	0.0193598976	-0.0117766855	0.059393539	0.0899614703	0.0312340755	0.083130861	0.0087606613	0.0508803533	-0.008768107	-0.0372928333	0.2461853098	0.1566522539	-0.1277634447	0.1237830955	-0.1172407796	0.1082719048	0.1139729983535318	-0.0002061628052558	4.2503102270941884e-08	0.0129898443536941	0.0545224167076128	0.0438627781478686	0.0029726939236385	0.0019239433068491	-0.0606463489080724	0.0560885371712487	0.0036779796358796	0.0031459240020105	0.0007068251496019	-0.000348848660234	4.996017921097484e-07	1.2169538774705678e-07	-0.0023000937024533	0.0001659095550257	5.290431040065329e-06	2.7525980448825773e-08	0.0011513149870479	0.0002005115936731	1.3255261994011064e-06	4.0204899197326376e-08	0.0	0.0	0.0	0.0
840.3215463728326	5.670244745626064	706140.3012984287	32.15167547529999	1163.6678341170002	6.651897344373992	1354122.8281585504	44.24773828008977	803.7267868415895	2.455577436378121	6.0298605460493455	645976.7478867058	841.8054217242886	666.5037010496479	1.039503	24.840992	0.1896084085488663	0.124736847220819	-0.0054101754	-0.0472094563	0.0682543999	-0.0095029249	0.0183897647	0.0183523691	-0.0350441617	0.0370261518	-0.0527375803	0.0606107691	-0.1532433883	-0.0780854626	-0.014018341	-0.1187904247	-0.0799946593	-0.1277395378	-0.0958873107	-0.091399234	0.0307345551	-0.1604945784	0.0427469895	0.0208033264	-0.0769200953	-0.0359858533	-0.1018271154	0.081505639	0.0186897371	-0.0145173536	0.1043641181	-0.0532171038	-0.1297976917	-0.0273180509	-0.0754385134	-0.0318252244	-0.100576789	0.0720332344	-0.1151180229	0.0042123554	-0.0481466519	0.0304273677	-0.0089963433	0.0597510514	-0.0150937598	0.032883688	0.0501940652	-0.1223683216	-0.057140361	-0.2104368213	0.0369782448	0.0840700118	-0.0581403158	0.2563024712	-0.1354159354	-0.115264016	0.0484296188	-0.1103986705	-0.0049540309	-0.055882119	-0.1438736634	-0.0774008903	-0.0795517289	0.0972298326	0.075376714	-0.1941143868	-0.0871077469	-0.082811821	0.0563434137	0.0532511571	0.1125299339	0.006318603	0.0310502649	0.0275575982	-0.0515866945	0.044843885	0.0675063567	-0.0624175087	0.2200819184	0.0108503472	-0.0082091447	0.0285072838	-0.0258677595	-0.0541240442	-0.0112728847	0.1809567994	-0.0194389135	0.0722956089	-0.0222333218	-0.0586687677	-0.0422308596	0.0356507422	0.1757492368	-0.057981802	-0.0985971997	0.0432840304	0.0490369134	-0.007750958	-0.1092131757	0.0404447895	-0.0784924073	-0.1190159172	0.0883518654	0.1178671719	0.160199166	0.0022639111	-0.0591607379	-0.015808476	-0.0682598443	-0.0233558489	-0.0005485981	-0.1256006245	0.022526051	0.0571528495	0.0888365658	0.1302762853	0.0604671062	-0.1282045865	0.1255324169	-0.1211199807	0.1150284477	0.131033375810702	0.0170603774571702	0.0002910564789811	0.0171697455763486	-0.0021771099219876	-0.0566995266296004	4.739807612416854e-06	0.0032148363200207	-0.1695248128805531	-0.1088784639724807	0.0287386621821865	0.0118545199170067	0.0008308077693521	0.0001239826197501	6.902415496158121e-07	1.5371690000122675e-08	-0.0023000303712652	6.333118810018108e-08	5.290139708742333e-06	4.010839386180516e-15	0.0011359601281939	-1.5354858854000047e-05	1.290405412846302e-06	2.3577169042626363e-10	0.0	0.0	0.0	0.0
839.9098058564261	-0.4117405164064394	705448.4819737795	0.1695302528506413	1156.064036433858	-7.603797683142147	1336484.056335745	57.81773920615789	802.7545846696495	-0.9722021719400118	0.9451770631248764	644414.9232081415	839.6135510565008	671.5174616371713	1.081027	25.833311	0.2796411698112961	0.1729307171615218	0.186226342	0.0359205555	0.1746000566	0.105971527	0.0937224606	-0.1344518915	-0.2106552302	-0.0004508508	0.0115838056	0.0017824099	0.0673864496	-0.1422662641	0.0013517931	0.0423222741	-0.211862158	-0.1267872679	-0.0376647724	0.1313087253	-0.0483570058	-0.1321083696	0.0121976034	0.0196832274	0.1103373392	0.0437615898	-0.0215215909	-0.0609687965	0.0291581749	0.0430531526	0.0172150109	-0.010136628	-0.0443708699	-0.0356336727	0.0442233427	0.1053445587	0.0303235057	-0.0243464658	0.0760609568	0.0519614949	0.0187035669	-0.0945745345	0.1374674988	-0.1173021544	-0.1320228812	0.175927104	0.0281648063	-0.0110746639	-0.0954505744	0.0170243895	0.0080454436	-0.0432456444	0.1053644338	0.0198144153	0.0087249722	0.0147794029	-0.0994889534	-0.2003731235	-0.0836517409	-0.0722193028	0.0991002034	0.1300467233	0.0227705272	0.0204421793	0.0365738043	-0.0474206805	0.0857399217	0.0905966913	-0.0294955985	0.0981398268	0.0145744735	-0.0163467296	0.0007636371	0.0168517368	0.1411522565	-0.0312149889	0.1370387406	-0.004875685	-0.0436672702	-0.0024789461	-0.0265534154	0.1064634196	0.0013940634	-0.0015908979	-0.0670434985	-0.0854368899	0.0244247371	0.0537325531	-0.0178388936	-0.1263970897	0.102838086	-0.0392399128	-0.0414822687	0.0674425344	-0.2351009349	-0.1210112711	0.0162926903	-0.0843732844	0.0351922285	-0.1221098442	-0.0851597914	0.0058547836	0.0753769795	0.0687109524	0.0246053529	0.0788991863	-0.0537255792	-0.1098881382	-0.0291580889	-0.0811622077	-0.0490662502	0.0152867492	-0.1036010096	-0.1174186213	-0.0656924895	-0.0231088663	-0.0456534112	-0.1285578634	0.1269376627	-0.1242524367	0.1205247148	0.1173870514304411	-0.0136463243802609	0.0001862221690913	0.013779719843533	-0.1593005240219724	-0.1571234140999848	0.025376656953675	0.0246877672584352	-0.1563817390904276	0.0131430737901254	0.0244552483209465	0.0001727403886526	0.0007028079308158	-0.0001279998385362	4.939389876175864e-07	1.6383958665318853e-08	-0.0034218414377635	-0.0011218110664983	1.1708998825195378e-05	1.2584600689180538e-06	0.00047120388241	-0.0006647562457839	2.220330987982571e-07	4.419008663087049e-07	0.0	0.0	0.0	0.0
842.9579104944899	3.0481046380637054	710578.0388652363	9.290941884585472	1167.7546714840078	11.690635050149696	1363650.9727727228	136.67094787578856	804.8266522953919	2.07206762574242	4.29346424564983	647745.9402450076	841.6805334060323	684.9786126475891	1.170315	27.967014	0.4438149811920956	0.2728879991923894	0.1017839724	-0.2138210405	0.1669675761	0.1133822583	-0.0294063705	0.0670360009	-0.2404064253	-0.0455842244	0.0810683234	0.0371445942	-0.1883587775	-0.0833804824	-0.0722094648	-0.2122445249	-0.0665911275	-0.03397815	-0.1226261273	-0.0123622937	-0.0604725222	-0.152518635	0.2175248345	0.1440879752	-0.0923013721	0.0208343045	-0.074355902	-0.0243397161	0.064456969	0.1617801451	0.0467666643	-0.1602187757	-0.1221507797	0.1183289026	-0.0637581735	-0.014583976	-0.125529364	-0.0416039501	-0.0849566104	-0.0003757233	-0.0918164309	-0.055284987	0.0433751129	-0.0372130435	-0.0184572222	-0.0120291825	0.0136324733	0.0871949786	-0.1448393637	0.1203841036	0.0203253639	-0.1153545785	0.0745071641	-0.1437376589	0.1063559862	-0.0602506376	0.1492436743	-0.1931039393	-0.0100945612	-0.0697005633	-0.0427160627	0.0802742572	-0.155074546	0.0183128326	-0.1548338823	-0.2441991667	0.036749501	-0.1392093963	0.0661927489	-0.0356389421	-0.0155605012	0.0204257815	-0.136556119	0.0298831193	0.0338521618	0.0689027125	0.0999370565	-0.0644026498	0.1106035355	0.0491560435	0.0292138406	-0.0638494728	-0.0476779132	-0.1604647523	-0.0690341961	0.0262135784	0.0847580382	0.0417010218	-0.0065357503	-0.0929298059	0.1826803289	-0.0524260417	-0.0393009974	-0.1855514981	-0.2022528354	0.0080084036	0.0968159931	-0.0444893842	-0.0743627384	-0.0602767523	-0.0345980058	-0.0372785217	-0.0712598535	0.0223780019	-0.0312573162	0.049961561	-0.0493131795	0.1811820662	0.1371363571	-0.0898695669	0.0275562586	-0.0477474421	-0.0096614773	0.0342784312	-0.1307944794	0.0026886609	-0.1410003805	-0.1288230331	0.1279949812	-0.1266188352	0.124700488	0.1106185391117691	-0.006768512318672	4.5812759008014745e-05	0.0122364611952219	0.0955875692772281	0.2548880932992005	0.0091369834003288	0.0649679401057019	-0.0931874533484986	0.063194285741929	0.0086839014615786	0.0039935177504325	5.025096915461708e-05	-0.0006525569616611	2.525159900978277e-09	4.258305882124746e-07	-0.0023079721129026	0.0011138693248608	5.326735273936092e-06	1.240704872866077e-06	0.0010840593925338	0.0006128555101238	1.1751847665407515e-06	3.755918762891032e-07	0.0	0.0	0.0	0.0
843.8132008595654	0.8552903650755752	712020.7179448653	0.7315216085911107	1169.8413677358983	2.086696251890544	1368528.825666197	4.354301247654044	806.077230500229	1.2505782048370977	1.5639458464135774	649760.5015309193	844.189540072938	704.2481233158528	1.043816	24.944065	0.1183605972268729	0.0687086736288213	0.1601411909	-0.2185639543	-0.0585441452	-0.0110298091	-0.0028151936	0.1335641073	-0.166045662	0.1209845054	0.0851383334	-0.0636328291	0.15631787	0.1195722877	-0.0935923496	-0.1630594509	-0.1064931865	0.1569592714	-0.0119619499	0.1672249791	0.0823469861	-0.0495252126	-0.1306188803	-0.0046495652	-0.0962469728	-0.1191445869	0.0587257927	0.0666522631	-0.0103836317	-0.0598395147	0.0082877478	0.1065083381	-0.0649769394	0.1049689219	-0.014491439	-0.1132908257	0.0167593898	-0.0921863662	0.0166270888	-0.0577653191	-0.0503419154	-0.1045255795	-0.0657513063	0.0071593451	0.1804278601	0.0862970993	0.0297371665	-0.1209355324	0.0183885617	-0.0590527435	-0.1430792505	-0.0432795723	-0.1567749102	-0.0275397748	-0.0464903143	-0.0139816354	0.1337317545	0.0347377322	-0.167451228	-0.1234476657	0.0432111581	0.0715194821	0.08257194	0.163099651	-0.0283962486	0.0737160607	-0.1420734797	0.0396736212	0.038858246	-0.1098663097	0.0021603575	0.0392450716	0.0688622358	0.0160407604	0.0639281235	0.1167954543	-0.2025660915	-0.0408039893	0.1039042948	-0.0236838378	0.0223095083	0.0384475883	0.0199510071	-0.0121853056	0.0751195209	-0.1069815028	0.1650629646	-0.1382692969	0.0947229331	0.0407851351	-0.0046071651	0.0586146211	-0.0242208645	-0.1096537632	-0.1266328599	-0.1242283093	-0.0014945233	0.184578428	0.0043850275	-0.0114964635	-0.015972124	0.0993116754	0.092381744	-0.0034719316	0.0333187896	-0.2599778304	0.0519759885	-0.0210779152	-0.0839676458	-0.0327824508	-0.039823079	-0.0728221672	0.0707986492	-0.0410105747	0.0402134719	-0.1446568882	-0.2883924775	-0.1289999139	0.1287014744	-0.1282045865	0.1275100165	0.1077991864384984	-0.0028193526732707	7.948749496278645e-06	0.0116206645968021	0.0574036283357486	-0.0381839409414795	0.0032951765461087	0.0014580133458223	-0.1437662714223861	-0.0505788180738875	0.0206687407986951	0.0025582168377514	4.4672770100112906e-05	-5.578199054504176e-06	1.9956563884175422e-09	3.111630469167128e-11	-0.0022689880982194	3.898401468320012e-05	5.1483069898612895e-06	1.5197534008199627e-09	0.0005930518955068	-0.000491007497027	3.517105507642085e-07	2.4108836213671936e-07	0.0	0.0	0.0	0.0
838.4509691049085	-5.362231754656932	703000.0275929602	28.75352939065116	1158.1291684602436	-11.712199275654712	1341263.1708384154	137.17561187264675	802.4130525889447	-3.664177911284355	13.42619976554418	643866.7069651084	840.5784752237759	677.7566979326241	1.150115	27.484303	0.3463176137900617	0.2619716629998374	0.1330267116	0.0203095046	0.0616509387	0.0315780296	0.088162993	-0.1241902771	-0.1265676358	-0.0238475287	0.0835460883	0.1172879585	0.293200887	-0.1095638031	0.0379992555	0.0886164231	-0.145079668	0.0111463046	0.0270081951	0.158027537	-0.1280111226	-0.1542822387	-0.0876091371	-0.1480482836	-0.1007319074	-0.0073911787	0.2045499117	0.0028637678	-0.0204640061	-0.0696823576	-0.0879166858	0.0680606966	0.0128121439	0.0646118018	-0.0404117966	0.1252642994	0.2163139322	-0.1139769912	0.0895485185	-0.0074829273	-0.0842603962	-0.0585924853	-0.0202239734	0.0479964671	0.080579082	-0.0056572053	-0.114746467	-0.1812935688	-0.0148486615	0.0931037094	0.0065628835	0.0831362533	0.0264598838	-0.0317329738	0.1059325109	0.046074242	-0.096009332	-0.033623701	-0.0811097557	-0.0789467703	0.1210634455	0.2232762705	0.0080768674	-0.0030727632	0.2305022415	0.0653122224	-0.0908887032	0.1394155516	0.0962229942	-0.2308904238	0.019110461	-0.0075249758	-0.0217943387	-0.0600279279	0.0621221753	0.0730142129	-0.0748645989	0.0865927498	-0.0963443744	0.1060870756	-0.1067033034	-0.0141754278	-0.070480288	0.0301934791	0.0448441949	-0.0467132796	0.1519904124	-0.0507886341	0.112741728	-0.0288335289	-0.0977222412	0.2163867877	0.083983838	0.0792993998	-0.2199941494	-0.2099084033	-0.1082907058	0.201794899	0.4615581225	0.0760709235	0.1367863088	-0.0195571739	0.1224188977	-0.0600531053	-0.0307818987	-0.0845828771	-0.0139455766	-0.0085834371	0.1119054341	0.1250759701	-0.0667047457	-0.0311218626	0.1100964893	0.0267152753	0.0430318722	-0.0733862218	0.0786916489	-0.1290883846	0.1290552057	-0.1289999139	0.1289225186	0.0805060194807083	-0.02729316695779	0.0007449169625858	0.0064812191726281	-0.2010652636465977	-0.2584688919823463	0.0404272402452758	0.0668061681225817	-0.1290301892976302	0.0147360821247559	0.0166487897501822	0.0002171521163875	0.0006808994974365	0.0006362267273363	4.6362412560927837e-07	4.047844485771694e-07	-0.0023018828135794	-3.289471535999986e-05	5.298664487452214e-06	1.0820622986154111e-09	0.0003457838836998	-0.000247268011807	1.195664942265168e-07	6.114146966298673e-08	0.0	0.0	0.0	0.0
