
Tue Mar 10 07:40:13 CET 2026
cd /out/sourcedata/freesurfer/sub-v1s6x0051369_ses-1
setenv SUBJECTS_DIR /out/sourcedata/freesurfer
/opt/freesurfer/bin/recon-all -autorecon-hemi lh -noparcstats -noparcstats2 -noparcstats3 -nohyporelabel -nobalabels -lh-only -openmp 16 -subjid sub-v1s6x0051369_ses-1 -sd /out/sourcedata/freesurfer

subjid sub-v1s6x0051369_ses-1
setenv SUBJECTS_DIR /out/sourcedata/freesurfer
FREESURFER_HOME /opt/freesurfer
Actual FREESURFER_HOME /opt/freesurfer
build-stamp.txt: freesurfer-linux-ubuntu22_x86_64-7.3.2-20220804-6354275
Linux dna062 5.14.0-427.37.1.el9_4.x86_64 #1 SMP PREEMPT_DYNAMIC Fri Sep 13 12:41:50 EDT 2024 x86_64 x86_64 x86_64 GNU/Linux
cputime      unlimited
filesize     unlimited
datasize     unlimited
stacksize    8192 kbytes
coredumpsize 0 kbytes
memoryuse    67108864 kbytes
vmemoryuse   unlimited
descriptors  1024 
memorylocked unlimited
maxproc      2061970 
maxlocks     unlimited
maxsignal    2061970 
maxmessage   819200 
maxnice      0 
maxrtprio    0 
maxrttime    unlimited

               total        used        free      shared  buff/cache   available
Mem:           503Gi        45Gi       409Gi        17Gi        48Gi       437Gi
Swap:             0B          0B          0B

########################################
program versions used
7.3.2 (freesurfer-linux-ubuntu22_x86_64-7.3.2-20220804-6354275)
7.3.2

ProgramName: lta_convert  ProgramArguments: lta_convert -all-info  ProgramVersion: 7.3.2  TimeStamp: 2026/03/10-06:40:13-GMT  BuildTime: Aug  4 2022 06:17:15  BuildStamp: freesurfer-linux-ubuntu22_x86_64-7.3.2-20220804-6354275  User: oesteban  Machine: dna062  Platform: Linux  PlatformVersion: 5.14.0-427.37.1.el9_4.x86_64  CompilerName: GCC  CompilerVersion: 8.4.0
ProgramName: mri_and  ProgramArguments: mri_and -all-info  ProgramVersion: 7.3.2  TimeStamp: 2026/03/10-06:40:13-GMT  BuildTime: Aug  4 2022 06:17:15  BuildStamp: freesurfer-linux-ubuntu22_x86_64-7.3.2-20220804-6354275  User: oesteban  Machine: dna062  Platform: Linux  PlatformVersion: 5.14.0-427.37.1.el9_4.x86_64  CompilerName: GCC  CompilerVersion: 8.4.0
ProgramName: mri_annotation2label  ProgramArguments: mri_annotation2label -all-info  ProgramVersion: 7.3.2  TimeStamp: 2026/03/10-06:40:13-GMT  BuildTime: Aug  4 2022 06:17:15  BuildStamp: freesurfer-linux-ubuntu22_x86_64-7.3.2-20220804-6354275  User: oesteban  Machine: dna062  Platform: Linux  PlatformVersion: 5.14.0-427.37.1.el9_4.x86_64  CompilerName: GCC  CompilerVersion: 8.4.0
ProgramName: mri_aparc2aseg  ProgramArguments: mri_aparc2aseg -all-info  ProgramVersion: 7.3.2  TimeStamp: 2026/03/10-06:40:13-GMT  BuildTime: Aug  4 2022 06:17:15  BuildStamp: freesurfer-linux-ubuntu22_x86_64-7.3.2-20220804-6354275  User: oesteban  Machine: dna062  Platform: Linux  PlatformVersion: 5.14.0-427.37.1.el9_4.x86_64  CompilerName: GCC  CompilerVersion: 8.4.0
ProgramName: mri_surf2volseg  ProgramArguments: mri_surf2volseg -all-info  ProgramVersion: 7.3.2  TimeStamp: 2026/03/10-06:40:13-GMT  BuildTime: Aug  4 2022 06:17:15  BuildStamp: freesurfer-linux-ubuntu22_x86_64-7.3.2-20220804-6354275  User: oesteban  Machine: dna062  Platform: Linux  PlatformVersion: 5.14.0-427.37.1.el9_4.x86_64  CompilerName: GCC  CompilerVersion: 8.4.0
ProgramName: mri_binarize  ProgramArguments: mri_binarize -all-info  ProgramVersion: 7.3.2  TimeStamp: 2026/03/10-06:40:13-GMT  BuildTime: Aug  4 2022 06:17:15  BuildStamp: freesurfer-linux-ubuntu22_x86_64-7.3.2-20220804-6354275  User: oesteban  Machine: dna062  Platform: Linux  PlatformVersion: 5.14.0-427.37.1.el9_4.x86_64  CompilerName: GCC  CompilerVersion: 8.4.0
ProgramName: mri_ca_label  ProgramArguments: mri_ca_label -all-info  ProgramVersion: 7.3.2  TimeStamp: 2026/03/10-06:40:13-GMT  BuildTime: Aug  4 2022 06:17:15  BuildStamp: freesurfer-linux-ubuntu22_x86_64-7.3.2-20220804-6354275  User: oesteban  Machine: dna062  Platform: Linux  PlatformVersion: 5.14.0-427.37.1.el9_4.x86_64  CompilerName: GCC  CompilerVersion: 8.4.0
ProgramName: mri_ca_normalize  ProgramArguments: mri_ca_normalize -all-info  ProgramVersion: 7.3.2  TimeStamp: 2026/03/10-06:40:13-GMT  BuildTime: Aug  4 2022 06:17:15  BuildStamp: freesurfer-linux-ubuntu22_x86_64-7.3.2-20220804-6354275  User: oesteban  Machine: dna062  Platform: Linux  PlatformVersion: 5.14.0-427.37.1.el9_4.x86_64  CompilerName: GCC  CompilerVersion: 8.4.0
ProgramName: mri_ca_register  ProgramArguments: mri_ca_register -all-info  ProgramVersion: 7.3.2  TimeStamp: 2026/03/10-06:40:13-GMT  BuildTime: Aug  4 2022 06:17:15  BuildStamp: freesurfer-linux-ubuntu22_x86_64-7.3.2-20220804-6354275  User: oesteban  Machine: dna062  Platform: Linux  PlatformVersion: 5.14.0-427.37.1.el9_4.x86_64  CompilerName: GCC  CompilerVersion: 8.4.0
ProgramName: mri_cc  ProgramArguments: mri_cc -all-info  ProgramVersion: 7.3.2  TimeStamp: 2026/03/10-06:40:13-GMT  BuildTime: Aug  4 2022 06:17:15  BuildStamp: freesurfer-linux-ubuntu22_x86_64-7.3.2-20220804-6354275  User: oesteban  Machine: dna062  Platform: Linux  PlatformVersion: 5.14.0-427.37.1.el9_4.x86_64  CompilerName: GCC  CompilerVersion: 8.4.0
ProgramName: mri_compute_overlap  ProgramArguments: mri_compute_overlap -all-info  ProgramVersion: 7.3.2  TimeStamp: 2026/03/10-06:40:13-GMT  BuildTime: Aug  4 2022 06:17:15  BuildStamp: freesurfer-linux-ubuntu22_x86_64-7.3.2-20220804-6354275  User: oesteban  Machine: dna062  Platform: Linux  PlatformVersion: 5.14.0-427.37.1.el9_4.x86_64  CompilerName: GCC  CompilerVersion: 8.4.0
ProgramName: mri_compute_seg_overlap  ProgramArguments: mri_compute_seg_overlap -all-info  ProgramVersion: 7.3.2  TimeStamp: 2026/03/10-06:40:13-GMT  BuildTime: Aug  4 2022 06:17:15  BuildStamp: freesurfer-linux-ubuntu22_x86_64-7.3.2-20220804-6354275  User: oesteban  Machine: dna062  Platform: Linux  PlatformVersion: 5.14.0-427.37.1.el9_4.x86_64  CompilerName: GCC  CompilerVersion: 8.4.0
ProgramName: mri_concat  ProgramArguments: mri_concat -all-info  ProgramVersion: 7.3.2  TimeStamp: 2026/03/10-06:40:13-GMT  BuildTime: Aug  4 2022 06:17:15  BuildStamp: freesurfer-linux-ubuntu22_x86_64-7.3.2-20220804-6354275  User: oesteban  Machine: dna062  Platform: Linux  PlatformVersion: 5.14.0-427.37.1.el9_4.x86_64  CompilerName: GCC  CompilerVersion: 8.4.0
ProgramName: mri_concatenate_lta  ProgramArguments: mri_concatenate_lta -all-info  ProgramVersion: 7.3.2  TimeStamp: 2026/03/10-06:40:13-GMT  BuildTime: Aug  4 2022 06:17:15  BuildStamp: freesurfer-linux-ubuntu22_x86_64-7.3.2-20220804-6354275  User: oesteban  Machine: dna062  Platform: Linux  PlatformVersion: 5.14.0-427.37.1.el9_4.x86_64  CompilerName: GCC  CompilerVersion: 8.4.0
mri_convert -all-info 
ProgramName: mri_convert  ProgramArguments: mri_convert -all-info  ProgramVersion: 7.3.2  TimeStamp: 2026/03/10-06:40:13-GMT  BuildTime: Aug  4 2022 06:17:15  BuildStamp: freesurfer-linux-ubuntu22_x86_64-7.3.2-20220804-6354275  User: oesteban  Machine: dna062  Platform: Linux  PlatformVersion: 5.14.0-427.37.1.el9_4.x86_64  CompilerName: GCC  CompilerVersion: 8.4.0
ProgramName: mri_diff  ProgramArguments: mri_diff -all-info  ProgramVersion: 7.3.2  TimeStamp: 2026/03/10-06:40:13-GMT  BuildTime: Aug  4 2022 06:17:15  BuildStamp: freesurfer-linux-ubuntu22_x86_64-7.3.2-20220804-6354275  User: oesteban  Machine: dna062  Platform: Linux  PlatformVersion: 5.14.0-427.37.1.el9_4.x86_64  CompilerName: GCC  CompilerVersion: 8.4.0
ProgramName: mri_edit_wm_with_aseg  ProgramArguments: mri_edit_wm_with_aseg -all-info  ProgramVersion: 7.3.2  TimeStamp: 2026/03/10-06:40:13-GMT  BuildTime: Aug  4 2022 06:17:15  BuildStamp: freesurfer-linux-ubuntu22_x86_64-7.3.2-20220804-6354275  User: oesteban  Machine: dna062  Platform: Linux  PlatformVersion: 5.14.0-427.37.1.el9_4.x86_64  CompilerName: GCC  CompilerVersion: 8.4.0
ProgramName: mri_em_register  ProgramArguments: mri_em_register -all-info  ProgramVersion: 7.3.2  TimeStamp: 2026/03/10-06:40:13-GMT  BuildTime: Aug  4 2022 06:17:15  BuildStamp: freesurfer-linux-ubuntu22_x86_64-7.3.2-20220804-6354275  User: oesteban  Machine: dna062  Platform: Linux  PlatformVersion: 5.14.0-427.37.1.el9_4.x86_64  CompilerName: GCC  CompilerVersion: 8.4.0
ProgramName: mri_fill  ProgramArguments: mri_fill -all-info  ProgramVersion: 7.3.2  TimeStamp: 2026/03/10-06:40:13-GMT  BuildTime: Aug  4 2022 06:17:15  BuildStamp: freesurfer-linux-ubuntu22_x86_64-7.3.2-20220804-6354275  User: oesteban  Machine: dna062  Platform: Linux  PlatformVersion: 5.14.0-427.37.1.el9_4.x86_64  CompilerName: GCC  CompilerVersion: 8.4.0
ProgramName: mri_fuse_segmentations  ProgramArguments: mri_fuse_segmentations -all-info  ProgramVersion: 7.3.2  TimeStamp: 2026/03/10-06:40:13-GMT  BuildTime: Aug  4 2022 06:17:15  BuildStamp: freesurfer-linux-ubuntu22_x86_64-7.3.2-20220804-6354275  User: oesteban  Machine: dna062  Platform: Linux  PlatformVersion: 5.14.0-427.37.1.el9_4.x86_64  CompilerName: GCC  CompilerVersion: 8.4.0
ProgramName: mri_fwhm  ProgramArguments: mri_fwhm -all-info  ProgramVersion: 7.3.2  TimeStamp: 2026/03/10-06:40:13-GMT  BuildTime: Aug  4 2022 06:17:15  BuildStamp: freesurfer-linux-ubuntu22_x86_64-7.3.2-20220804-6354275  User: oesteban  Machine: dna062  Platform: Linux  PlatformVersion: 5.14.0-427.37.1.el9_4.x86_64  CompilerName: GCC  CompilerVersion: 8.4.0
ProgramName: mri_gcut  ProgramArguments: mri_gcut -all-info  ProgramVersion: 7.3.2  TimeStamp: 2026/03/10-06:40:13-GMT  BuildTime: Aug  4 2022 06:17:15  BuildStamp: freesurfer-linux-ubuntu22_x86_64-7.3.2-20220804-6354275  User: oesteban  Machine: dna062  Platform: Linux  PlatformVersion: 5.14.0-427.37.1.el9_4.x86_64  CompilerName: GCC  CompilerVersion: 8.4.0
ProgramName: mri_info  ProgramArguments: mri_info -all-info  ProgramVersion: 7.3.2  TimeStamp: 2026/03/10-06:40:13-GMT  BuildTime: Aug  4 2022 06:17:15  BuildStamp: freesurfer-linux-ubuntu22_x86_64-7.3.2-20220804-6354275  User: oesteban  Machine: dna062  Platform: Linux  PlatformVersion: 5.14.0-427.37.1.el9_4.x86_64  CompilerName: GCC  CompilerVersion: 8.4.0
ProgramName: mri_label2label  ProgramArguments: mri_label2label -all-info  ProgramVersion: 7.3.2  TimeStamp: 2026/03/10-06:40:13-GMT  BuildTime: Aug  4 2022 06:17:15  BuildStamp: freesurfer-linux-ubuntu22_x86_64-7.3.2-20220804-6354275  User: oesteban  Machine: dna062  Platform: Linux  PlatformVersion: 5.14.0-427.37.1.el9_4.x86_64  CompilerName: GCC  CompilerVersion: 8.4.0
ProgramName: mri_label2vol  ProgramArguments: mri_label2vol -all-info  ProgramVersion: 7.3.2  TimeStamp: 2026/03/10-06:40:13-GMT  BuildTime: Aug  4 2022 06:17:15  BuildStamp: freesurfer-linux-ubuntu22_x86_64-7.3.2-20220804-6354275  User: oesteban  Machine: dna062  Platform: Linux  PlatformVersion: 5.14.0-427.37.1.el9_4.x86_64  CompilerName: GCC  CompilerVersion: 8.4.0
ProgramName: mri_log_likelihood  ProgramArguments: mri_log_likelihood -all-info  ProgramVersion: 7.3.2  TimeStamp: 2026/03/10-06:40:13-GMT  BuildTime: Aug  4 2022 06:17:15  BuildStamp: freesurfer-linux-ubuntu22_x86_64-7.3.2-20220804-6354275  User: oesteban  Machine: dna062  Platform: Linux  PlatformVersion: 5.14.0-427.37.1.el9_4.x86_64  CompilerName: GCC  CompilerVersion: 8.4.0
ProgramName: mri_mask  ProgramArguments: mri_mask -all-info  ProgramVersion: 7.3.2  TimeStamp: 2026/03/10-06:40:13-GMT  BuildTime: Aug  4 2022 06:17:15  BuildStamp: freesurfer-linux-ubuntu22_x86_64-7.3.2-20220804-6354275  User: oesteban  Machine: dna062  Platform: Linux  PlatformVersion: 5.14.0-427.37.1.el9_4.x86_64  CompilerName: GCC  CompilerVersion: 8.4.0
ProgramName: mri_matrix_multiply  ProgramArguments: mri_matrix_multiply -all-info  ProgramVersion: 7.3.2  TimeStamp: 2026/03/10-06:40:13-GMT  BuildTime: Aug  4 2022 06:17:15  BuildStamp: freesurfer-linux-ubuntu22_x86_64-7.3.2-20220804-6354275  User: oesteban  Machine: dna062  Platform: Linux  PlatformVersion: 5.14.0-427.37.1.el9_4.x86_64  CompilerName: GCC  CompilerVersion: 8.4.0
ProgramName: mri_normalize  ProgramArguments: mri_normalize -all-info  ProgramVersion: 7.3.2  TimeStamp: 2026/03/10-06:40:13-GMT  BuildTime: Aug  4 2022 06:17:15  BuildStamp: freesurfer-linux-ubuntu22_x86_64-7.3.2-20220804-6354275  User: oesteban  Machine: dna062  Platform: Linux  PlatformVersion: 5.14.0-427.37.1.el9_4.x86_64  CompilerName: GCC  CompilerVersion: 8.4.0
ProgramName: mri_normalize_tp2  ProgramArguments: mri_normalize_tp2 -all-info  ProgramVersion: 7.3.2  TimeStamp: 2026/03/10-06:40:13-GMT  BuildTime: Aug  4 2022 06:17:15  BuildStamp: freesurfer-linux-ubuntu22_x86_64-7.3.2-20220804-6354275  User: oesteban  Machine: dna062  Platform: Linux  PlatformVersion: 5.14.0-427.37.1.el9_4.x86_64  CompilerName: GCC  CompilerVersion: 8.4.0
ProgramName: mri_or  ProgramArguments: mri_or -all-info  ProgramVersion: 7.3.2  TimeStamp: 2026/03/10-06:40:13-GMT  BuildTime: Aug  4 2022 06:17:15  BuildStamp: freesurfer-linux-ubuntu22_x86_64-7.3.2-20220804-6354275  User: oesteban  Machine: dna062  Platform: Linux  PlatformVersion: 5.14.0-427.37.1.el9_4.x86_64  CompilerName: GCC  CompilerVersion: 8.4.0
ProgramName: mri_relabel_hypointensities  ProgramArguments: mri_relabel_hypointensities -all-info  ProgramVersion: 7.3.2  TimeStamp: 2026/03/10-06:40:13-GMT  BuildTime: Aug  4 2022 06:17:15  BuildStamp: freesurfer-linux-ubuntu22_x86_64-7.3.2-20220804-6354275  User: oesteban  Machine: dna062  Platform: Linux  PlatformVersion: 5.14.0-427.37.1.el9_4.x86_64  CompilerName: GCC  CompilerVersion: 8.4.0
ProgramName: mri_relabel_nonwm_hypos  ProgramArguments: mri_relabel_nonwm_hypos -all-info  ProgramVersion: 7.3.2  TimeStamp: 2026/03/10-06:40:13-GMT  BuildTime: Aug  4 2022 06:17:15  BuildStamp: freesurfer-linux-ubuntu22_x86_64-7.3.2-20220804-6354275  User: oesteban  Machine: dna062  Platform: Linux  PlatformVersion: 5.14.0-427.37.1.el9_4.x86_64  CompilerName: GCC  CompilerVersion: 8.4.0
ProgramName: mri_remove_neck  ProgramArguments: mri_remove_neck -all-info  ProgramVersion: 7.3.2  TimeStamp: 2026/03/10-06:40:13-GMT  BuildTime: Aug  4 2022 06:17:15  BuildStamp: freesurfer-linux-ubuntu22_x86_64-7.3.2-20220804-6354275  User: oesteban  Machine: dna062  Platform: Linux  PlatformVersion: 5.14.0-427.37.1.el9_4.x86_64  CompilerName: GCC  CompilerVersion: 8.4.0
7.3.2

ProgramName: mri_robust_register  ProgramArguments: mri_robust_register -all-info  ProgramVersion: 7.3.2  TimeStamp: 2026/03/10-06:40:13-GMT  BuildTime: Aug  4 2022 06:17:15  BuildStamp: freesurfer-linux-ubuntu22_x86_64-7.3.2-20220804-6354275  User: oesteban  Machine: dna062  Platform: Linux  PlatformVersion: 5.14.0-427.37.1.el9_4.x86_64  CompilerName: GCC  CompilerVersion: 8.4.0
7.3.2

ProgramName: mri_robust_template  ProgramArguments: mri_robust_template -all-info  ProgramVersion: 7.3.2  TimeStamp: 2026/03/10-06:40:13-GMT  BuildTime: Aug  4 2022 06:17:15  BuildStamp: freesurfer-linux-ubuntu22_x86_64-7.3.2-20220804-6354275  User: oesteban  Machine: dna062  Platform: Linux  PlatformVersion: 5.14.0-427.37.1.el9_4.x86_64  CompilerName: GCC  CompilerVersion: 8.4.0
ProgramName: mris_anatomical_stats  ProgramArguments: mris_anatomical_stats -all-info  ProgramVersion: 7.3.2  TimeStamp: 2026/03/10-06:40:13-GMT  BuildTime: Aug  4 2022 06:17:15  BuildStamp: freesurfer-linux-ubuntu22_x86_64-7.3.2-20220804-6354275  User: oesteban  Machine: dna062  Platform: Linux  PlatformVersion: 5.14.0-427.37.1.el9_4.x86_64  CompilerName: GCC  CompilerVersion: 8.4.0
ProgramName: mris_ca_label  ProgramArguments: mris_ca_label -all-info  ProgramVersion: 7.3.2  TimeStamp: 2026/03/10-06:40:13-GMT  BuildTime: Aug  4 2022 06:17:15  BuildStamp: freesurfer-linux-ubuntu22_x86_64-7.3.2-20220804-6354275  User: oesteban  Machine: dna062  Platform: Linux  PlatformVersion: 5.14.0-427.37.1.el9_4.x86_64  CompilerName: GCC  CompilerVersion: 8.4.0
ProgramName: mris_calc  ProgramArguments: mris_calc -all-info  ProgramVersion: 7.3.2  TimeStamp: 2026/03/10-06:40:13-GMT  BuildTime: Aug  4 2022 06:17:15  BuildStamp: freesurfer-linux-ubuntu22_x86_64-7.3.2-20220804-6354275  User: oesteban  Machine: dna062  Platform: Linux  PlatformVersion: 5.14.0-427.37.1.el9_4.x86_64  CompilerName: GCC  CompilerVersion: 8.4.0
ProgramName: mris_convert  ProgramArguments: mris_convert -all-info  ProgramVersion: 7.3.2  TimeStamp: 2026/03/10-06:40:13-GMT  BuildTime: Aug  4 2022 06:17:15  BuildStamp: freesurfer-linux-ubuntu22_x86_64-7.3.2-20220804-6354275  User: oesteban  Machine: dna062  Platform: Linux  PlatformVersion: 5.14.0-427.37.1.el9_4.x86_64  CompilerName: GCC  CompilerVersion: 8.4.0
ProgramName: mris_curvature  ProgramArguments: mris_curvature -all-info  ProgramVersion: 7.3.2  TimeStamp: 2026/03/10-06:40:13-GMT  BuildTime: Aug  4 2022 06:17:15  BuildStamp: freesurfer-linux-ubuntu22_x86_64-7.3.2-20220804-6354275  User: oesteban  Machine: dna062  Platform: Linux  PlatformVersion: 5.14.0-427.37.1.el9_4.x86_64  CompilerName: GCC  CompilerVersion: 8.4.0
ProgramName: mris_curvature_stats  ProgramArguments: mris_curvature_stats -all-info  ProgramVersion: 7.3.2  TimeStamp: 2026/03/10-06:40:13-GMT  BuildTime: Aug  4 2022 06:17:15  BuildStamp: freesurfer-linux-ubuntu22_x86_64-7.3.2-20220804-6354275  User: oesteban  Machine: dna062  Platform: Linux  PlatformVersion: 5.14.0-427.37.1.el9_4.x86_64  CompilerName: GCC  CompilerVersion: 8.4.0
ProgramName: mris_diff  ProgramArguments: mris_diff -all-info  ProgramVersion: 7.3.2  TimeStamp: 2026/03/10-06:40:13-GMT  BuildTime: Aug  4 2022 06:17:15  BuildStamp: freesurfer-linux-ubuntu22_x86_64-7.3.2-20220804-6354275  User: oesteban  Machine: dna062  Platform: Linux  PlatformVersion: 5.14.0-427.37.1.el9_4.x86_64  CompilerName: GCC  CompilerVersion: 8.4.0
ProgramName: mris_divide_parcellation  ProgramArguments: mris_divide_parcellation -all-info  ProgramVersion: 7.3.2  TimeStamp: 2026/03/10-06:40:13-GMT  BuildTime: Aug  4 2022 06:17:15  BuildStamp: freesurfer-linux-ubuntu22_x86_64-7.3.2-20220804-6354275  User: oesteban  Machine: dna062  Platform: Linux  PlatformVersion: 5.14.0-427.37.1.el9_4.x86_64  CompilerName: GCC  CompilerVersion: 8.4.0
ProgramName: mri_segment  ProgramArguments: mri_segment -all-info  ProgramVersion: 7.3.2  TimeStamp: 2026/03/10-06:40:13-GMT  BuildTime: Aug  4 2022 06:17:15  BuildStamp: freesurfer-linux-ubuntu22_x86_64-7.3.2-20220804-6354275  User: oesteban  Machine: dna062  Platform: Linux  PlatformVersion: 5.14.0-427.37.1.el9_4.x86_64  CompilerName: GCC  CompilerVersion: 8.4.0
ProgramName: mri_segstats  ProgramArguments: mri_segstats -all-info  ProgramVersion: 7.3.2  TimeStamp: 2026/03/10-06:40:13-GMT  BuildTime: Aug  4 2022 06:17:15  BuildStamp: freesurfer-linux-ubuntu22_x86_64-7.3.2-20220804-6354275  User: oesteban  Machine: dna062  Platform: Linux  PlatformVersion: 5.14.0-427.37.1.el9_4.x86_64  CompilerName: GCC  CompilerVersion: 8.4.0
ProgramName: mris_euler_number  ProgramArguments: mris_euler_number -all-info  ProgramVersion: 7.3.2  TimeStamp: 2026/03/10-06:40:13-GMT  BuildTime: Aug  4 2022 06:17:15  BuildStamp: freesurfer-linux-ubuntu22_x86_64-7.3.2-20220804-6354275  User: oesteban  Machine: dna062  Platform: Linux  PlatformVersion: 5.14.0-427.37.1.el9_4.x86_64  CompilerName: GCC  CompilerVersion: 8.4.0
ProgramName: mris_fix_topology  ProgramArguments: mris_fix_topology -all-info  ProgramVersion: 7.3.2  TimeStamp: 2026/03/10-06:40:13-GMT  BuildTime: Aug  4 2022 06:17:15  BuildStamp: freesurfer-linux-ubuntu22_x86_64-7.3.2-20220804-6354275  User: oesteban  Machine: dna062  Platform: Linux  PlatformVersion: 5.14.0-427.37.1.el9_4.x86_64  CompilerName: GCC  CompilerVersion: 8.4.0
ProgramName: mris_topo_fixer  ProgramArguments: mris_topo_fixer -all-info  ProgramVersion: 7.3.2  TimeStamp: 2026/03/10-06:40:13-GMT  BuildTime: Aug  4 2022 06:17:15  BuildStamp: freesurfer-linux-ubuntu22_x86_64-7.3.2-20220804-6354275  User: oesteban  Machine: dna062  Platform: Linux  PlatformVersion: 5.14.0-427.37.1.el9_4.x86_64  CompilerName: GCC  CompilerVersion: 8.4.0
ProgramName: mris_jacobian  ProgramArguments: mris_jacobian -all-info  ProgramVersion: 7.3.2  TimeStamp: 2026/03/10-06:40:13-GMT  BuildTime: Aug  4 2022 06:17:15  BuildStamp: freesurfer-linux-ubuntu22_x86_64-7.3.2-20220804-6354275  User: oesteban  Machine: dna062  Platform: Linux  PlatformVersion: 5.14.0-427.37.1.el9_4.x86_64  CompilerName: GCC  CompilerVersion: 8.4.0
ProgramName: mris_label2annot  ProgramArguments: mris_label2annot -all-info  ProgramVersion: 7.3.2  TimeStamp: 2026/03/10-06:40:13-GMT  BuildTime: Aug  4 2022 06:17:15  BuildStamp: freesurfer-linux-ubuntu22_x86_64-7.3.2-20220804-6354275  User: oesteban  Machine: dna062  Platform: Linux  PlatformVersion: 5.14.0-427.37.1.el9_4.x86_64  CompilerName: GCC  CompilerVersion: 8.4.0
ProgramName: mris_left_right_register  ProgramArguments: mris_left_right_register -all-info  ProgramVersion: 7.3.2  TimeStamp: 2026/03/10-06:40:13-GMT  BuildTime: Aug  4 2022 06:17:15  BuildStamp: freesurfer-linux-ubuntu22_x86_64-7.3.2-20220804-6354275  User: oesteban  Machine: dna062  Platform: Linux  PlatformVersion: 5.14.0-427.37.1.el9_4.x86_64  CompilerName: GCC  CompilerVersion: 8.4.0
ProgramName: mris_place_surface  ProgramArguments: mris_place_surface -all-info  ProgramVersion: 7.3.2  TimeStamp: 2026/03/10-06:40:13-GMT  BuildTime: Aug  4 2022 06:17:15  BuildStamp: freesurfer-linux-ubuntu22_x86_64-7.3.2-20220804-6354275  User: oesteban  Machine: dna062  Platform: Linux  PlatformVersion: 5.14.0-427.37.1.el9_4.x86_64  CompilerName: GCC  CompilerVersion: 8.4.0
ProgramName: mrisp_paint  ProgramArguments: mrisp_paint -all-info  ProgramVersion: 7.3.2  TimeStamp: 2026/03/10-06:40:13-GMT  BuildTime: Aug  4 2022 06:17:15  BuildStamp: freesurfer-linux-ubuntu22_x86_64-7.3.2-20220804-6354275  User: oesteban  Machine: dna062  Platform: Linux  PlatformVersion: 5.14.0-427.37.1.el9_4.x86_64  CompilerName: GCC  CompilerVersion: 8.4.0
ProgramName: mris_register  ProgramArguments: mris_register -all-info  ProgramVersion: 7.3.2  TimeStamp: 2026/03/10-06:40:13-GMT  BuildTime: Aug  4 2022 06:17:15  BuildStamp: freesurfer-linux-ubuntu22_x86_64-7.3.2-20220804-6354275  User: oesteban  Machine: dna062  Platform: Linux  PlatformVersion: 5.14.0-427.37.1.el9_4.x86_64  CompilerName: GCC  CompilerVersion: 8.4.0
ProgramName: mris_smooth  ProgramArguments: mris_smooth -all-info  ProgramVersion: 7.3.2  TimeStamp: 2026/03/10-06:40:13-GMT  BuildTime: Aug  4 2022 06:17:15  BuildStamp: freesurfer-linux-ubuntu22_x86_64-7.3.2-20220804-6354275  User: oesteban  Machine: dna062  Platform: Linux  PlatformVersion: 5.14.0-427.37.1.el9_4.x86_64  CompilerName: GCC  CompilerVersion: 8.4.0
ProgramName: mris_sphere  ProgramArguments: mris_sphere -all-info  ProgramVersion: 7.3.2  TimeStamp: 2026/03/10-06:40:13-GMT  BuildTime: Aug  4 2022 06:17:15  BuildStamp: freesurfer-linux-ubuntu22_x86_64-7.3.2-20220804-6354275  User: oesteban  Machine: dna062  Platform: Linux  PlatformVersion: 5.14.0-427.37.1.el9_4.x86_64  CompilerName: GCC  CompilerVersion: 8.4.0
ProgramName: mris_surface_stats  ProgramArguments: mris_surface_stats -all-info  ProgramVersion: 7.3.2  TimeStamp: 2026/03/10-06:40:13-GMT  BuildTime: Aug  4 2022 06:17:15  BuildStamp: freesurfer-linux-ubuntu22_x86_64-7.3.2-20220804-6354275  User: oesteban  Machine: dna062  Platform: Linux  PlatformVersion: 5.14.0-427.37.1.el9_4.x86_64  CompilerName: GCC  CompilerVersion: 8.4.0
ProgramName: mri_stats2seg  ProgramArguments: mri_stats2seg -all-info  ProgramVersion: 7.3.2  TimeStamp: 2026/03/10-06:40:13-GMT  BuildTime: Aug  4 2022 06:17:15  BuildStamp: freesurfer-linux-ubuntu22_x86_64-7.3.2-20220804-6354275  User: oesteban  Machine: dna062  Platform: Linux  PlatformVersion: 5.14.0-427.37.1.el9_4.x86_64  CompilerName: GCC  CompilerVersion: 8.4.0
ProgramName: mris_thickness  ProgramArguments: mris_thickness -all-info  ProgramVersion: 7.3.2  TimeStamp: 2026/03/10-06:40:13-GMT  BuildTime: Aug  4 2022 06:17:15  BuildStamp: freesurfer-linux-ubuntu22_x86_64-7.3.2-20220804-6354275  User: oesteban  Machine: dna062  Platform: Linux  PlatformVersion: 5.14.0-427.37.1.el9_4.x86_64  CompilerName: GCC  CompilerVersion: 8.4.0
ProgramName: mris_thickness_diff  ProgramArguments: mris_thickness_diff -all-info  ProgramVersion: 7.3.2  TimeStamp: 2026/03/10-06:40:13-GMT  BuildTime: Aug  4 2022 06:17:15  BuildStamp: freesurfer-linux-ubuntu22_x86_64-7.3.2-20220804-6354275  User: oesteban  Machine: dna062  Platform: Linux  PlatformVersion: 5.14.0-427.37.1.el9_4.x86_64  CompilerName: GCC  CompilerVersion: 8.4.0
ProgramName: mris_topo_fixer  ProgramArguments: mris_topo_fixer -all-info  ProgramVersion: 7.3.2  TimeStamp: 2026/03/10-06:40:13-GMT  BuildTime: Aug  4 2022 06:17:15  BuildStamp: freesurfer-linux-ubuntu22_x86_64-7.3.2-20220804-6354275  User: oesteban  Machine: dna062  Platform: Linux  PlatformVersion: 5.14.0-427.37.1.el9_4.x86_64  CompilerName: GCC  CompilerVersion: 8.4.0
ProgramName: mri_surf2surf  ProgramArguments: mri_surf2surf -all-info  ProgramVersion: 7.3.2  TimeStamp: 2026/03/10-06:40:13-GMT  BuildTime: Aug  4 2022 06:17:15  BuildStamp: freesurfer-linux-ubuntu22_x86_64-7.3.2-20220804-6354275  User: oesteban  Machine: dna062  Platform: Linux  PlatformVersion: 5.14.0-427.37.1.el9_4.x86_64  CompilerName: GCC  CompilerVersion: 8.4.0
ProgramName: mri_surf2vol  ProgramArguments: mri_surf2vol -all-info  ProgramVersion: 7.3.2  TimeStamp: 2026/03/10-06:40:13-GMT  BuildTime: Aug  4 2022 06:17:15  BuildStamp: freesurfer-linux-ubuntu22_x86_64-7.3.2-20220804-6354275  User: oesteban  Machine: dna062  Platform: Linux  PlatformVersion: 5.14.0-427.37.1.el9_4.x86_64  CompilerName: GCC  CompilerVersion: 8.4.0
ProgramName: mri_surfcluster  ProgramArguments: mri_surfcluster -all-info  ProgramVersion: 7.3.2  TimeStamp: 2026/03/10-06:40:13-GMT  BuildTime: Aug  4 2022 06:17:15  BuildStamp: freesurfer-linux-ubuntu22_x86_64-7.3.2-20220804-6354275  User: oesteban  Machine: dna062  Platform: Linux  PlatformVersion: 5.14.0-427.37.1.el9_4.x86_64  CompilerName: GCC  CompilerVersion: 8.4.0
ProgramName: mris_volmask  ProgramArguments: mris_volmask -all-info  ProgramVersion: 7.3.2  TimeStamp: 2026/03/10-06:40:13-GMT  BuildTime: Aug  4 2022 06:17:15  BuildStamp: freesurfer-linux-ubuntu22_x86_64-7.3.2-20220804-6354275  User: oesteban  Machine: dna062  Platform: Linux  PlatformVersion: 5.14.0-427.37.1.el9_4.x86_64  CompilerName: GCC  CompilerVersion: 8.4.0
ProgramName: mri_tessellate  ProgramArguments: mri_tessellate -all-info  ProgramVersion: 7.3.2  TimeStamp: 2026/03/10-06:40:13-GMT  BuildTime: Aug  4 2022 06:17:15  BuildStamp: freesurfer-linux-ubuntu22_x86_64-7.3.2-20220804-6354275  User: oesteban  Machine: dna062  Platform: Linux  PlatformVersion: 5.14.0-427.37.1.el9_4.x86_64  CompilerName: GCC  CompilerVersion: 8.4.0
ProgramName: mri_vol2surf  ProgramArguments: mri_vol2surf -all-info  ProgramVersion: 7.3.2  TimeStamp: 2026/03/10-06:40:13-GMT  BuildTime: Aug  4 2022 06:17:15  BuildStamp: freesurfer-linux-ubuntu22_x86_64-7.3.2-20220804-6354275  User: oesteban  Machine: dna062  Platform: Linux  PlatformVersion: 5.14.0-427.37.1.el9_4.x86_64  CompilerName: GCC  CompilerVersion: 8.4.0
ProgramName: mri_vol2vol  ProgramArguments: mri_vol2vol -all-info  ProgramVersion: 7.3.2  TimeStamp: 2026/03/10-06:40:13-GMT  BuildTime: Aug  4 2022 06:17:15  BuildStamp: freesurfer-linux-ubuntu22_x86_64-7.3.2-20220804-6354275  User: oesteban  Machine: dna062  Platform: Linux  PlatformVersion: 5.14.0-427.37.1.el9_4.x86_64  CompilerName: GCC  CompilerVersion: 8.4.0
ProgramName: mri_voldiff  ProgramArguments: mri_voldiff -all-info  ProgramVersion: 7.3.2  TimeStamp: 2026/03/10-06:40:13-GMT  BuildTime: Aug  4 2022 06:17:15  BuildStamp: freesurfer-linux-ubuntu22_x86_64-7.3.2-20220804-6354275  User: oesteban  Machine: dna062  Platform: Linux  PlatformVersion: 5.14.0-427.37.1.el9_4.x86_64  CompilerName: GCC  CompilerVersion: 8.4.0
ProgramName: mri_watershed  ProgramArguments: mri_watershed -all-info  ProgramVersion: 7.3.2  TimeStamp: 2026/03/10-06:40:13-GMT  BuildTime: Aug  4 2022 06:17:15  BuildStamp: freesurfer-linux-ubuntu22_x86_64-7.3.2-20220804-6354275  User: oesteban  Machine: dna062  Platform: Linux  PlatformVersion: 5.14.0-427.37.1.el9_4.x86_64  CompilerName: GCC  CompilerVersion: 8.4.0
ProgramName: tkregister2  ProgramArguments: tkregister2_cmdl -all-info  ProgramVersion: 7.3.2  TimeStamp: 2026/03/10-06:40:13-GMT  BuildTime: Aug  4 2022 06:17:15  BuildStamp: freesurfer-linux-ubuntu22_x86_64-7.3.2-20220804-6354275  User: oesteban  Machine: dna062  Platform: Linux  PlatformVersion: 5.14.0-427.37.1.el9_4.x86_64  CompilerName: GCC  CompilerVersion: 8.4.0
mri_motion_correct.fsl 7.3.2
mri_convert -all-info 
ProgramName: mri_convert  ProgramArguments: mri_convert -all-info  ProgramVersion: 7.3.2  TimeStamp: 2026/03/10-06:40:13-GMT  BuildTime: Aug  4 2022 06:17:15  BuildStamp: freesurfer-linux-ubuntu22_x86_64-7.3.2-20220804-6354275  User: oesteban  Machine: dna062  Platform: Linux  PlatformVersion: 5.14.0-427.37.1.el9_4.x86_64  CompilerName: GCC  CompilerVersion: 8.4.0
Program nu_correct, built from:
Package MNI N3, version 1.12.0, compiled by nicks@terrier (x86_64-unknown-linux-gnu) on 2015-06-19 at 01:25:34
#######################################
GCADIR /opt/freesurfer/average
GCA RB_all_2020-01-02.gca
GCASkull RB_all_withskull_2020_01_02.gca
AvgCurvTif folding.atlas.acfb40.noaparc.i12.2016-08-02.tif
GCSDIR /opt/freesurfer/average
GCS DKaparc.atlas.acfb40.noaparc.i12.2016-08-02.gcs
#######################################
#--------------------------------------------
#@# Tessellate lh Tue Mar 10 07:40:13 CET 2026
/out/sourcedata/freesurfer/sub-v1s6x0051369_ses-1/scripts

 mri_pretess ../mri/filled.mgz 255 ../mri/norm.mgz ../mri/filled-pretess255.mgz 


Iteration Number : 1
pass   1 (xy+):   1 found -   1 modified     |    TOTAL:   1
pass   2 (xy+):   0 found -   1 modified     |    TOTAL:   1
pass   1 (xy-):   2 found -   2 modified     |    TOTAL:   3
pass   2 (xy-):   0 found -   2 modified     |    TOTAL:   3
pass   1 (yz+):   4 found -   4 modified     |    TOTAL:   7
pass   2 (yz+):   0 found -   4 modified     |    TOTAL:   7
pass   1 (yz-):   2 found -   2 modified     |    TOTAL:   9
pass   2 (yz-):   0 found -   2 modified     |    TOTAL:   9
pass   1 (xz+):   3 found -   3 modified     |    TOTAL:  12
pass   2 (xz+):   0 found -   3 modified     |    TOTAL:  12
pass   1 (xz-):   1 found -   1 modified     |    TOTAL:  13
pass   2 (xz-):   0 found -   1 modified     |    TOTAL:  13
Iteration Number : 1
pass   1 (+++):   0 found -   0 modified     |    TOTAL:   0
pass   1 (+++):   2 found -   2 modified     |    TOTAL:   2
pass   2 (+++):   0 found -   2 modified     |    TOTAL:   2
pass   1 (+++):   2 found -   2 modified     |    TOTAL:   4
pass   2 (+++):   0 found -   2 modified     |    TOTAL:   4
pass   1 (+++):   0 found -   0 modified     |    TOTAL:   4
Iteration Number : 1
pass   1 (++):   0 found -   0 modified     |    TOTAL:   0
pass   1 (+-):   4 found -   4 modified     |    TOTAL:   4
pass   2 (+-):   0 found -   4 modified     |    TOTAL:   4
pass   1 (--):   0 found -   0 modified     |    TOTAL:   4
pass   1 (-+):   2 found -   2 modified     |    TOTAL:   6
pass   2 (-+):   0 found -   2 modified     |    TOTAL:   6
Iteration Number : 2
pass   1 (xy+):   0 found -   0 modified     |    TOTAL:   0
pass   1 (xy-):   0 found -   0 modified     |    TOTAL:   0
pass   1 (yz+):   0 found -   0 modified     |    TOTAL:   0
pass   1 (yz-):   0 found -   0 modified     |    TOTAL:   0
pass   1 (xz+):   0 found -   0 modified     |    TOTAL:   0
pass   1 (xz-):   0 found -   0 modified     |    TOTAL:   0
Iteration Number : 2
pass   1 (+++):   0 found -   0 modified     |    TOTAL:   0
pass   1 (+++):   0 found -   0 modified     |    TOTAL:   0
pass   1 (+++):   0 found -   0 modified     |    TOTAL:   0
pass   1 (+++):   0 found -   0 modified     |    TOTAL:   0
Iteration Number : 2
pass   1 (++):   0 found -   0 modified     |    TOTAL:   0
pass   1 (+-):   0 found -   0 modified     |    TOTAL:   0
pass   1 (--):   0 found -   0 modified     |    TOTAL:   0
pass   1 (-+):   0 found -   0 modified     |    TOTAL:   0

Total Number of Modified Voxels = 23 (out of 284328: 0.008089)
Ambiguous edge configurations... 

mri_pretess done


 mri_tessellate ../mri/filled-pretess255.mgz 255 ../surf/lh.orig.nofix 

7.3.2
  7.3.2
slice 40: 1263 vertices, 1360 faces
slice 50: 6764 vertices, 7025 faces
slice 60: 14788 vertices, 15093 faces
slice 70: 25184 vertices, 25593 faces
slice 80: 36747 vertices, 37147 faces
slice 90: 47968 vertices, 48297 faces
slice 100: 59873 vertices, 60308 faces
slice 110: 72895 vertices, 73289 faces
slice 120: 85859 vertices, 86302 faces
slice 130: 98441 vertices, 98863 faces
slice 140: 110069 vertices, 110479 faces
slice 150: 120414 vertices, 120779 faces
slice 160: 128130 vertices, 128415 faces
slice 170: 135853 vertices, 136127 faces
slice 180: 143163 vertices, 143429 faces
slice 190: 148271 vertices, 148439 faces
slice 200: 150190 vertices, 150222 faces
slice 210: 150196 vertices, 150224 faces
slice 220: 150196 vertices, 150224 faces
slice 230: 150196 vertices, 150224 faces
slice 240: 150196 vertices, 150224 faces
slice 250: 150196 vertices, 150224 faces
using the conformed surface RAS to save vertex points...
writing ../surf/lh.orig.nofix
using vox2ras matrix:
-1.00000   0.00000   0.00000   128.00000;
 0.00000   0.00000   1.00000  -128.00000;
 0.00000  -1.00000   0.00000   128.00000;
 0.00000   0.00000   0.00000   1.00000;

 rm -f ../mri/filled-pretess255.mgz 


 mris_extract_main_component ../surf/lh.orig.nofix ../surf/lh.orig.nofix 


counting number of connected components...
   150196 voxel in cpt #1: X=-28 [v=150196,e=450672,f=300448] located at (-31.870596, -16.265566, 34.706085)
For the whole surface: X=-28 [v=150196,e=450672,f=300448]
One single component has been found
nothing to do
done

#--------------------------------------------
#@# Smooth1 lh Tue Mar 10 07:40:17 CET 2026
/out/sourcedata/freesurfer/sub-v1s6x0051369_ses-1/scripts

 mris_smooth -nw -seed 1234 ../surf/lh.orig.nofix ../surf/lh.smoothwm.nofix 

setting seed for random number generator to 1234
smoothing surface tessellation for 10 iterations...
smoothing complete - recomputing first and second fundamental forms...
#--------------------------------------------
#@# Inflation1 lh Tue Mar 10 07:40:20 CET 2026
/out/sourcedata/freesurfer/sub-v1s6x0051369_ses-1/scripts

 mris_inflate -no-save-sulc ../surf/lh.smoothwm.nofix ../surf/lh.inflated.nofix 

Not saving sulc
Reading ../surf/lh.smoothwm.nofix
avg radius = 47.2 mm, total surface area = 79557 mm^2
step 000: RMS=0.153 (target=0.015)   step 005: RMS=0.115 (target=0.015)   step 010: RMS=0.085 (target=0.015)   step 015: RMS=0.070 (target=0.015)   step 020: RMS=0.060 (target=0.015)   step 025: RMS=0.052 (target=0.015)   step 030: RMS=0.046 (target=0.015)   step 035: RMS=0.041 (target=0.015)   step 040: RMS=0.038 (target=0.015)   step 045: RMS=0.036 (target=0.015)   step 050: RMS=0.035 (target=0.015)   step 055: RMS=0.035 (target=0.015)   step 060: RMS=0.034 (target=0.015)   writing inflated surface to ../surf/lh.inflated.nofix
inflation took 0.2 minutes

inflation complete.
Not saving sulc
mris_inflate utimesec    59.576088
mris_inflate stimesec    1.820833
mris_inflate ru_maxrss   238572
mris_inflate ru_ixrss    0
mris_inflate ru_idrss    0
mris_inflate ru_isrss    0
mris_inflate ru_minflt   570206
mris_inflate ru_majflt   35
mris_inflate ru_nswap    0
mris_inflate ru_inblock  1672
mris_inflate ru_oublock  10568
mris_inflate ru_msgsnd   0
mris_inflate ru_msgrcv   0
mris_inflate ru_nsignals 0
mris_inflate ru_nvcsw    5531
mris_inflate ru_nivcsw   618
#--------------------------------------------
#@# QSphere lh Tue Mar 10 07:40:35 CET 2026
/out/sourcedata/freesurfer/sub-v1s6x0051369_ses-1/scripts

 mris_sphere -q -p 6 -a 128 -seed 1234 ../surf/lh.inflated.nofix ../surf/lh.qsphere.nofix 

doing quick spherical unfolding.
limitting unfolding to 6 passes
using n_averages = 128
setting seed for random number genererator to 1234
version: 7.3.2
available threads: 16
scaling brain by 0.304...
inflating...
projecting onto sphere...
surface projected - minimizing metric distortion...
vertex spacing 0.94 +- 0.54 (0.00-->6.62) (max @ vno 48658 --> 49842)
face area 0.02 +- 0.03 (-0.17-->0.76)
Entering MRISinflateToSphere()
inflating to sphere (rms error < 2.00)
000: dt: 0.0000, rms radial error=176.586, avgs=0
005/300: dt: 0.9000, rms radial error=176.327, avgs=0
010/300: dt: 0.9000, rms radial error=175.772, avgs=0
015/300: dt: 0.9000, rms radial error=175.043, avgs=0
020/300: dt: 0.9000, rms radial error=174.214, avgs=0
025/300: dt: 0.9000, rms radial error=173.327, avgs=0
030/300: dt: 0.9000, rms radial error=172.408, avgs=0
035/300: dt: 0.9000, rms radial error=171.471, avgs=0
040/300: dt: 0.9000, rms radial error=170.527, avgs=0
045/300: dt: 0.9000, rms radial error=169.580, avgs=0
050/300: dt: 0.9000, rms radial error=168.633, avgs=0
055/300: dt: 0.9000, rms radial error=167.689, avgs=0
060/300: dt: 0.9000, rms radial error=166.748, avgs=0
065/300: dt: 0.9000, rms radial error=165.812, avgs=0
070/300: dt: 0.9000, rms radial error=164.879, avgs=0
075/300: dt: 0.9000, rms radial error=163.952, avgs=0
080/300: dt: 0.9000, rms radial error=163.029, avgs=0
085/300: dt: 0.9000, rms radial error=162.111, avgs=0
090/300: dt: 0.9000, rms radial error=161.199, avgs=0
095/300: dt: 0.9000, rms radial error=160.291, avgs=0
100/300: dt: 0.9000, rms radial error=159.389, avgs=0
105/300: dt: 0.9000, rms radial error=158.492, avgs=0
110/300: dt: 0.9000, rms radial error=157.599, avgs=0
115/300: dt: 0.9000, rms radial error=156.712, avgs=0
120/300: dt: 0.9000, rms radial error=155.830, avgs=0
125/300: dt: 0.9000, rms radial error=154.952, avgs=0
130/300: dt: 0.9000, rms radial error=154.079, avgs=0
135/300: dt: 0.9000, rms radial error=153.212, avgs=0
140/300: dt: 0.9000, rms radial error=152.349, avgs=0
145/300: dt: 0.9000, rms radial error=151.490, avgs=0
150/300: dt: 0.9000, rms radial error=150.637, avgs=0
155/300: dt: 0.9000, rms radial error=149.788, avgs=0
160/300: dt: 0.9000, rms radial error=148.944, avgs=0
165/300: dt: 0.9000, rms radial error=148.105, avgs=0
170/300: dt: 0.9000, rms radial error=147.270, avgs=0
175/300: dt: 0.9000, rms radial error=146.440, avgs=0
180/300: dt: 0.9000, rms radial error=145.615, avgs=0
185/300: dt: 0.9000, rms radial error=144.794, avgs=0
190/300: dt: 0.9000, rms radial error=143.978, avgs=0
195/300: dt: 0.9000, rms radial error=143.167, avgs=0
200/300: dt: 0.9000, rms radial error=142.360, avgs=0
205/300: dt: 0.9000, rms radial error=141.558, avgs=0
210/300: dt: 0.9000, rms radial error=140.760, avgs=0
215/300: dt: 0.9000, rms radial error=139.966, avgs=0
220/300: dt: 0.9000, rms radial error=139.177, avgs=0
225/300: dt: 0.9000, rms radial error=138.392, avgs=0
230/300: dt: 0.9000, rms radial error=137.612, avgs=0
235/300: dt: 0.9000, rms radial error=136.836, avgs=0
240/300: dt: 0.9000, rms radial error=136.064, avgs=0
245/300: dt: 0.9000, rms radial error=135.297, avgs=0
250/300: dt: 0.9000, rms radial error=134.534, avgs=0
255/300: dt: 0.9000, rms radial error=133.776, avgs=0
260/300: dt: 0.9000, rms radial error=133.022, avgs=0
265/300: dt: 0.9000, rms radial error=132.272, avgs=0
270/300: dt: 0.9000, rms radial error=131.526, avgs=0
275/300: dt: 0.9000, rms radial error=130.784, avgs=0
280/300: dt: 0.9000, rms radial error=130.047, avgs=0
285/300: dt: 0.9000, rms radial error=129.314, avgs=0
290/300: dt: 0.9000, rms radial error=128.585, avgs=0
295/300: dt: 0.9000, rms radial error=127.860, avgs=0
300/300: dt: 0.9000, rms radial error=127.139, avgs=0

spherical inflation complete.
epoch 1 (K=10.0), pass 1, starting sse = 17692.15
taking momentum steps...
taking momentum steps...
taking momentum steps...
taking momentum steps...
pass 1 complete, delta sse/iter = 0.00/13 = 0.00023
epoch 2 (K=40.0), pass 1, starting sse = 2930.61
taking momentum steps...
taking momentum steps...
taking momentum steps...
taking momentum steps...
pass 1 complete, delta sse/iter = 0.00/13 = 0.00008
epoch 3 (K=160.0), pass 1, starting sse = 281.91
taking momentum steps...
taking momentum steps...
taking momentum steps...
taking momentum steps...
pass 1 complete, delta sse/iter = 0.10/14 = 0.00725
epoch 4 (K=640.0), pass 1, starting sse = 13.75
taking momentum steps...
taking momentum steps...
taking momentum steps...
taking momentum steps...
pass 1 complete, delta sse/iter = 0.08/19 = 0.00409
final distance error %100000.00
writing spherical brain to ../surf/lh.qsphere.nofix
spherical transformation took 0.0185 hours
FSRUNTIME@ mris_sphere  0.0185 hours 16 threads
#VMPC# mris_sphere VmPeak  1575148
mris_sphere done
#@# Fix Topology lh Tue Mar 10 07:41:41 CET 2026

 mris_fix_topology -mgz -sphere qsphere.nofix -inflated inflated.nofix -orig orig.nofix -out orig.premesh -ga -seed 1234 sub-v1s6x0051369_ses-1 lh 

reading spherical homeomorphism from 'qsphere.nofix'
reading inflated coordinates from 'inflated.nofix'
reading original coordinates from 'orig.nofix'
using genetic algorithm with optimized parameters
setting seed for random number genererator to 1234

*************************************************************
Topology Correction Parameters
retessellation mode:           genetic search
number of patches/generation : 10
number of generations :        10
surface mri loglikelihood coefficient :         1.0
volume mri loglikelihood coefficient :          10.0
normal dot loglikelihood coefficient :          1.0
quadratic curvature loglikelihood coefficient : 1.0
volume resolution :                             2
eliminate vertices during search :              1
initial patch selection :                       1
select all defect vertices :                    0
ordering dependant retessellation:              0
use precomputed edge table :                    0
smooth retessellated patch :                    2
match retessellated patch :                     1
verbose mode :                                  0

*************************************************************
INFO: assuming .mgz format
writing corrected surface to 'orig.premesh'
7.3.2
  7.3.2
before topology correction, eno=-28 (nv=150196, nf=300448, ne=450672, g=15)
using quasi-homeomorphic spherical map to tessellate cortical surface...

Correction of the Topology
Finding true center and radius of Spherical Surface...done
Surface centered at (0,0,0) with radius 100.0 in 7 iterations
marking ambiguous vertices...
3001 ambiguous faces found in tessellation
segmenting defects...
27 defects found, arbitrating ambiguous regions...
analyzing neighboring defects...
27 defects to be corrected 
0 vertices coincident
reading input surface /out/sourcedata/freesurfer/sub-v1s6x0051369_ses-1/surf/lh.qsphere.nofix...
reading brain volume from brain...
reading wm segmentation from wm...
Reading original properties of orig.nofix
Reading vertex positions of inflated.nofix
Computing Initial Surface Statistics
      -face       loglikelihood: -9.6027  (-4.8014)
      -vertex     loglikelihood: -6.3939  (-3.1969)
      -normal dot loglikelihood: -3.6131  (-3.6131)
      -quad curv  loglikelihood: -5.9930  (-2.9965)
      Total Loglikelihood : -25.6028
CORRECTING DEFECT 0 (vertices=193, convex hull=107, v0=21182)
After retessellation of defect 0 (v0=21182), euler #=-24 (148405,444563,296134) : difference with theory (-24) = 0 
CORRECTING DEFECT 1 (vertices=6, convex hull=27, v0=39816)
After retessellation of defect 1 (v0=39816), euler #=-23 (148406,444575,296146) : difference with theory (-23) = 0 
CORRECTING DEFECT 2 (vertices=9, convex hull=19, v0=47535)
After retessellation of defect 2 (v0=47535), euler #=-22 (148410,444592,296160) : difference with theory (-22) = 0 
CORRECTING DEFECT 3 (vertices=60, convex hull=76, v0=52477)
After retessellation of defect 3 (v0=52477), euler #=-21 (148441,444717,296255) : difference with theory (-21) = 0 
CORRECTING DEFECT 4 (vertices=5, convex hull=27, v0=53265)
After retessellation of defect 4 (v0=53265), euler #=-20 (148443,444729,296266) : difference with theory (-20) = 0 
CORRECTING DEFECT 5 (vertices=212, convex hull=153, v0=56820)
After retessellation of defect 5 (v0=56820), euler #=-19 (148452,444831,296360) : difference with theory (-19) = 0 
CORRECTING DEFECT 6 (vertices=31, convex hull=32, v0=63458)
After retessellation of defect 6 (v0=63458), euler #=-18 (148458,444859,296383) : difference with theory (-18) = 0 
CORRECTING DEFECT 7 (vertices=30, convex hull=23, v0=75280)
After retessellation of defect 7 (v0=75280), euler #=-17 (148461,444877,296399) : difference with theory (-17) = 0 
CORRECTING DEFECT 8 (vertices=64, convex hull=31, v0=82060)
After retessellation of defect 8 (v0=82060), euler #=-16 (148466,444903,296421) : difference with theory (-16) = 0 
CORRECTING DEFECT 9 (vertices=73, convex hull=26, v0=85877)
After retessellation of defect 9 (v0=85877), euler #=-15 (148470,444925,296440) : difference with theory (-15) = 0 
CORRECTING DEFECT 10 (vertices=36, convex hull=46, v0=91991)
After retessellation of defect 10 (v0=91991), euler #=-14 (148479,444969,296476) : difference with theory (-14) = 0 
CORRECTING DEFECT 11 (vertices=83, convex hull=84, v0=95654)
After retessellation of defect 11 (v0=95654), euler #=-13 (148519,445132,296600) : difference with theory (-13) = 0 
CORRECTING DEFECT 12 (vertices=48, convex hull=83, v0=97209)
After retessellation of defect 12 (v0=97209), euler #=-12 (148543,445242,296687) : difference with theory (-12) = 0 
CORRECTING DEFECT 13 (vertices=90, convex hull=42, v0=97682)
After retessellation of defect 13 (v0=97682), euler #=-11 (148558,445302,296733) : difference with theory (-11) = 0 
CORRECTING DEFECT 14 (vertices=294, convex hull=215, v0=104053)
After retessellation of defect 14 (v0=104053), euler #=-10 (148656,445703,297037) : difference with theory (-10) = 0 
CORRECTING DEFECT 15 (vertices=40, convex hull=74, v0=104553)
After retessellation of defect 15 (v0=104553), euler #=-9 (148678,445797,297110) : difference with theory (-9) = 0 
CORRECTING DEFECT 16 (vertices=95, convex hull=40, v0=105008)
After retessellation of defect 16 (v0=105008), euler #=-8 (148687,445837,297142) : difference with theory (-8) = 0 
CORRECTING DEFECT 17 (vertices=113, convex hull=37, v0=105238)
After retessellation of defect 17 (v0=105238), euler #=-7 (148696,445875,297172) : difference with theory (-7) = 0 
CORRECTING DEFECT 18 (vertices=27, convex hull=63, v0=107679)
After retessellation of defect 18 (v0=107679), euler #=-6 (148714,445952,297232) : difference with theory (-6) = 0 
CORRECTING DEFECT 19 (vertices=44, convex hull=100, v0=108907)
After retessellation of defect 19 (v0=108907), euler #=-5 (148742,446076,297329) : difference with theory (-5) = 0 
CORRECTING DEFECT 20 (vertices=36, convex hull=46, v0=113872)
After retessellation of defect 20 (v0=113872), euler #=-4 (148755,446134,297375) : difference with theory (-4) = 0 
CORRECTING DEFECT 21 (vertices=50, convex hull=88, v0=114268)
After retessellation of defect 21 (v0=114268), euler #=-3 (148779,446240,297458) : difference with theory (-3) = 0 
CORRECTING DEFECT 22 (vertices=8, convex hull=33, v0=115098)
After retessellation of defect 22 (v0=115098), euler #=-2 (148781,446256,297473) : difference with theory (-2) = 0 
CORRECTING DEFECT 23 (vertices=51, convex hull=96, v0=115199)
After retessellation of defect 23 (v0=115199), euler #=-1 (148809,446383,297573) : difference with theory (-1) = 0 
CORRECTING DEFECT 24 (vertices=6, convex hull=19, v0=120112)
After retessellation of defect 24 (v0=120112), euler #=0 (148809,446388,297579) : difference with theory (0) = 0 
CORRECTING DEFECT 25 (vertices=120, convex hull=61, v0=120277)
After retessellation of defect 25 (v0=120277), euler #=1 (148812,446421,297610) : difference with theory (1) = 0 
CORRECTING DEFECT 26 (vertices=7, convex hull=33, v0=122819)
After retessellation of defect 26 (v0=122819), euler #=2 (148815,446439,297626) : difference with theory (2) = 0 
computing original vertex metric properties...
storing new metric properties...
computing tessellation statistics...
vertex spacing 0.88 +- 0.22 (0.06-->8.92) (max @ vno 28198 --> 35002)
face area -nan +- -nan (1000.00-->-1.00)
performing soap bubble on retessellated vertices for 0 iterations...
vertex spacing 0.88 +- 0.22 (0.06-->8.92) (max @ vno 28198 --> 35002)
face area -nan +- -nan (1000.00-->-1.00)
tessellation finished, orienting corrected surface...
107 mutations (39.2%), 166 crossovers (60.8%), 84 vertices were eliminated
building final representation...
1381 vertices and 0 faces have been removed from triangulation
after topology correction, eno=2 (nv=148815, nf=297626, ne=446439, g=0)
writing corrected surface to /out/sourcedata/freesurfer/sub-v1s6x0051369_ses-1/surf/lh.orig.premesh...

0.000 % of the vertices (0 vertices) exhibit an orientation change
removing intersecting faces
000: 147 intersecting
001: 32 intersecting
002: 3 intersecting
terminating search with 0 intersecting
topology fixing took 1.5 minutes
FSRUNTIME@ mris_fix_topology lh  0.0255 hours 16 threads
#VMPC# mris_fix_topology VmPeak  2011480

 mris_euler_number ../surf/lh.orig.premesh 

euler # = v-e+f = 2g-2: 148815 - 446439 + 297626 = 2 --> 0 holes
      F =2V-4:          297626 = 297630-4 (0)
      2E=3F:            892878 = 892878 (0)

total defect index = 0
Tue Mar 10 07:43:14 CET 2026

setenv SUBJECTS_DIR /out/sourcedata/freesurfer
cd /out/sourcedata/freesurfer/sub-v1s6x0051369_ses-1/scripts
/opt/freesurfer/bin/defect2seg --s sub-v1s6x0051369_ses-1 --lh-only --cortex

freesurfer-linux-ubuntu22_x86_64-7.3.2-20220804-6354275
defect2seg 7.3.2
Linux dna062 5.14.0-427.37.1.el9_4.x86_64 #1 SMP PREEMPT_DYNAMIC Fri Sep 13 12:41:50 EDT 2024 x86_64 x86_64 x86_64 GNU/Linux
pid 4150438
mri_label2label --label-cortex /out/sourcedata/freesurfer/sub-v1s6x0051369_ses-1/surf/lh.orig.nofix /out/sourcedata/freesurfer/sub-v1s6x0051369_ses-1/mri/aseg.presurf.mgz 0 /out/sourcedata/freesurfer/sub-v1s6x0051369_ses-1/label/lh.nofix.cortex.label

 Generating cortex label... RemoveHipAmgy=0
 NucAccIsMedialWall=0
 mris->useRealRAS=0
13 non-cortical segments detected
only using segment with 7770 vertices
erasing segment 1 (vno[0] = 78627)
erasing segment 2 (vno[0] = 83792)
erasing segment 3 (vno[0] = 92258)
erasing segment 4 (vno[0] = 102923)
erasing segment 5 (vno[0] = 104078)
erasing segment 6 (vno[0] = 106182)
erasing segment 7 (vno[0] = 106247)
erasing segment 8 (vno[0] = 108462)
erasing segment 9 (vno[0] = 108580)
erasing segment 10 (vno[0] = 108608)
erasing segment 11 (vno[0] = 127859)
erasing segment 12 (vno[0] = 129532)
mri_label2vol --defects /out/sourcedata/freesurfer/sub-v1s6x0051369_ses-1/surf/lh.orig.nofix /out/sourcedata/freesurfer/sub-v1s6x0051369_ses-1/surf/lh.defect_labels /out/sourcedata/freesurfer/sub-v1s6x0051369_ses-1/mri/orig.mgz 1000 0 /out/sourcedata/freesurfer/sub-v1s6x0051369_ses-1/mri/lh.surface.defects.mgz /out/sourcedata/freesurfer/sub-v1s6x0051369_ses-1/label/lh.nofix.cortex.label
mri_label2vol supposed to be reproducible but seed not set
Contraining to label /out/sourcedata/freesurfer/sub-v1s6x0051369_ses-1/label/lh.nofix.cortex.label
Changing input type 0 to MRI_INT
Converting defects to volume: offset=1000, merge=0
Writing to /out/sourcedata/freesurfer/sub-v1s6x0051369_ses-1/mri/lh.surface.defects.mgz
mris_defects_pointset -s /out/sourcedata/freesurfer/sub-v1s6x0051369_ses-1/surf/lh.orig.nofix -d /out/sourcedata/freesurfer/sub-v1s6x0051369_ses-1/surf/lh.defect_labels -o /out/sourcedata/freesurfer/sub-v1s6x0051369_ses-1/surf/lh.defects.pointset --label /out/sourcedata/freesurfer/sub-v1s6x0051369_ses-1/label/lh.nofix.cortex.label
Reading in surface /out/sourcedata/freesurfer/sub-v1s6x0051369_ses-1/surf/lh.orig.nofix
Reading in defect segmentation /out/sourcedata/freesurfer/sub-v1s6x0051369_ses-1/surf/lh.defect_labels
Reading in label /out/sourcedata/freesurfer/sub-v1s6x0051369_ses-1/label/lh.nofix.cortex.label
#VMPC# mris_defects_pointset 1377352
mris_defects_pointset done
 
Started at Tue Mar 10 07:43:14 CET 2026 
Ended   at Tue Mar 10 07:43:31 CET 2026
Defect2seg-Run-Time-Sec 17
Defect2seg-Run-Time-Min 0.34
Defect2seg-Run-Time-Hours 0.00
 
tkmeditfv sub-v1s6x0051369_ses-1 brain.finalsurfs.mgz -defect
defect2seg Done

 mris_remesh --remesh --iters 3 --input /out/sourcedata/freesurfer/sub-v1s6x0051369_ses-1/surf/lh.orig.premesh --output /out/sourcedata/freesurfer/sub-v1s6x0051369_ses-1/surf/lh.orig 

iters = 3
standard remeshing without target
   adjusted l: 0.706034
remeshing to edge length 0.706034 with 3 iterations

avg qual before   : 0.890798  after: 0.971242

Removing intersections
Remeshed surface quality stats nv0 = 148815  nv = 154978  1.04141
Area    309952  0.29912  0.03327 0.072410   0.4735
Corner  929856 60.00000  8.79290 16.276004 145.7657
Edge    464928  0.83903  0.08181 0.470066   1.2579
Hinge   464928  9.76355 10.54918 0.000068 161.0887
mris_remesh done
/out/sourcedata/freesurfer/sub-v1s6x0051369_ses-1/scripts

 mris_remove_intersection ../surf/lh.orig ../surf/lh.orig 

intersection removal took 0.00 hours
writing corrected surface to ../surf/lh.orig

 rm -f ../surf/lh.inflated 

#--------------------------------------------
#@# AutoDetGWStats lh Tue Mar 10 07:44:07 CET 2026
cd /out/sourcedata/freesurfer/sub-v1s6x0051369_ses-1/mri
mris_autodet_gwstats --o ../surf/autodet.gw.stats.lh.dat --i brain.finalsurfs.mgz --wm wm.mgz --surf ../surf/lh.orig.premesh
7.3.2

cd /out/sourcedata/freesurfer/sub-v1s6x0051369_ses-1/mri
setenv SUBJECTS_DIR /out/sourcedata/freesurfer
mris_autodet_gwstats --o ../surf/autodet.gw.stats.lh.dat --i brain.finalsurfs.mgz --wm wm.mgz --surf ../surf/lh.orig.premesh 

border white:    279595 voxels (1.67%)
border gray      310010 voxels (1.85%)
Reading in intensity volume brain.finalsurfs.mgz
Reading in wm volume wm.mgz
Reading in surf ../surf/lh.orig.premesh
Auto detecting stats
MRIclipBrightWM(): nthresh=34605, wmmin=5, clip=110 
Binarizing thresholding at 5
computing class statistics... low=30, hi=110.000000
CCS WM (99.0): 99.2 +- 7.9 [70.0 --> 110.0]
CCS GM (75.0) : 74.6 +- 10.3 [30.0 --> 110.0]
white_mean = 99.2216 +/- 7.9483, gray_mean = 74.5547 +/- 10.2865
using class modes intead of means, discounting robust sigmas....
MRIScomputeClassModes(): min=0 max=190 nbins=191
intensity peaks found at WM=102+-7.0,    GM=70+-7.8
white_mode = 102, gray_mode = 70
std_scale = 1
Applying sanity checks, max_scale_down = 0.2
setting MIN_GRAY_AT_WHITE_BORDER to 59.7 (was 70.000000)
setting MAX_BORDER_WHITE to 109.9 (was 105.000000)
setting MIN_BORDER_WHITE to 70.0 (was 85.000000)
setting MAX_CSF to 49.4 (was 40.000000)
setting MAX_GRAY to 94.1 (was 95.000000)
setting MAX_GRAY_AT_CSF_BORDER to 59.7 (was 75.000000)
setting MIN_GRAY_AT_CSF_BORDER to 39.1 (was 40.000000)
When placing the white surface
  white_border_hi   = 109.948;
  white_border_low  = 70;
  white_outside_low = 59.7135;
  white_inside_hi   = 120;
  white_outside_hi  = 109.948;
When placing the pial surface
  pial_border_hi   = 59.7135;
  pial_border_low  = 39.1405;
  pial_outside_low = 10;
  pial_inside_hi   = 94.0517;
  pial_outside_hi  = 54.5703;
#VMPC# mris_autodet_gwstats VmPeak  1353408
mris_autodet_gwstats done
#--------------------------------------------
#@# WhitePreAparc lh Tue Mar 10 07:44:10 CET 2026
cd /out/sourcedata/freesurfer/sub-v1s6x0051369_ses-1/mri
mris_place_surface --adgws-in ../surf/autodet.gw.stats.lh.dat --wm wm.mgz --threads 16 --invol brain.finalsurfs.mgz --lh --i ../surf/lh.orig --o ../surf/lh.white.preaparc --white --seg aseg.presurf.mgz --nsmooth 5
7.3.2
7.3.2

cd /out/sourcedata/freesurfer/sub-v1s6x0051369_ses-1/mri
setenv SUBJECTS_DIR /out/sourcedata/freesurfer
mris_place_surface --adgws-in ../surf/autodet.gw.stats.lh.dat --wm wm.mgz --threads 16 --invol brain.finalsurfs.mgz --lh --i ../surf/lh.orig --o ../surf/lh.white.preaparc --white --seg aseg.presurf.mgz --nsmooth 5 

Reading in input surface ../surf/lh.orig
Smoothing surface before ripping with 5 iterations
Area    309952  0.26308  0.06331 0.000908   0.5773
Corner  929856 60.00000  9.70021 3.990167 162.5367
Edge    464928  0.78322  0.11565 0.018173   1.2927
Hinge   464928  6.48869  6.73943 0.000021 147.8509
Not reading in aparc
Reading in input volume brain.finalsurfs.mgz
Reading in wm volume wm.mgz
MRIclipBrightWM(): nthresh=34605, wmmin=5, clip=110 
MRIfindBrightNonWM(): 116 bright non-wm voxels segmented.
Masking bright non-wm for white surface
MRImask(): AllowDiffGeom = 1
MRImask(): AllowDiffGeom = 1
Reading in seg volume aseg.presurf.mgz
Ripping frozen voxels
INFO: rip surface needed but not specified, so using input surface
Freezing midline and others
Entering: MRISripMidline(): inhibiting deformation at non-cortical midline structures...
  which=1, fix_mtl=0, using annot = 0
#FML0# MRISripMidline(): nripped=0
removing 3 vertices from ripped group in thread:0
#FML# MRISripMidline(): nmarked=6847, nmarked2=32, nripped=6847
Ripping segs (eg, WMSA, BG, frozen)
Starting MRISripSegs() d = (-2 2 0.5) segnos: 247 
MRISripSegs(): -2 2 0.5 ripped 0
vertex 77489: xyz = (-42.6604,-5.58094,-11.5291) oxyz = (-42.6604,-5.58094,-11.5291) wxzy = (-42.6604,-5.58094,-11.5291) pxyz = (0,0,0) 
CBVO Creating mask 154978
n_averages 4
Iteration 0 =========================================
n_averages=4, current_sigma=2
Freezing midline and others
Ripping frozen voxels
INFO: rip surface needed but not specified, so using input surface
Freezing midline and others
Entering: MRISripMidline(): inhibiting deformation at non-cortical midline structures...
  which=1, fix_mtl=0, using annot = 0
#FML0# MRISripMidline(): nripped=6847
removing 3 vertices from ripped group in thread:0
#FML# MRISripMidline(): nmarked=6847, nmarked2=32, nripped=6847
Ripping segs (eg, WMSA, BG, frozen)
Starting MRISripSegs() d = (-2 2 0.5) segnos: 247 247 
MRISripSegs(): -2 2 0.5 ripped 0
Computing target border values 
Entering MRIScomputeBorderValues_new(): 
  inside_hi   = 120.0000000;
  border_hi   = 109.9482960;
  border_low  =  70.0000000;
  outside_low =  59.7135050;
  outside_hi  = 109.9482960;
  sigma = 2;
  max_thickness = 10;
  step_size=0.5;
  STEP_SIZE=0.1;
  which = 1
  thresh = 0
  flags = 0
  CBVfindFirstPeakD1=0
  CBVfindFirstPeakD2=0
  nvertices=154978
  Gdiag_no=-1
  vno start=0, stop=154978
Replacing 255s with 0s
#SI# sigma=2 had to be increased for 148 vertices, nripped=6847
mean border=82.0, 61 (61) missing vertices, mean dist 0.3 [0.6 (%38.7)->0.8 (%61.3))]
%68 local maxima, %27 large gradients and % 0 min vals, 0 gradients ignored
nFirstPeakD1 0
MRIScomputeBorderValues_new() finished in 0.0164 min


Finding expansion regions
mean absolute distance = 0.75 +- 0.94
5447 vertices more than 2 sigmas from mean.
Averaging target values for 5 iterations...
Positioning Surface: tspring = 0.3, nspring = 0.3, spring = 0, niters = 100 l_repulse = 5, l_surf_repulse = 0, checktol = 0
Positioning pial surface
Entering MRISpositionSurface()
  max_mm = 0.3
  MAX_REDUCTIONS = 2, REDUCTION_PCT = 0.5
  parms->check_tol = 0, niterations = 100
tol=1.0e-04, sigma=2.0, host=dna06, nav=4, nbrs=2, l_repulse=5.000, l_tspring=0.300, l_nspring=0.300, l_intensity=0.200, l_curv=1.000
mom=0.00, dt=0.50
complete_dist_mat 0
rms 0
smooth_averages 0
remove_neg 0
ico_order 0
which_surface 0
target_radius 0.000000
nfields 0
scale 0.000000
desired_rms_height 0.000000
momentum 0.000000
nbhd_size 0
max_nbrs 0
niterations 100
nsurfaces 0
SURFACES 3
flags 0 (0)
use curv 0
no sulc 0
no rigid align 0
mris->nsize 2
mris->hemisphere 0
randomSeed 0

000: dt: 0.0000, sse=3279487.5, rms=10.247
001: dt: 0.5000, sse=1816721.4, rms=7.473 (27.071%)
002: dt: 0.5000, sse=1175777.6, rms=5.851 (21.697%)
003: dt: 0.5000, sse=859065.8, rms=4.850 (17.110%)
004: dt: 0.5000, sse=683387.4, rms=4.191 (13.593%)
005: dt: 0.5000, sse=588222.9, rms=3.782 (9.752%)
006: dt: 0.5000, sse=536226.2, rms=3.535 (6.525%)
007: dt: 0.5000, sse=511192.6, rms=3.406 (3.667%)
008: dt: 0.5000, sse=494241.8, rms=3.314 (2.707%)
rms = 3.2744/3.3136, sse=487828.5/494241.7, time step reduction 1 of 3 to 0.250  0 0 1
009: dt: 0.5000, sse=487828.5, rms=3.274 (1.181%)
010: dt: 0.2500, sse=302886.4, rms=2.077 (36.561%)
011: dt: 0.2500, sse=270584.8, rms=1.799 (13.388%)
012: dt: 0.2500, sse=262756.7, rms=1.719 (4.479%)
013: dt: 0.2500, sse=258147.0, rms=1.668 (2.960%)
rms = 1.6420/1.6677, sse=255767.3/258147.0, time step reduction 2 of 3 to 0.125  0 0 1
014: dt: 0.2500, sse=255767.3, rms=1.642 (1.541%)
rms = 1.5937/1.6420, sse=251509.9/255767.3, time step reduction 3 of 3 to 0.062  0 0 1
015: dt: 0.1250, sse=251509.9, rms=1.594 (2.940%)
  maximum number of reductions reached, breaking from loop
positioning took 1.5 minutes
Iteration 1 =========================================
n_averages=2, current_sigma=1
Freezing midline and others
Ripping frozen voxels
INFO: rip surface needed but not specified, so using input surface
Freezing midline and others
Entering: MRISripMidline(): inhibiting deformation at non-cortical midline structures...
  which=1, fix_mtl=0, using annot = 0
#FML0# MRISripMidline(): nripped=6847
removing 1 vertices from ripped group in thread:0
removing 2 vertices from ripped group in thread:0
removing 4 vertices from ripped group in thread:0
removing 3 vertices from ripped group in thread:0
#FML# MRISripMidline(): nmarked=7049, nmarked2=66, nripped=7049
Ripping segs (eg, WMSA, BG, frozen)
Starting MRISripSegs() d = (-2 2 0.5) segnos: 247 247 247 
MRISripSegs(): -2 2 0.5 ripped 0
Computing target border values 
Entering MRIScomputeBorderValues_new(): 
  inside_hi   = 120.0000000;
  border_hi   = 109.9482960;
  border_low  =  70.0000000;
  outside_low =  59.7135050;
  outside_hi  = 109.9482960;
  sigma = 1;
  max_thickness = 10;
  step_size=0.5;
  STEP_SIZE=0.1;
  which = 1
  thresh = 0
  flags = 0
  CBVfindFirstPeakD1=0
  CBVfindFirstPeakD2=0
  nvertices=154978
  Gdiag_no=-1
  vno start=0, stop=154978
Replacing 255s with 0s
#SI# sigma=1 had to be increased for 119 vertices, nripped=7049
mean border=84.3, 118 (30) missing vertices, mean dist -0.2 [0.4 (%67.9)->0.3 (%32.1))]
%76 local maxima, %20 large gradients and % 0 min vals, 0 gradients ignored
nFirstPeakD1 0
MRIScomputeBorderValues_new() finished in 0.0110 min


Finding expansion regions
mean absolute distance = 0.37 +- 0.68
4304 vertices more than 2 sigmas from mean.
Averaging target values for 5 iterations...
Positioning Surface: tspring = 0.3, nspring = 0.3, spring = 0, niters = 100 l_repulse = 5, l_surf_repulse = 0, checktol = 0
Positioning pial surface
Entering MRISpositionSurface()
  max_mm = 0.3
  MAX_REDUCTIONS = 2, REDUCTION_PCT = 0.5
  parms->check_tol = 0, niterations = 100
tol=1.0e-04, sigma=1.0, host=dna06, nav=2, nbrs=2, l_repulse=5.000, l_tspring=0.300, l_nspring=0.300, l_intensity=0.200, l_curv=1.000
mom=0.00, dt=0.50
000: dt: 0.0000, sse=706643.9, rms=3.992
016: dt: 0.5000, sse=467632.7, rms=2.795 (29.982%)
rms = 2.8847/2.7949, sse=484148.0/467632.7, time step reduction 1 of 3 to 0.250  0 1 1
   RMS increased, rejecting step
017: dt: 0.2500, sse=368242.4, rms=2.113 (24.391%)
018: dt: 0.2500, sse=320546.0, rms=1.679 (20.550%)
019: dt: 0.2500, sse=304195.0, rms=1.495 (10.979%)
020: dt: 0.2500, sse=297732.8, rms=1.419 (5.087%)
rms = 1.3705/1.4186, sse=294125.7/297732.8, time step reduction 2 of 3 to 0.125  0 0 1
021: dt: 0.2500, sse=294125.7, rms=1.371 (3.388%)
rms = 1.3256/1.3705, sse=293396.0/294125.7, time step reduction 3 of 3 to 0.062  0 0 1
022: dt: 0.1250, sse=293396.0, rms=1.326 (3.277%)
  maximum number of reductions reached, breaking from loop
positioning took 0.7 minutes
Iteration 2 =========================================
n_averages=1, current_sigma=0.5
Freezing midline and others
Ripping frozen voxels
INFO: rip surface needed but not specified, so using input surface
Freezing midline and others
Entering: MRISripMidline(): inhibiting deformation at non-cortical midline structures...
  which=1, fix_mtl=0, using annot = 0
#FML0# MRISripMidline(): nripped=7049
removing 4 vertices from ripped group in thread:0
removing 4 vertices from ripped group in thread:0
removing 3 vertices from ripped group in thread:0
removing 2 vertices from ripped group in thread:0
#FML# MRISripMidline(): nmarked=7123, nmarked2=68, nripped=7123
Ripping segs (eg, WMSA, BG, frozen)
Starting MRISripSegs() d = (-2 2 0.5) segnos: 247 247 247 247 
MRISripSegs(): -2 2 0.5 ripped 0
Computing target border values 
Entering MRIScomputeBorderValues_new(): 
  inside_hi   = 120.0000000;
  border_hi   = 109.9482960;
  border_low  =  70.0000000;
  outside_low =  59.7135050;
  outside_hi  = 109.9482960;
  sigma = 0.5;
  max_thickness = 10;
  step_size=0.5;
  STEP_SIZE=0.1;
  which = 1
  thresh = 0
  flags = 0
  CBVfindFirstPeakD1=0
  CBVfindFirstPeakD2=0
  nvertices=154978
  Gdiag_no=-1
  vno start=0, stop=154978
Replacing 255s with 0s
#SI# sigma=0.5 had to be increased for 195 vertices, nripped=7123
mean border=86.2, 126 (29) missing vertices, mean dist -0.1 [0.3 (%68.0)->0.2 (%32.0))]
%85 local maxima, %10 large gradients and % 0 min vals, 0 gradients ignored
nFirstPeakD1 0
MRIScomputeBorderValues_new() finished in 0.0064 min


Finding expansion regions
mean absolute distance = 0.30 +- 0.48
4628 vertices more than 2 sigmas from mean.
Averaging target values for 5 iterations...
Positioning Surface: tspring = 0.3, nspring = 0.3, spring = 0, niters = 100 l_repulse = 5, l_surf_repulse = 0, checktol = 0
Positioning pial surface
Entering MRISpositionSurface()
  max_mm = 0.3
  MAX_REDUCTIONS = 2, REDUCTION_PCT = 0.5
  parms->check_tol = 0, niterations = 100
tol=1.0e-04, sigma=0.5, host=dna06, nav=1, nbrs=2, l_repulse=5.000, l_tspring=0.300, l_nspring=0.300, l_intensity=0.200, l_curv=1.000
mom=0.00, dt=0.50
000: dt: 0.0000, sse=514493.3, rms=3.050
023: dt: 0.5000, sse=419651.4, rms=2.494 (18.222%)
rms = 2.7247/2.4941, sse=452112.8/419651.4, time step reduction 1 of 3 to 0.250  0 1 1
   RMS increased, rejecting step
024: dt: 0.2500, sse=323456.0, rms=1.730 (30.623%)
025: dt: 0.2500, sse=288573.2, rms=1.349 (22.037%)
026: dt: 0.2500, sse=281631.5, rms=1.251 (7.285%)
rms = 1.2258/1.2507, sse=282433.7/281631.5, time step reduction 2 of 3 to 0.125  0 1 1
027: dt: 0.2500, sse=282433.7, rms=1.226 (1.996%)
rms = 1.1759/1.2258, sse=277375.3/282433.7, time step reduction 3 of 3 to 0.062  0 0 1
028: dt: 0.1250, sse=277375.3, rms=1.176 (4.067%)
  maximum number of reductions reached, breaking from loop
positioning took 0.6 minutes
Iteration 3 =========================================
n_averages=0, current_sigma=0.25
Freezing midline and others
Ripping frozen voxels
INFO: rip surface needed but not specified, so using input surface
Freezing midline and others
Entering: MRISripMidline(): inhibiting deformation at non-cortical midline structures...
  which=1, fix_mtl=0, using annot = 0
#FML0# MRISripMidline(): nripped=7123
removing 4 vertices from ripped group in thread:0
removing 3 vertices from ripped group in thread:0
removing 2 vertices from ripped group in thread:0
removing 4 vertices from ripped group in thread:0
removing 1 vertices from ripped group in thread:0
#FML# MRISripMidline(): nmarked=7185, nmarked2=68, nripped=7185
Ripping segs (eg, WMSA, BG, frozen)
Starting MRISripSegs() d = (-2 2 0.5) segnos: 247 247 247 247 247 
MRISripSegs(): -2 2 0.5 ripped 0
Computing target border values 
Entering MRIScomputeBorderValues_new(): 
  inside_hi   = 120.0000000;
  border_hi   = 109.9482960;
  border_low  =  70.0000000;
  outside_low =  59.7135050;
  outside_hi  = 109.9482960;
  sigma = 0.25;
  max_thickness = 10;
  step_size=0.5;
  STEP_SIZE=0.1;
  which = 1
  thresh = 0
  flags = 0
  CBVfindFirstPeakD1=0
  CBVfindFirstPeakD2=0
  nvertices=154978
  Gdiag_no=-1
  vno start=0, stop=154978
Replacing 255s with 0s
#SI# sigma=0.25 had to be increased for 227 vertices, nripped=7185
mean border=87.0, 155 (10) missing vertices, mean dist -0.1 [0.3 (%56.9)->0.2 (%43.1))]
%88 local maxima, % 7 large gradients and % 0 min vals, 0 gradients ignored
nFirstPeakD1 0
MRIScomputeBorderValues_new() finished in 0.0041 min


Finding expansion regions
mean absolute distance = 0.25 +- 0.40
4588 vertices more than 2 sigmas from mean.
Averaging target values for 5 iterations...
Positioning Surface: tspring = 0.3, nspring = 0.3, spring = 0, niters = 100 l_repulse = 5, l_surf_repulse = 0, checktol = 0
Positioning pial surface
Entering MRISpositionSurface()
  max_mm = 0.3
  MAX_REDUCTIONS = 2, REDUCTION_PCT = 0.5
  parms->check_tol = 0, niterations = 100
tol=1.0e-04, sigma=0.2, host=dna06, nav=0, nbrs=2, l_repulse=5.000, l_tspring=0.300, l_nspring=0.300, l_intensity=0.200, l_curv=1.000
mom=0.00, dt=0.50
000: dt: 0.0000, sse=314221.0, rms=1.653
029: dt: 0.5000, sse=308763.0, rms=1.591 (3.744%)
rms = 2.2461/1.5915, sse=377913.4/308763.0, time step reduction 1 of 3 to 0.250  0 1 1
   RMS increased, rejecting step
030: dt: 0.2500, sse=266106.5, rms=1.068 (32.884%)
031: dt: 0.2500, sse=259405.5, rms=0.983 (7.981%)
032: dt: 0.2500, sse=255163.5, rms=0.920 (6.386%)
rms = 0.9535/0.9201, sse=256220.7/255163.5, time step reduction 2 of 3 to 0.125  0 1 1
   RMS increased, rejecting step
rms = 0.9006/0.9201, sse=254005.2/255163.5, time step reduction 3 of 3 to 0.062  0 0 1
033: dt: 0.1250, sse=254005.2, rms=0.901 (2.117%)
  maximum number of reductions reached, breaking from loop
positioning took 0.6 minutes


Writing output to ../surf/lh.white.preaparc
#ET# mris_place_surface  3.51 minutes
#VMPC# mris_place_surfaces VmPeak  3281280
mris_place_surface done
#--------------------------------------------
#@# CortexLabel lh Tue Mar 10 07:47:46 CET 2026
cd /out/sourcedata/freesurfer/sub-v1s6x0051369_ses-1/mri
mri_label2label --label-cortex ../surf/lh.white.preaparc aseg.presurf.mgz 0 ../label/lh.cortex.label

 Generating cortex label... RemoveHipAmgy=0
 NucAccIsMedialWall=0
 mris->useRealRAS=0
10 non-cortical segments detected
only using segment with 8570 vertices
erasing segment 0 (vno[0] = 35746)
erasing segment 1 (vno[0] = 38679)
erasing segment 3 (vno[0] = 68140)
erasing segment 4 (vno[0] = 89988)
erasing segment 5 (vno[0] = 91876)
erasing segment 6 (vno[0] = 132379)
erasing segment 7 (vno[0] = 133403)
erasing segment 8 (vno[0] = 135742)
erasing segment 9 (vno[0] = 136984)
#--------------------------------------------
#@# CortexLabel+HipAmyg lh Tue Mar 10 07:48:03 CET 2026
cd /out/sourcedata/freesurfer/sub-v1s6x0051369_ses-1/mri
mri_label2label --label-cortex ../surf/lh.white.preaparc aseg.presurf.mgz 1 ../label/lh.cortex+hipamyg.label

 Generating cortex label... RemoveHipAmgy=1
 NucAccIsMedialWall=0
 mris->useRealRAS=0
18 non-cortical segments detected
only using segment with 5831 vertices
erasing segment 0 (vno[0] = 35746)
erasing segment 1 (vno[0] = 38679)
erasing segment 3 (vno[0] = 47440)
erasing segment 4 (vno[0] = 49627)
erasing segment 5 (vno[0] = 68140)
erasing segment 6 (vno[0] = 68740)
erasing segment 7 (vno[0] = 74077)
erasing segment 8 (vno[0] = 76260)
erasing segment 9 (vno[0] = 82347)
erasing segment 10 (vno[0] = 84366)
erasing segment 11 (vno[0] = 89988)
erasing segment 12 (vno[0] = 91876)
erasing segment 13 (vno[0] = 127271)
erasing segment 14 (vno[0] = 132379)
erasing segment 15 (vno[0] = 133403)
erasing segment 16 (vno[0] = 135742)
erasing segment 17 (vno[0] = 136984)
#--------------------------------------------
#@# Smooth2 lh Tue Mar 10 07:48:20 CET 2026
/out/sourcedata/freesurfer/sub-v1s6x0051369_ses-1/scripts

 mris_smooth -n 3 -nw -seed 1234 ../surf/lh.white.preaparc ../surf/lh.smoothwm 

smoothing for 3 iterations
setting seed for random number generator to 1234
smoothing surface tessellation for 3 iterations...
smoothing complete - recomputing first and second fundamental forms...
#--------------------------------------------
#@# Inflation2 lh Tue Mar 10 07:48:23 CET 2026
/out/sourcedata/freesurfer/sub-v1s6x0051369_ses-1/scripts

 mris_inflate ../surf/lh.smoothwm ../surf/lh.inflated 

Reading ../surf/lh.smoothwm
avg radius = 47.3 mm, total surface area = 95817 mm^2
step 000: RMS=0.175 (target=0.015)   step 005: RMS=0.117 (target=0.015)   step 010: RMS=0.088 (target=0.015)   step 015: RMS=0.073 (target=0.015)   step 020: RMS=0.060 (target=0.015)   step 025: RMS=0.050 (target=0.015)   step 030: RMS=0.041 (target=0.015)   step 035: RMS=0.035 (target=0.015)   step 040: RMS=0.030 (target=0.015)   step 045: RMS=0.026 (target=0.015)   step 050: RMS=0.023 (target=0.015)   step 055: RMS=0.021 (target=0.015)   step 060: RMS=0.020 (target=0.015)   writing inflated surface to ../surf/lh.inflated
writing sulcal depths to ../surf/lh.sulc

inflation complete.
inflation took 0.2 minutes
mris_inflate utimesec    62.410151
mris_inflate stimesec    0.443891
mris_inflate ru_maxrss   237144
mris_inflate ru_ixrss    0
mris_inflate ru_idrss    0
mris_inflate ru_isrss    0
mris_inflate ru_minflt   76017
mris_inflate ru_majflt   3
mris_inflate ru_nswap    0
mris_inflate ru_inblock  130
mris_inflate ru_oublock  12120
mris_inflate ru_msgsnd   0
mris_inflate ru_msgrcv   0
mris_inflate ru_nsignals 0
mris_inflate ru_nvcsw    5284
mris_inflate ru_nivcsw   583
#--------------------------------------------
#@# Curv .H and .K lh Tue Mar 10 07:48:37 CET 2026
/out/sourcedata/freesurfer/sub-v1s6x0051369_ses-1/surf

 mris_curvature -w -seed 1234 lh.white.preaparc 

setting seed for random number generator to 1234
total integrated curvature = 18.073*4pi (227.116) --> -17 handles
ICI = 208.5, FI = 1900.3, variation=30752.178
writing Gaussian curvature to ./lh.white.preaparc.K...done.
writing mean curvature to ./lh.white.preaparc.H...done.
rm -f lh.white.H
ln -s lh.white.preaparc.H lh.white.H
rm -f lh.white.K
ln -s lh.white.preaparc.K lh.white.K

 mris_curvature -seed 1234 -thresh .999 -n -a 5 -w -distances 10 10 lh.inflated 

setting seed for random number generator to 1234
normalizing curvature values.
averaging curvature patterns 5 times.
sampling 10 neighbors out to a distance of 10 mm
212 vertices thresholded to be in k1 ~ [-0.30 0.98], k2 ~ [-0.13 0.11]
total integrated curvature = 0.477*4pi (5.991) --> 1 handles
ICI = 1.8, FI = 10.9, variation=190.389
139 vertices thresholded to be in [-0.03 0.03]
writing Gaussian curvature to ./lh.inflated.K...thresholding curvature at 99.90% level
curvature mean = 0.000, std = 0.001
153 vertices thresholded to be in [-0.16 0.44]
done.
writing mean curvature to ./lh.inflated.H...curvature mean = -0.014, std = 0.026
done.
#--------------------------------------------
#@# Sphere lh Tue Mar 10 07:49:29 CET 2026
/out/sourcedata/freesurfer/sub-v1s6x0051369_ses-1/scripts

 mris_sphere -seed 1234 ../surf/lh.inflated ../surf/lh.sphere 

setting seed for random number genererator to 1234
version: 7.3.2
available threads: 16
reading original vertex positions...
projecting onto sphere...
surface projected - minimizing metric distortion...
scaling brain by 0.275...
MRISunfold() max_passes = 1 -------
tol=5.0e-01, sigma=0.0, host=dna06, nav=1024, nbrs=2, l_area=1.000, l_dist=1.000
using quadratic fit line minimization
complete_dist_mat 0
rms 0
smooth_averages 0
remove_neg 0
ico_order 0
which_surface 0
target_radius 0.000000
nfields 0
scale 1.000000
desired_rms_height -1.000000
momentum 0.900000
nbhd_size 7
max_nbrs 8
niterations 25
nsurfaces 0
SURFACES 3
flags 0 (0)
use curv 0
no sulc 0
no rigid align 0
mris->nsize 2
mris->hemisphere 0
randomSeed 1234

singular matrix in quadratic form
singular matrix in quadratic form
singular matrix in quadratic form
singular matrix in quadratic form
singular matrix in quadratic form
--------------------
  mrisRemoveNegativeArea()
pass 1: epoch 1 of 3 starting distance error %20.43
pass 1: epoch 2 of 3 starting distance error %20.42
unfolding complete - removing small folds...
starting distance error %20.36
removing remaining folds...
final distance error %20.38
MRISunfold() return, current seed 1234
-01: dt=0.0000,  15 negative triangles  VmPeak 1628284
177: dt=0.9900,  15 negative triangles
178: dt=0.9900,   7 negative triangles
179: dt=0.9900,   7 negative triangles
180: dt=0.9900,   4 negative triangles
181: dt=0.9900,   5 negative triangles
182: dt=0.9900,   4 negative triangles
183: dt=0.9900,   4 negative triangles
184: dt=0.9900,   3 negative triangles
185: dt=0.9900,   2 negative triangles
186: dt=0.9900,   2 negative triangles
187: dt=0.9900,   3 negative triangles
188: dt=0.9900,   2 negative triangles
writing spherical brain to ../surf/lh.sphere
spherical transformation took 0.0615 hours
FSRUNTIME@ mris_sphere  0.0615 hours 16 threads
#VMPC# mris_sphere VmPeak  1628284
mris_sphere done
#--------------------------------------------
#@# Surf Reg lh Tue Mar 10 07:53:10 CET 2026
/out/sourcedata/freesurfer/sub-v1s6x0051369_ses-1/scripts

 mris_register -curv ../surf/lh.sphere /opt/freesurfer/average/lh.folding.atlas.acfb40.noaparc.i12.2016-08-02.tif ../surf/lh.sphere.reg 

using smoothwm curvature for final alignment

cwd /out/sourcedata/freesurfer/sub-v1s6x0051369_ses-1/scripts
cmdline mris_register -curv ../surf/lh.sphere /opt/freesurfer/average/lh.folding.atlas.acfb40.noaparc.i12.2016-08-02.tif ../surf/lh.sphere.reg 

0 inflated.H
1 sulc
2 smoothwm (computed)
7.3.2
  7.3.2
reading surface from ../surf/lh.sphere...
reading template parameterization from /opt/freesurfer/average/lh.folding.atlas.acfb40.noaparc.i12.2016-08-02.tif...
MRISregister() -------
max_passes = 4 
min_degrees = 0.500000 
max_degrees = 64.000000 
nangles = 8 
tol=5.0e-01, sigma=0.0, host=dna06, nav=1024, nbrs=1, l_extern=10000.000, l_parea=0.200, l_nlarea=1.000, l_corr=1.000, l_dist=5.000
using quadratic fit line minimization
complete_dist_mat 0
rms 0
smooth_averages 0
remove_neg 0
ico_order 0
which_surface 0
target_radius 0.000000
nfields 0
scale 0.000000
desired_rms_height -1.000000
momentum 0.950000
nbhd_size -10
max_nbrs 10
niterations 25
nsurfaces 0
SURFACES 3
flags 16 (10)
use curv 16
no sulc 0
no rigid align 0
mris->nsize 1
mris->hemisphere 0
randomSeed 0

tol=5.0e-01, sigma=0.0, host=dna06, nav=1024, nbrs=1, l_extern=10000.000, l_parea=0.200, l_nlarea=1.000, l_corr=1.000, l_dist=5.000
using quadratic fit line minimization
--------------------
1 Reading lh.sulc
tol=1.0e+00, sigma=0.5, host=dna06, nav=1024, nbrs=1, l_extern=10000.000, l_parea=0.200, l_nlarea=1.000, l_corr=0.050, l_spring=0.500, l_dist=5.000
using quadratic fit line minimization
curvature mean = -0.000, std = 5.704
curvature mean = 0.031, std = 0.811
curvature mean = 0.006, std = 0.852
Starting MRISrigidBodyAlignGlobal()
Starting new MRISrigidBodyAlignGlobal_findMinSSE()
  new MRISrigidBodyAlignGlobal_findMinSSE min @ (-3.00, -6.50, 8.00) sse = 314369.7, elapsed since starting=0.1334 min
MRISrigidBodyAlignGlobal() done   0.13 min
curvature mean = 0.012, std = 0.816
curvature mean = 0.003, std = 0.938
curvature mean = 0.009, std = 0.825
curvature mean = 0.002, std = 0.973
curvature mean = 0.007, std = 0.826
curvature mean = 0.000, std = 0.988
2 Reading smoothwm
curvature mean = -0.016, std = 0.280
curvature mean = 0.043, std = 0.246
curvature mean = 0.047, std = 0.337
curvature mean = 0.040, std = 0.305
curvature mean = 0.030, std = 0.523
curvature mean = 0.039, std = 0.333
curvature mean = 0.017, std = 0.667
curvature mean = 0.039, std = 0.345
curvature mean = 0.005, std = 0.782
MRISregister() return, current seed 0
-01: dt=0.0000,  14 negative triangles  VmPeak 1624236
134: dt=0.9900,  14 negative triangles
135: dt=0.9900,  11 negative triangles
136: dt=0.9900,  12 negative triangles
137: dt=0.9900,   9 negative triangles
138: dt=0.9900,  11 negative triangles
139: dt=0.9900,   8 negative triangles
140: dt=0.9900,   9 negative triangles
141: dt=0.9900,   7 negative triangles
142: dt=0.9900,   8 negative triangles
143: dt=0.9900,  10 negative triangles
144: dt=0.9900,   7 negative triangles
145: dt=0.9900,   5 negative triangles
146: dt=0.9900,   4 negative triangles
147: dt=0.9900,   3 negative triangles
148: dt=0.9900,   2 negative triangles
149: dt=0.9900,   4 negative triangles
150: dt=0.9900,   2 negative triangles
writing registered surface to ../surf/lh.sphere.reg...
registration took 0.08 hours
#VMPC# mris_register VmPeak  1624236
FSRUNTIME@ mris_register  0.0843 hours 16 threads

 ln -sf lh.sphere.reg lh.fsaverage.sphere.reg 

#--------------------------------------------
#@# Jacobian white lh Tue Mar 10 07:58:14 CET 2026
/out/sourcedata/freesurfer/sub-v1s6x0051369_ses-1/scripts

 mris_jacobian ../surf/lh.white.preaparc ../surf/lh.sphere.reg ../surf/lh.jacobian_white 

reading surface from ../surf/lh.white.preaparc...
writing curvature file ../surf/lh.jacobian_white
#--------------------------------------------
#@# AvgCurv lh Tue Mar 10 07:58:15 CET 2026
/out/sourcedata/freesurfer/sub-v1s6x0051369_ses-1/scripts

 mrisp_paint -a 5 /opt/freesurfer/average/lh.folding.atlas.acfb40.noaparc.i12.2016-08-02.tif#6 ../surf/lh.sphere.reg ../surf/lh.avg_curv 

averaging curvature patterns 5 times...
reading surface from ../surf/lh.sphere.reg...
reading template parameterization from /opt/freesurfer/average/lh.folding.atlas.acfb40.noaparc.i12.2016-08-02.tif...
writing curvature file to ../surf/lh.avg_curv...
#-----------------------------------------
#@# Cortical Parc lh Tue Mar 10 07:58:15 CET 2026
/out/sourcedata/freesurfer/sub-v1s6x0051369_ses-1/scripts

 mris_ca_label -l ../label/lh.cortex.label -aseg ../mri/aseg.presurf.mgz -seed 1234 sub-v1s6x0051369_ses-1 lh ../surf/lh.sphere.reg /opt/freesurfer/average/lh.DKaparc.atlas.acfb40.noaparc.i12.2016-08-02.gcs ../label/lh.aparc.annot 

setting seed for random number generator to 1234
using ../mri/aseg.presurf.mgz aseg volume to correct midline
7.3.2
  7.3.2
reading atlas from /opt/freesurfer/average/lh.DKaparc.atlas.acfb40.noaparc.i12.2016-08-02.gcs...
reading color table from GCSA file....
average std = 0.8   using min determinant for regularization = 0.006
0 singular and 342 ill-conditioned covariance matrices regularized
input 0: MEAN CURVATURE, flags 0, avgs 5, name mean_curvature
labeling surface...
1541 labels changed using aseg
relabeling using gibbs priors...
000:   3541 changed, 154978 examined...
001:    852 changed, 14837 examined...
002:    242 changed, 4842 examined...
003:     93 changed, 1402 examined...
004:     38 changed, 554 examined...
005:     21 changed, 225 examined...
006:      6 changed, 117 examined...
007:      7 changed, 41 examined...
008:      5 changed, 43 examined...
009:      2 changed, 26 examined...
010:      0 changed, 9 examined...
307 labels changed using aseg
000: 135 total segments, 93 labels (339 vertices) changed
001: 45 total segments, 4 labels (21 vertices) changed
002: 41 total segments, 0 labels (0 vertices) changed
10 filter iterations complete (10 requested, 6 changed)
rationalizing unknown annotations with cortex label
relabeling unknown label...
relabeling corpuscallosum label...
2385 vertices marked for relabeling...
2385 labels changed in reclassification.
writing output to ../label/lh.aparc.annot...
classification took 0 minutes and 10 seconds.
#--------------------------------------------
#@# WhiteSurfs lh Tue Mar 10 07:58:26 CET 2026
cd /out/sourcedata/freesurfer/sub-v1s6x0051369_ses-1/mri
mris_place_surface --adgws-in ../surf/autodet.gw.stats.lh.dat --seg aseg.presurf.mgz --threads 16 --wm wm.mgz --invol brain.finalsurfs.mgz --lh --i ../surf/lh.white.preaparc --o ../surf/lh.white --white --nsmooth 0 --rip-label ../label/lh.cortex.label --rip-bg --rip-surf ../surf/lh.white.preaparc --aparc ../label/lh.aparc.annot
7.3.2
7.3.2

cd /out/sourcedata/freesurfer/sub-v1s6x0051369_ses-1/mri
setenv SUBJECTS_DIR /out/sourcedata/freesurfer
mris_place_surface --adgws-in ../surf/autodet.gw.stats.lh.dat --seg aseg.presurf.mgz --threads 16 --wm wm.mgz --invol brain.finalsurfs.mgz --lh --i ../surf/lh.white.preaparc --o ../surf/lh.white --white --nsmooth 0 --rip-label ../label/lh.cortex.label --rip-bg --rip-surf ../surf/lh.white.preaparc --aparc ../label/lh.aparc.annot 

Reading in input surface ../surf/lh.white.preaparc
Not smoothing input surface
Area    309952  0.34431  0.12299 0.000929   3.0898
Corner  929856 60.00000 14.15946 0.248933 178.1369
Edge    464928  0.90353  0.20381 0.041215   3.7557
Hinge   464928 11.74615 12.44775 0.000040 179.9263
Reading in aparc ../label/lh.aparc.annot
Reading in input volume brain.finalsurfs.mgz
Reading in wm volume wm.mgz
MRIclipBrightWM(): nthresh=34605, wmmin=5, clip=110 
MRIfindBrightNonWM(): 116 bright non-wm voxels segmented.
Masking bright non-wm for white surface
MRImask(): AllowDiffGeom = 1
MRImask(): AllowDiffGeom = 1
Reading in seg volume aseg.presurf.mgz
Ripping frozen voxels
Ripping vertices not in label ../label/lh.cortex.label
MRISripNotLabel() ripped 8782/154978 vertices (146196 unripped)
Reading in ripping surface ../surf/lh.white.preaparc
Reading in aparc ../label/lh.aparc.annot for ripsurf
Ripping BG
MRISripBasalGanglia(): 1 -2 2 0.5 ripped 454
Ripping segs (eg, WMSA, BG, frozen)
Starting MRISripSegs() d = (-2 2 0.5) segnos: 247 
MRISripSegs(): -2 2 0.5 ripped 0
vertex 77489: xyz = (-41.9395,-6.47307,-12.7293) oxyz = (-41.9395,-6.47307,-12.7293) wxzy = (-41.9395,-6.47307,-12.7293) pxyz = (0,0,0) 
CBVO Creating mask 154978
n_averages 4
Iteration 0 =========================================
n_averages=4, current_sigma=2
Computing target border values 
Entering MRIScomputeBorderValues_new(): 
  inside_hi   = 120.0000000;
  border_hi   = 109.9482960;
  border_low  =  70.0000000;
  outside_low =  59.7135050;
  outside_hi  = 109.9482960;
  sigma = 2;
  max_thickness = 10;
  step_size=0.5;
  STEP_SIZE=0.1;
  which = 1
  thresh = 0
  flags = 0
  CBVfindFirstPeakD1=0
  CBVfindFirstPeakD2=0
  nvertices=154978
  Gdiag_no=-1
  vno start=0, stop=154978
Replacing 255s with 0s
#SI# sigma=2 had to be increased for 171 vertices, nripped=9236
mean border=81.6, 88 (88) missing vertices, mean dist 0.3 [1.0 (%16.7)->0.5 (%83.3))]
%63 local maxima, %31 large gradients and % 0 min vals, 0 gradients ignored
nFirstPeakD1 0
MRIScomputeBorderValues_new() finished in 0.0150 min


Finding expansion regions
mean absolute distance = 0.60 +- 0.91
3250 vertices more than 2 sigmas from mean.
Averaging target values for 5 iterations...
Positioning Surface: tspring = 0.3, nspring = 0.3, spring = 0, niters = 100 l_repulse = 5, l_surf_repulse = 0, checktol = 0
Positioning pial surface
Entering MRISpositionSurface()
  max_mm = 0.3
  MAX_REDUCTIONS = 2, REDUCTION_PCT = 0.5
  parms->check_tol = 0, niterations = 100
tol=1.0e-04, sigma=2.0, host=dna06, nav=4, nbrs=2, l_repulse=5.000, l_tspring=0.300, l_nspring=0.300, l_intensity=0.200, l_curv=1.000
mom=0.00, dt=0.50
complete_dist_mat 0
rms 0
smooth_averages 0
remove_neg 0
ico_order 0
which_surface 0
target_radius 0.000000
nfields 0
scale 0.000000
desired_rms_height 0.000000
momentum 0.000000
nbhd_size 0
max_nbrs 0
niterations 100
nsurfaces 0
SURFACES 3
flags 0 (0)
use curv 0
no sulc 0
no rigid align 0
mris->nsize 2
mris->hemisphere 0
randomSeed 0

000: dt: 0.0000, sse=1641598.2, rms=6.971
001: dt: 0.5000, sse=719412.2, rms=4.126 (40.812%)
002: dt: 0.5000, sse=521728.4, rms=3.202 (22.407%)
003: dt: 0.5000, sse=499722.3, rms=3.079 (3.828%)
004: dt: 0.5000, sse=469096.4, rms=2.894 (6.015%)
rms = 3.0216/2.8938, sse=492526.6/469096.4, time step reduction 1 of 3 to 0.250  0 1 1
   RMS increased, rejecting step
005: dt: 0.2500, sse=350351.3, rms=2.055 (29.000%)
006: dt: 0.2500, sse=308478.9, rms=1.655 (19.441%)
007: dt: 0.2500, sse=297923.9, rms=1.532 (7.461%)
rms = 1.4992/1.5317, sse=295751.5/297923.9, time step reduction 2 of 3 to 0.125  0 0 1
008: dt: 0.2500, sse=295751.5, rms=1.499 (2.120%)
rms = 1.4557/1.4992, sse=292638.3/295751.5, time step reduction 3 of 3 to 0.062  0 0 1
009: dt: 0.1250, sse=292638.2, rms=1.456 (2.902%)
  maximum number of reductions reached, breaking from loop
positioning took 0.9 minutes
Iteration 1 =========================================
n_averages=2, current_sigma=1
Computing target border values 
Entering MRIScomputeBorderValues_new(): 
  inside_hi   = 120.0000000;
  border_hi   = 109.9482960;
  border_low  =  70.0000000;
  outside_low =  59.7135050;
  outside_hi  = 109.9482960;
  sigma = 1;
  max_thickness = 10;
  step_size=0.5;
  STEP_SIZE=0.1;
  which = 1
  thresh = 0
  flags = 0
  CBVfindFirstPeakD1=0
  CBVfindFirstPeakD2=0
  nvertices=154978
  Gdiag_no=-1
  vno start=0, stop=154978
Replacing 255s with 0s
#SI# sigma=1 had to be increased for 130 vertices, nripped=9236
mean border=84.0, 123 (42) missing vertices, mean dist -0.2 [0.4 (%67.8)->0.3 (%32.2))]
%73 local maxima, %21 large gradients and % 0 min vals, 0 gradients ignored
nFirstPeakD1 0
MRIScomputeBorderValues_new() finished in 0.0109 min


Finding expansion regions
mean absolute distance = 0.37 +- 0.70
3896 vertices more than 2 sigmas from mean.
Averaging target values for 5 iterations...
Positioning Surface: tspring = 0.3, nspring = 0.3, spring = 0, niters = 100 l_repulse = 5, l_surf_repulse = 0, checktol = 0
Positioning pial surface
Entering MRISpositionSurface()
  max_mm = 0.3
  MAX_REDUCTIONS = 2, REDUCTION_PCT = 0.5
  parms->check_tol = 0, niterations = 100
tol=1.0e-04, sigma=1.0, host=dna06, nav=2, nbrs=2, l_repulse=5.000, l_tspring=0.300, l_nspring=0.300, l_intensity=0.200, l_curv=1.000
mom=0.00, dt=0.50
000: dt: 0.0000, sse=656768.6, rms=3.769
010: dt: 0.5000, sse=445545.8, rms=2.639 (29.973%)
rms = 2.7466/2.6394, sse=461561.3/445545.8, time step reduction 1 of 3 to 0.250  0 1 1
   RMS increased, rejecting step
011: dt: 0.2500, sse=354816.2, rms=1.965 (25.537%)
012: dt: 0.2500, sse=311858.5, rms=1.541 (21.584%)
013: dt: 0.2500, sse=297528.2, rms=1.370 (11.120%)
014: dt: 0.2500, sse=292867.8, rms=1.311 (4.304%)
rms = 1.2806/1.3108, sse=290483.7/292867.8, time step reduction 2 of 3 to 0.125  0 0 1
015: dt: 0.2500, sse=290483.7, rms=1.281 (2.302%)
rms = 1.2442/1.2806, sse=287907.4/290483.7, time step reduction 3 of 3 to 0.062  0 0 1
016: dt: 0.1250, sse=287907.4, rms=1.244 (2.847%)
  maximum number of reductions reached, breaking from loop
positioning took 0.7 minutes
Iteration 2 =========================================
n_averages=1, current_sigma=0.5
Computing target border values 
Entering MRIScomputeBorderValues_new(): 
  inside_hi   = 120.0000000;
  border_hi   = 109.9482960;
  border_low  =  70.0000000;
  outside_low =  59.7135050;
  outside_hi  = 109.9482960;
  sigma = 0.5;
  max_thickness = 10;
  step_size=0.5;
  STEP_SIZE=0.1;
  which = 1
  thresh = 0
  flags = 0
  CBVfindFirstPeakD1=0
  CBVfindFirstPeakD2=0
  nvertices=154978
  Gdiag_no=-1
  vno start=0, stop=154978
Replacing 255s with 0s
#SI# sigma=0.5 had to be increased for 177 vertices, nripped=9236
mean border=86.1, 169 (36) missing vertices, mean dist -0.1 [0.3 (%68.4)->0.2 (%31.6))]
%83 local maxima, %11 large gradients and % 0 min vals, 0 gradients ignored
nFirstPeakD1 0
MRIScomputeBorderValues_new() finished in 0.0065 min


Finding expansion regions
mean absolute distance = 0.30 +- 0.48
4119 vertices more than 2 sigmas from mean.
Averaging target values for 5 iterations...
Positioning Surface: tspring = 0.3, nspring = 0.3, spring = 0, niters = 100 l_repulse = 5, l_surf_repulse = 0, checktol = 0
Positioning pial surface
Entering MRISpositionSurface()
  max_mm = 0.3
  MAX_REDUCTIONS = 2, REDUCTION_PCT = 0.5
  parms->check_tol = 0, niterations = 100
tol=1.0e-04, sigma=0.5, host=dna06, nav=1, nbrs=2, l_repulse=5.000, l_tspring=0.300, l_nspring=0.300, l_intensity=0.200, l_curv=1.000
mom=0.00, dt=0.50
000: dt: 0.0000, sse=512085.8, rms=3.065
017: dt: 0.5000, sse=423176.5, rms=2.481 (19.046%)
rms = 2.6838/2.4812, sse=449131.2/423176.5, time step reduction 1 of 3 to 0.250  0 1 1
   RMS increased, rejecting step
018: dt: 0.2500, sse=327885.4, rms=1.715 (30.867%)
019: dt: 0.2500, sse=292791.0, rms=1.325 (22.744%)
020: dt: 0.2500, sse=285546.7, rms=1.223 (7.709%)
rms = 1.1971/1.2231, sse=284070.7/285546.7, time step reduction 2 of 3 to 0.125  0 0 1
021: dt: 0.2500, sse=284070.7, rms=1.197 (2.124%)
rms = 1.1487/1.1971, sse=278555.5/284070.7, time step reduction 3 of 3 to 0.062  0 0 1
022: dt: 0.1250, sse=278555.5, rms=1.149 (4.042%)
  maximum number of reductions reached, breaking from loop
positioning took 0.6 minutes
Iteration 3 =========================================
n_averages=0, current_sigma=0.25
Computing target border values 
Entering MRIScomputeBorderValues_new(): 
  inside_hi   = 120.0000000;
  border_hi   = 109.9482960;
  border_low  =  70.0000000;
  outside_low =  59.7135050;
  outside_hi  = 109.9482960;
  sigma = 0.25;
  max_thickness = 10;
  step_size=0.5;
  STEP_SIZE=0.1;
  which = 1
  thresh = 0
  flags = 0
  CBVfindFirstPeakD1=0
  CBVfindFirstPeakD2=0
  nvertices=154978
  Gdiag_no=-1
  vno start=0, stop=154978
Replacing 255s with 0s
#SI# sigma=0.25 had to be increased for 251 vertices, nripped=9236
mean border=86.9, 200 (32) missing vertices, mean dist -0.1 [0.3 (%57.2)->0.2 (%42.8))]
%87 local maxima, % 7 large gradients and % 0 min vals, 0 gradients ignored
nFirstPeakD1 0
MRIScomputeBorderValues_new() finished in 0.0043 min


Finding expansion regions
mean absolute distance = 0.26 +- 0.40
4483 vertices more than 2 sigmas from mean.
Averaging target values for 5 iterations...
Positioning Surface: tspring = 0.3, nspring = 0.3, spring = 0, niters = 100 l_repulse = 5, l_surf_repulse = 0, checktol = 0
Positioning pial surface
Entering MRISpositionSurface()
  max_mm = 0.3
  MAX_REDUCTIONS = 2, REDUCTION_PCT = 0.5
  parms->check_tol = 0, niterations = 100
tol=1.0e-04, sigma=0.2, host=dna06, nav=0, nbrs=2, l_repulse=5.000, l_tspring=0.300, l_nspring=0.300, l_intensity=0.200, l_curv=1.000
mom=0.00, dt=0.50
000: dt: 0.0000, sse=316824.9, rms=1.658
rms = 1.6194/1.6581, sse=322477.0/316824.9, time step reduction 1 of 3 to 0.250  0 1 1
023: dt: 0.5000, sse=322477.0, rms=1.619 (2.333%)
024: dt: 0.2500, sse=282742.9, rms=1.203 (25.719%)
025: dt: 0.2500, sse=271317.5, rms=1.035 (13.991%)
rms = 1.0927/1.0346, sse=275645.6/271317.5, time step reduction 2 of 3 to 0.125  0 1 1
   RMS increased, rejecting step
026: dt: 0.1250, sse=267942.7, rms=0.977 (5.583%)
027: dt: 0.1250, sse=264241.5, rms=0.910 (6.811%)
rms = 0.9056/0.9103, sse=264725.0/264241.5, time step reduction 3 of 3 to 0.062  0 1 1
028: dt: 0.1250, sse=264725.0, rms=0.906 (0.523%)
  maximum number of reductions reached, breaking from loop
positioning took 0.6 minutes


Writing output to ../surf/lh.white
#ET# mris_place_surface  2.90 minutes
#VMPC# mris_place_surfaces VmPeak  3202472
mris_place_surface done
#--------------------------------------------
#@# T1PialSurf lh Tue Mar 10 08:01:26 CET 2026
cd /out/sourcedata/freesurfer/sub-v1s6x0051369_ses-1/mri
mris_place_surface --adgws-in ../surf/autodet.gw.stats.lh.dat --seg aseg.presurf.mgz --threads 16 --wm wm.mgz --invol brain.finalsurfs.mgz --lh --i ../surf/lh.white --o ../surf/lh.pial.T1 --pial --nsmooth 0 --rip-label ../label/lh.cortex+hipamyg.label --pin-medial-wall ../label/lh.cortex.label --aparc ../label/lh.aparc.annot --repulse-surf ../surf/lh.white --white-surf ../surf/lh.white
7.3.2
7.3.2

cd /out/sourcedata/freesurfer/sub-v1s6x0051369_ses-1/mri
setenv SUBJECTS_DIR /out/sourcedata/freesurfer
mris_place_surface --adgws-in ../surf/autodet.gw.stats.lh.dat --seg aseg.presurf.mgz --threads 16 --wm wm.mgz --invol brain.finalsurfs.mgz --lh --i ../surf/lh.white --o ../surf/lh.pial.T1 --pial --nsmooth 0 --rip-label ../label/lh.cortex+hipamyg.label --pin-medial-wall ../label/lh.cortex.label --aparc ../label/lh.aparc.annot --repulse-surf ../surf/lh.white --white-surf ../surf/lh.white 

Reading in input surface ../surf/lh.white
Not smoothing input surface
Area    309952  0.34779  0.13547 0.000932   3.0898
Corner  929856 60.00000 15.40866 0.434601 177.8861
Edge    464928  0.90951  0.22082 0.010083   3.7809
Hinge   464928 11.82769 12.73606 0.000013 179.9649
Reading white surface coordinates from ../surf/lh.white
Reading repulsion surface coordinates from ../surf/lh.white
Reading in aparc ../label/lh.aparc.annot
Reading in input volume brain.finalsurfs.mgz
Reading in wm volume wm.mgz
MRIclipBrightWM(): nthresh=34605, wmmin=5, clip=110 
MRIfindBrightNonWM(): 116 bright non-wm voxels segmented.
Masking bright non-wm for pial surface mid_gray = 66.5961
MRImask(): AllowDiffGeom = 1
MRImask(): AllowDiffGeom = 1
MRImask(): AllowDiffGeom = 1
Reading in seg volume aseg.presurf.mgz
Ripping frozen voxels
Ripping vertices not in label ../label/lh.cortex+hipamyg.label
MRISripNotLabel() ripped 6081/154978 vertices (148897 unripped)
INFO: rip surface needed but not specified, so using input surface
Ripping segs (eg, WMSA, BG, frozen)
Starting MRISripSegs() d = (-2 2 0.5) segnos: 247 
MRISripSegs(): -2 2 0.5 ripped 0
vertex 77489: xyz = (-41.9822,-6.60531,-13.0255) oxyz = (-41.9822,-6.60531,-13.0255) wxzy = (-41.9822,-6.60531,-13.0255) pxyz = (-41.9822,-6.60531,-13.0255) 
CBVO Creating mask 154978
n_averages 16
Iteration 0 =========================================
n_averages=16, current_sigma=2
Computing target border values 
Entering MRIScomputeBorderValues_new(): 
  inside_hi   =  94.0517040;
  border_hi   =  59.7135050;
  border_low  =  39.1405110;
  outside_low =  10.0000000;
  outside_hi  =  54.5702590;
  sigma = 2;
  max_thickness = 10;
  step_size=0.5;
  STEP_SIZE=0.1;
  which = 2
  thresh = 0
  flags = 0
  CBVfindFirstPeakD1=0
  CBVfindFirstPeakD2=0
  nvertices=154978
  Gdiag_no=-1
  vno start=0, stop=154978
Replacing 255s with 0s
#SI# sigma=2 had to be increased for 248 vertices, nripped=6081
mean border=58.1, 161 (161) missing vertices, mean dist 1.6 [1.4 (%0.0)->2.8 (%100.0))]
%15 local maxima, %39 large gradients and %42 min vals, 0 gradients ignored
nFirstPeakD1 0
MRIScomputeBorderValues_new() finished in 0.0136 min


Averaging target values for 5 iterations...
Positioning Surface: tspring = 0.3, nspring = 0.3, spring = 0, niters = 100 l_repulse = 0, l_surf_repulse = 5, checktol = 0
Positioning pial surface
Entering MRISpositionSurface()
  max_mm = 0.3
  MAX_REDUCTIONS = 2, REDUCTION_PCT = 0.5
  parms->check_tol = 0, niterations = 100
tol=1.0e-04, sigma=2.0, host=dna06, nav=16, nbrs=2, l_surf_repulse=5.000, l_tspring=0.300, l_nspring=0.300, l_intensity=0.200, l_curv=1.000
mom=0.00, dt=0.50
complete_dist_mat 0
rms 0
smooth_averages 0
remove_neg 0
ico_order 0
which_surface 0
target_radius 0.000000
nfields 0
scale 0.000000
desired_rms_height 0.000000
momentum 0.000000
nbhd_size 0
max_nbrs 0
niterations 100
nsurfaces 0
SURFACES 3
flags 0 (0)
use curv 0
no sulc 0
no rigid align 0
mris->nsize 2
mris->hemisphere 0
randomSeed 0

000: dt: 0.0000, sse=26068736.0, rms=29.472
001: dt: 0.5000, sse=18173714.0, rms=24.559 (16.668%)
002: dt: 0.5000, sse=12711158.0, rms=20.481 (16.607%)
003: dt: 0.5000, sse=9208505.0, rms=17.367 (15.205%)
004: dt: 0.5000, sse=6960780.5, rms=15.030 (13.452%)
005: dt: 0.5000, sse=5379533.0, rms=13.139 (12.583%)
006: dt: 0.5000, sse=4143177.5, rms=11.444 (12.904%)
007: dt: 0.5000, sse=3176653.2, rms=9.917 (13.340%)
008: dt: 0.5000, sse=2449537.8, rms=8.590 (13.381%)
009: dt: 0.5000, sse=1941092.6, rms=7.523 (12.426%)
010: dt: 0.5000, sse=1585434.5, rms=6.673 (11.296%)
011: dt: 0.5000, sse=1355340.8, rms=6.058 (9.217%)
012: dt: 0.5000, sse=1186958.8, rms=5.563 (8.166%)
013: dt: 0.5000, sse=1077610.5, rms=5.215 (6.263%)
014: dt: 0.5000, sse=992029.1, rms=4.924 (5.576%)
015: dt: 0.5000, sse=936549.6, rms=4.725 (4.038%)
016: dt: 0.5000, sse=890912.1, rms=4.554 (3.623%)
017: dt: 0.5000, sse=860300.2, rms=4.435 (2.612%)
018: dt: 0.5000, sse=834541.8, rms=4.332 (2.333%)
019: dt: 0.5000, sse=821579.9, rms=4.278 (1.242%)
020: dt: 0.5000, sse=805647.8, rms=4.211 (1.563%)
rms = 4.1839/4.2109, sse=799707.7/805647.8, time step reduction 1 of 3 to 0.250  0 0 1
021: dt: 0.5000, sse=799707.7, rms=4.184 (0.640%)
022: dt: 0.2500, sse=634840.0, rms=3.433 (17.953%)
023: dt: 0.2500, sse=598476.8, rms=3.247 (5.421%)
rms = 3.2201/3.2467, sse=593839.8/598476.8, time step reduction 2 of 3 to 0.125  0 0 1
024: dt: 0.2500, sse=593839.8, rms=3.220 (0.818%)
025: dt: 0.1250, sse=567248.7, rms=3.073 (4.554%)
rms = 3.0473/3.0735, sse=562674.4/567248.7, time step reduction 3 of 3 to 0.062  0 0 1
026: dt: 0.1250, sse=562674.4, rms=3.047 (0.850%)
  maximum number of reductions reached, breaking from loop
positioning took 2.3 minutes
Iteration 1 =========================================
n_averages=8, current_sigma=1
Computing target border values 
Entering MRIScomputeBorderValues_new(): 
  inside_hi   =  94.0517040;
  border_hi   =  59.7135050;
  border_low  =  39.1405110;
  outside_low =  10.0000000;
  outside_hi  =  54.5702590;
  sigma = 1;
  max_thickness = 10;
  step_size=0.5;
  STEP_SIZE=0.1;
  which = 2
  thresh = 0
  flags = 0
  CBVfindFirstPeakD1=0
  CBVfindFirstPeakD2=0
  nvertices=154978
  Gdiag_no=-1
  vno start=0, stop=154978
Replacing 255s with 0s
#SI# sigma=1 had to be increased for 13965 vertices, nripped=6081
mean border=56.6, 2343 (35) missing vertices, mean dist 0.1 [0.1 (%42.8)->0.5 (%57.2))]
%25 local maxima, %33 large gradients and %37 min vals, 0 gradients ignored
nFirstPeakD1 0
MRIScomputeBorderValues_new() finished in 0.0053 min


Averaging target values for 5 iterations...
Positioning Surface: tspring = 0.3, nspring = 0.3, spring = 0, niters = 100 l_repulse = 0, l_surf_repulse = 5, checktol = 0
Positioning pial surface
Entering MRISpositionSurface()
  max_mm = 0.3
  MAX_REDUCTIONS = 2, REDUCTION_PCT = 0.5
  parms->check_tol = 0, niterations = 100
tol=1.0e-04, sigma=1.0, host=dna06, nav=8, nbrs=2, l_surf_repulse=5.000, l_tspring=0.300, l_nspring=0.300, l_intensity=0.200, l_curv=1.000
mom=0.00, dt=0.50
000: dt: 0.0000, sse=813828.8, rms=4.009
027: dt: 0.5000, sse=782656.9, rms=3.875 (3.336%)
rms = 3.9719/3.8752, sse=800805.1/782657.0, time step reduction 1 of 3 to 0.250  0 1 1
   RMS increased, rejecting step
028: dt: 0.2500, sse=666847.6, rms=3.331 (14.030%)
029: dt: 0.2500, sse=625424.7, rms=3.117 (6.436%)
030: dt: 0.2500, sse=614325.9, rms=3.055 (1.979%)
rms = 3.0335/3.0554, sse=610325.1/614326.0, time step reduction 2 of 3 to 0.125  0 0 1
031: dt: 0.2500, sse=610325.1, rms=3.033 (0.717%)
032: dt: 0.1250, sse=588206.8, rms=2.904 (4.261%)
rms = 2.8764/2.9042, sse=583517.8/588206.8, time step reduction 3 of 3 to 0.062  0 0 1
033: dt: 0.1250, sse=583517.8, rms=2.876 (0.957%)
  maximum number of reductions reached, breaking from loop
positioning took 0.6 minutes
Iteration 2 =========================================
n_averages=4, current_sigma=0.5
Computing target border values 
Entering MRIScomputeBorderValues_new(): 
  inside_hi   =  94.0517040;
  border_hi   =  59.7135050;
  border_low  =  39.1405110;
  outside_low =  10.0000000;
  outside_hi  =  54.5702590;
  sigma = 0.5;
  max_thickness = 10;
  step_size=0.5;
  STEP_SIZE=0.1;
  which = 2
  thresh = 0
  flags = 0
  CBVfindFirstPeakD1=0
  CBVfindFirstPeakD2=0
  nvertices=154978
  Gdiag_no=-1
  vno start=0, stop=154978
Replacing 255s with 0s
#SI# sigma=0.5 had to be increased for 15334 vertices, nripped=6081
mean border=55.7, 2835 (27) missing vertices, mean dist 0.1 [0.2 (%41.0)->0.4 (%59.0))]
%36 local maxima, %21 large gradients and %37 min vals, 0 gradients ignored
nFirstPeakD1 0
MRIScomputeBorderValues_new() finished in 0.0032 min


Averaging target values for 5 iterations...
Positioning Surface: tspring = 0.3, nspring = 0.3, spring = 0, niters = 100 l_repulse = 0, l_surf_repulse = 5, checktol = 0
Positioning pial surface
Entering MRISpositionSurface()
  max_mm = 0.3
  MAX_REDUCTIONS = 2, REDUCTION_PCT = 0.5
  parms->check_tol = 0, niterations = 100
tol=1.0e-04, sigma=0.5, host=dna06, nav=4, nbrs=2, l_surf_repulse=5.000, l_tspring=0.300, l_nspring=0.300, l_intensity=0.200, l_curv=1.000
mom=0.00, dt=0.50
000: dt: 0.0000, sse=667190.6, rms=3.307
rms = 3.6966/3.3069, sse=747818.8/667190.6, time step reduction 1 of 3 to 0.250  0 1 1
   RMS increased, rejecting step
034: dt: 0.2500, sse=612513.8, rms=3.014 (8.867%)
035: dt: 0.2500, sse=593498.5, rms=2.906 (3.577%)
rms = 2.8973/2.9059, sse=591467.4/593498.5, time step reduction 2 of 3 to 0.125  0 0 1
036: dt: 0.2500, sse=591467.4, rms=2.897 (0.297%)
037: dt: 0.1250, sse=574024.2, rms=2.792 (3.650%)
rms = 2.7655/2.7915, sse=569615.1/574024.2, time step reduction 3 of 3 to 0.062  0 0 1
038: dt: 0.1250, sse=569615.1, rms=2.765 (0.934%)
  maximum number of reductions reached, breaking from loop
positioning took 0.4 minutes
Iteration 3 =========================================
n_averages=2, current_sigma=0.25
Computing target border values 
Entering MRIScomputeBorderValues_new(): 
  inside_hi   =  94.0517040;
  border_hi   =  59.7135050;
  border_low  =  39.1405110;
  outside_low =  10.0000000;
  outside_hi  =  54.5702590;
  sigma = 0.25;
  max_thickness = 10;
  step_size=0.5;
  STEP_SIZE=0.1;
  which = 2
  thresh = 0
  flags = 0
  CBVfindFirstPeakD1=0
  CBVfindFirstPeakD2=0
  nvertices=154978
  Gdiag_no=-1
  vno start=0, stop=154978
Replacing 255s with 0s
#SI# sigma=0.25 had to be increased for 12845 vertices, nripped=6081
mean border=55.1, 6021 (22) missing vertices, mean dist 0.1 [0.2 (%43.8)->0.3 (%56.2))]
%40 local maxima, %16 large gradients and %35 min vals, 0 gradients ignored
nFirstPeakD1 0
MRIScomputeBorderValues_new() finished in 0.0022 min


Averaging target values for 5 iterations...
Positioning Surface: tspring = 0.3, nspring = 0.3, spring = 0, niters = 100 l_repulse = 0, l_surf_repulse = 5, checktol = 0
Positioning pial surface
Entering MRISpositionSurface()
  max_mm = 0.3
  MAX_REDUCTIONS = 2, REDUCTION_PCT = 0.5
  parms->check_tol = 0, niterations = 100
tol=1.0e-04, sigma=0.2, host=dna06, nav=2, nbrs=2, l_surf_repulse=5.000, l_tspring=0.300, l_nspring=0.300, l_intensity=0.200, l_curv=1.000
mom=0.00, dt=0.50
000: dt: 0.0000, sse=598999.6, rms=2.937
rms = 3.3436/2.9367, sse=672778.7/598999.6, time step reduction 1 of 3 to 0.250  0 1 1
   RMS increased, rejecting step
039: dt: 0.2500, sse=579291.6, rms=2.821 (3.939%)
rms = 2.7890/2.8210, sse=573007.6/579291.5, time step reduction 2 of 3 to 0.125  0 0 1
040: dt: 0.2500, sse=573007.6, rms=2.789 (1.133%)
041: dt: 0.1250, sse=562787.9, rms=2.726 (2.271%)
rms = 2.6972/2.7257, sse=557867.3/562787.9, time step reduction 3 of 3 to 0.062  0 0 1
042: dt: 0.1250, sse=557867.3, rms=2.697 (1.047%)
  maximum number of reductions reached, breaking from loop
positioning took 0.4 minutes
Pinning medial wall to white surface
removing intersecting faces
000: 2 intersecting
terminating search with 0 intersecting


Writing output to ../surf/lh.pial.T1
#ET# mris_place_surface  3.84 minutes
#VMPC# mris_place_surfaces VmPeak  2497804
mris_place_surface done
#@# white curv lh Tue Mar 10 08:05:22 CET 2026
cd /out/sourcedata/freesurfer/sub-v1s6x0051369_ses-1/mri
mris_place_surface --curv-map ../surf/lh.white 2 10 ../surf/lh.curv
insurf  ../surf/lh.white, nbrs 2, curvature_avgs 10
writing curvature file ../surf/lh.curv
#@# white area lh Tue Mar 10 08:05:24 CET 2026
cd /out/sourcedata/freesurfer/sub-v1s6x0051369_ses-1/mri
mris_place_surface --area-map ../surf/lh.white ../surf/lh.area
writing curvature file ../surf/lh.area
#@# pial curv lh Tue Mar 10 08:05:25 CET 2026
cd /out/sourcedata/freesurfer/sub-v1s6x0051369_ses-1/mri
mris_place_surface --curv-map ../surf/lh.pial 2 10 ../surf/lh.curv.pial
insurf  ../surf/lh.pial, nbrs 2, curvature_avgs 10
writing curvature file ../surf/lh.curv.pial
#@# pial area lh Tue Mar 10 08:05:27 CET 2026
cd /out/sourcedata/freesurfer/sub-v1s6x0051369_ses-1/mri
mris_place_surface --area-map ../surf/lh.pial ../surf/lh.area.pial
writing curvature file ../surf/lh.area.pial
#@# thickness lh Tue Mar 10 08:05:28 CET 2026
cd /out/sourcedata/freesurfer/sub-v1s6x0051369_ses-1/mri
mris_place_surface --thickness ../surf/lh.white ../surf/lh.pial 20 5 ../surf/lh.thickness
0 of 154978 vertices processed
25000 of 154978 vertices processed
50000 of 154978 vertices processed
75000 of 154978 vertices processed
100000 of 154978 vertices processed
125000 of 154978 vertices processed
150000 of 154978 vertices processed
0 of 154978 vertices processed
25000 of 154978 vertices processed
50000 of 154978 vertices processed
75000 of 154978 vertices processed
100000 of 154978 vertices processed
125000 of 154978 vertices processed
150000 of 154978 vertices processed
thickness calculation complete, 446:1629 truncations.
63277 vertices at 0 distance
126792 vertices at 1 distance
73950 vertices at 2 distance
27070 vertices at 3 distance
10606 vertices at 4 distance
4403 vertices at 5 distance
1892 vertices at 6 distance
848 vertices at 7 distance
425 vertices at 8 distance
219 vertices at 9 distance
113 vertices at 10 distance
80 vertices at 11 distance
60 vertices at 12 distance
49 vertices at 13 distance
23 vertices at 14 distance
29 vertices at 15 distance
13 vertices at 16 distance
24 vertices at 17 distance
37 vertices at 18 distance
22 vertices at 19 distance
24 vertices at 20 distance
writing curvature file ../surf/lh.thickness
#@# area and vertex vol lh Tue Mar 10 08:06:00 CET 2026
cd /out/sourcedata/freesurfer/sub-v1s6x0051369_ses-1/mri
mris_place_surface --thickness ../surf/lh.white ../surf/lh.pial 20 5 ../surf/lh.thickness
/out/sourcedata/freesurfer/sub-v1s6x0051369_ses-1/surf
mris_calc -o lh.area.mid lh.area add lh.area.pial
Saving result to 'lh.area.mid' (type = MRI_CURV_FILE)                       [ ok ]
mris_calc -o lh.area.mid lh.area.mid div 2
Saving result to 'lh.area.mid' (type = MRI_CURV_FILE)                       [ ok ]
mris_convert --volume sub-v1s6x0051369_ses-1 lh /out/sourcedata/freesurfer/sub-v1s6x0051369_ses-1/surf/lh.volume
masking with /out/sourcedata/freesurfer/sub-v1s6x0051369_ses-1/label/lh.cortex.label
Total face volume 284205
Total vertex volume 283998 (mask=0)
#@# sub-v1s6x0051369_ses-1 lh 283998
 
vertexvol Done

#-----------------------------------------
#@# Curvature Stats lh Tue Mar 10 08:06:02 CET 2026
/out/sourcedata/freesurfer/sub-v1s6x0051369_ses-1/surf

 mris_curvature_stats -m --writeCurvatureFiles -G -o ../stats/lh.curv.stats -F smoothwm sub-v1s6x0051369_ses-1 lh curv sulc 

             Toggling save flag on curvature files                       [ ok ]
                 Outputting results using filestem   [ ../stats/lh.curv.stats ]
             Toggling save flag on curvature files                       [ ok ]
                                   Setting surface [ sub-v1s6x0051369_ses-1/lh.smoothwm ]
                                Reading surface...                       [ ok ]
                                   Setting texture                     [ curv ]
                                Reading texture...                       [ ok ]
                                   Setting texture                     [ sulc ]
                                Reading texture...Gb_filter = 0
                       [ ok ]
      Calculating Discrete Principal Curvatures...
      Determining geometric order for vno faces... [####################] [ ok ]
                      Determining KH curvatures... [####################] [ ok ]
                    Determining k1k2 curvatures... [####################] [ ok ]
                                   deltaViolations                      [ 307 ]
Gb_filter = 0

WARN:    S lookup   min:                          -0.038298
WARN:    S explicit min:                          0.000000	vertex = 241
#-----------------------------------------
#@# Cortical Parc 2 lh Tue Mar 10 08:06:04 CET 2026
/out/sourcedata/freesurfer/sub-v1s6x0051369_ses-1/scripts

 mris_ca_label -l ../label/lh.cortex.label -aseg ../mri/aseg.presurf.mgz -seed 1234 sub-v1s6x0051369_ses-1 lh ../surf/lh.sphere.reg /opt/freesurfer/average/lh.CDaparc.atlas.acfb40.noaparc.i12.2016-08-02.gcs ../label/lh.aparc.a2009s.annot 

setting seed for random number generator to 1234
using ../mri/aseg.presurf.mgz aseg volume to correct midline
7.3.2
  7.3.2
reading atlas from /opt/freesurfer/average/lh.CDaparc.atlas.acfb40.noaparc.i12.2016-08-02.gcs...
reading color table from GCSA file....
average std = 3.0   using min determinant for regularization = 0.088
0 singular and 0 ill-conditioned covariance matrices regularized
input 0: MEAN CURVATURE, flags 0, avgs 5, name mean_curvature
labeling surface...
16 labels changed using aseg
relabeling using gibbs priors...
000:  10074 changed, 154978 examined...
001:   2367 changed, 39470 examined...
002:    687 changed, 12622 examined...
003:    265 changed, 3914 examined...
004:    160 changed, 1588 examined...
005:     80 changed, 890 examined...
006:     44 changed, 486 examined...
007:     31 changed, 273 examined...
008:     23 changed, 167 examined...
009:     13 changed, 117 examined...
010:      6 changed, 78 examined...
011:      5 changed, 37 examined...
012:      5 changed, 26 examined...
013:      1 changed, 29 examined...
014:      1 changed, 7 examined...
015:      2 changed, 7 examined...
016:      2 changed, 10 examined...
017:      1 changed, 9 examined...
018:      2 changed, 7 examined...
019:      0 changed, 11 examined...
0 labels changed using aseg
000: 260 total segments, 178 labels (2990 vertices) changed
001: 96 total segments, 15 labels (536 vertices) changed
002: 81 total segments, 0 labels (0 vertices) changed
10 filter iterations complete (10 requested, 35 changed)
rationalizing unknown annotations with cortex label
relabeling Medial_wall label...
1546 vertices marked for relabeling...
1546 labels changed in reclassification.
writing output to ../label/lh.aparc.a2009s.annot...
classification took 0 minutes and 14 seconds.
#-----------------------------------------
#@# Cortical Parc 3 lh Tue Mar 10 08:06:18 CET 2026
/out/sourcedata/freesurfer/sub-v1s6x0051369_ses-1/scripts

 mris_ca_label -l ../label/lh.cortex.label -aseg ../mri/aseg.presurf.mgz -seed 1234 sub-v1s6x0051369_ses-1 lh ../surf/lh.sphere.reg /opt/freesurfer/average/lh.DKTaparc.atlas.acfb40.noaparc.i12.2016-08-02.gcs ../label/lh.aparc.DKTatlas.annot 

setting seed for random number generator to 1234
using ../mri/aseg.presurf.mgz aseg volume to correct midline
7.3.2
  7.3.2
reading atlas from /opt/freesurfer/average/lh.DKTaparc.atlas.acfb40.noaparc.i12.2016-08-02.gcs...
reading color table from GCSA file....
average std = 1.4   using min determinant for regularization = 0.020
0 singular and 383 ill-conditioned covariance matrices regularized
input 0: MEAN CURVATURE, flags 0, avgs 5, name mean_curvature
labeling surface...
1711 labels changed using aseg
relabeling using gibbs priors...
000:   2320 changed, 154978 examined...
001:    529 changed, 10748 examined...
002:    131 changed, 3100 examined...
003:     61 changed, 809 examined...
004:     48 changed, 343 examined...
005:     26 changed, 236 examined...
006:     22 changed, 131 examined...
007:     18 changed, 115 examined...
008:     13 changed, 91 examined...
009:     11 changed, 74 examined...
010:      8 changed, 51 examined...
011:      7 changed, 47 examined...
012:      9 changed, 44 examined...
013:      6 changed, 45 examined...
014:      3 changed, 32 examined...
015:      3 changed, 22 examined...
016:      2 changed, 17 examined...
017:      2 changed, 12 examined...
018:      3 changed, 10 examined...
019:      1 changed, 22 examined...
020:      0 changed, 6 examined...
375 labels changed using aseg
000: 57 total segments, 24 labels (378 vertices) changed
001: 33 total segments, 0 labels (0 vertices) changed
10 filter iterations complete (10 requested, 6 changed)
rationalizing unknown annotations with cortex label
relabeling unknown label...
relabeling corpuscallosum label...
951 vertices marked for relabeling...
951 labels changed in reclassification.
writing output to ../label/lh.aparc.DKTatlas.annot...
classification took 0 minutes and 11 seconds.
#-----------------------------------------
#@# WM/GM Contrast lh Tue Mar 10 08:06:29 CET 2026
/out/sourcedata/freesurfer/sub-v1s6x0051369_ses-1/scripts

 pctsurfcon --s sub-v1s6x0051369_ses-1 --lh-only 

Log file is /out/sourcedata/freesurfer/sub-v1s6x0051369_ses-1/scripts/pctsurfcon.log
Tue Mar 10 08:06:29 CET 2026
setenv SUBJECTS_DIR /out/sourcedata/freesurfer
cd /out/sourcedata/freesurfer/sub-v1s6x0051369_ses-1/scripts
/opt/freesurfer/bin/pctsurfcon
pctsurfcon 7.3.2
Linux dna062 5.14.0-427.37.1.el9_4.x86_64 #1 SMP PREEMPT_DYNAMIC Fri Sep 13 12:41:50 EDT 2024 x86_64 x86_64 x86_64 GNU/Linux
FREESURFER_HOME /opt/freesurfer
mri_vol2surf --mov /out/sourcedata/freesurfer/sub-v1s6x0051369_ses-1/mri/rawavg.mgz --hemi lh --noreshape --interp trilinear --projdist -1 --o /out/sourcedata/freesurfer/sub-v1s6x0051369_ses-1/surf/tmp.pctsurfcon.4155585/lh.wm.mgh --regheader sub-v1s6x0051369_ses-1 --cortex
srcvol = /out/sourcedata/freesurfer/sub-v1s6x0051369_ses-1/mri/rawavg.mgz
srcreg unspecified
srcregold = 0
srcwarp unspecified
surf = white
hemi = lh
ProjDist = -1
reshape = 0
interp = trilinear
float2int = round
GetProjMax = 0
INFO: float2int code = 0
Done loading volume
Computing registration from header.
  Using /out/sourcedata/freesurfer/sub-v1s6x0051369_ses-1/mri/orig.mgz as target reference.
-------- original matrix -----------
-1.00000   0.00000   0.00000   0.00000;
 0.00000   0.00000   1.00000   0.00000;
 0.00000  -1.00000   0.00000  -0.00001;
 0.00000   0.00000   0.00000   1.00000;
-------- original matrix -----------
Loading label /out/sourcedata/freesurfer/sub-v1s6x0051369_ses-1/label/lh.cortex.label
Reading surface /out/sourcedata/freesurfer/sub-v1s6x0051369_ses-1/surf/lh.white
Done reading source surface
Mapping Source Volume onto Source Subject Surface
Projecting -1 -1 1
 1 -1 -1 -1
using old
Done mapping volume to surface
Number of source voxels hit = 92105
Masking with /out/sourcedata/freesurfer/sub-v1s6x0051369_ses-1/label/lh.cortex.label
Writing to /out/sourcedata/freesurfer/sub-v1s6x0051369_ses-1/surf/tmp.pctsurfcon.4155585/lh.wm.mgh
Dim: 154978 1 1
mri_vol2surf --mov /out/sourcedata/freesurfer/sub-v1s6x0051369_ses-1/mri/rawavg.mgz --hemi lh --noreshape --interp trilinear --o /out/sourcedata/freesurfer/sub-v1s6x0051369_ses-1/surf/tmp.pctsurfcon.4155585/lh.gm.mgh --projfrac 0.3 --regheader sub-v1s6x0051369_ses-1 --cortex
srcvol = /out/sourcedata/freesurfer/sub-v1s6x0051369_ses-1/mri/rawavg.mgz
srcreg unspecified
srcregold = 0
srcwarp unspecified
surf = white
hemi = lh
ProjFrac = 0.3
thickness = thickness
reshape = 0
interp = trilinear
float2int = round
GetProjMax = 0
INFO: float2int code = 0
Done loading volume
Computing registration from header.
  Using /out/sourcedata/freesurfer/sub-v1s6x0051369_ses-1/mri/orig.mgz as target reference.
-------- original matrix -----------
-1.00000   0.00000   0.00000   0.00000;
 0.00000   0.00000   1.00000   0.00000;
 0.00000  -1.00000   0.00000  -0.00001;
 0.00000   0.00000   0.00000   1.00000;
-------- original matrix -----------
Loading label /out/sourcedata/freesurfer/sub-v1s6x0051369_ses-1/label/lh.cortex.label
Reading surface /out/sourcedata/freesurfer/sub-v1s6x0051369_ses-1/surf/lh.white
Done reading source surface
Reading thickness /out/sourcedata/freesurfer/sub-v1s6x0051369_ses-1/surf/lh.thickness
Done
Mapping Source Volume onto Source Subject Surface
Projecting 0.3 0.3 1
 1 0.3 0.3 0.3
using old
Done mapping volume to surface
Number of source voxels hit = 106534
Masking with /out/sourcedata/freesurfer/sub-v1s6x0051369_ses-1/label/lh.cortex.label
Writing to /out/sourcedata/freesurfer/sub-v1s6x0051369_ses-1/surf/tmp.pctsurfcon.4155585/lh.gm.mgh
Dim: 154978 1 1
mri_concat /out/sourcedata/freesurfer/sub-v1s6x0051369_ses-1/surf/tmp.pctsurfcon.4155585/lh.wm.mgh /out/sourcedata/freesurfer/sub-v1s6x0051369_ses-1/surf/tmp.pctsurfcon.4155585/lh.gm.mgh --paired-diff-norm --mul 100 --o /out/sourcedata/freesurfer/sub-v1s6x0051369_ses-1/surf/lh.w-g.pct.mgh
ninputs = 2
Checking inputs
nframestot = 2
Allocing output
Done allocing
Combining pairs
nframes = 1
Multiplying by 100.000000
Writing to /out/sourcedata/freesurfer/sub-v1s6x0051369_ses-1/surf/lh.w-g.pct.mgh
mri_segstats --in /out/sourcedata/freesurfer/sub-v1s6x0051369_ses-1/surf/lh.w-g.pct.mgh --annot sub-v1s6x0051369_ses-1 lh aparc --sum /out/sourcedata/freesurfer/sub-v1s6x0051369_ses-1/stats/lh.w-g.pct.stats --snr

7.3.2
cwd 
cmdline mri_segstats --in /out/sourcedata/freesurfer/sub-v1s6x0051369_ses-1/surf/lh.w-g.pct.mgh --annot sub-v1s6x0051369_ses-1 lh aparc --sum /out/sourcedata/freesurfer/sub-v1s6x0051369_ses-1/stats/lh.w-g.pct.stats --snr 
sysname  Linux
hostname dna062
machine  x86_64
user     oesteban
whitesurfname  white
UseRobust  0
Constructing seg from annotation

Reading annotation /out/sourcedata/freesurfer/sub-v1s6x0051369_ses-1/label/lh.aparc.annot
Seg base 1000
Loading /out/sourcedata/freesurfer/sub-v1s6x0051369_ses-1/surf/lh.w-g.pct.mgh
Vertex Area is 0.695575 mm^3
Generating list of segmentation ids
Found  36 segmentations
Computing statistics for each segmentation

Reporting on  35 segmentations
Using PrintSegStat
mri_segstats done
Cleaning up

Started at Tue Mar 10 07:40:13 CET 2026 
Ended   at Tue Mar 10 08:06:32 CET 2026
#@#%# recon-all-run-time-hours 0.439
recon-all -s sub-v1s6x0051369_ses-1 finished without error at Tue Mar 10 08:06:32 CET 2026



#New# invocation of recon-all 




Tue Mar 10 08:43:43 CET 2026
cd /out/sourcedata/freesurfer/sub-v1s6x0051369_ses-1
setenv SUBJECTS_DIR /out/sourcedata/freesurfer
/opt/freesurfer/bin/recon-all -autorecon-hemi lh -nohyporelabel -lh-only -openmp 16 -subjid sub-v1s6x0051369_ses-1 -sd /out/sourcedata/freesurfer -notessellate -nosmooth1 -noinflate1 -noqsphere -nofix -nowhite -nosmooth2 -noinflate2 -nocurvHK -nocurvstats -nosphere -nosurfreg -nojacobian_white -noavgcurv -nocortparc -nopial -nocortparc2 -nocortparc3 -nopctsurfcon

subjid sub-v1s6x0051369_ses-1
setenv SUBJECTS_DIR /out/sourcedata/freesurfer
FREESURFER_HOME /opt/freesurfer
Actual FREESURFER_HOME /opt/freesurfer
build-stamp.txt: freesurfer-linux-ubuntu22_x86_64-7.3.2-20220804-6354275
Linux dna062 5.14.0-427.37.1.el9_4.x86_64 #1 SMP PREEMPT_DYNAMIC Fri Sep 13 12:41:50 EDT 2024 x86_64 x86_64 x86_64 GNU/Linux
cputime      unlimited
filesize     unlimited
datasize     unlimited
stacksize    8192 kbytes
coredumpsize 0 kbytes
memoryuse    67108864 kbytes
vmemoryuse   unlimited
descriptors  1024 
memorylocked unlimited
maxproc      2061970 
maxlocks     unlimited
maxsignal    2061970 
maxmessage   819200 
maxnice      0 
maxrtprio    0 
maxrttime    unlimited

               total        used        free      shared  buff/cache   available
Mem:           503Gi        46Gi       408Gi        17Gi        49Gi       436Gi
Swap:             0B          0B          0B

########################################
program versions used
7.3.2 (freesurfer-linux-ubuntu22_x86_64-7.3.2-20220804-6354275)
7.3.2

ProgramName: lta_convert  ProgramArguments: lta_convert -all-info  ProgramVersion: 7.3.2  TimeStamp: 2026/03/10-07:43:43-GMT  BuildTime: Aug  4 2022 06:17:15  BuildStamp: freesurfer-linux-ubuntu22_x86_64-7.3.2-20220804-6354275  User: oesteban  Machine: dna062  Platform: Linux  PlatformVersion: 5.14.0-427.37.1.el9_4.x86_64  CompilerName: GCC  CompilerVersion: 8.4.0
ProgramName: mri_and  ProgramArguments: mri_and -all-info  ProgramVersion: 7.3.2  TimeStamp: 2026/03/10-07:43:43-GMT  BuildTime: Aug  4 2022 06:17:15  BuildStamp: freesurfer-linux-ubuntu22_x86_64-7.3.2-20220804-6354275  User: oesteban  Machine: dna062  Platform: Linux  PlatformVersion: 5.14.0-427.37.1.el9_4.x86_64  CompilerName: GCC  CompilerVersion: 8.4.0
ProgramName: mri_annotation2label  ProgramArguments: mri_annotation2label -all-info  ProgramVersion: 7.3.2  TimeStamp: 2026/03/10-07:43:43-GMT  BuildTime: Aug  4 2022 06:17:15  BuildStamp: freesurfer-linux-ubuntu22_x86_64-7.3.2-20220804-6354275  User: oesteban  Machine: dna062  Platform: Linux  PlatformVersion: 5.14.0-427.37.1.el9_4.x86_64  CompilerName: GCC  CompilerVersion: 8.4.0
ProgramName: mri_aparc2aseg  ProgramArguments: mri_aparc2aseg -all-info  ProgramVersion: 7.3.2  TimeStamp: 2026/03/10-07:43:43-GMT  BuildTime: Aug  4 2022 06:17:15  BuildStamp: freesurfer-linux-ubuntu22_x86_64-7.3.2-20220804-6354275  User: oesteban  Machine: dna062  Platform: Linux  PlatformVersion: 5.14.0-427.37.1.el9_4.x86_64  CompilerName: GCC  CompilerVersion: 8.4.0
ProgramName: mri_surf2volseg  ProgramArguments: mri_surf2volseg -all-info  ProgramVersion: 7.3.2  TimeStamp: 2026/03/10-07:43:43-GMT  BuildTime: Aug  4 2022 06:17:15  BuildStamp: freesurfer-linux-ubuntu22_x86_64-7.3.2-20220804-6354275  User: oesteban  Machine: dna062  Platform: Linux  PlatformVersion: 5.14.0-427.37.1.el9_4.x86_64  CompilerName: GCC  CompilerVersion: 8.4.0
ProgramName: mri_binarize  ProgramArguments: mri_binarize -all-info  ProgramVersion: 7.3.2  TimeStamp: 2026/03/10-07:43:43-GMT  BuildTime: Aug  4 2022 06:17:15  BuildStamp: freesurfer-linux-ubuntu22_x86_64-7.3.2-20220804-6354275  User: oesteban  Machine: dna062  Platform: Linux  PlatformVersion: 5.14.0-427.37.1.el9_4.x86_64  CompilerName: GCC  CompilerVersion: 8.4.0
ProgramName: mri_ca_label  ProgramArguments: mri_ca_label -all-info  ProgramVersion: 7.3.2  TimeStamp: 2026/03/10-07:43:43-GMT  BuildTime: Aug  4 2022 06:17:15  BuildStamp: freesurfer-linux-ubuntu22_x86_64-7.3.2-20220804-6354275  User: oesteban  Machine: dna062  Platform: Linux  PlatformVersion: 5.14.0-427.37.1.el9_4.x86_64  CompilerName: GCC  CompilerVersion: 8.4.0
ProgramName: mri_ca_normalize  ProgramArguments: mri_ca_normalize -all-info  ProgramVersion: 7.3.2  TimeStamp: 2026/03/10-07:43:43-GMT  BuildTime: Aug  4 2022 06:17:15  BuildStamp: freesurfer-linux-ubuntu22_x86_64-7.3.2-20220804-6354275  User: oesteban  Machine: dna062  Platform: Linux  PlatformVersion: 5.14.0-427.37.1.el9_4.x86_64  CompilerName: GCC  CompilerVersion: 8.4.0
ProgramName: mri_ca_register  ProgramArguments: mri_ca_register -all-info  ProgramVersion: 7.3.2  TimeStamp: 2026/03/10-07:43:43-GMT  BuildTime: Aug  4 2022 06:17:15  BuildStamp: freesurfer-linux-ubuntu22_x86_64-7.3.2-20220804-6354275  User: oesteban  Machine: dna062  Platform: Linux  PlatformVersion: 5.14.0-427.37.1.el9_4.x86_64  CompilerName: GCC  CompilerVersion: 8.4.0
ProgramName: mri_cc  ProgramArguments: mri_cc -all-info  ProgramVersion: 7.3.2  TimeStamp: 2026/03/10-07:43:43-GMT  BuildTime: Aug  4 2022 06:17:15  BuildStamp: freesurfer-linux-ubuntu22_x86_64-7.3.2-20220804-6354275  User: oesteban  Machine: dna062  Platform: Linux  PlatformVersion: 5.14.0-427.37.1.el9_4.x86_64  CompilerName: GCC  CompilerVersion: 8.4.0
ProgramName: mri_compute_overlap  ProgramArguments: mri_compute_overlap -all-info  ProgramVersion: 7.3.2  TimeStamp: 2026/03/10-07:43:43-GMT  BuildTime: Aug  4 2022 06:17:15  BuildStamp: freesurfer-linux-ubuntu22_x86_64-7.3.2-20220804-6354275  User: oesteban  Machine: dna062  Platform: Linux  PlatformVersion: 5.14.0-427.37.1.el9_4.x86_64  CompilerName: GCC  CompilerVersion: 8.4.0
ProgramName: mri_compute_seg_overlap  ProgramArguments: mri_compute_seg_overlap -all-info  ProgramVersion: 7.3.2  TimeStamp: 2026/03/10-07:43:43-GMT  BuildTime: Aug  4 2022 06:17:15  BuildStamp: freesurfer-linux-ubuntu22_x86_64-7.3.2-20220804-6354275  User: oesteban  Machine: dna062  Platform: Linux  PlatformVersion: 5.14.0-427.37.1.el9_4.x86_64  CompilerName: GCC  CompilerVersion: 8.4.0
ProgramName: mri_concat  ProgramArguments: mri_concat -all-info  ProgramVersion: 7.3.2  TimeStamp: 2026/03/10-07:43:43-GMT  BuildTime: Aug  4 2022 06:17:15  BuildStamp: freesurfer-linux-ubuntu22_x86_64-7.3.2-20220804-6354275  User: oesteban  Machine: dna062  Platform: Linux  PlatformVersion: 5.14.0-427.37.1.el9_4.x86_64  CompilerName: GCC  CompilerVersion: 8.4.0
ProgramName: mri_concatenate_lta  ProgramArguments: mri_concatenate_lta -all-info  ProgramVersion: 7.3.2  TimeStamp: 2026/03/10-07:43:43-GMT  BuildTime: Aug  4 2022 06:17:15  BuildStamp: freesurfer-linux-ubuntu22_x86_64-7.3.2-20220804-6354275  User: oesteban  Machine: dna062  Platform: Linux  PlatformVersion: 5.14.0-427.37.1.el9_4.x86_64  CompilerName: GCC  CompilerVersion: 8.4.0
mri_convert -all-info 
ProgramName: mri_convert  ProgramArguments: mri_convert -all-info  ProgramVersion: 7.3.2  TimeStamp: 2026/03/10-07:43:43-GMT  BuildTime: Aug  4 2022 06:17:15  BuildStamp: freesurfer-linux-ubuntu22_x86_64-7.3.2-20220804-6354275  User: oesteban  Machine: dna062  Platform: Linux  PlatformVersion: 5.14.0-427.37.1.el9_4.x86_64  CompilerName: GCC  CompilerVersion: 8.4.0
ProgramName: mri_diff  ProgramArguments: mri_diff -all-info  ProgramVersion: 7.3.2  TimeStamp: 2026/03/10-07:43:43-GMT  BuildTime: Aug  4 2022 06:17:15  BuildStamp: freesurfer-linux-ubuntu22_x86_64-7.3.2-20220804-6354275  User: oesteban  Machine: dna062  Platform: Linux  PlatformVersion: 5.14.0-427.37.1.el9_4.x86_64  CompilerName: GCC  CompilerVersion: 8.4.0
ProgramName: mri_edit_wm_with_aseg  ProgramArguments: mri_edit_wm_with_aseg -all-info  ProgramVersion: 7.3.2  TimeStamp: 2026/03/10-07:43:43-GMT  BuildTime: Aug  4 2022 06:17:15  BuildStamp: freesurfer-linux-ubuntu22_x86_64-7.3.2-20220804-6354275  User: oesteban  Machine: dna062  Platform: Linux  PlatformVersion: 5.14.0-427.37.1.el9_4.x86_64  CompilerName: GCC  CompilerVersion: 8.4.0
ProgramName: mri_em_register  ProgramArguments: mri_em_register -all-info  ProgramVersion: 7.3.2  TimeStamp: 2026/03/10-07:43:43-GMT  BuildTime: Aug  4 2022 06:17:15  BuildStamp: freesurfer-linux-ubuntu22_x86_64-7.3.2-20220804-6354275  User: oesteban  Machine: dna062  Platform: Linux  PlatformVersion: 5.14.0-427.37.1.el9_4.x86_64  CompilerName: GCC  CompilerVersion: 8.4.0
ProgramName: mri_fill  ProgramArguments: mri_fill -all-info  ProgramVersion: 7.3.2  TimeStamp: 2026/03/10-07:43:43-GMT  BuildTime: Aug  4 2022 06:17:15  BuildStamp: freesurfer-linux-ubuntu22_x86_64-7.3.2-20220804-6354275  User: oesteban  Machine: dna062  Platform: Linux  PlatformVersion: 5.14.0-427.37.1.el9_4.x86_64  CompilerName: GCC  CompilerVersion: 8.4.0
ProgramName: mri_fuse_segmentations  ProgramArguments: mri_fuse_segmentations -all-info  ProgramVersion: 7.3.2  TimeStamp: 2026/03/10-07:43:43-GMT  BuildTime: Aug  4 2022 06:17:15  BuildStamp: freesurfer-linux-ubuntu22_x86_64-7.3.2-20220804-6354275  User: oesteban  Machine: dna062  Platform: Linux  PlatformVersion: 5.14.0-427.37.1.el9_4.x86_64  CompilerName: GCC  CompilerVersion: 8.4.0
ProgramName: mri_fwhm  ProgramArguments: mri_fwhm -all-info  ProgramVersion: 7.3.2  TimeStamp: 2026/03/10-07:43:43-GMT  BuildTime: Aug  4 2022 06:17:15  BuildStamp: freesurfer-linux-ubuntu22_x86_64-7.3.2-20220804-6354275  User: oesteban  Machine: dna062  Platform: Linux  PlatformVersion: 5.14.0-427.37.1.el9_4.x86_64  CompilerName: GCC  CompilerVersion: 8.4.0
ProgramName: mri_gcut  ProgramArguments: mri_gcut -all-info  ProgramVersion: 7.3.2  TimeStamp: 2026/03/10-07:43:43-GMT  BuildTime: Aug  4 2022 06:17:15  BuildStamp: freesurfer-linux-ubuntu22_x86_64-7.3.2-20220804-6354275  User: oesteban  Machine: dna062  Platform: Linux  PlatformVersion: 5.14.0-427.37.1.el9_4.x86_64  CompilerName: GCC  CompilerVersion: 8.4.0
ProgramName: mri_info  ProgramArguments: mri_info -all-info  ProgramVersion: 7.3.2  TimeStamp: 2026/03/10-07:43:43-GMT  BuildTime: Aug  4 2022 06:17:15  BuildStamp: freesurfer-linux-ubuntu22_x86_64-7.3.2-20220804-6354275  User: oesteban  Machine: dna062  Platform: Linux  PlatformVersion: 5.14.0-427.37.1.el9_4.x86_64  CompilerName: GCC  CompilerVersion: 8.4.0
ProgramName: mri_label2label  ProgramArguments: mri_label2label -all-info  ProgramVersion: 7.3.2  TimeStamp: 2026/03/10-07:43:43-GMT  BuildTime: Aug  4 2022 06:17:15  BuildStamp: freesurfer-linux-ubuntu22_x86_64-7.3.2-20220804-6354275  User: oesteban  Machine: dna062  Platform: Linux  PlatformVersion: 5.14.0-427.37.1.el9_4.x86_64  CompilerName: GCC  CompilerVersion: 8.4.0
ProgramName: mri_label2vol  ProgramArguments: mri_label2vol -all-info  ProgramVersion: 7.3.2  TimeStamp: 2026/03/10-07:43:43-GMT  BuildTime: Aug  4 2022 06:17:15  BuildStamp: freesurfer-linux-ubuntu22_x86_64-7.3.2-20220804-6354275  User: oesteban  Machine: dna062  Platform: Linux  PlatformVersion: 5.14.0-427.37.1.el9_4.x86_64  CompilerName: GCC  CompilerVersion: 8.4.0
ProgramName: mri_log_likelihood  ProgramArguments: mri_log_likelihood -all-info  ProgramVersion: 7.3.2  TimeStamp: 2026/03/10-07:43:43-GMT  BuildTime: Aug  4 2022 06:17:15  BuildStamp: freesurfer-linux-ubuntu22_x86_64-7.3.2-20220804-6354275  User: oesteban  Machine: dna062  Platform: Linux  PlatformVersion: 5.14.0-427.37.1.el9_4.x86_64  CompilerName: GCC  CompilerVersion: 8.4.0
ProgramName: mri_mask  ProgramArguments: mri_mask -all-info  ProgramVersion: 7.3.2  TimeStamp: 2026/03/10-07:43:43-GMT  BuildTime: Aug  4 2022 06:17:15  BuildStamp: freesurfer-linux-ubuntu22_x86_64-7.3.2-20220804-6354275  User: oesteban  Machine: dna062  Platform: Linux  PlatformVersion: 5.14.0-427.37.1.el9_4.x86_64  CompilerName: GCC  CompilerVersion: 8.4.0
ProgramName: mri_matrix_multiply  ProgramArguments: mri_matrix_multiply -all-info  ProgramVersion: 7.3.2  TimeStamp: 2026/03/10-07:43:43-GMT  BuildTime: Aug  4 2022 06:17:15  BuildStamp: freesurfer-linux-ubuntu22_x86_64-7.3.2-20220804-6354275  User: oesteban  Machine: dna062  Platform: Linux  PlatformVersion: 5.14.0-427.37.1.el9_4.x86_64  CompilerName: GCC  CompilerVersion: 8.4.0
ProgramName: mri_normalize  ProgramArguments: mri_normalize -all-info  ProgramVersion: 7.3.2  TimeStamp: 2026/03/10-07:43:43-GMT  BuildTime: Aug  4 2022 06:17:15  BuildStamp: freesurfer-linux-ubuntu22_x86_64-7.3.2-20220804-6354275  User: oesteban  Machine: dna062  Platform: Linux  PlatformVersion: 5.14.0-427.37.1.el9_4.x86_64  CompilerName: GCC  CompilerVersion: 8.4.0
ProgramName: mri_normalize_tp2  ProgramArguments: mri_normalize_tp2 -all-info  ProgramVersion: 7.3.2  TimeStamp: 2026/03/10-07:43:43-GMT  BuildTime: Aug  4 2022 06:17:15  BuildStamp: freesurfer-linux-ubuntu22_x86_64-7.3.2-20220804-6354275  User: oesteban  Machine: dna062  Platform: Linux  PlatformVersion: 5.14.0-427.37.1.el9_4.x86_64  CompilerName: GCC  CompilerVersion: 8.4.0
ProgramName: mri_or  ProgramArguments: mri_or -all-info  ProgramVersion: 7.3.2  TimeStamp: 2026/03/10-07:43:43-GMT  BuildTime: Aug  4 2022 06:17:15  BuildStamp: freesurfer-linux-ubuntu22_x86_64-7.3.2-20220804-6354275  User: oesteban  Machine: dna062  Platform: Linux  PlatformVersion: 5.14.0-427.37.1.el9_4.x86_64  CompilerName: GCC  CompilerVersion: 8.4.0
ProgramName: mri_relabel_hypointensities  ProgramArguments: mri_relabel_hypointensities -all-info  ProgramVersion: 7.3.2  TimeStamp: 2026/03/10-07:43:43-GMT  BuildTime: Aug  4 2022 06:17:15  BuildStamp: freesurfer-linux-ubuntu22_x86_64-7.3.2-20220804-6354275  User: oesteban  Machine: dna062  Platform: Linux  PlatformVersion: 5.14.0-427.37.1.el9_4.x86_64  CompilerName: GCC  CompilerVersion: 8.4.0
ProgramName: mri_relabel_nonwm_hypos  ProgramArguments: mri_relabel_nonwm_hypos -all-info  ProgramVersion: 7.3.2  TimeStamp: 2026/03/10-07:43:43-GMT  BuildTime: Aug  4 2022 06:17:15  BuildStamp: freesurfer-linux-ubuntu22_x86_64-7.3.2-20220804-6354275  User: oesteban  Machine: dna062  Platform: Linux  PlatformVersion: 5.14.0-427.37.1.el9_4.x86_64  CompilerName: GCC  CompilerVersion: 8.4.0
ProgramName: mri_remove_neck  ProgramArguments: mri_remove_neck -all-info  ProgramVersion: 7.3.2  TimeStamp: 2026/03/10-07:43:43-GMT  BuildTime: Aug  4 2022 06:17:15  BuildStamp: freesurfer-linux-ubuntu22_x86_64-7.3.2-20220804-6354275  User: oesteban  Machine: dna062  Platform: Linux  PlatformVersion: 5.14.0-427.37.1.el9_4.x86_64  CompilerName: GCC  CompilerVersion: 8.4.0
7.3.2

ProgramName: mri_robust_register  ProgramArguments: mri_robust_register -all-info  ProgramVersion: 7.3.2  TimeStamp: 2026/03/10-07:43:43-GMT  BuildTime: Aug  4 2022 06:17:15  BuildStamp: freesurfer-linux-ubuntu22_x86_64-7.3.2-20220804-6354275  User: oesteban  Machine: dna062  Platform: Linux  PlatformVersion: 5.14.0-427.37.1.el9_4.x86_64  CompilerName: GCC  CompilerVersion: 8.4.0
7.3.2

ProgramName: mri_robust_template  ProgramArguments: mri_robust_template -all-info  ProgramVersion: 7.3.2  TimeStamp: 2026/03/10-07:43:43-GMT  BuildTime: Aug  4 2022 06:17:15  BuildStamp: freesurfer-linux-ubuntu22_x86_64-7.3.2-20220804-6354275  User: oesteban  Machine: dna062  Platform: Linux  PlatformVersion: 5.14.0-427.37.1.el9_4.x86_64  CompilerName: GCC  CompilerVersion: 8.4.0
ProgramName: mris_anatomical_stats  ProgramArguments: mris_anatomical_stats -all-info  ProgramVersion: 7.3.2  TimeStamp: 2026/03/10-07:43:43-GMT  BuildTime: Aug  4 2022 06:17:15  BuildStamp: freesurfer-linux-ubuntu22_x86_64-7.3.2-20220804-6354275  User: oesteban  Machine: dna062  Platform: Linux  PlatformVersion: 5.14.0-427.37.1.el9_4.x86_64  CompilerName: GCC  CompilerVersion: 8.4.0
ProgramName: mris_ca_label  ProgramArguments: mris_ca_label -all-info  ProgramVersion: 7.3.2  TimeStamp: 2026/03/10-07:43:43-GMT  BuildTime: Aug  4 2022 06:17:15  BuildStamp: freesurfer-linux-ubuntu22_x86_64-7.3.2-20220804-6354275  User: oesteban  Machine: dna062  Platform: Linux  PlatformVersion: 5.14.0-427.37.1.el9_4.x86_64  CompilerName: GCC  CompilerVersion: 8.4.0
ProgramName: mris_calc  ProgramArguments: mris_calc -all-info  ProgramVersion: 7.3.2  TimeStamp: 2026/03/10-07:43:43-GMT  BuildTime: Aug  4 2022 06:17:15  BuildStamp: freesurfer-linux-ubuntu22_x86_64-7.3.2-20220804-6354275  User: oesteban  Machine: dna062  Platform: Linux  PlatformVersion: 5.14.0-427.37.1.el9_4.x86_64  CompilerName: GCC  CompilerVersion: 8.4.0
ProgramName: mris_convert  ProgramArguments: mris_convert -all-info  ProgramVersion: 7.3.2  TimeStamp: 2026/03/10-07:43:43-GMT  BuildTime: Aug  4 2022 06:17:15  BuildStamp: freesurfer-linux-ubuntu22_x86_64-7.3.2-20220804-6354275  User: oesteban  Machine: dna062  Platform: Linux  PlatformVersion: 5.14.0-427.37.1.el9_4.x86_64  CompilerName: GCC  CompilerVersion: 8.4.0
ProgramName: mris_curvature  ProgramArguments: mris_curvature -all-info  ProgramVersion: 7.3.2  TimeStamp: 2026/03/10-07:43:43-GMT  BuildTime: Aug  4 2022 06:17:15  BuildStamp: freesurfer-linux-ubuntu22_x86_64-7.3.2-20220804-6354275  User: oesteban  Machine: dna062  Platform: Linux  PlatformVersion: 5.14.0-427.37.1.el9_4.x86_64  CompilerName: GCC  CompilerVersion: 8.4.0
ProgramName: mris_curvature_stats  ProgramArguments: mris_curvature_stats -all-info  ProgramVersion: 7.3.2  TimeStamp: 2026/03/10-07:43:43-GMT  BuildTime: Aug  4 2022 06:17:15  BuildStamp: freesurfer-linux-ubuntu22_x86_64-7.3.2-20220804-6354275  User: oesteban  Machine: dna062  Platform: Linux  PlatformVersion: 5.14.0-427.37.1.el9_4.x86_64  CompilerName: GCC  CompilerVersion: 8.4.0
ProgramName: mris_diff  ProgramArguments: mris_diff -all-info  ProgramVersion: 7.3.2  TimeStamp: 2026/03/10-07:43:43-GMT  BuildTime: Aug  4 2022 06:17:15  BuildStamp: freesurfer-linux-ubuntu22_x86_64-7.3.2-20220804-6354275  User: oesteban  Machine: dna062  Platform: Linux  PlatformVersion: 5.14.0-427.37.1.el9_4.x86_64  CompilerName: GCC  CompilerVersion: 8.4.0
ProgramName: mris_divide_parcellation  ProgramArguments: mris_divide_parcellation -all-info  ProgramVersion: 7.3.2  TimeStamp: 2026/03/10-07:43:43-GMT  BuildTime: Aug  4 2022 06:17:15  BuildStamp: freesurfer-linux-ubuntu22_x86_64-7.3.2-20220804-6354275  User: oesteban  Machine: dna062  Platform: Linux  PlatformVersion: 5.14.0-427.37.1.el9_4.x86_64  CompilerName: GCC  CompilerVersion: 8.4.0
ProgramName: mri_segment  ProgramArguments: mri_segment -all-info  ProgramVersion: 7.3.2  TimeStamp: 2026/03/10-07:43:43-GMT  BuildTime: Aug  4 2022 06:17:15  BuildStamp: freesurfer-linux-ubuntu22_x86_64-7.3.2-20220804-6354275  User: oesteban  Machine: dna062  Platform: Linux  PlatformVersion: 5.14.0-427.37.1.el9_4.x86_64  CompilerName: GCC  CompilerVersion: 8.4.0
ProgramName: mri_segstats  ProgramArguments: mri_segstats -all-info  ProgramVersion: 7.3.2  TimeStamp: 2026/03/10-07:43:43-GMT  BuildTime: Aug  4 2022 06:17:15  BuildStamp: freesurfer-linux-ubuntu22_x86_64-7.3.2-20220804-6354275  User: oesteban  Machine: dna062  Platform: Linux  PlatformVersion: 5.14.0-427.37.1.el9_4.x86_64  CompilerName: GCC  CompilerVersion: 8.4.0
ProgramName: mris_euler_number  ProgramArguments: mris_euler_number -all-info  ProgramVersion: 7.3.2  TimeStamp: 2026/03/10-07:43:43-GMT  BuildTime: Aug  4 2022 06:17:15  BuildStamp: freesurfer-linux-ubuntu22_x86_64-7.3.2-20220804-6354275  User: oesteban  Machine: dna062  Platform: Linux  PlatformVersion: 5.14.0-427.37.1.el9_4.x86_64  CompilerName: GCC  CompilerVersion: 8.4.0
ProgramName: mris_fix_topology  ProgramArguments: mris_fix_topology -all-info  ProgramVersion: 7.3.2  TimeStamp: 2026/03/10-07:43:43-GMT  BuildTime: Aug  4 2022 06:17:15  BuildStamp: freesurfer-linux-ubuntu22_x86_64-7.3.2-20220804-6354275  User: oesteban  Machine: dna062  Platform: Linux  PlatformVersion: 5.14.0-427.37.1.el9_4.x86_64  CompilerName: GCC  CompilerVersion: 8.4.0
ProgramName: mris_topo_fixer  ProgramArguments: mris_topo_fixer -all-info  ProgramVersion: 7.3.2  TimeStamp: 2026/03/10-07:43:43-GMT  BuildTime: Aug  4 2022 06:17:15  BuildStamp: freesurfer-linux-ubuntu22_x86_64-7.3.2-20220804-6354275  User: oesteban  Machine: dna062  Platform: Linux  PlatformVersion: 5.14.0-427.37.1.el9_4.x86_64  CompilerName: GCC  CompilerVersion: 8.4.0
ProgramName: mris_jacobian  ProgramArguments: mris_jacobian -all-info  ProgramVersion: 7.3.2  TimeStamp: 2026/03/10-07:43:43-GMT  BuildTime: Aug  4 2022 06:17:15  BuildStamp: freesurfer-linux-ubuntu22_x86_64-7.3.2-20220804-6354275  User: oesteban  Machine: dna062  Platform: Linux  PlatformVersion: 5.14.0-427.37.1.el9_4.x86_64  CompilerName: GCC  CompilerVersion: 8.4.0
ProgramName: mris_label2annot  ProgramArguments: mris_label2annot -all-info  ProgramVersion: 7.3.2  TimeStamp: 2026/03/10-07:43:43-GMT  BuildTime: Aug  4 2022 06:17:15  BuildStamp: freesurfer-linux-ubuntu22_x86_64-7.3.2-20220804-6354275  User: oesteban  Machine: dna062  Platform: Linux  PlatformVersion: 5.14.0-427.37.1.el9_4.x86_64  CompilerName: GCC  CompilerVersion: 8.4.0
ProgramName: mris_left_right_register  ProgramArguments: mris_left_right_register -all-info  ProgramVersion: 7.3.2  TimeStamp: 2026/03/10-07:43:43-GMT  BuildTime: Aug  4 2022 06:17:15  BuildStamp: freesurfer-linux-ubuntu22_x86_64-7.3.2-20220804-6354275  User: oesteban  Machine: dna062  Platform: Linux  PlatformVersion: 5.14.0-427.37.1.el9_4.x86_64  CompilerName: GCC  CompilerVersion: 8.4.0
ProgramName: mris_place_surface  ProgramArguments: mris_place_surface -all-info  ProgramVersion: 7.3.2  TimeStamp: 2026/03/10-07:43:43-GMT  BuildTime: Aug  4 2022 06:17:15  BuildStamp: freesurfer-linux-ubuntu22_x86_64-7.3.2-20220804-6354275  User: oesteban  Machine: dna062  Platform: Linux  PlatformVersion: 5.14.0-427.37.1.el9_4.x86_64  CompilerName: GCC  CompilerVersion: 8.4.0
ProgramName: mrisp_paint  ProgramArguments: mrisp_paint -all-info  ProgramVersion: 7.3.2  TimeStamp: 2026/03/10-07:43:43-GMT  BuildTime: Aug  4 2022 06:17:15  BuildStamp: freesurfer-linux-ubuntu22_x86_64-7.3.2-20220804-6354275  User: oesteban  Machine: dna062  Platform: Linux  PlatformVersion: 5.14.0-427.37.1.el9_4.x86_64  CompilerName: GCC  CompilerVersion: 8.4.0
ProgramName: mris_register  ProgramArguments: mris_register -all-info  ProgramVersion: 7.3.2  TimeStamp: 2026/03/10-07:43:43-GMT  BuildTime: Aug  4 2022 06:17:15  BuildStamp: freesurfer-linux-ubuntu22_x86_64-7.3.2-20220804-6354275  User: oesteban  Machine: dna062  Platform: Linux  PlatformVersion: 5.14.0-427.37.1.el9_4.x86_64  CompilerName: GCC  CompilerVersion: 8.4.0
ProgramName: mris_smooth  ProgramArguments: mris_smooth -all-info  ProgramVersion: 7.3.2  TimeStamp: 2026/03/10-07:43:43-GMT  BuildTime: Aug  4 2022 06:17:15  BuildStamp: freesurfer-linux-ubuntu22_x86_64-7.3.2-20220804-6354275  User: oesteban  Machine: dna062  Platform: Linux  PlatformVersion: 5.14.0-427.37.1.el9_4.x86_64  CompilerName: GCC  CompilerVersion: 8.4.0
ProgramName: mris_sphere  ProgramArguments: mris_sphere -all-info  ProgramVersion: 7.3.2  TimeStamp: 2026/03/10-07:43:43-GMT  BuildTime: Aug  4 2022 06:17:15  BuildStamp: freesurfer-linux-ubuntu22_x86_64-7.3.2-20220804-6354275  User: oesteban  Machine: dna062  Platform: Linux  PlatformVersion: 5.14.0-427.37.1.el9_4.x86_64  CompilerName: GCC  CompilerVersion: 8.4.0
ProgramName: mris_surface_stats  ProgramArguments: mris_surface_stats -all-info  ProgramVersion: 7.3.2  TimeStamp: 2026/03/10-07:43:43-GMT  BuildTime: Aug  4 2022 06:17:15  BuildStamp: freesurfer-linux-ubuntu22_x86_64-7.3.2-20220804-6354275  User: oesteban  Machine: dna062  Platform: Linux  PlatformVersion: 5.14.0-427.37.1.el9_4.x86_64  CompilerName: GCC  CompilerVersion: 8.4.0
ProgramName: mri_stats2seg  ProgramArguments: mri_stats2seg -all-info  ProgramVersion: 7.3.2  TimeStamp: 2026/03/10-07:43:43-GMT  BuildTime: Aug  4 2022 06:17:15  BuildStamp: freesurfer-linux-ubuntu22_x86_64-7.3.2-20220804-6354275  User: oesteban  Machine: dna062  Platform: Linux  PlatformVersion: 5.14.0-427.37.1.el9_4.x86_64  CompilerName: GCC  CompilerVersion: 8.4.0
ProgramName: mris_thickness  ProgramArguments: mris_thickness -all-info  ProgramVersion: 7.3.2  TimeStamp: 2026/03/10-07:43:43-GMT  BuildTime: Aug  4 2022 06:17:15  BuildStamp: freesurfer-linux-ubuntu22_x86_64-7.3.2-20220804-6354275  User: oesteban  Machine: dna062  Platform: Linux  PlatformVersion: 5.14.0-427.37.1.el9_4.x86_64  CompilerName: GCC  CompilerVersion: 8.4.0
ProgramName: mris_thickness_diff  ProgramArguments: mris_thickness_diff -all-info  ProgramVersion: 7.3.2  TimeStamp: 2026/03/10-07:43:43-GMT  BuildTime: Aug  4 2022 06:17:15  BuildStamp: freesurfer-linux-ubuntu22_x86_64-7.3.2-20220804-6354275  User: oesteban  Machine: dna062  Platform: Linux  PlatformVersion: 5.14.0-427.37.1.el9_4.x86_64  CompilerName: GCC  CompilerVersion: 8.4.0
ProgramName: mris_topo_fixer  ProgramArguments: mris_topo_fixer -all-info  ProgramVersion: 7.3.2  TimeStamp: 2026/03/10-07:43:43-GMT  BuildTime: Aug  4 2022 06:17:15  BuildStamp: freesurfer-linux-ubuntu22_x86_64-7.3.2-20220804-6354275  User: oesteban  Machine: dna062  Platform: Linux  PlatformVersion: 5.14.0-427.37.1.el9_4.x86_64  CompilerName: GCC  CompilerVersion: 8.4.0
ProgramName: mri_surf2surf  ProgramArguments: mri_surf2surf -all-info  ProgramVersion: 7.3.2  TimeStamp: 2026/03/10-07:43:43-GMT  BuildTime: Aug  4 2022 06:17:15  BuildStamp: freesurfer-linux-ubuntu22_x86_64-7.3.2-20220804-6354275  User: oesteban  Machine: dna062  Platform: Linux  PlatformVersion: 5.14.0-427.37.1.el9_4.x86_64  CompilerName: GCC  CompilerVersion: 8.4.0
ProgramName: mri_surf2vol  ProgramArguments: mri_surf2vol -all-info  ProgramVersion: 7.3.2  TimeStamp: 2026/03/10-07:43:43-GMT  BuildTime: Aug  4 2022 06:17:15  BuildStamp: freesurfer-linux-ubuntu22_x86_64-7.3.2-20220804-6354275  User: oesteban  Machine: dna062  Platform: Linux  PlatformVersion: 5.14.0-427.37.1.el9_4.x86_64  CompilerName: GCC  CompilerVersion: 8.4.0
ProgramName: mri_surfcluster  ProgramArguments: mri_surfcluster -all-info  ProgramVersion: 7.3.2  TimeStamp: 2026/03/10-07:43:43-GMT  BuildTime: Aug  4 2022 06:17:15  BuildStamp: freesurfer-linux-ubuntu22_x86_64-7.3.2-20220804-6354275  User: oesteban  Machine: dna062  Platform: Linux  PlatformVersion: 5.14.0-427.37.1.el9_4.x86_64  CompilerName: GCC  CompilerVersion: 8.4.0
ProgramName: mris_volmask  ProgramArguments: mris_volmask -all-info  ProgramVersion: 7.3.2  TimeStamp: 2026/03/10-07:43:43-GMT  BuildTime: Aug  4 2022 06:17:15  BuildStamp: freesurfer-linux-ubuntu22_x86_64-7.3.2-20220804-6354275  User: oesteban  Machine: dna062  Platform: Linux  PlatformVersion: 5.14.0-427.37.1.el9_4.x86_64  CompilerName: GCC  CompilerVersion: 8.4.0
ProgramName: mri_tessellate  ProgramArguments: mri_tessellate -all-info  ProgramVersion: 7.3.2  TimeStamp: 2026/03/10-07:43:43-GMT  BuildTime: Aug  4 2022 06:17:15  BuildStamp: freesurfer-linux-ubuntu22_x86_64-7.3.2-20220804-6354275  User: oesteban  Machine: dna062  Platform: Linux  PlatformVersion: 5.14.0-427.37.1.el9_4.x86_64  CompilerName: GCC  CompilerVersion: 8.4.0
ProgramName: mri_vol2surf  ProgramArguments: mri_vol2surf -all-info  ProgramVersion: 7.3.2  TimeStamp: 2026/03/10-07:43:43-GMT  BuildTime: Aug  4 2022 06:17:15  BuildStamp: freesurfer-linux-ubuntu22_x86_64-7.3.2-20220804-6354275  User: oesteban  Machine: dna062  Platform: Linux  PlatformVersion: 5.14.0-427.37.1.el9_4.x86_64  CompilerName: GCC  CompilerVersion: 8.4.0
ProgramName: mri_vol2vol  ProgramArguments: mri_vol2vol -all-info  ProgramVersion: 7.3.2  TimeStamp: 2026/03/10-07:43:43-GMT  BuildTime: Aug  4 2022 06:17:15  BuildStamp: freesurfer-linux-ubuntu22_x86_64-7.3.2-20220804-6354275  User: oesteban  Machine: dna062  Platform: Linux  PlatformVersion: 5.14.0-427.37.1.el9_4.x86_64  CompilerName: GCC  CompilerVersion: 8.4.0
ProgramName: mri_voldiff  ProgramArguments: mri_voldiff -all-info  ProgramVersion: 7.3.2  TimeStamp: 2026/03/10-07:43:43-GMT  BuildTime: Aug  4 2022 06:17:15  BuildStamp: freesurfer-linux-ubuntu22_x86_64-7.3.2-20220804-6354275  User: oesteban  Machine: dna062  Platform: Linux  PlatformVersion: 5.14.0-427.37.1.el9_4.x86_64  CompilerName: GCC  CompilerVersion: 8.4.0
ProgramName: mri_watershed  ProgramArguments: mri_watershed -all-info  ProgramVersion: 7.3.2  TimeStamp: 2026/03/10-07:43:43-GMT  BuildTime: Aug  4 2022 06:17:15  BuildStamp: freesurfer-linux-ubuntu22_x86_64-7.3.2-20220804-6354275  User: oesteban  Machine: dna062  Platform: Linux  PlatformVersion: 5.14.0-427.37.1.el9_4.x86_64  CompilerName: GCC  CompilerVersion: 8.4.0
ProgramName: tkregister2  ProgramArguments: tkregister2_cmdl -all-info  ProgramVersion: 7.3.2  TimeStamp: 2026/03/10-07:43:43-GMT  BuildTime: Aug  4 2022 06:17:15  BuildStamp: freesurfer-linux-ubuntu22_x86_64-7.3.2-20220804-6354275  User: oesteban  Machine: dna062  Platform: Linux  PlatformVersion: 5.14.0-427.37.1.el9_4.x86_64  CompilerName: GCC  CompilerVersion: 8.4.0
mri_motion_correct.fsl 7.3.2
mri_convert -all-info 
ProgramName: mri_convert  ProgramArguments: mri_convert -all-info  ProgramVersion: 7.3.2  TimeStamp: 2026/03/10-07:43:43-GMT  BuildTime: Aug  4 2022 06:17:15  BuildStamp: freesurfer-linux-ubuntu22_x86_64-7.3.2-20220804-6354275  User: oesteban  Machine: dna062  Platform: Linux  PlatformVersion: 5.14.0-427.37.1.el9_4.x86_64  CompilerName: GCC  CompilerVersion: 8.4.0
Program nu_correct, built from:
Package MNI N3, version 1.12.0, compiled by nicks@terrier (x86_64-unknown-linux-gnu) on 2015-06-19 at 01:25:34
#######################################
GCADIR /opt/freesurfer/average
GCA RB_all_2020-01-02.gca
GCASkull RB_all_withskull_2020_01_02.gca
AvgCurvTif folding.atlas.acfb40.noaparc.i12.2016-08-02.tif
GCSDIR /opt/freesurfer/average
GCS DKaparc.atlas.acfb40.noaparc.i12.2016-08-02.gcs
#######################################
#--------------------------------------------
#@# AutoDetGWStats lh Tue Mar 10 08:43:43 CET 2026
cd /out/sourcedata/freesurfer/sub-v1s6x0051369_ses-1/mri
mris_autodet_gwstats --o ../surf/autodet.gw.stats.lh.dat --i brain.finalsurfs.mgz --wm wm.mgz --surf ../surf/lh.orig.premesh
  Update not needed
#--------------------------------------------
#@# WhitePreAparc lh Tue Mar 10 08:43:43 CET 2026
cd /out/sourcedata/freesurfer/sub-v1s6x0051369_ses-1/mri
mris_place_surface --adgws-in ../surf/autodet.gw.stats.lh.dat --wm wm.mgz --threads 16 --invol brain.finalsurfs.mgz --lh --i ../surf/lh.orig --o ../surf/lh.white.preaparc --white --seg aseg.presurf.mgz --nsmooth 5
   Update not needed
#--------------------------------------------
#@# CortexLabel lh Tue Mar 10 08:43:43 CET 2026
cd /out/sourcedata/freesurfer/sub-v1s6x0051369_ses-1/mri
mri_label2label --label-cortex ../surf/lh.white.preaparc aseg.presurf.mgz 0 ../label/lh.cortex.label
   Update not needed
#--------------------------------------------
#@# CortexLabel+HipAmyg lh Tue Mar 10 08:43:43 CET 2026
cd /out/sourcedata/freesurfer/sub-v1s6x0051369_ses-1/mri
mri_label2label --label-cortex ../surf/lh.white.preaparc aseg.presurf.mgz 1 ../label/lh.cortex+hipamyg.label
   Update not needed
#@# white curv lh Tue Mar 10 08:43:43 CET 2026
cd /out/sourcedata/freesurfer/sub-v1s6x0051369_ses-1/mri
mris_place_surface --curv-map ../surf/lh.white 2 10 ../surf/lh.curv
   Update not needed
#@# white area lh Tue Mar 10 08:43:43 CET 2026
cd /out/sourcedata/freesurfer/sub-v1s6x0051369_ses-1/mri
mris_place_surface --area-map ../surf/lh.white ../surf/lh.area
   Update not needed
#@# pial curv lh Tue Mar 10 08:43:43 CET 2026
cd /out/sourcedata/freesurfer/sub-v1s6x0051369_ses-1/mri
mris_place_surface --curv-map ../surf/lh.pial 2 10 ../surf/lh.curv.pial
   Update not needed
#@# pial area lh Tue Mar 10 08:43:43 CET 2026
cd /out/sourcedata/freesurfer/sub-v1s6x0051369_ses-1/mri
mris_place_surface --area-map ../surf/lh.pial ../surf/lh.area.pial
   Update not needed
#@# thickness lh Tue Mar 10 08:43:43 CET 2026
cd /out/sourcedata/freesurfer/sub-v1s6x0051369_ses-1/mri
mris_place_surface --thickness ../surf/lh.white ../surf/lh.pial 20 5 ../surf/lh.thickness
   Update not needed
#@# area and vertex vol lh Tue Mar 10 08:43:43 CET 2026
cd /out/sourcedata/freesurfer/sub-v1s6x0051369_ses-1/mri
mris_place_surface --thickness ../surf/lh.white ../surf/lh.pial 20 5 ../surf/lh.thickness
   Update not needed
#-----------------------------------------
#@# Parcellation Stats lh Tue Mar 10 08:43:43 CET 2026
/out/sourcedata/freesurfer/sub-v1s6x0051369_ses-1/scripts

 mris_anatomical_stats -th3 -mgz -noglobal -cortex ../label/lh.cortex.label -f ../stats/lh.aparc.stats -b -a ../label/lh.aparc.annot -c ../label/aparc.annot.ctab sub-v1s6x0051369_ses-1 lh white 

computing statistics for each annotation in ../label/lh.aparc.annot.
reading volume /out/sourcedata/freesurfer/sub-v1s6x0051369_ses-1/mri/wm.mgz...
reading input surface /out/sourcedata/freesurfer/sub-v1s6x0051369_ses-1/surf/lh.white...
reading input pial surface /out/sourcedata/freesurfer/sub-v1s6x0051369_ses-1/surf/lh.pial...
reading input white surface /out/sourcedata/freesurfer/sub-v1s6x0051369_ses-1/surf/lh.white...
INFO: using TH3 volume calc
INFO: assuming MGZ format for volumes.
INFO: not computing global stats
INFO: using ../label/lh.cortex.label as mask to calc cortex NumVert, SurfArea and MeanThickness.
Using TH3 vertex volume calc
Total face volume 284205
Total vertex volume 283998 (mask=0)
Saving annotation colortable ../label/aparc.annot.ctab

table columns are:
    number of vertices
    total surface area (mm^2)
    total gray matter volume (mm^3)
    average cortical thickness +- standard deviation (mm)
    integrated rectified mean curvature
    integrated rectified Gaussian curvature
    folding index
    intrinsic curvature index
    structure name

 1594   1087   2787  2.598 0.505     0.096     0.020        9     1.3  bankssts
 1410    989   2624  2.262 0.809     0.127     0.026       20     1.5  caudalanteriorcingulate
 5016   3355   8549  2.361 0.478     0.117     0.033       40     6.9  caudalmiddlefrontal
 3256   2125   4192  1.819 0.484     0.131     0.026       39     3.7  cuneus
  875    633   2695  3.120 0.811     0.143     0.042        9     1.5  entorhinal
 5397   3879  12815  2.860 0.654     0.134     0.035       64     7.5  fusiform
 5752   4167  11776  2.546 0.544     0.134     0.030       84     7.1  inferiorparietal
 4681   3489  11551  2.904 0.709     0.130     0.034       63     6.3  inferiortemporal
 1345    887   2200  2.362 0.676     0.114     0.028       13     1.6  isthmuscingulate
 9922   6616  15467  2.181 0.563     0.130     0.028      126    11.8  lateraloccipital
 4740   3283  10068  2.849 0.630     0.117     0.030       52     5.6  lateralorbitofrontal
 7032   5024  10325  1.955 0.630     0.147     0.037       92    11.7  lingual
 3594   2496   6865  2.507 0.715     0.130     0.038       59     6.4  medialorbitofrontal
 4259   3216  12880  3.004 0.776     0.136     0.035       78     5.9  middletemporal
 1199    833   2752  2.878 0.733     0.123     0.033       13     1.7  parahippocampal
 2383   1596   3744  2.151 0.477     0.103     0.019       22     2.0  paracentral
 2747   1962   5882  2.732 0.490     0.115     0.027       27     2.8  parsopercularis
 1047    806   2973  2.789 0.611     0.144     0.040       21     1.8  parsorbitalis
 2035   1445   4280  2.592 0.532     0.118     0.026       20     2.1  parstriangularis
 3555   2376   3327  1.573 0.442     0.124     0.027       35     4.2  pericalcarine
 5855   4258  11433  2.396 0.596     0.129     0.033       72     7.5  postcentral
 2043   1428   3806  2.537 0.843     0.128     0.030       29     2.9  posteriorcingulate
 9347   6410  15069  2.169 0.679     0.120     0.029       90    11.6  precentral
 5040   3622   8754  2.285 0.514     0.136     0.030       77     6.4  precuneus
 1521   1090   3357  2.712 0.701     0.126     0.029       25     1.9  rostralanteriorcingulate
 8882   6497  18956  2.519 0.595     0.131     0.033      140    11.9  rostralmiddlefrontal
14477  10147  29916  2.634 0.572     0.123     0.031      144    18.6  superiorfrontal
 8309   5542  12563  2.138 0.445     0.110     0.020       79     7.2  superiorparietal
 7430   5299  17745  2.962 0.610     0.123     0.032       88     9.9  superiortemporal
 5455   3820  10294  2.542 0.541     0.121     0.029       57     6.6  supramarginal
  394    284   1046  2.713 0.631     0.139     0.033        8     0.5  frontalpole
  744    573   3155  4.024 0.891     0.151     0.043       11     1.4  temporalpole
 1029    665   1659  2.284 0.424     0.112     0.033        8     1.3  transversetemporal
 3831   2626   8493  3.171 0.884     0.129     0.043       43     6.8  insula

 mris_anatomical_stats -th3 -mgz -noglobal -cortex ../label/lh.cortex.label -f ../stats/lh.aparc.pial.stats -b -a ../label/lh.aparc.annot -c ../label/aparc.annot.ctab sub-v1s6x0051369_ses-1 lh pial 

computing statistics for each annotation in ../label/lh.aparc.annot.
reading volume /out/sourcedata/freesurfer/sub-v1s6x0051369_ses-1/mri/wm.mgz...
reading input surface /out/sourcedata/freesurfer/sub-v1s6x0051369_ses-1/surf/lh.pial...
reading input pial surface /out/sourcedata/freesurfer/sub-v1s6x0051369_ses-1/surf/lh.pial...
reading input white surface /out/sourcedata/freesurfer/sub-v1s6x0051369_ses-1/surf/lh.white...
INFO: using TH3 volume calc
INFO: assuming MGZ format for volumes.
INFO: not computing global stats
INFO: using ../label/lh.cortex.label as mask to calc cortex NumVert, SurfArea and MeanThickness.
Using TH3 vertex volume calc
Total face volume 284205
Total vertex volume 283998 (mask=0)
Saving annotation colortable ../label/aparc.annot.ctab

table columns are:
    number of vertices
    total surface area (mm^2)
    total gray matter volume (mm^3)
    average cortical thickness +- standard deviation (mm)
    integrated rectified mean curvature
    integrated rectified Gaussian curvature
    folding index
    intrinsic curvature index
    structure name

 1594   1033   2787  2.598 0.505     0.123     0.035       42     2.2  bankssts
 1410   1240   2624  2.262 0.809     0.171     0.047       62     2.5  caudalanteriorcingulate
 5016   3814   8549  2.361 0.478     0.119     0.027       68     5.6  caudalmiddlefrontal
 3256   2613   4192  1.819 0.484     0.130     0.029       69     3.8  cuneus
  875   1054   2695  3.120 0.811     0.286     0.087      557     3.3  entorhinal
 5397   4850  12815  2.860 0.654     0.172     0.053      214    11.0  fusiform
 5752   4969  11776  2.546 0.544     0.153     0.034      111     8.1  inferiorparietal
 4681   4363  11551  2.904 0.709     0.169     0.045      139     8.5  inferiortemporal
 1345   1054   2200  2.362 0.676     0.164     0.051       36     2.6  isthmuscingulate
 9922   7736  15467  2.181 0.563     0.129     0.030      166    11.9  lateraloccipital
 4740   3742  10068  2.849 0.630     0.149     0.041     2038     8.1  lateralorbitofrontal
 7032   5846  10325  1.955 0.630     0.147     0.040      161    10.6  lingual
 3594   3073   6865  2.507 0.715     0.164     0.069       88     6.3  medialorbitofrontal
 4259   4924  12880  3.004 0.776     0.190     0.040      104     7.7  middletemporal
 1199   1078   2752  2.878 0.733     0.177     0.050       24     2.8  parahippocampal
 2383   1857   3744  2.151 0.477     0.116     0.021       28     2.1  paracentral
 2747   2382   5882  2.732 0.490     0.154     0.042       59     4.1  parsopercularis
 1047   1296   2973  2.789 0.611     0.202     0.037       17     1.9  parsorbitalis
 2035   1760   4280  2.592 0.532     0.154     0.033       37     2.7  parstriangularis
 3555   2086   3327  1.573 0.442     0.110     0.026       56     3.8  pericalcarine
 5855   5185  11433  2.396 0.596     0.153     0.035      172     7.9  postcentral
 2043   1611   3806  2.537 0.843     0.160     0.050      122     3.6  posteriorcingulate
 9347   7207  15069  2.169 0.679     0.126     0.030      276    10.9  precentral
 5040   4074   8754  2.285 0.514     0.143     0.035       97     6.6  precuneus
 1521   1458   3357  2.712 0.701     0.175     0.048       31     3.0  rostralanteriorcingulate
 8882   8162  18956  2.519 0.595     0.164     0.037      174    14.3  rostralmiddlefrontal
14477  12010  29916  2.634 0.572     0.139     0.033      668    18.0  superiorfrontal
 8309   6173  12563  2.138 0.445     0.124     0.025      174     8.5  superiorparietal
 7430   6527  17745  2.962 0.610     0.157     0.045      177    13.0  superiortemporal
 5455   4178  10294  2.542 0.541     0.144     0.041      141     8.0  supramarginal
  394    470   1046  2.713 0.631     0.200     0.033        5     0.6  frontalpole
  744   1010   3155  4.024 0.891     0.217     0.056       16     1.6  temporalpole
 1029    858   1659  2.284 0.424     0.122     0.033        7     1.3  transversetemporal
 3831   2563   8493  3.171 0.884     0.153     0.053       95     7.9  insula
#-----------------------------------------
#@# Parcellation Stats 2 lh Tue Mar 10 08:44:05 CET 2026
/out/sourcedata/freesurfer/sub-v1s6x0051369_ses-1/scripts

 mris_anatomical_stats -th3 -mgz -noglobal -cortex ../label/lh.cortex.label -f ../stats/lh.aparc.a2009s.stats -b -a ../label/lh.aparc.a2009s.annot -c ../label/aparc.annot.a2009s.ctab sub-v1s6x0051369_ses-1 lh white 

computing statistics for each annotation in ../label/lh.aparc.a2009s.annot.
reading volume /out/sourcedata/freesurfer/sub-v1s6x0051369_ses-1/mri/wm.mgz...
reading input surface /out/sourcedata/freesurfer/sub-v1s6x0051369_ses-1/surf/lh.white...
reading input pial surface /out/sourcedata/freesurfer/sub-v1s6x0051369_ses-1/surf/lh.pial...
reading input white surface /out/sourcedata/freesurfer/sub-v1s6x0051369_ses-1/surf/lh.white...
INFO: using TH3 volume calc
INFO: assuming MGZ format for volumes.
INFO: not computing global stats
INFO: using ../label/lh.cortex.label as mask to calc cortex NumVert, SurfArea and MeanThickness.
Using TH3 vertex volume calc
Total face volume 284205
Total vertex volume 283998 (mask=0)
Saving annotation colortable ../label/aparc.annot.a2009s.ctab

table columns are:
    number of vertices
    total surface area (mm^2)
    total gray matter volume (mm^3)
    average cortical thickness +- standard deviation (mm)
    integrated rectified mean curvature
    integrated rectified Gaussian curvature
    folding index
    intrinsic curvature index
    structure name

 1166    859   2190  2.233 0.544     0.140     0.040       28     1.7  G_and_S_frontomargin
 2254   1548   3894  2.345 0.512     0.128     0.027       27     2.6  G_and_S_occipital_inf
 1548   1104   2813  2.086 0.541     0.130     0.028       22     1.8  G_and_S_paracentral
 2400   1811   5657  2.784 0.535     0.146     0.041       34     4.0  G_and_S_subcentral
  756    585   2126  2.703 0.647     0.144     0.033       14     1.1  G_and_S_transv_frontopol
 2531   1808   5335  2.742 0.589     0.114     0.024       28     2.5  G_and_S_cingul-Ant
 1967   1351   3659  2.639 0.542     0.110     0.024       18     1.9  G_and_S_cingul-Mid-Ant
 2267   1558   4075  2.551 0.669     0.117     0.026       22     2.7  G_and_S_cingul-Mid-Post
  406    295   1012  2.829 0.647     0.136     0.039        4     0.7  G_cingul-Post-dorsal
  322    196    681  2.728 0.635     0.118     0.030        4     0.4  G_cingul-Post-ventral
 3036   1954   3666  1.697 0.482     0.133     0.029       37     3.8  G_cuneus
 1683   1246   4602  2.975 0.477     0.138     0.038       21     2.5  G_front_inf-Opercular
  498    358   1483  2.967 0.522     0.135     0.034        9     0.6  G_front_inf-Orbital
 1086    834   3102  2.789 0.471     0.139     0.037       16     1.5  G_front_inf-Triangul
 5124   3756  12564  2.642 0.581     0.141     0.040       81     8.1  G_front_middle
 9368   6590  21794  2.706 0.596     0.131     0.034      115    13.1  G_front_sup
  694    476   1611  3.237 0.735     0.135     0.048        8     1.3  G_Ins_lg_and_S_cent_ins
  893    649   3138  3.794 0.765     0.155     0.065       17     2.3  G_insular_short
 2643   1881   5928  2.536 0.461     0.144     0.032       50     3.3  G_occipital_middle
 2048   1314   3069  2.155 0.461     0.130     0.025       24     2.3  G_occipital_sup
 2134   1559   5999  2.998 0.644     0.143     0.039       31     3.2  G_oc-temp_lat-fusifor
 4868   3430   7121  1.838 0.668     0.154     0.041       72     8.7  G_oc-temp_med-Lingual
 1595   1162   4900  3.057 0.817     0.142     0.045       21     2.8  G_oc-temp_med-Parahip
 2745   2020   7574  2.833 0.703     0.135     0.038       51     4.0  G_orbital
 1778   1334   4613  2.691 0.562     0.141     0.037       33     2.6  G_pariet_inf-Angular
 2917   2095   6690  2.618 0.518     0.128     0.029       38     3.9  G_pariet_inf-Supramar
 2968   2066   5455  2.217 0.386     0.113     0.020       33     2.6  G_parietal_sup
 1841   1418   4478  2.449 0.526     0.142     0.039       30     2.6  G_postcentral
 3336   2173   4804  1.943 0.523     0.114     0.028       36     3.7  G_precentral
 2501   1850   5789  2.484 0.520     0.151     0.035       49     3.5  G_precuneus
 1332    960   3053  2.525 0.725     0.152     0.044       31     2.8  G_rectus
  866    597   1558  2.615 0.988     0.160     0.076       20     2.8  G_subcallosal
  856    542   1541  2.336 0.484     0.124     0.038        9     1.3  G_temp_sup-G_T_transv
 2359   1841   8325  3.187 0.623     0.159     0.048       53     4.3  G_temp_sup-Lateral
  847    582   2796  3.998 0.824     0.107     0.030        5     1.1  G_temp_sup-Plan_polar
 1617   1165   3494  2.744 0.456     0.115     0.027       20     1.9  G_temp_sup-Plan_tempo
 2391   1874   7180  2.993 0.700     0.143     0.041       45     3.7  G_temporal_inf
 2303   1788   8650  3.185 0.809     0.149     0.043       54     3.6  G_temporal_middle
  370    237    446  2.217 0.495     0.085     0.011        2     0.2  Lat_Fis-ant-Horizont
  325    232    475  2.428 0.607     0.115     0.016        2     0.2  Lat_Fis-ant-Vertical
 1405    934   1854  2.517 0.533     0.109     0.026        8     1.6  Lat_Fis-post
 2814   1750   3611  1.889 0.587     0.131     0.029       36     3.5  Pole_occipital
 1610   1303   6630  3.489 0.801     0.161     0.051       27     3.2  Pole_temporal
 4168   2945   4429  1.761 0.514     0.127     0.029       47     5.6  S_calcarine
 3288   2214   4004  2.012 0.483     0.107     0.023       24     3.3  S_central
  915    598   1155  2.233 0.462     0.093     0.014        4     0.6  S_cingul-Marginalis
  588    386    965  2.787 0.508     0.100     0.024        2     0.7  S_circular_insula_ant
 1561   1025   2546  3.093 0.835     0.103     0.026        9     1.8  S_circular_insula_inf
 2065   1339   3222  2.846 0.514     0.100     0.022        9     2.1  S_circular_insula_sup
 1152    809   2140  2.884 0.523     0.111     0.024        8     1.3  S_collat_transv_ant
  709    473    793  2.201 0.578     0.134     0.026        7     0.8  S_collat_transv_post
 2532   1739   3898  2.328 0.446     0.098     0.021       16     1.9  S_front_inf
 1945   1338   3405  2.443 0.514     0.113     0.025       18     2.1  S_front_middle
 4592   3145   7387  2.390 0.460     0.113     0.029       36     5.8  S_front_sup
  388    254    561  2.723 0.633     0.106     0.018        2     0.3  S_interm_prim-Jensen
 2921   1953   3495  2.128 0.413     0.112     0.021       24     2.8  S_intrapariet_and_P_trans
 1320    912   1573  2.148 0.379     0.128     0.026       11     1.5  S_oc_middle_and_Lunatus
 1167    766   1503  2.135 0.341     0.093     0.017        6     0.8  S_oc_sup_and_transversal
  956    666   1213  2.245 0.437     0.123     0.026       10     1.1  S_occipital_ant
 1058    706   1619  2.566 0.492     0.105     0.019        7     0.9  S_oc-temp_lat
 2849   1975   4436  2.502 0.532     0.119     0.027       24     3.2  S_oc-temp_med_and_Lingual
  472    349    868  2.337 0.616     0.154     0.042        8     1.1  S_orbital_lateral
 1017    670   1421  2.531 0.502     0.104     0.023        8     1.0  S_orbital_med-olfact
 1622   1150   3172  2.950 0.595     0.120     0.029       15     2.0  S_orbital-H_Shaped
 2515   1724   3188  2.003 0.464     0.123     0.022       26     2.5  S_parieto_occipital
 1637   1053   1605  1.783 0.672     0.128     0.027       30     1.8  S_pericallosal
 2350   1563   2972  2.068 0.492     0.106     0.022       16     2.2  S_postcentral
 2897   2025   5271  2.487 0.546     0.113     0.028       23     3.6  S_precentral-inf-part
 1285    881   1178  1.601 0.389     0.117     0.025       10     1.4  S_precentral-sup-part
  808    544   1227  2.358 0.579     0.091     0.017        4     0.7  S_suborbital
  673    474    955  2.354 0.356     0.112     0.020        4     0.6  S_subparietal
 1352    947   2041  2.532 0.644     0.113     0.024       10     1.5  S_temporal_inf
 6221   4345  11386  2.661 0.544     0.113     0.024       57     6.5  S_temporal_sup
  705    473    934  2.547 0.427     0.101     0.020        3     0.7  S_temporal_transverse
#-----------------------------------------
#@# Parcellation Stats 3 lh Tue Mar 10 08:44:15 CET 2026
/out/sourcedata/freesurfer/sub-v1s6x0051369_ses-1/scripts

 mris_anatomical_stats -th3 -mgz -noglobal -cortex ../label/lh.cortex.label -f ../stats/lh.aparc.DKTatlas.stats -b -a ../label/lh.aparc.DKTatlas.annot -c ../label/aparc.annot.DKTatlas.ctab sub-v1s6x0051369_ses-1 lh white 

computing statistics for each annotation in ../label/lh.aparc.DKTatlas.annot.
reading volume /out/sourcedata/freesurfer/sub-v1s6x0051369_ses-1/mri/wm.mgz...
reading input surface /out/sourcedata/freesurfer/sub-v1s6x0051369_ses-1/surf/lh.white...
reading input pial surface /out/sourcedata/freesurfer/sub-v1s6x0051369_ses-1/surf/lh.pial...
reading input white surface /out/sourcedata/freesurfer/sub-v1s6x0051369_ses-1/surf/lh.white...
INFO: using TH3 volume calc
INFO: assuming MGZ format for volumes.
INFO: not computing global stats
INFO: using ../label/lh.cortex.label as mask to calc cortex NumVert, SurfArea and MeanThickness.
Using TH3 vertex volume calc
Total face volume 284205
Total vertex volume 283998 (mask=0)
Saving annotation colortable ../label/aparc.annot.DKTatlas.ctab

table columns are:
    number of vertices
    total surface area (mm^2)
    total gray matter volume (mm^3)
    average cortical thickness +- standard deviation (mm)
    integrated rectified mean curvature
    integrated rectified Gaussian curvature
    folding index
    intrinsic curvature index
    structure name

 2614   1768   4780  2.455 0.717     0.119     0.025       32     2.7  caudalanteriorcingulate
 5280   3545   8990  2.367 0.485     0.118     0.033       43     7.2  caudalmiddlefrontal
 4263   2815   5443  1.848 0.471     0.130     0.025       49     4.6  cuneus
  767    572   2455  3.140 0.803     0.149     0.045        9     1.5  entorhinal
 5024   3574  11081  2.810 0.619     0.133     0.033       59     6.6  fusiform
 5893   4242  11850  2.535 0.546     0.132     0.030       86     7.3  inferiorparietal
 4723   3523  12204  2.945 0.718     0.131     0.036       62     6.7  inferiortemporal
 1363    898   2228  2.382 0.671     0.117     0.028       14     1.7  isthmuscingulate
 9759   6499  15318  2.191 0.560     0.130     0.027      119    11.4  lateraloccipital
 5206   3685  11063  2.774 0.667     0.132     0.037       80     8.0  lateralorbitofrontal
 7205   5138  10449  1.938 0.626     0.146     0.037       95    11.8  lingual
 3011   2108   6054  2.522 0.727     0.130     0.038       52     5.3  medialorbitofrontal
 5739   4263  15632  2.884 0.762     0.131     0.033       93     7.7  middletemporal
 1254    876   2921  2.882 0.731     0.122     0.034       13     1.8  parahippocampal
 2827   1879   4374  2.132 0.466     0.105     0.021       25     2.7  paracentral
 2638   1875   5605  2.755 0.485     0.119     0.028       27     2.8  parsopercularis
 1190    834   2819  2.744 0.666     0.106     0.026       11     1.2  parsorbitalis
 2343   1671   4902  2.580 0.516     0.119     0.029       25     2.7  parstriangularis
 3451   2308   3211  1.572 0.440     0.125     0.027       34     4.1  pericalcarine
 6688   4808  12727  2.392 0.603     0.128     0.032       80     8.6  postcentral
 2241   1567   4100  2.544 0.794     0.127     0.030       29     3.0  posteriorcingulate
 9331   6398  15263  2.191 0.681     0.119     0.029       89    11.4  precentral
 4958   3572   8885  2.298 0.520     0.137     0.030       79     6.4  precuneus
 2252   1569   4594  2.687 0.679     0.127     0.033       35     3.1  rostralanteriorcingulate
 6455   4811  14345  2.571 0.598     0.135     0.034      101     9.0  rostralmiddlefrontal
14600  10353  30986  2.616 0.595     0.124     0.031      158    18.7  superiorfrontal
 6496   4321   9823  2.143 0.426     0.106     0.019       57     5.3  superiorparietal
 9378   6678  23173  3.013 0.705     0.123     0.033      108    12.6  superiortemporal
 5108   3594   9761  2.540 0.539     0.125     0.029       56     6.4  supramarginal
 1031    665   1656  2.293 0.431     0.112     0.032        8     1.3  transversetemporal
 3108   2119   7304  3.281 0.885     0.118     0.035       28     4.4  insula
/out/sourcedata/freesurfer/sub-v1s6x0051369_ses-1/label
#--------------------------------------------
#@# BA_exvivo Labels lh Tue Mar 10 08:44:26 CET 2026

 mri_label2label --srcsubject fsaverage --srclabel /out/sourcedata/freesurfer/fsaverage/label/lh.BA1_exvivo.label --trgsubject sub-v1s6x0051369_ses-1 --trglabel ./lh.BA1_exvivo.label --hemi lh --regmethod surface 


srclabel = /out/sourcedata/freesurfer/fsaverage/label/lh.BA1_exvivo.label
srcsubject = fsaverage
trgsubject = sub-v1s6x0051369_ses-1
trglabel = ./lh.BA1_exvivo.label
regmethod = surface

srchemi = lh
trghemi = lh
trgsurface = white
srcsurfreg = sphere.reg
trgsurfreg = sphere.reg
usehash = 1
Use ProjAbs  = 0, 0
Use ProjFrac = 0, 0
DoPaint 0

SUBJECTS_DIR    /out/sourcedata/freesurfer
FREESURFER_HOME /opt/freesurfer
Loading source label.
Found 4129 points in source label.
Starting surface-based mapping
Reading source registration 
 /out/sourcedata/freesurfer/fsaverage/surf/lh.sphere.reg
Rescaling ...  original radius = 100
Reading target surface 
 /out/sourcedata/freesurfer/sub-v1s6x0051369_ses-1/surf/lh.white
Reading target registration 
 /out/sourcedata/freesurfer/sub-v1s6x0051369_ses-1/surf/lh.sphere.reg
Rescaling ...  original radius = 100
Building target registration hash (res=16).
Building source registration hash (res=16).
INFO: found  4129 nlabel points
Performing mapping from target back to the source label 154978
Number of reverse mapping hits = 60
Checking for and removing duplicates
Writing label file ./lh.BA1_exvivo.label 4189
mri_label2label: Done


 mri_label2label --srcsubject fsaverage --srclabel /out/sourcedata/freesurfer/fsaverage/label/lh.BA2_exvivo.label --trgsubject sub-v1s6x0051369_ses-1 --trglabel ./lh.BA2_exvivo.label --hemi lh --regmethod surface 


srclabel = /out/sourcedata/freesurfer/fsaverage/label/lh.BA2_exvivo.label
srcsubject = fsaverage
trgsubject = sub-v1s6x0051369_ses-1
trglabel = ./lh.BA2_exvivo.label
regmethod = surface

srchemi = lh
trghemi = lh
trgsurface = white
srcsurfreg = sphere.reg
trgsurfreg = sphere.reg
usehash = 1
Use ProjAbs  = 0, 0
Use ProjFrac = 0, 0
DoPaint 0

SUBJECTS_DIR    /out/sourcedata/freesurfer
FREESURFER_HOME /opt/freesurfer
Loading source label.
Found 7909 points in source label.
Starting surface-based mapping
Reading source registration 
 /out/sourcedata/freesurfer/fsaverage/surf/lh.sphere.reg
Rescaling ...  original radius = 100
Reading target surface 
 /out/sourcedata/freesurfer/sub-v1s6x0051369_ses-1/surf/lh.white
Reading target registration 
 /out/sourcedata/freesurfer/sub-v1s6x0051369_ses-1/surf/lh.sphere.reg
Rescaling ...  original radius = 100
Building target registration hash (res=16).
Building source registration hash (res=16).
INFO: found  7909 nlabel points
Performing mapping from target back to the source label 154978
Number of reverse mapping hits = 87
Checking for and removing duplicates
Writing label file ./lh.BA2_exvivo.label 7996
mri_label2label: Done


 mri_label2label --srcsubject fsaverage --srclabel /out/sourcedata/freesurfer/fsaverage/label/lh.BA3a_exvivo.label --trgsubject sub-v1s6x0051369_ses-1 --trglabel ./lh.BA3a_exvivo.label --hemi lh --regmethod surface 


srclabel = /out/sourcedata/freesurfer/fsaverage/label/lh.BA3a_exvivo.label
srcsubject = fsaverage
trgsubject = sub-v1s6x0051369_ses-1
trglabel = ./lh.BA3a_exvivo.label
regmethod = surface

srchemi = lh
trghemi = lh
trgsurface = white
srcsurfreg = sphere.reg
trgsurfreg = sphere.reg
usehash = 1
Use ProjAbs  = 0, 0
Use ProjFrac = 0, 0
DoPaint 0

SUBJECTS_DIR    /out/sourcedata/freesurfer
FREESURFER_HOME /opt/freesurfer
Loading source label.
Found 4077 points in source label.
Starting surface-based mapping
Reading source registration 
 /out/sourcedata/freesurfer/fsaverage/surf/lh.sphere.reg
Rescaling ...  original radius = 100
Reading target surface 
 /out/sourcedata/freesurfer/sub-v1s6x0051369_ses-1/surf/lh.white
Reading target registration 
 /out/sourcedata/freesurfer/sub-v1s6x0051369_ses-1/surf/lh.sphere.reg
Rescaling ...  original radius = 100
Building target registration hash (res=16).
Building source registration hash (res=16).
INFO: found  4077 nlabel points
Performing mapping from target back to the source label 154978
Number of reverse mapping hits = 290
Checking for and removing duplicates
Writing label file ./lh.BA3a_exvivo.label 4367
mri_label2label: Done


 mri_label2label --srcsubject fsaverage --srclabel /out/sourcedata/freesurfer/fsaverage/label/lh.BA3b_exvivo.label --trgsubject sub-v1s6x0051369_ses-1 --trglabel ./lh.BA3b_exvivo.label --hemi lh --regmethod surface 


srclabel = /out/sourcedata/freesurfer/fsaverage/label/lh.BA3b_exvivo.label
srcsubject = fsaverage
trgsubject = sub-v1s6x0051369_ses-1
trglabel = ./lh.BA3b_exvivo.label
regmethod = surface

srchemi = lh
trghemi = lh
trgsurface = white
srcsurfreg = sphere.reg
trgsurfreg = sphere.reg
usehash = 1
Use ProjAbs  = 0, 0
Use ProjFrac = 0, 0
DoPaint 0

SUBJECTS_DIR    /out/sourcedata/freesurfer
FREESURFER_HOME /opt/freesurfer
Loading source label.
Found 5983 points in source label.
Starting surface-based mapping
Reading source registration 
 /out/sourcedata/freesurfer/fsaverage/surf/lh.sphere.reg
Rescaling ...  original radius = 100
Reading target surface 
 /out/sourcedata/freesurfer/sub-v1s6x0051369_ses-1/surf/lh.white
Reading target registration 
 /out/sourcedata/freesurfer/sub-v1s6x0051369_ses-1/surf/lh.sphere.reg
Rescaling ...  original radius = 100
Building target registration hash (res=16).
Building source registration hash (res=16).
INFO: found  5983 nlabel points
Performing mapping from target back to the source label 154978
Number of reverse mapping hits = 343
Checking for and removing duplicates
Writing label file ./lh.BA3b_exvivo.label 6326
mri_label2label: Done


 mri_label2label --srcsubject fsaverage --srclabel /out/sourcedata/freesurfer/fsaverage/label/lh.BA4a_exvivo.label --trgsubject sub-v1s6x0051369_ses-1 --trglabel ./lh.BA4a_exvivo.label --hemi lh --regmethod surface 


srclabel = /out/sourcedata/freesurfer/fsaverage/label/lh.BA4a_exvivo.label
srcsubject = fsaverage
trgsubject = sub-v1s6x0051369_ses-1
trglabel = ./lh.BA4a_exvivo.label
regmethod = surface

srchemi = lh
trghemi = lh
trgsurface = white
srcsurfreg = sphere.reg
trgsurfreg = sphere.reg
usehash = 1
Use ProjAbs  = 0, 0
Use ProjFrac = 0, 0
DoPaint 0

SUBJECTS_DIR    /out/sourcedata/freesurfer
FREESURFER_HOME /opt/freesurfer
Loading source label.
Found 5784 points in source label.
Starting surface-based mapping
Reading source registration 
 /out/sourcedata/freesurfer/fsaverage/surf/lh.sphere.reg
Rescaling ...  original radius = 100
Reading target surface 
 /out/sourcedata/freesurfer/sub-v1s6x0051369_ses-1/surf/lh.white
Reading target registration 
 /out/sourcedata/freesurfer/sub-v1s6x0051369_ses-1/surf/lh.sphere.reg
Rescaling ...  original radius = 100
Building target registration hash (res=16).
Building source registration hash (res=16).
INFO: found  5784 nlabel points
Performing mapping from target back to the source label 154978
Number of reverse mapping hits = 428
Checking for and removing duplicates
Writing label file ./lh.BA4a_exvivo.label 6212
mri_label2label: Done


 mri_label2label --srcsubject fsaverage --srclabel /out/sourcedata/freesurfer/fsaverage/label/lh.BA4p_exvivo.label --trgsubject sub-v1s6x0051369_ses-1 --trglabel ./lh.BA4p_exvivo.label --hemi lh --regmethod surface 


srclabel = /out/sourcedata/freesurfer/fsaverage/label/lh.BA4p_exvivo.label
srcsubject = fsaverage
trgsubject = sub-v1s6x0051369_ses-1
trglabel = ./lh.BA4p_exvivo.label
regmethod = surface

srchemi = lh
trghemi = lh
trgsurface = white
srcsurfreg = sphere.reg
trgsurfreg = sphere.reg
usehash = 1
Use ProjAbs  = 0, 0
Use ProjFrac = 0, 0
DoPaint 0

SUBJECTS_DIR    /out/sourcedata/freesurfer
FREESURFER_HOME /opt/freesurfer
Loading source label.
Found 4070 points in source label.
Starting surface-based mapping
Reading source registration 
 /out/sourcedata/freesurfer/fsaverage/surf/lh.sphere.reg
Rescaling ...  original radius = 100
Reading target surface 
 /out/sourcedata/freesurfer/sub-v1s6x0051369_ses-1/surf/lh.white
Reading target registration 
 /out/sourcedata/freesurfer/sub-v1s6x0051369_ses-1/surf/lh.sphere.reg
Rescaling ...  original radius = 100
Building target registration hash (res=16).
Building source registration hash (res=16).
INFO: found  4070 nlabel points
Performing mapping from target back to the source label 154978
Number of reverse mapping hits = 233
Checking for and removing duplicates
Writing label file ./lh.BA4p_exvivo.label 4303
mri_label2label: Done


 mri_label2label --srcsubject fsaverage --srclabel /out/sourcedata/freesurfer/fsaverage/label/lh.BA6_exvivo.label --trgsubject sub-v1s6x0051369_ses-1 --trglabel ./lh.BA6_exvivo.label --hemi lh --regmethod surface 


srclabel = /out/sourcedata/freesurfer/fsaverage/label/lh.BA6_exvivo.label
srcsubject = fsaverage
trgsubject = sub-v1s6x0051369_ses-1
trglabel = ./lh.BA6_exvivo.label
regmethod = surface

srchemi = lh
trghemi = lh
trgsurface = white
srcsurfreg = sphere.reg
trgsurfreg = sphere.reg
usehash = 1
Use ProjAbs  = 0, 0
Use ProjFrac = 0, 0
DoPaint 0

SUBJECTS_DIR    /out/sourcedata/freesurfer
FREESURFER_HOME /opt/freesurfer
Loading source label.
Found 13589 points in source label.
Starting surface-based mapping
Reading source registration 
 /out/sourcedata/freesurfer/fsaverage/surf/lh.sphere.reg
Rescaling ...  original radius = 100
Reading target surface 
 /out/sourcedata/freesurfer/sub-v1s6x0051369_ses-1/surf/lh.white
Reading target registration 
 /out/sourcedata/freesurfer/sub-v1s6x0051369_ses-1/surf/lh.sphere.reg
Rescaling ...  original radius = 100
Building target registration hash (res=16).
Building source registration hash (res=16).
INFO: found  13589 nlabel points
Performing mapping from target back to the source label 154978
Number of reverse mapping hits = 2791
Checking for and removing duplicates
Writing label file ./lh.BA6_exvivo.label 16380
mri_label2label: Done


 mri_label2label --srcsubject fsaverage --srclabel /out/sourcedata/freesurfer/fsaverage/label/lh.BA44_exvivo.label --trgsubject sub-v1s6x0051369_ses-1 --trglabel ./lh.BA44_exvivo.label --hemi lh --regmethod surface 


srclabel = /out/sourcedata/freesurfer/fsaverage/label/lh.BA44_exvivo.label
srcsubject = fsaverage
trgsubject = sub-v1s6x0051369_ses-1
trglabel = ./lh.BA44_exvivo.label
regmethod = surface

srchemi = lh
trghemi = lh
trgsurface = white
srcsurfreg = sphere.reg
trgsurfreg = sphere.reg
usehash = 1
Use ProjAbs  = 0, 0
Use ProjFrac = 0, 0
DoPaint 0

SUBJECTS_DIR    /out/sourcedata/freesurfer
FREESURFER_HOME /opt/freesurfer
Loading source label.
Found 4181 points in source label.
Starting surface-based mapping
Reading source registration 
 /out/sourcedata/freesurfer/fsaverage/surf/lh.sphere.reg
Rescaling ...  original radius = 100
Reading target surface 
 /out/sourcedata/freesurfer/sub-v1s6x0051369_ses-1/surf/lh.white
Reading target registration 
 /out/sourcedata/freesurfer/sub-v1s6x0051369_ses-1/surf/lh.sphere.reg
Rescaling ...  original radius = 100
Building target registration hash (res=16).
Building source registration hash (res=16).
INFO: found  4181 nlabel points
Performing mapping from target back to the source label 154978
Number of reverse mapping hits = 891
Checking for and removing duplicates
Writing label file ./lh.BA44_exvivo.label 5072
mri_label2label: Done


 mri_label2label --srcsubject fsaverage --srclabel /out/sourcedata/freesurfer/fsaverage/label/lh.BA45_exvivo.label --trgsubject sub-v1s6x0051369_ses-1 --trglabel ./lh.BA45_exvivo.label --hemi lh --regmethod surface 


srclabel = /out/sourcedata/freesurfer/fsaverage/label/lh.BA45_exvivo.label
srcsubject = fsaverage
trgsubject = sub-v1s6x0051369_ses-1
trglabel = ./lh.BA45_exvivo.label
regmethod = surface

srchemi = lh
trghemi = lh
trgsurface = white
srcsurfreg = sphere.reg
trgsurfreg = sphere.reg
usehash = 1
Use ProjAbs  = 0, 0
Use ProjFrac = 0, 0
DoPaint 0

SUBJECTS_DIR    /out/sourcedata/freesurfer
FREESURFER_HOME /opt/freesurfer
Loading source label.
Found 3422 points in source label.
Starting surface-based mapping
Reading source registration 
 /out/sourcedata/freesurfer/fsaverage/surf/lh.sphere.reg
Rescaling ...  original radius = 100
Reading target surface 
 /out/sourcedata/freesurfer/sub-v1s6x0051369_ses-1/surf/lh.white
Reading target registration 
 /out/sourcedata/freesurfer/sub-v1s6x0051369_ses-1/surf/lh.sphere.reg
Rescaling ...  original radius = 100
Building target registration hash (res=16).
Building source registration hash (res=16).
INFO: found  3422 nlabel points
Performing mapping from target back to the source label 154978
Number of reverse mapping hits = 404
Checking for and removing duplicates
Writing label file ./lh.BA45_exvivo.label 3826
mri_label2label: Done


 mri_label2label --srcsubject fsaverage --srclabel /out/sourcedata/freesurfer/fsaverage/label/lh.V1_exvivo.label --trgsubject sub-v1s6x0051369_ses-1 --trglabel ./lh.V1_exvivo.label --hemi lh --regmethod surface 


srclabel = /out/sourcedata/freesurfer/fsaverage/label/lh.V1_exvivo.label
srcsubject = fsaverage
trgsubject = sub-v1s6x0051369_ses-1
trglabel = ./lh.V1_exvivo.label
regmethod = surface

srchemi = lh
trghemi = lh
trgsurface = white
srcsurfreg = sphere.reg
trgsurfreg = sphere.reg
usehash = 1
Use ProjAbs  = 0, 0
Use ProjFrac = 0, 0
DoPaint 0

SUBJECTS_DIR    /out/sourcedata/freesurfer
FREESURFER_HOME /opt/freesurfer
Loading source label.
Found 4641 points in source label.
Starting surface-based mapping
Reading source registration 
 /out/sourcedata/freesurfer/fsaverage/surf/lh.sphere.reg
Rescaling ...  original radius = 100
Reading target surface 
 /out/sourcedata/freesurfer/sub-v1s6x0051369_ses-1/surf/lh.white
Reading target registration 
 /out/sourcedata/freesurfer/sub-v1s6x0051369_ses-1/surf/lh.sphere.reg
Rescaling ...  original radius = 100
Building target registration hash (res=16).
Building source registration hash (res=16).
INFO: found  4641 nlabel points
Performing mapping from target back to the source label 154978
Number of reverse mapping hits = 3874
Checking for and removing duplicates
Writing label file ./lh.V1_exvivo.label 8515
mri_label2label: Done


 mri_label2label --srcsubject fsaverage --srclabel /out/sourcedata/freesurfer/fsaverage/label/lh.V2_exvivo.label --trgsubject sub-v1s6x0051369_ses-1 --trglabel ./lh.V2_exvivo.label --hemi lh --regmethod surface 


srclabel = /out/sourcedata/freesurfer/fsaverage/label/lh.V2_exvivo.label
srcsubject = fsaverage
trgsubject = sub-v1s6x0051369_ses-1
trglabel = ./lh.V2_exvivo.label
regmethod = surface

srchemi = lh
trghemi = lh
trgsurface = white
srcsurfreg = sphere.reg
trgsurfreg = sphere.reg
usehash = 1
Use ProjAbs  = 0, 0
Use ProjFrac = 0, 0
DoPaint 0

SUBJECTS_DIR    /out/sourcedata/freesurfer
FREESURFER_HOME /opt/freesurfer
Loading source label.
Found 8114 points in source label.
Starting surface-based mapping
Reading source registration 
 /out/sourcedata/freesurfer/fsaverage/surf/lh.sphere.reg
Rescaling ...  original radius = 100
Reading target surface 
 /out/sourcedata/freesurfer/sub-v1s6x0051369_ses-1/surf/lh.white
Reading target registration 
 /out/sourcedata/freesurfer/sub-v1s6x0051369_ses-1/surf/lh.sphere.reg
Rescaling ...  original radius = 100
Building target registration hash (res=16).
Building source registration hash (res=16).
INFO: found  8114 nlabel points
Performing mapping from target back to the source label 154978
Number of reverse mapping hits = 5780
Checking for and removing duplicates
Writing label file ./lh.V2_exvivo.label 13894
mri_label2label: Done


 mri_label2label --srcsubject fsaverage --srclabel /out/sourcedata/freesurfer/fsaverage/label/lh.MT_exvivo.label --trgsubject sub-v1s6x0051369_ses-1 --trglabel ./lh.MT_exvivo.label --hemi lh --regmethod surface 


srclabel = /out/sourcedata/freesurfer/fsaverage/label/lh.MT_exvivo.label
srcsubject = fsaverage
trgsubject = sub-v1s6x0051369_ses-1
trglabel = ./lh.MT_exvivo.label
regmethod = surface

srchemi = lh
trghemi = lh
trgsurface = white
srcsurfreg = sphere.reg
trgsurfreg = sphere.reg
usehash = 1
Use ProjAbs  = 0, 0
Use ProjFrac = 0, 0
DoPaint 0

SUBJECTS_DIR    /out/sourcedata/freesurfer
FREESURFER_HOME /opt/freesurfer
Loading source label.
Found 2018 points in source label.
Starting surface-based mapping
Reading source registration 
 /out/sourcedata/freesurfer/fsaverage/surf/lh.sphere.reg
Rescaling ...  original radius = 100
Reading target surface 
 /out/sourcedata/freesurfer/sub-v1s6x0051369_ses-1/surf/lh.white
Reading target registration 
 /out/sourcedata/freesurfer/sub-v1s6x0051369_ses-1/surf/lh.sphere.reg
Rescaling ...  original radius = 100
Building target registration hash (res=16).
Building source registration hash (res=16).
INFO: found  2018 nlabel points
Performing mapping from target back to the source label 154978
Number of reverse mapping hits = 630
Checking for and removing duplicates
Writing label file ./lh.MT_exvivo.label 2648
mri_label2label: Done


 mri_label2label --srcsubject fsaverage --srclabel /out/sourcedata/freesurfer/fsaverage/label/lh.entorhinal_exvivo.label --trgsubject sub-v1s6x0051369_ses-1 --trglabel ./lh.entorhinal_exvivo.label --hemi lh --regmethod surface 


srclabel = /out/sourcedata/freesurfer/fsaverage/label/lh.entorhinal_exvivo.label
srcsubject = fsaverage
trgsubject = sub-v1s6x0051369_ses-1
trglabel = ./lh.entorhinal_exvivo.label
regmethod = surface

srchemi = lh
trghemi = lh
trgsurface = white
srcsurfreg = sphere.reg
trgsurfreg = sphere.reg
usehash = 1
Use ProjAbs  = 0, 0
Use ProjFrac = 0, 0
DoPaint 0

SUBJECTS_DIR    /out/sourcedata/freesurfer
FREESURFER_HOME /opt/freesurfer
Loading source label.
Found 1290 points in source label.
Starting surface-based mapping
Reading source registration 
 /out/sourcedata/freesurfer/fsaverage/surf/lh.sphere.reg
Rescaling ...  original radius = 100
Reading target surface 
 /out/sourcedata/freesurfer/sub-v1s6x0051369_ses-1/surf/lh.white
Reading target registration 
 /out/sourcedata/freesurfer/sub-v1s6x0051369_ses-1/surf/lh.sphere.reg
Rescaling ...  original radius = 100
Building target registration hash (res=16).
Building source registration hash (res=16).
INFO: found  1290 nlabel points
Performing mapping from target back to the source label 154978
Number of reverse mapping hits = 191
Checking for and removing duplicates
Writing label file ./lh.entorhinal_exvivo.label 1481
mri_label2label: Done


 mri_label2label --srcsubject fsaverage --srclabel /out/sourcedata/freesurfer/fsaverage/label/lh.perirhinal_exvivo.label --trgsubject sub-v1s6x0051369_ses-1 --trglabel ./lh.perirhinal_exvivo.label --hemi lh --regmethod surface 


srclabel = /out/sourcedata/freesurfer/fsaverage/label/lh.perirhinal_exvivo.label
srcsubject = fsaverage
trgsubject = sub-v1s6x0051369_ses-1
trglabel = ./lh.perirhinal_exvivo.label
regmethod = surface

srchemi = lh
trghemi = lh
trgsurface = white
srcsurfreg = sphere.reg
trgsurfreg = sphere.reg
usehash = 1
Use ProjAbs  = 0, 0
Use ProjFrac = 0, 0
DoPaint 0

SUBJECTS_DIR    /out/sourcedata/freesurfer
FREESURFER_HOME /opt/freesurfer
Loading source label.
Found 1199 points in source label.
Starting surface-based mapping
Reading source registration 
 /out/sourcedata/freesurfer/fsaverage/surf/lh.sphere.reg
Rescaling ...  original radius = 100
Reading target surface 
 /out/sourcedata/freesurfer/sub-v1s6x0051369_ses-1/surf/lh.white
Reading target registration 
 /out/sourcedata/freesurfer/sub-v1s6x0051369_ses-1/surf/lh.sphere.reg
Rescaling ...  original radius = 100
Building target registration hash (res=16).
Building source registration hash (res=16).
INFO: found  1199 nlabel points
Performing mapping from target back to the source label 154978
Number of reverse mapping hits = 135
Checking for and removing duplicates
Writing label file ./lh.perirhinal_exvivo.label 1334
mri_label2label: Done


 mri_label2label --srcsubject fsaverage --srclabel /out/sourcedata/freesurfer/fsaverage/label/lh.FG1.mpm.vpnl.label --trgsubject sub-v1s6x0051369_ses-1 --trglabel ./lh.FG1.mpm.vpnl.label --hemi lh --regmethod surface 


srclabel = /out/sourcedata/freesurfer/fsaverage/label/lh.FG1.mpm.vpnl.label
srcsubject = fsaverage
trgsubject = sub-v1s6x0051369_ses-1
trglabel = ./lh.FG1.mpm.vpnl.label
regmethod = surface

srchemi = lh
trghemi = lh
trgsurface = white
srcsurfreg = sphere.reg
trgsurfreg = sphere.reg
usehash = 1
Use ProjAbs  = 0, 0
Use ProjFrac = 0, 0
DoPaint 0

SUBJECTS_DIR    /out/sourcedata/freesurfer
FREESURFER_HOME /opt/freesurfer
Loading source label.
Found 414 points in source label.
Starting surface-based mapping
Reading source registration 
 /out/sourcedata/freesurfer/fsaverage/surf/lh.sphere.reg
Rescaling ...  original radius = 100
Reading target surface 
 /out/sourcedata/freesurfer/sub-v1s6x0051369_ses-1/surf/lh.white
Reading target registration 
 /out/sourcedata/freesurfer/sub-v1s6x0051369_ses-1/surf/lh.sphere.reg
Rescaling ...  original radius = 100
Building target registration hash (res=16).
Building source registration hash (res=16).
INFO: found  414 nlabel points
Performing mapping from target back to the source label 154978
Number of reverse mapping hits = 287
Checking for and removing duplicates
Writing label file ./lh.FG1.mpm.vpnl.label 701
mri_label2label: Done


 mri_label2label --srcsubject fsaverage --srclabel /out/sourcedata/freesurfer/fsaverage/label/lh.FG2.mpm.vpnl.label --trgsubject sub-v1s6x0051369_ses-1 --trglabel ./lh.FG2.mpm.vpnl.label --hemi lh --regmethod surface 


srclabel = /out/sourcedata/freesurfer/fsaverage/label/lh.FG2.mpm.vpnl.label
srcsubject = fsaverage
trgsubject = sub-v1s6x0051369_ses-1
trglabel = ./lh.FG2.mpm.vpnl.label
regmethod = surface

srchemi = lh
trghemi = lh
trgsurface = white
srcsurfreg = sphere.reg
trgsurfreg = sphere.reg
usehash = 1
Use ProjAbs  = 0, 0
Use ProjFrac = 0, 0
DoPaint 0

SUBJECTS_DIR    /out/sourcedata/freesurfer
FREESURFER_HOME /opt/freesurfer
Loading source label.
Found 703 points in source label.
Starting surface-based mapping
Reading source registration 
 /out/sourcedata/freesurfer/fsaverage/surf/lh.sphere.reg
Rescaling ...  original radius = 100
Reading target surface 
 /out/sourcedata/freesurfer/sub-v1s6x0051369_ses-1/surf/lh.white
Reading target registration 
 /out/sourcedata/freesurfer/sub-v1s6x0051369_ses-1/surf/lh.sphere.reg
Rescaling ...  original radius = 100
Building target registration hash (res=16).
Building source registration hash (res=16).
INFO: found  703 nlabel points
Performing mapping from target back to the source label 154978
Number of reverse mapping hits = 324
Checking for and removing duplicates
Writing label file ./lh.FG2.mpm.vpnl.label 1027
mri_label2label: Done


 mri_label2label --srcsubject fsaverage --srclabel /out/sourcedata/freesurfer/fsaverage/label/lh.FG3.mpm.vpnl.label --trgsubject sub-v1s6x0051369_ses-1 --trglabel ./lh.FG3.mpm.vpnl.label --hemi lh --regmethod surface 


srclabel = /out/sourcedata/freesurfer/fsaverage/label/lh.FG3.mpm.vpnl.label
srcsubject = fsaverage
trgsubject = sub-v1s6x0051369_ses-1
trglabel = ./lh.FG3.mpm.vpnl.label
regmethod = surface

srchemi = lh
trghemi = lh
trgsurface = white
srcsurfreg = sphere.reg
trgsurfreg = sphere.reg
usehash = 1
Use ProjAbs  = 0, 0
Use ProjFrac = 0, 0
DoPaint 0

SUBJECTS_DIR    /out/sourcedata/freesurfer
FREESURFER_HOME /opt/freesurfer
Loading source label.
Found 1873 points in source label.
Starting surface-based mapping
Reading source registration 
 /out/sourcedata/freesurfer/fsaverage/surf/lh.sphere.reg
Rescaling ...  original radius = 100
Reading target surface 
 /out/sourcedata/freesurfer/sub-v1s6x0051369_ses-1/surf/lh.white
Reading target registration 
 /out/sourcedata/freesurfer/sub-v1s6x0051369_ses-1/surf/lh.sphere.reg
Rescaling ...  original radius = 100
Building target registration hash (res=16).
Building source registration hash (res=16).
INFO: found  1873 nlabel points
Performing mapping from target back to the source label 154978
Number of reverse mapping hits = 404
Checking for and removing duplicates
Writing label file ./lh.FG3.mpm.vpnl.label 2277
mri_label2label: Done


 mri_label2label --srcsubject fsaverage --srclabel /out/sourcedata/freesurfer/fsaverage/label/lh.FG4.mpm.vpnl.label --trgsubject sub-v1s6x0051369_ses-1 --trglabel ./lh.FG4.mpm.vpnl.label --hemi lh --regmethod surface 


srclabel = /out/sourcedata/freesurfer/fsaverage/label/lh.FG4.mpm.vpnl.label
srcsubject = fsaverage
trgsubject = sub-v1s6x0051369_ses-1
trglabel = ./lh.FG4.mpm.vpnl.label
regmethod = surface

srchemi = lh
trghemi = lh
trgsurface = white
srcsurfreg = sphere.reg
trgsurfreg = sphere.reg
usehash = 1
Use ProjAbs  = 0, 0
Use ProjFrac = 0, 0
DoPaint 0

SUBJECTS_DIR    /out/sourcedata/freesurfer
FREESURFER_HOME /opt/freesurfer
Loading source label.
Found 2101 points in source label.
Starting surface-based mapping
Reading source registration 
 /out/sourcedata/freesurfer/fsaverage/surf/lh.sphere.reg
Rescaling ...  original radius = 100
Reading target surface 
 /out/sourcedata/freesurfer/sub-v1s6x0051369_ses-1/surf/lh.white
Reading target registration 
 /out/sourcedata/freesurfer/sub-v1s6x0051369_ses-1/surf/lh.sphere.reg
Rescaling ...  original radius = 100
Building target registration hash (res=16).
Building source registration hash (res=16).
INFO: found  2101 nlabel points
Performing mapping from target back to the source label 154978
Number of reverse mapping hits = 509
Checking for and removing duplicates
Writing label file ./lh.FG4.mpm.vpnl.label 2610
mri_label2label: Done


 mri_label2label --srcsubject fsaverage --srclabel /out/sourcedata/freesurfer/fsaverage/label/lh.hOc1.mpm.vpnl.label --trgsubject sub-v1s6x0051369_ses-1 --trglabel ./lh.hOc1.mpm.vpnl.label --hemi lh --regmethod surface 


srclabel = /out/sourcedata/freesurfer/fsaverage/label/lh.hOc1.mpm.vpnl.label
srcsubject = fsaverage
trgsubject = sub-v1s6x0051369_ses-1
trglabel = ./lh.hOc1.mpm.vpnl.label
regmethod = surface

srchemi = lh
trghemi = lh
trgsurface = white
srcsurfreg = sphere.reg
trgsurfreg = sphere.reg
usehash = 1
Use ProjAbs  = 0, 0
Use ProjFrac = 0, 0
DoPaint 0

SUBJECTS_DIR    /out/sourcedata/freesurfer
FREESURFER_HOME /opt/freesurfer
Loading source label.
Found 3877 points in source label.
Starting surface-based mapping
Reading source registration 
 /out/sourcedata/freesurfer/fsaverage/surf/lh.sphere.reg
Rescaling ...  original radius = 100
Reading target surface 
 /out/sourcedata/freesurfer/sub-v1s6x0051369_ses-1/surf/lh.white
Reading target registration 
 /out/sourcedata/freesurfer/sub-v1s6x0051369_ses-1/surf/lh.sphere.reg
Rescaling ...  original radius = 100
Building target registration hash (res=16).
Building source registration hash (res=16).
INFO: found  3877 nlabel points
Performing mapping from target back to the source label 154978
Number of reverse mapping hits = 3266
Checking for and removing duplicates
Writing label file ./lh.hOc1.mpm.vpnl.label 7143
mri_label2label: Done


 mri_label2label --srcsubject fsaverage --srclabel /out/sourcedata/freesurfer/fsaverage/label/lh.hOc2.mpm.vpnl.label --trgsubject sub-v1s6x0051369_ses-1 --trglabel ./lh.hOc2.mpm.vpnl.label --hemi lh --regmethod surface 


srclabel = /out/sourcedata/freesurfer/fsaverage/label/lh.hOc2.mpm.vpnl.label
srcsubject = fsaverage
trgsubject = sub-v1s6x0051369_ses-1
trglabel = ./lh.hOc2.mpm.vpnl.label
regmethod = surface

srchemi = lh
trghemi = lh
trgsurface = white
srcsurfreg = sphere.reg
trgsurfreg = sphere.reg
usehash = 1
Use ProjAbs  = 0, 0
Use ProjFrac = 0, 0
DoPaint 0

SUBJECTS_DIR    /out/sourcedata/freesurfer
FREESURFER_HOME /opt/freesurfer
Loading source label.
Found 2919 points in source label.
Starting surface-based mapping
Reading source registration 
 /out/sourcedata/freesurfer/fsaverage/surf/lh.sphere.reg
Rescaling ...  original radius = 100
Reading target surface 
 /out/sourcedata/freesurfer/sub-v1s6x0051369_ses-1/surf/lh.white
Reading target registration 
 /out/sourcedata/freesurfer/sub-v1s6x0051369_ses-1/surf/lh.sphere.reg
Rescaling ...  original radius = 100
Building target registration hash (res=16).
Building source registration hash (res=16).
INFO: found  2919 nlabel points
Performing mapping from target back to the source label 154978
Number of reverse mapping hits = 2152
Checking for and removing duplicates
Writing label file ./lh.hOc2.mpm.vpnl.label 5071
mri_label2label: Done


 mri_label2label --srcsubject fsaverage --srclabel /out/sourcedata/freesurfer/fsaverage/label/lh.hOc3v.mpm.vpnl.label --trgsubject sub-v1s6x0051369_ses-1 --trglabel ./lh.hOc3v.mpm.vpnl.label --hemi lh --regmethod surface 


srclabel = /out/sourcedata/freesurfer/fsaverage/label/lh.hOc3v.mpm.vpnl.label
srcsubject = fsaverage
trgsubject = sub-v1s6x0051369_ses-1
trglabel = ./lh.hOc3v.mpm.vpnl.label
regmethod = surface

srchemi = lh
trghemi = lh
trgsurface = white
srcsurfreg = sphere.reg
trgsurfreg = sphere.reg
usehash = 1
Use ProjAbs  = 0, 0
Use ProjFrac = 0, 0
DoPaint 0

SUBJECTS_DIR    /out/sourcedata/freesurfer
FREESURFER_HOME /opt/freesurfer
Loading source label.
Found 1286 points in source label.
Starting surface-based mapping
Reading source registration 
 /out/sourcedata/freesurfer/fsaverage/surf/lh.sphere.reg
Rescaling ...  original radius = 100
Reading target surface 
 /out/sourcedata/freesurfer/sub-v1s6x0051369_ses-1/surf/lh.white
Reading target registration 
 /out/sourcedata/freesurfer/sub-v1s6x0051369_ses-1/surf/lh.sphere.reg
Rescaling ...  original radius = 100
Building target registration hash (res=16).
Building source registration hash (res=16).
INFO: found  1286 nlabel points
Performing mapping from target back to the source label 154978
Number of reverse mapping hits = 1072
Checking for and removing duplicates
Writing label file ./lh.hOc3v.mpm.vpnl.label 2358
mri_label2label: Done


 mri_label2label --srcsubject fsaverage --srclabel /out/sourcedata/freesurfer/fsaverage/label/lh.hOc4v.mpm.vpnl.label --trgsubject sub-v1s6x0051369_ses-1 --trglabel ./lh.hOc4v.mpm.vpnl.label --hemi lh --regmethod surface 


srclabel = /out/sourcedata/freesurfer/fsaverage/label/lh.hOc4v.mpm.vpnl.label
srcsubject = fsaverage
trgsubject = sub-v1s6x0051369_ses-1
trglabel = ./lh.hOc4v.mpm.vpnl.label
regmethod = surface

srchemi = lh
trghemi = lh
trgsurface = white
srcsurfreg = sphere.reg
trgsurfreg = sphere.reg
usehash = 1
Use ProjAbs  = 0, 0
Use ProjFrac = 0, 0
DoPaint 0

SUBJECTS_DIR    /out/sourcedata/freesurfer
FREESURFER_HOME /opt/freesurfer
Loading source label.
Found 1006 points in source label.
Starting surface-based mapping
Reading source registration 
 /out/sourcedata/freesurfer/fsaverage/surf/lh.sphere.reg
Rescaling ...  original radius = 100
Reading target surface 
 /out/sourcedata/freesurfer/sub-v1s6x0051369_ses-1/surf/lh.white
Reading target registration 
 /out/sourcedata/freesurfer/sub-v1s6x0051369_ses-1/surf/lh.sphere.reg
Rescaling ...  original radius = 100
Building target registration hash (res=16).
Building source registration hash (res=16).
INFO: found  1006 nlabel points
Performing mapping from target back to the source label 154978
Number of reverse mapping hits = 749
Checking for and removing duplicates
Writing label file ./lh.hOc4v.mpm.vpnl.label 1755
mri_label2label: Done


 mris_label2annot --s sub-v1s6x0051369_ses-1 --ctab /opt/freesurfer/average/colortable_vpnl.txt --hemi lh --a mpm.vpnl --maxstatwinner --noverbose --l lh.FG1.mpm.vpnl.label --l lh.FG2.mpm.vpnl.label --l lh.FG3.mpm.vpnl.label --l lh.FG4.mpm.vpnl.label --l lh.hOc1.mpm.vpnl.label --l lh.hOc2.mpm.vpnl.label --l lh.hOc3v.mpm.vpnl.label --l lh.hOc4v.mpm.vpnl.label 

Reading ctab /opt/freesurfer/average/colortable_vpnl.txt
Number of ctab entries 9

7.3.2
cwd /out/sourcedata/freesurfer/sub-v1s6x0051369_ses-1/label
cmdline mris_label2annot --s sub-v1s6x0051369_ses-1 --ctab /opt/freesurfer/average/colortable_vpnl.txt --hemi lh --a mpm.vpnl --maxstatwinner --noverbose --l lh.FG1.mpm.vpnl.label --l lh.FG2.mpm.vpnl.label --l lh.FG3.mpm.vpnl.label --l lh.FG4.mpm.vpnl.label --l lh.hOc1.mpm.vpnl.label --l lh.hOc2.mpm.vpnl.label --l lh.hOc3v.mpm.vpnl.label --l lh.hOc4v.mpm.vpnl.label 
sysname  Linux
hostname dna062
machine  x86_64
user     oesteban

subject sub-v1s6x0051369_ses-1
hemi    lh
SUBJECTS_DIR /out/sourcedata/freesurfer
ColorTable /opt/freesurfer/average/colortable_vpnl.txt
AnnotName  mpm.vpnl
nlables 8
LabelThresh 0 0.000000
Loading /out/sourcedata/freesurfer/sub-v1s6x0051369_ses-1/surf/lh.orig
 1 1376057 FG1
 2 16711935 FG2
 3 16711680 FG3
 4 1705837 FG4
 5 25600 hOc1
 6 255 hOc2
 7 16776960 hOc3v
 8 65535 hOc4v
Mapping unhit to unknown
Found 132673 unhit vertices
Writing annot to /out/sourcedata/freesurfer/sub-v1s6x0051369_ses-1/label/lh.mpm.vpnl.annot

 mri_label2label --srcsubject fsaverage --srclabel /out/sourcedata/freesurfer/fsaverage/label/lh.BA1_exvivo.thresh.label --trgsubject sub-v1s6x0051369_ses-1 --trglabel ./lh.BA1_exvivo.thresh.label --hemi lh --regmethod surface 


srclabel = /out/sourcedata/freesurfer/fsaverage/label/lh.BA1_exvivo.thresh.label
srcsubject = fsaverage
trgsubject = sub-v1s6x0051369_ses-1
trglabel = ./lh.BA1_exvivo.thresh.label
regmethod = surface

srchemi = lh
trghemi = lh
trgsurface = white
srcsurfreg = sphere.reg
trgsurfreg = sphere.reg
usehash = 1
Use ProjAbs  = 0, 0
Use ProjFrac = 0, 0
DoPaint 0

SUBJECTS_DIR    /out/sourcedata/freesurfer
FREESURFER_HOME /opt/freesurfer
Loading source label.
Found 1014 points in source label.
Starting surface-based mapping
Reading source registration 
 /out/sourcedata/freesurfer/fsaverage/surf/lh.sphere.reg
Rescaling ...  original radius = 100
Reading target surface 
 /out/sourcedata/freesurfer/sub-v1s6x0051369_ses-1/surf/lh.white
Reading target registration 
 /out/sourcedata/freesurfer/sub-v1s6x0051369_ses-1/surf/lh.sphere.reg
Rescaling ...  original radius = 100
Building target registration hash (res=16).
Building source registration hash (res=16).
INFO: found  1014 nlabel points
Performing mapping from target back to the source label 154978
Number of reverse mapping hits = 6
Checking for and removing duplicates
Writing label file ./lh.BA1_exvivo.thresh.label 1020
mri_label2label: Done


 mri_label2label --srcsubject fsaverage --srclabel /out/sourcedata/freesurfer/fsaverage/label/lh.BA2_exvivo.thresh.label --trgsubject sub-v1s6x0051369_ses-1 --trglabel ./lh.BA2_exvivo.thresh.label --hemi lh --regmethod surface 


srclabel = /out/sourcedata/freesurfer/fsaverage/label/lh.BA2_exvivo.thresh.label
srcsubject = fsaverage
trgsubject = sub-v1s6x0051369_ses-1
trglabel = ./lh.BA2_exvivo.thresh.label
regmethod = surface

srchemi = lh
trghemi = lh
trgsurface = white
srcsurfreg = sphere.reg
trgsurfreg = sphere.reg
usehash = 1
Use ProjAbs  = 0, 0
Use ProjFrac = 0, 0
DoPaint 0

SUBJECTS_DIR    /out/sourcedata/freesurfer
FREESURFER_HOME /opt/freesurfer
Loading source label.
Found 2092 points in source label.
Starting surface-based mapping
Reading source registration 
 /out/sourcedata/freesurfer/fsaverage/surf/lh.sphere.reg
Rescaling ...  original radius = 100
Reading target surface 
 /out/sourcedata/freesurfer/sub-v1s6x0051369_ses-1/surf/lh.white
Reading target registration 
 /out/sourcedata/freesurfer/sub-v1s6x0051369_ses-1/surf/lh.sphere.reg
Rescaling ...  original radius = 100
Building target registration hash (res=16).
Building source registration hash (res=16).
INFO: found  2092 nlabel points
Performing mapping from target back to the source label 154978
Number of reverse mapping hits = 10
Checking for and removing duplicates
Writing label file ./lh.BA2_exvivo.thresh.label 2102
mri_label2label: Done


 mri_label2label --srcsubject fsaverage --srclabel /out/sourcedata/freesurfer/fsaverage/label/lh.BA3a_exvivo.thresh.label --trgsubject sub-v1s6x0051369_ses-1 --trglabel ./lh.BA3a_exvivo.thresh.label --hemi lh --regmethod surface 


srclabel = /out/sourcedata/freesurfer/fsaverage/label/lh.BA3a_exvivo.thresh.label
srcsubject = fsaverage
trgsubject = sub-v1s6x0051369_ses-1
trglabel = ./lh.BA3a_exvivo.thresh.label
regmethod = surface

srchemi = lh
trghemi = lh
trgsurface = white
srcsurfreg = sphere.reg
trgsurfreg = sphere.reg
usehash = 1
Use ProjAbs  = 0, 0
Use ProjFrac = 0, 0
DoPaint 0

SUBJECTS_DIR    /out/sourcedata/freesurfer
FREESURFER_HOME /opt/freesurfer
Loading source label.
Found 1504 points in source label.
Starting surface-based mapping
Reading source registration 
 /out/sourcedata/freesurfer/fsaverage/surf/lh.sphere.reg
Rescaling ...  original radius = 100
Reading target surface 
 /out/sourcedata/freesurfer/sub-v1s6x0051369_ses-1/surf/lh.white
Reading target registration 
 /out/sourcedata/freesurfer/sub-v1s6x0051369_ses-1/surf/lh.sphere.reg
Rescaling ...  original radius = 100
Building target registration hash (res=16).
Building source registration hash (res=16).
INFO: found  1504 nlabel points
Performing mapping from target back to the source label 154978
Number of reverse mapping hits = 31
Checking for and removing duplicates
Writing label file ./lh.BA3a_exvivo.thresh.label 1535
mri_label2label: Done


 mri_label2label --srcsubject fsaverage --srclabel /out/sourcedata/freesurfer/fsaverage/label/lh.BA3b_exvivo.thresh.label --trgsubject sub-v1s6x0051369_ses-1 --trglabel ./lh.BA3b_exvivo.thresh.label --hemi lh --regmethod surface 


srclabel = /out/sourcedata/freesurfer/fsaverage/label/lh.BA3b_exvivo.thresh.label
srcsubject = fsaverage
trgsubject = sub-v1s6x0051369_ses-1
trglabel = ./lh.BA3b_exvivo.thresh.label
regmethod = surface

srchemi = lh
trghemi = lh
trgsurface = white
srcsurfreg = sphere.reg
trgsurfreg = sphere.reg
usehash = 1
Use ProjAbs  = 0, 0
Use ProjFrac = 0, 0
DoPaint 0

SUBJECTS_DIR    /out/sourcedata/freesurfer
FREESURFER_HOME /opt/freesurfer
Loading source label.
Found 1996 points in source label.
Starting surface-based mapping
Reading source registration 
 /out/sourcedata/freesurfer/fsaverage/surf/lh.sphere.reg
Rescaling ...  original radius = 100
Reading target surface 
 /out/sourcedata/freesurfer/sub-v1s6x0051369_ses-1/surf/lh.white
Reading target registration 
 /out/sourcedata/freesurfer/sub-v1s6x0051369_ses-1/surf/lh.sphere.reg
Rescaling ...  original radius = 100
Building target registration hash (res=16).
Building source registration hash (res=16).
INFO: found  1996 nlabel points
Performing mapping from target back to the source label 154978
Number of reverse mapping hits = 75
Checking for and removing duplicates
Writing label file ./lh.BA3b_exvivo.thresh.label 2071
mri_label2label: Done


 mri_label2label --srcsubject fsaverage --srclabel /out/sourcedata/freesurfer/fsaverage/label/lh.BA4a_exvivo.thresh.label --trgsubject sub-v1s6x0051369_ses-1 --trglabel ./lh.BA4a_exvivo.thresh.label --hemi lh --regmethod surface 


srclabel = /out/sourcedata/freesurfer/fsaverage/label/lh.BA4a_exvivo.thresh.label
srcsubject = fsaverage
trgsubject = sub-v1s6x0051369_ses-1
trglabel = ./lh.BA4a_exvivo.thresh.label
regmethod = surface

srchemi = lh
trghemi = lh
trgsurface = white
srcsurfreg = sphere.reg
trgsurfreg = sphere.reg
usehash = 1
Use ProjAbs  = 0, 0
Use ProjFrac = 0, 0
DoPaint 0

SUBJECTS_DIR    /out/sourcedata/freesurfer
FREESURFER_HOME /opt/freesurfer
Loading source label.
Found 2319 points in source label.
Starting surface-based mapping
Reading source registration 
 /out/sourcedata/freesurfer/fsaverage/surf/lh.sphere.reg
Rescaling ...  original radius = 100
Reading target surface 
 /out/sourcedata/freesurfer/sub-v1s6x0051369_ses-1/surf/lh.white
Reading target registration 
 /out/sourcedata/freesurfer/sub-v1s6x0051369_ses-1/surf/lh.sphere.reg
Rescaling ...  original radius = 100
Building target registration hash (res=16).
Building source registration hash (res=16).
INFO: found  2319 nlabel points
Performing mapping from target back to the source label 154978
Number of reverse mapping hits = 110
Checking for and removing duplicates
Writing label file ./lh.BA4a_exvivo.thresh.label 2429
mri_label2label: Done


 mri_label2label --srcsubject fsaverage --srclabel /out/sourcedata/freesurfer/fsaverage/label/lh.BA4p_exvivo.thresh.label --trgsubject sub-v1s6x0051369_ses-1 --trglabel ./lh.BA4p_exvivo.thresh.label --hemi lh --regmethod surface 


srclabel = /out/sourcedata/freesurfer/fsaverage/label/lh.BA4p_exvivo.thresh.label
srcsubject = fsaverage
trgsubject = sub-v1s6x0051369_ses-1
trglabel = ./lh.BA4p_exvivo.thresh.label
regmethod = surface

srchemi = lh
trghemi = lh
trgsurface = white
srcsurfreg = sphere.reg
trgsurfreg = sphere.reg
usehash = 1
Use ProjAbs  = 0, 0
Use ProjFrac = 0, 0
DoPaint 0

SUBJECTS_DIR    /out/sourcedata/freesurfer
FREESURFER_HOME /opt/freesurfer
Loading source label.
Found 1549 points in source label.
Starting surface-based mapping
Reading source registration 
 /out/sourcedata/freesurfer/fsaverage/surf/lh.sphere.reg
Rescaling ...  original radius = 100
Reading target surface 
 /out/sourcedata/freesurfer/sub-v1s6x0051369_ses-1/surf/lh.white
Reading target registration 
 /out/sourcedata/freesurfer/sub-v1s6x0051369_ses-1/surf/lh.sphere.reg
Rescaling ...  original radius = 100
Building target registration hash (res=16).
Building source registration hash (res=16).
INFO: found  1549 nlabel points
Performing mapping from target back to the source label 154978
Number of reverse mapping hits = 69
Checking for and removing duplicates
Writing label file ./lh.BA4p_exvivo.thresh.label 1618
mri_label2label: Done


 mri_label2label --srcsubject fsaverage --srclabel /out/sourcedata/freesurfer/fsaverage/label/lh.BA6_exvivo.thresh.label --trgsubject sub-v1s6x0051369_ses-1 --trglabel ./lh.BA6_exvivo.thresh.label --hemi lh --regmethod surface 


srclabel = /out/sourcedata/freesurfer/fsaverage/label/lh.BA6_exvivo.thresh.label
srcsubject = fsaverage
trgsubject = sub-v1s6x0051369_ses-1
trglabel = ./lh.BA6_exvivo.thresh.label
regmethod = surface

srchemi = lh
trghemi = lh
trgsurface = white
srcsurfreg = sphere.reg
trgsurfreg = sphere.reg
usehash = 1
Use ProjAbs  = 0, 0
Use ProjFrac = 0, 0
DoPaint 0

SUBJECTS_DIR    /out/sourcedata/freesurfer
FREESURFER_HOME /opt/freesurfer
Loading source label.
Found 7035 points in source label.
Starting surface-based mapping
Reading source registration 
 /out/sourcedata/freesurfer/fsaverage/surf/lh.sphere.reg
Rescaling ...  original radius = 100
Reading target surface 
 /out/sourcedata/freesurfer/sub-v1s6x0051369_ses-1/surf/lh.white
Reading target registration 
 /out/sourcedata/freesurfer/sub-v1s6x0051369_ses-1/surf/lh.sphere.reg
Rescaling ...  original radius = 100
Building target registration hash (res=16).
Building source registration hash (res=16).
INFO: found  7035 nlabel points
Performing mapping from target back to the source label 154978
Number of reverse mapping hits = 905
Checking for and removing duplicates
Writing label file ./lh.BA6_exvivo.thresh.label 7940
mri_label2label: Done


 mri_label2label --srcsubject fsaverage --srclabel /out/sourcedata/freesurfer/fsaverage/label/lh.BA44_exvivo.thresh.label --trgsubject sub-v1s6x0051369_ses-1 --trglabel ./lh.BA44_exvivo.thresh.label --hemi lh --regmethod surface 


srclabel = /out/sourcedata/freesurfer/fsaverage/label/lh.BA44_exvivo.thresh.label
srcsubject = fsaverage
trgsubject = sub-v1s6x0051369_ses-1
trglabel = ./lh.BA44_exvivo.thresh.label
regmethod = surface

srchemi = lh
trghemi = lh
trgsurface = white
srcsurfreg = sphere.reg
trgsurfreg = sphere.reg
usehash = 1
Use ProjAbs  = 0, 0
Use ProjFrac = 0, 0
DoPaint 0

SUBJECTS_DIR    /out/sourcedata/freesurfer
FREESURFER_HOME /opt/freesurfer
Loading source label.
Found 1912 points in source label.
Starting surface-based mapping
Reading source registration 
 /out/sourcedata/freesurfer/fsaverage/surf/lh.sphere.reg
Rescaling ...  original radius = 100
Reading target surface 
 /out/sourcedata/freesurfer/sub-v1s6x0051369_ses-1/surf/lh.white
Reading target registration 
 /out/sourcedata/freesurfer/sub-v1s6x0051369_ses-1/surf/lh.sphere.reg
Rescaling ...  original radius = 100
Building target registration hash (res=16).
Building source registration hash (res=16).
INFO: found  1912 nlabel points
Performing mapping from target back to the source label 154978
Number of reverse mapping hits = 342
Checking for and removing duplicates
Writing label file ./lh.BA44_exvivo.thresh.label 2254
mri_label2label: Done


 mri_label2label --srcsubject fsaverage --srclabel /out/sourcedata/freesurfer/fsaverage/label/lh.BA45_exvivo.thresh.label --trgsubject sub-v1s6x0051369_ses-1 --trglabel ./lh.BA45_exvivo.thresh.label --hemi lh --regmethod surface 


srclabel = /out/sourcedata/freesurfer/fsaverage/label/lh.BA45_exvivo.thresh.label
srcsubject = fsaverage
trgsubject = sub-v1s6x0051369_ses-1
trglabel = ./lh.BA45_exvivo.thresh.label
regmethod = surface

srchemi = lh
trghemi = lh
trgsurface = white
srcsurfreg = sphere.reg
trgsurfreg = sphere.reg
usehash = 1
Use ProjAbs  = 0, 0
Use ProjFrac = 0, 0
DoPaint 0

SUBJECTS_DIR    /out/sourcedata/freesurfer
FREESURFER_HOME /opt/freesurfer
Loading source label.
Found 1151 points in source label.
Starting surface-based mapping
Reading source registration 
 /out/sourcedata/freesurfer/fsaverage/surf/lh.sphere.reg
Rescaling ...  original radius = 100
Reading target surface 
 /out/sourcedata/freesurfer/sub-v1s6x0051369_ses-1/surf/lh.white
Reading target registration 
 /out/sourcedata/freesurfer/sub-v1s6x0051369_ses-1/surf/lh.sphere.reg
Rescaling ...  original radius = 100
Building target registration hash (res=16).
Building source registration hash (res=16).
INFO: found  1151 nlabel points
Performing mapping from target back to the source label 154978
Number of reverse mapping hits = 130
Checking for and removing duplicates
Writing label file ./lh.BA45_exvivo.thresh.label 1281
mri_label2label: Done


 mri_label2label --srcsubject fsaverage --srclabel /out/sourcedata/freesurfer/fsaverage/label/lh.V1_exvivo.thresh.label --trgsubject sub-v1s6x0051369_ses-1 --trglabel ./lh.V1_exvivo.thresh.label --hemi lh --regmethod surface 


srclabel = /out/sourcedata/freesurfer/fsaverage/label/lh.V1_exvivo.thresh.label
srcsubject = fsaverage
trgsubject = sub-v1s6x0051369_ses-1
trglabel = ./lh.V1_exvivo.thresh.label
regmethod = surface

srchemi = lh
trghemi = lh
trgsurface = white
srcsurfreg = sphere.reg
trgsurfreg = sphere.reg
usehash = 1
Use ProjAbs  = 0, 0
Use ProjFrac = 0, 0
DoPaint 0

SUBJECTS_DIR    /out/sourcedata/freesurfer
FREESURFER_HOME /opt/freesurfer
Loading source label.
Found 3405 points in source label.
Starting surface-based mapping
Reading source registration 
 /out/sourcedata/freesurfer/fsaverage/surf/lh.sphere.reg
Rescaling ...  original radius = 100
Reading target surface 
 /out/sourcedata/freesurfer/sub-v1s6x0051369_ses-1/surf/lh.white
Reading target registration 
 /out/sourcedata/freesurfer/sub-v1s6x0051369_ses-1/surf/lh.sphere.reg
Rescaling ...  original radius = 100
Building target registration hash (res=16).
Building source registration hash (res=16).
INFO: found  3405 nlabel points
Performing mapping from target back to the source label 154978
Number of reverse mapping hits = 2949
Checking for and removing duplicates
Writing label file ./lh.V1_exvivo.thresh.label 6354
mri_label2label: Done


 mri_label2label --srcsubject fsaverage --srclabel /out/sourcedata/freesurfer/fsaverage/label/lh.V2_exvivo.thresh.label --trgsubject sub-v1s6x0051369_ses-1 --trglabel ./lh.V2_exvivo.thresh.label --hemi lh --regmethod surface 


srclabel = /out/sourcedata/freesurfer/fsaverage/label/lh.V2_exvivo.thresh.label
srcsubject = fsaverage
trgsubject = sub-v1s6x0051369_ses-1
trglabel = ./lh.V2_exvivo.thresh.label
regmethod = surface

srchemi = lh
trghemi = lh
trgsurface = white
srcsurfreg = sphere.reg
trgsurfreg = sphere.reg
usehash = 1
Use ProjAbs  = 0, 0
Use ProjFrac = 0, 0
DoPaint 0

SUBJECTS_DIR    /out/sourcedata/freesurfer
FREESURFER_HOME /opt/freesurfer
Loading source label.
Found 3334 points in source label.
Starting surface-based mapping
Reading source registration 
 /out/sourcedata/freesurfer/fsaverage/surf/lh.sphere.reg
Rescaling ...  original radius = 100
Reading target surface 
 /out/sourcedata/freesurfer/sub-v1s6x0051369_ses-1/surf/lh.white
Reading target registration 
 /out/sourcedata/freesurfer/sub-v1s6x0051369_ses-1/surf/lh.sphere.reg
Rescaling ...  original radius = 100
Building target registration hash (res=16).
Building source registration hash (res=16).
INFO: found  3334 nlabel points
Performing mapping from target back to the source label 154978
Number of reverse mapping hits = 2468
Checking for and removing duplicates
Writing label file ./lh.V2_exvivo.thresh.label 5802
mri_label2label: Done


 mri_label2label --srcsubject fsaverage --srclabel /out/sourcedata/freesurfer/fsaverage/label/lh.MT_exvivo.thresh.label --trgsubject sub-v1s6x0051369_ses-1 --trglabel ./lh.MT_exvivo.thresh.label --hemi lh --regmethod surface 


srclabel = /out/sourcedata/freesurfer/fsaverage/label/lh.MT_exvivo.thresh.label
srcsubject = fsaverage
trgsubject = sub-v1s6x0051369_ses-1
trglabel = ./lh.MT_exvivo.thresh.label
regmethod = surface

srchemi = lh
trghemi = lh
trgsurface = white
srcsurfreg = sphere.reg
trgsurfreg = sphere.reg
usehash = 1
Use ProjAbs  = 0, 0
Use ProjFrac = 0, 0
DoPaint 0

SUBJECTS_DIR    /out/sourcedata/freesurfer
FREESURFER_HOME /opt/freesurfer
Loading source label.
Found 513 points in source label.
Starting surface-based mapping
Reading source registration 
 /out/sourcedata/freesurfer/fsaverage/surf/lh.sphere.reg
Rescaling ...  original radius = 100
Reading target surface 
 /out/sourcedata/freesurfer/sub-v1s6x0051369_ses-1/surf/lh.white
Reading target registration 
 /out/sourcedata/freesurfer/sub-v1s6x0051369_ses-1/surf/lh.sphere.reg
Rescaling ...  original radius = 100
Building target registration hash (res=16).
Building source registration hash (res=16).
INFO: found  513 nlabel points
Performing mapping from target back to the source label 154978
Number of reverse mapping hits = 163
Checking for and removing duplicates
Writing label file ./lh.MT_exvivo.thresh.label 676
mri_label2label: Done


 mri_label2label --srcsubject fsaverage --srclabel /out/sourcedata/freesurfer/fsaverage/label/lh.entorhinal_exvivo.thresh.label --trgsubject sub-v1s6x0051369_ses-1 --trglabel ./lh.entorhinal_exvivo.thresh.label --hemi lh --regmethod surface 


srclabel = /out/sourcedata/freesurfer/fsaverage/label/lh.entorhinal_exvivo.thresh.label
srcsubject = fsaverage
trgsubject = sub-v1s6x0051369_ses-1
trglabel = ./lh.entorhinal_exvivo.thresh.label
regmethod = surface

srchemi = lh
trghemi = lh
trgsurface = white
srcsurfreg = sphere.reg
trgsurfreg = sphere.reg
usehash = 1
Use ProjAbs  = 0, 0
Use ProjFrac = 0, 0
DoPaint 0

SUBJECTS_DIR    /out/sourcedata/freesurfer
FREESURFER_HOME /opt/freesurfer
Loading source label.
Found 470 points in source label.
Starting surface-based mapping
Reading source registration 
 /out/sourcedata/freesurfer/fsaverage/surf/lh.sphere.reg
Rescaling ...  original radius = 100
Reading target surface 
 /out/sourcedata/freesurfer/sub-v1s6x0051369_ses-1/surf/lh.white
Reading target registration 
 /out/sourcedata/freesurfer/sub-v1s6x0051369_ses-1/surf/lh.sphere.reg
Rescaling ...  original radius = 100
Building target registration hash (res=16).
Building source registration hash (res=16).
INFO: found  470 nlabel points
Performing mapping from target back to the source label 154978
Number of reverse mapping hits = 95
Checking for and removing duplicates
Writing label file ./lh.entorhinal_exvivo.thresh.label 565
mri_label2label: Done


 mri_label2label --srcsubject fsaverage --srclabel /out/sourcedata/freesurfer/fsaverage/label/lh.perirhinal_exvivo.thresh.label --trgsubject sub-v1s6x0051369_ses-1 --trglabel ./lh.perirhinal_exvivo.thresh.label --hemi lh --regmethod surface 


srclabel = /out/sourcedata/freesurfer/fsaverage/label/lh.perirhinal_exvivo.thresh.label
srcsubject = fsaverage
trgsubject = sub-v1s6x0051369_ses-1
trglabel = ./lh.perirhinal_exvivo.thresh.label
regmethod = surface

srchemi = lh
trghemi = lh
trgsurface = white
srcsurfreg = sphere.reg
trgsurfreg = sphere.reg
usehash = 1
Use ProjAbs  = 0, 0
Use ProjFrac = 0, 0
DoPaint 0

SUBJECTS_DIR    /out/sourcedata/freesurfer
FREESURFER_HOME /opt/freesurfer
Loading source label.
Found 450 points in source label.
Starting surface-based mapping
Reading source registration 
 /out/sourcedata/freesurfer/fsaverage/surf/lh.sphere.reg
Rescaling ...  original radius = 100
Reading target surface 
 /out/sourcedata/freesurfer/sub-v1s6x0051369_ses-1/surf/lh.white
Reading target registration 
 /out/sourcedata/freesurfer/sub-v1s6x0051369_ses-1/surf/lh.sphere.reg
Rescaling ...  original radius = 100
Building target registration hash (res=16).
Building source registration hash (res=16).
INFO: found  450 nlabel points
Performing mapping from target back to the source label 154978
Number of reverse mapping hits = 57
Checking for and removing duplicates
Writing label file ./lh.perirhinal_exvivo.thresh.label 507
mri_label2label: Done


 mris_label2annot --s sub-v1s6x0051369_ses-1 --hemi lh --ctab /opt/freesurfer/average/colortable_BA.txt --l lh.BA1_exvivo.label --l lh.BA2_exvivo.label --l lh.BA3a_exvivo.label --l lh.BA3b_exvivo.label --l lh.BA4a_exvivo.label --l lh.BA4p_exvivo.label --l lh.BA6_exvivo.label --l lh.BA44_exvivo.label --l lh.BA45_exvivo.label --l lh.V1_exvivo.label --l lh.V2_exvivo.label --l lh.MT_exvivo.label --l lh.perirhinal_exvivo.label --l lh.entorhinal_exvivo.label --a BA_exvivo --maxstatwinner --noverbose 

Reading ctab /opt/freesurfer/average/colortable_BA.txt
Number of ctab entries 15

7.3.2
cwd /out/sourcedata/freesurfer/sub-v1s6x0051369_ses-1/label
cmdline mris_label2annot --s sub-v1s6x0051369_ses-1 --hemi lh --ctab /opt/freesurfer/average/colortable_BA.txt --l lh.BA1_exvivo.label --l lh.BA2_exvivo.label --l lh.BA3a_exvivo.label --l lh.BA3b_exvivo.label --l lh.BA4a_exvivo.label --l lh.BA4p_exvivo.label --l lh.BA6_exvivo.label --l lh.BA44_exvivo.label --l lh.BA45_exvivo.label --l lh.V1_exvivo.label --l lh.V2_exvivo.label --l lh.MT_exvivo.label --l lh.perirhinal_exvivo.label --l lh.entorhinal_exvivo.label --a BA_exvivo --maxstatwinner --noverbose 
sysname  Linux
hostname dna062
machine  x86_64
user     oesteban

subject sub-v1s6x0051369_ses-1
hemi    lh
SUBJECTS_DIR /out/sourcedata/freesurfer
ColorTable /opt/freesurfer/average/colortable_BA.txt
AnnotName  BA_exvivo
nlables 14
LabelThresh 0 0.000000
Loading /out/sourcedata/freesurfer/sub-v1s6x0051369_ses-1/surf/lh.orig
 1 1530880 BA1_exvivo
 2 16749699 BA2_exvivo
 3 16711680 BA3a_exvivo
 4 3368703 BA3b_exvivo
 5 1376196 BA4a_exvivo
 6 13382655 BA4p_exvivo
 7 10036737 BA6_exvivo
 8 2490521 BA44_exvivo
 9 39283 BA45_exvivo
10 3993 V1_exvivo
11 8508928 V2_exvivo
12 10027163 MT_exvivo
13 16422433 perirhinal_exvivo
14 16392598 entorhinal_exvivo
Mapping unhit to unknown
Found 104428 unhit vertices
Writing annot to /out/sourcedata/freesurfer/sub-v1s6x0051369_ses-1/label/lh.BA_exvivo.annot

 mris_label2annot --s sub-v1s6x0051369_ses-1 --hemi lh --ctab /opt/freesurfer/average/colortable_BA.txt --l lh.BA1_exvivo.thresh.label --l lh.BA2_exvivo.thresh.label --l lh.BA3a_exvivo.thresh.label --l lh.BA3b_exvivo.thresh.label --l lh.BA4a_exvivo.thresh.label --l lh.BA4p_exvivo.thresh.label --l lh.BA6_exvivo.thresh.label --l lh.BA44_exvivo.thresh.label --l lh.BA45_exvivo.thresh.label --l lh.V1_exvivo.thresh.label --l lh.V2_exvivo.thresh.label --l lh.MT_exvivo.thresh.label --l lh.perirhinal_exvivo.thresh.label --l lh.entorhinal_exvivo.thresh.label --a BA_exvivo.thresh --maxstatwinner --noverbose 

Reading ctab /opt/freesurfer/average/colortable_BA.txt
Number of ctab entries 15

7.3.2
cwd /out/sourcedata/freesurfer/sub-v1s6x0051369_ses-1/label
cmdline mris_label2annot --s sub-v1s6x0051369_ses-1 --hemi lh --ctab /opt/freesurfer/average/colortable_BA.txt --l lh.BA1_exvivo.thresh.label --l lh.BA2_exvivo.thresh.label --l lh.BA3a_exvivo.thresh.label --l lh.BA3b_exvivo.thresh.label --l lh.BA4a_exvivo.thresh.label --l lh.BA4p_exvivo.thresh.label --l lh.BA6_exvivo.thresh.label --l lh.BA44_exvivo.thresh.label --l lh.BA45_exvivo.thresh.label --l lh.V1_exvivo.thresh.label --l lh.V2_exvivo.thresh.label --l lh.MT_exvivo.thresh.label --l lh.perirhinal_exvivo.thresh.label --l lh.entorhinal_exvivo.thresh.label --a BA_exvivo.thresh --maxstatwinner --noverbose 
sysname  Linux
hostname dna062
machine  x86_64
user     oesteban

subject sub-v1s6x0051369_ses-1
hemi    lh
SUBJECTS_DIR /out/sourcedata/freesurfer
ColorTable /opt/freesurfer/average/colortable_BA.txt
AnnotName  BA_exvivo.thresh
nlables 14
LabelThresh 0 0.000000
Loading /out/sourcedata/freesurfer/sub-v1s6x0051369_ses-1/surf/lh.orig
 1 1530880 BA1_exvivo
 2 16749699 BA2_exvivo
 3 16711680 BA3a_exvivo
 4 3368703 BA3b_exvivo
 5 1376196 BA4a_exvivo
 6 13382655 BA4p_exvivo
 7 10036737 BA6_exvivo
 8 2490521 BA44_exvivo
 9 39283 BA45_exvivo
10 3993 V1_exvivo
11 8508928 V2_exvivo
12 10027163 MT_exvivo
13 16422433 perirhinal_exvivo
14 16392598 entorhinal_exvivo
Mapping unhit to unknown
Found 125915 unhit vertices
Writing annot to /out/sourcedata/freesurfer/sub-v1s6x0051369_ses-1/label/lh.BA_exvivo.thresh.annot

 mris_anatomical_stats -th3 -mgz -noglobal -f ../stats/lh.BA_exvivo.stats -b -a ./lh.BA_exvivo.annot -c ./BA_exvivo.ctab sub-v1s6x0051369_ses-1 lh white 

computing statistics for each annotation in ./lh.BA_exvivo.annot.
reading volume /out/sourcedata/freesurfer/sub-v1s6x0051369_ses-1/mri/wm.mgz...
reading input surface /out/sourcedata/freesurfer/sub-v1s6x0051369_ses-1/surf/lh.white...
reading input pial surface /out/sourcedata/freesurfer/sub-v1s6x0051369_ses-1/surf/lh.pial...
reading input white surface /out/sourcedata/freesurfer/sub-v1s6x0051369_ses-1/surf/lh.white...
INFO: using TH3 volume calc
INFO: assuming MGZ format for volumes.
INFO: not computing global stats
Using TH3 vertex volume calc
Total face volume 284205
Total vertex volume 283998 (mask=0)
Saving annotation colortable ./BA_exvivo.ctab

table columns are:
    number of vertices
    total surface area (mm^2)
    total gray matter volume (mm^3)
    average cortical thickness +- standard deviation (mm)
    integrated rectified mean curvature
    integrated rectified Gaussian curvature
    folding index
    intrinsic curvature index
    structure name

  884    670   2261  2.503 0.577     0.156     0.052       18     1.5  BA1_exvivo
 3087   2160   5312  2.295 0.558     0.116     0.025       27     3.2  BA2_exvivo
 1090    733   1516  2.206 0.522     0.131     0.037       11     1.6  BA3a_exvivo
 2495   1806   4367  2.264 0.560     0.122     0.026       28     2.8  BA3b_exvivo
 1636   1074   2348  2.021 0.443     0.103     0.020       12     1.4  BA4a_exvivo
 1265    879   1763  2.007 0.523     0.105     0.021        8     1.1  BA4p_exvivo
12401   8293  20552  2.236 0.616     0.124     0.033      123    17.4  BA6_exvivo
 3401   2448   7404  2.707 0.512     0.121     0.031       33     4.2  BA44_exvivo
 2770   2067   6519  2.583 0.578     0.130     0.033       37     3.7  BA45_exvivo
 5929   3874   6039  1.624 0.488     0.125     0.028       64     7.2  V1_exvivo
11522   7847  15848  1.928 0.566     0.145     0.034      158    17.4  V2_exvivo
 2480   1779   4904  2.471 0.507     0.136     0.031       39     2.9  MT_exvivo
  771    642   2636  3.176 0.723     0.160     0.040       12     1.4  perirhinal_exvivo
  819    592   2516  3.131 0.917     0.147     0.046        9     1.6  entorhinal_exvivo

 mris_anatomical_stats -th3 -mgz -f ../stats/lh.BA_exvivo.thresh.stats -noglobal -b -a ./lh.BA_exvivo.thresh.annot -c ./BA_exvivo.thresh.ctab sub-v1s6x0051369_ses-1 lh white 

computing statistics for each annotation in ./lh.BA_exvivo.thresh.annot.
reading volume /out/sourcedata/freesurfer/sub-v1s6x0051369_ses-1/mri/wm.mgz...
reading input surface /out/sourcedata/freesurfer/sub-v1s6x0051369_ses-1/surf/lh.white...
reading input pial surface /out/sourcedata/freesurfer/sub-v1s6x0051369_ses-1/surf/lh.pial...
reading input white surface /out/sourcedata/freesurfer/sub-v1s6x0051369_ses-1/surf/lh.white...
INFO: using TH3 volume calc
INFO: assuming MGZ format for volumes.
INFO: not computing global stats
Using TH3 vertex volume calc
Total face volume 284205
Total vertex volume 283998 (mask=0)
Saving annotation colortable ./BA_exvivo.thresh.ctab

table columns are:
    number of vertices
    total surface area (mm^2)
    total gray matter volume (mm^3)
    average cortical thickness +- standard deviation (mm)
    integrated rectified mean curvature
    integrated rectified Gaussian curvature
    folding index
    intrinsic curvature index
    structure name

  522    422   1492  2.567 0.519     0.175     0.057       11     0.9  BA1_exvivo
 1146    834   2240  2.286 0.489     0.117     0.024       12     1.2  BA2_exvivo
  818    553    923  2.074 0.413     0.129     0.032        6     1.2  BA3a_exvivo
 1407   1004   2140  2.043 0.479     0.107     0.020       12     1.3  BA3b_exvivo
 1501    984   2081  1.959 0.460     0.099     0.019       10     1.2  BA4a_exvivo
 1038    695   1234  1.937 0.450     0.107     0.021        8     1.0  BA4p_exvivo
 6012   3835   8637  2.032 0.578     0.116     0.028       57     7.2  BA6_exvivo
 1982   1463   4754  2.771 0.471     0.125     0.031       23     2.5  BA44_exvivo
 1075    828   2813  2.638 0.521     0.139     0.033       14     1.5  BA45_exvivo
 6324   4107   6634  1.653 0.501     0.127     0.030       70     8.1  V1_exvivo
 5750   3949   6905  1.752 0.522     0.151     0.034       85     9.0  V2_exvivo
  652    473   1330  2.475 0.588     0.134     0.029        9     0.8  MT_exvivo
  322    282   1177  3.190 0.626     0.153     0.043        6     0.6  perirhinal_exvivo
  514    385   1414  3.064 0.734     0.162     0.048        6     1.1  entorhinal_exvivo

Started at Tue Mar 10 08:43:43 CET 2026 
Ended   at Tue Mar 10 08:47:11 CET 2026
#@#%# recon-all-run-time-hours 0.058
recon-all -s sub-v1s6x0051369_ses-1 finished without error at Tue Mar 10 08:47:11 CET 2026
