
Tue Mar 10 05:53:53 CET 2026
cd /out/sourcedata/freesurfer/sub-v1s6x0051369_ses-1
setenv SUBJECTS_DIR /out/sourcedata/freesurfer
/opt/freesurfer/bin/recon-all -autorecon1 -i /work/fmriprep_25_2_wf/sub_v1s6x0051369_ses_1_wf/anat_fit_wf/anat_validate/sub-v1s6x0051369_ses-1_T1w_noise_corrected_ras_valid.nii.gz -noskullstrip -noT2pial -noFLAIRpial -openmp 16 -subjid sub-v1s6x0051369_ses-1 -sd /out/sourcedata/freesurfer

subjid sub-v1s6x0051369_ses-1
setenv SUBJECTS_DIR /out/sourcedata/freesurfer
FREESURFER_HOME /opt/freesurfer
Actual FREESURFER_HOME /opt/freesurfer
build-stamp.txt: freesurfer-linux-ubuntu22_x86_64-7.3.2-20220804-6354275
Linux dna062 5.14.0-427.37.1.el9_4.x86_64 #1 SMP PREEMPT_DYNAMIC Fri Sep 13 12:41:50 EDT 2024 x86_64 x86_64 x86_64 GNU/Linux
cputime      unlimited
filesize     unlimited
datasize     unlimited
stacksize    8192 kbytes
coredumpsize 0 kbytes
memoryuse    67108864 kbytes
vmemoryuse   unlimited
descriptors  1024 
memorylocked unlimited
maxproc      2061970 
maxlocks     unlimited
maxsignal    2061970 
maxmessage   819200 
maxnice      0 
maxrtprio    0 
maxrttime    unlimited

               total        used        free      shared  buff/cache   available
Mem:           503Gi        44Gi       410Gi        17Gi        48Gi       438Gi
Swap:             0B          0B          0B

########################################
program versions used
7.3.2 (freesurfer-linux-ubuntu22_x86_64-7.3.2-20220804-6354275)
7.3.2

ProgramName: lta_convert  ProgramArguments: lta_convert -all-info  ProgramVersion: 7.3.2  TimeStamp: 2026/03/10-04:53:53-GMT  BuildTime: Aug  4 2022 06:17:15  BuildStamp: freesurfer-linux-ubuntu22_x86_64-7.3.2-20220804-6354275  User: oesteban  Machine: dna062  Platform: Linux  PlatformVersion: 5.14.0-427.37.1.el9_4.x86_64  CompilerName: GCC  CompilerVersion: 8.4.0
ProgramName: mri_and  ProgramArguments: mri_and -all-info  ProgramVersion: 7.3.2  TimeStamp: 2026/03/10-04:53:53-GMT  BuildTime: Aug  4 2022 06:17:15  BuildStamp: freesurfer-linux-ubuntu22_x86_64-7.3.2-20220804-6354275  User: oesteban  Machine: dna062  Platform: Linux  PlatformVersion: 5.14.0-427.37.1.el9_4.x86_64  CompilerName: GCC  CompilerVersion: 8.4.0
ProgramName: mri_annotation2label  ProgramArguments: mri_annotation2label -all-info  ProgramVersion: 7.3.2  TimeStamp: 2026/03/10-04:53:53-GMT  BuildTime: Aug  4 2022 06:17:15  BuildStamp: freesurfer-linux-ubuntu22_x86_64-7.3.2-20220804-6354275  User: oesteban  Machine: dna062  Platform: Linux  PlatformVersion: 5.14.0-427.37.1.el9_4.x86_64  CompilerName: GCC  CompilerVersion: 8.4.0
ProgramName: mri_aparc2aseg  ProgramArguments: mri_aparc2aseg -all-info  ProgramVersion: 7.3.2  TimeStamp: 2026/03/10-04:53:53-GMT  BuildTime: Aug  4 2022 06:17:15  BuildStamp: freesurfer-linux-ubuntu22_x86_64-7.3.2-20220804-6354275  User: oesteban  Machine: dna062  Platform: Linux  PlatformVersion: 5.14.0-427.37.1.el9_4.x86_64  CompilerName: GCC  CompilerVersion: 8.4.0
ProgramName: mri_surf2volseg  ProgramArguments: mri_surf2volseg -all-info  ProgramVersion: 7.3.2  TimeStamp: 2026/03/10-04:53:53-GMT  BuildTime: Aug  4 2022 06:17:15  BuildStamp: freesurfer-linux-ubuntu22_x86_64-7.3.2-20220804-6354275  User: oesteban  Machine: dna062  Platform: Linux  PlatformVersion: 5.14.0-427.37.1.el9_4.x86_64  CompilerName: GCC  CompilerVersion: 8.4.0
ProgramName: mri_binarize  ProgramArguments: mri_binarize -all-info  ProgramVersion: 7.3.2  TimeStamp: 2026/03/10-04:53:53-GMT  BuildTime: Aug  4 2022 06:17:15  BuildStamp: freesurfer-linux-ubuntu22_x86_64-7.3.2-20220804-6354275  User: oesteban  Machine: dna062  Platform: Linux  PlatformVersion: 5.14.0-427.37.1.el9_4.x86_64  CompilerName: GCC  CompilerVersion: 8.4.0
ProgramName: mri_ca_label  ProgramArguments: mri_ca_label -all-info  ProgramVersion: 7.3.2  TimeStamp: 2026/03/10-04:53:53-GMT  BuildTime: Aug  4 2022 06:17:15  BuildStamp: freesurfer-linux-ubuntu22_x86_64-7.3.2-20220804-6354275  User: oesteban  Machine: dna062  Platform: Linux  PlatformVersion: 5.14.0-427.37.1.el9_4.x86_64  CompilerName: GCC  CompilerVersion: 8.4.0
ProgramName: mri_ca_normalize  ProgramArguments: mri_ca_normalize -all-info  ProgramVersion: 7.3.2  TimeStamp: 2026/03/10-04:53:53-GMT  BuildTime: Aug  4 2022 06:17:15  BuildStamp: freesurfer-linux-ubuntu22_x86_64-7.3.2-20220804-6354275  User: oesteban  Machine: dna062  Platform: Linux  PlatformVersion: 5.14.0-427.37.1.el9_4.x86_64  CompilerName: GCC  CompilerVersion: 8.4.0
ProgramName: mri_ca_register  ProgramArguments: mri_ca_register -all-info  ProgramVersion: 7.3.2  TimeStamp: 2026/03/10-04:53:53-GMT  BuildTime: Aug  4 2022 06:17:15  BuildStamp: freesurfer-linux-ubuntu22_x86_64-7.3.2-20220804-6354275  User: oesteban  Machine: dna062  Platform: Linux  PlatformVersion: 5.14.0-427.37.1.el9_4.x86_64  CompilerName: GCC  CompilerVersion: 8.4.0
ProgramName: mri_cc  ProgramArguments: mri_cc -all-info  ProgramVersion: 7.3.2  TimeStamp: 2026/03/10-04:53:53-GMT  BuildTime: Aug  4 2022 06:17:15  BuildStamp: freesurfer-linux-ubuntu22_x86_64-7.3.2-20220804-6354275  User: oesteban  Machine: dna062  Platform: Linux  PlatformVersion: 5.14.0-427.37.1.el9_4.x86_64  CompilerName: GCC  CompilerVersion: 8.4.0
ProgramName: mri_compute_overlap  ProgramArguments: mri_compute_overlap -all-info  ProgramVersion: 7.3.2  TimeStamp: 2026/03/10-04:53:53-GMT  BuildTime: Aug  4 2022 06:17:15  BuildStamp: freesurfer-linux-ubuntu22_x86_64-7.3.2-20220804-6354275  User: oesteban  Machine: dna062  Platform: Linux  PlatformVersion: 5.14.0-427.37.1.el9_4.x86_64  CompilerName: GCC  CompilerVersion: 8.4.0
ProgramName: mri_compute_seg_overlap  ProgramArguments: mri_compute_seg_overlap -all-info  ProgramVersion: 7.3.2  TimeStamp: 2026/03/10-04:53:53-GMT  BuildTime: Aug  4 2022 06:17:15  BuildStamp: freesurfer-linux-ubuntu22_x86_64-7.3.2-20220804-6354275  User: oesteban  Machine: dna062  Platform: Linux  PlatformVersion: 5.14.0-427.37.1.el9_4.x86_64  CompilerName: GCC  CompilerVersion: 8.4.0
ProgramName: mri_concat  ProgramArguments: mri_concat -all-info  ProgramVersion: 7.3.2  TimeStamp: 2026/03/10-04:53:53-GMT  BuildTime: Aug  4 2022 06:17:15  BuildStamp: freesurfer-linux-ubuntu22_x86_64-7.3.2-20220804-6354275  User: oesteban  Machine: dna062  Platform: Linux  PlatformVersion: 5.14.0-427.37.1.el9_4.x86_64  CompilerName: GCC  CompilerVersion: 8.4.0
ProgramName: mri_concatenate_lta  ProgramArguments: mri_concatenate_lta -all-info  ProgramVersion: 7.3.2  TimeStamp: 2026/03/10-04:53:53-GMT  BuildTime: Aug  4 2022 06:17:15  BuildStamp: freesurfer-linux-ubuntu22_x86_64-7.3.2-20220804-6354275  User: oesteban  Machine: dna062  Platform: Linux  PlatformVersion: 5.14.0-427.37.1.el9_4.x86_64  CompilerName: GCC  CompilerVersion: 8.4.0
mri_convert -all-info 
ProgramName: mri_convert  ProgramArguments: mri_convert -all-info  ProgramVersion: 7.3.2  TimeStamp: 2026/03/10-04:53:53-GMT  BuildTime: Aug  4 2022 06:17:15  BuildStamp: freesurfer-linux-ubuntu22_x86_64-7.3.2-20220804-6354275  User: oesteban  Machine: dna062  Platform: Linux  PlatformVersion: 5.14.0-427.37.1.el9_4.x86_64  CompilerName: GCC  CompilerVersion: 8.4.0
ProgramName: mri_diff  ProgramArguments: mri_diff -all-info  ProgramVersion: 7.3.2  TimeStamp: 2026/03/10-04:53:53-GMT  BuildTime: Aug  4 2022 06:17:15  BuildStamp: freesurfer-linux-ubuntu22_x86_64-7.3.2-20220804-6354275  User: oesteban  Machine: dna062  Platform: Linux  PlatformVersion: 5.14.0-427.37.1.el9_4.x86_64  CompilerName: GCC  CompilerVersion: 8.4.0
ProgramName: mri_edit_wm_with_aseg  ProgramArguments: mri_edit_wm_with_aseg -all-info  ProgramVersion: 7.3.2  TimeStamp: 2026/03/10-04:53:53-GMT  BuildTime: Aug  4 2022 06:17:15  BuildStamp: freesurfer-linux-ubuntu22_x86_64-7.3.2-20220804-6354275  User: oesteban  Machine: dna062  Platform: Linux  PlatformVersion: 5.14.0-427.37.1.el9_4.x86_64  CompilerName: GCC  CompilerVersion: 8.4.0
ProgramName: mri_em_register  ProgramArguments: mri_em_register -all-info  ProgramVersion: 7.3.2  TimeStamp: 2026/03/10-04:53:53-GMT  BuildTime: Aug  4 2022 06:17:15  BuildStamp: freesurfer-linux-ubuntu22_x86_64-7.3.2-20220804-6354275  User: oesteban  Machine: dna062  Platform: Linux  PlatformVersion: 5.14.0-427.37.1.el9_4.x86_64  CompilerName: GCC  CompilerVersion: 8.4.0
ProgramName: mri_fill  ProgramArguments: mri_fill -all-info  ProgramVersion: 7.3.2  TimeStamp: 2026/03/10-04:53:53-GMT  BuildTime: Aug  4 2022 06:17:15  BuildStamp: freesurfer-linux-ubuntu22_x86_64-7.3.2-20220804-6354275  User: oesteban  Machine: dna062  Platform: Linux  PlatformVersion: 5.14.0-427.37.1.el9_4.x86_64  CompilerName: GCC  CompilerVersion: 8.4.0
ProgramName: mri_fuse_segmentations  ProgramArguments: mri_fuse_segmentations -all-info  ProgramVersion: 7.3.2  TimeStamp: 2026/03/10-04:53:53-GMT  BuildTime: Aug  4 2022 06:17:15  BuildStamp: freesurfer-linux-ubuntu22_x86_64-7.3.2-20220804-6354275  User: oesteban  Machine: dna062  Platform: Linux  PlatformVersion: 5.14.0-427.37.1.el9_4.x86_64  CompilerName: GCC  CompilerVersion: 8.4.0
ProgramName: mri_fwhm  ProgramArguments: mri_fwhm -all-info  ProgramVersion: 7.3.2  TimeStamp: 2026/03/10-04:53:53-GMT  BuildTime: Aug  4 2022 06:17:15  BuildStamp: freesurfer-linux-ubuntu22_x86_64-7.3.2-20220804-6354275  User: oesteban  Machine: dna062  Platform: Linux  PlatformVersion: 5.14.0-427.37.1.el9_4.x86_64  CompilerName: GCC  CompilerVersion: 8.4.0
ProgramName: mri_gcut  ProgramArguments: mri_gcut -all-info  ProgramVersion: 7.3.2  TimeStamp: 2026/03/10-04:53:53-GMT  BuildTime: Aug  4 2022 06:17:15  BuildStamp: freesurfer-linux-ubuntu22_x86_64-7.3.2-20220804-6354275  User: oesteban  Machine: dna062  Platform: Linux  PlatformVersion: 5.14.0-427.37.1.el9_4.x86_64  CompilerName: GCC  CompilerVersion: 8.4.0
ProgramName: mri_info  ProgramArguments: mri_info -all-info  ProgramVersion: 7.3.2  TimeStamp: 2026/03/10-04:53:53-GMT  BuildTime: Aug  4 2022 06:17:15  BuildStamp: freesurfer-linux-ubuntu22_x86_64-7.3.2-20220804-6354275  User: oesteban  Machine: dna062  Platform: Linux  PlatformVersion: 5.14.0-427.37.1.el9_4.x86_64  CompilerName: GCC  CompilerVersion: 8.4.0
ProgramName: mri_label2label  ProgramArguments: mri_label2label -all-info  ProgramVersion: 7.3.2  TimeStamp: 2026/03/10-04:53:53-GMT  BuildTime: Aug  4 2022 06:17:15  BuildStamp: freesurfer-linux-ubuntu22_x86_64-7.3.2-20220804-6354275  User: oesteban  Machine: dna062  Platform: Linux  PlatformVersion: 5.14.0-427.37.1.el9_4.x86_64  CompilerName: GCC  CompilerVersion: 8.4.0
ProgramName: mri_label2vol  ProgramArguments: mri_label2vol -all-info  ProgramVersion: 7.3.2  TimeStamp: 2026/03/10-04:53:53-GMT  BuildTime: Aug  4 2022 06:17:15  BuildStamp: freesurfer-linux-ubuntu22_x86_64-7.3.2-20220804-6354275  User: oesteban  Machine: dna062  Platform: Linux  PlatformVersion: 5.14.0-427.37.1.el9_4.x86_64  CompilerName: GCC  CompilerVersion: 8.4.0
ProgramName: mri_log_likelihood  ProgramArguments: mri_log_likelihood -all-info  ProgramVersion: 7.3.2  TimeStamp: 2026/03/10-04:53:53-GMT  BuildTime: Aug  4 2022 06:17:15  BuildStamp: freesurfer-linux-ubuntu22_x86_64-7.3.2-20220804-6354275  User: oesteban  Machine: dna062  Platform: Linux  PlatformVersion: 5.14.0-427.37.1.el9_4.x86_64  CompilerName: GCC  CompilerVersion: 8.4.0
ProgramName: mri_mask  ProgramArguments: mri_mask -all-info  ProgramVersion: 7.3.2  TimeStamp: 2026/03/10-04:53:53-GMT  BuildTime: Aug  4 2022 06:17:15  BuildStamp: freesurfer-linux-ubuntu22_x86_64-7.3.2-20220804-6354275  User: oesteban  Machine: dna062  Platform: Linux  PlatformVersion: 5.14.0-427.37.1.el9_4.x86_64  CompilerName: GCC  CompilerVersion: 8.4.0
ProgramName: mri_matrix_multiply  ProgramArguments: mri_matrix_multiply -all-info  ProgramVersion: 7.3.2  TimeStamp: 2026/03/10-04:53:53-GMT  BuildTime: Aug  4 2022 06:17:15  BuildStamp: freesurfer-linux-ubuntu22_x86_64-7.3.2-20220804-6354275  User: oesteban  Machine: dna062  Platform: Linux  PlatformVersion: 5.14.0-427.37.1.el9_4.x86_64  CompilerName: GCC  CompilerVersion: 8.4.0
ProgramName: mri_normalize  ProgramArguments: mri_normalize -all-info  ProgramVersion: 7.3.2  TimeStamp: 2026/03/10-04:53:53-GMT  BuildTime: Aug  4 2022 06:17:15  BuildStamp: freesurfer-linux-ubuntu22_x86_64-7.3.2-20220804-6354275  User: oesteban  Machine: dna062  Platform: Linux  PlatformVersion: 5.14.0-427.37.1.el9_4.x86_64  CompilerName: GCC  CompilerVersion: 8.4.0
ProgramName: mri_normalize_tp2  ProgramArguments: mri_normalize_tp2 -all-info  ProgramVersion: 7.3.2  TimeStamp: 2026/03/10-04:53:53-GMT  BuildTime: Aug  4 2022 06:17:15  BuildStamp: freesurfer-linux-ubuntu22_x86_64-7.3.2-20220804-6354275  User: oesteban  Machine: dna062  Platform: Linux  PlatformVersion: 5.14.0-427.37.1.el9_4.x86_64  CompilerName: GCC  CompilerVersion: 8.4.0
ProgramName: mri_or  ProgramArguments: mri_or -all-info  ProgramVersion: 7.3.2  TimeStamp: 2026/03/10-04:53:53-GMT  BuildTime: Aug  4 2022 06:17:15  BuildStamp: freesurfer-linux-ubuntu22_x86_64-7.3.2-20220804-6354275  User: oesteban  Machine: dna062  Platform: Linux  PlatformVersion: 5.14.0-427.37.1.el9_4.x86_64  CompilerName: GCC  CompilerVersion: 8.4.0
ProgramName: mri_relabel_hypointensities  ProgramArguments: mri_relabel_hypointensities -all-info  ProgramVersion: 7.3.2  TimeStamp: 2026/03/10-04:53:53-GMT  BuildTime: Aug  4 2022 06:17:15  BuildStamp: freesurfer-linux-ubuntu22_x86_64-7.3.2-20220804-6354275  User: oesteban  Machine: dna062  Platform: Linux  PlatformVersion: 5.14.0-427.37.1.el9_4.x86_64  CompilerName: GCC  CompilerVersion: 8.4.0
ProgramName: mri_relabel_nonwm_hypos  ProgramArguments: mri_relabel_nonwm_hypos -all-info  ProgramVersion: 7.3.2  TimeStamp: 2026/03/10-04:53:53-GMT  BuildTime: Aug  4 2022 06:17:15  BuildStamp: freesurfer-linux-ubuntu22_x86_64-7.3.2-20220804-6354275  User: oesteban  Machine: dna062  Platform: Linux  PlatformVersion: 5.14.0-427.37.1.el9_4.x86_64  CompilerName: GCC  CompilerVersion: 8.4.0
ProgramName: mri_remove_neck  ProgramArguments: mri_remove_neck -all-info  ProgramVersion: 7.3.2  TimeStamp: 2026/03/10-04:53:53-GMT  BuildTime: Aug  4 2022 06:17:15  BuildStamp: freesurfer-linux-ubuntu22_x86_64-7.3.2-20220804-6354275  User: oesteban  Machine: dna062  Platform: Linux  PlatformVersion: 5.14.0-427.37.1.el9_4.x86_64  CompilerName: GCC  CompilerVersion: 8.4.0
7.3.2

ProgramName: mri_robust_register  ProgramArguments: mri_robust_register -all-info  ProgramVersion: 7.3.2  TimeStamp: 2026/03/10-04:53:53-GMT  BuildTime: Aug  4 2022 06:17:15  BuildStamp: freesurfer-linux-ubuntu22_x86_64-7.3.2-20220804-6354275  User: oesteban  Machine: dna062  Platform: Linux  PlatformVersion: 5.14.0-427.37.1.el9_4.x86_64  CompilerName: GCC  CompilerVersion: 8.4.0
7.3.2

ProgramName: mri_robust_template  ProgramArguments: mri_robust_template -all-info  ProgramVersion: 7.3.2  TimeStamp: 2026/03/10-04:53:53-GMT  BuildTime: Aug  4 2022 06:17:15  BuildStamp: freesurfer-linux-ubuntu22_x86_64-7.3.2-20220804-6354275  User: oesteban  Machine: dna062  Platform: Linux  PlatformVersion: 5.14.0-427.37.1.el9_4.x86_64  CompilerName: GCC  CompilerVersion: 8.4.0
ProgramName: mris_anatomical_stats  ProgramArguments: mris_anatomical_stats -all-info  ProgramVersion: 7.3.2  TimeStamp: 2026/03/10-04:53:53-GMT  BuildTime: Aug  4 2022 06:17:15  BuildStamp: freesurfer-linux-ubuntu22_x86_64-7.3.2-20220804-6354275  User: oesteban  Machine: dna062  Platform: Linux  PlatformVersion: 5.14.0-427.37.1.el9_4.x86_64  CompilerName: GCC  CompilerVersion: 8.4.0
ProgramName: mris_ca_label  ProgramArguments: mris_ca_label -all-info  ProgramVersion: 7.3.2  TimeStamp: 2026/03/10-04:53:53-GMT  BuildTime: Aug  4 2022 06:17:15  BuildStamp: freesurfer-linux-ubuntu22_x86_64-7.3.2-20220804-6354275  User: oesteban  Machine: dna062  Platform: Linux  PlatformVersion: 5.14.0-427.37.1.el9_4.x86_64  CompilerName: GCC  CompilerVersion: 8.4.0
ProgramName: mris_calc  ProgramArguments: mris_calc -all-info  ProgramVersion: 7.3.2  TimeStamp: 2026/03/10-04:53:53-GMT  BuildTime: Aug  4 2022 06:17:15  BuildStamp: freesurfer-linux-ubuntu22_x86_64-7.3.2-20220804-6354275  User: oesteban  Machine: dna062  Platform: Linux  PlatformVersion: 5.14.0-427.37.1.el9_4.x86_64  CompilerName: GCC  CompilerVersion: 8.4.0
ProgramName: mris_convert  ProgramArguments: mris_convert -all-info  ProgramVersion: 7.3.2  TimeStamp: 2026/03/10-04:53:53-GMT  BuildTime: Aug  4 2022 06:17:15  BuildStamp: freesurfer-linux-ubuntu22_x86_64-7.3.2-20220804-6354275  User: oesteban  Machine: dna062  Platform: Linux  PlatformVersion: 5.14.0-427.37.1.el9_4.x86_64  CompilerName: GCC  CompilerVersion: 8.4.0
ProgramName: mris_curvature  ProgramArguments: mris_curvature -all-info  ProgramVersion: 7.3.2  TimeStamp: 2026/03/10-04:53:53-GMT  BuildTime: Aug  4 2022 06:17:15  BuildStamp: freesurfer-linux-ubuntu22_x86_64-7.3.2-20220804-6354275  User: oesteban  Machine: dna062  Platform: Linux  PlatformVersion: 5.14.0-427.37.1.el9_4.x86_64  CompilerName: GCC  CompilerVersion: 8.4.0
ProgramName: mris_curvature_stats  ProgramArguments: mris_curvature_stats -all-info  ProgramVersion: 7.3.2  TimeStamp: 2026/03/10-04:53:53-GMT  BuildTime: Aug  4 2022 06:17:15  BuildStamp: freesurfer-linux-ubuntu22_x86_64-7.3.2-20220804-6354275  User: oesteban  Machine: dna062  Platform: Linux  PlatformVersion: 5.14.0-427.37.1.el9_4.x86_64  CompilerName: GCC  CompilerVersion: 8.4.0
ProgramName: mris_diff  ProgramArguments: mris_diff -all-info  ProgramVersion: 7.3.2  TimeStamp: 2026/03/10-04:53:53-GMT  BuildTime: Aug  4 2022 06:17:15  BuildStamp: freesurfer-linux-ubuntu22_x86_64-7.3.2-20220804-6354275  User: oesteban  Machine: dna062  Platform: Linux  PlatformVersion: 5.14.0-427.37.1.el9_4.x86_64  CompilerName: GCC  CompilerVersion: 8.4.0
ProgramName: mris_divide_parcellation  ProgramArguments: mris_divide_parcellation -all-info  ProgramVersion: 7.3.2  TimeStamp: 2026/03/10-04:53:53-GMT  BuildTime: Aug  4 2022 06:17:15  BuildStamp: freesurfer-linux-ubuntu22_x86_64-7.3.2-20220804-6354275  User: oesteban  Machine: dna062  Platform: Linux  PlatformVersion: 5.14.0-427.37.1.el9_4.x86_64  CompilerName: GCC  CompilerVersion: 8.4.0
ProgramName: mri_segment  ProgramArguments: mri_segment -all-info  ProgramVersion: 7.3.2  TimeStamp: 2026/03/10-04:53:53-GMT  BuildTime: Aug  4 2022 06:17:15  BuildStamp: freesurfer-linux-ubuntu22_x86_64-7.3.2-20220804-6354275  User: oesteban  Machine: dna062  Platform: Linux  PlatformVersion: 5.14.0-427.37.1.el9_4.x86_64  CompilerName: GCC  CompilerVersion: 8.4.0
ProgramName: mri_segstats  ProgramArguments: mri_segstats -all-info  ProgramVersion: 7.3.2  TimeStamp: 2026/03/10-04:53:53-GMT  BuildTime: Aug  4 2022 06:17:15  BuildStamp: freesurfer-linux-ubuntu22_x86_64-7.3.2-20220804-6354275  User: oesteban  Machine: dna062  Platform: Linux  PlatformVersion: 5.14.0-427.37.1.el9_4.x86_64  CompilerName: GCC  CompilerVersion: 8.4.0
ProgramName: mris_euler_number  ProgramArguments: mris_euler_number -all-info  ProgramVersion: 7.3.2  TimeStamp: 2026/03/10-04:53:53-GMT  BuildTime: Aug  4 2022 06:17:15  BuildStamp: freesurfer-linux-ubuntu22_x86_64-7.3.2-20220804-6354275  User: oesteban  Machine: dna062  Platform: Linux  PlatformVersion: 5.14.0-427.37.1.el9_4.x86_64  CompilerName: GCC  CompilerVersion: 8.4.0
ProgramName: mris_fix_topology  ProgramArguments: mris_fix_topology -all-info  ProgramVersion: 7.3.2  TimeStamp: 2026/03/10-04:53:53-GMT  BuildTime: Aug  4 2022 06:17:15  BuildStamp: freesurfer-linux-ubuntu22_x86_64-7.3.2-20220804-6354275  User: oesteban  Machine: dna062  Platform: Linux  PlatformVersion: 5.14.0-427.37.1.el9_4.x86_64  CompilerName: GCC  CompilerVersion: 8.4.0
ProgramName: mris_topo_fixer  ProgramArguments: mris_topo_fixer -all-info  ProgramVersion: 7.3.2  TimeStamp: 2026/03/10-04:53:53-GMT  BuildTime: Aug  4 2022 06:17:15  BuildStamp: freesurfer-linux-ubuntu22_x86_64-7.3.2-20220804-6354275  User: oesteban  Machine: dna062  Platform: Linux  PlatformVersion: 5.14.0-427.37.1.el9_4.x86_64  CompilerName: GCC  CompilerVersion: 8.4.0
ProgramName: mris_jacobian  ProgramArguments: mris_jacobian -all-info  ProgramVersion: 7.3.2  TimeStamp: 2026/03/10-04:53:53-GMT  BuildTime: Aug  4 2022 06:17:15  BuildStamp: freesurfer-linux-ubuntu22_x86_64-7.3.2-20220804-6354275  User: oesteban  Machine: dna062  Platform: Linux  PlatformVersion: 5.14.0-427.37.1.el9_4.x86_64  CompilerName: GCC  CompilerVersion: 8.4.0
ProgramName: mris_label2annot  ProgramArguments: mris_label2annot -all-info  ProgramVersion: 7.3.2  TimeStamp: 2026/03/10-04:53:53-GMT  BuildTime: Aug  4 2022 06:17:15  BuildStamp: freesurfer-linux-ubuntu22_x86_64-7.3.2-20220804-6354275  User: oesteban  Machine: dna062  Platform: Linux  PlatformVersion: 5.14.0-427.37.1.el9_4.x86_64  CompilerName: GCC  CompilerVersion: 8.4.0
ProgramName: mris_left_right_register  ProgramArguments: mris_left_right_register -all-info  ProgramVersion: 7.3.2  TimeStamp: 2026/03/10-04:53:53-GMT  BuildTime: Aug  4 2022 06:17:15  BuildStamp: freesurfer-linux-ubuntu22_x86_64-7.3.2-20220804-6354275  User: oesteban  Machine: dna062  Platform: Linux  PlatformVersion: 5.14.0-427.37.1.el9_4.x86_64  CompilerName: GCC  CompilerVersion: 8.4.0
ProgramName: mris_place_surface  ProgramArguments: mris_place_surface -all-info  ProgramVersion: 7.3.2  TimeStamp: 2026/03/10-04:53:53-GMT  BuildTime: Aug  4 2022 06:17:15  BuildStamp: freesurfer-linux-ubuntu22_x86_64-7.3.2-20220804-6354275  User: oesteban  Machine: dna062  Platform: Linux  PlatformVersion: 5.14.0-427.37.1.el9_4.x86_64  CompilerName: GCC  CompilerVersion: 8.4.0
ProgramName: mrisp_paint  ProgramArguments: mrisp_paint -all-info  ProgramVersion: 7.3.2  TimeStamp: 2026/03/10-04:53:53-GMT  BuildTime: Aug  4 2022 06:17:15  BuildStamp: freesurfer-linux-ubuntu22_x86_64-7.3.2-20220804-6354275  User: oesteban  Machine: dna062  Platform: Linux  PlatformVersion: 5.14.0-427.37.1.el9_4.x86_64  CompilerName: GCC  CompilerVersion: 8.4.0
ProgramName: mris_register  ProgramArguments: mris_register -all-info  ProgramVersion: 7.3.2  TimeStamp: 2026/03/10-04:53:53-GMT  BuildTime: Aug  4 2022 06:17:15  BuildStamp: freesurfer-linux-ubuntu22_x86_64-7.3.2-20220804-6354275  User: oesteban  Machine: dna062  Platform: Linux  PlatformVersion: 5.14.0-427.37.1.el9_4.x86_64  CompilerName: GCC  CompilerVersion: 8.4.0
ProgramName: mris_smooth  ProgramArguments: mris_smooth -all-info  ProgramVersion: 7.3.2  TimeStamp: 2026/03/10-04:53:53-GMT  BuildTime: Aug  4 2022 06:17:15  BuildStamp: freesurfer-linux-ubuntu22_x86_64-7.3.2-20220804-6354275  User: oesteban  Machine: dna062  Platform: Linux  PlatformVersion: 5.14.0-427.37.1.el9_4.x86_64  CompilerName: GCC  CompilerVersion: 8.4.0
ProgramName: mris_sphere  ProgramArguments: mris_sphere -all-info  ProgramVersion: 7.3.2  TimeStamp: 2026/03/10-04:53:53-GMT  BuildTime: Aug  4 2022 06:17:15  BuildStamp: freesurfer-linux-ubuntu22_x86_64-7.3.2-20220804-6354275  User: oesteban  Machine: dna062  Platform: Linux  PlatformVersion: 5.14.0-427.37.1.el9_4.x86_64  CompilerName: GCC  CompilerVersion: 8.4.0
ProgramName: mris_surface_stats  ProgramArguments: mris_surface_stats -all-info  ProgramVersion: 7.3.2  TimeStamp: 2026/03/10-04:53:53-GMT  BuildTime: Aug  4 2022 06:17:15  BuildStamp: freesurfer-linux-ubuntu22_x86_64-7.3.2-20220804-6354275  User: oesteban  Machine: dna062  Platform: Linux  PlatformVersion: 5.14.0-427.37.1.el9_4.x86_64  CompilerName: GCC  CompilerVersion: 8.4.0
ProgramName: mri_stats2seg  ProgramArguments: mri_stats2seg -all-info  ProgramVersion: 7.3.2  TimeStamp: 2026/03/10-04:53:53-GMT  BuildTime: Aug  4 2022 06:17:15  BuildStamp: freesurfer-linux-ubuntu22_x86_64-7.3.2-20220804-6354275  User: oesteban  Machine: dna062  Platform: Linux  PlatformVersion: 5.14.0-427.37.1.el9_4.x86_64  CompilerName: GCC  CompilerVersion: 8.4.0
ProgramName: mris_thickness  ProgramArguments: mris_thickness -all-info  ProgramVersion: 7.3.2  TimeStamp: 2026/03/10-04:53:53-GMT  BuildTime: Aug  4 2022 06:17:15  BuildStamp: freesurfer-linux-ubuntu22_x86_64-7.3.2-20220804-6354275  User: oesteban  Machine: dna062  Platform: Linux  PlatformVersion: 5.14.0-427.37.1.el9_4.x86_64  CompilerName: GCC  CompilerVersion: 8.4.0
ProgramName: mris_thickness_diff  ProgramArguments: mris_thickness_diff -all-info  ProgramVersion: 7.3.2  TimeStamp: 2026/03/10-04:53:53-GMT  BuildTime: Aug  4 2022 06:17:15  BuildStamp: freesurfer-linux-ubuntu22_x86_64-7.3.2-20220804-6354275  User: oesteban  Machine: dna062  Platform: Linux  PlatformVersion: 5.14.0-427.37.1.el9_4.x86_64  CompilerName: GCC  CompilerVersion: 8.4.0
ProgramName: mris_topo_fixer  ProgramArguments: mris_topo_fixer -all-info  ProgramVersion: 7.3.2  TimeStamp: 2026/03/10-04:53:53-GMT  BuildTime: Aug  4 2022 06:17:15  BuildStamp: freesurfer-linux-ubuntu22_x86_64-7.3.2-20220804-6354275  User: oesteban  Machine: dna062  Platform: Linux  PlatformVersion: 5.14.0-427.37.1.el9_4.x86_64  CompilerName: GCC  CompilerVersion: 8.4.0
ProgramName: mri_surf2surf  ProgramArguments: mri_surf2surf -all-info  ProgramVersion: 7.3.2  TimeStamp: 2026/03/10-04:53:53-GMT  BuildTime: Aug  4 2022 06:17:15  BuildStamp: freesurfer-linux-ubuntu22_x86_64-7.3.2-20220804-6354275  User: oesteban  Machine: dna062  Platform: Linux  PlatformVersion: 5.14.0-427.37.1.el9_4.x86_64  CompilerName: GCC  CompilerVersion: 8.4.0
ProgramName: mri_surf2vol  ProgramArguments: mri_surf2vol -all-info  ProgramVersion: 7.3.2  TimeStamp: 2026/03/10-04:53:53-GMT  BuildTime: Aug  4 2022 06:17:15  BuildStamp: freesurfer-linux-ubuntu22_x86_64-7.3.2-20220804-6354275  User: oesteban  Machine: dna062  Platform: Linux  PlatformVersion: 5.14.0-427.37.1.el9_4.x86_64  CompilerName: GCC  CompilerVersion: 8.4.0
ProgramName: mri_surfcluster  ProgramArguments: mri_surfcluster -all-info  ProgramVersion: 7.3.2  TimeStamp: 2026/03/10-04:53:53-GMT  BuildTime: Aug  4 2022 06:17:15  BuildStamp: freesurfer-linux-ubuntu22_x86_64-7.3.2-20220804-6354275  User: oesteban  Machine: dna062  Platform: Linux  PlatformVersion: 5.14.0-427.37.1.el9_4.x86_64  CompilerName: GCC  CompilerVersion: 8.4.0
ProgramName: mris_volmask  ProgramArguments: mris_volmask -all-info  ProgramVersion: 7.3.2  TimeStamp: 2026/03/10-04:53:53-GMT  BuildTime: Aug  4 2022 06:17:15  BuildStamp: freesurfer-linux-ubuntu22_x86_64-7.3.2-20220804-6354275  User: oesteban  Machine: dna062  Platform: Linux  PlatformVersion: 5.14.0-427.37.1.el9_4.x86_64  CompilerName: GCC  CompilerVersion: 8.4.0
ProgramName: mri_tessellate  ProgramArguments: mri_tessellate -all-info  ProgramVersion: 7.3.2  TimeStamp: 2026/03/10-04:53:53-GMT  BuildTime: Aug  4 2022 06:17:15  BuildStamp: freesurfer-linux-ubuntu22_x86_64-7.3.2-20220804-6354275  User: oesteban  Machine: dna062  Platform: Linux  PlatformVersion: 5.14.0-427.37.1.el9_4.x86_64  CompilerName: GCC  CompilerVersion: 8.4.0
ProgramName: mri_vol2surf  ProgramArguments: mri_vol2surf -all-info  ProgramVersion: 7.3.2  TimeStamp: 2026/03/10-04:53:53-GMT  BuildTime: Aug  4 2022 06:17:15  BuildStamp: freesurfer-linux-ubuntu22_x86_64-7.3.2-20220804-6354275  User: oesteban  Machine: dna062  Platform: Linux  PlatformVersion: 5.14.0-427.37.1.el9_4.x86_64  CompilerName: GCC  CompilerVersion: 8.4.0
ProgramName: mri_vol2vol  ProgramArguments: mri_vol2vol -all-info  ProgramVersion: 7.3.2  TimeStamp: 2026/03/10-04:53:53-GMT  BuildTime: Aug  4 2022 06:17:15  BuildStamp: freesurfer-linux-ubuntu22_x86_64-7.3.2-20220804-6354275  User: oesteban  Machine: dna062  Platform: Linux  PlatformVersion: 5.14.0-427.37.1.el9_4.x86_64  CompilerName: GCC  CompilerVersion: 8.4.0
ProgramName: mri_voldiff  ProgramArguments: mri_voldiff -all-info  ProgramVersion: 7.3.2  TimeStamp: 2026/03/10-04:53:53-GMT  BuildTime: Aug  4 2022 06:17:15  BuildStamp: freesurfer-linux-ubuntu22_x86_64-7.3.2-20220804-6354275  User: oesteban  Machine: dna062  Platform: Linux  PlatformVersion: 5.14.0-427.37.1.el9_4.x86_64  CompilerName: GCC  CompilerVersion: 8.4.0
ProgramName: mri_watershed  ProgramArguments: mri_watershed -all-info  ProgramVersion: 7.3.2  TimeStamp: 2026/03/10-04:53:53-GMT  BuildTime: Aug  4 2022 06:17:15  BuildStamp: freesurfer-linux-ubuntu22_x86_64-7.3.2-20220804-6354275  User: oesteban  Machine: dna062  Platform: Linux  PlatformVersion: 5.14.0-427.37.1.el9_4.x86_64  CompilerName: GCC  CompilerVersion: 8.4.0
ProgramName: tkregister2  ProgramArguments: tkregister2_cmdl -all-info  ProgramVersion: 7.3.2  TimeStamp: 2026/03/10-04:53:53-GMT  BuildTime: Aug  4 2022 06:17:15  BuildStamp: freesurfer-linux-ubuntu22_x86_64-7.3.2-20220804-6354275  User: oesteban  Machine: dna062  Platform: Linux  PlatformVersion: 5.14.0-427.37.1.el9_4.x86_64  CompilerName: GCC  CompilerVersion: 8.4.0
mri_motion_correct.fsl 7.3.2
mri_convert -all-info 
ProgramName: mri_convert  ProgramArguments: mri_convert -all-info  ProgramVersion: 7.3.2  TimeStamp: 2026/03/10-04:53:53-GMT  BuildTime: Aug  4 2022 06:17:15  BuildStamp: freesurfer-linux-ubuntu22_x86_64-7.3.2-20220804-6354275  User: oesteban  Machine: dna062  Platform: Linux  PlatformVersion: 5.14.0-427.37.1.el9_4.x86_64  CompilerName: GCC  CompilerVersion: 8.4.0
Program nu_correct, built from:
Package MNI N3, version 1.12.0, compiled by nicks@terrier (x86_64-unknown-linux-gnu) on 2015-06-19 at 01:25:34
#######################################
GCADIR /opt/freesurfer/average
GCA RB_all_2020-01-02.gca
GCASkull RB_all_withskull_2020_01_02.gca
AvgCurvTif folding.atlas.acfb40.noaparc.i12.2016-08-02.tif
GCSDIR /opt/freesurfer/average
GCS DKaparc.atlas.acfb40.noaparc.i12.2016-08-02.gcs
#######################################
/out/sourcedata/freesurfer/sub-v1s6x0051369_ses-1

 mri_convert /work/fmriprep_25_2_wf/sub_v1s6x0051369_ses_1_wf/anat_fit_wf/anat_validate/sub-v1s6x0051369_ses-1_T1w_noise_corrected_ras_valid.nii.gz /out/sourcedata/freesurfer/sub-v1s6x0051369_ses-1/mri/orig/001.mgz 

mri_convert /work/fmriprep_25_2_wf/sub_v1s6x0051369_ses_1_wf/anat_fit_wf/anat_validate/sub-v1s6x0051369_ses-1_T1w_noise_corrected_ras_valid.nii.gz /out/sourcedata/freesurfer/sub-v1s6x0051369_ses-1/mri/orig/001.mgz 
reading from /work/fmriprep_25_2_wf/sub_v1s6x0051369_ses_1_wf/anat_fit_wf/anat_validate/sub-v1s6x0051369_ses-1_T1w_noise_corrected_ras_valid.nii.gz...
TR=0.00, TE=0.00, TI=0.00, flip angle=0.00
i_ras = (1, 0, 0)
j_ras = (0, 1, 0)
k_ras = (0, 0, 1)
writing to /out/sourcedata/freesurfer/sub-v1s6x0051369_ses-1/mri/orig/001.mgz...
#--------------------------------------------
#@# MotionCor Tue Mar 10 05:53:55 CET 2026
Found 1 runs
/out/sourcedata/freesurfer/sub-v1s6x0051369_ses-1/mri/orig/001.mgz
Checking for (invalid) multi-frame inputs...
Only one run found so motion
correction will not be performed. I'll
copy the run to rawavg and continue.

 cp /out/sourcedata/freesurfer/sub-v1s6x0051369_ses-1/mri/orig/001.mgz /out/sourcedata/freesurfer/sub-v1s6x0051369_ses-1/mri/rawavg.mgz 


 mri_info /out/sourcedata/freesurfer/sub-v1s6x0051369_ses-1/mri/rawavg.mgz 

rawavg.mgz ========================================
Volume information for /out/sourcedata/freesurfer/sub-v1s6x0051369_ses-1/mri/rawavg.mgz
          type: MGH
    dimensions: 160 x 240 x 256
   voxel sizes: 1.000000, 1.000000, 1.000000
          type: FLOAT (3)
           fov: 256.000
           dof: 1
        xstart: -80.0, xend: 80.0
        ystart: -120.0, yend: 120.0
        zstart: -128.0, zend: 128.0
            TR: 0.00 msec, TE: 0.00 msec, TI: 0.00 msec, flip angle: 0.00 degrees
       nframes: 1
       PhEncDir: UNKNOWN
       FieldStrength: 0.000000
ras xform present
    xform info: x_r =   1.0000, y_r =   0.0000, z_r =   0.0000, c_r =     5.9237
              : x_a =   0.0000, y_a =   1.0000, z_a =   0.0000, c_a =    -3.7458
              : x_s =   0.0000, y_s =   0.0000, z_s =   1.0000, c_s =    11.8475

talairach xfm : 
Orientation   : RAS
Primary Slice Direction: axial

voxel to ras transform:
                1.0000   0.0000   0.0000   -74.0763
                0.0000   1.0000   0.0000  -123.7458
                0.0000   0.0000   1.0000  -116.1525
                0.0000   0.0000   0.0000     1.0000

voxel-to-ras determinant 1

ras to voxel transform:
                1.0000   0.0000   0.0000    74.0763
                0.0000   1.0000   0.0000   123.7458
                0.0000   0.0000   1.0000   116.1525
                0.0000   0.0000   0.0000     1.0000
/out/sourcedata/freesurfer/sub-v1s6x0051369_ses-1

 mri_convert /out/sourcedata/freesurfer/sub-v1s6x0051369_ses-1/mri/rawavg.mgz /out/sourcedata/freesurfer/sub-v1s6x0051369_ses-1/mri/orig.mgz --conform 

mri_convert /out/sourcedata/freesurfer/sub-v1s6x0051369_ses-1/mri/rawavg.mgz /out/sourcedata/freesurfer/sub-v1s6x0051369_ses-1/mri/orig.mgz --conform 
reading from /out/sourcedata/freesurfer/sub-v1s6x0051369_ses-1/mri/rawavg.mgz...
TR=0.00, TE=0.00, TI=0.00, flip angle=0.00
i_ras = (1, 0, 0)
j_ras = (0, 1, 0)
k_ras = (0, 0, 1)
changing data type from float to uchar (noscale = 0)...
MRIchangeType: Building histogram 0 1102.71 1000, flo=0, fhi=0.999, dest_type=0
Reslicing using trilinear interpolation 
writing to /out/sourcedata/freesurfer/sub-v1s6x0051369_ses-1/mri/orig.mgz...

 mri_add_xform_to_header -c /out/sourcedata/freesurfer/sub-v1s6x0051369_ses-1/mri/transforms/talairach.xfm /out/sourcedata/freesurfer/sub-v1s6x0051369_ses-1/mri/orig.mgz /out/sourcedata/freesurfer/sub-v1s6x0051369_ses-1/mri/orig.mgz 

INFO: extension is mgz

 mri_info /out/sourcedata/freesurfer/sub-v1s6x0051369_ses-1/mri/orig.mgz 

orig.mgz ========================================
Volume information for /out/sourcedata/freesurfer/sub-v1s6x0051369_ses-1/mri/orig.mgz
          type: MGH
    dimensions: 256 x 256 x 256
   voxel sizes: 1.000000, 1.000000, 1.000000
          type: UCHAR (0)
           fov: 256.000
           dof: 1
        xstart: -128.0, xend: 128.0
        ystart: -128.0, yend: 128.0
        zstart: -128.0, zend: 128.0
            TR: 0.00 msec, TE: 0.00 msec, TI: 0.00 msec, flip angle: 0.00 degrees
       nframes: 1
       PhEncDir: UNKNOWN
       FieldStrength: 0.000000
ras xform present
    xform info: x_r =  -1.0000, y_r =   0.0000, z_r =   0.0000, c_r =     5.9237
              : x_a =   0.0000, y_a =   0.0000, z_a =   1.0000, c_a =    -3.7458
              : x_s =   0.0000, y_s =  -1.0000, z_s =   0.0000, c_s =    11.8475

talairach xfm : /out/sourcedata/freesurfer/sub-v1s6x0051369_ses-1/mri/transforms/talairach.xfm
Orientation   : LIA
Primary Slice Direction: coronal

voxel to ras transform:
               -1.0000   0.0000   0.0000   133.9237
                0.0000   0.0000   1.0000  -131.7458
                0.0000  -1.0000   0.0000   139.8475
                0.0000   0.0000   0.0000     1.0000

voxel-to-ras determinant -1

ras to voxel transform:
               -1.0000  -0.0000  -0.0000   133.9237
               -0.0000  -0.0000  -1.0000   139.8475
               -0.0000   1.0000  -0.0000   131.7458
               -0.0000  -0.0000  -0.0000     1.0000
#--------------------------------------------
#@# Talairach Tue Mar 10 05:54:02 CET 2026
/out/sourcedata/freesurfer/sub-v1s6x0051369_ses-1/mri

 mri_nu_correct.mni --no-rescale --i orig.mgz --o orig_nu.mgz --ants-n4 --n 1 --proto-iters 1000 --distance 50 

/usr/bin/bc
/out/sourcedata/freesurfer/sub-v1s6x0051369_ses-1/mri
/opt/freesurfer/bin/mri_nu_correct.mni
--no-rescale --i orig.mgz --o orig_nu.mgz --ants-n4 --n 1 --proto-iters 1000 --distance 50
nIters 1
mri_nu_correct.mni 7.3.2
Linux dna062 5.14.0-427.37.1.el9_4.x86_64 #1 SMP PREEMPT_DYNAMIC Fri Sep 13 12:41:50 EDT 2024 x86_64 x86_64 x86_64 GNU/Linux
Tue Mar 10 05:54:02 CET 2026
tmpdir is ./tmp.mri_nu_correct.mni.4116869
cd /out/sourcedata/freesurfer/sub-v1s6x0051369_ses-1/mri
AntsN4BiasFieldCorrectionFs -i orig.mgz -o ./tmp.mri_nu_correct.mni.4116869/nu0.mgz --dtype uchar
AntsN4BiasFieldCorrectionFs done
mri_convert ./tmp.mri_nu_correct.mni.4116869/nu0.mgz orig_nu.mgz --like orig.mgz --conform
mri_convert ./tmp.mri_nu_correct.mni.4116869/nu0.mgz orig_nu.mgz --like orig.mgz --conform 
reading from ./tmp.mri_nu_correct.mni.4116869/nu0.mgz...
TR=0.00, TE=0.00, TI=0.00, flip angle=0.00
i_ras = (-1, 0, 0)
j_ras = (0, 0, -1)
k_ras = (0, 1, 0)
INFO: transform src into the like-volume: orig.mgz
writing to orig_nu.mgz...
 
 
Tue Mar 10 05:56:56 CET 2026
mri_nu_correct.mni done

 talairach_avi --i orig_nu.mgz --xfm transforms/talairach.auto.xfm 

talairach_avi log file is transforms/talairach_avi.log...
mv -f /out/sourcedata/freesurfer/sub-v1s6x0051369_ses-1/mri/talsrcimg_to_711-2C_as_mni_average_305_t4_vox2vox.txt /out/sourcedata/freesurfer/sub-v1s6x0051369_ses-1/mri/transforms/talsrcimg_to_711-2C_as_mni_average_305_t4_vox2vox.txt
Started at Tue Mar 10 05:56:56 CET 2026
Ended   at Tue Mar 10 05:58:29 CET 2026
talairach_avi done

 cp transforms/talairach.auto.xfm transforms/talairach.xfm 

lta_convert --src orig.mgz --trg /opt/freesurfer/average/mni305.cor.mgz --inxfm transforms/talairach.xfm --outlta transforms/talairach.xfm.lta --subject fsaverage --ltavox2vox
7.3.2

--src: orig.mgz src image (geometry).
--trg: /opt/freesurfer/average/mni305.cor.mgz trg image (geometry).
--inmni: transforms/talairach.xfm input MNI/XFM transform.
--outlta: transforms/talairach.xfm.lta output LTA.
--s: fsaverage subject name
--ltavox2vox: output LTA as VOX_TO_VOX transform.
 LTA read, type : 1
 1.02531  -0.10149   0.00115  -4.49571;
 0.02311   1.03889   0.02303  -3.96036;
-0.00225  -0.03580   1.06445  -35.06553;
 0.00000   0.00000   0.00000   1.00000;
setting subject to fsaverage
Writing  LTA to file transforms/talairach.xfm.lta...
lta_convert successful.
#--------------------------------------------
#@# Talairach Failure Detection Tue Mar 10 05:58:31 CET 2026
/out/sourcedata/freesurfer/sub-v1s6x0051369_ses-1/mri

 talairach_afd -T 0.005 -xfm transforms/talairach.xfm 

talairach_afd: Talairach Transform: transforms/talairach.xfm OK (p=0.6544, pval=0.3663 >= threshold=0.0050)

 awk -f /opt/freesurfer/bin/extract_talairach_avi_QA.awk /out/sourcedata/freesurfer/sub-v1s6x0051369_ses-1/mri/transforms/talairach_avi.log 


 tal_QC_AZS /out/sourcedata/freesurfer/sub-v1s6x0051369_ses-1/mri/transforms/talairach_avi.log 

TalAviQA: 0.98076
z-score: 0
#--------------------------------------------
#@# Nu Intensity Correction Tue Mar 10 05:58:31 CET 2026

 mri_nu_correct.mni --i orig.mgz --o nu.mgz --uchar transforms/talairach.xfm --n 2 --ants-n4 

/usr/bin/bc
/out/sourcedata/freesurfer/sub-v1s6x0051369_ses-1/mri
/opt/freesurfer/bin/mri_nu_correct.mni
--i orig.mgz --o nu.mgz --uchar transforms/talairach.xfm --n 2 --ants-n4
nIters 2
mri_nu_correct.mni 7.3.2
Linux dna062 5.14.0-427.37.1.el9_4.x86_64 #1 SMP PREEMPT_DYNAMIC Fri Sep 13 12:41:50 EDT 2024 x86_64 x86_64 x86_64 GNU/Linux
Tue Mar 10 05:58:31 CET 2026
tmpdir is ./tmp.mri_nu_correct.mni.4118418
cd /out/sourcedata/freesurfer/sub-v1s6x0051369_ses-1/mri
AntsN4BiasFieldCorrectionFs -i orig.mgz -o ./tmp.mri_nu_correct.mni.4118418/nu0.mgz --dtype uchar
AntsN4BiasFieldCorrectionFs done
mri_binarize --i ./tmp.mri_nu_correct.mni.4118418/nu0.mgz --min -1 --o ./tmp.mri_nu_correct.mni.4118418/ones.mgz

7.3.2
cwd /out/sourcedata/freesurfer/sub-v1s6x0051369_ses-1/mri
cmdline mri_binarize --i ./tmp.mri_nu_correct.mni.4118418/nu0.mgz --min -1 --o ./tmp.mri_nu_correct.mni.4118418/ones.mgz 
sysname  Linux
hostname dna062
machine  x86_64
user     oesteban

input      ./tmp.mri_nu_correct.mni.4118418/nu0.mgz
frame      0
nErode3d   0
nErode2d   0
output     ./tmp.mri_nu_correct.mni.4118418/ones.mgz
Binarizing based on threshold
min        -1
max        +infinity
binval        1
binvalnot     0
fstart = 0, fend = 0, nframes = 1
Starting parallel 1
Found 16777216 values in range
Counting number of voxels in first frame
Found 16777215 voxels in final mask
Writing output to ./tmp.mri_nu_correct.mni.4118418/ones.mgz
Count: 16777215 16777215.000000 16777216 99.999994
mri_binarize done
mri_segstats --id 1 --seg ./tmp.mri_nu_correct.mni.4118418/ones.mgz --i orig.mgz --sum ./tmp.mri_nu_correct.mni.4118418/sum.junk --avgwf ./tmp.mri_nu_correct.mni.4118418/input.mean.dat

7.3.2
cwd 
cmdline mri_segstats --id 1 --seg ./tmp.mri_nu_correct.mni.4118418/ones.mgz --i orig.mgz --sum ./tmp.mri_nu_correct.mni.4118418/sum.junk --avgwf ./tmp.mri_nu_correct.mni.4118418/input.mean.dat 
sysname  Linux
hostname dna062
machine  x86_64
user     oesteban
whitesurfname  white
UseRobust  0
Loading ./tmp.mri_nu_correct.mni.4118418/ones.mgz
Loading orig.mgz
Voxel Volume is 1 mm^3
Generating list of segmentation ids
Found   1 segmentations
Computing statistics for each segmentation

Reporting on   1 segmentations
Using PrintSegStat
Computing spatial average of each frame

Writing to ./tmp.mri_nu_correct.mni.4118418/input.mean.dat
mri_segstats done
mri_segstats --id 1 --seg ./tmp.mri_nu_correct.mni.4118418/ones.mgz --i ./tmp.mri_nu_correct.mni.4118418/nu0.mgz --sum ./tmp.mri_nu_correct.mni.4118418/sum.junk --avgwf ./tmp.mri_nu_correct.mni.4118418/output.mean.dat

7.3.2
cwd 
cmdline mri_segstats --id 1 --seg ./tmp.mri_nu_correct.mni.4118418/ones.mgz --i ./tmp.mri_nu_correct.mni.4118418/nu0.mgz --sum ./tmp.mri_nu_correct.mni.4118418/sum.junk --avgwf ./tmp.mri_nu_correct.mni.4118418/output.mean.dat 
sysname  Linux
hostname dna062
machine  x86_64
user     oesteban
whitesurfname  white
UseRobust  0
Loading ./tmp.mri_nu_correct.mni.4118418/ones.mgz
Loading ./tmp.mri_nu_correct.mni.4118418/nu0.mgz
Voxel Volume is 1 mm^3
Generating list of segmentation ids
Found   1 segmentations
Computing statistics for each segmentation

Reporting on   1 segmentations
Using PrintSegStat
Computing spatial average of each frame

Writing to ./tmp.mri_nu_correct.mni.4118418/output.mean.dat
mri_segstats done
mris_calc -o ./tmp.mri_nu_correct.mni.4118418/nu0.mgz ./tmp.mri_nu_correct.mni.4118418/nu0.mgz mul 1.13573014391110301484
Saving result to './tmp.mri_nu_correct.mni.4118418/nu0.mgz' (type = MGH )                       [ ok ]
mri_convert ./tmp.mri_nu_correct.mni.4118418/nu0.mgz nu.mgz --like orig.mgz
mri_convert ./tmp.mri_nu_correct.mni.4118418/nu0.mgz nu.mgz --like orig.mgz 
reading from ./tmp.mri_nu_correct.mni.4118418/nu0.mgz...
TR=0.00, TE=0.00, TI=0.00, flip angle=0.00
i_ras = (-1, 0, 0)
j_ras = (0, 0, -1)
k_ras = (0, 1, 0)
INFO: transform src into the like-volume: orig.mgz
writing to nu.mgz...
mri_make_uchar nu.mgz transforms/talairach.xfm nu.mgz
type change took 0 minutes and 6 seconds.
FIRST_PERCENTILE 0.010000
WM_PERCENTILE    0.900000
MAX_R 50.000000
i1 = 10, i2 = 59
#mri_make_uchar# mapping 26 152 to  3 110  :  b -19.3786 m 0.851345 : thresh 22.7623 maxsat 322.289 : nzero 13734106 nsat 0
 
 
Tue Mar 10 06:01:47 CET 2026
mri_nu_correct.mni done

 mri_add_xform_to_header -c /out/sourcedata/freesurfer/sub-v1s6x0051369_ses-1/mri/transforms/talairach.xfm nu.mgz nu.mgz 

INFO: extension is mgz
#--------------------------------------------
#@# Intensity Normalization Tue Mar 10 06:01:47 CET 2026
/out/sourcedata/freesurfer/sub-v1s6x0051369_ses-1/mri

 mri_normalize -g 1 -seed 1234 -mprage nu.mgz T1.mgz 

using max gradient = 1.000
setting seed for random number genererator to 1234
assuming input volume is MGH (Van der Kouwe) MP-RAGE
reading mri_src from nu.mgz...
normalizing image...
NOT doing gentle normalization with control points/label
talairach transform
 1.02531  -0.10149   0.00115  -4.49571;
 0.02311   1.03889   0.02303  -3.96036;
-0.00225  -0.03580   1.06445  -35.06553;
 0.00000   0.00000   0.00000   1.00000;
processing without aseg, no1d=0
MRInormInit(): 
INFO: Modifying talairach volume c_(r,a,s) based on average_305
MRInormalize(): 
MRIsplineNormalize(): npeaks = 18
Starting OpenSpline(): npoints = 18
building Voronoi diagram...
performing soap bubble smoothing, sigma = 8...

Iterating 2 times
---------------------------------
3d normalization pass 1 of 2
white matter peak found at 110
white matter peak found at 109
gm peak at 72 (72), valley at 46 (46)
csf peak at 11, setting threshold to 51
building Voronoi diagram...
performing soap bubble smoothing, sigma = 8...
---------------------------------
3d normalization pass 2 of 2
white matter peak found at 110
white matter peak found at 110
gm peak at 72 (72), valley at 28 (28)
csf peak at 11, setting threshold to 51
building Voronoi diagram...
performing soap bubble smoothing, sigma = 8...
Done iterating ---------------------------------
writing output to T1.mgz
3D bias adjustment took 1 minutes and 30 seconds.

Started at Tue Mar 10 05:53:53 CET 2026 
Ended   at Tue Mar 10 06:03:18 CET 2026
#@#%# recon-all-run-time-hours 0.157
recon-all -s sub-v1s6x0051369_ses-1 finished without error at Tue Mar 10 06:03:18 CET 2026



#New# invocation of recon-all 




Tue Mar 10 06:10:12 CET 2026
cd /out/sourcedata/freesurfer/sub-v1s6x0051369_ses-1
setenv SUBJECTS_DIR /out/sourcedata/freesurfer
/opt/freesurfer/bin/recon-all -openmp 16 -subjid sub-v1s6x0051369_ses-1 -sd /out/sourcedata/freesurfer -gcareg

subjid sub-v1s6x0051369_ses-1
setenv SUBJECTS_DIR /out/sourcedata/freesurfer
FREESURFER_HOME /opt/freesurfer
Actual FREESURFER_HOME /opt/freesurfer
build-stamp.txt: freesurfer-linux-ubuntu22_x86_64-7.3.2-20220804-6354275
Linux dna062 5.14.0-427.37.1.el9_4.x86_64 #1 SMP PREEMPT_DYNAMIC Fri Sep 13 12:41:50 EDT 2024 x86_64 x86_64 x86_64 GNU/Linux
cputime      unlimited
filesize     unlimited
datasize     unlimited
stacksize    8192 kbytes
coredumpsize 0 kbytes
memoryuse    67108864 kbytes
vmemoryuse   unlimited
descriptors  1024 
memorylocked unlimited
maxproc      2061970 
maxlocks     unlimited
maxsignal    2061970 
maxmessage   819200 
maxnice      0 
maxrtprio    0 
maxrttime    unlimited

               total        used        free      shared  buff/cache   available
Mem:           503Gi        46Gi       406Gi        17Gi        50Gi       436Gi
Swap:             0B          0B          0B

########################################
program versions used
7.3.2 (freesurfer-linux-ubuntu22_x86_64-7.3.2-20220804-6354275)
7.3.2

ProgramName: lta_convert  ProgramArguments: lta_convert -all-info  ProgramVersion: 7.3.2  TimeStamp: 2026/03/10-05:10:12-GMT  BuildTime: Aug  4 2022 06:17:15  BuildStamp: freesurfer-linux-ubuntu22_x86_64-7.3.2-20220804-6354275  User: oesteban  Machine: dna062  Platform: Linux  PlatformVersion: 5.14.0-427.37.1.el9_4.x86_64  CompilerName: GCC  CompilerVersion: 8.4.0
ProgramName: mri_and  ProgramArguments: mri_and -all-info  ProgramVersion: 7.3.2  TimeStamp: 2026/03/10-05:10:12-GMT  BuildTime: Aug  4 2022 06:17:15  BuildStamp: freesurfer-linux-ubuntu22_x86_64-7.3.2-20220804-6354275  User: oesteban  Machine: dna062  Platform: Linux  PlatformVersion: 5.14.0-427.37.1.el9_4.x86_64  CompilerName: GCC  CompilerVersion: 8.4.0
ProgramName: mri_annotation2label  ProgramArguments: mri_annotation2label -all-info  ProgramVersion: 7.3.2  TimeStamp: 2026/03/10-05:10:12-GMT  BuildTime: Aug  4 2022 06:17:15  BuildStamp: freesurfer-linux-ubuntu22_x86_64-7.3.2-20220804-6354275  User: oesteban  Machine: dna062  Platform: Linux  PlatformVersion: 5.14.0-427.37.1.el9_4.x86_64  CompilerName: GCC  CompilerVersion: 8.4.0
ProgramName: mri_aparc2aseg  ProgramArguments: mri_aparc2aseg -all-info  ProgramVersion: 7.3.2  TimeStamp: 2026/03/10-05:10:12-GMT  BuildTime: Aug  4 2022 06:17:15  BuildStamp: freesurfer-linux-ubuntu22_x86_64-7.3.2-20220804-6354275  User: oesteban  Machine: dna062  Platform: Linux  PlatformVersion: 5.14.0-427.37.1.el9_4.x86_64  CompilerName: GCC  CompilerVersion: 8.4.0
ProgramName: mri_surf2volseg  ProgramArguments: mri_surf2volseg -all-info  ProgramVersion: 7.3.2  TimeStamp: 2026/03/10-05:10:12-GMT  BuildTime: Aug  4 2022 06:17:15  BuildStamp: freesurfer-linux-ubuntu22_x86_64-7.3.2-20220804-6354275  User: oesteban  Machine: dna062  Platform: Linux  PlatformVersion: 5.14.0-427.37.1.el9_4.x86_64  CompilerName: GCC  CompilerVersion: 8.4.0
ProgramName: mri_binarize  ProgramArguments: mri_binarize -all-info  ProgramVersion: 7.3.2  TimeStamp: 2026/03/10-05:10:12-GMT  BuildTime: Aug  4 2022 06:17:15  BuildStamp: freesurfer-linux-ubuntu22_x86_64-7.3.2-20220804-6354275  User: oesteban  Machine: dna062  Platform: Linux  PlatformVersion: 5.14.0-427.37.1.el9_4.x86_64  CompilerName: GCC  CompilerVersion: 8.4.0
ProgramName: mri_ca_label  ProgramArguments: mri_ca_label -all-info  ProgramVersion: 7.3.2  TimeStamp: 2026/03/10-05:10:12-GMT  BuildTime: Aug  4 2022 06:17:15  BuildStamp: freesurfer-linux-ubuntu22_x86_64-7.3.2-20220804-6354275  User: oesteban  Machine: dna062  Platform: Linux  PlatformVersion: 5.14.0-427.37.1.el9_4.x86_64  CompilerName: GCC  CompilerVersion: 8.4.0
ProgramName: mri_ca_normalize  ProgramArguments: mri_ca_normalize -all-info  ProgramVersion: 7.3.2  TimeStamp: 2026/03/10-05:10:12-GMT  BuildTime: Aug  4 2022 06:17:15  BuildStamp: freesurfer-linux-ubuntu22_x86_64-7.3.2-20220804-6354275  User: oesteban  Machine: dna062  Platform: Linux  PlatformVersion: 5.14.0-427.37.1.el9_4.x86_64  CompilerName: GCC  CompilerVersion: 8.4.0
ProgramName: mri_ca_register  ProgramArguments: mri_ca_register -all-info  ProgramVersion: 7.3.2  TimeStamp: 2026/03/10-05:10:12-GMT  BuildTime: Aug  4 2022 06:17:15  BuildStamp: freesurfer-linux-ubuntu22_x86_64-7.3.2-20220804-6354275  User: oesteban  Machine: dna062  Platform: Linux  PlatformVersion: 5.14.0-427.37.1.el9_4.x86_64  CompilerName: GCC  CompilerVersion: 8.4.0
ProgramName: mri_cc  ProgramArguments: mri_cc -all-info  ProgramVersion: 7.3.2  TimeStamp: 2026/03/10-05:10:12-GMT  BuildTime: Aug  4 2022 06:17:15  BuildStamp: freesurfer-linux-ubuntu22_x86_64-7.3.2-20220804-6354275  User: oesteban  Machine: dna062  Platform: Linux  PlatformVersion: 5.14.0-427.37.1.el9_4.x86_64  CompilerName: GCC  CompilerVersion: 8.4.0
ProgramName: mri_compute_overlap  ProgramArguments: mri_compute_overlap -all-info  ProgramVersion: 7.3.2  TimeStamp: 2026/03/10-05:10:12-GMT  BuildTime: Aug  4 2022 06:17:15  BuildStamp: freesurfer-linux-ubuntu22_x86_64-7.3.2-20220804-6354275  User: oesteban  Machine: dna062  Platform: Linux  PlatformVersion: 5.14.0-427.37.1.el9_4.x86_64  CompilerName: GCC  CompilerVersion: 8.4.0
ProgramName: mri_compute_seg_overlap  ProgramArguments: mri_compute_seg_overlap -all-info  ProgramVersion: 7.3.2  TimeStamp: 2026/03/10-05:10:12-GMT  BuildTime: Aug  4 2022 06:17:15  BuildStamp: freesurfer-linux-ubuntu22_x86_64-7.3.2-20220804-6354275  User: oesteban  Machine: dna062  Platform: Linux  PlatformVersion: 5.14.0-427.37.1.el9_4.x86_64  CompilerName: GCC  CompilerVersion: 8.4.0
ProgramName: mri_concat  ProgramArguments: mri_concat -all-info  ProgramVersion: 7.3.2  TimeStamp: 2026/03/10-05:10:12-GMT  BuildTime: Aug  4 2022 06:17:15  BuildStamp: freesurfer-linux-ubuntu22_x86_64-7.3.2-20220804-6354275  User: oesteban  Machine: dna062  Platform: Linux  PlatformVersion: 5.14.0-427.37.1.el9_4.x86_64  CompilerName: GCC  CompilerVersion: 8.4.0
ProgramName: mri_concatenate_lta  ProgramArguments: mri_concatenate_lta -all-info  ProgramVersion: 7.3.2  TimeStamp: 2026/03/10-05:10:12-GMT  BuildTime: Aug  4 2022 06:17:15  BuildStamp: freesurfer-linux-ubuntu22_x86_64-7.3.2-20220804-6354275  User: oesteban  Machine: dna062  Platform: Linux  PlatformVersion: 5.14.0-427.37.1.el9_4.x86_64  CompilerName: GCC  CompilerVersion: 8.4.0
mri_convert -all-info 
ProgramName: mri_convert  ProgramArguments: mri_convert -all-info  ProgramVersion: 7.3.2  TimeStamp: 2026/03/10-05:10:12-GMT  BuildTime: Aug  4 2022 06:17:15  BuildStamp: freesurfer-linux-ubuntu22_x86_64-7.3.2-20220804-6354275  User: oesteban  Machine: dna062  Platform: Linux  PlatformVersion: 5.14.0-427.37.1.el9_4.x86_64  CompilerName: GCC  CompilerVersion: 8.4.0
ProgramName: mri_diff  ProgramArguments: mri_diff -all-info  ProgramVersion: 7.3.2  TimeStamp: 2026/03/10-05:10:12-GMT  BuildTime: Aug  4 2022 06:17:15  BuildStamp: freesurfer-linux-ubuntu22_x86_64-7.3.2-20220804-6354275  User: oesteban  Machine: dna062  Platform: Linux  PlatformVersion: 5.14.0-427.37.1.el9_4.x86_64  CompilerName: GCC  CompilerVersion: 8.4.0
ProgramName: mri_edit_wm_with_aseg  ProgramArguments: mri_edit_wm_with_aseg -all-info  ProgramVersion: 7.3.2  TimeStamp: 2026/03/10-05:10:12-GMT  BuildTime: Aug  4 2022 06:17:15  BuildStamp: freesurfer-linux-ubuntu22_x86_64-7.3.2-20220804-6354275  User: oesteban  Machine: dna062  Platform: Linux  PlatformVersion: 5.14.0-427.37.1.el9_4.x86_64  CompilerName: GCC  CompilerVersion: 8.4.0
ProgramName: mri_em_register  ProgramArguments: mri_em_register -all-info  ProgramVersion: 7.3.2  TimeStamp: 2026/03/10-05:10:12-GMT  BuildTime: Aug  4 2022 06:17:15  BuildStamp: freesurfer-linux-ubuntu22_x86_64-7.3.2-20220804-6354275  User: oesteban  Machine: dna062  Platform: Linux  PlatformVersion: 5.14.0-427.37.1.el9_4.x86_64  CompilerName: GCC  CompilerVersion: 8.4.0
ProgramName: mri_fill  ProgramArguments: mri_fill -all-info  ProgramVersion: 7.3.2  TimeStamp: 2026/03/10-05:10:12-GMT  BuildTime: Aug  4 2022 06:17:15  BuildStamp: freesurfer-linux-ubuntu22_x86_64-7.3.2-20220804-6354275  User: oesteban  Machine: dna062  Platform: Linux  PlatformVersion: 5.14.0-427.37.1.el9_4.x86_64  CompilerName: GCC  CompilerVersion: 8.4.0
ProgramName: mri_fuse_segmentations  ProgramArguments: mri_fuse_segmentations -all-info  ProgramVersion: 7.3.2  TimeStamp: 2026/03/10-05:10:12-GMT  BuildTime: Aug  4 2022 06:17:15  BuildStamp: freesurfer-linux-ubuntu22_x86_64-7.3.2-20220804-6354275  User: oesteban  Machine: dna062  Platform: Linux  PlatformVersion: 5.14.0-427.37.1.el9_4.x86_64  CompilerName: GCC  CompilerVersion: 8.4.0
ProgramName: mri_fwhm  ProgramArguments: mri_fwhm -all-info  ProgramVersion: 7.3.2  TimeStamp: 2026/03/10-05:10:12-GMT  BuildTime: Aug  4 2022 06:17:15  BuildStamp: freesurfer-linux-ubuntu22_x86_64-7.3.2-20220804-6354275  User: oesteban  Machine: dna062  Platform: Linux  PlatformVersion: 5.14.0-427.37.1.el9_4.x86_64  CompilerName: GCC  CompilerVersion: 8.4.0
ProgramName: mri_gcut  ProgramArguments: mri_gcut -all-info  ProgramVersion: 7.3.2  TimeStamp: 2026/03/10-05:10:12-GMT  BuildTime: Aug  4 2022 06:17:15  BuildStamp: freesurfer-linux-ubuntu22_x86_64-7.3.2-20220804-6354275  User: oesteban  Machine: dna062  Platform: Linux  PlatformVersion: 5.14.0-427.37.1.el9_4.x86_64  CompilerName: GCC  CompilerVersion: 8.4.0
ProgramName: mri_info  ProgramArguments: mri_info -all-info  ProgramVersion: 7.3.2  TimeStamp: 2026/03/10-05:10:12-GMT  BuildTime: Aug  4 2022 06:17:15  BuildStamp: freesurfer-linux-ubuntu22_x86_64-7.3.2-20220804-6354275  User: oesteban  Machine: dna062  Platform: Linux  PlatformVersion: 5.14.0-427.37.1.el9_4.x86_64  CompilerName: GCC  CompilerVersion: 8.4.0
ProgramName: mri_label2label  ProgramArguments: mri_label2label -all-info  ProgramVersion: 7.3.2  TimeStamp: 2026/03/10-05:10:12-GMT  BuildTime: Aug  4 2022 06:17:15  BuildStamp: freesurfer-linux-ubuntu22_x86_64-7.3.2-20220804-6354275  User: oesteban  Machine: dna062  Platform: Linux  PlatformVersion: 5.14.0-427.37.1.el9_4.x86_64  CompilerName: GCC  CompilerVersion: 8.4.0
ProgramName: mri_label2vol  ProgramArguments: mri_label2vol -all-info  ProgramVersion: 7.3.2  TimeStamp: 2026/03/10-05:10:12-GMT  BuildTime: Aug  4 2022 06:17:15  BuildStamp: freesurfer-linux-ubuntu22_x86_64-7.3.2-20220804-6354275  User: oesteban  Machine: dna062  Platform: Linux  PlatformVersion: 5.14.0-427.37.1.el9_4.x86_64  CompilerName: GCC  CompilerVersion: 8.4.0
ProgramName: mri_log_likelihood  ProgramArguments: mri_log_likelihood -all-info  ProgramVersion: 7.3.2  TimeStamp: 2026/03/10-05:10:12-GMT  BuildTime: Aug  4 2022 06:17:15  BuildStamp: freesurfer-linux-ubuntu22_x86_64-7.3.2-20220804-6354275  User: oesteban  Machine: dna062  Platform: Linux  PlatformVersion: 5.14.0-427.37.1.el9_4.x86_64  CompilerName: GCC  CompilerVersion: 8.4.0
ProgramName: mri_mask  ProgramArguments: mri_mask -all-info  ProgramVersion: 7.3.2  TimeStamp: 2026/03/10-05:10:12-GMT  BuildTime: Aug  4 2022 06:17:15  BuildStamp: freesurfer-linux-ubuntu22_x86_64-7.3.2-20220804-6354275  User: oesteban  Machine: dna062  Platform: Linux  PlatformVersion: 5.14.0-427.37.1.el9_4.x86_64  CompilerName: GCC  CompilerVersion: 8.4.0
ProgramName: mri_matrix_multiply  ProgramArguments: mri_matrix_multiply -all-info  ProgramVersion: 7.3.2  TimeStamp: 2026/03/10-05:10:12-GMT  BuildTime: Aug  4 2022 06:17:15  BuildStamp: freesurfer-linux-ubuntu22_x86_64-7.3.2-20220804-6354275  User: oesteban  Machine: dna062  Platform: Linux  PlatformVersion: 5.14.0-427.37.1.el9_4.x86_64  CompilerName: GCC  CompilerVersion: 8.4.0
ProgramName: mri_normalize  ProgramArguments: mri_normalize -all-info  ProgramVersion: 7.3.2  TimeStamp: 2026/03/10-05:10:12-GMT  BuildTime: Aug  4 2022 06:17:15  BuildStamp: freesurfer-linux-ubuntu22_x86_64-7.3.2-20220804-6354275  User: oesteban  Machine: dna062  Platform: Linux  PlatformVersion: 5.14.0-427.37.1.el9_4.x86_64  CompilerName: GCC  CompilerVersion: 8.4.0
ProgramName: mri_normalize_tp2  ProgramArguments: mri_normalize_tp2 -all-info  ProgramVersion: 7.3.2  TimeStamp: 2026/03/10-05:10:12-GMT  BuildTime: Aug  4 2022 06:17:15  BuildStamp: freesurfer-linux-ubuntu22_x86_64-7.3.2-20220804-6354275  User: oesteban  Machine: dna062  Platform: Linux  PlatformVersion: 5.14.0-427.37.1.el9_4.x86_64  CompilerName: GCC  CompilerVersion: 8.4.0
ProgramName: mri_or  ProgramArguments: mri_or -all-info  ProgramVersion: 7.3.2  TimeStamp: 2026/03/10-05:10:12-GMT  BuildTime: Aug  4 2022 06:17:15  BuildStamp: freesurfer-linux-ubuntu22_x86_64-7.3.2-20220804-6354275  User: oesteban  Machine: dna062  Platform: Linux  PlatformVersion: 5.14.0-427.37.1.el9_4.x86_64  CompilerName: GCC  CompilerVersion: 8.4.0
ProgramName: mri_relabel_hypointensities  ProgramArguments: mri_relabel_hypointensities -all-info  ProgramVersion: 7.3.2  TimeStamp: 2026/03/10-05:10:12-GMT  BuildTime: Aug  4 2022 06:17:15  BuildStamp: freesurfer-linux-ubuntu22_x86_64-7.3.2-20220804-6354275  User: oesteban  Machine: dna062  Platform: Linux  PlatformVersion: 5.14.0-427.37.1.el9_4.x86_64  CompilerName: GCC  CompilerVersion: 8.4.0
ProgramName: mri_relabel_nonwm_hypos  ProgramArguments: mri_relabel_nonwm_hypos -all-info  ProgramVersion: 7.3.2  TimeStamp: 2026/03/10-05:10:13-GMT  BuildTime: Aug  4 2022 06:17:15  BuildStamp: freesurfer-linux-ubuntu22_x86_64-7.3.2-20220804-6354275  User: oesteban  Machine: dna062  Platform: Linux  PlatformVersion: 5.14.0-427.37.1.el9_4.x86_64  CompilerName: GCC  CompilerVersion: 8.4.0
ProgramName: mri_remove_neck  ProgramArguments: mri_remove_neck -all-info  ProgramVersion: 7.3.2  TimeStamp: 2026/03/10-05:10:13-GMT  BuildTime: Aug  4 2022 06:17:15  BuildStamp: freesurfer-linux-ubuntu22_x86_64-7.3.2-20220804-6354275  User: oesteban  Machine: dna062  Platform: Linux  PlatformVersion: 5.14.0-427.37.1.el9_4.x86_64  CompilerName: GCC  CompilerVersion: 8.4.0
7.3.2

ProgramName: mri_robust_register  ProgramArguments: mri_robust_register -all-info  ProgramVersion: 7.3.2  TimeStamp: 2026/03/10-05:10:13-GMT  BuildTime: Aug  4 2022 06:17:15  BuildStamp: freesurfer-linux-ubuntu22_x86_64-7.3.2-20220804-6354275  User: oesteban  Machine: dna062  Platform: Linux  PlatformVersion: 5.14.0-427.37.1.el9_4.x86_64  CompilerName: GCC  CompilerVersion: 8.4.0
7.3.2

ProgramName: mri_robust_template  ProgramArguments: mri_robust_template -all-info  ProgramVersion: 7.3.2  TimeStamp: 2026/03/10-05:10:13-GMT  BuildTime: Aug  4 2022 06:17:15  BuildStamp: freesurfer-linux-ubuntu22_x86_64-7.3.2-20220804-6354275  User: oesteban  Machine: dna062  Platform: Linux  PlatformVersion: 5.14.0-427.37.1.el9_4.x86_64  CompilerName: GCC  CompilerVersion: 8.4.0
ProgramName: mris_anatomical_stats  ProgramArguments: mris_anatomical_stats -all-info  ProgramVersion: 7.3.2  TimeStamp: 2026/03/10-05:10:13-GMT  BuildTime: Aug  4 2022 06:17:15  BuildStamp: freesurfer-linux-ubuntu22_x86_64-7.3.2-20220804-6354275  User: oesteban  Machine: dna062  Platform: Linux  PlatformVersion: 5.14.0-427.37.1.el9_4.x86_64  CompilerName: GCC  CompilerVersion: 8.4.0
ProgramName: mris_ca_label  ProgramArguments: mris_ca_label -all-info  ProgramVersion: 7.3.2  TimeStamp: 2026/03/10-05:10:13-GMT  BuildTime: Aug  4 2022 06:17:15  BuildStamp: freesurfer-linux-ubuntu22_x86_64-7.3.2-20220804-6354275  User: oesteban  Machine: dna062  Platform: Linux  PlatformVersion: 5.14.0-427.37.1.el9_4.x86_64  CompilerName: GCC  CompilerVersion: 8.4.0
ProgramName: mris_calc  ProgramArguments: mris_calc -all-info  ProgramVersion: 7.3.2  TimeStamp: 2026/03/10-05:10:13-GMT  BuildTime: Aug  4 2022 06:17:15  BuildStamp: freesurfer-linux-ubuntu22_x86_64-7.3.2-20220804-6354275  User: oesteban  Machine: dna062  Platform: Linux  PlatformVersion: 5.14.0-427.37.1.el9_4.x86_64  CompilerName: GCC  CompilerVersion: 8.4.0
ProgramName: mris_convert  ProgramArguments: mris_convert -all-info  ProgramVersion: 7.3.2  TimeStamp: 2026/03/10-05:10:13-GMT  BuildTime: Aug  4 2022 06:17:15  BuildStamp: freesurfer-linux-ubuntu22_x86_64-7.3.2-20220804-6354275  User: oesteban  Machine: dna062  Platform: Linux  PlatformVersion: 5.14.0-427.37.1.el9_4.x86_64  CompilerName: GCC  CompilerVersion: 8.4.0
ProgramName: mris_curvature  ProgramArguments: mris_curvature -all-info  ProgramVersion: 7.3.2  TimeStamp: 2026/03/10-05:10:13-GMT  BuildTime: Aug  4 2022 06:17:15  BuildStamp: freesurfer-linux-ubuntu22_x86_64-7.3.2-20220804-6354275  User: oesteban  Machine: dna062  Platform: Linux  PlatformVersion: 5.14.0-427.37.1.el9_4.x86_64  CompilerName: GCC  CompilerVersion: 8.4.0
ProgramName: mris_curvature_stats  ProgramArguments: mris_curvature_stats -all-info  ProgramVersion: 7.3.2  TimeStamp: 2026/03/10-05:10:13-GMT  BuildTime: Aug  4 2022 06:17:15  BuildStamp: freesurfer-linux-ubuntu22_x86_64-7.3.2-20220804-6354275  User: oesteban  Machine: dna062  Platform: Linux  PlatformVersion: 5.14.0-427.37.1.el9_4.x86_64  CompilerName: GCC  CompilerVersion: 8.4.0
ProgramName: mris_diff  ProgramArguments: mris_diff -all-info  ProgramVersion: 7.3.2  TimeStamp: 2026/03/10-05:10:13-GMT  BuildTime: Aug  4 2022 06:17:15  BuildStamp: freesurfer-linux-ubuntu22_x86_64-7.3.2-20220804-6354275  User: oesteban  Machine: dna062  Platform: Linux  PlatformVersion: 5.14.0-427.37.1.el9_4.x86_64  CompilerName: GCC  CompilerVersion: 8.4.0
ProgramName: mris_divide_parcellation  ProgramArguments: mris_divide_parcellation -all-info  ProgramVersion: 7.3.2  TimeStamp: 2026/03/10-05:10:13-GMT  BuildTime: Aug  4 2022 06:17:15  BuildStamp: freesurfer-linux-ubuntu22_x86_64-7.3.2-20220804-6354275  User: oesteban  Machine: dna062  Platform: Linux  PlatformVersion: 5.14.0-427.37.1.el9_4.x86_64  CompilerName: GCC  CompilerVersion: 8.4.0
ProgramName: mri_segment  ProgramArguments: mri_segment -all-info  ProgramVersion: 7.3.2  TimeStamp: 2026/03/10-05:10:13-GMT  BuildTime: Aug  4 2022 06:17:15  BuildStamp: freesurfer-linux-ubuntu22_x86_64-7.3.2-20220804-6354275  User: oesteban  Machine: dna062  Platform: Linux  PlatformVersion: 5.14.0-427.37.1.el9_4.x86_64  CompilerName: GCC  CompilerVersion: 8.4.0
ProgramName: mri_segstats  ProgramArguments: mri_segstats -all-info  ProgramVersion: 7.3.2  TimeStamp: 2026/03/10-05:10:13-GMT  BuildTime: Aug  4 2022 06:17:15  BuildStamp: freesurfer-linux-ubuntu22_x86_64-7.3.2-20220804-6354275  User: oesteban  Machine: dna062  Platform: Linux  PlatformVersion: 5.14.0-427.37.1.el9_4.x86_64  CompilerName: GCC  CompilerVersion: 8.4.0
ProgramName: mris_euler_number  ProgramArguments: mris_euler_number -all-info  ProgramVersion: 7.3.2  TimeStamp: 2026/03/10-05:10:13-GMT  BuildTime: Aug  4 2022 06:17:15  BuildStamp: freesurfer-linux-ubuntu22_x86_64-7.3.2-20220804-6354275  User: oesteban  Machine: dna062  Platform: Linux  PlatformVersion: 5.14.0-427.37.1.el9_4.x86_64  CompilerName: GCC  CompilerVersion: 8.4.0
ProgramName: mris_fix_topology  ProgramArguments: mris_fix_topology -all-info  ProgramVersion: 7.3.2  TimeStamp: 2026/03/10-05:10:13-GMT  BuildTime: Aug  4 2022 06:17:15  BuildStamp: freesurfer-linux-ubuntu22_x86_64-7.3.2-20220804-6354275  User: oesteban  Machine: dna062  Platform: Linux  PlatformVersion: 5.14.0-427.37.1.el9_4.x86_64  CompilerName: GCC  CompilerVersion: 8.4.0
ProgramName: mris_topo_fixer  ProgramArguments: mris_topo_fixer -all-info  ProgramVersion: 7.3.2  TimeStamp: 2026/03/10-05:10:13-GMT  BuildTime: Aug  4 2022 06:17:15  BuildStamp: freesurfer-linux-ubuntu22_x86_64-7.3.2-20220804-6354275  User: oesteban  Machine: dna062  Platform: Linux  PlatformVersion: 5.14.0-427.37.1.el9_4.x86_64  CompilerName: GCC  CompilerVersion: 8.4.0
ProgramName: mris_jacobian  ProgramArguments: mris_jacobian -all-info  ProgramVersion: 7.3.2  TimeStamp: 2026/03/10-05:10:13-GMT  BuildTime: Aug  4 2022 06:17:15  BuildStamp: freesurfer-linux-ubuntu22_x86_64-7.3.2-20220804-6354275  User: oesteban  Machine: dna062  Platform: Linux  PlatformVersion: 5.14.0-427.37.1.el9_4.x86_64  CompilerName: GCC  CompilerVersion: 8.4.0
ProgramName: mris_label2annot  ProgramArguments: mris_label2annot -all-info  ProgramVersion: 7.3.2  TimeStamp: 2026/03/10-05:10:13-GMT  BuildTime: Aug  4 2022 06:17:15  BuildStamp: freesurfer-linux-ubuntu22_x86_64-7.3.2-20220804-6354275  User: oesteban  Machine: dna062  Platform: Linux  PlatformVersion: 5.14.0-427.37.1.el9_4.x86_64  CompilerName: GCC  CompilerVersion: 8.4.0
ProgramName: mris_left_right_register  ProgramArguments: mris_left_right_register -all-info  ProgramVersion: 7.3.2  TimeStamp: 2026/03/10-05:10:13-GMT  BuildTime: Aug  4 2022 06:17:15  BuildStamp: freesurfer-linux-ubuntu22_x86_64-7.3.2-20220804-6354275  User: oesteban  Machine: dna062  Platform: Linux  PlatformVersion: 5.14.0-427.37.1.el9_4.x86_64  CompilerName: GCC  CompilerVersion: 8.4.0
ProgramName: mris_place_surface  ProgramArguments: mris_place_surface -all-info  ProgramVersion: 7.3.2  TimeStamp: 2026/03/10-05:10:13-GMT  BuildTime: Aug  4 2022 06:17:15  BuildStamp: freesurfer-linux-ubuntu22_x86_64-7.3.2-20220804-6354275  User: oesteban  Machine: dna062  Platform: Linux  PlatformVersion: 5.14.0-427.37.1.el9_4.x86_64  CompilerName: GCC  CompilerVersion: 8.4.0
ProgramName: mrisp_paint  ProgramArguments: mrisp_paint -all-info  ProgramVersion: 7.3.2  TimeStamp: 2026/03/10-05:10:13-GMT  BuildTime: Aug  4 2022 06:17:15  BuildStamp: freesurfer-linux-ubuntu22_x86_64-7.3.2-20220804-6354275  User: oesteban  Machine: dna062  Platform: Linux  PlatformVersion: 5.14.0-427.37.1.el9_4.x86_64  CompilerName: GCC  CompilerVersion: 8.4.0
ProgramName: mris_register  ProgramArguments: mris_register -all-info  ProgramVersion: 7.3.2  TimeStamp: 2026/03/10-05:10:13-GMT  BuildTime: Aug  4 2022 06:17:15  BuildStamp: freesurfer-linux-ubuntu22_x86_64-7.3.2-20220804-6354275  User: oesteban  Machine: dna062  Platform: Linux  PlatformVersion: 5.14.0-427.37.1.el9_4.x86_64  CompilerName: GCC  CompilerVersion: 8.4.0
ProgramName: mris_smooth  ProgramArguments: mris_smooth -all-info  ProgramVersion: 7.3.2  TimeStamp: 2026/03/10-05:10:13-GMT  BuildTime: Aug  4 2022 06:17:15  BuildStamp: freesurfer-linux-ubuntu22_x86_64-7.3.2-20220804-6354275  User: oesteban  Machine: dna062  Platform: Linux  PlatformVersion: 5.14.0-427.37.1.el9_4.x86_64  CompilerName: GCC  CompilerVersion: 8.4.0
ProgramName: mris_sphere  ProgramArguments: mris_sphere -all-info  ProgramVersion: 7.3.2  TimeStamp: 2026/03/10-05:10:13-GMT  BuildTime: Aug  4 2022 06:17:15  BuildStamp: freesurfer-linux-ubuntu22_x86_64-7.3.2-20220804-6354275  User: oesteban  Machine: dna062  Platform: Linux  PlatformVersion: 5.14.0-427.37.1.el9_4.x86_64  CompilerName: GCC  CompilerVersion: 8.4.0
ProgramName: mris_surface_stats  ProgramArguments: mris_surface_stats -all-info  ProgramVersion: 7.3.2  TimeStamp: 2026/03/10-05:10:13-GMT  BuildTime: Aug  4 2022 06:17:15  BuildStamp: freesurfer-linux-ubuntu22_x86_64-7.3.2-20220804-6354275  User: oesteban  Machine: dna062  Platform: Linux  PlatformVersion: 5.14.0-427.37.1.el9_4.x86_64  CompilerName: GCC  CompilerVersion: 8.4.0
ProgramName: mri_stats2seg  ProgramArguments: mri_stats2seg -all-info  ProgramVersion: 7.3.2  TimeStamp: 2026/03/10-05:10:13-GMT  BuildTime: Aug  4 2022 06:17:15  BuildStamp: freesurfer-linux-ubuntu22_x86_64-7.3.2-20220804-6354275  User: oesteban  Machine: dna062  Platform: Linux  PlatformVersion: 5.14.0-427.37.1.el9_4.x86_64  CompilerName: GCC  CompilerVersion: 8.4.0
ProgramName: mris_thickness  ProgramArguments: mris_thickness -all-info  ProgramVersion: 7.3.2  TimeStamp: 2026/03/10-05:10:13-GMT  BuildTime: Aug  4 2022 06:17:15  BuildStamp: freesurfer-linux-ubuntu22_x86_64-7.3.2-20220804-6354275  User: oesteban  Machine: dna062  Platform: Linux  PlatformVersion: 5.14.0-427.37.1.el9_4.x86_64  CompilerName: GCC  CompilerVersion: 8.4.0
ProgramName: mris_thickness_diff  ProgramArguments: mris_thickness_diff -all-info  ProgramVersion: 7.3.2  TimeStamp: 2026/03/10-05:10:13-GMT  BuildTime: Aug  4 2022 06:17:15  BuildStamp: freesurfer-linux-ubuntu22_x86_64-7.3.2-20220804-6354275  User: oesteban  Machine: dna062  Platform: Linux  PlatformVersion: 5.14.0-427.37.1.el9_4.x86_64  CompilerName: GCC  CompilerVersion: 8.4.0
ProgramName: mris_topo_fixer  ProgramArguments: mris_topo_fixer -all-info  ProgramVersion: 7.3.2  TimeStamp: 2026/03/10-05:10:13-GMT  BuildTime: Aug  4 2022 06:17:15  BuildStamp: freesurfer-linux-ubuntu22_x86_64-7.3.2-20220804-6354275  User: oesteban  Machine: dna062  Platform: Linux  PlatformVersion: 5.14.0-427.37.1.el9_4.x86_64  CompilerName: GCC  CompilerVersion: 8.4.0
ProgramName: mri_surf2surf  ProgramArguments: mri_surf2surf -all-info  ProgramVersion: 7.3.2  TimeStamp: 2026/03/10-05:10:13-GMT  BuildTime: Aug  4 2022 06:17:15  BuildStamp: freesurfer-linux-ubuntu22_x86_64-7.3.2-20220804-6354275  User: oesteban  Machine: dna062  Platform: Linux  PlatformVersion: 5.14.0-427.37.1.el9_4.x86_64  CompilerName: GCC  CompilerVersion: 8.4.0
ProgramName: mri_surf2vol  ProgramArguments: mri_surf2vol -all-info  ProgramVersion: 7.3.2  TimeStamp: 2026/03/10-05:10:13-GMT  BuildTime: Aug  4 2022 06:17:15  BuildStamp: freesurfer-linux-ubuntu22_x86_64-7.3.2-20220804-6354275  User: oesteban  Machine: dna062  Platform: Linux  PlatformVersion: 5.14.0-427.37.1.el9_4.x86_64  CompilerName: GCC  CompilerVersion: 8.4.0
ProgramName: mri_surfcluster  ProgramArguments: mri_surfcluster -all-info  ProgramVersion: 7.3.2  TimeStamp: 2026/03/10-05:10:13-GMT  BuildTime: Aug  4 2022 06:17:15  BuildStamp: freesurfer-linux-ubuntu22_x86_64-7.3.2-20220804-6354275  User: oesteban  Machine: dna062  Platform: Linux  PlatformVersion: 5.14.0-427.37.1.el9_4.x86_64  CompilerName: GCC  CompilerVersion: 8.4.0
ProgramName: mris_volmask  ProgramArguments: mris_volmask -all-info  ProgramVersion: 7.3.2  TimeStamp: 2026/03/10-05:10:13-GMT  BuildTime: Aug  4 2022 06:17:15  BuildStamp: freesurfer-linux-ubuntu22_x86_64-7.3.2-20220804-6354275  User: oesteban  Machine: dna062  Platform: Linux  PlatformVersion: 5.14.0-427.37.1.el9_4.x86_64  CompilerName: GCC  CompilerVersion: 8.4.0
ProgramName: mri_tessellate  ProgramArguments: mri_tessellate -all-info  ProgramVersion: 7.3.2  TimeStamp: 2026/03/10-05:10:13-GMT  BuildTime: Aug  4 2022 06:17:15  BuildStamp: freesurfer-linux-ubuntu22_x86_64-7.3.2-20220804-6354275  User: oesteban  Machine: dna062  Platform: Linux  PlatformVersion: 5.14.0-427.37.1.el9_4.x86_64  CompilerName: GCC  CompilerVersion: 8.4.0
ProgramName: mri_vol2surf  ProgramArguments: mri_vol2surf -all-info  ProgramVersion: 7.3.2  TimeStamp: 2026/03/10-05:10:13-GMT  BuildTime: Aug  4 2022 06:17:15  BuildStamp: freesurfer-linux-ubuntu22_x86_64-7.3.2-20220804-6354275  User: oesteban  Machine: dna062  Platform: Linux  PlatformVersion: 5.14.0-427.37.1.el9_4.x86_64  CompilerName: GCC  CompilerVersion: 8.4.0
ProgramName: mri_vol2vol  ProgramArguments: mri_vol2vol -all-info  ProgramVersion: 7.3.2  TimeStamp: 2026/03/10-05:10:13-GMT  BuildTime: Aug  4 2022 06:17:15  BuildStamp: freesurfer-linux-ubuntu22_x86_64-7.3.2-20220804-6354275  User: oesteban  Machine: dna062  Platform: Linux  PlatformVersion: 5.14.0-427.37.1.el9_4.x86_64  CompilerName: GCC  CompilerVersion: 8.4.0
ProgramName: mri_voldiff  ProgramArguments: mri_voldiff -all-info  ProgramVersion: 7.3.2  TimeStamp: 2026/03/10-05:10:13-GMT  BuildTime: Aug  4 2022 06:17:15  BuildStamp: freesurfer-linux-ubuntu22_x86_64-7.3.2-20220804-6354275  User: oesteban  Machine: dna062  Platform: Linux  PlatformVersion: 5.14.0-427.37.1.el9_4.x86_64  CompilerName: GCC  CompilerVersion: 8.4.0
ProgramName: mri_watershed  ProgramArguments: mri_watershed -all-info  ProgramVersion: 7.3.2  TimeStamp: 2026/03/10-05:10:13-GMT  BuildTime: Aug  4 2022 06:17:15  BuildStamp: freesurfer-linux-ubuntu22_x86_64-7.3.2-20220804-6354275  User: oesteban  Machine: dna062  Platform: Linux  PlatformVersion: 5.14.0-427.37.1.el9_4.x86_64  CompilerName: GCC  CompilerVersion: 8.4.0
ProgramName: tkregister2  ProgramArguments: tkregister2_cmdl -all-info  ProgramVersion: 7.3.2  TimeStamp: 2026/03/10-05:10:13-GMT  BuildTime: Aug  4 2022 06:17:15  BuildStamp: freesurfer-linux-ubuntu22_x86_64-7.3.2-20220804-6354275  User: oesteban  Machine: dna062  Platform: Linux  PlatformVersion: 5.14.0-427.37.1.el9_4.x86_64  CompilerName: GCC  CompilerVersion: 8.4.0
mri_motion_correct.fsl 7.3.2
mri_convert -all-info 
ProgramName: mri_convert  ProgramArguments: mri_convert -all-info  ProgramVersion: 7.3.2  TimeStamp: 2026/03/10-05:10:13-GMT  BuildTime: Aug  4 2022 06:17:15  BuildStamp: freesurfer-linux-ubuntu22_x86_64-7.3.2-20220804-6354275  User: oesteban  Machine: dna062  Platform: Linux  PlatformVersion: 5.14.0-427.37.1.el9_4.x86_64  CompilerName: GCC  CompilerVersion: 8.4.0
Program nu_correct, built from:
Package MNI N3, version 1.12.0, compiled by nicks@terrier (x86_64-unknown-linux-gnu) on 2015-06-19 at 01:25:34
#######################################
GCADIR /opt/freesurfer/average
GCA RB_all_2020-01-02.gca
GCASkull RB_all_withskull_2020_01_02.gca
AvgCurvTif folding.atlas.acfb40.noaparc.i12.2016-08-02.tif
GCSDIR /opt/freesurfer/average
GCS DKaparc.atlas.acfb40.noaparc.i12.2016-08-02.gcs
#######################################
#-------------------------------------
#@# EM Registration Tue Mar 10 06:10:13 CET 2026
/out/sourcedata/freesurfer/sub-v1s6x0051369_ses-1/mri

 mri_em_register -uns 3 -mask brainmask.mgz nu.mgz /opt/freesurfer/average/RB_all_2020-01-02.gca transforms/talairach.lta 

setting unknown_nbr_spacing = 3
using MR volume brainmask.mgz to mask input volume...

== Number of threads available to mri_em_register for OpenMP = 16 == 
reading 1 input volumes...
logging results to talairach.log
reading '/opt/freesurfer/average/RB_all_2020-01-02.gca'...
GCAread took 0 minutes and 1 seconds.
average std = 7.2   using min determinant for regularization = 5.2
0 singular and 884 ill-conditioned covariance matrices regularized
reading 'nu.mgz'...
MRImask(): AllowDiffGeom = 1
MRImask(): AllowDiffGeom = 1
MRImask(): AllowDiffGeom = 1
MRImask(): AllowDiffGeom = 1
MRImask(): AllowDiffGeom = 1
freeing gibbs priors...done.
accounting for voxel sizes in initial transform
bounding unknown intensity as < 5.9 or > 519.0 
total sample mean = 79.1 (1017 zeros)
************************************************
spacing=8, using 2841 sample points, tol=1.00e-05...
************************************************
register_mri: find_optimal_transform
find_optimal_transform: nsamples 2841, passno 0, spacing 8
resetting wm mean[0]: 98 --> 107
resetting gm mean[0]: 61 --> 61
input volume #1 is the most T1-like
using real data threshold=26.1
skull bounding box = (63, 35, 30) --> (201, 153, 204)
finding center of left hemi white matter
using (109, 74, 117) as brain centroid of Right_Cerebral_White_Matter...
MRImask(): AllowDiffGeom = 1
mean wm in atlas = 107, using box (92,60,96) --> (125, 88,138) to find MRI wm
before smoothing, mri peak at 106
robust fit to distribution - 106 +- 5.6
after smoothing, mri peak at 106, scaling input intensities by 1.009
scaling channel 0 by 1.00943
initial log_p = -4.497
************************************************
First Search limited to translation only.
************************************************
max log p =    -4.021578 @ (-10.526, 10.526, -10.526)
max log p =    -3.765020 @ (5.263, 5.263, 5.263)
max log p =    -3.687696 @ (2.632, 7.895, 2.632)
max log p =    -3.646760 @ (-1.316, -1.316, -1.316)
max log p =    -3.628934 @ (-0.658, -0.658, -0.658)
max log p =    -3.628934 @ (0.000, 0.000, 0.000)
max log p =    -3.628934 @ (0.000, 0.000, 0.000)
max log p =    -3.628934 @ (0.000, 0.000, 0.000)
Found translation: (-4.6, 21.7, -4.6): log p = -3.629
****************************************
Nine parameter search.  iteration 0 nscales = 0 ...
****************************************
Result so far: scale 1.000: max_log_p=-3.525, old_max_log_p =-3.629 (thresh=-3.6)
 0.99144   0.00000   0.13053  -17.84235;
 0.00000   1.07500   0.00000   14.39204;
-0.13053   0.00000   0.99144   13.48812;
 0.00000   0.00000   0.00000   1.00000;
iteration took 0 minutes and 11 seconds.
****************************************
Nine parameter search.  iteration 1 nscales = 0 ...
****************************************
Result so far: scale 1.000: max_log_p=-3.525, old_max_log_p =-3.525 (thresh=-3.5)
 0.99144   0.00000   0.13053  -17.84235;
 0.00000   1.07500   0.00000   14.39204;
-0.13053   0.00000   0.99144   13.48812;
 0.00000   0.00000   0.00000   1.00000;
reducing scale to 0.2500
iteration took 0 minutes and 11 seconds.
****************************************
Nine parameter search.  iteration 2 nscales = 1 ...
****************************************
Result so far: scale 0.250: max_log_p=-3.391, old_max_log_p =-3.525 (thresh=-3.5)
 1.01229   0.03577   0.10212  -20.70557;
-0.03291   1.09381  -0.00535   15.67103;
-0.09371   0.00243   0.97614   8.15278;
 0.00000   0.00000   0.00000   1.00000;
iteration took 0 minutes and 12 seconds.
****************************************
Nine parameter search.  iteration 3 nscales = 1 ...
****************************************
Result so far: scale 0.250: max_log_p=-3.391, old_max_log_p =-3.391 (thresh=-3.4)
 1.01229   0.03577   0.10212  -20.70557;
-0.03291   1.09381  -0.00535   15.67103;
-0.09371   0.00243   0.97614   8.15278;
 0.00000   0.00000   0.00000   1.00000;
reducing scale to 0.0625
iteration took 0 minutes and 12 seconds.
****************************************
Nine parameter search.  iteration 4 nscales = 2 ...
****************************************
Result so far: scale 0.062: max_log_p=-3.372, old_max_log_p =-3.391 (thresh=-3.4)
 1.01517   0.05385   0.10238  -23.37479;
-0.04964   1.09693  -0.00708   17.74615;
-0.09370   0.00239   0.97614   8.15669;
 0.00000   0.00000   0.00000   1.00000;
iteration took 0 minutes and 12 seconds.
****************************************
Nine parameter search.  iteration 5 nscales = 2 ...
****************************************
Result so far: scale 0.062: max_log_p=-3.369, old_max_log_p =-3.372 (thresh=-3.4)
 1.01704   0.03594   0.10260  -22.33601;
-0.03302   1.09766  -0.00541   15.30260;
-0.09381   0.00239   0.97729   8.04272;
 0.00000   0.00000   0.00000   1.00000;
min search scale 0.025000 reached
***********************************************
Computing MAP estimate using 2841 samples...
***********************************************
dt = 5.00e-06, momentum=0.80, tol=1.00e-05
l_intensity = 1.0000
Aligning input volume to GCA...
Transform matrix
 1.01704   0.03594   0.10260  -22.33601;
-0.03302   1.09766  -0.00541   15.30260;
-0.09381   0.00239   0.97729   8.04272;
 0.00000   0.00000   0.00000   1.00000;
nsamples 2841
Quasinewton: input matrix
 1.01704   0.03594   0.10260  -22.33601;
-0.03302   1.09766  -0.00541   15.30260;
-0.09381   0.00239   0.97729   8.04272;
 0.00000   0.00000   0.00000   1.00000;
 IFLAG= -1  LINE SEARCH FAILED. SEE DOCUMENTATION OF ROUTINE MCSRCH ERROR RETURN OF LINE SEARCH: INFO= 3 POSSIBLE CAUSES: FUNCTION OR GRADIENT ARE INCORRECT OR INCORRECT TOLERANCESoutof QuasiNewtonEMA: 008: -log(p) =   -0.0  tol 0.000010
Resulting transform:
 1.01704   0.03594   0.10260  -22.33601;
-0.03302   1.09766  -0.00541   15.30260;
-0.09381   0.00239   0.97729   8.04272;
 0.00000   0.00000   0.00000   1.00000;

pass 1, spacing 8: log(p) = -3.369 (old=-4.497)
transform before final EM align:
 1.01704   0.03594   0.10260  -22.33601;
-0.03302   1.09766  -0.00541   15.30260;
-0.09381   0.00239   0.97729   8.04272;
 0.00000   0.00000   0.00000   1.00000;

**************************************************
 EM alignment process ...
 Computing final MAP estimate using 315638 samples. 
**************************************************
dt = 5.00e-06, momentum=0.80, tol=1.00e-07
l_intensity = 1.0000
Aligning input volume to GCA...
Transform matrix
 1.01704   0.03594   0.10260  -22.33601;
-0.03302   1.09766  -0.00541   15.30260;
-0.09381   0.00239   0.97729   8.04272;
 0.00000   0.00000   0.00000   1.00000;
nsamples 315638
Quasinewton: input matrix
 1.01704   0.03594   0.10260  -22.33601;
-0.03302   1.09766  -0.00541   15.30260;
-0.09381   0.00239   0.97729   8.04272;
 0.00000   0.00000   0.00000   1.00000;
 IFLAG= -1  LINE SEARCH FAILED. SEE DOCUMENTATION OF ROUTINE MCSRCH ERROR RETURN OF LINE SEARCH: INFO= 3 POSSIBLE CAUSES: FUNCTION OR GRADIENT ARE INCORRECT OR INCORRECT TOLERANCESoutof QuasiNewtonEMA: 010: -log(p) =    3.9  tol 0.000000
final transform:
 1.01704   0.03594   0.10260  -22.33601;
-0.03302   1.09766  -0.00541   15.30260;
-0.09381   0.00239   0.97729   8.04272;
 0.00000   0.00000   0.00000   1.00000;

writing output transformation to transforms/talairach.lta...
#VMPC# mri_em_register VmPeak  891284
FSRUNTIME@ mri_em_register  0.0325 hours 16 threads
registration took 1 minutes and 57 seconds.

Started at Tue Mar 10 06:10:12 CET 2026 
Ended   at Tue Mar 10 06:12:10 CET 2026
#@#%# recon-all-run-time-hours 0.033
recon-all -s sub-v1s6x0051369_ses-1 finished without error at Tue Mar 10 06:12:10 CET 2026



#New# invocation of recon-all 




Tue Mar 10 06:12:14 CET 2026
cd /out/sourcedata/freesurfer/sub-v1s6x0051369_ses-1
setenv SUBJECTS_DIR /out/sourcedata/freesurfer
/opt/freesurfer/bin/recon-all -autorecon2-volonly -openmp 16 -subjid sub-v1s6x0051369_ses-1 -sd /out/sourcedata/freesurfer -nogcareg

subjid sub-v1s6x0051369_ses-1
setenv SUBJECTS_DIR /out/sourcedata/freesurfer
FREESURFER_HOME /opt/freesurfer
Actual FREESURFER_HOME /opt/freesurfer
build-stamp.txt: freesurfer-linux-ubuntu22_x86_64-7.3.2-20220804-6354275
Linux dna062 5.14.0-427.37.1.el9_4.x86_64 #1 SMP PREEMPT_DYNAMIC Fri Sep 13 12:41:50 EDT 2024 x86_64 x86_64 x86_64 GNU/Linux
cputime      unlimited
filesize     unlimited
datasize     unlimited
stacksize    8192 kbytes
coredumpsize 0 kbytes
memoryuse    67108864 kbytes
vmemoryuse   unlimited
descriptors  1024 
memorylocked unlimited
maxproc      2061970 
maxlocks     unlimited
maxsignal    2061970 
maxmessage   819200 
maxnice      0 
maxrtprio    0 
maxrttime    unlimited

               total        used        free      shared  buff/cache   available
Mem:           503Gi        47Gi       405Gi        17Gi        50Gi       435Gi
Swap:             0B          0B          0B

########################################
program versions used
7.3.2 (freesurfer-linux-ubuntu22_x86_64-7.3.2-20220804-6354275)
7.3.2

ProgramName: lta_convert  ProgramArguments: lta_convert -all-info  ProgramVersion: 7.3.2  TimeStamp: 2026/03/10-05:12:14-GMT  BuildTime: Aug  4 2022 06:17:15  BuildStamp: freesurfer-linux-ubuntu22_x86_64-7.3.2-20220804-6354275  User: oesteban  Machine: dna062  Platform: Linux  PlatformVersion: 5.14.0-427.37.1.el9_4.x86_64  CompilerName: GCC  CompilerVersion: 8.4.0
ProgramName: mri_and  ProgramArguments: mri_and -all-info  ProgramVersion: 7.3.2  TimeStamp: 2026/03/10-05:12:14-GMT  BuildTime: Aug  4 2022 06:17:15  BuildStamp: freesurfer-linux-ubuntu22_x86_64-7.3.2-20220804-6354275  User: oesteban  Machine: dna062  Platform: Linux  PlatformVersion: 5.14.0-427.37.1.el9_4.x86_64  CompilerName: GCC  CompilerVersion: 8.4.0
ProgramName: mri_annotation2label  ProgramArguments: mri_annotation2label -all-info  ProgramVersion: 7.3.2  TimeStamp: 2026/03/10-05:12:14-GMT  BuildTime: Aug  4 2022 06:17:15  BuildStamp: freesurfer-linux-ubuntu22_x86_64-7.3.2-20220804-6354275  User: oesteban  Machine: dna062  Platform: Linux  PlatformVersion: 5.14.0-427.37.1.el9_4.x86_64  CompilerName: GCC  CompilerVersion: 8.4.0
ProgramName: mri_aparc2aseg  ProgramArguments: mri_aparc2aseg -all-info  ProgramVersion: 7.3.2  TimeStamp: 2026/03/10-05:12:14-GMT  BuildTime: Aug  4 2022 06:17:15  BuildStamp: freesurfer-linux-ubuntu22_x86_64-7.3.2-20220804-6354275  User: oesteban  Machine: dna062  Platform: Linux  PlatformVersion: 5.14.0-427.37.1.el9_4.x86_64  CompilerName: GCC  CompilerVersion: 8.4.0
ProgramName: mri_surf2volseg  ProgramArguments: mri_surf2volseg -all-info  ProgramVersion: 7.3.2  TimeStamp: 2026/03/10-05:12:14-GMT  BuildTime: Aug  4 2022 06:17:15  BuildStamp: freesurfer-linux-ubuntu22_x86_64-7.3.2-20220804-6354275  User: oesteban  Machine: dna062  Platform: Linux  PlatformVersion: 5.14.0-427.37.1.el9_4.x86_64  CompilerName: GCC  CompilerVersion: 8.4.0
ProgramName: mri_binarize  ProgramArguments: mri_binarize -all-info  ProgramVersion: 7.3.2  TimeStamp: 2026/03/10-05:12:14-GMT  BuildTime: Aug  4 2022 06:17:15  BuildStamp: freesurfer-linux-ubuntu22_x86_64-7.3.2-20220804-6354275  User: oesteban  Machine: dna062  Platform: Linux  PlatformVersion: 5.14.0-427.37.1.el9_4.x86_64  CompilerName: GCC  CompilerVersion: 8.4.0
ProgramName: mri_ca_label  ProgramArguments: mri_ca_label -all-info  ProgramVersion: 7.3.2  TimeStamp: 2026/03/10-05:12:14-GMT  BuildTime: Aug  4 2022 06:17:15  BuildStamp: freesurfer-linux-ubuntu22_x86_64-7.3.2-20220804-6354275  User: oesteban  Machine: dna062  Platform: Linux  PlatformVersion: 5.14.0-427.37.1.el9_4.x86_64  CompilerName: GCC  CompilerVersion: 8.4.0
ProgramName: mri_ca_normalize  ProgramArguments: mri_ca_normalize -all-info  ProgramVersion: 7.3.2  TimeStamp: 2026/03/10-05:12:14-GMT  BuildTime: Aug  4 2022 06:17:15  BuildStamp: freesurfer-linux-ubuntu22_x86_64-7.3.2-20220804-6354275  User: oesteban  Machine: dna062  Platform: Linux  PlatformVersion: 5.14.0-427.37.1.el9_4.x86_64  CompilerName: GCC  CompilerVersion: 8.4.0
ProgramName: mri_ca_register  ProgramArguments: mri_ca_register -all-info  ProgramVersion: 7.3.2  TimeStamp: 2026/03/10-05:12:14-GMT  BuildTime: Aug  4 2022 06:17:15  BuildStamp: freesurfer-linux-ubuntu22_x86_64-7.3.2-20220804-6354275  User: oesteban  Machine: dna062  Platform: Linux  PlatformVersion: 5.14.0-427.37.1.el9_4.x86_64  CompilerName: GCC  CompilerVersion: 8.4.0
ProgramName: mri_cc  ProgramArguments: mri_cc -all-info  ProgramVersion: 7.3.2  TimeStamp: 2026/03/10-05:12:14-GMT  BuildTime: Aug  4 2022 06:17:15  BuildStamp: freesurfer-linux-ubuntu22_x86_64-7.3.2-20220804-6354275  User: oesteban  Machine: dna062  Platform: Linux  PlatformVersion: 5.14.0-427.37.1.el9_4.x86_64  CompilerName: GCC  CompilerVersion: 8.4.0
ProgramName: mri_compute_overlap  ProgramArguments: mri_compute_overlap -all-info  ProgramVersion: 7.3.2  TimeStamp: 2026/03/10-05:12:14-GMT  BuildTime: Aug  4 2022 06:17:15  BuildStamp: freesurfer-linux-ubuntu22_x86_64-7.3.2-20220804-6354275  User: oesteban  Machine: dna062  Platform: Linux  PlatformVersion: 5.14.0-427.37.1.el9_4.x86_64  CompilerName: GCC  CompilerVersion: 8.4.0
ProgramName: mri_compute_seg_overlap  ProgramArguments: mri_compute_seg_overlap -all-info  ProgramVersion: 7.3.2  TimeStamp: 2026/03/10-05:12:14-GMT  BuildTime: Aug  4 2022 06:17:15  BuildStamp: freesurfer-linux-ubuntu22_x86_64-7.3.2-20220804-6354275  User: oesteban  Machine: dna062  Platform: Linux  PlatformVersion: 5.14.0-427.37.1.el9_4.x86_64  CompilerName: GCC  CompilerVersion: 8.4.0
ProgramName: mri_concat  ProgramArguments: mri_concat -all-info  ProgramVersion: 7.3.2  TimeStamp: 2026/03/10-05:12:14-GMT  BuildTime: Aug  4 2022 06:17:15  BuildStamp: freesurfer-linux-ubuntu22_x86_64-7.3.2-20220804-6354275  User: oesteban  Machine: dna062  Platform: Linux  PlatformVersion: 5.14.0-427.37.1.el9_4.x86_64  CompilerName: GCC  CompilerVersion: 8.4.0
ProgramName: mri_concatenate_lta  ProgramArguments: mri_concatenate_lta -all-info  ProgramVersion: 7.3.2  TimeStamp: 2026/03/10-05:12:14-GMT  BuildTime: Aug  4 2022 06:17:15  BuildStamp: freesurfer-linux-ubuntu22_x86_64-7.3.2-20220804-6354275  User: oesteban  Machine: dna062  Platform: Linux  PlatformVersion: 5.14.0-427.37.1.el9_4.x86_64  CompilerName: GCC  CompilerVersion: 8.4.0
mri_convert -all-info 
ProgramName: mri_convert  ProgramArguments: mri_convert -all-info  ProgramVersion: 7.3.2  TimeStamp: 2026/03/10-05:12:14-GMT  BuildTime: Aug  4 2022 06:17:15  BuildStamp: freesurfer-linux-ubuntu22_x86_64-7.3.2-20220804-6354275  User: oesteban  Machine: dna062  Platform: Linux  PlatformVersion: 5.14.0-427.37.1.el9_4.x86_64  CompilerName: GCC  CompilerVersion: 8.4.0
ProgramName: mri_diff  ProgramArguments: mri_diff -all-info  ProgramVersion: 7.3.2  TimeStamp: 2026/03/10-05:12:14-GMT  BuildTime: Aug  4 2022 06:17:15  BuildStamp: freesurfer-linux-ubuntu22_x86_64-7.3.2-20220804-6354275  User: oesteban  Machine: dna062  Platform: Linux  PlatformVersion: 5.14.0-427.37.1.el9_4.x86_64  CompilerName: GCC  CompilerVersion: 8.4.0
ProgramName: mri_edit_wm_with_aseg  ProgramArguments: mri_edit_wm_with_aseg -all-info  ProgramVersion: 7.3.2  TimeStamp: 2026/03/10-05:12:14-GMT  BuildTime: Aug  4 2022 06:17:15  BuildStamp: freesurfer-linux-ubuntu22_x86_64-7.3.2-20220804-6354275  User: oesteban  Machine: dna062  Platform: Linux  PlatformVersion: 5.14.0-427.37.1.el9_4.x86_64  CompilerName: GCC  CompilerVersion: 8.4.0
ProgramName: mri_em_register  ProgramArguments: mri_em_register -all-info  ProgramVersion: 7.3.2  TimeStamp: 2026/03/10-05:12:14-GMT  BuildTime: Aug  4 2022 06:17:15  BuildStamp: freesurfer-linux-ubuntu22_x86_64-7.3.2-20220804-6354275  User: oesteban  Machine: dna062  Platform: Linux  PlatformVersion: 5.14.0-427.37.1.el9_4.x86_64  CompilerName: GCC  CompilerVersion: 8.4.0
ProgramName: mri_fill  ProgramArguments: mri_fill -all-info  ProgramVersion: 7.3.2  TimeStamp: 2026/03/10-05:12:14-GMT  BuildTime: Aug  4 2022 06:17:15  BuildStamp: freesurfer-linux-ubuntu22_x86_64-7.3.2-20220804-6354275  User: oesteban  Machine: dna062  Platform: Linux  PlatformVersion: 5.14.0-427.37.1.el9_4.x86_64  CompilerName: GCC  CompilerVersion: 8.4.0
ProgramName: mri_fuse_segmentations  ProgramArguments: mri_fuse_segmentations -all-info  ProgramVersion: 7.3.2  TimeStamp: 2026/03/10-05:12:14-GMT  BuildTime: Aug  4 2022 06:17:15  BuildStamp: freesurfer-linux-ubuntu22_x86_64-7.3.2-20220804-6354275  User: oesteban  Machine: dna062  Platform: Linux  PlatformVersion: 5.14.0-427.37.1.el9_4.x86_64  CompilerName: GCC  CompilerVersion: 8.4.0
ProgramName: mri_fwhm  ProgramArguments: mri_fwhm -all-info  ProgramVersion: 7.3.2  TimeStamp: 2026/03/10-05:12:14-GMT  BuildTime: Aug  4 2022 06:17:15  BuildStamp: freesurfer-linux-ubuntu22_x86_64-7.3.2-20220804-6354275  User: oesteban  Machine: dna062  Platform: Linux  PlatformVersion: 5.14.0-427.37.1.el9_4.x86_64  CompilerName: GCC  CompilerVersion: 8.4.0
ProgramName: mri_gcut  ProgramArguments: mri_gcut -all-info  ProgramVersion: 7.3.2  TimeStamp: 2026/03/10-05:12:14-GMT  BuildTime: Aug  4 2022 06:17:15  BuildStamp: freesurfer-linux-ubuntu22_x86_64-7.3.2-20220804-6354275  User: oesteban  Machine: dna062  Platform: Linux  PlatformVersion: 5.14.0-427.37.1.el9_4.x86_64  CompilerName: GCC  CompilerVersion: 8.4.0
ProgramName: mri_info  ProgramArguments: mri_info -all-info  ProgramVersion: 7.3.2  TimeStamp: 2026/03/10-05:12:14-GMT  BuildTime: Aug  4 2022 06:17:15  BuildStamp: freesurfer-linux-ubuntu22_x86_64-7.3.2-20220804-6354275  User: oesteban  Machine: dna062  Platform: Linux  PlatformVersion: 5.14.0-427.37.1.el9_4.x86_64  CompilerName: GCC  CompilerVersion: 8.4.0
ProgramName: mri_label2label  ProgramArguments: mri_label2label -all-info  ProgramVersion: 7.3.2  TimeStamp: 2026/03/10-05:12:14-GMT  BuildTime: Aug  4 2022 06:17:15  BuildStamp: freesurfer-linux-ubuntu22_x86_64-7.3.2-20220804-6354275  User: oesteban  Machine: dna062  Platform: Linux  PlatformVersion: 5.14.0-427.37.1.el9_4.x86_64  CompilerName: GCC  CompilerVersion: 8.4.0
ProgramName: mri_label2vol  ProgramArguments: mri_label2vol -all-info  ProgramVersion: 7.3.2  TimeStamp: 2026/03/10-05:12:14-GMT  BuildTime: Aug  4 2022 06:17:15  BuildStamp: freesurfer-linux-ubuntu22_x86_64-7.3.2-20220804-6354275  User: oesteban  Machine: dna062  Platform: Linux  PlatformVersion: 5.14.0-427.37.1.el9_4.x86_64  CompilerName: GCC  CompilerVersion: 8.4.0
ProgramName: mri_log_likelihood  ProgramArguments: mri_log_likelihood -all-info  ProgramVersion: 7.3.2  TimeStamp: 2026/03/10-05:12:14-GMT  BuildTime: Aug  4 2022 06:17:15  BuildStamp: freesurfer-linux-ubuntu22_x86_64-7.3.2-20220804-6354275  User: oesteban  Machine: dna062  Platform: Linux  PlatformVersion: 5.14.0-427.37.1.el9_4.x86_64  CompilerName: GCC  CompilerVersion: 8.4.0
ProgramName: mri_mask  ProgramArguments: mri_mask -all-info  ProgramVersion: 7.3.2  TimeStamp: 2026/03/10-05:12:14-GMT  BuildTime: Aug  4 2022 06:17:15  BuildStamp: freesurfer-linux-ubuntu22_x86_64-7.3.2-20220804-6354275  User: oesteban  Machine: dna062  Platform: Linux  PlatformVersion: 5.14.0-427.37.1.el9_4.x86_64  CompilerName: GCC  CompilerVersion: 8.4.0
ProgramName: mri_matrix_multiply  ProgramArguments: mri_matrix_multiply -all-info  ProgramVersion: 7.3.2  TimeStamp: 2026/03/10-05:12:14-GMT  BuildTime: Aug  4 2022 06:17:15  BuildStamp: freesurfer-linux-ubuntu22_x86_64-7.3.2-20220804-6354275  User: oesteban  Machine: dna062  Platform: Linux  PlatformVersion: 5.14.0-427.37.1.el9_4.x86_64  CompilerName: GCC  CompilerVersion: 8.4.0
ProgramName: mri_normalize  ProgramArguments: mri_normalize -all-info  ProgramVersion: 7.3.2  TimeStamp: 2026/03/10-05:12:14-GMT  BuildTime: Aug  4 2022 06:17:15  BuildStamp: freesurfer-linux-ubuntu22_x86_64-7.3.2-20220804-6354275  User: oesteban  Machine: dna062  Platform: Linux  PlatformVersion: 5.14.0-427.37.1.el9_4.x86_64  CompilerName: GCC  CompilerVersion: 8.4.0
ProgramName: mri_normalize_tp2  ProgramArguments: mri_normalize_tp2 -all-info  ProgramVersion: 7.3.2  TimeStamp: 2026/03/10-05:12:14-GMT  BuildTime: Aug  4 2022 06:17:15  BuildStamp: freesurfer-linux-ubuntu22_x86_64-7.3.2-20220804-6354275  User: oesteban  Machine: dna062  Platform: Linux  PlatformVersion: 5.14.0-427.37.1.el9_4.x86_64  CompilerName: GCC  CompilerVersion: 8.4.0
ProgramName: mri_or  ProgramArguments: mri_or -all-info  ProgramVersion: 7.3.2  TimeStamp: 2026/03/10-05:12:14-GMT  BuildTime: Aug  4 2022 06:17:15  BuildStamp: freesurfer-linux-ubuntu22_x86_64-7.3.2-20220804-6354275  User: oesteban  Machine: dna062  Platform: Linux  PlatformVersion: 5.14.0-427.37.1.el9_4.x86_64  CompilerName: GCC  CompilerVersion: 8.4.0
ProgramName: mri_relabel_hypointensities  ProgramArguments: mri_relabel_hypointensities -all-info  ProgramVersion: 7.3.2  TimeStamp: 2026/03/10-05:12:14-GMT  BuildTime: Aug  4 2022 06:17:15  BuildStamp: freesurfer-linux-ubuntu22_x86_64-7.3.2-20220804-6354275  User: oesteban  Machine: dna062  Platform: Linux  PlatformVersion: 5.14.0-427.37.1.el9_4.x86_64  CompilerName: GCC  CompilerVersion: 8.4.0
ProgramName: mri_relabel_nonwm_hypos  ProgramArguments: mri_relabel_nonwm_hypos -all-info  ProgramVersion: 7.3.2  TimeStamp: 2026/03/10-05:12:14-GMT  BuildTime: Aug  4 2022 06:17:15  BuildStamp: freesurfer-linux-ubuntu22_x86_64-7.3.2-20220804-6354275  User: oesteban  Machine: dna062  Platform: Linux  PlatformVersion: 5.14.0-427.37.1.el9_4.x86_64  CompilerName: GCC  CompilerVersion: 8.4.0
ProgramName: mri_remove_neck  ProgramArguments: mri_remove_neck -all-info  ProgramVersion: 7.3.2  TimeStamp: 2026/03/10-05:12:14-GMT  BuildTime: Aug  4 2022 06:17:15  BuildStamp: freesurfer-linux-ubuntu22_x86_64-7.3.2-20220804-6354275  User: oesteban  Machine: dna062  Platform: Linux  PlatformVersion: 5.14.0-427.37.1.el9_4.x86_64  CompilerName: GCC  CompilerVersion: 8.4.0
7.3.2

ProgramName: mri_robust_register  ProgramArguments: mri_robust_register -all-info  ProgramVersion: 7.3.2  TimeStamp: 2026/03/10-05:12:14-GMT  BuildTime: Aug  4 2022 06:17:15  BuildStamp: freesurfer-linux-ubuntu22_x86_64-7.3.2-20220804-6354275  User: oesteban  Machine: dna062  Platform: Linux  PlatformVersion: 5.14.0-427.37.1.el9_4.x86_64  CompilerName: GCC  CompilerVersion: 8.4.0
7.3.2

ProgramName: mri_robust_template  ProgramArguments: mri_robust_template -all-info  ProgramVersion: 7.3.2  TimeStamp: 2026/03/10-05:12:14-GMT  BuildTime: Aug  4 2022 06:17:15  BuildStamp: freesurfer-linux-ubuntu22_x86_64-7.3.2-20220804-6354275  User: oesteban  Machine: dna062  Platform: Linux  PlatformVersion: 5.14.0-427.37.1.el9_4.x86_64  CompilerName: GCC  CompilerVersion: 8.4.0
ProgramName: mris_anatomical_stats  ProgramArguments: mris_anatomical_stats -all-info  ProgramVersion: 7.3.2  TimeStamp: 2026/03/10-05:12:14-GMT  BuildTime: Aug  4 2022 06:17:15  BuildStamp: freesurfer-linux-ubuntu22_x86_64-7.3.2-20220804-6354275  User: oesteban  Machine: dna062  Platform: Linux  PlatformVersion: 5.14.0-427.37.1.el9_4.x86_64  CompilerName: GCC  CompilerVersion: 8.4.0
ProgramName: mris_ca_label  ProgramArguments: mris_ca_label -all-info  ProgramVersion: 7.3.2  TimeStamp: 2026/03/10-05:12:14-GMT  BuildTime: Aug  4 2022 06:17:15  BuildStamp: freesurfer-linux-ubuntu22_x86_64-7.3.2-20220804-6354275  User: oesteban  Machine: dna062  Platform: Linux  PlatformVersion: 5.14.0-427.37.1.el9_4.x86_64  CompilerName: GCC  CompilerVersion: 8.4.0
ProgramName: mris_calc  ProgramArguments: mris_calc -all-info  ProgramVersion: 7.3.2  TimeStamp: 2026/03/10-05:12:14-GMT  BuildTime: Aug  4 2022 06:17:15  BuildStamp: freesurfer-linux-ubuntu22_x86_64-7.3.2-20220804-6354275  User: oesteban  Machine: dna062  Platform: Linux  PlatformVersion: 5.14.0-427.37.1.el9_4.x86_64  CompilerName: GCC  CompilerVersion: 8.4.0
ProgramName: mris_convert  ProgramArguments: mris_convert -all-info  ProgramVersion: 7.3.2  TimeStamp: 2026/03/10-05:12:14-GMT  BuildTime: Aug  4 2022 06:17:15  BuildStamp: freesurfer-linux-ubuntu22_x86_64-7.3.2-20220804-6354275  User: oesteban  Machine: dna062  Platform: Linux  PlatformVersion: 5.14.0-427.37.1.el9_4.x86_64  CompilerName: GCC  CompilerVersion: 8.4.0
ProgramName: mris_curvature  ProgramArguments: mris_curvature -all-info  ProgramVersion: 7.3.2  TimeStamp: 2026/03/10-05:12:14-GMT  BuildTime: Aug  4 2022 06:17:15  BuildStamp: freesurfer-linux-ubuntu22_x86_64-7.3.2-20220804-6354275  User: oesteban  Machine: dna062  Platform: Linux  PlatformVersion: 5.14.0-427.37.1.el9_4.x86_64  CompilerName: GCC  CompilerVersion: 8.4.0
ProgramName: mris_curvature_stats  ProgramArguments: mris_curvature_stats -all-info  ProgramVersion: 7.3.2  TimeStamp: 2026/03/10-05:12:14-GMT  BuildTime: Aug  4 2022 06:17:15  BuildStamp: freesurfer-linux-ubuntu22_x86_64-7.3.2-20220804-6354275  User: oesteban  Machine: dna062  Platform: Linux  PlatformVersion: 5.14.0-427.37.1.el9_4.x86_64  CompilerName: GCC  CompilerVersion: 8.4.0
ProgramName: mris_diff  ProgramArguments: mris_diff -all-info  ProgramVersion: 7.3.2  TimeStamp: 2026/03/10-05:12:14-GMT  BuildTime: Aug  4 2022 06:17:15  BuildStamp: freesurfer-linux-ubuntu22_x86_64-7.3.2-20220804-6354275  User: oesteban  Machine: dna062  Platform: Linux  PlatformVersion: 5.14.0-427.37.1.el9_4.x86_64  CompilerName: GCC  CompilerVersion: 8.4.0
ProgramName: mris_divide_parcellation  ProgramArguments: mris_divide_parcellation -all-info  ProgramVersion: 7.3.2  TimeStamp: 2026/03/10-05:12:14-GMT  BuildTime: Aug  4 2022 06:17:15  BuildStamp: freesurfer-linux-ubuntu22_x86_64-7.3.2-20220804-6354275  User: oesteban  Machine: dna062  Platform: Linux  PlatformVersion: 5.14.0-427.37.1.el9_4.x86_64  CompilerName: GCC  CompilerVersion: 8.4.0
ProgramName: mri_segment  ProgramArguments: mri_segment -all-info  ProgramVersion: 7.3.2  TimeStamp: 2026/03/10-05:12:14-GMT  BuildTime: Aug  4 2022 06:17:15  BuildStamp: freesurfer-linux-ubuntu22_x86_64-7.3.2-20220804-6354275  User: oesteban  Machine: dna062  Platform: Linux  PlatformVersion: 5.14.0-427.37.1.el9_4.x86_64  CompilerName: GCC  CompilerVersion: 8.4.0
ProgramName: mri_segstats  ProgramArguments: mri_segstats -all-info  ProgramVersion: 7.3.2  TimeStamp: 2026/03/10-05:12:14-GMT  BuildTime: Aug  4 2022 06:17:15  BuildStamp: freesurfer-linux-ubuntu22_x86_64-7.3.2-20220804-6354275  User: oesteban  Machine: dna062  Platform: Linux  PlatformVersion: 5.14.0-427.37.1.el9_4.x86_64  CompilerName: GCC  CompilerVersion: 8.4.0
ProgramName: mris_euler_number  ProgramArguments: mris_euler_number -all-info  ProgramVersion: 7.3.2  TimeStamp: 2026/03/10-05:12:14-GMT  BuildTime: Aug  4 2022 06:17:15  BuildStamp: freesurfer-linux-ubuntu22_x86_64-7.3.2-20220804-6354275  User: oesteban  Machine: dna062  Platform: Linux  PlatformVersion: 5.14.0-427.37.1.el9_4.x86_64  CompilerName: GCC  CompilerVersion: 8.4.0
ProgramName: mris_fix_topology  ProgramArguments: mris_fix_topology -all-info  ProgramVersion: 7.3.2  TimeStamp: 2026/03/10-05:12:14-GMT  BuildTime: Aug  4 2022 06:17:15  BuildStamp: freesurfer-linux-ubuntu22_x86_64-7.3.2-20220804-6354275  User: oesteban  Machine: dna062  Platform: Linux  PlatformVersion: 5.14.0-427.37.1.el9_4.x86_64  CompilerName: GCC  CompilerVersion: 8.4.0
ProgramName: mris_topo_fixer  ProgramArguments: mris_topo_fixer -all-info  ProgramVersion: 7.3.2  TimeStamp: 2026/03/10-05:12:14-GMT  BuildTime: Aug  4 2022 06:17:15  BuildStamp: freesurfer-linux-ubuntu22_x86_64-7.3.2-20220804-6354275  User: oesteban  Machine: dna062  Platform: Linux  PlatformVersion: 5.14.0-427.37.1.el9_4.x86_64  CompilerName: GCC  CompilerVersion: 8.4.0
ProgramName: mris_jacobian  ProgramArguments: mris_jacobian -all-info  ProgramVersion: 7.3.2  TimeStamp: 2026/03/10-05:12:14-GMT  BuildTime: Aug  4 2022 06:17:15  BuildStamp: freesurfer-linux-ubuntu22_x86_64-7.3.2-20220804-6354275  User: oesteban  Machine: dna062  Platform: Linux  PlatformVersion: 5.14.0-427.37.1.el9_4.x86_64  CompilerName: GCC  CompilerVersion: 8.4.0
ProgramName: mris_label2annot  ProgramArguments: mris_label2annot -all-info  ProgramVersion: 7.3.2  TimeStamp: 2026/03/10-05:12:14-GMT  BuildTime: Aug  4 2022 06:17:15  BuildStamp: freesurfer-linux-ubuntu22_x86_64-7.3.2-20220804-6354275  User: oesteban  Machine: dna062  Platform: Linux  PlatformVersion: 5.14.0-427.37.1.el9_4.x86_64  CompilerName: GCC  CompilerVersion: 8.4.0
ProgramName: mris_left_right_register  ProgramArguments: mris_left_right_register -all-info  ProgramVersion: 7.3.2  TimeStamp: 2026/03/10-05:12:14-GMT  BuildTime: Aug  4 2022 06:17:15  BuildStamp: freesurfer-linux-ubuntu22_x86_64-7.3.2-20220804-6354275  User: oesteban  Machine: dna062  Platform: Linux  PlatformVersion: 5.14.0-427.37.1.el9_4.x86_64  CompilerName: GCC  CompilerVersion: 8.4.0
ProgramName: mris_place_surface  ProgramArguments: mris_place_surface -all-info  ProgramVersion: 7.3.2  TimeStamp: 2026/03/10-05:12:14-GMT  BuildTime: Aug  4 2022 06:17:15  BuildStamp: freesurfer-linux-ubuntu22_x86_64-7.3.2-20220804-6354275  User: oesteban  Machine: dna062  Platform: Linux  PlatformVersion: 5.14.0-427.37.1.el9_4.x86_64  CompilerName: GCC  CompilerVersion: 8.4.0
ProgramName: mrisp_paint  ProgramArguments: mrisp_paint -all-info  ProgramVersion: 7.3.2  TimeStamp: 2026/03/10-05:12:14-GMT  BuildTime: Aug  4 2022 06:17:15  BuildStamp: freesurfer-linux-ubuntu22_x86_64-7.3.2-20220804-6354275  User: oesteban  Machine: dna062  Platform: Linux  PlatformVersion: 5.14.0-427.37.1.el9_4.x86_64  CompilerName: GCC  CompilerVersion: 8.4.0
ProgramName: mris_register  ProgramArguments: mris_register -all-info  ProgramVersion: 7.3.2  TimeStamp: 2026/03/10-05:12:14-GMT  BuildTime: Aug  4 2022 06:17:15  BuildStamp: freesurfer-linux-ubuntu22_x86_64-7.3.2-20220804-6354275  User: oesteban  Machine: dna062  Platform: Linux  PlatformVersion: 5.14.0-427.37.1.el9_4.x86_64  CompilerName: GCC  CompilerVersion: 8.4.0
ProgramName: mris_smooth  ProgramArguments: mris_smooth -all-info  ProgramVersion: 7.3.2  TimeStamp: 2026/03/10-05:12:14-GMT  BuildTime: Aug  4 2022 06:17:15  BuildStamp: freesurfer-linux-ubuntu22_x86_64-7.3.2-20220804-6354275  User: oesteban  Machine: dna062  Platform: Linux  PlatformVersion: 5.14.0-427.37.1.el9_4.x86_64  CompilerName: GCC  CompilerVersion: 8.4.0
ProgramName: mris_sphere  ProgramArguments: mris_sphere -all-info  ProgramVersion: 7.3.2  TimeStamp: 2026/03/10-05:12:14-GMT  BuildTime: Aug  4 2022 06:17:15  BuildStamp: freesurfer-linux-ubuntu22_x86_64-7.3.2-20220804-6354275  User: oesteban  Machine: dna062  Platform: Linux  PlatformVersion: 5.14.0-427.37.1.el9_4.x86_64  CompilerName: GCC  CompilerVersion: 8.4.0
ProgramName: mris_surface_stats  ProgramArguments: mris_surface_stats -all-info  ProgramVersion: 7.3.2  TimeStamp: 2026/03/10-05:12:14-GMT  BuildTime: Aug  4 2022 06:17:15  BuildStamp: freesurfer-linux-ubuntu22_x86_64-7.3.2-20220804-6354275  User: oesteban  Machine: dna062  Platform: Linux  PlatformVersion: 5.14.0-427.37.1.el9_4.x86_64  CompilerName: GCC  CompilerVersion: 8.4.0
ProgramName: mri_stats2seg  ProgramArguments: mri_stats2seg -all-info  ProgramVersion: 7.3.2  TimeStamp: 2026/03/10-05:12:14-GMT  BuildTime: Aug  4 2022 06:17:15  BuildStamp: freesurfer-linux-ubuntu22_x86_64-7.3.2-20220804-6354275  User: oesteban  Machine: dna062  Platform: Linux  PlatformVersion: 5.14.0-427.37.1.el9_4.x86_64  CompilerName: GCC  CompilerVersion: 8.4.0
ProgramName: mris_thickness  ProgramArguments: mris_thickness -all-info  ProgramVersion: 7.3.2  TimeStamp: 2026/03/10-05:12:14-GMT  BuildTime: Aug  4 2022 06:17:15  BuildStamp: freesurfer-linux-ubuntu22_x86_64-7.3.2-20220804-6354275  User: oesteban  Machine: dna062  Platform: Linux  PlatformVersion: 5.14.0-427.37.1.el9_4.x86_64  CompilerName: GCC  CompilerVersion: 8.4.0
ProgramName: mris_thickness_diff  ProgramArguments: mris_thickness_diff -all-info  ProgramVersion: 7.3.2  TimeStamp: 2026/03/10-05:12:14-GMT  BuildTime: Aug  4 2022 06:17:15  BuildStamp: freesurfer-linux-ubuntu22_x86_64-7.3.2-20220804-6354275  User: oesteban  Machine: dna062  Platform: Linux  PlatformVersion: 5.14.0-427.37.1.el9_4.x86_64  CompilerName: GCC  CompilerVersion: 8.4.0
ProgramName: mris_topo_fixer  ProgramArguments: mris_topo_fixer -all-info  ProgramVersion: 7.3.2  TimeStamp: 2026/03/10-05:12:14-GMT  BuildTime: Aug  4 2022 06:17:15  BuildStamp: freesurfer-linux-ubuntu22_x86_64-7.3.2-20220804-6354275  User: oesteban  Machine: dna062  Platform: Linux  PlatformVersion: 5.14.0-427.37.1.el9_4.x86_64  CompilerName: GCC  CompilerVersion: 8.4.0
ProgramName: mri_surf2surf  ProgramArguments: mri_surf2surf -all-info  ProgramVersion: 7.3.2  TimeStamp: 2026/03/10-05:12:14-GMT  BuildTime: Aug  4 2022 06:17:15  BuildStamp: freesurfer-linux-ubuntu22_x86_64-7.3.2-20220804-6354275  User: oesteban  Machine: dna062  Platform: Linux  PlatformVersion: 5.14.0-427.37.1.el9_4.x86_64  CompilerName: GCC  CompilerVersion: 8.4.0
ProgramName: mri_surf2vol  ProgramArguments: mri_surf2vol -all-info  ProgramVersion: 7.3.2  TimeStamp: 2026/03/10-05:12:14-GMT  BuildTime: Aug  4 2022 06:17:15  BuildStamp: freesurfer-linux-ubuntu22_x86_64-7.3.2-20220804-6354275  User: oesteban  Machine: dna062  Platform: Linux  PlatformVersion: 5.14.0-427.37.1.el9_4.x86_64  CompilerName: GCC  CompilerVersion: 8.4.0
ProgramName: mri_surfcluster  ProgramArguments: mri_surfcluster -all-info  ProgramVersion: 7.3.2  TimeStamp: 2026/03/10-05:12:14-GMT  BuildTime: Aug  4 2022 06:17:15  BuildStamp: freesurfer-linux-ubuntu22_x86_64-7.3.2-20220804-6354275  User: oesteban  Machine: dna062  Platform: Linux  PlatformVersion: 5.14.0-427.37.1.el9_4.x86_64  CompilerName: GCC  CompilerVersion: 8.4.0
ProgramName: mris_volmask  ProgramArguments: mris_volmask -all-info  ProgramVersion: 7.3.2  TimeStamp: 2026/03/10-05:12:14-GMT  BuildTime: Aug  4 2022 06:17:15  BuildStamp: freesurfer-linux-ubuntu22_x86_64-7.3.2-20220804-6354275  User: oesteban  Machine: dna062  Platform: Linux  PlatformVersion: 5.14.0-427.37.1.el9_4.x86_64  CompilerName: GCC  CompilerVersion: 8.4.0
ProgramName: mri_tessellate  ProgramArguments: mri_tessellate -all-info  ProgramVersion: 7.3.2  TimeStamp: 2026/03/10-05:12:14-GMT  BuildTime: Aug  4 2022 06:17:15  BuildStamp: freesurfer-linux-ubuntu22_x86_64-7.3.2-20220804-6354275  User: oesteban  Machine: dna062  Platform: Linux  PlatformVersion: 5.14.0-427.37.1.el9_4.x86_64  CompilerName: GCC  CompilerVersion: 8.4.0
ProgramName: mri_vol2surf  ProgramArguments: mri_vol2surf -all-info  ProgramVersion: 7.3.2  TimeStamp: 2026/03/10-05:12:14-GMT  BuildTime: Aug  4 2022 06:17:15  BuildStamp: freesurfer-linux-ubuntu22_x86_64-7.3.2-20220804-6354275  User: oesteban  Machine: dna062  Platform: Linux  PlatformVersion: 5.14.0-427.37.1.el9_4.x86_64  CompilerName: GCC  CompilerVersion: 8.4.0
ProgramName: mri_vol2vol  ProgramArguments: mri_vol2vol -all-info  ProgramVersion: 7.3.2  TimeStamp: 2026/03/10-05:12:14-GMT  BuildTime: Aug  4 2022 06:17:15  BuildStamp: freesurfer-linux-ubuntu22_x86_64-7.3.2-20220804-6354275  User: oesteban  Machine: dna062  Platform: Linux  PlatformVersion: 5.14.0-427.37.1.el9_4.x86_64  CompilerName: GCC  CompilerVersion: 8.4.0
ProgramName: mri_voldiff  ProgramArguments: mri_voldiff -all-info  ProgramVersion: 7.3.2  TimeStamp: 2026/03/10-05:12:14-GMT  BuildTime: Aug  4 2022 06:17:15  BuildStamp: freesurfer-linux-ubuntu22_x86_64-7.3.2-20220804-6354275  User: oesteban  Machine: dna062  Platform: Linux  PlatformVersion: 5.14.0-427.37.1.el9_4.x86_64  CompilerName: GCC  CompilerVersion: 8.4.0
ProgramName: mri_watershed  ProgramArguments: mri_watershed -all-info  ProgramVersion: 7.3.2  TimeStamp: 2026/03/10-05:12:14-GMT  BuildTime: Aug  4 2022 06:17:15  BuildStamp: freesurfer-linux-ubuntu22_x86_64-7.3.2-20220804-6354275  User: oesteban  Machine: dna062  Platform: Linux  PlatformVersion: 5.14.0-427.37.1.el9_4.x86_64  CompilerName: GCC  CompilerVersion: 8.4.0
ProgramName: tkregister2  ProgramArguments: tkregister2_cmdl -all-info  ProgramVersion: 7.3.2  TimeStamp: 2026/03/10-05:12:14-GMT  BuildTime: Aug  4 2022 06:17:15  BuildStamp: freesurfer-linux-ubuntu22_x86_64-7.3.2-20220804-6354275  User: oesteban  Machine: dna062  Platform: Linux  PlatformVersion: 5.14.0-427.37.1.el9_4.x86_64  CompilerName: GCC  CompilerVersion: 8.4.0
mri_motion_correct.fsl 7.3.2
mri_convert -all-info 
ProgramName: mri_convert  ProgramArguments: mri_convert -all-info  ProgramVersion: 7.3.2  TimeStamp: 2026/03/10-05:12:14-GMT  BuildTime: Aug  4 2022 06:17:15  BuildStamp: freesurfer-linux-ubuntu22_x86_64-7.3.2-20220804-6354275  User: oesteban  Machine: dna062  Platform: Linux  PlatformVersion: 5.14.0-427.37.1.el9_4.x86_64  CompilerName: GCC  CompilerVersion: 8.4.0
Program nu_correct, built from:
Package MNI N3, version 1.12.0, compiled by nicks@terrier (x86_64-unknown-linux-gnu) on 2015-06-19 at 01:25:34
#######################################
GCADIR /opt/freesurfer/average
GCA RB_all_2020-01-02.gca
GCASkull RB_all_withskull_2020_01_02.gca
AvgCurvTif folding.atlas.acfb40.noaparc.i12.2016-08-02.tif
GCSDIR /opt/freesurfer/average
GCS DKaparc.atlas.acfb40.noaparc.i12.2016-08-02.gcs
#######################################
#--------------------------------------
#@# CA Normalize Tue Mar 10 06:12:14 CET 2026
/out/sourcedata/freesurfer/sub-v1s6x0051369_ses-1/mri

 mri_ca_normalize -c ctrl_pts.mgz -mask brainmask.mgz nu.mgz /opt/freesurfer/average/RB_all_2020-01-02.gca transforms/talairach.lta norm.mgz 

writing control point volume to ctrl_pts.mgz
using MR volume brainmask.mgz to mask input volume...
reading 1 input volume
reading atlas from '/opt/freesurfer/average/RB_all_2020-01-02.gca'...
reading transform from 'transforms/talairach.lta'...
reading input volume from nu.mgz...
resetting wm mean[0]: 98 --> 107
resetting gm mean[0]: 61 --> 61
input volume #1 is the most T1-like
using real data threshold=26.1
skull bounding box = (63, 35, 30) --> (201, 153, 204)
finding center of left hemi white matter
using (109, 74, 117) as brain centroid of Right_Cerebral_White_Matter...
mean wm in atlas = 107, using box (92,60,96) --> (125, 88,138) to find MRI wm
before smoothing, mri peak at 106
robust fit to distribution - 106 +- 5.6
after smoothing, mri peak at 106, scaling input intensities by 1.009
scaling channel 0 by 1.00943
using 246437 sample points...
INFO: compute sample coordinates transform
 1.01704   0.03594   0.10260  -22.33601;
-0.03302   1.09766  -0.00541   15.30260;
-0.09381   0.00239   0.97729   8.04272;
 0.00000   0.00000   0.00000   1.00000;
INFO: transform used
finding control points in Left_Cerebral_White_Matter....
found 40230 control points for structure...
bounding box (127, 38, 32) --> (197, 146, 203)
Left_Cerebral_White_Matter: limiting intensities to 91.0 --> 132.0
0 of 311 (0.0%) samples deleted
finding control points in Right_Cerebral_White_Matter....
found 39478 control points for structure...
bounding box (68, 37, 30) --> (135, 146, 201)
Right_Cerebral_White_Matter: limiting intensities to 95.0 --> 132.0
0 of 642 (0.0%) samples deleted
finding control points in Left_Cerebellum_White_Matter....
found 3105 control points for structure...
bounding box (134, 113, 55) --> (182, 156, 110)
Left_Cerebellum_White_Matter: limiting intensities to 116.0 --> 132.0
4 of 10 (40.0%) samples deleted
finding control points in Right_Cerebellum_White_Matter....
found 2710 control points for structure...
bounding box (89, 113, 50) --> (135, 154, 109)
Right_Cerebellum_White_Matter: limiting intensities to 110.0 --> 132.0
1 of 9 (11.1%) samples deleted
finding control points in Brain_Stem....
found 3475 control points for structure...
bounding box (114, 109, 89) --> (148, 171, 122)
Brain_Stem: limiting intensities to 92.0 --> 132.0
2 of 15 (13.3%) samples deleted
using 987 total control points for intensity normalization...
bias field = 0.966 +- 0.056
16 of 980 control points discarded
finding control points in Left_Cerebral_White_Matter....
found 40230 control points for structure...
bounding box (127, 38, 32) --> (197, 146, 203)
Left_Cerebral_White_Matter: limiting intensities to 88.0 --> 132.0
1 of 476 (0.2%) samples deleted
finding control points in Right_Cerebral_White_Matter....
found 39478 control points for structure...
bounding box (68, 37, 30) --> (135, 146, 201)
Right_Cerebral_White_Matter: limiting intensities to 90.0 --> 132.0
0 of 854 (0.0%) samples deleted
finding control points in Left_Cerebellum_White_Matter....
found 3105 control points for structure...
bounding box (134, 113, 55) --> (182, 156, 110)
Left_Cerebellum_White_Matter: limiting intensities to 104.0 --> 132.0
41 of 59 (69.5%) samples deleted
finding control points in Right_Cerebellum_White_Matter....
found 2710 control points for structure...
bounding box (89, 113, 50) --> (135, 154, 109)
Right_Cerebellum_White_Matter: limiting intensities to 93.0 --> 132.0
15 of 39 (38.5%) samples deleted
finding control points in Brain_Stem....
found 3475 control points for structure...
bounding box (114, 109, 89) --> (148, 171, 122)
Brain_Stem: limiting intensities to 98.0 --> 132.0
56 of 97 (57.7%) samples deleted
using 1525 total control points for intensity normalization...
bias field = 1.001 +- 0.073
12 of 1393 control points discarded
finding control points in Left_Cerebral_White_Matter....
found 40230 control points for structure...
bounding box (127, 38, 32) --> (197, 146, 203)
Left_Cerebral_White_Matter: limiting intensities to 88.0 --> 132.0
4 of 549 (0.7%) samples deleted
finding control points in Right_Cerebral_White_Matter....
found 39478 control points for structure...
bounding box (68, 37, 30) --> (135, 146, 201)
Right_Cerebral_White_Matter: limiting intensities to 89.0 --> 132.0
0 of 907 (0.0%) samples deleted
finding control points in Left_Cerebellum_White_Matter....
found 3105 control points for structure...
bounding box (134, 113, 55) --> (182, 156, 110)
Left_Cerebellum_White_Matter: limiting intensities to 88.0 --> 132.0
30 of 79 (38.0%) samples deleted
finding control points in Right_Cerebellum_White_Matter....
found 2710 control points for structure...
bounding box (89, 113, 50) --> (135, 154, 109)
Right_Cerebellum_White_Matter: limiting intensities to 88.0 --> 132.0
27 of 83 (32.5%) samples deleted
finding control points in Brain_Stem....
found 3475 control points for structure...
bounding box (114, 109, 89) --> (148, 171, 122)
Brain_Stem: limiting intensities to 88.0 --> 132.0
119 of 179 (66.5%) samples deleted
using 1797 total control points for intensity normalization...
bias field = 1.015 +- 0.059
1 of 1586 control points discarded
writing normalized volume to norm.mgz...
writing control points to ctrl_pts.mgz
freeing GCA...done.
normalization took 1 minutes and 24 seconds.
#--------------------------------------
#@# CA Reg Tue Mar 10 06:13:38 CET 2026
/out/sourcedata/freesurfer/sub-v1s6x0051369_ses-1/mri

 mri_ca_register -nobigventricles -T transforms/talairach.lta -align-after -mask brainmask.mgz norm.mgz /opt/freesurfer/average/RB_all_2020-01-02.gca transforms/talairach.m3z 

not handling expanded ventricles...
using previously computed transform transforms/talairach.lta
renormalizing sequences with structure alignment, equivalent to:
	-renormalize
	-regularize_mean 0.500
	-regularize 0.500
using MR volume brainmask.mgz to mask input volume...

== Number of threads available to mri_ca_register for OpenMP = 16 == 
reading 1 input volumes...
logging results to talairach.log
reading input volume 'norm.mgz'...
reading GCA '/opt/freesurfer/average/RB_all_2020-01-02.gca'...
label assignment complete, 0 changed (0.00%)
freeing gibbs priors...done.
average std[0] = 5.0
Starting GCAMregister()
label assignment complete, 0 changed (0.00%)
npasses = 1, nlevels = 6
#pass# 1 of 1 ************************
enabling zero nodes
setting smoothness cost coefficient to 0.156

#GCAMreg# pass 0 level1 5 level2 0 tsec 0 sigma 2
l_jacobian=1.00 l_label=1.00 l_log_likelihood=0.20 l_smoothness=0.16 
tol=2.50e-01, dt=5.00e-02, exp_k=20.0, momentum=0.90, levels=6, niter=500, lbl_dist=10.00, avgs=256, sigma=2.0,type=2, relabel=0, neg=no

blurring input image with Gaussian with sigma=2.000...
GCAMRegisterLevel(): init RMS 0.848951
#FOTS# QuadFit found better minimum quadopt=(dt=221.952,rms=0.75611) vs oldopt=(dt=369.92,rms=0.789247)
#GCMRL#    0 dt 221.952000 rms  0.756 10.936% neg 0  invalid 762 tFOTS 4.3170 tGradient 3.3180 tsec 7.9360
#FOTS# QuadFit found better minimum quadopt=(dt=182.606,rms=0.73532) vs oldopt=(dt=92.48,rms=0.740519)
#GCMRL#    1 dt 182.605505 rms  0.735  2.750% neg 0  invalid 762 tFOTS 4.0360 tGradient 3.0750 tsec 7.3970
#FOTS# QuadFit found better minimum quadopt=(dt=179.745,rms=0.726047) vs oldopt=(dt=92.48,rms=0.728614)
#GCMRL#    2 dt 179.744681 rms  0.726  1.261% neg 0  invalid 762 tFOTS 3.8370 tGradient 2.9940 tsec 7.1250
#FOTS# QuadFit found better minimum quadopt=(dt=221.952,rms=0.719651) vs oldopt=(dt=369.92,rms=0.721854)
#GCMRL#    3 dt 221.952000 rms  0.720  0.881% neg 0  invalid 762 tFOTS 3.5950 tGradient 2.9920 tsec 6.8790
#FOTS# QuadFit found better minimum quadopt=(dt=143.012,rms=0.715839) vs oldopt=(dt=92.48,rms=0.716549)
#GCMRL#    4 dt 143.012346 rms  0.716  0.530% neg 0  invalid 762 tFOTS 4.0060 tGradient 2.8850 tsec 7.1860
#GCMRL#    5 dt 369.920000 rms  0.711  0.615% neg 0  invalid 762 tFOTS 3.7800 tGradient 2.9890 tsec 7.0640
#FOTS# QuadFit found better minimum quadopt=(dt=129.472,rms=0.70905) vs oldopt=(dt=92.48,rms=0.709235)
#GCMRL#    6 dt 129.472000 rms  0.709  0.335% neg 0  invalid 762 tFOTS 4.0420 tGradient 2.9710 tsec 7.3070
#FOTS# QuadFit found better minimum quadopt=(dt=443.904,rms=0.706496) vs oldopt=(dt=369.92,rms=0.706589)
#GCMRL#    7 dt 443.904000 rms  0.706  0.360% neg 0  invalid 762 tFOTS 3.8280 tGradient 3.0140 tsec 7.1370
#FOTS# QuadFit found better minimum quadopt=(dt=110.976,rms=0.704662) vs oldopt=(dt=92.48,rms=0.704747)
#GCMRL#    8 dt 110.976000 rms  0.705  0.260% neg 0  invalid 762 tFOTS 4.0540 tGradient 2.9810 tsec 7.3310
#GCMRL#    9 dt 1479.680000 rms  0.700  0.655% neg 0  invalid 762 tFOTS 3.7580 tGradient 3.2670 tsec 7.3200
#GCMRL#   10 dt  92.480000 rms  0.698  0.358% neg 0  invalid 762 tFOTS 3.9870 tGradient 3.1010 tsec 7.3790
#FOTS# QuadFit found better minimum quadopt=(dt=443.904,rms=0.697049) vs oldopt=(dt=369.92,rms=0.69707)
#GCMRL#   11 dt 443.904000 rms  0.697  0.000% neg 0  invalid 762 tFOTS 4.2400 tGradient 3.0840 tsec 7.6530

#GCAMreg# pass 0 level1 5 level2 1 tsec 100.722 sigma 0.5
l_jacobian=1.00 l_label=1.00 l_log_likelihood=0.20 l_smoothness=0.16 
tol=2.50e-01, dt=5.00e-02, exp_k=20.0, momentum=0.90, levels=6, niter=500, lbl_dist=10.00, avgs=256, sigma=0.5,type=2, relabel=0, neg=no

blurring input image with Gaussian with sigma=0.500...
GCAMRegisterLevel(): init RMS 0.697562
#FOTS# QuadFit found better minimum quadopt=(dt=129.472,rms=0.695805) vs oldopt=(dt=92.48,rms=0.696056)
#GCMRL#   13 dt 129.472000 rms  0.696  0.252% neg 0  invalid 762 tFOTS 3.9250 tGradient 3.2110 tsec 7.4480
#FOTS# QuadFit found better minimum quadopt=(dt=517.888,rms=0.694905) vs oldopt=(dt=369.92,rms=0.695013)
#GCMRL#   14 dt 517.888000 rms  0.695  0.000% neg 0  invalid 762 tFOTS 5.0100 tGradient 3.4700 tsec 8.9080
#GCMRL#   15 dt 517.888000 rms  0.694  0.191% neg 0  invalid 762 tFOTS 0.0000 tGradient 3.0310 tsec 3.3390
#GCMRL#   16 dt 517.888000 rms  0.693  0.106% neg 0  invalid 762 tFOTS 0.0000 tGradient 3.0450 tsec 3.3460
#GCMRL#   17 dt 517.888000 rms  0.690  0.339% neg 0  invalid 762 tFOTS 0.0000 tGradient 2.9850 tsec 3.2850
#GCMRL#   18 dt 517.888000 rms  0.690  0.082% neg 0  invalid 762 tFOTS 0.0000 tGradient 3.0930 tsec 3.3910
#GCMRL#   19 dt 517.888000 rms  0.690  0.036% neg 0  invalid 762 tFOTS 0.0000 tGradient 3.0310 tsec 3.3530
#FOTS# QuadFit found better minimum quadopt=(dt=110.976,rms=0.686127) vs oldopt=(dt=92.48,rms=0.686298)
#GCMRL#   20 dt 110.976000 rms  0.686  0.515% neg 0  invalid 762 tFOTS 4.4240 tGradient 3.0760 tsec 7.8080
#FOTS# QuadFit found better minimum quadopt=(dt=129.472,rms=0.686064) vs oldopt=(dt=92.48,rms=0.686086)
#GCMRL#   21 dt 129.472000 rms  0.686  0.000% neg 0  invalid 762 tFOTS 4.5230 tGradient 2.9740 tsec 7.8460
#GCMRL#   22 dt 129.472000 rms  0.686  0.013% neg 0  invalid 762 tFOTS 0.0000 tGradient 2.9740 tsec 3.2800
#GCMRL#   23 dt 129.472000 rms  0.686  0.026% neg 0  invalid 762 tFOTS 0.0000 tGradient 3.0260 tsec 3.3240
#GCMRL#   24 dt 129.472000 rms  0.686  0.036% neg 0  invalid 762 tFOTS 0.0000 tGradient 2.9430 tsec 3.2410
#GCMRL#   25 dt 129.472000 rms  0.685  0.043% neg 0  invalid 762 tFOTS 0.0000 tGradient 3.0440 tsec 3.3430
#GCMRL#   26 dt 129.472000 rms  0.685  0.042% neg 0  invalid 762 tFOTS 0.0000 tGradient 3.0790 tsec 3.3680
#GCMRL#   27 dt 129.472000 rms  0.685  0.045% neg 0  invalid 762 tFOTS 0.0000 tGradient 2.8980 tsec 3.1820
#GCMRL#   28 dt 129.472000 rms  0.684  0.046% neg 0  invalid 762 tFOTS 0.0000 tGradient 2.8910 tsec 3.1780
#GCMRL#   29 dt 129.472000 rms  0.684  0.050% neg 0  invalid 762 tFOTS 0.0000 tGradient 2.7990 tsec 3.0860
#GCMRL#   30 dt 129.472000 rms  0.684  0.052% neg 0  invalid 762 tFOTS 0.0000 tGradient 2.9220 tsec 3.2090
#GCMRL#   31 dt 129.472000 rms  0.683  0.059% neg 0  invalid 762 tFOTS 0.0000 tGradient 2.9250 tsec 3.2150
#GCMRL#   32 dt 129.472000 rms  0.683  0.058% neg 0  invalid 762 tFOTS 0.0000 tGradient 2.8330 tsec 3.1430
setting smoothness cost coefficient to 0.615

#GCAMreg# pass 0 level1 4 level2 0 tsec 0 sigma 2
l_jacobian=1.00 l_label=1.00 l_log_likelihood=0.20 l_smoothness=0.62 
tol=2.50e-01, dt=5.00e-02, exp_k=20.0, momentum=0.90, levels=6, niter=500, lbl_dist=10.00, avgs=64, sigma=2.0,type=2, relabel=0, neg=no

blurring input image with Gaussian with sigma=2.000...
GCAMRegisterLevel(): init RMS 0.692627
#FOTS# QuadFit found better minimum quadopt=(dt=36.288,rms=0.691364) vs oldopt=(dt=25.92,rms=0.691455)
#GCMRL#   34 dt  36.288000 rms  0.691  0.182% neg 0  invalid 762 tFOTS 4.0990 tGradient 2.2940 tsec 6.6900
#FOTS# QuadFit found better minimum quadopt=(dt=63.1467,rms=0.690554) vs oldopt=(dt=103.68,rms=0.690777)
#GCMRL#   35 dt  63.146667 rms  0.691  0.000% neg 0  invalid 762 tFOTS 4.3600 tGradient 2.1710 tsec 6.8510
#GCMRL#   36 dt  63.146667 rms  0.689  0.257% neg 0  invalid 762 tFOTS 0.0000 tGradient 2.2210 tsec 2.5090
#GCMRL#   37 dt  63.146667 rms  0.686  0.402% neg 0  invalid 762 tFOTS 0.0000 tGradient 2.2780 tsec 2.5650
#GCMRL#   38 dt  63.146667 rms  0.683  0.448% neg 0  invalid 762 tFOTS 0.0000 tGradient 2.2410 tsec 2.5270
#GCMRL#   39 dt  63.146667 rms  0.679  0.533% neg 0  invalid 762 tFOTS 0.0000 tGradient 2.2570 tsec 2.5390
#GCMRL#   40 dt  63.146667 rms  0.675  0.586% neg 0  invalid 762 tFOTS 0.0000 tGradient 2.2190 tsec 2.5080
#GCMRL#   41 dt  63.146667 rms  0.671  0.584% neg 0  invalid 762 tFOTS 0.0000 tGradient 2.2150 tsec 2.5010
#GCMRL#   42 dt  63.146667 rms  0.668  0.491% neg 0  invalid 762 tFOTS 0.0000 tGradient 2.2720 tsec 2.5560
#GCMRL#   43 dt  63.146667 rms  0.666  0.355% neg 0  invalid 762 tFOTS 0.0000 tGradient 2.2070 tsec 2.4940
#GCMRL#   44 dt  63.146667 rms  0.664  0.198% neg 0  invalid 762 tFOTS 0.0000 tGradient 2.2630 tsec 2.5480
#GCMRL#   45 dt  63.146667 rms  0.664  0.082% neg 0  invalid 762 tFOTS 0.0000 tGradient 2.1600 tsec 2.4490
#GCMRL#   46 dt  63.146667 rms  0.664  0.016% neg 0  invalid 762 tFOTS 0.0000 tGradient 2.2520 tsec 2.5610
#FOTS# QuadFit found better minimum quadopt=(dt=145.152,rms=0.663277) vs oldopt=(dt=103.68,rms=0.663345)
#GCMRL#   47 dt 145.152000 rms  0.663  0.069% neg 0  invalid 762 tFOTS 4.1740 tGradient 2.1760 tsec 6.6520

#GCAMreg# pass 0 level1 4 level2 1 tsec 63.94 sigma 0.5
l_jacobian=1.00 l_label=1.00 l_log_likelihood=0.20 l_smoothness=0.62 
tol=2.50e-01, dt=5.00e-02, exp_k=20.0, momentum=0.90, levels=6, niter=500, lbl_dist=10.00, avgs=64, sigma=0.5,type=2, relabel=0, neg=no

blurring input image with Gaussian with sigma=0.500...
GCAMRegisterLevel(): init RMS 0.663772
#FOTS# QuadFit found better minimum quadopt=(dt=-0.00488281,rms=0.663278) vs oldopt=(dt=0.0010125,rms=0.663278)
#GCMRL#   49 dt  -0.004883 rms  0.663  0.074% neg 0  invalid 762 tFOTS 5.5010 tGradient 2.1550 tsec 7.9580
setting smoothness cost coefficient to 2.353

#GCAMreg# pass 0 level1 3 level2 0 tsec 0 sigma 2
l_jacobian=1.00 l_label=1.00 l_log_likelihood=0.20 l_smoothness=2.35 
tol=2.50e-01, dt=5.00e-02, exp_k=20.0, momentum=0.90, levels=6, niter=500, lbl_dist=10.00, avgs=16, sigma=2.0,type=2, relabel=0, neg=no

blurring input image with Gaussian with sigma=2.000...
GCAMRegisterLevel(): init RMS 0.696874
#FOTS# QuadFit found better minimum quadopt=(dt=1.6,rms=0.696241) vs oldopt=(dt=2,rms=0.69626)
#GCMRL#   51 dt   1.600000 rms  0.696  0.091% neg 0  invalid 762 tFOTS 3.8670 tGradient 1.7660 tsec 5.9330

#GCAMreg# pass 0 level1 3 level2 1 tsec 22.567 sigma 0.5
l_jacobian=1.00 l_label=1.00 l_log_likelihood=0.20 l_smoothness=2.35 
tol=2.50e-01, dt=5.00e-02, exp_k=20.0, momentum=0.90, levels=6, niter=500, lbl_dist=10.00, avgs=16, sigma=0.5,type=2, relabel=0, neg=no

blurring input image with Gaussian with sigma=0.500...
GCAMRegisterLevel(): init RMS 0.696717
#FOTS# QuadFit found better minimum quadopt=(dt=0.175,rms=0.696238) vs oldopt=(dt=0.125,rms=0.696239)
#GCMRL#   53 dt   0.175000 rms  0.696  0.069% neg 0  invalid 762 tFOTS 3.8980 tGradient 1.7820 tsec 5.9790
#FOTS# QuadFit found better minimum quadopt=(dt=0.1,rms=0.696238) vs oldopt=(dt=0.125,rms=0.696238)
#GCMRL#   54 dt   0.100000 rms  0.696  0.000% neg 0  invalid 762 tFOTS 3.8980 tGradient 1.9160 tsec 6.1330
setting smoothness cost coefficient to 8.000

#GCAMreg# pass 0 level1 2 level2 0 tsec 0 sigma 2
l_jacobian=1.00 l_label=1.00 l_log_likelihood=0.20 l_smoothness=8.00 
tol=2.50e-01, dt=5.00e-02, exp_k=20.0, momentum=0.90, levels=6, niter=500, lbl_dist=10.00, avgs=4, sigma=2.0,type=2, relabel=0, neg=no

blurring input image with Gaussian with sigma=2.000...
GCAMRegisterLevel(): init RMS 0.786455
#FOTS# QuadFit found better minimum quadopt=(dt=2.60753,rms=0.758768) vs oldopt=(dt=2.88,rms=0.759076)
#GCMRL#   56 dt   2.607535 rms  0.759  3.521% neg 0  invalid 762 tFOTS 3.8460 tGradient 1.5790 tsec 5.7210
#FOTS# QuadFit found better minimum quadopt=(dt=2.05394,rms=0.754858) vs oldopt=(dt=2.88,rms=0.755498)
#GCMRL#   57 dt   2.053942 rms  0.755  0.515% neg 0  invalid 762 tFOTS 3.8440 tGradient 1.6160 tsec 5.7580
#FOTS# QuadFit found better minimum quadopt=(dt=1.65385,rms=0.753781) vs oldopt=(dt=0.72,rms=0.754158)
#GCMRL#   58 dt   1.653846 rms  0.754  0.000% neg 0  invalid 762 tFOTS 3.8330 tGradient 1.6410 tsec 5.7890

#GCAMreg# pass 0 level1 2 level2 1 tsec 28.827 sigma 0.5
l_jacobian=1.00 l_label=1.00 l_log_likelihood=0.20 l_smoothness=8.00 
tol=2.50e-01, dt=5.00e-02, exp_k=20.0, momentum=0.90, levels=6, niter=500, lbl_dist=10.00, avgs=4, sigma=0.5,type=2, relabel=0, neg=no

blurring input image with Gaussian with sigma=0.500...
GCAMRegisterLevel(): init RMS 0.754281
#FOTS# QuadFit found better minimum quadopt=(dt=0.01575,rms=0.753777) vs oldopt=(dt=0.01125,rms=0.753777)
#GCMRL#   60 dt   0.015750 rms  0.754  0.067% neg 0  invalid 762 tFOTS 4.1030 tGradient 1.6800 tsec 6.0830
#FOTS# QuadFit found better minimum quadopt=(dt=0.01575,rms=0.753776) vs oldopt=(dt=0.01125,rms=0.753776)
#GCMRL#   61 dt   0.015750 rms  0.754  0.000% neg 0  invalid 762 tFOTS 4.0310 tGradient 1.6610 tsec 6.0160
#GCMRL#   62 dt   0.015750 rms  0.754  0.000% neg 0  invalid 762 tFOTS 0.0000 tGradient 1.6790 tsec 1.9800
setting smoothness cost coefficient to 20.000

#GCAMreg# pass 0 level1 1 level2 0 tsec 0 sigma 2
l_jacobian=1.00 l_label=1.00 l_log_likelihood=0.20 l_smoothness=20.00 
tol=2.50e-01, dt=5.00e-02, exp_k=20.0, momentum=0.90, levels=6, niter=500, lbl_dist=10.00, avgs=1, sigma=2.0,type=2, relabel=0, neg=no

blurring input image with Gaussian with sigma=2.000...
GCAMRegisterLevel(): init RMS 0.822432
#FOTS# QuadFit found better minimum quadopt=(dt=0.384,rms=0.820704) vs oldopt=(dt=0.32,rms=0.820718)
#GCMRL#   64 dt   0.384000 rms  0.821  0.210% neg 0  invalid 762 tFOTS 4.1220 tGradient 1.5710 tsec 5.9980
#FOTS# QuadFit found better minimum quadopt=(dt=1.024,rms=0.81362) vs oldopt=(dt=1.28,rms=0.813899)
#GCMRL#   65 dt   1.024000 rms  0.814  0.863% neg 0  invalid 762 tFOTS 3.9110 tGradient 1.4120 tsec 5.6300
#FOTS# QuadFit found better minimum quadopt=(dt=0.192,rms=0.812029) vs oldopt=(dt=0.32,rms=0.81251)
#GCMRL#   66 dt   0.192000 rms  0.812  0.000% neg 0  invalid 762 tFOTS 3.8080 tGradient 1.4600 tsec 5.5980
#GCMRL#   67 dt   0.192000 rms  0.812  0.064% neg 0  invalid 762 tFOTS 0.0000 tGradient 1.4360 tsec 1.7320
#GCMRL#   68 dt   0.192000 rms  0.811  0.066% neg 0  invalid 762 tFOTS 0.0000 tGradient 1.4790 tsec 1.7740
#GCMRL#   69 dt   0.192000 rms  0.809  0.238% neg 0  invalid 762 tFOTS 0.0000 tGradient 1.4380 tsec 1.7310
#GCMRL#   70 dt   0.192000 rms  0.806  0.388% neg 0  invalid 762 tFOTS 0.0000 tGradient 1.4690 tsec 1.7660
#GCMRL#   71 dt   0.192000 rms  0.803  0.322% neg 0  invalid 762 tFOTS 0.0000 tGradient 1.4810 tsec 1.7780
#GCMRL#   72 dt   0.192000 rms  0.802  0.185% neg 0  invalid 762 tFOTS 0.0000 tGradient 1.5180 tsec 1.8140
#GCMRL#   73 dt   0.192000 rms  0.801  0.052% neg 0  invalid 762 tFOTS 0.0000 tGradient 1.4960 tsec 1.7870
#GCMRL#   74 dt   0.192000 rms  0.801 -0.024% neg 0  invalid 762 tFOTS 0.0000 tGradient 1.4710 tsec 1.9870
#FOTS# QuadFit found better minimum quadopt=(dt=0.448,rms=0.800587) vs oldopt=(dt=0.32,rms=0.800734)
#GCMRL#   75 dt   0.448000 rms  0.801  0.102% neg 0  invalid 762 tFOTS 3.8210 tGradient 1.4910 tsec 5.6200
#FOTS# QuadFit found better minimum quadopt=(dt=0.448,rms=0.799975) vs oldopt=(dt=0.32,rms=0.800018)

#GCAMreg# pass 0 level1 1 level2 1 tsec 52.044 sigma 0.5
l_jacobian=1.00 l_label=1.00 l_log_likelihood=0.20 l_smoothness=20.00 
tol=2.50e-01, dt=5.00e-02, exp_k=20.0, momentum=0.90, levels=6, niter=500, lbl_dist=10.00, avgs=1, sigma=0.5,type=2, relabel=0, neg=no

blurring input image with Gaussian with sigma=0.500...
GCAMRegisterLevel(): init RMS 0.800467
#FOTS# QuadFit found better minimum quadopt=(dt=0.384,rms=0.798917) vs oldopt=(dt=0.32,rms=0.798941)
#GCMRL#   77 dt   0.384000 rms  0.799  0.194% neg 0  invalid 762 tFOTS 3.9800 tGradient 1.4940 tsec 5.7880
#FOTS# QuadFit found better minimum quadopt=(dt=0.112,rms=0.798822) vs oldopt=(dt=0.08,rms=0.798827)
#GCMRL#   78 dt   0.112000 rms  0.799  0.000% neg 0  invalid 762 tFOTS 3.8870 tGradient 1.5680 tsec 5.7950
#GCMRL#   79 dt   0.112000 rms  0.799  0.009% neg 0  invalid 762 tFOTS 0.0000 tGradient 1.5380 tsec 1.8460
#GCMRL#   80 dt   0.112000 rms  0.799  0.014% neg 0  invalid 762 tFOTS 0.0000 tGradient 1.5940 tsec 1.9020
#GCMRL#   81 dt   0.112000 rms  0.798  0.028% neg 0  invalid 762 tFOTS 0.0000 tGradient 1.5200 tsec 1.8270
#GCMRL#   82 dt   0.112000 rms  0.798  0.045% neg 0  invalid 762 tFOTS 0.0000 tGradient 1.4920 tsec 1.7980
#GCMRL#   83 dt   0.112000 rms  0.798  0.054% neg 0  invalid 762 tFOTS 0.0000 tGradient 1.5470 tsec 1.8570
#GCMRL#   84 dt   0.112000 rms  0.797  0.046% neg 0  invalid 762 tFOTS 0.0000 tGradient 1.6190 tsec 1.9320
resetting metric properties...
setting smoothness cost coefficient to 40.000

#GCAMreg# pass 0 level1 0 level2 0 tsec 0 sigma 2
l_jacobian=1.00 l_label=1.00 l_log_likelihood=0.20 l_smoothness=40.00 
tol=2.50e-01, dt=5.00e-02, exp_k=20.0, momentum=0.90, levels=6, niter=500, lbl_dist=10.00, avgs=0, sigma=2.0,type=2, relabel=0, neg=no

blurring input image with Gaussian with sigma=2.000...
GCAMRegisterLevel(): init RMS 0.757595
#FOTS# QuadFit found better minimum quadopt=(dt=0.220822,rms=0.752228) vs oldopt=(dt=0.32,rms=0.752938)
#GCMRL#   86 dt   0.220822 rms  0.752  0.708% neg 0  invalid 762 tFOTS 3.9160 tGradient 1.0370 tsec 5.2690
#GCMRL#   87 dt   0.020000 rms  0.752  0.000% neg 0  invalid 762 tFOTS 3.8840 tGradient 1.0900 tsec 5.3150

#GCAMreg# pass 0 level1 0 level2 1 tsec 21.475 sigma 0.5
l_jacobian=1.00 l_label=1.00 l_log_likelihood=0.20 l_smoothness=40.00 
tol=2.50e-01, dt=5.00e-02, exp_k=20.0, momentum=0.90, levels=6, niter=500, lbl_dist=10.00, avgs=0, sigma=0.5,type=2, relabel=0, neg=no

blurring input image with Gaussian with sigma=0.500...
GCAMRegisterLevel(): init RMS 0.752524
#FOTS# QuadFit found better minimum quadopt=(dt=0.007,rms=0.751968) vs oldopt=(dt=0.005,rms=0.751974)
#GCMRL#   89 dt   0.007000 rms  0.752  0.074% neg 0  invalid 762 tFOTS 3.8030 tGradient 1.1580 tsec 5.3240
#FOTS# QuadFit found better minimum quadopt=(dt=0.004,rms=0.751962) vs oldopt=(dt=0.005,rms=0.751962)
#GCMRL#   90 dt   0.004000 rms  0.752  0.000% neg 0  invalid 762 tFOTS 3.7240 tGradient 1.0890 tsec 5.1540
GCAMregister done in 7.84423 min
Starting GCAmapRenormalizeWithAlignment() without scales
renormalizing by structure alignment....
renormalizing input #0
gca peak = 0.10253 (16)
mri peak = 0.13890 (13)
Left_Lateral_Ventricle (4): linear fit = 0.74 x + 0.0 (1110 voxels, overlap=0.425)
Left_Lateral_Ventricle (4): linear fit = 0.74 x + 0.0 (1110 voxels, peak = 12), gca=11.8
gca peak = 0.17690 (16)
mri peak = 0.16581 (13)
Right_Lateral_Ventricle (43): linear fit = 0.74 x + 0.0 (1701 voxels, overlap=0.583)
Right_Lateral_Ventricle (43): linear fit = 0.74 x + 0.0 (1701 voxels, peak = 12), gca=11.8
gca peak = 0.28275 (96)
mri peak = 0.09756 (96)
Right_Pallidum (52): linear fit = 0.99 x + 0.0 (927 voxels, overlap=1.001)
Right_Pallidum (52): linear fit = 0.99 x + 0.0 (927 voxels, peak = 95), gca=94.6
gca peak = 0.18948 (93)
mri peak = 0.05622 (94)
Left_Pallidum (13): linear fit = 1.00 x + 0.0 (763 voxels, overlap=1.011)
Left_Pallidum (13): linear fit = 1.00 x + 0.0 (763 voxels, peak = 93), gca=92.5
gca peak = 0.20755 (55)
mri peak = 0.09529 (65)
Right_Hippocampus (53): linear fit = 1.13 x + 0.0 (1048 voxels, overlap=0.050)
Right_Hippocampus (53): linear fit = 1.13 x + 0.0 (1048 voxels, peak = 62), gca=62.4
gca peak = 0.31831 (58)
mri peak = 0.09660 (64)
Left_Hippocampus (17): linear fit = 1.12 x + 0.0 (949 voxels, overlap=0.304)
Left_Hippocampus (17): linear fit = 1.12 x + 0.0 (949 voxels, peak = 65), gca=64.7
gca peak = 0.11957 (102)
mri peak = 0.08511 (105)
Right_Cerebral_White_Matter (41): linear fit = 1.04 x + 0.0 (65598 voxels, overlap=0.711)
Right_Cerebral_White_Matter (41): linear fit = 1.04 x + 0.0 (65598 voxels, peak = 107), gca=106.6
gca peak = 0.11429 (102)
mri peak = 0.07621 (106)
Left_Cerebral_White_Matter (2): linear fit = 1.05 x + 0.0 (65810 voxels, overlap=0.663)
Left_Cerebral_White_Matter (2): linear fit = 1.05 x + 0.0 (65810 voxels, peak = 108), gca=107.6
gca peak = 0.14521 (59)
mri peak = 0.03895 (63)
Left_Cerebral_Cortex (3): linear fit = 1.12 x + 0.0 (25633 voxels, overlap=0.909)
Left_Cerebral_Cortex (3): linear fit = 1.12 x + 0.0 (25633 voxels, peak = 66), gca=66.4
gca peak = 0.14336 (58)
mri peak = 0.04527 (65)
Right_Cerebral_Cortex (42): linear fit = 1.14 x + 0.0 (25025 voxels, overlap=0.563)
Right_Cerebral_Cortex (42): linear fit = 1.14 x + 0.0 (25025 voxels, peak = 66), gca=66.4
gca peak = 0.13305 (70)
mri peak = 0.09586 (69)
Right_Caudate (50): linear fit = 1.09 x + 0.0 (706 voxels, overlap=0.562)
Right_Caudate (50): linear fit = 1.09 x + 0.0 (706 voxels, peak = 76), gca=76.0
gca peak = 0.15761 (71)
mri peak = 0.07786 (77)
Left_Caudate (11): linear fit = 1.04 x + 0.0 (1032 voxels, overlap=0.802)
Left_Caudate (11): linear fit = 1.04 x + 0.0 (1032 voxels, peak = 74), gca=74.2
gca peak = 0.13537 (57)
mri peak = 0.04643 (62)
Left_Cerebellum_Cortex (8): linear fit = 1.12 x + 0.0 (23798 voxels, overlap=0.663)
Left_Cerebellum_Cortex (8): linear fit = 1.12 x + 0.0 (23798 voxels, peak = 64), gca=63.6
gca peak = 0.13487 (56)
mri peak = 0.05469 (63)
Right_Cerebellum_Cortex (47): linear fit = 1.13 x + 0.0 (30062 voxels, overlap=0.479)
Right_Cerebellum_Cortex (47): linear fit = 1.13 x + 0.0 (30062 voxels, peak = 64), gca=63.6
gca peak = 0.19040 (84)
mri peak = 0.05105 (90)
Left_Cerebellum_White_Matter (7): linear fit = 1.07 x + 0.0 (8787 voxels, overlap=0.455)
Left_Cerebellum_White_Matter (7): linear fit = 1.07 x + 0.0 (8787 voxels, peak = 89), gca=89.5
gca peak = 0.18871 (83)
mri peak = 0.06149 (87)
Right_Cerebellum_White_Matter (46): linear fit = 1.03 x + 0.0 (9024 voxels, overlap=0.950)
Right_Cerebellum_White_Matter (46): linear fit = 1.03 x + 0.0 (9024 voxels, peak = 86), gca=85.9
gca peak = 0.24248 (57)
mri peak = 0.09552 (71)
Left_Amygdala (18): linear fit = 1.23 x + 0.0 (525 voxels, overlap=0.057)
Left_Amygdala (18): linear fit = 1.23 x + 0.0 (525 voxels, peak = 70), gca=69.8
gca peak = 0.35833 (56)
mri peak = 0.09660 (66)
Right_Amygdala (54): linear fit = 1.21 x + 0.0 (627 voxels, overlap=0.022)
Right_Amygdala (54): linear fit = 1.21 x + 0.0 (627 voxels, peak = 67), gca=67.5
gca peak = 0.12897 (85)
mri peak = 0.06670 (94)
Left_Thalamus (10): linear fit = 1.07 x + 0.0 (5941 voxels, overlap=0.860)
Left_Thalamus (10): linear fit = 1.07 x + 0.0 (5941 voxels, peak = 91), gca=90.5
gca peak = 0.13127 (83)
mri peak = 0.06044 (88)
Right_Thalamus (49): linear fit = 1.04 x + 0.0 (4340 voxels, overlap=0.881)
Right_Thalamus (49): linear fit = 1.04 x + 0.0 (4340 voxels, peak = 87), gca=86.7
gca peak = 0.12974 (78)
mri peak = 0.05982 (82)
Left_Putamen (12): linear fit = 1.10 x + 0.0 (2084 voxels, overlap=0.772)
Left_Putamen (12): linear fit = 1.10 x + 0.0 (2084 voxels, peak = 85), gca=85.4
gca peak = 0.17796 (79)
mri peak = 0.06220 (83)
Right_Putamen (51): linear fit = 1.10 x + 0.0 (2385 voxels, overlap=0.700)
Right_Putamen (51): linear fit = 1.10 x + 0.0 (2385 voxels, peak = 87), gca=86.5
gca peak = 0.10999 (80)
mri peak = 0.10304 (84)
Brain_Stem (16): linear fit = 1.07 x + 0.0 (12560 voxels, overlap=0.415)
Brain_Stem (16): linear fit = 1.07 x + 0.0 (12560 voxels, peak = 85), gca=85.2
gca peak = 0.13215 (88)
mri peak = 0.08432 (92)
Right_VentralDC (60): linear fit = 1.09 x + 0.0 (1375 voxels, overlap=0.565)
Right_VentralDC (60): linear fit = 1.09 x + 0.0 (1375 voxels, peak = 95), gca=95.5
gca peak = 0.11941 (89)
mri peak = 0.08469 (90)
Left_VentralDC (28): linear fit = 1.10 x + 0.0 (1468 voxels, overlap=0.617)
Left_VentralDC (28): linear fit = 1.10 x + 0.0 (1468 voxels, peak = 97), gca=97.5
gca peak = 0.20775 (25)
uniform distribution in MR - rejecting arbitrary fit
gca peak = 0.13297 (21)
mri peak = 0.08854 (20)
Fourth_Ventricle (15): linear fit = 0.98 x + 0.0 (452 voxels, overlap=0.843)
Fourth_Ventricle (15): linear fit = 0.98 x + 0.0 (452 voxels, peak = 20), gca=20.5
gca peak Unknown = 0.94777 ( 0)
gca peak Left_Inf_Lat_Vent = 0.19087 (28)
gca peak Third_Ventricle = 0.20775 (25)
gca peak CSF = 0.16821 (33)
gca peak Left_Accumbens_area = 0.32850 (63)
gca peak Left_undetermined = 0.98480 (28)
gca peak Left_vessel = 0.40887 (53)
gca peak Left_choroid_plexus = 0.10898 (46)
gca peak Right_Inf_Lat_Vent = 0.17798 (26)
gca peak Right_Accumbens_area = 0.30137 (64)
gca peak Right_vessel = 0.47828 (52)
gca peak Right_choroid_plexus = 0.11612 (45)
gca peak Fifth_Ventricle = 0.59466 (35)
gca peak WM_hypointensities = 0.10053 (78)
gca peak non_WM_hypointensities = 0.07253 (60)
gca peak Optic_Chiasm = 0.25330 (73)
not using caudate to estimate GM means
estimating mean gm scale to be 1.16 x + 0.0
estimating mean wm scale to be 1.05 x + 0.0
estimating mean csf scale to be 0.82 x + 0.0
saving intensity scales to talairach.label_intensities.txt
GCAmapRenormalizeWithAlignment() took 3.44187 min
noneg pre
Starting GCAMregister()
label assignment complete, 0 changed (0.00%)
npasses = 1, nlevels = 6
#pass# 1 of 1 ************************
enabling zero nodes
setting smoothness cost coefficient to 0.008

#GCAMreg# pass 0 level1 5 level2 0 tsec 0 sigma 2
l_jacobian=1.00 l_label=1.00 l_log_likelihood=0.20 l_smoothness=0.01 
tol=5.00e-02, dt=5.00e-02, exp_k=20.0, momentum=0.90, levels=6, niter=500, lbl_dist=10.00, avgs=256, sigma=2.0,type=2, relabel=0, neg=no

blurring input image with Gaussian with sigma=2.000...
GCAMRegisterLevel(): init RMS 0.777022
#FOTS# QuadFit found better minimum quadopt=(dt=202.338,rms=0.734447) vs oldopt=(dt=92.48,rms=0.746912)
#GCMRL#   92 dt 202.337568 rms  0.734  5.479% neg 0  invalid 762 tFOTS 3.9870 tGradient 2.9560 tsec 7.2420
#FOTS# QuadFit found better minimum quadopt=(dt=278.228,rms=0.72157) vs oldopt=(dt=369.92,rms=0.722853)
#GCMRL#   93 dt 278.228109 rms  0.722  1.753% neg 0  invalid 762 tFOTS 3.9650 tGradient 2.7040 tsec 6.9780
#FOTS# QuadFit found better minimum quadopt=(dt=129.472,rms=0.716588) vs oldopt=(dt=92.48,rms=0.717063)
#GCMRL#   94 dt 129.472000 rms  0.717  0.691% neg 0  invalid 762 tFOTS 3.9610 tGradient 2.6860 tsec 6.9580
#FOTS# QuadFit found better minimum quadopt=(dt=295.936,rms=0.712319) vs oldopt=(dt=369.92,rms=0.71235)
#GCMRL#   95 dt 295.936000 rms  0.712  0.596% neg 0  invalid 762 tFOTS 4.0210 tGradient 2.8200 tsec 7.1430
#FOTS# QuadFit found better minimum quadopt=(dt=129.472,rms=0.709362) vs oldopt=(dt=92.48,rms=0.709707)
#GCMRL#   96 dt 129.472000 rms  0.709  0.415% neg 0  invalid 762 tFOTS 4.9790 tGradient 2.9060 tsec 8.2140
#GCMRL#   97 dt 369.920000 rms  0.707  0.381% neg 0  invalid 762 tFOTS 4.1960 tGradient 2.7280 tsec 7.2280
#FOTS# QuadFit found better minimum quadopt=(dt=110.976,rms=0.70424) vs oldopt=(dt=92.48,rms=0.704349)
#GCMRL#   98 dt 110.976000 rms  0.704  0.343% neg 0  invalid 762 tFOTS 4.1280 tGradient 2.9600 tsec 7.3910
#FOTS# QuadFit found better minimum quadopt=(dt=517.888,rms=0.701213) vs oldopt=(dt=369.92,rms=0.701759)
#GCMRL#   99 dt 517.888000 rms  0.701  0.430% neg 0  invalid 762 tFOTS 3.8890 tGradient 2.7640 tsec 6.9570
#FOTS# QuadFit found better minimum quadopt=(dt=129.472,rms=0.699556) vs oldopt=(dt=92.48,rms=0.699677)
#GCMRL#  100 dt 129.472000 rms  0.700  0.236% neg 0  invalid 762 tFOTS 4.1410 tGradient 2.7740 tsec 7.2180
#FOTS# QuadFit found better minimum quadopt=(dt=295.936,rms=0.698344) vs oldopt=(dt=369.92,rms=0.698448)
#GCMRL#  101 dt 295.936000 rms  0.698  0.173% neg 0  invalid 762 tFOTS 3.9130 tGradient 2.7140 tsec 6.9250
#FOTS# QuadFit found better minimum quadopt=(dt=129.472,rms=0.697031) vs oldopt=(dt=92.48,rms=0.69716)
#GCMRL#  102 dt 129.472000 rms  0.697  0.188% neg 0  invalid 762 tFOTS 3.8700 tGradient 2.7330 tsec 6.9040
#FOTS# QuadFit found better minimum quadopt=(dt=295.936,rms=0.695923) vs oldopt=(dt=369.92,rms=0.69593)
#GCMRL#  103 dt 295.936000 rms  0.696  0.159% neg 0  invalid 762 tFOTS 3.8770 tGradient 2.6390 tsec 6.8170
#FOTS# QuadFit found better minimum quadopt=(dt=129.472,rms=0.694874) vs oldopt=(dt=92.48,rms=0.695012)
#GCMRL#  104 dt 129.472000 rms  0.695  0.151% neg 0  invalid 762 tFOTS 3.8780 tGradient 2.6700 tsec 6.8540
#GCMRL#  105 dt 369.920000 rms  0.694  0.156% neg 0  invalid 762 tFOTS 3.8720 tGradient 2.6290 tsec 6.8040
#FOTS# QuadFit found better minimum quadopt=(dt=129.472,rms=0.692696) vs oldopt=(dt=92.48,rms=0.692804)
#GCMRL#  106 dt 129.472000 rms  0.693  0.158% neg 0  invalid 762 tFOTS 3.8690 tGradient 2.7140 tsec 6.8880
#FOTS# QuadFit found better minimum quadopt=(dt=295.936,rms=0.692005) vs oldopt=(dt=369.92,rms=0.692089)
#GCMRL#  107 dt 295.936000 rms  0.692  0.100% neg 0  invalid 762 tFOTS 3.8660 tGradient 2.7210 tsec 6.8920
#FOTS# QuadFit found better minimum quadopt=(dt=129.472,rms=0.691088) vs oldopt=(dt=92.48,rms=0.691203)
#GCMRL#  108 dt 129.472000 rms  0.691  0.133% neg 0  invalid 762 tFOTS 3.9260 tGradient 2.7780 tsec 7.0080
#FOTS# QuadFit found better minimum quadopt=(dt=295.936,rms=0.690424) vs oldopt=(dt=369.92,rms=0.690444)
#GCMRL#  109 dt 295.936000 rms  0.690  0.096% neg 0  invalid 762 tFOTS 3.9590 tGradient 2.8300 tsec 7.1110
#FOTS# QuadFit found better minimum quadopt=(dt=129.472,rms=0.689641) vs oldopt=(dt=92.48,rms=0.689764)
#GCMRL#  110 dt 129.472000 rms  0.690  0.113% neg 0  invalid 762 tFOTS 3.9340 tGradient 2.7610 tsec 6.9960
#GCMRL#  111 dt 369.920000 rms  0.689  0.101% neg 0  invalid 762 tFOTS 3.9020 tGradient 2.7060 tsec 6.9130
#FOTS# QuadFit found better minimum quadopt=(dt=129.472,rms=0.688077) vs oldopt=(dt=92.48,rms=0.68817)
#GCMRL#  112 dt 129.472000 rms  0.688  0.126% neg 0  invalid 762 tFOTS 3.8870 tGradient 2.6290 tsec 6.8200
#FOTS# QuadFit found better minimum quadopt=(dt=221.952,rms=0.687605) vs oldopt=(dt=369.92,rms=0.68772)
#GCMRL#  113 dt 221.952000 rms  0.688  0.069% neg 0  invalid 762 tFOTS 3.8870 tGradient 2.7310 tsec 6.9230
#FOTS# QuadFit found better minimum quadopt=(dt=129.472,rms=0.687046) vs oldopt=(dt=92.48,rms=0.687154)
#GCMRL#  114 dt 129.472000 rms  0.687  0.081% neg 0  invalid 762 tFOTS 3.8940 tGradient 2.6300 tsec 6.8290
#FOTS# QuadFit found better minimum quadopt=(dt=517.888,rms=0.686227) vs oldopt=(dt=369.92,rms=0.686313)
#GCMRL#  115 dt 517.888000 rms  0.686  0.119% neg 0  invalid 762 tFOTS 4.1370 tGradient 2.5970 tsec 7.0370
#FOTS# QuadFit found better minimum quadopt=(dt=129.472,rms=0.685312) vs oldopt=(dt=92.48,rms=0.685382)
#GCMRL#  116 dt 129.472000 rms  0.685  0.133% neg 0  invalid 762 tFOTS 3.8980 tGradient 2.7070 tsec 6.9090
#FOTS# QuadFit found better minimum quadopt=(dt=129.472,rms=0.685028) vs oldopt=(dt=92.48,rms=0.685083)
#GCMRL#  117 dt 129.472000 rms  0.685  0.000% neg 0  invalid 762 tFOTS 3.8800 tGradient 2.6530 tsec 6.8590
#GCMRL#  118 dt 129.472000 rms  0.685  0.056% neg 0  invalid 762 tFOTS 0.0000 tGradient 2.7430 tsec 3.0320
#GCMRL#  119 dt 129.472000 rms  0.684  0.089% neg 0  invalid 762 tFOTS 0.0000 tGradient 2.6960 tsec 2.9880
#GCMRL#  120 dt 129.472000 rms  0.683  0.127% neg 0  invalid 762 tFOTS 0.0000 tGradient 2.6960 tsec 3.0430
#GCMRL#  121 dt 129.472000 rms  0.682  0.151% neg 0  invalid 762 tFOTS 0.0000 tGradient 2.6730 tsec 3.0220
#GCMRL#  122 dt 129.472000 rms  0.681  0.179% neg 0  invalid 762 tFOTS 0.0000 tGradient 2.7400 tsec 3.0900
#GCMRL#  123 dt 129.472000 rms  0.680  0.196% neg 0  invalid 762 tFOTS 0.0000 tGradient 3.0200 tsec 3.3640
#GCMRL#  124 dt 129.472000 rms  0.678  0.211% neg 0  invalid 762 tFOTS 0.0000 tGradient 2.7800 tsec 3.2400
#GCMRL#  125 dt 129.472000 rms  0.677  0.227% neg 0  invalid 762 tFOTS 0.0000 tGradient 2.7600 tsec 3.0900
#GCMRL#  126 dt 129.472000 rms  0.675  0.234% neg 0  invalid 762 tFOTS 0.0000 tGradient 2.8120 tsec 3.1330
#GCMRL#  127 dt 129.472000 rms  0.673  0.250% neg 0  invalid 762 tFOTS 0.0000 tGradient 2.7940 tsec 3.1240
#GCMRL#  128 dt 129.472000 rms  0.672  0.241% neg 0  invalid 762 tFOTS 0.0000 tGradient 2.8700 tsec 3.1980
#GCMRL#  129 dt 129.472000 rms  0.670  0.232% neg 0  invalid 762 tFOTS 0.0000 tGradient 2.8980 tsec 3.2300
#GCMRL#  130 dt 129.472000 rms  0.669  0.223% neg 0  invalid 762 tFOTS 0.0000 tGradient 2.8920 tsec 3.2200
#GCMRL#  131 dt 129.472000 rms  0.667  0.195% neg 0  invalid 762 tFOTS 0.0000 tGradient 2.8770 tsec 3.2080
#GCMRL#  132 dt 129.472000 rms  0.666  0.189% neg 0  invalid 762 tFOTS 0.0000 tGradient 2.7820 tsec 3.1140
#GCMRL#  133 dt 129.472000 rms  0.665  0.176% neg 0  invalid 762 tFOTS 0.0000 tGradient 2.7480 tsec 3.0710
#GCMRL#  134 dt 129.472000 rms  0.664  0.165% neg 0  invalid 762 tFOTS 0.0000 tGradient 2.8830 tsec 3.2120
#GCMRL#  135 dt 129.472000 rms  0.663  0.153% neg 0  invalid 762 tFOTS 0.0000 tGradient 3.0830 tsec 3.4150
#GCMRL#  136 dt 129.472000 rms  0.662  0.144% neg 0  invalid 762 tFOTS 0.0000 tGradient 2.8330 tsec 3.1600
#GCMRL#  137 dt 129.472000 rms  0.661  0.133% neg 0  invalid 762 tFOTS 0.0000 tGradient 2.8490 tsec 3.1840
#GCMRL#  138 dt 129.472000 rms  0.660  0.121% neg 0  invalid 762 tFOTS 0.0000 tGradient 2.8310 tsec 3.1600
#GCMRL#  139 dt 129.472000 rms  0.659  0.114% neg 0  invalid 762 tFOTS 0.0000 tGradient 2.7660 tsec 3.0980
#GCMRL#  140 dt 129.472000 rms  0.659  0.104% neg 0  invalid 762 tFOTS 0.0000 tGradient 2.6870 tsec 3.0150
#GCMRL#  141 dt 129.472000 rms  0.658  0.103% neg 0  invalid 762 tFOTS 0.0000 tGradient 2.7740 tsec 3.1440
#GCMRL#  142 dt 129.472000 rms  0.657  0.099% neg 0  invalid 762 tFOTS 0.0000 tGradient 2.8660 tsec 3.2100
#GCMRL#  143 dt 129.472000 rms  0.657  0.096% neg 0  invalid 762 tFOTS 0.0000 tGradient 2.8910 tsec 3.2350
#GCMRL#  144 dt 129.472000 rms  0.656  0.092% neg 0  invalid 762 tFOTS 0.0000 tGradient 2.7950 tsec 3.1370
#GCMRL#  145 dt 129.472000 rms  0.656  0.090% neg 0  invalid 762 tFOTS 0.0000 tGradient 2.8490 tsec 3.1930
#GCMRL#  146 dt 129.472000 rms  0.655  0.085% neg 0  invalid 762 tFOTS 0.0000 tGradient 2.8970 tsec 3.2360
#GCMRL#  147 dt 129.472000 rms  0.655  0.077% neg 0  invalid 762 tFOTS 0.0000 tGradient 2.8280 tsec 3.1690
#GCMRL#  148 dt 129.472000 rms  0.654  0.072% neg 0  invalid 762 tFOTS 0.0000 tGradient 2.9690 tsec 3.3120
#GCMRL#  149 dt 129.472000 rms  0.654  0.067% neg 0  invalid 762 tFOTS 0.0000 tGradient 2.7970 tsec 3.1380
#GCMRL#  150 dt 129.472000 rms  0.653  0.063% neg 0  invalid 762 tFOTS 0.0000 tGradient 2.8450 tsec 3.1870
#GCMRL#  151 dt 129.472000 rms  0.653  0.056% neg 0  invalid 762 tFOTS 0.0000 tGradient 2.7910 tsec 3.1300
#GCMRL#  152 dt 129.472000 rms  0.653  0.051% neg 0  invalid 762 tFOTS 0.0000 tGradient 2.7740 tsec 3.1160
#GCMRL#  153 dt 129.472000 rms  0.652  0.047% neg 0  invalid 762 tFOTS 0.0000 tGradient 2.8390 tsec 3.1830
#GCMRL#  154 dt 129.472000 rms  0.652  0.045% neg 0  invalid 762 tFOTS 0.0000 tGradient 2.7740 tsec 3.1120
#GCMRL#  155 dt 129.472000 rms  0.652  0.043% neg 0  invalid 762 tFOTS 0.0000 tGradient 2.7780 tsec 3.1240
#GCMRL#  156 dt 129.472000 rms  0.651  0.043% neg 0  invalid 762 tFOTS 0.0000 tGradient 2.8490 tsec 3.1850
#GCMRL#  157 dt 129.472000 rms  0.651  0.040% neg 0  invalid 762 tFOTS 0.0000 tGradient 2.8940 tsec 3.2370
#GCMRL#  158 dt 129.472000 rms  0.651  0.038% neg 0  invalid 762 tFOTS 0.0000 tGradient 2.8750 tsec 3.2120
#GCMRL#  159 dt 129.472000 rms  0.651  0.038% neg 0  invalid 762 tFOTS 0.0000 tGradient 2.8750 tsec 3.2170
#GCMRL#  160 dt 129.472000 rms  0.650  0.040% neg 0  invalid 762 tFOTS 0.0000 tGradient 2.8290 tsec 3.1670
#GCMRL#  161 dt 129.472000 rms  0.650  0.042% neg 0  invalid 762 tFOTS 0.0000 tGradient 2.8660 tsec 3.2090
#GCMRL#  162 dt 129.472000 rms  0.650  0.042% neg 0  invalid 762 tFOTS 0.0000 tGradient 2.9360 tsec 3.2770
#GCMRL#  163 dt 129.472000 rms  0.650  0.041% neg 0  invalid 762 tFOTS 0.0000 tGradient 2.9180 tsec 3.2570
#GCMRL#  164 dt 129.472000 rms  0.649  0.040% neg 0  invalid 762 tFOTS 0.0000 tGradient 2.8840 tsec 3.2290
#GCMRL#  165 dt 129.472000 rms  0.649  0.037% neg 0  invalid 762 tFOTS 0.0000 tGradient 2.8970 tsec 3.2350
#GCMRL#  166 dt 129.472000 rms  0.649  0.036% neg 0  invalid 762 tFOTS 0.0000 tGradient 2.8610 tsec 3.1960
#GCMRL#  167 dt 129.472000 rms  0.649  0.034% neg 0  invalid 762 tFOTS 0.0000 tGradient 2.9020 tsec 3.2400
#GCMRL#  168 dt 129.472000 rms  0.648  0.032% neg 0  invalid 762 tFOTS 0.0000 tGradient 2.8950 tsec 3.2410
#GCMRL#  169 dt 129.472000 rms  0.648  0.031% neg 0  invalid 762 tFOTS 0.0000 tGradient 2.8380 tsec 3.1790
#GCMRL#  170 dt 129.472000 rms  0.648  0.033% neg 0  invalid 762 tFOTS 0.0000 tGradient 2.8800 tsec 3.2240
#GCMRL#  171 dt 129.472000 rms  0.648  0.032% neg 0  invalid 762 tFOTS 0.0000 tGradient 2.8370 tsec 3.1770
#GCMRL#  172 dt 129.472000 rms  0.648  0.031% neg 0  invalid 762 tFOTS 0.0000 tGradient 2.8030 tsec 3.1460
#GCMRL#  173 dt 129.472000 rms  0.647  0.034% neg 0  invalid 762 tFOTS 0.0000 tGradient 2.8680 tsec 3.2090
#GCMRL#  174 dt 129.472000 rms  0.647  0.033% neg 0  invalid 762 tFOTS 0.0000 tGradient 2.7600 tsec 3.0990
#GCMRL#  175 dt 129.472000 rms  0.647  0.034% neg 0  invalid 762 tFOTS 0.0000 tGradient 2.7990 tsec 3.1440
#GCMRL#  176 dt 129.472000 rms  0.647  0.034% neg 0  invalid 762 tFOTS 0.0000 tGradient 2.8160 tsec 3.1600
#GCMRL#  177 dt 129.472000 rms  0.646  0.033% neg 0  invalid 762 tFOTS 0.0000 tGradient 2.7620 tsec 3.1020
#GCMRL#  178 dt 129.472000 rms  0.646  0.033% neg 0  invalid 762 tFOTS 0.0000 tGradient 2.8170 tsec 3.1560
#GCMRL#  179 dt 129.472000 rms  0.646  0.031% neg 0  invalid 762 tFOTS 0.0000 tGradient 2.7850 tsec 3.1240
#GCMRL#  180 dt 129.472000 rms  0.646  0.030% neg 0  invalid 762 tFOTS 0.0000 tGradient 2.7630 tsec 3.1000
#GCMRL#  181 dt 129.472000 rms  0.646  0.030% neg 0  invalid 762 tFOTS 0.0000 tGradient 2.7690 tsec 3.1050
#GCMRL#  182 dt 129.472000 rms  0.645  0.030% neg 0  invalid 762 tFOTS 0.0000 tGradient 2.7830 tsec 3.1210
#GCMRL#  183 dt 129.472000 rms  0.645  0.030% neg 0  invalid 762 tFOTS 0.0000 tGradient 2.8670 tsec 3.2120
#GCMRL#  184 dt 129.472000 rms  0.645  0.028% neg 0  invalid 762 tFOTS 0.0000 tGradient 3.1740 tsec 3.5190
#GCMRL#  185 dt 129.472000 rms  0.645  0.027% neg 0  invalid 762 tFOTS 0.0000 tGradient 3.1280 tsec 3.4630
#GCMRL#  186 dt 129.472000 rms  0.645  0.026% neg 0  invalid 762 tFOTS 0.0000 tGradient 3.0690 tsec 3.4040
#GCMRL#  187 dt 129.472000 rms  0.645  0.024% neg 0  invalid 762 tFOTS 0.0000 tGradient 2.9200 tsec 3.2610
#GCMRL#  188 dt 129.472000 rms  0.644  0.024% neg 0  invalid 762 tFOTS 0.0000 tGradient 3.3420 tsec 3.7500
#FOTS# QuadFit found better minimum quadopt=(dt=443.904,rms=0.644418) vs oldopt=(dt=369.92,rms=0.64442)
#GCMRL#  189 dt 443.904000 rms  0.644  0.000% neg 0  invalid 762 tFOTS 5.1780 tGradient 3.3180 tsec 8.8750
#GCMRL#  190 dt 443.904000 rms  0.644  0.002% neg 0  invalid 762 tFOTS 0.0000 tGradient 3.0530 tsec 3.3990
#GCMRL#  191 dt 443.904000 rms  0.644  0.006% neg 0  invalid 762 tFOTS 0.0000 tGradient 2.9830 tsec 3.3310

#GCAMreg# pass 0 level1 5 level2 1 tsec 437.744 sigma 0.5
l_jacobian=1.00 l_label=1.00 l_log_likelihood=0.20 l_smoothness=0.01 
tol=5.00e-02, dt=5.00e-02, exp_k=20.0, momentum=0.90, levels=6, niter=500, lbl_dist=10.00, avgs=256, sigma=0.5,type=2, relabel=0, neg=no

blurring input image with Gaussian with sigma=0.500...
GCAMRegisterLevel(): init RMS 0.644838
#FOTS# QuadFit found better minimum quadopt=(dt=443.904,rms=0.643052) vs oldopt=(dt=369.92,rms=0.643061)
#GCMRL#  193 dt 443.904000 rms  0.643  0.277% neg 0  invalid 762 tFOTS 4.7660 tGradient 2.8700 tsec 7.9960
#FOTS# QuadFit found better minimum quadopt=(dt=129.472,rms=0.642717) vs oldopt=(dt=92.48,rms=0.642739)
#GCMRL#  194 dt 129.472000 rms  0.643  0.052% neg 0  invalid 762 tFOTS 4.3640 tGradient 2.9340 tsec 7.6120
#FOTS# QuadFit found better minimum quadopt=(dt=517.888,rms=0.642479) vs oldopt=(dt=369.92,rms=0.642491)
#GCMRL#  195 dt 517.888000 rms  0.642  0.000% neg 0  invalid 762 tFOTS 4.6440 tGradient 2.7110 tsec 7.6750
setting smoothness cost coefficient to 0.031

#GCAMreg# pass 0 level1 4 level2 0 tsec 0 sigma 2
l_jacobian=1.00 l_label=1.00 l_log_likelihood=0.20 l_smoothness=0.03 
tol=5.00e-02, dt=5.00e-02, exp_k=20.0, momentum=0.90, levels=6, niter=500, lbl_dist=10.00, avgs=64, sigma=2.0,type=2, relabel=0, neg=no

blurring input image with Gaussian with sigma=2.000...
GCAMRegisterLevel(): init RMS 0.645365
#FOTS# QuadFit found better minimum quadopt=(dt=145.152,rms=0.640252) vs oldopt=(dt=103.68,rms=0.641019)
#GCMRL#  197 dt 145.152000 rms  0.640  0.792% neg 0  invalid 762 tFOTS 4.2140 tGradient 2.3270 tsec 6.8690
#FOTS# QuadFit found better minimum quadopt=(dt=204.364,rms=0.633727) vs oldopt=(dt=103.68,rms=0.635204)
#GCMRL#  198 dt 204.363636 rms  0.634  1.019% neg 0  invalid 762 tFOTS 4.6880 tGradient 2.1430 tsec 7.1500
#FOTS# QuadFit found better minimum quadopt=(dt=75.8519,rms=0.629993) vs oldopt=(dt=25.92,rms=0.630954)
#GCMRL#  199 dt  75.851852 rms  0.630  0.589% neg 0  invalid 762 tFOTS 4.4130 tGradient 2.1850 tsec 6.9140
#FOTS# QuadFit found better minimum quadopt=(dt=124.416,rms=0.626482) vs oldopt=(dt=103.68,rms=0.626601)
#GCMRL#  200 dt 124.416000 rms  0.626  0.557% neg 0  invalid 762 tFOTS 4.6810 tGradient 2.1310 tsec 7.1270
#FOTS# QuadFit found better minimum quadopt=(dt=68.4393,rms=0.624212) vs oldopt=(dt=103.68,rms=0.62463)
#GCMRL#  201 dt  68.439306 rms  0.624  0.362% neg 0  invalid 762 tFOTS 4.4230 tGradient 2.2080 tsec 6.9460
#FOTS# QuadFit found better minimum quadopt=(dt=248.832,rms=0.619808) vs oldopt=(dt=414.72,rms=0.620824)
#GCMRL#  202 dt 248.832000 rms  0.620  0.706% neg 0  invalid 762 tFOTS 4.3950 tGradient 2.3320 tsec 7.0360
#FOTS# QuadFit found better minimum quadopt=(dt=64.6667,rms=0.617088) vs oldopt=(dt=25.92,rms=0.617773)
#GCMRL#  203 dt  64.666667 rms  0.617  0.439% neg 0  invalid 762 tFOTS 4.4010 tGradient 2.2350 tsec 6.9500
#FOTS# QuadFit found better minimum quadopt=(dt=145.152,rms=0.614191) vs oldopt=(dt=103.68,rms=0.614691)
#GCMRL#  204 dt 145.152000 rms  0.614  0.469% neg 0  invalid 762 tFOTS 4.1650 tGradient 2.1970 tsec 6.6790
#FOTS# QuadFit found better minimum quadopt=(dt=70.6009,rms=0.612795) vs oldopt=(dt=103.68,rms=0.613016)
#GCMRL#  205 dt  70.600897 rms  0.613  0.227% neg 0  invalid 762 tFOTS 4.4090 tGradient 2.1160 tsec 6.8390
#FOTS# QuadFit found better minimum quadopt=(dt=145.152,rms=0.610313) vs oldopt=(dt=103.68,rms=0.610802)
#GCMRL#  206 dt 145.152000 rms  0.610  0.405% neg 0  invalid 762 tFOTS 4.1650 tGradient 2.1390 tsec 6.6210
#FOTS# QuadFit found better minimum quadopt=(dt=82.944,rms=0.609146) vs oldopt=(dt=103.68,rms=0.609224)
#GCMRL#  207 dt  82.944000 rms  0.609  0.191% neg 0  invalid 762 tFOTS 4.7100 tGradient 2.1170 tsec 7.1410
#FOTS# QuadFit found better minimum quadopt=(dt=145.152,rms=0.607118) vs oldopt=(dt=103.68,rms=0.607312)
#GCMRL#  208 dt 145.152000 rms  0.607  0.333% neg 0  invalid 762 tFOTS 4.0870 tGradient 2.1980 tsec 6.5960
#FOTS# QuadFit found better minimum quadopt=(dt=36.288,rms=0.606072) vs oldopt=(dt=25.92,rms=0.606264)
#GCMRL#  209 dt  36.288000 rms  0.606  0.172% neg 0  invalid 762 tFOTS 4.6200 tGradient 2.2330 tsec 7.1650
#FOTS# QuadFit found better minimum quadopt=(dt=331.776,rms=0.603717) vs oldopt=(dt=414.72,rms=0.603885)
#GCMRL#  210 dt 331.776000 rms  0.604  0.389% neg 0  invalid 762 tFOTS 4.3780 tGradient 2.3150 tsec 7.0070
#FOTS# QuadFit found better minimum quadopt=(dt=89.3793,rms=0.601432) vs oldopt=(dt=25.92,rms=0.602011)
#GCMRL#  211 dt  89.379310 rms  0.601  0.378% neg 0  invalid 762 tFOTS 4.3760 tGradient 2.2230 tsec 6.9080
#FOTS# QuadFit found better minimum quadopt=(dt=36.288,rms=0.600183) vs oldopt=(dt=25.92,rms=0.600359)
#GCMRL#  212 dt  36.288000 rms  0.600  0.208% neg 0  invalid 762 tFOTS 4.7440 tGradient 2.1630 tsec 7.2460
#FOTS# QuadFit found better minimum quadopt=(dt=145.152,rms=0.599165) vs oldopt=(dt=103.68,rms=0.599338)
#GCMRL#  213 dt 145.152000 rms  0.599  0.170% neg 0  invalid 762 tFOTS 4.0280 tGradient 2.2850 tsec 6.6150
#GCMRL#  214 dt 103.680000 rms  0.598  0.239% neg 0  invalid 762 tFOTS 4.4160 tGradient 2.2850 tsec 7.1030
#FOTS# QuadFit found better minimum quadopt=(dt=36.288,rms=0.597227) vs oldopt=(dt=25.92,rms=0.597319)
#GCMRL#  215 dt  36.288000 rms  0.597  0.085% neg 0  invalid 762 tFOTS 4.8680 tGradient 2.5600 tsec 7.8020
#FOTS# QuadFit found better minimum quadopt=(dt=497.664,rms=0.595093) vs oldopt=(dt=414.72,rms=0.595108)
#GCMRL#  216 dt 497.664000 rms  0.595  0.357% neg 0  invalid 762 tFOTS 4.9630 tGradient 2.5450 tsec 7.8860
#FOTS# QuadFit found better minimum quadopt=(dt=80,rms=0.592618) vs oldopt=(dt=25.92,rms=0.593226)
#GCMRL#  217 dt  80.000000 rms  0.593  0.416% neg 0  invalid 762 tFOTS 5.0930 tGradient 2.7000 tsec 8.1690
#FOTS# QuadFit found better minimum quadopt=(dt=36.288,rms=0.591881) vs oldopt=(dt=25.92,rms=0.591992)
#GCMRL#  218 dt  36.288000 rms  0.592  0.124% neg 0  invalid 762 tFOTS 4.9950 tGradient 2.6380 tsec 8.0190
#FOTS# QuadFit found better minimum quadopt=(dt=145.152,rms=0.591255) vs oldopt=(dt=103.68,rms=0.59135)
#GCMRL#  219 dt 145.152000 rms  0.591  0.106% neg 0  invalid 762 tFOTS 4.9720 tGradient 2.6390 tsec 7.9930
#GCMRL#  220 dt 103.680000 rms  0.590  0.171% neg 0  invalid 762 tFOTS 5.0060 tGradient 2.6640 tsec 8.0580
#FOTS# QuadFit found better minimum quadopt=(dt=36.288,rms=0.589919) vs oldopt=(dt=25.92,rms=0.589981)
#GCMRL#  221 dt  36.288000 rms  0.590  0.055% neg 0  invalid 762 tFOTS 5.2830 tGradient 2.5690 tsec 8.2290
#GCMRL#  222 dt 414.720000 rms  0.589  0.204% neg 0  invalid 762 tFOTS 4.9760 tGradient 2.4930 tsec 7.8460
#FOTS# QuadFit found better minimum quadopt=(dt=36.288,rms=0.587353) vs oldopt=(dt=25.92,rms=0.587633)
#GCMRL#  223 dt  36.288000 rms  0.587  0.232% neg 0  invalid 762 tFOTS 5.0820 tGradient 2.5470 tsec 8.0040
#FOTS# QuadFit found better minimum quadopt=(dt=145.152,rms=0.58649) vs oldopt=(dt=103.68,rms=0.586633)
#GCMRL#  224 dt 145.152000 rms  0.586  0.147% neg 0  invalid 762 tFOTS 5.0760 tGradient 2.4210 tsec 7.8840
#FOTS# QuadFit found better minimum quadopt=(dt=36.288,rms=0.586234) vs oldopt=(dt=25.92,rms=0.586284)
#GCMRL#  225 dt  36.288000 rms  0.586  0.000% neg 0  invalid 762 tFOTS 5.3740 tGradient 2.4500 tsec 8.2230
#GCMRL#  226 dt  36.288000 rms  0.586  0.031% neg 0  invalid 762 tFOTS 0.0000 tGradient 2.4370 tsec 2.7960
#GCMRL#  227 dt  36.288000 rms  0.586  0.052% neg 0  invalid 762 tFOTS 0.0000 tGradient 2.4940 tsec 2.8280
#GCMRL#  228 dt  36.288000 rms  0.585  0.081% neg 0  invalid 762 tFOTS 0.0000 tGradient 2.3350 tsec 2.6540
#GCMRL#  229 dt  36.288000 rms  0.585  0.111% neg 0  invalid 762 tFOTS 0.0000 tGradient 2.2560 tsec 2.5730
#GCMRL#  230 dt  36.288000 rms  0.584  0.131% neg 0  invalid 762 tFOTS 0.0000 tGradient 2.2470 tsec 2.5630
#GCMRL#  231 dt  36.288000 rms  0.583  0.139% neg 0  invalid 762 tFOTS 0.0000 tGradient 2.3250 tsec 2.6410
#GCMRL#  232 dt  36.288000 rms  0.582  0.148% neg 0  invalid 762 tFOTS 0.0000 tGradient 2.3150 tsec 2.6330
#GCMRL#  233 dt  36.288000 rms  0.581  0.149% neg 0  invalid 762 tFOTS 0.0000 tGradient 2.2900 tsec 2.6070
#GCMRL#  234 dt  36.288000 rms  0.580  0.155% neg 0  invalid 762 tFOTS 0.0000 tGradient 2.2740 tsec 2.5920
#GCMRL#  235 dt  36.288000 rms  0.579  0.162% neg 0  invalid 762 tFOTS 0.0000 tGradient 2.2280 tsec 2.5430
#GCMRL#  236 dt  36.288000 rms  0.579  0.164% neg 0  invalid 762 tFOTS 0.0000 tGradient 2.2520 tsec 2.5670
#GCMRL#  237 dt  36.288000 rms  0.578  0.163% neg 0  invalid 762 tFOTS 0.0000 tGradient 2.2650 tsec 2.5820
#GCMRL#  238 dt  36.288000 rms  0.577  0.157% neg 0  invalid 762 tFOTS 0.0000 tGradient 2.2760 tsec 2.5940
#GCMRL#  239 dt  36.288000 rms  0.576  0.146% neg 0  invalid 762 tFOTS 0.0000 tGradient 2.3410 tsec 2.6570
#GCMRL#  240 dt  36.288000 rms  0.575  0.149% neg 0  invalid 762 tFOTS 0.0000 tGradient 2.2490 tsec 2.5640
#GCMRL#  241 dt  36.288000 rms  0.574  0.146% neg 0  invalid 762 tFOTS 0.0000 tGradient 2.2690 tsec 2.5870
#GCMRL#  242 dt  36.288000 rms  0.573  0.147% neg 0  invalid 762 tFOTS 0.0000 tGradient 2.2510 tsec 2.5700
#GCMRL#  243 dt  36.288000 rms  0.572  0.145% neg 0  invalid 762 tFOTS 0.0000 tGradient 2.2460 tsec 2.5670
#GCMRL#  244 dt  36.288000 rms  0.572  0.140% neg 0  invalid 762 tFOTS 0.0000 tGradient 2.2800 tsec 2.5990
#GCMRL#  245 dt  36.288000 rms  0.571  0.130% neg 0  invalid 762 tFOTS 0.0000 tGradient 2.2310 tsec 2.5480
#GCMRL#  246 dt  36.288000 rms  0.570  0.122% neg 0  invalid 762 tFOTS 0.0000 tGradient 2.3120 tsec 2.6280
#GCMRL#  247 dt  36.288000 rms  0.570  0.117% neg 0  invalid 762 tFOTS 0.0000 tGradient 2.3200 tsec 2.6350
#GCMRL#  248 dt  36.288000 rms  0.569  0.116% neg 0  invalid 762 tFOTS 0.0000 tGradient 2.2900 tsec 2.6060
#GCMRL#  249 dt  36.288000 rms  0.568  0.112% neg 0  invalid 762 tFOTS 0.0000 tGradient 2.3550 tsec 2.6730
#GCMRL#  250 dt  36.288000 rms  0.568  0.107% neg 0  invalid 762 tFOTS 0.0000 tGradient 2.3450 tsec 2.6630
#GCMRL#  251 dt  36.288000 rms  0.567  0.098% neg 0  invalid 762 tFOTS 0.0000 tGradient 2.3880 tsec 2.7060
#GCMRL#  252 dt  36.288000 rms  0.567  0.098% neg 0  invalid 762 tFOTS 0.0000 tGradient 2.4020 tsec 2.7190
#GCMRL#  253 dt  36.288000 rms  0.566  0.094% neg 0  invalid 762 tFOTS 0.0000 tGradient 2.3560 tsec 2.6720
#GCMRL#  254 dt  36.288000 rms  0.565  0.093% neg 0  invalid 762 tFOTS 0.0000 tGradient 2.4120 tsec 2.7280
#GCMRL#  255 dt  36.288000 rms  0.565  0.087% neg 0  invalid 762 tFOTS 0.0000 tGradient 2.4570 tsec 2.7750
#GCMRL#  256 dt  36.288000 rms  0.564  0.086% neg 0  invalid 762 tFOTS 0.0000 tGradient 2.3080 tsec 2.6250
#GCMRL#  257 dt  36.288000 rms  0.564  0.079% neg 0  invalid 762 tFOTS 0.0000 tGradient 2.3420 tsec 2.6590
#GCMRL#  258 dt  36.288000 rms  0.564  0.069% neg 0  invalid 762 tFOTS 0.0000 tGradient 2.2800 tsec 2.6000
#GCMRL#  259 dt  36.288000 rms  0.563  0.064% neg 0  invalid 762 tFOTS 0.0000 tGradient 2.3220 tsec 2.6440
#GCMRL#  260 dt  36.288000 rms  0.563  0.066% neg 0  invalid 762 tFOTS 0.0000 tGradient 2.3310 tsec 2.6520
#GCMRL#  261 dt  36.288000 rms  0.563  0.061% neg 0  invalid 762 tFOTS 0.0000 tGradient 2.3840 tsec 2.7110
#GCMRL#  262 dt  36.288000 rms  0.562  0.065% neg 0  invalid 762 tFOTS 0.0000 tGradient 2.4380 tsec 2.7460
#GCMRL#  263 dt  36.288000 rms  0.562  0.063% neg 0  invalid 762 tFOTS 0.0000 tGradient 2.3840 tsec 2.6860
#GCMRL#  264 dt  36.288000 rms  0.562  0.061% neg 0  invalid 762 tFOTS 0.0000 tGradient 2.4320 tsec 2.7790
#GCMRL#  265 dt  36.288000 rms  0.561  0.058% neg 0  invalid 762 tFOTS 0.0000 tGradient 2.5370 tsec 2.8980
#GCMRL#  266 dt  36.288000 rms  0.561  0.054% neg 0  invalid 762 tFOTS 0.0000 tGradient 2.4660 tsec 2.8290
#GCMRL#  267 dt  36.288000 rms  0.561  0.050% neg 0  invalid 762 tFOTS 0.0000 tGradient 2.4210 tsec 2.7810
#GCMRL#  268 dt  36.288000 rms  0.560  0.052% neg 0  invalid 762 tFOTS 0.0000 tGradient 2.6940 tsec 3.0480
#GCMRL#  269 dt  36.288000 rms  0.560  0.053% neg 0  invalid 762 tFOTS 0.0000 tGradient 2.3460 tsec 2.6970
#GCMRL#  270 dt  36.288000 rms  0.560  0.051% neg 0  invalid 762 tFOTS 0.0000 tGradient 2.3530 tsec 2.7070
#GCMRL#  271 dt  36.288000 rms  0.559  0.054% neg 0  invalid 762 tFOTS 0.0000 tGradient 2.3900 tsec 2.7300
#GCMRL#  272 dt  36.288000 rms  0.559  0.045% neg 0  invalid 762 tFOTS 0.0000 tGradient 2.3690 tsec 2.7170
#GCMRL#  273 dt  36.288000 rms  0.559  0.043% neg 0  invalid 762 tFOTS 0.0000 tGradient 2.6940 tsec 3.0170
#GCMRL#  274 dt  36.288000 rms  0.559  0.041% neg 0  invalid 762 tFOTS 0.0000 tGradient 2.3510 tsec 2.6660
#GCMRL#  275 dt  36.288000 rms  0.558  0.041% neg 0  invalid 762 tFOTS 0.0000 tGradient 2.2400 tsec 2.5670
#GCMRL#  276 dt  36.288000 rms  0.558  0.042% neg 0  invalid 762 tFOTS 0.0000 tGradient 2.2470 tsec 2.5660
#GCMRL#  277 dt  36.288000 rms  0.558  0.044% neg 0  invalid 762 tFOTS 0.0000 tGradient 2.2850 tsec 2.6090
#GCMRL#  278 dt  36.288000 rms  0.558  0.047% neg 0  invalid 762 tFOTS 0.0000 tGradient 2.2230 tsec 2.5480
#GCMRL#  279 dt  36.288000 rms  0.557  0.047% neg 0  invalid 762 tFOTS 0.0000 tGradient 2.2280 tsec 2.5550
#GCMRL#  280 dt  36.288000 rms  0.557  0.046% neg 0  invalid 762 tFOTS 0.0000 tGradient 2.2320 tsec 2.5470
#GCMRL#  281 dt  36.288000 rms  0.557  0.042% neg 0  invalid 762 tFOTS 0.0000 tGradient 2.2310 tsec 2.5560
#GCMRL#  282 dt  36.288000 rms  0.557  0.037% neg 0  invalid 762 tFOTS 0.0000 tGradient 2.2450 tsec 2.5700
#GCMRL#  283 dt  36.288000 rms  0.557  0.037% neg 0  invalid 762 tFOTS 0.0000 tGradient 2.2370 tsec 2.5580
#GCMRL#  284 dt  36.288000 rms  0.556  0.036% neg 0  invalid 762 tFOTS 0.0000 tGradient 2.2930 tsec 2.6180
#GCMRL#  285 dt  36.288000 rms  0.556  0.037% neg 0  invalid 762 tFOTS 0.0000 tGradient 2.2380 tsec 2.5610
#GCMRL#  286 dt  36.288000 rms  0.556  0.042% neg 0  invalid 762 tFOTS 0.0000 tGradient 2.2480 tsec 2.6070
#GCMRL#  287 dt  36.288000 rms  0.556  0.040% neg 0  invalid 762 tFOTS 0.0000 tGradient 2.2790 tsec 2.6100
#GCMRL#  288 dt  36.288000 rms  0.555  0.040% neg 0  invalid 762 tFOTS 0.0000 tGradient 2.3080 tsec 2.6520
#GCMRL#  289 dt  36.288000 rms  0.555  0.037% neg 0  invalid 762 tFOTS 0.0000 tGradient 2.3070 tsec 2.6450
#GCMRL#  290 dt  36.288000 rms  0.555  0.033% neg 0  invalid 762 tFOTS 0.0000 tGradient 2.2820 tsec 2.6160
#GCMRL#  291 dt  36.288000 rms  0.555  0.032% neg 0  invalid 762 tFOTS 0.0000 tGradient 2.3220 tsec 2.6610
#GCMRL#  292 dt  36.288000 rms  0.555  0.031% neg 0  invalid 762 tFOTS 0.0000 tGradient 2.3310 tsec 2.6730
#GCMRL#  293 dt  36.288000 rms  0.555  0.033% neg 0  invalid 762 tFOTS 0.0000 tGradient 2.2650 tsec 2.6100
#GCMRL#  294 dt  36.288000 rms  0.554  0.034% neg 0  invalid 762 tFOTS 0.0000 tGradient 2.3130 tsec 2.6520
#GCMRL#  295 dt  36.288000 rms  0.554  0.035% neg 0  invalid 762 tFOTS 0.0000 tGradient 2.2600 tsec 2.6020
#GCMRL#  296 dt  36.288000 rms  0.554  0.034% neg 0  invalid 762 tFOTS 0.0000 tGradient 2.2730 tsec 2.6120
#GCMRL#  297 dt  36.288000 rms  0.554  0.031% neg 0  invalid 762 tFOTS 0.0000 tGradient 2.3120 tsec 2.6580
#GCMRL#  298 dt  36.288000 rms  0.554  0.028% neg 0  invalid 762 tFOTS 0.0000 tGradient 2.3580 tsec 2.6910
#GCMRL#  299 dt  36.288000 rms  0.554  0.028% neg 0  invalid 762 tFOTS 0.0000 tGradient 2.3310 tsec 2.6770
#GCMRL#  300 dt  36.288000 rms  0.553  0.028% neg 0  invalid 762 tFOTS 0.0000 tGradient 2.3290 tsec 2.6730
#GCMRL#  301 dt  36.288000 rms  0.553  0.028% neg 0  invalid 762 tFOTS 0.0000 tGradient 2.3720 tsec 2.7170
#GCMRL#  302 dt  36.288000 rms  0.553  0.029% neg 0  invalid 762 tFOTS 0.0000 tGradient 2.3710 tsec 2.7140
#GCMRL#  303 dt  36.288000 rms  0.553  0.028% neg 0  invalid 762 tFOTS 0.0000 tGradient 2.3580 tsec 2.7050
#GCMRL#  304 dt  36.288000 rms  0.553  0.029% neg 0  invalid 762 tFOTS 0.0000 tGradient 2.3290 tsec 2.6650
#GCMRL#  305 dt  36.288000 rms  0.553  0.029% neg 0  invalid 762 tFOTS 0.0000 tGradient 2.4360 tsec 2.7840
#GCMRL#  306 dt  36.288000 rms  0.552  0.026% neg 0  invalid 762 tFOTS 0.0000 tGradient 2.3440 tsec 2.6900
#GCMRL#  307 dt  36.288000 rms  0.552  0.021% neg 0  invalid 762 tFOTS 0.0000 tGradient 2.4180 tsec 2.7700
#GCMRL#  308 dt  36.288000 rms  0.552  0.022% neg 0  invalid 762 tFOTS 0.0000 tGradient 2.3460 tsec 2.6930
#GCMRL#  309 dt  36.288000 rms  0.552  0.023% neg 0  invalid 762 tFOTS 0.0000 tGradient 2.4800 tsec 2.8230
#GCMRL#  310 dt  36.288000 rms  0.552  0.022% neg 0  invalid 762 tFOTS 0.0000 tGradient 2.4730 tsec 2.8350
#FOTS# QuadFit found better minimum quadopt=(dt=580.608,rms=0.551681) vs oldopt=(dt=414.72,rms=0.551724)
#GCMRL#  311 dt 580.608000 rms  0.552  0.047% neg 0  invalid 762 tFOTS 4.6380 tGradient 2.3980 tsec 7.4130
#FOTS# QuadFit found better minimum quadopt=(dt=31.104,rms=0.551671) vs oldopt=(dt=25.92,rms=0.551672)
#GCMRL#  312 dt  31.104000 rms  0.552  0.000% neg 0  invalid 762 tFOTS 4.9710 tGradient 2.3910 tsec 7.7710
#GCMRL#  313 dt  31.104000 rms  0.552  0.000% neg 0  invalid 762 tFOTS 0.0000 tGradient 2.5370 tsec 2.8910

#GCAMreg# pass 0 level1 4 level2 1 tsec 470.049 sigma 0.5
l_jacobian=1.00 l_label=1.00 l_log_likelihood=0.20 l_smoothness=0.03 
tol=5.00e-02, dt=5.00e-02, exp_k=20.0, momentum=0.90, levels=6, niter=500, lbl_dist=10.00, avgs=64, sigma=0.5,type=2, relabel=0, neg=no

blurring input image with Gaussian with sigma=0.500...
GCAMRegisterLevel(): init RMS 0.552254
#FOTS# QuadFit found better minimum quadopt=(dt=145.152,rms=0.549257) vs oldopt=(dt=103.68,rms=0.549497)
#GCMRL#  315 dt 145.152000 rms  0.549  0.543% neg 0  invalid 762 tFOTS 4.7350 tGradient 2.4310 tsec 7.5270
#FOTS# QuadFit found better minimum quadopt=(dt=36.288,rms=0.548875) vs oldopt=(dt=25.92,rms=0.548926)
#GCMRL#  316 dt  36.288000 rms  0.549  0.069% neg 0  invalid 762 tFOTS 4.7300 tGradient 2.3870 tsec 7.4760
#FOTS# QuadFit found better minimum quadopt=(dt=82.944,rms=0.548727) vs oldopt=(dt=103.68,rms=0.548738)
#GCMRL#  317 dt  82.944000 rms  0.549  0.000% neg 0  invalid 762 tFOTS 4.7930 tGradient 2.4330 tsec 7.6170
#GCMRL#  318 dt  82.944000 rms  0.548  0.064% neg 0  invalid 762 tFOTS 0.0000 tGradient 2.4660 tsec 2.8210
#GCMRL#  319 dt  82.944000 rms  0.548  0.077% neg 0  invalid 762 tFOTS 0.0000 tGradient 2.4760 tsec 2.8300
#GCMRL#  320 dt  82.944000 rms  0.548  0.063% neg 0  invalid 762 tFOTS 0.0000 tGradient 2.5470 tsec 2.9030
#GCMRL#  321 dt  82.944000 rms  0.547  0.062% neg 0  invalid 762 tFOTS 0.0000 tGradient 2.3420 tsec 2.6910
#GCMRL#  322 dt  82.944000 rms  0.547  0.071% neg 0  invalid 762 tFOTS 0.0000 tGradient 2.3450 tsec 2.6870
#GCMRL#  323 dt  82.944000 rms  0.547  0.053% neg 0  invalid 762 tFOTS 0.0000 tGradient 2.5750 tsec 2.9160
#GCMRL#  324 dt  82.944000 rms  0.546  0.038% neg 0  invalid 762 tFOTS 0.0000 tGradient 2.2360 tsec 2.5770
#GCMRL#  325 dt  82.944000 rms  0.546  0.040% neg 0  invalid 762 tFOTS 0.0000 tGradient 2.1670 tsec 2.5080
#GCMRL#  326 dt  82.944000 rms  0.546  0.062% neg 0  invalid 762 tFOTS 0.0000 tGradient 2.2470 tsec 2.5850
#GCMRL#  327 dt  82.944000 rms  0.545  0.063% neg 0  invalid 762 tFOTS 0.0000 tGradient 2.2430 tsec 2.5820
#GCMRL#  328 dt  82.944000 rms  0.545  0.060% neg 0  invalid 762 tFOTS 0.0000 tGradient 2.2330 tsec 2.5720
#GCMRL#  329 dt  82.944000 rms  0.545  0.066% neg 0  invalid 762 tFOTS 0.0000 tGradient 2.2730 tsec 2.6170
#GCMRL#  330 dt  82.944000 rms  0.544  0.067% neg 0  invalid 762 tFOTS 0.0000 tGradient 2.2680 tsec 2.6170
#GCMRL#  331 dt  82.944000 rms  0.544  0.065% neg 0  invalid 762 tFOTS 0.0000 tGradient 2.5190 tsec 2.8750
#GCMRL#  332 dt  82.944000 rms  0.544  0.060% neg 0  invalid 762 tFOTS 0.0000 tGradient 2.7110 tsec 3.0370
#GCMRL#  333 dt  82.944000 rms  0.543  0.050% neg 0  invalid 762 tFOTS 0.0000 tGradient 2.0970 tsec 2.3770
#GCMRL#  334 dt  82.944000 rms  0.543  0.044% neg 0  invalid 762 tFOTS 0.0000 tGradient 2.1730 tsec 2.4640
#GCMRL#  335 dt  82.944000 rms  0.543  0.047% neg 0  invalid 762 tFOTS 0.0000 tGradient 2.2260 tsec 2.5200
#GCMRL#  336 dt  82.944000 rms  0.543  0.045% neg 0  invalid 762 tFOTS 0.0000 tGradient 2.1330 tsec 2.4280
#GCMRL#  337 dt  82.944000 rms  0.542  0.051% neg 0  invalid 762 tFOTS 0.0000 tGradient 2.1340 tsec 2.4060
#GCMRL#  338 dt  82.944000 rms  0.542  0.061% neg 0  invalid 762 tFOTS 0.0000 tGradient 2.1340 tsec 2.4110
#GCMRL#  339 dt  82.944000 rms  0.542  0.061% neg 0  invalid 762 tFOTS 0.0000 tGradient 2.0980 tsec 2.3810
#GCMRL#  340 dt  82.944000 rms  0.541  0.056% neg 0  invalid 762 tFOTS 0.0000 tGradient 2.0700 tsec 2.3580
#GCMRL#  341 dt  82.944000 rms  0.541  0.046% neg 0  invalid 762 tFOTS 0.0000 tGradient 2.1540 tsec 2.4400
#GCMRL#  342 dt  82.944000 rms  0.541  0.033% neg 0  invalid 762 tFOTS 0.0000 tGradient 2.1020 tsec 2.3930
#GCMRL#  343 dt  82.944000 rms  0.541  0.030% neg 0  invalid 762 tFOTS 0.0000 tGradient 2.0990 tsec 2.3770
#GCMRL#  344 dt  82.944000 rms  0.541  0.052% neg 0  invalid 762 tFOTS 0.0000 tGradient 2.2840 tsec 2.5630
#GCMRL#  345 dt  82.944000 rms  0.540  0.060% neg 0  invalid 762 tFOTS 0.0000 tGradient 2.2710 tsec 2.5470
#GCMRL#  346 dt  82.944000 rms  0.540  0.047% neg 0  invalid 762 tFOTS 0.0000 tGradient 2.0720 tsec 2.3440
#GCMRL#  347 dt  82.944000 rms  0.540  0.046% neg 0  invalid 762 tFOTS 0.0000 tGradient 2.0400 tsec 2.3210
#GCMRL#  348 dt  82.944000 rms  0.540  0.039% neg 0  invalid 762 tFOTS 0.0000 tGradient 2.2150 tsec 2.4900
#GCMRL#  349 dt  82.944000 rms  0.539  0.038% neg 0  invalid 762 tFOTS 0.0000 tGradient 2.1790 tsec 2.4580
#GCMRL#  350 dt  82.944000 rms  0.539  0.045% neg 0  invalid 762 tFOTS 0.0000 tGradient 2.2150 tsec 2.5050
#GCMRL#  351 dt  82.944000 rms  0.539  0.043% neg 0  invalid 762 tFOTS 0.0000 tGradient 2.2100 tsec 2.4870
#GCMRL#  352 dt  82.944000 rms  0.539  0.030% neg 0  invalid 762 tFOTS 0.0000 tGradient 2.2040 tsec 2.4810
#GCMRL#  353 dt  82.944000 rms  0.539  0.029% neg 0  invalid 762 tFOTS 0.0000 tGradient 2.2220 tsec 2.5070
#GCMRL#  354 dt  82.944000 rms  0.538  0.036% neg 0  invalid 762 tFOTS 0.0000 tGradient 2.2750 tsec 2.5530
#GCMRL#  355 dt  82.944000 rms  0.538  0.036% neg 0  invalid 762 tFOTS 0.0000 tGradient 2.2620 tsec 2.5490
#GCMRL#  356 dt  82.944000 rms  0.538  0.036% neg 0  invalid 762 tFOTS 0.0000 tGradient 2.2270 tsec 2.5110
#GCMRL#  357 dt  82.944000 rms  0.538  0.041% neg 0  invalid 762 tFOTS 0.0000 tGradient 2.1340 tsec 2.4130
#GCMRL#  358 dt  82.944000 rms  0.538  0.032% neg 0  invalid 762 tFOTS 0.0000 tGradient 2.1290 tsec 2.4110
#GCMRL#  359 dt  82.944000 rms  0.537  0.027% neg 0  invalid 762 tFOTS 0.0000 tGradient 2.2240 tsec 2.5080
#GCMRL#  360 dt  82.944000 rms  0.537  0.029% neg 0  invalid 762 tFOTS 0.0000 tGradient 2.1910 tsec 2.4880
#GCMRL#  361 dt  82.944000 rms  0.537  0.037% neg 0  invalid 762 tFOTS 0.0000 tGradient 2.2160 tsec 2.4970
#GCMRL#  362 dt  82.944000 rms  0.537  0.023% neg 0  invalid 762 tFOTS 0.0000 tGradient 2.2010 tsec 2.4820
#GCMRL#  363 dt  82.944000 rms  0.537  0.027% neg 0  invalid 762 tFOTS 0.0000 tGradient 2.2150 tsec 2.5010
#GCMRL#  364 dt  82.944000 rms  0.537  0.041% neg 0  invalid 762 tFOTS 0.0000 tGradient 2.2850 tsec 2.5720
#GCMRL#  365 dt  82.944000 rms  0.536  0.027% neg 0  invalid 762 tFOTS 0.0000 tGradient 2.2450 tsec 2.5300
#GCMRL#  366 dt  82.944000 rms  0.536  0.022% neg 0  invalid 762 tFOTS 0.0000 tGradient 2.1700 tsec 2.4500
#GCMRL#  367 dt  82.944000 rms  0.536  0.031% neg 0  invalid 762 tFOTS 0.0000 tGradient 2.2070 tsec 2.4850
#GCMRL#  368 dt  82.944000 rms  0.536  0.034% neg 0  invalid 762 tFOTS 0.0000 tGradient 2.2190 tsec 2.5060
#GCMRL#  369 dt  82.944000 rms  0.536  0.034% neg 0  invalid 762 tFOTS 0.0000 tGradient 2.2040 tsec 2.4880
#GCMRL#  370 dt  82.944000 rms  0.536  0.027% neg 0  invalid 762 tFOTS 0.0000 tGradient 2.2500 tsec 2.5230
#GCMRL#  371 dt  82.944000 rms  0.536  0.015% neg 0  invalid 762 tFOTS 0.0000 tGradient 2.0770 tsec 2.3550
#GCMRL#  372 dt  82.944000 rms  0.536  0.016% neg 0  invalid 762 tFOTS 0.0000 tGradient 2.0540 tsec 2.3400
#GCMRL#  373 dt  82.944000 rms  0.535  0.034% neg 0  invalid 762 tFOTS 0.0000 tGradient 2.0070 tsec 2.2850
#GCMRL#  374 dt  82.944000 rms  0.535  0.026% neg 0  invalid 762 tFOTS 0.0000 tGradient 2.4300 tsec 2.7500
#GCMRL#  375 dt  82.944000 rms  0.535  0.018% neg 0  invalid 762 tFOTS 0.0000 tGradient 2.0980 tsec 2.3830
#GCMRL#  376 dt  82.944000 rms  0.535  0.021% neg 0  invalid 762 tFOTS 0.0000 tGradient 2.2210 tsec 2.5050
#GCMRL#  377 dt  82.944000 rms  0.535  0.017% neg 0  invalid 762 tFOTS 0.0000 tGradient 2.1600 tsec 2.4680
#FOTS# QuadFit found better minimum quadopt=(dt=145.152,rms=0.534827) vs oldopt=(dt=103.68,rms=0.534835)
#GCMRL#  378 dt 145.152000 rms  0.535  0.000% neg 0  invalid 762 tFOTS 4.4560 tGradient 2.2370 tsec 7.0090
#GCMRL#  379 dt 145.152000 rms  0.535  0.000% neg 0  invalid 762 tFOTS 0.0000 tGradient 2.1640 tsec 2.4530
setting smoothness cost coefficient to 0.118

#GCAMreg# pass 0 level1 3 level2 0 tsec 0 sigma 2
l_jacobian=1.00 l_label=1.00 l_log_likelihood=0.20 l_smoothness=0.12 
tol=5.00e-02, dt=5.00e-02, exp_k=20.0, momentum=0.90, levels=6, niter=500, lbl_dist=10.00, avgs=16, sigma=2.0,type=2, relabel=0, neg=no

blurring input image with Gaussian with sigma=2.000...
GCAMRegisterLevel(): init RMS 0.549649
#FOTS# QuadFit found better minimum quadopt=(dt=9.6,rms=0.548803) vs oldopt=(dt=8,rms=0.548811)
#GCMRL#  381 dt   9.600000 rms  0.549  0.154% neg 0  invalid 762 tFOTS 4.2910 tGradient 1.8050 tsec 6.4060
#GCMRL#  382 dt   8.000000 rms  0.549  0.000% neg 0  invalid 762 tFOTS 4.1770 tGradient 1.8730 tsec 6.3640
#GCMRL#  383 dt   8.000000 rms  0.549  0.015% neg 0  invalid 762 tFOTS 0.0000 tGradient 1.8590 tsec 2.1370

#GCAMreg# pass 0 level1 3 level2 1 tsec 26.662 sigma 0.5
l_jacobian=1.00 l_label=1.00 l_log_likelihood=0.20 l_smoothness=0.12 
tol=5.00e-02, dt=5.00e-02, exp_k=20.0, momentum=0.90, levels=6, niter=500, lbl_dist=10.00, avgs=16, sigma=0.5,type=2, relabel=0, neg=no

blurring input image with Gaussian with sigma=0.500...
GCAMRegisterLevel(): init RMS 0.549197
#FOTS# QuadFit found better minimum quadopt=(dt=44.8,rms=0.547079) vs oldopt=(dt=32,rms=0.547232)
#GCMRL#  385 dt  44.800000 rms  0.547  0.386% neg 0  invalid 762 tFOTS 4.1040 tGradient 1.9510 tsec 6.3610
#FOTS# QuadFit found better minimum quadopt=(dt=102.4,rms=0.544509) vs oldopt=(dt=128,rms=0.544682)
#GCMRL#  386 dt 102.400000 rms  0.545  0.470% neg 0  invalid 762 tFOTS 4.1670 tGradient 1.8350 tsec 6.3140
#FOTS# QuadFit found better minimum quadopt=(dt=38.4,rms=0.542338) vs oldopt=(dt=32,rms=0.542397)
#GCMRL#  387 dt  38.400000 rms  0.542  0.399% neg 0  invalid 762 tFOTS 4.1350 tGradient 1.7430 tsec 6.1780
#FOTS# QuadFit found better minimum quadopt=(dt=38.4,rms=0.54085) vs oldopt=(dt=32,rms=0.540894)
#GCMRL#  388 dt  38.400000 rms  0.541  0.274% neg 0  invalid 762 tFOTS 3.9280 tGradient 1.8010 tsec 6.0410
#FOTS# QuadFit found better minimum quadopt=(dt=44.8,rms=0.539067) vs oldopt=(dt=32,rms=0.539208)
#GCMRL#  389 dt  44.800000 rms  0.539  0.330% neg 0  invalid 762 tFOTS 4.1950 tGradient 1.8060 tsec 6.3170
#FOTS# QuadFit found better minimum quadopt=(dt=25.6,rms=0.538021) vs oldopt=(dt=32,rms=0.538116)
#GCMRL#  390 dt  25.600000 rms  0.538  0.194% neg 0  invalid 762 tFOTS 4.2220 tGradient 1.7860 tsec 6.3270
#FOTS# QuadFit found better minimum quadopt=(dt=76.8,rms=0.53604) vs oldopt=(dt=128,rms=0.536608)
#GCMRL#  391 dt  76.800000 rms  0.536  0.368% neg 0  invalid 762 tFOTS 4.3380 tGradient 1.7720 tsec 6.4260
#FOTS# QuadFit found better minimum quadopt=(dt=11.2,rms=0.53505) vs oldopt=(dt=8,rms=0.535257)
#GCMRL#  392 dt  11.200000 rms  0.535  0.185% neg 0  invalid 762 tFOTS 4.2120 tGradient 1.8080 tsec 6.3340
#FOTS# QuadFit found better minimum quadopt=(dt=38.4,rms=0.534333) vs oldopt=(dt=32,rms=0.534334)
#GCMRL#  393 dt  38.400000 rms  0.534  0.134% neg 0  invalid 762 tFOTS 4.1530 tGradient 1.7330 tsec 6.1990
#FOTS# QuadFit found better minimum quadopt=(dt=44.8,rms=0.533044) vs oldopt=(dt=32,rms=0.533105)
#GCMRL#  394 dt  44.800000 rms  0.533  0.241% neg 0  invalid 762 tFOTS 4.3020 tGradient 1.7590 tsec 6.4190
#FOTS# QuadFit found better minimum quadopt=(dt=19.2,rms=0.532313) vs oldopt=(dt=32,rms=0.532544)
#GCMRL#  395 dt  19.200000 rms  0.532  0.137% neg 0  invalid 762 tFOTS 4.2670 tGradient 1.8170 tsec 6.3950
#FOTS# QuadFit found better minimum quadopt=(dt=307.2,rms=0.527902) vs oldopt=(dt=512,rms=0.528806)
#GCMRL#  396 dt 307.200000 rms  0.528  0.829% neg 0  invalid 762 tFOTS 4.3020 tGradient 1.7730 tsec 6.3950
#FOTS# QuadFit found better minimum quadopt=(dt=25.913,rms=0.52599) vs oldopt=(dt=8,rms=0.526471)
#GCMRL#  397 dt  25.913043 rms  0.526  0.362% neg 0  invalid 762 tFOTS 4.1380 tGradient 1.7120 tsec 6.1590
#FOTS# QuadFit found better minimum quadopt=(dt=25.6,rms=0.524707) vs oldopt=(dt=32,rms=0.524725)
#GCMRL#  398 dt  25.600000 rms  0.525  0.244% neg 0  invalid 762 tFOTS 4.1230 tGradient 1.8960 tsec 6.3260
#GCMRL#  399 dt  32.000000 rms  0.524  0.067% neg 0  invalid 762 tFOTS 4.2920 tGradient 1.8770 tsec 6.4810
#FOTS# QuadFit found better minimum quadopt=(dt=44.8,rms=0.523521) vs oldopt=(dt=32,rms=0.523661)
#GCMRL#  400 dt  44.800000 rms  0.524  0.159% neg 0  invalid 762 tFOTS 4.2730 tGradient 1.8480 tsec 6.4450
#FOTS# QuadFit found better minimum quadopt=(dt=11.2,rms=0.523352) vs oldopt=(dt=8,rms=0.523386)
#GCMRL#  401 dt  11.200000 rms  0.523  0.000% neg 0  invalid 762 tFOTS 4.5720 tGradient 1.8270 tsec 6.7380
#GCMRL#  402 dt  11.200000 rms  0.523  0.022% neg 0  invalid 762 tFOTS 0.0000 tGradient 1.7930 tsec 2.0920
#GCMRL#  403 dt  11.200000 rms  0.523  0.041% neg 0  invalid 762 tFOTS 0.0000 tGradient 1.7440 tsec 2.0460
#GCMRL#  404 dt  11.200000 rms  0.523  0.066% neg 0  invalid 762 tFOTS 0.0000 tGradient 1.7570 tsec 2.0560
#GCMRL#  405 dt  11.200000 rms  0.522  0.095% neg 0  invalid 762 tFOTS 0.0000 tGradient 1.9370 tsec 2.2410
#GCMRL#  406 dt  11.200000 rms  0.522  0.112% neg 0  invalid 762 tFOTS 0.0000 tGradient 1.7490 tsec 2.0530
#GCMRL#  407 dt  11.200000 rms  0.521  0.123% neg 0  invalid 762 tFOTS 0.0000 tGradient 1.7530 tsec 2.0540
#GCMRL#  408 dt  11.200000 rms  0.520  0.128% neg 0  invalid 762 tFOTS 0.0000 tGradient 1.7740 tsec 2.0760
#GCMRL#  409 dt  11.200000 rms  0.520  0.134% neg 0  invalid 762 tFOTS 0.0000 tGradient 1.7830 tsec 2.0880
#GCMRL#  410 dt  11.200000 rms  0.519  0.139% neg 0  invalid 762 tFOTS 0.0000 tGradient 1.7590 tsec 2.0630
#GCMRL#  411 dt  11.200000 rms  0.518  0.143% neg 0  invalid 762 tFOTS 0.0000 tGradient 1.7850 tsec 2.0890
#GCMRL#  412 dt  11.200000 rms  0.517  0.154% neg 0  invalid 762 tFOTS 0.0000 tGradient 1.7750 tsec 2.0800
#GCMRL#  413 dt  11.200000 rms  0.517  0.156% neg 0  invalid 762 tFOTS 0.0000 tGradient 1.7860 tsec 2.0890
#GCMRL#  414 dt  11.200000 rms  0.516  0.152% neg 0  invalid 762 tFOTS 0.0000 tGradient 1.7500 tsec 2.0530
#GCMRL#  415 dt  11.200000 rms  0.515  0.149% neg 0  invalid 762 tFOTS 0.0000 tGradient 1.7610 tsec 2.0640
#GCMRL#  416 dt  11.200000 rms  0.514  0.143% neg 0  invalid 762 tFOTS 0.0000 tGradient 1.8830 tsec 2.1780
#GCMRL#  417 dt  11.200000 rms  0.514  0.133% neg 0  invalid 762 tFOTS 0.0000 tGradient 1.7690 tsec 2.0950
#GCMRL#  418 dt  11.200000 rms  0.513  0.132% neg 0  invalid 762 tFOTS 0.0000 tGradient 1.8160 tsec 2.1160
#GCMRL#  419 dt  11.200000 rms  0.512  0.129% neg 0  invalid 762 tFOTS 0.0000 tGradient 1.7730 tsec 2.0950
#GCMRL#  420 dt  11.200000 rms  0.512  0.123% neg 0  invalid 762 tFOTS 0.0000 tGradient 1.8600 tsec 2.1560
#GCMRL#  421 dt  11.200000 rms  0.511  0.118% neg 0  invalid 762 tFOTS 0.0000 tGradient 1.8030 tsec 2.1000
#GCMRL#  422 dt  11.200000 rms  0.510  0.106% neg 0  invalid 762 tFOTS 0.0000 tGradient 1.7850 tsec 2.0850
#GCMRL#  423 dt  11.200000 rms  0.510  0.097% neg 0  invalid 762 tFOTS 0.0000 tGradient 1.8000 tsec 2.0960
#GCMRL#  424 dt  11.200000 rms  0.509  0.088% neg 0  invalid 762 tFOTS 0.0000 tGradient 1.8310 tsec 2.1270
#GCMRL#  425 dt  11.200000 rms  0.509  0.083% neg 0  invalid 762 tFOTS 0.0000 tGradient 1.7860 tsec 2.0850
#GCMRL#  426 dt  11.200000 rms  0.509  0.081% neg 0  invalid 762 tFOTS 0.0000 tGradient 1.8120 tsec 2.1090
#GCMRL#  427 dt  11.200000 rms  0.508  0.079% neg 0  invalid 762 tFOTS 0.0000 tGradient 1.7750 tsec 2.0930
#GCMRL#  428 dt  11.200000 rms  0.508  0.072% neg 0  invalid 762 tFOTS 0.0000 tGradient 1.7710 tsec 2.0740
#GCMRL#  429 dt  11.200000 rms  0.508  0.069% neg 0  invalid 762 tFOTS 0.0000 tGradient 1.7890 tsec 2.0910
#GCMRL#  430 dt  11.200000 rms  0.507  0.067% neg 0  invalid 762 tFOTS 0.0000 tGradient 1.8610 tsec 2.1650
#GCMRL#  431 dt  11.200000 rms  0.507  0.060% neg 0  invalid 762 tFOTS 0.0000 tGradient 1.7670 tsec 2.0730
#GCMRL#  432 dt  11.200000 rms  0.507  0.055% neg 0  invalid 762 tFOTS 0.0000 tGradient 1.8040 tsec 2.1040
#GCMRL#  433 dt  11.200000 rms  0.506  0.050% neg 0  invalid 762 tFOTS 0.0000 tGradient 1.8110 tsec 2.1100
#GCMRL#  434 dt  11.200000 rms  0.506  0.052% neg 0  invalid 762 tFOTS 0.0000 tGradient 1.7850 tsec 2.0880
#GCMRL#  435 dt  11.200000 rms  0.506  0.047% neg 0  invalid 762 tFOTS 0.0000 tGradient 1.8010 tsec 2.1010
#GCMRL#  436 dt  11.200000 rms  0.506  0.045% neg 0  invalid 762 tFOTS 0.0000 tGradient 1.8980 tsec 2.1990
#GCMRL#  437 dt  11.200000 rms  0.505  0.044% neg 0  invalid 762 tFOTS 0.0000 tGradient 1.7770 tsec 2.0790
#GCMRL#  438 dt  11.200000 rms  0.505  0.040% neg 0  invalid 762 tFOTS 0.0000 tGradient 1.7690 tsec 2.0660
#GCMRL#  439 dt  11.200000 rms  0.505  0.039% neg 0  invalid 762 tFOTS 0.0000 tGradient 1.7490 tsec 2.0740
#GCMRL#  440 dt  11.200000 rms  0.505  0.035% neg 0  invalid 762 tFOTS 0.0000 tGradient 1.8270 tsec 2.1200
#GCMRL#  441 dt  11.200000 rms  0.505  0.038% neg 0  invalid 762 tFOTS 0.0000 tGradient 1.7420 tsec 2.0410
#GCMRL#  442 dt  11.200000 rms  0.504  0.040% neg 0  invalid 762 tFOTS 0.0000 tGradient 1.7050 tsec 2.0040
#GCMRL#  443 dt  11.200000 rms  0.504  0.039% neg 0  invalid 762 tFOTS 0.0000 tGradient 1.7420 tsec 2.0460
#GCMRL#  444 dt  11.200000 rms  0.504  0.041% neg 0  invalid 762 tFOTS 0.0000 tGradient 1.7220 tsec 2.0590
#GCMRL#  445 dt  11.200000 rms  0.504  0.039% neg 0  invalid 762 tFOTS 0.0000 tGradient 1.7750 tsec 2.0700
#GCMRL#  446 dt  11.200000 rms  0.504  0.034% neg 0  invalid 762 tFOTS 0.0000 tGradient 1.9040 tsec 2.2000
#GCMRL#  447 dt  11.200000 rms  0.503  0.037% neg 0  invalid 762 tFOTS 0.0000 tGradient 1.6660 tsec 1.9690
#GCMRL#  448 dt  11.200000 rms  0.503  0.031% neg 0  invalid 762 tFOTS 0.0000 tGradient 1.6960 tsec 1.9940
#GCMRL#  449 dt  11.200000 rms  0.503  0.034% neg 0  invalid 762 tFOTS 0.0000 tGradient 1.6540 tsec 1.9540
#GCMRL#  450 dt  11.200000 rms  0.503  0.035% neg 0  invalid 762 tFOTS 0.0000 tGradient 1.7030 tsec 1.9900
#GCMRL#  451 dt  11.200000 rms  0.503  0.032% neg 0  invalid 762 tFOTS 0.0000 tGradient 1.6640 tsec 1.9500
#GCMRL#  452 dt  11.200000 rms  0.503  0.032% neg 0  invalid 762 tFOTS 0.0000 tGradient 1.7380 tsec 2.0220
#GCMRL#  453 dt  11.200000 rms  0.503  0.032% neg 0  invalid 762 tFOTS 0.0000 tGradient 1.6830 tsec 1.9780
#GCMRL#  454 dt  11.200000 rms  0.502  0.028% neg 0  invalid 762 tFOTS 0.0000 tGradient 1.6850 tsec 1.9760
#GCMRL#  455 dt  11.200000 rms  0.502  0.030% neg 0  invalid 762 tFOTS 0.0000 tGradient 1.7650 tsec 2.0710
#GCMRL#  456 dt  11.200000 rms  0.502  0.027% neg 0  invalid 762 tFOTS 0.0000 tGradient 1.7450 tsec 2.0430
#GCMRL#  457 dt  11.200000 rms  0.502  0.029% neg 0  invalid 762 tFOTS 0.0000 tGradient 1.7040 tsec 2.0020
#GCMRL#  458 dt  11.200000 rms  0.502  0.027% neg 0  invalid 762 tFOTS 0.0000 tGradient 1.7010 tsec 2.0020
#GCMRL#  459 dt  11.200000 rms  0.502  0.027% neg 0  invalid 762 tFOTS 0.0000 tGradient 1.6980 tsec 2.0060
#GCMRL#  460 dt  11.200000 rms  0.502  0.024% neg 0  invalid 762 tFOTS 0.0000 tGradient 1.7080 tsec 2.0170
#GCMRL#  461 dt  11.200000 rms  0.501  0.024% neg 0  invalid 762 tFOTS 0.0000 tGradient 1.6730 tsec 1.9720
#GCMRL#  462 dt  11.200000 rms  0.501  0.026% neg 0  invalid 762 tFOTS 0.0000 tGradient 1.7050 tsec 2.0080
#GCMRL#  463 dt  11.200000 rms  0.501  0.026% neg 0  invalid 762 tFOTS 0.0000 tGradient 1.6910 tsec 1.9950
#GCMRL#  464 dt  11.200000 rms  0.501  0.022% neg 0  invalid 762 tFOTS 0.0000 tGradient 1.7950 tsec 2.1020
#GCMRL#  465 dt  11.200000 rms  0.501  0.022% neg 0  invalid 762 tFOTS 0.0000 tGradient 1.7220 tsec 2.0210
#GCMRL#  466 dt  11.200000 rms  0.501  0.022% neg 0  invalid 762 tFOTS 0.0000 tGradient 1.6900 tsec 2.0170
#FOTS# QuadFit found better minimum quadopt=(dt=44.8,rms=0.500785) vs oldopt=(dt=32,rms=0.500793)
#GCMRL#  467 dt  44.800000 rms  0.501  0.000% neg 0  invalid 762 tFOTS 4.2350 tGradient 1.8370 tsec 6.4070
setting smoothness cost coefficient to 0.400

#GCAMreg# pass 0 level1 2 level2 0 tsec 0 sigma 2
l_jacobian=1.00 l_label=1.00 l_log_likelihood=0.20 l_smoothness=0.40 
tol=5.00e-02, dt=5.00e-02, exp_k=20.0, momentum=0.90, levels=6, niter=500, lbl_dist=10.00, avgs=4, sigma=2.0,type=2, relabel=0, neg=no

blurring input image with Gaussian with sigma=2.000...
GCAMRegisterLevel(): init RMS 0.531028
#GCMRL#  469 dt   0.000000 rms  0.531  0.091% neg 0  invalid 762 tFOTS 3.9960 tGradient 1.5480 tsec 5.8480
#GCMRL#  470 dt   0.150000 rms  0.531  0.000% neg 0  invalid 762 tFOTS 4.0240 tGradient 1.5350 tsec 6.1350

#GCAMreg# pass 0 level1 2 level2 1 tsec 23.419 sigma 0.5
l_jacobian=1.00 l_label=1.00 l_log_likelihood=0.20 l_smoothness=0.40 
tol=5.00e-02, dt=5.00e-02, exp_k=20.0, momentum=0.90, levels=6, niter=500, lbl_dist=10.00, avgs=4, sigma=0.5,type=2, relabel=0, neg=no

blurring input image with Gaussian with sigma=0.500...
GCAMRegisterLevel(): init RMS 0.531028
#GCMRL#  472 dt   0.000000 rms  0.531  0.091% neg 0  invalid 762 tFOTS 4.0840 tGradient 1.6010 tsec 6.0040
#GCMRL#  473 dt   0.150000 rms  0.531  0.000% neg 0  invalid 762 tFOTS 4.0660 tGradient 1.6150 tsec 6.2300
setting smoothness cost coefficient to 1.000

#GCAMreg# pass 0 level1 1 level2 0 tsec 0 sigma 2
l_jacobian=1.00 l_label=1.00 l_log_likelihood=0.20 l_smoothness=1.00 
tol=5.00e-02, dt=5.00e-02, exp_k=20.0, momentum=0.90, levels=6, niter=500, lbl_dist=10.00, avgs=1, sigma=2.0,type=2, relabel=0, neg=no

blurring input image with Gaussian with sigma=2.000...
GCAMRegisterLevel(): init RMS 0.589216
#FOTS# QuadFit found better minimum quadopt=(dt=1.02952,rms=0.586144) vs oldopt=(dt=1.28,rms=0.586177)
#GCMRL#  475 dt   1.029520 rms  0.586  0.521% neg 0  invalid 762 tFOTS 3.8650 tGradient 1.4060 tsec 5.5940
#FOTS# QuadFit found better minimum quadopt=(dt=0.192,rms=0.586086) vs oldopt=(dt=0.32,rms=0.586101)
#GCMRL#  476 dt   0.192000 rms  0.586  0.000% neg 0  invalid 762 tFOTS 3.7990 tGradient 1.3700 tsec 5.5000

#GCAMreg# pass 0 level1 1 level2 1 tsec 22.369 sigma 0.5
l_jacobian=1.00 l_label=1.00 l_log_likelihood=0.20 l_smoothness=1.00 
tol=5.00e-02, dt=5.00e-02, exp_k=20.0, momentum=0.90, levels=6, niter=500, lbl_dist=10.00, avgs=1, sigma=0.5,type=2, relabel=0, neg=no

blurring input image with Gaussian with sigma=0.500...
GCAMRegisterLevel(): init RMS 0.58652
#FOTS# QuadFit found better minimum quadopt=(dt=0.448,rms=0.58586) vs oldopt=(dt=0.32,rms=0.585872)
#GCMRL#  478 dt   0.448000 rms  0.586  0.112% neg 0  invalid 762 tFOTS 3.9120 tGradient 1.5210 tsec 5.7490
#FOTS# QuadFit found better minimum quadopt=(dt=0.028,rms=0.58587) vs oldopt=(dt=0.02,rms=0.58587)
#GCMRL#  479 dt   0.028000 rms  0.586  0.000% neg 0  invalid 762 tFOTS 3.6650 tGradient 1.2730 tsec 5.4680
#GCMRL#  480 dt   0.028000 rms  0.586  0.000% neg 0  invalid 762 tFOTS 0.0000 tGradient 1.2750 tsec 1.5620
resetting metric properties...
setting smoothness cost coefficient to 2.000

#GCAMreg# pass 0 level1 0 level2 0 tsec 0 sigma 2
l_jacobian=1.00 l_label=1.00 l_log_likelihood=0.20 l_smoothness=2.00 
tol=5.00e-02, dt=5.00e-02, exp_k=20.0, momentum=0.90, levels=6, niter=500, lbl_dist=10.00, avgs=0, sigma=2.0,type=2, relabel=0, neg=no

blurring input image with Gaussian with sigma=2.000...
GCAMRegisterLevel(): init RMS 0.507405
#FOTS# QuadFit found better minimum quadopt=(dt=0.448,rms=0.493084) vs oldopt=(dt=0.32,rms=0.496866)
#GCMRL#  482 dt   0.448000 rms  0.493  2.823% neg 0  invalid 762 tFOTS 3.4700 tGradient 0.8240 tsec 4.6070
#FOTS# QuadFit found better minimum quadopt=(dt=0.448,rms=0.490006) vs oldopt=(dt=0.32,rms=0.49086)
#GCMRL#  483 dt   0.448000 rms  0.490  0.624% neg 0  invalid 762 tFOTS 3.5050 tGradient 0.8240 tsec 4.6490
#FOTS# QuadFit found better minimum quadopt=(dt=0.448,rms=0.488186) vs oldopt=(dt=0.32,rms=0.488697)
#GCMRL#  484 dt   0.448000 rms  0.488  0.371% neg 0  invalid 762 tFOTS 3.6560 tGradient 0.8090 tsec 4.7840
#FOTS# QuadFit found better minimum quadopt=(dt=0.448,rms=0.487044) vs oldopt=(dt=0.32,rms=0.487358)
#GCMRL#  485 dt   0.448000 rms  0.487  0.234% neg 0  invalid 762 tFOTS 3.5200 tGradient 0.8180 tsec 4.6540
#FOTS# QuadFit found better minimum quadopt=(dt=0.448,rms=0.486183) vs oldopt=(dt=0.32,rms=0.486419)
#GCMRL#  486 dt   0.448000 rms  0.486  0.177% neg 0  invalid 762 tFOTS 3.6020 tGradient 0.8250 tsec 4.7590
#FOTS# QuadFit found better minimum quadopt=(dt=0.448,rms=0.485556) vs oldopt=(dt=0.32,rms=0.485724)
#GCMRL#  487 dt   0.448000 rms  0.486  0.129% neg 0  invalid 762 tFOTS 3.8900 tGradient 0.8100 tsec 5.0250
#FOTS# QuadFit found better minimum quadopt=(dt=0.448,rms=0.485031) vs oldopt=(dt=0.32,rms=0.485171)
#GCMRL#  488 dt   0.448000 rms  0.485  0.108% neg 0  invalid 762 tFOTS 3.7980 tGradient 0.8130 tsec 4.9160
#FOTS# QuadFit found better minimum quadopt=(dt=0.448,rms=0.484638) vs oldopt=(dt=0.32,rms=0.484739)
#GCMRL#  489 dt   0.448000 rms  0.485  0.081% neg 0  invalid 762 tFOTS 3.8820 tGradient 0.8090 tsec 5.0510
#FOTS# QuadFit found better minimum quadopt=(dt=0.448,rms=0.484292) vs oldopt=(dt=0.32,rms=0.48438)
#GCMRL#  490 dt   0.448000 rms  0.484  0.071% neg 0  invalid 762 tFOTS 3.7430 tGradient 0.9010 tsec 4.9650
#FOTS# QuadFit found better minimum quadopt=(dt=0.448,rms=0.484005) vs oldopt=(dt=0.32,rms=0.484071)
#GCMRL#  491 dt   0.448000 rms  0.484  0.059% neg 0  invalid 762 tFOTS 3.7970 tGradient 0.8420 tsec 4.9610
#FOTS# QuadFit found better minimum quadopt=(dt=0.448,rms=0.483767) vs oldopt=(dt=0.32,rms=0.483825)
#GCMRL#  492 dt   0.448000 rms  0.484  0.000% neg 0  invalid 762 tFOTS 3.6770 tGradient 0.8070 tsec 4.8300
#GCMRL#  493 dt   0.448000 rms  0.484  0.043% neg 0  invalid 762 tFOTS 0.0000 tGradient 0.8230 tsec 1.1310
#GCMRL#  494 dt   0.448000 rms  0.483  0.073% neg 0  invalid 762 tFOTS 0.0000 tGradient 0.8070 tsec 1.1250
#GCMRL#  495 dt   0.224000 rms  0.483  0.021% neg 0  invalid 762 tFOTS 0.0000 tGradient 0.8240 tsec 1.4540
#GCMRL#  496 dt   0.224000 rms  0.483  0.030% neg 0  invalid 762 tFOTS 0.0000 tGradient 0.7650 tsec 1.0730
#GCMRL#  497 dt   0.224000 rms  0.483  0.010% neg 0  invalid 762 tFOTS 0.0000 tGradient 0.8100 tsec 1.2800
#GCMRL#  498 dt   0.224000 rms  0.483  0.023% neg 0  invalid 762 tFOTS 0.0000 tGradient 0.7970 tsec 1.2030
#GCMRL#  499 dt   0.224000 rms  0.483  0.033% neg 0  invalid 762 tFOTS 0.0000 tGradient 0.7900 tsec 1.0870
#GCMRL#  500 dt   0.224000 rms  0.483  0.010% neg 0  invalid 762 tFOTS 0.0000 tGradient 0.7370 tsec 1.2120
#GCMRL#  501 dt   0.224000 rms  0.483  0.017% neg 0  invalid 762 tFOTS 0.0000 tGradient 0.7810 tsec 1.1030
#GCMRL#  502 dt   0.224000 rms  0.482  0.021% neg 0  invalid 762 tFOTS 0.0000 tGradient 0.7830 tsec 1.1010
#GCMRL#  503 dt   0.224000 rms  0.482  0.026% neg 0  invalid 762 tFOTS 0.0000 tGradient 0.9180 tsec 1.2210
#GCMRL#  504 dt   0.224000 rms  0.482  0.029% neg 0  invalid 762 tFOTS 0.0000 tGradient 0.7610 tsec 1.0560
#GCMRL#  505 dt   0.224000 rms  0.482  0.030% neg 0  invalid 762 tFOTS 0.0000 tGradient 0.7770 tsec 1.0620
#GCMRL#  506 dt   0.224000 rms  0.482  0.028% neg 0  invalid 762 tFOTS 0.0000 tGradient 0.7610 tsec 1.0420
#GCMRL#  507 dt   0.224000 rms  0.482  0.027% neg 0  invalid 762 tFOTS 0.0000 tGradient 0.7840 tsec 1.1060
#GCMRL#  508 dt   0.224000 rms  0.482  0.021% neg 0  invalid 762 tFOTS 0.0000 tGradient 0.8850 tsec 1.1890
#GCMRL#  509 dt   0.224000 rms  0.482  0.001% neg 0  invalid 762 tFOTS 0.0000 tGradient 0.7730 tsec 1.2310
#FOTS# QuadFit found better minimum quadopt=(dt=0.192,rms=0.481614) vs oldopt=(dt=0.32,rms=0.481615)
#GCMRL#  510 dt   0.192000 rms  0.482  0.002% neg 0  invalid 762 tFOTS 3.3060 tGradient 0.7620 tsec 4.3710
#FOTS# QuadFit found better minimum quadopt=(dt=0.112,rms=0.481614) vs oldopt=(dt=0.08,rms=0.481615)

#GCAMreg# pass 0 level1 0 level2 1 tsec 91.251 sigma 0.5
l_jacobian=1.00 l_label=1.00 l_log_likelihood=0.20 l_smoothness=2.00 
tol=5.00e-02, dt=5.00e-02, exp_k=20.0, momentum=0.90, levels=6, niter=500, lbl_dist=10.00, avgs=0, sigma=0.5,type=2, relabel=0, neg=no

blurring input image with Gaussian with sigma=0.500...
GCAMRegisterLevel(): init RMS 0.482143
#FOTS# QuadFit found better minimum quadopt=(dt=0.239583,rms=0.479434) vs oldopt=(dt=0.08,rms=0.48087)
#GCMRL#  512 dt   0.239583 rms  0.479  0.562% neg 0  invalid 762 tFOTS 3.3220 tGradient 0.7950 tsec 4.4610
#FOTS# QuadFit found better minimum quadopt=(dt=0.384,rms=0.477709) vs oldopt=(dt=0.32,rms=0.477984)
#GCMRL#  513 dt   0.384000 rms  0.478  0.360% neg 0  invalid 762 tFOTS 3.7270 tGradient 0.7730 tsec 4.8180
#FOTS# QuadFit found better minimum quadopt=(dt=0.384,rms=0.477318) vs oldopt=(dt=0.32,rms=0.477377)
#GCMRL#  514 dt   0.384000 rms  0.477  0.082% neg 0  invalid 762 tFOTS 3.5790 tGradient 0.7720 tsec 4.6470
#FOTS# QuadFit found better minimum quadopt=(dt=0.384,rms=0.477212) vs oldopt=(dt=0.32,rms=0.477225)
#GCMRL#  515 dt   0.384000 rms  0.477  0.000% neg 0  invalid 762 tFOTS 3.6850 tGradient 0.7800 tsec 4.7970
#GCMRL#  516 dt   0.384000 rms  0.477  0.013% neg 0  invalid 762 tFOTS 0.0000 tGradient 0.7720 tsec 1.0700
#GCMRL#  517 dt   0.384000 rms  0.477  0.011% neg 0  invalid 762 tFOTS 0.0000 tGradient 0.7670 tsec 1.0890
#GCMRL#  518 dt   0.192000 rms  0.477  0.001% neg 0  invalid 762 tFOTS 0.0000 tGradient 0.7700 tsec 1.3900
#FOTS# QuadFit found better minimum quadopt=(dt=0.112,rms=0.477087) vs oldopt=(dt=0.08,rms=0.477089)
GCAMregister done in 26.6509 min
********************* ALLOWING NEGATIVE NODES IN DEFORMATION********************************
noneg post
Starting GCAMregister()
label assignment complete, 0 changed (0.00%)
npasses = 1, nlevels = 6
#pass# 1 of 1 ************************
enabling zero nodes
setting smoothness cost coefficient to 0.008

#GCAMreg# pass 0 level1 5 level2 0 tsec 0 sigma 2
l_jacobian=1.00 l_label=1.00 l_log_likelihood=0.20 l_smoothness=0.01 
tol=2.50e-01, dt=5.00e-02, exp_k=20.0, momentum=0.90, levels=6, niter=500, lbl_dist=10.00, avgs=256, sigma=2.0,type=2, relabel=0, neg=yes

blurring input image with Gaussian with sigma=2.000...
GCAMRegisterLevel(): init RMS 0.475303
#GCMRL#  520 dt   0.000000 rms  0.475  0.114% neg 0  invalid 762 tFOTS 4.8360 tGradient 2.4640 tsec 7.6440

#GCAMreg# pass 0 level1 5 level2 1 tsec 24.65 sigma 0.5
l_jacobian=1.00 l_label=1.00 l_log_likelihood=0.20 l_smoothness=0.01 
tol=2.50e-01, dt=5.00e-02, exp_k=20.0, momentum=0.90, levels=6, niter=500, lbl_dist=10.00, avgs=256, sigma=0.5,type=2, relabel=0, neg=yes

blurring input image with Gaussian with sigma=0.500...
GCAMRegisterLevel(): init RMS 0.475303
#FOTS# QuadFit found better minimum quadopt=(dt=295.936,rms=0.474164) vs oldopt=(dt=369.92,rms=0.474232)
#GCMRL#  522 dt 295.936000 rms  0.474  0.240% neg 0  invalid 762 tFOTS 4.6920 tGradient 2.5190 tsec 7.5250
#FOTS# QuadFit found better minimum quadopt=(dt=110.976,rms=0.473967) vs oldopt=(dt=92.48,rms=0.47397)
#GCMRL#  523 dt 110.976000 rms  0.474  0.000% neg 0  invalid 762 tFOTS 4.8240 tGradient 2.6210 tsec 7.7980
#GCMRL#  524 dt 110.976000 rms  0.474  0.011% neg 0  invalid 762 tFOTS 0.0000 tGradient 2.6030 tsec 2.9100
#GCMRL#  525 dt 110.976000 rms  0.474  0.034% neg 0  invalid 762 tFOTS 0.0000 tGradient 2.6820 tsec 2.9960
#GCMRL#  526 dt 110.976000 rms  0.474  0.035% neg 0  invalid 762 tFOTS 0.0000 tGradient 2.5800 tsec 2.8910
#GCMRL#  527 dt 110.976000 rms  0.474  0.017% neg 0  invalid 762 tFOTS 0.0000 tGradient 2.4450 tsec 2.7510
setting smoothness cost coefficient to 0.031

#GCAMreg# pass 0 level1 4 level2 0 tsec 0 sigma 2
l_jacobian=1.00 l_label=1.00 l_log_likelihood=0.20 l_smoothness=0.03 
tol=2.50e-01, dt=5.00e-02, exp_k=20.0, momentum=0.90, levels=6, niter=500, lbl_dist=10.00, avgs=64, sigma=2.0,type=2, relabel=0, neg=yes

blurring input image with Gaussian with sigma=2.000...
GCAMRegisterLevel(): init RMS 0.474005
#FOTS# QuadFit found better minimum quadopt=(dt=9.072,rms=0.473465) vs oldopt=(dt=6.48,rms=0.473467)
#GCMRL#  529 dt   9.072000 rms  0.473  0.114% neg 0  invalid 762 tFOTS 4.9310 tGradient 2.0780 tsec 7.3250
#FOTS# QuadFit found better minimum quadopt=(dt=7.776,rms=0.473454) vs oldopt=(dt=6.48,rms=0.473454)
#GCMRL#  530 dt   7.776000 rms  0.473  0.000% neg 0  invalid 762 tFOTS 4.6790 tGradient 2.0320 tsec 7.0380
#GCMRL#  531 dt   7.776000 rms  0.473  0.002% neg 0  invalid 762 tFOTS 0.0000 tGradient 1.9200 tsec 2.2190

#GCAMreg# pass 0 level1 4 level2 1 tsec 28.295 sigma 0.5
l_jacobian=1.00 l_label=1.00 l_log_likelihood=0.20 l_smoothness=0.03 
tol=2.50e-01, dt=5.00e-02, exp_k=20.0, momentum=0.90, levels=6, niter=500, lbl_dist=10.00, avgs=64, sigma=0.5,type=2, relabel=0, neg=yes

blurring input image with Gaussian with sigma=0.500...
GCAMRegisterLevel(): init RMS 0.473967
#FOTS# QuadFit found better minimum quadopt=(dt=145.152,rms=0.47125) vs oldopt=(dt=103.68,rms=0.471535)
#GCMRL#  533 dt 145.152000 rms  0.471  0.573% neg 0  invalid 762 tFOTS 4.4700 tGradient 1.9090 tsec 6.6820
#FOTS# QuadFit found better minimum quadopt=(dt=31.104,rms=0.470773) vs oldopt=(dt=25.92,rms=0.470786)
#GCMRL#  534 dt  31.104000 rms  0.471  0.000% neg 0  invalid 762 tFOTS 4.8730 tGradient 1.9230 tsec 7.1150
#GCMRL#  535 dt  31.104000 rms  0.471  0.029% neg 0  invalid 762 tFOTS 0.0000 tGradient 2.0450 tsec 2.3400
#GCMRL#  536 dt  31.104000 rms  0.470  0.055% neg 0  invalid 762 tFOTS 0.0000 tGradient 2.0060 tsec 2.3010
#GCMRL#  537 dt  31.104000 rms  0.470  0.084% neg 0  invalid 762 tFOTS 0.0000 tGradient 1.9990 tsec 2.3030
#GCMRL#  538 dt  31.104000 rms  0.469  0.112% neg 0  invalid 762 tFOTS 0.0000 tGradient 2.0340 tsec 2.3270
#GCMRL#  539 dt  31.104000 rms  0.469  0.125% neg 0  invalid 762 tFOTS 0.0000 tGradient 1.9850 tsec 2.2690
#GCMRL#  540 dt  31.104000 rms  0.468  0.116% neg 0  invalid 762 tFOTS 0.0000 tGradient 2.0420 tsec 2.3330
#GCMRL#  541 dt  31.104000 rms  0.468  0.094% neg 0  invalid 762 tFOTS 0.0000 tGradient 1.9720 tsec 2.2870
#FOTS# QuadFit found better minimum quadopt=(dt=145.152,rms=0.467778) vs oldopt=(dt=103.68,rms=0.467789)
#GCMRL#  542 dt 145.152000 rms  0.468  0.000% neg 0  invalid 762 tFOTS 4.5420 tGradient 1.9540 tsec 6.8270
#GCMRL#  543 dt 145.152000 rms  0.467  0.106% neg 0  invalid 762 tFOTS 0.0000 tGradient 1.8650 tsec 2.1650
setting smoothness cost coefficient to 0.118

#GCAMreg# pass 0 level1 3 level2 0 tsec 0 sigma 2
l_jacobian=1.00 l_label=1.00 l_log_likelihood=0.20 l_smoothness=0.12 
tol=2.50e-01, dt=5.00e-02, exp_k=20.0, momentum=0.90, levels=6, niter=500, lbl_dist=10.00, avgs=16, sigma=2.0,type=2, relabel=0, neg=yes

blurring input image with Gaussian with sigma=2.000...
GCAMRegisterLevel(): init RMS 0.468082
#FOTS# QuadFit found better minimum quadopt=(dt=29.7228,rms=0.465862) vs oldopt=(dt=32,rms=0.465889)
#GCMRL#  545 dt  29.722846 rms  0.466  0.474% neg 0  invalid 762 tFOTS 4.9630 tGradient 1.6300 tsec 6.9130
#FOTS# QuadFit found better minimum quadopt=(dt=69.2706,rms=0.463246) vs oldopt=(dt=32,rms=0.463809)
iter 0, gcam->neg = 4
after 2 iterations, nbhd size=0, neg = 0
#GCMRL#  546 dt  69.270588 rms  0.463  0.562% neg 0  invalid 762 tFOTS 4.8700 tGradient 1.6120 tsec 8.3130
#FOTS# QuadFit found better minimum quadopt=(dt=25.2739,rms=0.46209) vs oldopt=(dt=32,rms=0.462247)
#GCMRL#  547 dt  25.273885 rms  0.462  0.000% neg 0  invalid 762 tFOTS 4.9070 tGradient 1.4610 tsec 6.7140
#GCMRL#  548 dt  25.273885 rms  0.461  0.252% neg 0  invalid 762 tFOTS 0.0000 tGradient 1.3910 tsec 1.7000
#GCMRL#  549 dt  25.273885 rms  0.460  0.261% neg 0  invalid 762 tFOTS 0.0000 tGradient 1.4650 tsec 1.7760
#GCMRL#  550 dt  25.273885 rms  0.458  0.279% neg 0  invalid 762 tFOTS 0.0000 tGradient 1.3790 tsec 1.6810
iter 0, gcam->neg = 8
after 3 iterations, nbhd size=0, neg = 0
#GCMRL#  551 dt  25.273885 rms  0.457  0.210% neg 0  invalid 762 tFOTS 0.0000 tGradient 1.4040 tsec 3.5110
iter 0, gcam->neg = 12
after 2 iterations, nbhd size=0, neg = 0
#GCMRL#  552 dt  25.273885 rms  0.456  0.230% neg 0  invalid 762 tFOTS 0.0000 tGradient 1.3910 tsec 3.1290
iter 0, gcam->neg = 10
after 6 iterations, nbhd size=0, neg = 0
#GCMRL#  553 dt  25.273885 rms  0.455  0.226% neg 0  invalid 762 tFOTS 0.0000 tGradient 1.4130 tsec 4.5430
iter 0, gcam->neg = 12
after 2 iterations, nbhd size=0, neg = 0
#GCMRL#  554 dt  25.273885 rms  0.455  0.196% neg 0  invalid 762 tFOTS 0.0000 tGradient 1.3970 tsec 3.1780
iter 0, gcam->neg = 20
after 7 iterations, nbhd size=0, neg = 0
#GCMRL#  555 dt  25.273885 rms  0.454  0.153% neg 0  invalid 762 tFOTS 0.0000 tGradient 1.3950 tsec 4.9020
iter 0, gcam->neg = 17
after 12 iterations, nbhd size=1, neg = 0
#GCMRL#  556 dt  25.273885 rms  0.453  0.160% neg 0  invalid 762 tFOTS 0.0000 tGradient 1.3920 tsec 6.6450
iter 0, gcam->neg = 12
after 10 iterations, nbhd size=0, neg = 0
#GCMRL#  557 dt  25.273885 rms  0.452  0.177% neg 0  invalid 762 tFOTS 0.0000 tGradient 1.6850 tsec 6.2550
iter 0, gcam->neg = 15
after 13 iterations, nbhd size=1, neg = 0
#GCMRL#  558 dt  25.273885 rms  0.452  0.145% neg 0  invalid 762 tFOTS 0.0000 tGradient 1.3660 tsec 6.7870
iter 0, gcam->neg = 9
after 13 iterations, nbhd size=1, neg = 0
#GCMRL#  559 dt  25.273885 rms  0.451  0.102% neg 0  invalid 762 tFOTS 0.0000 tGradient 1.4040 tsec 7.0110
iter 0, gcam->neg = 6
after 14 iterations, nbhd size=1, neg = 0
#GCMRL#  560 dt  25.273885 rms  0.451  0.087% neg 0  invalid 762 tFOTS 0.0000 tGradient 1.3620 tsec 7.2370
#FOTS# QuadFit found better minimum quadopt=(dt=44.8,rms=0.450457) vs oldopt=(dt=32,rms=0.450517)
iter 0, gcam->neg = 1
after 1 iterations, nbhd size=0, neg = 0
#GCMRL#  561 dt  44.800000 rms  0.450  0.000% neg 0  invalid 762 tFOTS 4.2540 tGradient 1.3610 tsec 7.0450
iter 0, gcam->neg = 1
after 0 iterations, nbhd size=0, neg = 0
#GCMRL#  562 dt  44.800000 rms  0.450  0.013% neg 0  invalid 762 tFOTS 0.0000 tGradient 1.5090 tsec 2.5170
#GCMRL#  563 dt  44.800000 rms  0.450  0.096% neg 0  invalid 762 tFOTS 0.0000 tGradient 1.4350 tsec 1.7520
iter 0, gcam->neg = 1
after 7 iterations, nbhd size=1, neg = 0
#GCMRL#  564 dt  44.800000 rms  0.450  0.043% neg 0  invalid 762 tFOTS 0.0000 tGradient 1.4230 tsec 4.8950

#GCAMreg# pass 0 level1 3 level2 1 tsec 107.604 sigma 0.5
l_jacobian=1.00 l_label=1.00 l_log_likelihood=0.20 l_smoothness=0.12 
tol=2.50e-01, dt=5.00e-02, exp_k=20.0, momentum=0.90, levels=6, niter=500, lbl_dist=10.00, avgs=16, sigma=0.5,type=2, relabel=0, neg=yes

blurring input image with Gaussian with sigma=0.500...
GCAMRegisterLevel(): init RMS 0.450353
#FOTS# QuadFit found better minimum quadopt=(dt=54.4762,rms=0.446388) vs oldopt=(dt=32,rms=0.446807)
#GCMRL#  566 dt  54.476190 rms  0.446  0.880% neg 0  invalid 762 tFOTS 5.0840 tGradient 1.5080 tsec 6.9180
#FOTS# QuadFit found better minimum quadopt=(dt=22.1898,rms=0.445576) vs oldopt=(dt=32,rms=0.44583)
iter 0, gcam->neg = 1
after 1 iterations, nbhd size=0, neg = 0
#GCMRL#  567 dt  22.189781 rms  0.446  0.000% neg 0  invalid 762 tFOTS 5.0870 tGradient 1.3530 tsec 7.8460
#GCMRL#  568 dt  22.189781 rms  0.445  0.136% neg 0  invalid 762 tFOTS 0.0000 tGradient 1.4020 tsec 1.7200
#GCMRL#  569 dt  22.189781 rms  0.445  0.102% neg 0  invalid 762 tFOTS 0.0000 tGradient 1.4050 tsec 1.7130
iter 0, gcam->neg = 1
after 0 iterations, nbhd size=0, neg = 0
#GCMRL#  570 dt  22.189781 rms  0.444  0.110% neg 0  invalid 762 tFOTS 0.0000 tGradient 1.4740 tsec 2.5040
#GCMRL#  571 dt  22.189781 rms  0.444  0.091% neg 0  invalid 762 tFOTS 0.0000 tGradient 1.4250 tsec 1.7580
#FOTS# QuadFit found better minimum quadopt=(dt=44.8,rms=0.443268) vs oldopt=(dt=32,rms=0.443333)
#GCMRL#  572 dt  44.800000 rms  0.443  0.000% neg 0  invalid 762 tFOTS 4.2730 tGradient 1.4340 tsec 6.0530
setting smoothness cost coefficient to 0.400

#GCAMreg# pass 0 level1 2 level2 0 tsec 0 sigma 2
l_jacobian=1.00 l_label=1.00 l_log_likelihood=0.20 l_smoothness=0.40 
tol=2.50e-01, dt=5.00e-02, exp_k=20.0, momentum=0.90, levels=6, niter=500, lbl_dist=10.00, avgs=4, sigma=2.0,type=2, relabel=0, neg=yes

blurring input image with Gaussian with sigma=2.000...
GCAMRegisterLevel(): init RMS 0.450698
#FOTS# QuadFit found better minimum quadopt=(dt=1.008,rms=0.450152) vs oldopt=(dt=0.72,rms=0.450153)
#GCMRL#  574 dt   1.008000 rms  0.450  0.121% neg 0  invalid 762 tFOTS 5.1450 tGradient 1.4220 tsec 6.9370
#FOTS# QuadFit found better minimum quadopt=(dt=0.252,rms=0.450147) vs oldopt=(dt=0.18,rms=0.450148)
#GCMRL#  575 dt   0.252000 rms  0.450  0.000% neg 0  invalid 762 tFOTS 4.3130 tGradient 1.3950 tsec 6.0350
#GCMRL#  576 dt   0.252000 rms  0.450  0.000% neg 0  invalid 762 tFOTS 0.0000 tGradient 1.3010 tsec 1.5910

#GCAMreg# pass 0 level1 2 level2 1 tsec 25.694 sigma 0.5
l_jacobian=1.00 l_label=1.00 l_log_likelihood=0.20 l_smoothness=0.40 
tol=2.50e-01, dt=5.00e-02, exp_k=20.0, momentum=0.90, levels=6, niter=500, lbl_dist=10.00, avgs=4, sigma=0.5,type=2, relabel=0, neg=yes

blurring input image with Gaussian with sigma=0.500...
GCAMRegisterLevel(): init RMS 0.450666
#FOTS# QuadFit found better minimum quadopt=(dt=4.63158,rms=0.449797) vs oldopt=(dt=2.88,rms=0.449845)
#GCMRL#  578 dt   4.631579 rms  0.450  0.193% neg 0  invalid 762 tFOTS 5.1680 tGradient 1.4150 tsec 6.9620
#FOTS# QuadFit found better minimum quadopt=(dt=4.032,rms=0.449639) vs oldopt=(dt=2.88,rms=0.449652)
#GCMRL#  579 dt   4.032000 rms  0.450  0.000% neg 0  invalid 762 tFOTS 5.0340 tGradient 1.3880 tsec 6.7780
#GCMRL#  580 dt   4.032000 rms  0.450  0.021% neg 0  invalid 762 tFOTS 0.0000 tGradient 1.3570 tsec 1.6810
setting smoothness cost coefficient to 1.000

#GCAMreg# pass 0 level1 1 level2 0 tsec 0 sigma 2
l_jacobian=1.00 l_label=1.00 l_log_likelihood=0.20 l_smoothness=1.00 
tol=2.50e-01, dt=5.00e-02, exp_k=20.0, momentum=0.90, levels=6, niter=500, lbl_dist=10.00, avgs=1, sigma=2.0,type=2, relabel=0, neg=yes

blurring input image with Gaussian with sigma=2.000...
GCAMRegisterLevel(): init RMS 0.458555
#GCMRL#  582 dt   0.000000 rms  0.458  0.111% neg 0  invalid 762 tFOTS 4.8950 tGradient 1.3120 tsec 6.5560

#GCAMreg# pass 0 level1 1 level2 1 tsec 22.755 sigma 0.5
l_jacobian=1.00 l_label=1.00 l_log_likelihood=0.20 l_smoothness=1.00 
tol=2.50e-01, dt=5.00e-02, exp_k=20.0, momentum=0.90, levels=6, niter=500, lbl_dist=10.00, avgs=1, sigma=0.5,type=2, relabel=0, neg=yes

blurring input image with Gaussian with sigma=0.500...
GCAMRegisterLevel(): init RMS 0.458555
#FOTS# QuadFit found better minimum quadopt=(dt=1.024,rms=0.457669) vs oldopt=(dt=1.28,rms=0.457703)
#GCMRL#  584 dt   1.024000 rms  0.458  0.193% neg 0  invalid 762 tFOTS 5.2420 tGradient 1.3530 tsec 6.9410
#FOTS# QuadFit found better minimum quadopt=(dt=0.448,rms=0.457613) vs oldopt=(dt=0.32,rms=0.457621)
#GCMRL#  585 dt   0.448000 rms  0.458  0.000% neg 0  invalid 762 tFOTS 5.3630 tGradient 1.3280 tsec 7.0550
#GCMRL#  586 dt   0.448000 rms  0.458  0.002% neg 0  invalid 762 tFOTS 0.0000 tGradient 1.2550 tsec 1.5700
resetting metric properties...
setting smoothness cost coefficient to 2.000

#GCAMreg# pass 0 level1 0 level2 0 tsec 0 sigma 2
l_jacobian=1.00 l_label=1.00 l_log_likelihood=0.20 l_smoothness=2.00 
tol=2.50e-01, dt=5.00e-02, exp_k=20.0, momentum=0.90, levels=6, niter=500, lbl_dist=10.00, avgs=0, sigma=2.0,type=2, relabel=0, neg=yes

blurring input image with Gaussian with sigma=2.000...
GCAMRegisterLevel(): init RMS 0.448047
#FOTS# QuadFit found better minimum quadopt=(dt=2.28957,rms=0.415747) vs oldopt=(dt=1.28,rms=0.421971)
iter 0, gcam->neg = 596
after 13 iterations, nbhd size=1, neg = 0
#GCMRL#  588 dt   2.289571 rms  0.417  6.902% neg 0  invalid 762 tFOTS 4.8860 tGradient 0.7400 tsec 11.1950
#GCMRL#  589 dt   0.080000 rms  0.417  0.000% neg 0  invalid 762 tFOTS 4.8640 tGradient 0.7790 tsec 5.9940

#GCAMreg# pass 0 level1 0 level2 1 tsec 27.758 sigma 0.5
l_jacobian=1.00 l_label=1.00 l_log_likelihood=0.20 l_smoothness=2.00 
tol=2.50e-01, dt=5.00e-02, exp_k=20.0, momentum=0.90, levels=6, niter=500, lbl_dist=10.00, avgs=0, sigma=0.5,type=2, relabel=0, neg=yes

blurring input image with Gaussian with sigma=0.500...
GCAMRegisterLevel(): init RMS 0.417412
#FOTS# QuadFit found better minimum quadopt=(dt=0.064,rms=0.416623) vs oldopt=(dt=0.08,rms=0.416625)
#GCMRL#  591 dt   0.064000 rms  0.417  0.189% neg 0  invalid 762 tFOTS 4.8940 tGradient 0.7850 tsec 6.0180
#GCMRL#  592 dt   0.005000 rms  0.417  0.000% neg 0  invalid 762 tFOTS 4.8320 tGradient 0.8440 tsec 6.0280
label assignment complete, 0 changed (0.00%)
GCAMregister done in 6.566 min
Starting GCAMcomputeMaxPriorLabels()
Morphing with label term set to 0 *******************************
Starting GCAMregister()
label assignment complete, 0 changed (0.00%)
npasses = 1, nlevels = 6
#pass# 1 of 1 ************************
enabling zero nodes
setting smoothness cost coefficient to 0.008

#GCAMreg# pass 0 level1 5 level2 0 tsec 0 sigma 2
l_jacobian=1.00 l_log_likelihood=0.20 l_smoothness=0.01 
tol=2.50e-01, dt=5.00e-02, exp_k=20.0, momentum=0.90, levels=6, niter=500, lbl_dist=10.00, avgs=256, sigma=2.0,type=2, relabel=0, neg=yes

blurring input image with Gaussian with sigma=2.000...
GCAMRegisterLevel(): init RMS 0.401196

#GCAMreg# pass 0 level1 5 level2 1 tsec 10.663 sigma 0.5
l_jacobian=1.00 l_log_likelihood=0.20 l_smoothness=0.01 
tol=2.50e-01, dt=5.00e-02, exp_k=20.0, momentum=0.90, levels=6, niter=500, lbl_dist=10.00, avgs=256, sigma=0.5,type=2, relabel=0, neg=yes

blurring input image with Gaussian with sigma=0.500...
GCAMRegisterLevel(): init RMS 0.401196
setting smoothness cost coefficient to 0.031

#GCAMreg# pass 0 level1 4 level2 0 tsec 0 sigma 2
l_jacobian=1.00 l_log_likelihood=0.20 l_smoothness=0.03 
tol=2.50e-01, dt=5.00e-02, exp_k=20.0, momentum=0.90, levels=6, niter=500, lbl_dist=10.00, avgs=64, sigma=2.0,type=2, relabel=0, neg=yes

blurring input image with Gaussian with sigma=2.000...
GCAMRegisterLevel(): init RMS 0.401385

#GCAMreg# pass 0 level1 4 level2 1 tsec 10.398 sigma 0.5
l_jacobian=1.00 l_log_likelihood=0.20 l_smoothness=0.03 
tol=2.50e-01, dt=5.00e-02, exp_k=20.0, momentum=0.90, levels=6, niter=500, lbl_dist=10.00, avgs=64, sigma=0.5,type=2, relabel=0, neg=yes

blurring input image with Gaussian with sigma=0.500...
GCAMRegisterLevel(): init RMS 0.401385
#FOTS# QuadFit found better minimum quadopt=(dt=31.104,rms=0.401335) vs oldopt=(dt=25.92,rms=0.401335)
#GCMRL#  597 dt  31.104000 rms  0.401  0.013% neg 0  invalid 762 tFOTS 4.4950 tGradient 1.6780 tsec 6.4690
#FOTS# QuadFit found better minimum quadopt=(dt=36.288,rms=0.401306) vs oldopt=(dt=25.92,rms=0.401309)
#GCMRL#  598 dt  36.288000 rms  0.401  0.000% neg 0  invalid 762 tFOTS 4.3680 tGradient 1.7860 tsec 6.4790
#GCMRL#  599 dt  36.288000 rms  0.401  0.010% neg 0  invalid 762 tFOTS 0.0000 tGradient 1.7440 tsec 2.0330
#GCMRL#  600 dt  36.288000 rms  0.401  0.011% neg 0  invalid 762 tFOTS 0.0000 tGradient 1.7550 tsec 2.0440
#GCMRL#  601 dt  36.288000 rms  0.401  0.008% neg 0  invalid 762 tFOTS 0.0000 tGradient 1.7850 tsec 2.0720
setting smoothness cost coefficient to 0.118

#GCAMreg# pass 0 level1 3 level2 0 tsec 0 sigma 2
l_jacobian=1.00 l_log_likelihood=0.20 l_smoothness=0.12 
tol=2.50e-01, dt=5.00e-02, exp_k=20.0, momentum=0.90, levels=6, niter=500, lbl_dist=10.00, avgs=16, sigma=2.0,type=2, relabel=0, neg=yes

blurring input image with Gaussian with sigma=2.000...
GCAMRegisterLevel(): init RMS 0.401893
#FOTS# QuadFit found better minimum quadopt=(dt=11.2,rms=0.401728) vs oldopt=(dt=8,rms=0.401738)
#GCMRL#  603 dt  11.200000 rms  0.402  0.041% neg 0  invalid 762 tFOTS 4.3500 tGradient 1.3140 tsec 6.0060
#FOTS# QuadFit found better minimum quadopt=(dt=6.4,rms=0.401693) vs oldopt=(dt=8,rms=0.401694)
#GCMRL#  604 dt   6.400000 rms  0.402  0.000% neg 0  invalid 762 tFOTS 4.4220 tGradient 1.2390 tsec 5.9990
#GCMRL#  605 dt   6.400000 rms  0.402  0.003% neg 0  invalid 762 tFOTS 0.0000 tGradient 1.1980 tsec 1.4850

#GCAMreg# pass 0 level1 3 level2 1 tsec 18.793 sigma 0.5
l_jacobian=1.00 l_log_likelihood=0.20 l_smoothness=0.12 
tol=2.50e-01, dt=5.00e-02, exp_k=20.0, momentum=0.90, levels=6, niter=500, lbl_dist=10.00, avgs=16, sigma=0.5,type=2, relabel=0, neg=yes

blurring input image with Gaussian with sigma=0.500...
GCAMRegisterLevel(): init RMS 0.40168
#FOTS# QuadFit found better minimum quadopt=(dt=80.9412,rms=0.398994) vs oldopt=(dt=32,rms=0.399694)
#GCMRL#  607 dt  80.941176 rms  0.399  0.669% neg 0  invalid 762 tFOTS 4.3360 tGradient 1.1890 tsec 5.8300
#FOTS# QuadFit found better minimum quadopt=(dt=20.7846,rms=0.398001) vs oldopt=(dt=32,rms=0.398344)
#GCMRL#  608 dt  20.784566 rms  0.398  0.000% neg 0  invalid 762 tFOTS 4.3250 tGradient 1.1750 tsec 5.8290
#GCMRL#  609 dt  20.784566 rms  0.398  0.058% neg 0  invalid 762 tFOTS 0.0000 tGradient 1.1840 tsec 1.4810
#GCMRL#  610 dt  20.784566 rms  0.397  0.070% neg 0  invalid 762 tFOTS 0.0000 tGradient 1.3620 tsec 1.6570
#GCMRL#  611 dt  20.784566 rms  0.397  0.108% neg 0  invalid 762 tFOTS 0.0000 tGradient 1.3900 tsec 1.6690
iter 0, gcam->neg = 1
after 0 iterations, nbhd size=0, neg = 0
#GCMRL#  612 dt  20.784566 rms  0.396  0.152% neg 0  invalid 762 tFOTS 0.0000 tGradient 1.2540 tsec 2.2250
iter 0, gcam->neg = 4
after 2 iterations, nbhd size=0, neg = 0
#GCMRL#  613 dt  20.784566 rms  0.396  0.174% neg 0  invalid 762 tFOTS 0.0000 tGradient 1.2630 tsec 3.0230
iter 0, gcam->neg = 3
after 8 iterations, nbhd size=1, neg = 0
#GCMRL#  614 dt  20.784566 rms  0.395  0.150% neg 0  invalid 762 tFOTS 0.0000 tGradient 1.3030 tsec 5.0360
iter 0, gcam->neg = 3
after 11 iterations, nbhd size=1, neg = 0
#GCMRL#  615 dt  20.784566 rms  0.395  0.098% neg 0  invalid 762 tFOTS 0.0000 tGradient 1.2780 tsec 6.1990
iter 0, gcam->neg = 3
after 1 iterations, nbhd size=0, neg = 0
#GCMRL#  616 dt  20.784566 rms  0.394  0.100% neg 0  invalid 762 tFOTS 0.0000 tGradient 1.2990 tsec 2.6150
iter 0, gcam->neg = 3
after 8 iterations, nbhd size=1, neg = 0
#GCMRL#  617 dt  20.784566 rms  0.394  0.071% neg 0  invalid 762 tFOTS 0.0000 tGradient 1.2850 tsec 4.9790
#FOTS# QuadFit found better minimum quadopt=(dt=44.8,rms=0.393963) vs oldopt=(dt=32,rms=0.393985)
iter 0, gcam->neg = 1
after 0 iterations, nbhd size=0, neg = 0
#GCMRL#  618 dt  44.800000 rms  0.394  0.000% neg 0  invalid 762 tFOTS 3.8500 tGradient 1.2840 tsec 6.1530
setting smoothness cost coefficient to 0.400

#GCAMreg# pass 0 level1 2 level2 0 tsec 0 sigma 2
l_jacobian=1.00 l_log_likelihood=0.20 l_smoothness=0.40 
tol=2.50e-01, dt=5.00e-02, exp_k=20.0, momentum=0.90, levels=6, niter=500, lbl_dist=10.00, avgs=4, sigma=2.0,type=2, relabel=0, neg=yes

blurring input image with Gaussian with sigma=2.000...
GCAMRegisterLevel(): init RMS 0.397994
#FOTS# QuadFit found better minimum quadopt=(dt=0.864,rms=0.397985) vs oldopt=(dt=0.72,rms=0.397985)
#GCMRL#  620 dt   0.864000 rms  0.398  0.002% neg 0  invalid 762 tFOTS 4.3350 tGradient 1.0080 tsec 5.6360
#FOTS# QuadFit found better minimum quadopt=(dt=0.108,rms=0.397985) vs oldopt=(dt=0.18,rms=0.397985)
#GCMRL#  621 dt   0.108000 rms  0.398  0.000% neg 0  invalid 762 tFOTS 4.4220 tGradient 1.0100 tsec 5.7460

#GCAMreg# pass 0 level1 2 level2 1 tsec 16.513 sigma 0.5
l_jacobian=1.00 l_log_likelihood=0.20 l_smoothness=0.40 
tol=2.50e-01, dt=5.00e-02, exp_k=20.0, momentum=0.90, levels=6, niter=500, lbl_dist=10.00, avgs=4, sigma=0.5,type=2, relabel=0, neg=yes

blurring input image with Gaussian with sigma=0.500...
GCAMRegisterLevel(): init RMS 0.397985
#FOTS# QuadFit found better minimum quadopt=(dt=6,rms=0.397717) vs oldopt=(dt=2.88,rms=0.3978)
iter 0, gcam->neg = 1
after 6 iterations, nbhd size=1, neg = 0
#GCMRL#  623 dt   6.000000 rms  0.398  0.063% neg 0  invalid 762 tFOTS 4.3030 tGradient 1.2340 tsec 8.6610
#FOTS# QuadFit found better minimum quadopt=(dt=8.18605,rms=0.397566) vs oldopt=(dt=11.52,rms=0.397599)
iter 0, gcam->neg = 2
after 4 iterations, nbhd size=0, neg = 0
#GCMRL#  624 dt   8.186047 rms  0.398  0.000% neg 0  invalid 762 tFOTS 4.2520 tGradient 1.0180 tsec 7.7200
iter 0, gcam->neg = 2
after 2 iterations, nbhd size=0, neg = 0
#GCMRL#  625 dt   8.186047 rms  0.397  0.043% neg 0  invalid 762 tFOTS 0.0000 tGradient 0.9970 tsec 2.6990
iter 0, gcam->neg = 6
after 5 iterations, nbhd size=0, neg = 0
#GCMRL#  626 dt   8.186047 rms  0.397  0.040% neg 0  invalid 762 tFOTS 0.0000 tGradient 1.0120 tsec 3.7720
iter 0, gcam->neg = 2
after 4 iterations, nbhd size=0, neg = 0
setting smoothness cost coefficient to 1.000

#GCAMreg# pass 0 level1 1 level2 0 tsec 0 sigma 2
l_jacobian=1.00 l_log_likelihood=0.20 l_smoothness=1.00 
tol=2.50e-01, dt=5.00e-02, exp_k=20.0, momentum=0.90, levels=6, niter=500, lbl_dist=10.00, avgs=1, sigma=2.0,type=2, relabel=0, neg=yes

blurring input image with Gaussian with sigma=2.000...
GCAMRegisterLevel(): init RMS 0.403085
#GCMRL#  628 dt   0.000050 rms  0.403  0.000% neg 0  invalid 762 tFOTS 5.3090 tGradient 0.8340 tsec 6.4340

#GCAMreg# pass 0 level1 1 level2 1 tsec 15.283 sigma 0.5
l_jacobian=1.00 l_log_likelihood=0.20 l_smoothness=1.00 
tol=2.50e-01, dt=5.00e-02, exp_k=20.0, momentum=0.90, levels=6, niter=500, lbl_dist=10.00, avgs=1, sigma=0.5,type=2, relabel=0, neg=yes

blurring input image with Gaussian with sigma=0.500...
GCAMRegisterLevel(): init RMS 0.403085
resetting metric properties...
setting smoothness cost coefficient to 2.000

#GCAMreg# pass 0 level1 0 level2 0 tsec 0 sigma 2
l_jacobian=1.00 l_log_likelihood=0.20 l_smoothness=2.00 
tol=2.50e-01, dt=5.00e-02, exp_k=20.0, momentum=0.90, levels=6, niter=500, lbl_dist=10.00, avgs=0, sigma=2.0,type=2, relabel=0, neg=yes

blurring input image with Gaussian with sigma=2.000...
GCAMRegisterLevel(): init RMS 0.3931
#FOTS# QuadFit found better minimum quadopt=(dt=1.22806,rms=0.383072) vs oldopt=(dt=1.28,rms=0.383072)
iter 0, gcam->neg = 661
after 19 iterations, nbhd size=1, neg = 0
#GCMRL#  631 dt   1.228061 rms  0.384  2.317% neg 0  invalid 762 tFOTS 4.3480 tGradient 0.3550 tsec 12.3610
#FOTS# QuadFit found better minimum quadopt=(dt=-0.00012207,rms=0.383993) vs oldopt=(dt=1.95313e-05,rms=0.383993)
#GCMRL#  632 dt  -0.000122 rms  0.384  0.000% neg 0  invalid 762 tFOTS 5.4430 tGradient 0.3880 tsec 6.1530
#GCMRL#  633 dt  -0.000122 rms  0.384  0.000% neg 0  invalid 762 tFOTS 0.0000 tGradient 0.3510 tsec 0.6380
#GCMRL#  634 dt  -0.000122 rms  0.384  0.000% neg 0  invalid 762 tFOTS 0.0000 tGradient 0.3620 tsec 0.6520
#GCMRL#  635 dt  -0.000122 rms  0.384  0.000% neg 0  invalid 762 tFOTS 0.0000 tGradient 0.3490 tsec 0.6320
iter 0, gcam->neg = 1
after 0 iterations, nbhd size=0, neg = 0

#GCAMreg# pass 0 level1 0 level2 1 tsec 25.582 sigma 0.5
l_jacobian=1.00 l_log_likelihood=0.20 l_smoothness=2.00 
tol=2.50e-01, dt=5.00e-02, exp_k=20.0, momentum=0.90, levels=6, niter=500, lbl_dist=10.00, avgs=0, sigma=0.5,type=2, relabel=0, neg=yes

blurring input image with Gaussian with sigma=0.500...
GCAMRegisterLevel(): init RMS 0.383991
#FOTS# QuadFit found better minimum quadopt=(dt=0.064,rms=0.383908) vs oldopt=(dt=0.08,rms=0.383912)
#GCMRL#  637 dt   0.064000 rms  0.384  0.021% neg 0  invalid 762 tFOTS 4.2990 tGradient 0.3630 tsec 4.9600
#FOTS# QuadFit found better minimum quadopt=(dt=0.028,rms=0.383895) vs oldopt=(dt=0.02,rms=0.383897)
#GCMRL#  638 dt   0.028000 rms  0.384  0.000% neg 0  invalid 762 tFOTS 4.4070 tGradient 0.3530 tsec 5.0770
#GCMRL#  639 dt   0.028000 rms  0.384  0.001% neg 0  invalid 762 tFOTS 0.0000 tGradient 0.3540 tsec 0.7030
GCAMregister done in 3.75075 min
writing output transformation to transforms/talairach.m3z...
GCAMwrite
Calls to gcamLogLikelihoodEnergy 4331 tmin = 1.85845
Calls to gcamLabelEnergy         3836 tmin = 1.28063
Calls to gcamJacobianEnergy      4331 tmin = 0.865283
Calls to gcamSmoothnessEnergy    4331 tmin = 4.76605
Calls to gcamLogLikelihoodTerm 641 tmin = 0.853233
Calls to gcamLabelTerm         594 tmin = 6.11672
Calls to gcamJacobianTerm      641 tmin = 1.23627
Calls to gcamSmoothnessTerm    641 tmin = 0.496883
Calls to gcamComputeGradient    641 tmin = 21.6845
Calls to gcamComputeMetricProperties    6126 tmin = 2.01643
mri_ca_register took 0 hours, 48 minutes and 28 seconds.
#VMPC# mri_ca_register VmPeak  3122676
FSRUNTIME@ mri_ca_register  0.8078 hours 16 threads
#--------------------------------------
#@# SubCort Seg Tue Mar 10 07:02:06 CET 2026

 mri_ca_label -relabel_unlikely 9 .3 -prior 0.5 -align norm.mgz transforms/talairach.m3z /opt/freesurfer/average/RB_all_2020-01-02.gca aseg.auto_noCCseg.mgz 

sysname  Linux
hostname dna062
machine  x86_64

setenv SUBJECTS_DIR /out/sourcedata/freesurfer
cd /out/sourcedata/freesurfer/sub-v1s6x0051369_ses-1/mri
mri_ca_label -relabel_unlikely 9 .3 -prior 0.5 -align norm.mgz transforms/talairach.m3z /opt/freesurfer/average/RB_all_2020-01-02.gca aseg.auto_noCCseg.mgz 

relabeling unlikely voxels with window_size = 9 and prior threshold 0.30
using Gibbs prior factor = 0.500
renormalizing sequences with structure alignment, equivalent to:
	-renormalize
	-renormalize_mean 0.500
	-regularize 0.500

== Number of threads available to for OpenMP = 16 == 
reading 1 input volumes
reading classifier array from /opt/freesurfer/average/RB_all_2020-01-02.gca
reading input volume from norm.mgz
average std[0] = 7.2
reading transform from transforms/talairach.m3z
setting orig areas to linear transform determinant scaled 7.25
Atlas used for the 3D morph was /opt/freesurfer/average/RB_all_2020-01-02.gca
average std = 7.2   using min determinant for regularization = 5.2
0 singular and 0 ill-conditioned covariance matrices regularized
labeling volume...
renormalizing by structure alignment....
renormalizing input #0
gca peak = 0.15521 (20)
mri peak = 0.12105 (13)
Left_Lateral_Ventricle (4): linear fit = 0.70 x + 0.0 (1307 voxels, overlap=0.573)
Left_Lateral_Ventricle (4): linear fit = 0.70 x + 0.0 (1307 voxels, peak = 14), gca=14.1
gca peak = 0.20380 (13)
mri peak = 0.20209 (13)
Right_Lateral_Ventricle (43): linear fit = 0.87 x + 0.0 (2794 voxels, overlap=0.655)
Right_Lateral_Ventricle (43): linear fit = 0.87 x + 0.0 (2794 voxels, peak = 11), gca=11.2
gca peak = 0.26283 (96)
mri peak = 0.13825 (96)
Right_Pallidum (52): linear fit = 1.01 x + 0.0 (648 voxels, overlap=1.010)
Right_Pallidum (52): linear fit = 1.01 x + 0.0 (648 voxels, peak = 97), gca=97.4
gca peak = 0.15814 (97)
mri peak = 0.10583 (100)
Left_Pallidum (13): linear fit = 1.03 x + 0.0 (737 voxels, overlap=0.865)
Left_Pallidum (13): linear fit = 1.03 x + 0.0 (737 voxels, peak = 100), gca=100.4
gca peak = 0.27624 (56)
mri peak = 0.11012 (65)
Right_Hippocampus (53): linear fit = 1.13 x + 0.0 (1285 voxels, overlap=0.219)
Right_Hippocampus (53): linear fit = 1.13 x + 0.0 (1285 voxels, peak = 64), gca=63.6
gca peak = 0.28723 (59)
mri peak = 0.10398 (64)
Left_Hippocampus (17): linear fit = 1.12 x + 0.0 (1225 voxels, overlap=0.426)
Left_Hippocampus (17): linear fit = 1.12 x + 0.0 (1225 voxels, peak = 66), gca=65.8
gca peak = 0.07623 (103)
mri peak = 0.09046 (107)
Right_Cerebral_White_Matter (41): linear fit = 1.02 x + 0.0 (40260 voxels, overlap=0.713)
Right_Cerebral_White_Matter (41): linear fit = 1.02 x + 0.0 (40260 voxels, peak = 106), gca=105.6
gca peak = 0.07837 (105)
mri peak = 0.08219 (106)
Left_Cerebral_White_Matter (2): linear fit = 1.04 x + 0.0 (39241 voxels, overlap=0.666)
Left_Cerebral_White_Matter (2): linear fit = 1.04 x + 0.0 (39241 voxels, peak = 110), gca=109.7
gca peak = 0.10165 (58)
mri peak = 0.04457 (66)
Left_Cerebral_Cortex (3): linear fit = 1.12 x + 0.0 (32890 voxels, overlap=0.727)
Left_Cerebral_Cortex (3): linear fit = 1.12 x + 0.0 (32890 voxels, peak = 65), gca=64.7
gca peak = 0.11113 (58)
mri peak = 0.04958 (69)
Right_Cerebral_Cortex (42): linear fit = 1.14 x + 0.0 (34289 voxels, overlap=0.572)
Right_Cerebral_Cortex (42): linear fit = 1.14 x + 0.0 (34289 voxels, peak = 66), gca=66.4
gca peak = 0.27796 (67)
mri peak = 0.08991 (78)
Right_Caudate (50): linear fit = 1.12 x + 0.0 (953 voxels, overlap=0.429)
Right_Caudate (50): linear fit = 1.12 x + 0.0 (953 voxels, peak = 75), gca=75.4
gca peak = 0.14473 (69)
mri peak = 0.09342 (75)
Left_Caudate (11): linear fit = 1.05 x + 0.0 (881 voxels, overlap=1.002)
Left_Caudate (11): linear fit = 1.05 x + 0.0 (881 voxels, peak = 73), gca=72.8
gca peak = 0.14301 (56)
mri peak = 0.05847 (64)
Left_Cerebellum_Cortex (8): linear fit = 1.15 x + 0.0 (21664 voxels, overlap=0.641)
Left_Cerebellum_Cortex (8): linear fit = 1.15 x + 0.0 (21664 voxels, peak = 65), gca=64.7
gca peak = 0.14610 (55)
mri peak = 0.06533 (65)
Right_Cerebellum_Cortex (47): linear fit = 1.15 x + 0.0 (25613 voxels, overlap=0.491)
Right_Cerebellum_Cortex (47): linear fit = 1.15 x + 0.0 (25613 voxels, peak = 64), gca=63.5
gca peak = 0.16309 (85)
mri peak = 0.08921 (90)
Left_Cerebellum_White_Matter (7): linear fit = 1.07 x + 0.0 (5935 voxels, overlap=0.662)
Left_Cerebellum_White_Matter (7): linear fit = 1.07 x + 0.0 (5935 voxels, peak = 91), gca=90.5
gca peak = 0.15172 (84)
mri peak = 0.09817 (87)
Right_Cerebellum_White_Matter (46): linear fit = 1.03 x + 0.0 (5815 voxels, overlap=0.826)
Right_Cerebellum_White_Matter (46): linear fit = 1.03 x + 0.0 (5815 voxels, peak = 87), gca=86.9
gca peak = 0.30461 (58)
mri peak = 0.10674 (72)
Left_Amygdala (18): linear fit = 1.22 x + 0.0 (534 voxels, overlap=0.061)
Left_Amygdala (18): linear fit = 1.22 x + 0.0 (534 voxels, peak = 70), gca=70.5
gca peak = 0.32293 (57)
mri peak = 0.08589 (68)
Right_Amygdala (54): linear fit = 1.21 x + 0.0 (732 voxels, overlap=0.054)
Right_Amygdala (54): linear fit = 1.21 x + 0.0 (732 voxels, peak = 69), gca=68.7
gca peak = 0.11083 (90)
mri peak = 0.06258 (89)
Left_Thalamus (10): linear fit = 1.03 x + 0.0 (5005 voxels, overlap=0.956)
Left_Thalamus (10): linear fit = 1.03 x + 0.0 (5005 voxels, peak = 93), gca=93.1
gca peak = 0.11393 (83)
mri peak = 0.07183 (88)
Right_Thalamus (49): linear fit = 1.09 x + 0.0 (4614 voxels, overlap=0.867)
Right_Thalamus (49): linear fit = 1.09 x + 0.0 (4614 voxels, peak = 90), gca=90.1
gca peak = 0.08575 (81)
mri peak = 0.08070 (82)
Left_Putamen (12): linear fit = 1.08 x + 0.0 (1535 voxels, overlap=0.580)
Left_Putamen (12): linear fit = 1.08 x + 0.0 (1535 voxels, peak = 87), gca=87.1
gca peak = 0.08618 (78)
mri peak = 0.07295 (85)
Right_Putamen (51): linear fit = 1.08 x + 0.0 (1974 voxels, overlap=0.638)
Right_Putamen (51): linear fit = 1.08 x + 0.0 (1974 voxels, peak = 84), gca=83.9
gca peak = 0.08005 (78)
mri peak = 0.09980 (84)
Brain_Stem (16): linear fit = 1.05 x + 0.0 (12071 voxels, overlap=0.491)
Brain_Stem (16): linear fit = 1.05 x + 0.0 (12071 voxels, peak = 82), gca=82.3
gca peak = 0.12854 (88)
mri peak = 0.10763 (92)
Right_VentralDC (60): linear fit = 1.07 x + 0.0 (1471 voxels, overlap=0.619)
Right_VentralDC (60): linear fit = 1.07 x + 0.0 (1471 voxels, peak = 94), gca=93.7
gca peak = 0.15703 (87)
mri peak = 0.09091 (92)
Left_VentralDC (28): linear fit = 1.08 x + 0.0 (1415 voxels, overlap=0.650)
Left_VentralDC (28): linear fit = 1.08 x + 0.0 (1415 voxels, peak = 94), gca=93.5
gca peak = 0.17522 (25)
mri peak = 0.13889 (20)
Third_Ventricle (14): linear fit = 0.75 x + 0.0 (69 voxels, overlap=0.458)
Third_Ventricle (14): linear fit = 0.75 x + 0.0 (69 voxels, peak = 19), gca=18.6
gca peak = 0.17113 (14)
mri peak = 0.10802 (21)
Fourth_Ventricle (15): linear fit = 1.10 x + 0.0 (294 voxels, overlap=0.843)
Fourth_Ventricle (15): linear fit = 1.10 x + 0.0 (294 voxels, peak = 15), gca=15.3
gca peak Unknown = 0.94777 ( 0)
gca peak Left_Inf_Lat_Vent = 0.16627 (28)
gca peak CSF = 0.20346 (36)
gca peak Left_Accumbens_area = 0.70646 (62)
gca peak Left_undetermined = 1.00000 (28)
gca peak Left_vessel = 0.89917 (53)
gca peak Left_choroid_plexus = 0.11689 (35)
gca peak Right_Inf_Lat_Vent = 0.25504 (23)
gca peak Right_Accumbens_area = 0.31650 (65)
gca peak Right_vessel = 0.77268 (52)
gca peak Right_choroid_plexus = 0.13275 (38)
gca peak Fifth_Ventricle = 0.60973 (33)
gca peak WM_hypointensities = 0.11013 (77)
gca peak non_WM_hypointensities = 0.11354 (41)
gca peak Optic_Chiasm = 0.51646 (76)
not using caudate to estimate GM means
estimating mean gm scale to be 1.15 x + 0.0
estimating mean wm scale to be 1.03 x + 0.0
estimating mean csf scale to be 0.85 x + 0.0
saving intensity scales to aseg.auto_noCCseg.label_intensities.txt
renormalizing by structure alignment....
renormalizing input #0
gca peak = 0.18842 (13)
mri peak = 0.12105 (13)
Left_Lateral_Ventricle (4): linear fit = 1.03 x + 0.0 (1307 voxels, overlap=0.963)
Left_Lateral_Ventricle (4): linear fit = 1.03 x + 0.0 (1307 voxels, peak = 13), gca=13.5
gca peak = 0.20325 (11)
mri peak = 0.20209 (13)
Right_Lateral_Ventricle (43): linear fit = 1.02 x + 0.0 (2794 voxels, overlap=0.769)
Right_Lateral_Ventricle (43): linear fit = 1.02 x + 0.0 (2794 voxels, peak = 11), gca=11.3
gca peak = 0.21941 (97)
mri peak = 0.13825 (96)
Right_Pallidum (52): linear fit = 1.00 x + 0.0 (648 voxels, overlap=1.006)
Right_Pallidum (52): linear fit = 1.00 x + 0.0 (648 voxels, peak = 97), gca=96.5
gca peak = 0.16184 (99)
mri peak = 0.10583 (100)
Left_Pallidum (13): linear fit = 1.00 x + 0.0 (737 voxels, overlap=1.002)
Left_Pallidum (13): linear fit = 1.00 x + 0.0 (737 voxels, peak = 99), gca=99.5
gca peak = 0.24422 (63)
mri peak = 0.11012 (65)
Right_Hippocampus (53): linear fit = 1.00 x + 0.0 (1285 voxels, overlap=1.002)
Right_Hippocampus (53): linear fit = 1.00 x + 0.0 (1285 voxels, peak = 63), gca=63.0
gca peak = 0.32960 (63)
mri peak = 0.10398 (64)
Left_Hippocampus (17): linear fit = 1.00 x + 0.0 (1225 voxels, overlap=1.006)
Left_Hippocampus (17): linear fit = 1.00 x + 0.0 (1225 voxels, peak = 63), gca=63.0
gca peak = 0.07771 (106)
mri peak = 0.09046 (107)
Right_Cerebral_White_Matter (41): linear fit = 1.00 x + 0.0 (40260 voxels, overlap=0.802)
Right_Cerebral_White_Matter (41): linear fit = 1.00 x + 0.0 (40260 voxels, peak = 106), gca=106.0
gca peak = 0.07449 (109)
mri peak = 0.08219 (106)
Left_Cerebral_White_Matter (2): linear fit = 1.00 x + 0.0 (39241 voxels, overlap=0.833)
Left_Cerebral_White_Matter (2): linear fit = 1.00 x + 0.0 (39241 voxels, peak = 108), gca=108.5
gca peak = 0.08967 (65)
mri peak = 0.04457 (66)
Left_Cerebral_Cortex (3): linear fit = 0.99 x + 0.0 (32890 voxels, overlap=0.948)
Left_Cerebral_Cortex (3): linear fit = 0.99 x + 0.0 (32890 voxels, peak = 64), gca=64.0
gca peak = 0.10028 (67)
mri peak = 0.04958 (69)
Right_Cerebral_Cortex (42): linear fit = 0.99 x + 0.0 (34289 voxels, overlap=0.957)
Right_Cerebral_Cortex (42): linear fit = 0.99 x + 0.0 (34289 voxels, peak = 66), gca=66.0
gca peak = 0.22735 (75)
mri peak = 0.08991 (78)
Right_Caudate (50): linear fit = 1.00 x + 0.0 (953 voxels, overlap=1.006)
Right_Caudate (50): linear fit = 1.00 x + 0.0 (953 voxels, peak = 75), gca=75.0
gca peak = 0.14927 (82)
mri peak = 0.09342 (75)
Left_Caudate (11): linear fit = 0.95 x + 0.0 (881 voxels, overlap=1.003)
Left_Caudate (11): linear fit = 0.95 x + 0.0 (881 voxels, peak = 78), gca=78.3
gca peak = 0.11951 (65)
mri peak = 0.05847 (64)
Left_Cerebellum_Cortex (8): linear fit = 0.99 x + 0.0 (21664 voxels, overlap=0.993)
Left_Cerebellum_Cortex (8): linear fit = 0.99 x + 0.0 (21664 voxels, peak = 64), gca=64.0
gca peak = 0.13440 (64)
mri peak = 0.06533 (65)
Right_Cerebellum_Cortex (47): linear fit = 0.99 x + 0.0 (25613 voxels, overlap=0.980)
Right_Cerebellum_Cortex (47): linear fit = 0.99 x + 0.0 (25613 voxels, peak = 63), gca=63.0
gca peak = 0.15236 (90)
mri peak = 0.08921 (90)
Left_Cerebellum_White_Matter (7): linear fit = 1.01 x + 0.0 (5935 voxels, overlap=0.952)
Left_Cerebellum_White_Matter (7): linear fit = 1.01 x + 0.0 (5935 voxels, peak = 91), gca=91.3
gca peak = 0.14534 (87)
mri peak = 0.09817 (87)
Right_Cerebellum_White_Matter (46): linear fit = 1.00 x + 0.0 (5815 voxels, overlap=0.941)
Right_Cerebellum_White_Matter (46): linear fit = 1.00 x + 0.0 (5815 voxels, peak = 87), gca=87.0
gca peak = 0.27446 (69)
mri peak = 0.10674 (72)
Left_Amygdala (18): linear fit = 1.01 x + 0.0 (534 voxels, overlap=1.012)
Left_Amygdala (18): linear fit = 1.01 x + 0.0 (534 voxels, peak = 70), gca=70.0
gca peak = 0.23315 (69)
mri peak = 0.08589 (68)
Right_Amygdala (54): linear fit = 1.00 x + 0.0 (732 voxels, overlap=1.014)
Right_Amygdala (54): linear fit = 1.00 x + 0.0 (732 voxels, peak = 69), gca=69.0
gca peak = 0.10759 (93)
mri peak = 0.06258 (89)
Left_Thalamus (10): linear fit = 1.00 x + 0.0 (5005 voxels, overlap=0.997)
Left_Thalamus (10): linear fit = 1.00 x + 0.0 (5005 voxels, peak = 93), gca=92.5
gca peak = 0.10622 (90)
mri peak = 0.07183 (88)
Right_Thalamus (49): linear fit = 0.99 x + 0.0 (4614 voxels, overlap=0.959)
Right_Thalamus (49): linear fit = 0.99 x + 0.0 (4614 voxels, peak = 89), gca=88.7
gca peak = 0.08550 (87)
mri peak = 0.08070 (82)
Left_Putamen (12): linear fit = 1.00 x + 0.0 (1535 voxels, overlap=0.857)
Left_Putamen (12): linear fit = 1.00 x + 0.0 (1535 voxels, peak = 87), gca=86.6
gca peak = 0.08572 (83)
mri peak = 0.07295 (85)
Right_Putamen (51): linear fit = 1.00 x + 0.0 (1974 voxels, overlap=0.910)
Right_Putamen (51): linear fit = 1.00 x + 0.0 (1974 voxels, peak = 83), gca=82.6
gca peak = 0.08502 (83)
mri peak = 0.09980 (84)
Brain_Stem (16): linear fit = 1.00 x + 0.0 (12071 voxels, overlap=0.723)
Brain_Stem (16): linear fit = 1.00 x + 0.0 (12071 voxels, peak = 83), gca=82.6
gca peak = 0.12209 (95)
mri peak = 0.10763 (92)
Right_VentralDC (60): linear fit = 1.01 x + 0.0 (1471 voxels, overlap=0.810)
Right_VentralDC (60): linear fit = 1.01 x + 0.0 (1471 voxels, peak = 96), gca=96.4
gca peak = 0.15047 (93)
mri peak = 0.09091 (92)
Left_VentralDC (28): linear fit = 0.99 x + 0.0 (1415 voxels, overlap=0.894)
Left_VentralDC (28): linear fit = 0.99 x + 0.0 (1415 voxels, peak = 92), gca=91.6
gca peak = 0.21669 (20)
mri peak = 0.13889 (20)
Third_Ventricle (14): linear fit = 0.96 x + 0.0 (69 voxels, overlap=1.009)
Third_Ventricle (14): linear fit = 0.96 x + 0.0 (69 voxels, peak = 19), gca=19.3
gca peak = 0.19645 (16)
mri peak = 0.10802 (21)
Fourth_Ventricle (15): linear fit = 1.10 x + 0.0 (294 voxels, overlap=0.795)
Fourth_Ventricle (15): linear fit = 1.10 x + 0.0 (294 voxels, peak = 18), gca=17.5
gca peak Unknown = 0.94777 ( 0)
gca peak Left_Inf_Lat_Vent = 0.19147 (31)
gca peak CSF = 0.21691 (31)
gca peak Left_Accumbens_area = 0.49514 (65)
gca peak Left_undetermined = 1.00000 (28)
gca peak Left_vessel = 0.89917 (53)
gca peak Left_choroid_plexus = 0.11691 (35)
gca peak Right_Inf_Lat_Vent = 0.24218 (26)
gca peak Right_Accumbens_area = 0.31508 (73)
gca peak Right_vessel = 0.77268 (52)
gca peak Right_choroid_plexus = 0.13275 (38)
gca peak Fifth_Ventricle = 0.60973 (28)
gca peak WM_hypointensities = 0.10547 (79)
gca peak non_WM_hypointensities = 0.14581 (42)
gca peak Optic_Chiasm = 0.51667 (76)
not using caudate to estimate GM means
estimating mean gm scale to be 1.00 x + 0.0
estimating mean wm scale to be 1.00 x + 0.0
estimating mean csf scale to be 1.03 x + 0.0
saving intensity scales to aseg.auto_noCCseg.label_intensities.txt
saving sequentially combined intensity scales to aseg.auto_noCCseg.label_intensities.txt
62416 voxels changed in iteration 0 of unlikely voxel relabeling
300 voxels changed in iteration 1 of unlikely voxel relabeling
5 voxels changed in iteration 2 of unlikely voxel relabeling
0 voxels changed in iteration 3 of unlikely voxel relabeling
53039 gm and wm labels changed (%27 to gray, %73 to white out of all changed labels)
377 hippocampal voxels changed.
1 amygdala voxels changed.
Reclassifying using Gibbs Priors
pass 1: 66282 changed. image ll: -2.107, PF=0.500
pass 2: 16319 changed. image ll: -2.106, PF=0.500
pass 3: 4592 changed.
42533 voxels changed in iteration 0 of unlikely voxel relabeling
241 voxels changed in iteration 1 of unlikely voxel relabeling
10 voxels changed in iteration 2 of unlikely voxel relabeling
3 voxels changed in iteration 3 of unlikely voxel relabeling
0 voxels changed in iteration 4 of unlikely voxel relabeling
7178 voxels changed in iteration 0 of unlikely voxel relabeling
155 voxels changed in iteration 1 of unlikely voxel relabeling
4 voxels changed in iteration 2 of unlikely voxel relabeling
2 voxels changed in iteration 3 of unlikely voxel relabeling
0 voxels changed in iteration 4 of unlikely voxel relabeling
6597 voxels changed in iteration 0 of unlikely voxel relabeling
112 voxels changed in iteration 1 of unlikely voxel relabeling
1 voxels changed in iteration 2 of unlikely voxel relabeling
0 voxels changed in iteration 3 of unlikely voxel relabeling
5264 voxels changed in iteration 0 of unlikely voxel relabeling
45 voxels changed in iteration 1 of unlikely voxel relabeling
2 voxels changed in iteration 2 of unlikely voxel relabeling
0 voxels changed in iteration 3 of unlikely voxel relabeling
 !!!!!!!!! ventricle segment 0 with volume 7093 above threshold 100 - not erasing !!!!!!!!!!
 !!!!!!!!! ventricle segment 5 with volume 9795 above threshold 100 - not erasing !!!!!!!!!!
 !!!!!!!!! ventricle segment 1 with volume 410 above threshold 100 - not erasing !!!!!!!!!!
writing labeled volume to aseg.auto_noCCseg.mgz
mri_ca_label utimesec    1992.380667
mri_ca_label stimesec    4.591721
mri_ca_label ru_maxrss   2093072
mri_ca_label ru_ixrss    0
mri_ca_label ru_idrss    0
mri_ca_label ru_isrss    0
mri_ca_label ru_minflt   5357885
mri_ca_label ru_majflt   8
mri_ca_label ru_nswap    0
mri_ca_label ru_inblock  1142
mri_ca_label ru_oublock  712
mri_ca_label ru_msgsnd   0
mri_ca_label ru_msgrcv   0
mri_ca_label ru_nsignals 0
mri_ca_label ru_nvcsw    3133
mri_ca_label ru_nivcsw   3111
auto-labeling took 31 minutes and 42 seconds.
#--------------------------------------
#@# CC Seg Tue Mar 10 07:33:48 CET 2026

 mri_cc -aseg aseg.auto_noCCseg.mgz -o aseg.auto.mgz -lta /out/sourcedata/freesurfer/sub-v1s6x0051369_ses-1/mri/transforms/cc_up.lta sub-v1s6x0051369_ses-1 

will read input aseg from aseg.auto_noCCseg.mgz
writing aseg with cc labels to aseg.auto.mgz
will write lta as /out/sourcedata/freesurfer/sub-v1s6x0051369_ses-1/mri/transforms/cc_up.lta
reading aseg from /out/sourcedata/freesurfer/sub-v1s6x0051369_ses-1/mri/aseg.auto_noCCseg.mgz
reading norm from /out/sourcedata/freesurfer/sub-v1s6x0051369_ses-1/mri/norm.mgz
111332 voxels in left wm, 75068 in right wm, xrange [124, 144]
searching rotation angles z=[-7  7], y=[-0 14]
searching scale 1 Z rot -6.6  searching scale 1 Z rot -6.4  searching scale 1 Z rot -6.1  searching scale 1 Z rot -5.9  searching scale 1 Z rot -5.6  searching scale 1 Z rot -5.4  searching scale 1 Z rot -5.1  searching scale 1 Z rot -4.9  searching scale 1 Z rot -4.6  searching scale 1 Z rot -4.4  searching scale 1 Z rot -4.1  searching scale 1 Z rot -3.9  searching scale 1 Z rot -3.6  searching scale 1 Z rot -3.4  searching scale 1 Z rot -3.1  searching scale 1 Z rot -2.9  searching scale 1 Z rot -2.6  searching scale 1 Z rot -2.4  searching scale 1 Z rot -2.1  searching scale 1 Z rot -1.9  searching scale 1 Z rot -1.6  searching scale 1 Z rot -1.4  searching scale 1 Z rot -1.1  searching scale 1 Z rot -0.9  searching scale 1 Z rot -0.6  searching scale 1 Z rot -0.4  searching scale 1 Z rot -0.1  searching scale 1 Z rot 0.1  searching scale 1 Z rot 0.4  searching scale 1 Z rot 0.6  searching scale 1 Z rot 0.9  searching scale 1 Z rot 1.1  searching scale 1 Z rot 1.4  searching scale 1 Z rot 1.6  searching scale 1 Z rot 1.9  searching scale 1 Z rot 2.1  searching scale 1 Z rot 2.4  searching scale 1 Z rot 2.6  searching scale 1 Z rot 2.9  searching scale 1 Z rot 3.1  searching scale 1 Z rot 3.4  searching scale 1 Z rot 3.6  searching scale 1 Z rot 3.9  searching scale 1 Z rot 4.1  searching scale 1 Z rot 4.4  searching scale 1 Z rot 4.6  searching scale 1 Z rot 4.9  searching scale 1 Z rot 5.1  searching scale 1 Z rot 5.4  searching scale 1 Z rot 5.6  searching scale 1 Z rot 5.9  searching scale 1 Z rot 6.1  searching scale 1 Z rot 6.4  searching scale 1 Z rot 6.6  searching scale 1 Z rot 6.9  searching scale 1 Z rot 7.1  global minimum found at slice 132.4, rotations (6.70, 0.39)
final transformation (x=132.4, yr=6.702, zr=0.392):
 0.99314  -0.00685   0.11671  -15.47724;
 0.00680   0.99998   0.00080   42.01582;
-0.11671  -0.00000   0.99317   36.18637;
 0.00000   0.00000   0.00000   1.00000;
updating x range to be [125, 130] in xformed coordinates
best xformed slice 127
min_x_fornix = 136
min_x_fornix = 145
min_x_fornix = 148
min_x_fornix = 148
min_x_fornix = 136
cc center is found at 127 85 108
eigenvectors:
 0.00032  -0.00582   0.99998;
 0.11210  -0.99368  -0.00582;
 0.99370   0.11210   0.00034;
error in mid anterior detected - correcting...
writing aseg with callosum to /out/sourcedata/freesurfer/sub-v1s6x0051369_ses-1/mri/aseg.auto.mgz...
corpus callosum segmentation took 0.9 minutes
#VMPC# mri_cc VmPeak  557184
mri_cc done
#--------------------------------------
#@# Merge ASeg Tue Mar 10 07:34:40 CET 2026

 cp aseg.auto.mgz aseg.presurf.mgz 

#--------------------------------------------
#@# Intensity Normalization2 Tue Mar 10 07:34:40 CET 2026
/out/sourcedata/freesurfer/sub-v1s6x0051369_ses-1/mri

 mri_normalize -seed 1234 -mprage -aseg aseg.presurf.mgz -mask brainmask.mgz norm.mgz brain.mgz 

setting seed for random number genererator to 1234
assuming input volume is MGH (Van der Kouwe) MP-RAGE
using segmentation for initial intensity normalization
using MR volume brainmask.mgz to mask input volume...
reading mri_src from norm.mgz...
Reading aseg aseg.presurf.mgz
normalizing image...
NOT doing gentle normalization with control points/label
processing with aseg
removing outliers in the aseg WM...
785 control points removed
Building bias image
building Voronoi diagram...
performing soap bubble smoothing, sigma = 0...
Smoothing with sigma 8
Applying bias correction
building Voronoi diagram...
performing soap bubble smoothing, sigma = 8...

Iterating 2 times
---------------------------------
3d normalization pass 1 of 2
white matter peak found at 110
white matter peak found at 110
gm peak at 72 (72), valley at 46 (46)
csf peak at 13, setting threshold to 52
building Voronoi diagram...
performing soap bubble smoothing, sigma = 8...
---------------------------------
3d normalization pass 2 of 2
white matter peak found at 110
white matter peak found at 110
gm peak at 71 (71), valley at 17 (17)
csf peak at 36, setting threshold to 59
building Voronoi diagram...
performing soap bubble smoothing, sigma = 8...
Done iterating ---------------------------------
writing output to brain.mgz
3D bias adjustment took 2 minutes and 20 seconds.
#--------------------------------------------
#@# Mask BFS Tue Mar 10 07:37:01 CET 2026
/out/sourcedata/freesurfer/sub-v1s6x0051369_ses-1/mri

 mri_mask -T 5 brain.mgz brainmask.mgz brain.finalsurfs.mgz 

threshold mask volume at 5
DoAbs = 0
Found 1594972 voxels in mask (pct=  9.51)
Writing masked volume to brain.finalsurfs.mgz...done.
#--------------------------------------------
#@# WM Segmentation Tue Mar 10 07:37:02 CET 2026

 AntsDenoiseImageFs -i brain.mgz -o antsdn.brain.mgz 


 mri_segment -wsizemm 13 -mprage antsdn.brain.mgz wm.seg.mgz 

wsizemm = 13, voxres = 1, wsize = 13
Widening wm low from 89 to 79
assuming input volume is MGH (Van der Kouwe) MP-RAGE
wm mean:  110
wsize:    13
wm low:   79
wm hi:    125
gray low: 30
gray hi:  99
Doing initial trinary intensity segmentation 
Using local statistics to label ambiguous voxels
Autodetecting stats
Computing class statistics for intensity windows...
CCS WM (102.0): 102.1 +- 6.4 [79.0 --> 125.0]
CCS GM (74.0) : 73.1 +- 9.7 [30.0 --> 95.0]
 white_mean 102.053
 white_sigma 6.44334
 gray_mean 73.113
 gray_sigma 9.67039
setting bottom of white matter range wm_low to 82.8
setting top of gray matter range gray_hi to 92.5
 wm_low 82.7834
 wm_hi  125
 gray_low 30
 gray_hi  92.4538
Redoing initial intensity segmentation...
Recomputing local statistics to label ambiguous voxels...
 wm_low 82.7834
 wm_hi  125
 gray_low 30
 gray_hi  92.4538
using local geometry to label remaining ambiguous voxels...
polvwsize = 5, polvlen = 3, gray_hi = 92.4538, wm_low = 82.7834
MRIcpolvMedianCurveSegment(): wsize=5, len=3, gmhi=92.4538, wmlow=82.7834
    143079 voxels processed (0.85%)
     61319 voxels white (0.37%)
     81760 voxels non-white (0.49%)

Reclassifying voxels using Gaussian border classifier niter=1
MRIreclassify(): wm_low=77.7834, gray_hi=92.4538, wsize=13
    270891 voxels tested (1.61%)
     53578 voxels changed (0.32%)
     61568 multi-scale searches  (0.37%)
Recovering bright white
MRIrecoverBrightWhite()
 wm_low 82.7834
 wm_hi 125
 slack 6.44334
 pct_thresh 0.33
 intensity_thresh 131.443
 nvox_thresh 8.58
       35 voxels tested (0.00%)
       27 voxels changed (0.00%)

removing voxels with positive offset direction...
MRIremoveWrongDirection() wsize=3, lowthr=77.7834, hithr=92.4538
  smoothing input volume with sigma = 0.250
    90846 voxels tested (0.54%)
    17438 voxels changed (0.10%)
thicken = 1
removing 1-dimensional structures...
MRIremove1dStructures(): max_iter=10000, thresh=2, WM_MIN_VAL=5
 3408 sparsely connected voxels removed in 1 iterations
thickening thin strands....
thickness 4
nsegments 20
wm_hi 125
1912 diagonally connected voxels added...
MRIthickenThinWMStrands(): thickness=4, nsegments=20
  20 segments, 4715 filled
MRIfindBrightNonWM(): 71 bright non-wm voxels segmented.
MRIfilterMorphology() WM_MIN_VAL=5, DIAGONAL_FILL=230
white matter segmentation took 1.0 minutes
writing output to wm.seg.mgz...

 mri_edit_wm_with_aseg -keep-in wm.seg.mgz brain.mgz aseg.presurf.mgz wm.asegedit.mgz 

preserving editing changes in input volume...
auto filling took 0.42 minutes
reading wm segmentation from wm.seg.mgz...
0 voxels added to wm to prevent paths from MTL structures to cortex
3666 additional wm voxels added
0 additional wm voxels added
SEG EDIT: 48922 voxels turned on, 36097 voxels turned off.
propagating editing to output volume from wm.seg.mgz
writing edited volume to wm.asegedit.mgz....

 mri_pretess wm.asegedit.mgz wm norm.mgz wm.mgz 


Iteration Number : 1
pass   1 (xy+):  13 found -  13 modified     |    TOTAL:  13
pass   2 (xy+):   0 found -  13 modified     |    TOTAL:  13
pass   1 (xy-):   7 found -   7 modified     |    TOTAL:  20
pass   2 (xy-):   0 found -   7 modified     |    TOTAL:  20
pass   1 (yz+):  17 found -  17 modified     |    TOTAL:  37
pass   2 (yz+):   0 found -  17 modified     |    TOTAL:  37
pass   1 (yz-):  13 found -  13 modified     |    TOTAL:  50
pass   2 (yz-):   0 found -  13 modified     |    TOTAL:  50
pass   1 (xz+):  10 found -  10 modified     |    TOTAL:  60
pass   2 (xz+):   0 found -  10 modified     |    TOTAL:  60
pass   1 (xz-):  15 found -  15 modified     |    TOTAL:  75
pass   2 (xz-):   0 found -  15 modified     |    TOTAL:  75
Iteration Number : 1
pass   1 (+++):   4 found -   4 modified     |    TOTAL:   4
pass   2 (+++):   0 found -   4 modified     |    TOTAL:   4
pass   1 (+++):   8 found -   8 modified     |    TOTAL:  12
pass   2 (+++):   0 found -   8 modified     |    TOTAL:  12
pass   1 (+++):   7 found -   7 modified     |    TOTAL:  19
pass   2 (+++):   0 found -   7 modified     |    TOTAL:  19
pass   1 (+++):  12 found -  12 modified     |    TOTAL:  31
pass   2 (+++):   0 found -  12 modified     |    TOTAL:  31
Iteration Number : 1
pass   1 (++): 113 found - 113 modified     |    TOTAL: 113
pass   2 (++):   0 found - 113 modified     |    TOTAL: 113
pass   1 (+-):  76 found -  76 modified     |    TOTAL: 189
pass   2 (+-):   0 found -  76 modified     |    TOTAL: 189
pass   1 (--):  85 found -  85 modified     |    TOTAL: 274
pass   2 (--):   0 found -  85 modified     |    TOTAL: 274
pass   1 (-+): 113 found - 113 modified     |    TOTAL: 387
pass   2 (-+):   0 found - 113 modified     |    TOTAL: 387
Iteration Number : 2
pass   1 (xy+):   2 found -   2 modified     |    TOTAL:   2
pass   2 (xy+):   0 found -   2 modified     |    TOTAL:   2
pass   1 (xy-):   2 found -   2 modified     |    TOTAL:   4
pass   2 (xy-):   0 found -   2 modified     |    TOTAL:   4
pass   1 (yz+):   2 found -   2 modified     |    TOTAL:   6
pass   2 (yz+):   0 found -   2 modified     |    TOTAL:   6
pass   1 (yz-):   3 found -   3 modified     |    TOTAL:   9
pass   2 (yz-):   0 found -   3 modified     |    TOTAL:   9
pass   1 (xz+):   3 found -   3 modified     |    TOTAL:  12
pass   2 (xz+):   0 found -   3 modified     |    TOTAL:  12
pass   1 (xz-):   2 found -   2 modified     |    TOTAL:  14
pass   2 (xz-):   0 found -   2 modified     |    TOTAL:  14
Iteration Number : 2
pass   1 (+++):   2 found -   2 modified     |    TOTAL:   2
pass   2 (+++):   0 found -   2 modified     |    TOTAL:   2
pass   1 (+++):   0 found -   0 modified     |    TOTAL:   2
pass   1 (+++):   0 found -   0 modified     |    TOTAL:   2
pass   1 (+++):   0 found -   0 modified     |    TOTAL:   2
Iteration Number : 2
pass   1 (++):   1 found -   1 modified     |    TOTAL:   1
pass   2 (++):   0 found -   1 modified     |    TOTAL:   1
pass   1 (+-):   0 found -   0 modified     |    TOTAL:   1
pass   1 (--):   0 found -   0 modified     |    TOTAL:   1
pass   1 (-+):   2 found -   2 modified     |    TOTAL:   3
pass   2 (-+):   0 found -   2 modified     |    TOTAL:   3
Iteration Number : 3
pass   1 (xy+):   1 found -   1 modified     |    TOTAL:   1
pass   2 (xy+):   0 found -   1 modified     |    TOTAL:   1
pass   1 (xy-):   1 found -   1 modified     |    TOTAL:   2
pass   2 (xy-):   0 found -   1 modified     |    TOTAL:   2
pass   1 (yz+):   2 found -   2 modified     |    TOTAL:   4
pass   2 (yz+):   0 found -   2 modified     |    TOTAL:   4
pass   1 (yz-):   0 found -   0 modified     |    TOTAL:   4
pass   1 (xz+):   0 found -   0 modified     |    TOTAL:   4
pass   1 (xz-):   0 found -   0 modified     |    TOTAL:   4
Iteration Number : 3
pass   1 (+++):   0 found -   0 modified     |    TOTAL:   0
pass   1 (+++):   0 found -   0 modified     |    TOTAL:   0
pass   1 (+++):   0 found -   0 modified     |    TOTAL:   0
pass   1 (+++):   0 found -   0 modified     |    TOTAL:   0
Iteration Number : 3
pass   1 (++):   0 found -   0 modified     |    TOTAL:   0
pass   1 (+-):   0 found -   0 modified     |    TOTAL:   0
pass   1 (--):   0 found -   0 modified     |    TOTAL:   0
pass   1 (-+):   3 found -   3 modified     |    TOTAL:   3
pass   2 (-+):   0 found -   3 modified     |    TOTAL:   3
Iteration Number : 4
pass   1 (xy+):   0 found -   0 modified     |    TOTAL:   0
pass   1 (xy-):   0 found -   0 modified     |    TOTAL:   0
pass   1 (yz+):   0 found -   0 modified     |    TOTAL:   0
pass   1 (yz-):   0 found -   0 modified     |    TOTAL:   0
pass   1 (xz+):   0 found -   0 modified     |    TOTAL:   0
pass   1 (xz-):   0 found -   0 modified     |    TOTAL:   0
Iteration Number : 4
pass   1 (+++):   0 found -   0 modified     |    TOTAL:   0
pass   1 (+++):   0 found -   0 modified     |    TOTAL:   0
pass   1 (+++):   0 found -   0 modified     |    TOTAL:   0
pass   1 (+++):   0 found -   0 modified     |    TOTAL:   0
Iteration Number : 4
pass   1 (++):   0 found -   0 modified     |    TOTAL:   0
pass   1 (+-):   0 found -   0 modified     |    TOTAL:   0
pass   1 (--):   0 found -   0 modified     |    TOTAL:   0
pass   1 (-+):   0 found -   0 modified     |    TOTAL:   0

Total Number of Modified Voxels = 519 (out of 602683: 0.086115)
binarizing input wm segmentation...
Ambiguous edge configurations... 

mri_pretess done

#--------------------------------------------
#@# Fill Tue Mar 10 07:39:05 CET 2026
/out/sourcedata/freesurfer/sub-v1s6x0051369_ses-1/mri

 mri_fill -a ../scripts/ponscc.cut.log -xform transforms/talairach.lta -segmentation aseg.presurf.mgz -ctab /opt/freesurfer/SubCorticalMassLUT.txt wm.mgz filled.mgz 

logging cutting plane coordinates to ../scripts/ponscc.cut.log...
INFO: Using transforms/talairach.lta and its offset for Talairach volume ...
using segmentation aseg.presurf.mgz...
reading input volume...done.
searching for cutting planes...voxel to talairach voxel transform
 1.01704   0.03594   0.10260  -22.33600;
-0.03302   1.09766  -0.00541   15.30260;
-0.09381   0.00239   0.97729   8.04272;
 0.00000   0.00000   0.00000   1.00000;
voxel to talairach voxel transform
 1.01704   0.03594   0.10260  -22.33600;
-0.03302   1.09766  -0.00541   15.30260;
-0.09381   0.00239   0.97729   8.04272;
 0.00000   0.00000   0.00000   1.00000;
reading segmented volume aseg.presurf.mgz
removing CC from segmentation
Looking for area (min, max) = (350, 1400)
area[0] = 1206 (min = 350, max = 1400), aspect = 0.44 (min = 0.10, max = 0.75)
no need to search
using seed (126, 113, 91), TAL = (2.0, -37.0, 15.0)
talairach voxel to voxel transform
 0.97278  -0.03163  -0.10230   23.03476;
 0.02973   0.91005   0.00192  -13.27761;
 0.09331  -0.00526   1.01342  -5.98595;
 0.00000   0.00000   0.00000   1.00000;
segmentation indicates cc at (126,  113,  91) --> (2.0, -37.0, 15.0)
done.
filling took 1.0 minutes
talairach cc position changed to (2.00, -37.00, 15.00)
Erasing brainstem...done.
seed_search_size = 9, min_neighbors = 5
search rh wm seed point around talairach space:(20.00, -37.00, 15.00) SRC: (115.21, 92.94, 95.72)
search lh wm seed point around talairach space (-16.00, -37.00, 15.00), SRC: (150.23, 94.01, 99.08)
compute mri_fill using aseg
Erasing Brain Stem and Cerebellum ...
Define left and right masks using aseg:
Building Voronoi diagram ...
Using the Voronoi diagram for separating WM into two hemispheres ...
Find the largest connected component for each hemisphere ...
Embedding colortable
mri_fill done, writing output to filled.mgz...
 cp filled.mgz filled.auto.mgz

Started at Tue Mar 10 06:12:14 CET 2026 
Ended   at Tue Mar 10 07:40:08 CET 2026
#@#%# recon-all-run-time-hours 1.465
recon-all -s sub-v1s6x0051369_ses-1 finished without error at Tue Mar 10 07:40:08 CET 2026



#New# invocation of recon-all 




Tue Mar 10 08:33:51 CET 2026
cd /out/sourcedata/freesurfer/sub-v1s6x0051369_ses-1
setenv SUBJECTS_DIR /out/sourcedata/freesurfer
/opt/freesurfer/bin/recon-all -parallel -subjid sub-v1s6x0051369_ses-1 -sd /out/sourcedata/freesurfer -cortribbon

subjid sub-v1s6x0051369_ses-1
setenv SUBJECTS_DIR /out/sourcedata/freesurfer
FREESURFER_HOME /opt/freesurfer
Actual FREESURFER_HOME /opt/freesurfer
build-stamp.txt: freesurfer-linux-ubuntu22_x86_64-7.3.2-20220804-6354275
Linux dna062 5.14.0-427.37.1.el9_4.x86_64 #1 SMP PREEMPT_DYNAMIC Fri Sep 13 12:41:50 EDT 2024 x86_64 x86_64 x86_64 GNU/Linux
cputime      unlimited
filesize     unlimited
datasize     unlimited
stacksize    8192 kbytes
coredumpsize 0 kbytes
memoryuse    67108864 kbytes
vmemoryuse   unlimited
descriptors  1024 
memorylocked unlimited
maxproc      2061970 
maxlocks     unlimited
maxsignal    2061970 
maxmessage   819200 
maxnice      0 
maxrtprio    0 
maxrttime    unlimited

               total        used        free      shared  buff/cache   available
Mem:           503Gi        46Gi       408Gi        17Gi        49Gi       436Gi
Swap:             0B          0B          0B

########################################
program versions used
7.3.2 (freesurfer-linux-ubuntu22_x86_64-7.3.2-20220804-6354275)
7.3.2

ProgramName: lta_convert  ProgramArguments: lta_convert -all-info  ProgramVersion: 7.3.2  TimeStamp: 2026/03/10-07:33:51-GMT  BuildTime: Aug  4 2022 06:17:15  BuildStamp: freesurfer-linux-ubuntu22_x86_64-7.3.2-20220804-6354275  User: oesteban  Machine: dna062  Platform: Linux  PlatformVersion: 5.14.0-427.37.1.el9_4.x86_64  CompilerName: GCC  CompilerVersion: 8.4.0
ProgramName: mri_and  ProgramArguments: mri_and -all-info  ProgramVersion: 7.3.2  TimeStamp: 2026/03/10-07:33:51-GMT  BuildTime: Aug  4 2022 06:17:15  BuildStamp: freesurfer-linux-ubuntu22_x86_64-7.3.2-20220804-6354275  User: oesteban  Machine: dna062  Platform: Linux  PlatformVersion: 5.14.0-427.37.1.el9_4.x86_64  CompilerName: GCC  CompilerVersion: 8.4.0
ProgramName: mri_annotation2label  ProgramArguments: mri_annotation2label -all-info  ProgramVersion: 7.3.2  TimeStamp: 2026/03/10-07:33:51-GMT  BuildTime: Aug  4 2022 06:17:15  BuildStamp: freesurfer-linux-ubuntu22_x86_64-7.3.2-20220804-6354275  User: oesteban  Machine: dna062  Platform: Linux  PlatformVersion: 5.14.0-427.37.1.el9_4.x86_64  CompilerName: GCC  CompilerVersion: 8.4.0
ProgramName: mri_aparc2aseg  ProgramArguments: mri_aparc2aseg -all-info  ProgramVersion: 7.3.2  TimeStamp: 2026/03/10-07:33:51-GMT  BuildTime: Aug  4 2022 06:17:15  BuildStamp: freesurfer-linux-ubuntu22_x86_64-7.3.2-20220804-6354275  User: oesteban  Machine: dna062  Platform: Linux  PlatformVersion: 5.14.0-427.37.1.el9_4.x86_64  CompilerName: GCC  CompilerVersion: 8.4.0
ProgramName: mri_surf2volseg  ProgramArguments: mri_surf2volseg -all-info  ProgramVersion: 7.3.2  TimeStamp: 2026/03/10-07:33:51-GMT  BuildTime: Aug  4 2022 06:17:15  BuildStamp: freesurfer-linux-ubuntu22_x86_64-7.3.2-20220804-6354275  User: oesteban  Machine: dna062  Platform: Linux  PlatformVersion: 5.14.0-427.37.1.el9_4.x86_64  CompilerName: GCC  CompilerVersion: 8.4.0
ProgramName: mri_binarize  ProgramArguments: mri_binarize -all-info  ProgramVersion: 7.3.2  TimeStamp: 2026/03/10-07:33:51-GMT  BuildTime: Aug  4 2022 06:17:15  BuildStamp: freesurfer-linux-ubuntu22_x86_64-7.3.2-20220804-6354275  User: oesteban  Machine: dna062  Platform: Linux  PlatformVersion: 5.14.0-427.37.1.el9_4.x86_64  CompilerName: GCC  CompilerVersion: 8.4.0
ProgramName: mri_ca_label  ProgramArguments: mri_ca_label -all-info  ProgramVersion: 7.3.2  TimeStamp: 2026/03/10-07:33:51-GMT  BuildTime: Aug  4 2022 06:17:15  BuildStamp: freesurfer-linux-ubuntu22_x86_64-7.3.2-20220804-6354275  User: oesteban  Machine: dna062  Platform: Linux  PlatformVersion: 5.14.0-427.37.1.el9_4.x86_64  CompilerName: GCC  CompilerVersion: 8.4.0
ProgramName: mri_ca_normalize  ProgramArguments: mri_ca_normalize -all-info  ProgramVersion: 7.3.2  TimeStamp: 2026/03/10-07:33:51-GMT  BuildTime: Aug  4 2022 06:17:15  BuildStamp: freesurfer-linux-ubuntu22_x86_64-7.3.2-20220804-6354275  User: oesteban  Machine: dna062  Platform: Linux  PlatformVersion: 5.14.0-427.37.1.el9_4.x86_64  CompilerName: GCC  CompilerVersion: 8.4.0
ProgramName: mri_ca_register  ProgramArguments: mri_ca_register -all-info  ProgramVersion: 7.3.2  TimeStamp: 2026/03/10-07:33:51-GMT  BuildTime: Aug  4 2022 06:17:15  BuildStamp: freesurfer-linux-ubuntu22_x86_64-7.3.2-20220804-6354275  User: oesteban  Machine: dna062  Platform: Linux  PlatformVersion: 5.14.0-427.37.1.el9_4.x86_64  CompilerName: GCC  CompilerVersion: 8.4.0
ProgramName: mri_cc  ProgramArguments: mri_cc -all-info  ProgramVersion: 7.3.2  TimeStamp: 2026/03/10-07:33:51-GMT  BuildTime: Aug  4 2022 06:17:15  BuildStamp: freesurfer-linux-ubuntu22_x86_64-7.3.2-20220804-6354275  User: oesteban  Machine: dna062  Platform: Linux  PlatformVersion: 5.14.0-427.37.1.el9_4.x86_64  CompilerName: GCC  CompilerVersion: 8.4.0
ProgramName: mri_compute_overlap  ProgramArguments: mri_compute_overlap -all-info  ProgramVersion: 7.3.2  TimeStamp: 2026/03/10-07:33:51-GMT  BuildTime: Aug  4 2022 06:17:15  BuildStamp: freesurfer-linux-ubuntu22_x86_64-7.3.2-20220804-6354275  User: oesteban  Machine: dna062  Platform: Linux  PlatformVersion: 5.14.0-427.37.1.el9_4.x86_64  CompilerName: GCC  CompilerVersion: 8.4.0
ProgramName: mri_compute_seg_overlap  ProgramArguments: mri_compute_seg_overlap -all-info  ProgramVersion: 7.3.2  TimeStamp: 2026/03/10-07:33:51-GMT  BuildTime: Aug  4 2022 06:17:15  BuildStamp: freesurfer-linux-ubuntu22_x86_64-7.3.2-20220804-6354275  User: oesteban  Machine: dna062  Platform: Linux  PlatformVersion: 5.14.0-427.37.1.el9_4.x86_64  CompilerName: GCC  CompilerVersion: 8.4.0
ProgramName: mri_concat  ProgramArguments: mri_concat -all-info  ProgramVersion: 7.3.2  TimeStamp: 2026/03/10-07:33:51-GMT  BuildTime: Aug  4 2022 06:17:15  BuildStamp: freesurfer-linux-ubuntu22_x86_64-7.3.2-20220804-6354275  User: oesteban  Machine: dna062  Platform: Linux  PlatformVersion: 5.14.0-427.37.1.el9_4.x86_64  CompilerName: GCC  CompilerVersion: 8.4.0
ProgramName: mri_concatenate_lta  ProgramArguments: mri_concatenate_lta -all-info  ProgramVersion: 7.3.2  TimeStamp: 2026/03/10-07:33:51-GMT  BuildTime: Aug  4 2022 06:17:15  BuildStamp: freesurfer-linux-ubuntu22_x86_64-7.3.2-20220804-6354275  User: oesteban  Machine: dna062  Platform: Linux  PlatformVersion: 5.14.0-427.37.1.el9_4.x86_64  CompilerName: GCC  CompilerVersion: 8.4.0
mri_convert -all-info 
ProgramName: mri_convert  ProgramArguments: mri_convert -all-info  ProgramVersion: 7.3.2  TimeStamp: 2026/03/10-07:33:51-GMT  BuildTime: Aug  4 2022 06:17:15  BuildStamp: freesurfer-linux-ubuntu22_x86_64-7.3.2-20220804-6354275  User: oesteban  Machine: dna062  Platform: Linux  PlatformVersion: 5.14.0-427.37.1.el9_4.x86_64  CompilerName: GCC  CompilerVersion: 8.4.0
ProgramName: mri_diff  ProgramArguments: mri_diff -all-info  ProgramVersion: 7.3.2  TimeStamp: 2026/03/10-07:33:51-GMT  BuildTime: Aug  4 2022 06:17:15  BuildStamp: freesurfer-linux-ubuntu22_x86_64-7.3.2-20220804-6354275  User: oesteban  Machine: dna062  Platform: Linux  PlatformVersion: 5.14.0-427.37.1.el9_4.x86_64  CompilerName: GCC  CompilerVersion: 8.4.0
ProgramName: mri_edit_wm_with_aseg  ProgramArguments: mri_edit_wm_with_aseg -all-info  ProgramVersion: 7.3.2  TimeStamp: 2026/03/10-07:33:51-GMT  BuildTime: Aug  4 2022 06:17:15  BuildStamp: freesurfer-linux-ubuntu22_x86_64-7.3.2-20220804-6354275  User: oesteban  Machine: dna062  Platform: Linux  PlatformVersion: 5.14.0-427.37.1.el9_4.x86_64  CompilerName: GCC  CompilerVersion: 8.4.0
ProgramName: mri_em_register  ProgramArguments: mri_em_register -all-info  ProgramVersion: 7.3.2  TimeStamp: 2026/03/10-07:33:51-GMT  BuildTime: Aug  4 2022 06:17:15  BuildStamp: freesurfer-linux-ubuntu22_x86_64-7.3.2-20220804-6354275  User: oesteban  Machine: dna062  Platform: Linux  PlatformVersion: 5.14.0-427.37.1.el9_4.x86_64  CompilerName: GCC  CompilerVersion: 8.4.0
ProgramName: mri_fill  ProgramArguments: mri_fill -all-info  ProgramVersion: 7.3.2  TimeStamp: 2026/03/10-07:33:51-GMT  BuildTime: Aug  4 2022 06:17:15  BuildStamp: freesurfer-linux-ubuntu22_x86_64-7.3.2-20220804-6354275  User: oesteban  Machine: dna062  Platform: Linux  PlatformVersion: 5.14.0-427.37.1.el9_4.x86_64  CompilerName: GCC  CompilerVersion: 8.4.0
ProgramName: mri_fuse_segmentations  ProgramArguments: mri_fuse_segmentations -all-info  ProgramVersion: 7.3.2  TimeStamp: 2026/03/10-07:33:51-GMT  BuildTime: Aug  4 2022 06:17:15  BuildStamp: freesurfer-linux-ubuntu22_x86_64-7.3.2-20220804-6354275  User: oesteban  Machine: dna062  Platform: Linux  PlatformVersion: 5.14.0-427.37.1.el9_4.x86_64  CompilerName: GCC  CompilerVersion: 8.4.0
ProgramName: mri_fwhm  ProgramArguments: mri_fwhm -all-info  ProgramVersion: 7.3.2  TimeStamp: 2026/03/10-07:33:51-GMT  BuildTime: Aug  4 2022 06:17:15  BuildStamp: freesurfer-linux-ubuntu22_x86_64-7.3.2-20220804-6354275  User: oesteban  Machine: dna062  Platform: Linux  PlatformVersion: 5.14.0-427.37.1.el9_4.x86_64  CompilerName: GCC  CompilerVersion: 8.4.0
ProgramName: mri_gcut  ProgramArguments: mri_gcut -all-info  ProgramVersion: 7.3.2  TimeStamp: 2026/03/10-07:33:51-GMT  BuildTime: Aug  4 2022 06:17:15  BuildStamp: freesurfer-linux-ubuntu22_x86_64-7.3.2-20220804-6354275  User: oesteban  Machine: dna062  Platform: Linux  PlatformVersion: 5.14.0-427.37.1.el9_4.x86_64  CompilerName: GCC  CompilerVersion: 8.4.0
ProgramName: mri_info  ProgramArguments: mri_info -all-info  ProgramVersion: 7.3.2  TimeStamp: 2026/03/10-07:33:51-GMT  BuildTime: Aug  4 2022 06:17:15  BuildStamp: freesurfer-linux-ubuntu22_x86_64-7.3.2-20220804-6354275  User: oesteban  Machine: dna062  Platform: Linux  PlatformVersion: 5.14.0-427.37.1.el9_4.x86_64  CompilerName: GCC  CompilerVersion: 8.4.0
ProgramName: mri_label2label  ProgramArguments: mri_label2label -all-info  ProgramVersion: 7.3.2  TimeStamp: 2026/03/10-07:33:51-GMT  BuildTime: Aug  4 2022 06:17:15  BuildStamp: freesurfer-linux-ubuntu22_x86_64-7.3.2-20220804-6354275  User: oesteban  Machine: dna062  Platform: Linux  PlatformVersion: 5.14.0-427.37.1.el9_4.x86_64  CompilerName: GCC  CompilerVersion: 8.4.0
ProgramName: mri_label2vol  ProgramArguments: mri_label2vol -all-info  ProgramVersion: 7.3.2  TimeStamp: 2026/03/10-07:33:51-GMT  BuildTime: Aug  4 2022 06:17:15  BuildStamp: freesurfer-linux-ubuntu22_x86_64-7.3.2-20220804-6354275  User: oesteban  Machine: dna062  Platform: Linux  PlatformVersion: 5.14.0-427.37.1.el9_4.x86_64  CompilerName: GCC  CompilerVersion: 8.4.0
ProgramName: mri_log_likelihood  ProgramArguments: mri_log_likelihood -all-info  ProgramVersion: 7.3.2  TimeStamp: 2026/03/10-07:33:51-GMT  BuildTime: Aug  4 2022 06:17:15  BuildStamp: freesurfer-linux-ubuntu22_x86_64-7.3.2-20220804-6354275  User: oesteban  Machine: dna062  Platform: Linux  PlatformVersion: 5.14.0-427.37.1.el9_4.x86_64  CompilerName: GCC  CompilerVersion: 8.4.0
ProgramName: mri_mask  ProgramArguments: mri_mask -all-info  ProgramVersion: 7.3.2  TimeStamp: 2026/03/10-07:33:51-GMT  BuildTime: Aug  4 2022 06:17:15  BuildStamp: freesurfer-linux-ubuntu22_x86_64-7.3.2-20220804-6354275  User: oesteban  Machine: dna062  Platform: Linux  PlatformVersion: 5.14.0-427.37.1.el9_4.x86_64  CompilerName: GCC  CompilerVersion: 8.4.0
ProgramName: mri_matrix_multiply  ProgramArguments: mri_matrix_multiply -all-info  ProgramVersion: 7.3.2  TimeStamp: 2026/03/10-07:33:51-GMT  BuildTime: Aug  4 2022 06:17:15  BuildStamp: freesurfer-linux-ubuntu22_x86_64-7.3.2-20220804-6354275  User: oesteban  Machine: dna062  Platform: Linux  PlatformVersion: 5.14.0-427.37.1.el9_4.x86_64  CompilerName: GCC  CompilerVersion: 8.4.0
ProgramName: mri_normalize  ProgramArguments: mri_normalize -all-info  ProgramVersion: 7.3.2  TimeStamp: 2026/03/10-07:33:51-GMT  BuildTime: Aug  4 2022 06:17:15  BuildStamp: freesurfer-linux-ubuntu22_x86_64-7.3.2-20220804-6354275  User: oesteban  Machine: dna062  Platform: Linux  PlatformVersion: 5.14.0-427.37.1.el9_4.x86_64  CompilerName: GCC  CompilerVersion: 8.4.0
ProgramName: mri_normalize_tp2  ProgramArguments: mri_normalize_tp2 -all-info  ProgramVersion: 7.3.2  TimeStamp: 2026/03/10-07:33:51-GMT  BuildTime: Aug  4 2022 06:17:15  BuildStamp: freesurfer-linux-ubuntu22_x86_64-7.3.2-20220804-6354275  User: oesteban  Machine: dna062  Platform: Linux  PlatformVersion: 5.14.0-427.37.1.el9_4.x86_64  CompilerName: GCC  CompilerVersion: 8.4.0
ProgramName: mri_or  ProgramArguments: mri_or -all-info  ProgramVersion: 7.3.2  TimeStamp: 2026/03/10-07:33:51-GMT  BuildTime: Aug  4 2022 06:17:15  BuildStamp: freesurfer-linux-ubuntu22_x86_64-7.3.2-20220804-6354275  User: oesteban  Machine: dna062  Platform: Linux  PlatformVersion: 5.14.0-427.37.1.el9_4.x86_64  CompilerName: GCC  CompilerVersion: 8.4.0
ProgramName: mri_relabel_hypointensities  ProgramArguments: mri_relabel_hypointensities -all-info  ProgramVersion: 7.3.2  TimeStamp: 2026/03/10-07:33:51-GMT  BuildTime: Aug  4 2022 06:17:15  BuildStamp: freesurfer-linux-ubuntu22_x86_64-7.3.2-20220804-6354275  User: oesteban  Machine: dna062  Platform: Linux  PlatformVersion: 5.14.0-427.37.1.el9_4.x86_64  CompilerName: GCC  CompilerVersion: 8.4.0
ProgramName: mri_relabel_nonwm_hypos  ProgramArguments: mri_relabel_nonwm_hypos -all-info  ProgramVersion: 7.3.2  TimeStamp: 2026/03/10-07:33:51-GMT  BuildTime: Aug  4 2022 06:17:15  BuildStamp: freesurfer-linux-ubuntu22_x86_64-7.3.2-20220804-6354275  User: oesteban  Machine: dna062  Platform: Linux  PlatformVersion: 5.14.0-427.37.1.el9_4.x86_64  CompilerName: GCC  CompilerVersion: 8.4.0
ProgramName: mri_remove_neck  ProgramArguments: mri_remove_neck -all-info  ProgramVersion: 7.3.2  TimeStamp: 2026/03/10-07:33:51-GMT  BuildTime: Aug  4 2022 06:17:15  BuildStamp: freesurfer-linux-ubuntu22_x86_64-7.3.2-20220804-6354275  User: oesteban  Machine: dna062  Platform: Linux  PlatformVersion: 5.14.0-427.37.1.el9_4.x86_64  CompilerName: GCC  CompilerVersion: 8.4.0
7.3.2

ProgramName: mri_robust_register  ProgramArguments: mri_robust_register -all-info  ProgramVersion: 7.3.2  TimeStamp: 2026/03/10-07:33:51-GMT  BuildTime: Aug  4 2022 06:17:15  BuildStamp: freesurfer-linux-ubuntu22_x86_64-7.3.2-20220804-6354275  User: oesteban  Machine: dna062  Platform: Linux  PlatformVersion: 5.14.0-427.37.1.el9_4.x86_64  CompilerName: GCC  CompilerVersion: 8.4.0
7.3.2

ProgramName: mri_robust_template  ProgramArguments: mri_robust_template -all-info  ProgramVersion: 7.3.2  TimeStamp: 2026/03/10-07:33:51-GMT  BuildTime: Aug  4 2022 06:17:15  BuildStamp: freesurfer-linux-ubuntu22_x86_64-7.3.2-20220804-6354275  User: oesteban  Machine: dna062  Platform: Linux  PlatformVersion: 5.14.0-427.37.1.el9_4.x86_64  CompilerName: GCC  CompilerVersion: 8.4.0
ProgramName: mris_anatomical_stats  ProgramArguments: mris_anatomical_stats -all-info  ProgramVersion: 7.3.2  TimeStamp: 2026/03/10-07:33:51-GMT  BuildTime: Aug  4 2022 06:17:15  BuildStamp: freesurfer-linux-ubuntu22_x86_64-7.3.2-20220804-6354275  User: oesteban  Machine: dna062  Platform: Linux  PlatformVersion: 5.14.0-427.37.1.el9_4.x86_64  CompilerName: GCC  CompilerVersion: 8.4.0
ProgramName: mris_ca_label  ProgramArguments: mris_ca_label -all-info  ProgramVersion: 7.3.2  TimeStamp: 2026/03/10-07:33:51-GMT  BuildTime: Aug  4 2022 06:17:15  BuildStamp: freesurfer-linux-ubuntu22_x86_64-7.3.2-20220804-6354275  User: oesteban  Machine: dna062  Platform: Linux  PlatformVersion: 5.14.0-427.37.1.el9_4.x86_64  CompilerName: GCC  CompilerVersion: 8.4.0
ProgramName: mris_calc  ProgramArguments: mris_calc -all-info  ProgramVersion: 7.3.2  TimeStamp: 2026/03/10-07:33:51-GMT  BuildTime: Aug  4 2022 06:17:15  BuildStamp: freesurfer-linux-ubuntu22_x86_64-7.3.2-20220804-6354275  User: oesteban  Machine: dna062  Platform: Linux  PlatformVersion: 5.14.0-427.37.1.el9_4.x86_64  CompilerName: GCC  CompilerVersion: 8.4.0
ProgramName: mris_convert  ProgramArguments: mris_convert -all-info  ProgramVersion: 7.3.2  TimeStamp: 2026/03/10-07:33:51-GMT  BuildTime: Aug  4 2022 06:17:15  BuildStamp: freesurfer-linux-ubuntu22_x86_64-7.3.2-20220804-6354275  User: oesteban  Machine: dna062  Platform: Linux  PlatformVersion: 5.14.0-427.37.1.el9_4.x86_64  CompilerName: GCC  CompilerVersion: 8.4.0
ProgramName: mris_curvature  ProgramArguments: mris_curvature -all-info  ProgramVersion: 7.3.2  TimeStamp: 2026/03/10-07:33:51-GMT  BuildTime: Aug  4 2022 06:17:15  BuildStamp: freesurfer-linux-ubuntu22_x86_64-7.3.2-20220804-6354275  User: oesteban  Machine: dna062  Platform: Linux  PlatformVersion: 5.14.0-427.37.1.el9_4.x86_64  CompilerName: GCC  CompilerVersion: 8.4.0
ProgramName: mris_curvature_stats  ProgramArguments: mris_curvature_stats -all-info  ProgramVersion: 7.3.2  TimeStamp: 2026/03/10-07:33:51-GMT  BuildTime: Aug  4 2022 06:17:15  BuildStamp: freesurfer-linux-ubuntu22_x86_64-7.3.2-20220804-6354275  User: oesteban  Machine: dna062  Platform: Linux  PlatformVersion: 5.14.0-427.37.1.el9_4.x86_64  CompilerName: GCC  CompilerVersion: 8.4.0
ProgramName: mris_diff  ProgramArguments: mris_diff -all-info  ProgramVersion: 7.3.2  TimeStamp: 2026/03/10-07:33:51-GMT  BuildTime: Aug  4 2022 06:17:15  BuildStamp: freesurfer-linux-ubuntu22_x86_64-7.3.2-20220804-6354275  User: oesteban  Machine: dna062  Platform: Linux  PlatformVersion: 5.14.0-427.37.1.el9_4.x86_64  CompilerName: GCC  CompilerVersion: 8.4.0
ProgramName: mris_divide_parcellation  ProgramArguments: mris_divide_parcellation -all-info  ProgramVersion: 7.3.2  TimeStamp: 2026/03/10-07:33:51-GMT  BuildTime: Aug  4 2022 06:17:15  BuildStamp: freesurfer-linux-ubuntu22_x86_64-7.3.2-20220804-6354275  User: oesteban  Machine: dna062  Platform: Linux  PlatformVersion: 5.14.0-427.37.1.el9_4.x86_64  CompilerName: GCC  CompilerVersion: 8.4.0
ProgramName: mri_segment  ProgramArguments: mri_segment -all-info  ProgramVersion: 7.3.2  TimeStamp: 2026/03/10-07:33:51-GMT  BuildTime: Aug  4 2022 06:17:15  BuildStamp: freesurfer-linux-ubuntu22_x86_64-7.3.2-20220804-6354275  User: oesteban  Machine: dna062  Platform: Linux  PlatformVersion: 5.14.0-427.37.1.el9_4.x86_64  CompilerName: GCC  CompilerVersion: 8.4.0
ProgramName: mri_segstats  ProgramArguments: mri_segstats -all-info  ProgramVersion: 7.3.2  TimeStamp: 2026/03/10-07:33:51-GMT  BuildTime: Aug  4 2022 06:17:15  BuildStamp: freesurfer-linux-ubuntu22_x86_64-7.3.2-20220804-6354275  User: oesteban  Machine: dna062  Platform: Linux  PlatformVersion: 5.14.0-427.37.1.el9_4.x86_64  CompilerName: GCC  CompilerVersion: 8.4.0
ProgramName: mris_euler_number  ProgramArguments: mris_euler_number -all-info  ProgramVersion: 7.3.2  TimeStamp: 2026/03/10-07:33:51-GMT  BuildTime: Aug  4 2022 06:17:15  BuildStamp: freesurfer-linux-ubuntu22_x86_64-7.3.2-20220804-6354275  User: oesteban  Machine: dna062  Platform: Linux  PlatformVersion: 5.14.0-427.37.1.el9_4.x86_64  CompilerName: GCC  CompilerVersion: 8.4.0
ProgramName: mris_fix_topology  ProgramArguments: mris_fix_topology -all-info  ProgramVersion: 7.3.2  TimeStamp: 2026/03/10-07:33:51-GMT  BuildTime: Aug  4 2022 06:17:15  BuildStamp: freesurfer-linux-ubuntu22_x86_64-7.3.2-20220804-6354275  User: oesteban  Machine: dna062  Platform: Linux  PlatformVersion: 5.14.0-427.37.1.el9_4.x86_64  CompilerName: GCC  CompilerVersion: 8.4.0
ProgramName: mris_topo_fixer  ProgramArguments: mris_topo_fixer -all-info  ProgramVersion: 7.3.2  TimeStamp: 2026/03/10-07:33:51-GMT  BuildTime: Aug  4 2022 06:17:15  BuildStamp: freesurfer-linux-ubuntu22_x86_64-7.3.2-20220804-6354275  User: oesteban  Machine: dna062  Platform: Linux  PlatformVersion: 5.14.0-427.37.1.el9_4.x86_64  CompilerName: GCC  CompilerVersion: 8.4.0
ProgramName: mris_jacobian  ProgramArguments: mris_jacobian -all-info  ProgramVersion: 7.3.2  TimeStamp: 2026/03/10-07:33:51-GMT  BuildTime: Aug  4 2022 06:17:15  BuildStamp: freesurfer-linux-ubuntu22_x86_64-7.3.2-20220804-6354275  User: oesteban  Machine: dna062  Platform: Linux  PlatformVersion: 5.14.0-427.37.1.el9_4.x86_64  CompilerName: GCC  CompilerVersion: 8.4.0
ProgramName: mris_label2annot  ProgramArguments: mris_label2annot -all-info  ProgramVersion: 7.3.2  TimeStamp: 2026/03/10-07:33:51-GMT  BuildTime: Aug  4 2022 06:17:15  BuildStamp: freesurfer-linux-ubuntu22_x86_64-7.3.2-20220804-6354275  User: oesteban  Machine: dna062  Platform: Linux  PlatformVersion: 5.14.0-427.37.1.el9_4.x86_64  CompilerName: GCC  CompilerVersion: 8.4.0
ProgramName: mris_left_right_register  ProgramArguments: mris_left_right_register -all-info  ProgramVersion: 7.3.2  TimeStamp: 2026/03/10-07:33:51-GMT  BuildTime: Aug  4 2022 06:17:15  BuildStamp: freesurfer-linux-ubuntu22_x86_64-7.3.2-20220804-6354275  User: oesteban  Machine: dna062  Platform: Linux  PlatformVersion: 5.14.0-427.37.1.el9_4.x86_64  CompilerName: GCC  CompilerVersion: 8.4.0
ProgramName: mris_place_surface  ProgramArguments: mris_place_surface -all-info  ProgramVersion: 7.3.2  TimeStamp: 2026/03/10-07:33:51-GMT  BuildTime: Aug  4 2022 06:17:15  BuildStamp: freesurfer-linux-ubuntu22_x86_64-7.3.2-20220804-6354275  User: oesteban  Machine: dna062  Platform: Linux  PlatformVersion: 5.14.0-427.37.1.el9_4.x86_64  CompilerName: GCC  CompilerVersion: 8.4.0
ProgramName: mrisp_paint  ProgramArguments: mrisp_paint -all-info  ProgramVersion: 7.3.2  TimeStamp: 2026/03/10-07:33:51-GMT  BuildTime: Aug  4 2022 06:17:15  BuildStamp: freesurfer-linux-ubuntu22_x86_64-7.3.2-20220804-6354275  User: oesteban  Machine: dna062  Platform: Linux  PlatformVersion: 5.14.0-427.37.1.el9_4.x86_64  CompilerName: GCC  CompilerVersion: 8.4.0
ProgramName: mris_register  ProgramArguments: mris_register -all-info  ProgramVersion: 7.3.2  TimeStamp: 2026/03/10-07:33:51-GMT  BuildTime: Aug  4 2022 06:17:15  BuildStamp: freesurfer-linux-ubuntu22_x86_64-7.3.2-20220804-6354275  User: oesteban  Machine: dna062  Platform: Linux  PlatformVersion: 5.14.0-427.37.1.el9_4.x86_64  CompilerName: GCC  CompilerVersion: 8.4.0
ProgramName: mris_smooth  ProgramArguments: mris_smooth -all-info  ProgramVersion: 7.3.2  TimeStamp: 2026/03/10-07:33:51-GMT  BuildTime: Aug  4 2022 06:17:15  BuildStamp: freesurfer-linux-ubuntu22_x86_64-7.3.2-20220804-6354275  User: oesteban  Machine: dna062  Platform: Linux  PlatformVersion: 5.14.0-427.37.1.el9_4.x86_64  CompilerName: GCC  CompilerVersion: 8.4.0
ProgramName: mris_sphere  ProgramArguments: mris_sphere -all-info  ProgramVersion: 7.3.2  TimeStamp: 2026/03/10-07:33:51-GMT  BuildTime: Aug  4 2022 06:17:15  BuildStamp: freesurfer-linux-ubuntu22_x86_64-7.3.2-20220804-6354275  User: oesteban  Machine: dna062  Platform: Linux  PlatformVersion: 5.14.0-427.37.1.el9_4.x86_64  CompilerName: GCC  CompilerVersion: 8.4.0
ProgramName: mris_surface_stats  ProgramArguments: mris_surface_stats -all-info  ProgramVersion: 7.3.2  TimeStamp: 2026/03/10-07:33:51-GMT  BuildTime: Aug  4 2022 06:17:15  BuildStamp: freesurfer-linux-ubuntu22_x86_64-7.3.2-20220804-6354275  User: oesteban  Machine: dna062  Platform: Linux  PlatformVersion: 5.14.0-427.37.1.el9_4.x86_64  CompilerName: GCC  CompilerVersion: 8.4.0
ProgramName: mri_stats2seg  ProgramArguments: mri_stats2seg -all-info  ProgramVersion: 7.3.2  TimeStamp: 2026/03/10-07:33:51-GMT  BuildTime: Aug  4 2022 06:17:15  BuildStamp: freesurfer-linux-ubuntu22_x86_64-7.3.2-20220804-6354275  User: oesteban  Machine: dna062  Platform: Linux  PlatformVersion: 5.14.0-427.37.1.el9_4.x86_64  CompilerName: GCC  CompilerVersion: 8.4.0
ProgramName: mris_thickness  ProgramArguments: mris_thickness -all-info  ProgramVersion: 7.3.2  TimeStamp: 2026/03/10-07:33:51-GMT  BuildTime: Aug  4 2022 06:17:15  BuildStamp: freesurfer-linux-ubuntu22_x86_64-7.3.2-20220804-6354275  User: oesteban  Machine: dna062  Platform: Linux  PlatformVersion: 5.14.0-427.37.1.el9_4.x86_64  CompilerName: GCC  CompilerVersion: 8.4.0
ProgramName: mris_thickness_diff  ProgramArguments: mris_thickness_diff -all-info  ProgramVersion: 7.3.2  TimeStamp: 2026/03/10-07:33:51-GMT  BuildTime: Aug  4 2022 06:17:15  BuildStamp: freesurfer-linux-ubuntu22_x86_64-7.3.2-20220804-6354275  User: oesteban  Machine: dna062  Platform: Linux  PlatformVersion: 5.14.0-427.37.1.el9_4.x86_64  CompilerName: GCC  CompilerVersion: 8.4.0
ProgramName: mris_topo_fixer  ProgramArguments: mris_topo_fixer -all-info  ProgramVersion: 7.3.2  TimeStamp: 2026/03/10-07:33:51-GMT  BuildTime: Aug  4 2022 06:17:15  BuildStamp: freesurfer-linux-ubuntu22_x86_64-7.3.2-20220804-6354275  User: oesteban  Machine: dna062  Platform: Linux  PlatformVersion: 5.14.0-427.37.1.el9_4.x86_64  CompilerName: GCC  CompilerVersion: 8.4.0
ProgramName: mri_surf2surf  ProgramArguments: mri_surf2surf -all-info  ProgramVersion: 7.3.2  TimeStamp: 2026/03/10-07:33:51-GMT  BuildTime: Aug  4 2022 06:17:15  BuildStamp: freesurfer-linux-ubuntu22_x86_64-7.3.2-20220804-6354275  User: oesteban  Machine: dna062  Platform: Linux  PlatformVersion: 5.14.0-427.37.1.el9_4.x86_64  CompilerName: GCC  CompilerVersion: 8.4.0
ProgramName: mri_surf2vol  ProgramArguments: mri_surf2vol -all-info  ProgramVersion: 7.3.2  TimeStamp: 2026/03/10-07:33:51-GMT  BuildTime: Aug  4 2022 06:17:15  BuildStamp: freesurfer-linux-ubuntu22_x86_64-7.3.2-20220804-6354275  User: oesteban  Machine: dna062  Platform: Linux  PlatformVersion: 5.14.0-427.37.1.el9_4.x86_64  CompilerName: GCC  CompilerVersion: 8.4.0
ProgramName: mri_surfcluster  ProgramArguments: mri_surfcluster -all-info  ProgramVersion: 7.3.2  TimeStamp: 2026/03/10-07:33:51-GMT  BuildTime: Aug  4 2022 06:17:15  BuildStamp: freesurfer-linux-ubuntu22_x86_64-7.3.2-20220804-6354275  User: oesteban  Machine: dna062  Platform: Linux  PlatformVersion: 5.14.0-427.37.1.el9_4.x86_64  CompilerName: GCC  CompilerVersion: 8.4.0
ProgramName: mris_volmask  ProgramArguments: mris_volmask -all-info  ProgramVersion: 7.3.2  TimeStamp: 2026/03/10-07:33:51-GMT  BuildTime: Aug  4 2022 06:17:15  BuildStamp: freesurfer-linux-ubuntu22_x86_64-7.3.2-20220804-6354275  User: oesteban  Machine: dna062  Platform: Linux  PlatformVersion: 5.14.0-427.37.1.el9_4.x86_64  CompilerName: GCC  CompilerVersion: 8.4.0
ProgramName: mri_tessellate  ProgramArguments: mri_tessellate -all-info  ProgramVersion: 7.3.2  TimeStamp: 2026/03/10-07:33:51-GMT  BuildTime: Aug  4 2022 06:17:15  BuildStamp: freesurfer-linux-ubuntu22_x86_64-7.3.2-20220804-6354275  User: oesteban  Machine: dna062  Platform: Linux  PlatformVersion: 5.14.0-427.37.1.el9_4.x86_64  CompilerName: GCC  CompilerVersion: 8.4.0
ProgramName: mri_vol2surf  ProgramArguments: mri_vol2surf -all-info  ProgramVersion: 7.3.2  TimeStamp: 2026/03/10-07:33:51-GMT  BuildTime: Aug  4 2022 06:17:15  BuildStamp: freesurfer-linux-ubuntu22_x86_64-7.3.2-20220804-6354275  User: oesteban  Machine: dna062  Platform: Linux  PlatformVersion: 5.14.0-427.37.1.el9_4.x86_64  CompilerName: GCC  CompilerVersion: 8.4.0
ProgramName: mri_vol2vol  ProgramArguments: mri_vol2vol -all-info  ProgramVersion: 7.3.2  TimeStamp: 2026/03/10-07:33:51-GMT  BuildTime: Aug  4 2022 06:17:15  BuildStamp: freesurfer-linux-ubuntu22_x86_64-7.3.2-20220804-6354275  User: oesteban  Machine: dna062  Platform: Linux  PlatformVersion: 5.14.0-427.37.1.el9_4.x86_64  CompilerName: GCC  CompilerVersion: 8.4.0
ProgramName: mri_voldiff  ProgramArguments: mri_voldiff -all-info  ProgramVersion: 7.3.2  TimeStamp: 2026/03/10-07:33:51-GMT  BuildTime: Aug  4 2022 06:17:15  BuildStamp: freesurfer-linux-ubuntu22_x86_64-7.3.2-20220804-6354275  User: oesteban  Machine: dna062  Platform: Linux  PlatformVersion: 5.14.0-427.37.1.el9_4.x86_64  CompilerName: GCC  CompilerVersion: 8.4.0
ProgramName: mri_watershed  ProgramArguments: mri_watershed -all-info  ProgramVersion: 7.3.2  TimeStamp: 2026/03/10-07:33:51-GMT  BuildTime: Aug  4 2022 06:17:15  BuildStamp: freesurfer-linux-ubuntu22_x86_64-7.3.2-20220804-6354275  User: oesteban  Machine: dna062  Platform: Linux  PlatformVersion: 5.14.0-427.37.1.el9_4.x86_64  CompilerName: GCC  CompilerVersion: 8.4.0
ProgramName: tkregister2  ProgramArguments: tkregister2_cmdl -all-info  ProgramVersion: 7.3.2  TimeStamp: 2026/03/10-07:33:51-GMT  BuildTime: Aug  4 2022 06:17:15  BuildStamp: freesurfer-linux-ubuntu22_x86_64-7.3.2-20220804-6354275  User: oesteban  Machine: dna062  Platform: Linux  PlatformVersion: 5.14.0-427.37.1.el9_4.x86_64  CompilerName: GCC  CompilerVersion: 8.4.0
mri_motion_correct.fsl 7.3.2
mri_convert -all-info 
ProgramName: mri_convert  ProgramArguments: mri_convert -all-info  ProgramVersion: 7.3.2  TimeStamp: 2026/03/10-07:33:51-GMT  BuildTime: Aug  4 2022 06:17:15  BuildStamp: freesurfer-linux-ubuntu22_x86_64-7.3.2-20220804-6354275  User: oesteban  Machine: dna062  Platform: Linux  PlatformVersion: 5.14.0-427.37.1.el9_4.x86_64  CompilerName: GCC  CompilerVersion: 8.4.0
Program nu_correct, built from:
Package MNI N3, version 1.12.0, compiled by nicks@terrier (x86_64-unknown-linux-gnu) on 2015-06-19 at 01:25:34
#######################################
GCADIR /opt/freesurfer/average
GCA RB_all_2020-01-02.gca
GCASkull RB_all_withskull_2020_01_02.gca
AvgCurvTif folding.atlas.acfb40.noaparc.i12.2016-08-02.tif
GCSDIR /opt/freesurfer/average
GCS DKaparc.atlas.acfb40.noaparc.i12.2016-08-02.gcs
#######################################
#@# white curv lh Tue Mar 10 08:33:51 CET 2026
cd /out/sourcedata/freesurfer/sub-v1s6x0051369_ses-1/mri
mris_place_surface --curv-map ../surf/lh.white 2 10 ../surf/lh.curv
   Update not needed
#@# white area lh Tue Mar 10 08:33:51 CET 2026
cd /out/sourcedata/freesurfer/sub-v1s6x0051369_ses-1/mri
mris_place_surface --area-map ../surf/lh.white ../surf/lh.area
   Update not needed
#@# pial curv lh Tue Mar 10 08:33:51 CET 2026
cd /out/sourcedata/freesurfer/sub-v1s6x0051369_ses-1/mri
mris_place_surface --curv-map ../surf/lh.pial 2 10 ../surf/lh.curv.pial
   Update not needed
#@# pial area lh Tue Mar 10 08:33:51 CET 2026
cd /out/sourcedata/freesurfer/sub-v1s6x0051369_ses-1/mri
mris_place_surface --area-map ../surf/lh.pial ../surf/lh.area.pial
   Update not needed
#@# thickness lh Tue Mar 10 08:33:51 CET 2026
cd /out/sourcedata/freesurfer/sub-v1s6x0051369_ses-1/mri
mris_place_surface --thickness ../surf/lh.white ../surf/lh.pial 20 5 ../surf/lh.thickness
   Update not needed
#@# area and vertex vol lh Tue Mar 10 08:33:51 CET 2026
cd /out/sourcedata/freesurfer/sub-v1s6x0051369_ses-1/mri
mris_place_surface --thickness ../surf/lh.white ../surf/lh.pial 20 5 ../surf/lh.thickness
   Update not needed
#@# white curv rh Tue Mar 10 08:33:51 CET 2026
cd /out/sourcedata/freesurfer/sub-v1s6x0051369_ses-1/mri
mris_place_surface --curv-map ../surf/rh.white 2 10 ../surf/rh.curv
   Update not needed
#@# white area rh Tue Mar 10 08:33:51 CET 2026
cd /out/sourcedata/freesurfer/sub-v1s6x0051369_ses-1/mri
mris_place_surface --area-map ../surf/rh.white ../surf/rh.area
   Update not needed
#@# pial curv rh Tue Mar 10 08:33:51 CET 2026
cd /out/sourcedata/freesurfer/sub-v1s6x0051369_ses-1/mri
mris_place_surface --curv-map ../surf/rh.pial 2 10 ../surf/rh.curv.pial
   Update not needed
#@# pial area rh Tue Mar 10 08:33:51 CET 2026
cd /out/sourcedata/freesurfer/sub-v1s6x0051369_ses-1/mri
mris_place_surface --area-map ../surf/rh.pial ../surf/rh.area.pial
   Update not needed
#@# thickness rh Tue Mar 10 08:33:51 CET 2026
cd /out/sourcedata/freesurfer/sub-v1s6x0051369_ses-1/mri
mris_place_surface --thickness ../surf/rh.white ../surf/rh.pial 20 5 ../surf/rh.thickness
   Update not needed
#@# area and vertex vol rh Tue Mar 10 08:33:51 CET 2026
cd /out/sourcedata/freesurfer/sub-v1s6x0051369_ses-1/mri
mris_place_surface --thickness ../surf/rh.white ../surf/rh.pial 20 5 ../surf/rh.thickness
   Update not needed
#--------------------------------------------
#@# Cortical ribbon mask Tue Mar 10 08:33:51 CET 2026
/out/sourcedata/freesurfer/sub-v1s6x0051369_ses-1/mri

 mris_volmask --aseg_name aseg.presurf --label_left_white 2 --label_left_ribbon 3 --label_right_white 41 --label_right_ribbon 42 --save_ribbon sub-v1s6x0051369_ses-1 

SUBJECTS_DIR is /out/sourcedata/freesurfer
loading input data...
Running hemis serially
Processing left hemi
computing distance to left white surface 
computing distance to left pial surface 
Processing right hemi
computing distance to right white surface 
computing distance to right pial surface 
 hemi masks overlap voxels = 138
writing volume /out/sourcedata/freesurfer/sub-v1s6x0051369_ses-1/mri/ribbon.mgz
mris_volmask took 9.79 minutes
 writing ribbon files

Started at Tue Mar 10 08:33:51 CET 2026 
Ended   at Tue Mar 10 08:43:39 CET 2026
#@#%# recon-all-run-time-hours 0.163
recon-all -s sub-v1s6x0051369_ses-1 finished without error at Tue Mar 10 08:43:39 CET 2026



#New# invocation of recon-all 




Tue Mar 10 08:50:55 CET 2026
cd /out/sourcedata/freesurfer/sub-v1s6x0051369_ses-1
setenv SUBJECTS_DIR /out/sourcedata/freesurfer
/opt/freesurfer/bin/recon-all -autorecon3 -openmp 16 -subjid sub-v1s6x0051369_ses-1 -sd /out/sourcedata/freesurfer -nosphere -nosurfreg -nojacobian_white -noavgcurv -nocortparc -nopial -noparcstats -nocortparc2 -noparcstats2 -nocortparc3 -noparcstats3 -nopctsurfcon -nocortribbon -nobalabels

subjid sub-v1s6x0051369_ses-1
setenv SUBJECTS_DIR /out/sourcedata/freesurfer
FREESURFER_HOME /opt/freesurfer
Actual FREESURFER_HOME /opt/freesurfer
build-stamp.txt: freesurfer-linux-ubuntu22_x86_64-7.3.2-20220804-6354275
Linux dna062 5.14.0-427.37.1.el9_4.x86_64 #1 SMP PREEMPT_DYNAMIC Fri Sep 13 12:41:50 EDT 2024 x86_64 x86_64 x86_64 GNU/Linux
cputime      unlimited
filesize     unlimited
datasize     unlimited
stacksize    8192 kbytes
coredumpsize 0 kbytes
memoryuse    67108864 kbytes
vmemoryuse   unlimited
descriptors  1024 
memorylocked unlimited
maxproc      2061970 
maxlocks     unlimited
maxsignal    2061970 
maxmessage   819200 
maxnice      0 
maxrtprio    0 
maxrttime    unlimited

               total        used        free      shared  buff/cache   available
Mem:           503Gi        46Gi       407Gi        17Gi        49Gi       436Gi
Swap:             0B          0B          0B

########################################
program versions used
7.3.2 (freesurfer-linux-ubuntu22_x86_64-7.3.2-20220804-6354275)
7.3.2

ProgramName: lta_convert  ProgramArguments: lta_convert -all-info  ProgramVersion: 7.3.2  TimeStamp: 2026/03/10-07:50:55-GMT  BuildTime: Aug  4 2022 06:17:15  BuildStamp: freesurfer-linux-ubuntu22_x86_64-7.3.2-20220804-6354275  User: oesteban  Machine: dna062  Platform: Linux  PlatformVersion: 5.14.0-427.37.1.el9_4.x86_64  CompilerName: GCC  CompilerVersion: 8.4.0
ProgramName: mri_and  ProgramArguments: mri_and -all-info  ProgramVersion: 7.3.2  TimeStamp: 2026/03/10-07:50:55-GMT  BuildTime: Aug  4 2022 06:17:15  BuildStamp: freesurfer-linux-ubuntu22_x86_64-7.3.2-20220804-6354275  User: oesteban  Machine: dna062  Platform: Linux  PlatformVersion: 5.14.0-427.37.1.el9_4.x86_64  CompilerName: GCC  CompilerVersion: 8.4.0
ProgramName: mri_annotation2label  ProgramArguments: mri_annotation2label -all-info  ProgramVersion: 7.3.2  TimeStamp: 2026/03/10-07:50:55-GMT  BuildTime: Aug  4 2022 06:17:15  BuildStamp: freesurfer-linux-ubuntu22_x86_64-7.3.2-20220804-6354275  User: oesteban  Machine: dna062  Platform: Linux  PlatformVersion: 5.14.0-427.37.1.el9_4.x86_64  CompilerName: GCC  CompilerVersion: 8.4.0
ProgramName: mri_aparc2aseg  ProgramArguments: mri_aparc2aseg -all-info  ProgramVersion: 7.3.2  TimeStamp: 2026/03/10-07:50:55-GMT  BuildTime: Aug  4 2022 06:17:15  BuildStamp: freesurfer-linux-ubuntu22_x86_64-7.3.2-20220804-6354275  User: oesteban  Machine: dna062  Platform: Linux  PlatformVersion: 5.14.0-427.37.1.el9_4.x86_64  CompilerName: GCC  CompilerVersion: 8.4.0
ProgramName: mri_surf2volseg  ProgramArguments: mri_surf2volseg -all-info  ProgramVersion: 7.3.2  TimeStamp: 2026/03/10-07:50:55-GMT  BuildTime: Aug  4 2022 06:17:15  BuildStamp: freesurfer-linux-ubuntu22_x86_64-7.3.2-20220804-6354275  User: oesteban  Machine: dna062  Platform: Linux  PlatformVersion: 5.14.0-427.37.1.el9_4.x86_64  CompilerName: GCC  CompilerVersion: 8.4.0
ProgramName: mri_binarize  ProgramArguments: mri_binarize -all-info  ProgramVersion: 7.3.2  TimeStamp: 2026/03/10-07:50:55-GMT  BuildTime: Aug  4 2022 06:17:15  BuildStamp: freesurfer-linux-ubuntu22_x86_64-7.3.2-20220804-6354275  User: oesteban  Machine: dna062  Platform: Linux  PlatformVersion: 5.14.0-427.37.1.el9_4.x86_64  CompilerName: GCC  CompilerVersion: 8.4.0
ProgramName: mri_ca_label  ProgramArguments: mri_ca_label -all-info  ProgramVersion: 7.3.2  TimeStamp: 2026/03/10-07:50:55-GMT  BuildTime: Aug  4 2022 06:17:15  BuildStamp: freesurfer-linux-ubuntu22_x86_64-7.3.2-20220804-6354275  User: oesteban  Machine: dna062  Platform: Linux  PlatformVersion: 5.14.0-427.37.1.el9_4.x86_64  CompilerName: GCC  CompilerVersion: 8.4.0
ProgramName: mri_ca_normalize  ProgramArguments: mri_ca_normalize -all-info  ProgramVersion: 7.3.2  TimeStamp: 2026/03/10-07:50:55-GMT  BuildTime: Aug  4 2022 06:17:15  BuildStamp: freesurfer-linux-ubuntu22_x86_64-7.3.2-20220804-6354275  User: oesteban  Machine: dna062  Platform: Linux  PlatformVersion: 5.14.0-427.37.1.el9_4.x86_64  CompilerName: GCC  CompilerVersion: 8.4.0
ProgramName: mri_ca_register  ProgramArguments: mri_ca_register -all-info  ProgramVersion: 7.3.2  TimeStamp: 2026/03/10-07:50:55-GMT  BuildTime: Aug  4 2022 06:17:15  BuildStamp: freesurfer-linux-ubuntu22_x86_64-7.3.2-20220804-6354275  User: oesteban  Machine: dna062  Platform: Linux  PlatformVersion: 5.14.0-427.37.1.el9_4.x86_64  CompilerName: GCC  CompilerVersion: 8.4.0
ProgramName: mri_cc  ProgramArguments: mri_cc -all-info  ProgramVersion: 7.3.2  TimeStamp: 2026/03/10-07:50:55-GMT  BuildTime: Aug  4 2022 06:17:15  BuildStamp: freesurfer-linux-ubuntu22_x86_64-7.3.2-20220804-6354275  User: oesteban  Machine: dna062  Platform: Linux  PlatformVersion: 5.14.0-427.37.1.el9_4.x86_64  CompilerName: GCC  CompilerVersion: 8.4.0
ProgramName: mri_compute_overlap  ProgramArguments: mri_compute_overlap -all-info  ProgramVersion: 7.3.2  TimeStamp: 2026/03/10-07:50:55-GMT  BuildTime: Aug  4 2022 06:17:15  BuildStamp: freesurfer-linux-ubuntu22_x86_64-7.3.2-20220804-6354275  User: oesteban  Machine: dna062  Platform: Linux  PlatformVersion: 5.14.0-427.37.1.el9_4.x86_64  CompilerName: GCC  CompilerVersion: 8.4.0
ProgramName: mri_compute_seg_overlap  ProgramArguments: mri_compute_seg_overlap -all-info  ProgramVersion: 7.3.2  TimeStamp: 2026/03/10-07:50:55-GMT  BuildTime: Aug  4 2022 06:17:15  BuildStamp: freesurfer-linux-ubuntu22_x86_64-7.3.2-20220804-6354275  User: oesteban  Machine: dna062  Platform: Linux  PlatformVersion: 5.14.0-427.37.1.el9_4.x86_64  CompilerName: GCC  CompilerVersion: 8.4.0
ProgramName: mri_concat  ProgramArguments: mri_concat -all-info  ProgramVersion: 7.3.2  TimeStamp: 2026/03/10-07:50:55-GMT  BuildTime: Aug  4 2022 06:17:15  BuildStamp: freesurfer-linux-ubuntu22_x86_64-7.3.2-20220804-6354275  User: oesteban  Machine: dna062  Platform: Linux  PlatformVersion: 5.14.0-427.37.1.el9_4.x86_64  CompilerName: GCC  CompilerVersion: 8.4.0
ProgramName: mri_concatenate_lta  ProgramArguments: mri_concatenate_lta -all-info  ProgramVersion: 7.3.2  TimeStamp: 2026/03/10-07:50:55-GMT  BuildTime: Aug  4 2022 06:17:15  BuildStamp: freesurfer-linux-ubuntu22_x86_64-7.3.2-20220804-6354275  User: oesteban  Machine: dna062  Platform: Linux  PlatformVersion: 5.14.0-427.37.1.el9_4.x86_64  CompilerName: GCC  CompilerVersion: 8.4.0
mri_convert -all-info 
ProgramName: mri_convert  ProgramArguments: mri_convert -all-info  ProgramVersion: 7.3.2  TimeStamp: 2026/03/10-07:50:55-GMT  BuildTime: Aug  4 2022 06:17:15  BuildStamp: freesurfer-linux-ubuntu22_x86_64-7.3.2-20220804-6354275  User: oesteban  Machine: dna062  Platform: Linux  PlatformVersion: 5.14.0-427.37.1.el9_4.x86_64  CompilerName: GCC  CompilerVersion: 8.4.0
ProgramName: mri_diff  ProgramArguments: mri_diff -all-info  ProgramVersion: 7.3.2  TimeStamp: 2026/03/10-07:50:55-GMT  BuildTime: Aug  4 2022 06:17:15  BuildStamp: freesurfer-linux-ubuntu22_x86_64-7.3.2-20220804-6354275  User: oesteban  Machine: dna062  Platform: Linux  PlatformVersion: 5.14.0-427.37.1.el9_4.x86_64  CompilerName: GCC  CompilerVersion: 8.4.0
ProgramName: mri_edit_wm_with_aseg  ProgramArguments: mri_edit_wm_with_aseg -all-info  ProgramVersion: 7.3.2  TimeStamp: 2026/03/10-07:50:55-GMT  BuildTime: Aug  4 2022 06:17:15  BuildStamp: freesurfer-linux-ubuntu22_x86_64-7.3.2-20220804-6354275  User: oesteban  Machine: dna062  Platform: Linux  PlatformVersion: 5.14.0-427.37.1.el9_4.x86_64  CompilerName: GCC  CompilerVersion: 8.4.0
ProgramName: mri_em_register  ProgramArguments: mri_em_register -all-info  ProgramVersion: 7.3.2  TimeStamp: 2026/03/10-07:50:55-GMT  BuildTime: Aug  4 2022 06:17:15  BuildStamp: freesurfer-linux-ubuntu22_x86_64-7.3.2-20220804-6354275  User: oesteban  Machine: dna062  Platform: Linux  PlatformVersion: 5.14.0-427.37.1.el9_4.x86_64  CompilerName: GCC  CompilerVersion: 8.4.0
ProgramName: mri_fill  ProgramArguments: mri_fill -all-info  ProgramVersion: 7.3.2  TimeStamp: 2026/03/10-07:50:55-GMT  BuildTime: Aug  4 2022 06:17:15  BuildStamp: freesurfer-linux-ubuntu22_x86_64-7.3.2-20220804-6354275  User: oesteban  Machine: dna062  Platform: Linux  PlatformVersion: 5.14.0-427.37.1.el9_4.x86_64  CompilerName: GCC  CompilerVersion: 8.4.0
ProgramName: mri_fuse_segmentations  ProgramArguments: mri_fuse_segmentations -all-info  ProgramVersion: 7.3.2  TimeStamp: 2026/03/10-07:50:55-GMT  BuildTime: Aug  4 2022 06:17:15  BuildStamp: freesurfer-linux-ubuntu22_x86_64-7.3.2-20220804-6354275  User: oesteban  Machine: dna062  Platform: Linux  PlatformVersion: 5.14.0-427.37.1.el9_4.x86_64  CompilerName: GCC  CompilerVersion: 8.4.0
ProgramName: mri_fwhm  ProgramArguments: mri_fwhm -all-info  ProgramVersion: 7.3.2  TimeStamp: 2026/03/10-07:50:55-GMT  BuildTime: Aug  4 2022 06:17:15  BuildStamp: freesurfer-linux-ubuntu22_x86_64-7.3.2-20220804-6354275  User: oesteban  Machine: dna062  Platform: Linux  PlatformVersion: 5.14.0-427.37.1.el9_4.x86_64  CompilerName: GCC  CompilerVersion: 8.4.0
ProgramName: mri_gcut  ProgramArguments: mri_gcut -all-info  ProgramVersion: 7.3.2  TimeStamp: 2026/03/10-07:50:55-GMT  BuildTime: Aug  4 2022 06:17:15  BuildStamp: freesurfer-linux-ubuntu22_x86_64-7.3.2-20220804-6354275  User: oesteban  Machine: dna062  Platform: Linux  PlatformVersion: 5.14.0-427.37.1.el9_4.x86_64  CompilerName: GCC  CompilerVersion: 8.4.0
ProgramName: mri_info  ProgramArguments: mri_info -all-info  ProgramVersion: 7.3.2  TimeStamp: 2026/03/10-07:50:55-GMT  BuildTime: Aug  4 2022 06:17:15  BuildStamp: freesurfer-linux-ubuntu22_x86_64-7.3.2-20220804-6354275  User: oesteban  Machine: dna062  Platform: Linux  PlatformVersion: 5.14.0-427.37.1.el9_4.x86_64  CompilerName: GCC  CompilerVersion: 8.4.0
ProgramName: mri_label2label  ProgramArguments: mri_label2label -all-info  ProgramVersion: 7.3.2  TimeStamp: 2026/03/10-07:50:55-GMT  BuildTime: Aug  4 2022 06:17:15  BuildStamp: freesurfer-linux-ubuntu22_x86_64-7.3.2-20220804-6354275  User: oesteban  Machine: dna062  Platform: Linux  PlatformVersion: 5.14.0-427.37.1.el9_4.x86_64  CompilerName: GCC  CompilerVersion: 8.4.0
ProgramName: mri_label2vol  ProgramArguments: mri_label2vol -all-info  ProgramVersion: 7.3.2  TimeStamp: 2026/03/10-07:50:55-GMT  BuildTime: Aug  4 2022 06:17:15  BuildStamp: freesurfer-linux-ubuntu22_x86_64-7.3.2-20220804-6354275  User: oesteban  Machine: dna062  Platform: Linux  PlatformVersion: 5.14.0-427.37.1.el9_4.x86_64  CompilerName: GCC  CompilerVersion: 8.4.0
ProgramName: mri_log_likelihood  ProgramArguments: mri_log_likelihood -all-info  ProgramVersion: 7.3.2  TimeStamp: 2026/03/10-07:50:55-GMT  BuildTime: Aug  4 2022 06:17:15  BuildStamp: freesurfer-linux-ubuntu22_x86_64-7.3.2-20220804-6354275  User: oesteban  Machine: dna062  Platform: Linux  PlatformVersion: 5.14.0-427.37.1.el9_4.x86_64  CompilerName: GCC  CompilerVersion: 8.4.0
ProgramName: mri_mask  ProgramArguments: mri_mask -all-info  ProgramVersion: 7.3.2  TimeStamp: 2026/03/10-07:50:55-GMT  BuildTime: Aug  4 2022 06:17:15  BuildStamp: freesurfer-linux-ubuntu22_x86_64-7.3.2-20220804-6354275  User: oesteban  Machine: dna062  Platform: Linux  PlatformVersion: 5.14.0-427.37.1.el9_4.x86_64  CompilerName: GCC  CompilerVersion: 8.4.0
ProgramName: mri_matrix_multiply  ProgramArguments: mri_matrix_multiply -all-info  ProgramVersion: 7.3.2  TimeStamp: 2026/03/10-07:50:55-GMT  BuildTime: Aug  4 2022 06:17:15  BuildStamp: freesurfer-linux-ubuntu22_x86_64-7.3.2-20220804-6354275  User: oesteban  Machine: dna062  Platform: Linux  PlatformVersion: 5.14.0-427.37.1.el9_4.x86_64  CompilerName: GCC  CompilerVersion: 8.4.0
ProgramName: mri_normalize  ProgramArguments: mri_normalize -all-info  ProgramVersion: 7.3.2  TimeStamp: 2026/03/10-07:50:55-GMT  BuildTime: Aug  4 2022 06:17:15  BuildStamp: freesurfer-linux-ubuntu22_x86_64-7.3.2-20220804-6354275  User: oesteban  Machine: dna062  Platform: Linux  PlatformVersion: 5.14.0-427.37.1.el9_4.x86_64  CompilerName: GCC  CompilerVersion: 8.4.0
ProgramName: mri_normalize_tp2  ProgramArguments: mri_normalize_tp2 -all-info  ProgramVersion: 7.3.2  TimeStamp: 2026/03/10-07:50:55-GMT  BuildTime: Aug  4 2022 06:17:15  BuildStamp: freesurfer-linux-ubuntu22_x86_64-7.3.2-20220804-6354275  User: oesteban  Machine: dna062  Platform: Linux  PlatformVersion: 5.14.0-427.37.1.el9_4.x86_64  CompilerName: GCC  CompilerVersion: 8.4.0
ProgramName: mri_or  ProgramArguments: mri_or -all-info  ProgramVersion: 7.3.2  TimeStamp: 2026/03/10-07:50:55-GMT  BuildTime: Aug  4 2022 06:17:15  BuildStamp: freesurfer-linux-ubuntu22_x86_64-7.3.2-20220804-6354275  User: oesteban  Machine: dna062  Platform: Linux  PlatformVersion: 5.14.0-427.37.1.el9_4.x86_64  CompilerName: GCC  CompilerVersion: 8.4.0
ProgramName: mri_relabel_hypointensities  ProgramArguments: mri_relabel_hypointensities -all-info  ProgramVersion: 7.3.2  TimeStamp: 2026/03/10-07:50:55-GMT  BuildTime: Aug  4 2022 06:17:15  BuildStamp: freesurfer-linux-ubuntu22_x86_64-7.3.2-20220804-6354275  User: oesteban  Machine: dna062  Platform: Linux  PlatformVersion: 5.14.0-427.37.1.el9_4.x86_64  CompilerName: GCC  CompilerVersion: 8.4.0
ProgramName: mri_relabel_nonwm_hypos  ProgramArguments: mri_relabel_nonwm_hypos -all-info  ProgramVersion: 7.3.2  TimeStamp: 2026/03/10-07:50:55-GMT  BuildTime: Aug  4 2022 06:17:15  BuildStamp: freesurfer-linux-ubuntu22_x86_64-7.3.2-20220804-6354275  User: oesteban  Machine: dna062  Platform: Linux  PlatformVersion: 5.14.0-427.37.1.el9_4.x86_64  CompilerName: GCC  CompilerVersion: 8.4.0
ProgramName: mri_remove_neck  ProgramArguments: mri_remove_neck -all-info  ProgramVersion: 7.3.2  TimeStamp: 2026/03/10-07:50:55-GMT  BuildTime: Aug  4 2022 06:17:15  BuildStamp: freesurfer-linux-ubuntu22_x86_64-7.3.2-20220804-6354275  User: oesteban  Machine: dna062  Platform: Linux  PlatformVersion: 5.14.0-427.37.1.el9_4.x86_64  CompilerName: GCC  CompilerVersion: 8.4.0
7.3.2

ProgramName: mri_robust_register  ProgramArguments: mri_robust_register -all-info  ProgramVersion: 7.3.2  TimeStamp: 2026/03/10-07:50:55-GMT  BuildTime: Aug  4 2022 06:17:15  BuildStamp: freesurfer-linux-ubuntu22_x86_64-7.3.2-20220804-6354275  User: oesteban  Machine: dna062  Platform: Linux  PlatformVersion: 5.14.0-427.37.1.el9_4.x86_64  CompilerName: GCC  CompilerVersion: 8.4.0
7.3.2

ProgramName: mri_robust_template  ProgramArguments: mri_robust_template -all-info  ProgramVersion: 7.3.2  TimeStamp: 2026/03/10-07:50:55-GMT  BuildTime: Aug  4 2022 06:17:15  BuildStamp: freesurfer-linux-ubuntu22_x86_64-7.3.2-20220804-6354275  User: oesteban  Machine: dna062  Platform: Linux  PlatformVersion: 5.14.0-427.37.1.el9_4.x86_64  CompilerName: GCC  CompilerVersion: 8.4.0
ProgramName: mris_anatomical_stats  ProgramArguments: mris_anatomical_stats -all-info  ProgramVersion: 7.3.2  TimeStamp: 2026/03/10-07:50:55-GMT  BuildTime: Aug  4 2022 06:17:15  BuildStamp: freesurfer-linux-ubuntu22_x86_64-7.3.2-20220804-6354275  User: oesteban  Machine: dna062  Platform: Linux  PlatformVersion: 5.14.0-427.37.1.el9_4.x86_64  CompilerName: GCC  CompilerVersion: 8.4.0
ProgramName: mris_ca_label  ProgramArguments: mris_ca_label -all-info  ProgramVersion: 7.3.2  TimeStamp: 2026/03/10-07:50:55-GMT  BuildTime: Aug  4 2022 06:17:15  BuildStamp: freesurfer-linux-ubuntu22_x86_64-7.3.2-20220804-6354275  User: oesteban  Machine: dna062  Platform: Linux  PlatformVersion: 5.14.0-427.37.1.el9_4.x86_64  CompilerName: GCC  CompilerVersion: 8.4.0
ProgramName: mris_calc  ProgramArguments: mris_calc -all-info  ProgramVersion: 7.3.2  TimeStamp: 2026/03/10-07:50:55-GMT  BuildTime: Aug  4 2022 06:17:15  BuildStamp: freesurfer-linux-ubuntu22_x86_64-7.3.2-20220804-6354275  User: oesteban  Machine: dna062  Platform: Linux  PlatformVersion: 5.14.0-427.37.1.el9_4.x86_64  CompilerName: GCC  CompilerVersion: 8.4.0
ProgramName: mris_convert  ProgramArguments: mris_convert -all-info  ProgramVersion: 7.3.2  TimeStamp: 2026/03/10-07:50:55-GMT  BuildTime: Aug  4 2022 06:17:15  BuildStamp: freesurfer-linux-ubuntu22_x86_64-7.3.2-20220804-6354275  User: oesteban  Machine: dna062  Platform: Linux  PlatformVersion: 5.14.0-427.37.1.el9_4.x86_64  CompilerName: GCC  CompilerVersion: 8.4.0
ProgramName: mris_curvature  ProgramArguments: mris_curvature -all-info  ProgramVersion: 7.3.2  TimeStamp: 2026/03/10-07:50:55-GMT  BuildTime: Aug  4 2022 06:17:15  BuildStamp: freesurfer-linux-ubuntu22_x86_64-7.3.2-20220804-6354275  User: oesteban  Machine: dna062  Platform: Linux  PlatformVersion: 5.14.0-427.37.1.el9_4.x86_64  CompilerName: GCC  CompilerVersion: 8.4.0
ProgramName: mris_curvature_stats  ProgramArguments: mris_curvature_stats -all-info  ProgramVersion: 7.3.2  TimeStamp: 2026/03/10-07:50:55-GMT  BuildTime: Aug  4 2022 06:17:15  BuildStamp: freesurfer-linux-ubuntu22_x86_64-7.3.2-20220804-6354275  User: oesteban  Machine: dna062  Platform: Linux  PlatformVersion: 5.14.0-427.37.1.el9_4.x86_64  CompilerName: GCC  CompilerVersion: 8.4.0
ProgramName: mris_diff  ProgramArguments: mris_diff -all-info  ProgramVersion: 7.3.2  TimeStamp: 2026/03/10-07:50:55-GMT  BuildTime: Aug  4 2022 06:17:15  BuildStamp: freesurfer-linux-ubuntu22_x86_64-7.3.2-20220804-6354275  User: oesteban  Machine: dna062  Platform: Linux  PlatformVersion: 5.14.0-427.37.1.el9_4.x86_64  CompilerName: GCC  CompilerVersion: 8.4.0
ProgramName: mris_divide_parcellation  ProgramArguments: mris_divide_parcellation -all-info  ProgramVersion: 7.3.2  TimeStamp: 2026/03/10-07:50:55-GMT  BuildTime: Aug  4 2022 06:17:15  BuildStamp: freesurfer-linux-ubuntu22_x86_64-7.3.2-20220804-6354275  User: oesteban  Machine: dna062  Platform: Linux  PlatformVersion: 5.14.0-427.37.1.el9_4.x86_64  CompilerName: GCC  CompilerVersion: 8.4.0
ProgramName: mri_segment  ProgramArguments: mri_segment -all-info  ProgramVersion: 7.3.2  TimeStamp: 2026/03/10-07:50:55-GMT  BuildTime: Aug  4 2022 06:17:15  BuildStamp: freesurfer-linux-ubuntu22_x86_64-7.3.2-20220804-6354275  User: oesteban  Machine: dna062  Platform: Linux  PlatformVersion: 5.14.0-427.37.1.el9_4.x86_64  CompilerName: GCC  CompilerVersion: 8.4.0
ProgramName: mri_segstats  ProgramArguments: mri_segstats -all-info  ProgramVersion: 7.3.2  TimeStamp: 2026/03/10-07:50:55-GMT  BuildTime: Aug  4 2022 06:17:15  BuildStamp: freesurfer-linux-ubuntu22_x86_64-7.3.2-20220804-6354275  User: oesteban  Machine: dna062  Platform: Linux  PlatformVersion: 5.14.0-427.37.1.el9_4.x86_64  CompilerName: GCC  CompilerVersion: 8.4.0
ProgramName: mris_euler_number  ProgramArguments: mris_euler_number -all-info  ProgramVersion: 7.3.2  TimeStamp: 2026/03/10-07:50:55-GMT  BuildTime: Aug  4 2022 06:17:15  BuildStamp: freesurfer-linux-ubuntu22_x86_64-7.3.2-20220804-6354275  User: oesteban  Machine: dna062  Platform: Linux  PlatformVersion: 5.14.0-427.37.1.el9_4.x86_64  CompilerName: GCC  CompilerVersion: 8.4.0
ProgramName: mris_fix_topology  ProgramArguments: mris_fix_topology -all-info  ProgramVersion: 7.3.2  TimeStamp: 2026/03/10-07:50:55-GMT  BuildTime: Aug  4 2022 06:17:15  BuildStamp: freesurfer-linux-ubuntu22_x86_64-7.3.2-20220804-6354275  User: oesteban  Machine: dna062  Platform: Linux  PlatformVersion: 5.14.0-427.37.1.el9_4.x86_64  CompilerName: GCC  CompilerVersion: 8.4.0
ProgramName: mris_topo_fixer  ProgramArguments: mris_topo_fixer -all-info  ProgramVersion: 7.3.2  TimeStamp: 2026/03/10-07:50:55-GMT  BuildTime: Aug  4 2022 06:17:15  BuildStamp: freesurfer-linux-ubuntu22_x86_64-7.3.2-20220804-6354275  User: oesteban  Machine: dna062  Platform: Linux  PlatformVersion: 5.14.0-427.37.1.el9_4.x86_64  CompilerName: GCC  CompilerVersion: 8.4.0
ProgramName: mris_jacobian  ProgramArguments: mris_jacobian -all-info  ProgramVersion: 7.3.2  TimeStamp: 2026/03/10-07:50:55-GMT  BuildTime: Aug  4 2022 06:17:15  BuildStamp: freesurfer-linux-ubuntu22_x86_64-7.3.2-20220804-6354275  User: oesteban  Machine: dna062  Platform: Linux  PlatformVersion: 5.14.0-427.37.1.el9_4.x86_64  CompilerName: GCC  CompilerVersion: 8.4.0
ProgramName: mris_label2annot  ProgramArguments: mris_label2annot -all-info  ProgramVersion: 7.3.2  TimeStamp: 2026/03/10-07:50:55-GMT  BuildTime: Aug  4 2022 06:17:15  BuildStamp: freesurfer-linux-ubuntu22_x86_64-7.3.2-20220804-6354275  User: oesteban  Machine: dna062  Platform: Linux  PlatformVersion: 5.14.0-427.37.1.el9_4.x86_64  CompilerName: GCC  CompilerVersion: 8.4.0
ProgramName: mris_left_right_register  ProgramArguments: mris_left_right_register -all-info  ProgramVersion: 7.3.2  TimeStamp: 2026/03/10-07:50:55-GMT  BuildTime: Aug  4 2022 06:17:15  BuildStamp: freesurfer-linux-ubuntu22_x86_64-7.3.2-20220804-6354275  User: oesteban  Machine: dna062  Platform: Linux  PlatformVersion: 5.14.0-427.37.1.el9_4.x86_64  CompilerName: GCC  CompilerVersion: 8.4.0
ProgramName: mris_place_surface  ProgramArguments: mris_place_surface -all-info  ProgramVersion: 7.3.2  TimeStamp: 2026/03/10-07:50:55-GMT  BuildTime: Aug  4 2022 06:17:15  BuildStamp: freesurfer-linux-ubuntu22_x86_64-7.3.2-20220804-6354275  User: oesteban  Machine: dna062  Platform: Linux  PlatformVersion: 5.14.0-427.37.1.el9_4.x86_64  CompilerName: GCC  CompilerVersion: 8.4.0
ProgramName: mrisp_paint  ProgramArguments: mrisp_paint -all-info  ProgramVersion: 7.3.2  TimeStamp: 2026/03/10-07:50:55-GMT  BuildTime: Aug  4 2022 06:17:15  BuildStamp: freesurfer-linux-ubuntu22_x86_64-7.3.2-20220804-6354275  User: oesteban  Machine: dna062  Platform: Linux  PlatformVersion: 5.14.0-427.37.1.el9_4.x86_64  CompilerName: GCC  CompilerVersion: 8.4.0
ProgramName: mris_register  ProgramArguments: mris_register -all-info  ProgramVersion: 7.3.2  TimeStamp: 2026/03/10-07:50:55-GMT  BuildTime: Aug  4 2022 06:17:15  BuildStamp: freesurfer-linux-ubuntu22_x86_64-7.3.2-20220804-6354275  User: oesteban  Machine: dna062  Platform: Linux  PlatformVersion: 5.14.0-427.37.1.el9_4.x86_64  CompilerName: GCC  CompilerVersion: 8.4.0
ProgramName: mris_smooth  ProgramArguments: mris_smooth -all-info  ProgramVersion: 7.3.2  TimeStamp: 2026/03/10-07:50:55-GMT  BuildTime: Aug  4 2022 06:17:15  BuildStamp: freesurfer-linux-ubuntu22_x86_64-7.3.2-20220804-6354275  User: oesteban  Machine: dna062  Platform: Linux  PlatformVersion: 5.14.0-427.37.1.el9_4.x86_64  CompilerName: GCC  CompilerVersion: 8.4.0
ProgramName: mris_sphere  ProgramArguments: mris_sphere -all-info  ProgramVersion: 7.3.2  TimeStamp: 2026/03/10-07:50:55-GMT  BuildTime: Aug  4 2022 06:17:15  BuildStamp: freesurfer-linux-ubuntu22_x86_64-7.3.2-20220804-6354275  User: oesteban  Machine: dna062  Platform: Linux  PlatformVersion: 5.14.0-427.37.1.el9_4.x86_64  CompilerName: GCC  CompilerVersion: 8.4.0
ProgramName: mris_surface_stats  ProgramArguments: mris_surface_stats -all-info  ProgramVersion: 7.3.2  TimeStamp: 2026/03/10-07:50:55-GMT  BuildTime: Aug  4 2022 06:17:15  BuildStamp: freesurfer-linux-ubuntu22_x86_64-7.3.2-20220804-6354275  User: oesteban  Machine: dna062  Platform: Linux  PlatformVersion: 5.14.0-427.37.1.el9_4.x86_64  CompilerName: GCC  CompilerVersion: 8.4.0
ProgramName: mri_stats2seg  ProgramArguments: mri_stats2seg -all-info  ProgramVersion: 7.3.2  TimeStamp: 2026/03/10-07:50:55-GMT  BuildTime: Aug  4 2022 06:17:15  BuildStamp: freesurfer-linux-ubuntu22_x86_64-7.3.2-20220804-6354275  User: oesteban  Machine: dna062  Platform: Linux  PlatformVersion: 5.14.0-427.37.1.el9_4.x86_64  CompilerName: GCC  CompilerVersion: 8.4.0
ProgramName: mris_thickness  ProgramArguments: mris_thickness -all-info  ProgramVersion: 7.3.2  TimeStamp: 2026/03/10-07:50:55-GMT  BuildTime: Aug  4 2022 06:17:15  BuildStamp: freesurfer-linux-ubuntu22_x86_64-7.3.2-20220804-6354275  User: oesteban  Machine: dna062  Platform: Linux  PlatformVersion: 5.14.0-427.37.1.el9_4.x86_64  CompilerName: GCC  CompilerVersion: 8.4.0
ProgramName: mris_thickness_diff  ProgramArguments: mris_thickness_diff -all-info  ProgramVersion: 7.3.2  TimeStamp: 2026/03/10-07:50:55-GMT  BuildTime: Aug  4 2022 06:17:15  BuildStamp: freesurfer-linux-ubuntu22_x86_64-7.3.2-20220804-6354275  User: oesteban  Machine: dna062  Platform: Linux  PlatformVersion: 5.14.0-427.37.1.el9_4.x86_64  CompilerName: GCC  CompilerVersion: 8.4.0
ProgramName: mris_topo_fixer  ProgramArguments: mris_topo_fixer -all-info  ProgramVersion: 7.3.2  TimeStamp: 2026/03/10-07:50:55-GMT  BuildTime: Aug  4 2022 06:17:15  BuildStamp: freesurfer-linux-ubuntu22_x86_64-7.3.2-20220804-6354275  User: oesteban  Machine: dna062  Platform: Linux  PlatformVersion: 5.14.0-427.37.1.el9_4.x86_64  CompilerName: GCC  CompilerVersion: 8.4.0
ProgramName: mri_surf2surf  ProgramArguments: mri_surf2surf -all-info  ProgramVersion: 7.3.2  TimeStamp: 2026/03/10-07:50:55-GMT  BuildTime: Aug  4 2022 06:17:15  BuildStamp: freesurfer-linux-ubuntu22_x86_64-7.3.2-20220804-6354275  User: oesteban  Machine: dna062  Platform: Linux  PlatformVersion: 5.14.0-427.37.1.el9_4.x86_64  CompilerName: GCC  CompilerVersion: 8.4.0
ProgramName: mri_surf2vol  ProgramArguments: mri_surf2vol -all-info  ProgramVersion: 7.3.2  TimeStamp: 2026/03/10-07:50:55-GMT  BuildTime: Aug  4 2022 06:17:15  BuildStamp: freesurfer-linux-ubuntu22_x86_64-7.3.2-20220804-6354275  User: oesteban  Machine: dna062  Platform: Linux  PlatformVersion: 5.14.0-427.37.1.el9_4.x86_64  CompilerName: GCC  CompilerVersion: 8.4.0
ProgramName: mri_surfcluster  ProgramArguments: mri_surfcluster -all-info  ProgramVersion: 7.3.2  TimeStamp: 2026/03/10-07:50:55-GMT  BuildTime: Aug  4 2022 06:17:15  BuildStamp: freesurfer-linux-ubuntu22_x86_64-7.3.2-20220804-6354275  User: oesteban  Machine: dna062  Platform: Linux  PlatformVersion: 5.14.0-427.37.1.el9_4.x86_64  CompilerName: GCC  CompilerVersion: 8.4.0
ProgramName: mris_volmask  ProgramArguments: mris_volmask -all-info  ProgramVersion: 7.3.2  TimeStamp: 2026/03/10-07:50:55-GMT  BuildTime: Aug  4 2022 06:17:15  BuildStamp: freesurfer-linux-ubuntu22_x86_64-7.3.2-20220804-6354275  User: oesteban  Machine: dna062  Platform: Linux  PlatformVersion: 5.14.0-427.37.1.el9_4.x86_64  CompilerName: GCC  CompilerVersion: 8.4.0
ProgramName: mri_tessellate  ProgramArguments: mri_tessellate -all-info  ProgramVersion: 7.3.2  TimeStamp: 2026/03/10-07:50:55-GMT  BuildTime: Aug  4 2022 06:17:15  BuildStamp: freesurfer-linux-ubuntu22_x86_64-7.3.2-20220804-6354275  User: oesteban  Machine: dna062  Platform: Linux  PlatformVersion: 5.14.0-427.37.1.el9_4.x86_64  CompilerName: GCC  CompilerVersion: 8.4.0
ProgramName: mri_vol2surf  ProgramArguments: mri_vol2surf -all-info  ProgramVersion: 7.3.2  TimeStamp: 2026/03/10-07:50:55-GMT  BuildTime: Aug  4 2022 06:17:15  BuildStamp: freesurfer-linux-ubuntu22_x86_64-7.3.2-20220804-6354275  User: oesteban  Machine: dna062  Platform: Linux  PlatformVersion: 5.14.0-427.37.1.el9_4.x86_64  CompilerName: GCC  CompilerVersion: 8.4.0
ProgramName: mri_vol2vol  ProgramArguments: mri_vol2vol -all-info  ProgramVersion: 7.3.2  TimeStamp: 2026/03/10-07:50:55-GMT  BuildTime: Aug  4 2022 06:17:15  BuildStamp: freesurfer-linux-ubuntu22_x86_64-7.3.2-20220804-6354275  User: oesteban  Machine: dna062  Platform: Linux  PlatformVersion: 5.14.0-427.37.1.el9_4.x86_64  CompilerName: GCC  CompilerVersion: 8.4.0
ProgramName: mri_voldiff  ProgramArguments: mri_voldiff -all-info  ProgramVersion: 7.3.2  TimeStamp: 2026/03/10-07:50:55-GMT  BuildTime: Aug  4 2022 06:17:15  BuildStamp: freesurfer-linux-ubuntu22_x86_64-7.3.2-20220804-6354275  User: oesteban  Machine: dna062  Platform: Linux  PlatformVersion: 5.14.0-427.37.1.el9_4.x86_64  CompilerName: GCC  CompilerVersion: 8.4.0
ProgramName: mri_watershed  ProgramArguments: mri_watershed -all-info  ProgramVersion: 7.3.2  TimeStamp: 2026/03/10-07:50:55-GMT  BuildTime: Aug  4 2022 06:17:15  BuildStamp: freesurfer-linux-ubuntu22_x86_64-7.3.2-20220804-6354275  User: oesteban  Machine: dna062  Platform: Linux  PlatformVersion: 5.14.0-427.37.1.el9_4.x86_64  CompilerName: GCC  CompilerVersion: 8.4.0
ProgramName: tkregister2  ProgramArguments: tkregister2_cmdl -all-info  ProgramVersion: 7.3.2  TimeStamp: 2026/03/10-07:50:55-GMT  BuildTime: Aug  4 2022 06:17:15  BuildStamp: freesurfer-linux-ubuntu22_x86_64-7.3.2-20220804-6354275  User: oesteban  Machine: dna062  Platform: Linux  PlatformVersion: 5.14.0-427.37.1.el9_4.x86_64  CompilerName: GCC  CompilerVersion: 8.4.0
mri_motion_correct.fsl 7.3.2
mri_convert -all-info 
ProgramName: mri_convert  ProgramArguments: mri_convert -all-info  ProgramVersion: 7.3.2  TimeStamp: 2026/03/10-07:50:55-GMT  BuildTime: Aug  4 2022 06:17:15  BuildStamp: freesurfer-linux-ubuntu22_x86_64-7.3.2-20220804-6354275  User: oesteban  Machine: dna062  Platform: Linux  PlatformVersion: 5.14.0-427.37.1.el9_4.x86_64  CompilerName: GCC  CompilerVersion: 8.4.0
Program nu_correct, built from:
Package MNI N3, version 1.12.0, compiled by nicks@terrier (x86_64-unknown-linux-gnu) on 2015-06-19 at 01:25:34
#######################################
GCADIR /opt/freesurfer/average
GCA RB_all_2020-01-02.gca
GCASkull RB_all_withskull_2020_01_02.gca
AvgCurvTif folding.atlas.acfb40.noaparc.i12.2016-08-02.tif
GCSDIR /opt/freesurfer/average
GCS DKaparc.atlas.acfb40.noaparc.i12.2016-08-02.gcs
#######################################
#--------------------------------------------
#@# WhiteSurfs lh Tue Mar 10 08:50:55 CET 2026
cd /out/sourcedata/freesurfer/sub-v1s6x0051369_ses-1/mri
mris_place_surface --adgws-in ../surf/autodet.gw.stats.lh.dat --seg aseg.presurf.mgz --threads 16 --wm wm.mgz --invol brain.finalsurfs.mgz --lh --i ../surf/lh.white.preaparc --o ../surf/lh.white --white --nsmooth 0 --rip-label ../label/lh.cortex.label --rip-bg --rip-surf ../surf/lh.white.preaparc --aparc ../label/lh.aparc.annot
   Update not needed
#--------------------------------------------
#@# WhiteSurfs rh Tue Mar 10 08:50:55 CET 2026
cd /out/sourcedata/freesurfer/sub-v1s6x0051369_ses-1/mri
mris_place_surface --adgws-in ../surf/autodet.gw.stats.rh.dat --seg aseg.presurf.mgz --threads 16 --wm wm.mgz --invol brain.finalsurfs.mgz --rh --i ../surf/rh.white.preaparc --o ../surf/rh.white --white --nsmooth 0 --rip-label ../label/rh.cortex.label --rip-bg --rip-surf ../surf/rh.white.preaparc --aparc ../label/rh.aparc.annot
   Update not needed
#@# white curv lh Tue Mar 10 08:50:55 CET 2026
cd /out/sourcedata/freesurfer/sub-v1s6x0051369_ses-1/mri
mris_place_surface --curv-map ../surf/lh.white 2 10 ../surf/lh.curv
   Update not needed
#@# white area lh Tue Mar 10 08:50:55 CET 2026
cd /out/sourcedata/freesurfer/sub-v1s6x0051369_ses-1/mri
mris_place_surface --area-map ../surf/lh.white ../surf/lh.area
   Update not needed
#@# pial curv lh Tue Mar 10 08:50:55 CET 2026
cd /out/sourcedata/freesurfer/sub-v1s6x0051369_ses-1/mri
mris_place_surface --curv-map ../surf/lh.pial 2 10 ../surf/lh.curv.pial
   Update not needed
#@# pial area lh Tue Mar 10 08:50:55 CET 2026
cd /out/sourcedata/freesurfer/sub-v1s6x0051369_ses-1/mri
mris_place_surface --area-map ../surf/lh.pial ../surf/lh.area.pial
   Update not needed
#@# thickness lh Tue Mar 10 08:50:55 CET 2026
cd /out/sourcedata/freesurfer/sub-v1s6x0051369_ses-1/mri
mris_place_surface --thickness ../surf/lh.white ../surf/lh.pial 20 5 ../surf/lh.thickness
   Update not needed
#@# area and vertex vol lh Tue Mar 10 08:50:55 CET 2026
cd /out/sourcedata/freesurfer/sub-v1s6x0051369_ses-1/mri
mris_place_surface --thickness ../surf/lh.white ../surf/lh.pial 20 5 ../surf/lh.thickness
   Update not needed
#@# white curv rh Tue Mar 10 08:50:55 CET 2026
cd /out/sourcedata/freesurfer/sub-v1s6x0051369_ses-1/mri
mris_place_surface --curv-map ../surf/rh.white 2 10 ../surf/rh.curv
   Update not needed
#@# white area rh Tue Mar 10 08:50:55 CET 2026
cd /out/sourcedata/freesurfer/sub-v1s6x0051369_ses-1/mri
mris_place_surface --area-map ../surf/rh.white ../surf/rh.area
   Update not needed
#@# pial curv rh Tue Mar 10 08:50:55 CET 2026
cd /out/sourcedata/freesurfer/sub-v1s6x0051369_ses-1/mri
mris_place_surface --curv-map ../surf/rh.pial 2 10 ../surf/rh.curv.pial
   Update not needed
#@# pial area rh Tue Mar 10 08:50:55 CET 2026
cd /out/sourcedata/freesurfer/sub-v1s6x0051369_ses-1/mri
mris_place_surface --area-map ../surf/rh.pial ../surf/rh.area.pial
   Update not needed
#@# thickness rh Tue Mar 10 08:50:55 CET 2026
cd /out/sourcedata/freesurfer/sub-v1s6x0051369_ses-1/mri
mris_place_surface --thickness ../surf/rh.white ../surf/rh.pial 20 5 ../surf/rh.thickness
   Update not needed
#@# area and vertex vol rh Tue Mar 10 08:50:55 CET 2026
cd /out/sourcedata/freesurfer/sub-v1s6x0051369_ses-1/mri
mris_place_surface --thickness ../surf/rh.white ../surf/rh.pial 20 5 ../surf/rh.thickness
   Update not needed

#-----------------------------------------
#@# Curvature Stats lh Tue Mar 10 08:50:55 CET 2026
/out/sourcedata/freesurfer/sub-v1s6x0051369_ses-1/surf

 mris_curvature_stats -m --writeCurvatureFiles -G -o ../stats/lh.curv.stats -F smoothwm sub-v1s6x0051369_ses-1 lh curv sulc 

             Toggling save flag on curvature files                       [ ok ]
                 Outputting results using filestem   [ ../stats/lh.curv.stats ]
             Toggling save flag on curvature files                       [ ok ]
                                   Setting surface [ sub-v1s6x0051369_ses-1/lh.smoothwm ]
                                Reading surface...                       [ ok ]
                                   Setting texture                     [ curv ]
                                Reading texture...                       [ ok ]
                                   Setting texture                     [ sulc ]
                                Reading texture...Gb_filter = 0
                       [ ok ]
      Calculating Discrete Principal Curvatures...
      Determining geometric order for vno faces... [####################] [ ok ]
                      Determining KH curvatures... [####################] [ ok ]
                    Determining k1k2 curvatures... [####################] [ ok ]
                                   deltaViolations                      [ 307 ]
Gb_filter = 0

WARN:    S lookup   min:                          -0.038298
WARN:    S explicit min:                          0.000000	vertex = 241

#-----------------------------------------
#@# Curvature Stats rh Tue Mar 10 08:50:58 CET 2026
/out/sourcedata/freesurfer/sub-v1s6x0051369_ses-1/surf

 mris_curvature_stats -m --writeCurvatureFiles -G -o ../stats/rh.curv.stats -F smoothwm sub-v1s6x0051369_ses-1 rh curv sulc 

             Toggling save flag on curvature files                       [ ok ]
                 Outputting results using filestem   [ ../stats/rh.curv.stats ]
             Toggling save flag on curvature files                       [ ok ]
                                   Setting surface [ sub-v1s6x0051369_ses-1/rh.smoothwm ]
                                Reading surface...                       [ ok ]
                                   Setting texture                     [ curv ]
                                Reading texture...                       [ ok ]
                                   Setting texture                     [ sulc ]
                                Reading texture...Gb_filter = 0
                       [ ok ]
      Calculating Discrete Principal Curvatures...
      Determining geometric order for vno faces... [####################] [ ok ]
                      Determining KH curvatures... [####################] [ ok ]
                    Determining k1k2 curvatures... [####################] [ ok ]
                                   deltaViolations                      [ 300 ]
Gb_filter = 0

WARN:    S lookup   min:                          -0.128488
WARN:    S explicit min:                          0.000000	vertex = 2
#-----------------------------------------
#@# Relabel Hypointensities Tue Mar 10 08:51:01 CET 2026
/out/sourcedata/freesurfer/sub-v1s6x0051369_ses-1/mri

 mri_relabel_hypointensities aseg.presurf.mgz ../surf aseg.presurf.hypos.mgz 

reading input surface ../surf/lh.white...
relabeling lh hypointensities...
3500 voxels changed to hypointensity...
reading input surface ../surf/rh.white...
relabeling rh hypointensities...
3900 voxels changed to hypointensity...
7409 hypointense voxels neighboring cortex changed
#-----------------------------------------
#@# APas-to-ASeg Tue Mar 10 08:51:17 CET 2026
/out/sourcedata/freesurfer/sub-v1s6x0051369_ses-1/mri

 mri_surf2volseg --o aseg.mgz --i aseg.presurf.hypos.mgz --fix-presurf-with-ribbon /out/sourcedata/freesurfer/sub-v1s6x0051369_ses-1/mri/ribbon.mgz --threads 16 --lh-cortex-mask /out/sourcedata/freesurfer/sub-v1s6x0051369_ses-1/label/lh.cortex.label --lh-white /out/sourcedata/freesurfer/sub-v1s6x0051369_ses-1/surf/lh.white --lh-pial /out/sourcedata/freesurfer/sub-v1s6x0051369_ses-1/surf/lh.pial --rh-cortex-mask /out/sourcedata/freesurfer/sub-v1s6x0051369_ses-1/label/rh.cortex.label --rh-white /out/sourcedata/freesurfer/sub-v1s6x0051369_ses-1/surf/rh.white --rh-pial /out/sourcedata/freesurfer/sub-v1s6x0051369_ses-1/surf/rh.pial 

SUBJECTS_DIR /out/sourcedata/freesurfer
outvol aseg.mgz
16 avail.processors, using 16
Loading aseg.presurf.hypos.mgz
Loading /out/sourcedata/freesurfer/sub-v1s6x0051369_ses-1/mri/ribbon.mgz
Loading /out/sourcedata/freesurfer/sub-v1s6x0051369_ses-1/surf/lh.white
Loading /out/sourcedata/freesurfer/sub-v1s6x0051369_ses-1/surf/lh.pial
Loading /out/sourcedata/freesurfer/sub-v1s6x0051369_ses-1/label/lh.cortex.label
Loading /out/sourcedata/freesurfer/sub-v1s6x0051369_ses-1/surf/rh.white
Loading /out/sourcedata/freesurfer/sub-v1s6x0051369_ses-1/surf/rh.pial
Loading /out/sourcedata/freesurfer/sub-v1s6x0051369_ses-1/label/rh.cortex.label
Done loading
160  32 112 144 192 176   0  48 224  80  96 240 208  64  16 128 241 209 225   1  33  17  49  65 193 242 210 226  18   2  34  81  50 177  97 243  19 
227 211   3  35 194  66 161  51 113 244  82 145  20 228 212   4  36  52 178  67 245 195  21 229 213  98  37   5 246  83  53 162 129  22  68 214 230 196 179 
247   6  38 146  54  23 231 215  84 248  69  39 
 55 197  99 
  7  24 163 249 180 232 216 114  40  56  25  70 198  85   8 250 217 233 147  57  26  41 251 164 130 234 218 181   9 199 
100  71  58  27  86 252  42 235 219 
 59 
 10  28 253 200  43 148  72 182 220 236  60 254  29  87 165  11 101 201  44 237 221 255  61  30 115  73 131 202  45  12 183 238 222  31  62 149  88 203  46 166  13  63 102 223 239 
 74 184 204  14  47 205  75  15 185  89 150 167 103 132 206 186 116  76 207  90 151 168 187 104  77 188  91 169 152 133 117  78 189 105 170 190  92  79 
153 191 106 118 171 134  93 154 172  94 107 119 
155 173 135  95 156 108 174 120 157 175 136 109 121 158 110 137 122 159 
111 123 138 124 139 
140 125 141 126 142 127 143 
nrelabeled = 144185
ndotcheck = 0
Starting Surf2VolSeg free
free done
#VMPC# mri_surf2volseg VmPeak  2026692
mri_surf2volseg done

 mri_brainvol_stats sub-v1s6x0051369_ses-1 

ComputeBrainVolumeStats2 VoxelVol=1, KeepCSF=1
  #CBVS2 MaskVol              1604483.0
  #CBVS2 BrainSegVol          1299996.0
  #CBVS2 BrainSegVolNotVent   1277235.0
  #CBVS2 SupraTentVol         1164622.0
  #CBVS2 SupraTentVolNotVent  1141861.0
  #CBVS2 lhCtxGM               283500.0
  #CBVS2 rhCtxGM               285460.6
  #CBVS2 lhCerebralWM          254636.5
  #CBVS2 rhCerebralWM          257335.5
  #CBVS2 SubCortGMVol           62698.0
  #CBVS2 CerebellumVol         135374.0
  #CBVS2 CerebellumGMVol       109433.0
  #CBVS2 VentChorVol            18883.0
  #CBVS2 3rd4th5thCSF            3878.0
  #CBVS2 AllCSF                 22761.0
  #CBVS2 CCVol                   3909.0
#-----------------------------------------
#@# AParc-to-ASeg aparc Tue Mar 10 08:51:25 CET 2026
/out/sourcedata/freesurfer/sub-v1s6x0051369_ses-1/mri

 mri_surf2volseg --o aparc+aseg.mgz --label-cortex --i aseg.mgz --threads 16 --lh-annot /out/sourcedata/freesurfer/sub-v1s6x0051369_ses-1/label/lh.aparc.annot 1000 --lh-cortex-mask /out/sourcedata/freesurfer/sub-v1s6x0051369_ses-1/label/lh.cortex.label --lh-white /out/sourcedata/freesurfer/sub-v1s6x0051369_ses-1/surf/lh.white --lh-pial /out/sourcedata/freesurfer/sub-v1s6x0051369_ses-1/surf/lh.pial --rh-annot /out/sourcedata/freesurfer/sub-v1s6x0051369_ses-1/label/rh.aparc.annot 2000 --rh-cortex-mask /out/sourcedata/freesurfer/sub-v1s6x0051369_ses-1/label/rh.cortex.label --rh-white /out/sourcedata/freesurfer/sub-v1s6x0051369_ses-1/surf/rh.white --rh-pial /out/sourcedata/freesurfer/sub-v1s6x0051369_ses-1/surf/rh.pial 

SUBJECTS_DIR /out/sourcedata/freesurfer
outvol aparc+aseg.mgz
16 avail.processors, using 16
Loading aseg.mgz
Loading /out/sourcedata/freesurfer/sub-v1s6x0051369_ses-1/surf/lh.white
Loading /out/sourcedata/freesurfer/sub-v1s6x0051369_ses-1/surf/lh.pial
Loading /out/sourcedata/freesurfer/sub-v1s6x0051369_ses-1/label/lh.cortex.label
Ripping lh vertices labeled not in lh.cortex.label
  ripped 8782 vertices from lh hemi
Loading /out/sourcedata/freesurfer/sub-v1s6x0051369_ses-1/label/lh.aparc.annot
Loading /out/sourcedata/freesurfer/sub-v1s6x0051369_ses-1/surf/rh.white
Loading /out/sourcedata/freesurfer/sub-v1s6x0051369_ses-1/surf/rh.pial
Loading /out/sourcedata/freesurfer/sub-v1s6x0051369_ses-1/label/rh.cortex.label
Ripping rh vertices labeled not in rh.cortex.label
  ripped 8859 vertices from rh hemi
Loading /out/sourcedata/freesurfer/sub-v1s6x0051369_ses-1/label/rh.aparc.annot
Done loading
  0 128  64  96  48 208 112 144 224  16 240 192 160  80  32 176 209  33  17 225  49   1 241  65   2  34  18 210  50 242   3  19 
 35 211  51 226  20   4  36  52 243 212  21   5  37  53 244 213  22   6  38  54 227  23  39 
  7  55 214 245  66  24  40   8  56 215 246  41  25   9  57 216 228  42  26  10  58 247 217  43  27  11  59 
218  44 248  28  12  60 229 219 
 45  29  13 249  61 220  46  30  14  62 250  47 221  31 230  15  63 222 251 223 252 231  67 253 232 233 254 234 255 235 236 237 238 239 
 68  69 193 145 113 129  97  70 161  81 194 177  71 146 114 195  98 130  72 196 147 115 162  82 197 178  73  99 
116 198 148 199 
200 201 202 203 204 205 206 207 131 117 163  74 100  83 149 179 
118 101  75 132 150 164  84 119 
180 102  76 151  85 133 165 120 103 181 152  77 104 121 134  86 166 153 182 105  78 122 135  87 154 167 106 183 123 136  79 
155  88 107 184 168 124 137 108 156  89 185 125 169 109 138 186 157 126  90 110 187 170 139 
127 158 111  91 188 171 140 159 
189 172 141  92 190 142 173 191 143  93 174  94 175  95 
nrelabeled = 567148
ndotcheck = 36490
Starting Surf2VolSeg free
free done
#VMPC# mri_surf2volseg VmPeak  2011044
mri_surf2volseg done
#-----------------------------------------
#@# AParc-to-ASeg aparc.a2009s Tue Mar 10 08:52:12 CET 2026
/out/sourcedata/freesurfer/sub-v1s6x0051369_ses-1/mri

 mri_surf2volseg --o aparc.a2009s+aseg.mgz --label-cortex --i aseg.mgz --threads 16 --lh-annot /out/sourcedata/freesurfer/sub-v1s6x0051369_ses-1/label/lh.aparc.a2009s.annot 11100 --lh-cortex-mask /out/sourcedata/freesurfer/sub-v1s6x0051369_ses-1/label/lh.cortex.label --lh-white /out/sourcedata/freesurfer/sub-v1s6x0051369_ses-1/surf/lh.white --lh-pial /out/sourcedata/freesurfer/sub-v1s6x0051369_ses-1/surf/lh.pial --rh-annot /out/sourcedata/freesurfer/sub-v1s6x0051369_ses-1/label/rh.aparc.a2009s.annot 12100 --rh-cortex-mask /out/sourcedata/freesurfer/sub-v1s6x0051369_ses-1/label/rh.cortex.label --rh-white /out/sourcedata/freesurfer/sub-v1s6x0051369_ses-1/surf/rh.white --rh-pial /out/sourcedata/freesurfer/sub-v1s6x0051369_ses-1/surf/rh.pial 

SUBJECTS_DIR /out/sourcedata/freesurfer
outvol aparc.a2009s+aseg.mgz
16 avail.processors, using 16
Loading aseg.mgz
Loading /out/sourcedata/freesurfer/sub-v1s6x0051369_ses-1/surf/lh.white
Loading /out/sourcedata/freesurfer/sub-v1s6x0051369_ses-1/surf/lh.pial
Loading /out/sourcedata/freesurfer/sub-v1s6x0051369_ses-1/label/lh.cortex.label
Ripping lh vertices labeled not in lh.cortex.label
  ripped 8782 vertices from lh hemi
Loading /out/sourcedata/freesurfer/sub-v1s6x0051369_ses-1/label/lh.aparc.a2009s.annot
Loading /out/sourcedata/freesurfer/sub-v1s6x0051369_ses-1/surf/rh.white
Loading /out/sourcedata/freesurfer/sub-v1s6x0051369_ses-1/surf/rh.pial
Loading /out/sourcedata/freesurfer/sub-v1s6x0051369_ses-1/label/rh.cortex.label
Ripping rh vertices labeled not in rh.cortex.label
  ripped 8859 vertices from rh hemi
Loading /out/sourcedata/freesurfer/sub-v1s6x0051369_ses-1/label/rh.aparc.a2009s.annot
Done loading
  0 208 240 224  80  96 192 144 176  32 160  64 128 112  16  48 209  33 241  17  49   1 225  65  18   2  34  50 210 242  19 
226   3  35  51 211 243  20   4  36  52 227 212 244  21   5  37  53  22   6  38 228 213 245  54  23   7  39 
 55 229 214 246  24   8  66  40  56  25   9  41 230 215 247  57  26  10  42  58  27 231 216 248  11  43  59 
 28 217  12  44 232 249  60  29 218  13  45  30 233 250  61  14 219 
 46  31 251  15  62  47 220 234 252  63 221 253 235 222 254 223 236 255 237  67 238 239 
 68  69 145 193 113 129  97  70 161 177  81 194 146  71 114 195  98 130 196  72 162 147 115 178  82 197  73 198  99 
199 
148 200 201 202 203 204 205 206 207 116 131 163 179 
 83 100  74 117 149 164 101 118  75 132 180  84 150 102 119 
 76 165 181 133 151  85 103 120  77 152 166 134 104 182  86 121 153 135 105  78 167 183  87 122 106 154 136  79 
184 168  88 107 123 155 137 185 108  89 169 124 156 138 186 109 125 170  90 187 110 139 
157 126 111 188 171 140  91 158 127 189 172 141 190 159 
173  92 142 191 143 174  93 175  94  95 
nrelabeled = 567148
ndotcheck = 36490
Starting Surf2VolSeg free
free done
#VMPC# mri_surf2volseg VmPeak  2011088
mri_surf2volseg done
#-----------------------------------------
#@# AParc-to-ASeg aparc.DKTatlas Tue Mar 10 08:52:59 CET 2026
/out/sourcedata/freesurfer/sub-v1s6x0051369_ses-1/mri

 mri_surf2volseg --o aparc.DKTatlas+aseg.mgz --label-cortex --i aseg.mgz --threads 16 --lh-annot /out/sourcedata/freesurfer/sub-v1s6x0051369_ses-1/label/lh.aparc.DKTatlas.annot 1000 --lh-cortex-mask /out/sourcedata/freesurfer/sub-v1s6x0051369_ses-1/label/lh.cortex.label --lh-white /out/sourcedata/freesurfer/sub-v1s6x0051369_ses-1/surf/lh.white --lh-pial /out/sourcedata/freesurfer/sub-v1s6x0051369_ses-1/surf/lh.pial --rh-annot /out/sourcedata/freesurfer/sub-v1s6x0051369_ses-1/label/rh.aparc.DKTatlas.annot 2000 --rh-cortex-mask /out/sourcedata/freesurfer/sub-v1s6x0051369_ses-1/label/rh.cortex.label --rh-white /out/sourcedata/freesurfer/sub-v1s6x0051369_ses-1/surf/rh.white --rh-pial /out/sourcedata/freesurfer/sub-v1s6x0051369_ses-1/surf/rh.pial 

SUBJECTS_DIR /out/sourcedata/freesurfer
outvol aparc.DKTatlas+aseg.mgz
16 avail.processors, using 16
Loading aseg.mgz
Loading /out/sourcedata/freesurfer/sub-v1s6x0051369_ses-1/surf/lh.white
Loading /out/sourcedata/freesurfer/sub-v1s6x0051369_ses-1/surf/lh.pial
Loading /out/sourcedata/freesurfer/sub-v1s6x0051369_ses-1/label/lh.cortex.label
Ripping lh vertices labeled not in lh.cortex.label
  ripped 8782 vertices from lh hemi
Loading /out/sourcedata/freesurfer/sub-v1s6x0051369_ses-1/label/lh.aparc.DKTatlas.annot
Loading /out/sourcedata/freesurfer/sub-v1s6x0051369_ses-1/surf/rh.white
Loading /out/sourcedata/freesurfer/sub-v1s6x0051369_ses-1/surf/rh.pial
Loading /out/sourcedata/freesurfer/sub-v1s6x0051369_ses-1/label/rh.cortex.label
Ripping rh vertices labeled not in rh.cortex.label
  ripped 8859 vertices from rh hemi
Loading /out/sourcedata/freesurfer/sub-v1s6x0051369_ses-1/label/rh.aparc.DKTatlas.annot
Done loading
 32 176 128 224  80 160  64   0 192  48 208 144 240  96  16 112  17   1 241  49 225  33  65 209  18   2 242  50 226 210  19 
  3 243  51  34  20   4  52 227 211 244  21   5  53 228 212 245  22   6  54  35  23   7 229 213 246  55  36  66  24   8 214  56 230 247  25   9 215  57  37 248  26  10 231  58 216  38 249  27  11  59 
 39 
232 217  28 250  12  60  40  29  13 233 218 251  61  41  30  14  42 234 219 
 62 252  31  15  43 253 235  44 254  63 220  45 255  46 221 236  67  47 222 223 237 238 239 
 68  69 145 193 113 129  97  70 161  81 146 177 194  71 114 195 147  98  72 115 130 162  82 196 148 178 197  73 116  99 
198 199 
200 201 202 203 204 205 206 207 117 149 163  83 131  74 100 179 
118 150 101  75 164  84 132 119 
180 151 102  76 165  85 120 152 133 103 181  77  86 153 166 121 104 134 182 154 122  78 167  87 105 135 183 155 123 106  79 
168  88 136 184 156 107 124 137 185 169  89 157 108 125 186 170 138 126 109 158 187  90 110 171 127 139 
188 159 
 91 111 172 189 140 173 190 141  92 191 174 142 175  93 143  94  95 
nrelabeled = 567148
ndotcheck = 36490
Starting Surf2VolSeg free
free done
#VMPC# mri_surf2volseg VmPeak  2011028
mri_surf2volseg done
#-----------------------------------------
#@# WMParc Tue Mar 10 08:53:47 CET 2026
/out/sourcedata/freesurfer/sub-v1s6x0051369_ses-1/mri

 mri_surf2volseg --o wmparc.mgz --label-wm --i aparc+aseg.mgz --threads 16 --lh-annot /out/sourcedata/freesurfer/sub-v1s6x0051369_ses-1/label/lh.aparc.annot 3000 --lh-cortex-mask /out/sourcedata/freesurfer/sub-v1s6x0051369_ses-1/label/lh.cortex.label --lh-white /out/sourcedata/freesurfer/sub-v1s6x0051369_ses-1/surf/lh.white --lh-pial /out/sourcedata/freesurfer/sub-v1s6x0051369_ses-1/surf/lh.pial --rh-annot /out/sourcedata/freesurfer/sub-v1s6x0051369_ses-1/label/rh.aparc.annot 4000 --rh-cortex-mask /out/sourcedata/freesurfer/sub-v1s6x0051369_ses-1/label/rh.cortex.label --rh-white /out/sourcedata/freesurfer/sub-v1s6x0051369_ses-1/surf/rh.white --rh-pial /out/sourcedata/freesurfer/sub-v1s6x0051369_ses-1/surf/rh.pial 

SUBJECTS_DIR /out/sourcedata/freesurfer
outvol wmparc.mgz
16 avail.processors, using 16
Loading aparc+aseg.mgz
Loading /out/sourcedata/freesurfer/sub-v1s6x0051369_ses-1/surf/lh.white
Loading /out/sourcedata/freesurfer/sub-v1s6x0051369_ses-1/surf/lh.pial
Loading /out/sourcedata/freesurfer/sub-v1s6x0051369_ses-1/label/lh.cortex.label
Ripping lh vertices labeled not in lh.cortex.label
  ripped 8782 vertices from lh hemi
Loading /out/sourcedata/freesurfer/sub-v1s6x0051369_ses-1/label/lh.aparc.annot
Loading /out/sourcedata/freesurfer/sub-v1s6x0051369_ses-1/surf/rh.white
Loading /out/sourcedata/freesurfer/sub-v1s6x0051369_ses-1/surf/rh.pial
Loading /out/sourcedata/freesurfer/sub-v1s6x0051369_ses-1/label/rh.cortex.label
Ripping rh vertices labeled not in rh.cortex.label
  ripped 8859 vertices from rh hemi
Loading /out/sourcedata/freesurfer/sub-v1s6x0051369_ses-1/label/rh.aparc.annot
Done loading
  0  96 144  32  48 240  80 176 224  64 208 112 128  16 160 192 241 225  17  33  49 209  65   1 242 226 210  66  34   2  50 243 227  67 211  35   3  18 244 228  51 212  68  36   4 245 229 213  52  37   5 246 230 214  19 
  6  38 247 231  53 215  69   7 248  39 
232 216  54 249   8  40 233 217  20 250   9 234  55  41 218  70 251  10 235 219 
 56  42 252  11 236 220  21 237  57  43 253  12 221 238 222 254  44  13  58 239 
223 255  14  45  59 
 22  15  46  71  60  47  23 193  61  24  25  62  26  63  27  28  72  29  30  31  81 194  73 195 177 196 197  74  97 198 199 
200 201 202 203 204 145 205 129 206  75 207  82 178 113  76 161 130  77  98 179 
 83 131  78 146 180 114  79 
132 162  84  99 
181 133 147 182  85 115 134 100 163 183 135  86 148 136 184 185 116 101 164 137  87 186 187 149 102  88 188 138 189 117 165 190 150 191  89 139 
103 166 151 118  90 140 104 141 152  91 119 
167 105 142  92 153 120 168 143  93 106 154 121 169  94 155 107 170 122  95 156 171 123 108 172 157 124 109 173 158 125 174 110 126 159 
175 127 111 
nrelabeled = 508063
ndotcheck = 4919
Starting Surf2VolSeg free
free done
#VMPC# mri_surf2volseg VmPeak  2011044
mri_surf2volseg done

 mri_segstats --seed 1234 --seg mri/wmparc.mgz --sum stats/wmparc.stats --pv mri/norm.mgz --excludeid 0 --brainmask mri/brainmask.mgz --in mri/norm.mgz --in-intensity-name norm --in-intensity-units MR --subject sub-v1s6x0051369_ses-1 --surf-wm-vol --ctab /opt/freesurfer/WMParcStatsLUT.txt --etiv 

setting seed for random number genererator to 1234

7.3.2
cwd 
cmdline mri_segstats --seed 1234 --seg mri/wmparc.mgz --sum stats/wmparc.stats --pv mri/norm.mgz --excludeid 0 --brainmask mri/brainmask.mgz --in mri/norm.mgz --in-intensity-name norm --in-intensity-units MR --subject sub-v1s6x0051369_ses-1 --surf-wm-vol --ctab /opt/freesurfer/WMParcStatsLUT.txt --etiv 
sysname  Linux
hostname dna062
machine  x86_64
user     oesteban
whitesurfname  white
UseRobust  0
atlas_icv (eTIV) = 1713095 mm^3    (det: 1.137185 )
Loading mri/wmparc.mgz
Getting Brain Volume Statistics
Loading mri/norm.mgz
Loading mri/norm.mgz
Voxel Volume is 1 mm^3
Generating list of segmentation ids
Found 390 segmentations
Computing statistics for each segmentation

Reporting on  70 segmentations
Using PrintSegStat
mri_segstats done
#--------------------------------------------
#@# ASeg Stats Tue Mar 10 08:57:48 CET 2026
/out/sourcedata/freesurfer/sub-v1s6x0051369_ses-1

 mri_segstats --seed 1234 --seg mri/aseg.mgz --sum stats/aseg.stats --pv mri/norm.mgz --empty --brainmask mri/brainmask.mgz --brain-vol-from-seg --excludeid 0 --excl-ctxgmwm --supratent --subcortgray --in mri/norm.mgz --in-intensity-name norm --in-intensity-units MR --etiv --surf-wm-vol --surf-ctx-vol --totalgray --euler --ctab /opt/freesurfer/ASegStatsLUT.txt --subject sub-v1s6x0051369_ses-1 

setting seed for random number genererator to 1234

7.3.2
cwd 
cmdline mri_segstats --seed 1234 --seg mri/aseg.mgz --sum stats/aseg.stats --pv mri/norm.mgz --empty --brainmask mri/brainmask.mgz --brain-vol-from-seg --excludeid 0 --excl-ctxgmwm --supratent --subcortgray --in mri/norm.mgz --in-intensity-name norm --in-intensity-units MR --etiv --surf-wm-vol --surf-ctx-vol --totalgray --euler --ctab /opt/freesurfer/ASegStatsLUT.txt --subject sub-v1s6x0051369_ses-1 
sysname  Linux
hostname dna062
machine  x86_64
user     oesteban
whitesurfname  white
UseRobust  0
atlas_icv (eTIV) = 1713095 mm^3    (det: 1.137185 )
Computing euler number
orig.nofix lheno =  -28, rheno = -16
orig.nofix lhholes =   15, rhholes = 9
Loading mri/aseg.mgz
Getting Brain Volume Statistics
Loading mri/norm.mgz
Loading mri/norm.mgz
Voxel Volume is 1 mm^3
Generating list of segmentation ids
Found  50 segmentations
Computing statistics for each segmentation

Reporting on  45 segmentations
Using PrintSegStat
mri_segstats done

Started at Tue Mar 10 08:50:55 CET 2026 
Ended   at Tue Mar 10 08:58:30 CET 2026
#@#%# recon-all-run-time-hours 0.126
recon-all -s sub-v1s6x0051369_ses-1 finished without error at Tue Mar 10 08:58:30 CET 2026
