#!ascii label  , from subject sub-v1s6x0051362_ses-1 vox2ras=TkReg
4160
27429  19.967  -56.827  77.694 0.1000000015
27421  20.303  -56.352  78.176 0.1000000015
28375  20.492  -55.744  78.636 0.1000000015
27437  19.961  -56.866  76.785 0.1000000015
27428  20.267  -56.369  77.270 0.1000000015
28387  20.329  -55.757  76.733 0.2000000030
29308  19.991  -54.477  77.407 0.3000000119
116171  20.003  -54.806  76.515 0.2000000030
29319  19.786  -54.868  75.571 0.2000000030
31182  18.563  -52.495  77.398 0.4000000060
30265  19.502  -53.936  76.789 0.5000000000
31181  19.015  -53.214  77.088 0.4000000060
30274  19.392  -54.086  75.928 0.3000000119
30266  18.933  -53.330  76.255 0.4000000060
30282  19.235  -54.172  75.057 0.3000000119
31279  19.233  -52.336  66.744 0.3000000119
28466  20.337  -55.449  66.732 0.1000000015
28458  19.793  -55.321  67.248 0.1000000015
36543  16.697  -46.230  83.582 0.4000000060
36542  17.518  -46.209  83.243 0.4000000060
35591  16.314  -47.127  82.705 0.4000000060
35590  17.105  -46.645  82.683 0.4000000060
35611  16.586  -47.283  81.854 0.3000000119
33788  16.245  -49.102  80.400 0.3000000119
33796  16.875  -49.540  79.159 0.3000000119
32080  18.121  -51.815  77.777 0.4000000060
32086  18.060  -51.726  76.802 0.4000000060
31190  18.562  -52.560  76.556 0.4000000060
30275  18.847  -53.400  75.419 0.4000000060
123995  18.260  -52.018  76.083 0.4000000060
113595  18.511  -52.641  75.775 0.4000000060
30283  18.735  -53.433  74.570 0.4000000060
31263  22.634  -51.825  67.515 0.3000000119
32153  21.028  -51.343  66.509 0.3000000119
32154  20.285  -51.754  66.411 0.3000000119
29330  18.940  -54.220  73.410 0.3000000119
33006  20.552  -50.448  66.490 0.3000000119
111286  20.010  -51.065  66.469 0.3000000119
117711  22.205  -56.084  66.319 0.2000000030
30299  18.561  -53.548  72.881 0.3000000119
30292  18.622  -53.480  73.733 0.3000000119
33007  19.778  -50.283  66.678 0.3000000119
108036  19.375  -51.018  66.851 0.3000000119
29402  20.627  -54.281  66.139 0.2000000030
111956  21.306  -55.967  66.367 0.2000000030
30314  18.564  -53.866  71.033 0.3000000119
115693  18.968  -54.650  71.147 0.2000000030
29345  18.895  -54.478  71.805 0.2000000030
29335  19.322  -55.105  72.390 0.2000000030
32155  19.591  -51.700  66.595 0.3000000119
31278  19.975  -52.382  66.327 0.3000000119
28450  19.433  -55.591  68.842 0.1000000015
29375  18.794  -54.508  69.788 0.1000000015
32144  18.970  -51.664  67.008 0.3000000119
30334  18.926  -53.993  67.841 0.2000000030
127133  18.850  -54.301  68.570 0.1000000015
114828  18.632  -54.037  69.228 0.3000000119
31244  18.243  -53.103  69.331 0.3000000119
36558  18.632  -46.151  83.021 0.5000000000
108467  17.933  -46.383  82.748 0.5000000000
35589  18.693  -46.501  82.445 0.4000000060
35610  17.635  -46.813  81.902 0.4000000060
35623  16.955  -47.370  80.932 0.3000000119
34680  16.694  -48.056  80.213 0.3000000119
108509  17.771  -47.026  80.912 0.4000000060
34679  17.502  -47.397  80.007 0.3000000119
33797  16.688  -48.859  79.658 0.3000000119
32942  16.985  -50.453  79.433 0.3000000119
34691  17.102  -47.992  79.399 0.3000000119
113078  17.420  -50.599  78.067 0.3000000119
115945  17.762  -51.273  78.158 0.3000000119
35653  17.640  -47.494  78.989 0.3000000119
105343  17.026  -48.717  79.037 0.3000000119
33805  17.135  -49.110  78.358 0.3000000119
32081  17.671  -51.047  77.444 0.4000000060
30331  27.149  -53.706  68.805 0.1000000015
30332  26.047  -52.880  68.721 0.2000000030
118994  17.880  -51.346  75.931 0.4000000060
31249  25.359  -52.437  68.795 0.2000000030
32132  24.273  -51.822  68.474 0.3000000119
32133  23.581  -51.841  68.246 0.3000000119
32142  22.721  -51.300  67.354 0.3000000119
32093  18.023  -51.966  75.391 0.3000000119
32143  22.060  -51.328  66.916 0.3000000119
33005  21.479  -50.609  66.581 0.3000000119
31199  18.360  -52.673  74.940 0.4000000060
28464  21.756  -55.265  66.158 0.2000000030
28465  20.801  -55.203  66.190 0.2000000030
114372  18.178  -52.799  73.211 0.4000000060
30355  19.795  -53.928  66.440 0.2000000030
28467  20.079  -54.797  66.536 0.2000000030
31218  18.140  -52.857  72.330 0.3000000119
113308  17.797  -51.995  73.523 0.3000000119
32997  19.236  -50.337  67.303 0.3000000119
111473  19.534  -53.066  66.544 0.3000000119
29394  19.441  -54.452  67.163 0.2000000030
29374  19.012  -54.934  69.167 0.1000000015
31227  18.106  -52.944  71.390 0.3000000119
31219  17.740  -52.049  72.656 0.3000000119
32998  18.924  -51.098  67.333 0.3000000119
30335  18.564  -53.551  68.521 0.3000000119
31234  18.137  -53.012  70.395 0.2000000030
31228  17.752  -52.099  71.777 0.3000000119
32110  17.554  -51.180  72.107 0.4000000060
31211  17.564  -51.216  73.001 0.4000000060
122275  18.341  -52.847  68.506 0.3000000119
31235  17.767  -52.149  70.837 0.3000000119
32118  17.626  -51.345  71.305 0.4000000060
110701  17.613  -50.332  71.821 0.3000000119
32977  17.554  -50.355  72.586 0.3000000119
123080  17.587  -50.841  71.596 0.4000000060
33887  17.810  -49.659  72.207 0.3000000119
36540  19.609  -46.128  83.001 0.4000000060
122450  18.850  -46.064  83.047 0.4000000060
26525  34.085  -57.384  67.266 0.1000000015
36557  19.540  -46.314  82.839 0.4000000060
28452  32.558  -55.632  67.497 0.1000000015
121908  20.203  -46.544  82.651 0.5000000000
35588  19.621  -46.744  82.061 0.4000000060
35609  18.612  -46.849  81.480 0.4000000060
28453  31.971  -55.321  67.568 0.1000000015
122004  20.197  -47.057  81.406 0.5000000000
35608  19.409  -47.034  80.984 0.3000000119
35621  19.292  -47.151  79.980 0.3000000119
35622  18.466  -47.051  80.447 0.3000000119
109241  17.310  -48.078  78.597 0.3000000119
122197  17.267  -49.842  77.964 0.3000000119
29391  27.923  -54.238  68.167 0.2000000030
126507  26.629  -53.336  68.471 0.2000000030
34702  17.454  -48.302  77.797 0.3000000119
33816  17.311  -49.192  77.413 0.4000000060
32954  17.368  -50.174  77.341 0.3000000119
32131  24.887  -52.016  68.411 0.2000000030
117576  17.450  -48.906  76.719 0.4000000060
108096  17.403  -49.652  76.659 0.4000000060
32141  23.332  -51.337  67.572 0.3000000119
32094  17.658  -51.134  75.111 0.4000000060
32996  22.295  -50.766  66.824 0.3000000119
32099  17.827  -51.815  74.435 0.3000000119
115446  21.098  -49.916  66.447 0.3000000119
33950  19.702  -49.514  66.902 0.3000000119
117262  18.922  -52.890  66.986 0.3000000119
30346  19.144  -53.577  67.073 0.2000000030
30347  18.632  -53.070  67.728 0.3000000119
32103  17.628  -51.254  73.741 0.3000000119
31265  18.721  -52.308  67.338 0.3000000119
32974  17.504  -50.492  73.444 0.3000000119
32991  18.988  -50.088  68.225 0.3000000119
32992  18.689  -50.860  68.068 0.3000000119
32135  18.361  -51.567  68.507 0.3000000119
31253  18.150  -52.250  68.929 0.3000000119
109670  18.693  -50.439  68.702 0.4000000060
32984  18.420  -50.899  68.928 0.4000000060
32126  18.108  -51.475  69.376 0.4000000060
117074  17.949  -52.204  69.855 0.3000000119
32117  17.821  -51.200  70.371 0.4000000060
32980  17.705  -50.554  71.160 0.4000000060
32979  18.182  -50.081  70.556 0.4000000060
33904  17.812  -49.869  71.427 0.3000000119
127601  18.091  -49.608  71.761 0.3000000119
33886  18.537  -49.281  72.111 0.4000000060
33903  18.467  -49.565  71.281 0.4000000060
110932  20.108  -45.530  81.561 0.4000000060
38413  20.463  -45.647  82.215 0.4000000060
38427  19.441  -45.508  81.345 0.4000000060
38414  19.714  -45.664  82.290 0.4000000060
37470  20.079  -45.922  82.892 0.4000000060
36556  20.301  -46.268  82.964 0.4000000060
36539  21.004  -46.272  82.980 0.5000000000
37453  20.510  -46.115  83.015 0.4000000060
26526  33.411  -56.980  66.613 0.2000000030
27501  33.375  -56.504  67.116 0.1000000015
28454  31.349  -55.329  68.012 0.1000000015
35573  20.842  -46.577  82.767 0.5000000000
35587  20.582  -46.901  82.126 0.5000000000
29390  28.954  -54.499  67.644 0.1000000015
109655  27.206  -53.667  67.669 0.2000000030
112238  21.837  -47.061  82.235 0.4000000060
35607  21.113  -47.301  81.334 0.4000000060
35620  20.223  -47.208  80.522 0.3000000119
35636  18.329  -47.206  79.467 0.3000000119
30343  26.414  -53.062  67.858 0.2000000030
125599  25.275  -51.887  67.162 0.2000000030
35606  22.233  -47.370  81.847 0.4000000060
35634  20.121  -47.338  79.537 0.3000000119
35652  18.358  -47.361  78.605 0.3000000119
31262  25.427  -52.184  67.736 0.2000000030
34670  21.994  -47.746  80.850 0.4000000060
35635  19.202  -47.268  79.075 0.3000000119
35651  19.199  -47.404  78.285 0.3000000119
35668  18.481  -47.573  77.832 0.3000000119
34715  17.918  -47.908  77.236 0.4000000060
32139  24.810  -51.679  67.582 0.2000000030
32995  23.834  -50.815  67.085 0.2000000030
34733  17.770  -48.336  76.393 0.4000000060
33826  17.508  -49.051  76.074 0.4000000060
32960  17.451  -49.907  75.864 0.4000000060
117483  23.053  -50.582  66.904 0.3000000119
33004  22.108  -49.972  66.380 0.3000000119
32965  17.519  -50.127  74.958 0.4000000060
33954  21.300  -49.070  66.425 0.3000000119
33853  17.672  -49.258  74.505 0.4000000060
32971  17.446  -49.854  73.974 0.3000000119
32100  17.545  -50.774  74.271 0.4000000060
33955  20.361  -49.615  66.614 0.3000000119
33872  17.807  -49.096  73.695 0.4000000060
125390  18.784  -48.308  74.076 0.4000000060
34801  18.420  -48.617  73.709 0.4000000060
105447  17.655  -49.686  73.108 0.3000000119
33940  19.420  -49.520  67.690 0.3000000119
33927  19.275  -49.437  68.640 0.3000000119
122385  18.560  -50.373  69.224 0.4000000060
105299  18.245  -50.651  69.685 0.4000000060
33871  18.171  -49.144  72.953 0.4000000060
33914  19.196  -49.399  69.547 0.5000000000
33928  18.859  -49.938  69.020 0.4000000060
33902  19.247  -49.134  71.437 0.4000000060
33885  19.485  -48.977  72.218 0.4000000060
37469  20.872  -45.867  82.772 0.4000000060
37452  21.132  -45.975  82.904 0.4000000060
37468  21.783  -45.858  82.447 0.4000000060
35571  22.044  -46.457  82.595 0.4000000060
108483  32.172  -55.303  66.953 0.1000000015
29388  31.143  -54.933  67.219 0.1000000015
35572  21.460  -46.541  82.768 0.4000000060
29389  30.105  -54.655  67.112 0.1000000015
26533  32.933  -57.158  65.877 0.1000000015
30353  26.710  -53.265  66.918 0.2000000030
35585  22.795  -46.936  82.155 0.4000000060
31274  26.048  -52.676  67.260 0.2000000030
32152  24.471  -51.177  66.920 0.2000000030
126316  23.699  -50.272  66.519 0.2000000030
34669  22.881  -47.794  81.210 0.4000000060
109024  21.965  -48.028  80.019 0.4000000060
34678  21.130  -47.583  80.062 0.4000000060
35650  19.994  -47.469  78.692 0.3000000119
34700  19.238  -47.564  77.646 0.3000000119
33953  22.397  -49.095  66.091 0.3000000119
34891  21.169  -48.048  66.586 0.3000000119
34689  21.679  -48.049  79.262 0.4000000060
122907  20.597  -47.753  78.336 0.3000000119
34699  19.961  -47.596  77.950 0.3000000119
34753  18.167  -48.147  75.748 0.4000000060
34698  21.395  -48.128  78.320 0.3000000119
109793  20.729  -47.963  77.698 0.3000000119
34713  19.894  -47.850  77.127 0.4000000060
34714  18.746  -47.736  77.092 0.4000000060
34732  18.325  -47.973  76.427 0.4000000060
33841  17.627  -49.262  75.306 0.4000000060
35798  20.656  -47.765  67.127 0.3000000119
114177  18.165  -48.305  75.175 0.4000000060
34777  17.907  -48.681  74.868 0.4000000060
33949  20.349  -48.700  66.855 0.3000000119
34880  20.141  -48.313  67.609 0.3000000119
34881  19.781  -48.935  67.329 0.3000000119
34776  18.417  -48.354  74.515 0.4000000060
34867  19.654  -48.839  68.125 0.3000000119
34800  19.257  -48.424  73.674 0.4000000060
34823  18.855  -48.737  72.881 0.4000000060
34843  19.758  -48.909  70.118 0.4000000060
109720  18.634  -49.934  69.737 0.4000000060
33915  19.020  -49.344  70.506 0.4000000060
39395  29.437  -43.957  80.423 0.2000000030
39386  29.491  -44.159  80.448 0.2000000030
37488  21.150  -45.638  82.106 0.4000000060
38419  29.759  -44.474  80.280 0.3000000119
38420  28.980  -44.655  80.590 0.2000000030
37480  29.330  -44.663  80.398 0.3000000119
28461  32.639  -55.748  66.871 0.1000000015
36578  29.483  -45.174  80.012 0.6000000238
36624  28.284  -45.729  76.694 0.6000000238
107019  29.139  -45.758  78.176 0.6000000238
36589  28.972  -45.495  79.431 0.6999999881
26537  32.513  -57.786  65.137 0.1000000015
29399  29.302  -54.262  66.536 0.2000000030
123609  28.449  -46.020  78.124 0.6000000238
31275  25.605  -52.227  66.803 0.2000000030
36660  27.331  -45.983  73.562 0.6000000238
123382  23.294  -48.179  80.672 0.4000000060
33003  24.194  -50.539  66.412 0.2000000030
33952  23.177  -49.765  66.122 0.3000000119
36647  27.611  -45.959  74.425 0.6000000238
36625  27.649  -46.120  76.103 0.6000000238
114208  22.661  -48.128  80.369 0.4000000060
34897  22.612  -48.340  65.782 0.3000000119
35809  22.044  -47.560  66.285 0.3000000119
34688  22.503  -48.343  79.527 0.5000000000
35810  21.316  -47.297  66.837 0.3000000119
36714  21.988  -46.399  68.067 0.4000000060
34697  22.290  -48.475  78.654 0.5000000000
34711  22.141  -48.607  77.766 0.5000000000
34731  19.261  -47.918  76.346 0.4000000060
35797  21.040  -47.225  67.428 0.3000000119
33815  21.948  -48.636  76.816 0.5000000000
34729  21.292  -48.457  76.088 0.5000000000
34730  20.311  -48.138  76.226 0.4000000060
35788  20.635  -47.571  68.053 0.4000000060
34751  20.689  -48.387  75.453 0.4000000060
34752  19.643  -48.171  75.372 0.4000000060
107780  18.750  -48.011  75.810 0.4000000060
33840  20.913  -48.563  74.737 0.4000000060
127456  20.332  -48.418  75.005 0.4000000060
34775  19.121  -48.176  74.509 0.4000000060
121038  18.673  -48.108  75.177 0.4000000060
33852  20.968  -48.679  73.900 0.4000000060
34799  20.222  -48.742  73.562 0.4000000060
34774  20.055  -48.525  74.406 0.4000000060
34855  19.691  -48.858  69.132 0.4000000060
33869  20.862  -48.829  72.999 0.4000000060
33870  19.844  -48.818  72.923 0.4000000060
33901  19.933  -48.921  71.028 0.4000000060
33884  20.181  -48.924  71.801 0.5000000000
122393  20.324  -48.901  72.402 0.4000000060
39387  28.810  -44.211  80.729 0.2000000030
36555  22.731  -46.401  82.263 0.4000000060
37467  22.792  -45.957  82.113 0.3000000119
37496  30.084  -45.017  80.049 0.6000000238
36554  23.649  -46.793  81.845 0.4000000060
27506  32.799  -56.335  66.380 0.2000000030
28462  31.986  -55.131  66.324 0.2000000030
35605  23.223  -47.480  81.714 0.3000000119
35604  24.064  -47.578  81.457 0.4000000060
37520  29.129  -45.523  76.863 0.6000000238
36579  28.327  -45.631  80.260 0.6000000238
34668  23.621  -47.958  81.216 0.4000000060
105319  24.072  -48.671  79.978 0.4000000060
25623  32.014  -58.279  64.409 0.1000000015
30352  27.601  -53.673  66.503 0.2000000030
36635  28.287  -45.603  75.719 0.6000000238
36601  28.643  -45.851  78.747 0.6999999881
26538  31.701  -57.420  64.709 0.1000000015
109758  25.565  -52.226  65.933 0.2000000030
32151  25.110  -51.647  66.580 0.2000000030
36613  27.912  -46.214  77.599 0.5000000000
34687  23.352  -48.522  79.917 0.4000000060
33803  23.727  -48.961  78.400 0.4000000060
27510  30.210  -56.587  63.939 0.1000000015
122534  23.525  -49.525  65.657 0.2000000030
36712  23.645  -46.215  68.624 0.4000000060
36648  26.793  -46.552  74.107 0.6000000238
36737  21.832  -46.846  66.621 0.4000000060
36684  25.953  -46.169  71.775 0.5000000000
36661  26.510  -46.484  73.296 0.6000000238
33795  23.115  -48.714  78.976 0.4000000060
33804  22.921  -48.868  78.094 0.5000000000
36725  21.548  -46.778  67.277 0.3000000119
113828  22.786  -46.445  68.683 0.4000000060
36695  25.080  -46.356  70.755 0.6000000238
123420  22.220  -46.568  68.732 0.4000000060
35787  21.282  -46.927  68.047 0.4000000060
33839  21.563  -48.580  75.261 0.5000000000
35776  20.759  -47.854  69.110 0.4000000060
34866  20.186  -48.314  68.612 0.4000000060
33868  21.711  -48.710  73.456 0.4000000060
34854  20.336  -48.451  69.629 0.3000000119
34822  20.970  -48.826  72.220 0.5000000000
34842  20.525  -48.584  70.572 0.5000000000
34832  20.790  -48.701  71.469 0.5000000000
36600  29.584  -45.679  78.831 0.6000000238
36588  30.103  -45.474  79.472 0.6999999881
35583  24.326  -47.112  81.621 0.4000000060
28470  32.267  -55.590  66.045 0.2000000030
36612  28.688  -45.739  77.519 0.6999999881
34686  24.598  -48.772  79.566 0.4000000060
109656  24.599  -48.414  80.452 0.4000000060
118570  30.992  -54.329  66.217 0.2000000030
29398  30.187  -54.186  66.085 0.2000000030
26534  32.166  -57.018  65.305 0.1000000015
106887  28.673  -53.832  65.980 0.2000000030
31287  26.261  -52.805  66.214 0.2000000030
37526  28.965  -45.395  76.058 0.6000000238
36602  27.942  -46.294  78.561 0.5000000000
33794  23.899  -48.839  79.268 0.3000000119
26539  30.873  -57.064  64.380 0.1000000015
117144  24.672  -51.040  66.087 0.2000000030
33015  23.874  -49.904  65.875 0.2000000030
33813  23.568  -49.002  77.528 0.5000000000
27517  29.540  -56.096  63.425 0.1000000015
36736  22.622  -46.738  66.193 0.3000000119
28487  28.859  -55.668  62.904 0.2000000030
36675  26.214  -46.363  72.518 0.5000000000
123208  23.324  -48.755  76.027 0.5000000000
33823  23.423  -48.894  76.712 0.5000000000
120866  28.507  -55.230  62.415 0.1000000015
36697  23.431  -46.608  69.542 0.4000000060
36696  24.284  -46.635  70.333 0.6000000238
33824  22.770  -48.803  76.341 0.5000000000
33814  22.798  -48.849  77.219 0.5000000000
29428  27.788  -54.214  61.561 0.1000000015
29429  27.532  -54.013  60.783 0.1000000015
36704  22.494  -46.735  69.309 0.4000000060
126000  23.525  -46.990  70.365 0.5000000000
33838  22.907  -48.766  75.437 0.5000000000
29444  27.555  -54.103  59.965 0.1000000015
33849  23.334  -48.670  74.783 0.5000000000
33850  22.686  -48.659  74.581 0.5000000000
124292  22.277  -48.654  75.092 0.5000000000
33825  22.152  -48.720  75.839 0.5000000000
29465  28.089  -54.571  59.595 0.1000000015
35786  21.725  -46.821  68.899 0.3000000119
33867  22.438  -48.630  73.797 0.5000000000
33851  21.830  -48.651  74.381 0.5000000000
126327  21.118  -47.292  68.723 0.3000000119
35775  21.390  -47.495  69.505 0.3000000119
34821  21.704  -48.709  72.702 0.5000000000
37481  28.411  -45.070  81.050 0.2000000030
34667  24.745  -47.879  81.136 0.4000000060
27507  32.279  -56.316  65.674 0.2000000030
36611  29.548  -45.720  77.546 0.6999999881
37497  28.784  -45.120  80.377 0.4000000060
34685  25.256  -48.524  79.876 0.4000000060
29405  31.060  -54.161  65.462 0.2000000030
36590  28.131  -46.077  79.417 0.5000000000
33802  24.488  -48.957  78.709 0.5000000000
30351  29.738  -53.759  65.581 0.2000000030
30360  27.041  -53.354  66.058 0.2000000030
37536  28.920  -45.316  75.178 0.6000000238
33812  24.336  -49.013  77.819 0.5000000000
124606  30.838  -56.106  64.538 0.1000000015
32164  25.115  -51.595  65.625 0.2000000030
33014  24.293  -50.438  65.688 0.2000000030
34896  23.268  -48.394  65.247 0.3000000119
35666  27.180  -46.846  77.302 0.6000000238
33822  24.136  -49.011  76.956 0.5000000000
116350  30.371  -55.293  64.211 0.2000000030
28479  29.695  -54.850  63.577 0.1000000015
37628  23.788  -45.880  67.782 0.4000000060
36694  25.741  -46.006  71.018 0.6000000238
36637  26.989  -46.559  74.940 0.5000000000
36676  25.462  -46.719  72.330 0.5000000000
36662  25.729  -46.907  73.063 0.5000000000
35726  26.015  -47.045  73.829 0.5000000000
33837  23.615  -48.699  75.461 0.5000000000
34750  23.931  -48.634  74.855 0.5000000000
29415  28.423  -54.269  62.389 0.2000000030
35753  24.758  -47.058  72.144 0.6000000238
35741  25.067  -47.300  72.863 0.5000000000
36686  24.533  -46.849  71.313 0.5000000000
34773  23.099  -48.563  74.059 0.5000000000
30386  27.362  -53.169  60.554 0.2000000030
35774  22.080  -47.208  69.802 0.3000000119
35773  22.852  -47.063  70.077 0.3000000119
34798  22.876  -48.538  73.313 0.5000000000
30438  27.520  -53.139  58.651 0.1000000015
121083  22.275  -48.646  73.144 0.5000000000
34853  20.997  -48.084  70.039 0.3000000119
34831  21.743  -48.546  71.843 0.5000000000
34841  21.332  -48.381  70.893 0.5000000000
39399  26.342  -44.487  80.065 0.2000000030
38421  28.232  -44.866  81.276 0.2000000030
123083  30.775  -45.119  79.922 0.4000000060
36599  30.718  -45.918  78.870 0.6999999881
36577  30.570  -45.210  79.892 0.6999999881
36566  28.024  -45.584  81.041 0.3000000119
27509  31.554  -56.394  65.036 0.1000000015
29397  31.490  -54.556  65.903 0.2000000030
118424  27.701  -46.390  80.062 0.4000000060
36580  27.533  -46.272  80.771 0.3000000119
120305  27.771  -45.484  81.341 0.2000000030
33801  25.171  -48.812  79.040 0.5000000000
30359  27.955  -53.486  65.326 0.2000000030
35648  27.363  -46.907  78.199 0.5000000000
35632  27.398  -46.822  79.291 0.5000000000
33811  25.068  -48.900  78.148 0.5000000000
109603  26.074  -52.675  65.232 0.2000000030
33957  23.916  -49.916  65.164 0.2000000030
33958  23.610  -49.253  65.234 0.3000000119
113190  28.794  -45.315  74.252 0.6000000238
35683  27.001  -46.872  76.362 0.6000000238
35684  26.518  -47.451  76.987 0.6000000238
33836  23.881  -48.741  76.183 0.5000000000
37549  28.109  -45.538  73.814 0.6000000238
35713  26.281  -47.118  74.640 0.5000000000
112989  26.301  -47.590  76.183 0.6000000238
34749  24.240  -48.626  75.562 0.5000000000
29409  30.396  -54.203  64.024 0.2000000030
29414  29.020  -54.510  63.044 0.2000000030
37619  24.467  -45.901  68.482 0.4000000060
37601  25.611  -45.954  70.337 0.6000000238
37575  27.677  -45.408  72.155 0.6000000238
35727  25.301  -47.453  73.589 0.5000000000
30371  28.653  -52.940  62.368 0.2000000030
119024  23.619  -48.509  74.314 0.5000000000
30385  27.780  -53.060  61.499 0.2000000030
35762  23.850  -47.248  71.040 0.5000000000
31328  27.151  -52.370  60.280 0.2000000030
35763  23.157  -47.478  70.790 0.5000000000
32217  26.878  -51.884  59.832 0.2000000030
31345  27.164  -52.622  59.388 0.2000000030
109381  27.075  -52.286  58.820 0.2000000030
35764  22.459  -47.620  70.546 0.4000000060
34820  22.522  -48.487  72.566 0.5000000000
39396  28.655  -43.908  80.562 0.3000000119
39397  27.836  -43.921  80.566 0.2000000030
39388  28.106  -44.361  81.133 0.2000000030
36598  31.572  -46.242  79.050 0.6999999881
36576  31.504  -45.350  79.759 0.5000000000
36587  31.132  -45.722  79.501 0.6999999881
114110  31.810  -55.666  65.501 0.2000000030
108843  29.896  -45.713  76.972 0.6999999881
36623  29.776  -45.557  76.299 0.6999999881
28471  31.719  -55.008  65.649 0.2000000030
37535  29.693  -45.445  75.471 0.8000000119
35617  27.170  -46.972  80.312 0.4000000060
29404  31.222  -54.425  65.237 0.2000000030
35667  26.747  -47.531  77.804 0.6000000238
35649  26.808  -47.583  78.721 0.5000000000
34728  24.551  -48.746  76.364 0.5000000000
30358  29.175  -53.435  64.978 0.2000000030
31286  26.881  -53.245  65.223 0.2000000030
32165  24.641  -51.034  65.271 0.2000000030
31294  25.860  -52.399  64.443 0.2000000030
32175  25.123  -51.695  64.672 0.2000000030
37564  27.946  -45.481  72.976 0.6000000238
35701  25.869  -47.652  75.160 0.5000000000
106627  24.519  -48.440  74.892 0.5000000000
30367  29.924  -53.634  63.647 0.2000000030
30370  29.345  -53.303  62.980 0.2000000030
32176  24.494  -50.994  64.462 0.3000000119
34900  23.530  -48.486  64.766 0.3000000119
36723  23.206  -46.066  66.879 0.4000000060
37610  25.928  -45.664  69.554 0.6000000238
37589  27.432  -45.314  71.368 0.6999999881
31304  29.295  -52.663  63.058 0.2000000030
37600  26.336  -45.620  70.377 0.6999999881
34797  23.570  -48.347  73.610 0.5000000000
31305  28.702  -52.404  62.688 0.2000000030
32192  27.253  -51.697  61.411 0.2000000030
31319  27.578  -52.070  61.381 0.2000000030
32205  27.044  -51.536  60.808 0.2000000030
35754  24.072  -47.436  71.891 0.5000000000
124563  26.946  -51.386  61.000 0.2000000030
124100  26.710  -51.319  60.710 0.2000000030
32218  26.629  -51.300  60.154 0.2000000030
32231  26.697  -51.546  59.179 0.2000000030
33088  26.337  -50.867  59.387 0.2000000030
32245  26.579  -51.210  58.549 0.2000000030
35765  21.729  -47.831  70.317 0.5000000000
35645  32.795  -46.900  78.489 0.8000000119
106237  32.469  -47.166  77.952 0.8000000119
35646  32.224  -46.713  78.688 0.8000000119
36586  32.075  -46.113  79.422 0.6999999881
35665  31.428  -46.695  77.783 0.6999999881
35647  31.501  -46.514  78.471 0.6999999881
36610  30.540  -46.088  77.483 0.6999999881
36634  30.516  -45.824  75.759 0.6999999881
28474  31.290  -55.213  64.934 0.2000000030
30357  30.036  -53.413  64.691 0.2000000030
37548  29.750  -45.348  74.552 0.6999999881
29408  30.802  -54.309  64.610 0.2000000030
115024  30.424  -53.590  64.570 0.2000000030
30366  28.806  -53.012  64.291 0.2000000030
31292  27.756  -53.057  64.346 0.2000000030
37562  29.666  -45.218  73.625 0.6999999881
34726  25.931  -48.086  76.765 0.5000000000
34727  25.254  -48.554  76.573 0.5000000000
37574  28.718  -45.103  72.253 0.6000000238
125543  26.099  -47.663  75.669 0.5000000000
34747  25.658  -48.096  75.848 0.5000000000
111639  24.893  -48.490  75.691 0.5000000000
34772  24.103  -48.348  74.226 0.5000000000
33963  23.705  -49.274  64.615 0.3000000119
36752  23.214  -46.802  65.345 0.3000000119
37627  24.597  -45.553  67.698 0.5000000000
106302  25.763  -45.523  68.777 0.5000000000
35714  25.551  -47.611  74.359 0.5000000000
34818  23.810  -48.099  73.026 0.5000000000
32206  26.507  -51.231  60.774 0.2000000030
35742  24.332  -47.670  72.751 0.5000000000
34819  23.259  -48.319  72.859 0.5000000000
121993  23.954  -49.575  60.411 0.2000000030
33074  25.612  -50.724  60.495 0.2000000030
33073  26.330  -51.010  60.275 0.2000000030
35755  23.324  -47.807  71.625 0.5000000000
34830  22.618  -48.227  71.770 0.5000000000
109501  24.667  -45.625  60.436 0.2000000030
36814  23.719  -46.625  60.067 0.2000000030
34025  23.694  -48.998  60.037 0.2000000030
34024  24.369  -49.587  59.743 0.2000000030
33089  25.802  -50.501  59.739 0.2000000030
115335  25.868  -50.336  59.029 0.2000000030
36794  26.486  -46.090  61.249 0.2000000030
116028  23.922  -48.910  59.414 0.2000000030
34023  25.169  -49.887  59.149 0.2000000030
33102  25.593  -49.977  58.335 0.2000000030
124350  26.209  -50.612  58.275 0.2000000030
32264  26.832  -51.201  57.688 0.2000000030
36780  27.717  -46.504  62.496 0.4000000060
105558  25.498  -45.615  60.759 0.2000000030
34038  24.925  -49.358  58.287 0.2000000030
34840  22.132  -48.149  71.080 0.5000000000
105610  27.733  -46.384  61.787 0.3000000119
36770  28.391  -46.616  63.163 0.5000000000
35663  32.951  -47.347  77.700 0.8000000119
109546  31.982  -46.975  78.091 0.6999999881
125321  31.885  -47.104  76.754 0.6999999881
35682  31.448  -46.797  76.920 0.6999999881
36622  30.570  -46.054  76.592 0.6999999881
37534  30.434  -45.693  74.949 0.8000000119
30363  30.438  -53.700  64.295 0.2000000030
30364  30.117  -53.119  63.999 0.2000000030
37573  29.688  -45.115  72.677 0.6999999881
118838  29.661  -53.012  63.494 0.2000000030
31290  29.544  -52.817  63.548 0.2000000030
31291  28.645  -52.586  63.584 0.2000000030
106788  27.669  -52.554  63.504 0.2000000030
108377  28.170  -44.905  70.754 0.6999999881
123997  28.192  -45.102  71.574 0.6999999881
34748  25.174  -48.090  74.997 0.5000000000
34771  24.768  -47.962  74.135 0.5000000000
31296  29.156  -52.495  63.141 0.2000000030
31298  26.573  -52.472  63.507 0.2000000030
32182  25.218  -51.674  62.900 0.3000000119
33022  24.046  -50.116  64.345 0.2000000030
35831  23.468  -47.740  64.312 0.3000000119
36735  23.381  -46.134  65.900 0.4000000060
37599  27.784  -44.801  70.029 0.6999999881
34796  24.213  -48.036  73.521 0.5000000000
32193  27.178  -51.743  61.856 0.2000000030
33967  23.914  -50.090  63.465 0.3000000119
33968  23.712  -49.362  63.814 0.3000000119
111310  23.390  -46.880  64.576 0.4000000060
37658  23.744  -45.392  65.658 0.4000000060
112859  24.695  -45.224  67.038 0.4000000060
37617  26.037  -45.166  68.145 0.6000000238
38610  27.291  -44.673  68.797 0.6000000238
35728  24.725  -47.688  73.373 0.5000000000
32207  26.767  -51.462  61.267 0.2000000030
112218  23.444  -46.930  63.771 0.4000000060
36751  23.480  -45.966  64.971 0.4000000060
37641  24.301  -45.064  66.299 0.4000000060
37626  25.441  -45.084  67.473 0.4000000060
38618  26.973  -44.553  68.028 0.6000000238
35743  23.639  -47.925  72.416 0.5000000000
36763  23.447  -46.115  64.082 0.4000000060
109244  23.804  -45.096  64.902 0.4000000060
38641  24.989  -44.468  65.812 0.4000000060
37640  25.217  -44.745  66.616 0.4000000060
34829  23.083  -48.196  72.253 0.5000000000
37712  24.009  -45.676  60.942 0.3000000119
35871  23.503  -47.163  60.508 0.2000000030
35890  23.829  -47.522  59.097 0.2000000030
38627  26.116  -44.555  66.842 0.6000000238
36813  24.005  -46.576  59.369 0.2000000030
34958  23.988  -48.352  58.905 0.2000000030
34039  24.383  -49.156  58.923 0.2000000030
35756  22.771  -47.913  71.170 0.4000000060
105303  24.756  -45.757  59.670 0.2000000030
125094  24.373  -46.030  59.564 0.2000000030
34973  24.872  -48.840  57.633 0.2000000030
34052  25.475  -49.479  57.591 0.2000000030
33116  25.992  -50.072  57.648 0.2000000030
36802  26.584  -46.051  60.623 0.2000000030
109502  25.727  -45.790  59.913 0.2000000030
36831  24.367  -46.420  58.714 0.2000000030
112685  24.384  -46.774  57.990 0.2000000030
34986  25.374  -48.764  56.859 0.2000000030
36769  29.022  -46.473  63.023 0.5000000000
35827  29.851  -47.222  64.339 0.5000000000
33834  33.359  -48.626  75.010 0.6999999881
34707  32.663  -47.556  77.189 0.6999999881
34745  33.035  -48.338  75.604 0.6999999881
114075  32.823  -48.381  75.100 0.6999999881
34746  32.616  -47.976  75.783 0.6999999881
34725  32.464  -47.608  76.653 0.6999999881
34769  32.860  -48.543  74.379 0.6999999881
34770  32.533  -48.179  74.919 0.6999999881
35711  32.065  -47.692  74.627 0.6999999881
35698  31.725  -47.125  75.293 0.6999999881
35681  31.897  -47.245  76.011 0.6999999881
113192  31.311  -46.727  73.755 0.6999999881
35712  31.500  -46.956  74.468 0.6999999881
31297  28.497  -52.306  62.812 0.3000000119
37588  28.935  -44.994  71.282 0.6999999881
31307  27.524  -52.165  62.623 0.2000000030
32181  26.289  -52.112  62.655 0.3000000119
37608  27.019  -45.090  69.623 0.6999999881
32194  26.003  -51.600  61.939 0.2000000030
33045  24.045  -50.448  62.753 0.3000000119
33061  24.782  -50.579  61.207 0.2000000030
34909  23.557  -48.606  63.206 0.3000000119
35839  23.497  -47.755  63.501 0.3000000119
34008  23.588  -49.137  60.798 0.2000000030
36773  23.453  -46.043  63.206 0.4000000060
37670  23.623  -45.428  64.353 0.4000000060
37657  24.276  -44.757  65.433 0.4000000060
38640  25.922  -44.387  66.044 0.4000000060
38653  24.844  -44.304  65.028 0.4000000060
37698  25.492  -45.343  61.576 0.3000000119
37699  24.534  -45.295  61.395 0.3000000119
35929  24.605  -47.843  57.371 0.2000000030
36779  28.326  -46.436  62.373 0.3000000119
37710  26.751  -45.884  60.118 0.2000000030
37729  25.329  -45.680  59.084 0.2000000030
35928  25.167  -47.914  56.573 0.2000000030
36801  27.163  -46.169  60.727 0.2000000030
37749  24.852  -45.867  58.337 0.2000000030
36865  24.967  -47.181  56.632 0.2000000030
36761  30.516  -47.002  64.308 0.5000000000
36792  28.334  -46.210  61.819 0.3000000119
34792  34.722  -48.324  73.899 0.8000000119
34768  34.421  -48.459  74.665 0.8000000119
33833  33.809  -48.692  74.845 0.8000000119
33864  33.987  -48.678  73.879 0.6999999881
33847  33.435  -48.765  74.282 0.6999999881
33848  33.163  -48.784  73.912 0.6999999881
34794  32.431  -48.208  74.049 0.6999999881
33865  33.388  -48.780  73.448 0.6999999881
34793  32.816  -48.674  73.562 0.6999999881
35724  31.777  -47.644  73.668 0.6999999881
36659  30.981  -46.078  73.396 0.6999999881
34795  31.739  -47.902  72.674 0.6999999881
35725  31.398  -47.031  72.884 0.6999999881
36673  31.029  -46.100  72.492 0.6999999881
37572  30.464  -45.449  73.033 0.6999999881
35740  31.315  -47.045  72.014 0.6999999881
36683  30.943  -46.209  71.619 0.6999999881
37596  30.383  -45.599  71.238 0.6999999881
37586  30.498  -45.441  72.114 0.6999999881
37587  29.714  -45.100  71.735 0.6999999881
111525  29.639  -45.213  70.154 0.6999999881
33044  24.845  -51.005  62.174 0.2000000030
111085  23.487  -48.595  62.209 0.2000000030
38608  28.671  -44.734  69.246 0.6999999881
38609  27.954  -44.536  69.225 0.6999999881
34007  23.937  -49.932  61.052 0.2000000030
33990  23.611  -49.364  61.653 0.2000000030
35844  23.446  -47.738  62.604 0.3000000119
38616  28.528  -44.667  68.548 0.6999999881
38617  27.852  -44.398  68.311 0.6999999881
127170  23.445  -47.709  61.038 0.2000000030
37700  23.859  -45.421  61.753 0.3000000119
36782  23.512  -45.970  62.271 0.3000000119
37688  23.805  -45.236  62.677 0.3000000119
38669  23.889  -44.736  64.092 0.4000000060
38702  24.833  -44.813  62.154 0.3000000119
38668  24.674  -44.329  64.264 0.4000000060
38654  24.278  -44.613  64.754 0.4000000060
38652  25.689  -44.332  65.263 0.4000000060
38626  26.955  -44.423  67.114 0.6999999881
36781  27.075  -46.370  62.678 0.4000000060
37686  26.427  -45.908  62.018 0.3000000119
35838  28.504  -46.801  63.998 0.5000000000
35828  29.235  -47.141  64.632 0.5000000000
36848  24.700  -46.846  57.211 0.2000000030
114557  30.430  -47.478  64.764 0.5000000000
37728  26.326  -45.642  59.274 0.2000000030
35836  29.867  -46.673  63.606 0.4000000060
37697  27.734  -46.167  61.162 0.3000000119
114674  31.336  -47.622  65.354 0.5000000000
35814  31.963  -47.610  65.814 0.5000000000
125526  37.355  -47.848  72.884 0.6999999881
34789  37.424  -47.712  73.663 0.6999999881
34814  36.816  -48.027  72.335 0.6999999881
34815  35.782  -48.070  72.560 0.6999999881
33863  34.768  -48.359  73.080 0.8000000119
33880  36.249  -48.323  71.711 0.6999999881
109894  33.976  -48.539  72.696 0.6999999881
33882  33.361  -48.742  72.633 0.6999999881
33866  33.134  -48.866  73.132 0.6999999881
34817  32.137  -48.294  72.225 0.6999999881
33881  35.126  -48.442  71.974 0.6999999881
105935  34.324  -48.465  71.653 0.6999999881
118246  33.337  -48.672  71.951 0.6999999881
33899  33.061  -48.607  71.262 0.6999999881
33900  32.644  -48.530  71.747 0.6999999881
123396  31.515  -47.606  72.324 0.6999999881
34827  31.970  -48.307  71.232 0.6999999881
112357  31.441  -48.021  70.686 0.6999999881
36692  30.695  -46.361  70.878 0.6999999881
35752  31.085  -47.256  71.058 0.6999999881
36693  30.271  -45.837  70.298 0.6999999881
35761  30.207  -46.693  69.520 0.6999999881
37606  29.762  -45.648  69.535 0.6999999881
37607  29.196  -44.937  69.672 0.6999999881
37616  29.242  -45.332  68.797 0.6999999881
37687  24.247  -45.043  62.138 0.3000000119
38638  27.570  -44.524  66.600 0.6000000238
37677  26.430  -45.511  62.846 0.3000000119
38695  25.073  -44.451  62.875 0.3000000119
38682  24.520  -44.512  63.491 0.3000000119
38667  25.466  -44.284  64.481 0.4000000060
38651  26.606  -44.400  65.468 0.4000000060
38639  26.800  -44.362  66.292 0.4000000060
36771  27.738  -46.605  63.438 0.4000000060
37669  26.710  -44.963  64.210 0.4000000060
38680  26.024  -44.500  63.958 0.3000000119
38666  26.308  -44.481  64.708 0.4000000060
34885  33.066  -48.289  67.155 0.6000000238
35816  30.001  -47.604  65.069 0.5000000000
35830  28.053  -46.704  64.171 0.4000000060
35806  32.529  -48.006  66.497 0.6000000238
35815  30.813  -47.776  65.355 0.6000000238
112919  31.372  -47.898  65.738 0.6000000238
36778  28.911  -46.198  62.396 0.4000000060
36777  29.524  -46.154  62.945 0.4000000060
35825  31.659  -47.109  65.157 0.4000000060
37685  29.407  -45.845  62.463 0.4000000060
34813  37.791  -48.164  72.374 0.6999999881
123849  38.952  -48.434  71.784 0.8999999762
33893  38.602  -48.517  71.052 0.8999999762
33878  38.185  -48.377  71.718 0.8999999762
33879  37.232  -48.272  71.633 0.6999999881
33894  37.642  -48.445  70.885 0.8000000119
33895  36.707  -48.432  70.899 0.6999999881
108764  35.855  -48.562  71.022 0.6999999881
33896  35.101  -48.481  71.118 0.6999999881
33898  33.453  -48.487  71.237 0.6999999881
106521  37.023  -48.570  70.108 0.8000000119
33909  35.547  -48.609  70.294 0.6999999881
105707  34.803  -48.643  69.868 0.6999999881
33910  33.914  -48.522  70.354 0.6999999881
33912  32.792  -48.570  70.338 0.6999999881
34838  31.812  -48.373  70.231 0.6999999881
122929  30.975  -47.759  70.215 0.6999999881
33908  36.268  -48.612  69.804 0.6999999881
35760  30.617  -47.021  70.225 0.6999999881
35771  30.623  -47.723  69.464 0.6999999881
36701  29.807  -46.462  68.791 0.6999999881
37625  28.959  -45.224  67.926 0.6999999881
38624  28.372  -44.608  67.732 0.6000000238
38625  27.730  -44.408  67.443 0.6000000238
34874  34.424  -48.494  67.921 0.6999999881
34875  33.654  -48.439  67.818 0.6999999881
109756  28.652  -45.165  67.282 0.6000000238
38637  28.241  -44.743  66.930 0.5000000000
34883  34.911  -48.158  67.606 0.6999999881
126989  26.421  -45.041  63.535 0.3000000119
123522  25.833  -44.649  63.176 0.3000000119
34886  32.341  -48.432  66.923 0.6000000238
34894  31.081  -48.178  66.072 0.6000000238
34895  30.495  -47.860  65.798 0.6000000238
36772  26.986  -45.946  63.596 0.3000000119
38650  27.357  -44.608  65.756 0.5000000000
34884  33.946  -48.060  67.409 0.6999999881
124775  29.516  -47.398  65.162 0.6000000238
35818  29.119  -47.112  65.297 0.6000000238
35829  28.560  -46.865  64.675 0.6000000238
38665  27.119  -44.705  64.928 0.4000000060
35805  33.333  -47.817  66.743 0.6000000238
36760  31.261  -46.672  64.500 0.4000000060
115773  30.190  -46.090  63.311 0.4000000060
36768  30.706  -46.345  63.842 0.4000000060
37683  30.890  -45.410  63.403 0.4000000060
33862  38.784  -48.289  72.564 0.8000000119
33877  39.566  -48.442  72.206 0.8000000119
33861  39.644  -48.402  73.002 0.8000000119
106025  39.105  -48.514  70.515 0.8000000119
33907  39.526  -48.501  70.082 0.6999999881
33913  32.457  -48.495  70.726 0.6999999881
125093  38.782  -48.501  69.925 0.8000000119
125046  37.462  -48.583  69.640 0.8000000119
33924  33.076  -48.612  69.043 0.6999999881
105831  32.864  -48.605  69.679 0.6999999881
33926  32.252  -48.545  69.755 0.6999999881
34839  31.209  -48.175  69.803 0.6999999881
33919  39.045  -48.526  69.517 0.8000000119
33922  36.207  -48.627  69.388 0.8000000119
106474  34.797  -48.546  69.123 0.6999999881
126356  34.170  -48.592  69.517 0.6999999881
34852  30.966  -48.262  69.068 0.6999999881
33920  38.157  -48.555  69.547 0.8000000119
33932  37.388  -48.615  69.185 0.8000000119
33933  36.497  -48.653  69.096 0.6999999881
33934  35.072  -48.561  68.659 0.6999999881
35784  30.503  -47.895  68.630 0.6999999881
35772  30.241  -47.317  68.876 0.6999999881
34861  37.766  -48.538  68.710 0.8000000119
34862  36.865  -48.620  68.728 0.8000000119
34863  35.970  -48.650  68.685 0.6999999881
33944  34.357  -48.564  68.292 0.6999999881
33946  32.767  -48.525  68.055 0.6999999881
34877  32.221  -48.525  67.454 0.6999999881
35785  30.047  -47.273  68.099 0.6999999881
36721  29.553  -47.018  67.328 0.6999999881
36711  29.469  -46.236  68.011 0.6999999881
36722  29.090  -46.022  67.256 0.6999999881
34872  37.287  -48.451  68.177 0.8000000119
34873  36.350  -48.547  68.240 0.6999999881
34876  32.882  -48.459  67.611 0.6999999881
34887  31.637  -48.421  66.788 0.6000000238
35795  35.850  -48.102  67.670 0.6999999881
36762  27.936  -46.375  64.792 0.4000000060
37668  27.317  -45.586  64.490 0.5000000000
37656  27.668  -45.274  65.281 0.5000000000
115974  34.573  -47.680  67.170 0.6999999881
35804  34.038  -47.586  66.887 0.6000000238
36749  32.860  -47.378  66.169 0.6000000238
38699  30.086  -44.335  61.912 0.4000000060
37676  31.527  -45.812  64.095 0.4000000060
38693  30.598  -44.657  62.636 0.4000000060
36759  32.488  -46.868  65.537 0.5000000000
38679  31.841  -44.934  63.709 0.4000000060
38692  31.532  -44.438  63.155 0.4000000060
33892  39.549  -48.509  71.347 0.8000000119
105621  40.130  -48.472  71.891 0.6999999881
34787  39.893  -48.349  73.724 0.6000000238
108372  39.974  -48.523  70.721 0.6999999881
33891  40.297  -48.471  71.367 0.6999999881
33906  40.328  -48.495  70.211 0.6999999881
34849  40.592  -48.422  69.639 0.6999999881
33925  32.420  -48.621  69.095 0.6999999881
33918  39.848  -48.512  69.738 0.6999999881
33935  34.159  -48.541  68.623 0.6999999881
33937  32.604  -48.572  68.543 0.6999999881
33938  31.960  -48.565  68.615 0.6999999881
122923  31.891  -48.581  69.102 0.6999999881
34851  31.572  -48.424  69.414 0.6999999881
33936  33.316  -48.562  68.546 0.6999999881
33947  32.095  -48.503  68.042 0.6999999881
33948  31.446  -48.440  68.153 0.6999999881
33931  38.317  -48.578  69.129 0.8000000119
119075  30.879  -48.313  67.624 0.6999999881
34865  30.412  -47.962  67.878 0.6999999881
34878  31.516  -48.477  67.454 0.6000000238
35796  30.019  -47.612  67.403 0.6999999881
36734  29.216  -46.753  66.572 0.6000000238
37638  28.608  -45.740  66.506 0.5000000000
125560  30.704  -48.111  66.228 0.6000000238
35817  29.829  -47.517  65.741 0.6000000238
36750  28.847  -46.656  65.831 0.6000000238
37639  28.053  -44.975  66.082 0.5000000000
35794  36.796  -47.981  67.639 0.8000000119
127513  28.530  -46.704  65.216 0.5000000000
37655  28.229  -46.045  65.616 0.5000000000
35803  35.353  -47.504  67.166 0.6999999881
36733  34.715  -47.065  66.617 0.6000000238
36732  35.753  -46.781  66.588 0.6999999881
37667  32.169  -46.139  64.856 0.5000000000
35813  33.738  -47.161  66.425 0.6000000238
36748  33.375  -46.675  65.872 0.6000000238
37666  33.143  -45.386  64.720 0.5000000000
36758  33.138  -46.043  65.346 0.5000000000
33876  40.217  -48.466  72.555 0.6999999881
33890  40.840  -48.376  70.949 0.6999999881
33875  40.793  -48.412  71.980 0.6999999881
34811  41.457  -48.160  72.541 0.6000000238
34837  41.034  -48.412  70.231 0.6999999881
116339  41.527  -48.111  71.588 0.6999999881
34848  41.507  -48.234  69.863 0.6999999881
34836  41.698  -48.116  70.645 0.6999999881
34857  41.183  -48.116  69.224 0.6999999881
34850  39.725  -48.516  69.284 0.6999999881
34858  40.343  -48.344  68.963 0.6999999881
35781  41.619  -47.521  68.731 0.6999999881
33930  39.035  -48.562  69.085 0.8000000119
34859  39.494  -48.369  68.778 0.8000000119
35782  40.768  -47.832  68.669 0.8000000119
34860  38.645  -48.420  68.696 0.8000000119
34870  39.151  -47.848  68.203 0.8000000119
35791  40.040  -47.304  68.002 0.8000000119
34879  30.333  -48.013  67.120 0.6000000238
34871  38.188  -48.244  68.114 0.8000000119
36720  39.258  -47.083  67.523 0.8000000119
34888  30.894  -48.290  66.773 0.6000000238
35807  29.782  -47.493  66.655 0.6000000238
35793  37.680  -47.782  67.598 0.8000000119
35792  38.496  -47.493  67.597 0.8000000119
35808  29.392  -47.126  65.993 0.6000000238
35800  37.989  -46.963  67.152 0.8000000119
109783  37.545  -46.412  66.569 0.8000000119
35801  37.188  -47.165  67.130 0.6999999881
36744  37.028  -45.900  65.978 0.8000000119
37650  37.219  -45.354  65.329 0.8000000119
35802  36.284  -47.331  67.165 0.6999999881
36731  36.680  -46.589  66.566 0.6999999881
38661  36.863  -44.638  64.183 0.6999999881
36745  36.165  -46.108  65.974 0.6999999881
37651  36.493  -45.555  65.414 0.6999999881
37652  35.656  -45.610  65.391 0.6999999881
37664  35.820  -45.135  64.743 0.6999999881
36746  35.229  -46.296  66.013 0.6000000238
37674  33.240  -44.878  64.086 0.4000000060
40530  30.014  -41.912  56.320 0.1000000015
40553  30.313  -42.404  55.692 0.1000000015
114804  30.860  -43.765  55.250 0.1000000015
38788  32.309  -44.679  55.244 0.1000000015
34846  42.918  -47.528  70.312 0.8000000119
35768  43.502  -47.302  69.965 0.6000000238
34826  42.107  -47.839  71.278 0.6999999881
34847  42.257  -47.917  70.103 0.6999999881
34835  42.442  -47.730  70.723 0.8000000119
34809  42.724  -47.580  71.383 0.6999999881
35770  41.999  -47.840  69.483 0.6999999881
35790  40.811  -47.260  68.300 0.6999999881
110583  40.572  -46.781  67.853 0.8000000119
36729  39.182  -46.276  66.981 0.8000000119
36728  39.889  -45.961  67.114 0.8000000119
122552  38.646  -46.789  67.202 0.8000000119
37637  38.714  -45.655  66.374 0.8000000119
36730  38.340  -46.298  66.676 0.8000000119
38649  37.888  -44.992  65.162 0.8000000119
38672  37.822  -44.026  63.996 0.6999999881
36743  37.877  -45.643  66.004 0.8000000119
38660  37.522  -44.521  64.406 0.6999999881
124182  37.231  -44.901  64.768 0.6999999881
39591  36.897  -43.914  62.869 0.6000000238
39595  36.356  -43.687  62.116 0.5000000000
38674  36.496  -44.405  63.433 0.5000000000
38675  35.732  -44.512  63.392 0.5000000000
39596  35.631  -43.868  62.063 0.5000000000
114124  35.174  -43.527  61.488 0.5000000000
38663  35.284  -44.786  64.199 0.6000000238
38688  35.266  -44.206  62.763 0.5000000000
114837  34.248  -43.474  61.641 0.5000000000
37665  34.932  -45.233  64.934 0.6000000238
38689  34.367  -44.147  62.896 0.5000000000
119611  33.139  -42.445  60.231 0.5000000000
36747  34.277  -46.471  66.041 0.6000000238
107287  33.970  -45.485  65.143 0.5000000000
38664  34.148  -44.911  64.334 0.5000000000
38690  33.455  -44.006  62.969 0.5000000000
39606  33.354  -43.167  61.464 0.5000000000
40481  32.429  -42.109  59.939 0.5000000000
41384  31.957  -41.579  59.270 0.4000000060
37654  33.892  -46.061  65.596 0.6000000238
38691  32.434  -43.879  62.906 0.5000000000
40460  31.956  -42.843  61.296 0.5000000000
41395  31.613  -41.238  58.570 0.3000000119
41407  31.316  -41.059  57.829 0.1000000015
108506  31.325  -41.260  56.128 0.1000000015
41397  29.815  -41.367  58.121 0.3000000119
107259  30.553  -41.375  56.636 0.1000000015
40552  31.058  -42.382  55.330 0.1000000015
39686  31.353  -43.109  54.871 0.1000000015
107343  30.695  -42.958  55.287 0.1000000015
35739  42.602  -47.607  72.639 0.5000000000
36700  44.129  -46.817  69.632 0.6999999881
34834  43.032  -47.439  70.848 0.6999999881
35779  43.311  -47.212  69.350 0.6000000238
35780  42.560  -47.451  69.082 0.6999999881
36710  42.318  -46.935  68.497 0.6999999881
36718  41.390  -46.663  68.061 0.8000000119
37624  40.648  -46.091  67.449 0.8000000119
37635  40.295  -45.469  66.861 0.8000000119
37636  39.499  -45.560  66.606 0.8000000119
37648  39.060  -45.058  66.067 0.8000000119
38658  38.999  -44.101  64.939 0.8000000119
38648  38.650  -44.706  65.387 0.8000000119
38659  38.229  -44.369  64.679 0.8000000119
39590  37.508  -43.796  63.387 0.6999999881
39594  37.022  -43.272  62.228 0.6999999881
39605  35.908  -43.433  61.437 0.5000000000
40457  35.409  -43.054  60.926 0.5000000000
40468  34.731  -42.671  60.458 0.5000000000
40479  34.335  -42.192  59.801 0.5000000000
40480  33.457  -42.050  59.644 0.5000000000
41383  33.371  -41.473  58.950 0.5000000000
41394  32.575  -41.275  58.597 0.2000000030
124917  31.705  -40.885  57.480 0.1000000015
41422  31.883  -40.852  56.406 0.1000000015
37810  32.829  -45.376  55.744 0.1000000015
36691  44.620  -46.656  70.305 0.5000000000
36699  44.949  -46.264  69.705 0.6000000238
36709  43.678  -46.652  68.859 0.6999999881
110290  43.026  -47.043  68.798 0.6000000238
37621  43.671  -45.722  68.295 0.6999999881
36716  42.975  -46.435  68.381 0.6000000238
123156  42.840  -45.807  67.915 0.8000000119
37622  42.245  -45.456  67.542 0.8000000119
37623  41.509  -45.820  67.545 0.8000000119
37634  41.604  -45.081  67.123 0.8000000119
116088  40.971  -45.431  67.133 0.8000000119
38635  40.853  -44.762  66.590 0.8000000119
38647  39.442  -44.482  65.646 0.8000000119
39577  39.780  -43.749  65.252 0.8000000119
39583  39.364  -43.433  64.496 0.8000000119
39588  38.920  -43.114  63.826 0.8000000119
39584  38.550  -43.722  64.278 0.8000000119
40445  38.437  -42.815  63.184 0.8000000119
39593  37.658  -43.271  62.866 0.8000000119
40449  38.052  -42.641  62.626 0.8000000119
40455  37.131  -42.591  61.743 0.6999999881
126713  36.607  -42.687  61.399 0.5000000000
40466  36.137  -41.968  60.571 0.5000000000
41373  34.971  -42.154  60.017 0.5000000000
41382  34.057  -41.618  59.266 0.5000000000
114888  34.424  -41.000  59.121 0.3000000119
41392  33.813  -41.062  58.665 0.3000000119
41393  33.229  -41.031  58.408 0.2000000030
42294  32.762  -40.762  57.884 0.1000000015
42303  32.170  -40.673  57.167 0.1000000015
42319  32.508  -40.536  56.270 0.1000000015
37605  45.588  -45.686  69.767 0.5000000000
37595  45.347  -46.134  70.355 0.5000000000
36707  45.210  -45.710  69.292 0.8000000119
38615  45.251  -45.173  68.753 0.8000000119
36708  44.548  -46.037  68.959 0.6999999881
38623  43.045  -45.003  67.559 0.8000000119
37633  42.265  -44.789  67.205 0.8000000119
38634  41.832  -44.292  66.655 0.8000000119
39576  40.616  -43.490  65.424 0.8000000119
39582  40.169  -43.139  64.723 0.8000000119
111324  40.474  -42.523  64.320 0.8000000119
40444  39.254  -42.451  63.419 0.8000000119
40448  38.717  -42.123  62.650 0.8000000119
41361  38.415  -41.560  61.962 0.6999999881
41362  37.526  -41.671  61.458 0.5000000000
41371  36.789  -41.375  60.817 0.4000000060
42277  36.107  -41.089  60.321 0.4000000060
120435  35.640  -40.877  59.861 0.4000000060
42285  35.459  -40.345  59.559 0.3000000119
42286  34.755  -40.058  59.112 0.3000000119
42293  33.400  -40.450  58.063 0.2000000030
42302  32.982  -40.188  57.121 0.2000000030
42318  33.117  -40.000  56.005 0.1000000015
37594  46.056  -45.480  70.342 0.5000000000
37604  46.175  -45.090  69.630 0.6000000238
37614  46.053  -44.652  68.929 0.6000000238
123277  45.661  -45.264  69.272 0.6999999881
38621  44.912  -44.553  68.148 0.8000000119
38622  44.045  -44.774  67.826 0.8000000119
38632  43.508  -44.144  67.267 0.8000000119
38633  42.697  -44.250  67.006 0.8000000119
39569  42.445  -43.625  66.502 0.8000000119
39570  41.788  -43.548  66.209 0.8000000119
40434  41.668  -42.544  65.176 0.6999999881
39581  40.910  -42.810  64.982 0.6999999881
40438  41.191  -42.229  64.532 0.6999999881
40442  40.727  -41.992  64.004 0.8000000119
40443  40.080  -42.179  63.696 0.8000000119
41352  39.616  -41.738  63.068 0.8000000119
110141  39.182  -41.338  62.369 0.6999999881
41360  38.833  -40.977  61.844 0.6999999881
43200  38.822  -40.418  61.430 0.6000000238
42268  37.468  -40.788  60.932 0.4000000060
42276  38.133  -40.252  60.921 0.6000000238
43214  36.731  -40.526  60.423 0.4000000060
43213  37.386  -39.991  60.450 0.4000000060
43225  36.612  -39.721  59.945 0.4000000060
43226  35.702  -39.529  59.380 0.3000000119
44202  34.956  -38.128  58.282 0.3000000119
44203  34.421  -38.570  58.123 0.3000000119
113280  47.567  -43.942  70.236 0.5000000000
38602  47.250  -44.269  69.891 0.6000000238
38614  46.726  -44.484  69.427 0.6000000238
39550  46.729  -43.941  68.746 0.8000000119
38620  45.572  -44.455  68.426 0.8999999762
39561  44.472  -43.843  67.474 0.8000000119
39573  43.044  -43.100  66.392 0.8000000119
39574  42.232  -42.933  65.865 0.8000000119
40433  42.298  -42.312  65.348 0.8000000119
40437  41.981  -41.879  64.739 0.6999999881
41350  41.339  -41.627  64.034 0.8000000119
41351  40.573  -41.473  63.404 0.6999999881
42259  40.777  -40.741  62.855 0.6999999881
41355  40.000  -41.082  62.653 0.6999999881
123836  40.255  -40.511  62.327 0.6999999881
42266  39.529  -40.621  61.976 0.6999999881
42265  40.143  -40.045  61.804 0.6999999881
43199  39.450  -39.968  61.406 0.6999999881
43212  38.779  -39.771  60.945 0.6000000238
108313  38.082  -39.538  60.434 0.5000000000
43224  37.342  -39.226  59.936 0.5000000000
44187  37.401  -38.462  59.333 0.3000000119
44188  36.532  -38.908  59.385 0.3000000119
45167  35.674  -37.634  58.258 0.3000000119
45180  35.021  -37.553  57.646 0.3000000119
38613  47.215  -44.001  69.325 0.6000000238
39534  47.713  -43.651  69.675 0.6000000238
39566  45.097  -43.250  67.374 0.6999999881
40411  45.784  -42.982  67.588 0.8000000119
39567  44.474  -43.007  66.926 0.8000000119
40428  43.760  -42.663  66.416 0.8000000119
123967  43.007  -42.357  65.770 0.8000000119
41323  44.527  -42.266  66.480 0.8000000119
41337  43.239  -41.638  65.331 0.6999999881
41338  42.618  -41.888  65.214 0.8000000119
41349  42.095  -41.209  64.117 0.6999999881
42254  41.442  -40.983  63.475 0.6999999881
42258  41.530  -40.289  62.920 0.6999999881
43188  40.827  -40.043  62.348 0.6999999881
108767  39.982  -39.584  61.326 0.6999999881
43210  40.119  -39.055  60.930 0.6999999881
44171  39.477  -38.800  60.388 0.6999999881
44170  40.179  -38.379  60.409 0.6000000238
121145  38.191  -38.340  59.402 0.3000000119
45165  38.135  -37.817  58.946 0.3000000119
126881  37.782  -38.100  59.114 0.3000000119
44200  37.339  -37.676  58.739 0.3000000119
42394  42.691  -40.917  51.545 0.3000000119
46132  37.992  -36.632  58.105 0.3000000119
45266  40.949  -37.808  51.655 0.2000000030
45166  36.487  -37.213  58.219 0.2000000030
45179  35.847  -36.945  57.447 0.2000000030
39548  48.075  -43.082  69.236 0.6999999881
40392  47.044  -43.174  68.342 0.8000000119
40410  46.595  -42.711  67.788 0.8000000119
41322  45.292  -41.825  66.589 0.8000000119
42227  44.744  -40.797  65.558 0.6999999881
41344  44.110  -40.565  64.972 0.6999999881
107517  44.595  -41.522  66.045 0.8000000119
41336  43.975  -41.264  65.436 0.8000000119
41345  43.382  -41.026  64.857 0.6999999881
42243  42.799  -40.774  64.298 0.6999999881
42257  42.152  -39.811  63.017 0.6999999881
44154  41.560  -38.761  61.599 0.6999999881
43187  41.660  -39.473  62.320 0.6999999881
43198  40.737  -39.391  61.608 0.6999999881
108213  40.858  -38.599  61.013 0.6999999881
45137  40.943  -37.838  60.455 0.6999999881
44184  40.230  -37.683  59.853 0.5000000000
45147  39.523  -37.518  59.246 0.5000000000
45163  39.545  -36.823  58.660 0.5000000000
45148  38.844  -38.038  59.243 0.4000000060
45164  38.695  -37.266  58.667 0.3000000119
38781  49.201  -43.900  55.206 0.1000000015
42393  43.611  -40.842  51.871 0.2000000030
43308  42.617  -39.305  51.316 0.3000000119
39714  46.815  -43.133  53.565 0.1000000015
41484  45.936  -41.832  53.123 0.1000000015
113775  45.373  -41.230  52.591 0.1000000015
42392  44.153  -40.080  51.858 0.2000000030
107844  43.091  -38.545  51.183 0.3000000119
44288  41.483  -38.347  51.332 0.3000000119
105931  40.907  -36.872  52.618 0.4000000060
46214  40.538  -36.146  54.177 0.3000000119
46215  39.046  -36.122  53.861 0.2000000030
107812  38.003  -35.671  56.996 0.2000000030
120461  39.831  -37.600  52.293 0.2000000030
45241  39.161  -36.751  53.204 0.2000000030
46170  37.952  -35.727  56.155 0.2000000030
40358  49.141  -42.078  69.847 0.6999999881
40391  48.453  -42.447  68.862 0.6999999881
40409  47.392  -42.434  67.998 0.8000000119
41321  46.697  -41.446  67.000 0.8000000119
110289  46.070  -41.322  66.606 0.8000000119
42226  45.625  -40.396  65.610 0.6000000238
42241  44.253  -39.901  64.431 0.6999999881
42252  43.633  -39.790  63.902 0.6999999881
43169  42.920  -39.661  63.386 0.6999999881
43186  42.588  -39.238  62.656 0.6999999881
37741  52.952  -45.108  57.899 0.1000000015
44143  43.304  -38.589  62.276 0.6999999881
43197  42.361  -38.734  62.016 0.6999999881
37776  52.328  -45.331  57.281 0.1000000015
44153  42.938  -38.135  61.599 0.6999999881
107148  42.189  -38.271  61.486 0.6999999881
37777  51.657  -44.820  56.812 0.1000000015
44167  43.536  -37.693  60.850 0.6999999881
45136  41.942  -37.402  60.261 0.6000000238
37778  51.025  -44.799  56.351 0.1000000015
38780  50.511  -44.478  56.049 0.1000000015
45143  43.325  -37.219  59.203 0.6999999881
45144  42.404  -37.043  59.446 0.6000000238
45145  41.619  -37.024  59.533 0.6000000238
46118  41.016  -36.752  59.126 0.5000000000
37804  50.045  -44.971  55.451 0.1000000015
108920  49.888  -44.166  55.661 0.1000000015
45160  43.696  -37.350  58.240 0.6000000238
45161  42.793  -36.898  58.618 0.5000000000
46129  41.117  -36.452  58.257 0.4000000060
45162  40.311  -36.569  58.590 0.4000000060
39698  49.239  -43.247  55.056 0.1000000015
45197  43.203  -37.272  56.769 0.5000000000
46168  41.994  -36.768  56.454 0.4000000060
46146  41.578  -36.459  57.332 0.4000000060
106314  40.312  -36.284  57.964 0.4000000060
46131  38.815  -36.460  58.072 0.2000000030
39699  48.597  -43.538  54.701 0.1000000015
46190  43.114  -37.092  55.208 0.5000000000
46191  42.141  -36.805  55.030 0.5000000000
46192  40.858  -36.037  55.682 0.4000000060
47180  39.599  -35.579  56.426 0.2000000030
106719  38.926  -35.855  57.383 0.2000000030
40567  47.827  -42.774  54.283 0.1000000015
41483  46.754  -41.784  53.395 0.1000000015
43299  44.977  -39.602  51.756 0.2000000030
107418  43.862  -38.636  51.293 0.2000000030
44287  42.650  -37.719  51.031 0.3000000119
46241  41.644  -36.575  52.350 0.4000000060
46232  40.748  -36.457  53.336 0.4000000060
46193  40.097  -35.777  55.054 0.2000000030
47165  39.473  -35.629  56.947 0.2000000030
47181  38.798  -35.542  56.482 0.2000000030
40580  47.281  -42.474  53.781 0.1000000015
42372  47.162  -41.059  53.079 0.1000000015
41497  46.300  -41.158  52.896 0.1000000015
43298  45.724  -39.804  52.042 0.1000000015
44285  44.670  -38.285  51.239 0.2000000030
45264  43.367  -37.005  50.855 0.3000000119
46255  42.672  -36.087  51.564 0.5000000000
46194  38.958  -35.670  54.773 0.2000000030
47192  39.358  -35.535  55.729 0.2000000030
110298  46.344  -39.943  52.326 0.1000000015
45262  45.038  -37.416  51.078 0.2000000030
45263  44.256  -37.258  50.941 0.2000000030
43304  46.364  -39.286  52.007 0.1000000015
113617  45.666  -37.934  51.354 0.1000000015
51638  48.462  -28.975  53.616 0.4000000060
41282  48.825  -41.709  68.535 0.6999999881
41299  47.821  -41.673  67.641 0.8000000119
41281  49.452  -41.324  68.874 0.6999999881
41298  48.568  -41.351  67.843 0.8000000119
41320  47.460  -41.165  67.111 0.8000000119
41334  46.126  -40.685  66.131 0.6999999881
42225  46.682  -39.979  65.657 0.6999999881
42239  45.930  -39.776  65.146 0.6999999881
43150  44.981  -39.472  64.322 0.6999999881
119391  45.492  -38.973  63.738 0.6000000238
43168  43.793  -39.203  63.332 0.6999999881
44141  45.536  -38.416  62.072 0.6999999881
43167  45.756  -38.631  62.948 0.6999999881
44126  44.735  -38.637  63.071 0.6999999881
43184  43.878  -38.737  62.773 0.6999999881
122158  52.944  -44.381  57.810 0.1000000015
44150  45.797  -38.439  60.949 0.8000000119
44151  44.878  -38.131  61.380 0.6999999881
37758  52.281  -44.562  57.399 0.1000000015
44165  45.928  -38.564  60.076 0.8000000119
125278  45.418  -38.264  59.784 0.8000000119
122183  44.440  -37.877  60.881 0.6999999881
44168  42.493  -37.760  61.016 0.6999999881
40504  53.253  -43.353  57.459 0.1000000015
44164  46.530  -38.823  59.680 0.8000000119
44182  45.872  -38.614  59.365 0.8000000119
44166  44.624  -37.789  59.993 0.6999999881
105524  46.430  -38.708  58.900 0.8000000119
44199  45.168  -38.273  58.352 0.6999999881
45133  44.366  -37.658  58.961 0.6999999881
39681  50.493  -43.792  56.171 0.1000000015
107249  49.848  -43.560  55.588 0.1000000015
45195  44.629  -37.552  56.284 0.6000000238
45176  44.546  -37.914  57.007 0.6000000238
119937  44.423  -37.161  55.648 0.5000000000
45212  43.871  -37.330  55.764 0.5000000000
40566  48.524  -42.814  54.548 0.1000000015
41481  48.361  -41.584  53.711 0.1000000015
42370  48.677  -40.959  53.441 0.1000000015
46210  44.057  -36.246  54.750 0.5000000000
46189  43.976  -36.988  55.119 0.5000000000
41482  47.585  -41.699  53.598 0.1000000015
42371  47.971  -40.934  53.376 0.1000000015
42379  47.650  -40.169  52.755 0.1000000015
43296  47.670  -39.180  52.419 0.1000000015
48103  43.459  -34.682  53.752 0.5000000000
46229  42.794  -36.151  53.654 0.5000000000
107247  46.729  -40.435  52.638 0.1000000015
44274  47.048  -38.840  52.114 0.1000000015
45261  45.725  -36.958  51.209 0.1000000015
115397  43.827  -35.012  51.156 0.4000000060
47218  42.881  -35.558  52.252 0.5000000000
44284  46.420  -38.448  51.710 0.1000000015
113101  44.830  -36.668  50.925 0.3000000119
47235  43.347  -35.501  51.393 0.4000000060
51626  47.758  -30.160  53.840 0.3000000119
51637  48.464  -29.746  53.664 0.2000000030
42181  49.021  -40.649  67.340 0.8000000119
42203  48.823  -40.306  66.653 0.8000000119
42223  48.589  -39.967  66.154 0.8000000119
42179  50.272  -39.996  67.760 0.6999999881
42202  49.485  -40.072  66.682 0.8000000119
42222  49.265  -39.753  65.941 0.8000000119
43130  47.652  -39.460  65.122 0.8000000119
118581  46.478  -39.022  63.951 0.6999999881
42201  50.103  -39.817  66.863 0.8000000119
43110  49.957  -39.643  65.950 0.8000000119
43129  48.700  -39.661  65.343 0.8000000119
43148  48.379  -39.404  64.513 0.8000000119
109972  47.560  -39.180  64.032 0.6999999881
120701  47.893  -39.186  63.056 0.8000000119
115217  47.100  -39.031  63.112 0.6999999881
124213  46.320  -38.808  63.254 0.6000000238
44142  44.342  -38.376  62.232 0.6999999881
117227  46.537  -38.776  61.282 0.6999999881
115672  52.995  -43.822  57.691 0.1000000015
44181  47.001  -38.900  59.396 0.8000000119
44198  45.906  -38.485  58.065 0.6999999881
38762  51.084  -44.239  56.543 0.1000000015
44214  45.193  -38.233  57.545 0.6000000238
40565  49.372  -42.612  54.715 0.1000000015
41480  49.106  -41.377  53.711 0.1000000015
44273  47.625  -38.475  52.204 0.1000000015
44283  47.190  -38.061  51.832 0.1000000015
47232  46.358  -35.524  51.374 0.1000000015
120920  47.913  -29.393  53.766 0.4000000060
52497  49.157  -29.379  53.542 0.3000000119
43067  50.727  -39.689  67.885 0.6999999881
43109  50.615  -39.435  66.277 0.8000000119
127231  49.694  -39.659  65.525 0.8000000119
43147  49.108  -39.495  64.431 0.8000000119
43166  48.605  -39.344  63.585 0.8000000119
48868  43.880  -33.451  57.602 0.6000000238
48065  44.242  -34.300  57.609 0.6000000238
43127  50.598  -39.363  65.449 0.8000000119
43146  49.827  -39.449  64.283 0.8000000119
124130  49.176  -39.438  63.045 0.8000000119
43181  48.567  -39.321  62.448 0.8000000119
43182  47.600  -39.117  62.277 0.8000000119
48053  44.641  -34.202  58.299 0.6999999881
43180  49.446  -39.286  62.444 0.8000000119
43193  49.001  -39.240  61.521 0.8999999762
114207  48.097  -39.261  61.513 0.8000000119
117062  47.274  -39.093  61.448 0.8000000119
44140  49.724  -38.925  61.980 0.8999999762
44147  49.345  -38.670  61.285 0.8999999762
44148  48.772  -38.996  60.725 0.8999999762
43195  47.681  -39.203  60.766 0.8999999762
48869  43.588  -32.916  57.041 0.6000000238
45131  48.117  -38.097  59.630 0.8999999762
109377  47.965  -38.712  59.724 0.8000000119
43208  47.511  -38.888  59.565 0.8000000119
48052  45.125  -34.381  58.768 0.6999999881
48066  43.610  -33.811  56.976 0.6000000238
38748  52.289  -43.994  57.436 0.1000000015
38761  51.713  -44.135  57.007 0.1000000015
46115  47.471  -37.190  58.957 0.8000000119
45157  47.265  -38.143  58.561 0.8000000119
44197  46.713  -38.448  58.244 0.6999999881
48878  43.193  -33.314  56.179 0.5000000000
39663  51.287  -43.734  56.618 0.1000000015
114506  43.423  -33.911  55.563 0.5000000000
48914  43.610  -33.846  53.392 0.5000000000
49766  43.497  -32.354  56.312 0.6000000238
118533  50.335  -43.333  55.828 0.1000000015
49787  43.640  -32.452  54.731 0.6000000238
40521  53.705  -42.812  57.151 0.1000000015
40542  53.250  -42.467  56.337 0.1000000015
41434  52.802  -42.004  55.448 0.1000000015
49786  44.675  -32.086  54.011 0.6000000238
41433  53.774  -41.753  55.728 0.1000000015
41457  53.319  -41.220  54.799 0.1000000015
41458  52.360  -41.413  54.552 0.1000000015
48125  46.207  -34.709  51.488 0.2000000030
49798  45.231  -32.377  53.278 0.5000000000
42349  53.635  -40.274  54.616 0.1000000015
42366  52.207  -39.765  53.645 0.1000000015
44260  51.490  -38.120  53.775 0.1000000015
45239  50.633  -37.679  53.435 0.1000000015
45240  50.040  -37.184  52.996 0.1000000015
121570  47.991  -36.375  51.845 0.1000000015
48920  46.121  -33.275  52.317 0.2000000030
45229  51.174  -37.219  54.017 0.1000000015
46228  49.890  -36.410  53.171 0.1000000015
46237  49.497  -36.739  52.701 0.1000000015
47224  48.536  -35.765  52.251 0.2000000030
48117  48.234  -34.865  52.315 0.2000000030
49797  46.312  -32.237  53.637 0.3000000119
49796  47.286  -32.591  53.799 0.2000000030
119483  46.242  -31.743  54.117 0.3000000119
52489  47.230  -29.486  54.077 0.4000000060
53492  49.209  -28.430  53.541 0.3000000119
54424  49.581  -27.701  53.697 0.3000000119
53491  50.134  -28.131  53.400 0.4000000060
54423  50.312  -27.424  53.718 0.4000000060
43108  51.202  -39.098  66.632 0.8000000119
44065  51.745  -38.539  66.195 0.6999999881
44091  51.702  -38.452  65.455 0.6999999881
43144  51.161  -38.934  65.066 0.8000000119
44112  50.972  -38.763  64.085 0.8000000119
44125  50.610  -38.595  63.313 0.8999999762
45101  50.682  -37.812  63.097 0.8999999762
47125  47.513  -35.661  61.578 0.8000000119
48039  46.459  -34.689  60.679 0.8000000119
48851  45.741  -33.664  59.827 0.8000000119
48857  44.810  -33.572  58.705 0.6999999881
44139  50.229  -38.478  62.475 0.8999999762
44146  49.797  -38.287  61.844 0.8999999762
48045  45.575  -34.487  59.377 0.8000000119
49756  44.947  -32.414  58.236 0.6999999881
49747  44.677  -32.952  58.406 0.6999999881
44162  48.988  -38.329  60.684 0.8999999762
47131  46.950  -35.709  60.761 0.8000000119
47132  46.485  -35.515  59.945 0.8000000119
120350  47.766  -37.402  59.454 0.8999999762
46143  46.414  -37.189  57.205 0.6999999881
47142  45.723  -35.238  58.696 0.6999999881
48077  43.690  -34.206  56.169 0.5000000000
40545  50.560  -42.887  55.611 0.1000000015
47163  44.889  -35.228  56.887 0.5000000000
49765  44.091  -32.023  56.986 0.6999999881
39649  52.438  -43.541  57.223 0.1000000015
39680  50.921  -43.284  56.191 0.1000000015
50671  43.961  -31.541  56.217 0.6999999881
40522  52.731  -43.040  56.875 0.1000000015
50684  44.138  -31.358  55.438 0.6000000238
126499  50.276  -39.209  53.123 0.1000000015
51629  44.592  -31.070  54.889 0.6000000238
40543  52.245  -42.620  56.122 0.1000000015
112328  50.655  -39.532  53.312 0.1000000015
44270  49.992  -38.018  52.889 0.1000000015
49785  45.495  -31.848  53.971 0.4000000060
42351  51.871  -40.733  53.879 0.1000000015
50699  45.739  -31.212  54.342 0.4000000060
52490  46.428  -29.677  54.658 0.3000000119
52474  47.085  -29.027  54.654 0.5000000000
53485  47.842  -28.775  54.035 0.5000000000
53484  48.444  -28.213  54.272 0.5000000000
54418  48.964  -27.802  53.856 0.4000000060
54422  51.214  -27.201  53.740 0.5000000000
44090  52.257  -37.909  65.877 0.6999999881
44111  51.583  -38.317  64.666 0.8000000119
47116  49.181  -35.760  63.035 0.8999999762
48022  48.671  -34.774  62.969 0.8999999762
44124  51.287  -38.100  63.842 0.8000000119
47124  48.091  -35.557  62.241 0.8000000119
48030  47.558  -34.699  62.046 0.8000000119
48847  46.238  -33.684  60.413 0.8000000119
49739  45.645  -32.995  59.449 0.8000000119
45124  48.822  -37.616  60.789 0.8999999762
49746  45.235  -32.802  58.851 0.6999999881
50657  45.556  -31.998  58.430 0.6999999881
50649  46.649  -31.906  59.471 0.6999999881
50663  44.956  -31.730  57.626 0.6999999881
50655  47.003  -31.141  59.061 0.6999999881
50662  45.860  -31.219  57.949 0.6999999881
40523  51.795  -43.251  56.607 0.1000000015
40563  50.967  -42.312  55.026 0.1000000015
51563  46.636  -30.814  58.286 0.6999999881
51580  45.449  -30.834  57.073 0.6999999881
40544  51.337  -42.756  55.870 0.1000000015
41460  50.562  -41.749  54.352 0.1000000015
51579  46.244  -30.454  57.460 0.6999999881
51593  45.109  -30.432  56.136 0.6000000238
41435  51.834  -42.166  55.200 0.1000000015
41459  51.416  -41.592  54.419 0.1000000015
44262  49.806  -38.937  52.842 0.1000000015
52456  45.706  -29.899  55.881 0.6999999881
51611  45.421  -30.193  55.387 0.6000000238
120440  49.944  -39.723  53.172 0.1000000015
108851  46.363  -29.460  56.001 0.6999999881
116372  47.076  -29.256  56.488 0.6999999881
122600  46.571  -29.316  55.226 0.6000000238
53474  47.800  -28.557  54.833 0.5000000000
54406  48.956  -27.746  54.363 0.6000000238
53488  53.136  -27.534  53.589 0.5000000000
54421  52.224  -27.123  53.708 0.4000000060
111852  51.700  -27.595  53.489 0.4000000060
53482  53.920  -28.159  53.870 0.3000000119
109398  52.220  -36.860  68.142 0.5000000000
113479  52.368  -37.340  67.629 0.6999999881
45040  52.641  -37.290  66.276 0.6000000238
46051  52.553  -36.592  65.659 0.6000000238
47096  52.313  -36.248  65.365 0.8000000119
47097  51.781  -36.203  64.822 0.8999999762
48005  50.899  -34.909  64.948 0.8999999762
45081  52.245  -37.271  65.151 0.8000000119
46079  51.201  -36.528  64.192 0.8999999762
47107  50.561  -36.102  63.870 0.8999999762
48012  50.433  -34.791  64.459 0.8999999762
48821  49.328  -33.880  63.819 0.8999999762
46080  50.651  -36.906  63.498 0.8999999762
46092  50.150  -37.257  62.715 0.8999999762
47115  49.956  -36.415  63.239 0.8999999762
49723  48.074  -32.923  62.160 0.8000000119
46099  48.977  -37.088  61.654 0.8999999762
121023  48.739  -36.205  62.337 0.8999999762
46100  48.221  -36.382  61.649 0.8000000119
49722  48.679  -32.092  62.052 0.8999999762
49733  47.241  -32.735  61.043 0.8000000119
49738  46.243  -32.778  59.902 0.8000000119
46107  48.147  -37.315  60.191 0.8000000119
46101  47.710  -36.496  60.842 0.8000000119
123934  48.982  -32.270  62.750 0.8999999762
49732  48.018  -32.176  61.380 0.8000000119
49737  46.960  -32.246  60.226 0.8000000119
108849  47.293  -36.578  59.652 0.8000000119
50639  48.352  -31.401  60.762 0.8000000119
50640  47.656  -31.827  60.541 0.6999999881
47151  46.263  -36.027  58.131 0.6000000238
50638  49.073  -30.973  60.940 0.8999999762
50647  48.035  -31.083  60.091 0.6999999881
51544  47.757  -30.784  59.343 0.6999999881
51578  47.039  -30.140  57.796 0.6999999881
51561  48.165  -30.158  58.844 0.6999999881
52434  47.826  -29.833  58.081 0.6999999881
41478  50.955  -41.008  53.809 0.1000000015
52446  46.666  -29.775  56.947 0.6999999881
115725  47.468  -29.514  57.264 0.6999999881
52454  47.924  -28.958  56.553 0.6999999881
53452  47.993  -28.560  55.661 0.6000000238
54405  49.345  -27.633  55.011 0.6000000238
54404  50.194  -27.284  54.953 0.6000000238
54417  49.641  -27.402  54.103 0.6000000238
54416  50.640  -27.044  54.095 0.6000000238
55285  53.075  -26.921  53.773 0.5000000000
52484  54.495  -28.926  54.530 0.4000000060
46003  52.360  -36.071  68.444 0.4000000060
46014  52.731  -36.453  67.739 0.5000000000
45039  52.912  -36.720  66.658 0.6000000238
46036  52.796  -36.660  66.161 0.6000000238
47083  52.667  -35.992  65.834 0.8000000119
48004  51.593  -34.962  65.414 0.8999999762
48809  51.001  -34.028  65.455 0.8999999762
48810  50.426  -33.966  64.882 0.8999999762
49691  50.182  -33.063  64.609 0.8999999762
49690  50.791  -32.824  65.166 0.8999999762
49701  50.577  -32.142  64.309 0.8999999762
50617  50.083  -31.346  62.697 0.8999999762
50616  50.928  -31.075  62.935 0.8999999762
50627  49.225  -31.366  61.662 0.8999999762
51511  49.638  -30.887  61.366 0.8999999762
51526  49.775  -30.474  60.859 0.8000000119
51543  48.580  -30.401  59.643 0.6999999881
52432  49.293  -29.341  58.643 0.6999999881
52445  49.061  -29.047  57.863 0.6999999881
52433  48.565  -29.553  58.351 0.6999999881
53436  48.798  -28.747  57.049 0.6999999881
115006  48.286  -29.271  57.546 0.6999999881
53450  49.325  -28.279  56.588 0.6999999881
54390  49.860  -27.724  56.018 0.6999999881
53472  49.137  -28.025  55.816 0.6999999881
117365  50.719  -27.253  55.845 0.8000000119
55262  51.935  -26.644  54.815 0.6000000238
55275  51.590  -26.824  54.085 0.6000000238
55273  53.486  -26.594  54.341 0.5000000000
54415  53.976  -27.134  53.858 0.5000000000
54402  56.367  -28.615  55.181 0.4000000060
53480  55.568  -28.297  54.778 0.5000000000
53481  54.708  -28.034  54.316 0.5000000000
49681  51.436  -33.158  65.642 0.8000000119
49689  51.746  -32.251  65.400 0.8999999762
50596  52.370  -31.542  64.964 1.0000000000
50597  51.427  -31.795  64.671 0.8999999762
50606  52.135  -31.340  64.272 1.0000000000
50607  51.320  -31.356  63.781 1.0000000000
51498  51.578  -30.494  62.399 1.0000000000
51510  50.236  -30.575  61.458 0.8999999762
52405  50.008  -29.957  60.258 0.8999999762
55205  53.907  -26.957  58.903 1.0000000000
52417  49.468  -29.772  59.503 0.6999999881
55220  55.149  -26.046  58.903 0.8999999762
55204  54.663  -26.684  59.385 0.8999999762
54362  53.108  -27.309  58.467 0.8999999762
54363  52.277  -27.812  58.598 0.8999999762
52431  50.065  -29.133  58.926 0.6999999881
55222  53.697  -26.655  58.000 0.8999999762
53420  49.821  -28.813  58.149 0.6999999881
56067  54.905  -25.721  57.921 0.8000000119
55232  54.220  -26.066  57.473 0.8999999762
111931  52.392  -27.363  57.811 0.8999999762
53449  49.948  -28.157  56.881 0.8000000119
55244  54.155  -25.899  56.376 0.8000000119
54374  53.041  -26.863  57.546 0.8000000119
112236  51.820  -27.385  57.211 0.8999999762
111711  51.271  -27.323  56.591 0.8000000119
56094  54.845  -25.588  55.747 0.6999999881
55245  53.477  -26.232  56.115 0.6999999881
54375  52.494  -26.944  56.992 0.8000000119
54389  51.529  -26.909  55.708 0.6999999881
54377  50.540  -27.755  56.750 0.8000000119
56105  54.983  -25.832  55.020 0.6000000238
55246  52.726  -26.542  56.035 0.6000000238
55247  52.183  -26.664  55.603 0.6000000238
55260  53.326  -26.297  55.227 0.6000000238
55261  52.719  -26.485  54.931 0.6000000238
55272  54.834  -26.261  54.599 0.6000000238
114080  54.325  -26.547  54.353 0.5000000000
50583  52.687  -31.883  65.693 0.6999999881
50595  53.261  -31.316  65.276 0.6999999881
51466  53.337  -31.041  64.378 0.8000000119
51481  52.379  -31.019  63.619 1.0000000000
110402  52.477  -30.616  62.918 1.0000000000
51508  51.902  -30.029  61.795 1.0000000000
51509  51.071  -30.191  61.543 1.0000000000
52393  51.739  -29.711  61.184 1.0000000000
124365  51.081  -29.790  60.904 1.0000000000
52415  51.123  -29.131  59.890 1.0000000000
56054  56.797  -25.457  59.907 0.8000000119
55203  55.460  -26.383  59.898 0.8999999762
54344  53.494  -27.543  59.345 1.0000000000
54345  52.876  -27.834  59.120 1.0000000000
53418  51.435  -28.296  58.744 1.0000000000
53407  50.826  -28.841  59.198 1.0000000000
53419  50.581  -28.569  58.449 0.8999999762
56055  55.939  -25.723  59.395 0.6999999881
56065  56.526  -25.089  58.857 0.6999999881
56066  55.671  -25.403  58.379 0.6999999881
53433  51.048  -28.191  58.014 0.8999999762
53434  50.376  -28.275  57.584 0.8000000119
56967  57.346  -24.454  58.210 0.6999999881
56079  55.536  -25.195  57.308 0.8000000119
56093  55.509  -25.180  56.201 0.6999999881
54376  51.118  -27.805  57.370 0.8999999762
56980  56.932  -24.399  57.255 0.6999999881
56092  56.344  -24.729  56.611 0.8000000119
108885  56.273  -25.149  55.580 0.6999999881
56104  55.571  -25.547  55.291 0.6999999881
55258  56.379  -25.888  54.922 0.6000000238
55271  55.623  -26.328  54.693 0.6000000238
54413  55.991  -27.441  54.771 0.5000000000
54414  55.036  -27.040  54.294 0.5000000000
56011  56.785  -25.122  62.548 0.6000000238
56915  57.065  -24.409  62.455 0.6000000238
125852  53.865  -30.586  63.936 0.8999999762
51496  53.339  -30.224  62.868 0.8999999762
51480  54.055  -30.171  63.577 0.8000000119
56024  57.002  -25.413  61.958 0.8000000119
55167  56.419  -25.828  62.454 0.8999999762
54310  55.362  -27.079  61.512 0.8000000119
54311  55.018  -27.598  61.958 0.8000000119
53390  54.463  -27.992  61.397 0.8999999762
53377  54.079  -28.615  61.675 0.8999999762
52392  52.692  -29.644  61.598 1.0000000000
51497  52.554  -30.166  62.278 0.8999999762
56010  57.349  -24.766  62.125 0.6999999881
55178  56.475  -26.065  61.506 0.8999999762
55191  55.783  -26.580  60.950 0.8999999762
113762  54.818  -27.486  61.179 0.8999999762
54327  54.301  -27.638  60.589 1.0000000000
52401  53.234  -28.982  61.143 1.0000000000
52402  52.295  -29.215  60.794 1.0000000000
56914  57.514  -24.274  62.072 0.6999999881
56037  57.495  -24.942  61.425 0.6999999881
56038  56.973  -25.556  60.972 0.8999999762
56039  56.270  -26.036  60.416 0.8999999762
54343  54.167  -27.270  59.777 1.0000000000
54328  53.747  -27.747  60.047 1.0000000000
53391  53.686  -28.250  60.703 1.0000000000
53392  52.758  -28.630  60.315 1.0000000000
53393  51.893  -28.890  60.072 1.0000000000
56928  57.759  -24.362  61.592 0.6999999881
53404  53.148  -28.068  59.818 1.0000000000
53405  52.258  -28.296  59.456 1.0000000000
56941  58.026  -24.430  60.916 0.6999999881
56053  57.508  -24.993  60.476 0.8000000119
56956  57.392  -24.778  59.439 0.6999999881
56966  58.138  -24.115  59.069 0.6999999881
56997  57.267  -24.427  56.543 0.8000000119
56103  57.020  -24.773  55.809 0.6999999881
123498  57.596  -25.165  55.586 0.6999999881
54412  56.424  -26.769  54.828 0.6000000238
110623  58.352  -27.149  55.503 0.6000000238
52372  54.810  -28.973  64.107 0.4000000060
54296  55.099  -27.635  62.791 0.6999999881
53362  54.848  -28.296  63.072 0.6999999881
52382  54.701  -28.929  63.418 0.6999999881
52383  54.107  -29.570  62.931 0.6999999881
57834  57.123  -23.848  62.269 0.3000000119
105376  56.386  -24.263  62.575 0.4000000060
55168  55.863  -26.347  62.871 0.8000000119
54295  55.481  -27.033  62.464 0.6999999881
53376  54.716  -28.201  62.260 0.6999999881
52391  53.682  -29.273  62.013 0.8000000119
57847  56.444  -23.676  61.893 0.3000000119
56927  57.842  -23.881  61.697 0.6000000238
120022  57.146  -23.440  61.798 0.3000000119
119277  58.306  -23.830  61.061 0.5000000000
56954  58.463  -23.844  60.372 0.5000000000
56955  58.109  -24.393  60.055 0.6999999881
126111  58.553  -23.818  59.684 0.6999999881
56979  57.747  -24.138  57.246 0.6999999881
56996  58.019  -24.249  56.600 0.6999999881
57007  57.871  -24.594  55.961 0.8000000119
56102  58.352  -25.285  55.695 0.6999999881
55256  59.060  -26.255  55.626 0.6999999881
54400  59.808  -27.964  55.470 0.6000000238
54269  54.505  -27.910  64.122 0.3000000119
56001  55.358  -25.438  63.207 0.6000000238
53352  54.781  -28.384  63.800 0.4000000060
56916  55.886  -24.871  62.953 0.4000000060
56012  56.085  -25.507  62.964 0.6000000238
54280  55.362  -26.974  63.135 0.6999999881
54281  54.963  -27.613  63.496 0.6999999881
110552  56.460  -24.834  62.699 0.6000000238
57835  55.613  -23.908  62.018 0.3000000119
58731  58.486  -22.907  60.854 0.5000000000
57833  57.637  -23.511  61.693 0.5000000000
58734  56.635  -23.153  61.238 0.3000000119
57845  58.596  -23.183  60.664 0.5000000000
57859  58.649  -23.421  60.365 0.5000000000
58757  59.195  -22.452  59.899 0.5000000000
57871  58.960  -23.331  59.753 0.6000000238
57870  59.387  -22.859  59.404 0.6000000238
57877  59.496  -23.052  58.419 0.6999999881
56965  58.890  -23.565  58.980 0.6999999881
110913  58.388  -23.785  58.032 0.6999999881
56977  59.816  -23.815  56.846 0.6000000238
56978  58.766  -23.747  56.962 0.6999999881
56994  60.365  -24.776  56.429 0.6000000238
110074  59.663  -24.483  56.510 0.6999999881
56995  58.656  -24.403  56.296 0.6999999881
56993  60.717  -25.063  56.125 0.6000000238
56090  60.492  -25.515  56.109 0.6000000238
123629  60.116  -25.252  56.343 0.6999999881
55242  60.656  -25.598  55.934 0.6000000238
55270  60.705  -26.063  55.479 0.6000000238
55243  60.461  -26.286  55.689 0.6000000238
55255  59.964  -26.910  55.717 0.6999999881
55254  60.597  -26.928  55.280 0.6000000238
54399  60.346  -27.849  55.192 0.6999999881
119059  59.285  -27.376  55.591 0.6000000238
54420  60.496  -27.763  53.905 0.5000000000
54411  60.583  -27.615  54.668 0.6000000238
121451  55.563  -24.393  62.568 0.4000000060
58732  58.119  -22.909  61.251 0.4000000060
58744  57.932  -22.500  60.813 0.2000000030
58746  56.113  -22.926  60.356 0.3000000119
58745  57.033  -22.690  60.630 0.3000000119
58730  58.881  -22.565  60.323 0.5000000000
59675  58.938  -22.091  60.198 0.4000000060
121875  59.092  -22.212  60.074 0.4000000060
56113  60.772  -25.867  55.394 0.5000000000
111709  60.751  -26.542  54.819 0.6000000238
56124  60.311  -26.489  54.147 0.4000000060
126981  60.600  -27.259  54.373 0.4000000060
55284  59.948  -26.946  53.444 0.4000000060
55283  60.476  -27.137  53.983 0.4000000060
60580  59.338  -21.212  58.133 0.4000000060
59697  59.050  -21.731  58.998 0.4000000060
60579  59.515  -21.032  57.472 0.3000000119
60573  58.509  -21.598  58.954 0.2000000030
59695  59.614  -21.720  58.140 0.3000000119
59685  59.166  -22.039  59.767 0.4000000060
59706  59.641  -21.611  57.348 0.3000000119
58766  59.673  -22.343  57.685 0.3000000119
118976  59.542  -22.471  58.631 0.4000000060
36646  28.235  -45.542  74.888 0.6000000238
37576  26.794  -45.817  71.954 0.6000000238
37590  26.561  -45.693  71.175 0.6999999881
39408  26.545  -43.996  79.382 0.2000000030
38436  26.530  -44.692  80.838 0.2000000030
35601  26.228  -47.199  81.143 0.3000000119
115968  25.679  -48.500  79.337 0.5000000000
36567  27.281  -46.069  81.324 0.2000000030
34696  25.700  -48.601  78.564 0.5000000000
35600  26.918  -46.832  81.032 0.3000000119
34708  26.279  -48.171  78.192 0.6000000238
44212  46.365  -38.217  57.642 0.6000000238
45194  45.417  -37.460  56.470 0.6000000238
47177  45.492  -36.107  56.503 0.5000000000
48921  45.118  -33.354  52.178 0.5000000000
49806  45.436  -32.855  52.615 0.5000000000
49807  44.670  -32.942  52.761 0.5000000000
47231  46.988  -35.237  51.557 0.1000000015
48922  44.315  -33.575  52.327 0.5000000000
48929  44.676  -33.908  51.716 0.4000000060
48090  43.858  -34.737  55.355 0.5000000000
40564  50.177  -42.463  54.849 0.1000000015
43294  49.213  -39.677  52.909 0.1000000015
44271  49.209  -38.240  52.572 0.1000000015
127607  45.761  -35.546  58.014 0.6000000238
47161  46.481  -36.692  57.574 0.6999999881
47162  45.784  -35.892  57.388 0.5000000000
109129  49.748  -41.107  53.669 0.1000000015
48928  45.630  -33.918  51.719 0.2000000030
120246  49.011  -38.967  52.623 0.1000000015
26469  19.580  -57.309  77.168 0.1000000015
26475  19.589  -57.362  76.226 0.1000000015
28381  20.434  -55.754  77.701 0.1000000015
27436  20.177  -56.393  76.504 0.2000000030
27446  20.006  -56.786  75.859 0.2000000030
29314  20.316  -55.164  77.295 0.2000000030
30258  19.565  -53.773  77.628 0.3000000119
28393  20.096  -55.656  75.309 0.2000000030
32074  18.096  -51.854  78.634 0.3000000119
30291  19.054  -54.197  74.220 0.3000000119
120725  16.179  -48.261  81.165 0.3000000119
32948  17.115  -50.128  78.625 0.3000000119
32134  23.065  -51.758  67.853 0.3000000119
31205  18.247  -52.731  74.072 0.4000000060
29336  18.911  -54.331  72.614 0.2000000030
30306  18.537  -53.660  72.011 0.3000000119
32145  18.620  -51.622  67.695 0.3000000119
29381  28.631  -54.621  68.734 0.1000000015
31261  25.870  -52.606  68.088 0.2000000030
32087  17.564  -50.653  76.529 0.4000000060
32140  24.029  -51.412  67.701 0.2000000030
30323  18.517  -53.834  70.034 0.2000000030
37471  19.279  -45.914  82.915 0.4000000060
30342  28.231  -54.121  67.058 0.1000000015
34716  17.553  -48.460  77.103 0.4000000060
111582  17.580  -50.644  75.680 0.4000000060
31266  18.396  -52.274  68.096 0.3000000119
38415  18.954  -45.621  82.296 0.4000000060
35586  21.465  -47.096  82.116 0.4000000060
34701  17.808  -47.727  78.174 0.3000000119
34690  20.817  -47.724  79.032 0.4000000060
34754  17.805  -48.544  75.583 0.4000000060
36537  22.008  -46.157  82.709 0.4000000060
29387  31.639  -54.907  66.651 0.2000000030
34890  21.935  -48.409  66.288 0.3000000119
37479  30.298  -44.622  80.146 0.2000000030
124963  28.178  -45.540  74.353 0.6000000238
33959  23.153  -49.066  65.612 0.3000000119
36636  27.660  -46.038  75.294 0.6000000238
35699  27.151  -46.538  75.647 0.6000000238
118798  27.590  -46.289  76.832 0.6000000238
34712  21.462  -48.284  77.501 0.5000000000
107235  20.971  -48.177  76.908 0.5000000000
37466  23.470  -46.338  81.946 0.4000000060
35584  23.592  -47.177  81.776 0.3000000119
122782  24.195  -48.113  81.066 0.4000000060
36724  22.276  -46.423  67.077 0.4000000060
36713  22.929  -46.192  67.847 0.4000000060
36685  25.233  -46.520  71.567 0.6000000238
36702  25.047  -46.074  69.931 0.6000000238
114451  30.055  -45.830  78.195 0.6000000238
35820  22.815  -47.543  65.552 0.3000000119
112683  28.013  -54.827  60.476 0.1000000015
34676  25.366  -48.089  80.674 0.4000000060
30350  30.576  -53.836  65.300 0.2000000030
31288  25.522  -52.109  65.201 0.2000000030
34710  24.853  -48.897  77.231 0.5000000000
30400  27.383  -53.315  59.576 0.2000000030
38422  27.568  -44.865  81.463 0.3000000119
37462  27.873  -45.241  81.413 0.2000000030
37495  31.220  -44.747  79.999 0.2000000030
35619  25.957  -47.714  80.814 0.4000000060
34675  25.988  -48.074  80.062 0.4000000060
34709  25.621  -48.535  77.562 0.6000000238
35819  23.353  -47.640  64.959 0.3000000119
36674  27.061  -45.925  72.743 0.6000000238
35700  26.522  -47.150  75.514 0.5000000000
37563  28.820  -45.190  73.277 0.6000000238
37611  25.132  -45.837  69.071 0.4000000060
36703  24.351  -46.228  69.336 0.6000000238
31318  28.251  -52.276  62.161 0.2000000030
32244  26.989  -51.803  58.213 0.2000000030
39389  27.329  -44.440  81.098 0.2000000030
123175  30.830  -46.200  78.178 0.6999999881
35633  26.752  -47.624  79.732 0.4000000060
118436  30.835  -53.887  64.883 0.2000000030
114676  24.270  -50.490  65.017 0.2000000030
32183  24.858  -51.572  63.823 0.2000000030
31293  26.766  -52.814  64.362 0.2000000030
122978  23.682  -45.629  66.370 0.4000000060
37642  23.978  -45.529  67.033 0.4000000060
118206  27.216  -45.225  70.560 0.6999999881
31306  28.052  -51.961  62.073 0.2000000030
35664  32.133  -47.208  77.380 0.8000000119
37561  30.440  -45.523  73.894 0.6999999881
108761  26.225  -47.995  77.456 0.6000000238
30365  29.630  -52.965  64.119 0.2000000030
34903  23.560  -48.548  64.090 0.3000000119
37618  25.238  -45.555  68.285 0.4000000060
37609  26.487  -45.097  68.829 0.6000000238
33060  25.767  -51.173  61.240 0.2000000030
33075  24.616  -50.120  60.463 0.2000000030
33090  25.128  -50.227  59.908 0.2000000030
36803  23.693  -46.326  60.668 0.2000000030
35891  23.620  -47.370  59.824 0.2000000030
37711  24.150  -46.000  60.092 0.2000000030
34959  23.669  -48.253  59.602 0.2000000030
34940  23.512  -48.188  60.438 0.2000000030
107554  27.175  -46.339  61.859 0.3000000119
34974  24.453  -48.539  58.240 0.2000000030
36793  27.211  -46.305  61.205 0.3000000119
35837  29.151  -46.813  63.809 0.5000000000
110140  31.239  -46.568  75.987 0.6999999881
36645  30.947  -46.051  74.292 0.6999999881
126515  29.264  -52.705  63.668 0.3000000119
31299  25.555  -52.124  63.644 0.3000000119
33031  24.373  -50.912  63.438 0.3000000119
122048  26.306  -44.734  67.521 0.5000000000
37679  23.649  -45.338  63.610 0.4000000060
110309  24.058  -46.982  58.682 0.2000000030
37730  24.587  -45.963  59.125 0.2000000030
35912  24.155  -47.674  58.362 0.2000000030
34051  26.227  -49.661  56.783 0.2000000030
33835  33.113  -48.614  74.704 0.6999999881
34744  33.553  -48.405  75.643 0.8000000119
35697  32.242  -47.723  75.371 0.6999999881
110013  31.081  -46.344  75.130 0.6999999881
37598  29.056  -44.877  70.439 0.6999999881
38597  28.478  -44.737  69.897 0.6999999881
33971  23.675  -49.578  62.742 0.2000000030
33989  23.998  -50.261  61.917 0.2000000030
113126  23.420  -46.882  62.892 0.4000000060
34920  23.461  -48.484  61.306 0.2000000030
36795  23.581  -46.085  61.431 0.3000000119
37678  25.648  -45.011  62.385 0.3000000119
36847  24.892  -46.174  57.473 0.2000000030
108070  32.271  -48.284  73.151 0.6999999881
34816  32.729  -48.656  72.710 0.6999999881
37597  29.696  -45.186  70.866 0.6999999881
35857  23.401  -47.724  61.736 0.2000000030
117373  23.344  -46.853  62.018 0.3000000119
119363  23.460  -46.945  61.213 0.2000000030
38683  23.966  -44.845  63.330 0.3000000119
106276  38.154  -48.029  73.140 0.8000000119
34790  36.505  -47.688  73.104 0.6999999881
34791  35.499  -47.954  73.493 0.6999999881
33897  33.628  -48.633  71.962 0.6999999881
33883  33.144  -48.746  72.296 0.6999999881
34828  31.533  -47.907  71.769 0.6999999881
38696  24.387  -44.748  62.755 0.3000000119
38681  25.270  -44.286  63.687 0.3000000119
109011  27.592  -46.400  64.083 0.4000000060
34893  31.797  -48.124  66.294 0.6000000238
37684  30.048  -45.610  62.811 0.4000000060
106581  38.100  -48.541  70.183 0.8000000119
125061  36.285  -48.582  70.349 0.6999999881
106181  34.588  -48.464  70.737 0.6999999881
33911  33.227  -48.566  70.409 0.6999999881
105537  35.604  -48.620  69.542 0.6999999881
105706  33.489  -48.608  69.625 0.6999999881
33921  36.799  -48.612  69.505 0.8000000119
33943  35.290  -48.578  68.220 0.6999999881
33945  33.500  -48.544  68.177 0.6999999881
34788  39.026  -48.138  73.555 0.8000000119
33923  33.837  -48.550  69.014 0.6999999881
33939  31.418  -48.449  68.786 0.6999999881
105269  35.715  -48.630  69.065 0.6999999881
127555  32.147  -44.378  63.371 0.4000000060
34864  30.890  -48.277  68.376 0.6999999881
34889  30.335  -47.922  66.378 0.6000000238
37675  32.418  -45.252  64.208 0.4000000060
35783  40.046  -47.911  68.488 0.8000000119
37649  38.418  -45.223  65.779 0.8000000119
37663  36.584  -45.086  64.795 0.6999999881
38662  36.158  -44.740  64.107 0.6000000238
37653  34.677  -45.836  65.517 0.6000000238
38678  32.761  -44.486  63.589 0.4000000060
41409  29.667  -41.497  57.124 0.2000000030
38789  31.459  -44.562  55.450 0.1000000015
37811  31.984  -45.296  55.915 0.1000000015
39685  31.797  -43.909  54.877 0.1000000015
35769  42.767  -47.563  69.731 0.6999999881
36719  39.932  -46.580  67.480 0.8000000119
38673  37.167  -44.249  63.671 0.6000000238
38687  36.099  -44.202  62.699 0.5000000000
39597  34.812  -43.866  62.175 0.5000000000
120423  34.768  -43.198  61.029 0.5000000000
38676  34.783  -44.486  63.519 0.5000000000
125475  34.049  -43.828  62.369 0.5000000000
40458  34.064  -42.971  60.931 0.5000000000
40459  33.293  -42.762  60.802 0.5000000000
40470  32.546  -42.552  60.709 0.5000000000
40469  33.864  -42.567  60.249 0.5000000000
38677  33.792  -44.476  63.567 0.5000000000
39598  33.329  -43.602  62.214 0.5000000000
124322  32.717  -42.910  61.258 0.5000000000
40482  31.363  -41.934  59.909 0.5000000000
124762  32.786  -41.694  59.276 0.4000000060
41396  30.703  -41.236  58.417 0.3000000119
41423  31.280  -40.873  56.976 0.1000000015
41408  30.521  -41.193  57.507 0.1000000015
41442  31.511  -41.737  55.407 0.1000000015
41443  30.718  -41.735  55.834 0.1000000015
36717  42.220  -46.216  67.970 0.8000000119
38636  39.893  -44.918  66.319 0.8000000119
39589  38.139  -43.466  63.582 0.8000000119
40450  37.549  -42.796  62.322 0.6999999881
39604  36.515  -43.118  61.633 0.5000000000
40456  36.126  -42.778  61.009 0.5000000000
40467  35.490  -42.416  60.464 0.5000000000
42295  32.050  -40.984  57.930 0.1000000015
38646  40.289  -44.225  65.898 0.8000000119
40439  39.708  -42.777  64.088 0.8000000119
40454  37.906  -42.226  62.122 0.6999999881
41363  36.686  -42.165  61.200 0.5000000000
41372  35.448  -41.607  60.043 0.5000000000
108598  34.743  -41.648  59.583 0.4000000060
42292  34.073  -40.423  58.492 0.3000000119
41381  35.106  -40.968  59.499 0.3000000119
37615  44.517  -45.277  68.405 0.8000000119
38645  41.103  -43.876  66.126 0.8000000119
39575  41.402  -43.203  65.600 0.8000000119
42284  36.047  -40.329  59.926 0.3000000119
43235  34.127  -39.435  58.255 0.3000000119
126861  33.744  -39.988  58.099 0.2000000030
38603  46.689  -44.810  70.153 0.6000000238
107808  43.100  -43.713  66.796 0.8000000119
42267  38.199  -40.941  61.439 0.6000000238
43234  34.938  -39.024  58.647 0.3000000119
43233  35.710  -38.530  58.789 0.3000000119
39551  46.056  -44.081  68.395 0.8000000119
39560  45.476  -43.800  67.931 0.8000000119
39568  43.732  -43.410  66.873 0.8000000119
43211  39.442  -39.402  60.900 0.6000000238
44172  38.791  -39.169  60.414 0.6000000238
43223  38.091  -38.855  59.947 0.4000000060
44201  36.509  -38.056  58.791 0.3000000119
39549  47.468  -43.504  68.949 0.6999999881
39559  46.278  -43.439  68.149 0.8000000119
40427  45.210  -42.596  67.008 0.6999999881
40426  46.070  -42.115  67.185 0.8000000119
40432  43.852  -41.967  65.894 0.8000000119
41346  42.683  -41.406  64.748 0.6999999881
42253  42.276  -40.457  63.579 0.6999999881
44186  38.816  -38.574  59.877 0.4000000060
44185  39.507  -38.188  59.831 0.5000000000
125349  37.871  -37.245  58.520 0.3000000119
110803  43.136  -40.115  51.555 0.3000000119
46133  37.240  -36.851  58.184 0.2000000030
46149  37.381  -36.256  57.471 0.2000000030
45250  41.270  -37.107  51.931 0.4000000060
125185  41.120  -38.868  51.309 0.2000000030
110043  47.757  -42.817  68.593 0.6999999881
41300  46.997  -41.929  67.475 0.8000000119
41335  45.370  -41.078  66.134 0.6999999881
42242  43.516  -40.400  64.403 0.6999999881
109008  43.016  -40.236  63.912 0.6999999881
44169  41.635  -38.038  61.050 0.6999999881
107194  40.266  -37.009  59.281 0.5000000000
43307  43.538  -39.332  51.458 0.3000000119
107843  42.230  -38.498  51.147 0.3000000119
110030  38.169  -36.089  57.593 0.2000000030
39700  47.512  -43.180  54.060 0.1000000015
40581  46.422  -42.442  53.383 0.1000000015
41498  45.265  -42.083  52.703 0.1000000015
42381  45.096  -40.384  52.189 0.2000000030
45265  41.831  -37.464  51.380 0.3000000119
123732  42.030  -37.983  51.116 0.3000000119
46231  41.491  -36.458  53.131 0.4000000060
45251  40.498  -37.415  52.163 0.3000000119
108535  39.831  -36.309  53.529 0.1000000015
46242  39.982  -36.930  52.744 0.2000000030
123128  39.641  -35.898  54.220 0.3000000119
109878  39.390  -38.170  52.190 0.1000000015
40374  49.046  -41.983  69.216 0.6999999881
40408  48.145  -42.108  68.226 0.8000000119
42240  45.010  -40.001  64.990 0.6999999881
42251  44.464  -39.299  63.821 0.6999999881
43185  43.264  -39.053  62.916 0.6999999881
44152  43.872  -38.075  61.591 0.6999999881
45134  43.606  -37.470  59.914 0.6999999881
45135  42.859  -37.508  60.422 0.6999999881
45146  40.990  -37.242  59.797 0.6000000238
127428  42.826  -37.301  59.882 0.6999999881
46117  41.834  -36.733  58.899 0.6000000238
45178  43.089  -37.010  57.651 0.5000000000
46128  42.157  -36.686  58.005 0.4000000060
46130  39.633  -36.305  58.020 0.2000000030
46145  42.477  -36.835  57.087 0.5000000000
121343  42.674  -37.153  56.344 0.5000000000
45177  43.817  -37.549  57.297 0.6000000238
45213  43.196  -37.389  55.977 0.5000000000
113731  41.650  -36.598  55.721 0.4000000060
46169  41.049  -36.112  56.545 0.4000000060
46147  40.680  -36.112  57.439 0.4000000060
46148  39.873  -35.915  57.461 0.2000000030
115178  48.048  -43.196  54.440 0.1000000015
46212  42.561  -36.612  54.418 0.5000000000
46167  42.483  -37.098  55.756 0.5000000000
46213  41.590  -36.445  54.123 0.5000000000
106515  41.167  -36.276  54.949 0.5000000000
47179  40.198  -35.714  56.069 0.3000000119
47164  40.172  -35.712  56.857 0.3000000119
41463  48.038  -42.255  54.058 0.1000000015
42380  45.922  -40.497  52.475 0.1000000015
43306  44.352  -39.185  51.517 0.2000000030
126433  44.898  -39.005  51.498 0.2000000030
43305  45.551  -38.928  51.624 0.1000000015
44286  43.639  -37.884  51.020 0.2000000030
46256  41.999  -36.649  51.715 0.4000000060
117318  42.609  -36.827  51.190 0.5000000000
120922  42.124  -36.391  53.623 0.4000000060
46230  42.215  -36.138  52.793 0.5000000000
121863  38.563  -35.593  55.650 0.2000000030
46254  43.311  -36.218  51.023 0.4000000060
46240  42.247  -36.171  52.084 0.5000000000
43297  46.965  -39.636  52.400 0.1000000015
46253  44.004  -36.393  50.840 0.4000000060
41319  48.285  -40.893  67.241 0.8000000119
41265  49.546  -41.480  69.540 0.4000000060
41297  49.245  -40.994  68.122 0.6000000238
42204  48.021  -40.480  66.624 0.8000000119
105264  46.979  -40.713  66.469 0.8000000119
42224  47.814  -39.984  65.954 0.8000000119
43131  46.669  -39.383  64.779 0.6999999881
43149  45.751  -39.391  64.510 0.6999999881
43183  46.633  -38.803  62.320 0.8000000119
44149  46.542  -38.832  60.435 0.8000000119
105725  45.217  -38.126  60.494 0.6999999881
39662  51.867  -43.733  57.006 0.1000000015
43209  47.210  -39.048  60.086 0.8000000119
118620  45.711  -38.551  58.758 0.6999999881
44183  45.239  -38.197  59.172 0.6999999881
44196  47.145  -38.727  58.926 0.8000000119
45159  44.493  -37.884  57.866 0.6000000238
40546  49.875  -43.018  55.388 0.1000000015
44229  45.227  -37.995  56.870 0.6000000238
45196  43.878  -37.551  56.482 0.5000000000
46187  45.051  -36.371  55.915 0.5000000000
46166  45.030  -37.028  55.935 0.5000000000
46188  44.525  -36.620  55.452 0.5000000000
41462  48.819  -42.085  54.190 0.1000000015
43295  48.417  -39.477  52.652 0.1000000015
119504  44.523  -35.776  55.318 0.5000000000
47205  43.404  -35.795  54.044 0.5000000000
46211  43.376  -36.571  54.540 0.5000000000
47191  43.791  -35.302  54.560 0.5000000000
47217  43.052  -35.449  53.162 0.5000000000
48114  43.428  -34.692  52.744 0.5000000000
125736  42.666  -35.790  52.941 0.5000000000
46252  45.335  -36.206  51.022 0.2000000030
47233  45.445  -35.426  51.114 0.2000000030
46251  46.087  -36.160  51.263 0.1000000015
107776  46.519  -37.559  51.541 0.1000000015
48120  44.000  -34.062  51.904 0.5000000000
48121  43.585  -34.697  51.854 0.5000000000
107779  43.885  -35.621  50.898 0.4000000060
47234  44.452  -35.102  50.977 0.4000000060
112007  44.611  -35.858  50.869 0.3000000119
42180  49.673  -40.340  67.540 0.6999999881
43088  50.671  -39.532  67.147 0.8000000119
43128  49.491  -39.657  65.109 0.8000000119
43196  47.054  -39.072  60.768 0.8000000119
42369  49.360  -40.512  53.364 0.1000000015
45249  47.880  -37.822  52.123 0.1000000015
44272  48.333  -38.529  52.409 0.1000000015
121628  46.576  -36.782  51.468 0.1000000015
45260  47.387  -37.125  51.710 0.1000000015
46250  47.092  -36.094  51.460 0.1000000015
43087  51.212  -39.209  67.529 0.6000000238
43126  51.204  -39.045  65.818 0.8000000119
122000  50.049  -39.593  65.133 0.8000000119
110188  49.318  -39.389  63.720 0.8000000119
111159  44.084  -34.531  56.798 0.5000000000
43145  50.597  -39.228  64.599 0.8000000119
43164  50.314  -39.116  63.712 0.8000000119
43165  49.732  -39.346  63.296 0.8000000119
43179  50.101  -39.073  62.777 0.8000000119
43194  48.360  -39.215  60.886 0.8999999762
44163  48.393  -38.586  60.213 0.8999999762
45123  49.441  -37.919  61.244 0.8999999762
43207  48.038  -39.108  60.206 0.8999999762
49757  44.291  -32.659  57.784 0.6999999881
122120  48.569  -37.988  60.243 0.8999999762
44180  47.601  -38.450  59.243 0.8000000119
45132  47.628  -37.822  59.022 0.8000000119
48064  45.186  -34.938  57.943 0.6999999881
45158  46.832  -37.612  57.833 0.6999999881
46116  46.976  -36.774  58.434 0.8000000119
48889  43.302  -33.413  55.224 0.5000000000
48901  43.466  -33.625  54.340 0.5000000000
49774  43.328  -32.605  55.466 0.6000000238
48091  43.474  -34.221  54.782 0.5000000000
48923  43.765  -34.008  52.509 0.5000000000
48913  43.985  -33.353  53.103 0.5000000000
107474  43.372  -32.993  54.768 0.5000000000
50672  43.618  -31.906  55.745 0.6999999881
120427  44.032  -32.404  54.196 0.6000000238
50685  43.679  -31.961  55.202 0.6000000238
41461  49.702  -41.817  54.200 0.1000000015
50701  44.187  -31.767  54.670 0.6000000238
49799  44.292  -32.675  53.535 0.5000000000
42350  52.783  -40.481  54.158 0.1000000015
48119  46.508  -33.990  51.902 0.2000000030
49805  46.040  -32.621  52.866 0.2000000030
43284  51.460  -39.143  53.509 0.1000000015
44259  52.287  -38.821  53.874 0.1000000015
46227  50.534  -36.824  53.617 0.1000000015
44261  50.627  -38.651  53.256 0.1000000015
47225  47.763  -35.439  51.750 0.1000000015
46238  48.777  -36.722  52.362 0.1000000015
46239  48.146  -37.135  52.075 0.1000000015
45248  48.610  -37.635  52.360 0.1000000015
48118  47.316  -34.500  51.865 0.2000000030
48919  47.073  -33.620  52.427 0.2000000030
48912  46.838  -32.770  52.883 0.2000000030
47223  49.312  -36.041  52.646 0.1000000015
47216  49.014  -35.226  52.825 0.1000000015
48113  47.847  -34.058  52.761 0.2000000030
49784  46.999  -32.067  54.279 0.2000000030
48911  47.580  -33.235  53.205 0.2000000030
50698  46.725  -31.375  54.281 0.3000000119
116021  46.045  -30.479  54.502 0.3000000119
44044  51.731  -38.623  66.932 0.6000000238
124460  51.100  -38.848  64.587 0.8000000119
48038  46.958  -34.728  61.420 0.8000000119
48846  46.696  -33.694  61.069 0.8000000119
48044  46.031  -34.568  60.004 0.8000000119
48852  45.267  -33.637  59.247 0.8000000119
45119  49.685  -37.568  62.020 0.8999999762
115949  46.011  -35.176  59.425 0.8000000119
47141  46.486  -35.897  59.023 0.8000000119
45193  46.006  -37.272  56.795 0.6000000238
45175  46.266  -37.727  57.218 0.6000000238
46144  46.031  -36.660  56.930 0.6000000238
48076  44.376  -35.028  56.062 0.5000000000
50670  44.666  -31.227  56.666 0.6999999881
51594  44.474  -30.969  55.972 0.6999999881
51612  44.781  -30.695  55.414 0.5000000000
50700  44.945  -31.391  54.433 0.5000000000
42367  51.274  -40.091  53.505 0.1000000015
51628  45.259  -30.638  54.805 0.5000000000
51627  45.770  -30.047  54.879 0.4000000060
52455  47.153  -28.911  55.581 0.6999999881
44043  52.156  -38.067  67.235 0.6000000238
44064  52.276  -37.991  66.542 0.6999999881
124830  51.988  -37.749  64.872 0.6999999881
46093  49.437  -36.749  62.507 0.8999999762
47108  49.917  -35.562  63.616 0.8999999762
48013  49.904  -34.782  63.980 0.8999999762
48021  49.274  -34.827  63.451 0.8999999762
120133  48.596  -35.412  62.659 0.8999999762
48828  48.714  -33.874  63.261 0.8999999762
48829  48.289  -33.835  62.645 0.8000000119
48029  48.159  -34.681  62.515 0.8000000119
45082  51.797  -37.496  64.538 0.8999999762
48839  47.285  -33.719  61.621 0.8000000119
48838  47.757  -33.770  62.194 0.8000000119
112388  48.419  -36.996  60.993 0.8999999762
49745  45.934  -32.312  59.158 0.6999999881
50656  46.286  -31.555  58.733 0.6999999881
50648  47.353  -31.486  59.782 0.6999999881
41479  50.256  -41.259  53.834 0.1000000015
51592  45.894  -30.097  56.567 0.6999999881
52475  46.024  -29.733  55.325 0.6999999881
42368  50.315  -40.464  53.475 0.1000000015
53473  48.573  -28.105  55.153 0.6000000238
45025  52.640  -37.372  66.886 0.6000000238
45060  52.506  -37.234  65.714 0.6000000238
46067  52.160  -36.760  64.972 0.8000000119
46068  51.700  -36.854  64.477 0.8999999762
114975  51.433  -35.549  64.909 0.8999999762
47098  51.092  -35.848  64.443 0.8999999762
123900  50.891  -35.360  64.582 0.8999999762
45100  51.269  -37.304  63.922 0.8999999762
48820  49.880  -33.903  64.389 0.8999999762
49713  48.535  -32.948  62.753 0.8999999762
49724  47.625  -32.997  61.709 0.8000000119
49734  46.658  -32.970  60.569 0.8000000119
49712  49.500  -32.015  63.173 0.8999999762
50618  49.384  -31.665  62.376 0.8999999762
50628  48.663  -31.576  61.351 0.8999999762
109512  48.666  -30.854  60.328 0.6999999881
51562  47.400  -30.469  58.592 0.6999999881
53451  48.618  -28.425  56.171 0.6000000238
54403  51.085  -26.881  54.844 0.6999999881
55274  52.519  -26.723  54.117 0.6000000238
53471  55.220  -29.159  54.805 0.4000000060
47993  52.305  -35.012  65.891 0.6999999881
49702  49.694  -32.702  63.995 0.8999999762
49703  48.981  -32.894  63.395 0.8999999762
50608  50.293  -31.673  63.529 0.8999999762
51482  51.733  -30.921  63.099 1.0000000000
50626  49.876  -31.098  61.940 0.8999999762
51542  49.262  -30.409  60.250 0.6999999881
52418  48.819  -29.862  59.001 0.6999999881
53435  49.555  -28.549  57.379 0.6999999881
53470  56.015  -29.378  55.089 0.4000000060
49680  52.225  -32.952  66.066 0.6999999881
51499  50.624  -30.782  62.157 0.8999999762
51525  50.475  -30.096  60.895 0.8999999762
52404  50.730  -29.597  60.377 0.8999999762
52416  50.356  -29.381  59.693 0.8999999762
55221  54.394  -26.343  58.445 1.0000000000
54364  51.676  -27.825  57.961 0.8999999762
55233  53.548  -26.310  57.093 0.8000000119
56080  54.820  -25.563  56.839 0.6999999881
55234  53.029  -26.554  56.792 0.6999999881
54388  52.015  -26.978  56.387 0.8000000119
55259  54.177  -26.018  55.102 0.6000000238
50582  53.670  -31.438  65.981 0.6999999881
51451  54.212  -30.728  65.403 0.6000000238
111891  53.275  -30.650  63.509 0.8000000119
52403  51.457  -29.369  60.547 1.0000000000
54326  54.925  -27.025  60.460 1.0000000000
53406  51.484  -28.660  59.477 1.0000000000
56078  56.341  -24.864  57.774 0.6999999881
51465  54.428  -30.233  64.461 0.6000000238
52384  53.342  -29.857  62.272 0.8999999762
55179  55.960  -26.526  62.019 0.8000000119
53363  54.433  -28.838  62.566 0.6999999881
106806  57.049  -25.522  55.283 0.6999999881
55257  57.922  -26.009  55.457 0.6000000238
52373  54.668  -29.557  63.884 0.6999999881
57848  55.620  -23.459  61.048 0.3000000119
58733  57.481  -22.972  61.374 0.2000000030
57846  58.218  -23.356  61.305 0.6000000238
57006  58.512  -24.789  55.927 0.6999999881
59664  58.500  -22.495  60.610 0.5000000000
109852  59.339  -22.348  59.438 0.4000000060
57878  59.357  -23.230  58.990 0.6999999881
57889  59.239  -23.280  57.960 0.6999999881
57888  59.509  -23.295  57.493 0.6999999881
56976  60.482  -24.363  56.447 0.6000000238
56091  59.248  -25.130  55.980 0.6999999881
56101  60.037  -25.973  56.044 0.6999999881
56100  60.732  -25.640  55.692 0.6000000238
108922  60.277  -27.173  55.469 0.6999999881
59677  57.522  -22.240  60.083 0.3000000119
59676  58.410  -22.071  60.250 0.4000000060
59686  58.822  -21.822  59.773 0.3000000119
56125  59.685  -26.108  53.870 0.5000000000
59696  59.333  -21.950  58.937 0.4000000060
38412  27.100  -45.322  81.579 0.2000000030
38423  26.821  -44.974  81.491 0.2000000030
36568  26.539  -46.575  81.365 0.2000000030
35618  26.518  -47.461  80.584 0.4000000060
37463  27.320  -45.578  81.494 0.3000000119
36551  26.804  -46.076  81.504 0.2000000030
34695  26.221  -48.159  79.110 0.4000000060
47178  44.922  -35.758  56.072 0.5000000000
46165  45.555  -36.802  56.404 0.5000000000
49800  43.633  -33.024  54.014 0.5000000000
48126  45.093  -34.538  51.293 0.2000000030
48127  44.204  -34.468  51.381 0.4000000060
45247  49.377  -37.413  52.613 0.1000000015
38434  32.613  -45.181  79.686 0.5000000000
38435  32.124  -44.738  79.770 0.4000000060
39404  32.299  -44.378  79.483 0.2000000030
37464  26.639  -45.858  81.569 0.2000000030
37505  33.009  -45.529  79.540 0.5000000000
38448  33.058  -45.249  79.492 0.4000000060
106104  32.820  -44.919  79.547 0.4000000060
120520  30.487  -43.816  80.053 0.2000000030
39403  32.939  -44.620  78.977 0.3000000119
40264  30.833  -43.379  79.025 0.2000000030
40255  30.325  -43.461  79.577 0.2000000030
38447  33.313  -45.097  79.104 0.4000000060
39414  32.339  -43.975  78.685 0.2000000030
38478  34.249  -45.080  77.546 0.3000000119
126337  33.559  -44.842  78.183 0.3000000119
124925  25.298  -46.562  81.529 0.1000000015
123210  25.532  -46.698  81.502 0.2000000030
37482  26.393  -45.620  81.530 0.1000000015
40250  29.165  -43.465  80.029 0.2000000030
39406  28.357  -43.482  79.913 0.1000000015
40256  29.619  -43.181  79.459 0.1000000015
40257  28.830  -43.035  79.328 0.1000000015
112504  31.246  -43.326  78.437 0.2000000030
40266  29.316  -42.830  78.613 0.2000000030
40267  28.505  -42.856  78.485 0.1000000015
39424  31.737  -43.578  78.298 0.2000000030
105861  29.832  -42.665  77.825 0.2000000030
125598  29.400  -42.499  77.318 0.1000000015
39421  34.019  -44.716  77.241 0.3000000119
39422  33.302  -44.525  77.415 0.3000000119
39413  32.832  -44.316  78.024 0.2000000030
39423  32.151  -43.766  77.710 0.2000000030
105534  30.662  -42.975  78.146 0.2000000030
116417  32.710  -44.059  77.092 0.2000000030
40284  32.022  -43.459  76.776 0.2000000030
126011  30.886  -42.926  76.902 0.2000000030
40286  30.503  -42.789  77.281 0.2000000030
109223  16.483  -52.703  81.401 0.1000000015
125767  16.864  -53.301  80.916 0.1000000015
30230  17.086  -53.949  80.393 0.1000000015
113827  16.503  -53.046  79.828 0.1000000015
110105  16.617  -53.836  79.587 0.1000000015
38424  25.945  -45.371  81.265 0.1000000015
37483  25.696  -45.912  81.544 0.1000000015
39407  27.507  -43.689  79.668 0.1000000015
39398  27.010  -44.143  80.322 0.1000000015
40258  28.011  -43.156  79.102 0.1000000015
40259  27.200  -43.415  78.799 0.1000000015
109895  28.285  -42.544  77.203 0.1000000015
40269  27.027  -43.149  77.974 0.1000000015
112183  28.220  -42.748  77.846 0.1000000015
40276  27.628  -42.806  77.532 0.1000000015
40288  29.006  -42.390  76.853 0.1000000015
40287  29.824  -42.440  76.869 0.2000000030
108310  27.610  -42.618  76.654 0.1000000015
39434  32.586  -43.893  76.170 0.2000000030
40296  31.909  -43.365  75.852 0.2000000030
122074  30.517  -42.673  76.521 0.2000000030
41163  28.069  -42.353  75.912 0.1000000015
40298  30.689  -42.611  75.729 0.1000000015
41160  30.006  -42.343  75.983 0.1000000015
31149  16.221  -52.492  80.529 0.1000000015
31141  15.777  -52.194  81.251 0.1000000015
31140  16.304  -52.624  82.415 0.1000000015
31132  16.419  -53.043  83.821 0.1000000015
121618  24.753  -46.189  81.563 0.1000000015
37484  25.093  -45.929  81.372 0.1000000015
38437  25.693  -45.009  80.329 0.1000000015
38425  25.193  -45.588  80.824 0.1000000015
38438  24.798  -45.518  80.106 0.1000000015
38449  25.210  -44.991  79.440 0.1000000015
39409  25.893  -44.581  79.572 0.1000000015
113049  26.428  -43.734  78.382 0.1000000015
39417  25.682  -44.409  78.763 0.1000000015
37518  37.109  -45.596  76.300 0.3000000119
118461  36.213  -45.380  76.540 0.3000000119
39416  26.382  -43.441  77.559 0.1000000015
106836  25.708  -43.970  77.868 0.1000000015
38476  36.899  -45.113  76.350 0.2000000030
40277  26.921  -42.912  77.201 0.1000000015
38493  35.314  -44.872  76.521 0.3000000119
40289  26.769  -42.873  76.393 0.1000000015
38494  34.679  -44.909  76.999 0.3000000119
39433  33.384  -44.472  76.513 0.3000000119
41161  29.418  -42.298  76.225 0.1000000015
41162  28.800  -42.271  76.035 0.1000000015
40299  27.307  -42.571  75.758 0.1000000015
41172  29.378  -42.019  75.411 0.1000000015
41173  28.518  -41.988  75.325 0.1000000015
35574  16.741  -46.497  83.235 0.3000000119
107120  15.362  -52.037  81.951 0.1000000015
31150  15.489  -51.971  80.382 0.1000000015
35592  15.707  -47.626  82.847 0.3000000119
31133  15.556  -52.544  83.051 0.1000000015
31172  15.829  -52.686  78.656 0.1000000015
30209  17.241  -53.215  84.357 0.1000000015
31117  16.726  -52.424  85.125 0.1000000015
120343  24.188  -46.587  81.631 0.1000000015
124196  15.711  -50.043  82.737 0.3000000119
33772  15.495  -49.922  83.499 0.2000000030
32045  17.557  -51.821  84.578 0.1000000015
109087  24.245  -46.265  81.507 0.1000000015
37498  24.317  -45.867  80.995 0.1000000015
38450  24.426  -45.477  79.280 0.1000000015
38463  24.832  -44.975  78.680 0.1000000015
39418  25.122  -44.527  78.102 0.1000000015
107016  35.991  -45.083  76.520 0.4000000060
39432  34.454  -44.727  76.319 0.3000000119
40297  31.338  -42.925  75.478 0.1000000015
41171  30.182  -42.164  75.145 0.1000000015
41185  29.611  -41.915  74.453 0.1000000015
41186  28.870  -41.810  74.595 0.1000000015
41174  27.793  -42.105  75.199 0.1000000015
40308  30.924  -42.589  74.857 0.1000000015
122253  28.346  -41.722  73.894 0.1000000015
41187  27.661  -41.968  74.421 0.1000000015
41175  27.092  -42.363  74.948 0.1000000015
31129  14.656  -52.603  84.199 0.1000000015
31128  15.577  -52.800  84.286 0.1000000015
107527  15.880  -52.282  79.731 0.1000000015
30201  17.221  -52.905  84.780 0.1000000015
35575  16.020  -46.845  83.459 0.3000000119
32046  17.152  -51.764  85.052 0.1000000015
34661  15.431  -48.450  82.683 0.3000000119
32918  16.969  -51.252  84.354 0.1000000015
119001  16.655  -51.235  85.019 0.1000000015
35576  15.301  -47.805  83.560 0.3000000119
33773  15.141  -48.945  83.514 0.2000000030
37485  23.456  -45.996  81.696 0.1000000015
37486  22.576  -45.828  81.665 0.1000000015
35566  15.440  -46.997  84.060 0.3000000119
37499  23.277  -45.839  80.873 0.1000000015
105870  22.972  -45.763  79.940 0.1000000015
36532  16.046  -46.432  83.741 0.3000000119
37445  15.794  -46.184  83.773 0.3000000119
36533  15.376  -46.589  84.011 0.3000000119
38439  23.903  -45.782  80.002 0.1000000015
118693  36.681  -44.849  76.226 0.2000000030
38451  23.524  -45.688  79.081 0.1000000015
38452  22.537  -45.718  79.224 0.1000000015
38491  37.372  -44.860  76.094 0.2000000030
39430  36.062  -44.581  75.592 0.2000000030
38492  36.078  -44.740  76.133 0.2000000030
38475  37.703  -45.197  76.197 0.2000000030
39431  35.360  -44.647  75.820 0.2000000030
123121  24.186  -45.417  78.607 0.1000000015
38465  23.611  -45.515  78.204 0.1000000015
38464  24.397  -45.000  77.913 0.1000000015
39446  34.524  -44.490  75.251 0.2000000030
106865  24.988  -44.274  77.277 0.1000000015
39425  25.777  -43.617  77.043 0.1000000015
40290  26.005  -43.175  76.316 0.1000000015
39448  32.523  -43.628  75.263 0.2000000030
40309  26.397  -42.662  74.625 0.1000000015
41184  30.321  -42.182  74.267 0.1000000015
41188  26.954  -42.212  74.118 0.1000000015
105620  29.094  -41.652  73.702 0.1000000015
42080  28.242  -41.369  72.974 0.1000000015
41206  27.578  -41.829  73.563 0.1000000015
31134  14.717  -52.246  82.624 0.1000000015
107986  14.929  -52.493  83.485 0.1000000015
31135  13.774  -52.412  82.389 0.1000000015
31142  14.488  -51.937  81.686 0.1000000015
125141  15.124  -52.771  84.863 0.1000000015
122714  15.292  -51.914  79.694 0.1000000015
29304  10.721  -54.686  78.457 0.1000000015
31109  15.865  -52.151  85.317 0.1000000015
31174  14.792  -52.232  78.476 0.1000000015
31162  15.476  -52.241  78.999 0.1000000015
30261  12.010  -53.883  77.127 0.1000000015
32912  16.109  -51.003  85.248 0.1000000015
31173  15.434  -52.615  78.082 0.1000000015
30271  11.738  -54.038  76.358 0.1000000015
33767  15.231  -49.764  84.262 0.2000000030
37455  16.432  -45.958  83.638 0.3000000119
34654  14.945  -48.287  84.244 0.2000000030
34655  14.540  -47.882  84.562 0.2000000030
38426  22.383  -45.693  80.718 0.1000000015
114386  15.007  -47.125  84.433 0.2000000030
36534  14.893  -46.743  84.258 0.2000000030
118965  16.246  -45.822  83.125 0.3000000119
37475  15.545  -45.991  82.849 0.3000000119
37456  15.808  -45.962  83.568 0.3000000119
37446  15.323  -46.351  83.876 0.3000000119
36559  14.833  -46.527  82.679 0.2000000030
122008  22.199  -45.661  79.942 0.1000000015
38453  21.547  -45.593  79.490 0.1000000015
37474  15.982  -45.856  82.229 0.3000000119
37492  15.260  -46.449  81.078 0.2000000030
38489  38.898  -45.315  75.608 0.3000000119
38490  38.169  -45.004  75.923 0.3000000119
37533  39.665  -45.575  75.530 0.3000000119
38466  22.916  -45.697  78.541 0.1000000015
107995  38.422  -45.425  75.964 0.3000000119
38480  23.683  -45.287  77.409 0.1000000015
38481  22.828  -45.626  77.770 0.1000000015
109235  33.773  -44.490  75.704 0.3000000119
38479  24.289  -44.827  77.132 0.1000000015
116149  33.128  -44.101  75.603 0.2000000030
40301  25.654  -43.218  75.617 0.1000000015
39435  25.222  -43.733  76.294 0.1000000015
39436  24.480  -44.415  76.488 0.1000000015
38495  23.766  -44.957  76.620 0.1000000015
41189  26.232  -42.531  73.821 0.1000000015
117343  25.877  -42.916  75.036 0.1000000015
39449  25.093  -43.548  75.534 0.1000000015
41207  26.786  -42.050  73.281 0.1000000015
40302  25.317  -43.219  74.976 0.1000000015
106744  24.540  -43.954  75.762 0.1000000015
40311  24.880  -43.202  74.250 0.1000000015
39450  24.666  -43.590  75.046 0.1000000015
40323  25.477  -42.822  73.589 0.1000000015
31130  13.820  -52.666  84.219 0.1000000015
105803  14.193  -52.550  83.396 0.1000000015
114224  14.327  -51.855  80.927 0.1000000015
29295  10.675  -54.665  79.424 0.1000000015
36541  18.105  -46.047  83.151 0.3000000119
116759  15.105  -52.484  85.177 0.1000000015
29310  11.392  -54.065  77.928 0.1000000015
119026  11.823  -53.642  78.674 0.1000000015
32913  15.428  -50.964  85.469 0.1000000015
30252  12.234  -53.337  77.987 0.1000000015
37454  17.263  -45.977  83.421 0.3000000119
123737  14.276  -49.031  85.123 0.1000000015
37472  17.739  -45.798  82.986 0.3000000119
35565  13.896  -47.915  84.917 0.2000000030
37487  21.724  -45.626  81.465 0.2000000030
105762  20.848  -45.493  81.259 0.3000000119
37489  17.291  -45.607  82.173 0.3000000119
37473  16.956  -45.787  83.133 0.3000000119
36560  14.269  -47.068  83.185 0.2000000030
35568  14.415  -47.354  84.522 0.2000000030
38440  21.578  -45.546  80.493 0.2000000030
105651  20.787  -45.454  80.221 0.2000000030
38430  17.111  -45.561  80.939 0.3000000119
123297  16.599  -45.732  82.499 0.3000000119
36569  14.772  -46.719  81.659 0.2000000030
35624  14.538  -47.325  80.332 0.2000000030
38454  20.620  -45.501  79.410 0.1000000015
37500  16.356  -45.792  80.581 0.1000000015
37501  15.654  -46.142  80.363 0.2000000030
36581  15.057  -46.649  80.304 0.2000000030
112535  14.894  -46.954  79.691 0.1000000015
107659  34.833  -44.400  74.421 0.2000000030
105646  21.100  -45.591  78.744 0.1000000015
110278  16.974  -45.555  79.934 0.1000000015
109423  16.181  -45.881  79.527 0.1000000015
36591  15.413  -46.414  79.499 0.1000000015
124181  40.279  -45.833  75.532 0.3000000119
38507  38.655  -44.894  75.349 0.3000000119
38508  37.767  -44.738  75.509 0.3000000119
107279  34.145  -44.281  74.580 0.3000000119
105704  22.041  -45.694  78.492 0.1000000015
38457  17.686  -45.565  79.395 0.1000000015
38458  17.020  -45.699  79.032 0.1000000015
37512  16.383  -45.862  78.552 0.1000000015
37506  15.762  -46.125  78.808 0.1000000015
37532  41.009  -45.929  75.317 0.2000000030
37547  40.416  -45.470  75.161 0.3000000119
38506  39.522  -45.128  75.247 0.3000000119
106624  39.188  -44.836  74.635 0.3000000119
39447  33.589  -44.142  74.989 0.3000000119
126645  22.042  -45.685  77.713 0.1000000015
38525  40.086  -45.074  74.630 0.3000000119
126569  32.198  -43.361  74.633 0.2000000030
40307  31.853  -43.129  75.103 0.2000000030
107383  23.040  -45.444  76.884 0.1000000015
124733  31.428  -42.880  74.965 0.1000000015
38496  23.100  -45.057  75.919 0.1000000015
39437  23.920  -44.538  75.906 0.1000000015
123252  23.569  -44.606  75.507 0.1000000015
39451  23.897  -44.037  75.212 0.1000000015
41205  29.842  -41.809  73.557 0.1000000015
39463  24.196  -43.637  74.528 0.1000000015
39464  23.468  -43.997  74.372 0.1000000015
107185  22.894  -44.119  73.891 0.1000000015
41225  26.592  -41.859  72.449 0.1000000015
41208  26.004  -42.358  73.000 0.1000000015
40337  25.174  -42.767  72.700 0.1000000015
108752  24.343  -43.163  72.866 0.1000000015
40312  24.083  -43.467  73.725 0.1000000015
40324  24.782  -43.050  73.438 0.1000000015
114389  12.879  -53.004  84.244 0.1000000015
30218  12.921  -53.062  82.479 0.1000000015
31143  13.617  -52.206  81.308 0.1000000015
31120  13.621  -52.615  84.844 0.1000000015
30231  12.301  -53.125  80.877 0.1000000015
29294  11.164  -54.075  79.898 0.1000000015
30241  11.783  -53.578  79.475 0.1000000015
31110  14.256  -52.334  85.249 0.1000000015
32040  15.039  -51.784  85.493 0.1000000015
30240  12.297  -52.953  79.945 0.1000000015
125476  12.713  -52.908  78.368 0.1000000015
32041  13.846  -51.501  85.508 0.1000000015
123688  14.673  -51.016  85.601 0.1000000015
108978  14.080  -52.161  78.846 0.1000000015
31165  12.852  -52.478  79.556 0.1000000015
31176  13.219  -52.491  78.745 0.1000000015
33764  13.315  -49.633  85.556 0.1000000015
31185  13.890  -52.648  77.215 0.1000000015
34651  13.364  -48.471  85.235 0.1000000015
38429  17.897  -45.496  81.235 0.3000000119
35577  13.731  -47.631  83.629 0.2000000030
38509  36.829  -44.638  75.732 0.2000000030
39445  35.602  -44.475  74.983 0.2000000030
106457  20.118  -45.483  80.788 0.3000000119
38441  19.558  -45.474  80.527 0.3000000119
36570  14.244  -47.137  82.150 0.2000000030
35612  14.392  -47.323  81.246 0.2000000030
105705  20.015  -45.458  80.000 0.1000000015
38443  17.745  -45.490  80.235 0.1000000015
126818  15.428  -46.482  78.904 0.1000000015
39462  32.893  -43.781  74.419 0.3000000119
121395  20.442  -45.530  78.838 0.1000000015
38471  17.803  -45.566  78.594 0.1000000015
38472  17.098  -45.660  78.198 0.1000000015
37531  41.667  -46.193  74.777 0.3000000119
37546  41.326  -45.804  74.828 0.3000000119
38526  38.230  -44.618  74.686 0.3000000119
122506  39.808  -44.954  73.824 0.2000000030
125143  33.042  -43.882  75.073 0.2000000030
38470  18.625  -45.465  78.694 0.1000000015
37545  42.103  -46.000  74.288 0.3000000119
38524  40.886  -45.473  74.473 0.3000000119
125424  40.520  -45.220  73.956 0.3000000119
40321  32.148  -43.366  73.929 0.1000000015
38467  21.355  -45.632  77.979 0.1000000015
105749  20.750  -45.629  77.514 0.1000000015
115390  18.349  -45.472  77.906 0.1000000015
110456  41.291  -45.519  73.513 0.1000000015
115517  31.573  -42.959  74.418 0.1000000015
106454  41.412  -45.344  72.565 0.1000000015
107330  40.522  -45.481  72.944 0.1000000015
41183  30.953  -42.542  73.963 0.1000000015
39481  23.342  -43.802  73.626 0.1000000015
40325  23.552  -43.525  72.969 0.1000000015
40338  24.548  -42.894  72.189 0.1000000015
32042  12.639  -51.569  85.285 0.1000000015
31111  13.437  -52.209  85.201 0.1000000015
118864  18.516  -45.841  82.925 0.3000000119
32915  12.964  -50.535  85.549 0.1000000015
30250  13.081  -52.845  77.764 0.1000000015
38416  18.172  -45.581  82.264 0.3000000119
34652  12.699  -48.785  85.184 0.1000000015
34659  12.684  -48.929  83.613 0.1000000015
38428  18.656  -45.490  81.380 0.3000000119
35570  13.104  -48.176  84.047 0.2000000030
35594  13.253  -48.288  83.116 0.2000000030
108403  12.915  -48.896  82.683 0.1000000015
34673  13.219  -48.896  81.160 0.2000000030
35593  13.807  -47.757  82.615 0.2000000030
34672  13.688  -48.386  81.209 0.2000000030
34681  13.645  -48.566  80.401 0.2000000030
108127  19.058  -45.470  80.703 0.3000000119
35613  13.940  -47.861  81.662 0.2000000030
35625  14.063  -47.931  80.799 0.2000000030
35638  14.117  -48.043  79.971 0.2000000030
39443  37.192  -44.504  74.792 0.2000000030
38455  19.204  -45.443  79.938 0.3000000119
38456  18.425  -45.480  79.562 0.1000000015
36592  15.055  -46.962  78.917 0.1000000015
106555  19.102  -45.425  79.195 0.1000000015
106032  19.836  -45.463  79.215 0.1000000015
38523  41.850  -45.765  74.097 0.3000000119
38468  20.606  -45.569  78.259 0.1000000015
127455  17.697  -45.540  77.847 0.1000000015
38541  42.217  -45.294  73.213 0.3000000119
38469  19.442  -45.462  78.586 0.1000000015
38559  40.755  -45.372  71.954 0.1000000015
126636  22.373  -45.624  77.197 0.1000000015
110424  21.600  -45.680  77.122 0.1000000015
38497  22.314  -45.522  76.503 0.1000000015
114519  22.232  -45.350  75.796 0.1000000015
33765  12.437  -49.591  85.318 0.1000000015
34653  12.132  -49.340  84.920 0.1000000015
39461  33.654  -44.073  74.308 0.3000000119
39444  36.405  -44.522  75.123 0.2000000030
39460  34.218  -44.195  73.941 0.3000000119
124525  13.791  -48.451  79.760 0.1000000015
38442  18.486  -45.468  80.483 0.2000000030
35637  14.537  -47.551  79.424 0.1000000015
105835  38.760  -44.790  73.653 0.2000000030
119325  42.811  -45.909  73.948 0.3000000119
38522  42.692  -45.604  73.825 0.3000000119
38542  39.582  -45.253  72.877 0.1000000015
125451  20.052  -45.522  78.560 0.1000000015
110593  19.940  -45.565  77.894 0.1000000015
38540  43.167  -44.885  73.406 0.1000000015
112049  19.117  -45.466  77.952 0.1000000015
109610  44.113  -44.324  73.267 0.2000000030
39475  43.387  -44.109  72.804 0.1000000015
38557  42.731  -44.663  72.763 0.1000000015
39492  42.015  -44.358  71.739 0.1000000015
38558  42.088  -44.819  72.324 0.1000000015
39490  43.321  -43.266  72.338 0.1000000015
39491  42.685  -44.059  72.110 0.1000000015
38575  41.492  -44.937  71.762 0.1000000015
38576  40.923  -44.943  71.169 0.1000000015
38573  47.049  -44.385  71.160 0.5000000000
40334  43.117  -42.470  71.932 0.1000000015
39506  42.227  -43.685  71.442 0.1000000015
39507  41.653  -44.320  71.163 0.1000000015
39505  47.416  -43.705  71.461 0.4000000060
41220  43.577  -41.811  72.084 0.1000000015
40348  42.387  -42.666  71.273 0.1000000015
40349  41.753  -43.425  70.841 0.1000000015
41226  25.807  -42.194  72.156 0.1000000015
40322  31.545  -42.892  73.490 0.1000000015
41203  31.010  -42.303  73.171 0.1000000015
124289  30.506  -42.120  73.592 0.1000000015
40310  25.694  -42.881  74.384 0.1000000015
106199  40.094  -45.477  72.212 0.1000000015
38483  20.130  -45.617  76.990 0.1000000015
39474  44.077  -43.365  72.863 0.1000000015
37570  46.102  -44.992  72.081 0.3000000119
115401  45.335  -44.131  73.114 0.3000000119
39473  44.806  -43.397  73.144 0.1000000015
40333  43.912  -42.444  72.497 0.1000000015
38498  21.464  -45.572  76.158 0.1000000015
38555  46.875  -44.182  71.723 0.4000000060
38556  46.345  -44.269  72.289 0.4000000060
41219  44.294  -41.670  72.417 0.1000000015
41238  42.917  -41.626  71.455 0.1000000015
125387  42.181  -41.837  70.956 0.1000000015
41239  41.724  -42.450  70.639 0.1000000015
38510  22.503  -44.975  75.178 0.1000000015
40330  47.759  -42.186  72.275 0.2000000030
42110  44.130  -40.601  71.544 0.1000000015
41237  43.739  -41.158  71.866 0.1000000015
42108  49.239  -40.903  71.456 0.3000000119
41216  48.155  -41.507  72.229 0.2000000030
39480  32.680  -43.678  73.557 0.2000000030
39457  37.721  -44.434  73.910 0.2000000030
125809  28.671  -41.503  73.347 0.1000000015
38482  20.884  -45.671  76.787 0.1000000015
38536  45.801  -43.825  72.880 0.3000000119
39472  45.371  -43.313  73.078 0.2000000030
40319  45.233  -42.615  72.949 0.1000000015
41202  44.900  -42.065  72.714 0.1000000015
39489  46.285  -43.519  72.643 0.2000000030
39471  45.940  -43.010  72.941 0.2000000030
40318  45.755  -42.336  72.836 0.2000000030
41201  45.497  -41.909  72.745 0.1000000015
40332  46.474  -42.954  72.675 0.2000000030
40317  46.291  -42.328  72.767 0.2000000030
41200  45.899  -41.681  72.702 0.1000000015
40347  47.662  -42.920  71.918 0.3000000119
41198  46.685  -41.791  72.712 0.2000000030
42091  46.031  -40.844  72.420 0.1000000015
108590  44.513  -40.980  72.178 0.1000000015
42090  48.093  -39.973  72.373 0.2000000030
116395  47.717  -40.829  72.438 0.2000000030
42989  46.730  -40.729  72.462 0.1000000015
43005  45.480  -40.563  72.101 0.1000000015
42109  44.860  -40.518  71.884 0.1000000015
41253  42.411  -41.148  70.751 0.1000000015
43979  48.043  -38.905  72.079 0.2000000030
43004  46.696  -40.345  72.195 0.1000000015
105597  46.011  -40.433  71.992 0.1000000015
43019  45.475  -40.229  71.473 0.1000000015
43034  43.468  -40.114  70.305 0.1000000015
42111  43.281  -40.694  71.064 0.1000000015
43989  47.844  -38.626  71.589 0.1000000015
43990  47.205  -39.195  71.176 0.1000000015
43018  46.518  -39.928  71.461 0.1000000015
43049  45.453  -39.558  69.767 0.1000000015
43033  45.205  -39.952  70.639 0.1000000015
43020  44.622  -40.262  71.155 0.1000000015
43021  43.926  -40.230  70.922 0.1000000015
39458  36.363  -44.409  74.446 0.2000000030
39459  35.634  -44.416  74.072 0.2000000030
105857  38.829  -45.174  72.531 0.1000000015
38543  37.967  -44.774  72.981 0.1000000015
38577  40.046  -45.420  71.394 0.1000000015
39522  41.099  -44.145  70.607 0.1000000015
42129  42.700  -40.522  70.246 0.1000000015
44011  47.484  -38.310  70.008 0.1000000015
44001  47.080  -38.942  70.266 0.1000000015
44002  46.437  -39.326  69.857 0.1000000015
112699  44.423  -39.906  70.253 0.1000000015
44012  47.028  -38.649  69.267 0.1000000015
44013  46.172  -39.048  68.969 0.1000000015
44014  45.177  -39.175  68.838 0.1000000015
43050  44.597  -39.533  69.420 0.1000000015
43068  43.804  -39.724  69.542 0.1000000015
43051  42.892  -39.947  69.526 0.1000000015
44015  44.143  -39.240  68.757 0.1000000015
124127  43.365  -39.504  68.989 0.1000000015
38544  37.130  -44.503  73.310 0.1000000015
38592  40.296  -44.779  70.618 0.1000000015
41254  41.772  -41.616  70.394 0.1000000015
45004  47.344  -38.022  68.587 0.1000000015
44025  46.737  -38.417  68.310 0.1000000015
44026  45.790  -38.671  68.175 0.1000000015
44027  44.807  -38.785  68.104 0.1000000015
118434  44.019  -38.859  68.013 0.1000000015
44028  43.359  -39.133  68.338 0.1000000015
44047  43.415  -38.650  67.481 0.1000000015
40360  41.144  -43.148  70.291 0.1000000015
47924  51.480  -34.683  69.502 0.4000000060
107522  51.281  -33.901  69.809 0.4000000060
47925  50.664  -34.246  69.826 0.3000000119
48763  50.838  -33.507  69.997 0.3000000119
47910  49.354  -34.498  70.272 0.2000000030
48756  49.656  -33.704  70.157 0.2000000030
47912  48.038  -34.503  70.118 0.1000000015
47019  47.797  -35.070  70.110 0.1000000015
45996  47.591  -35.631  69.805 0.1000000015
46006  47.424  -35.957  69.119 0.1000000015
45013  47.577  -37.132  68.702 0.1000000015
45014  47.187  -37.484  67.800 0.1000000015
45015  46.289  -38.013  67.583 0.1000000015
44045  45.337  -38.241  67.482 0.1000000015
44046  44.407  -38.398  67.431 0.1000000015
42149  42.270  -40.425  69.657 0.1000000015
42130  41.966  -40.906  70.088 0.1000000015
47938  52.476  -34.581  69.219 0.4000000060
48762  51.482  -33.449  69.888 0.4000000060
107506  52.767  -33.845  69.384 0.4000000060
48761  52.122  -33.263  69.765 0.3000000119
48764  48.666  -33.658  70.006 0.1000000015
123308  47.010  -34.548  69.156 0.1000000015
41266  41.332  -41.366  69.736 0.1000000015
108437  53.590  -32.965  68.996 0.4000000060
49636  51.281  -32.873  70.011 0.3000000119
49627  50.293  -33.223  70.083 0.1000000015
49628  49.441  -33.422  70.049 0.1000000015
114066  53.474  -32.516  67.543 0.6000000238
123618  53.491  -32.238  67.103 0.6000000238
48758  48.405  -34.077  70.135 0.1000000015
47927  47.368  -34.249  69.375 0.1000000015
49679  53.096  -32.300  66.531 0.6000000238
47033  47.275  -35.017  69.346 0.1000000015
47047  47.106  -35.161  68.596 0.1000000015
46025  46.899  -36.467  67.255 0.1000000015
110257  52.978  -33.000  69.435 0.4000000060
49640  47.891  -33.649  69.506 0.1000000015
46015  47.378  -36.248  68.072 0.1000000015
45027  45.798  -37.567  66.960 0.1000000015
45028  44.914  -37.816  66.795 0.1000000015
49635  52.170  -32.695  69.767 0.3000000119
49637  50.605  -32.741  70.024 0.2000000030
108520  48.341  -33.598  69.756 0.1000000015
48766  47.591  -33.922  69.444 0.1000000015
49667  53.618  -32.279  68.048 0.5000000000
45026  46.570  -37.308  67.150 0.1000000015
46026  46.162  -36.710  66.724 0.1000000015
118568  46.309  -35.572  66.948 0.1000000015
49658  53.649  -32.266  68.729 0.4000000060
49647  53.383  -32.235  69.171 0.3000000119
50513  51.866  -32.242  69.811 0.3000000119
49638  49.935  -32.972  69.992 0.1000000015
47048  46.559  -34.467  68.041 0.1000000015
50569  53.859  -31.589  66.737 0.6000000238
52480  59.462  -29.578  53.965 0.4000000060
53479  60.080  -29.003  54.412 0.4000000060
53466  59.960  -28.694  55.103 0.5000000000
53467  59.122  -28.931  55.276 0.5000000000
53468  58.116  -29.054  55.467 0.5000000000
54401  57.746  -28.013  55.442 0.5000000000
52493  58.640  -30.019  53.581 0.2000000030
52467  58.432  -29.723  55.143 0.5000000000
53469  57.171  -28.874  55.423 0.5000000000
126426  46.376  -34.953  67.496 0.1000000015
47063  46.901  -35.447  67.643 0.1000000015
50525  52.460  -31.637  69.532 0.3000000119
50515  50.373  -32.498  69.908 0.1000000015
49639  48.998  -33.297  69.828 0.1000000015
47939  47.010  -34.052  69.005 0.1000000015
112418  57.245  -26.715  55.161 0.5000000000
53486  60.416  -28.403  54.058 0.5000000000
119090  58.786  -28.175  55.499 0.5000000000
118870  56.819  -27.779  55.170 0.5000000000
47034  46.938  -34.411  68.898 0.1000000015
50539  53.671  -31.718  68.365 0.5000000000
50524  53.139  -31.700  69.284 0.3000000119
50514  51.083  -32.341  69.927 0.3000000119
49641  47.450  -33.591  69.127 0.1000000015
50554  53.838  -31.455  67.718 0.5000000000
49672  53.763  -31.834  67.364 0.6000000238
48770  47.202  -33.824  69.057 0.1000000015
50581  54.371  -30.928  66.287 0.6000000238
53495  60.237  -28.335  53.199 0.5000000000
49649  48.797  -32.832  69.415 0.1000000015
50526  51.629  -31.721  69.695 0.3000000119
50540  53.542  -31.522  68.872 0.5000000000
37504  33.359  -45.575  79.082 0.4000000060
38462  33.745  -45.313  78.331 0.4000000060
37511  33.912  -45.844  78.154 0.5000000000
30210  13.368  -52.958  83.431 0.1000000015
30202  12.111  -53.419  83.989 0.1000000015
31121  11.901  -52.820  84.534 0.1000000015
31152  13.835  -51.987  80.500 0.1000000015
31153  12.978  -52.376  80.460 0.1000000015
116362  11.991  -50.539  85.231 0.1000000015
31163  14.716  -51.949  79.294 0.1000000015
33766  11.634  -49.999  84.990 0.1000000015
30226  11.705  -53.700  81.319 0.1000000015
33777  12.418  -49.526  82.833 0.1000000015
31175  13.951  -52.401  78.097 0.1000000015
53465  60.354  -28.376  54.745 0.6000000238
39415  31.624  -43.741  79.191 0.2000000030
40265  30.119  -42.997  78.810 0.2000000030
40274  31.307  -43.211  77.476 0.2000000030
40275  28.938  -42.587  77.738 0.1000000015
40268  27.747  -42.973  78.299 0.1000000015
40285  31.230  -43.031  76.380 0.2000000030
40278  26.354  -43.154  76.915 0.1000000015
108605  28.234  -41.878  74.697 0.1000000015
110693  15.050  -51.791  81.053 0.1000000015
31161  16.008  -52.609  79.198 0.1000000015
31127  16.525  -53.042  84.747 0.1000000015
32038  16.470  -51.654  85.269 0.1000000015
31116  17.573  -52.413  84.723 0.1000000015
32922  16.206  -50.582  83.452 0.2000000030
40300  26.443  -42.836  75.522 0.1000000015
31118  15.847  -52.765  85.113 0.1000000015
32039  15.838  -51.513  85.408 0.1000000015
32919  16.035  -50.637  84.530 0.1000000015
113763  14.909  -49.041  84.296 0.2000000030
35567  15.071  -47.573  84.306 0.2000000030
124876  13.282  -52.576  81.883 0.1000000015
31119  14.432  -52.722  84.912 0.1000000015
31164  13.729  -52.074  79.653 0.1000000015
29303  11.286  -54.146  78.983 0.1000000015
123054  12.594  -53.362  77.193 0.1000000015
32920  15.481  -50.341  85.072 0.1000000015
33762  14.832  -50.294  85.405 0.1000000015
32914  13.978  -50.439  85.604 0.1000000015
31184  14.719  -52.503  77.617 0.1000000015
33769  14.530  -48.702  84.683 0.2000000030
33768  14.768  -49.543  84.888 0.1000000015
34650  14.092  -48.459  85.077 0.1000000015
36544  14.808  -46.575  83.714 0.2000000030
36545  14.252  -47.008  84.113 0.2000000030
35569  13.761  -47.685  84.410 0.2000000030
109428  15.336  -46.169  81.965 0.2000000030
37457  15.165  -46.300  83.264 0.3000000119
37491  15.815  -45.969  81.285 0.2000000030
114699  14.801  -46.903  80.919 0.2000000030
114435  13.673  -48.968  85.380 0.1000000015
33763  14.170  -49.616  85.406 0.1000000015
34656  13.150  -48.173  84.857 0.2000000030
37490  16.511  -45.731  81.600 0.3000000119
30211  12.527  -53.348  83.442 0.1000000015
31144  12.884  -52.784  81.449 0.1000000015
30232  11.714  -53.573  80.376 0.1000000015
29286  11.160  -54.154  80.829 0.1000000015
29287  10.596  -54.629  80.362 0.1000000015
30251  12.400  -53.041  78.966 0.1000000015
127409  12.995  -48.970  85.445 0.1000000015
34657  12.604  -48.741  84.617 0.1000000015
34662  13.395  -48.493  82.039 0.2000000030
34658  12.143  -49.360  84.304 0.1000000015
32916  11.269  -50.703  84.853 0.1000000015
33774  11.820  -49.922  83.632 0.1000000015
38521  43.482  -45.364  73.552 0.3000000119
38574  46.522  -44.763  71.629 0.4000000060
39488  46.914  -43.480  72.208 0.3000000119
40346  48.285  -42.278  71.706 0.2000000030
40331  47.051  -42.473  72.543 0.2000000030
41217  47.349  -41.625  72.547 0.2000000030
42089  48.616  -40.604  72.065 0.3000000119
41199  46.216  -41.703  72.690 0.2000000030
42073  46.226  -41.248  72.611 0.1000000015
42092  45.266  -40.922  72.350 0.1000000015
42072  46.828  -41.144  72.625 0.2000000030
110859  47.355  -40.382  72.358 0.2000000030
43003  47.759  -39.677  72.267 0.2000000030
43980  47.444  -39.615  71.947 0.2000000030
115099  47.249  -40.206  72.273 0.1000000015
43032  45.998  -39.836  70.591 0.1000000015
119974  46.632  -39.468  70.642 0.1000000015
47909  49.926  -34.794  69.951 0.2000000030
48755  50.147  -33.902  70.104 0.2000000030
47911  48.549  -34.544  70.326 0.2000000030
47020  47.520  -34.865  69.734 0.1000000015
48769  53.381  -33.726  68.988 0.4000000060
49648  52.699  -32.231  69.538 0.3000000119
49668  53.435  -33.175  67.829 0.5000000000
53487  60.133  -29.031  53.433 0.5000000000
52466  59.333  -29.402  54.809 0.5000000000
52468  57.386  -29.841  55.305 0.4000000060
52481  58.637  -29.966  54.505 0.4000000060
111694  11.890  -50.078  82.669 0.1000000015
122797  33.488  -46.175  78.807 0.5000000000
36574  32.668  -45.672  79.598 0.4000000060
35642  34.074  -46.853  77.664 0.6000000238
35643  33.567  -46.878  78.077 0.6000000238
35630  33.052  -46.661  78.849 0.6000000238
35631  32.702  -46.492  79.087 0.6000000238
35680  34.273  -47.645  76.682 0.8000000119
35661  33.846  -47.399  77.401 0.6999999881
35662  33.376  -47.227  77.746 0.6000000238
35644  33.176  -46.903  78.342 0.6999999881
34721  34.554  -47.916  76.047 0.6999999881
122964  33.820  -47.770  76.925 0.6999999881
34705  33.413  -47.713  77.090 0.6999999881
34743  34.183  -48.363  75.520 0.6999999881
34722  33.845  -48.040  76.373 0.6999999881
121651  32.602  -46.082  79.478 0.6000000238
36575  32.259  -45.720  79.603 0.5000000000
115411  34.883  -47.942  75.259 0.6999999881
34723  33.236  -48.048  76.375 0.6999999881
34724  32.839  -47.910  76.447 0.6000000238
37727  27.120  -45.370  59.498 0.2000000030
38711  27.740  -44.924  60.103 0.3000000119
125230  26.662  -45.310  58.779 0.3000000119
38722  27.591  -44.453  59.253 0.3000000119
37695  29.037  -45.739  61.930 0.3000000119
37708  28.106  -45.463  60.732 0.3000000119
38701  28.664  -44.965  61.018 0.3000000119
38710  28.449  -44.580  60.445 0.3000000119
38721  28.213  -44.087  59.739 0.3000000119
39615  28.809  -43.698  60.187 0.3000000119
39639  27.479  -43.944  58.361 0.2000000030
39625  27.951  -43.541  59.001 0.3000000119
123172  28.355  -42.882  58.841 0.2000000030
38694  29.714  -45.204  62.228 0.3000000119
38700  29.266  -44.878  61.514 0.3000000119
38709  29.061  -44.214  60.858 0.3000000119
39624  28.549  -43.236  59.490 0.3000000119
39638  27.962  -43.005  58.042 0.2000000030
39600  31.483  -43.855  62.478 0.3000000119
39601  30.778  -43.897  62.124 0.3000000119
39608  30.523  -43.525  61.566 0.3000000119
39609  29.728  -43.824  61.299 0.3000000119
40532  28.741  -42.473  56.433 0.2000000030
39623  29.170  -42.857  59.896 0.3000000119
40473  29.884  -42.521  60.258 0.3000000119
40510  28.483  -42.324  57.422 0.2000000030
40493  29.281  -41.828  58.713 0.2000000030
40485  28.869  -42.475  59.181 0.2000000030
40484  29.564  -42.092  59.526 0.2000000030
40494  28.625  -42.337  58.356 0.2000000030
39607  31.359  -43.359  61.790 0.4000000060
40461  31.059  -42.816  61.214 0.3000000119
39613  30.215  -43.014  60.941 0.3000000119
40472  30.740  -42.366  60.505 0.3000000119
40483  30.398  -41.904  59.777 0.2000000030
41386  30.046  -41.460  59.046 0.3000000119
40509  29.075  -41.765  57.779 0.2000000030
39599  32.391  -43.362  61.914 0.4000000060
40471  31.672  -42.380  60.639 0.3000000119
41385  30.982  -41.446  59.221 0.3000000119
40359  48.630  -42.690  70.284 0.3000000119
39520  48.031  -43.448  70.298 0.3000000119
39521  47.581  -43.856  70.776 0.3000000119
39533  48.270  -43.168  69.796 0.5000000000
40375  48.616  -42.607  69.539 0.6000000238
39504  48.132  -43.082  71.064 0.3000000119
123696  48.810  -42.215  70.987 0.3000000119
41236  48.785  -41.495  71.564 0.3000000119
41252  49.582  -41.493  70.158 0.3000000119
43309  41.641  -39.220  51.243 0.1000000015
106422  40.606  -38.599  51.467 0.1000000015
44289  40.115  -37.999  51.784 0.1000000015
45252  39.177  -37.466  52.635 0.2000000030
46050  52.888  -36.115  66.215 0.5000000000
47072  52.912  -35.614  66.345 0.6000000238
115419  52.654  -35.566  65.972 0.6999999881
47084  52.170  -35.693  65.439 0.6999999881
48800  51.773  -34.096  65.914 0.8000000119
107060  46.893  -30.428  54.175 0.2000000030
58758  56.621  -22.543  59.784 0.2000000030
59698  57.580  -21.675  58.608 0.2000000030
57836  54.872  -24.182  62.141 0.1000000015
59700  56.093  -22.178  57.882 0.2000000030
58768  55.701  -22.564  58.530 0.2000000030
59699  56.572  -22.096  58.500 0.2000000030
59708  56.911  -21.754  57.667 0.2000000030
59707  57.799  -21.312  57.904 0.2000000030
60589  59.125  -20.589  57.495 0.3000000119
57907  60.041  -23.046  55.726 0.4000000060
57917  60.409  -23.947  55.456 0.4000000060
56002  54.901  -25.880  63.380 0.1000000015
105872  54.997  -26.898  63.420 0.5000000000
111239  54.823  -23.842  61.357 0.1000000015
57860  54.661  -23.624  60.484 0.2000000030
58747  55.217  -23.155  59.997 0.2000000030
58760  54.959  -22.937  59.099 0.1000000015
59716  57.600  -21.187  57.061 0.2000000030
60590  58.503  -20.778  57.597 0.2000000030
61412  59.149  -19.924  56.769 0.2000000030
108042  59.642  -21.013  56.927 0.2000000030
126060  59.894  -22.396  55.992 0.4000000060
108889  60.141  -24.123  54.927 0.4000000060
57017  59.947  -24.663  54.534 0.5000000000
56907  54.536  -25.373  63.139 0.1000000015
56918  54.004  -24.907  62.553 0.1000000015
58759  55.801  -22.762  59.455 0.2000000030
59709  56.080  -22.097  57.111 0.2000000030
119573  56.769  -21.672  56.619 0.2000000030
109902  56.575  -21.656  55.840 0.1000000015
61414  58.167  -20.381  56.586 0.2000000030
59717  57.307  -21.071  55.938 0.2000000030
61413  58.888  -20.021  56.874 0.2000000030
60587  59.593  -20.442  56.823 0.2000000030
60596  59.822  -20.862  56.210 0.2000000030
57918  59.847  -23.465  55.139 0.4000000060
57029  59.052  -24.571  54.194 0.3000000119
56126  58.781  -25.522  53.606 0.4000000060
56929  54.299  -24.504  62.158 0.1000000015
56930  53.620  -24.571  61.786 0.1000000015
58769  54.826  -22.941  58.161 0.1000000015
62287  58.372  -18.640  55.096 0.2000000030
62278  58.503  -19.020  55.520 0.2000000030
61433  58.019  -19.172  55.305 0.2000000030
60607  57.757  -20.011  55.635 0.2000000030
61424  59.108  -19.397  56.311 0.2000000030
62277  58.826  -18.961  55.678 0.2000000030
61423  59.533  -19.496  56.235 0.1000000015
61422  59.790  -19.903  56.371 0.2000000030
106873  59.968  -20.102  56.044 0.3000000119
59730  59.636  -21.794  55.765 0.3000000119
57930  59.529  -23.898  54.585 0.3000000119
57861  53.827  -23.805  60.181 0.1000000015
58776  55.456  -22.565  57.573 0.1000000015
59731  56.587  -21.354  55.178 0.1000000015
62286  58.937  -18.477  55.285 0.2000000030
62276  59.074  -18.981  55.807 0.2000000030
62275  59.684  -19.378  55.915 0.1000000015
57931  58.565  -23.671  54.160 0.3000000119
60608  56.981  -20.521  55.028 0.1000000015
63145  58.624  -18.134  54.683 0.2000000030
58785  55.445  -22.526  56.614 0.2000000030
59718  56.102  -22.101  56.188 0.1000000015
59732  56.102  -21.967  55.346 0.1000000015
61434  57.226  -19.494  54.848 0.2000000030
62288  57.541  -18.740  54.666 0.2000000030
63159  58.214  -17.792  54.069 0.2000000030
62297  56.596  -18.911  54.149 0.2000000030
63146  57.919  -18.259  54.451 0.2000000030
61443  56.387  -19.944  54.371 0.2000000030
63147  57.175  -18.307  54.065 0.2000000030
64139  57.891  -16.845  53.070 0.2000000030
64129  57.715  -17.423  53.526 0.2000000030
111564  57.626  -17.935  53.936 0.2000000030
65076  58.424  -16.469  51.379 0.1000000015
113680  58.776  -16.551  51.167 0.1000000015
64151  57.573  -16.621  52.506 0.1000000015
65063  58.157  -16.549  52.626 0.1000000015
65069  57.900  -16.429  52.176 0.1000000015
65086  58.815  -16.723  50.765 0.1000000015
64185  59.723  -17.419  49.813 0.1000000015
65077  57.940  -16.409  51.649 0.1000000015
65087  58.392  -16.801  50.542 0.1000000015
64186  59.400  -17.381  49.611 0.1000000015
64179  58.896  -17.032  50.132 0.1000000015
34706  33.211  -47.796  76.982 0.6999999881
37709  27.412  -45.779  60.421 0.2000000030
112096  42.150  -40.098  51.418 0.1000000015
40345  49.159  -42.003  70.419 0.3000000119
55155  55.357  -26.213  63.226 0.4000000060
56917  54.945  -24.768  62.790 0.2000000030
37696  28.522  -45.643  61.362 0.3000000119
118382  40.783  -39.338  51.333 0.1000000015
59687  58.034  -21.795  59.571 0.2000000030
36585  33.087  -46.172  79.299 0.4000000060
41235  49.397  -41.430  70.874 0.3000000119
35629  33.340  -46.572  78.696 0.6999999881
39614  29.469  -43.331  60.589 0.3000000119
58767  56.318  -22.404  59.091 0.2000000030
59688  57.082  -22.123  59.260 0.2000000030
61411  59.590  -20.021  56.677 0.2000000030
59715  59.687  -21.561  56.622 0.3000000119
59729  59.780  -21.564  56.119 0.3000000119
57849  54.155  -24.129  61.559 0.1000000015
61425  58.526  -19.478  56.046 0.2000000030
60606  59.807  -20.708  55.902 0.3000000119
31159  19.161  -53.114  78.847 0.3000000119
30247  19.688  -53.712  78.492 0.3000000119
31160  18.645  -52.508  79.203 0.4000000060
31170  19.069  -53.149  77.945 0.4000000060
31171  18.598  -52.491  78.283 0.3000000119
32075  17.495  -51.102  78.895 0.2000000030
127583  19.218  -53.071  79.696 0.3000000119
30238  19.813  -53.786  79.625 0.3000000119
34671  15.938  -47.957  82.137 0.2000000030
31148  18.881  -52.607  80.342 0.3000000119
32068  17.523  -51.228  79.923 0.2000000030
32935  16.871  -50.844  81.190 0.2000000030
112706  16.890  -50.694  80.294 0.2000000030
32936  16.298  -50.158  80.696 0.2000000030
34767  35.225  -47.933  74.388 0.6000000238
32061  17.588  -51.298  80.868 0.2000000030
123226  15.887  -49.477  81.199 0.2000000030
32928  16.196  -50.381  81.558 0.2000000030
118329  34.356  -47.203  77.115 0.6000000238
35696  35.296  -47.406  75.781 0.6999999881
125068  34.734  -47.587  76.230 0.6999999881
34766  36.318  -47.581  74.086 0.6000000238
114690  35.779  -47.441  74.935 0.6000000238
33776  15.388  -49.336  82.615 0.2000000030
33781  15.566  -48.895  81.859 0.2000000030
33775  15.659  -49.800  81.978 0.2000000030
115162  13.362  -48.865  79.550 0.1000000015
35603  24.749  -47.394  81.428 0.3000000119
125889  32.080  -45.248  79.757 0.3000000119
35659  35.597  -46.465  76.421 0.5000000000
35660  34.697  -46.647  77.030 0.5000000000
36596  34.361  -46.251  77.582 0.5000000000
35695  36.498  -47.027  75.339 0.5000000000
35678  35.977  -46.833  75.947 0.6000000238
35679  34.931  -47.121  76.427 0.6000000238
34741  37.703  -47.425  74.810 0.6000000238
126200  37.167  -47.179  75.036 0.6000000238
120219  37.262  -47.499  74.331 0.6000000238
34742  36.787  -47.291  74.753 0.6000000238
35582  25.127  -47.065  81.532 0.3000000119
36553  24.730  -46.806  81.599 0.2000000030
106826  36.213  -45.929  76.451 0.4000000060
127271  35.566  -45.620  76.741 0.4000000060
38461  34.468  -45.419  77.464 0.3000000119
123741  36.909  -46.712  75.610 0.6000000238
123848  36.947  -46.018  76.239 0.5000000000
35694  37.603  -47.072  75.258 0.6999999881
107553  38.272  -47.945  73.804 0.6000000238
122698  38.391  -47.638  74.719 0.6999999881
39478  34.287  -44.208  73.146 0.2000000030
39495  33.649  -44.047  72.587 0.1000000015
39494  34.409  -44.390  72.287 0.1000000015
37519  35.357  -45.338  76.856 0.3000000119
35676  38.460  -47.068  75.379 0.5000000000
35751  43.535  -47.244  71.342 0.6000000238
35738  43.038  -47.488  72.049 0.5000000000
35759  43.571  -47.246  70.584 0.5000000000
35767  44.054  -47.044  70.271 0.4000000060
35758  44.237  -46.891  70.894 0.4000000060
35750  44.222  -46.857  71.579 0.4000000060
36682  45.132  -46.278  71.354 0.4000000060
35749  44.654  -46.597  71.294 0.4000000060
37584  46.515  -45.059  70.952 0.4000000060
37585  46.032  -45.382  71.602 0.4000000060
38591  47.141  -44.408  70.535 0.3000000119
42127  50.239  -40.242  69.968 0.4000000060
42148  50.569  -39.780  69.173 0.5000000000
117659  50.249  -40.454  69.264 0.4000000060
52469  56.479  -30.000  55.111 0.2000000030
52470  55.681  -29.892  54.838 0.3000000119
54427  60.007  -28.104  52.509 0.3000000119
121890  51.730  -28.388  53.410 0.2000000030
43030  50.704  -39.130  69.248 0.5000000000
43066  50.874  -39.505  68.375 0.5000000000
122833  51.197  -38.495  68.654 0.5000000000
44024  51.773  -38.203  67.923 0.5000000000
44992  50.516  -37.900  69.441 0.4000000060
45012  51.742  -37.595  68.301 0.4000000060
57887  59.914  -23.635  56.890 0.5000000000
46004  51.527  -36.175  68.926 0.4000000060
45001  51.626  -36.891  68.570 0.4000000060
58775  59.569  -23.023  57.676 0.3000000119
120676  52.856  -36.797  67.181 0.4000000060
46013  53.057  -35.685  68.015 0.4000000060
47977  53.102  -34.984  66.900 0.5000000000
47992  52.771  -35.048  66.388 0.5000000000
53340  54.670  -28.698  64.444 0.3000000119
52364  54.768  -29.375  64.743 0.4000000060
115440  54.728  -29.958  65.396 0.5000000000
48799  52.396  -34.186  66.385 0.5000000000
55156  54.705  -26.438  63.517 0.3000000119
51441  54.417  -30.470  66.591 0.4000000060
48788  53.219  -34.091  67.473 0.5000000000
118769  54.643  -29.445  65.472 0.4000000060
51450  54.591  -30.344  65.974 0.5000000000
49673  53.085  -33.134  67.238 0.5000000000
51430  54.144  -30.742  67.366 0.4000000060
50568  54.228  -31.138  66.996 0.4000000060
52355  54.544  -29.802  66.134 0.4000000060
51421  53.718  -31.103  68.148 0.4000000060
52341  53.705  -29.773  67.319 0.4000000060
51431  53.770  -30.387  67.756 0.4000000060
52349  53.369  -29.335  66.759 0.4000000060
32067  18.118  -51.869  79.581 0.2000000030
32943  16.554  -49.838  79.900 0.2000000030
29324  19.660  -55.011  74.628 0.2000000030
36690  44.963  -46.449  70.889 0.4000000060
36681  45.684  -45.849  71.056 0.4000000060
42167  49.903  -40.586  68.511 0.5000000000
42166  50.482  -40.033  68.544 0.5000000000
51636  49.098  -30.115  53.685 0.2000000030
53490  50.980  -27.812  53.400 0.2000000030
53489  52.421  -27.935  53.404 0.3000000119
53483  53.140  -28.492  53.693 0.2000000030
46035  53.027  -36.246  66.562 0.4000000060
122020  59.651  -22.207  56.957 0.3000000119
35581  26.130  -47.068  81.386 0.2000000030
109604  51.345  -38.939  68.170 0.5000000000
49674  52.648  -33.349  66.701 0.5000000000
53341  54.303  -28.401  64.795 0.3000000119
35658  36.731  -46.382  76.055 0.4000000060
38477  35.027  -45.154  76.964 0.3000000119
32925  16.191  -50.492  82.450 0.1000000015
39479  33.454  -43.960  73.548 0.2000000030
122860  56.673  -29.451  55.309 0.3000000119
37510  34.798  -45.727  77.246 0.4000000060
36597  33.708  -46.447  78.238 0.5000000000
47071  53.155  -35.619  66.862 0.5000000000
54282  54.537  -27.099  63.757 0.4000000060
32927  16.945  -50.934  82.175 0.2000000030
36609  35.192  -46.058  76.888 0.4000000060
35693  38.443  -47.447  75.065 0.5000000000
34765  37.971  -47.725  74.312 0.6000000238
35677  37.666  -46.624  75.626 0.5000000000
113989  50.920  -39.221  68.746 0.5000000000
45002  51.099  -37.740  68.846 0.4000000060
58784  59.879  -23.009  56.844 0.5000000000
47976  53.291  -34.753  67.552 0.4000000060
48789  52.832  -34.204  66.908 0.5000000000
53331  54.588  -28.973  65.153 0.3000000119
52340  54.272  -30.036  67.004 0.4000000060
36608  37.630  -46.134  75.993 0.3000000119
36621  38.416  -46.529  75.697 0.3000000119
37517  37.991  -45.694  76.064 0.2000000030
36620  39.019  -46.276  75.830 0.2000000030
123819  38.597  -45.847  75.959 0.3000000119
34812  40.783  -48.370  72.923 0.5000000000
35710  40.525  -47.853  74.852 0.6000000238
34739  39.727  -47.819  74.881 0.5000000000
34763  39.463  -48.063  74.322 0.6000000238
34764  38.700  -47.879  74.294 0.6000000238
105637  34.947  -44.381  73.618 0.1000000015
35722  43.118  -46.918  73.289 0.3000000119
36643  43.002  -46.514  73.762 0.3000000119
36644  42.454  -46.325  74.195 0.2000000030
35723  42.609  -47.447  73.252 0.4000000060
36631  41.895  -46.777  74.614 0.2000000030
34784  42.040  -47.947  73.127 0.4000000060
123592  42.169  -47.651  73.780 0.3000000119
36632  41.310  -46.603  75.161 0.2000000030
37525  39.079  -45.726  75.846 0.2000000030
34785  41.285  -48.219  73.446 0.5000000000
35691  41.484  -47.209  74.871 0.2000000030
39477  35.709  -44.440  73.244 0.1000000015
105703  35.046  -44.446  72.801 0.1000000015
39393  31.414  -44.551  79.936 0.1000000015
109901  30.939  -43.990  80.089 0.1000000015
39394  30.033  -43.933  80.239 0.1000000015
36658  43.629  -46.381  73.349 0.3000000119
37544  43.251  -46.037  73.799 0.3000000119
35721  43.771  -46.806  72.730 0.3000000119
112150  43.159  -47.249  72.672 0.4000000060
120082  44.304  -46.682  72.184 0.3000000119
36657  44.441  -46.149  72.762 0.3000000119
37560  43.982  -45.698  73.429 0.3000000119
37559  44.599  -45.389  73.107 0.3000000119
36671  45.066  -45.999  72.196 0.3000000119
41512  43.268  -41.619  51.689 0.1000000015
46209  50.928  -36.446  54.416 0.1000000015
38539  44.343  -44.911  73.324 0.2000000030
37558  45.098  -45.431  72.661 0.3000000119
40595  43.953  -42.260  51.888 0.1000000015
41500  43.982  -41.439  52.060 0.1000000015
42382  44.452  -40.943  52.249 0.1000000015
45228  52.080  -37.260  54.889 0.1000000015
47203  50.673  -35.585  54.966 0.1000000015
45208  54.693  -37.343  56.304 0.1000000015
45209  53.729  -37.295  55.902 0.1000000015
45211  52.126  -36.831  55.357 0.1000000015
46208  51.586  -36.816  54.823 0.1000000015
46185  51.825  -36.285  55.646 0.1000000015
46186  51.275  -36.136  55.160 0.1000000015
48101  49.717  -34.384  54.677 0.1000000015
47204  50.039  -35.195  54.279 0.1000000015
48111  49.396  -34.778  53.707 0.1000000015
48112  48.640  -34.406  53.213 0.1000000015
45191  55.272  -36.579  56.737 0.1000000015
45192  54.369  -36.562  56.748 0.1000000015
45210  52.717  -37.238  55.464 0.1000000015
48085  54.430  -34.717  56.873 0.1000000015
47188  55.008  -35.186  56.537 0.1000000015
125037  52.989  -33.871  56.700 0.1000000015
48875  53.152  -33.975  57.198 0.1000000015
48876  52.376  -33.470  57.189 0.1000000015
47200  55.368  -35.579  55.844 0.1000000015
48059  53.954  -34.536  57.226 0.1000000015
48864  52.759  -33.925  57.481 0.1000000015
48865  52.219  -33.527  57.372 0.1000000015
48866  51.723  -33.353  57.273 0.1000000015
48060  53.390  -34.407  57.428 0.1000000015
48061  52.913  -34.262  57.559 0.1000000015
48867  51.137  -33.170  57.083 0.1000000015
47171  55.180  -35.514  56.881 0.1000000015
47172  54.614  -35.051  57.189 0.1000000015
48062  52.247  -33.878  57.506 0.1000000015
48063  51.540  -33.624  57.269 0.1000000015
49763  50.880  -32.665  56.780 0.1000000015
47157  53.961  -34.776  57.407 0.1000000015
47158  53.370  -34.814  57.518 0.1000000015
47159  52.506  -34.566  57.479 0.1000000015
47160  51.685  -34.227  57.303 0.1000000015
48877  50.563  -33.064  56.700 0.1000000015
46161  54.852  -35.741  57.155 0.1000000015
47174  52.741  -35.309  57.269 0.1000000015
47175  51.878  -35.066  57.051 0.1000000015
115984  50.931  -33.715  56.936 0.1000000015
48887  49.999  -32.999  56.161 0.1000000015
126876  49.788  -33.341  55.842 0.1000000015
46142  54.115  -35.246  57.400 0.1000000015
47173  53.475  -35.453  57.358 0.1000000015
47176  51.139  -34.597  56.662 0.1000000015
111560  50.544  -34.160  56.364 0.1000000015
48888  49.413  -32.979  55.523 0.1000000015
48088  50.652  -34.806  55.809 0.1000000015
48898  49.439  -33.546  55.169 0.1000000015
46162  53.947  -35.918  57.248 0.1000000015
120803  50.249  -34.807  55.071 0.1000000015
48102  49.183  -33.830  54.056 0.1000000015
46164  52.203  -35.809  56.512 0.1000000015
48900  47.967  -32.922  53.979 0.1000000015
47190  51.373  -35.483  55.978 0.1000000015
46163  53.024  -35.979  56.879 0.1000000015
46184  52.521  -36.485  56.042 0.1000000015
46183  53.372  -36.627  56.425 0.1000000015
45190  55.999  -36.805  56.562 0.1000000015
49772  51.409  -32.052  56.106 0.1000000015
50680  51.270  -31.590  55.647 0.1000000015
51608  51.742  -30.875  55.013 0.1000000015
48886  52.533  -33.452  56.716 0.1000000015
49762  51.361  -32.635  56.748 0.1000000015
51609  50.879  -31.002  54.995 0.1000000015
49754  51.833  -33.082  57.122 0.1000000015
50668  51.003  -32.125  56.403 0.1000000015
48086  53.559  -34.291  56.596 0.1000000015
50681  50.655  -31.762  55.796 0.1000000015
47189  54.179  -34.741  56.016 0.1000000015
49755  51.369  -32.957  57.067 0.1000000015
50669  50.461  -32.324  56.219 0.1000000015
49764  50.353  -32.739  56.385 0.1000000015
50682  49.875  -31.983  55.496 0.1000000015
47187  55.565  -35.722  56.353 0.1000000015
49773  49.771  -32.591  55.726 0.1000000015
48075  50.272  -33.492  56.337 0.1000000015
48899  48.686  -33.033  54.673 0.1000000015
49783  47.966  -32.414  54.462 0.1000000015
48910  48.335  -33.554  53.625 0.1000000015
46181  56.573  -36.708  55.905 0.1000000015
46160  55.585  -36.119  56.586 0.1000000015
46159  56.201  -36.547  56.330 0.1000000015
51622  51.438  -30.356  54.623 0.1000000015
49771  51.858  -32.740  56.542 0.1000000015
52487  50.782  -29.753  53.783 0.1000000015
52496  49.999  -29.105  53.408 0.1000000015
51610  50.149  -31.323  54.995 0.1000000015
52488  49.835  -29.964  53.709 0.1000000015
51624  49.528  -30.679  54.222 0.1000000015
46206  55.813  -35.988  55.661 0.1000000015
50696  49.144  -31.419  54.674 0.1000000015
50683  49.025  -32.115  54.933 0.1000000015
49782  48.931  -32.537  54.938 0.1000000015
114746  48.245  -32.122  54.680 0.1000000015
46182  56.076  -36.175  56.129 0.1000000015
111783  51.822  -29.428  53.863 0.1000000015
52473  52.327  -30.148  54.682 0.1000000015
51607  52.562  -30.543  54.713 0.1000000015
115999  52.852  -29.429  54.227 0.1000000015
47201  54.606  -35.388  55.410 0.1000000015
111917  52.204  -33.121  55.991 0.1000000015
50679  51.793  -31.292  55.102 0.1000000015
52472  53.222  -30.024  54.660 0.1000000015
48087  52.660  -33.819  55.884 0.1000000015
114147  51.752  -32.148  55.782 0.1000000015
51606  53.562  -30.467  54.614 0.1000000015
116783  53.999  -30.060  54.666 0.1000000015
46207  55.201  -36.028  54.894 0.1000000015
48099  53.192  -34.444  55.559 0.1000000015
49781  51.920  -32.512  55.416 0.1000000015
50678  52.904  -30.992  54.675 0.1000000015
48897  52.043  -33.392  55.092 0.1000000015
50695  52.239  -31.678  54.816 0.1000000015
127085  51.854  -32.981  54.571 0.1000000015
50697  47.907  -31.382  54.414 0.1000000015
52486  52.425  -28.739  53.617 0.1000000015
52485  53.804  -29.337  54.444 0.1000000015
52471  54.739  -29.799  54.718 0.1000000015
47202  53.442  -35.107  54.764 0.1000000015
48100  52.415  -34.302  54.665 0.1000000015
118370  54.490  -30.364  54.537 0.1000000015
49795  52.074  -32.461  54.400 0.1000000015
50694  53.313  -31.415  54.171 0.1000000015
51605  55.256  -30.164  54.556 0.1000000015
51621  54.009  -30.886  54.342 0.1000000015
51620  55.055  -30.507  54.188 0.1000000015
108141  56.057  -30.205  54.569 0.1000000015
52483  56.981  -30.307  54.886 0.1000000015
51634  55.893  -30.461  53.965 0.1000000015
123798  56.679  -30.436  54.268 0.1000000015
52482  57.823  -30.218  54.847 0.1000000015
51619  57.421  -30.425  54.343 0.1000000015
126004  57.166  -30.452  53.799 0.1000000015
51618  58.084  -30.311  54.246 0.1000000015
52494  58.098  -30.152  53.104 0.1000000015
52501  58.710  -29.736  52.619 0.1000000015
52508  58.576  -29.462  51.757 0.1000000015
52500  59.322  -29.225  51.947 0.1000000015
53510  58.607  -28.435  50.582 0.1000000015
54438  58.198  -27.696  49.987 0.1000000015
52492  59.472  -29.456  52.931 0.1000000015
53498  59.042  -28.965  51.124 0.1000000015
55302  58.594  -27.277  50.344 0.1000000015
118710  59.880  -28.742  52.386 0.1000000015
54430  59.697  -28.082  51.819 0.2000000030
53497  59.439  -28.570  51.473 0.1000000015
54431  59.275  -27.858  51.024 0.1000000015
115055  59.127  -28.389  50.892 0.1000000015
55303  57.999  -26.614  50.026 0.1000000015
56142  58.233  -26.392  51.808 0.2000000030
55294  58.899  -27.096  51.184 0.2000000030
55293  59.371  -27.525  51.636 0.1000000015
55295  58.111  -26.501  50.875 0.1000000015
54426  60.129  -27.665  53.214 0.3000000119
55288  59.009  -26.920  52.088 0.3000000119
118584  60.749  -24.596  55.944 0.4000000060
56992  60.776  -25.306  55.888 0.4000000060
57005  60.749  -25.378  55.612 0.4000000060
57015  60.724  -25.649  54.957 0.4000000060
56135  59.150  -26.617  53.107 0.3000000119
55287  59.643  -27.483  52.472 0.3000000119
57044  57.902  -25.359  53.082 0.2000000030
56136  58.365  -26.135  52.753 0.2000000030
58793  60.220  -23.091  56.158 0.4000000060
57906  60.561  -23.711  55.922 0.4000000060
57016  60.535  -24.825  55.125 0.4000000060
126313  59.554  -25.281  54.181 0.4000000060
56114  60.322  -25.630  54.517 0.4000000060
57030  58.059  -24.444  53.502 0.3000000119
40249  29.896  -43.611  80.050 0.1000000015
39385  30.486  -44.376  80.151 0.1000000015
34762  40.229  -48.199  74.345 0.5000000000
34786  40.595  -48.368  73.692 0.5000000000
34810  42.209  -47.814  72.101 0.5000000000
51625  48.596  -30.606  54.037 0.1000000015
120115  31.040  -44.421  80.053 0.1000000015
109532  31.557  -44.278  79.854 0.1000000015
39405  30.992  -43.789  79.767 0.1000000015
37524  39.706  -46.064  75.743 0.2000000030
36633  40.417  -46.531  75.487 0.2000000030
35692  40.880  -47.291  75.200 0.2000000030
114616  47.527  -31.948  54.486 0.1000000015
34740  39.003  -47.740  74.840 0.5000000000
35675  39.129  -46.932  75.514 0.3000000119
35737  43.732  -47.121  72.103 0.4000000060
36672  44.800  -46.419  71.775 0.3000000119
125064  44.669  -46.356  72.205 0.3000000119
57898  60.462  -23.844  56.385 0.4000000060
52495  50.926  -28.800  53.409 0.1000000015
116880  39.137  -47.445  75.193 0.4000000060
36619  39.634  -46.643  75.608 0.2000000030
34761  40.970  -48.194  74.231 0.5000000000
35674  39.923  -47.301  75.319 0.2000000030
35708  42.510  -47.067  73.981 0.3000000119
35690  41.859  -47.452  74.364 0.3000000119
34760  41.644  -47.975  73.984 0.5000000000
35709  41.264  -47.740  74.639 0.3000000119
44241  55.061  -38.241  55.899 0.1000000015
44228  55.589  -37.381  56.524 0.1000000015
48089  50.052  -34.082  55.659 0.1000000015
51623  50.470  -30.546  54.416 0.1000000015
51632  57.798  -30.361  53.690 0.1000000015
51641  57.353  -30.295  53.193 0.1000000015
52502  57.960  -29.898  52.518 0.1000000015
53499  58.240  -29.079  50.953 0.1000000015
54437  58.838  -27.953  50.534 0.1000000015
113206  20.219  -54.554  81.938 0.1000000015
29271  19.420  -54.049  83.189 0.1000000015
30229  20.195  -54.204  80.888 0.1000000015
30222  19.902  -54.141  82.535 0.1000000015
31147  19.620  -53.429  80.612 0.2000000030
31138  19.477  -53.398  82.553 0.1000000015
109409  19.416  -53.152  81.371 0.2000000030
121424  18.612  -52.378  82.810 0.1000000015
31139  18.833  -52.533  81.514 0.1000000015
32051  17.728  -51.584  82.976 0.1000000015
32054  17.692  -51.443  81.884 0.1000000015
123127  18.237  -51.861  81.510 0.1000000015
32060  18.218  -51.871  80.595 0.1000000015
32924  16.989  -51.041  83.225 0.1000000015
121338  34.519  -38.078  57.750 0.2000000030
44215  34.458  -37.821  57.142 0.2000000030
51422  53.403  -30.750  68.565 0.3000000119
52348  54.151  -29.455  66.582 0.3000000119
57919  59.023  -23.106  54.692 0.2000000030
113353  59.821  -22.334  56.362 0.2000000030
59745  59.105  -21.467  54.868 0.2000000030
58805  59.410  -22.541  55.255 0.3000000119
60620  59.488  -20.692  55.237 0.2000000030
31131  19.084  -53.363  83.604 0.1000000015
58814  58.733  -22.204  54.489 0.2000000030
60619  59.677  -20.065  55.329 0.2000000030
37465  25.853  -46.194  81.600 0.1000000015
109106  45.435  -45.921  71.693 0.2000000030
41280  49.840  -40.950  69.245 0.3000000119
38537  45.643  -44.721  72.648 0.2000000030
42128  49.863  -40.874  70.426 0.3000000119
41251  49.979  -40.953  69.800 0.3000000119
42107  49.646  -40.754  71.015 0.2000000030
109177  48.708  -39.631  72.094 0.1000000015
42088  49.392  -40.139  71.541 0.2000000030
42106  49.942  -40.211  70.757 0.2000000030
43017  49.848  -39.432  71.191 0.2000000030
43016  50.191  -39.535  70.415 0.3000000119
43002  48.268  -39.200  72.194 0.1000000015
126801  49.225  -39.310  71.699 0.2000000030
117806  50.756  -38.469  69.210 0.4000000060
43999  50.311  -38.818  69.856 0.4000000060
44971  48.874  -38.179  71.595 0.2000000030
110336  49.912  -38.001  70.117 0.3000000119
43987  50.086  -38.698  70.809 0.2000000030
43988  49.435  -38.575  71.426 0.2000000030
110980  50.153  -37.110  69.581 0.3000000119
44981  49.790  -37.874  70.986 0.2000000030
44982  49.293  -37.868  71.257 0.2000000030
127590  48.364  -37.682  71.146 0.1000000015
44994  47.845  -37.366  70.415 0.1000000015
116684  49.356  -37.307  70.785 0.2000000030
45974  48.604  -37.256  70.893 0.1000000015
44983  47.898  -37.802  70.947 0.1000000015
45003  47.599  -37.803  69.389 0.1000000015
45993  50.667  -36.257  69.349 0.3000000119
45973  49.211  -37.580  71.077 0.1000000015
45983  48.409  -36.264  70.557 0.1000000015
115853  48.064  -36.820  70.622 0.1000000015
46005  47.731  -36.682  69.685 0.1000000015
46024  53.139  -36.127  67.201 0.3000000119
44993  49.644  -37.192  70.314 0.2000000030
45982  49.027  -36.582  70.643 0.1000000015
45981  49.457  -36.470  70.290 0.2000000030
45984  47.960  -35.995  70.415 0.1000000015
117141  47.771  -35.492  70.109 0.1000000015
47031  52.783  -35.163  68.617 0.3000000119
47046  53.187  -35.001  68.308 0.3000000119
47950  53.347  -34.391  68.313 0.3000000119
48781  53.480  -33.873  68.087 0.3000000119
47018  50.472  -35.334  69.582 0.3000000119
47002  49.390  -35.570  70.270 0.1000000015
47004  48.156  -35.262  70.368 0.1000000015
47032  52.070  -35.360  69.016 0.3000000119
47003  48.777  -35.427  70.464 0.1000000015
47937  53.097  -34.456  68.820 0.3000000119
112692  53.484  -33.597  68.615 0.3000000119
51423  52.732  -30.523  68.776 0.2000000030
50541  50.395  -31.499  69.094 0.2000000030
53322  53.778  -28.978  66.113 0.2000000030
53323  52.771  -29.076  66.058 0.2000000030
52356  54.428  -29.175  65.870 0.2000000030
53333  53.104  -28.716  65.480 0.2000000030
53342  53.343  -28.344  64.911 0.2000000030
106366  52.351  -28.707  64.783 0.2000000030
54270  53.602  -27.859  64.444 0.2000000030
127562  51.793  -28.369  63.773 0.1000000015
54283  52.803  -27.497  63.822 0.1000000015
54284  51.847  -27.930  63.389 0.1000000015
55159  52.214  -27.123  63.125 0.1000000015
55157  53.996  -26.555  63.693 0.1000000015
55150  53.828  -27.226  64.015 0.1000000015
55158  53.094  -26.793  63.479 0.1000000015
55169  52.507  -26.407  62.801 0.1000000015
64138  58.403  -16.807  53.105 0.1000000015
64128  58.349  -17.286  53.546 0.1000000015
60581  58.898  -21.172  58.292 0.2000000030
60582  58.318  -21.272  58.315 0.1000000015
37571  45.628  -45.456  72.148 0.2000000030
48775  53.567  -33.028  68.441 0.3000000119
51415  52.207  -31.004  69.370 0.2000000030
51416  51.280  -31.196  69.311 0.2000000030
47017  51.281  -35.549  69.272 0.3000000119
56003  54.227  -25.946  63.393 0.1000000015
63144  58.966  -18.022  54.857 0.1000000015
63158  58.798  -17.685  54.165 0.1000000015
64140  57.136  -17.059  52.966 0.1000000015
43031  50.413  -39.570  69.754 0.3000000119
106161  50.897  -37.024  69.050 0.3000000119
43001  48.757  -38.859  71.899 0.1000000015
44972  48.611  -37.952  71.405 0.2000000030
44973  48.272  -38.262  71.559 0.1000000015
45975  48.175  -36.996  70.709 0.1000000015
45994  49.872  -36.316  69.747 0.2000000030
47062  53.238  -35.281  67.704 0.3000000119
51426  49.962  -31.261  68.214 0.2000000030
53332  54.043  -28.707  65.429 0.2000000030
54271  52.455  -28.210  64.174 0.2000000030
53334  52.240  -29.008  65.364 0.2000000030
53343  51.693  -28.715  64.133 0.1000000015
56004  53.367  -26.128  63.147 0.1000000015
63157  59.198  -17.727  54.181 0.1000000015
28436  19.500  -55.853  70.441 0.1000000015
30354  20.549  -53.201  66.236 0.2000000030
109182  20.036  -56.925  75.140 0.1000000015
27454  20.007  -56.672  74.609 0.1000000015
27461  19.787  -56.999  73.943 0.1000000015
107360  19.609  -55.881  72.115 0.1000000015
30320  25.435  -53.325  69.866 0.2000000030
30321  24.847  -53.234  69.671 0.2000000030
28425  19.552  -55.895  71.277 0.1000000015
29344  19.269  -55.208  71.595 0.1000000015
31243  24.511  -52.660  69.341 0.2000000030
30322  24.086  -52.942  69.349 0.2000000030
27445  20.204  -56.113  75.927 0.1000000015
105274  20.170  -56.400  75.226 0.1000000015
28402  19.869  -56.267  73.904 0.1000000015
108765  19.724  -55.828  73.047 0.1000000015
113785  19.236  -55.216  70.830 0.1000000015
31250  24.643  -52.262  69.019 0.2000000030
31251  23.906  -52.301  68.949 0.2000000030
31252  23.261  -52.235  68.184 0.2000000030
30333  23.552  -52.781  68.744 0.2000000030
29360  18.851  -54.538  70.479 0.1000000015
113440  22.604  -52.479  67.409 0.2000000030
31264  21.889  -51.949  66.839 0.2000000030
31277  20.893  -52.231  66.423 0.2000000030
29292  20.438  -54.636  80.017 0.1000000015
29307  20.399  -54.972  78.173 0.1000000015
28388  20.122  -55.484  76.008 0.1000000015
28397  20.043  -55.930  74.581 0.1000000015
105326  19.683  -55.467  73.870 0.1000000015
29329  19.374  -54.936  73.180 0.1000000015
119292  20.015  -54.242  78.113 0.1000000015
38737  27.051  -44.418  57.697 0.2000000030
46172  36.569  -36.398  56.962 0.1000000015
45214  36.910  -37.394  55.160 0.1000000015
45198  35.954  -36.799  56.493 0.1000000015
45199  35.174  -37.273  56.812 0.1000000015
44256  37.448  -37.983  54.427 0.1000000015
43266  37.558  -39.125  54.828 0.1000000015
44244  36.123  -37.726  55.372 0.1000000015
44245  35.266  -38.027  55.459 0.1000000015
117656  38.448  -39.813  54.460 0.1000000015
121239  38.152  -39.575  55.070 0.1000000015
119011  38.044  -39.726  55.252 0.1000000015
126414  39.284  -40.761  54.526 0.1000000015
42332  39.249  -40.653  55.601 0.1000000015
115596  37.405  -36.139  55.930 0.1000000015
43275  37.956  -38.972  54.214 0.1000000015
45231  37.529  -36.870  54.679 0.1000000015
41485  39.430  -41.394  53.907 0.1000000015
42373  38.852  -40.592  53.709 0.1000000015
124786  38.257  -39.389  53.735 0.1000000015
44263  38.060  -38.126  53.540 0.1000000015
42383  38.772  -40.571  52.520 0.1000000015
42374  38.439  -39.907  53.229 0.1000000015
45242  38.553  -37.393  53.220 0.1000000015
45230  38.025  -37.243  53.936 0.1000000015
43285  38.300  -39.065  53.067 0.1000000015
38538  45.001  -44.766  73.103 0.1000000015
116148  44.858  -44.112  73.249 0.1000000015
127490  19.339  -54.776  73.863 0.1000000015
43243  33.938  -38.603  57.484 0.1000000015
46150  36.658  -36.654  57.660 0.1000000015
46171  37.320  -36.040  56.638 0.1000000015
46216  38.325  -36.357  54.317 0.1000000015
37748  27.107  -44.804  58.618 0.2000000030
44276  38.567  -38.181  52.671 0.1000000015
29301  20.201  -54.401  78.929 0.1000000015
44231  34.029  -38.334  56.585 0.1000000015
29300  20.518  -55.153  79.236 0.2000000030
123727  19.802  -56.600  73.336 0.1000000015
31276  21.659  -52.795  66.583 0.2000000030
30345  23.162  -52.717  68.075 0.2000000030
46196  36.769  -36.480  56.208 0.1000000015
46195  37.153  -36.622  55.498 0.1000000015
45215  36.319  -36.961  55.768 0.1000000015
45216  35.483  -37.278  55.980 0.1000000015
44230  34.690  -37.720  56.274 0.1000000015
44243  36.874  -38.312  54.943 0.1000000015
44246  34.449  -38.389  55.673 0.1000000015
43269  34.980  -38.833  54.893 0.1000000015
42352  39.097  -40.391  54.963 0.1000000015
42333  38.600  -40.269  55.382 0.1000000015
42334  38.020  -40.160  55.463 0.1000000015
43267  37.349  -39.384  55.033 0.1000000015
41465  39.635  -40.896  55.251 0.1000000015
107244  37.901  -35.974  55.213 0.1000000015
46233  38.601  -36.709  53.654 0.1000000015
30319  26.087  -53.472  70.148 0.1000000015
30344  23.385  -53.349  68.071 0.1000000015
31242  25.073  -52.729  69.468 0.1000000015
31241  25.662  -53.020  69.438 0.1000000015
110846  24.130  -54.417  68.519 0.1000000015
111222  23.698  -54.180  67.921 0.1000000015
27502  22.487  -56.778  66.454 0.1000000015
29393  22.362  -53.394  66.765 0.1000000015
26512  24.357  -57.757  68.186 0.1000000015
26519  23.726  -57.657  67.470 0.1000000015
26527  23.078  -57.264  66.714 0.1000000015
28463  23.048  -56.298  66.633 0.1000000015
28449  23.986  -55.030  67.834 0.1000000015
122639  23.501  -54.823  67.243 0.1000000015
29401  22.174  -54.378  66.364 0.1000000015
27496  23.707  -56.646  67.239 0.1000000015
28455  24.250  -55.963  67.788 0.1000000015
28456  23.608  -55.667  67.165 0.1000000015
37816  27.580  -45.718  54.846 0.1000000015
32263  27.513  -51.856  57.326 0.1000000015
34066  26.883  -49.463  55.820 0.1000000015
36891  26.748  -47.164  54.886 0.1000000015
39670  28.240  -43.205  55.981 0.1000000015
38793  27.881  -44.346  55.366 0.1000000015
33132  27.087  -50.260  56.365 0.1000000015
35019  26.098  -47.961  55.600 0.1000000015
34067  26.142  -48.973  56.243 0.1000000015
39671  27.611  -43.588  56.331 0.1000000015
107963  26.702  -45.814  55.077 0.1000000015
35963  25.516  -47.433  55.967 0.1000000015
38767  27.302  -44.193  55.847 0.1000000015
37817  26.271  -45.419  55.710 0.1000000015
39654  27.936  -42.882  56.858 0.1000000015
38753  27.086  -44.208  56.708 0.1000000015
37791  25.502  -45.919  56.042 0.1000000015
37765  25.909  -45.327  57.417 0.1000000015
39655  27.480  -43.638  57.335 0.1000000015
38754  26.487  -44.789  57.058 0.1000000015
38738  26.558  -45.034  58.008 0.1000000015
114960  25.321  -45.684  57.682 0.1000000015
118648  25.878  -45.497  58.367 0.1000000015
51443  49.334  -31.146  66.306 0.1000000015
51433  52.310  -30.060  68.123 0.1000000015
51452  49.420  -30.792  65.351 0.1000000015
52350  52.277  -29.518  66.599 0.1000000015
51425  50.819  -30.907  68.497 0.1000000015
108811  50.407  -30.832  67.592 0.1000000015
51424  51.778  -30.583  68.742 0.1000000015
105551  51.287  -30.422  67.868 0.1000000015
51442  50.240  -30.458  65.994 0.1000000015
52359  50.048  -30.208  65.015 0.1000000015
52351  51.231  -29.907  66.300 0.1000000015
52357  51.777  -29.458  65.716 0.1000000015
57045  57.330  -24.816  52.621 0.1000000015
56138  57.031  -25.270  51.995 0.1000000015
56144  56.584  -25.267  51.359 0.1000000015
56143  57.372  -25.839  51.553 0.1000000015
56147  56.090  -25.170  50.630 0.1000000015
56154  55.773  -25.059  49.767 0.1000000015
125718  56.581  -25.558  49.907 0.1000000015
58011  60.757  -23.103  43.113 0.1000000015
58012  59.917  -23.099  43.166 0.1000000015
58873  55.725  -23.077  47.570 0.1000000015
58025  60.739  -23.162  42.299 0.1000000015
108392  60.383  -23.194  42.428 0.1000000015
58889  56.429  -22.918  45.426 0.1000000015
58890  55.871  -22.994  46.089 0.1000000015
58882  55.655  -23.228  46.786 0.1000000015
57980  55.228  -23.833  47.200 0.1000000015
105294  59.342  -23.692  41.170 0.1000000015
58027  59.242  -23.303  41.998 0.1000000015
60588  59.403  -20.554  57.185 0.1000000015
58815  58.366  -22.730  53.891 0.1000000015
57941  57.931  -23.290  53.362 0.1000000015
57046  56.730  -24.724  51.811 0.1000000015
57965  55.989  -23.790  50.880 0.1000000015
57052  56.105  -24.579  51.158 0.1000000015
58010  60.957  -22.762  43.960 0.1000000015
57061  55.373  -24.284  49.484 0.1000000015
112993  60.600  -22.975  43.808 0.1000000015
119765  56.791  -22.616  48.554 0.1000000015
58858  55.946  -23.169  49.436 0.1000000015
57068  55.215  -24.141  48.737 0.1000000015
57997  58.819  -23.008  43.860 0.1000000015
58888  57.290  -22.642  45.714 0.1000000015
107549  56.558  -22.720  46.108 0.1000000015
58871  57.300  -22.521  47.297 0.1000000015
58872  56.506  -22.639  47.829 0.1000000015
58013  58.716  -23.111  42.850 0.1000000015
58906  57.248  -22.874  44.790 0.1000000015
58887  58.163  -22.717  45.356 0.1000000015
124781  59.153  -20.701  54.589 0.1000000015
126639  58.673  -21.563  54.199 0.1000000015
112648  58.695  -20.872  53.893 0.1000000015
59752  58.411  -21.755  53.452 0.1000000015
58824  58.093  -22.391  52.850 0.1000000015
57942  57.499  -23.844  52.761 0.1000000015
59764  58.364  -21.685  52.238 0.1000000015
58825  57.755  -22.939  52.422 0.1000000015
58840  57.735  -22.802  51.525 0.1000000015
57943  57.063  -24.208  52.198 0.1000000015
57957  56.579  -24.055  51.591 0.1000000015
58848  58.515  -22.382  50.208 0.1000000015
57964  56.954  -23.334  51.153 0.1000000015
58856  57.574  -22.612  49.811 0.1000000015
57995  60.800  -22.935  44.585 0.1000000015
125721  59.182  -22.491  49.157 0.1000000015
58855  58.531  -22.491  49.427 0.1000000015
58857  56.662  -22.752  49.269 0.1000000015
57996  60.062  -23.057  44.270 0.1000000015
57984  59.222  -22.995  45.019 0.1000000015
106511  58.049  -22.557  46.879 0.1000000015
58870  58.369  -22.526  47.602 0.1000000015
58864  58.670  -22.534  48.582 0.1000000015
58865  57.622  -22.556  48.972 0.1000000015
127159  58.914  -22.812  45.871 0.1000000015
58879  58.142  -22.582  46.180 0.1000000015
124891  59.270  -19.904  54.266 0.1000000015
60630  58.817  -20.105  53.028 0.1000000015
60631  58.531  -20.935  52.672 0.1000000015
58839  58.163  -22.265  51.863 0.1000000015
59779  58.642  -21.743  51.269 0.1000000015
111316  58.383  -22.291  51.020 0.1000000015
120468  59.816  -21.469  50.297 0.1000000015
59788  61.311  -21.153  48.818 0.1000000015
58854  59.896  -21.769  49.913 0.1000000015
58904  61.434  -22.451  44.512 0.1000000015
57983  60.402  -23.051  45.166 0.1000000015
58869  59.483  -22.606  47.883 0.1000000015
58878  59.196  -22.760  46.820 0.1000000015
61455  59.273  -19.412  53.185 0.1000000015
61465  59.231  -19.528  52.269 0.1000000015
60644  58.907  -20.301  51.937 0.1000000015
59778  59.358  -21.332  50.793 0.1000000015
61485  60.681  -19.672  50.203 0.1000000015
60670  61.020  -20.792  49.387 0.1000000015
57978  61.260  -22.760  45.685 0.1000000015
57979  60.813  -23.010  45.885 0.1000000015
58877  61.159  -22.815  46.472 0.1000000015
120108  60.174  -22.833  47.379 0.1000000015
105811  60.441  -22.975  46.672 0.1000000015
58868  60.916  -22.763  47.277 0.1000000015
58861  61.167  -22.253  47.899 0.1000000015
59763  58.740  -21.075  51.593 0.1000000015
58867  61.383  -22.448  46.975 0.1000000015
63218  59.455  -17.710  48.832 0.1000000015
62367  57.787  -19.314  47.514 0.1000000015
62366  58.598  -18.792  47.235 0.1000000015
113032  21.464  -53.769  66.244 0.1000000015
29400  22.855  -55.227  66.550 0.1000000015
57994  61.195  -22.745  44.936 0.1000000015
58885  61.508  -22.483  45.341 0.1000000015
58876  61.472  -22.481  46.142 0.1000000015
59794  61.670  -21.366  46.859 0.1000000015
57982  60.816  -23.003  45.158 0.1000000015
62338  60.658  -18.434  49.926 0.1000000015
61508  61.482  -20.013  48.565 0.1000000015
61475  59.647  -19.837  51.422 0.1000000015
62331  59.668  -18.911  51.667 0.1000000015
62339  60.596  -18.782  50.404 0.1000000015
60669  61.379  -20.439  49.018 0.1000000015
60685  61.599  -20.588  47.082 0.1000000015
61495  61.255  -19.727  49.196 0.1000000015
59791  61.413  -21.512  48.157 0.1000000015
61517  61.407  -19.823  47.271 0.1000000015
59790  61.617  -21.077  47.647 0.1000000015
105468  60.492  -22.561  48.003 0.1000000015
60656  59.527  -20.663  51.111 0.1000000015
63227  60.574  -18.454  47.900 0.1000000015
63230  59.042  -18.313  47.891 0.1000000015
63229  59.484  -18.179  48.032 0.1000000015
63195  60.168  -17.644  50.373 0.1000000015
60665  61.050  -20.071  49.592 0.1000000015
58863  59.870  -22.459  48.787 0.1000000015
111574  21.328  -54.612  66.055 0.1000000015
115508  26.375  -53.312  69.294 0.1000000015
33115  26.595  -50.497  57.214 0.1000000015
35003  25.757  -48.299  56.141 0.1000000015
117797  25.110  -46.402  56.740 0.1000000015
51432  53.206  -30.083  68.086 0.1000000015
52342  52.837  -29.676  67.443 0.1000000015
56137  57.624  -25.655  52.377 0.1000000015
120594  22.914  -53.110  67.526 0.1000000015
29392  23.084  -54.027  67.069 0.1000000015
38794  27.143  -44.978  55.350 0.1000000015
36874  28.102  -46.578  54.844 0.1000000015
33114  27.317  -51.035  56.826 0.1000000015
35002  26.471  -48.600  55.687 0.1000000015
34081  27.106  -48.746  55.454 0.1000000015
119377  26.179  -47.301  55.325 0.1000000015
36876  26.397  -46.543  55.120 0.1000000015
35018  26.785  -47.968  55.153 0.1000000015
35962  27.407  -47.353  54.878 0.1000000015
39689  27.850  -43.754  55.697 0.1000000015
118575  25.293  -46.677  56.174 0.1000000015
36877  25.718  -46.593  55.613 0.1000000015
38768  26.602  -44.709  56.123 0.1000000015
37790  25.989  -45.314  56.516 0.1000000015
37766  25.399  -45.786  56.936 0.1000000015
105448  50.068  -30.819  66.808 0.1000000015
52343  51.761  -29.914  67.250 0.1000000015
51434  50.807  -30.412  66.950 0.1000000015
56148  55.695  -24.415  50.380 0.1000000015
120518  55.902  -22.894  48.583 0.1000000015
57985  55.711  -23.459  45.344 0.1000000015
58881  56.279  -22.682  46.862 0.1000000015
106928  55.415  -23.699  46.200 0.1000000015
57966  55.684  -23.666  49.976 0.1000000015
58850  56.534  -23.114  50.213 0.1000000015
57974  55.498  -23.581  49.095 0.1000000015
58905  58.200  -22.854  44.584 0.1000000015
58880  57.247  -22.551  46.498 0.1000000015
115514  57.520  -22.515  48.137 0.1000000015
57998  57.660  -22.996  43.916 0.1000000015
57956  57.278  -23.506  51.979 0.1000000015
58849  57.647  -22.735  50.657 0.1000000015
115193  59.459  -22.245  49.652 0.1000000015
58853  60.395  -21.943  49.251 0.1000000015
58847  59.207  -21.855  50.440 0.1000000015
60678  61.511  -20.755  48.372 0.1000000015
121400  60.903  -21.405  49.186 0.1000000015
59792  61.052  -21.783  48.646 0.1000000015
59785  60.415  -21.266  49.792 0.1000000015
58886  59.869  -22.981  45.926 0.1000000015
60667  60.054  -20.952  50.464 0.1000000015
61484  60.906  -19.309  49.778 0.1000000015
60655  60.196  -20.168  50.679 0.1000000015
61474  60.284  -19.265  50.914 0.1000000015
60666  60.602  -20.468  50.002 0.1000000015
58884  61.807  -22.159  44.898 0.1000000015
59795  61.524  -21.840  47.375 0.1000000015
59798  61.640  -22.049  46.555 0.1000000015
63219  58.862  -17.791  48.724 0.1000000015
63217  59.960  -17.696  48.981 0.1000000015
63231  58.457  -18.467  48.169 0.1000000015
63205  60.398  -17.915  49.675 0.1000000015
60677  61.554  -20.292  47.861 0.1000000015
110797  61.230  -19.295  48.738 0.1000000015
61507  61.385  -19.535  48.020 0.1000000015
62320  59.602  -17.948  51.871 0.1000000015
62330  60.259  -18.242  51.081 0.1000000015
62329  60.306  -17.887  50.625 0.1000000015
58862  60.700  -22.240  48.549 0.1000000015
63228  60.253  -18.164  48.268 0.1000000015
62357  60.997  -18.769  48.178 0.1000000015
63216  60.442  -18.152  48.793 0.1000000015
110517  59.944  -18.069  48.146 0.1000000015
31126  18.199  -52.700  84.359 0.1000000015
31151  14.663  -51.762  80.201 0.1000000015
33860  40.240  -48.441  73.208 0.6999999881
34677  23.873  -48.376  80.588 0.4000000060
34802  17.944  -48.686  74.218 0.4000000060
35602  25.453  -47.471  81.234 0.4000000060
35826  31.017  -47.396  64.839 0.5000000000
36538  21.519  -46.259  82.885 0.4000000060
36552  26.215  -46.392  81.511 0.1000000015
36607  38.360  -46.100  75.928 0.2000000030
36875  27.139  -46.530  54.770 0.1000000015
37818  26.016  -45.986  55.440 0.1000000015
38411  27.639  -45.181  81.513 0.3000000119
39452  23.240  -44.592  75.079 0.1000000015
40320  44.612  -42.665  72.843 0.1000000015
41218  45.049  -41.447  72.557 0.1000000015
42074  45.717  -41.355  72.613 0.1000000015
42378  48.558  -40.296  53.090 0.1000000015
43978  48.448  -38.553  71.825 0.1000000015
44000  47.649  -38.363  70.864 0.1000000015
44110  52.105  -37.832  65.259 0.6999999881
44213  45.807  -38.204  57.307 0.6000000238
45118  50.194  -37.902  62.329 0.8999999762
45995  47.883  -36.243  70.283 0.1000000015
46127  47.304  -37.495  58.509 0.8000000119
47001  49.750  -35.667  69.927 0.1000000015
47923  51.981  -33.940  69.676 0.4000000060
47926  47.694  -34.411  69.759 0.1000000015
48757  48.996  -33.915  70.244 0.1000000015
48765  48.099  -34.052  70.109 0.1000000015
48858  44.326  -33.524  58.162 0.6000000238
50516  49.546  -32.755  69.749 0.1000000015
50527  50.810  -31.895  69.704 0.2000000030
51414  53.034  -31.129  69.172 0.3000000119
53493  48.539  -28.386  53.825 0.4000000060
57858  59.024  -22.959  60.076 0.6000000238
63160  57.070  -17.727  53.555 0.2000000030
64127  58.851  -17.140  53.485 0.1000000015
65075  59.034  -16.545  51.566 0.1000000015
65083  58.346  -16.544  51.004 0.1000000015
107569  36.988  -44.307  74.014 0.2000000030
110602  51.629  -38.617  67.548 0.5000000000
110793  19.954  -53.841  81.775 0.2000000030
110900  28.353  -42.419  76.537 0.1000000015
112999  48.292  -33.400  69.575 0.1000000015
113156  50.504  -35.417  64.156 0.8999999762
116760  57.441  -23.968  62.094 0.3000000119
120101  42.752  -43.224  71.795 0.1000000015
120811  45.795  -37.804  56.863 0.6000000238
122377  33.897  -48.374  71.218 0.6999999881
123703  30.425  -45.587  74.430 0.8000000119
124256  36.157  -45.324  65.089 0.6999999881
124551  18.139  -45.547  79.061 0.1000000015
125820  12.273  -49.444  83.618 0.1000000015
126042  31.903  -44.880  79.830 0.3000000119
126088  44.437  -42.183  72.631 0.1000000015
127208  40.424  -47.566  68.364 0.8000000119
