#!ascii label  , from subject sub-v1s6x0051370_ses-1 vox2ras=TkReg
2260
65096  -39.400  -22.898  74.402 0.0000000000
79105  -50.574  -9.146  52.458 0.0000000000
72211  -41.026  -16.264  62.279 0.0000000000
55232  -5.802  -32.915  69.681 0.0000000000
57279  -25.941  -30.990  75.082 0.0000000000
142587  -13.527  -24.106  70.329 0.0000000000
66106  -8.477  -22.688  79.767 0.0000000000
73318  -47.938  -15.623  56.633 0.0000000000
63266  -7.944  -25.014  62.003 0.0000000000
51968  -5.250  -36.537  80.047 0.0000000000
66239  -38.551  -23.361  67.693 0.0000000000
63173  -34.567  -25.969  72.488 0.0000000000
63111  -32.249  -25.483  76.338 0.0000000000
81861  -52.489  -5.892  50.835 0.0000000000
73298  -43.871  -15.327  59.209 0.0000000000
54060  -21.128  -32.929  69.160 0.0000000000
66226  -7.926  -22.618  67.894 0.0000000000
60172  -8.153  -28.415  70.452 0.0000000000
60263  -9.597  -28.727  64.858 0.0000000000
55317  -5.335  -32.718  64.926 0.0000000000
56211  -12.310  -31.855  83.234 0.0000000000
57236  -6.644  -31.266  84.118 0.0000000000
74187  -38.671  -14.348  65.333 0.0000000000
61942  -28.572  -27.072  80.121 0.0000000000
61086  -27.026  -26.946  71.917 0.0000000000
64132  -10.701  -24.056  74.871 0.0000000000
62013  -5.564  -27.416  74.799 0.0000000000
76204  -49.626  -12.604  54.405 0.0000000000
55092  -15.860  -32.265  79.227 0.0000000000
55167  -18.060  -32.564  73.980 0.0000000000
65200  -13.486  -22.995  64.427 0.0000000000
58479  -10.562  -29.932  59.756 0.0000000000
64052  -8.883  -24.439  84.061 0.0000000000
146820  -3.694  -28.283  79.701 0.0000000000
55128  -5.749  -34.250  75.714 0.0000000000
68165  -41.574  -20.625  72.943 0.0000000000
63189  -39.173  -25.234  71.498 0.0000000000
65132  -40.683  -23.299  70.470 0.0000000000
158291  -37.099  -26.719  73.938 0.0000000000
60160  -36.017  -27.577  70.782 0.0000000000
62009  -36.420  -26.367  75.885 0.0000000000
80894  -51.422  -7.738  51.723 0.0000000000
77239  -48.393  -11.346  51.634 0.0000000000
79113  -49.415  -9.122  50.518 0.0000000000
80901  -50.076  -7.789  49.542 0.0000000000
72242  -41.883  -16.188  60.717 0.0000000000
73258  -38.482  -15.966  61.587 0.0000000000
72239  -39.820  -16.327  60.195 0.0000000000
72281  -40.893  -16.685  58.013 0.0000000000
60186  -5.133  -28.999  69.688 0.0000000000
59319  -5.634  -29.278  67.205 0.0000000000
55275  -5.498  -32.667  67.129 0.0000000000
157605  -6.931  -34.953  64.316 0.0000000000
54093  -8.493  -34.553  67.020 0.0000000000
52950  -11.198  -34.575  79.162 0.0000000000
51947  -9.468  -34.721  81.203 0.0000000000
75128  -37.750  -13.767  67.011 0.0000000000
70207  -39.270  -18.718  68.297 0.0000000000
67261  -37.294  -21.072  67.013 0.0000000000
71186  -37.817  -17.522  67.185 0.0000000000
72187  -36.006  -15.998  65.578 0.0000000000
64068  -30.883  -24.059  82.191 0.0000000000
63169  -30.741  -24.871  72.780 0.0000000000
144527  -29.156  -25.978  74.050 0.0000000000
82896  -51.394  -5.458  46.788 0.0000000000
84887  -51.948  -3.109  44.910 0.0000000000
65066  -9.549  -23.408  77.182 0.0000000000
63132  -8.637  -25.841  74.733 0.0000000000
64118  -6.815  -25.080  76.925 0.0000000000
73334  -49.192  -15.169  55.197 0.0000000000
71299  -44.803  -17.050  55.274 0.0000000000
71324  -46.819  -17.113  54.108 0.0000000000
73354  -47.599  -15.630  52.863 0.0000000000
60077  -15.927  -29.187  79.938 0.0000000000
59241  -17.949  -29.629  78.604 0.0000000000
67228  -14.480  -21.236  69.423 0.0000000000
155263  -13.090  -20.841  67.342 0.0000000000
64195  -14.358  -24.170  67.288 0.0000000000
58427  -7.388  -30.351  62.379 0.0000000000
157386  -10.754  -29.655  62.671 0.0000000000
57453  -7.586  -31.498  59.992 0.0000000000
63047  -9.549  -25.775  81.535 0.0000000000
53910  -5.278  -34.201  81.845 0.0000000000
59198  -4.101  -30.172  82.615 0.0000000000
160080  -4.750  -33.533  80.194 0.0000000000
56237  -4.489  -32.352  77.869 0.0000000000
52962  -5.142  -36.372  78.029 0.0000000000
68209  -40.403  -20.756  69.439 0.0000000000
63071  -33.377  -25.737  80.724 0.0000000000
61961  -35.355  -26.402  78.294 0.0000000000
63143  -33.564  -25.380  74.659 0.0000000000
83900  -52.692  -4.404  48.789 0.0000000000
145366  -50.689  -6.395  48.226 0.0000000000
73310  -45.869  -15.352  57.698 0.0000000000
72289  -42.613  -16.370  56.884 0.0000000000
57332  -24.520  -31.137  70.373 0.0000000000
55198  -23.394  -33.000  71.828 0.0000000000
65196  -8.179  -22.761  64.438 0.0000000000
62082  -11.537  -26.708  70.496 0.0000000000
139084  -12.621  -26.849  67.661 0.0000000000
134337  -9.923  -28.275  67.927 0.0000000000
59354  -6.570  -29.348  64.826 0.0000000000
56403  -4.072  -32.668  62.455 0.0000000000
59210  -11.131  -29.803  81.474 0.0000000000
59207  -8.418  -29.010  82.096 0.0000000000
139136  -9.751  -31.576  84.324 0.0000000000
53903  -7.304  -34.491  83.190 0.0000000000
73233  -40.219  -15.783  63.374 0.0000000000
73230  -36.348  -15.561  63.610 0.0000000000
60111  -27.137  -28.715  77.636 0.0000000000
61956  -30.388  -26.571  78.851 0.0000000000
61026  -28.121  -26.952  75.944 0.0000000000
59279  -25.927  -29.004  72.722 0.0000000000
67191  -13.675  -21.723  72.507 0.0000000000
67166  -12.860  -21.594  74.865 0.0000000000
65103  -12.060  -23.895  73.123 0.0000000000
63162  -10.127  -26.198  73.261 0.0000000000
61062  -7.498  -27.911  72.629 0.0000000000
58307  -4.662  -30.426  71.960 0.0000000000
77224  -50.195  -10.873  53.989 0.0000000000
75282  -47.817  -13.159  52.205 0.0000000000
134939  -13.019  -29.369  80.255 0.0000000000
56220  -14.378  -32.142  81.348 0.0000000000
53927  -12.423  -34.130  77.598 0.0000000000
53986  -22.414  -32.718  73.005 0.0000000000
134475  -20.726  -32.655  75.479 0.0000000000
57263  -19.596  -31.033  77.730 0.0000000000
55115  -16.427  -32.431  76.559 0.0000000000
53942  -13.469  -33.421  75.258 0.0000000000
67227  -10.046  -21.086  68.974 0.0000000000
140864  -10.293  -21.810  65.203 0.0000000000
65225  -10.677  -23.707  62.661 0.0000000000
62143  -13.066  -26.707  64.925 0.0000000000
141335  -12.707  -26.584  61.696 0.0000000000
62214  -10.042  -26.910  60.552 0.0000000000
66075  -7.368  -22.861  82.535 0.0000000000
159134  -6.578  -26.882  83.386 0.0000000000
63032  -4.634  -25.532  82.318 0.0000000000
135283  -5.388  -24.980  79.408 0.0000000000
61014  -4.099  -28.162  76.848 0.0000000000
139190  -4.714  -30.865  74.583 0.0000000000
141861  -6.210  -32.825  73.429 0.0000000000
49850  -4.399  -38.439  77.355 0.0000000000
50993  -4.392  -37.885  75.686 0.0000000000
52065  -7.048  -35.943  71.114 0.0000000000
66178  -39.908  -22.130  73.456 0.0000000000
67173  -39.697  -21.376  74.448 0.0000000000
159416  -39.194  -24.313  73.172 0.0000000000
65109  -39.938  -23.388  72.559 0.0000000000
63146  -38.799  -24.745  74.362 0.0000000000
63174  -38.457  -25.533  73.021 0.0000000000
65091  -38.917  -23.195  75.139 0.0000000000
63130  -38.098  -25.278  75.621 0.0000000000
79971  -50.937  -8.457  52.093 0.0000000000
78196  -49.637  -10.427  52.436 0.0000000000
78207  -49.087  -9.797  50.893 0.0000000000
79109  -50.272  -8.918  51.633 0.0000000000
79976  -50.576  -8.270  51.212 0.0000000000
72227  -41.693  -16.143  61.597 0.0000000000
73262  -43.001  -15.242  61.611 0.0000000000
73261  -42.111  -15.696  61.958 0.0000000000
72238  -38.945  -16.535  60.623 0.0000000000
72240  -40.470  -16.491  60.810 0.0000000000
135037  -41.092  -16.707  60.156 0.0000000000
57331  -4.609  -31.345  69.639 0.0000000000
57341  -4.504  -31.174  68.623 0.0000000000
136719  -5.849  -33.020  68.557 0.0000000000
55277  -6.991  -33.620  67.566 0.0000000000
55234  -7.966  -33.485  69.135 0.0000000000
52004  -11.262  -35.024  77.766 0.0000000000
51979  -10.576  -35.119  79.016 0.0000000000
72161  -38.494  -16.722  68.802 0.0000000000
71187  -38.437  -18.034  67.567 0.0000000000
72160  -37.723  -16.277  68.368 0.0000000000
73201  -37.105  -15.757  67.852 0.0000000000
83915  -52.439  -3.950  46.712 0.0000000000
83914  -51.782  -4.580  46.036 0.0000000000
85844  -52.241  -2.038  45.895 0.0000000000
66131  -8.662  -23.065  78.292 0.0000000000
64110  -8.282  -24.281  77.216 0.0000000000
64100  -7.456  -24.009  77.975 0.0000000000
73325  -48.731  -15.690  55.885 0.0000000000
74297  -49.781  -14.918  56.405 0.0000000000
72301  -46.097  -16.628  55.512 0.0000000000
71312  -45.505  -17.464  54.519 0.0000000000
72302  -47.372  -16.500  55.199 0.0000000000
72311  -48.163  -16.048  54.775 0.0000000000
60118  -17.512  -28.326  76.441 0.0000000000
60119  -18.762  -28.831  76.299 0.0000000000
58283  -26.159  -30.469  77.628 0.0000000000
57274  -25.959  -31.368  76.324 0.0000000000
64238  -6.988  -24.717  62.431 0.0000000000
65125  -14.426  -22.789  69.831 0.0000000000
66228  -14.599  -22.564  68.211 0.0000000000
64183  -14.108  -24.287  69.071 0.0000000000
57429  -5.390  -31.298  61.130 0.0000000000
57430  -7.015  -31.175  60.945 0.0000000000
57474  -4.710  -31.771  59.280 0.0000000000
63064  -10.973  -25.537  80.471 0.0000000000
61926  -9.617  -26.347  80.588 0.0000000000
52932  -5.124  -35.383  80.761 0.0000000000
55076  -5.016  -33.548  81.357 0.0000000000
53918  -5.005  -35.005  80.372 0.0000000000
153582  -5.210  -34.297  79.244 0.0000000000
140166  -5.301  -36.183  78.919 0.0000000000
136033  -41.487  -21.096  70.790 0.0000000000
67230  -40.953  -21.862  70.287 0.0000000000
68210  -41.420  -20.112  70.477 0.0000000000
70200  -41.197  -18.558  69.927 0.0000000000
62040  -35.186  -26.037  74.033 0.0000000000
62007  -34.926  -26.340  75.993 0.0000000000
63172  -33.891  -25.334  72.779 0.0000000000
63171  -32.575  -24.812  72.197 0.0000000000
82873  -52.337  -5.397  50.021 0.0000000000
80898  -51.025  -7.153  50.267 0.0000000000
140131  -50.027  -7.475  48.825 0.0000000000
81883  -50.950  -6.495  48.951 0.0000000000
157348  -51.726  -5.458  48.785 0.0000000000
73309  -45.203  -15.303  58.060 0.0000000000
73288  -46.459  -14.590  59.270 0.0000000000
73287  -45.600  -14.714  59.476 0.0000000000
147466  -42.523  -16.013  58.544 0.0000000000
71276  -41.432  -16.618  57.680 0.0000000000
72283  -43.115  -15.917  57.590 0.0000000000
134269  -43.798  -16.139  56.721 0.0000000000
153938  -6.819  -23.051  67.166 0.0000000000
65181  -6.956  -22.706  65.780 0.0000000000
151717  -8.180  -22.435  66.693 0.0000000000
61098  -10.508  -27.841  70.574 0.0000000000
61111  -11.265  -27.586  69.306 0.0000000000
60190  -8.844  -28.460  69.138 0.0000000000
59327  -5.129  -30.226  66.105 0.0000000000
158759  -6.443  -29.001  66.215 0.0000000000
58393  -4.985  -30.225  64.708 0.0000000000
58409  -4.798  -30.605  63.713 0.0000000000
151692  -4.997  -32.781  63.638 0.0000000000
55351  -4.748  -33.826  63.423 0.0000000000
59203  -11.925  -30.064  82.215 0.0000000000
59196  -10.737  -30.231  83.149 0.0000000000
57241  -11.168  -31.333  83.892 0.0000000000
51958  -8.399  -36.266  80.717 0.0000000000
140769  -8.550  -34.495  82.646 0.0000000000
51945  -7.511  -36.044  81.686 0.0000000000
51943  -6.422  -36.208  81.967 0.0000000000
74198  -39.892  -14.721  64.674 0.0000000000
74186  -37.463  -14.441  65.568 0.0000000000
73220  -36.228  -15.412  64.425 0.0000000000
74196  -37.648  -14.674  64.712 0.0000000000
74209  -38.476  -15.218  63.665 0.0000000000
60987  -27.411  -27.011  81.361 0.0000000000
60078  -26.563  -28.135  80.506 0.0000000000
61000  -27.468  -28.067  79.383 0.0000000000
145681  -32.715  -26.565  78.972 0.0000000000
143884  -32.018  -26.704  79.330 0.0000000000
139199  -31.156  -26.239  77.612 0.0000000000
61071  -27.716  -26.595  72.506 0.0000000000
151492  -28.598  -26.430  74.547 0.0000000000
61055  -27.687  -26.967  73.349 0.0000000000
60141  -27.015  -28.307  74.780 0.0000000000
60147  -26.214  -28.392  72.167 0.0000000000
59291  -25.472  -29.092  70.539 0.0000000000
66154  -11.213  -22.554  75.770 0.0000000000
66165  -11.659  -22.845  74.810 0.0000000000
66171  -12.260  -22.690  74.060 0.0000000000
65097  -11.705  -23.469  73.926 0.0000000000
64146  -11.027  -24.985  73.103 0.0000000000
63134  -10.085  -24.955  74.021 0.0000000000
62015  -7.227  -26.663  74.519 0.0000000000
62032  -7.623  -26.957  73.864 0.0000000000
157103  -6.375  -27.562  73.486 0.0000000000
60146  -5.345  -28.683  72.267 0.0000000000
61058  -5.050  -28.918  73.254 0.0000000000
77214  -49.875  -11.692  54.243 0.0000000000
77215  -50.472  -11.191  54.817 0.0000000000
77194  -50.806  -11.651  55.564 0.0000000000
74320  -48.620  -14.791  53.907 0.0000000000
74331  -47.802  -14.735  52.675 0.0000000000
75268  -48.848  -12.859  53.270 0.0000000000
76218  -48.938  -12.149  52.931 0.0000000000
59249  -13.566  -28.977  77.708 0.0000000000
58267  -16.277  -30.651  80.122 0.0000000000
58263  -15.351  -30.881  81.208 0.0000000000
56224  -15.175  -31.992  80.247 0.0000000000
53924  -13.047  -33.502  78.526 0.0000000000
53925  -13.874  -33.110  78.041 0.0000000000
155216  -22.202  -33.687  70.129 0.0000000000
54009  -22.934  -33.145  72.079 0.0000000000
54026  -21.369  -32.922  71.114 0.0000000000
53983  -18.635  -32.335  73.264 0.0000000000
53964  -20.141  -32.543  73.836 0.0000000000
155412  -19.494  -32.558  74.514 0.0000000000
56239  -19.811  -32.391  76.763 0.0000000000
55132  -18.930  -32.993  76.083 0.0000000000
156339  -18.083  -32.240  76.833 0.0000000000
152770  -16.941  -32.541  75.280 0.0000000000
53961  -14.169  -33.256  74.213 0.0000000000
69210  -11.040  -19.894  69.722 0.0000000000
67270  -13.345  -22.083  65.634 0.0000000000
67257  -11.490  -21.342  66.491 0.0000000000
66259  -11.978  -21.921  64.956 0.0000000000
155480  -10.552  -22.789  63.650 0.0000000000
65215  -12.000  -23.204  63.309 0.0000000000
142548  -11.516  -28.017  66.274 0.0000000000
62131  -12.842  -26.890  65.901 0.0000000000
61165  -11.864  -27.884  64.972 0.0000000000
58450  -11.138  -30.071  61.015 0.0000000000
143414  -12.162  -28.602  61.850 0.0000000000
60308  -11.673  -28.518  60.664 0.0000000000
62215  -11.066  -26.845  60.632 0.0000000000
160094  -10.686  -28.756  60.006 0.0000000000
61220  -9.331  -27.901  59.730 0.0000000000
65014  -7.559  -23.279  83.415 0.0000000000
59192  -7.668  -29.516  83.630 0.0000000000
60069  -7.396  -28.103  82.901 0.0000000000
60062  -7.072  -29.342  83.844 0.0000000000
59216  -3.767  -29.127  81.065 0.0000000000
158893  -3.894  -27.390  82.663 0.0000000000
154987  -3.704  -26.940  80.968 0.0000000000
64070  -4.993  -25.119  81.144 0.0000000000
61937  -3.994  -26.582  79.696 0.0000000000
63084  -4.777  -26.294  78.566 0.0000000000
61002  -4.113  -27.729  78.376 0.0000000000
55112  -5.273  -32.834  76.549 0.0000000000
152626  -4.126  -31.219  76.157 0.0000000000
55126  -5.316  -32.587  75.716 0.0000000000
55163  -5.512  -31.991  74.120 0.0000000000
55144  -5.937  -33.868  75.020 0.0000000000
48867  -3.688  -39.365  76.555 0.0000000000
49860  -4.084  -38.493  76.727 0.0000000000
68166  -41.995  -20.248  72.426 0.0000000000
61092  -38.477  -26.400  70.583 0.0000000000
63201  -39.604  -25.207  69.977 0.0000000000
64169  -39.899  -24.291  71.109 0.0000000000
67213  -41.579  -21.706  71.879 0.0000000000
62057  -35.794  -26.757  72.753 0.0000000000
61073  -36.848  -27.188  72.188 0.0000000000
138518  -37.714  -27.109  71.608 0.0000000000
135879  -37.067  -26.405  75.408 0.0000000000
155149  -52.161  -6.543  51.233 0.0000000000
78213  -48.204  -10.069  49.691 0.0000000000
79117  -48.556  -9.292  49.344 0.0000000000
79124  -48.971  -8.537  48.950 0.0000000000
79978  -49.668  -8.595  50.225 0.0000000000
80897  -50.816  -7.667  50.779 0.0000000000
72258  -43.006  -15.599  59.346 0.0000000000
73275  -44.320  -14.915  60.689 0.0000000000
73274  -43.402  -15.307  60.973 0.0000000000
74233  -44.538  -14.350  61.718 0.0000000000
73256  -36.106  -16.238  61.576 0.0000000000
72237  -36.817  -15.972  60.092 0.0000000000
152948  -38.520  -15.912  59.781 0.0000000000
72267  -39.135  -16.132  58.211 0.0000000000
72279  -39.600  -16.550  57.539 0.0000000000
72254  -40.195  -16.234  59.319 0.0000000000
72256  -41.339  -16.623  59.475 0.0000000000
60170  -6.140  -28.174  69.996 0.0000000000
60189  -7.374  -28.257  69.047 0.0000000000
155587  -5.292  -29.273  68.330 0.0000000000
58349  -4.961  -30.692  67.328 0.0000000000
55297  -5.338  -32.823  66.116 0.0000000000
54127  -5.572  -33.598  64.354 0.0000000000
156908  -6.016  -33.491  65.875 0.0000000000
54112  -8.076  -34.655  65.997 0.0000000000
53914  -12.506  -33.219  81.530 0.0000000000
53908  -11.400  -33.222  82.404 0.0000000000
52942  -10.567  -34.712  80.258 0.0000000000
75139  -38.103  -13.964  66.170 0.0000000000
67252  -38.885  -21.164  68.133 0.0000000000
66251  -38.030  -22.590  67.609 0.0000000000
69246  -38.138  -19.602  67.353 0.0000000000
69256  -37.605  -19.580  66.671 0.0000000000
70230  -36.957  -18.704  66.100 0.0000000000
160532  -36.524  -16.974  66.403 0.0000000000
74172  -36.807  -14.777  66.471 0.0000000000
63057  -29.715  -25.731  81.774 0.0000000000
63141  -31.267  -24.846  74.161 0.0000000000
63124  -30.727  -25.331  75.389 0.0000000000
63168  -29.717  -25.334  73.063 0.0000000000
62070  -28.379  -26.029  72.196 0.0000000000
81894  -51.101  -5.778  45.079 0.0000000000
82904  -51.042  -5.212  44.439 0.0000000000
161493  -50.832  -4.222  44.145 0.0000000000
84892  -49.854  -3.716  44.538 0.0000000000
65077  -10.065  -23.346  76.347 0.0000000000
64140  -10.118  -24.689  74.732 0.0000000000
64121  -9.186  -24.374  75.958 0.0000000000
63116  -7.512  -25.838  75.720 0.0000000000
61997  -5.981  -26.490  75.567 0.0000000000
74313  -49.342  -14.572  54.919 0.0000000000
74305  -50.064  -14.303  56.148 0.0000000000
151565  -45.065  -18.053  53.374 0.0000000000
71322  -45.696  -17.761  53.177 0.0000000000
72328  -46.550  -16.803  52.597 0.0000000000
72317  -46.778  -17.003  53.517 0.0000000000
73341  -48.359  -15.653  54.269 0.0000000000
147979  -15.476  -28.803  77.813 0.0000000000
60106  -16.703  -28.465  77.132 0.0000000000
60084  -16.928  -29.420  79.128 0.0000000000
56227  -17.392  -31.587  79.329 0.0000000000
54041  -16.842  -32.577  70.759 0.0000000000
53981  -15.889  -32.621  73.927 0.0000000000
68203  -14.116  -20.080  69.471 0.0000000000
68219  -12.951  -20.232  68.452 0.0000000000
67238  -14.105  -21.016  68.195 0.0000000000
156702  -14.285  -22.498  66.755 0.0000000000
65184  -14.253  -23.474  65.896 0.0000000000
59369  -8.528  -29.650  63.581 0.0000000000
159527  -10.515  -29.156  63.660 0.0000000000
58414  -8.868  -30.189  62.859 0.0000000000
57432  -8.900  -31.410  60.962 0.0000000000
57478  -9.033  -31.226  59.528 0.0000000000
63050  -12.578  -25.319  81.983 0.0000000000
63037  -11.031  -25.061  82.717 0.0000000000
63034  -8.454  -25.473  82.777 0.0000000000
56209  -5.851  -32.482  82.723 0.0000000000
58253  -5.501  -30.837  83.354 0.0000000000
57243  -4.689  -31.739  82.336 0.0000000000
135982  -3.992  -31.354  81.901 0.0000000000
142471  -3.807  -30.609  80.113 0.0000000000
142929  -3.690  -29.842  78.839 0.0000000000
56233  -4.841  -32.776  79.086 0.0000000000
154442  -5.278  -34.146  78.053 0.0000000000
53932  -5.417  -35.349  77.491 0.0000000000
64196  -39.521  -24.685  67.576 0.0000000000
149831  -39.686  -24.329  69.089 0.0000000000
66218  -40.058  -22.883  69.268 0.0000000000
67240  -39.429  -21.518  68.576 0.0000000000
69231  -39.846  -19.590  68.881 0.0000000000
71167  -40.322  -17.438  69.394 0.0000000000
135828  -33.253  -26.415  77.553 0.0000000000
61976  -35.688  -26.512  77.571 0.0000000000
62006  -33.922  -26.001  76.108 0.0000000000
63126  -32.603  -25.304  75.517 0.0000000000
63157  -32.055  -24.757  73.789 0.0000000000
80908  -49.439  -7.446  47.601 0.0000000000
81886  -50.851  -6.078  47.448 0.0000000000
82884  -51.937  -5.050  48.248 0.0000000000
73317  -47.149  -15.458  57.188 0.0000000000
73312  -47.894  -15.238  57.579 0.0000000000
73302  -47.668  -14.870  58.384 0.0000000000
71273  -39.894  -16.727  57.056 0.0000000000
71286  -43.463  -16.726  56.071 0.0000000000
154372  -45.617  -15.897  56.564 0.0000000000
58317  -25.091  -31.005  71.769 0.0000000000
56275  -24.682  -31.972  73.350 0.0000000000
56314  -24.265  -32.308  71.122 0.0000000000
54078  -22.743  -33.627  69.060 0.0000000000
143798  -6.717  -23.248  64.230 0.0000000000
151992  -8.085  -23.672  63.231 0.0000000000
63194  -12.367  -25.619  70.305 0.0000000000
63216  -12.853  -25.850  69.018 0.0000000000
148017  -11.825  -27.012  69.070 0.0000000000
61134  -11.642  -27.733  67.645 0.0000000000
60237  -9.745  -28.452  66.430 0.0000000000
60222  -8.116  -28.138  67.593 0.0000000000
154312  -8.062  -28.408  66.380 0.0000000000
60262  -8.734  -28.837  65.005 0.0000000000
59368  -7.523  -29.561  63.689 0.0000000000
60076  -9.163  -28.442  80.353 0.0000000000
150205  -9.530  -29.452  81.458 0.0000000000
59194  -9.043  -29.951  83.243 0.0000000000
57238  -8.328  -30.946  84.367 0.0000000000
146278  -9.739  -33.081  83.645 0.0000000000
55067  -8.767  -33.158  83.858 0.0000000000
56201  -6.925  -32.678  83.996 0.0000000000
53901  -5.863  -34.275  82.466 0.0000000000
51941  -5.404  -35.823  81.327 0.0000000000
156571  -5.220  -36.765  80.039 0.0000000000
73246  -40.660  -16.022  62.772 0.0000000000
73235  -41.480  -15.435  62.785 0.0000000000
73223  -40.913  -15.075  63.673 0.0000000000
65172  -36.892  -23.324  66.794 0.0000000000
72209  -35.768  -16.408  62.489 0.0000000000
150710  -38.943  -15.890  62.564 0.0000000000
59245  -26.553  -29.421  78.487 0.0000000000
150028  -26.488  -30.320  76.292 0.0000000000
63059  -32.074  -25.655  81.302 0.0000000000
142109  -30.910  -26.434  80.662 0.0000000000
61955  -29.379  -26.585  79.051 0.0000000000
62004  -29.332  -25.836  75.891 0.0000000000
61984  -28.859  -26.449  77.478 0.0000000000
61013  -28.160  -27.288  77.899 0.0000000000
61012  -27.656  -27.919  77.287 0.0000000000
158189  -26.765  -29.031  75.238 0.0000000000
58302  -25.943  -30.015  73.973 0.0000000000
58318  -25.365  -30.215  71.498 0.0000000000
85851  -48.908  -2.485  45.613 0.0000000000
85850  -48.125  -2.139  45.223 0.0000000000
87735  -47.999  -0.382  44.571 0.0000000000
67205  -14.398  -21.058  71.074 0.0000000000
65113  -13.502  -23.135  71.420 0.0000000000
67178  -13.476  -21.490  73.471 0.0000000000
65105  -13.114  -22.977  72.221 0.0000000000
64163  -12.591  -24.469  71.451 0.0000000000
63177  -11.598  -25.686  71.539 0.0000000000
62063  -10.661  -26.799  71.675 0.0000000000
61083  -9.543  -27.826  71.715 0.0000000000
63147  -8.971  -26.067  74.135 0.0000000000
62045  -8.915  -27.209  73.141 0.0000000000
61082  -7.926  -28.216  71.911 0.0000000000
61097  -5.740  -28.246  70.760 0.0000000000
139525  -4.735  -29.711  70.984 0.0000000000
146831  -4.874  -31.497  70.668 0.0000000000
78197  -50.243  -9.890  52.822 0.0000000000
73368  -46.686  -15.455  51.656 0.0000000000
74343  -46.838  -14.584  51.545 0.0000000000
75281  -47.294  -13.310  51.640 0.0000000000
76231  -48.064  -12.181  51.950 0.0000000000
77233  -49.346  -11.360  52.854 0.0000000000
59218  -11.973  -29.683  80.430 0.0000000000
58261  -13.297  -30.303  82.252 0.0000000000
161277  -14.575  -29.000  79.928 0.0000000000
58264  -14.523  -30.024  81.476 0.0000000000
56216  -13.333  -32.381  82.225 0.0000000000
52957  -12.446  -34.094  78.211 0.0000000000
56274  -24.255  -32.495  73.678 0.0000000000
55135  -23.782  -32.638  74.536 0.0000000000
55122  -23.170  -32.209  75.481 0.0000000000
54006  -20.933  -32.675  72.665 0.0000000000
53946  -21.660  -32.581  74.120 0.0000000000
56244  -22.098  -32.188  75.556 0.0000000000
58285  -21.228  -30.271  76.090 0.0000000000
59260  -20.435  -29.690  76.105 0.0000000000
59259  -19.052  -29.404  76.746 0.0000000000
58272  -18.879  -30.678  78.470 0.0000000000
56231  -17.810  -31.850  78.674 0.0000000000
55098  -16.633  -32.439  78.165 0.0000000000
53963  -15.503  -32.696  74.456 0.0000000000
53944  -15.056  -32.536  75.519 0.0000000000
55103  -14.467  -32.923  77.135 0.0000000000
53934  -13.019  -33.730  76.373 0.0000000000
67235  -9.492  -21.650  68.553 0.0000000000
68234  -11.782  -20.702  67.603 0.0000000000
67247  -10.486  -21.349  67.525 0.0000000000
66236  -9.285  -21.895  67.189 0.0000000000
66267  -9.619  -22.265  64.642 0.0000000000
65212  -9.338  -23.111  63.424 0.0000000000
64240  -9.227  -24.170  62.451 0.0000000000
63225  -13.858  -25.430  67.602 0.0000000000
138430  -13.644  -25.730  65.903 0.0000000000
63250  -13.669  -25.149  64.328 0.0000000000
60279  -12.273  -28.069  63.335 0.0000000000
62168  -13.251  -26.657  62.874 0.0000000000
64244  -13.481  -25.039  62.872 0.0000000000
63269  -11.555  -24.959  61.837 0.0000000000
63284  -10.829  -25.312  61.504 0.0000000000
63282  -8.719  -25.427  61.412 0.0000000000
61203  -8.942  -27.268  60.064 0.0000000000
60984  -8.184  -27.324  81.648 0.0000000000
61912  -7.542  -26.318  82.704 0.0000000000
63023  -7.421  -25.041  83.415 0.0000000000
60064  -5.647  -28.539  83.628 0.0000000000
61908  -5.405  -26.214  83.414 0.0000000000
147446  -6.136  -24.710  83.545 0.0000000000
65019  -5.924  -23.802  82.296 0.0000000000
65037  -6.322  -23.542  80.833 0.0000000000
65058  -6.445  -23.777  79.423 0.0000000000
133944  -5.811  -24.946  78.026 0.0000000000
61981  -5.149  -26.640  76.567 0.0000000000
61021  -4.793  -28.082  75.768 0.0000000000
148878  -3.814  -29.962  77.375 0.0000000000
59264  -3.736  -29.508  75.796 0.0000000000
60132  -4.521  -29.045  74.963 0.0000000000
57287  -4.685  -30.458  73.174 0.0000000000
56286  -5.226  -31.280  72.409 0.0000000000
55195  -6.227  -32.557  71.877 0.0000000000
49798  -5.072  -37.464  79.422 0.0000000000
48820  -4.659  -38.646  78.314 0.0000000000
50946  -4.921  -37.478  78.566 0.0000000000
50954  -4.833  -37.886  77.742 0.0000000000
52012  -4.798  -37.650  76.687 0.0000000000
52020  -5.041  -37.049  76.093 0.0000000000
52038  -4.811  -37.417  74.095 0.0000000000
52984  -5.832  -35.721  74.800 0.0000000000
52994  -6.744  -35.018  73.623 0.0000000000
53005  -7.462  -34.524  72.216 0.0000000000
55212  -7.893  -33.338  70.885 0.0000000000
53031  -8.393  -35.036  69.053 0.0000000000
52098  -8.407  -36.311  68.171 0.0000000000
66177  -39.675  -22.662  73.844 0.0000000000
66170  -39.652  -22.063  74.084 0.0000000000
65101  -39.546  -23.392  73.933 0.0000000000
65102  -39.783  -22.925  73.342 0.0000000000
64139  -39.055  -23.881  74.600 0.0000000000
148566  -39.321  -24.182  73.897 0.0000000000
64138  -38.506  -24.657  75.116 0.0000000000
66164  -39.243  -22.177  74.880 0.0000000000
79972  -51.780  -8.140  52.561 0.0000000000
79106  -51.337  -8.760  52.859 0.0000000000
79104  -49.954  -9.635  52.037 0.0000000000
72226  -41.280  -16.337  61.870 0.0000000000
73260  -41.423  -16.087  62.141 0.0000000000
72210  -40.457  -16.323  62.204 0.0000000000
72224  -40.032  -16.421  61.455 0.0000000000
72225  -40.833  -16.457  61.731 0.0000000000
72241  -41.310  -16.429  61.056 0.0000000000
55231  -5.287  -32.480  69.997 0.0000000000
141682  -5.293  -32.563  69.059 0.0000000000
55254  -7.001  -33.341  68.411 0.0000000000
55233  -6.861  -33.112  69.363 0.0000000000
52003  -10.645  -35.635  77.487 0.0000000000
158177  -9.052  -22.667  78.888 0.0000000000
65059  -7.812  -23.396  78.591 0.0000000000
72294  -48.255  -15.860  56.000 0.0000000000
73319  -48.652  -15.589  56.438 0.0000000000
136097  -46.868  -16.366  55.653 0.0000000000
72293  -47.628  -16.063  55.831 0.0000000000
72303  -48.072  -16.050  55.363 0.0000000000
158948  -18.651  -28.057  75.047 0.0000000000
60127  -18.086  -28.295  76.069 0.0000000000
153128  -18.729  -28.313  75.507 0.0000000000
58295  -26.289  -30.684  75.640 0.0000000000
58291  -26.240  -30.975  76.352 0.0000000000
57276  -25.993  -31.265  75.776 0.0000000000
63265  -6.178  -25.304  61.949 0.0000000000
65124  -14.008  -23.317  70.442 0.0000000000
65140  -14.346  -23.425  69.501 0.0000000000
64174  -13.971  -23.964  69.841 0.0000000000
57451  -5.291  -31.444  60.059 0.0000000000
147454  -9.862  -27.039  79.541 0.0000000000
52941  -5.205  -35.930  80.283 0.0000000000
52949  -5.222  -35.701  79.741 0.0000000000
138697  -5.260  -36.469  79.594 0.0000000000
68196  -41.944  -19.503  71.114 0.0000000000
160286  -42.058  -18.714  70.990 0.0000000000
70188  -41.752  -18.206  70.585 0.0000000000
62056  -35.045  -26.233  73.139 0.0000000000
63159  -34.574  -25.757  73.649 0.0000000000
149580  -34.401  -25.694  73.137 0.0000000000
81860  -51.631  -6.533  50.576 0.0000000000
81872  -51.228  -6.561  49.779 0.0000000000
81873  -51.759  -6.000  50.137 0.0000000000
82883  -51.588  -5.819  49.336 0.0000000000
73299  -44.468  -15.285  58.612 0.0000000000
138738  -45.181  -15.029  58.847 0.0000000000
73286  -44.641  -15.025  59.643 0.0000000000
72271  -43.534  -15.569  58.444 0.0000000000
72272  -44.319  -15.611  57.552 0.0000000000
66225  -7.443  -22.872  68.383 0.0000000000
65150  -7.152  -23.084  67.803 0.0000000000
65160  -7.620  -22.680  67.223 0.0000000000
60173  -9.684  -28.238  70.933 0.0000000000
61109  -9.967  -28.280  70.143 0.0000000000
135514  -9.054  -28.420  70.074 0.0000000000
56373  -4.884  -32.209  65.600 0.0000000000
158053  -4.978  -30.334  65.483 0.0000000000
146195  -4.700  -31.854  65.273 0.0000000000
58408  -4.676  -30.849  64.287 0.0000000000
56384  -5.171  -32.479  64.476 0.0000000000
55337  -5.223  -33.228  63.893 0.0000000000
55338  -5.425  -33.514  64.175 0.0000000000
145262  -12.211  -31.104  83.333 0.0000000000
57245  -11.519  -30.908  83.608 0.0000000000
56207  -11.678  -31.598  83.608 0.0000000000
51957  -7.944  -36.242  81.202 0.0000000000
74188  -39.737  -14.144  65.396 0.0000000000
65174  -39.125  -24.650  67.166 0.0000000000
74197  -38.666  -14.810  64.393 0.0000000000
63056  -28.865  -26.062  81.745 0.0000000000
61930  -28.319  -26.869  80.925 0.0000000000
60994  -27.777  -27.410  80.633 0.0000000000
61001  -28.013  -27.548  79.769 0.0000000000
61973  -32.469  -26.361  77.697 0.0000000000
61972  -31.786  -26.348  77.872 0.0000000000
61987  -31.828  -25.965  77.137 0.0000000000
61070  -27.230  -27.246  72.669 0.0000000000
60144  -26.969  -27.789  73.188 0.0000000000
60159  -26.454  -27.754  71.562 0.0000000000
60158  -25.890  -28.513  71.207 0.0000000000
60175  -26.165  -27.707  70.722 0.0000000000
65085  -11.013  -23.300  75.270 0.0000000000
147372  -11.881  -22.298  75.368 0.0000000000
65092  -11.244  -23.554  74.598 0.0000000000
140573  -10.695  -24.637  73.710 0.0000000000
64141  -10.532  -24.488  74.243 0.0000000000
62014  -6.190  -26.869  74.769 0.0000000000
62031  -6.702  -27.131  74.005 0.0000000000
62030  -5.924  -27.382  74.041 0.0000000000
61059  -5.348  -28.378  73.269 0.0000000000
61043  -5.029  -28.448  74.121 0.0000000000
76205  -50.171  -12.112  55.001 0.0000000000
75250  -49.401  -13.643  54.519 0.0000000000
75258  -48.863  -13.806  53.681 0.0000000000
148104  -49.242  -13.025  53.860 0.0000000000
56225  -15.762  -31.649  79.771 0.0000000000
56222  -15.471  -31.522  80.497 0.0000000000
55091  -15.307  -32.550  79.343 0.0000000000
55090  -14.611  -32.818  79.350 0.0000000000
140918  -15.237  -32.657  78.732 0.0000000000
54061  -21.791  -33.423  69.666 0.0000000000
54045  -22.082  -33.610  70.606 0.0000000000
54044  -21.272  -33.064  70.154 0.0000000000
53982  -17.472  -32.451  73.240 0.0000000000
55168  -19.144  -32.487  73.931 0.0000000000
55148  -18.604  -32.621  74.671 0.0000000000
149139  -19.183  -32.768  75.281 0.0000000000
55131  -18.107  -32.616  75.495 0.0000000000
55147  -17.501  -32.540  74.706 0.0000000000
69211  -11.797  -19.489  69.613 0.0000000000
66260  -13.044  -22.231  65.002 0.0000000000
66270  -12.558  -22.433  64.297 0.0000000000
66277  -12.100  -22.682  63.790 0.0000000000
156700  -12.816  -23.602  63.326 0.0000000000
60252  -11.163  -28.341  65.485 0.0000000000
61157  -11.829  -27.850  65.636 0.0000000000
162266  -10.769  -30.272  60.540 0.0000000000
59401  -11.408  -29.397  60.792 0.0000000000
59400  -11.024  -29.123  60.177 0.0000000000
60324  -10.453  -29.083  59.645 0.0000000000
59412  -10.124  -29.482  59.171 0.0000000000
58478  -9.908  -30.129  59.032 0.0000000000
64053  -9.549  -24.570  84.068 0.0000000000
64040  -8.491  -24.071  84.101 0.0000000000
59185  -7.502  -29.935  84.001 0.0000000000
59184  -6.898  -29.934  84.037 0.0000000000
145720  -3.676  -28.334  80.644 0.0000000000
60983  -3.619  -27.655  81.176 0.0000000000
60988  -3.701  -27.369  80.288 0.0000000000
61924  -3.858  -26.417  80.456 0.0000000000
161315  -4.264  -27.045  78.929 0.0000000000
142465  -3.543  -28.871  79.243 0.0000000000
55127  -5.548  -33.532  76.161 0.0000000000
55143  -5.624  -33.182  75.357 0.0000000000
134732  -3.307  -40.961  76.024 0.0000000000
47901  -3.505  -40.079  76.316 0.0000000000
62076  -38.662  -25.715  71.033 0.0000000000
63190  -39.552  -24.886  70.823 0.0000000000
64168  -39.573  -24.665  71.762 0.0000000000
66179  -40.530  -21.704  73.093 0.0000000000
66189  -40.959  -22.133  72.323 0.0000000000
67199  -41.292  -21.358  72.679 0.0000000000
68182  -41.891  -20.985  72.267 0.0000000000
62042  -36.485  -26.690  73.560 0.0000000000
62058  -36.512  -26.883  72.689 0.0000000000
61056  -37.031  -26.649  72.978 0.0000000000
63175  -39.099  -24.958  72.545 0.0000000000
62059  -38.161  -26.294  72.566 0.0000000000
62060  -38.779  -25.841  72.101 0.0000000000
137597  -37.999  -27.073  70.839 0.0000000000
62011  -37.653  -25.832  75.315 0.0000000000
62028  -37.310  -26.481  74.580 0.0000000000
62027  -36.873  -26.838  74.570 0.0000000000
137716  -51.488  -7.073  51.115 0.0000000000
80895  -52.443  -7.038  51.881 0.0000000000
77238  -47.751  -11.763  51.227 0.0000000000
77245  -48.106  -11.024  50.830 0.0000000000
78206  -48.490  -10.268  50.483 0.0000000000
79112  -48.811  -9.526  50.134 0.0000000000
79118  -49.179  -8.867  49.801 0.0000000000
72243  -42.700  -15.653  60.329 0.0000000000
73285  -43.670  -15.281  60.053 0.0000000000
73249  -42.693  -15.209  62.001 0.0000000000
74232  -43.517  -14.771  61.839 0.0000000000
73257  -37.293  -15.968  61.666 0.0000000000
72222  -37.839  -16.002  61.030 0.0000000000
153420  -38.475  -15.743  58.919 0.0000000000
72253  -39.276  -15.983  59.446 0.0000000000
72268  -39.879  -16.292  58.436 0.0000000000
135018  -41.492  -16.530  60.206 0.0000000000
72257  -41.984  -16.263  59.623 0.0000000000
60187  -5.451  -28.514  69.333 0.0000000000
161272  -5.578  -28.302  68.951 0.0000000000
160932  -5.319  -28.932  68.947 0.0000000000
56353  -4.984  -32.246  67.751 0.0000000000
57349  -4.693  -31.238  67.743 0.0000000000
56352  -5.047  -31.762  67.323 0.0000000000
57359  -4.997  -31.268  66.876 0.0000000000
56364  -5.259  -32.256  66.754 0.0000000000
55298  -5.683  -33.117  66.338 0.0000000000
54092  -7.866  -33.995  67.310 0.0000000000
54111  -7.710  -34.186  66.565 0.0000000000
53065  -8.320  -35.384  65.568 0.0000000000
53057  -8.670  -35.367  66.398 0.0000000000
53919  -12.081  -33.786  80.361 0.0000000000
52935  -11.193  -34.122  80.625 0.0000000000
52943  -11.396  -34.329  79.877 0.0000000000
69230  -39.229  -19.466  68.245 0.0000000000
68237  -38.395  -20.285  67.676 0.0000000000
69247  -38.685  -19.742  67.748 0.0000000000
70218  -38.162  -18.699  67.153 0.0000000000
71195  -38.002  -18.244  66.943 0.0000000000
70231  -37.699  -18.905  66.591 0.0000000000
71194  -37.368  -18.067  66.658 0.0000000000
71193  -36.665  -17.665  66.253 0.0000000000
72181  -36.879  -17.059  66.906 0.0000000000
146990  -37.201  -14.382  67.109 0.0000000000
73200  -36.738  -15.251  67.031 0.0000000000
63043  -29.770  -24.994  82.161 0.0000000000
63058  -30.670  -25.127  81.932 0.0000000000
63156  -31.246  -24.807  73.475 0.0000000000
63155  -30.382  -25.072  73.689 0.0000000000
63184  -29.803  -25.084  72.260 0.0000000000
81889  -50.900  -6.106  46.420 0.0000000000
158341  -50.948  -6.167  45.672 0.0000000000
150243  -51.333  -5.527  45.849 0.0000000000
83919  -51.764  -3.942  44.980 0.0000000000
82900  -51.411  -4.870  45.069 0.0000000000
83927  -51.245  -4.297  44.394 0.0000000000
84893  -50.838  -3.676  44.355 0.0000000000
85859  -51.339  -2.963  44.680 0.0000000000
65083  -9.754  -23.999  75.829 0.0000000000
65076  -9.382  -23.957  76.504 0.0000000000
64119  -7.707  -24.842  76.954 0.0000000000
64129  -8.066  -25.253  76.167 0.0000000000
63104  -7.195  -25.503  76.429 0.0000000000
63115  -6.610  -26.042  75.980 0.0000000000
63103  -6.313  -25.649  76.588 0.0000000000
75244  -49.747  -13.981  55.380 0.0000000000
74304  -49.563  -14.776  55.643 0.0000000000
71311  -44.636  -17.454  54.734 0.0000000000
71313  -46.334  -17.262  54.410 0.0000000000
70342  -44.927  -17.840  54.037 0.0000000000
70343  -45.684  -17.653  53.870 0.0000000000
71323  -46.302  -17.421  53.743 0.0000000000
73333  -48.682  -15.633  55.122 0.0000000000
157893  -47.919  -16.216  54.325 0.0000000000
74312  -48.930  -15.119  54.598 0.0000000000
137101  -16.808  -28.274  76.306 0.0000000000
60108  -17.943  -28.978  77.707 0.0000000000
60107  -17.265  -28.733  77.662 0.0000000000
60095  -17.497  -29.261  78.355 0.0000000000
59231  -17.143  -29.746  79.600 0.0000000000
58270  -17.723  -30.220  79.461 0.0000000000
135117  -17.246  -32.373  71.629 0.0000000000
54022  -16.180  -32.720  71.502 0.0000000000
68204  -14.379  -20.500  69.821 0.0000000000
68221  -14.305  -20.701  69.240 0.0000000000
67239  -14.402  -21.159  68.773 0.0000000000
65161  -14.455  -23.425  67.736 0.0000000000
66238  -14.472  -22.781  67.378 0.0000000000
65170  -14.411  -23.341  66.794 0.0000000000
66248  -14.248  -22.832  66.167 0.0000000000
64201  -14.309  -24.212  66.435 0.0000000000
58413  -7.943  -29.993  62.951 0.0000000000
58428  -8.310  -30.526  62.292 0.0000000000
57452  -6.410  -31.412  59.880 0.0000000000
57431  -8.131  -31.408  60.949 0.0000000000
57454  -8.557  -31.438  60.199 0.0000000000
57477  -8.133  -31.471  59.224 0.0000000000
57476  -6.818  -31.328  58.848 0.0000000000
63063  -10.212  -25.620  80.940 0.0000000000
63049  -10.958  -25.230  81.474 0.0000000000
63048  -10.163  -25.246  81.983 0.0000000000
63035  -9.380  -25.342  82.631 0.0000000000
63046  -8.865  -25.977  82.006 0.0000000000
56208  -5.366  -32.732  82.316 0.0000000000
142124  -5.277  -32.130  82.534 0.0000000000
56215  -4.895  -32.597  82.078 0.0000000000
159186  -4.962  -33.263  81.085 0.0000000000
56219  -4.713  -32.749  81.406 0.0000000000
57251  -4.249  -31.886  81.150 0.0000000000
141402  -3.948  -30.745  81.157 0.0000000000
142473  -3.977  -32.152  80.195 0.0000000000
57258  -3.864  -31.325  79.667 0.0000000000
56228  -4.525  -32.894  79.848 0.0000000000
53926  -5.328  -34.621  78.707 0.0000000000
52961  -5.321  -35.378  78.418 0.0000000000
153559  -39.498  -24.979  67.265 0.0000000000
64197  -39.606  -24.961  67.810 0.0000000000
151134  -39.976  -24.616  70.078 0.0000000000
64185  -39.761  -24.744  69.209 0.0000000000
65141  -40.128  -24.057  69.799 0.0000000000
67229  -40.437  -21.800  69.483 0.0000000000
66219  -40.616  -22.596  69.825 0.0000000000
140689  -39.794  -22.163  68.904 0.0000000000
67241  -39.899  -21.245  68.957 0.0000000000
68225  -39.405  -20.775  68.504 0.0000000000
68226  -39.859  -20.385  68.960 0.0000000000
70199  -40.628  -18.054  69.408 0.0000000000
61104  -35.485  -27.481  70.622 0.0000000000
61947  -35.038  -26.354  79.175 0.0000000000
61974  -33.903  -26.561  78.267 0.0000000000
61978  -37.010  -26.250  77.364 0.0000000000
155836  -36.058  -26.669  77.069 0.0000000000
63128  -34.219  -25.720  75.303 0.0000000000
63127  -33.382  -25.551  75.456 0.0000000000
142091  -32.905  -25.231  74.880 0.0000000000
63142  -32.118  -24.933  74.691 0.0000000000
139706  -32.884  -25.059  74.156 0.0000000000
134593  -31.621  -24.616  72.010 0.0000000000
83891  -53.491  -3.821  49.301 0.0000000000
80905  -49.553  -7.925  48.952 0.0000000000
81882  -50.395  -6.945  48.542 0.0000000000
80906  -49.908  -7.208  48.060 0.0000000000
81885  -50.301  -6.733  47.721 0.0000000000
81888  -50.366  -6.639  46.788 0.0000000000
140668  -52.226  -5.138  49.170 0.0000000000
83911  -52.469  -4.235  47.774 0.0000000000
72284  -46.253  -15.620  56.969 0.0000000000
143200  -47.225  -15.149  57.871 0.0000000000
73311  -46.554  -15.253  57.780 0.0000000000
73289  -47.319  -14.587  59.202 0.0000000000
73276  -45.239  -14.580  60.421 0.0000000000
72280  -40.242  -16.693  57.679 0.0000000000
161043  -41.931  -16.517  57.312 0.0000000000
71297  -41.556  -17.134  56.017 0.0000000000
137024  -42.435  -16.870  56.143 0.0000000000
143037  -45.350  -15.579  57.205 0.0000000000
137761  -44.842  -15.976  56.614 0.0000000000
57310  -24.673  -31.653  72.011 0.0000000000
56328  -24.280  -32.081  70.495 0.0000000000
54079  -23.027  -33.542  69.008 0.0000000000
134592  -5.618  -23.263  66.539 0.0000000000
65195  -7.271  -22.777  64.799 0.0000000000
65210  -7.578  -23.331  63.849 0.0000000000
65211  -8.518  -23.197  63.668 0.0000000000
62083  -12.002  -26.313  70.068 0.0000000000
62099  -12.394  -26.022  69.596 0.0000000000
62098  -11.682  -26.910  69.739 0.0000000000
60192  -10.476  -28.134  68.712 0.0000000000
61123  -11.424  -27.732  68.481 0.0000000000
61133  -10.746  -28.182  67.724 0.0000000000
146661  -10.453  -28.335  66.949 0.0000000000
60224  -9.837  -28.311  67.238 0.0000000000
60207  -6.741  -28.201  68.265 0.0000000000
60208  -7.704  -28.206  68.288 0.0000000000
60221  -6.759  -28.407  67.299 0.0000000000
59341  -6.686  -29.067  65.684 0.0000000000
160386  -7.556  -28.477  66.415 0.0000000000
60248  -7.573  -28.728  65.853 0.0000000000
60249  -8.406  -28.644  65.737 0.0000000000
59342  -7.345  -29.048  65.039 0.0000000000
59355  -8.057  -29.115  64.386 0.0000000000
144335  -7.198  -29.313  64.348 0.0000000000
57401  -4.719  -31.313  63.040 0.0000000000
58424  -4.917  -30.874  62.917 0.0000000000
140577  -5.817  -33.904  64.399 0.0000000000
54146  -5.481  -34.246  63.843 0.0000000000
54147  -6.122  -34.452  64.158 0.0000000000
59217  -9.299  -29.068  80.794 0.0000000000
59209  -10.195  -29.830  81.893 0.0000000000
58255  -10.253  -30.420  83.659 0.0000000000
59195  -9.889  -30.104  83.190 0.0000000000
58249  -9.461  -30.412  83.969 0.0000000000
58248  -8.659  -30.382  84.096 0.0000000000
57239  -9.213  -30.844  84.276 0.0000000000
53907  -10.530  -33.439  82.562 0.0000000000
53906  -9.868  -33.708  82.686 0.0000000000
53904  -8.045  -34.536  83.033 0.0000000000
53905  -8.818  -34.136  83.034 0.0000000000
160309  -7.777  -34.180  83.361 0.0000000000
56202  -7.550  -32.628  84.196 0.0000000000
53896  -6.952  -33.791  83.424 0.0000000000
55064  -6.702  -33.069  83.504 0.0000000000
53902  -6.548  -34.445  82.931 0.0000000000
50913  -5.991  -36.537  81.488 0.0000000000
51942  -5.800  -36.078  81.756 0.0000000000
51956  -5.496  -36.265  81.137 0.0000000000
51955  -5.250  -36.075  80.785 0.0000000000
73234  -40.794  -15.599  63.260 0.0000000000
73222  -40.452  -15.232  63.872 0.0000000000
156681  -37.869  -21.609  67.560 0.0000000000
66250  -37.163  -22.338  67.359 0.0000000000
73219  -35.700  -15.944  63.898 0.0000000000
72202  -35.891  -16.011  63.207 0.0000000000
74210  -39.578  -15.289  63.913 0.0000000000
156508  -38.346  -15.567  63.082 0.0000000000
73232  -39.293  -15.791  63.317 0.0000000000
73245  -39.972  -16.102  62.770 0.0000000000
150659  -27.039  -28.584  79.080 0.0000000000
60097  -26.458  -29.064  79.216 0.0000000000
60098  -26.892  -28.890  78.428 0.0000000000
59256  -26.770  -29.449  77.880 0.0000000000
59263  -26.860  -29.200  77.129 0.0000000000
141526  -31.070  -26.755  79.412 0.0000000000
139962  -31.522  -26.716  79.980 0.0000000000
61944  -30.735  -26.677  80.040 0.0000000000
160187  -29.936  -26.685  80.016 0.0000000000
61943  -30.171  -26.660  79.541 0.0000000000
63139  -30.035  -25.432  74.893 0.0000000000
63123  -29.908  -25.514  75.445 0.0000000000
62024  -29.326  -25.897  74.889 0.0000000000
152026  -28.068  -26.955  75.094 0.0000000000
62003  -28.734  -26.390  76.401 0.0000000000
61020  -28.241  -27.174  76.874 0.0000000000
61019  -27.727  -27.730  76.313 0.0000000000
60140  -26.580  -28.470  73.947 0.0000000000
146695  -26.622  -28.778  74.631 0.0000000000
59273  -26.360  -29.401  74.522 0.0000000000
59275  -26.105  -29.173  73.539 0.0000000000
58310  -25.705  -29.779  73.104 0.0000000000
142354  -25.618  -29.630  72.178 0.0000000000
58335  -25.130  -29.458  70.120 0.0000000000
85852  -49.858  -2.604  45.614 0.0000000000
84885  -49.311  -3.160  45.197 0.0000000000
86797  -48.046  -1.211  45.143 0.0000000000
87726  -48.322  -0.419  45.320 0.0000000000
67192  -14.318  -20.998  72.004 0.0000000000
67204  -14.122  -21.761  71.524 0.0000000000
66204  -14.033  -22.503  71.057 0.0000000000
66183  -13.600  -22.410  71.886 0.0000000000
67156  -12.354  -21.838  75.467 0.0000000000
67177  -12.875  -22.011  74.018 0.0000000000
65098  -12.379  -23.145  73.379 0.0000000000
66182  -12.863  -22.789  72.913 0.0000000000
65104  -12.596  -23.441  72.646 0.0000000000
65112  -12.930  -23.708  71.869 0.0000000000
64154  -12.329  -24.212  72.325 0.0000000000
64162  -12.025  -25.009  71.955 0.0000000000
63163  -10.758  -25.796  72.816 0.0000000000
63176  -11.042  -26.128  72.010 0.0000000000
62047  -10.399  -26.514  72.436 0.0000000000
62062  -9.991  -27.190  72.085 0.0000000000
63118  -9.003  -25.359  75.199 0.0000000000
63133  -9.438  -25.336  74.501 0.0000000000
61045  -7.125  -27.529  73.356 0.0000000000
61046  -8.034  -27.383  73.256 0.0000000000
61063  -8.419  -27.763  72.589 0.0000000000
61081  -6.969  -28.280  71.805 0.0000000000
60155  -6.538  -28.284  70.864 0.0000000000
61080  -6.038  -28.212  71.634 0.0000000000
60145  -5.163  -29.049  72.159 0.0000000000
60154  -5.186  -28.713  71.324 0.0000000000
58316  -4.635  -30.189  71.527 0.0000000000
57320  -4.414  -30.781  71.080 0.0000000000
57309  -4.640  -30.819  71.525 0.0000000000
78186  -50.523  -10.083  53.655 0.0000000000
78163  -50.870  -10.358  54.488 0.0000000000
73353  -47.062  -16.019  52.268 0.0000000000
142953  -46.410  -16.295  51.771 0.0000000000
74345  -47.945  -13.960  52.584 0.0000000000
74344  -47.402  -14.095  52.015 0.0000000000
75293  -46.863  -13.773  51.330 0.0000000000
76230  -47.492  -12.582  51.499 0.0000000000
77223  -49.715  -11.347  53.567 0.0000000000
78185  -49.927  -10.666  53.203 0.0000000000
59226  -12.185  -29.598  79.356 0.0000000000
138911  -12.957  -29.623  81.121 0.0000000000
59212  -13.647  -29.742  81.420 0.0000000000
60092  -15.147  -28.823  78.630 0.0000000000
59229  -15.270  -29.072  80.014 0.0000000000
57252  -15.289  -31.443  81.120 0.0000000000
58265  -15.167  -30.233  81.082 0.0000000000
57250  -14.937  -31.251  81.553 0.0000000000
57249  -14.301  -31.395  82.064 0.0000000000
56217  -14.082  -32.074  81.958 0.0000000000
55082  -13.359  -32.916  81.150 0.0000000000
55086  -13.429  -33.147  80.510 0.0000000000
52964  -11.778  -34.528  77.277 0.0000000000
55186  -24.008  -32.569  72.117 0.0000000000
55170  -24.150  -32.703  72.923 0.0000000000
55185  -23.559  -32.946  72.500 0.0000000000
54008  -22.575  -32.964  72.261 0.0000000000
161956  -23.461  -32.842  73.131 0.0000000000
140171  -22.820  -32.729  73.332 0.0000000000
55134  -23.138  -32.658  74.663 0.0000000000
53948  -22.841  -32.678  74.095 0.0000000000
134380  -20.280  -32.572  71.226 0.0000000000
54024  -19.700  -32.273  71.894 0.0000000000
55149  -20.157  -32.539  74.732 0.0000000000
53965  -20.792  -32.570  73.825 0.0000000000
148578  -21.152  -32.724  74.839 0.0000000000
55120  -21.546  -32.610  75.239 0.0000000000
56243  -21.272  -32.315  75.930 0.0000000000
58286  -22.087  -30.888  75.843 0.0000000000
57269  -21.526  -31.734  76.127 0.0000000000
57265  -19.982  -31.693  76.890 0.0000000000
146934  -20.172  -30.972  76.894 0.0000000000
58277  -19.635  -30.341  77.235 0.0000000000
151596  -19.648  -29.196  76.057 0.0000000000
59253  -19.632  -29.792  76.710 0.0000000000
59252  -19.042  -29.715  77.522 0.0000000000
58274  -19.337  -30.223  77.999 0.0000000000
55116  -17.308  -32.259  76.788 0.0000000000
56234  -18.345  -32.095  78.017 0.0000000000
55106  -17.340  -32.190  77.537 0.0000000000
55099  -17.282  -32.192  78.111 0.0000000000
55105  -16.449  -32.459  77.395 0.0000000000
53980  -15.526  -32.884  73.127 0.0000000000
135997  -14.939  -32.979  73.852 0.0000000000
142083  -14.018  -33.217  74.794 0.0000000000
53962  -14.785  -32.857  74.717 0.0000000000
53943  -14.222  -33.043  75.367 0.0000000000
53936  -14.377  -32.863  76.152 0.0000000000
158144  -13.656  -33.340  76.657 0.0000000000
53935  -13.662  -33.444  75.921 0.0000000000
68189  -10.374  -20.132  70.138 0.0000000000
68199  -9.776  -20.807  69.719 0.0000000000
67226  -9.287  -21.528  69.324 0.0000000000
68236  -13.465  -20.709  67.969 0.0000000000
68218  -11.841  -20.359  68.331 0.0000000000
68235  -12.564  -20.574  67.754 0.0000000000
67267  -10.831  -21.605  65.972 0.0000000000
67256  -10.627  -21.438  66.753 0.0000000000
158083  -9.991  -21.623  67.114 0.0000000000
66246  -9.870  -21.783  66.330 0.0000000000
66258  -9.322  -22.103  65.603 0.0000000000
65213  -10.168  -23.075  63.205 0.0000000000
65198  -9.867  -22.690  63.869 0.0000000000
64225  -9.679  -23.554  62.794 0.0000000000
64224  -8.817  -23.613  62.996 0.0000000000
142076  -10.020  -24.076  62.340 0.0000000000
62110  -12.809  -26.427  68.305 0.0000000000
63217  -13.414  -25.734  68.320 0.0000000000
62120  -13.272  -26.283  67.444 0.0000000000
62132  -13.293  -26.366  66.436 0.0000000000
62144  -13.537  -25.855  65.059 0.0000000000
63243  -13.881  -25.021  65.238 0.0000000000
62157  -13.446  -26.042  64.165 0.0000000000
144872  -10.312  -29.569  63.318 0.0000000000
60278  -11.584  -28.549  63.704 0.0000000000
59371  -11.040  -29.114  63.202 0.0000000000
154839  -12.442  -27.837  61.521 0.0000000000
60288  -12.466  -27.973  62.431 0.0000000000
61184  -12.817  -27.147  62.130 0.0000000000
62180  -13.412  -25.869  62.842 0.0000000000
62179  -13.072  -26.332  62.290 0.0000000000
63270  -12.347  -25.157  62.014 0.0000000000
63286  -12.630  -25.908  61.771 0.0000000000
62196  -11.457  -26.176  61.036 0.0000000000
62195  -10.440  -26.012  60.899 0.0000000000
63283  -9.711  -25.361  61.446 0.0000000000
62194  -9.443  -25.970  60.787 0.0000000000
62213  -9.088  -26.693  60.405 0.0000000000
66084  -7.494  -22.632  81.839 0.0000000000
60074  -8.841  -28.555  80.952 0.0000000000
60075  -8.707  -28.084  80.835 0.0000000000
60073  -8.297  -28.190  81.504 0.0000000000
60981  -6.860  -27.733  83.354 0.0000000000
60982  -7.164  -26.993  82.767 0.0000000000
63033  -7.699  -25.638  82.954 0.0000000000
61909  -6.894  -26.010  83.298 0.0000000000
58252  -4.827  -30.589  82.916 0.0000000000
135142  -5.285  -29.317  83.419 0.0000000000
60063  -4.591  -28.609  83.128 0.0000000000
61911  -4.113  -26.100  82.393 0.0000000000
136041  -4.820  -26.910  83.257 0.0000000000
61907  -4.563  -26.104  82.874 0.0000000000
63021  -5.833  -25.391  83.573 0.0000000000
64050  -5.630  -24.637  83.296 0.0000000000
64051  -6.231  -24.047  83.391 0.0000000000
64060  -5.185  -24.843  82.457 0.0000000000
160527  -4.897  -25.394  80.387 0.0000000000
156187  -5.505  -24.573  80.759 0.0000000000
65036  -5.811  -24.086  80.458 0.0000000000
135103  -6.303  -23.610  80.124 0.0000000000
64090  -5.818  -24.210  79.722 0.0000000000
64098  -5.936  -24.423  78.784 0.0000000000
64108  -5.411  -25.274  78.545 0.0000000000
61979  -4.485  -27.438  77.212 0.0000000000
63101  -5.103  -26.350  77.268 0.0000000000
61980  -4.832  -27.001  76.875 0.0000000000
61995  -5.012  -27.256  76.224 0.0000000000
61994  -4.581  -27.755  76.539 0.0000000000
57264  -3.937  -31.591  77.848 0.0000000000
59246  -3.618  -29.560  78.049 0.0000000000
140669  -3.976  -30.786  76.979 0.0000000000
139432  -4.278  -30.842  75.349 0.0000000000
58284  -3.918  -30.441  75.949 0.0000000000
58292  -3.920  -29.954  75.445 0.0000000000
152785  -4.082  -29.238  75.829 0.0000000000
58297  -4.363  -30.153  74.621 0.0000000000
59271  -4.462  -29.748  74.249 0.0000000000
57277  -4.639  -30.472  73.946 0.0000000000
55164  -5.921  -32.458  73.743 0.0000000000
55180  -5.598  -31.760  73.111 0.0000000000
55181  -5.859  -32.194  72.825 0.0000000000
140543  -5.646  -32.068  71.931 0.0000000000
55182  -6.189  -32.665  72.798 0.0000000000
49818  -4.954  -38.071  79.205 0.0000000000
48855  -3.887  -38.911  77.137 0.0000000000
48839  -4.083  -39.329  77.837 0.0000000000
49834  -4.354  -38.682  77.679 0.0000000000
143985  -4.774  -38.145  78.030 0.0000000000
153178  -4.027  -38.413  75.933 0.0000000000
50981  -4.330  -38.175  76.524 0.0000000000
52029  -5.345  -36.576  74.490 0.0000000000
52039  -5.401  -36.803  73.611 0.0000000000
140104  -6.057  -35.744  74.086 0.0000000000
53003  -6.065  -36.111  73.146 0.0000000000
53004  -6.979  -35.406  72.857 0.0000000000
53017  -7.540  -35.054  71.495 0.0000000000
55197  -7.490  -33.539  71.751 0.0000000000
54017  -7.918  -34.146  71.317 0.0000000000
156387  -8.387  -33.998  69.780 0.0000000000
68150  -40.605  -20.718  73.781 0.0000000000
67174  -40.185  -21.366  73.768 0.0000000000
68133  -40.159  -20.768  74.246 0.0000000000
64160  -39.515  -24.170  72.577 0.0000000000
64152  -39.502  -23.682  73.272 0.0000000000
145629  -40.237  -22.492  72.832 0.0000000000
62029  -37.869  -25.968  74.349 0.0000000000
62044  -37.984  -26.073  73.440 0.0000000000
63160  -38.479  -25.488  73.987 0.0000000000
63161  -38.897  -24.853  73.538 0.0000000000
137773  -38.315  -24.592  75.842 0.0000000000
141931  -38.618  -24.000  75.332 0.0000000000
63145  -38.245  -25.332  74.827 0.0000000000
66163  -38.748  -22.578  75.731 0.0000000000
80888  -52.259  -7.604  52.393 0.0000000000
77240  -49.037  -10.923  52.044 0.0000000000
78201  -48.733  -10.544  51.284 0.0000000000
78202  -49.380  -10.119  51.650 0.0000000000
79108  -49.680  -9.362  51.257 0.0000000000
79114  -49.971  -8.715  50.845 0.0000000000
73273  -42.448  -15.680  61.236 0.0000000000
149256  -38.431  -16.216  60.891 0.0000000000
72223  -39.138  -16.792  61.129 0.0000000000
162302  -39.428  -16.685  60.992 0.0000000000
136442  -40.524  -16.548  59.990 0.0000000000
58333  -4.627  -30.194  69.603 0.0000000000
59307  -4.865  -29.854  68.749 0.0000000000
56325  -4.723  -31.778  69.070 0.0000000000
56341  -4.892  -32.216  68.584 0.0000000000
137970  -5.622  -33.012  67.755 0.0000000000
55276  -5.906  -33.190  67.121 0.0000000000
141860  -6.172  -33.326  67.734 0.0000000000
55255  -7.952  -33.696  68.135 0.0000000000
55278  -8.404  -34.167  67.793 0.0000000000
51990  -11.242  -34.840  78.450 0.0000000000
51989  -10.677  -35.453  78.282 0.0000000000
51988  -10.214  -36.224  78.065 0.0000000000
71176  -38.906  -17.579  68.366 0.0000000000
71188  -38.976  -18.295  68.128 0.0000000000
72175  -38.162  -17.111  67.932 0.0000000000
72174  -37.331  -16.655  67.629 0.0000000000
74173  -37.241  -14.761  67.879 0.0000000000
65026  -31.240  -23.402  81.980 0.0000000000
135385  -29.863  -24.984  71.304 0.0000000000
82894  -51.895  -4.803  47.200 0.0000000000
83920  -52.259  -3.487  45.687 0.0000000000
85845  -52.853  -2.247  46.510 0.0000000000
142967  -9.571  -22.646  77.938 0.0000000000
65075  -8.912  -23.951  77.215 0.0000000000
136709  -8.991  -23.319  77.676 0.0000000000
65060  -8.217  -23.668  77.740 0.0000000000
135587  -7.035  -24.623  77.536 0.0000000000
73326  -49.233  -15.338  55.813 0.0000000000
73320  -49.335  -15.336  56.623 0.0000000000
72300  -45.358  -16.819  55.407 0.0000000000
156647  -45.273  -17.214  54.987 0.0000000000
71300  -45.921  -17.126  54.989 0.0000000000
71301  -46.661  -16.874  55.057 0.0000000000
71302  -47.062  -16.842  54.620 0.0000000000
72310  -47.691  -16.435  54.729 0.0000000000
60126  -17.372  -28.040  75.745 0.0000000000
60136  -18.059  -27.872  75.228 0.0000000000
134186  -17.915  -28.697  76.936 0.0000000000
58276  -25.832  -30.117  78.391 0.0000000000
64222  -6.427  -24.236  62.920 0.0000000000
64221  -5.591  -24.290  62.797 0.0000000000
64237  -5.850  -24.857  62.348 0.0000000000
145243  -14.516  -21.996  69.750 0.0000000000
139080  -14.654  -21.882  68.907 0.0000000000
66217  -14.604  -22.677  69.136 0.0000000000
65151  -14.491  -23.448  68.642 0.0000000000
64189  -14.279  -24.187  68.132 0.0000000000
58445  -5.892  -30.765  61.916 0.0000000000
58446  -6.790  -30.650  61.788 0.0000000000
154177  -6.035  -31.226  60.673 0.0000000000
57475  -5.480  -31.373  58.965 0.0000000000
61927  -10.300  -26.021  79.973 0.0000000000
53916  -5.175  -34.869  81.233 0.0000000000
55077  -5.034  -33.415  81.693 0.0000000000
53915  -5.053  -34.435  80.850 0.0000000000
55081  -4.979  -33.885  80.706 0.0000000000
150147  -4.907  -34.262  80.016 0.0000000000
55085  -5.022  -33.516  79.577 0.0000000000
140828  -5.053  -34.971  79.752 0.0000000000
52955  -5.307  -35.378  79.129 0.0000000000
153652  -5.280  -36.158  78.655 0.0000000000
67222  -41.384  -21.880  71.075 0.0000000000
66210  -40.933  -22.680  70.437 0.0000000000
138068  -40.933  -20.986  70.044 0.0000000000
154943  -40.856  -20.238  69.831 0.0000000000
139510  -40.400  -19.899  69.397 0.0000000000
69220  -41.034  -19.470  69.872 0.0000000000
60162  -37.209  -27.525  70.515 0.0000000000
62008  -35.809  -26.490  75.476 0.0000000000
62025  -35.135  -25.991  74.982 0.0000000000
63144  -34.392  -25.633  74.394 0.0000000000
63158  -33.794  -25.345  73.706 0.0000000000
137371  -32.933  -24.890  73.148 0.0000000000
157799  -33.369  -25.080  72.290 0.0000000000
83881  -53.031  -4.551  49.885 0.0000000000
80902  -50.596  -7.188  49.424 0.0000000000
82893  -51.267  -5.814  48.383 0.0000000000
73300  -45.953  -14.938  58.485 0.0000000000
74261  -46.161  -14.386  60.193 0.0000000000
72282  -42.179  -16.340  57.760 0.0000000000
136653  -24.296  -30.735  69.731 0.0000000000
65180  -6.191  -22.930  66.179 0.0000000000
161506  -6.634  -22.913  66.597 0.0000000000
65169  -7.452  -22.634  66.434 0.0000000000
65182  -7.840  -22.537  65.391 0.0000000000
61099  -11.170  -27.433  70.146 0.0000000000
61110  -10.590  -28.036  69.709 0.0000000000
60191  -9.738  -28.320  69.373 0.0000000000
60210  -9.441  -28.339  68.496 0.0000000000
153284  -5.392  -29.773  66.762 0.0000000000
60233  -6.178  -28.960  66.763 0.0000000000
59328  -5.378  -29.853  66.101 0.0000000000
59340  -5.640  -29.667  65.517 0.0000000000
59352  -5.363  -29.909  64.859 0.0000000000
155029  -5.551  -29.840  63.843 0.0000000000
58394  -5.099  -29.954  64.130 0.0000000000
57400  -4.722  -31.542  63.567 0.0000000000
56394  -4.539  -32.429  63.180 0.0000000000
55350  -4.471  -33.233  63.109 0.0000000000
54160  -4.115  -33.926  62.753 0.0000000000
59202  -10.998  -30.110  82.443 0.0000000000
59197  -11.580  -30.297  82.907 0.0000000000
58250  -10.819  -30.803  83.867 0.0000000000
57240  -10.574  -31.455  84.148 0.0000000000
51946  -8.739  -35.043  81.472 0.0000000000
52917  -9.229  -34.161  82.548 0.0000000000
160183  -8.425  -35.775  81.166 0.0000000000
136672  -8.061  -35.465  81.763 0.0000000000
51936  -7.447  -35.614  82.209 0.0000000000
51935  -6.882  -35.751  82.387 0.0000000000
51944  -7.009  -36.205  81.923 0.0000000000
50914  -6.622  -36.617  81.498 0.0000000000
68242  -37.461  -20.243  66.686 0.0000000000
73213  -36.273  -15.324  65.253 0.0000000000
74195  -36.776  -14.780  64.939 0.0000000000
73221  -36.964  -15.027  64.154 0.0000000000
73231  -37.404  -15.348  63.352 0.0000000000
74208  -37.772  -14.947  64.024 0.0000000000
60993  -27.023  -27.667  81.012 0.0000000000
147181  -27.283  -27.994  80.296 0.0000000000
61005  -27.477  -28.122  78.365 0.0000000000
61945  -32.913  -26.601  79.612 0.0000000000
61934  -32.340  -26.613  80.122 0.0000000000
61957  -31.316  -26.584  78.504 0.0000000000
62054  -28.441  -26.299  72.972 0.0000000000
62038  -28.493  -26.438  73.719 0.0000000000
61041  -27.934  -26.991  74.279 0.0000000000
61025  -27.606  -27.673  74.911 0.0000000000
61040  -27.231  -27.653  74.088 0.0000000000
60143  -26.481  -28.477  72.956 0.0000000000
151493  -25.733  -28.933  71.945 0.0000000000
81906  -50.483  -6.618  43.790 0.0000000000
66155  -12.305  -22.204  74.752 0.0000000000
64153  -11.703  -24.635  72.742 0.0000000000
64147  -11.371  -24.273  73.464 0.0000000000
63149  -10.384  -25.338  73.481 0.0000000000
63131  -7.827  -26.164  75.002 0.0000000000
62016  -8.149  -26.416  74.320 0.0000000000
61061  -6.475  -28.003  72.681 0.0000000000
61044  -5.803  -27.894  73.347 0.0000000000
162117  -5.037  -29.262  72.731 0.0000000000
73355  -48.138  -15.236  53.421 0.0000000000
74332  -48.300  -14.337  53.186 0.0000000000
75267  -48.340  -13.444  52.934 0.0000000000
76217  -48.417  -12.583  52.628 0.0000000000
76211  -49.353  -12.148  53.585 0.0000000000
59238  -13.312  -29.241  78.436 0.0000000000
59221  -16.019  -29.473  80.115 0.0000000000
59215  -15.641  -29.809  80.502 0.0000000000
58266  -15.751  -30.438  80.589 0.0000000000
55084  -14.608  -32.280  80.757 0.0000000000
139920  -14.132  -32.759  80.495 0.0000000000
133981  -14.744  -32.824  79.926 0.0000000000
53923  -13.763  -32.987  78.998 0.0000000000
142021  -13.060  -33.722  77.814 0.0000000000
136643  -22.360  -33.525  70.872 0.0000000000
54029  -23.086  -33.199  72.014 0.0000000000
54027  -22.300  -33.448  71.070 0.0000000000
155461  -22.185  -33.344  71.162 0.0000000000
54007  -22.030  -32.992  71.922 0.0000000000
141876  -19.174  -32.139  72.572 0.0000000000
137231  -19.675  -32.402  73.274 0.0000000000
139045  -20.492  -32.647  75.248 0.0000000000
56242  -20.497  -32.544  76.081 0.0000000000
134497  -19.692  -32.773  75.716 0.0000000000
55109  -19.611  -32.649  76.652 0.0000000000
56238  -19.269  -32.493  77.234 0.0000000000
56235  -19.074  -32.088  77.948 0.0000000000
55117  -18.815  -32.777  76.645 0.0000000000
151249  -18.150  -32.485  76.327 0.0000000000
55130  -17.197  -32.525  76.012 0.0000000000
136216  -14.021  -33.311  73.473 0.0000000000
53960  -13.377  -33.514  74.475 0.0000000000
68200  -10.574  -20.431  69.394 0.0000000000
67259  -13.249  -21.672  66.141 0.0000000000
67249  -12.230  -20.958  67.021 0.0000000000
67269  -12.652  -21.759  65.595 0.0000000000
67268  -11.745  -21.598  65.761 0.0000000000
136186  -11.067  -21.956  64.758 0.0000000000
66268  -10.572  -22.369  64.287 0.0000000000
66269  -11.569  -22.343  64.282 0.0000000000
66276  -11.268  -22.740  63.733 0.0000000000
65226  -11.556  -23.630  62.852 0.0000000000
61135  -11.898  -27.616  66.906 0.0000000000
62119  -12.626  -26.989  66.855 0.0000000000
61147  -12.211  -27.494  66.160 0.0000000000
61158  -12.396  -27.382  65.348 0.0000000000
61166  -12.557  -27.411  64.509 0.0000000000
59382  -10.824  -30.048  61.900 0.0000000000
59383  -11.487  -29.334  62.173 0.0000000000
59394  -11.383  -29.627  61.423 0.0000000000
60297  -12.161  -28.365  61.154 0.0000000000
60309  -12.191  -27.737  60.827 0.0000000000
61207  -11.993  -26.948  60.698 0.0000000000
61206  -11.521  -27.631  60.510 0.0000000000
149124  -10.767  -27.488  60.418 0.0000000000
61205  -10.209  -27.753  60.322 0.0000000000
61204  -9.589  -27.521  60.236 0.0000000000
60307  -10.112  -28.333  60.003 0.0000000000
60067  -7.824  -28.994  83.172 0.0000000000
60070  -7.929  -28.522  82.453 0.0000000000
60066  -7.243  -28.721  83.444 0.0000000000
60065  -6.518  -28.403  83.711 0.0000000000
152562  -3.871  -29.799  82.257 0.0000000000
59188  -3.991  -29.154  82.512 0.0000000000
60068  -3.757  -28.514  82.084 0.0000000000
136677  -3.756  -27.267  82.315 0.0000000000
63031  -4.154  -25.776  81.805 0.0000000000
63045  -4.814  -25.237  81.677 0.0000000000
63044  -4.447  -25.579  81.124 0.0000000000
63073  -4.489  -25.722  80.128 0.0000000000
63074  -4.971  -25.472  79.859 0.0000000000
63085  -5.109  -25.669  79.135 0.0000000000
61948  -4.490  -26.425  79.122 0.0000000000
61963  -4.481  -27.032  78.132 0.0000000000
61007  -4.130  -27.916  77.481 0.0000000000
151764  -4.880  -32.431  77.489 0.0000000000
57268  -4.456  -31.783  77.003 0.0000000000
56241  -4.954  -32.270  76.743 0.0000000000
154092  -5.014  -32.204  76.017 0.0000000000
56249  -4.999  -31.906  75.372 0.0000000000
56258  -5.113  -31.493  74.543 0.0000000000
55142  -5.385  -32.275  74.980 0.0000000000
150916  -5.814  -32.812  74.609 0.0000000000
55165  -6.265  -33.451  74.210 0.0000000000
143779  -3.869  -39.968  77.277 0.0000000000
147876  -3.840  -38.854  76.255 0.0000000000
147511  -38.826  -26.426  69.880 0.0000000000
62104  -39.162  -26.055  69.393 0.0000000000
62092  -39.127  -25.811  70.082 0.0000000000
65131  -40.320  -23.839  70.620 0.0000000000
64161  -39.863  -24.056  71.949 0.0000000000
66188  -40.568  -22.912  71.966 0.0000000000
66199  -41.172  -22.604  71.286 0.0000000000
148621  -41.827  -21.141  71.567 0.0000000000
156072  -42.092  -20.584  71.892 0.0000000000
134901  -35.079  -26.588  72.423 0.0000000000
61072  -36.151  -27.223  72.098 0.0000000000
61090  -36.422  -27.381  71.469 0.0000000000
61057  -37.587  -26.507  72.848 0.0000000000
61074  -37.395  -27.012  72.245 0.0000000000
61091  -37.125  -27.314  71.409 0.0000000000
61993  -37.241  -26.045  76.771 0.0000000000
63129  -37.772  -25.626  76.018 0.0000000000
62010  -37.428  -25.861  76.084 0.0000000000
62026  -36.070  -26.582  74.512 0.0000000000
62041  -35.750  -26.445  73.583 0.0000000000
78205  -47.854  -10.786  50.028 0.0000000000
78212  -47.574  -10.553  49.319 0.0000000000
79982  -49.608  -8.302  49.636 0.0000000000
79979  -50.186  -8.149  50.308 0.0000000000
137032  -50.512  -7.605  50.061 0.0000000000
73264  -44.905  -14.429  61.222 0.0000000000
73263  -43.961  -14.837  61.389 0.0000000000
135970  -37.922  -15.996  60.345 0.0000000000
72266  -38.385  -15.956  58.018 0.0000000000
72270  -41.075  -16.655  58.810 0.0000000000
134278  -41.587  -16.486  58.565 0.0000000000
140975  -8.102  -22.509  68.615 0.0000000000
60171  -7.140  -28.272  70.011 0.0000000000
139419  -8.092  -28.376  69.624 0.0000000000
60188  -6.451  -28.141  69.197 0.0000000000
135972  -5.854  -28.240  68.689 0.0000000000
60219  -5.479  -29.087  67.893 0.0000000000
59308  -5.124  -29.692  68.234 0.0000000000
139364  -4.958  -30.170  67.898 0.0000000000
151883  -5.194  -30.171  66.932 0.0000000000
58362  -4.957  -30.736  66.484 0.0000000000
56363  -4.978  -31.882  66.389 0.0000000000
55296  -5.145  -32.523  65.906 0.0000000000
55318  -5.616  -33.074  65.153 0.0000000000
55319  -5.705  -33.238  65.321 0.0000000000
54128  -6.225  -33.647  64.968 0.0000000000
55299  -6.240  -33.493  66.549 0.0000000000
54110  -6.992  -33.911  65.736 0.0000000000
54130  -7.650  -34.885  64.931 0.0000000000
55075  -12.616  -32.648  82.460 0.0000000000
55074  -11.907  -32.831  82.733 0.0000000000
53913  -11.639  -33.432  81.780 0.0000000000
52927  -10.971  -33.861  81.371 0.0000000000
52934  -10.300  -34.404  80.922 0.0000000000
156978  -10.632  -34.927  79.697 0.0000000000
162214  -10.149  -35.306  80.071 0.0000000000
50938  -8.843  -36.226  80.297 0.0000000000
75140  -39.157  -13.704  65.973 0.0000000000
136774  -38.578  -22.177  67.986 0.0000000000
145671  -38.360  -21.097  67.788 0.0000000000
67262  -37.802  -20.622  67.375 0.0000000000
70219  -38.680  -18.995  67.614 0.0000000000
69255  -37.120  -19.487  65.980 0.0000000000
157967  -36.243  -16.936  65.847 0.0000000000
72180  -36.413  -16.208  66.483 0.0000000000
72173  -36.805  -16.188  67.236 0.0000000000
73206  -36.396  -15.299  66.105 0.0000000000
74185  -36.709  -14.754  65.795 0.0000000000
63042  -28.900  -25.220  82.139 0.0000000000
139781  -28.810  -26.492  81.203 0.0000000000
63125  -31.727  -25.154  75.535 0.0000000000
63110  -31.306  -25.515  76.299 0.0000000000
159570  -31.274  -25.022  74.840 0.0000000000
63140  -30.559  -25.142  74.530 0.0000000000
158170  -29.581  -25.511  73.664 0.0000000000
62055  -29.054  -25.698  72.626 0.0000000000
62039  -29.060  -25.925  73.322 0.0000000000
61087  -27.730  -26.314  71.825 0.0000000000
61100  -26.686  -27.047  70.984 0.0000000000
148479  -50.853  -6.674  45.120 0.0000000000
142931  -50.777  -6.203  44.474 0.0000000000
82903  -50.589  -5.562  43.899 0.0000000000
83926  -50.743  -4.717  44.057 0.0000000000
145408  -50.350  -4.283  44.114 0.0000000000
84886  -50.465  -3.040  44.798 0.0000000000
85854  -51.809  -2.502  45.110 0.0000000000
66153  -10.618  -23.023  75.875 0.0000000000
65084  -10.386  -23.638  75.583 0.0000000000
138080  -10.145  -24.275  75.303 0.0000000000
64131  -9.527  -24.747  75.351 0.0000000000
64130  -8.776  -24.927  75.751 0.0000000000
64120  -8.639  -24.535  76.544 0.0000000000
63117  -8.325  -25.576  75.423 0.0000000000
61998  -6.901  -26.425  75.305 0.0000000000
151931  -5.642  -26.943  75.367 0.0000000000
75251  -49.980  -13.084  55.133 0.0000000000
140659  -44.322  -18.291  53.550 0.0000000000
71341  -45.891  -17.379  52.558 0.0000000000
72329  -47.229  -16.375  53.159 0.0000000000
72318  -47.379  -16.636  54.051 0.0000000000
73340  -47.824  -16.015  53.693 0.0000000000
74321  -49.063  -14.422  54.300 0.0000000000
60117  -15.337  -28.557  76.218 0.0000000000
60105  -15.856  -28.586  77.105 0.0000000000
150958  -15.985  -29.048  78.600 0.0000000000
60094  -16.754  -29.133  78.477 0.0000000000
60083  -16.311  -29.247  79.302 0.0000000000
59230  -16.476  -29.466  79.771 0.0000000000
57256  -16.843  -31.104  79.760 0.0000000000
56229  -16.275  -31.990  79.299 0.0000000000
55241  -20.200  -32.691  68.932 0.0000000000
55240  -19.504  -32.440  69.652 0.0000000000
55218  -18.774  -32.316  70.277 0.0000000000
54042  -18.010  -32.239  70.877 0.0000000000
54023  -18.569  -32.118  71.735 0.0000000000
54004  -17.979  -32.337  72.466 0.0000000000
54003  -16.906  -32.412  72.460 0.0000000000
55166  -16.912  -32.474  73.992 0.0000000000
133929  -16.423  -32.582  73.204 0.0000000000
54001  -15.286  -32.989  72.333 0.0000000000
69213  -13.699  -19.376  69.723 0.0000000000
69212  -12.790  -19.183  69.585 0.0000000000
69223  -13.367  -19.850  69.146 0.0000000000
68220  -13.895  -20.521  68.741 0.0000000000
67250  -13.868  -21.266  67.478 0.0000000000
67251  -14.467  -21.633  68.157 0.0000000000
158403  -14.396  -22.062  67.423 0.0000000000
66237  -13.870  -21.785  66.743 0.0000000000
66247  -13.861  -22.245  66.125 0.0000000000
66261  -13.801  -22.731  65.452 0.0000000000
65183  -13.949  -23.517  65.153 0.0000000000
59356  -9.099  -29.213  64.212 0.0000000000
60264  -10.502  -28.643  64.763 0.0000000000
59357  -10.044  -29.203  64.060 0.0000000000
59370  -9.547  -29.850  63.400 0.0000000000
58429  -9.573  -30.304  62.657 0.0000000000
58447  -7.736  -30.880  61.693 0.0000000000
149119  -9.190  -30.653  62.162 0.0000000000
58430  -10.023  -30.529  62.028 0.0000000000
57433  -9.625  -31.067  61.313 0.0000000000
58464  -10.257  -30.783  60.430 0.0000000000
148933  -9.870  -30.746  59.633 0.0000000000
161718  -9.411  -30.769  59.044 0.0000000000
136448  -11.711  -25.175  82.009 0.0000000000
63038  -12.029  -25.129  82.920 0.0000000000
63036  -10.199  -25.084  82.961 0.0000000000
63025  -9.849  -24.901  83.584 0.0000000000
63024  -8.895  -24.927  83.566 0.0000000000
57235  -5.933  -31.397  83.548 0.0000000000
58245  -6.270  -30.509  83.894 0.0000000000
57244  -5.190  -31.396  82.861 0.0000000000
58251  -4.438  -30.999  82.515 0.0000000000
56214  -4.846  -32.854  81.721 0.0000000000
57242  -4.229  -31.363  82.224 0.0000000000
58259  -3.929  -30.611  82.166 0.0000000000
141511  -3.830  -29.875  81.600 0.0000000000
143331  -3.841  -29.888  80.603 0.0000000000
143330  -3.748  -29.897  79.671 0.0000000000
59234  -3.609  -29.346  79.263 0.0000000000
142470  -3.838  -30.565  79.189 0.0000000000
57261  -3.953  -31.376  78.761 0.0000000000
142791  -4.239  -32.231  78.496 0.0000000000
55089  -5.185  -33.394  78.839 0.0000000000
155043  -5.184  -33.236  78.376 0.0000000000
55095  -5.107  -33.043  78.040 0.0000000000
55102  -5.198  -33.021  77.417 0.0000000000
55113  -5.424  -33.893  77.106 0.0000000000
53940  -5.604  -34.717  76.513 0.0000000000
152520  -39.216  -24.985  66.943 0.0000000000
65162  -39.229  -24.101  67.632 0.0000000000
62093  -39.509  -25.504  69.318 0.0000000000
64190  -39.688  -24.912  68.524 0.0000000000
65142  -40.329  -23.426  69.693 0.0000000000
142889  -39.679  -24.508  68.245 0.0000000000
65163  -39.638  -23.978  68.110 0.0000000000
66230  -39.434  -23.153  68.737 0.0000000000
66229  -39.164  -22.267  68.463 0.0000000000
153430  -39.439  -20.093  68.510 0.0000000000
144240  -40.507  -19.033  69.356 0.0000000000
70208  -39.865  -18.771  68.787 0.0000000000
135301  -39.737  -17.981  68.698 0.0000000000
72151  -39.484  -17.036  69.226 0.0000000000
61936  -33.956  -26.071  80.266 0.0000000000
136317  -33.005  -26.558  78.328 0.0000000000
61988  -32.744  -26.062  76.959 0.0000000000
139016  -35.304  -26.561  76.887 0.0000000000
61975  -34.742  -26.465  77.657 0.0000000000
61989  -33.545  -26.164  76.815 0.0000000000
62005  -33.103  -25.764  76.213 0.0000000000
63170  -31.859  -24.744  72.933 0.0000000000
161678  -49.602  -7.590  48.364 0.0000000000
79990  -48.709  -7.759  47.085 0.0000000000
159030  -51.445  -5.449  47.624 0.0000000000
84876  -52.934  -3.554  47.380 0.0000000000
72292  -47.019  -15.850  56.368 0.0000000000
73301  -46.855  -14.846  58.470 0.0000000000
136557  -44.076  -17.115  55.383 0.0000000000
72290  -44.558  -16.616  55.913 0.0000000000
72291  -45.451  -16.348  56.015 0.0000000000
58301  -25.621  -30.610  73.403 0.0000000000
151796  -25.357  -31.316  73.792 0.0000000000
57302  -25.104  -31.327  72.749 0.0000000000
56299  -24.312  -32.234  71.775 0.0000000000
55199  -23.866  -32.672  71.481 0.0000000000
56327  -23.836  -32.678  69.884 0.0000000000
135727  -23.391  -33.300  69.716 0.0000000000
140784  -23.242  -33.208  70.639 0.0000000000
54062  -22.452  -33.624  70.024 0.0000000000
54076  -21.581  -33.255  68.701 0.0000000000
55263  -20.811  -32.903  68.159 0.0000000000
137082  -6.436  -22.818  65.141 0.0000000000
151463  -6.844  -23.707  63.492 0.0000000000
64223  -7.337  -23.979  63.068 0.0000000000
64239  -8.177  -24.268  62.609 0.0000000000
64173  -12.872  -24.741  70.517 0.0000000000
64182  -13.504  -24.607  69.771 0.0000000000
63205  -12.938  -25.365  69.741 0.0000000000
141979  -12.310  -26.471  68.994 0.0000000000
62109  -12.176  -27.146  68.268 0.0000000000
61146  -11.207  -28.146  66.997 0.0000000000
60238  -10.725  -28.378  66.308 0.0000000000
60251  -10.131  -28.546  65.579 0.0000000000
135036  -8.119  -28.359  68.893 0.0000000000
60209  -8.551  -28.283  68.328 0.0000000000
60223  -9.057  -28.246  67.601 0.0000000000
60234  -6.955  -28.669  66.454 0.0000000000
143584  -7.600  -28.238  66.934 0.0000000000
143298  -9.169  -28.280  66.893 0.0000000000
60236  -8.837  -28.445  66.352 0.0000000000
60250  -9.228  -28.622  65.659 0.0000000000
58412  -6.957  -29.983  63.118 0.0000000000
58411  -5.927  -29.979  63.211 0.0000000000
58426  -6.413  -30.311  62.503 0.0000000000
59208  -8.862  -29.013  81.495 0.0000000000
59201  -10.261  -30.034  82.708 0.0000000000
59200  -9.299  -29.679  82.383 0.0000000000
59199  -8.415  -29.346  82.846 0.0000000000
59193  -8.302  -29.729  83.426 0.0000000000
58247  -7.881  -30.398  84.200 0.0000000000
57237  -7.472  -31.079  84.363 0.0000000000
55073  -11.094  -32.995  82.973 0.0000000000
55068  -10.700  -32.713  83.535 0.0000000000
56205  -10.259  -32.300  84.077 0.0000000000
53899  -9.030  -33.606  83.405 0.0000000000
56204  -9.323  -32.456  84.167 0.0000000000
56203  -8.373  -32.552  84.225 0.0000000000
137273  -7.925  -31.807  84.383 0.0000000000
138466  -7.091  -31.954  84.236 0.0000000000
154288  -6.385  -32.202  83.563 0.0000000000
55063  -6.270  -32.896  82.962 0.0000000000
55070  -5.730  -33.327  82.427 0.0000000000
52924  -6.232  -35.755  82.311 0.0000000000
53911  -5.641  -34.987  82.207 0.0000000000
52922  -5.333  -35.207  81.521 0.0000000000
52933  -5.193  -35.617  81.013 0.0000000000
51954  -5.151  -35.838  80.499 0.0000000000
73247  -41.145  -15.837  62.688 0.0000000000
147023  -41.098  -15.435  63.162 0.0000000000
65173  -37.830  -23.411  67.275 0.0000000000
65187  -38.012  -24.238  66.350 0.0000000000
66249  -36.407  -22.385  66.910 0.0000000000
73244  -37.807  -15.642  62.433 0.0000000000
73259  -39.527  -16.101  61.915 0.0000000000
60999  -25.951  -28.047  80.568 0.0000000000
60087  -26.034  -28.668  80.032 0.0000000000
59233  -25.865  -29.141  79.378 0.0000000000
59255  -26.434  -29.969  78.150 0.0000000000
59262  -26.538  -29.935  77.192 0.0000000000
144284  -31.569  -25.138  81.673 0.0000000000
61933  -31.707  -26.387  80.642 0.0000000000
61923  -31.228  -25.900  81.291 0.0000000000
61922  -30.386  -26.112  81.255 0.0000000000
61932  -30.130  -26.495  80.534 0.0000000000
155230  -29.297  -26.713  79.727 0.0000000000
146937  -31.025  -25.840  76.950 0.0000000000
61986  -30.377  -25.850  77.259 0.0000000000
61985  -29.475  -25.930  76.811 0.0000000000
136100  -29.701  -26.051  77.596 0.0000000000
61970  -29.505  -26.333  78.279 0.0000000000
61969  -28.714  -26.743  78.478 0.0000000000
61954  -28.658  -26.983  79.325 0.0000000000
61006  -28.123  -27.501  78.867 0.0000000000
60121  -27.262  -28.560  76.687 0.0000000000
60131  -27.288  -28.327  75.651 0.0000000000
59270  -26.817  -29.347  76.217 0.0000000000
59269  -26.534  -29.928  75.457 0.0000000000
58298  -26.179  -30.328  74.832 0.0000000000
58309  -25.459  -30.438  72.447 0.0000000000
58325  -24.980  -30.666  70.904 0.0000000000
59285  -25.563  -29.398  71.306 0.0000000000
58326  -25.262  -29.881  70.693 0.0000000000
83925  -49.335  -4.354  44.206 0.0000000000
84891  -48.649  -3.687  44.705 0.0000000000
84884  -48.367  -2.945  45.137 0.0000000000
85858  -47.582  -2.628  44.758 0.0000000000
143614  -14.464  -21.139  70.187 0.0000000000
66194  -14.362  -21.828  70.644 0.0000000000
66172  -13.160  -22.199  73.179 0.0000000000
154096  -13.277  -22.435  72.553 0.0000000000
65123  -13.234  -23.905  71.002 0.0000000000
63178  -12.189  -25.241  71.071 0.0000000000
63193  -11.817  -25.979  70.778 0.0000000000
63164  -11.380  -25.402  72.378 0.0000000000
62064  -11.292  -26.405  71.241 0.0000000000
62081  -10.999  -27.185  70.970 0.0000000000
61084  -10.264  -27.525  71.370 0.0000000000
162293  -9.090  -28.275  71.381 0.0000000000
63148  -9.676  -25.633  73.834 0.0000000000
62034  -9.321  -26.453  73.524 0.0000000000
62033  -8.496  -26.730  73.721 0.0000000000
62046  -9.699  -26.889  72.848 0.0000000000
61064  -9.260  -27.539  72.425 0.0000000000
136631  -8.806  -28.095  71.940 0.0000000000
60157  -8.389  -28.380  71.269 0.0000000000
60156  -7.504  -28.416  71.048 0.0000000000
134833  -5.335  -28.634  70.087 0.0000000000
61079  -5.486  -28.442  71.434 0.0000000000
60168  -5.107  -28.803  70.596 0.0000000000
60167  -4.904  -29.246  70.383 0.0000000000
147275  -4.554  -30.922  70.167 0.0000000000
56312  -4.665  -31.358  70.472 0.0000000000
56313  -5.131  -32.130  70.205 0.0000000000
79098  -50.916  -9.378  53.255 0.0000000000
73313  -48.802  -15.332  57.277 0.0000000000
141811  -41.605  -15.737  62.389 0.0000000000
73248  -42.072  -15.363  62.359 0.0000000000
155758  -45.681  -16.432  51.483 0.0000000000
73367  -45.912  -15.622  51.319 0.0000000000
73369  -47.262  -15.125  52.130 0.0000000000
73379  -46.184  -14.807  51.218 0.0000000000
74358  -46.408  -14.144  51.137 0.0000000000
75292  -46.274  -13.445  50.722 0.0000000000
156458  -46.882  -12.955  51.056 0.0000000000
77232  -48.666  -11.736  52.365 0.0000000000
159633  -11.560  -29.616  80.992 0.0000000000
59211  -12.105  -29.755  81.417 0.0000000000
58260  -12.381  -30.311  82.561 0.0000000000
58257  -12.657  -30.661  82.815 0.0000000000
59250  -14.499  -28.804  77.749 0.0000000000
59239  -14.255  -28.911  78.548 0.0000000000
136034  -13.880  -29.092  80.098 0.0000000000
59220  -15.455  -29.385  80.316 0.0000000000
151362  -14.637  -29.307  80.507 0.0000000000
59219  -13.792  -29.424  80.843 0.0000000000
59205  -13.831  -29.961  81.715 0.0000000000
57247  -13.624  -31.220  82.478 0.0000000000
56212  -12.870  -32.127  82.752 0.0000000000
55079  -12.974  -32.832  81.892 0.0000000000
53917  -12.723  -33.367  80.810 0.0000000000
52944  -12.239  -33.828  79.703 0.0000000000
53922  -12.976  -33.349  79.388 0.0000000000
52952  -12.323  -33.822  78.933 0.0000000000
52951  -11.811  -34.353  78.651 0.0000000000
52956  -11.909  -34.594  78.003 0.0000000000
52963  -11.110  -35.016  76.937 0.0000000000
57289  -25.596  -31.314  74.572 0.0000000000
56252  -25.127  -32.151  75.249 0.0000000000
55169  -23.800  -32.876  73.094 0.0000000000
55151  -23.730  -32.689  73.744 0.0000000000
56251  -24.431  -32.377  75.229 0.0000000000
58287  -22.912  -31.047  75.951 0.0000000000
160883  -20.679  -32.726  70.567 0.0000000000
134803  -21.590  -32.817  71.912 0.0000000000
137012  -21.460  -32.702  72.583 0.0000000000
161911  -20.435  -32.602  73.190 0.0000000000
53984  -20.830  -32.651  73.239 0.0000000000
53966  -21.584  -32.609  73.521 0.0000000000
55133  -22.378  -32.637  74.521 0.0000000000
57270  -22.622  -31.633  75.772 0.0000000000
58294  -22.737  -30.161  75.753 0.0000000000
58293  -21.961  -30.050  75.586 0.0000000000
57266  -20.730  -31.515  76.612 0.0000000000
150391  -20.322  -28.696  74.997 0.0000000000
59258  -18.480  -29.194  77.227 0.0000000000
58273  -18.700  -29.852  78.295 0.0000000000
57262  -19.115  -31.595  78.225 0.0000000000
57260  -18.578  -31.326  78.668 0.0000000000
146747  -18.283  -30.804  79.159 0.0000000000
55093  -16.723  -32.258  78.755 0.0000000000
55097  -15.846  -32.673  78.093 0.0000000000
55146  -16.367  -32.561  74.668 0.0000000000
159330  -16.289  -32.575  75.131 0.0000000000
55129  -16.144  -32.507  75.677 0.0000000000
55104  -15.525  -32.656  77.352 0.0000000000
55096  -14.899  -32.732  77.981 0.0000000000
53928  -13.574  -33.344  77.348 0.0000000000
147686  -12.956  -33.645  77.116 0.0000000000
135711  -12.587  -33.857  75.179 0.0000000000
53941  -12.508  -34.180  76.043 0.0000000000
53933  -12.368  -34.075  76.810 0.0000000000
66216  -8.783  -22.098  68.932 0.0000000000
66227  -8.852  -22.149  68.058 0.0000000000
68202  -12.370  -19.840  69.016 0.0000000000
68201  -11.409  -20.097  69.123 0.0000000000
68217  -10.854  -20.644  68.638 0.0000000000
67248  -11.250  -21.067  67.189 0.0000000000
67237  -11.052  -20.892  67.904 0.0000000000
67236  -10.289  -21.276  68.237 0.0000000000
67246  -9.738  -21.688  67.797 0.0000000000
66235  -8.465  -22.324  67.274 0.0000000000
66245  -8.924  -22.126  66.517 0.0000000000
66244  -8.431  -22.372  65.954 0.0000000000
66257  -8.744  -22.390  65.000 0.0000000000
65197  -9.051  -22.716  64.145 0.0000000000
63267  -8.928  -24.801  61.980 0.0000000000
63206  -13.461  -25.132  69.049 0.0000000000
64188  -13.915  -24.944  68.326 0.0000000000
151939  -14.187  -24.761  67.668 0.0000000000
63233  -13.746  -25.656  66.759 0.0000000000
64200  -14.036  -24.988  66.139 0.0000000000
64205  -14.128  -24.231  65.541 0.0000000000
64213  -13.818  -24.124  64.518 0.0000000000
60265  -11.352  -28.413  64.545 0.0000000000
60266  -12.085  -28.052  64.182 0.0000000000
145565  -12.621  -27.569  63.767 0.0000000000
60287  -11.864  -28.660  62.803 0.0000000000
61176  -12.870  -27.393  63.015 0.0000000000
62156  -13.133  -26.865  63.767 0.0000000000
62169  -13.423  -26.186  63.394 0.0000000000
64227  -13.564  -24.581  63.602 0.0000000000
64226  -13.233  -24.263  63.112 0.0000000000
65227  -12.415  -23.948  62.890 0.0000000000
64242  -11.731  -24.361  62.409 0.0000000000
64241  -10.756  -24.498  62.111 0.0000000000
63268  -9.886  -24.650  61.919 0.0000000000
62193  -8.459  -26.035  60.752 0.0000000000
135499  -8.174  -26.662  60.092 0.0000000000
62238  -7.639  -26.830  59.354 0.0000000000
61219  -8.576  -27.338  59.497 0.0000000000
159029  -7.979  -22.678  80.342 0.0000000000
60989  -9.023  -27.601  80.529 0.0000000000
61925  -9.008  -26.879  80.856 0.0000000000
61916  -8.524  -26.707  81.580 0.0000000000
60072  -7.746  -27.584  82.186 0.0000000000
61915  -7.869  -26.814  82.151 0.0000000000
141815  -8.092  -25.085  83.374 0.0000000000
59191  -6.214  -29.459  83.838 0.0000000000
157613  -5.925  -27.812  83.746 0.0000000000
60978  -4.233  -27.551  83.027 0.0000000000
60979  -5.175  -27.742  83.417 0.0000000000
142839  -6.182  -26.312  83.653 0.0000000000
63022  -6.497  -25.334  83.490 0.0000000000
64039  -7.762  -24.281  83.684 0.0000000000
64038  -7.216  -23.879  83.475 0.0000000000
65013  -6.846  -23.580  83.073 0.0000000000
66074  -6.697  -23.414  82.514 0.0000000000
65018  -5.386  -24.507  81.835 0.0000000000
65028  -6.328  -23.552  81.674 0.0000000000
66083  -7.011  -23.133  81.995 0.0000000000
66094  -6.941  -23.108  81.293 0.0000000000
66105  -7.524  -22.953  80.000 0.0000000000
66118  -7.857  -22.985  79.296 0.0000000000
138519  -6.900  -23.994  78.622 0.0000000000
162050  -7.001  -24.375  78.089 0.0000000000
152892  -6.160  -25.182  77.319 0.0000000000
63094  -5.023  -25.973  78.236 0.0000000000
63095  -5.464  -25.612  77.659 0.0000000000
63102  -5.535  -25.999  76.723 0.0000000000
63114  -5.895  -26.179  76.164 0.0000000000
61996  -5.407  -26.646  75.992 0.0000000000
62012  -5.276  -27.426  75.558 0.0000000000
138375  -3.501  -29.127  78.682 0.0000000000
146638  -3.602  -28.830  77.911 0.0000000000
60099  -3.753  -28.580  77.092 0.0000000000
146601  -3.818  -29.764  76.466 0.0000000000
60112  -3.951  -28.809  76.584 0.0000000000
140515  -4.307  -28.472  76.236 0.0000000000
152495  -4.476  -28.741  75.613 0.0000000000
61027  -4.803  -28.592  74.982 0.0000000000
61042  -4.812  -28.851  74.286 0.0000000000
133988  -4.853  -29.422  73.190 0.0000000000
58299  -4.592  -30.149  72.789 0.0000000000
57288  -4.860  -30.949  73.765 0.0000000000
56285  -4.953  -30.908  72.821 0.0000000000
56296  -4.847  -31.013  71.853 0.0000000000
56297  -5.044  -31.328  71.385 0.0000000000
55209  -5.479  -32.075  70.924 0.0000000000
55210  -5.955  -32.574  70.641 0.0000000000
50936  -5.201  -36.974  79.834 0.0000000000
50935  -5.107  -37.141  79.368 0.0000000000
48840  -4.324  -39.621  78.274 0.0000000000
49817  -4.914  -37.803  78.837 0.0000000000
51977  -5.082  -36.915  78.986 0.0000000000
51987  -4.975  -36.953  78.402 0.0000000000
155714  -4.448  -38.295  77.078 0.0000000000
52001  -4.948  -37.333  77.571 0.0000000000
52967  -5.194  -36.718  77.134 0.0000000000
138976  -5.443  -35.942  76.485 0.0000000000
156488  -5.617  -35.236  75.901 0.0000000000
49873  -4.115  -38.451  75.069 0.0000000000
51008  -4.428  -37.950  74.610 0.0000000000
52028  -4.824  -37.248  75.041 0.0000000000
52983  -5.456  -36.195  75.462 0.0000000000
52972  -5.907  -35.031  75.317 0.0000000000
53958  -6.223  -34.724  74.661 0.0000000000
53975  -6.486  -34.523  74.117 0.0000000000
53976  -6.630  -33.661  73.536 0.0000000000
53998  -7.143  -34.270  73.049 0.0000000000
55196  -6.966  -33.134  72.092 0.0000000000
55211  -7.157  -32.776  71.289 0.0000000000
162161  -7.471  -32.945  70.761 0.0000000000
55213  -8.179  -33.718  69.990 0.0000000000
55235  -8.336  -33.860  69.348 0.0000000000
138563  -8.711  -36.249  66.834 0.0000000000
50966  -4.734  -37.992  77.117 0.0000000000
51145  -8.465  -36.613  67.550 0.0000000000
51959  -9.800  -35.092  80.526 0.0000000000
51969  -5.273  -36.430  80.291 0.0000000000
52913  -6.016  -35.121  82.531 0.0000000000
52914  -6.739  -35.215  82.781 0.0000000000
52915  -7.410  -35.134  82.710 0.0000000000
52916  -8.009  -34.981  82.455 0.0000000000
52918  -9.929  -33.921  82.276 0.0000000000
52923  -5.636  -35.570  81.951 0.0000000000
52925  -8.607  -34.671  82.144 0.0000000000
52926  -9.303  -34.385  81.938 0.0000000000
52928  -11.873  -33.614  81.084 0.0000000000
53897  -7.545  -33.781  83.593 0.0000000000
53898  -8.265  -33.827  83.478 0.0000000000
53900  -9.516  -33.698  83.041 0.0000000000
53909  -5.110  -34.112  81.434 0.0000000000
53912  -10.749  -33.637  82.023 0.0000000000
53921  -13.870  -33.108  79.908 0.0000000000
53945  -20.954  -32.641  74.416 0.0000000000
53947  -22.324  -32.608  74.014 0.0000000000
53967  -22.309  -32.620  73.593 0.0000000000
53968  -22.862  -32.690  73.709 0.0000000000
53985  -21.905  -32.711  72.668 0.0000000000
53987  -22.892  -32.859  72.910 0.0000000000
53988  -23.242  -32.755  73.445 0.0000000000
54005  -20.200  -32.496  72.664 0.0000000000
54010  -23.331  -32.945  72.593 0.0000000000
54025  -20.768  -32.595  71.968 0.0000000000
54028  -22.653  -33.260  71.408 0.0000000000
54035  -8.278  -34.013  70.455 0.0000000000
54036  -8.288  -34.584  69.820 0.0000000000
54046  -23.122  -33.396  70.315 0.0000000000
54047  -23.028  -33.186  71.114 0.0000000000
54056  -8.462  -34.281  69.182 0.0000000000
54063  -23.043  -33.539  69.702 0.0000000000
54064  -23.325  -33.360  70.133 0.0000000000
54077  -22.225  -33.515  69.183 0.0000000000
54129  -6.830  -34.216  64.729 0.0000000000
55065  -7.234  -33.237  83.883 0.0000000000
55066  -7.915  -33.241  83.950 0.0000000000
55069  -5.178  -33.263  82.045 0.0000000000
55071  -6.385  -33.607  82.911 0.0000000000
55072  -10.240  -33.261  83.065 0.0000000000
55078  -12.220  -33.074  82.172 0.0000000000
55080  -13.685  -32.474  81.630 0.0000000000
55083  -14.014  -32.491  81.069 0.0000000000
55087  -14.781  -32.467  80.228 0.0000000000
55088  -15.210  -32.343  79.741 0.0000000000
55094  -17.555  -32.054  78.347 0.0000000000
55100  -18.148  -32.150  77.633 0.0000000000
55101  -18.893  -32.422  77.483 0.0000000000
55107  -18.894  -32.621  77.099 0.0000000000
55108  -19.216  -32.653  77.042 0.0000000000
55118  -19.329  -32.836  76.551 0.0000000000
55119  -20.066  -32.686  76.002 0.0000000000
55121  -22.492  -32.582  75.073 0.0000000000
55145  -15.693  -32.632  75.001 0.0000000000
55150  -23.288  -32.691  73.974 0.0000000000
55183  -6.749  -33.309  72.757 0.0000000000
55184  -7.257  -33.713  72.443 0.0000000000
55194  -5.443  -31.668  72.084 0.0000000000
55219  -23.415  -32.934  71.057 0.0000000000
55220  -23.581  -33.075  70.332 0.0000000000
55256  -8.437  -34.018  68.562 0.0000000000
55300  -6.957  -33.826  66.837 0.0000000000
56206  -11.045  -32.016  83.860 0.0000000000
56210  -11.616  -32.393  83.330 0.0000000000
56213  -13.560  -31.819  82.430 0.0000000000
56218  -14.718  -31.729  81.504 0.0000000000
56221  -15.050  -31.906  81.012 0.0000000000
56223  -4.657  -32.906  80.676 0.0000000000
56226  -16.561  -31.627  79.518 0.0000000000
56230  -17.108  -32.000  79.049 0.0000000000
56232  -18.484  -31.810  78.396 0.0000000000
56236  -19.468  -31.980  77.514 0.0000000000
56240  -20.672  -32.150  76.426 0.0000000000
56246  -25.058  -32.002  75.928 0.0000000000
56250  -23.776  -32.550  75.147 0.0000000000
56259  -24.394  -32.444  74.483 0.0000000000
56260  -25.016  -31.929  74.376 0.0000000000
56273  -5.243  -31.361  73.479 0.0000000000
56287  -24.466  -32.142  72.510 0.0000000000
56298  -5.232  -31.646  71.093 0.0000000000
56311  -4.707  -31.186  71.061 0.0000000000
56326  -4.982  -32.148  69.520 0.0000000000
56340  -4.598  -31.812  68.188 0.0000000000
57246  -12.939  -31.363  82.850 0.0000000000
57248  -4.350  -32.104  81.958 0.0000000000
57253  -15.729  -31.074  80.649 0.0000000000
57254  -16.008  -31.211  79.968 0.0000000000
57255  -3.904  -31.300  80.435 0.0000000000
57257  -17.659  -30.956  79.561 0.0000000000
57259  -18.100  -31.478  79.084 0.0000000000
57275  -25.629  -31.718  75.867 0.0000000000
57278  -25.606  -31.609  75.217 0.0000000000
57290  -25.821  -30.750  74.289 0.0000000000
57301  -4.715  -30.541  72.283 0.0000000000
57321  -24.590  -31.594  71.199 0.0000000000
57371  -4.661  -31.434  66.035 0.0000000000
57385  -4.736  -31.572  64.567 0.0000000000
57414  -4.521  -32.019  62.689 0.0000000000
57455  -9.416  -31.233  60.367 0.0000000000
58246  -7.117  -30.476  84.199 0.0000000000
58254  -9.525  -30.246  83.660 0.0000000000
58256  -11.135  -30.513  83.372 0.0000000000
58258  -13.923  -30.713  82.251 0.0000000000
58262  -14.667  -30.648  81.706 0.0000000000
58268  -16.427  -29.890  80.151 0.0000000000
58269  -17.086  -30.362  79.872 0.0000000000
58271  -18.233  -30.089  78.894 0.0000000000
58278  -20.327  -30.324  76.610 0.0000000000
58279  -21.112  -30.955  76.539 0.0000000000
58296  -4.511  -30.070  73.659 0.0000000000
58300  -4.685  -29.806  72.959 0.0000000000
58308  -4.655  -30.003  72.220 0.0000000000
58315  -4.599  -30.671  71.376 0.0000000000
58324  -4.587  -30.395  70.722 0.0000000000
58340  -4.616  -30.457  68.645 0.0000000000
58376  -4.762  -30.749  65.821 0.0000000000
58377  -5.279  -30.004  65.475 0.0000000000
58392  -4.726  -30.756  65.059 0.0000000000
58410  -5.154  -30.176  63.418 0.0000000000
58425  -5.496  -30.471  62.682 0.0000000000
58448  -8.661  -31.025  61.599 0.0000000000
58449  -10.528  -30.569  61.225 0.0000000000
58465  -11.026  -29.780  60.422 0.0000000000
59186  -8.149  -30.006  83.905 0.0000000000
59187  -8.863  -30.142  83.776 0.0000000000
59189  -4.586  -29.705  82.953 0.0000000000
59190  -5.424  -30.105  83.435 0.0000000000
59204  -12.940  -29.952  81.895 0.0000000000
59206  -3.793  -29.143  81.879 0.0000000000
59213  -14.277  -29.681  81.212 0.0000000000
59214  -14.968  -29.704  80.880 0.0000000000
59222  -3.755  -29.111  80.019 0.0000000000
59228  -14.023  -29.054  79.293 0.0000000000
59232  -17.670  -29.814  79.155 0.0000000000
59240  -17.398  -29.587  78.983 0.0000000000
59244  -26.108  -29.590  78.798 0.0000000000
59251  -18.314  -29.370  78.000 0.0000000000
59257  -3.624  -29.168  77.189 0.0000000000
59272  -4.424  -29.453  74.766 0.0000000000
59274  -4.650  -29.599  73.789 0.0000000000
59290  -4.723  -29.739  70.230 0.0000000000
59318  -5.293  -29.668  67.583 0.0000000000
59329  -5.683  -29.492  66.374 0.0000000000
59330  -6.075  -29.254  65.964 0.0000000000
59353  -5.759  -29.671  64.612 0.0000000000
59381  -10.186  -30.087  62.714 0.0000000000
60071  -3.680  -28.424  81.488 0.0000000000
60081  -14.865  -28.892  79.374 0.0000000000
60082  -15.646  -29.014  79.426 0.0000000000
60088  -26.814  -28.552  79.873 0.0000000000
60089  -3.654  -28.440  78.712 0.0000000000
60093  -16.427  -28.775  77.827 0.0000000000
60142  -4.712  -29.224  74.058 0.0000000000
60148  -26.748  -27.806  72.406 0.0000000000
60153  -4.981  -29.176  71.327 0.0000000000
60161  -36.647  -27.520  70.754 0.0000000000
60169  -5.607  -28.388  70.029 0.0000000000
60185  -4.880  -29.519  69.566 0.0000000000
60205  -5.105  -29.403  68.887 0.0000000000
60206  -5.527  -28.645  68.578 0.0000000000
60220  -5.936  -28.617  67.817 0.0000000000
60235  -8.456  -28.176  66.937 0.0000000000
60261  -8.025  -28.863  65.195 0.0000000000
60277  -10.798  -28.789  63.995 0.0000000000
60296  -11.807  -29.016  61.285 0.0000000000
60977  -3.909  -28.035  82.533 0.0000000000
60980  -6.303  -27.365  83.653 0.0000000000
60985  -8.568  -27.459  81.101 0.0000000000
60992  -26.364  -27.585  80.965 0.0000000000
60995  -3.919  -27.554  79.289 0.0000000000
61028  -5.184  -28.072  74.934 0.0000000000
61029  -5.376  -27.893  74.064 0.0000000000
61060  -5.696  -28.301  72.419 0.0000000000
61075  -37.844  -26.851  72.237 0.0000000000
61096  -5.332  -28.489  70.705 0.0000000000
61105  -38.327  -26.956  70.073 0.0000000000
61117  -38.732  -26.621  69.464 0.0000000000
61194  -12.493  -27.103  61.213 0.0000000000
61906  -3.991  -26.804  82.736 0.0000000000
61910  -3.839  -26.519  82.060 0.0000000000
61913  -8.164  -26.183  82.343 0.0000000000
61914  -3.902  -26.254  81.226 0.0000000000
61917  -9.125  -26.347  81.301 0.0000000000
61919  -27.012  -26.406  81.811 0.0000000000
61921  -29.543  -26.309  81.161 0.0000000000
61931  -29.224  -26.640  80.446 0.0000000000
61935  -33.182  -26.389  80.241 0.0000000000
61958  -32.211  -26.525  78.447 0.0000000000
61960  -34.237  -26.551  79.141 0.0000000000
61964  -4.780  -26.660  77.671 0.0000000000
61971  -30.460  -26.304  78.030 0.0000000000
61990  -34.382  -26.322  76.782 0.0000000000
61991  -35.826  -26.546  76.334 0.0000000000
61992  -36.622  -26.397  76.728 0.0000000000
62023  -28.654  -26.378  75.439 0.0000000000
62043  -37.469  -26.458  73.718 0.0000000000
62075  -38.264  -26.561  71.612 0.0000000000
62118  -12.209  -27.294  67.460 0.0000000000
62197  -12.251  -26.373  61.222 0.0000000000
63015  -6.867  -24.524  83.426 0.0000000000
63016  -8.286  -24.594  83.749 0.0000000000
63020  -5.148  -25.386  83.066 0.0000000000
63062  -4.155  -25.806  80.562 0.0000000000
63109  -30.269  -25.557  76.310 0.0000000000
63113  -37.980  -25.219  76.275 0.0000000000
63154  -29.798  -25.446  74.282 0.0000000000
63200  -39.188  -25.316  70.656 0.0000000000
63212  -39.736  -25.059  69.268 0.0000000000
63257  -13.546  -25.447  63.482 0.0000000000
63271  -13.081  -25.509  62.348 0.0000000000
63285  -11.905  -25.601  61.465 0.0000000000
64061  -5.646  -24.110  82.799 0.0000000000
64069  -4.680  -25.477  80.666 0.0000000000
64078  -31.479  -24.288  81.939 0.0000000000
64080  -5.119  -25.089  80.751 0.0000000000
64081  -5.347  -24.861  80.228 0.0000000000
64099  -6.431  -24.593  78.056 0.0000000000
64109  -7.722  -24.250  77.489 0.0000000000
64142  -11.040  -24.067  74.110 0.0000000000
64194  -14.221  -24.922  66.986 0.0000000000
64243  -12.880  -24.703  62.542 0.0000000000
65005  -8.002  -23.587  83.869 0.0000000000
65020  -6.165  -23.690  82.910 0.0000000000
65027  -5.425  -24.598  81.181 0.0000000000
65047  -6.829  -23.344  79.883 0.0000000000
65048  -7.230  -23.393  79.319 0.0000000000
65118  -40.217  -23.626  71.561 0.0000000000
65119  -40.796  -23.275  71.107 0.0000000000
65152  -39.597  -23.804  68.918 0.0000000000
65199  -12.837  -22.985  63.691 0.0000000000
65214  -11.010  -23.138  63.200 0.0000000000
65216  -13.397  -23.694  63.699 0.0000000000
66096  -8.370  -22.478  80.679 0.0000000000
66104  -6.879  -23.184  80.498 0.0000000000
66119  -8.344  -22.883  78.939 0.0000000000
66205  -14.334  -22.497  70.355 0.0000000000
66214  -7.362  -22.829  69.121 0.0000000000
66215  -8.123  -22.387  69.249 0.0000000000
66240  -39.053  -23.281  68.227 0.0000000000
67258  -12.404  -21.409  66.282 0.0000000000
68195  -41.866  -20.402  71.290 0.0000000000
68238  -38.979  -20.253  68.065 0.0000000000
68243  -37.815  -19.953  67.214 0.0000000000
69181  -42.185  -19.467  72.462 0.0000000000
69208  -41.589  -19.081  70.481 0.0000000000
134432  -13.139  -21.235  66.769 0.0000000000
134607  -22.129  -33.681  70.740 0.0000000000
134679  -15.990  -32.484  78.762 0.0000000000
135014  -4.033  -25.964  80.079 0.0000000000
135943  -6.089  -29.409  65.324 0.0000000000
136176  -5.084  -34.050  63.666 0.0000000000
136517  -4.587  -31.702  75.905 0.0000000000
136546  -7.584  -33.254  70.103 0.0000000000
136692  -8.824  -31.693  84.369 0.0000000000
136956  -5.711  -27.059  83.675 0.0000000000
137114  -10.067  -30.769  84.152 0.0000000000
137377  -22.604  -33.175  71.560 0.0000000000
137584  -5.018  -32.192  63.817 0.0000000000
137842  -5.172  -32.728  68.142 0.0000000000
137902  -6.768  -32.865  70.327 0.0000000000
138308  -33.944  -26.384  77.389 0.0000000000
138423  -11.915  -30.567  83.131 0.0000000000
138515  -10.957  -28.256  60.255 0.0000000000
138861  -11.148  -21.706  65.304 0.0000000000
139316  -36.514  -26.705  75.138 0.0000000000
141058  -3.673  -27.080  81.626 0.0000000000
141588  -4.928  -29.543  72.326 0.0000000000
142469  -3.764  -30.559  78.143 0.0000000000
142472  -4.136  -32.154  79.326 0.0000000000
143050  -36.853  -27.774  70.199 0.0000000000
143081  -11.779  -34.178  79.283 0.0000000000
143178  -4.803  -31.714  69.995 0.0000000000
143612  -46.219  -16.107  56.151 0.0000000000
144426  -4.814  -29.749  71.697 0.0000000000
144651  -5.806  -24.012  81.085 0.0000000000
144865  -4.726  -25.957  79.426 0.0000000000
145474  -3.668  -29.069  76.422 0.0000000000
145616  -5.760  -28.214  69.305 0.0000000000
145935  -26.318  -30.637  76.910 0.0000000000
145991  -4.638  -31.272  65.374 0.0000000000
146091  -9.011  -35.595  80.778 0.0000000000
146800  -4.279  -26.039  79.733 0.0000000000
146859  -5.272  -33.793  78.521 0.0000000000
147081  -4.596  -30.716  68.024 0.0000000000
147327  -3.654  -27.830  81.894 0.0000000000
148733  -9.384  -27.069  80.270 0.0000000000
148757  -40.942  -20.997  73.366 0.0000000000
148815  -5.728  -24.040  81.610 0.0000000000
148993  -4.136  -29.664  75.250 0.0000000000
149012  -33.722  -26.474  79.718 0.0000000000
149314  -14.474  -32.806  78.626 0.0000000000
150891  -13.310  -26.346  65.672 0.0000000000
151050  -37.986  -19.185  67.098 0.0000000000
151180  -5.780  -31.892  82.980 0.0000000000
152532  -4.932  -32.786  78.401 0.0000000000
152826  -3.735  -29.845  75.767 0.0000000000
152877  -3.847  -28.352  77.862 0.0000000000
152925  -21.231  -32.669  73.157 0.0000000000
153026  -6.224  -30.986  61.314 0.0000000000
153076  -23.921  -32.672  70.721 0.0000000000
153105  -34.670  -26.507  78.560 0.0000000000
153333  -7.368  -28.186  67.654 0.0000000000
153900  -6.402  -33.484  67.159 0.0000000000
154411  -4.521  -30.816  69.323 0.0000000000
154428  -12.706  -22.564  73.514 0.0000000000
154516  -46.251  -17.339  53.184 0.0000000000
154538  -14.074  -30.260  81.915 0.0000000000
154670  -13.288  -30.792  82.567 0.0000000000
155081  -6.466  -29.608  63.920 0.0000000000
155381  -4.588  -29.874  73.461 0.0000000000
155559  -31.222  -26.594  80.303 0.0000000000
156560  -4.744  -31.364  75.162 0.0000000000
156857  -27.763  -27.554  75.543 0.0000000000
157904  -12.050  -26.536  69.488 0.0000000000
158245  -36.984  -26.047  76.196 0.0000000000
158428  -13.056  -33.729  75.772 0.0000000000
159539  -5.284  -30.002  66.446 0.0000000000
160034  -22.086  -33.756  70.974 0.0000000000
160250  -4.923  -25.982  78.874 0.0000000000
160464  -15.597  -32.015  79.592 0.0000000000
160713  -8.881  -28.429  70.826 0.0000000000
161525  -21.774  -32.630  74.466 0.0000000000
162177  -19.911  -28.932  75.466 0.0000000000
162183  -17.258  -28.457  76.944 0.0000000000
162346  -12.287  -32.408  82.937 0.0000000000
