#!ascii label  , from subject sub-v1s6x0051318_ses-1 vox2ras=TkReg
5125
1540  20.681  -85.868  28.747 0.0000000000
21333  9.146  -55.724  19.612 0.0000000000
10698  4.926  -67.696  45.153 0.0000000000
7083  10.735  -74.173  12.062 0.0000000000
37101  16.061  -39.866  26.043 0.0000000000
1251  17.375  -86.867  20.394 0.0000000000
19276  0.746  -58.920  28.815 0.0000000000
25512  6.943  -50.558  29.379 0.0000000000
37105  11.483  -39.303  26.490 0.0000000000
2759  14.736  -82.637  36.359 0.0000000000
402  7.198  -90.083  38.340 0.0000000000
135715  4.966  -77.006  36.814 0.0000000000
20019  8.326  -57.145  41.691 0.0000000000
4327  15.059  -79.835  22.435 0.0000000000
14147  17.021  -64.763  22.264 0.0000000000
139637  25.652  -86.757  32.018 0.0000000000
132801  24.277  -87.658  25.012 0.0000000000
129420  19.260  -91.311  25.160 0.0000000000
37900  10.519  -38.565  28.600 0.0000000000
136734  11.105  -87.525  35.766 0.0000000000
3717  3.239  -81.045  41.944 0.0000000000
7296  8.592  -73.365  42.539 0.0000000000
127220  3.513  -68.136  40.918 0.0000000000
131823  15.341  -54.957  40.357 0.0000000000
22983  15.355  -53.831  34.264 0.0000000000
21087  21.668  -56.616  35.126 0.0000000000
5427  5.160  -77.290  15.144 0.0000000000
4357  7.322  -79.684  21.404 0.0000000000
4377  13.109  -79.511  18.044 0.0000000000
138384  17.206  -73.778  21.136 0.0000000000
147148  16.555  -74.943  11.908 0.0000000000
128323  6.683  -58.454  28.433 0.0000000000
150746  8.437  -62.715  25.141 0.0000000000
18416  13.476  -59.794  25.064 0.0000000000
130262  24.018  -45.011  29.376 0.0000000000
1011  22.666  -87.537  14.957 0.0000000000
6995  7.430  -74.559  19.650 0.0000000000
23041  1.265  -54.464  32.458 0.0000000000
24012  6.241  -53.693  25.295 0.0000000000
145783  7.599  -46.013  24.818 0.0000000000
3809  17.462  -79.758  30.515 0.0000000000
445  13.892  -89.951  30.007 0.0000000000
2346  11.111  -83.017  29.008 0.0000000000
791  7.185  -87.362  46.318 0.0000000000
2755  7.124  -83.024  37.177 0.0000000000
18197  2.074  -59.358  44.015 0.0000000000
129017  26.066  -50.257  33.743 0.0000000000
35201  22.624  -41.334  34.679 0.0000000000
424  17.083  -89.564  34.288 0.0000000000
2283  21.804  -83.190  35.740 0.0000000000
1696  17.363  -85.986  10.388 0.0000000000
3023  18.613  -81.835  16.284 0.0000000000
16741  3.228  -61.115  20.340 0.0000000000
12544  9.805  -66.635  19.276 0.0000000000
12599  10.363  -66.284  15.470 0.0000000000
19414  18.551  -58.891  15.445 0.0000000000
886  21.749  -87.659  32.626 0.0000000000
440  22.664  -89.453  29.470 0.0000000000
137428  19.223  -89.988  29.167 0.0000000000
8424  4.802  -71.417  46.679 0.0000000000
7278  6.880  -73.924  45.404 0.0000000000
9968  8.396  -69.735  44.120 0.0000000000
9185  6.133  -70.072  41.865 0.0000000000
12336  6.623  -66.602  42.951 0.0000000000
23842  15.442  -53.615  37.220 0.0000000000
130859  18.210  -57.397  35.215 0.0000000000
147467  18.855  -54.782  34.099 0.0000000000
5995  8.597  -76.666  13.487 0.0000000000
4916  8.976  -78.915  15.074 0.0000000000
141740  12.596  -78.941  13.352 0.0000000000
146886  15.955  -78.936  14.679 0.0000000000
7091  14.149  -74.979  11.202 0.0000000000
19324  7.532  -58.257  22.809 0.0000000000
18403  9.703  -59.361  26.161 0.0000000000
147313  10.813  -59.810  21.332 0.0000000000
34265  23.660  -41.900  29.959 0.0000000000
34283  22.683  -42.138  28.308 0.0000000000
958  21.510  -87.616  22.669 0.0000000000
144581  24.349  -85.249  23.568 0.0000000000
1607  20.824  -84.975  21.588 0.0000000000
1275  23.692  -86.717  18.814 0.0000000000
129913  20.233  -87.492  17.373 0.0000000000
24715  2.965  -52.190  31.354 0.0000000000
23098  2.515  -54.844  27.938 0.0000000000
25519  4.529  -51.539  27.583 0.0000000000
34297  17.255  -42.518  27.301 0.0000000000
35250  15.014  -42.160  28.823 0.0000000000
38709  7.688  -38.440  27.742 0.0000000000
34290  8.022  -42.266  27.853 0.0000000000
3339  15.918  -81.145  33.675 0.0000000000
2847  13.948  -81.757  29.204 0.0000000000
147859  13.967  -83.442  32.601 0.0000000000
413  9.546  -90.314  36.552 0.0000000000
127087  8.940  -87.566  32.964 0.0000000000
880  6.818  -87.730  33.253 0.0000000000
1506  5.067  -85.173  33.832 0.0000000000
146392  4.948  -79.399  39.214 0.0000000000
2720  5.925  -82.447  40.243 0.0000000000
138548  7.955  -80.061  35.990 0.0000000000
18205  9.624  -58.175  43.996 0.0000000000
18170  6.794  -59.591  46.663 0.0000000000
126284  5.095  -57.653  42.606 0.0000000000
18234  0.531  -58.914  41.154 0.0000000000
21037  3.561  -56.458  39.571 0.0000000000
147431  21.860  -48.685  33.430 0.0000000000
136356  28.024  -48.906  32.991 0.0000000000
31221  25.734  -45.616  34.922 0.0000000000
33160  25.517  -43.124  33.168 0.0000000000
1459  13.005  -85.842  38.595 0.0000000000
605  13.653  -90.225  37.822 0.0000000000
1479  16.501  -85.833  36.093 0.0000000000
133221  17.641  -85.120  32.337 0.0000000000
3912  11.041  -79.840  21.211 0.0000000000
3527  9.505  -81.338  17.288 0.0000000000
2996  13.173  -82.652  19.073 0.0000000000
2066  16.399  -84.412  15.629 0.0000000000
2464  17.267  -83.536  20.157 0.0000000000
4312  18.283  -79.879  24.333 0.0000000000
17563  1.599  -59.871  24.535 0.0000000000
14985  13.299  -63.417  23.720 0.0000000000
16736  10.455  -61.853  20.530 0.0000000000
13330  13.734  -64.909  19.557 0.0000000000
10191  12.744  -69.612  19.924 0.0000000000
12571  15.529  -66.373  17.188 0.0000000000
139680  24.875  -87.246  28.845 0.0000000000
486  22.962  -89.382  25.058 0.0000000000
333  19.377  -90.127  22.061 0.0000000000
38756  14.677  -37.246  24.628 0.0000000000
41445  8.938  -34.780  28.145 0.0000000000
39578  9.819  -36.113  25.995 0.0000000000
1873  13.191  -84.722  35.024 0.0000000000
146087  9.847  -82.418  37.423 0.0000000000
1451  9.089  -84.948  39.154 0.0000000000
1103  9.079  -87.510  40.917 0.0000000000
147232  3.276  -81.804  45.887 0.0000000000
4597  4.958  -78.292  45.131 0.0000000000
5142  7.820  -77.397  43.340 0.0000000000
126639  6.666  -76.542  40.241 0.0000000000
7299  3.889  -74.131  43.335 0.0000000000
21012  11.699  -55.943  41.108 0.0000000000
22004  7.433  -55.701  38.229 0.0000000000
22924  11.363  -54.510  38.101 0.0000000000
22988  10.544  -54.832  34.485 0.0000000000
21122  22.652  -56.134  32.376 0.0000000000
4870  6.163  -78.659  18.196 0.0000000000
5379  9.808  -76.783  19.577 0.0000000000
5905  13.281  -76.541  21.352 0.0000000000
5884  16.542  -76.528  23.778 0.0000000000
4863  16.835  -78.569  19.333 0.0000000000
6468  15.747  -75.671  16.350 0.0000000000
17479  3.498  -60.454  31.332 0.0000000000
16653  4.044  -61.276  26.909 0.0000000000
15749  7.553  -62.687  28.957 0.0000000000
14933  12.086  -63.504  27.493 0.0000000000
15770  16.895  -62.524  26.316 0.0000000000
31297  21.792  -45.347  27.674 0.0000000000
33252  19.906  -43.337  26.381 0.0000000000
36259  18.900  -40.157  24.356 0.0000000000
1310  25.744  -86.698  16.611 0.0000000000
1680  24.456  -85.489  12.377 0.0000000000
7036  5.433  -74.040  15.828 0.0000000000
7589  9.375  -73.470  15.711 0.0000000000
19222  0.991  -57.905  32.019 0.0000000000
21193  4.393  -56.461  30.392 0.0000000000
21243  5.071  -56.122  25.814 0.0000000000
23176  7.770  -55.009  22.646 0.0000000000
126870  10.049  -48.671  28.244 0.0000000000
32250  9.568  -44.885  27.419 0.0000000000
28185  7.501  -48.739  27.213 0.0000000000
26362  7.658  -49.976  24.632 0.0000000000
24805  9.939  -51.889  24.528 0.0000000000
145483  11.910  -53.980  24.358 0.0000000000
2861  19.125  -82.014  28.420 0.0000000000
911  17.493  -87.143  27.289 0.0000000000
136893  15.612  -84.799  28.706 0.0000000000
928  12.171  -86.967  27.713 0.0000000000
1171  11.916  -86.923  32.290 0.0000000000
2339  8.944  -82.570  30.673 0.0000000000
125258  7.500  -89.707  42.782 0.0000000000
1770  4.391  -84.212  44.264 0.0000000000
1438  7.297  -85.510  42.324 0.0000000000
143721  5.505  -86.256  38.347 0.0000000000
14758  2.742  -63.155  44.252 0.0000000000
14792  3.302  -62.880  41.754 0.0000000000
13990  1.400  -64.937  39.352 0.0000000000
22978  24.581  -54.390  34.177 0.0000000000
134522  24.854  -51.976  34.756 0.0000000000
23034  26.828  -54.698  32.420 0.0000000000
23939  27.793  -53.201  31.259 0.0000000000
34259  24.700  -42.496  31.892 0.0000000000
826  15.454  -88.374  38.911 0.0000000000
1487  19.666  -86.574  35.188 0.0000000000
2806  19.823  -82.449  31.679 0.0000000000
2320  22.457  -82.742  31.451 0.0000000000
142563  15.879  -91.417  26.689 0.0000000000
127187  16.514  -92.332  24.481 0.0000000000
1015  18.198  -87.361  14.654 0.0000000000
141713  20.145  -86.576  11.403 0.0000000000
2569  22.339  -83.753  10.079 0.0000000000
3077  18.699  -82.726  11.745 0.0000000000
3060  22.128  -82.384  13.651 0.0000000000
17575  6.337  -60.534  21.927 0.0000000000
15884  7.970  -62.002  17.366 0.0000000000
151225  9.002  -70.657  20.552 0.0000000000
8764  10.069  -72.024  17.413 0.0000000000
10301  8.476  -69.458  13.623 0.0000000000
19297  17.671  -58.065  25.237 0.0000000000
17574  19.584  -60.504  22.978 0.0000000000
138589  20.923  -58.569  19.166 0.0000000000
16769  17.155  -61.624  18.675 0.0000000000
126253  12.672  -60.772  16.018 0.0000000000
13447  13.167  -65.512  14.136 0.0000000000
10312  13.551  -69.856  13.140 0.0000000000
10321  16.772  -70.275  11.142 0.0000000000
9613  20.477  -70.667  10.352 0.0000000000
1184  20.744  -87.067  30.617 0.0000000000
654  19.743  -88.964  30.411 0.0000000000
910  19.806  -87.618  27.958 0.0000000000
9955  5.180  -69.053  46.213 0.0000000000
9160  7.121  -70.587  46.021 0.0000000000
10680  6.742  -68.860  45.159 0.0000000000
142567  7.618  -67.613  43.901 0.0000000000
11455  6.545  -66.524  44.357 0.0000000000
20077  16.929  -57.888  36.211 0.0000000000
19164  19.538  -58.275  35.659 0.0000000000
6495  11.956  -74.907  14.294 0.0000000000
5449  11.432  -78.111  13.873 0.0000000000
6518  12.657  -75.948  13.480 0.0000000000
5480  13.733  -76.819  12.327 0.0000000000
7093  11.966  -74.892  11.761 0.0000000000
20304  7.059  -57.340  20.716 0.0000000000
19322  9.025  -59.076  22.069 0.0000000000
19354  8.573  -59.242  19.833 0.0000000000
36183  23.015  -40.528  29.591 0.0000000000
961  18.586  -87.328  22.548 0.0000000000
1597  20.173  -85.316  23.204 0.0000000000
146165  18.759  -86.103  21.584 0.0000000000
1278  20.120  -86.855  19.845 0.0000000000
140612  18.783  -86.657  19.156 0.0000000000
144150  4.951  -51.640  30.329 0.0000000000
25491  3.195  -51.308  29.536 0.0000000000
27189  4.985  -49.768  28.780 0.0000000000
35294  16.807  -41.127  26.798 0.0000000000
130510  16.527  -42.478  28.603 0.0000000000
35278  15.759  -41.290  27.875 0.0000000000
37927  9.634  -39.010  26.709 0.0000000000
125862  16.175  -82.132  35.145 0.0000000000
2808  14.518  -81.990  33.071 0.0000000000
2306  14.776  -83.359  34.197 0.0000000000
260  8.455  -90.416  37.194 0.0000000000
423  8.278  -89.766  35.016 0.0000000000
616  7.218  -88.705  35.933 0.0000000000
869  6.158  -87.020  33.765 0.0000000000
131167  6.527  -86.949  35.901 0.0000000000
137839  5.964  -77.762  37.556 0.0000000000
4196  5.960  -79.481  37.749 0.0000000000
4677  7.148  -77.891  35.568 0.0000000000
146978  9.045  -56.439  43.929 0.0000000000
19982  7.903  -57.011  44.196 0.0000000000
151208  6.200  -56.579  42.012 0.0000000000
135161  3.940  -56.767  40.896 0.0000000000
21017  5.471  -56.207  40.624 0.0000000000
31222  24.851  -46.285  34.904 0.0000000000
1835  14.239  -84.266  37.750 0.0000000000
1124  14.492  -86.647  37.676 0.0000000000
1848  16.083  -84.322  36.741 0.0000000000
2285  17.389  -83.145  34.966 0.0000000000
4342  13.074  -79.999  21.868 0.0000000000
135183  12.202  -81.242  20.529 0.0000000000
135722  13.991  -81.723  20.294 0.0000000000
2979  15.682  -82.564  19.682 0.0000000000
3468  16.310  -81.647  21.376 0.0000000000
3466  17.995  -82.297  22.287 0.0000000000
149146  16.390  -80.100  23.117 0.0000000000
17544  1.042  -59.557  26.943 0.0000000000
14993  15.618  -64.198  22.960 0.0000000000
15008  13.819  -63.194  21.375 0.0000000000
14175  15.339  -65.430  20.934 0.0000000000
12538  15.488  -66.772  18.713 0.0000000000
13345  16.940  -65.662  19.539 0.0000000000
1921  25.706  -85.454  30.254 0.0000000000
897  25.365  -87.024  30.778 0.0000000000
292  21.041  -90.388  27.688 0.0000000000
463  22.829  -89.450  27.662 0.0000000000
307  21.377  -90.174  24.843 0.0000000000
320  21.441  -90.283  22.920 0.0000000000
195  19.575  -91.232  23.538 0.0000000000
39576  13.482  -36.418  25.532 0.0000000000
41470  13.160  -34.776  25.124 0.0000000000
42411  9.277  -33.296  27.145 0.0000000000
40471  8.220  -34.812  27.539 0.0000000000
1802  9.324  -84.459  40.922 0.0000000000
1443  9.010  -86.746  40.164 0.0000000000
1437  9.481  -85.091  41.772 0.0000000000
6213  3.947  -75.902  45.299 0.0000000000
7289  8.762  -73.815  43.950 0.0000000000
6219  7.582  -75.641  44.331 0.0000000000
5698  8.523  -76.058  43.057 0.0000000000
132492  8.186  -77.280  41.486 0.0000000000
6777  7.248  -75.337  41.922 0.0000000000
147319  5.201  -75.619  42.467 0.0000000000
140205  6.129  -74.192  42.824 0.0000000000
10708  4.229  -68.961  41.261 0.0000000000
136961  3.773  -71.085  42.472 0.0000000000
22899  14.143  -54.305  40.849 0.0000000000
21988  11.904  -55.017  39.618 0.0000000000
22923  13.366  -53.944  39.162 0.0000000000
23872  15.671  -53.462  35.684 0.0000000000
22947  13.293  -53.829  36.285 0.0000000000
22985  13.405  -54.171  34.411 0.0000000000
21105  20.811  -55.876  34.220 0.0000000000
22097  19.623  -55.027  33.248 0.0000000000
140923  20.935  -55.641  33.464 0.0000000000
124863  21.063  -55.856  32.140 0.0000000000
143627  22.135  -55.852  33.443 0.0000000000
133091  5.093  -78.677  16.159 0.0000000000
4900  10.962  -78.787  16.806 0.0000000000
145720  9.983  -78.088  17.544 0.0000000000
5393  11.627  -77.732  18.964 0.0000000000
5933  11.919  -76.626  20.237 0.0000000000
5377  13.097  -77.808  20.057 0.0000000000
138956  15.296  -78.098  20.568 0.0000000000
4375  15.433  -79.942  18.496 0.0000000000
5447  15.672  -77.321  13.350 0.0000000000
5416  16.179  -77.442  16.118 0.0000000000
7603  16.318  -73.720  12.660 0.0000000000
18368  5.849  -59.644  30.713 0.0000000000
16607  5.637  -61.943  30.110 0.0000000000
17503  7.538  -60.696  30.115 0.0000000000
18418  11.561  -59.693  25.164 0.0000000000
16650  10.929  -60.873  27.483 0.0000000000
17535  12.887  -60.579  26.673 0.0000000000
14944  14.625  -62.758  27.272 0.0000000000
133199  15.257  -60.666  26.503 0.0000000000
31288  23.343  -45.114  28.807 0.0000000000
35289  21.551  -41.355  26.981 0.0000000000
132012  21.267  -43.021  27.044 0.0000000000
35290  20.898  -41.274  26.316 0.0000000000
35318  19.352  -41.628  25.296 0.0000000000
36242  20.325  -40.321  25.400 0.0000000000
2462  25.813  -83.783  20.905 0.0000000000
729  23.079  -87.762  17.462 0.0000000000
975  24.530  -87.553  18.042 0.0000000000
1000  24.402  -87.079  16.090 0.0000000000
1324  24.981  -86.354  14.957 0.0000000000
138283  23.557  -86.583  13.340 0.0000000000
6997  5.541  -73.814  19.490 0.0000000000
130624  4.106  -73.294  17.930 0.0000000000
7024  6.642  -74.951  17.679 0.0000000000
6469  8.047  -75.504  16.099 0.0000000000
7022  8.818  -75.050  17.642 0.0000000000
23016  2.952  -54.100  33.516 0.0000000000
22063  1.486  -55.504  34.251 0.0000000000
20120  0.971  -57.734  34.275 0.0000000000
21149  1.248  -56.278  33.053 0.0000000000
20152  2.583  -57.158  32.380 0.0000000000
22123  1.611  -55.239  31.442 0.0000000000
146356  4.466  -54.220  26.163 0.0000000000
21232  3.778  -55.643  26.866 0.0000000000
22231  5.379  -54.719  25.596 0.0000000000
21276  6.052  -55.845  24.065 0.0000000000
23124  6.986  -54.043  24.044 0.0000000000
37907  12.343  -38.726  28.391 0.0000000000
36197  12.880  -40.165  28.633 0.0000000000
138471  7.797  -43.837  26.816 0.0000000000
33222  9.188  -43.233  27.690 0.0000000000
31326  7.386  -45.413  26.086 0.0000000000
30262  8.360  -46.647  26.758 0.0000000000
30270  7.324  -46.708  25.661 0.0000000000
27234  7.084  -49.720  25.695 0.0000000000
28213  7.849  -48.295  25.031 0.0000000000
133101  11.890  -47.995  25.173 0.0000000000
27237  10.309  -49.543  24.683 0.0000000000
25538  11.423  -51.005  25.430 0.0000000000
24009  11.193  -53.339  24.518 0.0000000000
3402  18.575  -81.340  28.753 0.0000000000
2362  17.890  -83.165  28.266 0.0000000000
3404  16.868  -81.828  28.712 0.0000000000
2849  12.234  -82.102  29.195 0.0000000000
1932  13.451  -83.968  28.180 0.0000000000
1950  11.353  -84.438  27.537 0.0000000000
930  10.521  -87.282  27.671 0.0000000000
1952  9.812  -84.990  27.718 0.0000000000
1490  11.969  -85.964  35.218 0.0000000000
877  13.371  -87.304  33.317 0.0000000000
631  12.531  -88.528  33.067 0.0000000000
1895  7.614  -84.558  32.414 0.0000000000
1893  9.588  -84.385  32.471 0.0000000000
802  8.931  -88.910  44.239 0.0000000000
804  7.647  -88.979  44.368 0.0000000000
2697  3.449  -82.127  44.320 0.0000000000
2200  4.027  -83.276  44.891 0.0000000000
125707  3.038  -83.012  43.186 0.0000000000
2730  7.238  -82.633  39.282 0.0000000000
2223  6.686  -83.641  41.504 0.0000000000
1815  7.121  -84.602  39.877 0.0000000000
1453  6.419  -86.259  39.961 0.0000000000
1827  5.514  -85.088  38.294 0.0000000000
1851  4.117  -84.644  36.957 0.0000000000
2767  4.199  -82.566  36.404 0.0000000000
18181  4.473  -59.446  45.785 0.0000000000
17312  5.247  -60.177  47.036 0.0000000000
17328  2.230  -60.277  45.439 0.0000000000
140083  1.507  -62.230  45.573 0.0000000000
16469  2.162  -61.450  43.950 0.0000000000
15619  4.718  -62.418  42.885 0.0000000000
17360  3.107  -60.884  42.297 0.0000000000
18248  1.095  -59.635  39.502 0.0000000000
15641  1.044  -62.751  40.039 0.0000000000
22030  6.585  -55.652  36.493 0.0000000000
21080  4.114  -56.824  36.515 0.0000000000
22979  24.143  -54.666  34.720 0.0000000000
23892  24.314  -52.726  35.855 0.0000000000
27140  23.881  -49.796  33.701 0.0000000000
139113  23.713  -50.059  34.364 0.0000000000
26269  24.547  -51.087  33.843 0.0000000000
24702  25.139  -52.568  33.513 0.0000000000
132257  26.605  -51.917  33.213 0.0000000000
149539  27.581  -53.723  32.198 0.0000000000
132748  27.549  -51.955  32.894 0.0000000000
29185  28.555  -47.592  32.293 0.0000000000
26286  28.565  -50.175  31.013 0.0000000000
28150  28.510  -48.589  30.121 0.0000000000
33174  26.180  -42.708  32.859 0.0000000000
128978  24.101  -41.883  33.957 0.0000000000
35228  23.527  -41.319  32.767 0.0000000000
376  12.856  -89.828  42.464 0.0000000000
411  15.259  -90.115  36.543 0.0000000000
250  14.615  -90.683  37.824 0.0000000000
254  16.578  -90.288  36.641 0.0000000000
409  18.097  -89.504  35.893 0.0000000000
2817  18.380  -82.139  31.534 0.0000000000
2321  18.918  -83.529  31.342 0.0000000000
2831  19.384  -81.434  30.658 0.0000000000
3383  20.447  -81.603  29.549 0.0000000000
2769  23.139  -82.706  34.993 0.0000000000
1514  23.003  -84.538  32.800 0.0000000000
147636  22.135  -81.930  33.830 0.0000000000
656  15.606  -88.289  29.281 0.0000000000
666  15.815  -89.172  27.462 0.0000000000
289  14.765  -90.745  29.130 0.0000000000
130941  16.241  -91.595  22.056 0.0000000000
1694  21.797  -85.742  10.593 0.0000000000
146554  20.353  -84.504  10.005 0.0000000000
3503  6.969  -81.711  20.236 0.0000000000
147306  17.884  -84.269  15.855 0.0000000000
2081  17.237  -84.187  13.120 0.0000000000
3052  19.235  -82.741  13.795 0.0000000000
131518  20.107  -82.281  12.553 0.0000000000
141984  19.943  -82.350  14.749 0.0000000000
3036  22.298  -82.619  15.181 0.0000000000
3022  20.223  -81.944  16.657 0.0000000000
6409  16.867  -75.246  22.330 0.0000000000
15783  5.964  -62.481  25.415 0.0000000000
146638  5.340  -60.969  24.741 0.0000000000
125491  6.972  -61.410  23.933 0.0000000000
14205  10.934  -63.652  19.094 0.0000000000
16752  9.159  -61.449  18.278 0.0000000000
14208  8.504  -63.916  18.211 0.0000000000
13385  7.491  -64.776  16.973 0.0000000000
11804  7.991  -67.132  18.059 0.0000000000
10950  7.827  -68.943  18.573 0.0000000000
10948  9.200  -68.466  19.766 0.0000000000
11005  11.789  -68.731  16.486 0.0000000000
9511  11.529  -70.473  18.215 0.0000000000
10281  9.839  -68.942  15.782 0.0000000000
9552  7.440  -70.732  14.945 0.0000000000
11842  9.208  -67.432  14.815 0.0000000000
139452  17.444  -55.788  23.761 0.0000000000
21258  19.077  -56.595  24.431 0.0000000000
18411  19.461  -59.135  25.104 0.0000000000
19307  20.342  -58.092  23.102 0.0000000000
19400  19.919  -59.228  16.831 0.0000000000
17633  19.192  -60.411  18.884 0.0000000000
17641  18.157  -60.373  17.269 0.0000000000
15882  15.762  -62.025  17.391 0.0000000000
18548  15.800  -59.988  15.868 0.0000000000
15108  17.773  -64.312  14.148 0.0000000000
14249  15.015  -63.908  14.288 0.0000000000
13445  15.297  -65.610  13.706 0.0000000000
11862  13.537  -67.706  13.537 0.0000000000
11874  15.667  -67.681  12.709 0.0000000000
10323  15.179  -69.961  12.230 0.0000000000
883  23.829  -87.945  32.744 0.0000000000
648  23.596  -88.510  30.888 0.0000000000
434  22.024  -89.582  31.426 0.0000000000
275  20.178  -90.467  29.864 0.0000000000
175  19.138  -91.213  27.710 0.0000000000
133578  4.961  -74.314  45.788 0.0000000000
7817  6.567  -72.489  46.136 0.0000000000
8439  7.832  -71.924  45.508 0.0000000000
8459  9.048  -71.080  43.334 0.0000000000
136792  8.036  -71.459  42.158 0.0000000000
9979  8.175  -69.222  42.561 0.0000000000
10706  6.292  -68.050  42.037 0.0000000000
12338  4.379  -66.616  42.173 0.0000000000
21049  15.384  -56.428  38.372 0.0000000000
22922  15.332  -54.315  38.486 0.0000000000
21065  15.872  -56.702  37.027 0.0000000000
22026  16.779  -55.000  36.288 0.0000000000
22039  17.271  -54.451  35.662 0.0000000000
22981  17.769  -54.214  34.320 0.0000000000
21108  18.339  -55.291  34.783 0.0000000000
20111  20.346  -56.950  34.627 0.0000000000
21075  21.654  -56.939  35.952 0.0000000000
150171  6.798  -76.420  13.477 0.0000000000
4927  7.263  -78.199  14.711 0.0000000000
4938  8.608  -78.158  13.985 0.0000000000
4408  10.827  -79.280  14.751 0.0000000000
4406  12.821  -79.557  15.454 0.0000000000
4395  15.179  -80.104  16.721 0.0000000000
4420  14.339  -79.147  13.658 0.0000000000
5465  15.134  -77.495  12.782 0.0000000000
6555  15.994  -75.314  11.122 0.0000000000
19283  7.505  -58.024  26.259 0.0000000000
18394  8.633  -59.283  27.651 0.0000000000
148642  8.791  -58.617  24.441 0.0000000000
18433  10.399  -59.243  24.136 0.0000000000
18456  12.414  -59.638  22.869 0.0000000000
33203  23.890  -43.576  29.639 0.0000000000
33204  23.353  -43.607  29.000 0.0000000000
34270  23.312  -42.025  29.214 0.0000000000
35263  22.518  -41.210  28.196 0.0000000000
956  23.821  -87.897  22.646 0.0000000000
137276  25.601  -87.026  23.614 0.0000000000
1235  23.258  -86.079  23.309 0.0000000000
2426  21.820  -84.054  23.149 0.0000000000
2021  22.091  -84.057  21.955 0.0000000000
2032  23.514  -84.517  20.707 0.0000000000
1625  22.151  -85.372  20.505 0.0000000000
978  21.409  -87.737  18.596 0.0000000000
743  21.679  -87.754  16.167 0.0000000000
23934  1.797  -53.030  31.847 0.0000000000
23072  1.903  -54.534  30.125 0.0000000000
135657  2.326  -52.802  29.708 0.0000000000
24771  3.271  -52.624  27.831 0.0000000000
24789  5.379  -52.909  26.361 0.0000000000
33234  18.122  -44.439  27.478 0.0000000000
33199  16.271  -43.668  29.955 0.0000000000
34322  7.927  -42.213  26.065 0.0000000000
32280  8.346  -44.136  25.037 0.0000000000
3791  16.486  -79.976  32.480 0.0000000000
3825  15.820  -80.211  29.936 0.0000000000
3803  14.630  -79.846  31.359 0.0000000000
147370  13.164  -81.745  31.232 0.0000000000
2324  12.340  -83.495  30.768 0.0000000000
614  10.627  -89.547  35.789 0.0000000000
430  11.147  -89.825  33.455 0.0000000000
428  9.774  -90.009  34.169 0.0000000000
879  7.248  -87.789  33.090 0.0000000000
137421  6.102  -86.250  32.215 0.0000000000
4179  4.366  -79.869  40.801 0.0000000000
150638  2.932  -81.900  40.537 0.0000000000
3739  3.943  -80.459  39.185 0.0000000000
3306  7.125  -81.289  38.264 0.0000000000
3319  7.387  -81.754  36.249 0.0000000000
141016  5.099  -81.433  35.434 0.0000000000
19058  5.774  -58.638  44.552 0.0000000000
19070  3.312  -58.217  43.707 0.0000000000
19080  1.310  -58.783  42.479 0.0000000000
20006  2.298  -57.874  42.073 0.0000000000
20050  0.963  -56.994  39.871 0.0000000000
20069  1.150  -57.953  38.282 0.0000000000
28116  25.263  -48.851  34.134 0.0000000000
27137  26.781  -49.539  33.772 0.0000000000
29165  25.697  -48.092  34.239 0.0000000000
30172  26.677  -46.732  34.409 0.0000000000
30193  27.581  -45.640  33.682 0.0000000000
32198  27.295  -44.609  33.137 0.0000000000
32172  26.303  -44.008  34.611 0.0000000000
33127  25.064  -43.263  35.176 0.0000000000
34210  22.090  -42.160  36.017 0.0000000000
827  12.545  -87.822  39.790 0.0000000000
135824  12.148  -89.998  40.231 0.0000000000
835  13.176  -88.429  38.500 0.0000000000
853  15.003  -88.700  36.819 0.0000000000
858  16.381  -88.495  34.501 0.0000000000
875  17.079  -87.626  32.429 0.0000000000
1501  17.139  -85.629  33.581 0.0000000000
2798  17.500  -82.454  32.993 0.0000000000
279  12.010  -90.705  30.028 0.0000000000
4355  9.509  -79.297  21.181 0.0000000000
3946  8.498  -80.918  19.805 0.0000000000
147577  10.754  -81.227  19.712 0.0000000000
2998  11.687  -82.504  18.649 0.0000000000
2496  12.336  -82.967  17.067 0.0000000000
2520  14.383  -83.129  15.652 0.0000000000
134709  14.882  -83.281  17.755 0.0000000000
2050  16.845  -84.507  17.580 0.0000000000
2491  17.903  -83.063  17.793 0.0000000000
3514  18.152  -81.052  18.339 0.0000000000
147889  18.404  -83.033  20.310 0.0000000000
3895  18.985  -81.131  23.100 0.0000000000
17578  2.268  -59.955  22.332 0.0000000000
15790  10.507  -62.832  24.783 0.0000000000
16688  9.118  -61.502  23.146 0.0000000000
15808  11.289  -61.827  22.541 0.0000000000
15022  11.998  -62.961  19.458 0.0000000000
13351  11.434  -65.652  19.060 0.0000000000
11765  11.537  -67.921  20.358 0.0000000000
11782  13.899  -67.575  19.608 0.0000000000
11830  14.151  -67.990  17.038 0.0000000000
12588  12.604  -66.465  16.094 0.0000000000
135844  25.062  -80.914  32.534 0.0000000000
2828  24.727  -82.751  30.289 0.0000000000
1926  24.387  -84.754  28.388 0.0000000000
144571  23.508  -87.079  26.380 0.0000000000
663  23.714  -88.661  28.546 0.0000000000
923  23.731  -88.511  27.270 0.0000000000
132505  23.668  -88.832  24.717 0.0000000000
707  22.752  -88.818  22.353 0.0000000000
710  20.042  -88.534  22.426 0.0000000000
504  17.966  -89.580  21.250 0.0000000000
37962  15.555  -38.378  24.790 0.0000000000
37103  14.569  -39.379  26.778 0.0000000000
38715  14.051  -37.926  26.115 0.0000000000
39543  11.181  -36.805  27.949 0.0000000000
41472  11.837  -33.970  25.950 0.0000000000
40461  10.211  -35.085  27.846 0.0000000000
39545  9.532  -36.310  28.330 0.0000000000
39546  7.932  -35.961  28.077 0.0000000000
127749  9.170  -37.313  27.105 0.0000000000
39561  10.576  -37.424  25.919 0.0000000000
2749  12.863  -82.747  37.252 0.0000000000
2288  13.989  -83.126  35.578 0.0000000000
129152  12.150  -82.601  35.842 0.0000000000
140801  10.784  -84.269  35.573 0.0000000000
1492  10.188  -85.573  35.963 0.0000000000
2252  9.271  -83.548  38.098 0.0000000000
130029  9.475  -85.859  36.987 0.0000000000
846  9.373  -87.696  37.584 0.0000000000
130438  8.811  -88.974  39.168 0.0000000000
590  8.399  -90.328  39.826 0.0000000000
4148  3.708  -80.256  45.171 0.0000000000
3696  4.784  -80.417  44.340 0.0000000000
5694  5.968  -76.324  44.947 0.0000000000
140678  6.353  -77.983  44.478 0.0000000000
137090  6.210  -79.896  42.490 0.0000000000
4183  6.527  -79.131  40.576 0.0000000000
4652  6.620  -77.800  39.187 0.0000000000
5744  5.420  -76.833  38.112 0.0000000000
5179  2.775  -77.197  37.590 0.0000000000
5723  4.560  -76.764  40.397 0.0000000000
133295  4.992  -72.392  42.979 0.0000000000
20033  10.551  -57.183  41.217 0.0000000000
21033  7.069  -56.359  39.626 0.0000000000
21031  9.891  -56.646  39.589 0.0000000000
149401  9.189  -55.173  37.709 0.0000000000
22028  8.469  -54.811  36.379 0.0000000000
23845  12.973  -53.869  37.578 0.0000000000
130535  10.735  -54.212  35.827 0.0000000000
22058  8.760  -55.761  34.779 0.0000000000
23037  17.489  -54.857  32.984 0.0000000000
1826  12.594  -84.105  38.769 0.0000000000
4854  6.460  -78.505  20.454 0.0000000000
134277  7.286  -78.087  16.733 0.0000000000
5397  7.481  -77.515  19.160 0.0000000000
5366  8.023  -77.332  20.745 0.0000000000
5352  9.676  -77.085  21.592 0.0000000000
4825  11.878  -77.590  22.420 0.0000000000
4824  13.313  -78.163  22.933 0.0000000000
4810  15.234  -78.041  23.542 0.0000000000
5893  14.710  -76.573  22.551 0.0000000000
5920  16.220  -77.006  21.133 0.0000000000
6436  16.974  -75.773  19.901 0.0000000000
4394  16.399  -79.501  16.912 0.0000000000
5956  16.631  -76.726  17.539 0.0000000000
138439  16.632  -75.456  18.464 0.0000000000
7558  16.192  -73.724  17.772 0.0000000000
17506  2.582  -59.601  29.479 0.0000000000
149477  2.592  -59.498  27.006 0.0000000000
16618  3.808  -61.868  28.672 0.0000000000
144952  5.157  -63.106  28.152 0.0000000000
14951  7.781  -63.718  26.645 0.0000000000
17511  9.274  -61.048  28.759 0.0000000000
14921  9.682  -63.177  28.365 0.0000000000
135428  10.255  -63.886  26.247 0.0000000000
14961  12.592  -63.989  25.751 0.0000000000
126747  14.368  -63.991  25.150 0.0000000000
15798  17.133  -63.108  24.131 0.0000000000
30258  20.587  -46.129  27.432 0.0000000000
33217  22.051  -43.708  27.739 0.0000000000
138914  20.698  -44.173  27.019 0.0000000000
32248  19.408  -45.021  26.991 0.0000000000
134344  18.232  -43.455  26.240 0.0000000000
35292  18.033  -42.048  25.493 0.0000000000
36245  17.516  -40.635  24.954 0.0000000000
37152  19.314  -39.135  24.289 0.0000000000
131081  25.337  -85.879  19.468 0.0000000000
1678  25.953  -84.867  13.254 0.0000000000
2091  25.467  -83.897  11.445 0.0000000000
9941  3.011  -69.857  46.506 0.0000000000
7037  3.219  -74.146  16.100 0.0000000000
6501  4.703  -75.287  14.377 0.0000000000
7076  6.533  -75.311  13.554 0.0000000000
7062  9.679  -75.252  14.538 0.0000000000
7606  9.626  -72.945  13.284 0.0000000000
21309  11.745  -56.406  20.924 0.0000000000
20342  9.864  -57.891  17.554 0.0000000000
17494  0.588  -60.151  30.158 0.0000000000
18349  0.423  -59.340  32.404 0.0000000000
19255  0.889  -58.762  30.172 0.0000000000
18360  2.722  -58.960  31.529 0.0000000000
19253  4.575  -58.577  31.517 0.0000000000
20219  5.519  -57.537  29.118 0.0000000000
22161  2.812  -55.423  28.897 0.0000000000
21219  4.237  -56.333  28.073 0.0000000000
143525  6.009  -57.411  27.598 0.0000000000
20243  6.471  -57.437  24.526 0.0000000000
20283  6.727  -57.266  22.083 0.0000000000
22309  8.155  -55.391  20.968 0.0000000000
26329  8.324  -49.894  28.799 0.0000000000
36195  14.215  -40.824  28.371 0.0000000000
35252  13.637  -41.728  28.821 0.0000000000
32232  12.574  -43.908  28.606 0.0000000000
33220  11.144  -43.811  28.073 0.0000000000
31301  11.607  -45.452  28.087 0.0000000000
29226  10.454  -47.369  27.867 0.0000000000
28177  8.440  -48.909  27.970 0.0000000000
27210  6.268  -49.019  29.031 0.0000000000
27217  5.880  -49.712  27.754 0.0000000000
26355  6.619  -50.865  25.857 0.0000000000
24807  7.204  -52.423  24.785 0.0000000000
24818  7.899  -52.431  22.981 0.0000000000
24058  8.696  -53.720  23.072 0.0000000000
23147  10.179  -54.509  22.897 0.0000000000
129865  10.248  -55.067  21.271 0.0000000000
23121  13.206  -54.663  23.524 0.0000000000
2382  20.060  -83.794  28.156 0.0000000000
1204  18.856  -86.422  27.107 0.0000000000
1948  18.299  -84.819  27.974 0.0000000000
1192  16.484  -86.382  28.516 0.0000000000
905  14.587  -87.310  28.984 0.0000000000
2866  14.564  -82.595  28.897 0.0000000000
134767  13.966  -85.872  28.463 0.0000000000
668  13.473  -88.309  29.002 0.0000000000
457  11.423  -89.172  28.684 0.0000000000
1881  14.321  -85.107  33.755 0.0000000000
1530  12.773  -85.157  31.864 0.0000000000
1917  11.379  -84.339  30.688 0.0000000000
145128  10.595  -87.342  32.545 0.0000000000
1892  10.328  -84.644  32.186 0.0000000000
2348  9.927  -83.483  29.953 0.0000000000
1092  9.351  -86.865  42.466 0.0000000000
579  8.543  -89.953  41.755 0.0000000000
394  7.395  -90.494  39.916 0.0000000000
1410  5.436  -85.522  45.727 0.0000000000
1795  4.451  -83.808  42.133 0.0000000000
1776  6.524  -84.950  43.441 0.0000000000
1088  7.154  -86.663  44.477 0.0000000000
128024  7.283  -87.360  42.988 0.0000000000
823  6.419  -87.877  40.462 0.0000000000
847  6.382  -88.032  38.056 0.0000000000
1135  4.974  -85.509  36.842 0.0000000000
1876  3.853  -83.713  34.965 0.0000000000
12318  2.057  -66.402  45.547 0.0000000000
13095  3.893  -65.358  44.842 0.0000000000
13935  5.250  -64.163  44.267 0.0000000000
13963  4.292  -64.391  42.283 0.0000000000
13113  1.987  -65.308  42.268 0.0000000000
15629  1.430  -61.926  41.635 0.0000000000
125259  1.572  -64.056  41.453 0.0000000000
13132  2.047  -66.001  40.385 0.0000000000
11529  0.846  -67.050  38.208 0.0000000000
21055  5.400  -56.035  38.661 0.0000000000
142057  2.275  -57.006  37.186 0.0000000000
22036  22.758  -55.642  35.337 0.0000000000
22052  23.074  -55.707  34.486 0.0000000000
22073  24.080  -55.532  33.267 0.0000000000
22095  24.591  -55.564  32.625 0.0000000000
25451  22.112  -49.886  34.017 0.0000000000
24695  23.873  -50.786  34.825 0.0000000000
23910  24.581  -52.622  35.301 0.0000000000
135056  25.251  -54.004  32.822 0.0000000000
26267  28.360  -50.663  32.139 0.0000000000
31277  24.780  -44.926  29.899 0.0000000000
32214  26.624  -44.346  32.107 0.0000000000
32216  25.366  -43.696  31.100 0.0000000000
32219  24.796  -44.067  30.364 0.0000000000
34260  24.129  -41.860  31.278 0.0000000000
806  16.165  -87.328  42.382 0.0000000000
391  13.068  -90.745  39.727 0.0000000000
582  14.717  -88.720  40.263 0.0000000000
1130  20.778  -86.859  36.831 0.0000000000
1857  20.322  -84.320  34.932 0.0000000000
1160  18.388  -86.486  32.500 0.0000000000
1879  19.351  -84.837  32.759 0.0000000000
2797  20.651  -82.158  33.304 0.0000000000
3356  21.720  -81.622  31.788 0.0000000000
138525  21.299  -82.361  29.303 0.0000000000
129481  21.537  -84.644  29.391 0.0000000000
1494  26.897  -85.651  33.341 0.0000000000
1156  24.334  -87.183  33.961 0.0000000000
1158  22.596  -86.961  33.533 0.0000000000
1900  22.420  -85.010  31.409 0.0000000000
934  18.003  -88.603  26.634 0.0000000000
466  17.843  -90.382  26.930 0.0000000000
183  17.766  -91.925  26.535 0.0000000000
87  18.248  -91.780  24.487 0.0000000000
202  17.888  -91.443  22.397 0.0000000000
208  18.044  -90.660  21.329 0.0000000000
342  17.343  -90.071  19.993 0.0000000000
737  16.743  -87.984  18.364 0.0000000000
140066  17.566  -87.353  17.208 0.0000000000
1005  19.412  -87.039  15.720 0.0000000000
1013  20.977  -87.638  14.407 0.0000000000
1028  21.915  -87.336  13.099 0.0000000000
1341  22.938  -86.202  11.731 0.0000000000
2097  23.653  -84.596  10.760 0.0000000000
3093  24.462  -82.972  10.530 0.0000000000
3053  15.151  -82.535  13.677 0.0000000000
2549  16.511  -81.964  11.604 0.0000000000
2098  18.182  -83.617  10.584 0.0000000000
3097  20.209  -82.572  10.308 0.0000000000
3087  22.120  -82.598  10.882 0.0000000000
3072  23.766  -82.130  12.363 0.0000000000
3048  23.811  -82.546  14.440 0.0000000000
4791  17.233  -78.178  24.524 0.0000000000
18421  3.129  -59.498  24.964 0.0000000000
18449  3.547  -58.944  23.136 0.0000000000
131326  4.861  -59.389  21.034 0.0000000000
16719  8.382  -61.227  21.410 0.0000000000
16755  6.738  -60.608  19.131 0.0000000000
16773  5.042  -60.420  17.898 0.0000000000
7491  8.933  -73.421  21.332 0.0000000000
9463  11.181  -70.420  20.710 0.0000000000
8081  11.077  -72.524  20.260 0.0000000000
7541  9.839  -74.150  19.008 0.0000000000
125751  8.390  -72.147  16.229 0.0000000000
8139  6.950  -71.499  14.009 0.0000000000
8832  8.926  -71.833  12.710 0.0000000000
18522  10.920  -59.423  17.687 0.0000000000
18494  12.539  -60.026  20.219 0.0000000000
143095  14.405  -59.378  22.819 0.0000000000
19309  16.097  -57.766  23.237 0.0000000000
18429  15.665  -59.208  24.271 0.0000000000
17548  16.930  -60.213  26.233 0.0000000000
149889  18.374  -61.764  25.059 0.0000000000
15803  18.529  -61.977  22.646 0.0000000000
18491  20.329  -59.356  20.892 0.0000000000
130769  18.861  -61.707  21.156 0.0000000000
15018  18.235  -63.655  20.667 0.0000000000
15059  16.415  -63.861  17.262 0.0000000000
126069  13.789  -63.336  16.701 0.0000000000
14235  10.957  -63.707  16.005 0.0000000000
16819  14.635  -61.124  15.198 0.0000000000
15095  12.876  -62.718  14.776 0.0000000000
13432  10.687  -65.174  15.223 0.0000000000
11864  10.700  -67.227  14.031 0.0000000000
135846  11.423  -69.367  13.369 0.0000000000
8830  11.705  -71.695  12.548 0.0000000000
8845  14.018  -72.156  12.111 0.0000000000
8161  15.508  -72.620  10.968 0.0000000000
131868  17.719  -72.679  10.109 0.0000000000
10334  18.643  -70.258  10.394 0.0000000000
8160  18.432  -73.187  10.535 0.0000000000
9600  19.038  -71.760  11.655 0.0000000000
1187  20.494  -86.742  29.425 0.0000000000
1189  20.219  -86.637  28.300 0.0000000000
10682  4.692  -68.419  46.045 0.0000000000
10681  5.743  -68.418  45.365 0.0000000000
10697  6.187  -67.402  44.825 0.0000000000
11456  5.684  -66.656  44.787 0.0000000000
7075  11.294  -73.953  13.606 0.0000000000
6519  12.364  -75.589  14.063 0.0000000000
7082  11.586  -74.634  12.265 0.0000000000
6548  12.033  -75.064  11.942 0.0000000000
7094  11.284  -74.476  11.852 0.0000000000
21334  8.044  -56.422  19.359 0.0000000000
19355  7.847  -58.669  20.253 0.0000000000
20327  8.104  -57.290  18.932 0.0000000000
962  17.830  -87.321  21.982 0.0000000000
1247  18.432  -86.561  22.231 0.0000000000
1261  18.240  -86.376  20.609 0.0000000000
1279  19.120  -86.537  19.906 0.0000000000
1280  17.824  -86.624  19.561 0.0000000000
25488  6.334  -51.419  29.560 0.0000000000
25489  5.605  -51.960  29.913 0.0000000000
140637  5.576  -50.937  29.731 0.0000000000
26304  4.351  -50.695  29.823 0.0000000000
26303  5.136  -50.089  29.446 0.0000000000
36212  16.441  -40.545  26.408 0.0000000000
36202  16.123  -40.896  27.196 0.0000000000
36213  15.687  -40.297  26.775 0.0000000000
37106  10.235  -39.083  26.553 0.0000000000
36218  9.537  -40.457  26.421 0.0000000000
36217  10.595  -40.351  26.534 0.0000000000
2774  15.506  -82.508  35.929 0.0000000000
2789  15.208  -82.523  34.816 0.0000000000
2287  14.851  -82.601  35.636 0.0000000000
151034  7.824  -90.447  37.976 0.0000000000
415  7.781  -89.594  36.037 0.0000000000
408  7.277  -89.466  36.880 0.0000000000
861  6.906  -87.738  35.312 0.0000000000
129179  6.823  -88.481  37.054 0.0000000000
5186  5.886  -77.670  36.903 0.0000000000
4210  6.541  -78.364  36.919 0.0000000000
149949  5.477  -77.412  36.345 0.0000000000
20001  8.172  -56.873  42.926 0.0000000000
20970  7.878  -56.901  43.502 0.0000000000
20987  7.154  -56.825  42.480 0.0000000000
133885  6.007  -56.282  41.235 0.0000000000
20999  6.602  -56.486  41.508 0.0000000000
2260  14.962  -83.376  37.264 0.0000000000
1834  15.316  -84.320  37.316 0.0000000000
2272  15.417  -83.006  36.775 0.0000000000
2773  16.216  -82.562  35.840 0.0000000000
4341  14.103  -79.920  22.138 0.0000000000
3910  13.420  -80.751  21.268 0.0000000000
3909  14.701  -80.499  21.719 0.0000000000
3479  14.935  -81.618  20.520 0.0000000000
3898  15.495  -80.531  21.953 0.0000000000
3459  16.335  -81.086  22.023 0.0000000000
138744  15.949  -80.286  22.533 0.0000000000
17516  0.437  -59.938  28.442 0.0000000000
16636  0.561  -60.587  27.849 0.0000000000
18399  1.000  -59.344  27.750 0.0000000000
14992  16.544  -64.233  22.907 0.0000000000
15006  15.246  -64.543  22.334 0.0000000000
14158  16.510  -65.384  21.906 0.0000000000
13327  16.592  -65.708  20.515 0.0000000000
14157  17.301  -65.074  21.433 0.0000000000
1165  26.284  -86.241  32.003 0.0000000000
1181  26.102  -86.230  31.367 0.0000000000
1177  25.771  -86.607  31.398 0.0000000000
303  20.492  -90.596  26.460 0.0000000000
302  21.199  -90.183  26.744 0.0000000000
308  20.575  -90.544  25.395 0.0000000000
189  20.171  -90.926  23.955 0.0000000000
143919  19.628  -91.163  24.334 0.0000000000
2214  9.820  -83.694  42.345 0.0000000000
1791  9.582  -84.286  41.813 0.0000000000
7293  9.087  -73.407  43.345 0.0000000000
129660  8.709  -75.093  43.259 0.0000000000
6764  8.810  -74.472  42.778 0.0000000000
147615  8.346  -74.710  42.274 0.0000000000
6765  8.140  -74.126  42.268 0.0000000000
6766  7.257  -74.527  42.354 0.0000000000
7297  7.405  -73.418  42.500 0.0000000000
135614  3.713  -68.013  41.136 0.0000000000
9984  3.251  -69.944  41.533 0.0000000000
10718  3.111  -69.121  40.864 0.0000000000
145060  3.233  -68.171  40.747 0.0000000000
22911  13.708  -53.982  40.066 0.0000000000
22910  14.873  -54.112  39.914 0.0000000000
23871  15.965  -53.595  35.116 0.0000000000
22963  14.186  -53.749  35.093 0.0000000000
22984  14.405  -53.989  34.301 0.0000000000
23011  13.149  -54.756  33.768 0.0000000000
23009  14.724  -54.410  33.633 0.0000000000
23008  15.698  -54.271  33.621 0.0000000000
21104  21.490  -55.987  34.380 0.0000000000
142129  20.984  -55.625  34.002 0.0000000000
124893  21.535  -55.725  33.910 0.0000000000
142117  22.019  -55.860  34.382 0.0000000000
4920  4.929  -78.053  15.899 0.0000000000
134102  12.306  -78.991  17.756 0.0000000000
4883  11.468  -78.620  17.624 0.0000000000
5392  12.221  -78.197  19.007 0.0000000000
4866  13.378  -79.358  19.035 0.0000000000
4865  14.459  -79.578  19.318 0.0000000000
4376  14.079  -80.001  18.398 0.0000000000
6516  15.768  -75.979  12.711 0.0000000000
5979  15.540  -76.138  14.053 0.0000000000
6517  15.683  -75.761  13.278 0.0000000000
7072  16.225  -74.622  12.551 0.0000000000
19272  6.430  -58.594  29.211 0.0000000000
125203  7.003  -60.294  30.268 0.0000000000
18379  7.385  -59.856  29.737 0.0000000000
18417  12.607  -59.758  25.271 0.0000000000
17536  12.089  -60.582  26.647 0.0000000000
17552  13.152  -60.007  25.958 0.0000000000
148407  14.027  -60.965  27.016 0.0000000000
17551  14.002  -60.051  25.963 0.0000000000
36209  21.382  -40.697  26.632 0.0000000000
36210  20.895  -40.526  26.089 0.0000000000
35317  20.193  -41.248  25.593 0.0000000000
2939  25.886  -82.211  22.934 0.0000000000
2454  25.216  -82.957  21.900 0.0000000000
993  23.011  -87.646  16.238 0.0000000000
992  23.819  -87.496  16.580 0.0000000000
144442  22.999  -87.539  15.524 0.0000000000
1325  24.217  -86.664  14.671 0.0000000000
1019  22.915  -87.257  14.328 0.0000000000
6996  6.489  -74.328  19.638 0.0000000000
7010  6.095  -74.428  18.630 0.0000000000
7009  7.048  -74.763  18.724 0.0000000000
7023  7.790  -75.301  17.964 0.0000000000
7008  7.863  -74.818  18.874 0.0000000000
23017  1.948  -54.227  33.461 0.0000000000
22992  1.570  -54.813  33.961 0.0000000000
22993  1.068  -54.993  33.802 0.0000000000
22083  1.202  -55.484  33.428 0.0000000000
23042  1.176  -55.026  32.710 0.0000000000
22105  1.430  -55.534  32.192 0.0000000000
149280  1.383  -55.157  31.696 0.0000000000
23996  5.053  -54.148  26.107 0.0000000000
23109  5.190  -54.475  25.939 0.0000000000
131677  5.634  -54.308  25.530 0.0000000000
23125  6.443  -54.257  24.575 0.0000000000
24038  6.624  -53.756  24.822 0.0000000000
37899  11.396  -38.562  28.724 0.0000000000
128984  11.907  -39.371  28.811 0.0000000000
37075  11.046  -39.305  28.764 0.0000000000
32281  7.538  -44.574  25.859 0.0000000000
32268  7.800  -44.745  26.625 0.0000000000
31311  7.518  -46.047  26.303 0.0000000000
30282  7.226  -46.522  25.237 0.0000000000
29247  7.536  -47.204  25.142 0.0000000000
30293  7.413  -46.512  24.957 0.0000000000
26351  11.719  -50.112  25.422 0.0000000000
134280  12.491  -49.939  25.525 0.0000000000
25537  12.198  -51.600  25.533 0.0000000000
3823  18.155  -80.229  29.937 0.0000000000
3403  17.653  -81.522  28.663 0.0000000000
132489  16.828  -80.340  29.583 0.0000000000
2850  11.685  -82.638  28.730 0.0000000000
130290  11.829  -83.102  28.030 0.0000000000
2384  11.197  -83.643  27.803 0.0000000000
1562  10.745  -85.265  27.396 0.0000000000
2385  10.571  -83.564  28.231 0.0000000000
1140  11.669  -87.039  35.301 0.0000000000
867  12.421  -88.118  34.489 0.0000000000
797  7.339  -87.809  45.753 0.0000000000
3709  3.702  -81.295  43.026 0.0000000000
2700  3.120  -82.361  43.291 0.0000000000
3265  2.998  -81.836  42.529 0.0000000000
2263  7.168  -83.266  38.012 0.0000000000
145505  7.244  -83.491  39.901 0.0000000000
128554  6.635  -84.253  38.464 0.0000000000
1463  6.379  -85.115  39.060 0.0000000000
2264  6.411  -83.745  37.651 0.0000000000
2265  5.053  -84.021  37.280 0.0000000000
2275  6.132  -83.301  36.882 0.0000000000
18195  3.123  -58.992  44.872 0.0000000000
18182  3.557  -59.457  45.500 0.0000000000
18184  2.011  -59.781  44.852 0.0000000000
17329  1.787  -60.893  45.028 0.0000000000
17342  1.964  -60.076  44.561 0.0000000000
17350  3.177  -60.784  42.854 0.0000000000
145627  2.131  -59.512  42.935 0.0000000000
16531  1.015  -61.114  37.846 0.0000000000
22042  6.673  -55.792  35.829 0.0000000000
21079  5.636  -56.467  35.948 0.0000000000
25443  23.821  -51.266  35.557 0.0000000000
24690  24.341  -53.089  35.930 0.0000000000
130276  24.853  -49.982  33.760 0.0000000000
27139  24.289  -50.167  33.742 0.0000000000
26260  25.078  -50.663  33.656 0.0000000000
143638  25.682  -51.758  33.253 0.0000000000
25456  26.064  -51.156  33.461 0.0000000000
24700  27.118  -52.685  32.911 0.0000000000
25448  27.170  -51.301  33.282 0.0000000000
29192  28.678  -47.231  31.564 0.0000000000
28149  28.689  -48.341  30.879 0.0000000000
34222  23.325  -41.657  34.530 0.0000000000
147801  23.705  -40.836  34.402 0.0000000000
138765  22.935  -41.102  34.039 0.0000000000
266  15.843  -89.941  35.944 0.0000000000
262  15.336  -90.324  36.694 0.0000000000
265  16.559  -90.105  35.796 0.0000000000
410  17.352  -89.919  36.272 0.0000000000
417  17.222  -89.904  35.150 0.0000000000
135537  17.504  -89.214  34.038 0.0000000000
3361  18.019  -80.244  31.313 0.0000000000
135908  18.832  -81.629  31.097 0.0000000000
3799  18.145  -80.059  30.578 0.0000000000
3372  18.944  -80.796  29.965 0.0000000000
2271  22.570  -83.469  36.460 0.0000000000
2783  22.641  -82.376  34.280 0.0000000000
2784  21.932  -82.183  34.519 0.0000000000
657  15.050  -88.720  29.579 0.0000000000
277  15.125  -89.904  29.433 0.0000000000
278  14.642  -90.393  29.766 0.0000000000
1354  17.546  -86.799  10.397 0.0000000000
1353  18.234  -86.757  10.554 0.0000000000
1702  19.971  -85.448  10.347 0.0000000000
1703  19.004  -85.530  10.318 0.0000000000
140682  7.057  -80.477  21.200 0.0000000000
3041  17.984  -82.939  16.049 0.0000000000
2063  18.176  -84.304  14.499 0.0000000000
2517  18.777  -82.938  14.541 0.0000000000
3051  19.273  -82.469  14.500 0.0000000000
3039  19.040  -82.134  15.319 0.0000000000
3038  20.049  -82.215  15.563 0.0000000000
127995  19.399  -81.843  16.093 0.0000000000
133901  16.990  -74.837  21.855 0.0000000000
6955  17.690  -74.179  23.591 0.0000000000
7479  17.647  -73.666  22.620 0.0000000000
15782  6.785  -62.725  25.313 0.0000000000
15794  6.440  -61.957  24.752 0.0000000000
16675  7.731  -61.656  24.150 0.0000000000
13369  10.022  -64.961  19.222 0.0000000000
150685  9.657  -63.838  19.030 0.0000000000
13370  9.308  -65.181  19.161 0.0000000000
146245  8.306  -65.537  18.397 0.0000000000
12545  8.965  -66.863  19.159 0.0000000000
10949  8.483  -68.234  19.047 0.0000000000
11786  9.675  -67.316  19.470 0.0000000000
11017  11.062  -68.012  15.854 0.0000000000
11006  10.861  -68.826  16.112 0.0000000000
11018  10.028  -68.024  15.579 0.0000000000
11019  9.139  -68.095  15.099 0.0000000000
11841  9.510  -67.230  15.150 0.0000000000
21271  20.160  -56.364  23.402 0.0000000000
20251  20.131  -57.839  23.973 0.0000000000
21286  20.564  -56.578  22.691 0.0000000000
19412  20.345  -58.462  16.259 0.0000000000
18545  19.066  -59.209  16.211 0.0000000000
18533  19.113  -59.858  16.980 0.0000000000
18546  18.262  -59.472  16.306 0.0000000000
17654  16.315  -59.826  16.214 0.0000000000
134267  16.763  -59.432  15.901 0.0000000000
14265  16.489  -64.853  13.885 0.0000000000
12624  15.672  -66.499  13.326 0.0000000000
132587  16.311  -67.391  12.407 0.0000000000
638  22.266  -88.528  32.817 0.0000000000
150173  22.498  -88.877  32.397 0.0000000000
141122  21.521  -88.445  32.402 0.0000000000
655  19.468  -89.429  29.864 0.0000000000
439  19.889  -89.693  30.593 0.0000000000
442  19.723  -90.093  29.982 0.0000000000
286  20.059  -90.755  28.949 0.0000000000
288  19.166  -90.553  28.534 0.0000000000
7265  5.173  -73.048  46.161 0.0000000000
8423  5.626  -71.654  46.622 0.0000000000
9952  7.544  -70.159  45.371 0.0000000000
8451  8.011  -71.021  45.292 0.0000000000
8450  8.752  -71.443  44.376 0.0000000000
9170  8.637  -70.561  44.255 0.0000000000
149925  8.904  -70.588  42.923 0.0000000000
9974  8.528  -69.438  43.272 0.0000000000
11465  7.191  -66.953  43.640 0.0000000000
10705  7.226  -68.193  42.402 0.0000000000
11467  6.970  -67.368  42.718 0.0000000000
11468  5.914  -67.314  42.301 0.0000000000
125806  5.582  -66.600  42.469 0.0000000000
19130  15.798  -58.284  37.803 0.0000000000
129882  15.664  -56.063  37.594 0.0000000000
20068  16.179  -57.778  36.947 0.0000000000
20096  17.344  -57.052  35.676 0.0000000000
21064  16.539  -56.582  36.334 0.0000000000
21090  17.243  -55.729  35.687 0.0000000000
21089  17.838  -56.231  35.090 0.0000000000
22038  17.819  -54.875  35.148 0.0000000000
20075  20.984  -57.647  35.987 0.0000000000
20093  20.549  -57.953  35.221 0.0000000000
20092  21.207  -57.401  35.408 0.0000000000
5996  7.749  -76.632  13.296 0.0000000000
4939  7.957  -77.507  13.567 0.0000000000
143337  8.531  -77.424  13.551 0.0000000000
4936  12.104  -78.581  13.627 0.0000000000
141014  10.933  -78.757  13.813 0.0000000000
4423  11.735  -78.968  13.634 0.0000000000
4407  11.777  -79.521  15.041 0.0000000000
4414  12.384  -79.423  14.407 0.0000000000
4413  13.208  -79.608  14.673 0.0000000000
4421  13.200  -79.229  13.653 0.0000000000
6020  14.017  -76.236  11.656 0.0000000000
4950  14.507  -77.737  12.895 0.0000000000
147642  14.852  -76.412  11.793 0.0000000000
6019  15.502  -76.305  11.902 0.0000000000
6557  14.988  -75.170  11.048 0.0000000000
19302  7.841  -57.963  24.387 0.0000000000
19291  7.819  -57.858  25.267 0.0000000000
19301  8.436  -58.382  24.139 0.0000000000
18477  9.775  -59.513  21.507 0.0000000000
19311  9.238  -59.047  23.141 0.0000000000
18458  10.608  -59.470  22.349 0.0000000000
18448  11.010  -59.355  23.815 0.0000000000
139861  11.582  -59.737  22.076 0.0000000000
34269  23.647  -42.727  29.568 0.0000000000
35249  23.394  -41.238  29.871 0.0000000000
36193  22.720  -40.644  28.771 0.0000000000
37081  22.427  -40.370  28.071 0.0000000000
957  22.826  -88.047  22.362 0.0000000000
1243  23.104  -87.097  22.903 0.0000000000
1236  22.014  -86.032  23.475 0.0000000000
139477  20.511  -84.757  22.448 0.0000000000
1995  20.747  -84.863  23.295 0.0000000000
2000  21.037  -84.398  22.967 0.0000000000
2458  21.854  -83.940  22.799 0.0000000000
2022  21.263  -84.367  22.257 0.0000000000
2033  22.556  -84.601  21.034 0.0000000000
1258  21.205  -85.661  20.723 0.0000000000
970  20.719  -87.333  19.289 0.0000000000
24706  3.458  -52.660  31.963 0.0000000000
23917  2.914  -53.105  32.496 0.0000000000
24707  2.477  -52.693  31.897 0.0000000000
24716  2.233  -52.573  31.266 0.0000000000
25477  2.677  -51.953  30.750 0.0000000000
25513  3.973  -50.887  28.266 0.0000000000
133417  3.001  -52.053  28.467 0.0000000000
24770  4.090  -52.365  27.263 0.0000000000
24776  4.532  -53.047  26.697 0.0000000000
133729  5.066  -52.226  26.940 0.0000000000
34285  17.633  -43.470  27.441 0.0000000000
33219  17.563  -43.221  28.833 0.0000000000
34287  15.787  -42.295  28.773 0.0000000000
34272  16.291  -42.792  29.132 0.0000000000
33207  15.835  -43.164  29.513 0.0000000000
33208  14.903  -42.980  29.341 0.0000000000
150834  7.605  -38.345  28.175 0.0000000000
37093  7.964  -39.466  28.237 0.0000000000
34338  8.563  -42.479  25.487 0.0000000000
34339  8.176  -42.713  25.677 0.0000000000
129572  9.175  -43.807  24.841 0.0000000000
132769  9.925  -44.101  24.843 0.0000000000
3785  16.097  -80.425  33.053 0.0000000000
3792  15.812  -79.774  32.345 0.0000000000
3349  15.499  -80.574  32.929 0.0000000000
2809  14.029  -82.798  32.347 0.0000000000
3351  14.019  -81.713  31.901 0.0000000000
2818  13.372  -82.587  31.605 0.0000000000
2819  12.645  -82.420  30.839 0.0000000000
2323  12.906  -83.263  31.308 0.0000000000
615  10.104  -89.580  36.622 0.0000000000
420  10.608  -90.166  35.204 0.0000000000
421  9.865  -90.277  35.073 0.0000000000
147829  7.622  -89.009  34.566 0.0000000000
628  8.068  -89.019  34.047 0.0000000000
142711  6.669  -86.699  32.535 0.0000000000
1175  6.047  -86.812  32.471 0.0000000000
1176  5.822  -86.584  32.615 0.0000000000
1153  5.373  -85.740  34.166 0.0000000000
1164  5.311  -85.987  33.213 0.0000000000
4184  4.151  -79.819  39.897 0.0000000000
3733  3.620  -80.311  39.820 0.0000000000
4187  4.249  -79.936  39.161 0.0000000000
4208  7.761  -79.318  36.285 0.0000000000
3759  6.774  -80.392  37.874 0.0000000000
3758  7.623  -80.291  36.967 0.0000000000
3315  7.519  -81.566  37.003 0.0000000000
3768  7.663  -80.847  36.354 0.0000000000
3771  7.466  -80.824  35.545 0.0000000000
19041  9.053  -58.364  44.780 0.0000000000
19983  6.619  -57.382  43.344 0.0000000000
19057  6.785  -58.174  44.761 0.0000000000
19069  5.287  -58.371  43.783 0.0000000000
140046  4.205  -58.214  43.813 0.0000000000
19985  4.010  -57.931  42.944 0.0000000000
19986  2.869  -57.957  42.967 0.0000000000
20005  3.408  -57.726  42.186 0.0000000000
21019  3.269  -56.691  40.315 0.0000000000
21020  2.350  -56.938  40.463 0.0000000000
21021  1.657  -56.877  39.947 0.0000000000
20061  0.849  -57.590  38.952 0.0000000000
20060  1.421  -56.857  38.227 0.0000000000
30194  23.643  -47.715  34.232 0.0000000000
29167  23.728  -48.635  33.781 0.0000000000
29166  24.623  -48.356  34.196 0.0000000000
29137  25.091  -47.555  34.405 0.0000000000
30173  25.638  -46.661  34.675 0.0000000000
140087  26.545  -45.877  34.618 0.0000000000
136358  27.554  -46.700  33.783 0.0000000000
30171  27.200  -46.013  34.246 0.0000000000
31219  27.171  -45.207  34.269 0.0000000000
150631  25.893  -44.692  35.028 0.0000000000
131932  24.191  -43.282  35.587 0.0000000000
34208  23.576  -42.615  35.562 0.0000000000
140096  12.642  -87.089  39.102 0.0000000000
836  12.693  -88.060  39.059 0.0000000000
1117  13.017  -87.056  38.696 0.0000000000
1480  16.109  -85.999  36.480 0.0000000000
843  15.195  -87.439  36.962 0.0000000000
1132  15.905  -86.996  36.403 0.0000000000
851  16.210  -87.748  35.656 0.0000000000
148133  16.465  -87.373  35.048 0.0000000000
1139  16.725  -86.597  34.849 0.0000000000
1502  16.965  -85.866  34.575 0.0000000000
141822  16.815  -81.983  34.716 0.0000000000
2786  17.398  -82.575  34.277 0.0000000000
2799  17.081  -81.755  33.979 0.0000000000
3337  17.269  -81.467  32.955 0.0000000000
4345  10.284  -79.278  21.255 0.0000000000
3930  10.198  -79.969  20.728 0.0000000000
134519  10.867  -80.586  20.425 0.0000000000
2981  12.698  -82.254  19.622 0.0000000000
2982  11.882  -82.318  19.317 0.0000000000
2997  12.368  -82.657  18.891 0.0000000000
2481  12.170  -82.867  18.049 0.0000000000
138006  13.097  -83.024  17.744 0.0000000000
150838  13.634  -83.152  17.388 0.0000000000
2479  14.500  -82.995  18.460 0.0000000000
2978  16.504  -83.176  19.898 0.0000000000
2477  16.312  -83.886  18.735 0.0000000000
2470  16.784  -83.930  19.381 0.0000000000
2049  17.431  -84.262  17.933 0.0000000000
2038  17.610  -84.044  18.805 0.0000000000
135403  18.416  -82.921  19.569 0.0000000000
2463  18.068  -83.413  20.200 0.0000000000
3896  17.682  -81.087  23.295 0.0000000000
3456  18.531  -81.668  22.615 0.0000000000
146921  18.611  -80.422  23.947 0.0000000000
3880  19.135  -80.486  23.632 0.0000000000
141765  19.003  -79.889  24.268 0.0000000000
16677  1.166  -60.894  24.792 0.0000000000
15789  11.909  -62.817  24.168 0.0000000000
15800  10.799  -61.858  23.346 0.0000000000
14986  12.521  -62.688  23.323 0.0000000000
14177  13.939  -64.304  20.163 0.0000000000
15009  13.084  -62.835  21.055 0.0000000000
14178  13.269  -63.919  19.645 0.0000000000
14193  11.934  -64.804  18.960 0.0000000000
14192  12.869  -64.781  19.147 0.0000000000
12541  13.073  -66.783  19.495 0.0000000000
13349  13.412  -65.748  19.311 0.0000000000
129430  15.659  -66.711  17.905 0.0000000000
12558  15.055  -67.245  18.223 0.0000000000
12572  15.156  -67.109  17.263 0.0000000000
129866  13.539  -67.375  16.476 0.0000000000
12586  14.795  -66.603  16.712 0.0000000000
3342  25.249  -81.759  32.398 0.0000000000
150232  24.817  -82.244  31.442 0.0000000000
2332  25.277  -83.693  31.068 0.0000000000
1537  25.547  -86.093  29.574 0.0000000000
139749  25.055  -85.075  29.305 0.0000000000
1538  24.977  -85.842  28.760 0.0000000000
1541  24.209  -85.599  27.914 0.0000000000
137285  24.470  -87.403  28.164 0.0000000000
653  23.144  -89.042  29.856 0.0000000000
148178  23.593  -88.632  30.132 0.0000000000
143303  23.348  -88.931  29.100 0.0000000000
147771  22.508  -89.569  25.720 0.0000000000
470  23.450  -89.062  26.880 0.0000000000
475  23.458  -89.029  25.775 0.0000000000
685  23.614  -88.698  26.214 0.0000000000
485  23.438  -89.023  23.987 0.0000000000
490  23.785  -88.649  23.263 0.0000000000
491  23.080  -89.236  23.182 0.0000000000
332  20.294  -89.791  22.253 0.0000000000
502  20.855  -89.451  22.245 0.0000000000
503  19.987  -89.628  22.197 0.0000000000
716  19.603  -89.340  22.143 0.0000000000
146023  18.921  -89.946  21.723 0.0000000000
38755  15.340  -37.628  24.351 0.0000000000
37939  14.788  -38.385  25.610 0.0000000000
38731  14.353  -37.586  25.356 0.0000000000
40467  12.895  -36.005  25.971 0.0000000000
39559  13.153  -36.762  26.254 0.0000000000
39560  12.561  -36.344  26.687 0.0000000000
40459  11.942  -35.930  27.066 0.0000000000
41455  8.860  -33.988  27.630 0.0000000000
41454  9.741  -34.270  27.599 0.0000000000
40450  9.779  -35.656  28.137 0.0000000000
40451  8.995  -35.559  28.367 0.0000000000
40441  8.660  -36.154  28.330 0.0000000000
40452  8.307  -35.327  28.224 0.0000000000
40470  9.099  -35.720  26.670 0.0000000000
39563  8.629  -36.257  27.425 0.0000000000
39562  9.773  -36.817  26.395 0.0000000000
38719  10.163  -37.674  26.388 0.0000000000
2262  12.416  -82.950  38.270 0.0000000000
133061  13.006  -82.632  36.319 0.0000000000
2750  11.877  -82.318  37.508 0.0000000000
2762  10.642  -82.492  36.476 0.0000000000
2274  10.261  -83.146  36.014 0.0000000000
140377  10.476  -84.859  35.735 0.0000000000
1850  9.704  -83.717  36.441 0.0000000000
1813  9.196  -83.938  38.930 0.0000000000
132480  9.366  -83.125  38.715 0.0000000000
1461  9.118  -84.524  38.244 0.0000000000
1471  9.183  -85.135  37.562 0.0000000000
1472  9.139  -86.074  37.779 0.0000000000
1126  9.357  -86.626  37.422 0.0000000000
1119  8.913  -86.593  38.555 0.0000000000
1110  8.845  -87.499  39.419 0.0000000000
144992  8.934  -87.849  40.273 0.0000000000
599  8.726  -90.143  38.765 0.0000000000
828  8.796  -88.969  40.077 0.0000000000
4598  4.007  -78.401  45.301 0.0000000000
4599  3.377  -78.820  45.478 0.0000000000
4132  3.868  -79.366  45.303 0.0000000000
4147  4.423  -79.985  44.903 0.0000000000
4610  4.745  -79.120  45.122 0.0000000000
7279  6.210  -73.902  45.773 0.0000000000
6212  5.755  -75.327  45.370 0.0000000000
6749  6.377  -74.606  45.403 0.0000000000
5135  7.399  -76.896  44.000 0.0000000000
5143  7.111  -77.805  44.005 0.0000000000
4161  6.649  -79.310  43.320 0.0000000000
4171  7.099  -79.136  42.452 0.0000000000
4178  5.787  -79.753  41.279 0.0000000000
4170  7.439  -78.807  41.774 0.0000000000
5159  7.883  -76.839  40.866 0.0000000000
5165  7.518  -77.239  40.180 0.0000000000
5721  7.309  -76.851  40.120 0.0000000000
4656  6.389  -77.130  38.937 0.0000000000
5731  5.857  -76.583  39.747 0.0000000000
148988  5.075  -76.649  39.355 0.0000000000
5722  5.533  -76.501  40.772 0.0000000000
6767  4.913  -74.897  43.065 0.0000000000
6239  4.726  -76.230  42.146 0.0000000000
8468  6.686  -71.275  42.327 0.0000000000
133296  5.982  -72.074  42.783 0.0000000000
8469  5.412  -71.479  42.728 0.0000000000
21967  13.173  -55.221  42.131 0.0000000000
21011  12.389  -55.451  41.689 0.0000000000
20997  11.182  -56.375  42.171 0.0000000000
21013  11.058  -56.672  40.678 0.0000000000
20048  10.328  -57.126  40.390 0.0000000000
21030  10.796  -56.407  39.670 0.0000000000
128381  10.972  -55.009  38.506 0.0000000000
22001  10.364  -55.231  38.448 0.0000000000
22014  9.865  -54.894  37.584 0.0000000000
22027  9.098  -54.757  36.959 0.0000000000
22937  9.702  -54.524  36.718 0.0000000000
23826  15.180  -53.715  38.099 0.0000000000
139568  14.354  -53.576  38.237 0.0000000000
23843  14.782  -53.428  37.685 0.0000000000
22965  11.925  -54.267  34.912 0.0000000000
22949  11.535  -53.991  35.940 0.0000000000
22966  11.076  -54.480  35.125 0.0000000000
22968  9.421  -54.761  35.327 0.0000000000
146496  9.879  -54.864  34.715 0.0000000000
22980  18.344  -54.542  33.945 0.0000000000
23006  17.812  -54.477  33.679 0.0000000000
22117  19.506  -55.475  32.012 0.0000000000
124757  21.870  -56.498  31.764 0.0000000000
21121  23.396  -56.295  32.262 0.0000000000
1837  12.858  -83.584  38.186 0.0000000000
4871  5.333  -79.481  17.427 0.0000000000
130318  8.081  -78.547  15.207 0.0000000000
4904  7.101  -78.256  15.666 0.0000000000
4903  8.669  -78.380  16.041 0.0000000000
5395  9.419  -77.271  18.710 0.0000000000
5405  8.722  -77.634  17.901 0.0000000000
5380  8.949  -76.919  19.679 0.0000000000
5381  8.095  -77.152  19.915 0.0000000000
5937  8.686  -76.993  20.593 0.0000000000
131916  8.978  -77.408  21.402 0.0000000000
5923  9.953  -76.539  20.860 0.0000000000
5365  12.507  -76.371  20.794 0.0000000000
5907  11.673  -76.474  21.615 0.0000000000
5896  12.221  -76.618  21.924 0.0000000000
131137  12.572  -77.810  22.664 0.0000000000
5344  13.289  -77.093  22.797 0.0000000000
5343  14.150  -76.891  23.036 0.0000000000
5904  14.113  -76.668  21.847 0.0000000000
4850  15.942  -78.901  19.831 0.0000000000
5362  16.038  -77.670  20.777 0.0000000000
5361  16.801  -77.454  20.387 0.0000000000
5919  16.866  -76.672  20.653 0.0000000000
5374  17.128  -77.755  19.609 0.0000000000
4403  15.404  -79.719  15.764 0.0000000000
151020  15.877  -79.840  16.577 0.0000000000
4402  16.061  -79.322  16.011 0.0000000000
5965  15.703  -76.524  15.811 0.0000000000
5415  16.702  -77.571  16.966 0.0000000000
6467  16.249  -75.959  17.016 0.0000000000
6455  16.422  -75.758  17.710 0.0000000000
6456  16.167  -75.197  17.022 0.0000000000
128939  16.520  -74.449  18.537 0.0000000000
7021  16.027  -74.360  17.015 0.0000000000
130930  15.342  -73.184  14.239 0.0000000000
17493  2.773  -60.023  30.562 0.0000000000
17514  2.977  -60.417  28.983 0.0000000000
16598  3.714  -61.724  30.391 0.0000000000
15732  6.413  -62.202  29.660 0.0000000000
15751  5.734  -62.763  28.883 0.0000000000
15765  6.015  -63.172  28.132 0.0000000000
14939  6.338  -63.526  27.360 0.0000000000
14924  6.940  -63.274  28.207 0.0000000000
18404  8.948  -59.131  26.679 0.0000000000
17522  8.993  -60.095  28.286 0.0000000000
17521  9.544  -60.387  27.939 0.0000000000
128794  11.381  -61.799  28.177 0.0000000000
15746  10.008  -62.381  28.588 0.0000000000
14935  10.235  -63.673  27.773 0.0000000000
14936  9.280  -63.756  27.692 0.0000000000
14948  10.655  -64.238  27.035 0.0000000000
137768  10.998  -64.063  26.374 0.0000000000
14947  11.510  -64.121  26.848 0.0000000000
15772  15.445  -62.782  26.888 0.0000000000
14959  14.781  -63.743  26.078 0.0000000000
14958  15.682  -63.373  26.196 0.0000000000
14972  15.744  -63.644  24.467 0.0000000000
15778  16.548  -63.086  25.934 0.0000000000
30252  21.416  -46.255  27.514 0.0000000000
33216  22.687  -43.706  28.366 0.0000000000
139130  22.505  -43.054  28.116 0.0000000000
34296  20.774  -42.806  26.617 0.0000000000
33231  21.337  -43.622  27.274 0.0000000000
33232  20.650  -43.556  26.782 0.0000000000
32247  20.327  -44.888  27.037 0.0000000000
33233  19.802  -44.230  26.686 0.0000000000
32264  18.833  -44.508  26.778 0.0000000000
33253  19.017  -43.792  26.358 0.0000000000
36243  19.397  -40.851  24.923 0.0000000000
34336  18.821  -42.233  25.443 0.0000000000
35319  18.623  -41.539  25.085 0.0000000000
35320  17.808  -41.305  25.268 0.0000000000
36244  18.370  -40.852  24.691 0.0000000000
37151  20.280  -38.983  24.798 0.0000000000
37960  17.329  -38.831  23.875 0.0000000000
147046  25.355  -86.208  23.512 0.0000000000
1637  23.339  -85.889  19.563 0.0000000000
1623  24.749  -85.109  19.928 0.0000000000
134824  24.439  -86.032  19.273 0.0000000000
982  25.411  -87.257  17.421 0.0000000000
141559  25.984  -87.095  18.318 0.0000000000
973  26.066  -87.167  18.054 0.0000000000
1673  24.676  -85.825  13.282 0.0000000000
130514  26.087  -85.250  14.121 0.0000000000
1679  25.223  -85.180  12.795 0.0000000000
2086  25.771  -84.403  12.332 0.0000000000
1685  24.955  -84.734  11.838 0.0000000000
7562  4.662  -73.504  16.201 0.0000000000
7563  3.827  -73.260  16.727 0.0000000000
7578  4.094  -73.380  15.703 0.0000000000
126385  3.679  -74.317  15.192 0.0000000000
7590  4.628  -73.860  14.635 0.0000000000
6500  5.462  -74.876  13.932 0.0000000000
7063  5.978  -74.771  13.973 0.0000000000
133584  8.868  -75.173  15.813 0.0000000000
6479  8.527  -75.422  14.819 0.0000000000
7049  9.475  -74.921  15.160 0.0000000000
7048  10.258  -74.210  14.975 0.0000000000
7598  8.970  -72.958  14.908 0.0000000000
130926  0.590  -57.626  32.873 0.0000000000
19198  0.575  -58.197  33.457 0.0000000000
133840  0.543  -58.320  32.377 0.0000000000
128220  0.443  -58.859  31.572 0.0000000000
130353  0.700  -58.373  31.555 0.0000000000
140758  1.841  -58.410  31.029 0.0000000000
19237  2.139  -58.217  31.949 0.0000000000
21161  4.147  -56.702  31.550 0.0000000000
20176  4.260  -57.737  31.825 0.0000000000
20195  4.868  -57.252  30.958 0.0000000000
20207  5.525  -57.875  30.258 0.0000000000
20208  4.999  -57.064  29.735 0.0000000000
23087  2.174  -54.679  28.909 0.0000000000
22162  2.269  -54.943  29.408 0.0000000000
22183  2.565  -55.182  28.311 0.0000000000
128833  4.460  -55.821  26.514 0.0000000000
149476  3.833  -55.898  27.469 0.0000000000
20226  4.911  -56.704  26.514 0.0000000000
141232  4.960  -57.024  27.492 0.0000000000
20225  5.669  -57.232  26.676 0.0000000000
129674  6.273  -57.393  26.011 0.0000000000
150609  6.017  -56.985  24.709 0.0000000000
22259  7.166  -55.203  22.999 0.0000000000
21288  6.790  -56.258  22.673 0.0000000000
22286  7.465  -55.584  22.287 0.0000000000
21311  7.535  -55.853  21.486 0.0000000000
22285  8.116  -55.392  21.986 0.0000000000
27207  9.827  -49.353  28.423 0.0000000000
37913  13.911  -39.026  27.167 0.0000000000
37090  14.924  -40.056  27.121 0.0000000000
37083  13.818  -40.116  28.125 0.0000000000
36185  12.571  -40.609  28.719 0.0000000000
36184  13.180  -40.970  28.683 0.0000000000
137627  13.189  -42.726  28.933 0.0000000000
149003  12.484  -42.683  28.713 0.0000000000
33221  10.177  -43.540  27.927 0.0000000000
32239  10.418  -44.325  27.741 0.0000000000
132571  11.379  -44.609  28.013 0.0000000000
31302  10.746  -45.170  27.710 0.0000000000
135962  11.030  -46.084  27.819 0.0000000000
30260  10.153  -46.474  27.586 0.0000000000
29230  8.259  -47.515  26.789 0.0000000000
29229  9.081  -47.298  27.281 0.0000000000
28184  8.126  -48.442  27.323 0.0000000000
28178  7.663  -48.977  28.078 0.0000000000
28179  7.130  -49.065  27.897 0.0000000000
27216  6.461  -49.197  28.096 0.0000000000
28186  7.043  -49.088  27.084 0.0000000000
27233  7.411  -49.567  25.032 0.0000000000
26339  6.589  -50.308  26.229 0.0000000000
25539  6.839  -51.058  25.249 0.0000000000
25554  6.875  -51.888  25.375 0.0000000000
25553  7.253  -51.324  24.614 0.0000000000
134085  9.436  -48.019  24.370 0.0000000000
25549  10.419  -51.240  25.095 0.0000000000
26359  9.888  -50.335  24.634 0.0000000000
25559  9.039  -51.653  23.742 0.0000000000
25561  8.018  -51.970  23.294 0.0000000000
131802  8.826  -52.147  23.221 0.0000000000
24035  8.086  -52.867  22.911 0.0000000000
126210  9.557  -52.818  23.507 0.0000000000
24032  11.232  -54.034  23.865 0.0000000000
23123  10.531  -54.059  23.407 0.0000000000
23173  9.874  -54.893  22.161 0.0000000000
23122  11.281  -54.735  23.148 0.0000000000
22257  11.797  -55.589  22.487 0.0000000000
24031  12.125  -54.576  23.857 0.0000000000
2360  19.717  -82.807  28.296 0.0000000000
1947  19.104  -84.574  27.824 0.0000000000
1928  18.512  -83.893  28.051 0.0000000000
1930  16.283  -84.153  28.619 0.0000000000
138130  16.602  -84.928  28.517 0.0000000000
1545  16.064  -85.636  28.628 0.0000000000
129937  15.696  -86.408  28.757 0.0000000000
1546  15.220  -85.589  28.712 0.0000000000
3388  14.341  -80.996  29.687 0.0000000000
2846  14.952  -81.823  29.301 0.0000000000
1549  12.694  -85.244  27.690 0.0000000000
1548  13.564  -85.046  28.171 0.0000000000
141184  13.294  -85.960  28.003 0.0000000000
1193  13.866  -86.617  28.545 0.0000000000
915  12.766  -87.631  28.333 0.0000000000
669  12.448  -88.520  28.604 0.0000000000
916  11.897  -87.799  27.916 0.0000000000
1209  9.764  -87.003  27.945 0.0000000000
682  10.051  -87.979  28.041 0.0000000000
148435  13.606  -84.213  35.077 0.0000000000
1871  14.374  -84.304  34.314 0.0000000000
148814  13.774  -85.392  34.574 0.0000000000
1170  12.778  -86.864  32.446 0.0000000000
1169  13.490  -86.387  32.648 0.0000000000
1180  12.216  -86.249  32.177 0.0000000000
128792  12.131  -84.859  31.290 0.0000000000
1905  11.590  -85.134  31.532 0.0000000000
642  10.340  -88.890  33.083 0.0000000000
641  11.216  -88.296  32.689 0.0000000000
891  9.989  -87.891  32.828 0.0000000000
1907  10.038  -83.733  32.057 0.0000000000
2325  10.303  -83.745  30.942 0.0000000000
2338  9.544  -82.790  31.015 0.0000000000
2370  9.033  -83.702  29.224 0.0000000000
374  8.167  -89.953  43.345 0.0000000000
803  8.760  -89.428  43.321 0.0000000000
575  8.295  -90.050  42.651 0.0000000000
128898  8.072  -90.479  41.408 0.0000000000
137354  7.240  -89.970  41.436 0.0000000000
2682  3.272  -82.408  46.418 0.0000000000
1771  4.224  -83.859  44.479 0.0000000000
140295  4.388  -84.131  46.086 0.0000000000
1417  5.077  -84.870  45.306 0.0000000000
2721  3.484  -81.977  40.180 0.0000000000
2225  3.858  -83.265  41.460 0.0000000000
2235  4.630  -82.693  40.658 0.0000000000
1792  7.268  -84.748  41.928 0.0000000000
1784  6.204  -84.382  42.869 0.0000000000
1783  7.075  -84.759  42.687 0.0000000000
1426  6.901  -85.662  43.948 0.0000000000
1433  7.209  -85.491  43.106 0.0000000000
1098  7.157  -86.734  41.924 0.0000000000
1112  5.806  -86.238  39.102 0.0000000000
1104  6.450  -86.898  40.367 0.0000000000
1120  5.859  -87.059  39.046 0.0000000000
838  6.165  -88.086  39.003 0.0000000000
839  5.921  -87.124  38.535 0.0000000000
848  5.842  -86.707  37.819 0.0000000000
148157  5.263  -85.912  37.782 0.0000000000
2291  3.471  -83.024  35.858 0.0000000000
1852  3.784  -84.089  36.412 0.0000000000
17296  4.061  -60.931  47.222 0.0000000000
15598  2.038  -62.375  44.079 0.0000000000
15599  1.508  -62.882  44.985 0.0000000000
147703  1.947  -63.962  44.652 0.0000000000
13937  2.196  -64.720  44.787 0.0000000000
129208  3.073  -64.061  44.599 0.0000000000
13094  5.089  -64.941  44.695 0.0000000000
14757  4.767  -63.522  44.176 0.0000000000
15626  3.923  -62.288  41.789 0.0000000000
14783  4.764  -63.402  42.334 0.0000000000
14784  3.708  -63.646  41.991 0.0000000000
138309  3.685  -65.312  42.339 0.0000000000
13965  2.013  -64.503  42.332 0.0000000000
18222  0.483  -59.475  41.963 0.0000000000
17367  0.968  -60.450  42.234 0.0000000000
127240  1.201  -60.562  41.487 0.0000000000
14798  1.126  -63.378  39.737 0.0000000000
149807  1.295  -63.178  40.537 0.0000000000
13981  1.583  -64.470  40.351 0.0000000000
137359  1.948  -64.897  41.238 0.0000000000
13141  1.601  -65.809  39.494 0.0000000000
12348  1.732  -66.631  39.807 0.0000000000
12354  1.346  -66.413  38.807 0.0000000000
136313  7.521  -56.153  39.054 0.0000000000
21034  6.239  -56.007  39.251 0.0000000000
21054  6.091  -56.002  38.183 0.0000000000
124856  3.651  -57.101  36.457 0.0000000000
21069  3.551  -56.789  36.885 0.0000000000
124842  2.930  -57.294  36.864 0.0000000000
142053  2.189  -57.544  37.203 0.0000000000
142138  3.396  -59.265  37.902 0.0000000000
22960  23.072  -55.070  36.019 0.0000000000
22035  23.513  -55.054  35.210 0.0000000000
22051  23.809  -55.440  34.241 0.0000000000
22050  24.305  -55.127  34.028 0.0000000000
22072  24.601  -54.957  33.322 0.0000000000
25459  24.374  -51.214  35.120 0.0000000000
26272  22.501  -50.013  33.887 0.0000000000
25460  24.206  -50.627  34.834 0.0000000000
25461  23.104  -50.245  34.029 0.0000000000
24712  24.742  -52.075  35.035 0.0000000000
23911  24.407  -52.121  35.753 0.0000000000
24703  24.750  -52.216  34.794 0.0000000000
23907  26.017  -53.980  32.474 0.0000000000
23035  25.776  -54.800  32.483 0.0000000000
22094  25.319  -55.582  32.434 0.0000000000
22093  26.533  -55.730  32.355 0.0000000000
23925  27.612  -53.921  31.682 0.0000000000
23052  27.365  -54.632  31.858 0.0000000000
27151  27.699  -49.642  33.266 0.0000000000
26258  27.702  -50.575  33.130 0.0000000000
134203  28.219  -49.998  32.596 0.0000000000
26287  28.308  -50.834  30.199 0.0000000000
30232  26.056  -45.980  29.723 0.0000000000
31276  25.735  -45.234  30.131 0.0000000000
32186  26.795  -44.157  33.547 0.0000000000
31253  27.317  -44.841  32.306 0.0000000000
33159  26.110  -43.612  33.111 0.0000000000
33175  25.330  -42.803  32.838 0.0000000000
33190  25.655  -43.411  32.128 0.0000000000
33191  25.226  -43.070  31.628 0.0000000000
33194  24.827  -43.066  30.738 0.0000000000
34263  24.437  -42.420  30.800 0.0000000000
150485  15.048  -88.673  42.264 0.0000000000
399  12.733  -90.461  38.897 0.0000000000
385  12.405  -90.413  40.034 0.0000000000
252  12.955  -90.908  38.923 0.0000000000
396  14.982  -90.600  38.101 0.0000000000
389  14.532  -90.397  38.704 0.0000000000
587  14.705  -89.307  39.395 0.0000000000
820  15.403  -87.710  40.434 0.0000000000
145989  15.135  -88.182  39.655 0.0000000000
1108  15.667  -87.332  39.424 0.0000000000
1138  19.454  -87.670  35.382 0.0000000000
1137  20.044  -87.193  36.197 0.0000000000
1486  20.299  -86.130  35.957 0.0000000000
1499  19.927  -85.490  35.050 0.0000000000
1161  17.080  -86.915  32.453 0.0000000000
141449  17.826  -87.062  32.349 0.0000000000
1168  17.643  -86.454  32.302 0.0000000000
2312  19.299  -83.332  31.516 0.0000000000
1887  19.052  -84.705  31.848 0.0000000000
2304  19.475  -83.917  32.355 0.0000000000
1868  19.851  -84.031  33.778 0.0000000000
2311  19.903  -82.745  32.476 0.0000000000
3336  21.236  -81.608  32.934 0.0000000000
2814  20.404  -81.778  31.465 0.0000000000
3400  20.113  -81.641  28.986 0.0000000000
2844  20.763  -81.928  29.146 0.0000000000
2860  20.336  -82.256  28.682 0.0000000000
2359  20.545  -83.069  28.484 0.0000000000
1147  24.087  -86.657  34.408 0.0000000000
1157  23.340  -87.072  34.007 0.0000000000
1508  23.351  -85.382  33.715 0.0000000000
135127  22.754  -83.547  32.153 0.0000000000
1886  22.709  -84.480  31.953 0.0000000000
133925  22.526  -83.889  31.327 0.0000000000
1535  22.051  -85.145  30.721 0.0000000000
2334  22.234  -83.141  30.480 0.0000000000
149382  18.160  -86.544  27.233 0.0000000000
924  19.194  -87.155  26.957 0.0000000000
926  17.885  -87.882  26.654 0.0000000000
468  15.640  -90.063  26.958 0.0000000000
472  17.292  -89.304  26.623 0.0000000000
297  16.245  -90.786  26.669 0.0000000000
296  17.575  -91.260  26.789 0.0000000000
178  16.747  -91.811  26.557 0.0000000000
30  15.411  -92.511  25.358 0.0000000000
22  15.772  -92.568  25.922 0.0000000000
90  16.167  -92.530  25.305 0.0000000000
84  17.182  -92.461  25.762 0.0000000000
89  17.151  -92.236  24.471 0.0000000000
96  18.026  -91.702  23.746 0.0000000000
106  17.471  -91.641  23.047 0.0000000000
113  17.464  -91.263  21.580 0.0000000000
338  17.777  -90.354  20.880 0.0000000000
989  17.140  -87.587  17.777 0.0000000000
126132  16.829  -88.712  16.666 0.0000000000
1016  17.511  -87.848  14.521 0.0000000000
1007  17.652  -87.588  15.316 0.0000000000
1006  18.394  -87.147  15.515 0.0000000000
136224  20.335  -87.323  15.187 0.0000000000
144672  19.116  -86.942  14.868 0.0000000000
1035  19.382  -86.766  11.398 0.0000000000
135050  19.971  -86.703  12.064 0.0000000000
1022  20.484  -87.160  13.394 0.0000000000
1029  21.214  -87.404  12.736 0.0000000000
1338  22.460  -86.784  12.398 0.0000000000
1343  21.479  -86.653  11.298 0.0000000000
2103  21.751  -84.503  10.050 0.0000000000
1693  22.468  -85.522  10.680 0.0000000000
2101  23.277  -84.366  10.512 0.0000000000
2100  23.859  -84.040  10.529 0.0000000000
3100  22.906  -83.296  10.265 0.0000000000
3501  9.373  -80.951  18.779 0.0000000000
2519  15.371  -83.500  15.672 0.0000000000
2531  14.871  -82.839  14.648 0.0000000000
2530  15.821  -83.312  14.184 0.0000000000
2079  18.268  -83.555  12.567 0.0000000000
2541  16.511  -82.884  12.597 0.0000000000
2548  17.595  -82.238  11.290 0.0000000000
2567  17.548  -82.327  10.880 0.0000000000
2556  17.813  -82.095  11.058 0.0000000000
2565  19.091  -82.624  10.625 0.0000000000
144870  19.355  -82.072  10.995 0.0000000000
3061  21.524  -82.331  13.063 0.0000000000
3074  21.604  -82.426  11.970 0.0000000000
142804  22.295  -82.436  12.784 0.0000000000
133045  23.401  -82.260  11.605 0.0000000000
3073  23.056  -82.424  12.585 0.0000000000
136057  24.206  -82.119  12.911 0.0000000000
3049  22.810  -82.506  14.269 0.0000000000
3525  18.790  -80.963  17.928 0.0000000000
142191  16.181  -77.129  23.752 0.0000000000
4809  16.251  -77.958  23.849 0.0000000000
5321  16.812  -77.284  24.277 0.0000000000
17542  3.237  -60.017  26.682 0.0000000000
17540  4.064  -60.590  26.116 0.0000000000
17569  5.723  -60.500  23.383 0.0000000000
18435  4.232  -59.840  23.998 0.0000000000
17576  5.561  -60.167  22.382 0.0000000000
18478  4.209  -59.322  21.777 0.0000000000
17591  5.481  -59.632  21.210 0.0000000000
16700  9.624  -61.510  22.326 0.0000000000
16701  8.780  -61.300  22.275 0.0000000000
16718  9.246  -61.470  21.396 0.0000000000
132028  8.585  -61.441  17.720 0.0000000000
16754  7.889  -60.796  19.057 0.0000000000
141342  7.411  -60.694  18.310 0.0000000000
133583  5.464  -60.338  18.550 0.0000000000
15865  6.056  -61.228  17.794 0.0000000000
15886  5.638  -62.189  17.409 0.0000000000
15885  6.895  -62.024  17.385 0.0000000000
12574  7.212  -66.690  16.592 0.0000000000
10194  8.700  -69.924  20.079 0.0000000000
9479  7.410  -70.788  18.936 0.0000000000
9467  8.101  -70.825  19.905 0.0000000000
140979  8.463  -72.089  21.067 0.0000000000
8718  9.276  -71.997  21.246 0.0000000000
10181  12.481  -69.133  20.456 0.0000000000
10928  11.618  -68.872  20.619 0.0000000000
10192  12.136  -70.177  19.913 0.0000000000
8763  10.896  -71.622  17.886 0.0000000000
8744  11.260  -71.980  19.185 0.0000000000
8745  10.765  -72.467  18.217 0.0000000000
7540  10.388  -73.684  19.175 0.0000000000
130329  10.197  -72.730  17.662 0.0000000000
8112  9.984  -73.366  17.574 0.0000000000
8765  9.363  -72.526  17.105 0.0000000000
10289  8.036  -69.641  13.873 0.0000000000
8780  6.822  -71.136  14.323 0.0000000000
9589  7.657  -70.483  13.695 0.0000000000
8152  8.346  -71.914  13.066 0.0000000000
9588  8.627  -70.106  13.329 0.0000000000
20341  10.645  -58.071  17.205 0.0000000000
19401  9.943  -58.443  17.447 0.0000000000
19383  11.541  -59.039  17.315 0.0000000000
19337  14.048  -59.291  20.849 0.0000000000
18474  13.766  -59.741  21.539 0.0000000000
18473  14.388  -59.221  21.839 0.0000000000
20252  17.384  -57.052  24.323 0.0000000000
21274  16.413  -56.845  23.169 0.0000000000
127709  16.528  -58.138  24.138 0.0000000000
19310  15.970  -58.652  23.622 0.0000000000
19299  16.276  -58.762  24.413 0.0000000000
18414  16.270  -59.723  25.682 0.0000000000
19288  17.566  -58.793  25.481 0.0000000000
17567  19.592  -60.063  24.496 0.0000000000
17560  19.215  -60.579  25.019 0.0000000000
17568  19.208  -60.771  23.868 0.0000000000
15786  18.226  -61.974  24.286 0.0000000000
16699  19.085  -61.217  22.850 0.0000000000
20279  20.522  -58.070  21.494 0.0000000000
19366  20.740  -58.527  20.016 0.0000000000
142862  18.619  -60.829  19.355 0.0000000000
17620  19.286  -60.528  19.833 0.0000000000
16750  18.465  -61.393  19.803 0.0000000000
15835  18.531  -62.280  20.894 0.0000000000
15848  18.148  -62.883  19.775 0.0000000000
15043  17.627  -64.036  19.010 0.0000000000
138702  17.278  -63.004  18.522 0.0000000000
15898  13.594  -61.225  16.586 0.0000000000
15061  14.230  -62.508  16.857 0.0000000000
15076  12.850  -61.991  16.487 0.0000000000
14234  11.878  -63.607  16.352 0.0000000000
15077  11.809  -62.409  16.148 0.0000000000
139801  16.841  -60.623  15.306 0.0000000000
147539  16.209  -61.823  14.908 0.0000000000
14268  13.472  -64.708  14.262 0.0000000000
15094  14.231  -62.738  14.661 0.0000000000
14251  12.493  -63.725  14.534 0.0000000000
14252  11.337  -63.783  14.871 0.0000000000
12611  12.079  -65.546  14.303 0.0000000000
12628  10.352  -66.400  14.627 0.0000000000
12627  11.998  -66.397  14.141 0.0000000000
10298  13.048  -68.936  13.439 0.0000000000
127175  12.007  -68.661  13.462 0.0000000000
10313  12.484  -69.585  13.367 0.0000000000
9605  11.411  -70.967  13.046 0.0000000000
9604  12.346  -70.966  12.910 0.0000000000
8829  12.685  -71.653  12.495 0.0000000000
9603  13.372  -70.871  12.695 0.0000000000
141391  15.860  -70.165  11.644 0.0000000000
9619  15.228  -70.904  11.807 0.0000000000
9618  16.314  -71.038  11.154 0.0000000000
8860  16.607  -72.642  10.439 0.0000000000
9617  17.517  -71.421  10.424 0.0000000000
10332  20.305  -70.373  10.268 0.0000000000
8857  19.083  -71.911  10.259 0.0000000000
8843  19.552  -71.494  10.476 0.0000000000
8824  18.967  -72.484  10.869 0.0000000000
9599  19.688  -71.235  11.492 0.0000000000
896  21.100  -87.586  31.802 0.0000000000
899  20.539  -88.100  31.274 0.0000000000
903  19.669  -88.352  29.416 0.0000000000
664  19.294  -88.868  28.647 0.0000000000
9939  5.392  -69.887  46.510 0.0000000000
9144  5.548  -70.789  46.668 0.0000000000
9938  6.304  -70.172  46.357 0.0000000000
9953  6.928  -69.703  45.710 0.0000000000
9970  7.623  -69.396  44.797 0.0000000000
9969  8.109  -68.934  43.935 0.0000000000
10696  7.475  -68.290  44.380 0.0000000000
11454  7.073  -67.386  44.379 0.0000000000
12329  6.577  -66.156  43.679 0.0000000000
19147  16.899  -58.530  36.784 0.0000000000
19165  18.621  -58.191  35.626 0.0000000000
6497  9.565  -76.089  14.103 0.0000000000
133214  9.581  -77.006  13.769 0.0000000000
5980  11.625  -75.933  14.419 0.0000000000
5993  12.049  -76.779  14.117 0.0000000000
5448  12.501  -77.571  13.629 0.0000000000
150292  13.676  -78.215  13.192 0.0000000000
6007  13.094  -76.514  12.805 0.0000000000
6021  13.372  -76.027  11.941 0.0000000000
7092  12.990  -75.045  11.526 0.0000000000
19340  7.327  -58.307  21.906 0.0000000000
19323  8.314  -58.683  22.501 0.0000000000
19339  8.090  -58.734  21.458 0.0000000000
19338  8.700  -59.239  20.916 0.0000000000
139696  9.275  -59.620  20.446 0.0000000000
36180  23.146  -40.522  30.665 0.0000000000
1245  19.761  -86.715  23.117 0.0000000000
141481  20.477  -86.583  23.249 0.0000000000
1246  19.150  -86.406  22.868 0.0000000000
1609  19.434  -85.543  22.168 0.0000000000
1626  19.607  -85.749  21.299 0.0000000000
148159  20.637  -86.047  20.629 0.0000000000
150379  19.012  -86.779  18.560 0.0000000000
23967  5.853  -53.091  30.036 0.0000000000
24722  5.232  -52.396  30.516 0.0000000000
25468  4.040  -51.574  30.725 0.0000000000
25476  3.215  -51.410  30.263 0.0000000000
26282  3.858  -51.190  30.337 0.0000000000
26305  3.810  -50.693  29.070 0.0000000000
26332  4.492  -50.253  28.567 0.0000000000
35276  17.050  -41.768  27.080 0.0000000000
34286  17.118  -42.756  28.284 0.0000000000
35264  16.767  -42.121  27.908 0.0000000000
35265  16.138  -41.867  28.265 0.0000000000
35266  15.375  -41.714  28.447 0.0000000000
37928  8.642  -38.878  27.291 0.0000000000
37109  8.304  -39.680  27.419 0.0000000000
37108  8.958  -39.796  26.884 0.0000000000
2787  16.364  -81.660  34.318 0.0000000000
2788  15.801  -81.886  34.473 0.0000000000
2800  15.145  -82.470  33.969 0.0000000000
2314  14.363  -83.222  33.304 0.0000000000
139642  9.032  -90.431  36.478 0.0000000000
422  9.045  -90.280  35.556 0.0000000000
414  8.404  -90.159  36.212 0.0000000000
429  7.591  -89.204  35.219 0.0000000000
622  7.194  -88.541  34.769 0.0000000000
139545  6.473  -87.469  33.415 0.0000000000
868  6.677  -87.782  34.165 0.0000000000
862  6.465  -86.894  34.896 0.0000000000
1152  5.947  -86.173  34.545 0.0000000000
126321  5.706  -78.846  37.996 0.0000000000
136055  5.268  -79.607  38.327 0.0000000000
4659  6.193  -78.508  37.473 0.0000000000
4209  7.129  -79.117  37.152 0.0000000000
4667  7.595  -78.642  35.809 0.0000000000
4220  7.424  -79.100  34.697 0.0000000000
19968  9.279  -56.958  44.286 0.0000000000
19959  8.955  -57.551  44.660 0.0000000000
20951  8.646  -56.665  44.147 0.0000000000
20002  6.912  -57.032  42.881 0.0000000000
20003  6.012  -57.040  42.659 0.0000000000
20004  4.404  -57.467  42.077 0.0000000000
139136  4.621  -56.906  41.421 0.0000000000
21018  4.744  -56.474  40.776 0.0000000000
142777  4.113  -56.460  40.234 0.0000000000
132219  24.115  -46.968  34.631 0.0000000000
147674  23.110  -45.781  35.285 0.0000000000
31223  24.058  -46.036  35.094 0.0000000000
31191  23.998  -45.018  35.505 0.0000000000
31190  25.005  -45.118  35.283 0.0000000000
1470  13.958  -85.526  38.126 0.0000000000
127248  13.664  -86.498  38.282 0.0000000000
1469  14.917  -85.351  37.571 0.0000000000
1468  15.752  -85.230  36.994 0.0000000000
1847  16.405  -85.216  36.358 0.0000000000
1489  16.823  -85.613  35.578 0.0000000000
1859  16.858  -84.351  35.918 0.0000000000
2772  16.907  -82.439  35.242 0.0000000000
3911  12.047  -80.022  21.488 0.0000000000
3929  11.693  -80.647  20.873 0.0000000000
3928  12.617  -80.782  21.101 0.0000000000
3480  13.277  -81.325  20.684 0.0000000000
2980  13.627  -82.240  19.651 0.0000000000
2995  14.079  -82.657  19.108 0.0000000000
2968  14.694  -82.200  19.762 0.0000000000
2967  15.502  -82.052  20.157 0.0000000000
2958  16.853  -82.458  21.111 0.0000000000
2965  17.706  -83.136  20.979 0.0000000000
3467  17.155  -82.051  21.920 0.0000000000
3458  17.398  -81.546  22.589 0.0000000000
4313  17.415  -79.773  24.080 0.0000000000
17543  0.856  -60.198  26.222 0.0000000000
18423  1.858  -59.251  25.220 0.0000000000
125412  14.047  -63.582  23.139 0.0000000000
15805  13.339  -62.991  22.741 0.0000000000
14995  13.956  -63.275  22.241 0.0000000000
15019  14.115  -64.004  21.020 0.0000000000
13329  14.590  -65.404  20.107 0.0000000000
13348  14.348  -65.985  19.610 0.0000000000
139180  15.495  -65.917  20.175 0.0000000000
12537  16.209  -66.334  18.807 0.0000000000
13368  16.655  -65.620  18.436 0.0000000000
137859  25.747  -86.227  30.313 0.0000000000
901  24.943  -87.393  29.431 0.0000000000
464  21.616  -90.048  28.209 0.0000000000
454  22.160  -89.737  28.867 0.0000000000
471  21.916  -89.769  27.120 0.0000000000
301  21.970  -89.755  26.161 0.0000000000
306  22.038  -89.772  25.329 0.0000000000
319  22.245  -89.818  23.219 0.0000000000
145004  21.466  -90.224  23.844 0.0000000000
321  20.616  -90.588  22.817 0.0000000000
328  19.420  -90.633  22.317 0.0000000000
39598  14.446  -36.498  24.284 0.0000000000
39599  13.788  -36.078  24.742 0.0000000000
40480  13.319  -35.599  25.316 0.0000000000
40481  12.730  -35.194  25.750 0.0000000000
42402  8.367  -34.189  27.563 0.0000000000
41456  8.319  -34.394  27.528 0.0000000000
41466  8.091  -33.803  26.806 0.0000000000
40484  8.494  -34.741  26.786 0.0000000000
128527  9.189  -84.226  39.856 0.0000000000
1452  8.940  -86.105  39.311 0.0000000000
1442  9.133  -85.449  40.199 0.0000000000
126126  9.275  -85.434  41.092 0.0000000000
1102  9.177  -86.346  40.939 0.0000000000
128204  2.210  -77.072  45.560 0.0000000000
5687  3.185  -76.610  45.091 0.0000000000
5686  4.228  -76.712  45.088 0.0000000000
7290  8.209  -73.499  44.690 0.0000000000
6210  7.552  -75.010  44.567 0.0000000000
6218  8.203  -75.093  44.058 0.0000000000
6222  8.211  -75.795  43.700 0.0000000000
5141  8.326  -76.860  42.815 0.0000000000
4643  7.896  -78.150  41.589 0.0000000000
5704  8.439  -76.353  42.368 0.0000000000
5709  8.015  -76.226  41.424 0.0000000000
6237  7.469  -75.899  41.517 0.0000000000
6238  6.195  -75.978  41.847 0.0000000000
6228  6.140  -75.114  42.426 0.0000000000
7298  5.101  -73.942  43.126 0.0000000000
9983  5.049  -69.407  41.636 0.0000000000
136951  4.828  -70.871  42.537 0.0000000000
9187  4.235  -70.202  41.792 0.0000000000
22883  14.518  -54.754  41.658 0.0000000000
21979  12.220  -55.214  40.862 0.0000000000
21980  11.751  -55.506  40.228 0.0000000000
22912  12.714  -54.449  39.804 0.0000000000
21999  12.345  -54.519  39.009 0.0000000000
140052  11.965  -54.405  38.393 0.0000000000
23858  15.786  -53.471  36.408 0.0000000000
23859  14.921  -53.457  36.723 0.0000000000
23874  14.117  -53.627  36.033 0.0000000000
22964  13.323  -53.798  35.270 0.0000000000
22986  12.396  -54.606  34.084 0.0000000000
21106  19.954  -55.556  34.190 0.0000000000
22074  18.957  -54.791  33.621 0.0000000000
21123  20.333  -55.316  33.859 0.0000000000
125183  20.276  -55.630  32.588 0.0000000000
124754  21.658  -55.909  32.862 0.0000000000
21103  22.638  -55.858  33.806 0.0000000000
4888  5.782  -78.705  17.008 0.0000000000
4901  10.398  -78.756  15.892 0.0000000000
4885  9.272  -78.191  17.052 0.0000000000
4884  10.658  -78.304  17.573 0.0000000000
5394  10.267  -77.648  18.249 0.0000000000
127184  10.861  -77.348  18.922 0.0000000000
137079  10.592  -76.791  19.569 0.0000000000
5378  11.404  -76.985  19.555 0.0000000000
142550  12.612  -76.947  20.244 0.0000000000
5364  13.297  -76.961  20.613 0.0000000000
5363  14.219  -77.160  21.043 0.0000000000
5376  14.080  -78.090  20.447 0.0000000000
4851  14.836  -78.953  20.017 0.0000000000
4864  16.330  -79.319  18.967 0.0000000000
129571  15.884  -77.835  14.004 0.0000000000
5435  15.947  -78.409  14.752 0.0000000000
150510  15.873  -77.779  14.437 0.0000000000
5971  15.591  -76.412  14.938 0.0000000000
134930  15.406  -74.893  15.909 0.0000000000
7060  15.209  -74.001  14.581 0.0000000000
139506  15.792  -73.169  13.405 0.0000000000
18369  4.714  -60.165  31.218 0.0000000000
16597  4.800  -61.658  30.524 0.0000000000
17490  5.263  -60.827  30.889 0.0000000000
16606  6.476  -61.536  30.190 0.0000000000
16605  7.306  -61.505  29.967 0.0000000000
17554  10.948  -59.942  25.999 0.0000000000
17537  10.440  -60.015  26.662 0.0000000000
128403  11.302  -60.412  26.648 0.0000000000
16649  11.766  -61.141  27.434 0.0000000000
15762  12.535  -62.719  27.878 0.0000000000
14932  12.944  -63.328  27.415 0.0000000000
149700  13.340  -61.897  27.588 0.0000000000
16648  14.456  -61.622  27.271 0.0000000000
17532  15.911  -61.173  26.752 0.0000000000
31295  23.094  -45.877  28.387 0.0000000000
31296  22.596  -45.226  28.245 0.0000000000
35275  22.091  -41.791  27.582 0.0000000000
34284  21.961  -42.806  27.551 0.0000000000
34312  20.179  -42.547  26.133 0.0000000000
147125  20.413  -41.847  26.026 0.0000000000
976  23.434  -87.694  17.972 0.0000000000
967  23.910  -87.429  18.280 0.0000000000
984  23.843  -87.632  17.577 0.0000000000
991  24.577  -87.388  16.951 0.0000000000
999  25.069  -87.019  16.600 0.0000000000
1317  25.191  -86.591  15.811 0.0000000000
1318  24.566  -86.735  15.391 0.0000000000
1329  24.829  -86.115  14.139 0.0000000000
1336  23.979  -86.138  12.897 0.0000000000
146232  5.717  -74.259  17.787 0.0000000000
7025  5.705  -74.282  16.848 0.0000000000
7035  6.205  -74.663  15.698 0.0000000000
6458  7.387  -75.392  16.932 0.0000000000
6457  8.127  -75.389  17.087 0.0000000000
7034  8.645  -75.172  16.696 0.0000000000
124951  3.451  -55.168  34.575 0.0000000000
22062  2.344  -55.418  34.566 0.0000000000
124952  1.460  -56.638  35.136 0.0000000000
21094  1.120  -57.192  34.899 0.0000000000
145889  1.304  -56.550  34.623 0.0000000000
21130  1.179  -56.563  33.432 0.0000000000
20155  0.916  -57.028  32.968 0.0000000000
20153  1.415  -57.168  32.473 0.0000000000
21147  1.950  -56.447  32.453 0.0000000000
21163  2.289  -55.870  32.052 0.0000000000
21178  3.573  -55.955  30.879 0.0000000000
23100  3.083  -54.243  26.775 0.0000000000
130780  2.703  -55.504  27.124 0.0000000000
145570  3.706  -55.071  26.255 0.0000000000
21244  4.695  -55.395  26.157 0.0000000000
21262  5.187  -55.295  25.678 0.0000000000
144671  5.727  -56.266  24.599 0.0000000000
21277  5.636  -55.223  24.878 0.0000000000
23152  6.770  -54.657  23.744 0.0000000000
23151  7.310  -54.504  23.264 0.0000000000
28176  10.738  -48.216  28.274 0.0000000000
37084  13.161  -39.738  28.413 0.0000000000
37085  12.506  -39.345  28.579 0.0000000000
33235  7.896  -42.979  27.346 0.0000000000
33223  8.226  -42.934  27.740 0.0000000000
32241  8.316  -43.526  27.551 0.0000000000
32251  8.379  -44.332  27.285 0.0000000000
132220  8.591  -45.070  27.136 0.0000000000
31309  9.323  -45.701  27.296 0.0000000000
31310  8.199  -45.723  26.860 0.0000000000
30263  7.598  -46.694  26.142 0.0000000000
28191  7.613  -48.334  26.217 0.0000000000
28192  7.285  -49.068  26.091 0.0000000000
132811  7.629  -48.203  25.503 0.0000000000
28203  7.462  -49.019  25.298 0.0000000000
27240  7.784  -49.231  24.840 0.0000000000
28202  10.776  -48.751  24.654 0.0000000000
27232  11.214  -49.450  25.133 0.0000000000
26352  10.775  -50.299  25.166 0.0000000000
150644  10.554  -51.901  25.117 0.0000000000
24010  10.228  -52.702  24.154 0.0000000000
24787  11.247  -51.937  25.388 0.0000000000
24008  12.240  -53.496  24.806 0.0000000000
24007  13.254  -53.382  24.608 0.0000000000
139521  18.832  -82.931  28.144 0.0000000000
2862  18.269  -82.196  28.383 0.0000000000
2863  17.340  -82.437  28.484 0.0000000000
2364  15.921  -83.429  28.812 0.0000000000
2848  12.992  -81.796  29.045 0.0000000000
2867  13.548  -82.458  28.680 0.0000000000
2868  12.535  -82.549  28.488 0.0000000000
1949  12.122  -84.634  27.571 0.0000000000
1561  11.820  -85.311  27.472 0.0000000000
929  11.283  -87.114  27.570 0.0000000000
148016  10.108  -85.660  27.512 0.0000000000
1563  9.537  -85.997  27.873 0.0000000000
1505  13.121  -85.942  34.730 0.0000000000
136658  12.753  -87.070  34.653 0.0000000000
866  13.105  -87.943  33.709 0.0000000000
150086  12.465  -87.453  32.501 0.0000000000
1174  8.658  -86.653  32.815 0.0000000000
1522  8.935  -85.517  32.728 0.0000000000
1894  8.583  -84.335  32.580 0.0000000000
788  8.878  -87.826  45.530 0.0000000000
563  8.473  -88.978  44.694 0.0000000000
571  7.842  -89.730  43.658 0.0000000000
3245  3.364  -81.600  45.229 0.0000000000
2689  3.371  -82.287  45.287 0.0000000000
2201  3.533  -82.763  44.561 0.0000000000
2208  3.543  -83.283  43.852 0.0000000000
1779  3.854  -83.868  43.712 0.0000000000
2719  6.983  -82.688  40.060 0.0000000000
2234  6.421  -83.017  40.838 0.0000000000
2233  7.118  -83.466  40.792 0.0000000000
1814  7.281  -84.200  40.671 0.0000000000
1803  7.254  -84.897  41.198 0.0000000000
1444  6.974  -86.070  40.916 0.0000000000
1804  7.042  -85.245  40.395 0.0000000000
135205  6.583  -85.524  39.689 0.0000000000
1464  5.372  -85.661  38.306 0.0000000000
1474  4.594  -85.094  37.384 0.0000000000
1840  4.525  -84.707  37.323 0.0000000000
2266  4.052  -83.958  36.816 0.0000000000
19036  5.808  -59.171  46.016 0.0000000000
18162  6.505  -60.116  47.247 0.0000000000
18172  4.877  -59.852  46.452 0.0000000000
17313  4.454  -60.337  46.822 0.0000000000
17297  3.111  -61.242  46.829 0.0000000000
17316  1.938  -60.980  45.774 0.0000000000
125903  1.758  -61.723  44.752 0.0000000000
15597  3.177  -62.327  43.865 0.0000000000
15596  4.135  -62.833  43.944 0.0000000000
144752  3.500  -61.441  43.338 0.0000000000
16484  3.728  -61.418  42.620 0.0000000000
15627  2.930  -62.045  41.593 0.0000000000
130198  0.955  -59.686  40.433 0.0000000000
17376  1.218  -60.486  40.673 0.0000000000
127620  1.137  -62.125  39.316 0.0000000000
125521  1.028  -62.977  38.984 0.0000000000
14000  0.768  -64.437  38.280 0.0000000000
22017  6.924  -55.531  37.246 0.0000000000
21067  5.218  -56.060  37.428 0.0000000000
133210  5.534  -56.014  36.603 0.0000000000
20084  4.473  -57.099  36.161 0.0000000000
22959  24.054  -54.128  35.463 0.0000000000
142491  24.275  -53.293  35.848 0.0000000000
143034  24.461  -53.646  35.160 0.0000000000
28133  23.398  -49.604  33.618 0.0000000000
28134  22.664  -49.421  33.538 0.0000000000
27152  24.099  -49.743  34.558 0.0000000000
26270  24.454  -50.896  35.397 0.0000000000
25458  24.762  -51.793  34.703 0.0000000000
149573  24.837  -52.156  34.219 0.0000000000
25457  24.965  -51.889  33.458 0.0000000000
24701  25.786  -52.455  32.930 0.0000000000
138648  26.464  -53.309  32.684 0.0000000000
143277  27.033  -54.015  32.599 0.0000000000
144822  27.418  -53.469  32.489 0.0000000000
24699  27.796  -52.679  32.432 0.0000000000
133640  27.827  -53.298  32.056 0.0000000000
28130  28.467  -48.480  32.382 0.0000000000
26266  28.558  -49.709  31.783 0.0000000000
27160  28.648  -48.851  31.666 0.0000000000
27167  28.690  -49.221  30.874 0.0000000000
27175  27.894  -49.428  29.134 0.0000000000
33145  24.928  -42.740  33.968 0.0000000000
33161  25.613  -42.031  33.271 0.0000000000
34233  24.877  -41.497  34.146 0.0000000000
34247  24.634  -42.322  33.363 0.0000000000
34248  24.076  -41.813  32.466 0.0000000000
379  13.204  -89.874  42.080 0.0000000000
406  14.610  -90.391  37.190 0.0000000000
251  13.696  -90.712  38.230 0.0000000000
263  14.831  -90.412  37.030 0.0000000000
249  15.411  -90.538  37.464 0.0000000000
395  15.895  -89.991  37.792 0.0000000000
594  16.343  -88.885  38.100 0.0000000000
595  16.910  -89.526  37.436 0.0000000000
617  19.146  -88.581  35.483 0.0000000000
1148  19.073  -87.168  34.161 0.0000000000
2313  17.892  -83.663  32.055 0.0000000000
1902  18.499  -84.141  31.558 0.0000000000
2322  18.430  -83.261  31.544 0.0000000000
2816  18.902  -82.548  31.249 0.0000000000
2815  19.426  -82.363  31.245 0.0000000000
3359  20.245  -81.608  30.643 0.0000000000
3371  19.986  -81.364  29.948 0.0000000000
3384  19.646  -81.313  29.420 0.0000000000
1867  23.866  -84.486  34.384 0.0000000000
1878  23.396  -84.167  33.546 0.0000000000
2302  23.427  -83.414  33.986 0.0000000000
2310  23.067  -83.196  33.102 0.0000000000
2804  22.560  -82.450  32.347 0.0000000000
913  16.203  -87.749  28.839 0.0000000000
131548  16.384  -88.187  27.948 0.0000000000
667  15.888  -88.567  28.961 0.0000000000
455  15.152  -90.129  27.919 0.0000000000
171  14.738  -91.141  27.709 0.0000000000
144537  16.422  -91.768  22.873 0.0000000000
1037  17.644  -87.713  10.909 0.0000000000
1040  18.946  -86.811  10.961 0.0000000000
1345  19.752  -86.431  10.914 0.0000000000
1350  21.327  -86.206  10.819 0.0000000000
1351  20.444  -86.120  10.738 0.0000000000
136558  20.936  -85.017  10.159 0.0000000000
129776  21.029  -84.245  9.784 0.0000000000
2065  17.125  -84.793  15.382 0.0000000000
2074  16.608  -84.432  14.651 0.0000000000
2072  17.482  -84.564  14.113 0.0000000000
2071  18.232  -84.183  13.544 0.0000000000
3064  19.064  -83.049  12.701 0.0000000000
3076  19.416  -82.590  12.105 0.0000000000
3063  19.603  -82.555  13.089 0.0000000000
3062  20.664  -82.282  13.371 0.0000000000
133288  21.413  -82.304  13.775 0.0000000000
3037  21.118  -82.463  15.172 0.0000000000
130242  21.850  -82.555  15.997 0.0000000000
6410  16.709  -75.579  22.883 0.0000000000
6947  17.770  -74.668  24.574 0.0000000000
16651  5.191  -62.131  25.634 0.0000000000
17555  4.548  -60.775  25.609 0.0000000000
16664  5.674  -61.619  24.994 0.0000000000
16676  6.057  -61.036  24.264 0.0000000000
126103  6.962  -60.953  22.844 0.0000000000
15850  10.536  -62.380  19.343 0.0000000000
142230  9.711  -61.851  19.251 0.0000000000
15861  9.984  -62.551  19.045 0.0000000000
15047  8.845  -62.872  18.042 0.0000000000
15062  8.201  -63.028  17.388 0.0000000000
150287  7.665  -63.511  17.224 0.0000000000
13384  7.926  -64.764  18.029 0.0000000000
135886  7.783  -65.595  17.633 0.0000000000
11818  7.422  -67.479  17.412 0.0000000000
10973  7.483  -68.367  17.802 0.0000000000
10972  7.918  -67.909  18.319 0.0000000000
135077  8.559  -69.099  19.493 0.0000000000
10185  9.625  -70.102  20.699 0.0000000000
10988  12.435  -69.366  17.314 0.0000000000
10215  12.245  -70.187  18.986 0.0000000000
10262  11.440  -69.401  16.952 0.0000000000
10239  11.035  -70.026  17.362 0.0000000000
9530  9.251  -70.668  16.519 0.0000000000
9551  8.581  -70.204  15.573 0.0000000000
11020  8.643  -68.742  14.565 0.0000000000
11030  8.625  -68.798  13.923 0.0000000000
22235  18.616  -55.020  23.826 0.0000000000
148310  18.396  -56.162  24.407 0.0000000000
20240  17.924  -57.298  24.765 0.0000000000
19287  18.314  -58.670  25.452 0.0000000000
19296  19.113  -57.919  24.958 0.0000000000
19308  20.100  -58.851  23.790 0.0000000000
18454  19.996  -59.715  23.091 0.0000000000
133855  21.036  -58.589  18.249 0.0000000000
18518  20.435  -59.285  19.058 0.0000000000
18519  19.799  -59.832  18.496 0.0000000000
17634  18.362  -60.736  18.497 0.0000000000
17635  17.425  -60.992  18.207 0.0000000000
15860  16.702  -61.936  18.215 0.0000000000
16783  15.973  -61.465  17.342 0.0000000000
131434  15.435  -60.853  16.697 0.0000000000
17656  13.833  -60.000  15.805 0.0000000000
15091  17.959  -63.585  14.710 0.0000000000
127731  17.026  -63.059  14.769 0.0000000000
15092  16.474  -63.486  14.418 0.0000000000
14266  15.597  -64.775  14.006 0.0000000000
13446  14.194  -65.568  14.013 0.0000000000
12626  12.988  -66.283  13.962 0.0000000000
12625  14.660  -66.431  13.579 0.0000000000
150680  14.211  -67.586  13.438 0.0000000000
139272  14.725  -68.724  12.949 0.0000000000
10311  14.529  -69.534  12.761 0.0000000000
11050  15.438  -68.414  12.558 0.0000000000
11060  15.892  -68.935  12.106 0.0000000000
11058  16.989  -68.319  11.587 0.0000000000
882  24.901  -87.253  32.506 0.0000000000
895  24.522  -87.690  31.717 0.0000000000
636  23.681  -88.372  31.852 0.0000000000
649  22.898  -89.069  30.760 0.0000000000
436  22.312  -89.636  30.452 0.0000000000
650  20.252  -89.114  31.196 0.0000000000
136494  20.457  -89.940  31.011 0.0000000000
441  21.725  -90.041  29.971 0.0000000000
285  20.726  -90.616  28.548 0.0000000000
293  20.267  -90.905  28.115 0.0000000000
181  18.950  -91.478  26.994 0.0000000000
7281  4.613  -73.699  45.922 0.0000000000
7264  6.000  -73.162  46.072 0.0000000000
133649  6.760  -73.244  45.781 0.0000000000
9143  6.386  -71.084  46.472 0.0000000000
7836  7.344  -72.532  45.711 0.0000000000
132601  7.477  -73.297  45.308 0.0000000000
7835  8.177  -72.603  45.039 0.0000000000
125502  9.121  -72.042  43.618 0.0000000000
7863  9.053  -72.701  42.785 0.0000000000
7864  8.252  -72.496  42.358 0.0000000000
8466  8.759  -71.070  42.643 0.0000000000
145960  8.247  -70.605  42.178 0.0000000000
9184  6.913  -69.519  41.719 0.0000000000
10701  8.259  -68.773  43.146 0.0000000000
9980  7.568  -68.950  42.050 0.0000000000
9982  5.948  -69.453  41.678 0.0000000000
136968  5.696  -68.737  41.599 0.0000000000
11470  4.268  -67.872  41.457 0.0000000000
136256  3.853  -67.202  41.639 0.0000000000
21028  15.245  -56.772  39.212 0.0000000000
132536  15.281  -55.405  39.200 0.0000000000
139064  15.145  -54.355  39.640 0.0000000000
144239  15.519  -55.329  38.258 0.0000000000
135771  15.735  -54.860  37.536 0.0000000000
22933  15.650  -53.959  37.445 0.0000000000
21077  16.065  -55.627  36.877 0.0000000000
22013  16.269  -54.283  36.777 0.0000000000
22945  16.418  -53.711  36.276 0.0000000000
22962  16.860  -53.741  35.441 0.0000000000
22982  16.371  -53.797  34.424 0.0000000000
22961  17.666  -54.038  35.000 0.0000000000
22054  18.263  -54.592  34.522 0.0000000000
21107  19.066  -55.189  34.372 0.0000000000
20094  19.377  -57.664  34.883 0.0000000000
20112  19.555  -56.188  34.497 0.0000000000
20091  21.128  -57.088  34.829 0.0000000000
5982  5.797  -76.693  14.354 0.0000000000
5439  6.089  -77.546  14.756 0.0000000000
5438  6.902  -77.740  14.365 0.0000000000
4926  8.097  -78.459  14.542 0.0000000000
4925  9.024  -78.767  14.461 0.0000000000
5450  10.300  -78.289  13.680 0.0000000000
4425  10.074  -78.849  13.980 0.0000000000
4409  10.102  -79.097  14.606 0.0000000000
4398  11.240  -79.121  15.729 0.0000000000
4397  12.248  -79.278  16.055 0.0000000000
4386  12.756  -79.568  17.044 0.0000000000
4385  13.747  -79.924  17.419 0.0000000000
4405  13.767  -79.720  15.414 0.0000000000
4404  14.592  -79.791  15.260 0.0000000000
145131  15.095  -79.404  14.581 0.0000000000
4947  13.976  -78.018  13.030 0.0000000000
4427  14.619  -78.857  13.198 0.0000000000
4934  15.379  -78.512  13.683 0.0000000000
5446  15.472  -77.658  13.187 0.0000000000
6018  15.567  -76.532  12.205 0.0000000000
7090  16.482  -74.929  11.197 0.0000000000
19279  7.354  -58.462  27.199 0.0000000000
18395  7.939  -58.930  27.881 0.0000000000
18405  8.100  -58.687  26.920 0.0000000000
19282  8.386  -58.403  25.924 0.0000000000
19290  9.048  -58.951  25.515 0.0000000000
19312  8.433  -58.534  23.406 0.0000000000
18434  9.733  -59.096  24.441 0.0000000000
18420  9.682  -59.271  25.180 0.0000000000
18432  11.170  -59.494  24.566 0.0000000000
18447  11.896  -59.459  23.926 0.0000000000
18431  12.678  -59.592  24.487 0.0000000000
32227  23.620  -44.372  29.210 0.0000000000
135536  23.080  -42.872  28.728 0.0000000000
35262  23.038  -41.267  28.955 0.0000000000
139251  22.087  -41.032  27.601 0.0000000000
36201  21.863  -40.507  27.231 0.0000000000
700  24.691  -87.964  23.546 0.0000000000
950  25.453  -87.229  23.811 0.0000000000
150911  24.868  -87.638  23.064 0.0000000000
1234  24.432  -86.246  23.241 0.0000000000
1592  23.436  -85.164  23.616 0.0000000000
1237  20.769  -85.693  23.508 0.0000000000
1593  22.420  -85.132  23.696 0.0000000000
137443  22.767  -84.325  23.607 0.0000000000
2425  23.116  -83.469  23.281 0.0000000000
2456  23.406  -83.226  22.370 0.0000000000
2019  23.849  -83.732  21.398 0.0000000000
2020  22.960  -83.860  21.655 0.0000000000
1624  22.990  -85.228  20.274 0.0000000000
1638  22.608  -85.882  19.949 0.0000000000
1277  20.859  -86.663  20.164 0.0000000000
148980  22.065  -86.825  19.367 0.0000000000
969  22.240  -87.375  18.739 0.0000000000
977  22.171  -87.786  18.055 0.0000000000
742  22.168  -87.725  16.717 0.0000000000
1003  21.964  -87.738  15.500 0.0000000000
23896  3.368  -53.586  33.088 0.0000000000
23897  2.227  -53.549  32.947 0.0000000000
23919  1.671  -53.613  32.386 0.0000000000
23056  1.346  -54.527  31.694 0.0000000000
23951  1.831  -53.301  31.161 0.0000000000
23950  1.909  -53.580  30.321 0.0000000000
23968  2.096  -53.850  29.329 0.0000000000
25515  2.750  -51.978  29.184 0.0000000000
24763  2.580  -52.944  28.643 0.0000000000
23980  2.851  -53.530  27.663 0.0000000000
24777  3.630  -53.260  27.064 0.0000000000
23989  4.917  -53.660  26.282 0.0000000000
133145  5.527  -53.508  25.944 0.0000000000
34271  17.175  -42.969  29.057 0.0000000000
37901  9.643  -38.563  28.459 0.0000000000
34298  7.852  -42.237  26.841 0.0000000000
33260  7.849  -42.864  26.295 0.0000000000
33272  7.975  -43.532  25.688 0.0000000000
32294  8.561  -44.848  24.685 0.0000000000
31355  8.734  -45.677  24.611 0.0000000000
32293  9.471  -45.051  24.496 0.0000000000
3800  17.411  -79.665  31.204 0.0000000000
3810  16.536  -79.684  30.356 0.0000000000
4248  15.910  -79.324  30.921 0.0000000000
3812  14.579  -79.868  30.780 0.0000000000
3813  13.992  -80.480  30.350 0.0000000000
3350  14.730  -80.994  32.615 0.0000000000
3804  13.932  -80.308  31.019 0.0000000000
3373  13.432  -80.827  30.648 0.0000000000
3390  12.713  -81.668  29.702 0.0000000000
2832  12.293  -82.092  30.006 0.0000000000
2833  11.702  -82.723  29.499 0.0000000000
860  11.012  -88.523  35.798 0.0000000000
627  12.082  -89.129  34.222 0.0000000000
621  11.387  -89.581  34.960 0.0000000000
431  10.221  -89.927  33.507 0.0000000000
634  9.724  -89.458  33.286 0.0000000000
433  8.940  -89.626  34.109 0.0000000000
635  8.767  -89.061  33.499 0.0000000000
878  8.180  -88.271  33.206 0.0000000000
129412  7.788  -86.296  32.758 0.0000000000
150548  5.602  -86.452  32.891 0.0000000000
3725  3.582  -80.359  41.278 0.0000000000
3271  2.828  -81.567  41.514 0.0000000000
3726  3.087  -80.658  40.357 0.0000000000
3276  3.658  -81.246  39.627 0.0000000000
3290  4.653  -81.214  39.198 0.0000000000
3745  5.384  -80.038  38.267 0.0000000000
3307  6.075  -80.761  38.450 0.0000000000
3289  5.982  -81.320  38.979 0.0000000000
2746  7.243  -81.993  38.731 0.0000000000
2754  7.320  -82.502  37.512 0.0000000000
2765  6.897  -82.637  36.479 0.0000000000
2766  5.669  -82.644  36.236 0.0000000000
3324  6.854  -81.649  35.562 0.0000000000
3781  5.759  -80.287  34.448 0.0000000000
19034  7.396  -58.903  46.130 0.0000000000
19961  7.740  -57.671  44.813 0.0000000000
19044  7.180  -58.411  45.562 0.0000000000
128214  6.233  -58.766  45.426 0.0000000000
19045  5.198  -59.126  45.299 0.0000000000
133151  3.659  -58.547  44.410 0.0000000000
129008  2.793  -58.674  44.206 0.0000000000
18206  2.083  -59.078  42.919 0.0000000000
19079  2.122  -58.466  42.675 0.0000000000
20007  1.254  -58.147  42.134 0.0000000000
19100  0.459  -58.263  41.282 0.0000000000
128881  3.001  -57.519  41.575 0.0000000000
20036  1.342  -57.333  40.642 0.0000000000
125421  0.493  -58.119  40.431 0.0000000000
19110  0.603  -58.092  39.527 0.0000000000
18263  1.154  -59.498  38.519 0.0000000000
124933  1.522  -59.527  38.229 0.0000000000
28119  22.946  -48.936  33.429 0.0000000000
134575  23.347  -49.097  33.543 0.0000000000
28117  24.102  -49.196  33.729 0.0000000000
27138  25.758  -49.439  33.930 0.0000000000
26259  26.805  -50.719  33.497 0.0000000000
28115  26.447  -48.685  34.009 0.0000000000
28114  27.321  -48.222  33.822 0.0000000000
29136  26.005  -47.366  34.436 0.0000000000
29164  26.816  -47.656  34.164 0.0000000000
29163  27.631  -47.592  33.668 0.0000000000
29186  28.185  -47.111  33.002 0.0000000000
30212  28.092  -46.077  32.765 0.0000000000
30225  28.489  -45.930  31.597 0.0000000000
31252  27.659  -45.230  32.990 0.0000000000
32185  27.378  -44.832  33.732 0.0000000000
33143  26.315  -43.583  33.883 0.0000000000
32148  25.615  -43.969  35.189 0.0000000000
33144  25.731  -43.398  34.353 0.0000000000
33128  24.447  -42.560  35.095 0.0000000000
35186  22.930  -41.922  35.439 0.0000000000
35187  22.001  -41.550  35.454 0.0000000000
127260  12.194  -89.028  41.393 0.0000000000
584  12.262  -89.139  40.498 0.0000000000
598  12.650  -89.325  38.960 0.0000000000
845  13.789  -89.016  37.782 0.0000000000
1125  13.783  -87.577  38.090 0.0000000000
844  14.444  -88.045  37.432 0.0000000000
135930  14.463  -89.104  37.263 0.0000000000
612  15.513  -89.461  36.227 0.0000000000
620  16.042  -89.047  35.366 0.0000000000
619  16.505  -89.249  34.568 0.0000000000
624  17.017  -89.025  33.641 0.0000000000
865  16.534  -87.687  33.892 0.0000000000
1150  16.781  -86.687  33.438 0.0000000000
126896  17.365  -84.930  33.009 0.0000000000
1488  17.234  -84.989  34.933 0.0000000000
1870  17.557  -83.811  33.938 0.0000000000
1880  17.624  -84.353  32.543 0.0000000000
2807  17.905  -82.443  32.074 0.0000000000
3347  17.775  -81.104  32.039 0.0000000000
446  12.799  -90.191  29.848 0.0000000000
149626  13.699  -90.940  30.050 0.0000000000
162  13.065  -91.147  30.121 0.0000000000
1043  16.384  -87.439  10.678 0.0000000000
4356  8.459  -79.570  21.246 0.0000000000
135031  8.015  -80.532  20.802 0.0000000000
3932  8.797  -80.428  20.361 0.0000000000
3945  9.231  -80.738  19.570 0.0000000000
125850  10.021  -81.128  19.214 0.0000000000
3482  11.491  -81.225  20.184 0.0000000000
3500  10.721  -81.743  19.092 0.0000000000
2983  10.988  -82.055  18.477 0.0000000000
2482  11.375  -82.470  17.872 0.0000000000
2497  11.699  -82.752  17.312 0.0000000000
2509  12.296  -83.019  15.918 0.0000000000
135561  13.276  -83.131  16.781 0.0000000000
2507  14.895  -83.375  16.415 0.0000000000
2057  15.845  -84.020  16.462 0.0000000000
2478  15.542  -83.322  18.374 0.0000000000
138282  15.630  -83.669  17.691 0.0000000000
141769  16.827  -84.662  16.516 0.0000000000
2056  17.359  -84.427  17.034 0.0000000000
2506  17.768  -84.168  16.584 0.0000000000
3011  17.895  -82.887  16.831 0.0000000000
3534  18.241  -81.520  16.911 0.0000000000
2994  17.928  -81.825  18.259 0.0000000000
135346  18.275  -81.125  19.202 0.0000000000
3944  18.548  -80.792  20.032 0.0000000000
2956  18.050  -82.707  21.585 0.0000000000
3478  18.778  -82.025  21.142 0.0000000000
128420  18.979  -81.571  21.867 0.0000000000
3894  19.438  -80.550  22.802 0.0000000000
145531  3.450  -60.216  20.933 0.0000000000
15791  9.698  -62.517  24.710 0.0000000000
15801  9.439  -61.778  24.023 0.0000000000
126964  10.268  -62.038  24.087 0.0000000000
16686  10.454  -61.677  22.443 0.0000000000
135354  10.923  -61.789  21.769 0.0000000000
15820  12.583  -62.388  21.725 0.0000000000
128756  12.385  -62.487  20.904 0.0000000000
15838  10.917  -62.221  20.026 0.0000000000
15034  11.537  -63.277  19.099 0.0000000000
14194  10.944  -64.703  19.068 0.0000000000
12543  10.795  -66.417  19.322 0.0000000000
11785  10.561  -67.384  19.885 0.0000000000
11784  11.431  -67.180  19.849 0.0000000000
11783  12.307  -67.487  20.051 0.0000000000
10945  13.715  -68.356  19.722 0.0000000000
11781  14.514  -67.375  19.035 0.0000000000
11802  14.240  -68.008  19.045 0.0000000000
10987  13.330  -69.119  17.983 0.0000000000
137215  13.438  -68.082  16.662 0.0000000000
11831  12.476  -67.440  16.129 0.0000000000
12589  11.412  -66.315  15.793 0.0000000000
19429  19.178  -58.340  14.931 0.0000000000
18566  17.778  -59.465  15.369 0.0000000000
15090  18.937  -63.594  14.570 0.0000000000
4230  24.908  -79.601  32.591 0.0000000000
3798  24.451  -80.277  31.412 0.0000000000
3343  24.632  -81.002  31.951 0.0000000000
2812  24.576  -81.907  30.828 0.0000000000
2345  24.603  -83.274  29.495 0.0000000000
1912  25.568  -84.566  30.703 0.0000000000
1913  25.139  -84.331  29.836 0.0000000000
125305  24.517  -83.975  28.903 0.0000000000
1944  23.901  -84.571  27.415 0.0000000000
1569  23.635  -85.564  26.341 0.0000000000
149398  23.555  -86.901  25.854 0.0000000000
647  24.302  -87.897  30.878 0.0000000000
651  24.485  -87.914  29.403 0.0000000000
908  24.544  -87.767  28.836 0.0000000000
453  23.164  -89.217  28.529 0.0000000000
676  23.866  -88.480  28.093 0.0000000000
922  24.158  -88.101  28.085 0.0000000000
933  23.654  -87.822  26.362 0.0000000000
940  23.782  -88.088  25.575 0.0000000000
939  24.107  -88.235  24.838 0.0000000000
703  24.332  -88.204  23.283 0.0000000000
139173  23.396  -88.376  22.564 0.0000000000
708  22.045  -88.686  22.178 0.0000000000
498  21.643  -89.476  22.336 0.0000000000
714  21.440  -89.162  22.180 0.0000000000
959  20.357  -87.574  22.827 0.0000000000
960  19.398  -87.445  22.847 0.0000000000
150056  18.204  -88.061  22.206 0.0000000000
717  17.538  -88.296  21.507 0.0000000000
37131  15.606  -39.108  25.614 0.0000000000
37102  15.306  -39.612  26.426 0.0000000000
37922  14.923  -39.019  26.176 0.0000000000
37923  14.332  -38.648  26.456 0.0000000000
37924  13.674  -38.278  26.833 0.0000000000
38732  13.709  -37.203  25.784 0.0000000000
38716  13.421  -37.519  26.535 0.0000000000
41471  12.519  -34.373  25.533 0.0000000000
41463  12.052  -34.787  26.149 0.0000000000
41465  10.485  -33.805  26.911 0.0000000000
41453  10.826  -34.678  27.285 0.0000000000
40469  11.671  -35.113  26.909 0.0000000000
39553  10.734  -35.987  27.776 0.0000000000
145088  7.963  -37.829  28.117 0.0000000000
140606  7.932  -35.583  28.049 0.0000000000
130420  8.334  -37.035  28.196 0.0000000000
38720  8.449  -37.921  27.542 0.0000000000
131958  9.520  -38.182  26.855 0.0000000000
37926  10.475  -38.341  26.437 0.0000000000
134022  11.027  -38.763  26.453 0.0000000000
37133  11.593  -38.429  26.080 0.0000000000
37940  11.272  -37.949  25.776 0.0000000000
131071  13.969  -82.675  36.754 0.0000000000
2775  13.967  -82.709  36.109 0.0000000000
2776  13.163  -82.797  35.826 0.0000000000
2298  12.980  -83.524  35.426 0.0000000000
1860  12.203  -84.074  35.245 0.0000000000
2777  11.123  -82.760  35.837 0.0000000000
1861  11.432  -84.135  35.393 0.0000000000
137418  11.236  -84.964  35.434 0.0000000000
1491  10.994  -85.788  35.648 0.0000000000
1141  10.687  -86.538  35.942 0.0000000000
2729  9.593  -82.352  38.962 0.0000000000
130536  9.521  -83.123  37.317 0.0000000000
1481  9.473  -84.807  36.766 0.0000000000
146593  9.773  -85.414  36.402 0.0000000000
1133  10.390  -87.423  36.312 0.0000000000
855  10.003  -88.165  36.899 0.0000000000
606  9.650  -89.191  37.424 0.0000000000
837  8.949  -87.705  38.481 0.0000000000
135738  9.151  -90.120  37.865 0.0000000000
407  8.558  -90.480  38.330 0.0000000000
401  7.656  -90.616  38.874 0.0000000000
3678  2.756  -80.889  46.944 0.0000000000
127128  2.541  -78.300  46.004 0.0000000000
4134  2.958  -80.217  46.240 0.0000000000
3685  3.356  -80.562  45.545 0.0000000000
3698  3.573  -81.223  44.744 0.0000000000
130109  3.980  -81.333  43.945 0.0000000000
3708  4.508  -80.803  43.678 0.0000000000
126666  4.738  -75.104  45.610 0.0000000000
126402  4.989  -76.014  45.255 0.0000000000
5685  5.103  -76.804  45.067 0.0000000000
5693  6.987  -76.257  44.485 0.0000000000
5136  6.577  -77.113  44.509 0.0000000000
4609  5.681  -78.681  44.632 0.0000000000
4145  6.136  -79.345  44.048 0.0000000000
4162  5.901  -79.936  43.581 0.0000000000
3716  4.223  -80.748  42.549 0.0000000000
3724  4.942  -80.255  41.916 0.0000000000
4653  6.100  -78.848  39.528 0.0000000000
4644  7.444  -78.591  40.913 0.0000000000
4648  7.061  -78.386  40.001 0.0000000000
4186  5.786  -78.756  38.584 0.0000000000
4657  6.120  -77.665  38.292 0.0000000000
5173  5.917  -77.114  38.161 0.0000000000
5174  4.411  -76.884  37.643 0.0000000000
128290  3.656  -77.065  36.769 0.0000000000
5739  4.778  -76.708  38.596 0.0000000000
5732  3.592  -77.089  39.652 0.0000000000
5711  5.311  -76.339  41.626 0.0000000000
142632  7.039  -72.286  42.505 0.0000000000
141866  5.888  -73.084  42.898 0.0000000000
7865  4.576  -73.288  43.179 0.0000000000
8470  4.349  -71.722  42.799 0.0000000000
20017  10.283  -56.902  42.253 0.0000000000
20035  9.218  -57.538  41.070 0.0000000000
21015  7.379  -56.716  40.723 0.0000000000
21014  8.496  -57.078  40.446 0.0000000000
21032  8.888  -56.636  39.595 0.0000000000
21052  8.287  -56.027  38.851 0.0000000000
21050  10.139  -55.864  39.043 0.0000000000
21051  9.280  -56.002  38.981 0.0000000000
22003  8.131  -55.480  38.057 0.0000000000
22016  7.676  -55.339  37.356 0.0000000000
140951  7.903  -55.068  36.620 0.0000000000
125189  7.450  -55.670  35.556 0.0000000000
23814  14.219  -53.709  38.893 0.0000000000
23828  13.595  -53.774  38.296 0.0000000000
22934  11.969  -54.057  37.599 0.0000000000
23861  13.349  -53.580  37.013 0.0000000000
150375  11.543  -53.989  36.790 0.0000000000
22935  11.113  -54.183  37.267 0.0000000000
22950  10.055  -54.315  36.081 0.0000000000
22952  8.632  -54.873  35.670 0.0000000000
23007  16.905  -54.293  33.650 0.0000000000
22100  17.056  -55.643  32.207 0.0000000000
23005  18.298  -54.755  33.236 0.0000000000
22099  17.976  -55.318  32.292 0.0000000000
1460  12.655  -85.204  38.849 0.0000000000
1825  13.122  -84.639  38.370 0.0000000000
1836  13.349  -83.604  37.834 0.0000000000
4843  6.510  -78.799  21.161 0.0000000000
127859  5.997  -78.229  15.819 0.0000000000
125054  6.364  -78.307  16.403 0.0000000000
4887  6.629  -78.138  17.427 0.0000000000
4886  8.247  -78.046  16.979 0.0000000000
5406  7.601  -77.646  17.921 0.0000000000
4869  6.885  -77.857  18.428 0.0000000000
5383  6.730  -78.077  19.491 0.0000000000
5367  6.952  -78.111  21.021 0.0000000000
4836  7.231  -78.361  21.338 0.0000000000
4835  8.177  -77.884  21.548 0.0000000000
127541  9.794  -78.467  21.544 0.0000000000
136537  10.747  -78.669  21.724 0.0000000000
5922  10.676  -76.370  20.837 0.0000000000
150069  11.095  -77.538  22.162 0.0000000000
129525  11.376  -78.458  22.110 0.0000000000
4832  11.997  -78.546  22.295 0.0000000000
4328  13.610  -79.169  22.520 0.0000000000
147280  14.352  -79.280  22.676 0.0000000000
4822  14.951  -78.873  23.170 0.0000000000
146510  14.520  -78.072  23.366 0.0000000000
5336  14.643  -77.347  23.376 0.0000000000
125696  15.901  -76.644  23.247 0.0000000000
5903  15.188  -77.005  21.407 0.0000000000
134000  15.641  -76.492  22.004 0.0000000000
5892  16.092  -76.252  22.483 0.0000000000
6416  16.512  -75.807  22.250 0.0000000000
6415  16.803  -75.496  21.477 0.0000000000
6978  16.929  -74.661  21.092 0.0000000000
4384  14.782  -80.199  17.559 0.0000000000
4882  16.514  -79.547  17.923 0.0000000000
134485  16.990  -78.749  18.391 0.0000000000
140780  16.640  -78.235  16.476 0.0000000000
5403  17.086  -77.863  17.878 0.0000000000
5391  17.246  -77.954  18.804 0.0000000000
5947  17.292  -77.136  19.074 0.0000000000
6992  16.777  -75.114  19.263 0.0000000000
6991  16.796  -74.718  20.137 0.0000000000
131695  16.640  -74.138  19.383 0.0000000000
7539  16.463  -73.517  18.732 0.0000000000
8118  15.205  -72.626  16.681 0.0000000000
126380  1.935  -58.692  28.874 0.0000000000
132944  1.876  -58.882  28.038 0.0000000000
17515  2.343  -59.250  28.347 0.0000000000
16619  3.391  -61.016  28.539 0.0000000000
133873  3.630  -61.068  27.748 0.0000000000
151045  3.959  -62.169  29.545 0.0000000000
16634  4.126  -62.116  27.802 0.0000000000
15774  4.591  -62.244  27.014 0.0000000000
15773  5.540  -62.941  26.146 0.0000000000
14966  6.354  -63.219  25.969 0.0000000000
14965  7.234  -63.404  25.900 0.0000000000
18388  8.344  -59.725  28.547 0.0000000000
17502  8.132  -61.174  29.745 0.0000000000
16617  8.798  -61.721  29.254 0.0000000000
16633  9.847  -61.347  28.416 0.0000000000
15747  9.262  -62.470  28.780 0.0000000000
15748  8.443  -62.562  28.980 0.0000000000
14937  8.312  -63.680  27.560 0.0000000000
14950  8.814  -63.960  26.819 0.0000000000
15780  9.113  -63.022  25.284 0.0000000000
15779  9.943  -63.279  25.423 0.0000000000
14975  11.378  -63.139  24.919 0.0000000000
126762  12.264  -63.475  25.009 0.0000000000
14945  13.436  -63.738  26.779 0.0000000000
14960  13.905  -64.043  26.016 0.0000000000
125531  14.104  -63.920  24.145 0.0000000000
14973  14.860  -63.871  24.487 0.0000000000
14983  16.039  -63.813  23.602 0.0000000000
14982  16.906  -63.636  23.475 0.0000000000
32235  22.958  -44.423  28.609 0.0000000000
32236  22.243  -44.497  27.981 0.0000000000
32246  21.340  -44.525  27.415 0.0000000000
31304  20.901  -45.478  27.329 0.0000000000
31305  19.911  -45.670  27.312 0.0000000000
32249  18.627  -45.072  27.360 0.0000000000
33254  18.260  -44.029  26.706 0.0000000000
146509  17.671  -42.969  26.501 0.0000000000
34313  19.145  -42.977  25.828 0.0000000000
34314  18.197  -42.761  25.779 0.0000000000
34315  17.520  -42.318  26.271 0.0000000000
35293  17.346  -41.568  26.094 0.0000000000
36211  17.114  -40.877  25.879 0.0000000000
36246  16.786  -40.226  25.559 0.0000000000
37129  19.813  -39.867  24.774 0.0000000000
37153  18.413  -39.517  24.072 0.0000000000
37154  17.663  -39.479  24.151 0.0000000000
36261  17.234  -39.887  24.774 0.0000000000
37961  16.456  -38.512  24.194 0.0000000000
38754  15.907  -37.982  24.126 0.0000000000
937  26.231  -86.616  24.463 0.0000000000
2031  24.408  -84.377  20.611 0.0000000000
2030  25.302  -84.486  20.423 0.0000000000
1621  26.712  -85.741  19.833 0.0000000000
127195  25.490  -86.659  18.956 0.0000000000
1636  26.204  -86.256  19.383 0.0000000000
1664  26.119  -85.582  15.014 0.0000000000
2085  26.587  -84.167  12.806 0.0000000000
2555  25.495  -83.315  11.288 0.0000000000
131272  3.951  -71.137  46.665 0.0000000000
146481  3.791  -70.421  46.615 0.0000000000
9940  4.312  -69.666  46.473 0.0000000000
9956  3.662  -68.871  46.271 0.0000000000
10683  3.886  -68.025  45.912 0.0000000000
5973  4.044  -76.235  15.814 0.0000000000
7027  2.582  -73.742  17.613 0.0000000000
134380  3.144  -74.811  16.536 0.0000000000
6482  4.033  -75.281  15.083 0.0000000000
5983  5.110  -76.305  14.561 0.0000000000
136428  5.619  -75.727  14.052 0.0000000000
6522  6.560  -75.568  13.415 0.0000000000
127147  7.750  -76.126  13.308 0.0000000000
6480  7.505  -75.352  14.962 0.0000000000
6499  7.416  -75.452  13.851 0.0000000000
6520  8.601  -76.040  13.733 0.0000000000
7596  10.619  -73.946  14.524 0.0000000000
7605  10.650  -73.588  14.019 0.0000000000
7612  10.242  -73.361  12.647 0.0000000000
141137  10.200  -55.761  19.868 0.0000000000
21352  10.011  -56.556  19.065 0.0000000000
21351  11.153  -56.696  19.302 0.0000000000
20302  11.443  -56.848  18.637 0.0000000000
16610  0.632  -60.979  29.655 0.0000000000
18371  0.596  -59.275  29.697 0.0000000000
19181  0.726  -58.547  34.682 0.0000000000
130752  0.405  -59.104  33.208 0.0000000000
18361  0.432  -59.284  30.743 0.0000000000
19265  0.752  -58.845  29.281 0.0000000000
19254  1.575  -58.473  30.153 0.0000000000
18370  2.384  -58.946  30.766 0.0000000000
17480  2.966  -60.017  31.201 0.0000000000
19236  3.089  -57.965  32.217 0.0000000000
19235  3.725  -58.741  31.835 0.0000000000
18358  4.190  -59.474  31.519 0.0000000000
19252  5.346  -58.874  31.045 0.0000000000
19263  6.097  -58.669  30.180 0.0000000000
19273  6.123  -57.869  28.494 0.0000000000
22142  1.915  -55.020  30.540 0.0000000000
22141  2.856  -55.294  30.128 0.0000000000
21194  3.685  -55.815  29.714 0.0000000000
22182  2.863  -55.739  27.809 0.0000000000
21212  3.636  -55.873  28.620 0.0000000000
21211  4.376  -56.366  29.200 0.0000000000
20220  4.948  -56.961  28.633 0.0000000000
134984  5.561  -57.328  28.274 0.0000000000
19280  6.688  -58.060  27.595 0.0000000000
143707  6.842  -57.664  26.226 0.0000000000
20230  6.900  -57.555  25.440 0.0000000000
20254  6.967  -57.733  23.916 0.0000000000
20244  6.115  -56.884  24.163 0.0000000000
133587  6.615  -57.586  23.453 0.0000000000
137042  6.809  -58.017  22.347 0.0000000000
20305  6.979  -56.772  21.318 0.0000000000
21335  7.472  -56.347  20.453 0.0000000000
140226  8.335  -55.687  20.126 0.0000000000
26330  7.381  -49.578  29.188 0.0000000000
36194  14.978  -41.096  28.112 0.0000000000
35267  14.608  -41.540  28.565 0.0000000000
36196  13.489  -40.522  28.496 0.0000000000
35268  13.875  -41.289  28.654 0.0000000000
35251  14.317  -41.972  28.880 0.0000000000
33209  14.027  -43.029  29.201 0.0000000000
33210  13.356  -43.538  28.950 0.0000000000
32231  13.219  -44.496  28.797 0.0000000000
149036  11.920  -43.294  28.489 0.0000000000
32238  12.283  -44.832  28.419 0.0000000000
31300  12.285  -45.813  28.440 0.0000000000
133603  11.748  -46.159  28.202 0.0000000000
30255  11.536  -46.775  28.177 0.0000000000
143713  9.764  -47.125  27.536 0.0000000000
29227  9.769  -47.962  27.812 0.0000000000
126044  9.296  -48.747  28.039 0.0000000000
27208  8.865  -49.359  28.426 0.0000000000
27209  7.706  -49.039  28.845 0.0000000000
26331  6.605  -49.574  29.325 0.0000000000
27188  5.493  -49.422  29.002 0.0000000000
27212  5.085  -49.840  28.170 0.0000000000
26340  5.586  -50.387  27.442 0.0000000000
27221  6.672  -49.630  26.892 0.0000000000
142903  6.249  -50.242  27.046 0.0000000000
25525  5.390  -51.303  27.153 0.0000000000
25541  5.949  -52.043  26.470 0.0000000000
139170  6.408  -52.198  25.853 0.0000000000
24011  6.771  -53.245  25.154 0.0000000000
29255  8.911  -47.269  24.506 0.0000000000
28212  8.525  -48.071  24.615 0.0000000000
27239  8.341  -49.557  24.428 0.0000000000
26361  8.117  -50.418  24.253 0.0000000000
25552  7.968  -51.289  24.078 0.0000000000
24819  7.624  -52.514  23.820 0.0000000000
24037  7.218  -53.289  24.240 0.0000000000
24060  7.463  -53.828  23.402 0.0000000000
23150  7.905  -54.451  22.911 0.0000000000
23149  8.591  -54.459  22.810 0.0000000000
24057  9.642  -53.686  23.244 0.0000000000
23148  9.349  -54.417  22.797 0.0000000000
23174  9.161  -55.005  22.352 0.0000000000
22283  9.544  -54.896  21.212 0.0000000000
22308  8.991  -55.096  20.555 0.0000000000
22307  9.788  -55.138  20.450 0.0000000000
22282  11.310  -55.757  21.642 0.0000000000
22256  12.678  -55.647  22.386 0.0000000000
24030  13.684  -53.867  23.930 0.0000000000
1557  20.182  -84.696  28.107 0.0000000000
1202  20.131  -85.748  27.950 0.0000000000
1558  19.603  -85.181  27.814 0.0000000000
1559  18.963  -85.466  27.549 0.0000000000
1560  18.078  -85.744  27.763 0.0000000000
1929  17.427  -84.195  28.314 0.0000000000
130428  17.496  -85.066  28.227 0.0000000000
129119  16.698  -87.064  28.343 0.0000000000
142950  16.165  -87.087  28.774 0.0000000000
145509  15.164  -87.972  29.394 0.0000000000
906  14.430  -88.118  29.314 0.0000000000
128590  16.155  -80.875  29.462 0.0000000000
2865  15.488  -82.664  28.997 0.0000000000
2365  15.111  -83.441  28.826 0.0000000000
2366  14.179  -83.462  28.573 0.0000000000
135508  14.250  -84.507  28.504 0.0000000000
135108  14.878  -84.911  28.678 0.0000000000
914  13.678  -87.452  28.722 0.0000000000
659  13.240  -89.210  29.425 0.0000000000
447  11.545  -90.023  29.475 0.0000000000
681  11.035  -87.917  27.812 0.0000000000
2296  14.589  -83.154  34.827 0.0000000000
131877  14.423  -84.276  33.655 0.0000000000
145363  13.956  -84.042  32.792 0.0000000000
1503  14.204  -85.790  33.686 0.0000000000
1518  13.526  -85.536  32.391 0.0000000000
1891  13.450  -84.638  32.170 0.0000000000
1903  12.753  -84.254  31.382 0.0000000000
1904  12.061  -84.203  30.855 0.0000000000
2336  11.093  -83.659  29.700 0.0000000000
632  11.984  -89.298  33.332 0.0000000000
640  12.047  -88.714  32.823 0.0000000000
890  11.325  -87.404  32.422 0.0000000000
1173  9.707  -86.671  32.659 0.0000000000
1172  10.847  -86.459  32.302 0.0000000000
1520  10.909  -85.459  31.974 0.0000000000
1906  10.891  -84.615  31.328 0.0000000000
2337  10.786  -83.969  30.046 0.0000000000
2347  10.581  -83.458  29.215 0.0000000000
1934  9.854  -83.897  28.313 0.0000000000
135198  9.552  -85.757  42.506 0.0000000000
1097  9.214  -87.172  41.664 0.0000000000
129220  9.227  -87.909  43.328 0.0000000000
810  9.144  -88.186  42.459 0.0000000000
816  9.040  -88.498  41.668 0.0000000000
585  8.429  -90.134  40.830 0.0000000000
393  7.858  -90.747  39.808 0.0000000000
127979  7.146  -90.237  39.169 0.0000000000
2185  3.601  -83.063  46.547 0.0000000000
2184  4.014  -83.639  46.749 0.0000000000
1072  5.976  -86.377  46.181 0.0000000000
134997  2.858  -82.434  41.954 0.0000000000
2215  3.488  -83.626  42.229 0.0000000000
1778  4.293  -84.198  43.595 0.0000000000
2224  5.360  -83.371  41.472 0.0000000000
1785  4.969  -84.175  42.910 0.0000000000
1777  5.317  -84.592  43.670 0.0000000000
1427  5.836  -85.143  44.308 0.0000000000
1415  6.424  -85.905  44.801 0.0000000000
1080  6.744  -86.853  45.523 0.0000000000
1079  7.392  -87.979  44.998 0.0000000000
812  7.369  -88.966  43.466 0.0000000000
817  7.144  -88.455  42.424 0.0000000000
1099  6.693  -87.127  41.006 0.0000000000
818  6.816  -88.123  41.433 0.0000000000
581  7.106  -89.388  41.878 0.0000000000
134454  6.547  -88.814  40.318 0.0000000000
591  6.672  -89.291  39.660 0.0000000000
600  6.711  -89.209  38.685 0.0000000000
137912  6.378  -87.533  37.275 0.0000000000
857  6.175  -86.750  36.816 0.0000000000
129743  5.474  -85.512  35.224 0.0000000000
1482  4.424  -85.117  36.955 0.0000000000
127963  4.153  -84.698  36.391 0.0000000000
1875  4.517  -84.375  34.457 0.0000000000
3320  4.723  -81.965  35.923 0.0000000000
11459  2.530  -67.013  45.787 0.0000000000
11458  3.239  -67.033  45.253 0.0000000000
138213  2.873  -65.981  44.930 0.0000000000
150362  4.080  -66.813  44.870 0.0000000000
12315  4.982  -65.961  44.819 0.0000000000
140294  5.977  -65.443  44.278 0.0000000000
12330  6.039  -65.316  43.611 0.0000000000
15613  5.078  -62.953  43.212 0.0000000000
13962  5.324  -64.165  42.723 0.0000000000
128893  5.800  -65.369  42.854 0.0000000000
135978  3.953  -66.007  42.352 0.0000000000
12339  3.372  -66.566  41.883 0.0000000000
12340  2.905  -66.450  41.546 0.0000000000
139693  1.726  -59.783  42.543 0.0000000000
17366  2.254  -60.462  42.227 0.0000000000
127142  1.448  -62.090  41.784 0.0000000000
16500  1.418  -61.185  41.042 0.0000000000
15628  1.393  -62.881  42.087 0.0000000000
14793  1.792  -63.700  42.199 0.0000000000
13976  1.821  -64.627  42.212 0.0000000000
13131  2.464  -66.010  41.207 0.0000000000
12345  2.849  -66.581  41.349 0.0000000000
10739  1.690  -68.280  39.559 0.0000000000
21016  6.304  -56.247  40.409 0.0000000000
21035  5.499  -56.029  39.749 0.0000000000
126268  4.020  -56.367  38.881 0.0000000000
21056  4.562  -56.242  38.159 0.0000000000
127001  3.726  -56.482  37.851 0.0000000000
128797  3.136  -56.499  38.654 0.0000000000
142140  1.564  -57.148  37.646 0.0000000000
22023  21.996  -55.934  36.264 0.0000000000
22037  22.133  -56.176  35.543 0.0000000000
142948  22.537  -55.671  35.956 0.0000000000
21086  22.329  -55.926  34.825 0.0000000000
21102  23.370  -55.816  33.231 0.0000000000
22096  24.053  -56.158  32.521 0.0000000000
144565  24.598  -56.880  32.392 0.0000000000
26252  22.930  -51.048  34.992 0.0000000000
27153  22.571  -49.750  33.799 0.0000000000
26273  21.728  -49.755  33.985 0.0000000000
26261  22.370  -49.927  34.036 0.0000000000
25445  22.886  -50.452  34.157 0.0000000000
25444  23.129  -51.008  35.297 0.0000000000
24691  24.257  -51.294  35.983 0.0000000000
23891  24.740  -53.487  34.564 0.0000000000
23909  25.028  -53.209  33.775 0.0000000000
23004  24.929  -54.142  33.432 0.0000000000
23036  24.981  -54.813  32.719 0.0000000000
21137  24.891  -56.279  32.307 0.0000000000
22092  27.041  -55.101  32.175 0.0000000000
25467  28.208  -51.759  32.152 0.0000000000
24711  28.047  -52.579  31.728 0.0000000000
26281  28.347  -51.032  31.302 0.0000000000
25474  28.076  -51.737  31.017 0.0000000000
30213  27.720  -45.472  31.522 0.0000000000
31269  26.809  -44.934  31.504 0.0000000000
32200  26.084  -43.689  32.512 0.0000000000
32215  26.046  -44.225  31.527 0.0000000000
31270  26.166  -44.922  30.852 0.0000000000
32218  25.445  -44.516  30.623 0.0000000000
32220  24.232  -44.288  29.777 0.0000000000
145413  24.353  -43.569  30.132 0.0000000000
34264  23.997  -42.131  30.372 0.0000000000
35246  23.618  -41.392  30.806 0.0000000000
35242  23.695  -41.433  31.755 0.0000000000
131186  21.182  -41.289  35.609 0.0000000000
381  12.220  -89.919  41.091 0.0000000000
384  12.542  -90.419  40.481 0.0000000000
577  13.849  -89.760  41.467 0.0000000000
245  13.182  -90.932  39.025 0.0000000000
383  13.362  -90.200  40.492 0.0000000000
583  14.296  -89.520  40.792 0.0000000000
576  14.954  -88.734  41.428 0.0000000000
135137  21.356  -84.836  36.470 0.0000000000
1856  21.104  -84.097  35.804 0.0000000000
629  17.553  -88.627  33.429 0.0000000000
1149  18.405  -87.199  32.974 0.0000000000
1159  18.937  -86.563  33.246 0.0000000000
1888  18.503  -84.870  31.768 0.0000000000
1510  19.092  -85.773  32.844 0.0000000000
1500  19.394  -86.080  34.117 0.0000000000
1869  19.614  -85.055  33.984 0.0000000000
2295  20.566  -83.293  34.509 0.0000000000
2294  21.363  -82.761  34.967 0.0000000000
2796  21.502  -81.899  33.709 0.0000000000
3345  21.683  -81.598  32.518 0.0000000000
2813  22.161  -81.867  31.599 0.0000000000
3370  20.843  -81.588  30.271 0.0000000000
3357  21.622  -81.705  30.823 0.0000000000
2830  21.757  -82.233  30.107 0.0000000000
2335  21.732  -83.079  29.503 0.0000000000
1927  20.772  -84.012  28.507 0.0000000000
1539  21.162  -85.233  29.089 0.0000000000
4225  25.591  -79.583  33.231 0.0000000000
3784  26.075  -80.367  33.553 0.0000000000
126485  26.714  -85.587  32.323 0.0000000000
1166  25.746  -86.637  32.789 0.0000000000
1155  25.392  -86.715  33.763 0.0000000000
870  24.911  -87.085  33.320 0.0000000000
872  23.558  -87.643  33.566 0.0000000000
873  22.936  -87.643  33.644 0.0000000000
1167  22.095  -86.813  32.881 0.0000000000
1509  22.615  -85.915  33.087 0.0000000000
1178  22.264  -85.916  32.121 0.0000000000
1179  21.698  -86.667  31.959 0.0000000000
1536  21.661  -85.585  30.400 0.0000000000
127817  21.496  -85.279  29.726 0.0000000000
1190  19.717  -86.756  27.582 0.0000000000
677  19.251  -88.127  27.189 0.0000000000
665  18.887  -89.466  28.035 0.0000000000
679  17.365  -88.453  26.672 0.0000000000
686  18.028  -89.420  26.794 0.0000000000
465  18.494  -90.152  27.725 0.0000000000
295  18.639  -90.943  27.596 0.0000000000
176  18.461  -91.360  27.043 0.0000000000
186  18.808  -91.656  26.069 0.0000000000
134496  14.225  -91.042  29.695 0.0000000000
70  16.464  -92.202  26.341 0.0000000000
77  17.218  -92.236  26.266 0.0000000000
144931  18.229  -92.100  25.975 0.0000000000
191  18.535  -91.764  25.265 0.0000000000
196  18.711  -91.480  23.624 0.0000000000
127802  19.094  -91.304  22.854 0.0000000000
205  18.723  -90.714  21.914 0.0000000000
132436  17.061  -91.576  22.375 0.0000000000
206  18.106  -91.059  21.688 0.0000000000
334  18.471  -90.345  21.513 0.0000000000
509  18.153  -90.191  21.199 0.0000000000
722  17.311  -88.919  20.595 0.0000000000
125920  16.888  -88.256  19.850 0.0000000000
725  16.932  -88.867  18.943 0.0000000000
726  16.691  -87.611  19.170 0.0000000000
980  16.928  -87.212  18.625 0.0000000000
1303  17.624  -87.004  18.026 0.0000000000
987  19.143  -86.963  17.179 0.0000000000
996  18.688  -86.995  16.347 0.0000000000
128078  21.387  -87.695  15.299 0.0000000000
1012  21.697  -87.703  14.723 0.0000000000
1014  19.847  -86.964  14.205 0.0000000000
1021  21.427  -87.617  13.756 0.0000000000
1020  22.221  -87.524  14.188 0.0000000000
1332  22.824  -87.002  13.432 0.0000000000
1337  23.256  -86.464  12.623 0.0000000000
1681  23.674  -85.811  12.040 0.0000000000
1349  22.001  -86.150  10.902 0.0000000000
1687  23.396  -85.467  11.251 0.0000000000
1686  24.155  -85.079  11.483 0.0000000000
2092  24.571  -84.271  11.043 0.0000000000
2095  24.901  -83.764  10.899 0.0000000000
130544  25.065  -82.600  10.878 0.0000000000
3947  7.786  -81.380  19.416 0.0000000000
3518  7.366  -81.850  18.451 0.0000000000
125010  17.105  -84.625  10.746 0.0000000000
3066  14.970  -82.090  12.757 0.0000000000
2073  16.643  -83.989  13.593 0.0000000000
3065  15.642  -81.882  12.031 0.0000000000
3092  15.587  -81.958  11.792 0.0000000000
2558  16.092  -81.943  11.346 0.0000000000
2099  17.520  -83.642  10.758 0.0000000000
2106  17.935  -84.928  10.393 0.0000000000
2572  19.066  -83.553  10.344 0.0000000000
2571  20.550  -83.599  9.822 0.0000000000
3101  21.344  -82.964  9.964 0.0000000000
3089  20.127  -82.234  10.808 0.0000000000
3088  21.143  -82.466  10.870 0.0000000000
128364  22.045  -83.192  10.106 0.0000000000
3094  23.520  -82.945  10.399 0.0000000000
3086  24.062  -82.438  10.842 0.0000000000
3550  25.415  -81.742  11.630 0.0000000000
3035  23.269  -82.774  15.207 0.0000000000
3533  18.921  -81.346  16.927 0.0000000000
3524  19.877  -81.441  17.512 0.0000000000
4315  15.919  -78.806  23.534 0.0000000000
4808  16.834  -78.913  24.063 0.0000000000
4299  17.713  -79.074  24.572 0.0000000000
125680  17.163  -76.430  24.505 0.0000000000
5320  17.670  -77.308  25.060 0.0000000000
150476  18.572  -78.428  25.080 0.0000000000
138682  1.848  -58.981  26.604 0.0000000000
138940  2.018  -58.905  25.822 0.0000000000
18422  2.302  -59.162  25.041 0.0000000000
17561  4.681  -60.475  24.899 0.0000000000
18436  3.350  -59.367  24.059 0.0000000000
138562  2.942  -58.849  23.461 0.0000000000
18461  3.565  -59.031  22.579 0.0000000000
18479  3.601  -59.460  21.810 0.0000000000
17610  4.064  -60.367  20.477 0.0000000000
145591  8.392  -61.365  23.003 0.0000000000
16702  7.854  -61.105  22.309 0.0000000000
140974  7.107  -60.850  21.947 0.0000000000
126208  8.797  -61.427  20.456 0.0000000000
16739  7.535  -60.937  20.165 0.0000000000
16721  6.804  -60.715  21.314 0.0000000000
17622  5.903  -60.528  19.922 0.0000000000
17623  5.137  -60.468  19.718 0.0000000000
17624  4.679  -60.671  19.836 0.0000000000
8720  6.889  -71.894  20.614 0.0000000000
10929  10.716  -68.274  20.419 0.0000000000
10184  10.240  -69.504  20.688 0.0000000000
9464  10.718  -71.096  21.023 0.0000000000
9494  11.777  -70.653  19.328 0.0000000000
8728  11.289  -71.763  20.282 0.0000000000
8717  10.128  -71.970  21.302 0.0000000000
7509  9.858  -73.489  21.002 0.0000000000
7525  9.806  -74.079  20.108 0.0000000000
6993  9.203  -74.483  19.315 0.0000000000
7006  9.462  -74.493  18.347 0.0000000000
7561  9.320  -74.368  16.924 0.0000000000
8119  9.029  -72.929  16.121 0.0000000000
9531  8.104  -71.190  15.989 0.0000000000
151196  7.765  -72.147  15.444 0.0000000000
8124  8.153  -72.526  15.230 0.0000000000
8128  8.783  -72.546  13.878 0.0000000000
8137  8.804  -72.403  12.902 0.0000000000
137633  9.864  -72.861  12.027 0.0000000000
20326  8.669  -57.801  18.192 0.0000000000
19370  9.490  -59.194  18.373 0.0000000000
135191  10.460  -59.841  19.669 0.0000000000
19369  12.347  -59.356  18.194 0.0000000000
141352  11.803  -60.035  19.930 0.0000000000
18476  11.740  -59.952  20.951 0.0000000000
18475  12.688  -59.872  21.541 0.0000000000
18445  13.489  -59.581  23.142 0.0000000000
128827  13.435  -59.626  24.109 0.0000000000
19320  15.155  -58.093  22.220 0.0000000000
19321  14.913  -58.781  22.510 0.0000000000
18444  14.228  -59.537  23.702 0.0000000000
151331  14.689  -59.763  24.742 0.0000000000
129366  15.350  -59.717  25.151 0.0000000000
17549  15.877  -60.252  26.172 0.0000000000
17531  16.709  -60.995  26.599 0.0000000000
18413  18.145  -59.440  25.751 0.0000000000
16644  18.178  -61.056  26.195 0.0000000000
16663  18.119  -61.835  25.806 0.0000000000
15787  17.926  -62.291  25.009 0.0000000000
14981  17.514  -63.083  23.360 0.0000000000
14991  17.353  -63.882  22.694 0.0000000000
20260  20.531  -57.464  22.298 0.0000000000
19317  20.422  -58.303  22.246 0.0000000000
125059  19.938  -60.223  22.248 0.0000000000
137588  19.881  -60.029  20.123 0.0000000000
17606  19.693  -60.455  20.755 0.0000000000
16698  19.507  -60.885  22.166 0.0000000000
15817  18.604  -62.322  21.775 0.0000000000
15818  18.311  -63.081  21.378 0.0000000000
15005  17.754  -64.111  21.685 0.0000000000
14190  17.644  -64.922  19.763 0.0000000000
14191  17.244  -64.942  18.797 0.0000000000
14218  16.214  -64.626  17.012 0.0000000000
15881  16.588  -62.884  17.721 0.0000000000
130985  15.910  -63.969  16.782 0.0000000000
14231  15.499  -64.648  16.762 0.0000000000
140075  14.028  -64.967  16.474 0.0000000000
136414  11.639  -64.541  16.201 0.0000000000
13402  11.412  -65.345  15.963 0.0000000000
17678  16.519  -59.868  15.553 0.0000000000
16806  14.721  -60.355  15.496 0.0000000000
16807  13.680  -60.334  15.426 0.0000000000
15924  15.058  -62.090  14.849 0.0000000000
148190  13.012  -61.661  14.976 0.0000000000
15926  12.047  -61.545  15.237 0.0000000000
15096  10.955  -63.173  15.348 0.0000000000
14253  10.850  -64.167  15.324 0.0000000000
13419  10.240  -65.934  15.130 0.0000000000
12613  9.910  -66.406  14.941 0.0000000000
11865  9.746  -67.713  13.996 0.0000000000
11041  9.517  -68.506  13.631 0.0000000000
126802  11.602  -67.852  13.635 0.0000000000
11040  10.725  -68.309  13.558 0.0000000000
10299  10.235  -69.235  13.367 0.0000000000
9606  10.429  -71.018  13.091 0.0000000000
149183  10.863  -71.644  12.701 0.0000000000
8165  10.976  -73.533  11.645 0.0000000000
8164  12.384  -73.415  11.863 0.0000000000
7623  14.090  -73.496  11.500 0.0000000000
8827  14.255  -71.311  12.262 0.0000000000
8162  14.524  -72.724  11.519 0.0000000000
132633  14.407  -74.139  11.246 0.0000000000
7635  16.039  -74.236  10.655 0.0000000000
7102  16.510  -74.605  10.800 0.0000000000
7089  17.188  -74.222  10.711 0.0000000000
135310  17.774  -68.795  11.140 0.0000000000
11895  19.130  -68.501  10.603 0.0000000000
9616  17.752  -70.339  10.612 0.0000000000
9628  18.637  -71.356  10.231 0.0000000000
8175  18.215  -73.389  10.209 0.0000000000
7621  17.357  -74.039  11.035 0.0000000000
7611  16.998  -73.480  11.804 0.0000000000
8826  17.192  -72.179  12.568 0.0000000000
8806  17.369  -71.430  12.911 0.0000000000
9583  18.722  -70.808  12.421 0.0000000000
14  15.261  -92.420  26.299 0.0000000000
69  17.269  -92.044  26.439 0.0000000000
76  17.749  -92.220  26.167 0.0000000000
83  17.842  -92.252  25.378 0.0000000000
88  17.660  -92.073  24.526 0.0000000000
97  17.517  -91.830  23.777 0.0000000000
98  16.904  -91.902  23.538 0.0000000000
99  16.118  -92.113  23.645 0.0000000000
105  18.380  -91.504  22.963 0.0000000000
170  19.134  -90.987  28.062 0.0000000000
174  19.761  -91.112  27.423 0.0000000000
177  17.667  -91.792  26.601 0.0000000000
179  15.450  -91.837  26.748 0.0000000000
182  18.260  -91.815  26.539 0.0000000000
185  19.665  -91.054  26.070 0.0000000000
190  18.977  -91.412  24.386 0.0000000000
199  19.802  -90.966  22.742 0.0000000000
200  19.146  -91.001  22.406 0.0000000000
201  18.592  -91.206  22.314 0.0000000000
209  17.617  -90.907  21.123 0.0000000000
246  12.700  -90.790  39.536 0.0000000000
247  12.631  -90.713  39.408 0.0000000000
248  7.907  -90.822  39.232 0.0000000000
253  8.114  -90.693  38.683 0.0000000000
255  15.739  -90.493  36.904 0.0000000000
256  15.028  -90.602  37.229 0.0000000000
257  14.407  -90.524  37.463 0.0000000000
258  13.974  -90.612  37.678 0.0000000000
259  9.005  -90.437  37.366 0.0000000000
261  15.965  -90.312  36.358 0.0000000000
264  7.803  -90.083  36.986 0.0000000000
267  20.765  -90.340  30.380 0.0000000000
268  13.436  -90.697  30.088 0.0000000000
269  12.607  -90.977  30.184 0.0000000000
274  20.981  -90.483  29.401 0.0000000000
276  19.659  -90.434  29.241 0.0000000000
287  19.494  -90.746  28.656 0.0000000000
294  19.582  -91.014  28.260 0.0000000000
298  15.336  -90.868  26.995 0.0000000000
304  16.970  -90.254  26.621 0.0000000000
313  22.133  -89.766  24.381 0.0000000000
314  20.730  -90.570  24.389 0.0000000000
325  21.815  -89.821  22.607 0.0000000000
326  21.056  -89.981  22.396 0.0000000000
327  20.107  -90.331  22.406 0.0000000000
377  12.432  -89.595  42.286 0.0000000000
378  7.888  -90.155  42.796 0.0000000000
380  12.553  -89.943  41.612 0.0000000000
382  8.006  -90.477  42.066 0.0000000000
386  7.953  -90.598  40.659 0.0000000000
387  7.773  -90.449  41.317 0.0000000000
388  7.087  -89.970  40.650 0.0000000000
390  13.786  -90.544  39.428 0.0000000000
392  12.356  -89.964  39.552 0.0000000000
397  14.051  -90.773  38.479 0.0000000000
398  13.381  -90.646  38.345 0.0000000000
400  8.176  -90.678  39.109 0.0000000000
404  17.323  -89.851  37.027 0.0000000000
405  16.337  -90.214  37.210 0.0000000000
412  10.078  -90.182  35.867 0.0000000000
416  17.845  -89.497  34.807 0.0000000000
418  16.545  -89.662  34.925 0.0000000000
419  15.995  -89.686  35.539 0.0000000000
425  16.774  -89.305  34.088 0.0000000000
426  11.559  -89.790  33.950 0.0000000000
427  10.719  -90.115  34.283 0.0000000000
432  9.472  -89.678  33.565 0.0000000000
435  21.076  -89.569  31.602 0.0000000000
437  21.374  -89.995  30.908 0.0000000000
438  20.144  -90.169  30.455 0.0000000000
443  15.345  -89.065  29.450 0.0000000000
444  14.706  -89.708  29.773 0.0000000000
456  12.242  -89.342  29.013 0.0000000000
462  23.587  -88.947  27.821 0.0000000000
467  16.375  -89.670  26.698 0.0000000000
476  22.878  -89.429  26.342 0.0000000000
496  23.304  -88.779  22.747 0.0000000000
497  22.476  -89.364  22.575 0.0000000000
510  17.724  -89.963  20.525 0.0000000000
511  17.294  -89.480  19.787 0.0000000000
515  17.189  -89.814  19.223 0.0000000000
564  8.030  -89.250  44.502 0.0000000000
570  8.327  -89.558  44.030 0.0000000000
580  7.652  -90.188  42.089 0.0000000000
586  6.775  -89.079  41.040 0.0000000000
588  14.191  -89.665  40.073 0.0000000000
589  12.420  -89.049  39.663 0.0000000000
596  15.333  -89.693  38.552 0.0000000000
597  13.165  -89.767  38.343 0.0000000000
604  14.176  -89.893  37.372 0.0000000000
607  9.125  -89.010  38.238 0.0000000000
608  6.966  -89.262  37.759 0.0000000000
613  14.803  -89.765  36.820 0.0000000000
625  16.733  -88.660  33.599 0.0000000000
626  12.500  -88.685  33.677 0.0000000000
630  17.051  -88.244  32.973 0.0000000000
633  11.317  -89.248  33.046 0.0000000000
637  23.011  -88.617  32.571 0.0000000000
639  12.389  -88.291  32.769 0.0000000000
643  9.281  -88.571  33.163 0.0000000000
644  22.777  -88.962  31.828 0.0000000000
645  21.857  -89.144  32.202 0.0000000000
646  20.920  -88.779  31.949 0.0000000000
652  23.874  -88.461  29.344 0.0000000000
658  14.247  -89.013  29.633 0.0000000000
662  24.158  -88.219  28.704 0.0000000000
670  11.592  -88.486  28.265 0.0000000000
678  18.569  -88.879  26.963 0.0000000000
680  16.658  -88.739  26.802 0.0000000000
688  24.194  -88.414  24.352 0.0000000000
689  23.745  -88.637  25.233 0.0000000000
699  24.991  -87.478  23.219 0.0000000000
701  24.112  -88.563  23.811 0.0000000000
705  24.681  -87.757  23.063 0.0000000000
706  24.032  -88.134  22.952 0.0000000000
709  21.108  -88.599  22.217 0.0000000000
711  18.957  -88.314  22.489 0.0000000000
715  20.675  -89.267  22.169 0.0000000000
718  16.983  -87.739  20.649 0.0000000000
730  22.777  -87.778  17.788 0.0000000000
734  22.307  -87.768  17.422 0.0000000000
736  16.906  -88.287  17.534 0.0000000000
740  23.401  -87.708  17.019 0.0000000000
741  22.730  -87.741  16.836 0.0000000000
746  22.327  -87.709  16.165 0.0000000000
747  16.988  -88.378  15.049 0.0000000000
790  7.782  -88.008  45.850 0.0000000000
794  8.993  -88.353  44.956 0.0000000000
795  8.568  -88.463  45.250 0.0000000000
796  7.776  -88.579  45.078 0.0000000000
807  15.537  -88.086  42.265 0.0000000000
811  8.846  -89.392  42.410 0.0000000000
822  8.900  -88.832  40.912 0.0000000000
829  6.204  -87.978  39.705 0.0000000000
852  15.692  -88.207  36.287 0.0000000000
854  10.478  -88.624  36.322 0.0000000000
856  6.727  -87.680  36.408 0.0000000000
859  11.726  -88.355  35.166 0.0000000000
863  18.921  -88.086  34.621 0.0000000000
871  24.280  -87.466  33.295 0.0000000000
874  17.570  -87.747  32.693 0.0000000000
876  13.324  -87.045  32.855 0.0000000000
881  6.244  -87.111  32.878 0.0000000000
884  22.988  -88.189  33.256 0.0000000000
885  22.376  -87.722  33.265 0.0000000000
887  17.341  -87.203  32.300 0.0000000000
888  12.855  -87.773  32.813 0.0000000000
889  12.141  -87.954  32.530 0.0000000000
892  7.951  -87.316  32.948 0.0000000000
893  6.554  -87.284  32.805 0.0000000000
894  25.253  -87.114  31.517 0.0000000000
898  24.882  -87.543  30.151 0.0000000000
900  25.424  -86.867  30.035 0.0000000000
902  20.107  -87.902  30.277 0.0000000000
904  15.566  -87.353  29.081 0.0000000000
909  19.991  -87.366  29.082 0.0000000000
912  16.718  -87.519  28.020 0.0000000000
925  18.656  -87.945  26.723 0.0000000000
927  17.011  -87.919  26.930 0.0000000000
938  25.162  -87.176  24.393 0.0000000000
955  24.620  -87.766  22.987 0.0000000000
963  17.366  -87.230  21.230 0.0000000000
968  23.140  -87.432  18.505 0.0000000000
971  16.950  -87.402  19.875 0.0000000000
974  25.408  -87.437  18.029 0.0000000000
983  24.664  -87.544  17.625 0.0000000000
988  18.173  -87.068  17.139 0.0000000000
997  17.741  -87.356  16.290 0.0000000000
1001  23.598  -87.352  15.803 0.0000000000
1002  22.462  -87.644  15.592 0.0000000000
1004  21.021  -87.658  15.868 0.0000000000
1009  24.038  -87.002  15.394 0.0000000000
1010  23.421  -87.222  14.966 0.0000000000
1030  20.575  -87.057  12.529 0.0000000000
1034  20.931  -87.040  11.798 0.0000000000
1041  18.217  -87.100  10.707 0.0000000000
1042  17.649  -87.288  10.602 0.0000000000
1081  5.934  -85.972  45.509 0.0000000000
1086  9.532  -86.523  43.398 0.0000000000
1087  7.391  -87.750  44.000 0.0000000000
1093  7.304  -86.217  42.726 0.0000000000
1111  6.110  -87.071  39.678 0.0000000000
1127  9.099  -86.877  37.920 0.0000000000
1128  4.927  -85.430  37.373 0.0000000000
1131  16.488  -86.562  35.822 0.0000000000
1134  9.770  -86.916  36.935 0.0000000000
1142  9.985  -86.235  36.382 0.0000000000
1143  5.870  -85.982  36.002 0.0000000000
1144  26.262  -86.176  33.597 0.0000000000
1151  13.516  -86.932  34.073 0.0000000000
1154  26.597  -85.985  32.834 0.0000000000
1162  16.830  -87.749  32.854 0.0000000000
1163  5.667  -86.455  33.470 0.0000000000
1182  25.743  -86.519  30.829 0.0000000000
1183  21.361  -86.410  30.964 0.0000000000
1185  25.240  -86.745  29.152 0.0000000000
1186  21.143  -86.016  29.797 0.0000000000
1188  24.719  -86.605  28.393 0.0000000000
1191  17.357  -86.402  28.004 0.0000000000
1194  13.037  -86.789  28.118 0.0000000000
1200  23.934  -86.473  27.506 0.0000000000
1201  23.775  -87.441  27.129 0.0000000000
1203  19.412  -86.149  27.466 0.0000000000
1205  18.526  -87.203  26.798 0.0000000000
1206  12.453  -86.097  27.640 0.0000000000
1207  11.502  -86.201  27.433 0.0000000000
1208  10.442  -86.373  27.459 0.0000000000
1215  25.895  -86.580  24.873 0.0000000000
1238  19.855  -85.946  23.290 0.0000000000
1241  25.045  -87.371  23.170 0.0000000000
1242  24.168  -87.174  22.967 0.0000000000
1244  21.328  -86.538  23.284 0.0000000000
1250  17.862  -86.625  21.379 0.0000000000
1260  19.142  -86.184  20.754 0.0000000000
1274  24.637  -87.054  18.576 0.0000000000
1276  22.682  -86.610  19.271 0.0000000000
1290  25.480  -87.184  18.362 0.0000000000
1292  19.594  -87.098  18.057 0.0000000000
1293  18.116  -86.692  18.641 0.0000000000
1294  17.378  -86.804  18.866 0.0000000000
1300  26.704  -86.748  18.069 0.0000000000
1301  26.236  -86.786  17.383 0.0000000000
1302  18.570  -86.838  17.894 0.0000000000
1316  25.536  -86.073  15.236 0.0000000000
1330  24.153  -86.396  13.723 0.0000000000
1331  23.500  -86.831  14.084 0.0000000000
1339  21.652  -87.038  12.114 0.0000000000
1342  22.193  -86.501  11.498 0.0000000000
1344  20.758  -86.522  11.059 0.0000000000
1348  22.676  -85.867  11.038 0.0000000000
1355  16.832  -86.830  10.410 0.0000000000
1356  16.263  -86.934  10.663 0.0000000000
1357  19.889  -85.996  10.607 0.0000000000
1416  5.459  -85.278  45.093 0.0000000000
1425  7.292  -86.419  43.501 0.0000000000
1428  4.860  -84.662  44.536 0.0000000000
1462  9.029  -85.540  38.418 0.0000000000
1465  4.926  -85.197  37.792 0.0000000000
1473  5.082  -85.533  37.803 0.0000000000
1493  4.844  -85.274  36.191 0.0000000000
1504  13.905  -86.090  34.200 0.0000000000
1511  18.338  -85.695  32.143 0.0000000000
1512  17.361  -85.907  32.523 0.0000000000
1513  4.983  -85.530  32.932 0.0000000000
1515  22.656  -85.203  32.234 0.0000000000
1516  18.894  -85.207  32.167 0.0000000000
1517  17.883  -85.440  32.130 0.0000000000
1519  12.796  -85.959  32.238 0.0000000000
1521  10.068  -85.453  32.467 0.0000000000
1523  8.012  -85.215  32.670 0.0000000000
1524  6.552  -85.189  32.075 0.0000000000
1526  5.353  -85.981  32.404 0.0000000000
1529  21.931  -85.788  31.236 0.0000000000
1531  12.161  -85.599  31.820 0.0000000000
1532  11.597  -85.960  32.074 0.0000000000
1534  26.108  -86.021  30.921 0.0000000000
1542  21.146  -84.562  28.839 0.0000000000
1543  20.695  -85.006  28.462 0.0000000000
1544  17.028  -85.685  28.348 0.0000000000
1547  14.435  -85.389  28.565 0.0000000000
1556  23.630  -85.473  27.060 0.0000000000
1594  21.492  -85.067  23.619 0.0000000000
1598  19.644  -85.538  22.889 0.0000000000
1599  19.020  -85.968  22.425 0.0000000000
1608  20.066  -85.202  21.861 0.0000000000
1622  25.761  -85.319  19.823 0.0000000000
1639  21.874  -86.325  19.968 0.0000000000
1659  25.976  -86.090  15.844 0.0000000000
1665  25.479  -85.806  14.531 0.0000000000
1671  26.663  -84.621  13.690 0.0000000000
1672  25.394  -85.542  13.686 0.0000000000
1691  23.866  -84.702  10.928 0.0000000000
1692  23.171  -85.176  10.823 0.0000000000
1695  20.705  -85.679  10.483 0.0000000000
1699  22.916  -84.879  10.580 0.0000000000
1700  22.192  -85.100  10.382 0.0000000000
1701  21.465  -85.356  10.362 0.0000000000
1755  4.308  -84.313  47.002 0.0000000000
1763  4.369  -84.001  45.265 0.0000000000
1786  3.505  -83.825  42.973 0.0000000000
1793  6.863  -84.195  42.126 0.0000000000
1794  5.844  -83.912  42.209 0.0000000000
1838  9.281  -84.115  37.373 0.0000000000
1839  5.339  -84.612  37.841 0.0000000000
1846  20.608  -85.069  35.829 0.0000000000
1849  10.158  -83.917  35.818 0.0000000000
1858  17.396  -83.977  35.057 0.0000000000
1862  9.863  -84.702  36.094 0.0000000000
1863  3.924  -84.218  35.675 0.0000000000
1864  3.549  -83.595  35.831 0.0000000000
1872  14.039  -84.692  34.681 0.0000000000
1874  12.136  -84.950  35.199 0.0000000000
1889  18.010  -84.664  31.966 0.0000000000
1890  14.113  -85.019  32.948 0.0000000000
1901  18.970  -84.248  31.419 0.0000000000
1914  22.242  -84.364  30.596 0.0000000000
1915  21.872  -84.861  30.070 0.0000000000
1916  11.696  -83.647  30.249 0.0000000000
1922  21.451  -83.889  29.053 0.0000000000
1931  14.922  -84.217  28.708 0.0000000000
1933  12.752  -84.346  27.776 0.0000000000
1946  19.661  -84.399  27.968 0.0000000000
1951  10.418  -84.200  27.724 0.0000000000
1991  24.686  -84.627  23.752 0.0000000000
1992  23.672  -84.284  23.692 0.0000000000
1993  21.999  -84.453  23.492 0.0000000000
1994  21.375  -84.520  23.302 0.0000000000
2001  20.253  -84.906  22.990 0.0000000000
2002  19.940  -85.150  22.569 0.0000000000
2018  24.801  -83.721  21.187 0.0000000000
2034  21.667  -84.771  21.302 0.0000000000
2042  16.888  -84.294  18.591 0.0000000000
2043  16.254  -84.129  18.050 0.0000000000
2051  16.168  -84.293  17.256 0.0000000000
2064  17.727  -84.576  15.219 0.0000000000
2080  17.756  -84.230  13.169 0.0000000000
2087  17.468  -83.339  12.426 0.0000000000
2096  24.325  -84.186  10.771 0.0000000000
2102  22.617  -84.393  10.305 0.0000000000
2104  19.515  -84.661  10.172 0.0000000000
2105  18.706  -84.688  10.320 0.0000000000
2191  4.075  -83.396  45.828 0.0000000000
2192  3.639  -82.825  45.559 0.0000000000
2209  3.271  -82.725  43.758 0.0000000000
2216  3.029  -83.233  42.520 0.0000000000
2221  9.563  -83.523  41.359 0.0000000000
2222  7.200  -84.118  41.412 0.0000000000
2226  2.998  -83.004  41.633 0.0000000000
2236  3.221  -82.589  40.876 0.0000000000
2245  9.351  -83.253  39.478 0.0000000000
2253  7.280  -83.370  38.923 0.0000000000
2254  7.119  -84.133  39.289 0.0000000000
2261  14.095  -83.052  37.321 0.0000000000
2273  14.776  -82.767  36.920 0.0000000000
2276  4.753  -83.343  36.716 0.0000000000
2277  3.667  -83.398  36.324 0.0000000000
2284  20.975  -83.461  35.248 0.0000000000
2286  16.943  -83.213  35.671 0.0000000000
2289  11.707  -83.297  35.512 0.0000000000
2290  10.858  -83.518  35.622 0.0000000000
2293  23.752  -83.471  34.830 0.0000000000
2297  14.066  -83.853  35.015 0.0000000000
2303  20.170  -83.029  33.543 0.0000000000
2305  17.577  -83.400  32.992 0.0000000000
2315  13.506  -83.597  31.995 0.0000000000
2333  25.102  -83.709  30.278 0.0000000000
2358  21.205  -83.101  28.824 0.0000000000
2361  19.327  -83.735  28.013 0.0000000000
2363  16.877  -83.337  28.501 0.0000000000
2367  12.612  -83.435  27.989 0.0000000000
2368  11.193  -83.190  28.401 0.0000000000
2369  10.001  -83.560  28.985 0.0000000000
2383  11.964  -83.874  27.677 0.0000000000
2435  25.179  -82.442  22.790 0.0000000000
2438  22.503  -83.607  23.077 0.0000000000
2457  22.631  -83.544  22.618 0.0000000000
2469  17.462  -83.874  19.562 0.0000000000
2471  15.999  -83.164  19.136 0.0000000000
2472  15.066  -82.803  19.091 0.0000000000
2476  18.117  -83.395  18.715 0.0000000000
2480  13.593  -82.889  18.471 0.0000000000
2492  17.807  -84.046  17.421 0.0000000000
2493  15.293  -83.578  17.110 0.0000000000
2494  14.262  -83.292  17.106 0.0000000000
2495  13.967  -83.154  17.846 0.0000000000
2508  14.027  -83.240  16.353 0.0000000000
2518  18.290  -83.779  15.288 0.0000000000
2540  18.921  -83.339  13.445 0.0000000000
2542  15.688  -82.651  13.105 0.0000000000
2554  26.207  -83.017  11.530 0.0000000000
2557  16.801  -81.913  11.175 0.0000000000
2561  25.755  -82.731  11.262 0.0000000000
2562  25.031  -83.241  10.886 0.0000000000
2563  24.493  -83.643  10.631 0.0000000000
2564  19.857  -82.973  10.164 0.0000000000
2566  18.372  -82.546  10.791 0.0000000000
2568  23.147  -83.823  10.337 0.0000000000
2570  21.412  -83.531  9.828 0.0000000000
2707  2.903  -82.580  42.688 0.0000000000
2713  2.827  -82.190  41.137 0.0000000000
2731  7.006  -82.015  39.311 0.0000000000
2732  5.966  -81.915  39.606 0.0000000000
2733  4.596  -81.939  39.816 0.0000000000
2744  10.017  -81.896  37.951 0.0000000000
2745  7.311  -82.615  38.432 0.0000000000
2758  15.698  -82.713  36.314 0.0000000000
2760  12.076  -82.369  36.635 0.0000000000
2763  9.949  -82.742  36.732 0.0000000000
2764  7.345  -82.333  36.866 0.0000000000
2771  22.078  -82.571  35.211 0.0000000000
2778  6.670  -82.224  35.898 0.0000000000
2782  23.244  -82.840  34.378 0.0000000000
2785  20.970  -82.455  34.188 0.0000000000
2793  25.971  -82.139  32.963 0.0000000000
2794  23.061  -82.695  33.806 0.0000000000
2795  22.525  -82.151  33.322 0.0000000000
2805  20.504  -81.922  32.391 0.0000000000
2811  25.167  -82.513  31.919 0.0000000000
2820  8.826  -82.363  31.246 0.0000000000
2827  24.985  -82.821  31.312 0.0000000000
2829  22.140  -82.113  30.868 0.0000000000
2845  15.985  -81.755  29.176 0.0000000000
2859  20.893  -82.490  28.828 0.0000000000
2864  16.414  -82.600  28.751 0.0000000000
2941  18.389  -82.321  21.813 0.0000000000
2957  17.653  -82.610  21.627 0.0000000000
2959  15.867  -81.832  20.756 0.0000000000
2964  18.281  -82.858  20.968 0.0000000000
2966  16.966  -83.135  20.589 0.0000000000
3010  17.902  -81.848  17.250 0.0000000000
3024  18.078  -81.998  16.464 0.0000000000
3040  18.453  -82.350  15.710 0.0000000000
3050  21.788  -82.439  14.398 0.0000000000
3071  24.531  -81.715  11.943 0.0000000000
3075  20.586  -82.286  11.722 0.0000000000
3078  16.101  -81.919  11.447 0.0000000000
3079  14.880  -81.979  12.189 0.0000000000
3085  24.809  -81.999  11.089 0.0000000000
3090  19.020  -82.205  11.257 0.0000000000
3091  18.314  -82.126  11.124 0.0000000000
3095  22.578  -82.946  10.320 0.0000000000
3096  21.679  -82.790  10.238 0.0000000000
3098  19.534  -82.326  10.681 0.0000000000
3099  18.730  -82.108  11.021 0.0000000000
3102  20.719  -82.948  9.927 0.0000000000
3258  3.509  -81.838  43.568 0.0000000000
3277  2.993  -81.300  40.080 0.0000000000
3288  6.913  -81.524  38.787 0.0000000000
3305  7.334  -81.882  37.907 0.0000000000
3308  4.906  -80.501  38.734 0.0000000000
3316  7.386  -81.112  37.602 0.0000000000
3325  5.965  -81.907  35.598 0.0000000000
3335  21.923  -81.676  33.159 0.0000000000
3338  16.533  -81.114  33.557 0.0000000000
3340  15.302  -81.434  33.507 0.0000000000
3344  22.128  -81.755  32.462 0.0000000000
3346  21.193  -81.555  32.079 0.0000000000
3348  16.855  -80.614  32.770 0.0000000000
3354  24.735  -81.748  31.639 0.0000000000
3358  21.155  -81.534  31.154 0.0000000000
3360  18.633  -80.717  30.724 0.0000000000
3362  14.249  -80.584  31.700 0.0000000000
3363  13.470  -80.995  31.189 0.0000000000
3369  21.150  -81.796  29.852 0.0000000000
3374  12.893  -81.485  30.569 0.0000000000
3385  17.844  -80.646  29.265 0.0000000000
3386  16.906  -81.075  28.977 0.0000000000
3387  15.316  -80.963  29.615 0.0000000000
3389  13.395  -81.183  29.823 0.0000000000
3401  19.390  -81.422  28.882 0.0000000000
3443  18.480  -81.071  23.393 0.0000000000
3457  18.075  -81.651  22.910 0.0000000000
3469  14.225  -81.053  21.025 0.0000000000
3481  12.706  -81.658  20.262 0.0000000000
3483  10.065  -80.617  19.967 0.0000000000
3484  7.398  -81.119  20.580 0.0000000000
3498  18.511  -82.367  20.316 0.0000000000
3499  12.046  -81.832  19.940 0.0000000000
3502  8.619  -80.945  18.887 0.0000000000
3515  9.982  -81.315  18.323 0.0000000000
3516  8.921  -80.879  18.042 0.0000000000
3519  7.011  -82.061  19.340 0.0000000000
3526  18.121  -81.223  17.568 0.0000000000
3686  3.185  -81.100  45.963 0.0000000000
3697  4.136  -80.715  44.505 0.0000000000
3707  5.226  -80.355  43.878 0.0000000000
3715  5.258  -80.397  43.071 0.0000000000
3734  3.346  -80.765  39.786 0.0000000000
3746  4.606  -79.943  38.655 0.0000000000
3772  6.265  -81.135  34.995 0.0000000000
3773  4.713  -80.840  35.086 0.0000000000
3780  7.065  -80.185  34.698 0.0000000000
3788  25.285  -80.327  32.913 0.0000000000
3789  24.689  -80.285  32.243 0.0000000000
3790  17.262  -80.010  32.015 0.0000000000
3793  14.973  -80.107  32.189 0.0000000000
3801  16.608  -79.502  31.794 0.0000000000
3802  15.895  -79.337  31.469 0.0000000000
3811  15.416  -79.671  30.584 0.0000000000
3824  17.470  -80.006  29.913 0.0000000000
3826  14.825  -80.239  30.145 0.0000000000
3881  17.981  -80.537  23.886 0.0000000000
3882  17.113  -80.318  23.493 0.0000000000
3897  16.780  -80.742  22.847 0.0000000000
3907  19.117  -81.206  22.524 0.0000000000
3908  15.398  -81.142  21.294 0.0000000000
3931  9.403  -80.150  20.507 0.0000000000
4133  3.222  -79.589  45.657 0.0000000000
4146  5.324  -79.758  44.423 0.0000000000
4177  6.870  -79.349  41.591 0.0000000000
4217  7.767  -79.242  35.581 0.0000000000
4231  24.535  -79.571  31.748 0.0000000000
4239  15.213  -79.440  31.099 0.0000000000
4247  16.667  -79.361  31.051 0.0000000000
4298  18.613  -79.072  24.744 0.0000000000
4311  19.566  -79.681  23.879 0.0000000000
4314  16.552  -79.574  23.574 0.0000000000
4325  19.700  -79.845  23.159 0.0000000000
4326  15.776  -79.570  23.074 0.0000000000
4329  12.794  -78.889  22.396 0.0000000000
4343  12.295  -79.400  21.976 0.0000000000
4344  11.583  -79.222  21.796 0.0000000000
4346  8.741  -78.495  21.554 0.0000000000
4347  7.660  -78.730  21.552 0.0000000000
4348  6.751  -79.114  21.417 0.0000000000
4383  15.837  -80.048  17.355 0.0000000000
4387  11.833  -79.110  16.858 0.0000000000
4388  4.764  -79.904  17.111 0.0000000000
4396  14.451  -79.824  16.100 0.0000000000
4410  9.546  -78.978  14.633 0.0000000000
4411  15.899  -79.265  15.064 0.0000000000
4412  14.029  -79.571  14.533 0.0000000000
4415  11.375  -79.139  14.189 0.0000000000
4416  10.368  -79.038  14.227 0.0000000000
4417  9.787  -78.960  14.291 0.0000000000
4418  15.574  -78.887  14.273 0.0000000000
4419  15.068  -78.874  13.669 0.0000000000
4422  12.573  -79.032  13.368 0.0000000000
4424  10.669  -78.804  13.923 0.0000000000
4426  14.926  -78.702  13.289 0.0000000000
4428  13.950  -79.019  13.149 0.0000000000
4600  2.683  -79.264  46.391 0.0000000000
4608  6.621  -78.644  44.009 0.0000000000
4622  7.397  -78.435  43.179 0.0000000000
4636  7.628  -78.494  42.300 0.0000000000
4647  7.532  -77.925  40.287 0.0000000000
4651  7.252  -77.641  39.811 0.0000000000
4668  7.278  -78.490  36.393 0.0000000000
4676  7.500  -78.378  35.203 0.0000000000
4681  7.186  -78.100  34.570 0.0000000000
4790  18.015  -78.349  25.053 0.0000000000
4811  13.945  -77.619  23.208 0.0000000000
4823  14.076  -78.527  23.065 0.0000000000
4833  10.124  -77.572  21.828 0.0000000000
4834  9.199  -77.680  21.608 0.0000000000
4852  13.737  -78.799  19.805 0.0000000000
4853  12.846  -78.420  19.373 0.0000000000
4867  11.895  -78.392  18.385 0.0000000000
4868  11.134  -77.974  18.272 0.0000000000
4881  16.881  -78.722  17.259 0.0000000000
4889  5.094  -79.202  16.659 0.0000000000
4899  16.478  -78.917  16.320 0.0000000000
4902  9.569  -78.551  15.973 0.0000000000
4905  5.621  -78.551  16.266 0.0000000000
4913  16.203  -79.004  15.377 0.0000000000
4914  10.465  -79.165  15.114 0.0000000000
4915  9.806  -78.993  15.098 0.0000000000
4917  7.428  -78.387  14.947 0.0000000000
4918  6.755  -78.182  15.297 0.0000000000
4919  5.667  -77.974  15.617 0.0000000000
4924  9.521  -78.624  14.040 0.0000000000
4928  6.498  -78.019  15.148 0.0000000000
4933  15.716  -78.543  14.116 0.0000000000
4935  13.436  -78.843  13.185 0.0000000000
4937  10.116  -78.633  13.770 0.0000000000
4944  15.546  -78.176  13.623 0.0000000000
4945  15.235  -77.955  13.286 0.0000000000
4946  14.793  -78.189  13.165 0.0000000000
4951  14.130  -77.299  12.550 0.0000000000
5126  4.597  -77.578  45.136 0.0000000000
5152  8.237  -76.584  41.649 0.0000000000
5153  8.080  -77.689  42.417 0.0000000000
5169  7.043  -77.146  39.595 0.0000000000
5175  3.252  -77.185  38.533 0.0000000000
5178  5.521  -77.105  37.453 0.0000000000
5187  4.504  -77.173  36.096 0.0000000000
5319  18.611  -77.785  25.335 0.0000000000
5335  15.470  -77.240  23.545 0.0000000000
5345  12.424  -76.957  22.432 0.0000000000
5346  11.715  -76.905  22.196 0.0000000000
5351  10.474  -76.918  21.821 0.0000000000
5353  8.454  -77.415  21.200 0.0000000000
5354  7.658  -77.778  21.219 0.0000000000
5375  16.468  -78.232  20.176 0.0000000000
5382  7.362  -77.624  20.348 0.0000000000
5396  8.380  -77.321  18.875 0.0000000000
5404  9.538  -77.747  17.891 0.0000000000
5425  16.270  -78.335  15.687 0.0000000000
5426  15.792  -77.433  15.163 0.0000000000
5436  15.831  -77.136  14.106 0.0000000000
5437  7.691  -77.937  14.076 0.0000000000
5451  9.103  -77.438  13.612 0.0000000000
5452  7.258  -77.111  13.610 0.0000000000
5453  6.543  -76.968  14.021 0.0000000000
5464  15.350  -77.226  12.688 0.0000000000
5466  13.765  -77.640  12.907 0.0000000000
5467  13.147  -78.183  13.333 0.0000000000
5478  15.146  -76.926  12.309 0.0000000000
5479  14.730  -77.073  12.370 0.0000000000
5695  5.615  -77.557  44.902 0.0000000000
5699  8.080  -76.550  43.475 0.0000000000
5708  8.327  -76.011  41.890 0.0000000000
5710  6.270  -76.297  41.139 0.0000000000
5730  6.630  -76.856  39.507 0.0000000000
5738  5.869  -76.727  38.828 0.0000000000
5883  16.910  -75.748  23.687 0.0000000000
5885  14.849  -76.746  23.137 0.0000000000
5894  13.881  -76.759  22.535 0.0000000000
5895  12.986  -76.647  22.043 0.0000000000
5901  16.846  -76.049  20.901 0.0000000000
5902  16.469  -76.283  21.510 0.0000000000
5906  12.371  -76.316  21.341 0.0000000000
5908  10.144  -76.676  21.358 0.0000000000
5909  9.313  -76.900  21.174 0.0000000000
5918  16.969  -76.221  20.357 0.0000000000
5921  11.634  -76.168  20.906 0.0000000000
5932  17.184  -76.807  19.876 0.0000000000
5934  11.075  -76.490  20.250 0.0000000000
5935  10.254  -76.519  20.256 0.0000000000
5936  9.469  -76.682  20.413 0.0000000000
5964  16.156  -76.611  16.610 0.0000000000
5972  4.538  -76.368  15.078 0.0000000000
5981  10.507  -76.284  14.304 0.0000000000
5990  15.538  -76.903  12.602 0.0000000000
5991  15.686  -76.590  13.282 0.0000000000
5992  12.623  -76.575  13.663 0.0000000000
5994  10.845  -77.232  14.170 0.0000000000
5997  7.124  -76.284  13.285 0.0000000000
5998  6.299  -76.108  13.646 0.0000000000
6211  6.738  -75.375  44.873 0.0000000000
6227  8.571  -75.471  42.477 0.0000000000
6236  8.067  -75.484  41.796 0.0000000000
6424  16.879  -75.500  20.632 0.0000000000
6437  17.075  -76.182  19.183 0.0000000000
6446  16.846  -76.421  18.379 0.0000000000
6470  7.095  -75.363  15.929 0.0000000000
6471  3.512  -75.063  15.830 0.0000000000
6481  6.511  -74.823  14.793 0.0000000000
6496  10.921  -75.089  14.587 0.0000000000
6498  8.112  -75.835  13.725 0.0000000000
6502  4.163  -74.497  14.640 0.0000000000
6521  7.115  -75.774  13.375 0.0000000000
6523  6.178  -75.404  13.529 0.0000000000
6535  15.835  -76.052  12.064 0.0000000000
6536  16.093  -75.456  12.385 0.0000000000
6537  12.772  -75.678  12.281 0.0000000000
6538  12.439  -75.248  13.247 0.0000000000
6544  15.433  -75.859  11.434 0.0000000000
6545  14.612  -75.745  11.234 0.0000000000
6546  13.580  -75.643  11.457 0.0000000000
6547  12.722  -75.408  11.822 0.0000000000
6556  15.376  -75.444  11.134 0.0000000000
6748  7.139  -74.522  44.941 0.0000000000
6750  5.626  -74.525  45.688 0.0000000000
6758  8.608  -74.505  43.787 0.0000000000
6760  9.052  -73.448  42.877 0.0000000000
6761  8.970  -74.129  43.204 0.0000000000
6960  17.266  -74.621  22.693 0.0000000000
6964  17.258  -74.161  21.846 0.0000000000
6994  8.336  -74.621  19.550 0.0000000000
7007  8.617  -74.838  18.599 0.0000000000
7020  16.326  -74.810  17.739 0.0000000000
7050  5.431  -74.145  14.741 0.0000000000
7061  11.451  -74.211  14.209 0.0000000000
7064  5.282  -74.402  14.062 0.0000000000
7065  4.691  -74.343  14.322 0.0000000000
7073  15.686  -74.956  13.326 0.0000000000
7074  12.067  -74.536  13.881 0.0000000000
7077  5.961  -75.022  13.633 0.0000000000
7081  16.751  -74.586  11.305 0.0000000000
7103  15.706  -74.922  10.912 0.0000000000
7280  5.468  -73.794  45.899 0.0000000000
7524  10.587  -73.373  20.230 0.0000000000
7559  15.619  -73.505  16.894 0.0000000000
7560  9.615  -74.221  17.580 0.0000000000
7564  3.018  -73.621  16.823 0.0000000000
7576  9.322  -74.473  16.323 0.0000000000
7577  4.614  -73.561  15.247 0.0000000000
7579  3.592  -73.541  16.150 0.0000000000
7588  9.814  -73.836  15.295 0.0000000000
7591  4.184  -73.502  15.046 0.0000000000
7597  9.866  -73.374  14.523 0.0000000000
7613  9.562  -72.828  12.473 0.0000000000
7620  17.940  -73.398  11.170 0.0000000000
7622  15.129  -73.580  11.012 0.0000000000
7624  12.512  -74.337  11.643 0.0000000000
7625  11.398  -74.287  11.725 0.0000000000
7626  10.576  -74.047  11.761 0.0000000000
7634  17.970  -73.871  10.243 0.0000000000
7636  15.095  -74.546  10.974 0.0000000000
7818  5.771  -72.444  46.384 0.0000000000
7834  8.726  -72.167  44.457 0.0000000000
7849  8.945  -72.911  44.055 0.0000000000
7857  9.169  -72.955  42.898 0.0000000000
7858  9.224  -72.766  43.064 0.0000000000
8046  8.480  -72.695  21.356 0.0000000000
8064  10.456  -72.706  21.049 0.0000000000
8065  9.564  -72.714  21.343 0.0000000000
8066  7.519  -72.444  21.190 0.0000000000
8094  10.965  -72.992  19.228 0.0000000000
8095  10.485  -73.229  18.320 0.0000000000
8113  9.196  -73.156  16.933 0.0000000000
8129  7.682  -72.163  14.355 0.0000000000
8130  7.123  -71.838  14.727 0.0000000000
8135  16.532  -72.758  12.782 0.0000000000
8138  7.789  -71.859  13.519 0.0000000000
8145  18.387  -72.959  11.173 0.0000000000
8146  17.577  -72.879  11.846 0.0000000000
8147  13.056  -72.372  12.182 0.0000000000
8148  11.982  -72.547  12.238 0.0000000000
8149  10.739  -72.568  12.163 0.0000000000
8150  9.866  -73.133  11.990 0.0000000000
8151  9.379  -72.503  12.563 0.0000000000
8159  18.671  -72.536  10.348 0.0000000000
8163  13.567  -72.939  11.819 0.0000000000
8166  10.186  -73.459  11.793 0.0000000000
8176  17.555  -73.586  10.073 0.0000000000
8177  16.334  -73.460  10.483 0.0000000000
8422  6.312  -71.853  46.435 0.0000000000
8438  8.336  -71.836  45.002 0.0000000000
8440  7.141  -71.614  46.082 0.0000000000
8467  7.593  -70.687  41.983 0.0000000000
8716  11.225  -71.144  20.653 0.0000000000
8719  7.903  -71.711  20.396 0.0000000000
8743  11.529  -71.198  19.789 0.0000000000
8772  9.139  -71.633  16.759 0.0000000000
8779  7.144  -71.595  15.122 0.0000000000
8792  6.871  -71.347  14.332 0.0000000000
8807  16.501  -71.772  13.344 0.0000000000
8808  8.336  -71.153  13.249 0.0000000000
8809  7.331  -71.340  13.586 0.0000000000
8825  18.187  -72.221  11.934 0.0000000000
8828  13.507  -71.649  12.381 0.0000000000
8831  9.857  -71.987  12.509 0.0000000000
8844  19.202  -72.037  10.482 0.0000000000
8858  18.512  -72.372  10.112 0.0000000000
8859  16.779  -71.888  10.530 0.0000000000
9145  4.650  -70.560  46.674 0.0000000000
9171  8.076  -70.150  44.814 0.0000000000
9177  8.815  -70.210  43.364 0.0000000000
9182  8.549  -70.130  42.645 0.0000000000
9183  7.850  -69.853  41.955 0.0000000000
9186  5.317  -70.172  41.946 0.0000000000
9465  9.882  -71.118  21.142 0.0000000000
9466  8.785  -71.376  20.772 0.0000000000
9478  11.651  -70.532  20.291 0.0000000000
9495  11.361  -71.101  18.616 0.0000000000
9512  10.882  -70.764  17.616 0.0000000000
9513  10.049  -71.123  17.188 0.0000000000
9529  10.158  -70.228  16.999 0.0000000000
9571  7.253  -70.507  14.080 0.0000000000
9586  10.912  -70.157  13.249 0.0000000000
9587  9.761  -70.091  13.231 0.0000000000
9590  6.796  -71.078  13.932 0.0000000000
9601  18.174  -71.321  12.483 0.0000000000
9602  14.381  -70.406  12.508 0.0000000000
9607  9.381  -71.055  13.092 0.0000000000
9614  20.014  -71.184  10.710 0.0000000000
9615  19.521  -71.787  10.843 0.0000000000
9626  20.033  -70.950  10.401 0.0000000000
9627  19.493  -71.044  10.310 0.0000000000
9954  6.117  -69.256  46.086 0.0000000000
9981  6.673  -68.773  41.765 0.0000000000
10182  11.896  -69.764  20.459 0.0000000000
10183  11.102  -69.650  20.718 0.0000000000
10193  9.353  -69.264  20.267 0.0000000000
10195  7.940  -69.912  19.222 0.0000000000
10237  12.797  -69.677  18.595 0.0000000000
10238  11.975  -69.934  17.827 0.0000000000
10263  10.487  -69.509  16.596 0.0000000000
10264  9.622  -69.810  16.098 0.0000000000
10282  8.901  -69.192  15.280 0.0000000000
10283  8.140  -69.718  14.562 0.0000000000
10300  9.154  -69.271  13.469 0.0000000000
10310  15.253  -69.190  12.437 0.0000000000
10314  11.938  -70.245  13.248 0.0000000000
10320  20.875  -70.224  10.260 0.0000000000
10322  15.679  -69.538  12.001 0.0000000000
10331  20.831  -70.188  10.020 0.0000000000
10333  19.390  -70.112  10.298 0.0000000000
10699  3.928  -67.430  45.263 0.0000000000
10702  7.962  -68.210  43.556 0.0000000000
10704  7.899  -68.464  42.751 0.0000000000
10707  5.165  -68.103  41.605 0.0000000000
10709  3.399  -69.151  41.003 0.0000000000
10930  9.991  -68.717  20.379 0.0000000000
10946  13.121  -68.798  20.230 0.0000000000
10947  9.854  -67.936  19.966 0.0000000000
10970  13.918  -68.601  18.697 0.0000000000
10971  13.424  -69.094  19.416 0.0000000000
10986  13.765  -68.536  17.444 0.0000000000
11004  12.842  -68.603  16.687 0.0000000000
11029  8.874  -67.991  14.448 0.0000000000
11037  14.153  -68.238  13.346 0.0000000000
11038  13.480  -68.393  13.450 0.0000000000
11039  12.647  -67.978  13.578 0.0000000000
11042  9.082  -68.150  13.959 0.0000000000
11051  13.942  -68.982  13.270 0.0000000000
11057  18.325  -68.325  11.064 0.0000000000
11059  16.455  -68.821  11.721 0.0000000000
11068  18.660  -69.236  10.558 0.0000000000
11437  2.992  -67.623  45.904 0.0000000000
11438  2.390  -67.519  46.227 0.0000000000
11439  2.148  -67.034  46.215 0.0000000000
11457  4.716  -66.966  44.876 0.0000000000
11464  7.623  -67.707  43.154 0.0000000000
11469  4.798  -67.262  41.962 0.0000000000
11471  3.382  -67.155  41.333 0.0000000000
11480  3.233  -67.260  41.088 0.0000000000
11496  2.766  -67.546  40.606 0.0000000000
11511  1.622  -67.288  39.085 0.0000000000
11764  12.450  -68.399  20.413 0.0000000000
11787  9.107  -67.702  19.321 0.0000000000
11803  8.425  -67.358  18.804 0.0000000000
11816  14.633  -67.628  17.556 0.0000000000
11817  14.275  -68.130  18.044 0.0000000000
11829  14.471  -67.340  16.826 0.0000000000
11832  11.268  -67.196  15.768 0.0000000000
11840  10.195  -67.118  15.519 0.0000000000
11852  9.811  -66.983  14.573 0.0000000000
11853  9.279  -67.482  14.482 0.0000000000
11861  15.253  -67.139  13.231 0.0000000000
11863  11.849  -67.176  13.898 0.0000000000
11873  16.184  -68.145  12.103 0.0000000000
12313  6.322  -65.815  44.199 0.0000000000
12314  5.934  -65.908  44.566 0.0000000000
12316  3.607  -66.346  44.892 0.0000000000
12317  2.590  -66.551  45.158 0.0000000000
12337  6.208  -65.886  43.001 0.0000000000
12347  2.360  -66.697  40.607 0.0000000000
12539  14.886  -66.814  19.146 0.0000000000
12540  14.101  -66.711  19.452 0.0000000000
12542  11.909  -66.554  19.399 0.0000000000
12557  16.139  -66.089  17.814 0.0000000000
12559  8.967  -65.874  19.093 0.0000000000
12560  8.279  -66.400  18.416 0.0000000000
12573  7.632  -66.495  17.453 0.0000000000
12587  13.755  -66.580  16.393 0.0000000000
12600  9.855  -66.577  15.119 0.0000000000
12601  9.463  -66.907  14.887 0.0000000000
12612  10.938  -65.729  14.646 0.0000000000
12640  15.921  -67.115  12.971 0.0000000000
13073  1.460  -65.659  45.192 0.0000000000
13093  5.676  -64.885  44.209 0.0000000000
13096  2.550  -65.404  44.865 0.0000000000
13111  5.715  -64.794  42.987 0.0000000000
13112  5.007  -65.112  42.502 0.0000000000
13121  2.247  -65.938  41.998 0.0000000000
13122  1.879  -65.471  42.067 0.0000000000
13146  0.998  -65.506  38.597 0.0000000000
13309  16.812  -65.469  21.165 0.0000000000
13310  16.109  -65.694  21.332 0.0000000000
13326  17.301  -65.324  20.533 0.0000000000
13328  15.965  -65.898  20.617 0.0000000000
13346  16.191  -66.078  19.872 0.0000000000
13347  15.363  -66.322  19.542 0.0000000000
13350  12.431  -65.714  19.096 0.0000000000
13352  9.876  -65.776  19.220 0.0000000000
13371  8.680  -64.938  18.710 0.0000000000
13382  16.358  -65.360  17.633 0.0000000000
13383  15.884  -65.499  17.092 0.0000000000
13386  7.209  -65.694  16.522 0.0000000000
13399  14.975  -65.530  16.655 0.0000000000
13400  13.995  -65.768  16.391 0.0000000000
13401  12.759  -65.613  16.231 0.0000000000
13418  10.671  -65.336  15.406 0.0000000000
13430  12.243  -64.661  14.405 0.0000000000
13431  11.184  -64.758  14.830 0.0000000000
13936  4.308  -64.290  44.617 0.0000000000
13961  5.580  -64.282  43.475 0.0000000000
13964  2.764  -64.766  42.293 0.0000000000
13982  1.396  -63.726  40.510 0.0000000000
13991  1.225  -64.082  39.475 0.0000000000
14148  16.114  -64.908  22.450 0.0000000000
14159  15.681  -65.360  21.938 0.0000000000
14160  14.836  -64.698  21.526 0.0000000000
14176  14.481  -64.771  20.714 0.0000000000
14206  10.113  -64.150  19.183 0.0000000000
14207  9.319  -64.351  18.980 0.0000000000
14217  16.751  -64.754  17.839 0.0000000000
14219  7.783  -63.942  17.389 0.0000000000
14232  14.491  -64.421  16.629 0.0000000000
14233  13.358  -64.088  16.528 0.0000000000
14243  10.764  -63.577  15.642 0.0000000000
14248  16.017  -64.101  14.228 0.0000000000
14250  13.834  -63.798  14.387 0.0000000000
14267  14.612  -64.773  14.185 0.0000000000
14759  1.847  -63.244  44.633 0.0000000000
14777  5.247  -63.519  43.690 0.0000000000
14778  4.874  -63.053  43.714 0.0000000000
14782  5.296  -63.448  43.070 0.0000000000
14785  2.305  -63.829  42.231 0.0000000000
14790  4.538  -62.622  42.309 0.0000000000
14791  4.161  -62.939  41.811 0.0000000000
14797  1.382  -63.362  41.569 0.0000000000
14922  8.846  -63.206  28.377 0.0000000000
14923  7.897  -63.247  28.297 0.0000000000
14931  13.770  -63.117  27.414 0.0000000000
14934  11.182  -63.595  27.628 0.0000000000
14938  7.316  -63.628  27.446 0.0000000000
14940  6.021  -63.427  26.648 0.0000000000
14943  15.001  -63.312  26.702 0.0000000000
14946  12.499  -63.972  26.625 0.0000000000
14949  9.774  -64.225  27.017 0.0000000000
14952  6.792  -63.634  26.607 0.0000000000
14957  16.012  -63.419  25.396 0.0000000000
14962  10.789  -63.538  25.581 0.0000000000
14963  9.380  -63.664  26.103 0.0000000000
14964  8.356  -63.376  25.851 0.0000000000
14971  16.695  -63.164  24.922 0.0000000000
14974  13.297  -63.874  25.008 0.0000000000
14984  14.978  -63.909  23.654 0.0000000000
14994  14.668  -63.951  22.769 0.0000000000
15007  14.396  -63.853  21.887 0.0000000000
15020  13.559  -63.421  20.443 0.0000000000
15021  12.754  -62.938  19.992 0.0000000000
15032  18.024  -63.977  19.837 0.0000000000
15033  12.339  -63.767  19.185 0.0000000000
15035  10.791  -62.907  19.087 0.0000000000
15044  17.135  -63.910  18.090 0.0000000000
15045  9.990  -63.323  19.093 0.0000000000
15046  9.484  -62.634  18.462 0.0000000000
15060  15.511  -62.916  17.145 0.0000000000
15063  7.449  -62.975  17.204 0.0000000000
15075  14.942  -63.681  16.813 0.0000000000
15078  11.062  -62.903  15.775 0.0000000000
15084  11.326  -62.209  15.406 0.0000000000
15093  15.531  -63.137  14.457 0.0000000000
15109  16.920  -64.293  14.167 0.0000000000
15562  1.273  -62.787  46.044 0.0000000000
15614  4.616  -62.483  43.340 0.0000000000
15615  3.928  -61.913  43.452 0.0000000000
15616  3.078  -61.562  43.687 0.0000000000
15731  7.243  -62.221  29.487 0.0000000000
15733  5.421  -62.432  29.508 0.0000000000
15734  4.583  -62.218  29.874 0.0000000000
15750  6.673  -62.742  28.927 0.0000000000
15752  4.608  -62.567  28.775 0.0000000000
15760  13.864  -62.246  27.506 0.0000000000
15761  13.206  -62.577  27.657 0.0000000000
15763  11.738  -62.708  28.114 0.0000000000
15764  10.812  -62.779  28.333 0.0000000000
15766  4.711  -62.795  27.807 0.0000000000
15771  16.206  -62.716  26.576 0.0000000000
15781  7.712  -62.758  25.255 0.0000000000
15788  17.391  -62.754  24.782 0.0000000000
15792  8.508  -61.608  23.911 0.0000000000
15793  7.289  -62.113  24.682 0.0000000000
15797  18.041  -62.316  23.385 0.0000000000
15799  11.654  -62.128  23.391 0.0000000000
15804  17.992  -62.981  22.415 0.0000000000
15806  12.782  -62.521  22.439 0.0000000000
15807  12.118  -62.123  22.524 0.0000000000
15819  13.341  -62.750  21.896 0.0000000000
15821  11.721  -62.062  21.535 0.0000000000
15836  18.379  -62.792  20.531 0.0000000000
15837  11.732  -62.459  20.313 0.0000000000
15839  10.320  -61.981  19.854 0.0000000000
15849  11.300  -62.706  19.352 0.0000000000
15859  17.397  -62.297  19.045 0.0000000000
15862  9.549  -62.052  18.469 0.0000000000
15863  8.661  -62.170  17.534 0.0000000000
15864  7.507  -60.998  17.700 0.0000000000
15883  14.701  -61.789  16.961 0.0000000000
15899  11.958  -61.422  15.888 0.0000000000
15900  11.559  -62.058  15.694 0.0000000000
15909  12.784  -60.761  15.276 0.0000000000
15910  12.316  -60.991  15.561 0.0000000000
15911  11.805  -61.610  15.559 0.0000000000
15923  16.105  -62.436  14.640 0.0000000000
15925  13.929  -61.471  15.090 0.0000000000
16453  1.716  -61.657  45.631 0.0000000000
16475  4.300  -61.850  42.989 0.0000000000
16476  3.696  -61.371  43.072 0.0000000000
16477  3.039  -60.855  43.353 0.0000000000
16483  4.250  -61.950  42.449 0.0000000000
16490  3.551  -61.548  41.967 0.0000000000
16491  2.657  -61.160  41.779 0.0000000000
16492  1.235  -61.248  42.059 0.0000000000
16493  0.970  -60.996  42.015 0.0000000000
16508  1.074  -61.313  40.092 0.0000000000
16589  0.619  -60.414  31.105 0.0000000000
16596  5.932  -61.243  30.528 0.0000000000
16604  7.993  -61.964  29.526 0.0000000000
16608  3.458  -61.512  29.483 0.0000000000
16616  9.484  -61.846  28.876 0.0000000000
16629  13.553  -61.299  27.224 0.0000000000
16630  12.704  -61.527  27.514 0.0000000000
16631  12.092  -61.941  28.058 0.0000000000
16632  10.548  -61.578  28.303 0.0000000000
16645  17.463  -61.782  26.394 0.0000000000
16646  16.559  -61.942  26.721 0.0000000000
16647  15.809  -62.070  27.016 0.0000000000
16652  4.610  -61.508  26.117 0.0000000000
16665  5.003  -61.235  25.318 0.0000000000
16674  18.610  -61.165  25.451 0.0000000000
16685  18.612  -61.583  23.575 0.0000000000
16687  9.955  -61.672  23.255 0.0000000000
16689  7.734  -61.331  23.370 0.0000000000
16690  6.424  -60.907  23.480 0.0000000000
16703  6.220  -60.647  22.821 0.0000000000
16716  19.076  -61.594  21.988 0.0000000000
16717  10.199  -61.675  21.407 0.0000000000
16720  7.536  -60.927  21.228 0.0000000000
16734  18.628  -61.723  20.452 0.0000000000
16735  18.364  -62.139  20.110 0.0000000000
16737  9.747  -61.672  20.394 0.0000000000
16738  8.212  -61.165  20.000 0.0000000000
16740  6.785  -60.749  20.496 0.0000000000
16751  17.849  -61.896  19.434 0.0000000000
16753  8.820  -61.249  19.244 0.0000000000
16756  4.873  -60.481  18.398 0.0000000000
16757  4.451  -61.363  19.279 0.0000000000
16770  16.704  -61.375  17.918 0.0000000000
16771  8.361  -60.827  18.160 0.0000000000
16772  6.292  -60.511  18.119 0.0000000000
16784  15.095  -61.266  16.895 0.0000000000
16785  14.192  -60.912  16.607 0.0000000000
16795  13.509  -60.373  16.106 0.0000000000
16796  13.267  -60.379  15.658 0.0000000000
16805  15.799  -60.355  15.451 0.0000000000
17294  5.936  -60.404  47.404 0.0000000000
17295  4.992  -60.732  47.325 0.0000000000
17314  3.578  -60.563  46.475 0.0000000000
17315  2.619  -60.784  46.128 0.0000000000
17327  3.102  -60.116  45.781 0.0000000000
17351  2.528  -60.094  43.151 0.0000000000
17352  1.934  -60.547  44.114 0.0000000000
17361  2.526  -60.281  42.700 0.0000000000
17362  0.707  -59.719  42.289 0.0000000000
17368  0.786  -60.220  42.098 0.0000000000
17389  1.094  -60.501  39.888 0.0000000000
17402  1.413  -60.423  38.855 0.0000000000
17412  1.061  -60.107  37.915 0.0000000000
17489  6.305  -60.384  30.583 0.0000000000
17491  3.899  -61.268  31.071 0.0000000000
17492  3.203  -60.981  30.964 0.0000000000
17504  6.836  -60.963  30.412 0.0000000000
17505  3.013  -60.958  30.182 0.0000000000
17507  0.431  -59.983  29.234 0.0000000000
17512  8.672  -60.694  29.157 0.0000000000
17513  8.043  -60.267  29.507 0.0000000000
17520  10.125  -60.626  27.633 0.0000000000
17523  2.897  -60.039  27.774 0.0000000000
17524  0.550  -60.425  27.040 0.0000000000
17525  0.595  -59.883  27.702 0.0000000000
17530  17.518  -60.874  26.429 0.0000000000
17533  14.511  -60.695  26.652 0.0000000000
17534  13.658  -60.531  26.586 0.0000000000
17538  9.637  -59.826  27.080 0.0000000000
17539  9.175  -59.695  27.509 0.0000000000
17541  3.430  -59.914  25.772 0.0000000000
17546  19.458  -59.845  25.183 0.0000000000
17547  17.908  -60.240  26.208 0.0000000000
17550  14.876  -60.078  25.991 0.0000000000
17553  12.383  -60.066  25.952 0.0000000000
17556  4.012  -60.197  25.370 0.0000000000
17562  3.898  -59.922  24.676 0.0000000000
17577  4.691  -59.815  23.039 0.0000000000
17588  19.770  -60.532  21.579 0.0000000000
17589  19.369  -61.090  21.337 0.0000000000
17590  6.162  -60.285  20.881 0.0000000000
17592  4.776  -59.497  21.871 0.0000000000
17593  4.166  -59.590  21.095 0.0000000000
17594  2.969  -60.105  21.643 0.0000000000
17607  19.029  -61.135  20.435 0.0000000000
17608  5.304  -59.775  20.590 0.0000000000
17609  4.856  -59.762  20.524 0.0000000000
17611  2.879  -60.826  21.056 0.0000000000
17621  17.884  -61.208  19.077 0.0000000000
17625  3.950  -61.106  19.946 0.0000000000
17642  16.164  -60.785  16.869 0.0000000000
17643  14.462  -60.407  16.232 0.0000000000
17653  17.201  -59.546  16.306 0.0000000000
17655  14.640  -60.140  15.750 0.0000000000
17663  15.927  -60.001  15.760 0.0000000000
17664  15.068  -60.177  15.783 0.0000000000
17665  14.053  -59.977  15.643 0.0000000000
18169  7.440  -59.550  46.510 0.0000000000
18171  5.877  -59.683  46.745 0.0000000000
18173  3.994  -59.905  46.169 0.0000000000
18180  5.234  -59.466  46.064 0.0000000000
18183  2.654  -59.636  45.149 0.0000000000
18196  2.331  -59.231  44.506 0.0000000000
18211  1.184  -59.230  42.600 0.0000000000
18359  3.251  -59.544  31.598 0.0000000000
18380  6.679  -59.432  30.042 0.0000000000
18381  2.201  -58.757  29.778 0.0000000000
18382  0.468  -59.227  28.923 0.0000000000
18389  7.656  -59.390  28.769 0.0000000000
18390  7.041  -59.013  29.033 0.0000000000
18391  1.305  -58.930  28.340 0.0000000000
18392  0.695  -59.350  28.338 0.0000000000
18396  7.243  -58.682  28.121 0.0000000000
18397  2.129  -59.025  27.313 0.0000000000
18398  1.580  -59.073  27.473 0.0000000000
18402  10.382  -59.567  25.692 0.0000000000
18406  2.591  -59.290  25.730 0.0000000000
18407  2.257  -59.020  26.437 0.0000000000
18408  1.505  -59.326  26.015 0.0000000000
18412  18.957  -59.349  25.433 0.0000000000
18415  14.409  -59.866  25.223 0.0000000000
18419  10.380  -59.437  24.864 0.0000000000
18427  19.716  -59.339  24.580 0.0000000000
18428  16.220  -59.208  25.064 0.0000000000
18430  14.867  -59.577  24.251 0.0000000000
18437  2.677  -59.174  24.222 0.0000000000
18438  2.172  -59.334  24.350 0.0000000000
18442  19.813  -59.616  23.948 0.0000000000
18443  15.099  -59.109  23.412 0.0000000000
18446  12.763  -59.570  23.728 0.0000000000
18450  2.912  -58.735  23.037 0.0000000000
18451  2.477  -59.002  23.537 0.0000000000
18455  13.290  -59.735  22.295 0.0000000000
18457  11.298  -59.448  23.092 0.0000000000
18459  9.803  -59.273  22.522 0.0000000000
18460  4.066  -59.157  22.448 0.0000000000
18462  2.907  -59.267  22.433 0.0000000000
18472  20.170  -59.905  21.421 0.0000000000
18492  20.124  -59.835  20.640 0.0000000000
18493  13.415  -59.815  20.522 0.0000000000
18495  11.040  -59.964  20.287 0.0000000000
18496  10.131  -59.863  20.500 0.0000000000
18497  9.525  -59.575  19.496 0.0000000000
18507  20.355  -59.344  20.052 0.0000000000
18508  19.846  -59.924  19.407 0.0000000000
18509  12.217  -60.006  19.078 0.0000000000
18510  11.234  -59.870  19.088 0.0000000000
18511  10.279  -59.555  18.681 0.0000000000
18520  19.123  -60.319  17.880 0.0000000000
18521  11.697  -59.641  18.127 0.0000000000
18547  17.849  -59.272  15.753 0.0000000000
18554  17.547  -59.405  15.613 0.0000000000
18555  16.558  -59.631  15.754 0.0000000000
18567  17.093  -59.593  15.557 0.0000000000
19033  8.163  -59.034  46.054 0.0000000000
19035  6.550  -59.021  46.165 0.0000000000
19046  4.061  -58.944  45.122 0.0000000000
19056  9.363  -57.402  44.313 0.0000000000
19059  4.711  -58.729  44.455 0.0000000000
19060  2.199  -58.980  43.129 0.0000000000
19071  2.602  -58.520  43.452 0.0000000000
19081  0.590  -59.110  42.221 0.0000000000
19092  0.655  -58.482  41.942 0.0000000000
19119  0.914  -58.858  39.142 0.0000000000
19221  2.119  -57.652  32.212 0.0000000000
19238  1.086  -58.275  31.035 0.0000000000
19239  0.616  -58.603  30.981 0.0000000000
19264  1.177  -58.600  29.559 0.0000000000
19274  1.674  -58.526  29.418 0.0000000000
19275  1.210  -58.648  29.025 0.0000000000
19286  19.048  -58.554  25.225 0.0000000000
19289  9.103  -58.930  24.710 0.0000000000
19295  19.653  -58.453  24.639 0.0000000000
19298  16.890  -58.491  25.093 0.0000000000
19300  9.127  -58.664  24.032 0.0000000000
19313  7.703  -58.111  23.629 0.0000000000
19318  20.296  -58.929  22.697 0.0000000000
19319  15.603  -57.762  22.575 0.0000000000
19334  20.394  -58.983  21.670 0.0000000000
19350  20.515  -58.667  20.786 0.0000000000
19356  7.358  -58.081  20.891 0.0000000000
19371  8.921  -58.798  18.840 0.0000000000
19372  8.155  -58.266  19.261 0.0000000000
19381  20.418  -59.249  18.019 0.0000000000
19384  10.729  -58.800  17.216 0.0000000000
19385  10.007  -59.099  17.622 0.0000000000
19386  9.337  -58.517  17.838 0.0000000000
19399  20.718  -58.639  17.290 0.0000000000
19413  19.463  -58.639  15.685 0.0000000000
19422  18.630  -58.614  15.027 0.0000000000
19423  18.223  -58.999  15.245 0.0000000000
19430  18.500  -58.738  14.963 0.0000000000
19431  18.157  -59.106  15.239 0.0000000000
19960  8.488  -57.665  44.827 0.0000000000
19969  8.936  -56.984  44.475 0.0000000000
19970  8.413  -57.126  44.494 0.0000000000
19971  6.271  -58.105  43.870 0.0000000000
19984  5.734  -57.753  43.185 0.0000000000
20000  8.907  -56.829  42.832 0.0000000000
20020  3.767  -57.250  41.511 0.0000000000
20021  2.299  -57.491  41.174 0.0000000000
20022  0.823  -57.908  41.410 0.0000000000
20034  9.927  -57.603  41.125 0.0000000000
20037  0.695  -57.638  40.568 0.0000000000
20049  9.434  -57.206  40.300 0.0000000000
20051  0.721  -57.501  39.746 0.0000000000
20095  17.747  -58.057  35.821 0.0000000000
20104  0.923  -57.977  35.175 0.0000000000
20132  0.839  -57.346  33.388 0.0000000000
20154  0.819  -57.463  32.650 0.0000000000
20177  3.475  -57.064  32.196 0.0000000000
20194  5.035  -58.023  31.200 0.0000000000
20224  6.429  -57.605  26.802 0.0000000000
20229  18.442  -57.919  25.180 0.0000000000
20231  6.086  -57.251  25.229 0.0000000000
20238  19.487  -57.517  24.474 0.0000000000
20239  18.746  -57.318  24.754 0.0000000000
20241  17.197  -57.704  24.653 0.0000000000
20242  7.172  -57.682  24.659 0.0000000000
20250  20.331  -57.206  23.279 0.0000000000
20253  16.792  -57.363  23.862 0.0000000000
20255  6.379  -57.443  23.890 0.0000000000
20263  6.883  -57.975  23.119 0.0000000000
20264  6.671  -57.507  22.865 0.0000000000
20282  6.907  -57.736  21.517 0.0000000000
20299  20.781  -57.797  20.675 0.0000000000
20303  7.387  -57.542  19.776 0.0000000000
20324  10.570  -57.303  18.180 0.0000000000
20325  9.388  -57.415  18.077 0.0000000000
20337  21.421  -57.773  18.785 0.0000000000
20343  9.340  -58.070  17.700 0.0000000000
20365  20.709  -57.733  15.861 0.0000000000
20950  9.300  -56.677  44.163 0.0000000000
20968  9.538  -56.581  43.851 0.0000000000
20969  8.618  -56.572  43.743 0.0000000000
20988  5.339  -56.984  41.989 0.0000000000
20995  12.678  -55.568  42.547 0.0000000000
20996  11.995  -55.813  42.442 0.0000000000
20998  7.397  -56.739  41.911 0.0000000000
21000  5.430  -56.533  41.336 0.0000000000
21001  3.095  -56.989  41.031 0.0000000000
21029  11.348  -56.160  40.154 0.0000000000
21036  4.814  -56.190  40.076 0.0000000000
21038  2.536  -56.656  39.515 0.0000000000
21039  1.601  -56.851  39.152 0.0000000000
21040  1.004  -57.051  39.006 0.0000000000
21053  6.857  -55.982  38.755 0.0000000000
21057  2.163  -56.653  38.406 0.0000000000
21066  6.063  -55.700  37.063 0.0000000000
21068  4.283  -56.415  37.072 0.0000000000
21070  2.828  -56.751  37.619 0.0000000000
21078  6.058  -55.890  36.168 0.0000000000
21088  18.705  -56.385  34.723 0.0000000000
21093  6.229  -56.271  35.624 0.0000000000
21113  1.192  -56.926  34.115 0.0000000000
21146  2.833  -56.580  32.287 0.0000000000
21148  1.276  -56.490  32.818 0.0000000000
21162  3.262  -56.273  31.839 0.0000000000
21220  2.937  -56.017  27.052 0.0000000000
21221  3.049  -55.580  26.479 0.0000000000
21231  4.338  -56.186  27.184 0.0000000000
21259  18.342  -56.747  24.571 0.0000000000
21260  17.811  -56.384  24.375 0.0000000000
21261  5.661  -56.619  25.193 0.0000000000
21272  19.843  -56.927  23.954 0.0000000000
21273  17.109  -56.575  23.763 0.0000000000
21275  6.366  -56.756  23.457 0.0000000000
21289  6.515  -55.502  23.442 0.0000000000
21310  10.823  -55.765  20.700 0.0000000000
21312  7.179  -56.295  21.998 0.0000000000
21332  11.164  -56.368  19.995 0.0000000000
21353  8.737  -56.725  18.637 0.0000000000
21966  13.713  -54.769  41.567 0.0000000000
21978  13.051  -54.611  40.687 0.0000000000
21989  11.370  -55.717  39.535 0.0000000000
21990  10.910  -55.609  39.016 0.0000000000
22000  11.548  -55.027  38.875 0.0000000000
22002  8.839  -55.544  38.242 0.0000000000
22005  6.654  -55.800  37.922 0.0000000000
22015  8.453  -55.117  37.346 0.0000000000
22029  7.267  -55.416  36.381 0.0000000000
22040  8.841  -55.100  35.063 0.0000000000
22041  8.226  -55.414  35.304 0.0000000000
22043  1.736  -55.943  34.963 0.0000000000
22044  1.349  -56.000  34.586 0.0000000000
22053  19.537  -54.947  34.000 0.0000000000
22057  9.341  -55.143  34.665 0.0000000000
22064  1.204  -55.537  34.045 0.0000000000
22098  18.900  -55.026  32.610 0.0000000000
22106  1.240  -55.029  32.004 0.0000000000
22107  1.323  -55.576  32.653 0.0000000000
22115  27.156  -55.275  31.552 0.0000000000
22122  2.400  -55.536  31.101 0.0000000000
22124  1.539  -54.871  31.276 0.0000000000
22210  2.689  -54.848  27.084 0.0000000000
22222  4.012  -55.270  26.426 0.0000000000
22230  18.118  -55.608  24.172 0.0000000000
22232  4.692  -54.952  26.079 0.0000000000
22238  12.415  -55.230  23.152 0.0000000000
22239  6.186  -54.875  24.259 0.0000000000
22240  5.972  -54.509  25.061 0.0000000000
22258  10.746  -55.107  22.281 0.0000000000
22281  12.200  -56.128  21.691 0.0000000000
22284  8.807  -55.187  21.676 0.0000000000
22925  10.670  -54.667  37.836 0.0000000000
22936  10.358  -54.324  36.974 0.0000000000
22946  16.002  -53.683  36.857 0.0000000000
22948  12.429  -53.900  36.714 0.0000000000
22951  9.192  -54.590  36.163 0.0000000000
22967  10.265  -54.566  35.257 0.0000000000
22987  11.356  -54.719  34.163 0.0000000000
22991  2.636  -54.681  34.048 0.0000000000
23010  13.854  -54.557  33.720 0.0000000000
23018  1.380  -54.593  33.276 0.0000000000
23019  1.196  -54.906  33.166 0.0000000000
23033  27.301  -54.214  32.297 0.0000000000
23073  1.612  -54.181  31.058 0.0000000000
23103  2.945  -55.101  26.450 0.0000000000
23105  4.516  -54.621  26.117 0.0000000000
23108  6.111  -54.086  25.230 0.0000000000
23175  8.441  -55.000  22.467 0.0000000000
23812  14.917  -53.987  39.026 0.0000000000
23813  14.579  -53.889  39.335 0.0000000000
23827  14.745  -53.670  38.577 0.0000000000
23829  12.684  -54.077  38.332 0.0000000000
23844  13.885  -53.533  37.599 0.0000000000
23857  16.230  -53.541  35.845 0.0000000000
23860  14.053  -53.319  36.925 0.0000000000
23873  15.003  -53.445  35.854 0.0000000000
23883  15.074  -53.697  35.045 0.0000000000
23898  1.491  -53.936  32.976 0.0000000000
23908  25.426  -53.216  32.775 0.0000000000
23918  2.067  -53.055  32.344 0.0000000000
23926  24.535  -52.152  35.371 0.0000000000
23935  1.532  -53.866  31.759 0.0000000000
23990  4.016  -53.809  26.412 0.0000000000
23995  6.129  -53.334  25.571 0.0000000000
24013  5.659  -53.958  25.632 0.0000000000
24033  10.418  -53.415  23.754 0.0000000000
24034  8.739  -52.852  23.106 0.0000000000
24036  7.706  -53.079  23.277 0.0000000000
24059  8.007  -53.719  22.997 0.0000000000
24694  23.938  -51.684  35.564 0.0000000000
24704  24.248  -51.685  35.744 0.0000000000
24705  24.116  -51.047  34.878 0.0000000000
24723  4.570  -51.896  30.763 0.0000000000
24724  2.226  -52.660  30.572 0.0000000000
24788  6.044  -52.812  25.979 0.0000000000
24803  12.722  -52.823  25.187 0.0000000000
24806  9.489  -52.231  23.799 0.0000000000
24808  6.609  -52.668  25.491 0.0000000000
24817  8.207  -52.225  22.939 0.0000000000
25449  23.252  -50.867  35.029 0.0000000000
25450  23.185  -50.358  34.055 0.0000000000
25469  3.418  -51.686  30.798 0.0000000000
25475  4.445  -51.282  30.342 0.0000000000
25490  4.981  -51.020  29.939 0.0000000000
25492  2.696  -51.961  30.031 0.0000000000
25514  3.321  -51.370  28.760 0.0000000000
25520  3.694  -51.783  28.014 0.0000000000
25524  6.189  -50.995  26.621 0.0000000000
25540  6.497  -51.518  25.902 0.0000000000
25550  9.507  -51.040  24.392 0.0000000000
25560  8.447  -51.764  23.399 0.0000000000
26268  25.246  -51.328  33.502 0.0000000000
26271  24.215  -50.044  35.027 0.0000000000
26288  3.687  -50.862  29.811 0.0000000000
26296  27.943  -50.213  29.226 0.0000000000
26302  6.086  -50.318  29.530 0.0000000000
26335  4.816  -50.625  27.863 0.0000000000
26353  7.215  -50.022  25.056 0.0000000000
26354  6.903  -50.405  25.441 0.0000000000
26363  7.209  -50.541  24.817 0.0000000000
27136  27.436  -48.884  33.604 0.0000000000
27150  28.353  -49.286  32.476 0.0000000000
27187  5.885  -49.613  29.240 0.0000000000
27211  5.581  -49.407  28.534 0.0000000000
27231  12.087  -49.321  25.403 0.0000000000
28118  23.548  -49.207  33.602 0.0000000000
28131  27.974  -48.129  33.174 0.0000000000
28132  23.693  -50.055  33.882 0.0000000000
28143  28.703  -48.012  31.623 0.0000000000
28183  8.858  -48.156  27.507 0.0000000000
28201  11.639  -48.672  25.131 0.0000000000
28211  8.905  -48.797  24.383 0.0000000000
29231  7.642  -47.415  26.059 0.0000000000
29235  7.548  -47.256  25.548 0.0000000000
29256  7.932  -47.280  24.840 0.0000000000
30174  24.732  -47.055  34.534 0.0000000000
30211  28.650  -46.553  31.923 0.0000000000
30261  9.176  -46.473  27.236 0.0000000000
30292  8.200  -46.523  24.648 0.0000000000
31220  26.509  -44.920  34.706 0.0000000000
31308  10.188  -45.664  27.556 0.0000000000
31327  7.196  -46.079  25.625 0.0000000000
31341  7.367  -45.419  25.472 0.0000000000
31342  7.207  -46.009  25.078 0.0000000000
31356  7.696  -45.420  24.905 0.0000000000
32149  24.702  -44.054  35.536 0.0000000000
32171  26.859  -44.364  34.173 0.0000000000
32199  26.644  -44.152  32.796 0.0000000000
32240  9.331  -43.969  27.489 0.0000000000
32295  7.805  -44.843  25.162 0.0000000000
33195  24.188  -42.885  30.163 0.0000000000
33271  8.684  -43.202  25.195 0.0000000000
34273  15.415  -42.671  29.123 0.0000000000
34274  14.201  -42.397  29.050 0.0000000000
34275  13.471  -42.190  28.944 0.0000000000
34289  9.084  -42.541  27.849 0.0000000000
35160  21.508  -41.780  36.016 0.0000000000
35253  12.865  -41.416  28.779 0.0000000000
35277  16.469  -41.493  27.570 0.0000000000
35291  19.697  -42.121  25.649 0.0000000000
35322  8.209  -41.982  25.828 0.0000000000
36203  15.354  -40.686  27.501 0.0000000000
36204  14.564  -40.439  27.804 0.0000000000
36219  8.869  -40.543  26.569 0.0000000000
36260  18.023  -40.175  24.352 0.0000000000
37086  7.551  -39.403  28.061 0.0000000000
37091  14.206  -39.736  27.509 0.0000000000
37107  9.597  -39.785  26.599 0.0000000000
37903  7.747  -38.841  28.191 0.0000000000
37908  11.953  -38.632  28.643 0.0000000000
37909  7.485  -38.800  27.921 0.0000000000
37916  8.064  -38.923  28.126 0.0000000000
37925  11.098  -38.164  26.201 0.0000000000
37938  16.177  -38.955  24.889 0.0000000000
38688  11.462  -37.953  28.535 0.0000000000
38689  10.813  -37.842  28.590 0.0000000000
38690  9.887  -37.859  28.449 0.0000000000
38692  8.331  -38.172  28.394 0.0000000000
38701  7.764  -37.840  28.136 0.0000000000
38707  11.832  -37.128  27.828 0.0000000000
38708  7.872  -36.991  28.086 0.0000000000
38718  10.935  -37.800  26.040 0.0000000000
38730  14.925  -37.852  24.944 0.0000000000
39552  11.586  -36.326  27.572 0.0000000000
39554  7.917  -36.307  27.922 0.0000000000
39597  15.129  -36.948  23.927 0.0000000000
40460  11.206  -35.484  27.437 0.0000000000
40462  8.036  -35.147  27.972 0.0000000000
41446  8.246  -34.756  28.032 0.0000000000
41464  11.396  -34.313  26.630 0.0000000000
42412  8.334  -33.385  27.214 0.0000000000
124839  3.098  -58.330  37.366 0.0000000000
125394  14.776  -58.512  21.842 0.0000000000
125398  11.126  -66.548  14.267 0.0000000000
125438  16.493  -63.443  24.119 0.0000000000
125488  16.813  -62.199  15.050 0.0000000000
125506  12.250  -77.482  19.608 0.0000000000
125511  1.910  -56.832  37.655 0.0000000000
125663  15.577  -61.322  15.040 0.0000000000
125882  17.377  -62.577  25.688 0.0000000000
125939  1.017  -63.660  38.841 0.0000000000
125992  2.084  -59.535  43.747 0.0000000000
126027  1.445  -62.688  40.977 0.0000000000
126160  10.303  -65.881  14.958 0.0000000000
126306  12.847  -67.095  13.762 0.0000000000
126319  11.072  -62.460  24.104 0.0000000000
126379  4.920  -56.571  36.503 0.0000000000
126453  14.888  -71.877  11.639 0.0000000000
126748  13.808  -66.912  13.617 0.0000000000
126822  9.623  -55.453  38.374 0.0000000000
126842  17.098  -59.402  25.682 0.0000000000
126890  9.157  -71.926  42.908 0.0000000000
126975  7.337  -76.411  40.990 0.0000000000
126991  15.264  -63.714  25.308 0.0000000000
127055  10.887  -82.124  36.946 0.0000000000
127108  9.200  -61.991  17.897 0.0000000000
127137  1.207  -62.016  40.540 0.0000000000
127163  10.746  -69.009  20.630 0.0000000000
127201  19.887  -83.842  10.034 0.0000000000
127265  21.279  -90.167  25.809 0.0000000000
127353  14.134  -90.483  29.982 0.0000000000
127392  11.616  -62.736  15.016 0.0000000000
127399  6.960  -57.959  26.774 0.0000000000
127404  4.913  -84.865  35.166 0.0000000000
127443  16.436  -61.299  15.120 0.0000000000
127473  7.902  -55.017  35.921 0.0000000000
127500  1.833  -63.023  42.131 0.0000000000
127507  17.113  -69.351  11.262 0.0000000000
127754  4.767  -56.178  39.226 0.0000000000
127789  18.477  -89.047  21.928 0.0000000000
127828  24.051  -87.590  17.206 0.0000000000
127850  3.726  -54.565  26.253 0.0000000000
128043  15.417  -60.236  16.140 0.0000000000
128169  7.030  -48.817  28.890 0.0000000000
128285  4.825  -73.663  17.299 0.0000000000
128312  16.999  -60.557  17.107 0.0000000000
128346  20.899  -82.277  12.584 0.0000000000
128412  0.927  -59.871  41.316 0.0000000000
128529  15.504  -58.381  22.896 0.0000000000
128541  14.752  -86.360  28.752 0.0000000000
128706  9.585  -82.554  38.082 0.0000000000
128769  1.795  -65.278  40.265 0.0000000000
129061  10.842  -64.347  15.632 0.0000000000
129084  1.334  -56.122  34.067 0.0000000000
129112  12.659  -63.079  16.560 0.0000000000
129117  23.529  -86.405  26.581 0.0000000000
129120  19.978  -90.876  24.853 0.0000000000
129268  7.886  -78.251  16.106 0.0000000000
129385  9.025  -56.500  43.585 0.0000000000
129543  14.164  -59.736  24.492 0.0000000000
129627  24.111  -82.009  11.480 0.0000000000
129634  13.831  -86.575  33.376 0.0000000000
129874  20.803  -90.643  23.509 0.0000000000
129959  17.857  -83.892  18.156 0.0000000000
130104  2.619  -77.202  45.282 0.0000000000
130183  23.518  -41.515  33.837 0.0000000000
130191  5.243  -65.927  42.547 0.0000000000
130304  13.263  -83.121  28.314 0.0000000000
130460  5.416  -85.996  37.207 0.0000000000
130500  7.176  -57.511  44.116 0.0000000000
130634  20.555  -90.665  27.304 0.0000000000
130681  4.904  -58.107  43.198 0.0000000000
130810  19.694  -59.722  17.633 0.0000000000
130828  7.211  -69.180  17.668 0.0000000000
130870  7.674  -90.694  39.429 0.0000000000
130942  15.154  -62.151  27.208 0.0000000000
131168  11.361  -81.831  19.554 0.0000000000
131206  10.753  -83.346  28.746 0.0000000000
131327  10.771  -52.467  24.932 0.0000000000
131350  16.716  -74.254  11.834 0.0000000000
131551  16.186  -83.294  36.418 0.0000000000
131775  22.994  -86.363  33.701 0.0000000000
132232  17.415  -84.554  16.081 0.0000000000
132236  18.731  -61.319  24.551 0.0000000000
132272  7.639  -88.399  33.481 0.0000000000
132328  24.227  -88.154  30.051 0.0000000000
132483  2.838  -81.385  40.706 0.0000000000
132503  5.572  -65.412  44.563 0.0000000000
132603  17.694  -62.571  24.154 0.0000000000
132670  8.091  -61.150  20.684 0.0000000000
132833  27.886  -51.261  32.777 0.0000000000
133039  7.710  -90.594  40.493 0.0000000000
133078  5.163  -60.447  24.084 0.0000000000
133172  23.839  -85.200  19.934 0.0000000000
133515  14.290  -63.553  26.814 0.0000000000
133605  12.873  -55.049  41.355 0.0000000000
133733  3.235  -64.760  44.778 0.0000000000
133740  10.820  -71.820  20.965 0.0000000000
133743  6.985  -48.919  29.142 0.0000000000
133747  7.620  -51.870  24.123 0.0000000000
133836  10.110  -73.940  18.263 0.0000000000
133849  18.733  -60.282  25.672 0.0000000000
133893  12.998  -90.174  41.257 0.0000000000
133907  3.898  -83.129  36.537 0.0000000000
133908  0.672  -58.831  40.046 0.0000000000
133956  12.990  -64.813  16.408 0.0000000000
134059  6.564  -75.019  16.621 0.0000000000
134263  14.277  -76.714  12.115 0.0000000000
134286  13.144  -64.027  26.041 0.0000000000
134407  8.943  -68.789  13.703 0.0000000000
134449  1.916  -66.014  44.971 0.0000000000
134539  8.745  -71.913  42.526 0.0000000000
134624  5.970  -58.090  29.444 0.0000000000
134643  2.762  -65.856  42.115 0.0000000000
134752  19.904  -82.431  13.886 0.0000000000
134789  9.355  -86.053  41.702 0.0000000000
134874  10.350  -39.638  26.556 0.0000000000
134900  23.537  -82.378  13.429 0.0000000000
135008  12.208  -54.909  40.250 0.0000000000
135035  20.853  -82.304  16.042 0.0000000000
135223  3.503  -80.162  40.484 0.0000000000
135340  24.689  -87.890  24.222 0.0000000000
135342  22.172  -87.060  22.932 0.0000000000
135376  2.992  -58.778  31.915 0.0000000000
135598  11.025  -61.907  20.907 0.0000000000
135606  9.565  -90.148  37.157 0.0000000000
135764  4.409  -50.229  29.196 0.0000000000
135774  12.489  -50.792  25.563 0.0000000000
135954  16.252  -82.454  20.309 0.0000000000
136066  22.159  -87.675  15.025 0.0000000000
136089  15.217  -61.401  26.992 0.0000000000
136144  5.559  -56.958  25.849 0.0000000000
136152  10.951  -76.505  21.423 0.0000000000
136163  15.571  -57.195  37.642 0.0000000000
136183  16.410  -76.054  23.096 0.0000000000
136271  8.098  -62.134  24.669 0.0000000000
136383  10.860  -54.055  36.457 0.0000000000
136470  7.875  -77.654  40.797 0.0000000000
136581  8.536  -58.485  24.846 0.0000000000
136705  17.028  -86.929  19.390 0.0000000000
136718  17.864  -91.618  23.170 0.0000000000
136791  23.517  -86.344  34.102 0.0000000000
136952  5.803  -70.738  42.285 0.0000000000
136953  6.842  -70.361  41.876 0.0000000000
137019  19.755  -81.950  28.620 0.0000000000
137183  13.559  -74.262  11.456 0.0000000000
137218  10.533  -70.343  20.910 0.0000000000
137232  2.442  -54.063  28.380 0.0000000000
137288  16.335  -75.310  11.708 0.0000000000
137306  10.305  -59.243  23.301 0.0000000000
137322  17.815  -64.642  20.690 0.0000000000
137381  9.397  -78.090  13.728 0.0000000000
137705  23.083  -82.572  10.779 0.0000000000
137712  17.163  -87.736  16.846 0.0000000000
137857  8.898  -62.227  24.651 0.0000000000
137932  1.291  -67.977  38.449 0.0000000000
137933  5.078  -79.530  38.628 0.0000000000
138011  24.911  -87.416  30.937 0.0000000000
138091  12.084  -82.811  30.239 0.0000000000
138152  11.227  -47.474  28.215 0.0000000000
138242  20.820  -82.343  14.238 0.0000000000
138258  16.811  -54.095  36.139 0.0000000000
138293  15.756  -74.854  16.516 0.0000000000
138625  24.259  -47.759  34.347 0.0000000000
138626  8.666  -74.035  42.610 0.0000000000
138690  10.145  -78.504  16.867 0.0000000000
138885  9.335  -63.462  18.576 0.0000000000
138891  19.745  -82.204  11.500 0.0000000000
138897  13.171  -67.947  20.124 0.0000000000
139001  21.970  -83.993  29.768 0.0000000000
139058  17.231  -63.770  14.427 0.0000000000
139213  11.989  -59.564  24.799 0.0000000000
139330  16.834  -92.513  25.226 0.0000000000
139560  13.191  -77.273  13.189 0.0000000000
139734  20.406  -85.630  21.092 0.0000000000
139996  14.579  -67.184  13.417 0.0000000000
140031  9.184  -90.104  34.752 0.0000000000
140076  17.777  -63.228  19.214 0.0000000000
140172  17.341  -92.402  25.111 0.0000000000
140195  7.871  -48.076  26.601 0.0000000000
140212  7.926  -56.619  39.670 0.0000000000
140281  8.061  -74.359  44.469 0.0000000000
140391  15.608  -83.626  36.951 0.0000000000
140581  12.525  -53.965  35.640 0.0000000000
140638  22.785  -89.442  23.963 0.0000000000
140853  18.051  -83.600  19.381 0.0000000000
140983  17.214  -53.900  34.623 0.0000000000
140988  5.231  -57.089  35.849 0.0000000000
141049  9.476  -90.287  35.895 0.0000000000
141196  22.588  -82.439  11.765 0.0000000000
141253  15.390  -86.252  37.025 0.0000000000
141331  14.203  -78.527  13.117 0.0000000000
141464  8.427  -90.492  38.005 0.0000000000
141547  2.961  -80.772  41.062 0.0000000000
141758  12.860  -82.833  18.465 0.0000000000
141817  9.476  -74.607  15.691 0.0000000000
141818  12.710  -87.126  40.373 0.0000000000
142090  2.997  -56.989  36.898 0.0000000000
142134  1.115  -58.803  38.463 0.0000000000
142147  2.524  -58.720  37.623 0.0000000000
142264  12.627  -63.268  24.231 0.0000000000
142280  12.732  -54.075  24.273 0.0000000000
142281  6.317  -77.907  36.361 0.0000000000
142338  12.739  -43.202  28.745 0.0000000000
142429  7.615  -50.650  24.415 0.0000000000
142466  17.951  -69.555  10.756 0.0000000000
142476  14.332  -80.044  16.877 0.0000000000
142485  6.703  -75.856  13.303 0.0000000000
142493  17.125  -74.058  10.472 0.0000000000
142515  9.281  -83.360  29.907 0.0000000000
142520  15.390  -76.492  22.872 0.0000000000
142526  12.203  -79.098  13.646 0.0000000000
142548  15.934  -75.772  11.672 0.0000000000
142656  17.593  -90.628  20.881 0.0000000000
142760  16.081  -65.333  13.661 0.0000000000
142795  23.765  -42.055  34.737 0.0000000000
142951  14.170  -85.303  34.203 0.0000000000
142993  5.299  -63.198  27.202 0.0000000000
143055  7.360  -57.163  43.609 0.0000000000
143155  16.258  -69.490  11.639 0.0000000000
143160  12.678  -54.022  34.759 0.0000000000
143179  12.773  -70.335  13.163 0.0000000000
143196  3.832  -54.058  33.558 0.0000000000
143221  17.894  -73.897  10.212 0.0000000000
143223  16.782  -82.771  11.042 0.0000000000
143264  23.771  -83.413  10.442 0.0000000000
143304  18.465  -85.418  10.310 0.0000000000
143380  15.269  -79.598  31.698 0.0000000000
143391  2.950  -78.779  45.728 0.0000000000
143400  22.782  -87.713  18.180 0.0000000000
143423  6.697  -68.053  44.808 0.0000000000
143435  20.222  -59.583  22.224 0.0000000000
143497  27.035  -50.185  33.579 0.0000000000
143528  9.221  -73.978  20.920 0.0000000000
143651  9.768  -59.039  23.830 0.0000000000
143684  14.007  -85.831  32.979 0.0000000000
143743  7.123  -88.348  33.867 0.0000000000
143824  8.233  -48.810  24.651 0.0000000000
143827  3.959  -63.537  44.389 0.0000000000
143857  20.238  -90.950  23.279 0.0000000000
143934  4.114  -73.835  14.748 0.0000000000
143991  11.709  -63.993  25.862 0.0000000000
144016  21.499  -87.107  19.413 0.0000000000
144123  17.096  -77.235  18.325 0.0000000000
144131  7.248  -85.523  41.653 0.0000000000
144187  12.585  -78.864  18.635 0.0000000000
144262  22.393  -83.896  23.312 0.0000000000
144329  15.444  -79.419  19.388 0.0000000000
144344  15.541  -84.039  28.723 0.0000000000
144385  18.799  -80.904  29.375 0.0000000000
144405  10.910  -46.848  27.906 0.0000000000
144419  11.858  -44.096  28.341 0.0000000000
144580  13.780  -66.152  13.861 0.0000000000
144603  10.217  -63.089  28.362 0.0000000000
144678  11.945  -68.015  16.072 0.0000000000
144727  5.940  -86.884  33.086 0.0000000000
144783  20.845  -82.619  10.230 0.0000000000
144807  8.317  -36.721  28.258 0.0000000000
144849  13.222  -73.659  11.639 0.0000000000
144930  0.720  -59.079  34.085 0.0000000000
144935  15.847  -71.779  11.083 0.0000000000
145007  6.017  -74.549  16.304 0.0000000000
145150  14.542  -67.667  18.400 0.0000000000
145242  14.898  -67.877  13.180 0.0000000000
145261  15.202  -82.692  36.470 0.0000000000
145304  14.139  -53.798  39.537 0.0000000000
145373  3.539  -77.458  45.186 0.0000000000
145392  15.526  -89.289  28.980 0.0000000000
145427  24.963  -49.379  33.934 0.0000000000
145492  3.283  -83.528  43.186 0.0000000000
145564  17.022  -75.231  23.049 0.0000000000
145578  5.406  -55.849  25.171 0.0000000000
145617  16.002  -82.977  11.336 0.0000000000
145619  5.237  -79.470  40.145 0.0000000000
145689  2.232  -58.910  43.954 0.0000000000
145793  11.611  -60.017  25.839 0.0000000000
145796  1.130  -57.165  38.319 0.0000000000
145948  10.340  -73.533  11.780 0.0000000000
145981  7.116  -75.973  13.223 0.0000000000
146234  11.152  -76.813  21.925 0.0000000000
146269  8.363  -76.972  42.137 0.0000000000
146324  8.451  -35.376  27.345 0.0000000000
146339  18.407  -81.084  31.356 0.0000000000
146402  3.965  -84.004  42.738 0.0000000000
146462  14.751  -42.481  29.037 0.0000000000
146493  20.671  -57.371  21.417 0.0000000000
146631  4.268  -56.317  39.635 0.0000000000
146691  2.658  -54.289  27.575 0.0000000000
146812  10.604  -65.528  19.154 0.0000000000
146899  11.003  -59.717  25.327 0.0000000000
146956  6.794  -75.099  14.107 0.0000000000
147031  5.012  -62.907  42.803 0.0000000000
147072  1.941  -60.393  45.161 0.0000000000
147123  27.886  -45.488  32.191 0.0000000000
147260  3.759  -73.635  15.400 0.0000000000
147310  8.547  -40.379  26.930 0.0000000000
147340  6.786  -87.095  46.198 0.0000000000
147436  10.191  -77.121  18.984 0.0000000000
147521  6.272  -78.237  15.816 0.0000000000
147601  7.512  -73.921  44.972 0.0000000000
147631  19.644  -60.126  23.685 0.0000000000
147820  3.552  -59.801  21.320 0.0000000000
147903  7.028  -79.772  37.529 0.0000000000
147910  13.256  -81.854  20.095 0.0000000000
147975  8.009  -81.084  20.157 0.0000000000
148036  7.170  -87.139  32.796 0.0000000000
148108  24.221  -49.774  33.710 0.0000000000
148160  10.914  -84.290  30.617 0.0000000000
148177  22.101  -89.163  22.255 0.0000000000
148202  7.679  -76.238  44.032 0.0000000000
148214  20.162  -82.114  16.098 0.0000000000
148280  26.081  -86.385  33.219 0.0000000000
148382  23.544  -86.145  26.035 0.0000000000
148388  5.014  -68.800  41.508 0.0000000000
148391  9.287  -61.560  19.847 0.0000000000
148459  8.364  -69.203  14.143 0.0000000000
148487  0.824  -58.242  38.840 0.0000000000
148503  7.960  -74.818  41.981 0.0000000000
148546  4.475  -68.975  46.257 0.0000000000
148670  17.408  -84.641  34.175 0.0000000000
148742  24.185  -84.188  35.006 0.0000000000
148800  9.824  -84.314  27.914 0.0000000000
148855  10.603  -64.694  15.351 0.0000000000
149005  19.889  -86.802  12.765 0.0000000000
149028  15.877  -83.773  15.006 0.0000000000
149041  16.851  -74.074  20.581 0.0000000000
149062  8.558  -78.712  14.763 0.0000000000
149120  14.358  -76.722  22.919 0.0000000000
149159  12.854  -79.469  16.280 0.0000000000
149205  7.374  -89.965  37.589 0.0000000000
149298  11.545  -64.051  19.036 0.0000000000
149303  13.896  -80.480  21.616 0.0000000000
149352  11.571  -78.064  22.312 0.0000000000
149354  10.539  -89.610  33.205 0.0000000000
149372  7.443  -38.270  27.867 0.0000000000
149375  13.531  -76.616  21.976 0.0000000000
149390  18.935  -90.188  28.517 0.0000000000
149509  4.937  -62.486  26.367 0.0000000000
149510  16.996  -86.311  32.801 0.0000000000
149643  19.476  -87.402  27.324 0.0000000000
149687  16.854  -61.624  18.349 0.0000000000
149740  3.196  -80.417  40.762 0.0000000000
149788  18.824  -60.936  19.855 0.0000000000
149792  22.778  -82.455  13.385 0.0000000000
149811  13.936  -59.607  22.311 0.0000000000
149814  13.513  -79.697  16.425 0.0000000000
149823  11.930  -88.877  28.590 0.0000000000
149921  12.715  -81.280  20.658 0.0000000000
149961  1.549  -57.806  41.494 0.0000000000
149978  2.432  -55.981  35.127 0.0000000000
149993  24.142  -84.772  20.254 0.0000000000
149996  3.372  -81.112  45.355 0.0000000000
150016  0.452  -58.838  41.790 0.0000000000
150085  3.398  -55.996  27.730 0.0000000000
150110  20.625  -58.926  19.577 0.0000000000
150188  11.316  -82.186  19.051 0.0000000000
150219  15.612  -82.374  35.278 0.0000000000
150238  11.528  -74.229  13.050 0.0000000000
150267  2.269  -65.471  41.016 0.0000000000
150280  10.419  -71.498  21.198 0.0000000000
150437  9.976  -83.557  36.027 0.0000000000
150478  24.634  -82.499  10.791 0.0000000000
150807  9.745  -77.740  13.660 0.0000000000
150821  21.192  -85.846  10.593 0.0000000000
150933  14.228  -85.451  33.307 0.0000000000
150934  20.738  -58.941  18.632 0.0000000000
150947  6.881  -78.023  20.379 0.0000000000
151018  4.037  -50.557  29.496 0.0000000000
151240  12.030  -59.774  25.388 0.0000000000
151326  20.023  -82.336  13.255 0.0000000000
151349  17.095  -84.177  19.152 0.0000000000
