#!ascii label  , from subject sub-v1s6x0051365_ses-1 vox2ras=TkReg
7571
44190  22.919  -26.754  77.887 0.5000000000
43261  26.106  -28.721  75.723 0.3750000000
43259  27.831  -28.477  75.898 0.3750000000
44202  29.437  -27.449  75.748 0.5000000000
46133  31.258  -26.073  76.041 0.6250000000
47012  31.530  -24.326  76.786 0.7500000000
124259  30.878  -25.815  76.669 0.6250000000
48654  31.729  -22.585  76.490 1.0000000000
110603  31.920  -21.736  76.156 1.0000000000
49530  31.061  -21.033  76.498 0.8750000000
49518  31.038  -21.917  76.990 1.0000000000
51347  32.299  -19.192  75.229 1.0000000000
50444  32.062  -20.109  75.619 1.0000000000
50445  31.298  -20.114  76.282 1.0000000000
51348  30.844  -19.208  76.655 1.0000000000
111152  30.170  -19.666  76.836 1.0000000000
52239  32.319  -18.264  75.276 1.0000000000
52231  31.138  -18.370  76.507 1.0000000000
53211  29.996  -17.656  76.667 1.0000000000
52234  29.062  -18.238  76.339 1.0000000000
53213  28.953  -17.683  76.049 1.0000000000
52258  15.591  -18.482  73.413 1.0000000000
45147  23.556  -26.239  79.520 0.7500000000
44182  23.815  -27.367  78.846 0.6250000000
44183  23.140  -26.859  78.626 0.5000000000
44195  23.858  -27.918  77.222 0.5000000000
124622  25.252  -28.629  75.490 0.5000000000
43262  24.519  -28.526  75.783 0.5000000000
43252  24.486  -28.321  76.648 0.5000000000
43270  27.474  -28.707  74.942 0.3750000000
43260  27.038  -28.656  75.811 0.3750000000
44203  28.809  -27.775  76.069 0.3750000000
45171  30.386  -26.394  76.212 0.6250000000
44194  29.584  -26.887  76.253 0.6250000000
47013  30.773  -24.940  77.183 0.6250000000
48644  31.200  -22.660  77.056 1.0000000000
114799  30.203  -21.909  77.099 1.0000000000
50470  18.497  -20.374  74.218 1.0000000000
50447  30.020  -20.369  76.817 1.0000000000
50481  17.767  -20.093  73.627 1.0000000000
51351  28.830  -18.778  76.039 1.0000000000
116541  28.658  -18.381  75.372 1.0000000000
51377  17.232  -19.758  73.119 1.0000000000
52248  32.968  -17.870  74.756 0.8750000000
53221  31.506  -17.157  75.735 1.0000000000
53210  30.884  -17.730  76.447 1.0000000000
53223  29.430  -17.124  76.016 1.0000000000
52242  28.705  -17.983  75.050 1.0000000000
52255  28.149  -18.318  73.949 1.0000000000
51378  16.634  -19.366  73.260 1.0000000000
53232  33.570  -17.529  74.420 0.8750000000
52238  32.984  -18.591  74.757 1.0000000000
54198  30.950  -16.453  75.610 1.0000000000
54200  29.584  -16.700  75.358 1.0000000000
53224  28.975  -17.553  75.327 1.0000000000
53245  28.311  -17.662  73.886 1.0000000000
53256  27.882  -17.501  73.020 1.0000000000
53246  15.054  -17.967  73.172 1.0000000000
54208  28.839  -16.607  73.943 1.0000000000
54216  28.508  -17.037  73.442 1.0000000000
52259  15.007  -18.100  73.902 1.0000000000
46978  23.021  -24.142  79.843 1.0000000000
46097  24.075  -25.710  79.924 0.8750000000
44174  24.138  -27.021  79.482 0.7500000000
45139  23.008  -25.678  79.206 0.8750000000
44181  24.670  -27.544  79.000 0.7500000000
44175  23.471  -26.752  79.144 0.6250000000
125495  25.510  -28.575  76.644 0.5000000000
43245  24.821  -28.320  77.613 0.5000000000
44188  24.217  -28.022  78.363 0.5000000000
105609  26.672  -28.747  76.664 0.3750000000
43258  28.405  -28.164  75.985 0.5000000000
47842  30.797  -23.061  77.281 0.8750000000
49520  29.892  -21.252  76.798 1.0000000000
50469  19.347  -20.772  74.651 1.0000000000
117802  29.302  -19.633  76.345 1.0000000000
50479  19.333  -20.620  73.742 1.0000000000
50480  18.545  -20.325  73.280 1.0000000000
51359  28.548  -18.946  75.253 1.0000000000
52249  28.391  -18.443  74.683 1.0000000000
54205  33.303  -16.772  74.437 1.0000000000
54206  32.518  -16.952  74.806 1.0000000000
51384  16.824  -19.336  72.557 1.0000000000
108226  13.681  -17.225  74.103 1.0000000000
54197  31.952  -16.556  75.221 1.0000000000
54199  29.998  -16.442  75.722 1.0000000000
54207  29.378  -16.588  74.654 1.0000000000
125213  27.616  -17.315  72.260 1.0000000000
53257  27.143  -18.086  72.425 1.0000000000
52266  16.156  -18.890  72.893 1.0000000000
55142  29.257  -16.147  74.053 1.0000000000
54222  28.375  -16.241  72.205 1.0000000000
54223  28.193  -16.850  72.603 1.0000000000
54230  27.746  -16.699  71.722 1.0000000000
118949  27.101  -17.492  71.592 1.0000000000
55168  28.115  -16.024  71.431 1.0000000000
53275  27.185  -16.925  70.905 1.0000000000
59691  9.367  -10.966  79.023 1.0000000000
58812  8.397  -10.881  78.722 1.0000000000
58803  8.518  -11.232  79.543 1.0000000000
59700  9.646  -10.472  78.450 1.0000000000
59699  10.114  -10.610  78.330 1.0000000000
46082  23.723  -24.798  79.750 0.8750000000
59707  10.435  -10.603  77.700 1.0000000000
58788  7.893  -12.028  80.789 1.0000000000
44173  25.001  -27.085  79.481 0.8750000000
45146  24.463  -26.477  79.825 0.7500000000
43238  25.212  -28.105  78.571 0.6250000000
109461  26.454  -28.622  77.396 0.5000000000
43244  25.862  -28.365  77.902 0.5000000000
59716  11.068  -10.562  76.381 1.0000000000
58826  11.340  -11.098  76.226 1.0000000000
105205  27.457  -28.560  76.677 0.3750000000
57911  11.547  -11.806  75.814 0.8750000000
107047  28.866  -27.363  76.543 0.6250000000
108499  11.558  -12.596  75.666 0.8750000000
45172  29.695  -26.410  76.797 0.7500000000
56947  11.697  -13.115  75.016 0.8750000000
121606  30.893  -23.867  77.296 0.7500000000
56946  12.143  -13.840  74.506 0.8750000000
50468  20.100  -21.190  75.150 1.0000000000
50448  29.684  -20.473  76.539 1.0000000000
49571  21.688  -21.320  73.590 1.0000000000
55145  12.480  -15.242  74.545 1.0000000000
126641  21.884  -21.539  72.176 1.0000000000
49572  20.916  -21.071  73.887 1.0000000000
109777  20.127  -20.876  73.346 1.0000000000
54210  13.199  -16.434  73.889 1.0000000000
111041  12.796  -15.742  74.006 1.0000000000
49582  22.486  -21.740  72.268 1.0000000000
49583  21.788  -21.478  72.723 1.0000000000
49584  20.909  -21.223  72.910 1.0000000000
51376  17.917  -19.998  72.959 1.0000000000
114173  32.594  -16.497  74.690 1.0000000000
55138  32.205  -15.938  74.862 1.0000000000
52264  27.619  -18.198  73.311 1.0000000000
122638  21.381  -21.299  72.139 1.0000000000
107968  20.654  -20.932  72.037 1.0000000000
106550  19.852  -20.707  71.968 1.0000000000
118342  19.081  -20.577  71.949 1.0000000000
50487  18.403  -20.236  72.341 1.0000000000
51383  17.560  -19.742  72.398 1.0000000000
53248  13.650  -16.938  73.392 1.0000000000
56093  31.064  -15.201  75.100 1.0000000000
56104  30.159  -15.326  74.180 1.0000000000
49597  21.111  -21.274  71.412 1.0000000000
50495  18.592  -20.291  71.388 1.0000000000
51390  17.838  -19.847  71.618 1.0000000000
51391  17.086  -19.398  71.781 1.0000000000
113540  16.317  -18.768  71.935 1.0000000000
52267  15.535  -18.148  72.493 1.0000000000
53258  14.752  -17.533  72.611 1.0000000000
53247  14.340  -17.525  73.442 1.0000000000
122158  34.095  -16.577  74.071 1.0000000000
55157  29.313  -15.561  72.956 1.0000000000
55158  28.865  -15.999  72.567 1.0000000000
50493  20.258  -20.995  71.159 1.0000000000
50494  19.398  -20.596  71.250 1.0000000000
53267  15.021  -17.528  71.849 1.0000000000
55177  28.481  -15.590  71.045 1.0000000000
114764  27.651  -16.355  70.995 1.0000000000
50504  20.353  -20.875  70.267 1.0000000000
50505  19.714  -20.664  70.586 1.0000000000
104364  18.113  -19.924  69.880 1.0000000000
51396  17.985  -20.012  70.746 1.0000000000
116409  17.345  -19.508  71.022 1.0000000000
55178  27.989  -15.907  70.614 1.0000000000
59709  9.197  -9.893  77.941 1.0000000000
59701  8.857  -10.359  78.411 1.0000000000
59708  9.886  -10.138  77.897 1.0000000000
58813  7.679  -11.069  78.859 1.0000000000
107421  7.892  -11.525  80.173 1.0000000000
46994  23.727  -23.951  79.729 1.0000000000
47822  23.207  -23.330  79.774 1.0000000000
57879  6.969  -12.282  81.102 1.0000000000
45145  25.298  -26.309  79.612 0.8750000000
58820  10.768  -11.223  77.871 1.0000000000
57873  7.670  -12.063  81.755 1.0000000000
44172  25.998  -27.020  79.258 0.8750000000
59706  11.008  -11.033  77.085 1.0000000000
57868  6.968  -12.633  82.272 1.0000000000
43243  26.769  -28.383  78.100 0.3750000000
43237  26.252  -28.059  78.868 0.6250000000
124939  7.321  -12.914  82.769 1.0000000000
56910  6.543  -13.233  82.796 0.8750000000
56906  6.992  -13.202  83.519 1.0000000000
56907  6.061  -13.772  83.581 0.8750000000
43250  27.743  -28.168  77.328 0.3750000000
43251  27.146  -28.614  77.442 0.3750000000
44186  28.986  -26.735  77.028 0.6250000000
43249  28.312  -27.853  76.684 0.5000000000
123921  27.970  -28.266  76.576 0.5000000000
49533  21.918  -21.230  76.744 1.0000000000
49544  22.266  -21.419  75.275 1.0000000000
117861  22.442  -21.437  76.206 1.0000000000
49534  21.992  -21.189  75.994 1.0000000000
46134  30.186  -25.844  77.034 0.7500000000
48673  23.352  -22.165  74.915 1.0000000000
121051  22.813  -21.697  74.813 1.0000000000
49543  22.901  -21.719  75.625 1.0000000000
49545  21.521  -21.241  75.403 1.0000000000
50458  21.324  -20.985  76.281 1.0000000000
48646  30.006  -22.782  77.239 0.8750000000
48679  23.860  -22.572  73.247 1.0000000000
111983  23.777  -22.522  74.161 1.0000000000
49555  23.130  -21.957  73.920 1.0000000000
49556  22.362  -21.484  74.243 1.0000000000
49558  20.852  -21.262  74.790 1.0000000000
49546  20.857  -21.130  75.515 1.0000000000
48655  29.711  -22.233  76.831 0.8750000000
49570  22.457  -21.634  73.259 1.0000000000
50478  20.082  -21.089  74.249 1.0000000000
56122  12.601  -14.566  73.427 1.0000000000
115674  28.829  -19.661  75.781 1.0000000000
49569  23.214  -22.055  72.829 1.0000000000
55153  12.988  -15.762  73.368 1.0000000000
110113  12.634  -15.167  73.689 1.0000000000
51367  28.214  -19.123  74.430 1.0000000000
49581  23.383  -22.056  71.927 1.0000000000
54218  13.374  -16.370  73.047 1.0000000000
123540  13.223  -15.749  72.790 1.0000000000
116197  32.939  -16.074  74.474 1.0000000000
104788  32.637  -15.377  74.563 1.0000000000
56101  32.409  -14.693  74.492 1.0000000000
53260  13.941  -16.955  72.643 1.0000000000
56103  30.883  -15.042  74.533 1.0000000000
120623  30.637  -14.921  73.842 1.0000000000
53276  26.694  -17.697  70.735 1.0000000000
49595  22.809  -21.751  71.379 1.0000000000
49605  22.250  -21.530  70.818 1.0000000000
116957  21.562  -21.451  70.952 1.0000000000
53259  14.459  -17.121  72.084 1.0000000000
54214  34.975  -16.761  74.128 1.0000000000
119742  30.025  -14.553  71.888 1.0000000000
56135  29.006  -15.370  71.403 1.0000000000
53284  26.945  -17.152  70.045 1.0000000000
49607  20.976  -21.245  70.664 1.0000000000
50506  18.911  -20.305  70.425 1.0000000000
105817  16.031  -18.707  71.086 1.0000000000
52271  15.589  -18.151  71.480 1.0000000000
56145  28.961  -15.091  70.573 1.0000000000
55199  28.246  -15.175  69.215 1.0000000000
50503  21.102  -21.013  69.934 1.0000000000
51397  17.467  -19.554  70.259 1.0000000000
125225  16.987  -19.178  70.562 1.0000000000
51398  16.697  -19.062  71.139 1.0000000000
52281  16.478  -18.685  70.440 1.0000000000
55189  27.885  -15.934  69.610 1.0000000000
54237  27.502  -16.496  70.249 1.0000000000
50520  19.692  -20.494  69.834 1.0000000000
51406  18.872  -20.148  69.303 1.0000000000
51408  17.549  -19.371  69.493 1.0000000000
120889  4.584  -15.962  75.013 0.8750000000
59702  7.649  -10.431  78.489 1.0000000000
58804  7.261  -11.319  79.593 1.0000000000
47832  23.928  -23.471  79.357 1.0000000000
58805  6.042  -11.328  79.990 1.0000000000
58792  6.768  -11.864  80.471 1.0000000000
46096  24.650  -25.030  79.806 1.0000000000
46993  24.410  -24.182  79.555 1.0000000000
58793  5.466  -11.731  80.828 1.0000000000
57880  5.970  -12.214  81.229 1.0000000000
120607  24.810  -25.823  79.919 1.0000000000
59717  10.635  -10.279  76.804 1.0000000000
57875  5.615  -12.632  81.679 0.8750000000
57874  6.456  -12.461  81.732 1.0000000000
57881  5.238  -12.228  81.144 0.8750000000
57876  5.133  -12.859  81.561 0.8750000000
48640  23.350  -22.520  78.737 1.0000000000
56913  5.231  -13.422  82.026 0.8750000000
123919  27.319  -28.283  77.970 0.6250000000
120697  27.118  -28.029  78.554 0.7500000000
115790  23.226  -22.499  78.042 1.0000000000
56073  4.482  -14.379  81.867 0.8750000000
56911  5.670  -13.590  82.724 0.8750000000
48648  23.095  -22.319  77.126 1.0000000000
49521  22.386  -21.634  77.098 1.0000000000
58831  11.559  -11.099  75.513 0.8750000000
58837  11.753  -11.535  74.929 0.8750000000
56070  5.033  -14.326  82.513 0.8750000000
44187  28.259  -27.370  77.436 0.6250000000
49532  22.818  -21.816  76.417 1.0000000000
113359  29.276  -25.896  77.440 0.7500000000
48664  24.279  -23.261  76.105 1.0000000000
48665  23.422  -22.461  75.999 1.0000000000
57916  11.708  -12.295  75.041 0.8750000000
46121  29.723  -25.076  77.450 0.7500000000
48672  24.063  -23.083  74.926 1.0000000000
123990  11.949  -12.631  74.619 0.8750000000
47843  30.210  -23.453  77.362 0.8750000000
48678  24.547  -23.015  73.733 1.0000000000
117463  12.314  -13.008  74.132 0.8750000000
48671  25.141  -23.565  74.297 1.0000000000
50457  29.144  -20.540  76.161 1.0000000000
48685  23.993  -22.424  72.368 1.0000000000
48684  24.737  -22.862  72.722 1.0000000000
54226  13.603  -16.144  72.380 1.0000000000
54191  5.243  -15.798  77.146 0.8750000000
55137  33.679  -16.071  74.203 1.0000000000
56099  33.957  -15.277  73.955 1.0000000000
56114  32.282  -14.184  74.163 1.0000000000
48693  24.130  -22.205  71.658 1.0000000000
55128  4.869  -15.457  76.600 0.8750000000
55136  34.537  -16.027  73.951 1.0000000000
56115  31.402  -14.493  73.855 1.0000000000
56116  30.723  -14.458  73.199 1.0000000000
55135  4.779  -15.657  75.793 0.8750000000
56134  29.554  -14.608  71.067 1.0000000000
56144  29.385  -14.414  70.099 1.0000000000
49606  21.693  -21.291  70.360 1.0000000000
56985  29.993  -13.900  70.430 1.0000000000
56155  28.803  -14.812  69.722 1.0000000000
105695  27.548  -16.094  68.670 0.8750000000
56998  29.137  -14.158  69.258 1.0000000000
56165  28.353  -14.788  68.397 1.0000000000
119327  27.951  -15.417  68.480 0.8750000000
50519  20.485  -20.671  69.462 1.0000000000
52290  16.970  -18.786  69.107 1.0000000000
52280  16.978  -19.058  69.922 1.0000000000
51421  19.783  -20.375  68.931 1.0000000000
121770  19.205  -20.014  68.507 1.0000000000
51407  18.183  -19.612  69.182 1.0000000000
51422  17.753  -19.073  68.663 1.0000000000
117652  4.509  -16.317  74.315 0.8750000000
110443  18.540  -19.594  68.546 1.0000000000
54239  4.955  -16.173  70.087 0.5000000000
55234  5.543  -15.748  66.569 0.2500000000
55217  5.384  -15.423  67.428 0.2500000000
53300  5.166  -16.400  68.711 0.2500000000
54253  5.200  -15.871  68.196 0.2500000000
124595  5.048  -15.410  68.699 0.3750000000
60495  8.262  -9.731  77.980 1.0000000000
58814  6.760  -10.874  79.113 1.0000000000
60503  10.123  -9.872  77.183 1.0000000000
60513  10.399  -9.472  76.390 1.0000000000
46992  25.164  -24.491  79.276 1.0000000000
47838  23.969  -23.197  78.917 1.0000000000
60512  10.966  -9.862  76.053 1.0000000000
46095  25.349  -25.365  79.517 0.8750000000
47831  24.748  -23.824  78.986 1.0000000000
57882  4.837  -12.740  81.157 0.8750000000
106137  26.944  -27.430  79.033 0.8750000000
46094  26.055  -25.843  79.231 0.8750000000
46991  25.851  -24.946  78.885 0.8750000000
104369  25.068  -24.053  78.452 1.0000000000
120873  24.488  -23.580  78.637 1.0000000000
47837  23.906  -23.090  78.427 1.0000000000
56916  4.596  -13.577  80.630 0.8750000000
56914  4.733  -13.542  81.456 0.8750000000
45154  26.811  -26.332  79.059 0.8750000000
46111  26.566  -25.329  78.678 0.8750000000
119560  25.945  -24.636  78.170 1.0000000000
47849  24.547  -23.594  78.119 1.0000000000
119316  23.817  -23.033  77.669 1.0000000000
59721  11.395  -10.382  75.606 0.8750000000
56074  4.437  -14.466  80.981 0.8750000000
47009  26.453  -24.721  77.865 0.8750000000
47848  25.722  -24.493  78.129 1.0000000000
109073  25.248  -24.171  77.836 1.0000000000
56077  4.459  -14.507  80.042 0.8750000000
55116  4.423  -15.340  80.466 0.8750000000
55111  4.334  -15.285  81.360 0.8750000000
104460  26.119  -24.574  77.570 1.0000000000
47858  24.591  -23.599  77.165 1.0000000000
48657  23.763  -22.971  76.828 1.0000000000
55120  4.670  -15.271  79.559 0.8750000000
47866  27.168  -23.960  75.905 1.0000000000
47856  26.683  -24.325  76.861 1.0000000000
47857  25.586  -24.266  77.041 1.0000000000
47868  25.133  -23.857  76.289 1.0000000000
116382  4.648  -14.390  78.949 0.8750000000
112185  26.311  -24.100  75.472 1.0000000000
121578  25.613  -24.026  75.655 1.0000000000
47874  24.924  -23.721  75.349 1.0000000000
56957  12.463  -13.874  73.671 0.8750000000
47873  25.798  -24.035  74.875 1.0000000000
47872  26.911  -23.884  74.711 1.0000000000
55164  12.877  -15.057  72.920 1.0000000000
47880  26.141  -23.685  74.088 1.0000000000
48683  25.815  -23.270  73.147 1.0000000000
54181  5.780  -16.036  79.073 0.8750000000
114681  5.768  -16.416  79.770 0.8750000000
54176  5.680  -16.233  80.584 0.8750000000
110622  6.672  -16.229  80.776 0.8750000000
54225  14.124  -16.509  71.904 1.0000000000
55125  5.310  -15.762  78.116 0.8750000000
56113  33.804  -14.266  74.058 1.0000000000
56100  33.194  -14.838  74.356 1.0000000000
56112  34.469  -14.624  73.773 1.0000000000
56951  33.669  -13.490  73.810 1.0000000000
118542  32.910  -13.544  73.770 1.0000000000
56961  31.842  -13.459  72.698 1.0000000000
52265  26.997  -18.724  72.952 1.0000000000
49594  23.722  -21.921  71.125 1.0000000000
56960  32.635  -13.127  73.038 1.0000000000
49604  23.124  -21.556  70.588 1.0000000000
49618  22.472  -21.294  70.126 1.0000000000
52282  15.753  -18.183  70.637 1.0000000000
118457  4.587  -15.027  76.055 0.8750000000
56971  31.040  -13.301  71.285 1.0000000000
56996  30.441  -13.235  69.903 1.0000000000
52292  16.183  -18.074  69.935 1.0000000000
122499  4.462  -15.178  75.291 0.8750000000
57010  29.412  -13.461  68.821 1.0000000000
56166  27.977  -15.124  67.712 0.8750000000
54242  27.268  -16.635  69.384 1.0000000000
54250  26.856  -16.825  68.497 1.0000000000
54243  26.736  -17.207  69.284 1.0000000000
49619  21.876  -21.023  69.707 1.0000000000
123618  4.393  -14.392  74.883 0.8750000000
57011  28.797  -14.007  68.386 1.0000000000
55200  27.530  -15.727  67.861 0.8750000000
54249  27.166  -16.297  67.929 0.8750000000
57023  29.080  -13.155  68.071 1.0000000000
57024  28.551  -13.593  67.549 1.0000000000
57025  28.132  -13.972  67.027 0.8750000000
56177  27.689  -14.644  66.934 0.8750000000
54259  27.061  -15.996  67.150 0.8750000000
57036  28.249  -13.293  66.822 0.8750000000
57037  27.565  -13.762  66.434 0.8750000000
55146  4.397  -15.351  74.305 0.8750000000
55154  4.359  -16.245  73.543 0.8750000000
57993  27.842  -12.944  66.164 0.8750000000
54227  4.067  -16.923  72.163 0.7500000000
54233  4.473  -16.665  71.533 0.7500000000
117539  4.636  -15.310  71.271 0.7500000000
54219  4.178  -16.999  72.972 0.7500000000
55185  4.723  -15.905  70.871 0.6250000000
54245  5.010  -15.806  69.170 0.5000000000
55216  5.786  -15.198  67.096 0.2500000000
55207  5.175  -15.062  68.283 0.3750000000
60506  7.896  -8.915  77.786 1.0000000000
60496  7.313  -9.475  78.326 0.8750000000
61316  7.214  -8.538  78.448 0.8750000000
61317  6.522  -9.114  79.072 0.8750000000
110767  6.641  -8.338  79.149 0.8750000000
62176  6.463  -7.877  79.721 0.8750000000
60497  6.517  -10.075  78.930 1.0000000000
60489  5.667  -9.571  80.058 0.8750000000
60504  9.438  -9.575  77.280 1.0000000000
59692  5.744  -10.506  79.909 1.0000000000
61310  5.795  -8.544  80.226 0.8750000000
44179  27.455  -27.485  78.597 0.7500000000
44178  27.946  -27.067  78.295 0.7500000000
56918  4.582  -13.553  79.630 0.8750000000
47001  26.896  -25.021  78.110 0.8750000000
45162  28.551  -26.465  77.863 0.7500000000
57915  12.197  -12.096  74.292 0.8750000000
55123  4.910  -15.207  78.580 0.8750000000
47855  27.821  -23.955  76.762 1.0000000000
56082  4.789  -14.612  78.062 0.8750000000
55119  4.677  -15.923  79.971 0.8750000000
121840  26.995  -23.491  73.647 1.0000000000
55122  5.176  -15.680  79.152 0.8750000000
54177  5.092  -16.327  79.871 0.8750000000
55126  4.862  -15.233  77.507 0.8750000000
51366  28.583  -19.790  74.870 1.0000000000
53268  14.577  -16.949  71.435 1.0000000000
123623  5.507  -15.843  78.648 0.8750000000
111193  28.045  -18.794  73.981 1.0000000000
48692  24.803  -22.423  71.905 1.0000000000
48691  25.606  -22.583  72.249 1.0000000000
56950  34.540  -13.729  73.601 1.0000000000
49593  24.756  -21.866  71.076 1.0000000000
112680  15.618  -17.502  70.078 1.0000000000
53277  15.085  -17.477  70.878 1.0000000000
57918  35.046  -12.953  73.126 1.0000000000
57920  33.439  -12.891  73.275 1.0000000000
57933  32.289  -12.758  72.276 1.0000000000
57947  31.880  -12.572  71.274 1.0000000000
57948  31.099  -12.812  70.437 1.0000000000
52270  26.496  -18.398  71.491 1.0000000000
126593  22.574  -20.976  69.563 1.0000000000
111316  16.610  -18.547  69.740 1.0000000000
123548  4.463  -14.531  75.614 0.8750000000
53294  26.335  -17.532  68.753 0.8750000000
50518  21.324  -20.735  69.193 1.0000000000
57968  30.002  -13.034  69.176 1.0000000000
57976  29.717  -12.755  68.484 1.0000000000
54260  26.634  -16.660  67.560 0.8750000000
53309  26.260  -17.284  67.926 0.8750000000
50535  20.665  -20.484  68.594 1.0000000000
51420  19.887  -20.096  67.950 1.0000000000
57983  28.808  -12.857  67.296 1.0000000000
57992  28.515  -12.559  66.544 0.8750000000
55211  27.086  -15.271  66.599 0.8750000000
54274  26.354  -16.411  66.770 0.8750000000
116631  4.371  -14.175  73.920 0.8750000000
56189  26.974  -14.426  66.158 0.8750000000
55241  26.469  -15.254  65.876 0.8750000000
55222  26.633  -15.814  66.462 0.8750000000
52304  18.231  -19.060  67.755 1.0000000000
115479  4.333  -15.090  73.115 0.8750000000
57998  28.166  -12.200  65.837 0.8750000000
125911  27.065  -13.817  66.013 0.8750000000
57046  26.675  -13.861  65.534 0.8750000000
56200  26.466  -14.538  65.579 0.8750000000
56201  26.005  -14.888  65.192 0.8750000000
57999  27.485  -12.586  65.451 0.8750000000
57045  27.208  -13.325  65.792 0.8750000000
58000  26.799  -13.069  64.997 0.8750000000
56208  26.205  -14.271  65.146 0.8750000000
55165  4.275  -16.262  72.628 0.8750000000
116176  4.528  -15.342  72.135 0.8750000000
55173  4.447  -16.157  71.797 0.8750000000
118475  4.598  -15.087  70.484 0.8750000000
107110  26.201  -13.116  64.498 0.7500000000
55195  4.691  -15.338  69.914 0.7500000000
55233  5.965  -15.440  66.277 0.1250000000
55208  4.773  -14.868  69.079 0.6250000000
60505  8.642  -9.257  77.395 1.0000000000
60514  9.757  -9.135  76.637 1.0000000000
59693  5.052  -10.779  80.858 1.0000000000
61304  4.794  -8.117  81.218 0.8750000000
60490  4.841  -9.910  80.923 0.8750000000
61311  4.800  -9.052  81.102 0.8750000000
61305  4.259  -8.744  81.175 0.8750000000
58794  4.999  -11.236  80.883 0.8750000000
59685  4.698  -10.138  80.771 1.0000000000
62164  4.174  -8.141  80.934 0.8750000000
111191  4.348  -7.309  80.647 0.8750000000
112564  4.192  -9.669  80.731 1.0000000000
60491  3.885  -9.165  80.614 0.8750000000
61306  3.902  -8.790  81.006 0.8750000000
61312  3.853  -8.405  80.267 0.8750000000
108398  4.950  -11.884  80.827 0.8750000000
58795  4.734  -10.998  80.631 0.8750000000
112859  4.653  -11.820  80.065 0.8750000000
58806  4.614  -11.088  79.713 1.0000000000
59694  4.425  -10.295  80.340 1.0000000000
45153  27.486  -26.750  78.761 0.8750000000
57887  4.678  -12.672  80.322 0.8750000000
116930  4.737  -11.770  79.148 0.8750000000
110121  4.841  -12.099  78.346 1.0000000000
46110  27.279  -25.733  78.548 0.8750000000
58836  12.231  -11.189  74.205 0.8750000000
57894  4.724  -12.624  79.168 0.8750000000
59737  12.826  -10.762  73.580 0.8750000000
56922  4.694  -13.482  78.764 0.8750000000
46122  28.526  -25.377  77.925 0.7500000000
46109  27.965  -26.104  78.349 0.8750000000
47000  27.699  -25.198  78.120 1.0000000000
47008  27.362  -24.683  77.739 1.0000000000
57926  12.633  -12.391  73.601 0.8750000000
57925  13.152  -12.134  72.974 0.8750000000
56928  4.776  -13.841  78.067 0.8750000000
104670  4.839  -12.962  78.166 0.8750000000
47007  28.175  -24.578  77.758 0.7500000000
47847  27.099  -24.482  77.383 1.0000000000
47846  27.983  -24.188  77.413 1.0000000000
47844  29.461  -23.599  77.337 0.8750000000
114150  4.708  -14.258  77.216 0.8750000000
123591  4.642  -14.905  76.736 0.8750000000
47871  27.932  -23.549  75.110 1.0000000000
49531  29.481  -21.592  76.403 1.0000000000
47879  27.718  -23.412  74.250 1.0000000000
48677  27.051  -22.797  72.870 1.0000000000
56092  4.554  -14.334  76.281 0.8750000000
57930  34.653  -12.053  72.994 1.0000000000
58847  34.239  -11.509  72.529 1.0000000000
57945  33.430  -11.658  72.294 1.0000000000
52256  27.470  -18.834  73.482 1.0000000000
57928  36.648  -13.082  72.129 0.8750000000
57946  32.678  -11.940  71.893 1.0000000000
57959  31.753  -12.036  70.358 1.0000000000
112777  26.503  -18.931  72.310 1.0000000000
50534  21.660  -20.532  68.324 1.0000000000
56969  36.980  -13.792  71.599 0.8750000000
56983  37.301  -12.990  70.384 0.8750000000
57966  31.163  -12.346  69.752 1.0000000000
124676  26.342  -17.938  69.725 1.0000000000
106266  37.392  -13.713  70.822 0.8750000000
108005  30.274  -12.486  68.850 1.0000000000
57975  30.227  -12.024  68.201 1.0000000000
54261  26.061  -17.078  67.123 0.8750000000
105247  19.004  -19.621  67.845 1.0000000000
108737  4.400  -13.816  73.022 1.0000000000
57982  29.464  -12.447  67.734 1.0000000000
106551  4.570  -14.436  72.308 1.0000000000
57991  29.193  -12.168  66.941 1.0000000000
58904  28.880  -11.840  66.205 0.8750000000
58912  27.848  -11.857  65.094 0.8750000000
58006  27.181  -12.252  64.684 0.7500000000
56141  4.752  -14.545  70.801 1.0000000000
58919  26.905  -11.977  63.862 0.7500000000
58007  26.522  -12.577  64.265 0.7500000000
57054  26.198  -13.697  64.850 0.8750000000
56152  4.562  -14.550  69.862 0.7500000000
56162  4.720  -14.054  69.227 0.7500000000
55215  6.558  -15.093  66.983 0.2500000000
56185  5.529  -14.660  67.839 0.3750000000
56173  5.110  -14.287  68.517 0.5000000000
56184  6.268  -14.408  67.597 0.2500000000
61324  8.374  -8.403  77.216 1.0000000000
62175  7.089  -7.611  78.776 0.8750000000
61331  9.484  -8.377  76.423 1.0000000000
61323  9.009  -8.821  76.790 1.0000000000
62182  7.824  -7.996  77.935 0.8750000000
62191  8.911  -7.805  76.678 0.8750000000
62169  5.819  -7.664  80.718 0.8750000000
62162  5.227  -7.216  81.376 0.8750000000
62163  4.722  -7.435  81.199 0.8750000000
61346  12.030  -8.964  74.725 0.8750000000
58815  4.779  -11.259  78.643 1.0000000000
59703  4.546  -10.437  79.182 1.0000000000
60526  11.809  -9.883  74.783 0.8750000000
112637  4.178  -9.646  79.834 0.8750000000
60498  4.060  -8.979  79.568 0.8750000000
62170  4.050  -7.557  80.071 0.8750000000
59729  11.774  -10.737  74.850 0.8750000000
61318  4.161  -8.356  79.228 0.8750000000
58844  12.701  -11.627  73.581 0.8750000000
58822  5.075  -11.577  77.741 1.0000000000
57901  5.042  -12.429  77.520 1.0000000000
56132  12.798  -14.140  72.948 1.0000000000
110626  13.316  -13.588  72.470 1.0000000000
56131  13.295  -14.500  72.342 1.0000000000
47845  28.736  -23.914  77.399 0.7500000000
47854  28.691  -23.642  76.970 1.0000000000
47865  28.128  -23.633  75.936 1.0000000000
55163  13.407  -15.347  72.298 1.0000000000
50533  22.498  -20.553  68.498 1.0000000000
50544  22.469  -20.339  67.717 1.0000000000
48682  26.355  -22.535  72.477 1.0000000000
115930  25.548  -21.324  70.961 1.0000000000
50501  24.302  -20.902  69.855 1.0000000000
50545  21.663  -20.265  67.519 1.0000000000
51450  19.857  -19.366  66.343 1.0000000000
52326  18.812  -18.408  66.166 1.0000000000
53321  18.485  -17.607  66.209 1.0000000000
56940  4.505  -13.713  75.559 0.7500000000
50466  28.768  -20.613  75.379 1.0000000000
50516  23.055  -20.685  69.057 1.0000000000
116401  20.347  -19.817  67.061 1.0000000000
51451  18.998  -19.044  66.519 1.0000000000
123732  18.626  -18.635  66.548 1.0000000000
58846  35.150  -11.533  72.444 1.0000000000
51374  27.728  -19.571  73.594 1.0000000000
50502  23.352  -21.130  69.828 1.0000000000
51433  20.894  -20.265  67.713 1.0000000000
51434  19.477  -19.537  67.154 1.0000000000
124566  35.861  -11.707  72.236 0.8750000000
58861  33.849  -11.211  71.761 1.0000000000
58872  32.153  -11.081  70.254 1.0000000000
50517  22.158  -20.762  69.065 1.0000000000
52305  16.799  -18.144  68.435 1.0000000000
52291  16.421  -18.146  69.206 1.0000000000
56948  4.426  -13.440  74.599 1.0000000000
57957  37.045  -12.233  70.838 0.8750000000
58882  31.697  -11.657  69.580 1.0000000000
52278  26.268  -18.368  70.618 1.0000000000
52301  25.971  -18.087  68.900 1.0000000000
51435  18.793  -19.252  67.213 1.0000000000
57927  4.370  -13.108  73.716 1.0000000000
57943  4.481  -12.727  72.996 0.8750000000
58883  30.946  -12.004  68.984 1.0000000000
56968  4.753  -13.600  72.358 0.8750000000
57942  5.102  -12.775  72.416 0.8750000000
56980  5.315  -13.588  71.711 0.8750000000
56153  36.660  -14.003  69.605 0.7500000000
58895  29.887  -11.773  67.345 1.0000000000
125663  25.658  -16.867  66.296 0.8750000000
121554  25.470  -16.431  65.496 0.8750000000
58903  29.619  -11.481  66.570 1.0000000000
55223  26.100  -16.090  66.013 0.8750000000
117518  4.706  -14.751  71.629 0.8750000000
56981  4.882  -14.152  71.613 0.8750000000
58910  29.289  -11.134  65.826 0.8750000000
58911  28.560  -11.501  65.460 0.8750000000
58917  28.249  -11.193  64.689 0.7500000000
56209  25.587  -14.311  64.680 0.8750000000
58918  27.562  -11.574  64.308 0.7500000000
57055  25.600  -13.477  64.339 0.8750000000
56994  4.765  -13.943  69.977 1.0000000000
116072  5.208  -13.931  70.894 1.0000000000
58015  26.195  -12.297  63.466 0.7500000000
58008  25.793  -12.805  63.978 0.7500000000
57031  7.178  -13.949  67.681 0.2500000000
56172  5.689  -13.917  68.143 0.6250000000
61330  10.138  -8.449  75.996 0.8750000000
62189  10.221  -7.476  75.775 0.8750000000
62181  8.334  -7.476  77.364 0.8750000000
62980  6.675  -7.198  79.871 0.8750000000
62203  10.960  -7.772  75.491 0.8750000000
61337  11.563  -8.428  75.167 0.8750000000
60519  11.407  -9.417  75.336 0.8750000000
62966  5.188  -6.723  81.386 0.8750000000
59728  12.293  -10.318  74.174 0.8750000000
60508  4.645  -9.629  78.454 0.8750000000
110648  4.294  -7.036  79.001 0.8750000000
58843  13.345  -11.238  73.105 1.0000000000
59711  5.009  -10.633  77.930 0.8750000000
61326  4.465  -8.635  78.509 0.8750000000
62177  4.146  -7.789  79.264 0.8750000000
57940  12.824  -13.134  73.168 1.0000000000
126155  29.126  -25.167  77.701 0.7500000000
56933  4.723  -13.522  76.497 0.7500000000
57906  5.045  -12.687  76.703 0.7500000000
47006  29.029  -24.480  77.636 0.7500000000
54232  13.867  -15.701  71.727 1.0000000000
47864  28.645  -23.331  76.383 1.0000000000
55227  18.678  -15.340  67.079 0.8750000000
56179  19.002  -14.851  67.882 0.8750000000
55192  19.602  -14.973  69.485 0.8750000000
54231  14.380  -16.108  71.137 1.0000000000
48663  28.545  -23.069  75.583 1.0000000000
48676  27.913  -22.833  73.558 1.0000000000
54276  18.608  -16.689  66.150 0.8750000000
54277  18.096  -16.146  66.716 0.8750000000
56180  18.115  -14.843  67.825 0.8750000000
56169  18.394  -14.490  68.497 0.8750000000
53278  14.715  -16.733  70.789 1.0000000000
53322  17.852  -16.983  66.572 1.0000000000
55214  17.732  -15.609  67.370 0.8750000000
54238  15.115  -16.747  70.126 1.0000000000
104693  21.235  -19.954  66.957 1.0000000000
115379  17.790  -17.658  66.810 1.0000000000
54262  17.458  -16.472  67.144 1.0000000000
123311  28.261  -19.918  74.141 1.0000000000
51375  26.818  -19.569  72.893 1.0000000000
52327  18.297  -18.246  66.610 1.0000000000
125556  17.384  -17.142  67.072 1.0000000000
58869  35.092  -10.589  71.236 1.0000000000
59753  33.558  -10.422  70.505 1.0000000000
58881  32.539  -11.034  69.235 1.0000000000
51382  26.174  -19.718  72.050 1.0000000000
51394  25.826  -19.003  71.004 1.0000000000
121846  25.436  -19.158  69.636 1.0000000000
52315  18.442  -18.786  66.956 1.0000000000
52316  17.849  -18.351  67.229 1.0000000000
116781  4.388  -12.277  73.617 0.8750000000
58857  4.671  -11.989  72.908 0.8750000000
58858  36.491  -11.542  71.177 0.8750000000
59763  33.184  -10.266  69.727 1.0000000000
52289  25.725  -18.583  69.325 1.0000000000
53311  17.210  -17.706  67.576 1.0000000000
116603  17.480  -18.515  68.005 1.0000000000
57956  37.204  -12.183  69.972 0.8750000000
58890  30.918  -11.304  68.290 1.0000000000
58894  30.477  -11.364  67.693 1.0000000000
53295  25.871  -17.902  68.212 0.8750000000
53320  25.558  -17.486  66.778 0.8750000000
56995  36.925  -13.281  69.316 0.8750000000
58902  30.379  -11.131  66.934 1.0000000000
59793  30.045  -10.758  66.194 1.0000000000
54299  25.123  -16.051  64.828 0.8750000000
123105  5.857  -13.103  71.827 0.8750000000
57009  36.203  -13.889  68.169 0.7500000000
55242  25.774  -15.661  65.331 0.8750000000
55260  25.323  -15.202  64.767 0.8750000000
59801  29.011  -10.847  65.036 0.7500000000
59807  28.692  -10.567  64.218 0.7500000000
56992  6.057  -13.530  71.076 0.8750000000
59808  27.962  -10.968  63.853 0.6250000000
57065  24.905  -13.087  63.737 0.7500000000
58925  27.303  -11.380  63.417 0.7500000000
58936  26.145  -11.368  62.617 0.7500000000
58927  25.828  -11.910  62.791 0.7500000000
58016  25.363  -12.411  63.307 0.7500000000
58937  25.445  -11.292  62.542 0.7500000000
126063  5.075  -13.725  69.433 0.7500000000
57030  8.064  -13.792  67.800 0.2500000000
57019  5.280  -13.745  68.788 0.7500000000
62987  8.562  -6.656  77.708 0.8750000000
62988  7.869  -7.082  78.161 0.8750000000
63000  8.779  -6.998  76.989 0.8750000000
62979  7.295  -6.651  78.936 0.8750000000
62999  9.372  -6.971  76.556 0.8750000000
62978  8.079  -6.234  78.416 0.8750000000
62998  9.951  -6.889  75.972 0.8750000000
62986  9.335  -6.325  77.280 0.8750000000
62971  6.867  -6.371  79.945 0.8750000000
63818  6.292  -6.078  80.851 0.8750000000
104739  5.599  -6.475  81.415 0.8750000000
63835  9.030  -5.883  78.110 0.8750000000
63827  8.375  -5.523  78.806 0.8750000000
60525  12.485  -9.455  74.212 0.8750000000
62967  4.630  -6.672  80.849 0.8750000000
60533  13.014  -9.887  73.626 0.8750000000
62973  4.357  -6.616  79.753 0.8750000000
124835  5.143  -10.050  77.656 0.8750000000
60507  5.076  -8.899  77.614 0.8750000000
61325  4.814  -7.981  77.780 0.8750000000
107617  4.357  -8.027  78.580 0.8750000000
55144  21.426  -15.519  74.376 0.7500000000
110074  21.105  -15.176  75.024 0.7500000000
59710  5.232  -9.632  77.417 0.8750000000
62184  4.440  -7.421  78.357 0.8750000000
62990  4.535  -6.633  78.090 0.8750000000
62981  4.476  -6.229  78.571 0.8750000000
55143  22.009  -15.580  74.330 0.7500000000
56108  19.510  -14.413  74.606 0.8750000000
126310  13.398  -12.818  72.619 1.0000000000
57900  5.373  -11.879  76.937 0.8750000000
58821  5.459  -11.155  77.151 0.8750000000
61332  5.522  -8.277  76.819 0.8750000000
62183  4.925  -7.078  77.589 0.8750000000
55160  21.718  -16.266  73.010 0.7500000000
55151  21.059  -15.772  73.656 0.7500000000
60515  5.541  -9.276  76.516 0.8750000000
122479  5.435  -7.530  77.033 0.8750000000
55161  21.126  -16.047  72.321 0.7500000000
55152  20.777  -15.948  73.025 0.7500000000
56120  20.182  -15.338  73.471 0.7500000000
107848  4.813  -12.866  75.870 0.8750000000
62192  5.442  -6.821  76.737 0.8750000000
55171  20.472  -15.676  71.692 0.7500000000
55162  20.094  -15.427  72.613 0.8750000000
56140  13.713  -14.849  71.671 1.0000000000
57912  5.190  -12.081  76.088 0.8750000000
62204  5.669  -7.488  76.109 0.8750000000
48656  29.269  -22.795  76.614 1.0000000000
55181  21.066  -15.636  70.463 0.7500000000
56147  19.253  -14.745  70.212 0.7500000000
56137  19.789  -15.138  71.061 0.8750000000
112006  4.535  -12.919  75.143 0.7500000000
48662  28.986  -22.429  76.113 1.0000000000
55203  19.888  -15.061  68.232 0.8750000000
124912  19.997  -14.970  68.931 0.8750000000
56158  18.644  -14.375  69.358 0.8750000000
48647  29.337  -23.190  77.014 0.8750000000
48669  28.720  -22.290  75.440 1.0000000000
48670  28.406  -22.745  74.611 1.0000000000
49567  27.619  -21.750  73.176 1.0000000000
116995  18.728  -15.945  66.439 0.8750000000
56170  17.652  -14.448  68.494 0.8750000000
110929  14.710  -16.192  70.473 1.0000000000
109511  4.737  -12.212  75.260 0.8750000000
49580  26.324  -21.866  71.948 1.0000000000
49602  24.921  -21.155  70.433 1.0000000000
50531  23.852  -20.345  68.746 1.0000000000
50532  23.176  -20.391  68.268 1.0000000000
51465  19.502  -18.761  65.816 1.0000000000
119603  19.040  -17.257  65.718 1.0000000000
55204  17.297  -15.125  68.018 1.0000000000
57917  4.428  -12.419  74.401 0.8750000000
59731  4.327  -10.765  74.104 0.8750000000
116506  4.334  -11.028  73.552 0.8750000000
59738  4.274  -10.298  73.482 0.8750000000
49542  28.923  -21.490  75.841 1.0000000000
51431  22.927  -20.071  66.967 1.0000000000
51464  20.348  -19.095  65.631 1.0000000000
53333  19.814  -17.285  65.238 1.0000000000
54244  15.553  -17.016  69.520 1.0000000000
59745  4.595  -10.962  73.013 0.8750000000
50476  27.983  -20.679  73.667 1.0000000000
50477  27.140  -20.631  73.082 1.0000000000
50484  26.498  -20.719  72.223 1.0000000000
53312  16.875  -16.856  67.536 1.0000000000
58838  4.336  -11.587  73.918 0.8750000000
58845  4.473  -11.714  73.302 0.8750000000
59762  35.043  -9.857  70.096 1.0000000000
59752  34.567  -10.127  70.651 1.0000000000
116624  34.188  -9.873  69.848 1.0000000000
51417  25.236  -19.134  68.921 1.0000000000
53285  16.274  -17.614  68.765 1.0000000000
58856  5.216  -11.773  72.615 0.8750000000
59750  36.426  -10.522  70.399 1.0000000000
59774  33.140  -10.378  68.747 1.0000000000
52314  24.750  -18.753  67.275 1.0000000000
52324  24.542  -18.481  66.402 0.8750000000
59749  37.208  -10.523  69.833 1.0000000000
58866  37.412  -11.420  69.822 0.8750000000
59783  31.899  -10.167  67.777 0.8750000000
59792  30.820  -10.372  66.578 0.8750000000
52302  25.530  -18.501  68.531 0.8750000000
52313  25.183  -18.078  66.951 0.8750000000
52323  25.063  -17.691  66.086 0.8750000000
54286  24.856  -16.806  65.053 0.8750000000
115053  37.394  -12.026  69.140 0.8750000000
57007  37.286  -12.743  68.817 0.8750000000
59791  31.520  -9.864  67.008 0.8750000000
124094  25.173  -17.062  65.636 0.8750000000
54300  24.315  -16.400  64.539 0.8750000000
57008  36.918  -13.278  68.544 0.7500000000
59799  30.429  -9.946  65.840 1.0000000000
55261  24.503  -15.516  64.424 0.8750000000
57022  36.118  -13.799  67.261 0.7500000000
59800  29.716  -10.407  65.446 1.0000000000
59806  29.458  -10.153  64.610 0.8750000000
56210  24.716  -14.671  64.368 0.7500000000
56218  24.240  -14.256  63.982 0.8750000000
59812  28.375  -10.409  63.338 0.6250000000
60615  28.596  -9.811  62.925 0.6250000000
59813  27.691  -10.796  62.928 0.6250000000
59821  26.823  -10.987  62.656 0.7500000000
58926  26.572  -11.740  62.991 0.6250000000
58928  24.979  -11.840  62.782 0.7500000000
56993  5.437  -13.599  70.076 0.7500000000
57032  6.459  -13.679  68.026 0.7500000000
57006  5.744  -13.535  69.324 0.7500000000
62202  11.893  -7.453  75.127 0.8750000000
118742  10.407  -6.434  76.046 0.8750000000
62985  9.953  -6.391  76.613 0.8750000000
123887  9.600  -5.820  77.717 0.8750000000
104886  7.872  -5.342  79.477 0.8750000000
63817  7.103  -5.611  80.034 0.8750000000
63808  5.954  -5.944  81.854 0.8750000000
62213  12.331  -8.057  74.709 0.8750000000
104830  9.822  -5.418  78.096 0.8750000000
63826  9.287  -5.205  78.726 0.8750000000
63809  5.762  -5.986  81.624 0.8750000000
57904  17.945  -12.445  76.503 1.0000000000
61345  12.793  -8.601  74.289 0.8750000000
63810  5.121  -6.068  81.107 0.8750000000
56083  21.807  -14.136  77.258 0.7500000000
56931  18.929  -13.282  76.482 1.0000000000
57903  18.522  -12.737  76.872 1.0000000000
56087  22.282  -14.394  76.106 0.6250000000
56088  21.983  -14.537  76.474 0.6250000000
56089  21.132  -14.402  76.744 0.8750000000
56930  19.972  -13.768  76.842 1.0000000000
57909  18.219  -12.958  76.179 1.0000000000
60532  13.866  -9.534  73.409 0.8750000000
63819  4.625  -5.714  80.033 0.8750000000
57913  21.839  -13.467  74.808 0.6250000000
56942  22.309  -14.723  75.250 0.6250000000
56095  21.392  -14.913  75.858 0.6250000000
56096  20.211  -14.284  76.059 0.8750000000
56935  19.352  -13.736  76.087 0.8750000000
59736  13.606  -10.375  73.173 0.8750000000
63829  4.540  -5.746  79.013 0.8750000000
109219  21.188  -12.900  73.950 0.6250000000
56094  22.121  -14.918  75.661 0.6250000000
104507  20.295  -14.662  75.229 1.0000000000
56943  19.385  -14.050  75.399 1.0000000000
56936  18.644  -13.444  75.613 1.0000000000
112227  4.593  -5.962  77.868 0.8750000000
56954  21.871  -13.801  73.881 0.6250000000
56105  22.368  -15.113  74.266 0.6250000000
55132  22.173  -15.207  74.723 0.7500000000
56944  18.812  -13.819  74.759 1.0000000000
58827  5.482  -11.275  76.359 0.8750000000
59718  5.507  -10.344  76.805 0.8750000000
54217  22.208  -16.166  73.242 0.7500000000
56109  18.994  -14.204  73.991 1.0000000000
62989  4.873  -6.154  77.291 0.8750000000
55169  22.300  -16.118  72.525 0.7500000000
56121  19.441  -14.679  73.282 1.0000000000
56964  18.611  -13.942  73.146 0.8750000000
56979  13.769  -13.976  71.783 1.0000000000
58832  5.122  -11.456  75.448 0.8750000000
59722  5.440  -10.680  75.665 0.8750000000
123131  5.575  -9.951  75.837 0.8750000000
114606  5.664  -6.636  76.003 0.8750000000
56129  19.714  -15.086  71.909 0.8750000000
56988  18.373  -14.034  71.150 0.8750000000
60520  5.472  -9.329  75.331 0.8750000000
61339  5.568  -8.485  75.740 0.8750000000
114930  5.467  -6.864  75.254 0.8750000000
55191  20.593  -15.330  69.553 0.7500000000
115386  19.015  -14.449  70.867 0.8750000000
56148  18.468  -14.133  70.271 0.8750000000
56159  17.202  -14.000  69.157 0.8750000000
59723  4.804  -10.843  74.791 0.8750000000
59730  5.135  -10.084  74.914 0.8750000000
61347  5.243  -8.684  74.657 0.8750000000
62214  5.375  -7.783  74.947 0.8750000000
55213  19.863  -15.250  67.360 0.8750000000
123507  20.535  -15.172  67.986 0.8750000000
108888  17.942  -14.050  68.947 0.8750000000
56171  16.866  -14.657  68.610 0.8750000000
58833  4.557  -11.538  74.618 0.8750000000
60527  4.926  -9.402  74.492 0.8750000000
61348  4.525  -8.955  73.724 0.8750000000
55226  19.422  -15.614  66.506 0.8750000000
55225  20.379  -15.390  66.601 0.8750000000
55205  16.561  -15.518  68.328 1.0000000000
126726  4.531  -10.419  74.404 0.8750000000
60528  4.310  -9.906  74.046 0.8750000000
49554  28.229  -21.737  74.017 1.0000000000
49568  26.884  -21.736  72.547 1.0000000000
49591  26.091  -21.234  71.474 1.0000000000
50500  25.017  -20.460  69.930 1.0000000000
54288  19.360  -16.624  65.670 0.8750000000
55245  19.923  -15.920  65.864 0.8750000000
111273  20.806  -15.435  65.870 0.8750000000
60534  4.270  -9.468  73.293 0.8750000000
126767  25.846  -20.731  71.110 1.0000000000
50515  24.448  -20.303  69.322 1.0000000000
51430  23.673  -19.793  67.213 1.0000000000
51462  22.094  -19.334  65.619 1.0000000000
121434  20.181  -18.289  65.176 1.0000000000
125463  20.021  -16.491  65.363 0.8750000000
54263  16.979  -15.995  67.696 1.0000000000
54251  16.388  -16.440  68.170 1.0000000000
53297  15.862  -16.905  68.775 1.0000000000
53286  15.949  -17.547  69.364 1.0000000000
50491  26.045  -20.418  71.634 1.0000000000
51419  23.868  -20.064  67.967 1.0000000000
51446  23.344  -19.513  66.471 1.0000000000
52338  21.639  -18.810  65.086 1.0000000000
115541  21.184  -16.912  64.608 1.0000000000
55265  21.185  -16.218  64.738 0.8750000000
53296  16.492  -17.306  68.153 1.0000000000
60541  4.468  -9.842  72.962 0.8750000000
123455  5.369  -10.992  72.653 0.8750000000
59761  36.012  -10.075  69.779 1.0000000000
59772  35.035  -9.691  69.337 1.0000000000
51395  25.489  -19.664  70.283 1.0000000000
51418  24.555  -19.731  68.580 1.0000000000
51429  24.347  -19.459  67.632 1.0000000000
52337  23.298  -18.554  65.254 1.0000000000
53345  22.429  -17.665  64.437 1.0000000000
54303  21.802  -16.559  64.332 0.8750000000
55264  21.766  -15.729  64.332 0.8750000000
59770  36.979  -9.921  69.216 1.0000000000
59771  35.997  -9.808  69.085 1.0000000000
59773  33.815  -9.908  68.997 1.0000000000
51445  24.122  -19.209  66.788 1.0000000000
52325  23.758  -18.871  65.987 1.0000000000
53344  23.152  -17.502  64.447 0.8750000000
55263  22.410  -16.034  63.930 0.8750000000
57941  5.969  -12.351  72.201 0.8750000000
58888  37.957  -11.305  68.645 0.8750000000
60568  33.470  -9.632  68.298 0.8750000000
59782  32.702  -9.799  68.083 0.8750000000
52336  24.179  -18.098  65.488 0.8750000000
54314  22.980  -16.222  63.829 0.8750000000
57980  37.867  -12.528  67.498 0.8750000000
60578  32.880  -8.976  67.714 0.8750000000
60579  32.270  -9.440  67.336 0.8750000000
60591  31.165  -9.551  66.214 0.8750000000
56211  23.783  -14.904  63.976 0.8750000000
57955  6.575  -12.850  71.640 0.8750000000
57033  36.761  -13.284  66.908 0.7500000000
61401  32.258  -8.700  66.095 0.8750000000
57067  23.646  -14.135  63.722 0.7500000000
57034  35.863  -13.537  66.445 0.5000000000
60597  31.497  -8.919  65.824 0.8750000000
60599  30.106  -9.618  65.111 0.8750000000
106751  24.023  -12.947  63.444 0.7500000000
57066  24.165  -13.636  63.723 0.7500000000
60606  30.428  -8.833  64.840 0.8750000000
60608  29.195  -9.889  63.610 0.6250000000
57965  6.951  -13.224  70.907 0.8750000000
121080  29.648  -9.154  63.588 0.7500000000
60614  29.114  -9.124  62.895 0.6250000000
60623  28.048  -9.188  62.493 0.5000000000
59820  27.905  -10.094  62.666 0.5000000000
126664  27.245  -10.358  62.539 0.5000000000
115210  26.512  -10.148  62.296 0.5000000000
59823  25.128  -10.610  62.402 0.5000000000
57004  7.947  -13.577  69.190 0.7500000000
121632  7.038  -13.275  70.171 0.7500000000
104682  6.286  -13.384  70.077 0.7500000000
61446  28.585  -8.441  62.490 0.5000000000
60624  27.174  -9.630  62.337 0.5000000000
59822  25.945  -10.729  62.401 0.5000000000
57005  6.815  -13.516  69.238 0.7500000000
116703  26.233  -9.201  62.159 0.5000000000
124642  6.615  -13.591  68.416 0.7500000000
57018  6.036  -13.586  68.538 0.7500000000
63009  11.516  -6.735  75.497 0.8750000000
62996  12.028  -6.141  75.940 0.8750000000
62997  11.118  -6.227  75.940 0.8750000000
63833  11.133  -5.499  77.388 0.8750000000
64727  6.380  -5.394  82.073 0.8750000000
63834  10.177  -5.767  77.394 0.8750000000
63807  6.668  -5.418  81.045 0.8750000000
56926  19.327  -13.107  77.270 1.0000000000
57897  18.892  -12.480  77.629 1.0000000000
64745  10.141  -4.959  78.708 0.8750000000
64738  9.024  -4.473  80.225 0.8750000000
64739  7.768  -4.931  80.313 0.8750000000
56084  20.938  -14.027  77.392 0.7500000000
60524  13.297  -9.083  73.832 0.8750000000
64746  9.610  -4.699  79.365 0.8750000000
64728  5.398  -5.313  81.354 0.8750000000
56929  22.296  -14.009  76.893 0.6250000000
64729  5.028  -5.273  80.554 0.8750000000
57907  21.969  -13.029  75.718 0.6250000000
124377  22.395  -14.011  76.329 0.6250000000
120065  20.584  -12.125  73.991 0.6250000000
56934  22.356  -13.979  75.693 0.6250000000
56937  18.013  -12.876  75.422 1.0000000000
59741  14.136  -10.949  72.751 1.0000000000
64747  4.679  -4.776  78.894 0.8750000000
58853  13.709  -11.622  72.715 1.0000000000
63837  4.594  -5.313  78.057 0.8750000000
57922  20.678  -12.426  73.187 0.6250000000
57921  21.297  -13.192  73.111 0.6250000000
56963  21.866  -14.093  72.980 0.7500000000
56119  22.339  -14.721  73.685 0.6250000000
56118  22.470  -15.475  73.340 0.6250000000
56955  18.419  -13.593  74.075 1.0000000000
63836  4.764  -5.485  77.446 0.8750000000
56128  22.427  -14.956  72.751 0.7500000000
56127  22.434  -15.701  72.535 0.7500000000
63001  5.428  -5.994  76.345 0.8750000000
55179  22.153  -15.798  71.738 0.6250000000
56975  17.576  -13.565  71.458 0.8750000000
55190  21.584  -15.350  69.897 0.6250000000
112516  17.081  -13.460  70.686 0.8750000000
55172  14.178  -15.212  71.109 1.0000000000
55201  21.267  -15.105  69.095 0.7500000000
57001  17.104  -13.653  69.966 0.8750000000
55184  14.605  -15.474  70.523 1.0000000000
116786  5.121  -7.109  74.276 0.8750000000
113493  21.064  -15.124  68.275 0.7500000000
62215  5.055  -8.033  73.932 0.8750000000
55212  21.157  -14.832  67.767 0.7500000000
55224  21.073  -15.007  66.778 0.8750000000
56160  16.488  -14.367  69.148 1.0000000000
55193  16.154  -15.037  68.913 1.0000000000
107098  4.754  -8.244  73.241 0.8750000000
106686  15.464  -16.308  69.399 1.0000000000
56202  21.264  -14.808  65.830 0.7500000000
55244  20.631  -16.033  65.313 0.8750000000
55243  21.252  -15.360  65.017 0.8750000000
59780  37.967  -9.785  67.660 1.0000000000
59781  37.530  -9.859  68.462 1.0000000000
60566  36.553  -9.728  68.516 1.0000000000
108229  21.558  -14.298  64.887 0.6250000000
56213  21.791  -14.979  64.382 0.8750000000
57057  22.086  -14.294  64.042 0.7500000000
108496  38.131  -10.422  68.181 1.0000000000
60567  34.327  -9.594  68.515 0.8750000000
57068  22.433  -13.537  63.720 0.7500000000
59768  10.547  -10.365  69.653 0.5000000000
59790  38.162  -9.764  66.761 1.0000000000
58900  38.402  -10.430  67.102 1.0000000000
58893  38.159  -11.495  67.737 0.8750000000
60577  33.554  -9.206  67.732 0.8750000000
109744  22.863  -14.430  63.660 0.7500000000
117991  10.407  -11.530  69.607 0.7500000000
122450  9.270  -11.439  70.514 0.7500000000
58901  38.193  -11.301  66.329 1.0000000000
57990  37.487  -12.817  66.602 0.7500000000
60589  32.575  -9.009  66.823 0.8750000000
61409  31.054  -8.478  65.193 0.8750000000
112213  23.280  -13.411  63.479 0.7500000000
57962  9.046  -12.116  70.255 0.7500000000
58865  6.834  -11.972  72.060 0.8750000000
57996  37.098  -12.347  65.005 1.0000000000
57997  37.084  -12.811  65.564 0.6250000000
57041  36.567  -13.154  66.056 0.6250000000
61431  30.543  -8.285  63.589 0.8750000000
58017  24.186  -11.764  62.806 0.6250000000
58018  23.359  -12.308  63.028 0.7500000000
118574  9.375  -12.394  69.757 0.7500000000
57954  7.359  -12.475  71.429 0.8750000000
58005  36.305  -12.968  64.079 0.5000000000
58004  36.781  -12.887  64.577 0.5000000000
57042  35.623  -13.317  65.540 0.5000000000
57035  34.938  -13.735  66.075 0.5000000000
59824  24.337  -10.548  62.579 0.5000000000
57972  8.639  -12.914  69.764 0.7500000000
57963  8.320  -12.497  70.457 0.7500000000
58012  36.414  -12.481  63.838 0.3750000000
57060  35.357  -13.013  64.114 0.3750000000
61432  29.790  -8.523  63.288 0.6250000000
61449  25.598  -8.413  62.479 0.5000000000
60625  25.258  -9.209  62.393 0.5000000000
115491  24.828  -9.921  62.423 0.5000000000
57973  7.722  -13.222  69.989 0.7500000000
58023  35.799  -12.234  62.583 0.3750000000
58013  35.756  -12.502  63.464 0.3750000000
111862  35.014  -12.804  63.473 0.3750000000
110820  28.865  -7.744  62.422 0.5000000000
62284  27.447  -7.403  62.387 0.5000000000
61447  27.729  -8.279  62.304 0.5000000000
61448  26.384  -8.243  62.341 0.5000000000
113931  25.640  -9.972  62.220 0.5000000000
58014  34.227  -12.758  63.183 0.3750000000
63008  12.373  -6.698  75.412 0.8750000000
63842  11.636  -5.817  76.678 0.8750000000
62201  12.726  -7.297  74.957 0.8750000000
63825  10.621  -5.173  78.036 0.8750000000
64726  7.315  -4.879  81.452 0.8750000000
62212  13.176  -7.832  74.533 0.7500000000
62211  14.042  -7.763  74.662 0.7500000000
63824  11.483  -5.131  78.139 0.8750000000
64725  8.237  -4.511  80.978 0.8750000000
64712  6.164  -5.050  82.321 0.8750000000
64713  5.641  -5.130  82.126 0.8750000000
56925  20.288  -13.537  77.723 0.8750000000
61344  13.691  -8.382  74.165 0.7500000000
61343  14.738  -8.523  74.402 0.8750000000
64744  10.957  -4.823  78.761 0.8750000000
64737  10.439  -4.598  79.346 0.8750000000
107011  10.019  -4.350  79.941 0.8750000000
108034  9.003  -4.226  81.161 0.8750000000
64710  8.193  -4.555  81.850 0.8750000000
60523  14.641  -9.317  73.666 0.8750000000
64723  10.476  -4.293  80.376 0.8750000000
64724  9.832  -4.234  80.706 0.8750000000
64709  9.794  -4.253  81.593 0.8750000000
64740  5.218  -4.353  80.373 0.8750000000
57908  21.319  -12.297  75.634 0.6250000000
58849  19.893  -11.209  72.410 0.2500000000
119883  21.142  -12.501  74.809 0.6250000000
64750  4.883  -4.155  77.831 0.8750000000
59746  19.687  -10.582  71.598 0.1250000000
58848  20.486  -11.870  72.363 0.3750000000
58839  20.132  -11.723  73.258 0.5000000000
56956  18.023  -13.045  74.143 1.0000000000
57939  13.802  -12.236  72.486 1.0000000000
64755  5.418  -4.392  76.332 0.8750000000
64749  5.115  -4.663  77.216 0.8750000000
59758  20.052  -10.155  70.819 0.1250000000
123075  20.172  -10.913  70.908 0.1250000000
111619  18.005  -13.181  73.402 1.0000000000
56967  13.973  -13.039  72.081 1.0000000000
63844  5.230  -5.262  76.708 0.8750000000
58862  20.268  -11.350  71.472 0.2500000000
57950  20.918  -12.141  71.485 0.3750000000
120713  21.272  -12.695  71.875 0.3750000000
111880  21.997  -14.316  72.209 0.5000000000
56136  22.226  -15.003  71.716 0.5000000000
56965  17.825  -13.440  72.497 1.0000000000
64761  5.096  -4.365  75.428 0.8750000000
63849  5.576  -5.124  75.817 0.8750000000
56986  22.304  -14.245  70.665 0.6250000000
63856  5.207  -5.202  74.874 0.8750000000
63011  5.486  -5.997  75.460 0.8750000000
56156  22.383  -14.372  69.943 0.6250000000
63015  5.274  -6.190  74.576 0.8750000000
56167  21.556  -14.587  68.628 0.6250000000
57002  16.406  -13.889  69.679 1.0000000000
56178  21.456  -14.306  67.923 0.6250000000
57013  21.828  -13.853  68.302 0.6250000000
55183  14.999  -15.817  69.928 1.0000000000
62221  5.002  -7.246  73.333 0.8750000000
56190  21.332  -14.394  67.232 0.7500000000
55206  15.880  -15.946  68.746 1.0000000000
115243  21.313  -14.432  66.522 0.7500000000
61354  4.439  -8.740  73.001 0.8750000000
57047  21.413  -13.957  65.866 0.6250000000
107083  4.479  -9.081  72.784 0.8750000000
116832  21.419  -13.237  65.145 0.6250000000
59744  5.050  -10.207  72.636 0.8750000000
60574  37.164  -9.687  67.819 1.0000000000
60575  35.991  -9.732  67.715 1.0000000000
61391  10.975  -8.784  68.245 0.5000000000
58855  6.097  -11.438  72.423 0.8750000000
60573  37.633  -9.664  67.175 1.0000000000
60585  36.718  -9.682  67.051 1.0000000000
60586  35.595  -9.593  66.821 0.8750000000
60576  34.671  -9.479  67.560 0.8750000000
57058  21.802  -13.311  64.264 0.5000000000
60564  10.518  -9.707  69.458 0.6250000000
60584  37.435  -9.642  66.359 1.0000000000
106771  22.680  -12.877  63.417 0.7500000000
58019  21.809  -12.402  63.998 0.6250000000
58876  10.255  -10.894  69.951 0.6250000000
116893  37.382  -9.815  64.817 1.0000000000
106086  36.638  -9.477  65.442 0.8750000000
60596  35.577  -9.426  65.851 0.8750000000
60587  34.471  -9.180  66.422 0.8750000000
106831  33.757  -9.045  67.104 0.8750000000
61400  32.921  -8.481  66.345 0.8750000000
107700  22.360  -12.260  63.378 0.7500000000
59811  37.798  -10.404  63.244 1.0000000000
58915  37.066  -10.849  64.355 1.0000000000
58908  37.957  -10.650  65.706 1.0000000000
116220  35.332  -8.831  64.551 0.8750000000
61416  34.564  -8.709  64.450 0.8750000000
61406  33.307  -8.373  65.787 0.8750000000
61408  31.874  -8.475  65.377 0.8750000000
59814  23.090  -10.678  63.093 0.5000000000
58929  22.740  -11.478  63.100 0.7500000000
58864  7.636  -11.530  71.768 0.8750000000
58934  37.383  -11.080  62.897 0.8750000000
58923  37.179  -10.965  63.675 1.0000000000
58916  36.855  -11.548  64.418 1.0000000000
105010  33.752  -8.549  64.253 0.8750000000
108659  33.123  -8.402  64.957 0.8750000000
61417  32.293  -8.315  64.732 0.8750000000
61418  31.443  -8.307  64.762 0.8750000000
60626  24.076  -9.845  62.733 0.5000000000
59825  23.690  -10.443  62.810 0.5000000000
58878  8.725  -11.690  70.803 0.7500000000
58879  8.081  -12.054  71.155 0.7500000000
58924  36.767  -11.622  63.395 0.7500000000
58003  36.676  -12.266  64.134 0.7500000000
61427  34.435  -8.554  63.619 0.8750000000
61428  33.671  -8.320  63.325 0.8750000000
105730  32.819  -8.115  62.882 0.8750000000
61429  32.200  -8.232  63.802 0.8750000000
61430  31.386  -8.268  63.844 0.8750000000
118318  25.511  -7.298  63.130 0.5000000000
62273  24.903  -7.700  63.430 0.5000000000
60616  23.906  -9.013  63.318 0.5000000000
57964  7.617  -12.806  70.695 0.7500000000
58935  36.882  -11.512  62.458 0.7500000000
122517  36.380  -11.989  63.527 0.7500000000
62281  31.402  -7.485  62.170 0.8750000000
61443  30.966  -7.810  62.980 0.8750000000
61444  30.086  -7.813  62.836 0.6250000000
63081  26.509  -6.329  63.142 0.5000000000
63082  25.877  -6.698  63.487 0.5000000000
122765  25.267  -7.861  62.835 0.5000000000
107888  36.052  -11.934  63.149 0.6250000000
105391  35.144  -12.480  62.852 0.3750000000
62298  31.189  -7.052  61.836 0.8750000000
118089  29.488  -7.628  62.516 0.6250000000
114757  28.309  -7.164  62.376 0.5000000000
63094  27.690  -6.551  62.547 0.5000000000
63095  26.852  -6.712  62.616 0.5000000000
58024  34.386  -12.269  62.365 0.3750000000
105625  30.009  -6.762  62.235 0.5000000000
63092  29.414  -6.235  62.354 0.6250000000
63943  28.828  -5.597  62.621 0.6250000000
63007  13.159  -6.752  75.414 0.8750000000
120986  13.511  -6.466  75.887 0.8750000000
63841  12.645  -5.828  76.727 0.8750000000
62200  13.540  -7.247  74.997 0.7500000000
117223  14.206  -7.279  75.193 0.7500000000
64711  7.096  -4.720  82.194 0.8750000000
61336  14.734  -7.737  75.167 0.7500000000
63832  12.021  -5.472  77.477 0.8750000000
64702  5.794  -4.333  82.375 0.8750000000
64699  8.707  -4.260  82.550 0.8750000000
64700  7.726  -4.215  82.745 0.8750000000
56923  22.115  -13.541  77.703 0.6250000000
56924  21.359  -13.704  77.911 0.7500000000
63815  11.852  -4.869  79.038 0.8750000000
64736  11.166  -4.548  79.505 0.8750000000
117976  9.097  -4.403  81.927 0.8750000000
106961  5.377  -4.345  81.414 0.8750000000
119224  22.312  -13.501  76.492 0.5000000000
60531  15.194  -9.752  73.495 0.8750000000
64722  11.206  -4.389  80.356 0.8750000000
64708  10.641  -4.292  81.175 0.8750000000
65648  5.223  -3.438  79.722 0.8750000000
58840  19.695  -11.083  73.255 0.5000000000
58823  21.832  -12.301  76.640 0.5000000000
57902  22.355  -13.176  77.381 0.6250000000
58816  22.480  -12.178  77.843 0.6250000000
57910  17.849  -12.571  75.913 1.0000000000
59740  14.963  -10.790  72.744 1.0000000000
112821  4.830  -3.626  78.380 0.8750000000
57914  17.790  -12.628  74.595 1.0000000000
58851  15.127  -11.530  72.494 1.0000000000
58852  14.296  -11.629  72.521 1.0000000000
65662  4.448  -2.750  76.535 0.8750000000
65655  4.782  -3.110  77.489 0.8750000000
60559  19.716  -9.290  70.703 0.1250000000
114596  20.655  -10.136  70.619 0.1250000000
57936  17.387  -12.730  72.808 1.0000000000
106153  14.544  -12.277  72.272 1.0000000000
65667  4.087  -2.922  75.780 0.8750000000
65661  4.854  -3.607  76.116 0.8750000000
61376  21.075  -9.066  70.494 0.1250000000
58875  20.733  -11.469  70.829 0.2500000000
57961  21.455  -12.269  70.688 0.3750000000
57949  21.478  -12.937  71.305 0.3750000000
56978  14.506  -13.612  71.392 1.0000000000
57953  14.818  -12.901  71.851 1.0000000000
60557  21.050  -9.775  70.524 0.1250000000
59756  21.290  -10.431  70.483 0.1250000000
59757  20.632  -10.801  70.691 0.1250000000
56987  22.085  -13.217  70.651 0.5000000000
56976  16.667  -13.277  71.227 1.0000000000
56139  14.224  -14.419  71.189 1.0000000000
123684  4.681  -4.632  74.765 0.8750000000
58874  21.596  -11.373  70.412 0.1250000000
57960  22.315  -12.330  70.029 0.2500000000
56999  22.475  -13.470  69.978 0.5000000000
56990  16.398  -13.532  70.436 1.0000000000
121659  14.544  -14.782  70.669 1.0000000000
104625  4.293  -4.784  74.090 0.8750000000
57969  22.460  -12.764  69.339 0.5000000000
121518  22.468  -13.634  69.414 0.6250000000
56161  15.810  -14.495  69.495 1.0000000000
56150  15.031  -14.799  70.037 1.0000000000
63016  5.043  -6.466  73.814 0.8750000000
58884  22.577  -11.849  69.271 0.2500000000
55194  15.523  -15.382  69.381 1.0000000000
118360  22.468  -12.221  68.590 0.3750000000
57984  22.030  -12.488  67.864 0.5000000000
57977  21.791  -13.188  67.905 0.7500000000
57985  21.546  -12.865  67.066 0.6250000000
57038  21.415  -13.726  66.730 0.6250000000
57994  21.502  -12.228  66.203 0.6250000000
60540  4.886  -9.331  72.527 0.8750000000
58001  21.375  -12.381  65.340 0.6250000000
112527  21.422  -13.042  66.053 0.6250000000
59743  6.038  -10.532  72.466 0.8750000000
58921  21.517  -11.774  64.625 0.5000000000
58009  21.501  -12.596  64.644 0.5000000000
61392  10.295  -8.192  68.219 0.5000000000
61385  9.593  -8.612  69.372 0.6250000000
58854  6.952  -10.965  72.250 0.8750000000
58930  21.986  -11.600  63.762 0.5000000000
60565  9.847  -9.250  69.711 0.6250000000
59759  10.008  -10.068  70.131 0.6250000000
60560  9.376  -9.435  70.317 0.7500000000
60621  38.054  -9.871  62.809 1.0000000000
60612  38.026  -9.865  63.488 1.0000000000
104464  37.118  -9.228  64.764 0.8750000000
60604  36.668  -8.938  64.676 0.8750000000
60605  35.859  -9.103  64.960 0.8750000000
125054  22.837  -10.258  63.483 0.3750000000
59815  22.404  -10.742  63.674 0.6250000000
58877  9.648  -10.836  70.428 0.7500000000
59760  9.289  -10.141  70.699 0.7500000000
59805  37.668  -10.329  64.110 1.0000000000
61426  35.787  -8.595  63.246 0.8750000000
61415  36.162  -8.672  64.165 0.8750000000
111359  23.149  -9.172  63.812 0.3750000000
60617  23.310  -9.867  63.285 0.5000000000
124546  37.685  -10.136  61.974 1.0000000000
59819  37.601  -10.462  62.476 1.0000000000
118156  35.776  -8.445  61.502 0.8750000000
105312  35.248  -8.468  62.354 0.8750000000
105189  35.036  -8.473  63.165 0.8750000000
61441  34.402  -8.308  62.687 0.8750000000
63069  26.367  -6.186  65.015 0.2500000000
63074  25.821  -6.648  64.425 0.3750000000
62269  25.260  -7.140  64.846 0.3750000000
61433  24.233  -8.158  63.750 0.3750000000
58945  37.219  -11.006  62.022 0.7500000000
119825  34.936  -8.250  61.544 0.8750000000
61465  33.197  -7.835  61.836 0.8750000000
62272  25.272  -7.111  63.886 0.5000000000
58946  37.095  -11.576  61.533 0.6250000000
58011  36.436  -11.820  62.798 0.6250000000
62296  33.775  -7.431  61.146 0.7500000000
62297  31.844  -7.126  61.637 0.7500000000
63919  27.408  -5.152  64.219 0.6250000000
63073  26.398  -6.193  64.039 0.5000000000
58022  36.260  -12.145  62.311 0.5000000000
105191  35.325  -12.420  62.043 0.3750000000
117389  32.819  -6.430  61.101 0.6250000000
63109  32.162  -6.504  61.376 0.6250000000
63110  31.430  -6.536  61.654 0.5000000000
62299  30.724  -6.622  61.945 0.5000000000
63926  28.353  -5.075  63.123 0.6250000000
63080  27.218  -6.037  62.912 0.5000000000
58029  35.472  -12.088  61.191 0.1250000000
63091  30.212  -6.071  62.156 0.5000000000
63942  29.671  -5.465  62.492 0.5000000000
107665  45.262  -8.578  56.013 0.5000000000
61495  44.331  -8.759  56.989 0.2500000000
63006  13.898  -6.831  75.555 0.7500000000
108772  12.871  -6.252  75.902 0.8750000000
122084  14.050  -6.307  76.882 0.7500000000
62198  15.193  -7.746  75.821 0.7500000000
62983  14.289  -6.276  77.620 0.7500000000
63831  12.893  -5.638  77.758 0.8750000000
64701  6.666  -4.183  82.687 0.8750000000
62984  13.747  -5.877  78.164 0.7500000000
63823  12.319  -5.299  78.342 0.8750000000
65627  9.046  -4.093  83.220 0.8750000000
65630  6.083  -3.507  82.825 0.8750000000
56920  20.713  -13.319  78.504 0.7500000000
60522  15.389  -9.356  74.091 0.8750000000
110816  12.612  -5.247  79.115 0.7500000000
63814  12.460  -4.912  79.823 0.8750000000
65641  5.388  -3.415  80.582 0.8750000000
108138  5.372  -3.430  81.556 0.8750000000
123864  20.564  -11.939  74.525 0.6250000000
56919  21.871  -13.261  78.555 0.6250000000
59734  15.452  -10.314  73.171 1.0000000000
64721  12.044  -4.706  80.619 0.8750000000
64707  11.489  -4.498  81.337 0.8750000000
64692  9.944  -4.201  83.331 0.8750000000
66552  5.477  -2.568  80.843 0.8750000000
117346  20.631  -11.841  75.072 0.5000000000
107390  17.596  -12.126  75.233 1.0000000000
124317  14.612  -11.219  72.612 1.0000000000
118068  4.700  -2.274  77.095 0.8750000000
66566  4.657  -2.590  78.013 0.8750000000
60547  19.394  -9.722  71.325 0.1250000000
60537  19.133  -9.951  72.160 0.1250000000
58834  20.000  -11.396  74.260 0.3750000000
59724  20.225  -11.169  75.360 0.3750000000
63028  23.795  -7.289  72.307 0.1250000000
62225  23.374  -8.025  72.331 0.1250000000
61375  21.917  -8.784  70.580 0.1250000000
57923  17.566  -12.580  73.712 1.0000000000
106292  4.256  -2.727  75.047 0.8750000000
66579  4.152  -2.072  75.817 0.8750000000
63019  25.783  -7.033  74.023 0.1250000000
63027  24.413  -7.064  73.011 0.1250000000
115925  23.155  -7.571  71.654 0.1250000000
64762  4.203  -3.542  75.240 0.8750000000
62207  27.014  -8.056  75.161 0.1250000000
61358  24.420  -8.363  72.708 0.1250000000
61365  22.768  -8.588  70.985 0.1250000000
60556  21.865  -9.720  70.499 0.1250000000
56966  17.036  -13.122  72.042 1.0000000000
56151  14.789  -14.156  70.692 1.0000000000
122459  4.546  -2.351  74.108 0.8750000000
64769  4.166  -4.162  74.628 0.8750000000
62195  27.695  -7.614  75.352 0.1250000000
62218  25.525  -8.054  73.811 0.1250000000
62219  24.644  -7.849  73.260 0.1250000000
61359  23.530  -8.365  72.289 0.1250000000
62230  22.948  -8.382  71.985 0.1250000000
60546  22.687  -9.266  70.687 0.1250000000
59755  22.203  -10.591  70.211 0.1250000000
58873  22.506  -11.298  69.800 0.1250000000
56991  15.551  -13.887  70.245 1.0000000000
66601  4.596  -2.808  73.326 0.8750000000
65680  4.338  -3.655  73.336 0.8750000000
122583  4.046  -4.135  73.955 0.8750000000
63857  4.805  -5.676  73.934 0.8750000000
62991  28.959  -6.663  76.158 0.1250000000
62194  28.450  -7.722  75.333 0.1250000000
120225  26.362  -8.545  74.036 0.1250000000
61357  25.338  -8.913  72.874 0.1250000000
60536  23.907  -8.709  72.197 0.1250000000
119155  23.991  -9.644  71.156 0.1250000000
60555  23.423  -9.663  70.663 0.1250000000
59754  22.811  -9.965  70.242 0.2500000000
119757  22.980  -10.631  69.755 0.1250000000
64775  4.253  -4.465  73.305 0.8750000000
63023  4.981  -6.132  73.203 0.8750000000
64756  31.389  -4.676  75.110 0.1250000000
64757  30.617  -5.021  75.612 0.1250000000
63845  30.147  -5.687  75.431 0.1250000000
63002  29.328  -6.972  75.676 0.1250000000
62205  28.383  -8.258  74.968 0.1250000000
61340  27.003  -8.600  74.651 0.1250000000
61350  25.890  -8.817  73.525 0.1250000000
111382  23.601  -10.701  69.307 0.2500000000
59766  23.043  -11.203  69.256 0.1250000000
63851  30.594  -5.809  74.715 0.1250000000
63012  29.470  -6.948  74.835 0.1250000000
62216  28.325  -8.116  73.900 0.1250000000
62223  27.651  -8.679  73.360 0.1250000000
59778  23.409  -11.009  68.696 0.2500000000
58891  22.887  -11.545  68.609 0.2500000000
58896  22.554  -11.691  67.750 0.3750000000
64764  31.876  -5.016  74.430 0.1250000000
63859  30.884  -5.900  73.953 0.1250000000
63017  29.581  -6.891  73.832 0.1250000000
63025  28.961  -7.415  73.307 0.1250000000
122010  23.114  -11.188  68.084 0.2500000000
62227  4.905  -7.862  72.659 0.8750000000
63850  31.488  -5.489  74.251 0.1250000000
63024  29.401  -6.602  72.729 0.1250000000
108913  28.679  -6.989  72.310 0.1250000000
59786  22.787  -10.886  67.382 0.3750000000
58906  21.709  -11.622  66.284 0.5000000000
120847  4.734  -8.510  72.585 0.8750000000
64771  32.261  -5.184  73.819 0.1250000000
63858  31.660  -5.475  73.545 0.1250000000
63864  30.683  -5.477  73.048 0.1250000000
63031  29.045  -6.325  71.693 0.1250000000
120923  28.652  -6.820  71.020 0.1250000000
63037  28.039  -7.368  70.601 0.1250000000
59795  22.431  -10.612  66.441 0.3750000000
61361  4.910  -8.618  72.331 0.8750000000
64778  31.405  -5.163  72.684 0.1250000000
63870  30.631  -5.231  72.227 0.1250000000
64790  29.110  -5.175  70.503 0.1250000000
63036  28.298  -6.425  70.374 0.1250000000
62243  27.408  -7.393  70.001 0.1250000000
61388  26.450  -7.526  68.925 0.1250000000
59796  21.842  -11.068  65.916 0.3750000000
58913  21.499  -11.638  65.544 0.5000000000
62260  8.950  -7.068  67.833 0.6250000000
61394  8.917  -7.565  68.473 0.6250000000
60539  5.777  -9.630  72.340 0.8750000000
64788  30.339  -4.249  70.905 0.1250000000
64789  29.701  -4.845  70.885 0.2500000000
107657  28.480  -5.587  70.106 0.2500000000
63887  27.556  -6.124  69.226 0.2500000000
63055  26.581  -6.825  68.541 0.2500000000
62255  26.071  -7.163  68.160 0.3750000000
59802  22.164  -10.448  65.492 0.3750000000
59803  21.632  -11.001  65.044 0.5000000000
61393  9.610  -8.145  68.745 0.6250000000
59742  6.833  -9.961  72.234 0.8750000000
108337  29.528  -4.472  70.201 0.2500000000
64799  28.791  -4.827  69.722 0.2500000000
63044  27.998  -6.033  69.785 0.2500000000
62256  25.473  -7.526  67.703 0.3750000000
60601  22.521  -9.770  65.000 0.3750000000
59809  22.140  -10.455  64.556 0.3750000000
61379  9.236  -8.773  69.963 0.7500000000
114489  37.648  -9.588  61.923 1.0000000000
113751  37.979  -9.343  63.239 1.0000000000
60613  37.456  -8.908  63.540 0.8750000000
60603  37.643  -9.334  64.107 0.8750000000
64798  29.413  -4.186  69.152 0.2500000000
64807  28.993  -4.099  68.354 0.2500000000
63894  27.817  -4.815  68.408 0.2500000000
63903  26.869  -5.867  67.460 0.2500000000
106352  26.424  -6.492  67.828 0.2500000000
62261  25.330  -7.293  66.770 0.3750000000
61410  24.154  -8.156  65.719 0.3750000000
61411  23.589  -8.661  65.117 0.3750000000
60609  22.971  -9.116  64.529 0.3750000000
59748  7.811  -10.399  71.827 0.8750000000
61462  37.287  -9.096  61.504 1.0000000000
61440  37.370  -8.977  62.600 0.8750000000
61425  36.728  -8.672  63.388 0.8750000000
64817  27.672  -4.553  67.597 0.2500000000
63895  27.248  -5.241  67.993 0.2500000000
63061  26.422  -6.354  66.894 0.2500000000
63066  25.815  -6.730  66.363 0.3750000000
62266  24.657  -7.595  65.292 0.3750000000
61421  24.187  -8.175  64.716 0.3750000000
60610  22.642  -9.820  63.984 0.3750000000
118552  9.050  -10.910  70.912 0.7500000000
58863  8.412  -11.155  71.394 0.7500000000
60639  37.883  -9.925  61.091 1.0000000000
61477  37.119  -8.559  60.615 1.0000000000
108010  36.296  -8.636  62.460 0.8750000000
64826  27.767  -4.523  66.598 0.2500000000
63909  27.285  -5.088  66.079 0.5000000000
63910  26.866  -5.744  66.498 0.2500000000
63070  25.843  -6.710  65.406 0.3750000000
62265  25.259  -7.170  65.826 0.3750000000
61422  23.516  -8.579  64.137 0.3750000000
59836  37.711  -10.603  61.382 0.8750000000
62311  35.886  -7.627  60.427 0.8750000000
61479  35.366  -8.083  60.886 0.8750000000
62313  34.392  -7.313  60.805 0.7500000000
64832  28.442  -4.274  65.183 0.5000000000
63913  27.373  -5.151  65.154 0.5000000000
63914  26.819  -5.634  65.562 0.2500000000
113516  37.748  -11.575  60.797 0.5000000000
58021  36.626  -11.907  62.011 0.5000000000
63121  34.617  -6.867  60.635 0.7500000000
63108  33.429  -6.790  60.874 0.7500000000
64843  28.518  -4.367  64.369 0.5000000000
64844  27.927  -4.702  64.740 0.5000000000
63920  26.851  -5.619  64.615 0.3750000000
58957  37.365  -11.867  60.880 0.3750000000
63958  33.462  -5.839  61.203 0.6250000000
63960  31.739  -5.824  61.624 0.6250000000
63940  31.330  -5.251  62.134 0.5000000000
63941  30.506  -5.364  62.338 0.5000000000
64859  29.548  -4.376  63.474 0.3750000000
64881  29.153  -4.887  62.945 0.3750000000
64861  28.047  -4.789  63.870 0.5000000000
58038  37.263  -12.083  60.442 0.2500000000
58039  36.551  -12.050  60.621 0.1250000000
109822  36.055  -12.034  61.185 0.1250000000
64879  30.862  -4.666  62.693 0.3750000000
64880  29.996  -4.776  62.826 0.5000000000
114989  35.836  -12.024  60.334 0.1250000000
116546  36.377  -12.333  59.619 0.1250000000
58056  35.059  -12.162  59.837 0.1250000000
120883  44.621  -8.544  56.373 0.3750000000
61509  46.059  -8.622  55.434 0.5000000000
60664  43.449  -8.984  56.960 0.3750000000
112065  42.412  -10.094  57.080 0.1250000000
61519  46.378  -8.488  54.660 0.5000000000
61526  48.509  -7.930  54.129 1.0000000000
63158  51.172  -5.674  53.286 0.8750000000
63152  51.243  -6.155  54.036 0.8750000000
62336  50.077  -7.098  53.995 1.0000000000
64964  51.245  -4.983  53.491 0.8750000000
63153  50.698  -6.523  53.550 0.7500000000
64977  51.236  -4.875  53.027 0.8750000000
67649  50.020  -1.305  52.245 0.8750000000
61329  15.900  -8.092  77.135 0.7500000000
62179  15.423  -7.444  77.516 0.7500000000
113553  15.719  -8.230  76.249 0.7500000000
62187  15.296  -7.540  76.573 0.7500000000
66533  7.095  -3.197  84.456 0.8750000000
66537  6.554  -3.492  83.835 0.8750000000
66534  6.383  -2.585  84.123 0.8750000000
67422  5.977  -1.845  83.461 0.8750000000
57891  19.235  -12.280  78.469 0.8750000000
61334  16.085  -8.858  75.808 0.7500000000
62976  14.485  -6.307  78.577 0.7500000000
62969  14.477  -6.596  79.534 0.7500000000
65618  7.955  -3.589  84.567 0.8750000000
66540  6.002  -2.680  83.191 0.8750000000
57896  19.688  -12.936  78.107 0.8750000000
60518  15.742  -9.005  74.900 0.8750000000
62977  13.874  -5.986  79.140 0.7500000000
124140  8.660  -4.459  83.928 0.8750000000
118413  7.578  -4.446  83.837 0.8750000000
66541  5.515  -2.790  82.484 0.8750000000
67424  5.502  -1.885  82.594 0.8750000000
111383  16.148  -9.782  74.594 0.8750000000
63813  13.251  -5.533  79.772 0.7500000000
63806  12.801  -5.277  80.764 0.8750000000
66545  4.983  -2.465  81.916 0.8750000000
57895  22.398  -12.852  78.243 0.6250000000
123739  17.679  -12.102  76.009 1.0000000000
64706  12.357  -4.957  81.817 0.7500000000
64696  11.513  -4.525  82.481 0.8750000000
64697  10.518  -4.270  82.301 0.8750000000
64691  10.964  -4.255  83.486 0.8750000000
66565  5.066  -1.986  78.578 0.8750000000
108050  5.351  -1.706  80.277 0.8750000000
59739  19.426  -10.564  72.666 0.2500000000
59712  21.948  -11.241  77.531 0.5000000000
58842  15.794  -10.966  72.837 1.0000000000
64695  12.350  -4.974  83.129 0.8750000000
66568  4.833  -1.702  77.599 0.8750000000
61377  20.190  -8.644  70.286 0.1250000000
58828  20.936  -11.707  75.818 0.5000000000
58824  20.825  -11.025  76.418 0.3750000000
57938  15.413  -12.326  72.207 1.0000000000
67468  4.395  -1.446  76.146 0.8750000000
62224  23.965  -7.857  72.682 0.1250000000
62235  22.145  -7.949  70.439 0.1250000000
121907  19.021  -10.048  72.953 0.3750000000
59732  19.355  -10.445  73.691 0.3750000000
110870  19.192  -9.765  74.346 0.3750000000
59719  19.898  -10.385  75.698 0.3750000000
57952  15.598  -12.900  71.778 1.0000000000
62208  26.396  -7.949  74.409 0.1250000000
60530  18.671  -8.994  73.204 0.2500000000
115385  19.462  -9.865  75.124 0.3750000000
57951  16.269  -13.021  71.698 1.0000000000
113336  15.121  -13.257  71.397 1.0000000000
66590  4.604  -1.923  74.955 0.8750000000
63004  27.609  -6.691  75.410 0.1250000000
63013  26.332  -6.197  74.375 0.1250000000
60521  18.834  -8.936  74.028 0.2500000000
104399  15.101  -13.617  70.920 1.0000000000
63003  28.445  -7.041  75.607 0.1250000000
56977  15.772  -13.339  71.081 1.0000000000
65665  29.920  -4.385  76.042 0.1250000000
64758  29.713  -5.429  76.102 0.1250000000
122643  29.435  -6.460  76.054 0.1250000000
60535  24.806  -8.868  72.169 0.1250000000
60544  24.310  -9.261  71.683 0.1250000000
65689  4.789  -3.185  72.644 0.8750000000
63863  4.493  -5.244  73.249 0.8750000000
65664  30.855  -4.139  75.660 0.1250000000
61349  26.820  -8.936  73.751 0.1250000000
61356  26.229  -9.218  72.935 0.1250000000
61364  25.670  -9.134  72.135 0.1250000000
60543  25.217  -9.339  71.506 0.1250000000
60554  24.838  -9.732  70.939 0.2500000000
113605  24.334  -9.917  70.229 0.2500000000
59764  24.141  -10.255  69.441 0.2500000000
65700  5.089  -3.596  72.044 0.8750000000
105443  4.613  -4.023  72.610 0.8750000000
107642  4.528  -4.874  72.528 0.8750000000
65663  31.530  -3.812  75.174 0.1250000000
61355  27.032  -9.069  72.704 0.1250000000
61363  26.480  -9.036  71.919 0.1250000000
60563  24.684  -9.860  69.408 0.2500000000
59777  23.914  -10.516  68.810 0.2500000000
63869  4.921  -5.681  72.492 0.8750000000
122749  31.923  -4.316  74.496 0.1250000000
62222  28.345  -7.919  72.755 0.1250000000
62229  27.733  -8.291  72.188 0.1250000000
61362  27.230  -8.598  71.549 0.1250000000
61374  26.075  -9.146  70.266 0.2500000000
110453  24.346  -10.121  68.927 0.2500000000
59785  23.453  -10.492  67.993 0.2500000000
63030  5.118  -6.699  72.561 0.8750000000
64763  32.484  -4.647  73.910 0.1250000000
109466  27.839  -8.048  71.206 0.1250000000
62234  27.342  -8.140  70.530 0.1250000000
108098  26.649  -8.478  70.145 0.2500000000
60569  25.136  -9.346  69.114 0.2500000000
60570  24.629  -9.642  68.624 0.2500000000
60571  24.016  -9.939  68.325 0.2500000000
59794  23.067  -10.158  67.007 0.2500000000
61372  4.978  -7.964  72.042 0.8750000000
65668  33.452  -3.194  74.059 0.1250000000
64770  32.709  -4.788  73.445 0.1250000000
62228  28.275  -7.456  71.633 0.1250000000
62244  26.871  -7.826  69.697 0.1250000000
61389  25.490  -8.688  68.823 0.2500000000
61390  24.939  -9.026  68.308 0.2500000000
60580  24.376  -9.364  67.842 0.2500000000
60581  23.647  -9.668  67.522 0.2500000000
65675  33.752  -3.545  73.500 0.1250000000
65684  33.267  -4.221  73.081 0.1250000000
65693  33.269  -3.919  72.212 0.1250000000
64781  31.975  -4.783  72.258 0.1250000000
61382  26.200  -8.437  69.382 0.2500000000
61395  25.169  -8.262  68.053 0.2500000000
62253  9.604  -7.597  67.994 0.6250000000
126006  8.392  -7.113  68.223 0.6250000000
60552  5.470  -8.822  72.039 0.8750000000
66591  34.441  -3.119  73.275 0.1250000000
65683  33.937  -3.729  72.765 0.1250000000
65695  31.393  -4.072  71.304 0.1250000000
61396  24.587  -8.611  67.542 0.3750000000
61397  23.852  -8.886  67.153 0.3750000000
60592  23.328  -9.409  66.595 0.3750000000
61386  8.866  -8.079  69.363 0.6250000000
60551  6.450  -9.056  71.936 0.8750000000
65682  34.691  -3.446  72.498 0.1250000000
123025  34.143  -3.642  71.885 0.1250000000
64797  30.178  -3.964  69.814 0.1250000000
61402  24.274  -8.272  66.692 0.3750000000
61403  23.680  -8.735  66.169 0.3750000000
60600  23.067  -9.226  65.563 0.3750000000
61380  8.461  -8.501  70.305 0.8750000000
60561  8.718  -9.399  70.805 0.8750000000
60550  7.424  -9.365  71.712 0.8750000000
125431  30.146  -3.802  68.970 0.1250000000
60640  37.713  -9.219  60.861 1.0000000000
65742  30.599  -3.596  68.443 0.2500000000
65761  28.967  -3.872  67.634 0.3750000000
59747  8.656  -10.267  71.266 0.8750000000
60549  8.186  -9.623  71.428 0.8750000000
61475  39.410  -8.771  60.039 1.0000000000
60650  38.597  -9.173  60.472 1.0000000000
61476  37.962  -8.443  60.176 1.0000000000
114159  36.606  -8.039  60.290 0.8750000000
65759  30.385  -3.480  67.630 0.3750000000
65781  29.011  -3.726  66.805 0.3750000000
60649  39.621  -9.627  60.328 0.8750000000
59851  38.653  -10.223  60.750 0.8750000000
62309  38.168  -7.596  59.779 0.8750000000
62310  37.325  -7.862  59.964 0.8750000000
65796  29.783  -3.669  65.444 0.3750000000
107699  29.285  -3.640  66.081 0.3750000000
59849  40.495  -10.976  60.284 0.7500000000
59850  39.473  -10.621  60.486 0.7500000000
106315  38.407  -11.067  60.685 0.7500000000
63971  36.904  -6.189  60.577 0.8750000000
63119  36.187  -6.734  60.456 0.7500000000
122327  35.421  -6.075  60.763 0.6250000000
63107  34.126  -6.420  60.832 0.7500000000
63957  34.471  -5.635  61.226 0.6250000000
65811  30.268  -3.655  64.752 0.3750000000
65797  29.061  -3.920  65.401 0.3750000000
58956  39.413  -11.416  60.166 0.6250000000
110638  38.465  -11.622  60.340 0.5000000000
64891  35.971  -4.903  61.765 0.5000000000
64892  34.964  -4.940  61.741 0.5000000000
64893  33.994  -4.985  61.768 0.6250000000
64876  33.521  -4.387  62.392 0.5000000000
64878  31.718  -4.527  62.540 0.5000000000
64857  31.273  -4.035  63.255 0.3750000000
64858  30.387  -4.213  63.362 0.3750000000
65826  29.905  -3.871  64.035 0.3750000000
65812  29.524  -3.899  64.760 0.3750000000
58036  38.933  -11.996  59.872 0.5000000000
58037  38.026  -12.028  60.254 0.2500000000
58053  37.854  -12.411  59.693 0.1250000000
58054  37.070  -12.383  59.724 0.1250000000
57083  37.590  -12.782  58.962 0.1250000000
61499  46.202  -8.755  56.582 0.7500000000
61500  45.165  -8.630  56.910 0.3750000000
61507  48.258  -8.423  55.634 0.8750000000
123616  49.678  -7.677  55.085 1.0000000000
61508  47.123  -8.522  55.227 0.5000000000
62333  50.331  -7.221  54.978 1.0000000000
61517  49.021  -8.038  55.110 1.0000000000
64036  51.311  -5.544  53.887 0.8750000000
63148  50.783  -6.699  54.259 1.0000000000
64952  51.130  -5.185  54.096 0.8750000000
64038  49.174  -5.079  54.018 0.8750000000
65903  50.997  -4.434  53.137 0.8750000000
64965  50.854  -4.605  53.623 0.8750000000
64967  48.848  -4.474  53.656 0.8750000000
65904  50.417  -3.782  53.153 0.8750000000
65905  49.703  -3.632  53.478 0.8750000000
65906  48.583  -3.803  53.405 0.7500000000
107853  50.143  -2.849  53.389 0.8750000000
66760  48.918  -2.961  53.227 0.7500000000
65922  47.619  -3.534  53.203 0.6250000000
67635  50.406  -1.623  52.845 0.8750000000
109297  48.584  -2.082  53.313 0.6250000000
67637  46.741  -2.001  52.894 0.6250000000
68471  49.869  -0.456  51.937 0.8750000000
68446  50.057  -0.967  53.234 0.8750000000
67620  49.541  -1.747  53.419 0.6250000000
67636  47.507  -1.711  53.233 0.6250000000
67638  45.923  -1.792  52.807 0.6250000000
66784  44.906  -1.496  52.929 0.5000000000
61314  16.329  -8.569  78.544 0.7500000000
61321  16.388  -8.639  77.727 0.7500000000
61322  15.878  -8.098  78.063 0.7500000000
62180  14.950  -6.842  78.013 0.7500000000
67419  6.455  -1.513  84.346 0.8750000000
124002  16.395  -8.841  76.777 0.7500000000
111948  7.793  -2.590  84.996 0.8750000000
57898  18.145  -12.159  77.216 1.0000000000
60517  16.423  -9.578  75.463 0.8750000000
62970  13.955  -6.289  80.111 0.7500000000
65616  9.772  -3.683  84.848 0.8750000000
65617  8.826  -3.735  84.618 0.8750000000
118487  8.507  -3.141  85.024 0.8750000000
57889  21.201  -12.997  79.303 0.7500000000
58825  17.667  -11.683  76.592 1.0000000000
63798  13.223  -5.645  81.841 0.7500000000
65621  11.470  -3.982  84.622 0.8750000000
65615  10.851  -3.512  85.034 0.8750000000
118271  9.218  -4.233  84.147 0.8750000000
106475  5.311  -1.841  81.177 0.8750000000
114546  22.655  -12.017  78.545 0.3750000000
59727  15.849  -9.993  73.785 1.0000000000
63795  12.980  -5.435  82.801 0.7500000000
64690  11.909  -4.411  83.753 0.8750000000
65622  10.365  -4.023  84.321 0.8750000000
67441  5.456  -1.245  79.209 0.8750000000
58841  16.552  -11.340  73.268 1.0000000000
67449  5.239  -0.966  78.065 0.8750000000
62236  21.078  -8.128  70.207 0.1250000000
60548  18.896  -9.214  71.829 0.1250000000
58835  17.186  -11.889  74.106 1.0000000000
58850  16.105  -11.736  72.622 1.0000000000
67467  4.994  -0.903  76.210 0.8750000000
113289  5.318  -0.995  77.102 0.8750000000
106337  22.676  -7.419  70.611 0.1250000000
59713  20.276  -10.091  76.477 0.3750000000
57924  16.978  -12.048  73.077 1.0000000000
66589  4.932  -1.676  74.176 0.8750000000
63026  25.136  -6.490  73.405 0.1250000000
60538  18.791  -9.428  72.683 0.2500000000
60516  19.215  -9.174  74.909 0.3750000000
60510  19.665  -9.428  75.857 0.3750000000
57937  16.440  -12.531  72.302 1.0000000000
61360  18.643  -8.593  72.462 0.2500000000
61352  18.646  -8.326  73.326 0.2500000000
61342  18.781  -8.060  74.095 0.2500000000
61333  19.338  -8.544  75.387 0.2500000000
66614  5.216  -2.223  72.311 0.8750000000
66600  4.892  -1.987  73.181 0.8750000000
64759  28.036  -5.197  75.818 0.1250000000
62231  18.660  -7.461  71.452 0.1250000000
108691  18.588  -7.872  72.750 0.2500000000
62220  18.662  -7.529  73.388 0.2500000000
65688  5.076  -2.808  72.073 0.8750000000
64751  29.055  -4.687  76.426 0.1250000000
109323  18.571  -7.878  72.093 0.1250000000
62226  18.594  -7.071  72.470 0.2500000000
64787  4.894  -4.502  71.901 0.8750000000
66574  31.570  -2.848  75.322 0.1250000000
60542  25.991  -9.252  71.258 0.1250000000
60553  25.522  -9.521  70.803 0.2500000000
60562  25.272  -9.678  70.038 0.2500000000
65669  32.676  -3.731  73.973 0.1250000000
61373  26.674  -8.808  70.915 0.1250000000
61383  25.692  -9.137  69.508 0.2500000000
64786  5.237  -4.092  71.410 0.8750000000
63877  4.838  -5.329  71.724 0.8750000000
105588  5.164  -6.153  71.812 0.8750000000
63035  5.186  -6.530  71.351 0.8750000000
66580  32.860  -2.757  74.461 0.1250000000
108976  5.174  -7.098  71.947 0.8750000000
61371  5.324  -8.078  71.705 0.8750000000
66592  34.125  -2.589  73.962 0.1250000000
63908  8.530  -5.914  67.816 0.6250000000
67495  34.579  -2.114  73.468 0.1250000000
64776  32.716  -4.661  72.742 0.1250000000
65694  32.374  -4.031  71.767 0.1250000000
63064  8.416  -6.598  67.958 0.6250000000
62249  8.165  -7.406  68.815 0.7500000000
61370  6.063  -8.306  71.522 0.8750000000
67506  34.950  -1.612  72.572 0.1250000000
65706  32.067  -3.755  70.540 0.1250000000
61387  7.881  -7.708  69.675 0.7500000000
65681  35.463  -3.271  72.271 0.1250000000
107746  34.605  -3.447  71.072 0.1250000000
123613  33.507  -3.688  71.548 0.1250000000
65722  31.608  -3.601  69.497 0.1250000000
115172  35.318  -3.395  71.252 0.1250000000
65720  33.362  -3.403  69.607 0.1250000000
65721  32.430  -3.494  69.572 0.1250000000
65741  31.338  -3.538  68.677 0.1250000000
61368  7.930  -8.839  71.110 0.8750000000
104985  32.038  -3.441  68.795 0.2500000000
65758  31.169  -3.448  67.911 0.3750000000
61474  40.264  -8.810  59.931 1.0000000000
112342  38.810  -8.221  59.897 1.0000000000
126606  33.011  -3.399  68.137 0.3750000000
111463  31.893  -3.509  67.395 0.3750000000
111414  31.002  -3.330  67.089 0.3750000000
124405  29.625  -3.550  66.623 0.3750000000
60648  40.697  -9.532  60.199 0.8750000000
63118  37.566  -6.938  60.025 0.8750000000
65778  32.429  -3.495  66.613 0.3750000000
65779  31.597  -3.330  66.474 0.3750000000
65780  30.783  -3.289  66.278 0.3750000000
110267  40.279  -10.210  60.397 0.7500000000
63117  38.415  -6.709  60.067 0.8750000000
63970  37.885  -6.037  60.553 0.8750000000
63955  36.542  -5.373  61.182 0.5000000000
65810  31.897  -3.382  64.957 0.3750000000
107440  31.091  -3.445  64.792 0.3750000000
65795  30.550  -3.445  65.508 0.3750000000
59848  41.563  -10.913  60.397 0.7500000000
63954  37.428  -5.312  61.135 0.6250000000
64874  35.375  -4.540  62.273 0.5000000000
64875  34.560  -4.365  62.468 0.5000000000
64854  33.936  -3.939  63.077 0.3750000000
64855  33.055  -3.863  63.019 0.3750000000
65824  31.739  -3.478  63.985 0.3750000000
58955  41.222  -11.615  59.977 0.7500000000
117543  40.361  -11.640  59.885 0.7500000000
58051  39.409  -12.473  59.414 0.3750000000
58052  38.669  -12.448  59.568 0.2500000000
57080  40.298  -12.856  59.060 0.2500000000
57090  39.964  -13.280  58.423 0.1250000000
57082  38.439  -12.803  58.980 0.1250000000
57102  40.264  -13.464  58.039 0.1250000000
57091  39.036  -13.211  58.364 0.1250000000
57092  38.128  -13.224  58.299 0.1250000000
61498  47.337  -8.723  56.731 0.8750000000
60662  43.042  -9.818  57.598 0.2500000000
58986  41.074  -12.275  57.216 0.1250000000
58080  40.716  -12.989  57.767 0.1250000000
105775  47.589  -8.576  56.051 0.7500000000
59874  41.885  -11.321  57.212 0.1250000000
61516  49.877  -7.773  55.703 1.0000000000
59878  41.511  -10.745  56.600 0.1250000000
62330  50.438  -6.806  55.295 1.0000000000
64009  50.038  -6.105  55.259 0.8750000000
64021  50.643  -5.633  54.640 0.8750000000
67622  46.604  -1.328  53.164 0.6250000000
68463  50.207  -0.930  52.852 0.8750000000
110373  49.713  -0.178  53.618 0.8750000000
68447  47.845  -0.252  53.703 0.6250000000
107283  47.374  -0.964  53.433 0.5000000000
67623  45.711  -0.957  53.122 0.5000000000
68449  44.856  -0.528  53.320 0.5000000000
106104  50.027  -0.150  52.736 0.8750000000
69316  49.380  0.548  54.051 0.5000000000
69318  47.072  0.666  53.919 0.5000000000
68448  46.555  -0.357  53.450 0.5000000000
69339  49.833  0.374  52.200 0.8750000000
68450  44.126  -0.044  53.595 0.5000000000
60494  16.858  -9.194  78.438 0.7500000000
61315  15.979  -8.147  79.033 0.7500000000
62167  15.517  -7.663  79.559 0.7500000000
58817  18.556  -11.834  78.010 1.0000000000
60502  16.808  -9.201  77.513 0.7500000000
62168  14.950  -7.278  80.059 0.7500000000
126402  6.933  -2.323  84.653 0.8750000000
123957  5.781  -1.375  82.967 0.8750000000
58808  18.921  -11.631  78.869 1.0000000000
60511  17.005  -9.705  76.884 0.7500000000
124418  16.595  -9.389  76.196 0.7500000000
62964  14.328  -6.573  81.129 0.7500000000
66527  10.210  -3.004  85.332 0.8750000000
66531  9.265  -3.148  85.247 0.8750000000
68252  5.477  -0.839  82.613 0.8750000000
57890  20.035  -12.768  78.971 0.8750000000
59715  16.980  -10.052  76.076 1.0000000000
63794  13.602  -6.098  82.859 0.7500000000
67412  10.614  -2.047  85.425 0.8750000000
66528  9.649  -2.267  85.456 0.8750000000
67428  4.972  -1.309  81.835 0.8750000000
59726  16.494  -10.516  74.273 1.0000000000
58830  16.867  -10.503  75.283 1.0000000000
115241  13.501  -5.592  83.562 0.7500000000
64689  12.749  -4.759  84.068 0.7500000000
64686  12.434  -4.148  84.607 0.7500000000
65611  11.227  -2.788  85.321 0.8750000000
111855  5.448  -0.968  79.962 0.8750000000
124337  16.733  -11.115  73.951 1.0000000000
63790  14.053  -5.333  84.122 0.7500000000
64685  13.323  -4.487  84.337 0.7500000000
65613  12.819  -3.750  84.647 0.7500000000
68270  5.613  -0.378  79.415 0.8750000000
64684  14.011  -4.693  84.260 0.6250000000
66529  13.251  -3.189  84.354 0.6250000000
68282  5.573  -0.187  77.594 0.8750000000
61378  19.304  -8.555  70.616 0.1250000000
67494  4.943  -1.403  74.954 0.8750000000
67466  5.712  -0.519  76.001 0.8750000000
67493  5.474  -1.307  74.576 0.8750000000
62210  18.849  -7.236  74.214 0.2500000000
66599  5.613  -1.849  72.762 0.8750000000
63022  18.739  -6.700  73.449 0.2500000000
66613  5.821  -2.056  72.026 0.8750000000
66575  30.708  -2.518  75.662 0.1250000000
123087  30.998  -3.340  75.595 0.1250000000
66627  5.500  -2.548  71.693 0.8750000000
65670  32.180  -3.411  74.690 0.1250000000
63043  4.869  -5.864  71.093 0.8750000000
67497  33.311  -1.462  73.786 0.1250000000
62233  5.337  -7.220  71.373 0.8750000000
67507  34.127  -1.394  72.830 0.1250000000
63059  7.916  -6.213  68.219 0.7500000000
62232  5.833  -7.599  71.092 0.8750000000
63060  7.419  -6.433  68.792 0.7500000000
62250  7.362  -7.083  69.140 0.8750000000
62240  7.105  -7.420  69.840 0.8750000000
61381  7.341  -8.004  70.545 0.8750000000
125538  6.524  -7.904  70.999 0.8750000000
61369  6.982  -8.513  71.355 0.8750000000
66617  36.154  -3.071  72.112 0.1250000000
65719  34.919  -3.135  69.442 0.2500000000
65739  33.482  -3.322  68.630 0.2500000000
125697  34.066  -3.214  68.338 0.2500000000
112672  39.825  -7.999  59.843 1.0000000000
65755  34.494  -3.176  67.635 0.2500000000
65777  33.795  -3.396  66.915 0.3750000000
108468  39.931  -7.041  60.318 0.7500000000
63105  39.268  -6.393  60.418 0.7500000000
111593  35.148  -3.301  65.895 0.3750000000
110508  34.211  -3.225  66.032 0.3750000000
122357  33.098  -3.538  66.612 0.3750000000
65793  32.142  -3.288  65.802 0.3750000000
60647  41.560  -9.561  60.703 0.8750000000
63969  38.662  -5.924  60.586 0.7500000000
64888  38.923  -4.674  61.693 0.5000000000
64872  37.281  -4.340  62.314 0.5000000000
65819  36.596  -3.945  63.773 0.3750000000
114605  36.088  -3.760  64.310 0.3750000000
65807  35.478  -3.541  64.949 0.3750000000
65808  33.944  -3.499  64.499 0.3750000000
107447  32.671  -3.442  65.159 0.3750000000
108540  41.076  -10.247  60.404 0.8750000000
63953  38.381  -5.257  61.104 0.6250000000
64889  37.925  -4.612  61.842 0.5000000000
64852  36.253  -4.182  63.073 0.3750000000
65820  35.248  -3.749  63.894 0.3750000000
65821  34.334  -3.710  63.806 0.3750000000
65822  33.498  -3.658  63.742 0.3750000000
65823  32.656  -3.573  63.752 0.3750000000
58954  42.166  -11.502  60.115 0.7500000000
58966  41.815  -12.242  59.565 0.6250000000
58065  41.685  -12.805  58.523 0.2500000000
58050  41.364  -12.782  59.009 0.2500000000
61486  49.336  -8.474  57.727 1.0000000000
61491  48.048  -8.788  57.588 1.0000000000
58984  42.321  -12.059  57.868 0.3750000000
58078  42.186  -12.589  58.371 0.2500000000
58066  40.917  -13.185  58.391 0.1250000000
61492  46.926  -8.860  57.525 1.0000000000
61493  45.890  -8.908  57.600 0.7500000000
60661  44.017  -9.304  57.690 0.5000000000
58985  41.689  -12.063  57.374 0.1250000000
58079  41.636  -12.793  57.899 0.1250000000
108980  48.541  -8.585  56.694 1.0000000000
109598  42.534  -10.891  57.598 0.1250000000
61506  49.367  -8.260  56.122 0.8750000000
63143  50.142  -6.773  56.012 0.8750000000
70195  49.686  1.389  53.323 0.8750000000
70185  49.265  1.379  54.096 0.8750000000
69307  48.778  1.152  54.216 0.5000000000
69309  46.808  1.594  54.426 0.5000000000
69319  45.869  0.510  53.752 0.5000000000
69320  44.791  0.471  53.724 0.5000000000
69311  44.360  1.425  54.023 0.5000000000
61308  16.537  -8.879  79.478 0.7500000000
112878  17.103  -9.496  79.337 0.7500000000
61309  16.035  -8.330  80.121 0.7500000000
62160  15.511  -7.911  80.720 0.7500000000
67418  7.319  -1.608  85.013 0.8750000000
62153  15.659  -8.015  81.808 0.7500000000
62161  14.963  -7.371  81.256 0.7500000000
67417  8.197  -1.653  85.396 0.8750000000
68245  6.259  -0.288  84.159 0.8750000000
114189  5.953  -0.998  83.453 0.8750000000
122008  17.444  -10.465  77.314 1.0000000000
62154  15.273  -7.509  82.227 0.6250000000
62954  14.365  -6.560  82.879 0.7500000000
67414  9.098  -1.491  85.487 0.8750000000
68249  5.756  -0.130  83.214 0.8750000000
68250  5.467  0.008  82.571 0.8750000000
58807  19.567  -12.054  79.296 0.8750000000
58818  17.838  -11.346  77.550 1.0000000000
126311  17.285  -10.403  76.628 1.0000000000
62949  14.928  -6.330  83.416 0.6250000000
62950  14.144  -6.027  83.514 0.7500000000
66530  12.016  -2.672  85.313 0.7500000000
67411  11.605  -1.761  85.293 0.7500000000
68253  5.321  -0.229  81.947 0.8750000000
69058  5.518  0.555  81.294 0.8750000000
57883  21.484  -12.492  79.899 0.6250000000
57888  22.281  -12.524  79.200 0.5000000000
118042  17.410  -11.438  75.679 1.0000000000
63789  14.598  -5.641  83.759 0.7500000000
67415  12.400  -2.044  84.958 0.7500000000
69075  5.670  0.214  79.753 0.8750000000
69948  5.693  1.280  80.745 0.7500000000
119049  23.173  -10.444  78.778 0.5000000000
60499  22.553  -10.199  78.249 0.6250000000
58829  17.087  -11.268  74.759 1.0000000000
64688  14.643  -4.869  83.856 0.6250000000
64683  14.231  -4.375  84.100 0.6250000000
65619  14.257  -3.936  83.650 0.6250000000
65612  13.719  -3.992  84.271 0.6250000000
108778  5.586  -0.221  78.514 0.8750000000
60500  21.503  -9.429  77.890 0.5000000000
65620  13.759  -3.374  83.888 0.6250000000
68304  6.177  -0.228  76.630 0.8750000000
68281  5.887  0.336  78.098 0.8750000000
60509  20.362  -9.262  76.986 0.3750000000
67479  6.199  -1.057  75.190 0.8750000000
62197  19.446  -7.764  75.761 0.2500000000
67492  6.239  -1.306  74.128 0.8750000000
104524  19.141  -7.069  75.062 0.2500000000
63005  19.346  -6.346  75.360 0.2500000000
63848  19.336  -5.542  74.970 0.2500000000
67503  6.300  -1.721  73.258 0.8750000000
63014  19.027  -6.281  74.360 0.1250000000
63855  19.166  -5.289  74.067 0.1250000000
110405  6.241  -1.906  72.515 0.8750000000
67469  31.330  -1.928  75.252 0.1250000000
124050  18.710  -6.315  72.832 0.1250000000
121939  19.121  -4.960  73.098 0.1250000000
65698  5.797  -2.978  71.165 0.8750000000
66581  32.169  -2.318  74.904 0.1250000000
64780  19.300  -4.370  72.473 0.1250000000
67498  32.438  -1.155  73.603 0.1250000000
67484  31.752  -1.434  74.374 0.1250000000
63885  4.875  -5.060  71.070 0.8750000000
63042  5.140  -6.406  70.841 0.8750000000
68318  33.602  -1.259  73.080 0.1250000000
64814  8.617  -4.742  68.559 0.7500000000
64815  8.061  -5.059  68.841 0.7500000000
63901  7.627  -5.689  68.718 0.7500000000
63892  7.057  -5.846  69.298 0.7500000000
62251  6.753  -7.031  69.721 0.8750000000
62241  6.427  -7.365  70.371 0.8750000000
62242  5.656  -6.909  70.664 0.8750000000
65738  34.716  -2.938  68.519 0.2500000000
62306  41.359  -8.028  60.362 1.0000000000
62307  40.680  -7.540  60.195 1.0000000000
125846  35.247  -3.120  67.222 0.2500000000
61461  41.804  -8.678  60.908 1.0000000000
61473  41.133  -8.782  60.136 1.0000000000
63952  39.370  -5.406  61.089 0.7500000000
111480  36.232  -3.518  65.842 0.3750000000
60638  42.194  -9.303  61.418 0.8750000000
63937  39.752  -4.801  61.884 0.7500000000
64850  38.525  -3.886  63.252 0.5000000000
111116  37.824  -3.844  63.404 0.3750000000
65806  36.877  -3.679  64.527 0.3750000000
65790  36.366  -3.513  64.978 0.3750000000
60646  42.325  -10.004  61.312 0.7500000000
64851  37.103  -3.997  63.052 0.3750000000
58049  42.674  -11.903  59.583 0.7500000000
58064  42.263  -12.488  58.971 0.6250000000
58973  43.996  -11.058  59.240 0.7500000000
58048  43.029  -12.163  59.109 0.6250000000
59868  43.648  -11.000  58.650 0.5000000000
58974  43.365  -11.691  58.929 0.5000000000
58975  42.713  -12.184  58.632 0.3750000000
60657  44.765  -9.674  58.459 0.6250000000
59867  44.423  -10.647  58.860 0.6250000000
59873  43.140  -10.627  58.132 0.2500000000
61497  49.586  -8.320  56.896 0.8750000000
61505  50.156  -7.978  56.550 1.0000000000
111820  50.196  -7.448  56.577 1.0000000000
104871  49.365  2.151  51.913 0.8750000000
113072  49.503  2.014  52.738 0.7500000000
114599  45.792  1.939  54.524 0.5000000000
70176  48.995  2.236  54.191 0.8750000000
69308  47.850  1.347  54.283 0.5000000000
69310  45.226  1.296  54.221 0.5000000000
110726  49.404  1.691  51.055 0.8750000000
70205  49.600  1.250  52.318 0.8750000000
109082  43.705  0.817  53.806 0.5000000000
71036  49.474  2.857  51.130 0.8750000000
108805  49.171  2.349  50.078 0.8750000000
60488  17.065  -9.438  80.230 0.7500000000
61302  16.558  -8.935  80.678 0.7500000000
60481  17.054  -9.267  80.979 0.7500000000
61303  16.113  -8.461  81.266 0.7500000000
68244  7.025  -0.687  84.812 0.8750000000
60493  17.488  -9.889  78.760 0.8750000000
62149  15.953  -7.723  82.390 0.6250000000
115957  8.591  -0.855  85.430 0.8750000000
68240  7.632  0.041  85.096 0.7500000000
69925  6.025  1.382  83.984 0.7500000000
58799  19.940  -11.665  80.045 0.7500000000
59705  17.698  -10.557  78.193 1.0000000000
60501  17.274  -9.790  77.826 0.8750000000
62952  15.511  -6.663  82.809 0.6250000000
67416  10.924  -1.041  85.247 0.7500000000
68238  9.482  -0.324  85.367 0.8750000000
68239  8.440  -0.112  85.351 0.8750000000
69052  5.460  0.657  82.926 0.8750000000
57884  20.474  -12.381  79.726 0.8750000000
64687  15.085  -5.562  83.553 0.6250000000
64693  15.263  -5.210  83.177 0.6250000000
67421  11.987  -1.115  84.593 0.7500000000
68241  11.517  -0.796  85.015 0.7500000000
69938  5.578  1.386  81.540 0.7500000000
58798  20.966  -11.964  80.408 0.6250000000
58796  22.923  -11.324  79.138 0.6250000000
59720  17.333  -10.846  76.166 1.0000000000
66536  12.919  -2.354  84.226 0.6250000000
67420  12.532  -1.480  83.951 0.7500000000
69064  5.620  0.517  80.419 0.8750000000
61320  21.708  -8.750  78.419 0.3750000000
66535  13.187  -1.796  83.435 0.6250000000
110955  6.637  0.580  79.300 0.8750000000
69063  5.962  0.799  79.832 0.8750000000
114997  20.921  -8.733  77.667 0.3750000000
122570  6.395  0.363  78.618 0.8750000000
69947  5.952  1.559  80.363 0.8750000000
62186  19.801  -7.364  76.587 0.3750000000
122072  6.607  -0.109  77.186 0.8750000000
69084  7.231  0.296  78.787 0.8750000000
121283  19.454  -7.001  75.782 0.2500000000
67478  7.299  -1.127  75.407 0.8750000000
66598  7.137  -2.149  72.885 0.8750000000
105195  19.347  -4.420  73.888 0.1250000000
64774  19.429  -4.047  73.143 0.1250000000
66625  7.107  -2.584  71.517 0.8750000000
66626  6.162  -2.454  71.493 0.8750000000
65715  5.546  -3.740  70.982 0.8750000000
116557  19.384  -4.247  71.571 0.1250000000
64796  5.236  -4.510  70.864 0.8750000000
65749  9.839  -3.828  68.771 0.7500000000
64805  7.528  -4.932  69.441 0.8750000000
64803  9.088  -4.076  69.034 0.7500000000
64804  8.363  -4.420  69.294 0.7500000000
65734  7.861  -3.971  69.883 0.8750000000
63893  6.404  -5.997  69.664 0.8750000000
63053  6.147  -6.557  70.046 0.8750000000
63116  41.414  -7.252  60.788 0.8750000000
107210  41.266  -6.480  61.261 0.8750000000
107870  40.205  -5.380  61.589 0.7500000000
62293  42.711  -7.657  61.981 1.0000000000
63103  42.094  -6.998  61.554 0.8750000000
107304  41.723  -5.457  62.598 0.7500000000
109768  39.313  -4.010  62.979 0.5000000000
64841  39.219  -4.008  64.062 0.3750000000
61460  42.580  -8.584  61.783 1.0000000000
64849  40.111  -4.112  63.496 0.5000000000
59834  44.213  -10.482  61.549 0.8750000000
60636  43.860  -9.660  61.964 1.0000000000
61459  43.382  -8.919  62.274 1.0000000000
116307  44.581  -11.013  60.849 0.8750000000
59846  43.651  -10.884  60.907 0.7500000000
59858  45.589  -10.579  59.908 0.8750000000
58965  43.466  -11.401  59.539 0.7500000000
60659  46.574  -9.171  58.489 1.0000000000
60656  45.716  -9.704  59.135 0.8750000000
114365  48.282  -8.772  58.387 1.0000000000
120429  47.497  -8.929  58.198 1.0000000000
61490  50.035  -8.132  57.159 1.0000000000
62323  49.462  -7.575  58.037 1.0000000000
62327  50.267  -7.773  56.978 1.0000000000
63138  49.492  -6.439  56.749 0.8750000000
71029  49.481  2.917  52.449 0.7500000000
71017  49.401  2.470  53.425 0.8750000000
70997  48.769  2.946  54.432 0.7500000000
70178  47.482  2.153  54.623 0.5000000000
70179  46.632  2.249  54.622 0.5000000000
70180  44.818  1.972  54.312 0.5000000000
71002  44.641  2.309  54.039 0.5000000000
120379  43.783  1.525  53.765 0.5000000000
71047  49.092  2.827  49.141 0.8750000000
107147  48.139  3.123  46.944 0.7500000000
119068  17.454  -9.058  81.212 0.6250000000
126137  17.833  -8.765  81.186 0.6250000000
59690  18.339  -10.420  80.057 0.7500000000
59684  17.752  -9.663  80.613 0.7500000000
119059  17.339  -8.416  81.507 0.6250000000
61297  16.807  -8.668  81.468 0.7500000000
69047  7.288  0.931  84.979 0.7500000000
106613  7.183  1.924  84.857 0.7500000000
59697  18.721  -11.000  79.400 0.8750000000
60487  17.608  -9.980  79.771 0.7500000000
62152  16.879  -8.126  81.878 0.7500000000
62148  16.537  -7.604  82.146 0.6250000000
62955  16.559  -6.939  82.195 0.6250000000
69045  8.189  0.705  85.396 0.7500000000
122053  6.647  1.394  84.519 0.7500000000
59688  20.271  -11.150  80.590 0.7500000000
58800  19.249  -11.457  79.588 0.8750000000
59698  18.081  -10.501  79.122 0.8750000000
63792  15.952  -6.412  82.553 0.6250000000
63796  16.241  -6.164  81.830 0.6250000000
69046  10.774  0.776  85.033 0.7500000000
69044  8.972  0.473  85.370 0.7500000000
58809  18.322  -11.147  78.503 1.0000000000
63797  15.671  -5.684  82.443 0.6250000000
64704  15.236  -4.737  81.993 0.6250000000
64705  14.910  -3.907  82.103 0.6250000000
68247  11.374  -0.382  84.265 0.7500000000
69928  5.526  1.414  83.289 0.7500000000
64694  14.746  -4.373  82.893 0.6250000000
59686  22.607  -10.746  79.824 0.6250000000
61319  22.559  -8.846  79.117 0.6250000000
61313  21.863  -8.033  78.972 0.6250000000
65626  13.862  -3.111  83.146 0.6250000000
66539  13.572  -2.230  82.786 0.6250000000
124632  13.203  -1.498  82.744 0.6250000000
67423  12.787  -0.969  83.083 0.6250000000
105968  21.117  -8.057  77.994 0.3750000000
62178  21.333  -7.367  78.497 0.6250000000
69073  7.629  0.782  79.492 0.8750000000
69062  6.687  1.128  79.905 0.8750000000
62185  20.483  -7.413  77.555 0.3750000000
68302  8.165  -0.686  76.817 0.7500000000
68294  7.483  -0.328  77.422 0.8750000000
62993  19.650  -6.497  76.247 0.2500000000
66587  8.005  -1.791  74.382 0.8750000000
120264  7.895  -1.503  74.993 0.8750000000
67465  7.719  -0.906  76.118 0.8750000000
63840  19.553  -5.723  75.874 0.2500000000
66597  8.108  -2.197  73.614 0.7500000000
113645  7.446  -2.466  72.186 0.7500000000
65697  6.633  -2.955  70.988 0.8750000000
66624  8.260  -2.768  71.785 0.7500000000
66638  7.675  -2.994  70.955 0.8750000000
65714  6.269  -3.588  70.675 0.8750000000
111845  5.010  -5.760  70.603 0.8750000000
66637  8.716  -2.883  70.838 0.7500000000
64794  6.878  -4.231  70.073 0.8750000000
64795  5.866  -4.569  70.442 0.8750000000
63884  5.186  -5.137  70.576 0.8750000000
65732  9.523  -3.373  69.445 0.7500000000
65711  9.129  -2.995  70.067 0.7500000000
65713  7.233  -3.467  70.457 0.8750000000
64806  6.561  -5.217  69.813 0.8750000000
63883  5.665  -5.666  70.133 0.8750000000
63041  5.371  -6.279  70.380 0.8750000000
65733  8.744  -3.651  69.714 0.7500000000
65712  8.246  -3.326  70.341 0.7500000000
65746  12.403  -3.316  68.101 0.5000000000
65766  12.643  -3.418  67.244 0.5000000000
65782  12.723  -3.417  66.296 0.6250000000
63924  43.203  -5.507  63.998 0.8750000000
63925  42.536  -5.368  63.561 0.8750000000
63935  42.503  -5.925  62.779 1.0000000000
64869  41.515  -4.810  63.262 0.6250000000
59833  44.947  -10.584  61.483 1.0000000000
60652  46.538  -9.577  60.134 1.0000000000
60653  46.170  -9.985  59.832 1.0000000000
59844  45.541  -10.805  60.885 0.8750000000
61484  47.184  -9.094  59.615 1.0000000000
60655  46.655  -9.492  59.384 1.0000000000
59866  45.091  -10.398  59.190 0.8750000000
61487  48.717  -8.174  58.523 1.0000000000
63137  50.039  -7.070  56.960 1.0000000000
71821  49.690  3.796  51.870 0.7500000000
71810  49.600  3.973  52.994 0.7500000000
71797  49.347  3.497  53.754 0.7500000000
71789  49.034  3.794  54.249 0.7500000000
71791  47.498  3.787  54.190 0.3750000000
71000  46.133  2.654  54.404 0.5000000000
71827  49.761  3.877  50.805 0.7500000000
71793  45.680  2.953  54.086 0.5000000000
71007  45.009  2.671  53.793 0.3750000000
71836  49.469  3.248  50.007 0.8750000000
71852  48.740  3.545  47.434 0.7500000000
60484  19.179  -9.471  80.843 0.7500000000
59683  18.703  -10.061  80.641 0.7500000000
108318  18.208  -9.322  80.922 0.7500000000
61296  17.903  -8.312  81.162 0.6250000000
62151  17.220  -7.652  81.576 0.6250000000
62963  16.764  -6.641  80.998 0.6250000000
69920  8.911  1.235  85.394 0.7500000000
69924  8.033  1.558  85.405 0.7500000000
59689  19.236  -10.911  80.243 0.7500000000
63805  16.476  -5.727  80.619 0.6250000000
65638  16.226  -4.136  80.014 0.6250000000
69921  10.421  1.391  85.030 0.7500000000
69923  8.772  2.045  85.352 0.7500000000
59681  20.868  -10.290  80.677 0.6250000000
64720  15.669  -4.451  80.895 0.6250000000
66550  14.456  -2.921  80.687 0.6250000000
112248  12.642  -0.460  82.480 0.6250000000
68251  12.470  -0.273  82.984 0.6250000000
69050  11.533  0.178  83.650 0.7500000000
69927  10.674  1.319  84.188 0.7500000000
70798  5.621  2.741  84.164 0.7500000000
120892  21.559  -9.547  80.608 0.6250000000
60482  22.426  -9.243  80.178 0.6250000000
62155  21.953  -8.047  80.068 0.6250000000
65633  14.706  -3.407  81.581 0.6250000000
66551  13.850  -2.314  81.048 0.6250000000
68257  13.166  -1.053  81.279 0.6250000000
68246  12.132  -0.540  83.674 0.6250000000
70802  5.377  2.861  83.687 0.7500000000
59680  22.070  -10.098  80.313 0.6250000000
60486  22.971  -9.741  79.572 0.6250000000
61307  22.703  -9.012  79.508 0.6250000000
61298  22.349  -8.649  80.060 0.6250000000
66538  13.989  -2.766  82.437 0.6250000000
70813  5.600  2.026  81.952 0.7500000000
67426  13.313  -1.654  82.058 0.6250000000
69936  6.125  2.189  80.861 0.7500000000
69083  8.226  0.269  78.873 0.8750000000
69955  7.423  1.401  79.989 0.7500000000
67490  8.712  -1.722  74.938 0.7500000000
67464  8.849  -1.179  76.284 0.7500000000
68279  8.845  -0.113  78.318 0.7500000000
69072  8.690  0.874  79.325 0.7500000000
69954  8.229  1.473  79.789 0.7500000000
67476  9.356  -1.573  75.610 0.7500000000
67463  9.946  -1.156  76.281 0.7500000000
67489  9.660  -1.972  74.861 0.7500000000
66585  9.881  -2.337  74.096 0.7500000000
66611  8.222  -2.559  72.776 0.7500000000
66586  8.952  -2.167  74.257 0.7500000000
66596  9.094  -2.460  73.445 0.7500000000
66595  10.041  -2.396  73.188 0.7500000000
66610  9.216  -2.617  72.524 0.7500000000
66623  9.424  -2.718  71.568 0.7500000000
66609  10.225  -2.538  72.290 0.7500000000
66648  10.958  -3.069  69.805 0.7500000000
66635  10.675  -2.846  70.552 0.7500000000
66636  9.706  -2.806  70.662 0.7500000000
65747  11.579  -3.623  68.383 0.6250000000
65730  11.255  -3.323  69.092 0.7500000000
66656  12.907  -2.811  68.591 0.5000000000
66646  12.686  -2.737  69.401 0.5000000000
66645  13.266  -2.215  69.036 0.3750000000
66677  13.252  -2.616  65.678 0.5000000000
66665  13.581  -2.046  67.295 0.5000000000
66655  13.432  -2.150  68.196 0.5000000000
67536  13.584  -1.511  68.674 0.5000000000
66672  13.635  -1.918  66.356 0.5000000000
67543  13.767  -1.377  67.842 0.5000000000
112383  42.638  -4.298  65.071 0.5000000000
65800  42.264  -3.821  65.427 0.5000000000
65801  42.266  -4.139  65.320 0.5000000000
66676  13.534  -1.677  65.463 0.5000000000
63918  42.916  -5.147  64.451 0.7500000000
64838  42.736  -4.615  64.854 0.6250000000
64839  41.908  -4.323  64.906 0.5000000000
65802  40.593  -3.810  65.274 0.5000000000
67556  13.292  -1.411  64.831 0.3750000000
67552  13.737  -1.051  66.078 0.3750000000
63089  43.379  -6.815  63.006 1.0000000000
63078  43.541  -6.026  63.460 1.0000000000
116750  41.140  -4.289  64.005 0.5000000000
122481  41.100  -4.090  64.879 0.5000000000
111859  46.324  -9.711  60.895 1.0000000000
60633  45.981  -9.862  61.458 1.0000000000
110949  47.898  -8.651  59.067 1.0000000000
72640  49.812  5.127  53.124 0.6250000000
73448  48.971  5.413  53.580 0.5000000000
120682  49.871  4.601  52.406 0.6250000000
72624  48.381  4.202  54.151 0.3750000000
71799  46.839  3.803  53.679 0.3750000000
72660  50.227  4.766  50.517 0.6250000000
72652  50.060  4.623  51.550 0.6250000000
71792  46.586  3.299  54.237 0.5000000000
71800  45.864  3.263  53.615 0.3750000000
71018  45.171  2.861  53.259 0.3750000000
119664  49.828  4.022  49.927 0.7500000000
72670  50.108  4.596  49.423 0.7500000000
71851  49.450  3.948  48.002 0.7500000000
71859  49.278  4.237  47.167 0.6250000000
71860  48.550  3.761  46.545 0.6250000000
61301  18.541  -8.845  80.942 0.6250000000
62159  17.980  -7.744  80.699 0.6250000000
59682  19.732  -10.283  80.808 0.7500000000
61300  19.610  -8.708  80.663 0.6250000000
62158  18.772  -8.045  80.404 0.6250000000
62962  17.546  -6.984  80.226 0.6250000000
63804  17.296  -5.986  80.051 0.6250000000
64718  17.136  -5.162  79.837 0.6250000000
62157  19.973  -7.799  80.126 0.6250000000
62166  19.329  -7.279  80.061 0.6250000000
64719  16.350  -4.847  80.337 0.6250000000
65639  15.508  -3.805  80.483 0.6250000000
70794  9.494  2.472  84.895 0.7500000000
108552  7.986  2.246  85.274 0.7500000000
70797  6.437  2.658  84.456 0.7500000000
62156  20.884  -8.388  80.382 0.6250000000
122176  20.336  -6.913  80.280 0.6250000000
62960  19.481  -6.488  80.135 0.6250000000
65646  16.821  -3.776  79.191 0.6250000000
66549  15.164  -3.233  80.057 0.6250000000
108503  12.360  0.317  82.366 0.6250000000
69053  12.046  0.770  83.166 0.6250000000
105500  11.704  1.858  82.612 0.6250000000
70800  10.705  2.319  83.880 0.6250000000
61299  21.789  -8.873  80.509 0.6250000000
63801  21.329  -5.465  80.519 0.5000000000
65637  20.884  -3.816  80.609 0.6250000000
65636  21.376  -3.084  80.599 0.5000000000
66558  14.777  -2.553  79.588 0.6250000000
67433  13.594  -1.560  80.580 0.6250000000
68258  12.724  -0.350  81.719 0.6250000000
69057  12.527  0.410  81.211 0.6250000000
69929  12.048  1.208  82.488 0.6250000000
116529  5.437  2.970  83.265 0.7500000000
66548  20.673  -2.758  80.884 0.6250000000
67435  21.428  -1.417  80.565 0.3750000000
107549  13.159  -0.848  80.150 0.6250000000
68269  12.860  -0.134  79.751 0.6250000000
68263  12.786  -0.268  80.691 0.6250000000
71633  5.902  3.193  81.996 0.7500000000
66542  21.281  -1.547  81.223 0.3750000000
70811  6.635  2.746  81.504 0.7500000000
67436  21.086  -1.372  79.643 0.3750000000
69945  7.754  1.992  80.302 0.7500000000
107121  10.045  -0.566  76.921 0.7500000000
68301  9.225  -0.703  76.906 0.7500000000
69071  9.561  1.168  78.846 0.7500000000
70826  8.677  2.247  80.020 0.7500000000
67475  10.204  -1.529  75.384 0.7500000000
67487  11.120  -1.506  74.231 0.7500000000
67502  10.705  -2.127  73.796 0.7500000000
66594  10.970  -2.395  72.966 0.7500000000
67512  11.647  -1.924  72.599 0.7500000000
66621  11.362  -2.642  71.229 0.7500000000
66622  10.444  -2.704  71.401 0.7500000000
66620  12.195  -2.359  70.985 0.7500000000
67523  12.892  -1.832  70.595 0.6250000000
67530  13.131  -2.100  69.817 0.5000000000
119294  13.418  -1.606  69.362 0.5000000000
69166  13.551  0.351  69.171 0.5000000000
70022  13.069  1.806  69.273 0.3750000000
67550  41.978  -1.925  64.747 0.5000000000
120898  13.654  -0.285  68.931 0.5000000000
110379  13.469  1.148  68.664 0.3750000000
65799  42.888  -4.004  65.119 0.6250000000
66679  42.444  -3.170  65.028 0.5000000000
67549  13.886  -1.245  66.953 0.5000000000
68366  13.893  -0.554  67.562 0.3750000000
69179  13.753  0.173  68.264 0.5000000000
109367  12.713  2.555  68.885 0.3750000000
64837  43.105  -4.623  64.828 0.6250000000
65816  43.315  -3.991  64.554 0.6250000000
68382  13.054  -0.813  64.632 0.2500000000
68377  13.664  -0.198  65.843 0.2500000000
68373  13.841  -0.394  66.677 0.3750000000
69192  13.789  0.286  67.274 0.3750000000
70032  13.477  1.604  68.021 0.3750000000
70033  13.268  2.073  68.447 0.3750000000
63923  43.537  -5.476  64.024 1.0000000000
70901  13.379  2.206  67.688 0.3750000000
108153  13.096  2.874  68.097 0.3750000000
73458  50.063  5.845  52.763 0.6250000000
73449  48.259  5.280  53.196 0.3750000000
116040  47.790  4.742  53.296 0.3750000000
72651  50.399  5.458  51.468 0.6250000000
71798  47.649  4.317  53.716 0.3750000000
71811  46.476  3.733  52.980 0.3750000000
72659  50.484  5.454  49.903 0.6250000000
71812  45.713  3.217  52.730 0.3750000000
72683  49.928  4.628  47.613 0.7500000000
72692  49.393  4.455  46.363 0.6250000000
118614  50.002  4.539  44.919 0.5000000000
72701  49.704  4.576  45.595 0.6250000000
72715  49.736  4.314  44.286 0.3750000000
72716  49.180  4.307  44.936 0.6250000000
72727  50.899  4.656  43.499 0.3750000000
71890  50.290  4.043  43.007 0.3750000000
71891  49.522  3.964  43.574 0.2500000000
72732  51.326  4.472  42.828 0.2500000000
71896  50.812  3.867  42.387 0.3750000000
105299  50.059  3.483  42.294 0.1250000000
71895  51.603  4.029  42.087 0.1250000000
72736  52.314  4.409  41.601 0.1250000000
71900  51.658  3.683  41.312 0.1250000000
62961  18.514  -7.140  79.946 0.6250000000
70801  10.059  2.899  84.174 0.7500000000
63803  18.582  -6.001  79.932 0.6250000000
63812  18.192  -5.190  79.771 0.6250000000
64733  18.004  -4.539  79.487 0.6250000000
117926  9.346  3.126  84.506 0.7500000000
71616  7.998  3.462  84.575 0.7500000000
64732  18.832  -4.538  79.747 0.6250000000
65645  17.780  -3.804  79.246 0.6250000000
66556  16.448  -3.118  78.826 0.6250000000
70799  11.367  1.916  83.404 0.6250000000
71617  6.863  3.392  84.494 0.7500000000
63802  19.965  -5.601  80.187 0.6250000000
64731  19.687  -4.221  80.128 0.6250000000
122520  19.022  -3.066  79.840 0.6250000000
66557  15.530  -2.909  79.123 0.6250000000
67448  14.215  -1.211  78.676 0.6250000000
69943  12.355  1.120  80.722 0.6250000000
71619  5.203  3.336  84.041 0.7500000000
67430  20.361  -1.771  81.135 0.6250000000
67440  13.729  -1.275  79.462 0.6250000000
69061  12.571  0.479  80.231 0.6250000000
72445  4.856  4.283  83.802 0.7500000000
67425  21.002  -1.306  81.439 0.5000000000
68260  21.121  -0.397  81.097 0.5000000000
71632  6.995  3.466  81.717 0.7500000000
68266  21.245  -0.770  80.423 0.3750000000
70810  7.496  2.998  81.279 0.7500000000
72452  7.203  4.313  81.773 0.7500000000
69093  10.307  0.564  77.795 0.7500000000
69082  10.130  1.036  78.285 0.7500000000
70833  9.852  2.046  79.065 0.7500000000
70819  8.187  2.813  80.665 0.7500000000
71631  8.012  3.711  81.233 0.7500000000
68300  10.583  -0.357  76.364 0.7500000000
70825  9.454  2.498  79.592 0.7500000000
72458  9.229  3.825  80.055 0.7500000000
72459  8.693  4.232  80.634 0.7500000000
69105  11.117  -0.035  75.672 0.7500000000
68309  11.197  -0.501  75.072 0.7500000000
68310  10.841  -1.219  74.928 0.7500000000
67488  10.432  -1.871  74.584 0.7500000000
126305  11.429  0.128  75.070 0.7500000000
110201  11.541  -0.179  74.510 0.7500000000
68326  11.626  -0.738  73.822 0.7500000000
67501  11.387  -1.702  73.430 0.6250000000
67511  12.295  -1.321  72.215 0.6250000000
68341  12.772  -0.514  71.748 0.6250000000
67516  12.575  -1.537  71.401 0.6250000000
68348  13.155  -0.916  70.925 0.5000000000
68347  13.398  -0.249  70.374 0.3750000000
69150  13.474  0.314  69.891 0.3750000000
70021  13.357  1.003  69.646 0.3750000000
69151  13.180  0.642  70.539 0.3750000000
105262  12.892  1.560  70.155 0.3750000000
70889  12.476  2.331  69.735 0.3750000000
70890  11.784  2.805  70.127 0.3750000000
71711  10.547  3.766  69.936 0.3750000000
71709  12.079  3.027  69.299 0.3750000000
71710  11.348  3.427  69.631 0.3750000000
71716  12.388  3.267  68.483 0.3750000000
71717  11.661  3.619  68.813 0.3750000000
74318  49.925  6.983  52.058 0.5000000000
74306  49.452  6.348  52.509 0.5000000000
73472  48.658  6.115  52.204 0.5000000000
73473  47.971  5.501  51.642 0.3750000000
74305  49.984  6.430  52.553 0.6250000000
73461  48.146  5.451  52.524 0.3750000000
72653  47.569  4.774  51.984 0.3750000000
73471  50.314  6.129  52.180 0.6250000000
73477  50.506  6.356  51.435 0.6250000000
125685  50.532  5.659  50.764 0.6250000000
73489  50.637  6.420  50.533 0.5000000000
72675  50.384  5.239  47.954 0.6250000000
73496  50.786  5.998  48.361 0.5000000000
73508  50.996  5.744  46.481 0.6250000000
72691  50.398  4.987  46.217 0.6250000000
73515  51.094  5.658  45.651 0.5000000000
72714  50.655  4.770  44.354 0.6250000000
73527  51.315  5.491  44.784 0.5000000000
72713  51.523  5.244  43.836 0.5000000000
73526  51.822  5.949  44.265 0.5000000000
122172  51.483  4.875  43.326 0.3750000000
106931  52.015  5.013  43.136 0.2500000000
72731  52.235  4.672  42.425 0.1250000000
73548  52.498  5.327  42.675 0.2500000000
108541  52.738  4.818  41.028 0.1250000000
72730  52.698  5.012  41.892 0.1250000000
73563  52.733  5.419  41.217 0.1250000000
72437  10.190  4.252  83.399 0.6250000000
71621  9.564  3.954  84.140 0.7500000000
71629  11.156  3.148  82.266 0.6250000000
71623  10.685  3.615  83.045 0.6250000000
72434  8.546  4.176  84.413 0.7500000000
115217  7.479  4.154  84.491 0.7500000000
65651  18.356  -3.120  79.207 0.6250000000
109225  17.553  -2.248  78.359 0.6250000000
67445  16.655  -1.865  77.989 0.6250000000
70824  11.733  2.665  80.403 0.6250000000
70809  11.528  2.369  81.945 0.6250000000
70804  11.087  2.784  83.199 0.6250000000
114684  5.835  4.852  84.466 0.7500000000
66554  19.625  -2.562  80.477 0.6250000000
66555  18.728  -2.343  79.539 0.6250000000
67446  15.640  -1.757  78.114 0.6250000000
68276  14.608  -0.739  78.042 0.6250000000
69944  12.103  1.608  81.094 0.6250000000
72440  4.572  4.913  83.943 0.7500000000
67437  19.312  -1.806  80.384 0.6250000000
69069  13.124  -0.039  79.049 0.6250000000
106520  12.435  1.162  79.944 0.6250000000
72444  5.368  4.596  82.982 0.7500000000
72443  6.419  4.699  82.297 0.7500000000
115283  20.325  -0.786  81.339 0.5000000000
110521  20.579  0.144  81.299 0.5000000000
71624  6.161  3.985  82.252 0.7500000000
73278  8.343  5.571  80.658 0.6250000000
69098  11.011  0.651  76.339 0.7500000000
104512  10.736  0.995  77.177 0.7500000000
69971  10.498  1.382  77.811 0.7500000000
124417  9.912  2.747  79.066 0.7500000000
69104  11.349  0.791  75.383 0.6250000000
69984  11.175  1.491  75.799 0.6250000000
69979  10.911  1.645  76.557 0.6250000000
68325  12.114  -0.149  73.153 0.6250000000
68335  11.974  -1.081  72.989 0.6250000000
69126  12.429  0.344  72.370 0.6250000000
69138  12.762  0.478  71.435 0.6250000000
120850  13.139  -0.101  71.046 0.5000000000
70011  12.526  1.290  70.981 0.3750000000
70012  12.157  2.069  70.554 0.3750000000
71701  11.030  3.185  70.445 0.3750000000
71718  10.917  4.036  69.091 0.3750000000
71723  12.527  3.543  67.586 0.3750000000
71724  11.962  3.786  68.148 0.3750000000
75215  50.148  7.413  51.440 0.5000000000
74319  49.253  6.818  51.688 0.3750000000
73478  48.367  6.203  51.270 0.3750000000
74335  50.685  7.361  50.175 0.5000000000
74323  50.459  7.175  51.195 0.5000000000
74348  51.135  6.556  47.665 0.5000000000
113213  50.679  6.255  49.455 0.5000000000
74363  51.589  6.767  45.580 0.3750000000
73507  51.410  6.340  45.940 0.5000000000
74370  51.882  6.488  44.512 0.5000000000
73514  51.586  6.257  45.122 0.5000000000
75268  52.088  6.952  44.302 0.2500000000
75272  52.265  6.661  43.490 0.2500000000
73538  52.173  5.670  43.458 0.2500000000
74414  52.540  6.348  42.029 0.2500000000
74399  52.485  6.081  42.923 0.2500000000
73547  52.622  5.649  42.040 0.1250000000
114559  52.629  5.970  41.409 0.2500000000
71636  11.432  3.407  80.502 0.6250000000
71630  10.636  4.020  82.145 0.6250000000
72439  8.937  4.883  84.109 0.7500000000
73257  8.388  5.600  84.134 0.7500000000
66561  18.112  -2.538  78.805 0.6250000000
67444  17.516  -1.447  78.140 0.6250000000
70831  12.386  2.366  78.537 0.6250000000
70823  12.015  2.482  79.559 0.6250000000
105823  11.484  2.939  81.259 0.6250000000
73259  6.422  5.578  84.421 0.7500000000
68273  18.037  -0.910  78.753 0.6250000000
67454  16.737  -1.016  77.765 0.6250000000
68290  14.843  -0.042  77.554 0.6250000000
69961  12.753  1.333  78.476 0.6250000000
70816  12.154  1.862  80.299 0.6250000000
73260  5.273  5.550  84.297 0.7500000000
68267  18.260  -0.191  79.673 0.6250000000
69081  13.327  0.486  78.386 0.6250000000
69070  12.702  0.669  79.263 0.6250000000
73268  4.546  5.541  83.832 0.7500000000
73267  4.946  5.506  83.321 0.7500000000
68262  18.973  -0.264  80.519 0.6250000000
68256  20.106  0.185  81.451 0.5000000000
74102  5.414  6.271  82.686 0.7500000000
73266  5.961  5.343  82.512 0.7500000000
69055  20.207  0.992  81.421 0.5000000000
74101  6.677  5.868  82.143 0.7500000000
73274  7.120  5.168  81.948 0.7500000000
73279  7.612  5.892  81.453 0.6250000000
70849  10.607  2.424  76.826 0.6250000000
121420  10.660  1.759  77.215 0.7500000000
71650  9.997  3.254  78.579 0.7500000000
115051  9.694  3.826  78.661 0.6250000000
115066  9.041  4.637  79.869 0.6250000000
71657  10.301  3.139  77.259 0.7500000000
72472  9.431  4.450  78.357 0.6250000000
73283  8.606  5.425  79.748 0.6250000000
123644  11.283  1.373  75.292 0.6250000000
117960  10.844  2.389  75.878 0.6250000000
69110  11.580  0.615  74.602 0.6250000000
69990  11.384  1.324  74.795 0.6250000000
70858  11.117  1.937  74.362 0.6250000000
116984  11.806  0.291  73.875 0.6250000000
69995  11.622  1.242  73.915 0.6250000000
69117  12.019  0.755  73.159 0.6250000000
70004  12.272  1.140  71.822 0.5000000000
70005  11.807  1.812  71.344 0.3750000000
70883  11.398  2.509  70.898 0.3750000000
71702  10.266  3.478  70.759 0.5000000000
72565  11.081  4.778  67.596 0.3750000000
71731  12.709  3.513  66.626 0.3750000000
72563  12.211  4.031  66.920 0.3750000000
72564  11.804  4.186  67.545 0.3750000000
72556  11.351  4.235  68.293 0.3750000000
72557  10.444  4.720  68.449 0.5000000000
75225  49.362  7.538  50.901 0.2500000000
74324  48.683  6.815  50.916 0.2500000000
75223  50.307  7.856  50.819 0.5000000000
75224  50.000  7.932  51.010 0.3750000000
74340  50.949  7.073  48.887 0.5000000000
75254  51.544  7.524  46.445 0.3750000000
74347  51.460  7.009  46.937 0.3750000000
117996  51.585  6.887  46.172 0.3750000000
108982  51.708  7.796  44.407 0.3750000000
116339  51.622  7.380  44.944 0.3750000000
75273  52.032  7.441  43.519 0.2500000000
75280  52.292  6.839  42.731 0.2500000000
121452  51.874  7.893  41.735 0.3750000000
75281  51.848  7.675  42.493 0.2500000000
75293  52.449  7.668  41.054 0.2500000000
75287  52.342  7.143  41.853 0.2500000000
75294  52.283  7.792  40.463 0.2500000000
74423  52.561  6.651  41.198 0.2500000000
75300  52.456  6.941  40.299 0.2500000000
72442  10.173  5.033  82.995 0.6250000000
72438  9.637  4.910  83.584 0.7500000000
72456  11.068  4.158  80.484 0.6250000000
73262  9.648  5.651  83.124 0.7500000000
74099  8.550  6.367  83.799 0.7500000000
69969  13.571  1.543  77.399 0.6250000000
122376  11.666  3.112  79.835 0.6250000000
74094  7.038  6.284  84.354 0.7500000000
69078  17.432  0.800  78.638 0.6250000000
69090  15.560  0.061  77.456 0.6250000000
69092  13.797  0.807  77.636 0.6250000000
69970  12.872  1.869  77.751 0.6250000000
74095  5.817  6.324  84.342 0.7500000000
69951  18.184  1.408  80.188 0.6250000000
111660  4.742  6.804  83.835 0.7500000000
69933  19.130  1.852  81.479 0.5000000000
74109  5.672  7.157  82.200 0.6250000000
71658  9.870  3.772  77.848 0.6250000000
73289  8.534  5.709  78.770 0.6250000000
70854  11.108  1.870  75.181 0.6250000000
71667  10.333  3.147  76.360 0.6250000000
71668  9.926  3.869  76.850 0.6250000000
72481  9.376  4.637  77.366 0.6250000000
73288  9.020  5.214  78.119 0.6250000000
71674  10.328  3.180  75.413 0.6250000000
71675  9.812  3.770  75.907 0.6250000000
71678  10.154  3.174  74.439 0.6250000000
70863  11.087  1.967  73.457 0.6250000000
111876  10.582  2.552  73.914 0.6250000000
108900  11.615  1.464  72.978 0.6250000000
70864  10.539  2.547  72.992 0.6250000000
108733  11.634  1.630  72.152 0.5000000000
70869  11.047  2.046  72.587 0.6250000000
70870  10.622  2.540  72.285 0.6250000000
71690  10.085  3.038  72.374 0.6250000000
70876  11.076  2.315  71.741 0.3750000000
71696  10.107  3.235  71.531 0.6250000000
71703  9.535  3.687  71.163 0.6250000000
72541  8.814  4.103  70.851 0.6250000000
70884  10.728  2.935  71.201 0.5000000000
71712  9.626  4.072  70.286 0.5000000000
72547  10.062  4.363  69.383 0.5000000000
72558  9.531  4.939  68.894 0.5000000000
72573  12.301  4.197  66.157 0.1250000000
72574  11.611  4.666  66.698 0.2500000000
72575  10.739  5.246  66.835 0.3750000000
73379  10.227  5.271  67.606 0.3750000000
125510  9.716  5.252  68.226 0.5000000000
76116  50.282  9.027  49.653 0.5000000000
76106  50.127  8.426  50.361 0.3750000000
76118  49.310  8.418  49.682 0.3750000000
75237  48.950  7.800  49.966 0.2500000000
76128  50.832  9.181  48.966 0.5000000000
109867  50.711  8.549  49.574 0.5000000000
75235  50.519  8.283  50.159 0.5000000000
75236  49.702  8.292  50.395 0.3750000000
75243  48.685  7.946  49.030 0.3750000000
76133  51.388  8.609  47.094 0.3750000000
75242  51.054  8.104  48.913 0.5000000000
116877  50.847  7.920  49.620 0.5000000000
120504  51.561  8.147  46.106 0.3750000000
117566  51.204  8.352  48.020 0.3750000000
76145  51.527  8.338  45.313 0.3750000000
75262  51.607  7.351  45.650 0.3750000000
118467  51.688  8.297  43.838 0.3750000000
76159  51.703  8.421  43.106 0.3750000000
114359  51.628  9.233  43.714 0.3750000000
76165  51.580  8.688  42.167 0.3750000000
125895  51.687  9.679  42.241 0.3750000000
112819  51.796  9.184  41.032 0.3750000000
113014  51.664  9.446  41.595 0.3750000000
77022  51.672  10.225  41.047 0.3750000000
77903  51.636  11.216  40.647 0.3750000000
110696  51.561  10.508  40.161 0.3750000000
72450  10.681  4.525  81.322 0.6250000000
73273  10.191  5.696  81.881 0.6250000000
74098  9.193  6.191  83.296 0.7500000000
74965  7.719  6.843  84.181 0.7500000000
70838  15.904  2.094  77.089 0.5000000000
69977  14.576  1.994  76.677 0.6250000000
70848  13.174  2.937  76.875 0.6250000000
71648  11.791  3.861  78.435 0.6250000000
72464  11.152  4.583  79.608 0.6250000000
73277  10.428  5.866  80.485 0.6250000000
107259  9.876  6.199  82.044 0.6250000000
74969  8.946  6.844  83.204 0.6250000000
74970  8.310  7.271  83.726 0.6250000000
70837  16.598  2.075  77.957 0.6250000000
104593  15.657  0.711  77.326 0.6250000000
69968  14.420  1.251  77.118 0.6250000000
110483  6.746  8.007  84.278 0.7500000000
75848  6.254  8.493  84.244 0.6250000000
112583  17.904  2.089  79.984 0.5000000000
110473  5.202  7.045  84.146 0.7500000000
75849  5.391  8.553  84.083 0.6250000000
69942  18.201  2.110  80.836 0.5000000000
74972  4.964  7.618  83.759 0.7500000000
75852  5.083  8.491  83.834 0.7500000000
74114  7.386  6.786  81.066 0.6250000000
109859  7.426  6.764  79.217 0.6250000000
74119  7.506  6.974  80.109 0.6250000000
73290  7.744  6.378  78.454 0.6250000000
74118  8.117  6.261  79.543 0.6250000000
72482  8.817  5.135  76.664 0.6250000000
73300  8.373  5.829  77.864 0.6250000000
72492  9.367  4.443  76.359 0.6250000000
72501  8.592  4.746  75.056 0.6250000000
71685  9.555  3.742  74.077 0.6250000000
72507  9.152  4.322  74.571 0.6250000000
72514  8.913  4.258  73.718 0.6250000000
71684  9.950  3.181  73.411 0.6250000000
126123  9.356  3.752  73.362 0.6250000000
71691  9.471  3.557  72.710 0.6250000000
72523  8.843  4.080  72.911 0.6250000000
118894  8.998  3.860  72.273 0.6250000000
72531  8.864  3.937  71.621 0.6250000000
72532  7.983  4.278  71.315 0.6250000000
71697  9.508  3.509  71.942 0.6250000000
104359  8.818  4.410  70.220 0.6250000000
73360  8.661  5.174  69.207 0.6250000000
76965  50.017  9.595  49.316 0.5000000000
76129  49.223  8.881  48.992 0.3750000000
76127  51.128  9.337  48.106 0.3750000000
76973  50.701  10.091  48.365 0.3750000000
76981  51.242  9.997  47.547 0.3750000000
76988  51.462  9.483  46.308 0.3750000000
76996  51.683  9.886  45.272 0.3750000000
77001  51.705  10.173  44.417 0.3750000000
77008  51.688  10.297  43.541 0.3750000000
77014  51.722  10.423  42.705 0.3750000000
79568  50.944  12.336  41.691 0.3750000000
107342  51.712  10.459  41.907 0.3750000000
77888  51.532  11.361  42.410 0.3750000000
78779  50.770  12.415  41.335 0.3750000000
77896  51.586  11.489  41.428 0.3750000000
78786  50.792  12.425  40.635 0.3750000000
71655  15.697  2.930  76.808 0.5000000000
70846  14.621  2.638  76.522 0.6250000000
71665  13.470  3.427  76.469 0.6250000000
71656  12.206  3.733  77.645 0.6250000000
73286  11.316  5.359  78.260 0.6250000000
72465  10.722  5.447  79.686 0.6250000000
74106  10.127  6.295  81.322 0.6250000000
74107  9.534  6.949  81.871 0.6250000000
75851  8.082  8.208  83.685 0.6250000000
115688  15.484  3.726  76.600 0.5000000000
71664  14.268  3.276  76.398 0.5000000000
72490  13.045  4.043  76.165 0.6250000000
73298  11.687  5.180  77.356 0.6250000000
73287  10.858  5.900  78.961 0.6250000000
74984  10.124  6.716  80.472 0.6250000000
74112  9.858  7.058  81.099 0.6250000000
74971  7.524  7.724  84.155 0.6250000000
118583  7.189  8.730  84.212 0.6250000000
71645  16.886  2.803  78.629 0.5000000000
72477  16.244  4.522  77.916 0.5000000000
76686  6.075  9.211  84.261 0.6250000000
71635  17.415  3.647  80.801 0.5000000000
71640  16.634  4.317  79.421 0.5000000000
74975  5.051  8.336  83.263 0.6250000000
76689  5.120  9.393  84.066 0.6250000000
75859  5.255  8.450  82.112 0.5000000000
74987  5.770  7.993  80.293 0.5000000000
118927  6.346  7.678  80.876 0.5000000000
74120  6.953  7.248  79.476 0.6250000000
106766  6.968  6.542  77.771 0.6250000000
120860  7.682  6.191  77.597 0.6250000000
104668  8.054  5.760  76.971 0.6250000000
73318  8.096  5.131  75.467 0.6250000000
72508  8.344  4.650  74.228 0.6250000000
72515  7.913  4.580  73.245 0.6250000000
123650  7.524  4.510  72.553 0.6250000000
72524  8.192  4.292  72.242 0.6250000000
72533  6.982  4.486  71.907 0.6250000000
72542  8.004  4.450  70.494 0.6250000000
72549  8.295  4.731  69.807 0.6250000000
76117  49.884  9.009  49.776 0.3750000000
76974  50.233  9.871  48.960 0.5000000000
115054  49.808  9.555  49.213 0.3750000000
77853  50.157  10.599  48.249 0.3750000000
76982  50.625  10.759  47.634 0.2500000000
77857  50.149  11.116  47.488 0.2500000000
77860  51.171  10.769  46.859 0.2500000000
77861  50.620  11.281  46.890 0.2500000000
77874  51.581  11.078  45.068 0.3750000000
117161  51.410  10.816  45.921 0.3750000000
78745  51.065  11.391  46.321 0.2500000000
78750  51.175  11.578  45.577 0.3750000000
77882  51.489  11.126  44.191 0.3750000000
105790  51.600  11.059  43.083 0.3750000000
114769  51.179  11.804  43.817 0.3750000000
78770  51.143  12.013  42.083 0.3750000000
79561  51.097  12.312  42.563 0.3750000000
78785  51.363  12.121  40.596 0.3750000000
79575  51.074  12.658  40.999 0.3750000000
78791  51.233  12.065  39.558 0.2500000000
79588  50.968  12.235  40.162 0.3750000000
122948  50.978  12.189  39.816 0.3750000000
75857  9.037  8.671  81.396 0.6250000000
75850  8.453  8.422  83.029 0.5000000000
72488  15.234  4.495  76.402 0.5000000000
114611  14.693  3.849  76.278 0.5000000000
72499  13.084  4.753  75.778 0.5000000000
72491  12.589  4.531  76.353 0.5000000000
74125  10.534  6.867  78.842 0.5000000000
74991  10.114  7.206  79.730 0.5000000000
74979  9.454  7.727  81.277 0.6250000000
76687  7.921  9.441  83.554 0.5000000000
72478  15.938  4.469  76.969 0.5000000000
73306  14.979  5.369  76.205 0.5000000000
114167  13.441  5.253  75.622 0.5000000000
73297  12.110  5.072  76.691 0.5000000000
107880  11.321  5.958  77.571 0.5000000000
76685  6.909  9.829  84.239 0.6250000000
73295  16.257  5.270  78.457 0.5000000000
73305  15.729  5.906  76.929 0.3750000000
117091  14.419  6.048  75.765 0.3750000000
74153  12.645  6.241  75.592 0.3750000000
75017  11.316  7.480  76.696 0.3750000000
74133  10.771  6.899  77.926 0.3750000000
77506  4.970  10.254  84.005 0.6250000000
73281  16.406  5.945  80.349 0.5000000000
120135  4.830  9.911  82.105 0.5000000000
76692  4.918  9.382  83.747 0.6250000000
75863  5.557  8.324  81.120 0.5000000000
74993  5.972  7.608  79.372 0.5000000000
74999  5.546  7.435  78.356 0.5000000000
124671  6.545  6.528  77.345 0.5000000000
108693  6.143  6.453  76.943 0.5000000000
74134  7.048  6.221  77.043 0.6250000000
74144  6.455  6.011  76.519 0.5000000000
73310  7.175  5.681  76.371 0.6250000000
73319  7.207  5.435  75.548 0.5000000000
73326  6.828  5.490  74.721 0.5000000000
72509  6.736  5.077  74.153 0.6250000000
72516  6.693  4.750  73.570 0.6250000000
122115  6.765  4.591  72.798 0.6250000000
75858  8.544  8.996  82.412 0.5000000000
114629  9.798  8.027  79.863 0.5000000000
125145  9.281  8.931  80.649 0.5000000000
76690  8.268  10.154  82.582 0.5000000000
76691  7.669  10.540  83.483 0.5000000000
74998  10.225  7.834  79.122 0.5000000000
75868  9.576  8.787  80.039 0.5000000000
77508  7.182  11.276  83.899 0.5000000000
74123  16.046  6.664  78.426 0.3750000000
74131  15.776  6.647  77.556 0.3750000000
74140  15.405  6.720  76.734 0.2500000000
74152  13.240  6.874  75.348 0.2500000000
122848  11.824  8.054  75.704 0.2500000000
75005  10.840  7.573  77.466 0.3750000000
75872  10.281  8.557  78.600 0.5000000000
78416  6.356  11.767  84.018 0.5000000000
107056  16.298  6.103  79.673 0.3750000000
74996  16.100  7.398  78.808 0.3750000000
75004  15.579  7.353  77.169 0.2500000000
75016  14.430  7.593  75.689 0.2500000000
75025  12.896  7.641  75.234 0.2500000000
75899  11.742  8.763  75.797 0.2500000000
77510  4.843  11.405  82.909 0.5000000000
74111  16.493  6.601  80.789 0.3750000000
75866  16.617  8.201  80.282 0.2500000000
75864  4.892  9.045  80.363 0.5000000000
76701  4.706  9.997  81.208 0.5000000000
77512  4.607  10.791  82.047 0.5000000000
74994  4.937  8.081  78.879 0.5000000000
74988  5.185  8.299  79.628 0.5000000000
74146  5.273  6.914  76.893 0.5000000000
74135  6.025  6.883  77.640 0.5000000000
74145  5.650  6.246  76.243 0.5000000000
121352  5.701  5.964  75.581 0.5000000000
73327  5.877  5.334  74.361 0.5000000000
76696  8.741  9.505  81.773 0.5000000000
77507  7.635  11.226  83.070 0.5000000000
76700  9.377  9.488  80.313 0.5000000000
78418  6.975  12.036  83.492 0.5000000000
76710  10.333  9.330  78.057 0.3750000000
76707  9.766  9.419  79.638 0.5000000000
78419  6.139  12.372  83.218 0.5000000000
115907  15.679  7.876  77.573 0.2500000000
75887  15.380  8.811  76.623 0.2500000000
76735  13.572  9.313  75.384 0.2500000000
76737  12.317  9.435  75.593 0.2500000000
76714  11.222  9.826  76.772 0.2500000000
78424  4.935  11.776  81.915 0.5000000000
112921  16.262  8.318  79.202 0.3750000000
75876  15.732  8.663  77.449 0.2500000000
117858  4.656  10.105  80.400 0.5000000000
77515  4.762  10.858  81.037 0.5000000000
75869  4.790  8.899  79.287 0.5000000000
76708  4.715  9.767  79.621 0.5000000000
77520  4.907  10.667  80.047 0.5000000000
75007  5.253  7.362  77.600 0.5000000000
116909  4.665  9.128  77.660 0.5000000000
118317  4.689  9.801  78.176 0.5000000000
75008  4.951  7.807  77.069 0.5000000000
75879  4.802  8.562  77.191 0.5000000000
75018  4.759  7.588  76.291 0.5000000000
75890  4.858  8.478  76.463 0.5000000000
116983  4.978  6.804  76.130 0.5000000000
74155  5.067  6.427  75.462 0.5000000000
120452  9.216  10.184  80.739 0.5000000000
78421  9.049  11.358  81.532 0.5000000000
118243  8.359  11.189  82.299 0.5000000000
112052  9.483  10.194  79.967 0.5000000000
125177  9.211  10.695  81.136 0.5000000000
78422  8.348  12.160  82.122 0.5000000000
77531  10.725  10.215  77.589 0.3750000000
117202  10.345  10.752  79.144 0.5000000000
79300  6.856  12.498  82.707 0.5000000000
76722  15.575  9.451  76.878 0.2500000000
76734  14.402  9.352  75.623 0.2500000000
77551  13.317  10.143  75.561 0.2500000000
112437  11.667  10.381  76.349 0.2500000000
78423  5.730  12.460  82.322 0.5000000000
79314  6.458  12.668  80.851 0.5000000000
76713  16.087  9.540  77.622 0.2500000000
115611  15.317  10.056  76.437 0.1250000000
77550  13.990  10.153  75.526 0.1250000000
78427  5.248  11.477  80.762 0.5000000000
78426  5.691  12.259  81.383 0.5000000000
111552  5.092  10.296  79.000 0.5000000000
77526  5.660  10.834  78.769 0.5000000000
76716  4.865  9.806  77.565 0.5000000000
109703  5.108  10.272  78.048 0.5000000000
76726  5.051  9.298  76.904 0.5000000000
77533  5.408  10.019  77.203 0.5000000000
110739  4.830  8.178  75.716 0.5000000000
75028  4.760  7.288  75.565 0.5000000000
75036  4.822  6.873  74.334 0.5000000000
78430  10.270  11.519  79.377 0.5000000000
78431  9.668  11.813  80.077 0.5000000000
78425  9.529  12.024  81.088 0.5000000000
79299  7.539  12.702  82.322 0.5000000000
120560  11.612  11.674  77.331 0.1250000000
78440  10.695  11.122  78.449 0.3750000000
79308  6.331  12.880  81.789 0.5000000000
79340  12.904  12.076  76.708 0.1250000000
78458  12.499  11.424  76.320 0.1250000000
78459  11.729  11.169  76.684 0.2500000000
77529  15.836  10.193  77.009 0.1250000000
116338  14.128  11.528  76.022 0.1250000000
123219  13.103  10.569  75.657 0.2500000000
113579  5.822  11.879  80.397 0.5000000000
78433  6.010  11.529  79.462 0.5000000000
78432  6.858  11.787  79.363 0.5000000000
78443  6.526  11.203  78.634 0.5000000000
78442  7.414  11.609  78.581 0.5000000000
77543  6.301  10.180  76.814 0.5000000000
107881  6.220  10.502  77.813 0.5000000000
78451  7.245  10.978  77.904 0.5000000000
76741  5.183  8.937  76.077 0.5000000000
76725  5.636  9.681  76.404 0.5000000000
105374  7.079  10.491  77.257 0.5000000000
109336  4.980  7.716  74.881 0.5000000000
75900  5.347  8.498  75.341 0.5000000000
76740  5.854  9.211  75.713 0.5000000000
77556  6.448  9.949  75.998 0.5000000000
76749  6.199  8.792  75.005 0.5000000000
76739  6.821  9.387  75.364 0.5000000000
75909  5.117  7.667  73.850 0.5000000000
76761  6.345  8.816  74.102 0.5000000000
75918  5.726  8.338  73.562 0.5000000000
79320  11.471  12.628  78.522 0.2500000000
79310  10.853  12.110  78.974 0.2500000000
79311  10.241  12.465  79.821 0.5000000000
79306  9.782  12.803  80.698 0.5000000000
80031  8.620  13.777  81.466 0.5000000000
79331  11.809  12.296  77.666 0.1250000000
80034  7.604  14.155  80.961 0.5000000000
79339  13.674  12.253  76.476 0.1250000000
79329  13.291  12.771  77.085 0.1250000000
79313  7.272  13.366  80.604 0.5000000000
80038  7.739  14.116  80.319 0.5000000000
78445  17.298  11.978  77.797 0.1250000000
115850  15.463  12.422  76.593 0.1250000000
79312  7.711  13.237  79.835 0.5000000000
77524  17.025  10.488  78.921 0.1250000000
124472  6.423  12.033  80.053 0.5000000000
79322  7.669  12.298  79.255 0.3750000000
78437  18.290  11.739  78.792 0.1250000000
78441  8.185  12.156  78.400 0.3750000000
104649  7.999  11.414  77.945 0.5000000000
77542  7.325  10.247  76.515 0.5000000000
109757  8.337  10.408  76.084 0.5000000000
76748  7.079  9.161  74.679 0.5000000000
77554  8.435  9.979  75.143 0.5000000000
76747  7.928  9.529  74.457 0.5000000000
75917  6.614  8.713  73.254 0.5000000000
76759  8.158  9.544  73.645 0.5000000000
77563  8.711  9.972  74.244 0.5000000000
109879  9.101  10.386  74.712 0.5000000000
79305  10.237  13.447  80.322 0.2500000000
80697  9.947  14.172  80.424 0.5000000000
79309  11.073  13.102  79.541 0.2500000000
80033  9.430  13.949  81.080 0.5000000000
123692  8.922  14.516  80.981 0.5000000000
80046  11.754  13.276  78.948 0.2500000000
80035  11.505  13.906  79.464 0.2500000000
80700  7.919  14.529  80.684 0.5000000000
113211  13.751  13.298  77.709 0.2500000000
79319  12.165  12.902  78.230 0.1250000000
80707  8.281  14.480  80.041 0.5000000000
80037  8.175  13.976  79.532 0.3750000000
80060  14.936  13.098  76.818 0.1250000000
80053  16.251  13.845  77.518 0.1250000000
79326  16.979  13.014  77.562 0.1250000000
79321  8.261  13.042  79.009 0.3750000000
79318  18.788  12.461  78.574 0.1250000000
79325  17.898  12.478  78.068 0.1250000000
80042  18.065  13.339  77.901 0.1250000000
80041  19.152  13.367  78.471 0.1250000000
78450  8.711  11.902  77.421 0.3750000000
79317  19.604  12.138  78.715 0.1250000000
80040  20.200  13.724  78.458 0.1250000000
77532  8.077  10.820  77.143 0.5000000000
79323  21.315  12.953  77.594 0.1250000000
126699  21.048  13.293  78.175 0.1250000000
77541  9.064  11.252  76.332 0.5000000000
79335  22.011  12.913  76.754 0.1250000000
123194  9.115  10.663  75.413 0.3750000000
78467  9.519  10.964  74.654 0.5000000000
77562  9.286  10.546  74.012 0.3750000000
80036  10.721  14.046  80.044 0.2500000000
80698  9.248  14.509  80.486 0.3750000000
80704  10.833  14.796  79.578 0.2500000000
80705  9.887  14.894  79.959 0.2500000000
80706  8.933  14.792  79.744 0.2500000000
108782  14.979  14.766  78.389 0.1250000000
80045  12.446  13.777  78.877 0.2500000000
108914  11.749  14.738  79.409 0.2500000000
81329  11.010  15.460  79.168 0.2500000000
80718  8.620  14.591  79.217 0.2500000000
80714  15.923  15.085  78.386 0.1250000000
80722  15.674  14.415  77.792 0.1250000000
80052  17.279  14.034  77.582 0.1250000000
80047  8.927  14.736  78.480 0.2500000000
80048  8.642  13.903  78.736 0.2500000000
80713  16.915  15.310  78.294 0.1250000000
80721  16.616  14.613  77.761 0.1250000000
80058  9.115  13.846  77.965 0.3750000000
79333  8.772  12.925  78.152 0.3750000000
80720  17.460  14.664  77.834 0.1250000000
80051  18.158  14.192  77.970 0.1250000000
80711  18.976  14.369  78.456 0.1250000000
79332  9.275  12.971  77.168 0.3750000000
78449  9.335  12.126  76.616 0.3750000000
80050  21.638  13.655  77.661 0.1250000000
122621  9.562  11.450  75.363 0.3750000000
79346  22.663  12.989  74.767 0.1250000000
79349  9.709  11.825  74.509 0.3750000000
113740  12.615  15.960  79.171 0.1250000000
81977  12.738  16.602  78.508 0.1250000000
80701  13.919  15.671  79.324 0.1250000000
81328  11.985  15.558  79.185 0.1250000000
81342  10.493  15.749  78.705 0.2500000000
81331  9.390  15.291  79.287 0.2500000000
81339  15.269  15.407  79.006 0.1250000000
81326  14.683  15.827  79.394 0.1250000000
80716  13.232  14.399  78.841 0.2500000000
80703  12.502  14.763  79.237 0.2500000000
81343  9.675  15.518  78.740 0.2500000000
81338  16.187  15.633  79.126 0.1250000000
81345  10.196  15.751  78.047 0.2500000000
112058  9.520  15.232  78.121 0.2500000000
120258  9.366  14.561  77.836 0.2500000000
80712  17.984  15.037  78.283 0.1250000000
81322  18.517  16.047  78.653 0.1250000000
80057  9.615  13.885  77.279 0.2500000000
113017  19.268  15.587  78.573 0.1250000000
125380  9.686  13.411  76.637 0.3750000000
80710  20.610  14.632  78.480 0.1250000000
79341  9.701  12.782  76.116 0.3750000000
119050  21.838  14.350  77.716 0.1250000000
80708  22.000  15.780  78.108 0.1250000000
80728  23.298  14.470  75.745 0.1250000000
79343  9.815  12.322  75.247 0.3750000000
79353  22.445  13.040  73.834 0.1250000000
79356  9.600  12.156  73.689 0.3750000000
80071  22.628  13.783  72.415 0.1250000000
81327  13.363  16.079  79.317 0.1250000000
81972  12.940  16.369  79.034 0.1250000000
81341  11.282  15.900  78.813 0.2500000000
81978  11.184  16.135  78.070 0.2500000000
105103  14.154  16.249  79.499 0.1250000000
81971  13.703  16.596  79.264 0.1250000000
114286  15.394  15.889  79.409 0.1250000000
80724  10.157  15.570  77.319 0.2500000000
81324  16.741  16.215  79.335 0.1250000000
81337  17.238  15.771  78.806 0.1250000000
81348  10.530  15.891  76.579 0.2500000000
81966  18.269  16.723  78.981 0.1250000000
80725  9.877  14.777  77.181 0.2500000000
81356  10.389  15.530  74.604 0.2500000000
80730  10.518  14.953  75.407 0.2500000000
81974  21.656  16.499  78.708 0.1250000000
80062  10.012  13.609  76.028 0.2500000000
81346  22.689  15.372  76.910 0.1250000000
80729  22.824  14.982  75.311 0.1250000000
114658  22.940  14.356  73.721 0.1250000000
80741  22.387  14.254  71.999 0.1250000000
81976  13.338  16.911  78.825 0.1250000000
82637  13.129  17.202  77.977 0.1250000000
106313  15.147  17.124  79.824 0.1250000000
113674  11.625  16.518  77.159 0.2500000000
81968  16.286  16.711  79.720 0.1250000000
117763  10.798  16.105  77.093 0.2500000000
110824  18.089  17.221  79.301 0.1250000000
106842  10.885  16.292  76.165 0.2500000000
81321  19.483  16.358  78.851 0.1250000000
80727  10.421  15.319  76.443 0.2500000000
123805  20.501  17.206  79.210 0.1250000000
81965  21.521  17.253  78.927 0.1250000000
81347  22.377  15.597  76.610 0.1250000000
81332  22.029  16.467  78.016 0.1250000000
125300  22.398  15.286  75.910 0.1250000000
81981  21.627  16.332  76.859 0.1250000000
80732  22.175  14.928  74.296 0.1250000000
82636  13.553  17.653  78.431 0.1250000000
124847  12.253  16.725  77.769 0.2500000000
82643  12.101  17.309  76.790 0.2500000000
83282  14.839  18.520  80.049 0.1250000000
106154  14.733  17.642  79.724 0.1250000000
119857  13.838  18.041  78.818 0.1250000000
82642  12.689  17.657  77.304 0.2500000000
82628  15.322  17.933  80.231 0.1250000000
82633  15.768  17.266  80.006 0.1250000000
81984  11.501  16.832  76.185 0.2500000000
82627  15.929  17.934  80.278 0.1250000000
82632  16.571  17.370  79.882 0.1250000000
81988  11.002  16.709  75.372 0.2500000000
82630  18.489  17.762  79.464 0.1250000000
107500  19.030  17.157  79.222 0.1250000000
108935  10.505  16.521  74.584 0.2500000000
83277  20.242  19.068  78.692 0.1250000000
82629  20.532  18.287  79.037 0.1250000000
82639  21.185  17.791  77.689 0.1250000000
83284  21.218  18.246  78.243 0.1250000000
81982  19.745  16.921  76.404 0.1250000000
81979  21.739  16.902  77.656 0.1250000000
126011  20.708  16.452  76.392 0.1250000000
126710  13.526  18.358  78.247 0.1250000000
82641  13.239  18.076  77.718 0.1250000000
83276  14.898  18.455  80.990 0.1250000000
83941  13.706  18.816  78.753 0.1250000000
83287  12.719  18.479  77.308 0.1250000000
82648  12.236  18.349  76.672 0.2500000000
82649  11.819  17.855  75.959 0.2500000000
83275  15.383  18.410  81.009 0.1250000000
83273  15.132  19.100  81.251 0.1250000000
82653  11.234  17.504  75.381 0.2500000000
83933  17.137  19.251  79.919 0.1250000000
83274  16.129  18.755  80.365 0.1250000000
82654  10.647  17.944  74.893 0.2500000000
113250  19.028  19.374  79.366 0.1250000000
83309  9.829  18.171  74.594 0.2500000000
82661  10.219  17.377  74.498 0.2500000000
83935  20.434  18.961  78.494 0.1250000000
82663  8.452  17.433  74.124 0.2500000000
82662  9.429  17.504  74.207 0.2500000000
115405  9.868  16.846  74.139 0.2500000000
83288  19.511  18.325  77.286 0.1250000000
84642  13.558  20.268  79.692 0.1250000000
83942  13.056  19.098  77.820 0.1250000000
83949  12.411  19.049  77.104 0.2500000000
83950  11.812  19.323  76.579 0.2500000000
121288  14.216  20.075  80.208 0.1250000000
83929  14.667  19.330  80.754 0.1250000000
106166  12.156  19.797  77.309 0.1250000000
83959  11.273  19.274  75.919 0.2500000000
83293  11.690  18.665  76.079 0.2500000000
84636  14.399  20.381  80.667 0.1250000000
123603  11.621  19.894  76.846 0.2500000000
124521  10.873  19.608  75.920 0.2500000000
83299  11.183  18.504  75.442 0.2500000000
83924  15.365  19.794  81.180 0.1250000000
83927  16.364  19.716  80.185 0.1250000000
83928  15.655  19.219  81.066 0.1250000000
83960  10.676  19.287  75.541 0.2500000000
83300  10.292  18.779  75.033 0.2500000000
84634  16.553  20.610  79.926 0.1250000000
83932  18.213  19.832  79.572 0.1250000000
83301  9.352  18.934  74.872 0.2500000000
84641  18.349  20.915  79.258 0.1250000000
84639  19.484  20.547  78.754 0.1250000000
83311  7.853  18.037  74.671 0.2500000000
83286  19.387  19.127  77.646 0.1250000000
82655  6.681  17.688  75.108 0.2500000000
84644  12.815  20.507  79.055 0.1250000000
83937  13.361  19.709  78.793 0.1250000000
84637  13.651  20.748  80.455 0.1250000000
114753  11.887  20.521  77.857 0.1250000000
84658  11.432  20.363  77.145 0.2500000000
126659  11.054  19.979  76.423 0.2500000000
84635  15.892  20.724  80.173 0.1250000000
84659  10.599  20.737  76.980 0.2500000000
84667  10.180  20.274  76.490 0.2500000000
124475  17.280  21.774  79.221 0.1250000000
83952  9.398  20.006  76.159 0.2500000000
85368  18.830  21.448  78.788 0.1250000000
83963  7.790  19.256  75.716 0.2500000000
83939  19.361  20.231  77.836 0.1250000000
83303  7.252  18.492  75.398 0.2500000000
82665  6.100  16.901  74.852 0.2500000000
84638  12.728  20.979  80.158 0.1250000000
84632  13.815  21.106  80.926 0.1250000000
85354  12.961  21.255  80.962 0.1250000000
114908  12.214  20.660  78.545 0.2500000000
84646  11.048  20.825  77.812 0.2500000000
85346  14.935  21.451  80.734 0.1250000000
112368  9.490  20.792  76.969 0.2500000000
85353  15.651  21.352  80.140 0.1250000000
83953  8.300  19.849  76.198 0.2500000000
85992  17.304  21.937  79.105 0.1250000000
83964  6.604  18.908  76.164 0.2500000000
84654  18.249  21.060  77.803 0.1250000000
82656  5.452  17.323  75.472 0.2500000000
83294  5.342  18.614  76.576 0.2500000000
83305  4.918  17.845  76.123 0.2500000000
83295  4.661  18.543  76.606 0.2500000000
83306  4.444  18.043  75.946 0.2500000000
84643  12.077  21.050  79.312 0.1250000000
85348  13.265  21.762  81.148 0.1250000000
85355  12.209  21.631  80.737 0.1250000000
85362  11.182  21.494  79.500 0.2500000000
84647  10.066  21.015  77.852 0.2500000000
85986  14.434  23.210  80.219 0.1250000000
84668  8.693  20.345  76.693 0.2500000000
84660  8.374  20.736  77.358 0.2500000000
111806  15.440  22.106  80.096 0.1250000000
85351  16.616  22.068  79.427 0.1250000000
84669  7.779  20.208  76.930 0.2500000000
84662  6.262  20.596  78.050 0.2500000000
120894  16.801  22.218  78.943 0.1250000000
107194  17.771  21.554  78.271 0.1250000000
83954  7.195  19.658  76.470 0.2500000000
84670  6.656  20.097  77.248 0.2500000000
83943  5.564  19.967  77.631 0.2500000000
84656  16.095  21.108  77.284 0.1250000000
83940  17.728  20.148  77.295 0.1250000000
83956  4.915  19.187  77.240 0.2500000000
83944  5.004  19.944  77.677 0.2500000000
110444  16.075  19.611  76.519 0.1250000000
83957  4.544  19.030  76.952 0.2500000000
117570  4.685  19.647  77.277 0.2500000000
83968  4.208  18.831  75.305 0.2500000000
83965  4.414  18.857  76.290 0.2500000000
85361  11.886  21.405  80.120 0.1250000000
85363  10.327  21.606  79.289 0.2500000000
85370  10.674  21.302  78.582 0.2500000000
120573  13.751  22.605  81.022 0.1250000000
85980  12.800  22.479  81.231 0.1250000000
105072  9.737  21.453  78.724 0.2500000000
85378  8.911  21.253  78.028 0.2500000000
84648  7.908  21.131  77.943 0.2500000000
86000  15.016  23.066  78.614 0.1250000000
85993  16.400  22.320  79.392 0.1250000000
84649  6.993  21.308  78.228 0.2500000000
104832  15.524  22.498  78.199 0.1250000000
84665  16.162  20.336  76.807 0.1250000000
83292  15.648  19.085  76.249 0.1250000000
84664  4.909  20.526  77.760 0.2500000000
119185  4.613  20.375  76.990 0.2500000000
123903  4.809  20.912  77.281 0.2500000000
84674  4.329  19.854  75.480 0.2500000000
85350  11.838  22.093  81.120 0.2500000000
85356  11.294  21.903  80.625 0.1250000000
85357  10.361  21.774  80.165 0.2500000000
86613  14.215  23.949  79.841 0.1250000000
86614  13.622  23.567  80.438 0.1250000000
85982  11.214  22.608  81.251 0.2500000000
106906  8.766  21.635  79.098 0.2500000000
86626  15.043  23.220  79.254 0.1250000000
85371  7.886  21.727  78.507 0.2500000000
86003  14.731  22.817  77.788 0.1250000000
85376  15.881  21.852  77.718 0.1250000000
85372  6.919  22.196  78.771 0.2500000000
124289  14.758  21.029  76.506 0.1250000000
85381  15.325  21.433  76.956 0.1250000000
83947  15.436  19.841  76.383 0.1250000000
76976  49.525  9.562  48.676 0.3750000000
49529  31.788  -20.819  76.010 1.0000000000
50446  30.500  -20.220  76.729 1.0000000000
49519  30.353  -21.114  76.891 1.0000000000
51358  33.004  -19.292  74.670 1.0000000000
52230  31.670  -18.710  75.961 1.0000000000
119288  31.645  -19.425  75.988 1.0000000000
51349  30.043  -19.029  76.898 1.0000000000
52232  30.452  -18.365  76.896 1.0000000000
52240  31.652  -17.938  75.877 1.0000000000
52233  29.681  -18.341  76.740 1.0000000000
116768  29.443  -18.941  76.561 1.0000000000
52241  28.784  -18.040  75.758 1.0000000000
44189  23.428  -27.473  78.071 0.5000000000
52247  33.736  -18.276  74.359 0.8750000000
53220  32.299  -17.488  75.166 1.0000000000
53222  30.420  -17.013  76.171 1.0000000000
108223  29.267  -17.069  75.194 1.0000000000
54209  28.622  -17.165  74.166 1.0000000000
55130  30.523  -15.885  75.318 1.0000000000
55131  29.935  -16.223  75.046 1.0000000000
53234  28.955  -17.142  74.639 1.0000000000
54215  28.759  -16.505  72.978 1.0000000000
55129  31.394  -15.800  75.259 1.0000000000
55140  30.361  -15.576  74.823 1.0000000000
55141  29.755  -15.919  74.447 1.0000000000
55148  29.104  -16.112  73.353 1.0000000000
113619  11.409  -11.712  76.750 1.0000000000
49557  21.638  -21.282  74.531 1.0000000000
50486  19.353  -20.619  72.755 1.0000000000
50485  20.196  -20.814  72.605 1.0000000000
55139  31.849  -15.176  74.952 1.0000000000
56117  29.942  -14.979  73.347 1.0000000000
55167  28.617  -15.808  71.825 1.0000000000
56126  29.108  -15.538  72.172 1.0000000000
55188  28.417  -15.425  70.149 1.0000000000
57867  7.901  -12.342  82.435 1.0000000000
125722  33.309  -15.569  74.353 1.0000000000
56102  31.654  -14.754  74.649 1.0000000000
56125  29.627  -15.026  72.477 1.0000000000
56124  30.244  -14.594  72.624 1.0000000000
123115  29.443  -15.041  71.798 1.0000000000
57869  5.964  -12.859  82.295 0.8750000000
56941  33.060  -14.089  74.217 1.0000000000
56952  32.085  -13.773  73.477 1.0000000000
108211  34.936  -15.323  73.743 1.0000000000
56953  31.376  -13.982  73.128 1.0000000000
56962  30.950  -13.999  72.214 1.0000000000
56972  30.317  -13.943  71.260 1.0000000000
56997  29.726  -13.700  69.601 1.0000000000
117468  28.635  -14.543  69.006 1.0000000000
123036  4.779  -16.705  70.888 0.6250000000
61338  10.854  -8.958  75.696 0.8750000000
122271  25.534  -24.437  78.575 1.0000000000
47002  26.193  -24.790  78.294 1.0000000000
47867  26.076  -24.188  76.241 1.0000000000
56984  30.554  -13.410  70.666 1.0000000000
125153  27.485  -15.376  67.228 0.8750000000
56176  28.299  -14.381  67.646 0.8750000000
49592  25.611  -21.941  71.539 1.0000000000
57919  34.180  -12.796  73.336 1.0000000000
49603  24.069  -21.483  70.439 1.0000000000
56959  35.934  -13.367  72.716 0.8750000000
57932  33.049  -12.340  72.684 1.0000000000
57967  30.589  -12.645  69.416 1.0000000000
60485  4.254  -9.326  81.022 0.8750000000
57929  35.736  -12.327  72.586 1.0000000000
57931  33.834  -12.041  73.039 1.0000000000
106360  33.093  -11.403  71.510 1.0000000000
57958  32.464  -11.701  70.944 1.0000000000
114376  37.229  -12.998  71.280 0.8750000000
56142  36.920  -14.338  70.445 0.7500000000
111811  37.043  -13.506  70.064 0.7500000000
53310  25.721  -17.686  67.459 0.8750000000
62190  9.660  -7.633  76.197 0.8750000000
114860  4.873  -13.287  77.346 0.8750000000
51432  22.086  -20.048  66.931 1.0000000000
110860  23.811  -20.671  69.360 1.0000000000
52340  19.244  -17.964  65.646 1.0000000000
58860  34.690  -11.025  71.901 1.0000000000
58870  34.191  -10.638  71.227 1.0000000000
58859  35.768  -11.231  71.773 1.0000000000
57944  36.557  -12.096  71.795 0.8750000000
58871  32.915  -11.052  70.687 1.0000000000
120926  33.542  -10.985  71.097 1.0000000000
108015  32.680  -10.585  70.156 1.0000000000
51388  26.015  -19.157  71.698 1.0000000000
58889  31.858  -11.440  68.769 1.0000000000
56982  37.131  -12.833  69.572 0.8750000000
121110  36.547  -13.730  68.936 0.7500000000
62972  6.094  -6.919  80.963 0.8750000000
56168  19.234  -14.734  68.700 0.8750000000
51449  20.769  -19.562  66.288 1.0000000000
50467  28.420  -20.704  74.480 1.0000000000
51448  21.661  -19.691  66.258 1.0000000000
58868  35.997  -10.897  70.946 1.0000000000
59751  35.489  -10.265  70.541 1.0000000000
51389  25.741  -19.839  71.261 1.0000000000
52279  25.808  -18.744  70.130 1.0000000000
51405  25.051  -19.764  69.431 1.0000000000
59784  31.067  -10.671  67.529 1.0000000000
59776  31.619  -10.889  68.129 0.8750000000
115207  25.360  -18.328  67.748 0.8750000000
118938  35.662  -14.532  68.199 0.7500000000
57056  24.859  -13.893  64.186 0.7500000000
112595  24.452  -12.384  63.196 0.7500000000
63828  7.546  -5.887  79.159 0.8750000000
56107  20.395  -15.137  74.343 0.7500000000
55133  21.811  -15.230  75.032 0.7500000000
55150  21.900  -16.010  73.758 0.7500000000
110721  19.647  -14.736  73.942 1.0000000000
54224  22.226  -16.260  72.799 0.7500000000
55170  22.035  -16.283  72.275 0.7500000000
115924  20.605  -15.705  70.951 0.7500000000
111523  21.493  -15.922  71.423 0.7500000000
55182  20.105  -15.443  70.268 0.7500000000
56138  19.098  -14.529  71.623 0.8750000000
50492  25.464  -20.589  70.600 1.0000000000
119838  23.248  -20.189  67.600 1.0000000000
51447  22.517  -19.693  66.304 1.0000000000
52339  20.881  -18.773  65.179 1.0000000000
51463  21.228  -19.276  65.618 1.0000000000
53332  20.728  -17.520  64.759 1.0000000000
52303  24.959  -18.977  68.115 1.0000000000
58867  36.979  -11.272  70.529 0.8750000000
59775  32.460  -10.818  68.482 1.0000000000
58880  37.762  -11.090  69.370 0.8750000000
59769  37.769  -10.377  69.027 1.0000000000
53331  24.691  -17.414  65.395 0.8750000000
53343  24.053  -17.296  64.826 0.8750000000
57974  37.648  -12.206  68.303 0.8750000000
60590  31.897  -9.214  66.570 0.8750000000
55262  23.640  -15.866  64.097 0.8750000000
57020  37.479  -12.923  68.070 0.7500000000
57021  36.855  -13.373  67.735 0.7500000000
108196  24.616  -11.211  62.578 0.7500000000
63843  10.742  -6.029  76.693 0.8750000000
63799  5.941  -5.638  82.114 0.8750000000
63816  8.656  -4.971  79.432 0.8750000000
61353  14.076  -8.888  73.791 0.8750000000
56106  22.296  -14.393  74.664 0.6250000000
64741  4.785  -4.815  79.803 0.8750000000
56945  18.281  -13.232  74.788 1.0000000000
55149  22.255  -15.728  73.775 0.7500000000
55159  22.446  -16.056  73.028 0.7500000000
56130  19.225  -14.597  72.473 0.8750000000
56974  18.376  -14.099  72.104 0.8750000000
55180  21.876  -15.507  70.738 0.6250000000
56989  17.729  -13.704  70.496 0.8750000000
55202  20.610  -15.140  68.677 0.7500000000
56149  17.830  -13.864  69.629 0.8750000000
122222  20.790  -15.183  67.474 0.8750000000
54275  19.150  -16.135  66.076 0.8750000000
54287  20.547  -16.727  64.921 0.8750000000
51461  22.940  -19.213  65.722 1.0000000000
108896  22.478  -18.762  65.105 1.0000000000
52350  22.007  -18.224  64.628 1.0000000000
53346  21.692  -17.463  64.487 1.0000000000
52351  21.159  -18.225  64.770 1.0000000000
123584  34.350  -9.720  69.200 1.0000000000
54302  22.553  -16.897  64.165 0.8750000000
52349  22.803  -18.158  64.675 1.0000000000
106176  35.412  -9.666  68.494 1.0000000000
120662  23.513  -17.962  64.879 0.8750000000
54301  23.452  -16.716  64.254 0.8750000000
56212  22.317  -15.178  63.913 0.8750000000
55278  22.945  -15.473  63.714 0.8750000000
57981  37.484  -13.078  67.358 0.7500000000
60588  33.162  -8.973  67.018 0.8750000000
60598  30.736  -9.127  65.528 0.8750000000
60607  29.835  -9.380  64.318 1.0000000000
61420  30.192  -8.753  64.035 0.8750000000
110574  27.098  -8.763  62.189 0.5000000000
110359  27.025  -8.018  62.327 0.5000000000
59735  14.567  -10.073  73.091 0.8750000000
65649  4.920  -4.013  79.303 0.8750000000
56146  22.121  -15.079  70.173 0.6250000000
56157  21.997  -14.787  69.503 0.6250000000
123435  22.162  -12.868  63.709 0.7500000000
59789  38.563  -9.963  66.224 1.0000000000
124666  38.193  -9.712  66.126 1.0000000000
124409  38.350  -11.343  67.064 1.0000000000
113022  38.104  -12.061  66.861 0.8750000000
58887  9.757  -11.661  70.026 0.7500000000
57989  37.594  -12.197  65.960 0.8750000000
61419  30.817  -8.428  64.451 0.8750000000
58909  37.515  -11.552  65.401 1.0000000000
57049  36.546  -13.114  65.248 0.5000000000
58938  23.691  -11.218  62.771 0.6250000000
57050  35.996  -13.126  64.724 0.3750000000
111516  35.174  -13.252  64.833 0.3750000000
61445  29.354  -8.240  62.710 0.5000000000
62286  25.865  -7.667  62.634 0.5000000000
61450  24.737  -8.453  62.886 0.5000000000
118357  24.548  -9.286  62.692 0.5000000000
122065  28.183  -7.814  62.326 0.5000000000
62285  26.570  -7.459  62.502 0.5000000000
61335  15.401  -8.302  75.356 0.8750000000
64735  11.793  -4.594  79.839 0.8750000000
107738  10.665  -4.363  79.872 0.8750000000
65634  5.428  -4.203  82.058 0.8750000000
65654  5.249  -3.675  76.919 0.8750000000
57935  21.034  -12.579  72.400 0.3750000000
57934  21.548  -13.371  72.201 0.3750000000
56973  21.984  -13.921  71.412 0.5000000000
118810  22.164  -15.072  70.790 0.6250000000
57000  22.283  -14.115  69.093 0.6250000000
57026  21.550  -13.718  67.532 0.6250000000
121698  36.383  -9.647  66.304 0.8750000000
61384  10.319  -8.858  68.983 0.6250000000
59798  37.296  -10.441  64.919 1.0000000000
60583  37.783  -10.034  65.585 1.0000000000
60595  37.316  -9.706  65.524 1.0000000000
61405  34.781  -8.928  65.310 0.8750000000
119975  33.933  -8.781  65.821 0.8750000000
61399  33.517  -8.728  66.448 0.8750000000
125726  37.176  -11.015  64.998 1.0000000000
107130  33.900  -8.539  65.129 0.8750000000
61407  32.654  -8.355  65.606 0.8750000000
105344  32.986  -8.218  64.025 0.8750000000
122744  31.808  -8.317  64.315 0.8750000000
116583  33.642  -8.152  62.482 0.8750000000
61442  31.837  -7.913  62.973 0.8750000000
62270  24.685  -7.577  64.297 0.3750000000
62280  32.271  -7.680  62.004 0.8750000000
62282  30.582  -7.266  62.273 0.7500000000
116242  29.873  -7.293  62.421 0.6250000000
63096  26.122  -6.951  62.811 0.5000000000
62283  29.216  -7.048  62.359 0.6250000000
63093  28.561  -6.401  62.461 0.6250000000
62995  13.462  -6.187  76.457 0.7500000000
62199  14.663  -7.127  75.883 0.7500000000
65628  8.342  -4.166  83.287 0.8750000000
64698  9.556  -4.265  82.456 0.8750000000
65631  5.411  -3.468  82.178 0.8750000000
110548  11.069  -4.318  81.786 0.8750000000
65652  5.228  -3.054  78.867 0.8750000000
66573  4.308  -1.927  76.446 0.8750000000
60558  20.452  -9.503  70.551 0.1250000000
57012  22.286  -13.196  68.664 0.5000000000
58897  21.865  -12.010  66.999 0.5000000000
58920  21.825  -11.078  64.305 0.5000000000
126051  8.978  -9.009  70.376 0.7500000000
60622  37.916  -9.440  62.736 1.0000000000
61414  37.105  -8.705  64.181 0.8750000000
105190  35.225  -8.690  63.859 0.8750000000
125451  34.642  -8.363  62.039 0.8750000000
63065  26.331  -6.198  65.965 0.2500000000
113344  37.557  -11.195  61.263 0.6250000000
62295  34.607  -7.773  61.111 0.8750000000
61464  34.142  -8.077  61.769 0.8750000000
107074  32.744  -7.188  61.307 0.8750000000
63927  27.635  -5.397  63.380 0.6250000000
63928  26.989  -5.770  63.694 0.5000000000
107450  35.996  -12.388  61.827 0.3750000000
63959  32.537  -5.755  61.427 0.5000000000
63961  30.977  -5.941  61.880 0.5000000000
63944  28.008  -5.791  62.768 0.6250000000
62994  14.098  -6.553  76.241 0.7500000000
62188  14.724  -6.808  76.929 0.7500000000
112289  13.530  -5.978  77.256 0.7500000000
63822  13.110  -5.606  78.711 0.7500000000
65629  6.895  -4.023  83.261 0.8750000000
59733  16.200  -10.631  73.461 1.0000000000
66559  5.256  -2.476  79.711 0.8750000000
61366  19.152  -9.053  71.121 0.1250000000
59725  19.603  -10.532  74.770 0.3750000000
59704  21.122  -10.249  77.322 0.3750000000
63874  23.686  -6.592  71.526 0.1250000000
62246  21.456  -7.311  69.851 0.1250000000
119386  25.277  -5.671  73.214 0.1250000000
67481  4.614  -1.375  75.634 0.8750000000
62196  27.087  -7.275  75.258 0.1250000000
60545  23.245  -9.028  71.721 0.1250000000
122894  22.806  -8.061  71.190 0.1250000000
65674  4.190  -3.366  74.255 0.8750000000
62206  27.691  -8.415  75.176 0.1250000000
63020  25.029  -7.313  73.542 0.1250000000
61351  25.122  -8.414  73.297 0.1250000000
120955  29.045  -7.173  75.875 0.1250000000
62193  28.939  -7.493  75.343 0.1250000000
62217  27.597  -8.622  74.468 0.1250000000
59765  23.585  -10.152  69.907 0.1250000000
64765  31.119  -5.359  74.999 0.1250000000
63852  29.789  -6.336  75.209 0.1250000000
63860  30.131  -6.372  74.362 0.1250000000
63018  28.966  -7.555  74.413 0.1250000000
63865  30.123  -6.152  73.339 0.1250000000
58905  22.189  -11.313  66.787 0.3750000000
63871  29.984  -5.823  72.174 0.1250000000
64777  32.323  -5.220  73.104 0.1250000000
63878  29.526  -5.575  71.210 0.1250000000
63045  27.712  -6.709  69.888 0.2500000000
64782  30.951  -4.696  71.822 0.1250000000
64783  30.169  -5.036  71.533 0.1250000000
63879  28.904  -6.015  70.785 0.2500000000
63046  27.089  -6.940  69.251 0.2500000000
63886  28.140  -5.408  69.213 0.2500000000
63054  27.002  -6.121  68.450 0.2500000000
126394  27.543  -5.532  68.651 0.2500000000
63062  25.878  -6.876  67.302 0.3750000000
60593  22.707  -9.901  66.022 0.3750000000
105881  28.593  -4.607  68.793 0.3750000000
62252  25.771  -7.896  68.533 0.2500000000
65743  29.714  -3.723  68.215 0.2500000000
64808  28.256  -4.187  68.045 0.2500000000
62262  24.684  -7.643  66.269 0.3750000000
61463  36.722  -8.714  61.564 0.8750000000
63902  27.334  -5.213  67.033 0.2500000000
61478  36.194  -8.333  60.737 0.8750000000
64833  27.830  -4.570  65.648 0.5000000000
64816  28.298  -4.073  67.142 0.3750000000
62312  35.022  -7.443  60.658 0.7500000000
62314  34.021  -7.019  60.718 0.7500000000
65813  28.942  -4.116  64.775 0.3750000000
64825  28.468  -4.011  66.117 0.3750000000
58027  36.821  -11.901  61.215 0.5000000000
63120  35.418  -6.695  60.570 0.7500000000
111907  36.746  -7.262  60.255 0.8750000000
63106  34.895  -6.193  60.775 0.7500000000
64860  28.766  -4.544  63.621 0.5000000000
58028  36.357  -12.083  61.584 0.3750000000
63938  33.020  -5.028  61.772 0.6250000000
63939  32.134  -5.098  61.892 0.5000000000
64842  29.160  -4.099  64.136 0.3750000000
124849  35.315  -12.020  60.495 0.1250000000
105895  46.830  -8.630  55.993 0.7500000000
62337  49.073  -7.493  53.612 1.0000000000
62334  49.472  -7.638  54.469 1.0000000000
63159  50.300  -6.235  52.792 0.7500000000
64020  51.167  -5.868  54.391 0.8750000000
62346  48.624  -7.257  52.893 0.8750000000
62345  49.715  -6.915  53.161 0.8750000000
62173  15.535  -7.465  78.512 0.7500000000
65624  7.317  -4.186  84.159 0.8750000000
62174  15.126  -6.871  79.034 0.7500000000
65623  8.186  -4.394  84.183 0.8750000000
62965  13.597  -5.917  80.908 0.7500000000
67434  5.328  -1.097  80.789 0.8750000000
67456  4.776  -1.517  76.739 0.8750000000
62245  22.107  -7.205  70.023 0.1250000000
60529  18.902  -9.628  73.499 0.3750000000
65656  30.076  -3.293  76.027 0.1250000000
65676  32.973  -4.053  73.526 0.1250000000
65705  32.931  -3.698  71.194 0.1250000000
67496  34.109  -1.700  73.886 0.1250000000
65723  31.030  -3.826  70.243 0.1250000000
62257  24.925  -7.931  67.174 0.3750000000
65692  35.085  -3.496  71.885 0.1250000000
66604  35.053  -2.757  72.857 0.1250000000
65724  30.818  -3.708  69.262 0.2500000000
65760  29.636  -3.583  67.287 0.3750000000
112750  30.233  -3.407  66.837 0.3750000000
110963  30.034  -3.482  66.129 0.3750000000
63972  35.983  -5.971  60.793 0.6250000000
125005  35.981  -5.427  61.223 0.5000000000
63956  35.391  -5.562  61.160 0.5000000000
65825  30.768  -3.706  64.005 0.3750000000
58035  39.857  -12.084  59.604 0.6250000000
118895  35.926  -4.460  62.513 0.5000000000
64877  32.597  -4.427  62.420 0.5000000000
64856  32.170  -3.896  63.121 0.3750000000
61494  44.893  -8.888  57.727 0.5000000000
61518  47.900  -8.265  54.677 0.8750000000
63147  50.834  -6.469  54.624 0.8750000000
64037  50.409  -4.931  54.279 0.8750000000
64966  50.108  -4.326  53.798 0.8750000000
111873  47.668  -4.381  53.468 0.7500000000
66759  49.586  -2.364  53.401 0.7500000000
66781  47.446  -2.591  53.023 0.6250000000
65923  46.583  -3.284  52.943 0.6250000000
67621  48.513  -1.144  53.536 0.6250000000
67619  50.199  -1.639  53.269 0.8750000000
109909  49.623  -0.985  53.485 0.7500000000
68476  49.163  -0.401  50.932 0.8750000000
113121  14.524  -6.834  80.388 0.7500000000
66532  8.729  -2.439  85.386 0.8750000000
59714  17.509  -10.970  76.852 1.0000000000
114782  12.981  -5.213  83.589 0.7500000000
65614  11.978  -3.461  85.154 0.7500000000
59696  22.838  -11.189  78.313 0.5000000000
61341  19.027  -8.512  74.668 0.2500000000
62209  19.068  -7.863  74.875 0.2500000000
67504  5.522  -1.570  73.636 0.8750000000
67483  32.793  -1.838  74.428 0.1250000000
67482  33.614  -2.149  74.342 0.1250000000
63900  8.208  -5.463  68.274 0.7500000000
62254  7.846  -6.842  68.406 0.7500000000
66603  35.630  -2.491  72.428 0.1250000000
65691  35.877  -3.448  71.813 0.1250000000
65704  33.669  -3.580  70.816 0.1250000000
105466  34.292  -3.417  70.060 0.1250000000
104987  32.872  -3.554  70.339 0.1250000000
65740  32.768  -3.398  68.794 0.2500000000
119383  31.765  -3.466  68.178 0.3750000000
65757  32.385  -3.447  68.108 0.3750000000
117359  40.696  -8.220  59.936 1.0000000000
62308  39.039  -7.351  59.891 1.0000000000
112960  32.883  -3.517  67.371 0.3750000000
65756  33.607  -3.362  67.826 0.2500000000
65794  31.341  -3.271  65.635 0.3750000000
64890  36.946  -4.723  61.696 0.5000000000
125544  32.408  -3.436  64.431 0.3750000000
125496  41.798  -10.312  60.745 0.7500000000
64873  36.576  -4.413  62.379 0.5000000000
64853  35.434  -4.155  63.000 0.3750000000
58967  40.835  -12.252  59.507 0.5000000000
57081  39.325  -12.870  58.975 0.1250000000
59872  43.850  -10.197  58.212 0.5000000000
62331  50.199  -7.354  55.923 1.0000000000
64008  50.621  -6.275  54.977 0.8750000000
112761  49.920  -0.202  53.269 0.8750000000
117983  49.087  -0.239  53.883 0.6250000000
69317  48.423  0.537  54.073 0.5000000000
120127  45.544  -0.186  53.425 0.5000000000
69329  49.926  0.524  53.056 0.8750000000
69315  49.696  0.690  53.694 0.8750000000
62957  13.949  -6.343  82.004 0.7500000000
67413  10.046  -1.269  85.469 0.8750000000
58797  22.136  -11.894  80.073 0.6250000000
63791  13.418  -5.104  84.154 0.7500000000
68264  5.486  -0.326  80.226 0.8750000000
114950  12.606  -2.981  85.015 0.7500000000
120537  13.486  -2.643  83.660 0.6250000000
68296  5.679  -0.405  76.759 0.8750000000
61328  19.723  -8.535  76.266 0.3750000000
63021  18.881  -5.862  73.401 0.1250000000
118029  33.659  -0.526  72.672 0.1250000000
63052  6.866  -6.546  69.427 0.8750000000
65690  36.359  -3.126  71.439 0.1250000000
104986  34.109  -3.173  69.095 0.2500000000
106151  35.541  -2.870  68.777 0.2500000000
65776  34.784  -3.283  66.744 0.3750000000
125397  33.507  -3.414  66.169 0.3750000000
63104  40.260  -6.115  60.958 0.7500000000
65791  34.503  -3.414  65.204 0.3750000000
112906  34.704  -3.568  64.467 0.3750000000
65792  33.548  -3.392  65.349 0.3750000000
111494  32.903  -3.496  65.958 0.3750000000
117286  39.324  -4.376  62.298 0.5000000000
64871  38.654  -4.215  62.440 0.5000000000
109258  37.890  -4.068  62.696 0.3750000000
118883  35.929  -4.018  63.632 0.3750000000
65809  33.116  -3.509  64.475 0.3750000000
118882  34.701  -3.952  63.231 0.3750000000
59847  42.560  -10.715  60.723 0.7500000000
58983  42.942  -11.445  58.338 0.3750000000
60660  45.520  -9.213  58.318 0.7500000000
70177  48.469  1.946  54.374 0.5000000000
70184  49.336  1.751  53.802 0.8750000000
118884  46.125  1.188  54.198 0.5000000000
68243  7.849  -0.796  85.267 0.8750000000
61295  16.319  -8.190  81.974 0.7500000000
62956  14.594  -7.065  82.188 0.6250000000
115512  6.914  0.144  84.701 0.7500000000
62953  15.004  -6.977  82.734 0.6250000000
62150  15.592  -7.234  82.579 0.6250000000
69054  5.469  0.635  82.128 0.8750000000
63793  15.520  -5.964  83.170 0.6250000000
68259  5.406  -0.324  81.097 0.8750000000
69074  5.971  0.234  79.060 0.8750000000
59695  23.253  -10.258  79.158 0.6250000000
120301  22.413  -9.377  78.599 0.5000000000
60492  23.195  -9.626  78.982 0.6250000000
125178  5.832  1.105  80.311 0.8750000000
68295  5.987  0.128  77.318 0.8750000000
61327  20.209  -8.195  77.090 0.3750000000
125207  19.746  -7.968  76.425 0.3750000000
68311  6.600  -0.585  75.970 0.8750000000
67491  7.128  -1.401  74.651 0.8750000000
66588  7.142  -1.709  73.808 0.8750000000
105889  19.397  -4.696  74.712 0.1250000000
63868  18.831  -5.709  72.577 0.1250000000
123420  40.707  -6.842  60.683 0.8750000000
113147  37.123  -3.486  66.059 0.3750000000
64870  39.977  -4.398  62.653 0.6250000000
65818  37.390  -3.840  63.964 0.3750000000
59835  43.267  -10.268  61.468 0.8750000000
58953  43.060  -11.239  60.183 0.7500000000
123814  49.442  3.212  53.188 0.7500000000
71001  45.262  2.474  54.218 0.5000000000
116550  48.623  2.529  54.444 0.5000000000
71006  49.148  2.782  54.071 0.8750000000
62951  16.126  -7.078  82.518 0.6250000000
69048  6.464  0.697  84.362 0.7500000000
69051  5.868  0.629  83.663 0.7500000000
114693  6.234  2.035  84.300 0.7500000000
68242  11.067  -0.094  85.046 0.7500000000
68237  10.424  -0.473  85.276 0.7500000000
69042  10.390  0.178  85.188 0.7500000000
69930  5.477  1.412  82.460 0.7500000000
59687  21.462  -11.095  80.442 0.6250000000
65625  14.434  -3.435  82.540 0.6250000000
69937  5.664  1.947  81.017 0.7500000000
107980  6.652  0.207  77.929 0.8750000000
69946  6.845  1.702  80.478 0.8750000000
68303  7.091  -0.475  76.678 0.8750000000
68280  7.848  -0.156  78.223 0.8750000000
65731  10.339  -3.286  69.242 0.7500000000
62294  42.049  -7.829  61.142 0.8750000000
63951  41.009  -5.748  61.789 0.7500000000
63090  41.936  -6.196  62.046 0.8750000000
63936  40.682  -4.989  62.389 0.7500000000
61439  43.093  -8.250  62.406 1.0000000000
60637  42.931  -9.478  61.809 1.0000000000
106385  40.693  -4.447  63.103 0.6250000000
64840  40.301  -3.933  64.439 0.5000000000
60635  44.738  -9.928  62.198 1.0000000000
58952  44.305  -11.014  59.978 0.8750000000
123328  43.844  -11.062  60.310 0.7500000000
59843  46.094  -10.273  60.503 1.0000000000
59859  44.789  -10.838  59.569 0.8750000000
61488  47.466  -9.142  58.888 1.0000000000
71790  48.254  3.478  54.454 0.5000000000
70998  48.066  2.766  54.655 0.6250000000
70999  47.041  2.784  54.671 0.5000000000
70181  44.196  1.955  53.954 0.5000000000
70796  7.491  2.732  84.685 0.7500000000
68248  10.882  0.365  84.177 0.7500000000
69043  9.880  0.821  85.276 0.7500000000
65640  14.933  -3.516  80.824 0.6250000000
65632  15.190  -3.925  81.353 0.6250000000
70806  5.430  2.236  82.964 0.7500000000
69926  5.636  2.131  83.730 0.7500000000
62165  22.161  -7.945  79.679 0.6250000000
67427  12.963  -0.998  82.235 0.6250000000
68293  8.553  -0.454  77.586 0.7500000000
66649  10.001  -2.922  69.879 0.7500000000
65729  12.159  -3.236  68.911 0.5000000000
64827  12.149  -4.115  65.850 0.6250000000
66673  13.240  -2.732  66.764 0.5000000000
63079  43.108  -6.063  63.266 1.0000000000
64848  42.199  -4.712  64.210 0.6250000000
62279  43.191  -7.629  62.747 1.0000000000
105425  42.774  -6.781  62.521 0.8750000000
60634  45.519  -10.249  61.615 1.0000000000
72628  49.382  4.484  53.757 0.7500000000
71843  49.549  3.754  49.021 0.7500000000
71844  48.934  3.233  48.272 0.6250000000
64703  15.831  -5.315  81.283 0.6250000000
111764  11.360  0.973  83.627 0.7500000000
69922  9.675  1.705  85.215 0.7500000000
70793  10.245  2.028  84.640 0.7500000000
70795  8.581  2.820  84.875 0.7500000000
66543  14.259  -2.818  81.745 0.6250000000
69049  12.185  0.134  83.207 0.6250000000
62958  22.371  -6.855  80.163 0.6250000000
66544  13.698  -2.289  81.903 0.6250000000
110969  13.512  -1.782  81.383 0.6250000000
71622  5.132  3.506  83.788 0.7500000000
70805  5.605  2.716  82.449 0.7500000000
70812  5.842  2.437  81.618 0.7500000000
109097  9.013  0.442  78.788 0.7500000000
66647  11.901  -3.093  69.683 0.7500000000
66634  11.623  -2.857  70.437 0.7500000000
66633  12.454  -2.568  70.188 0.7500000000
66666  13.089  -2.770  67.708 0.5000000000
68359  13.779  -0.743  68.414 0.5000000000
63917  43.169  -5.094  64.534 0.6250000000
64831  41.499  -3.936  65.421 0.5000000000
68381  13.455  -0.801  65.248 0.2500000000
73459  49.529  5.838  53.106 0.5000000000
72623  49.057  4.755  54.058 0.5000000000
73460  48.826  5.900  53.020 0.5000000000
72639  50.168  5.338  52.312 0.6250000000
72629  48.367  4.820  53.682 0.3750000000
72642  47.212  4.276  53.157 0.3750000000
72676  49.973  4.544  48.467 0.7500000000
71867  48.107  3.437  45.736 0.6250000000
72702  48.791  4.165  45.699 0.6250000000
60483  20.526  -9.386  80.877 0.7500000000
64734  17.012  -4.473  79.504 0.6250000000
65647  15.926  -3.563  79.566 0.6250000000
110938  21.346  -7.377  80.208 0.5000000000
125477  20.530  -6.150  80.407 0.5000000000
66562  17.479  -3.055  78.759 0.6250000000
67432  14.219  -2.006  80.108 0.6250000000
70803  11.445  2.457  82.738 0.6250000000
69935  11.845  1.706  81.789 0.6250000000
106517  10.625  3.039  83.605 0.6250000000
62959  21.532  -6.413  80.447 0.5000000000
64716  20.474  -4.757  80.355 0.6250000000
66546  21.431  -2.121  80.762 0.3750000000
67439  14.428  -1.843  79.089 0.6250000000
66564  15.148  -2.218  78.713 0.6250000000
69934  12.233  1.079  81.605 0.6250000000
71625  5.460  3.573  83.017 0.7500000000
66547  21.170  -2.073  81.241 0.5000000000
68265  21.428  -0.990  80.982 0.3750000000
121156  13.282  -0.583  79.380 0.6250000000
70820  7.244  2.341  80.973 0.7500000000
68291  10.505  0.081  77.123 0.7500000000
68292  9.671  -0.227  77.645 0.7500000000
69953  9.133  1.677  79.512 0.7500000000
68278  9.632  0.433  78.310 0.7500000000
110937  10.676  -0.843  75.644 0.7500000000
68317  11.301  -0.840  74.527 0.7500000000
66608  11.167  -2.549  72.102 0.7500000000
67517  11.904  -2.123  71.777 0.7500000000
67522  13.396  -1.164  70.020 0.5000000000
117087  13.605  -0.936  69.186 0.5000000000
68353  13.557  -0.318  69.611 0.5000000000
105768  13.627  0.972  67.779 0.3750000000
64847  43.514  -5.030  64.337 0.8750000000
69206  13.693  0.448  66.412 0.3750000000
70045  13.652  1.099  66.975 0.3750000000
72641  47.640  4.824  52.785 0.3750000000
72654  47.088  4.146  52.418 0.3750000000
72669  50.388  5.313  48.898 0.5000000000
114057  49.937  4.675  46.917 0.6250000000
72700  50.595  4.979  45.284 0.6250000000
72728  50.214  4.345  43.738 0.3750000000
71879  48.887  3.968  44.209 0.3750000000
71897  49.385  3.562  42.856 0.2500000000
71906  51.068  3.077  41.085 0.1250000000
71620  10.276  3.552  83.687 0.7500000000
109631  8.038  4.907  84.396 0.7500000000
64717  19.310  -5.009  79.934 0.6250000000
65644  18.816  -3.822  79.634 0.6250000000
66563  16.025  -2.451  78.438 0.6250000000
120962  16.863  -2.576  78.406 0.6250000000
71618  5.633  3.458  84.367 0.7500000000
113191  6.310  4.138  84.546 0.7500000000
65643  19.818  -3.398  80.367 0.6250000000
68277  13.711  -0.517  78.633 0.6250000000
67447  14.858  -1.506  78.388 0.6250000000
109371  4.909  4.066  84.070 0.7500000000
68255  20.789  -0.563  81.312 0.3750000000
118340  10.220  1.740  78.424 0.7500000000
70818  9.121  3.036  80.142 0.7500000000
71637  8.680  3.520  80.552 0.7500000000
72451  8.078  4.823  81.283 0.7500000000
70832  10.201  2.548  78.496 0.7500000000
111866  8.660  4.952  80.467 0.6250000000
68334  12.397  -0.552  72.529 0.6250000000
75216  49.866  7.427  51.503 0.5000000000
74317  50.237  6.866  51.937 0.5000000000
72682  50.508  5.150  47.096 0.7500000000
73501  50.932  5.812  47.361 0.5000000000
73578  53.039  5.250  40.293 0.1250000000
72449  11.052  3.701  81.339 0.6250000000
72435  6.957  4.868  84.461 0.7500000000
73258  7.511  5.576  84.355 0.7500000000
67443  18.187  -1.834  78.728 0.6250000000
67455  15.970  -1.184  77.711 0.6250000000
70817  11.801  2.196  81.112 0.6250000000
72436  4.936  4.830  84.197 0.7500000000
68275  15.287  -1.176  77.906 0.6250000000
69080  14.087  0.049  77.879 0.6250000000
73261  4.544  5.512  83.988 0.7500000000
67431  19.534  -1.024  80.748 0.6250000000
69952  12.380  1.636  79.313 0.6250000000
116012  4.677  4.987  83.724 0.7500000000
68261  19.687  -0.252  81.207 0.5000000000
70840  10.465  2.315  77.721 0.7500000000
71642  9.620  3.346  79.371 0.7500000000
72466  9.425  4.197  79.234 0.6250000000
75247  51.172  7.405  47.898 0.3750000000
74355  51.326  6.407  46.712 0.5000000000
107918  51.683  6.858  45.017 0.2500000000
74385  52.181  6.304  43.836 0.2500000000
71641  11.443  3.750  79.756 0.6250000000
73264  10.389  4.966  82.161 0.6250000000
73263  9.086  5.609  83.670 0.7500000000
67438  18.628  -1.220  79.805 0.6250000000
68268  17.731  0.006  78.785 0.6250000000
68274  17.413  -0.595  78.077 0.6250000000
112355  11.853  3.254  79.066 0.6250000000
71647  12.216  3.222  78.259 0.6250000000
68288  16.119  -0.499  77.580 0.6250000000
68287  16.750  -0.352  77.724 0.6250000000
68289  15.397  -0.616  77.645 0.6250000000
69091  14.442  0.537  77.472 0.6250000000
69960  13.230  1.196  77.917 0.6250000000
74096  4.755  6.223  84.093 0.7500000000
69067  18.529  0.572  80.420 0.6250000000
69068  17.931  0.692  79.524 0.6250000000
74097  4.520  6.030  83.851 0.7500000000
69060  19.293  0.479  81.196 0.6250000000
69056  19.550  1.093  81.465 0.3750000000
111645  4.631  6.225  83.619 0.7500000000
118610  4.915  7.171  83.279 0.7500000000
74108  6.679  6.573  81.861 0.6250000000
71649  10.256  3.055  77.983 0.7500000000
72467  9.096  4.984  79.010 0.6250000000
126364  8.332  5.901  80.108 0.6250000000
70859  10.721  2.545  74.867 0.6250000000
122664  12.071  1.093  72.520 0.6250000000
74336  48.535  6.983  50.119 0.2500000000
119006  51.377  7.709  47.229 0.3750000000
76169  51.917  8.550  41.307 0.3750000000
72457  10.705  4.979  80.459 0.6250000000
70839  13.338  2.288  77.170 0.6250000000
69978  13.960  1.892  76.889 0.6250000000
107733  12.649  2.841  77.528 0.6250000000
122153  11.543  4.005  79.120 0.6250000000
74966  6.568  7.173  84.330 0.7500000000
69958  17.566  1.565  79.276 0.6250000000
69088  17.184  0.178  78.030 0.6250000000
69079  16.893  0.799  77.951 0.6250000000
69959  17.016  1.439  78.322 0.6250000000
110924  15.039  0.637  77.241 0.6250000000
69089  16.342  0.278  77.566 0.6250000000
74967  5.787  7.857  84.176 0.7500000000
69941  18.733  1.368  81.207 0.6250000000
70814  18.545  2.148  81.308 0.6250000000
119864  5.303  7.801  82.544 0.6250000000
74113  8.000  6.280  80.518 0.6250000000
73299  8.797  5.362  77.387 0.6250000000
71679  9.797  3.841  74.959 0.6250000000
70877  10.496  2.796  71.810 0.5000000000
72548  9.197  4.623  69.636 0.5000000000
75248  48.395  8.246  48.126 0.3750000000
76151  51.567  8.910  44.471 0.3750000000
120260  51.735  9.463  42.904 0.3750000000
73272  10.444  5.394  81.297 0.6250000000
74100  9.522  6.395  82.675 0.6250000000
69967  15.293  1.422  76.917 0.6250000000
116638  16.350  2.880  77.613 0.5000000000
70845  15.186  2.325  76.623 0.6250000000
70847  13.919  2.610  76.644 0.6250000000
71666  12.692  3.653  76.785 0.6250000000
72479  12.159  4.421  77.095 0.6250000000
72480  11.717  4.493  77.894 0.6250000000
72471  11.461  4.585  78.739 0.6250000000
73282  11.145  5.184  79.063 0.6250000000
74973  9.161  7.152  82.622 0.6250000000
70830  17.143  2.083  78.709 0.5000000000
69966  16.234  1.221  77.476 0.6250000000
74968  5.040  7.713  83.897 0.7500000000
70822  17.699  2.786  80.387 0.5000000000
70829  17.389  2.467  79.444 0.5000000000
76688  5.782  10.128  84.286 0.6250000000
70815  18.041  2.864  81.207 0.5000000000
74981  5.805  7.785  81.657 0.6250000000
74980  6.601  7.244  81.385 0.6250000000
74986  7.051  7.312  80.738 0.5000000000
73309  8.037  5.333  76.151 0.6250000000
72500  9.289  4.355  75.445 0.6250000000
72493  8.737  4.860  75.867 0.6250000000
76975  49.940  10.139  48.764 0.3750000000
78762  51.297  12.187  42.978 0.3750000000
78778  51.286  12.295  41.332 0.3750000000
120487  51.398  11.485  40.041 0.3750000000
71673  13.776  4.057  75.966 0.5000000000
74117  10.426  6.325  79.681 0.6250000000
74985  9.794  7.507  80.497 0.6250000000
75853  8.918  7.895  82.208 0.6250000000
74974  8.684  7.624  83.092 0.6250000000
117974  16.129  3.718  77.326 0.5000000000
74124  10.944  6.229  78.204 0.6250000000
71646  16.542  3.773  78.492 0.5000000000
71639  17.090  3.487  79.665 0.5000000000
72470  16.434  4.631  78.796 0.5000000000
73308  11.710  5.870  76.686 0.5000000000
72462  16.823  4.458  80.385 0.5000000000
72463  16.418  5.230  79.605 0.3750000000
110728  4.972  9.284  82.713 0.6250000000
75860  4.996  9.144  81.577 0.5000000000
74992  6.712  7.502  80.149 0.5000000000
74126  6.677  6.980  78.603 0.5000000000
72502  7.674  5.099  74.729 0.6250000000
125121  7.504  4.826  74.002 0.6250000000
78755  51.217  11.592  44.739 0.3750000000
78763  51.103  12.255  43.274 0.3750000000
115946  15.670  5.088  76.732 0.3750000000
72498  13.718  4.778  75.722 0.5000000000
73317  12.972  5.491  75.602 0.5000000000
75006  10.467  7.686  78.265 0.5000000000
75862  9.488  8.278  80.609 0.5000000000
115022  7.373  10.438  84.008 0.6250000000
111119  16.039  5.214  77.469 0.3750000000
116735  15.100  6.171  76.349 0.3750000000
74151  14.032  6.800  75.465 0.3750000000
74142  12.010  6.195  76.004 0.5000000000
77504  6.574  10.815  84.215 0.5000000000
73296  16.030  5.964  77.977 0.3750000000
73285  16.212  5.983  78.910 0.3750000000
74141  14.765  6.791  76.066 0.3750000000
110404  12.602  7.022  75.450 0.3750000000
118190  11.442  8.153  76.202 0.2500000000
75027  11.660  7.451  75.938 0.3750000000
76697  4.819  10.337  83.107 0.5000000000
124836  4.979  11.038  83.666 0.5000000000
73276  16.583  5.880  81.026 0.3750000000
73311  6.360  5.730  75.962 0.5000000000
73320  6.287  5.789  75.141 0.5000000000
76695  9.049  9.497  81.034 0.5000000000
75867  9.997  8.657  79.373 0.5000000000
74122  16.223  6.697  79.276 0.3750000000
74997  15.824  7.315  77.990 0.3750000000
75015  15.101  7.505  76.400 0.2500000000
75897  13.254  8.418  75.171 0.2500000000
75878  10.512  8.444  77.751 0.3750000000
75877  11.096  8.291  77.023 0.3750000000
76706  10.278  9.367  79.016 0.5000000000
77509  5.421  11.787  83.608 0.5000000000
74116  16.355  6.675  80.089 0.3750000000
75871  15.932  8.048  78.235 0.3750000000
74990  16.332  7.426  79.714 0.3750000000
75888  14.872  8.458  76.025 0.2500000000
75896  14.071  8.453  75.366 0.2500000000
115294  12.882  9.069  75.282 0.2500000000
77553  12.085  10.127  75.898 0.2500000000
78420  5.295  12.122  82.851 0.5000000000
74983  16.503  7.362  80.584 0.3750000000
75873  4.661  8.912  78.454 0.5000000000
75000  4.782  8.078  77.923 0.5000000000
73321  5.438  5.893  74.921 0.5000000000
77511  8.860  10.338  81.570 0.5000000000
78417  7.601  12.054  82.737 0.5000000000
77525  10.436  10.152  78.638 0.3750000000
76715  10.837  9.178  77.279 0.3750000000
77519  10.103  10.117  79.374 0.5000000000
79304  6.388  12.655  82.426 0.5000000000
76723  15.075  9.414  76.133 0.2500000000
77552  12.671  10.254  75.704 0.2500000000
77530  11.260  10.573  76.923 0.3750000000
75875  16.178  8.894  78.313 0.2500000000
76711  4.779  9.548  78.872 0.5000000000
78434  5.428  11.164  79.718 0.5000000000
121187  4.779  6.902  74.996 0.5000000000
74162  4.988  6.306  74.635 0.5000000000
77514  9.418  11.016  80.588 0.5000000000
118748  9.729  10.926  79.672 0.5000000000
111778  8.962  12.293  81.617 0.5000000000
78448  11.172  11.125  77.453 0.2500000000
79303  7.095  13.089  81.986 0.5000000000
77539  14.700  10.284  75.848 0.1250000000
78465  13.575  10.852  75.640 0.1250000000
77540  12.210  10.766  76.034 0.2500000000
79307  7.125  13.306  81.291 0.5000000000
76712  16.491  9.730  78.497 0.1250000000
77528  16.563  10.455  77.727 0.1250000000
77538  15.366  10.833  76.436 0.1250000000
78454  15.870  11.617  76.665 0.1250000000
116017  14.680  11.044  75.981 0.1250000000
79301  9.186  12.993  81.389 0.5000000000
79302  8.178  13.057  81.766 0.5000000000
80032  7.777  13.942  81.440 0.5000000000
78447  12.171  11.869  76.994 0.1250000000
78439  11.212  11.879  77.985 0.2500000000
78457  13.268  11.543  76.089 0.1250000000
79328  14.085  12.965  76.857 0.1250000000
78446  16.630  11.384  77.361 0.1250000000
79338  14.503  12.372  76.455 0.1250000000
78455  14.989  11.654  76.316 0.1250000000
77555  7.530  9.898  75.728 0.5000000000
75908  5.529  8.341  74.444 0.5000000000
76738  7.618  9.541  75.099 0.5000000000
76760  7.311  9.122  73.867 0.5000000000
80695  8.506  14.384  81.222 0.5000000000
79330  12.520  12.535  77.382 0.1250000000
80056  12.969  13.058  78.011 0.1250000000
78438  17.314  11.171  78.282 0.1250000000
79337  16.387  12.259  77.131 0.1250000000
79327  15.883  13.079  77.175 0.1250000000
119971  7.110  12.489  80.049 0.5000000000
80699  8.469  14.561  80.683 0.5000000000
80055  14.536  13.522  77.461 0.1250000000
80043  14.154  14.130  78.303 0.2500000000
80044  13.320  13.681  78.366 0.2500000000
80723  14.942  14.125  77.850 0.1250000000
80054  15.328  13.701  77.436 0.1250000000
121099  20.022  12.779  78.581 0.1250000000
78436  19.360  11.629  79.446 0.2500000000
79315  20.707  12.694  78.256 0.1250000000
79316  20.201  12.079  78.509 0.1250000000
125795  20.549  14.092  78.371 0.1250000000
119947  22.245  13.410  77.136 0.1250000000
79336  20.828  12.477  76.955 0.1250000000
80039  21.041  14.039  78.231 0.1250000000
80059  23.007  13.667  76.435 0.1250000000
111412  21.207  12.557  75.941 0.1250000000
81330  10.123  15.438  79.288 0.2500000000
80717  8.952  15.257  78.901 0.2500000000
125478  14.389  14.791  78.648 0.2500000000
80702  13.045  15.363  79.262 0.1250000000
81335  18.742  15.272  78.454 0.1250000000
110951  19.647  14.812  78.531 0.1250000000
81334  20.163  15.513  78.700 0.1250000000
110608  9.636  11.919  75.971 0.3750000000
80049  22.607  14.095  77.189 0.1250000000
126277  21.735  12.607  75.184 0.1250000000
80063  23.177  13.649  75.274 0.1250000000
80731  23.181  14.423  74.706 0.1250000000
80066  23.087  13.689  74.264 0.1250000000
81340  12.083  16.202  78.694 0.1250000000
80715  13.893  14.949  78.906 0.2500000000
110533  15.013  16.395  79.636 0.1250000000
81325  15.864  16.220  79.569 0.1250000000
81336  18.008  15.760  78.598 0.1250000000
80061  10.287  14.410  76.183 0.2500000000
112908  9.988  13.966  76.690 0.2500000000
81975  20.817  16.264  79.059 0.1250000000
80709  21.565  14.914  78.153 0.1250000000
80719  22.463  15.055  77.429 0.1250000000
81349  23.016  15.113  76.157 0.1250000000
80065  9.792  12.850  74.354 0.3750000000
80068  22.839  13.741  73.322 0.1250000000
105101  22.127  13.119  71.940 0.1250000000
80736  22.616  14.286  72.842 0.1250000000
81970  14.439  16.842  79.582 0.1250000000
82634  13.973  17.360  79.229 0.1250000000
81969  15.592  16.714  79.787 0.1250000000
81323  17.623  16.265  78.978 0.1250000000
81967  17.272  16.850  79.385 0.1250000000
81351  10.712  15.899  75.565 0.2500000000
123593  21.245  16.782  79.086 0.1250000000
80064  10.206  14.089  75.323 0.2500000000
81980  22.305  16.078  77.327 0.1250000000
124564  21.933  16.999  78.088 0.1250000000
80737  22.050  14.856  73.203 0.1250000000
82631  17.541  17.623  79.635 0.1250000000
107170  19.533  17.918  79.303 0.1250000000
120023  21.196  17.870  78.976 0.1250000000
82644  20.921  17.089  76.969 0.1250000000
81353  20.399  15.132  74.659 0.1250000000
83934  14.177  19.305  79.632 0.1250000000
83283  14.270  18.244  79.374 0.1250000000
83281  16.845  18.242  79.955 0.1250000000
123516  10.764  17.218  74.884 0.2500000000
83280  18.034  18.621  79.703 0.1250000000
83279  18.939  18.483  79.452 0.1250000000
83278  19.753  18.883  79.122 0.1250000000
83936  20.045  19.903  78.688 0.1250000000
83930  19.867  19.888  78.993 0.1250000000
82640  20.422  18.652  77.897 0.1250000000
82646  19.132  17.721  76.673 0.1250000000
83925  14.870  19.967  81.171 0.1250000000
83926  17.385  20.322  79.739 0.1250000000
83931  19.151  20.420  79.138 0.1250000000
83310  8.899  18.237  74.455 0.2500000000
83938  19.970  19.686  78.247 0.1250000000
84657  12.626  20.083  78.162 0.1250000000
83951  10.346  19.790  75.969 0.2500000000
84630  15.345  20.622  81.009 0.1250000000
84631  14.625  20.865  80.964 0.1250000000
83961  9.831  19.462  75.412 0.2500000000
85352  16.560  21.517  79.702 0.1250000000
83302  8.356  18.821  75.007 0.2500000000
83962  8.845  19.509  75.432 0.2500000000
85360  18.213  21.591  78.867 0.1250000000
84652  19.577  20.511  78.469 0.1250000000
121028  16.008  21.950  79.827 0.1250000000
85369  18.191  21.742  78.877 0.1250000000
83304  5.995  18.192  75.751 0.2500000000
84645  11.531  21.017  78.564 0.2500000000
85349  12.475  21.893  81.147 0.1250000000
85347  14.158  21.667  81.026 0.1250000000
85979  14.649  22.339  80.495 0.1250000000
83955  5.976  19.404  76.904 0.2500000000
84655  17.091  20.843  77.452 0.1250000000
84661  7.334  20.636  77.646 0.2500000000
85984  15.952  22.392  79.600 0.1250000000
85998  17.299  21.989  78.755 0.1250000000
85999  15.884  22.653  79.037 0.1250000000
85375  16.800  21.670  77.993 0.1250000000
84663  5.507  20.684  78.158 0.2500000000
83946  16.821  19.882  76.817 0.1250000000
83958  14.940  19.404  75.859 0.1250000000
84672  4.436  19.605  76.608 0.2500000000
85994  15.570  22.766  79.529 0.1250000000
112768  4.509  20.611  75.993 0.2500000000
71880  48.383  3.804  44.969 0.6250000000
124051  14.438  -16.795  83.440 0.7500000000
111972  13.946  -16.308  83.305 0.7500000000
54158  13.857  -16.475  84.037 0.7500000000
48613  16.909  -22.857  82.737 0.5000000000
105608  7.440  -18.961  86.146 0.7500000000
51304  7.032  -19.507  85.924 0.6250000000
52194  7.525  -19.132  85.263 0.6250000000
51309  7.099  -19.759  84.667 0.6250000000
52182  10.273  -18.094  86.008 0.7500000000
121699  9.002  -18.830  86.478 0.6250000000
51317  7.502  -19.818  83.655 0.7500000000
106843  11.805  -16.776  85.539 0.7500000000
53168  10.676  -17.350  85.831 0.7500000000
51316  8.514  -19.461  83.260 0.6250000000
55094  13.479  -15.905  84.557 0.7500000000
53165  12.795  -16.743  85.218 0.7500000000
50416  7.461  -20.397  81.658 0.5000000000
54162  14.546  -16.799  82.728 0.8750000000
115620  8.075  -20.401  81.031 0.5000000000
54163  13.835  -16.339  82.370 0.7500000000
50437  8.182  -21.187  78.575 0.3750000000
50430  8.119  -20.910  79.456 0.3750000000
49513  8.235  -21.270  77.639 0.2500000000
47011  32.041  -23.916  76.393 0.6250000000
47853  31.520  -23.358  76.802 0.6250000000
48612  17.435  -22.957  83.100 0.5000000000
47810  17.484  -23.368  82.581 0.5000000000
48606  17.024  -22.177  83.105 0.6250000000
48607  16.399  -22.164  82.848 0.5000000000
49480  15.669  -21.622  82.526 0.6250000000
52185  7.746  -18.184  86.337 0.7500000000
52188  7.528  -18.205  86.110 0.7500000000
52193  7.775  -18.319  85.512 0.7500000000
52184  8.394  -18.164  86.577 0.7500000000
54152  10.603  -16.631  85.932 0.7500000000
52183  9.407  -18.136  86.452 0.7500000000
108209  8.252  -18.593  84.413 0.7500000000
53176  15.768  -17.594  83.359 0.7500000000
54150  12.281  -16.028  85.442 0.7500000000
54151  11.377  -16.154  85.649 0.7500000000
52201  8.068  -19.270  84.147 0.7500000000
54161  15.120  -17.296  83.075 0.8750000000
55095  12.865  -15.381  84.451 0.7500000000
124649  12.687  -15.296  84.937 0.7500000000
51323  8.791  -19.535  82.394 0.6250000000
54167  15.254  -17.278  82.289 0.8750000000
55102  13.253  -15.809  82.951 0.7500000000
55098  13.405  -15.838  83.897 0.7500000000
50422  8.930  -20.176  80.758 0.5000000000
54168  14.577  -16.756  81.844 0.8750000000
106383  8.932  -20.739  79.006 0.3750000000
50429  8.828  -20.413  79.807 0.5000000000
50454  9.522  -20.304  76.716 0.3750000000
50443  9.031  -20.938  77.189 0.3750000000
50463  9.404  -20.350  75.804 0.2500000000
50455  9.040  -20.980  76.261 0.2500000000
48605  17.797  -22.294  83.397 0.7500000000
47852  32.248  -23.245  76.204 0.7500000000
107214  17.416  -23.491  81.977 0.5000000000
48653  32.531  -22.506  75.978 0.7500000000
49479  16.411  -21.084  82.761 0.7500000000
124178  16.456  -20.306  82.862 0.7500000000
51313  16.480  -19.312  83.562 0.7500000000
53164  7.589  -17.432  86.162 0.7500000000
110507  16.667  -18.698  83.547 0.8750000000
54147  8.999  -16.371  86.506 0.7500000000
54148  8.066  -16.826  86.490 0.7500000000
53169  7.557  -17.542  85.861 0.7500000000
53175  16.717  -18.060  83.013 0.8750000000
55088  9.672  -15.452  86.353 0.7500000000
53162  8.748  -17.379  86.572 0.7500000000
53173  8.272  -17.638  84.664 0.7500000000
53181  16.053  -17.603  82.708 0.8750000000
55092  11.471  -15.310  85.568 0.7500000000
55087  10.601  -15.616  85.908 0.7500000000
52200  8.810  -18.975  83.504 0.7500000000
122815  15.261  -17.136  81.531 0.8750000000
55091  12.260  -15.292  85.240 0.7500000000
52209  9.464  -18.545  81.865 0.7500000000
125719  9.485  -19.672  79.613 0.5000000000
51332  9.503  -19.553  80.674 0.5000000000
113028  14.654  -16.774  80.882 0.8750000000
52229  9.831  -18.586  77.582 0.5000000000
51342  9.770  -19.448  78.088 0.5000000000
54169  13.713  -16.386  81.412 0.8750000000
51357  9.705  -19.459  76.221 0.3750000000
51346  9.863  -19.421  77.143 0.5000000000
51370  9.456  -19.702  74.434 0.2500000000
50472  9.364  -20.421  74.896 0.2500000000
47803  18.175  -23.286  83.099 0.7500000000
47817  17.981  -23.389  82.190 0.5000000000
48660  33.340  -22.396  75.485 0.7500000000
50402  17.089  -20.290  83.119 0.8750000000
50394  17.101  -19.563  83.488 0.8750000000
125412  17.088  -19.101  83.577 0.8750000000
54153  7.312  -16.711  86.031 0.7500000000
53174  17.407  -18.434  82.429 0.8750000000
116892  7.833  -16.028  86.386 0.7500000000
54149  7.414  -16.584  86.194 0.7500000000
53178  8.609  -17.330  83.547 0.7500000000
106513  15.968  -17.811  81.810 0.8750000000
117869  10.901  -14.757  85.704 0.7500000000
52205  9.293  -18.606  82.872 0.7500000000
56054  12.255  -14.849  84.853 0.7500000000
56055  11.508  -14.504  85.266 0.7500000000
55099  12.783  -15.164  83.501 0.7500000000
56060  12.084  -14.712  84.007 0.7500000000
52220  9.635  -18.515  79.349 0.6250000000
118865  9.611  -18.391  80.070 0.6250000000
55103  12.606  -15.144  82.474 0.7500000000
52237  9.840  -18.446  76.631 0.5000000000
52225  9.725  -18.591  78.478 0.5000000000
54174  13.501  -16.521  80.497 0.8750000000
55112  12.843  -16.022  80.997 0.8750000000
55107  13.064  -15.881  81.946 0.8750000000
52251  9.410  -18.936  74.826 0.3750000000
52245  9.611  -18.694  75.695 0.5000000000
51364  9.534  -19.586  75.317 0.3750000000
51379  9.311  -19.446  73.036 0.2500000000
49541  32.646  -21.080  75.667 0.7500000000
46974  18.379  -23.566  81.830 0.5000000000
47809  18.498  -23.219  82.179 0.5000000000
48604  18.543  -22.188  83.184 0.7500000000
50456  32.736  -20.208  74.825 0.7500000000
46967  18.965  -23.571  81.765 0.5000000000
49478  17.390  -21.269  83.309 0.8750000000
48652  32.928  -21.824  75.795 0.7500000000
106416  17.924  -20.422  83.401 0.8750000000
49540  33.372  -21.479  75.217 0.7500000000
51312  17.531  -19.288  83.133 0.8750000000
50465  33.325  -20.723  74.388 0.7500000000
47861  34.009  -22.330  75.154 0.7500000000
52196  17.720  -19.001  82.534 0.8750000000
54157  7.524  -16.149  85.266 0.7500000000
50475  33.865  -20.056  73.718 0.7500000000
117365  7.030  -15.724  86.241 0.7500000000
106710  6.943  -15.859  86.134 0.7500000000
54159  8.053  -16.826  84.363 0.7500000000
54164  8.278  -16.577  83.354 0.7500000000
53185  16.770  -18.227  81.722 0.8750000000
53180  16.785  -18.112  82.269 0.8750000000
56052  8.244  -14.300  86.343 0.7500000000
53183  8.888  -17.133  82.742 0.7500000000
56050  10.117  -14.488  86.144 0.7500000000
117008  8.311  -16.637  82.482 0.7500000000
111283  15.597  -17.403  81.005 0.8750000000
56061  11.513  -14.227  84.635 0.7500000000
53187  8.925  -17.174  81.770 0.7500000000
118768  9.350  -17.786  79.669 0.6250000000
53190  9.515  -17.798  80.506 0.6250000000
53207  9.681  -17.933  77.217 0.6250000000
53202  9.515  -17.866  77.941 0.6250000000
54173  14.016  -17.214  80.018 0.8750000000
55108  12.438  -15.276  81.444 0.8750000000
52246  9.194  -18.196  75.191 0.6250000000
118054  9.452  -17.762  76.697 0.6250000000
52252  8.982  -18.482  74.368 0.3750000000
55117  12.723  -16.034  80.088 0.8750000000
53249  8.421  -18.068  73.917 0.3750000000
52260  9.271  -19.170  73.961 0.2500000000
45155  22.894  -26.027  78.402 0.6250000000
47802  18.764  -22.861  82.746 0.7500000000
49477  18.285  -21.316  83.495 0.8750000000
112931  18.895  -23.964  81.632 0.5000000000
115402  18.230  -20.011  82.898 0.8750000000
52195  17.983  -19.349  82.114 0.8750000000
117599  33.444  -19.686  74.321 0.7500000000
52204  17.728  -18.891  82.233 0.8750000000
53179  17.405  -18.529  81.870 0.8750000000
56053  7.213  -14.359  86.208 0.7500000000
55096  6.737  -15.255  85.801 0.7500000000
54160  7.414  -16.188  84.180 0.7500000000
49565  34.591  -21.309  73.548 0.7500000000
53184  17.077  -18.597  81.313 0.8750000000
56898  9.308  -13.415  85.766 0.8750000000
56894  8.523  -13.520  86.138 0.7500000000
54165  7.467  -16.020  83.075 0.7500000000
49578  35.496  -21.733  72.664 0.5000000000
53188  16.481  -18.376  80.646 0.8750000000
107579  16.312  -18.037  81.198 0.8750000000
56896  10.911  -13.788  85.081 0.8750000000
56897  10.151  -13.547  85.377 0.8750000000
56057  9.949  -13.710  85.943 0.7500000000
117772  7.456  -16.445  82.166 0.7500000000
54170  8.001  -16.738  81.552 0.7500000000
53189  15.809  -17.864  80.511 0.8750000000
56900  10.947  -13.685  84.499 0.8750000000
56064  12.161  -14.219  83.001 0.7500000000
53191  8.668  -17.258  80.180 0.6250000000
104494  15.056  -17.405  80.283 0.8750000000
56068  11.928  -14.537  81.890 0.8750000000
53209  7.952  -17.086  77.694 0.6250000000
53198  8.674  -17.305  79.157 0.6250000000
53195  14.654  -17.606  79.507 0.8750000000
53217  8.774  -17.438  76.403 0.6250000000
53208  8.948  -17.462  77.292 0.6250000000
53196  13.790  -17.077  78.987 0.8750000000
55113  12.333  -15.335  80.497 0.8750000000
53238  8.541  -17.803  74.725 0.5000000000
53239  7.788  -17.554  74.302 0.5000000000
46084  22.655  -25.125  79.211 0.7500000000
45140  22.599  -25.211  78.935 0.7500000000
46098  21.690  -24.700  79.029 0.7500000000
45150  21.695  -24.758  78.683 0.5000000000
48611  19.415  -22.324  82.345 0.7500000000
49476  19.092  -21.245  83.197 0.8750000000
45156  22.379  -25.273  78.235 0.3750000000
46087  19.473  -24.471  80.215 0.5000000000
46080  19.170  -24.329  81.146 0.6250000000
47808  19.020  -23.016  81.920 0.6250000000
50400  18.724  -20.448  83.193 0.8750000000
45173  22.052  -25.549  76.380 0.3750000000
120457  19.775  -24.724  78.326 0.2500000000
51321  18.355  -20.013  82.139 0.8750000000
51311  17.997  -19.649  82.527 0.8750000000
51365  33.523  -18.937  74.441 0.8750000000
45174  20.976  -25.189  76.055 0.2500000000
46123  19.224  -24.966  77.586 0.2500000000
51373  34.113  -19.029  73.980 0.7500000000
45188  20.728  -25.432  75.043 0.2500000000
52203  18.057  -19.386  81.750 0.8750000000
107788  7.695  -13.659  84.855 0.7500000000
56062  7.313  -14.273  85.109 0.7500000000
51372  34.657  -19.555  73.507 0.7500000000
107317  34.548  -20.448  73.489 0.7500000000
117753  17.785  -18.959  81.700 0.8750000000
56903  8.480  -13.325  84.847 0.8750000000
56059  6.915  -14.114  86.065 0.7500000000
55097  7.074  -14.873  84.922 0.7500000000
55101  6.302  -15.112  83.999 0.7500000000
50474  35.153  -19.897  73.134 0.7500000000
52208  17.677  -18.979  81.473 0.8750000000
57858  9.946  -12.966  84.252 0.8750000000
112455  9.103  -13.332  85.217 0.8750000000
56899  8.344  -13.358  85.819 0.7500000000
55105  6.231  -15.552  83.111 0.7500000000
126796  35.771  -21.034  72.516 0.5000000000
113913  10.243  -12.729  83.428 0.8750000000
56901  10.365  -13.390  84.735 0.8750000000
54166  6.603  -16.098  82.273 0.7500000000
53193  15.926  -18.248  79.939 0.8750000000
56909  10.934  -13.076  83.201 0.8750000000
121327  11.505  -13.481  82.933 0.8750000000
53192  7.605  -16.704  80.594 0.7500000000
114241  15.370  -17.860  79.904 0.8750000000
56069  11.503  -13.720  82.216 0.8750000000
54175  8.583  -17.017  80.999 0.7500000000
53194  15.347  -18.063  79.132 0.8750000000
56071  11.915  -14.624  80.899 0.8750000000
53204  7.862  -16.994  78.562 0.6250000000
53199  7.573  -16.848  79.510 0.7500000000
106365  8.034  -17.074  76.857 0.6250000000
53200  14.480  -17.723  78.589 0.8750000000
55118  12.229  -15.366  79.634 0.8750000000
119509  7.812  -17.078  76.040 0.6250000000
53201  13.736  -17.299  78.041 0.8750000000
109770  13.098  -16.468  78.917 0.8750000000
54178  13.281  -16.564  79.624 0.8750000000
121538  7.060  -17.475  73.974 0.6250000000
53250  7.632  -17.829  73.571 0.5000000000
110825  22.836  -24.781  79.678 0.7500000000
46085  21.982  -24.682  79.203 0.7500000000
117644  21.219  -24.429  79.491 0.7500000000
46973  19.509  -24.062  81.369 0.6250000000
48603  19.098  -21.976  82.798 0.7500000000
50399  19.412  -20.503  82.743 0.8750000000
45157  21.471  -24.774  77.990 0.3750000000
46086  20.506  -24.393  79.654 0.5000000000
45165  21.231  -24.897  77.050 0.3750000000
45158  20.354  -24.704  77.760 0.3750000000
46100  19.842  -24.637  79.174 0.5000000000
119109  18.743  -20.121  82.419 0.8750000000
45166  20.101  -24.877  76.824 0.3750000000
119519  34.526  -18.340  74.026 0.7500000000
57860  7.683  -12.933  84.218 0.8750000000
56066  5.855  -14.624  83.491 0.7500000000
52212  17.645  -19.143  80.880 0.8750000000
57862  8.748  -12.452  83.819 0.8750000000
125766  5.827  -15.076  83.359 0.7500000000
51381  35.676  -19.452  72.900 0.7500000000
106817  9.953  -12.221  82.799 0.8750000000
57861  9.598  -12.520  83.622 0.8750000000
57859  9.314  -12.893  84.515 0.8750000000
55109  5.574  -15.876  82.244 0.7500000000
115526  36.095  -20.628  72.085 0.6250000000
52213  17.064  -18.894  80.717 0.8750000000
54172  6.134  -16.088  81.440 0.7500000000
54171  7.091  -16.289  81.397 0.7500000000
52218  16.631  -18.884  79.941 0.8750000000
56908  11.080  -12.998  82.441 0.8750000000
56072  11.506  -13.879  81.295 0.8750000000
54180  6.568  -16.358  79.263 0.7500000000
104826  6.555  -16.588  80.045 0.7500000000
52219  16.027  -18.520  79.294 0.8750000000
56076  11.548  -13.942  80.397 0.8750000000
121195  7.121  -16.534  78.768 0.7500000000
56075  11.818  -14.698  80.011 0.8750000000
53218  6.877  -16.742  76.310 0.7500000000
54189  6.220  -16.470  77.708 0.7500000000
53229  6.854  -16.937  75.455 0.6250000000
109267  14.334  -17.873  77.694 0.8750000000
54179  12.634  -16.005  79.264 0.8750000000
53241  6.128  -17.301  74.032 0.6250000000
53240  6.894  -17.243  74.635 0.6250000000
54182  13.173  -16.648  78.267 0.8750000000
53252  5.532  -17.484  73.325 0.5000000000
48634  23.239  -22.641  79.391 0.8750000000
46979  22.198  -24.267  79.888 0.7500000000
46980  21.452  -24.326  79.778 0.7500000000
46981  20.606  -24.212  80.110 0.7500000000
48622  19.695  -22.711  81.810 0.7500000000
49487  19.821  -21.242  82.682 0.8750000000
46079  19.923  -24.261  80.685 0.6250000000
118962  22.697  -21.982  77.721 0.8750000000
51320  19.049  -20.147  81.815 0.8750000000
119089  19.434  -20.259  82.163 0.8750000000
52202  18.558  -19.852  81.519 0.8750000000
53231  34.431  -17.862  74.180 0.7500000000
52211  18.046  -19.327  80.988 0.8750000000
52207  18.108  -19.382  81.418 0.8750000000
56067  5.562  -14.268  82.992 0.7500000000
52253  35.881  -18.720  74.093 0.7500000000
57863  7.981  -12.793  83.127 0.8750000000
55106  5.397  -15.133  82.759 0.7500000000
112468  36.027  -18.952  73.394 0.7500000000
122819  36.089  -19.823  72.330 0.7500000000
52217  17.582  -19.359  80.272 0.8750000000
57865  9.383  -12.187  82.803 0.8750000000
126539  4.861  -15.787  82.160 0.7500000000
51386  36.198  -19.262  72.124 0.7500000000
116655  35.916  -20.018  71.584 0.6250000000
52221  17.195  -19.321  79.446 0.8750000000
57870  10.675  -12.476  81.894 0.8750000000
50498  35.275  -20.490  70.714 0.3750000000
56915  11.308  -13.131  80.770 0.8750000000
52223  15.745  -18.607  78.552 0.8750000000
56078  11.783  -14.721  79.189 0.8750000000
56079  11.567  -13.965  79.573 0.8750000000
52224  15.011  -18.294  78.186 0.8750000000
54194  6.069  -16.428  76.781 0.7500000000
54190  5.634  -16.170  77.479 0.7500000000
53219  5.976  -16.660  75.798 0.7500000000
54195  5.459  -16.322  76.081 0.7500000000
122462  4.948  -16.903  74.532 0.7500000000
53206  13.715  -17.454  77.182 0.8750000000
54186  13.179  -16.821  77.465 0.8750000000
53253  4.580  -17.325  73.223 0.5000000000
48628  22.629  -22.542  80.051 0.8750000000
47823  22.470  -23.420  80.161 0.8750000000
47824  21.672  -23.670  80.342 0.7500000000
46971  20.835  -23.914  80.458 0.7500000000
112842  20.454  -23.595  81.079 0.7500000000
48621  20.480  -22.645  81.461 0.7500000000
49486  20.200  -21.856  82.089 0.8750000000
49504  22.725  -21.983  79.031 0.8750000000
48635  22.506  -21.868  79.666 0.8750000000
46972  20.131  -24.059  80.890 0.7500000000
46966  19.737  -23.530  81.523 0.7500000000
49522  22.326  -21.471  77.977 0.8750000000
49511  22.734  -21.999  78.374 0.8750000000
50410  19.983  -20.477  82.289 0.8750000000
51338  19.254  -20.293  78.767 0.8750000000
106951  19.889  -20.230  79.408 0.8750000000
51326  19.253  -20.079  81.359 0.8750000000
54204  34.214  -17.183  74.169 0.7500000000
124947  18.065  -19.574  77.901 0.8750000000
124696  18.532  -19.943  78.828 0.8750000000
105282  18.894  -20.233  79.503 0.8750000000
52254  35.252  -18.185  74.129 0.7500000000
51344  17.573  -19.486  77.916 0.8750000000
51339  18.047  -19.559  78.410 0.8750000000
51335  18.021  -19.643  79.341 0.8750000000
52215  18.700  -19.834  80.753 0.8750000000
57872  8.516  -11.771  82.150 0.8750000000
106262  17.107  -19.501  77.247 0.8750000000
51341  16.812  -19.300  78.016 0.8750000000
120761  18.149  -19.476  80.739 0.8750000000
110515  10.152  -12.005  82.131 0.8750000000
58783  9.727  -11.756  82.191 0.8750000000
51380  36.025  -19.119  72.627 0.7500000000
51345  16.254  -19.164  77.244 0.8750000000
52226  16.145  -19.008  78.093 0.8750000000
51340  17.361  -19.401  78.670 0.8750000000
55115  4.744  -15.995  80.805 0.7500000000
51393  35.130  -19.683  70.872 0.5000000000
52227  15.551  -18.745  77.715 0.8750000000
52222  16.541  -19.012  78.875 0.8750000000
57877  10.885  -12.427  81.111 0.8750000000
50499  34.911  -20.326  70.156 0.3750000000
51402  34.505  -19.849  70.185 0.2500000000
111086  5.492  -16.134  76.780 0.7500000000
53205  14.203  -18.066  76.835 0.8750000000
53230  5.249  -16.606  75.225 0.7500000000
109105  4.970  -16.234  75.518 0.7500000000
54192  13.176  -16.997  76.649 0.8750000000
54183  12.624  -16.034  78.504 0.8750000000
53242  5.046  -17.230  74.012 0.5000000000
54212  4.524  -16.944  73.907 0.7500000000
48629  21.925  -22.574  80.617 0.8750000000
47816  21.160  -23.126  80.916 0.8750000000
48620  21.250  -22.075  81.118 0.8750000000
49493  20.772  -21.493  81.638 0.8750000000
49512  22.285  -21.461  78.692 0.8750000000
124524  22.243  -21.481  79.260 0.8750000000
49505  21.893  -21.225  79.746 0.8750000000
49497  22.098  -21.726  80.311 0.8750000000
50449  21.927  -21.091  77.609 0.8750000000
111212  20.449  -20.915  82.155 0.8750000000
51333  20.340  -20.191  79.752 0.8750000000
119685  20.276  -20.462  81.890 0.8750000000
120180  18.603  -19.857  78.047 0.8750000000
115969  20.549  -20.297  79.222 0.8750000000
51334  19.425  -20.162  80.167 0.8750000000
51325  19.874  -20.132  81.103 0.8750000000
51319  19.788  -20.214  81.732 0.8750000000
51331  19.371  -20.051  80.847 0.8750000000
58791  8.788  -11.486  80.489 0.8750000000
54213  35.900  -17.039  74.214 0.7500000000
52216  18.441  -19.888  80.207 0.8750000000
58790  9.508  -11.488  80.837 0.8750000000
53243  35.886  -17.924  74.198 0.7500000000
58785  9.977  -11.539  81.127 0.8750000000
58786  9.582  -11.543  81.644 0.8750000000
53254  37.020  -18.025  73.056 0.7500000000
57886  10.599  -11.982  79.684 0.8750000000
57878  10.438  -11.893  80.649 0.8750000000
53265  36.421  -17.982  72.432 0.7500000000
52269  36.192  -18.677  71.923 0.7500000000
114238  11.120  -12.630  79.595 0.8750000000
52275  35.402  -18.758  71.235 0.5000000000
52235  15.493  -18.817  76.791 0.8750000000
56917  11.357  -13.211  79.957 0.8750000000
57885  10.969  -12.515  80.280 0.8750000000
52276  34.706  -18.967  70.614 0.3750000000
52286  33.931  -19.190  70.228 0.3750000000
52236  14.740  -18.596  76.385 0.8750000000
51403  33.806  -20.053  69.764 0.2500000000
53214  14.107  -18.252  75.992 0.8750000000
52228  14.916  -18.332  77.264 0.8750000000
56080  11.769  -14.742  78.365 0.8750000000
53215  13.644  -17.653  76.341 0.8750000000
55121  12.188  -15.390  78.828 0.8750000000
54187  12.683  -16.146  77.714 0.8750000000
108399  21.581  -21.689  80.727 0.8750000000
50438  21.879  -20.969  78.400 0.8750000000
50432  21.805  -21.019  79.107 0.8750000000
49498  21.334  -21.067  80.381 0.8750000000
49492  21.023  -21.281  81.039 0.8750000000
50440  21.011  -20.521  77.764 0.8750000000
50439  21.463  -20.652  78.100 0.8750000000
50433  21.357  -20.588  78.866 0.8750000000
50426  21.250  -20.622  79.667 0.8750000000
109113  20.839  -20.516  80.313 0.8750000000
50420  20.664  -20.730  80.878 0.8750000000
49485  20.597  -20.800  81.558 0.8750000000
51337  20.158  -20.289  78.667 0.8750000000
50434  20.882  -20.387  78.576 0.8750000000
50427  20.848  -20.331  79.340 0.8750000000
51329  20.646  -20.218  79.997 0.8750000000
50421  20.374  -20.281  80.685 0.8750000000
50415  20.256  -20.372  81.352 0.8750000000
50450  21.401  -20.865  77.268 0.8750000000
51330  20.063  -20.084  80.430 0.8750000000
50451  20.646  -20.619  76.970 0.8750000000
119206  17.974  -19.756  77.320 0.8750000000
112356  35.719  -16.057  74.042 0.8750000000
121385  9.930  -10.969  79.561 0.8750000000
58802  9.511  -11.123  80.011 0.8750000000
54221  36.386  -16.620  73.457 0.7500000000
51355  16.696  -19.444  76.596 0.8750000000
58789  10.066  -11.283  80.214 0.8750000000
54220  37.022  -17.228  72.891 0.7500000000
108757  35.787  -18.007  71.588 0.7500000000
51356  16.057  -19.252  76.279 0.8750000000
52243  15.338  -19.019  75.903 0.8750000000
57892  11.089  -12.357  78.913 0.8750000000
110935  35.008  -18.058  70.922 0.6250000000
56921  11.413  -13.179  79.197 0.8750000000
56081  11.574  -13.956  78.771 0.8750000000
51404  33.116  -19.339  69.855 0.2500000000
53226  13.696  -17.803  75.624 0.8750000000
55124  12.232  -15.437  78.009 0.8750000000
54193  12.747  -16.293  76.897 0.8750000000
50441  20.387  -20.365  77.849 0.8750000000
51343  19.521  -20.239  77.960 0.8750000000
51352  18.853  -20.129  77.241 0.8750000000
50459  20.395  -20.869  75.993 0.8750000000
58811  10.429  -11.031  78.443 0.8750000000
57893  10.347  -11.302  79.214 0.8750000000
53266  36.272  -17.276  71.958 0.7500000000
53272  35.490  -17.266  71.225 0.7500000000
52244  14.736  -18.590  75.547 0.8750000000
58810  10.813  -11.676  78.448 0.8750000000
52277  34.002  -18.130  70.546 0.5000000000
53225  14.149  -18.167  75.177 0.8750000000
113862  11.526  -13.084  77.572 0.8750000000
53282  33.063  -17.645  70.093 0.3750000000
53283  32.305  -17.660  69.652 0.2500000000
53237  13.610  -17.592  74.929 0.8750000000
56086  11.581  -13.948  77.929 0.8750000000
52287  33.301  -18.589  70.193 0.2500000000
52288  32.546  -18.462  69.860 0.2500000000
54201  13.193  -17.150  75.701 0.8750000000
56085  11.871  -14.753  77.492 0.8750000000
52299  31.797  -18.217  69.315 0.1250000000
50452  19.751  -20.332  77.126 0.8750000000
51353  18.263  -20.142  76.508 0.8750000000
113738  19.865  -20.615  76.432 0.8750000000
51354  17.394  -19.773  76.406 0.8750000000
50460  19.426  -20.732  75.634 0.8750000000
55156  36.264  -15.713  73.197 0.8750000000
114210  18.740  -20.550  75.044 0.8750000000
55155  36.736  -16.213  72.798 0.7500000000
54229  36.091  -16.532  71.464 0.7500000000
57899  11.278  -12.354  78.031 0.8750000000
53273  34.638  -17.255  70.685 0.6250000000
53274  33.829  -17.210  70.313 0.6250000000
57905  11.466  -12.347  77.207 0.8750000000
113709  13.101  -16.875  74.754 0.8750000000
56927  11.462  -13.118  78.408 0.8750000000
54236  33.446  -16.769  69.818 0.3750000000
56091  11.634  -13.888  76.946 0.8750000000
53292  32.036  -17.361  69.030 0.1250000000
54202  12.711  -16.371  75.411 0.8750000000
113971  12.812  -16.515  76.176 0.8750000000
55134  12.494  -15.710  76.153 0.8750000000
55127  12.408  -15.495  77.138 0.8750000000
56090  12.034  -14.831  76.569 0.8750000000
50453  19.089  -20.430  76.434 0.8750000000
56111  35.249  -14.552  73.507 0.8750000000
50461  18.533  -20.423  75.750 0.8750000000
51363  16.041  -19.186  75.327 0.8750000000
108572  15.461  -18.719  75.096 0.8750000000
109841  35.747  -15.300  73.596 0.8750000000
50462  17.911  -20.350  75.070 0.8750000000
50471  17.618  -20.183  74.321 0.8750000000
52250  14.913  -18.310  74.726 0.8750000000
55166  36.491  -15.684  71.883 0.7500000000
53236  14.294  -17.833  74.365 0.8750000000
58819  11.164  -11.706  77.590 0.8750000000
54234  35.265  -16.432  70.817 0.6250000000
56932  11.555  -12.988  76.847 0.8750000000
54241  32.661  -16.975  69.463 0.3750000000
54211  12.716  -16.095  74.611 0.8750000000
116937  12.484  -15.682  75.229 0.8750000000
51360  17.851  -20.149  75.844 0.8750000000
51362  16.665  -19.564  75.844 0.8750000000
114381  17.196  -20.052  74.770 0.8750000000
119318  36.049  -14.755  72.853 0.7500000000
51368  16.873  -19.718  74.022 0.8750000000
119372  36.549  -15.310  72.561 0.7500000000
55175  36.117  -15.738  70.853 0.6250000000
55176  35.019  -15.726  70.436 0.6250000000
54240  33.933  -16.253  69.496 0.6250000000
114327  33.293  -16.429  69.033 0.5000000000
54248  32.603  -16.689  68.561 0.1250000000
56939  11.545  -13.336  76.042 0.8750000000
54258  32.674  -16.610  67.522 0.1250000000
56098  11.712  -14.203  76.089 0.8750000000
56097  12.188  -14.882  75.547 0.8750000000
51361  17.243  -19.936  75.487 0.8750000000
122337  16.187  -19.202  74.522 0.8750000000
124590  15.847  -18.926  74.803 0.8750000000
124272  35.989  -14.010  72.735 0.7500000000
52257  16.144  -19.085  73.724 0.8750000000
56958  36.518  -14.049  72.373 0.7500000000
55174  36.817  -15.003  71.082 0.7500000000
56143  36.430  -15.035  70.472 0.7500000000
55187  34.594  -15.596  69.667 0.6250000000
54246  34.061  -16.018  68.715 0.5000000000
54247  33.340  -16.147  68.004 0.5000000000
110367  32.725  -16.662  66.757 0.1250000000
56938  11.815  -14.003  75.331 0.8750000000
51369  16.665  -19.612  74.983 0.8750000000
56133  37.176  -14.344  71.126 0.7500000000
56154  36.282  -14.747  69.802 0.6250000000
55186  35.563  -15.274  70.137 0.6250000000
55198  34.171  -15.869  67.949 0.5000000000
56110  12.411  -14.542  74.082 0.8750000000
54257  33.106  -16.212  67.068 0.1250000000
115291  12.239  -14.506  74.800 0.8750000000
54271  32.913  -16.355  66.294 0.2500000000
61457  44.832  -9.053  62.639 0.8750000000
61458  44.137  -9.098  62.551 0.8750000000
107293  45.470  -9.518  61.986 0.8750000000
62338  48.124  -7.803  53.312 0.6250000000
63166  48.475  -6.224  52.066 0.5000000000
55196  35.393  -15.028  69.304 0.6250000000
105762  35.412  -14.900  68.524 0.6250000000
55197  34.755  -15.427  68.446 0.5000000000
55210  33.744  -15.778  67.317 0.5000000000
116075  33.427  -15.839  66.661 0.3750000000
55221  33.425  -15.600  65.937 0.3750000000
56199  32.864  -15.184  65.127 0.3750000000
61438  43.604  -8.347  62.734 0.8750000000
108073  45.495  -8.578  62.030 0.8750000000
61437  44.203  -8.372  62.947 0.8750000000
62278  43.650  -7.620  63.044 0.8750000000
61456  46.144  -9.089  61.422 0.8750000000
61472  46.809  -8.840  60.528 0.8750000000
62305  47.313  -7.891  60.352 0.8750000000
61483  47.469  -8.494  59.787 0.8750000000
63165  49.590  -5.821  52.317 0.5000000000
64053  48.906  -5.417  51.843 0.5000000000
56164  35.177  -15.007  67.858 0.5000000000
56174  35.545  -14.390  67.575 0.6250000000
55209  34.489  -15.408  67.546 0.5000000000
56175  34.824  -14.763  67.178 0.5000000000
55220  34.092  -15.294  66.698 0.5000000000
56198  33.715  -14.877  65.406 0.3750000000
62277  44.268  -7.537  62.977 0.8750000000
61436  44.826  -8.150  62.679 0.8750000000
62292  45.387  -7.640  62.048 0.8750000000
62291  46.430  -7.903  61.292 0.8750000000
63115  46.946  -7.155  60.621 0.8750000000
62321  48.027  -7.741  59.367 0.8750000000
63128  48.350  -6.488  59.327 0.8750000000
62320  48.804  -7.089  58.660 0.8750000000
63984  49.039  -5.666  57.675 0.8750000000
105792  49.303  -6.308  58.020 0.8750000000
63132  49.383  -6.328  57.311 0.8750000000
64045  50.660  -5.320  52.685 0.7500000000
64054  47.846  -5.798  51.627 0.5000000000
64055  46.863  -6.049  51.360 0.5000000000
64063  46.353  -5.383  50.932 0.3750000000
64989  48.174  -4.952  51.477 0.5000000000
64062  47.205  -5.252  51.317 0.5000000000
56186  35.272  -14.076  66.848 0.5000000000
56197  34.325  -14.346  65.648 0.3750000000
57043  34.742  -13.782  65.202 0.3750000000
63087  44.413  -6.669  62.896 0.8750000000
63088  43.822  -6.811  63.189 0.8750000000
63077  43.958  -6.080  63.574 0.8750000000
62276  44.793  -7.392  62.634 0.8750000000
63950  45.368  -5.985  61.547 0.8750000000
64813  9.289  -4.449  68.242 0.6250000000
64823  9.494  -4.901  67.413 0.6250000000
63102  45.783  -6.907  61.484 0.8750000000
113352  46.214  -6.237  61.099 0.8750000000
64886  46.055  -4.258  61.151 0.7500000000
65748  10.686  -3.713  68.572 0.6250000000
64812  10.111  -4.243  68.014 0.6250000000
63949  46.400  -5.237  60.932 0.8750000000
64899  47.107  -3.996  60.464 0.8750000000
65768  11.006  -4.067  67.827 0.6250000000
63101  46.496  -6.876  61.020 0.8750000000
63968  46.984  -6.165  60.545 0.8750000000
125919  47.726  -4.161  59.878 0.8750000000
64898  47.688  -3.429  59.881 0.7500000000
65852  47.738  -3.396  59.422 0.7500000000
63967  47.845  -5.773  59.809 0.8750000000
63981  48.480  -5.412  59.090 0.8750000000
64905  48.316  -4.609  58.890 0.7500000000
64907  48.058  -3.978  58.834 0.7500000000
63985  48.483  -5.281  57.865 0.8750000000
63982  48.292  -4.730  58.445 0.7500000000
64022  49.617  -5.514  54.677 0.7500000000
63144  49.316  -6.414  55.978 0.7500000000
63139  48.707  -6.318  56.722 0.7500000000
63133  48.968  -5.930  57.361 0.7500000000
64023  48.356  -5.573  54.445 0.7500000000
64010  48.877  -5.980  55.208 0.7500000000
106364  47.853  -5.936  55.050 0.7500000000
64978  50.823  -4.524  52.808 0.7500000000
64052  49.899  -4.970  52.359 0.7500000000
64988  49.290  -4.587  51.790 0.6250000000
64024  47.084  -5.682  54.375 0.7500000000
64992  47.371  -4.546  51.159 0.3750000000
124478  46.815  -4.873  51.097 0.3750000000
114197  44.782  -6.174  62.439 0.8750000000
63934  44.348  -5.842  63.090 0.7500000000
63933  44.770  -5.441  62.152 0.7500000000
65803  39.648  -3.738  65.053 0.3750000000
65839  46.537  -3.276  60.802 0.7500000000
65787  39.110  -3.725  65.820 0.2500000000
65788  38.001  -3.484  65.688 0.2500000000
64830  9.891  -5.065  66.763 0.6250000000
66709  47.071  -2.297  59.841 0.5000000000
66710  46.086  -2.098  59.793 0.2500000000
65804  38.634  -3.805  64.938 0.2500000000
65805  37.701  -3.791  64.787 0.2500000000
65847  47.352  -2.886  60.278 0.7500000000
65846  47.548  -2.779  59.855 0.6250000000
65854  46.449  -2.822  59.333 0.5000000000
65817  38.209  -3.879  64.102 0.2500000000
65862  46.834  -3.409  58.857 0.5000000000
66721  45.392  -2.761  59.216 0.2500000000
66723  43.340  -2.823  59.257 0.2500000000
65767  11.922  -3.926  67.621 0.5000000000
65783  12.122  -4.081  66.766 0.5000000000
64919  47.830  -4.623  58.254 0.7500000000
64920  46.769  -4.750  58.056 0.7500000000
64910  45.122  -4.294  58.468 0.2500000000
117319  42.806  -3.585  58.772 0.2500000000
65856  41.433  -3.218  59.033 0.1250000000
65857  40.714  -3.119  59.056 0.1250000000
63145  48.183  -6.293  55.814 0.7500000000
63140  47.497  -6.296  56.612 0.7500000000
63134  48.298  -5.963  57.378 0.7500000000
64911  44.149  -4.304  58.420 0.2500000000
66716  39.487  -2.327  59.541 0.1250000000
66724  39.005  -2.971  59.056 0.1250000000
63997  46.591  -6.143  57.020 0.7500000000
63988  45.093  -5.594  57.454 0.7500000000
64923  43.672  -4.953  57.980 0.3750000000
118755  43.272  -4.282  58.394 0.2500000000
65866  41.911  -3.690  58.689 0.2500000000
65867  41.085  -3.713  58.607 0.2500000000
65869  39.434  -3.554  58.564 0.1250000000
65870  38.580  -3.548  58.506 0.1250000000
64039  47.904  -5.126  53.804 0.7500000000
120354  47.108  -6.191  55.463 0.7500000000
105332  46.327  -6.263  56.150 0.7500000000
63998  45.643  -6.129  56.847 0.7500000000
63990  43.094  -5.271  57.256 0.3750000000
64924  42.281  -4.949  57.751 0.3750000000
64913  41.532  -4.434  58.184 0.3750000000
65868  40.270  -3.617  58.586 0.1250000000
65871  37.574  -3.711  58.323 0.1250000000
65872  36.615  -3.376  58.408 0.1250000000
64987  50.047  -4.294  52.496 0.7500000000
64011  45.325  -6.011  55.788 0.7500000000
63999  44.689  -5.799  56.544 0.7500000000
64925  41.475  -5.057  57.501 0.3750000000
122858  40.922  -4.719  57.789 0.2500000000
64926  40.245  -4.696  57.730 0.2500000000
64928  38.631  -4.578  57.564 0.1250000000
65933  48.426  -4.028  51.343 0.7500000000
64000  43.728  -5.506  56.237 0.6250000000
64001  42.764  -5.453  56.288 0.3750000000
117196  41.273  -5.413  56.801 0.3750000000
63992  40.704  -5.141  57.311 0.2500000000
64927  39.450  -4.650  57.641 0.2500000000
126587  37.183  -4.307  57.743 0.1250000000
64993  46.552  -4.466  50.626 0.3750000000
64996  45.951  -4.200  49.824 0.3750000000
63993  39.907  -5.146  57.193 0.1250000000
63994  39.059  -5.131  57.063 0.1250000000
64929  37.838  -4.434  57.637 0.1250000000
64997  45.245  -4.643  49.663 0.2500000000
64016  40.160  -5.473  55.781 0.2500000000
64004  39.603  -5.361  56.456 0.1250000000
106424  20.645  -5.957  77.977 0.3750000000
62992  20.092  -6.666  77.211 0.2500000000
63839  19.888  -5.889  76.821 0.2500000000
124818  20.114  -5.320  77.198 0.2500000000
121508  19.760  -5.137  76.417 0.1250000000
64754  19.748  -4.356  76.157 0.1250000000
64868  44.339  -5.079  62.945 0.7500000000
64846  43.920  -4.651  63.629 0.7500000000
116134  43.492  -4.546  64.348 0.5000000000
65785  40.905  -3.537  65.769 0.3750000000
65770  40.437  -3.348  66.422 0.3750000000
64867  44.856  -4.445  61.680 0.7500000000
65786  40.047  -3.771  65.896 0.3750000000
65771  39.645  -3.470  66.568 0.2500000000
65750  39.426  -3.241  67.380 0.2500000000
64887  45.317  -5.080  61.318 0.7500000000
123291  45.674  -3.590  61.270 0.7500000000
66700  46.681  -2.373  60.526 0.5000000000
67582  46.170  -0.466  60.599 0.3750000000
68403  45.939  0.230  60.757 0.1250000000
65772  38.687  -3.321  66.559 0.2500000000
65773  37.733  -3.034  66.584 0.2500000000
65774  36.679  -3.101  66.756 0.2500000000
67578  46.434  -1.748  60.436 0.3750000000
68410  45.748  -0.357  60.339 0.1250000000
68412  44.165  -0.237  60.351 0.1250000000
118489  42.096  -0.466  60.134 0.1250000000
68414  41.264  -0.642  60.198 0.1250000000
65775  35.684  -3.251  66.623 0.2500000000
66711  45.132  -1.921  59.583 0.1250000000
66713  42.923  -2.055  59.672 0.1250000000
110970  41.753  -1.223  60.008 0.1250000000
68415  40.464  -0.785  60.218 0.1250000000
66712  44.032  -1.971  59.629 0.1250000000
109177  41.933  -2.016  59.814 0.1250000000
67587  41.001  -1.639  59.947 0.1250000000
68416  39.664  -0.564  60.208 0.1250000000
65855  42.216  -2.878  59.281 0.1250000000
66715  40.379  -2.421  59.541 0.1250000000
113995  40.007  -1.568  59.969 0.1250000000
66717  38.617  -2.221  59.465 0.1250000000
66725  38.112  -2.917  58.961 0.1250000000
65798  12.654  -3.419  65.373 0.3750000000
66726  37.212  -2.755  58.832 0.1250000000
66727  36.387  -2.528  58.690 0.1250000000
107457  46.091  -5.982  55.036 0.7500000000
105764  49.668  -3.820  51.985 0.7500000000
64040  45.922  -5.376  54.154 0.7500000000
64012  44.504  -5.707  55.507 0.7500000000
65878  36.789  -3.989  58.022 0.1250000000
65873  35.700  -3.156  58.354 0.1250000000
64025  45.166  -5.676  54.788 0.7500000000
64013  43.736  -5.646  55.171 0.7500000000
107458  43.154  -5.560  55.590 0.3750000000
64002  41.886  -5.515  56.138 0.3750000000
65879  36.091  -3.955  57.949 0.1250000000
65874  34.799  -3.280  58.169 0.1250000000
65936  47.307  -3.794  50.826 0.5000000000
65937  46.551  -3.594  50.115 0.3750000000
65880  35.238  -3.956  57.826 0.1250000000
65881  34.346  -4.008  57.727 0.1250000000
65882  33.526  -3.885  57.551 0.1250000000
65939  45.949  -3.386  49.431 0.3750000000
65940  45.242  -3.798  49.436 0.2500000000
64014  42.443  -5.582  55.439 0.3750000000
64015  41.585  -5.548  55.263 0.3750000000
110190  41.008  -5.543  55.978 0.3750000000
112054  45.343  -3.162  48.904 0.2500000000
115472  40.717  -5.480  55.099 0.3750000000
67672  46.522  -1.436  48.455 0.3750000000
66834  45.844  -1.784  48.099 0.3750000000
67677  46.261  -1.090  47.680 0.3750000000
68488  47.448  -0.220  48.543 0.5000000000
68489  46.839  -0.656  48.103 0.3750000000
68496  47.150  0.137  47.674 0.3750000000
68497  46.610  -0.301  47.250 0.3750000000
110403  47.342  0.917  47.296 0.3750000000
69371  47.030  1.210  46.550 0.3750000000
70239  47.167  1.837  46.339 0.3750000000
69381  46.335  0.856  45.452 0.1250000000
69395  45.856  1.146  43.896 0.1250000000
69398  45.742  1.246  42.995 0.1250000000
69396  45.488  0.552  43.403 0.1250000000
108096  45.196  -0.160  40.860 0.1250000000
67741  45.803  -1.151  39.645 0.1250000000
67740  46.543  -1.439  39.430 0.1250000000
68548  47.202  -0.823  39.132 0.1250000000
62968  22.546  -6.139  80.093 0.5000000000
62974  22.369  -6.393  79.641 0.3750000000
62975  21.512  -6.633  78.805 0.3750000000
63821  21.325  -5.283  78.809 0.3750000000
64743  21.117  -4.376  78.540 0.2500000000
63830  20.589  -4.975  77.814 0.3750000000
64748  20.500  -4.257  77.575 0.2500000000
65659  20.128  -3.767  76.812 0.2500000000
64753  20.090  -4.627  76.984 0.2500000000
65660  19.734  -3.591  75.909 0.1250000000
126481  19.907  -3.141  76.343 0.1250000000
108261  19.548  -4.928  75.556 0.1250000000
64760  19.572  -4.129  75.322 0.1250000000
110871  42.960  -2.284  63.652 0.5000000000
66678  42.936  -3.235  64.460 0.5000000000
66674  41.932  -2.862  65.518 0.3750000000
66667  41.188  -2.376  66.530 0.3750000000
66668  40.801  -2.745  66.876 0.3750000000
65833  44.006  -3.600  62.599 0.6250000000
65815  43.613  -3.853  63.669 0.5000000000
122021  41.638  -3.368  65.716 0.3750000000
65769  41.128  -3.139  66.148 0.3750000000
66657  40.666  -2.338  67.603 0.3750000000
66658  40.094  -2.932  68.100 0.2500000000
113916  44.294  -4.268  62.471 0.7500000000
66690  45.593  -2.024  61.385 0.5000000000
66669  40.194  -3.114  67.206 0.3750000000
66659  39.254  -3.073  68.250 0.1250000000
65751  38.445  -3.019  67.368 0.1250000000
65832  44.919  -3.303  61.704 0.6250000000
65840  46.064  -2.682  61.125 0.7500000000
109476  46.230  -1.082  61.227 0.5000000000
69261  45.596  0.685  61.107 0.2500000000
112243  45.460  0.667  60.884 0.1250000000
65752  37.457  -2.992  67.557 0.2500000000
110771  36.608  -2.945  67.577 0.2500000000
68411  45.232  0.035  60.469 0.1250000000
68405  43.582  0.483  60.673 0.1250000000
68406  42.540  0.350  60.526 0.1250000000
106678  35.948  -2.853  67.330 0.1250000000
118571  40.726  -0.007  60.456 0.1250000000
120165  38.862  -0.620  59.969 0.1250000000
68417  38.131  -0.007  59.616 0.1250000000
67589  38.340  -1.279  59.615 0.1250000000
67590  37.580  -1.055  59.355 0.1250000000
67591  36.969  -0.683  59.124 0.1250000000
112479  12.921  -2.811  64.886 0.3750000000
66718  37.760  -2.048  59.306 0.1250000000
67592  36.905  -1.730  59.029 0.1250000000
67593  36.333  -1.034  58.836 0.1250000000
66680  13.238  -2.124  64.799 0.3750000000
124216  36.203  -1.797  58.767 0.1250000000
67594  35.659  -1.376  58.676 0.1250000000
68421  34.894  -0.813  58.598 0.1250000000
65921  50.490  -3.635  52.872 0.7500000000
66729  34.460  -2.512  58.391 0.1250000000
67595  34.212  -1.630  58.555 0.1250000000
64968  46.758  -4.977  53.636 0.6250000000
64041  44.957  -5.186  54.011 0.7500000000
64026  44.354  -5.492  54.585 0.5000000000
66730  33.649  -2.352  58.343 0.1250000000
65935  48.028  -3.180  51.055 0.6250000000
66807  47.193  -2.953  50.422 0.3750000000
64969  45.643  -4.601  53.573 0.5000000000
107456  43.013  -5.636  54.859 0.5000000000
65875  33.976  -3.217  58.048 0.1250000000
66815  46.525  -2.684  49.565 0.3750000000
64970  44.615  -4.564  53.620 0.5000000000
64971  43.768  -4.444  53.610 0.5000000000
123154  42.924  -5.336  54.256 0.5000000000
105731  42.204  -5.419  54.526 0.3750000000
65945  45.917  -2.788  49.003 0.3750000000
64043  43.292  -4.978  53.874 0.5000000000
64028  41.254  -5.268  54.455 0.2500000000
118580  40.429  -5.124  54.341 0.2500000000
66823  46.211  -2.186  48.768 0.3750000000
66824  45.541  -2.512  48.436 0.3750000000
107030  42.857  -4.251  53.557 0.5000000000
64953  41.731  -4.903  53.887 0.2500000000
69359  47.607  0.609  48.155 0.5000000000
119841  47.734  1.376  47.823 0.6250000000
70233  47.482  1.670  47.024 0.6250000000
116883  46.503  1.355  45.375 0.1250000000
110048  46.861  1.860  45.679 0.2500000000
70248  46.615  1.714  44.983 0.2500000000
70260  46.321  1.689  44.272 0.1250000000
70267  45.776  1.264  41.983 0.1250000000
121590  45.968  0.227  40.346 0.1250000000
68549  46.280  -0.589  39.630 0.1250000000
64714  22.155  -5.026  80.423 0.3750000000
63811  22.407  -5.519  80.199 0.3750000000
65635  21.890  -3.805  80.215 0.3750000000
63820  22.395  -5.552  79.775 0.2500000000
64730  22.277  -4.612  80.139 0.2500000000
123570  22.131  -3.982  80.015 0.2500000000
64742  21.907  -4.771  79.450 0.2500000000
65650  21.291  -3.684  78.832 0.2500000000
123566  21.365  -2.813  79.353 0.2500000000
113497  21.123  -3.024  78.751 0.2500000000
66571  20.223  -2.938  77.048 0.2500000000
66567  20.538  -2.612  77.982 0.2500000000
121128  19.722  -2.895  75.676 0.1250000000
66572  19.841  -2.483  76.325 0.2500000000
65666  19.608  -3.361  75.114 0.1250000000
66578  19.605  -2.635  74.891 0.1250000000
68367  41.395  -0.355  66.286 0.2500000000
114324  41.360  -0.882  66.962 0.2500000000
68368  41.120  0.001  66.881 0.1250000000
67537  40.949  -0.983  67.649 0.1250000000
68360  40.263  -0.435  68.245 0.1250000000
67554  43.203  -1.137  63.743 0.3750000000
118434  42.657  -0.881  64.374 0.3750000000
68375  41.642  -0.474  65.674 0.3750000000
67544  41.380  -1.438  66.313 0.3750000000
67531  39.897  -1.218  68.963 0.1250000000
68355  39.289  -0.581  69.422 0.1250000000
66683  43.759  -2.742  62.773 0.5000000000
66684  43.307  -3.017  63.650 0.5000000000
67555  42.466  -2.151  64.132 0.5000000000
67551  41.586  -1.660  65.435 0.3750000000
67545  41.217  -1.827  67.107 0.3750000000
67538  40.459  -1.883  68.409 0.1250000000
67532  39.348  -1.802  69.435 0.1250000000
66639  38.673  -2.297  69.752 0.1250000000
66652  38.183  -3.041  69.192 0.1250000000
65716  37.236  -3.067  69.300 0.1250000000
67562  44.551  -0.650  62.418 0.3750000000
66691  44.561  -2.429  61.999 0.5000000000
67569  45.295  -1.116  61.725 0.5000000000
65735  38.318  -3.000  68.266 0.1250000000
68392  45.874  0.451  61.074 0.5000000000
69262  44.936  1.249  61.496 0.2500000000
69275  44.038  1.185  61.088 0.2500000000
65736  37.604  -3.075  68.505 0.1250000000
115188  36.888  -3.118  68.331 0.1250000000
65754  35.344  -2.832  67.915 0.1250000000
69277  42.044  0.981  60.908 0.2500000000
109983  39.997  1.198  60.805 0.1250000000
69282  39.253  1.221  60.442 0.1250000000
68408  39.975  0.458  60.498 0.1250000000
69283  38.587  1.182  59.929 0.1250000000
117724  39.067  0.310  60.178 0.1250000000
114275  37.802  1.236  59.557 0.1250000000
124820  37.451  -0.372  59.337 0.1250000000
65932  49.877  -3.161  52.270 0.7500000000
110131  49.103  -3.240  51.495 0.7500000000
65907  46.643  -4.111  53.289 0.5000000000
67596  33.345  -1.478  58.517 0.1250000000
67597  32.499  -1.301  58.371 0.1250000000
66806  47.914  -2.385  50.708 0.6250000000
65924  45.771  -3.056  52.844 0.5000000000
65908  45.758  -3.716  53.193 0.5000000000
115533  45.020  -4.015  53.348 0.5000000000
66814  47.227  -2.090  50.026 0.5000000000
66761  44.915  -3.219  53.023 0.5000000000
65909  44.281  -3.841  53.359 0.5000000000
67666  46.833  -1.796  49.213 0.3750000000
107222  43.948  -2.995  53.140 0.5000000000
65910  43.445  -3.626  53.380 0.5000000000
67671  47.158  -1.024  48.871 0.5000000000
105089  47.344  2.402  46.030 0.5000000000
70259  46.804  2.173  44.519 0.1250000000
70264  46.204  1.793  43.439 0.1250000000
70266  46.235  1.837  42.494 0.1250000000
110797  21.810  -4.150  80.396 0.5000000000
66560  21.549  -2.598  79.938 0.2500000000
116250  21.432  -1.947  80.039 0.2500000000
67442  20.597  -1.358  78.621 0.2500000000
104523  20.491  -1.901  78.063 0.2500000000
67462  19.703  -1.648  76.222 0.2500000000
67461  20.099  -2.019  77.154 0.2500000000
110169  19.648  -2.145  75.499 0.1250000000
68354  39.538  0.123  68.668 0.1250000000
64768  19.474  -3.890  74.526 0.1250000000
67474  19.545  -1.314  75.367 0.1250000000
69180  40.514  0.364  67.392 0.1250000000
65673  19.539  -3.141  74.355 0.1250000000
113044  41.505  0.143  65.627 0.1250000000
113024  38.802  0.632  69.163 0.1250000000
68374  42.093  -0.623  64.993 0.3750000000
68349  38.647  -0.088  69.780 0.1250000000
67563  43.665  -1.656  63.050 0.5000000000
68387  43.883  -0.105  63.078 0.3750000000
66640  37.950  -2.785  70.083 0.1250000000
69233  43.560  1.038  63.161 0.3750000000
69249  44.132  1.623  62.396 0.2500000000
65717  36.602  -3.030  69.771 0.1250000000
68393  45.266  0.207  61.660 0.3750000000
70100  44.529  1.683  62.012 0.2500000000
70102  43.580  1.707  62.547 0.2500000000
70138  40.050  1.453  61.146 0.1250000000
70123  39.312  1.771  61.276 0.1250000000
69276  43.103  1.134  61.027 0.2500000000
69265  41.590  1.198  61.330 0.2500000000
69266  40.671  1.147  61.162 0.2500000000
119013  39.338  1.616  60.677 0.1250000000
106197  38.736  2.023  60.676 0.1250000000
66758  50.476  -2.650  53.064 0.7500000000
108560  50.411  -2.623  52.749 0.7500000000
123892  48.652  -2.640  51.228 0.7500000000
66782  46.285  -2.530  52.798 0.5000000000
67665  47.466  -1.332  49.626 0.5000000000
69352  48.059  0.341  49.103 0.5000000000
70232  47.927  2.122  47.675 0.6250000000
71055  47.692  2.435  46.831 0.5000000000
71061  47.830  3.002  46.328 0.5000000000
71070  47.169  2.416  45.182 0.1250000000
71090  46.714  2.311  43.799 0.1250000000
71094  46.692  2.411  42.901 0.1250000000
70269  46.442  1.715  41.561 0.1250000000
69401  46.107  1.095  41.021 0.1250000000
67452  20.242  -1.289  77.701 0.2500000000
68285  20.344  -0.774  78.213 0.2500000000
67453  19.794  -1.122  76.912 0.2500000000
110009  19.545  -0.803  76.089 0.2500000000
106564  19.601  -1.825  74.557 0.1250000000
69193  41.127  0.370  65.977 0.1250000000
69181  39.750  0.813  67.807 0.1250000000
123290  19.527  -1.034  74.646 0.1250000000
68380  42.622  0.191  64.462 0.3750000000
69207  42.014  0.414  65.032 0.1250000000
69208  41.356  0.386  65.107 0.1250000000
69194  40.595  0.756  66.437 0.1250000000
67524  38.824  -1.146  69.979 0.1250000000
69220  42.948  0.793  63.831 0.3750000000
69209  40.730  0.643  65.484 0.1250000000
67525  38.189  -1.636  70.415 0.1250000000
68379  43.239  0.040  63.891 0.3750000000
70060  41.199  0.588  64.602 0.1250000000
70075  40.585  0.809  64.174 0.1250000000
70074  42.350  1.063  63.758 0.2500000000
105201  41.622  0.956  63.904 0.2500000000
65718  35.854  -3.159  69.845 0.1250000000
70086  43.017  1.548  63.103 0.2500000000
70088  41.182  1.196  63.343 0.2500000000
70104  40.665  1.323  62.577 0.1250000000
107288  39.220  1.617  62.176 0.1250000000
70121  42.201  1.506  61.875 0.2500000000
70122  40.995  1.253  61.719 0.1250000000
66796  50.204  -1.978  52.493 0.7500000000
105431  50.260  -2.198  53.313 0.7500000000
66797  49.589  -2.480  51.836 0.7500000000
66805  48.787  -1.865  51.108 0.7500000000
67657  47.949  -1.590  50.343 0.5000000000
120670  48.043  -0.955  49.964 0.5000000000
68482  47.767  -0.577  49.350 0.5000000000
124992  48.004  1.053  48.536 0.6250000000
71054  48.282  2.838  47.590 0.6250000000
71048  48.497  2.478  48.396 0.6250000000
71069  47.589  2.870  45.695 0.2500000000
71082  47.357  2.824  44.220 0.1250000000
69059  20.673  0.511  80.864 0.3750000000
69065  20.521  0.352  79.785 0.2500000000
114983  20.865  -0.150  80.386 0.2500000000
68350  38.047  -0.300  70.350 0.1250000000
68299  19.601  -0.322  76.801 0.2500000000
69152  37.932  0.808  69.710 0.1250000000
69108  19.163  0.255  74.721 0.1250000000
69195  39.941  1.216  66.903 0.1250000000
70061  40.245  0.708  65.114 0.1250000000
70046  40.066  1.184  65.986 0.1250000000
66628  37.473  -2.070  70.753 0.1250000000
125111  39.939  0.937  64.072 0.1250000000
66641  37.117  -2.846  70.258 0.1250000000
105600  40.118  1.090  63.409 0.1250000000
104970  39.324  0.837  63.869 0.1250000000
70106  38.472  1.730  62.692 0.1250000000
66780  50.578  -2.084  52.993 0.7500000000
122490  49.598  -1.759  51.783 0.7500000000
66757  50.486  -2.046  53.108 0.7500000000
67650  49.332  -1.136  51.410 0.7500000000
67664  48.614  -1.030  50.610 0.5000000000
125698  49.048  0.215  50.523 0.6250000000
68481  48.490  -0.255  50.021 0.5000000000
69347  48.726  0.622  49.881 0.6250000000
70226  48.215  1.720  48.463 0.6250000000
69358  48.460  1.185  49.193 0.6250000000
71868  47.721  3.152  45.022 0.1250000000
71099  47.731  2.527  41.649 0.1250000000
71093  47.373  2.816  42.411 0.1250000000
71100  46.868  2.323  42.004 0.1250000000
69167  38.087  1.376  68.829 0.1250000000
113239  37.386  0.540  70.280 0.1250000000
70035  38.452  1.367  67.429 0.1250000000
67518  37.512  -0.918  70.898 0.1250000000
104975  38.797  1.291  66.283 0.1250000000
104974  38.150  1.164  66.128 0.1250000000
104972  39.594  0.879  64.734 0.1250000000
70076  38.702  1.025  64.544 0.1250000000
67519  36.828  -1.430  71.352 0.1250000000
116219  38.551  1.186  63.608 0.1250000000
65701  36.465  -3.083  70.551 0.1250000000
67618  50.399  -1.637  53.064 0.7500000000
69346  49.480  0.251  51.273 0.7500000000
70212  49.221  0.863  50.690 0.7500000000
70219  48.967  1.460  49.989 0.7500000000
71042  48.796  1.981  49.184 0.7500000000
71893  47.874  3.396  43.414 0.1250000000
71089  47.228  2.915  43.246 0.1250000000
122156  47.765  3.263  42.739 0.1250000000
71092  48.189  3.055  42.123 0.1250000000
69932  19.717  1.616  81.419 0.2500000000
68342  37.295  -0.004  70.696 0.1250000000
69182  38.878  1.236  68.200 0.1250000000
104487  49.499  0.883  51.518 0.7500000000
71881  48.107  3.490  44.213 0.1250000000
71892  48.706  3.657  43.475 0.2500000000
71898  48.524  3.405  42.748 0.1250000000
71902  49.194  3.104  42.072 0.1250000000
120589  18.440  3.313  81.295 0.1250000000
71628  17.835  3.778  81.289 0.1250000000
68343  36.730  -0.268  71.068 0.1250000000
122407  16.777  4.834  80.900 0.3750000000
64822  10.365  -4.560  67.244 0.6250000000
120832  15.601  -18.679  74.296 0.8750000000
45148  23.023  -26.053  78.921 0.6250000000
46083  23.220  -25.529  79.614 0.7500000000
58801  10.035  -10.822  78.894 0.8750000000
106118  11.519  -12.442  76.404 0.8750000000
53244  35.174  -17.527  74.214 0.7500000000
54203  4.781  -16.569  74.723 0.7500000000
55110  4.560  -15.267  82.180 0.7500000000
54196  5.152  -15.940  76.329 0.7500000000
54185  6.375  -16.343  78.500 0.7500000000
104811  5.735  -16.150  78.233 0.7500000000
53264  4.349  -17.294  72.408 0.5000000000
56949  35.478  -13.854  73.160 0.8750000000
56123  36.761  -14.674  71.922 0.7500000000
56163  36.060  -14.439  68.934 0.6250000000
65789  37.068  -3.571  65.333 0.2500000000
63131  49.688  -7.001  57.536 0.8750000000
62172  22.112  -7.191  79.392 0.5000000000
62982  20.744  -6.814  78.000 0.3750000000
65784  41.702  -3.678  65.599 0.3750000000
64715  21.477  -4.596  80.518 0.5000000000
108284  21.568  -3.050  80.327 0.2500000000
66553  21.001  -2.210  79.031 0.2500000000
68271  20.593  -0.515  79.256 0.2500000000
63922  43.987  -5.430  63.817 0.7500000000
63160  49.148  -6.600  52.553 0.5000000000
62171  22.512  -6.846  79.949 0.5000000000
63800  22.326  -5.882  80.377 0.3750000000
116498  7.334  -18.771  85.972 0.6250000000
122231  6.797  -19.840  85.501 0.6250000000
122697  7.650  -19.624  86.383 0.6250000000
116708  8.154  -19.022  86.498 0.6250000000
53161  9.876  -17.194  86.355 0.7500000000
51318  6.466  -20.233  84.104 0.5000000000
116606  11.066  -16.865  85.692 0.7500000000
51324  6.700  -20.267  83.103 0.5000000000
50411  7.807  -20.013  82.589 0.5000000000
54156  13.040  -15.760  85.083 0.7500000000
51328  8.393  -20.000  81.648 0.6250000000
50436  8.998  -20.864  78.125 0.3750000000
53163  7.870  -17.462  86.457 0.7500000000
54146  10.021  -16.282  86.283 0.7500000000
124463  11.894  -15.687  85.493 0.7500000000
52206  9.171  -19.233  83.004 0.7500000000
51322  9.276  -19.099  82.351 0.7500000000
51327  9.281  -19.430  81.527 0.5000000000
51336  9.682  -19.430  79.075 0.5000000000
118176  9.353  -20.121  79.367 0.5000000000
50435  9.485  -20.229  78.574 0.3750000000
50428  9.304  -19.903  80.046 0.5000000000
50442  9.558  -20.274  77.649 0.3750000000
50464  9.042  -20.987  75.342 0.2500000000
50395  16.445  -19.836  83.146 0.8750000000
52197  17.296  -18.681  83.124 0.8750000000
55089  8.580  -15.334  86.448 0.7500000000
121749  7.948  -16.880  85.288 0.7500000000
117050  8.735  -18.194  83.581 0.7500000000
53182  9.286  -17.798  82.275 0.7500000000
117291  9.581  -19.191  79.973 0.5000000000
52214  9.805  -18.673  80.889 0.5000000000
119669  9.444  -19.813  73.674 0.2500000000
50401  17.637  -19.852  83.085 0.8750000000
118167  9.254  -14.649  86.378 0.7500000000
120561  9.142  -17.774  83.018 0.7500000000
53186  9.505  -17.838  81.358 0.7500000000
53197  9.397  -17.820  78.805 0.6250000000
53216  9.446  -17.895  75.987 0.5000000000
49552  33.507  -21.659  74.233 0.7500000000
55093  6.743  -14.973  86.143 0.7500000000
55090  7.421  -15.124  86.372 0.7500000000
56051  9.290  -13.868  86.238 0.7500000000
56056  10.609  -14.056  85.590 0.8750000000
56065  11.372  -13.856  83.741 0.8750000000
113195  9.180  -17.359  80.968 0.7500000000
53203  8.773  -17.400  78.239 0.6250000000
53227  8.663  -17.549  75.565 0.6250000000
56895  7.630  -13.638  86.130 0.7500000000
112609  6.647  -14.676  85.890 0.7500000000
55104  6.700  -15.725  83.875 0.7500000000
55100  7.183  -15.513  84.702 0.7500000000
49564  35.290  -20.970  73.213 0.6250000000
56902  9.705  -13.262  84.996 0.8750000000
56905  10.575  -13.322  83.969 0.8750000000
53228  7.796  -17.298  75.118 0.6250000000
45149  22.554  -25.364  78.597 0.6250000000
45164  22.219  -25.365  77.370 0.3750000000
45175  19.925  -25.013  75.835 0.2500000000
116954  19.633  -25.298  74.887 0.2500000000
56904  6.873  -13.633  84.335 0.7500000000
56058  7.564  -13.513  85.773 0.7500000000
56063  6.445  -14.365  84.275 0.7500000000
105854  35.010  -18.724  73.702 0.7500000000
51371  35.568  -19.166  73.589 0.7500000000
50483  35.730  -20.288  72.665 0.7500000000
57864  10.498  -12.538  82.648 0.8750000000
54188  7.111  -16.692  77.135 0.6250000000
125838  7.473  -16.873  76.587 0.6250000000
53251  6.685  -17.605  73.383 0.5000000000
125571  22.139  -24.596  79.545 0.7500000000
46099  20.890  -24.631  79.062 0.5000000000
46112  20.656  -24.671  78.568 0.3750000000
55114  5.084  -16.143  81.586 0.7500000000
56912  11.197  -13.067  81.624 0.8750000000
54184  7.071  -16.709  78.053 0.7500000000
115757  5.810  -16.912  74.801 0.7500000000
52210  18.684  -19.771  81.143 0.8750000000
57866  8.715  -12.206  82.705 0.8750000000
121985  36.267  -18.295  73.538 0.7500000000
122795  4.624  -15.781  81.687 0.7500000000
51387  35.794  -19.264  71.524 0.6250000000
58784  9.181  -11.630  82.199 0.8750000000
58787  8.844  -11.637  81.499 0.8750000000
121925  9.921  -11.634  81.732 0.8750000000
57871  10.324  -11.934  81.450 0.8750000000
53255  36.363  -17.504  73.562 0.7500000000
123868  10.690  -11.823  79.055 0.8750000000
51415  32.140  -19.231  69.306 0.1250000000
54228  36.447  -16.552  72.293 0.7500000000
54235  34.313  -16.378  70.220 0.6250000000
56187  34.546  -14.455  66.418 0.5000000000
56188  34.008  -14.948  66.000 0.3750000000
63114  47.503  -6.872  59.947 0.8750000000
63127  48.800  -6.068  58.673 0.8750000000
63980  48.729  -5.322  58.281 0.8750000000
109141  47.384  -4.995  60.197 0.8750000000
117955  48.094  -4.737  59.550 0.8750000000
106107  47.977  -3.963  59.385 0.7500000000
65861  47.559  -3.473  58.990 0.7500000000
63986  47.471  -5.448  57.566 0.7500000000
66707  47.056  -2.232  60.135 0.6250000000
67581  46.444  -1.562  60.357 0.3750000000
67584  45.883  -1.116  60.037 0.2500000000
65863  45.753  -3.512  58.856 0.5000000000
64908  47.284  -4.024  58.583 0.6250000000
66722  44.379  -2.754  59.180 0.2500000000
65864  44.724  -3.496  58.749 0.2500000000
65865  43.762  -3.528  58.768 0.2500000000
64909  46.183  -4.207  58.520 0.5000000000
64922  44.591  -4.995  58.005 0.2500000000
66714  41.270  -2.575  59.460 0.1250000000
65858  39.875  -3.030  59.072 0.1250000000
63987  46.177  -5.530  57.499 0.7500000000
64921  45.615  -4.919  58.014 0.7500000000
64912  42.445  -4.331  58.339 0.2500000000
63989  44.116  -5.448  57.316 0.3750000000
64914  40.650  -4.236  58.197 0.2500000000
64915  39.848  -4.143  58.146 0.1250000000
64917  38.331  -4.065  58.036 0.1250000000
63991  42.136  -5.358  56.992 0.3750000000
64003  40.439  -5.402  56.632 0.3750000000
117142  37.212  -4.873  57.158 0.1250000000
113804  21.701  -5.988  79.057 0.3750000000
67579  46.401  -0.832  60.825 0.5000000000
66701  46.336  -1.708  60.875 0.5000000000
68401  46.164  0.120  60.924 0.5000000000
67585  44.914  -0.918  59.979 0.1250000000
67586  42.531  -1.250  59.956 0.1250000000
68413  43.043  -0.408  60.246 0.1250000000
106768  43.578  -1.182  59.985 0.1250000000
69278  40.916  0.775  60.898 0.1250000000
67588  39.146  -1.465  59.877 0.1250000000
66728  35.687  -2.238  58.615 0.1250000000
69392  46.066  1.027  44.750 0.1250000000
69399  45.396  0.596  42.448 0.1250000000
69402  45.512  0.529  41.413 0.1250000000
66650  39.773  -2.412  68.830 0.1250000000
69247  45.289  0.894  61.249 0.3750000000
65753  36.105  -2.790  68.120 0.1250000000
65814  12.486  -3.346  64.509 0.1250000000
64042  44.090  -5.045  53.948 0.6250000000
64027  43.582  -5.406  54.418 0.5000000000
64044  42.525  -4.972  53.879 0.5000000000
122891  42.125  -4.425  53.622 0.5000000000
116504  21.796  -4.114  79.530 0.2500000000
65642  21.667  -3.390  79.682 0.2500000000
65653  20.622  -3.540  77.924 0.2500000000
66651  38.982  -2.732  69.021 0.1250000000
65737  36.372  -2.997  69.012 0.1250000000
69263  43.699  1.570  61.583 0.2500000000
69232  44.240  0.944  62.630 0.3750000000
70120  43.213  1.698  62.014 0.2500000000
70103  42.723  1.664  62.571 0.2500000000
70105  40.031  1.524  61.882 0.1250000000
68286  19.950  -0.591  77.532 0.2500000000
69222  41.950  0.798  64.500 0.2500000000
70087  42.172  1.397  63.250 0.2500000000
110974  41.698  1.449  62.535 0.2500000000
70089  39.229  1.156  63.031 0.1250000000
69076  20.281  0.259  78.883 0.2500000000
70062  39.487  1.161  65.705 0.1250000000
119779  37.885  1.227  64.261 0.1250000000
47798  10.787  -23.218  84.401 0.3750000000
46956  10.451  -23.868  84.019 0.3750000000
123394  10.243  -23.500  84.799 0.3750000000
46958  9.633  -23.854  84.761 0.3750000000
46954  8.999  -23.779  84.976 0.3750000000
46955  8.106  -23.771  84.809 0.3750000000
47799  7.188  -23.715  84.519 0.2500000000
47800  6.615  -22.946  84.824 0.2500000000
47805  10.980  -23.538  83.660 0.3750000000
46959  8.623  -24.453  84.362 0.2500000000
46960  7.732  -24.430  84.243 0.2500000000
118276  6.258  -23.769  84.083 0.2500000000
47796  7.432  -23.087  85.228 0.3750000000
47795  8.308  -23.136  85.404 0.3750000000
48593  10.450  -22.484  85.316 0.3750000000
47794  9.634  -23.339  85.173 0.3750000000
48599  11.051  -22.619  84.620 0.3750000000
48592  10.930  -22.357  85.084 0.3750000000
113824  5.864  -22.664  84.411 0.2500000000
48609  11.138  -22.789  83.941 0.3750000000
117129  5.728  -23.461  83.817 0.2500000000
47797  6.807  -22.525  85.478 0.3750000000
49469  10.456  -21.948  85.383 0.3750000000
113248  9.950  -22.271  85.497 0.3750000000
48594  9.325  -22.015  85.700 0.3750000000
48596  7.455  -22.475  85.963 0.3750000000
49468  11.093  -21.826  85.042 0.6250000000
106793  9.490  -22.664  85.460 0.3750000000
48601  5.748  -21.549  84.943 0.3750000000
48608  11.276  -22.187  84.125 0.6250000000
110686  10.846  -21.406  85.240 0.3750000000
49484  5.343  -21.975  83.628 0.2500000000
49467  11.611  -21.187  84.577 0.6250000000
109882  5.354  -22.144  82.603 0.2500000000
47807  5.472  -23.049  82.930 0.2500000000
49465  7.312  -21.187  86.433 0.3750000000
49466  6.320  -21.173  86.020 0.3750000000
49471  5.235  -21.153  85.934 0.3750000000
49464  8.311  -21.301  86.431 0.3750000000
48591  7.051  -21.725  86.250 0.3750000000
49463  9.153  -21.392  85.994 0.3750000000
48590  7.928  -21.865  86.367 0.3750000000
49472  5.248  -21.155  85.731 0.3750000000
49470  9.802  -21.711  85.638 0.3750000000
49475  5.608  -21.494  84.671 0.3750000000
119784  12.119  -21.187  83.038 0.5000000000
49482  12.623  -20.254  82.941 0.6250000000
50406  12.136  -20.630  83.729 0.6250000000
50389  11.265  -20.866  85.103 0.6250000000
117038  10.229  -21.447  85.522 0.5000000000
50409  5.453  -21.723  83.254 0.2500000000
49488  14.546  -21.063  82.497 0.6250000000
49473  11.703  -21.361  83.808 0.6250000000
50396  12.305  -20.338  84.004 0.6250000000
49502  4.876  -21.981  81.033 0.2500000000
49495  5.008  -22.172  81.414 0.2500000000
110542  15.212  -20.819  82.673 0.6250000000
49501  5.077  -21.817  80.514 0.2500000000
50388  6.618  -20.603  86.131 0.3750000000
50392  5.593  -20.944  85.817 0.3750000000
50393  5.166  -21.011  85.800 0.3750000000
50385  9.225  -20.667  86.168 0.5000000000
50408  5.500  -21.211  83.973 0.3750000000
50391  9.775  -21.124  85.761 0.5000000000
50413  5.496  -21.188  82.798 0.2500000000
49483  5.456  -21.467  84.172 0.2500000000
51301  11.239  -20.138  85.183 0.6250000000
51302  10.517  -19.723  85.519 0.6250000000
107602  5.487  -20.917  82.023 0.2500000000
50414  5.303  -21.807  82.347 0.2500000000
50404  14.746  -20.287  83.126 0.6250000000
50405  12.897  -19.929  83.218 0.6250000000
51308  12.484  -19.761  84.291 0.6250000000
51300  11.871  -19.537  84.727 0.6250000000
50425  5.372  -21.334  81.217 0.2500000000
50419  5.104  -21.850  81.675 0.2500000000
50403  15.783  -20.262  82.788 0.6250000000
51315  14.192  -19.939  83.504 0.6250000000
51307  13.132  -19.714  83.708 0.6250000000
110358  13.234  -19.199  84.367 0.6250000000
125420  12.577  -19.121  84.623 0.6250000000
51314  15.433  -19.691  83.359 0.6250000000
51306  14.009  -19.282  83.904 0.6250000000
51299  7.020  -19.854  86.140 0.3750000000
51305  6.395  -20.424  85.766 0.3750000000
51310  6.328  -20.361  85.092 0.3750000000
50387  7.672  -20.486  86.454 0.3750000000
50397  5.609  -20.951  85.650 0.3750000000
50407  5.820  -20.813  84.636 0.3750000000
51298  8.419  -20.072  86.416 0.5000000000
51297  9.117  -19.694  86.322 0.3750000000
104747  5.857  -20.667  83.516 0.3750000000
51303  9.797  -20.263  85.786 0.5000000000
50417  6.273  -20.645  81.576 0.2500000000
51296  9.823  -19.095  85.986 0.5000000000
110940  10.578  -18.823  85.608 0.6250000000
104920  7.292  -20.697  80.847 0.2500000000
117452  11.239  -19.142  85.270 0.6250000000
119988  6.468  -21.243  79.820 0.2500000000
52198  15.701  -18.917  83.607 0.6250000000
52192  13.031  -18.433  84.743 0.6250000000
52199  14.798  -19.363  83.651 0.6250000000
52191  13.808  -18.478  84.294 0.6250000000
52187  11.105  -18.096  85.418 0.6250000000
52186  12.034  -18.486  84.951 0.6250000000
50431  7.273  -20.967  79.999 0.2500000000
53172  12.716  -17.701  85.048 0.6250000000
52190  14.682  -18.648  83.859 0.6250000000
52189  15.288  -17.995  83.714 0.6250000000
53171  13.451  -17.423  84.581 0.6250000000
53167  11.281  -17.329  85.545 0.6250000000
53166  11.970  -17.518  85.347 0.6250000000
49514  7.366  -21.554  78.079 0.2500000000
53170  14.328  -17.707  84.077 0.6250000000
54154  13.957  -16.898  84.199 0.6250000000
54155  13.533  -16.379  84.690 0.6250000000
53177  14.621  -17.245  83.672 0.6250000000
52262  8.253  -18.347  73.118 0.2500000000
118242  8.163  -18.387  72.248 0.2500000000
52284  7.902  -18.510  70.435 0.2500000000
52306  7.388  -18.751  68.536 0.2500000000
53261  7.360  -18.012  72.828 0.2500000000
53269  7.177  -17.952  71.950 0.2500000000
53287  6.148  -17.517  69.705 0.2500000000
53279  6.111  -17.582  70.638 0.2500000000
52307  6.720  -18.146  68.177 0.2500000000
52294  6.937  -18.067  69.085 0.2500000000
44201  30.377  -27.122  75.539 0.5000000000
46143  31.924  -25.562  75.768 0.5000000000
53262  6.281  -17.689  72.614 0.2500000000
52274  7.075  -17.977  71.009 0.2500000000
53313  5.986  -17.654  67.711 0.1250000000
53298  5.959  -17.484  68.700 0.1250000000
53314  5.307  -17.121  67.311 0.1250000000
53299  5.234  -16.965  68.728 0.1250000000
115077  31.471  -25.293  76.489 0.5000000000
47017  32.100  -24.689  76.180 0.5000000000
47016  32.519  -25.001  75.419 0.5000000000
47019  33.329  -24.602  74.473 0.3750000000
53263  5.072  -17.569  72.541 0.3750000000
117461  5.087  -17.544  71.133 0.3750000000
53280  5.392  -17.274  70.331 0.3750000000
54264  5.268  -16.319  67.074 0.1250000000
54252  5.198  -16.662  68.005 0.1250000000
53289  5.145  -16.569  69.408 0.1250000000
53288  5.397  -17.106  69.502 0.2500000000
54278  5.429  -16.451  66.170 0.1250000000
47863  32.608  -23.997  75.712 0.5000000000
121490  33.800  -23.756  75.007 0.5000000000
53270  4.830  -17.484  71.873 0.3750000000
53271  4.495  -17.209  71.573 0.3750000000
119767  4.871  -17.195  70.842 0.3750000000
53281  5.069  -16.838  70.192 0.3750000000
124143  33.338  -23.675  75.254 0.5000000000
47882  34.101  -24.024  73.067 0.3750000000
48668  33.587  -22.309  74.157 0.5000000000
47870  34.073  -23.064  74.936 0.5000000000
47877  34.517  -22.679  73.359 0.5000000000
111180  33.762  -22.802  73.866 0.5000000000
49566  33.737  -21.024  73.749 0.5000000000
49579  34.975  -21.908  73.409 0.5000000000
57017  7.310  -13.598  68.263 0.5000000000
57971  9.328  -12.966  69.299 0.6250000000
65911  42.042  -3.601  53.448 0.2500000000
117919  42.690  -3.321  53.389 0.3750000000
111368  41.197  -1.165  53.862 0.2500000000
66764  41.993  -2.347  53.566 0.3750000000
110656  42.766  -1.721  53.511 0.3750000000
66765  41.012  -1.982  53.759 0.2500000000
67625  42.506  -0.668  53.744 0.3750000000
123979  41.971  -1.199  53.775 0.2500000000
67626  41.534  -0.206  53.871 0.2500000000
66763  43.076  -2.698  53.321 0.3750000000
68452  42.308  0.322  53.798 0.3750000000
66783  45.346  -2.410  52.778 0.3750000000
106714  44.093  -1.620  53.146 0.3750000000
104684  44.103  -0.861  53.371 0.3750000000
67624  43.391  -1.206  53.457 0.3750000000
68451  43.243  -0.106  53.715 0.3750000000
119138  42.888  0.752  53.785 0.3750000000
69312  43.137  1.312  53.668 0.3750000000
57003  8.722  -13.435  69.124 0.6250000000
50423  8.118  -20.602  80.299 0.2500000000
48661  32.952  -23.145  75.611 0.5000000000
114325  16.107  -18.218  83.535 0.7500000000
47862  33.778  -23.046  75.201 0.6250000000
52261  8.898  -18.718  73.502 0.2500000000
111527  43.618  -2.112  53.207 0.3750000000
66762  44.445  -2.319  52.929 0.3750000000
119075  6.828  -20.404  82.288 0.2500000000
50412  5.938  -20.560  82.529 0.2500000000
49507  7.166  -21.385  79.100 0.2500000000
47792  10.729  -22.931  85.057 0.3750000000
47793  10.129  -22.887  85.273 0.3750000000
113097  9.054  -23.108  85.389 0.3750000000
46961  6.909  -24.396  84.022 0.2500000000
48595  8.654  -22.449  85.786 0.3750000000
49474  11.273  -21.969  84.572 0.5000000000
47801  5.470  -22.895  83.748 0.2500000000
48600  6.219  -22.024  85.095 0.3750000000
48597  6.362  -21.739  85.740 0.3750000000
48602  5.400  -22.155  84.239 0.2500000000
48598  5.634  -21.205  85.532 0.3750000000
111172  11.812  -20.409  84.629 0.6250000000
48610  5.382  -22.485  83.474 0.2500000000
48619  5.110  -22.493  82.050 0.2500000000
50386  8.631  -20.871  86.392 0.3750000000
48589  8.749  -21.792  86.059 0.3750000000
50398  5.624  -21.186  85.135 0.3750000000
50390  10.482  -20.794  85.451 0.6250000000
49481  14.083  -20.595  82.887 0.6250000000
50418  5.271  -21.468  82.019 0.2500000000
49510  4.778  -22.312  80.102 0.2500000000
113572  13.818  -20.283  83.194 0.6250000000
50424  6.337  -20.981  80.584 0.2500000000
52285  7.127  -17.954  70.027 0.2500000000
52317  6.934  -18.759  67.940 0.2500000000
52318  6.395  -18.397  67.283 0.1250000000
108353  5.891  -17.666  71.675 0.2500000000
118091  5.404  -17.173  68.080 0.1250000000
53324  5.376  -17.201  66.390 0.1250000000
47015  33.239  -24.448  75.136 0.5000000000
105241  33.607  -23.758  73.904 0.5000000000
47878  34.169  -23.355  73.349 0.5000000000
48675  33.796  -21.956  73.788 0.5000000000
106711  23.055  -27.319  77.199 0.3750000000
43257  29.004  -27.898  75.238 0.3750000000
45163  22.734  -25.956  77.760 0.2500000000
43268  29.456  -28.066  74.341 0.3750000000
43281  28.950  -28.535  73.728 0.3750000000
44211  30.122  -27.784  74.976 0.3750000000
44191  22.663  -26.471  76.981 0.2500000000
45186  31.007  -26.613  75.623 0.3750000000
45185  31.609  -26.246  75.326 0.2500000000
125061  30.735  -27.431  75.004 0.2500000000
43267  30.204  -27.943  73.978 0.2500000000
45198  31.968  -26.386  74.704 0.2500000000
45199  31.762  -27.046  74.285 0.2500000000
43278  30.898  -28.072  73.486 0.2500000000
105206  32.400  -26.406  74.117 0.2500000000
44221  31.545  -27.696  73.045 0.2500000000
44235  32.067  -27.393  72.633 0.2500000000
44220  32.101  -27.044  73.455 0.2500000000
44236  31.789  -28.063  72.196 0.2500000000
44250  32.266  -27.312  71.744 0.2500000000
46063  8.981  -25.141  83.743 0.2500000000
116900  9.312  -24.390  84.375 0.2500000000
46069  10.103  -25.447  83.405 0.1250000000
46142  32.244  -25.744  75.047 0.3750000000
46146  32.548  -25.887  74.587 0.2500000000
46149  32.649  -26.204  73.303 0.2500000000
45214  32.443  -26.769  72.593 0.2500000000
44261  32.197  -27.299  70.674 0.2500000000
116881  32.620  -26.523  71.847 0.2500000000
46166  32.814  -25.947  70.662 0.2500000000
46963  10.278  -24.664  83.729 0.1250000000
46062  9.677  -24.901  83.866 0.2500000000
46068  10.730  -25.215  83.212 0.1250000000
122908  11.655  -25.451  82.518 0.1250000000
46088  18.502  -24.660  80.616 0.3750000000
46113  18.960  -24.899  78.573 0.2500000000
46114  18.037  -25.004  78.888 0.2500000000
47020  33.011  -25.342  74.895 0.3750000000
46145  32.891  -25.493  74.002 0.2500000000
47022  33.442  -24.677  73.509 0.2500000000
46151  33.252  -25.464  73.029 0.2500000000
46152  32.883  -26.046  72.403 0.2500000000
46157  33.240  -25.265  72.052 0.2500000000
46158  32.903  -25.854  71.441 0.2500000000
118547  33.171  -25.106  71.184 0.2500000000
46165  33.070  -25.252  70.439 0.2500000000
46957  9.925  -24.203  84.316 0.2500000000
46968  12.095  -24.824  82.684 0.1250000000
46075  11.945  -25.506  81.901 0.1250000000
46976  12.205  -24.676  81.540 0.1250000000
46103  17.149  -24.752  80.161 0.2500000000
106668  17.185  -24.972  79.237 0.2500000000
46126  16.320  -25.796  77.899 0.2500000000
47025  33.736  -24.685  72.646 0.2500000000
47024  34.282  -24.039  72.206 0.2500000000
47028  33.696  -24.570  71.663 0.2500000000
47027  34.249  -23.986  71.248 0.2500000000
118773  33.379  -24.742  70.021 0.2500000000
106466  10.825  -24.366  83.436 0.2500000000
46962  11.562  -24.173  83.260 0.1250000000
121935  12.398  -23.849  81.142 0.1250000000
46982  18.224  -24.252  81.441 0.3750000000
46983  17.357  -24.316  81.361 0.2500000000
107533  12.862  -23.877  79.621 0.1250000000
46988  12.358  -24.328  80.456 0.1250000000
46089  17.569  -24.714  80.831 0.2500000000
46090  16.876  -24.629  80.737 0.2500000000
46104  16.446  -24.737  79.645 0.2500000000
46106  13.576  -24.885  78.583 0.1250000000
46998  12.853  -24.943  79.249 0.1250000000
119532  15.686  -25.075  78.762 0.2500000000
46117  14.287  -25.308  78.174 0.1250000000
46128  14.504  -25.501  77.657 0.2500000000
46118  13.472  -25.279  77.955 0.1250000000
47881  34.612  -23.295  72.636 0.3750000000
111123  35.121  -22.942  72.067 0.3750000000
47885  34.838  -23.516  71.719 0.2500000000
47890  34.784  -23.430  70.847 0.2500000000
47033  34.223  -23.803  70.422 0.2500000000
57016  8.353  -13.648  68.425 0.5000000000
57014  10.044  -13.558  68.352 0.3750000000
57029  9.007  -13.909  68.153 0.3750000000
57040  11.542  -13.850  66.703 0.1250000000
110999  17.775  -23.720  81.752 0.3750000000
111237  12.372  -23.930  82.140 0.1250000000
114504  16.778  -24.254  81.215 0.2500000000
46985  15.222  -24.229  80.107 0.2500000000
46986  13.959  -23.728  79.770 0.2500000000
46997  13.354  -24.313  79.304 0.1250000000
47828  12.641  -23.240  80.359 0.1250000000
46984  16.241  -24.387  80.387 0.2500000000
46996  14.327  -24.561  79.268 0.2500000000
46995  15.482  -24.643  79.458 0.2500000000
46105  14.747  -25.038  78.666 0.2500000000
48681  35.089  -22.496  72.715 0.3750000000
48690  35.176  -22.885  71.290 0.3750000000
48700  35.335  -22.062  70.890 0.3750000000
57028  10.570  -13.848  67.622 0.2500000000
122352  10.920  -13.977  67.013 0.1250000000
57988  10.976  -13.213  68.120 0.2500000000
57027  12.060  -13.070  66.978 0.1250000000
110181  11.299  -13.458  67.353 0.2500000000
125468  12.335  -12.553  66.836 0.1250000000
47811  16.865  -23.306  82.230 0.3750000000
115522  12.134  -23.921  82.929 0.2500000000
47818  16.829  -23.707  81.653 0.2500000000
47820  12.511  -22.941  81.386 0.1250000000
47825  16.126  -23.677  80.857 0.2500000000
46987  13.041  -23.079  78.955 0.1250000000
47834  12.590  -22.651  79.442 0.1250000000
48632  12.409  -22.018  80.343 0.1250000000
47827  13.440  -22.288  79.301 0.2500000000
47833  12.427  -22.320  79.232 0.1250000000
49601  35.407  -21.248  70.788 0.3750000000
49616  35.050  -21.128  69.902 0.2500000000
57015  9.240  -13.505  68.730 0.3750000000
57987  11.613  -12.703  67.660 0.2500000000
58002  12.476  -12.733  65.384 0.1250000000
57995  12.356  -12.810  66.219 0.1250000000
47804  11.655  -23.078  83.282 0.2500000000
47812  16.208  -23.182  81.708 0.3750000000
48623  15.571  -22.514  81.843 0.3750000000
47819  15.167  -22.851  81.076 0.2500000000
49506  12.334  -22.125  79.215 0.1250000000
50490  35.674  -20.770  71.364 0.5000000000
57979  10.549  -12.717  68.718 0.3750000000
121543  9.866  -13.038  68.926 0.3750000000
57986  12.240  -12.165  67.289 0.1250000000
110905  12.548  -12.056  65.818 0.1250000000
116100  12.506  -12.063  65.163 0.1250000000
58931  12.070  -11.982  63.995 0.1250000000
58010  12.456  -12.562  64.598 0.1250000000
58939  12.077  -12.106  63.190 0.1250000000
58932  11.477  -11.454  63.511 0.1250000000
48624  14.511  -22.037  81.658 0.3750000000
48617  12.055  -22.047  82.811 0.2500000000
49494  12.614  -21.481  81.021 0.2500000000
49490  12.358  -21.040  82.038 0.2500000000
48630  13.891  -22.085  80.573 0.3750000000
48631  12.557  -22.153  80.436 0.1250000000
57970  10.067  -12.319  69.381 0.5000000000
57978  11.262  -12.336  68.327 0.2500000000
117206  11.739  -11.972  67.868 0.2500000000
122125  12.499  -12.054  66.595 0.1250000000
58914  12.554  -11.369  65.373 0.1250000000
58922  12.358  -11.639  64.672 0.1250000000
59810  12.418  -10.623  64.807 0.1250000000
59816  11.910  -11.189  64.122 0.1250000000
59817  11.269  -10.870  63.708 0.1250000000
58933  10.657  -11.198  63.416 0.1250000000
59826  9.593  -10.902  63.465 0.1250000000
118939  11.587  -22.126  83.540 0.2500000000
48614  16.148  -22.580  82.354 0.3750000000
48615  15.142  -21.837  82.206 0.3750000000
48616  13.948  -21.117  82.026 0.3750000000
112521  12.901  -20.793  81.659 0.3750000000
58892  10.977  -11.794  69.070 0.2500000000
58898  12.544  -11.331  67.008 0.1250000000
60618  12.025  -10.293  64.068 0.1250000000
59818  10.363  -10.843  63.533 0.1250000000
58941  9.888  -11.182  63.335 0.1250000000
60628  9.956  -10.077  63.094 0.1250000000
49489  13.138  -20.496  82.467 0.5000000000
58899  12.109  -11.252  67.763 0.2500000000
59787  12.402  -10.513  67.277 0.2500000000
59804  12.590  -10.597  65.685 0.1250000000
58907  12.600  -11.325  66.171 0.1250000000
120116  12.543  -9.946  65.287 0.1250000000
60611  12.362  -9.556  64.586 0.1250000000
60619  11.320  -10.014  63.626 0.1250000000
60620  10.392  -10.346  63.399 0.1250000000
58886  10.846  -10.962  69.466 0.3750000000
122466  11.736  -10.865  68.318 0.3750000000
114678  11.555  -11.524  68.378 0.2500000000
59788  11.941  -10.356  67.908 0.3750000000
60602  12.534  -9.841  66.032 0.1250000000
124323  12.065  -9.514  63.932 0.1250000000
114887  11.741  -9.045  63.509 0.1250000000
60627  11.035  -9.274  62.967 0.1250000000
58885  11.414  -10.948  68.941 0.3750000000
59779  11.496  -10.230  68.542 0.3750000000
59767  11.070  -10.267  69.218 0.3750000000
60582  12.437  -9.797  66.843 0.3750000000
105255  11.594  -9.478  67.961 0.3750000000
60572  11.052  -9.529  68.784 0.3750000000
61412  12.304  -9.059  66.359 0.2500000000
121034  12.446  -9.194  65.434 0.2500000000
61423  12.239  -8.673  64.772 0.1250000000
62339  47.247  -7.947  53.103 0.5000000000
62347  47.677  -7.579  52.632 0.3750000000
120392  12.139  -9.830  67.459 0.3750000000
61398  11.440  -8.610  67.529 0.3750000000
55258  32.142  -15.868  64.906 0.1250000000
61404  11.762  -8.377  66.719 0.2500000000
124480  10.832  -8.219  67.725 0.3750000000
61413  11.928  -8.250  65.625 0.2500000000
104727  11.279  -7.610  66.257 0.2500000000
62263  11.074  -7.859  67.100 0.5000000000
123949  11.971  -8.156  64.899 0.2500000000
62267  11.413  -7.399  65.551 0.2500000000
112784  11.665  -7.625  64.951 0.2500000000
62353  46.469  -7.389  51.642 0.3750000000
63161  48.095  -6.983  52.288 0.5000000000
63167  47.373  -6.707  51.737 0.5000000000
63168  46.554  -6.802  51.288 0.1250000000
63169  45.974  -7.213  50.910 0.1250000000
63178  45.443  -6.762  50.472 0.1250000000
62258  10.271  -7.668  67.452 0.5000000000
62264  10.369  -7.076  66.588 0.5000000000
63071  11.231  -6.724  65.032 0.2500000000
63067  10.182  -6.191  66.021 0.3750000000
63068  9.660  -6.382  66.654 0.5000000000
63063  9.066  -6.371  67.371 0.5000000000
63072  10.630  -6.162  65.422 0.3750000000
124722  9.724  -5.952  66.326 0.5000000000
63076  10.821  -5.915  64.733 0.5000000000
63916  10.524  -5.730  65.551 0.5000000000
63911  10.083  -5.535  66.232 0.5000000000
63177  46.112  -6.386  50.901 0.1250000000
64064  45.581  -5.868  50.439 0.1250000000
63186  44.324  -6.565  49.877 0.1250000000
64070  44.396  -5.891  49.644 0.1250000000
56207  32.172  -15.011  64.426 0.2500000000
55259  31.569  -15.726  64.217 0.1250000000
63912  9.484  -5.692  66.815 0.5000000000
63907  9.040  -5.599  67.425 0.5000000000
57064  31.848  -13.753  63.321 0.1250000000
63915  10.919  -5.305  65.009 0.3750000000
64836  10.710  -5.124  65.780 0.3750000000
64994  45.800  -5.020  50.157 0.1250000000
64069  45.090  -5.472  49.840 0.1250000000
64998  44.441  -4.956  49.457 0.1250000000
64071  43.739  -5.450  49.372 0.1250000000
56206  32.812  -14.413  64.529 0.2500000000
56216  32.255  -14.142  64.011 0.2500000000
58025  33.455  -12.511  62.600 0.2500000000
57070  33.324  -13.040  63.198 0.2500000000
57053  33.030  -13.951  63.987 0.2500000000
57071  32.514  -13.012  62.774 0.2500000000
64828  11.369  -4.557  66.217 0.5000000000
56205  33.380  -14.537  64.912 0.2500000000
57051  34.418  -13.505  64.459 0.2500000000
57052  33.517  -13.971  64.468 0.2500000000
57061  34.519  -13.060  63.816 0.2500000000
57062  33.671  -13.391  63.806 0.2500000000
73380  9.351  5.698  67.710 0.3750000000
73352  5.587  4.321  70.449 0.5000000000
109651  6.873  4.382  70.879 0.5000000000
73362  6.899  5.327  69.200 0.5000000000
73370  7.909  5.740  68.819 0.5000000000
62259  9.538  -7.071  67.202 0.5000000000
64824  8.800  -5.128  67.882 0.5000000000
73369  8.964  5.525  68.495 0.3750000000
73361  7.812  5.155  69.422 0.5000000000
72550  7.024  4.652  69.910 0.5000000000
61527  47.617  -8.122  53.815 0.5000000000
48689  35.436  -22.308  71.910 0.3750000000
46101  18.769  -24.791  79.623 0.3750000000
49590  35.730  -21.440  71.765 0.3750000000
55240  32.627  -16.066  65.600 0.1250000000
57044  34.081  -14.272  64.962 0.2500000000
64829  10.534  -4.843  66.495 0.5000000000
64821  11.274  -4.382  67.053 0.5000000000
109015  31.240  -26.962  74.990 0.2500000000
44210  30.965  -27.548  74.379 0.2500000000
106774  31.515  -27.530  73.799 0.2500000000
45227  32.522  -26.554  71.081 0.2500000000
46067  11.455  -25.055  83.077 0.1250000000
46102  17.828  -24.922  79.982 0.3750000000
47034  33.613  -24.495  70.677 0.2500000000
46115  16.450  -25.249  78.658 0.2500000000
46975  17.236  -23.892  81.627 0.2500000000
126181  15.794  -25.562  78.206 0.2500000000
46116  15.100  -25.481  78.175 0.2500000000
110856  15.020  -23.560  80.476 0.2500000000
47813  12.177  -22.919  82.464 0.2500000000
47826  14.218  -22.998  80.387 0.2500000000
48626  12.231  -21.837  81.635 0.2500000000
48625  13.250  -21.263  81.142 0.3750000000
59797  12.576  -10.556  66.518 0.2500000000
61434  12.134  -8.868  64.075 0.1250000000
60594  12.058  -9.143  67.201 0.2500000000
62352  47.260  -7.338  52.089 0.3750000000
64065  44.911  -6.270  50.072 0.1250000000
62268  10.930  -6.785  65.850 0.3750000000
64999  43.755  -4.748  49.147 0.1250000000
57063  32.767  -13.554  63.513 0.2500000000
44196  23.361  -27.608  76.501 0.2500000000
43263  23.813  -28.037  75.261 0.2500000000
44204  23.255  -27.608  75.730 0.2500000000
44212  23.032  -27.866  74.889 0.2500000000
120168  22.927  -27.918  74.083 0.2500000000
44223  22.911  -28.019  73.265 0.2500000000
44238  23.647  -28.207  72.961 0.2500000000
44239  23.027  -28.017  72.265 0.2500000000
43253  23.827  -28.134  76.164 0.2500000000
43274  23.630  -28.113  74.365 0.2500000000
44222  23.426  -28.181  73.659 0.2500000000
44252  23.557  -27.935  71.406 0.1250000000
44265  23.293  -27.587  70.432 0.1250000000
106845  25.542  -28.166  74.138 0.2500000000
43273  24.718  -28.201  74.630 0.2500000000
44237  24.405  -28.283  72.845 0.2500000000
43286  24.142  -28.273  73.664 0.2500000000
105633  23.909  -28.127  72.159 0.2500000000
107309  23.386  -27.334  69.552 0.1250000000
112209  24.205  -27.572  69.903 0.1250000000
43272  25.711  -28.584  74.815 0.2500000000
43271  26.228  -28.392  74.200 0.2500000000
43284  25.845  -28.133  73.529 0.2500000000
43285  24.981  -28.235  73.594 0.1250000000
43298  24.645  -28.213  71.987 0.2500000000
124496  24.140  -28.066  71.539 0.1250000000
44264  24.116  -27.819  70.879 0.1250000000
107137  27.001  -28.994  74.257 0.2500000000
42348  29.483  -29.047  72.512 0.1250000000
42349  28.766  -28.729  72.302 0.1250000000
120336  28.602  -28.855  71.503 0.1250000000
43283  26.713  -28.523  73.537 0.1250000000
43296  26.225  -28.206  72.692 0.1250000000
43293  30.605  -29.037  72.298 0.1250000000
43294  30.114  -29.111  72.769 0.1250000000
112574  29.064  -29.690  71.032 0.1250000000
42359  28.495  -28.998  70.856 0.1250000000
105634  25.220  -28.265  72.754 0.1250000000
43312  24.533  -28.064  71.294 0.1250000000
43309  30.556  -29.375  71.543 0.1250000000
42357  29.787  -29.911  71.189 0.1250000000
42371  28.908  -29.626  70.404 0.1250000000
42372  28.285  -28.997  70.071 0.1250000000
124044  29.982  -30.118  70.616 0.1250000000
42382  28.668  -29.903  69.511 0.1250000000
42395  27.504  -29.506  68.178 0.1250000000
119922  31.445  -28.784  70.166 0.1250000000
42380  30.364  -29.949  69.285 0.1250000000
42393  28.994  -30.190  68.625 0.1250000000
42394  28.145  -30.038  68.470 0.1250000000
43331  31.371  -28.794  69.081 0.1250000000
42392  29.989  -29.912  68.639 0.1250000000
107278  28.532  -30.090  67.917 0.1250000000
43269  28.732  -28.288  74.524 0.2500000000
43282  27.579  -28.887  73.709 0.2500000000
122738  30.569  -28.706  72.919 0.1250000000
43280  29.597  -28.924  73.167 0.1250000000
42339  28.908  -28.859  73.049 0.1250000000
43297  25.579  -28.164  71.937 0.1250000000
43292  31.114  -28.400  72.638 0.1250000000
42350  27.898  -28.469  71.366 0.1250000000
43311  25.764  -28.143  71.093 0.1250000000
125331  25.023  -28.116  71.402 0.1250000000
43334  26.767  -28.234  69.507 0.1250000000
43323  26.677  -28.246  70.577 0.1250000000
44263  24.907  -27.921  70.658 0.1250000000
44251  31.561  -28.037  71.107 0.1250000000
43344  26.282  -28.216  68.701 0.1250000000
107762  24.698  -27.424  69.064 0.1250000000
44262  31.959  -27.953  70.218 0.1250000000
44277  23.901  -27.162  68.991 0.1250000000
45238  32.533  -26.623  70.235 0.1250000000
45237  32.814  -25.948  69.916 0.1250000000
45250  32.466  -26.629  69.389 0.1250000000
46172  33.014  -25.236  69.683 0.1250000000
47042  33.404  -24.607  69.439 0.1250000000
46177  32.941  -25.149  68.876 0.1250000000
121180  34.717  -23.325  70.155 0.1250000000
118881  33.780  -24.166  69.904 0.1250000000
47896  34.320  -23.575  69.667 0.1250000000
47041  33.947  -24.033  69.125 0.1250000000
48701  35.098  -22.805  70.384 0.1250000000
48710  34.725  -22.827  69.511 0.1250000000
116350  34.655  -22.138  69.241 0.1250000000
48717  34.263  -22.430  68.619 0.1250000000
49633  33.781  -21.816  68.207 0.1250000000
48723  33.640  -22.435  67.772 0.1250000000
48709  35.143  -22.056  69.890 0.1250000000
109375  34.416  -21.259  69.279 0.1250000000
49626  34.332  -21.712  68.858 0.1250000000
50513  34.286  -20.654  69.619 0.1250000000
50528  33.918  -21.156  68.744 0.1250000000
50540  33.467  -21.372  68.207 0.1250000000
50514  33.694  -20.656  69.148 0.1250000000
56181  9.712  -14.179  67.665 0.2500000000
61521  45.101  -8.546  55.152 0.2500000000
112341  44.258  -8.404  53.935 0.2500000000
126715  44.900  -8.461  54.462 0.2500000000
105574  46.165  -8.310  53.859 0.1250000000
117157  47.014  -8.410  54.270 0.3750000000
61528  46.455  -8.117  53.064 0.1250000000
62354  45.617  -7.663  51.288 0.1250000000
64954  40.904  -4.702  53.820 0.1250000000
64972  41.414  -4.142  53.513 0.1250000000
117504  40.111  -4.517  53.802 0.1250000000
64973  40.564  -3.884  53.538 0.1250000000
65912  41.108  -3.031  53.571 0.1250000000
65913  40.149  -2.980  53.655 0.1250000000
123508  40.463  -2.231  53.696 0.1250000000
67627  39.405  -1.079  53.474 0.1250000000
113271  40.322  -1.266  53.732 0.1250000000
117532  40.001  -0.549  53.503 0.1250000000
65946  44.625  -3.596  48.943 0.1250000000
65947  43.966  -3.676  48.244 0.1250000000
105520  40.637  -0.378  53.735 0.1250000000
69323  40.930  0.364  53.471 0.1250000000
69331  40.371  0.245  52.855 0.1250000000
65955  44.185  -3.196  47.517 0.1250000000
68453  41.731  0.635  53.598 0.2500000000
69322  41.486  0.842  53.318 0.1250000000
70208  41.746  1.217  52.390 0.1250000000
66836  44.556  -2.572  47.247 0.1250000000
65954  44.778  -2.989  48.151 0.1250000000
69330  41.134  0.764  52.749 0.1250000000
67678  45.605  -1.461  47.315 0.1250000000
67691  46.050  -0.741  46.845 0.1250000000
70186  42.757  1.592  53.324 0.2500000000
70197  42.151  1.554  52.944 0.2500000000
70207  42.375  1.577  52.121 0.1250000000
70214  42.774  1.496  51.168 0.1250000000
108375  43.620  1.801  53.558 0.2500000000
70196  42.811  1.907  52.728 0.2500000000
71009  43.565  2.167  53.172 0.2500000000
71020  43.451  2.173  52.299 0.1250000000
70206  42.955  1.853  51.937 0.1250000000
71032  43.470  1.940  51.371 0.1250000000
70213  43.422  1.583  50.641 0.1250000000
70909  13.438  2.018  66.793 0.2500000000
122662  13.518  1.573  67.457 0.2500000000
71019  44.462  2.520  53.266 0.2500000000
71008  44.260  2.226  53.667 0.2500000000
69365  46.882  0.485  46.838 0.1250000000
125428  44.060  2.426  52.647 0.2500000000
70808  18.778  2.596  81.374 0.2500000000
72510  5.908  4.805  73.787 0.3750000000
70902  13.156  2.887  67.193 0.2500000000
72662  46.994  4.101  51.491 0.2500000000
116859  44.396  6.162  46.076 0.1250000000
73328  5.320  5.683  74.222 0.3750000000
73334  5.264  4.954  73.519 0.3750000000
72517  5.719  4.556  73.132 0.3750000000
73340  4.855  5.030  72.840 0.3750000000
72518  5.085  4.454  72.515 0.3750000000
72525  5.608  4.308  72.243 0.3750000000
70910  13.157  2.834  66.270 0.2500000000
72671  47.254  4.848  50.043 0.2500000000
72684  46.484  4.858  48.396 0.1250000000
73492  46.933  4.990  49.083 0.1250000000
73502  46.201  5.355  47.706 0.1250000000
74350  46.162  6.195  47.127 0.1250000000
73503  45.604  5.729  46.900 0.1250000000
120190  44.774  6.652  45.959 0.1250000000
74169  5.116  5.926  73.777 0.3750000000
73346  4.818  4.462  71.767 0.3750000000
72526  4.966  4.041  71.754 0.3750000000
72535  4.834  4.037  70.992 0.3750000000
72534  5.505  4.100  71.351 0.3750000000
73490  48.154  6.202  50.312 0.1250000000
73479  47.759  5.521  50.651 0.1250000000
74337  47.927  6.329  49.392 0.1250000000
73491  47.571  5.570  49.673 0.1250000000
74349  47.187  6.967  47.739 0.1250000000
73498  46.757  5.394  48.356 0.1250000000
123064  46.596  6.700  47.234 0.1250000000
74343  46.817  6.123  47.927 0.1250000000
75257  45.632  7.358  45.970 0.1250000000
74356  46.052  6.940  46.579 0.1250000000
74357  45.317  6.826  46.182 0.1250000000
76142  46.097  7.800  45.803 0.1250000000
75263  45.452  7.334  45.405 0.1250000000
75258  44.996  6.976  45.661 0.1250000000
72454  17.189  4.481  81.104 0.2500000000
72448  16.833  5.196  81.139 0.2500000000
123657  5.054  6.781  73.631 0.3750000000
74175  4.952  6.169  72.997 0.3750000000
113958  5.389  7.292  72.977 0.3750000000
75050  5.077  6.624  72.306 0.3750000000
74182  4.779  5.571  72.155 0.3750000000
116600  4.709  4.634  70.773 0.3750000000
73353  4.891  4.660  70.090 0.3750000000
73363  5.779  4.918  69.579 0.3750000000
108158  11.075  5.200  66.033 0.1250000000
120667  10.470  5.614  66.206 0.1250000000
75244  47.941  7.396  48.326 0.1250000000
76135  48.088  8.629  47.109 0.1250000000
75249  47.562  7.744  47.447 0.1250000000
75256  46.289  7.711  46.276 0.1250000000
76147  46.630  8.276  45.760 0.1250000000
76155  46.160  7.826  45.356 0.1250000000
112239  52.701  6.008  40.559 0.1250000000
121791  5.387  8.016  73.239 0.3750000000
76769  7.532  9.106  73.035 0.3750000000
75059  5.724  7.228  71.023 0.3750000000
118558  4.730  5.259  71.341 0.3750000000
75071  4.991  6.428  70.303 0.3750000000
73364  5.150  5.499  69.255 0.3750000000
73372  5.887  5.604  68.830 0.3750000000
73371  6.825  5.824  68.617 0.2500000000
76134  48.978  9.031  47.988 0.1250000000
76141  46.581  8.208  46.083 0.1250000000
76991  48.034  9.381  45.970 0.1250000000
76146  47.286  8.698  45.631 0.1250000000
76154  46.719  8.254  45.330 0.1250000000
76153  47.322  8.449  44.958 0.1250000000
75269  46.566  7.816  44.743 0.1250000000
76174  52.123  8.483  40.774 0.2500000000
76179  51.778  8.409  40.217 0.1250000000
75928  5.382  7.494  71.980 0.3750000000
75927  6.814  8.735  72.344 0.3750000000
75070  5.378  7.384  69.982 0.3750000000
108204  6.196  8.148  71.652 0.3750000000
74190  4.758  5.486  70.578 0.3750000000
74197  4.839  5.543  69.691 0.3750000000
73373  5.225  6.186  68.496 0.3750000000
74207  6.108  6.262  68.289 0.2500000000
73381  8.441  6.091  68.050 0.2500000000
74206  7.331  6.324  68.241 0.2500000000
74215  8.930  6.303  67.231 0.2500000000
73389  9.874  5.814  66.820 0.1250000000
74229  9.352  6.525  66.366 0.1250000000
76983  49.882  10.763  47.949 0.1250000000
76139  48.457  9.353  46.567 0.1250000000
110753  49.354  10.132  47.124 0.1250000000
76990  49.063  9.925  46.352 0.1250000000
77004  48.089  9.072  45.311 0.1250000000
76997  48.914  9.810  45.738 0.1250000000
77003  48.917  9.583  44.918 0.1250000000
76152  48.238  8.685  44.367 0.1250000000
77010  49.126  9.391  43.996 0.1250000000
77030  51.658  9.341  40.595 0.2500000000
77571  8.861  10.094  73.413 0.3750000000
75935  7.163  8.810  71.329 0.3750000000
76776  7.666  9.278  72.176 0.3750000000
75936  6.350  8.092  70.671 0.3750000000
75084  5.006  6.535  69.289 0.3750000000
74208  5.005  6.176  68.794 0.3750000000
74219  4.900  6.745  68.165 0.2500000000
74217  6.503  6.841  67.769 0.2500000000
74216  7.968  6.907  67.768 0.2500000000
74230  8.464  6.977  66.784 0.1250000000
119674  7.345  8.141  66.763 0.1250000000
75975  8.105  8.588  66.251 0.1250000000
74218  5.297  6.705  67.875 0.2500000000
75118  8.233  7.716  66.499 0.1250000000
75117  8.967  7.166  65.971 0.1250000000
76989  49.849  11.009  47.171 0.1250000000
77863  49.653  10.720  46.323 0.1250000000
77869  49.614  10.441  45.431 0.1250000000
77002  49.643  10.266  44.552 0.1250000000
77031  49.439  10.227  40.776 0.1250000000
77897  50.136  11.004  41.169 0.1250000000
78787  50.500  11.675  39.961 0.1250000000
76775  8.315  9.886  71.988 0.3750000000
77587  8.821  10.519  71.683 0.2500000000
77570  9.335  10.771  73.164 0.3750000000
78474  9.568  11.291  73.822 0.2500000000
76781  7.739  9.486  70.710 0.3750000000
122027  7.839  9.515  71.493 0.3750000000
75943  6.097  8.088  69.593 0.3750000000
75942  7.042  8.779  70.171 0.3750000000
75083  5.381  7.276  68.931 0.3750000000
118266  4.935  6.717  68.482 0.3750000000
75093  4.793  7.330  67.994 0.2500000000
75103  7.194  7.482  67.214 0.1250000000
75105  4.984  7.355  67.789 0.2500000000
75104  5.728  7.417  67.496 0.2500000000
75965  6.165  8.095  67.041 0.1250000000
75977  5.454  8.606  66.865 0.1250000000
75131  8.777  7.889  65.684 0.1250000000
77862  50.303  11.285  46.665 0.1250000000
77867  50.910  11.630  45.708 0.1250000000
110985  50.260  10.906  45.051 0.1250000000
77868  50.377  11.276  45.857 0.1250000000
77875  50.847  11.580  44.922 0.2500000000
77876  50.394  11.023  44.246 0.1250000000
77883  50.939  11.784  43.961 0.1250000000
77884  50.432  11.237  43.323 0.1250000000
77890  50.533  11.549  42.488 0.2500000000
78771  51.028  12.228  42.295 0.2500000000
111630  50.210  10.991  41.872 0.2500000000
78772  50.600  11.907  41.662 0.2500000000
78780  50.449  12.077  40.899 0.2500000000
77578  9.242  11.001  72.243 0.3750000000
118208  8.306  10.078  71.177 0.2500000000
78482  9.487  11.667  72.866 0.2500000000
125842  9.439  12.445  73.034 0.2500000000
111929  9.503  12.947  73.513 0.2500000000
75949  6.876  8.643  69.138 0.3750000000
75950  5.685  8.005  68.653 0.2500000000
75966  5.244  8.224  67.363 0.1250000000
75976  6.696  8.833  66.656 0.1250000000
76810  7.631  9.325  66.232 0.1250000000
76820  8.407  9.281  65.572 0.1250000000
78756  51.073  11.732  44.271 0.2500000000
77889  50.811  12.213  43.112 0.2500000000
112191  9.948  13.232  75.249 0.2500000000
80067  9.923  13.827  74.544 0.1250000000
77586  9.211  11.136  71.319 0.2500000000
78492  9.396  11.736  71.816 0.2500000000
76787  7.674  9.499  69.600 0.3750000000
76780  8.280  10.186  70.312 0.2500000000
75956  6.194  8.765  68.538 0.1250000000
124207  7.303  9.219  68.888 0.2500000000
76794  7.879  9.818  68.900 0.2500000000
76786  8.256  10.230  69.538 0.2500000000
75957  5.111  8.219  67.805 0.2500000000
75958  5.045  7.961  67.619 0.2500000000
75978  4.878  8.845  66.903 0.1250000000
77654  6.622  9.769  66.296 0.1250000000
76821  7.774  9.891  65.862 0.1250000000
76811  5.355  9.151  66.610 0.1250000000
80735  9.702  14.458  74.018 0.1250000000
110936  9.605  13.647  73.847 0.1250000000
77629  7.571  10.367  68.586 0.1250000000
77628  8.338  10.635  69.110 0.1250000000
78524  8.565  11.525  69.439 0.1250000000
79371  9.122  12.243  70.565 0.2500000000
78503  9.294  11.739  70.929 0.2500000000
76795  6.905  9.497  68.543 0.1250000000
78512  9.120  11.611  70.179 0.1250000000
79367  9.274  12.409  71.348 0.2500000000
76796  5.363  9.142  67.691 0.1250000000
77642  5.052  9.978  67.277 0.1250000000
76805  4.705  9.191  66.932 0.1250000000
76797  5.032  8.603  67.232 0.2500000000
77643  4.758  9.875  66.701 0.1250000000
76812  4.835  9.351  66.779 0.1250000000
77655  5.168  9.978  66.419 0.1250000000
77667  7.890  10.447  65.460 0.1250000000
80734  10.143  14.676  74.630 0.1250000000
80738  9.122  14.250  73.494 0.1250000000
78537  8.013  11.125  68.733 0.1250000000
79368  8.929  12.903  70.993 0.2500000000
80077  9.074  13.059  71.815 0.2500000000
80072  9.183  13.127  72.765 0.2500000000
80069  9.257  13.535  73.332 0.1250000000
78538  7.128  11.125  68.333 0.1250000000
78525  7.784  11.744  68.891 0.1250000000
79376  8.278  12.242  69.548 0.2500000000
79361  9.388  12.431  72.262 0.2500000000
79382  6.689  11.786  68.622 0.1250000000
78539  5.639  11.056  67.897 0.1250000000
78551  4.625  10.598  66.879 0.1250000000
78563  4.619  10.544  66.302 0.1250000000
78575  4.578  11.409  65.735 0.1250000000
78562  5.040  10.728  65.931 0.1250000000
77669  6.223  10.600  65.828 0.1250000000
78573  6.862  11.329  65.367 0.1250000000
77668  7.227  10.339  65.861 0.1250000000
78574  5.624  11.341  65.478 0.1250000000
117733  7.276  10.794  65.550 0.1250000000
78572  7.902  11.129  65.066 0.1250000000
81357  9.896  15.172  74.155 0.1250000000
79373  7.683  12.752  70.066 0.2500000000
80082  8.043  13.125  70.802 0.2500000000
80078  8.348  13.443  71.527 0.2500000000
80745  8.014  14.233  72.688 0.1250000000
80739  8.403  14.385  73.172 0.1250000000
79377  7.291  12.345  69.293 0.2500000000
79383  5.456  11.896  68.464 0.1250000000
78552  4.402  11.228  66.378 0.1250000000
79407  4.432  12.379  65.387 0.1250000000
109538  5.118  12.087  65.077 0.1250000000
79415  6.072  12.763  64.789 0.1250000000
79406  6.353  11.977  65.007 0.1250000000
106410  9.789  15.983  73.988 0.1250000000
109568  9.103  16.726  73.851 0.1250000000
81362  9.333  15.103  73.786 0.1250000000
82000  8.696  15.787  73.684 0.1250000000
81363  8.523  14.911  73.474 0.1250000000
80073  8.557  13.659  72.309 0.2500000000
79378  6.137  12.431  69.180 0.1250000000
80088  6.644  12.900  69.880 0.2500000000
80083  7.022  13.306  70.610 0.2500000000
80079  7.366  13.685  71.313 0.2500000000
80074  7.677  13.974  72.029 0.1250000000
79391  4.483  12.061  66.883 0.1250000000
79384  4.801  12.301  68.069 0.1250000000
79408  4.356  13.008  65.214 0.1250000000
79392  4.244  12.560  66.352 0.1250000000
80112  4.601  13.609  65.187 0.1250000000
79416  4.906  13.035  64.899 0.1250000000
113617  7.012  14.202  64.472 0.1250000000
80124  6.042  13.670  64.680 0.1250000000
80123  7.006  13.338  64.529 0.1250000000
82664  7.305  17.181  74.439 0.1250000000
82003  4.962  15.848  74.270 0.1250000000
81993  6.651  16.284  74.402 0.1250000000
82002  5.923  15.583  74.096 0.1250000000
82001  7.170  15.712  74.029 0.1250000000
118723  7.784  15.376  73.562 0.1250000000
81364  6.731  15.182  73.621 0.1250000000
80740  6.327  14.754  73.080 0.1250000000
108289  7.543  14.752  73.181 0.1250000000
80754  6.638  14.118  71.860 0.2500000000
80747  5.951  14.475  72.429 0.1250000000
80746  7.019  14.404  72.550 0.1250000000
79379  5.097  12.609  69.028 0.1250000000
80089  5.710  13.118  69.625 0.1250000000
80084  6.112  13.525  70.333 0.2500000000
80755  5.739  14.232  71.683 0.2500000000
80098  4.516  12.859  67.346 0.1250000000
80104  4.345  13.480  65.541 0.1250000000
80813  5.228  14.077  64.879 0.1250000000
80812  6.146  14.599  64.633 0.1250000000
81994  5.497  16.226  74.666 0.1250000000
81366  5.102  15.292  73.583 0.1250000000
81370  5.317  14.824  72.982 0.1250000000
80748  5.304  14.652  72.211 0.1250000000
80092  4.735  13.040  68.490 0.1250000000
115706  4.711  13.877  68.637 0.1250000000
80768  4.901  14.121  69.433 0.1250000000
80085  5.433  13.747  69.935 0.2500000000
80763  5.547  14.013  70.819 0.1250000000
122412  4.284  13.440  66.427 0.1250000000
80093  4.538  13.723  67.635 0.1250000000
80774  4.740  14.581  68.739 0.1250000000
80792  4.289  14.265  65.958 0.1250000000
82666  5.108  16.625  75.216 0.1250000000
81996  4.574  16.364  74.333 0.1250000000
112033  4.940  15.227  72.755 0.1250000000
81373  5.056  15.000  71.655 0.1250000000
80756  5.305  14.455  71.361 0.1250000000
81377  5.081  15.183  69.315 0.1250000000
124958  5.246  14.322  70.782 0.1250000000
81375  5.099  14.857  70.620 0.1250000000
80785  4.308  14.438  66.900 0.1250000000
81387  4.328  15.287  67.319 0.1250000000
81380  4.573  15.318  68.328 0.1250000000
82040  4.325  16.003  66.699 0.1250000000
82667  4.194  17.232  74.889 0.1250000000
82671  4.281  17.098  74.176 0.1250000000
82673  4.509  16.787  73.408 0.1250000000
115834  4.777  16.329  72.644 0.1250000000
82006  4.788  15.860  73.615 0.1250000000
82009  5.103  15.953  71.768 0.1250000000
82013  5.313  15.833  70.726 0.1250000000
109799  4.843  16.902  68.082 0.1250000000
82690  5.944  16.850  68.701 0.1250000000
82023  6.003  16.448  69.415 0.1250000000
82018  5.502  15.799  69.727 0.1250000000
85364  9.551  21.701  79.685 0.1250000000
86609  11.705  23.087  81.390 0.1250000000
85987  10.360  22.373  80.893 0.1250000000
83314  4.139  17.891  74.194 0.1250000000
82672  4.780  17.465  72.477 0.1250000000
83325  6.611  18.381  70.352 0.1250000000
82676  5.262  17.082  71.732 0.1250000000
82016  7.191  16.551  68.531 0.1250000000
82684  7.009  16.695  69.096 0.1250000000
82679  6.165  17.507  69.953 0.1250000000
82688  6.793  16.870  68.372 0.1250000000
82012  5.942  16.616  69.724 0.1250000000
82022  7.120  16.922  68.725 0.1250000000
82017  6.746  16.409  69.006 0.1250000000
124977  8.241  22.541  81.016 0.1250000000
105946  7.814  22.102  79.424 0.1250000000
85373  6.359  22.196  79.099 0.1250000000
85365  8.692  21.947  80.069 0.1250000000
84650  6.109  21.348  78.653 0.1250000000
84677  4.336  19.859  74.434 0.1250000000
83971  4.576  19.641  73.456 0.1250000000
83974  5.066  19.422  72.633 0.1250000000
84685  5.849  19.988  72.119 0.1250000000
83978  5.694  19.063  71.971 0.1250000000
82683  7.185  17.152  68.723 0.1250000000
83328  7.016  17.820  69.407 0.1250000000
85379  5.371  21.334  78.259 0.1250000000
84651  5.858  21.483  78.620 0.1250000000
85380  4.994  21.505  77.644 0.1250000000
85384  4.769  21.376  76.574 0.1250000000
85391  4.363  20.883  75.043 0.1250000000
84681  5.208  20.430  72.787 0.1250000000
84709  7.497  20.600  68.564 0.1250000000
84701  7.551  20.157  69.254 0.1250000000
83984  7.312  19.671  69.956 0.1250000000
83985  6.960  19.181  70.682 0.1250000000
83977  6.474  19.586  71.457 0.1250000000
84013  7.171  20.165  68.114 0.1250000000
84003  7.449  19.764  68.642 0.1250000000
83324  7.196  18.805  69.729 0.1250000000
83320  6.326  18.678  71.287 0.1250000000
118313  7.340  18.917  68.662 0.1250000000
86005  5.486  22.134  78.227 0.1250000000
86010  4.975  22.278  76.859 0.1250000000
85388  4.590  21.575  75.465 0.1250000000
109812  4.647  21.719  74.583 0.1250000000
85395  4.710  20.914  74.226 0.1250000000
86017  5.268  22.018  72.982 0.1250000000
85394  5.063  21.186  73.299 0.1250000000
84691  7.404  20.523  70.061 0.1250000000
85407  7.427  21.317  70.208 0.1250000000
85408  7.087  20.818  70.758 0.1250000000
84680  5.892  20.772  72.208 0.1250000000
85418  7.600  21.099  69.279 0.1250000000
84692  7.015  20.062  70.791 0.1250000000
84684  6.528  20.603  71.520 0.1250000000
84715  6.501  20.481  67.660 0.1250000000
86633  5.458  22.995  78.022 0.1250000000
120506  5.252  22.369  77.640 0.1250000000
86013  4.721  22.301  75.894 0.1250000000
86015  4.641  22.419  74.984 0.1250000000
86022  4.864  22.677  73.262 0.1250000000
86021  5.448  22.855  72.610 0.1250000000
85400  6.934  21.578  71.104 0.1250000000
86020  5.850  22.122  72.380 0.1250000000
86025  5.933  23.385  72.045 0.1250000000
124797  7.616  21.787  69.642 0.1250000000
86029  7.448  22.124  70.331 0.1250000000
86023  7.101  22.569  71.087 0.1250000000
86024  6.568  23.022  71.629 0.1250000000
85431  7.488  21.351  68.505 0.1250000000
122696  7.642  21.922  68.920 0.1250000000
86034  7.616  22.481  69.532 0.1250000000
110884  7.119  23.420  71.116 0.1250000000
114362  7.125  21.019  68.011 0.1250000000
85441  7.016  22.081  68.131 0.1250000000
86043  7.514  22.703  68.763 0.1250000000
86629  5.161  23.626  78.622 0.1250000000
86006  4.990  23.035  77.208 0.1250000000
86639  4.559  23.810  75.439 0.1250000000
110659  4.699  23.051  76.226 0.1250000000
86641  4.593  23.242  74.614 0.1250000000
86643  4.618  23.472  73.639 0.1250000000
86018  4.643  22.577  74.081 0.1250000000
86646  4.908  23.340  72.938 0.1250000000
86645  5.327  23.731  72.495 0.1250000000
86649  6.498  23.802  71.535 0.1250000000
107970  7.490  23.077  70.304 0.1250000000
86648  7.354  23.914  70.570 0.1250000000
126682  7.010  24.102  71.123 0.1250000000
86658  7.581  23.283  69.365 0.1250000000
86653  7.559  23.778  69.904 0.1250000000
86665  7.397  23.504  68.573 0.1250000000
112045  7.521  24.456  70.037 0.1250000000
87289  7.307  24.357  68.094 0.1250000000
117953  7.581  24.178  69.159 0.1250000000
87276  7.577  25.008  69.419 0.1250000000
87282  7.549  24.869  68.677 0.1250000000
107972  6.929  24.981  67.574 0.1250000000
87244  5.038  24.220  79.063 0.1250000000
87247  4.783  24.569  78.287 0.1250000000
87239  5.208  24.687  79.755 0.1250000000
86634  4.879  23.750  77.676 0.1250000000
87250  4.695  24.629  77.071 0.1250000000
86637  4.650  23.829  76.599 0.1250000000
113267  4.515  24.661  76.005 0.1250000000
87255  4.512  24.084  74.348 0.1250000000
114058  4.565  24.780  74.981 0.1250000000
87258  4.576  24.294  73.604 0.1250000000
87262  4.813  24.058  72.989 0.1250000000
87261  5.216  24.590  72.422 0.1250000000
87267  5.792  24.195  71.898 0.1250000000
119273  5.653  25.037  71.793 0.1250000000
87266  6.490  24.677  71.360 0.1250000000
87895  6.918  25.367  70.890 0.1250000000
111077  7.409  25.255  68.025 0.1250000000
87913  6.952  25.820  67.466 0.1250000000
113997  4.551  25.680  78.775 0.1250000000
88429  4.389  26.352  77.914 0.1250000000
87861  4.534  25.471  77.523 0.1250000000
88436  4.279  26.140  75.957 0.1250000000
87867  4.450  25.434  76.467 0.1250000000
87871  4.471  25.469  75.534 0.1250000000
87876  4.473  25.679  74.575 0.1250000000
115375  4.442  24.901  74.013 0.1250000000
108768  4.825  25.779  73.001 0.1250000000
87884  4.753  24.978  73.135 0.1250000000
87887  6.206  25.537  71.397 0.1250000000
87894  7.247  25.952  70.363 0.1250000000
107916  7.411  25.207  70.213 0.1250000000
87900  7.526  25.769  69.589 0.1250000000
116317  5.961  26.117  66.988 0.1250000000
88486  5.186  26.795  66.694 0.1250000000
88424  4.419  26.442  79.762 0.1250000000
88426  4.329  26.592  78.873 0.1250000000
111424  4.215  27.216  78.456 0.1250000000
88433  4.366  26.212  76.848 0.1250000000
120372  4.477  26.124  75.227 0.1250000000
111421  4.427  26.774  75.406 0.1250000000
119177  4.342  26.267  74.005 0.1250000000
88439  4.441  26.531  74.660 0.1250000000
88443  4.676  26.483  73.283 0.1250000000
88454  5.570  26.953  71.713 0.1250000000
88447  5.281  26.299  72.006 0.1250000000
88448  4.972  26.235  72.583 0.1250000000
115242  6.359  26.878  71.161 0.1250000000
126112  5.566  25.729  71.755 0.1250000000
89008  6.755  27.472  70.679 0.1250000000
88461  7.102  26.770  70.455 0.1250000000
88453  6.655  26.135  71.002 0.1250000000
89007  7.291  27.957  70.059 0.1250000000
116928  7.498  27.158  69.628 0.1250000000
88471  7.615  26.443  68.915 0.1250000000
121660  7.494  26.057  68.076 0.1250000000
88478  6.725  26.755  67.215 0.1250000000
88487  4.121  26.640  66.349 0.1250000000
110654  4.143  27.275  79.529 0.1250000000
88984  4.319  27.913  77.784 0.1250000000
111423  4.430  27.043  77.267 0.1250000000
112142  4.387  28.556  76.966 0.1250000000
88987  4.472  27.706  76.590 0.1250000000
111422  4.374  26.881  76.241 0.1250000000
112141  4.356  28.355  75.835 0.1250000000
88990  4.391  27.549  75.589 0.1250000000
116045  4.278  27.889  74.057 0.1250000000
112140  4.332  28.155  74.892 0.1250000000
88992  4.390  27.326  74.756 0.1250000000
90139  4.737  29.416  72.911 0.1250000000
89547  4.553  28.494  73.309 0.1250000000
112851  4.324  26.994  73.982 0.1250000000
89546  5.120  28.762  72.415 0.1250000000
89555  5.364  27.555  71.995 0.1250000000
88997  5.025  26.999  72.456 0.1250000000
109488  5.707  28.952  71.665 0.1250000000
121424  5.494  28.206  71.902 0.1250000000
89554  5.993  28.394  71.355 0.1250000000
89561  6.564  28.208  70.783 0.1250000000
89560  7.010  28.825  70.252 0.1250000000
89566  7.460  28.711  69.410 0.1250000000
89013  7.640  27.923  69.082 0.1250000000
115050  7.636  27.246  68.716 0.1250000000
88477  7.513  26.909  67.916 0.1250000000
89018  7.551  27.823  68.172 0.1250000000
89027  7.062  27.684  67.415 0.1250000000
89028  6.008  27.594  66.769 0.1250000000
89588  5.396  28.296  66.478 0.1250000000
108253  4.705  28.056  66.044 0.1250000000
89035  4.707  27.454  66.324 0.1250000000
89041  4.552  27.497  65.494 0.1250000000
89036  4.125  27.262  65.998 0.1250000000
89540  4.370  28.991  75.125 0.1250000000
89542  4.290  28.686  74.234 0.1250000000
90134  4.390  29.296  73.764 0.1250000000
90146  5.394  29.602  72.151 0.1250000000
89582  7.219  28.549  67.740 0.1250000000
90183  5.645  29.094  66.746 0.1250000000
89597  4.672  28.252  65.441 0.1250000000
89589  4.783  28.842  66.111 0.1250000000
123768  4.916  29.549  66.500 0.1250000000
89603  4.389  28.932  64.550 0.1250000000
89590  4.483  29.064  65.417 0.1250000000
109184  4.329  29.665  75.659 0.1250000000
109185  4.249  29.883  76.563 0.1250000000
105214  26.567  -28.861  74.939 0.2500000000
105179  28.211  -28.264  75.107 0.2500000000
61520  45.624  -8.475  54.559 0.2500000000
72661  47.400  4.808  51.023 0.2500000000
74341  48.303  7.114  49.181 0.1250000000
75919  5.776  8.259  72.672 0.3750000000
76768  8.289  9.660  72.811 0.3750000000
82657  4.561  17.126  75.420 0.1250000000
83312  4.098  17.849  75.142 0.1250000000
85366  7.037  22.293  79.848 0.1250000000
125490  6.109  21.743  78.822 0.1250000000
123538  48.888  9.360  47.292 0.1250000000
124578  27.551  -29.039  74.262 0.2500000000
106468  28.115  -28.889  74.259 0.2500000000
113329  51.126  11.648  45.067 0.1250000000
51414  33.082  -20.172  69.283 0.1250000000
66835  45.212  -2.198  47.703 0.1250000000
69321  42.411  1.030  53.625 0.2500000000
107698  29.677  -28.393  73.679 0.2500000000
119313  28.338  -28.738  73.533 0.2500000000
43279  30.202  -28.638  73.343 0.1250000000
109472  31.084  -28.923  71.064 0.1250000000
121984  46.904  -8.230  53.592 0.2500000000
62348  46.709  -7.812  52.381 0.1250000000
62349  45.891  -7.932  51.976 0.1250000000
42358  29.290  -29.179  71.719 0.1250000000
124814  27.883  -28.436  72.072 0.1250000000
42347  29.979  -29.270  71.984 0.1250000000
43322  27.641  -28.445  70.788 0.1250000000
43333  27.499  -28.460  69.994 0.1250000000
42370  29.380  -30.030  70.388 0.1250000000
42383  27.751  -29.172  69.128 0.1250000000
43321  30.614  -29.668  70.641 0.1250000000
42369  30.175  -30.069  70.011 0.1250000000
42381  29.568  -30.139  69.427 0.1250000000
42384  27.056  -28.769  68.619 0.1250000000
43332  30.927  -29.567  69.656 0.1250000000
42412  27.939  -29.916  67.712 0.1250000000
44275  31.876  -28.068  69.422 0.1250000000
116468  30.451  -29.416  68.085 0.1250000000
43295  28.170  -28.374  72.948 0.1250000000
107041  27.230  -28.330  72.810 0.1250000000
43310  26.809  -28.289  71.670 0.1250000000
43324  25.813  -28.070  70.188 0.1250000000
43335  25.875  -28.018  69.412 0.1250000000
44276  25.169  -27.758  69.714 0.1250000000
111754  32.253  -27.346  69.789 0.1250000000
108472  32.086  -27.306  68.918 0.1250000000
45249  32.709  -25.902  69.105 0.1250000000
45267  32.568  -25.719  68.253 0.1250000000
47902  34.296  -23.288  68.847 0.1250000000
113130  45.679  -8.240  53.088 0.1250000000
68454  40.146  -0.097  53.300 0.1250000000
68455  39.576  -0.421  53.259 0.1250000000
70187  41.997  1.175  53.368 0.2500000000
71031  44.156  2.306  51.745 0.2500000000
73509  45.078  6.228  46.379 0.1250000000
122511  46.747  4.348  49.610 0.1250000000
72678  46.031  4.350  48.026 0.1250000000
74351  45.637  6.396  46.611 0.1250000000
73497  47.319  5.767  48.773 0.1250000000
74342  47.594  6.575  48.530 0.1250000000
75250  46.787  7.342  46.930 0.1250000000
75060  5.049  6.305  71.394 0.3750000000
75255  47.074  8.080  46.596 0.1250000000
76140  47.346  8.728  46.180 0.1250000000
77579  8.871  10.296  72.563 0.3750000000
77904  49.893  10.989  40.403 0.1250000000
77015  49.788  10.455  42.552 0.1250000000
77598  8.904  10.689  70.779 0.2500000000
77612  8.909  10.844  69.904 0.2500000000
77630  6.140  10.194  68.118 0.1250000000
78513  8.890  12.075  69.939 0.1250000000
79372  8.586  12.545  70.308 0.2500000000
80070  8.747  13.836  72.991 0.1250000000
78540  4.831  11.534  67.423 0.1250000000
79399  4.142  11.960  65.921 0.1250000000
79400  4.231  12.745  65.676 0.1250000000
125995  7.936  15.854  73.726 0.1250000000
80080  6.367  13.850  71.109 0.2500000000
81992  7.941  16.480  73.900 0.1250000000
81365  5.746  15.072  73.503 0.1250000000
80090  4.960  13.343  69.310 0.1250000000
121671  4.419  16.757  74.865 0.1250000000
107024  5.215  14.341  70.100 0.1250000000
80775  4.465  14.556  67.943 0.1250000000
82024  5.061  16.142  68.692 0.1250000000
82031  4.435  16.109  67.744 0.1250000000
83972  4.088  18.777  74.332 0.1250000000
83317  4.379  17.776  73.245 0.1250000000
83316  4.882  18.477  72.488 0.1250000000
85358  9.515  22.125  80.495 0.1250000000
83975  4.431  18.706  73.319 0.1250000000
83321  5.436  18.128  71.779 0.1250000000
82675  6.005  17.793  71.054 0.1250000000
82680  5.626  16.829  70.848 0.1250000000
82687  7.151  16.837  68.430 0.1250000000
85995  7.878  22.306  80.501 0.1250000000
84676  4.772  20.438  73.615 0.1250000000
83327  7.326  18.284  68.996 0.1250000000
85398  5.572  21.361  72.611 0.1250000000
85397  6.221  21.447  71.944 0.1250000000
83995  7.470  19.263  69.171 0.1250000000
115119  4.648  22.983  75.412 0.1250000000
120542  4.869  21.847  73.720 0.1250000000
86628  5.682  22.869  78.783 0.1250000000
112624  6.469  22.241  71.725 0.1250000000
124292  6.054  22.721  72.121 0.1250000000
87905  7.567  25.564  68.766 0.1250000000
87849  4.744  25.595  80.003 0.1250000000
87880  4.528  25.666  73.647 0.1250000000
87883  5.141  25.538  72.356 0.1250000000
88465  7.475  26.421  69.810 0.1250000000
120769  4.629  27.474  73.282 0.1250000000
107807  4.975  27.916  72.537 0.1250000000
89003  5.981  27.671  71.387 0.1250000000
89537  4.279  29.147  76.192 0.1250000000
119791  4.352  29.280  74.425 0.1250000000
46065  7.279  -25.072  83.601 0.1250000000
46964  5.844  -24.215  83.363 0.1250000000
46965  5.462  -24.472  82.772 0.1250000000
46064  8.155  -25.089  83.765 0.1250000000
48618  5.333  -22.578  82.660 0.1250000000
49491  5.111  -22.145  81.921 0.1250000000
49496  5.003  -22.491  81.507 0.1250000000
48638  4.330  -22.681  79.144 0.1250000000
49517  4.815  -22.210  79.232 0.1250000000
49508  6.031  -21.554  79.308 0.1250000000
49509  5.210  -21.848  79.691 0.1250000000
49516  5.461  -21.923  78.711 0.1250000000
119658  5.307  -22.113  77.919 0.1250000000
49538  5.584  -21.994  76.099 0.1250000000
49527  5.515  -21.905  77.127 0.1250000000
49539  4.902  -22.300  76.456 0.1250000000
105130  6.109  -21.794  72.895 0.1250000000
49500  5.641  -21.414  80.192 0.1250000000
49515  6.415  -21.694  78.444 0.1250000000
49526  6.538  -21.754  77.557 0.1250000000
110306  5.834  -21.891  77.953 0.1250000000
49536  7.393  -21.442  76.198 0.1250000000
49537  6.491  -21.743  76.620 0.1250000000
49549  6.429  -21.606  75.602 0.1250000000
49548  7.429  -21.347  75.279 0.1250000000
49575  6.661  -21.452  73.556 0.1250000000
49561  6.295  -21.416  74.319 0.1250000000
49574  7.747  -21.404  73.373 0.1250000000
49576  5.952  -21.811  73.704 0.1250000000
49587  7.063  -21.544  72.773 0.1250000000
49588  5.870  -22.333  72.074 0.1250000000
106955  6.738  -22.005  72.102 0.1250000000
49621  6.698  -21.819  69.543 0.1250000000
115537  5.514  -22.146  69.148 0.1250000000
49627  6.479  -21.613  68.509 0.1250000000
49525  7.425  -21.591  77.135 0.1250000000
49547  8.369  -21.261  74.863 0.1250000000
121338  6.632  -21.329  74.870 0.1250000000
49559  8.501  -21.267  73.968 0.1250000000
49560  7.384  -21.351  74.316 0.1250000000
49586  8.086  -21.381  72.548 0.1250000000
49585  8.913  -20.894  72.326 0.1250000000
115913  7.518  -21.643  72.112 0.1250000000
49599  7.248  -21.699  71.440 0.1250000000
49600  6.293  -22.244  71.247 0.1250000000
50496  8.875  -20.488  71.618 0.1250000000
49598  8.162  -21.155  71.695 0.1250000000
49609  6.951  -21.791  70.539 0.1250000000
49608  7.754  -21.125  70.843 0.1250000000
50508  8.231  -20.508  70.335 0.1250000000
49620  7.595  -21.156  69.915 0.1250000000
50523  7.290  -21.060  69.008 0.1250000000
50537  7.060  -20.988  68.072 0.1250000000
49635  6.171  -21.201  67.776 0.1250000000
49524  8.270  -21.288  76.707 0.1250000000
49535  8.301  -21.235  75.786 0.1250000000
50482  9.099  -20.916  73.712 0.1250000000
50489  9.354  -20.410  73.028 0.1250000000
50497  8.381  -20.626  71.070 0.1250000000
109396  8.722  -20.066  70.882 0.1250000000
50522  8.123  -20.337  69.382 0.1250000000
112237  7.607  -20.419  68.609 0.1250000000
51423  7.902  -19.606  68.725 0.1250000000
50536  7.185  -20.081  68.123 0.1250000000
118028  6.706  -19.630  67.515 0.1250000000
50546  6.530  -20.411  67.584 0.1250000000
50473  9.059  -20.979  74.461 0.1250000000
107566  9.236  -20.329  72.189 0.1250000000
126363  8.780  -19.498  71.085 0.1250000000
50521  8.371  -19.501  69.628 0.1250000000
52293  8.422  -18.952  70.082 0.1250000000
51436  7.162  -19.335  68.104 0.1250000000
51437  6.777  -19.073  67.501 0.1250000000
50488  9.385  -19.922  72.399 0.1250000000
51385  9.156  -19.425  72.269 0.1250000000
52268  8.856  -18.861  72.624 0.1250000000
51399  8.586  -19.489  70.414 0.1250000000
116232  7.887  -18.719  69.440 0.1250000000
52272  8.796  -19.030  71.686 0.1250000000
52283  8.533  -18.951  70.809 0.1250000000
52273  8.005  -18.446  71.341 0.1250000000
60665  42.616  -9.333  56.768 0.1250000000
60668  41.475  -9.345  55.724 0.1250000000
60672  41.254  -9.113  54.877 0.1250000000
60667  42.228  -8.973  55.995 0.1250000000
61511  43.666  -8.457  55.487 0.1250000000
61512  42.811  -8.567  55.306 0.1250000000
61523  42.579  -8.511  54.396 0.1250000000
61524  41.742  -8.744  54.229 0.1250000000
60673  40.626  -9.457  54.530 0.1250000000
61532  42.287  -8.556  53.387 0.1250000000
61501  43.915  -8.531  56.294 0.1250000000
61510  44.471  -8.468  55.692 0.1250000000
61522  43.475  -8.423  54.615 0.1250000000
61502  43.082  -8.732  56.155 0.1250000000
113156  9.344  -20.408  74.026 0.1250000000
47806  5.595  -23.623  83.210 0.1250000000
109208  44.309  -8.449  54.878 0.1250000000
118200  43.244  -8.387  53.727 0.1250000000
49528  4.935  -22.384  77.426 0.1250000000
50507  8.427  -19.962  70.101 0.1250000000
61513  41.960  -8.751  55.124 0.1250000000
56182  8.781  -14.377  67.558 0.1250000000
56183  7.872  -14.386  67.359 0.1250000000
63921  11.209  -5.387  64.211 0.2500000000
63083  11.309  -6.085  63.009 0.1250000000
63929  11.347  -5.395  63.378 0.1250000000
64862  11.562  -4.709  63.718 0.2500000000
64845  11.509  -4.728  64.541 0.2500000000
110895  11.972  -3.998  64.086 0.2500000000
64835  11.431  -4.680  65.375 0.2500000000
64834  12.150  -4.134  64.965 0.2500000000
117076  12.773  -0.006  64.647 0.1250000000
124683  13.214  -0.405  64.889 0.1250000000
70059  13.530  1.297  66.151 0.1250000000
69230  12.511  0.818  64.351 0.1250000000
70073  13.318  1.450  65.340 0.1250000000
71030  44.919  2.618  52.401 0.1250000000
71823  45.697  3.004  51.690 0.1250000000
108759  45.004  2.459  51.222 0.1250000000
72672  46.871  4.147  50.459 0.1250000000
75302  51.370  7.903  39.646 0.1250000000
77037  51.448  9.465  39.907 0.1250000000
119780  51.021  9.565  39.117 0.1250000000
76186  50.476  8.713  38.674 0.1250000000
119388  51.425  10.330  39.431 0.1250000000
77044  51.351  10.619  38.651 0.1250000000
77052  50.561  9.794  37.287 0.1250000000
77910  51.505  11.358  39.199 0.1250000000
113505  51.512  11.612  38.253 0.1250000000
120382  51.521  11.811  37.638 0.1250000000
77925  51.354  10.864  37.660 0.1250000000
78799  51.414  12.124  38.590 0.1250000000
79598  51.083  12.365  39.049 0.1250000000
78807  51.449  12.123  37.285 0.1250000000
78800  50.870  12.291  38.261 0.1250000000
78820  51.502  12.161  36.358 0.1250000000
77924  51.518  11.662  36.903 0.1250000000
78809  50.486  12.087  36.870 0.1250000000
79606  51.203  12.237  37.905 0.1250000000
79618  51.254  12.313  36.839 0.1250000000
78821  51.005  12.485  36.462 0.1250000000
77938  51.575  11.677  35.917 0.1250000000
78831  51.534  12.116  35.497 0.1250000000
78832  50.964  12.405  35.591 0.1250000000
79640  51.364  12.208  35.177 0.1250000000
79639  51.354  12.083  34.594 0.1250000000
77960  51.497  11.599  34.125 0.1250000000
74104  17.615  6.629  81.348 0.1250000000
74982  18.450  7.405  80.770 0.1250000000
74976  18.045  7.520  81.216 0.1250000000
117278  18.589  8.104  80.435 0.1250000000
74989  18.590  7.358  79.960 0.1250000000
75003  18.479  7.166  78.236 0.1250000000
74978  16.656  7.211  81.074 0.1250000000
124471  18.389  8.048  80.978 0.1250000000
113183  18.710  8.096  79.640 0.1250000000
75870  18.972  8.866  79.473 0.1250000000
74995  18.642  8.002  78.755 0.1250000000
75856  16.810  8.073  81.104 0.1250000000
76694  17.526  8.751  81.151 0.1250000000
75854  18.093  8.378  81.170 0.1250000000
75861  18.476  8.704  80.806 0.1250000000
78453  19.369  11.308  76.405 0.1250000000
114176  16.789  9.018  79.875 0.1250000000
76699  17.933  9.519  80.892 0.1250000000
77516  19.596  10.438  80.093 0.1250000000
77513  18.601  10.085  80.444 0.1250000000
77535  19.942  11.004  77.688 0.1250000000
77522  20.045  10.833  79.243 0.1250000000
76702  19.980  10.344  79.803 0.1250000000
76703  19.475  9.665  80.016 0.1250000000
77527  19.401  10.249  77.892 0.1250000000
109077  19.438  9.542  79.326 0.1250000000
78428  19.711  11.153  80.048 0.1250000000
77517  18.790  10.693  80.232 0.1250000000
76705  17.441  9.623  80.335 0.1250000000
79324  20.783  12.209  78.042 0.1250000000
78444  20.146  11.594  78.565 0.1250000000
77521  20.167  10.864  79.981 0.1250000000
77518  17.675  10.322  79.892 0.1250000000
123161  13.346  0.002  65.168 0.1250000000
71822  46.376  3.610  52.082 0.1250000000
73271  17.119  5.853  81.391 0.1250000000
74105  16.809  6.578  81.255 0.1250000000
77523  17.972  11.034  79.428 0.1250000000
78435  19.893  11.291  79.450 0.1250000000
56193  10.316  -14.410  67.045 0.1250000000
69219  13.494  0.629  65.608 0.1250000000
70915  13.347  2.126  65.849 0.1250000000
71828  46.351  3.495  51.000 0.1250000000
76709  16.862  9.777  79.466 0.1250000000
56195  8.475  -14.930  66.974 0.1250000000
69229  13.167  0.765  64.897 0.1250000000
77045  50.671  9.757  38.221 0.1250000000
118416  51.446  12.077  37.927 0.1250000000
78808  50.940  12.407  37.327 0.1250000000
126224  50.576  12.186  36.217 0.1250000000
77950  51.605  11.704  35.034 0.1250000000
78842  51.135  12.228  34.738 0.1250000000
74103  18.270  6.639  81.027 0.1250000000
75855  17.497  8.041  81.273 0.1250000000
75865  18.850  8.893  80.207 0.1250000000
114059  18.713  7.278  79.093 0.1250000000
109372  17.074  8.954  80.874 0.1250000000
76698  18.699  9.525  80.462 0.1250000000
76704  18.137  10.071  80.532 0.1250000000
123604  19.762  10.061  79.045 0.1250000000
78452  20.242  11.755  77.278 0.1250000000
123550  18.873  9.425  77.996 0.1250000000
119465  22.611  -27.363  74.518 0.1250000000
44213  22.126  -26.671  74.006 0.1250000000
107381  22.437  -27.473  73.692 0.1250000000
44224  21.731  -27.154  73.329 0.1250000000
44214  21.213  -26.389  73.624 0.1250000000
105226  22.279  -27.709  72.877 0.1250000000
44226  20.200  -26.401  73.133 0.1250000000
44253  22.190  -27.595  71.982 0.1250000000
44240  21.531  -27.287  72.608 0.1250000000
44241  20.699  -26.809  72.507 0.1250000000
44242  19.893  -26.305  72.447 0.1250000000
45215  19.313  -26.151  73.021 0.1250000000
120066  21.322  -27.046  71.645 0.1250000000
44254  20.439  -26.458  71.799 0.1250000000
44197  22.912  -27.098  76.301 0.1250000000
44198  22.529  -26.418  75.823 0.1250000000
44205  22.763  -27.214  75.313 0.1250000000
108054  22.264  -26.663  74.900 0.1250000000
44206  21.598  -25.952  74.339 0.1250000000
45200  20.482  -25.943  74.170 0.1250000000
44215  20.286  -26.373  73.586 0.1250000000
45209  19.569  -26.243  73.618 0.1250000000
45210  18.699  -25.934  73.601 0.1250000000
45211  17.711  -25.605  73.569 0.1250000000
45216  18.361  -25.905  72.926 0.1250000000
45228  18.934  -26.151  72.300 0.1250000000
45187  21.804  -25.781  75.313 0.1250000000
46138  14.220  -25.587  76.795 0.1250000000
45181  13.912  -25.805  75.987 0.1250000000
45180  14.834  -25.738  76.142 0.1250000000
45201  19.614  -26.096  74.150 0.1250000000
116371  18.980  -25.960  74.021 0.1250000000
45193  14.464  -25.714  75.426 0.1250000000
45203  15.871  -25.569  74.631 0.1250000000
108708  15.107  -25.543  75.003 0.1250000000
105031  16.702  -25.641  73.406 0.1250000000
105032  15.871  -25.660  73.874 0.1250000000
46124  18.429  -25.423  77.083 0.1250000000
46127  15.515  -25.613  77.708 0.1250000000
46135  19.153  -25.102  76.601 0.1250000000
46136  18.496  -25.457  76.406 0.1250000000
45167  16.980  -25.878  77.328 0.1250000000
45168  16.103  -25.648  77.081 0.1250000000
46137  15.187  -25.436  76.917 0.1250000000
45176  18.974  -25.157  75.790 0.1250000000
104621  18.231  -25.594  75.853 0.1250000000
45177  17.727  -25.750  76.629 0.1250000000
45178  16.794  -25.764  76.447 0.1250000000
45179  15.821  -25.688  76.188 0.1250000000
45189  18.738  -25.274  75.190 0.1250000000
106225  18.075  -25.657  75.141 0.1250000000
45190  17.434  -25.753  75.803 0.1250000000
45191  16.631  -25.703  75.641 0.1250000000
107444  18.072  -25.561  74.281 0.1250000000
105213  17.265  -25.729  75.048 0.1250000000
106326  16.516  -25.626  75.001 0.1250000000
45192  15.869  -25.588  75.352 0.1250000000
117156  15.213  -25.672  75.661 0.1250000000
105033  16.866  -25.609  74.274 0.1250000000
110723  18.253  -25.390  77.950 0.1250000000
46125  17.730  -25.740  77.453 0.1250000000
61424  11.813  -8.101  64.284 0.1250000000
107131  11.377  -6.701  63.571 0.1250000000
62271  11.486  -7.183  64.257 0.1250000000
63075  11.220  -6.439  64.282 0.1250000000
104607  11.147  -5.977  63.857 0.1250000000
69949  20.473  1.023  80.136 0.1250000000
69066  20.172  1.006  79.154 0.1250000000
68272  20.151  -0.150  78.218 0.1250000000
69939  20.409  1.423  80.792 0.1250000000
69950  20.308  1.690  79.894 0.1250000000
105125  17.261  -25.591  78.217 0.1250000000
44225  20.892  -26.800  73.164 0.1250000000
45202  18.855  -25.471  74.533 0.1250000000
105225  15.030  -25.787  74.244 0.1250000000
43242  27.635  -27.804  78.091 0.6250000000
43308  31.232  -28.767  71.856 0.1250000000
43343  30.791  -29.467  68.778 0.1250000000
44180  25.443  -27.614  79.082 0.6250000000
47005  29.982  -24.201  77.429 0.8750000000
47839  12.371  -22.368  78.977 0.1250000000
47850  12.321  -22.106  78.853 0.1250000000
47859  12.294  -22.060  78.703 0.1250000000
48636  12.407  -22.214  79.411 0.1250000000
48637  12.381  -22.165  79.474 0.1250000000
48641  12.428  -22.346  79.119 0.1250000000
48642  12.429  -21.813  78.753 0.1250000000
48645  30.660  -22.451  77.219 0.8750000000
48649  12.359  -22.275  78.894 0.1250000000
49499  12.402  -21.993  79.993 0.1250000000
49523  12.355  -21.964  78.742 0.1250000000
49553  28.625  -21.601  74.949 1.0000000000
49573  8.740  -21.141  73.134 0.1250000000
49596  21.909  -21.559  71.585 1.0000000000
49617  34.717  -21.657  69.403 0.1250000000
51350  29.808  -19.662  76.693 1.0000000000
51392  9.142  -19.866  71.682 0.1250000000
52263  36.414  -18.591  72.757 0.7500000000
53212  29.355  -17.788  76.427 1.0000000000
53233  32.905  -17.298  74.659 1.0000000000
53235  28.691  -17.587  74.618 1.0000000000
55147  29.526  -15.634  73.755 1.0000000000
56970  31.665  -13.288  71.900 1.0000000000
59845  45.024  -10.952  60.269 0.8750000000
60645  46.014  -10.317  61.136 1.0000000000
62325  49.958  -7.791  57.392 1.0000000000
63010  10.640  -6.855  75.683 0.8750000000
63086  45.117  -6.809  62.227 0.8750000000
63788  13.749  -4.950  84.289 0.7500000000
63846  28.253  -6.167  75.761 0.1250000000
64916  39.043  -4.080  58.077 0.1250000000
65699  5.346  -3.206  71.526 0.8750000000
65853  47.320  -2.976  59.387 0.5000000000
66612  6.603  -2.117  72.008 0.8750000000
66615  4.903  -2.553  72.658 0.8750000000
66675  41.414  -2.533  65.941 0.3750000000
67429  21.417  -1.397  81.061 0.3750000000
67477  8.323  -1.373  75.575 0.8750000000
67480  5.235  -1.020  75.431 0.8750000000
67568  46.111  -0.245  61.176 0.5000000000
68254  21.263  -1.060  81.275 0.3750000000
68386  44.587  0.399  62.356 0.3750000000
68404  44.650  0.640  60.761 0.1250000000
68407  41.584  0.236  60.462 0.1250000000
69221  42.406  0.831  64.090 0.3750000000
69234  42.980  1.286  63.428 0.2500000000
69248  44.850  1.252  62.008 0.3750000000
69264  42.663  1.413  61.462 0.2500000000
69274  45.016  1.103  61.264 0.2500000000
70034  39.152  1.369  67.254 0.1250000000
70047  39.329  1.364  66.482 0.1250000000
70085  43.566  1.605  62.769 0.2500000000
70101  44.025  1.729  62.332 0.2500000000
70137  44.534  1.556  61.675 0.2500000000
70188  41.672  1.177  53.055 0.1250000000
70807  19.513  2.387  81.310 0.2500000000
71615  8.859  3.527  84.533 0.7500000000
71663  15.017  3.081  76.437 0.6250000000
72441  10.442  4.388  82.784 0.6250000000
72455  16.592  5.241  80.634 0.5000000000
72489  14.419  4.614  75.948 0.5000000000
73265  10.010  5.665  82.502 0.6250000000
73307  12.403  5.411  76.025 0.5000000000
73315  14.084  5.323  75.681 0.3750000000
73316  13.552  5.997  75.530 0.5000000000
73447  49.340  5.169  53.563 0.5000000000
74093  7.903  6.154  84.227 0.7500000000
74132  11.233  6.707  77.198 0.5000000000
74143  11.625  6.742  76.321 0.3750000000
74154  12.039  6.846  75.720 0.3750000000
74977  17.150  7.359  81.320 0.1250000000
75024  13.668  7.615  75.262 0.2500000000
75026  12.218  7.563  75.547 0.3750000000
75889  11.330  8.964  76.515 0.3750000000
75898  12.431  8.418  75.399 0.2500000000
76693  18.165  9.032  81.034 0.1250000000
76724  11.694  9.610  76.091 0.2500000000
76736  12.944  9.647  75.488 0.2500000000
76984  49.457  9.871  47.997 0.1250000000
77505  5.557  11.058  84.138 0.5000000000
77537  16.097  10.884  76.975 0.1250000000
77597  9.181  11.200  70.570 0.1250000000
78456  14.224  10.813  75.656 0.1250000000
78466  12.872  10.942  75.804 0.2500000000
78746  50.769  11.533  46.219 0.1250000000
78747  50.637  11.482  46.194 0.1250000000
78841  51.510  12.009  34.741 0.1250000000
79334  22.432  12.973  75.759 0.1250000000
79360  22.201  13.021  72.838 0.1250000000
79628  51.322  12.301  35.959 0.1250000000
80696  7.938  14.535  81.058 0.5000000000
80726  23.105  14.662  76.640 0.1250000000
81333  21.241  15.581  78.684 0.1250000000
81344  22.324  15.796  77.500 0.1250000000
81973  21.799  17.127  78.403 0.1250000000
81985  21.320  15.719  76.093 0.1250000000
81995  4.747  16.409  74.902 0.1250000000
82021  7.105  16.525  68.256 0.1250000000
82635  21.544  17.778  78.560 0.1250000000
82638  21.729  17.549  78.134 0.1250000000
82645  20.135  17.736  77.185 0.1250000000
83285  20.970  18.355  78.639 0.1250000000
83291  16.484  19.083  76.386 0.1250000000
83923  15.897  20.114  80.860 0.1250000000
84633  17.466  21.268  79.410 0.1250000000
84640  18.996  21.194  78.824 0.1250000000
84653  19.087  21.071  78.240 0.1250000000
84666  15.408  20.675  76.651 0.1250000000
85374  18.558  21.477  78.457 0.1250000000
86002  16.418  22.217  78.538 0.1250000000
86607  13.077  23.163  81.078 0.1250000000
87265  7.190  24.635  70.749 0.1250000000
87855  4.817  24.897  79.169 0.1250000000
105977  4.371  30.120  75.400 0.1250000000
106067  18.632  20.478  77.640 0.1250000000
106689  4.398  29.892  74.225 0.1250000000
107073  44.072  1.785  62.083 0.2500000000
108235  7.764  22.770  81.095 0.1250000000
109067  28.468  -17.970  74.498 1.0000000000
110872  44.322  -1.723  62.351 0.3750000000
111300  47.476  3.265  54.528 0.6250000000
112162  35.009  -1.875  58.580 0.1250000000
112935  42.003  -10.569  57.022 0.1250000000
115268  12.257  -22.091  79.050 0.1250000000
117181  15.439  8.110  76.838 0.2500000000
118651  51.202  11.974  34.158 0.1250000000
118968  12.399  -21.978  79.696 0.1250000000
119057  5.905  26.255  71.495 0.1250000000
119128  38.500  -10.524  66.328 1.0000000000
119196  17.232  -18.637  68.538 1.0000000000
119244  39.850  1.328  62.620 0.1250000000
119552  26.569  -7.170  74.737 0.1250000000
120339  42.946  -4.845  58.015 0.3750000000
121294  11.809  1.388  83.117 0.7500000000
121949  19.248  21.066  78.735 0.1250000000
122203  5.420  4.240  84.360 0.7500000000
123350  11.055  6.441  77.727 0.5000000000
123465  35.131  -2.626  58.451 0.1250000000
123483  14.508  15.264  78.967 0.2500000000
123643  4.379  20.401  74.776 0.1250000000
123718  5.152  15.008  69.901 0.1250000000
123787  32.283  -4.084  74.157 0.1250000000
124061  28.615  -6.834  71.663 0.1250000000
124303  41.849  0.876  64.210 0.2500000000
124583  36.522  -14.726  72.441 0.7500000000
124604  4.726  4.935  70.190 0.3750000000
124641  27.940  -15.642  68.993 0.8750000000
124973  38.767  1.338  66.850 0.1250000000
125135  7.266  26.385  67.637 0.1250000000
125415  30.835  -12.789  69.857 1.0000000000
125788  32.097  -17.015  75.274 1.0000000000
125941  32.969  -25.521  70.922 0.2500000000
125955  40.195  -0.223  60.370 0.1250000000
126207  7.230  27.343  70.236 0.1250000000
126388  49.500  10.503  46.730 0.1250000000
126543  35.320  -21.620  70.298 0.1250000000
