global_signal	global_signal_derivative1	global_signal_derivative1_power2	global_signal_power2	csf	csf_derivative1	csf_derivative1_power2	csf_power2	white_matter	white_matter_derivative1	white_matter_power2	white_matter_derivative1_power2	csf_wm	tcompcor	std_dvars	dvars	framewise_displacement	rmsd	t_comp_cor_00	t_comp_cor_01	t_comp_cor_02	t_comp_cor_03	t_comp_cor_04	c_comp_cor_00	c_comp_cor_01	c_comp_cor_02	c_comp_cor_03	c_comp_cor_04	c_comp_cor_05	c_comp_cor_06	c_comp_cor_07	c_comp_cor_08	c_comp_cor_09	c_comp_cor_10	w_comp_cor_00	w_comp_cor_01	w_comp_cor_02	w_comp_cor_03	w_comp_cor_04	w_comp_cor_05	w_comp_cor_06	w_comp_cor_07	w_comp_cor_08	w_comp_cor_09	w_comp_cor_10	w_comp_cor_11	w_comp_cor_12	w_comp_cor_13	w_comp_cor_14	w_comp_cor_15	w_comp_cor_16	w_comp_cor_17	w_comp_cor_18	w_comp_cor_19	w_comp_cor_20	w_comp_cor_21	w_comp_cor_22	w_comp_cor_23	w_comp_cor_24	w_comp_cor_25	w_comp_cor_26	w_comp_cor_27	w_comp_cor_28	w_comp_cor_29	w_comp_cor_30	w_comp_cor_31	w_comp_cor_32	w_comp_cor_33	w_comp_cor_34	w_comp_cor_35	w_comp_cor_36	w_comp_cor_37	w_comp_cor_38	w_comp_cor_39	w_comp_cor_40	w_comp_cor_41	a_comp_cor_00	a_comp_cor_01	a_comp_cor_02	a_comp_cor_03	a_comp_cor_04	a_comp_cor_05	a_comp_cor_06	a_comp_cor_07	a_comp_cor_08	a_comp_cor_09	a_comp_cor_10	a_comp_cor_11	a_comp_cor_12	a_comp_cor_13	a_comp_cor_14	a_comp_cor_15	a_comp_cor_16	a_comp_cor_17	a_comp_cor_18	a_comp_cor_19	a_comp_cor_20	a_comp_cor_21	a_comp_cor_22	a_comp_cor_23	a_comp_cor_24	a_comp_cor_25	a_comp_cor_26	a_comp_cor_27	a_comp_cor_28	a_comp_cor_29	a_comp_cor_30	a_comp_cor_31	a_comp_cor_32	a_comp_cor_33	a_comp_cor_34	a_comp_cor_35	a_comp_cor_36	a_comp_cor_37	a_comp_cor_38	a_comp_cor_39	a_comp_cor_40	edge_comp_00	edge_comp_01	edge_comp_02	edge_comp_03	edge_comp_04	edge_comp_05	edge_comp_06	edge_comp_07	edge_comp_08	edge_comp_09	edge_comp_10	edge_comp_11	edge_comp_12	edge_comp_13	edge_comp_14	edge_comp_15	edge_comp_16	edge_comp_17	edge_comp_18	edge_comp_19	edge_comp_20	edge_comp_21	edge_comp_22	edge_comp_23	cosine00	cosine01	cosine02	cosine03	trans_x	trans_x_derivative1	trans_x_derivative1_power2	trans_x_power2	trans_y	trans_y_derivative1	trans_y_power2	trans_y_derivative1_power2	trans_z	trans_z_derivative1	trans_z_derivative1_power2	trans_z_power2	rot_x	rot_x_derivative1	rot_x_derivative1_power2	rot_x_power2	rot_y	rot_y_derivative1	rot_y_derivative1_power2	rot_y_power2	rot_z	rot_z_derivative1	rot_z_derivative1_power2	rot_z_power2
851.8607798949224	n/a	n/a	725666.7883231854	1090.119698805433	n/a	n/a	1188360.957723648	811.1983098736491	n/a	658042.6979418648	n/a	827.2643215832194	754.0832259770918	n/a	n/a	n/a	n/a	-0.1032868283	0.0452507654	-0.0192716376	0.0430004023	-0.0597409876	0.1131970443	-0.0342580079	0.1177842799	-0.0402459422	0.1161026352	-0.1285934402	0.0211407806	-0.1940662586	0.1666315685	-0.0705457477	0.0894425009	0.0832543365	0.0128380129	-0.0355311026	0.0005275027	-0.0411487421	0.0384603864	-0.056617327	0.150327025	-0.06715833	0.1653661155	-0.0151313224	0.0060860814	-0.0938817044	0.0073070376	-0.0536732389	0.148952605	-0.027992607	0.0711821579	0.0676877015	-0.0477932988	0.1420300863	0.0495683572	-0.0956595482	-0.041334934	0.1074311615	0.1258090393	-0.1346696435	0.0791973533	0.0040860896	-0.0807667953	-0.0056478308	-0.0185854068	-0.0608864618	0.1486243358	-0.0399627119	-0.0704951931	-0.0113972578	-0.0718059364	0.092706781	0.0216201095	-0.1368019948	-0.089568946	0.0911492905	-0.0581122195	0.0178969147	-0.0117255174	0.0360360356	-0.013297795	0.0900472386	-0.1054404849	0.2012168504	-0.0786177422	0.2210411694	-0.1097150996	0.0893068092	-0.076784844	0.0401060965	-0.0061079798	0.0946455855	-0.0491647818	0.0506989227	-0.002662425	-0.0461296085	0.0101682173	0.0579615009	-0.0518400851	0.1143509497	0.027728056	-0.1367917961	-0.0119264067	-0.0109447799	0.1303589633	0.0204952877	-0.151923402	0.0733829246	0.0240094627	0.221747551	-0.0356187678	-0.0303577627	-0.0031129441	-0.0599072842	0.1719361794	-0.0908790726	0.091158784	-0.0208713841	0.0063977647	-0.0911534124	-0.0088483713	0.0085381039	-0.018125082	0.0130701002	-0.0731726757	0.0743798142	-0.0945414332	0.0159534219	-0.0526758063	-0.051327016	0.0240719603	-0.0834839373	0.0958034985	-0.1595587564	0.0259232284	-0.1777963512	0.1286923833	-0.0066083711	0.1895171629	-0.0734579335	0.1290883846	0.1290552057	0.1289999139	0.1289225186	-0.0365050637218047	n/a	n/a	0.001332619677333	-0.0356420407708384	n/a	0.0012703550703101	n/a	-0.0362003742264178	n/a	n/a	0.0013104670941326	0.0001488103394774	n/a	n/a	2.214451713537903e-08	-0.0010340245817852	n/a	n/a	1.069206835736058e-06	-0.0003669231509623	n/a	n/a	1.346325987121028e-07
848.999342493934	-2.861437400988393	8.18782399977521	720799.8835551323	1077.3323336399442	-12.787365165488836	163.51670787555733	1160644.957106088	810.0264221704666	-1.171887703182506	656142.804614287	1.3733207888703691	825.625441914014	735.3605023608415	0.952317	23.519979	0.0245508090480439	0.0148630307336963	-0.0339292122	0.0281611283	-0.0299883512	0.0189808458	0.0202070102	0.0527135959	-0.0025350147	0.0354975079	0.122639279	0.0772043166	-0.0278503745	-0.0809113593	-0.0948771792	0.1098001288	-0.088214491	-0.0422954553	-0.0378873682	-0.0297463022	0.0733216935	-0.0148883932	0.0179740961	0.0718725044	-0.0055720637	-0.0667799935	-0.1881485748	-0.0443445319	-0.1503827547	-0.0357972653	0.0513092719	-0.0123880639	-0.1683249276	-0.0194855946	0.0162545873	-0.1029973193	-0.0164924444	-0.1485158671	0.0169886275	-0.1068090163	0.0557811641	0.023963329	0.0107287331	0.0499485723	0.0596301036	0.1720259904	-0.0278103086	0.0293685425	0.1060140688	0.1396657406	0.0729029257	0.0056286521	0.0861957589	-0.0916204767	-0.1212733547	0.0150447147	0.1250350741	-0.1087727932	-0.1115416774	0.0416637857	0.0096725717	-0.0510309224	-0.0585852717	-0.0210805716	0.0249137355	0.0566444275	-0.0621923519	-0.1375493951	0.2044999109	0.0453259695	-0.0594996632	-0.0107567077	-0.0563442836	0.1792160993	-0.1047925108	0.0594015474	0.0997787261	0.1233189083	-0.120726784	-0.146998264	0.1036241148	-0.1311824928	-0.0447532075	-0.0823059937	0.0803173501	-0.0825288101	-0.0680451078	-0.0479508409	-0.007152776	-0.033012387	0.0241406808	0.0889975523	0.1176706722	-0.0225106745	0.0612968105	0.0101614553	0.1452102745	0.0156487313	0.0540409746	-0.1548355895	-0.0597948265	0.036676615	-0.0630771999	0.098758645	0.0042886607	-0.0668753388	-0.0821531304	-0.0578243337	-0.0537156255	-0.1086340746	0.0097411642	0.0193598748	0.0207140882	-0.0663137087	0.2033582598	0.0491723368	-0.1510453813	-0.162527046	-0.0136871193	0.1359740495	0.0020934307	0.0552427699	-0.209731583	0.0911329608	-0.0747844641	0.1289999139	0.1287014744	0.1282045865	0.1275100165	-0.036529441122127	-2.4377400322302123e-05	5.942576464737755e-10	0.0013344000686949	-0.0219824473984004	0.0136595933724379	0.0004832279936234	0.0001865844911003	-0.0402200257404103	-0.0040196515139925	1.6157598293942202e-05	0.0016176504705592	5.18309681563773e-05	-9.69793713210227e-05	9.4049984618208e-09	2.686449260027398e-09	-0.0010340101156183	1.446616690000714e-08	2.0926998477886222e-16	1.06917691920097e-06	-0.0003269732532244	3.994989773790003e-05	1.5959943292686702e-09	1.069115083241476e-07
847.1985454173597	-1.8007970765743266	3.2428701109986413	717745.37535729	1076.5508786276664	-0.7814550122777746	0.6106719362140568	1158961.7942740005	810.2186900341352	0.1922678636685759	656454.32568063	0.0369669313996781	825.337472888701	725.1501269046016	0.978724	24.172176	0.0588658986930156	0.0350508605753808	0.0309914584	-0.0087763986	-0.080036441	0.0212560112	0.018435695	-0.0424424303	-0.0570090459	0.0727872137	-0.0196744859	0.1056936859	0.0510051328	-0.0711846632	0.04864669	-0.107090593	-0.1470901766	0.0323747639	-0.0393898568	-0.0044436063	-0.1188113488	-0.0885111367	0.0759401647	0.0942815916	0.1392331255	0.0891574837	-0.0401272592	-0.1092914321	0.0378987818	0.1087477781	-0.0098945521	-0.0356101688	-0.0318353698	-0.0235384586	0.0424124787	-0.0798702465	0.1690584746	0.0583343054	0.0576081532	0.0462706233	-0.0178879352	-0.1200466734	-0.0245298094	-0.014865017	0.2130575196	0.0013549498	0.0618330009	0.1082523278	0.0211429174	0.0488000609	0.0242204701	-0.2053009291	-0.029443213	0.0284698469	0.0841312968	-0.1636613679	-0.0138077975	-0.0363375204	-0.1318732458	0.1851784928	0.0043099239	0.0750640249	0.0256786134	-0.1158983663	0.1028812486	-0.043086428	-0.0734597325	-0.0851551433	-0.1300208475	-0.0552397488	-0.079231845	0.0206887659	0.0487856186	0.1011168884	-0.0268134363	0.0810802198	-0.083280176	-0.0707232819	0.0479227447	0.098214998	-0.1008930988	-0.0297927657	0.1535408313	0.0237447384	-0.0404448135	-0.0898601789	0.0521685905	0.1365344282	0.0316860487	-0.0285989027	0.0320924763	0.017630331	0.1077369972	-0.0779111822	-0.245990754	0.0517674801	-0.0179147274	-0.0301378113	0.1399009471	-0.0990587629	-0.1801784293	-0.0848807668	0.0761265113	0.0468002127	-0.021659823	-0.0070315624	0.0122026373	-0.0779064504	0.0251567305	-0.011085878	0.1498259909	-0.0149399343	-0.0535337422	0.1171882471	0.0550983209	0.0783094187	-0.0108484053	-0.0455250626	0.0096051517	0.0410796156	0.0382764383	-0.0147502935	-0.0327611734	-0.0399270344	-0.0446646431	0.1288230331	0.1279949812	0.1266188352	0.124700488	-0.0152874605493451	0.0212419805727819	0.0004512217386544	0.0002337064500477	-0.0219569638907017	2.548350769870228e-05	0.0004821082632975	6.494091646298182e-10	-0.0402597706805991	-3.974494018879615e-05	1.5796602706109834e-09	0.0016208491352544	6.699996290797701e-05	1.516899475159971e-05	2.3009840177405955e-10	4.488995029670296e-09	-0.0006249995080149	0.0004090106076034	1.672896771321025e-07	3.906243850188671e-07	2.093786752448992e-08	0.0003269941910919	1.0692520100786205e-07	4.383942964730897e-16
846.875263312918	-0.3232821044416596	0.1045113190522281	717197.7116113242	1069.2516784034824	-7.299200224184005	53.27832391272784	1143299.151768664	810.0452689028488	-0.1734211312864317	656173.3376718885	0.0300748887766658	824.7728221020981	723.3656162125366	0.922708	22.7887	0.0640220701940225	0.0364682535311712	0.0652806712	0.0005440505	-0.0423464828	-0.069527358	-0.0059992328	-0.0992098071	0.0148560315	-0.0582257069	-0.0467999558	0.0261051507	-0.1374160679	-0.0582551836	0.0018424116	0.0431088087	-0.050673952	0.0485526737	-0.0496989843	-0.0149682109	-0.088409519	-0.0458359927	0.0369551897	-0.0693844542	0.0319241683	0.0305665945	-0.1236312658	-0.0208539376	0.029844595	0.0058628352	-0.1168604773	-0.0724541475	0.1622537349	0.056701405	0.0528258896	-0.0644131907	-0.145946325	0.1026020116	0.0176167754	-0.0438347811	-0.1624698167	-0.0767308917	-0.1167831288	-0.0424476692	0.0254597062	-0.0866951141	-0.0499496524	-0.0591551158	-0.0680255522	0.0484653033	0.0125620385	-0.0279917327	-0.1533977373	0.0013725439	-0.0452232862	-0.1219512367	-0.0919956998	-0.0831342882	0.0583275978	-0.1633192634	-0.0375615045	0.0605749383	-0.0202492146	-0.0536903357	0.0621444937	-0.0175403563	0.0243533776	0.0887859762	0.0514721968	0.0918368023	0.0455700677	-0.1515938881	-0.0665464803	-0.093544707	0.0266796507	0.0492668728	-0.0295790342	0.0331232479	0.160042008	0.0958963834	0.004046554	0.012434008	0.1023248629	0.0513850524	0.0679455137	0.1434320366	0.0454241731	0.1140685814	0.0080212963	-0.0957825379	-0.007260018	0.0101346087	0.018094292	-0.0225365903	-0.0646368606	0.1499921724	0.008466298	0.1256177776	0.0098765476	0.1221827125	-0.0311139964	-0.0361686143	0.1099779124	-0.0027273152	0.0557826123	-0.0304503958	0.0066500867	0.041864697	0.0034099377	0.0066265931	0.0815706399	-0.0231242848	0.0999472284	-0.0009880307	-0.0476953744	0.0084439982	-0.1407833102	0.0489684428	-0.0710426432	-0.2224261565	-0.0245604183	-0.0504049944	0.0987679982	0.0638813034	0.1107485666	0.1285578634	0.1269376627	0.1242524367	0.1205247148	-0.0095959330479473	0.0056915275013978	3.239348529916748e-05	9.208193106068715e-05	0.0060952682074599	0.0280522320981616	3.715229452087142e-05	0.0007869277256891	-0.0335839902476067	0.0066757804329923	4.456604438952417e-05	0.0011278844009513	0.0001300000691068	6.300010619882298e-05	3.969013381062974e-09	1.6900017967772774e-08	-0.0010340037506986	-0.0004090042426837	1.6728447053326694e-07	1.0691637564587724e-06	6.719221441589052e-08	4.62543468914006e-08	2.1394646063500205e-15	4.514793678111006e-15
848.5547558033301	1.6794924904120307	2.820695025350405	720045.1735964491	1067.376917985465	-1.8747604180173312	3.5147266249645184	1139293.4850481502	810.9359403528696	0.8906714500208182	657617.0993559929	0.7932956318821868	825.8244614453918	725.4590684687731	0.964046	23.809662	0.0709413893743026	0.0352605520303575	0.002684838	-0.0526368737	-0.0813609613	0.0860333102	-0.0179997135	0.0380263837	0.0643595076	-0.0888074612	0.0224111552	0.1329398848	0.0219196655	-0.0198573703	-0.1293442637	0.03332685	-0.0934757985	0.1744731189	0.0474074448	-0.0445646603	0.0539833623	0.0891119854	0.0396854821	-0.1451897295	-0.0572317255	-0.0307764902	-0.026886852	0.1375667756	0.0018163378	-0.061690742	0.1201845718	0.1420139033	-0.0556481836	-0.1063413184	0.0233871268	-0.0203831514	-0.2161543615	-0.0087916747	0.0854644716	-0.0844196885	0.0035636653	-0.0803528842	0.034349361	-0.1135417527	0.1017373377	-0.0531680749	-0.0235772206	0.1409788294	0.105026446	0.0476976554	-0.0647553242	0.0370865146	0.129771968	0.0288642941	0.0320662273	0.1866401161	0.0695975583	0.0281951684	0.0090445915	-0.0129832958	-0.0297669837	-0.108734593	0.0471465075	-0.0464994188	-0.0647598958	0.0572797925	0.158224758	0.0599081065	0.0916393564	-0.0704572203	-0.0746302753	0.0916839808	0.0254466881	-0.0362975688	-0.0109936993	-0.0059613891	-0.0358420434	0.0268596197	0.0386850863	-0.0593076109	0.1307388988	0.0864438965	-0.1183668631	0.0483823852	0.0937872577	0.0177372364	0.0030528912	0.1653487525	-0.0429461761	0.0522365436	0.0419542839	0.1689257811	0.0726149308	-0.0220157147	0.0279139018	0.0214968077	0.045187876	0.0383479099	0.0930416422	-0.0007896189	0.1585885258	0.1195581615	-0.0240086537	0.0108904721	0.0902601992	-0.1207984062	-0.0367746813	-0.0862433769	0.0057509368	-0.01397199	0.0409214771	-0.0794801515	0.1980970859	-0.0410537151	0.0644427537	0.0064177507	-0.1445082996	-0.0540017191	0.0818270402	-0.0151877951	-0.0518085727	0.0889852634	0.0598278673	-0.0235101229	0.1446775367	0.1282045865	0.1255324169	0.1211199807	0.1150284477	-0.0097838841230384	-0.0001879510750911	3.532560662790048e-08	9.572438853304288e-05	-0.003497655533323	-0.0095929237407829	1.2233594229785e-05	9.20241858964762e-05	-0.0213835215452675	0.0122004687023392	0.0001488514365567	0.0004572549936769	-1.112372449457296e-05	-0.0001411237936013	1.9915925120442917e-08	1.2373724663116246e-10	-0.0006049972711545	0.000429006479544	1.8404655949082226e-07	3.6602169810439163e-07	-0.0004090034517619	-0.0004090706439763	1.673387917631978e-07	1.6728382355314888e-07
847.3277305082078	-1.2270252951223029	1.5055910748699743	717964.28288819	1067.903621879356	0.5267038938909536	0.2774169918398929	1140418.145623047	811.2851890558618	0.3492487029922131	658183.6579814054	0.121974656541743	825.8485716495883	724.2685251950278	1.015528	25.081144	0.0281847804974808	0.0157083089553412	0.0260922	0.0217283672	0.0637510906	-0.0277491559	-0.0798172317	-0.0166345438	0.014590665	-0.0519024101	0.0462350132	0.0206974874	-0.1403641882	-0.0713348606	0.1829782338	-0.1225493648	-0.1073443804	-0.0863860852	0.0820861948	0.0407734962	0.0795676325	0.1310660219	0.0038759939	-0.0923841408	-0.0441117814	-0.0439498505	0.016278765	-0.0536387396	0.0582321366	0.0117654379	-0.0561419083	0.1512978536	0.0824986652	0.0488259299	-0.116904043	0.0195162879	0.1246343415	0.0227244047	0.0158203923	0.0194591837	0.115165822	-0.0659550776	0.0046253294	-0.088004589	-0.2008486854	-0.1394589848	0.0482527645	-0.0931022008	0.0810720081	-0.1309367379	0.0394579932	-0.1131584309	-0.0080876363	-0.084875064	0.0865920596	0.2410432637	0.0139561795	0.1143975146	-0.1618062876	0.001587886	0.0365247631	-0.0572932798	0.0064278736	-0.0075089493	-0.1177273125	-0.0428229803	-0.1024519862	0.1973631598	-0.0349290153	0.0146248459	0.0343975624	0.0747057182	-0.0611263365	0.0184322699	0.1003608375	-0.0995475769	0.0812288304	-0.0487961629	0.1555504796	-0.0478156387	0.0232152154	0.0306889578	0.0964591019	-0.0387603758	-0.0843116197	-0.0301215465	-0.1062098313	-0.0076529305	-0.1639301083	0.0955220425	0.1057971523	-0.061903898	-0.0113238862	0.0920880933	0.091865041	0.1401940918	-0.0866598879	-0.1290954201	-0.080594359	0.0686396941	0.1091852555	-0.1233779201	-0.0031943669	0.086852388	-0.013704505	0.0011558666	0.1581635624	0.0340266972	0.0292784876	0.0005641812	0.2369669602	-0.0119424266	-0.0189773739	0.1072025928	-0.0560412663	-0.0534548345	0.0465093535	0.005041801	-0.0996488086	-0.0094718442	0.070757406	0.0214929288	-0.0029692045	0.026481252	0.0757261107	0.1277634447	0.1237830955	0.1172407796	0.1082719048	-0.0097514514803407	3.243264269769952e-05	1.051876312356642e-09	9.509080597343884e-05	-0.0067007239242826	-0.0032030683909595	4.48997011094532e-05	1.025964711716452e-05	-0.0325801037072324	-0.0111965821619648	0.0001253634521096	0.001061463157574	0.0001298489756336	0.0001409727001281	1.9873302181427783e-08	1.686075647309525e-08	-0.000739026814833	-0.0001340295436784	1.7963918578666918e-08	5.461606330422092e-07	-0.0004089517495314	5.1702230499976135e-08	2.6731206386726625e-15	1.6724153344479295e-07
847.6050336189962	0.2773031107884662	0.0768970152529603	718434.2930162597	1072.3702611013073	4.466639221951255	19.950865939073307	1149977.976894486	810.931532263004	-0.3536567928578051	657609.9500184235	0.1250731271344685	825.7987539629734	722.0304843336148	0.970567	23.970713	0.064004291858248	0.0314016908642843	0.0246873036	-0.039438875	-0.0084252054	-0.1337391316	-0.012878569	-0.0991859892	-0.0499748231	0.0477299498	0.0793233742	-0.1122150006	-0.0289959281	0.0343153703	-0.0262084842	0.0977920371	0.0169324251	0.0077779151	0.0413196654	0.0954626724	-0.0530348135	0.0020884928	0.0288871755	0.1280771418	-0.1104562836	-0.0035758537	-0.0533660627	-0.0539604383	-0.0745598871	0.1248417903	0.0563890095	-0.0235406657	-0.0649510496	-0.0267289396	0.0708527998	0.0844062603	-0.0368645792	-0.0597690921	0.1195821826	0.1070779726	0.1460768236	0.0224365789	-0.013995558	-0.0550376828	-0.1129229448	0.0479125958	0.0389084435	0.0001932484	-0.1149512625	-0.0644809263	-0.0099534467	-0.0653696152	0.0996217194	-0.1298049848	-0.0276565115	-0.095194107	-0.0472439707	0.0909788238	0.1709083359	0.0509292751	0.0873933273	0.1402868826	0.0021946755	0.0514743915	-0.0527374109	0.0901987513	-0.0743660514	-0.0830002015	0.0765686453	-0.0153928494	-0.0487483331	0.0537107202	-0.0402143441	0.062088217	0.0942990317	-0.0189221053	0.0956464457	0.0795108461	-0.0493955214	0.0600255298	-0.0587784444	0.0608101407	-0.0190433758	0.0550582293	-0.0048039021	-0.0233680253	-0.0519284792	-0.0614315183	0.0123635973	0.0903565206	0.0117214094	0.0483848915	-0.120141184	0.0396117886	-0.0417227313	0.0438312956	0.1099032039	-0.1116082654	-0.0013144525	0.0235110669	-0.025335455	-0.0234147792	0.0738548533	-0.0588670704	0.0756731798	-0.0591450056	0.0059398372	0.0335806994	-0.0225257669	-0.0948726508	0.0991633567	0.0634881284	0.0663491348	-0.2208342667	0.025903835	0.121300075	0.1263922594	0.0247774787	-0.0809918104	0.0982998811	0.06533959	-0.0132474042	-0.0414578992	0.0210332332	0.0666744989	0.1272347401	0.1216944932	0.1126387502	0.1003291122	-0.0097898925528596	-3.844107251889904e-05	1.477716056403255e-09	9.584199619653585e-05	0.0017050145250863	0.0084057384493689	2.9070745307552614e-06	7.065643887919866e-05	-0.0245734593643121	0.0080066443429202	6.410635363401759e-05	0.0006038549051294	-0.000113092595343	-0.0002429415709766	5.90206069085784e-08	1.2789935121415544e-08	-0.0002809627622633	0.0004580640525696	2.0982267625657687e-07	7.894007377862363e-08	-0.0006590154858539	-0.0002500637363224	6.253187222356878e-08	4.343014105952518e-07
846.8784731190525	-0.7265604999437301	0.527890160078483	717203.1482324577	1069.3777903956495	-2.992470705657752	8.954880924219802	1143568.8585914818	809.273394706956	-1.6581375560480185	654923.4273805205	2.749420154776895	824.8200823565792	723.7923008020229	1.006844	24.866684	0.0787815087047181	0.0411735248047851	0.0171415867	-0.0661810503	-0.1001650418	0.0919493303	-0.1807518302	-0.0021315704	0.1163011	-0.0367720214	0.0634918477	0.1564652775	0.0464403482	0.0310317189	-0.0835717047	-0.0223833185	-0.0794955173	-0.0799598442	-0.0844748018	-0.0345644751	0.0980685864	0.0901830811	0.0774854689	-0.0919483952	0.1340543869	0.0371540455	-0.1361619797	0.0290059123	-0.1479383428	0.0290058884	0.0289061414	0.037976222	0.0159412667	-0.009470062	0.2192180088	-0.0039236332	0.0766312151	-0.0282100414	-0.1147587559	0.0237428215	-0.1346292516	0.1353805688	0.129066793	0.0552973741	0.1379576567	-0.1425616518	0.0366619526	-0.1528898137	-0.0838554149	-0.1210110549	0.0114841593	0.0433949543	-0.0136671075	0.049699707	0.0343959422	0.0886888384	-0.0577137272	0.0306684183	0.0494398798	0.1296726411	-0.0421047202	-0.101002767	-0.0683053855	-0.1403515559	-0.031915756	-0.0341244204	0.0009689889	-0.0324283371	0.0996743144	-0.0099539903	-0.1853581468	0.0921893597	0.0949123419	-0.0327554683	-0.0234289179	0.1976698889	-0.0620553566	-0.0677167967	-0.0518686423	-0.0024943519	-0.0165457284	-0.0251001093	0.0231974318	0.1513632426	-0.1033186753	0.0387834628	0.0316927703	0.0457169159	0.0950306306	-0.2583991933	0.0742970567	-0.0874728001	-0.1465311013	-0.1076838016	0.0769594534	-0.1517458777	-0.1368662581	-0.0668046932	-0.1973505299	-0.1083683626	-0.0004532329	0.007746646	-0.0467173557	0.107883013	0.0498592273	-0.140895842	0.0188887802	-0.1225604733	0.0696126335	-0.0112751035	0.0239217096	-0.116217823	-0.0752622107	0.0794245339	0.1237568411	0.0825385462	-0.0038031677	0.0500837909	0.1680514295	-0.012367057	0.0530050319	-0.1596357626	-0.0788552299	-0.0579531769	0.0426953242	0.1266188352	0.1192723348	0.1073422654	0.0912870929	-0.0218000348861977	-0.0120101423333381	0.000144243518867	0.0004752415210394	-0.0072651603712756	-0.0089701748963619	5.278255522035341e-05	8.046403767132123e-05	0.0120750089093419	0.036648468273654	0.001343110226805	0.0001458058401606	-8.402802009141715e-05	2.906457525158285e-05	8.447495345549222e-10	7.060708160483604e-09	-0.0001369826884658	0.0001439800737975	2.0730261650733543e-08	1.8764256939318422e-08	-0.0004090056708757	0.0002500098149782	6.250490758543379e-08	1.6728563880848142e-07
846.5689408448839	-0.3095322741686459	0.0958102287520138	716678.9716032285	1065.6930588211756	-3.684731574473972	13.577246775925436	1135701.6956196337	809.7064764588215	0.4330817518655294	655624.5780193601	0.187559803798916	823.8704147698179	714.2934725707527	1.003722	24.789577	0.0731699653557304	0.0461146431337861	0.0537601896	-0.0595133226	0.1312071228	-0.0853562184	-0.0762133076	-0.0578082725	0.0054320844	-0.0837156682	-0.0957089257	-0.074744083	-0.1388634738	-0.0364088334	0.1161155743	-0.0409160727	-0.0723988028	-0.0586736816	-0.0812256042	-0.0863131394	0.0196979846	-0.010058923	-0.0738403813	-0.1729478467	-0.0331900455	-0.0525168329	-0.1372329251	-0.0813634006	0.0628594438	-0.0240535969	-0.0468182362	-0.0385405358	-0.1305605045	0.1607700556	-0.1008552403	0.0143079169	0.0173053444	0.0746369982	-0.1274511847	0.049466408	-0.0182510915	0.0340967645	-0.0439790087	0.0428977028	0.1387269474	0.0308396762	0.103083658	-0.0893191099	0.0950441074	0.0216745083	0.1089028464	-0.0262947878	0.0558109299	-0.050451327	0.0967631208	0.0589339068	-0.014228865	-0.0683761195	-0.1046649434	-0.1909467194	-0.099976474	-0.008921059	-0.0005327837	0.0259702337	0.078835794	-0.1069282329	-0.0623678376	0.1831802717	0.0288505094	0.1048160366	0.0271909261	-0.0470604344	-0.0500448936	0.0715211799	0.0066415026	0.0037937351	0.1632853242	0.009694405	0.0204823564	0.0796735013	-0.0155286039	0.0177171621	0.0415507529	-0.100249019	0.0128420249	0.0794755587	0.1035910743	-0.0615360518	-0.0306009472	0.0197869676	0.0742915015	0.032537898	0.1355297352	-0.2077024181	0.0830120543	-0.1546463481	-0.0750772448	-0.0671322938	-0.0510287607	0.0287865965	0.0540055951	-0.0930097724	0.0481222208	0.0250122191	-0.0886432355	0.0300383134	0.1494819568	0.0671707261	-0.001684122	-0.0463781797	0.1514596697	-0.025916131	-0.0514891944	-0.0021442505	0.0165731082	-0.0093204181	0.1328149914	-0.0425829687	0.0020317063	-0.1394468643	0.0423660585	-0.0701303695	-0.0004204611	0.0082781416	-0.0037670343	0.1259161521	0.1165232592	0.1013839798	0.0812449131	-0.0164678762317862	0.0053321586544115	2.8431915915815467e-05	0.0002711909475854	-0.0060184401047251	0.0012467202665505	3.622162129416347e-05	1.5543114230277502e-06	-0.0324624732947924	-0.0445374822041342	0.0019835873210835	0.0010538121724151	-0.0002380867253806	-0.0001540587052891	2.373408467537929e-08	5.668528880245724e-08	-0.0004239511113357	-0.0002869684228699	8.235087572443774e-08	1.797345448027751e-07	-0.0004090506273293	-4.4956453600010933e-08	2.021082720289936e-15	1.6732241571849386e-07
847.7185309082387	1.1495900633548215	1.321557313764143	718626.7076452224	1074.2030346502406	8.50997582906507	72.41968861127172	1153912.159651786	809.5491112947631	-0.157365164058433	655369.7635981407	0.0247637948591375	824.3881102781031	727.2274186113034	0.99468	24.566254	0.0884433691595849	0.060180833033766	-0.0178630053	-0.0119124909	0.0352889958	-0.1401278122	0.0118711122	-0.0177959388	-0.031527803	0.0601924911	-0.0516864858	-0.0997336588	-0.0051831777	0.0891590618	-0.0953749502	0.0529468094	0.0842985146	0.2196449757	-0.0353527408	0.0516834553	-0.0276346589	-0.235750205	-0.0350249413	0.0946594422	-0.0141984421	0.1042840203	0.1827003475	0.1456310557	0.0340054189	-0.0696246298	-0.0810045706	0.0175859916	0.0583721538	0.02199373	-0.0883136976	0.0011447262	-0.0413070419	0.0538961503	-0.1219598135	0.0652290744	-0.0246625878	-0.0399439567	0.1044040285	0.0405455852	0.0018218854	-0.0427436413	-0.1951718696	-0.0407650133	0.0848972349	-0.1798124935	-0.2117884874	0.0469403559	0.0712847385	0.0326479941	-0.0313188705	0.0097324458	0.0249792241	0.0216466706	0.1305247248	-0.0250895907	0.0054518523	0.1228124115	-0.032207099	0.1105494143	0.1015284977	0.0187499202	0.1343415495	-0.0743567138	-0.0929762971	-0.0430464777	0.0752679288	-0.0590215353	0.0184653522	-0.0589409398	-0.0254753295	-0.0362860003	-0.1874467674	-0.1680958286	-0.0755697835	-0.017896388	0.1391732828	0.0318404504	-0.0623941661	0.0258336048	-0.1561378154	0.071009206	-0.10356757	-0.1604733697	0.0747582553	0.0321397177	-0.1196837459	-0.0044986189	-0.0873213117	-0.0638028636	0.0314993418	0.0055789087	-0.0259818912	0.005896855	0.1093432773	0.2036238104	0.0259598186	0.1047626765	0.1007909889	-0.0913831195	-0.0035771632	-0.0291186717	-0.0377224374	0.1112308842	-0.0630450963	-0.0097668901	-0.0102576895	-0.0411922091	0.0217866639	-0.2333236165	0.0783381407	0.0773871007	0.0125242361	0.1880365001	0.0381353666	-0.0289355952	-0.1050362454	-0.0400305639	0.0279251759	0.0948225713	-0.1527821468	0.1251271724	0.1134548014	0.0948006283	0.0703125971	-0.0096644805222751	0.0068033957095111	4.628619318019406e-05	9.340218376543478e-05	-0.0176918193607065	-0.0116733792559814	0.0003130004722918	0.0001362677832539	0.02430297012436	0.0567654434191524	0.0032223155665729	0.0005906343568655	-0.0003970652309328	-0.0001589785055522	2.527416522761089e-08	1.576607976157178e-07	-0.0003189186753502	0.0001050324359855	1.1031812609048155e-08	1.0170912148712627e-07	-0.0004090627012904	-1.2073961100020349e-08	1.4578053664480455e-16	1.6733229358699906e-07
846.6782682937728	-1.0402626144658598	1.082146307055346	716864.090000942	1069.2347661568415	-4.968268493399137	24.683691822502528	1143262.9851584756	809.8237662686279	0.2746549738648127	655814.5324135053	0.0754353546686809	824.9320912503373	717.6304667569335	1.112713	27.481384	0.0765878865281445	0.0471220896446995	0.0283718042	-0.0504265459	-0.107026235	-0.0066112378	-0.0633926763	-0.0274742822	0.050930904	-0.0459124858	0.0913776324	0.1360073428	0.1746597346	0.0974724545	-0.0066098168	-0.010063787	-0.1079576502	-0.0379157387	-0.0313019387	-0.0855519681	-0.0450266155	0.1114421041	0.0902110234	0.0475524335	0.0632775434	0.0354319069	-0.0139435915	-0.0326683356	0.1024394954	0.0084277885	0.0130250199	0.0037381395	-0.0603567207	-0.0090676016	-0.1016750022	0.0680814922	-0.0415536519	0.065941263	0.0740781778	-0.1116793587	-0.0426351987	0.0613036153	-0.0743810071	-0.0886038731	0.0953786087	0.0287819836	-0.0248893173	-0.0957646254	-0.0913056359	0.0404685221	-0.0243777177	0.0235881772	0.0273761334	0.1169793217	-0.0403558206	0.002047062	0.1125426324	0.1284194904	0.2797334695	0.0630883	-0.0567813521	-0.0882136154	0.0331739011	-0.1710559761	-0.0697077722	0.0310243009	-0.0122839823	-0.0080767265	-0.0308677043	-0.0484947182	-0.0593031476	0.0098853202	0.0040209334	0.1744293086	-0.1678427133	-0.1537390111	-0.0832283684	-0.0475380749	0.1152905946	0.0099320943	-0.0070773194	-0.0202177061	-0.0211200147	0.00352773	-0.0389501775	0.0163440321	0.0167344369	-0.0604210793	0.0709722963	0.0066618829	-0.0179707829	-0.0174280857	-0.0344054485	0.0114887697	-0.0773434563	-0.0245827904	0.0649341454	-0.1035809506	-0.0230365062	-0.0811611244	-0.0635640678	-0.0766726971	-0.054502883	0.1005576095	0.0787853898	-0.1212651006	-0.0191363515	-0.0763924263	0.0606564046	0.0638382778	0.0549461254	-0.0084946057	-0.0587730041	0.0967469121	0.032334735	-0.0707884987	0.0032873006	-0.0628221404	-0.0474945857	0.0011354726	0.0426495707	-0.0289160909	0.0970949027	-0.1711637589	0.0342573779	0.1242524367	0.1100753719	0.0876327994	0.0586099215	-0.0141524265404484	-0.0044879460181733	2.014165946203759e-05	0.0002002911769827	-0.0177785990963315	-8.677973562500052e-05	0.000316078585828	7.530722515144984e-09	-0.0169080423474312	-0.0412110124717912	0.0016983475489501	0.0002858818960225	-0.0001371016322926	0.0002599635986402	6.7581072617963e-08	1.8796857577295296e-08	-0.0006029765899784	-0.0002840579146282	8.068889886292175e-08	3.635807680619795e-07	-0.0003370412485077	7.202145278270003e-05	5.1870896609306905e-09	1.1359680319562919e-07
847.2966118002637	0.6183435064908736	0.382348692019429	717911.5483682067	1067.327255185709	-1.907510971132524	3.638598104990945	1139187.4696622596	809.6910831956657	-0.1326830729622088	655599.6502065704	0.0176047978506948	824.0337573599903	716.9158510065266	1.05319	26.011299	0.0770579180312651	0.039705266016508	0.0213694383	-0.0607285124	0.1073913333	-0.000799518	0.0153910881	0.0397556343	0.0289039967	-0.0697002516	-0.1334552124	-0.090812893	0.0227394732	0.0053251706	0.1180609611	-0.0068332668	0.0510372902	0.0747903364	-0.0338814068	-0.0400685809	-0.0052772095	-0.014862877	-0.155810232	0.0566109356	0.1471193449	-0.0444707168	0.0189716632	0.1652432921	-0.1684089299	-0.0490916402	0.1828012951	0.0139145718	0.079505376	0.1094449407	-0.2098351485	-0.032546767	-0.009122056	0.0572657898	-0.0205825922	0.160738168	-0.0481316944	0.1705780961	0.0281935134	-0.1604600928	0.0099553675	0.0623180577	0.0901765246	-0.0342760941	0.0564446067	0.0012083191	-0.0444609782	-0.1176151528	0.0064295485	0.178976154	0.1043746252	-0.0808063632	-0.1045135683	0.0685376591	-0.0564578914	-0.0407778945	-0.0809668504	0.0108837872	0.0583864046	0.0814682189	0.0659454388	-0.1390384959	-0.0947650786	-0.0224608155	-0.0156395641	0.0856543527	0.125707722	0.2907237849	0.1208691264	-0.1077657342	-0.0229481222	0.0362523266	-0.0897528761	-0.0603382979	0.0772526891	0.1918842666	0.0922594792	-0.0554068753	-0.0170643465	-0.0234860833	-0.0145386412	-0.0454625388	-0.0930053673	-0.1667536226	0.1018722941	0.0479487111	0.0857631075	0.0261329213	0.1376589296	0.0043004165	0.010589257	-0.156423067	-0.0870166969	0.0222603846	0.05403909	-0.0032972878	0.1521086665	-0.0276910028	0.059364751	-0.0381268195	-0.0464877842	0.0744271812	0.1746757012	-0.0110619864	-0.0211419339	0.0114672887	0.1167425474	0.0534396652	-0.0352674571	-0.0249513158	-0.0702658759	0.0779896925	0.1547179082	0.0889298701	-0.044941788	-0.082537112	0.0118819833	-0.0348833933	0.0789277797	0.0477398995	0.0465139783	0.1232925447	0.1063942335	0.0799246852	0.0462651033	-0.0096167861446474	0.004535640395801	2.057203380002185e-05	9.24825757518822e-05	0.0010946325124336	0.0188732316087651	1.1982203372766954e-06	0.000356198871358	-0.0290556371560413	-0.0121475948086101	0.0001475640596341	0.0008442300505435	2.799795538239617e-05	0.0001650995876749	2.7257873850453744e-08	7.838855055946466e-10	-1.0005704290216856e-05	0.0005929708856881	3.516144712738283e-07	1.00114118343264e-10	-0.0004089997995063	-7.19585509986e-05	5.178033061818116e-09	1.6728083599619358e-07
849.3601013444985	2.0634895442348125	4.2579890991663945	721412.5817559367	1066.160438442626	-1.166816743083018	1.361461311938862	1136698.0805001725	810.472747717191	0.7816645215253857	656866.0747922537	0.6109994242115101	824.8824196121319	728.7222650355014	1.029113	25.416655	0.0859813755870115	0.04870856960784	-0.0570244239	-0.018350257	0.0392653384	-0.0572586763	0.1013250194	0.0736054324	0.0405747236	-0.0841733765	0.1537756409	-0.1230181188	0.0424998606	0.0811849629	0.1240608582	0.0250503661	0.0514983824	0.1233285351	-0.0074773239	-0.0183212256	0.0275984286	-0.0350275694	-0.0912134479	-0.0047967207	-0.0802085431	-0.1222151645	0.0658667395	0.0722406834	-0.009527274	0.0232101925	0.0868872093	0.0410525468	-0.0687104953	-0.0112955458	0.0021429927	-0.0032085956	-0.0465891475	-0.2053176853	0.1219679475	0.0442374764	-0.0068485246	0.0367766523	0.1298104371	0.1428613432	-0.1331781192	0.0065983063	-0.0588331129	-0.0250885282	-0.0053584413	-0.0623994123	0.0127623567	0.0539476515	-0.2186784243	0.0307349646	-0.0622437672	0.0479740654	0.0704410061	-0.095790813	-0.0674519192	0.0322822972	-0.0565682814	-0.0145364373	0.0435070573	0.1713764308	-0.0334847147	0.0804555617	0.0780797564	-0.0429272289	-0.0331209495	-0.0759981017	-0.0877607232	0.0152392778	0.0765630106	0.1108172404	-0.0400024127	-0.0302163755	-0.0292681417	0.0087253354	-0.1197883959	-0.064560725	-0.009264111	0.0119436014	-0.1249798584	0.0730459651	0.1652086357	-0.1054477919	-0.1128947218	-0.0722081052	0.0007378614	-0.0419481894	0.0180688602	-0.1751212663	-0.0241068866	0.1291614704	0.1815944232	0.1005032387	-0.0500074973	0.0920631189	-0.0488703973	0.0152955162	-0.0360519506	0.1129242072	-0.0843464943	-0.0123383302	0.0040787641	-0.0390850734	-0.0480224306	0.039945215	-0.2033481816	0.0819606707	-0.0838574769	0.0674382585	-0.0352831313	-0.0951104234	0.127780433	0.0420814021	-0.1627228144	0.0372488378	-0.0080730069	0.0453416179	0.0063351521	-0.0165063162	0.1224382497	-0.0553947134	0.0177825911	0.1222481541	0.1024214758	0.0717238087	0.033413395	-0.0119009697289129	-0.0022841835842654	5.217494646627983e-06	0.0001416330804885	-0.0025438725661359	-0.0036385050785695	6.471287632738848e-06	1.3238719206776044e-05	-0.0077960069851101	0.0212596301709312	0.0004519718750047	6.077772491188547e-05	-0.0005910015010068	-0.0006189994563891	3.831603270101205e-07	3.492827741922907e-07	2.8967769159393697e-05	3.897347344961055e-05	1.5189316327274987e-09	8.391316500719207e-10	0.0001090084057198	0.000518008205226	2.683325006815653e-07	1.1882832517572525e-08
848.0754789631584	-1.284622381340114	1.650254662639945	719232.0180185905	1069.34937067942	3.1889322367940167	10.16928881086409	1143508.0765724715	811.1065943931146	0.6338466759235644	657893.9074679966	0.401761608579352	825.9218873044448	725.2792171924406	1.037325	25.619474	0.0651641044156346	0.0353496762816427	-0.0294277821	-0.043996991	-0.1630174391	-0.035993738	0.0478306987	-0.0813298121	-0.1329223532	0.0566667903	0.1077251388	0.0427127968	0.1890182231	0.0790704387	0.2202560985	-0.0763294373	0.1360320049	-0.0021219239	0.0776669441	0.0653737284	-0.1710321999	0.036570917	0.0354695422	0.0815592043	0.1103066035	-0.0846471694	0.012521503	0.0792894857	0.1042558694	0.0197187303	0.0337922115	-0.0813877582	0.092404862	-0.0971274917	0.0218188069	-0.0127505792	-0.0117643732	-0.0888986142	-0.0772989018	-0.0836145999	0.1305023618	0.0287345225	-0.0045367804	0.0167360226	-0.1468771787	-0.0293459143	-0.0630021603	0.018745295	-0.2242240545	0.0610124092	0.1640989088	0.0999239125	0.0160975821	0.0621594515	-0.0465573036	0.0577787975	-0.0738309525	0.1733137605	0.0511017197	-0.0336894861	0.0835948353	0.1117648379	0.1105793906	-0.0961190765	-0.082942704	0.0233126384	-0.0266295788	-0.0523092437	-0.0730140537	0.0504394918	0.1448662646	0.0172988073	0.0475809404	0.072034369	-0.0604716991	-0.0412025975	-0.1058366078	0.0683780966	0.1039033854	-0.0062121399	-0.1242673737	0.0642694858	-0.0550214018	-0.0449154241	0.0313342801	-0.0943252044	0.0858186725	-0.0287925479	-0.0143053608	-0.0416749027	0.0116880706	-0.075957872	-0.3080265229	0.1247507499	-0.1458264635	-0.0077778854	0.0235217366	0.0992167536	0.0472140478	-0.1811286772	0.1284557671	-0.1246201693	0.0079678602	-0.0168523542	-0.016983421	-0.0633997352	-0.1192360884	-0.0237054014	0.020157092	0.0412309609	-0.018673115	0.0596265472	-0.1612362801	0.0623721016	-0.067601809	-0.1176023562	0.0499221874	-0.0949286573	0.0663565433	0.1431578757	-0.0311388965	-0.023756512	0.1061786842	-0.2218827445	-0.0628333941	0.1211199807	0.098167988	0.063080731	0.0201956026	-0.0117862029145499	0.0001147668143629	1.3171421679031173e-08	0.0001389145791429	0.0011483720267051	0.003692244592841	1.318758311718779e-06	1.3632670133363603e-05	-0.0290532016366711	-0.021257194651561	0.0004518683244543	0.000844088525341	-0.0001739755938365	0.0004170259071703	1.739106072512117e-07	3.026750725076282e-08	-0.0001600266977328	-0.0001889944668921	3.57189085158645e-08	2.5608543987264934e-08	0.0003049859987947	0.0001959775930749	3.84072169874311e-08	9.301645946080077e-08
846.9283123096487	-1.1471666535096574	1.3159913309245463	717287.5661916699	1062.64275078358	-6.706619895840049	44.97875042727759	1129209.6157928936	809.6315661124943	-1.475028280620336	655503.2728457702	2.1757084286297843	824.7527413121198	717.5093350554578	1.011065	24.970922	0.0602719482489138	0.0424306808663954	0.0182521068	-0.0505709335	-0.0088813816	0.1652800944	0.0273711683	-0.020884947	0.0322760145	-0.0521198832	-0.0989422488	0.031558972	0.0242070948	0.1247043243	0.0222568245	-0.0166192629	0.1684807369	0.0478214263	-0.0378290809	-0.0382044401	-0.0259404972	-0.0119679645	-0.0614065367	0.0663639087	0.0308531462	0.1736923803	0.2220052417	0.1508524089	0.0584727889	-0.0599220449	0.0042118637	-0.0787732365	-0.1950978403	-0.120346109	0.0756066421	-0.0049626763	-0.0472906788	0.2215712323	-0.0721700225	-0.0229706766	0.1543056769	-0.0220583951	-0.0671399882	0.0975721898	-0.1517312202	-0.1597764473	0.0378508456	-0.0703257877	0.0962205014	0.1036267704	-0.0286871864	-0.0296835321	0.1249974424	0.1020747856	0.1146023762	-0.0865738505	-0.0303406638	-0.0903531573	0.0789148749	-0.0308784854	-0.0104342166	0.0157225423	0.0464005332	-0.0179744782	0.0495205691	-0.1246310073	0.102440224	-0.1208060511	-0.1077438757	-0.036907205	0.0500223516	-0.0889135071	0.0357881449	-0.0889437809	-0.0136819199	-0.2032493405	0.0137444698	0.0801936648	-0.2845454624	0.078934348	0.1612845364	0.0578811468	0.119343634	-0.1582026083	-0.1123811114	0.073794981	-0.0396985976	0.0739317431	-0.036031904	0.0138989828	0.0125500947	0.0225326637	-0.2447722067	-0.1516783817	-0.0141268065	0.0030840102	-0.0560639869	-0.0344129182	0.1123287555	-0.0220511767	-0.0051301654	0.028139494	0.0789852257	-0.1061919174	-0.1120955282	-0.0106843528	-0.0360859647	-0.0550538735	0.0238942412	-0.0210761886	-0.3100990182	0.0230923248	-0.0672676906	-0.1416465791	0.1157867153	-0.180417177	0.0933969207	0.1017605816	0.1528215098	-0.0279792889	-0.0111330854	-0.044075876	0.0602085852	-0.0759748538	-0.0503368551	0.1199087977	0.0936454286	0.0540487397	0.0067565429	-0.0097470243481154	0.0020391785664345	4.158249225805866e-06	9.500448364275444e-05	0.0011324989991265	-1.587302757860001e-05	1.2825539830225244e-06	2.5195300451099645e-10	0.009564810670497	0.0386180123071681	0.0014913508745565	9.148560316245327e-05	-0.0003999996715631	-0.0002260240777266	5.108688371216012e-08	1.599997372505879e-07	-2.0594006473473314e-06	0.0001579672970854	2.495366694848366e-08	4.241131026294608e-12	0.0002969996866521	-7.986312142600044e-06	6.378118163904092e-11	8.820881387144559e-08
850.6828197298805	3.754507420231789	14.096325968575565	723661.2597835804	1063.9332365297182	1.2904857461383017	1.6653534609861294	1131953.9317926012	810.7385940177505	1.1070279052562455	657297.0678298789	1.2255107830160308	824.7594671723482	733.6571507673226	1.081289	26.705296	0.0618975860998386	0.0360935292136561	-0.0880665629	0.0205942601	0.1339872151	0.1048027097	0.1141532238	0.1917365995	0.050090289	-0.1583645262	0.0957178473	-0.0475944973	0.0094583755	-0.1571376767	0.0941170694	-0.0727172517	0.0863700562	-0.0451605202	-0.0202569095	-0.1213513268	0.1442632356	0.0195305995	-0.0238564693	-0.0952997418	-0.1029003763	-0.0649507367	0.1363189062	-0.0826774992	0.0697165495	0.1058402492	-0.0386426666	-0.0241415052	0.0319741903	-0.1097891737	0.0205384575	-0.0019019385	0.1144175566	-0.0753369484	0.1193926755	0.0672953991	-0.0124487809	-0.1147674036	-0.2559249668	0.0120598667	-0.0779735113	0.0802248937	0.0256542018	0.1999258541	0.109616228	0.1184993202	-0.0503834813	0.0202182036	0.0030757441	0.0978915411	0.0042079798	0.0969594274	0.0779642809	-0.0292381855	0.0164600411	0.0436037249	-0.0931929216	-0.1629881678	-0.0163279525	0.1111600754	-0.0127477941	0.0498615214	0.0709017795	0.1541282026	-0.1705336077	-0.0287635716	-0.1256295891	-0.0368594478	-0.0217951987	0.006981456	0.135451872	-0.0051374393	0.078328423	0.0659704064	-0.0530318329	-0.0230845867	-0.0880670338	0.0355161835	0.0677747578	-0.0772930759	-0.011905857	-0.136677426	-0.0743512024	0.0626867647	-0.0389469173	-0.0858447976	-0.1887298162	-0.0534410565	0.1271317651	0.0596239957	-0.0950180141	0.08581507	-0.0276536567	0.0936256939	0.1142116101	0.0220565904	0.0594624281	0.0785131928	-0.1479061809	0.0255393076	-0.1462540662	0.0513989467	0.0332523323	0.0345211347	-0.1715307058	0.1713060171	-0.1600406487	-0.070116263	-0.1010387935	0.1066856969	-0.0491416442	-0.2571781416	0.0283077299	-0.023264313	0.0130688285	0.162370282	-0.0554184775	0.0552255854	0.0895056794	-0.0175997957	-0.1432280756	0.1186154352	0.0888661936	0.0446835199	-0.0067565429	-0.0097501655860128	-3.141237897401339e-06	9.867375528070383e-12	9.506572895466834e-05	-0.0286279158124216	-0.0297604148115481	0.000819557563763	0.0008856822897554	-0.0092209269196175	-0.0187857375901145	0.0003529039368046	8.502549325692667e-05	-0.0004580072946553	-5.800762309220002e-05	3.3648843368067366e-09	2.0977068195746681e-07	3.089164827052571e-05	3.295104891787304e-05	1.0857716247880616e-09	9.54293932869874e-10	0.0004730068638476	0.0001760071771955	3.0978526424328146e-08	2.23735493246942e-07
849.9659530762765	-0.7168666536040291	0.5138977990494391	722442.1213888631	1072.0661513459138	8.13291481619558	66.14430340749358	1149325.8328616398	810.9560367020177	0.2174426842672119	657649.6934634444	0.0472813209413304	825.5872780616717	750.4678339362928	0.994716	24.567144	0.1019518445046206	0.0516089391627592	-0.1304580134	0.1719115168	0.0487688702	-0.0315990019	0.0852474121	0.0993756852	-0.0285339647	0.1547388278	-0.0936593935	-0.1227054414	0.0138789138	0.0033393124	0.0851272717	-0.1010950653	0.1641865917	0.014284396	0.0835782672	0.0110042991	0.0143411366	-0.0513618337	-0.03848352	0.1220053339	-0.1305245471	-0.106793894	0.0779220509	-0.1516554428	-0.1047848225	-0.0304008706	-0.1130125941	-0.0576504472	0.073421163	0.0286785183	0.0062474106	-0.1019840892	0.1095914234	0.0200627359	0.1719423797	0.1922986127	0.0377024198	0.2237524639	-0.1556088594	0.1366636319	-0.0123366643	0.0915892769	0.0283650716	-0.0102393205	-0.1405007207	-0.0046185978	0.0781447934	0.0198395784	0.0027175742	-0.0250869829	0.0329016409	-0.0468216755	-0.0447770867	-0.0108361428	0.0980273952	-0.0862729735	0.0832997778	0.0485169332	1.96118e-05	0.1456261485	0.0439275721	0.0605284813	-0.1404956065	0.009853694	-0.0529460635	0.0770433519	0.0186545227	0.0134282693	-0.068467775	-0.0445814368	0.0052408889	-0.0708060885	0.0685705394	0.0584493521	-0.0947296494	0.1685123109	-0.1783225905	-0.1466405888	-0.0099501355	0.1442749343	0.0649746376	-0.1250515531	-0.0334143813	-0.1114569423	0.0094889104	-0.08405863	-0.2272285146	-0.0934398067	-0.0306715855	-0.0420878099	-0.0379198554	-0.0125596198	0.1384391347	-0.1117966271	-0.0477622515	0.0122732882	0.0402288176	-0.0435476753	-0.0572182663	-0.0438890059	-0.1399004476	0.1081584478	-0.0958475241	0.1379556872	-0.0344227167	-0.0751371475	-0.1097443083	0.1028375753	-0.0317255433	0.1148007233	-0.0600619001	-0.1074505586	0.087973857	0.0321666193	-0.0296072492	0.0576458888	-0.0608385149	0.1915448235	0.1260696718	-0.0850288233	-0.0571317192	0.1172407796	0.0838433825	0.0350428114	-0.0201956026	0.0091652554750396	0.0189154210610524	0.0003577931539169	8.400190792274337e-05	-0.0308822308319918	-0.0022543150195701	0.0009537121811604	5.081936207459788e-06	-0.036957942400349	-0.0277370154807315	0.0007693420277783	0.0013658895064675	0.0001360003265571	0.0005940076212124	3.528450540584141e-07	1.849608882363784e-08	-1.2996576119528314e-05	-4.388822439005402e-05	1.926176240111732e-09	1.6891099083069363e-10	5.000085058472335e-05	-0.0004230060132628	1.78934087256553e-07	2.500085059195829e-09
845.145806669063	-4.820146407213542	23.23381138697362	714271.4345303011	1065.947233777818	-6.118917568095867	37.44115220515224	1136243.505198582	809.2398322786413	-1.716204423376439	654869.1061463635	2.945357622816856	824.4354456048683	723.7726015148589	1.003107	24.774372	0.1222482240052199	0.0786189580258515	0.0229901971	0.1718524743	0.0904598764	-0.0486754652	-0.0338563639	-0.0219716504	0.0621764478	0.1154029885	-0.1458550341	-0.160303859	0.066323228	0.0937909649	-0.0130206913	-0.2438254707	0.0769636318	-0.0750327837	0.0191796389	0.1063375375	0.095317985	-0.0807573691	-0.0618137373	-0.1090267992	-0.0516047173	0.0639914659	0.1309021981	-0.0627917184	0.0847526599	0.032663189	0.0314312192	-0.1733167803	0.0530669722	0.0348450087	-0.1094296008	0.1899429068	0.088483082	0.0251063257	-0.180270043	-0.0228946454	0.0307200689	-0.0739149015	0.0192206081	-0.0881175939	0.0860650373	0.2332736529	0.076351658	0.067219285	-0.1529536363	0.0025830463	-0.167362374	-0.0603903039	0.0616263107	0.0504283248	-0.0140415975	-0.0208829822	-0.0190163708	-0.0837505248	-0.0086854412	-0.0856258732	0.045348555	0.0184904575	-0.119515203	0.1016765732	-0.0103403594	-0.0728409344	0.0834871669	0.0542948281	-0.1432372684	-0.0334978148	0.0344507063	0.0137286322	-0.1617249834	0.0292257905	0.0172150484	0.0237417455	-0.0181421746	-0.0332569247	-0.0027903692	0.0655232627	-0.1082817859	0.08360125	-0.1238768699	-0.1164693954	-0.1427716129	0.1092148515	0.1554798612	-0.0726606961	-0.0765206453	0.0851905877	0.0514484914	-0.0066153413	0.3113067267	0.029103278	-0.0740279391	-0.0217451782	-0.0257971588	0.0540124633	0.0750087595	0.0824226371	-0.0363778491	0.1571076899	0.0013456025	-0.0719088444	-0.0774529159	0.1438241483	0.0009223163	0.152555653	0.048317908	0.0228997331	-0.057199055	0.0044572997	-0.1204662091	0.0393785137	-0.1780094482	-0.1200002121	-0.0100373014	0.085140139	0.0836427081	-0.0324424664	-0.1345787192	0.038552109	0.0747553587	0.0580014166	0.0510662209	0.1157857731	0.0785907625	0.0251860523	-0.033413395	0.0090718160639369	-9.343941110269947e-05	8.730923547219277e-09	8.22978466979036e-05	0.0018757900558199	0.0327580208878117	3.5185883335128234e-06	0.0010730879324863	0.0308389922320841	0.0677969346324331	0.0045964243455544	0.0009510434418905	-0.0001299934464845	-0.0002659937730416	7.07526872969062e-08	1.6898296128918565e-08	-0.0001160076008381	-0.0001030110247185	1.0611271213570188e-08	1.3457763452211941e-08	0.000112992634302	6.299178371727664e-05	3.967964815884159e-09	1.2767335406505506e-08
845.764144861625	0.6183381925620779	0.3823421203809373	715316.9887335158	1062.2966813210137	-3.6505524568042342	13.326533239879431	1128474.2391456394	808.5185360818286	-0.7212961968126592	653702.2231879033	0.5202682035364065	823.2791255869084	707.1920626235541	1.098747	27.136457	0.0710083024581379	0.0456992564073232	0.0751391192	0.0036875103	0.0350847976	-0.0380868655	0.1533808502	-0.0711090825	0.0098129324	-0.0186174632	-0.0044467727	-0.1698091477	0.2452674818	-0.0335278434	-0.0426255176	0.0235881441	0.024026989	-0.0704934983	-0.090796356	0.0456472455	0.0373527321	0.0734677939	0.088169828	0.0584467109	-0.0910126768	-0.0341793255	0.0683396836	-0.0995973548	-0.1563003224	-0.1136364585	0.1409138135	-0.0696203797	-0.0320792539	-0.1657866631	0.1932882745	0.2414873921	-0.0586825733	0.0534012172	-0.1055273672	-0.0969894411	0.0291011238	0.0776390892	-0.0690869812	0.0411074429	-0.1065943844	0.0078800308	-0.0137150501	-0.0121762636	0.1242131036	0.0181671903	0.0135549401	-0.1307654637	-0.0236658216	-0.171872171	0.0507614162	-0.04517761	-0.0010154022	0.1256321851	-0.0955489568	0.1164772245	-0.0748610973	0.0403151437	-0.1024695165	0.0133150782	-0.0693926943	0.1579622761	-0.0756584483	-0.1411586182	0.0441997077	0.0289349785	-0.0892166407	0.0773634663	-0.0622048286	-0.1600665681	0.0354132393	0.0348585108	0.0368098228	0.1230112537	-0.1551772866	-0.1521514689	-0.1678655712	-0.0187576791	0.0088355828	-0.0343271392	-0.013251362	0.2364266913	0.0177054498	0.0128458942	0.0426366777	0.0081077158	0.0872709773	0.2442282397	-0.0692629025	0.1569274642	-0.0629347485	-0.0910208363	0.0645062319	-0.0865732806	-0.0107136007	-0.021139555	0.0506361831	-0.105796811	-0.0525897109	0.0642606145	0.0479353872	0.0074557419	-0.0602949623	0.0256333382	-0.0519671973	0.1832317937	-0.1961026653	0.1119789304	-0.0390919122	0.036357858	0.0627517833	0.018273463	0.1084609487	-0.0926575862	-0.1100857693	0.1252104414	0.1555821866	-0.0779901958	-0.0276547769	-0.0468687135	-0.0399890932	0.1142514127	0.0731227308	0.0151740128	-0.0462651033	0.0091492796795762	7.746361563929979e-05	6.000611747913171e-09	8.370931865510599e-05	-0.0114986195856232	-0.0133744096414431	0.0001322182523748	0.0001788748332571	-0.0087159911982652	-0.0395549834303493	0.0015645967141752	7.596850256823645e-05	0.0001310053082155	0.0002609987547	6.812034995495078e-08	1.7162390780638154e-08	-6.998915442557596e-05	4.6018446412524045e-05	2.117697410222347e-09	4.898481737207119e-09	0.0001660043486036	5.301171430160002e-05	2.8102418531944638e-09	2.755744375530556e-08
848.3383965976896	2.574251736064525	6.626772000631222	719678.0351419388	1065.831270083352	3.534588762338217	12.493317718847608	1135996.296287491	810.6928087326723	2.1742726508437045	657222.8301308693	4.727461560206909	825.1961937250111	722.15659482783	1.025593	25.329727	0.040732190759417	0.0217710913486728	-0.023281658	-0.0668652082	-0.0872954284	0.1389129783	0.086935851	0.0003850916	-0.0668161159	-0.0441351306	-0.0751245674	0.0564097638	-0.0130116685	0.0917190359	0.0118453683	-0.0679412495	0.012025763	-0.0616013236	0.0550037549	-0.0502759639	-0.0649856646	0.0226446021	0.0525449583	-0.0234596303	0.0144255531	0.0145351591	-0.0982108996	-0.0392644692	0.1728175102	-0.1082614775	0.0173357488	0.1409396346	0.1193437079	0.0642283528	0.0479720278	-0.1790989799	-0.0280460955	-0.0246638608	0.0782997175	-0.1159642938	0.0560211184	0.0172708505	-0.0851644429	-0.0459130731	0.0454615681	-0.0010870551	-0.2324526298	0.1309487514	-0.129334456	-0.147774251	-0.1137963892	-0.0283265526	0.1194323197	0.0697908993	0.0031838069	-0.1063811698	0.0090626245	-0.0315908241	-0.0838600729	0.1362810854	-0.0093611957	0.0184520515	0.0957968125	-0.0535874747	0.0210929479	-0.0012813791	-0.0109788921	0.1235007464	0.0323429404	-0.0117727881	-0.0442432568	-0.072824695	0.0816047963	-0.0332967899	-0.1131789563	-0.0286961199	-0.0274400068	0.0058324562	0.233423392	-0.0727177857	0.1021208639	0.0428869355	0.0148856387	0.1126709908	-0.1195547843	-0.1377961687	0.0695635645	-0.0062891005	-0.0993385174	-0.1213266804	-0.0993823584	0.1989388451	-0.0413372282	0.0957877903	0.0696438892	0.0706900873	0.0342888626	-0.1545743614	0.0272395516	0.0004533973	-0.222369729	-0.048196422	0.0500342298	-0.0783716699	-0.0655750243	0.0267584996	-0.070440355	-0.0507266841	0.1033228511	0.0306613595	-0.2052562582	-0.070919145	-0.089762912	0.1295238676	-0.1208019739	-0.0363827355	-0.1145826887	0.0329111398	0.0103539544	-0.0811609156	0.0036896953	0.02145439	-0.0066315025	0.1393581669	-0.0499953862	0.1126387502	0.0674542747	0.0050684204	-0.0586099215	0.0091745595605345	2.5279880958298945e-05	6.390723812657654e-10	8.417254312979498e-05	0.0018842519288142	0.0133828715144374	3.550405331240033e-06	0.0001791012499719	-0.0058923406351851	0.0028236505630801	7.973002502382568e-06	3.471967816105355e-05	-0.0001129806183786	-0.0002439859265941	5.9529132375981566e-08	1.2764620129210848e-08	-0.0001020214826226	-3.203232819702404e-05	1.0260700497218611e-09	1.0408382916513472e-08	0.0003799938698313	0.0002139895212276	4.579151519526026e-08	1.4439534110936697e-07
847.1295859689491	-1.2088106287404798	1.4612231361559542	717628.535423923	1069.0413668304063	3.210096747054422	10.30472112544938	1142849.4439946234	810.3351699412078	-0.3576387914645238	656643.0876436462	0.1279055051602051	825.8149046925336	728.1821818157501	1.077997	26.623976	0.0312106660067982	0.019613458519659	-0.0417832804	0.1512841847	0.117737648	0.1211244531	-0.0980512061	0.0711272557	0.1416600829	0.0924887295	-0.0248621939	-0.018948455	-0.0179707702	0.151333108	-0.021525018	0.0745715543	0.1732895088	-0.1413820867	0.0623914916	-0.0157316706	0.183668597	-0.097665357	-0.0742814723	-0.0821387972	0.1417875958	0.0186078357	0.0496160288	-0.0284351653	0.0971575632	-0.0456254391	0.0527402226	-0.0039354713	-0.0230561875	-2.59362e-05	0.041501094	-0.0147099721	-0.0286958916	-0.0521733522	-0.2160925559	-0.0607917908	0.0223017269	-0.1953618383	0.0409328106	-0.0505696188	0.0076207178	0.0570737183	-0.0068343452	-0.0126619557	0.0353319309	0.1012127875	0.0597304367	-0.0511713318	0.0656536873	-0.2451497711	-0.2203604255	0.0630350878	0.0301245511	0.0398217578	0.0473379328	0.1513801353	0.0811974551	-0.1414272802	-0.0904741343	0.0609109129	0.0674091375	-0.0906202439	-0.0162885497	-0.0069757541	0.0394748708	0.0730091739	-0.0766821858	-0.0821416197	0.0367199772	-0.0422429276	0.0171410749	0.1000315188	-0.0200322564	-0.1211440121	-0.0662966014	-0.1466765221	0.065970818	0.066309084	-0.1349095834	-0.1311612363	-0.1277842385	0.0919724205	0.0779944622	-0.0667186392	-0.0567531294	0.0959452822	0.095557533	0.0645616749	0.0264594636	0.1421304346	-0.1177878573	0.0617333192	0.1463743125	0.0423499668	-0.0651305339	-0.148482007	-0.0737566806	0.1407436022	-0.1024733168	0.0145873105	-0.0237637803	0.123388838	0.0253995272	-0.062345715	0.1102677287	-0.0413381769	-0.1441223795	0.1578558102	0.0131796993	0.0087951449	-0.125425895	0.0042412926	-0.1744888321	-0.0129878818	-0.0949171968	0.0346009622	-0.0287003993	0.143165793	-0.1091582065	-0.0760347088	0.0732121263	0.1109488906	0.0616009311	-0.0050684204	-0.0703125971	0.0091382254916254	-3.6334068909099626e-05	1.3201645634912e-09	8.350716513579229e-05	0.0018179633172081	-6.628861160610003e-05	3.304990622714279e-06	4.3941800286643806e-09	0.0033673811288679	0.009259721764053	8.57424471476768e-05	1.1339255667055653e-05	-7.89955143536269e-05	3.3985104024973105e-05	1.154987295588243e-09	6.2402912879940725e-09	-0.000176001959157	-7.398047653440001e-05	5.473110908256911e-09	3.09766896271023e-08	5.099301914607145e-05	-0.0003290008506852	1.0824155975160407e-07	2.6002880016316093e-09
844.710751105511	-2.4188348634380645	5.85076209658344	713536.2530332366	1070.2052358413632	1.163869010956887	1.3545910746657623	1145339.2468222678	809.2576764861269	-1.077493455080912	654897.9869517249	1.1609921457422014	824.4514167661881	715.0866075433037	1.004178	24.800825	0.0668148169976439	0.0351877449870902	0.0765218867	0.1467882807	0.0803238974	-0.0896490514	0.0051821873	-0.0701838999	-0.0072282247	0.1103603495	-0.0925156562	-0.1291674524	-0.0470110715	0.0057825137	0.0853051195	0.0355626253	0.0226940675	-0.1990154055	0.0256173954	0.1456994973	0.0315655686	0.0019938393	0.0204779525	0.0059884958	-0.0272765085	0.0110762146	-0.0268648144	-0.1391739565	0.1232314693	-0.0992377463	-0.0629366268	0.0100195414	0.0542547123	-0.0423948277	-0.0478893646	-0.0405865182	0.0249382928	-0.0823614794	0.0001467036	0.1279200416	-0.0318176364	0.0891511516	0.0631353779	0.0015594302	-0.1027161052	-0.2772272784	0.1212098154	0.1383520222	-0.0019026235	-0.0121470631	0.056955089	0.0294373768	-0.0297262112	-0.0807295884	0.0988100172	-0.1376988937	-0.052114945	-0.0431975892	0.050979569	0.0386191017	0.0886966823	0.0905331755	-0.0890462774	0.0547118625	-0.0086369881	-0.0349827398	-0.1194780191	0.1411700928	-0.0826030581	-0.108989031	-0.0201840137	-0.0934212539	-0.0377278447	-0.1352278553	-0.0098487284	0.0531335169	0.0206811554	-0.0679317816	-0.0143646309	-0.0768746437	-0.0343132526	0.0341282348	0.0465899142	-0.0419103241	0.2003197905	-0.1129968244	-0.0570907042	0.0913823059	-0.0508764939	0.1188452702	-0.1323691289	0.0122035335	-0.1937260075	-0.0775545683	-0.0806050966	-0.0474606719	-0.0394616264	-0.0342751293	-0.080445605	0.0621852923	0.0344920991	-0.0634310387	0.0083709291	0.0009314612	0.0292355404	0.1385680612	-0.0157826459	0.1724981864	0.0407423167	-0.0299480429	-0.050146867	0.0913569441	0.0353264874	0.1898499276	-0.1071877796	-0.0917466782	-0.0278460672	-0.0471028349	0.0808497745	-0.0269286705	0.0299779086	-0.1257598333	-0.136685516	0.04128342	3.65911e-05	0.1091829923	0.0555787436	-0.0151740128	-0.0812449131	0.0091883135241346	5.008803250920041e-05	2.508811000642717e-09	8.442510541779479e-05	-0.019921479222404	-0.0217394425396121	0.0003968653344086	0.000472603361933	-0.0172074883060489	-0.0205748694349168	0.0004233252522638	0.0002960976538028	0.0001679987511511	0.0002469942655047	6.100616719221951e-08	2.8223580388329223e-08	2.800745874376176e-05	0.0002040094179007	4.1619842592207665e-08	7.84417745283517e-10	8.899767555270026e-05	3.800465640662881e-05	1.4443539085859123e-09	7.920586253783703e-09
844.4391179812069	-0.2716331243041168	0.0737845542192157	713077.4239768786	1065.6223667508834	-4.5828690904797895	21.00268910047505	1135551.0285197543	808.7956968760608	-0.4619796100661233	654150.4792852328	0.2134251601168473	823.9271013388641	702.8103833634029	0.975467	24.091726	0.1000075191408358	0.0641640562005428	0.1029446619	0.0014931477	0.0576061625	-0.0922373123	0.0011846085	-0.1503852885	-0.0264943278	0.027685647	-0.0380338028	-0.1634122557	0.0068891505	-0.0237240445	-0.2035187168	-0.0571859006	0.0998447477	-0.0434788493	-0.0318549484	0.1150236914	-0.0291297162	-0.0605126051	0.0138089464	0.1624313681	-0.0561223218	0.0801041778	0.1220975487	-0.0657813061	-0.2116058187	0.06709467	0.023607432	0.049566623	0.116137937	-0.013334428	0.0827846383	-0.0272276113	-0.0188980574	-0.023718161	-0.1657988533	-0.0840090647	-0.1338493376	-0.1019876864	0.0828655655	0.0019208286	0.1189726215	0.0121255575	-0.1217342287	0.0172158446	0.0127928543	-0.0309712672	0.1714412873	0.0018570137	-0.142270368	-0.0107451697	-0.0116390203	-0.0310123742	0.0117141449	0.0830792401	0.0529291061	-0.1218732265	0.0245963308	0.1394046385	-0.0885371165	0.0542676967	-0.0247320543	0.0690259228	0.0754222996	-0.2438740371	-0.111201925	-0.0261503962	0.0904270015	0.0607659108	-0.0988272212	-0.1259581788	0.1013003968	0.0752627864	0.0252998038	0.0701426018	0.0836769931	-0.1164850867	0.0167986371	-0.07955421	0.0625153998	0.0398339724	-0.0150582687	0.0263783658	0.032562495	0.041458028	-0.0343421985	-0.1315455139	0.0283959908	0.0601884527	0.0953071173	-0.0427211923	-0.0261240932	-0.0392165562	-0.0474615677	0.125851442	-0.0596390214	0.050837884	-0.0854278499	0.1157708374	0.076759636	-0.0834922287	0.1050430594	0.0425690399	0.0062833184	0.0678698965	0.0185744741	0.0645959635	-0.0935064725	0.0844592541	-0.0070805933	-0.1722475197	-0.1558430596	0.0443085364	0.0662149726	0.0586840653	0.0511945048	-0.020471253	0.0287759735	0.1227763694	-0.1508266144	0.0989597286	0.1251527891	0.1073422654	0.0494042187	-0.0251860523	-0.0912870929	0.0091353753010849	-5.293822304970088e-05	2.802455459659881e-09	8.345508189167201e-05	0.0010351747065158	0.0209566539289198	1.0715866730100728e-06	0.0004391813438965	0.0389909318591108	0.0561984201651597	0.0031582624290598	0.0015202927672418	-0.0001319990010515	-0.0002999977522026	8.999865132661258e-08	1.7423736278593897e-08	3.100420127966075e-05	2.9967425358989885e-06	8.980465826466301e-12	9.61260496989717e-10	-6.39979661829337e-05	-0.0001529956417356	2.3407666390098463e-08	4.0957396755519256e-09
844.874935551585	0.4358175703781626	0.1899369546503247	713813.656723295	1069.0813248503753	3.458958099491838	11.964391134040186	1142934.8791438336	808.2156841489261	-0.5800127271346582	653212.5921043167	0.3364147636381835	823.124009799608	700.1008943966277	0.997939	24.64673	0.0575071892735276	0.0324688808850584	0.0883418774	-0.0798598127	0.0028415892	0.1017842928	0.0066302199	0.0101230561	-0.0380322097	-0.057378416	-0.0714532539	0.1439213053	0.0699542593	-0.0166166329	-0.1029556745	0.0332823734	-0.0214800601	-0.163443939	-0.1054355712	-0.0377542654	-0.0467029534	0.1306307133	0.0014475468	-0.0240441264	-0.0355327959	-0.0084997319	-0.049264893	-0.0059995219	-0.0225501928	0.0413805753	0.0295666645	-0.0347555577	0.0202757861	-0.0790682881	-0.0494435402	-0.0844442273	-0.0014476944	-0.0648031246	0.046866086	-0.0588049081	0.0525730207	-0.1374046971	0.1885544196	0.0618361323	-0.0038478447	0.0422524789	0.0907949818	-0.0383545876	0.1371362359	-0.0203619853	-0.0410976885	0.2201285984	-0.2058772121	-0.0069031367	0.0130931609	-0.0247913548	-0.1261904193	-0.1374507219	-0.1246576335	-0.0110583576	-0.1133324873	-0.055450387	-0.0031241127	-0.1302456742	-0.0437147204	0.0253662877	-0.0214512976	0.0146051324	0.0529787577	-0.0062873387	-1.9762e-06	-0.0688946738	-0.0401661747	-0.0159297352	0.0475849492	0.0756809462	0.0490356752	0.1277007558	-0.1145947518	-0.0140056779	0.1314151917	-0.0242674838	-0.1473468937	0.0382504575	0.0736057093	-0.1029352663	0.0711917531	0.150971258	0.1150756328	0.1168139388	-0.0191186564	-0.2100798528	0.033750135	0.1494203496	0.0595502508	-0.0525481448	-0.148674451	0.1031849728	-0.1392170448	0.0345775681	-0.1497784841	-0.0766871672	0.0121528109	0.0741426737	0.0428552648	0.0102605151	0.0142928121	-0.0668232901	0.0995446454	0.025562646	-0.1204686578	-0.062176398	-0.0027764396	0.1062528896	0.0415872381	0.0019036101	0.1187276376	-0.1064927779	0.1511115208	-0.093090923	0.097689097	-0.1340234962	-0.2643265194	-0.083216884	-0.0146913222	0.1054279714	0.0430942802	-0.0350428114	-0.1003291122	0.0049445290717784	-0.0041908462293065	1.7563192117692507e-05	2.444836774166176e-05	-0.0199135831830972	-0.020948757889613	0.0003965507951901	0.0004388504571176	0.0156231988432011	-0.0233677330159097	0.0005460509463028	0.0002440843420942	-9.500142114253054e-05	3.699757990896946e-05	1.3688209191205807e-09	9.025270019100449e-09	-1.799245953937323e-05	-4.899666081903398e-05	2.4006727714154593e-09	3.2372860027598266e-10	-0.0001580007682289	-9.40028020459663e-05	8.836526792493127e-09	2.4964242760922577e-08
845.6558117110653	0.7808761594802718	0.6097675764446588	715133.7518807008	1068.4383129578905	-0.6430118924847648	0.4134642938768387	1141560.428596303	808.4686077414648	0.2529235925386501	653621.4897034224	0.0639703436626571	823.3463280885898	709.1749421318947	0.966672	23.874517	0.067452139499592	0.0324546330561353	0.0379054587	0.0010422755	0.1245421127	0.0730237878	0.0044592234	0.0294306758	-0.0502482369	-0.013445358	-0.196196217	-0.0304153747	-0.0951265126	-0.1199736629	-0.0172052454	0.0292683035	0.0953382589	-0.0584829937	-0.1057916453	-0.0538640431	0.0142574736	-0.0884401494	-0.0957305307	-8.56164e-05	0.093041971	-0.0489397416	-0.0316074034	-0.0840594528	0.0508416223	0.0642837592	-0.0638451353	0.033195313	0.0920066886	-0.0449496079	0.0044812909	-0.0229663583	0.0505125211	0.1770715904	-0.0555460168	0.0101060949	0.1234123542	0.0748939756	-0.0368177198	-0.0673016161	-0.0084553607	-0.078257597	-0.1406150806	-0.0816271111	0.1031873164	0.1573765245	-0.005110473	0.3039751523	-0.2809704996	0.035866324	-0.0992422557	-0.05595872	0.0263187231	0.1175466946	0.0466576568	0.0219510228	-0.0750511167	-0.0030914679	-0.0210752523	0.0168234094	0.1259966999	-0.1165186196	-0.0793885333	0.0493418151	0.0195530948	0.087454915	0.0460770456	0.051953698	0.0253833982	-0.0094939396	0.098917456	-0.0759639795	-0.048429574	0.0333022343	0.0169216788	0.0727016303	0.0046749306	-0.0920758953	0.0517701119	0.0250047307	-0.0133888033	0.0239681781	0.1705372685	0.0900634315	-0.0060283789	-0.0171490378	-0.0588713395	-0.0481910374	-0.1435880423	0.178010833	-0.0239348969	-0.1624018535	0.0710902627	0.2168838371	0.0105122647	0.1223520221	-0.0585745896	-0.0017282619	0.0828208931	-0.0543467561	-0.0588551927	0.1748121083	0.1232091172	-0.0481032959	0.0574292145	-0.0229731252	-0.0783699746	0.1920857892	0.0020928125	-0.0084529975	-0.0842142175	0.1324486652	0.0206717961	0.0263397779	-0.0226530905	-0.1265242475	0.0714518818	-0.0746811296	-0.1138429112	-0.0604795314	0.0005446935	0.1034414224	0.0366662233	-0.0446835199	-0.1082719048	0.0091481741019521	0.0042036450301737	1.767063153970405e-05	8.368908939962711e-05	0.0051249090243885	0.0250384922074856	2.626469250825869e-05	0.0006269260920243	0.0087643862245911	-0.00685881261861	4.704331053720378e-05	7.681446589380223e-05	-0.0002450053217303	-0.0001500039005877	2.2501170191545432e-08	6.002760767616782e-08	0.0002599948502406	0.0002779873097799	7.727694439870679e-08	6.759732215163201e-08	4.103181426980945e-05	0.0001990325824987	3.961396889610559e-08	1.6836097822721384e-09
846.226876340545	0.5710646294796788	0.3261148110427629	716099.9262410761	1066.8727343547394	-1.5655786031511525	2.451036362644714	1138217.4313095582	809.7007986922822	1.2321909508174258	655615.3834029197	1.5182945392763518	824.2843386631621	714.1705646389574	0.98769	24.393612	0.0767516302864326	0.0415362254905953	0.0194391729	0.0727874905	0.1015588268	-0.0085467169	0.0702017688	0.1034042231	0.0649901766	-0.0548670664	0.0799952979	-0.0690695473	-0.0703850758	-0.1611429828	0.0193429085	0.0961745055	-0.0061720158	0.0751593333	-0.016105011	-0.0493723112	0.1666055199	-0.0620825083	-0.0606091834	-0.0805171975	-0.1204754587	-0.0800585863	0.0136167472	-0.1253271426	0.0791700751	0.0199221072	0.0365267663	-0.0467681034	0.0565862311	-0.0987067641	-0.0202112381	-0.0138663768	-0.1081259355	0.0093476314	-0.0324598262	-0.0953373037	-0.1425036888	-0.0129833492	-0.0023048507	-0.0553382885	-0.0080256115	-0.0132522115	0.0378807737	0.0702789849	-0.0994535628	-0.0494422815	0.078317289	0.0396287291	0.0735456212	0.0018297577	0.1444117855	0.0406055225	-0.0886595919	-0.1006794664	-0.0491678597	-0.0285272108	-0.032610629	-0.0835380785	-0.0831014558	0.1568839807	0.0318448983	0.1352481667	0.0188503764	0.157406824	-0.0322939222	-0.0955525299	-0.0861949085	-0.0872721003	-0.0739521395	0.0697670407	-0.0582599944	0.0130372701	-0.0783228679	0.1383116889	0.0669971409	-0.0645745841	-0.0140425664	-0.0357614541	-0.0778674023	-0.0467529798	-0.0203478397	0.0712743727	0.0114327989	0.0198004161	0.0368789245	-0.0257528318	-0.016021607	0.0240189032	-0.0592440607	-0.0966212691	-0.0104774677	0.0555259403	-0.0503494927	0.040958064	0.0004622131	-0.1785959107	0.0093411363	0.0641445113	-0.1209131112	0.0502005016	0.1164875078	0.0596768646	0.0026781763	0.1004266121	-0.0760229091	0.0667906666	-0.0772442845	-0.0616105887	0.2127713021	0.0762126221	-0.0140208287	-0.0273335894	-0.0431025587	-0.105090358	0.0466468932	-0.015096493	0.0418184933	-0.0267159751	-0.123875123	0.0701365587	0.1768680404	0.1013839798	0.0301376669	-0.0540487397	-0.1150284477	0.0092219814563492	7.38073543971006e-05	5.447525563099204e-09	8.504494198124852e-05	0.0050948703116802	-3.003871270829996e-05	2.59577034928403e-05	9.023242611717812e-10	0.0004159399691943	-0.0083484462553968	6.969655487924885e-05	1.7300605797335526e-07	0.0001429451958233	0.0003879505175536	1.505056040701061e-07	2.0433329008961583e-08	-0.0002680289075098	-0.0005280237577504	2.788090887488532e-07	7.183949526089694e-08	-0.0004089806697048	-0.0004500124839746	2.0251123573299818e-07	1.6726518819218672e-07
847.3377930368866	1.1109166963416328	1.2341359062106076	717981.3355086218	1068.4465332664397	1.5737989117003508	2.4768430144692086	1141577.9944490732	810.5422657122542	0.8414670199720149	656978.7645059546	0.7080667457005834	824.8329072530079	707.2398039409585	1.015615	25.0833	0.0765888262287814	0.0452282169036389	0.0207400691	-0.0783004163	-0.0694498163	-0.0717742403	0.1137942198	-0.0132092483	-0.2024738495	0.0209609967	-0.040545004	-0.0094634799	0.1347677456	0.017948828	-0.0599021153	0.081460416	-0.1464905358	0.0408671001	0.0784127177	0.0008863399	-0.1574164412	0.0272784175	0.0475860043	0.0557387326	-0.0197660019	-0.1165650855	0.0131847096	-0.060916346	0.0251183514	-0.0284348659	-0.0622780721	0.1615065337	-0.045244186	0.152523599	-0.0851377729	0.1391863836	-0.1828974529	0.0049413205	-0.1141202058	-0.0672185383	-0.0254221921	0.0253973022	0.1206289741	-0.0183213626	-0.0260235741	-0.0825039314	0.0138400763	0.3377902918	0.0010032693	-0.0124322031	0.0528444306	0.0185024778	-0.0485886938	0.094710781	-0.1583978323	-0.0670493506	-0.1964199649	0.1420047908	-0.0726060012	-0.0602896193	0.0366300543	0.1007924128	0.1525510352	-0.0362819537	-0.0211521402	0.0860887255	-0.041142917	-0.0756118325	-0.0547413916	-0.0395110586	0.0472139043	0.0351531044	-0.0862260429	0.007624083	-0.0112229198	-0.0830317998	0.0466445739	-0.1661081756	0.153570692	-0.0341978162	0.0476265134	0.1351352595	-0.0934230581	0.0246594621	0.1873633557	0.0732692217	0.2078030627	-0.0364638267	-0.0763388224	0.0388342267	-0.1430952778	0.1067877021	0.0016815345	-0.0025305503	-0.0650629698	-0.0558428583	-0.2242109542	0.1061538146	-0.0408830926	-0.0361025401	0.1204725775	-0.0634263333	0.0277332055	-0.0760278285	0.1333798738	-0.0276380447	-0.0569612087	-0.0079535441	-0.0178742337	0.0504143983	0.0802739661	-0.0514999571	0.138268603	0.0433870923	-0.1962216162	0.0774425312	-0.010233171	-0.1408510856	-0.020227042	-0.0378457144	-0.0033985682	0.0389023275	-0.0021510814	-0.0528688684	0.080409147	0.0992570537	0.0235265052	-0.063080731	-0.1205247148	0.011679399061947	0.0024574176055977	6.038901288302021e-06	0.0001364083624482	-0.0126700367122793	-0.0177649070239595	0.0001605298302905	0.0003155919215699	-0.0366025778179093	-0.0370185177871036	0.0013703706591541	0.0013397487029161	0.0001040163587746	-3.89288370487e-05	1.5154543539642376e-09	1.0819402892726305e-08	7.99787355099113e-05	0.0003480076430197	1.2110931960013486e-07	6.396598133764347e-09	-0.0004090038658788	-2.3196173999987232e-08	5.380624882376835e-16	1.672841623038034e-07
849.4597337994627	2.12194076257606	4.502632599881869	721581.839346654	1070.1339509576187	1.6874176911790073	2.847378464503892	1145186.672992163	811.264500533106	0.7222348208517815	658150.08982523	0.5216231364508049	825.947806230083	729.5953729055558	1.002894	24.769129	0.066505733624717	0.0337056419214705	-0.0790249368	-0.0429003908	-0.0700643499	0.1262694795	-0.036580356	0.0641264585	-0.0252348288	0.0478201389	0.023262339	-0.0085740114	0.1018544009	-0.0023944346	-0.2003305908	0.168970253	0.0409913573	0.0968714585	0.1021321038	0.0693816506	-0.0720403084	0.0959902243	-0.0365569309	-0.1526788936	-0.1688390865	0.1151203508	0.2213880115	0.0738069684	-0.0380290413	0.0739079765	-0.1986658792	-0.0689244457	-0.1095693882	0.0616926504	0.1432423338	-0.028783082	-0.0477136768	-0.0939355785	0.1016993982	0.0476743855	0.0058118917	-0.0179722849	0.0677386844	0.108607234	0.1160235987	0.0294623495	0.1034232769	-0.0489859615	-0.0837165244	0.0487116475	0.0931906842	-0.0094690228	-0.0930376652	-0.005551344	-0.0672653256	0.01645979	0.0158211958	-0.0225392096	-0.0575967397	0.0333639324	0.0447493546	-0.0425720921	0.0703767814	0.0278468807	-0.1125765097	-0.0052129818	0.2039609104	-0.060101594	-0.0005292896	-0.1847895324	0.0660537917	-0.1574345262	-0.0350263713	-0.1500135762	0.1086086234	0.0095176275	0.0768218763	-0.1393470736	-0.1515327944	0.1273722735	-0.1710497791	-0.0519475762	0.0079807315	0.1084227161	0.2200916683	-0.0390483513	0.0940162377	0.0505474289	0.026070424	0.0627678624	0.1572507521	-0.100872023	-0.0105899985	-0.0623967644	-0.0175756596	0.0408756156	0.0636393327	0.0013807763	-0.0131224402	-0.0953560702	0.0584074852	0.1448097728	-0.0617806339	-0.0750050163	0.1297239406	-0.0573549933	-0.0722502248	-0.1110032676	-0.0163477649	-0.0786284651	-0.0121607664	-0.0553580978	0.3106155347	-0.1032632209	-0.0345617557	0.0696609707	0.1075302419	0.0146775029	0.1575238335	-0.0774725098	0.0324483708	0.0631953952	0.0523315024	-0.1282563763	-0.0366894099	0.0970621018	0.016850859	-0.0717238087	-0.124700488	0.0034486029859834	-0.0082307960759636	6.77460040440978e-05	1.189286255493362e-05	0.009869639376447	0.0225396760887263	9.740978142111312e-05	0.0005080369981847	-0.0197155632587779	0.0168870145591314	0.0002851712607203	0.0003887034346108	-0.0001750036802759	-0.0002790200390504	7.785218219174253e-08	3.062628811010943e-08	-1.796419782640335e-05	-9.794293333631464e-05	9.592818190521776e-09	3.2271240354615483e-10	-0.0004090019002477	1.9656310999986892e-09	3.8637056212820564e-18	1.6728255440622956e-07
846.8501508637652	-2.6095829356975173	6.809923098283673	717155.1780179818	1069.9723920386857	-0.1615589189329966	0.0261012842867985	1144840.919724987	809.2142847244273	-2.050215808678672	654827.7586020665	4.203384862155942	824.897284211818	723.5765926045282	1.037607	25.626444	0.0427710378485315	0.0296244911276549	-0.0266603113	-0.0156522196	-0.1484872648	0.0489409731	-0.0519350785	-0.031030204	-0.0223446411	0.0568808334	0.1113360519	0.1818029017	0.0005990189	-0.09027419	0.1454242015	0.1142967379	-0.0576926886	0.0010139498	0.0386066629	0.0779492387	-0.0365926541	0.1766598529	0.1914191413	-0.0028930079	-0.0401123959	-0.1033729062	-0.1112783369	0.0701898835	0.0246118437	0.1285176964	0.0343990268	-0.0073450252	0.0344632285	0.1098693377	-0.0906676718	-0.0682745181	0.1303347524	0.1565932228	0.0214974305	-0.0856130429	-0.0116698864	0.1005982258	-0.0194518724	-0.0389438893	0.046560427	0.0766963295	0.1871455686	-0.0015244619	0.0849278837	-0.1462679841	-0.0059494596	0.0858146474	-0.0991409033	-0.1264722129	-0.0745691064	-0.0650947544	0.0510607568	-0.1799531956	0.1062810307	-0.0321228982	0.0773608691	-0.017236481	0.0146247921	-0.1766613789	-0.1600480299	0.008119616	-0.0639510145	0.1157316344	0.0266110917	0.0439463639	-0.0087307151	0.0469536186	0.2015650946	0.118200927	0.084086766	-0.0012281811	0.0868274998	0.1074264377	-0.0755883103	0.0390993409	0.0625422558	-0.1418540839	-0.0012302168	0.1439945057	0.0102798164	0.0781802496	0.0531631464	0.0373538782	0.0826907929	0.1179439781	-0.0787358569	-0.0064529437	0.1351757591	-0.0403909167	-0.0263752275	0.0311097047	-0.1052003373	-0.0113443263	-0.2210598065	0.0372017587	-0.0579943565	-0.170262324	-0.0621657171	0.0380351725	0.0839143935	-0.0733822488	-0.0347430945	-0.1058711958	0.1413583205	-0.0093649542	0.0804928404	-0.0016726987	0.1177010612	0.0803720741	-0.0090470798	-0.0262333638	0.1542267163	-0.0004827796	0.1009810128	0.0169296626	0.024238588	0.0368501332	-0.1130143391	0.0640630189	-0.1048726736	0.0948006283	0.0101290257	-0.0799246852	-0.1275100165	0.0018296042495222	-0.0016189987364611	2.621156908662961e-06	3.347451709869693e-06	-0.0144643155252595	-0.0243339549017065	0.0002092164236142	0.0005921413611582	-0.0365336474691417	-0.0168180842103638	0.0002828479565068	0.0013347073973995	-0.0001750036802759	0.0	0.0	3.062628811010943e-08	-1.796419782640335e-05	0.0	0.0	3.2271240354615483e-10	-0.0004090019002477	0.0	0.0	1.6728255440622956e-07
845.9241746264058	-0.9259762373593504	0.8574319921541799	715587.709217366	1065.236288236879	-4.736103801806621	22.43067922148713	1134728.3497766834	808.7203533169934	-0.4939314074339336	654028.6098691627	0.2439682352496665	823.0184618172877	709.2393949561301	1.015727	25.08606	0.0702384953660717	0.0368850174365238	0.034771107	-0.0372134352	0.0738781748	0.0562464582	0.0253392856	-0.037886769	-0.0422277061	-0.0662305318	-0.0581860378	0.019528615	-0.1267030087	-0.1367065082	-0.0527386899	0.0555723623	0.0694168527	0.0606073856	-0.0908581198	-0.0164498461	-0.0185663917	-0.0552516456	-0.0664643674	0.0169791019	0.178780653	-0.0762003858	-0.0689483326	-0.0361867048	-0.0065223292	0.046330406	-0.1849737835	-0.0993761724	0.0742383491	-0.1374624495	-0.1466894402	0.0199077943	0.0509713586	0.0040696781	0.0182900598	-0.0804222711	-0.024332277	0.1344443275	-0.013257605	0.0863503626	0.0090388534	-0.0332670526	0.02552727	-0.0003766351	0.0085917626	-0.1078435961	-0.1657362832	-0.1306363994	0.0213441993	-0.0082575186	-0.2356022677	0.2254782139	0.0759175334	-0.1025244942	0.0739039269	0.0457697947	-0.0911872756	0.0431137252	-0.0266373232	0.0245863308	0.0671314031	-0.1138297606	-0.0961495162	0.0044758792	0.0145945415	0.1475593321	0.0483396175	-0.0567262862	-0.006505239	0.0728058056	0.0489363989	0.0829841394	-0.2051060853	-0.1189400993	-0.0194717803	-0.0184180247	-0.0770868625	-0.2089471346	-0.0899175004	-0.0122719024	-0.0270679954	0.0241712731	0.0614236349	-0.0073933189	0.1242008999	0.0252051369	-0.0419792237	0.0070001155	0.0063542937	0.0485656952	0.1343507585	0.2014821705	-0.0103576708	-0.1075735161	-0.0921027923	-0.0277593133	0.0749023431	-0.044982698	0.0678196327	-0.0745089333	-0.0196738656	0.096876419	0.1713808621	-0.0195727846	0.0318258755	-0.0183744132	0.059373356	0.0748787536	0.1475054694	-0.0536431053	-0.0019226176	0.1610525015	0.067506534	-0.0550570738	-0.0366152422	-0.0355020787	0.0262925472	0.0815541009	-0.0386854369	-0.0421400675	-0.0021649415	0.0924741833	0.0033794295	-0.0876327994	-0.1289225186	0.0092426843049508	0.0074130800554286	5.495375590819329e-05	8.542721316098385e-05	0.0104960112404484	0.0249603267657078	0.0001101662519596	0.0006230179122509	-0.0193246278108816	0.0172090196582601	0.0002961503575983	0.000373441240029	-0.0001749187333649	8.49469109999901e-08	7.215977688440239e-15	3.059656328198098e-08	0.0003950356817177	0.0004129998795441	1.7056890050344388e-07	1.5605318983016796e-07	-0.0004089653489693	3.655127840001583e-08	1.335995952675464e-15	1.6725265665758134e-07
851.4634068496516	5.53923222324579	30.6830936230445	724989.9332040154	1071.3503516739336	6.114063437054483	37.38177171232648	1147791.5760318611	810.9134321740731	2.1930788570797404	657580.5944803351	4.80959487337018	825.4746482206351	729.8362677800671	1.060285	26.186527	0.0430522429547649	0.0283963978448152	-0.1156437835	-0.0874673747	0.0234487726	-0.0477660769	0.1826065857	0.1150406377	-0.1625848199	-0.0795019859	0.16086606	-0.0722283192	-0.0856384548	-0.2186969636	-0.1093426093	-0.1141940897	-0.023858286	0.0384216374	0.0335922254	-0.0700657524	-0.118857207	-0.0989231103	-0.0640910641	0.0224157819	-0.002675671	-0.1135050075	0.0190052363	0.0281509833	-0.2005750895	-0.0878354044	0.0555399835	-0.0383857103	-0.0068917968	-0.0081094464	0.2124214741	0.0380501721	0.0397415962	-0.0281768261	-0.0853818194	0.0682616825	-0.0808271826	-0.0044869567	0.0816256382	-0.0316556808	0.0955934688	-0.0951135285	-0.1001588331	0.1087798632	-0.0383075483	0.0059367449	-0.0520594761	-0.0226978095	0.032531906	0.0587863206	0.0958003523	0.1304029247	-0.0755131408	-0.183669748	0.0540755909	-0.0260301004	-0.0302875755	0.0506808297	0.1327025961	0.1253711261	0.0544075213	0.1263262759	0.11356937	-0.0899832803	-0.0513247949	0.095087309	-0.0955214145	0.0474228282	0.0226476555	-0.0305463175	-0.0670182054	0.2267005475	0.0058441787	0.0641777863	0.0189060303	-0.0763842467	0.0600044849	0.0288957632	0.0429732677	0.0557756951	-0.1352605914	0.0293893452	-0.0171119688	0.02789657	-0.1258924714	-0.1149763916	-0.0656200546	0.0002340338	0.0464916314	-0.097713524	0.1377469846	-0.0808744518	-0.009045981	0.0337675485	-0.046170474	-0.0525731881	0.1618193408	0.0835979778	-0.0284619531	-0.1125812527	-0.0518892543	0.0452983693	-0.0681978014	-0.0175980823	-0.1320989385	0.1386099926	-0.0677591739	-0.0924124205	0.0968417339	-0.178054842	-0.031597272	0.1395200363	0.0400695989	-0.0610143039	-0.1060830353	0.0239475046	0.0068068084	-0.0993205196	-0.0927795463	0.1255480409	-0.1979720818	0.090084361	-0.0033794295	-0.0948006283	-0.1289225186	0.0092492921893949	6.607884444100043e-06	4.366413682657933e-11	8.55494060048015e-05	-0.0144549694775548	-0.0249509807180032	0.000208946142597	0.0006225514387901	-0.005880263785059	0.0134443640258225	0.0001807509240588	3.45775021818764e-05	-0.0001749280238707	-9.290505799977544e-09	8.63134980194164e-17	3.0599813535308186e-08	0.0004210298677527	2.599418603500001e-05	6.756977076221894e-10	1.7726614953985608e-07	-0.0003419630189802	6.700232998909999e-05	4.489312223968248e-09	1.1693870635005261e-07
851.2349363650428	-0.2284704846088061	0.0521987623373827	724600.9168883985	1072.1430538699835	0.7927021960499587	0.6283767716224272	1149490.7279616543	812.8051193226612	1.891687148588062	660652.1619971255	3.5784802681332324	827.8831366235083	750.1711698574712	1.058549	26.143665	0.0427179169135523	0.0238553358277467	-0.212598208	0.0462148116	-0.1860554471	-0.062644122	-0.0259745721	0.1192000267	-0.0073436337	0.1067075862	0.222841043	0.0887600845	-0.0051211782	0.0572509807	0.0162238089	-0.0893549446	0.0154034005	-0.0242752125	0.2442163169	-0.0554921886	-0.0079730174	0.0842023176	0.1448209755	0.01359222	0.1134874991	-0.0702337047	0.1113018847	-0.0389589864	0.0504987803	-0.1518085367	-0.1014257881	-0.1114897611	-0.0039949193	0.1331759039	0.1756703069	0.0389795651	-0.0491513268	0.0368638249	-0.0692379836	-0.0984943493	-0.1051677096	-0.1119524764	-0.1324483627	-0.18591665	-0.0874193224	0.1535989282	0.0173327362	-0.1149907694	0.0654467643	-0.0778477605	0.0409080371	-0.0050499884	-0.0944875988	0.1156776782	0.0763395199	-0.0126813235	-0.0523996953	-0.0970101358	-0.0133750295	-0.026719534	0.1825296595	-0.120501895	0.1394149611	-0.0460784882	-0.1347647311	0.1142414555	0.0433374534	0.0526960033	-0.0140563576	0.2014406687	-0.0487021531	-0.0970808955	-0.0934663405	-0.0764933905	-0.1784310796	-0.0359970562	-0.0710814317	0.0793818477	-0.0176664113	-0.0982436901	-0.0044673979	0.0894545384	0.2108164722	0.0178982522	-0.0625900585	0.1907324136	0.057919361	-0.12990604	0.0151153399	-0.0219801068	0.0287187587	-0.2359682755	0.0655794007	-0.0250223819	-0.011300983	0.0840994158	0.1357490454	0.1509583478	0.1171543466	-0.0179352383	0.0830484803	-0.0330613224	-0.1817258969	0.0126777104	0.014851686	-0.0296255663	-0.2510300042	0.0061471237	0.0308614396	0.0055015267	0.0068489696	-0.0349167694	0.0177361017	-0.0393654152	-0.0080081925	0.0084282885	-0.0736696035	-0.0570566379	-0.2710409616	0.0681947265	-0.0444559891	-0.2247326661	0.0403771299	0.0459617433	-0.1177970195	0.0876327994	-0.0101290257	-0.1013839798	-0.1275100165	0.0090824086053942	-0.0001668835840006	2.785013060891864e-08	8.249014607533862e-05	0.0031299882779762	0.017584957755531	9.796826620268416e-06	0.0003092307392638	-0.0183942634778446	-0.0125139996927856	0.000156600188311	0.0003383489288923	-0.0001748767176165	5.1306254199995356e-08	2.6323317200345407e-15	3.0581866364321086e-08	0.0006030357718318	0.0001820059040791	3.312614911965055e-08	3.6365214210877485e-07	-0.0004089473262716	-6.698430729140003e-05	4.4868974233087075e-09	1.6723791566469048e-07
845.8873967471296	-5.347539617913185	28.59617996515109	715525.4879756359	1071.1352883493255	-1.0077655206580405	1.015591344627171	1147330.8059471927	809.503950668367	-3.3011686542942016	655296.646147694	10.897714484094587	825.1501014266321	730.3546452866904	1.029207	25.418997	0.0437085300147005	0.0263325118700954	-0.0331117599	0.0740146978	-0.1945929993	-0.0983993202	-0.0608678969	-0.1367380987	-0.0454648964	0.0917033647	0.1728440416	0.0848455892	-0.1846999626	-0.0138996153	0.0379265511	-0.0910302546	0.0249388773	-0.0879590773	0.0787413895	0.091147331	-0.0300134177	0.0736451931	0.1402130222	0.054648667	0.0403638147	-0.0220650247	-0.0120160544	-0.072177184	0.0698598354	-0.0641241471	-0.0857869346	0.0397108189	0.1422003768	0.0475035557	-0.0981679358	0.0313808763	-0.108776042	-0.163367712	0.1380727298	-0.0387034666	-0.0774432549	-0.0914941991	-0.0758415162	0.0503673404	-0.0835450881	0.0034735104	0.1616385495	0.0149460624	0.0499860063	0.0518719529	-0.0296347003	0.0708054672	0.2110927442	0.0800278828	0.0290599713	-0.032104807	0.1690514504	-0.0350955932	0.1258904195	0.0104109943	0.1334144689	0.0587706489	-0.0073838334	-0.1367682423	-0.1228141916	-0.0157514305	-0.0663332171	0.1186761798	-0.0493768845	0.0825393222	0.0339285614	-0.0997952445	-0.0615345376	0.0159859078	-0.03823174	0.0158646186	-0.0063891509	-0.0562967646	0.0965957647	-0.1414234993	0.0136824552	0.0720705546	-0.039893045	0.0461893851	0.045220145	-0.0182480622	-0.1731855933	0.0256158977	0.1669676704	0.0859059865	-0.1878891388	-0.026038045	0.0676704284	-0.0523697316	-0.023253313	-0.1008958832	0.1403935007	-0.2460288445	0.1017517169	-0.0546297687	0.0008464338	-0.1201667557	-0.0237121752	-0.023622193	0.0438587462	0.0078087938	-0.1403651115	0.0291669469	0.0895460974	-0.0615763465	0.1120966779	-0.048735986	0.0257369029	0.1365169854	0.0304108797	0.1643997644	-0.0230458901	-0.0439638488	-0.042040308	0.067020829	-0.126386889	0.0133381224	0.0920540725	-0.1003650033	-0.0989800273	0.0851211787	-0.016850859	-0.1073422654	-0.124700488	0.0092933675822735	0.0002109589768793	4.450368992596118e-08	8.636668101925201e-05	0.0080766430034771	0.0049466547255009	6.52321622056156e-05	2.446939297332039e-05	-0.03653934109483	-0.0181450776169854	0.0003292438417264	0.0013351234476443	0.0001170991060299	0.0002919758236464	8.524988159399366e-08	1.3712200633001762e-08	0.0004869757135343	-0.0001160600582974	1.3469937132019097e-08	2.3714534557224061e-07	-0.0004090282182344	-8.089196279996567e-08	6.543509645631028e-15	1.6730408331200793e-07
844.6506166991292	-1.236780048000469	1.529624887132042	713434.6642902192	1068.638200182143	-2.4970881671824827	6.2354493146827705	1141987.60288853	807.6946020413715	-1.8093486269955288	652370.5701667694	3.273742454010607	822.9296796031175	712.8997095737132	1.015814	25.088203	0.1049529388888367	0.067659637655999	0.0397022006	0.0219567735	0.0150954115	0.0843917786	-0.0710745687	-0.0296346016	0.0151516764	0.0223148081	-0.1294374916	0.0333352914	-0.1618466785	0.0662437138	-0.0814352107	-0.0415966973	0.0841539215	-0.1478508969	-0.0716144037	0.1156002329	-0.0599117875	-0.0494285217	-0.099031438	0.0578882701	0.1720301685	0.1604956283	-0.0231848307	0.0760616742	0.1577275595	-0.0221314305	-0.0426376958	0.0550739701	-0.099417068	-0.0089993216	-0.0609593425	0.0541862152	-0.0026464836	-0.0435662299	-0.0597293057	-0.0810030858	0.0267866149	0.0176833599	-0.1275798296	0.0680956085	0.0434462768	0.0729006577	-0.0399642148	-0.1599996114	0.0344010716	-0.0065878912	0.3482098933	0.0379393659	0.2343784918	-0.0391080782	-0.0074554281	-0.0647986125	0.1917064572	-0.0669570168	-0.0751367252	-0.0073788204	-0.0021790036	0.0519972166	-0.0926647643	-0.0480562432	0.0616722817	-0.2582166403	0.0250249712	-0.0265950774	0.0344747617	0.0005142256	0.1807699846	-0.0860260311	0.0261925876	0.0244661939	-0.0175863347	-0.1209113543	0.0293881022	0.0398309509	-0.0713275749	-0.1479613681	-0.0154475284	0.0448665911	0.105018204	-0.1269897032	0.0056462462	-0.0007386328	0.061746791	-1.50855e-05	0.1480461012	0.0210615541	0.0482197303	0.12122812	0.053717543	-0.0752289092	0.1141172086	0.0552021399	0.1381593159	-0.0018936614	0.108801723	-0.1570009036	-0.1093048198	0.0334469107	0.0974872941	-0.0653818524	-0.0007527424	0.0924284845	0.0552568655	-0.0567320506	0.1253919137	-0.1234091854	-0.1218590297	0.0167272176	-0.0363526754	0.0836258973	0.03458763	0.0923233107	-0.0983524583	0.0867208079	0.0207480192	0.0177488434	0.0791310529	0.0274233261	0.0847147761	0.1165463835	-0.0098862817	0.0825512202	-0.0235265052	-0.1126387502	-0.1205247148	0.0091870439191268	-0.0001063236631467	1.1304721344933129e-08	8.440177597196471e-05	0.0080674357509025	-9.207252574600784e-06	6.508351959493977e-05	8.477349997249274e-11	0.0281781866024104	0.0647175276972404	0.004188358391243	0.0007940102002002	0.0002565875497807	0.0001394884437508	1.9457025940020093e-08	6.58371707024632e-08	0.0009289761088995	0.0004420003953651	1.953643495029931e-07	8.629966109060556e-07	-0.0001881194518329	0.0002209087664014	4.8800683073032494e-08	3.538892815791078e-08
842.5260775997021	-2.124539099427011	4.513666384994135	709850.1914355393	1054.2147994298657	-14.423400752277304	208.03448926079344	1111368.843336952	805.8919413833244	-1.8026606580471023	649461.8211865835	3.2495854480708126	820.6022643883274	700.0498511756766	1.057979	26.129597	0.0296732219593869	0.0226017507667185	0.0807030676	0.0625018603	0.1377628025	-0.0370009222	-0.1176538536	-0.0449111378	0.2159072268	-0.1255732642	0.0076637945	-0.0989382054	0.0672360055	-0.0631355582	-0.0748343915	0.0669027555	-0.0946928265	-0.0824644292	-0.2075569857	0.0359345634	0.2250619764	0.0248181154	-0.0248977931	-0.0067940547	-0.0871543066	0.0003185041	-0.0721543284	0.0970826744	0.0402533066	0.0704597517	0.0660483461	0.0817539355	-0.0576436579	-0.0439234329	0.06124691	0.0955853414	-0.0370257572	0.0374290784	0.037392541	0.0423179147	0.0689268371	0.0579902938	-0.0938058706	-0.0693627678	0.1398640428	0.0870962536	0.0033096616	0.0405488986	-0.2891615752	-0.0341937603	-0.0500158169	0.0208159846	-0.0437924762	0.0641587703	-0.0411605363	0.0323845545	-0.012576782	0.0243767874	-0.071568621	-0.0876113393	-0.1501817415	-0.0899343743	-0.2367018243	0.0318087136	-0.0281126429	0.0368622838	0.021760443	0.0224636243	0.1167059619	-0.0691729749	-0.0569140932	0.0802234553	0.0146901232	0.0206458675	0.0197202516	-0.1418690638	-0.0064104486	0.0896141377	0.0268425568	0.1730109124	-0.0275102792	0.1454427313	0.0166677973	0.0406207444	-0.049443122	-0.0482153431	0.1263055315	0.0215718125	-0.0493768509	-0.0952629905	0.0719498655	0.0545749853	0.0615821296	-0.0140269524	-0.0335197878	0.0519987496	0.0797961317	0.0595937265	-0.039622564	0.02362182	0.1068033064	0.0696678497	-0.1121897264	0.1126581996	0.1297898674	0.0371692091	0.0864894993	0.1001210765	-0.04293333	0.002291139	0.0567322595	0.019233192	-0.1251166783	-0.0146854581	0.0303378961	-0.1095140673	0.0046238513	-0.0459775328	-0.0060868084	-0.016537963	0.1597536777	-0.0809657077	0.0284576683	0.145579405	0.1268456402	0.0799246852	-0.0301376669	-0.1172407796	-0.1150284477	0.0117388725718825	0.0025518286527557	6.511829473024976e-06	0.0001378011292588	0.0080186641527433	-4.877159815919879e-05	6.429897479449043e-05	2.378668787002363e-09	0.0281213735826284	-5.681301978200173e-05	3.22771921675012e-09	0.0007908116521737	0.0003868972173121	0.0001303096675314	1.6980609452144003e-08	1.4968945676384634e-07	0.0009290429737625	6.686486300007314e-08	4.470909904018548e-15	8.631208470974693e-07	0.0002218201895465	0.0004099396413794	1.680505095742711e-07	4.92041964904452e-08
846.8475694278375	4.321491828135322	18.67529162064037	717150.8058458361	1061.5854250326197	7.370625602753989	54.32612177597261	1126963.6146416878	809.0420323073154	3.150090923991001	654549.0100399511	9.92307282941048	823.0538272987418	695.0302190243336	1.151839	28.447704	0.0679792805283708	0.0523117153497398	0.0525497471	-0.1569808323	0.007144746	-0.0725630963	0.1147024581	-0.0595463297	-0.141473454	-0.0717773866	-0.1062647371	0.0148965322	0.1132845574	0.0591812688	0.0490416767	-0.0273536253	-0.16040819	-0.112858071	-0.0456917956	-0.1624633976	-0.158658991	0.0599573145	0.0194904089	-0.0102693355	-0.0228715801	-0.0186290054	0.0374294517	0.0189289651	-0.0837250247	-0.1249970914	0.1188751844	0.0603318969	-0.0409437834	-0.0008220822	-0.2441747177	0.045916814	0.0318600818	-0.0073757972	0.0091718832	0.1621402968	-0.0142527739	-0.1170436186	0.099669147	-0.0169340337	0.0134510855	0.0447477194	-0.1349735566	-0.0322350069	-0.213957713	0.2647891218	-0.1059546442	0.0348841189	0.0101482107	-0.1330276835	-0.0217824913	0.0354679285	0.0183806473	-0.0579676359	0.0480311544	-0.0898376443	-0.1135881891	0.0751191371	0.1747742804	-0.0926147127	0.0698688355	0.0931978983	-0.0475407151	-0.0521673571	-0.0483082266	-0.0063950391	0.0359383631	0.0514212299	-0.0176003577	0.0021221273	-0.103440166	0.0173605265	0.0923425402	-0.1695702053	0.0198889985	0.0447011455	0.1173250653	0.0245498048	-0.2359841538	-0.1654457109	-0.0533741661	-0.1432651351	-0.0644964577	0.0110368303	-0.0561404881	-0.0080715258	0.1172361271	0.0575922513	-0.0113941031	-0.0570238039	0.0611234684	-0.0346259561	0.1328563147	0.2725466693	-0.0416814194	0.140258304	-0.0258782788	-0.158478407	0.0701595402	-0.0456935776	0.0321885632	-0.0043929359	0.0736582809	-0.0460069248	-0.0293228431	0.1277414054	0.0449444099	-0.1367948792	-0.0225430079	0.047383587	0.062199342	0.0087977802	-0.0081312845	0.0089592792	-0.0031311491	-0.0330391961	-0.0285076751	0.0731782096	0.0890380204	-0.1061100824	-0.0559417249	0.0772433738	-0.0366662233	-0.1211199807	-0.1082719048	0.0256079613976254	0.0138690888257429	0.0001923516248563	0.0006557676869422	0.0080791247373781	6.046058463479893e-05	6.527225652211474e-05	3.6554822943816852e-09	-0.0224766545019647	-0.0505980280845931	0.0025601604460492	0.0005051999976006	0.0003508813679917	-3.6015849320400006e-05	1.2971414022697575e-09	1.231177344037268e-07	0.0009290444810667	1.507304199965982e-09	2.2719659512350898e-18	8.63123647800494e-07	0.0002548368935899	3.3016704043399965e-05	1.0901027458894635e-09	6.494184233455e-08
851.2714150419819	4.423845614144398	19.57041001778462	724663.0220675782	1073.1996667632422	11.614241730622552	134.89061097733435	1151757.524740734	813.327116144898	4.285083837582647	661500.9978565765	18.361943495112023	828.2245274917547	737.6041815277781	1.103659	27.257782	0.0676322345119156	0.0323451179887168	-0.1312757458	-0.0648565048	-0.0750775424	0.0932437651	-0.0354267878	0.1270600172	-0.0480045409	0.0739420618	-0.0078753161	0.0342636857	-0.0721193027	0.2061927315	0.0071914421	-0.0364847506	-0.1946406606	0.1005518329	0.2464331636	-0.0697092853	-0.1661874795	-0.016302195	-0.116110137	-0.0343003358	0.0893094397	0.0358962613	-0.0077402684	0.1601096365	-0.0438924704	0.1531488363	-0.0589906806	0.0620167279	0.0949960458	-0.0195463618	0.0335941132	-0.0911857846	0.1755514537	0.0176968518	0.0389348933	-0.0524643944	0.0287761169	0.0827266926	0.1312588965	0.0135546906	0.032667621	-0.0599916994	-0.0393830999	0.1329993267	-0.032963042	0.0469407362	-0.0794086745	-0.222160979	-0.0026512689	0.0482955863	-0.016647222	0.0642440409	0.155820401	0.1487642449	-0.1036001295	0.0294491486	0.1244780649	-0.054243265	0.2614702416	0.0537530267	0.0328452915	-0.0656827005	0.0689702292	-0.0571827718	0.0086982801	-0.0521230734	0.1290628977	0.0319898997	0.1923281345	0.0526731213	0.1745431168	0.1010620862	-0.0624671702	-0.1753615872	0.052612199	-0.0740840946	0.0002456817	-0.2202127229	0.0074211863	0.0657512579	-0.0145756595	-0.0511931785	-0.0776610031	0.088142071	-0.0895178946	0.0059652548	0.0950638737	0.0290743589	-0.0066870911	0.1308167142	-0.0494633047	0.0175878208	-0.0949823533	-0.1202932257	0.0948703156	-0.0526890064	0.0395489606	0.032545997	0.0324641797	-0.1146538535	-0.047032591	-0.0415203771	-0.0301928965	-0.1337077285	-0.0316228441	-0.1337758848	0.0571381996	-0.141333665	0.0389513247	0.0403576519	-0.0177203813	0.050297738	-0.0412046731	0.1856970264	0.0471196724	-0.0743180691	0.0130959133	0.1436416253	0.1860096897	0.0541880253	-0.002041468	0.0745091236	-0.0430942802	-0.1242524367	-0.1003291122	0.0134888440372975	-0.0121191173603279	0.0001468730055934	0.0001819489134625	0.0179910778316809	0.0099119530943028	0.0003236788815455	9.824681414365884e-05	-0.0108062499755448	0.0116704045264199	0.0001361983418102	0.0001167750385339	0.0001463083865678	-0.0002045729814238	4.185010472866332e-08	2.14061439800728e-08	0.0013800241636801	0.0004509796826133	2.0338267413008295e-07	1.9044666923409596e-06	0.0002778994201699	2.306252658e-05	5.318801322532065e-10	7.72280877307666e-08
845.9896997505034	-5.281715291478463	27.896516420237425	715698.5720839469	1069.6801933826748	-3.519473380567433	12.386692876522757	1144215.7161151967	810.9260173495533	-2.401098795344751	657601.005614408	5.765275425006015	826.7707676271192	729.7228482580999	1.09709	27.095545	0.0641362334147997	0.029011026859804	-0.0469289564	0.0716428966	-0.1642494498	-0.034384585	-0.2202333865	-0.008331985	0.1269651488	0.1007165045	0.2649879833	0.1273031909	-0.0377683184	0.0482951395	0.0903163102	0.1072882799	-0.0362302378	-0.0527006243	0.2138155411	0.1005716175	0.0549846456	0.1001597324	0.1358024852	-0.1318439602	-0.1541937693	0.2170199041	-0.065603257	-0.0252182757	-0.0505753103	0.0397432068	0.0090393406	0.028697006	-0.0764295814	0.0217570817	-0.0066679487	-0.0904368799	0.0343998272	-0.0010143202	0.0047948799	-0.0643257005	0.0711060073	-0.026610513	0.0713729162	-0.1640747864	0.004999103	-0.0600219744	-0.1702863635	-0.1404931673	0.0827387937	0.0796550279	-0.0977960583	-0.0266903744	0.0251052531	0.0736663501	-0.0426373019	-0.0663115908	-0.0954078472	-0.0950100093	-0.0187129782	-0.0567940054	0.2302278681	-0.1149849278	-0.0215729912	-0.0982316909	-0.1943847889	0.0415034691	0.0277904867	0.0633385708	0.1414897002	-0.1840479314	-0.038151107	-0.093868123	-0.0374588576	-0.0246443086	0.0289752374	0.0729733273	0.1284699684	-0.0481612236	-0.028629565	0.055013871	0.132033349	-0.1041686896	0.0927181986	0.0512011372	-0.1505536185	-0.0281624889	-0.0405384017	-0.0047842054	0.0227737414	0.1047095845	0.1183048155	0.1304570749	-0.0273858111	0.0397612424	0.0693719569	-0.1285139149	0.0037410292	0.0680001279	0.1045008685	0.0704621723	-0.0568846187	-0.0044639211	-0.1542327283	0.0620967263	0.1272300265	-0.1030980501	-0.112318165	0.0010425176	0.0920139788	-0.115600267	0.1580492633	-0.0809608011	-0.0237150732	0.0008808594	-0.0122072827	-0.0929516387	0.0826559395	0.099793873	-0.027286734	0.1368743007	0.0254395555	-0.0281766441	0.0956485495	0.058298745	0.0902002283	0.0717238087	-0.0494042187	-0.1266188352	-0.0912870929	0.0091563931662648	-0.0043324508710327	1.8770130549912008e-05	8.383953581522072e-05	0.0079752983429273	-0.0100157794887535	6.360538365869894e-05	0.0001003158387673	-0.0224087020931733	-0.0116024521176285	0.0001346168951418	0.0005021499295005	0.0003654384165083	0.0002191300299405	4.8017970021724434e-08	1.3354523626009378e-07	0.0009880229215035	-0.0003920012421765	1.536649738679973e-07	9.761892934163117e-07	0.0001253196735393	-0.0001525797466305	2.3280579081858085e-08	1.5705020575996728e-08
842.9937677450727	-2.995932005430745	8.975608581164288	710638.4924570335	1066.190084117082	-3.490109265592764	12.180862685776464	1136761.2954695905	808.2152190713007	-2.7107982782525823	653211.8403384705	7.3484273053771645	823.5522443930058	699.640886058632	1.053253	26.012863	0.0289946626480448	0.0171283143520412	0.0985088708	-0.015678262	-0.1338227065	-0.1809718288	-0.1310395378	-0.228332806	0.0096260045	0.035130808	0.1229551554	0.045023556	-0.1559039379	0.0667171631	0.0946668868	0.0034999024	0.011169713	-0.0359378866	0.0240532442	0.2275802276	-0.0281573931	-0.0244346477	0.1044886165	-0.1014622722	0.0090259284	-0.1075577025	0.0791903833	-0.0089003537	0.0519960074	-0.1399777927	-0.0152093742	0.2191675867	-0.1444625804	-0.0739901435	-0.0337961555	0.0458966297	0.2112581732	0.006525969	0.0861733858	0.1137199201	0.0640139946	0.0638649141	0.0294738659	0.1401305355	0.0469871059	-0.1388012446	-0.0469444081	-0.1145134514	0.0157270474	-0.0357006488	0.0736319666	-0.0258037782	0.0955537609	0.0462837666	0.0376692388	-0.0554707032	-0.153426892	-0.0737375671	-0.0136441927	-0.0129826439	0.1223002956	0.1872527214	-0.0695688157	-0.0307298072	-0.0897015066	-0.0390225379	0.0467684712	0.1703420393	0.0016450093	0.0616986533	-0.0715300297	0.0524391347	0.00484073	0.0425105562	-0.0486850959	-0.2774655506	0.1102724264	-0.1720581114	-0.1098959675	-0.0638895288	-0.0494829945	0.0100171024	-0.0135348887	-0.0221591962	-0.0916803373	-0.1825832193	-0.0779937899	0.042546104	0.0238184464	-0.0948690467	-0.0243457016	0.0173954356	-0.0855980358	-0.1320175595	0.1372032432	-0.0977873888	-0.0151757497	-0.0425102844	-0.0662335816	-0.0277452197	0.0295671096	-0.0608326474	0.0794355004	-0.0392147117	0.1336390597	-0.0535432507	-0.0903060692	0.0894386211	-0.0447362006	-0.094824142	0.0999118371	0.099033024	-0.1340877602	-0.0436035278	0.1327837507	-0.0290956983	-0.0797170993	-0.0141706512	-0.0226900968	0.0643272996	0.1516652201	0.0833254103	0.1682660336	-0.0985042344	0.0320429622	0.0688893378	-0.0555787436	-0.1282045865	-0.0812449131	0.0209005699050237	0.0117441767387589	0.0001379256872712	0.0004368338223547	0.0080550809478125	7.978260488519968e-05	6.488432907581191e-05	6.365264042267889e-09	-0.0223191739681425	8.952812503080013e-05	8.01528517153058e-09	0.0004981455266202	0.0006009639932644	0.0002355255767561	5.5472297306293566e-08	3.611577212002938e-07	0.0009290238744261	-5.899904707740015e-05	3.480887556041279e-09	8.630853592536819e-07	7.822079378540058e-05	-4.709887975389943e-05	2.218304474072277e-09	6.118492580418161e-09
841.5750201753748	-1.4187475696978709	2.012844666523615	708248.5145831825	1057.295457515479	-8.894626601603022	79.11438238194413	1117873.6844828662	805.8765426240104	-2.338676447290254	649437.0019516285	5.469407525110165	820.7427789677131	687.7572381223862	0.92132	22.754423	0.0994645714519486	0.0529444680328234	0.1498974723	-0.0719778946	-0.0407330803	-0.1085543937	-0.0993594112	-0.2269045412	0.0519773039	-0.0581372705	0.0457805856	-0.0027717544	0.0366421194	0.0385637144	-0.107642875	-0.0338690234	0.0656560572	0.0480130909	-0.1564435815	0.1193889869	0.0078983357	-0.0600376153	0.1100059326	0.0492423781	0.0688575609	-0.1631637916	-0.0079150663	0.1702863927	-0.0029195709	0.1813609	0.0101490397	-0.0897762375	0.066308656	0.0807904298	0.0295512352	0.1171872535	0.0700071449	0.0210875255	0.0591428357	-0.0819918535	-0.0697296639	-0.0690376091	0.0677579538	0.1081496599	-0.0245545568	-0.0067693706	0.0010777215	-0.0444775395	-0.0470973773	-0.0106654634	-0.074274074	0.1066653163	0.0846861343	-0.1012831469	0.1046574543	0.1936631702	-0.0191506375	-0.0889353159	0.0390113155	0.1795196047	-0.0604211255	0.1298763578	-0.1540644039	-0.0722462887	-0.0507555206	-0.017729048	0.1289067745	-0.0508742322	-0.099472094	0.1233520781	0.1001580129	0.0676047964	0.0796358916	0.2222713107	0.0440017276	0.0933594122	0.0044735719	0.0119121313	0.0741081919	-0.0125789863	-0.1209225222	0.0571171049	-0.0120855312	0.0487290334	-0.0210322587	0.0742035932	-0.0246176834	0.0121509968	-0.0185859168	0.0007035382	0.0450881521	-0.1605254074	-0.0625156557	-0.1210314687	0.1877903269	0.1363651649	0.0576395563	0.024051946	-0.0527862497	0.0413777947	-0.0240820398	0.1306421042	0.113429762	-0.0562578932	0.1358613111	-0.0201671442	0.0430996928	-0.0119307782	0.024072832	0.0427604585	0.1080031408	-0.0200055561	-0.1445197691	-0.1373018854	-0.0274268332	-0.0593930883	0.0335757047	-0.0313056226	0.0959412124	0.0360223664	-0.0610651171	0.108028777	-0.0032989812	-0.0336691699	-0.0051612112	0.0660076536	-0.0616009311	-0.1289999139	-0.0703125971	0.0067921547538105	-0.0141084151512131	0.0001990473780789	4.613336619971058e-05	0.0080081120618018	-4.696888601070024e-05	6.412985879437547e-05	2.206076253086152e-09	0.0202801102602023	0.0425992842283448	0.0018146990167673	0.0004112828721659	0.0003558262334037	-0.0002451377598607	6.009252130952224e-08	1.266123083782644e-07	0.0013600467574599	0.0004310228830338	1.8578072569876898e-07	1.8497271824771885e-06	0.0002562582146185	0.000178037420833	3.1697323216902145e-08	6.56682725594612e-08
846.581380912902	5.006360737527189	25.06364783425377	716700.034508396	1058.8560823939154	1.5606248784363288	2.435550011194406	1121176.20322259	808.4789233458317	2.602380721821305	653638.1694944353	6.772385421307177	821.9798747431477	698.5834901085351	1.105662	27.307251	0.0714050906515871	0.0435010129444909	0.0641591383	-0.1400117634	0.1357673863	0.0841433385	-0.0186592765	0.0173510286	0.0339756234	-0.1699893988	-0.1118284004	0.0384332585	0.1521333554	-0.0575596276	-0.0693967646	0.0591839974	-0.0090432628	-0.0557642741	-0.1074896519	-0.2560519862	0.0455452903	0.0944199411	0.0369071636	-0.0396640505	0.0912588262	0.10455848	0.0967999793	0.0965645146	-0.0745232964	0.0527652306	-0.0169418589	0.0609539499	0.0890227592	-0.0837928222	-0.0071642711	0.0012947625	0.2170273555	-0.0845726249	-0.041754557	0.0595029662	0.1171437216	0.1572076618	-0.0984546031	-0.141359795	-0.0338076955	0.1208142659	0.0510497334	0.015881278	0.173036118	-0.0756082737	-0.0148459433	-0.0684564581	0.0833310154	-0.2027148874	0.0027346885	-0.0773250534	-0.1772840405	0.0975442829	0.0937769899	-0.0141498345	-0.2082689589	-0.1268763555	0.0681838954	-0.096300191	0.076534262	-0.054848154	-0.0537022548	-0.0100114064	-0.0367005484	0.0939935403	0.0581108629	0.1830964177	-0.0515076982	0.007896844	0.1050085646	-0.0170759648	-0.0218646339	-0.0067316052	-0.168085313	-0.091325381	-0.0889122436	0.0177012746	0.1326916405	0.0754704282	-0.1905827909	-0.1386040321	-0.1029826955	-0.2071960221	-0.0962026442	0.0470167785	0.0390588695	0.0420405334	0.0500279188	-0.1171004242	-0.0942960273	0.1011898678	0.1003703312	-0.0463857378	-0.0418652713	0.1781298872	0.0610167294	-0.1009016297	-0.0470833079	0.0946427589	0.0176944686	0.004455358	0.213941802	-0.1079170373	-0.0546404435	0.0465372437	0.0036493939	0.0389663392	-0.0498737855	0.0079432873	0.1666422042	-0.0943580022	-0.0643196869	0.1041926713	-0.1092008941	0.0615477156	0.0726302056	0.0557324958	-0.0587836932	0.0409263762	-0.0086804822	0.063080731	-0.0674542747	-0.1289999139	-0.0586099215	0.0093916659641593	0.0025995112103487	6.757458532729081e-06	8.820338958234823e-05	0.00187891610868	-0.0061291959531217	3.530325743457193e-06	3.756704303176464e-05	-0.0169570736137743	-0.0372371838739766	0.0013866078628643	0.0002875423455429	0.000635355361338	0.0002795291279342	7.813653336371025e-08	4.036764351809405e-07	0.0015230598795765	0.0001630131221165	2.65732779822015e-08	2.3197113967755826e-06	0.0001900164723866	-6.62417422319e-05	4.387968413917483e-09	3.6106259778247525e-08
849.2211674756503	2.639786562748327	6.968473096866627	721176.5912887065	1071.315394421336	12.459312027420538	155.23445619662607	1147716.6743241425	810.7519889890355	2.273065643203722	657318.787649677	5.166827418313151	824.915877720999	729.5016705667142	1.089093	26.898039	0.0729644693027906	0.0401384059188319	-0.0985512406	0.0176028216	0.1112920287	0.0072673693	0.0790273461	0.1319666487	-0.0730921937	-0.0099502548	-0.1001579714	-0.0496071257	-0.1646795635	-0.012771855	0.0070534783	-0.0402109935	-0.0109944284	0.0917330828	0.072654793	-0.0186286257	0.0235357242	-0.007833399	-0.1037269788	-0.0208473978	-0.0230685394	-0.0274895691	-0.1690754893	0.1208904369	0.0252077262	-0.0088936411	0.0581781526	0.0139379227	-0.0064710762	-0.0436922756	0.0477983569	-0.042064419	-0.0556139142	0.1371792368	0.0662239686	0.0582136527	-0.0541448696	-0.0718816731	-0.2844035727	0.125353971	0.1560766263	-0.1387468296	0.0280899632	-0.0923578454	-0.0608617694	-0.0001758884	-0.0312565122	0.1553961186	-0.0070303519	-0.166749743	0.0881899385	-0.0439948502	0.0991180999	0.1944530867	0.004371029	-0.0002532116	0.0143674331	-0.0073006764	0.0782242453	0.1504798921	0.0606340338	-0.0018729117	-0.0052106029	0.062077656	0.1073210679	-0.0352513042	0.0292537442	0.0758121172	0.131091133	-0.0998877051	-0.0273177305	0.0003722091	0.0179716092	0.0992550817	0.1265581398	0.1180667017	0.0193103685	0.0628886326	0.0737918576	-0.0643228303	0.0703892876	0.0488357928	0.0193123197	0.1951614173	0.1162926892	-0.1427664189	0.0375297787	-0.0276196777	-0.0461203204	-0.0299045327	-0.0895084506	0.0413840497	0.2141035586	-0.0786956299	-0.1208222915	0.1599485342	-0.0780948252	-0.0542273193	0.0150149877	-0.0207897457	-0.1479339286	0.0241693228	0.0166667073	0.057744657	-0.0860443911	-0.2128981923	0.0580843248	0.0185123393	0.0115354725	-0.0478649912	0.0892556804	-0.1089570189	0.0385097491	-0.0394129522	-0.1054464986	-0.1252454794	0.0553840002	-0.0540145431	0.1495036712	0.0357763936	-0.0331766495	0.0601105761	-0.0731227308	-0.1282045865	-0.0462651033	0.0094196800451129	2.8014080953599543e-05	7.847887316748286e-10	8.873037215229815e-05	0.0357536763736732	0.0338747602649932	0.0012783253742333	0.0011474993830107	-0.0355792964637231	-0.0186222228499488	0.0003467871838731	0.0012658863368534	0.000376763503208	-0.0002585918581299	6.686974909112603e-08	1.4195073734956464e-07	0.0014990633323854	-2.3996547191100023e-05	5.758342770946904e-10	2.24719087450242e-06	0.0003162175092034	0.0001262010368168	1.5926701693635322e-08	9.999351312680239e-08
846.340387893133	-2.8807795825173343	8.298891003048746	716292.0521790988	1063.0905153266622	-8.224879094673724	67.64863612200087	1130161.443777508	808.3643904046404	-2.3875985843950502	653452.9876742659	5.700627000205248	823.1069994676432	726.5642704406016	0.942474	23.276888	0.0771922231704992	0.0516785881022525	-0.0584833937	0.1325416575	0.1093230714	0.0444978755	-0.0120237554	0.1045616602	0.1318914024	0.05863477	-0.0687198101	-0.0255472478	0.0737681506	-0.0231913883	0.0020269811	-0.0702662243	0.1463580548	0.0853267851	0.064084744	0.0802666254	0.1562060335	-0.0949255393	-0.1347430242	0.1121716919	0.1295702242	0.0676418836	-0.1326437926	-0.0758891495	-0.0484183303	0.0216263567	0.0485223339	-0.0183498713	0.0098202214	-0.0556582516	0.0044569556	0.0158617929	-0.2041546435	0.0123689192	0.1665437039	0.0283686028	0.0310510695	-0.0862181685	-0.117782062	-0.0180249353	-0.120012759	0.1210123779	-0.0030975456	0.0096999204	0.0130305261	-0.0911428483	-0.0134905704	0.0735093462	-0.1566489056	0.085559103	0.0152735612	0.1041347703	-0.1519154574	0.1206877768	-0.0633438473	0.0255749905	0.0934268112	-0.0896334239	-0.0998565153	0.1021312103	0.0205197124	-0.1398798788	-0.0653288081	-0.1730004897	0.12763463	0.0075928708	-0.0849549192	0.0254900278	-0.0724489448	0.0062547281	-0.0151621436	-0.1014333936	-0.1044492544	0.1255130683	0.1171431622	0.1054406904	0.0453641442	0.0726885253	-0.0459869005	0.0053362501	0.1012890802	0.0279031158	-0.0971279006	-0.0092633676	0.1332716763	-0.1039049816	-0.0895247302	-0.0444438483	0.0064726027	0.2620778209	-0.0814375813	0.0859266203	-0.0779696837	0.04840108	-0.028183611	0.0023671137	0.0052384946	0.1455452387	-0.0381139563	0.0631107274	-0.1632633757	0.0915530112	0.0350742033	-0.0065368812	-0.0188241031	-0.0747959805	0.0205206858	0.0097628639	-0.0857551536	-0.0729086689	0.1444159244	0.0938318192	0.0483769004	-0.0940854139	0.0659921255	-0.0636789628	-0.2242800524	-0.030878994	0.030227594	-0.1176920539	0.0527209261	0.0570992244	-0.0785907625	-0.1266188352	-0.033413395	0.009433567769804	1.3887724691101153e-05	1.9286889709582058e-10	8.899220086748483e-05	0.0158851659677026	-0.0198685104059706	0.0002523384978214	0.0003947577057521	0.0092165801409294	0.0447958766046525	0.0020066705607792	8.494534949417421e-05	0.0001858018975074	-0.0001909616057006	3.646633485175144e-08	3.4522345117350384e-08	0.0015050233684064	5.960036021000152e-06	3.552202937161932e-11	2.2650953394493466e-06	0.0002628601822213	-5.33573269821e-05	2.847004342674737e-09	6.909547539741506e-08
844.497980208746	-1.8424076843870123	3.3944660754883134	713176.8385766515	1067.033801826699	3.94328650003672	15.549508421371844	1138561.1342407388	807.1531981352583	-1.2111922693820816	651496.2852599756	1.466986713410917	821.9060079194313	715.2803056293342	0.945329	23.347395	0.0769024364672335	0.0476904314919314	0.0224715767	0.0896519334	0.0470003526	-0.0650471421	0.1375365201	0.0040073802	-0.015697849	0.0411626373	-0.0608403597	-0.0945606868	0.0204665028	-0.1060638841	0.0390280939	0.0417037606	0.0333783981	-0.0324114086	-0.0762187703	0.0651672782	0.0302122383	-0.1815562359	-0.0076272304	0.0028257829	-0.1746030585	0.0806778941	0.0127743622	-0.2208806829	-0.0785289609	-0.0746824699	0.1076131401	-0.0401008544	-0.0783142134	-0.0347990289	-0.1760149731	-0.1402277288	-0.1018881029	-0.0832779129	-0.0339309882	0.1104678968	-0.0658572007	0.0550377421	-0.0382745681	0.0085689147	-0.0328472869	-0.0177791454	0.1339889781	-0.0930001671	0.1291528762	0.0589227576	-0.1337527943	-0.1275538088	-0.0317136439	0.111436296	-0.1327206595	0.0622716063	0.0329470687	0.1340555418	0.0002628256	-0.2023508676	0.0007559782	0.0986562862	-0.1199099654	0.0941027625	0.1361099555	0.0756985628	-0.0325408619	0.0441383346	-0.0290688281	-0.1135268566	-0.1088521526	-0.0064467109	-0.2060536275	-0.0749038909	-0.0110968115	-0.0130309166	-0.0346178886	0.0162351001	-0.0623327661	0.1312189768	0.0697260061	-0.1428819975	-0.0071311929	-0.1765976795	0.139658926	-0.0432787878	-0.0962700368	-0.0531671366	0.0778597641	-0.0344478047	0.1145253941	-0.010948881	0.1093362039	0.0713211045	-0.0563442307	-0.0967829642	-0.1879730265	-0.1317160529	0.0413061857	0.0515411586	0.1153561333	-0.0319981105	0.019351922	0.0513943234	-0.0563063461	0.0696199693	-0.0299767661	0.1464638656	-0.0917344609	0.0207990291	0.0101930498	-0.0846257757	0.0017828934	0.0145503381	0.1566702315	-0.0651882778	-0.0118257644	-0.1110160081	-0.0164025931	0.006940617	-0.1342782134	-0.0832075456	-0.0366111964	0.2269385319	0.1229489699	0.0540487397	-0.0838433825	-0.1242524367	-0.0201956026	0.0092070520586844	-0.0002265157111196	5.130936738401842e-08	8.476980761132465e-05	-0.0022784827532404	-0.0181636487209429	5.191483656813952e-06	0.0003299181348578	-0.0130891459099515	-0.0223057260508809	0.0004975454146569	0.000171325740652	0.0008813245563409	0.0006955226588335	4.837517689508213e-07	7.767329736094841e-07	0.0015051086051522	8.523674579997628e-08	7.265302834569774e-15	2.2653519133032013e-06	0.0002343371581148	-2.8523024106500024e-05	8.135629041799815e-10	5.491390367332077e-08
846.672315023972	2.174334815226075	4.72773188870421	716854.0090280521	1066.9487949862023	-0.0850068404965895	0.0072261629312126	1138379.731122509	807.8735683042851	0.7203701690267508	652659.7023646984	0.5189331804236295	822.6471985118792	714.1591244007066	0.974501	24.067871	0.0835609499911496	0.0489192918908281	0.0204757985	-0.0455531305	-0.0767253783	-0.0272017684	0.1996290292	-0.0028695367	-0.1452758042	-0.0543028543	0.0121574068	0.0306610791	0.0470674653	-0.1368911672	-0.1365340054	-0.1757412288	-0.0797867257	0.1882583829	-0.1124951824	-0.0608362975	-0.081149017	-0.048074244	0.0684234325	0.1171657066	-0.1178250137	0.019368233	0.0817773324	0.0923062563	-0.0048096783	0.033334903	0.0850200045	-0.1262274624	-0.0663242528	-0.1078363415	-0.0084250725	-0.0850262791	-0.0651622265	0.0186210883	0.0990050078	-0.1262588952	-0.0707584591	0.0617708908	0.150440949	-0.0008036031	0.0453956737	-0.0581984244	-0.0107929035	0.0410536211	-0.0070912158	0.0790331231	-0.0123899035	-0.1383691971	0.0365074225	-0.0626308891	0.1510400864	0.0222245122	-0.0823756745	-0.0105834441	-0.2188298129	0.0988955953	-0.1073217851	0.0761330937	0.0536932812	-0.0534027741	0.0307115732	0.1317173862	0.1124240465	-0.1485914705	-0.1496636698	-0.0752711513	-0.0479597628	0.0731966981	0.0415904637	0.1083449424	-0.0863845609	-0.0164355831	-0.0865810985	0.1609628008	0.056395952	0.0413418379	0.0421193461	-0.0800568327	0.0360405106	-0.0480305168	0.0844793792	0.0018519747	-0.0647861316	0.0274169731	-0.1029431384	0.0854560117	0.0211201576	0.0739228097	-0.0074217389	-0.0805777975	-0.0143079326	-0.0530313909	-0.0289402429	-0.0285480785	0.0606501295	0.0080909617	-0.0689289114	0.0554550362	0.1095558446	-0.0073862686	-0.0652312001	0.0132033581	-0.0163100586	-0.0537015742	-0.0475805738	0.1510425391	0.1184718133	-0.2586251446	-0.1106673977	-0.0350858808	-0.0398173498	0.0715491914	0.0548251148	-0.1298623248	0.117689337	-0.0013503147	-0.1905387006	-0.0169900248	-0.0426918399	-0.0228667144	-0.1055809785	0.0509612127	-0.0888661936	-0.1211199807	-0.0067565429	0.0094043309074578	0.0001972788487734	3.891894417335838e-08	8.844143981696605e-05	0.0158720395850764	0.0181505223383168	0.0002519216405902	0.0003294414611537	0.0169445742524629	0.0300337201624144	0.0009020243467942	0.0002871185965972	0.0002982328371571	-0.0005830917191838	3.399959529807194e-07	8.894282515877334e-08	0.0015050501359488	-5.846920340013725e-08	3.4186477462466204e-15	2.265175911719501e-06	0.0003547755425605	0.0001204383844457	1.4505404447890232e-08	1.2586568559909713e-07
848.231551266515	1.5592362425429656	2.431217660059506	719496.7645639984	1067.6402049717567	0.6914099855544009	0.4780477681243369	1139855.6072721346	809.3688070916094	1.495238787324297	655077.8658928948	2.235739031119034	824.0431605987309	729.886938393351	1.038686	25.653093	0.0817800777037863	0.0477547087968561	-0.069810207	0.0248656813	-0.0350853216	0.180356267	0.0321648976	0.1506122115	0.0599020645	0.0065968476	-0.0163170567	0.1479714415	0.0825258593	0.0456513822	0.0161100283	0.0451660878	-0.1415218724	-0.0122065517	-0.0023940411	-0.2506685607	0.097172558	0.0398656305	0.0779189401	0.0125165201	0.0703987603	0.0519924842	-0.0505124965	-0.0552478247	-0.0142413102	-0.0755796808	-0.0188136625	-0.0655919014	-0.0232587621	0.1946591231	0.1448084725	-0.0742283999	0.0105043755	-0.065186298	-0.041084278	-0.0280446741	0.1452227671	0.0086638334	0.0316004685	0.105395993	0.0466465784	0.026537235	0.0565801514	0.0534314247	-0.0205777182	0.1746324312	-0.16218848	-0.0372841092	-0.129490096	0.0661630288	0.0660749406	0.0031786495	0.1056364113	0.1849963157	0.0785331502	-0.0185949895	-0.0405753402	-0.1967914328	0.0300069043	-0.093037289	0.1041763979	0.0367455114	-0.0513124173	-0.0753242777	0.0101817147	0.0623201674	-0.114283666	0.0321130547	0.0744037107	-0.0301437898	-0.126778665	0.1187931012	0.0757949202	-0.0964142341	-0.0192172934	0.0009547623	0.0164023535	-0.0037172935	0.0008538765	0.0796274854	0.0676914133	0.0817144183	0.0749554578	-0.010569794	-0.1833837251	-0.0262098133	-0.0386718021	-0.1193447652	-0.0255093214	0.1068075675	-0.1243924335	-0.1583746177	-0.0974498945	-0.1179372184	0.1410429209	0.1633184595	-0.0623225897	-0.0197587003	-0.0662021872	0.1574928493	-0.0945949487	0.0179218518	0.0110016015	-0.1742641486	0.0619800348	0.0278572518	-0.009997136	-0.0958834029	-0.0732652903	0.0322700073	0.0410834923	0.1000133857	-0.0108900771	0.1162254367	-0.0296135292	0.114668442	-0.0966952299	-0.0442691959	-0.0407070234	0.1131036655	0.0412325869	0.0478387595	-0.0936454286	-0.1172407796	0.0067565429	0.0092965737059671	-0.0001077572014907	1.1611614473107504e-08	8.642628267047885e-05	-0.0031098923545727	-0.0189819319396491	9.671430457029733e-06	0.0003603137401614	-0.0131435533707886	-0.0300881276232515	0.000905295423873	0.0001727529952107	0.0008423144376159	0.0005440816004588	2.960247879578093e-07	7.0949361181619e-07	0.0015051048973859	5.4761437099986807e-08	2.9988149932558118e-15	2.26534075213502e-06	0.0002468666856685	-0.000107908856892	1.1644321395738137e-08	6.094316049294999e-08
843.8126938608559	-4.418857405659082	19.526300771548115	712019.8623207145	1065.8120089962274	-1.8281959755292971	3.3423005249415194	1135955.2385205743	808.5902588917145	-0.7785481998948853	653818.2067745698	0.6061372995595663	823.3010871923138	718.1927360604847	1.012819	25.014242	0.0462917409588492	0.028271751488336	0.0419601328	0.1266225779	-0.0153550579	0.0485924682	-0.0478419046	0.0132796382	0.0554529404	0.0585004392	-0.0687922059	0.0484503618	-0.1554116713	0.1349753276	0.1354905462	0.0443733698	-0.0600509668	-0.0567519536	-0.0235438175	-0.0358355104	0.0581422789	0.0725794987	-0.0011891967	-0.1177406498	0.118983177	0.052940452	-0.0911505974	-0.0003123581	-0.1132373376	-0.07495207	-0.0481787993	-0.0557414832	0.0855839667	0.201008818	-0.0079398427	-0.058669307	-0.1254666123	0.2073711262	-0.1221387244	0.1418533469	0.0741084139	0.0036824708	2.25896e-05	0.1904906561	-0.1401481697	0.0624231261	-0.1446033545	0.099774454	-0.0515748366	-0.0533312018	-0.0856128611	-0.1193182423	0.0676534866	-0.0582817729	0.0766687425	-0.0756225639	0.0111884456	-0.0333695343	-0.0962043078	0.0472214959	0.0287320971	-0.028710551	-0.0269520277	-0.0239774562	0.0253875853	-0.0978302516	-0.13178932	0.0009909891	0.1407738068	0.0349099985	-0.0064763685	0.0261154089	0.0496755381	-0.1086858752	-0.0025597453	0.0705177221	0.0453571346	-0.1314244776	0.0213088623	0.114165561	0.0540955994	-0.0226439513	-0.131170515	-0.0560386549	-0.0094993208	0.2793750542	-0.0193993134	-0.142788794	-0.2014953554	-0.0970277055	-0.1055910429	0.0295895997	-0.0925392564	-0.0877945124	0.0189735082	0.1446998749	0.0235632959	-0.0301060898	0.1949775485	0.0093521857	-0.137264822	-0.009340241	0.0735828767	0.0630108927	-0.109433279	0.0240204356	-0.0234378766	-0.0195083784	0.1331519608	-0.1246861165	0.1058886602	0.0225917772	-0.1243616053	0.022357245	0.0427829139	0.0621767194	-0.2428867875	-0.0069865189	-0.0611120015	0.0543757901	0.0670998989	-0.0564156847	-0.0101091119	0.13909488	-0.0006199217	0.0446835199	-0.098167988	-0.1126387502	0.0201956026	0.0291689357446927	0.0198723620387256	0.0003949107729981	0.000850826812478	0.0157081937187086	0.0188180860732813	0.0002467473499044	0.0003541203634614	-0.0191955159825809	-0.0060519626117922	3.662625145453186e-05	0.0003684678338375	0.0008462941001361	3.979662520199926e-06	1.5837713774684026e-11	7.162137039251712e-07	0.0015051154335343	1.0536148400139625e-08	1.1101042310976478e-16	2.265372468263144e-06	0.0002738630917009	2.6996406032400028e-05	7.288059386662046e-10	7.500099299597557e-08
842.0390072233674	-1.7736866374884812	3.145964288005195	709029.6896857142	1062.3723185052515	-3.439690490975863	11.831470673709775	1128634.9431262235	806.1178955420298	-2.472363349684656	649826.0615131109	6.112580532863933	821.4072357129826	702.0821162159904	0.938313	23.174124	0.070147636931871	0.0401283347995655	0.129509901	0.113915695	0.1160030208	0.0333049832	-0.1238664881	-0.0386635731	0.2068324814	0.0491921458	-0.1112643036	-0.0389569513	0.0365844019	0.000689295	-0.0096519549	-0.0128380716	-0.0099482081	0.0663678513	-0.1085002037	0.0669351132	0.1430258301	-0.0651274839	0.0179048117	-0.0895297665	0.1496144683	0.1092504526	-0.0182818271	-0.1940985312	0.073302635	-0.0415008204	0.0339026955	0.1123387737	-0.0020252372	-0.0424504209	0.0809103769	-0.0978738121	-0.0321231573	-0.0580049647	0.0951823244	0.1267520884	-0.1308812225	0.0667824702	0.0532324221	0.0067873609	-0.0991144168	0.0541924611	-0.0031212554	-0.0316896089	0.0896817242	0.1108358541	0.0482994785	-0.0444120442	-0.0007269546	0.0389884396	0.064734233	-0.085297297	0.0031170988	-0.0680125748	-0.04070416	0.0061092276	0.0065765165	-0.035922802	-0.1953332031	-0.0268383267	0.0962649306	-0.1865336189	-0.0596839628	-0.0212158553	0.0593095158	-0.029552674	-0.1598334381	-0.0339099677	-0.0492503675	-0.1357919338	0.0088993877	-0.0314211699	-0.0316200865	-0.0026231103	0.0920155493	-0.0567507343	-0.0682780149	0.043744002	0.0053617355	-0.0396973266	0.1363371191	-0.1517393658	-0.1359472664	-0.0536101181	-0.074996197	-0.0252915208	-0.0153330518	-0.0327011407	0.0637238491	0.0118066974	-0.0358018649	-0.1282367555	0.0617880841	-0.0001220051	0.0475941949	-0.0876615858	0.0488124	0.1827678274	0.0543611455	0.0955240191	-0.0300019841	0.0463056594	0.1023294346	0.0498997767	0.0787162389	-0.0146285653	0.0539681734	0.0675117167	-0.0557697647	-0.1318218789	0.0830794465	0.0227712981	-0.1044957232	-0.0831764042	0.0684855859	0.0876798117	-0.1124425497	-0.0353725899	-0.0637340129	-0.1203140925	0.1158559157	0.0414976565	-0.1024214758	-0.1073422654	0.033413395	0.0138923790149618	-0.0152765567297309	0.0002333731855166	0.0001929981946953	0.0133853585543732	-0.0023228351643353	0.0001791678236291	5.395563200673057e-06	0.0122366522041588	0.0314321681867397	0.0009879811969194	0.0001497356571655	0.0005581933710012	-0.0002881007291348	8.300203012806097e-08	3.1157983942968334e-07	0.0015051117476259	-3.6859084001118762e-09	1.3585920734015288e-17	2.265361372841491e-06	0.0004080802136789	0.0001342171219779	1.8014235832057326e-08	1.6652946079621668e-07
843.487167045389	1.44815982202158	2.0971668701175745	711470.600970256	1061.4273029501508	-0.9450155551007812	0.8930543993824374	1126627.919448031	807.0742138954168	0.9563183533870188	651368.7867349051	0.9145447930248588	821.5169747600626	692.442528182041	1.075468	26.561525	0.080539182506326	0.0592608750728276	0.1451905355	-0.0432451849	-0.0013993711	-0.1278561878	0.1200944817	-0.1229293803	0.009468707	-0.0242846596	-0.026980793	-0.0404149198	0.062693606	-0.0733728798	0.1683267153	0.1170125402	-0.112247041	0.1335363136	-0.1127193812	-0.0351485609	-0.0693776461	0.0466197846	-0.0096735214	0.0775798884	-0.2000409955	-0.0638714072	-0.0038313567	0.067439626	0.1359101564	-0.0518848699	0.1367742878	0.0420405144	0.1607001142	0.0302705746	0.1063981178	0.0304139772	0.0391041033	0.0386815643	-0.0208378879	0.0428423763	0.0256209106	-0.0665477834	0.160816788	-0.1179565691	-0.0175535925	-0.0013408265	0.0566766892	-0.0774416682	0.1436348181	0.0728846567	0.0048882505	-0.0142277058	0.0386865559	0.0752263644	0.0243289704	0.0995300008	0.1644471314	-0.0695972029	0.1174686144	-0.0842874382	-0.1024250263	0.1007159426	-0.0283845272	-0.005301293	0.0376162864	0.177524473	-0.0835183994	0.109953495	-0.0302982076	-0.091323562	0.1044331748	-0.0210017343	0.1013382005	0.0159336	-0.0385798343	0.0232789255	0.0054092738	0.1188234199	-0.1058063182	-0.0894673682	0.0653552348	0.0767139133	-0.0779249775	0.0968569528	-0.064723009	0.041455603	-0.2037443385	0.0301976212	-0.0989981011	0.0673168957	0.072478486	-0.05387626	-0.002277947	0.0477053495	-0.0595537473	-0.027983771	-0.0595590304	0.051092981	0.0435221882	-0.0728661623	0.0718141977	-0.1338494218	0.0736994343	0.1262353313	0.0231707914	-0.0588922625	-0.0259913774	0.0963825023	-0.144686642	0.1297190495	-0.0554156228	0.074530915	0.0062641505	-0.0442458777	0.2200763607	0.068304232	0.0054838212	0.0774185497	-0.0649245952	-0.0577138673	-0.1472913962	0.0289042486	-0.0241638017	-0.131527266	-0.0188699914	0.0382833527	-0.1063942335	-0.1013839798	0.0462651033	0.0289940756525481	0.0151016966375863	0.0002280612413336	0.0008406564229456	0.0157112786715174	0.0023259201171441	0.000246844277494	5.409904391336086e-06	-0.0442678627746317	-0.0565045149787905	0.0031927602129883	0.0019596436746336	0.0005580937993112	-9.957169000006805e-08	9.914521449469653e-15	3.1146868882961e-07	0.0015051531333103	4.1385684400102256e-08	1.7127748732648666e-15	2.265485954713814e-06	0.0005400802717606	0.0001320000580817	1.7424015333572172e-08	2.916866999450036e-07
847.357032833032	3.8698657876429934	14.975861214369726	718013.9410916001	1068.402847290039	6.975544339888302	48.658218837747725	1141484.6440974623	808.8844186613087	1.8102047658918536	654294.0027530433	3.2768412944575807	823.381841862158	711.8689979535678	1.068453	26.388279	0.0791938683105212	0.0379808089618368	0.0275541164	-0.1403863049	-0.0867520057	0.0504745077	0.0133452245	0.0006495246	-0.0994496836	-0.0847815328	-0.0748723249	0.0737658898	-0.0529143082	0.1832972255	-0.0265503066	-0.070255905	-0.1541735368	0.0900999385	-0.0248136811	-0.0165258222	-0.2465610929	-0.0860225903	-0.0667699787	-0.0267701617	-0.2141816898	0.0485079699	0.0166451563	-0.0534350612	0.1185416499	0.0965967992	-0.0394918763	0.0023772193	-0.180409512	0.0496460692	-0.0106820151	-0.0849493659	-0.0965680815	0.0987039585	-0.0231932375	0.0732254099	-0.0306720559	0.1251256676	0.0171898363	0.0798363638	-0.1117554221	0.0927951459	-0.1778524589	0.0302790147	0.027668335	-0.0058247498	0.1220163126	0.0136243026	-0.0050623399	0.0068097344	0.0683566103	0.0928770477	0.0505675768	0.1278339836	-0.0185553971	0.1574090512	-0.0777321977	0.0891626415	0.1367840189	-0.0171317868	0.0627635018	0.0237667509	0.1529074446	-0.0086505845	0.0050880501	-0.1949707673	0.0077457272	-0.2041591728	0.0789045758	0.0750828676	0.0473898297	-0.0930370001	0.062296721	0.1062298471	0.0589778713	0.1002735555	-0.0583530461	-0.0503040689	0.0105211391	-0.0711079793	0.0693956275	0.0710498395	0.018433214	-0.1757377229	-0.1486995206	-0.0761913512	-0.1535730705	0.1431733007	0.0079493966	0.1103476175	0.1160827059	-0.1548438286	0.0067009853	-0.0499659221	0.0107255874	-0.0612870525	-0.0789054379	0.0115353923	0.1656498195	-0.0615842838	-0.0751172639	-0.1474643528	-0.0448876919	-0.0397341411	-0.0671286084	0.0119914544	-0.0023213558	-0.0619405741	-0.0956366662	0.0514144468	0.0616645126	-0.0614274455	-0.0726546665	-0.0362495084	0.0548789471	-0.2925978	-0.0015189645	0.0218425103	0.0210113267	0.0041059855	0.0067250019	0.0350428114	-0.1100753719	-0.0948006283	0.0586099215	0.0166103022604602	-0.0123837733920879	0.0001533578434265	0.0002759021411838	0.0204536238191366	0.0047423451476192	0.0004183507273347	2.248983749914737e-05	-0.0332956662814325	0.0109721964931992	0.0001203890958853	0.0011086013931245	0.0002882577557367	-0.0002698360435745	7.281149041193947e-08	8.3092533742359e-08	0.0020851076361019	0.0005799545027916	3.363472253082519e-07	4.347673854130453e-06	0.0007122007909468	0.0001721205191862	2.9625473124927044e-08	5.072299666252475e-07
847.7565620328126	0.3995291997805452	0.1596235814772828	718691.188469694	1062.355496734999	-6.047350555040111	36.57044873554394	1128599.2014430664	810.209425479111	1.3250068178023184	656439.3131351911	1.7556430672226262	824.1916438750981	727.2455474512649	1.141611	28.195091	0.0349782394624322	0.0176602901758212	-0.0474556677	0.0405998031	0.1210888244	0.0687120267	-0.1437877571	0.1257736314	0.2026393376	-0.039929461	0.0943862616	-0.0249103899	0.0202111143	-0.0294867383	0.1358048746	-0.0082563225	0.0057106197	0.0813270617	0.1030892815	-0.0745671084	0.2065010039	0.0452612833	0.0396178169	-0.0848747922	0.0492722533	-0.0589430517	0.0439610816	0.1315922299	-0.0411991502	0.0556323124	0.015474431	-0.0750682892	-0.1295001234	-0.0226781482	-0.0403019593	0.0533197418	-0.062039161	-0.1479499971	-0.0714451707	0.0501512406	0.151182753	0.0171613816	0.0626315064	0.0156088659	-0.0918188874	-0.0628129245	0.0341295541	0.0707547879	0.0057764552	-0.2325997478	0.0588843221	0.0468262202	0.0636845861	0.0967420541	-0.1320115654	-0.3238830467	0.170552735	0.0309145624	0.0647098798	0.0994213849	0.0321318657	-0.2588083706	-0.0502748782	0.0730842441	-0.0563203052	0.0313843345	0.0506239894	-0.0157641554	0.0538239961	0.0611088718	-0.0544466809	0.1691975274	0.019757667	-0.0572534777	0.1167778958	0.0114378441	0.0290534992	-0.0895838966	-0.0206939155	0.0905000203	-0.0721242582	0.1492653465	-0.0109837339	-0.0680879699	0.0315324068	-0.0909361899	0.1794366155	-0.0670853168	0.0975204973	0.2351540204	-0.0625196413	0.0099771864	-0.1173238444	-0.020895408	0.0832262938	0.0777662137	-0.1944247465	-0.0915505267	0.1394308351	-0.0204874898	-0.1156620851	0.1067110023	-0.1264796943	0.1589199683	-0.0573065103	-0.0579479036	0.14083968	-0.0740563418	-0.106424492	0.0269759355	0.1161932055	0.1634454966	-0.0589607999	0.0645127276	-0.0542505853	0.0321551155	0.1139500661	0.0981063851	-0.0435195811	-0.1236124999	0.0192776755	0.0434073455	0.0019002826	-0.0069045742	0.1074369397	0.0317782535	-0.1134548014	-0.0876327994	0.0703125971	0.0209027678414912	0.004292465581031	1.84252607643358e-05	0.0004369257034352	0.0156385148133182	-0.0048151090058183	0.0002445631455663	2.318527473791345e-05	-0.0447592814901653	-0.0114636152087328	0.0001314144736538	0.0020033932795158	0.0004702955857782	0.0001820378300415	3.3137771566218045e-08	2.211779380024603e-07	0.0019791702161164	-0.0001059374199854	1.1222736953184192e-08	3.917114744362238e-06	0.0007120350476368	-1.6574331000002686e-07	2.7470844809764995e-14	5.0699390906314e-07
846.3143015950561	-1.4422604377564312	2.0801151703173724	716247.8970843276	1068.9582138378096	6.6027171028106295	43.595873139748	1142671.6629313205	809.3914532090035	-0.8179722701074752	655114.5245277826	0.6690786346647764	824.3132587315087	725.6074369232539	1.116102	27.565088	0.0752811408529909	0.049713375832158	0.0063790964	0.0304768173	-0.0360218361	-0.1984610491	0.0099834206	-0.0941694351	-0.0003603221	0.0807308487	-0.0217121803	-0.0658473778	-0.0580534518	0.089765042	0.2058885345	0.0988252351	-0.0257938092	0.0862025399	0.0385887145	0.0662430419	-0.0253994463	-0.134415326	-0.0757829904	0.1752485246	0.0408709009	-0.0043512746	-0.1499527144	0.0857052058	-0.0149157867	-0.0182253666	-0.0337521155	0.0155546369	0.0223146243	0.003688788	-0.0303625762	0.1841184126	0.0887182115	0.1096371081	-0.0050599251	0.0094222418	0.04988009	-0.0386489135	-0.0208143638	-0.1014898871	0.1388717373	-0.0520347868	0.1209256234	-0.1284968759	0.1148029218	-0.0252020406	0.0041632852	-0.0646842379	0.037935764	0.0770842471	-0.2629212325	-0.0051392574	0.0062307959	0.0324406389	-0.0523658493	-0.0079570543	0.114985488	0.1694736744	-0.021136748	0.1074092879	0.0912837321	0.0391737605	-0.1471293518	0.0134885166	0.0918526608	-0.0063786558	0.1016698501	0.0126271682	0.0189904934	0.1472106937	-0.0273257162	-0.0504795048	-0.1319846585	-0.0934197833	-0.1190700025	0.1108782003	0.0575761121	0.0237797765	0.0242842043	0.0675731043	-0.1707932778	0.1208691429	-0.0018245978	0.1311203344	0.0815429441	-0.021020102	0.1303795639	0.012558339	0.0798620919	-0.0141728787	0.0474074233	0.1030526348	-0.1217528313	-0.0430872421	-0.0507366653	-0.143198968	0.0764647873	-0.097641718	0.0730854066	-0.0187234149	0.0249477183	-0.0918337067	-0.0689278924	0.1543252551	-0.1062399314	-0.1242049456	0.0050360696	0.0474499068	0.0969511429	-0.0508417479	0.0848348056	-0.1840594022	-0.1100092657	0.1545137388	0.0354711622	0.0525454032	-0.0495177744	0.0797608695	-0.1483069101	-0.1924270045	-0.0177602226	0.0284919163	-0.1165232592	-0.0799246852	0.0812449131	0.0292216824768303	0.0083189146353391	6.920434071005908e-05	0.0008539067267766	0.0193203461444966	0.0036818313311784	0.0003732757751431	1.3555881951246914e-05	-0.0856624382220587	-0.0409031567318933	0.0016730682306338	0.007338053322148	0.0008717808216675	0.0004014852358893	1.6119039463708694e-07	7.600018010272615e-07	0.0020243129538473	4.514273773089999e-05	2.037866769840822e-09	4.097842935113981e-06	0.0007111182581654	-9.167894713999316e-07	8.40502934869766e-13	5.056891770961926e-07
844.7927180394406	-1.521583555615507	2.315216516719529	713674.7364524658	1058.354193786368	-10.604020051441694	112.4452412513775	1120113.5995051928	806.8668645525947	-2.5245886564088096	651034.1371129353	6.373547884068039	821.5588191025922	710.1416541837675	1.040791	25.705086	0.1454129889484213	0.0817375806465585	0.0556151844	-0.0857854841	-0.0539650553	-0.0851149599	-0.1135564007	-0.1388480728	0.0382810301	-0.0410509632	0.0625220483	-0.0178871654	0.1092067523	0.0267116907	-0.0415968704	-0.2015809979	0.0748367904	0.1484508551	-0.0992659956	0.0236936484	0.0015986908	-0.0735054783	0.0789193701	0.1453483404	-0.0550299597	0.013004407	0.04430879	-0.0014468544	0.0303995155	-0.0853958468	-0.0711860044	0.0024223525	-0.1802873607	-0.059902842	-0.0303695997	-0.0962283494	0.0478441659	0.0942427038	0.1530373266	-0.2223103517	0.1062630118	-0.1439373092	0.0308976473	-0.1386901562	0.0781422439	-0.0217766561	0.1303305137	-0.0639680883	-0.141542122	-0.14978838	0.0587215354	-0.0515101047	-0.1325052399	-0.0688316963	0.1321866118	0.0541304823	0.0311437828	0.0885290523	0.0067610713	-0.0053470389	-0.0355321613	0.0555183689	-0.0621438241	-0.0748462895	-0.0328399593	0.038477704	0.1568095613	-0.0629429787	-0.1274472344	0.0644781636	-0.0149142466	0.0325682973	-0.1454652739	0.1700832718	-0.1518784109	-0.1835068204	-0.0508361394	0.0778711892	0.0229097265	0.0608120692	0.1643299308	-0.0435223779	0.1217155181	0.0684284362	0.0004136655	-0.0756234251	0.0293326793	0.140764878	-0.1247010593	0.0626226696	0.1633804592	-0.0732539748	0.0805069962	-0.0012711506	-0.0929589572	0.0659614872	-0.0395243695	-0.0874268647	-0.1353665676	0.0467420373	-0.1014825091	0.1369553474	0.097725371	-0.0446369083	0.081886358	-0.1123173998	0.0445078652	-0.0539223574	-0.067650486	0.065777732	0.1475280062	-0.0615118377	-0.1320416314	-0.0241148942	-0.2042747189	-0.1727633446	-0.0819212901	0.0969714693	0.0837717794	0.117548094	0.0478759942	-0.0003279605	-0.0704618557	-0.1208820785	-0.0287389399	0.0251860523	-0.1192723348	-0.0717238087	0.0912870929	0.0067555885048591	-0.0224660939719712	0.0005047253783574	4.563797604698441e-05	0.0335178698886551	0.0141975237441584	0.0011234476018728	0.0002015696804659	-0.0151980299226721	0.0704644082993866	0.0049652328369826	0.0002309801135304	0.0006061035636051	-0.0002656772580624	7.058440545155515e-08	3.6736152981480156e-07	0.0025242167633254	0.000499903809478	2.499038187307164e-07	6.371670268252958e-06	0.000711236449283	1.1819111759995075e-07	1.3969140279525386e-14	5.058572867886894e-07
848.2339582425052	3.441240203064581	11.842134135187957	719500.847915748	1065.8463638748865	7.492170088518605	56.13261263529289	1136028.471385317	808.7205609947798	1.8536964421850823	654028.9457757113	3.436190499769633	822.5854403637019	715.2334359152715	1.131551	27.946648	0.1281606004948944	0.0758416362704704	-4.8642e-05	-0.1416157509	0.0594924167	0.1083432424	-0.0177647322	0.0505931674	-0.0122644223	-0.1376491897	-0.03097601	0.1195806938	0.093490142	-0.00994576	0.0333666513	0.1135994722	0.0862698786	-0.0505103194	-0.1042417151	-0.1992002998	-0.1208626259	0.1668448598	-0.1013321846	-0.0367096335	0.0165447719	0.0231436363	-0.0923754627	-0.070963508	0.0516520243	0.0176827063	0.0012399712	0.0335098291	0.1080200823	0.0503628462	-0.0029231369	0.0538022787	-0.0244682906	-0.2611534363	0.0466757755	-0.0276057969	0.0003315016	0.027233614	0.1448337667	0.0235725473	-0.0370434751	0.0961067306	0.0475081856	-0.0337871121	0.1222249343	-0.0649046405	0.1008567442	-0.1064371253	0.0620955689	-0.0191833719	0.1388683186	-0.0934424878	-0.0763132232	0.0961886846	0.1061279767	0.0370635301	-0.1916240496	-0.0883143156	0.1363371629	-0.1384813942	0.0312901182	-0.0699866839	-0.1275558732	0.0113339855	0.0306820188	0.0173860461	0.0551581322	-0.0144270878	-0.0780830896	0.0543790092	-0.025540571	0.0406147962	0.0169282218	0.0674721554	-0.0593496708	-0.1339561646	-0.1281038779	0.1120243232	-0.0704464265	0.1597499956	0.1291679041	-0.1497204566	-0.0915719567	-0.1254553159	-0.0207024219	-0.044998918	0.0458326466	-0.0149143059	0.0238565636	-0.1140054938	-0.1020048474	0.1087565231	-0.0933230579	-0.0461560766	0.0628666526	0.0068481385	0.0064495057	-0.1761448083	-0.0109508581	0.0875840258	-0.0203747587	-0.1030049095	0.1619435337	-0.1282158655	0.0135494921	0.0325224833	-0.1007039149	0.1137639923	0.1226309675	-0.0792173692	-0.0623214685	-0.1890100353	-0.0277657689	0.1445536359	-0.1193463891	0.1180317322	-0.0536624977	0.0468634628	-0.083632376	0.1355798225	0.0687775248	0.0218629269	-0.1216944932	-0.063080731	0.1003291122	0.0293875112930095	0.0226319227881504	0.0005122039290888	0.0008636258199967	0.0335087211876015	-9.148701053597608e-06	0.0011228343956284	8.369873096809796e-11	-0.0843921407764725	-0.0691941108538004	0.004787824976848	0.0071220334248359	0.0005349502862142	-7.115327739089998e-05	5.062788883466358e-09	2.861718087206545e-07	0.0020411437284368	-0.0004830730348885	2.333595570364825e-07	4.166267720136881e-06	0.0005389543985247	-0.0001722820507582	2.968110501348545e-08	2.904718436891212e-07
850.2837319316336	2.049773689128415	4.201572176643111	722982.4247875862	1067.818065912397	1.971702037510568	3.887608924723324	1140235.4218888923	809.6148261622941	0.894265167514277	655476.1667418017	0.7997101898293378	823.3084456095952	737.9829033439325	1.108006	27.365143	0.0611110149152203	0.0329061483599754	-0.1000681688	-0.0269434019	0.0820802411	-0.0397387148	0.0424644146	0.084661996	-0.0719290623	-0.0732889366	-0.0500865179	-0.1176570997	-0.1522537699	-0.0156858971	0.0283575344	-0.0174200075	-0.007936258	0.1288352227	0.0208213498	-0.0168262153	0.0281044046	-0.0424719228	-0.141418254	-0.003820555	-0.1816659126	-0.169619889	-0.1531575485	0.1298214755	0.0910401631	-0.1779189577	0.0653857644	-0.2741914444	0.156919584	0.034301235	0.023114177	-0.0807162423	-0.0260827835	0.0925745367	-0.0361152917	0.0127788496	-0.152297857	-0.0909333387	0.0205419707	0.0490460144	-0.0225738483	-0.0093218555	-0.0404903696	-0.040433301	0.0948230324	-0.1455364294	0.0827242537	0.0079289198	0.0751053992	0.0508667945	-0.0434828726	-0.0030794396	-0.0238731185	0.0783136825	-0.0904057002	0.0462573306	-0.0449438824	0.0261916329	0.0362670335	0.1803347509	0.034316472	0.0487961773	0.0449633627	0.234513403	0.0861856237	0.08828054	0.136629533	-0.0716488665	0.086057779	-0.0865105062	-0.1852618807	0.1109091633	-0.0815063346	0.2395708804	0.0138115978	0.1035871184	0.0169728323	-0.0089394626	-0.0586868121	-0.0593700888	0.0393006603	0.0850906669	-0.0757147323	0.0139145276	0.0417044884	-0.0013675236	-0.0310476954	-0.0170853165	-0.0083847285	-0.068025042	-0.0163891194	0.0828540255	-0.178998751	-0.0125280249	0.0212216659	-0.0068581559	-0.0926925732	-0.0079823445	0.0354022882	-0.0859436813	-0.103451947	-0.0778427208	-0.0232321626	0.1202115463	-0.1565252844	-0.0390012016	0.0590509533	-0.0128595986	0.1876178123	0.0938925977	-0.108248764	-0.1798209366	-0.0406276787	0.0170820938	0.013020743	-0.0115229548	0.1821912771	-0.1470786396	0.020942288	-0.0406661056	-0.0723986554	0.0185248178	-0.1237830955	-0.0540487397	0.1082719048	0.0218508738264091	-0.0075366374666003	5.6800904302964886e-05	0.0004774606869776	0.0335602824740277	5.156128642620078e-05	0.0011262925597365	2.658566257924717e-09	-0.0640451455340738	0.0203469952423987	0.0004140002153941	0.0041017806664806	0.0001452368518302	-0.000389713434384	1.518765609393723e-07	2.109374312954747e-08	0.0021410549146045	9.991118616770002e-05	9.98224512143681e-09	4.584116147352083e-06	0.0007128461963689	0.0001738917978442	3.0238357357488125e-08	5.081496996776084e-07
849.4954489664653	-0.7882829651682641	0.6213900331744707	721642.5178147366	1068.5646926436682	0.7466267312711352	0.55745147584862	1141830.5023646571	809.9241121715821	0.3092860092880301	655977.0674769256	0.0956578355413154	824.8687589955791	736.6745897235444	1.044701	25.801647	0.0665392603496037	0.0417207528869568	-0.0772591534	0.0226954766	-0.0097880217	-0.0644258742	0.0127130934	0.0434569857	0.0426310856	0.0792706938	0.2352064517	-0.0971920456	0.096432503	-0.1032239804	0.0179782827	-0.0379188695	0.0762149594	0.0856237407	0.0907603602	0.080593194	0.1750362716	0.1626067623	0.0653959106	0.0485470474	0.0589319697	-0.0846450467	-0.0210227319	0.0901780436	-0.1213390364	-0.0491260758	0.0958507678	-0.0817596057	-0.0289822794	-0.0818145439	-0.0450608941	0.2228172628	0.0210901459	0.0437091777	0.1551626798	0.0615242291	-0.1560426532	-0.0874329525	-0.0309237465	0.0300961446	0.1099819071	0.030914535	-0.1236490078	0.0282129202	0.0111203844	0.1218837952	0.0699890159	-0.035194207	-0.0353279901	0.0216750421	0.172645599	-0.1117079121	-0.0114387914	0.0740781291	0.0732721769	-0.0675762924	0.0633431034	-0.0939811794	-0.0431610589	0.0468015298	-0.1954592438	0.0912057625	0.0281346728	-0.0916663041	0.0634476978	0.0686682414	0.0424017448	0.1498318196	0.089278179	0.0062716486	-0.1420897145	-0.0032379731	-0.0674986041	-0.0367869834	0.0255452544	0.0053705343	-0.2677054459	0.0808116801	-0.0578885108	-0.0351532812	-0.0191389787	0.0574272758	-0.1424376106	0.140831454	0.2049393264	0.0184254406	-0.0334674629	0.0415579135	0.0505249963	-0.1266226905	-0.1235830008	-0.1218329042	0.0133727815	0.0595272185	0.0489793195	0.0968468202	-0.0421805876	0.0589939546	-0.1075128568	0.0335721523	0.0659877472	-0.1245964369	-0.0541175095	-0.0431636327	-0.1829302448	0.0620278707	-0.0459732784	0.2059679553	0.1517845792	-0.0208143406	-0.1252964571	0.0056106523	0.1438377311	0.2369637177	0.0505757593	-0.0014311487	0.0917777315	-0.0795677355	0.0474823517	0.0374342828	0.0644715582	0.0151740128	-0.1255324169	-0.0446835199	0.1150284477	0.0296174051840552	0.0077665313576461	6.031900932930018e-05	0.0008771906898364	0.0335126675725803	-4.761490144740421e-05	0.0011230988878302	2.2671788398460156e-09	-0.098932738293854	-0.0348875927597802	0.0012171441285722	0.0097876867063202	0.0003521425422115	0.0002069056903813	4.2809964712162385e-08	1.2400437003517804e-07	0.0024101302165413	0.0002690753019367	7.240151811238004e-08	5.808727660685414e-06	0.0007120767620724	-7.694342964999863e-07	5.920291366304289e-13	5.070533150835135e-07
850.2396108914986	0.7441619250332678	0.5537769706692189	722907.395928927	1071.1254957523583	2.560803108690152	6.557712561477146	1147309.8276507354	809.93715061971	0.0130384481278724	655998.1879539748	0.0001700011295832	824.0262749400955	727.5449083004925	1.102589	27.231337	0.0471182956000923	0.0237857581730358	-0.0818691462	-0.1754742654	-0.0566191865	0.0979652446	0.0442748632	0.052677016	-0.1406600461	-0.0711155568	-0.0270199176	0.1227346884	0.0822926236	0.0942748804	0.0991260802	0.0169315981	-0.0598957154	-0.0408259078	0.0390744984	-0.0720329709	-0.1210977044	0.0245183545	-0.1328512249	-0.1244693283	-0.0124782666	0.2234132576	0.0446081358	0.0158126799	-0.0389954773	0.2105018787	-0.0164415772	-0.059409985	0.0132605793	-0.0178422751	-0.1295144292	0.0161539121	0.0654861852	-0.1179540853	-0.1284653987	0.0215004494	-0.1076106042	-0.0620585957	-0.1729579657	0.0132379993	0.0039830002	-0.2369631786	0.0394056562	0.0564940256	0.1236112874	-0.1208103861	0.0006263222	0.0537247783	-0.0668679341	-0.1295430952	0.0218213494	0.0099751477	0.0047192376	0.0189373148	-0.0544638016	-0.0519619758	-0.0469936673	-0.0148956633	0.1788744062	-0.0686494738	0.0014759891	-0.0857167977	0.0069613626	0.0202295093	-0.0735837874	-0.2005085103	0.0247386998	-0.0400077915	-0.1302001536	0.0175699476	0.1274200508	0.1624846773	0.0504870016	-0.0501601213	-0.0298418092	0.0122355169	0.0536711838	0.0504218541	0.1282519261	-0.1693232952	-0.1181843555	0.0237903693	-0.0323914385	-0.0493813524	0.2391589511	-0.0872851661	-0.105487631	0.0402866543	-0.0693186413	-0.0209127601	-0.105489212	0.0591383306	-0.1091319999	-0.0765689885	-0.174789342	0.0109931342	0.040980652	-0.1384298477	0.0053577796	0.0172593286	-0.1461318427	-0.148284521	-0.0109211931	-0.1133146644	0.0371108011	0.0022581269	-0.1282866096	-0.1085826743	0.0975835951	-0.0346963242	-0.0697259258	-0.0430521499	0.0634352064	0.0474553049	0.0377072056	-0.0340108321	0.0106295736	-0.0841482771	-0.0189104814	0.093749945	-0.0333234156	0.0118128082	-0.1269376627	-0.0350428114	0.1205247148	0.0179437698704418	-0.0116736353136134	0.0001362737614352	0.0003219788771633	0.0335019889408556	-1.0678631724700405e-05	0.0011223832629932	1.1403317551177796e-10	-0.0846880693720848	0.0142446689217692	0.0002029105926908	0.007172069093971	0.0006806779300621	0.0003285353878506	1.0793550107014421e-07	4.633224444736251e-07	0.0023157435421148	-9.43866744265e-05	8.908844309294111e-09	5.3626681528464e-06	0.0007112125696898	-8.641923826000278e-07	7.468284741439128e-13	5.058233192847686e-07
850.691791267874	0.4521803763753951	0.2044670927789939	723676.5237305441	1077.6687344119755	6.5432386596171455	42.81397215670838	1161369.901129109	809.9610198782137	0.023869258503737	656036.8537221561	0.0005697415015182	824.5571584257389	754.0463138535208	1.117754	27.605885	0.0594841499886583	0.037552930160056	-0.1786679753	0.065148845	0.0096168798	0.0872224086	-0.0267237254	0.13353797	-0.0964915835	0.1392797605	-0.0816511895	0.0188096432	-0.0284832561	0.0718812626	-0.0593527019	0.0676962262	0.0189105122	0.0033373814	0.0443651076	-0.062082576	-0.0653826802	-0.2002049333	-0.0643891831	-0.013014596	0.0770530977	0.0137243517	-0.0513974399	0.0144909906	-0.0687282717	0.0536875411	-0.1201478141	0.0427349465	0.0543208791	-0.006936708	-0.0055338195	0.1054161274	-0.1007981749	-0.017006805	0.0716361695	0.0680068064	-0.0320722789	-0.0793950064	0.0633982202	-0.2211985023	-0.0620616208	0.0509762316	0.1283932447	0.0084389929	-0.1320604617	0.033437378	0.1743243222	-0.0823911697	-0.0611307919	-0.2056061178	-0.0068486969	-0.0384089516	0.0343644086	-0.1985299388	-0.0333712665	0.1950911502	0.0302836048	-0.0078234771	0.0462326564	0.0080741717	0.1629719605	-0.058858526	0.0276242644	-0.0872585262	0.0685129832	0.0819704753	0.0522303195	-0.1212438125	-0.0780868261	0.019161659	0.1584514941	0.0424946578	-0.0438581895	-0.0473694147	0.1680504372	0.0372902067	-0.0217008183	0.0816696034	0.0277363636	0.0719596354	-0.0016381798	0.0333329968	-0.0730095379	-0.0079233812	-0.0524711881	0.1550183241	0.0404579872	0.0210976999	0.1500310834	0.1207331102	0.0389317683	-0.0070039022	0.1372800089	0.0163877231	-0.2262076185	-0.2434455336	-0.057019781	0.0723955614	0.0356491313	-0.0848061938	-0.2122415247	-0.0127953992	-0.0559597961	-0.0407191309	0.0809300043	-0.104188701	0.0309246521	0.0987766565	-0.025974582	-0.0026394691	-0.1797775933	0.0413438919	-0.0256397129	-0.0933342346	-0.0698659113	-0.0611701816	0.1698574825	-0.1082709004	-0.0704829976	-0.1407419603	-0.0569954915	0.0084435077	-0.1279949812	-0.0251860523	0.124700488	0.0225002984032443	0.0045565285328025	2.076195227024331e-05	0.000506263428235	0.0335480085205261	4.601957967050041e-05	0.0011254688756932	2.1178017130495347e-09	-0.0665070746573945	0.0181809947146903	0.0003305485688155	0.0044231909794842	0.0001106171521718	-0.0005700607778903	3.249692904888939e-07	1.2236154354599156e-08	0.0024780438937217	0.0001623003516069	2.6341404131723385e-08	6.140701539211404e-06	0.0007128635834225	1.651013732699956e-06	2.7258463455638417e-12	5.081744885699676e-07
845.2987973193376	-5.3929939485364	29.084383728950232	714530.0567495186	1070.651355917523	-7.017378494452487	49.24360093440425	1146294.3259280303	808.7892095917325	-1.171810286481218	654139.9855520194	1.3731393475031943	823.7444805582427	731.2620420418338	1.134177	28.011492	0.0445619404928622	0.0323513630209737	-0.0088861347	0.2228650715	0.0559640676	0.0391034747	-0.0237781333	0.0521497672	0.1722854543	0.1361509505	-0.0122949151	-0.0012535607	0.0849146029	-0.091078089	-0.0799412079	0.1556318221	-0.0207196374	-0.0238701026	-0.0343860622	-0.0446954189	0.2035103666	-0.0131904767	0.0227354548	0.077868143	0.0263763362	0.0812390017	-0.0715992809	-0.0676427931	-0.0596327672	0.0178628321	-0.0051758658	-0.0335129549	-0.1606478482	0.030737367	0.0507798789	0.006300172	0.0932576905	0.0331490486	-0.0140538873	0.0185206366	-0.0622526753	0.0054147314	0.0288125193	-0.0599767367	-0.1463829608	0.0035794939	0.0060174482	-0.0858085727	-0.1150507848	-0.0887056648	-0.0011705944	0.0652419597	0.0106649238	0.1519231512	-0.0624790866	0.1177207179	-0.0313143921	-0.0699049765	-0.0022069143	-0.0686149332	0.0117851953	-0.1469170499	-0.1738794602	0.0114687925	0.037639861	0.0262423623	-0.1096940029	-0.1154594717	0.0293290595	-0.0717010682	-0.1020299146	-0.0639914938	0.0284534644	-0.0303053366	-0.0597534944	-0.0242937603	0.0104488847	0.020186877	0.0801737017	0.0236321893	-0.0025088086	-0.0281844654	0.1604916733	-0.0532261151	-0.0464130345	-0.0585244569	0.022630166	-0.0382439005	0.0232798226	0.0832925928	0.0512224193	-0.15492045	-0.0560559686	-0.0536304343	0.1840472143	-0.0140964391	0.0821187485	0.1498535989	-0.0215908074	-0.0440558272	0.1913451844	0.070704322	-0.1423816853	0.1922613314	-0.0697707698	0.0324444785	0.0096237815	0.0742827243	0.1286145426	-0.0255034169	-0.0705124842	0.1025150906	0.0577528914	-0.0688301464	0.010351207	0.020691006	0.1655320669	-0.0720256914	0.0423645267	-0.0010040741	-0.015008858	-0.0292376111	0.1550718533	-0.0983880963	-0.0169894985	0.0050684204	-0.1287014744	-0.0151740128	0.1275100165	0.0243702962307281	0.0018699978274837	3.4968918747941263e-06	0.0005939113383734	0.0014684976638648	-0.0320795108566612	2.156485388776375e-06	0.0010290950168026	-0.0644998994757273	0.0020071751816671	4.028752209900737e-06	0.0041602370323789	0.0001920861216376	8.146896946580001e-05	6.6371929858194554e-09	3.689707812577487e-08	0.0025680712450397	9.002735131799977e-05	8.104923985334554e-09	6.5949899195997535e-06	0.0007122547716653	-6.088117572000109e-07	3.7065175570496507e-13	5.073068597599886e-07
843.31879974985	-1.9799975694876368	3.920390375176949	711186.5980115276	1071.83979468128	1.188438763756949	1.412386695200145	1148840.5454624083	807.4887409597824	-1.3004686319501388	652038.0667768145	1.6912186626862658	822.3160531020551	711.9364303834492	1.110189	27.41905	0.1481675865179663	0.0696041916899724	0.111713375	0.0875133327	-0.0510807799	-0.1136713533	0.1643090843	-0.1272698651	-0.1032212662	0.0961126963	-0.0986649183	-0.0862031509	-0.0145742251	-0.1297510376	-0.08539776	0.0366053973	-0.0080227011	-0.040002574	-0.1014835651	0.0491989972	-0.0772437406	-0.1495385968	0.1144349089	-0.0339616125	-0.0727215024	-0.2273310082	-0.0504055188	-0.0929626047	-0.0508295873	0.0675594113	0.0618545473	0.2221198617	-0.0103746718	0.1259504296	0.1726238938	-0.034795125	0.1091768767	-0.1370082646	-0.1319511514	0.0521637321	0.1801042642	-0.0429894826	-0.0915622791	-0.1017915658	0.0351770303	-0.0233122073	-0.0873931871	-0.0192498321	0.0646530423	0.034152467	-0.0779858066	0.2533534945	0.0578431198	-0.0245732251	-0.0806967425	-0.0137646681	-0.0056764436	0.0439170366	-0.0257849286	0.0160812904	0.0061054813	0.2302950228	-0.0845033556	0.035726121	0.0975884099	0.1602466113	-0.0332699344	0.1112229862	0.0764402476	0.1203211436	-0.0801666244	0.0176208516	0.1035583165	0.0568809532	0.1183720647	0.0997461855	0.2102299922	-0.1024354686	-0.0253245339	-0.0562204658	0.0454603646	0.0704037288	0.0418588897	0.1218538924	-0.0308518485	-0.1123354452	0.1567211716	-0.0232199151	0.0889497207	-0.0428686626	0.0300706442	-0.033162298	-0.0630120655	0.1379606444	0.0177425352	-0.1542670875	0.07084624	0.0509039925	0.0683935649	-0.0013517882	0.0300881423	-0.0502848563	0.1131915985	-0.0160404034	0.0449836612	0.0168866367	-0.108390367	0.1938267586	-0.0578630429	0.0915130701	-0.0964413881	0.1885946132	0.0306041164	0.1832410626	0.0665427183	0.1333977518	-0.0002331513	0.0326697798	0.0248868307	-0.1077372093	0.0044482094	0.086832286	-0.0555798894	-0.0386309587	0.0883085718	0.0016898595	-0.1290552057	-0.0050684204	0.1289225186	0.048281532228998	0.0239112359982699	0.0005717472069649	0.0023311063543797	0.0295620082054739	0.0280935105416091	0.0008739123291405	0.0007892453345515	-0.1032599021810796	-0.0387600027053522	0.0015023378097189	0.0106626073984461	0.000696073995466	0.0005039878738284	2.540037769660712e-07	4.845190071640009e-07	0.0024009145480383	-0.0001671566970013	2.7941361352417727e-08	5.764390666981955e-06	0.0011891669462902	0.0004769121746249	2.2744522230545122e-07	1.4141180261491594e-06
843.1630172077927	-0.1557825420572953	0.0242682004098329	710923.8735869485	1061.1517075661309	-10.688087115149074	114.23520618101566	1126042.946470515	807.5941443333028	0.1054033735204029	652208.3019614394	0.0111098711494815	822.3206455504189	697.0545388245552	1.011812	24.98938	0.1261630566892852	0.0735072539541791	0.1513557811	-0.0204541735	-0.091966051	0.026254948	0.0842113983	-0.1245821212	-0.0173506249	-0.0624116782	0.1123332921	-0.0207980406	0.063141119	-0.0710225545	-0.174200161	-0.1118376861	0.1055904469	0.0567882075	-0.0554055885	0.0891740418	-0.0420922999	-0.0351680624	0.0042198343	-0.0847277039	0.0452319433	0.0515692573	0.1747194123	-0.1025519572	-0.151550127	0.0328499367	0.05962347	-0.0863881047	-0.1006070716	0.0417071734	-0.007117809	-0.0290057639	-0.0355545758	-0.1304077913	-0.0104270507	-0.1453928049	-0.0760588743	0.0311256285	-0.1038082635	0.1350153699	0.0123539247	-0.0066420223	0.0981688265	0.132966343	-0.0165602007	-0.0547904799	-0.0222073148	-0.0251662322	0.0622716375	0.0831640711	-0.077587735	0.0610761901	-0.0477732927	0.0042321624	0.1265934094	-0.0354328989	-0.0402328938	0.0777570413	-0.0306517407	-0.034803874	-0.0498676434	-0.0357078575	0.175198982	-0.1455140102	-0.1123808996	-0.0432965921	-0.1806139823	0.0292067942	-0.0916083842	-0.0454598032	0.0141955386	0.0644478726	0.1228852713	0.01855623	0.0024389074	-0.1120177442	-0.0321222808	-0.1132005928	0.0025913553	-0.1019393101	0.0506802026	0.0632314066	0.0993591877	-0.0650793051	0.0338206148	-0.0405003348	-0.0250300265	-0.0191602017	0.0306117708	-0.0236281505	0.0471169508	0.1996048169	-0.0704016122	-0.1386233221	0.0052663309	-0.0557920768	0.0286198152	0.1363757382	0.107343257	-0.0079361488	0.0957636161	-0.0799005105	0.0168091032	0.0527616014	0.061387739	0.2072159202	-0.0237837984	-0.0185041168	-0.1221785912	-0.0726584957	-0.1384317099	-0.0418703099	0.0162193779	-0.1351310971	0.0419421781	0.1034967802	0.0671539606	0.0860112524	-0.0016457366	0.1077883996	0.093745526	-0.0016898595	-0.1290552057	0.0050684204	0.1289225186	0.0368486373198209	-0.0114328949091771	0.0001307110860042	0.0013578220723276	0.0121549031290157	-0.0174071050764582	0.0001477416700757	0.0003030073071428	-0.0424937227278547	0.0607661794532249	0.0036925285653415	0.0018057164712717	0.0001910493050859	-0.0005050246903801	2.550499378935158e-07	3.6499836973805295e-08	0.0025681133782944	0.000167198830256	2.7955448839008106e-08	6.595206323774676e-06	0.0011302529219179	-5.891402437229994e-05	3.470862267739951e-09	1.2774716675039508e-06
848.4675994688279	5.304582261035193	28.138592964089245	719897.2673483953	1068.1042605831417	6.952553017010814	48.337993454346176	1140846.71147586	811.2213602473707	3.627215914067961	658080.0953215945	13.15669528726787	825.5466255335706	708.3781838235341	1.114573	27.527336	0.1297787417682798	0.0900381895479344	0.0375847148	-0.1487552387	-0.0123487024	0.2274487914	0.1214369637	0.0782403461	-0.1352309746	-0.0999557204	-0.0868800589	0.1402833259	0.1354532751	0.0492054444	0.0988786051	-0.0970334669	0.1497652374	-0.1828155001	0.086675806	-0.1076917928	-0.1026358733	0.138058757	-0.0349222253	-0.0011826961	-0.0466292117	0.0842056546	0.1238654652	-0.0066202578	-0.0553635889	0.1270045233	0.0594783211	-0.0182663732	-0.0132636784	-0.0154461395	-0.0929245601	0.0776128013	-0.1263404962	0.0122679236	-0.186085356	0.0182754088	0.0199113904	0.0872147709	-0.2526201524	-0.0127939779	0.0234320684	-0.0567923631	0.0719645746	0.0384016478	-0.1842135284	-0.0432822095	0.0718689306	0.0291620651	-0.1076407499	0.0126548902	-0.0416050255	0.1229380135	-0.0146592698	-0.1827222254	-0.0070650803	-0.0272662772	-0.029487097	-0.0851058452	0.2081190894	-0.1239532543	-0.0310813064	-0.01755942	-0.0605517639	0.055662274	-0.1504472864	-0.1542574908	0.0629953872	0.1393704905	-0.0969291603	-0.0083395639	0.1721327415	0.0278852619	0.0123036741	0.0665803416	-0.021004058	0.0322330649	0.0056955465	0.0716739917	0.0099659042	-0.1460203218	0.0647281453	0.0885414745	0.1167960896	-0.0742215496	0.0770490596	-0.0215047851	-0.0515589327	0.0123561606	-0.037145159	0.0615548238	0.0682562531	0.0451202614	0.1551628016	0.0160867034	-0.1175394312	-0.1085205454	0.0785010833	-0.1213534284	0.0263442099	-0.0197540335	0.0051179297	-0.0293870015	0.1128095775	-0.1705916533	0.0318921436	0.1479997733	-0.1203343862	0.0133714977	0.117227065	0.0478716807	-0.0999913991	0.0792702031	-0.0005278412	-0.0664169817	-0.0271571019	0.0876711633	-0.1362261194	0.1930192315	0.173043322	-0.0414034605	-0.0127303382	-0.0050684204	-0.1287014744	0.0151740128	0.1275100165	0.033233527580279	-0.0036151097395419	1.306901842893074e-05	0.0011044673554291	0.0120101034517432	-0.0001447996772725	0.0001442425849215	2.0966946538220515e-08	-0.1250011354569551	-0.0825074127291004	0.0068074731552501	0.015625283865528	0.0006389365451126	0.0004478872400267	2.006029797787348e-07	4.082399086804256e-07	0.0023817847382063	-0.0001863286400881	3.4718362117080735e-08	5.672898539152453e-06	0.0008942404095854	-0.0002360125123325	5.570190597749849e-08	7.99665910135464e-07
851.0414296474112	2.5738301785833078	6.62460178818618	724271.5149763095	1071.500855885106	3.3965953019642257	11.53685964532545	1148114.0841625144	811.8462742549519	0.6249140075811965	659094.3730216466	0.3905175168711917	826.209980891301	740.6635251339726	1.068781	26.396379	0.1100520726204469	0.0623707293110062	-0.1260461413	-0.0809102626	0.0291176241	0.127046704	-0.0774441296	0.1242907234	-0.0629896398	-0.0678846078	-0.0130055627	0.0669972611	-0.075876582	0.1262570865	0.0244861339	-0.0304031642	0.0480024239	-0.0727152945	0.1756633818	-0.0206468321	-0.0494511611	0.0008882819	-0.1476208306	-0.0647367625	0.0753117593	0.0033067217	-0.0423201929	0.0130864391	0.0083870566	-0.0506994964	0.0995869025	0.1338811588	0.0744198617	-0.1723884758	-0.0903005557	-0.0001141806	0.0442962238	-0.0279258134	-0.1035150322	-0.0722625709	-0.0083394412	0.0227654214	-0.0248591846	0.1320421032	0.0161595137	-0.0351311715	0.0171394178	-0.12747218	-0.1312496517	0.0183631376	-0.0999302541	0.0947127417	-0.0573233799	0.129200267	0.0465261236	0.0045155391	-0.0017110412	-0.002411524	0.0367230042	0.1464489718	0.0941384876	-0.068946235	0.1748889427	0.1027107795	0.0279265457	-0.1509746965	0.0140631119	0.0496348743	0.0352802092	-0.0097752826	-0.0090058305	0.0875310508	-0.0411570944	0.0124000151	0.0301849938	-0.0570266091	-0.0926881842	0.0530857601	-0.0013220536	-0.1463555118	0.0334302712	-0.008865795	-0.0668471894	-0.1121502308	-0.0857168898	-0.0741118976	0.0638749471	0.1294470489	0.0143830418	-0.181088595	0.1052347336	-0.1076772294	-0.0968819136	0.053733684	0.0909283889	-0.0771287772	-0.0030041847	-0.0669254375	0.0318583539	0.0577311775	-0.0744513239	0.0416883724	0.0327639783	-0.0970092194	-0.1976550463	-0.0915080899	0.0294533038	-0.062038387	0.120146994	-0.0521192812	-0.0447579514	-0.0335305731	-0.0707533415	0.0468986646	-0.1228287811	0.0266403357	-0.1434956129	-0.1288804966	-0.033640946	0.0148255	0.1330032426	-0.0927522206	-0.1373983017	-0.0028562077	-0.1147760711	-0.0084435077	-0.1279949812	0.0251860523	0.124700488	0.0296962464937422	-0.0035372810865367	1.2512357485170951e-05	0.000881867055817	0.0337251626493753	0.0217150591976321	0.0011373865957268	0.0004715437959566	-0.0845124577955545	0.0404886776614006	0.0016393330187688	0.0071423555226453	-7.62524570637496e-05	-0.0007151890021763	5.114953088340025e-07	5.814437208258976e-09	0.0024059614879272	2.417674972089983e-05	5.8451522706703e-10	5.7886506813888655e-06	0.0010410957511857	0.0001468553416002	2.156649135654077e-08	1.0838803631369169e-06
849.2131941046856	-1.8282355427255648	3.342445199685042	721163.0490414824	1072.1710625486255	0.6702066635195933	0.4491769718260654	1149550.787366649	810.3584921929747	-1.4877820619772135	656680.8858692715	2.21349546394117	825.1650687816067	748.1004214242943	1.033505	25.525127	0.0458347243639449	0.0229205092928643	-0.138439558	0.1135650798	0.0978188075	0.074000285	-0.0703992308	0.1411180539	0.1414782732	0.075072445	0.0269611672	0.00755373	0.0468319971	-0.0542132378	-0.0426104121	0.1074827944	0.0578202436	0.0656534425	0.0817564547	-0.0654821349	0.0929820414	0.0741226423	-0.0099393326	0.2165222596	0.1177721346	0.1624730791	-0.0401662799	-0.026284576	0.0711886554	-0.0584028203	-0.0571594634	0.0571036725	-0.1742880935	-0.1380684712	0.0909365203	-0.1249594965	0.0451550739	0.0713989317	0.0235864518	-0.0304985585	-0.018837275	0.1086730667	0.215217513	0.0317683895	-0.0082220748	0.1071439403	-0.0758922785	0.1043309453	-0.1407482228	0.0465980023	0.0362283589	0.0631717533	0.0350245881	-0.0044403342	-0.0991769098	0.0507674808	-0.0411352413	-0.1038070685	0.1056571681	-0.1976249878	0.0802339163	-0.1668394748	-0.0443188434	0.0161705029	0.0154577034	-0.0660725727	-0.1060993518	-0.2559978822	0.0263633773	-0.0528164448	-0.0307504515	-0.1147681172	0.0711900148	-0.1076796063	-0.1116807031	-0.1193024371	-0.144862598	0.0346323939	0.0557000129	-0.0097822687	-0.0672555068	-0.1245675828	0.0003824759	0.1039506778	-0.0587218065	-0.1669653797	0.170904033	0.0343565977	-0.1409934396	0.1168964362	-0.0618974671	0.0596724079	-0.1175993455	-0.1952386369	0.0442775427	0.01263627	0.0087177504	0.0782602099	-0.0260309042	0.049058477	0.054636588	0.1207342335	-0.1499439451	0.0554187109	-0.1173968342	-0.0134426042	0.0395216836	-0.0045838532	0.1165619961	-0.0617380329	-0.033491642	0.0969623945	0.0900831112	-0.042298021	-0.0020764556	0.1336433822	0.1479555351	-0.0681644714	-0.0813821791	0.0098319205	-0.0053594043	-0.0187745903	0.0377383943	-0.1475665866	-0.1675356852	-0.0118128082	-0.1269376627	0.0350428114	0.1205247148	0.0296570755496219	-3.91709441202974e-05	1.534362863275461e-09	0.0008795421301559	0.0167225918590929	-0.0170025707902824	0.0002796450784858	0.0002890874134785	-0.0934394626995143	-0.0089270049039597	7.969141655532228e-05	0.0087309331895739	0.0001059392178586	0.0001821916749223	3.319380641101112e-08	1.1223117880491917e-08	0.0023160508490072	-8.991063891999971e-05	8.083922991002566e-09	5.364091535186973e-06	0.0009158785105164	-0.0001252172406692	1.567935736083339e-08	8.388334460257393e-07
845.8027301475488	-3.4104639571368125	11.631264402929286	715382.2583250472	1071.0071328190847	-1.163929729540769	1.354732415308847	1147056.2785493566	808.8030924807083	-1.5553997122664214	654162.4424063571	2.4192682649184665	823.3000987884825	733.2732001666797	1.033954	25.536236	0.055270412969419	0.0310708110203105	-0.0028897705	0.1626482042	-0.0229191839	-0.078302387	0.0425170993	-0.0030375539	-0.0187691555	0.1176300442	0.0267515876	-0.080111214	-0.0045113211	-0.1153444967	-0.0460840427	-0.0877476282	-0.0806268477	-0.1550013507	-0.0107283241	-0.0093753983	0.0425583301	-0.0412218145	0.1246606501	0.1210633953	-0.0346816141	-0.1782681121	-0.0337849836	-0.1851563613	0.1444589262	0.3408197175	-0.0529495024	0.0202663772	-0.0152989648	0.0315312751	-0.0606545496	0.0078096629	-0.1787222488	-0.0144632008	-0.1326440522	-0.0399067307	0.0398795252	0.1924275043	0.1014132577	-0.0236100582	0.0373808494	-0.1310773481	-0.1291954565	-0.0572456112	-0.0321988148	0.0408100217	0.0137973452	0.0021994139	0.0658803445	-0.0775162556	0.0947047454	-0.0387062759	0.0233698466	0.0181082409	-0.0157345593	-0.0912766602	0.0235862552	0.016509723	-0.0988625393	0.0084961471	0.0076973756	0.1087848159	-0.1792378369	0.0371383764	-0.1610941345	0.0578158669	-0.0530182903	-0.1458768201	0.0260282758	0.241167688	0.1792856867	0.012923242	-0.113323661	-0.0367195931	0.0925532069	-0.0248715533	-0.0538579158	-0.014875759	-0.002303973	0.0504205473	0.1791451182	0.0128754996	0.1148967377	-0.1424143066	-0.0053935703	0.004972924	0.1165713641	0.1323873042	-0.1898005439	-0.0333738068	0.0791584405	-0.0985026822	-0.030364053	0.1145238718	0.0292462767	0.1606050609	-0.0144467128	-0.1025868616	-0.0681895834	0.0890808816	0.0188857878	0.0371723802	-0.0400863361	0.2202319638	0.0643317918	0.0546764959	-0.0283923689	-0.0279134704	0.1021722498	0.14769269	-0.0004934893	0.1108883695	-0.0429177932	0.0611466897	0.0662653999	0.0433751857	-0.1477634985	0.0608899835	-0.0466149316	0.2020776582	-0.0023077011	-0.0151740128	-0.1255324169	0.0446835199	0.1150284477	0.0317874893300427	0.0021304137804207	4.538662875806824e-06	0.0010104444779075	0.0335053765737427	0.0167827847146498	0.0011226102593483	0.0002816618627782	-0.0943883613023928	-0.0009488986028785	9.004085585447705e-07	0.008909162749351	0.0005278682513575	0.0004219290334989	1.780241093093159e-07	2.786448907912249e-07	0.0025687330089836	0.0002526821599763	6.384827397033896e-08	6.598389271441939e-06	0.0008823233865623	-3.3555123954099914e-05	1.1259463435750095e-09	7.78494558474766e-07
843.8511876362911	-1.951542511257685	3.808518173245952	712084.826875179	1073.5648997453238	2.5577669262390827	6.542171648962525	1152541.5939651872	807.9396529114155	-0.8634395692928365	652766.4827466185	0.745527889820599	823.0191833001041	708.7502316379046	1.00681	24.865845	0.0556342733565104	0.0298925177848527	0.1055911458	0.0040127103	-0.1360473086	-0.079066522	-0.0135285619	-0.1518750286	-0.1343482899	0.079398933	0.0630252379	0.0069580463	-0.0089742301	-0.0621391038	-0.1701922575	-0.0373659815	0.0942796857	-0.0653888565	-0.1030551433	0.0687683097	-0.1251928245	-0.0213432831	0.1438968607	0.0955219297	0.0773282627	-0.0094500379	0.1497568306	0.0149860108	-0.1447562502	0.031674037	0.0404709248	0.1364578654	0.0537001523	0.0726528633	0.0396977352	0.011479398	-0.0291217037	0.2175359193	0.0409520817	0.0481749714	0.1050028263	-0.2070749236	-0.1502717144	0.0454920313	-0.1518018485	0.117730834	-0.0570299788	0.0508833424	0.0242660278	-0.0192458824	-0.1337722045	0.0314179454	0.1544669258	-0.0992497025	0.0138647848	-0.023076409	0.0124180174	-0.0386522451	-0.0713711627	-0.0250805096	-0.0144879182	0.1680653163	-0.0528936358	-0.0840519192	-0.0321161813	0.0790809914	0.0163139919	-0.1703127684	-0.0247686258	0.1110852896	0.0217856662	-0.0010596911	0.044180418	-0.1440516147	0.1469660791	-0.106102937	0.137688366	-0.0164712872	0.0882416975	0.0082042816	0.1476391598	0.043427883	-0.0035714877	0.0273596237	-0.1506550282	0.1239206656	-0.0790877007	-0.0091786506	0.0819299338	0.0157627571	-0.1058245502	-0.1000005542	-0.0501024827	0.0134255675	-0.0760443965	0.0215562687	0.1535706959	-0.0379021444	0.1309506776	0.043764829	0.0386807834	-0.0406876214	0.0491823691	-0.0479525331	0.1605144795	-0.0406964127	-0.0605229589	0.1113327272	0.1751459916	0.0361550004	-0.0191083969	-0.0373948654	0.0345128088	-0.1176717243	-0.1523640584	0.0826630468	-0.0090708898	-0.1481644466	-0.1310389588	0.1933558691	0.0849439013	0.0399397462	0.0962520667	0.0866957276	0.0145171441	-0.0185248178	-0.1237830955	0.0540487397	0.1082719048	0.0294857913265076	-0.002301698003535	5.297813699477452e-06	0.0008694118901503	0.0143135305846584	-0.0191918459890843	0.0002048771577979	0.0003683269524687	-0.0969371012154738	-0.002548739913081	6.496075144532184e-06	0.009396801592059	0.0005817312975835	5.386304622599994e-05	2.9012277487442063e-09	3.384113025881826e-07	0.002161207264449	-0.0004075257445345	1.6607723245848004e-07	4.67081683990713e-06	0.0007118723883067	-0.0001704509982556	2.9053542806330585e-08	5.06762297233485e-07
843.2748809655546	-0.5763066707364715	0.3321293787353557	711112.5248674704	1063.2382720060864	-10.326627739237438	106.63924046478812	1130475.6230584886	807.844686271598	-0.0949666398174713	652613.0371372566	0.0090186626782213	823.0095510118485	698.6564995982487	0.987604	24.391495	0.0691054230692373	0.0425132238680653	0.1338839927	-0.050215231	-0.0719485693	0.1532067853	-0.1210080142	-0.045109112	0.1313078439	-0.1165200017	0.0108517147	0.1250112342	0.0228205556	0.0047448252	-0.1294878875	0.007725735	0.0667413001	-0.0734851904	-0.1303081139	0.0664110169	-0.0263617934	0.0593360494	0.0450395553	-0.1100062889	0.0908480018	0.0363202317	-0.0039947886	0.1761434588	0.1030547183	-0.0513187527	0.0151039002	0.024182115	-0.0775303533	0.1380255256	0.131377807	-0.1312466943	-0.0912280539	-0.078465922	0.057744238	-0.0038339286	-0.016808566	-0.0196968335	-0.0415807322	-0.0684496219	0.1759471713	-0.1170189693	-0.0165357678	0.1353827802	0.013446149	-0.0074185103	0.0270300126	-0.077069593	-0.0447462635	0.0287882041	-0.0977531891	-0.0052170016	-0.0652424789	-0.0715596431	0.0005938627	-0.0763636063	-0.0828293727	-0.0256754412	-0.0828031166	-0.0936615485	-0.0743764483	-0.1117304595	0.1733448413	0.0417905489	0.024594117	-0.0802483395	-0.0466489445	-0.0419689537	0.1697792245	-0.031634415	-0.1244523293	0.1192986774	0.0804581216	-0.0878796515	-0.0074074295	-0.001081293	0.1559240956	0.0731259722	0.0726888993	0.1613777359	0.074777493	-0.0188595896	0.0524486637	0.0246609375	0.0842698865	-0.0706768808	0.019968305	0.1662007462	0.0303521044	-0.000949569	-0.0714305601	0.0764302455	0.0039710515	0.0325054104	0.002800906	-0.0604685396	0.0938420142	0.1441837918	-0.0299007135	0.0319875464	0.1509038256	-0.0834636333	0.0351512033	-0.0256479433	0.1892765025	0.0372926068	-0.2223765133	-0.1265080666	-0.0482258171	0.0062481452	0.1076838084	-0.0269759665	0.1256246034	-0.0519782878	-0.0096069447	-0.0765570845	0.0093229284	0.1285534503	0.0067203272	0.0804082371	-0.0090925558	-0.0218629269	-0.1216944932	0.063080731	0.1003291122	0.0296308169468204	0.0001450256203128	2.1032430547112763e-08	0.0008779853129359	0.0271019980161071	0.0127884674314487	0.000734518296465	0.0001635448992452	-0.0611781903361929	0.0357589108792809	0.0012786997072723	0.0037427709728114	0.0005810878215052	-6.434760782999789e-07	4.140614633443206e-13	3.376630563016592e-07	0.0025682070510242	0.0004069997865751	1.6564882627225826e-07	6.595687456930417e-06	0.0007112552681963	-6.1712011039999e-07	3.8083723066009596e-13	5.058840565369906e-07
846.4692501904334	3.194369224878756	10.2039947448525	716510.1915179546	1061.6071937529375	-1.6310782531488712	2.6604162678951733	1127009.833827987	809.3945870883998	1.5499008168018236	655119.5976080012	2.40219254192296	823.178558724891	711.4436163112775	1.028499	25.401512	0.1190456678298742	0.0822040799732244	0.0593374127	-0.0971490608	0.1004154379	-0.0749743704	-0.0223305153	-0.0293585605	-0.0037133117	-0.137929084	-0.0530602508	-0.0356622454	-0.0474418543	-0.0129235071	0.0654379568	-0.0494488764	-0.0761564594	0.0275507845	-0.0270153725	0.0518268154	0.0477257236	0.0479605568	-0.0488084524	-0.0796543606	-0.0202145462	0.0197589132	-0.0278753586	0.0024877174	-0.0487030761	-0.0655948351	-0.011586461	-0.0259865588	0.1302251986	-0.003049678	0.0272680868	-0.0891338475	0.1716926892	-0.0522761893	0.0916128141	0.0041140681	-0.0746518647	0.0908814704	-0.027827281	-0.2524032117	-0.1485073852	-0.10945911	-0.0976467927	0.0984617211	-0.0829734289	0.1059103025	-0.0155706939	-0.017554998	0.0084455456	0.038328659	0.0095424512	-0.101125132	0.1925425249	-0.0454324572	-0.0104804644	-0.0784011014	-0.0789390925	0.0272595518	0.0104686879	0.057334735	-0.0539214182	-0.0590395294	-0.0250536551	0.199069543	-0.0176725201	0.0181007979	0.0155797256	0.1153417977	-0.0589548434	-0.1203519787	-0.0378721247	0.1176822699	0.0459416724	-0.0131327836	0.065629271	-0.0534308419	-0.0074870789	-0.1328854312	0.213299594	0.0263961997	-0.0101852209	-0.0739409925	-0.1886165623	0.068288284	-0.124759474	0.1025130172	-0.0714249801	0.1539507604	0.0015638984	0.0726012286	0.0296292224	0.0151075753	0.0185820042	0.1521683551	0.0469463649	8.66416e-05	-0.0922770098	-0.061042192	-0.0185164288	-0.0774783918	0.0622932188	0.0414537858	0.0870770552	0.1280396761	-0.0163888777	0.0290947396	-0.0433266232	-0.0602110015	0.0896706104	0.1478862707	0.0599800806	0.1066941182	-0.0882889811	-0.0243499163	0.0177569932	-0.0363746201	0.0994444584	0.2487245412	0.0043636252	-0.0434967657	-0.0773165738	-0.0251860523	-0.1192723348	0.0717238087	0.0912870929	0.0424050660873973	0.0127742491405769	0.0001631814411055	0.0017981896298765	0.021657094775719	-0.005444903240388	0.0004690297541244	2.9646971297188824e-05	-0.1399888395475272	-0.0788106492113343	0.0062111184291119	0.0195968751978633	0.00058070563612	-3.821853851999728e-07	1.4606566866045157e-13	3.372190358215339e-07	0.0024668058040822	-0.0001014012469419	1.028221288139245e-08	6.085130875053629e-06	0.0010497891606206	0.0003385338924242	1.1460519631994749e-07	1.1020572817565037e-06
848.0598849933979	1.5906348029644732	2.5301190764018284	719205.5685350152	1066.6446400875868	5.037446334649303	25.375865574471696	1137730.7882275777	811.4400791309894	2.045492042589558	658435.0020201063	4.184037696297202	825.9313582375934	732.4048069666939	0.954753	23.580141	0.1262646659398565	0.0623465494323315	-0.0610624628	-0.0171705982	0.0679623419	-0.1478597782	-0.0911329797	0.0176018633	0.079921791	0.0139317841	0.0036987814	-0.1382734527	-0.0936391636	0.1370770825	0.0207688861	-0.0300749249	-0.080517012	0.1495624999	0.1487677323	0.1693213265	0.0122440492	-0.0250567715	-0.1339050764	-0.1266515805	-0.066566702	-0.1281240329	-0.0447590024	0.0781977041	0.0777755915	0.0489053951	-0.1659842438	0.0799951258	0.0129106874	-0.1133123737	0.0369369962	0.0305371603	-0.0575855654	0.0385913051	0.0402705681	-0.0702635116	0.1547527222	-0.0331067867	-0.0149367712	-0.002566694	0.0678094766	-0.0703279595	0.1107779045	0.0256848337	0.104289848	0.2472934647	-0.0985370322	-0.075576687	0.0883315571	-0.0269174544	-0.0210257293	0.0564919922	-0.1451318564	-0.0603623262	-0.0123530344	-0.1791236504	0.0943247932	0.0390079094	0.0619960873	0.2189177789	-0.1077820242	-0.0597807334	0.0893758416	0.0624082806	0.0830075466	0.0272586991	0.0614359487	-0.0797103999	-0.0482759253	0.153497917	0.1307827007	-0.0294828418	0.017152162	0.0140507422	-0.052334688	-0.0278435233	0.0753417698	0.0656262976	-0.0520990421	0.0434750719	0.0402206259	-0.0223705906	0.0949431431	0.1908362473	-0.0476498474	0.0224972526	0.0178385396	0.1008009263	-0.0204168508	-0.0677813849	-0.1141602164	-0.06723041	0.0942981591	0.0096991742	0.0163447606	-0.0048287513	0.1818985192	0.1178738596	-0.0577453666	-0.1522034696	0.0094541483	0.0052952894	0.0009961669	0.1563569828	-0.0193842422	0.008217059	-0.0269929914	-0.0859315858	-0.0911930197	0.112644479	0.0484546892	0.1620427005	0.0226024595	0.0544685395	-0.0366773412	-0.09757074	0.0883966492	0.019471025	-0.0288407407	-0.0238691132	-0.0607789194	-0.0284919163	-0.1165232592	0.0799246852	0.0812449131	0.0359670256603266	-0.0064380404270707	4.144836454059674e-05	0.0012936269348505	0.0425760083721939	0.0209189135964748	0.0018127164889091	0.0004376009460567	-0.0946915933969663	0.0452972461505608	0.0020518405088245	0.0089664978600563	0.0002821475824044	-0.0002985580537156	8.913691143844713e-08	7.96072582566477e-08	0.0030911780561109	0.0006243722520287	3.8984070910339073e-07	9.555381774581564e-06	0.0011990681701913	0.0001492790095707	2.2284222698409182e-08	1.4377644767659123e-06
845.7445684058812	-2.3153165875166906	5.360690900429933	715283.8749880502	1066.34946641091	-0.2951736766767681	0.0871274994028812	1137101.184514833	808.5016544077391	-2.9384247232502503	653674.9251800512	8.63433985420831	823.8010895318351	726.8952174142845	0.978118	24.157198	0.1223774405922156	0.068540383797993	-0.006437364	0.0075331492	0.0895174731	-0.1832873549	-0.1504084797	-0.0742274082	0.0572905516	0.0061658992	-0.0039627631	-0.0849357233	-0.0326473018	0.1271015381	0.0743472736	0.0258195223	-0.03872385	0.0287377248	-0.0073917817	0.1729271306	0.0795949154	0.0763394391	-0.1556344525	0.0817496986	-0.0499044581	0.0052789746	0.0105246446	-0.0845800346	0.0200237901	-0.0911085177	-0.0414248277	0.0096112869	0.1282066785	0.0939397698	0.0062640389	0.0535980989	-0.0094238074	0.0814639534	0.1139817726	-0.109480292	0.0189092548	0.0781172862	-0.05807207	0.1742548568	0.0291880752	0.0434365761	-0.0861491996	0.0803380286	0.1933854762	0.0624216424	0.0036919235	-0.0439942043	-0.1419634212	-0.0678138995	-0.0576728416	-0.0114557131	-0.0089749373	-0.0384625028	0.0431306027	0.0628525603	0.0579109284	0.0696846659	-0.0638266872	0.0913115602	-0.1193456375	-0.118758307	-0.1358716058	0.0429058426	-0.0241557075	-0.0724636099	0.0454625812	0.015385355	-0.1003428343	0.0229525125	-0.1525595435	-0.0686180603	0.0512291539	0.0228093312	-0.1349538688	-0.1043047911	0.0900784988	-0.1130978513	-0.0034583809	0.1045415243	0.0374001508	0.1315103567	-0.0311204923	-0.0013344198	0.0632153299	-0.0657926729	-0.1738677664	0.0038943735	0.0191742722	0.0942284028	-0.067592735	0.022830106	-0.0564575341	0.1425532872	-0.0052875298	0.0965738482	-0.0567768476	-0.1301593145	-0.1097447262	-0.0832059811	0.085274086	0.0946022658	0.1214403107	0.1644919939	0.0762127358	-0.1357072459	0.012595143	-0.1602278292	-0.028313866	0.0631557814	-0.024031325	-0.0250923561	0.1124683629	0.066669712	0.0304063089	0.0616254863	-0.1089892124	0.0139363019	-0.0535268156	0.0210215008	-0.1075879906	-0.0317782535	-0.1134548014	0.0876327994	0.0703125971	0.0381970976388856	0.002230071978559	4.973221029554074e-06	0.0014590182680345	0.0425041613498535	-7.184702234040025e-05	0.0018066037320543	5.161994619181972e-09	-0.1502820877495025	-0.0555904943525362	0.0030903030623593	0.0225847058983491	0.0005610877037294	0.000278940121325	7.780759128480571e-08	3.1481941127633094e-07	0.0025682048304729	-0.000522973225638	2.735009947342149e-07	6.595676051264336e-06	0.0007112809723787	-0.0004877871978126	2.379363503498686e-07	5.059206216679891e-07
844.7466518406251	-0.9979165652561052	0.9958374712125422	713596.9057959463	1060.2430323050723	-6.106434105837707	37.28853748893796	1124115.2875514547	807.4731233592792	-1.0285310484599677	652012.8449475897	1.0578761176461604	821.9443570251306	715.7187121237155	0.9858380000000002	24.347878	0.0735610285155608	0.0512005835917834	0.0279928703	-0.0594238096	0.0532868002	-0.1872530385	-0.0626175757	-0.1465845939	0.0484568167	-0.0838696806	-0.1101317322	-0.1143472177	-0.003957836	0.1352370317	-0.0446598653	0.120373916	-0.0080258032	-0.0272192211	-0.0983494978	0.1698170637	-0.0410248466	-0.0001773626	-0.0257291365	-0.0956776131	0.0063761958	-0.0658479697	0.0873852649	-0.0810833676	-0.0125971038	0.0176684441	-0.1353140108	-0.1195755459	0.1362888452	-0.1009852297	0.1827895839	-0.0137056797	0.1408379413	-0.0627685081	-0.1515090251	0.0527564202	0.0080591241	-0.1593206853	0.1714935725	-0.0751259338	-0.0354675141	0.1116974299	-0.0158839873	-0.0431303555	-0.031454839	-0.0986910649	-0.0469617043	-0.042273364	-0.0154989917	0.0442431686	-0.0014341978	0.0445209954	0.1358595687	0.0048849486	0.0458310775	-0.0627717504	-0.0646066834	0.1664529467	-0.0856240103	0.1155781549	-0.1197679574	-0.0042988378	0.0663053908	-0.0327422212	0.0246509035	0.0975358974	-0.072899381	-0.1514971644	-0.0558384181	-0.0663188202	0.0949627473	0.210071502	-0.0639003993	-0.0801867244	-0.0860159048	-0.0779760505	-0.0873483789	-0.0153482461	-0.0507186774	0.0483112159	-0.1602968184	-0.0539428716	0.007474828	0.0369415184	-0.1497713764	0.0698146043	0.0608174104	-0.1222374864	-0.0027615095	0.1222896776	-0.0478064766	0.0014163343	-0.0165416024	-0.0306225702	0.0431305226	-0.0216292318	0.0342386185	0.0267495875	0.0110734958	-0.1780360239	0.1438493817	0.0482902251	0.0027122556	0.1373736855	0.0143298044	-0.020533095	-0.0090920823	-0.0757524666	-0.0597554435	-0.0196291915	0.1502775984	0.0471281393	-0.1467909496	-0.0081102861	-0.0395674175	-0.0001207777	0.0249636455	-0.168703499	0.0207266567	-0.09322049	0.0006317243	-0.0350428114	-0.1100753719	0.0948006283	0.0586099215	0.0326521748601749	-0.0055449227787107	3.07461686218648e-05	0.0010661645230994	0.0425617266703284	5.7565320474899095e-05	0.0018115005771597	3.313766121377837e-09	-0.1040804908521622	0.0462015968973403	0.0021345875558643	0.010832748576027	0.0002868807366211	-0.0002742069671083	7.518946081073233e-08	8.230055704426496e-08	0.0025681251983682	-7.963210469979706e-08	6.341272098919442e-15	6.5952670344937065e-06	0.0008721332435464	0.0001608522711677	2.5873453139807296e-08	7.606163944987644e-07
846.5738233669581	1.827171526333018	3.3385557866421305	716687.2384101496	1068.346008680668	8.102976375595745	65.65822614346276	1141363.194263914	807.7119159872246	0.2387926279454859	652398.5392277534	0.0570219191611112	822.3905999998594	715.9404779351494	1.073759	26.519312	0.1754357970112098	0.1350581727323632	0.0151018559	-0.1007015818	-0.0490395826	-0.1280685954	-0.0369283328	-0.1321729903	-0.0926379509	-0.0695745968	0.1508856226	-0.0551146309	0.0873795696	0.0750634079	-0.0492818725	0.1427206711	0.0146914265	-0.112193912	-0.1154055327	0.0888210187	-0.1300911896	0.1994987866	0.1428189554	-0.0201898275	-0.0009598178	-0.1022350494	-0.0157552278	-0.0748743681	0.0056769606	-0.1652025969	-0.1747152627	-0.0716511865	-0.0927288258	0.027532538	-0.1025243927	0.1938606854	-0.0048290728	0.0662758914	-0.0188529947	-0.1479969293	-0.1571146528	0.0813043019	-0.0323581176	0.0019702946	-0.0206662127	0.0232128596	-0.0452175305	0.0820392807	0.0179875173	0.0066328689	-0.169801171	-0.0368473693	-0.1016014638	-0.0121973653	0.0222842345	-0.0696056624	0.1230448644	0.0459097068	-0.0832254011	0.0319703274	-0.1201547164	0.0893846757	-0.0133970382	-0.1659279082	-0.2219806152	0.1278819899	-0.0365235104	0.0153032429	0.1116649403	0.0732018046	0.0693010576	-0.0494745841	0.0450451709	0.0014973795	-0.1253917303	-0.1114354543	-0.0305439863	-0.1719129399	0.0084559061	-0.0283882788	-0.1714571324	-0.1719975095	0.0462526152	-0.1347738636	0.1263063451	0.1866169508	0.0606625497	0.0365602593	-0.0179663187	0.0418304881	-0.0441226695	0.0707674145	0.1098023911	0.0993489062	0.0045842386	0.0054279212	-0.0099501889	-0.0088350284	0.0195800696	0.1086177523	0.0294037739	-0.1838763783	-0.1479255145	-0.119008862	0.2954636979	0.0690833749	-0.011367781	-0.1347121536	-0.1125631585	-0.1491143203	-0.0607317076	0.1498941382	-0.2474898487	-0.1067141047	-0.0310829206	-0.0366739024	-0.0238661361	-0.2401067526	0.117426853	-0.1426778238	-0.1912820673	-0.0276716039	0.0075312063	0.0702007498	0.0003825179	-0.0382833527	-0.1063942335	0.1013839798	0.0462651033	0.0407828277461419	0.0081306528859669	6.610751635208344e-05	0.0016632390389714	0.0424951663259349	-6.656034439350006e-05	0.0018058391610688	4.4302794457813346e-09	-0.2322468096223815	-0.1281663187702193	0.0164266052671094	0.0539385805797747	0.0007465312320559	0.0004596504954348	2.1127857795345718e-07	5.573088804349e-07	0.0027287691354853	0.000160643937117	2.5806474532482738e-08	7.446180994777191e-06	0.0007109823758857	-0.0001611508676607	2.5969602147796445e-08	5.054959388200749e-07
848.5803858465752	2.00656247961706	4.026292984606963	720088.6712435223	1067.7745540508097	-0.5714546298584082	0.3265603939866103	1140142.4982784055	808.3355671615975	0.623651174372867	653406.3891384616	0.3889407872966561	822.3821061162784	716.0326137530193	1.133378	27.991768	0.1072836429521829	0.0693125549008533	-0.0313160429	-0.2039394987	0.0969597957	0.069351063	-0.0716069207	-0.005734026	-0.0896348282	-0.1566123415	-0.0998522864	0.0366795787	-0.0380281024	0.116902148	-0.0618590367	0.0928982477	0.1370563989	-0.1114730348	-0.0762518808	0.0956652679	-0.1465510043	0.1683732887	-0.1774542336	-0.0314134521	0.0312529482	0.1125145421	0.0322458774	-0.0825849911	0.0206286252	-0.1657519845	0.1265660451	0.0063925357	0.0590354665	0.0933152906	-0.1338499683	0.031881205	0.0451794562	-0.1091908671	-0.0066988945	-0.0629374547	0.1629487737	-0.0042183328	-0.0125030382	0.048328068	0.0784004196	0.1314946403	-0.0332516231	0.0107048018	-0.0860871569	0.0966635997	0.0260581273	0.0862418991	-0.0824423995	-0.0699510335	-0.0184345998	0.1086990278	-0.0501447262	-0.1735254923	0.0077238529	0.0966200182	-0.1239644887	0.0840859158	0.0927810381	0.0040099567	-0.0967800808	-0.2023106271	-0.0166470078	-0.0334450355	0.0069343412	-0.0920121665	0.1610287414	0.0568195555	-0.1151320398	-0.0271762782	-0.1969936078	0.0411550755	0.1395176082	0.0139475649	-0.0710546752	-0.0297790303	-0.0229157489	0.0146764634	-0.2548761835	-0.0220571366	-0.0282894755	-0.1207605597	0.133248724	-0.0438721177	0.0159289426	-0.0572776695	0.017495458	-0.03905876	0.0748036262	0.0832647313	0.0179893408	-0.0150774353	0.1543173973	0.1445133496	-0.0476858583	0.0338510115	-0.0073232661	-0.0628121211	-0.0070032815	-0.2793167003	0.0947100257	0.1089474949	0.0992977755	-0.136475662	0.0433236401	-0.1753670985	-0.1618697359	-0.0710782017	0.118404859	-0.0360471394	0.1521106702	-0.1137609118	-0.0827239138	0.0177776521	0.0003043518	0.0606312403	0.0308115178	-0.2255513444	0.0520543809	-0.0033504236	0.0830407378	-0.0414976565	-0.1024214758	0.1073422654	0.033413395	0.0300967021655935	-0.0106861255805483	0.0001141932799232	0.0009058114812444	0.0423620546194598	-0.000133111706475	0.001794543671582	1.7718726400712888e-08	-0.1697228072412571	0.0625240023811244	0.0039092508737548	0.0288058312978529	0.0004903810215985	-0.0002561502104574	6.561293031737032e-08	2.4047354634398853e-07	0.0031511797358545	0.0004224106003692	1.784307153042683e-07	9.929933727660038e-06	0.0007112296307398	2.4725485409994065e-07	6.113496287598293e-14	5.058475876422722e-07
851.9554577570009	3.3750719104257314	11.391110400544797	725828.102001941	1063.2670539444414	-4.507500106368298	20.317557208910213	1130536.8280036915	810.147971374469	1.8124042128714564	656339.7355221674	3.2848090308342037	823.6590532016405	747.638706177199	1.176649	29.06045	0.0890344229490788	0.0366993506730565	-0.2080653777	-0.0773683287	0.1849760137	-0.0333783137	-0.0909297695	0.1529067091	0.0468479915	-0.2256358556	0.1656295339	-0.1460381673	-0.1531035593	-0.0218305284	0.0153402716	0.0097142779	0.1250023807	-0.1541419148	0.0189219109	-0.0338563483	0.2262433911	0.0215247832	-0.1073627738	-0.1815392563	-0.1494847278	-0.1157711032	0.2111140673	0.0785844834	-0.0746414609	0.0452143828	-0.1453332408	0.1125077187	0.096842415	-0.1144630971	-0.1163619159	-0.0527162192	-0.0526190424	0.1576653653	0.0383161881	-0.1100130182	-0.1080543184	0.0318100672	0.0989568875	-0.1358803863	0.0050354459	0.0727594718	-0.1304679109	-0.0996096683	-0.0475300605	-0.011093622	0.0347587017	-0.0130304353	0.0351900438	-0.0050063541	-0.0513014592	-0.163812859	-0.1221307303	0.1007923621	0.0773706466	0.1525969154	-0.1200479707	-0.1845962201	-0.0142850768	0.1870458097	-0.1720486673	0.0716289056	0.1116882876	0.1490074854	-0.0211294114	-0.0267322037	-0.0447850122	-0.0011658357	-0.0550079467	0.0110364986	0.1268027908	-0.1798082692	-0.1430465649	-0.079498105	0.0741940155	0.0256716623	0.063150601	-0.2599056909	-0.0882224679	0.0892984365	-0.2431181417	0.0477900416	-0.0661526239	-0.0884343914	0.0195924877	0.0496519476	-0.0501450009	0.0016666255	-0.0508528121	-0.0368299861	-0.0795468974	-0.0646810489	0.0038328459	0.0871086491	-0.0764235222	-0.089757458	-0.1390090029	0.0433948914	-0.3283791967	-0.1453324064	0.1051503611	0.133953935	0.1148093853	-0.0645333408	-0.1236234057	-0.1375727752	-0.0045254569	-0.0922101077	-0.0524779915	0.0360648287	-0.0435437544	0.0280818244	0.0419050857	-0.0897258203	-0.0295224627	-0.0653704203	-0.0273281589	-0.1009551574	0.1005801368	-0.0314190833	0.1426768022	-0.0446835199	-0.098167988	0.1126387502	0.0201956026	0.017168175441327	-0.0129285267242665	0.00016714680326	0.0002947462479841	0.0569417715717719	0.0145797169523121	0.0032423653497318	0.0002125681464095	-0.1980634830964973	-0.0283406758552401	0.0008031939079317	0.0392291433363164	0.0002441451052946	-0.0002462359163039	6.063212647802126e-08	5.960683243931132e-08	0.0029436190686111	-0.0002075606672434	4.3081430586525495e-08	8.66489322109088e-06	0.0009211431155377	0.0002099134847979	4.40636710999982e-08	8.485046393025005e-07
849.1530696746883	-2.802388082312632	7.853378963887871	721060.935737946	1073.8363111820458	10.56925723760446	111.70919855465428	1153124.4232130635	811.0804854822727	0.9325141078037404	657851.5539301592	0.869582561253006	825.9433024120481	749.1221032963476	1.216306	30.03989	0.0940088780552689	0.0482064357772251	-0.1391944361	0.0390591334	-0.0858387145	-0.1357378478	0.0246206973	0.0018346318	-0.112018187	0.1219804933	0.1435457654	-0.1391852306	0.105775506	0.0020038532	0.0988123929	-0.1347119109	0.0462097602	-0.0652365722	0.1617717625	0.1134490724	-0.0128002465	0.2086075399	-0.0009155169	0.14908574	0.1271147566	-0.1710492306	0.1582847114	-0.0573816086	-0.1017022586	-0.0409155236	0.0188987747	-0.0359586948	0.0060618792	0.0695063352	-0.1305519741	-0.1967501742	-0.0591643609	-0.0097840309	0.0459357919	0.0584854391	0.0602661453	-0.0337912221	0.0892287863	-0.0501944034	0.1484128667	0.0123948409	0.178528329	-0.2126249023	-0.0218569271	0.0067456986	0.0297106576	-0.0111633924	0.0595823157	0.0166424723	-0.0892172995	0.0454716118	-0.0937107533	0.1503888009	-0.0620690266	0.0734876738	0.138631497	0.0718809715	0.0925279179	0.0614760179	-0.237370714	-0.0105823545	-0.1431570554	-0.037655592	-0.1710356709	0.1736862705	-0.0178512842	0.0841253733	-0.0029386161	-0.1417986759	-0.0393286564	-0.0650725881	0.0377323796	-0.0154654517	0.0203303748	0.1877967065	0.1047089393	0.0043777141	-0.0977125015	0.0549589938	0.1422613164	-0.1077229371	0.0029665061	-0.0633852277	0.0267666461	0.002586358	0.2036843474	-0.054724088	0.1417698136	-0.1022934889	-0.0079250056	-0.0055419354	-0.0263365824	-0.062666585	0.0621316058	-0.1751603074	-0.0983075112	-0.0908438975	-0.1046345062	-0.1135396596	0.0202311903	0.1076362953	-0.1105976371	-0.0672184906	0.0004750823	-0.0049722339	0.1836841089	0.1263337848	-0.0591239665	-0.0488852497	-0.0118258982	0.1008188319	0.1776144516	0.1883410681	0.3403063123	0.1595957179	-0.0454153321	-0.1536894216	-0.063082807	0.1120853943	-0.042863341	-0.0478387595	-0.0936454286	0.1172407796	0.0067565429	0.0335068928008013	0.0163387173594742	0.0002669536849527	0.0011227118651643	0.0207306061255252	-0.0362111654462467	0.0004297580303316	0.0013112485029754	-0.1857541726267868	0.0123093104697104	0.0001515191242397	0.0345046126482621	-6.675400106194993e-05	-0.0003108991063565	9.665825433330136e-08	4.456096657778813e-09	0.002684472951193	-0.0002591461174181	6.715671017287568e-08	7.206395025686855e-06	0.0009340915873598	1.2948471822099984e-05	1.6766292252771728e-10	8.725270935763508e-07
850.7555461557105	1.6024764810222225	2.567930872229365	723784.9993147012	1074.8734370821244	1.0371259000785358	1.075630132613713	1155352.9057447396	812.0959251526778	1.015439670405044	659499.7916495836	1.0311177242323046	827.5679863131776	730.7164213503864	1.090733	26.938536	0.1388108838139587	0.0773847175719548	-0.0378002972	-0.0703977431	-0.0693925171	0.0348105621	0.071750513	0.0359728394	-0.108223346	0.0163377836	0.0295541979	0.0986215878	-0.1805936506	0.0498074164	-0.1360157581	-0.1010669616	0.0101067555	-0.0604461849	0.1096142933	-0.1288978907	-0.0744720777	-0.0661539593	0.0429713347	-0.0012519851	0.0351730301	-0.1209628479	0.1211902018	-0.0025409801	0.1592418666	0.059481345	0.0033417399	-0.1358329207	-0.0242670727	0.0441583437	0.1196088709	-0.0240692697	-0.0808758958	-0.0300187565	0.0875663922	0.22033052	0.0216923377	0.0827575241	-0.0753366581	-0.0080610197	0.0910131029	0.0405407217	-0.1309016742	-0.1970001548	0.0212888555	-0.0433303073	-0.0517809045	-0.0009211596	0.1171529602	0.0717506629	0.0905005725	0.0219868379	-0.0966756228	-0.1406988034	-0.1041330584	-0.0137022056	0.0778302066	-0.0714517139	0.1083742568	-0.0322949204	0.0851637394	0.0085733792	0.0679068125	0.0605243271	-0.1502673672	0.1699644738	-0.0871274686	-0.2027289047	0.1147477422	-0.0568710087	0.0536775299	-0.062253563	0.0462556283	0.1132665164	-0.1763825208	0.201760113	-0.0057971047	0.1053046792	0.0063167276	0.0648146487	0.0530276596	-0.0501667174	-0.0956736949	-0.0334890244	0.0541207658	-0.2212738958	0.1022974787	0.0941690861	0.0279506078	0.0409708612	0.1796538253	0.0238345643	0.0643502344	0.0372650659	0.1131856524	0.0329795476	-0.0367541696	-0.0145219984	0.0602647467	-0.1273923428	-0.1287812641	0.0897060213	-0.0741202015	-0.1723402218	-0.0472031321	0.2701090883	0.2014574348	0.1375970748	0.0694601507	-0.0290175871	0.1852012907	-0.1717975037	0.0443840716	-0.1040210017	0.1585257636	-0.0720688187	0.1058106327	0.040218567	-0.0674396495	0.1574084484	0.024960065	-0.0509612127	-0.0888661936	0.1211199807	-0.0067565429	0.0303861043165625	-0.0031207884842387	9.739320763357491e-06	0.000923315335537	0.0612867550538993	0.0405561489283741	0.0037560663450366	0.0016448012159004	-0.1681032102671835	0.0176509623596033	0.0003115564722201	0.0282586893021329	-0.0012601070640511	-0.0011933530629891	1.4240915329455868e-06	1.5878698128714832e-06	0.0026192324318132	-6.524051937979985e-05	4.2563253689460406e-09	6.86037853186209e-06	0.0012251576858257	0.0002910660984659	8.4719473676161e-08	1.5010113551377846e-06
851.383995911046	0.6284497553355095	0.3949490949812617	724854.70849346	1078.143364237552	3.2699271554276947	10.692423601803457	1162393.113849467	811.7419346339567	-0.3539905187210479	658924.9684432788	0.1253092873443965	827.605867227168	754.9040302271599	1.041519	25.723063	0.0780131419909009	0.0550608641528614	-0.153765501	0.1023089249	-0.0590198285	0.0096248285	0.0844864998	0.1265732397	-0.1194394041	0.1709648608	0.0547674189	-0.0287772107	-0.0065862908	0.0373953902	-0.0678418128	-0.1895281624	-0.145447996	-0.1447313894	0.076585282	-0.0951349066	0.017531308	-0.046432396	0.0723067289	0.0472201481	0.1030659684	-0.0664569153	0.072891966	-0.0335977663	0.0644926636	-0.0296241167	-0.1376518109	-0.0190954023	-0.1102336902	-0.1784945256	0.0080694809	0.0302590862	0.2506386553	-0.000842825	0.0290496999	0.0941175162	-0.0320856664	-0.1703328742	0.0415326285	0.0504031172	-0.096471843	-0.0376908876	0.0262767788	0.1592913426	0.0267104951	-0.0176638727	0.018077845	0.0410544134	-0.1163423131	-0.0413601669	0.1054795932	0.0939988499	-0.0033831421	0.1015700299	-0.0355252759	-0.078503388	0.0986434621	-0.0613985468	0.0551220946	-0.0325110066	0.0900481833	0.0531867101	-0.0088390526	-0.0849121827	-0.0670379344	0.1603262581	-0.0797518698	-0.0556261369	0.0723802092	0.0518862971	0.0177095436	-0.1357040254	0.0306032569	-0.0761727641	-0.1264158967	-0.0696014503	-0.0631308986	0.0360263316	0.0916074248	-0.2366756916	-0.0425907471	-0.0377215517	-0.0949697088	0.2166561503	-0.1487413753	0.0092424766	-0.1743159545	-0.0583182985	0.0901188211	0.1123363797	-0.0334555122	-0.003745775	-0.1202871152	-0.0005284033	-0.1601352025	-0.0143682424	0.0710584462	0.0665219327	-0.0433222172	-0.046461994	-0.1163513834	0.123934696	-0.2230403523	-0.0446325954	0.0394539691	0.0562166077	0.1935149111	0.0144306024	0.0845245642	-0.0664172964	0.0945330027	-0.183832459	0.0636141267	-0.2201439778	-0.0932098869	-0.1240996903	0.0045405989	0.1859183702	-0.1311819982	0.0536575815	-0.0789077203	-0.0540487397	-0.0838433825	0.1242524367	-0.0201956026	0.0204404680876422	-0.0099456362289203	9.8915679998012e-05	0.0004178127356419	0.0081657273976816	-0.0531210276562177	6.667910393324793e-05	0.0028218435792526	-0.1681708853727315	-6.767510554800404e-05	4.5799199109334885e-09	0.0282814466870484	-0.0009681000354289	0.0002920070286222	8.526810476476635e-08	9.372176785974374e-07	0.0026199171497314	6.847179181996427e-07	4.688386275036525e-13	6.863965871456702e-06	0.0012202733723618	-4.8843134638999405e-06	2.385651801363424e-11	1.4890671032952404e-06
847.2077176862914	-4.176278224754583	17.44129981055929	717760.9169072148	1076.4797580449908	-1.6636061925612466	2.767585563928128	1158808.669480602	810.796347796541	-0.9455868374157036	657390.7176002095	0.894134467093832	827.2212974672103	739.1554744785625	1.044331	25.792522	0.0314111117277363	0.018328480213804	-0.0285702171	0.2165466629	-0.073005231	0.0615004102	0.0688151331	0.0123010417	0.1298404764	0.1792925539	0.0001985919	-0.0038966555	-0.0454014702	0.0224573685	0.0721688646	0.0875733322	-0.0912278857	0.000737523	0.0489587775	-0.0459001439	0.0903151434	-0.0653454978	0.1583667175	0.1359660541	-0.0329596053	0.1431319048	0.1675560784	0.073853806	0.0863504942	-0.0579361121	-0.0194813331	0.0568027133	-0.0566614908	0.0863769805	-0.0162027222	0.0795833657	0.0044372841	0.0006025955	-0.1098228078	-0.0381271922	-0.059656803	0.1398924024	0.0229885528	0.0380544345	0.1649354924	-0.0034354337	0.0015028418	0.0012463582	0.1827533385	-0.0473953578	-0.0373308492	0.0517219778	-0.1208778965	0.0441777239	0.0415884084	0.1012895715	0.0481662391	-0.0037967713	0.0162563044	0.143463927	0.1203859059	-0.0760751662	-0.0989270721	-0.0954108542	0.0908644307	0.105792243	0.0385899587	-0.0228537899	-0.1783947973	-0.087754473	0.0861021352	0.021969648	0.0566944252	-0.0771233814	-0.0778494904	-0.0392290051	-0.1149374476	-0.0428223013	-0.1571875804	-0.0316905504	0.0305012698	-0.0013483869	0.0085092863	0.0682773479	0.0133752528	0.0961415134	0.1581474763	-0.1335694959	0.072194188	-0.0324564384	-0.0156111944	0.0322569511	0.1791620502	0.04007543	0.1390266334	-0.0547371356	-0.0414330133	-0.0631500166	-0.0865459864	0.0155751459	0.0391720245	0.0936545931	-0.0311300968	0.0730796674	-0.0377761359	0.2010681666	-0.1650765587	-0.1095900223	0.069386855	0.1458111699	0.1273015003	0.0734977982	0.0540983433	0.0289913071	0.0966320955	-0.0444018427	-0.0863266264	0.1743204264	-0.0580572989	-0.0547714236	-0.0656522962	-0.0506926193	-0.1188072401	-0.0737291812	-0.0704558951	-0.0570992244	-0.0785907625	0.1266188352	-0.033413395	0.0166424116331143	-0.0037980564545278	1.4425232831781034e-05	0.000276969864966	0.0210935962672635	0.0129278688695818	0.0004449398034863	0.0001671297935091	-0.168179916393548	-9.031020816507862e-06	8.155933698819833e-11	0.0282844842781408	-0.0009038007115398	6.429932388909998e-05	4.134403052595383e-09	8.168557261798488e-07	0.0026200538545884	1.3670485699999665e-07	1.868821792738953e-14	6.864682200943532e-06	0.0009911862934517	-0.0002290870789101	5.24808897235624e-08	9.824502683265197e-07
845.9328643473173	-1.2748533389741397	1.6252510358935126	715602.4109828566	1072.390295321516	-4.089462723474753	16.723705366689547	1150020.9454997685	809.5935601579951	-1.2027876385459422	655441.7326492971	1.446698103438924	825.0366051482755	725.5571080181508	0.944309	23.322193	0.0272993721411803	0.0137084888105453	0.0459517305	0.1037080421	-0.097361802	0.0224935542	0.1385739562	-0.0830542676	0.0121112799	0.018349434	0.105302517	0.0154127996	-0.0516803806	-0.139735721	0.001656345	0.0400337545	-0.0840398612	-0.1430062192	-0.0740259954	-0.023309156	0.0490566474	-0.0332245354	0.1119714644	0.069727151	-0.1178661601	0.0729790505	-0.067938093	0.1753735903	0.0943631545	0.0044082344	-0.0083279125	-0.0909525793	0.0671670439	0.0326805369	-0.0080436574	-0.1575252225	0.0803857709	0.029371259	-0.1008944081	0.0404762131	-0.0711758381	-0.0258061321	-0.0411678791	0.0931065646	-0.1679513969	0.0530672977	0.0862352505	-0.0195421706	-0.0426675813	-0.0047925306	0.1443276662	0.0599555542	-0.0230030613	-0.0595225136	-0.0309517531	0.0833164115	-0.1897216236	0.0220166707	0.0964055705	-0.0022380038	-0.0095783611	-0.0133439976	-0.1053646135	-0.0908332014	0.0443636809	0.1033404289	0.0105084705	-0.0052890062	0.0399664444	-0.0098506869	0.2009590149	-0.1111589813	0.0947075517	-0.062795072	0.0194932792	0.0837270018	0.0533830769	0.1364525211	0.0439580332	-0.0221681539	0.0704027165	0.0049145891	-0.007151205	-0.0975473476	-0.0768254443	-0.0245447794	0.0031740366	-0.1481991476	-0.0487290712	0.0096350097	-0.1042144945	-0.1722254159	-0.0640690111	-0.1022276417	-0.1127701584	-0.0664565138	-0.0324280801	-0.0940483625	-0.2277109212	-0.0247140987	0.054515659	-0.0182286733	-0.0096990838	0.1184625324	0.0603153371	0.2169575598	-0.1031996122	-0.0734791842	0.0766620782	0.1854551858	0.0628436909	-0.0255792219	-0.0157684829	-0.0345823768	-0.0324729865	-0.041108598	-0.1091044082	0.1407163183	-0.0896665714	-0.1207356956	-0.0533305434	-0.0426839726	0.0863866486	-0.1086725592	0.0730024028	-0.0601105761	-0.0731227308	0.1282045865	-0.0462651033	0.0173733315042454	0.0007309198711311	5.342438580143057e-07	0.0003018326475564	0.0210746198401494	-1.897642711409797e-05	0.0004441396014068	3.6010478601667264e-10	-0.1593104097428579	0.0088695066506901	7.866814822663612e-05	0.0253798066524372	-0.000788066151002	0.0001157345605378	1.33944885028777e-08	6.21048258355107e-07	0.0026830430282698	6.298917368140027e-05	3.967636001065608e-09	7.19871989154718e-06	0.0011660619430774	0.0001748756496256	3.0581492832010565e-08	1.3597004550934414e-06
845.6190416892333	-0.31382265808395	0.0984846607268758	715071.5636674173	1071.6227041537336	-0.7675911677824843	0.5891962008576779	1148375.2200577604	810.3194550351823	0.7258948771872156	656617.6192085148	0.5269233727266428	825.8884721852796	713.0301291256477	0.864496	21.351002	0.0170977090067339	0.0149690142172438	0.0698186746	0.0756374803	-0.0744541598	0.0452134146	0.1837240658	-0.077636218	0.0235130145	0.0275421822	-0.002550617	0.0292169885	-0.1160309384	-0.0817625236	0.0127894359	0.0926044784	-0.0405575222	-0.0865446998	0.0083671359	-0.0204480582	0.0063383912	0.0597616375	0.0879525486	0.0616093087	-0.0432388103	0.0133648062	-0.0219608629	0.0561884029	0.2816247764	-0.1217836261	0.1712045488	-0.0815669267	0.0449087847	-0.1807392966	0.0159282596	0.0053256486	0.0142872665	-0.0596341722	-0.0847581138	0.0199156888	0.0198035354	0.0892706366	-0.0434508586	0.0892243769	-0.0317365677	0.0537818334	-0.060120603	0.0944282728	0.0261442612	-0.0969934246	-0.0097767296	-0.0337692178	-0.1006933378	-0.1186752728	-0.1354711031	-0.1271862048	-0.0451722855	0.068807754	-0.1087586967	-0.0587335291	0.0129008593	0.0064062042	-0.036718489	-0.073879324	0.057493134	0.0337104964	-0.0348957516	0.0879010517	-0.0193831546	0.0450721549	0.0932866572	-0.0643248696	0.1698943731	-0.1636036967	-0.0111806561	-0.0497712738	-0.1088204181	0.204910614	-0.0602671588	-0.0993891749	-0.1294674379	0.1165602401	-0.0910404258	-0.08557485	-0.0462953102	-0.0532038219	0.1057803362	-0.0046455547	-0.0527074609	0.064647766	0.0361684038	0.1543005325	0.0051292485	0.0756466542	-0.030253309	-0.033466932	-0.0293286955	-0.1759976296	-0.1202161343	0.1704779702	-0.0445538272	-0.0794170929	0.0568265482	0.1008360479	-0.0057132105	0.2260483514	-0.0765716646	-0.053510365	0.0695813591	0.2204011568	-0.0262025353	-0.1014936716	0.0160704105	-0.0546395082	-0.0205031201	0.0173552975	-0.0300529485	0.1607209277	-0.1479320357	-0.0389238634	0.0397112596	-0.1005776772	0.1512207654	-0.0803609877	0.1632243364	-0.063080731	-0.0674542747	0.1289999139	-0.0586099215	0.0166555396548204	-0.000717791849425	5.152251391009639e-07	0.0002774070011932	0.0208974595269211	-0.0001771603132283	0.0004367038146793	3.138577658314939e-08	-0.1583038136388523	0.0010065961040056	1.013235716599269e-06	0.0250600974126044	-0.000494072844165	0.000293993306837	8.643206446495446e-08	2.441079753412924e-07	0.0026797148037427	-3.328224527099962e-06	1.1077078502789766e-11	7.180871429397778e-06	0.0011726636265148	6.601683437399948e-06	4.3582224207640794e-11	1.375139980950842e-06
846.5180133202092	0.8989716309758933	0.8081499932994577	716592.7468755939	1074.1860872007503	2.563383047016714	6.570932645732693	1153875.749935658	812.1065788242311	1.787123789048792	659517.095369597	3.193811437384111	827.4950361586191	717.9405324637655	0.886494	21.894304	0.0279479099787205	0.0218115092317453	0.0519753119	0.0753684224	-0.09155395	0.0665366592	0.1583984376	-0.0348346483	-0.0330518914	0.059565715	-0.0727435644	0.0413688303	-0.0682802839	-0.1993828322	-0.0238447223	-0.0789756013	-0.0847331285	0.0046144035	0.1014361469	-0.0385584677	0.0046374149	-0.0948559454	0.0951405513	-0.132353866	0.0183515446	-0.0502800968	-0.1613503015	-0.0929520908	-0.1494625335	-0.0950366901	0.0227296799	-0.0350592335	0.0481719194	-0.0632651382	-0.036234771	-0.0517416812	-0.0228639462	0.052939063	-0.1238646016	-0.0181397983	0.0606112432	-0.1541646185	0.0489879932	0.2612105953	0.0352044516	-0.1250757894	0.1164195454	0.1181047977	-0.0972154818	-0.06611066	0.0704984735	-0.0062692582	0.1083071851	0.0974433166	0.0968297498	-0.0183147501	-0.0450852187	-0.0470950363	0.1276284048	0.0640287603	0.1252402019	0.0114924284	0.0197952005	-0.0139938577	0.1269367715	0.0136712957	0.0263791003	0.0846522448	0.0544733025	0.0684257103	-0.0869327437	0.0562164476	-0.1553725918	0.0189698557	-0.0176516872	0.1723073675	0.079566754	-0.0210061924	0.0973779747	-0.0327710123	0.0516998257	-0.0361934554	-0.1897410161	-0.1014930325	0.0417201142	-0.0025597843	0.1582930816	0.1760822161	-0.0424049195	-0.0755954042	-0.0881216858	-0.0928097501	-0.0609872484	-0.2629068892	0.0256211259	0.1129473149	-0.0293739511	-0.0519313416	0.0882920788	0.0056635302	0.0255634967	-0.0508968935	0.1187932277	0.0756501698	-0.0028013909	0.195604184	-0.1450115364	-0.0605681303	-0.0521741444	-0.0254716362	-0.0088654356	-0.1248647442	-0.063417592	-0.022128956	-0.0305442166	0.0048537172	0.0192264306	0.0332730557	-0.0316602521	0.0963543628	0.1306278256	0.0423788754	0.1571950011	-0.0297768657	0.0535731142	-0.0660076536	-0.0616009311	0.1289999139	-0.0703125971	0.0108681960671503	-0.0057873435876701	3.349334580174623e-05	0.000118117685754	0.0211773193174309	0.0002798597905098	0.0004484788534724	7.832150234418933e-08	-0.1582648691748716	3.894446398070017e-05	1.516671274744053e-09	0.0250477688149392	-0.0009041030349329	-0.0004100301907679	1.6812475734116046e-07	8.174022977748805e-07	0.0026869676551808	7.252851438099839e-06	5.260385398314689e-11	7.219795179987807e-06	0.00119221582704	1.9552200525200115e-05	3.8228854537763557e-10	1.4213785782446713e-06
845.811067125432	-0.7069461947771742	0.4997729223099263	715396.361271862	1076.1431772699	1.957090069149672	3.830201538764267	1158084.1379845554	812.1631854243769	0.0566066001458693	659609.0397586708	0.0032043071800743	828.3333998220495	713.0902249139492	0.870139	21.490372	0.0377295690657233	0.0220115841808136	0.078467559	0.1178018879	-0.0017198831	0.1126564735	0.0329636111	0.0275043399	0.0798078497	0.13508592	-0.1167469374	0.0761870279	-0.0386957765	-0.0139356984	0.0013701535	-0.1343039043	-0.0829186084	0.036244869	0.1185361025	-0.0617294438	0.0034214482	-0.1114819924	0.1263181027	-0.1571366388	0.0991447858	0.0394276521	-0.0165564454	-0.0632429761	0.1729462208	0.1804555885	0.235687184	0.0146579851	0.0223058217	0.0279891679	0.0411020667	0.0890005505	0.0923916243	0.133568937	0.1795889409	0.0844215871	-0.1151877648	0.0083030805	0.0494767529	0.1174915637	0.0661214502	0.0644704615	0.0374651016	0.0539058692	-0.0450040752	-0.0623986008	-0.0917072216	-0.018462942	-0.0644545945	-0.0145331735	-0.0675942415	0.0456564953	0.1759297671	0.0659810322	0.0209675554	-0.1230835654	0.158573752	-0.0361411964	0.0009992277	-0.069042141	0.1601053082	-0.05107593	0.0787625792	0.0625463472	-0.106804378	-0.1030802793	-0.1623086681	0.0900015053	0.2030263702	0.0569058663	0.044280504	-0.0517821675	0.050179701	-0.0598679109	0.1072991333	-0.0346214675	-0.2078666789	0.0352340537	-0.1779131529	0.0279492104	0.0168761375	0.1336223201	-0.1350868724	0.105597583	-0.0462785614	-0.0143582926	0.0676660205	-0.0635253473	0.1256731729	-0.0162459197	-0.0049378668	0.1885722938	0.0843139955	0.0586985503	-0.0047954449	0.2010848461	0.0974940528	0.014588937	0.1296324728	0.1197842115	0.0245470539	0.1333792039	-0.05792154	-0.0792988705	-0.1431343557	-0.2233405237	0.0470811025	0.0201620897	-0.1136732954	-0.0062092334	-0.0760492119	-0.123226284	0.0730083781	0.070995543	-0.0144318303	0.0628285702	0.1154006637	0.1554323763	-0.0372925085	0.1055490621	-0.1410381346	-0.0688893378	-0.0555787436	0.1282045865	-0.0812449131	0.0094492868732061	-0.0014189091939441	2.013303300659376e-06	8.928902241214513e-05	0.0082206442988734	-0.0129566750185575	6.757899268859972e-05	0.0001678754275365	-0.1754380282420982	-0.0171731590672266	0.0002949173923482	0.0307785017534752	-0.0009039903686539	1.126662789999915e-07	1.2693690423703923e-14	8.171985866190139e-07	0.0026199916655658	-6.697598961500012e-05	4.485783184908604e-09	6.864356327634254e-06	0.0011356879672141	-5.652785982589994e-05	3.195398936496592e-09	1.2897871588748947e-06
844.7598047278235	-1.0512623976085251	1.1051526286256248	713619.1276837905	1073.844869399961	-2.2983078699389807	5.282219065023455	1153142.8035366193	810.2819022677876	-1.8812831565893475	656556.7611427045	3.53922631526678	826.545754608841	705.917679023492	0.8996469999999999	22.21916	0.0363708514104661	0.0229239338542035	0.1138291742	0.1110138925	0.0033800023	0.0526204432	0.0355134012	-0.038856554	0.0628279168	0.0817438981	-0.054949161	0.0451630117	0.0266674611	-0.210330969	0.0016172252	0.0552590972	0.0841672752	0.061190114	0.0189939583	0.0607171947	0.0869267769	-0.134621792	0.0873793936	-0.060033111	0.0041840662	0.1242315263	0.0392203719	-0.0246388071	-0.0453309873	0.0438861631	0.1400037775	-0.0651377436	0.1208079443	0.0880261006	-0.0899969587	-0.1426111228	0.0122273138	0.0300759581	0.0057452472	-0.0557147431	-0.0263467953	-0.0245392579	-0.0213378717	-0.0341684252	-0.0171220858	0.0062848284	0.0300458369	0.0755211112	-0.0156383799	0.2022620026	0.1424844568	0.1446039721	0.0790765758	0.0938869297	-0.0307650441	-0.0039827468	0.0607161601	-0.0094425148	-0.0300006074	0.2418212699	0.1097271025	-0.0250120122	-0.1023610014	-0.051382952	0.0751754991	-0.0068736854	0.0743069726	0.0830865351	-0.1130794682	-0.1283340616	0.0739527666	0.1098447379	-0.0046981566	-0.0264686789	-0.0366053292	0.0906546847	0.0212900387	0.1031440712	0.1531192749	-0.0231491296	-0.0303590849	-0.1264001503	-0.0558330221	-0.0701942027	-0.0285665586	0.013595364	-0.0234857357	-0.0468782058	0.0165392642	0.0510559781	-0.0411162928	-0.1522025527	-0.0614542489	-0.0416092222	-0.0374918582	-0.0553490251	0.1251516878	0.0154322351	0.0666912718	-0.197597658	-0.1367897689	0.1368518843	0.0819409008	0.1216972731	0.0761330376	0.0741130236	-0.0302045542	-0.1247125985	-0.1154713291	-0.117210761	-0.007223977	-0.0503123191	-0.0006105004	0.1036261179	-0.0658959241	0.048846271	0.0346299643	0.0457321874	0.0175821983	0.0431987661	0.1186681423	0.109210433	-0.0311771871	-0.0924743114	-0.0012951775	-0.0717238087	-0.0494042187	0.1266188352	-0.0912870929	0.0113243648386287	0.0018750779654225	3.5159173764133525e-06	0.0001282412389983	0.0211995753718525	0.0129789310729791	0.0004494219959468	0.0001684526517971	-0.1571515133231287	0.0182865149189694	0.0003343966278816	0.0246965981397495	-0.000904074010748	-8.364209410000914e-08	6.9959999054347816e-15	8.173498169099748e-07	0.0026199649745295	-2.6691036299989618e-08	7.124114187673634e-16	6.864216467761363e-06	0.0012001841831456	6.449621593149994e-05	4.159761869482666e-09	1.4404420734728712e-06
845.4888854657778	0.7290807379542912	0.5315587224559738	714851.4554461631	1071.587712014859	-2.257157385101891	5.094759461120007	1148300.2245412406	809.7918896638353	-0.4900126039523229	655762.9045653251	0.2401123520321361	825.3220323755253	700.7090540220483	0.974689	24.072515	0.0140681531914561	0.0086726724133883	0.1205307962	0.005091769	0.0724402784	0.1358084836	0.0699158916	0.0142763172	0.0013731655	-0.001411546	-0.1402478438	0.0367856029	0.0589661299	-0.1609534757	0.1034724666	-0.0402131356	-0.0655118607	0.0336539756	-0.0563788088	-0.0874763149	-0.0172047954	-0.0772622313	-0.063778075	0.1363908728	-0.0662921706	-0.0262751828	-0.0996784087	0.0252652781	0.032310509	-0.0166888297	-0.0054754989	0.0443197969	0.0086724765	-0.1972633243	-0.0545806968	0.1678104502	0.0344333858	-0.0737004035	-0.0429324091	0.0156934872	0.0550927246	0.0804173738	-0.064483093	0.0165035902	0.0661452437	0.0176451302	0.1026264757	-0.0054265023	0.0573265443	0.1557758286	-0.1407821191	0.0056384923	0.003750593	0.1800752725	0.1064835128	-0.0803384675	-0.1038541961	-0.1190729269	-0.00103762	0.2301963341	-0.0436863358	0.0015158821	-0.0037125972	-0.0111301478	0.141276765	0.0392959386	-0.125930029	0.0012025555	0.0407162471	-0.1433107316	-0.0420485839	0.105118111	0.0279498786	0.1916009712	0.0203706542	0.0222207319	-0.196270871	-0.0305066259	-0.1113400466	-0.0358438602	-0.0139639962	0.0499219863	0.0037237777	-0.0762380481	-0.0162904556	-0.0087747313	0.0337113911	0.1515011218	0.1086454141	0.0285842927	-0.0990398947	-0.0509254067	0.0615710035	0.0261504066	0.0904564543	-0.234733561	0.1518278079	-0.0709414674	0.1596543747	-0.0054162813	-0.0070361007	-0.0281831147	0.0727307316	0.17762453	-0.0257874521	0.0270222546	0.0302420903	-0.0503535798	-0.1520898897	-0.1449062204	-0.1139908628	-0.1503190537	-0.0363245109	0.0242420127	0.0909239679	0.1058575599	0.1454154766	-0.0819287239	-0.0058606079	0.0581267351	0.1131875328	0.2267729925	-0.1235023999	0.0192732296	0.0695819299	-0.0745091236	-0.0430942802	0.1242524367	-0.1003291122	0.0108240060711182	-0.0005003587675104	2.503588962246256e-07	0.0001171591074276	0.0138496689015852	-0.0073499064702672	0.0001918133286835	5.40211251216771e-05	-0.159136766431537	-0.0019852531084083	3.941229904444828e-06	0.0253245104302855	-0.0009041850427753	-1.1103202729998743e-07	1.2328111086345151e-14	8.17550591578571e-07	0.0026199254835086	-3.9491020900010027e-08	1.559540731725029e-15	6.864009539137771e-06	0.0012846863570028	8.450217385720009e-05	7.1406173865924715e-09	1.650419035869126e-06
848.2785325001573	2.789647034379527	7.7821305764224915	719576.4687006205	1076.9516181787517	5.36390616389258	28.77148933504481	1159824.7878978318	811.1927182492294	1.4008285853941516	658033.6261405736	1.96232072565738	826.2248365001988	716.1265028202894	1.036213	25.592018	0.0769330116107252	0.0393049431102556	0.0302014348	-0.0271309186	-0.0753458774	0.0599471407	0.0952526368	0.0272084239	-0.1392998214	0.0155750287	-0.0550306922	0.1117144549	-0.0213541776	-0.0809002534	0.05877781	0.1605713652	0.1316722606	0.1014681275	0.0077945104	-0.1165016321	-0.146248253	-0.1256898517	0.1435861898	-0.0632336741	-0.006626392	0.030326881	-0.1576643888	0.1242935215	-0.1436173997	-0.1580818658	-0.1748605269	0.2198278039	-0.0295081441	-0.0875736401	-0.0006106179	0.0267039921	-0.0049198636	-0.0792927082	-0.1090182558	-0.0189711317	-0.103199408	0.0102621488	-0.0536679205	-0.0194580188	-0.1041212387	0.2123517347	0.1219586638	-0.0829403343	-0.0227572214	-0.0383671984	0.0069778771	0.1249580709	-0.0029647397	0.1538797082	0.0132454438	-0.0351447848	-0.044915095	0.0632622686	-0.2409308547	-0.0866095786	-0.0014179648	0.0378714649	0.0917999829	-0.129714029	0.1479375877	0.1416680573	0.0926908287	0.0418211242	0.3151428215	0.0565463555	0.0693206806	0.0432434337	-0.0678147206	-0.0748363266	0.0548689518	-0.1686353028	-0.1360227019	-0.0567706774	0.0399442246	-0.0364998594	0.0785737106	-0.0451697865	0.1505947618	-0.0343836277	0.014308616	-0.0939233983	0.0479673764	-0.0180026378	0.007300991	-0.1153001312	-0.0442909483	-0.1379746534	0.1533611182	-0.0146329723	0.0408648052	-0.0732786288	-0.0976683018	0.0820203727	0.0859720242	-0.115265869	0.0295332128	-0.0615072026	0.1413013127	0.0539488959	-0.0264345438	-0.0936781211	-0.0920642729	0.0047313124	-0.073581018	-0.0739769092	-0.0480825941	-0.038973452	0.0147241869	-0.0505028819	-0.1849234956	0.0312252018	-0.022960013	0.0186485502	-0.1063318509	-0.1860567308	-0.1065035301	-0.0778778974	-0.1948842127	-0.1007637349	0.1342859136	-0.0772433738	-0.0366662233	0.1211199807	-0.1082719048	0.0206999084289236	0.0098759023578054	9.753344738090626e-05	0.0004284862089658	0.0247598080276105	0.0109101391260252	0.0006130480935641	0.0001190311357492	-0.1668375055229916	-0.0077007390914545	5.930138255465668e-05	0.0278347532491342	-0.0015231417214043	-0.000618956678629	3.831073700194433e-07	2.3199607034824544e-06	0.0026182682941962	-1.6571893123999183e-06	2.7462764171325138e-12	6.855328860393079e-06	0.0016329971097702	0.0003483107527673	1.213203804933928e-07	2.666679560517827e-06
844.7975451570616	-3.4809873430957623	12.117272882792896	713682.8923033974	1067.6566502741264	-9.29496790462531	86.39642834801462	1139890.7228745683	811.120624994012	-0.0720932552173962	657916.6682906767	0.0051974374478406	826.6522944523738	713.4682853037049	1.063058	26.255026	0.0305488250755127	0.0177700088301254	0.0438250136	0.036429679	-0.0451277217	0.12577103	-0.1388580513	0.0631127664	0.1483406689	0.0286553055	-0.012075874	0.1132780234	0.0362703431	-0.036757074	0.0789726827	-0.1456099942	0.1264580232	0.1429488121	0.050995449	-0.0153168292	0.0798351118	-0.0536990983	-0.0039486992	-0.0473969465	0.0044069392	0.1645242173	-0.0297923239	0.0002433735	-0.0873568365	-0.108775063	-0.0933665595	0.0781825918	-0.0095479957	0.06417951	-0.0106770786	0.0021417816	-0.1719581925	0.1334422763	0.027819592	0.0891578824	0.0935801172	0.0965999523	0.1490846397	-0.0825904266	0.0831894739	0.0461096558	0.1189008656	0.1774515348	0.0979946968	-0.0745614295	-0.0762489951	0.2159596903	0.0823228578	-0.3057200434	0.1037431203	0.0936273515	-0.0682398065	0.0518274102	0.159506277	-0.0339447435	0.0870682303	-0.0776039211	-0.0175762128	-0.01060321	0.0390323796	-0.0420448566	0.0712260273	-0.0181082183	0.0535598337	-0.0252397935	-0.0543497554	0.1056610867	-0.141013689	0.0354469237	-0.0124537221	0.0427206115	-0.0996537547	-0.068560347	-0.1156991784	0.0777646467	0.1970689773	0.0301440144	-0.0990551043	0.1434876809	0.0737207927	0.0292555247	-0.0082073191	-0.0751747542	-0.1158243991	0.0877851835	-0.1734712893	0.084171493	-0.0260067743	-0.1818600814	-0.0640283436	-0.0788670145	0.1061353497	-0.0245338822	-0.2154294024	0.1072243672	0.0321167275	0.1731473617	0.0446970821	0.135644421	0.0230440326	-0.1333546287	-0.0229586926	-0.0329743848	-0.0649369854	-0.1682434529	-0.0263556282	-0.0334239415	0.0293587141	0.0801622757	0.0259071736	0.0207989821	0.0778867764	0.0407171901	-0.1267600642	-0.0060650868	-0.1847296223	-0.0023045675	-0.0152098122	-0.1017176029	0.0742177974	-0.0799246852	-0.0301376669	0.1172407796	-0.1150284477	0.0166628443380432	-0.0040370640908804	1.6297886473875994e-05	0.0002776503814338	0.0242795825512303	-0.0004802254763801	0.000589498128862	2.3061650816459e-07	-0.1526308182860845	0.0142066872369071	0.0002018299622472	0.0232961666906797	-0.0012881414241401	0.0002350002972641	5.522513971426237e-08	1.659308328585685e-06	0.0026189547733375	6.864791413001628e-07	4.712536114402089e-13	6.858924104787276e-06	0.0016321869207488	-8.101890214000547e-07	6.564062503971782e-13	2.6640341442634497e-06
844.5594211017577	-0.2381240553038424	0.0567030657143473	713280.6157717361	1072.2842374303034	4.627587156177015	21.41456288801447	1149793.4858414873	810.2791835728774	-0.8414414211346184	656552.3553315287	0.7080236652010462	825.6630619114947	696.1948107939982	1.018148	25.145857	0.034524698698839	0.0179730968287585	0.1341169702	-0.0282062991	-0.0117442028	0.0006664751	0.0724499761	-0.0452098966	-0.0813392439	0.0232530757	-0.0315413856	0.0845199818	0.1651407535	-0.1411522638	0.2317295802	-0.0232971482	0.1161607629	0.0655311381	-0.0067031142	0.0192554015	-0.0687003574	0.0051048035	0.0991540146	-0.0343293749	0.0091904713	0.0470757645	0.0232687697	0.0365354287	-0.0058934948	0.0491458222	0.0340959204	-0.0835197145	0.1329779302	-0.02077836	0.0526714839	0.1092302522	-0.1256185914	0.0189944568	0.021320917	0.1437829036	0.0405498798	0.1115513001	0.0651543478	-0.0586948788	-0.1528004735	-0.0401469032	0.0480362855	-0.1264485845	0.0048101754	0.1518566426	0.0158717191	-0.0384915371	-0.128512559	0.0368712276	-0.1027514961	-0.0622528389	0.1141642222	-0.0681857559	-0.0926515885	0.0712469051	0.0348940255	0.0804945056	0.0149889091	-0.1098483915	0.0186354669	0.0196063092	-0.0394595195	0.0953397274	-0.0018873229	-0.0666321646	-0.0269899508	0.1469465094	-0.0325091557	-0.0511776503	0.0797262084	0.074579575	-0.1640050545	0.0237774314	-0.132430688	0.0620504984	-0.0815457521	0.0864712569	0.0481917112	-0.0136646465	0.0909511666	0.0278313388	-0.1028719966	-0.0800880593	-0.0804663076	0.0704510728	0.0780705474	-0.0849735992	-0.0943477727	0.0405627933	0.0345035719	0.0707585513	-0.0472271914	0.2031598622	0.0938250935	-0.0890980423	-0.2005882986	-0.0874889522	0.1211671213	0.1426466064	0.0042112922	-0.0894682398	0.042847613	0.0084066339	-0.0933094831	-0.0651298968	-0.0503730283	-0.0200505032	-0.030107275	-0.0321281269	-0.0819807276	0.1090667682	-0.0664761994	0.0796276396	0.0331114516	0.1028067967	-0.0444583568	-0.1064729892	-0.0999615007	-0.0128809397	-0.1446839496	-0.0825512202	-0.0235265052	0.1126387502	-0.1205247148	0.0262015490302616	0.0095387046922184	9.09868872053493e-05	0.0006865211715852	0.0214730143779604	-0.0028065681732698	0.000461090346476	7.876824911211529e-06	-0.1658164306778502	-0.0131856123917657	0.0001738603741458	0.0274950886827423	-0.0014666414318442	-0.0001785000077041	3.186225275036376e-08	2.1510370896020054e-06	0.0026183140255249	-6.407478126001405e-07	4.1055775935186483e-13	6.855568336260406e-06	0.0016329224340638	7.355133150000696e-07	5.409798365423916e-13	2.666435675668845e-06
845.430387642825	0.8709665410673324	0.7585827156587932	714752.5403498975	1067.030410829916	-5.253826600387356	27.60269394693776	1138553.8976358594	809.7826660199022	-0.4965175529752059	655747.9661863005	0.2465296804124864	824.3289628600276	707.6544643181539	0.966168	23.862061	0.0309834100238617	0.0211893739632908	0.05660037	-0.0331116333	0.0046624586	0.1254671502	-0.059198975	0.0220405014	0.0431387478	-0.0237232877	-0.1298626373	0.0383857006	0.0383380747	0.0852836566	-0.0027041568	0.1251351963	0.2059417652	0.0496548483	-0.0937939031	-0.0618498112	-0.0369167665	-0.0990972479	-0.0736838664	-0.1315095312	0.0470144175	-0.0132942658	-0.1013913553	0.0644484206	-0.1430034417	-0.0128990314	-0.0528118689	-0.1432413794	-0.0192496247	0.0303372911	0.0347831072	0.2259231133	0.0355309561	0.0303628888	0.165136496	-0.1357271103	0.1119939784	-0.0252781624	0.0871486156	0.066072331	-0.0427467185	-0.1379290226	-0.1557727595	0.0018498175	0.0387461602	0.1106529497	0.2431780223	-0.0775407785	0.0070246215	0.0353848914	-0.1526897172	-0.0785406966	-0.0713547043	0.0403381135	0.1359724902	-0.1651462182	-0.0852755948	0.009143323	0.0193866395	-0.0001062124	0.1508277711	-0.1055805249	0.1391949433	-0.0783506148	0.2205902038	0.1564893751	0.0948871266	-0.0218536773	-0.1569824327	0.0761407926	-0.064867679	-0.0025561502	0.1432890539	-0.0328522625	-0.0881346484	0.0584907909	-0.2224683055	0.0411892285	-0.032123765	0.1161464172	-0.0260865336	0.0637255607	-0.1100426569	0.0578782965	0.015203526	0.0780785429	0.0080989296	0.1259328957	-0.1853888964	-0.0361472498	-0.102881285	0.028214597	-0.2076801136	0.1276396258	-0.0445541266	-0.1008767875	-0.0401570035	0.0145245232	0.1429504391	0.0696353366	-0.0565860225	-0.0948833739	-0.0267330691	-0.0037484092	0.0192927616	-0.1268277285	-0.1669806092	0.0304734438	0.0422889851	-0.0464316342	0.1074221664	-0.0968020283	0.0737978399	0.0039829479	-0.0807406634	-0.0256036443	0.0212126085	-0.1012211118	0.0546054804	0.0770044816	0.0994957281	-0.0851211787	-0.016850859	0.1073422654	-0.124700488	0.0304444415181421	0.0042428924878805	1.800213666371279e-05	0.0009268640193515	0.0217873902959979	0.0003143759180374	0.0004746903759101	9.88322178419202e-08	-0.1488856318226865	0.0169307988551637	0.000286651949874	0.0221669313632405	-0.0016561423745534	-0.0001895009427091	3.591060728767549e-08	2.742807564791374e-06	0.0026181560220917	-1.5800343320000745e-07	2.4965084902989213e-14	6.854740956015034e-06	0.001633170343177	2.479091131999626e-07	6.145892840759186e-14	2.66724536983288e-06
845.1964857019808	-0.2339019408442482	0.0547101179307061	714357.0994429786	1063.6228355945889	-3.4075752353271582	11.611568984414935	1131293.536398274	809.5199254549877	-0.2627405649144521	655322.5097086489	0.0690326044515654	824.6493802951431	707.3885454555066	1.06357	26.26766	0.0502646988318322	0.0264265796932334	0.0806752226	0.0487492305	0.1452566202	-0.0005709222	-0.0090050962	0.0549479295	0.1214650995	-0.0981564084	0.0555586042	-0.0611157487	0.0166747315	-0.1229567064	0.0265945198	-0.0318605892	-0.070165899	0.0308102589	-0.0961696019	-0.1201445002	0.1416726588	-0.0835891427	0.0234236189	0.0188193594	-0.1160627241	-0.0127272339	0.0294008146	0.0880349248	-0.0162456955	-0.0656471769	-0.0422337746	0.0086920649	0.0039319755	0.1464243933	-0.0934326635	0.0209885692	0.008083079	-0.2428779747	-0.0188031435	-0.0807073096	0.0760729593	-0.0450700298	-0.0494239319	-0.004012476	0.1181207565	-0.1060799895	-0.1128401	-0.1217906937	-0.0301947242	-0.012836381	0.0437170137	-0.0712040799	-0.1040573034	-0.0239541599	0.2132364405	-0.0547076813	0.1555142853	-0.0231359773	0.1006467985	-0.0742656876	-0.12518156	-0.1235169303	-0.1048715478	0.0519842678	0.0852862372	0.150680356	0.1193396962	0.0714103424	-0.0376338341	-0.0067911416	0.1530225866	0.0462021724	-0.0781673071	0.1005978723	-0.1376911913	0.0960461739	0.088587721	-0.1345800656	-0.0293992742	-0.0582058337	0.0496410535	0.0287256256	0.1346043713	0.0188896842	0.0791514647	-0.059413625	-0.0409474543	-0.0124050465	0.1367341454	0.0082966493	0.0955581403	0.102783328	-0.0467904737	0.0703563219	-0.0144782424	0.0092229606	0.0835099429	-0.0801279235	0.0957945656	0.074562786	-0.0884438044	0.1114401195	-0.0266983344	0.1339790366	0.0406779927	-0.0211928179	0.1136023747	0.0598968371	-0.2006967338	0.0641998151	0.0631832499	0.0244495485	0.0773720087	0.1752429622	-0.1238081743	0.0152041032	-0.2310649009	-0.0678568256	0.1640770851	0.0911426279	-0.0674338754	-0.1131555255	-0.0070093514	0.0360662292	-0.0794494347	-0.0876327994	-0.0101290257	0.1013839798	-0.1275100165	0.0307670366834855	0.0003225951653433	1.0406764070293375e-07	0.0009466105462829	0.0218413270945063	5.393679850839925e-05	0.0004770435692492	2.9091782333356594e-09	-0.1698520343804119	-0.0209664025577254	0.0004395900362125	0.0288497135831646	-0.001881157745171	-0.0002250153706176	5.0631917014175913e-08	3.538754462216841e-06	0.0028485886002909	0.0002304325781991	5.30991730955304e-08	8.114457013707269e-06	0.0015101830057887	-0.0001229873373883	1.512588515786353e-08	2.280652710972993e-06
846.9342545933682	1.737768891387418	3.019840719873856	717297.6316036242	1073.004644243549	9.381808648960032	88.01833352570125	1151338.966568225	810.517094719719	0.9971692647312692	656937.960832894	0.9943465425247002	825.0946066241062	708.4351100946694	1.093486	27.006536	0.095608892262027	0.0472663039443813	0.0287427096	-0.0798473678	-0.0888810087	-0.0990983389	0.0650840615	-0.066415548	-0.172025952	0.0395021254	0.0401680407	-0.0212452431	0.1715190151	0.0737721677	0.0778660511	0.2330534022	-0.0310351827	0.1806740118	-0.0056215092	0.0121563635	-0.1257521561	-0.0080210072	-0.0470883185	-0.0443282586	-0.2640801058	0.1237103069	-0.0713535756	-0.01816058	-0.0225687819	-0.0132210327	0.0311365003	0.0479905874	0.0059569047	-0.0695048536	0.1694553185	0.0816290334	0.0239451021	-0.0458000008	0.0871191649	0.0173303783	0.0325072746	-0.0067222506	-0.0416610239	-0.0215060294	0.0556276574	0.1441645494	0.0843205682	-0.00957668	-0.0731196252	-0.1507802749	0.0357842601	-0.043322232	0.1823430875	0.0784140118	-0.1091478587	-0.03882128	0.0666418904	0.1340413118	0.020460275	-0.0576534197	-0.0395869529	0.1268095353	0.1168445753	-0.0147239361	-0.0111690989	0.0872476999	-0.0452943996	-0.0350578479	0.2371190263	-0.2622397341	-0.0778426234	0.0098326326	-0.0531114075	-0.0081196208	-0.007740224	-0.0987619099	-0.0166432378	0.0049831964	-0.0641476037	0.0307558178	-0.1517936179	0.0936887591	0.0419732744	0.1021711459	-0.1195529803	-0.0608636636	0.0426196217	-0.0677559559	-0.0550296115	0.0104509876	-0.0361439348	-0.0647614675	0.0606446796	0.0032488751	-0.0646120654	0.133614733	-0.0738832614	-0.1315243607	0.1394034321	-0.0618544	-0.0597405089	-0.07081094	0.1109729394	0.0182754232	-0.0418464333	-0.1848975401	-0.0603834845	0.0328178695	-0.1303915907	-0.0317493728	-0.0491480748	0.1347183322	-0.1037195541	-0.0601904019	-0.0834758002	-0.0239854255	0.0360235905	-0.175712952	0.009603457	0.0462582982	-0.1060592562	-0.0538433702	0.083222248	0.1000329624	0.0322263094	-0.090084361	-0.0033794295	0.0948006283	-0.1289225186	0.046242478111381	0.0154754414278955	0.0002394892873882	0.0021383667818815	0.0095922664133922	-0.0122490606811141	9.201157494549204e-05	0.0001500394875696	-0.1989736533440194	-0.0291216189636074	0.0008480686910615	0.039590514725066	-0.0018771885771335	3.9691680375000815e-06	1.575429490991225e-11	3.5238369541204943e-06	0.0026170833848579	-0.0002315052154329	5.35946647726797e-08	6.849125443299283e-06	0.0020499640461064	0.0005397810403176	2.913635714864584e-07	4.202352590328922e-06
845.2650643173357	-1.6691902760325092	2.7861961776014845	714473.0289553896	1068.9434333263096	-4.06121091723935	16.493434114304083	1142640.0636514383	809.8549190058772	-0.6621757138418616	655864.9898380159	0.4384766760019789	825.3495057014693	709.8329256310883	0.988788	24.420723	0.1102884382195122	0.0617064465745708	0.0539015431	-0.0535253319	-0.0698185619	0.084300549	-0.127718724	0.0245300961	0.0272327287	-0.0086261895	-0.0711602824	0.1597953996	0.0973614619	0.0477821803	-0.0508732934	-0.1714845297	-0.0146828144	0.1834174607	-0.0246555126	-0.0023196049	-0.0572611809	-0.1291305747	0.0274373683	-0.1106907717	0.0885767996	0.100281399	0.028456257	-0.043106438	-0.1921082516	0.1104326109	0.027784189	-0.0611672898	-0.0107354719	0.094742852	0.0694677775	-0.0017610415	-0.0433975262	-0.020937288	0.2203799206	-0.2374304759	0.0451533177	0.0891278078	-0.1425129994	-0.0841443417	-0.1200711833	-0.0711194207	-0.0789551889	-0.0941997659	0.024868062	-0.0063285398	-0.0695231632	0.0019113072	0.0458871126	-0.0318421235	0.0613309926	0.0811245929	-0.0712704641	0.0733647137	-0.0868836252	-0.0105616096	-0.0049099604	0.0139215694	0.0218001805	-0.0725224886	0.0623022914	-0.1160643456	0.1830799881	-0.0712212854	-0.0451356422	0.0250855701	-0.0843959229	0.120529008	-0.1469052724	0.0979313214	-0.0439841711	-0.0138855288	0.1019007662	0.0080302061	0.1424758206	0.1303425339	-0.0147101759	-0.0993767303	0.150467632	0.1230238624	0.0229849387	0.108032026	-0.1241641741	-0.0138668004	0.1133020441	-0.0423844907	-0.0135188408	-0.0308508557	-0.1564492559	0.1897606635	-0.011496786	-0.0524032421	0.0342619995	-0.0321340284	-0.0195332271	0.0797891392	0.1382580959	0.0747070871	0.1244532014	-0.010205089	-0.0173809367	-0.1739345957	0.0924846352	-0.0024195954	0.0421748665	-0.0499260486	0.0308508348	0.0494941429	0.0677187523	0.1511269292	-0.0545508542	-0.003418025	-0.0286211331	0.0278894362	0.0367772867	0.0503640375	-0.1657377693	-0.1287138666	0.0854617713	0.0747041579	-0.0239710825	-0.0924741833	0.0033794295	0.0876327994	-0.1289225186	0.0456610350958754	-0.0005814430155055	3.380759802802428e-07	0.0020849301260267	0.0220385720209748	0.0124463056075826	0.0004856986567236	0.0001549105232773	-0.1456549617098304	0.053318691634189	0.0028428828775817	0.0212153678706921	-0.0020888526977538	-0.0002116641206203	4.4801699957964935e-08	4.363305592913329e-06	0.0028692971531945	0.0002522137683365	6.361178493854808e-08	8.23286615333006e-06	0.0016350019758186	-0.0004149620702877	1.7219351977753706e-07	2.673231460930726e-06
848.289898530084	3.02483421274826	9.149622014612389	719595.7519481801	1067.540902102142	-1.4025312241676602	1.9670938347652356	1139643.577661055	812.1023315344145	2.2474125285373248	659510.196883632	5.050863073426531	826.2236264247285	705.5091246556045	1.01045	24.955734	0.0774078357566851	0.0459340070356033	0.0346881431	-0.0814924795	0.1548085187	0.0443739025	0.0411760325	0.099465187	-0.0295988162	-0.1454734035	-0.067999144	0.059226141	0.0808668642	-0.0931016222	-0.0118161801	-0.0167561044	-0.0406779735	-0.0016726269	0.0470943524	-0.1376511513	-0.0099518879	0.1231305706	-0.1787648744	0.243975086	0.0242605186	-0.0243885915	-0.0135197649	-0.1039693616	-0.0169758968	0.1539357906	0.0034002945	-0.0244219312	0.1028487831	-0.0322647263	0.2043707584	0.0443607711	-0.1330445535	-0.0335556551	0.0052953997	-0.0568216431	-0.0265008859	-0.0581762336	0.0094344332	0.0466525426	0.0988631104	-0.1290368468	0.1574969476	-0.0387468287	0.063109695	-0.04909178	-0.135089485	0.0410634462	0.1270650481	-0.0609424231	0.0043067166	-0.1127043871	0.0492278214	-0.0323937897	-0.0984090991	-0.1662799939	-0.0973909255	-0.0889197214	0.1101686634	0.0804398623	-0.033826548	-0.0066104368	-0.1984498502	-0.1119757887	-0.0829740264	0.0361404354	0.060404404	-0.0450880465	-0.1145455942	-0.0382827726	0.1476999844	0.0857182959	-0.0692746486	0.1677661585	-0.0017813855	-0.0696772146	0.0445892146	0.1154477888	0.1047110805	0.166467833	0.0717738931	0.1250123511	0.0178326242	0.2074208986	0.0676193012	0.0439591305	0.0987926312	0.0322265196	0.0177245031	-0.0935010442	0.1334201911	-0.060923748	-0.0001630898	-0.1405817665	0.0648299576	0.0637795046	-0.0330244956	-0.0781299701	0.0056234982	0.0657228049	-0.1055251673	-0.1016563601	0.2289292686	0.0226408059	-0.0533801897	0.0460661116	0.0001296076	0.0603986454	0.0544089797	-0.0902989813	-0.0480730716	0.0707818324	-0.1082731317	-0.1678446718	0.0186128809	0.0048632221	-0.0221328768	-0.0058962747	0.1138144748	-0.0273708988	0.0387066034	-0.0948006283	0.0101290257	0.0799246852	-0.1275100165	0.040443034878919	-0.0052180002169563	2.722752626415701e-05	0.0016356390702174	0.0023596893436774	-0.0196788826772974	5.568133798664678e-06	0.0003872584234268	-0.1854927511749267	-0.0398377894650963	0.0015870494694653	0.0344075607384432	-0.0020881450164017	7.076813521001389e-07	5.008128961102808e-13	4.360349609523256e-06	0.0026173047296829	-0.0002519924235115	6.35001815072495e-08	6.850284048020479e-06	0.0016342388127356	-7.631630829999913e-07	5.824178912540516e-13	2.670736497051464e-06
852.7447861909434	4.454887660859413	19.84602407087745	727173.6703758377	1074.7686039461637	7.227701844021794	52.239673946076046	1155127.5520283857	811.9981510667594	-0.1041804676550555	659340.9973358358	0.010853569840826	826.572553729462	745.7232348257859	1.077081	26.601372	0.0409644799363652	0.0289347511535874	-0.1623561974	0.0386404351	0.1147161254	-0.0365436692	0.1117688382	0.1924273177	-0.0808746858	0.0298480074	-0.0465818994	-0.1149723423	-0.1489238217	0.08225552	-0.0740281183	-0.0072169709	-0.1130606456	0.0517579184	0.1004991895	-0.0862593548	-0.0077064224	-0.1078843478	-0.0655076628	-0.040970372	0.0085681584	-0.0725037628	0.0238213191	-0.0458208395	0.1290090525	-0.1460789546	0.0911107009	0.0877950942	-0.1153388749	0.1415669681	0.0505657556	0.0513176521	0.059661214	0.0534390539	0.0013016126	-0.0009228806	-0.2212955377	0.1220996906	0.0219233929	-0.1292086341	-0.0816320084	-0.0918723348	0.1156520819	-0.1025529016	-0.1118539822	0.0849472528	0.0304730918	-0.0832668755	0.0134687897	-0.2563452641	-0.0028909815	0.0283318331	0.0146411634	-0.0155398769	0.066058913	0.0392463168	0.0268527952	-0.0233728572	0.0937255827	0.1881647946	0.1137086199	0.0171051072	-0.021760066	0.0843296912	-0.0335786857	-0.005628157	-0.0447553653	-0.065422788	0.0461947294	-0.0783828028	-0.1677384005	-0.0762623099	0.0266996676	-0.0794924967	0.1091400763	-0.061610397	-0.0959524408	0.0253414438	0.1333518092	0.0433307769	0.09326356	0.0712020539	-0.0740973812	-0.1348504117	-0.0624537014	0.0458217425	0.2381472007	0.1091391052	-0.0614502454	-0.0938258993	-0.0743614786	-0.0763459825	0.0540094537	0.0176869265	-0.2093857367	-0.130863028	0.063786998	0.0035226079	-0.014587088	-0.0665522419	-0.2098902673	-0.047432378	0.0626451144	0.1569650581	-0.025090122	0.0254511261	0.0571444072	-0.1280388246	0.2058452051	0.0780659351	0.0012528899	-0.0485631307	0.0631477954	-0.0851413973	0.0923192818	0.0561554949	0.0059095399	0.0023901336	0.1221236997	-0.0002364611	0.0021183733	-0.0970621018	0.016850859	0.0717238087	-0.124700488	0.0367453403583226	-0.0036976945205964	1.3672944767648646e-05	0.0013502200380489	0.0026650039005176	0.0003053145568402	7.1022457897740224e-06	9.321697861852795e-08	-0.1696011535918131	0.0158915975831135	0.0002525428737436	0.0287645512996737	-0.0025076487082167	-0.000419503691815	1.7598334744641464e-07	6.2883020438208845e-06	0.0026169600636447	-3.4466603820006506e-07	1.187946778885287e-13	6.848479974711272e-06	0.0016357879203987	1.5491076631000012e-06	2.399734551875147e-12	2.675802120522304e-06
848.0986868265023	-4.646099364441056	21.58623930425959	719271.3825968377	1068.5754946000347	-6.193109346128949	38.35460337310974	1141853.587659709	811.3315191235506	-0.666631943208813	658258.8339233283	0.4443981477063581	827.1199087545174	744.1016256455209	1.098491	27.130135	0.0489261925085522	0.0310421299457873	-0.0986074886	0.1999766568	0.0636407372	-0.0349187912	-0.1493603254	0.0993067128	0.1838303196	0.154588573	-0.0268821545	-0.0720665406	0.1562304102	0.1225437586	-0.0892656864	-0.0476796021	-0.0906803521	-0.1127659526	0.0900933131	-0.0046669482	0.1641447559	0.0397089983	-0.0786862478	0.184199167	0.0173400717	-0.0304037437	0.0171391998	-0.0092849549	-0.0235775119	0.1632243076	0.1566800029	0.3228290339	-0.0007432574	0.0643308938	-0.0145017355	-0.1309446806	0.0737036224	0.0078227973	-0.1069300768	-0.1099327066	-0.0535881553	-0.1929826613	-0.0381800394	0.1421971086	-0.0929112353	0.0068587422	-0.0387222049	-0.0160416546	-0.0019293257	0.0590902778	0.077757759	-0.2156596476	-0.0867500905	0.0022912805	0.0283487383	-0.0229440674	-0.0188355386	-0.0208725186	-0.0959141754	-0.0750674849	0.1107492656	-0.1517626591	-0.1049005586	0.0931350584	0.0079863105	0.00710448	-0.1350657504	-0.1784205126	-0.0711347946	-0.0072128922	0.1366899518	0.0728075941	0.0462427864	0.0569394975	0.1308041381	-0.1234021068	0.2611610576	0.0580019669	0.1323230915	-0.220811836	0.1311794923	0.0149803352	-0.0279916586	-0.0423947962	-0.0301850142	-0.0325738859	-0.0657526071	0.0047582508	-0.0246579873	-0.1621057035	0.1200163055	0.029255583	0.0426785248	0.0379598687	-0.1720673014	0.0032559964	-0.1452135489	-0.0121668096	-0.0080666646	-0.0078007225	-0.0845235407	0.0506303619	-0.1599543724	0.1066540536	-0.1058669697	-0.0650250231	0.0152435539	0.1377866943	0.1893500558	-0.0735058908	0.1041151923	0.131705583	0.0133182217	-0.0971572431	-0.0338783372	-0.028957078	-0.0739436432	-0.017469969	0.1272522768	-0.0233320801	0.0295429016	0.0374136282	0.0582011686	-0.1081206014	-0.023670313	-0.0992570537	0.0235265052	0.063080731	-0.1205247148	0.0357695875361088	-0.0009757528222138	9.520935700581964e-07	0.0012794633925033	0.0026738192502619	8.815349744300052e-06	7.14930938307111e-06	7.7710391114331e-11	-0.163658755340279	0.0059423982515341	3.53120969798357e-05	0.0267841881995292	-0.0021840710286135	0.0003235776796031	1.0470251473739109e-07	4.770166258028833e-06	0.0031332253343945	0.0005162652707497	2.6652982978236416e-07	9.817100996091525e-06	0.0016359294917469	1.4157134820003137e-07	2.0042446631174524e-14	2.676265301967271e-06
844.0647580846347	-4.033928741867612	16.272581094465618	712445.3158404729	1069.2307598066527	0.6552652066179689	0.4293724910040895	1143254.4177167118	809.0079266575557	-2.3235924659949205	654493.825394757	5.399081948028356	824.5743039469018	708.5981770890145	1.061146	26.207796	0.0693620569273407	0.0484743836956846	0.0865962592	0.0975522973	0.1426257447	-0.1233372461	-0.0561297449	-0.1021312182	0.0858787053	0.0718636986	-0.1022950816	-0.1343329902	-0.0889843818	0.046933784	-0.0267166458	0.0081087074	-0.1017949839	-0.0633846491	-0.0772029296	0.0419684778	0.0920398953	-0.0595873908	-0.1160716633	0.1205548466	-0.0131509111	0.0649064982	-0.0473035739	-0.1108777483	0.0487522237	-0.0564836404	-0.0341128591	0.0133082023	-0.011144775	0.157135886	-0.1056508392	0.0027033406	0.0593930152	-0.1157538835	0.0931526618	-0.1358173474	0.0578438973	-0.0002953954	0.0398476581	0.0513842444	-0.0904955138	-0.1218746158	-0.1070162524	-0.0952834663	-0.0788813716	-0.2279059744	-0.2099908147	-0.0910017865	0.0691701761	0.0158335987	0.0014364155	-0.0051245133	-0.0677933068	-0.1024727303	-0.0044552846	0.0314523414	0.0029386768	0.0381007649	-0.1403074587	0.0984262634	0.0626105249	-0.0559686553	-0.1463084752	-0.0510346987	-0.051254766	-0.1079018909	-0.0046735268	-0.0621324945	-0.06784714	0.1039566008	-0.1668976127	-0.0158551276	0.0878145074	-0.069934214	0.0605711983	0.0085801655	0.0728105074	-0.0247590983	0.0206053227	0.0738012725	-0.007811758	-0.0020917955	0.0127330682	-0.0315630703	0.0001063012	0.0107515529	0.0416921708	0.0016541873	-0.0908629	0.0931246653	0.2439842206	0.2408290614	-0.0399437957	-0.1102515039	0.0042199511	0.1004028378	-0.0879406213	0.0605527902	0.0161704491	0.0153550654	-0.0668533437	-0.017874714	0.1669230829	0.2584303155	0.157405482	0.0771191534	0.0395528096	-0.0850226462	-0.0303913488	-0.1088357321	0.0838275102	-0.0741774965	0.1023842674	0.0112303735	0.0904802157	0.1055301043	0.044314507	-0.0173134155	-0.00262057	0.0167817194	0.066353466	-0.1013839798	0.0301376669	0.0540487397	-0.1150284477	0.0414100706729243	0.0056404831368154	3.18150500167e-05	0.0017147939531365	0.0024531982906808	-0.0002206209595811	6.018181853399199e-06	4.867360780648549e-08	-0.1211374274634948	0.0425213278767841	0.0018080633244049	0.0146742763324734	-0.0022167532514684	-3.268222285489992e-05	1.0681276907373428e-09	4.913994977895724e-06	0.0027471933056606	-0.0003860320287338	1.4902072720841053e-07	7.547071058666414e-06	0.0016350512442525	-8.782474944001376e-07	7.713186614201198e-13	2.673392571331648e-06
846.4044334253946	2.339675340759868	5.474080700159805	716400.4649221632	1063.7553006247367	-5.475459181915994	29.98065325282817	1131575.339607224	808.5649639469138	-0.4429627106418365	653777.3009224741	0.1962159630191634	823.4493402933214	706.6617426678009	1.047557	25.872192	0.0671366681304815	0.0576122543505945	0.0528413354	-0.0547449633	0.0285320483	-0.120903738	0.0762860459	-0.0608186204	0.0185150615	-0.0402614057	0.1170598434	-0.1732614182	0.1066712271	-0.0266044185	-0.1285169602	0.0743539945	-0.1641757562	-0.0423650693	-0.1741676679	-0.0171820478	0.0411100395	0.1389289696	0.1595086572	0.0383272518	-0.1044658272	-0.0578389055	-0.0022646881	0.046169142	-0.1370474592	0.0955168021	0.0556720779	0.0143388639	-0.064232803	-0.0095872276	-0.1429942682	-0.0207397303	-0.0051425907	0.0677001805	0.0029508758	0.2458646939	-0.1314737544	-0.0453457407	-0.0183947104	-0.0005532502	0.0134462405	-0.157716021	-0.0197869583	0.0811049595	-0.0388324144	-0.0166400723	0.0927061524	-0.047572731	0.116315274	0.0371474506	-0.2156378758	0.1024233839	0.0518076973	0.0251200628	-0.0821062326	0.09603442	-0.1573321887	0.032035982	-0.1040508583	-0.0121642871	-0.0913212848	0.2505688781	-0.0657787357	-0.0801189631	0.0078136505	0.0123706396	-0.0643116598	0.0396798692	0.1566823225	-0.0819615824	0.1312222408	0.0430365427	0.0645176427	-0.0993068403	0.1169447133	0.164424561	0.0074853598	0.0146692665	-0.0718516858	-0.2022099964	-0.0129280288	-0.0539152986	-0.1134135665	0.0245720124	0.011825736	-0.070083481	-0.0382107957	0.1242946827	-0.0149282679	-0.066017503	0.1167086676	0.0969252796	-0.0248964095	-0.005488116	-0.0501551761	-0.1675404684	-0.0365580305	-0.0421616339	-0.0742818282	0.089900047	0.0446578971	-0.0956904704	0.0263775428	0.0772891687	-0.011566637	0.1736636126	-0.051624892	0.0267548784	-0.0480680135	-0.211647337	0.0128700256	0.1550755176	-0.1452567528	0.0524930437	0.0902475032	-0.0378355204	0.1512547049	-0.0683253505	0.0113253656	-0.0028606326	-0.1924497223	-0.1034414224	0.0366662233	0.0446835199	-0.1082719048	0.040521570224584	-0.0008885004483403	7.894330467009191e-07	0.0016419976534658	0.0024715777025221	1.8379411841300004e-05	6.1086963396044215e-06	3.3780277963211875e-10	-0.1780730591328847	-0.0569356316693899	0.0032416661535924	0.0317100143889438	-0.0021839338260807	3.281942538770023e-05	1.0771146827788223e-09	4.769566956699484e-06	0.0027340706752885	-1.3122630372099963e-05	1.7220342788276046e-10	7.475142457472514e-06	0.0017749923205109	0.0001399410762583	1.9583504824359317e-08	3.1505977378726694e-06
849.3120086033891	2.907575177994545	8.45399341569001	721330.8879579233	1072.416495548739	8.661194924002302	75.01629751156325	1150077.139925039	811.0272514487616	2.4622875018477544	657765.2025925327	6.062859741755655	826.2616816849561	724.8649224370287	1.060209	26.184652	0.0633453955302504	0.0277747035927225	-0.0537927603	-0.0931597117	-0.1341137028	-0.0474820145	0.0092992296	-0.0365575659	-0.1123415252	0.0335080963	0.0029672204	0.0826605988	-0.0094093298	0.1206265117	-0.0243288931	0.134949696	-0.0754911014	0.1810633229	0.015305797	-0.033181083	-0.1773772937	0.0135557681	0.0138310384	-0.0384128928	0.0646413086	-0.0296871681	0.0162417428	-0.0385690166	0.0039040066	0.0113405179	0.2283734903	-0.0970225121	-0.1082035104	-0.0892446579	-0.1330199035	-0.10623914	0.0343372884	0.0272538223	0.1470889072	0.0775334662	0.0911243444	-0.1909046184	-0.0396887016	-0.1323314286	0.067238423	-0.0347885538	-0.1397732992	-0.0115973699	0.1429738435	-0.1886086032	0.0593260622	0.0099869815	-0.1518301768	0.0188831252	-0.006974207	-0.0807086642	-0.0872199465	-0.0842867448	0.1683903608	-0.0337441798	-0.0029201412	0.0983416901	0.129807294	-0.0923027862	0.0149443799	-0.0133566277	-0.0173135837	-0.0185453463	0.0320300778	0.0134638054	-0.2468180808	-0.1007392374	0.0767142831	-0.1232885385	-0.0390040761	0.0011816612	0.083470541	0.1445933218	0.0903449001	0.078016194	0.062776672	0.0508162297	-0.0316863194	-0.024671833	-0.1737542879	-0.1403763318	0.0193627869	-0.0432095436	0.237466736	0.3010630506	0.0107810552	0.0011027324	0.0148091606	0.0453519202	-0.0203873026	0.1004691705	-0.0486945979	0.1108890382	-0.0361302448	0.1112899494	0.0168064829	-0.0824107597	0.0412365234	-0.0710735626	-0.0102458057	-0.1420800773	-0.0404314262	-0.013423052	0.1440531591	0.061530033	0.0290286012	0.009554779	0.0772355812	-0.0725164576	0.0605038819	-0.1342135825	0.1080586005	-0.0735078569	-0.1070398066	-0.0166169634	-0.0966146668	-0.0202808297	-0.0060928101	-0.034270787	0.0951926287	-0.1054279714	0.0430942802	0.0350428114	-0.1003291122	0.0540101248138	0.013488554589216	0.0001819411049062	0.0029170935824022	0.0114620994913252	0.008990521788803	0.000131379724749	8.082948203494327e-05	-0.199683125183391	-0.0216100660505063	0.0004669949547072	0.0398733504830058	-0.0023121469362884	-0.0001282131102077	1.643860162913183e-08	5.3460234549878334e-06	0.002617119142956	-0.0001169515323324	1.367766091491975e-08	6.8493126084267485e-06	0.0016350319010166	-0.0001399604194942	1.958891902502041e-08	2.6733293173419568e-06
845.9657101961021	-3.346298407287009	11.19771303061157	715657.9828275954	1070.5347248884652	-1.8817706602737871	3.541060817867245	1146044.597192022	809.657868265688	-1.3693831830736372	655545.8636445381	1.8752103020848865	825.287940432051	730.6891582729626	1.056208	26.085842	0.0492711187365761	0.0290970909533342	-0.0409859602	0.040132893	-0.1739784638	0.0127506767	-0.2315533996	-0.0901985277	0.1587808865	0.0099121806	0.2040157922	0.0944065223	-0.1719223365	0.0861031416	-0.1409923228	0.0039813414	0.1535717391	0.1040681737	0.023322336	0.1475719928	0.0772012088	0.0299011882	0.0609231172	0.0400595641	0.05174188	0.0018103801	-0.1270602143	0.235474537	0.0272092557	0.0673131067	0.0193469861	-0.0877490438	0.1128518345	-0.0538888486	-0.1005892385	-0.0601961842	-0.1412463715	-0.0876098905	-0.0570509636	0.0999691859	0.2130194067	0.0296095532	0.0077288587	-0.0179815597	0.00543229	0.1544054072	-0.1097194905	0.0989857523	0.0571131601	-0.045768608	0.0813799734	-0.1243855877	-0.01444395	-0.0203812875	0.1606398903	0.148871931	0.087653258	-0.0686233152	-0.0151950657	-0.1550098396	0.0923481352	-0.0690068041	-0.1372888694	-0.0513018987	-0.1433505974	-0.0506770934	0.1213197286	-0.041987999	0.0731588059	0.074128828	0.183520466	-0.0153090204	0.0709614006	0.1207528612	0.0513310874	0.0778567393	-0.0975742056	0.1759548296	0.0095466797	0.0917299441	0.1166184445	0.0428896718	-0.1423877535	-0.0219359997	-0.0070493749	-0.153973953	-0.0415395418	-0.1114749545	-0.0173996889	-0.0586168497	-0.0303612458	0.1260360577	-0.0662411872	0.0980646654	-0.0508524847	0.0951301876	-0.0679466623	-0.0711151064	0.1668799577	0.0196551079	0.3168617396	0.1329911752	-0.0900049545	-0.015238731	0.1027970093	-0.1739139775	-0.0855166318	0.0093381301	0.1900947251	0.0223788448	0.0845138507	0.0386717427	0.0578841967	0.038800996	0.0514205149	-0.1088333554	-0.0596376567	0.1002283979	-0.0136736012	-0.0679991695	0.1666453942	0.0597902558	0.0471953458	0.0480824755	-0.1138028389	-0.1073422654	0.0494042187	0.0251860523	-0.0912870929	0.0544987500494329	0.0004886252356329	2.3875462089730856e-07	0.0029701137569505	0.0209980889902823	0.0095359894989571	0.0004409197412438	9.093509572422008e-05	-0.1767186056724199	0.0229645195109711	0.0005273691563697	0.0312294655908042	-0.0023159114977631	-3.764561474700352e-06	1.4171923096798084e-11	5.363446065471326e-06	0.0029381171859002	0.0003209980429441	1.0303974357400629e-07	8.632532598082109e-06	0.001635908986418	8.770854013999668e-07	7.692788013489408e-13	2.676198211843168e-06
843.9302903366339	-2.03541985946822	4.142934004317629	712218.3349476752	1063.3467793444877	-7.187945543977548	51.66656114318669	1130706.3731422946	809.2016773290708	-0.4561909366171903	654807.3545921816	0.2081101706516693	824.5636362008934	698.8687139653972	1.109051	27.390947	0.0868106675504491	0.0646766218966467	0.1023337431	-0.0990569007	-0.0634596184	-0.0030569774	-0.0615611344	-0.2014414372	0.025692615	-0.0809763468	-0.0377635561	0.1765746899	0.0068853232	0.0975487947	0.0647129931	-0.0077048191	-0.0693917452	-0.0496670814	-0.066728912	0.1227097524	-0.089897544	0.13155681	0.0132200083	-0.0188180111	0.1050147907	0.0292487834	-0.0069781579	-0.0070071658	0.011632536	-0.0357034944	0.00699507	0.1025924568	-0.0101474072	-0.117924613	0.1496891585	-0.1776371588	-0.150477176	0.05511027	-0.0970045306	0.0547918825	-0.1297692017	0.0873664459	-0.0600263154	-0.0334594541	-0.0858521087	-0.0012678326	0.0232884071	-0.0921464643	0.12019205	0.0192139681	0.0294031517	-0.170132178	-0.0279285036	0.0761438736	-0.0343138873	0.1552508187	0.1387529189	0.0245778307	0.1831823896	0.0296997602	-0.0230092013	0.1112243049	-0.0067001502	-0.1496389038	-0.106680947	-0.1781950711	-0.0991166469	0.0714233809	-0.0126770625	-0.0351111589	-0.1274413924	0.0039204371	0.0686032164	-0.1671544068	0.067705703	0.0104793344	-0.2053836381	-0.017306323	-0.0518321331	-0.170405944	0.1514966059	-0.108207839	0.0622821083	0.0096449247	0.1546564926	0.0940099037	-0.0660137392	-0.033934275	-0.0427193018	-0.0838800026	0.112769257	-0.0030773361	-0.0080317568	0.0052635902	0.0052241096	0.0616262831	-0.0441370264	0.0681609946	0.0462205068	-0.0118110743	0.1503323962	-0.1108031675	0.0701014673	-0.063542162	0.0811002722	-0.0258395119	0.0804302597	-0.0549577798	0.2048847888	0.0443236609	0.0007969933	0.024204564	0.047738072	-0.0374860998	0.0135399032	-0.0888242992	-0.0581098489	0.0405977567	0.0611852285	-0.0333544882	-0.1346984387	0.1404189818	0.0389129137	-0.0628891635	-0.1603068688	-0.1091829923	0.0555787436	0.0151740128	-0.0812449131	0.0540057379521101	-0.0004930120973228	2.430609281066296e-07	0.0029166197317519	0.0281282863148959	0.0071301973246136	0.0007912004910127	5.083971388792696e-05	-0.2397991145846276	-0.0630805089122077	0.0039791506046231	0.0575036153555713	-0.0023156469771504	2.645206127003391e-07	6.997115454336282e-14	5.362220922785784e-06	0.002617115882207	-0.0003210013036931	1.0304183697273399e-07	6.849295540900123e-06	0.0016350358263978	-8.731600201999749e-07	7.624084208756206e-13	2.6733421536043366e-06
847.1461073716878	3.215817035053874	10.341479202942688	717656.5272350032	1058.0789970936123	-5.267782250875371	27.749529842637585	1119531.1640906243	808.7357771618849	-0.4659001671858505	654053.557261638	0.2170629657838034	823.2832330756634	710.4039549608268	1.077864	26.620695	0.1549657974393111	0.0863223264651649	0.0085783019	-0.1735682879	0.0750229414	0.0572761594	-0.1392059367	-0.0321749276	0.1024861068	-0.1924165088	-0.0678764011	0.0175905533	0.0108589775	0.1393326385	-0.0710307484	-0.1454230813	0.1033763571	0.00857548	-0.1199622022	0.0524905	-0.014601303	0.0186503095	-0.0892727343	-0.1236529393	0.0462180478	-0.1674263945	-0.0216374625	0.0847057347	0.0374724791	0.1284879518	-0.0873775627	-0.1392227302	-0.2025462209	0.0511316296	-0.0652936146	-0.1706609934	0.071396223	0.0882966063	-0.0650490907	-0.1629125521	0.1293796124	0.092074872	0.0156349464	-0.051258342	-0.0946630166	0.0833659234	0.1536476034	0.0718968656	0.0013321345	0.0707956332	0.0150864556	0.0692410341	0.0059158452	0.1726808388	0.1933993663	0.0074017876	0.0423461849	0.1368321674	-0.0041094342	-0.0047621527	-0.1389213623	0.0038311423	-0.0327932861	0.0528986118	-0.0710114311	-0.1639102459	0.1242546062	0.0702890054	0.0273269728	0.0957018224	-0.0141136676	0.007155982	0.1415776099	0.2093729244	0.0708419152	0.0082847129	0.0682836725	0.1155302401	0.011526858	0.0080793658	0.0242354482	-0.1724000809	0.1281760982	-0.1103387984	0.0946321578	0.0216553646	0.147114833	-0.0611382686	-0.1252233368	0.164502445	-0.0291238	-0.1105070999	0.004929897	-0.0416430656	-0.0103677804	-0.0871123153	0.0160628493	-0.044355396	0.1880987214	-0.0059908298	0.0827556895	0.1578526427	0.0639317128	-0.1614177307	0.0034857897	-0.0209779812	0.1606572956	-0.1186410353	0.026265626	0.0539716562	-0.0181986399	0.1242465285	-0.0225784932	0.1724004848	0.2125772292	0.0629991726	-0.0483942034	0.0208047756	-0.0807611298	0.1651397729	0.1248805158	0.0221564462	0.0504838253	0.1565415716	0.0196001025	-0.1109488906	0.0616009311	0.0050684204	-0.0703125971	0.0401758795980526	-0.0138298583540574	0.0001912649820932	0.0016141013014772	0.0162291144591364	-0.0118991718557595	0.0002633841561277	0.0001415902908528	-0.1610873213014585	0.0787117932831691	0.0061955464018523	0.0259491250840793	-0.0020232351624774	0.0002924118146729	8.550466936035681e-08	4.093480522684951e-06	0.003334359128545	0.000717243246338	5.144378744174732e-07	1.1117950798111373e-05	0.0016358802443133	8.44417915500011e-07	7.130416160173837e-13	2.676104173734542e-06
849.1459228470586	1.9998154753708377	3.9992619355326897	721048.7982877828	1063.6236336102625	5.544636516650144	30.74299410177024	1131295.2339742978	808.6970791833419	-0.0386979785430412	653990.9658796684	0.0014975335433176	822.7424717797838	720.701864879172	1.186643	29.307285	0.0713478266297679	0.0410662129416996	-0.0662699883	-0.1469684472	0.2014409707	-0.0501364717	-0.0926599766	0.0732197655	0.0323500396	-0.249615487	0.0416840888	-0.0781479251	-0.0534683498	0.0233249028	0.1700725099	0.0452828444	-0.1225365303	-0.0990624408	-0.1797135724	-0.0734388423	-0.0440236584	0.208151993	-0.2322142368	0.0258247733	0.0761956807	0.0169078412	-0.0003639324	-0.0975425205	0.1032229231	0.0706717176	0.0247016038	0.0663085689	-0.1045656155	0.1255889991	-0.0297193652	0.1566656237	0.0040423945	0.042363335	0.0304054575	0.0234509603	-0.1574572963	-0.1942749791	0.070417046	-0.0952942018	-0.1224231616	-0.0095263653	-0.0519424043	0.0312978126	-0.0444151987	-0.0272093648	0.0155878678	0.0721713133	0.1187524978	0.0980684014	0.0202583228	0.0706305096	-0.0422132105	0.1089262708	0.0013633464	-0.0001208879	-0.278592805	-0.0443663449	0.0512286243	0.075012931	-0.1063701664	-0.1039786914	-0.1737619722	-0.0589370926	-0.0216825265	-0.1185848258	-0.003169192	-0.193859041	0.0288593911	0.0721868629	-0.0753534722	-0.0459772699	0.0759702335	-0.0569908206	0.1970812517	-0.0068145526	-0.023832589	0.1542036627	-0.0300655994	-0.0054754177	-0.099869072	0.1297995886	-0.0842255752	0.0523031697	0.1082056502	0.047798866	-0.0220689527	-0.1265235412	0.0432702337	-0.0726238822	0.0525865838	-0.1522111754	-0.1082690991	0.0314133274	0.0997559603	-0.0378066853	0.1769511222	-0.1456144865	-0.1704730681	0.0105394234	-0.1362156161	-0.0349256147	0.1767464433	0.0960947658	0.031834745	0.041284876	-0.0085257303	-0.1934701646	-0.1174202545	-0.195262917	0.0434954597	0.0016933887	-0.0416249252	0.0664841926	0.0053987896	-0.1707015852	0.0934477202	0.1214115014	-0.0690560559	-0.0427643649	0.053490657	-0.1126387502	0.0674542747	-0.0050684204	-0.0586099215	0.0444531615542871	0.0042772819562345	1.829514093312925e-05	0.0019760835721715	0.0240205278115439	0.0077914133524075	0.0005769857563451	6.070612202807392e-05	-0.1985800218978894	-0.0374927005964308	0.0014057025980136	0.0394340250969662	-0.0019688522995481	5.438286292930002e-05	2.957495780387034e-09	3.8763793774358415e-06	0.0031312212688419	-0.000203137859703	4.126499004475629e-08	9.80454663444788e-06	0.0018140881361748	0.0001782078918614	3.175805272172004e-08	3.2909157658101595e-06
852.6606871779651	3.5147643309064733	12.353568301812428	727030.2474587996	1065.9994086427807	2.375775032518277	5.64430700513722	1136354.7392267582	812.4998573779058	3.802778194563871	660156.0182391172	14.461121997050451	826.3623305020814	736.5699840143382	1.151242	28.432972	0.0356902215589154	0.0185627921335378	-0.1800667417	-0.1697354597	0.0371082208	-0.131444659	0.1497913964	0.0457913597	-0.1858063896	-0.0703382277	0.1010533231	-0.1970882063	0.0201619528	0.0797784618	0.0005967	-0.0308766765	-0.0763524997	0.0307985788	0.1333446486	-0.0014054939	-0.0189296861	-0.0062021305	-0.1264134619	0.1283692034	-0.05659543	-0.0936131516	0.048311843	-0.0114338586	-0.1489887984	-0.075976488	-0.0346563151	-0.165941683	-0.0923248907	-0.0271105844	-0.0161747387	-0.1846940886	-0.0388779137	-0.0732503269	-0.0732327909	-0.0112250427	0.0052490432	-0.0255223105	-0.0115967884	-0.1335660549	0.031131227	-0.0073007346	-0.0361396251	-0.0053737057	-0.0759144203	0.0078661328	-0.1237937851	0.1121300241	-0.0144066318	-0.1476205025	-0.0030576814	-0.1081332867	0.2372914439	0.0185073905	-0.0628502362	0.0521899088	-0.0180385068	0.0295793473	0.1776303039	0.1883130882	-0.0816534004	0.0934249381	-0.0069786781	-0.1128567123	0.00959771	0.1075765209	-0.0218282176	0.0273464448	-0.0604220313	-0.0532586056	-0.0795849876	0.1269940376	-0.0381504008	0.0171845449	0.031186383	0.086162628	0.0474707998	-0.1104703353	0.0713582479	-0.0791386424	-0.0014824389	-0.0832483345	0.1026287872	-0.0118502143	0.0255353817	0.1573716216	0.0347428942	-0.0295609095	-0.0266553321	0.0498254593	0.0094947753	0.0023635964	0.1540753399	-0.1575492735	-0.0017827187	0.0746744219	-0.0445555443	-0.0311713	-0.0367541639	-0.1983286178	-0.0916531478	-0.0894747755	-0.0638706183	-0.005272418	-0.1537783733	0.1444478851	0.0279001615	0.0253138738	-0.0524944224	0.0630477881	0.044547764	0.2143588226	0.0848906	0.0152222534	-0.1203005322	0.0520096988	0.0660380543	0.0401895374	-0.0050680168	-0.0425231642	0.0125661808	-0.1142514127	0.0731227308	-0.0151740128	-0.0462651033	0.0546598369766684	0.0102066754223813	0.0001041762231778	0.0029876977783159	0.0334116703996585	0.0093911425881145	0.0011163397188954	8.819355911029973e-05	-0.2010645170215639	-0.0024844951236744	6.172716019562322e-06	0.0404269400051147	-0.0022268664640066	-0.0002580141644585	6.6571309061218e-08	4.958934248517258e-06	0.0031289837981296	-2.2374707123002865e-06	5.0062751884015505e-12	9.790539608957536e-06	0.0018259946694989	1.1906533324100056e-05	1.4176553579790515e-10	3.334256533038397e-06
852.0654849659222	-0.5952022120428637	0.3542656732207181	726015.5906702123	1069.4828254414792	3.4834167986984994	12.134192593454902	1143793.5139142897	812.6455954943993	0.1457381164935896	660392.863876447	0.021239598599099	827.0687559198672	755.3150715138689	1.107113	27.343092	0.0789245737118601	0.0364391105106285	-0.2271589663	0.0008303392	-0.1696305766	-0.0711625328	-0.073661213	0.1197151475	-0.0078418082	0.0186987205	0.1971955234	-0.0038595535	0.1424317214	0.1625914041	-0.0262979034	-0.0967582386	-0.0591493806	-0.0412429779	0.1442812062	0.0077476728	0.0427318886	0.1474529884	-0.0055498913	0.0494965351	-0.0484773447	0.0516824933	-0.2147470452	-0.038298958	-0.0478087334	0.1824899126	-0.2830819621	-0.0162617366	-0.1104863811	-0.1061637338	-0.0166482073	0.0567984242	-0.0300355835	-0.0581958014	-0.0195434249	0.1334921706	-0.0997738601	-0.0053481169	-0.0406126722	-0.0396257115	0.0561831343	0.1183209217	-0.2629463848	-0.0084335553	0.1106022431	0.0088049593	-0.0286787719	-0.0077021244	0.0002780098	0.015327178	-0.0032747766	0.1299270039	-0.1006519886	-0.0807181965	0.0687206924	0.1592529851	0.072774413	-0.0879685025	0.098463458	0.0254831601	-0.2137900209	0.0705230191	-0.0560508451	-0.0713341806	0.0905649983	0.0364508427	0.0023504542	-0.1390664089	-0.1110935319	0.1950343517	0.1318671621	0.101901006	-0.1694343022	-0.0441396322	-0.0025165009	0.0719149196	-0.041589369	0.0463963989	0.0903132327	-0.0997532454	0.0194357512	-0.061324124	-0.1068402454	-0.089659774	0.0022607866	-0.22432297	-0.1396337758	0.1464688235	0.1051153824	-0.0519827641	0.0456630011	0.0497566638	0.062730847	0.1424605512	-0.0759347297	0.1092030312	-0.0822545435	-0.0501491716	-0.2233220036	-0.0291409669	-0.0485051336	-0.1582416882	-0.140349126	0.0116390145	0.0069902942	0.0160393178	-0.0102643372	0.0012087561	-0.1910461904	-0.0837347782	-0.1369296035	0.1025068445	-0.0917632291	0.0814523571	-0.0496026136	-0.1380239473	0.0669569114	0.0959902157	-0.0267425821	0.1183914141	-0.011358091	-0.1157857731	0.0785907625	-0.0251860523	-0.033413395	0.0551877763302854	0.0005279393536169	2.787199610975304e-07	0.0030456906562816	0.0210871374123797	-0.0123245329872788	0.0004446673642485	0.0001518941133545	-0.2273198162438632	-0.0262552992222993	0.0006893407372524	0.0516742988571437	-0.0025040623264087	-0.000277195862402	7.683754613284388e-08	6.270328134539351e-06	0.0033713863666628	0.0002424025685332	5.8759005231492816e-08	1.1366246033319797e-05	0.0021027322815369	0.000276737612038	7.658370591649467e-08	4.4214830478173774e-06
847.5121210999496	-4.553363865972642	20.733122495945324	718276.7954113357	1072.0777239027857	2.5948984613064567	6.733498024490617	1149350.6460885776	809.7029408680114	-2.9426546263879345	655618.8524503064	8.659216250202315	825.3450604273598	738.101745377389	1.125493	27.797033	0.0549352808159055	0.0247361096226998	-0.0739878789	0.0025561404	-0.1664295073	-0.1382468458	-0.1450786409	-0.1371705672	-0.0620044917	0.0808750888	0.1300839261	0.0708883773	-0.1265341576	0.1081133717	0.1064491764	-0.0332552697	0.1767725267	0.0045935754	0.076792476	0.2222211503	-0.0683607757	0.0436011059	-0.065402947	-0.1612851494	-0.068156005	0.092117488	-0.1780540349	-0.1825465815	-0.0113944214	0.0505417536	0.1440042878	-0.0760702164	-0.1439119043	0.023283605	0.0462346022	0.0674280075	0.1210079675	0.0945925795	-0.1731816133	0.0558250002	0.0567807671	-0.0364679305	0.0623062997	-0.012827222	0.0997996821	0.0896539412	-0.0394422264	-0.0593624408	-0.0076819241	-0.0508039086	-0.0589271213	-0.0378805017	-0.053880639	-0.0143708142	0.1197830692	-0.0976379991	-0.0085250655	0.1029922069	0.0163708107	0.1159938514	0.1358229084	0.1561381102	0.0161894031	-0.0392387534	-0.1056916671	-0.162250551	-0.0318104135	0.035375532	0.1307714825	-0.1243595747	-0.1799041691	-0.0172483081	-0.0184106179	0.0897974234	-0.0103161666	0.0942308068	0.0715417771	0.1175575863	-0.0152363966	0.1300375958	-0.1602711768	-0.0175052388	0.0122363712	-0.0963354325	-0.1712463344	0.0209854431	0.0341785125	-0.0992723562	-0.0889641382	-0.1312119143	0.1706660909	-0.0038687843	0.0496298796	-0.0402494434	-0.0519333365	-0.1460196747	-0.0258738326	-0.043667756	-0.0513289825	0.143419121	-0.0091009557	-0.0296903986	0.0176740502	-0.1508617886	-0.0187480422	-0.1331802071	-0.1252448361	0.0938353717	0.0541030978	-0.0178613393	0.0373967201	0.2082525959	-0.1711563917	0.1344319114	0.0611050865	0.0664398814	0.1150222497	0.0145874932	-0.1379119688	0.0326055182	-0.074372562	0.0702380896	-0.0503341369	0.0483046017	0.1511435345	-0.1172407796	0.0838433825	-0.0350428114	-0.0201956026	0.0723508090088387	0.0171630326785533	0.000294569690725	0.0052346395642334	0.0283551806017356	0.0072680431893559	0.000804016266957	5.28244518023427e-05	-0.2139067627485218	0.0134130534953413	0.0001799100040688	0.0457561031495523	-0.0023178373727718	0.0001862249536368	3.4679733357065536e-08	5.372370086617681e-06	0.0033046793939934	-6.670697266940003e-05	4.449820202716082e-09	1.0920905897084586e-05	0.0020138411787901	-8.889110274680001e-05	7.901628147542157e-09	4.055556293390699e-06
844.1187411711622	-3.39337992878734	11.515027341096772	712536.4491963875	1066.7786932347722	-5.299030668013529	28.07972602054791	1138016.780339688	808.1045792278244	-1.5983616401870222	653033.0109689791	2.554759932821348	823.4131166147724	716.8004392430911	1.043875	25.781254	0.0839297075447108	0.0499286471892187	0.0580031675	-0.0240451396	-0.1030500502	0.0484925413	-0.2118439704	-0.0746040128	0.1065527094	-0.0689844769	0.0456527084	0.1631598229	-0.1376852475	-0.0096972308	-0.056410184	-0.0815701355	0.0316489253	-0.0181372836	-0.1207904512	0.094082961	0.0845118801	0.0123151015	0.0553409846	-0.0049184058	0.1898234874	0.1200111242	0.1405798015	-0.0787801725	0.120937717	0.037231534	-0.100191301	-0.0988581714	0.1133651985	0.0375128111	0.0096995382	0.081384347	-0.105434213	-0.0398706162	0.0284168325	0.2134045764	0.107011272	-0.0393007058	0.1604395713	0.0046367622	0.1439340203	-0.0601336045	0.0466040006	-0.0155977773	-0.0809721089	0.0804990722	0.0156194604	0.097718733	0.0262407918	0.0571920407	0.0392373842	-0.0441408404	-0.0225678798	0.1538140006	-0.2023447276	-0.0267967999	-0.0360622908	-0.0243720378	-0.1517404214	-0.1179213241	-0.0939061734	-0.1520220993	0.0997068393	0.0002622635	-0.2197758285	0.10320668	0.0308776482	-0.125030244	-0.0523632363	-0.0385558743	0.0075322791	0.0595512509	-0.0991932915	-0.0839971108	-0.0004423396	0.197794352	-0.0075427405	0.2092187992	-0.0778602404	0.0692668409	-0.0558274682	-0.011310274	-0.0438438652	0.0895141448	-0.1165100108	-0.0591310068	-0.0296033006	-0.0056631754	0.015677881	0.1083702197	0.0071188883	-0.2263384826	-0.0653241444	-0.0523389195	-0.0160681685	-0.1036507947	-0.2039710558	0.1096855196	-0.0185881344	-0.0180840161	0.0925988162	-0.1400392036	0.0457002191	-0.0110079875	0.1395011722	0.0506285307	-0.0661779449	0.0188828489	-0.1566765618	0.225910182	0.065842099	-0.0099013252	0.1031948994	0.1212642525	0.0164676457	-0.1946253823	-0.0510530202	-0.0967289775	-0.0490090372	-0.0387430284	-0.0527280953	-0.1186154352	0.0888661936	-0.0446835199	-0.0067565429	0.066996606632145	-0.0053542023766936	2.8667483090592382e-05	0.0044885453002223	0.0280089710071536	-0.0003462095945819	0.0007845024568795	1.1986108338063165e-07	-0.1659392184313617	0.0479675443171601	0.0023008853078187	0.0275358242136111	-0.0020639163310321	0.0002539210417397	6.44758954381745e-08	4.259750621501005e-06	0.0031222563012864	-0.000182423092707	3.3278184752786795e-08	9.74848441092263e-06	0.0021827320694689	0.0001688908906787	2.8524132954278343e-08	4.764319287087987e-06
845.292615935586	1.173874764423772	1.377981962550966	714519.6065552261	1058.414545589463	-8.364147645309231	69.95896583253196	1120241.3503153494	807.4392608663964	-0.6653183614280351	651958.1599884725	0.4426485220532856	822.339579120598	704.979652835881	1.062173	26.233179	0.1528783424532983	0.1149038352853398	0.0738762334	-0.0663070519	0.1223163459	-0.0397930971	-0.0380299872	-0.0896514539	0.0288714477	-0.1067423688	-0.0814444921	-0.0626723431	-0.0049818691	-0.1114524039	0.1216248771	-0.015410435	0.0148998519	-0.0402764604	-0.2261830352	-0.041459794	0.0633125511	0.1111477608	-0.0051142329	-0.0153286045	-0.0334516458	0.0286606914	-0.0011705158	0.0064363739	-0.0436689161	-0.0757808442	-0.14536294	0.055657714	0.0184193496	-0.0956473176	0.0373661661	-0.1169897725	0.012057011	0.1592034159	-0.0009402678	0.0086149175	0.1077324971	0.0038312136	-0.0734611608	-0.034449373	0.0327005548	-0.115713445	0.0629096846	0.0532874791	-0.1039405671	-0.0772384626	-0.0152757977	-0.060672131	-0.0708644633	-0.0068524398	-0.1455686357	-0.1178622231	0.0556644236	-0.1639958173	-0.1719678656	0.0202796595	-0.1791217081	0.0074188565	-0.1248496921	-0.0962773781	-0.005215128	0.0140070893	-0.1081164779	0.0669072262	0.003688248	0.0238587331	0.0558952815	0.0907966668	-0.021975925	-0.1335704677	0.1016406939	-0.1312501468	0.0139249071	-0.0425110245	-0.0878332039	0.1556483903	0.0536460117	-0.1318708572	0.0283473626	-0.0435527907	0.038698169	-0.0214547154	0.0878281304	0.2232984661	-0.0791684695	-0.0489387842	-0.0320838003	0.0421103904	-0.0388574877	-0.0154887949	-0.0347567372	0.1580764392	0.1340519722	0.020898657	-0.0390171913	-0.0777994079	0.0436134607	-0.0791073793	-0.0075584274	-0.0463068267	0.1262927273	0.1030472076	0.1976371824	-0.0782198732	-0.0529855675	-0.0201571585	0.0605064863	0.2759558186	0.061373775	-0.0347011919	-0.0225873805	-0.0675265352	-0.1579251623	-0.0727202454	-0.0162689147	-0.1056493934	-0.1244556691	0.0410755008	0.0467902536	0.0188300201	-0.2027987001	-0.1199087977	0.0936454286	-0.0540487397	0.0067565429	0.0543807683545765	-0.0126158382775685	0.0001591593754457	0.0029572679668341	0.0279893873109529	-1.958369620070136e-05	0.0007834058020425	3.8352115688136467e-10	-0.2776079813523608	-0.1116687629209991	0.0124699126123063	0.0770661913105327	-0.0020511280860404	1.2788244991700226e-05	1.6353920996774588e-10	4.2071264253437535e-06	0.0029962132155347	-0.0001260430857516	1.5886859465810334e-08	8.977293632944788e-06	0.0017500802490417	-0.0004326518204271	1.871875977189701e-07	3.0627808780858587e-06
850.28135468423	4.988738748643982	24.887514302221923	722978.3821236494	1067.5145166800723	9.099971090609415	82.8094738499271	1139587.2433226884	809.9704348183881	2.5311739519917182	656052.1052798886	6.406841575241373	824.6380669849821	728.2679919006007	1.065796	26.322636	0.0838930845429477	0.0645950723466096	-0.0752780071	-0.0655697457	0.1635158414	-0.0368250074	-0.0326922176	0.0808822594	0.0601568743	-0.1023414773	0.0181156102	-0.1439398696	-0.1389184059	0.0541241121	-0.0378510468	0.0979366984	0.0272676041	0.0958689918	-0.0418676723	0.046887232	0.0454338088	-0.0119503208	-0.1067159698	-0.028161927	0.0304910607	-0.133365673	0.2035691826	0.1080717834	0.0186371645	-0.0011044677	-0.0265114561	0.0727012159	0.0589086622	0.1789921617	0.1026368379	-0.036898115	0.1293567265	-0.0809889142	0.0287646668	-0.0259761197	-0.1406493466	0.1168615268	-0.1251166189	0.1193339505	0.1869048944	0.1712315413	-0.0531379835	0.0746730028	0.0267402696	0.000582757	0.0535886124	0.0035930418	0.0132740277	-0.0196902701	-0.0864269502	-0.0293018784	-0.1385522795	0.0794495687	-0.0236097751	-0.0104096573	-0.094199074	-0.0265877574	-0.0082669525	0.171356754	-0.0183391452	-0.024126282	0.100878794	0.0515790249	-0.0664420982	-0.0090434256	0.0828095785	0.0110773029	0.2223428014	-0.1154381552	-0.0203806461	-0.0396146272	0.0807005901	-0.072581117	-0.0177259934	-0.1062567855	-0.1128145208	-0.0798876366	0.015914955	0.1472251169	0.0074107353	-0.0600783306	0.1662429838	-0.1274539431	0.166186931	-0.1969120952	-0.0804121978	-0.0671533471	0.0822474737	0.037994729	-0.0682913801	0.0047586195	0.0230616269	-0.0200529397	-0.0341710492	-0.0470300771	-0.0142382989	0.0925887054	-0.0911939117	-0.1070760271	0.0367692656	0.0234744047	0.1298373567	-0.0183882709	-0.1101307362	0.0331302219	0.0221605326	-0.0233940137	0.0859731811	0.0415664454	0.0594693992	-0.0915794398	0.1140402629	0.0540641607	-0.2053775196	0.0184073138	-0.0619381481	-0.0844174082	-0.0458300323	0.0563658146	-0.1580749508	-0.1211199807	0.098167988	-0.063080731	0.0201956026	0.0543979962547211	1.722790014459935e-05	2.9680054339228633e-10	0.0029591419965286	0.0374215093454495	0.0094321220344966	0.0014003693616915	8.89649260736363e-05	-0.2143790790139093	0.0632289023384515	0.0039978940909254	0.0459583895188519	-0.0021262343044081	-7.510621836770036e-05	5.64094403749669e-09	4.520872317241797e-06	0.0031351625814266	0.0001389493658918	1.9306926281761068e-08	9.829244411977502e-06	0.0017398391879042	-1.0241061137500037e-05	1.0487933322201353e-10	3.027040399767146e-06
849.2637723259523	-1.0175823582776502	1.035473855877904	721248.9549853071	1067.903022987714	0.3885063076415918	0.1509371510773031	1140416.8665062978	809.3662526398667	-0.6041821785213415	655073.7309123005	0.3650361048427941	823.9950422270019	738.591501243481	1.017113	25.120291	0.0606244282871425	0.0307868758738344	-0.1035490697	-0.0106760556	0.0666484783	-0.1956043545	0.0780920775	0.0076108659	-0.100622491	-0.0176406425	0.039814918	-0.2005176874	-0.0086637714	0.0615360202	0.0808240603	0.0290416354	-0.0073299771	0.0251035328	-0.0038314736	0.1799750755	0.0153196126	-0.0235982787	-0.1145978889	0.0162552674	0.0715825184	-0.1180967269	-0.0099502043	0.2054839486	0.082858872	0.032919116	0.0411740292	0.0835486124	-0.2239685063	0.0857712809	0.1244628331	0.0787178686	-0.0782455428	-0.1478664677	-0.1261282184	0.0999980418	-0.0403554374	-0.0248784212	-0.1236890068	-0.0745066895	-0.1706727898	-0.0505892395	0.0775497978	0.0666880629	-0.0728461264	0.0423943772	-0.1536005419	-0.0569076692	-0.1516707639	-0.0361278225	0.0313706196	-0.1137282086	-0.043759876	-0.0767514733	0.1163438968	0.021195189	-0.0212626827	0.1208798991	0.0175528844	0.2105407154	-0.1178984668	-0.0504993632	0.0122719395	-0.0158806126	0.0527686994	-0.0375503535	-0.1088372629	0.1636304912	0.1945950166	0.1037894585	-0.018455734	-0.0220715971	-0.0580159065	-0.0883524753	-0.078579818	-0.119603506	0.1420014852	0.3088711725	0.2168429093	-0.1259512698	0.1029847644	0.0557764431	0.1149520743	-0.1087722568	-0.0550312096	0.0421759399	-0.0388803591	-0.0956933151	-0.0542510163	-0.0097725958	-0.089226783	0.0625574624	-0.0429616701	0.0743779838	-0.1126681947	0.0017630553	-0.1785532875	-0.102266091	-0.0891479752	-0.1360313384	0.0190369425	0.0302905677	-0.003554205	0.1357310549	-0.1057078532	-0.0667480306	0.0460606021	-0.1123491518	-0.0029267555	-0.0277680071	-0.0031650322	-0.0561083296	-0.0666500719	0.1721064036	-0.0182872571	0.0743548554	-0.0373900276	0.0903128155	-0.2849542907	-0.1506169497	0.053387062	-0.1222481541	0.1024214758	-0.0717238087	0.033413395	0.0606709996362582	0.0062730033815371	3.9350571424775886e-05	0.0036809701968628	0.0430552300502284	0.0056337207047788	0.001853752834678	3.173880897945443e-05	-0.2332726191602958	-0.0188935401463865	0.0003569658592631	0.0544161148499044	-0.0019006534951962	0.0002255808092119	5.0886701484695696e-08	3.612483708801532e-06	0.0031362117991589	1.0492177323e-06	1.1008578497727545e-12	9.835824449183504e-06	0.0013699859337596	-0.0003698532541445	1.3679142960135005e-07	1.8768614586991632e-06
850.356414852547	1.092642526594659	1.1938676909231605	723106.032280877	1065.580946609687	-2.32207637802685	5.392038705390294	1135462.7537775969	809.4177546350791	0.0515019952123338	655157.101518493	0.0026524555108512	823.9686052690682	732.1379771890528	0.996649	24.61487	0.0770594920702562	0.0396276600943786	-0.0957305009	-0.1214226879	0.0121107673	-0.081743083	0.0575870429	-0.0288525851	-0.1001457265	-0.1033906849	0.0710645628	-0.1097413247	0.0647239876	0.0869149907	-0.0938769161	0.0068383084	0.0417080781	0.0594733055	-0.0359789823	0.1373034223	-0.0675850282	0.0766693204	-0.1237492269	-0.0335645424	0.0916490802	0.0020947823	0.0227966948	0.0106140348	-0.0523601095	-0.1430250808	0.0377984827	-0.0198177013	0.0469455079	-0.2245984446	0.0251334187	-0.0865451394	0.0653856403	-0.0290763788	0.0087214503	-0.0188231887	-0.1215916295	0.143925589	0.001811082	0.0160796282	0.0080925029	-0.0202574737	-0.0516612445	0.0067247298	-0.042035384	-0.0016856202	-0.0569515274	0.1509200476	0.0927682595	-0.1543104428	0.0990651891	0.0519235005	0.0738921106	0.0548819804	-0.0677175504	-0.1123167503	-0.071995279	0.0853589607	0.0282638748	0.0496517368	-0.1436721705	-0.116928589	0.0779637513	-0.1138273447	0.0295957178	0.0067368474	-0.0022118097	0.0144922028	0.0363665775	-0.1272028447	-0.0976458107	0.0006796018	-0.1264366129	0.0653702473	0.0452813934	-0.1187966609	-0.1009168469	-0.0981348428	-0.0574707787	-0.0696177239	0.0011298898	-0.0948956198	-0.0551663811	0.1187522852	-0.1071868811	-0.0459546541	-0.040149907	0.0300496066	0.0228653034	-0.0086138344	0.1413673045	-0.0489488488	-0.0140695637	-0.0593851687	-0.0769751719	0.0548568083	-0.0178050473	0.0965333051	-0.0210560284	-0.1696460449	0.0328540726	-0.0141068544	0.0463771997	-0.1221260793	-0.0677448542	0.0906127988	0.0397849711	-0.0724956302	-0.0664741404	0.0418691352	-0.087617335	-0.0415817919	0.1195114169	-0.0204713168	-0.1635622803	0.1376371454	-0.1149198266	-0.0141910104	-0.1555511842	-0.1574530392	0.1140626249	-0.1232925447	0.1063942335	-0.0799246852	0.0462651033	0.054538304907254	-0.0061326947290042	3.7609944639155965e-05	0.0029744267021566	0.0548853996433962	0.0118301695931678	0.0030124070940153	0.0001399529126031	-0.1999335004928966	0.0333391186673991	0.0011114968335189	0.039973404619343	-0.0020330385308933	-0.000132385035697	1.75257976765224e-08	4.133245668096787e-06	0.0034009985989638	0.0002647867998049	7.01120493509203e-08	1.1566791470153733e-05	0.0014879642798713	0.0001179783461116	1.3918890151252074e-08	2.2140376981729163e-06
853.7532708769317	3.396856024384647	11.538630850398269	728894.6475330595	1075.683436730096	10.102490120408902	102.06030663295948	1157094.8560554704	810.9441328576669	1.526378222587823	657630.3866162733	2.329830478390362	825.099643669348	752.7816562815502	1.10212	27.219757	0.0979977341167302	0.054134140677875	-0.2288264008	-0.0838878599	0.1002671519	0.1252155884	0.0807076969	0.2333929917	-0.110884605	-0.0838175508	0.0321478673	0.0391067176	0.0359204678	-0.0142071065	-0.0565051859	0.1597064101	0.0420236095	-0.2203437333	-0.0195816377	-0.2216630268	0.0044003755	0.1216031365	-0.1248153588	-0.0024482313	-0.1097435729	-0.0429930154	0.0909268103	-0.0790909242	0.0221634256	-0.0701977256	-0.0971222286	0.0656659488	-0.0111547488	0.0586846564	0.1030944541	-0.0398491208	-0.0275958818	0.1631404319	0.0539372829	0.0833960489	0.1129653993	-0.1391527498	0.0526385685	0.1551363072	0.0018829139	-0.017214052	0.0456168825	-0.0565956673	0.0422251267	0.0098284932	0.0412406926	0.0432656988	0.039634285	0.0792334763	-0.0808666295	-0.0143818961	0.060697518	-0.0767945634	0.0937015634	0.1166467666	-0.1455270473	-0.1564422178	0.1258957756	0.0416918685	-0.0009506412	0.0548855601	-0.1176058925	-0.0310605353	-0.0611824889	-0.0266266507	-0.0395609453	-0.1731198747	-0.0011509897	0.004121584	-0.0016066047	-0.1079359763	0.1442788634	-0.1213753388	-0.1456890651	0.0481037635	0.0671445219	-0.0590677115	-0.1490450658	0.0661359452	-0.031361365	0.1399879996	-0.0462613358	0.1128666388	-0.0721478075	-0.0343044055	-0.0008780191	-0.1268286781	-0.03081841	0.0146558847	-0.0325810158	0.0031393619	0.1097487023	-0.0698219775	0.0576484907	-0.0434715573	-0.0045938457	-0.0779919869	-0.2076304945	-0.0319778745	-0.1353177798	0.0041822258	0.0287292415	-0.1667908439	-0.0656417792	-0.0425983664	-0.049979406	-0.1128275308	-0.0182534922	-0.0671131769	-0.0463685611	-0.0207014119	-0.1629749754	-0.0527684247	0.0548408704	0.0471994527	0.1206830179	0.0601427208	-0.0120019946	-0.1134156377	0.1153757124	-0.1242524367	0.1100753719	-0.0876327994	0.0586099215	0.0489738390618299	-0.005564465845424	3.09632801448913e-05	0.002398436912454	0.0280163756049063	-0.0268690240384899	0.0007849173020351	0.0007219444527809	-0.2451329324916429	-0.0451994319987462	0.0020429886530092	0.0600901545919523	-0.0020303111204763	2.727410416999976e-06	7.438767582759982e-12	4.122163245929728e-06	0.0032372560372628	-0.000163742561701	2.6811626512405824e-08	1.0479826650794448e-05	0.0017287905524347	0.0002408262725634	5.799729355678103e-08	2.988716774187475e-06
852.2015177579377	-1.551753118993929	2.407937742307387	726247.4268689327	1083.516474237086	7.833037506989967	61.3564765859116	1174007.9499431658	812.7954264522517	1.8512935945848312	660636.4052616977	3.427287973350825	828.5627344631513	759.098259687737	1.082862	26.744141	0.0436439156739247	0.0246951754261209	-0.1951606575	0.0779219801	-0.1518123444	0.0394020835	0.1198990971	0.1129290685	-0.1627100099	0.1700255123	-0.0048422954	0.0633793881	-0.0831849481	-0.109275037	0.0688346886	0.098411406	0.1823816787	0.0131013291	0.1405444703	-0.1443625113	0.0140013071	-0.0861906759	0.0259056009	0.0784964095	-0.0470140532	-0.1023361159	-0.0206259797	-0.1023128458	0.038666088	-0.0383899185	0.0156571233	-0.069673843	-0.0267896555	0.0371355962	-0.0717767165	0.0599427525	0.1197471708	0.1619021876	-0.0945165864	-0.0727088962	0.0821498353	0.079762249	0.020281969	-0.0234885948	-0.0225854196	0.0671424871	-0.0686308439	0.0826091412	0.0192942733	0.0380349614	0.1083232528	-0.0957399918	0.0536032592	-0.0026489162	-0.0489732879	0.0156285079	0.0463460592	-0.0558588224	-0.0675051389	-0.0874888271	0.1472019188	-0.0408906852	0.1050874068	-0.0326119865	0.1444464296	0.0922813721	-0.1016952654	0.0155832693	-0.0687633252	0.0631982371	0.0180125821	-0.0486782796	0.0258050289	0.042260924	-0.077137931	-0.0406095829	0.0940892293	0.0520438932	-0.019972911	0.026265001	-0.063290463	-0.1810444917	-0.0188348518	0.0261351575	-0.1279252553	-0.0049577993	0.1738808638	-0.0103418968	0.0186971138	-0.006186668	0.0292419456	0.1243732896	0.0284877335	0.0427593752	-0.0466401169	0.060694457	-0.1579999086	0.1094776217	0.0749126053	-0.0274813521	0.0385166465	-0.1236218173	-0.0511835284	-0.0684394693	-0.1933603036	-0.0046187184	-0.1619133248	-0.0534907216	-0.034348521	-0.0072186769	-0.0267503964	0.0071504103	0.0401579796	0.0072280392	-0.0309823063	0.1035492993	-0.0304906971	0.00224668	0.241537147	0.0163132129	0.003171942	0.0282577369	0.0959596784	0.1049789184	0.3364316667	-0.1251271724	0.1134548014	-0.0948006283	0.0703125971	0.0543094854238859	0.005335646362056	2.8469122100921457e-05	0.0029495202070072	0.0193056646156435	-0.0087107109892627	0.0003727086862517	7.587648593846365e-05	-0.2232969144954069	0.0218360179962359	0.0004768116819319	0.049861512023169	-0.001977717131579	5.259398889730007e-05	2.7661276681293224e-09	3.911365052541067e-06	0.0031353034765444	-0.0001019525607183	1.0394324637039012e-08	9.830127890031402e-06	0.001728106295523	-6.84256911699958e-07	4.682075212091641e-13	2.9863513686262264e-06
848.538239683493	-3.6632780744447473	13.419606250707616	720017.144205161	1074.1764077467542	-9.340066490331765	87.23684204381833	1153854.954959721	811.1931888443987	-1.6022376078529987	658034.3896275443	2.5671653520185	827.1668856554415	741.9746864759969	1.043688	25.776623	0.0588956239555799	0.032411819531348	-0.060162066	0.1458259876	-0.0240253535	0.1143558681	-0.0035410636	0.0615949813	-0.0533394457	0.1767385485	-0.0278693369	0.0086851609	0.0634986681	0.0099845203	-0.0488352211	-0.088548646	0.1492462976	-0.0505040436	0.0296868184	-0.016945429	-0.0165169477	-0.0440757084	0.0782318932	-0.0094129201	0.1112935658	-0.1102655876	-0.0273287668	0.0179584963	-0.0907424337	0.0805832008	0.052149441	-0.1309751722	-0.0961495269	0.0440786642	-0.0449378328	-0.096684554	0.0466341427	-0.0376678101	0.0016856917	-0.0522081558	-0.1287030398	0.0352467728	0.0646268174	0.0878555053	-0.1101298754	0.0181242375	0.0271251728	-0.0376570691	0.1392386941	0.0916346876	-0.0729554833	0.090949903	0.114550366	-0.0507878302	-0.0995807633	-0.1258087397	-0.0664728682	-0.0959129058	0.0610306796	-0.075082043	0.0990832082	-0.0258848674	0.0084808585	-0.0401370016	0.0665834293	-0.0807980922	-0.0163106521	-0.0640032457	-0.0444806205	0.1655516635	-0.0591262239	-0.0094659086	0.0983283253	0.0851355227	0.0203264835	0.068171218	0.1186058045	0.0499431184	-0.1232964927	-0.0479824227	0.0230212956	-0.1524037491	-0.0044176479	-0.0994256092	0.0985088312	0.0370301111	-0.1430725701	-0.0600184194	0.1155341895	0.0553025149	-0.062208326	0.043510699	-0.0072668901	-0.1435413975	-0.0592457384	-0.06327133	-0.0361554253	0.1529158546	-0.0205486306	-0.0512629614	-0.0923319988	0.0043516482	0.029083207	-0.0306970296	-0.1308991091	0.1076253819	-0.0414889404	-0.0388016258	0.1245345667	-0.0638711653	0.0359909458	0.0773913006	0.0304515365	0.0091843112	0.0053033598	0.1024225964	-0.0139488446	0.0244283035	0.0596071604	0.2119822689	-0.1354271531	-0.0323505968	-0.0182988673	0.0144651002	0.072405351	-0.1259161521	0.1165232592	-0.1013839798	0.0812449131	0.0420570745321953	-0.0122524108916906	0.0001501215726588	0.0017687975182066	0.0195865430007557	0.0002808783851121	0.0003836326667204	7.889266722323585e-08	-0.2055422192632647	0.0177546952321421	0.0003152292027862	0.0422476038996679	-0.0023618795934765	-0.0003841624618975	1.4758079713114834e-07	5.578475214080717e-06	0.0033214693813365	0.0001861659047921	3.4657744107061255e-08	1.1032158851155873e-05	0.0017299307177661	1.824422243099956e-06	3.328516521117875e-12	2.992660288270734e-06
845.4148238772824	-3.123415806210573	9.755726298486046	714726.2244314564	1073.3290414770609	-0.8473662696933388	0.7180295950140042	1152035.2312780663	809.8024797980904	-1.3907090463083025	655780.0562871366	1.934071651483748	825.5323600749081	726.9856884839813	1.014778	25.062613	0.0357166277119003	0.0215277800704426	0.0469581283	0.2001812332	0.0107178864	0.0473126536	0.0174562602	0.0440521134	0.1130550422	0.1565800671	-0.0933986978	-0.0121665941	0.0934105122	0.0377070036	-0.0254416514	0.1480566289	0.0023606387	-0.1252392329	-0.0312525435	0.0235766758	-0.0010741033	-0.0377065826	0.1638872476	0.099760525	-0.1096850087	0.1325687275	-0.0556657363	0.0818203497	0.052788915	0.019319627	-0.2044096279	-0.0073334915	0.0613832141	-0.0268941345	-0.1545109286	-0.0472483162	0.0548633624	-0.1200234134	-0.0745473716	0.0085135332	-0.1485096907	-0.1845577491	-0.0874239011	0.0345919248	0.0617338655	-0.0306569858	-0.0326374471	-0.0302777998	-0.0326706827	0.1837636484	-0.0695137256	-0.0339554213	0.0711326723	-0.0381233616	0.0290704133	-0.0967175363	-0.0635398051	0.1347206629	0.0706287935	-0.0093169092	0.0623867104	-0.0222656939	-0.1367906086	-0.0512893585	0.0534140401	0.1305456374	0.0077723782	-0.0104551122	0.011393787	-0.114183175	0.188930806	-0.1789657788	-0.0258022913	-0.0172755758	-0.010233033	0.1195566881	-0.0864503797	-0.19034244	0.016606608	0.0029123761	0.0210604624	-0.0284009317	0.091372515	-0.0990170748	0.0281911917	-0.1859877664	0.0168122065	0.0390125101	0.0663786986	-0.0714711789	0.1129418048	-0.1013227256	0.0155020958	-0.0886671318	-0.1996803328	0.0573906442	0.0176554461	0.0391015945	0.0332623091	0.1534175187	0.0039258634	0.066053541	-0.0491736447	0.0964026806	0.0282253117	0.0557058805	-0.1160383235	0.0149289974	0.0238189685	-0.02919376	-0.0612648143	0.0229505083	0.0883212563	0.0682160234	0.0659725908	-0.0659248379	-0.1166078508	-0.0051310998	0.1195354662	-0.055857801	-0.0298758838	0.0271774067	-0.0140423923	-0.0152089422	0.0470873035	-0.1266188352	0.1192723348	-0.1073422654	0.0912870929	0.0543969502574839	0.0123398757252886	0.0001522725329155	0.0029590281973151	0.0195305752108367	-5.5967789918998784e-05	0.0003814433680661	3.132393508417182e-09	-0.2056841694864175	-0.0001419502231527	2.0149865853122858e-08	0.0423059775773173	-0.0020857168912936	0.0002761627021828	7.626583807696105e-08	4.350214950627439e-06	0.0031352064747742	-0.0001862629065623	3.469387036103611e-08	9.829519639466068e-06	0.0017287796470405	-1.1510707256000893e-06	1.324963815333516e-12	2.9886790680214754e-06
844.2212443244863	-1.193579552796109	1.4246321488529596	712709.509368784	1069.248907698635	-4.080133778425761	16.647491649850878	1143293.2266147244	809.1840540585855	-0.6184257395049144	654778.8333426878	0.3824503952822002	824.4039250108848	703.5802314713812	1.035322	25.570004	0.0374472771133123	0.0245941458609782	0.1230066894	0.001035919	-0.0458104283	0.0471449281	0.0788013122	-0.1069602742	-0.0742607087	0.0310268316	0.0081210714	0.0345958424	0.0009029205	-0.1266953581	-0.1133525636	0.0764639266	0.0052043854	-0.082908965	-0.0765599313	-0.0595175468	-0.0889893257	-0.181790468	0.0446019599	-0.0140313424	0.0448433102	-0.0866404243	-0.0489073556	-0.0414825481	0.0751912448	-0.1169084253	-0.0722603343	-0.0183267848	0.0291500088	-0.0492659658	0.0007717233	-0.0906056162	-0.1007599	-0.0845097689	0.0762637633	0.0818551138	0.0607823786	-0.0676457702	-0.0391472018	-0.0697312738	0.0637634309	0.0596710208	0.0498978101	0.0459890592	-0.01726797	-0.0514953154	0.0090427687	-0.159565233	-0.1091476119	-0.045575659	-0.0399569781	0.0935645449	-0.1200170504	0.0862522122	0.1329978268	0.0752585619	-0.0487419901	0.085606291	0.0127603451	-0.0284289824	0.1348558796	0.0151507884	0.0143124956	0.0183655355	0.068218495	0.1253316002	-0.14287726	-0.1158320341	-0.0233168359	0.0199600349	-0.0283869391	0.0104249257	-0.095849342	-0.020762329	-0.0074553787	-0.0157133153	0.1410215156	0.0656565734	-0.057345814	0.0628933251	0.0864926427	-0.0381518026	0.0018760999	-0.0908672764	-0.0061358214	0.0659636096	-0.0477239764	-0.0281353769	0.0976891141	0.0548367702	-0.1467750047	0.054104682	0.1172678817	-0.0835249645	-0.0749345241	-0.0003491298	0.0529781228	-0.0567301853	0.0730595938	0.0765164996	0.0398544359	0.0761926295	-0.0667316326	-0.0051679573	0.1150679489	-0.0502344557	-0.0933229755	0.0036045283	0.0704458516	-0.1097773123	-0.0148450108	-0.081956517	0.0100310088	-0.0184583572	-0.0080261447	0.0312636497	-0.0330056358	0.0096488981	-0.1200223694	-0.0082182433	0.0083824811	-0.1272347401	0.1216944932	-0.1126387502	0.1003291122	0.0541524149268468	-0.0002445353306371	5.97975279297983e-08	0.0029324840424093	0.0191839514289853	-0.0003466237818514	0.0003680239924296	1.2014804614496718e-07	-0.2106627816147863	-0.0049786121283688	2.4786578724741e-05	0.0443788075576791	-0.0017028193752793	0.0003828975160143	1.4661050776992126e-07	2.8995938248265853e-06	0.0031362520783826	1.0456036083996735e-06	1.093286905898418e-12	9.836077099159177e-06	0.0014751726492141	-0.0002536069978263	6.431650934651956e-08	2.176134344989346e-06
845.5680705595051	1.3468262350188525	1.8139409073350568	714985.3619497243	1068.1856467852454	-1.0632609133897404	1.130523769942385	1141020.575998013	811.4140812339863	2.230027175400778	658392.8112247941	4.973021203025973	826.5886617328159	708.3045293918263	0.971593	23.996048	0.0621289506519922	0.035783469109579	0.0947457311	0.0499078934	0.0085522183	0.0968241493	0.0583980928	0.006836784	0.0045850917	0.0579164167	-0.0757282741	0.020740739	-0.0205046545	-0.0695681347	-0.0705755198	-0.1489535179	-0.1087661592	0.0786763878	0.0932617761	-0.0026811997	0.0335556993	-0.1383151588	-0.0009837327	-0.0071416472	0.0811815589	-0.0205192698	0.0974284182	-0.0608748184	-0.0517335524	-0.1134391151	0.0130989043	0.0417155464	-0.0424242663	-0.0337684741	-0.0701574874	0.1488171135	-0.0186734084	-0.0187441042	0.092149847	0.0187927649	-0.0238711399	0.0580741616	-0.0034822644	-0.1054199127	0.1013823875	-0.0636237964	-0.0437535101	0.1526191404	0.1536504462	-0.1513523199	0.1604241938	0.1672867183	-0.0068790365	0.0966436505	0.0371690768	0.0679798685	0.183538777	-0.0547845532	-0.1161838297	-0.001117139	0.0732741111	0.0044564681	0.0083780694	0.0453545872	0.1087259162	-0.0415662205	0.0918296009	0.0068518207	-0.097926553	0.0466748805	-0.0628872717	0.0983831141	-0.0506768053	-0.0730684572	-0.059277363	-0.0184199239	0.0125526366	-0.053828386	0.0025534835	-0.0410803961	-0.076091208	0.0876412547	0.0452570009	0.0394544311	-0.0196601074	-0.0622543141	0.0258132889	0.106318264	0.1274072101	0.1498684269	-0.1947606719	0.1826915986	0.0691888386	0.0548248272	0.1743466988	0.0080992488	-0.0713273003	0.0377759428	0.039658921	-0.0522101154	0.064737703	0.0798330052	0.1405265004	0.015183151	0.0204806235	0.1143055239	-0.0218193974	0.0281582466	-0.0015184138	-0.0456860942	0.0280910184	-0.0302992001	0.060552228	0.0451632	0.0589691264	-0.0312086836	0.0252456574	-0.1049385152	0.0237957567	0.0928382592	0.1668642257	-0.0254769058	-0.0046253977	-0.0848715812	0.0380585835	-0.1277634447	0.1237830955	-0.1172407796	0.1082719048	0.0435912649309386	-0.0105611499959081	0.000111537889236	0.0019001983782792	0.0257206839797277	0.0065367325507423	0.000661553584385	4.272887243993524e-05	-0.1839134314504846	0.0267493501643016	0.0007155277342124	0.0338241502678921	-0.0020332658154044	-0.0003304464401251	1.0919484979135134e-07	4.13416987609212e-06	0.0031360451652175	-2.0691316509995061e-07	4.281305789167942e-14	9.834779278284056e-06	0.0014401916436835	-3.4981005530600184e-05	1.2236707479318808e-09	2.074151970535781e-06
844.7041122745628	-0.8639582849423277	0.7464239181204884	713525.0372935572	1065.7323538119367	-2.453292973308635	6.018646412885522	1135785.449961531	811.8495552688523	0.4354740348660471	659099.7003902333	0.1896376350425151	827.2120548330134	711.3655674466949	1.007572	24.884663	0.0425378808195298	0.0246098386057394	0.0987036423	0.1509224428	0.0306488127	-0.0194105237	-0.0059335303	0.0065590678	0.1219918354	0.0678906305	-0.0467274229	-0.0351875544	0.064998973	-0.0761523356	0.0324549465	-0.0805002298	-0.1237157721	-0.0833798192	0.1046153028	0.013822333	0.0616463269	0.0741760843	0.0965155371	0.0942394216	-0.0875143344	0.0791153555	-0.0458291387	0.0023286824	-0.1097156362	-0.1278288488	-0.0096506246	-0.0302160797	0.1578189653	0.1649950816	0.0455056992	0.1172131648	0.1060122321	-0.0321191905	-0.0332002947	0.0304562775	0.1780924568	0.0783613761	-0.0947618676	-0.0067692746	-0.0389114182	-0.1718136194	0.0010260045	-0.0239702694	-0.0610082296	0.0594576644	0.1188424748	-0.0181591945	-0.0543246164	0.0661391562	0.0593914422	0.2266837951	0.0017582769	0.0091839208	0.013149963	0.0077906179	0.1238478928	-0.083930055	-0.0478235804	-0.0464623943	-0.0560216001	0.0949284929	-0.0619814499	0.0432014445	0.0215296772	0.0209967441	0.1986352716	0.165487281	-0.1588278283	-0.0439122479	-0.1204106686	0.0742720164	0.1236849619	0.0168630753	-0.030368338	0.0532436836	-0.0211514592	0.1160901267	0.1148374399	0.0405326143	-0.0338158511	0.0228464966	0.0255385152	-0.0062671262	-0.2264911391	-0.0903569717	-0.0907634308	-0.0548661257	-0.0126175241	0.0941023337	0.1914467655	-0.024581071	-0.0269828826	-0.0328776317	-0.0095510218	-0.0745695962	0.076300688	-0.0427259231	-0.0086219425	0.1611458636	0.0976025035	0.1140444647	-0.0067816767	0.1016725043	0.0095502425	-0.0501496624	0.0109836038	-0.0677966423	-0.0036054335	-0.1123609143	-0.1440965573	-0.0479844888	0.0865045033	-0.0403456838	-0.0796956086	-0.1401052025	0.0648655396	-0.0244441685	0.0336316586	0.088291795	-0.0916832753	-0.1282045865	0.1255324169	-0.1211199807	0.1150284477	0.0373952096809802	-0.0061960552499584	3.8391100660537054e-05	0.0013984017070844	0.022092044548529	-0.0036286394311986	0.0004880584323341	1.3167024121650008e-05	-0.2067609347075674	-0.0228475032570827	0.0005220084050824	0.0427500841211469	-0.0019768319832575	5.643383214690026e-05	3.184777410784513e-09	3.90786469002978e-06	0.0030700165429173	-6.602862230019975e-05	4.359778962862435e-09	9.425001573785892e-06	0.0015150428468622	7.485120317870012e-05	5.6027026172990475e-09	2.29535482782832e-06
842.392462425362	-2.311649849200762	5.343725025309907	709625.060751065	1066.5854200307758	0.8530662188391034	0.727721973724445	1137604.4582222265	809.5649594558897	-2.284595812962607	655395.4235788163	5.2193780286062745	825.8097821948792	696.9570705950182	1.004592	24.811056	0.0310728017400977	0.016251045589998	0.1779086971	0.0554463257	-0.0182333127	-0.0447482988	0.0798163254	-0.1608967288	0.0436316079	0.0792507785	-0.0571648966	-0.0034107682	0.0345058137	-0.0364758801	0.0869803612	0.0081621419	-0.1237031946	0.0241328331	0.024119976	0.0959028359	-0.0418615026	-0.0739349063	-0.056310865	0.1023838466	-0.1416554522	0.1397371067	-0.0275556595	0.0729589516	0.0009880015	0.1320581458	0.095840071	0.111414803	0.1386412906	0.0554613195	0.0459938139	0.0017475217	0.0437636319	0.1313234579	0.0638725111	-0.0791364291	-0.0608045777	0.0863119805	0.118007837	-0.0420520536	-0.03759199	0.0613594341	0.1707651095	0.15661021	0.0279181557	-0.0115927531	0.0171350282	0.0731164396	-0.0287820262	0.1173042685	0.1073232051	-0.1040423279	-0.0001254846	-0.1077804395	0.1205853601	0.0436232469	0.1034613212	0.1053925608	-0.037457265	0.0306231342	0.0909429768	-0.0109406549	-0.0321013598	-0.0215571836	0.0139178236	-0.2460001874	0.077053111	0.0985624766	0.0983002621	0.0163345573	0.1511945505	-0.0094988437	0.0122082778	0.1417864737	0.0057077292	0.01578517	-0.0002405249	-0.0067121756	-0.0335117976	0.2543435698	-0.0075720407	0.0719018628	-0.0329800687	0.0403135836	-0.0837557672	0.1126312853	-0.1235779229	-0.0088008211	0.1379106927	-0.1246888485	0.008498937	0.000310587	0.0777398663	0.0608505369	0.0394106451	-0.038176412	-0.0262119224	-0.0343105412	0.1624714739	0.0696965285	0.0567947638	0.1350507329	0.0043828904	0.0554214694	0.0118367418	-0.0155174967	-0.0342663807	-0.0073013708	0.0011337665	-0.0714674499	-0.0162971336	0.0624001684	0.0430212317	0.0382615651	0.027548901	0.1021984276	0.0776395541	-0.0445912094	0.1091862232	-0.0748719883	-0.0901621431	-0.1285578634	0.1269376627	-0.1242524367	0.1205247148	0.0439000531368378	0.0065048434558575	4.231298838521342e-05	0.0019272146654171	0.0216617347310688	-0.0004303098174602	0.0004692307515591	1.8516653900263104e-07	-0.2049903463517424	0.0017705883558249	3.1349831257830694e-06	0.0420210420974073	-0.0018077193100182	0.0001691126732392	2.859909625014216e-08	3.267849103812677e-06	0.0031354489769861	6.543243406879982e-05	4.281403428167835e-09	9.83104028728318e-06	0.0017278389417732	0.0002127960949109	4.5282178009371306e-08	2.985427408707932e-06
845.2527805009023	2.860318075540249	8.181419493262274	714452.2629445065	1062.7191759164898	-3.866244114286019	14.947843551251284	1129372.0468606232	809.8889328248866	0.3239733689969171	655920.0835122337	0.1049587438192126	824.7433445649518	701.5593089781672	0.990534	24.46385	0.0452252577756925	0.0258130453876362	0.1404528497	-0.0607050511	-0.0009281962	0.0054669936	-0.0004312731	-0.0744657196	0.0071929409	-0.1226090449	-0.0321313798	0.0659775913	-0.037220245	-0.0284270629	-0.0729583266	-0.0724307703	0.0124966522	0.0977599279	-0.0306055741	-0.0730579347	-0.0455420537	-0.0459626949	0.1191271373	-0.1615271755	0.0557342333	-0.082019025	0.1169318151	-0.0730035079	-0.0611583563	0.0828633515	0.0074573191	0.2070132062	0.1402774017	-0.181603897	-0.0872052792	0.0569061075	-0.1514737757	0.0453759263	-0.0298766994	-0.1089612885	0.0367817673	0.0137022513	0.0389238527	0.1605995783	0.0144462714	0.1371328107	-0.0043303968	-0.1740697756	-0.0728326756	-0.0878484295	0.0490862106	-0.053324835	-0.0793919256	-0.0328995239	0.1012044194	-0.0763661978	0.1013908065	-0.0789749173	0.0508646494	-0.1456051315	-0.0508025876	0.0300722565	0.0055348533	-0.079473296	0.0502469357	0.075345254	0.141631497	0.0642769017	0.0684551931	0.0923902202	-0.0456413509	0.0275732957	-0.2297849559	-0.1146278154	0.2336524616	-0.2240717154	-0.0493405427	0.0585025536	0.140843579	-0.2328994588	-0.0259717275	-0.0004072645	-0.1468880075	0.0803408939	0.0029053479	0.0243842309	0.0359228519	-0.0900338062	0.124005279	-0.0438391479	0.1282550753	-0.0222911016	-0.0621265859	-0.1291869252	0.0642068677	-0.0662749622	-0.0818304761	0.0032443578	0.0610394255	0.0968842131	-0.1232383825	0.0739695578	0.1480086679	0.0344701498	0.1041687776	0.061473826	0.0331360022	-0.0181958764	-0.0066511631	0.0674175544	0.010353646	-0.0930025979	0.0247720343	0.0273780505	-0.055613355	-0.045690208	0.0176843026	-0.0437054187	-0.0996002759	-0.0416548243	-0.0527132606	-0.2009099127	0.0609047281	0.0104767824	0.0533213937	-0.1288230331	0.1279949812	-0.1266188352	0.124700488	0.044154791774261	0.0002547386374232	6.489177339622954e-08	0.0019496456366283	0.0229205977223614	0.0012588629912925	0.0005253537999503	1.5847360308461517e-06	-0.1880567208566006	0.0169336254951417	0.0002867476724097	0.0353653302593374	-0.0018852415253356	-7.752221531739998e-05	6.009693867717325e-09	3.5541356088497e-06	0.0032437109461849	0.0001082619691987	1.1720653974801898e-08	1.052166070239974e-05	0.0013780625132527	-0.0003497764285204	1.2234354994855636e-07	1.8990562904323485e-06
846.412062763776	1.1592822628737167	1.3439353650136052	716413.3799920303	1067.2850588723336	4.56588295584379	20.847287166464827	1139097.3968921206	810.8454501306418	0.956517305755142	657470.3439975631	0.9149253562090756	825.8412261515747	715.4560412558557	0.957293	23.642868	0.0704270786405669	0.0403754337370878	0.0454041854	-0.0054018965	-0.0264910244	0.0901520949	-0.0211051629	0.0614554803	0.0582590555	-0.020086922	-0.0384511975	0.0665244604	0.009990805	-0.016437164	0.0216720191	-0.088794199	-0.0155794466	-0.0025250484	0.0780003559	-0.0375646119	0.0379155312	-0.0611976631	0.1135402234	-0.1392949547	-0.0432833829	0.0213808714	0.0034017379	0.1001181265	0.0734650918	-0.0359151516	0.0873233774	-0.0162769519	-0.0239779152	0.005640637	-0.0067968868	0.0692579263	-0.0961041349	-0.0154841973	0.1018637688	-0.0754404456	0.0262499833	-0.0112672583	0.08706907	0.1480787657	-0.0536322281	0.0026700303	0.0665164219	-0.1156872435	-0.0365945375	0.0372108513	-0.1554733	-0.0905404225	-0.1159187649	-0.06463532	-0.1385676514	0.0562671902	-0.0429857773	0.0700982366	-0.0667557985	0.078380119	0.0445571462	-0.0684858731	0.0182467531	-0.0363011443	0.0504002225	0.0632605463	0.1315478172	0.0880724459	0.0841578119	0.0012160833	0.002254406	0.09151829	0.0029014615	0.0311973789	-0.0261570401	-0.0886448633	-0.0312114989	-0.0392215098	-0.0499718032	0.0312165918	-0.0032305082	-0.0191069432	-0.1650434205	-0.1126207569	0.1191451557	0.1418567241	-0.0941345466	-0.0058725431	0.0080248286	0.0344166171	0.1419478141	-0.0263033687	-0.1130744326	0.0890712008	-0.0414035641	-0.0348302754	0.0813231288	-0.1445079365	-0.0875622566	0.012386958	0.009622769	0.0947654692	0.017876138	0.1020795274	0.0659891586	-0.0032299271	-0.1044609819	-0.054951205	-0.0885125882	-0.0695428912	-0.017268447	-0.0207179501	0.0294944783	0.0846113881	0.0302514359	-0.0019442217	0.0728415881	-0.1282979856	-0.0140567004	-0.1481437002	-0.0404208955	0.0681449516	0.0644721906	0.1355059064	-0.1347544221	-0.1289999139	0.1287014744	-0.1282045865	0.1275100165	0.0432936694469816	-0.0008611223272794	7.415316625390968e-07	0.0018743418141845	0.0350694155577144	0.012148817835353	0.0012298639075596	0.0001475937747965	-0.2212645609875352	-0.0332078401309345	0.0011027606461617	0.0489580059490066	-0.0018592196069345	2.6021918401100165e-05	6.771402372735152e-10	3.4566975468096763e-06	0.0031354047849934	-0.0001083061611914	1.1730224552039109e-08	9.83076316575951e-06	0.0017279204006001	0.0003498578873473	1.2240054133918594e-07	2.98570891081001e-06
845.9466515380163	-0.4654112257596807	0.2166076090631285	715625.7372483821	1070.2806200209495	2.995561148615934	8.973386595097214	1145500.6055924282	811.046713451447	0.2012633208051966	657796.7714003936	0.0405069243015354	826.4547668169581	708.8803570379017	0.8730639999999998	21.562613	0.0512683957303796	0.0260692797744744	0.0895872994	0.0159876871	-0.0146048253	0.0557704064	0.0421658228	-0.0088501045	0.0049510578	0.0407917186	-0.0036044902	0.0613948627	-0.0406832109	-0.1188790092	0.1153938733	0.062680591	0.066719578	0.0324009979	0.0474146971	-0.0768989732	0.0135858827	0.0741241323	0.1005416175	-0.0238236549	-0.0146532075	0.1107730947	0.0515941664	-0.0481030411	0.1038457296	-0.0096816479	0.1365591447	-0.1309147985	0.1041016917	-0.0858055574	0.0573139689	0.0220944256	0.0664138675	-0.0524814608	-0.0089945568	-0.1449438313	-0.0004163722	0.0302336565	-0.0137657203	-0.0846647061	-0.030136588	-0.0553576586	-0.0291669163	-0.0332993201	-0.0299635944	0.0307758439	-0.0175356156	0.1441340042	0.1430785973	-0.0201007392	-0.1094517397	0.0427931402	-0.2255281352	-0.0157457688	-0.121381997	-0.0197581499	0.0593288626	-0.0430004165	0.0018106501	-0.1100043975	0.0083932083	0.0527110176	-0.0335448326	0.1052422775	-0.1264456419	-0.085213866	0.0415659232	0.0173939821	-0.0535117315	0.0039191022	-0.1098295109	0.1115919721	-0.0756244986	0.0657325055	-0.0027251863	-0.0204054911	-0.0801064408	-0.0298625944	-0.0206711606	-0.0162494422	-0.1337750391	0.0019087298	-0.0005573777	0.0680374528	0.0397489749	0.0615655292	0.0647883756	0.0140333321	-0.1217741677	0.0949409057	0.0306565886	0.0241928515	0.0437480642	0.08229515	-0.0276181637	-0.0425388077	0.0928721916	-0.0360299557	0.0221443999	0.109893931	0.0515639045	0.069099849	-0.0313240508	-0.0595386138	-0.1126189009	0.013295662	-0.0298654943	-0.0119843134	-0.028976719	0.0257952753	-0.0041140107	0.1001598054	0.0307496002	0.0091112099	0.1589745142	-0.0383758924	0.0641974861	-0.0260980881	0.1268942778	0.0514723658	-0.1422950472	-0.1290883846	0.1290552057	-0.1289999139	0.1289225186	0.0371141998273145	-0.006179469619667	3.81858447803886e-05	0.0013774638288218	0.0292926775703108	-0.0057767379874036	0.0008580609592381	3.33707017751118e-05	-0.2334119955947642	-0.012147434607229	0.0001475601675369	0.0544811596875302	-0.001877236146028	-1.801653909350013e-05	3.245956809076185e-10	3.5240155479540588e-06	0.0034940488188623	0.0003586440338688	1.2862554302975657e-07	1.2208377148593034e-05	0.0015612859032409	-0.0001666344973591	2.776705571015322e-08	2.4376136716587527e-06
