
Tue Mar 10 07:10:14 CET 2026
cd /out/sourcedata/freesurfer/sub-v1s6x0051365_ses-1
setenv SUBJECTS_DIR /out/sourcedata/freesurfer
/opt/freesurfer/bin/recon-all -autorecon-hemi lh -noparcstats -noparcstats2 -noparcstats3 -nohyporelabel -nobalabels -lh-only -openmp 16 -subjid sub-v1s6x0051365_ses-1 -sd /out/sourcedata/freesurfer

subjid sub-v1s6x0051365_ses-1
setenv SUBJECTS_DIR /out/sourcedata/freesurfer
FREESURFER_HOME /opt/freesurfer
Actual FREESURFER_HOME /opt/freesurfer
build-stamp.txt: freesurfer-linux-ubuntu22_x86_64-7.3.2-20220804-6354275
Linux dna058 5.14.0-427.37.1.el9_4.x86_64 #1 SMP PREEMPT_DYNAMIC Fri Sep 13 12:41:50 EDT 2024 x86_64 x86_64 x86_64 GNU/Linux
cputime      unlimited
filesize     unlimited
datasize     unlimited
stacksize    8192 kbytes
coredumpsize 0 kbytes
memoryuse    67108864 kbytes
vmemoryuse   unlimited
descriptors  1024 
memorylocked unlimited
maxproc      2061970 
maxlocks     unlimited
maxsignal    2061970 
maxmessage   819200 
maxnice      0 
maxrtprio    0 
maxrttime    unlimited

               total        used        free      shared  buff/cache   available
Mem:           503Gi        50Gi       382Gi        14Gi        70Gi       435Gi
Swap:             0B          0B          0B

########################################
program versions used
7.3.2 (freesurfer-linux-ubuntu22_x86_64-7.3.2-20220804-6354275)
7.3.2

ProgramName: lta_convert  ProgramArguments: lta_convert -all-info  ProgramVersion: 7.3.2  TimeStamp: 2026/03/10-06:10:14-GMT  BuildTime: Aug  4 2022 06:17:15  BuildStamp: freesurfer-linux-ubuntu22_x86_64-7.3.2-20220804-6354275  User: oesteban  Machine: dna058  Platform: Linux  PlatformVersion: 5.14.0-427.37.1.el9_4.x86_64  CompilerName: GCC  CompilerVersion: 8.4.0
ProgramName: mri_and  ProgramArguments: mri_and -all-info  ProgramVersion: 7.3.2  TimeStamp: 2026/03/10-06:10:14-GMT  BuildTime: Aug  4 2022 06:17:15  BuildStamp: freesurfer-linux-ubuntu22_x86_64-7.3.2-20220804-6354275  User: oesteban  Machine: dna058  Platform: Linux  PlatformVersion: 5.14.0-427.37.1.el9_4.x86_64  CompilerName: GCC  CompilerVersion: 8.4.0
ProgramName: mri_annotation2label  ProgramArguments: mri_annotation2label -all-info  ProgramVersion: 7.3.2  TimeStamp: 2026/03/10-06:10:14-GMT  BuildTime: Aug  4 2022 06:17:15  BuildStamp: freesurfer-linux-ubuntu22_x86_64-7.3.2-20220804-6354275  User: oesteban  Machine: dna058  Platform: Linux  PlatformVersion: 5.14.0-427.37.1.el9_4.x86_64  CompilerName: GCC  CompilerVersion: 8.4.0
ProgramName: mri_aparc2aseg  ProgramArguments: mri_aparc2aseg -all-info  ProgramVersion: 7.3.2  TimeStamp: 2026/03/10-06:10:14-GMT  BuildTime: Aug  4 2022 06:17:15  BuildStamp: freesurfer-linux-ubuntu22_x86_64-7.3.2-20220804-6354275  User: oesteban  Machine: dna058  Platform: Linux  PlatformVersion: 5.14.0-427.37.1.el9_4.x86_64  CompilerName: GCC  CompilerVersion: 8.4.0
ProgramName: mri_surf2volseg  ProgramArguments: mri_surf2volseg -all-info  ProgramVersion: 7.3.2  TimeStamp: 2026/03/10-06:10:14-GMT  BuildTime: Aug  4 2022 06:17:15  BuildStamp: freesurfer-linux-ubuntu22_x86_64-7.3.2-20220804-6354275  User: oesteban  Machine: dna058  Platform: Linux  PlatformVersion: 5.14.0-427.37.1.el9_4.x86_64  CompilerName: GCC  CompilerVersion: 8.4.0
ProgramName: mri_binarize  ProgramArguments: mri_binarize -all-info  ProgramVersion: 7.3.2  TimeStamp: 2026/03/10-06:10:14-GMT  BuildTime: Aug  4 2022 06:17:15  BuildStamp: freesurfer-linux-ubuntu22_x86_64-7.3.2-20220804-6354275  User: oesteban  Machine: dna058  Platform: Linux  PlatformVersion: 5.14.0-427.37.1.el9_4.x86_64  CompilerName: GCC  CompilerVersion: 8.4.0
ProgramName: mri_ca_label  ProgramArguments: mri_ca_label -all-info  ProgramVersion: 7.3.2  TimeStamp: 2026/03/10-06:10:14-GMT  BuildTime: Aug  4 2022 06:17:15  BuildStamp: freesurfer-linux-ubuntu22_x86_64-7.3.2-20220804-6354275  User: oesteban  Machine: dna058  Platform: Linux  PlatformVersion: 5.14.0-427.37.1.el9_4.x86_64  CompilerName: GCC  CompilerVersion: 8.4.0
ProgramName: mri_ca_normalize  ProgramArguments: mri_ca_normalize -all-info  ProgramVersion: 7.3.2  TimeStamp: 2026/03/10-06:10:14-GMT  BuildTime: Aug  4 2022 06:17:15  BuildStamp: freesurfer-linux-ubuntu22_x86_64-7.3.2-20220804-6354275  User: oesteban  Machine: dna058  Platform: Linux  PlatformVersion: 5.14.0-427.37.1.el9_4.x86_64  CompilerName: GCC  CompilerVersion: 8.4.0
ProgramName: mri_ca_register  ProgramArguments: mri_ca_register -all-info  ProgramVersion: 7.3.2  TimeStamp: 2026/03/10-06:10:14-GMT  BuildTime: Aug  4 2022 06:17:15  BuildStamp: freesurfer-linux-ubuntu22_x86_64-7.3.2-20220804-6354275  User: oesteban  Machine: dna058  Platform: Linux  PlatformVersion: 5.14.0-427.37.1.el9_4.x86_64  CompilerName: GCC  CompilerVersion: 8.4.0
ProgramName: mri_cc  ProgramArguments: mri_cc -all-info  ProgramVersion: 7.3.2  TimeStamp: 2026/03/10-06:10:14-GMT  BuildTime: Aug  4 2022 06:17:15  BuildStamp: freesurfer-linux-ubuntu22_x86_64-7.3.2-20220804-6354275  User: oesteban  Machine: dna058  Platform: Linux  PlatformVersion: 5.14.0-427.37.1.el9_4.x86_64  CompilerName: GCC  CompilerVersion: 8.4.0
ProgramName: mri_compute_overlap  ProgramArguments: mri_compute_overlap -all-info  ProgramVersion: 7.3.2  TimeStamp: 2026/03/10-06:10:14-GMT  BuildTime: Aug  4 2022 06:17:15  BuildStamp: freesurfer-linux-ubuntu22_x86_64-7.3.2-20220804-6354275  User: oesteban  Machine: dna058  Platform: Linux  PlatformVersion: 5.14.0-427.37.1.el9_4.x86_64  CompilerName: GCC  CompilerVersion: 8.4.0
ProgramName: mri_compute_seg_overlap  ProgramArguments: mri_compute_seg_overlap -all-info  ProgramVersion: 7.3.2  TimeStamp: 2026/03/10-06:10:14-GMT  BuildTime: Aug  4 2022 06:17:15  BuildStamp: freesurfer-linux-ubuntu22_x86_64-7.3.2-20220804-6354275  User: oesteban  Machine: dna058  Platform: Linux  PlatformVersion: 5.14.0-427.37.1.el9_4.x86_64  CompilerName: GCC  CompilerVersion: 8.4.0
ProgramName: mri_concat  ProgramArguments: mri_concat -all-info  ProgramVersion: 7.3.2  TimeStamp: 2026/03/10-06:10:14-GMT  BuildTime: Aug  4 2022 06:17:15  BuildStamp: freesurfer-linux-ubuntu22_x86_64-7.3.2-20220804-6354275  User: oesteban  Machine: dna058  Platform: Linux  PlatformVersion: 5.14.0-427.37.1.el9_4.x86_64  CompilerName: GCC  CompilerVersion: 8.4.0
ProgramName: mri_concatenate_lta  ProgramArguments: mri_concatenate_lta -all-info  ProgramVersion: 7.3.2  TimeStamp: 2026/03/10-06:10:14-GMT  BuildTime: Aug  4 2022 06:17:15  BuildStamp: freesurfer-linux-ubuntu22_x86_64-7.3.2-20220804-6354275  User: oesteban  Machine: dna058  Platform: Linux  PlatformVersion: 5.14.0-427.37.1.el9_4.x86_64  CompilerName: GCC  CompilerVersion: 8.4.0
mri_convert -all-info 
ProgramName: mri_convert  ProgramArguments: mri_convert -all-info  ProgramVersion: 7.3.2  TimeStamp: 2026/03/10-06:10:14-GMT  BuildTime: Aug  4 2022 06:17:15  BuildStamp: freesurfer-linux-ubuntu22_x86_64-7.3.2-20220804-6354275  User: oesteban  Machine: dna058  Platform: Linux  PlatformVersion: 5.14.0-427.37.1.el9_4.x86_64  CompilerName: GCC  CompilerVersion: 8.4.0
ProgramName: mri_diff  ProgramArguments: mri_diff -all-info  ProgramVersion: 7.3.2  TimeStamp: 2026/03/10-06:10:14-GMT  BuildTime: Aug  4 2022 06:17:15  BuildStamp: freesurfer-linux-ubuntu22_x86_64-7.3.2-20220804-6354275  User: oesteban  Machine: dna058  Platform: Linux  PlatformVersion: 5.14.0-427.37.1.el9_4.x86_64  CompilerName: GCC  CompilerVersion: 8.4.0
ProgramName: mri_edit_wm_with_aseg  ProgramArguments: mri_edit_wm_with_aseg -all-info  ProgramVersion: 7.3.2  TimeStamp: 2026/03/10-06:10:14-GMT  BuildTime: Aug  4 2022 06:17:15  BuildStamp: freesurfer-linux-ubuntu22_x86_64-7.3.2-20220804-6354275  User: oesteban  Machine: dna058  Platform: Linux  PlatformVersion: 5.14.0-427.37.1.el9_4.x86_64  CompilerName: GCC  CompilerVersion: 8.4.0
ProgramName: mri_em_register  ProgramArguments: mri_em_register -all-info  ProgramVersion: 7.3.2  TimeStamp: 2026/03/10-06:10:14-GMT  BuildTime: Aug  4 2022 06:17:15  BuildStamp: freesurfer-linux-ubuntu22_x86_64-7.3.2-20220804-6354275  User: oesteban  Machine: dna058  Platform: Linux  PlatformVersion: 5.14.0-427.37.1.el9_4.x86_64  CompilerName: GCC  CompilerVersion: 8.4.0
ProgramName: mri_fill  ProgramArguments: mri_fill -all-info  ProgramVersion: 7.3.2  TimeStamp: 2026/03/10-06:10:14-GMT  BuildTime: Aug  4 2022 06:17:15  BuildStamp: freesurfer-linux-ubuntu22_x86_64-7.3.2-20220804-6354275  User: oesteban  Machine: dna058  Platform: Linux  PlatformVersion: 5.14.0-427.37.1.el9_4.x86_64  CompilerName: GCC  CompilerVersion: 8.4.0
ProgramName: mri_fuse_segmentations  ProgramArguments: mri_fuse_segmentations -all-info  ProgramVersion: 7.3.2  TimeStamp: 2026/03/10-06:10:14-GMT  BuildTime: Aug  4 2022 06:17:15  BuildStamp: freesurfer-linux-ubuntu22_x86_64-7.3.2-20220804-6354275  User: oesteban  Machine: dna058  Platform: Linux  PlatformVersion: 5.14.0-427.37.1.el9_4.x86_64  CompilerName: GCC  CompilerVersion: 8.4.0
ProgramName: mri_fwhm  ProgramArguments: mri_fwhm -all-info  ProgramVersion: 7.3.2  TimeStamp: 2026/03/10-06:10:14-GMT  BuildTime: Aug  4 2022 06:17:15  BuildStamp: freesurfer-linux-ubuntu22_x86_64-7.3.2-20220804-6354275  User: oesteban  Machine: dna058  Platform: Linux  PlatformVersion: 5.14.0-427.37.1.el9_4.x86_64  CompilerName: GCC  CompilerVersion: 8.4.0
ProgramName: mri_gcut  ProgramArguments: mri_gcut -all-info  ProgramVersion: 7.3.2  TimeStamp: 2026/03/10-06:10:14-GMT  BuildTime: Aug  4 2022 06:17:15  BuildStamp: freesurfer-linux-ubuntu22_x86_64-7.3.2-20220804-6354275  User: oesteban  Machine: dna058  Platform: Linux  PlatformVersion: 5.14.0-427.37.1.el9_4.x86_64  CompilerName: GCC  CompilerVersion: 8.4.0
ProgramName: mri_info  ProgramArguments: mri_info -all-info  ProgramVersion: 7.3.2  TimeStamp: 2026/03/10-06:10:14-GMT  BuildTime: Aug  4 2022 06:17:15  BuildStamp: freesurfer-linux-ubuntu22_x86_64-7.3.2-20220804-6354275  User: oesteban  Machine: dna058  Platform: Linux  PlatformVersion: 5.14.0-427.37.1.el9_4.x86_64  CompilerName: GCC  CompilerVersion: 8.4.0
ProgramName: mri_label2label  ProgramArguments: mri_label2label -all-info  ProgramVersion: 7.3.2  TimeStamp: 2026/03/10-06:10:14-GMT  BuildTime: Aug  4 2022 06:17:15  BuildStamp: freesurfer-linux-ubuntu22_x86_64-7.3.2-20220804-6354275  User: oesteban  Machine: dna058  Platform: Linux  PlatformVersion: 5.14.0-427.37.1.el9_4.x86_64  CompilerName: GCC  CompilerVersion: 8.4.0
ProgramName: mri_label2vol  ProgramArguments: mri_label2vol -all-info  ProgramVersion: 7.3.2  TimeStamp: 2026/03/10-06:10:14-GMT  BuildTime: Aug  4 2022 06:17:15  BuildStamp: freesurfer-linux-ubuntu22_x86_64-7.3.2-20220804-6354275  User: oesteban  Machine: dna058  Platform: Linux  PlatformVersion: 5.14.0-427.37.1.el9_4.x86_64  CompilerName: GCC  CompilerVersion: 8.4.0
ProgramName: mri_log_likelihood  ProgramArguments: mri_log_likelihood -all-info  ProgramVersion: 7.3.2  TimeStamp: 2026/03/10-06:10:14-GMT  BuildTime: Aug  4 2022 06:17:15  BuildStamp: freesurfer-linux-ubuntu22_x86_64-7.3.2-20220804-6354275  User: oesteban  Machine: dna058  Platform: Linux  PlatformVersion: 5.14.0-427.37.1.el9_4.x86_64  CompilerName: GCC  CompilerVersion: 8.4.0
ProgramName: mri_mask  ProgramArguments: mri_mask -all-info  ProgramVersion: 7.3.2  TimeStamp: 2026/03/10-06:10:14-GMT  BuildTime: Aug  4 2022 06:17:15  BuildStamp: freesurfer-linux-ubuntu22_x86_64-7.3.2-20220804-6354275  User: oesteban  Machine: dna058  Platform: Linux  PlatformVersion: 5.14.0-427.37.1.el9_4.x86_64  CompilerName: GCC  CompilerVersion: 8.4.0
ProgramName: mri_matrix_multiply  ProgramArguments: mri_matrix_multiply -all-info  ProgramVersion: 7.3.2  TimeStamp: 2026/03/10-06:10:14-GMT  BuildTime: Aug  4 2022 06:17:15  BuildStamp: freesurfer-linux-ubuntu22_x86_64-7.3.2-20220804-6354275  User: oesteban  Machine: dna058  Platform: Linux  PlatformVersion: 5.14.0-427.37.1.el9_4.x86_64  CompilerName: GCC  CompilerVersion: 8.4.0
ProgramName: mri_normalize  ProgramArguments: mri_normalize -all-info  ProgramVersion: 7.3.2  TimeStamp: 2026/03/10-06:10:14-GMT  BuildTime: Aug  4 2022 06:17:15  BuildStamp: freesurfer-linux-ubuntu22_x86_64-7.3.2-20220804-6354275  User: oesteban  Machine: dna058  Platform: Linux  PlatformVersion: 5.14.0-427.37.1.el9_4.x86_64  CompilerName: GCC  CompilerVersion: 8.4.0
ProgramName: mri_normalize_tp2  ProgramArguments: mri_normalize_tp2 -all-info  ProgramVersion: 7.3.2  TimeStamp: 2026/03/10-06:10:14-GMT  BuildTime: Aug  4 2022 06:17:15  BuildStamp: freesurfer-linux-ubuntu22_x86_64-7.3.2-20220804-6354275  User: oesteban  Machine: dna058  Platform: Linux  PlatformVersion: 5.14.0-427.37.1.el9_4.x86_64  CompilerName: GCC  CompilerVersion: 8.4.0
ProgramName: mri_or  ProgramArguments: mri_or -all-info  ProgramVersion: 7.3.2  TimeStamp: 2026/03/10-06:10:14-GMT  BuildTime: Aug  4 2022 06:17:15  BuildStamp: freesurfer-linux-ubuntu22_x86_64-7.3.2-20220804-6354275  User: oesteban  Machine: dna058  Platform: Linux  PlatformVersion: 5.14.0-427.37.1.el9_4.x86_64  CompilerName: GCC  CompilerVersion: 8.4.0
ProgramName: mri_relabel_hypointensities  ProgramArguments: mri_relabel_hypointensities -all-info  ProgramVersion: 7.3.2  TimeStamp: 2026/03/10-06:10:14-GMT  BuildTime: Aug  4 2022 06:17:15  BuildStamp: freesurfer-linux-ubuntu22_x86_64-7.3.2-20220804-6354275  User: oesteban  Machine: dna058  Platform: Linux  PlatformVersion: 5.14.0-427.37.1.el9_4.x86_64  CompilerName: GCC  CompilerVersion: 8.4.0
ProgramName: mri_relabel_nonwm_hypos  ProgramArguments: mri_relabel_nonwm_hypos -all-info  ProgramVersion: 7.3.2  TimeStamp: 2026/03/10-06:10:14-GMT  BuildTime: Aug  4 2022 06:17:15  BuildStamp: freesurfer-linux-ubuntu22_x86_64-7.3.2-20220804-6354275  User: oesteban  Machine: dna058  Platform: Linux  PlatformVersion: 5.14.0-427.37.1.el9_4.x86_64  CompilerName: GCC  CompilerVersion: 8.4.0
ProgramName: mri_remove_neck  ProgramArguments: mri_remove_neck -all-info  ProgramVersion: 7.3.2  TimeStamp: 2026/03/10-06:10:14-GMT  BuildTime: Aug  4 2022 06:17:15  BuildStamp: freesurfer-linux-ubuntu22_x86_64-7.3.2-20220804-6354275  User: oesteban  Machine: dna058  Platform: Linux  PlatformVersion: 5.14.0-427.37.1.el9_4.x86_64  CompilerName: GCC  CompilerVersion: 8.4.0
7.3.2

ProgramName: mri_robust_register  ProgramArguments: mri_robust_register -all-info  ProgramVersion: 7.3.2  TimeStamp: 2026/03/10-06:10:14-GMT  BuildTime: Aug  4 2022 06:17:15  BuildStamp: freesurfer-linux-ubuntu22_x86_64-7.3.2-20220804-6354275  User: oesteban  Machine: dna058  Platform: Linux  PlatformVersion: 5.14.0-427.37.1.el9_4.x86_64  CompilerName: GCC  CompilerVersion: 8.4.0
7.3.2

ProgramName: mri_robust_template  ProgramArguments: mri_robust_template -all-info  ProgramVersion: 7.3.2  TimeStamp: 2026/03/10-06:10:14-GMT  BuildTime: Aug  4 2022 06:17:15  BuildStamp: freesurfer-linux-ubuntu22_x86_64-7.3.2-20220804-6354275  User: oesteban  Machine: dna058  Platform: Linux  PlatformVersion: 5.14.0-427.37.1.el9_4.x86_64  CompilerName: GCC  CompilerVersion: 8.4.0
ProgramName: mris_anatomical_stats  ProgramArguments: mris_anatomical_stats -all-info  ProgramVersion: 7.3.2  TimeStamp: 2026/03/10-06:10:14-GMT  BuildTime: Aug  4 2022 06:17:15  BuildStamp: freesurfer-linux-ubuntu22_x86_64-7.3.2-20220804-6354275  User: oesteban  Machine: dna058  Platform: Linux  PlatformVersion: 5.14.0-427.37.1.el9_4.x86_64  CompilerName: GCC  CompilerVersion: 8.4.0
ProgramName: mris_ca_label  ProgramArguments: mris_ca_label -all-info  ProgramVersion: 7.3.2  TimeStamp: 2026/03/10-06:10:14-GMT  BuildTime: Aug  4 2022 06:17:15  BuildStamp: freesurfer-linux-ubuntu22_x86_64-7.3.2-20220804-6354275  User: oesteban  Machine: dna058  Platform: Linux  PlatformVersion: 5.14.0-427.37.1.el9_4.x86_64  CompilerName: GCC  CompilerVersion: 8.4.0
ProgramName: mris_calc  ProgramArguments: mris_calc -all-info  ProgramVersion: 7.3.2  TimeStamp: 2026/03/10-06:10:14-GMT  BuildTime: Aug  4 2022 06:17:15  BuildStamp: freesurfer-linux-ubuntu22_x86_64-7.3.2-20220804-6354275  User: oesteban  Machine: dna058  Platform: Linux  PlatformVersion: 5.14.0-427.37.1.el9_4.x86_64  CompilerName: GCC  CompilerVersion: 8.4.0
ProgramName: mris_convert  ProgramArguments: mris_convert -all-info  ProgramVersion: 7.3.2  TimeStamp: 2026/03/10-06:10:14-GMT  BuildTime: Aug  4 2022 06:17:15  BuildStamp: freesurfer-linux-ubuntu22_x86_64-7.3.2-20220804-6354275  User: oesteban  Machine: dna058  Platform: Linux  PlatformVersion: 5.14.0-427.37.1.el9_4.x86_64  CompilerName: GCC  CompilerVersion: 8.4.0
ProgramName: mris_curvature  ProgramArguments: mris_curvature -all-info  ProgramVersion: 7.3.2  TimeStamp: 2026/03/10-06:10:14-GMT  BuildTime: Aug  4 2022 06:17:15  BuildStamp: freesurfer-linux-ubuntu22_x86_64-7.3.2-20220804-6354275  User: oesteban  Machine: dna058  Platform: Linux  PlatformVersion: 5.14.0-427.37.1.el9_4.x86_64  CompilerName: GCC  CompilerVersion: 8.4.0
ProgramName: mris_curvature_stats  ProgramArguments: mris_curvature_stats -all-info  ProgramVersion: 7.3.2  TimeStamp: 2026/03/10-06:10:14-GMT  BuildTime: Aug  4 2022 06:17:15  BuildStamp: freesurfer-linux-ubuntu22_x86_64-7.3.2-20220804-6354275  User: oesteban  Machine: dna058  Platform: Linux  PlatformVersion: 5.14.0-427.37.1.el9_4.x86_64  CompilerName: GCC  CompilerVersion: 8.4.0
ProgramName: mris_diff  ProgramArguments: mris_diff -all-info  ProgramVersion: 7.3.2  TimeStamp: 2026/03/10-06:10:14-GMT  BuildTime: Aug  4 2022 06:17:15  BuildStamp: freesurfer-linux-ubuntu22_x86_64-7.3.2-20220804-6354275  User: oesteban  Machine: dna058  Platform: Linux  PlatformVersion: 5.14.0-427.37.1.el9_4.x86_64  CompilerName: GCC  CompilerVersion: 8.4.0
ProgramName: mris_divide_parcellation  ProgramArguments: mris_divide_parcellation -all-info  ProgramVersion: 7.3.2  TimeStamp: 2026/03/10-06:10:14-GMT  BuildTime: Aug  4 2022 06:17:15  BuildStamp: freesurfer-linux-ubuntu22_x86_64-7.3.2-20220804-6354275  User: oesteban  Machine: dna058  Platform: Linux  PlatformVersion: 5.14.0-427.37.1.el9_4.x86_64  CompilerName: GCC  CompilerVersion: 8.4.0
ProgramName: mri_segment  ProgramArguments: mri_segment -all-info  ProgramVersion: 7.3.2  TimeStamp: 2026/03/10-06:10:14-GMT  BuildTime: Aug  4 2022 06:17:15  BuildStamp: freesurfer-linux-ubuntu22_x86_64-7.3.2-20220804-6354275  User: oesteban  Machine: dna058  Platform: Linux  PlatformVersion: 5.14.0-427.37.1.el9_4.x86_64  CompilerName: GCC  CompilerVersion: 8.4.0
ProgramName: mri_segstats  ProgramArguments: mri_segstats -all-info  ProgramVersion: 7.3.2  TimeStamp: 2026/03/10-06:10:14-GMT  BuildTime: Aug  4 2022 06:17:15  BuildStamp: freesurfer-linux-ubuntu22_x86_64-7.3.2-20220804-6354275  User: oesteban  Machine: dna058  Platform: Linux  PlatformVersion: 5.14.0-427.37.1.el9_4.x86_64  CompilerName: GCC  CompilerVersion: 8.4.0
ProgramName: mris_euler_number  ProgramArguments: mris_euler_number -all-info  ProgramVersion: 7.3.2  TimeStamp: 2026/03/10-06:10:14-GMT  BuildTime: Aug  4 2022 06:17:15  BuildStamp: freesurfer-linux-ubuntu22_x86_64-7.3.2-20220804-6354275  User: oesteban  Machine: dna058  Platform: Linux  PlatformVersion: 5.14.0-427.37.1.el9_4.x86_64  CompilerName: GCC  CompilerVersion: 8.4.0
ProgramName: mris_fix_topology  ProgramArguments: mris_fix_topology -all-info  ProgramVersion: 7.3.2  TimeStamp: 2026/03/10-06:10:14-GMT  BuildTime: Aug  4 2022 06:17:15  BuildStamp: freesurfer-linux-ubuntu22_x86_64-7.3.2-20220804-6354275  User: oesteban  Machine: dna058  Platform: Linux  PlatformVersion: 5.14.0-427.37.1.el9_4.x86_64  CompilerName: GCC  CompilerVersion: 8.4.0
ProgramName: mris_topo_fixer  ProgramArguments: mris_topo_fixer -all-info  ProgramVersion: 7.3.2  TimeStamp: 2026/03/10-06:10:14-GMT  BuildTime: Aug  4 2022 06:17:15  BuildStamp: freesurfer-linux-ubuntu22_x86_64-7.3.2-20220804-6354275  User: oesteban  Machine: dna058  Platform: Linux  PlatformVersion: 5.14.0-427.37.1.el9_4.x86_64  CompilerName: GCC  CompilerVersion: 8.4.0
ProgramName: mris_jacobian  ProgramArguments: mris_jacobian -all-info  ProgramVersion: 7.3.2  TimeStamp: 2026/03/10-06:10:14-GMT  BuildTime: Aug  4 2022 06:17:15  BuildStamp: freesurfer-linux-ubuntu22_x86_64-7.3.2-20220804-6354275  User: oesteban  Machine: dna058  Platform: Linux  PlatformVersion: 5.14.0-427.37.1.el9_4.x86_64  CompilerName: GCC  CompilerVersion: 8.4.0
ProgramName: mris_label2annot  ProgramArguments: mris_label2annot -all-info  ProgramVersion: 7.3.2  TimeStamp: 2026/03/10-06:10:14-GMT  BuildTime: Aug  4 2022 06:17:15  BuildStamp: freesurfer-linux-ubuntu22_x86_64-7.3.2-20220804-6354275  User: oesteban  Machine: dna058  Platform: Linux  PlatformVersion: 5.14.0-427.37.1.el9_4.x86_64  CompilerName: GCC  CompilerVersion: 8.4.0
ProgramName: mris_left_right_register  ProgramArguments: mris_left_right_register -all-info  ProgramVersion: 7.3.2  TimeStamp: 2026/03/10-06:10:14-GMT  BuildTime: Aug  4 2022 06:17:15  BuildStamp: freesurfer-linux-ubuntu22_x86_64-7.3.2-20220804-6354275  User: oesteban  Machine: dna058  Platform: Linux  PlatformVersion: 5.14.0-427.37.1.el9_4.x86_64  CompilerName: GCC  CompilerVersion: 8.4.0
ProgramName: mris_place_surface  ProgramArguments: mris_place_surface -all-info  ProgramVersion: 7.3.2  TimeStamp: 2026/03/10-06:10:14-GMT  BuildTime: Aug  4 2022 06:17:15  BuildStamp: freesurfer-linux-ubuntu22_x86_64-7.3.2-20220804-6354275  User: oesteban  Machine: dna058  Platform: Linux  PlatformVersion: 5.14.0-427.37.1.el9_4.x86_64  CompilerName: GCC  CompilerVersion: 8.4.0
ProgramName: mrisp_paint  ProgramArguments: mrisp_paint -all-info  ProgramVersion: 7.3.2  TimeStamp: 2026/03/10-06:10:14-GMT  BuildTime: Aug  4 2022 06:17:15  BuildStamp: freesurfer-linux-ubuntu22_x86_64-7.3.2-20220804-6354275  User: oesteban  Machine: dna058  Platform: Linux  PlatformVersion: 5.14.0-427.37.1.el9_4.x86_64  CompilerName: GCC  CompilerVersion: 8.4.0
ProgramName: mris_register  ProgramArguments: mris_register -all-info  ProgramVersion: 7.3.2  TimeStamp: 2026/03/10-06:10:14-GMT  BuildTime: Aug  4 2022 06:17:15  BuildStamp: freesurfer-linux-ubuntu22_x86_64-7.3.2-20220804-6354275  User: oesteban  Machine: dna058  Platform: Linux  PlatformVersion: 5.14.0-427.37.1.el9_4.x86_64  CompilerName: GCC  CompilerVersion: 8.4.0
ProgramName: mris_smooth  ProgramArguments: mris_smooth -all-info  ProgramVersion: 7.3.2  TimeStamp: 2026/03/10-06:10:14-GMT  BuildTime: Aug  4 2022 06:17:15  BuildStamp: freesurfer-linux-ubuntu22_x86_64-7.3.2-20220804-6354275  User: oesteban  Machine: dna058  Platform: Linux  PlatformVersion: 5.14.0-427.37.1.el9_4.x86_64  CompilerName: GCC  CompilerVersion: 8.4.0
ProgramName: mris_sphere  ProgramArguments: mris_sphere -all-info  ProgramVersion: 7.3.2  TimeStamp: 2026/03/10-06:10:14-GMT  BuildTime: Aug  4 2022 06:17:15  BuildStamp: freesurfer-linux-ubuntu22_x86_64-7.3.2-20220804-6354275  User: oesteban  Machine: dna058  Platform: Linux  PlatformVersion: 5.14.0-427.37.1.el9_4.x86_64  CompilerName: GCC  CompilerVersion: 8.4.0
ProgramName: mris_surface_stats  ProgramArguments: mris_surface_stats -all-info  ProgramVersion: 7.3.2  TimeStamp: 2026/03/10-06:10:14-GMT  BuildTime: Aug  4 2022 06:17:15  BuildStamp: freesurfer-linux-ubuntu22_x86_64-7.3.2-20220804-6354275  User: oesteban  Machine: dna058  Platform: Linux  PlatformVersion: 5.14.0-427.37.1.el9_4.x86_64  CompilerName: GCC  CompilerVersion: 8.4.0
ProgramName: mri_stats2seg  ProgramArguments: mri_stats2seg -all-info  ProgramVersion: 7.3.2  TimeStamp: 2026/03/10-06:10:14-GMT  BuildTime: Aug  4 2022 06:17:15  BuildStamp: freesurfer-linux-ubuntu22_x86_64-7.3.2-20220804-6354275  User: oesteban  Machine: dna058  Platform: Linux  PlatformVersion: 5.14.0-427.37.1.el9_4.x86_64  CompilerName: GCC  CompilerVersion: 8.4.0
ProgramName: mris_thickness  ProgramArguments: mris_thickness -all-info  ProgramVersion: 7.3.2  TimeStamp: 2026/03/10-06:10:14-GMT  BuildTime: Aug  4 2022 06:17:15  BuildStamp: freesurfer-linux-ubuntu22_x86_64-7.3.2-20220804-6354275  User: oesteban  Machine: dna058  Platform: Linux  PlatformVersion: 5.14.0-427.37.1.el9_4.x86_64  CompilerName: GCC  CompilerVersion: 8.4.0
ProgramName: mris_thickness_diff  ProgramArguments: mris_thickness_diff -all-info  ProgramVersion: 7.3.2  TimeStamp: 2026/03/10-06:10:14-GMT  BuildTime: Aug  4 2022 06:17:15  BuildStamp: freesurfer-linux-ubuntu22_x86_64-7.3.2-20220804-6354275  User: oesteban  Machine: dna058  Platform: Linux  PlatformVersion: 5.14.0-427.37.1.el9_4.x86_64  CompilerName: GCC  CompilerVersion: 8.4.0
ProgramName: mris_topo_fixer  ProgramArguments: mris_topo_fixer -all-info  ProgramVersion: 7.3.2  TimeStamp: 2026/03/10-06:10:14-GMT  BuildTime: Aug  4 2022 06:17:15  BuildStamp: freesurfer-linux-ubuntu22_x86_64-7.3.2-20220804-6354275  User: oesteban  Machine: dna058  Platform: Linux  PlatformVersion: 5.14.0-427.37.1.el9_4.x86_64  CompilerName: GCC  CompilerVersion: 8.4.0
ProgramName: mri_surf2surf  ProgramArguments: mri_surf2surf -all-info  ProgramVersion: 7.3.2  TimeStamp: 2026/03/10-06:10:14-GMT  BuildTime: Aug  4 2022 06:17:15  BuildStamp: freesurfer-linux-ubuntu22_x86_64-7.3.2-20220804-6354275  User: oesteban  Machine: dna058  Platform: Linux  PlatformVersion: 5.14.0-427.37.1.el9_4.x86_64  CompilerName: GCC  CompilerVersion: 8.4.0
ProgramName: mri_surf2vol  ProgramArguments: mri_surf2vol -all-info  ProgramVersion: 7.3.2  TimeStamp: 2026/03/10-06:10:14-GMT  BuildTime: Aug  4 2022 06:17:15  BuildStamp: freesurfer-linux-ubuntu22_x86_64-7.3.2-20220804-6354275  User: oesteban  Machine: dna058  Platform: Linux  PlatformVersion: 5.14.0-427.37.1.el9_4.x86_64  CompilerName: GCC  CompilerVersion: 8.4.0
ProgramName: mri_surfcluster  ProgramArguments: mri_surfcluster -all-info  ProgramVersion: 7.3.2  TimeStamp: 2026/03/10-06:10:14-GMT  BuildTime: Aug  4 2022 06:17:15  BuildStamp: freesurfer-linux-ubuntu22_x86_64-7.3.2-20220804-6354275  User: oesteban  Machine: dna058  Platform: Linux  PlatformVersion: 5.14.0-427.37.1.el9_4.x86_64  CompilerName: GCC  CompilerVersion: 8.4.0
ProgramName: mris_volmask  ProgramArguments: mris_volmask -all-info  ProgramVersion: 7.3.2  TimeStamp: 2026/03/10-06:10:14-GMT  BuildTime: Aug  4 2022 06:17:15  BuildStamp: freesurfer-linux-ubuntu22_x86_64-7.3.2-20220804-6354275  User: oesteban  Machine: dna058  Platform: Linux  PlatformVersion: 5.14.0-427.37.1.el9_4.x86_64  CompilerName: GCC  CompilerVersion: 8.4.0
ProgramName: mri_tessellate  ProgramArguments: mri_tessellate -all-info  ProgramVersion: 7.3.2  TimeStamp: 2026/03/10-06:10:14-GMT  BuildTime: Aug  4 2022 06:17:15  BuildStamp: freesurfer-linux-ubuntu22_x86_64-7.3.2-20220804-6354275  User: oesteban  Machine: dna058  Platform: Linux  PlatformVersion: 5.14.0-427.37.1.el9_4.x86_64  CompilerName: GCC  CompilerVersion: 8.4.0
ProgramName: mri_vol2surf  ProgramArguments: mri_vol2surf -all-info  ProgramVersion: 7.3.2  TimeStamp: 2026/03/10-06:10:14-GMT  BuildTime: Aug  4 2022 06:17:15  BuildStamp: freesurfer-linux-ubuntu22_x86_64-7.3.2-20220804-6354275  User: oesteban  Machine: dna058  Platform: Linux  PlatformVersion: 5.14.0-427.37.1.el9_4.x86_64  CompilerName: GCC  CompilerVersion: 8.4.0
ProgramName: mri_vol2vol  ProgramArguments: mri_vol2vol -all-info  ProgramVersion: 7.3.2  TimeStamp: 2026/03/10-06:10:14-GMT  BuildTime: Aug  4 2022 06:17:15  BuildStamp: freesurfer-linux-ubuntu22_x86_64-7.3.2-20220804-6354275  User: oesteban  Machine: dna058  Platform: Linux  PlatformVersion: 5.14.0-427.37.1.el9_4.x86_64  CompilerName: GCC  CompilerVersion: 8.4.0
ProgramName: mri_voldiff  ProgramArguments: mri_voldiff -all-info  ProgramVersion: 7.3.2  TimeStamp: 2026/03/10-06:10:14-GMT  BuildTime: Aug  4 2022 06:17:15  BuildStamp: freesurfer-linux-ubuntu22_x86_64-7.3.2-20220804-6354275  User: oesteban  Machine: dna058  Platform: Linux  PlatformVersion: 5.14.0-427.37.1.el9_4.x86_64  CompilerName: GCC  CompilerVersion: 8.4.0
ProgramName: mri_watershed  ProgramArguments: mri_watershed -all-info  ProgramVersion: 7.3.2  TimeStamp: 2026/03/10-06:10:14-GMT  BuildTime: Aug  4 2022 06:17:15  BuildStamp: freesurfer-linux-ubuntu22_x86_64-7.3.2-20220804-6354275  User: oesteban  Machine: dna058  Platform: Linux  PlatformVersion: 5.14.0-427.37.1.el9_4.x86_64  CompilerName: GCC  CompilerVersion: 8.4.0
ProgramName: tkregister2  ProgramArguments: tkregister2_cmdl -all-info  ProgramVersion: 7.3.2  TimeStamp: 2026/03/10-06:10:14-GMT  BuildTime: Aug  4 2022 06:17:15  BuildStamp: freesurfer-linux-ubuntu22_x86_64-7.3.2-20220804-6354275  User: oesteban  Machine: dna058  Platform: Linux  PlatformVersion: 5.14.0-427.37.1.el9_4.x86_64  CompilerName: GCC  CompilerVersion: 8.4.0
mri_motion_correct.fsl 7.3.2
mri_convert -all-info 
ProgramName: mri_convert  ProgramArguments: mri_convert -all-info  ProgramVersion: 7.3.2  TimeStamp: 2026/03/10-06:10:14-GMT  BuildTime: Aug  4 2022 06:17:15  BuildStamp: freesurfer-linux-ubuntu22_x86_64-7.3.2-20220804-6354275  User: oesteban  Machine: dna058  Platform: Linux  PlatformVersion: 5.14.0-427.37.1.el9_4.x86_64  CompilerName: GCC  CompilerVersion: 8.4.0
Program nu_correct, built from:
Package MNI N3, version 1.12.0, compiled by nicks@terrier (x86_64-unknown-linux-gnu) on 2015-06-19 at 01:25:34
#######################################
GCADIR /opt/freesurfer/average
GCA RB_all_2020-01-02.gca
GCASkull RB_all_withskull_2020_01_02.gca
AvgCurvTif folding.atlas.acfb40.noaparc.i12.2016-08-02.tif
GCSDIR /opt/freesurfer/average
GCS DKaparc.atlas.acfb40.noaparc.i12.2016-08-02.gcs
#######################################
#--------------------------------------------
#@# Tessellate lh Tue Mar 10 07:10:14 CET 2026
/out/sourcedata/freesurfer/sub-v1s6x0051365_ses-1/scripts

 mri_pretess ../mri/filled.mgz 255 ../mri/norm.mgz ../mri/filled-pretess255.mgz 


Iteration Number : 1
pass   1 (xy+):   0 found -   0 modified     |    TOTAL:   0
pass   1 (xy-):   1 found -   1 modified     |    TOTAL:   1
pass   2 (xy-):   0 found -   1 modified     |    TOTAL:   1
pass   1 (yz+):   8 found -   8 modified     |    TOTAL:   9
pass   2 (yz+):   0 found -   8 modified     |    TOTAL:   9
pass   1 (yz-):   9 found -   9 modified     |    TOTAL:  18
pass   2 (yz-):   0 found -   9 modified     |    TOTAL:  18
pass   1 (xz+):   1 found -   1 modified     |    TOTAL:  19
pass   2 (xz+):   0 found -   1 modified     |    TOTAL:  19
pass   1 (xz-):   1 found -   1 modified     |    TOTAL:  20
pass   2 (xz-):   0 found -   1 modified     |    TOTAL:  20
Iteration Number : 1
pass   1 (+++):   0 found -   0 modified     |    TOTAL:   0
pass   1 (+++):   0 found -   0 modified     |    TOTAL:   0
pass   1 (+++):   0 found -   0 modified     |    TOTAL:   0
pass   1 (+++):   0 found -   0 modified     |    TOTAL:   0
Iteration Number : 1
pass   1 (++):   0 found -   0 modified     |    TOTAL:   0
pass   1 (+-):   1 found -   1 modified     |    TOTAL:   1
pass   2 (+-):   0 found -   1 modified     |    TOTAL:   1
pass   1 (--):   0 found -   0 modified     |    TOTAL:   1
pass   1 (-+):   0 found -   0 modified     |    TOTAL:   1
Iteration Number : 2
pass   1 (xy+):   0 found -   0 modified     |    TOTAL:   0
pass   1 (xy-):   0 found -   0 modified     |    TOTAL:   0
pass   1 (yz+):   0 found -   0 modified     |    TOTAL:   0
pass   1 (yz-):   0 found -   0 modified     |    TOTAL:   0
pass   1 (xz+):   0 found -   0 modified     |    TOTAL:   0
pass   1 (xz-):   0 found -   0 modified     |    TOTAL:   0
Iteration Number : 2
pass   1 (+++):   0 found -   0 modified     |    TOTAL:   0
pass   1 (+++):   0 found -   0 modified     |    TOTAL:   0
pass   1 (+++):   0 found -   0 modified     |    TOTAL:   0
pass   1 (+++):   0 found -   0 modified     |    TOTAL:   0
Iteration Number : 2
pass   1 (++):   0 found -   0 modified     |    TOTAL:   0
pass   1 (+-):   0 found -   0 modified     |    TOTAL:   0
pass   1 (--):   0 found -   0 modified     |    TOTAL:   0
pass   1 (-+):   0 found -   0 modified     |    TOTAL:   0

Total Number of Modified Voxels = 21 (out of 252643: 0.008312)
Ambiguous edge configurations... 

mri_pretess done


 mri_tessellate ../mri/filled-pretess255.mgz 255 ../surf/lh.orig.nofix 

7.3.2
  7.3.2
slice 40: 119 vertices, 143 faces
slice 50: 3382 vertices, 3571 faces
slice 60: 10761 vertices, 11046 faces
slice 70: 19828 vertices, 20170 faces
slice 80: 29737 vertices, 30057 faces
slice 90: 39508 vertices, 39801 faces
slice 100: 49652 vertices, 50019 faces
slice 110: 60018 vertices, 60384 faces
slice 120: 70130 vertices, 70522 faces
slice 130: 79869 vertices, 80246 faces
slice 140: 89855 vertices, 90207 faces
slice 150: 97891 vertices, 98181 faces
slice 160: 105170 vertices, 105417 faces
slice 170: 111065 vertices, 111286 faces
slice 180: 115723 vertices, 115891 faces
slice 190: 118534 vertices, 118616 faces
slice 200: 118786 vertices, 118814 faces
slice 210: 118786 vertices, 118814 faces
slice 220: 118786 vertices, 118814 faces
slice 230: 118786 vertices, 118814 faces
slice 240: 118786 vertices, 118814 faces
slice 250: 118786 vertices, 118814 faces
using the conformed surface RAS to save vertex points...
writing ../surf/lh.orig.nofix
using vox2ras matrix:
-1.00000   0.00000   0.00000   128.00000;
 0.00000   0.00000   1.00000  -128.00000;
 0.00000  -1.00000   0.00000   128.00000;
 0.00000   0.00000   0.00000   1.00000;

 rm -f ../mri/filled-pretess255.mgz 


 mris_extract_main_component ../surf/lh.orig.nofix ../surf/lh.orig.nofix 


counting number of connected components...
   118786 voxel in cpt #1: X=-28 [v=118786,e=356442,f=237628] located at (-25.883858, -18.293865, 34.030323)
For the whole surface: X=-28 [v=118786,e=356442,f=237628]
One single component has been found
nothing to do
done

#--------------------------------------------
#@# Smooth1 lh Tue Mar 10 07:10:17 CET 2026
/out/sourcedata/freesurfer/sub-v1s6x0051365_ses-1/scripts

 mris_smooth -nw -seed 1234 ../surf/lh.orig.nofix ../surf/lh.smoothwm.nofix 

setting seed for random number generator to 1234
smoothing surface tessellation for 10 iterations...
smoothing complete - recomputing first and second fundamental forms...
#--------------------------------------------
#@# Inflation1 lh Tue Mar 10 07:10:20 CET 2026
/out/sourcedata/freesurfer/sub-v1s6x0051365_ses-1/scripts

 mris_inflate -no-save-sulc ../surf/lh.smoothwm.nofix ../surf/lh.inflated.nofix 

Not saving sulc
Reading ../surf/lh.smoothwm.nofix
avg radius = 45.3 mm, total surface area = 64281 mm^2
step 000: RMS=0.148 (target=0.015)   step 005: RMS=0.112 (target=0.015)   step 010: RMS=0.082 (target=0.015)   step 015: RMS=0.068 (target=0.015)   step 020: RMS=0.059 (target=0.015)   step 025: RMS=0.052 (target=0.015)   step 030: RMS=0.046 (target=0.015)   step 035: RMS=0.043 (target=0.015)   step 040: RMS=0.040 (target=0.015)   step 045: RMS=0.039 (target=0.015)   step 050: RMS=0.037 (target=0.015)   step 055: RMS=0.036 (target=0.015)   step 060: RMS=0.036 (target=0.015)   writing inflated surface to ../surf/lh.inflated.nofix
inflation took 0.1 minutes

inflation complete.
Not saving sulc
mris_inflate utimesec    40.818850
mris_inflate stimesec    1.438258
mris_inflate ru_maxrss   190144
mris_inflate ru_ixrss    0
mris_inflate ru_idrss    0
mris_inflate ru_isrss    0
mris_inflate ru_minflt   477007
mris_inflate ru_majflt   37
mris_inflate ru_nswap    0
mris_inflate ru_inblock  1672
mris_inflate ru_oublock  8360
mris_inflate ru_msgsnd   0
mris_inflate ru_msgrcv   0
mris_inflate ru_nsignals 0
mris_inflate ru_nvcsw    4389
mris_inflate ru_nivcsw   123
#--------------------------------------------
#@# QSphere lh Tue Mar 10 07:10:28 CET 2026
/out/sourcedata/freesurfer/sub-v1s6x0051365_ses-1/scripts

 mris_sphere -q -p 6 -a 128 -seed 1234 ../surf/lh.inflated.nofix ../surf/lh.qsphere.nofix 

doing quick spherical unfolding.
limitting unfolding to 6 passes
using n_averages = 128
setting seed for random number genererator to 1234
version: 7.3.2
available threads: 16
scaling brain by 0.344...
inflating...
projecting onto sphere...
surface projected - minimizing metric distortion...
vertex spacing 1.07 +- 0.58 (0.00-->6.61) (max @ vno 83672 --> 83673)
face area 0.03 +- 0.04 (-0.14-->0.52)
Entering MRISinflateToSphere()
inflating to sphere (rms error < 2.00)
000: dt: 0.0000, rms radial error=175.817, avgs=0
005/300: dt: 0.9000, rms radial error=175.559, avgs=0
010/300: dt: 0.9000, rms radial error=175.005, avgs=0
015/300: dt: 0.9000, rms radial error=174.277, avgs=0
020/300: dt: 0.9000, rms radial error=173.449, avgs=0
025/300: dt: 0.9000, rms radial error=172.564, avgs=0
030/300: dt: 0.9000, rms radial error=171.646, avgs=0
035/300: dt: 0.9000, rms radial error=170.712, avgs=0
040/300: dt: 0.9000, rms radial error=169.770, avgs=0
045/300: dt: 0.9000, rms radial error=168.825, avgs=0
050/300: dt: 0.9000, rms radial error=167.881, avgs=0
055/300: dt: 0.9000, rms radial error=166.940, avgs=0
060/300: dt: 0.9000, rms radial error=166.002, avgs=0
065/300: dt: 0.9000, rms radial error=165.068, avgs=0
070/300: dt: 0.9000, rms radial error=164.139, avgs=0
075/300: dt: 0.9000, rms radial error=163.214, avgs=0
080/300: dt: 0.9000, rms radial error=162.300, avgs=0
085/300: dt: 0.9000, rms radial error=161.392, avgs=0
090/300: dt: 0.9000, rms radial error=160.489, avgs=0
095/300: dt: 0.9000, rms radial error=159.592, avgs=0
100/300: dt: 0.9000, rms radial error=158.699, avgs=0
105/300: dt: 0.9000, rms radial error=157.810, avgs=0
110/300: dt: 0.9000, rms radial error=156.926, avgs=0
115/300: dt: 0.9000, rms radial error=156.047, avgs=0
120/300: dt: 0.9000, rms radial error=155.172, avgs=0
125/300: dt: 0.9000, rms radial error=154.302, avgs=0
130/300: dt: 0.9000, rms radial error=153.436, avgs=0
135/300: dt: 0.9000, rms radial error=152.576, avgs=0
140/300: dt: 0.9000, rms radial error=151.719, avgs=0
145/300: dt: 0.9000, rms radial error=150.868, avgs=0
150/300: dt: 0.9000, rms radial error=150.021, avgs=0
155/300: dt: 0.9000, rms radial error=149.178, avgs=0
160/300: dt: 0.9000, rms radial error=148.341, avgs=0
165/300: dt: 0.9000, rms radial error=147.508, avgs=0
170/300: dt: 0.9000, rms radial error=146.679, avgs=0
175/300: dt: 0.9000, rms radial error=145.855, avgs=0
180/300: dt: 0.9000, rms radial error=145.036, avgs=0
185/300: dt: 0.9000, rms radial error=144.221, avgs=0
190/300: dt: 0.9000, rms radial error=143.410, avgs=0
195/300: dt: 0.9000, rms radial error=142.604, avgs=0
200/300: dt: 0.9000, rms radial error=141.802, avgs=0
205/300: dt: 0.9000, rms radial error=141.005, avgs=0
210/300: dt: 0.9000, rms radial error=140.212, avgs=0
215/300: dt: 0.9000, rms radial error=139.423, avgs=0
220/300: dt: 0.9000, rms radial error=138.639, avgs=0
225/300: dt: 0.9000, rms radial error=137.859, avgs=0
230/300: dt: 0.9000, rms radial error=137.084, avgs=0
235/300: dt: 0.9000, rms radial error=136.313, avgs=0
240/300: dt: 0.9000, rms radial error=135.546, avgs=0
245/300: dt: 0.9000, rms radial error=134.783, avgs=0
250/300: dt: 0.9000, rms radial error=134.025, avgs=0
255/300: dt: 0.9000, rms radial error=133.271, avgs=0
260/300: dt: 0.9000, rms radial error=132.521, avgs=0
265/300: dt: 0.9000, rms radial error=131.775, avgs=0
270/300: dt: 0.9000, rms radial error=131.033, avgs=0
275/300: dt: 0.9000, rms radial error=130.296, avgs=0
280/300: dt: 0.9000, rms radial error=129.562, avgs=0
285/300: dt: 0.9000, rms radial error=128.833, avgs=0
290/300: dt: 0.9000, rms radial error=128.108, avgs=0
295/300: dt: 0.9000, rms radial error=127.387, avgs=0
300/300: dt: 0.9000, rms radial error=126.669, avgs=0

spherical inflation complete.
epoch 1 (K=10.0), pass 1, starting sse = 13324.63
taking momentum steps...
taking momentum steps...
taking momentum steps...
taking momentum steps...
pass 1 complete, delta sse/iter = 0.00/13 = 0.00037
epoch 2 (K=40.0), pass 1, starting sse = 1995.29
taking momentum steps...
taking momentum steps...
taking momentum steps...
taking momentum steps...
pass 1 complete, delta sse/iter = 0.01/13 = 0.00074
epoch 3 (K=160.0), pass 1, starting sse = 150.82
taking momentum steps...
taking momentum steps...
taking momentum steps...
taking momentum steps...
pass 1 complete, delta sse/iter = 0.08/14 = 0.00550
epoch 4 (K=640.0), pass 1, starting sse = 7.85
taking momentum steps...
taking momentum steps...
taking momentum steps...
taking momentum steps...
pass 1 complete, delta sse/iter = 0.06/18 = 0.00358
final distance error %100000.00
writing spherical brain to ../surf/lh.qsphere.nofix
spherical transformation took 0.0126 hours
FSRUNTIME@ mris_sphere  0.0126 hours 16 threads
#VMPC# mris_sphere VmPeak  1530904
mris_sphere done
#@# Fix Topology lh Tue Mar 10 07:11:14 CET 2026

 mris_fix_topology -mgz -sphere qsphere.nofix -inflated inflated.nofix -orig orig.nofix -out orig.premesh -ga -seed 1234 sub-v1s6x0051365_ses-1 lh 

reading spherical homeomorphism from 'qsphere.nofix'
reading inflated coordinates from 'inflated.nofix'
reading original coordinates from 'orig.nofix'
using genetic algorithm with optimized parameters
setting seed for random number genererator to 1234

*************************************************************
Topology Correction Parameters
retessellation mode:           genetic search
number of patches/generation : 10
number of generations :        10
surface mri loglikelihood coefficient :         1.0
volume mri loglikelihood coefficient :          10.0
normal dot loglikelihood coefficient :          1.0
quadratic curvature loglikelihood coefficient : 1.0
volume resolution :                             2
eliminate vertices during search :              1
initial patch selection :                       1
select all defect vertices :                    0
ordering dependant retessellation:              0
use precomputed edge table :                    0
smooth retessellated patch :                    2
match retessellated patch :                     1
verbose mode :                                  0

*************************************************************
INFO: assuming .mgz format
writing corrected surface to 'orig.premesh'
7.3.2
  7.3.2
before topology correction, eno=-28 (nv=118786, nf=237628, ne=356442, g=15)
using quasi-homeomorphic spherical map to tessellate cortical surface...

Correction of the Topology
Finding true center and radius of Spherical Surface...done
Surface centered at (0,0,0) with radius 100.0 in 11 iterations
marking ambiguous vertices...
3544 ambiguous faces found in tessellation
segmenting defects...
19 defects found, arbitrating ambiguous regions...
analyzing neighboring defects...
      -merging segment 1 into 2
      -merging segment 2 into 3
      -merging segment 6 into 5
      -merging segment 11 into 12
15 defects to be corrected 
0 vertices coincident
reading input surface /out/sourcedata/freesurfer/sub-v1s6x0051365_ses-1/surf/lh.qsphere.nofix...
reading brain volume from brain...
reading wm segmentation from wm...
Reading original properties of orig.nofix
Reading vertex positions of inflated.nofix
Computing Initial Surface Statistics
      -face       loglikelihood: -9.3871  (-4.6935)
      -vertex     loglikelihood: -6.3687  (-3.1843)
      -normal dot loglikelihood: -3.6334  (-3.6334)
      -quad curv  loglikelihood: -6.2922  (-3.1461)
      Total Loglikelihood : -25.6813
CORRECTING DEFECT 0 (vertices=6, convex hull=19, v0=38356)
After retessellation of defect 0 (v0=38356), euler #=-16 (116683,349351,232652) : difference with theory (-12) = 4 
CORRECTING DEFECT 1 (vertices=29, convex hull=51, v0=51418)
After retessellation of defect 1 (v0=51418), euler #=-13 (116693,349399,232693) : difference with theory (-11) = 2 
CORRECTING DEFECT 2 (vertices=27, convex hull=48, v0=54729)
After retessellation of defect 2 (v0=54729), euler #=-12 (116702,349444,232730) : difference with theory (-10) = 2 
CORRECTING DEFECT 3 (vertices=276, convex hull=123, v0=57631)
After retessellation of defect 3 (v0=57631), euler #=-10 (116723,349558,232825) : difference with theory (-9) = 1 
CORRECTING DEFECT 4 (vertices=87, convex hull=70, v0=68608)
After retessellation of defect 4 (v0=68608), euler #=-9 (116744,349650,232897) : difference with theory (-8) = 1 
CORRECTING DEFECT 5 (vertices=43, convex hull=62, v0=72248)
After retessellation of defect 5 (v0=72248), euler #=-8 (116754,349702,232940) : difference with theory (-7) = 1 
CORRECTING DEFECT 6 (vertices=22, convex hull=54, v0=75979)
After retessellation of defect 6 (v0=75979), euler #=-7 (116767,349759,232985) : difference with theory (-6) = 1 
CORRECTING DEFECT 7 (vertices=359, convex hull=184, v0=76735)
After retessellation of defect 7 (v0=76735), euler #=-6 (116833,350054,233215) : difference with theory (-5) = 1 
CORRECTING DEFECT 8 (vertices=689, convex hull=460, v0=82476)
A large defect has been detected...
This often happens because cerebellum or dura has not been removed from wm.mgz.
This may cause recon-all to run very slowly or crash.
if so, see https://surfer.nmr.mgh.harvard.edu/fswiki/FsTutorial/TopologicalDefect_freeview
After retessellation of defect 8 (v0=82476), euler #=-4 (117089,351069,233976) : difference with theory (-4) = 0 
CORRECTING DEFECT 9 (vertices=29, convex hull=42, v0=82514)
After retessellation of defect 9 (v0=82514), euler #=-3 (117098,351114,234013) : difference with theory (-3) = 0 
CORRECTING DEFECT 10 (vertices=399, convex hull=199, v0=83599)
After retessellation of defect 10 (v0=83599), euler #=-2 (117124,351287,234161) : difference with theory (-2) = 0 
CORRECTING DEFECT 11 (vertices=9, convex hull=25, v0=86831)
After retessellation of defect 11 (v0=86831), euler #=-1 (117130,351313,234182) : difference with theory (-1) = 0 
CORRECTING DEFECT 12 (vertices=74, convex hull=83, v0=88865)
After retessellation of defect 12 (v0=88865), euler #=0 (117159,351437,234278) : difference with theory (0) = 0 
CORRECTING DEFECT 13 (vertices=42, convex hull=64, v0=96493)
After retessellation of defect 13 (v0=96493), euler #=1 (117168,351489,234322) : difference with theory (1) = 0 
CORRECTING DEFECT 14 (vertices=12, convex hull=26, v0=98552)
After retessellation of defect 14 (v0=98552), euler #=2 (117171,351507,234338) : difference with theory (2) = 0 
computing original vertex metric properties...
storing new metric properties...
computing tessellation statistics...
vertex spacing 0.89 +- 0.22 (0.07-->6.92) (max @ vno 70916 --> 77339)
face area -nan +- -nan (1000.00-->-1.00)
performing soap bubble on retessellated vertices for 0 iterations...
vertex spacing 0.89 +- 0.22 (0.07-->6.92) (max @ vno 70916 --> 77339)
face area -nan +- -nan (1000.00-->-1.00)
tessellation finished, orienting corrected surface...
63 mutations (34.2%), 121 crossovers (65.8%), 226 vertices were eliminated
building final representation...
1615 vertices and 0 faces have been removed from triangulation
after topology correction, eno=2 (nv=117171, nf=234338, ne=351507, g=0)
writing corrected surface to /out/sourcedata/freesurfer/sub-v1s6x0051365_ses-1/surf/lh.orig.premesh...

0.000 % of the vertices (0 vertices) exhibit an orientation change
removing intersecting faces
000: 161 intersecting
001: 16 intersecting
terminating search with 0 intersecting
topology fixing took 1.4 minutes
FSRUNTIME@ mris_fix_topology lh  0.0241 hours 16 threads
#VMPC# mris_fix_topology VmPeak  2024468

 mris_euler_number ../surf/lh.orig.premesh 

euler # = v-e+f = 2g-2: 117171 - 351507 + 234338 = 2 --> 0 holes
      F =2V-4:          234338 = 234342-4 (0)
      2E=3F:            703014 = 703014 (0)

total defect index = 0
Tue Mar 10 07:12:41 CET 2026

setenv SUBJECTS_DIR /out/sourcedata/freesurfer
cd /out/sourcedata/freesurfer/sub-v1s6x0051365_ses-1/scripts
/opt/freesurfer/bin/defect2seg --s sub-v1s6x0051365_ses-1 --lh-only --cortex

freesurfer-linux-ubuntu22_x86_64-7.3.2-20220804-6354275
defect2seg 7.3.2
Linux dna058 5.14.0-427.37.1.el9_4.x86_64 #1 SMP PREEMPT_DYNAMIC Fri Sep 13 12:41:50 EDT 2024 x86_64 x86_64 x86_64 GNU/Linux
pid 4189565
mri_label2label --label-cortex /out/sourcedata/freesurfer/sub-v1s6x0051365_ses-1/surf/lh.orig.nofix /out/sourcedata/freesurfer/sub-v1s6x0051365_ses-1/mri/aseg.presurf.mgz 0 /out/sourcedata/freesurfer/sub-v1s6x0051365_ses-1/label/lh.nofix.cortex.label

 Generating cortex label... RemoveHipAmgy=0
 NucAccIsMedialWall=0
 mris->useRealRAS=0
15 non-cortical segments detected
only using segment with 7584 vertices
erasing segment 1 (vno[0] = 49336)
erasing segment 2 (vno[0] = 73795)
erasing segment 3 (vno[0] = 83599)
erasing segment 4 (vno[0] = 84748)
erasing segment 5 (vno[0] = 86671)
erasing segment 6 (vno[0] = 86752)
erasing segment 7 (vno[0] = 86843)
erasing segment 8 (vno[0] = 87591)
erasing segment 9 (vno[0] = 87610)
erasing segment 10 (vno[0] = 87694)
erasing segment 11 (vno[0] = 87786)
erasing segment 12 (vno[0] = 102771)
erasing segment 13 (vno[0] = 104120)
erasing segment 14 (vno[0] = 104857)
mri_label2vol --defects /out/sourcedata/freesurfer/sub-v1s6x0051365_ses-1/surf/lh.orig.nofix /out/sourcedata/freesurfer/sub-v1s6x0051365_ses-1/surf/lh.defect_labels /out/sourcedata/freesurfer/sub-v1s6x0051365_ses-1/mri/orig.mgz 1000 0 /out/sourcedata/freesurfer/sub-v1s6x0051365_ses-1/mri/lh.surface.defects.mgz /out/sourcedata/freesurfer/sub-v1s6x0051365_ses-1/label/lh.nofix.cortex.label
mri_label2vol supposed to be reproducible but seed not set
Contraining to label /out/sourcedata/freesurfer/sub-v1s6x0051365_ses-1/label/lh.nofix.cortex.label
Changing input type 0 to MRI_INT
Converting defects to volume: offset=1000, merge=0
Writing to /out/sourcedata/freesurfer/sub-v1s6x0051365_ses-1/mri/lh.surface.defects.mgz
mris_defects_pointset -s /out/sourcedata/freesurfer/sub-v1s6x0051365_ses-1/surf/lh.orig.nofix -d /out/sourcedata/freesurfer/sub-v1s6x0051365_ses-1/surf/lh.defect_labels -o /out/sourcedata/freesurfer/sub-v1s6x0051365_ses-1/surf/lh.defects.pointset --label /out/sourcedata/freesurfer/sub-v1s6x0051365_ses-1/label/lh.nofix.cortex.label
Reading in surface /out/sourcedata/freesurfer/sub-v1s6x0051365_ses-1/surf/lh.orig.nofix
Reading in defect segmentation /out/sourcedata/freesurfer/sub-v1s6x0051365_ses-1/surf/lh.defect_labels
Reading in label /out/sourcedata/freesurfer/sub-v1s6x0051365_ses-1/label/lh.nofix.cortex.label
#VMPC# mris_defects_pointset 2007404
mris_defects_pointset done
 
Started at Tue Mar 10 07:12:41 CET 2026 
Ended   at Tue Mar 10 07:12:54 CET 2026
Defect2seg-Run-Time-Sec 13
Defect2seg-Run-Time-Min 0.26
Defect2seg-Run-Time-Hours 0.00
 
tkmeditfv sub-v1s6x0051365_ses-1 brain.finalsurfs.mgz -defect
defect2seg Done

 mris_remesh --remesh --iters 3 --input /out/sourcedata/freesurfer/sub-v1s6x0051365_ses-1/surf/lh.orig.premesh --output /out/sourcedata/freesurfer/sub-v1s6x0051365_ses-1/surf/lh.orig 

iters = 3
standard remeshing without target
   adjusted l: 0.71094
remeshing to edge length 0.71094 with 3 iterations

avg qual before   : 0.890692  after: 0.971159

Removing intersections
Remeshed surface quality stats nv0 = 117171  nv = 121949  1.04078
Area    243894  0.30338  0.03382 0.069200   0.4886
Corner  731682 60.00000  8.80909 14.850126 149.1388
Edge    365841  0.84501  0.08253 0.452436   1.2446
Hinge   365841  9.50404  9.98629 0.000000 122.1933
mris_remesh done
/out/sourcedata/freesurfer/sub-v1s6x0051365_ses-1/scripts

 mris_remove_intersection ../surf/lh.orig ../surf/lh.orig 

intersection removal took 0.00 hours
writing corrected surface to ../surf/lh.orig

 rm -f ../surf/lh.inflated 

#--------------------------------------------
#@# AutoDetGWStats lh Tue Mar 10 07:13:22 CET 2026
cd /out/sourcedata/freesurfer/sub-v1s6x0051365_ses-1/mri
mris_autodet_gwstats --o ../surf/autodet.gw.stats.lh.dat --i brain.finalsurfs.mgz --wm wm.mgz --surf ../surf/lh.orig.premesh
7.3.2

cd /out/sourcedata/freesurfer/sub-v1s6x0051365_ses-1/mri
setenv SUBJECTS_DIR /out/sourcedata/freesurfer
mris_autodet_gwstats --o ../surf/autodet.gw.stats.lh.dat --i brain.finalsurfs.mgz --wm wm.mgz --surf ../surf/lh.orig.premesh 

border white:    224279 voxels (1.34%)
border gray      246825 voxels (1.47%)
Reading in intensity volume brain.finalsurfs.mgz
Reading in wm volume wm.mgz
Reading in surf ../surf/lh.orig.premesh
Auto detecting stats
MRIclipBrightWM(): nthresh=23004, wmmin=5, clip=110 
Binarizing thresholding at 5
computing class statistics... low=30, hi=110.000000
CCS WM (100.0): 99.7 +- 7.8 [70.0 --> 110.0]
CCS GM (75.0) : 74.7 +- 10.1 [30.0 --> 110.0]
white_mean = 99.7254 +/- 7.84936, gray_mean = 74.6556 +/- 10.1274
using class modes intead of means, discounting robust sigmas....
MRIScomputeClassModes(): min=0 max=191 nbins=192
intensity peaks found at WM=104+-6.1,    GM=70+-7.8
white_mode = 104, gray_mode = 70
std_scale = 1
Applying sanity checks, max_scale_down = 0.2
setting MIN_GRAY_AT_WHITE_BORDER to 59.9 (was 70.000000)
setting MAX_BORDER_WHITE to 111.8 (was 105.000000)
setting MIN_BORDER_WHITE to 70.0 (was 85.000000)
setting MAX_CSF to 49.7 (was 40.000000)
setting MAX_GRAY to 96.2 (was 95.000000)
setting MAX_GRAY_AT_CSF_BORDER to 59.9 (was 75.000000)
setting MIN_GRAY_AT_CSF_BORDER to 39.6 (was 40.000000)
When placing the white surface
  white_border_hi   = 111.849;
  white_border_low  = 70;
  white_outside_low = 59.8726;
  white_inside_hi   = 120;
  white_outside_hi  = 111.849;
When placing the pial surface
  pial_border_hi   = 59.8726;
  pial_border_low  = 39.6177;
  pial_outside_low = 10;
  pial_inside_hi   = 96.1506;
  pial_outside_hi  = 54.8088;
#VMPC# mris_autodet_gwstats VmPeak  2206540
mris_autodet_gwstats done
#--------------------------------------------
#@# WhitePreAparc lh Tue Mar 10 07:13:24 CET 2026
cd /out/sourcedata/freesurfer/sub-v1s6x0051365_ses-1/mri
mris_place_surface --adgws-in ../surf/autodet.gw.stats.lh.dat --wm wm.mgz --threads 16 --invol brain.finalsurfs.mgz --lh --i ../surf/lh.orig --o ../surf/lh.white.preaparc --white --seg aseg.presurf.mgz --nsmooth 5
7.3.2
7.3.2

cd /out/sourcedata/freesurfer/sub-v1s6x0051365_ses-1/mri
setenv SUBJECTS_DIR /out/sourcedata/freesurfer
mris_place_surface --adgws-in ../surf/autodet.gw.stats.lh.dat --wm wm.mgz --threads 16 --invol brain.finalsurfs.mgz --lh --i ../surf/lh.orig --o ../surf/lh.white.preaparc --white --seg aseg.presurf.mgz --nsmooth 5 

Reading in input surface ../surf/lh.orig
Smoothing surface before ripping with 5 iterations
Area    243894  0.26912  0.06268 0.001912   0.5855
Corner  731682 60.00000  9.40828 8.066996 148.3841
Edge    365841  0.79211  0.11343 0.051432   1.2968
Hinge   365841  6.32562  6.30914 0.000002 131.6310
Not reading in aparc
Reading in input volume brain.finalsurfs.mgz
Reading in wm volume wm.mgz
MRIclipBrightWM(): nthresh=23004, wmmin=5, clip=110 
MRIfindBrightNonWM(): 380 bright non-wm voxels segmented.
Masking bright non-wm for white surface
MRImask(): AllowDiffGeom = 1
MRImask(): AllowDiffGeom = 1
Reading in seg volume aseg.presurf.mgz
Ripping frozen voxels
INFO: rip surface needed but not specified, so using input surface
Freezing midline and others
Entering: MRISripMidline(): inhibiting deformation at non-cortical midline structures...
  which=1, fix_mtl=0, using annot = 0
#FML0# MRISripMidline(): nripped=0
removing 2 vertices from ripped group in thread:0
#FML# MRISripMidline(): nmarked=6604, nmarked2=20, nripped=6604
Ripping segs (eg, WMSA, BG, frozen)
Starting MRISripSegs() d = (-2 2 0.5) segnos: 247 
MRISripSegs(): -2 2 0.5 ripped 0
vertex 60975: xyz = (-20.2392,-8.08973,77.7044) oxyz = (-20.2392,-8.08973,77.7044) wxzy = (-20.2392,-8.08973,77.7044) pxyz = (0,0,0) 
CBVO Creating mask 121949
n_averages 4
Iteration 0 =========================================
n_averages=4, current_sigma=2
Freezing midline and others
Ripping frozen voxels
INFO: rip surface needed but not specified, so using input surface
Freezing midline and others
Entering: MRISripMidline(): inhibiting deformation at non-cortical midline structures...
  which=1, fix_mtl=0, using annot = 0
#FML0# MRISripMidline(): nripped=6604
removing 2 vertices from ripped group in thread:0
#FML# MRISripMidline(): nmarked=6604, nmarked2=20, nripped=6604
Ripping segs (eg, WMSA, BG, frozen)
Starting MRISripSegs() d = (-2 2 0.5) segnos: 247 247 
MRISripSegs(): -2 2 0.5 ripped 0
Computing target border values 
Entering MRIScomputeBorderValues_new(): 
  inside_hi   = 120.0000000;
  border_hi   = 111.8493580;
  border_low  =  70.0000000;
  outside_low =  59.8725510;
  outside_hi  = 111.8493580;
  sigma = 2;
  max_thickness = 10;
  step_size=0.5;
  STEP_SIZE=0.1;
  which = 1
  thresh = 0
  flags = 0
  CBVfindFirstPeakD1=0
  CBVfindFirstPeakD2=0
  nvertices=121949
  Gdiag_no=-1
  vno start=0, stop=121949
Replacing 255s with 0s
#SI# sigma=2 had to be increased for 69 vertices, nripped=6604
mean border=82.1, 49 (49) missing vertices, mean dist 0.3 [0.6 (%37.4)->0.8 (%62.6))]
%73 local maxima, %22 large gradients and % 0 min vals, 0 gradients ignored
nFirstPeakD1 0
MRIScomputeBorderValues_new() finished in 0.0168 min


Finding expansion regions
mean absolute distance = 0.71 +- 0.92
3684 vertices more than 2 sigmas from mean.
Averaging target values for 5 iterations...
Positioning Surface: tspring = 0.3, nspring = 0.3, spring = 0, niters = 100 l_repulse = 5, l_surf_repulse = 0, checktol = 0
Positioning pial surface
Entering MRISpositionSurface()
  max_mm = 0.3
  MAX_REDUCTIONS = 2, REDUCTION_PCT = 0.5
  parms->check_tol = 0, niterations = 100
tol=1.0e-04, sigma=2.0, host=dna05, nav=4, nbrs=2, l_repulse=5.000, l_tspring=0.300, l_nspring=0.300, l_intensity=0.200, l_curv=1.000
mom=0.00, dt=0.50
complete_dist_mat 0
rms 0
smooth_averages 0
remove_neg 0
ico_order 0
which_surface 0
target_radius 0.000000
nfields 0
scale 0.000000
desired_rms_height 0.000000
momentum 0.000000
nbhd_size 0
max_nbrs 0
niterations 100
nsurfaces 0
SURFACES 3
flags 0 (0)
use curv 0
no sulc 0
no rigid align 0
mris->nsize 2
mris->hemisphere 0
randomSeed 0

000: dt: 0.0000, sse=2662019.0, rms=10.472
001: dt: 0.5000, sse=1481151.5, rms=7.653 (26.918%)
002: dt: 0.5000, sse=926449.7, rms=5.878 (23.194%)
003: dt: 0.5000, sse=643668.2, rms=4.716 (19.765%)
004: dt: 0.5000, sse=497002.8, rms=3.984 (15.534%)
005: dt: 0.5000, sse=425307.4, rms=3.566 (10.482%)
006: dt: 0.5000, sse=391635.0, rms=3.352 (5.997%)
007: dt: 0.5000, sse=378268.5, rms=3.255 (2.913%)
008: dt: 0.5000, sse=372489.8, rms=3.204 (1.558%)
rms = 3.1832/3.2039, sse=369135.5/372489.8, time step reduction 1 of 3 to 0.250  0 0 1
009: dt: 0.5000, sse=369135.5, rms=3.183 (0.646%)
010: dt: 0.2500, sse=215875.4, rms=1.816 (42.960%)
011: dt: 0.2500, sse=190235.2, rms=1.487 (18.089%)
012: dt: 0.2500, sse=184978.6, rms=1.401 (5.788%)
013: dt: 0.2500, sse=181811.6, rms=1.348 (3.813%)
rms = 1.3208/1.3478, sse=179713.7/181811.6, time step reduction 2 of 3 to 0.125  0 0 1
014: dt: 0.2500, sse=179713.7, rms=1.321 (1.997%)
015: dt: 0.1250, sse=176775.4, rms=1.270 (3.871%)
rms = 1.2600/1.2697, sse=176403.5/176775.4, time step reduction 3 of 3 to 0.062  0 0 1
016: dt: 0.1250, sse=176403.5, rms=1.260 (0.765%)
  maximum number of reductions reached, breaking from loop
positioning took 1.1 minutes
Iteration 1 =========================================
n_averages=2, current_sigma=1
Freezing midline and others
Ripping frozen voxels
INFO: rip surface needed but not specified, so using input surface
Freezing midline and others
Entering: MRISripMidline(): inhibiting deformation at non-cortical midline structures...
  which=1, fix_mtl=0, using annot = 0
#FML0# MRISripMidline(): nripped=6604
removing 4 vertices from ripped group in thread:0
removing 2 vertices from ripped group in thread:0
removing 3 vertices from ripped group in thread:0
#FML# MRISripMidline(): nmarked=6763, nmarked2=48, nripped=6763
Ripping segs (eg, WMSA, BG, frozen)
Starting MRISripSegs() d = (-2 2 0.5) segnos: 247 247 247 
MRISripSegs(): -2 2 0.5 ripped 0
Computing target border values 
Entering MRIScomputeBorderValues_new(): 
  inside_hi   = 120.0000000;
  border_hi   = 111.8493580;
  border_low  =  70.0000000;
  outside_low =  59.8725510;
  outside_hi  = 111.8493580;
  sigma = 1;
  max_thickness = 10;
  step_size=0.5;
  STEP_SIZE=0.1;
  which = 1
  thresh = 0
  flags = 0
  CBVfindFirstPeakD1=0
  CBVfindFirstPeakD2=0
  nvertices=121949
  Gdiag_no=-1
  vno start=0, stop=121949
Replacing 255s with 0s
#SI# sigma=1 had to be increased for 70 vertices, nripped=6763
mean border=84.6, 40 (8) missing vertices, mean dist -0.2 [0.4 (%71.3)->0.3 (%28.7))]
%79 local maxima, %15 large gradients and % 0 min vals, 0 gradients ignored
nFirstPeakD1 0
MRIScomputeBorderValues_new() finished in 0.0090 min


Finding expansion regions
mean absolute distance = 0.33 +- 0.60
2469 vertices more than 2 sigmas from mean.
Averaging target values for 5 iterations...
Positioning Surface: tspring = 0.3, nspring = 0.3, spring = 0, niters = 100 l_repulse = 5, l_surf_repulse = 0, checktol = 0
Positioning pial surface
Entering MRISpositionSurface()
  max_mm = 0.3
  MAX_REDUCTIONS = 2, REDUCTION_PCT = 0.5
  parms->check_tol = 0, niterations = 100
tol=1.0e-04, sigma=1.0, host=dna05, nav=2, nbrs=2, l_repulse=5.000, l_tspring=0.300, l_nspring=0.300, l_intensity=0.200, l_curv=1.000
mom=0.00, dt=0.50
000: dt: 0.0000, sse=577097.6, rms=4.141
017: dt: 0.5000, sse=350696.8, rms=2.708 (34.612%)
rms = 2.7778/2.7080, sse=358125.3/350696.8, time step reduction 1 of 3 to 0.250  0 1 1
   RMS increased, rejecting step
018: dt: 0.2500, sse=271947.4, rms=1.984 (26.733%)
019: dt: 0.2500, sse=230308.0, rms=1.456 (26.633%)
020: dt: 0.2500, sse=217271.8, rms=1.247 (14.324%)
021: dt: 0.2500, sse=212978.7, rms=1.166 (6.524%)
rms = 1.1274/1.1658, sse=211116.1/212978.7, time step reduction 2 of 3 to 0.125  0 0 1
022: dt: 0.2500, sse=211116.1, rms=1.127 (3.289%)
rms = 1.0845/1.1274, sse=208962.2/211116.1, time step reduction 3 of 3 to 0.062  0 0 1
023: dt: 0.1250, sse=208962.2, rms=1.085 (3.804%)
  maximum number of reductions reached, breaking from loop
positioning took 0.5 minutes
Iteration 2 =========================================
n_averages=1, current_sigma=0.5
Freezing midline and others
Ripping frozen voxels
INFO: rip surface needed but not specified, so using input surface
Freezing midline and others
Entering: MRISripMidline(): inhibiting deformation at non-cortical midline structures...
  which=1, fix_mtl=0, using annot = 0
#FML0# MRISripMidline(): nripped=6763
removing 2 vertices from ripped group in thread:0
#FML# MRISripMidline(): nmarked=6832, nmarked2=48, nripped=6832
Ripping segs (eg, WMSA, BG, frozen)
Starting MRISripSegs() d = (-2 2 0.5) segnos: 247 247 247 247 
MRISripSegs(): -2 2 0.5 ripped 0
Computing target border values 
Entering MRIScomputeBorderValues_new(): 
  inside_hi   = 120.0000000;
  border_hi   = 111.8493580;
  border_low  =  70.0000000;
  outside_low =  59.8725510;
  outside_hi  = 111.8493580;
  sigma = 0.5;
  max_thickness = 10;
  step_size=0.5;
  STEP_SIZE=0.1;
  which = 1
  thresh = 0
  flags = 0
  CBVfindFirstPeakD1=0
  CBVfindFirstPeakD2=0
  nvertices=121949
  Gdiag_no=-1
  vno start=0, stop=121949
Replacing 255s with 0s
#SI# sigma=0.5 had to be increased for 73 vertices, nripped=6832
mean border=86.3, 29 (2) missing vertices, mean dist -0.1 [0.3 (%67.6)->0.2 (%32.4))]
%85 local maxima, % 9 large gradients and % 0 min vals, 0 gradients ignored
nFirstPeakD1 0
MRIScomputeBorderValues_new() finished in 0.0052 min


Finding expansion regions
mean absolute distance = 0.26 +- 0.44
2955 vertices more than 2 sigmas from mean.
Averaging target values for 5 iterations...
Positioning Surface: tspring = 0.3, nspring = 0.3, spring = 0, niters = 100 l_repulse = 5, l_surf_repulse = 0, checktol = 0
Positioning pial surface
Entering MRISpositionSurface()
  max_mm = 0.3
  MAX_REDUCTIONS = 2, REDUCTION_PCT = 0.5
  parms->check_tol = 0, niterations = 100
tol=1.0e-04, sigma=0.5, host=dna05, nav=1, nbrs=2, l_repulse=5.000, l_tspring=0.300, l_nspring=0.300, l_intensity=0.200, l_curv=1.000
mom=0.00, dt=0.50
000: dt: 0.0000, sse=342180.8, rms=2.651
024: dt: 0.5000, sse=309150.8, rms=2.346 (11.476%)
rms = 2.6361/2.3465, sse=339242.4/309150.8, time step reduction 1 of 3 to 0.250  0 1 1
   RMS increased, rejecting step
025: dt: 0.2500, sse=235758.6, rms=1.542 (34.296%)
026: dt: 0.2500, sse=211614.9, rms=1.157 (24.961%)
027: dt: 0.2500, sse=206096.5, rms=1.056 (8.763%)
rms = 1.0382/1.0555, sse=205234.9/206096.5, time step reduction 2 of 3 to 0.125  0 0 1
028: dt: 0.2500, sse=205235.0, rms=1.038 (1.646%)
029: dt: 0.1250, sse=202576.1, rms=0.982 (5.446%)
rms = 0.9798/0.9816, sse=202448.0/202576.1, time step reduction 3 of 3 to 0.062  0 0 1
030: dt: 0.1250, sse=202448.0, rms=0.980 (0.182%)
  maximum number of reductions reached, breaking from loop
positioning took 0.5 minutes
Iteration 3 =========================================
n_averages=0, current_sigma=0.25
Freezing midline and others
Ripping frozen voxels
INFO: rip surface needed but not specified, so using input surface
Freezing midline and others
Entering: MRISripMidline(): inhibiting deformation at non-cortical midline structures...
  which=1, fix_mtl=0, using annot = 0
#FML0# MRISripMidline(): nripped=6832
removing 4 vertices from ripped group in thread:0
removing 3 vertices from ripped group in thread:0
#FML# MRISripMidline(): nmarked=6909, nmarked2=48, nripped=6909
Ripping segs (eg, WMSA, BG, frozen)
Starting MRISripSegs() d = (-2 2 0.5) segnos: 247 247 247 247 247 
MRISripSegs(): -2 2 0.5 ripped 0
Computing target border values 
Entering MRIScomputeBorderValues_new(): 
  inside_hi   = 120.0000000;
  border_hi   = 111.8493580;
  border_low  =  70.0000000;
  outside_low =  59.8725510;
  outside_hi  = 111.8493580;
  sigma = 0.25;
  max_thickness = 10;
  step_size=0.5;
  STEP_SIZE=0.1;
  which = 1
  thresh = 0
  flags = 0
  CBVfindFirstPeakD1=0
  CBVfindFirstPeakD2=0
  nvertices=121949
  Gdiag_no=-1
  vno start=0, stop=121949
Replacing 255s with 0s
#SI# sigma=0.25 had to be increased for 89 vertices, nripped=6909
mean border=87.0, 44 (1) missing vertices, mean dist -0.0 [0.2 (%55.8)->0.2 (%44.2))]
%88 local maxima, % 7 large gradients and % 0 min vals, 0 gradients ignored
nFirstPeakD1 0
MRIScomputeBorderValues_new() finished in 0.0033 min


Finding expansion regions
mean absolute distance = 0.23 +- 0.36
3071 vertices more than 2 sigmas from mean.
Averaging target values for 5 iterations...
Positioning Surface: tspring = 0.3, nspring = 0.3, spring = 0, niters = 100 l_repulse = 5, l_surf_repulse = 0, checktol = 0
Positioning pial surface
Entering MRISpositionSurface()
  max_mm = 0.3
  MAX_REDUCTIONS = 2, REDUCTION_PCT = 0.5
  parms->check_tol = 0, niterations = 100
tol=1.0e-04, sigma=0.2, host=dna05, nav=0, nbrs=2, l_repulse=5.000, l_tspring=0.300, l_nspring=0.300, l_intensity=0.200, l_curv=1.000
mom=0.00, dt=0.50
000: dt: 0.0000, sse=224017.5, rms=1.404
rms = 1.4603/1.4037, sse=229296.0/224017.5, time step reduction 1 of 3 to 0.250  0 1 1
   RMS increased, rejecting step
031: dt: 0.2500, sse=200834.9, rms=0.979 (30.268%)
032: dt: 0.2500, sse=191790.8, rms=0.749 (23.432%)
rms = 0.7602/0.7495, sse=191509.7/191790.8, time step reduction 2 of 3 to 0.125  0 0 1
   RMS increased, rejecting step
rms = 0.7407/0.7495, sse=191390.4/191790.8, time step reduction 3 of 3 to 0.062  0 0 1
033: dt: 0.1250, sse=191390.4, rms=0.741 (1.170%)
  maximum number of reductions reached, breaking from loop
positioning took 0.3 minutes


Writing output to ../surf/lh.white.preaparc
#ET# mris_place_surface  2.46 minutes
#VMPC# mris_place_surfaces VmPeak  3005976
mris_place_surface done
#--------------------------------------------
#@# CortexLabel lh Tue Mar 10 07:15:57 CET 2026
cd /out/sourcedata/freesurfer/sub-v1s6x0051365_ses-1/mri
mri_label2label --label-cortex ../surf/lh.white.preaparc aseg.presurf.mgz 0 ../label/lh.cortex.label

 Generating cortex label... RemoveHipAmgy=0
 NucAccIsMedialWall=0
 mris->useRealRAS=0
3 non-cortical segments detected
only using segment with 8080 vertices
erasing segment 1 (vno[0] = 71370)
erasing segment 2 (vno[0] = 77240)
#--------------------------------------------
#@# CortexLabel+HipAmyg lh Tue Mar 10 07:16:09 CET 2026
cd /out/sourcedata/freesurfer/sub-v1s6x0051365_ses-1/mri
mri_label2label --label-cortex ../surf/lh.white.preaparc aseg.presurf.mgz 1 ../label/lh.cortex+hipamyg.label

 Generating cortex label... RemoveHipAmgy=1
 NucAccIsMedialWall=0
 mris->useRealRAS=0
5 non-cortical segments detected
only using segment with 6192 vertices
erasing segment 1 (vno[0] = 63309)
erasing segment 2 (vno[0] = 67876)
erasing segment 3 (vno[0] = 72060)
erasing segment 4 (vno[0] = 77240)
#--------------------------------------------
#@# Smooth2 lh Tue Mar 10 07:16:22 CET 2026
/out/sourcedata/freesurfer/sub-v1s6x0051365_ses-1/scripts

 mris_smooth -n 3 -nw -seed 1234 ../surf/lh.white.preaparc ../surf/lh.smoothwm 

smoothing for 3 iterations
setting seed for random number generator to 1234
smoothing surface tessellation for 3 iterations...
smoothing complete - recomputing first and second fundamental forms...
#--------------------------------------------
#@# Inflation2 lh Tue Mar 10 07:16:24 CET 2026
/out/sourcedata/freesurfer/sub-v1s6x0051365_ses-1/scripts

 mris_inflate ../surf/lh.smoothwm ../surf/lh.inflated 

Reading ../surf/lh.smoothwm
avg radius = 45.3 mm, total surface area = 76638 mm^2
step 000: RMS=0.170 (target=0.015)   step 005: RMS=0.113 (target=0.015)   step 010: RMS=0.084 (target=0.015)   step 015: RMS=0.069 (target=0.015)   step 020: RMS=0.057 (target=0.015)   step 025: RMS=0.047 (target=0.015)   step 030: RMS=0.039 (target=0.015)   step 035: RMS=0.033 (target=0.015)   step 040: RMS=0.028 (target=0.015)   step 045: RMS=0.025 (target=0.015)   step 050: RMS=0.022 (target=0.015)   step 055: RMS=0.020 (target=0.015)   step 060: RMS=0.018 (target=0.015)   writing inflated surface to ../surf/lh.inflated
writing sulcal depths to ../surf/lh.sulc

inflation complete.
inflation took 0.1 minutes
mris_inflate utimesec    45.584328
mris_inflate stimesec    1.558253
mris_inflate ru_maxrss   188124
mris_inflate ru_ixrss    0
mris_inflate ru_idrss    0
mris_inflate ru_isrss    0
mris_inflate ru_minflt   511173
mris_inflate ru_majflt   2
mris_inflate ru_nswap    0
mris_inflate ru_inblock  130
mris_inflate ru_oublock  9544
mris_inflate ru_msgsnd   0
mris_inflate ru_msgrcv   0
mris_inflate ru_nsignals 0
mris_inflate ru_nvcsw    4977
mris_inflate ru_nivcsw   168
#--------------------------------------------
#@# Curv .H and .K lh Tue Mar 10 07:16:33 CET 2026
/out/sourcedata/freesurfer/sub-v1s6x0051365_ses-1/surf

 mris_curvature -w -seed 1234 lh.white.preaparc 

setting seed for random number generator to 1234
total integrated curvature = 12.508*4pi (157.174) --> -12 handles
ICI = 132.0, FI = 1208.1, variation=19463.787
writing Gaussian curvature to ./lh.white.preaparc.K...done.
writing mean curvature to ./lh.white.preaparc.H...done.
rm -f lh.white.H
ln -s lh.white.preaparc.H lh.white.H
rm -f lh.white.K
ln -s lh.white.preaparc.K lh.white.K

 mris_curvature -seed 1234 -thresh .999 -n -a 5 -w -distances 10 10 lh.inflated 

setting seed for random number generator to 1234
normalizing curvature values.
averaging curvature patterns 5 times.
sampling 10 neighbors out to a distance of 10 mm
189 vertices thresholded to be in k1 ~ [-0.17 0.51], k2 ~ [-0.09 0.04]
total integrated curvature = 0.663*4pi (8.331) --> 0 handles
ICI = 1.4, FI = 7.5, variation=133.157
83 vertices thresholded to be in [-0.01 0.01]
writing Gaussian curvature to ./lh.inflated.K...thresholding curvature at 99.90% level
curvature mean = 0.000, std = 0.001
151 vertices thresholded to be in [-0.12 0.22]
done.
writing mean curvature to ./lh.inflated.H...curvature mean = -0.016, std = 0.021
done.
#--------------------------------------------
#@# Sphere lh Tue Mar 10 07:17:13 CET 2026
/out/sourcedata/freesurfer/sub-v1s6x0051365_ses-1/scripts

 mris_sphere -seed 1234 ../surf/lh.inflated ../surf/lh.sphere 

setting seed for random number genererator to 1234
version: 7.3.2
available threads: 16
reading original vertex positions...
projecting onto sphere...
surface projected - minimizing metric distortion...
scaling brain by 0.312...
MRISunfold() max_passes = 1 -------
tol=5.0e-01, sigma=0.0, host=dna05, nav=1024, nbrs=2, l_area=1.000, l_dist=1.000
using quadratic fit line minimization
complete_dist_mat 0
rms 0
smooth_averages 0
remove_neg 0
ico_order 0
which_surface 0
target_radius 0.000000
nfields 0
scale 1.000000
desired_rms_height -1.000000
momentum 0.900000
nbhd_size 7
max_nbrs 8
niterations 25
nsurfaces 0
SURFACES 3
flags 0 (0)
use curv 0
no sulc 0
no rigid align 0
mris->nsize 2
mris->hemisphere 0
randomSeed 1234

singular matrix in quadratic form
singular matrix in quadratic form
singular matrix in quadratic form
singular matrix in quadratic form
--------------------
  mrisRemoveNegativeArea()
pass 1: epoch 1 of 3 starting distance error %19.25
pass 1: epoch 2 of 3 starting distance error %19.25
unfolding complete - removing small folds...
starting distance error %19.22
removing remaining folds...
final distance error %19.22
MRISunfold() return, current seed 1234
-01: dt=0.0000,  78 negative triangles  VmPeak 2433364
095: dt=0.9900,  78 negative triangles
096: dt=0.9900,  30 negative triangles
097: dt=0.9900,  16 negative triangles
098: dt=0.9900,  10 negative triangles
099: dt=0.9900,  13 negative triangles
100: dt=0.9900,  10 negative triangles
101: dt=0.9900,  12 negative triangles
102: dt=0.9900,  10 negative triangles
103: dt=0.9900,  12 negative triangles
104: dt=0.9900,  13 negative triangles
105: dt=0.9900,  13 negative triangles
106: dt=0.9900,  10 negative triangles
107: dt=0.9900,  10 negative triangles
108: dt=0.9405,  10 negative triangles
109: dt=0.9405,   9 negative triangles
110: dt=0.9405,  12 negative triangles
111: dt=0.9405,  10 negative triangles
112: dt=0.9405,  12 negative triangles
113: dt=0.9405,  10 negative triangles
114: dt=0.9405,  12 negative triangles
115: dt=0.9405,  12 negative triangles
116: dt=0.9405,  10 negative triangles
117: dt=0.9405,   9 negative triangles
118: dt=0.9405,   8 negative triangles
119: dt=0.9405,   7 negative triangles
120: dt=0.9405,   9 negative triangles
121: dt=0.9405,   8 negative triangles
122: dt=0.9405,   7 negative triangles
123: dt=0.9405,   8 negative triangles
124: dt=0.9405,   7 negative triangles
125: dt=0.9405,   6 negative triangles
126: dt=0.9405,   7 negative triangles
127: dt=0.9405,   6 negative triangles
128: dt=0.9405,   5 negative triangles
129: dt=0.9405,   7 negative triangles
130: dt=0.9405,   7 negative triangles
131: dt=0.9405,   4 negative triangles
132: dt=0.9405,   4 negative triangles
133: dt=0.9405,   5 negative triangles
134: dt=0.9405,   2 negative triangles
135: dt=0.9405,   2 negative triangles
136: dt=0.9405,   1 negative triangles
137: dt=0.9405,   1 negative triangles
138: dt=0.9405,   3 negative triangles
139: dt=0.9405,   1 negative triangles
writing spherical brain to ../surf/lh.sphere
spherical transformation took 0.0255 hours
FSRUNTIME@ mris_sphere  0.0255 hours 16 threads
#VMPC# mris_sphere VmPeak  2433364
mris_sphere done
#--------------------------------------------
#@# Surf Reg lh Tue Mar 10 07:18:45 CET 2026
/out/sourcedata/freesurfer/sub-v1s6x0051365_ses-1/scripts

 mris_register -curv ../surf/lh.sphere /opt/freesurfer/average/lh.folding.atlas.acfb40.noaparc.i12.2016-08-02.tif ../surf/lh.sphere.reg 

using smoothwm curvature for final alignment

cwd /out/sourcedata/freesurfer/sub-v1s6x0051365_ses-1/scripts
cmdline mris_register -curv ../surf/lh.sphere /opt/freesurfer/average/lh.folding.atlas.acfb40.noaparc.i12.2016-08-02.tif ../surf/lh.sphere.reg 

0 inflated.H
1 sulc
2 smoothwm (computed)
7.3.2
  7.3.2
reading surface from ../surf/lh.sphere...
reading template parameterization from /opt/freesurfer/average/lh.folding.atlas.acfb40.noaparc.i12.2016-08-02.tif...
MRISregister() -------
max_passes = 4 
min_degrees = 0.500000 
max_degrees = 64.000000 
nangles = 8 
tol=5.0e-01, sigma=0.0, host=dna05, nav=1024, nbrs=1, l_extern=10000.000, l_parea=0.200, l_nlarea=1.000, l_corr=1.000, l_dist=5.000
using quadratic fit line minimization
complete_dist_mat 0
rms 0
smooth_averages 0
remove_neg 0
ico_order 0
which_surface 0
target_radius 0.000000
nfields 0
scale 0.000000
desired_rms_height -1.000000
momentum 0.950000
nbhd_size -10
max_nbrs 10
niterations 25
nsurfaces 0
SURFACES 3
flags 16 (10)
use curv 16
no sulc 0
no rigid align 0
mris->nsize 1
mris->hemisphere 0
randomSeed 0

tol=5.0e-01, sigma=0.0, host=dna05, nav=1024, nbrs=1, l_extern=10000.000, l_parea=0.200, l_nlarea=1.000, l_corr=1.000, l_dist=5.000
using quadratic fit line minimization
--------------------
1 Reading lh.sulc
tol=1.0e+00, sigma=0.5, host=dna05, nav=1024, nbrs=1, l_extern=10000.000, l_parea=0.200, l_nlarea=1.000, l_corr=0.050, l_spring=0.500, l_dist=5.000
using quadratic fit line minimization
curvature mean = 0.000, std = 5.595
curvature mean = 0.035, std = 0.821
curvature mean = 0.008, std = 0.874
Starting MRISrigidBodyAlignGlobal()
Starting new MRISrigidBodyAlignGlobal_findMinSSE()
  new MRISrigidBodyAlignGlobal_findMinSSE min @ (4.50, -4.00, 1.00) sse = 190340.4, elapsed since starting=0.0734 min
MRISrigidBodyAlignGlobal() done   0.07 min
curvature mean = 0.017, std = 0.841
curvature mean = 0.004, std = 0.954
curvature mean = 0.016, std = 0.852
curvature mean = 0.002, std = 0.982
curvature mean = 0.015, std = 0.854
curvature mean = 0.000, std = 0.993
2 Reading smoothwm
curvature mean = -0.016, std = 0.253
curvature mean = 0.044, std = 0.249
curvature mean = 0.047, std = 0.390
curvature mean = 0.041, std = 0.307
curvature mean = 0.024, std = 0.597
curvature mean = 0.040, std = 0.335
curvature mean = 0.011, std = 0.736
curvature mean = 0.040, std = 0.347
curvature mean = 0.002, std = 0.835
MRISregister() return, current seed 0
-01: dt=0.0000,   1 negative triangles  VmPeak 1590632
108: dt=0.9900,   1 negative triangles
expanding nbhd size to 1
109: dt=0.9900,   2 negative triangles
110: dt=0.9405,   1 negative triangles
writing registered surface to ../surf/lh.sphere.reg...
registration took 0.04 hours
#VMPC# mris_register VmPeak  1590632
FSRUNTIME@ mris_register  0.0427 hours 16 threads

 ln -sf lh.sphere.reg lh.fsaverage.sphere.reg 

#--------------------------------------------
#@# Jacobian white lh Tue Mar 10 07:21:18 CET 2026
/out/sourcedata/freesurfer/sub-v1s6x0051365_ses-1/scripts

 mris_jacobian ../surf/lh.white.preaparc ../surf/lh.sphere.reg ../surf/lh.jacobian_white 

reading surface from ../surf/lh.white.preaparc...
writing curvature file ../surf/lh.jacobian_white
#--------------------------------------------
#@# AvgCurv lh Tue Mar 10 07:21:19 CET 2026
/out/sourcedata/freesurfer/sub-v1s6x0051365_ses-1/scripts

 mrisp_paint -a 5 /opt/freesurfer/average/lh.folding.atlas.acfb40.noaparc.i12.2016-08-02.tif#6 ../surf/lh.sphere.reg ../surf/lh.avg_curv 

averaging curvature patterns 5 times...
reading surface from ../surf/lh.sphere.reg...
reading template parameterization from /opt/freesurfer/average/lh.folding.atlas.acfb40.noaparc.i12.2016-08-02.tif...
writing curvature file to ../surf/lh.avg_curv...
#-----------------------------------------
#@# Cortical Parc lh Tue Mar 10 07:21:19 CET 2026
/out/sourcedata/freesurfer/sub-v1s6x0051365_ses-1/scripts

 mris_ca_label -l ../label/lh.cortex.label -aseg ../mri/aseg.presurf.mgz -seed 1234 sub-v1s6x0051365_ses-1 lh ../surf/lh.sphere.reg /opt/freesurfer/average/lh.DKaparc.atlas.acfb40.noaparc.i12.2016-08-02.gcs ../label/lh.aparc.annot 

setting seed for random number generator to 1234
using ../mri/aseg.presurf.mgz aseg volume to correct midline
7.3.2
  7.3.2
reading atlas from /opt/freesurfer/average/lh.DKaparc.atlas.acfb40.noaparc.i12.2016-08-02.gcs...
reading color table from GCSA file....
average std = 0.8   using min determinant for regularization = 0.006
0 singular and 342 ill-conditioned covariance matrices regularized
input 0: MEAN CURVATURE, flags 0, avgs 5, name mean_curvature
labeling surface...
1129 labels changed using aseg
relabeling using gibbs priors...
000:   2818 changed, 121949 examined...
001:    681 changed, 11858 examined...
002:    153 changed, 3847 examined...
003:     57 changed, 941 examined...
004:     24 changed, 357 examined...
005:      3 changed, 152 examined...
006:      1 changed, 22 examined...
007:      0 changed, 7 examined...
229 labels changed using aseg
000: 105 total segments, 60 labels (175 vertices) changed
001: 46 total segments, 3 labels (5 vertices) changed
002: 43 total segments, 0 labels (0 vertices) changed
10 filter iterations complete (10 requested, 2 changed)
rationalizing unknown annotations with cortex label
relabeling unknown label...
relabeling corpuscallosum label...
1745 vertices marked for relabeling...
1745 labels changed in reclassification.
writing output to ../label/lh.aparc.annot...
classification took 0 minutes and 8 seconds.
#--------------------------------------------
#@# WhiteSurfs lh Tue Mar 10 07:21:28 CET 2026
cd /out/sourcedata/freesurfer/sub-v1s6x0051365_ses-1/mri
mris_place_surface --adgws-in ../surf/autodet.gw.stats.lh.dat --seg aseg.presurf.mgz --threads 16 --wm wm.mgz --invol brain.finalsurfs.mgz --lh --i ../surf/lh.white.preaparc --o ../surf/lh.white --white --nsmooth 0 --rip-label ../label/lh.cortex.label --rip-bg --rip-surf ../surf/lh.white.preaparc --aparc ../label/lh.aparc.annot
7.3.2
7.3.2

cd /out/sourcedata/freesurfer/sub-v1s6x0051365_ses-1/mri
setenv SUBJECTS_DIR /out/sourcedata/freesurfer
mris_place_surface --adgws-in ../surf/autodet.gw.stats.lh.dat --seg aseg.presurf.mgz --threads 16 --wm wm.mgz --invol brain.finalsurfs.mgz --lh --i ../surf/lh.white.preaparc --o ../surf/lh.white --white --nsmooth 0 --rip-label ../label/lh.cortex.label --rip-bg --rip-surf ../surf/lh.white.preaparc --aparc ../label/lh.aparc.annot 

Reading in input surface ../surf/lh.white.preaparc
Not smoothing input surface
Area    243894  0.34588  0.12111 0.001947   2.5960
Corner  731682 60.00000 13.72102 0.691170 177.6024
Edge    365841  0.90443  0.19889 0.019300   3.8707
Hinge   365841 10.34220 10.94652 0.000002 179.6092
Reading in aparc ../label/lh.aparc.annot
Reading in input volume brain.finalsurfs.mgz
Reading in wm volume wm.mgz
MRIclipBrightWM(): nthresh=23004, wmmin=5, clip=110 
MRIfindBrightNonWM(): 380 bright non-wm voxels segmented.
Masking bright non-wm for white surface
MRImask(): AllowDiffGeom = 1
MRImask(): AllowDiffGeom = 1
Reading in seg volume aseg.presurf.mgz
Ripping frozen voxels
Ripping vertices not in label ../label/lh.cortex.label
MRISripNotLabel() ripped 8297/121949 vertices (113652 unripped)
Reading in ripping surface ../surf/lh.white.preaparc
Reading in aparc ../label/lh.aparc.annot for ripsurf
Ripping BG
MRISripBasalGanglia(): 1 -2 2 0.5 ripped 420
Ripping segs (eg, WMSA, BG, frozen)
Starting MRISripSegs() d = (-2 2 0.5) segnos: 247 
MRISripSegs(): -2 2 0.5 ripped 0
vertex 60975: xyz = (-20.099,-8.50984,77.729) oxyz = (-20.099,-8.50984,77.729) wxzy = (-20.099,-8.50984,77.729) pxyz = (0,0,0) 
CBVO Creating mask 121949
n_averages 4
Iteration 0 =========================================
n_averages=4, current_sigma=2
Computing target border values 
Entering MRIScomputeBorderValues_new(): 
  inside_hi   = 120.0000000;
  border_hi   = 111.8493580;
  border_low  =  70.0000000;
  outside_low =  59.8725510;
  outside_hi  = 111.8493580;
  sigma = 2;
  max_thickness = 10;
  step_size=0.5;
  STEP_SIZE=0.1;
  which = 1
  thresh = 0
  flags = 0
  CBVfindFirstPeakD1=0
  CBVfindFirstPeakD2=0
  nvertices=121949
  Gdiag_no=-1
  vno start=0, stop=121949
Replacing 255s with 0s
#SI# sigma=2 had to be increased for 102 vertices, nripped=8717
mean border=81.7, 98 (98) missing vertices, mean dist 0.3 [0.9 (%15.6)->0.5 (%84.4))]
%67 local maxima, %26 large gradients and % 0 min vals, 0 gradients ignored
nFirstPeakD1 0
MRIScomputeBorderValues_new() finished in 0.0125 min


Finding expansion regions
mean absolute distance = 0.54 +- 0.89
2076 vertices more than 2 sigmas from mean.
Averaging target values for 5 iterations...
Positioning Surface: tspring = 0.3, nspring = 0.3, spring = 0, niters = 100 l_repulse = 5, l_surf_repulse = 0, checktol = 0
Positioning pial surface
Entering MRISpositionSurface()
  max_mm = 0.3
  MAX_REDUCTIONS = 2, REDUCTION_PCT = 0.5
  parms->check_tol = 0, niterations = 100
tol=1.0e-04, sigma=2.0, host=dna05, nav=4, nbrs=2, l_repulse=5.000, l_tspring=0.300, l_nspring=0.300, l_intensity=0.200, l_curv=1.000
mom=0.00, dt=0.50
complete_dist_mat 0
rms 0
smooth_averages 0
remove_neg 0
ico_order 0
which_surface 0
target_radius 0.000000
nfields 0
scale 0.000000
desired_rms_height 0.000000
momentum 0.000000
nbhd_size 0
max_nbrs 0
niterations 100
nsurfaces 0
SURFACES 3
flags 0 (0)
use curv 0
no sulc 0
no rigid align 0
mris->nsize 2
mris->hemisphere 0
randomSeed 0

000: dt: 0.0000, sse=1228969.0, rms=6.823
001: dt: 0.5000, sse=522717.5, rms=3.920 (42.546%)
002: dt: 0.5000, sse=375465.4, rms=2.983 (23.920%)
003: dt: 0.5000, sse=365921.8, rms=2.907 (2.527%)
004: dt: 0.5000, sse=348483.1, rms=2.760 (5.057%)
rms = 2.9051/2.7602, sse=366830.6/348483.1, time step reduction 1 of 3 to 0.250  0 1 1
   RMS increased, rejecting step
005: dt: 0.2500, sse=251061.8, rms=1.819 (34.095%)
006: dt: 0.2500, sse=218992.7, rms=1.351 (25.743%)
007: dt: 0.2500, sse=212016.4, rms=1.218 (9.815%)
rms = 1.1957/1.2182, sse=210201.6/212016.4, time step reduction 2 of 3 to 0.125  0 0 1
008: dt: 0.2500, sse=210201.6, rms=1.196 (1.849%)
rms = 1.1563/1.1957, sse=208842.8/210201.6, time step reduction 3 of 3 to 0.062  0 0 1
009: dt: 0.1250, sse=208842.8, rms=1.156 (3.298%)
  maximum number of reductions reached, breaking from loop
positioning took 0.6 minutes
Iteration 1 =========================================
n_averages=2, current_sigma=1
Computing target border values 
Entering MRIScomputeBorderValues_new(): 
  inside_hi   = 120.0000000;
  border_hi   = 111.8493580;
  border_low  =  70.0000000;
  outside_low =  59.8725510;
  outside_hi  = 111.8493580;
  sigma = 1;
  max_thickness = 10;
  step_size=0.5;
  STEP_SIZE=0.1;
  which = 1
  thresh = 0
  flags = 0
  CBVfindFirstPeakD1=0
  CBVfindFirstPeakD2=0
  nvertices=121949
  Gdiag_no=-1
  vno start=0, stop=121949
Replacing 255s with 0s
#SI# sigma=1 had to be increased for 73 vertices, nripped=8717
mean border=84.3, 75 (31) missing vertices, mean dist -0.2 [0.4 (%71.2)->0.2 (%28.8))]
%77 local maxima, %16 large gradients and % 0 min vals, 0 gradients ignored
nFirstPeakD1 0
MRIScomputeBorderValues_new() finished in 0.0091 min


Finding expansion regions
mean absolute distance = 0.33 +- 0.62
2244 vertices more than 2 sigmas from mean.
Averaging target values for 5 iterations...
Positioning Surface: tspring = 0.3, nspring = 0.3, spring = 0, niters = 100 l_repulse = 5, l_surf_repulse = 0, checktol = 0
Positioning pial surface
Entering MRISpositionSurface()
  max_mm = 0.3
  MAX_REDUCTIONS = 2, REDUCTION_PCT = 0.5
  parms->check_tol = 0, niterations = 100
tol=1.0e-04, sigma=1.0, host=dna05, nav=2, nbrs=2, l_repulse=5.000, l_tspring=0.300, l_nspring=0.300, l_intensity=0.200, l_curv=1.000
mom=0.00, dt=0.50
000: dt: 0.0000, sse=552899.6, rms=4.021
010: dt: 0.5000, sse=341281.4, rms=2.616 (34.932%)
rms = 2.6584/2.6162, sse=344966.2/341281.4, time step reduction 1 of 3 to 0.250  0 1 1
   RMS increased, rejecting step
011: dt: 0.2500, sse=267906.3, rms=1.898 (27.459%)
012: dt: 0.2500, sse=226918.4, rms=1.339 (29.420%)
013: dt: 0.2500, sse=215408.8, rms=1.122 (16.206%)
014: dt: 0.2500, sse=212489.5, rms=1.055 (6.042%)
rms = 1.0313/1.0546, sse=211107.2/212489.5, time step reduction 2 of 3 to 0.125  0 0 1
015: dt: 0.2500, sse=211107.2, rms=1.031 (2.209%)
rms = 1.0003/1.0313, sse=210006.9/211107.2, time step reduction 3 of 3 to 0.062  0 0 1
016: dt: 0.1250, sse=210006.9, rms=1.000 (3.007%)
  maximum number of reductions reached, breaking from loop
positioning took 0.5 minutes
Iteration 2 =========================================
n_averages=1, current_sigma=0.5
Computing target border values 
Entering MRIScomputeBorderValues_new(): 
  inside_hi   = 120.0000000;
  border_hi   = 111.8493580;
  border_low  =  70.0000000;
  outside_low =  59.8725510;
  outside_hi  = 111.8493580;
  sigma = 0.5;
  max_thickness = 10;
  step_size=0.5;
  STEP_SIZE=0.1;
  which = 1
  thresh = 0
  flags = 0
  CBVfindFirstPeakD1=0
  CBVfindFirstPeakD2=0
  nvertices=121949
  Gdiag_no=-1
  vno start=0, stop=121949
Replacing 255s with 0s
#SI# sigma=0.5 had to be increased for 96 vertices, nripped=8717
mean border=86.2, 64 (25) missing vertices, mean dist -0.1 [0.3 (%68.1)->0.2 (%31.9))]
%84 local maxima, % 9 large gradients and % 0 min vals, 0 gradients ignored
nFirstPeakD1 0
MRIScomputeBorderValues_new() finished in 0.0052 min


Finding expansion regions
mean absolute distance = 0.26 +- 0.45
2552 vertices more than 2 sigmas from mean.
Averaging target values for 5 iterations...
Positioning Surface: tspring = 0.3, nspring = 0.3, spring = 0, niters = 100 l_repulse = 5, l_surf_repulse = 0, checktol = 0
Positioning pial surface
Entering MRISpositionSurface()
  max_mm = 0.3
  MAX_REDUCTIONS = 2, REDUCTION_PCT = 0.5
  parms->check_tol = 0, niterations = 100
tol=1.0e-04, sigma=0.5, host=dna05, nav=1, nbrs=2, l_repulse=5.000, l_tspring=0.300, l_nspring=0.300, l_intensity=0.200, l_curv=1.000
mom=0.00, dt=0.50
000: dt: 0.0000, sse=345592.0, rms=2.676
017: dt: 0.5000, sse=308359.9, rms=2.308 (13.744%)
rms = 2.5855/2.3083, sse=333491.1/308359.9, time step reduction 1 of 3 to 0.250  0 1 1
   RMS increased, rejecting step
018: dt: 0.2500, sse=236254.7, rms=1.506 (34.771%)
019: dt: 0.2500, sse=211993.1, rms=1.099 (26.982%)
020: dt: 0.2500, sse=207137.5, rms=0.989 (10.057%)
rms = 0.9712/0.9888, sse=206520.3/207137.5, time step reduction 2 of 3 to 0.125  0 0 1
021: dt: 0.2500, sse=206520.3, rms=0.971 (1.782%)
rms = 0.9273/0.9712, sse=204612.9/206520.3, time step reduction 3 of 3 to 0.062  0 0 1
022: dt: 0.1250, sse=204612.9, rms=0.927 (4.525%)
  maximum number of reductions reached, breaking from loop
positioning took 0.4 minutes
Iteration 3 =========================================
n_averages=0, current_sigma=0.25
Computing target border values 
Entering MRIScomputeBorderValues_new(): 
  inside_hi   = 120.0000000;
  border_hi   = 111.8493580;
  border_low  =  70.0000000;
  outside_low =  59.8725510;
  outside_hi  = 111.8493580;
  sigma = 0.25;
  max_thickness = 10;
  step_size=0.5;
  STEP_SIZE=0.1;
  which = 1
  thresh = 0
  flags = 0
  CBVfindFirstPeakD1=0
  CBVfindFirstPeakD2=0
  nvertices=121949
  Gdiag_no=-1
  vno start=0, stop=121949
Replacing 255s with 0s
#SI# sigma=0.25 had to be increased for 102 vertices, nripped=8717
mean border=86.8, 91 (15) missing vertices, mean dist -0.0 [0.2 (%55.9)->0.2 (%44.1))]
%86 local maxima, % 6 large gradients and % 0 min vals, 0 gradients ignored
nFirstPeakD1 0
MRIScomputeBorderValues_new() finished in 0.0034 min


Finding expansion regions
mean absolute distance = 0.23 +- 0.37
2615 vertices more than 2 sigmas from mean.
Averaging target values for 5 iterations...
Positioning Surface: tspring = 0.3, nspring = 0.3, spring = 0, niters = 100 l_repulse = 5, l_surf_repulse = 0, checktol = 0
Positioning pial surface
Entering MRISpositionSurface()
  max_mm = 0.3
  MAX_REDUCTIONS = 2, REDUCTION_PCT = 0.5
  parms->check_tol = 0, niterations = 100
tol=1.0e-04, sigma=0.2, host=dna05, nav=0, nbrs=2, l_repulse=5.000, l_tspring=0.300, l_nspring=0.300, l_intensity=0.200, l_curv=1.000
mom=0.00, dt=0.50
000: dt: 0.0000, sse=225539.7, rms=1.371
rms = 1.4206/1.3709, sse=230469.8/225539.7, time step reduction 1 of 3 to 0.250  0 1 1
   RMS increased, rejecting step
023: dt: 0.2500, sse=202958.4, rms=0.947 (30.946%)
024: dt: 0.2500, sse=194102.2, rms=0.708 (25.171%)
rms = 0.7151/0.7084, sse=194178.9/194102.2, time step reduction 2 of 3 to 0.125  0 1 1
   RMS increased, rejecting step
rms = 0.7046/0.7084, sse=193972.7/194102.2, time step reduction 3 of 3 to 0.062  0 0 1
025: dt: 0.1250, sse=193972.7, rms=0.705 (0.533%)
  maximum number of reductions reached, breaking from loop
positioning took 0.3 minutes


Writing output to ../surf/lh.white
#ET# mris_place_surface  1.87 minutes
#VMPC# mris_place_surfaces VmPeak  2892000
mris_place_surface done
#--------------------------------------------
#@# T1PialSurf lh Tue Mar 10 07:23:25 CET 2026
cd /out/sourcedata/freesurfer/sub-v1s6x0051365_ses-1/mri
mris_place_surface --adgws-in ../surf/autodet.gw.stats.lh.dat --seg aseg.presurf.mgz --threads 16 --wm wm.mgz --invol brain.finalsurfs.mgz --lh --i ../surf/lh.white --o ../surf/lh.pial.T1 --pial --nsmooth 0 --rip-label ../label/lh.cortex+hipamyg.label --pin-medial-wall ../label/lh.cortex.label --aparc ../label/lh.aparc.annot --repulse-surf ../surf/lh.white --white-surf ../surf/lh.white
7.3.2
7.3.2

cd /out/sourcedata/freesurfer/sub-v1s6x0051365_ses-1/mri
setenv SUBJECTS_DIR /out/sourcedata/freesurfer
mris_place_surface --adgws-in ../surf/autodet.gw.stats.lh.dat --seg aseg.presurf.mgz --threads 16 --wm wm.mgz --invol brain.finalsurfs.mgz --lh --i ../surf/lh.white --o ../surf/lh.pial.T1 --pial --nsmooth 0 --rip-label ../label/lh.cortex+hipamyg.label --pin-medial-wall ../label/lh.cortex.label --aparc ../label/lh.aparc.annot --repulse-surf ../surf/lh.white --white-surf ../surf/lh.white 

Reading in input surface ../surf/lh.white
Not smoothing input surface
Area    243894  0.34895  0.13468 0.001178   2.5960
Corner  731682 60.00000 15.12381 0.202140 178.1617
Edge    365841  0.91004  0.21775 0.019170   3.8707
Hinge   365841 10.50588 11.41483 0.000002 179.8510
Reading white surface coordinates from ../surf/lh.white
Reading repulsion surface coordinates from ../surf/lh.white
Reading in aparc ../label/lh.aparc.annot
Reading in input volume brain.finalsurfs.mgz
Reading in wm volume wm.mgz
MRIclipBrightWM(): nthresh=23004, wmmin=5, clip=110 
MRIfindBrightNonWM(): 380 bright non-wm voxels segmented.
Masking bright non-wm for pial surface mid_gray = 67.8842
MRImask(): AllowDiffGeom = 1
MRImask(): AllowDiffGeom = 1
MRImask(): AllowDiffGeom = 1
Reading in seg volume aseg.presurf.mgz
Ripping frozen voxels
Ripping vertices not in label ../label/lh.cortex+hipamyg.label
MRISripNotLabel() ripped 6561/121949 vertices (115388 unripped)
INFO: rip surface needed but not specified, so using input surface
Ripping segs (eg, WMSA, BG, frozen)
Starting MRISripSegs() d = (-2 2 0.5) segnos: 247 
MRISripSegs(): -2 2 0.5 ripped 0
vertex 60975: xyz = (-20.1884,-8.692,77.7672) oxyz = (-20.1884,-8.692,77.7672) wxzy = (-20.1884,-8.692,77.7672) pxyz = (-20.1884,-8.692,77.7672) 
CBVO Creating mask 121949
n_averages 16
Iteration 0 =========================================
n_averages=16, current_sigma=2
Computing target border values 
Entering MRIScomputeBorderValues_new(): 
  inside_hi   =  96.1506420;
  border_hi   =  59.8725510;
  border_low  =  39.6176610;
  outside_low =  10.0000000;
  outside_hi  =  54.8088300;
  sigma = 2;
  max_thickness = 10;
  step_size=0.5;
  STEP_SIZE=0.1;
  which = 2
  thresh = 0
  flags = 0
  CBVfindFirstPeakD1=0
  CBVfindFirstPeakD2=0
  nvertices=121949
  Gdiag_no=-1
  vno start=0, stop=121949
Replacing 255s with 0s
#SI# sigma=2 had to be increased for 150 vertices, nripped=6561
mean border=58.2, 126 (126) missing vertices, mean dist 1.7 [1.5 (%0.0)->2.8 (%100.0))]
%12 local maxima, %44 large gradients and %38 min vals, 0 gradients ignored
nFirstPeakD1 0
MRIScomputeBorderValues_new() finished in 0.0111 min


Averaging target values for 5 iterations...
Positioning Surface: tspring = 0.3, nspring = 0.3, spring = 0, niters = 100 l_repulse = 0, l_surf_repulse = 5, checktol = 0
Positioning pial surface
Entering MRISpositionSurface()
  max_mm = 0.3
  MAX_REDUCTIONS = 2, REDUCTION_PCT = 0.5
  parms->check_tol = 0, niterations = 100
tol=1.0e-04, sigma=2.0, host=dna05, nav=16, nbrs=2, l_surf_repulse=5.000, l_tspring=0.300, l_nspring=0.300, l_intensity=0.200, l_curv=1.000
mom=0.00, dt=0.50
complete_dist_mat 0
rms 0
smooth_averages 0
remove_neg 0
ico_order 0
which_surface 0
target_radius 0.000000
nfields 0
scale 0.000000
desired_rms_height 0.000000
momentum 0.000000
nbhd_size 0
max_nbrs 0
niterations 100
nsurfaces 0
SURFACES 3
flags 0 (0)
use curv 0
no sulc 0
no rigid align 0
mris->nsize 2
mris->hemisphere 0
randomSeed 0

000: dt: 0.0000, sse=19781966.0, rms=29.160
001: dt: 0.5000, sse=13448691.0, rms=23.991 (17.727%)
002: dt: 0.5000, sse=9049812.0, rms=19.613 (18.247%)
003: dt: 0.5000, sse=6274572.0, rms=16.254 (17.127%)
004: dt: 0.5000, sse=4561143.5, rms=13.775 (15.251%)
005: dt: 0.5000, sse=3439536.5, rms=11.874 (13.803%)
006: dt: 0.5000, sse=2628771.8, rms=10.281 (13.417%)
007: dt: 0.5000, sse=2004855.4, rms=8.860 (13.819%)
008: dt: 0.5000, sse=1531611.0, rms=7.606 (14.159%)
009: dt: 0.5000, sse=1190172.6, rms=6.551 (13.867%)
010: dt: 0.5000, sse=955982.2, rms=5.714 (12.781%)
011: dt: 0.5000, sse=800431.4, rms=5.080 (11.095%)
012: dt: 0.5000, sse=699504.8, rms=4.620 (9.052%)
013: dt: 0.5000, sse=632107.3, rms=4.283 (7.283%)
014: dt: 0.5000, sse=591481.6, rms=4.065 (5.104%)
015: dt: 0.5000, sse=564681.6, rms=3.912 (3.755%)
016: dt: 0.5000, sse=545271.4, rms=3.797 (2.944%)
017: dt: 0.5000, sse=530370.2, rms=3.705 (2.412%)
018: dt: 0.5000, sse=520799.1, rms=3.644 (1.643%)
rms = 3.6075/3.6445, sse=515425.2/520799.1, time step reduction 1 of 3 to 0.250  0 0 1
019: dt: 0.5000, sse=515425.2, rms=3.607 (1.015%)
020: dt: 0.2500, sse=444893.1, rms=3.130 (13.224%)
021: dt: 0.2500, sse=429843.1, rms=3.021 (3.498%)
rms = 3.0089/3.0209, sse=428536.4/429843.1, time step reduction 2 of 3 to 0.125  0 0 1
022: dt: 0.2500, sse=428536.4, rms=3.009 (0.398%)
023: dt: 0.1250, sse=421651.5, rms=2.955 (1.781%)
rms = 2.9463/2.9553, sse=420584.5/421651.5, time step reduction 3 of 3 to 0.062  0 0 1
024: dt: 0.1250, sse=420584.5, rms=2.946 (0.304%)
  maximum number of reductions reached, breaking from loop
positioning took 1.3 minutes
Iteration 1 =========================================
n_averages=8, current_sigma=1
Computing target border values 
Entering MRIScomputeBorderValues_new(): 
  inside_hi   =  96.1506420;
  border_hi   =  59.8725510;
  border_low  =  39.6176610;
  outside_low =  10.0000000;
  outside_hi  =  54.8088300;
  sigma = 1;
  max_thickness = 10;
  step_size=0.5;
  STEP_SIZE=0.1;
  which = 2
  thresh = 0
  flags = 0
  CBVfindFirstPeakD1=0
  CBVfindFirstPeakD2=0
  nvertices=121949
  Gdiag_no=-1
  vno start=0, stop=121949
Replacing 255s with 0s
#SI# sigma=1 had to be increased for 9304 vertices, nripped=6561
mean border=57.1, 1587 (23) missing vertices, mean dist 0.2 [0.2 (%48.3)->0.6 (%51.7))]
%23 local maxima, %37 large gradients and %33 min vals, 0 gradients ignored
nFirstPeakD1 0
MRIScomputeBorderValues_new() finished in 0.0047 min


Averaging target values for 5 iterations...
Positioning Surface: tspring = 0.3, nspring = 0.3, spring = 0, niters = 100 l_repulse = 0, l_surf_repulse = 5, checktol = 0
Positioning pial surface
Entering MRISpositionSurface()
  max_mm = 0.3
  MAX_REDUCTIONS = 2, REDUCTION_PCT = 0.5
  parms->check_tol = 0, niterations = 100
tol=1.0e-04, sigma=1.0, host=dna05, nav=8, nbrs=2, l_surf_repulse=5.000, l_tspring=0.300, l_nspring=0.300, l_intensity=0.200, l_curv=1.000
mom=0.00, dt=0.50
000: dt: 0.0000, sse=567440.2, rms=3.626
025: dt: 0.5000, sse=535160.0, rms=3.425 (5.539%)
rms = 3.4252/3.4252, sse=532685.0/535160.0, time step reduction 1 of 3 to 0.250  0 0 1
   RMS increased, rejecting step
026: dt: 0.2500, sse=490857.8, rms=3.128 (8.688%)
027: dt: 0.2500, sse=473180.6, rms=3.002 (4.014%)
rms = 2.9771/3.0020, sse=469957.7/473180.5, time step reduction 2 of 3 to 0.125  0 0 1
028: dt: 0.2500, sse=469957.8, rms=2.977 (0.832%)
rms = 2.9296/2.9771, sse=463949.0/469957.7, time step reduction 3 of 3 to 0.062  0 0 1
029: dt: 0.1250, sse=463949.0, rms=2.930 (1.594%)
  maximum number of reductions reached, breaking from loop
positioning took 0.3 minutes
Iteration 2 =========================================
n_averages=4, current_sigma=0.5
Computing target border values 
Entering MRIScomputeBorderValues_new(): 
  inside_hi   =  96.1506420;
  border_hi   =  59.8725510;
  border_low  =  39.6176610;
  outside_low =  10.0000000;
  outside_hi  =  54.8088300;
  sigma = 0.5;
  max_thickness = 10;
  step_size=0.5;
  STEP_SIZE=0.1;
  which = 2
  thresh = 0
  flags = 0
  CBVfindFirstPeakD1=0
  CBVfindFirstPeakD2=0
  nvertices=121949
  Gdiag_no=-1
  vno start=0, stop=121949
Replacing 255s with 0s
#SI# sigma=0.5 had to be increased for 10540 vertices, nripped=6561
mean border=56.3, 2027 (19) missing vertices, mean dist 0.1 [0.2 (%43.7)->0.5 (%56.3))]
%36 local maxima, %24 large gradients and %33 min vals, 0 gradients ignored
nFirstPeakD1 0
MRIScomputeBorderValues_new() finished in 0.0028 min


Averaging target values for 5 iterations...
Positioning Surface: tspring = 0.3, nspring = 0.3, spring = 0, niters = 100 l_repulse = 0, l_surf_repulse = 5, checktol = 0
Positioning pial surface
Entering MRISpositionSurface()
  max_mm = 0.3
  MAX_REDUCTIONS = 2, REDUCTION_PCT = 0.5
  parms->check_tol = 0, niterations = 100
tol=1.0e-04, sigma=0.5, host=dna05, nav=4, nbrs=2, l_surf_repulse=5.000, l_tspring=0.300, l_nspring=0.300, l_intensity=0.200, l_curv=1.000
mom=0.00, dt=0.50
000: dt: 0.0000, sse=527288.4, rms=3.343
rms = 3.4097/3.3427, sse=537092.0/527288.4, time step reduction 1 of 3 to 0.250  0 1 1
   RMS increased, rejecting step
030: dt: 0.2500, sse=496385.5, rms=3.134 (6.257%)
031: dt: 0.2500, sse=481866.9, rms=3.031 (3.270%)
rms = 3.0053/3.0311, sse=477992.7/481866.9, time step reduction 2 of 3 to 0.125  0 0 1
032: dt: 0.2500, sse=477992.7, rms=3.005 (0.851%)
rms = 2.9570/3.0053, sse=471647.6/477992.7, time step reduction 3 of 3 to 0.062  0 0 1
033: dt: 0.1250, sse=471647.6, rms=2.957 (1.607%)
  maximum number of reductions reached, breaking from loop
positioning took 0.3 minutes
Iteration 3 =========================================
n_averages=2, current_sigma=0.25
Computing target border values 
Entering MRIScomputeBorderValues_new(): 
  inside_hi   =  96.1506420;
  border_hi   =  59.8725510;
  border_low  =  39.6176610;
  outside_low =  10.0000000;
  outside_hi  =  54.8088300;
  sigma = 0.25;
  max_thickness = 10;
  step_size=0.5;
  STEP_SIZE=0.1;
  which = 2
  thresh = 0
  flags = 0
  CBVfindFirstPeakD1=0
  CBVfindFirstPeakD2=0
  nvertices=121949
  Gdiag_no=-1
  vno start=0, stop=121949
Replacing 255s with 0s
#SI# sigma=0.25 had to be increased for 9051 vertices, nripped=6561
mean border=55.8, 4254 (16) missing vertices, mean dist 0.1 [0.2 (%45.5)->0.4 (%54.5))]
%40 local maxima, %19 large gradients and %32 min vals, 0 gradients ignored
nFirstPeakD1 0
MRIScomputeBorderValues_new() finished in 0.0018 min


Averaging target values for 5 iterations...
Positioning Surface: tspring = 0.3, nspring = 0.3, spring = 0, niters = 100 l_repulse = 0, l_surf_repulse = 5, checktol = 0
Positioning pial surface
Entering MRISpositionSurface()
  max_mm = 0.3
  MAX_REDUCTIONS = 2, REDUCTION_PCT = 0.5
  parms->check_tol = 0, niterations = 100
tol=1.0e-04, sigma=0.2, host=dna05, nav=2, nbrs=2, l_surf_repulse=5.000, l_tspring=0.300, l_nspring=0.300, l_intensity=0.200, l_curv=1.000
mom=0.00, dt=0.50
000: dt: 0.0000, sse=496756.6, rms=3.133
rms = 3.1879/3.1334, sse=502890.8/496756.6, time step reduction 1 of 3 to 0.250  0 1 1
   RMS increased, rejecting step
034: dt: 0.2500, sse=479524.9, rms=3.011 (3.901%)
035: dt: 0.2500, sse=462848.5, rms=2.894 (3.904%)
036: dt: 0.2500, sse=453294.8, rms=2.825 (2.367%)
037: dt: 0.2500, sse=444873.2, rms=2.764 (2.181%)
rms = 2.7370/2.7635, sse=441123.8/444873.3, time step reduction 2 of 3 to 0.125  0 0 1
038: dt: 0.2500, sse=441123.8, rms=2.737 (0.960%)
039: dt: 0.1250, sse=432501.8, rms=2.666 (2.597%)
rms = 2.6459/2.6659, sse=429921.0/432501.8, time step reduction 3 of 3 to 0.062  0 0 1
040: dt: 0.1250, sse=429921.0, rms=2.646 (0.752%)
  maximum number of reductions reached, breaking from loop
positioning took 0.4 minutes
Pinning medial wall to white surface
removing intersecting faces
000: 7 intersecting
step 1 with no progress (num=14, old_num=7)
001: 14 intersecting
terminating search with 0 intersecting


Writing output to ../surf/lh.pial.T1
#ET# mris_place_surface  2.44 minutes
#VMPC# mris_place_surfaces VmPeak  2324128
mris_place_surface done
#@# white curv lh Tue Mar 10 07:25:56 CET 2026
cd /out/sourcedata/freesurfer/sub-v1s6x0051365_ses-1/mri
mris_place_surface --curv-map ../surf/lh.white 2 10 ../surf/lh.curv
insurf  ../surf/lh.white, nbrs 2, curvature_avgs 10
writing curvature file ../surf/lh.curv
#@# white area lh Tue Mar 10 07:25:57 CET 2026
cd /out/sourcedata/freesurfer/sub-v1s6x0051365_ses-1/mri
mris_place_surface --area-map ../surf/lh.white ../surf/lh.area
writing curvature file ../surf/lh.area
#@# pial curv lh Tue Mar 10 07:25:58 CET 2026
cd /out/sourcedata/freesurfer/sub-v1s6x0051365_ses-1/mri
mris_place_surface --curv-map ../surf/lh.pial 2 10 ../surf/lh.curv.pial
insurf  ../surf/lh.pial, nbrs 2, curvature_avgs 10
writing curvature file ../surf/lh.curv.pial
#@# pial area lh Tue Mar 10 07:25:59 CET 2026
cd /out/sourcedata/freesurfer/sub-v1s6x0051365_ses-1/mri
mris_place_surface --area-map ../surf/lh.pial ../surf/lh.area.pial
writing curvature file ../surf/lh.area.pial
#@# thickness lh Tue Mar 10 07:26:00 CET 2026
cd /out/sourcedata/freesurfer/sub-v1s6x0051365_ses-1/mri
mris_place_surface --thickness ../surf/lh.white ../surf/lh.pial 20 5 ../surf/lh.thickness
0 of 121949 vertices processed
25000 of 121949 vertices processed
50000 of 121949 vertices processed
75000 of 121949 vertices processed
100000 of 121949 vertices processed
0 of 121949 vertices processed
25000 of 121949 vertices processed
50000 of 121949 vertices processed
75000 of 121949 vertices processed
100000 of 121949 vertices processed
thickness calculation complete, 89:646 truncations.
52651 vertices at 0 distance
101422 vertices at 1 distance
57677 vertices at 2 distance
20214 vertices at 3 distance
7118 vertices at 4 distance
2713 vertices at 5 distance
1126 vertices at 6 distance
432 vertices at 7 distance
224 vertices at 8 distance
112 vertices at 9 distance
54 vertices at 10 distance
49 vertices at 11 distance
13 vertices at 12 distance
19 vertices at 13 distance
13 vertices at 14 distance
9 vertices at 15 distance
5 vertices at 16 distance
9 vertices at 17 distance
11 vertices at 18 distance
8 vertices at 19 distance
19 vertices at 20 distance
writing curvature file ../surf/lh.thickness
#@# area and vertex vol lh Tue Mar 10 07:26:25 CET 2026
cd /out/sourcedata/freesurfer/sub-v1s6x0051365_ses-1/mri
mris_place_surface --thickness ../surf/lh.white ../surf/lh.pial 20 5 ../surf/lh.thickness
/out/sourcedata/freesurfer/sub-v1s6x0051365_ses-1/surf
mris_calc -o lh.area.mid lh.area add lh.area.pial
Saving result to 'lh.area.mid' (type = MRI_CURV_FILE)                       [ ok ]
mris_calc -o lh.area.mid lh.area.mid div 2
Saving result to 'lh.area.mid' (type = MRI_CURV_FILE)                       [ ok ]
mris_convert --volume sub-v1s6x0051365_ses-1 lh /out/sourcedata/freesurfer/sub-v1s6x0051365_ses-1/surf/lh.volume
masking with /out/sourcedata/freesurfer/sub-v1s6x0051365_ses-1/label/lh.cortex.label
Total face volume 224252
Total vertex volume 224037 (mask=0)
#@# sub-v1s6x0051365_ses-1 lh 224037
 
vertexvol Done

#-----------------------------------------
#@# Curvature Stats lh Tue Mar 10 07:26:26 CET 2026
/out/sourcedata/freesurfer/sub-v1s6x0051365_ses-1/surf

 mris_curvature_stats -m --writeCurvatureFiles -G -o ../stats/lh.curv.stats -F smoothwm sub-v1s6x0051365_ses-1 lh curv sulc 

             Toggling save flag on curvature files                       [ ok ]
                 Outputting results using filestem   [ ../stats/lh.curv.stats ]
             Toggling save flag on curvature files                       [ ok ]
                                   Setting surface [ sub-v1s6x0051365_ses-1/lh.smoothwm ]
                                Reading surface...                       [ ok ]
                                   Setting texture                     [ curv ]
                                Reading texture...                       [ ok ]
                                   Setting texture                     [ sulc ]
                                Reading texture...Gb_filter = 0
                       [ ok ]
      Calculating Discrete Principal Curvatures...
      Determining geometric order for vno faces... [####################] [ ok ]
                      Determining KH curvatures... [####################] [ ok ]
                    Determining k1k2 curvatures... [####################] [ ok ]
                                   deltaViolations                      [ 244 ]
Gb_filter = 0
#-----------------------------------------
#@# Cortical Parc 2 lh Tue Mar 10 07:26:28 CET 2026
/out/sourcedata/freesurfer/sub-v1s6x0051365_ses-1/scripts

 mris_ca_label -l ../label/lh.cortex.label -aseg ../mri/aseg.presurf.mgz -seed 1234 sub-v1s6x0051365_ses-1 lh ../surf/lh.sphere.reg /opt/freesurfer/average/lh.CDaparc.atlas.acfb40.noaparc.i12.2016-08-02.gcs ../label/lh.aparc.a2009s.annot 

setting seed for random number generator to 1234
using ../mri/aseg.presurf.mgz aseg volume to correct midline
7.3.2
  7.3.2
reading atlas from /opt/freesurfer/average/lh.CDaparc.atlas.acfb40.noaparc.i12.2016-08-02.gcs...
reading color table from GCSA file....
average std = 3.0   using min determinant for regularization = 0.088
0 singular and 0 ill-conditioned covariance matrices regularized
input 0: MEAN CURVATURE, flags 0, avgs 5, name mean_curvature
labeling surface...
3 labels changed using aseg
relabeling using gibbs priors...
000:   8083 changed, 121949 examined...
001:   1777 changed, 31357 examined...
002:    525 changed, 9616 examined...
003:    190 changed, 3057 examined...
004:     79 changed, 1167 examined...
005:     38 changed, 490 examined...
006:     26 changed, 243 examined...
007:     11 changed, 143 examined...
008:      7 changed, 70 examined...
009:      6 changed, 43 examined...
010:      1 changed, 28 examined...
011:      1 changed, 8 examined...
012:      0 changed, 7 examined...
2 labels changed using aseg
000: 227 total segments, 141 labels (1436 vertices) changed
001: 94 total segments, 9 labels (40 vertices) changed
002: 86 total segments, 1 labels (4 vertices) changed
003: 85 total segments, 0 labels (0 vertices) changed
10 filter iterations complete (10 requested, 26 changed)
rationalizing unknown annotations with cortex label
relabeling Medial_wall label...
1045 vertices marked for relabeling...
1045 labels changed in reclassification.
writing output to ../label/lh.aparc.a2009s.annot...
classification took 0 minutes and 11 seconds.
#-----------------------------------------
#@# Cortical Parc 3 lh Tue Mar 10 07:26:39 CET 2026
/out/sourcedata/freesurfer/sub-v1s6x0051365_ses-1/scripts

 mris_ca_label -l ../label/lh.cortex.label -aseg ../mri/aseg.presurf.mgz -seed 1234 sub-v1s6x0051365_ses-1 lh ../surf/lh.sphere.reg /opt/freesurfer/average/lh.DKTaparc.atlas.acfb40.noaparc.i12.2016-08-02.gcs ../label/lh.aparc.DKTatlas.annot 

setting seed for random number generator to 1234
using ../mri/aseg.presurf.mgz aseg volume to correct midline
7.3.2
  7.3.2
reading atlas from /opt/freesurfer/average/lh.DKTaparc.atlas.acfb40.noaparc.i12.2016-08-02.gcs...
reading color table from GCSA file....
average std = 1.4   using min determinant for regularization = 0.020
0 singular and 383 ill-conditioned covariance matrices regularized
input 0: MEAN CURVATURE, flags 0, avgs 5, name mean_curvature
labeling surface...
1606 labels changed using aseg
relabeling using gibbs priors...
000:   1918 changed, 121949 examined...
001:    441 changed, 8851 examined...
002:    123 changed, 2460 examined...
003:     70 changed, 657 examined...
004:     37 changed, 356 examined...
005:     25 changed, 189 examined...
006:     23 changed, 158 examined...
007:     21 changed, 133 examined...
008:     19 changed, 110 examined...
009:     17 changed, 94 examined...
010:     12 changed, 90 examined...
011:      8 changed, 60 examined...
012:      7 changed, 39 examined...
013:      6 changed, 37 examined...
014:      3 changed, 31 examined...
015:      2 changed, 21 examined...
016:      4 changed, 11 examined...
017:      5 changed, 19 examined...
018:      4 changed, 17 examined...
019:      2 changed, 18 examined...
020:      3 changed, 9 examined...
021:      3 changed, 13 examined...
022:      6 changed, 14 examined...
023:      7 changed, 22 examined...
024:      6 changed, 35 examined...
025:      3 changed, 35 examined...
026:      0 changed, 20 examined...
449 labels changed using aseg
000: 53 total segments, 20 labels (144 vertices) changed
001: 33 total segments, 0 labels (0 vertices) changed
10 filter iterations complete (10 requested, 3 changed)
rationalizing unknown annotations with cortex label
relabeling unknown label...
relabeling corpuscallosum label...
670 vertices marked for relabeling...
670 labels changed in reclassification.
writing output to ../label/lh.aparc.DKTatlas.annot...
classification took 0 minutes and 8 seconds.
#-----------------------------------------
#@# WM/GM Contrast lh Tue Mar 10 07:26:48 CET 2026
/out/sourcedata/freesurfer/sub-v1s6x0051365_ses-1/scripts

 pctsurfcon --s sub-v1s6x0051365_ses-1 --lh-only 

Log file is /out/sourcedata/freesurfer/sub-v1s6x0051365_ses-1/scripts/pctsurfcon.log
Tue Mar 10 07:26:48 CET 2026
setenv SUBJECTS_DIR /out/sourcedata/freesurfer
cd /out/sourcedata/freesurfer/sub-v1s6x0051365_ses-1/scripts
/opt/freesurfer/bin/pctsurfcon
pctsurfcon 7.3.2
Linux dna058 5.14.0-427.37.1.el9_4.x86_64 #1 SMP PREEMPT_DYNAMIC Fri Sep 13 12:41:50 EDT 2024 x86_64 x86_64 x86_64 GNU/Linux
FREESURFER_HOME /opt/freesurfer
mri_vol2surf --mov /out/sourcedata/freesurfer/sub-v1s6x0051365_ses-1/mri/rawavg.mgz --hemi lh --noreshape --interp trilinear --projdist -1 --o /out/sourcedata/freesurfer/sub-v1s6x0051365_ses-1/surf/tmp.pctsurfcon.1172/lh.wm.mgh --regheader sub-v1s6x0051365_ses-1 --cortex
srcvol = /out/sourcedata/freesurfer/sub-v1s6x0051365_ses-1/mri/rawavg.mgz
srcreg unspecified
srcregold = 0
srcwarp unspecified
surf = white
hemi = lh
ProjDist = -1
reshape = 0
interp = trilinear
float2int = round
GetProjMax = 0
INFO: float2int code = 0
Done loading volume
Computing registration from header.
  Using /out/sourcedata/freesurfer/sub-v1s6x0051365_ses-1/mri/orig.mgz as target reference.
-------- original matrix -----------
-1.00000   0.00000   0.00000   0.00000;
 0.00000   0.00000   1.00000   0.00000;
 0.00000  -1.00000   0.00000   0.00000;
 0.00000   0.00000   0.00000   1.00000;
-------- original matrix -----------
Loading label /out/sourcedata/freesurfer/sub-v1s6x0051365_ses-1/label/lh.cortex.label
Reading surface /out/sourcedata/freesurfer/sub-v1s6x0051365_ses-1/surf/lh.white
Done reading source surface
Mapping Source Volume onto Source Subject Surface
Projecting -1 -1 1
 1 -1 -1 -1
using old
Done mapping volume to surface
Number of source voxels hit = 74252
Masking with /out/sourcedata/freesurfer/sub-v1s6x0051365_ses-1/label/lh.cortex.label
Writing to /out/sourcedata/freesurfer/sub-v1s6x0051365_ses-1/surf/tmp.pctsurfcon.1172/lh.wm.mgh
Dim: 121949 1 1
mri_vol2surf --mov /out/sourcedata/freesurfer/sub-v1s6x0051365_ses-1/mri/rawavg.mgz --hemi lh --noreshape --interp trilinear --o /out/sourcedata/freesurfer/sub-v1s6x0051365_ses-1/surf/tmp.pctsurfcon.1172/lh.gm.mgh --projfrac 0.3 --regheader sub-v1s6x0051365_ses-1 --cortex
srcvol = /out/sourcedata/freesurfer/sub-v1s6x0051365_ses-1/mri/rawavg.mgz
srcreg unspecified
srcregold = 0
srcwarp unspecified
surf = white
hemi = lh
ProjFrac = 0.3
thickness = thickness
reshape = 0
interp = trilinear
float2int = round
GetProjMax = 0
INFO: float2int code = 0
Done loading volume
Computing registration from header.
  Using /out/sourcedata/freesurfer/sub-v1s6x0051365_ses-1/mri/orig.mgz as target reference.
-------- original matrix -----------
-1.00000   0.00000   0.00000   0.00000;
 0.00000   0.00000   1.00000   0.00000;
 0.00000  -1.00000   0.00000   0.00000;
 0.00000   0.00000   0.00000   1.00000;
-------- original matrix -----------
Loading label /out/sourcedata/freesurfer/sub-v1s6x0051365_ses-1/label/lh.cortex.label
Reading surface /out/sourcedata/freesurfer/sub-v1s6x0051365_ses-1/surf/lh.white
Done reading source surface
Reading thickness /out/sourcedata/freesurfer/sub-v1s6x0051365_ses-1/surf/lh.thickness
Done
Mapping Source Volume onto Source Subject Surface
Projecting 0.3 0.3 1
 1 0.3 0.3 0.3
using old
Done mapping volume to surface
Number of source voxels hit = 84461
Masking with /out/sourcedata/freesurfer/sub-v1s6x0051365_ses-1/label/lh.cortex.label
Writing to /out/sourcedata/freesurfer/sub-v1s6x0051365_ses-1/surf/tmp.pctsurfcon.1172/lh.gm.mgh
Dim: 121949 1 1
mri_concat /out/sourcedata/freesurfer/sub-v1s6x0051365_ses-1/surf/tmp.pctsurfcon.1172/lh.wm.mgh /out/sourcedata/freesurfer/sub-v1s6x0051365_ses-1/surf/tmp.pctsurfcon.1172/lh.gm.mgh --paired-diff-norm --mul 100 --o /out/sourcedata/freesurfer/sub-v1s6x0051365_ses-1/surf/lh.w-g.pct.mgh
ninputs = 2
Checking inputs
nframestot = 2
Allocing output
Done allocing
Combining pairs
nframes = 1
Multiplying by 100.000000
Writing to /out/sourcedata/freesurfer/sub-v1s6x0051365_ses-1/surf/lh.w-g.pct.mgh
mri_segstats --in /out/sourcedata/freesurfer/sub-v1s6x0051365_ses-1/surf/lh.w-g.pct.mgh --annot sub-v1s6x0051365_ses-1 lh aparc --sum /out/sourcedata/freesurfer/sub-v1s6x0051365_ses-1/stats/lh.w-g.pct.stats --snr

7.3.2
cwd 
cmdline mri_segstats --in /out/sourcedata/freesurfer/sub-v1s6x0051365_ses-1/surf/lh.w-g.pct.mgh --annot sub-v1s6x0051365_ses-1 lh aparc --sum /out/sourcedata/freesurfer/sub-v1s6x0051365_ses-1/stats/lh.w-g.pct.stats --snr 
sysname  Linux
hostname dna058
machine  x86_64
user     oesteban
whitesurfname  white
UseRobust  0
Constructing seg from annotation

Reading annotation /out/sourcedata/freesurfer/sub-v1s6x0051365_ses-1/label/lh.aparc.annot
Seg base 1000
Loading /out/sourcedata/freesurfer/sub-v1s6x0051365_ses-1/surf/lh.w-g.pct.mgh
Vertex Area is 0.69789 mm^3
Generating list of segmentation ids
Found  36 segmentations
Computing statistics for each segmentation

Reporting on  35 segmentations
Using PrintSegStat
mri_segstats done
Cleaning up

Started at Tue Mar 10 07:10:14 CET 2026 
Ended   at Tue Mar 10 07:26:50 CET 2026
#@#%# recon-all-run-time-hours 0.277
recon-all -s sub-v1s6x0051365_ses-1 finished without error at Tue Mar 10 07:26:50 CET 2026



#New# invocation of recon-all 




Tue Mar 10 07:45:54 CET 2026
cd /out/sourcedata/freesurfer/sub-v1s6x0051365_ses-1
setenv SUBJECTS_DIR /out/sourcedata/freesurfer
/opt/freesurfer/bin/recon-all -autorecon-hemi lh -nohyporelabel -lh-only -openmp 16 -subjid sub-v1s6x0051365_ses-1 -sd /out/sourcedata/freesurfer -notessellate -nosmooth1 -noinflate1 -noqsphere -nofix -nowhite -nosmooth2 -noinflate2 -nocurvHK -nocurvstats -nosphere -nosurfreg -nojacobian_white -noavgcurv -nocortparc -nopial -nocortparc2 -nocortparc3 -nopctsurfcon

subjid sub-v1s6x0051365_ses-1
setenv SUBJECTS_DIR /out/sourcedata/freesurfer
FREESURFER_HOME /opt/freesurfer
Actual FREESURFER_HOME /opt/freesurfer
build-stamp.txt: freesurfer-linux-ubuntu22_x86_64-7.3.2-20220804-6354275
Linux dna058 5.14.0-427.37.1.el9_4.x86_64 #1 SMP PREEMPT_DYNAMIC Fri Sep 13 12:41:50 EDT 2024 x86_64 x86_64 x86_64 GNU/Linux
cputime      unlimited
filesize     unlimited
datasize     unlimited
stacksize    8192 kbytes
coredumpsize 0 kbytes
memoryuse    67108864 kbytes
vmemoryuse   unlimited
descriptors  1024 
memorylocked unlimited
maxproc      2061970 
maxlocks     unlimited
maxsignal    2061970 
maxmessage   819200 
maxnice      0 
maxrtprio    0 
maxrttime    unlimited

               total        used        free      shared  buff/cache   available
Mem:           503Gi        50Gi       381Gi        14Gi        71Gi       435Gi
Swap:             0B          0B          0B

########################################
program versions used
7.3.2 (freesurfer-linux-ubuntu22_x86_64-7.3.2-20220804-6354275)
7.3.2

ProgramName: lta_convert  ProgramArguments: lta_convert -all-info  ProgramVersion: 7.3.2  TimeStamp: 2026/03/10-06:45:54-GMT  BuildTime: Aug  4 2022 06:17:15  BuildStamp: freesurfer-linux-ubuntu22_x86_64-7.3.2-20220804-6354275  User: oesteban  Machine: dna058  Platform: Linux  PlatformVersion: 5.14.0-427.37.1.el9_4.x86_64  CompilerName: GCC  CompilerVersion: 8.4.0
ProgramName: mri_and  ProgramArguments: mri_and -all-info  ProgramVersion: 7.3.2  TimeStamp: 2026/03/10-06:45:54-GMT  BuildTime: Aug  4 2022 06:17:15  BuildStamp: freesurfer-linux-ubuntu22_x86_64-7.3.2-20220804-6354275  User: oesteban  Machine: dna058  Platform: Linux  PlatformVersion: 5.14.0-427.37.1.el9_4.x86_64  CompilerName: GCC  CompilerVersion: 8.4.0
ProgramName: mri_annotation2label  ProgramArguments: mri_annotation2label -all-info  ProgramVersion: 7.3.2  TimeStamp: 2026/03/10-06:45:54-GMT  BuildTime: Aug  4 2022 06:17:15  BuildStamp: freesurfer-linux-ubuntu22_x86_64-7.3.2-20220804-6354275  User: oesteban  Machine: dna058  Platform: Linux  PlatformVersion: 5.14.0-427.37.1.el9_4.x86_64  CompilerName: GCC  CompilerVersion: 8.4.0
ProgramName: mri_aparc2aseg  ProgramArguments: mri_aparc2aseg -all-info  ProgramVersion: 7.3.2  TimeStamp: 2026/03/10-06:45:54-GMT  BuildTime: Aug  4 2022 06:17:15  BuildStamp: freesurfer-linux-ubuntu22_x86_64-7.3.2-20220804-6354275  User: oesteban  Machine: dna058  Platform: Linux  PlatformVersion: 5.14.0-427.37.1.el9_4.x86_64  CompilerName: GCC  CompilerVersion: 8.4.0
ProgramName: mri_surf2volseg  ProgramArguments: mri_surf2volseg -all-info  ProgramVersion: 7.3.2  TimeStamp: 2026/03/10-06:45:54-GMT  BuildTime: Aug  4 2022 06:17:15  BuildStamp: freesurfer-linux-ubuntu22_x86_64-7.3.2-20220804-6354275  User: oesteban  Machine: dna058  Platform: Linux  PlatformVersion: 5.14.0-427.37.1.el9_4.x86_64  CompilerName: GCC  CompilerVersion: 8.4.0
ProgramName: mri_binarize  ProgramArguments: mri_binarize -all-info  ProgramVersion: 7.3.2  TimeStamp: 2026/03/10-06:45:54-GMT  BuildTime: Aug  4 2022 06:17:15  BuildStamp: freesurfer-linux-ubuntu22_x86_64-7.3.2-20220804-6354275  User: oesteban  Machine: dna058  Platform: Linux  PlatformVersion: 5.14.0-427.37.1.el9_4.x86_64  CompilerName: GCC  CompilerVersion: 8.4.0
ProgramName: mri_ca_label  ProgramArguments: mri_ca_label -all-info  ProgramVersion: 7.3.2  TimeStamp: 2026/03/10-06:45:54-GMT  BuildTime: Aug  4 2022 06:17:15  BuildStamp: freesurfer-linux-ubuntu22_x86_64-7.3.2-20220804-6354275  User: oesteban  Machine: dna058  Platform: Linux  PlatformVersion: 5.14.0-427.37.1.el9_4.x86_64  CompilerName: GCC  CompilerVersion: 8.4.0
ProgramName: mri_ca_normalize  ProgramArguments: mri_ca_normalize -all-info  ProgramVersion: 7.3.2  TimeStamp: 2026/03/10-06:45:54-GMT  BuildTime: Aug  4 2022 06:17:15  BuildStamp: freesurfer-linux-ubuntu22_x86_64-7.3.2-20220804-6354275  User: oesteban  Machine: dna058  Platform: Linux  PlatformVersion: 5.14.0-427.37.1.el9_4.x86_64  CompilerName: GCC  CompilerVersion: 8.4.0
ProgramName: mri_ca_register  ProgramArguments: mri_ca_register -all-info  ProgramVersion: 7.3.2  TimeStamp: 2026/03/10-06:45:54-GMT  BuildTime: Aug  4 2022 06:17:15  BuildStamp: freesurfer-linux-ubuntu22_x86_64-7.3.2-20220804-6354275  User: oesteban  Machine: dna058  Platform: Linux  PlatformVersion: 5.14.0-427.37.1.el9_4.x86_64  CompilerName: GCC  CompilerVersion: 8.4.0
ProgramName: mri_cc  ProgramArguments: mri_cc -all-info  ProgramVersion: 7.3.2  TimeStamp: 2026/03/10-06:45:54-GMT  BuildTime: Aug  4 2022 06:17:15  BuildStamp: freesurfer-linux-ubuntu22_x86_64-7.3.2-20220804-6354275  User: oesteban  Machine: dna058  Platform: Linux  PlatformVersion: 5.14.0-427.37.1.el9_4.x86_64  CompilerName: GCC  CompilerVersion: 8.4.0
ProgramName: mri_compute_overlap  ProgramArguments: mri_compute_overlap -all-info  ProgramVersion: 7.3.2  TimeStamp: 2026/03/10-06:45:54-GMT  BuildTime: Aug  4 2022 06:17:15  BuildStamp: freesurfer-linux-ubuntu22_x86_64-7.3.2-20220804-6354275  User: oesteban  Machine: dna058  Platform: Linux  PlatformVersion: 5.14.0-427.37.1.el9_4.x86_64  CompilerName: GCC  CompilerVersion: 8.4.0
ProgramName: mri_compute_seg_overlap  ProgramArguments: mri_compute_seg_overlap -all-info  ProgramVersion: 7.3.2  TimeStamp: 2026/03/10-06:45:54-GMT  BuildTime: Aug  4 2022 06:17:15  BuildStamp: freesurfer-linux-ubuntu22_x86_64-7.3.2-20220804-6354275  User: oesteban  Machine: dna058  Platform: Linux  PlatformVersion: 5.14.0-427.37.1.el9_4.x86_64  CompilerName: GCC  CompilerVersion: 8.4.0
ProgramName: mri_concat  ProgramArguments: mri_concat -all-info  ProgramVersion: 7.3.2  TimeStamp: 2026/03/10-06:45:54-GMT  BuildTime: Aug  4 2022 06:17:15  BuildStamp: freesurfer-linux-ubuntu22_x86_64-7.3.2-20220804-6354275  User: oesteban  Machine: dna058  Platform: Linux  PlatformVersion: 5.14.0-427.37.1.el9_4.x86_64  CompilerName: GCC  CompilerVersion: 8.4.0
ProgramName: mri_concatenate_lta  ProgramArguments: mri_concatenate_lta -all-info  ProgramVersion: 7.3.2  TimeStamp: 2026/03/10-06:45:54-GMT  BuildTime: Aug  4 2022 06:17:15  BuildStamp: freesurfer-linux-ubuntu22_x86_64-7.3.2-20220804-6354275  User: oesteban  Machine: dna058  Platform: Linux  PlatformVersion: 5.14.0-427.37.1.el9_4.x86_64  CompilerName: GCC  CompilerVersion: 8.4.0
mri_convert -all-info 
ProgramName: mri_convert  ProgramArguments: mri_convert -all-info  ProgramVersion: 7.3.2  TimeStamp: 2026/03/10-06:45:54-GMT  BuildTime: Aug  4 2022 06:17:15  BuildStamp: freesurfer-linux-ubuntu22_x86_64-7.3.2-20220804-6354275  User: oesteban  Machine: dna058  Platform: Linux  PlatformVersion: 5.14.0-427.37.1.el9_4.x86_64  CompilerName: GCC  CompilerVersion: 8.4.0
ProgramName: mri_diff  ProgramArguments: mri_diff -all-info  ProgramVersion: 7.3.2  TimeStamp: 2026/03/10-06:45:54-GMT  BuildTime: Aug  4 2022 06:17:15  BuildStamp: freesurfer-linux-ubuntu22_x86_64-7.3.2-20220804-6354275  User: oesteban  Machine: dna058  Platform: Linux  PlatformVersion: 5.14.0-427.37.1.el9_4.x86_64  CompilerName: GCC  CompilerVersion: 8.4.0
ProgramName: mri_edit_wm_with_aseg  ProgramArguments: mri_edit_wm_with_aseg -all-info  ProgramVersion: 7.3.2  TimeStamp: 2026/03/10-06:45:54-GMT  BuildTime: Aug  4 2022 06:17:15  BuildStamp: freesurfer-linux-ubuntu22_x86_64-7.3.2-20220804-6354275  User: oesteban  Machine: dna058  Platform: Linux  PlatformVersion: 5.14.0-427.37.1.el9_4.x86_64  CompilerName: GCC  CompilerVersion: 8.4.0
ProgramName: mri_em_register  ProgramArguments: mri_em_register -all-info  ProgramVersion: 7.3.2  TimeStamp: 2026/03/10-06:45:54-GMT  BuildTime: Aug  4 2022 06:17:15  BuildStamp: freesurfer-linux-ubuntu22_x86_64-7.3.2-20220804-6354275  User: oesteban  Machine: dna058  Platform: Linux  PlatformVersion: 5.14.0-427.37.1.el9_4.x86_64  CompilerName: GCC  CompilerVersion: 8.4.0
ProgramName: mri_fill  ProgramArguments: mri_fill -all-info  ProgramVersion: 7.3.2  TimeStamp: 2026/03/10-06:45:54-GMT  BuildTime: Aug  4 2022 06:17:15  BuildStamp: freesurfer-linux-ubuntu22_x86_64-7.3.2-20220804-6354275  User: oesteban  Machine: dna058  Platform: Linux  PlatformVersion: 5.14.0-427.37.1.el9_4.x86_64  CompilerName: GCC  CompilerVersion: 8.4.0
ProgramName: mri_fuse_segmentations  ProgramArguments: mri_fuse_segmentations -all-info  ProgramVersion: 7.3.2  TimeStamp: 2026/03/10-06:45:54-GMT  BuildTime: Aug  4 2022 06:17:15  BuildStamp: freesurfer-linux-ubuntu22_x86_64-7.3.2-20220804-6354275  User: oesteban  Machine: dna058  Platform: Linux  PlatformVersion: 5.14.0-427.37.1.el9_4.x86_64  CompilerName: GCC  CompilerVersion: 8.4.0
ProgramName: mri_fwhm  ProgramArguments: mri_fwhm -all-info  ProgramVersion: 7.3.2  TimeStamp: 2026/03/10-06:45:54-GMT  BuildTime: Aug  4 2022 06:17:15  BuildStamp: freesurfer-linux-ubuntu22_x86_64-7.3.2-20220804-6354275  User: oesteban  Machine: dna058  Platform: Linux  PlatformVersion: 5.14.0-427.37.1.el9_4.x86_64  CompilerName: GCC  CompilerVersion: 8.4.0
ProgramName: mri_gcut  ProgramArguments: mri_gcut -all-info  ProgramVersion: 7.3.2  TimeStamp: 2026/03/10-06:45:54-GMT  BuildTime: Aug  4 2022 06:17:15  BuildStamp: freesurfer-linux-ubuntu22_x86_64-7.3.2-20220804-6354275  User: oesteban  Machine: dna058  Platform: Linux  PlatformVersion: 5.14.0-427.37.1.el9_4.x86_64  CompilerName: GCC  CompilerVersion: 8.4.0
ProgramName: mri_info  ProgramArguments: mri_info -all-info  ProgramVersion: 7.3.2  TimeStamp: 2026/03/10-06:45:54-GMT  BuildTime: Aug  4 2022 06:17:15  BuildStamp: freesurfer-linux-ubuntu22_x86_64-7.3.2-20220804-6354275  User: oesteban  Machine: dna058  Platform: Linux  PlatformVersion: 5.14.0-427.37.1.el9_4.x86_64  CompilerName: GCC  CompilerVersion: 8.4.0
ProgramName: mri_label2label  ProgramArguments: mri_label2label -all-info  ProgramVersion: 7.3.2  TimeStamp: 2026/03/10-06:45:54-GMT  BuildTime: Aug  4 2022 06:17:15  BuildStamp: freesurfer-linux-ubuntu22_x86_64-7.3.2-20220804-6354275  User: oesteban  Machine: dna058  Platform: Linux  PlatformVersion: 5.14.0-427.37.1.el9_4.x86_64  CompilerName: GCC  CompilerVersion: 8.4.0
ProgramName: mri_label2vol  ProgramArguments: mri_label2vol -all-info  ProgramVersion: 7.3.2  TimeStamp: 2026/03/10-06:45:54-GMT  BuildTime: Aug  4 2022 06:17:15  BuildStamp: freesurfer-linux-ubuntu22_x86_64-7.3.2-20220804-6354275  User: oesteban  Machine: dna058  Platform: Linux  PlatformVersion: 5.14.0-427.37.1.el9_4.x86_64  CompilerName: GCC  CompilerVersion: 8.4.0
ProgramName: mri_log_likelihood  ProgramArguments: mri_log_likelihood -all-info  ProgramVersion: 7.3.2  TimeStamp: 2026/03/10-06:45:54-GMT  BuildTime: Aug  4 2022 06:17:15  BuildStamp: freesurfer-linux-ubuntu22_x86_64-7.3.2-20220804-6354275  User: oesteban  Machine: dna058  Platform: Linux  PlatformVersion: 5.14.0-427.37.1.el9_4.x86_64  CompilerName: GCC  CompilerVersion: 8.4.0
ProgramName: mri_mask  ProgramArguments: mri_mask -all-info  ProgramVersion: 7.3.2  TimeStamp: 2026/03/10-06:45:54-GMT  BuildTime: Aug  4 2022 06:17:15  BuildStamp: freesurfer-linux-ubuntu22_x86_64-7.3.2-20220804-6354275  User: oesteban  Machine: dna058  Platform: Linux  PlatformVersion: 5.14.0-427.37.1.el9_4.x86_64  CompilerName: GCC  CompilerVersion: 8.4.0
ProgramName: mri_matrix_multiply  ProgramArguments: mri_matrix_multiply -all-info  ProgramVersion: 7.3.2  TimeStamp: 2026/03/10-06:45:54-GMT  BuildTime: Aug  4 2022 06:17:15  BuildStamp: freesurfer-linux-ubuntu22_x86_64-7.3.2-20220804-6354275  User: oesteban  Machine: dna058  Platform: Linux  PlatformVersion: 5.14.0-427.37.1.el9_4.x86_64  CompilerName: GCC  CompilerVersion: 8.4.0
ProgramName: mri_normalize  ProgramArguments: mri_normalize -all-info  ProgramVersion: 7.3.2  TimeStamp: 2026/03/10-06:45:54-GMT  BuildTime: Aug  4 2022 06:17:15  BuildStamp: freesurfer-linux-ubuntu22_x86_64-7.3.2-20220804-6354275  User: oesteban  Machine: dna058  Platform: Linux  PlatformVersion: 5.14.0-427.37.1.el9_4.x86_64  CompilerName: GCC  CompilerVersion: 8.4.0
ProgramName: mri_normalize_tp2  ProgramArguments: mri_normalize_tp2 -all-info  ProgramVersion: 7.3.2  TimeStamp: 2026/03/10-06:45:54-GMT  BuildTime: Aug  4 2022 06:17:15  BuildStamp: freesurfer-linux-ubuntu22_x86_64-7.3.2-20220804-6354275  User: oesteban  Machine: dna058  Platform: Linux  PlatformVersion: 5.14.0-427.37.1.el9_4.x86_64  CompilerName: GCC  CompilerVersion: 8.4.0
ProgramName: mri_or  ProgramArguments: mri_or -all-info  ProgramVersion: 7.3.2  TimeStamp: 2026/03/10-06:45:54-GMT  BuildTime: Aug  4 2022 06:17:15  BuildStamp: freesurfer-linux-ubuntu22_x86_64-7.3.2-20220804-6354275  User: oesteban  Machine: dna058  Platform: Linux  PlatformVersion: 5.14.0-427.37.1.el9_4.x86_64  CompilerName: GCC  CompilerVersion: 8.4.0
ProgramName: mri_relabel_hypointensities  ProgramArguments: mri_relabel_hypointensities -all-info  ProgramVersion: 7.3.2  TimeStamp: 2026/03/10-06:45:54-GMT  BuildTime: Aug  4 2022 06:17:15  BuildStamp: freesurfer-linux-ubuntu22_x86_64-7.3.2-20220804-6354275  User: oesteban  Machine: dna058  Platform: Linux  PlatformVersion: 5.14.0-427.37.1.el9_4.x86_64  CompilerName: GCC  CompilerVersion: 8.4.0
ProgramName: mri_relabel_nonwm_hypos  ProgramArguments: mri_relabel_nonwm_hypos -all-info  ProgramVersion: 7.3.2  TimeStamp: 2026/03/10-06:45:54-GMT  BuildTime: Aug  4 2022 06:17:15  BuildStamp: freesurfer-linux-ubuntu22_x86_64-7.3.2-20220804-6354275  User: oesteban  Machine: dna058  Platform: Linux  PlatformVersion: 5.14.0-427.37.1.el9_4.x86_64  CompilerName: GCC  CompilerVersion: 8.4.0
ProgramName: mri_remove_neck  ProgramArguments: mri_remove_neck -all-info  ProgramVersion: 7.3.2  TimeStamp: 2026/03/10-06:45:54-GMT  BuildTime: Aug  4 2022 06:17:15  BuildStamp: freesurfer-linux-ubuntu22_x86_64-7.3.2-20220804-6354275  User: oesteban  Machine: dna058  Platform: Linux  PlatformVersion: 5.14.0-427.37.1.el9_4.x86_64  CompilerName: GCC  CompilerVersion: 8.4.0
7.3.2

ProgramName: mri_robust_register  ProgramArguments: mri_robust_register -all-info  ProgramVersion: 7.3.2  TimeStamp: 2026/03/10-06:45:54-GMT  BuildTime: Aug  4 2022 06:17:15  BuildStamp: freesurfer-linux-ubuntu22_x86_64-7.3.2-20220804-6354275  User: oesteban  Machine: dna058  Platform: Linux  PlatformVersion: 5.14.0-427.37.1.el9_4.x86_64  CompilerName: GCC  CompilerVersion: 8.4.0
7.3.2

ProgramName: mri_robust_template  ProgramArguments: mri_robust_template -all-info  ProgramVersion: 7.3.2  TimeStamp: 2026/03/10-06:45:54-GMT  BuildTime: Aug  4 2022 06:17:15  BuildStamp: freesurfer-linux-ubuntu22_x86_64-7.3.2-20220804-6354275  User: oesteban  Machine: dna058  Platform: Linux  PlatformVersion: 5.14.0-427.37.1.el9_4.x86_64  CompilerName: GCC  CompilerVersion: 8.4.0
ProgramName: mris_anatomical_stats  ProgramArguments: mris_anatomical_stats -all-info  ProgramVersion: 7.3.2  TimeStamp: 2026/03/10-06:45:54-GMT  BuildTime: Aug  4 2022 06:17:15  BuildStamp: freesurfer-linux-ubuntu22_x86_64-7.3.2-20220804-6354275  User: oesteban  Machine: dna058  Platform: Linux  PlatformVersion: 5.14.0-427.37.1.el9_4.x86_64  CompilerName: GCC  CompilerVersion: 8.4.0
ProgramName: mris_ca_label  ProgramArguments: mris_ca_label -all-info  ProgramVersion: 7.3.2  TimeStamp: 2026/03/10-06:45:54-GMT  BuildTime: Aug  4 2022 06:17:15  BuildStamp: freesurfer-linux-ubuntu22_x86_64-7.3.2-20220804-6354275  User: oesteban  Machine: dna058  Platform: Linux  PlatformVersion: 5.14.0-427.37.1.el9_4.x86_64  CompilerName: GCC  CompilerVersion: 8.4.0
ProgramName: mris_calc  ProgramArguments: mris_calc -all-info  ProgramVersion: 7.3.2  TimeStamp: 2026/03/10-06:45:54-GMT  BuildTime: Aug  4 2022 06:17:15  BuildStamp: freesurfer-linux-ubuntu22_x86_64-7.3.2-20220804-6354275  User: oesteban  Machine: dna058  Platform: Linux  PlatformVersion: 5.14.0-427.37.1.el9_4.x86_64  CompilerName: GCC  CompilerVersion: 8.4.0
ProgramName: mris_convert  ProgramArguments: mris_convert -all-info  ProgramVersion: 7.3.2  TimeStamp: 2026/03/10-06:45:54-GMT  BuildTime: Aug  4 2022 06:17:15  BuildStamp: freesurfer-linux-ubuntu22_x86_64-7.3.2-20220804-6354275  User: oesteban  Machine: dna058  Platform: Linux  PlatformVersion: 5.14.0-427.37.1.el9_4.x86_64  CompilerName: GCC  CompilerVersion: 8.4.0
ProgramName: mris_curvature  ProgramArguments: mris_curvature -all-info  ProgramVersion: 7.3.2  TimeStamp: 2026/03/10-06:45:54-GMT  BuildTime: Aug  4 2022 06:17:15  BuildStamp: freesurfer-linux-ubuntu22_x86_64-7.3.2-20220804-6354275  User: oesteban  Machine: dna058  Platform: Linux  PlatformVersion: 5.14.0-427.37.1.el9_4.x86_64  CompilerName: GCC  CompilerVersion: 8.4.0
ProgramName: mris_curvature_stats  ProgramArguments: mris_curvature_stats -all-info  ProgramVersion: 7.3.2  TimeStamp: 2026/03/10-06:45:54-GMT  BuildTime: Aug  4 2022 06:17:15  BuildStamp: freesurfer-linux-ubuntu22_x86_64-7.3.2-20220804-6354275  User: oesteban  Machine: dna058  Platform: Linux  PlatformVersion: 5.14.0-427.37.1.el9_4.x86_64  CompilerName: GCC  CompilerVersion: 8.4.0
ProgramName: mris_diff  ProgramArguments: mris_diff -all-info  ProgramVersion: 7.3.2  TimeStamp: 2026/03/10-06:45:54-GMT  BuildTime: Aug  4 2022 06:17:15  BuildStamp: freesurfer-linux-ubuntu22_x86_64-7.3.2-20220804-6354275  User: oesteban  Machine: dna058  Platform: Linux  PlatformVersion: 5.14.0-427.37.1.el9_4.x86_64  CompilerName: GCC  CompilerVersion: 8.4.0
ProgramName: mris_divide_parcellation  ProgramArguments: mris_divide_parcellation -all-info  ProgramVersion: 7.3.2  TimeStamp: 2026/03/10-06:45:54-GMT  BuildTime: Aug  4 2022 06:17:15  BuildStamp: freesurfer-linux-ubuntu22_x86_64-7.3.2-20220804-6354275  User: oesteban  Machine: dna058  Platform: Linux  PlatformVersion: 5.14.0-427.37.1.el9_4.x86_64  CompilerName: GCC  CompilerVersion: 8.4.0
ProgramName: mri_segment  ProgramArguments: mri_segment -all-info  ProgramVersion: 7.3.2  TimeStamp: 2026/03/10-06:45:54-GMT  BuildTime: Aug  4 2022 06:17:15  BuildStamp: freesurfer-linux-ubuntu22_x86_64-7.3.2-20220804-6354275  User: oesteban  Machine: dna058  Platform: Linux  PlatformVersion: 5.14.0-427.37.1.el9_4.x86_64  CompilerName: GCC  CompilerVersion: 8.4.0
ProgramName: mri_segstats  ProgramArguments: mri_segstats -all-info  ProgramVersion: 7.3.2  TimeStamp: 2026/03/10-06:45:54-GMT  BuildTime: Aug  4 2022 06:17:15  BuildStamp: freesurfer-linux-ubuntu22_x86_64-7.3.2-20220804-6354275  User: oesteban  Machine: dna058  Platform: Linux  PlatformVersion: 5.14.0-427.37.1.el9_4.x86_64  CompilerName: GCC  CompilerVersion: 8.4.0
ProgramName: mris_euler_number  ProgramArguments: mris_euler_number -all-info  ProgramVersion: 7.3.2  TimeStamp: 2026/03/10-06:45:54-GMT  BuildTime: Aug  4 2022 06:17:15  BuildStamp: freesurfer-linux-ubuntu22_x86_64-7.3.2-20220804-6354275  User: oesteban  Machine: dna058  Platform: Linux  PlatformVersion: 5.14.0-427.37.1.el9_4.x86_64  CompilerName: GCC  CompilerVersion: 8.4.0
ProgramName: mris_fix_topology  ProgramArguments: mris_fix_topology -all-info  ProgramVersion: 7.3.2  TimeStamp: 2026/03/10-06:45:54-GMT  BuildTime: Aug  4 2022 06:17:15  BuildStamp: freesurfer-linux-ubuntu22_x86_64-7.3.2-20220804-6354275  User: oesteban  Machine: dna058  Platform: Linux  PlatformVersion: 5.14.0-427.37.1.el9_4.x86_64  CompilerName: GCC  CompilerVersion: 8.4.0
ProgramName: mris_topo_fixer  ProgramArguments: mris_topo_fixer -all-info  ProgramVersion: 7.3.2  TimeStamp: 2026/03/10-06:45:54-GMT  BuildTime: Aug  4 2022 06:17:15  BuildStamp: freesurfer-linux-ubuntu22_x86_64-7.3.2-20220804-6354275  User: oesteban  Machine: dna058  Platform: Linux  PlatformVersion: 5.14.0-427.37.1.el9_4.x86_64  CompilerName: GCC  CompilerVersion: 8.4.0
ProgramName: mris_jacobian  ProgramArguments: mris_jacobian -all-info  ProgramVersion: 7.3.2  TimeStamp: 2026/03/10-06:45:54-GMT  BuildTime: Aug  4 2022 06:17:15  BuildStamp: freesurfer-linux-ubuntu22_x86_64-7.3.2-20220804-6354275  User: oesteban  Machine: dna058  Platform: Linux  PlatformVersion: 5.14.0-427.37.1.el9_4.x86_64  CompilerName: GCC  CompilerVersion: 8.4.0
ProgramName: mris_label2annot  ProgramArguments: mris_label2annot -all-info  ProgramVersion: 7.3.2  TimeStamp: 2026/03/10-06:45:54-GMT  BuildTime: Aug  4 2022 06:17:15  BuildStamp: freesurfer-linux-ubuntu22_x86_64-7.3.2-20220804-6354275  User: oesteban  Machine: dna058  Platform: Linux  PlatformVersion: 5.14.0-427.37.1.el9_4.x86_64  CompilerName: GCC  CompilerVersion: 8.4.0
ProgramName: mris_left_right_register  ProgramArguments: mris_left_right_register -all-info  ProgramVersion: 7.3.2  TimeStamp: 2026/03/10-06:45:54-GMT  BuildTime: Aug  4 2022 06:17:15  BuildStamp: freesurfer-linux-ubuntu22_x86_64-7.3.2-20220804-6354275  User: oesteban  Machine: dna058  Platform: Linux  PlatformVersion: 5.14.0-427.37.1.el9_4.x86_64  CompilerName: GCC  CompilerVersion: 8.4.0
ProgramName: mris_place_surface  ProgramArguments: mris_place_surface -all-info  ProgramVersion: 7.3.2  TimeStamp: 2026/03/10-06:45:54-GMT  BuildTime: Aug  4 2022 06:17:15  BuildStamp: freesurfer-linux-ubuntu22_x86_64-7.3.2-20220804-6354275  User: oesteban  Machine: dna058  Platform: Linux  PlatformVersion: 5.14.0-427.37.1.el9_4.x86_64  CompilerName: GCC  CompilerVersion: 8.4.0
ProgramName: mrisp_paint  ProgramArguments: mrisp_paint -all-info  ProgramVersion: 7.3.2  TimeStamp: 2026/03/10-06:45:54-GMT  BuildTime: Aug  4 2022 06:17:15  BuildStamp: freesurfer-linux-ubuntu22_x86_64-7.3.2-20220804-6354275  User: oesteban  Machine: dna058  Platform: Linux  PlatformVersion: 5.14.0-427.37.1.el9_4.x86_64  CompilerName: GCC  CompilerVersion: 8.4.0
ProgramName: mris_register  ProgramArguments: mris_register -all-info  ProgramVersion: 7.3.2  TimeStamp: 2026/03/10-06:45:54-GMT  BuildTime: Aug  4 2022 06:17:15  BuildStamp: freesurfer-linux-ubuntu22_x86_64-7.3.2-20220804-6354275  User: oesteban  Machine: dna058  Platform: Linux  PlatformVersion: 5.14.0-427.37.1.el9_4.x86_64  CompilerName: GCC  CompilerVersion: 8.4.0
ProgramName: mris_smooth  ProgramArguments: mris_smooth -all-info  ProgramVersion: 7.3.2  TimeStamp: 2026/03/10-06:45:54-GMT  BuildTime: Aug  4 2022 06:17:15  BuildStamp: freesurfer-linux-ubuntu22_x86_64-7.3.2-20220804-6354275  User: oesteban  Machine: dna058  Platform: Linux  PlatformVersion: 5.14.0-427.37.1.el9_4.x86_64  CompilerName: GCC  CompilerVersion: 8.4.0
ProgramName: mris_sphere  ProgramArguments: mris_sphere -all-info  ProgramVersion: 7.3.2  TimeStamp: 2026/03/10-06:45:54-GMT  BuildTime: Aug  4 2022 06:17:15  BuildStamp: freesurfer-linux-ubuntu22_x86_64-7.3.2-20220804-6354275  User: oesteban  Machine: dna058  Platform: Linux  PlatformVersion: 5.14.0-427.37.1.el9_4.x86_64  CompilerName: GCC  CompilerVersion: 8.4.0
ProgramName: mris_surface_stats  ProgramArguments: mris_surface_stats -all-info  ProgramVersion: 7.3.2  TimeStamp: 2026/03/10-06:45:54-GMT  BuildTime: Aug  4 2022 06:17:15  BuildStamp: freesurfer-linux-ubuntu22_x86_64-7.3.2-20220804-6354275  User: oesteban  Machine: dna058  Platform: Linux  PlatformVersion: 5.14.0-427.37.1.el9_4.x86_64  CompilerName: GCC  CompilerVersion: 8.4.0
ProgramName: mri_stats2seg  ProgramArguments: mri_stats2seg -all-info  ProgramVersion: 7.3.2  TimeStamp: 2026/03/10-06:45:54-GMT  BuildTime: Aug  4 2022 06:17:15  BuildStamp: freesurfer-linux-ubuntu22_x86_64-7.3.2-20220804-6354275  User: oesteban  Machine: dna058  Platform: Linux  PlatformVersion: 5.14.0-427.37.1.el9_4.x86_64  CompilerName: GCC  CompilerVersion: 8.4.0
ProgramName: mris_thickness  ProgramArguments: mris_thickness -all-info  ProgramVersion: 7.3.2  TimeStamp: 2026/03/10-06:45:54-GMT  BuildTime: Aug  4 2022 06:17:15  BuildStamp: freesurfer-linux-ubuntu22_x86_64-7.3.2-20220804-6354275  User: oesteban  Machine: dna058  Platform: Linux  PlatformVersion: 5.14.0-427.37.1.el9_4.x86_64  CompilerName: GCC  CompilerVersion: 8.4.0
ProgramName: mris_thickness_diff  ProgramArguments: mris_thickness_diff -all-info  ProgramVersion: 7.3.2  TimeStamp: 2026/03/10-06:45:54-GMT  BuildTime: Aug  4 2022 06:17:15  BuildStamp: freesurfer-linux-ubuntu22_x86_64-7.3.2-20220804-6354275  User: oesteban  Machine: dna058  Platform: Linux  PlatformVersion: 5.14.0-427.37.1.el9_4.x86_64  CompilerName: GCC  CompilerVersion: 8.4.0
ProgramName: mris_topo_fixer  ProgramArguments: mris_topo_fixer -all-info  ProgramVersion: 7.3.2  TimeStamp: 2026/03/10-06:45:54-GMT  BuildTime: Aug  4 2022 06:17:15  BuildStamp: freesurfer-linux-ubuntu22_x86_64-7.3.2-20220804-6354275  User: oesteban  Machine: dna058  Platform: Linux  PlatformVersion: 5.14.0-427.37.1.el9_4.x86_64  CompilerName: GCC  CompilerVersion: 8.4.0
ProgramName: mri_surf2surf  ProgramArguments: mri_surf2surf -all-info  ProgramVersion: 7.3.2  TimeStamp: 2026/03/10-06:45:54-GMT  BuildTime: Aug  4 2022 06:17:15  BuildStamp: freesurfer-linux-ubuntu22_x86_64-7.3.2-20220804-6354275  User: oesteban  Machine: dna058  Platform: Linux  PlatformVersion: 5.14.0-427.37.1.el9_4.x86_64  CompilerName: GCC  CompilerVersion: 8.4.0
ProgramName: mri_surf2vol  ProgramArguments: mri_surf2vol -all-info  ProgramVersion: 7.3.2  TimeStamp: 2026/03/10-06:45:54-GMT  BuildTime: Aug  4 2022 06:17:15  BuildStamp: freesurfer-linux-ubuntu22_x86_64-7.3.2-20220804-6354275  User: oesteban  Machine: dna058  Platform: Linux  PlatformVersion: 5.14.0-427.37.1.el9_4.x86_64  CompilerName: GCC  CompilerVersion: 8.4.0
ProgramName: mri_surfcluster  ProgramArguments: mri_surfcluster -all-info  ProgramVersion: 7.3.2  TimeStamp: 2026/03/10-06:45:54-GMT  BuildTime: Aug  4 2022 06:17:15  BuildStamp: freesurfer-linux-ubuntu22_x86_64-7.3.2-20220804-6354275  User: oesteban  Machine: dna058  Platform: Linux  PlatformVersion: 5.14.0-427.37.1.el9_4.x86_64  CompilerName: GCC  CompilerVersion: 8.4.0
ProgramName: mris_volmask  ProgramArguments: mris_volmask -all-info  ProgramVersion: 7.3.2  TimeStamp: 2026/03/10-06:45:55-GMT  BuildTime: Aug  4 2022 06:17:15  BuildStamp: freesurfer-linux-ubuntu22_x86_64-7.3.2-20220804-6354275  User: oesteban  Machine: dna058  Platform: Linux  PlatformVersion: 5.14.0-427.37.1.el9_4.x86_64  CompilerName: GCC  CompilerVersion: 8.4.0
ProgramName: mri_tessellate  ProgramArguments: mri_tessellate -all-info  ProgramVersion: 7.3.2  TimeStamp: 2026/03/10-06:45:55-GMT  BuildTime: Aug  4 2022 06:17:15  BuildStamp: freesurfer-linux-ubuntu22_x86_64-7.3.2-20220804-6354275  User: oesteban  Machine: dna058  Platform: Linux  PlatformVersion: 5.14.0-427.37.1.el9_4.x86_64  CompilerName: GCC  CompilerVersion: 8.4.0
ProgramName: mri_vol2surf  ProgramArguments: mri_vol2surf -all-info  ProgramVersion: 7.3.2  TimeStamp: 2026/03/10-06:45:55-GMT  BuildTime: Aug  4 2022 06:17:15  BuildStamp: freesurfer-linux-ubuntu22_x86_64-7.3.2-20220804-6354275  User: oesteban  Machine: dna058  Platform: Linux  PlatformVersion: 5.14.0-427.37.1.el9_4.x86_64  CompilerName: GCC  CompilerVersion: 8.4.0
ProgramName: mri_vol2vol  ProgramArguments: mri_vol2vol -all-info  ProgramVersion: 7.3.2  TimeStamp: 2026/03/10-06:45:55-GMT  BuildTime: Aug  4 2022 06:17:15  BuildStamp: freesurfer-linux-ubuntu22_x86_64-7.3.2-20220804-6354275  User: oesteban  Machine: dna058  Platform: Linux  PlatformVersion: 5.14.0-427.37.1.el9_4.x86_64  CompilerName: GCC  CompilerVersion: 8.4.0
ProgramName: mri_voldiff  ProgramArguments: mri_voldiff -all-info  ProgramVersion: 7.3.2  TimeStamp: 2026/03/10-06:45:55-GMT  BuildTime: Aug  4 2022 06:17:15  BuildStamp: freesurfer-linux-ubuntu22_x86_64-7.3.2-20220804-6354275  User: oesteban  Machine: dna058  Platform: Linux  PlatformVersion: 5.14.0-427.37.1.el9_4.x86_64  CompilerName: GCC  CompilerVersion: 8.4.0
ProgramName: mri_watershed  ProgramArguments: mri_watershed -all-info  ProgramVersion: 7.3.2  TimeStamp: 2026/03/10-06:45:55-GMT  BuildTime: Aug  4 2022 06:17:15  BuildStamp: freesurfer-linux-ubuntu22_x86_64-7.3.2-20220804-6354275  User: oesteban  Machine: dna058  Platform: Linux  PlatformVersion: 5.14.0-427.37.1.el9_4.x86_64  CompilerName: GCC  CompilerVersion: 8.4.0
ProgramName: tkregister2  ProgramArguments: tkregister2_cmdl -all-info  ProgramVersion: 7.3.2  TimeStamp: 2026/03/10-06:45:55-GMT  BuildTime: Aug  4 2022 06:17:15  BuildStamp: freesurfer-linux-ubuntu22_x86_64-7.3.2-20220804-6354275  User: oesteban  Machine: dna058  Platform: Linux  PlatformVersion: 5.14.0-427.37.1.el9_4.x86_64  CompilerName: GCC  CompilerVersion: 8.4.0
mri_motion_correct.fsl 7.3.2
mri_convert -all-info 
ProgramName: mri_convert  ProgramArguments: mri_convert -all-info  ProgramVersion: 7.3.2  TimeStamp: 2026/03/10-06:45:55-GMT  BuildTime: Aug  4 2022 06:17:15  BuildStamp: freesurfer-linux-ubuntu22_x86_64-7.3.2-20220804-6354275  User: oesteban  Machine: dna058  Platform: Linux  PlatformVersion: 5.14.0-427.37.1.el9_4.x86_64  CompilerName: GCC  CompilerVersion: 8.4.0
Program nu_correct, built from:
Package MNI N3, version 1.12.0, compiled by nicks@terrier (x86_64-unknown-linux-gnu) on 2015-06-19 at 01:25:34
#######################################
GCADIR /opt/freesurfer/average
GCA RB_all_2020-01-02.gca
GCASkull RB_all_withskull_2020_01_02.gca
AvgCurvTif folding.atlas.acfb40.noaparc.i12.2016-08-02.tif
GCSDIR /opt/freesurfer/average
GCS DKaparc.atlas.acfb40.noaparc.i12.2016-08-02.gcs
#######################################
#--------------------------------------------
#@# AutoDetGWStats lh Tue Mar 10 07:45:55 CET 2026
cd /out/sourcedata/freesurfer/sub-v1s6x0051365_ses-1/mri
mris_autodet_gwstats --o ../surf/autodet.gw.stats.lh.dat --i brain.finalsurfs.mgz --wm wm.mgz --surf ../surf/lh.orig.premesh
  Update not needed
#--------------------------------------------
#@# WhitePreAparc lh Tue Mar 10 07:45:55 CET 2026
cd /out/sourcedata/freesurfer/sub-v1s6x0051365_ses-1/mri
mris_place_surface --adgws-in ../surf/autodet.gw.stats.lh.dat --wm wm.mgz --threads 16 --invol brain.finalsurfs.mgz --lh --i ../surf/lh.orig --o ../surf/lh.white.preaparc --white --seg aseg.presurf.mgz --nsmooth 5
   Update not needed
#--------------------------------------------
#@# CortexLabel lh Tue Mar 10 07:45:55 CET 2026
cd /out/sourcedata/freesurfer/sub-v1s6x0051365_ses-1/mri
mri_label2label --label-cortex ../surf/lh.white.preaparc aseg.presurf.mgz 0 ../label/lh.cortex.label
   Update not needed
#--------------------------------------------
#@# CortexLabel+HipAmyg lh Tue Mar 10 07:45:55 CET 2026
cd /out/sourcedata/freesurfer/sub-v1s6x0051365_ses-1/mri
mri_label2label --label-cortex ../surf/lh.white.preaparc aseg.presurf.mgz 1 ../label/lh.cortex+hipamyg.label
   Update not needed
#@# white curv lh Tue Mar 10 07:45:55 CET 2026
cd /out/sourcedata/freesurfer/sub-v1s6x0051365_ses-1/mri
mris_place_surface --curv-map ../surf/lh.white 2 10 ../surf/lh.curv
   Update not needed
#@# white area lh Tue Mar 10 07:45:55 CET 2026
cd /out/sourcedata/freesurfer/sub-v1s6x0051365_ses-1/mri
mris_place_surface --area-map ../surf/lh.white ../surf/lh.area
   Update not needed
#@# pial curv lh Tue Mar 10 07:45:55 CET 2026
cd /out/sourcedata/freesurfer/sub-v1s6x0051365_ses-1/mri
mris_place_surface --curv-map ../surf/lh.pial 2 10 ../surf/lh.curv.pial
   Update not needed
#@# pial area lh Tue Mar 10 07:45:55 CET 2026
cd /out/sourcedata/freesurfer/sub-v1s6x0051365_ses-1/mri
mris_place_surface --area-map ../surf/lh.pial ../surf/lh.area.pial
   Update not needed
#@# thickness lh Tue Mar 10 07:45:55 CET 2026
cd /out/sourcedata/freesurfer/sub-v1s6x0051365_ses-1/mri
mris_place_surface --thickness ../surf/lh.white ../surf/lh.pial 20 5 ../surf/lh.thickness
   Update not needed
#@# area and vertex vol lh Tue Mar 10 07:45:55 CET 2026
cd /out/sourcedata/freesurfer/sub-v1s6x0051365_ses-1/mri
mris_place_surface --thickness ../surf/lh.white ../surf/lh.pial 20 5 ../surf/lh.thickness
   Update not needed
#-----------------------------------------
#@# Parcellation Stats lh Tue Mar 10 07:45:55 CET 2026
/out/sourcedata/freesurfer/sub-v1s6x0051365_ses-1/scripts

 mris_anatomical_stats -th3 -mgz -noglobal -cortex ../label/lh.cortex.label -f ../stats/lh.aparc.stats -b -a ../label/lh.aparc.annot -c ../label/aparc.annot.ctab sub-v1s6x0051365_ses-1 lh white 

computing statistics for each annotation in ../label/lh.aparc.annot.
reading volume /out/sourcedata/freesurfer/sub-v1s6x0051365_ses-1/mri/wm.mgz...
reading input surface /out/sourcedata/freesurfer/sub-v1s6x0051365_ses-1/surf/lh.white...
reading input pial surface /out/sourcedata/freesurfer/sub-v1s6x0051365_ses-1/surf/lh.pial...
reading input white surface /out/sourcedata/freesurfer/sub-v1s6x0051365_ses-1/surf/lh.white...
INFO: using TH3 volume calc
INFO: assuming MGZ format for volumes.
INFO: not computing global stats
INFO: using ../label/lh.cortex.label as mask to calc cortex NumVert, SurfArea and MeanThickness.
Using TH3 vertex volume calc
Total face volume 224252
Total vertex volume 224037 (mask=0)
Saving annotation colortable ../label/aparc.annot.ctab

table columns are:
    number of vertices
    total surface area (mm^2)
    total gray matter volume (mm^3)
    average cortical thickness +- standard deviation (mm)
    integrated rectified mean curvature
    integrated rectified Gaussian curvature
    folding index
    intrinsic curvature index
    structure name

 1566   1030   2678  2.812 0.409     0.099     0.018        9     1.2  bankssts
  982    707   2173  2.522 0.796     0.120     0.021       14     1.1  caudalanteriorcingulate
 3075   2137   5518  2.374 0.486     0.109     0.021       25     2.8  caudalmiddlefrontal
 2006   1431   2459  1.705 0.465     0.145     0.034       26     3.0  cuneus
  406    305   1328  3.029 1.033     0.147     0.036        5     0.8  entorhinal
 3962   2828   8462  2.650 0.591     0.121     0.027       43     4.5  fusiform
 6977   4970  13413  2.451 0.542     0.118     0.023       71     6.8  inferiorparietal
 4012   2898   9558  2.808 0.656     0.118     0.025       45     3.9  inferiortemporal
 1516   1051   2834  2.398 0.855     0.117     0.025       17     1.6  isthmuscingulate
 7005   4954  11695  2.132 0.533     0.125     0.028       75     7.8  lateraloccipital
 4046   2877   8063  2.750 0.604     0.122     0.028       44     4.6  lateralorbitofrontal
 4239   3081   6373  1.982 0.610     0.132     0.033       48     5.5  lingual
 2609   1773   4858  2.511 0.633     0.112     0.025       28     2.5  medialorbitofrontal
 4207   3111  11857  3.028 0.623     0.124     0.027       54     4.3  middletemporal
  961    598   1908  2.596 0.659     0.076     0.018        5     0.5  parahippocampal
 1977   1343   3420  2.484 0.490     0.118     0.025       16     2.1  paracentral
 1793   1301   3503  2.496 0.457     0.115     0.023       17     1.6  parsopercularis
 1115    830   2776  2.512 0.733     0.142     0.036       21     1.5  parsorbitalis
 1525   1092   3306  2.562 0.505     0.121     0.025       15     1.7  parstriangularis
 1712   1187   1777  1.651 0.444     0.116     0.028       15     1.9  pericalcarine
 5660   3905   9472  2.196 0.643     0.111     0.022       48     5.4  postcentral
 1722   1240   3685  2.624 0.765     0.135     0.026       24     1.9  posteriorcingulate
 6355   4213  11138  2.496 0.477     0.107     0.022       45     6.0  precentral
 4901   3467   9297  2.583 0.545     0.118     0.026       47     4.7  precuneus
 1181    831   2774  2.834 0.790     0.126     0.034       17     1.4  rostralanteriorcingulate
 6140   4560  13012  2.429 0.632     0.129     0.031       77     7.4  rostralmiddlefrontal
 9758   6883  20631  2.707 0.602     0.119     0.025       86     9.9  superiorfrontal
 7171   5098  12261  2.176 0.530     0.124     0.027       71     7.7  superiorparietal
 5282   3510  12341  2.998 0.614     0.091     0.017       36     3.8  superiortemporal
 4730   3292  10074  2.773 0.530     0.116     0.023       45     4.5  supramarginal
  292    216    855  2.636 0.636     0.135     0.030        4     0.3  frontalpole
  625    474   2514  3.435 0.860     0.127     0.033        9     0.7  temporalpole
  598    383   1034  2.535 0.607     0.126     0.027        7     0.4  transversetemporal
 3546   2443   6993  2.975 0.667     0.125     0.035       35     5.0  insula

 mris_anatomical_stats -th3 -mgz -noglobal -cortex ../label/lh.cortex.label -f ../stats/lh.aparc.pial.stats -b -a ../label/lh.aparc.annot -c ../label/aparc.annot.ctab sub-v1s6x0051365_ses-1 lh pial 

computing statistics for each annotation in ../label/lh.aparc.annot.
reading volume /out/sourcedata/freesurfer/sub-v1s6x0051365_ses-1/mri/wm.mgz...
reading input surface /out/sourcedata/freesurfer/sub-v1s6x0051365_ses-1/surf/lh.pial...
reading input pial surface /out/sourcedata/freesurfer/sub-v1s6x0051365_ses-1/surf/lh.pial...
reading input white surface /out/sourcedata/freesurfer/sub-v1s6x0051365_ses-1/surf/lh.white...
INFO: using TH3 volume calc
INFO: assuming MGZ format for volumes.
INFO: not computing global stats
INFO: using ../label/lh.cortex.label as mask to calc cortex NumVert, SurfArea and MeanThickness.
Using TH3 vertex volume calc
Total face volume 224252
Total vertex volume 224037 (mask=0)
Saving annotation colortable ../label/aparc.annot.ctab

table columns are:
    number of vertices
    total surface area (mm^2)
    total gray matter volume (mm^3)
    average cortical thickness +- standard deviation (mm)
    integrated rectified mean curvature
    integrated rectified Gaussian curvature
    folding index
    intrinsic curvature index
    structure name

 1566    869   2678  2.812 0.409     0.108     0.031       44     1.6  bankssts
  982    972   2173  2.522 0.796     0.176     0.041       43     1.6  caudalanteriorcingulate
 3075   2509   5518  2.374 0.486     0.131     0.030       83     3.8  caudalmiddlefrontal
 2006   1654   2459  1.705 0.465     0.156     0.045      126     3.9  cuneus
  406    623   1328  3.029 1.033     0.352     0.108       17     2.7  entorhinal
 3962   3545   8462  2.650 0.591     0.155     0.050       97     6.7  fusiform
 6977   6049  13413  2.451 0.542     0.151     0.036      142    10.6  inferiorparietal
 4012   3767   9558  2.808 0.656     0.166     0.041       94     7.1  inferiortemporal
 1516   1378   2834  2.398 0.855     0.165     0.046       38     2.8  isthmuscingulate
 7005   6144  11695  2.132 0.533     0.140     0.037      159     9.1  lateraloccipital
 4046   3180   8063  2.750 0.604     0.146     0.045      102     6.6  lateralorbitofrontal
 4239   3664   6373  1.982 0.610     0.158     0.052      249     7.5  lingual
 2609   2202   4858  2.511 0.633     0.148     0.038       45     4.2  medialorbitofrontal
 4207   4645  11857  3.028 0.623     0.168     0.035       65     6.4  middletemporal
  961    952   1908  2.596 0.659     0.199     0.058       16     2.6  parahippocampal
 1977   1485   3420  2.484 0.490     0.137     0.043       69     3.4  paracentral
 1793   1574   3503  2.496 0.457     0.149     0.032       25     2.5  parsopercularis
 1115   1354   2776  2.512 0.733     0.226     0.049       35     2.6  parsorbitalis
 1525   1438   3306  2.562 0.505     0.164     0.037       24     2.5  parstriangularis
 1712   1078   1777  1.651 0.444     0.125     0.035       34     2.4  pericalcarine
 5660   4765   9472  2.196 0.643     0.134     0.029       79     6.9  postcentral
 1722   1536   3685  2.624 0.765     0.169     0.048       79     3.4  posteriorcingulate
 6355   4717  11138  2.496 0.477     0.115     0.027      110     6.7  precentral
 4901   3840   9297  2.583 0.545     0.142     0.038      113     8.0  precuneus
 1181   1104   2774  2.834 0.790     0.229     0.083      152     4.6  rostralanteriorcingulate
 6140   5949  13012  2.429 0.632     0.169     0.037      119     9.5  rostralmiddlefrontal
 9758   8280  20631  2.707 0.602     0.146     0.044      151    14.8  superiorfrontal
 7171   6020  12261  2.176 0.530     0.142     0.033      160     9.4  superiorparietal
 5282   4541  12341  2.998 0.614     0.137     0.033       72     7.4  superiortemporal
 4730   3869  10074  2.773 0.530     0.132     0.032       77     6.0  supramarginal
  292    417    855  2.636 0.636     0.243     0.042        5     0.7  frontalpole
  625    946   2514  3.435 0.860     0.251     0.061       15     1.9  temporalpole
  598    464   1034  2.535 0.607     0.135     0.040        8     0.8  transversetemporal
 3546   2415   6993  2.975 0.667     0.170     0.055      129     7.9  insula
#-----------------------------------------
#@# Parcellation Stats 2 lh Tue Mar 10 07:46:09 CET 2026
/out/sourcedata/freesurfer/sub-v1s6x0051365_ses-1/scripts

 mris_anatomical_stats -th3 -mgz -noglobal -cortex ../label/lh.cortex.label -f ../stats/lh.aparc.a2009s.stats -b -a ../label/lh.aparc.a2009s.annot -c ../label/aparc.annot.a2009s.ctab sub-v1s6x0051365_ses-1 lh white 

computing statistics for each annotation in ../label/lh.aparc.a2009s.annot.
reading volume /out/sourcedata/freesurfer/sub-v1s6x0051365_ses-1/mri/wm.mgz...
reading input surface /out/sourcedata/freesurfer/sub-v1s6x0051365_ses-1/surf/lh.white...
reading input pial surface /out/sourcedata/freesurfer/sub-v1s6x0051365_ses-1/surf/lh.pial...
reading input white surface /out/sourcedata/freesurfer/sub-v1s6x0051365_ses-1/surf/lh.white...
INFO: using TH3 volume calc
INFO: assuming MGZ format for volumes.
INFO: not computing global stats
INFO: using ../label/lh.cortex.label as mask to calc cortex NumVert, SurfArea and MeanThickness.
Using TH3 vertex volume calc
Total face volume 224252
Total vertex volume 224037 (mask=0)
Saving annotation colortable ../label/aparc.annot.a2009s.ctab

table columns are:
    number of vertices
    total surface area (mm^2)
    total gray matter volume (mm^3)
    average cortical thickness +- standard deviation (mm)
    integrated rectified mean curvature
    integrated rectified Gaussian curvature
    folding index
    intrinsic curvature index
    structure name

 1156    862   2430  2.344 0.693     0.137     0.032       16     1.5  G_and_S_frontomargin
 1538   1112   2750  2.260 0.464     0.133     0.030       18     1.8  G_and_S_occipital_inf
 1361    942   2649  2.358 0.572     0.129     0.033       13     1.7  G_and_S_paracentral
 1317    909   2955  2.866 0.515     0.121     0.025       14     1.4  G_and_S_subcentral
  581    440   1449  2.487 0.629     0.136     0.030        7     0.7  G_and_S_transv_frontopol
 1822   1326   4213  2.772 0.624     0.119     0.026       21     1.9  G_and_S_cingul-Ant
 1143    802   2366  2.777 0.542     0.100     0.015        9     0.9  G_and_S_cingul-Mid-Ant
 1406   1007   3015  2.747 0.620     0.120     0.024       14     1.5  G_and_S_cingul-Mid-Post
  535    370   1467  3.078 0.601     0.127     0.028        6     0.5  G_cingul-Post-dorsal
  273    200    689  2.589 0.759     0.130     0.036        4     0.3  G_cingul-Post-ventral
 1912   1379   2522  1.692 0.524     0.145     0.033       25     2.8  G_cuneus
  969    731   2297  2.537 0.415     0.116     0.026       12     0.9  G_front_inf-Opercular
  563    396   1381  2.630 0.393     0.134     0.034        9     0.7  G_front_inf-Orbital
  729    568   2146  2.788 0.488     0.145     0.038       10     1.1  G_front_inf-Triangul
 3683   2808   9358  2.539 0.630     0.138     0.034       53     4.9  G_front_middle
 6121   4450  15473  2.882 0.577     0.133     0.029       68     7.3  G_front_sup
  826    568   1843  3.099 0.667     0.146     0.050       13     1.5  G_Ins_lg_and_S_cent_ins
  838    629   2293  3.079 0.801     0.149     0.046       12     1.5  G_insular_short
 2087   1494   5037  2.613 0.524     0.125     0.028       26     2.2  G_occipital_middle
 1298    923   2136  2.009 0.497     0.136     0.030       14     1.6  G_occipital_sup
 1539   1120   3946  2.767 0.542     0.131     0.030       23     1.9  G_oc-temp_lat-fusifor
 2954   2178   4738  1.891 0.613     0.142     0.039       39     4.5  G_oc-temp_med-Lingual
 1273    861   3396  2.737 0.865     0.111     0.031       12     1.6  G_oc-temp_med-Parahip
 2443   1862   6486  2.715 0.737     0.145     0.039       48     3.8  G_orbital
 2308   1709   5517  2.545 0.528     0.132     0.027       28     2.6  G_pariet_inf-Angular
 2518   1826   6813  2.925 0.496     0.133     0.028       35     2.7  G_pariet_inf-Supramar
 2392   1830   5639  2.383 0.556     0.137     0.033       33     3.1  G_parietal_sup
 2222   1559   4267  2.208 0.557     0.120     0.024       24     2.2  G_postcentral
 2254   1490   4824  2.552 0.484     0.109     0.023       20     2.1  G_precentral
 2393   1813   5964  2.603 0.554     0.135     0.034       34     2.9  G_precuneus
  878    579   2027  2.550 0.540     0.120     0.028       14     0.9  G_rectus
  662    423   1048  2.345 0.876     0.115     0.044        8     0.9  G_subcallosal
  431    269    882  2.670 0.843     0.129     0.031        6     0.3  G_temp_sup-G_T_transv
 1839   1247   6056  3.365 0.544     0.117     0.026       22     2.0  G_temp_sup-Lateral
  850    585   2199  3.124 0.679     0.084     0.019        4     0.5  G_temp_sup-Plan_polar
  738    482   1344  2.566 0.471     0.064     0.009        2     0.3  G_temp_sup-Plan_tempo
 2012   1520   6316  3.020 0.655     0.133     0.032       37     2.4  G_temporal_inf
 2252   1768   7917  3.187 0.628     0.138     0.032       39     2.6  G_temporal_middle
  317    218    467  2.346 0.283     0.110     0.018        2     0.2  Lat_Fis-ant-Horizont
  248    175    336  2.224 0.387     0.105     0.016        1     0.2  Lat_Fis-ant-Vertical
  932    611   1238  2.629 0.446     0.096     0.019        4     0.8  Lat_Fis-post
 2140   1497   3213  1.911 0.521     0.137     0.034       28     3.1  Pole_occipital
 1251    989   5083  3.285 0.885     0.149     0.041       20     2.2  Pole_temporal
 2008   1362   2327  1.960 0.751     0.110     0.025       16     2.0  S_calcarine
 2963   2009   3539  2.067 0.518     0.109     0.022       18     3.1  S_central
 1054    708   1534  2.585 0.399     0.105     0.019        6     0.8  S_cingul-Marginalis
  704    475   1138  2.931 0.573     0.096     0.021        3     0.7  S_circular_insula_ant
 1219    800   1832  2.902 0.601     0.091     0.017        6     0.9  S_circular_insula_inf
 1625   1068   2304  2.747 0.462     0.098     0.018        7     1.3  S_circular_insula_sup
  672    458   1061  2.883 0.423     0.095     0.015        3     0.4  S_collat_transv_ant
  419    281    468  2.053 0.389     0.105     0.017        2     0.3  S_collat_transv_post
 1644   1096   2398  2.407 0.385     0.105     0.021       11     1.5  S_front_inf
 1104    768   1611  2.168 0.506     0.114     0.025       10     1.1  S_front_middle
 3126   2123   4453  2.297 0.514     0.093     0.017       15     2.2  S_front_sup
  111     86    257  3.080 0.422     0.127     0.035        1     0.1  S_interm_prim-Jensen
 2846   1892   3461  2.061 0.499     0.105     0.018       22     2.3  S_intrapariet_and_P_trans
  887    592   1042  2.167 0.411     0.109     0.022        6     0.8  S_oc_middle_and_Lunatus
 1313    879   1546  1.981 0.350     0.098     0.017        8     0.9  S_oc_sup_and_transversal
  766    549   1204  2.252 0.444     0.100     0.016        5     0.5  S_occipital_ant
 1060    707   1393  2.375 0.503     0.101     0.020        6     0.9  S_oc-temp_lat
 2004   1391   3041  2.467 0.521     0.100     0.017       12     1.4  S_oc-temp_med_and_Lingual
  229    162    290  2.121 0.494     0.122     0.017        2     0.2  S_orbital_lateral
  621    431    946  2.743 0.536     0.109     0.017        4     0.5  S_orbital_med-olfact
 1492   1041   2759  2.663 0.620     0.113     0.021       12     1.3  S_orbital-H_Shaped
 1944   1321   2667  2.364 0.563     0.115     0.023       14     1.9  S_parieto_occipital
 1461    918   1273  1.830 0.637     0.110     0.019       22     1.2  S_pericallosal
 2769   1839   3768  2.321 0.561     0.095     0.018       14     2.1  S_postcentral
 1446    950   1999  2.409 0.486     0.093     0.015        7     0.9  S_precentral-inf-part
  891    591   1241  2.513 0.436     0.107     0.022        6     0.8  S_precentral-sup-part
  878    600   1386  2.515 0.651     0.112     0.019        7     0.7  S_suborbital
 1051    742   1638  2.519 0.428     0.123     0.025        7     1.2  S_subparietal
 1474   1016   2159  2.438 0.419     0.109     0.017        9     1.2  S_temporal_inf
 6471   4370  10525  2.611 0.539     0.100     0.018       41     4.9  S_temporal_sup
  396    265    590  2.653 0.437     0.086     0.011        1     0.3  S_temporal_transverse
#-----------------------------------------
#@# Parcellation Stats 3 lh Tue Mar 10 07:46:16 CET 2026
/out/sourcedata/freesurfer/sub-v1s6x0051365_ses-1/scripts

 mris_anatomical_stats -th3 -mgz -noglobal -cortex ../label/lh.cortex.label -f ../stats/lh.aparc.DKTatlas.stats -b -a ../label/lh.aparc.DKTatlas.annot -c ../label/aparc.annot.DKTatlas.ctab sub-v1s6x0051365_ses-1 lh white 

computing statistics for each annotation in ../label/lh.aparc.DKTatlas.annot.
reading volume /out/sourcedata/freesurfer/sub-v1s6x0051365_ses-1/mri/wm.mgz...
reading input surface /out/sourcedata/freesurfer/sub-v1s6x0051365_ses-1/surf/lh.white...
reading input pial surface /out/sourcedata/freesurfer/sub-v1s6x0051365_ses-1/surf/lh.pial...
reading input white surface /out/sourcedata/freesurfer/sub-v1s6x0051365_ses-1/surf/lh.white...
INFO: using TH3 volume calc
INFO: assuming MGZ format for volumes.
INFO: not computing global stats
INFO: using ../label/lh.cortex.label as mask to calc cortex NumVert, SurfArea and MeanThickness.
Using TH3 vertex volume calc
Total face volume 224252
Total vertex volume 224037 (mask=0)
Saving annotation colortable ../label/aparc.annot.DKTatlas.ctab

table columns are:
    number of vertices
    total surface area (mm^2)
    total gray matter volume (mm^3)
    average cortical thickness +- standard deviation (mm)
    integrated rectified mean curvature
    integrated rectified Gaussian curvature
    folding index
    intrinsic curvature index
    structure name

 1501   1037   2878  2.569 0.705     0.108     0.018       17     1.3  caudalanteriorcingulate
 3244   2258   5790  2.366 0.483     0.110     0.021       26     2.9  caudalmiddlefrontal
 2810   1984   3732  1.902 0.585     0.138     0.030       32     3.8  cuneus
  440    328   1369  2.976 1.014     0.147     0.040        6     0.8  entorhinal
 3624   2548   7079  2.602 0.545     0.116     0.024       37     3.6  fusiform
 6854   4864  13087  2.446 0.549     0.118     0.024       69     6.7  inferiorparietal
 3922   2862  10007  2.849 0.695     0.121     0.027       46     4.3  inferiortemporal
 1491   1028   2764  2.408 0.861     0.118     0.025       17     1.6  isthmuscingulate
 6920   4898  11395  2.119 0.526     0.128     0.028       76     7.8  lateraloccipital
 4226   3048   8697  2.691 0.635     0.132     0.032       55     5.6  lateralorbitofrontal
 4387   3175   6691  1.991 0.612     0.131     0.032       49     5.7  lingual
 2228   1488   4325  2.533 0.641     0.108     0.025       25     2.0  medialorbitofrontal
 5912   4280  14924  2.931 0.603     0.117     0.024       65     5.7  middletemporal
 1018    641   2008  2.597 0.656     0.077     0.018        5     0.5  parahippocampal
 2215   1512   4100  2.540 0.522     0.118     0.026       18     2.3  paracentral
 1656   1199   3128  2.512 0.447     0.114     0.022       15     1.4  parsopercularis
 1232    861   2776  2.630 0.570     0.125     0.030       14     1.4  parsorbitalis
 1772   1267   3712  2.525 0.520     0.119     0.026       17     1.9  parstriangularis
 1724   1195   1807  1.657 0.434     0.118     0.029       15     2.0  pericalcarine
 6345   4402  10774  2.231 0.647     0.113     0.024       56     6.3  postcentral
 1877   1345   3919  2.624 0.729     0.133     0.027       24     2.1  posteriorcingulate
 6256   4147  10983  2.509 0.476     0.106     0.021       45     5.8  precentral
 4759   3406   9308  2.556 0.547     0.118     0.026       45     4.6  precuneus
 1555   1100   3387  2.786 0.731     0.126     0.032       21     1.8  rostralanteriorcingulate
 4347   3236   9651  2.478 0.656     0.131     0.031       60     5.4  rostralmiddlefrontal
10584   7595  22592  2.633 0.636     0.122     0.026      101    11.2  superiorfrontal
 5748   4069   9784  2.169 0.538     0.120     0.025       55     5.9  superiorparietal
 6933   4675  16729  3.005 0.637     0.098     0.020       55     5.7  superiortemporal
 4322   3012   9186  2.777 0.529     0.118     0.024       42     4.2  supramarginal
  604    388   1034  2.537 0.598     0.127     0.028        7     0.5  transversetemporal
 3146   2165   6420  3.038 0.655     0.119     0.031       28     3.9  insula
/out/sourcedata/freesurfer/sub-v1s6x0051365_ses-1/label
#--------------------------------------------
#@# BA_exvivo Labels lh Tue Mar 10 07:46:23 CET 2026

 mri_label2label --srcsubject fsaverage --srclabel /out/sourcedata/freesurfer/fsaverage/label/lh.BA1_exvivo.label --trgsubject sub-v1s6x0051365_ses-1 --trglabel ./lh.BA1_exvivo.label --hemi lh --regmethod surface 


srclabel = /out/sourcedata/freesurfer/fsaverage/label/lh.BA1_exvivo.label
srcsubject = fsaverage
trgsubject = sub-v1s6x0051365_ses-1
trglabel = ./lh.BA1_exvivo.label
regmethod = surface

srchemi = lh
trghemi = lh
trgsurface = white
srcsurfreg = sphere.reg
trgsurfreg = sphere.reg
usehash = 1
Use ProjAbs  = 0, 0
Use ProjFrac = 0, 0
DoPaint 0

SUBJECTS_DIR    /out/sourcedata/freesurfer
FREESURFER_HOME /opt/freesurfer
Loading source label.
Found 4129 points in source label.
Starting surface-based mapping
Reading source registration 
 /out/sourcedata/freesurfer/fsaverage/surf/lh.sphere.reg
Rescaling ...  original radius = 100
Reading target surface 
 /out/sourcedata/freesurfer/sub-v1s6x0051365_ses-1/surf/lh.white
Reading target registration 
 /out/sourcedata/freesurfer/sub-v1s6x0051365_ses-1/surf/lh.sphere.reg
Rescaling ...  original radius = 100
Building target registration hash (res=16).
Building source registration hash (res=16).
INFO: found  4129 nlabel points
Performing mapping from target back to the source label 121949
Number of reverse mapping hits = 70
Checking for and removing duplicates
Writing label file ./lh.BA1_exvivo.label 4199
mri_label2label: Done


 mri_label2label --srcsubject fsaverage --srclabel /out/sourcedata/freesurfer/fsaverage/label/lh.BA2_exvivo.label --trgsubject sub-v1s6x0051365_ses-1 --trglabel ./lh.BA2_exvivo.label --hemi lh --regmethod surface 


srclabel = /out/sourcedata/freesurfer/fsaverage/label/lh.BA2_exvivo.label
srcsubject = fsaverage
trgsubject = sub-v1s6x0051365_ses-1
trglabel = ./lh.BA2_exvivo.label
regmethod = surface

srchemi = lh
trghemi = lh
trgsurface = white
srcsurfreg = sphere.reg
trgsurfreg = sphere.reg
usehash = 1
Use ProjAbs  = 0, 0
Use ProjFrac = 0, 0
DoPaint 0

SUBJECTS_DIR    /out/sourcedata/freesurfer
FREESURFER_HOME /opt/freesurfer
Loading source label.
Found 7909 points in source label.
Starting surface-based mapping
Reading source registration 
 /out/sourcedata/freesurfer/fsaverage/surf/lh.sphere.reg
Rescaling ...  original radius = 100
Reading target surface 
 /out/sourcedata/freesurfer/sub-v1s6x0051365_ses-1/surf/lh.white
Reading target registration 
 /out/sourcedata/freesurfer/sub-v1s6x0051365_ses-1/surf/lh.sphere.reg
Rescaling ...  original radius = 100
Building target registration hash (res=16).
Building source registration hash (res=16).
INFO: found  7909 nlabel points
Performing mapping from target back to the source label 121949
Number of reverse mapping hits = 104
Checking for and removing duplicates
Writing label file ./lh.BA2_exvivo.label 8013
mri_label2label: Done


 mri_label2label --srcsubject fsaverage --srclabel /out/sourcedata/freesurfer/fsaverage/label/lh.BA3a_exvivo.label --trgsubject sub-v1s6x0051365_ses-1 --trglabel ./lh.BA3a_exvivo.label --hemi lh --regmethod surface 


srclabel = /out/sourcedata/freesurfer/fsaverage/label/lh.BA3a_exvivo.label
srcsubject = fsaverage
trgsubject = sub-v1s6x0051365_ses-1
trglabel = ./lh.BA3a_exvivo.label
regmethod = surface

srchemi = lh
trghemi = lh
trgsurface = white
srcsurfreg = sphere.reg
trgsurfreg = sphere.reg
usehash = 1
Use ProjAbs  = 0, 0
Use ProjFrac = 0, 0
DoPaint 0

SUBJECTS_DIR    /out/sourcedata/freesurfer
FREESURFER_HOME /opt/freesurfer
Loading source label.
Found 4077 points in source label.
Starting surface-based mapping
Reading source registration 
 /out/sourcedata/freesurfer/fsaverage/surf/lh.sphere.reg
Rescaling ...  original radius = 100
Reading target surface 
 /out/sourcedata/freesurfer/sub-v1s6x0051365_ses-1/surf/lh.white
Reading target registration 
 /out/sourcedata/freesurfer/sub-v1s6x0051365_ses-1/surf/lh.sphere.reg
Rescaling ...  original radius = 100
Building target registration hash (res=16).
Building source registration hash (res=16).
INFO: found  4077 nlabel points
Performing mapping from target back to the source label 121949
Number of reverse mapping hits = 38
Checking for and removing duplicates
Writing label file ./lh.BA3a_exvivo.label 4115
mri_label2label: Done


 mri_label2label --srcsubject fsaverage --srclabel /out/sourcedata/freesurfer/fsaverage/label/lh.BA3b_exvivo.label --trgsubject sub-v1s6x0051365_ses-1 --trglabel ./lh.BA3b_exvivo.label --hemi lh --regmethod surface 


srclabel = /out/sourcedata/freesurfer/fsaverage/label/lh.BA3b_exvivo.label
srcsubject = fsaverage
trgsubject = sub-v1s6x0051365_ses-1
trglabel = ./lh.BA3b_exvivo.label
regmethod = surface

srchemi = lh
trghemi = lh
trgsurface = white
srcsurfreg = sphere.reg
trgsurfreg = sphere.reg
usehash = 1
Use ProjAbs  = 0, 0
Use ProjFrac = 0, 0
DoPaint 0

SUBJECTS_DIR    /out/sourcedata/freesurfer
FREESURFER_HOME /opt/freesurfer
Loading source label.
Found 5983 points in source label.
Starting surface-based mapping
Reading source registration 
 /out/sourcedata/freesurfer/fsaverage/surf/lh.sphere.reg
Rescaling ...  original radius = 100
Reading target surface 
 /out/sourcedata/freesurfer/sub-v1s6x0051365_ses-1/surf/lh.white
Reading target registration 
 /out/sourcedata/freesurfer/sub-v1s6x0051365_ses-1/surf/lh.sphere.reg
Rescaling ...  original radius = 100
Building target registration hash (res=16).
Building source registration hash (res=16).
INFO: found  5983 nlabel points
Performing mapping from target back to the source label 121949
Number of reverse mapping hits = 69
Checking for and removing duplicates
Writing label file ./lh.BA3b_exvivo.label 6052
mri_label2label: Done


 mri_label2label --srcsubject fsaverage --srclabel /out/sourcedata/freesurfer/fsaverage/label/lh.BA4a_exvivo.label --trgsubject sub-v1s6x0051365_ses-1 --trglabel ./lh.BA4a_exvivo.label --hemi lh --regmethod surface 


srclabel = /out/sourcedata/freesurfer/fsaverage/label/lh.BA4a_exvivo.label
srcsubject = fsaverage
trgsubject = sub-v1s6x0051365_ses-1
trglabel = ./lh.BA4a_exvivo.label
regmethod = surface

srchemi = lh
trghemi = lh
trgsurface = white
srcsurfreg = sphere.reg
trgsurfreg = sphere.reg
usehash = 1
Use ProjAbs  = 0, 0
Use ProjFrac = 0, 0
DoPaint 0

SUBJECTS_DIR    /out/sourcedata/freesurfer
FREESURFER_HOME /opt/freesurfer
Loading source label.
Found 5784 points in source label.
Starting surface-based mapping
Reading source registration 
 /out/sourcedata/freesurfer/fsaverage/surf/lh.sphere.reg
Rescaling ...  original radius = 100
Reading target surface 
 /out/sourcedata/freesurfer/sub-v1s6x0051365_ses-1/surf/lh.white
Reading target registration 
 /out/sourcedata/freesurfer/sub-v1s6x0051365_ses-1/surf/lh.sphere.reg
Rescaling ...  original radius = 100
Building target registration hash (res=16).
Building source registration hash (res=16).
INFO: found  5784 nlabel points
Performing mapping from target back to the source label 121949
Number of reverse mapping hits = 33
Checking for and removing duplicates
Writing label file ./lh.BA4a_exvivo.label 5817
mri_label2label: Done


 mri_label2label --srcsubject fsaverage --srclabel /out/sourcedata/freesurfer/fsaverage/label/lh.BA4p_exvivo.label --trgsubject sub-v1s6x0051365_ses-1 --trglabel ./lh.BA4p_exvivo.label --hemi lh --regmethod surface 


srclabel = /out/sourcedata/freesurfer/fsaverage/label/lh.BA4p_exvivo.label
srcsubject = fsaverage
trgsubject = sub-v1s6x0051365_ses-1
trglabel = ./lh.BA4p_exvivo.label
regmethod = surface

srchemi = lh
trghemi = lh
trgsurface = white
srcsurfreg = sphere.reg
trgsurfreg = sphere.reg
usehash = 1
Use ProjAbs  = 0, 0
Use ProjFrac = 0, 0
DoPaint 0

SUBJECTS_DIR    /out/sourcedata/freesurfer
FREESURFER_HOME /opt/freesurfer
Loading source label.
Found 4070 points in source label.
Starting surface-based mapping
Reading source registration 
 /out/sourcedata/freesurfer/fsaverage/surf/lh.sphere.reg
Rescaling ...  original radius = 100
Reading target surface 
 /out/sourcedata/freesurfer/sub-v1s6x0051365_ses-1/surf/lh.white
Reading target registration 
 /out/sourcedata/freesurfer/sub-v1s6x0051365_ses-1/surf/lh.sphere.reg
Rescaling ...  original radius = 100
Building target registration hash (res=16).
Building source registration hash (res=16).
INFO: found  4070 nlabel points
Performing mapping from target back to the source label 121949
Number of reverse mapping hits = 41
Checking for and removing duplicates
Writing label file ./lh.BA4p_exvivo.label 4111
mri_label2label: Done


 mri_label2label --srcsubject fsaverage --srclabel /out/sourcedata/freesurfer/fsaverage/label/lh.BA6_exvivo.label --trgsubject sub-v1s6x0051365_ses-1 --trglabel ./lh.BA6_exvivo.label --hemi lh --regmethod surface 


srclabel = /out/sourcedata/freesurfer/fsaverage/label/lh.BA6_exvivo.label
srcsubject = fsaverage
trgsubject = sub-v1s6x0051365_ses-1
trglabel = ./lh.BA6_exvivo.label
regmethod = surface

srchemi = lh
trghemi = lh
trgsurface = white
srcsurfreg = sphere.reg
trgsurfreg = sphere.reg
usehash = 1
Use ProjAbs  = 0, 0
Use ProjFrac = 0, 0
DoPaint 0

SUBJECTS_DIR    /out/sourcedata/freesurfer
FREESURFER_HOME /opt/freesurfer
Loading source label.
Found 13589 points in source label.
Starting surface-based mapping
Reading source registration 
 /out/sourcedata/freesurfer/fsaverage/surf/lh.sphere.reg
Rescaling ...  original radius = 100
Reading target surface 
 /out/sourcedata/freesurfer/sub-v1s6x0051365_ses-1/surf/lh.white
Reading target registration 
 /out/sourcedata/freesurfer/sub-v1s6x0051365_ses-1/surf/lh.sphere.reg
Rescaling ...  original radius = 100
Building target registration hash (res=16).
Building source registration hash (res=16).
INFO: found  13589 nlabel points
Performing mapping from target back to the source label 121949
Number of reverse mapping hits = 417
Checking for and removing duplicates
Writing label file ./lh.BA6_exvivo.label 14006
mri_label2label: Done


 mri_label2label --srcsubject fsaverage --srclabel /out/sourcedata/freesurfer/fsaverage/label/lh.BA44_exvivo.label --trgsubject sub-v1s6x0051365_ses-1 --trglabel ./lh.BA44_exvivo.label --hemi lh --regmethod surface 


srclabel = /out/sourcedata/freesurfer/fsaverage/label/lh.BA44_exvivo.label
srcsubject = fsaverage
trgsubject = sub-v1s6x0051365_ses-1
trglabel = ./lh.BA44_exvivo.label
regmethod = surface

srchemi = lh
trghemi = lh
trgsurface = white
srcsurfreg = sphere.reg
trgsurfreg = sphere.reg
usehash = 1
Use ProjAbs  = 0, 0
Use ProjFrac = 0, 0
DoPaint 0

SUBJECTS_DIR    /out/sourcedata/freesurfer
FREESURFER_HOME /opt/freesurfer
Loading source label.
Found 4181 points in source label.
Starting surface-based mapping
Reading source registration 
 /out/sourcedata/freesurfer/fsaverage/surf/lh.sphere.reg
Rescaling ...  original radius = 100
Reading target surface 
 /out/sourcedata/freesurfer/sub-v1s6x0051365_ses-1/surf/lh.white
Reading target registration 
 /out/sourcedata/freesurfer/sub-v1s6x0051365_ses-1/surf/lh.sphere.reg
Rescaling ...  original radius = 100
Building target registration hash (res=16).
Building source registration hash (res=16).
INFO: found  4181 nlabel points
Performing mapping from target back to the source label 121949
Number of reverse mapping hits = 24
Checking for and removing duplicates
Writing label file ./lh.BA44_exvivo.label 4205
mri_label2label: Done


 mri_label2label --srcsubject fsaverage --srclabel /out/sourcedata/freesurfer/fsaverage/label/lh.BA45_exvivo.label --trgsubject sub-v1s6x0051365_ses-1 --trglabel ./lh.BA45_exvivo.label --hemi lh --regmethod surface 


srclabel = /out/sourcedata/freesurfer/fsaverage/label/lh.BA45_exvivo.label
srcsubject = fsaverage
trgsubject = sub-v1s6x0051365_ses-1
trglabel = ./lh.BA45_exvivo.label
regmethod = surface

srchemi = lh
trghemi = lh
trgsurface = white
srcsurfreg = sphere.reg
trgsurfreg = sphere.reg
usehash = 1
Use ProjAbs  = 0, 0
Use ProjFrac = 0, 0
DoPaint 0

SUBJECTS_DIR    /out/sourcedata/freesurfer
FREESURFER_HOME /opt/freesurfer
Loading source label.
Found 3422 points in source label.
Starting surface-based mapping
Reading source registration 
 /out/sourcedata/freesurfer/fsaverage/surf/lh.sphere.reg
Rescaling ...  original radius = 100
Reading target surface 
 /out/sourcedata/freesurfer/sub-v1s6x0051365_ses-1/surf/lh.white
Reading target registration 
 /out/sourcedata/freesurfer/sub-v1s6x0051365_ses-1/surf/lh.sphere.reg
Rescaling ...  original radius = 100
Building target registration hash (res=16).
Building source registration hash (res=16).
INFO: found  3422 nlabel points
Performing mapping from target back to the source label 121949
Number of reverse mapping hits = 65
Checking for and removing duplicates
Writing label file ./lh.BA45_exvivo.label 3487
mri_label2label: Done


 mri_label2label --srcsubject fsaverage --srclabel /out/sourcedata/freesurfer/fsaverage/label/lh.V1_exvivo.label --trgsubject sub-v1s6x0051365_ses-1 --trglabel ./lh.V1_exvivo.label --hemi lh --regmethod surface 


srclabel = /out/sourcedata/freesurfer/fsaverage/label/lh.V1_exvivo.label
srcsubject = fsaverage
trgsubject = sub-v1s6x0051365_ses-1
trglabel = ./lh.V1_exvivo.label
regmethod = surface

srchemi = lh
trghemi = lh
trgsurface = white
srcsurfreg = sphere.reg
trgsurfreg = sphere.reg
usehash = 1
Use ProjAbs  = 0, 0
Use ProjFrac = 0, 0
DoPaint 0

SUBJECTS_DIR    /out/sourcedata/freesurfer
FREESURFER_HOME /opt/freesurfer
Loading source label.
Found 4641 points in source label.
Starting surface-based mapping
Reading source registration 
 /out/sourcedata/freesurfer/fsaverage/surf/lh.sphere.reg
Rescaling ...  original radius = 100
Reading target surface 
 /out/sourcedata/freesurfer/sub-v1s6x0051365_ses-1/surf/lh.white
Reading target registration 
 /out/sourcedata/freesurfer/sub-v1s6x0051365_ses-1/surf/lh.sphere.reg
Rescaling ...  original radius = 100
Building target registration hash (res=16).
Building source registration hash (res=16).
INFO: found  4641 nlabel points
Performing mapping from target back to the source label 121949
Number of reverse mapping hits = 850
Checking for and removing duplicates
Writing label file ./lh.V1_exvivo.label 5491
mri_label2label: Done


 mri_label2label --srcsubject fsaverage --srclabel /out/sourcedata/freesurfer/fsaverage/label/lh.V2_exvivo.label --trgsubject sub-v1s6x0051365_ses-1 --trglabel ./lh.V2_exvivo.label --hemi lh --regmethod surface 


srclabel = /out/sourcedata/freesurfer/fsaverage/label/lh.V2_exvivo.label
srcsubject = fsaverage
trgsubject = sub-v1s6x0051365_ses-1
trglabel = ./lh.V2_exvivo.label
regmethod = surface

srchemi = lh
trghemi = lh
trgsurface = white
srcsurfreg = sphere.reg
trgsurfreg = sphere.reg
usehash = 1
Use ProjAbs  = 0, 0
Use ProjFrac = 0, 0
DoPaint 0

SUBJECTS_DIR    /out/sourcedata/freesurfer
FREESURFER_HOME /opt/freesurfer
Loading source label.
Found 8114 points in source label.
Starting surface-based mapping
Reading source registration 
 /out/sourcedata/freesurfer/fsaverage/surf/lh.sphere.reg
Rescaling ...  original radius = 100
Reading target surface 
 /out/sourcedata/freesurfer/sub-v1s6x0051365_ses-1/surf/lh.white
Reading target registration 
 /out/sourcedata/freesurfer/sub-v1s6x0051365_ses-1/surf/lh.sphere.reg
Rescaling ...  original radius = 100
Building target registration hash (res=16).
Building source registration hash (res=16).
INFO: found  8114 nlabel points
Performing mapping from target back to the source label 121949
Number of reverse mapping hits = 1590
Checking for and removing duplicates
Writing label file ./lh.V2_exvivo.label 9704
mri_label2label: Done


 mri_label2label --srcsubject fsaverage --srclabel /out/sourcedata/freesurfer/fsaverage/label/lh.MT_exvivo.label --trgsubject sub-v1s6x0051365_ses-1 --trglabel ./lh.MT_exvivo.label --hemi lh --regmethod surface 


srclabel = /out/sourcedata/freesurfer/fsaverage/label/lh.MT_exvivo.label
srcsubject = fsaverage
trgsubject = sub-v1s6x0051365_ses-1
trglabel = ./lh.MT_exvivo.label
regmethod = surface

srchemi = lh
trghemi = lh
trgsurface = white
srcsurfreg = sphere.reg
trgsurfreg = sphere.reg
usehash = 1
Use ProjAbs  = 0, 0
Use ProjFrac = 0, 0
DoPaint 0

SUBJECTS_DIR    /out/sourcedata/freesurfer
FREESURFER_HOME /opt/freesurfer
Loading source label.
Found 2018 points in source label.
Starting surface-based mapping
Reading source registration 
 /out/sourcedata/freesurfer/fsaverage/surf/lh.sphere.reg
Rescaling ...  original radius = 100
Reading target surface 
 /out/sourcedata/freesurfer/sub-v1s6x0051365_ses-1/surf/lh.white
Reading target registration 
 /out/sourcedata/freesurfer/sub-v1s6x0051365_ses-1/surf/lh.sphere.reg
Rescaling ...  original radius = 100
Building target registration hash (res=16).
Building source registration hash (res=16).
INFO: found  2018 nlabel points
Performing mapping from target back to the source label 121949
Number of reverse mapping hits = 328
Checking for and removing duplicates
Writing label file ./lh.MT_exvivo.label 2346
mri_label2label: Done


 mri_label2label --srcsubject fsaverage --srclabel /out/sourcedata/freesurfer/fsaverage/label/lh.entorhinal_exvivo.label --trgsubject sub-v1s6x0051365_ses-1 --trglabel ./lh.entorhinal_exvivo.label --hemi lh --regmethod surface 


srclabel = /out/sourcedata/freesurfer/fsaverage/label/lh.entorhinal_exvivo.label
srcsubject = fsaverage
trgsubject = sub-v1s6x0051365_ses-1
trglabel = ./lh.entorhinal_exvivo.label
regmethod = surface

srchemi = lh
trghemi = lh
trgsurface = white
srcsurfreg = sphere.reg
trgsurfreg = sphere.reg
usehash = 1
Use ProjAbs  = 0, 0
Use ProjFrac = 0, 0
DoPaint 0

SUBJECTS_DIR    /out/sourcedata/freesurfer
FREESURFER_HOME /opt/freesurfer
Loading source label.
Found 1290 points in source label.
Starting surface-based mapping
Reading source registration 
 /out/sourcedata/freesurfer/fsaverage/surf/lh.sphere.reg
Rescaling ...  original radius = 100
Reading target surface 
 /out/sourcedata/freesurfer/sub-v1s6x0051365_ses-1/surf/lh.white
Reading target registration 
 /out/sourcedata/freesurfer/sub-v1s6x0051365_ses-1/surf/lh.sphere.reg
Rescaling ...  original radius = 100
Building target registration hash (res=16).
Building source registration hash (res=16).
INFO: found  1290 nlabel points
Performing mapping from target back to the source label 121949
Number of reverse mapping hits = 44
Checking for and removing duplicates
Writing label file ./lh.entorhinal_exvivo.label 1334
mri_label2label: Done


 mri_label2label --srcsubject fsaverage --srclabel /out/sourcedata/freesurfer/fsaverage/label/lh.perirhinal_exvivo.label --trgsubject sub-v1s6x0051365_ses-1 --trglabel ./lh.perirhinal_exvivo.label --hemi lh --regmethod surface 


srclabel = /out/sourcedata/freesurfer/fsaverage/label/lh.perirhinal_exvivo.label
srcsubject = fsaverage
trgsubject = sub-v1s6x0051365_ses-1
trglabel = ./lh.perirhinal_exvivo.label
regmethod = surface

srchemi = lh
trghemi = lh
trgsurface = white
srcsurfreg = sphere.reg
trgsurfreg = sphere.reg
usehash = 1
Use ProjAbs  = 0, 0
Use ProjFrac = 0, 0
DoPaint 0

SUBJECTS_DIR    /out/sourcedata/freesurfer
FREESURFER_HOME /opt/freesurfer
Loading source label.
Found 1199 points in source label.
Starting surface-based mapping
Reading source registration 
 /out/sourcedata/freesurfer/fsaverage/surf/lh.sphere.reg
Rescaling ...  original radius = 100
Reading target surface 
 /out/sourcedata/freesurfer/sub-v1s6x0051365_ses-1/surf/lh.white
Reading target registration 
 /out/sourcedata/freesurfer/sub-v1s6x0051365_ses-1/surf/lh.sphere.reg
Rescaling ...  original radius = 100
Building target registration hash (res=16).
Building source registration hash (res=16).
INFO: found  1199 nlabel points
Performing mapping from target back to the source label 121949
Number of reverse mapping hits = 14
Checking for and removing duplicates
Writing label file ./lh.perirhinal_exvivo.label 1213
mri_label2label: Done


 mri_label2label --srcsubject fsaverage --srclabel /out/sourcedata/freesurfer/fsaverage/label/lh.FG1.mpm.vpnl.label --trgsubject sub-v1s6x0051365_ses-1 --trglabel ./lh.FG1.mpm.vpnl.label --hemi lh --regmethod surface 


srclabel = /out/sourcedata/freesurfer/fsaverage/label/lh.FG1.mpm.vpnl.label
srcsubject = fsaverage
trgsubject = sub-v1s6x0051365_ses-1
trglabel = ./lh.FG1.mpm.vpnl.label
regmethod = surface

srchemi = lh
trghemi = lh
trgsurface = white
srcsurfreg = sphere.reg
trgsurfreg = sphere.reg
usehash = 1
Use ProjAbs  = 0, 0
Use ProjFrac = 0, 0
DoPaint 0

SUBJECTS_DIR    /out/sourcedata/freesurfer
FREESURFER_HOME /opt/freesurfer
Loading source label.
Found 414 points in source label.
Starting surface-based mapping
Reading source registration 
 /out/sourcedata/freesurfer/fsaverage/surf/lh.sphere.reg
Rescaling ...  original radius = 100
Reading target surface 
 /out/sourcedata/freesurfer/sub-v1s6x0051365_ses-1/surf/lh.white
Reading target registration 
 /out/sourcedata/freesurfer/sub-v1s6x0051365_ses-1/surf/lh.sphere.reg
Rescaling ...  original radius = 100
Building target registration hash (res=16).
Building source registration hash (res=16).
INFO: found  414 nlabel points
Performing mapping from target back to the source label 121949
Number of reverse mapping hits = 116
Checking for and removing duplicates
Writing label file ./lh.FG1.mpm.vpnl.label 530
mri_label2label: Done


 mri_label2label --srcsubject fsaverage --srclabel /out/sourcedata/freesurfer/fsaverage/label/lh.FG2.mpm.vpnl.label --trgsubject sub-v1s6x0051365_ses-1 --trglabel ./lh.FG2.mpm.vpnl.label --hemi lh --regmethod surface 


srclabel = /out/sourcedata/freesurfer/fsaverage/label/lh.FG2.mpm.vpnl.label
srcsubject = fsaverage
trgsubject = sub-v1s6x0051365_ses-1
trglabel = ./lh.FG2.mpm.vpnl.label
regmethod = surface

srchemi = lh
trghemi = lh
trgsurface = white
srcsurfreg = sphere.reg
trgsurfreg = sphere.reg
usehash = 1
Use ProjAbs  = 0, 0
Use ProjFrac = 0, 0
DoPaint 0

SUBJECTS_DIR    /out/sourcedata/freesurfer
FREESURFER_HOME /opt/freesurfer
Loading source label.
Found 703 points in source label.
Starting surface-based mapping
Reading source registration 
 /out/sourcedata/freesurfer/fsaverage/surf/lh.sphere.reg
Rescaling ...  original radius = 100
Reading target surface 
 /out/sourcedata/freesurfer/sub-v1s6x0051365_ses-1/surf/lh.white
Reading target registration 
 /out/sourcedata/freesurfer/sub-v1s6x0051365_ses-1/surf/lh.sphere.reg
Rescaling ...  original radius = 100
Building target registration hash (res=16).
Building source registration hash (res=16).
INFO: found  703 nlabel points
Performing mapping from target back to the source label 121949
Number of reverse mapping hits = 204
Checking for and removing duplicates
Writing label file ./lh.FG2.mpm.vpnl.label 907
mri_label2label: Done


 mri_label2label --srcsubject fsaverage --srclabel /out/sourcedata/freesurfer/fsaverage/label/lh.FG3.mpm.vpnl.label --trgsubject sub-v1s6x0051365_ses-1 --trglabel ./lh.FG3.mpm.vpnl.label --hemi lh --regmethod surface 


srclabel = /out/sourcedata/freesurfer/fsaverage/label/lh.FG3.mpm.vpnl.label
srcsubject = fsaverage
trgsubject = sub-v1s6x0051365_ses-1
trglabel = ./lh.FG3.mpm.vpnl.label
regmethod = surface

srchemi = lh
trghemi = lh
trgsurface = white
srcsurfreg = sphere.reg
trgsurfreg = sphere.reg
usehash = 1
Use ProjAbs  = 0, 0
Use ProjFrac = 0, 0
DoPaint 0

SUBJECTS_DIR    /out/sourcedata/freesurfer
FREESURFER_HOME /opt/freesurfer
Loading source label.
Found 1873 points in source label.
Starting surface-based mapping
Reading source registration 
 /out/sourcedata/freesurfer/fsaverage/surf/lh.sphere.reg
Rescaling ...  original radius = 100
Reading target surface 
 /out/sourcedata/freesurfer/sub-v1s6x0051365_ses-1/surf/lh.white
Reading target registration 
 /out/sourcedata/freesurfer/sub-v1s6x0051365_ses-1/surf/lh.sphere.reg
Rescaling ...  original radius = 100
Building target registration hash (res=16).
Building source registration hash (res=16).
INFO: found  1873 nlabel points
Performing mapping from target back to the source label 121949
Number of reverse mapping hits = 69
Checking for and removing duplicates
Writing label file ./lh.FG3.mpm.vpnl.label 1942
mri_label2label: Done


 mri_label2label --srcsubject fsaverage --srclabel /out/sourcedata/freesurfer/fsaverage/label/lh.FG4.mpm.vpnl.label --trgsubject sub-v1s6x0051365_ses-1 --trglabel ./lh.FG4.mpm.vpnl.label --hemi lh --regmethod surface 


srclabel = /out/sourcedata/freesurfer/fsaverage/label/lh.FG4.mpm.vpnl.label
srcsubject = fsaverage
trgsubject = sub-v1s6x0051365_ses-1
trglabel = ./lh.FG4.mpm.vpnl.label
regmethod = surface

srchemi = lh
trghemi = lh
trgsurface = white
srcsurfreg = sphere.reg
trgsurfreg = sphere.reg
usehash = 1
Use ProjAbs  = 0, 0
Use ProjFrac = 0, 0
DoPaint 0

SUBJECTS_DIR    /out/sourcedata/freesurfer
FREESURFER_HOME /opt/freesurfer
Loading source label.
Found 2101 points in source label.
Starting surface-based mapping
Reading source registration 
 /out/sourcedata/freesurfer/fsaverage/surf/lh.sphere.reg
Rescaling ...  original radius = 100
Reading target surface 
 /out/sourcedata/freesurfer/sub-v1s6x0051365_ses-1/surf/lh.white
Reading target registration 
 /out/sourcedata/freesurfer/sub-v1s6x0051365_ses-1/surf/lh.sphere.reg
Rescaling ...  original radius = 100
Building target registration hash (res=16).
Building source registration hash (res=16).
INFO: found  2101 nlabel points
Performing mapping from target back to the source label 121949
Number of reverse mapping hits = 191
Checking for and removing duplicates
Writing label file ./lh.FG4.mpm.vpnl.label 2292
mri_label2label: Done


 mri_label2label --srcsubject fsaverage --srclabel /out/sourcedata/freesurfer/fsaverage/label/lh.hOc1.mpm.vpnl.label --trgsubject sub-v1s6x0051365_ses-1 --trglabel ./lh.hOc1.mpm.vpnl.label --hemi lh --regmethod surface 


srclabel = /out/sourcedata/freesurfer/fsaverage/label/lh.hOc1.mpm.vpnl.label
srcsubject = fsaverage
trgsubject = sub-v1s6x0051365_ses-1
trglabel = ./lh.hOc1.mpm.vpnl.label
regmethod = surface

srchemi = lh
trghemi = lh
trgsurface = white
srcsurfreg = sphere.reg
trgsurfreg = sphere.reg
usehash = 1
Use ProjAbs  = 0, 0
Use ProjFrac = 0, 0
DoPaint 0

SUBJECTS_DIR    /out/sourcedata/freesurfer
FREESURFER_HOME /opt/freesurfer
Loading source label.
Found 3877 points in source label.
Starting surface-based mapping
Reading source registration 
 /out/sourcedata/freesurfer/fsaverage/surf/lh.sphere.reg
Rescaling ...  original radius = 100
Reading target surface 
 /out/sourcedata/freesurfer/sub-v1s6x0051365_ses-1/surf/lh.white
Reading target registration 
 /out/sourcedata/freesurfer/sub-v1s6x0051365_ses-1/surf/lh.sphere.reg
Rescaling ...  original radius = 100
Building target registration hash (res=16).
Building source registration hash (res=16).
INFO: found  3877 nlabel points
Performing mapping from target back to the source label 121949
Number of reverse mapping hits = 681
Checking for and removing duplicates
Writing label file ./lh.hOc1.mpm.vpnl.label 4558
mri_label2label: Done


 mri_label2label --srcsubject fsaverage --srclabel /out/sourcedata/freesurfer/fsaverage/label/lh.hOc2.mpm.vpnl.label --trgsubject sub-v1s6x0051365_ses-1 --trglabel ./lh.hOc2.mpm.vpnl.label --hemi lh --regmethod surface 


srclabel = /out/sourcedata/freesurfer/fsaverage/label/lh.hOc2.mpm.vpnl.label
srcsubject = fsaverage
trgsubject = sub-v1s6x0051365_ses-1
trglabel = ./lh.hOc2.mpm.vpnl.label
regmethod = surface

srchemi = lh
trghemi = lh
trgsurface = white
srcsurfreg = sphere.reg
trgsurfreg = sphere.reg
usehash = 1
Use ProjAbs  = 0, 0
Use ProjFrac = 0, 0
DoPaint 0

SUBJECTS_DIR    /out/sourcedata/freesurfer
FREESURFER_HOME /opt/freesurfer
Loading source label.
Found 2919 points in source label.
Starting surface-based mapping
Reading source registration 
 /out/sourcedata/freesurfer/fsaverage/surf/lh.sphere.reg
Rescaling ...  original radius = 100
Reading target surface 
 /out/sourcedata/freesurfer/sub-v1s6x0051365_ses-1/surf/lh.white
Reading target registration 
 /out/sourcedata/freesurfer/sub-v1s6x0051365_ses-1/surf/lh.sphere.reg
Rescaling ...  original radius = 100
Building target registration hash (res=16).
Building source registration hash (res=16).
INFO: found  2919 nlabel points
Performing mapping from target back to the source label 121949
Number of reverse mapping hits = 631
Checking for and removing duplicates
Writing label file ./lh.hOc2.mpm.vpnl.label 3550
mri_label2label: Done


 mri_label2label --srcsubject fsaverage --srclabel /out/sourcedata/freesurfer/fsaverage/label/lh.hOc3v.mpm.vpnl.label --trgsubject sub-v1s6x0051365_ses-1 --trglabel ./lh.hOc3v.mpm.vpnl.label --hemi lh --regmethod surface 


srclabel = /out/sourcedata/freesurfer/fsaverage/label/lh.hOc3v.mpm.vpnl.label
srcsubject = fsaverage
trgsubject = sub-v1s6x0051365_ses-1
trglabel = ./lh.hOc3v.mpm.vpnl.label
regmethod = surface

srchemi = lh
trghemi = lh
trgsurface = white
srcsurfreg = sphere.reg
trgsurfreg = sphere.reg
usehash = 1
Use ProjAbs  = 0, 0
Use ProjFrac = 0, 0
DoPaint 0

SUBJECTS_DIR    /out/sourcedata/freesurfer
FREESURFER_HOME /opt/freesurfer
Loading source label.
Found 1286 points in source label.
Starting surface-based mapping
Reading source registration 
 /out/sourcedata/freesurfer/fsaverage/surf/lh.sphere.reg
Rescaling ...  original radius = 100
Reading target surface 
 /out/sourcedata/freesurfer/sub-v1s6x0051365_ses-1/surf/lh.white
Reading target registration 
 /out/sourcedata/freesurfer/sub-v1s6x0051365_ses-1/surf/lh.sphere.reg
Rescaling ...  original radius = 100
Building target registration hash (res=16).
Building source registration hash (res=16).
INFO: found  1286 nlabel points
Performing mapping from target back to the source label 121949
Number of reverse mapping hits = 344
Checking for and removing duplicates
Writing label file ./lh.hOc3v.mpm.vpnl.label 1630
mri_label2label: Done


 mri_label2label --srcsubject fsaverage --srclabel /out/sourcedata/freesurfer/fsaverage/label/lh.hOc4v.mpm.vpnl.label --trgsubject sub-v1s6x0051365_ses-1 --trglabel ./lh.hOc4v.mpm.vpnl.label --hemi lh --regmethod surface 


srclabel = /out/sourcedata/freesurfer/fsaverage/label/lh.hOc4v.mpm.vpnl.label
srcsubject = fsaverage
trgsubject = sub-v1s6x0051365_ses-1
trglabel = ./lh.hOc4v.mpm.vpnl.label
regmethod = surface

srchemi = lh
trghemi = lh
trgsurface = white
srcsurfreg = sphere.reg
trgsurfreg = sphere.reg
usehash = 1
Use ProjAbs  = 0, 0
Use ProjFrac = 0, 0
DoPaint 0

SUBJECTS_DIR    /out/sourcedata/freesurfer
FREESURFER_HOME /opt/freesurfer
Loading source label.
Found 1006 points in source label.
Starting surface-based mapping
Reading source registration 
 /out/sourcedata/freesurfer/fsaverage/surf/lh.sphere.reg
Rescaling ...  original radius = 100
Reading target surface 
 /out/sourcedata/freesurfer/sub-v1s6x0051365_ses-1/surf/lh.white
Reading target registration 
 /out/sourcedata/freesurfer/sub-v1s6x0051365_ses-1/surf/lh.sphere.reg
Rescaling ...  original radius = 100
Building target registration hash (res=16).
Building source registration hash (res=16).
INFO: found  1006 nlabel points
Performing mapping from target back to the source label 121949
Number of reverse mapping hits = 320
Checking for and removing duplicates
Writing label file ./lh.hOc4v.mpm.vpnl.label 1326
mri_label2label: Done


 mris_label2annot --s sub-v1s6x0051365_ses-1 --ctab /opt/freesurfer/average/colortable_vpnl.txt --hemi lh --a mpm.vpnl --maxstatwinner --noverbose --l lh.FG1.mpm.vpnl.label --l lh.FG2.mpm.vpnl.label --l lh.FG3.mpm.vpnl.label --l lh.FG4.mpm.vpnl.label --l lh.hOc1.mpm.vpnl.label --l lh.hOc2.mpm.vpnl.label --l lh.hOc3v.mpm.vpnl.label --l lh.hOc4v.mpm.vpnl.label 

Reading ctab /opt/freesurfer/average/colortable_vpnl.txt
Number of ctab entries 9

7.3.2
cwd /out/sourcedata/freesurfer/sub-v1s6x0051365_ses-1/label
cmdline mris_label2annot --s sub-v1s6x0051365_ses-1 --ctab /opt/freesurfer/average/colortable_vpnl.txt --hemi lh --a mpm.vpnl --maxstatwinner --noverbose --l lh.FG1.mpm.vpnl.label --l lh.FG2.mpm.vpnl.label --l lh.FG3.mpm.vpnl.label --l lh.FG4.mpm.vpnl.label --l lh.hOc1.mpm.vpnl.label --l lh.hOc2.mpm.vpnl.label --l lh.hOc3v.mpm.vpnl.label --l lh.hOc4v.mpm.vpnl.label 
sysname  Linux
hostname dna058
machine  x86_64
user     oesteban

subject sub-v1s6x0051365_ses-1
hemi    lh
SUBJECTS_DIR /out/sourcedata/freesurfer
ColorTable /opt/freesurfer/average/colortable_vpnl.txt
AnnotName  mpm.vpnl
nlables 8
LabelThresh 0 0.000000
Loading /out/sourcedata/freesurfer/sub-v1s6x0051365_ses-1/surf/lh.orig
 1 1376057 FG1
 2 16711935 FG2
 3 16711680 FG3
 4 1705837 FG4
 5 25600 hOc1
 6 255 hOc2
 7 16776960 hOc3v
 8 65535 hOc4v
Mapping unhit to unknown
Found 107687 unhit vertices
Writing annot to /out/sourcedata/freesurfer/sub-v1s6x0051365_ses-1/label/lh.mpm.vpnl.annot

 mri_label2label --srcsubject fsaverage --srclabel /out/sourcedata/freesurfer/fsaverage/label/lh.BA1_exvivo.thresh.label --trgsubject sub-v1s6x0051365_ses-1 --trglabel ./lh.BA1_exvivo.thresh.label --hemi lh --regmethod surface 


srclabel = /out/sourcedata/freesurfer/fsaverage/label/lh.BA1_exvivo.thresh.label
srcsubject = fsaverage
trgsubject = sub-v1s6x0051365_ses-1
trglabel = ./lh.BA1_exvivo.thresh.label
regmethod = surface

srchemi = lh
trghemi = lh
trgsurface = white
srcsurfreg = sphere.reg
trgsurfreg = sphere.reg
usehash = 1
Use ProjAbs  = 0, 0
Use ProjFrac = 0, 0
DoPaint 0

SUBJECTS_DIR    /out/sourcedata/freesurfer
FREESURFER_HOME /opt/freesurfer
Loading source label.
Found 1014 points in source label.
Starting surface-based mapping
Reading source registration 
 /out/sourcedata/freesurfer/fsaverage/surf/lh.sphere.reg
Rescaling ...  original radius = 100
Reading target surface 
 /out/sourcedata/freesurfer/sub-v1s6x0051365_ses-1/surf/lh.white
Reading target registration 
 /out/sourcedata/freesurfer/sub-v1s6x0051365_ses-1/surf/lh.sphere.reg
Rescaling ...  original radius = 100
Building target registration hash (res=16).
Building source registration hash (res=16).
INFO: found  1014 nlabel points
Performing mapping from target back to the source label 121949
Number of reverse mapping hits = 20
Checking for and removing duplicates
Writing label file ./lh.BA1_exvivo.thresh.label 1034
mri_label2label: Done


 mri_label2label --srcsubject fsaverage --srclabel /out/sourcedata/freesurfer/fsaverage/label/lh.BA2_exvivo.thresh.label --trgsubject sub-v1s6x0051365_ses-1 --trglabel ./lh.BA2_exvivo.thresh.label --hemi lh --regmethod surface 


srclabel = /out/sourcedata/freesurfer/fsaverage/label/lh.BA2_exvivo.thresh.label
srcsubject = fsaverage
trgsubject = sub-v1s6x0051365_ses-1
trglabel = ./lh.BA2_exvivo.thresh.label
regmethod = surface

srchemi = lh
trghemi = lh
trgsurface = white
srcsurfreg = sphere.reg
trgsurfreg = sphere.reg
usehash = 1
Use ProjAbs  = 0, 0
Use ProjFrac = 0, 0
DoPaint 0

SUBJECTS_DIR    /out/sourcedata/freesurfer
FREESURFER_HOME /opt/freesurfer
Loading source label.
Found 2092 points in source label.
Starting surface-based mapping
Reading source registration 
 /out/sourcedata/freesurfer/fsaverage/surf/lh.sphere.reg
Rescaling ...  original radius = 100
Reading target surface 
 /out/sourcedata/freesurfer/sub-v1s6x0051365_ses-1/surf/lh.white
Reading target registration 
 /out/sourcedata/freesurfer/sub-v1s6x0051365_ses-1/surf/lh.sphere.reg
Rescaling ...  original radius = 100
Building target registration hash (res=16).
Building source registration hash (res=16).
INFO: found  2092 nlabel points
Performing mapping from target back to the source label 121949
Number of reverse mapping hits = 47
Checking for and removing duplicates
Writing label file ./lh.BA2_exvivo.thresh.label 2139
mri_label2label: Done


 mri_label2label --srcsubject fsaverage --srclabel /out/sourcedata/freesurfer/fsaverage/label/lh.BA3a_exvivo.thresh.label --trgsubject sub-v1s6x0051365_ses-1 --trglabel ./lh.BA3a_exvivo.thresh.label --hemi lh --regmethod surface 


srclabel = /out/sourcedata/freesurfer/fsaverage/label/lh.BA3a_exvivo.thresh.label
srcsubject = fsaverage
trgsubject = sub-v1s6x0051365_ses-1
trglabel = ./lh.BA3a_exvivo.thresh.label
regmethod = surface

srchemi = lh
trghemi = lh
trgsurface = white
srcsurfreg = sphere.reg
trgsurfreg = sphere.reg
usehash = 1
Use ProjAbs  = 0, 0
Use ProjFrac = 0, 0
DoPaint 0

SUBJECTS_DIR    /out/sourcedata/freesurfer
FREESURFER_HOME /opt/freesurfer
Loading source label.
Found 1504 points in source label.
Starting surface-based mapping
Reading source registration 
 /out/sourcedata/freesurfer/fsaverage/surf/lh.sphere.reg
Rescaling ...  original radius = 100
Reading target surface 
 /out/sourcedata/freesurfer/sub-v1s6x0051365_ses-1/surf/lh.white
Reading target registration 
 /out/sourcedata/freesurfer/sub-v1s6x0051365_ses-1/surf/lh.sphere.reg
Rescaling ...  original radius = 100
Building target registration hash (res=16).
Building source registration hash (res=16).
INFO: found  1504 nlabel points
Performing mapping from target back to the source label 121949
Number of reverse mapping hits = 12
Checking for and removing duplicates
Writing label file ./lh.BA3a_exvivo.thresh.label 1516
mri_label2label: Done


 mri_label2label --srcsubject fsaverage --srclabel /out/sourcedata/freesurfer/fsaverage/label/lh.BA3b_exvivo.thresh.label --trgsubject sub-v1s6x0051365_ses-1 --trglabel ./lh.BA3b_exvivo.thresh.label --hemi lh --regmethod surface 


srclabel = /out/sourcedata/freesurfer/fsaverage/label/lh.BA3b_exvivo.thresh.label
srcsubject = fsaverage
trgsubject = sub-v1s6x0051365_ses-1
trglabel = ./lh.BA3b_exvivo.thresh.label
regmethod = surface

srchemi = lh
trghemi = lh
trgsurface = white
srcsurfreg = sphere.reg
trgsurfreg = sphere.reg
usehash = 1
Use ProjAbs  = 0, 0
Use ProjFrac = 0, 0
DoPaint 0

SUBJECTS_DIR    /out/sourcedata/freesurfer
FREESURFER_HOME /opt/freesurfer
Loading source label.
Found 1996 points in source label.
Starting surface-based mapping
Reading source registration 
 /out/sourcedata/freesurfer/fsaverage/surf/lh.sphere.reg
Rescaling ...  original radius = 100
Reading target surface 
 /out/sourcedata/freesurfer/sub-v1s6x0051365_ses-1/surf/lh.white
Reading target registration 
 /out/sourcedata/freesurfer/sub-v1s6x0051365_ses-1/surf/lh.sphere.reg
Rescaling ...  original radius = 100
Building target registration hash (res=16).
Building source registration hash (res=16).
INFO: found  1996 nlabel points
Performing mapping from target back to the source label 121949
Number of reverse mapping hits = 22
Checking for and removing duplicates
Writing label file ./lh.BA3b_exvivo.thresh.label 2018
mri_label2label: Done


 mri_label2label --srcsubject fsaverage --srclabel /out/sourcedata/freesurfer/fsaverage/label/lh.BA4a_exvivo.thresh.label --trgsubject sub-v1s6x0051365_ses-1 --trglabel ./lh.BA4a_exvivo.thresh.label --hemi lh --regmethod surface 


srclabel = /out/sourcedata/freesurfer/fsaverage/label/lh.BA4a_exvivo.thresh.label
srcsubject = fsaverage
trgsubject = sub-v1s6x0051365_ses-1
trglabel = ./lh.BA4a_exvivo.thresh.label
regmethod = surface

srchemi = lh
trghemi = lh
trgsurface = white
srcsurfreg = sphere.reg
trgsurfreg = sphere.reg
usehash = 1
Use ProjAbs  = 0, 0
Use ProjFrac = 0, 0
DoPaint 0

SUBJECTS_DIR    /out/sourcedata/freesurfer
FREESURFER_HOME /opt/freesurfer
Loading source label.
Found 2319 points in source label.
Starting surface-based mapping
Reading source registration 
 /out/sourcedata/freesurfer/fsaverage/surf/lh.sphere.reg
Rescaling ...  original radius = 100
Reading target surface 
 /out/sourcedata/freesurfer/sub-v1s6x0051365_ses-1/surf/lh.white
Reading target registration 
 /out/sourcedata/freesurfer/sub-v1s6x0051365_ses-1/surf/lh.sphere.reg
Rescaling ...  original radius = 100
Building target registration hash (res=16).
Building source registration hash (res=16).
INFO: found  2319 nlabel points
Performing mapping from target back to the source label 121949
Number of reverse mapping hits = 26
Checking for and removing duplicates
Writing label file ./lh.BA4a_exvivo.thresh.label 2345
mri_label2label: Done


 mri_label2label --srcsubject fsaverage --srclabel /out/sourcedata/freesurfer/fsaverage/label/lh.BA4p_exvivo.thresh.label --trgsubject sub-v1s6x0051365_ses-1 --trglabel ./lh.BA4p_exvivo.thresh.label --hemi lh --regmethod surface 


srclabel = /out/sourcedata/freesurfer/fsaverage/label/lh.BA4p_exvivo.thresh.label
srcsubject = fsaverage
trgsubject = sub-v1s6x0051365_ses-1
trglabel = ./lh.BA4p_exvivo.thresh.label
regmethod = surface

srchemi = lh
trghemi = lh
trgsurface = white
srcsurfreg = sphere.reg
trgsurfreg = sphere.reg
usehash = 1
Use ProjAbs  = 0, 0
Use ProjFrac = 0, 0
DoPaint 0

SUBJECTS_DIR    /out/sourcedata/freesurfer
FREESURFER_HOME /opt/freesurfer
Loading source label.
Found 1549 points in source label.
Starting surface-based mapping
Reading source registration 
 /out/sourcedata/freesurfer/fsaverage/surf/lh.sphere.reg
Rescaling ...  original radius = 100
Reading target surface 
 /out/sourcedata/freesurfer/sub-v1s6x0051365_ses-1/surf/lh.white
Reading target registration 
 /out/sourcedata/freesurfer/sub-v1s6x0051365_ses-1/surf/lh.sphere.reg
Rescaling ...  original radius = 100
Building target registration hash (res=16).
Building source registration hash (res=16).
INFO: found  1549 nlabel points
Performing mapping from target back to the source label 121949
Number of reverse mapping hits = 28
Checking for and removing duplicates
Writing label file ./lh.BA4p_exvivo.thresh.label 1577
mri_label2label: Done


 mri_label2label --srcsubject fsaverage --srclabel /out/sourcedata/freesurfer/fsaverage/label/lh.BA6_exvivo.thresh.label --trgsubject sub-v1s6x0051365_ses-1 --trglabel ./lh.BA6_exvivo.thresh.label --hemi lh --regmethod surface 


srclabel = /out/sourcedata/freesurfer/fsaverage/label/lh.BA6_exvivo.thresh.label
srcsubject = fsaverage
trgsubject = sub-v1s6x0051365_ses-1
trglabel = ./lh.BA6_exvivo.thresh.label
regmethod = surface

srchemi = lh
trghemi = lh
trgsurface = white
srcsurfreg = sphere.reg
trgsurfreg = sphere.reg
usehash = 1
Use ProjAbs  = 0, 0
Use ProjFrac = 0, 0
DoPaint 0

SUBJECTS_DIR    /out/sourcedata/freesurfer
FREESURFER_HOME /opt/freesurfer
Loading source label.
Found 7035 points in source label.
Starting surface-based mapping
Reading source registration 
 /out/sourcedata/freesurfer/fsaverage/surf/lh.sphere.reg
Rescaling ...  original radius = 100
Reading target surface 
 /out/sourcedata/freesurfer/sub-v1s6x0051365_ses-1/surf/lh.white
Reading target registration 
 /out/sourcedata/freesurfer/sub-v1s6x0051365_ses-1/surf/lh.sphere.reg
Rescaling ...  original radius = 100
Building target registration hash (res=16).
Building source registration hash (res=16).
INFO: found  7035 nlabel points
Performing mapping from target back to the source label 121949
Number of reverse mapping hits = 65
Checking for and removing duplicates
Writing label file ./lh.BA6_exvivo.thresh.label 7100
mri_label2label: Done


 mri_label2label --srcsubject fsaverage --srclabel /out/sourcedata/freesurfer/fsaverage/label/lh.BA44_exvivo.thresh.label --trgsubject sub-v1s6x0051365_ses-1 --trglabel ./lh.BA44_exvivo.thresh.label --hemi lh --regmethod surface 


srclabel = /out/sourcedata/freesurfer/fsaverage/label/lh.BA44_exvivo.thresh.label
srcsubject = fsaverage
trgsubject = sub-v1s6x0051365_ses-1
trglabel = ./lh.BA44_exvivo.thresh.label
regmethod = surface

srchemi = lh
trghemi = lh
trgsurface = white
srcsurfreg = sphere.reg
trgsurfreg = sphere.reg
usehash = 1
Use ProjAbs  = 0, 0
Use ProjFrac = 0, 0
DoPaint 0

SUBJECTS_DIR    /out/sourcedata/freesurfer
FREESURFER_HOME /opt/freesurfer
Loading source label.
Found 1912 points in source label.
Starting surface-based mapping
Reading source registration 
 /out/sourcedata/freesurfer/fsaverage/surf/lh.sphere.reg
Rescaling ...  original radius = 100
Reading target surface 
 /out/sourcedata/freesurfer/sub-v1s6x0051365_ses-1/surf/lh.white
Reading target registration 
 /out/sourcedata/freesurfer/sub-v1s6x0051365_ses-1/surf/lh.sphere.reg
Rescaling ...  original radius = 100
Building target registration hash (res=16).
Building source registration hash (res=16).
INFO: found  1912 nlabel points
Performing mapping from target back to the source label 121949
Number of reverse mapping hits = 11
Checking for and removing duplicates
Writing label file ./lh.BA44_exvivo.thresh.label 1923
mri_label2label: Done


 mri_label2label --srcsubject fsaverage --srclabel /out/sourcedata/freesurfer/fsaverage/label/lh.BA45_exvivo.thresh.label --trgsubject sub-v1s6x0051365_ses-1 --trglabel ./lh.BA45_exvivo.thresh.label --hemi lh --regmethod surface 


srclabel = /out/sourcedata/freesurfer/fsaverage/label/lh.BA45_exvivo.thresh.label
srcsubject = fsaverage
trgsubject = sub-v1s6x0051365_ses-1
trglabel = ./lh.BA45_exvivo.thresh.label
regmethod = surface

srchemi = lh
trghemi = lh
trgsurface = white
srcsurfreg = sphere.reg
trgsurfreg = sphere.reg
usehash = 1
Use ProjAbs  = 0, 0
Use ProjFrac = 0, 0
DoPaint 0

SUBJECTS_DIR    /out/sourcedata/freesurfer
FREESURFER_HOME /opt/freesurfer
Loading source label.
Found 1151 points in source label.
Starting surface-based mapping
Reading source registration 
 /out/sourcedata/freesurfer/fsaverage/surf/lh.sphere.reg
Rescaling ...  original radius = 100
Reading target surface 
 /out/sourcedata/freesurfer/sub-v1s6x0051365_ses-1/surf/lh.white
Reading target registration 
 /out/sourcedata/freesurfer/sub-v1s6x0051365_ses-1/surf/lh.sphere.reg
Rescaling ...  original radius = 100
Building target registration hash (res=16).
Building source registration hash (res=16).
INFO: found  1151 nlabel points
Performing mapping from target back to the source label 121949
Number of reverse mapping hits = 23
Checking for and removing duplicates
Writing label file ./lh.BA45_exvivo.thresh.label 1174
mri_label2label: Done


 mri_label2label --srcsubject fsaverage --srclabel /out/sourcedata/freesurfer/fsaverage/label/lh.V1_exvivo.thresh.label --trgsubject sub-v1s6x0051365_ses-1 --trglabel ./lh.V1_exvivo.thresh.label --hemi lh --regmethod surface 


srclabel = /out/sourcedata/freesurfer/fsaverage/label/lh.V1_exvivo.thresh.label
srcsubject = fsaverage
trgsubject = sub-v1s6x0051365_ses-1
trglabel = ./lh.V1_exvivo.thresh.label
regmethod = surface

srchemi = lh
trghemi = lh
trgsurface = white
srcsurfreg = sphere.reg
trgsurfreg = sphere.reg
usehash = 1
Use ProjAbs  = 0, 0
Use ProjFrac = 0, 0
DoPaint 0

SUBJECTS_DIR    /out/sourcedata/freesurfer
FREESURFER_HOME /opt/freesurfer
Loading source label.
Found 3405 points in source label.
Starting surface-based mapping
Reading source registration 
 /out/sourcedata/freesurfer/fsaverage/surf/lh.sphere.reg
Rescaling ...  original radius = 100
Reading target surface 
 /out/sourcedata/freesurfer/sub-v1s6x0051365_ses-1/surf/lh.white
Reading target registration 
 /out/sourcedata/freesurfer/sub-v1s6x0051365_ses-1/surf/lh.sphere.reg
Rescaling ...  original radius = 100
Building target registration hash (res=16).
Building source registration hash (res=16).
INFO: found  3405 nlabel points
Performing mapping from target back to the source label 121949
Number of reverse mapping hits = 630
Checking for and removing duplicates
Writing label file ./lh.V1_exvivo.thresh.label 4035
mri_label2label: Done


 mri_label2label --srcsubject fsaverage --srclabel /out/sourcedata/freesurfer/fsaverage/label/lh.V2_exvivo.thresh.label --trgsubject sub-v1s6x0051365_ses-1 --trglabel ./lh.V2_exvivo.thresh.label --hemi lh --regmethod surface 


srclabel = /out/sourcedata/freesurfer/fsaverage/label/lh.V2_exvivo.thresh.label
srcsubject = fsaverage
trgsubject = sub-v1s6x0051365_ses-1
trglabel = ./lh.V2_exvivo.thresh.label
regmethod = surface

srchemi = lh
trghemi = lh
trgsurface = white
srcsurfreg = sphere.reg
trgsurfreg = sphere.reg
usehash = 1
Use ProjAbs  = 0, 0
Use ProjFrac = 0, 0
DoPaint 0

SUBJECTS_DIR    /out/sourcedata/freesurfer
FREESURFER_HOME /opt/freesurfer
Loading source label.
Found 3334 points in source label.
Starting surface-based mapping
Reading source registration 
 /out/sourcedata/freesurfer/fsaverage/surf/lh.sphere.reg
Rescaling ...  original radius = 100
Reading target surface 
 /out/sourcedata/freesurfer/sub-v1s6x0051365_ses-1/surf/lh.white
Reading target registration 
 /out/sourcedata/freesurfer/sub-v1s6x0051365_ses-1/surf/lh.sphere.reg
Rescaling ...  original radius = 100
Building target registration hash (res=16).
Building source registration hash (res=16).
INFO: found  3334 nlabel points
Performing mapping from target back to the source label 121949
Number of reverse mapping hits = 678
Checking for and removing duplicates
Writing label file ./lh.V2_exvivo.thresh.label 4012
mri_label2label: Done


 mri_label2label --srcsubject fsaverage --srclabel /out/sourcedata/freesurfer/fsaverage/label/lh.MT_exvivo.thresh.label --trgsubject sub-v1s6x0051365_ses-1 --trglabel ./lh.MT_exvivo.thresh.label --hemi lh --regmethod surface 


srclabel = /out/sourcedata/freesurfer/fsaverage/label/lh.MT_exvivo.thresh.label
srcsubject = fsaverage
trgsubject = sub-v1s6x0051365_ses-1
trglabel = ./lh.MT_exvivo.thresh.label
regmethod = surface

srchemi = lh
trghemi = lh
trgsurface = white
srcsurfreg = sphere.reg
trgsurfreg = sphere.reg
usehash = 1
Use ProjAbs  = 0, 0
Use ProjFrac = 0, 0
DoPaint 0

SUBJECTS_DIR    /out/sourcedata/freesurfer
FREESURFER_HOME /opt/freesurfer
Loading source label.
Found 513 points in source label.
Starting surface-based mapping
Reading source registration 
 /out/sourcedata/freesurfer/fsaverage/surf/lh.sphere.reg
Rescaling ...  original radius = 100
Reading target surface 
 /out/sourcedata/freesurfer/sub-v1s6x0051365_ses-1/surf/lh.white
Reading target registration 
 /out/sourcedata/freesurfer/sub-v1s6x0051365_ses-1/surf/lh.sphere.reg
Rescaling ...  original radius = 100
Building target registration hash (res=16).
Building source registration hash (res=16).
INFO: found  513 nlabel points
Performing mapping from target back to the source label 121949
Number of reverse mapping hits = 106
Checking for and removing duplicates
Writing label file ./lh.MT_exvivo.thresh.label 619
mri_label2label: Done


 mri_label2label --srcsubject fsaverage --srclabel /out/sourcedata/freesurfer/fsaverage/label/lh.entorhinal_exvivo.thresh.label --trgsubject sub-v1s6x0051365_ses-1 --trglabel ./lh.entorhinal_exvivo.thresh.label --hemi lh --regmethod surface 


srclabel = /out/sourcedata/freesurfer/fsaverage/label/lh.entorhinal_exvivo.thresh.label
srcsubject = fsaverage
trgsubject = sub-v1s6x0051365_ses-1
trglabel = ./lh.entorhinal_exvivo.thresh.label
regmethod = surface

srchemi = lh
trghemi = lh
trgsurface = white
srcsurfreg = sphere.reg
trgsurfreg = sphere.reg
usehash = 1
Use ProjAbs  = 0, 0
Use ProjFrac = 0, 0
DoPaint 0

SUBJECTS_DIR    /out/sourcedata/freesurfer
FREESURFER_HOME /opt/freesurfer
Loading source label.
Found 470 points in source label.
Starting surface-based mapping
Reading source registration 
 /out/sourcedata/freesurfer/fsaverage/surf/lh.sphere.reg
Rescaling ...  original radius = 100
Reading target surface 
 /out/sourcedata/freesurfer/sub-v1s6x0051365_ses-1/surf/lh.white
Reading target registration 
 /out/sourcedata/freesurfer/sub-v1s6x0051365_ses-1/surf/lh.sphere.reg
Rescaling ...  original radius = 100
Building target registration hash (res=16).
Building source registration hash (res=16).
INFO: found  470 nlabel points
Performing mapping from target back to the source label 121949
Number of reverse mapping hits = 26
Checking for and removing duplicates
Writing label file ./lh.entorhinal_exvivo.thresh.label 496
mri_label2label: Done


 mri_label2label --srcsubject fsaverage --srclabel /out/sourcedata/freesurfer/fsaverage/label/lh.perirhinal_exvivo.thresh.label --trgsubject sub-v1s6x0051365_ses-1 --trglabel ./lh.perirhinal_exvivo.thresh.label --hemi lh --regmethod surface 


srclabel = /out/sourcedata/freesurfer/fsaverage/label/lh.perirhinal_exvivo.thresh.label
srcsubject = fsaverage
trgsubject = sub-v1s6x0051365_ses-1
trglabel = ./lh.perirhinal_exvivo.thresh.label
regmethod = surface

srchemi = lh
trghemi = lh
trgsurface = white
srcsurfreg = sphere.reg
trgsurfreg = sphere.reg
usehash = 1
Use ProjAbs  = 0, 0
Use ProjFrac = 0, 0
DoPaint 0

SUBJECTS_DIR    /out/sourcedata/freesurfer
FREESURFER_HOME /opt/freesurfer
Loading source label.
Found 450 points in source label.
Starting surface-based mapping
Reading source registration 
 /out/sourcedata/freesurfer/fsaverage/surf/lh.sphere.reg
Rescaling ...  original radius = 100
Reading target surface 
 /out/sourcedata/freesurfer/sub-v1s6x0051365_ses-1/surf/lh.white
Reading target registration 
 /out/sourcedata/freesurfer/sub-v1s6x0051365_ses-1/surf/lh.sphere.reg
Rescaling ...  original radius = 100
Building target registration hash (res=16).
Building source registration hash (res=16).
INFO: found  450 nlabel points
Performing mapping from target back to the source label 121949
Number of reverse mapping hits = 5
Checking for and removing duplicates
Writing label file ./lh.perirhinal_exvivo.thresh.label 455
mri_label2label: Done


 mris_label2annot --s sub-v1s6x0051365_ses-1 --hemi lh --ctab /opt/freesurfer/average/colortable_BA.txt --l lh.BA1_exvivo.label --l lh.BA2_exvivo.label --l lh.BA3a_exvivo.label --l lh.BA3b_exvivo.label --l lh.BA4a_exvivo.label --l lh.BA4p_exvivo.label --l lh.BA6_exvivo.label --l lh.BA44_exvivo.label --l lh.BA45_exvivo.label --l lh.V1_exvivo.label --l lh.V2_exvivo.label --l lh.MT_exvivo.label --l lh.perirhinal_exvivo.label --l lh.entorhinal_exvivo.label --a BA_exvivo --maxstatwinner --noverbose 

Reading ctab /opt/freesurfer/average/colortable_BA.txt
Number of ctab entries 15

7.3.2
cwd /out/sourcedata/freesurfer/sub-v1s6x0051365_ses-1/label
cmdline mris_label2annot --s sub-v1s6x0051365_ses-1 --hemi lh --ctab /opt/freesurfer/average/colortable_BA.txt --l lh.BA1_exvivo.label --l lh.BA2_exvivo.label --l lh.BA3a_exvivo.label --l lh.BA3b_exvivo.label --l lh.BA4a_exvivo.label --l lh.BA4p_exvivo.label --l lh.BA6_exvivo.label --l lh.BA44_exvivo.label --l lh.BA45_exvivo.label --l lh.V1_exvivo.label --l lh.V2_exvivo.label --l lh.MT_exvivo.label --l lh.perirhinal_exvivo.label --l lh.entorhinal_exvivo.label --a BA_exvivo --maxstatwinner --noverbose 
sysname  Linux
hostname dna058
machine  x86_64
user     oesteban

subject sub-v1s6x0051365_ses-1
hemi    lh
SUBJECTS_DIR /out/sourcedata/freesurfer
ColorTable /opt/freesurfer/average/colortable_BA.txt
AnnotName  BA_exvivo
nlables 14
LabelThresh 0 0.000000
Loading /out/sourcedata/freesurfer/sub-v1s6x0051365_ses-1/surf/lh.orig
 1 1530880 BA1_exvivo
 2 16749699 BA2_exvivo
 3 16711680 BA3a_exvivo
 4 3368703 BA3b_exvivo
 5 1376196 BA4a_exvivo
 6 13382655 BA4p_exvivo
 7 10036737 BA6_exvivo
 8 2490521 BA44_exvivo
 9 39283 BA45_exvivo
10 3993 V1_exvivo
11 8508928 V2_exvivo
12 10027163 MT_exvivo
13 16422433 perirhinal_exvivo
14 16392598 entorhinal_exvivo
Mapping unhit to unknown
Found 85927 unhit vertices
Writing annot to /out/sourcedata/freesurfer/sub-v1s6x0051365_ses-1/label/lh.BA_exvivo.annot

 mris_label2annot --s sub-v1s6x0051365_ses-1 --hemi lh --ctab /opt/freesurfer/average/colortable_BA.txt --l lh.BA1_exvivo.thresh.label --l lh.BA2_exvivo.thresh.label --l lh.BA3a_exvivo.thresh.label --l lh.BA3b_exvivo.thresh.label --l lh.BA4a_exvivo.thresh.label --l lh.BA4p_exvivo.thresh.label --l lh.BA6_exvivo.thresh.label --l lh.BA44_exvivo.thresh.label --l lh.BA45_exvivo.thresh.label --l lh.V1_exvivo.thresh.label --l lh.V2_exvivo.thresh.label --l lh.MT_exvivo.thresh.label --l lh.perirhinal_exvivo.thresh.label --l lh.entorhinal_exvivo.thresh.label --a BA_exvivo.thresh --maxstatwinner --noverbose 

Reading ctab /opt/freesurfer/average/colortable_BA.txt
Number of ctab entries 15

7.3.2
cwd /out/sourcedata/freesurfer/sub-v1s6x0051365_ses-1/label
cmdline mris_label2annot --s sub-v1s6x0051365_ses-1 --hemi lh --ctab /opt/freesurfer/average/colortable_BA.txt --l lh.BA1_exvivo.thresh.label --l lh.BA2_exvivo.thresh.label --l lh.BA3a_exvivo.thresh.label --l lh.BA3b_exvivo.thresh.label --l lh.BA4a_exvivo.thresh.label --l lh.BA4p_exvivo.thresh.label --l lh.BA6_exvivo.thresh.label --l lh.BA44_exvivo.thresh.label --l lh.BA45_exvivo.thresh.label --l lh.V1_exvivo.thresh.label --l lh.V2_exvivo.thresh.label --l lh.MT_exvivo.thresh.label --l lh.perirhinal_exvivo.thresh.label --l lh.entorhinal_exvivo.thresh.label --a BA_exvivo.thresh --maxstatwinner --noverbose 
sysname  Linux
hostname dna058
machine  x86_64
user     oesteban

subject sub-v1s6x0051365_ses-1
hemi    lh
SUBJECTS_DIR /out/sourcedata/freesurfer
ColorTable /opt/freesurfer/average/colortable_BA.txt
AnnotName  BA_exvivo.thresh
nlables 14
LabelThresh 0 0.000000
Loading /out/sourcedata/freesurfer/sub-v1s6x0051365_ses-1/surf/lh.orig
 1 1530880 BA1_exvivo
 2 16749699 BA2_exvivo
 3 16711680 BA3a_exvivo
 4 3368703 BA3b_exvivo
 5 1376196 BA4a_exvivo
 6 13382655 BA4p_exvivo
 7 10036737 BA6_exvivo
 8 2490521 BA44_exvivo
 9 39283 BA45_exvivo
10 3993 V1_exvivo
11 8508928 V2_exvivo
12 10027163 MT_exvivo
13 16422433 perirhinal_exvivo
14 16392598 entorhinal_exvivo
Mapping unhit to unknown
Found 100937 unhit vertices
Writing annot to /out/sourcedata/freesurfer/sub-v1s6x0051365_ses-1/label/lh.BA_exvivo.thresh.annot

 mris_anatomical_stats -th3 -mgz -noglobal -f ../stats/lh.BA_exvivo.stats -b -a ./lh.BA_exvivo.annot -c ./BA_exvivo.ctab sub-v1s6x0051365_ses-1 lh white 

computing statistics for each annotation in ./lh.BA_exvivo.annot.
reading volume /out/sourcedata/freesurfer/sub-v1s6x0051365_ses-1/mri/wm.mgz...
reading input surface /out/sourcedata/freesurfer/sub-v1s6x0051365_ses-1/surf/lh.white...
reading input pial surface /out/sourcedata/freesurfer/sub-v1s6x0051365_ses-1/surf/lh.pial...
reading input white surface /out/sourcedata/freesurfer/sub-v1s6x0051365_ses-1/surf/lh.white...
INFO: using TH3 volume calc
INFO: assuming MGZ format for volumes.
INFO: not computing global stats
Using TH3 vertex volume calc
Total face volume 224252
Total vertex volume 224037 (mask=0)
Saving annotation colortable ./BA_exvivo.ctab

table columns are:
    number of vertices
    total surface area (mm^2)
    total gray matter volume (mm^3)
    average cortical thickness +- standard deviation (mm)
    integrated rectified mean curvature
    integrated rectified Gaussian curvature
    folding index
    intrinsic curvature index
    structure name

 1018    708   2140  2.359 0.577     0.126     0.027       13     1.1  BA1_exvivo
 3685   2505   5836  2.305 0.525     0.100     0.019       23     3.1  BA2_exvivo
 1025    696   1072  2.065 0.417     0.127     0.027        8     1.2  BA3a_exvivo
 2046   1441   3230  1.990 0.689     0.120     0.025       20     2.2  BA3b_exvivo
 1469    959   2638  2.530 0.422     0.116     0.026       11     1.7  BA4a_exvivo
 1240    783   1890  2.451 0.409     0.096     0.021        6     1.2  BA4p_exvivo
 7977   5597  16795  2.659 0.574     0.117     0.024       67     8.0  BA6_exvivo
 1823   1297   3510  2.479 0.476     0.106     0.020       16     1.5  BA44_exvivo
 2020   1501   4426  2.533 0.515     0.127     0.029       21     2.4  BA45_exvivo
 3244   2236   3744  1.658 0.501     0.121     0.029       31     4.1  V1_exvivo
 7207   5151  10481  1.928 0.555     0.137     0.034       87     9.9  V2_exvivo
 2139   1497   3850  2.434 0.458     0.110     0.020       17     1.8  MT_exvivo
  545    417   1763  2.884 0.852     0.146     0.048        8     1.1  perirhinal_exvivo
  584    405   1527  2.666 1.285     0.120     0.032        5     0.9  entorhinal_exvivo

 mris_anatomical_stats -th3 -mgz -f ../stats/lh.BA_exvivo.thresh.stats -noglobal -b -a ./lh.BA_exvivo.thresh.annot -c ./BA_exvivo.thresh.ctab sub-v1s6x0051365_ses-1 lh white 

computing statistics for each annotation in ./lh.BA_exvivo.thresh.annot.
reading volume /out/sourcedata/freesurfer/sub-v1s6x0051365_ses-1/mri/wm.mgz...
reading input surface /out/sourcedata/freesurfer/sub-v1s6x0051365_ses-1/surf/lh.white...
reading input pial surface /out/sourcedata/freesurfer/sub-v1s6x0051365_ses-1/surf/lh.pial...
reading input white surface /out/sourcedata/freesurfer/sub-v1s6x0051365_ses-1/surf/lh.white...
INFO: using TH3 volume calc
INFO: assuming MGZ format for volumes.
INFO: not computing global stats
Using TH3 vertex volume calc
Total face volume 224252
Total vertex volume 224037 (mask=0)
Saving annotation colortable ./BA_exvivo.thresh.ctab

table columns are:
    number of vertices
    total surface area (mm^2)
    total gray matter volume (mm^3)
    average cortical thickness +- standard deviation (mm)
    integrated rectified mean curvature
    integrated rectified Gaussian curvature
    folding index
    intrinsic curvature index
    structure name

  661    451   1382  2.346 0.495     0.139     0.032       10     0.9  BA1_exvivo
 1544   1042   2528  2.215 0.466     0.091     0.016        9     1.0  BA2_exvivo
  851    575    857  2.061 0.421     0.136     0.029        8     1.1  BA3a_exvivo
 1267    908   1507  1.633 0.387     0.112     0.022       10     1.2  BA3b_exvivo
 1447    928   2496  2.520 0.427     0.114     0.025       11     1.6  BA4a_exvivo
 1042    670   1536  2.431 0.402     0.094     0.023        5     1.0  BA4p_exvivo
 4070   2874   8951  2.698 0.554     0.122     0.026       38     4.4  BA6_exvivo
 1109    816   2072  2.356 0.453     0.108     0.023       11     0.9  BA44_exvivo
  808    611   2159  2.743 0.465     0.129     0.033        8     1.0  BA45_exvivo
 3459   2379   4046  1.658 0.505     0.118     0.028       32     4.2  V1_exvivo
 3573   2575   4698  1.783 0.522     0.148     0.037       49     5.6  V2_exvivo
  584    392    907  2.377 0.467     0.109     0.017        4     0.4  MT_exvivo
  234    173    734  3.005 0.516     0.140     0.042        4     0.4  perirhinal_exvivo
  363    245   1172  3.265 0.826     0.101     0.021        2     0.4  entorhinal_exvivo

Started at Tue Mar 10 07:45:54 CET 2026 
Ended   at Tue Mar 10 07:48:27 CET 2026
#@#%# recon-all-run-time-hours 0.043
recon-all -s sub-v1s6x0051365_ses-1 finished without error at Tue Mar 10 07:48:27 CET 2026
