global_signal	global_signal_derivative1	global_signal_derivative1_power2	global_signal_power2	csf	csf_derivative1	csf_power2	csf_derivative1_power2	white_matter	white_matter_derivative1	white_matter_power2	white_matter_derivative1_power2	csf_wm	tcompcor	std_dvars	dvars	framewise_displacement	rmsd	t_comp_cor_00	t_comp_cor_01	t_comp_cor_02	t_comp_cor_03	t_comp_cor_04	t_comp_cor_05	c_comp_cor_00	c_comp_cor_01	c_comp_cor_02	c_comp_cor_03	c_comp_cor_04	c_comp_cor_05	c_comp_cor_06	c_comp_cor_07	w_comp_cor_00	w_comp_cor_01	w_comp_cor_02	w_comp_cor_03	w_comp_cor_04	w_comp_cor_05	w_comp_cor_06	w_comp_cor_07	w_comp_cor_08	w_comp_cor_09	w_comp_cor_10	w_comp_cor_11	w_comp_cor_12	w_comp_cor_13	w_comp_cor_14	w_comp_cor_15	w_comp_cor_16	w_comp_cor_17	w_comp_cor_18	w_comp_cor_19	w_comp_cor_20	w_comp_cor_21	w_comp_cor_22	w_comp_cor_23	w_comp_cor_24	w_comp_cor_25	w_comp_cor_26	w_comp_cor_27	w_comp_cor_28	w_comp_cor_29	w_comp_cor_30	w_comp_cor_31	w_comp_cor_32	w_comp_cor_33	w_comp_cor_34	w_comp_cor_35	w_comp_cor_36	w_comp_cor_37	a_comp_cor_00	a_comp_cor_01	a_comp_cor_02	a_comp_cor_03	a_comp_cor_04	a_comp_cor_05	a_comp_cor_06	a_comp_cor_07	a_comp_cor_08	a_comp_cor_09	a_comp_cor_10	a_comp_cor_11	a_comp_cor_12	a_comp_cor_13	a_comp_cor_14	a_comp_cor_15	a_comp_cor_16	a_comp_cor_17	a_comp_cor_18	a_comp_cor_19	a_comp_cor_20	a_comp_cor_21	a_comp_cor_22	a_comp_cor_23	a_comp_cor_24	a_comp_cor_25	a_comp_cor_26	a_comp_cor_27	a_comp_cor_28	a_comp_cor_29	a_comp_cor_30	a_comp_cor_31	a_comp_cor_32	a_comp_cor_33	edge_comp_00	edge_comp_01	edge_comp_02	edge_comp_03	edge_comp_04	edge_comp_05	edge_comp_06	edge_comp_07	edge_comp_08	edge_comp_09	edge_comp_10	edge_comp_11	edge_comp_12	edge_comp_13	edge_comp_14	edge_comp_15	edge_comp_16	edge_comp_17	edge_comp_18	edge_comp_19	edge_comp_20	edge_comp_21	edge_comp_22	edge_comp_23	cosine00	cosine01	cosine02	cosine03	non_steady_state_outlier00	trans_x	trans_x_derivative1	trans_x_power2	trans_x_derivative1_power2	trans_y	trans_y_derivative1	trans_y_power2	trans_y_derivative1_power2	trans_z	trans_z_derivative1	trans_z_derivative1_power2	trans_z_power2	rot_x	rot_x_derivative1	rot_x_derivative1_power2	rot_x_power2	rot_y	rot_y_derivative1	rot_y_power2	rot_y_derivative1_power2	rot_z	rot_z_derivative1	rot_z_derivative1_power2	rot_z_power2
815.1292638532925	n/a	n/a	664435.7167900106	1359.5473633074678	n/a	1848369.033076288	n/a	828.7330061933228	n/a	686798.395554222	n/a	901.808745392312	639.5321169225325	n/a	n/a	n/a	n/a	0.0	0.0	0.0	0.0	0.0	0.0	0.0	0.0	0.0	0.0	0.0	0.0	0.0	0.0	0.0	0.0	0.0	0.0	0.0	0.0	0.0	0.0	0.0	0.0	0.0	0.0	0.0	0.0	0.0	0.0	0.0	0.0	0.0	0.0	0.0	0.0	0.0	0.0	0.0	0.0	0.0	0.0	0.0	0.0	0.0	0.0	0.0	0.0	0.0	0.0	0.0	0.0	0.0	0.0	0.0	0.0	0.0	0.0	0.0	0.0	0.0	0.0	0.0	0.0	0.0	0.0	0.0	0.0	0.0	0.0	0.0	0.0	0.0	0.0	0.0	0.0	0.0	0.0	0.0	0.0	0.0	0.0	0.0	0.0	0.0	0.0	0.0	0.0	0.0	0.0	0.0	0.0	0.0	0.0	0.0	0.0	0.0	0.0	0.0	0.0	0.0	0.0	0.0	0.0	0.0	0.0	0.0	0.0	0.0	0.0	0.0	0.0	0.0	0.0	1.0	0.0650895159715929	n/a	0.0042366450894162	n/a	0.0149073522570546	n/a	0.0002222291513159	n/a	-0.3190167959137611	n/a	n/a	0.1017717160750822	0.0007331714720711	n/a	n/a	5.375404074589038e-07	0.0006578095469664	n/a	4.327134000801404e-07	n/a	-0.0005202407820462	n/a	n/a	2.7065047130404175e-07
807.2489014628686	-7.8803623904238975	62.10011140440744	651650.7889130082	1333.610106373161	-25.937256934306788	1778515.9158206338	672.7412972762455	824.7084793903418	-4.024526802980972	680144.0759783299	16.196815987912245	895.7950460696261	637.2258955677104	1.076699	27.966995	0.1443318329805298	0.0733737445473842	0.0913043801	-0.040308397	0.191850256	-0.121904907	0.0278192472	-0.1903601721	0.0229301405	-0.0275689655	0.168566006	-0.1364609928	0.0291312392	-0.06799286	0.1321825132	-0.0946627431	0.1283710915	-0.0504706181	-0.0316639215	0.2854323853	-0.1071560891	0.1249967457	-0.0282104817	-0.0462340341	0.0887892989	-0.1232241537	0.2213745811	-0.004820065	0.0367289593	-0.0590119395	0.0188520972	-0.0167202439	0.027885732	-0.0313300665	0.0595742918	-0.1538921283	0.1125450744	0.0238117985	-0.0811700029	-0.0015648858	0.0802561718	-0.16320855	-0.0092393205	-0.0440026122	0.1534475143	0.0279535957	0.0129202498	-0.0917872376	-0.0580621572	0.044150775	0.0376437842	0.0669922439	-0.0761793	-0.1041105884	-0.0233435314	0.1870573257	-0.1098733655	-0.0750538665	0.0281081389	-0.1779815118	0.1436844874	-0.0152230583	0.1071720494	-0.2297458018	0.0528585049	-0.0401542474	-0.1822575569	0.1300761863	-0.0060314491	0.1379644345	-0.1725129567	0.0224911512	-0.1181637134	0.0928068185	-0.0505107117	0.0126120482	-0.1355213796	0.0412600937	0.1596299404	-0.0434670398	-0.1011737683	0.0258318586	0.2507390418	-0.0490032417	-0.0395411934	-0.0421048709	0.1127368631	0.0484128515	0.0547815911	-0.3218636659	0.0375637625	-0.0674793854	0.0171270667	-0.1024501228	0.0804496509	-0.1463410767	0.157506831	-0.0327871551	0.0868924601	-0.0209837825	0.1308071271	-0.146124316	0.0469351961	-0.15984546	0.2740722929	-0.2423208127	0.0936726297	-0.0772053917	0.0027471387	-0.0680155567	0.0718306758	-0.0412875998	0.1296294506	0.1295955703	0.1295391098	0.1294600787	0.0	0.0484074265511367	-0.0166820894204562	0.0023432789453036	0.000278292107432	-0.0280841173773609	-0.0429914696344155	0.0007887176488653	0.0018482664613268	-0.2932451498449779	0.0257716460687831	0.0006641777410946	0.0859927179076035	0.001852191537746	0.0011190200656749	1.2522059073830575e-06	3.4306134924978924e-06	0.0006569650067334	-8.445402329999982e-07	4.316030200722163e-07	7.132482051556912e-13	-0.0005781087332758	-5.7867951229600046e-05	3.348699779511369e-09	3.342097074897501e-07
805.0382352059867	-2.21066625688195	4.887045299316452	648086.5601435695	1343.613796588072	10.003690214911105	1805298.034381813	100.07381791590817	825.3111422085433	0.602662818201452	681138.4814535703	0.3632024724425163	896.7283936065	616.9500152812982	1.221443	31.726688	0.4827511770038563	0.2823789187576134	0.057893573	-0.0114171207	-0.0925767313	0.0922307187	0.0498376656	-0.0433751643	0.1029277002	0.004308893	-0.1993503465	-0.2702344747	0.0245332672	0.1278968185	-0.1933797592	-0.2233211879	0.0193847901	0.0416599365	0.0203851309	0.0828516784	-0.0160383483	0.1412367622	-0.3823976029	-0.2554241743	-0.1019763748	0.13374089	0.0376827178	0.1264577082	-0.0462690888	-0.0485180255	0.100737288	-0.0691396329	-0.1137610979	0.0108284757	-0.0491900375	-0.0549008211	0.0389424238	-0.040781256	0.1209494058	-0.0158794087	-0.00438539	0.1519176902	0.1212750347	0.0215614899	0.0168107899	-0.1359336821	0.0447148362	0.0401977133	-0.0006512518	-0.044129208	0.0395100177	0.0162690686	0.0862758829	-0.0328220758	-0.0642025784	-0.0011152848	0.039219239	-0.3961275643	-0.0437850811	0.0990121884	0.0875671119	-0.01558089	0.1502603041	-0.1670924542	-0.1786105066	0.2514235142	0.0888118189	0.0285005362	-0.1140807917	0.0879434002	0.0913749076	-0.0004841529	-0.1507158808	-0.145430753	-0.0019551098	0.0242550488	-0.0399263702	-0.0247545564	-0.0005261712	-0.0910502648	0.0378074676	-0.0873969365	-0.0942884775	-0.0191130935	-0.1175810659	-0.027887067	0.0699926339	0.0980772388	-0.0525007708	0.0005966511	-0.0512818002	0.2100755798	0.1365307936	0.020577695	0.1156740696	-0.1210461326	0.175871183	0.0065904474	0.2354919024	-0.0602598271	-0.0259366396	0.0167657005	0.054991812	-0.0638712517	0.0408677822	-0.0991191764	-0.0281534665	0.1832000841	-0.0131474174	-0.2169819274	0.0111394219	-0.1079018486	0.1295391098	0.1292343642	0.128726986	0.1280177706	0.0	0.0484425458819686	3.511933083189672e-05	0.0023466802515266	1.2333673980802115e-09	0.1593907101007943	0.1874748274781552	0.0254053984664354	0.035146810937964	-0.0975598073921233	0.1956853424528546	0.0382927532508909	0.0095179160183881	0.0006209997947777	-0.0012311917429683	1.5158331079533208e-06	3.856407451139456e-07	0.0004750001849604	-0.0001819648217729	2.2562517571241425e-07	3.311119636287964e-08	-1.4754317680890777e-07	0.0005779611900989	3.3403913726064213e-07	2.1768989022864623e-14
809.8314557249912	4.793220519004535	22.974962943806105	655826.9866816584	1334.972715345035	-8.641081243036979	1782152.1507156962	74.6682850487655	827.6556958080043	2.344553599461051	685013.9508034318	5.49693158074577	896.6059082756625	608.4741243634905	1.089496	28.299416	0.1980526208951656	0.1362870712095165	-0.082087851	0.063087775	-0.1100654348	-0.0259678096	0.0665745432	0.0354044686	0.0225995994	-0.1219597987	-0.0442530847	0.0216427973	-0.0077954909	0.2135801779	-0.069463092	0.0321747004	-0.2301630221	-0.0501906538	0.0748360101	-0.0494077659	-0.0117518371	0.1399595386	-0.0279842619	-0.0455598795	-0.2013691852	-0.125610215	-0.0439865189	0.1130670743	-0.1741888083	-0.0425136574	0.1537972417	-0.0874919639	0.1062009549	-0.0645492297	-0.0380096248	0.0857520416	-0.0639686058	0.0850642857	0.1618828515	-0.080099218	-0.0796815312	0.0959201229	0.0564857741	-0.0587874916	0.0117710301	-0.0336546367	-0.0764119843	0.0946219773	-0.1644332984	-0.0885046724	-0.0945662856	-0.1287448444	-0.0340046223	-0.071318104	-0.0108808546	-0.1320515278	-0.1099137573	-0.1022859003	-0.0303437961	-0.0366422718	-0.1376171397	-0.1404984274	-0.1529477132	0.0523791	-0.0432601016	0.23616208	0.0358312285	-0.1894497498	0.0938223245	0.073902561	0.0834186346	0.0067566718	-0.1262335261	-0.0751610322	0.038767751	-0.0113836933	-0.0880032845	-0.0861493537	-0.0593069065	0.0984727689	-0.0599931002	-0.1203181841	-0.0519461365	0.1505934086	-0.0939618603	-0.0250565573	-0.1077420799	-0.0201264077	0.1021287476	0.0489269162	-0.0700346199	0.0801687785	0.0711946867	0.0127836719	-0.048396401	0.0775663353	0.0738059748	0.0067582136	-0.1102317262	-0.1987251474	-0.0533393739	-0.0297335165	0.0147275292	0.1457181507	-0.0557778208	-0.1197326944	-0.2065049066	0.0659362802	0.0736665491	-0.0674403099	-0.0331917813	-0.0300848306	0.129358491	0.1285129588	0.12710783	0.125149223	0.0	0.0486306449633389	0.0001880990813703	0.0023649396295503	3.5381264412352046e-08	0.0530379990320284	-0.1063527110687659	0.0028130293413214	0.0113108991516764	-0.1056752314101885	-0.0081154240180651	6.586010699298948e-05	0.0111672545335968	-0.0008900003888151	-0.0015110001835928	2.283121554817475e-06	7.921006920910291e-07	0.0006309993754418	0.0001559991904813	3.981602118079416e-07	2.4335747430852106e-08	7.808172882749556e-07	9.283604650838634e-07	8.618531531307273e-13	6.096756376690551e-13
807.4413759762973	-2.3900797486938927	5.712481205116662	651961.5756384963	1324.2807325120643	-10.69198283297078	1753719.4585026896	114.31849690054186	824.0228254329523	-3.6328703750519935	679013.6168345058	13.197747161930412	893.0188353214145	630.8162356607662	1.183946	30.752716	0.2867584451953295	0.1965624530257763	0.0735705662	0.097021405	0.1322113498	0.0040749656	-0.133212834	-0.1413603113	-0.0658410415	0.0473495881	0.204710986	0.0528652929	0.0128373414	-0.1108906671	0.0714596021	0.1080876133	0.1319746666	0.0514308208	-0.1471548763	0.0316440168	-0.0547693272	-0.1268696174	0.2106902694	0.0855110641	-0.0430347033	0.0744828498	0.0949802527	-0.1315395394	0.0648646176	-0.0128530954	-0.1130298901	-0.0498574336	-0.0015620141	0.1235850375	-0.066079378	0.0318583411	0.1354277214	0.0185645743	-0.0506659858	0.026432168	-0.0952212866	-0.1718002205	-0.0207907631	0.2415609927	0.0398126937	0.0572626061	0.108776861	-0.0098181127	0.0107209707	-0.105945569	0.0432762297	0.0764103786	-0.0175879566	-0.0675333747	0.0479544926	0.1698554637	0.0194399695	0.1819696281	-0.0561470438	-0.0834257567	0.0259923546	0.1118759432	0.1533964343	0.173535806	0.0756658503	-0.1276405345	0.0621867958	0.019123804	0.0043904745	0.0304328381	0.0228922892	-0.1145476872	0.0087795878	0.0853285866	0.0802580443	-0.0103539712	-0.1229036408	0.1119750262	-0.0897425929	-0.0093813971	-0.0732461128	-0.0596780346	0.0752826555	-0.0310517545	-0.025345296	0.2189544907	-0.0836119908	-0.0375142103	-0.0113429569	-0.1703827462	0.1002887198	-0.2523351872	-0.0605705794	0.1222118537	-0.0628804091	-0.1161750657	-0.0152871377	-0.1679397652	-0.0321753183	0.0142927894	0.0055212245	-0.0325005753	-0.0083463213	-0.0234761478	-0.0247962028	0.0506765647	-0.1743069239	-0.0492650954	-0.0927495522	0.0555545497	-0.0610779848	-0.1067316948	0.1290877201	0.1274333647	0.1246917927	0.1208863942	0.0	0.0484171341609425	-0.0002135108023963	0.0023442188803587	4.558686273995432e-08	-0.1333321259316022	-0.1863701249636306	0.0177774558054406	0.0347338234789592	-0.1146569293729129	-0.0089816979627243	8.067089829360759e-05	0.0131462114532251	0.0005839994560467	0.0014739998448618	2.1726755426526105e-06	3.410553646628415e-07	0.0002820001925052	-0.0003489991829365	7.952410857296986e-08	1.2180042969041437e-07	-8.238424488860984e-08	-8.632015331635655e-07	7.4511688685593e-13	6.787163805866437e-15
806.2165194868452	-1.2248564894521223	1.500273419752977	649985.0762934827	1329.9436976901443	5.662965178079958	1768750.239025734	32.06917460814617	823.732376128729	-0.2904493042233298	678535.0274826819	0.0843607983238163	891.7504254499262	615.6473127181486	1.166696	30.304668	0.2849719766267842	0.2142323380492176	-0.0620631708	-0.1153440469	-0.0683027839	-0.044775608	0.0099362344	0.0208750633	0.0149659702	0.0009619386	-0.018381259	0.0483274371	-0.0122596902	0.0820940324	0.0530732471	0.0329881685	0.0246623806	-0.1272887591	0.2335269213	-0.1062038409	0.0287124241	-0.0712733896	-0.0924029556	0.0684860277	0.0837665188	0.0391439231	-0.0628309581	0.0001610891	0.1748065841	0.0482701921	-0.1409341078	-0.0773486211	-0.0276304289	-0.015657483	0.114666635	0.0149146252	-0.279312434	0.0345002513	0.0781171701	0.0313919519	-0.0389641655	0.003048867	-0.0270159691	0.0690601602	0.1257661958	-0.1594650751	0.0411583781	0.0323612961	0.0632224756	-0.127861665	-0.0200576991	-0.1274003405	0.0331642037	-0.0597091118	-0.0381268057	-0.0932079559	-0.0873546055	0.1351999185	0.0740590219	0.2092122663	-0.0057499474	-0.0922828373	-0.060635065	-0.0678349561	0.0353220474	-0.0098925809	-0.0917872586	0.1254516633	0.0616083794	0.0619306837	-0.0423524891	0.0100207778	0.0340579333	0.0530029903	-0.0224038654	-0.0814430357	-0.0848131196	-0.1246487245	-0.1795602696	-0.137830112	0.1084454667	-0.1179536129	-0.2535737652	-0.0640585523	0.1135436898	0.0057830095	0.0575431994	0.1475432252	0.0420405963	0.0643066571	-0.081614097	0.0629620118	0.0252306256	-0.0736601585	0.0312423005	-0.0982546575	-0.0069178681	0.1478955372	-0.0319540119	0.0962753672	-0.1176535933	-0.1983794578	-0.0096408604	-0.0117685629	0.1240770615	0.0936965954	0.0025111994	0.0547480188	-0.2188847289	0.0300517479	-0.0756465725	0.0525047478	0.128726986	0.1259985909	0.1214940211	0.1152767764	0.0	0.0483724391043693	-4.469505657320183e-05	0.0023398928649059	1.9976480820817123e-09	0.0728246986845846	0.2061568246161868	0.0053034367385005	0.0425006363358292	-0.0640079441724381	0.0506489852004748	0.0025653197018379	0.0040970169171819	0.0006714834852619	8.74840292152e-05	7.653455367725969e-09	4.508900709794682e-07	0.000108101140086	-0.0001738990524192	1.1685856487892996e-08	3.024088043229567e-08	0.0003009639691917	0.0003010463534365	9.062890691746744e-08	9.057931075162255e-08
809.1503433752002	2.9338238883550503	8.607322607882747	654724.2781842045	1339.9128890676598	9.969191377515472	1795366.5502896428	99.38477672152882	827.2714407655615	3.5390646368324497	684378.0367063279	12.524978503677998	896.2098316781994	622.3584356011811	1.060961	27.558222	0.3007604403055557	0.1557114123001159	-0.0711937396	0.0141022469	-0.0204375446	0.159696185	0.0225244422	0.1319937002	-0.0414075889	0.0068563902	-0.2336021983	-0.0897699127	-0.0672282816	-0.0381687001	-0.1588674453	0.0527023306	-0.119616909	0.1000936242	-0.0859578866	-0.0766179208	0.1159945746	0.0458905112	-0.0699968619	-0.0402600696	0.1068343838	0.0569497355	0.0192161419	-0.1372121053	0.0046470567	-0.2038756061	0.1548283817	0.0728728811	-0.1522441412	-0.0276234114	-0.0988234569	0.0421284879	-0.1118380214	0.0665989216	-0.1974959935	0.0194357531	0.1758750972	-0.0051287146	-0.0003266314	-0.0930162192	-0.1220136836	-0.0896478529	-4.89128e-05	-0.025682451	0.0001005333	0.0410390183	-0.0340977172	0.008042318	-0.1218618	-0.1277025802	0.072640644	-0.1094252164	0.1620543255	-0.168713504	-0.054577045	0.1078027415	-0.0602867628	-0.0034387393	0.0807580701	-0.0036642189	0.0903360949	-0.1343177538	0.1448146774	-0.1675154512	-0.0011167858	-0.0051472295	-0.0807553746	0.0089030586	0.0253724746	0.0118832622	-0.2663886971	0.1896672088	0.0776050869	-0.0001286416	0.1794603434	-0.0079826984	-0.0691492888	0.0151679884	0.0485769032	-0.1733828902	0.0579272742	-0.0236854678	-0.0818518507	0.0779290567	-0.0506301427	0.1870547688	0.0759935603	0.1945959872	0.0609878603	0.0192406031	-0.0175493911	-0.0078424954	0.0543062797	-0.0411867125	0.012276025	0.1268317444	-0.1074122361	0.0551816926	0.1968189179	-0.0470653318	0.0017191575	0.0266779228	-0.2022054	-0.1129329806	-0.1027381564	0.1122814066	0.2157373635	-0.1774432387	0.1282765399	0.1242126365	0.117534563	0.1083828658	0.0	0.0404402694336596	-0.0079321696707096	0.0016354153918669	6.291931568492682e-05	0.1559962017172438	0.0831715030326591	0.024334814950207	0.0069174989167116	0.0204393755332787	0.0844473197057168	0.0071313498054795	0.0004177680721903	-0.0012196242069796	-0.0018911076922415	3.576288303654972e-06	1.4874832062506182e-06	0.0006307615089273	0.0005226603688413	3.978600811442444e-07	2.731738611573238e-07	0.0003913848660383	9.04208968466e-05	8.175938586543476e-09	1.5318211336381806e-07
807.0480178215205	-2.102325553679748	4.419772733654859	651326.5030696453	1329.5119910879234	-10.400897979736328	1767602.1344465746	108.17867878488325	825.8487321601582	-1.4227086054032725	682026.1284105408	2.0240997758885246	895.8799850450914	613.1933449158757	1.165404	30.271095	0.4542413186882345	0.3092251600056647	-0.0299467138	-0.1730355117	-0.0153252645	-0.0543949362	-0.0969092794	-0.0478516828	0.0170394298	0.0677117788	0.0526773946	0.0771732153	0.0673344903	0.0385915163	0.191829411	0.0060534592	-0.0383183845	0.0029193003	0.0464106245	0.1482776708	0.0375319374	-0.1604722889	0.0804456658	0.1552418252	-0.1262395143	0.0759739091	-0.1156907278	0.1004003276	0.1280266415	0.0065801247	0.0577607042	-0.135129455	-0.0403530355	0.0096781252	-0.0534060707	-0.0537270233	0.0403660432	0.0611763512	0.0513836903	0.2595261936	-0.0197653871	0.0571694833	-0.0407528488	0.0902231992	0.1393547127	0.0603699336	-0.020349329	0.0625149303	0.0901007059	0.077779352	0.081945775	0.013354833	0.0745032625	0.0577244273	-0.0420511393	-0.0064278346	0.0247741465	0.0946747295	0.2210623864	-0.1496507439	0.0973140433	-0.0314862292	-0.0148777397	0.1970776874	-0.0205924399	0.013774689	0.0973396045	0.0799532223	-0.0785291973	0.031392667	0.1626661446	0.0580896127	-0.0449767811	0.0916668219	-0.0969172081	0.0286394056	-0.0608816244	-0.0124631265	-0.0785481826	-0.0345018748	-0.0614653733	0.0521236136	0.0140860641	0.1320007814	0.046864005	0.1149719176	0.0572394253	-0.1253334943	-0.0052019657	-0.0174287108	-0.0143507494	-0.2058795116	-0.0434038294	-0.1452460208	-0.1409597708	-0.0825350249	-0.196449991	-0.1087876161	-0.0873676397	0.0268644251	-0.1047021159	-0.0062745977	-0.0683906816	0.1392695524	-0.1534306332	-0.0243848467	-0.1237058691	0.0411449683	-0.0147114607	0.1806090459	0.1287164542	-0.1533424644	0.1277366958	0.1220804792	0.1128382417	0.1002814672	0.0	0.0396579427653307	-0.0007823266683288	0.0015727524243782	6.120350159785952e-07	-0.1434039365385757	-0.2994001382558194	0.0205646890147598	0.0896404427876038	-0.0414318385460106	-0.0618712140792893	0.0038280471316452	0.0017165972453026	-0.0002000014588662	0.0010196227481134	1.0396305484703218e-06	4.0000583548608296e-08	0.0001819981190449	-0.0004487633898824	3.3123315335881594e-08	2.01388580098743e-07	1.6018210338163046e-05	-0.0003753666557001	1.4090012621150516e-07	2.565830624376335e-10
804.1014568986403	-2.946560922880167	8.682221272244421	646579.1529865159	1324.0935419351374	-5.418449152786025	1753223.7077943375	29.359591221327587	822.5566913672453	-3.2920407929128714	676599.5105130296	10.837532582202408	891.2868169969128	616.2726897956421	1.020985	26.519852	0.2189779355941301	0.1287464799831676	0.0155935477	0.0419917966	0.0722222511	0.0326540544	0.144649952	-0.1075942961	-0.0542841338	0.0119417802	0.1980987398	0.117392704	-0.0957005446	0.0059367775	-0.0144257817	0.0032936351	0.1616478147	-0.0878205924	-0.1146630597	-0.0137214338	-0.0257923849	-0.0655068238	0.1387973429	5.75821e-05	0.0840788385	-0.0920736774	-0.1897310494	-0.0695890279	-0.0261839826	-0.0284867293	-0.0034425398	-0.0501768293	0.0589492032	-0.031080426	-0.1112924045	0.0159381889	-0.0278829276	-0.133379407	0.0555775633	-0.0313992089	0.0884003557	0.1993217173	-0.1687513219	0.1003472327	0.0124745399	0.1006415511	-0.0738069449	-0.117978207	-0.0482726119	0.013754891	-0.0685129395	-0.2096919302	0.1455735611	-0.1491980908	0.0597985154	0.1425516261	-0.0691708764	0.2169753497	-0.0124290203	-0.0087787651	-0.0114981227	0.1236146296	-0.0574414178	-0.0336252092	-0.0693046778	-0.0521388639	0.1125101117	0.0237480835	0.0543958978	-0.0645669987	0.0384775515	0.1497164475	0.1558377253	-0.1283274289	-0.0029027546	0.0776815129	-0.0632259483	-0.0656482807	0.0233877933	-0.025606589	0.0764328081	-0.0842700012	-0.0577796432	0.0900110648	0.0457122842	0.1651151285	0.1042616415	0.0691647742	0.0280345256	-0.0758889667	0.0897614917	-0.1628927079	-0.0329922244	-0.0329813646	0.0124686664	0.0604819625	0.0670619371	0.0715552636	0.0615675285	0.0851875814	0.0782949707	-0.0398674148	-0.0462598606	0.0293870687	0.0388306955	0.1029066533	0.0031105035	-0.1511823166	0.0944935776	0.1537959056	0.027516229	0.0897530081	0.12710783	0.1196080616	0.1074345	0.0910628379	0.0	0.0273216273381962	-0.0123363154271345	0.0007464713204072	0.0001521846783177	-0.032557628084433	0.1108463084541427	0.0010599991464842	0.0122869040979109	-0.0848714626437612	-0.0434396240977506	0.0018870009417538	0.0072031651712913	0.0004960115638266	0.0006960130226928	4.844341277579682e-07	2.4602747144970924e-07	9.393876613361662e-05	-8.805935291128337e-05	8.824491782706318e-09	7.75444963515395e-09	-0.0002470231663598	-0.0002630413766979	6.919076585515968e-08	6.102044471842142e-08
808.2218595391801	4.120402640539737	16.97771792016684	653222.57423697	1332.342281459533	8.24873952439566	1775135.9549647935	68.04170374132714	824.6827874117819	2.1260960445365527	680101.6998532662	4.520284390593975	893.3149468767892	612.5260732218345	1.144271	29.722185	0.3890103504924707	0.2118724566283093	0.009003237	-0.0266386	-0.1233468776	0.0425626875	-0.0589357831	0.1284039104	0.0531761929	0.0239100796	-0.1091042173	0.0311289591	0.0611912705	0.0862684816	-0.0627690788	-0.0581994719	-0.0153500698	0.0497311238	0.0679972075	-0.0795237302	0.108948178	-0.0613887878	-0.2347978318	-0.0057146197	0.1343760942	0.0869866287	0.0055098556	-0.0582823634	-0.0182792991	0.0367903863	0.005556113	0.1441132774	-0.0517258247	0.0028663204	0.0039763014	-0.1021233564	0.0263345943	0.0011958968	-0.0776155244	0.1633277675	-0.0027484659	-0.0202272861	0.0355823949	0.0014511817	-0.0075034648	0.1410864586	0.1137423613	-0.0860956748	-0.1827645395	0.0794385678	0.0016950652	0.0435174261	0.1281852261	0.1693764655	-0.0407467483	-0.1063790095	0.1067946135	-0.0533378569	0.0045235455	0.1568164856	-0.0679875683	-0.0105552097	0.0763383303	-0.0028729079	-0.0227709854	-0.107321606	0.0292228897	0.1708667328	-0.0105184645	0.0562219215	0.010596174	0.1836621037	0.0547058608	0.0576374838	0.0998182113	-0.0189203122	0.0602162186	-0.088606915	0.0225661637	0.0571876487	0.0387182484	-0.0015030665	0.0916399635	-0.0866517511	0.1029166053	-0.0584377164	0.0410070651	-0.1302836753	-0.0737156573	0.1667640579	-0.0476845423	0.1755694366	0.0847116241	0.0239057418	0.0667621442	-0.0477650895	0.0067296122	0.0402175313	-0.0107147411	0.1308946771	-0.1096719065	0.0483681252	0.0833997391	0.0555752773	-0.0043018539	0.2236291627	0.1498850918	0.0094161896	-0.1444147944	-0.0781399601	0.1175954031	0.0589944741	0.1263903806	0.116802275	0.1013572156	0.0808296822	0.0	0.027421951658539	0.0001003243203427	0.0007519634327632	1.0064969252244706e-08	0.1383790484963043	0.1709366765807373	0.0191487610627425	0.0292193474004675	0.0102279945203136	0.0950994571640748	0.0090439067529016	0.0001046118719075	-0.0008469297641527	-0.0013429413279792	1.8034914103948052e-06	7.172900254077479e-07	-0.0002987009527868	-0.0003926397189204	8.92222591957421e-08	1.5416594887390377e-07	0.0004748736352868	0.0007218968016466	5.211349922275905e-07	2.255049694905008e-07
812.8047943415268	4.582934802346699	21.003291402560578	660651.6337045716	1336.7433146053984	4.401033145865313	1786882.6891422272	19.36909275100513	828.2029070129996	3.520119601217744	685920.0551847833	12.391242006877365	897.2670856210291	625.358596937997	1.015356	26.373631	0.308469007574953	0.1557209709927312	-0.0071010402	0.1438044054	-0.0143886202	-0.1008581146	0.0228493347	0.1171742543	0.0214645973	-0.0809539667	-0.0421510591	0.0554248394	-0.1431533282	-0.1330371263	-0.06632385	-0.107786085	-0.164009878	0.1011620214	0.0152669139	0.0592909874	-0.1277621909	0.1636052869	0.0061064176	0.0156018617	0.1105368398	-0.0938944109	-0.031544239	-0.1053056877	0.0197413434	0.0352109676	-0.0366896407	0.0572559651	0.0037838251	-0.0228057983	0.1380590319	0.0649947528	0.0187784969	-0.18426483	0.1240194467	0.0023834419	-0.1242444242	0.1491786186	0.0545316563	0.1174943865	-0.1410733514	0.1101780926	-0.1735881247	-0.179892472	0.063911349	0.2203349024	0.1099325331	0.1163091718	-0.026926648	0.1172974331	0.0066539561	-0.0917421776	-0.0156948055	-0.0568665529	-0.1040137028	-0.1860646392	-0.0032030405	-0.059678189	-0.0991136883	-0.1018824111	-0.0378934458	-0.0915738124	0.0694069583	-0.2179378579	0.0160033702	-0.1062440042	-0.1404301566	-0.0034927486	0.0964149004	0.0858918392	0.1992512457	-0.1619075375	0.0817756175	0.1683891056	-0.0125341368	0.0708596705	0.0379967585	-0.0823685999	-0.0507588183	0.0613616275	0.0664728154	-0.1635980142	0.3284417277	-0.1745851528	0.061167399	0.0517134893	-0.0190952122	0.0166002572	0.043947144	0.0683444981	0.0180059075	0.1738862806	0.0786039157	-0.0895228589	-0.1784097938	-0.2304882914	-0.0042429357	0.1011369206	0.0315548263	0.0903630266	-0.0842791478	-0.0727962149	0.0524461053	0.0184251682	0.0122215394	0.1673144	-0.0152786701	0.0130550705	0.1255848477	0.1136709395	0.0946444892	0.0696960071	0.0	0.0275380373171287	0.0001160856585896	0.0007583434992795	1.3475880130204053e-08	0.0316713207030829	-0.1067077277932214	0.0010030725550775	0.0113865391707922	-0.0765770456001533	-0.0868050401204669	0.0075351149903158	0.0058640439128479	-0.0016329443035688	-0.0007860145394161	6.178188561735038e-07	2.666507098557793e-06	0.0005441581400691	0.0008428590928558	2.961080814034622e-07	7.104114504098705e-07	-0.0001930558124947	-0.0006679294477815	4.461297472136995e-07	3.727054673798876e-08
808.2644919406346	-4.540302400892188	20.61434589154736	653291.4889320522	1326.8493711071735	-9.893943498224871	1760529.2536075015	97.8901179460662	824.5851921668419	-3.617714846157696	679940.7391408277	13.087860708109805	893.279724371521	627.5094830530771	0.963723	25.032488	0.2236298143217525	0.1171532660556748	0.0572243801	0.1302792408	0.024681185	-0.0462707652	-0.1552133408	0.0171154108	-0.0139137625	0.0467563278	0.1101329463	0.0632197639	0.0569826254	-0.1781326223	0.0920036331	0.0734443404	0.0612435893	0.0156511149	-0.0796938154	-0.113868133	-0.0244627218	-0.117568999	0.1857268364	0.0426877247	-0.088503544	0.1031193552	0.0383628999	0.0254979298	0.0023933609	-0.0511742714	-0.0510771658	0.08859279	0.0373422493	-0.1570711957	0.0696604508	-0.135944514	0.0146543145	0.090405959	0.0588425954	-0.028926569	0.060884188	-0.0724696944	0.1596506655	0.0097885688	-0.055146827	0.0134437273	-0.0982328869	-0.0548524979	-0.0183869316	-0.0097941843	0.008769311	0.0656249779	0.0387309569	0.1070855554	-0.0118697009	0.0806578851	0.0086654987	0.1718307534	-0.0704846629	-0.0285338607	0.0208510493	-0.0115543089	-0.002801525	0.1657814558	0.1109789958	0.0898914283	-0.0736739271	0.0237536405	-0.0405871593	0.0947037399	-0.0505556602	-0.0685362047	-0.0277174751	-0.1045834494	-0.0210522666	0.0109628355	0.1327132746	0.0370918091	0.0609946081	-0.0817638436	-0.0501425517	0.16224679	-0.0049679666	-0.034237005	0.029905317	-0.0015572568	0.1825685806	-0.0328320751	-0.0292025307	-0.0129475539	-0.0096790726	-0.1747226919	-0.0266597459	0.1510238703	0.0754831593	-0.007200806	-0.0991028475	-0.0053231113	-0.1028788528	0.0001084869	0.0307173223	0.0595735527	-0.1950832235	-0.0224116106	0.0173657841	0.0927766254	0.1681364072	0.038236884	-0.0935222995	0.1779307614	-0.0106640996	-0.0741622461	0.1246917927	0.1102227826	0.087338405	0.0577858524	0.0	0.0106453641682264	-0.0168926731489022	0.0001133237782741	0.0002853624061156	-0.065469706577204	-0.0971410272802869	0.0042862824793051	0.0094363791810694	-0.047141740071865	0.0294353055282882	0.0008664372115436	0.0022223436570032	-0.0003089812278524	0.0013239630757164	1.75287822586043e-06	9.546939916517673e-08	0.0003550157323064	-0.0001891424077626	1.260361701850495e-07	3.5774850414271466e-08	-0.0001029451286883	9.01106838064e-05	8.119935336056997e-09	1.0597699520650649e-08
810.4011375391926	2.136645598558061	4.565254413837537	656750.0037248174	1332.3072501375914	5.457879030417871	1775042.6087691905	29.78844351067512	825.4964232134396	0.9112310465976634	681444.3447381821	0.830342020283473	894.2126930638364	624.1950820780689	1.113485	28.922522	0.2165809565384911	0.1499821768790468	-0.0995111917	-0.0646105364	0.0013824786	-0.0990715479	0.1230532413	0.0944008159	-0.0463936062	-0.036683508	-0.1152048307	0.0086762999	0.0117372996	0.0327378126	0.0673124733	0.0471330885	-0.0911619957	-0.1646126788	0.0819458917	-0.1010398812	0.0821741397	0.0577545782	0.0466177938	-0.0080793151	0.1406239436	-0.0151011356	0.1188825226	-0.1470862846	0.0616250608	0.1274911571	-0.0867671944	-0.1940442545	0.1601486243	-0.0262373145	0.1730834535	0.091669279	0.1354399902	0.0241384835	-0.0491721563	-0.0266274139	0.0224063819	-0.1101184985	-0.0389342266	-0.1691463259	-0.1688305298	0.1563720435	-0.0994023362	0.2742448507	0.1376039488	-0.0207934367	-0.0735380026	-0.0137868628	-0.063027973	0.0643667737	0.0402209015	-0.1252151051	-0.0709679179	-0.0333763844	0.1123860502	0.1072044991	-0.0600236661	-0.0665390767	-0.1553195944	-0.1204686368	0.2339965555	-0.0395282543	-0.16213966	0.000793579	0.0385465519	-0.21818048	-0.1381717636	-0.1747124661	0.0676259832	-0.0085426026	0.1216690222	-0.0321341485	0.0207260214	0.0096826208	-0.0265091898	-0.1652300948	-0.0819099819	0.0957055569	0.130715962	0.0163595709	0.0159179301	-0.0150575132	-0.2140117673	-0.1265260821	0.1103487976	0.0880230298	-0.0439980659	0.1100971772	0.0210409325	-0.1446874425	0.0349251094	0.0690308765	0.0242634532	0.1256143236	-0.1067155432	-0.1182168968	0.0730494819	-0.0048687684	-0.06367351	-0.0760360817	0.049916947	-0.0947160753	0.0365553938	0.1083999367	0.0495566297	-0.0921804258	0.1985124449	0.0462812019	0.1237118379	0.1064674152	0.0794847672	0.0452319084	0.0	0.0107224487092594	7.708454103299948e-05	0.0001149709063226	5.942026466268181e-09	0.0810026381194433	0.1464723446966473	0.0065614273823094	0.0214541477609334	-0.0746116098124858	-0.0274698697406207	0.0007545937435666	0.0055668923188106	-0.0010129789058828	-0.0007039976780304	4.956127306721948e-07	1.0261262637635147e-06	0.0005020517941163	0.0001470360618098	2.520560039753957e-07	2.1619603472564717e-08	-0.0001027457173248	1.9941136350000186e-07	3.976489189292986e-14	1.0556682428587709e-08
807.7316816359145	-2.669455903278162	7.125994819546631	652430.4695183823	1325.263214137546	-7.04403600004548	1756322.5867461788	49.61844316993673	825.4390990428435	-0.0573241705960754	681349.7062286612	0.0032860605345279	894.7486252366451	634.6205953041219	1.262476	32.792515	0.3462040766384684	0.2094799712030671	0.1266408726	0.1133322228	0.2003993084	-0.0177884523	0.0119205011	-0.0732724358	-0.1047276763	0.0637779225	0.1704758056	-0.1070586529	0.1110154394	-0.2049169964	0.0011474419	0.1486271407	0.1129793156	0.0212941147	-0.2099846499	0.1106003384	-0.1296208689	0.0585090793	0.1764935946	0.0526558144	0.0133819437	0.0195540984	-0.1721840651	0.07863076	-0.0371175296	0.012473042	-0.0564204718	0.1461673584	-0.1092733464	-0.0549643727	0.0312452996	0.0142286593	-0.1097380582	-0.0279891034	0.0110876458	-0.0420879455	-0.0780393184	-0.1826301595	0.0181495307	-0.0798608183	0.0931795729	0.0208503362	0.0139327789	0.1378405921	0.2161216125	0.0449130909	-0.0109835508	0.0653540227	0.0858045809	-0.0303606719	0.0394788135	0.2377908011	0.0020164328	0.0691558064	-0.046938213	-0.186685013	0.0244476286	0.0956162291	0.027100072	0.0245962967	0.1855279778	-0.0584794893	-0.0423550654	-0.0655414392	0.0216038309	-0.0637862941	0.2124959243	0.0038306539	-0.008893224	0.033724808	-0.0563119309	-0.0626280167	0.1743476954	-0.0741329012	-0.0572519321	0.0113996128	-0.0493980203	0.0428761396	-0.1428421074	0.0011729672	-0.0887938806	0.0158354127	-0.0741625086	0.1209198243	-0.0381277303	-0.1843789898	0.1156585424	-0.2395912725	-0.0454987278	0.0291956955	0.0464040977	0.0602301149	0.1012196729	-0.0853002315	0.0944325864	0.032273185	0.1527289463	0.0710728514	-0.0501801406	-0.0841072781	-0.0540512723	0.0818355982	0.0515678556	-0.0209658905	0.0330200492	-0.0051997397	0.0089296079	-0.0313459384	0.1226456664	0.1024153039	0.0711328131	0.032174038	0.0	0.0107076177319811	-1.483097727830035e-05	0.0001146530774942	2.1995788702946126e-10	-0.1134445931183165	-0.1944472312377598	0.0128696757077803	0.0378097257360308	-0.1082810047015456	-0.0336693948890598	0.0011336281521954	0.0117247759791761	0.0004190239047094	0.0014320028105922	2.0506320495439603e-06	1.7558103271791233e-07	7.787272146209112e-05	-0.0004241790726542	6.064160747912427e-09	1.7992788567778457e-07	-0.0006080162247658	-0.000505270507441	2.552982856896856e-07	3.696837295784559e-07
805.9089872897067	-1.8226943462077545	3.322214679697713	649489.2957943206	1339.8224131266277	14.55919898908178	1795124.0987164597	211.97027520367988	825.3345076280702	-0.1045914147732673	681177.0494816691	0.0109393640442736	894.3640857862765	610.8734351270688	1.387134	36.030495	0.4401020678812592	0.2704725202054048	-0.0485008896	-0.0107193692	-0.1714672734	0.111301372	0.0205764569	0.0856792765	0.0691293453	0.040634486	-0.2545499609	-0.0696131804	-0.0222025906	0.0758088883	0.0592298799	-0.1404248296	-0.0561856423	-0.0136295298	0.0989086434	-0.1119812798	0.0539880375	0.0176266519	-0.1491767508	0.1363640587	-0.0017680077	0.0522953797	0.0735879572	0.1318972903	-0.0256927963	-0.0452635527	0.1492897594	0.0297929593	0.0404251872	0.0319785529	0.0835782076	0.0268997078	-0.0060822613	0.0380153921	-0.2076460504	-0.1498795855	-0.1056998505	-0.0979340231	-0.0419251705	-0.0958641293	0.0216605525	-0.0031727759	0.064834918	-0.0543058028	-0.0314821026	-0.0051375203	-0.0492076478	0.0031197438	0.0803944245	0.1482599207	-0.0271042046	-0.159563489	0.0697684053	-0.1182294573	-0.0142394939	0.1919161872	0.0764343931	-0.1312203001	-0.0259540252	-0.0788489771	-0.0330830986	-0.0394213234	-0.0324580363	0.1039214132	0.0931344482	0.0463733912	0.0278975155	-0.0493590906	-0.2131796313	-0.0529186705	-0.0637021387	-0.0410110839	0.1037868041	-0.0893404407	0.0222790912	0.0456898333	0.0527338015	0.1250895696	0.032947674	-0.0255083972	0.0497525271	-0.03864033	-0.2277105285	-0.1480774014	-0.0143451255	0.181216535	-0.0786163202	0.1692658058	0.039188066	0.0335392134	0.0455306088	-0.0159547865	-0.0298110468	0.1850277702	0.0310181295	0.0608096255	-0.0961886824	0.0004960439	0.1834127726	0.0123524387	-0.0118751368	0.0663140136	0.1396273879	-0.0049105715	-0.0217035595	-0.0363932459	-0.0919412226	0.0255437049	0.1214940211	0.0980777428	0.0623349036	0.0187577183	0.0	0.0106370229294299	-7.059480255119932e-05	0.0001131462568012	4.983626147242818e-09	0.1164393123776648	0.2298839054959813	0.0135581134669834	0.0528466100060852	0.0191678673513564	0.127448872052902	0.0162432149875569	0.0003674071387991	-0.0003010079605842	-0.0007200318652936	5.18445887038181e-07	9.060579233505932e-08	5.2954651341696746e-05	-2.4918070120394376e-05	2.804195098720665e-09	6.20910218524891e-10	0.0003010077504167	0.0009090239751825	8.263245874565943e-07	9.060566581092237e-08
809.998285057087	4.089297767380231	16.72235623030094	656097.2217954219	1336.2883900645672	-3.5340230620604416	1785666.661421353	12.48931900317506	826.8910619972726	1.5565543692023311	683748.8284109773	2.422861504282867	897.8538571645395	620.6358596671442	1.098279	28.527544	0.3076317474910304	0.160928179428663	0.0111046504	0.0543758415	0.0285230896	-0.0319746992	0.0461405447	-0.0424259032	0.0348698742	-0.0558700909	0.0036567052	-0.1032018777	-0.0080869794	0.0321471566	-0.0693906028	0.0280051233	-0.0429611642	0.0537520802	0.0404651695	0.1415017745	-0.108224504	0.0610665197	0.0481639771	-0.1362859124	-0.1333001707	-0.1414358136	0.0043401241	-0.1047609052	-0.0845876702	0.1988856733	-0.0168262137	-0.0138638694	0.1037222357	-0.0517725057	-0.0767280866	0.0458765783	0.0183632043	-0.1092360999	0.0741849531	0.0438737637	-0.166205788	0.0089541901	-0.026985595	-0.0748690626	0.0043277766	0.0898945006	0.1751475352	-0.0406628555	-0.0632496247	-0.1295998935	0.1378678105	0.0115240458	-0.1460394834	-0.1249809129	-0.0309426153	0.0341377634	-0.0781361136	-0.1357509526	-0.0343639192	-0.2156122802	0.0342889108	0.0663190262	-0.0580774667	0.0414961412	0.0003704223	0.1703996289	0.0639188213	-0.1924475216	0.0284402472	-0.1186978279	-0.0890604631	0.1241441127	0.0336997377	0.0245872043	0.2396136409	-0.0196549221	0.0227733937	0.0510263703	-0.0117941069	0.1183128842	-0.0291350636	0.0227162141	-0.0586992871	-0.029990607	-0.0359417474	0.0063174231	-0.1775286555	0.0381403756	0.0231616183	-0.0454217362	0.0115705983	-0.0209846549	0.037166663	-0.003357033	-0.0141905592	0.1012222916	0.0993027397	-0.1076644132	-0.0370499954	-0.1556592356	0.0720766284	0.0655572447	0.0268648615	0.039851973	-0.0983980918	0.0197953162	-0.1363232162	-0.0438982893	0.0869633524	0.0090382831	-0.1227046734	0.2176213715	0.1202577046	0.0934668214	0.053146196	0.0051324198	0.0	0.0168374890164528	0.0062004660870229	0.0002835010363791	3.8445779696321086e-05	0.0030932401002132	-0.1133460722774516	9.568134317566967e-06	0.0128473321007252	-0.0760291532519943	-0.0951970206033507	0.0090624727317547	0.0057804321442152	-0.0013059798893145	-0.0010049719287303	1.0099685775358992e-06	1.7055834712939135e-06	0.0005020666224648	0.0004491119711231	2.52070893393212e-07	2.0170156260607914e-07	-0.000102672120194	-0.0004036798706107	1.629574379362715e-07	1.0541564265131182e-08
805.0293261104654	-4.968958946621569	24.690553013210536	648072.21589787	1328.1465922352374	-8.14179782932979	1763973.3704660742	66.28887189367927	824.6639740772737	-2.227087919998894	680070.6701409223	4.959920603405	893.5203786438714	615.3421849197482	0.955592	24.821283	0.2400066319030552	0.1059024833390769	0.0406677386	0.1058911768	-0.0641092616	0.095382686	-0.0416221055	-0.0372862662	0.0056357698	0.0043340112	0.0302640269	0.0542923142	0.0606489118	-0.1250450835	0.0437588783	0.135697234	0.1170911717	0.0759271319	-0.0191608289	-0.0958295124	-0.1133198024	0.009509963	0.0319580956	-0.0960954576	-0.0086001886	-0.0132555986	0.0545945281	0.0471962272	0.0438057243	0.108061722	-0.0775763799	-0.0657627946	0.0820519525	0.1685387351	0.0637951593	0.0319000277	-0.1856061745	0.2244354241	0.1013681703	-0.0763960135	-0.0973710014	-0.0450159694	-0.0162599148	0.0630936458	-0.0856477412	-0.1525575566	0.0202552611	-0.1697106189	-0.0505649194	0.057402869	-0.0425249567	0.0149577301	-0.0889715884	0.0275300933	-0.0247052882	0.0377608297	0.023786302	0.0468050675	-0.164484218	0.0356311092	0.050308124	0.0687301111	-0.0381178875	0.0097535532	-0.0092437379	0.0541141231	-0.1243619564	0.1715421589	-0.1115315588	-0.0463833629	-0.0918205577	-0.0858627142	0.0570819918	-0.0201239442	-0.0477185824	-0.048604993	-0.147604931	0.141756908	-0.1691439687	0.0175577378	0.0219876763	0.0001003092	-0.0871575981	0.0805704914	0.105876023	-0.0448890266	-0.0395252888	0.0903525218	-0.0437215872	0.0027234688	-0.0302360025	-0.1119493112	-0.0200255519	0.1653944796	-0.0018932933	-0.0055715395	-0.0752187435	0.0496098837	0.054104785	0.0781773187	-0.0321826815	-0.0475425877	-0.0927434529	0.032122985	-0.0463771383	0.0416030815	0.133629638	0.0299974824	-0.096950258	0.0572028145	-0.1440801511	0.0371538647	0.1189375786	0.0885953913	0.0436242971	-0.0085500587	0.0	0.0106089329629242	-0.0062285560535286	0.0001125494586118	3.879491051194779e-05	-0.0536832011614052	-0.0567764412616184	0.0028818860869358	0.003223564282334	-0.0239603563729247	0.0520687968790696	0.0027111596084338	0.0005740986775175	8.996975207907243e-05	0.0013959496413935	1.9486754013068437e-06	8.094556289169759e-09	0.0001010269384988	-0.000401039683966	1.0206442302440318e-08	1.6083282811554917e-07	0.0005989953086232	0.0007016674288172	4.923371806629404e-07	3.5879537975260257e-07
805.0239527403702	-0.0053733700951852	2.8873106179831003e-05	648063.5644857298	1328.6110237095363	0.4644314742988626	1765207.252322502	0.2156965943194151	823.0302979057357	-1.6336761715380137	677378.871270804	2.668897833451101	892.7588093427864	605.6257107776145	0.974647	25.316225	0.0893153125227775	0.0495263981294169	-0.0499467735	-0.1599377997	0.0246982716	0.015267684	-0.1089822814	-0.1560415636	-0.0502024917	-0.0078339741	0.0172848525	-0.0885468168	0.061162961	0.0326963337	0.1032444691	0.097873673	0.1528421291	-0.0996813383	-0.0257926946	0.0280966267	0.1263438611	-0.1223181407	0.1375318037	-0.0989556001	-0.0309675322	0.081757211	0.0476658085	-0.0682762118	0.0086826006	0.0467854505	0.1090782216	0.0578623401	-0.0461052875	0.1155528987	-0.0188633198	0.0831827502	0.0647344546	0.0373173444	0.091807903	0.0306889965	0.1367312712	0.1630584629	0.1513660141	-0.0380151618	-0.108484242	-0.1378790385	0.02212329	0.0908792572	0.1792439084	-0.0666980458	-0.0528453904	-0.0067986068	-0.0594018264	0.1142807632	0.0133591366	0.0815802522	-0.0492443782	0.0136880587	0.1836471724	0.0943920593	0.0474563377	0.1356860904	0.031356643	0.0980931635	0.0463598748	0.0059457171	0.0623744428	-0.0648253914	-0.1725572186	-0.0573425932	-0.101429761	-0.1500710007	-0.0176549511	-0.1769860731	0.0194182393	0.0808683283	-0.0049118138	0.0739641096	-0.0317781049	0.0956879331	0.0580024214	0.0160862055	-0.035218058	-0.1462193016	-0.058892541	0.0097690655	-0.0004265659	-0.0145696703	0.0007169968	-0.058111624	0.0096131006	-0.0720696641	-0.0161737707	-0.1072219528	-0.0800549147	-0.1503875566	-0.0508744673	-0.0142118546	0.0539762336	-0.0878323252	-0.0038299147	0.139493039	-0.0680002216	0.0894322406	-0.0914144909	0.1012179156	-0.0396659105	0.0897313582	0.0228179373	-0.1256275583	-0.0387560775	0.1736098943	0.117534563	0.0834770299	0.033828903	-0.0221372814	0.0	0.0105380207318006	-7.091223112360052e-05	0.0001110498809438	5.028544522926939e-09	-0.0307014820889293	0.0229817190724759	0.0009425810024568	0.0005281594115262	-0.0622207658973579	-0.0382604095244332	0.0014638589369773	0.0038714237088538	9.600147548330973e-05	6.031723404237294e-06	3.638168722522393e-11	9.216283294972518e-09	-1.799215438635926e-05	-0.0001190190928851	3.237176194625868e-10	1.4165544471206168e-08	0.0001640006910177	-0.0004349946176054	1.8922031734575512e-07	2.6896226654283113e-08
803.9908419737158	-1.0331107666544312	1.067317856177307	646401.2739776043	1327.916814718869	-0.6942089906672209	1763363.066813107	0.4819261227232015	823.5858805278349	0.555582622099223	678293.7026048091	0.308672049978648	892.3656538880741	605.68751144113	0.961908	24.985332	0.1458415588779323	0.089677572585325	-0.0051027636	-0.0457121613	-0.0857866102	0.0215523308	0.1826843248	-0.0312955856	0.0489473597	-0.074054022	0.0192976372	0.042035335	0.0260503118	0.0135696804	-0.0237314959	0.1650379875	0.1077031709	-0.0331955917	0.097528193	-0.1232773711	0.021786976	-0.0331381533	-0.0010471087	-0.0338035125	0.1136930587	0.0322218627	0.0667730222	0.0863762752	-0.0793574767	0.1040424134	0.1229567044	0.1801723679	0.0947307085	0.1061071855	-0.1000720464	-0.0239490842	0.0164836289	-0.1516138285	-0.0597578981	-0.0797494283	0.04889262	-0.0049269194	-0.1399815241	-0.0043509823	0.0306562079	0.0948121008	0.0019749661	0.0878867573	0.0317927523	-0.0320038083	-0.0085520839	0.0545097597	0.0515338765	-0.1526337568	-0.0502089269	-0.0174083394	-0.0587371375	0.0271994589	-0.0495412705	0.1519066503	-0.0726957072	0.1689921486	-0.0285447281	0.055861298	0.0288757013	-0.0537751273	-0.0889260662	0.1259514577	-0.072213599	-0.0414128642	-0.0279995596	0.1040232435	0.0411022145	0.0182057376	0.0486923847	-0.0239388907	0.0916119482	-0.1082884394	0.1019702752	0.1885419137	-0.0649217265	-0.0849038019	0.0427206714	0.1503097998	-0.046204401	-0.0699550468	-0.0605743483	0.0540382854	-0.0264607511	0.0359397609	-0.0733973717	0.0201031032	-0.011506758	-0.0597953268	-0.0515978833	0.0990358019	0.0714505076	0.083586868	0.0697858267	0.0953824878	0.0208139532	-0.0131189825	0.0388157309	0.0647339436	0.0588003522	0.0378760828	0.0618208157	0.0617023356	0.2387868714	0.0718051152	-0.113919433	0.1919551816	0.1160496357	0.078126003	0.0238214243	-0.0354778738	0.0	0.0106022905021205	6.426977031990036e-05	0.0001124085638913	4.130603376972745e-09	0.0259134394492122	0.0566149215381415	0.0006715063440879	0.0032052493407699	0.0055406398260089	0.0677614057233668	0.0045916081056067	3.0698689681555935e-05	3.497919509748605e-05	-6.102228038582368e-05	3.7237187034860804e-09	1.2235440896679922e-09	0.0001010071861593	0.0001189993405456	1.0202451655819484e-08	1.4160843050301784e-08	0.0004119983070083	0.0002479976159905	6.15028175370211e-08	1.697426049777054e-07
808.6302685811961	4.639426607480345	21.52427924619659	653882.9112656973	1330.992372466936	3.0755577480670127	1771540.6955651632	9.459055461695034	827.1353807016708	3.549500173835895	684152.9380084978	12.59895148406105	894.2417745412105	600.06309040733	0.973502	25.286482	0.1597929457562308	0.0840456119022817	-0.0861272815	-0.0509701084	-0.0113298717	-0.0152905461	-0.0767392552	-0.0563563332	-0.0686492407	-0.0663844364	-0.0129618873	-0.0065325599	-0.0088395882	0.0690194491	0.0137577407	-0.1038448276	-0.1214198485	-0.0618019712	-0.0001098938	-0.021778562	0.0606806023	0.0272589765	0.0071616497	0.1001791981	-0.0860994809	0.0503265881	-0.1337109569	-0.0758592612	0.0469139664	-0.2265999862	-0.208766126	-0.0586140482	-0.0412404835	-0.0558458864	-0.0678971439	0.0035042281	0.1113500378	-0.1146364645	-0.1069041999	0.0925696507	0.0411344714	0.0722360718	-0.0523357969	-0.069512149	-0.0520707156	-0.0050395534	-0.1623452917	-0.1394724488	0.1175083493	0.0760900932	-0.1563723633	0.024958987	0.0372796747	-0.009060754	0.0749069976	-0.0488604132	-0.0216145718	0.0280516568	0.0358641847	0.0331870889	-0.08638494	-0.1140548186	0.0857247878	0.029033245	0.0056374491	-0.0409638472	0.1937895662	-0.0863875037	0.0832799477	0.0117151015	0.1752667075	-0.0704084914	0.1410431001	0.1257077995	0.04762207	-0.060180348	-0.0869461291	0.0986223557	0.0602285278	-0.1125333405	0.1789882922	0.0155696951	0.0683666682	-0.0574263314	0.075908991	0.1125749009	0.1170053123	-0.0018756516	0.0500300614	0.0128414973	0.0167788119	0.0764228417	0.0019917872	-0.0033529514	-0.0285856529	-0.019244326	-0.0388598039	-0.0215889358	-0.0521202198	-0.1529907599	0.0254392218	0.0509554306	-0.0277853963	0.067209685	0.0055479075	0.0098990984	0.0423614338	-0.1429586232	0.1305368324	-0.1447623453	-0.0626291416	-0.0294789039	0.1144838316	0.072557225	0.0136646012	-0.0484232091	0.0	0.0107020402697202	9.974976759970047e-05	0.0001145336659347	9.950016136194255e-09	0.0373914475544694	0.0114780081052572	0.0013981203502186	0.0001317446700643	-0.0660315651771057	-0.0715722050031146	0.0051225805290078	0.0043601675997383	-0.0007279818109668	-0.0007629610060642	5.821094967746273e-07	5.299575170985016e-07	0.0003560371563249	0.0002550299701655	1.2676245668392126e-07	6.50402856826668e-08	-0.000102870374367	-0.0005148686813753	2.6508975906114013e-07	1.058231392240673e-08
809.220072263685	0.5898036824888777	0.3478683838774409	654837.1253544436	1331.4297527300123	0.4373802630761929	1772705.1864547017	0.1913014945285997	827.1764961257724	0.0411154241015765	684220.9557429099	0.0016904780990525	895.0648092238594	623.4659787409054	1.015807	26.385353	0.1863292977653713	0.0867215815300018	0.0994678883	-0.0583150282	0.0500081262	-0.0240185723	0.0400769702	0.108416381	0.0288652003	0.0783359958	0.0497929241	0.1822040921	0.1885270277	-0.0981874208	-0.0978483324	-0.1373692967	-0.0581289223	0.1653278158	0.0229733843	0.1138944453	0.044248189	-0.0500570878	0.0294042826	0.0172681799	-0.0768106282	-0.0127192054	0.0186246489	-0.1049766694	-0.1556962549	-0.0386896956	-0.05181685	-0.0588603198	0.035859084	-0.04832875	0.0204981358	0.018421971	0.0365715591	-0.1572805504	-0.13964749	-0.0405956479	0.0553180769	0.1636821738	-0.0304722519	0.0270823313	0.1000253907	-0.089009991	0.0506615264	0.1097664552	0.0072010517	-0.0530548994	0.1354254139	0.0942634847	0.1051136541	0.1510069955	-0.0455668976	-0.0140047373	0.1292638846	0.0551269297	-0.0047844813	-0.1893011502	-0.1232680307	0.0483108405	0.1037239055	0.0266695454	-0.0414572525	-0.0093808346	0.0179459749	0.0964338363	0.0870475244	0.0249938275	0.0807114157	-0.0351446827	0.0274327956	-0.0048912882	0.0573879257	-0.0125666593	-0.0412767688	-0.1248825054	0.1622455462	-0.0398386409	0.2664146038	-0.0603814384	0.0788540685	0.0754966392	-0.2130143588	-0.1311023567	0.0502970783	-0.1396327905	-0.1264844959	-0.013372297	0.0209729674	-0.0382474048	0.0049112498	-0.0443807764	0.0557955927	0.0720869647	-0.0391020128	-0.0474645249	0.0367535784	0.2207622733	0.0179442139	-0.0136335995	-0.0161939913	0.1082863653	-0.0405490687	-0.0598538475	0.0630737507	0.0052610066	0.2425746776	-0.1115777724	-0.036032581	0.036361457	0.1128382417	0.066786217	0.0034221101	-0.0608290638	0.0	-0.0073020341017553	-0.0180040743714755	5.3319702023197335e-05	0.0003241466939736	-0.0198989132736642	-0.0572903608281336	0.0003959667494728	0.0032821854438177	-0.0112910639808205	0.0547405011962852	0.0029965224712205	0.0001274881258189	3.499974859741686e-05	0.0007629815595642	5.821408602350445e-07	1.224982401882383e-09	0.0001010001289813	-0.0002550370273436	1.0201026054239237e-08	6.504388531626019e-08	4.998266114723909e-06	0.0001078686404817	1.1635643599375404e-08	2.498266415359724e-11
809.6498721946134	0.429799930928425	0.1847279806260789	655532.9155447538	1330.903610439235	-0.5261422907772157	1771304.420280191	0.2768257101442962	826.5709403976651	-0.6055557281072197	683219.5195098805	0.366697739843465	893.9915150683953	612.1185629293785	1.073483	27.883463	0.0873443321463215	0.0595805601547585	-0.1128757721	0.0463017696	-0.0444222042	-0.0711560839	-0.139189474	-0.0058186707	-0.042834123	-0.0467414387	-0.0255534764	0.0933826959	-0.0645967296	-0.0330805281	0.0797486938	-0.1810080789	-0.0817191072	-0.0425604422	-0.0343740605	-0.0215568178	-0.1149513116	0.0066717423	-0.0211965997	0.0349138131	-0.0734873727	-0.0486396068	-0.0459039331	0.0558606596	-0.0008314608	-0.0507391631	0.034418136	0.0786086421	0.0284789513	0.1563278591	-0.0471453929	0.0068003719	0.0601378834	0.1006696784	-0.0150567595	0.0759656797	0.1170956896	0.0199906586	-0.1590341238	-0.0345032	-0.0073488152	-0.0989279516	-0.0467214524	-0.0457261209	-0.1691536906	-0.0306557447	0.0293702724	-0.0238808491	0.0771021347	0.0514798011	0.0707395458	-0.0846752387	-0.0429872881	0.0704070504	-0.0292918301	-0.0100798825	0.0252858893	-0.1029164239	0.0798373677	0.0074336217	-0.1621123645	0.0021528778	0.0136444267	0.0370703814	0.0333070415	0.0070555947	0.0312796169	-0.0194689243	0.0618039879	-0.0882148681	-0.1031644583	0.0260622217	-0.1073614076	0.0505046519	0.0603015095	0.1370472694	0.0783320977	0.036759752	0.0142682875	0.0902855339	0.1593225072	-0.012827678	-0.0343857827	0.1907234224	0.0951477689	0.0150636917	-0.0443491956	-0.0037544917	-0.0299167981	0.0926808217	-0.0090655151	-0.053428965	-0.1703371722	0.0617773365	-0.0853584738	-0.0883186769	-0.0128182825	-0.1046293357	0.0655148171	-0.0410539892	-0.1131587315	0.0174976283	0.0559512522	-0.1363318622	0.0332115733	-0.0875961083	-0.033132116	-0.0415939506	0.1111140131	0.0608290638	-0.0068418353	-0.072557225	0.0	-0.0055842608423972	0.001717773259358	3.118396915593069e-05	2.9507449705657497e-06	-0.0199286976963861	-2.97844227219006e-05	0.0003971529918739	8.871118368768686e-10	-0.0678369876452436	-0.0565459236644231	0.0031974414830627	0.0046018568927809	-1.901637809382898e-05	-5.401612669124584e-05	2.9177419427247204e-09	3.6162263580745865e-10	-0.0003179992759128	-0.0004189994048941	1.011235394810651e-07	1.7556050130160997e-07	-0.0001030032182963	-0.000108001484411	1.166432063498464e-08	1.0609662979395233e-08
808.1189704572085	-1.5309017374048608	2.343660129589221	653056.2704128186	1325.982101047162	-4.921509392073176	1758228.532297446	24.221254696264484	826.0245343270386	-0.5464060706265172	682316.531310201	0.2985595940175105	893.3153906165373	625.1416166909734	1.128782	29.319849	0.2048645830667148	0.1154236053598777	0.0173053064	-0.0799412244	0.1882232825	0.0309622068	0.0347742123	0.0882040959	-0.0704400211	0.0823943099	0.0823411762	0.0984290864	-0.0579139748	0.0612879436	-0.0928854247	0.0394706472	0.0187862378	0.0226475828	-0.0965602161	0.1046473238	0.0886382448	-0.0345567089	0.0864309813	0.019712151	0.1914128319	0.0208795632	0.1015056558	0.1365666845	0.0392871274	-0.108381951	-0.1130817343	0.066928862	-0.1204041572	-0.1117343876	0.0818195887	0.070543388	0.1227786489	-0.0208866866	0.0242020321	-0.0544942466	0.1095292284	-0.041329328	0.0109249905	-0.1971150392	0.1056007817	-0.0472927357	0.0207460716	0.1787034433	-0.0787123925	-0.0176825932	0.0915834327	-0.1736517102	-0.1538289688	-0.0019974334	0.0858276037	0.0526819999	0.1009936261	0.0622759855	0.0713151017	-0.048216683	-0.0354620261	0.0965003046	-0.0115650109	-0.0861154947	-0.103813041	-0.1433064664	-0.0398387029	-0.0535985434	0.0544119615	0.2175004388	-0.0789140279	-0.1057841823	0.0228401629	0.0182827739	-0.0939729352	-0.0773811022	0.1560754372	-0.0606324013	0.0778114672	-0.1290181167	-0.0480363376	0.0234277803	0.0419457462	-0.0950390706	-0.0844020284	0.0033134461	-0.0780843935	0.1043042941	-0.0480220425	0.0203237655	0.1698835471	0.0357527371	-0.0551576455	-0.0552630842	-0.0016338143	-0.0010876945	-0.0140040339	-0.0122196185	0.0033582738	0.2301718004	0.0974445632	0.012194619	-0.0609524751	-0.2405029436	0.0362399566	-0.0296533414	-0.1147561587	-0.0700474563	-0.0406790843	-0.1730081467	-0.1655300627	0.0723522776	0.1093123473	0.0547023691	-0.017062887	-0.0834770299	0.0	0.0105967673245288	0.016181028166926	0.0001122914777302	0.0002618256725388	0.0512068377868928	0.0711355354832789	0.0026221402361331	0.0050602644084928	0.0195609079769667	0.0873978956222103	0.0076383921591907	0.0003826291208833	-0.0002249959318188	-0.0002059795537249	4.2427576552738224e-08	5.0623169335010094e-08	7.901154035772073e-05	0.0003970108162705	6.2428235096997325e-09	1.5761758823578516e-07	-0.0001029911124058	1.2105890499994484e-08	1.465525847978567e-16	1.0607169234584132e-08
809.2752702740346	1.1562998168260492	1.337029266391955	654926.4630771118	1333.7506613190642	7.768560271902288	1778890.826569041	60.35052869817855	825.1805552646254	-0.8439790624132684	680922.9487868354	0.7123006577919795	893.6220093118854	616.2788381813476	1.203307	31.255621	0.1049438835554674	0.058381822037259	0.1210031104	0.0714664683	-0.1416256681	-0.0399744515	-0.0915751246	0.0723767144	0.1847557736	0.0019000298	0.0103101216	-0.0169463819	-0.0400264993	-0.0916299784	-0.0272511007	0.0669298046	0.0534045094	0.1196969764	0.0857769704	-0.1970002143	-0.0441324713	0.0111544311	-0.0697970906	0.100026613	-0.0145958265	0.0144383221	-0.0582192149	-0.0505077127	0.0007437797	0.043930869	0.0102620194	-0.0442513937	0.0495653794	-0.1133373996	-0.0464486176	0.0445907727	-0.0033978164	0.2125438671	-0.1053410556	0.0466171269	-0.0600422444	-0.0695380782	-0.1336388218	-0.1025183465	0.0514543752	-0.1149945207	0.0347174353	-0.0456719456	0.0520662575	0.000653318	0.0077106484	0.1652338706	-0.1009564407	-0.0712019239	-0.1763492171	-0.0342155637	0.0286590078	0.072068502	-0.1247286862	0.0904091292	-0.0158854083	-0.0607205275	0.0061452535	0.031290196	-0.0181686938	0.029727787	0.0148288278	0.0262922574	0.0636959312	-0.2018511188	0.0028639541	0.1187652833	-0.0661720736	0.048269031	-0.0329320161	-0.0093899266	-0.0380880061	0.1079801068	0.0551602719	-0.1261090157	-0.0214451749	0.1601655985	0.0086884723	0.0250047274	0.0333929611	0.0362788889	-0.0982622441	0.1883515493	-0.1149363847	0.0262571749	-0.1358131236	0.0261210542	0.013585638	0.1598546724	0.0533363646	0.0508015236	-0.0827788089	-0.0632036452	0.0228820741	0.0450849838	-0.0642233727	-0.0686950569	-0.1225211516	-0.0094202373	-0.0875434353	-0.0718650306	0.0650923257	0.0683191661	0.0420475871	-0.0191966566	-0.1867270788	-0.0614964702	0.1074345	0.0484232091	-0.0271769657	-0.0934668214	0.0	0.0105326351365562	-6.413218797259902e-05	0.0001109364029198	4.112937534152775e-09	-0.0006292615190943	-0.0518360993059871	3.959700594128661e-07	0.0026869811912601	0.0069669088401056	-0.0125939991368611	0.0001586088142592	4.853781878634155e-05	3.600072343637215e-05	0.0002609966552551	6.81192540543872e-08	1.2960520879421546e-09	-3.993462819540383e-06	-8.300500317726112e-05	1.5947745291051426e-11	6.889830552457128e-09	0.0003620002876547	0.0004649914000605	2.1621700213022403e-07	1.3104420826208553e-07
809.3501874662852	0.0749171922506093	0.0056125856947147	655047.725951711	1325.0636157268511	-8.687045592213053	1755793.5857231163	75.46476112118823	825.6976623836118	0.5171071189864733	681776.629665761	0.2673997725064906	893.7892288527519	618.154533868991	1.243698	32.304775	0.1272161903093729	0.083715225085667	-0.1206256731	-0.1140995108	0.0938399098	-0.1711976877	-0.0110215971	-0.0054925012	-0.105524239	-0.0540335765	0.0628304917	-0.012162075	-0.0574072507	0.1353805225	0.0451781621	-0.0327237099	-0.039632324	-0.2298805071	-0.0151195109	0.0639988308	0.0573426096	-0.0311847333	-0.0587175288	0.0494884592	-0.0946705087	-0.1686204336	-0.0318011795	0.0433367123	-0.0244391114	0.1959962066	-0.0295024967	0.0928059588	-0.0110925344	-0.1239259423	-0.1036474849	0.1097961495	-0.1004923904	-0.0964958435	-0.0628735101	-0.1401583942	-0.0198078409	-0.0367027129	0.0019549527	0.0033363073	-0.1432887006	0.0005984423	0.1741797023	-0.0928234864	-0.0087659363	0.0941341314	-0.0358449946	0.0292406268	0.0172672389	0.1417480641	0.1221383112	0.0094188994	-0.1341434925	-0.0096184276	0.1711736589	-0.0075674499	0.0051075913	-0.0187854767	-0.0371145772	0.0060602463	-0.1611853378	-0.0246443537	-0.0600816431	-0.1348822185	-0.0729737786	-0.1279111143	-0.0145773364	0.1371379369	-0.0627459403	0.1538565152	-0.0324487216	0.0018287815	0.0689888281	-0.0875798224	-0.1296741711	0.068887371	0.0486416968	0.0989160405	-0.0736570116	-0.019758292	-0.1162527028	-0.0784320973	0.0083315836	-0.025584093	0.1379238222	-0.0410795993	0.0002773275	0.0462841778	-0.0762098799	-0.1719080282	-0.0091155458	0.0135118963	-0.0977141236	0.0469917661	-0.1116655086	-0.0745678647	0.1304638094	-0.1200262455	-0.0596353007	-0.1042036224	0.0476578013	-0.0407028766	0.0982845983	0.0142693174	0.1571806876	-0.0763866691	0.0452299372	0.050794225	0.1054817798	0.0420090849	-0.0371206631	-0.1024153039	0.0	0.0105980419161255	6.540677956930023e-05	0.0001123184924559	4.27804681362703e-09	-0.0006025357489534	2.672577014089996e-05	3.630493287668347e-07	7.142667896242197e-10	-0.0638562211533937	-0.0708231299934993	0.0050159157420761	0.0040776169799911	0.0001510443790528	0.0001150436556164	1.3235042697591253e-08	2.281440444344593e-08	0.0001989663145185	0.000202959777338	3.9587594313074666e-08	4.1192671217106934e-08	-0.0004460148347141	-0.0008080151223688	6.528884379766669e-07	1.9892923278504598e-07
808.8241337713251	-0.5260536949600692	0.2767324899811414	654196.4793709344	1328.5482365454186	3.484620818567464	1765040.4168279415	12.142582249193785	825.7740305462297	0.0763681626178822	681902.7495245655	0.0058320962616313	893.2179922072578	621.6645321164813	1.078997	28.02669	0.2177679715761664	0.1116746176416356	0.0211846734	0.1139767935	0.0874490744	0.0541417608	0.0734774224	0.108482523	-0.0575440065	0.0315370543	-0.0101052315	0.0302256614	0.0016408575	0.0443409392	-0.1156576467	0.1300427828	-0.0049854056	-0.0059634726	-0.051389282	-0.1747405562	0.0184102081	0.0136463863	0.0430699714	-0.1020159137	0.0458082279	-0.0347592922	-0.028013403	0.1659419327	0.0585818998	0.1178891565	-0.0604669537	0.0280991992	-0.0751938008	0.0987358904	0.0481066568	0.0051770096	0.0964183447	-0.0087369636	-0.0141244598	-0.0370888844	-0.0209149948	0.0730156242	-0.1118266736	-0.044529805	0.0533202566	0.0121970186	-0.0054510656	0.0471086417	-0.0685681869	0.1260634422	0.0780526496	-0.1290058277	-0.0518117975	0.1268533838	0.0461288194	0.0088203935	0.0532273131	0.04004577	-0.0884539384	0.0693292897	-0.118771165	0.0353704757	-0.0922481454	-0.0724903429	0.0287192687	0.0229679961	-0.1021563379	-0.0036484793	-0.1423496397	0.0568408175	0.0857548405	0.0108134965	0.0630921328	0.0324019613	0.076753861	0.0053457626	0.061397043	-0.0352282305	-0.1500010155	0.0014081698	0.0547441124	0.1046499243	0.0313931532	0.1080264112	0.0058253163	-0.1369230212	-0.0602855322	-0.0658053993	-0.0124636119	0.037131541	0.0877227148	0.0746220737	-0.0493900411	0.0600505776	-0.0488383317	0.1158080978	0.051574023	-0.0449005301	-0.0167774032	-0.0431789903	0.0556231317	0.0989663012	0.0208029772	0.005389232	0.0415469073	0.0506420841	0.0387042085	-0.1335640748	-0.0942201835	-0.1126257218	-0.0547781275	0.0440955771	0.1034555476	0.0354778738	-0.0468316386	-0.1102227826	0.0	0.0106968339437543	9.879202762879888e-05	0.0001144222564202	9.75986472300936e-09	0.0404664654671194	0.0410690012160728	0.0016375348274015	0.0016866628608857	0.0192078679721561	0.0830640891255498	0.0068996429022572	0.0003689421920357	-0.0006200893193765	-0.0007711336984293	5.946471808532505e-07	3.84510764004811e-07	0.0004898873311758	0.0002909210166573	2.39989597246548e-07	8.463503793291709e-08	0.0003626522343376	0.0008086670690517	6.53942428568667e-07	1.3151664307005354e-07
808.6586943973306	-0.165439373994559	0.0273701864677115	653928.8840243953	1332.7257980136935	4.1775614682749165	1776158.052691236	17.452019821215277	826.5004203239606	0.7263897777309012	683102.9447956836	0.527642109191948	894.8398409737122	623.3598627362933	0.991281	25.748301	0.1066222654845163	0.0667858192081075	0.1260203707	-0.0082456826	-0.0117983161	0.0696318908	-0.1878200283	0.0473790646	0.0784016961	0.1144740596	0.0075818903	-0.0148087492	0.0452444032	-0.0327644586	0.0469356884	0.010338693	0.0143212858	0.1368407799	-0.0136779378	0.0053279919	0.069887609	-0.0477191961	-0.0023397207	0.0834196429	0.0155814049	-0.0309918702	0.0802588496	-0.0229515288	0.1310537463	0.0439780858	0.0154458832	0.0816627339	-0.0961603723	-0.0353492157	-0.012251707	-0.2964025027	0.0970571516	0.1936683994	-0.1298532769	-0.1227121499	-0.2601635406	0.0868166218	0.1426013407	0.0828618966	-0.1167329689	0.0960635074	-0.1694447198	0.0220102067	-0.0511062056	0.0077740176	-0.0342633485	-0.095601318	-0.2425125491	-0.0531495883	-0.0926888328	0.021675641	0.127087246	0.0323839439	0.0150000804	0.0125704156	-0.006622382	-0.0888890832	0.1175118905	0.0187464718	0.0299847252	-0.0561341433	-0.0245017256	0.1291710317	0.1181618735	0.0033120924	-0.0784217017	0.0644803172	-0.1114690441	0.034482601	0.0913814963	0.1872644168	0.2347931401	0.1268306879	-0.1871452828	0.0548224141	-0.0263519373	-0.0118206936	0.0131173804	0.0121420054	-0.0750238046	-0.0373313709	0.079830155	0.0182330958	-0.1564799172	-0.0069110715	0.0156819112	-0.0006150066	-0.0161649037	0.0746749339	0.0093058512	-0.049918714	-0.1438240882	-0.1459491707	0.0472037469	0.1248018146	-0.0148428041	0.0992165146	0.0325781633	-0.0104210908	0.0285890756	-0.1090650197	0.0915678315	0.0079735061	0.0754460482	-0.1217124256	-0.0196539725	0.0811536223	0.1013572156	0.0288477796	-0.0562490111	-0.116802275	0.0	0.0106073202708216	-8.951367293270028e-05	0.0001125152433277	8.012697641902439e-09	-0.0167340619993296	-0.057200527466449	0.0002800288309974	0.0032719003424399	0.0305738796500207	0.0113660116778646	0.0001291862214613	0.0009347621168539	0.0001384113252594	0.0007585006446359	5.753232279130758e-07	1.9157694960063423e-08	0.0004900249619337	1.3763075790000116e-07	2.401244633181242e-07	1.894222552012873e-14	0.000361966256386	-6.859779515999611e-07	4.705657500812785e-13	1.310195707620955e-07
807.2229336097611	-1.4357607875695066	2.06140903912221	651608.8645455487	1332.48352480754	-0.2422732061534134	1775512.3438835265	0.0586963064198543	826.6459942277837	0.1455739038231058	683343.5997728411	0.0211917614742988	894.7453681673785	613.8956752386152	1.13324	29.435638	0.05690710529349	0.033389964272185	-0.0435258995	-0.0099622427	-0.0787428961	-0.0783382432	0.1673135587	0.0280524733	0.0615315122	-0.1223500708	-0.0340722853	0.0525908383	-0.1189971525	0.0342235326	-0.032469569	-0.0600223468	-0.0302534565	0.0228045429	0.0904206391	-0.0212116607	0.0083731739	0.0246816262	0.049257479	0.0143105676	0.030353601	0.0651191656	-0.1385578262	-0.1032823524	-0.2102744122	0.0971056387	0.1480739021	-0.1571312648	0.0965277626	0.0452319983	0.042932361	0.0046497686	0.026290661	-0.084339566	0.0862445147	0.0370424372	0.1383586021	-0.2299192047	0.1420460657	-0.0435874342	-0.1242566516	-0.0492591954	0.0971338601	-0.0297609799	-0.0959396856	-0.0184171448	0.0068341055	0.1116981627	-0.0554638089	-0.0131161192	-0.0433761208	-0.1112843536	-0.0896883603	-0.0055666239	0.0139879521	-0.013189037	0.0099408707	0.0616343123	-0.1891796226	-0.0448626331	-0.0962552987	-0.0173197086	0.0486172531	0.0342779933	-0.0554866319	-0.2306847248	0.0620302685	-0.073259352	-0.0291898813	-0.2352298414	0.0412385135	0.021326449	-0.0515650707	0.0817192316	0.1627343087	0.0124544764	-0.228373378	0.0173739614	0.1097491229	-0.0584713925	-0.0576779074	0.0617232879	0.0217527059	0.094832241	0.0826715606	0.0154488394	-0.125383443	0.0018592404	-0.0598470459	-0.0808020228	-0.0522289215	0.2107292475	-0.0589529582	0.0629871006	0.0314238933	-0.0465913684	-0.0488926214	-0.0460875281	0.1006798757	-0.0939129066	-0.1493692242	-0.065157561	0.0813741035	0.1069027881	0.1370067729	0.1512787091	0.0439814178	-0.0640194128	0.0991882461	0.0221372814	-0.0653137397	-0.1220804792	0.0	0.0106367444035271	2.942413270550122e-05	0.0001131403315059	8.657795854709464e-10	-0.0318214592974044	-0.0150873972980748	0.0010126052718163	0.0002276295572299	0.0124293127149002	-0.0181445669351205	0.000329225309263	0.0001544878145647	0.0001115205942874	-2.6890730971999992e-05	7.231114122084797e-10	1.2436842950214876e-08	0.0004899949930279	-2.996890580001573e-08	2.400950931924118e-07	8.981353148502165e-16	-8.402738228798531e-05	-0.0004459936386739	1.989103257376614e-07	7.060600974171228e-09
806.7377430911001	-0.4851905186609428	0.2354098393984747	650825.7861277219	1332.1608744093642	-0.3226503981759379	1774652.5953071218	0.1041032794430912	827.6621803419124	1.0161861141286863	685024.6847683283	1.0326342185479596	895.2056051015719	617.5764060879346	1.05756	27.469864	0.2241523590898612	0.1257042637538765	-0.1059792079	0.0093000389	0.0584949375	0.1735647056	-0.0155654288	0.0179128456	-0.1481685877	0.0386132403	-0.1463985694	0.0082418833	-0.0607905283	-0.0874219996	0.0585214501	0.0254280598	-0.1080654775	0.0072836429	-0.1747305739	0.0094669233	-0.0050264051	-0.0090598835	0.0350884994	-0.079857777	-0.0090017664	0.0385186974	-0.0828241039	0.06429654	0.0926551994	-0.0478187863	-0.0461525764	0.0872829755	-0.0853536339	0.0121511096	0.0311253788	0.1978103671	-0.0441701594	0.0910450505	0.0922252815	-0.0867529487	0.0146182622	-0.0604397245	0.209491507	0.0936277344	0.0580217919	-0.0306689632	-0.0889785439	0.0516200409	-0.0643959564	-0.0276765458	0.0202145274	-0.0283044937	0.0254852685	0.0874398599	0.1597965095	-0.0437351327	0.0981118668	-0.0030253653	-0.0170663568	-0.0069265134	0.0820532009	-0.0447209646	-0.0421673022	0.0320858171	0.0936175998	0.0228960377	-0.0185466602	-0.2232907	-0.0746955618	0.1854563148	0.0134512386	-0.0123064799	0.1532324593	-0.0932541415	-0.2010550403	0.0318932289	0.0052625886	-0.0362945771	-0.1005410456	0.0184695148	-0.0865526318	0.1032910885	-0.0803483109	0.0027816666	0.0058721736	-0.0113786961	0.0820892777	-0.0101259076	0.0291357909	0.1069752053	0.124218896	0.0717043927	-0.1000167095	0.0282052454	-0.0579398035	-0.0124102314	-0.0735949938	0.1225135134	-0.0371959292	-0.0179762136	0.0561944934	0.1432880234	-0.0295832276	-0.1111382948	0.0845953296	-0.0839958919	-0.2021940513	-0.0678349713	-0.0061872246	0.0158952173	-0.070878711	-0.0341050278	0.0969501507	0.0153650827	-0.0739689949	-0.1259985909	0.0	0.0105704827767709	-6.626162675620051e-05	0.000111735106134	4.390603180378027e-09	0.0675794147544053	0.0994008740518097	0.0045669772985479	0.0098805337622637	0.0706904976605713	0.0582611849456711	0.0033943656712736	0.0049971464594992	-0.0005986309299776	-0.000710151524265	5.043151874159029e-07	3.583589903258462e-07	0.0004898399151953	-1.5507783260001236e-07	2.399431425185387e-07	2.4049134163917455e-14	0.0005341467849269	0.0006181741672148	3.821393010118171e-07	2.853127878477441e-07
807.815123808325	1.0773807172248553	1.1607492098479435	652565.2742534594	1334.1500746736822	1.9892002643180149	1779956.4217517918	3.95691769156286	827.521317792362	-0.1408625495504338	684791.5314008073	0.0198422578658484	895.7216584659527	611.4585175454987	1.145048	29.742352	0.1368981068008702	0.0941674917428454	0.0889906597	-0.1097864139	-0.0853720982	0.0816827372	0.0643299481	0.1481996771	0.1009400558	0.1247319129	-0.1197390277	0.0233982631	0.0844874858	-0.0206749043	-0.1604095758	-0.013886651	-0.0807074195	0.2344824844	0.0525060706	0.0106127998	0.1396616175	-0.0570893248	0.0267604624	-0.0741236711	-0.0235898314	0.0339794943	-0.0053316942	0.069893329	-0.0227015308	-0.1298550686	-0.0154919592	0.0848548682	0.0830531538	0.1461828649	-0.1689247778	-0.132452404	-0.1527760876	-0.1819139804	-0.0239524605	-0.1738660007	0.0033427565	-0.0091916601	0.0919565573	0.1273713351	-0.0099539319	0.0219114916	0.0170840778	0.0570224092	0.0073038499	-0.0027284604	-0.1410291586	-0.1088052926	0.1230460748	-0.1719997556	-0.1067871676	-0.0675282146	0.2049266195	-0.0944463371	-0.0007519331	-0.0690863639	-0.0754397824	0.0876234133	-0.0373088591	0.0506315715	-0.0195680167	0.0669084999	0.041471969	0.1864638891	0.0492887831	-0.0064879324	0.1274769523	-0.0941160366	0.1094299358	0.0599081119	-0.0846794114	-0.0182316755	0.0767907407	-0.0509074838	-0.0123631867	0.2225262342	0.019239234	-0.1544796142	-0.0622859239	-0.0395985132	-0.1213385975	0.0723549284	0.0483998821	-0.1163415701	-0.1878404964	0.099417984	-0.0334280866	0.0283608883	-0.0104083297	-0.0370348762	-0.0769914218	0.1021547684	-0.0607727838	-0.0808596209	0.049567846	0.1219100522	-0.0016406273	0.1257890646	0.0075935855	0.2720404952	-0.034384486	-0.0605271811	0.0779212023	0.044198774	0.11328665	-0.0389110953	0.1938594879	-0.0088682798	0.0946444892	0.0085500587	-0.0821605138	-0.1285129588	0.0	0.0105676206853786	-2.862091392301022e-06	0.00011167460695	8.191567137883603e-12	-0.0172489298498277	-0.084828344604233	0.0002975255809642	0.0071958480482945	0.1130274070332362	0.0423369093726649	0.0017924138952292	0.0127751947406568	-0.0004041310669853	0.0001944998629922	3.7830196704023456e-08	1.6332191930267704e-07	0.0004898922744962	5.235930089996475e-08	2.3999444061106014e-07	2.7414963907330497e-15	0.0005340991925685	-4.75923584000509e-08	2.265032578078896e-15	2.8526194750232365e-07
806.7479566128778	-1.0671671954471549	1.138845823038546	650842.2654990538	1330.3052204040318	-3.844854269650341	1769711.9794342197	14.782904354848457	825.7343378010586	-1.786979991303383	681837.1966237527	3.1932974893186388	894.6926689385423	611.008244858025	1.242161	32.264839	0.0902838849725658	0.0591887754683604	-0.1728609455	0.0713722662	-0.0609760442	0.0590361241	-0.0873555249	-0.0133281751	-0.0582568366	-0.0635939255	-0.0423308549	0.09071433	-0.3119441366	0.061967875	0.0620483512	-0.096790562	-0.0677930295	-0.0936652453	-0.0341315555	-0.0814538497	-0.177596183	-0.0255848781	-0.078551898	0.1239222109	0.0725248095	-0.1194654759	-0.0249331923	-0.0387761508	-0.0665082792	-0.0681806279	0.066769382	0.1837215158	-0.0318861924	-0.0251151926	-0.1689938295	0.0635477394	-0.1678124618	0.0483200663	0.0788257252	0.111026822	0.0566034202	-0.0684070837	-0.1727395096	0.1015438188	-0.086533811	-0.0552968816	0.0212388248	0.072003435	0.1510133764	-0.1365340141	-0.1141342988	-0.1730182626	-0.0842521508	0.1583595788	0.1038040891	-0.0907337027	-0.0691766295	0.0220123927	-0.1181315408	0.030662799	0.1384815137	-0.0743949954	-0.0715965725	0.130931143	-0.2075801605	-0.1029638894	-0.0504974939	-0.1240315656	0.0311129156	0.0273534367	-0.0624845848	0.1971390675	0.0666799682	0.0516493203	-0.1893916143	-0.0151557251	-0.0351014713	0.1244846475	0.110412282	0.1195581074	-0.0919095834	-0.1105663762	0.0229119781	0.0379105163	0.1640835372	-0.0022571418	-0.0918927323	-0.0798891463	0.1038118368	0.1150337934	0.0003305529	-0.0320579637	-0.129901252	0.1045733834	-0.127778596	0.0019194947	-0.1486972732	0.1380666027	-0.0799889799	-0.0465926541	-0.0296151182	-0.0548964621	0.0733697849	-0.0588697071	0.0508417976	-0.0822410957	-0.0568232535	-0.1588209674	-0.0526553542	0.1086105271	-0.069784461	-0.0747790425	0.0922728684	0.0017112041	-0.0898369411	-0.1295955703	0.0	0.0107133042659768	0.0001456835805982	0.0001147748882953	2.122370565591233e-08	-0.0429552887494537	-0.025706358899626	0.0018451568315489	0.0006608168878763	0.0610511565582996	-0.0519762504749366	0.0027015306134333	0.003727243717106	-0.0002830990027428	0.0001210320642425	1.4648760574800652e-08	8.014504535396788e-08	0.0004899421420747	4.9867578500047665e-08	2.400433025807456e-07	2.4867753854584155e-15	0.0004060692840414	-0.0001280299085271	1.6391657477457595e-08	1.648922634418952e-07
805.0762846654885	-1.6716719473893136	2.79448709968838	648147.8241307867	1330.61968404239	0.3144636383581201	1770548.7435610697	0.0988873798494265	824.9110876380574	-0.8232501630011484	680478.3025082028	0.6777408308814175	893.4055969678687	611.8432239271839	1.102613	28.640121	0.1230027073164351	0.0753713832623627	-0.0186391947	-0.1702618724	0.0381844807	0.1348101366	0.0143876132	0.0262633432	0.0018141837	0.1089033691	-0.0356372439	0.0253220106	-0.0390611439	0.0882754175	0.007077815	0.0923444094	0.0512523595	-0.0297956651	-0.03945142	0.0404548708	0.1795257476	-0.1720386868	0.0518458035	-0.1088648488	-0.0906273495	-0.0967080685	0.0953192387	0.0033721078	-0.0778496391	0.0103490906	-0.0262399103	-0.1667385126	-0.053733358	0.0046129979	-0.021565043	0.0483411147	0.084374728	-0.0749223857	0.008051727	-0.0766224249	0.0281484241	-0.0611430385	0.1226504151	0.0234247099	-0.0486033703	-0.0919871192	0.0021906196	-0.1873840316	0.090202009	0.0182417407	-0.0425779913	0.0413172392	-0.0291132225	0.0311668931	0.001324848	0.028847497	0.1029134759	-0.0030387688	0.1874574424	0.0556891284	0.0342762126	0.1642232974	-0.0757123264	0.0257334496	-0.0126986348	0.0664990875	-0.051319573	-0.1298200684	-0.0254480766	0.0276445429	-0.0291754454	-0.0998297878	-0.1302686367	-0.0259031491	-0.0679277311	0.0902806322	-0.0664588527	0.0509101941	0.0247895738	-0.0607603349	0.1300217061	0.0316270037	-0.0762760587	-0.1098939301	-0.0361019221	-0.0331144199	-0.0576456683	-0.1217426236	-0.0841120303	0.0661492697	0.0885866084	0.0115207083	-0.0664657133	-0.0980184838	-0.1083709761	-0.0198505072	-0.1103200985	0.0168507411	0.1321994198	0.0805135826	-0.0285709243	0.1846817612	-0.0986858512	-0.1764708877	-0.0135292493	-0.0351028955	-0.1308661944	-0.0181989732	-0.242208102	-0.0177829444	0.0458274926	0.0767747837	0.0898369411	-0.0051324198	-0.0969501507	-0.1292343642	0.0	0.010597653076914	-0.0001156511890627	0.0001123102507386	1.337519753163945e-08	0.0186239994812211	0.0615792882306748	0.0003468533566765	0.0037920087389965	0.1016131507161972	0.0405619941578975	0.0016452753700653	0.0103252323984726	-0.0001301669170761	0.0001529320856667	2.3388222826366864e-08	1.6943426301096296e-08	0.0005409597074435	5.101756536879994e-05	2.926374050773571e-07	2.602791976159775e-09	0.0006170351077819	0.0002109658237405	4.4506578786507706e-08	3.80732324235421e-07
803.85816452412	-1.2181201413685585	1.483816678807757	646187.9486720872	1328.5783260646965	-2.041357977693451	1765120.368488871	4.167142393092696	824.4308504785541	-0.4802371595033037	679686.2272207921	0.2306277293678015	892.8705219599103	603.8229320715673	1.070109	27.795839	0.1884905187002886	0.1081330477635299	0.007944719	0.0757406808	-0.1160437654	0.0738607829	0.1820916009	-0.0405215816	0.0618538666	-0.0751269616	0.0559793719	0.0668373138	-0.1819512307	0.0490760348	-0.0634201687	0.0789871452	0.0914483534	-0.0182366013	0.049436454	-0.0682251007	-0.1118873612	-0.0559032789	0.0341608868	0.0074089418	0.0779083396	0.046642209	0.0222358216	0.1374418605	-0.180551763	-0.0306735471	-0.0930742799	-0.0941865319	-0.0474314981	0.1379029509	0.2144445556	0.0259500767	-0.2046403937	-0.063230107	-0.0278726737	0.1032859579	0.1131522007	0.1418580221	0.0282241595	0.0523108063	0.1667785769	0.0889993984	0.0869129311	-0.0380967405	-0.0666356737	0.1227691186	0.0189075114	-0.0254174372	-0.0231294599	0.0076693052	-0.0534051717	0.0136929216	-0.0883410753	0.0637778148	-0.0837436641	0.0550769208	0.0540030532	0.0867849254	-0.2506157532	0.0621274196	-0.0606598308	-0.0470546833	-0.1180208699	0.0014175113	0.0416556871	0.0766254371	0.1457246124	-0.0038955738	-0.0009854147	-0.0030933869	-0.0554308522	-0.051855637	-0.0152404743	-0.1448511489	0.0490631469	-0.0829823449	0.1820381266	-0.1899245116	0.0388803421	-0.0975578477	0.0944947299	-0.0184002077	-0.0076033746	-0.0488136148	0.0448768974	0.0010227626	-0.061670229	-0.0581453161	-0.0624923156	0.0096066558	-0.0776048167	0.2007887788	0.0162521031	0.1570682988	0.1193994732	-0.0430470638	-0.0615445032	-0.0850591064	0.0219628303	-0.0918071615	-0.0241583078	-0.0112568685	0.0273773408	-0.0810913797	-0.1234844346	0.3128563135	0.1311337203	-0.0429485267	0.087338405	-0.0119617388	-0.1034555476	-0.1274333647	0.0	0.0104770288396593	-0.0001206242372546	0.000109768133307	1.4550206613278154e-08	-0.0587630623674328	-0.0773870618486539	0.0034530974987987	0.0059887573415673	0.0401060908201671	-0.0615070598960301	0.0037831184170538	0.0016084985208754	0.0007248693607833	0.0008550362778594	7.31087036455657e-07	5.2543559020239e-07	0.0004901933890071	-5.076631843640002e-05	2.40289558626266e-07	2.5772190875859683e-09	0.0005333222497107	-8.371285807120003e-05	7.0078426064488805e-09	2.844326220364822e-07
805.0273405938749	1.1691760697549398	1.3669726820876078	648069.0191036466	1326.9289065226656	-1.6494195420309552	1760740.3229654368	2.720584825633606	825.723618095443	1.2927676168889093	681819.493480629	1.6712481112766298	892.6176526296861	603.2290158775282	0.987533	25.65093	0.1466758720490238	0.1221573306484358	-0.0589487896	-0.036860725	-0.0049909115	0.1413100401	-0.0569366807	-0.0882562779	-0.0898296227	0.0435067135	-0.0156847151	0.0236681412	-0.0256197055	0.0276806192	0.0840724608	-0.0498116583	0.0116229308	-0.0570079608	-0.0545583672	-0.0097132282	-0.10923179	-0.0939849467	-0.1445773607	0.0674324797	-0.1573825439	-0.1126376345	0.0435140261	-0.1118746271	0.0411602463	-0.1122723012	0.014994962	-0.0175466048	0.1373103623	-0.0111840071	-0.0372198335	0.068716365	0.1423800068	0.0404020242	-0.0563567093	-0.018399885	-0.0333586424	0.0756964643	0.0264967694	-0.0265874234	-0.0390636362	-0.0103178676	-0.1574275441	0.0825922407	-0.0993134235	0.0645166035	-0.141476243	0.0900929077	0.0344335343	-0.0219919181	0.0737406005	0.0259022715	0.0101028278	0.0750736846	0.0261791626	0.0899679583	0.1047616773	-0.0805107141	0.0692032174	0.0248758269	-0.0168246173	0.1678172327	0.0960572571	-0.1476298885	0.1105992493	0.013332647	-0.0433928086	-0.0250048211	-0.0235836042	-0.0236350476	0.0608467624	-0.0005195556	-0.1595034927	-0.1111381265	0.0604332431	0.0660221702	0.0508844503	0.0018247913	0.1332793133	0.070804437	0.0054818228	-0.1341762424	-0.0266626238	-0.0528434948	0.0169939867	0.0228963158	0.078115159	0.0595656561	-0.0665809806	-0.0061245189	-0.0007483478	-0.1019069719	-0.0660737543	0.0779121994	0.0524001884	-0.0194441614	0.043524996	0.1093685802	0.0337082125	-0.034470768	-0.0144195302	0.0690467606	-0.1765614759	0.0337891659	0.0974727251	0.0607688253	0.1111067329	0.0123428008	0.0847790013	-0.0187577183	-0.1093123473	-0.1242126365	0.0	0.0106868878597765	0.0002098590201172	0.0001142095721274	4.404080832455179e-08	0.0638570601028192	0.122620122470252	0.004077724124975	0.0150356944346196	0.0406769042518817	0.0005708134317146	3.258279738258039e-07	0.0016546105395167	0.000394902512521	-0.0003299668482623	1.088781209521557e-07	1.5594799439539857e-07	0.0004900780449439	-1.1534406319999024e-07	2.4017649013603524e-07	1.3304252915483344e-14	0.0003979028994974	-0.0001354193502132	1.8338400412192378e-08	1.5832671742843804e-07
807.4199308172638	2.392590223388879	5.724487977056047	651926.944680955	1330.6086379375654	3.679731414899834	1770519.347354063	13.540423285800731	826.7810530803613	1.0574349849182454	683566.9097326712	1.1181687473290498	894.7467308152376	606.1891460922194	0.965073	25.067549	0.1012194397146828	0.0592392529777706	0.0901344587	-0.1171235472	-0.0302757187	0.0131921115	0.0142563642	0.0272577149	0.0585170744	0.0879545326	0.053002409	0.1196976377	0.0637608454	0.0223759205	-0.0763718264	-0.02563692	0.0334776801	0.1549639557	0.0387532177	0.0688669928	0.0989011298	-0.0649120136	0.0258684542	0.0392790911	0.091026897	-0.149983405	0.1173355612	0.1871890666	0.1492020776	0.0403516299	0.0621873948	0.0050563638	0.012097688	0.062758333	-0.1165485027	-0.0770037738	0.1012371893	0.0066306702	0.1189509241	0.1579256859	0.0575187697	-0.023408627	-0.0843541965	-0.1067049331	-0.0170869759	0.109592749	-0.0483165007	-0.012793422	-0.1158002869	-0.2988485095	0.1373644987	0.0230785671	0.1054701009	-0.0447320732	-0.0748417605	0.0386296522	0.1165442993	0.0503473893	0.0429728351	-0.0665031979	-0.1200754332	0.0111931068	0.0306631398	0.0308434182	-0.1524269377	-0.0204953642	0.0173018792	0.0634758934	0.0030710405	0.2163411825	-0.1874157193	-0.0746267388	0.0572024049	0.0668734279	0.0985361531	0.1489759845	0.0637637203	-0.0345828829	-0.0584346494	0.0496917783	-0.1133410705	0.1012248946	0.0432194037	0.0387354173	0.1209294674	0.0828230513	-0.0650176227	-0.0277590658	-0.1291439889	0.0062799937	0.0246142527	0.0336170002	0.0013192075	-0.0402880321	0.0063492219	-0.0315385816	0.0019811754	-0.0010839537	0.0348749781	0.1333921264	0.0163468815	-0.0097835022	-0.0785358088	0.0547918695	0.0889351899	0.0387650566	-0.0473922849	0.1148680907	-0.1130650411	-0.018801646	0.0481356549	0.0565383467	0.0821605138	-0.0255014167	-0.1144838316	-0.1196080616	0.0	0.0204690148766246	0.0097821270168481	0.0004189805700194	9.569000897374948e-05	0.0079825710953826	-0.0558744890074366	6.372144129283777e-05	0.0031219585218421	0.0575896912000999	0.0169127869482181	0.0002860423623558	0.0033165725325228	0.0006323697872368	0.0002374672747157	5.6390706560949215e-08	3.998915478099157e-07	0.0004901691444161	9.109947220003157e-08	2.402657901376115e-07	8.29911383512432e-15	0.000533345260153	0.0001354423606556	1.8344633059961623e-08	2.844571665276713e-07
809.3014525271302	1.8815217098664332	3.540123944698707	654968.8410625228	1331.0134228054192	0.4047848678537775	1771596.7316881977	0.1638507892434001	826.2183155007147	-0.5627375796466367	682636.7048688384	0.3166735835465548	894.7371457698457	616.8333360363978	0.909307	23.619032	0.0305767993631524	0.0231259204164933	0.0907756433	0.0552177239	-0.1276547933	-0.055455995	-0.0759011332	0.0561446627	0.1161317597	-0.0566334945	0.0419358663	0.0453888228	0.0910142143	-0.1304825073	-0.0648424272	-0.0290504552	0.0395110992	0.0891779805	0.1025571555	-0.1119177751	-0.0271692006	0.0193803882	0.0202444442	-0.1294889251	-0.1756080331	0.1595440254	-0.1924443645	0.1563616538	0.2342976694	0.0374482133	-0.0326158232	0.0423923838	-0.0004562391	-0.0285098048	0.0160667751	0.00047248	-0.0948574755	-0.0369985988	0.0155101878	-0.0953486319	0.0403681189	0.0252927527	-0.1327223281	-0.1069519638	0.0174822112	0.0934647241	-0.0087230767	-0.0048045089	0.1118273471	-0.0349649207	-0.0689228752	0.1575339001	-0.0208306881	-0.0913366552	-0.1176083436	-0.0283528028	-0.0092833732	0.0493486708	-0.0914295303	0.0056755949	-0.0494198387	-0.0160200126	0.1097148484	0.0687162242	-0.0595272464	0.1808025702	0.0001993378	0.0210136691	-0.2285855158	-0.1594657699	0.0030299128	-0.0276620636	0.0569478764	0.0272572397	-0.176065731	-0.1893079177	0.1503576326	0.0945839653	-0.0776642675	-0.0578305973	-0.0855315636	0.0328255481	-0.1153481762	-0.0340980672	-0.029342162	0.0379547277	-0.0050144297	0.0038273249	-0.1001873438	0.0228222273	-0.1315689026	0.0507901334	0.0519463168	0.113485046	0.0252131654	-0.0034644225	0.0054489704	-0.0415822335	-0.0265652513	-0.0007051045	-0.0539736947	0.0161364551	-0.1988396812	-0.0565377686	-0.0191215762	-0.0927581256	0.0078671753	0.1716095973	-0.0762660767	-0.0334173239	-0.0072091649	-0.0625134698	0.0794847672	-0.032174038	-0.1189375786	-0.1136709395	0.0	0.0198069705244705	-0.0006620443521541	0.0003923160813572	4.3830272421914403e-07	0.029779713077346	0.0217971419819634	0.000886831310969	0.0004751153985818	0.0576817165428948	9.202534279489916e-05	8.468663716518698e-09	0.0033271804233348	0.0006398290252786	7.459238041800055e-06	5.564023216423712e-11	4.093811815889634e-07	0.0006431706529501	0.000153001508534	4.13668488816258e-07	2.340946161367968e-08	0.000533294253004	-5.1007148999969096e-08	2.6017292491050487e-15	2.844027602870944e-07
809.7469538733585	0.4455013462282977	0.1984714494912256	655690.129307183	1325.99573110469	-5.017691700729074	1758264.6789078617	25.177230003565427	827.3604221381614	1.1421066374467728	684525.2681206367	1.304407571299974	894.1211954148125	615.2393719572458	1.132001	29.403467	0.155475292437698	0.0925769592129721	-0.1417206923	-0.0809045636	0.0505327801	-0.1543329273	-0.0242332629	-0.0144288392	-0.115358943	-0.0638404117	0.0364273691	0.0521057247	0.0203336586	0.0838999139	-0.0295970103	-0.1016417193	-0.1101314546	-0.1298937843	-0.0633885515	0.0321493048	0.1099178712	-0.0328497816	0.0349598329	0.0948787629	-0.0023284553	0.1135976395	0.0669525567	0.0241763684	-0.0122689601	0.0609004656	0.0294376057	-0.0762093792	-0.0661988962	-0.0141524401	-0.0075635108	-0.1185488463	0.0447263367	-0.1365677337	0.1956294681	-0.0425753287	-0.0248928289	-0.0405496001	0.0917188247	-0.0568255697	0.1120900531	0.136604135	0.1849670279	-0.1297290772	0.0486795554	0.1363586484	-0.0633334415	0.0073326676	-0.0890512774	-0.1021326322	0.1344706916	-0.0390756607	-0.0419343128	-0.0192311134	0.0883235462	-0.0466849387	-0.0895120886	-0.015193912	-0.0016546086	0.1019078461	-0.1278889083	-0.1118351225	0.0215464094	0.1020564047	-0.1025859517	-0.1007316194	-0.0283666139	-0.083426798	-0.0894282714	-0.0021278361	0.1079434458	-0.0506342908	-0.0373539791	-0.0563426794	0.0598554635	-0.0664395374	-0.078035047	0.0698677244	-0.1154882632	-0.1257009451	-0.1017686966	0.1123182164	0.1405799745	-0.0099049149	0.1449771081	-0.0371121229	-0.0189883835	0.0378959787	-0.0275438398	-0.0992480326	-0.0009711809	-0.0349731641	-0.077325682	-0.0119586625	-0.0830448284	-0.1063810754	0.0935715283	-0.1341733256	-0.075734416	-0.0302538633	0.1064234819	0.0292844008	0.127911963	0.0463669715	-0.0863407003	-0.0630452294	0.0797741535	-0.1970525106	0.0767536265	-0.0387569845	-0.1226456664	-0.1064674152	0.0	0.0223573054032328	0.0025503348787623	0.0004998491048934	6.504207993831517e-06	-0.0052286125817744	-0.0350083256591204	2.733838953028956e-05	0.001225582865455	-0.0250471694625105	-0.0827288860054053	0.0068440685796953	0.0006273606980837	0.0008187783299935	0.0001789493047148	3.2022853657946134e-08	6.703979536669448e-07	0.0004908708339108	-0.0001522998190392	2.409541755842843e-07	2.319523487940352e-08	0.000905800047138	0.0003725057941339	1.3876056666340197e-07	8.20473725395203e-07
809.3798037442538	-0.3671501291047434	0.1347992173016297	655095.6667090867	1329.043309424751	3.047578320060893	1766356.1183266945	9.287733616905175	825.6477383946526	-1.7126837435088191	681694.1879162047	2.9332856052793828	894.0612501177872	633.7970153382106	1.101125	28.601463	0.1146549573307414	0.0567253197098717	0.0898916924	0.0276773151	0.1985777966	-0.020806877	0.1431021505	0.0035416518	-0.0298730843	0.0410594651	0.0831262141	-0.1043903127	-0.0508096342	-0.0243697056	-0.1207552273	0.0125997765	0.0704169095	0.0028932542	-0.0362811043	0.030194544	0.1150185476	0.1542946224	0.078943395	-0.0058229796	0.0946641749	-0.1600716569	-0.0065865251	0.0335044935	-0.2176626618	-0.0429568115	0.048516037	-0.0010623842	-0.0830068958	0.0140606296	0.0702190445	-0.0301323961	-0.0720518332	0.1260321084	0.103673118	-0.027392356	-0.0217200962	-0.022826517	-0.0650360186	-0.0289068069	0.050685797	0.1209907365	0.0210297587	0.1391152533	0.0444274111	-0.04204572	-0.0101028452	0.0874551843	0.0912883648	-0.0372009698	0.0178127284	0.1550732292	-0.01294761	-0.076670211	0.0183193136	-0.0383727823	-0.0787427524	0.0850089215	-0.129833202	-0.0998061592	0.0237144026	-0.0028795223	-0.0765435391	-0.04328308	0.1499192882	0.0077877505	0.0289289649	-0.0196331981	-0.1310769015	0.0220412743	0.030411415	0.0391912174	0.0797583437	0.0883076184	0.0468144713	0.003902779	-0.2133270879	-0.0698040504	0.0072306434	-0.0076125843	-0.0114643976	0.036377651	0.0202130559	0.0232226943	-0.0126508016	-0.1122668571	0.122839403	0.0312692049	0.0077209263	-0.0742019987	-0.030675454	0.1032197628	0.1197852385	-0.1037143553	0.0533811906	0.0050872266	0.0706385826	0.0543661911	0.073853352	0.0215894757	0.1233254517	0.1316360306	-0.0052720504	0.1362839928	0.0082531425	0.1147321163	-0.1050877833	0.0007234773	0.0739689949	-0.0452319084	-0.1255848477	-0.0980777428	0.0	0.0270400449513914	0.0046827395481586	0.0007311640309732	2.192804967588861e-05	0.0022314420917126	0.0074600546734869	4.979333808666703e-06	5.565241573141522e-05	-0.002945674714077	0.0221014947484335	0.000488476070115	8.676999521152615e-06	1.7895506587552266e-05	-0.0008008828234059	6.414132968266825e-07	3.202491560251265e-10	0.0010280109024571	0.0005371400685462	1.056806415570661e-06	2.8851945323792374e-07	0.001175990522399	0.0002701904752609	7.300289292176502e-08	1.382953708772273e-06
806.4777857511342	-2.902017993119557	8.421708432389662	650406.4189100523	1335.22749905406	6.184189629309003	1782832.4742301598	38.24420137125303	824.1862649409728	-1.4614734536797869	679282.9993173515	2.135904655810724	893.122941712842	619.9482553434668	1.100479	28.584692	0.1182284841923512	0.0638146134024834	0.122952986	0.1364469585	-0.0806308191	-0.0040228258	0.0022966912	-0.0432119313	0.1238995723	-0.014382727	-0.0118569316	-0.1717755243	0.0226306684	-0.0285174027	0.0594556496	0.0877342975	0.1694378145	0.0173018789	0.0918353958	-0.2198796769	0.0300086549	0.0588216498	-0.1596102674	0.0457655813	0.0017376732	-0.051934961	0.0375858695	-0.1090978115	-0.0402473068	0.161531101	-0.0812530357	0.0739571251	0.1818574354	-0.1659578015	0.0390789326	-0.197234565	0.0012834356	0.0370146392	-0.0280553137	0.1197666931	-0.0702666169	-0.0308955702	0.0588320685	0.0252735973	0.0166810708	0.0537435374	-0.0677854664	-0.0327687064	-0.0194183837	0.0287187211	0.1359464815	-0.1074426717	-0.0039334912	-0.1646178143	-0.1536395846	0.0763932864	-0.0441946047	-0.0056183516	-0.1447752862	0.1968912868	-0.0001504285	-0.0666208918	0.0222953772	-0.0442820645	0.1154191782	0.1000615012	-0.1486249817	0.1382382611	0.1017649673	-0.0542412805	-0.0674254471	0.2411824542	0.0128650893	0.0521246171	0.1863733714	0.0918102286	0.0147575122	0.0291103395	0.0626359998	0.0487098969	-0.0637761955	0.1294504128	0.0167932753	0.0255379815	-0.0255390413	0.0997478293	0.0410555351	0.0626078907	-0.075816441	-0.0626079107	-0.0967555941	-0.0314486928	0.0599428634	0.1389209765	-0.0141309936	0.0199275265	0.1020124303	0.0107384467	0.1236661767	-0.0370103499	-0.0175828525	-0.1058580841	-0.0426815621	0.1448932292	0.1298403748	0.0537067455	0.1722591174	0.0327295454	-0.048611822	0.1080144933	-0.0350973777	-0.0625701225	0.0711328131	-0.0515807628	-0.1277366958	-0.0885953913	0.0	0.0213155655308128	-0.0057244794205785	0.0004543533338983	3.276966463662788e-05	-0.015201358425287	-0.0174328005169996	0.000231081297974	0.0003039025338655	0.0188294918532037	0.0217751665672807	0.0004741578790328	0.0003545497634498	0.0011600869807901	0.0011421914742025	1.3046013637409892e-06	1.3458018029986898e-06	0.00070518222849	-0.000322828673967	4.972819753781225e-07	1.0421835273535613e-07	0.0011750899168188	-9.006055801999945e-07	8.110904110873686e-13	1.3808363126092142e-06
808.3235583900516	1.845772638917424	3.406876634576192	653386.9750483552	1325.132014612152	-10.095484441907956	1755974.856150061	101.9188061168056	825.6561211881318	1.4698562471589869	681708.030455431	2.1604773873123	892.4269312765211	605.107968780565	1.094373	28.426077	0.1093335557607185	0.0574158718783877	-0.0679558894	-0.1042911632	-0.0260053197	-0.1423976091	-0.0296468614	-0.1027718196	-0.0312475926	-0.0454038294	0.0317988186	-0.0272036945	0.1512325045	0.1582574956	0.1085636233	0.1179348654	0.0017636579	-0.1436184171	0.1348584162	-0.025718142	0.1158998605	0.0814897486	-0.0138513716	0.1651689206	-0.0614927571	-0.048610663	0.0014726065	-0.0648919086	-0.0525008143	0.0300980606	-0.0292825569	-0.0730049765	-0.05580131	0.1248433142	-0.0213313287	-0.0286032154	0.0619802639	-0.0393919025	-0.0589122111	-0.1129904802	0.0881198524	0.0913439014	-0.047127351	0.0964844953	-0.0075906943	0.0282121563	-0.0647805091	0.0524837494	0.1614236672	-0.0205092357	0.2147020035	-0.0726582634	-0.0654269721	-0.0702884991	-0.0043410639	-0.0258952551	-0.084852678	0.0339995657	0.1506629798	0.1040742427	-0.1337181002	-0.062763225	0.136278731	-0.0741626996	0.0604266222	-0.1142075037	-0.0447834812	-0.0126580762	0.088357073	-0.1139989274	0.1071411666	-0.0698854769	-0.0506625439	0.0612172296	0.0336738511	0.1752001987	-0.0956619782	0.0502566408	-0.0002893562	-0.0094184012	0.0985507749	-0.0882534118	-0.0190404674	0.0552149644	-0.1393509712	0.1108429366	-0.0763197225	-0.1438214686	0.0989097017	-0.074565298	-0.0774347197	0.0615426801	0.0433828125	-0.1187462781	0.0386063462	-0.0710838486	-0.0326849799	-0.1186462939	0.0732326739	-0.1705516082	0.0033727316	-0.0270858014	0.0055989511	-0.0468310674	-0.0771405997	0.0697602444	0.0473818718	0.013967966	-0.0178732532	-0.0389488008	0.1772114853	0.0150199918	0.0682470576	-0.0577858524	-0.1290877201	-0.078126003	0.0	0.0369815562820008	0.015665990751188	0.0013676355050387	0.0002454232662163	0.0242504021959604	0.0394517606212474	0.0005880820066658	0.0015564414161162	-0.0199630827986894	-0.0387925746518931	0.0015048638481226	0.0003985246748273	0.000960022381241	-0.0002000645995491	4.002584399274176e-08	9.216429724836398e-07	0.0008135642385911	0.0001083820101011	6.618867703143163e-07	1.1746660113554953e-08	0.0011751079018964	1.7985077599945446e-08	3.234630162760593e-16	1.380878581099359e-06
811.5371083408133	3.213549950761717	10.326903286040633	658592.478214169	1329.0517487935597	3.919734181407648	1766378.5509712193	15.364316052895484	829.017580081255	3.3614588931231992	687270.1480837801	11.299405890157043	896.9886595159853	629.8231362615313	0.9950230000000002	25.845488	0.1496146541009753	0.0694443398712374	-0.003520351	0.1794663188	0.0864951054	-0.1503363325	0.0534608557	-0.0567502344	-0.0414483865	-0.0588585008	0.1279958423	-0.0621046216	0.1243570121	-0.0496278337	-0.0027674248	0.0263267709	-0.1208723247	-0.0515294514	-0.0330531884	0.0894230248	-0.1261756018	0.2305742671	-0.0109779562	-0.0725953807	-0.1119532757	0.1034100838	0.0784903927	-0.0776656493	0.0109736946	-0.0624907106	-0.0179697489	-0.0211988029	0.0835739107	0.073109751	0.0415025288	-0.0873778337	-0.0726158388	-0.0932877947	0.0384851839	-0.0736482229	0.0721056518	-0.2213608247	-0.0590522369	0.2608156158	0.0024684862	-0.1765613699	0.1029355114	0.0914492021	0.0080125975	0.0429767701	0.0687611263	0.0611159656	-0.0029358549	-0.0561077272	0.0210526943	0.0509063149	-0.1224276029	-0.0939611466	-0.0643559755	-0.2119160115	-0.058326356	-0.1426921944	0.0813539019	-0.0220010019	0.197660865	0.0599106613	-0.1295259912	0.0608919147	-0.0844507742	0.0172705828	0.1051449551	0.0560953158	0.0341804447	0.0787659115	-0.1941262525	-0.0891016689	-0.1833931787	-0.0221803659	0.0510470422	-0.0022487349	-0.1498093454	-0.1461324534	-0.0187239129	0.013683827	-0.0246968483	-0.0880803435	-0.0058992708	-0.0864658207	0.1479535709	-0.1500779138	-0.0479436945	0.0218473772	0.0031891595	0.0864850926	0.0400412013	0.0597059004	0.0650659007	-0.0979558056	0.0371994821	-0.1205187535	-0.0109466223	-0.1537891757	0.0039552176	-0.1402058383	-0.0423398651	0.0994764492	0.0587574591	-0.0764729956	-0.059489252	-0.0559799438	-0.055433059	0.1086430928	0.0653137397	-0.0638298824	-0.1296294506	-0.066786217	0.0	0.0509652381686009	0.0139836818866	0.0025974555015822	0.0001955433591056	-0.0225809736276119	-0.0468313758235723	0.0005099003699709	0.0021931777615286	-0.0587447444148523	-0.0387816616161629	0.0015040172777105	0.0034509449963663	0.001320980761007	0.000360958379766	1.3029095192329597e-07	1.744990170950633e-06	0.0011685871296356	0.0003550228910445	1.3655958795499703e-06	1.2604125316559494e-07	0.0008907304772141	-0.0002843774246822	8.087051966893716e-08	7.934007830380583e-07
809.5260047743299	-2.0111035664834844	4.044537555122591	655332.3524058884	1333.3347822890655	4.283033495505833	1777781.6416618298	18.34437592362492	828.346061059474	-0.6715190217810232	686157.1968727458	0.4509377966137423	895.7493448392374	630.2387192501044	1.015661	26.381563	0.1250870096015522	0.0643791145517034	-0.0203125935	-0.0183684453	0.1461978523	0.0396125484	-0.0585100622	-0.0351178229	-0.1146655958	0.0747591433	-0.0735761498	-0.1606279083	0.0530075055	-0.0609146241	0.0970229444	-0.1362270025	-0.0929195046	-0.0671523881	-0.0860370365	0.2170345232	-0.054724378	0.0585631337	-0.1440516078	0.0106129351	0.0816011593	0.0532477093	-0.1647659311	0.0181337264	0.0733028904	-0.0154950627	-0.05384634	-0.0586500038	-0.1356480318	0.1009214322	0.1047418016	0.0009517041	-0.038139841	0.0921310315	-0.1072364453	-0.0057191848	0.0234291688	-0.0832862981	-0.0254834896	0.0261458542	-0.2463501595	0.0825207379	0.0428191753	-0.0482445375	-0.0031692342	-0.1213600336	0.0105797829	0.2411684193	-0.0013111389	-0.0316273315	0.1188971046	0.0372378441	0.0465388708	-0.1302450829	0.1084265557	-0.0844250709	0.1567472696	-0.1339003574	0.0724981548	-0.1739329445	0.0403375255	-0.0632064659	0.0581164642	0.0177783264	0.0046645517	-0.0715231012	0.1372865172	-0.1343495304	0.0553407421	-0.0448981812	-0.0318366465	0.0123343054	0.0581125878	-0.0178695792	-0.1224429681	-0.0911077694	-0.1118306239	-0.0885255623	0.0025957992	-0.0378479668	0.1279374555	-0.1033231167	-0.1086145243	0.0485064945	0.0670637433	-0.0821272468	0.1239880958	0.1044001174	-0.0199715415	-0.0377874506	0.0811685984	-0.0674872676	0.0196855788	-0.0696576648	0.0267995475	-0.0986834418	0.1097958901	0.049450818	0.1074539525	0.0288807383	-0.0144067985	-0.0141351655	-0.0673653475	0.0291597417	0.0826017087	-0.0376824847	0.0521985823	-0.2190310388	0.0623349036	-0.0696960071	-0.129358491	-0.0547023691	0.0	0.0377134153694527	-0.0132518227991482	0.0014223016988288	0.0001756108075	0.0294134618162047	0.0519944354438166	0.0008651517360133	0.0027034213171212	-0.0318247987961299	0.0269199456187224	0.0007246834721149	0.0010128178184141	0.0009468144448166	-0.0003741663161904	1.400004321714944e-07	8.964575929133666e-07	0.0011685543428154	-3.2786820199992926e-08	1.3655192521127317e-06	1.0749755788266636e-15	0.0011749474890008	0.0002842170117866	8.07793097889611e-08	1.3805016019092847e-06
809.3981082203284	-0.1278965540014951	0.0163575285254573	655125.2975906464	1329.7128389233983	-3.621943365667221	1768136.233997723	13.118473744100797	826.2428944002712	-2.1031666592027705	682677.3205469378	4.423309996382143	894.4302008326066	625.2778839798448	0.956724	24.850677	0.1740827181951242	0.0719577649293997	0.1481668248	0.0387252236	0.0866910962	0.0272565815	0.032498912	0.0012311541	0.044099166	0.1259865868	0.0818454121	-0.0742736311	-0.014598079	0.0007517915	-0.0597835347	0.0059961157	0.0766621077	0.0992702376	-0.0580614954	0.020395633	-0.0557104418	0.15445931	-0.1143181193	0.0515099228	0.0010946443	-0.159295782	-0.049556248	0.0911004152	-0.0742048314	0.0533599097	-0.1121675436	-0.0857586711	-0.0811877965	-0.1853144707	0.0438972662	0.0012585503	0.0925388027	0.0479194817	-0.1254649143	0.1056954875	0.0150478071	0.1513737794	0.1480604639	0.0026908633	0.0979500434	-0.0317290763	0.0494002473	0.0783739019	0.1038020302	0.0765842307	-0.0321575976	0.0032340831	0.2220374742	0.0014171146	-0.057536269	0.1336032268	0.0549659983	-0.0398896541	-0.0897392344	-0.0732571814	0.0244958481	-0.0781724676	-0.0551383952	-0.1168557635	-0.0526625412	0.0611242052	-0.0520443034	-0.0355221065	0.1476958306	0.1316366142	0.0928647198	0.0250780713	-0.0084564654	0.0801824518	0.1022886189	0.1203603429	-0.0572890186	-0.078061978	-0.0844042303	-0.1230469147	0.0794854206	0.1127296733	0.0552029934	-0.0169309272	-0.151665179	-0.0891770962	0.1327956848	0.0869387171	-0.0974354609	-0.1131016282	0.088357525	0.0228040975	-0.0129049687	0.0265917877	0.061680128	0.0537494998	0.0562101142	0.0035231556	0.0858966486	0.023570178	0.097509408	-0.041376832	0.1119285187	0.2705236329	0.1271145408	-0.0308497159	-0.0414633395	-0.0776318478	-0.1688447607	-0.0222749906	0.029899378	-0.2494881793	0.0593126253	-0.0753678766	-0.1282765399	-0.0420090849	0.0	0.0509991540787382	0.0132857387092855	0.0026009137167468	0.0001765108530514	-0.0033163433839575	-0.0327298052001622	1.0998133440318684e-05	0.0010712401484405	0.0140660766493567	0.0458908754454866	0.0021059724491531	0.0001978545123055	0.0015701036740024	0.0006232892291857	3.884894632190286e-07	2.4652255471158345e-06	0.0018546899219076	0.0006861355790922	3.4398747064256195e-06	4.7078203289618875e-07	0.0015090486575266	0.0003341011685258	1.1162359081030512e-07	2.2772278507828338e-06
808.7760036603825	-0.6221045599459103	0.3870140835054947	654118.624096859	1333.9077755118562	4.194936588457949	1779309.9535709887	17.59749298118322	825.4670814047669	-0.7758129955043387	681395.902482904	0.6018858039934151	894.6249570474155	624.5884723485627	0.95302	24.754486	0.1582974375838483	0.0884217379947327	0.1510638655	0.0111523174	-0.0443172401	-0.0598401368	-0.1416173965	-0.1519437372	0.1536210188	-0.0151651314	0.086582835	-0.1536982477	-0.0136226317	-0.0499294712	0.1708976473	-0.0810400679	0.1400440379	-0.0232072644	0.0171739024	0.1574499896	-0.0503270142	0.1252519689	-0.0250291084	0.0354872218	-0.1464226382	0.1347427742	-0.0746458434	-0.0702138409	0.0154537183	-0.0483507522	-0.0483174816	0.050835784	0.0870002118	-0.0649860206	-0.0581664196	-0.0490592152	0.0286062157	0.0009914056	-0.0383906634	-0.0078999417	-0.1401920286	0.0913103338	-0.0758559159	0.0769366317	0.0255786407	-0.0435743766	-0.1068965901	0.0445859935	-0.1199133878	-0.0611714158	-0.037408328	-0.0863184102	0.0063910437	0.1520447894	-0.1609963275	0.1114259375	-0.0999904464	-0.0177319633	0.0401875061	0.0002781904	0.1083984011	-0.1477806751	0.1705111764	-0.0389172837	0.0648885195	0.0277219207	0.0773670445	-0.0363344866	-0.0078031215	-0.0612827241	0.0211001051	0.0404112489	0.0172105531	-0.0216763756	-0.0371667492	-0.11847762	0.0530895518	0.1425057271	0.055908683	0.0315321268	0.0599196784	-0.0603657778	0.0120811984	0.1530030671	-0.0467865454	0.0092359071	0.1147492639	0.0445863059	-0.0637110521	-0.1721518582	-0.0936060962	0.0126069216	0.0275768207	0.0754963339	0.1599779653	-0.1292662187	-0.0434068141	-0.0355139111	-0.0032985122	0.0170486977	-0.0352196129	-0.0408939784	0.0636920238	0.1729051807	0.0213323651	-0.1249192806	-0.096189374	0.0236485104	-0.0363365895	0.0625930985	0.0152557316	0.1507138103	0.0562490111	-0.0808296822	-0.1263903806	-0.0288477796	0.0	0.0505937783210868	-0.0004053757576513	0.0025597304048032	1.6432950489144613e-07	-0.0029334732330141	0.0003828701509434	8.605265208810196e-06	1.46589552483422e-07	-0.0449189802462868	-0.0589850568956435	0.0034792369369823	0.0020177147863663	0.0025647921094951	0.0009946884354927	9.89405083702915e-07	6.578158564928324e-06	0.0012170018457835	-0.0006376880761241	1.4810934926404458e-06	4.06646082430856e-07	0.0011709424735512	-0.0003381061839754	1.1431579164240712e-07	1.3711062763662024e-06
808.8590972386248	0.0830935782423694	0.0069045427451207	654253.0391856831	1326.030373484818	-7.877402027038215	1758356.551404286	62.05346269558578	824.5997291579989	-0.8673522467679504	679964.7133274452	0.7522999199734116	892.1702351335354	622.7242221002994	0.930229	24.162479	0.0867929582199794	0.0461552302630661	0.0301292792	0.0395897127	-0.0079789147	-0.1665417022	0.0459274832	-0.0828312714	0.0332550033	-0.1323776865	0.1447069954	-0.022934904	0.0945912389	0.0372771227	0.0305377531	0.0314380595	0.1231899003	-0.1128894663	0.1568471136	0.1163088752	-0.0427364556	0.0073124337	-0.0142275789	-0.0784989933	-0.0221724756	-0.0094637494	-0.1007500346	-0.1337314077	0.0653993203	-0.0506648527	-0.0305179192	-0.0266073975	-0.1387664711	-0.0430856891	0.0303465038	0.0454204518	0.1421465548	-0.0313789021	0.0828272834	0.0340822621	-0.0001704982	-0.0137012574	-0.0269703692	-0.2164096883	0.1509449878	-0.1477370632	-0.0472932986	-0.0363496906	-0.051227949	0.0859765498	-0.1240664096	-0.0703988905	-0.1183058477	0.0919918804	-0.0404505816	0.0324626174	-0.2103163691	0.0731587714	0.0582526691	0.0282166517	-0.0086372984	0.1114245565	0.1729781641	-0.1817108252	-0.0258571972	-0.0314412306	0.0440254619	-0.0908393933	-0.0420301509	-0.0672813092	0.0438613103	-0.0138240254	0.1097237469	-0.0946956081	0.0790747505	-0.0063914936	-0.0530691714	-0.227885616	0.0426453145	-0.1023238215	0.0593179457	0.1364798649	-0.0930159422	0.0041132304	0.0513580873	0.0484654199	-0.0255526631	0.0336915238	0.0626508657	-0.1513801739	-0.1132792168	0.0032497735	-0.0139646122	-0.0624489905	0.1631442416	-0.035079139	0.1221103862	-0.0092941363	-0.0212028578	0.0609268106	-0.0179544369	-0.1039463742	0.0383688043	0.106314465	-0.0673131758	0.0435912367	-0.0897031668	0.0580797062	-0.0020162747	0.0875874424	0.1990341771	0.2345195558	0.053146196	-0.0860662011	-0.1237118379	-0.0153650827	0.0	0.0342932196891609	-0.0163005586319259	0.001176024916649	0.0002657082117128	0.0278275802445762	0.0307610534775903	0.0007743742222683	0.0009462424110511	-0.045287066709065	-0.0003680864627782	1.3548764408056817e-07	0.0020509184111113	0.0029920123054089	0.0004272201959138	1.8251709579662585e-07	8.952137635718281e-06	0.0012167164394263	-2.854063571998845e-07	1.4803988939702133e-06	8.145678873010803e-14	0.0008111828828685	-0.0003597595906826	1.2942696308818376e-07	6.580176694588506e-07
809.6132447748914	0.7541475362666006	0.5687385064569837	655473.6061149283	1330.0337955173347	4.00342203251671	1768989.8972182474	16.027387970440223	825.3091499885394	0.7094208305404663	681135.1930548054	0.5032779148047251	892.7053291610088	611.1058088770565	0.914615	23.756924	0.2396215303635628	0.1188765080645916	-0.1166723363	0.0009702706	-0.0200436999	-0.1234941638	-0.0620763712	-0.0157125408	-0.0304071995	-0.1360238762	-0.0402709472	0.0367520986	0.1240414993	0.1713170702	0.0995592528	0.0882643875	0.0492503699	-0.11645479	0.1090296004	-0.0175358533	-0.0214028976	0.0051734017	-0.0029675816	-0.1891111255	0.2325327511	0.1186003141	0.0187019014	-0.0307207003	0.1608042785	-0.1077063104	-0.0472139167	0.1483655792	0.0038280728	0.0793109542	-0.0057507727	0.0694594619	0.0299190021	-0.0873907725	0.1146417094	0.2032641264	-0.0279945664	-0.0381021466	0.0031312616	0.1267020936	-0.158388362	-0.0545435153	-0.1431359852	-0.094376282	-0.1355130809	0.0624496348	0.067022449	-0.0584503872	0.0153658329	0.0075139958	0.0300775106	-0.0881143453	-0.0941170822	0.0071151854	0.0377921502	0.1180995304	-0.0025624862	0.0679512795	0.1055130277	-0.1411472743	0.089910125	-0.0724156096	0.0841669483	0.0346014652	-0.2281497503	0.2411126004	-0.0779428742	-0.0226257889	0.2331369878	0.0215997758	0.0492603099	-0.0328204725	-0.0462844848	0.2052110032	-0.0086005775	0.1105681067	0.0022880266	-0.180074846	0.0706160769	0.038930117	0.0321800059	-0.0217605815	0.0278402842	-0.0177087462	0.1399535639	-0.0028337268	-0.0741317508	0.0970528165	-0.0353228369	0.0050390102	0.1310631672	-0.1600725245	0.0677843906	-0.0636507917	-0.0542542069	-0.0859113914	-0.1203343989	-0.0135912633	0.1272817922	0.0663741577	-0.1175681885	0.2434095309	-0.0314198066	-0.0957438288	-0.0540260657	0.038044713	-0.1038945907	0.0711719294	0.0500063424	-0.0910628379	-0.1202577046	-0.0017112041	0.0	0.0346232444856866	0.0003300247965256	0.0011987690587156	1.0891636632182823e-07	0.0944818826916247	0.0666543024470485	0.0089268261569539	0.0044427960347026	0.0334890620226886	0.0787761287317536	0.0062056784579618	0.0011215172751594	0.0022712402883907	-0.0007207720170182	5.195123005164843e-07	5.15853244760907e-06	0.0016642320491671	0.0004475156097407	2.7696683134749247e-06	2.002702209616799e-07	0.0015201167438742	0.0007089338610057	5.025872192804492e-07	2.3107549150067005e-06
812.7762510373462	3.1630062624548145	10.004608616328374	660605.2342503233	1327.3391396171858	-2.694655900148973	1761829.191559691	7.261170420207673	828.0830124172234	2.773862428683969	685721.4754539833	7.69431277326453	894.3346436850824	632.0467074613393	0.955898	24.829241	0.1544044538353765	0.0837145779791019	-0.0493985653	0.1155605934	0.1057399664	-0.0689197473	-0.0121651886	0.1360157739	-0.0871516474	-0.0180769318	0.0070278735	0.0208476447	0.051165379	0.0082372054	-0.0014384649	-0.0670914394	-0.1138860444	-0.0033370273	-0.0564678224	-0.0205455225	-0.0782764073	0.005788154	0.124164703	-0.1641400234	-0.0820390438	-0.0029690894	0.1700201459	0.0985967861	0.1512270337	-0.0087038228	-0.0639425009	0.0321134853	0.0510248966	-0.0536360756	0.0640822885	0.0061948764	0.0229206265	0.0538771908	-0.0978850692	0.0848314513	0.0149597837	0.0090019743	0.0108214331	-0.0376538472	-0.1725242015	0.0141145612	0.0521165804	-0.0167515454	-0.0424081105	0.027197941	-0.0434614808	-0.117481548	0.2246396494	0.1021756985	0.0966228687	-0.0566827191	0.0019586046	0.03130849	-0.0576179612	-0.0893478715	-0.075600753	-0.0330167961	-0.0044363312	-0.075473254	0.0989733601	0.1469847343	-0.0413901166	0.0324426283	-0.1210777747	0.1034020518	-0.1268261275	-0.0661942552	-0.0071633731	0.0891568562	-0.0135047978	-0.0012302296	0.0809066499	0.0828498571	-0.0952056866	0.0337346179	0.139445064	0.0478789204	0.1518937765	-0.0346344956	0.1287566665	-0.0683618935	0.0023177768	0.0339083977	0.0941393587	0.0047964666	0.0597245949	0.0032509621	-0.0145653431	0.0458507535	0.0434654578	0.0288324915	0.1672530507	-0.1073777417	-0.2056182051	-0.0835542542	-0.1157727452	0.0523502453	-0.130128174	0.0738763294	-0.0397008915	-0.034385174	0.0081295127	-0.0415860522	-0.1720608532	-0.1188352128	-0.0500402344	0.0485379099	0.0468316386	-0.0958056664	-0.1160496357	0.0119617388	0.0	0.0501947694267244	0.0155715249410378	0.002519514877802	0.0002424723889893	0.0255035474940683	-0.0689783351975564	0.0006504309347821	0.0047580107266264	0.0408881514807859	0.0073990894580973	5.474652480892661e-05	0.0016718409315156	0.0016121932227356	-0.0006590470656551	4.343430347485979e-07	2.5991669874346e-06	0.0020270457761735	0.0003628137270064	4.108914578702827e-06	1.3163380050427454e-07	0.001292867451762	-0.0002272492921122	5.1642240765496e-08	1.6715062478255676e-06
811.1619466173222	-1.614304420024041	2.605978760509156	657983.7036400035	1330.6185966045996	3.2794569874138237	1770545.849629994	10.75483813229735	827.8523791913215	-0.2306332259018972	685339.5617327315	0.0531916848899155	895.2366699149667	637.6251295575444	0.917821	23.840185	0.1442330309014735	0.0746835950803359	0.0307842071	0.0432750179	0.1211782988	0.0601133222	-0.1758110798	0.0712029661	-0.0529269775	0.121245953	-0.03812048	-0.0393373354	0.0367799281	-0.0978424231	0.0204810647	-0.1387089302	-0.0756186406	0.0973042048	-0.1124277073	0.0729485472	0.0262864809	-0.0005302856	-0.0381866255	0.0249628547	-0.0265189629	0.0382854764	0.0556249433	-0.1830209195	0.0065266554	0.1864512728	0.2228872923	0.0172443394	0.0167267492	0.0921789989	0.0781085387	-0.0031423938	-0.0328863385	0.0763240107	-0.0241605282	0.0593999491	-0.0080699417	0.0894096088	0.1474062621	0.0750328432	0.0156825151	-0.079950616	-0.0412964641	-0.0811825924	0.1201085835	-0.0782046461	0.0532611542	-0.0834857758	0.0472994305	0.0060080734	0.0700561389	0.0043772263	0.1341790504	-0.0303064992	-0.0029278316	-0.0733189617	0.06005635	-0.1204761816	0.0538199646	-0.0027657012	0.0377499376	-0.1147878314	-0.0174909282	0.000139786	-0.0060910578	-0.0584202564	-0.098289125	0.1023781146	-0.1342542472	-0.2672852821	0.1065663542	0.1343820432	-0.0219592502	-0.0488017531	-0.0247351656	0.0474714029	0.0798800945	-0.1140433415	-0.0489660541	-0.0328642583	0.0944404766	0.0385358853	0.028591151	-0.0226389805	-0.045347162	0.0109418633	0.1073503248	-0.0434262499	-0.0209196952	0.0482321242	-0.0115354777	-0.1183626812	0.1000125748	-0.0868795455	-0.163445289	0.0337482504	-0.1226044916	0.040299293	0.0882994436	-0.0021206396	0.1383663603	-0.0734525009	-0.0261556375	-0.0275972419	0.0424703901	-0.0371065106	0.0204106742	-0.0065943121	0.0436242971	-0.1002814672	-0.1111140131	0.0255014167	0.0	0.0348523751700042	-0.0153423942567201	0.0012146880549907	0.0002353890615286	-0.0173742634382989	-0.0428778109323672	0.0003018650300234	0.0018385066703518	0.098460963860802	0.057572812380016	0.0033146287253445	0.0096945614043981	0.0017427585418631	0.0001305653191275	1.704730255886593e-08	3.0372073352367986e-06	0.002082963417588	5.591764141450002e-05	4.338736599009881e-06	3.1267826213606082e-09	0.0016751847578674	0.0003823173061054	1.4616652254769013e-07	2.8062439729912595e-06
808.9219778530667	-2.2399687642555364	5.017460064840475	654354.7662537172	1334.562079767181	3.943483162581515	1781055.944752504	15.551059453563909	826.7900602502466	-1.0623189410748637	683581.8037286064	1.1285215325664195	894.8889824889377	627.0548550682779	1.011423	26.271477	0.0878188693965525	0.0429805888177675	0.0829993171	-0.1429633381	-0.0568381251	-0.0522522454	0.0727599447	0.0467534817	0.1652126745	-0.0134046548	-0.0471747736	-0.002931922	0.0037551416	-0.0764922581	0.0153876697	-0.0193146172	0.0178039101	0.0800521547	0.1397707347	0.1185547685	-0.0270472339	-0.0434225968	0.0315505137	-0.0534242165	0.1382459216	-0.0537477815	-0.0153491712	-0.0185644285	-0.0354186931	-0.1013558338	0.0667470786	-0.0741663295	-0.0021955832	-0.0783994392	-0.0671315073	-0.0967147678	-0.007524173	0.0388274933	-0.0833163095	-0.0617944637	0.0380752613	0.0295948938	0.0347000735	-0.0183047324	0.0550687638	0.0349246457	-0.0532425269	-0.0834592178	0.1101734078	-0.0414168643	-0.1158004821	0.0695572225	0.0459635329	-0.0889393311	-0.1556963666	-0.0648567919	0.0208336108	-0.0032249621	0.0599206439	-0.0438437498	0.0750132108	0.0614315141	-0.035064063	-0.0930709664	0.0681228107	-0.041173733	0.0860082578	0.0589520112	0.093567509	-0.0196924146	-0.042416023	-0.0171041974	-0.1047478681	0.0915223666	-0.0246824528	0.0383752068	0.0272965525	0.0077963108	0.07671278	-0.0042532079	0.0612092772	-0.0168348018	-0.0671913403	0.0178728061	-0.0096726179	0.0709121781	0.1019558026	-0.0201439277	-0.0870975753	0.012843828	-0.0953606265	-0.1252447451	0.0252131724	-0.1827076073	-0.0204921693	-0.0203467606	0.1184754144	-0.0216136176	-0.0706466913	0.1088383826	-0.2132862171	-0.0132422411	0.0436498105	0.0664506746	0.1803158696	-0.0957389716	0.0159104256	-0.0442653345	0.0418051206	0.0580119384	-0.0385059	-0.0387325636	0.0403865531	-0.1044777656	-0.1054817798	0.0387569845	0.0	0.0345001657740624	-0.0003522093959418	0.0011902614384377	1.2405145858969205e-07	-0.0333759918090663	-0.0160017283707674	0.0011139568292388	0.0002560553108518	0.1036077232417653	0.0051467593809633	2.6489132125533767e-05	0.0107345603153422	0.0023543794856773	0.0006116209438141	3.740801789121725e-07	5.543102762578107e-06	0.001776994435416	-0.000305968982172	3.1577092234994284e-06	9.361701805136965e-08	0.001266411238876	-0.0004087735189914	1.670957898286125e-07	1.603797425951445e-06
807.7810474290571	-1.1409304240095253	1.301722232430555	652510.2205855846	1329.3560861541644	-5.205993613016744	1767187.6037951182	27.102369498771136	825.8434850327832	-0.946575217463419	682017.4617710927	0.8960046423159189	893.2365346195068	616.1588322805321	1.055572	27.418247	0.0627987578728153	0.0428941445654502	-0.126409247	0.0749325619	-0.0617616916	0.0318306211	-0.0294962064	-0.0882610071	-0.0753323796	-0.0869647044	-0.0801082993	-0.0545376808	-0.1161737247	-0.1076562704	0.0581943259	-0.0197140034	-0.0059794421	-0.082649595	-0.042569985	-0.0777478359	-0.1445413444	-0.0945091388	0.0637886338	0.2004050696	-0.008989149	0.0481967284	0.1654488389	0.0535483628	-0.0833769023	-0.1300326541	0.0437762331	-0.0516337839	-0.1742311265	-0.0978173262	0.0463319914	0.0629430684	-0.1152954468	-0.0562925401	-0.0890565785	0.0798185356	-0.0421832981	-0.0082546394	0.0541845327	0.0070322336	0.0206161669	-0.1079372357	-0.0740805352	-0.0004314787	-0.067458085	-0.0538855618	0.0451042098	0.0851496427	0.0597867718	-0.0451847808	0.0858093063	-0.0692760129	-0.0680039871	0.0019987345	-0.0856346163	0.0742851292	0.1249407515	0.0551803257	0.0463256071	0.1441575393	0.0206796508	-0.1145609888	0.0493354098	-0.1129276592	0.075665602	0.0633323007	0.0104503781	-0.1618412389	-0.1437957126	0.0417757911	0.0284563848	-0.0167353154	0.1015126966	-0.0329410972	0.1165711643	-0.1191202535	0.1331636916	-0.015722852	0.0727058022	0.0533446788	0.0778287367	0.0320380437	0.0903235235	0.1812210881	0.105557898	0.0585868657	-0.0319654713	-0.0816778235	-0.0181413531	0.0627192623	0.0249304221	-0.1478371885	0.0617282921	0.0431849434	0.0071869285	-0.0290039966	-0.2056942359	0.0290933102	0.0472250809	-0.132810651	0.0126650095	0.0412549878	-0.0853268034	-0.0837088172	0.0968776026	-0.0625290924	-0.0803988731	-0.0734118011	0.0371206631	-0.1083828658	-0.0991882461	0.0515807628	0.0	0.0345668973765214	6.673160245899978e-05	0.0011948703942389	4.4531067667459865e-09	0.0084555476765757	0.041831539485642	7.149628651084473e-05	0.0017498776957388	0.0986151266404959	-0.0049925966012693	2.492602082300674e-05	0.009724943202321	0.0022598337212211	-9.454576445619986e-05	8.938901576607225e-09	5.106848447568004e-06	0.0016800756489383	-9.69187864776999e-05	2.82265418615545e-06	9.393251172309984e-09	0.001393104491611	0.000126693252735	1.605118028857459e-08	1.9407401245467426e-06
808.8600604446277	1.079013015570581	1.164269087770719	654254.5973824868	1329.0318201858154	-0.3242659683489819	1766325.5790664216	0.1051484182293029	827.5505533914359	1.7070683586526911	684839.9184184717	2.914082381113193	894.5858317938105	630.0231956961733	0.906362	23.542549	0.0878811493613802	0.0523581562393299	-0.0555289229	0.0030876304	0.0435952199	0.0933126114	0.1346817843	0.0336662147	-0.074656964	-0.0001435129	-0.0817022882	-0.0258190178	0.0465325486	0.0204070952	0.0472103588	0.0797043814	-0.0755703159	-0.0474910673	-0.038999454	0.0386946847	0.0356269355	0.0016343648	0.0522493741	-0.0576495286	-0.0162002443	0.0491166593	-0.0136848413	-0.2110326146	-0.1391671933	-0.1127637807	-0.1441784178	0.0176576894	0.1193081642	0.0188878949	0.071589327	0.0503301282	-0.232307948	0.0962289157	-0.0080644138	0.1641000307	-0.1750620927	-0.1128239617	-0.0633481345	-0.1218461547	0.0942343912	-0.0210959923	0.0034981007	0.117666268	-0.1129059554	0.0846251344	0.1132743913	-0.0135870692	0.0090821378	0.0041479285	0.0504942912	-0.0189332563	-0.0042596778	-0.0395068569	0.0543348316	-0.0359336794	0.0080503324	0.0706034316	-0.0921260856	0.0358732102	0.2647966413	0.139037027	0.0589812914	-0.0536444491	0.1023432296	0.0395769666	0.0858432019	0.0992971451	0.0463002326	0.0751757122	0.0777613367	-0.1674833954	-0.1340306444	-0.0936799844	0.0482844737	0.0359724862	-0.0122902833	-0.0969936744	0.0229309504	-0.14592168	0.1593291745	-0.0465006681	-0.1061192952	0.2053669666	0.0441273007	0.0699467542	0.0796835316	-0.0630746997	0.0052424093	-0.0994914879	0.0289772606	-0.0141220572	0.1683860495	0.1067636504	-0.0222867143	0.1035048504	-0.1531217483	-0.0633650531	-0.0243990309	-7.87387e-05	0.0125898202	0.0491322807	-0.1751914638	-0.0993492886	0.097888979	-0.0419151731	-0.0033789994	0.0644762758	0.033828903	-0.1119858834	-0.0922728684	0.0638298824	0.0	0.0368212489817523	0.0022543516052309	0.0013558043765761	5.082101160007144e-06	0.0555423827610468	0.0470868350844711	0.0030849562827746	0.0022171700382721	0.0987018380203892	8.671137989330058e-05	7.518863403000292e-09	0.0097420528286031	0.0020201849537623	-0.0002396487674587	5.743153174452196e-08	4.081147247407586e-06	0.0020827846360322	0.0004027089870938	4.337991840091784e-06	1.6217452828619474e-07	0.001266397220328	-0.0001267072712829	1.6054732595983748e-08	1.603761919654485e-06
805.9023449184577	-2.957715526169977	8.748081133746945	649478.5895450688	1336.0583619973097	7.026541811494326	1785051.9466629345	49.37228982867797	826.6079569257928	-0.942596465643078	683280.7144530333	0.8884880970428221	896.1378996805344	623.463282958321	1.03062	26.770115	0.1643173118905848	0.0985333795101655	0.0913336636	0.0542930489	-0.1044724624	0.1686464145	0.0039450142	-0.1122715299	0.0767143584	0.0462888732	-0.1240160443	-0.1769469993	0.0171348333	-0.1748892435	-0.0699680667	0.0221536304	0.0889236617	0.1525424218	-0.0527035256	0.065151957	-0.0733721128	-0.0335096776	-0.124033541	-0.0682903386	0.0140165987	0.1563764433	0.132081929	-0.2525738049	0.0147014109	-0.0451667911	-0.027543161	-0.1600400334	-0.022581698	0.0657990661	-0.0717003553	0.0901028159	0.0095461535	0.015435265	0.0237820955	-0.0196195521	0.0987828663	0.0316970984	-0.2048431056	-0.002695369	0.0473843531	0.0893617223	0.049105217	0.0337364595	-0.0470596713	0.0442966019	-0.1304988378	-0.0930560925	-0.0436797105	-0.0949185578	-0.0554261801	0.0782811506	0.0931345402	-0.2319087094	-0.1494909549	0.0096051371	0.1196096542	0.1493523652	0.1069039142	0.0957775141	0.0109258934	-0.0183577419	0.0804783362	0.0730609898	0.0654751828	-0.1227180403	-0.063462419	-0.0492211724	0.046237635	-0.0785568791	0.015172754	-0.0206765481	-0.1489508349	-0.0473112687	-0.1341592811	-0.1408743175	0.0544548533	-0.0943891816	0.0421396684	-0.0713914165	0.1185555734	-0.0022754618	-0.0768728839	-0.093601411	-0.1185059151	0.0062670295	-0.0303331429	-0.1475152713	0.0501237495	0.0931268677	0.0446007544	-0.097626262	0.0505518289	0.0925769433	0.0897371428	0.0532674274	-0.2742116285	-0.0892314653	-0.0366723427	-0.1730952674	-0.1574430775	0.004802283	-0.1266003493	0.004500662	0.1447631597	0.0086296999	-0.0468420276	-0.0027129377	0.0305135671	-0.1152767764	-0.0847790013	0.0753678766	0.0	0.0345408974966545	-0.0022803514850977	0.0011930735998743	5.20000289558772e-06	-0.036684901490787	-0.0922272842518338	0.0013457819973887	0.0085058719604685	0.1247654429924125	0.0260636049720233	0.0006793115041376	0.0155664157650929	0.0024248813754575	0.0004046964216952	1.6377919373289913e-07	5.880049685040657e-06	0.0016821257716297	-0.0004006588644024	2.829547111580814e-06	1.6052752562430073e-07	0.0013359633578629	6.956613753489999e-05	4.839447491524621e-09	1.784798093552315e-06
805.7817393588393	-0.1206055596184114	0.0145457010108702	649284.2114841564	1324.0768527919074	-11.98150920540229	1753179.5120993224	143.5565628391398	826.0344252727441	-0.5735316530486898	682332.8717356727	0.3289385570487627	892.7556687459206	607.4149889738663	1.14932	29.853308	0.1189637105704171	0.0625729899585417	-0.1451209434	-0.1231286703	-0.0835909182	0.0502307702	0.080078139	-0.0881293112	-0.0539193431	-0.0417426151	-0.020076046	0.1141354404	-0.0195303521	0.2047952326	0.0807223678	0.0513180761	-0.0411614301	-0.0849897781	0.0362260441	0.0405988933	0.0463401139	-0.1538464127	0.0306925481	-0.008342164	0.0146077536	-0.0064798104	-0.1315235271	0.1998729409	0.0393260366	-0.0787255303	0.0668781708	-0.1464843862	0.1144617033	0.0966407153	-0.0509033319	-0.0615756362	-0.0212585334	0.1203008717	-0.0073450555	0.0319907553	-0.0239617473	0.0152131574	0.0388303274	0.0131602824	-0.002625008	0.0350165902	0.1236570668	0.1118016639	0.0005690033	0.1452083356	0.0974174301	0.044305183	-0.0575440704	0.065441935	0.0473040283	-0.0684456241	-0.0655777308	0.0793596979	0.0977452333	0.0308134906	0.0140778374	0.0206604121	-0.1236738387	0.1189537208	-0.0980597332	0.1300556303	0.1406498422	0.2052989093	0.0422264567	0.0965626755	0.0451008154	-0.1073360555	-0.0362521045	0.0532745928	-0.0887384866	0.0445122391	-0.1080815009	-0.1500785134	-0.0745971905	0.0364960628	-0.1100950964	-0.0436866599	-0.004347784	0.0417152816	-0.0221907981	-0.0085290828	-0.0235525142	0.0410765399	0.0773275179	0.0643766636	-0.0106613739	-0.1238945265	0.1134373815	-0.0860950823	-0.1936357228	-0.0981643827	0.0429787405	0.2647460906	-0.057332955	0.1487617481	0.2571850385	-0.2169660297	-0.1455880744	0.294530356	-0.2893959104	-0.1143670971	-0.0316525164	-0.0149371132	-0.0762793374	-0.1873076229	-0.0741953395	-0.0265770149	0.0271769657	-0.1182463722	-0.0767536265	0.0860662011	0.0	0.0588136536593424	0.0242727561626878	0.003459045856761	0.0005891666917333	-0.0366766862401419	8.215250645100813e-06	0.0013451793135578	6.749034316182933e-11	0.0777396849523484	-0.0470257580400641	0.0022114219192426	0.0060434586164903	0.0020653794159263	-0.0003595019595312	1.292416589067726e-07	4.265792131732064e-06	0.0017009776192979	1.8851847668200023e-05	2.893324861352352e-06	3.5539216050501864e-10	0.0019107491730039	0.000574785815141	3.303787332873039e-07	3.650962402135088e-06
810.5309144569738	4.749175098134515	22.55466411274098	656960.3632904582	1329.476747335847	5.399894543939581	1767508.4217067035	29.158861085668452	827.929175232054	1.8947499593099335	685466.7192004293	3.590077408304996	896.5553523842467	630.3797689046919	1.355837	35.217548	0.2283099511399998	0.1328734167167125	0.1219316337	0.0455675293	0.0451022701	0.1618455913	0.0231953131	0.0226742779	0.010509718	0.0560067008	-0.0031778725	-0.0689824877	0.0297392048	0.0754778555	-0.2774051312	-0.0241228708	-0.0189134459	0.1128600158	-0.1935644637	-0.0289750404	0.1153549733	0.1086793185	-0.111793003	0.0931379353	0.1809062026	-0.0379624716	0.090671315	-0.0411525139	0.0281244482	0.1316332547	0.1220101012	0.0238457607	-0.0857144623	-0.0460348831	0.0204079537	0.2996397546	0.0759954461	-0.0109274078	0.0920780482	-0.0564345556	-0.03006021	0.2138711325	-0.1062522521	0.1112981661	0.0552348192	0.012447115	0.0907405625	0.1112851163	0.0046017618	0.1662941357	0.1344026448	-0.0362319037	-0.0432337072	-0.0062315087	0.0329955752	0.0919152305	0.1333599401	-0.2209086949	-0.0840953402	0.0002411407	-0.143244042	0.0803767332	0.0459598142	0.0651045901	-0.1490177208	-0.2616870287	-0.0963221552	-0.1544724061	-0.0033682028	0.037108961	-0.1177659301	0.2144578646	-0.0125460515	-0.1213073511	-0.0462480113	-0.1202275646	-0.1280410184	0.0327073717	-0.1724619925	-0.0780858867	0.0307455289	-0.1086784039	0.0531835477	0.1957981214	-0.2091661176	0.1492931491	-0.0756480777	0.0754059988	-0.1816208535	0.0501002813	0.1361870051	0.1066981745	0.261024505	0.1204898627	-0.1641216612	-0.0587423193	0.2096636473	0.0046961118	-0.0035864839	0.0958152697	0.2893867048	-0.1246196242	0.206481857	-0.1855933561	-0.2917582931	-0.1951373986	0.1310612696	-0.0947136935	0.0402846487	0.1010795364	0.0086927691	-0.0551373495	0.0238214243	-0.1208863942	-0.0682470576	0.0958056664	0.0	0.0709592851528242	0.0121456314934817	0.0050352201493998	0.0001475163643754	0.0791564090119862	0.1158330952521281	0.0062657370876728	0.0134173059556885	0.1043463788268184	0.0266066938744699	0.0007079161589297	0.0108881667742698	0.000814162507321	-0.0012512169086052	1.5655437523798032e-06	6.628605883272174e-07	0.0019222821486419	0.0002213045293439	3.69516865898732e-06	4.8975694708169323e-08	0.001912718345453	1.9691724491000245e-06	3.8776401342945876e-12	3.658491469032462e-06
809.2971396732147	-1.233774783759145	1.5222002170399251	654961.8602832467	1337.3019974436547	7.825250107807733	1788376.6323667888	61.23453924974493	828.4322874531944	0.5031122211403272	686300.0548949321	0.2531219070607534	897.9664175468579	621.5546402901596	1.392873	36.179543	0.3215608670403979	0.1683222379472296	0.0097116514	-0.0238838146	-0.2009123217	-0.0955504283	-0.0683112926	-0.116759162	0.1797069913	-0.1096871442	-0.0393109742	-0.1116296189	-0.1020663017	0.087225353	0.0415920127	-0.089889619	-0.1155561242	-0.0194546069	0.1554721783	0.0500259468	-0.1101496547	0.0596623274	0.061191544	0.0346739864	-0.1175169784	0.2556896066	0.0437810594	0.1802228904	0.0336477563	0.0620455952	0.0484356447	0.0759914539	0.0834297226	-0.1594605387	0.0802375288	0.0260997129	0.0881858545	-0.0083818641	0.053720175	0.1071616095	0.0618916974	-0.075515426	0.1196554159	0.0228482025	0.0280028169	0.1480140853	0.044964807	-0.1022293861	0.1014006393	-0.1307327723	-0.1878923898	-0.2007215304	-0.0855197526	-0.0778891182	-0.1444848156	-0.0978670518	-0.159625025	-0.1461473029	0.018624982	-0.0960793949	0.0869775463	-0.1609400817	-0.121471274	0.1792617149	-0.0145983255	0.0762466416	-0.0392508827	0.0131297973	-0.0934123858	0.1225375037	0.0862622209	-0.0356764374	-0.0104924945	-0.0824766052	0.0456431811	-0.0971201156	0.1159541527	0.0251456124	-0.0199261564	-0.0406846638	-0.0725674333	0.1947631615	0.1029528672	-0.1595765344	0.0461808888	0.2716148426	0.0801404794	0.0439000791	0.0405483728	-0.0298307639	-0.2167560068	-0.0373159718	0.095246364	0.0087500058	-0.144972763	-0.0919665911	-0.0449630028	-0.0680294179	-0.0322819963	-0.0538451272	0.1280307331	0.0510218599	0.0607249949	-0.1905206853	-0.1571636739	-0.0484608929	-0.0355718021	0.3150986417	-0.0014259334	0.0886177161	-0.0375628635	-0.0628063977	0.0204492814	-0.1231894842	-0.0593126253	0.1044777656	0.0	0.0766901676231128	0.0057308824702886	0.0058813818100611	3.284301388826124e-05	-0.0505358794164294	-0.1296922884284156	0.0025538751083918	0.0168200896777993	0.0589765454243647	-0.0453698334024536	0.0020584217829664	0.0034782329101921	0.0026576512595498	0.0018434887522288	3.398450779594098e-06	7.063110217386639e-06	0.0026478773376477	0.0007255951890058	7.011254395228272e-06	5.264883783083627e-07	0.0021589916590032	0.0002462733135501	6.065054496699508e-08	4.66124498364539e-06
808.8062944009619	-0.4908452722528409	0.2409290812929655	654167.6218626153	1323.8101589556825	-13.491838487972243	1752473.336954269	182.0297057855292	826.9935246755385	-1.4387627776558247	683918.2898552705	2.070038330367904	892.9698926993663	618.2211735022735	1.284247	33.358006	0.2573277256443255	0.1354741447612148	-0.1798300298	0.0785146414	0.0019214607	0.1049400147	0.1594429896	0.0151438809	-0.1380348849	-0.0832682685	-0.0537240213	0.1121229081	-0.0895889345	0.0056994746	-0.0835689716	0.1979621495	-0.1151492649	-0.0315933463	-0.0331311507	-0.2626497913	0.0218666816	0.0141991546	0.0631370391	-0.1242979137	0.0526611096	0.1261498943	0.0494959711	-0.1006886589	-0.0234366996	0.0513052445	0.0274152004	-0.0458510151	-0.0006018477	-0.1445730002	0.0289923629	-0.045538294	0.0724173363	0.0552200033	0.1082313957	-0.0621184561	-0.0501361434	-0.0481479882	-0.0107299605	0.0493533928	0.2184709636	0.0902441821	-0.0021145542	-0.0357371034	0.0641384637	-0.0799703576	-0.0252352573	0.1138787524	-0.024275588	0.0977313404	0.1456044691	-0.0846218535	-0.0271098358	0.0011838735	-0.1429600562	0.0593978365	-0.1308151249	0.0605529132	-0.1408459228	0.0688410469	0.1458599324	0.062010225	-0.0201066219	0.0666520754	-0.0141937002	0.0600403021	-0.0344964201	0.1098510088	0.0129951873	-0.0775505444	0.0940805723	-0.0665108044	-0.0700526066	-0.0649688439	0.0984573673	-0.1759213013	-0.0105721132	0.0777568547	-0.1542733479	-0.1220133724	-0.0728993486	0.0233333799	0.124333236	-0.1603977308	0.0885002627	0.1424956741	0.0894322359	-0.0569779637	0.1218702341	0.0474947653	-0.1138998913	0.1044324804	0.0875344624	0.1116081074	-0.0147076361	-0.0210272416	0.1172318112	0.0133542259	-0.0637243115	0.0335923193	0.0365815121	0.1425852922	0.0012021181	-0.0944527022	-0.0451138249	0.0139855864	-0.0339823056	-0.0556340069	0.017062887	-0.125149223	-0.0500063424	0.1119858834	0.0	0.0640692617913316	-0.0126209058317812	0.0041048703064861	0.0001592872640146	0.0160113476631522	0.0665472270795815	0.0002563632539903	0.0044285334319813	0.1204093451795174	0.0614327997551527	0.0037739888857566	0.0144984104065601	0.0007469518854692	-0.0019106993740806	3.650772098111997e-06	5.579371192059928e-07	0.0027606960942658	0.000112818756618	7.621442924894443e-06	1.2728071844854077e-08	0.0018479739301457	-0.0003110177288575	9.67320276636774e-08	3.415007646498144e-06
809.868650087168	1.0623556862061605	1.128599604014562	655887.2303940118	1329.8988568938476	6.088697938165069	1768630.9695675625	37.072242582215566	826.4027834559333	-0.5907412196052064	682941.5605037143	0.3489751885406467	894.2802787504428	628.6361207310457	1.074074	27.898823	0.1597350962101685	0.0978824502329705	0.0457657373	-0.033510187	0.0050200422	0.1135346871	-0.1001271863	-0.034391367	-0.0082492034	0.1157917247	-0.0231861486	-0.0361220435	0.07353985	-0.0510521143	-0.0091333346	-0.016933883	0.0810420859	0.0530133856	-0.1504047958	-0.0751548547	0.048095536	0.0333532111	0.0242237164	0.1083722937	-0.0480816057	0.1538859165	-0.1569746709	-0.1824118135	-0.0908285931	-0.0641653002	0.116414147	-0.0562490189	-0.031594764	0.0649640585	-0.0693595333	-0.0095796495	0.0383393145	0.1271857662	0.1051388061	-0.0364673059	-0.0725946062	0.023321472	0.0010226661	-0.2281129886	-0.0479641751	0.105847814	0.0396703143	-0.1258525094	0.0088533795	-0.0648389745	-0.0303250554	-0.0188097703	0.1003932464	0.0770515676	-0.0130844116	0.0866772796	0.1260490153	0.0181054676	-0.0078337688	0.062006898	-0.0358320345	-0.0687316701	0.024168661	0.1622611349	0.1343417628	-0.0589566545	0.247182857	-0.0211458725	0.0653684015	-0.0223657453	0.0350922129	0.0192513071	-0.1119335891	-0.0884679426	0.1255762037	0.0274286257	-0.0318858001	0.0755565354	0.0136115565	0.0160909516	-0.1212628031	0.0817611382	-0.1180564513	-0.0790035463	0.1282326474	-0.1635753843	0.0205044573	-0.0282335507	-0.0861931165	0.020172867	0.0803460865	-0.1386967675	0.1030960767	0.0296531779	-0.1110626505	-0.0635382162	-0.0601764883	-0.046110791	-0.0542360732	-0.119483402	-0.0423470546	0.1370854343	0.0344037598	0.0405668944	0.1467457106	0.0408581029	0.0318889837	0.0678568769	0.130897636	-0.0059748282	0.0931075461	-0.1161559459	0.0136646012	-0.1267601484	-0.0403865531	0.1182463722	0.0	0.0535612669135048	-0.0105079948778267	0.0028688093133797	0.0001104179563524	-0.07504047756575	-0.0910518252289021	0.0056310732732958	0.0082904348775145	0.1244510247264969	0.0040416795469794	1.6335173560472382e-05	0.0154880575554751	0.00151714958401	0.0007701976985408	5.932044948375452e-07	2.301742860261716e-06	0.0030389406686159	0.0002782445743501	9.235160387367652e-06	7.742004315526832e-08	0.001882203588384	3.422965823830001e-05	1.1716695031108195e-09	3.542690348125606e-06
807.444922673235	-2.4237274139329656	5.874454577050181	651967.3031507866	1330.5359110094837	0.6370541156361469	1770325.8104858368	0.4058379462489532	825.1669363890879	-1.2358470668453947	680900.4729097531	1.5273179726303654	893.9070396747168	623.261031968253	0.944755	24.53978	0.1003003492892891	0.056116036438753	0.0447824774	-0.1669296076	-0.0873856841	-0.030128975	0.0253811182	-0.0464781859	0.1318768335	-0.0422162953	0.0167306487	0.0771658235	0.0301750765	-0.0628040844	0.0972890258	0.0666763149	0.0854681946	0.0244442091	0.1606134837	0.0425102367	0.0150603975	-0.0811779728	0.1950497528	0.0985686004	0.0221543179	0.0218857039	0.1479533824	0.0676964198	-0.1269312112	0.0193103806	0.1668164159	0.1858957364	-0.0141827953	-0.1400616224	-0.039021814	0.088543218	-0.0634581946	-0.1259571587	-0.0968948054	-0.1100197253	-0.0214206591	-0.0332934706	-0.0623646045	-0.0034611843	-0.0030713291	-0.1003176644	-0.0980168061	-0.0920229233	-0.2016840575	0.0601216771	0.0261618439	0.121166224	0.0880911348	0.0170006171	-0.1528103255	-0.0100547668	-0.0594919441	0.0521801891	0.101981449	0.0016274877	0.0403280224	0.1209469921	-0.0471736035	0.1345831521	0.1204254303	-0.0616831862	-0.045019898	-0.0542651451	-0.0563969886	0.0380711537	-0.1190730736	-0.021943552	-0.0928960175	-0.0920325061	-0.1237359809	-0.1564503109	0.1485211312	0.0068449301	0.1419588888	0.0586255233	0.0624638187	0.0699073835	0.0262684231	0.1486722194	-0.027150837	-0.1970295571	0.0500911034	0.0007379984	-0.0910847475	0.0556263272	-0.0590470131	-0.1324876643	0.1291331552	-0.1497963692	-0.0527210598	-0.0690067751	-0.0214336681	0.0807311988	-0.0067507153	-0.026479019	0.0002036293	0.0998278711	-0.079189752	-0.0159318179	0.2570728629	0.0590234835	0.1090652756	0.0303229106	0.0588809565	0.1075115705	-0.0867887997	-0.0093635788	0.0102567923	-0.1280177706	-0.0305135671	0.1231894842	0.0	0.0458691797789896	-0.0076920871345152	0.0021039816535972	5.9168204484974336e-05	-0.0258782932586143	0.0491621843071356	0.0006696860619788	0.0024169203658487	0.1364715938164451	0.0120205690899482	0.0001444940812462	0.0186244959188007	0.0018813661358255	0.0003642165518154	1.326536966163727e-07	3.539538537030973e-06	0.0031161058411945	7.716517257859998e-05	9.710115613526482e-06	5.954463859085119e-09	0.0016950751376243	-0.0001871284507596	3.501705708372543e-08	2.87327972219204e-06
807.7634321554267	0.3185094821916436	0.1014482902459889	652481.7623275146	1327.8174114423928	-2.71849956709093	1763099.0781295763	7.390239896273575	826.2714107596192	1.1044743705313067	682724.4442386915	1.219863635160526	893.3068701890342	615.5521937127439	0.960464	24.947824	0.1018478673373576	0.0753692356518241	-0.0356611738	0.0261441241	-0.2295610594	0.0133522824	0.0314624287	0.0389195993	0.0206815676	-0.1525325292	-0.0698608711	0.0561598034	0.1651729347	-0.1510018242	-0.1475736956	0.0235785087	0.011087648	0.0138300001	0.1887316173	-0.0462386704	-0.016727772	-0.0359241675	0.1827520135	-0.2095203573	0.0541950908	-0.0214642017	0.0191435329	0.0229538828	0.0162149688	-0.0917726522	0.0525732953	-0.0290868164	-0.0810935457	-0.0264954673	-0.0149930754	-0.0338936699	-0.0107021518	0.0049146157	-0.0761914906	-0.0179907966	-0.1233051819	0.267909057	0.0139915615	0.0641837714	-0.0606001184	-0.0495606263	0.0743169339	0.0163478322	0.0372165884	-0.1873987921	0.0545207107	0.1415077572	-0.0996651206	-0.0186425559	-0.0339283143	-0.130858343	-0.0687756842	0.0140593339	-0.0527330491	0.0134405608	-0.0854255992	0.2381925573	0.1151263631	-0.0277123305	0.0683321681	0.0710289598	0.1071425107	0.0999046821	-0.0222156176	-0.0336172237	-0.0901058772	-0.0453326958	-0.0438594759	0.004817831	-0.1059036418	0.0145569979	0.218923184	0.0008058283	-0.0154274373	-0.0433160388	0.0635036266	-0.0674369704	-0.0915411737	0.0655133629	-0.0075092239	-0.0624329921	0.0094077972	0.0698061996	-0.0233250682	0.1667817189	-0.1533978968	-0.0459072091	0.1472118982	0.0606940187	0.0551397795	0.0181418955	0.0102820892	0.0261369592	0.0539036608	-0.0840978774	0.0291475138	0.1027303163	-0.2241503973	-0.1353135631	0.0804810541	0.0159429725	0.0833772727	0.0342283465	0.0479252013	-0.010227853	0.0700974566	-0.0342742513	0.0068418353	-0.1289185842	-0.0204492814	0.1267601484	0.0	0.0457776641750484	-9.1515603941196e-05	0.0020955945373235	8.375105764721852e-09	0.048840164886073	0.0747184581446873	0.0023853617060987	0.0055828479875193	0.135854879192486	-0.000616714623959	3.8033692740501044e-07	0.0184565482004049	0.0017078039910341	-0.0001735621447913	3.012381810459088e-08	2.916594471792e-06	0.0031666945528574	5.05887116628999e-05	1.0027954391096728e-05	2.559217747712024e-09	0.0013908024147832	-0.0003042727228411	9.258188986513692e-08	1.93433135696678e-06
812.0974380659818	4.334005910555106	18.783607232726595	659502.2489133312	1326.2056736110412	-1.6117378313515474	1758821.4887181155	2.597698837009789	828.359934850087	2.0885240904677858	686180.1816648404	4.361932876464292	894.5445775591727	624.5895118891082	1.171846	30.438435	0.1184030008550785	0.056501624788655	-0.1960433191	-0.0886160204	0.0356682537	-0.0355526045	0.0649625171	0.1048481391	-0.1974020263	-0.104298491	-0.0951695734	0.1544362633	0.0397876271	0.0524320644	-0.1209399639	-0.1073695126	-0.1977023385	-0.0860551278	-0.0491007461	-0.0592111591	0.0792646219	-0.141010055	-0.1008746659	0.059584122	0.1103187009	-0.2154695479	-0.0512584339	0.0473815557	0.025055719	-0.1184535276	-0.0217302794	-0.0045303388	0.2244615448	-0.0627271144	0.0030500013	-0.0672310846	0.0922621092	-0.0210411454	0.0626715312	-0.0334223034	-0.056410773	0.0248305513	0.0346061087	0.0172560569	-0.0571726215	-0.1509411759	0.2219671183	0.0141682162	0.0002603013	-0.0026807133	-0.0682322445	-0.1178464346	0.0168530236	-0.008953298	0.2127712055	-0.1209408235	0.0283241454	-0.0173235534	0.0516281662	-0.0289081357	-0.1353372616	0.039196216	-0.0502176463	0.0510562904	-0.1907609394	0.0404848911	0.0254706155	0.1111402955	0.1868548182	-0.0648157573	-0.102287485	0.0634499813	0.0448123757	0.0695045905	-0.0289159473	-0.1163912875	-0.0898635586	-0.0208468195	-0.0197050465	-0.0237905294	-0.1365439168	0.1302330853	0.0227975012	0.0406261754	-0.0461886976	-0.0630529296	0.0005826694	-0.0512896991	0.1173071151	0.1960542337	0.1057870591	0.0198365213	0.091846798	-0.1072900264	-0.0024860492	0.0891491746	-0.0665639637	0.0547443573	-0.119750792	-0.0289570693	0.1035605288	0.0325307311	-0.1208818184	-0.0317809487	0.1633343722	0.0131318539	-0.0029705266	-0.0363369925	0.0537787739	-0.0383016325	-0.0733116111	0.1314852722	0.0034221101	-0.1294600787	-0.0102567923	0.1289185842	0.0	0.0521629564302514	0.0063852922552029	0.0027209740235443	4.077195718435539e-05	0.073797796027037	0.024957631140964	0.0054461146984481	0.0006228833521684	0.1202970294420495	-0.0155578497504365	0.0002420466888571	0.0144713752925813	0.0007831345055148	-0.0009246694855192	8.550136574505268e-07	6.132996537279104e-07	0.0033521744328692	0.0001854798800118	1.1237073428381943e-05	3.4402785889191764e-08	0.0017106976034216	0.0003198951886384	1.0233293171399752e-07	2.926486290352406e-06
811.4644191826422	-0.6330188833395596	0.4007129066644629	658474.503599423	1325.0970593481948	-1.1086142628464586	1755882.2166932332	1.2290255837865969	827.5811508449577	-0.778784005129296	684890.5612338646	0.6065045266452274	894.0254847381367	635.2089736831855	1.0635	27.624159	0.2042768865416525	0.1207941251999226	0.0423716137	0.058064389	0.0825606439	0.0198834719	0.0456772805	0.1245215354	-0.0403606772	0.114292411	0.0243359332	0.1329626271	-0.031286573	-0.1357836815	-0.0935753868	0.0043663562	-0.0121433572	0.0807601249	-0.1008895638	-0.0126925529	-0.021077523	6.843e-05	0.1122701969	-0.0634366026	-0.0226854286	-0.1069100048	-0.0267129504	0.1073149336	0.0714274833	-0.0259605628	0.1023793242	-0.0361628115	0.0698761329	-0.0414700179	-0.1496841911	0.0738547855	0.0338077906	-0.0325234149	-0.0948157747	-0.0921608579	-0.0994678548	-0.0845055444	-0.0354535197	0.0436936322	0.0682952074	-0.0821092564	0.0334832907	-0.1226635318	0.1128555138	0.1090614804	-0.0119278295	-0.0699570692	-0.051873502	0.1050507909	0.025689149	0.0194358399	0.1078812359	0.1013268829	-0.083329059	-0.1302098971	-0.0535590379	0.0182611947	-0.0971305587	-0.0501899882	0.0352179868	-0.0173661683	0.0881258862	-0.0420364369	-0.0562813799	0.0324878205	-0.0071337145	0.0177133114	-0.1772384822	0.0253831504	-0.1096830873	0.0238750112	-0.0520370975	-0.0085386427	-0.0703984081	0.0626534824	0.0703285961	0.1982026425	-0.0642284597	0.1172376939	-0.0233889416	-0.0094394872	-0.0081097866	-0.0646187522	-0.0186920346	0.0360771255	0.0877942213	-0.1320747145	0.0656872377	0.0267050219	0.025434902	0.1900726454	-0.047343044	-0.0890278446	5.98466e-05	0.0071205458	-0.0768434103	0.0977672044	-0.0823662364	-0.1160086873	-0.0426617611	-0.0203016255	0.0083784463	-0.0363192423	0.0496350632	-0.1120731585	0.0354212961	0.101074762	0.0	-0.1296407447	-0.0	0.1296407447	0.0	0.0559364702531581	0.0037735138229067	0.0031288887043824	1.423940657166794e-05	-0.033896080944558	-0.1076938769715949	0.0011489443034	0.011597971137173	0.1128699378176136	-0.0074270916244358	5.516168999776573e-05	0.0127396228629519	0.0019110168185067	0.0011278823129919	1.272118511959958e-06	3.65198528061547e-06	0.0038092674798986	0.0004570930470293	1.451051873341303e-05	2.089340536426212e-07	0.0018333703258546	0.000122672722433	1.5048596829123866e-08	3.361246751724202e-06
811.661535403435	0.1971162207927363	0.0388548044996108	658794.4480534615	1328.220277530631	3.123218182436176	1764169.1056435462	9.75449181509993	826.1448462672488	-1.4363045777089385	682515.3070139361	2.0629708399476514	893.0410914224086	640.1585599768977	0.915028	23.767637	0.1076163961957798	0.0608533185577598	-0.0088294777	0.0613958797	0.0407214269	0.0689472011	-0.1531800025	0.031066947	-0.0383645	0.0891025805	-0.0350301755	0.0454413105	-0.1299975727	-0.0400184544	0.0806530048	-0.0298578486	0.0463272312	0.0798949989	-0.0866973889	-0.1030323051	-0.0623874128	-0.104427623	-0.1075654801	0.1121865458	-0.0826181329	0.0024225712	-0.1051181232	0.1465164536	0.0480295849	0.1453208682	0.0347843052	0.0251326563	0.1576297568	0.1206783129	0.0170396503	0.2023193518	0.1645742423	0.0132699925	-0.0276506715	-0.0227826861	0.1282874765	0.0166423967	0.0023150454	-0.0259876164	0.1158731601	0.0468224563	-0.13373323	-0.0935923083	-0.026268715	-0.0633973961	0.029628781	0.1282058888	-0.213499315	-0.0442344108	0.0292361085	-0.0050693913	0.0958558829	0.1276504589	-0.06544211	0.1153593767	0.1242127036	-0.1730536824	-0.0177924311	0.0427160433	-0.0473289964	-0.0620058314	-0.0271417634	-0.0336214815	-0.0109713118	-0.0876420304	0.0140249482	0.0175557329	-0.0019995915	-0.128874133	0.0167383714	-0.0707842302	-0.0111614979	0.055520316	-0.0354906032	0.075748442	0.1044916443	0.191365204	0.0649521225	0.1301522212	-0.0714884822	-0.0068520336	-0.0951099567	-0.0730754383	-0.009618793	0.0448496723	0.0790713162	-0.0257819717	-0.0227788946	0.116263265	0.0422582696	0.0214339435	-0.2027640799	0.020222536	-0.0334549907	-0.0038573315	-0.0041539196	-0.0741541069	0.1579218924	0.0535611128	0.0772847454	0.040449238	0.0957678409	-0.009048666	0.1962285819	-0.0044466474	0.0038840412	0.0089669495	-0.0034221101	-0.1294600787	0.0102567923	0.1289185842	0.0	0.0633929797706969	0.0074565095175387	0.0040186698842079	5.559953418514666e-05	-0.006001979638043	0.027894101306515	3.602375957548278e-05	0.0007780808876981	0.0993153848802776	-0.013554552937336	0.000183725905331	0.0098635456739176	0.0028263003117389	0.0009152834932321	8.377438729833381e-07	7.987973452135403e-06	0.0040641096445979	0.0002548421646993	1.651698720331367e-05	6.494452890862521e-08	0.0018292713350983	-4.09899075630004e-06	1.6801725220233177e-11	3.3462336174123167e-06
811.7091433616843	0.047607958249273	0.0022665176886645	658871.7334169593	1327.5977186878113	-0.6225588428196716	1762515.7026650808	0.3875795127729685	825.8623654818864	-0.2824807853623952	682048.6467193369	0.0797953940989555	893.8442982866322	639.203924383436	1.119756	29.085396	0.1475755530762077	0.1078431914753237	-0.0473084804	-0.1235799488	0.0700281616	-0.1740569355	0.1176252994	-7.65447e-05	0.0238278267	0.0300236752	0.065936767	-0.0250377799	-0.1547608377	0.1254490574	-0.0145992753	-0.1987272469	0.0088609448	-0.1437422645	-0.0261736816	0.2389921836	0.0603903749	-0.0349406473	-0.0317833418	0.0084929081	0.0252353284	-0.102879793	-0.0351826352	-0.0015280257	0.1001066594	0.0680570837	0.0939769252	-0.0385181112	-0.0040701169	-0.0379770224	-0.1252866374	0.0436334116	-0.2117673308	0.0608255692	0.0265785521	0.0582374751	-0.1196962638	-0.049234369	0.0338257001	-0.1085849868	-0.0721942292	0.2196549872	-0.1784629167	0.0513749855	-0.0345586999	0.0298537619	0.075345071	0.0300783306	0.0113294688	-0.0910595341	0.0048056544	0.0506056493	-0.057257307	-0.0105268945	0.2175266307	-0.0656898991	0.0635947359	-0.0302470772	-0.1171654778	-0.0602854407	-0.0878473823	0.0314507143	0.1876157052	-0.020163869	-0.0496477945	-0.0980885438	-0.1163202526	0.0802342244	-0.1116508475	0.1567282945	0.1510914728	0.070253016	0.155150925	0.01932517	-0.1251703273	0.0294541242	0.0292089812	-0.1319836938	0.0997216795	0.0874298717	0.1108885606	0.0479607754	-0.0557908123	0.1085709028	0.1545927775	-0.0545380358	-0.0005546829	0.02635005	0.0312681065	-0.2472797321	0.0793850353	0.0808023586	-0.0944583852	-0.0911579781	0.0221816721	0.1204800456	-0.0806600353	0.092324566	0.0060177545	-0.0661716145	-0.0513581509	-0.0780680618	0.0236679309	0.1829228307	-0.104839208	0.0980728585	0.1310437831	0.0319848694	-0.0068418353	-0.1289185842	0.0204492814	0.1267601484	0.0	0.0674274714476581	0.0040344916769611	0.0045464639058247	1.6277123091469167e-05	0.010059372737345	0.016061352375388	0.0001011909798688	0.0002579670401263	-0.0003588218507459	-0.0996742067310234	0.0099349474874588	1.2875312057271296e-07	0.003368322119418	0.0005420218076791	2.9378763999971974e-07	1.134559390016057e-05	0.0040521018505994	-1.2007793998500271e-05	1.641952940763108e-05	1.4418711671041914e-10	0.0018271908909192	-2.080444179099975e-06	4.3282479823509694e-12	3.3386265518581e-06
809.2020313893108	-2.5071119723734228	6.285610442018154	654807.9276045872	1312.8051395743985	-14.792579113412785	1723457.3344929558	218.82039682657617	824.3892943252473	-1.4730711566390935	679617.7085980793	2.1699386325220376	890.7741832938245	640.428318509404	1.169027	30.365213	0.0785723082113689	0.0385950112130818	-0.0333085622	0.1633839938	0.1897858514	0.0279617797	0.0422082785	-0.0004493604	-0.1498514449	0.0536033687	0.2424411823	0.031895944	-0.2502569128	0.0730170261	-0.2515610158	0.1286469736	0.0929269427	-0.1403211996	-0.2333755636	-0.1405316162	0.0099310856	0.0149338702	-0.0797268951	-0.1447466046	0.0004536213	-0.0716417355	0.060498951	0.0525261374	0.1374619202	0.1807996535	0.0385042295	-0.1164683203	-0.1606549202	-0.0923292654	0.0017059988	-0.09608833	-0.1809746383	-0.0996726513	-0.0791175438	-0.1112017752	0.0147092604	-0.1333245384	-0.0687878736	-0.0738520664	0.0183897766	-0.1292130914	-0.060868613	-0.0878671146	-0.1021183725	-0.1286147236	0.0435856057	-0.0142117258	-0.002432155	0.0116461965	0.1641233478	0.1897647991	-0.00498492	0.0815624757	-0.1218331432	0.1097488432	-0.0407875026	-0.0162255051	-0.1193841656	-0.0715216962	-0.1998035221	-0.0324362324	-0.0798046422	0.0144851388	-0.2772572992	0.0043584417	0.0305786039	0.1923670778	-0.0917188144	0.1341865727	-0.0293672326	0.0465804164	0.0305004237	-0.0070114677	0.025305459	-0.1600099811	-0.0271113752	-0.0733024443	-0.0769824403	-0.0218283781	0.0667189031	-0.0281544935	0.0005437597	-0.0605499557	0.112438725	-0.0774594792	0.2202888033	0.0685658481	-0.0026090434	0.1172782198	0.0444036615	0.1543434754	-0.039057048	-0.0055024706	0.0766887687	0.0109962292	-0.0334833174	0.0245303789	-0.0045239071	0.023032672	-0.0218816711	0.0992392258	0.2296311758	0.0544256849	-0.1298441135	-0.1083155482	0.0443674587	-0.0277066269	-0.0102567923	-0.1280177706	0.0305135671	0.1231894842	0.0	0.0729133977186649	0.0054859262710068	0.0053163635668802	3.00953870509226e-05	0.0346655830089446	0.0246062102715996	0.00120170264535	0.0006054655839301	0.0092526330824966	0.0096114549332424	9.238006593375156e-05	8.561121895931053e-05	0.0030823690499035	-0.0002859530695145	8.176915796476466e-08	9.500998959803004e-06	0.0045433472931786	0.0004912454425792	2.064200462643331e-05	2.413220848548343e-07	0.0018270150683025	-1.7582261670006337e-07	3.09135925432574e-14	3.337984059804389e-06
812.1545245158168	2.952493126505942	8.717215662064834	659594.9716915124	1331.820195044029	19.015055469630624	1773745.0319271155	361.57233451312953	826.6392814139642	2.249987088716921	683332.5015765951	5.062441899392845	893.4510672396027	634.7888412890227	1.184351	30.763231	0.1839773744141445	0.106594619549816	0.1108726652	-0.034111168	0.0148953869	0.0028651259	-0.1296408283	0.1042254643	0.1447518379	0.3586065604	-0.0076323637	0.0562154303	-0.0558997366	0.0902138026	0.2001629701	-0.0149251996	0.0172886258	0.0485855196	-0.0183911801	-0.0198703086	0.103166724	-0.0169577899	0.0046178332	0.031037096	-0.0144257476	-0.0482137947	-0.0728674145	-0.0617870331	0.0799109273	0.0803518447	0.1322424088	0.0183317791	0.0874989536	0.1372197257	0.0190276291	-0.0233266905	-0.0515931494	-0.0481154994	0.1736291677	-0.0084074757	0.1330190719	0.0457542487	0.0394013839	-0.0172033848	-0.0386972739	-0.0960293387	-0.0955937398	0.0506207786	0.1309358206	0.0586086564	-0.0271505666	0.0957873425	0.1269185998	-0.0772849574	-0.1199574865	0.0152814145	0.1748586824	0.1577746573	0.1301773309	0.0644695494	0.0165371981	-0.2180609673	-0.0530878215	-0.0695079701	0.1057593181	0.0372111602	0.0039799981	-0.0536527018	-0.1246979324	-0.0132433198	-0.1353106263	0.0171866341	0.0231533981	-0.1171963522	-0.0491895364	0.1552858881	-0.0717205472	-0.0367584671	0.1213116475	0.1284475957	-0.0314689458	-0.2062368197	-0.1777338251	0.0538461954	-0.1166419577	0.0774726491	-0.056380147	-0.0810775488	-0.1094943235	0.0229428715	0.0509988952	0.1155834757	0.0645862544	0.0480940264	0.1547751375	0.0159965078	-0.1164247382	-0.1546573253	0.0002402739	-0.061594543	0.1169044718	0.102136788	-0.0117490194	0.0446149578	-0.0311521793	-0.0279253027	-0.0215940324	-0.0195947242	-0.0087993119	0.0259876299	-0.0155278989	0.1058790888	-0.0136646012	-0.1267601484	0.0403865531	0.1182463722	0.0	0.0701309168775026	-0.0027824808411622	0.0049183455020791	7.742199631435241e-06	0.1013191837203066	0.066653600711362	0.0102655769897492	0.0044427024877896	0.0879432240808668	0.0786905909983702	0.0061922091116727	0.0077340106617375	0.0027186476243624	-0.000363721425541	1.3229327539764978e-07	7.391044905451322e-06	0.0046089056015228	6.555830834420028e-05	2.1242010843748247e-05	4.29789179295324e-09	0.0021147493716822	0.0002877343033797	8.279102934140138e-08	4.4721649050302605e-06
815.7827243383018	3.628199822485044	13.163833951880504	665501.4533288217	1332.6254371564412	0.8052421124120883	1775890.555756396	0.6484148596018823	829.9364593927206	3.297177978756394	688794.526629325	10.871382623596103	896.1672346701241	639.9934828148125	0.988265	25.669964	0.1867776167767159	0.0976644231507014	0.1027261442	0.0353174257	-0.0518359948	-0.1604482499	-0.0338984151	0.2234115441	0.1656817694	0.0113014216	-0.0172257001	0.2429121108	0.0327144533	-0.0903468254	0.1229722499	-0.10032251	-0.1259313496	0.1857155742	0.01327875	-0.0034801169	-0.0650644972	0.0266606841	0.0847870511	-0.0280431264	-0.0167788259	-0.0692035258	0.0500962605	-0.0900485013	0.1340974141	0.0520489278	-0.0673763357	0.0546515434	0.0477829019	-0.0638907709	-0.065947828	-0.1196433642	-0.124875604	-0.0872790965	-0.0046969428	0.1866491173	0.1500914419	0.009729334	-0.071244029	-0.1571537994	-0.1627171929	0.0004320784	0.1183065641	0.0662430252	0.1344987138	0.1390438859	0.0729967045	0.0051778193	0.0437416404	0.0951240503	-0.1305572579	-0.1244432486	0.0809620203	0.1356739154	-0.0503963797	-0.2131301097	-0.0336065085	-0.0738052167	-0.0041179292	-0.0078394277	-0.0627835989	0.0411888178	0.0256508621	0.0289650718	-0.1139245666	-0.0356490832	-0.0861073513	0.0206168738	0.1134747604	0.1052052067	0.0789141568	0.0597566482	-0.0440317611	-0.071113324	0.0719854214	-0.0160060067	0.0141272095	-0.0703747228	0.1146718961	-0.2085954643	0.0493597712	0.0920132546	-0.1777566169	0.0182384796	-0.0982578042	0.0418407348	-0.1157955958	-0.0633324775	0.0162714586	-0.0294818971	0.1301725464	0.1801714463	-0.1453307599	-0.1243461124	-0.0615958371	0.0431607105	0.0511410614	-0.0312219777	0.0496820285	-0.0030268991	-0.0412151882	0.0249446311	-0.0157329039	-0.0923195131	-0.0430172158	-0.0854765998	0.0215126805	0.0508424988	-0.017062887	-0.125149223	0.0500063424	0.1119858834	0.0	0.0681293043160167	-0.0020016125614858	0.0046416021065844	4.006452846298143e-06	0.0177703788214813	-0.0835488048988253	0.0003157863634589	0.0069804028000219	0.1143094588663515	0.0263662347854846	0.0006951783367633	0.0130666523863181	0.0035880648734941	0.0008694172491317	7.558863530877325e-07	1.2874209536402232e-05	0.0042159023176391	-0.0003930032838837	1.7773832351874732e-05	1.5445158114337266e-07	0.0018799506140792	-0.000234798757603	5.5130456571912415e-08	3.534214311376761e-06
812.2785351069562	-3.504189231345663	12.279342169078909	659796.4185955026	1326.7387240957148	-5.886713060726379	1760235.6420151254	34.65339065932653	828.9620252078807	-0.974434184839879	687178.0392367512	0.9495219805845594	894.7413837279582	640.8108981677464	1.12658	29.262667	0.098188115142461	0.0468921983053865	-0.1428505786	0.1154839414	-0.0511359457	-0.0707313612	-0.1260099393	0.0993206605	-0.0740688073	-0.0582672026	-0.0808562133	0.1407304668	-0.0384097177	-0.1883549897	0.1387273624	-0.0034234076	-0.1427213212	0.0647784131	0.0184343195	0.0347968982	-0.2436041954	-0.1920820361	-0.0747808741	0.073274278	0.0622046665	0.0036403922	-0.124906749	-0.0275718748	-0.063238983	0.0455996483	-0.0192508001	0.131855079	0.0066000381	0.175182983	0.030200943	-0.2184682058	0.1314387032	-0.1123274514	0.0939679816	-0.1319975331	-0.0585631725	-0.1312906659	0.0919694348	-0.1500915866	0.0677887661	-0.0811181589	-0.0383317499	0.0577555225	-0.0125696925	0.152213993	0.0511545382	-0.0799871509	-0.0187940654	-0.0025749009	0.0860400724	-0.1895474952	0.0333518445	0.1114068418	-0.1100412087	-0.1433253628	0.2399533536	-0.0207384183	0.0989796801	-0.0742990512	-0.0786926496	-0.0920720367	-0.121775105	0.1184344886	0.0009829384	0.0018556644	0.1481221644	-0.0411827269	0.0373885221	-0.0290534532	0.1208897909	0.0124621703	0.0241138644	-0.0529243267	0.1259658492	0.1248707628	-0.1057417951	0.0349115338	-0.2230661562	-0.003180115	-0.1041417899	-0.0088582411	-0.0283293097	-0.0337309728	0.129823572	0.1213020652	-0.0774059613	-0.0703707278	-0.1561172933	0.095238404	0.1263295425	0.0166543156	-0.193133777	-0.0576559118	0.0125320702	0.1120124705	0.0909145121	-0.0487872966	0.1806789114	-0.0472152175	0.0859829661	-0.0984103393	0.0055079685	-0.0857382509	0.0382923412	-0.0820678498	0.1878077216	-0.0153197631	-0.0204492814	-0.1231894842	0.0593126253	0.1044777656	0.0	0.0586518546850243	-0.0094774496309924	0.0034400400579932	8.982205150799804e-05	0.0307137079842192	0.0129433291627379	0.0009433318581398	0.0001675297698149	0.1303701205586023	0.0160606616922508	0.0002579448539929	0.0169963683344645	0.0041849548890287	0.0005968900155345	3.562776906448947e-07	1.7513847423205216e-05	0.0047720603010419	0.0005561579834028	2.2772559516780104e-05	3.093117025026692e-07	0.0019210361082714	4.108549419219992e-05	1.688017833017293e-09	3.690379729282526e-06
808.8098002143442	-3.4687348926119057	12.03212175522333	654173.2929227675	1326.4886879281898	-0.2500361675249678	1759572.2392014507	0.0625180850705737	825.6318058111729	-3.330219396707889	681667.8787670182	11.090361230209458	894.3388067114872	644.7386830430594	1.175764	30.540207	0.1234597005210777	0.0865239285264205	-0.0589156544	-0.0758951247	0.1678055565	0.1102401408	-0.0703307414	-0.1077567064	-0.146072709	0.0593295853	-0.0249825557	-0.1726258683	-0.0827205075	-0.0566207376	0.0615996924	0.0007632363	0.0984339827	-0.0791326368	-0.0974771374	0.064679544	0.0179127139	-0.0434514863	-0.0802552016	0.0372330563	0.1089432517	0.0095183167	0.0867684199	0.0508929997	0.0051046206	0.0083663954	-0.1732657976	0.0021541032	0.1083336715	0.1061695963	0.0064834779	-0.0212439761	-0.0176700803	-0.1930526924	-0.0171222447	-0.0365726776	0.1000329852	0.0257865043	0.0552983862	0.0670638991	0.0016097309	-0.0658040794	-0.0813657877	0.0187394	-0.1103788095	0.0110468906	-0.1205263467	0.1516669322	-0.1206752836	-0.0336289401	0.1459574473	0.1472299742	0.0173185335	-0.0954782591	0.0415949526	0.0428638845	0.154524566	0.039712616	-0.0094741075	-0.0634692166	-0.0766150802	-0.0675504299	-0.0570307544	0.0586217278	-0.0499977639	-0.1424604242	-0.099399031	-0.1816610814	0.1708649092	0.1155941995	-0.0061251128	-0.0469544502	-0.0698519558	-0.0678100298	0.0740416987	0.1232906118	-0.0734847873	0.0956824695	-0.0006953035	-0.0074826958	-0.1577911921	0.0997594704	0.0473390406	0.0348356828	0.0366584607	-0.0631641236	0.1599378166	0.0232882741	-0.0885188416	0.0122723004	0.0471348106	-0.0326799651	-0.2427551735	0.0662692905	0.0506616142	-0.0202145997	-0.0312507642	0.0017890379	0.1760864617	0.071488657	-0.1136988354	0.0262574321	0.0737662364	0.0440463723	-0.1251806127	0.0464425532	-0.0574976985	0.0470336486	-0.0238214243	-0.1208863942	0.0682470576	0.0958056664	0.0	0.0586722581035985	2.0403418574205245e-05	0.0034424338709752	4.1629948951422356e-10	0.021966765398389	-0.0087469425858301	0.0004825387820678	7.650900459980987e-05	0.0445198845698939	-0.0858502359887084	0.0073702630193169	0.0019820201221166	0.0040076216339187	-0.0001773332551099	3.144708336790833e-08	1.606103116065319e-05	0.0045923350440078	-0.000179725257034	2.1089541156422124e-05	3.230116801597304e-08	0.0021408199666866	0.0002197838584152	4.830494441987273e-08	4.583110129764015e-06
808.0634962536114	-0.7463039607328028	0.5569696018054688	652966.6139776104	1330.3591953028515	3.870507374661656	1769855.5885268506	14.980827337310268	824.958807228585	-0.6729985825878657	680557.0336240097	0.4529270921652763	893.9466943746241	634.8778904387669	1.06839	27.751186	0.1305434520223392	0.0757902167612971	0.1072647731	-0.2007895246	-0.0093970368	0.0059527243	0.0605249303	-0.0828890318	0.131682358	0.0555341334	0.0253592459	-0.0603025237	-0.0710335159	0.1289204023	0.1395235252	0.1828621206	0.2036487121	-0.0179781915	0.1455727484	0.0503001455	0.0503865163	-0.0184151681	-0.1284060263	-0.0726830582	0.0964841038	-0.0396701233	-0.1733397337	0.1089906304	0.0112230785	-0.0484174711	-0.2133320689	0.0271552143	0.0002972778	0.0194459813	0.0799035969	0.087147959	0.1459627034	0.1328314718	-0.0669007204	-0.0360893634	-0.0411186174	-0.0732645947	0.0622276399	0.0710475469	0.0263245719	-0.1436834682	0.1508138086	-0.0966355265	0.1547057024	-0.0502106066	0.0715322513	-0.030660029	0.0830576737	0.0397446371	-0.1709244778	0.0852236322	-0.0185824281	0.0004156916	0.139444741	0.1484608648	0.1368169166	0.0315798674	-0.0768156505	-0.1642925567	-0.0326563722	0.0084675546	-0.0695842652	0.0444429746	0.1186806795	0.1330905566	0.1861492867	0.072470185	0.1063859478	0.0713235827	-0.0990928944	-0.0990316563	-0.0738819153	0.2159048313	-0.0803418099	0.0027091032	0.0345864603	0.1586266255	-0.0488394283	-0.0868166198	-0.0527086853	-0.0571922553	-0.0377486716	-0.0424505802	-0.1215829232	-0.0868545871	-0.0442522263	0.083957107	-0.1205015639	-0.1372432896	0.0893283425	0.003946753	-0.1845059701	0.0940279015	0.1034164956	-0.0877542742	0.15344926	0.0675581425	0.0539020274	0.0122278443	0.0293650458	0.0427509453	-0.0716380249	0.0675514113	-0.1225718943	0.0794541468	-0.2782710089	-0.0310508429	-0.0271769657	-0.1182463722	0.0767536265	0.0860662011	0.0	0.0589028496976169	0.0002305915940183	0.0034695457025	5.3172483231946235e-08	0.0181786400247148	-0.0037881253736742	0.0003304629531481	1.4349893846674316e-05	0.0611242814545605	0.0166043968846666	0.0002757059959035	0.0037361777833363	0.0050111921611121	0.0010035705271933	1.0071538030512382e-06	2.511204687559136e-05	0.0056841952741615	0.0010918602301537	3.231007591479993e-05	1.1921587621912909e-06	0.0022437959727391	0.0001029760060524	1.0604057822524502e-08	5.034620367280204e-06
807.650275951576	-0.4132203020354836	0.1707510180142963	652298.9682446568	1327.1911969528985	-3.167998349952996	1761436.4732692677	10.036213545304902	824.1484966390937	-0.8103105894913369	679220.7445124781	0.656603251441798	893.2473621681443	626.3752419963387	0.973003	25.273525	0.1862181124919195	0.1161640692780445	0.1547875441	0.0458745471	-0.0252788307	-0.0135355195	0.1497217964	-0.1929315884	0.0670696734	-0.1181583021	0.1680424922	-0.0825093353	0.0055614551	-0.0163872216	-0.0907754615	0.066324014	0.2522697104	-0.0969642662	0.0903069581	-0.0076397063	0.0397093416	0.1728878819	0.0564737319	-0.0252309217	-0.0511376719	-0.0385038069	-0.0170762265	-0.156190951	0.0080787084	-0.1082963393	0.0125474744	0.1714292475	0.0741220119	0.0691123146	-0.0699648727	-0.0605079199	-0.0538670224	-0.0166206527	-0.139630323	-0.1629000859	0.1121759006	0.0050309773	0.0546306627	-0.0377798709	0.0040859554	0.1289388598	0.0517026659	0.0774742778	0.0311100563	-0.0793101563	0.0331006812	-0.2210602185	-0.065755306	0.142132345	-0.0991702527	0.1941007401	-0.1750684548	0.0284052334	-0.0729909039	0.0661299468	-0.0759692586	0.0956445459	0.0710431689	-0.0876165855	0.0288710571	-0.0362841749	0.0852568512	0.0087321117	0.1145027416	-0.0675665076	-0.0020265669	0.1143067157	0.0957035284	-0.0242339536	-0.2483112252	0.0605056154	0.0596376686	-0.0602186048	-0.0146851442	0.1590652734	0.0167017105	0.0100635891	0.0773392849	-0.1805527243	0.0161966807	-0.0165556187	-0.0929696921	-0.1621720468	-0.0442534954	-0.1876839452	-0.0427619299	0.0149108404	0.0829326759	0.0386447727	0.1321212242	0.1488295241	-0.0273334466	0.2455795837	0.1137528444	-0.0369416511	0.1078664609	0.0510179231	-0.0200350802	0.0435897564	-0.0380653774	0.0276248495	-0.1248044127	-0.1502450232	-0.1405276985	0.025806602	0.1035730929	0.1379415913	-0.0305135671	-0.1152767764	0.0847790013	0.0753678766	0.0	0.058646097461164	-0.0002567522364529	0.0034393647474243	6.592171092356836e-08	0.0317274680747488	0.013548828050034	0.0010066322304342	0.0001835707415293	-0.0505961467768472	-0.1117204282314077	0.0124814540842091	0.0025599700686642	0.0045911544192709	-0.0004200377418411	1.764317045710541e-07	2.1078698901590715e-05	0.0049590479079342	-0.0007251473662273	2.459215615318657e-05	5.2583870274639e-07	0.0021751390013271	-6.865697141200016e-05	4.713779723468207e-09	4.7312296750942535e-06
809.7739126542767	2.1236367027007645	4.509832845057775	655733.7896154162	1328.2343396583374	1.0431427054388678	1764206.4610476196	1.0881467039103203	825.6160113994891	1.4675147603954883	681641.7982792014	2.1535995719786274	892.0476635866538	626.3884705371738	1.05896	27.50625	0.285183037711654	0.1528729295047119	0.0352818443	0.0259034691	-0.0934445494	-0.0194506418	-0.0445529881	-0.0223134739	0.0022571256	-0.0972478481	-0.0230431717	0.0403811887	0.1422280865	0.0316626446	0.0155322324	0.1606602563	0.0588912494	-0.0497723057	0.0666644694	-0.1726307921	0.028561241	-0.0053258346	-0.1171216232	-0.0288020603	-0.0948035642	-0.1148287766	-0.1360754514	-0.0474510289	0.0291435845	-0.1117272927	0.0088576198	0.0227589851	-0.1667940429	0.0343181682	-0.1888371849	0.0738392516	0.1266243046	-0.0738521292	0.1150903459	0.1591533271	0.026307191	-0.1521562998	0.0427792054	0.1215400677	0.0687622237	0.1615954482	0.0580834552	0.2154918513	-0.159336802	-0.0607371209	-0.1014222367	0.1870140165	0.0199468391	0.0608768465	-0.0187452881	-0.0737302144	-0.0249041183	0.1108334524	-0.0320335771	0.1895574577	-0.0764744569	0.0842092916	0.193619489	-0.0856790773	-0.0588907284	0.034392464	0.1348955382	-0.245187963	-0.0334154382	0.0649213408	0.1189475897	-0.0547816288	0.0735843251	0.0319782023	0.0956835	0.0420443472	-0.0890093439	-0.0591063561	-0.1378025404	0.0270181121	-0.2702508931	0.1029154226	0.2224872917	-0.0408842912	-0.0933145984	-0.1538022546	0.0343190893	-0.0610605645	-0.048656299	-0.0191517994	-0.1029579029	0.1359786656	-0.1338613882	0.0694384689	0.1699604051	-0.0540584597	-0.0590279391	0.0416244695	0.0749564329	-0.0351145936	0.1446805337	0.0510151364	-0.0742123428	0.1254784561	-0.0220227829	0.0172214427	-0.207289918	0.0904210924	0.143136189	0.0370379575	-0.2161326476	-0.1630291979	-0.033828903	-0.1119858834	0.0922728684	0.0638298824	0.0	0.0428133501979743	-0.0158327472631897	0.0018329829551743	0.0002506758859	0.1076245195235685	0.0758970514488197	0.0115830372026789	0.0057603624186247	0.0742830312314524	0.1248791780082995	0.0155948091000285	0.0055179687289329	0.0055325529520937	0.0009413985328228	8.862311976009208e-07	3.060914216772072e-05	0.0052893675288381	0.0003303196209038	2.7977408855126865e-05	1.0911105195409581e-07	0.0022749020674273	9.976306610020007e-05	9.952669357712891e-09	5.175179416385004e-06
814.8462972181597	5.07238456388302	25.72908516391873	663974.4880901455	1324.1710711607	-4.063268497637409	1753429.0256988755	16.51015088389257	828.9978083924664	3.381796992977229	687237.3663195124	11.436550901709827	894.1359384101734	638.8768413659209	1.117299	29.021587	0.1507283759097134	0.0803907469946024	-0.1023594968	-0.0001459916	0.0961966768	-0.1637102333	1.086e-07	0.1529013329	-0.0881967953	-0.057623447	0.0618770275	0.1738293729	0.1388361713	0.1852637798	0.0077347005	-0.2160529234	-0.1651685846	-0.0355953253	0.0178902541	0.0322501854	0.125389144	0.0084853927	0.1280935434	-0.0538500551	-0.1703350764	-0.196702189	-0.0827450316	0.0301875676	-0.0494228903	-0.03805819	-0.126830135	0.0725284461	-0.0728052041	0.0450248606	0.1949133893	0.0596519171	0.0496998943	0.1464061428	-0.0108190541	-0.1170183205	0.0811166469	0.0352380131	-0.1372634291	0.1037375941	-0.0607647053	0.066674114	-0.0686547265	-0.1034459277	-0.1679942257	-0.1826372063	0.1219337722	0.108819736	0.0722327288	-0.060305413	0.0933799084	-0.1144635644	-0.0212042745	0.1386676341	0.1298896786	-0.0833377657	-0.2048018597	0.0083959539	0.1288614791	-0.1178367542	-0.1020811819	0.2219346143	-0.1491446299	-0.0832892152	0.2176911901	-0.0074093942	0.044566009	-0.003344548	0.0187600381	-0.1048983972	-0.1530506418	0.0012073459	0.1155994703	0.1285922867	-0.081258859	0.0390428285	0.0456797054	-0.0864466273	0.0629769657	0.0701874	0.1371052428	0.0288482732	0.1145708555	0.0643381411	0.0779235605	-0.0114173661	-0.0038726769	0.1511841665	-0.263368792	-0.0488166475	0.0618787564	0.0009833652	0.1583070397	-0.0053974048	-0.0858768358	0.2285871665	0.0244653367	0.0222062366	-0.3059693271	0.0527590723	-0.1447303815	-0.0078397422	0.0414112099	-0.0231975116	-0.0150305033	0.0293160021	0.0584717464	-0.2177463178	-0.0371206631	-0.1083828658	0.0991882461	0.0515807628	0.0	0.0427377163238844	-7.563387408989625e-05	0.0018265123965808	5.720482909846278e-09	0.148356146648652	0.0407316271250834	0.0220095462484363	0.0016590654482568	0.0569660637110374	-0.017316967520415	0.0002998773641031	0.0032451324147299	0.0063972253142059	0.0008646723621122	7.476582938006914e-07	4.092449172071678e-05	0.0061493003934363	0.0008599328645982	3.781389532871584e-05	7.394845316160665e-07	0.0024023797885194	0.0001274777210921	1.6250569374835253e-08	5.771428648286517e-06
812.4896054064225	-2.356691811737278	5.553996295509534	660139.3588934841	1325.242412160762	1.0713410000619206	1756267.4509896748	1.1477715384136762	828.7046033870539	-0.2932050054124602	686751.3196748943	0.0859691751989208	894.6450059088733	649.3375182714522	1.111486	28.870579	0.3387236413592343	0.2016064164602147	0.1366854393	0.0424768714	0.109209407	-0.0048316275	0.0532429164	0.2060540294	-0.0054649255	0.0863118789	0.0150045564	0.1607708732	0.0365691372	-0.1564179671	-0.1278262796	0.0317792182	-0.043063741	0.200135786	-0.0357893653	-9.84303e-05	-0.1167082808	-0.0715681316	-0.0125499943	-0.1181859736	-0.0825047966	0.0285824843	-0.0497644184	0.0246069896	-0.2022513395	0.1428195287	-0.1085883134	0.00460471	-0.2111119506	0.0014159402	0.1463996725	-0.0171041412	0.112624074	-0.119447452	-0.1094196097	0.0883077881	-0.1481738003	0.0223264794	-0.0904722223	-0.0593422896	-0.1258519411	0.0708556507	0.1215945037	-0.0468863444	-0.0231819715	-0.0903968979	-0.1581892248	-0.1263127702	-0.0416138797	0.0250499545	0.0113777546	-0.0284040726	0.1804483225	0.0435827638	-0.1066728498	-0.1482327989	-0.0071585954	0.1617973053	0.019697583	-0.1650674349	-0.094469292	0.0395850113	-0.1535094614	-0.0727432389	-0.0782496747	-0.0226285573	0.2313429613	-0.0617271238	-0.0322274962	-0.0857121729	0.1743621018	-0.0091315589	0.1324835416	0.1328533646	-0.0449534612	-0.1043379694	0.1200466434	0.0168909864	0.0185606856	-0.0920806492	0.0844783437	-0.0123696091	-0.1409550307	-0.0523069421	-0.1461646226	-0.017792141	0.0190492688	0.001082521	-0.3440731441	-0.0627992878	-0.0841957655	0.14338196	0.1971991275	-0.041455665	-0.1361144337	-0.0198092	-0.0859468626	-0.0698486593	0.1619062921	-0.1215354379	-0.1010565989	0.2493353432	0.0829480559	0.1545131885	0.0075986048	-0.1666400393	-0.0738052833	-0.1396045445	-0.0403865531	-0.1044777656	0.1054817798	0.0387569845	0.0	0.0304497719110514	-0.0122879444128329	0.000927188609435	0.0001509935778928	0.0054252050291978	-0.1429309416194542	2.9432849608833104e-05	0.0204292540722238	0.1993520269872846	0.1423859632762472	0.0202737625381048	0.039741230663939	0.0067503538964765	0.0003531285822706	1.2469979561644397e-07	4.556727772767547e-05	0.0061787177612224	2.941736778609965e-05	3.8176553172845145e-05	8.653815274626533e-10	0.0028422096794767	0.0004398298909572	1.934503329795102e-07	8.078155862111045e-06
810.8613959235803	-1.6282094828421805	2.6510661200172008	657496.2033991372	1328.8981855202376	3.655773359475688	1765970.3874789798	13.36467885585216	826.566128732655	-2.1384746543989195	683211.565168088	4.573073847506578	894.0549604527074	640.5508305211986	1.02413	26.601542	0.1383675148965537	0.0808758755353549	0.0238176324	0.0876569936	-0.0598488298	0.057547273	-0.1442934171	0.0475925732	-0.0046606111	0.0363857927	-0.0283143448	-0.0378500491	-0.0702283647	-0.1090523347	0.0294948522	-0.0404965714	-0.0034399756	0.0722086742	-0.0119479467	-0.073363767	-0.1179859628	-0.1230916951	0.0127832495	0.0286885015	-0.1122402257	-0.1681785641	0.0833323962	0.0362381913	-0.0489748452	-0.1631773915	-0.0180819294	-0.0819043257	0.0268923654	-0.0603015878	0.2141883414	-0.214695373	-0.095916865	-0.0180603122	0.0568794547	0.0080439697	0.1261919557	0.1156402166	-0.0762576884	0.063467313	-0.0188086579	0.0118115723	-0.0369548299	0.0429243498	0.1310838216	0.0310934086	-0.0375893679	-0.0259414107	-0.0861793043	-0.0071740768	-0.0010905823	-0.0200479853	0.0615246855	0.0960331172	-0.0942555187	0.009351313	0.0997916061	-0.0054677732	0.0454090652	0.0215090767	-0.0850922556	0.1755593772	-0.1621372217	-0.0909231024	0.1519588517	-0.1363219792	-0.0760990278	-0.155365419	-0.0947191846	0.0770696133	-0.0534058809	0.0085082137	0.0287451239	-0.0394616055	0.144595711	-0.0142696198	0.0556851449	-0.1544222122	0.0260825316	-0.0306214158	-0.0019669131	0.0796402128	0.1280532778	-0.1045480992	-0.0663615412	0.0204322032	-0.0478887688	0.0352649157	-0.3685057848	0.1398639045	-0.0437607088	-0.0893763306	0.1384073613	0.0644208685	-0.1997593356	0.0380139635	0.0726385267	-0.1459371977	-0.0352632151	-0.0153816707	0.1307779652	-0.00225345	-0.0969890741	0.1927626964	0.0776989402	0.0247235963	0.1032815194	0.1802517447	-0.0436242971	-0.1002814672	0.1111140131	0.0255014167	0.0	0.0372535090710357	0.0068037371599843	0.0013878239381057	4.629083934215124e-05	0.0637235726986489	0.058298367669451	0.0040606937174799	0.0033986996729225	0.1462758731605262	-0.0530761538267584	0.0028170781050417	0.0213966310688743	0.0068091774288571	5.882353238059919e-05	3.460207961731401e-09	4.636489725765698e-05	0.0062328087365142	5.409097529180014e-05	3.8847904745967736e-05	2.925833608018133e-09	0.0025513390623419	-0.0002908706171347	8.460571591237928e-08	6.509331011031646e-06
813.0933092999512	2.231913376370926	4.981437319623467	661120.7296283462	1330.6775351979888	1.77934967775127	1770702.7026805948	3.1660852757135487	826.624506512102	0.0583777794470279	683308.0747663762	0.0034079651331658	895.4203314314336	644.8092790271925	1.076847	27.970858	0.0867516844404278	0.0521445323272717	0.0671789439	-0.1528312667	-0.021144961	-0.0941286493	-0.1512377421	0.0346519924	0.1002634425	-0.0286908593	-0.0182944023	-0.0764401663	0.1532523057	0.0429917082	-0.0472117277	0.0205041364	0.0002083041	0.019173851	0.1314146223	-0.022869473	0.1836508073	-0.0250613393	-0.053125473	0.106301171	-0.1616720024	-0.0885131828	0.1494022022	-0.032263276	-0.184630741	-0.0582742841	-0.1689362382	0.0085496028	-0.0554484982	0.0836353507	-0.046377932	0.0381512707	-0.0570659871	0.015175358	-0.0262106587	0.0899924565	-0.15516265	-0.0897664936	-0.0104603767	0.005113206	0.0063089948	-0.1789120655	-0.1105380183	0.0070271788	0.0192845585	0.0684786818	0.0357169843	0.0340466652	-0.110286722	-0.0496032782	-0.1189628628	-0.0035793046	-0.0097624975	-0.0909172858	0.1264264422	0.0531315778	-0.1251898796	0.0570642276	0.1294500483	0.1160610648	0.0234698731	-0.0004046217	-0.1477303363	-0.1071645558	0.0900889774	-0.0488387278	0.0577084975	-0.0275627805	-0.0541946151	0.2270587002	0.0302108946	0.0456808884	-0.1357934659	0.0663301763	0.1609709783	0.0412736323	0.099627017	0.0856405743	-0.141462801	0.0801247375	0.0407486047	0.0144476027	-0.0577393019	0.1846552781	-0.1140827024	-0.055813478	-0.1206700599	0.0990583015	-0.109897681	-0.0979813256	-0.054547841	-0.1680753328	0.0507673475	-0.111267243	-0.0521728195	-0.0653156637	-0.0802161764	0.0235028701	-0.0444511853	-0.0514935089	-0.0407648346	-0.0889694007	0.100167412	-0.2202743539	-0.1044405055	0.0279752351	-0.1097120578	0.0627252641	-0.0468316386	-0.0958056664	0.1160496357	0.0119617388	0.0	0.0370894305775095	-0.0001640784935262	0.0013756258605638	2.6921752037828592e-08	0.0714499593669586	0.0077263866683097	0.00510509669354	5.969705094823388e-05	0.0980658367613642	-0.048210036399162	0.0023242076096085	0.0096169083397065	0.0066691334894942	-0.0001400439393628	1.9612304952279443e-08	4.447734150069309e-05	0.0057927250989746	-0.0004400836375396	3.355566407229029e-05	1.936736080300861e-07	0.002584235143028	3.289608068609987e-05	1.0821521245063927e-09	6.678271274460947e-06
810.1907915130145	-2.9025177869367558	8.42460950348424	656409.1186524848	1329.7090395897935	-0.968495608195326	1768126.129966811	0.9379837430936344	827.7473408776157	1.122834365513654	685165.6603299637	1.2607570123784502	895.3405445921401	639.8898108557145	1.196626	31.082071	0.1005340213547531	0.0519261892736033	-0.1293258401	0.1443151884	-0.028898823	-0.0144444622	0.056664618	-0.0626416904	-0.0742768584	-0.1764772056	0.0094654667	-0.1402206769	-0.1157695918	-0.0251470672	0.0321490888	0.0671219374	-0.0430759776	-0.0687220069	0.0401593162	-0.0016428758	-0.1901180012	0.1253099601	-0.0066079759	0.1788014148	0.1747112413	0.0099085282	0.0149566362	0.0013826126	0.0403574442	-0.0129086258	-0.0766367308	0.0093173381	-0.0690203105	0.0964606122	0.0100786316	0.0561967161	-0.0100284559	0.0338776279	0.0012091316	-0.3078081677	-0.0843160214	0.0851559649	0.0363692129	-0.103856111	-0.0361009477	0.0647700404	0.0625514285	-0.0577976349	0.0753294609	-0.0369891358	-0.134286364	-0.0439897248	0.1917685729	-0.1320053545	0.0656383498	-0.0458309737	-0.1743391971	-0.0821184932	-0.1095346528	0.0066610751	0.044322066	-0.0450590637	-0.0444458933	0.0186878966	0.0692516568	-0.1668711454	-0.0286721596	-0.013056636	0.1788353107	0.0491478698	-0.0793250941	-0.1093665213	0.0456431263	0.0761263138	-0.0046116031	0.0297025579	0.1292172974	-0.0408650057	-0.1236216623	0.0189481218	0.0052376975	-0.0399290849	-0.2026299627	-0.0118768206	-0.0224864433	0.0182224433	-0.0647400695	0.0097723858	0.1577825818	-0.0192390731	-0.0865838375	0.0361238149	-0.1182720462	0.106137702	-0.1103550626	-0.0180023404	0.1025424916	-0.0152793554	0.047721661	0.0759908847	-0.0873815827	0.0925216439	0.0268472829	-0.0184607652	0.1337792263	-0.1822762123	0.1326575878	0.0066036565	0.0006369606	0.04031596	-0.0937718218	0.0723180152	-0.0500063424	-0.0910628379	0.1202577046	-0.0017112041	0.0	0.0372867518472759	0.0001973212697664	0.0013903018633203	3.893568350222597e-08	0.0509867498060003	-0.0204632095609582	0.0025996486557796	0.0004187429455356	0.0585271081793408	-0.0395387285820234	0.0015633110578829	0.0034254223918362	0.0061445082824491	-0.0005246252070451	2.752316078671147e-07	3.775498203308559e-05	0.0058959918812944	0.0001032667823198	3.476272026428948e-05	1.0664028330685037e-08	0.0024054318935528	-0.0001788032494752	3.197060202289061e-08	5.7861025945210085e-06
810.4840782839774	0.2932867709629363	0.0860171300218658	656884.4411518284	1331.4686008990834	1.759561309289893	1772808.6351801627	3.0960560011499623	828.9471308239819	1.1997899463661952	687153.3457013117	1.4394959154013975	897.0943428950587	635.9357186903865	1.118846	29.061771	0.2899224706743546	0.1447229448921057	-0.0279166652	-0.0840518812	0.0229655518	0.1662683512	0.0143661103	0.027874869	-0.0726549424	0.0604564898	-0.1471207927	-0.1691055174	0.1595399441	0.0963952661	-0.0666569804	0.1345187381	-0.0876150335	0.0074242424	-0.0615089523	0.035921838	0.2277111756	0.143236229	-0.0312903707	0.0615662052	0.0647837938	0.1087485371	0.0376604034	0.1392747412	-0.0835981652	-0.0064666284	-0.1574083243	-0.1122829542	0.0679070235	-0.1379295495	-0.067654749	-0.076620782	-0.081238049	-0.0823996266	0.0834353317	-0.0616934718	0.0889574262	-0.0812579374	-0.067449624	0.0134366717	0.0900741665	0.0655714541	-0.2111968454	-0.0216077442	-0.0223855969	-0.052462905	0.0149166451	-0.014823256	-0.0370778585	0.0888215599	0.0418866764	0.0110884928	0.0923395422	-0.2289627286	0.1255402129	0.0503400607	-0.1255921006	-0.0474291883	-0.0488385491	0.1061268973	0.1527035261	-0.0122944738	-0.0921250527	-0.0117832832	-0.0092999578	-0.0895984695	0.000143573	-0.0700974915	0.2070160067	0.0242722961	-0.0527087405	0.0154471844	0.1031422008	-0.1188203593	0.1141360167	-0.122420651	-0.040772215	0.0390534152	0.0555719053	0.246853826	-0.0303975135	0.0425066532	0.1248359498	-0.0121753596	-0.0498574738	0.0612913466	0.0914033341	0.1587721521	-0.0147761454	-0.0524390474	-0.0293630275	-0.0656071817	0.0881265606	-0.1006905139	0.1002706706	-0.0660270319	-0.0811843	0.0268592821	-0.1237936108	0.0008871442	-0.0167784628	-0.081646209	0.0843191885	-0.1810101972	0.079853894	0.2594542982	0.0550102024	0.0534688905	-0.053146196	-0.0860662011	0.1237118379	-0.0153650827	0.0	0.020007845184196	-0.0172789066630799	0.0004003138689147	0.0002985606154714	0.1522299090179473	0.101243159211947	0.0231739451996125	0.0102501772872156	0.1122080946342336	0.0536809864548928	0.0028816483067703	0.0125906565014451	0.0045204558666968	-0.0016240524157522	2.6375462491108805e-06	2.043452124275352e-05	0.0055157952436923	-0.000380196637602	3.04239971703386e-05	1.445494832439424e-07	0.0027555712070871	0.0003501393135343	1.2259753888227104e-07	7.593172677327458e-06
810.912045501804	0.4279672178265628	0.1831559395342086	657578.3455399198	1329.7048554961214	-1.7637454029620585	1768115.002729961	3.110797846469794	828.646954147068	-0.3001766769139067	686655.7746172129	0.0901060373630759	897.2422681483564	637.0508334355325	1.047357	27.204857	0.3922966821663491	0.2654024809227741	0.0830360033	0.0351838399	-0.030802843	0.0250575895	0.0738910756	-0.1166630222	0.057765032	0.0026406583	0.096796251	-0.0710816987	0.0335905615	0.0125624299	-0.0389135354	0.0112476576	-0.0461092923	0.0724742638	0.0072202913	0.0310688841	0.0204825007	0.1144314193	0.1283774806	0.2160907665	-0.0190351402	0.0234519067	0.079593309	0.0480287785	0.0069441277	0.1591644552	-0.1140343196	-0.0448556314	-0.0635268358	0.0747071751	-0.229303243	-0.0824472422	-0.1008500495	0.1019466695	0.0559437352	0.1096358941	0.1284590672	0.0656294967	0.1557702838	-0.0023740574	0.0500382151	-0.0848818624	0.0620413772	-0.0172277513	-0.1618708847	-0.0227183851	-0.0395363027	-0.1517525305	-0.0291936178	0.1716292116	-0.0795511388	0.0673898058	-0.031068451	-0.0520053834	-0.0299593067	-0.0949911319	-0.0968419415	-0.101053928	-0.0998538187	0.2378690328	-0.0124875471	-0.1138066332	-0.0640431031	0.0173670822	0.0104618439	0.0073927019	0.0552517498	-0.041277903	0.037859546	0.0064006209	-0.0554109215	0.1815823689	-0.064536055	-0.0937075521	-0.1428655521	0.0600079773	0.0288744855	0.029667304	0.1409613299	-0.0568071911	0.0147650191	-0.2687380751	0.1294208401	0.1039320777	-0.0420894431	-0.1300711309	-0.0521066323	-0.0811380155	-0.010884713	0.0392554795	-0.2900799775	0.1162349532	-0.0072571382	0.0621848633	-0.0330146764	-0.0629922898	-0.1248295716	0.0495429278	0.0724987795	0.0237834124	-0.0379261428	-0.1704247265	-0.046374708	-0.0167139218	-0.1221977311	-0.255092533	0.1013312903	-0.0035251548	-0.0562490111	-0.0808296822	0.1263903806	-0.0288477796	0.0	0.0412383995682432	0.0212305543840472	0.00170060559895	0.0004507364394539	-0.1018237010056282	-0.2540536100235755	0.0103680660864835	0.064543236766011	0.0507957381014421	-0.0614123565327915	0.0037714775349106	0.0025802070092702	0.0055613298785256	0.0010408740118287	1.0834187085005806e-06	3.092839001778156e-05	0.0055438641471341	2.8068903441799686e-05	3.0734429681878905e-05	7.878633404250743e-10	0.0027986315163352	4.306030924809993e-05	1.8541902325420002e-09	7.83233836422466e-06
808.7644631819617	-2.147582319842286	4.612109820499175	654099.9569060067	1331.6229046955962	1.918049199474808	1773219.5603099368	3.678912731605952	826.9281060634515	-1.7188480836164215	683810.0925976869	2.954438734551845	895.387608660367	635.8136298493569	0.922135	23.952236	0.1998494566300534	0.1393454834065358	-0.0525279898	-0.0818539481	-0.0417464869	0.0360747947	-0.0712229673	-0.1293478935	0.036713061	-0.0137663295	-0.0087080688	-0.0287312526	0.0411526601	0.0780951575	0.1850594328	-0.0546135071	0.0352187468	-0.0651156984	0.0942976431	0.0830703297	-0.0927449852	-0.0201147117	-0.0593159826	0.1906800616	0.0291085321	0.1780293143	0.0655139223	0.029491087	0.0068881677	0.0364043773	0.2116788076	-0.0993421541	-0.0539188877	-0.0585774332	0.1474573718	-0.0217338568	0.0322297052	0.0574666764	-0.0624940086	-0.0470881748	-0.0687833395	-0.0535175867	-0.0481563825	0.2501042251	-0.1528066814	0.0903714342	0.0108988254	0.2231851104	-0.0154807134	-0.000964347	-0.0749620504	0.0008166861	0.1010211755	0.0081168572	-0.0374265476	-0.023460633	-0.0799477154	-0.0062572096	0.0927207003	0.0182425527	0.1649389605	-0.0678901518	0.0302631926	0.0699017359	0.0360405422	-0.0263778839	-0.1297772208	0.1110999366	-0.0023955943	0.1127209199	0.0658230973	0.0100778826	-0.0744552138	-0.1260804514	0.0640172652	-0.0218926176	0.0577210484	-0.0098165763	-0.1583078733	-0.1319428237	-0.1333711081	-0.1854070016	0.1673658846	0.1756858016	-0.002342698	-0.0038774547	-0.0006191048	-0.0858357096	0.0477699907	-0.029275424	-0.0702017572	-0.0068487679	-0.0364286745	-0.0384082546	-0.2205170135	-0.1246740904	-0.0192189715	0.0183297613	0.1082034135	0.0102381754	-0.0030293427	0.050466647	0.1181919431	0.0699953697	0.0465848917	-0.0745069428	0.1657162143	-0.084286208	-0.0007118806	0.0286175508	-0.0990922244	0.1391620217	-0.0593126253	-0.0753678766	0.1282765399	-0.0420090849	0.0	0.0354230067162859	-0.0058153928519572	0.001254789404822	3.3818794022596046e-05	0.0319968631159355	0.1338205641215636	0.0010237992492599	0.0179079433818135	0.0806930925050295	0.0298973544035874	0.0008938518003337	0.0065113751780252	0.0057960245160345	0.0002346946375089	5.5081572875434166e-08	3.359390019047296e-05	0.0052529263546041	-0.0002909377925299	2.7593235286894323e-05	8.464479912222918e-08	0.0028793219913552	8.069047501999991e-05	6.51095275895323e-09	8.290495129901675e-06
808.8490015322412	0.0845383502795584	0.0071467326679893	654236.7072797036	1333.8538431646075	2.2309384690113347	1779166.074924993	4.977086452514638	827.7711927726189	0.8430867091673235	685205.1475842041	0.7107951991745872	895.7449965377143	629.1243853198815	0.90734	23.567955	0.1239052866828769	0.0900700975991064	-0.1219200221	0.0488713581	-0.0520897274	0.0853211329	0.115184856	-0.0588851737	-0.0419451303	-0.1218684965	-0.0817992723	-0.1427066321	-0.0784098152	0.0285865768	-0.0310588254	0.060427851	-0.0409905108	-0.1127396668	0.0575320098	-0.0203409723	-0.0388898991	0.0920684312	-0.045925388	-0.1510924389	0.0606880876	0.008977239	0.0973025979	0.1257340334	-0.1291391571	-0.0987470401	-0.0267770879	0.101570079	-0.1312755344	-0.0142454396	-0.0989757916	-0.0121458097	0.0490370273	0.1451793672	0.0307073947	0.1527606166	0.0411128269	0.0099514909	0.043097517	0.0704985227	-0.0277404464	0.1067732177	-0.1942996633	-0.1054755127	0.2655383144	0.0825489617	0.1502763511	0.0243919762	-0.0398087022	-0.0400078985	0.0504712688	-0.0612243117	-0.1072471457	-0.1599236992	-0.0637710708	0.0720821104	-0.0219831464	-0.0070749192	-0.0630670889	-0.0307671407	0.0511570993	-0.0041533927	-0.0336534061	-0.034964783	-0.0123023611	0.2055042464	0.0239039917	-0.0168968093	0.0612791067	0.0891857623	0.0029051422	0.264227079	0.0595113908	0.177278205	0.0953292754	0.0751961802	0.0925595571	0.0500411411	-0.1461011426	-0.0339140783	0.0380332903	0.1594434585	0.118973653	-0.0732882747	0.0906967732	0.0381804015	-0.0131458364	0.1061041148	-0.0158393106	0.0244601642	-0.1192358876	-0.0256433543	0.1026093866	-0.0471113227	0.2008063223	-0.0506457318	-0.0197249911	0.0836606285	-0.0619065787	0.0327591875	-0.0010682905	-0.08981531	-0.0677674561	0.0555481929	0.0777260399	0.1201094041	-0.0425559614	0.0078304092	-0.0623349036	-0.0696960071	0.129358491	-0.0547023691	0.0	0.0375225768240312	0.0020995701077453	0.0014079437715153	4.408194637337614e-06	0.1190063125056895	0.087009449389754	0.0141625024162018	0.0075706442831081	0.0803112556121519	-0.0003818368928776	1.4579941276242109e-07	0.0064498977780004	0.0052411617345962	-0.0005548627814383	3.078727062254468e-07	2.7469776328195448e-05	0.0052519638612191	-9.624933850005749e-07	2.7583124399551437e-05	9.263935161698648e-13	0.0030117853223819	0.0001324633310267	1.7546534066689152e-08	9.070850828115044e-06
810.4259013440774	1.5768998118361424	2.486613016568861	656790.1415693603	1326.7083537046033	-7.145489460004228	1760155.0557895787	51.05801962303151	828.3314425376275	0.5602497650086207	686132.9786964669	0.3138797991922147	895.2879426974526	636.7451160827779	1.02304	26.573233	0.1815152447395473	0.106751035979075	0.0028973996	-0.100395193	0.0587081082	0.148396947	-0.097900911	0.0153848569	-0.0682894775	0.1152482186	-0.0359832866	0.0560121328	0.1834107627	0.1399878036	-0.033607267	0.0330557367	-0.0058512441	0.0614895137	-0.0736281617	-0.00804344	0.1539629297	-0.0399089783	0.0373339937	-0.0614522769	-0.0350916892	0.1530127421	0.0436648921	-0.0360521997	-0.1364816369	0.0537546208	-0.0150697804	0.1759552469	-0.0920273293	-0.0531369318	0.0478441661	0.0560195539	-0.0017767373	0.1199201198	0.1213718395	-0.0095982298	0.0104213989	-0.0614282524	-0.0676741651	0.012368359	-0.1575341259	-0.1060579981	-0.0044621091	0.0634598767	0.1230512824	-0.0008123521	-0.039325215	-0.052706608	-0.0697818142	-0.0314578792	0.0489369516	0.0378663038	0.141907361	-0.0403244567	0.0764184986	0.0160512033	-0.1074310148	0.0897632127	0.0304197505	0.1183514498	-0.0034703673	0.0297012435	-0.1397304595	-0.0168471713	-0.0122162294	0.0717386709	0.0692766813	0.0607077877	0.0320630862	-0.1456435292	0.0393913369	0.023590006	0.0170370782	0.1768301828	0.1327702777	-0.0239616106	-0.0756939045	-0.0604815395	-0.0294990015	-0.055731543	0.0144563975	-0.0254419344	-0.1095181345	0.0847156229	-0.108149193	0.0276615719	0.1175124409	0.0215794363	-0.0529806481	-0.0045042512	-0.1522023101	-0.0730960221	-0.0566675624	-0.0719856907	0.0933813904	-0.1573908409	-0.0317209202	-0.0546896624	-0.0918287293	-0.0633265282	-0.0553274722	-0.0071537425	0.0608311901	0.014349022	-0.0768635804	0.0100126255	0.1604273065	0.0612821244	-0.0653137397	-0.0638298824	0.1296294506	-0.066786217	0.0	0.0340544898040775	-0.0034680870199537	0.001159708275816	1.2027627577971336e-05	0.0428427162267581	-0.0761635962789313	0.0018354983336865	0.00580089339814	0.1521883849439191	0.0718771293317672	0.0051663217209755	0.0231613045118385	0.0051472924899007	-9.386924469549988e-05	8.811435099703631e-09	2.6494619976588152e-05	0.0056720581336242	0.0004200942724051	3.2172243471212446e-05	1.764791977075707e-07	0.0030979504474592	8.616512507729967e-05	7.424428779586697e-09	9.597296974912657e-06
810.7058953538487	0.2799940097713715	0.0783966455078509	657244.0487614856	1335.2785872364373	8.570233531833992	1782968.905532136	73.44890279017174	827.9562720725758	-0.375170465051724	685511.5884643171	0.1407528778471268	896.0431618941458	631.6092812200511	1.135059	29.482889	0.1897316069118546	0.0950092867587598	0.0887509728	-0.0176350701	-0.152549505	-0.0246318039	0.1701332432	0.0033675849	0.1682613556	-0.0625516089	-0.0079946258	0.0797076512	-0.0480231992	-0.0378865674	-0.0557136036	-0.1008165146	0.0010839051	0.0841860547	0.14808326	-0.0158661955	0.0109016947	0.1161653924	0.1817131691	0.0368089151	0.0669017243	0.0862459988	-0.2184213684	-0.0258309915	-0.0568571289	0.0628704899	-0.1080815329	-0.1672615511	0.052527687	0.0714608678	0.0182561411	0.182041741	0.0274156508	0.040569323	-0.0984934835	0.0129842098	0.0780266396	0.0243764788	0.1730058768	-0.0344701374	-0.1146945415	0.0135586326	-0.0015638632	0.0346800242	-0.1725903445	0.0854332928	0.0893251303	-0.1360025675	-0.0141913132	-0.1577374091	-0.1668450841	-0.0709895957	-0.0469774002	0.0182285237	0.0109319185	-0.0556574952	-0.0590967831	-0.0336312796	-0.1579678677	-0.0259609674	0.0156432941	-0.1365157986	0.0691457985	0.0342301794	0.0669398389	-0.0606331436	0.1132866028	-0.0872607959	0.1595011325	-0.16200157	0.0119592563	0.0240329478	-0.0039526046	0.047345401	-0.1081033166	-0.0275583426	-0.001952534	-0.0786705288	0.0452480994	-0.0298372473	-0.0299984916	0.0311506968	-0.0219572591	0.1842277123	-0.0286152186	-0.0322586275	-0.1788029251	-0.0163086178	-0.0278637972	-0.1177053686	-0.0789788123	0.1582451092	0.0532585111	-0.0163979411	0.131400101	0.0634865326	-0.0481429299	-0.0531735392	0.0683288511	0.052608463	0.0182165296	-0.0382544045	-0.0897869421	-0.066503495	0.0459192763	-0.0765041993	0.0635932361	-0.021705936	-0.0682470576	-0.0577858524	0.1290877201	-0.078126003	0.0	0.0348131488433693	0.0007586590392918	0.0012119553323905	5.755635378991581e-07	0.018749429631498	-0.0240932865952601	0.0003515411115064	0.0005804864589613	0.0982489556117514	-0.0539394293321676	0.0029094620366799	0.0096528572787998	0.0063479368400852	0.0012006443501845	1.4415468556299608e-06	4.029630212571088e-05	0.0051797461101916	-0.0004923120234326	2.6829769766045007e-05	2.423711284163013e-07	0.0025721021821736	-0.0005258482652855	2.765163981038744e-07	6.615709635542196e-06
809.5783518575971	-1.1275434962516329	1.271354335939356	655417.1077964633	1327.5527740032812	-7.725813233156032	1762396.367763807	59.68819011360886	826.7458816317646	-1.2103904408111248	683508.7527950838	1.465045019206949	894.459826628637	632.7313788988575	1.166247	30.292992	0.1897911773615598	0.0782385428814475	-0.1263212452	0.0435740925	0.0220605422	0.0361252315	-0.0870773271	-0.1593789764	-0.1384555606	-0.0418756432	0.0843314364	-0.082465682	0.0034069572	-0.0224219843	0.0876977337	-0.1138992775	0.0557501522	-0.1167746903	-0.0649806336	-0.05851015	-0.0190204804	-0.0764032381	-0.0739447201	0.0347786045	-0.0673800743	0.0658887515	0.1319888951	-0.0352986306	-0.0723088693	-0.0830583439	-0.0485707092	0.0670259992	0.1659735626	-0.0175334942	-0.0801383757	0.0381896739	0.1084378306	0.1279150111	-0.0514574508	-0.0725999277	0.1723124575	0.1186473157	0.0685037586	0.0529585841	-0.0342995509	0.0922094798	0.186173517	-0.1390082821	-0.027263338	0.0988528768	0.0844059372	0.0517848967	-0.0760604307	-0.0144296823	0.139367506	0.0866690197	-0.1024411681	-0.0170186929	-0.0591340604	0.099738035	0.0136196016	-0.0148282951	0.1118371481	0.1720220056	-0.1199832637	0.0789174202	-0.0078878858	0.1279145966	0.1239217578	-0.0284748921	-0.0299447764	-0.0253719458	0.0206681907	-0.0833174752	-0.0137493346	-0.1254495015	-0.078140381	0.1344258898	-0.0042225816	0.0816912738	0.0898005841	0.0688944861	0.1484376584	-0.055306055	-0.1283505477	0.0034561758	-0.0094042438	0.0044070742	0.1148303512	-0.0248928659	0.0408853358	0.0011060703	0.0181513186	0.1234845946	-0.0756071692	-0.1296655761	-0.090599679	0.0727415149	0.1007717174	0.0477691779	0.0151532493	-0.0835407147	0.0519972777	0.0027427396	0.0361581419	0.1381356435	-0.0113507059	0.0092488456	0.085306565	-0.0460406232	0.0739002971	-0.0121530163	-0.0711328131	-0.0515807628	0.1277366958	-0.0885953913	0.0	0.0191701057888167	-0.0156430430545526	0.0003674929559544	0.0002447047960065	0.0547288377653245	0.0359794081338264	0.0029952456831432	0.0012945178096604	0.0485474090551107	-0.0497015465566407	0.0024702437301219	0.0023568509259642	0.0054772591663082	-0.000870677673777	7.580796116137291e-07	3.0000367974907195e-05	0.0047729530185363	-0.0004067930916552	2.2781080517154776e-05	1.6548061941847696e-07	0.0030639750090721	0.0004918728268984	2.4193887784112146e-07	9.387942856218374e-06
810.55726799781	0.9789161402128456	0.9582768095692156	657003.0847040735	1329.9312270908422	2.378453087560956	1768717.0687913531	5.657039089728245	827.3984303972895	0.652548765524898	684588.1626238984	0.4258198913880683	895.0431786295918	631.7747810612555	1.006559	26.145134	0.1837515280835484	0.1006542960954277	0.0095003275	-0.1009194116	0.0496515521	0.0406514903	0.10797664	0.0190474698	0.0170974998	0.0891640028	0.0155438003	0.0380157032	0.0303867941	0.0785705788	-0.0638983669	-0.0377007429	0.0129020403	0.0428339301	-0.0508096457	0.0509809498	0.116446535	0.0016540704	-0.0196449371	-0.0844074686	-0.0052110351	0.0143208026	0.1724763324	0.0985507848	-0.0219659451	0.1829696138	-0.0373284657	-0.0427297798	0.0917690935	-0.0555771722	-0.0492674367	0.1219535685	0.0885808085	-0.1047193225	-0.0637155031	0.1606828712	-0.1165561302	-0.099095166	-0.0542985359	0.0006744656	-0.0217934391	-0.1205245718	-0.0658144327	0.1507809109	0.0976830512	-0.0420810799	-0.1621880595	0.0008915785	0.1687294841	-0.0795654964	0.0025182701	0.0512337434	0.0888714675	-0.0175961186	0.0874281036	-0.013149946	-0.0562451887	0.0190496375	-0.0705289641	0.0299395555	-0.0286107365	0.0715511686	-0.0283199485	-0.0182843258	-0.1958662514	0.0492831401	-0.1159781872	-0.0413143027	0.0216626899	0.0201652277	0.0651124504	-0.0047245562	-0.0885058169	-0.0250841343	0.1359472809	-0.0463406558	0.0215071611	0.070030704	0.0531379473	0.0934202877	0.0386002786	-0.1212303541	-0.0618673179	0.2049448384	-0.055353666	0.0317801733	0.1039856719	0.0749337366	0.0818885325	-0.0743384098	-0.0541239326	0.0110285985	0.0088654609	-0.0055405159	0.0539916952	-0.0282729476	0.0105117123	-0.1103789741	-0.1371114921	-0.0659477229	0.0131990837	0.1349113319	-0.1213569704	-0.004906512	0.0190969314	0.1475268647	-0.0006908576	0.0124110636	-0.0739689949	-0.0452319084	0.1255848477	-0.0980777428	0.0	0.0304814329823273	0.0113113271935106	0.0009291177566561	0.0001279461228786	0.1219430764150786	0.0672142386497541	0.0148701138855736	0.004517753877266	0.1154827065432044	0.0669352974880937	0.0044803340498196	0.0133362555105438	0.0049041521028815	-0.0005731070634266	3.284517061495749e-07	2.405070784819704e-05	0.0047132424431308	-5.97105754055003e-05	2.221465432772959e-05	3.5653528152559373e-09	0.0029309793528605	-0.0001329956562115	1.768784457115402e-08	8.590639966894556e-06
813.7019713182276	3.144703320417648	9.88915897344578	662110.8981271697	1333.348115403218	3.416888312375704	1777817.1968493129	11.675125739249689	829.3899853347086	1.991554937419096	687887.7477735082	3.966291068758379	896.868487351077	640.2897677806594	0.996956	25.895693	0.0903137421848414	0.0681145396570614	0.1116907635	0.076979777	-0.0910208843	-0.0309053955	-0.0640926477	0.0960294696	0.1306661928	0.0035885666	-0.0037397317	0.0329961208	0.068718027	-0.0829299702	-0.0586155891	-0.0392952345	-0.0559045115	0.1593321875	0.0338990876	-0.052167954	-0.0091661911	0.0060091057	0.0051477242	-0.0508554211	-0.1369101021	-0.0262799511	0.0298697183	-0.0261863376	0.1513159478	0.0164506762	0.0716968672	-0.0240563676	-0.1445673422	0.115058335	0.0279976265	-0.118692291	0.0848727143	0.0749134143	-0.0190074486	-0.0627450424	0.161252702	-0.112368374	-0.0364633932	-0.0652944891	0.0971627584	-0.0634413116	-0.0024821983	0.1673182134	-0.0723501231	0.1602501761	0.0868040578	-0.0316195383	0.1593460758	-0.1042612208	-0.1109224609	-0.0523574676	0.062718624	-0.004632407	-0.1017223086	-0.078102111	-0.0653506637	-0.0700928148	0.0953510682	0.0205303823	-0.0605211283	0.0607129559	-0.0123275931	0.0883997837	-0.1507399545	-0.0616419758	0.0425421446	-0.098189818	-0.0568496738	0.0481995474	-0.0770272462	0.1251580234	-0.0940236721	-0.0591703911	-0.0263800456	0.0095253374	-0.0965189497	-0.0402488808	0.0025722215	-0.1093844433	-0.0089085564	-0.0282748283	0.0452562721	0.024983489	-0.0931259995	0.0184147376	-0.0799283906	-0.0050635155	0.0677604289	0.1122067581	-0.0468244167	0.0719388296	-0.0164209019	-0.0831883587	-0.0338341637	-0.1262296981	-0.0369436808	-0.1217551858	-0.0852313776	0.0582505208	-0.0239626871	0.0670616681	-0.0962119681	-0.013087355	0.0043942357	-0.1006287331	0.0017489509	-0.0722552215	-0.0767536265	-0.0387569845	0.1226456664	-0.1064674152	0.0	0.0346983495152954	0.0042169165329681	0.0012039754590856	1.7782385046019713e-05	0.0548205699903547	-0.0671225064247239	0.0030052948940673	0.0045054308687371	0.1193934829765339	0.0039107764333295	1.529417231148542e-05	0.0142548037772678	0.0050229147722204	0.0001187626693388	1.410457162850089e-08	2.522967280898992e-05	0.0045309122359167	-0.000182330207214	2.052916568957967e-05	3.3244304462736535e-08	0.0029311573321839	1.779793233997948e-07	3.167663955784873e-14	8.591683306015438e-06
812.1125148106564	-1.5894565075711853	2.5263719894603893	659526.7367120887	1331.522883254638	-1.8252321485799712	1772953.188630744	3.331472396209858	827.9552712525136	-1.4347140821950006	685509.9311948235	2.058404497648643	896.8815968485964	640.2031291427079	1.17401	30.49465	0.1670367136857808	0.1045523395133408	-0.1338270775	-0.0973938929	0.0504075147	-0.1156682844	-0.057664315	-0.082250305	-0.0801653269	-0.0762813697	0.0109105342	-0.0933875269	-0.1041710352	0.0906130187	0.0762285655	-0.1965467589	-0.0559618431	-0.1782562552	-0.0112495531	0.1321875413	0.0689288162	0.0279301724	-0.0725074614	-0.0287542346	-0.0562701643	0.116589465	-0.038369549	-0.0161259689	0.0663349041	0.2180342236	-0.0645057114	0.1899392003	0.0321217131	0.0909919417	-0.0686140846	-0.0576245922	-0.0604232338	0.0323648173	-0.1331982148	0.0138400986	0.0014218977	0.0983661769	0.0478201987	-0.0582072288	0.0709562784	-0.0278630505	0.0649200958	0.0018863088	-0.0239923467	0.0489989765	-0.0328669827	0.1289535696	0.0561341466	0.0525749119	0.1004472878	0.0272015759	-0.1270027207	-0.1540663626	0.1357918257	-0.0340421473	0.042243136	-0.0825240123	-0.0436791401	0.0629867617	-0.1010692206	-0.0681038134	0.0369675662	0.0995864274	-0.112791013	-0.1171488817	0.0312571663	0.1020788201	0.0533678632	0.0210925385	0.0463143779	-0.0190657956	0.0953750233	0.0781103285	-0.0377071765	0.1083377436	0.228855562	0.0177468247	-0.0504729979	-0.235098368	-0.0467410414	-0.1607384276	0.0013150265	-0.0397490573	0.161156079	-0.0470951732	0.0126460348	0.0537571989	0.1187791312	-0.0935532271	-0.0931014202	-0.0750157482	-0.1403054767	-0.063694249	0.0379597375	0.0488096216	-0.0798150994	-0.0428419607	0.0178285687	0.0830240383	0.082812034	-0.1388942097	-0.0051508302	-0.0501464015	-0.0402381367	-0.0407279053	-0.1534211784	-0.0817967512	-0.0794847672	-0.032174038	0.1189375786	-0.1136709395	0.0	0.0289591691835227	-0.0057391803317727	0.0008386334797998	3.293819088060659e-05	0.0395310928006864	-0.0152894771896682	0.0015627072980164	0.0002337681127333	0.0237259665842941	-0.0956675163922398	0.0091522736926594	0.000562921490359	0.0054377862724017	0.0004148715001812	1.721183616626823e-07	2.9569519544320378e-05	0.004804665398751	0.0002737531628342	2.3084809593955102e-05	7.494079416178262e-08	0.0026129711997575	-0.0003181861324263	1.0124241486847052e-07	6.827618490762149e-06
811.3025715889527	-0.8099432217037474	0.6560080223838458	658211.8626668476	1327.869093931008	-3.653789323630008	1763236.330617156	13.35017642147263	826.8024508986013	-1.1528203539123751	683602.2928119339	1.328994768394654	895.0722273398607	646.4587640466157	1.028874	26.724762	0.0751322383652808	0.0465740076539374	0.0401423061	-0.00325145	0.1356757748	0.0170599643	0.1941181005	-0.0293589353	-0.0345482086	0.0066483426	0.0759408101	-0.0610778917	-0.071192208	0.0633423777	-0.0294990518	0.1004394203	0.0572063038	-0.0629781047	-0.0106163798	0.0277069293	0.0730902506	0.0826808292	0.125330054	-0.1398946036	0.0140082224	-0.0670809581	-0.0057883655	-0.0325146251	-0.060197246	0.0395840762	0.0563587999	0.0048592372	0.0606604766	0.1170240652	0.0731698198	-0.0011669304	-0.1268974668	0.0112254769	-0.1031345225	0.0971432441	-0.0677418602	0.1103952672	0.0604073701	-0.0062296538	0.2176469049	0.1084509712	-0.0551260425	-0.0183087855	-0.0074058234	0.0425630445	-0.3712855328	0.1492008615	-0.0224038219	0.0442200471	0.0217652249	0.099984082	-0.0432272874	-0.0200647448	0.0352580886	5.1493e-06	-0.02664085	0.0772180837	-0.1681372022	-0.0701258231	0.1538138569	0.022933701	-0.0114898181	-0.0213585715	-0.048281296	-0.0832770362	-0.0102787212	-0.0083848215	-0.0454893243	-0.0748951449	-0.0217987927	-0.0143696309	-0.0909815442	-0.1017704807	-0.0168547206	0.1742883916	0.1143660477	-0.0445137954	0.0454548051	-0.014710269	-0.0253688079	0.008546941	0.0626286013	0.0143228342	0.018049929	-0.0786480172	0.1165302018	0.0055941532	0.0924075679	-0.0794258768	-0.0428662323	0.116915591	0.0102880439	0.0437087744	0.0271549918	0.0537408543	-0.0512358431	-0.0028352628	0.0048791279	-0.0027502862	0.0079903292	0.1323623841	-0.0506734132	0.0356584859	0.1072735465	-0.0481616808	-0.0451414216	-0.122386351	-0.0821605138	-0.0255014167	0.1144838316	-0.1196080616	0.0	0.0291047103722092	0.0001455411886864	0.0008470841658501	2.1182237604279244e-08	0.0576648171714424	0.018133724370756	0.0033252311394158	0.0003288319595545	0.0656933010033924	0.0419673344190982	0.0017612571582444	0.0043156097967223	0.0054907801655309	5.299389312920025e-05	2.808352708989097e-09	3.0148666826187543e-05	0.0048782091531036	7.354375435260005e-05	2.379692454142374e-05	5.408683804275579e-09	0.0027841463200105	0.0001711751202529	2.9300921793628946e-08	7.751470731228009e-06
809.7231784606685	-1.5793931282842095	2.4944826536713816	655651.6257364475	1334.0258821572634	6.156788226255458	1779625.054265465	37.90604126295782	827.3664626021828	0.5640117035815138	684535.2634388491	0.3181092017769213	895.1138333383764	634.0987918865607	0.900242	23.383572	0.1390926721347679	0.0657278614802235	0.1260307956	0.1112778344	-0.0265590742	0.0773484363	0.0824123626	-0.0254415746	0.0599350781	0.0470647371	0.0089436058	-0.1001805396	-0.1099797702	-0.0318512356	-0.0679485145	0.0582889196	0.1181826415	0.0860947709	-0.1112570891	-0.0876393826	-0.0410907397	0.06826414	0.0178183283	-0.010129758	0.0596381895	0.0826239361	-0.0824835108	0.1494111852	-0.0364992253	-0.1962842509	0.090694607	0.1203530435	0.1029212719	0.0839402927	0.0179404702	0.00799797	-0.0631806554	-0.1115330599	0.0326132556	0.1194925681	-0.2266052888	0.0310862859	0.0345915247	-0.0713165593	-0.0874053547	0.1228303475	0.0845601243	0.1026650079	-0.0879588623	0.0008644615	0.1124166726	0.0407001092	-0.1551362435	0.0212240282	-0.054261263	0.0928864052	0.0344067005	-0.0053565767	-0.1755311694	0.0908418972	0.0077095962	-0.0384535426	-0.1045947693	-0.0363227316	0.0325092512	-0.0605035454	0.1937591134	-0.0033832878	-0.0429170244	0.1404217591	0.1093231699	-0.051922524	-0.0666215125	0.0574857209	0.0702182124	-0.190895182	0.150489489	-0.054062295	0.0452667798	0.1895851913	-0.0737892957	-0.1033925856	0.0330730522	0.0524942675	0.0017714217	0.065786681	-0.109522292	0.0295304689	-0.0653068684	-0.0452776855	0.0393040365	-0.0533221478	0.1156960618	0.1012656885	-0.0879153369	0.1346621756	0.0787454033	0.0883895771	-0.0063238027	-0.0893588143	-0.0633326115	-0.0999201003	0.0194362693	0.0245075885	0.112858417	0.0974792726	-0.0747121991	0.0912653276	-0.020669469	-0.0497461777	0.0731678689	0.0320036454	-0.0847790013	-0.0187577183	0.1093123473	-0.1242126365	0.0	0.01579982890064	-0.0133048814715692	0.0002496345932894	0.0001770198709725	0.0176171094480253	-0.0400477077234171	0.0003103625453037	0.0016038188939002	0.089079831908819	0.0233865309054266	0.0005469298277904	0.0079352164529034	0.0051669479383477	-0.0003238322271832	1.0486731136243208e-07	2.6697350997595543e-05	0.0041301937407645	-0.000748015412339	1.7058500336250253e-05	5.595270570968335e-07	0.0029593697211753	0.0001752234011648	3.070324031576048e-08	8.757869146609172e-06
809.2308267664556	-0.4923516942128572	0.2424101907942708	654854.5309891213	1330.6786954165325	-3.3471867407308764	1770705.7904354448	11.203659077324588	825.6942820953429	-1.6721805068398226	681771.0474849438	2.7961876474550857	894.5500414793817	634.7798422463933	0.830434	21.570341	0.1219167841911858	0.0678674236650596	0.103471995	0.0412263425	-0.0669660087	0.062898983	-0.0754380718	-0.0983040132	0.0606892643	-0.0050182459	0.0542038123	-0.0287057827	-0.0355695529	-0.0106683528	-0.0103704304	0.0657363606	0.1669802922	0.005324702	-0.0161664793	-0.0953897298	-0.0138102103	0.0309365564	-0.0169015704	0.034155565	-0.1045409133	0.0429549288	0.031728897	-0.0885577794	0.1750671623	-0.0594153593	0.0909977608	-0.1807330416	-0.0069477857	-0.1019723069	0.1846232421	-0.0625645815	-0.1454970631	-0.1522982977	-0.022662796	-0.050895463	0.0516278658	0.0978603795	0.0750707805	-0.1186784091	-0.1446483154	0.0176292517	0.0295766962	-0.0355743649	-0.0643029261	-0.0633534443	0.2158647669	0.031499948	0.1148843635	0.0940250986	-0.0814701764	0.1099302091	-0.0202211967	0.0343759186	-0.1033130904	0.1234459833	-0.0090321382	-0.0160912253	0.0351003088	0.0809454108	0.0015281379	0.0457685439	0.0615668193	-0.0140122523	-0.0422921298	-0.0782863699	-0.1038360507	-0.0535849307	-0.0658836936	0.010586045	0.0337136727	-0.0889643953	0.0833815649	-0.1882994287	-0.04186983	-0.1153804908	0.0056812412	-0.1407242444	0.1440888166	-0.0620843115	0.0750439204	-0.0778651206	0.1312550577	-0.1026791516	-0.0901579171	-0.0409701216	0.002483934	0.0164700287	0.1146014928	0.1188836182	-0.0044346641	-0.0728004287	-0.0447000108	0.1131303632	0.0151816557	-0.098033648	0.0154723359	-0.0776005661	-0.1206005383	-0.0065957163	0.1326219518	0.090362341	-0.0939293089	0.1155419418	-0.0273334404	-0.0396075855	0.1583366223	-0.0308077681	-0.087338405	-0.0119617388	0.1034555476	-0.1274333647	0.0	0.0267919547735289	0.0109921258728889	0.0007178088405868	0.0001208268312054	0.0734683327548708	0.0558512233068455	0.0053975959177804	0.0031193591448711	0.0891184139751004	3.858206628139238e-05	1.4885758385417547e-09	0.0079420917094373	0.005612791322408	0.0004458433840603	1.987763231103406e-07	3.1503426428898546e-05	0.0045290838721694	0.0003988901314048	2.0512600721144963e-05	1.5911333693221826e-07	0.0032153332646135	0.0002559635434381	6.551733556943926e-08	1.0338368002530106e-05
811.9851060419642	2.7542792755085657	7.586054327495989	659319.8124339798	1332.0423876051232	1.363692188590676	1774336.9223767573	1.8596563852232275	828.156683144955	2.4624010496120263	685843.4918376533	6.063418929130409	896.3905351311728	630.9478739625919	0.944501	24.533201	0.0827250626265989	0.0428662754545909	0.0029916764	-0.0898621618	-0.0782893025	-0.1508572751	-0.1313052887	-0.093558055	0.074851498	-0.0416794311	0.0471310504	0.0052750116	0.134405441	0.0462403941	0.1408738122	-0.0768788401	0.0041270394	-0.0592406485	0.0848323489	0.0480759386	0.0528130265	-0.0398287596	0.0068943217	0.0659314244	-0.0663689971	0.0468303546	-0.1341637967	0.02148246	0.0738276499	0.0074577188	0.0149477601	-0.1051035469	-0.2394185629	-0.1697182596	-0.1646285381	-0.0238620704	0.0497493608	-0.0917262908	0.0704162068	-0.1379176377	-0.0598272727	-0.0782614962	-0.165204541	0.0907925548	-0.1415780832	0.0052208126	0.0483323902	-0.041609404	-0.0410538446	0.1530495387	0.0779569069	-0.0683628631	-0.1018089587	-0.0726918937	-0.0843081577	-0.0355723551	-0.0959398466	0.0178611171	0.1492318942	-0.0039689287	-0.0456060218	-0.0522510731	0.164643928	0.0893121567	-0.0595517331	-0.0582270804	0.050491832	-0.0429665991	-0.0555393236	-0.0307691215	0.0677698651	0.1365865459	0.0208627194	0.0588899073	-0.0208380825	0.0448441869	0.1154898198	0.0012124801	-0.0510531885	-0.2581963979	-0.1201873105	0.0414020016	-0.1093595616	0.0909797231	0.0463230326	0.0115468103	-0.0625634028	-0.0653324144	0.0040350392	-0.053659146	-0.121669917	0.010519273	0.139691409	-0.0146507096	0.0175784559	-0.1170630578	-0.1182287879	-0.0794286743	-0.0647218728	0.0061188562	0.0057870277	-0.0152184584	-0.0636108673	0.0446177746	0.025536558	0.023482897	-0.0098735874	-0.1878992208	0.0152039981	-0.0285609524	0.0659688066	0.0542187683	-0.0898369411	-0.0051324198	0.0969501507	-0.1292343642	0.0	0.0241036078594021	-0.0026883469141267	0.0005809839118398	7.227209130695087e-06	0.0570384944574158	-0.016429838297455	0.0032533898499686	0.0002699395864805	0.0558946670466582	-0.0332237469284422	0.0011038173599651	0.0031242138042567	0.0058011688984998	0.0001883775760918	3.548611117422194e-08	3.3653560588921384e-05	0.0044339493668987	-9.51345052706996e-05	1.9659906988221384e-05	9.05057409310077e-09	0.0028911827362445	-0.0003241505283689	1.0507356504190165e-07	8.358937614358235e-06
812.2930863492844	0.3079803073202356	0.0948518696970667	659820.058130846	1329.182253545912	-2.8601340592110773	1766725.4631413894	8.180366836659234	827.7293400811491	-0.4273430638058926	685135.8604311745	0.1826220941830072	894.959031705743	636.4692105950776	0.971166	25.225807	0.1026566578694095	0.047094214276795	-0.0530596355	-0.0142640187	0.0683072238	-0.1930815196	0.1521197998	-0.0900246642	-0.0310601666	-0.1627946692	0.1061192802	0.0833343825	0.1110222886	0.030570754	-0.0471201921	-0.135940634	0.0068426007	-0.122387032	0.0481558669	0.0930696987	0.0440269182	0.0541679307	0.0721661433	-0.0071900419	0.0503491948	-0.0700560442	-0.1231650587	-0.0998019357	0.0310275272	-0.0419785698	0.2947555737	0.0906411826	0.0204928008	-0.1815496542	0.2119951837	-0.0839563135	0.0826198178	0.0660282467	0.1080547955	0.0361170237	0.0884824118	0.0098738098	0.039199196	0.1182348442	0.141118109	-0.1140760443	0.1206944602	0.0016330703	-0.0511895141	-0.0512642203	-0.0010656828	0.0209593133	-0.0725661171	0.0408059897	0.0478822623	-0.0155859972	-0.1546942597	0.0513676238	0.0991635972	-0.1022469757	-0.0650027797	0.0457774934	0.0331935355	-0.1934790293	-0.0066622174	-0.0259138429	0.1196525486	0.0437865229	0.0898188707	0.0789883576	-0.0699498054	0.1446833777	-0.1553091382	-0.2713090635	-0.098231587	-0.0617505087	-0.0143555329	-0.0540871368	0.0551594749	0.0011568574	-0.1588534896	0.0562504267	-0.0174441739	-0.0887606158	-0.0053357002	0.0095161088	0.1116814001	-0.1226343336	0.1665502509	-0.1104562779	-0.0445451555	0.0150978773	0.1844573197	-0.1398365106	0.0432120057	0.0389017751	-0.0175798427	-0.0458722906	-0.0219112256	0.1672593091	-0.0110304183	0.0527186775	0.0338515194	-0.042920761	-0.1136722656	0.1972728512	-0.0273951789	-0.0364911603	0.1683544912	0.0393561131	-0.0285675594	-0.0158001755	-0.0922728684	0.0017112041	0.0898369411	-0.1295955703	0.0	0.0187262623962993	-0.0053773454631028	0.000350672903335	2.891584422955228e-05	0.0714804087726719	0.014441914315256	0.0051094488383082	0.0002085688890891	0.0172691916695626	-0.0386254753770956	0.0014919273481066	0.00029822498092	0.0054640290742792	-0.0003371398242205	1.1366326107549702e-07	2.9855613724568417e-05	0.0040390303580586	-0.0003949190088401	1.6313766233318983e-05	1.5596102354324713e-07	0.0027390031150261	-0.0001521796212184	2.315863711417576e-08	7.50213806412268e-06
813.2095000969771	0.9164137476926726	0.8398141569601294	661309.6910479753	1331.12720305977	1.944949513857864	1771899.630725726	3.7828286114559417	827.7885903202335	0.0592502390844629	685233.9502643595	0.003510590831566	895.0738541754748	645.275150461967	0.914399	23.751289	0.042389614084919	0.026309787701113	-0.0256658231	0.1693753614	0.1073276128	-0.0978413314	0.0623367992	-0.0390837006	-0.1011939166	-0.0609435024	0.0656076432	-0.171173973	0.0384179014	-0.1083977199	-0.1701933468	-0.0784014894	-0.0133093842	-0.066255361	-0.1523552051	-0.006186649	-0.0183870779	0.198556953	-0.0503122073	-0.0372162291	0.0528576538	0.0458541906	-0.0459500216	0.0390198987	-0.0222238867	-0.1379759182	0.0641493039	-0.1123663271	0.1393005148	0.1328706289	0.0144010273	-0.132176124	0.1508683789	-0.0659247189	0.0037915318	0.0445775337	-0.1731606346	-0.043104229	-0.1897044667	0.0522604115	0.080397175	-0.0953741739	-0.0201462037	-0.110216926	0.0752298185	-0.1311662431	0.0786134965	-0.1274288885	0.036456737	0.0205979567	0.1183113112	0.1076172715	-0.0574284444	-0.1106585025	-0.1266269575	-0.0303561807	-0.0995462314	-0.0412494398	0.034095779	-0.1261023522	0.0527654071	0.0016038199	0.1855769673	0.0727688137	-0.0638089462	-0.0144952047	0.0951217623	-0.0368329771	-0.1000663289	0.1525766593	0.0212589418	-0.0891770283	-0.0625661695	0.0365007724	0.1565167643	-0.0669386503	-0.0384677488	0.0539587749	-0.0944065837	0.2190655316	0.1949587144	0.046977702	-0.007878591	-0.1295250608	0.1466669794	-0.0963154917	0.0656501031	0.0083822132	0.1669739009	0.0884929773	0.1336155563	0.0658687176	0.0054707252	-0.0285093339	-0.0119830623	0.1231282635	-0.156822773	-0.0159156176	-0.0858937131	-0.1308295761	-0.049288754	-0.0253365348	0.0775269455	-0.0025544459	0.0682303793	-0.0232986768	-0.114521925	-0.0573301295	-0.0946444892	0.0085500587	0.0821605138	-0.1285129588	0.0	0.0187421731930186	1.5910796719299097e-05	0.0003512690559971	2.531534522428589e-10	0.0571447100328441	-0.0143356987398277	0.0032655178847378	0.0002055122583591	0.0178315366738246	0.0005623450042619	3.16231903818428e-07	0.0003179637001499	0.0055127584943746	4.87294200953994e-05	2.3745563828339147e-09	3.0390506217299306e-05	0.004127961190961	8.893083290239991e-05	1.7040063594080156e-05	7.908693040714575e-09	0.0023271501771417	-0.0004118529378844	1.6962284244401165e-07	5.4156279469706445e-06
812.1683740359044	-1.0411260610726458	1.0839434750446426	659617.4677841248	1322.4157767017273	-8.711426358042672	1748783.4864696327	75.88894919160062	826.6514071552946	-1.1371831649389603	683352.5489518286	1.2931855506205912	891.869748761577	642.6347828474104	0.905823	23.528543	0.1183056835900996	0.0700591170362252	-0.0389036509	0.088327977	0.1554784967	-0.0135615649	-0.1025591167	0.0029977275	-0.1440534381	0.1390770976	0.1311776231	0.0368111244	-0.0762657595	-0.0421713286	0.048536739	0.0291712743	0.0287385919	-0.1460831658	-0.1558125527	-0.067100981	-0.0661866877	0.0101164162	0.0064000315	0.1025785856	-0.1071498501	0.095453944	-0.0326881722	0.0345555126	0.0835018176	0.009578425	0.0792829594	0.0202454743	0.09156061	-0.0487420773	-0.043150731	0.0274584832	0.0099764594	-0.1068726864	-0.0949861457	0.162988448	-0.0706191027	0.1324076334	-0.0590557745	-0.1665350732	0.0343368867	-0.1607482795	-0.0093909587	-0.0083796852	0.1300725497	0.0353138315	0.0762135772	0.0893065312	-0.0192169363	-0.1588467928	0.1335503039	0.0817789151	0.0346855198	0.2031840163	-0.0069748317	0.0893822333	0.0251238315	-0.2280467743	0.0518344929	-0.0505305991	0.0691981241	-0.022613861	0.1037789561	-0.012020811	-0.1404090408	0.0437319646	0.0597923859	-0.005717095	-0.2132374693	0.0167237795	0.0602044871	-0.0949901014	-0.0012796335	-0.0222214273	0.1122530394	-0.0230135492	0.1034910674	-0.00325412	-0.0287976763	-0.0272671438	-0.1420171793	-0.0543337916	-0.0878314003	0.1282874685	0.0922772498	-0.0281180977	0.1805847906	0.0115236011	0.0839548544	0.1064141767	0.1387760168	-0.0298290402	-0.0373176619	0.0079048402	-0.1371724533	0.1053027614	-0.0252702462	-0.0322067286	0.034248339	0.0987136642	0.0592519292	0.0190619735	0.0217156708	0.1059016093	0.0610928298	0.0465907919	0.0431210494	-0.039419323	-0.0969501507	0.0153650827	0.0739689949	-0.1259985909	0.0	0.0157432373626988	-0.0029989358303198	0.0002478495226582	8.99361611437591e-06	0.0956724433119688	0.0385277332791247	0.0091532164092818	0.0014843862316273	0.0730532216953747	0.0552216850215501	0.0030494344966192	0.0053367732000735	0.0056160812236966	0.0001033227293219	1.0675586394547238e-08	3.15403683111575e-05	0.0041299983166875	2.0371257265002635e-06	1.7056886095841586e-05	4.149881225569226e-12	0.0026529369112753	0.0003257867341336	1.06136996137437e-07	7.038074255206928e-06
817.1349257596307	4.9665517237262975	24.666636024448657	667709.4868961972	1331.9524202379573	9.53664353623003	1774097.249777752	90.94756993711805	831.0488286968284	4.397421541533845	690642.1556783705	19.337316213945897	897.0277014852717	648.0416976650309	1.105088	28.704414	0.2371090980609333	0.1297610723808347	0.0630674388	-0.0825640045	0.0585862168	-0.1026572134	-0.1346427957	0.2385200364	0.080043709	0.2377084707	-0.0517222979	0.1399464767	-0.0170572081	0.128699788	-0.0614900472	-0.0775426178	-0.1789822983	0.1094421069	0.017237165	0.0085797137	0.1478332124	0.0321717865	-0.0231219184	-0.0532581773	0.0570373568	0.03766167	0.0730868727	-0.0715550878	0.2708428991	-0.1174977608	-0.0699599549	0.0321492968	0.0799006076	-0.15329148	0.0427834422	0.0518599431	-0.0719979735	-0.0081448928	0.1161809636	-0.0242592464	-0.0525923269	0.1212266173	-0.0622834529	0.0176376576	0.1196462349	0.0398441305	0.1260741324	-0.0568362052	-0.0920428211	0.028530984	-0.1070136411	0.1062931157	-0.1341304681	-0.0697541472	-0.0482442925	-0.0770025743	0.1831152461	0.0099955915	0.097368977	-0.02960144	-0.1397232353	-0.1394334338	0.0134306983	-0.086560412	0.027830251	0.0691716288	0.0333572452	-0.005387112	-0.0245431004	0.0667798185	-0.2741840544	0.0821737882	0.0317737874	0.0570154184	-0.0627365956	-0.2515968539	-0.0573550787	-0.0639276079	-0.0867059154	-0.1408366815	0.0595223986	-0.0653594507	-0.0393351127	-0.1045575035	-0.0877502893	0.186642192	-0.0055647309	0.1046877264	-0.1030546515	0.0928038791	0.0693274799	0.1171413496	0.1207705481	-0.0119087231	0.1689334448	-0.022951198	-0.0104629885	-0.1512718383	-0.2197587211	0.0257143939	0.039580746	-0.1677203415	-0.1156749763	-0.0793564871	-0.032293163	-0.1137109853	-0.0632620345	-0.0680310001	-0.0354354278	0.1278296932	-0.0643726068	-0.0347603072	-0.0991882461	0.0221372814	0.0653137397	-0.1220804792	0.0	0.0240997427220293	0.0083565053593305	0.000580797599268	6.983118182051942e-05	0.1781038385086191	0.0824313951966503	0.0317209772915042	0.0067949349140663	0.1616552937259072	0.0886020720305325	0.0078503271681036	0.0261324339896093	0.0048140840750235	-0.000801997148673	6.431994264797817e-07	2.317540548139487e-05	0.0044530081644027	0.0003230098477152	1.9829281712237105e-05	1.0433536172099677e-07	0.0026823124243754	2.9375513100100056e-05	8.629207698941501e-10	7.194799941958635e-06
815.3260608526128	-1.808864907017892	3.271992251840846	664756.5855054385	1336.7687425908357	4.816322352878387	1786950.671167884	23.196961006836005	829.9524434407552	-1.0963852560731766	688821.05837328	1.202060629734645	898.111443058137	649.4278649869173	1.082509	28.117928	0.2715801256208006	0.1757348872744033	0.1140392123	0.0053692982	-0.035319436	-0.1868398827	0.0364679584	0.1986393839	0.1713894534	-0.0314725421	-0.0548217827	0.1347954469	-0.0979322051	-0.1742453077	-0.0039481923	0.0505683054	-0.0846825413	0.1291164359	0.0768707284	0.0307518937	-0.0827241505	0.0386952898	0.0873548196	0.0210034601	0.1059837541	-0.0858421822	-0.0993109312	-0.0632721105	-0.0042325165	0.1436718238	0.1388418255	-0.0387848645	-0.0164893043	-0.0046128991	-0.0118275648	0.0324278214	-0.0224658167	-0.0099251015	-0.1555122941	0.1368582698	0.1680762354	-0.1171601538	-0.1606377138	0.1569609127	0.0714673728	-0.0566023924	-0.0542160295	-0.2129932729	0.0273226611	-0.0430960002	-0.0317381707	-0.0712906457	-0.1043453875	0.050993235	-0.1569483394	-0.1428183228	0.0177992313	0.0604225805	-0.0247953375	-0.1748649276	0.0658651178	-0.0001588274	-0.0947255895	-0.0811864717	0.0937513575	-0.1869628175	-0.0281162808	-0.073086409	-0.0639091656	-0.1088894629	-7.15334e-05	0.1648865158	-0.0352097462	-0.0591455073	-0.1271395385	0.0802527436	-0.1342427686	0.0181262297	0.0250968426	-0.0778030289	0.1182981957	0.0858058667	0.1340731927	0.0387774798	0.1378405158	0.0743665902	0.0083941678	-0.095855599	-0.0539961743	0.039303838	-0.1393647634	-0.1443907014	0.0121169812	-0.1190119066	0.1103483141	0.1714489817	-0.0086893945	-0.1119325548	-0.1626001974	0.0764638378	0.0381646409	0.0505129295	0.175106451	-0.0686593218	-0.0172665165	-0.059415432	-0.0861014806	-0.0701602194	-0.1248935885	-0.0291069085	0.0165557328	-0.044610121	-0.1013572156	0.0288477796	0.0562490111	-0.116802275	0.0	0.0186364389735871	-0.0054633037484422	0.0003473168576162	2.984768784774259e-05	0.011325587447672	-0.1667782510609471	0.0001282689310348	0.0278149850269483	0.1878378994843785	0.0261826057584713	0.0006855288443035	0.0352830764827034	0.0059911778641722	0.0011770937891487	1.3855497884524444e-06	3.5894212200146966e-05	0.0043934197579351	-5.9588406467600205e-05	1.9302137169414515e-05	3.550778185347938e-09	0.0024558753189329	-0.0002264371054424	5.127376272117773e-08	6.031323582143774e-06
811.1759900158817	-4.150070836731175	17.22308794988659	658006.4867782458	1329.5098416567669	-7.2589009340688335	1767596.4190622014	52.691642770625386	829.4556164261858	-0.496827014569476	687996.6196209438	0.2468370824060183	895.209502759328	641.7608979740498	1.157259	30.059546	0.1330796282288424	0.0768073536558742	-0.1279072163	0.1624897001	-0.048637353	0.0484982558	-0.0135464625	0.1051045463	-0.1464873917	-0.023579758	-0.1457062684	0.0371827913	-0.0900601617	-0.1892319749	0.0914559152	0.0578996377	-0.0989985329	-0.0486138265	-0.0076316104	-0.0344376405	-0.1752211187	-0.0921406226	-0.0244837142	-0.0772824712	0.1131808274	-0.1741060355	0.0721077675	0.0046761531	0.0415551643	0.0140703207	-0.0221415924	-0.0570504636	0.0699522692	0.1568805159	-0.0249458499	0.0266470191	0.006906067	-0.003279542	-0.055633774	0.0187456965	0.0458022139	-0.0144819635	0.1107097982	0.0158434059	-0.1132171303	0.0475630864	0.0038221161	0.1088625032	0.076052649	-0.080643587	-0.0804359301	0.0511907009	-0.0484965408	0.0046164494	0.1412756468	-0.1222318213	0.0208449708	0.0765613876	-0.1176771649	-0.0229431762	0.1492746496	-0.0115688739	0.0003504606	-0.1258951017	0.0377776717	0.0268306297	-0.077155642	0.0070631752	0.0394219758	-0.1180312745	-0.0951921771	-0.1596115623	0.0428292224	0.1066012909	0.0161563808	0.0935218373	-0.0611282518	-0.0581515247	-0.0918794811	0.0877262299	-0.0339560914	0.0381944589	-0.0115758043	0.0448290928	-0.0515237614	0.0083389887	-0.004609139	0.0614086529	0.1309839865	0.1527414758	-0.0042960266	-0.1248588171	-0.0861945783	0.1043480954	0.1393419144	0.0204099266	0.0265629265	-0.0042917003	-0.0173252259	0.06101236	0.1458136075	-0.0332371972	0.0294698796	-0.0522203391	0.0561725483	-0.1297045848	0.001430258	0.1255314954	-0.0794434047	0.0546956359	-0.0082399284	0.0073741566	-0.1034555476	0.0354778738	0.0468316386	-0.1102227826	0.0	0.0137828358222407	-0.0048536031513464	0.0001899665633028	2.355746355075973e-05	0.0796493132049676	0.0683237257572956	0.006344013094023	0.0046681315013581	0.212143467779434	0.0243055682950554	0.0005907606501456	0.0450048509214837	0.0062818755814615	0.0002906977172892	8.45051628372095e-08	3.9461960820962256e-05	0.0045236955796301	0.000130275821695	2.046382169716491e-05	1.6971789718307498e-08	0.0027468364004515	0.0002909610815185	8.465835095847326e-08	7.545110210845353e-06
809.712517269457	-1.4634727464247137	2.1417524795278937	655634.3606228406	1331.0711576324147	1.561315975647858	1771750.426680897	2.437707575813223	828.3373636700933	-1.1182527560924882	686142.7880519204	1.250489226508446	895.4459277176223	647.281877529547	1.024876	26.620922	0.083222101065236	0.0458524999123561	-0.0233281111	-0.0136303093	0.0843800288	0.1794735071	-0.1085520215	0.0608531042	-0.0954698652	0.1594347914	-0.1414948422	-0.0932302735	0.0131368756	-0.0476957235	0.0639269127	0.0852091267	0.0138215817	0.0193146636	-0.1342376855	0.0153142244	-0.0671617325	-0.1536763349	-0.0725384348	-0.0432198557	0.0052183955	-0.0659543204	-0.0432378153	-0.069520708	0.0587406095	-0.0639423971	0.0261422945	0.0231115457	0.0116253789	-0.0660854446	0.1837827506	0.0357946415	-0.0225447934	-0.0825455526	0.0077327166	-0.0815076573	0.0827261984	-0.0534536603	-0.0177277358	-0.001310052	0.0780668013	0.0576660234	-0.1209698927	0.0433857859	-0.0815250607	-0.020965284	-0.0938688076	-0.0481601496	-0.0333852067	0.116208963	0.0781754032	0.0432316395	0.1452504279	-0.0042804086	0.0188952822	0.0723633605	0.1916128269	0.0638758643	0.0438848033	-0.038844639	0.089948756	0.1008190003	-0.0531612993	-0.0806513449	0.1038655061	-0.0984827675	-0.0197596014	0.0126456812	0.0508990448	-0.064318948	-0.0677900427	-0.1277390602	0.0952197283	-0.0939665534	-0.0932762569	-0.0361236792	-0.0834293308	-0.0077671383	-0.0245407562	0.0697134523	0.0693218125	0.1096205134	0.0375017794	-0.078029462	-0.0590897305	0.1043297071	0.1451038366	-0.1004507579	-0.1090502762	0.004685194	0.1039036999	-0.0836539247	0.0581075904	0.0117066106	-0.0422659339	-0.0607277132	0.0570796643	0.0219617278	0.1034384029	0.0327626961	-0.1127214129	-0.0747005664	0.0360263191	0.1030259908	0.0403441141	0.0299497302	-0.001654889	0.1510428329	-0.1054817798	0.0420090849	0.0371206631	-0.1024153039	0.0	0.0097632740892095	-0.0040195617330312	9.53215209410296e-05	1.615687652564878e-05	0.0916985618796104	0.0120492486746427	0.0084086262507887	0.0001451843936233	0.2538586094832311	0.041715141703797	0.0017401530473678	0.0644441936087596	0.0065659030912524	0.0002840275097909	8.06716263180201e-08	4.311108340371783e-05	0.0045632001967008	3.950461707069933e-05	2.0822796035170216e-05	1.5606147699025887e-09	0.0029320672526652	0.0001852308522136	3.431046861181356e-08	8.597018374151653e-06
808.5341399308968	-1.1783773385601537	1.3885731520321103	653727.455433795	1333.1741269560614	2.1029693236466755	1777353.2527850566	4.422479976198956	827.7258835290311	-0.6114801410622022	685130.1382639151	0.3739079629134506	895.2883184203065	630.9163502921228	0.994237	25.825064	0.08282788919235	0.0391256116961419	0.043786097	-0.1661587578	-0.0996714894	0.0793691191	0.062229023	0.094408382	0.1035021112	0.0406582246	-0.1227696774	0.0929137028	-0.0681893969	0.0922148179	-0.0848891	0.1360678427	0.0875611625	0.1577515595	0.0435354311	-0.0389973811	0.0209516145	-0.171713836	-0.1133635357	-0.0008296508	0.0737312046	-0.0557023271	0.0078287636	0.0312164513	-0.1096221915	-0.1242843316	0.0244157823	0.013792427	0.083685058	-0.1246989594	0.0093352033	0.1604084745	-0.0723875537	0.029066398	0.1498505055	-0.0226903091	0.0085234132	-0.1530926294	-0.027492171	0.0023614126	-0.0131673548	0.1330994434	0.0693659253	-0.1356265626	0.1483840753	0.0454985467	0.0920597572	0.0122578958	0.1650502395	0.0103663043	-0.11177951	-0.0706178691	0.1327707164	0.0309508012	-0.0116010622	0.0807079589	0.107699135	0.1843016407	-0.1117841386	-0.0233215833	-0.1137321303	0.0458525127	0.0401542525	-0.0363144737	0.1080401619	0.0401367711	-0.0218429445	0.0688174068	-0.0538197889	0.1098989589	0.0470688664	-0.135607741	-0.0314608182	0.104061224	0.0768505912	-0.008502071	-0.0742843003	-0.00599226	0.042749268	-0.0207267547	-0.016767571	0.1294773006	0.0403751561	-0.0862125267	-0.1433797956	0.1296871441	-0.0466114163	-0.1234969836	-0.0264196434	-0.1715506994	0.1256033542	-0.0430840952	0.0120077305	0.0839173508	-0.0024686553	-0.0856769341	0.0519253939	-0.0567880118	0.0393673825	-0.0635337432	-0.012766655	-0.0031880835	0.1212984626	0.050973528	-0.0415788301	-0.0490824047	-0.0566223479	-0.0069165483	-0.1074345	0.0484232091	0.0271769657	-0.0934668214	0.0	0.0128376658020243	0.0030743917128147	0.0001648056632444	9.451884403824316e-06	0.0841127238973342	-0.0075858379822762	0.0070749503214291	5.754493789334429e-05	0.2774832899032802	0.0236246804200491	0.0005581255249494	0.0769969761755478	0.0069787682361785	0.000412865144926	1.7045762789484947e-07	4.870320609429397e-05	0.0041362602938581	-0.0004269399028426	1.71086492185471e-05	1.8227768063933358e-07	0.0030631217864406	0.0001310545337754	1.7175290823087458e-08	9.382715078567053e-06
808.6480635625861	0.1139236316893175	0.0129785938572832	653911.6907035203	1333.54823384498	0.3741068889185044	1778350.8919910651	0.1399559643362821	828.2277503982333	0.5018668692022175	685961.2065297182	0.2518703544028356	896.4711716095471	628.0703905058203	1.04132	27.048044	0.1189543190820206	0.0653132084418475	-0.0852796067	0.1242256594	-0.1079048989	0.0814367529	0.0769678998	-0.0438856966	0.0121108768	-0.1357745617	-0.0662479277	0.0214626738	-0.1654556747	-0.0609483334	0.0246111516	0.0273878729	-0.0175683681	-0.0198273311	-0.0251927647	0.032569362	-0.1590617404	-0.0723566595	-0.0488657327	-0.1795248354	0.0253334365	0.0380258891	0.0678295201	-0.005819974	-0.0868959372	-0.1444015043	0.083693244	-0.1984709171	-0.0656975515	-0.0717174632	-0.2095576469	0.1308761852	-0.0163080751	0.0126359618	-0.1463442063	-0.0107056278	0.0068790956	-0.0434808034	0.1851281597	-0.1339340774	0.0110240753	0.0418854846	-0.0001575308	-0.0133850105	0.000442732	-0.0734187221	0.0814213782	-0.1074971778	-0.066655493	-0.0080810784	0.0269152179	-0.0744793404	-0.0935105931	-0.0705575138	-0.126209669	-0.0440937505	0.1555482945	0.1259045969	-0.0117588906	0.0623736374	-0.0024060783	0.0267809939	0.157562409	-0.0274635737	-0.0016605235	0.0525433212	-0.0346286738	0.0221767201	-0.0682263964	0.0690235272	-0.0948737714	0.1714231789	0.0187239652	-0.0235974177	0.0396332614	-0.0902936396	0.0707010287	-0.0078729715	0.0893425901	0.0112281421	-0.0765466808	0.115768485	-0.1038140854	0.0516480819	0.0759940305	0.091268051	-0.0503677607	-0.1543722574	-0.0401857412	0.0794351705	0.0992848248	0.0250617599	0.1104156681	0.0210705004	0.1170204906	-0.0025197826	0.0434025387	0.1076502421	0.0714152152	0.0055281122	-0.0463654929	-0.100818425	0.0676530687	-0.004327347	-0.0546021621	-0.0431293315	0.0586680988	0.0030390646	-0.1093123473	0.0547023691	0.017062887	-0.0834770299	0.0	0.0158308366043087	0.0029931708022844	0.0002506153875923	8.95907145164785e-06	0.0548292942619639	-0.0292834296353702	0.003006251509265	0.0008575192512096	0.2231830472114992	-0.0543002426917809	0.0029485163563863	0.0498106725626102	0.0068997520784239	-7.901615775460051e-05	6.243553186299915e-09	4.760657874371492e-05	0.004495864455188	0.0003596041613298	2.021279719942289e-05	1.2931515284578038e-07	0.0032720509864078	0.0002089291999671	4.365141059893424e-08	1.0706317657652256e-05
806.7064099054305	-1.941653657155598	3.7700189243457087	650775.2317825084	1331.8687679120355	-1.6794659329443675	1773874.4149395237	2.820605819920695	827.8381073178624	-0.3896430803708881	685315.9319276207	0.1518217300809143	895.6985002570592	626.8136012687446	0.901338	23.412046	0.1410710119534895	0.0805046770380587	-0.109976609	-0.0099083192	-0.0096183407	0.2099495881	-0.0261295899	-0.0758493137	-0.071787366	0.0620036264	-0.1113496664	0.0120550546	-0.0114635394	0.0216228559	0.1451130875	0.1276956245	0.0235978219	-0.0263217139	-0.07182099	0.0179191527	-0.1441184365	-0.166602348	-0.1084721337	-0.0520053126	-0.0642186602	-0.1402580409	-0.0542077156	-0.0944541723	0.0357948507	0.1302162187	-0.0592387098	0.0723794868	-0.0746351161	-0.095054319	-0.0148442442	0.0315724775	-0.144022606	0.076556182	0.0416620491	0.0026013951	-0.0147761222	0.008822534	0.1946270694	0.0481865509	0.1375794848	0.0757605137	-0.0403062178	0.036946271	-0.0006337007	-0.0096507494	0.0910786705	-0.1109504533	-0.0233312007	-0.2135307596	0.0665330327	0.0053549579	0.0556935221	0.0367732093	-0.0026624849	0.0187575623	0.2177452282	0.0461410579	0.0202867996	0.0503116723	0.110133965	0.1341810906	-0.0464437053	-0.1160850696	0.052099535	0.0741373729	-0.0638259741	0.2305030596	0.0660128938	0.0464930378	0.0387585155	0.1663432893	-0.0267205015	-0.104671837	-0.1379757056	0.0143620941	-0.0302788404	0.0187554916	-0.082257514	-0.1164267907	-0.0370526797	0.0449886857	0.0778462919	0.1025344421	0.0178224329	0.1127781059	0.0917403312	-0.1172580424	-0.0907148528	-0.0005299366	0.1085572864	-0.149367899	0.102484077	0.1490332026	0.0900389053	-0.0979475606	0.0993756018	0.143808119	0.041947341	0.0096983327	-0.0577381114	-0.0205092001	0.0079336745	0.008740321	0.0616642277	0.0473399887	0.0748572212	0.0223340892	-0.1111140131	0.0608290638	0.0068418353	-0.072557225	0.0	0.0181893373858486	0.0023585007815398	0.0003308519945362	5.562525936524311e-06	0.1211288361517404	0.0662995418897764	0.0146721949474751	0.0043956292547942	0.2638372852723023	0.0406542380608031	0.0016527670723044	0.0696101130998582	0.0070448146893327	0.0001450626109088	2.1043161083678077e-08	4.962941400703779e-05	0.004787818137572	0.000291953682384	2.2923202518463412e-05	8.523695265757765e-08	0.0034702093175424	0.0001981583311346	3.9266724198049844e-08	1.204235270755809e-05
806.8908270943613	0.1844171889307517	0.0340096995731205	651072.8068490224	1333.443312156651	1.5745442446154811	1778071.0667352998	2.479189578251736	827.9989955382939	0.1608882204315023	685582.3366124236	0.0258850194736156	896.3782684766578	625.1686937594266	0.94912	24.653179	0.1079280472825438	0.0556304615979767	0.0460544708	-0.1656909253	-0.0628366587	0.1417000592	-0.0244129869	-0.0500493487	0.078258622	0.1173403869	-0.072449407	0.0062476298	0.0444268714	-0.0057308817	0.0401505726	0.1071411515	0.0968774344	0.1144095691	0.0587033989	0.1211672777	0.0846848165	-0.1810971332	-0.1137423512	-0.032708493	-0.1025855941	-0.0381403956	0.0237338615	-0.06634451	-0.0104616887	0.0291545104	0.0119870625	-0.0726752419	-0.0496684995	0.1353099262	0.0415624601	-0.0304851403	-0.0470123884	0.0426099083	0.1065558865	-0.0895992765	-0.1438622097	0.0032392078	-0.1653077368	0.0098470818	-0.0132291446	0.0834328921	-0.1032248166	0.0081906192	0.0643774213	-0.0093738815	-0.0566214281	-0.065012517	-0.0274433929	0.282604222	-0.0811676344	0.0335242059	0.1421246829	-0.0428421467	0.1091547736	0.0055894975	0.1092022154	0.2124694921	0.0500831523	0.0893991301	-0.0172535792	0.0893234329	-0.0205731806	-0.0167592926	-0.0223606224	-0.0475154556	0.0345405543	0.0006922735	-0.0067488677	0.0438600655	0.0557145457	0.0161734321	-0.1407338298	0.0166479121	-0.0598442772	0.0107680578	-0.053852122	0.022105159	-0.1363311303	0.1057093349	0.223461737	-0.128311635	0.0323404118	-0.1525994003	-0.1573692018	0.057688518	0.0213400685	-0.1176945693	-0.0420045059	-0.1204388217	0.0968649836	-0.1468253439	0.0691660763	0.0896332247	0.0689695328	-0.1643479689	-0.038417641	0.0640160543	-0.019886102	-0.0657968987	-0.1594173193	0.0910624368	0.0938227439	-0.0592415841	-0.0645252042	-0.1036223109	0.0817304646	-0.0104490021	-0.1128382417	0.066786217	-0.0034221101	-0.0608290638	0.0	0.0177385876583855	-0.0004507497274631	0.0003146574921142	2.0317531680805935e-07	0.0800375590501545	-0.0410912771015859	0.0064060108587069	0.0016884930538393	0.2868658943154472	0.0230286090431448	0.000530316834462	0.0822920413214013	0.0076815531002952	0.0006367384109624	4.054358039950492e-07	5.90062580326548e-05	0.0046021032608898	-0.0001857148766821	2.117935442389253e-05	3.4490015421084736e-08	0.0035149042581047	4.469494056229999e-05	1.997637711867529e-09	1.2354551943642552e-05
809.2000512066917	2.309224112330412	5.332516000968179	654804.7228729124	1331.969176144944	-1.47413601170706	1774141.8862002408	2.173076981011597	828.5017990322979	0.5028034940039561	686415.230999754	0.2528113535825863	895.8221804883835	616.7233197755695	1.108198	28.785196	0.1528704476282943	0.0818856053059101	-0.0669950132	0.0829899163	-0.188403301	0.000815501	0.1038790976	-0.0184127391	0.0789270371	-0.1468220264	-0.0232454345	0.1218956259	-0.0494304872	0.0649943572	-0.0082058771	0.0087418271	-0.0457723102	-0.0075334498	0.1100201039	-0.0752565566	-0.1428066585	0.0001488747	0.0374976067	-0.051190927	0.2654482888	0.004705679	-0.0916562199	-0.0299906039	-0.1438022506	0.1418389051	-0.0428899256	-0.0777928771	-0.0592160364	-0.1087630759	-0.1746963581	-0.2056810093	0.0865570955	0.0211998175	0.1344919747	-0.0737247646	0.0413540263	0.04860338	-0.0007337563	-0.116318181	-0.020306487	-0.1388630799	-0.1623993012	0.0172419448	-0.0876204035	-0.0293271082	-0.0342947939	0.1688548468	0.0765389572	0.1304924171	-0.0312820839	-0.1408126722	-0.1067828393	0.0386105594	-0.0931822475	-0.0326980976	0.0148454621	0.0976178192	-0.0806586704	-0.0350409584	-0.0337929844	0.0015254199	0.1284907703	0.0918233665	0.0506640391	0.0535646684	-0.0571094695	0.0209923823	0.1144351911	-0.0676975472	0.0869135101	0.253234614	-0.0170904865	0.0483729858	0.0941225429	-0.2270683927	-0.0997309784	-0.0206045448	-0.1013099722	0.1655530241	-0.1002031346	-0.2179399807	-0.0036765031	0.0517260546	0.0925285965	0.0865068968	-0.1236099875	-0.1321711212	0.0342357422	0.0282480581	0.143120934	0.0560958452	0.1348963232	0.0560662691	0.1222669438	-0.0324230005	0.0436186944	0.0985805874	0.039419039	0.0591781357	-0.0374023585	-0.040339042	-0.0542142013	-0.049764547	-0.065704683	-0.0385536708	-0.1018711388	-0.0268609622	-0.1144838316	0.072557225	-0.0136646012	-0.0484232091	0.0	0.0183030299996573	0.0005644423412718	0.0003350009071683	3.185951566203921e-07	0.0793139599353054	-0.000723599114849	0.0062907042406192	5.235956790103922e-07	0.2201147252463187	-0.0667511690691284	0.0044557185720953	0.0484504922702623	0.0067639728944648	-0.0009175802058303	8.419534341317591e-07	4.5751329317054525e-05	0.0041368954421696	-0.0004652078187201	1.7113903899443613e-05	2.1641831459840625e-07	0.0032010675405944	-0.0003138367175102	9.849348525763981e-08	1.0246833399447082e-05
812.1615348777068	2.9614836710151167	8.770385533689172	659606.3587349126	1330.061132634219	-1.908043510725065	1769062.6165442213	3.640630038820032	829.8000214706511	1.298222438353264	688568.0756326931	1.685381499443894	896.7434013811423	635.4707091076774	1.082231	28.110687	0.1763177376707303	0.0821888112985327	-0.1034263013	-0.0520329677	0.093911859	0.0075331798	-0.1075711023	-0.0119330628	-0.1202906172	0.0262545817	0.0221669557	0.0347694053	0.1166800073	-0.0038672802	0.0960168259	-0.1230260696	-0.0963106922	-0.022799414	-0.0390267871	0.0994380201	-0.0612870418	-0.1501262528	0.0613742135	-0.0662789758	0.0519151448	0.2128814113	-0.0057775187	-0.0407887704	-0.0543776098	0.0123912878	-0.1284898422	0.0501313514	0.2397419097	-0.1046415358	-0.0544529364	0.0609824951	0.069596724	0.0698843388	0.0504594211	-0.1498563645	-0.0292385537	0.0839316222	-0.0720735301	-0.045231945	0.0176055941	-0.0590373697	-0.0683451515	0.0510904599	-0.0002713894	-0.1871989787	0.2056214721	0.0004565314	0.1507529199	0.0020564658	0.109664055	-0.0114218575	0.0152198333	0.0164808747	0.0478255245	-0.1023462428	0.0510893279	-0.0383471034	0.0492316361	0.0554916221	0.1153426037	0.1154512764	0.1397298693	0.1388557107	0.0815535487	0.1505714979	-0.0538899512	0.05994335	0.2222748703	-0.1257928952	0.1138375458	-0.0945283145	0.0501989245	0.104160877	0.0550509968	-0.0380071162	0.1260848375	0.0625640053	-0.0118797547	0.0627468061	-0.1175129938	0.0280018832	-0.1998491884	-0.0964412386	0.0481281324	0.0415473895	0.1215778633	-0.0700204311	0.032569302	-0.0509683653	0.0835673171	-0.1282915871	0.0550369088	0.0715597553	-0.0958993026	-0.0825552634	-0.1004447733	0.1163505527	-0.0633416126	0.1791848384	-0.0301393154	-0.090495173	0.141799723	-0.0579180962	-0.028968382	-0.0020717431	0.0265368416	0.0188592385	-0.1160496357	0.078126003	-0.0238214243	-0.0354778738	0.0	0.0379638100811519	0.0196607800814946	0.0014412508758777	0.0003865462734128	0.1227609095428619	0.0434469496075564	0.0150702409117907	0.0018876374302015	0.1633277780589495	-0.0567869471873692	0.003224757370861	0.0266759630856734	0.0060032016339757	-0.0007607712604891	5.787729107861744e-07	3.603842985816851e-05	0.0041362735376797	-6.219044899006404e-07	1.7108758778509337e-05	3.867651945585757e-13	0.0035681355915016	0.0003670680509071	1.3473895399681062e-07	1.2731591599340472e-05
810.7594089898648	-1.4021258878419758	1.9659570053566489	657330.8192655949	1333.5455745683912	3.4844419341723096	1778343.7994509407	12.141335592618466	828.2691762950528	-1.5308451755983017	686029.8284004853	2.3434869516525945	896.2939700054866	639.6195534771274	1.021479	26.532686	0.1675419418113638	0.0917064602985315	0.1444855436	-0.0738323261	0.0547936626	0.0032813737	0.1193605727	0.0512881189	0.0410251841	0.0852617904	0.0046878936	-0.0001093106	0.0257917694	-0.0255077798	-0.0778197592	-0.0717699511	0.0741562944	0.1202417035	0.0271389195	0.074757794	0.051142597	0.0073961274	0.0459051128	0.0220418066	0.0973813972	-0.0133842166	-0.068637096	-0.0149392897	0.0756917477	-0.0024919979	0.0595323042	0.0511007636	0.1027505213	-0.1507689444	0.0019527154	0.1183098574	0.044165082	0.1022196946	-0.0889537072	0.0097531004	-0.0814470953	-0.0367228785	0.0798207522	0.1281975341	-0.0060688686	-0.0913272217	-0.0079457459	-0.0006007032	-0.1342230544	0.1394217142	-0.148585229	-0.0288120131	0.1586894771	-0.0535419635	-0.0581700978	0.0541187347	0.076047331	-0.0397530531	0.005138994	-0.0236673611	-0.0093478064	0.0241126418	-0.0811425409	-0.093471491	-0.0461934263	-0.0856118764	0.1202649512	0.0656530606	0.0670653602	0.0572200881	-0.039430784	-0.0108202293	0.0328601514	-0.1678864867	0.0058749101	-0.0965897808	-0.0040213681	-0.0247684849	-0.092079047	0.0926688129	0.0957970852	0.1836206374	-0.0151917631	0.050839941	0.0008894302	0.0092002822	0.1456513382	0.1403171453	-0.1183986648	-0.0503852892	0.0529093674	-0.0687622078	0.0537110801	-0.1098432347	0.1601047812	0.0306528141	0.0618515101	0.2006180995	-0.1726487834	-0.0663928434	-0.093597021	0.0593089645	0.0872356183	0.044807764	0.0414464537	-0.0892081559	0.0290434489	0.0098203308	0.0316169355	0.0719986406	-0.0456748754	-0.2016576162	-0.117534563	0.0834770299	-0.033828903	-0.0221372814	0.0	0.0425627191656587	0.0045989090845068	0.0018115850627747	2.11499647675592e-05	0.0470828166287731	-0.0756780929140888	0.0022167916216986	0.0057271737471134	0.1708223699735427	0.0074945919145932	5.616890796628579e-05	0.0291802820833779	0.0070179472744298	0.0010147456404541	1.0297087148206025e-06	4.925158394667666e-05	0.004532959866772	0.0003966863290923	2.054772515376563e-05	1.57360043688725e-07	0.0033841606030845	-0.000183974988417	3.3846796363072024e-08	1.1452542987469247e-05
811.5755627014456	0.816153711580796	0.6661068809271091	658654.8939741681	1330.4943262211646	-3.0512483472266467	1770215.1521067107	9.310116476453343	827.1696582019212	-1.099518093131678	684209.6434498831	1.2089400371239216	896.8908828234497	632.9950276842769	1.270796	33.008621	0.4407710351720013	0.2410007571454357	0.135913069	0.1270388496	0.0144878349	-0.1772969693	-0.0801604411	-0.3352187821	0.084972751	-0.1044624415	0.3208194267	-0.1435595641	-0.0431789917	-0.0118009323	0.0677976199	-0.1067652537	0.1469414832	-0.06412311	0.0707807015	0.0361270423	-0.1718592929	0.1335287981	0.0852685075	0.1004840553	-0.1305852471	-0.0676534853	0.2784926954	0.0519391406	-0.0228825559	-0.0373645059	-0.0468920018	0.0687974639	-0.0389572139	0.0377521689	-0.0265764162	0.0069974092	0.0927632534	0.1215226748	0.3309550425	-0.0070719531	0.0107834776	0.0747204107	-0.1128918745	-0.1146801921	-0.0981087482	-0.0117322091	0.1215309844	-0.0557028123	-0.0372304368	0.1269049661	-0.0986169043	0.0980533801	0.0644067787	-0.0222757094	-0.1091645982	0.2017071984	-0.2514480467	0.0125384953	-0.0277616539	-0.0776643758	-0.0759479783	-0.0981518751	0.0506737192	0.1365657762	-0.0992498188	0.0287119208	-0.1158450134	-0.0610030993	0.1013736008	0.1752066946	-0.2382917112	-0.1912517494	-0.046013362	-0.0760278488	0.0710593516	0.0020427682	-0.062358293	0.0823855724	0.0135009238	-0.0282205071	0.0163030801	-0.0483361927	-0.1936586444	-0.0600361449	0.0632755207	-0.050031561	-0.212280057	-0.173857042	0.0289780899	-0.3295431128	-0.1248145527	0.1137791082	0.1122550269	0.1656259709	-0.1379128233	-0.0838285419	0.0002806602	0.2364432696	-0.3285606173	0.1612032558	0.0481079019	0.4404491603	0.0637200753	-0.1054889378	-0.0298926936	0.0587057005	0.006263972	0.0615366099	-0.0259143948	0.0216360023	0.0330018328	0.0385370996	-0.1189375786	0.0885953913	-0.0436242971	-0.0085500587	0.0	0.117487779125156	0.0749250599594973	0.0138033782437614	0.0056137646099342	0.0097243660962504	-0.0373584505325227	9.456329597390424e-05	0.0013956538261909	-0.0392364840703436	-0.2100588540438863	0.0441247221622307	0.0015395016822023	0.0077638967593755	0.0007459494849457	5.564406340907551e-07	6.027809289024139e-05	0.0052198979716797	0.0006869381049076	2.724733483474584e-05	4.718839599741816e-07	0.004319846425953	0.0009356858228684	8.755079591171016e-07	1.8661073143818903e-05
812.3569026138973	0.7813399124516991	0.6104920587900288	659923.7372244451	1329.8677949413811	-0.6265312797834213	1768548.352022251	0.3925414445470517	829.5145813229051	2.3449231209839354	688094.4406273145	5.4986644433250405	897.007191505281	645.5057156219245	1.226838	31.866829	0.3933524700603295	0.2667007265365601	0.0449292907	-0.0313329284	0.008621501	-0.0984844122	-0.0092989842	0.0461968966	0.0301690271	-0.0886761038	0.0620424561	-0.0386146101	0.2906155895	0.0452426006	-0.1086525519	0.0457927947	-0.0777437261	0.0103481952	0.0887965179	0.0728688163	0.0814193727	0.1006385792	-0.0413797956	0.158569432	-0.0491535994	-0.0669840899	0.1015902538	-0.004311431	0.0912044063	-0.0643276889	0.1039837193	0.107934048	-0.0402612669	0.2035840145	0.1299154322	0.1259988371	-0.0129483604	-0.1076993942	-0.0020154395	0.0770060299	-0.0268482836	-0.0645665859	0.0912736479	-0.1944721011	0.0803916022	0.0450608951	-0.0668659288	-0.2287776182	0.065641652	-0.1647730649	0.0331765397	-0.122762502	0.068049924	0.0297139098	-0.0284371596	-0.0425497684	-0.0298079436	-0.0974049108	0.021989461	-0.0439781752	-0.1352222753	0.024973333	0.199042496	-0.0332513701	-0.0629989653	-0.1566126234	-0.1708817826	-0.0003213243	-0.0182690126	0.0928697819	0.0307148745	-0.0493168107	-0.077420158	-0.0911380033	0.1411828365	-0.0768511859	-0.0287990644	-0.2982535295	-0.0042064934	0.2497023188	-0.0119181294	0.1242553504	-0.0601663813	0.0475254031	0.324228327	0.1506024453	0.0156977335	0.0465100525	-0.0667458367	-0.0245163655	-0.1000839986	0.1243475307	0.0024113676	-0.0294997708	-0.1454938193	-0.0573939188	0.0713556614	-0.0938858902	-0.1720306712	0.1474186139	0.1865077185	-0.0586127722	0.0041845304	0.0103784554	0.0238962775	0.1520479395	0.1363410017	-0.0365154373	-0.0119227673	0.1081851878	0.0583481358	0.019450912	-0.1202577046	0.0934668214	-0.053146196	0.0051324198	0.0	0.1224992809192428	0.0050115017940867	0.0150060738257315	2.5115150232135196e-05	0.1239498219111681	0.1142254558149177	0.0153635583518102	0.0130474547561257	0.1977438810730163	0.2369803651433599	0.0561596934634801	0.0391026425018192	0.0074243326437368	-0.0003395641156387	1.153037886294928e-07	5.512071520485586e-05	0.0052216514248588	1.75345317910032e-06	2.7265643602729936e-05	3.0745980512970187e-12	0.0047212318032945	0.0004013853773414	1.611102211435782e-07	2.2290029740439432e-05
811.0489777623357	-1.3079248515616655	1.7106674173326046	657800.4443293296	1336.195307964312	6.327513022930816	1785417.9010258424	40.03742105535908	828.5753166003105	-0.939264722594544	686537.0552793049	0.8822182191106054	895.9245588154731	622.664733363975	1.045048	27.144869	0.2382044333875103	0.1406204002628427	-0.1149679986	-0.024037641	-0.1572883238	-0.0877328925	-0.0388383972	0.0610019832	0.0066431063	-0.2590502736	-0.2001515365	0.0532325052	0.0698581996	-0.0405758848	0.0382292191	0.171176512	-0.0966588382	-0.0517227192	0.1300332795	-0.1425282967	-0.0219757674	-0.0731815274	-0.0030314004	0.0197349291	-0.0091632376	0.0814501586	0.1617027866	-0.1436013435	0.0718328351	0.0080005478	-0.0780477442	-0.0828872392	-0.1386343914	0.1254690294	-0.051220248	0.1304326582	-0.0266071777	-0.0757184993	0.0744209994	-0.0458651042	-0.0837854543	-0.0385140071	0.0906139448	0.0681653429	0.1508578836	0.0646042161	-0.0106019617	-0.0675544449	-0.0076764149	-0.0253421533	0.0394598932	-0.0023272907	0.1658735221	-0.0152400637	-0.0181524641	-0.2467218185	-0.0460223291	-0.028191347	-0.0218090401	0.0891470933	0.0149075877	0.0840586463	0.0823814276	0.0810894693	0.1457662163	-0.1528062373	-0.0921301986	-0.0895112636	-0.1350755747	0.0120866138	0.061448506	0.0028704441	-0.1238342361	0.0467415667	0.0904131746	-0.0741431389	-0.2098740293	0.109856171	-0.1531292646	0.0175995715	-0.0105478565	-0.0599132036	0.0186290804	-0.114616883	-0.139067041	0.0224793699	0.1555379782	-0.0347990213	0.0578646431	0.1453159704	-0.174653497	-0.0438774935	0.0156806057	-0.0065699594	-0.1370744711	-0.0449946869	0.0677679262	-0.212904672	0.0590186228	-0.0299664889	0.1414805054	0.0312764544	0.1471024793	0.0818590957	0.0789763585	0.1686176873	-0.0253889285	-0.0758525389	-0.0698571419	0.0606248901	-0.0818229566	-0.0442356468	-0.1214940211	0.0980777428	-0.0623349036	0.0187577183	0.0	0.1103035402014853	-0.0121957407177574	0.0121668709809806	0.0001487360916547	0.0880168933867651	-0.0359329285244029	0.0077469735214571	0.0012911753523398	0.3015778350655012	0.1038339539924848	0.0107814900017134	0.0909491906027946	0.0059811308576526	-0.0014432017860841	2.082831395356623e-06	3.577392633636413e-05	0.0050059084087989	-0.0002157430160598	2.5059118997283536e-05	4.6545048978622255e-08	0.0047871232042077	6.589140091320042e-05	4.341676714304109e-09	2.29165485722638e-05
811.7472394715969	0.69826170926126	0.4875694146204563	658933.5807897581	1324.0142867360328	-12.181021228279178	1753013.8314811257	148.37727816378796	828.175264287042	-0.4000523132685885	685874.2683769118	0.1600418533515488	894.3758507616856	631.5829423525319	1.110487	28.844645	0.0986019008907805	0.0620588355871597	-0.1656301994	0.0962950325	0.0759986003	0.0060486888	0.0723945907	0.101591739	-0.2045676615	-0.0362473406	-0.0251093122	0.0914664101	0.1108536115	-0.0581733435	-0.119114742	-0.1185017117	-0.1142194817	-0.1781023798	-0.0706671393	-0.167188406	0.1217797993	-0.0055495193	0.2060192277	-0.0930094237	0.0042907133	-0.1196303562	-0.025352469	-0.1140553767	0.0539837233	-0.0570208069	0.0529489629	0.0126466006	-0.0876447552	0.0969635825	-0.0161399287	-0.1476466	0.1202231993	0.0594988106	-0.1205501431	0.0546027055	-0.1607544158	-0.052353807	-0.0066990059	-0.0094099433	0.0577252326	0.0168177898	0.1382332558	-0.0318581434	-0.0044369403	0.0869065563	0.0248095413	-0.0301262391	0.1505968238	-0.1038108704	0.1997107379	-0.0276344903	-0.0219275631	0.0809952107	0.0033099681	0.0098825009	-0.2413720624	0.096955867	0.0110278264	-0.0375332256	0.1402012253	0.0833165662	0.0149185651	0.1126064878	0.0507061112	-0.0956571522	0.0280407775	0.055532282	-0.2508327687	0.0261232924	-0.0279450379	0.0306754975	-0.0046657876	0.1574414923	-0.1220945396	0.1203830228	-0.0465847765	-0.0111699594	0.083504108	-0.1223452732	0.0219377212	0.0510840279	0.0230623411	0.0424713903	0.1362276766	0.0957199512	0.0993799377	-0.0093627022	-0.0127677274	0.0135444626	-0.1287876119	0.0856904483	0.0578081855	-0.1526044187	0.0365647955	0.0639799783	-0.0035051345	0.0024701913	-0.0408597041	0.1310626207	0.0828216342	0.0032507743	-0.081447051	0.1931434571	-0.1131530194	-0.080944173	-0.0656444981	0.0777199956	-0.1226456664	0.1024153039	-0.0711328131	0.032174038	0.0	0.1265989835319345	0.0162954433304491	0.016027302631319	0.0002655414733358	0.0826685694638342	-0.0053483239229309	0.0068340923771967	2.8604568784594977e-05	0.2425102579520057	-0.0590675771134954	0.0034889786660587	0.0588112252119483	0.0058762231621647	-0.0001049076954879	1.1005624572582029e-08	3.452999865156091e-05	0.0047790805101948	-0.000226827898604	2.283961052292379e-05	5.145089558515175e-08	0.0047610476678216	-2.6075536386100003e-05	6.799335978228251e-10	2.2667574895269497e-05
813.7280287525416	1.9807892809446912	3.923526175505387	662153.3047774972	1329.405019648706	5.390732912673229	1767317.7062671764	29.0600013357784	829.736410498384	1.5611462113420205	688462.5109067428	2.437177493187544	896.4765887775864	649.3904320616159	1.02362	26.588293	0.0760085746733152	0.0366825861535103	0.026460198	0.0308839779	0.1049813291	0.071765092	-0.1114545498	0.1106776481	-0.0814140499	0.1121507229	0.002156329	0.0573149371	-0.0414284229	-0.0887775912	-0.1173289867	-0.0611621376	-0.0402811851	0.0974846976	-0.18112267	-0.0540655437	0.0230723696	0.1158164083	-0.0074782908	0.1912878756	0.1449535665	0.0165361306	-0.0329873275	-0.0435454198	-0.0150354333	0.0075034039	-0.155808676	0.0379274215	-0.0832159456	0.0495801595	-0.0843589382	-0.1009193018	-0.0173319853	0.0293991814	0.0096506231	-0.0132176079	-0.0180578567	0.111051448	0.0668538678	0.0556300096	0.0427352158	-0.0808439415	0.0916477172	0.0128379686	0.0299726359	-0.2377486932	-0.0492230973	0.1479695659	-0.0684705365	0.0205334287	0.0646860788	0.0680376211	0.1308178098	0.0255448833	-0.0675487113	-0.0234482592	-0.0672729229	-0.1422996105	-0.0042205412	0.0497788192	0.0365982348	-0.1722265691	-0.007710017	0.0572242417	0.1724940564	-0.0565691853	0.046092726	0.0339051923	0.0226464025	0.0130837743	-0.0176029243	-0.0361373066	0.0101019459	0.0700338545	0.0236817311	-0.0701361927	-0.1100635783	-0.1155401948	-0.0720985117	-0.0986887978	-0.0290360399	-0.1847964225	-0.020604792	0.0888139711	-0.0499466824	0.0510725736	0.1490223819	0.0041820616	0.0662945358	0.0681392244	-0.1136275537	-0.0033583491	-0.0315998955	-0.1165703186	-0.056398374	-0.0947294125	0.0038509875	-0.1326213178	0.1193725913	-0.0138882907	0.082803767	-0.0134061679	-0.0301081557	0.1067246297	-0.0131399416	0.0738311684	-0.0623130579	0.1209880581	-0.1237118379	0.1064674152	-0.0794847672	0.0452319084	0.0	0.1305864782162302	0.0039874946842957	0.0170528282929179	1.5900113857286555e-05	0.0690298421676942	-0.01363872729614	0.0047651191096967	0.0001860148822584	0.2494846211707653	0.0069743632187596	4.864174230718684e-05	0.0622425762007202	0.0054108750704892	-0.0004653480916754	2.165488464260292e-07	2.9277569028441507e-05	0.0045759280803112	-0.0002031524298835	2.0939117796180546e-05	4.127090976761098e-08	0.0051207069357449	0.0003596592679232	1.29354789003124e-07	2.622163952178592e-05
810.6273660464337	-3.100662706107869	9.614109217048172	657116.7265833789	1337.1064294769185	7.70140982821249	1787853.6037485136	59.31171334208794	829.6834802872096	-0.0529302111743845	688374.6774614966	0.0028016072549649	897.7745317460186	642.6624628890376	1.004857	26.100924	0.1160733444794318	0.059128268516058	0.0934798278	-0.165645895	-0.0269900163	-0.0274550857	-0.016426627	0.0776821018	0.1410381921	0.0658924529	-0.0659220288	0.0095005597	-0.0705860591	-0.0901204821	0.0062654492	-0.0745480383	0.006510839	0.1066496943	0.1053275694	0.1795595227	0.0570782665	-0.0248439995	-0.0273015921	0.0470268033	0.0634687526	-0.0024509864	-0.0139121846	0.0387940264	0.081681138	-0.0754876312	0.0103396956	-0.0476348636	0.145048324	0.0384057271	-0.0586434719	-0.0374772329	-0.1286822023	0.1179458353	0.0001655888	-0.0755971473	-0.0090919817	-0.0485339012	0.0135978921	-0.1019976627	0.0244217799	-0.0787029844	-0.0174742895	0.0066415952	0.1066742939	0.0806968889	0.0437090963	0.0944378901	-0.1024327513	0.0657807902	-0.1237180028	-0.0328796131	0.0884480416	-0.0372224124	0.0952795218	-0.0651077483	0.0990546523	0.0059717226	-0.0090715328	-0.0303902621	0.0035964404	-0.0784430621	0.0892209874	0.0860720893	0.0331498227	-0.0120371264	-0.0986039436	-0.0382406185	-0.0292695153	0.1622838103	-0.1358670515	-0.0857090901	-0.1002772317	0.0155119141	0.0158767091	0.0678727226	-0.0506803896	0.1127880133	-0.0974950529	-0.0078786692	0.0053572768	-0.1770384876	0.0069477003	0.0363898873	-0.1305463808	0.0303415667	-0.0339965738	-0.0561300293	0.0866913019	-0.1396195359	-0.0097941145	-0.0321840223	-0.0772508562	-0.0452879188	-0.0518110596	-0.0333926598	0.0514385037	-0.1315576745	0.0588683328	-0.1109501266	0.037397235	0.0906365329	-0.064033814	0.0506486829	-0.0543941144	-0.0694137338	-0.0130573826	0.111695	-0.1246917927	0.1102227826	-0.087338405	0.0577858524	0.0	0.1262599042789105	-0.0043265739373196	0.0159415634285196	1.871924203509404e-05	0.0503392390946828	-0.0186906030730114	0.0025340389926316	0.0003493386432328	0.2501617666593461	0.0006771454885807	4.5852601270529924e-07	0.0625809094981251	0.0062921060409803	0.0008812309704911	7.765680233526859e-07	3.959059843094079e-05	0.004105122075191	-0.0004708060051202	1.6852027252220463e-05	2.216582944572419e-07	0.0046251634717458	-0.000495543463999	2.455633247122271e-07	2.1392137140371665e-05
810.6133437252366	-0.0140223211971033	0.0001966254917547	657093.9930254086	1332.752145983509	-4.354283493409412	1776228.2826236486	18.95978474097767	828.5577230058478	-1.1257572813617571	686507.9003526353	1.2673294565390143	895.7495428321722	627.3535249662696	1.089809	28.307524	0.0551714479274532	0.0282679188175905	-0.056588411	0.1371394732	-0.1434947388	-0.0605787343	0.0056733908	-0.0105154608	0.0313086054	-0.1780501626	-0.0865885494	0.0430481144	-0.0761289515	-0.0815106173	0.0118598928	0.0236723746	-0.0238862206	-0.0087519311	0.0697901902	-0.0798776891	-0.1326948775	0.030444525	0.1117609189	0.0827517973	0.0313900762	0.0067214992	0.0620001453	0.1222493394	0.0748021207	-0.0099204803	0.0882567973	-0.1294361798	-0.0508150205	0.0387229037	-0.0782809189	0.0763661826	-0.0121780943	-0.0626122437	-0.0448480409	0.0034670425	-0.1242956511	0.0805071712	-0.000702934	0.0649985452	-0.0193340464	-0.0743153064	-0.0264896819	0.1311280908	-0.0150730159	0.0342435561	0.0040713982	0.0309290792	-0.1473991746	0.0394311285	-0.0177539667	-0.1341295278	-0.0971684146	0.0410052346	-0.1279564527	-0.0014034804	0.0063103332	0.0434231699	0.0068657763	0.0103726493	-0.0071544102	-0.0820891024	0.0180639348	-0.0679367092	-0.0354993593	0.0170940252	-0.0213549823	-0.1249736027	-0.1476522043	0.0458024565	-0.0784933631	-0.0342299941	0.0328348106	0.0548556892	-0.1355999545	0.0213920509	0.0168466964	-0.0590525739	-0.0148948505	0.1347069243	-0.1521467833	0.0302783685	-0.0250983897	0.0923182615	0.0814794987	0.0652979335	-0.1354058231	-0.0741633978	0.0581049336	0.130724003	0.0150298917	0.0188380202	-0.0298071304	-0.0520704719	0.113327561	0.0702268477	0.0357118854	-0.0021170815	0.0300664051	-0.1004179071	0.101167339	-0.0116536262	-0.129534834	0.0358737656	0.0019560989	-0.022010378	-0.0022709745	-0.0682103867	-0.1255848477	0.1136709395	-0.0946444892	0.0696960071	0.0	0.1294795486011395	0.0032196443222289	0.0167649535059548	1.0366109561661354e-05	0.061947183066394	0.0116079439717112	0.0038374534898613	0.0001347443632503	0.234334828170418	-0.015826938488928	0.0002504919819323	0.0549128116936593	0.0065827109074879	0.0002906048665075	8.445118843789998e-08	4.333208289156018e-05	0.0041079504575864	2.828382395399925e-06	1.6875256961984314e-05	7.99974697460822e-12	0.0048220686457345	0.0001969051739887	3.8771647543520225e-08	2.325234602417576e-05
810.2463294410206	-0.3670142842159976	0.134699484818581	656499.1143726469	1329.483045650102	-3.269100333407096	1767525.168671071	10.687016989882384	828.512040960248	-0.0456820455998467	686432.2020161157	0.0020868492901864	896.2757857041502	637.3273965705256	1.046391	27.17976	0.0847426587791459	0.0469278360651087	-0.1748883564	-0.0500226508	0.0776041876	0.0111321575	-0.0759902405	-0.0216450156	-0.171947852	0.0822686514	-0.0607279193	-0.1115572995	0.0864436398	-0.001118119	0.1602665183	-0.0081590091	-0.0455359914	-0.1382476102	-0.0661297442	0.0665640249	0.0225427798	-0.1355485203	-0.0651211111	-0.0071108933	-0.0067525505	0.0887786255	-0.0058961799	0.0288911275	-0.1164329029	0.0674985182	-0.0209981304	-0.031178115	0.0440816008	-0.0632042263	-0.0698854626	-0.1319720754	-0.0744458364	-0.0720761487	-0.0729802867	0.0796286736	0.0415219651	0.0696337133	-0.0104171897	0.0935226355	-0.0301157903	0.1460605501	0.0894106587	-0.0062615588	-0.0093042804	-0.0432047857	0.0397471239	-0.0176770981	-0.0116824537	0.1411212412	0.1751203896	0.0099501807	-0.0109446161	-0.0561913173	0.1078576492	0.0015566546	0.0974830932	-0.011995403	0.0373243651	0.1075919737	0.0356329122	0.0570096478	-0.0085708317	0.0837902702	-0.0191744062	-0.0111617497	0.033410487	0.1267328356	0.0364970353	0.1263011176	0.0455999053	0.101460773	0.1676582434	-0.1229339537	0.0176499177	0.0022155661	0.0377371188	-0.025984519	0.1458003602	0.0330116292	-0.0453107851	0.0965534104	-0.0149198327	-0.0597728305	0.1346506857	0.0540644443	0.0811868774	-0.0266201623	0.0459685258	-0.0266302004	-0.0089219235	-0.1245634632	-0.0472567249	-0.0665874265	0.0847860755	0.089009933	-0.0182693936	-0.1116250651	0.0023515324	0.0162323332	-0.0937452706	0.0362080595	-0.0334568515	0.0543418505	-0.0433671916	-0.0096953193	0.0551194497	0.0383681146	-0.1263903806	0.116802275	-0.1013572156	0.0808296822	0.0	0.1232849451616431	-0.0061946034394964	0.0151991777035093	3.8373111772620686e-05	0.1011237607552146	0.0391765776888206	0.0102260149892778	0.0015348042394081	0.2120454056263341	-0.0222894225440839	0.0004968183573487	0.0449632540472365	0.0062547301031926	-0.0003279808042952	1.0757140798619184e-07	3.912164866378372e-05	0.0041061141452307	-1.8363123557001845e-06	1.6860173373663643e-05	3.37204306769716e-12	0.0048102446602506	-1.1823985483900429e-05	1.3980663272348807e-10	2.3138453691469407e-05
807.4924011722584	-2.753928268762252	7.584120909487853	652043.9779509394	1323.6319164263014	-5.851129223800626	1752001.4501823632	34.23571319361372	826.0342387062087	-2.477802254039261	682332.5635149458	6.139504010122043	893.7207582535282	637.9132058812964	0.990015	25.715399	0.1753790828095854	0.0909989279355233	0.0061180974	-0.1089067837	0.1243177726	0.0790731756	0.0934323907	-0.0898499554	-0.083363352	0.0722717118	0.075764316	-0.0517877982	-0.1069891239	0.1070721677	-0.0732722027	0.0984955814	0.1398406039	-0.0623170695	-0.0944213339	0.0498011095	0.1040694021	-0.0642977907	-0.0226908633	-0.0338736598	0.0478494826	0.0499476677	-0.042480199	0.042220007	-0.0743357858	0.0627715952	0.0076257145	-0.0666110355	-0.0074716573	0.0178189976	0.0705548289	-0.100514568	-0.0282426312	0.0764217884	0.0934328215	0.1025837172	0.0289218706	0.0648831659	-0.0884615606	-0.0237322967	-0.2221249607	-0.1250797831	0.0052338085	-0.0650244038	-0.0916344694	0.0250875474	-0.1207652136	-0.0731630227	0.0324336796	-0.2224249467	0.0643731644	0.1588996493	0.0322127295	0.0010528264	0.1144179038	0.115810482	0.0169380209	0.0425247266	-0.1288554834	-0.0577316527	-0.1448909683	0.0105162479	0.0111857223	0.0887369354	-0.0344625811	-0.0619149411	0.0064281325	-0.1046554425	0.0464103793	-0.0546113385	0.0425598369	0.0474256384	0.0059850143	0.0996431025	0.0434184239	-0.0522127788	-0.0169406264	-0.1302779258	-0.0331398303	0.016155884	0.118975093	-0.0274109403	0.1054299586	0.0746460141	0.0053080212	-0.0993719323	0.1353542805	0.044072207	0.000527508	-0.0637473971	-0.0437192505	0.0159556216	-0.0833767922	0.0826237368	0.0619879732	0.0246232895	-0.1741100894	-0.1013899608	0.037287859	-0.0150942845	-0.106613711	-0.0817573136	0.0832623898	0.1378504693	-0.0266251244	0.018918725	-0.0925225636	-0.004419668	-0.12710783	0.1196080616	-0.1074345	0.0910628379	0.0	0.1453406057146509	0.0220556605530078	0.0211238916695016	0.0004864521624295	0.0299475255697956	-0.071176235185419	0.0008968542877535	0.00506605645517	0.1834556682344654	-0.0285897373918686	0.000817373084136	0.0336559822073542	0.0071073053098208	0.0008525752066281	7.268844829571168e-07	5.051378876700693e-05	0.0041119430812552	5.828936024500353e-06	1.6908075903482513e-05	3.397649517771798e-11	0.0050229895111837	0.000212744850933	4.526037159854693e-08	2.5230423629461463e-05
809.233089670857	1.7406884985986153	3.0299964491535016	654858.1934182413	1330.5813084238582	6.949391997556859	1770446.6183269464	48.2940491357073	826.9273584730762	0.8931197668674713	683808.8561912595	0.7976629179694062	895.2309788529591	631.5755461275762	0.953376	24.763723	0.2255722670206194	0.1235897973082393	0.1436339896	-0.0129947477	-0.0006710132	0.04037229	0.0768586937	-0.0320711309	0.1257620889	0.0557650615	0.0864945832	0.0104272677	-0.0491634854	0.177848768	-0.0055213046	0.1253573819	0.1243726883	0.0277091859	-0.0017754011	-0.0897114563	0.0845964775	0.0768825676	0.0345848649	-0.0300281003	-0.0306760835	-0.0360402542	-0.0688158024	0.0265166854	-0.0347091805	-0.0071865769	0.0594293689	0.0132191632	0.0173024465	0.0494162337	0.1014951247	-0.0037532715	0.0763605904	-0.2377177538	0.0336139746	0.0053039411	-0.1072145313	-0.0729421388	0.1509090507	0.0421601965	-0.062758108	-0.0945860765	-0.1203157153	0.043623639	0.0663305075	0.0634457362	0.0409834893	-0.0220185236	-0.0300988058	0.0562201758	-0.1317423467	0.0884361069	0.0089043858	0.040074691	0.0141515352	0.061988675	-0.0857876053	-0.0180037828	-0.1093202587	-0.0459375047	0.0042921538	0.0304957386	-0.0437306566	-0.1162622266	-0.1107049736	0.0831410883	0.1178575169	-0.0343884325	0.0617972014	0.0235504702	0.0744280511	0.0685493607	-0.0124223083	-0.046504591	0.0423597288	0.0931291795	-0.0613973627	-0.0157196371	0.0635775468	0.0485817293	-0.1113993153	0.0872587372	0.0035715258	-0.0315510688	-0.1248273298	-0.105103264	0.0024377193	0.1159960942	-0.0771160195	-0.0268012334	-0.0272704199	0.1098144085	-0.0499549165	0.0716356028	0.0476645875	-0.1027106117	-0.0168716445	-0.0115090241	-0.0603557102	-0.0205169208	-0.0112397727	0.048759333	0.0241012517	-0.1337575712	0.1156747492	-0.0295685862	-0.0100849011	-0.1000039364	-0.1277366958	0.1220804792	-0.1128382417	0.1002814672	0.0	0.1455325935475144	0.0001919878328635	0.021179735784666	3.685932796762512e-08	0.1073770724066491	0.0774295468368534	0.0115298356786227	0.0059953347233604	0.2159643138715878	0.0325086456371223	0.0010568120411599	0.0466405848660256	0.0073851342871421	0.0002778289773213	7.718894063939956e-08	5.454020843912185e-05	0.0058338420076886	0.0017218989264334	3.403371257067216e-05	2.9649359128524955e-06	0.0053321033417046	0.0003091138305209	9.555136021930373e-08	2.843132604661736e-05
810.4168364903563	1.1837468194993337	1.4012565326747877	656775.448867037	1332.7448965905048	2.163588166646605	1776208.9593880351	4.681113754853216	828.7150645961423	1.787706123066073	686768.6582885883	3.195893182447929	895.9960196235454	629.4596192925613	1.036474	26.922178	0.0901970147234713	0.0488667930764704	0.0279083921	0.0938461293	-0.1417854881	-0.0499232419	-0.1497458789	-0.0347137456	0.0816833929	-0.0215687812	0.0020071184	0.0144394469	0.0620546038	0.0069630048	0.0612416877	-0.0506731585	-0.0224492993	0.0184378486	0.102199782	-0.0188370796	-0.0400106134	0.0015532863	-0.0457615609	0.0172697035	-0.152274134	-0.0270770889	-0.0573564281	-0.1103400554	0.0027786953	0.0052842589	-0.0761141801	0.2883823911	-0.0715873415	-0.0891092789	0.0134387316	0.018706539	0.038512097	-0.1185249028	-0.0107275258	-0.0167416561	0.0783956093	-0.0036517483	0.0470473941	0.0211842353	-0.0304269459	-0.0315262526	-0.0223929942	0.1057366861	0.0330286025	-0.1072009953	0.0156456115	0.0636238542	-0.0587473587	-0.1100820111	-0.0742420577	-0.0674725189	-0.0445772578	0.0611776715	-0.0372065851	0.0009341192	0.0158654542	-0.0404194624	0.2025070418	0.0697462815	-0.0712842063	0.0698971175	-0.1093014342	-0.1011227651	-0.0327923536	-0.0841783367	0.0050336803	0.1042173154	0.1413352749	-0.0442080441	0.0500995192	-0.0560466218	0.1517628051	-0.0895802036	0.1377681598	0.0501953869	-0.040545331	-0.0545671212	-0.0329126289	-0.1224378131	-0.0388359664	-0.1210227792	0.0634380589	0.1094607847	-0.0156672158	-0.0088645172	-0.1556261469	0.0287850345	-0.1255361909	0.1532975734	-0.034806249	-0.0790525082	-0.0471158754	-0.0396366014	0.0386905936	0.0471431138	0.0522593078	-0.0233338362	-0.1011779181	-0.01434896	0.0137682487	0.1180100958	-0.0107650014	-0.1853457004	0.193246857	-0.0933245158	0.166032094	-0.0417348829	-0.1282765399	0.1242126365	-0.117534563	0.1083828658	0.0	0.1450491188094957	-0.0004834747380187	0.0210392468674112	2.337478223022634e-07	0.0825266721510757	-0.0248504002555733	0.0068106516163311	0.0006175423928622	0.247949624076007	0.0319853102044192	0.0010230600688729	0.0614790160794331	0.0080202091615214	0.0006350748743793	4.033200960678849e-07	6.432375499455181e-05	0.0058369667234969	3.1247158082999688e-06	3.4070180531210136e-05	9.763848882639729e-12	0.005312746341383	-1.9357000321599743e-05	3.7469346145041264e-10	2.8225273687878453e-05
809.7727918645985	-0.6440446257578287	0.4147934799675417	655731.9744441863	1330.960188560879	-1.78470802962579	1771455.0235340106	3.1851827510107698	829.429523385253	0.7144587891107221	687953.334263088	0.5104513613375593	896.5042782121279	628.6628177476966	1.04142	27.05065	0.101818847903135	0.0531258113615485	-0.1164686286	-0.1168613269	0.0025530414	-0.1143529129	0.0615917959	-0.0018307055	-0.0135356476	-0.1178538023	-0.0180664056	0.1069742816	0.0287169284	0.0478274861	0.0927845087	0.0247168336	-0.0934378387	-0.0663051841	0.1229435169	0.1007879117	0.008729514	-0.1321038334	0.0105566604	-0.0746960327	0.0490907667	0.0722232305	0.0098612931	0.0249654871	-0.0723983309	0.0760633237	0.0224995951	0.109455448	-0.0807064768	0.0564011537	0.1217598334	0.0202761607	0.0030613761	0.0294049125	-0.1362686416	-0.0251477177	0.038065456	0.1045601279	-0.2126149343	-0.0887845758	0.0957682818	-0.0002323847	0.0731265193	0.0748341967	0.0053171816	0.0572174355	0.0370575733	-0.0289802024	-0.0708486075	-0.0346837628	0.0331775056	-0.1284142942	-0.0640233455	0.0057502135	0.1348642727	-0.0888047657	0.0709479617	0.1399202127	0.0174150275	-0.0104112864	0.0098545218	-0.0288965884	-0.1206656375	0.0459180112	-0.0559016553	0.0404822467	0.0756200099	0.1166183745	-0.0507855064	-0.0011080724	-0.0286074291	-0.0498452613	0.0294374196	-0.0063730803	0.0733073006	-0.0559637642	0.0810050053	-0.0303721259	0.1035840303	0.0031993599	-0.0412091597	-0.1253838592	-0.1588032896	0.0082339327	0.0969882599	0.0284147268	-0.0613183723	0.0212826453	-0.0972787901	-0.1432338952	-0.0392386545	-0.0061731268	0.0226958472	-0.0895387068	0.1104684666	0.0537885977	0.0477736521	0.135287905	-0.1071329659	-0.0104223856	0.0267369867	0.0609923915	0.0624138013	-0.0464499551	-0.014539345	-0.0519611896	-0.0678982015	-0.1592730973	-0.128726986	0.1259985909	-0.1214940211	0.1152767764	0.0	0.1455875926661605	0.0005384738566648	0.0211957471383278	2.899540943114702e-07	0.1140641769691797	0.0315375048181039	0.0130106364676563	0.0009946142101519	0.2676190871790282	0.0196694631030212	0.0003868877787611	0.0716199758225363	0.0074334770059393	-0.0005867321555821	3.4425462239401825e-07	5.52565803978283e-05	0.0058369528492316	-1.3874265300008182e-08	3.40700185641529e-05	1.9249523761501115e-16	0.0057274684340425	0.0004147220926595	1.7199441413987496e-07	3.280389466295325e-05
810.9886216960257	1.215829831427186	1.4782421789882596	657702.5445204194	1330.5521109145122	-0.4080776463667916	1770368.9198590645	0.1665273654642602	828.659176045856	-0.7703473393969489	686676.030044997	0.593435023315958	896.6354688677872	640.4335063525608	0.970479	25.207954	0.1077407218877662	0.0513208550850011	-0.0632961606	0.1410743258	0.0537481662	0.0454999714	0.0727449939	0.0378780857	-0.1124684195	0.0354926543	-0.0005799694	-0.118882312	0.0369750074	-0.0642009136	-0.0683516921	-0.0952438311	-0.0624203293	-0.0214750614	-0.0778375062	-0.0739395032	-0.0061826475	0.1295436887	-0.0187628615	-0.1385170027	-0.1144403443	0.0942627764	-0.0111307165	0.0901060672	-0.1151631186	0.0577177478	0.0353015011	0.0057279014	0.0361285835	0.0450594772	-0.0601772879	-0.0230915427	-0.0359180374	0.1402664243	-0.0954922089	-0.1028913525	0.1092915452	-0.0375300827	-0.0412512006	0.0663409485	0.0407384548	0.1124281706	-0.1390790102	-0.0210834646	0.0138738249	0.2268500908	0.0353359904	-0.0036855496	0.0152142771	0.0288307553	0.1093472507	0.0541232519	0.0046945515	-0.1285116809	-0.1137180695	-0.0045734084	-0.0715892872	-0.0650998354	-0.0252257182	0.0152118347	0.0543474551	0.1420157972	-0.0086920662	0.0991116079	-0.0845092728	-0.1073352808	0.069507823	-0.0093100456	0.0450538248	-0.0995615938	-0.1385022165	0.1410863109	0.0009265639	0.053613258	-0.007937133	0.0222416191	0.1281849003	0.099160337	0.0380551851	0.1123157773	0.0471424117	0.0964215338	-0.0189876911	-0.0084183803	0.0969092313	0.0152667558	0.0410490247	0.0698034485	-0.0689946814	0.1020883282	0.0005095027	0.0915416613	0.0186172398	-0.0528524541	0.1363735658	0.026750342	-0.0740931918	-0.0149770896	-0.1166600008	0.0146216429	-0.0733620217	-0.080102763	-0.0272722069	0.0443457671	0.0025549351	0.0500118068	0.0201444837	0.0994440412	-0.1290877201	0.1274333647	-0.1246917927	0.1208863942	0.0	0.1487148416687347	0.0031272490025741	0.0221161041325568	9.779686324101262e-06	0.1049497665620862	-0.0091144104070935	0.0110144535014363	8.307247706893432e-05	0.2283735306936947	-0.0392455564853335	0.0015402137038435	0.0521544695215039	0.0070339804622236	-0.0003994965437157	1.595974884407903e-07	4.947688114294333e-05	0.0053359819816405	-0.0005009708675911	2.847270370839208e-05	2.509718101749799e-07	0.005502865725494	-0.0002246027085485	5.044637668732254e-08	3.0281531192816608e-05
810.2670504590712	-0.7215712369544462	0.5206650499999697	656532.6930596431	1327.0239490627014	-3.5281618518108644	1760992.561385967	12.447926052573468	828.5144519091123	-0.1447241367437755	686436.1970222567	0.020945075756231	895.0541895557138	641.5095368779224	0.900409	23.38792	0.0354862451707254	0.0237929348496189	0.0021397165	-0.0455726239	0.1031181037	0.1067297703	-0.1006341236	0.0182513709	-0.0888405499	0.1427497566	0.0318747617	0.007180316	-0.0283815266	0.1185931129	0.0302303124	0.0194652177	-0.0378937488	-0.0173119731	-0.130195495	-0.0170894334	0.0859777747	-0.02993114	-0.0555452231	0.0947936161	-0.0420100557	0.0234788694	-0.052587629	0.0942026429	-0.089152939	-0.0466869206	-0.0119816394	-0.028086321	-0.0109707208	-0.0058582335	0.1653426383	-0.0310516702	0.0435868347	0.0251821114	-0.0211271718	0.0880667752	0.1039598543	-0.0314311144	-0.0128502649	0.0102302408	-0.0607183564	0.0242425743	-0.0896888756	0.0148499277	-0.0814519548	-0.0076239451	-0.0682601396	-0.0645406838	-0.0314477547	-0.1242693074	0.0665665604	0.0506378709	0.0979103879	0.0407318541	0.0644115156	0.0883071666	0.000888801	-0.144888196	-0.0706073754	0.018494549	-0.0445908552	-0.0055501652	-0.09282525	-0.0499534752	0.0449778478	0.0025456129	0.1144484138	-0.0650874996	0.0138106349	-0.0271626831	0.0061275592	0.0009422692	0.0032361221	0.1109126524	0.1153839239	-0.0026418264	-0.0407488344	-0.0619446376	0.0908536801	-0.0092058754	0.0895735236	0.0140140909	0.102889393	0.0073756526	-0.0185015257	-0.0357828028	0.1186843508	0.0812198879	-0.0726230079	0.012922352	-0.0416348848	-0.0020477482	-0.0947974804	-0.0154800359	0.0328708218	-0.0496816363	-0.0986345238	-0.0418353056	-0.0311671412	0.0582083321	-0.039574134	-0.0612101634	0.0697630333	0.0232092347	0.1180185804	0.0006139476	0.0592859579	-0.0406536742	-0.129358491	0.1285129588	-0.12710783	0.125149223	0.0	0.1458060757983048	-0.0029087658704299	0.021259411739701	8.460918888977827e-06	0.0830486622459858	-0.0219011043161004	0.0068970803008478	0.0004796583702647	0.2282946049527296	-7.89257409651023e-05	6.229272586890427e-09	0.0521184266505228	0.0068982636556383	-0.0001357168065853	1.8419051589711843e-08	4.758604146270028e-05	0.0054121121175343	7.613013589380033e-05	2.929095757276161e-05	5.7957975912085055e-09	0.0055029677678795	1.0204238549971213e-07	1.0412648438471858e-14	3.028265425432068e-05
810.2820622391163	0.0150117800450289	0.0002253535401203	656557.0203864751	1335.3485617621247	8.32461269942337	1783155.781400175	69.29917659540084	827.8852257060817	-0.6292262030306119	685393.9469424097	0.3959256145803209	896.2353315542293	634.1565865700289	0.8998239999999998	23.372709	0.1172439790008214	0.055289108524965	0.1491977542	-0.0831433671	0.0051375735	-0.0196851319	0.0895450097	-0.0081757278	0.1320041138	0.0694030792	0.0447852581	-0.0220978778	-0.062220125	0.081141452	-0.0884896623	-0.0156799556	0.0803014603	0.1013970051	0.001825312	-0.0063405598	0.0952558798	0.1230043866	-0.012182339	0.0635898657	-0.0637936587	-0.079778202	-0.0376108207	0.0794919565	0.0295418486	-0.0474748805	-0.0946842617	-0.0261036106	0.000757295	-0.0316272545	0.0274084997	0.0215311431	-0.0411877902	-0.080658013	-0.0135814193	-0.0015740547	0.0380459389	-0.0798574854	0.0326633127	-0.0462962553	-0.1141037017	0.0391588386	0.1875649511	-0.0103613734	-0.0245455663	-0.0393274763	-0.0526202406	0.0243391973	-0.1004027993	0.0276576753	-0.1421242839	0.0656549695	0.0313578774	-0.0104710235	0.0299286207	0.0246975146	-0.0851045474	-0.0760264674	-0.1090082671	-0.0440983172	-0.1043337527	-0.031144647	0.0361795216	-0.1070741729	0.0390006265	-0.0152521164	0.0517981468	-0.0803318883	0.0489950876	0.0950316978	-0.0581514119	-0.0550451417	0.0755414634	-0.0241908604	0.011439895	-0.0038125286	-0.0265173415	0.017514735	-0.0332475072	-0.1005272573	-0.0370991708	0.0317636557	-0.0356698682	-0.0901040422	-0.122669306	-0.1110761467	-0.0044238295	0.1153724972	-0.045305954	-0.0838367881	-0.0085535895	0.1192604388	-0.0884363859	0.1011929699	-0.0355867482	-0.0591973681	-0.0483508862	-0.078767792	-0.0104239147	-0.0269422323	0.0506102991	-0.1019847513	-0.0653393802	-0.0441238508	0.0287176192	0.0448915749	-0.1185376492	0.0228025887	-0.1295391098	0.1292343642	-0.128726986	0.1280177706	0.0	0.165689617466981	0.0198835416686762	0.0274530493363544	0.0003953552292899	0.0494641436643945	-0.0335845185815913	0.0024467015084518	0.0011279198883572	0.1993177033986057	-0.0289769015541239	0.0008396608236773	0.0397275468880945	0.0073000001118237	0.0004017364561854	1.613921802284038e-07	5.329000163262603e-05	0.0057022180312837	0.0002901059137493	3.251529047629696e-05	8.416144119237409e-08	0.0054988297938857	-4.137973993800087e-06	1.7122828773365843e-11	3.023712910212505e-05
810.5152339348159	0.2331716956996388	0.0543690396754449	656934.9444404093	1335.2700942521242	-0.0784675100005642	1782946.2246040767	0.0061571501256886	827.6010388556787	-0.2841868504029889	684923.4795149985	0.0807621659419708	896.0576864090355	637.6334323201861	0.7993099999999999	20.761887	0.1237106223466159	0.0636161726933176	0.118948724	0.0864945743	-0.036746702	-0.0033634182	0.0149645475	-0.0290739145	0.1061221838	-0.0600908491	0.1109404233	-0.0760559722	-0.0484381196	-0.089952083	-0.0077242712	-0.0540867324	0.1053756545	0.0585552659	0.0203535387	-0.0456213929	-0.0450552736	0.1755595473	0.0116672999	-0.0422925389	-0.0479131538	-0.0803327264	0.0063018323	0.0140074248	0.1155911102	0.0384557547	-0.0705118531	-0.0740701098	0.0669239659	-0.0663288156	-0.0957091166	0.0394356995	0.0449338824	0.0480137303	-0.0209239118	-0.0141599916	0.1394119331	-0.064466669	0.0153646146	0.097651536	0.0110054821	0.0922101479	0.0119723438	0.0777995999	0.0265331168	-0.0006866849	-0.0008360055	-0.0345658832	0.0287266909	0.1238154744	-0.0950922755	0.0866628759	-0.0715709224	0.0115410137	-0.1284911955	0.0069230622	-0.0640371408	-0.0650513384	-0.0055096853	-0.0590069115	-0.061438548	0.0385169026	0.0593752947	-0.0567846496	-0.0091297945	-0.0814503633	-0.0685363396	-0.0839204894	0.1169327032	-0.0233803076	-0.0802157656	0.0743800743	0.0111891322	-0.084737685	-0.0743784823	-0.0917524996	0.0641332205	0.073832893	0.063898191	-0.0251384675	-0.0161355398	0.0159292639	-0.0346079363	-0.105212831	-0.0653834438	-0.1022038208	-0.0489892842	0.0965794176	-0.0583964739	0.08068915	0.0007982338	0.1513622458	-0.0241129176	0.0805515994	-0.0170915675	-0.0209482204	-0.0220297359	-0.0261644161	-0.0778773504	0.0120422196	0.0683258698	-0.0877200764	-0.0567528724	-0.1190716796	-0.0626010841	0.0046314148	0.0782500826	0.133840453	-0.1296294506	0.1295955703	-0.1295391098	0.1294600787	0.0	0.1625954012112345	-0.0030942162557464	0.0264372644950423	9.57417423732583e-06	0.0876760975493766	0.038211953884982	0.0076870980814878	0.0014601534197079	0.1611751392354534	-0.0381425641631522	0.0014548552009401	0.0259774255075677	0.0075060676367821	0.0002060675249584	4.2463824842480985e-08	5.634105136794762e-05	0.00582389963239	0.0001216816011063	3.391780692815238e-05	1.48064120477928e-08	0.0060563184286757	0.00055748863479	3.107935779200182e-07	3.66789929095169e-05
