global_signal	global_signal_derivative1	global_signal_power2	global_signal_derivative1_power2	csf	csf_derivative1	csf_derivative1_power2	csf_power2	white_matter	white_matter_derivative1	white_matter_derivative1_power2	white_matter_power2	csf_wm	tcompcor	std_dvars	dvars	framewise_displacement	rmsd	t_comp_cor_00	t_comp_cor_01	t_comp_cor_02	t_comp_cor_03	t_comp_cor_04	t_comp_cor_05	c_comp_cor_00	c_comp_cor_01	c_comp_cor_02	c_comp_cor_03	c_comp_cor_04	c_comp_cor_05	c_comp_cor_06	c_comp_cor_07	c_comp_cor_08	c_comp_cor_09	c_comp_cor_10	c_comp_cor_11	c_comp_cor_12	w_comp_cor_00	w_comp_cor_01	w_comp_cor_02	w_comp_cor_03	w_comp_cor_04	w_comp_cor_05	w_comp_cor_06	w_comp_cor_07	w_comp_cor_08	w_comp_cor_09	w_comp_cor_10	w_comp_cor_11	w_comp_cor_12	w_comp_cor_13	w_comp_cor_14	w_comp_cor_15	w_comp_cor_16	w_comp_cor_17	w_comp_cor_18	w_comp_cor_19	w_comp_cor_20	w_comp_cor_21	w_comp_cor_22	w_comp_cor_23	w_comp_cor_24	w_comp_cor_25	w_comp_cor_26	w_comp_cor_27	w_comp_cor_28	w_comp_cor_29	w_comp_cor_30	w_comp_cor_31	w_comp_cor_32	w_comp_cor_33	w_comp_cor_34	w_comp_cor_35	w_comp_cor_36	w_comp_cor_37	w_comp_cor_38	w_comp_cor_39	w_comp_cor_40	a_comp_cor_00	a_comp_cor_01	a_comp_cor_02	a_comp_cor_03	a_comp_cor_04	a_comp_cor_05	a_comp_cor_06	a_comp_cor_07	a_comp_cor_08	a_comp_cor_09	a_comp_cor_10	a_comp_cor_11	a_comp_cor_12	a_comp_cor_13	a_comp_cor_14	a_comp_cor_15	a_comp_cor_16	a_comp_cor_17	a_comp_cor_18	a_comp_cor_19	a_comp_cor_20	a_comp_cor_21	a_comp_cor_22	a_comp_cor_23	a_comp_cor_24	a_comp_cor_25	a_comp_cor_26	a_comp_cor_27	a_comp_cor_28	a_comp_cor_29	a_comp_cor_30	a_comp_cor_31	a_comp_cor_32	a_comp_cor_33	a_comp_cor_34	a_comp_cor_35	a_comp_cor_36	a_comp_cor_37	a_comp_cor_38	edge_comp_00	edge_comp_01	edge_comp_02	edge_comp_03	edge_comp_04	edge_comp_05	edge_comp_06	edge_comp_07	edge_comp_08	edge_comp_09	edge_comp_10	edge_comp_11	edge_comp_12	edge_comp_13	edge_comp_14	edge_comp_15	edge_comp_16	edge_comp_17	edge_comp_18	edge_comp_19	edge_comp_20	edge_comp_21	edge_comp_22	edge_comp_23	cosine00	cosine01	cosine02	cosine03	trans_x	trans_x_derivative1	trans_x_derivative1_power2	trans_x_power2	trans_y	trans_y_derivative1	trans_y_derivative1_power2	trans_y_power2	trans_z	trans_z_derivative1	trans_z_derivative1_power2	trans_z_power2	rot_x	rot_x_derivative1	rot_x_derivative1_power2	rot_x_power2	rot_y	rot_y_derivative1	rot_y_derivative1_power2	rot_y_power2	rot_z	rot_z_derivative1	rot_z_derivative1_power2	rot_z_power2
825.6117785244016	n/a	681634.8088382257	n/a	1214.15873851864	n/a	n/a	1474181.442321175	856.8227583089836	n/a	n/a	734145.2391562149	895.6062375177946	721.2848380030049	n/a	n/a	n/a	n/a	0.1526210077	-0.1023209057	0.0505845095	-0.1354005962	0.0060889155	-0.0648636127	0.0551660011	-0.2824516361	0.0531157952	-0.0278192866	0.1293892366	-0.3846273621	0.1815236109	-0.1945933334	0.3727632871	-0.02715602	0.0587828789	-0.0431489219	0.1358121853	0.0392452629	-0.0386294903	0.1568521536	-0.0490538538	0.1640080201	0.0547187617	-0.1628780726	0.085559726	-0.0041627206	0.0318784986	-0.1430039049	0.0541786373	-0.054896039	0.1191902482	-0.0831337605	0.0673674684	-0.0862990969	0.0355759656	-0.0370100799	0.0440311409	0.1604315969	-0.0096502161	-0.0470789103	0.0034156601	0.1093373426	-0.1399930015	-0.1015528615	0.1392312145	-0.0562537752	-0.0734630893	0.0358488079	0.0736246354	-0.0092153263	-0.1442338612	-0.0512005052	0.074590763	0.0458096663	0.0888585378	0.0929337499	-0.1429933179	-0.0846792287	-0.076655165	0.0289392263	-0.0652558826	0.1785250998	-0.1181302754	0.0414951522	-0.2526154042	0.0423318363	-0.0059047722	0.0782397043	-0.1378015582	0.0825758624	-0.0890554797	0.083982546	-0.0870096508	0.0046079487	-0.2443613541	0.0135784213	-0.0736698496	0.1786115018	-0.0891196547	0.0473304771	0.0417354064	-0.0299208095	-0.1783746653	0.0672957426	-0.1424668134	-0.2142727308	0.0117040604	0.0721562028	-0.0118853821	-0.0243338988	-0.0334377337	0.0576145933	0.0024951425	0.0208199552	0.0980926422	-0.1661263666	0.0846849812	-0.0784590973	0.1399849273	-0.0581816803	-0.059040906	-0.1604071383	-0.0730860087	0.1993535181	-0.0073635939	0.0104057955	-0.006843647	0.0751599428	-0.0290906213	0.0395055418	-0.0306917593	0.1237236048	-0.1102073539	0.1567645555	-0.0475720196	0.0397973924	-0.1003612407	0.0990852172	-0.0518338296	0.0383296381	-0.0619004503	0.1290883846	0.1290552057	0.1289999139	0.1289225186	-0.0240384438857006	n/a	n/a	0.0005778467844459	0.0481154146726652	n/a	n/a	0.0023150931291225	0.028948882289626	n/a	n/a	0.0008380377858186	0.0037945894605794	n/a	n/a	1.439890917434026e-05	-0.0006539541014745	n/a	n/a	4.276559668353207e-07	-0.0012927664023374	n/a	n/a	1.6712449710123844e-06
824.4519745788333	-1.159803945568342	679721.0583869372	1.3451451921558937	1200.0135863695275	-14.145152149112391	200.0853293215389	1440032.6074714554	856.2018544193313	-0.6209038896522543	0.3855216401852988	733081.6155111018	894.389645475556	709.6766568706687	1.113179	25.190716	0.0999286336138217	0.0559645319493419	-0.0355826972	-0.0282769861	-0.1134321777	0.0419414601	0.0514984928	-0.1148649855	-0.1018763007	0.0705319395	0.0179915641	0.0029775876	-0.0359588633	-0.1300904886	-0.0367050754	-0.0878666885	0.0676187534	-0.0278615721	0.008181362	0.1242506685	0.1619264686	-0.1443138626	-0.0073337337	0.0494206796	0.0270459559	0.0587071952	-0.0448535402	0.1435000502	0.0490407181	0.0883681691	-0.0077741257	-0.0174450799	-0.0751456048	0.0549291036	0.1082563541	0.0151632797	0.0608419753	-0.1044183587	0.1158527845	-0.0751598265	0.1168347174	0.0653550383	0.0534586941	-0.1296715968	-0.1552468772	0.1239386476	-0.02380539	0.0269172826	-0.0488372044	0.080390118	0.2157598798	-0.0149773654	0.1137167514	0.1888736385	-0.063872073	0.011657935	-0.0377445966	-0.1280224958	-0.0338954467	-0.0305923148	-0.0563134899	0.1650979476	0.1342753576	-0.0659460085	0.0515761231	-0.0013081753	-0.0526434346	0.0800983982	-0.1296353378	0.0332450052	-0.1238271821	0.041743651	0.1221532576	0.0602133024	-0.1130059779	0.0942515693	-0.0765247523	-0.0693343618	0.1188060197	0.2013966532	0.1681294941	-0.0085160143	-0.0233584682	0.034787308	0.1309762375	-0.0435966781	-0.057708845	-0.023231333	-0.0094665583	-0.0229970548	-0.1943881789	-0.0062276529	-0.1517022833	-0.021226706	-0.0294673893	-0.040369504	0.0265434788	-0.103856067	-0.0143734505	-0.0655642286	0.0856028638	0.0484222867	0.1941369824	0.0110105852	0.0649708835	0.0615981407	-0.0380772992	0.2574626567	-0.1018392482	-0.0559880216	0.0482025993	0.1927833879	0.0429547053	0.0909776881	-0.0715347811	-0.0522397141	-0.0009082105	0.0480956874	-0.0054985489	0.0192119566	0.0624152856	0.2241108349	-0.003424404	0.0501576908	-0.0535203152	0.1289999139	0.1287014744	0.1282045865	0.1275100165	-0.0241435115709975	-0.0001050676852968	1.10392184936483e-08	0.0005829091509788	0.0346201757192119	-0.0134952389534532	0.0001821214744108	0.0011985565668291	-0.0225969887694006	-0.0515458710590265	0.0026569768232337	0.0005106239014444	0.0034842084798203	-0.000310380980759	9.63363532169806e-08	1.2139708730851688e-05	-0.0006525852859968	1.3688154776999792e-06	1.873655811991022e-12	4.258675554995253e-07	-0.0009088670802533	0.0003838993220841	1.4737868949663156e-07	8.260393695681586e-07
823.2040083539812	-1.2479662248521208	677664.8393700615	1.5574196983716542	1193.476823797973	-6.536762571554391	42.72926491687437	1424386.928942898	855.1388652032543	-1.0629892160769714	1.129946073495934	731262.4787811096	892.7905443510415	719.511216614107	1.072862	24.278362	0.1501953301338066	0.0825405994985953	0.1606220128	-0.0495288316	0.0881262135	-0.0354537499	0.0650821181	-0.0139737011	0.0855759811	-0.0266772672	0.0737821851	-0.1420170976	-0.0005585902	-0.0392382824	0.039265327	0.0640569961	-0.1560745846	-0.0655310115	0.0767266932	-0.0032220798	-0.0360520666	0.1333524276	0.0213156249	0.0905423337	0.0811802386	-0.0171656189	-0.097138446	0.1168633076	0.0056297672	0.1291272474	0.0405097351	0.0327068203	0.0931287584	0.0038737054	-0.0696944528	0.1206549673	-0.0413537697	-0.2573461098	0.0667763675	-0.0493673095	-0.0551009391	0.0987727413	0.0007375261	-0.0095816706	0.1470379343	-0.0746149952	-0.0075354556	0.0996450333	-0.04118604	-0.0039203597	0.0067098771	-0.0242901173	0.0760298599	0.0004323688	0.0103370129	-0.0442977802	0.0432248315	0.0970089931	0.0910809472	0.0914348184	0.0950663515	-0.1517399428	-0.1194392896	0.004362671	-0.1226588983	0.0313570878	0.0182455792	0.0466538547	-0.150469193	-0.0088255815	-0.0178830383	0.0345290596	-0.0281104021	0.018687847	-0.0270096819	0.0574954582	0.010876837	-0.0871296893	0.212014258	-0.0468128874	-0.1382935866	0.0639399109	0.1548964422	0.0937014543	-0.0297358699	-0.0411409889	-0.0056887873	-0.1184713522	0.055464114	-0.125184634	0.0611237087	0.0203159198	0.0406758328	0.076383881	0.0153792336	-0.0666486601	0.0342243018	-0.1859697934	0.1205068816	0.104320755	-0.0815451547	-0.1245589129	0.1545507435	-0.114150495	-0.0404301594	-0.077628265	-0.0620756752	0.0941027111	-0.0565505872	-0.0295067818	0.05745298	0.1165495615	0.0049332069	0.0518714086	0.1461276751	-0.0099546668	-0.1477194033	0.1482351207	-0.0477069369	0.1655115249	-0.0156790871	-0.0280788414	-0.007405471	-0.0852199796	0.0628889022	0.1288230331	0.1279949812	0.1266188352	0.124700488	-0.0242219793709068	-7.846779990930072e-05	6.157195622606054e-09	0.0005867042846446	0.0879480245172601	0.0533278487980481	0.0028438594574274	0.0077348550164885	0.0411833901104685	0.0637803788798691	0.0040679367300596	0.001696071620991	0.0037267276025853	0.0002425191227649	5.8815524906704965e-08	1.3888498623871176e-05	-0.0004851618344843	0.0001674234515125	2.803061211635846e-08	2.353820056401713e-07	-0.0011590971990954	-0.0002502301188421	6.261511237573151e-08	1.3435063169508017e-06
823.5871898827954	0.3831815288142479	678295.8593390398	0.1468280840244243	1190.824204264698	-2.652619533275129	7.0363903883127605	1418062.2854626512	855.7171217123039	0.5782565090495382	0.3343805902581586	732251.7923915898	892.8222182721142	706.3197958284833	1.082635	24.49951	0.143979870582925	0.0710424548545862	-0.0448862469	-0.0938447897	-0.1285349715	0.0127574983	0.0635740022	-0.1230319874	-0.1154010316	0.0989953385	-0.133212989	-0.045047639	-0.083190366	-0.0699569712	-0.0095826769	0.0021368742	-0.1037171257	-0.1951037263	0.0458415008	-0.0064347768	-0.043573305	-0.1306394867	-0.1117032323	0.0275209163	-0.0575096381	-0.0722430417	-0.2071951791	-0.1225670776	-0.1243256501	0.1214361339	-0.2783760495	-0.0717942703	0.0315139444	-0.0297963334	0.1990152698	0.040895411	-0.0224378257	0.1368161634	-0.01455225	-0.115233845	-0.110250484	0.0436260512	0.0019094603	0.0628156145	0.0895098736	0.0118221889	-0.0125675814	0.0512322156	0.0208957594	-0.1142455873	0.0083459615	0.0442442813	-0.0567389979	0.0385058727	-0.0465779983	0.1151752351	0.0573546589	-0.0135396068	0.0040559787	0.0404891028	-0.0883987623	0.0879524993	0.1185177143	-0.0023486856	0.1044775824	-0.04009427	0.090739473	-0.0884521608	-0.1652802507	0.0981060155	-0.1537497236	0.1622011328	0.1261446238	-0.0645483253	-0.0998218369	-0.0379378616	-0.0389586423	-0.1461516027	-0.0943374578	0.0097826346	-0.1207728016	-0.1140693106	-0.0775749226	0.1086170661	-0.0234997107	-0.0078876831	0.2018430214	-0.0245637941	-0.0955460982	0.110554315	0.0670203438	-0.0491874459	0.0997964873	-0.146661295	-0.1098618544	0.0026854565	-0.0562217054	0.0431012645	0.0380436145	-0.0671708282	-0.1211486426	0.0950573751	0.18583402	0.0232655672	0.0804355625	-0.0015536636	-0.0571081397	0.18349668	-0.0776549403	0.0295811062	0.0243329005	-0.026456306	0.0747069309	0.0831199163	0.1168496276	-0.133012801	-0.0144397271	0.0074364162	0.0433099652	0.0729013491	0.0132242297	0.0132139665	0.0830011752	-0.0423829912	0.1329336376	0.1285578634	0.1269376627	0.1242524367	0.1205247148	-0.0183329018491207	0.0058890775217861	3.468123405760631e-05	0.0003360952902094	0.0456756416573966	-0.0422723828598635	0.0017869543526508	0.0020862642408149	-0.014141543594512	-0.0553249337049805	0.0030608482894604	0.0001999832552354	0.0032687378847649	-0.0004579897178203	2.0975458162920935e-07	1.0684647359297312e-05	-0.000586987346167	-0.0001018255116827	1.0368434829443674e-08	3.4455414456017745e-07	-0.0009090428986726	0.0002500543004228	6.252715315993598e-08	8.263589916270829e-07
824.8023706486988	1.215180765903369	680298.9506277135	1.476664293821499	1198.0510655767907	7.226861312092751	52.22752442422296	1435326.3557296838	858.4426122672944	2.725490554990529	7.428298765342581	736923.7185562963	895.1256802152229	718.4384545639605	1.129686	25.564253	0.2198353879741942	0.1472881852738284	0.221967728	0.0292121334	0.0263059534	-0.0872492405	-0.0214659179	-0.0743738951	0.0576501838	-0.1436689505	0.0634681045	-0.0544710085	-0.0544409521	-0.0579740949	0.133648209	-0.0336835222	-0.069416835	-0.1008601151	0.0936724501	-0.0334099444	0.0060858191	0.1014891828	0.1562082251	0.1104364593	-0.0710313018	0.1603420517	-0.1147933464	-0.0406334146	0.1561089566	-0.1531968853	-0.0708409367	-0.1579746845	-0.0373624448	0.0007479592	0.0120298954	0.1926495497	0.009637849	-0.0579567129	0.2532791389	0.0295442851	0.107135561	-0.0808037352	-0.1179307125	-0.0376318432	-0.0499490293	-0.12446568	0.0165109373	0.0181112896	0.0142205708	-0.0113759988	-0.1237138713	0.1373926391	0.0425680208	0.1483476978	0.0713989527	-0.0597959122	0.0576833353	-0.1367061801	-0.1101529823	-0.0973336245	-0.0042632581	0.0867671502	-0.0302069045	0.0789615086	-0.2396232721	0.0371756947	-0.0651658616	-0.0969685458	-0.1997925449	0.1750093207	-0.0299883662	0.0621091222	-0.1102594727	0.0647371275	0.0601326995	-0.0788210312	0.1497856635	0.0413411628	-0.0218009389	0.0599692454	0.155742826	-0.0771121642	0.0832755834	-0.0880276704	-0.0709277028	-0.0979616128	-0.0766262632	-0.1315203064	0.0362385743	0.1575058188	-0.0709341329	0.071267312	-0.0074449445	0.0191648478	-0.0255947967	-0.0489226115	-0.0561808001	0.0276257177	-0.1581364682	0.1364213693	-0.0341236171	-0.2215271381	0.0887124326	0.0454673386	-0.1172380384	-0.0632668343	-0.042020337	0.0749981811	0.0010182668	-0.0164513711	0.0779712949	-0.0234848461	-0.0172076017	-0.042041795	0.1497528238	0.1535803698	-0.1515486497	0.0240768327	0.0023583771	-0.1050125424	0.0193376564	-0.1375065155	-0.1945519453	0.1623637627	-0.0823225041	0.1282045865	0.1255324169	0.1211199807	0.1150284477	-0.0241963108115186	-0.0058634089623979	3.4379564660328034e-05	0.0005854614568876	0.1264842336394309	0.0808085919820343	0.0065300285381188	0.0159982613593541	0.10538639953689	0.119527943131402	0.0142869291892236	0.011106293207349	0.0030102439336573	-0.0002584939511076	6.681912275921833e-08	9.061568540120576e-06	-0.0005728700619604	1.41172842066e-05	1.9929771336991777e-10	3.281801078905125e-07	-0.0009091405413256	-9.764265300005268e-08	9.534087684888698e-15	8.26536523881805e-07
823.2357632540662	-1.5666073946325696	677717.121900505	2.454258728917448	1191.8465912287136	-6.204474348077156	38.495501935947445	1420498.2970235045	856.261586034722	-2.181026232572435	4.756875427169111	733183.9037186976	892.8487647432197	707.8933370087008	1.090726	24.682623	0.2266815136550833	0.1560379780276692	-0.0486971416	-0.1562552157	-0.0539228253	-0.0509678759	0.1245027203	-0.1037999394	0.0089974933	0.0276110253	-0.156217624	0.0358020866	-0.1044939247	-0.1026781895	-0.0298010021	-0.0732567736	-0.0433983904	-0.1282197126	-0.1276843616	0.0517654657	-0.0867214643	0.0190303282	-0.0402986635	0.0366289907	-0.1845412045	-0.0832350417	0.0095481805	-0.2257230827	-0.0829809852	-0.1441065739	-0.0232249295	0.068182553	-0.0438931841	-0.0050572573	0.0300837261	0.1232402645	0.0048054232	0.0020084575	0.0303543228	-0.0223805821	-0.0262950327	0.1200047941	0.0599825112	0.1118764384	-0.0741599822	-0.1248937917	-0.0487131863	-0.1372744524	-0.0103201143	-0.0649926064	0.1789454714	-0.0171500707	-0.1170232209	-0.0058385715	-0.12051202	-0.1484821787	-0.0325562119	-0.0488489343	0.0156499924	0.1286042964	-0.024448619	-0.0202844194	0.0030461121	0.0484185017	0.1507741476	-0.0214169203	-0.0914127491	-0.053322011	-0.1666110314	0.0671963296	0.0429936915	0.0034448203	-0.1864384226	-0.0725933465	0.0885137773	-0.0730013053	-0.0098350123	-0.0982249789	0.023007318	0.0210372196	-0.1361252029	-0.0347914577	0.0488943463	0.1790413355	0.0305743982	0.0671369797	-0.0371528317	-0.0318132713	-0.0928256158	0.1147287423	-0.0377945712	-0.1464130857	0.1385896844	-0.0994915207	-0.0196013543	0.1118793993	0.0841827367	-0.0567512206	0.0203673301	-0.0030294795	0.0573079449	0.0774113942	0.0985193239	-0.0017183125	0.0675666708	-0.0624794411	-0.1586343547	0.1230126089	0.0097990034	-0.0345196108	0.0240324604	-0.0467159383	-0.0850866094	-0.0552696783	-0.1597835729	-0.0815726867	0.0176910563	-0.0048790687	-0.0685715541	0.0273861811	-0.0386963384	-0.0977740787	0.0992600676	0.0061075105	0.0268826673	0.1277634447	0.1237830955	0.1172407796	0.1082719048	-0.0241962861960303	2.4615488300461233e-08	6.059222642701437e-16	0.0005854602656802	-0.0015138237702245	-0.1279980574096554	0.0163835027006454	2.29166240729672e-06	0.0145839073870703	-0.0908024921498197	0.008245092580618	0.0002126903546746	0.0028527409576051	-0.0001575029760521	2.4807187465299856e-08	8.138130971197663e-06	-0.0005727985333783	7.15285820999988e-08	5.1163380572362686e-15	3.2809815984033146e-07	-0.0009091848262937	-4.4284968099940834e-08	1.961158399612777e-15	8.266170483627054e-07
822.8067160658176	-0.4290471882486599	677010.8920030149	0.184081489744081	1198.3316504834434	6.4850592547297765	42.05599353735632	1435998.7445503734	856.1768959859614	-0.0846900487605353	0.0071724043590618	733038.8772201558	894.1512349701405	713.1493504721595	1.122939	25.411583	0.135918024787999	0.0895185736659074	0.1150873375	0.075610899	-0.0119450946	0.0672028632	-0.1427734516	-0.0347711917	-0.0807822127	-0.0589778132	0.1046271894	-0.0524738783	0.1030001313	0.0753121484	0.0220195389	0.007724087	-0.0060197233	-0.0181308683	0.0026930232	0.1422346344	0.0332544209	-0.007531827	0.1684256433	0.0237417195	0.256282336	-0.0105764269	-0.0877640232	0.1610071762	-0.0149560273	-0.0632964961	-0.0499403033	-0.1426970589	0.0559069	0.0369885521	0.0304185512	0.1773450907	0.1234170215	0.1649645363	-0.0939965804	0.039331742	0.0298179116	-0.0414843254	0.1030356058	-0.1981407965	0.206109998	-0.0074939576	0.2139643114	-0.1232084405	-0.0023198473	-0.0338496761	0.0079567428	0.1357717142	-0.0672536928	-0.088401079	-0.0676402357	0.1069810721	-0.0443299668	-0.0149468627	0.1130986396	-0.1703556806	-0.030052663	-0.049106177	0.088865753	0.0038656854	-0.1754978704	-0.0170278106	0.1237287252	0.0175181885	-0.0065673678	-0.0747728073	-0.1659154289	0.0065515033	-0.1288522735	0.2323718131	0.0157242364	-0.0846992315	-0.1364375058	-0.0386648276	0.0795374921	-0.1022004104	0.142755981	-0.0147516659	0.0031634809	-0.0724571598	-0.0140741584	-0.1122748367	0.1716441099	0.2186712127	0.1036736284	0.046618822	-0.0631924052	0.0186562168	0.080322599	0.1384063332	-0.1544396049	-0.0236260406	-0.0368872301	-0.0067262993	0.0125797515	-0.0096795775	0.068364133	-0.0816935738	0.0602208207	0.0423584235	-0.0968254402	0.1156423518	0.0517429818	0.1235705214	0.0149757897	0.0564080617	0.0015894208	-0.0937735107	-0.030825799	-0.0699559101	0.0134481498	-0.0077223409	0.0404254029	-0.1380442528	-0.1182184462	-0.2392485506	0.1454611328	0.0788537404	-0.029565876	-0.0710337537	-0.0435326015	0.1272347401	0.1216944932	0.1126387502	0.1003291122	-0.0048652391214574	0.0193310470745729	0.0003736893809993	2.3670551708959573e-05	0.0785087048274988	0.0800225285977233	0.0064036050831734	0.0061636167336913	0.0489218504621931	0.0343379430751228	0.0011790943346303	0.0023933474526451	0.0028082446771806	-4.449628042450023e-05	1.979918971615762e-09	7.886238166913172e-06	-0.0005727782815088	2.0251869499963996e-08	4.1013821824357183e-16	3.2807495976817417e-07	-0.0009091984148113	-1.3588517599983849e-08	1.846478105650708e-16	8.266417574953807e-07
822.908729139826	0.1020130740084823	677178.7764945236	0.01040666726866	1188.6469082458775	-9.684742237565844	93.79423220809184	1412881.4724824836	855.191041124668	-0.9858548612934328	0.9719098075358936	731351.7168198936	892.0570401052572	710.7763706406146	1.122373	25.398764	0.0914864479942123	0.0460969075646792	-0.0184374094	-0.0733591412	0.0194783794	-0.056668039	0.1994387156	0.0625772877	0.1425514173	0.1355329943	-0.0582642509	-0.0570825612	-0.086946035	-0.0643803909	0.0128575066	0.0361382063	-0.0210480484	-0.0166466892	-0.0335466058	0.0226686689	-0.1035741977	0.091352095	-0.1767532831	-0.081381424	0.0339452052	-0.1123956747	0.0315435173	0.0094581449	0.098679097	-0.0545060109	0.1062127263	-0.0814047387	0.0948849627	-0.0148338519	-0.1773403217	0.08536011	0.0774491663	0.0191029565	-0.0079516244	-0.0118837173	0.0512406026	0.0540944921	-0.0766641519	0.0579620109	0.0391425542	0.0188341463	-0.1154878095	0.0148901659	0.0473987297	0.1541494817	-0.0525379876	-0.0125613695	0.013442075	-0.0498086419	0.0527218077	0.0924776264	0.0870978729	0.068406934	-0.0444933397	-0.0852298751	-0.0175764475	-0.0230438106	-0.1754200204	-0.0725400147	0.1463801677	-0.099152297	0.0098568346	-0.046818121	-0.0092095401	-0.0690091574	-0.030428645	-0.1098270469	-0.1423886104	0.10356701	-0.0113248988	-0.0264433888	0.085426036	0.0031545577	0.0482887509	-0.0127853147	-0.0392409332	0.1305950409	-0.0621859326	0.0047662766	-0.0379949326	0.0059232414	0.0157217357	-0.0954602953	0.0060532126	-0.0762093853	0.1100276064	-0.0101647012	-0.1097771592	0.0152434103	0.118425746	-0.0174252466	-0.0031276615	0.0921522426	-0.1108165108	0.0534591845	0.0165851912	-0.0251638519	0.0051298788	-0.0680047044	0.0918515068	-0.1096233911	-0.1800007708	0.0145351133	0.0029518579	0.0529192583	0.1321868011	-0.0102149825	0.033695951	-0.1416862726	0.1139684162	0.0239342179	0.1657170728	-0.218254345	0.1829321028	0.0184949742	-0.1768697896	-0.1319867184	0.0014219036	-0.1108230133	0.0875375713	0.1266188352	0.1192723348	0.1073422654	0.0912870929	-0.0046832252811128	0.0001820138403446	3.3129038076989654e-08	2.1932599033654064e-05	0.0594222227903458	-0.019086482037153	0.0003642937965545	0.0035310005613454	0.0334145868255433	-0.0155072636366497	0.0002404752254965	0.0011165346127217	0.0023319441685892	-0.0004763005085913	2.2686217448442606e-07	5.437963605417176e-06	-0.001229561307031	-0.0006567830255221	4.313639426140947e-07	1.5118210077477807e-06	-0.0009080681793236	1.1302354876999892e-06	1.2774322576564324e-12	8.245878183000777e-07
823.0508681641259	0.1421390242998086	677412.7315857213	0.0202035022289015	1196.3561210808116	7.709212834934078	59.431962534312326	1431267.9684475255	855.9650821610402	0.7740410363721821	0.5991395259881218	732676.2218789563	893.1518694949882	703.3354923917219	1.083417	24.51721	0.1064960042171406	0.0566809244424834	0.0217165151	-0.0665799098	-0.1260435146	-0.0284937542	-0.1885606155	-0.0626602527	-0.1634386731	-0.1424751172	-0.1229623247	-0.1433717548	0.0557989034	0.1465653845	0.0144126684	0.0314444521	-0.092813057	-0.105796535	-0.1413507611	0.0378898547	-0.1116839563	-0.1008926451	0.1065575036	0.002895185	-0.0457577592	-0.1157820961	0.032470245	0.07371704	-0.0343081637	-0.0901410097	0.026064404	0.1305653328	0.0848779683	-0.2565753738	0.0259676864	-0.0594705551	0.055320562	0.1172163737	0.1362589216	0.067040191	-0.0623695522	0.0656251504	0.0817211254	0.0419353574	-0.1853909024	-0.1356902177	0.008589431	0.0153648768	-0.1233581964	-0.0628416861	0.0499719312	-0.0779169441	-0.0190466006	0.1109845437	0.0359156311	0.0245277577	-0.0893855221	0.0883684847	0.0403389818	-0.1506824377	0.0076334366	-0.0715340541	0.113953138	0.1607356044	0.0028492481	0.008971854	0.1417576808	-0.0062023169	-0.0494476431	-0.0154362281	0.0469975009	0.0418053754	-0.0869320725	0.0111914281	0.144296772	0.2450137727	0.061432394	0.0634021056	0.0870515257	0.0234355351	-0.061083193	0.0388488403	-0.0592639885	-0.0373777424	-0.1343841313	0.1975953623	0.0474188913	-0.055976126	0.2167620909	0.1509538463	-0.0137306798	-0.1645144639	-0.0520802448	-0.0363597032	-0.0560784402	0.0315980113	-0.0590396543	0.0281320973	0.0442246368	0.0026815519	0.0128549712	0.0470871685	0.0816836431	0.1465432345	-0.0707740804	-0.0593313364	0.0728294031	0.0295017818	-0.0678132528	0.035746852	0.0540752652	-0.1040188581	0.0063101878	-0.0628033458	-0.0708136988	-0.0775511959	0.0551415374	-0.1435236194	-0.0181328204	-0.0351179465	-0.0254677563	-0.0816968384	0.1596016136	0.1550007995	-0.0255918358	0.1259161521	0.1165232592	0.1013839798	0.0812449131	-0.0050791317575686	-0.0003959064764557	1.567419380996468e-07	2.5797579410741893e-05	0.0781572856660233	0.0187350628756775	0.0003510025809555	0.0061085613026803	0.023753055626976	-0.0096615311985673	9.334518510088934e-05	0.0005642076516182	0.0021899578282378	-0.0001419863403514	2.0160120846383612e-08	4.795915289460022e-06	-0.0005706702265657	0.0006588910804652	4.341374559167303e-07	3.256645074885474e-07	-0.0001548755268115	0.0007531926525121	5.67299171798213e-07	2.3986428805139662e-08
823.6296171437059	0.5787489795800411	678365.7462362875	0.3349503813649389	1191.620120633033	-4.736000447778679	22.429700241359846	1419958.5118974838	856.4240746479261	0.4589924868859043	0.210674103017707	733462.1956365565	894.174994691432	711.4493166334445	1.117391	25.28603	0.1185773643526608	0.0578654610409615	-0.0568787588	0.0971271029	0.0879447936	0.2079203969	0.0387400588	0.0033426485	-0.0446151882	0.221125279	0.0959382221	0.1537023831	0.0079782228	0.1154810534	0.0918931811	-0.015297817	0.057658554	0.0089328493	-0.0208070377	-0.0479294284	-0.086466427	-0.0086758473	-0.0423514881	0.0794447635	0.0522147268	-0.0481966228	-0.1429074018	-0.05490474	-0.1221966363	-0.0074832959	0.01514833	0.2579599861	-0.0037179667	0.0031177466	0.0285927656	-0.133681096	0.0360609477	0.0179366174	-0.0781335238	-0.0375550431	-0.0023605486	-0.1548775418	-0.0849360322	0.0083315044	0.0026762913	-0.0765059971	0.0047318333	-0.0320686966	-0.0113051441	0.1585335406	0.0239599811	-0.0055024679	-0.1284223046	-0.0822912217	0.1100993907	-0.1821587344	-0.0747304094	0.0332909058	0.21738814	0.0844971268	-0.0486535628	-0.0441629954	0.0700973603	-0.2214762384	-0.0026961906	-0.0920868384	0.0504183387	-0.0344834668	0.0638301393	0.0449572199	0.0219263367	-0.0575444995	0.081616717	-0.0776357155	0.2003577835	0.0397585653	-0.0041873709	-0.0208345412	-0.0520225018	0.0204289007	0.0361019471	-0.2041647329	-0.1329863416	0.0176205168	-0.0982548632	0.0647070024	-0.1498532415	0.1258091513	0.0468042211	-0.0550875825	0.0610027387	-0.0671645979	0.1121830983	0.198573921	0.0418127533	0.0001054497	0.0727140686	0.1148807945	0.0023280942	-0.0961951028	0.110187184	0.0023263212	-0.0614941384	-0.0895504906	0.0040007236	0.2529790626	-0.016561146	-0.0624300715	-0.1106786865	-0.0008553096	0.1001800152	-0.1674621348	0.0611063571	-0.0800566574	-0.0192805369	0.0223491476	0.0840615461	-0.0434592072	0.1114517858	-0.0270943063	0.1207368338	0.0787003774	0.1634673292	-0.2596212272	-0.0779053368	0.1251271724	0.1134548014	0.0948006283	0.0703125971	0.0049606033041129	0.0100397350616815	0.0001007962801087	2.460758514077582e-05	0.0413171846631286	-0.0368401010028947	0.0013571930419034	0.001707109748487	-0.0134835059999787	-0.0372365616269547	0.0013865615217979	0.0001818049340514	0.0015929354994278	-0.00059702232881	3.5643566109771586e-07	2.537443505337295e-06	-0.0005706971729009	-2.6946335199957115e-08	7.26104980708448e-16	3.256952631570797e-07	-0.0002470455848889	-9.21700580774e-05	8.495319605991288e-09	6.10315210130987e-08
824.9137147482955	1.2840976045896468	680482.6367798323	1.648906658112869	1198.0337054696502	6.413584836617247	41.13407045648668	1435284.7594413406	858.1555540665337	1.7314794186075917	2.998020977061683	736430.9549752395	895.5530680236625	717.3448537974184	1.073267	24.287533	0.0940307006529084	0.0529438139717006	-0.0260501995	0.1686634651	-0.0709194026	-0.1124653183	0.0060641534	0.1484903052	0.1163288174	-0.0624009049	-0.0143841515	-0.0206147782	-0.1105776274	0.2183558692	-0.0494532172	-0.0099559116	0.0227768451	0.1252716454	0.0568124505	0.0719876838	0.1472770951	0.0724351944	0.0771696097	-0.1304879878	-0.1721628353	0.0384236153	-0.0718086511	0.0093311952	-0.0516811109	0.0924821826	0.0680924538	0.2723432695	-0.2497678967	0.094308634	0.0698253979	0.0779360133	0.0834182867	-0.117701443	0.1007315394	0.0667200738	-0.0270703837	-0.0738121907	0.0090455411	0.040081878	0.0829057055	0.0540030154	-0.0219852091	0.0524566092	0.0146611077	-0.0492647971	0.0262032108	-0.200152641	-0.0669919135	-0.117283578	-0.0097667423	0.1020403328	0.0006575131	0.0722905106	-0.1101230871	0.07018773	0.0580185944	-0.0512979739	-0.0873966401	0.114751874	-0.0235396203	-0.1405627586	-0.0712398968	0.12113003	0.1100698012	-0.0322402571	0.0568765834	0.0048023023	0.0089141966	-0.1583237934	0.1062611648	0.0985472955	-0.0762397945	-0.0234869054	0.0850116315	-0.0618536328	-0.0080231883	-0.2535241685	0.1256200318	-0.033684097	0.0895533498	0.1039031408	0.04145809	-0.0659540585	-0.1437649607	0.0518801766	0.063158967	0.1855698554	-0.072432882	0.1313237221	0.2458670991	-0.076579815	-0.0180613541	0.0296441565	-0.0109066824	0.020927126	-0.0518877617	-0.0727882708	-0.1619716269	0.0635635364	0.1047526724	-0.0296770525	0.1731175042	-0.1310708891	0.0137106962	-0.0583795601	-0.003163897	-0.0561492525	0.093233937	-0.1853880999	0.0632945114	-0.1279091656	0.0050232007	-0.241210402	0.148676349	-0.0121900052	0.0317177794	0.1046015577	-0.138755062	0.0089289823	0.0550424526	0.1242524367	0.1100753719	0.0876327994	0.0586099215	0.0124560328959262	0.0074954295918133	5.61814647658305e-05	0.0001551527555043	0.0640291115012701	0.0227119268381414	0.000515831620701	0.004099727119642	0.0126190788538949	0.0261025848538736	0.0006813449360536	0.0001592411511208	0.0009299557965021	-0.0006629797029257	4.395420864914496e-07	8.648177834478551e-07	-0.0005705723944764	1.2477842449998974e-07	1.5569655220699634e-14	3.255528573385326e-07	-0.0001557348788575	9.13107060314e-05	8.337645035952751e-09	2.42533524927602e-08
825.0832746352813	0.1695598869857804	680762.4100828791	0.0287505552746306	1196.9024978848647	-1.131207584785443	1.2796305998761153	1432575.589443029	857.4152806398897	-0.7402734266439666	0.5480047461952001	735160.9634747808	894.2732702743731	720.5879637309913	1.077648	24.386656	0.1274816897010759	0.0596180474423572	-0.1424412023	-0.023194259	0.2345700525	-0.0465652765	-0.0322309268	0.1219189762	0.1653646559	0.035432325	-0.0103221547	0.1738519475	0.1782037927	0.0289107424	-0.0340712921	0.0707327961	-0.0959959638	0.1239552004	0.0878139056	0.0050052195	0.1366234886	-0.0120078127	-0.1208563298	-0.0479725278	0.0772228323	0.1359138931	-0.0228853859	-0.0735013367	-0.0412720766	-0.1212894385	0.0427131133	0.0226624244	0.0577162166	0.0741716656	-0.1613530811	-0.0044689582	-0.1713750335	-0.0373795339	-0.0969678836	0.1627489717	0.0620162119	-0.045290916	-0.2156617934	-0.0757038115	-0.079447189	-0.0135497762	0.1536567227	-0.0114492423	0.1398486492	-0.0098278686	-0.0629966277	0.0504624653	-0.1236367674	0.0363337657	0.129907126	0.0631863437	-0.2142690369	0.0561809629	-0.1734718317	-0.0744930994	0.1303559846	-0.0687978652	-0.0844980094	-0.0738313229	0.0864285968	0.1586520984	-0.0259554398	-0.055025383	0.1906331854	0.0283673755	-0.0596241857	0.0310781889	0.0003073105	-0.0928681044	0.0973269158	-0.1211961405	0.1518373564	0.1227835555	-0.0711158702	-0.0938471864	0.0430667162	-0.0842111086	0.1461927057	-0.0701967556	-0.031709526	-0.2026691672	-0.1006462766	0.0286049207	0.1700325233	-0.1099095732	0.0187871619	0.1575793295	0.0929551487	-0.0576836372	0.037125402	-0.0440793556	0.0351431051	0.0007734852	-0.1770314216	0.0190078185	0.0508494071	0.1201190393	-0.1899684703	-0.1071473061	-0.0993420532	-0.0885638938	0.0195701943	-0.1188409826	0.1189872971	-0.0868736706	-0.1487725894	0.0262414546	0.050795558	-0.0513883421	0.2021745255	-0.0723238692	0.0760274514	-0.0736019046	-0.1971787895	-0.3000655632	-0.084421034	-0.0609329599	0.0319798286	0.0629850107	-0.0053029015	0.1232925447	0.1063942335	0.0799246852	0.0462651033	0.0226230790345596	0.0101670461386333	0.0001033688271851	0.0005118037050039	0.0219949625200115	-0.0420341489812585	0.0017668696805786	0.0004837783762567	-0.0168487088802891	-0.029467787734184	0.0008683505139469	0.0002838789909327	0.0002824360690745	-0.0006475197274276	4.1928179740791337e-07	7.977013311425573e-08	-0.0004380411422468	0.0001325312522295	1.7564532817545846e-08	1.9188004230088129e-07	-0.0002919380361403	-0.0001362031572828	1.855130005380316e-08	8.522781694545511e-08
824.7822867971078	-0.3009878381735689	680265.8206142666	0.0905936787283984	1200.405961770616	3.5034638857512164	12.274259198763012	1440974.4730544374	857.0276215745527	-0.3876590653370613	0.1502795509380039	734496.3441417346	894.8317519673424	711.1880577774409	1.116471	25.265205	0.1017924390947181	0.0553967598011551	-0.1355979929	0.0695850331	-0.0973638669	0.0411340285	-0.0300768027	-0.0835775502	-0.1431770415	-0.0299306105	-0.1265698052	0.0924481734	-0.114796592	0.0749438261	0.0497083771	-0.0540372026	-0.0156842986	0.1893527198	0.1061602101	0.0201193435	0.0579415265	-0.0722856144	0.0917044984	-0.1050706667	0.0328812785	-0.0758681119	0.1991263537	-0.0773176604	-0.1148256848	0.0038571384	-0.0025711854	0.0627357047	-0.0849274296	0.1934226688	0.0312815261	-0.1122885356	0.1320792879	0.0108646799	-0.0111595185	-0.0709137206	0.0563322229	-0.0319296791	0.1627947512	0.1283818452	-0.0821358875	-0.1179938816	0.0707160247	0.304348917	0.0421101137	0.0802759748	-0.0074524205	0.0052301309	0.0902780405	0.0279493248	0.0041809635	0.0465155141	0.0359827895	-0.045527911	-0.1113079891	-0.1134449963	0.1167417973	0.0802744233	0.1540205003	0.1173883638	0.0694637917	-0.0761063486	0.0100752683	-0.0735195874	0.209021941	-0.0821263537	0.0529878913	-0.1661066396	0.0665951753	-0.1945445975	-0.0651211083	-0.0450194045	-0.1042401667	-0.0956200119	0.0348683551	0.1795532871	-0.0458678454	-0.0939348058	-0.0697301007	-0.0888595263	0.0951245452	-0.059647674	-0.0546898802	-0.0922343165	0.0436875577	0.1751647297	0.0227901063	0.0574218059	-0.1153891365	-0.1398130403	0.1064414008	0.1284762659	-0.2106022084	0.0813707411	0.0906419025	-0.0283672711	-0.019723945	0.1285521655	-0.1299958195	0.1853346939	0.0373620334	0.0742799904	0.0022242635	-0.0747242116	0.1402186075	-0.067724692	-0.0694626397	0.0876697024	-0.1152335675	-0.0451948096	-0.015083303	-0.1265920512	0.031051047	0.0358587904	0.1850553865	-0.062878632	0.0885008272	-0.063975024	-0.1278674996	0.1820393705	0.0918170179	0.1222481541	0.1024214758	0.0717238087	0.033413395	-0.0008195305587577	-0.0234426095933172	0.0005495559445446	6.71630336737708e-07	0.0665187002745284	0.0445237377545169	0.0019823632236329	0.0044247374862125	0.0010009707136049	0.017849679593894	0.0003186110616046	1.0019423694947026e-06	0.0001039142339204	-0.000178521835154	3.1870045626787643e-08	1.0798168011263612e-08	-0.000570015253271	-0.0001319741110241	1.7417165980627857e-08	3.249173889616023e-07	-0.0003009703330218	-9.03229688149998e-06	8.158238695555425e-11	9.05831413592532e-08
824.5052555600256	-0.2770312370821557	679808.9164461031	0.0767463063192695	1193.8426109349125	-6.563350835703432	43.077574192528935	1425260.1796838888	856.8193514978461	-0.2082700767065262	0.0433764248513423	734139.4011011895	894.5142447914119	718.7248011283211	1.107805	25.069101	0.0643127201629053	0.0319500359309206	0.0166492204	0.1994042488	0.1426326595	0.0439685095	-0.0878774649	0.0797970669	0.0100821935	0.0461566152	0.2193693166	0.118308976	0.0091641282	0.1234787717	-0.0024702626	0.0671907948	0.051817888	-0.0823199538	-0.0097513056	-0.079610395	0.0165160354	0.1253607309	0.0369637551	0.0140467394	0.0599656847	0.0827890109	0.0291086058	0.0122876622	-0.0033266889	0.199023954	-0.0483037025	-0.1054025554	-0.0094333951	-0.2080332981	-0.011935921	-0.1358061934	-0.0570110883	0.0328465756	-0.1331893053	0.1674136531	-0.1477531317	0.0248392164	0.0518118044	0.0972917575	-0.1567818566	-0.0488078805	0.0733639768	-0.1256503048	0.0029524698	0.1771039639	-0.0945732902	-0.0417067967	-0.1366536638	-0.1419914007	-0.0379050444	-0.0054288431	0.1885332609	-0.0457575708	0.0398963167	0.0424399108	0.1338719786	0.0471853653	-0.0210009422	-0.1199937462	-0.1845161361	0.0257400659	0.0543135218	0.026402203	0.1232242826	0.0182245125	0.0846363922	0.0358458168	0.1746695262	0.0746554135	-0.1359961801	0.0689331665	0.1396575613	-0.0101215434	-0.0439698763	-0.2332925367	-0.1358610379	0.0462082532	0.1023609198	-0.1370038619	-0.0823568226	0.0629863321	0.0021885488	0.1531766209	-0.0661529168	0.1663818258	0.0230367584	-0.2154487096	0.0007443578	-0.105129467	0.0589724519	0.0951318459	0.1595391709	0.1014018369	0.1738267638	-0.0367110118	-0.0373745347	-0.0756552569	-0.1940576083	-0.0697911311	-0.0698586359	0.1356246849	0.1311567144	0.0334793833	0.1268247475	-0.0636674491	-0.1525211684	-0.1055521754	-0.0742155305	0.0380004771	-0.0231638284	0.0640751256	0.0677457987	0.0889295745	0.0080573672	0.0571934791	-0.0266684208	0.0325650208	-0.2604670189	0.1108020714	-0.0520228341	0.1211199807	0.098167988	0.063080731	0.0201956026	-0.0052406985188895	-0.0044211679601318	1.9546726131695983e-05	2.74649209658906e-05	0.0410951142193738	-0.0254235860551546	0.0006463587279038	0.0016888084127033	-0.004663742072104	-0.0056647127857088	3.208897094457388e-05	2.1750490115112916e-05	0.0002469779977683	0.0001430637638479	2.0467240526327696e-08	6.09981313816384e-08	-0.0002820190878241	0.0002879961654469	8.294179131211819e-08	7.953476589713743e-08	-0.0001559651950784	0.0001450051379433	2.1026490029984453e-08	2.4325142075843373e-08
823.6849866400651	-0.8202689199605402	678456.9572162442	0.6728411010532311	1196.127980175106	2.285369240193404	5.2229125640221765	1430722.1449577785	856.628774680639	-0.190576817207102	0.0363195232567891	733812.857610853	894.1518298622661	712.5244693364389	1.084049	24.531506	0.0355089555861643	0.0199873417551039	-0.1114110527	-0.0051375436	0.0332173061	-0.0403542031	0.0615718755	0.0749074467	0.1242285005	0.0161367962	-0.061239108	0.0652281767	0.0022697214	-0.0252546402	-0.0973243845	0.1072475711	-0.0648017227	0.1681368448	-0.1899724041	0.0421198367	-0.0535246245	-0.0136498176	-0.0365772919	-0.2024170235	-0.0106657514	-0.1124814603	0.1912770364	-0.0309923913	0.1390626383	0.0803144787	0.0093560574	0.1369060816	-0.1223400629	0.0551426713	-0.1244599721	0.0514133046	-0.1781111116	0.0978053567	-0.168542812	0.0072535206	-0.0706817327	0.1003341768	-0.0377445192	-0.0917153017	0.0301069893	-0.0167545719	-0.0030908992	-0.2145508546	0.0599898328	-0.1404934797	0.167382468	0.0553265251	0.2750003922	0.0884997712	0.1075769605	0.0485600712	0.0653228889	-0.0395303578	-0.0319502482	-0.1659335338	0.0455199034	0.066539275	-0.1314161741	0.021405333	0.1330609599	-0.0402601716	-0.2002411222	0.0105626546	0.1493810319	-0.252904046	0.2150933475	-0.0174029181	0.0187878762	0.0184007212	-0.0302222653	-0.094952258	0.0052123068	0.0548818947	0.1033249059	-0.0964400928	-0.0175870628	-0.1184396935	0.022406661	0.0362755292	0.0445779146	0.1517727442	0.1319594802	0.0904526777	0.0232057641	-0.1429113186	-0.1544494648	0.1542431433	-0.0890340396	-0.1247480298	-0.2028173942	-0.0106397946	0.1290506447	-0.0573348621	0.0047103771	-0.0071926202	-0.0183305754	0.0784533791	-0.14626635	-0.0030125622	0.0325869794	-0.0417606593	-0.0492910355	-0.1652898434	0.1127540906	-0.032252767	0.0334121817	0.071197514	-0.0602155637	0.1077712721	-0.0165828042	-0.1158145299	0.1991753525	0.1116619614	0.1303114215	0.1105570964	-0.1727899399	-0.1346369742	-0.0499073111	-0.0137512615	-0.0306346473	0.1199087977	0.0936454286	0.0540487397	0.0067565429	0.0018117635778054	0.0070524620966949	4.9737221625318224e-05	3.2824872618622234e-06	0.055316965798994	0.0142218515796202	0.0002022610623527	0.003059966705207	-0.0167479279436832	-0.0120841858715792	0.0001460275481788	0.0002804930904068	0.0002469746616272	-3.3361411000279798e-09	1.1129837439295901e-17	6.099648348586992e-08	-0.0003250192411237	-4.3000153299600026e-05	1.849013183789103e-09	1.0563750710062585e-07	-0.0001559595637537	5.631324700007632e-09	3.171181787691605e-17	2.4323385526244417e-08
823.1273326728399	-0.5576539672251783	677538.605793104	0.3109779471619803	1196.366482783023	0.2385026079170984	0.0568834939832571	1431292.7611266212	856.7325746739806	0.1037999933415676	0.0107744386177094	733990.7045075077	894.3677252170512	703.7772185339182	0.986125	22.315544	0.0783709505172809	0.0367720955621386	-0.0096326207	0.0321454348	-0.0253623515	0.0713070832	-0.103517079	0.0215012775	-0.1082783853	-0.0370094673	0.0466505343	-0.0695840798	0.0394411949	0.0491329442	0.0368096966	0.120224007	-0.0044018948	0.038391785	-0.2576230916	0.0782808629	-0.1573457418	-0.0096785046	0.0857503302	0.0473535814	-0.1015584519	-0.0813075103	0.0634041602	-0.0058362066	0.0984132747	-0.0275109952	0.0246962793	-0.0435993473	0.0995444186	-0.0011089465	-0.0774227369	-0.0724676268	-0.1464944282	-0.014621641	-0.0438115021	0.0193460172	-0.1736224421	-0.0114085371	0.0525288572	-0.0459245192	-0.0152238111	0.0909837928	-0.0755786665	0.1929920957	-0.0708496416	-0.1400873664	-0.1390859087	0.0014403363	0.0870946969	-0.0290823073	0.0763969611	0.0705197016	0.010687039	-0.0013725093	-0.0938641923	0.0328236868	-0.0461895184	-0.0749024745	0.0660363112	0.055667257	-0.0504475541	-0.0707751826	0.0039961507	0.0247887797	0.0290594752	0.0243153686	0.1495143908	0.0337673262	-0.0683151946	-0.0767390756	-0.0079954682	-0.0362129932	0.0879442944	0.2032799671	0.0205190804	-0.0269041581	-0.0370970017	0.1146747387	-0.1393726611	-0.1801226511	-0.0809679994	0.0246619655	0.1356949779	-0.0314248594	0.0474506275	-0.1328821922	-0.0463489544	0.1088036528	-0.1573039014	0.0010076717	0.0330510322	-0.0750159143	-0.0630919337	0.0356888409	0.0877322566	0.0663559231	0.0683235613	0.0278543202	-0.060939538	0.0457978727	0.0194535755	0.0399187149	0.0825134431	-0.0874321129	0.0779360316	-0.0252806881	-0.1941000536	-0.1596413891	-0.1622225676	0.14325284	-0.0082447442	0.1463063273	-0.1034427679	0.0294514914	-0.0314768402	0.0824756106	-0.0303657345	0.0677762794	0.1308422854	-0.0288480134	0.0838775028	0.1186154352	0.0888661936	0.0446835199	-0.0067565429	-0.0052732214675472	-0.0070849850453526	5.019701309286999e-05	2.780686464580065e-05	0.0570714342550218	0.0017544684560278	3.078159563196576e-06	0.0032571486079252	0.0037815242683123	0.0205294522119955	0.0004214584081246	1.4299925791834876e-05	0.0004100342214778	0.0001630595598506	2.658842005867141e-08	1.6812806278290559e-07	0.0001328944584295	0.0004579136995532	2.096849562384983e-07	1.7660937081270103e-08	-0.000515027200428	-0.0003590676366743	1.2892956770686712e-07	2.652530171807033e-07
822.5659921635552	-0.5613405092847188	676614.8114640139	0.3151031673640274	1194.0038386753629	-2.362644107660117	5.58208717946107	1425645.166771502	856.8674530210232	0.1348783470425587	0.0181921685009329	734221.8320467353	893.9731689147376	701.9403954938313	0.992626	22.462648	0.0598929742784778	0.0395025667464903	-0.0078310119	-0.0363958046	-0.0209724438	0.032589708	-0.0404046104	0.1870996224	0.0752851339	0.0799115533	0.0380824216	-0.0271994278	0.0341460344	0.0044492132	-0.1398297327	-0.1228328314	-0.0853486225	0.0141226871	0.2004833961	-0.1167071347	-0.090904186	0.0201526752	-0.1897491098	-0.1315672483	0.0415632626	0.1144180677	0.1546204804	0.1367710663	-0.066454072	-0.0060528809	0.0258054836	0.0155591017	-0.049085125	0.0188044607	0.0303180042	-0.0474580986	-0.0137246706	-0.047461747	-0.0764363246	-0.123919629	0.0658590761	0.0890654638	-0.1231563632	0.148645667	-0.1705296236	-0.0553598011	0.0533962692	-0.058756921	0.0384693594	-0.0439092991	-0.1178302529	-0.0247032652	0.1544574479	-0.1859933265	0.0769860241	0.0965225814	-0.070497358	-0.0713220732	-0.0226835275	0.1202451684	-0.1160447537	0.0517519967	-0.1050839419	-0.0644904626	0.0692932642	0.0757941389	0.0426659284	0.0224309038	0.1477932547	-0.0215107955	-0.1172214979	-0.0680396408	0.1891283646	0.0275423799	-0.0468556096	0.0252128049	-0.0447347058	0.0641539279	0.0313847264	0.1914306535	-0.0508452797	0.0664654309	0.123672743	-0.0799230705	0.0454722658	0.0208027737	-0.0651578774	-0.0277873511	-0.1152110996	-0.1309238229	-0.025268492	0.0151085122	-0.0346232227	-0.1601403305	0.0196085508	0.2547950441	-0.005904835	-0.050441212	-0.0132667997	-0.0344945021	-0.0836109299	0.0056800858	-0.0588880733	-0.0545437279	0.0377673253	-0.025665829	0.0882156077	-0.0964627527	0.218960765	0.0424799967	0.0351825009	0.2234643982	0.0820622806	0.0733488569	-0.1665030154	0.0851095556	0.1616666419	0.1022430458	-0.0645221072	-0.1100297112	0.081273591	0.1148014552	0.0951489144	-0.0256668489	-0.0237298324	0.1172407796	0.0838433825	0.0350428114	-0.0201956026	-0.0052444627296495	2.8758737897700663e-05	8.270650054686442e-10	2.7504389322682684e-05	0.0219507284810163	-0.0351207057740055	0.0012334639740642	0.0004818344808473	0.0044234827340119	0.0006419584656996	4.1211067168338486e-07	1.95671994981014e-05	0.0005330098174573	0.0001229755959794	1.5122997206513205e-08	2.8409946550586425e-07	0.0001329582600191	6.380158959999736e-08	4.0706428354864894e-15	1.7677898907306606e-08	-0.0001560355719796	0.0003589916284484	1.2887498929603408e-07	2.434709972300093e-08
823.6665411395329	1.1005489759777447	678426.5709927619	1.2112080485256624	1194.0496457710794	0.0458070957165546	0.0020982900179855	1425754.5565660405	856.350153836337	-0.5172991846861805	0.2675984464769871	733335.585975518	894.2258704752196	706.9336391045207	1.001405	22.661327	0.0665533799334606	0.0421959698071801	-0.0721231971	0.010766495	0.0156178917	0.1008074442	0.0114312511	0.0458654461	-0.0509202562	0.0604455336	-0.0370529012	-0.0097760708	0.0382213232	0.0529713567	0.0279421873	0.1183301224	-0.1380678373	0.0525524322	0.0240242518	-0.1085313122	0.1785763231	-0.011851049	-0.0114923185	-0.0046484919	0.063314858	-0.0121934231	0.0456061697	0.0459963471	0.0349459993	0.0109656797	0.0351509855	0.0457439383	-0.118399078	0.0079195006	0.1676588615	-0.1743353828	-0.0660403082	-0.0380891186	-0.1355482696	0.1597038998	0.1541247451	0.0297541759	0.0342342161	0.0169037495	0.0757058545	0.1196677452	-0.1024200921	0.0314486895	-0.0441913865	-0.115828198	-0.0445113057	0.0975925571	-0.1486235727	-0.048381054	0.0217594322	-0.0857463965	-0.1118063204	-0.0974668714	-0.0210023507	-0.1518168874	0.0056144126	-0.0850292796	0.0540504114	-0.0032706872	-0.0115170206	-0.0557092132	0.0908101875	-0.0034773209	0.0660396075	-0.0528831574	0.1105226449	0.1097791856	0.0900623998	-0.0502046365	-0.0440627833	-0.0060896241	-0.2189079823	0.2242182802	-0.0636738745	-0.0860842678	0.0010323177	-0.0326920584	0.1222789959	0.0272524622	0.0765337517	-0.1960131434	-0.1237891521	0.0107449291	-0.0138741049	0.0694211675	-0.0949389744	0.0300425469	0.0111208157	0.0852203564	0.0591991232	0.045875115	6.7431e-06	0.0078561966	-0.1537836485	0.0382084912	0.0925737685	0.0594873236	-0.0156051145	-0.042627622	-0.0075498358	0.0665781163	0.127786944	-0.1513253745	-0.0343395486	-0.0330546067	-0.1399901335	0.1178310913	-0.0738291371	0.0799661689	-0.1579174553	-0.1342486124	-0.3456162821	-0.1585189836	-0.0815975595	0.1247994603	0.0828063314	0.0110910963	0.0760970929	-0.0198232948	-0.1043859767	0.1157857731	0.0785907625	0.0251860523	-0.033413395	-0.0052543495481103	-9.886818460800618e-06	9.774917927682789e-11	2.760818917372692e-05	0.0411149274541173	0.019164198973101	0.0003672665222806	0.0016904372595573	-0.0334044343187969	-0.0378279170528088	0.0014309513085541	0.0011158562321588	0.0003420098682789	-0.0001909999491783	3.6480980586151367e-08	1.1697075000015055e-07	0.0001329731583414	1.4898322300014102e-08	2.219600073550975e-16	1.768186083928704e-08	-0.0001560228776985	1.2694281100003894e-08	1.6114477264591607e-16	2.4343138365321088e-08
823.7890431078345	0.1225019683015489	678628.3875445216	0.0150067322377536	1193.8380114999236	-0.2116342711558445	0.0447890647276655	1425249.1977020917	857.6614499902537	1.3112961539167145	1.7194976032767677	735583.1627993844	894.8137462140622	706.6035236400827	0.985113	22.292639	0.0714176614881356	0.0482960982937002	0.0123943711	0.0333478545	0.0213504665	0.0071037817	-0.0563640498	0.085182293	0.0313597082	0.0318215718	0.0703347949	0.0727523769	-0.0143894727	0.0064674252	-0.2334431551	0.0600524219	0.1551626951	0.0703819148	0.2126224805	-0.2056028717	-0.0628642992	-0.0464830569	0.0444275545	0.0547270333	0.0033730798	0.1880395339	-0.0347558724	-0.0241829845	-0.0383683425	0.0001479918	0.0439312756	-0.1834681833	0.0552226086	0.1469690945	-0.1528208592	-0.2421360769	0.0594571974	0.2888084371	0.0046629592	-0.1390822246	-0.0510511798	-0.1658319858	0.059799341	-0.1457399676	0.1316068663	0.1133396703	0.1498034474	0.0664625542	0.0311045825	0.0124626696	0.0844865238	-0.1696744308	0.0208862581	-0.0615450121	-0.0602743425	-0.0750007006	-0.0952962323	0.0820212003	0.1281650131	0.1285313614	0.0480276371	-0.0808988814	-0.007691161	-0.0450497299	-0.0198011361	0.1301311638	-0.0582703239	0.1018485553	0.1164103922	0.0616659817	-0.0589443289	-0.1691332395	0.1403755745	0.027533608	-0.0759627599	-0.0835324576	0.0172589237	-0.1516551088	-0.2361723239	0.1064282405	0.175369718	0.1473623335	-0.0339470124	-0.0219977988	0.0876599877	0.0624578248	0.1943766509	-0.0018574516	0.2225186469	0.0959620903	0.1797436353	0.0085939162	0.1503008861	0.0747295562	0.0605484396	-0.0661566585	-0.02840403	-0.0839794124	-0.053538943	0.0184387196	-0.0404763697	-0.0188095736	-0.0687949443	-0.0081275929	0.0042837335	0.0126684359	0.0727020658	-0.1292155484	0.079136858	-0.015059834	-0.0533709106	0.0442490231	0.0514967639	0.0803938658	-0.0275460087	0.3409613113	-0.0001748515	0.0996645256	-0.0230952601	0.0558295254	-0.0038285212	0.0312383242	0.1262005164	-0.0346242659	-0.0667098376	0.1142514127	0.0731227308	0.0151740128	-0.0462651033	-0.0052543718611133	-2.2313002999950482e-08	4.978701028757994e-16	2.7608423654859248e-05	0.0701918377400829	0.0290769102859656	0.000845466711778	0.0049268940853301	0.0038355577452051	0.037239992064002	0.0013868170089269	1.4711503216802833e-05	0.000240009870706	-0.0001019999975729	1.0403999504871609e-08	5.760473803631084e-08	0.0001329811143389	7.955997499996042e-09	6.329789621994328e-17	1.7683976770815596e-08	-0.0001560160947656	6.782932900003006e-09	4.60081787259432e-17	2.4341021825908683e-08
823.6430315696471	-0.1460115381873947	678387.8434532386	0.021319369283849	1197.4558534402452	3.617841940321569	13.088780305149731	1433900.520938306	857.3041070930572	-0.3573428971965313	0.1276939461768107	734970.332038624	895.1543935108125	705.0313777953716	0.953869	21.585604	0.0148588902112145	0.012921087184599	-0.0255117304	-0.0276500799	-0.0583899308	0.0650004165	0.0375283087	-0.0188520671	-0.0410233413	0.0036403578	-0.0612038126	-0.0450988459	-0.0252672939	-0.0183799676	-0.0652855055	-0.0399095569	-0.0143631761	0.1199473087	-0.0679934371	0.135216805	0.064514238	0.0251084728	0.1041914799	-0.0430351603	-0.0286869626	-0.0122323361	0.1028354909	-0.0634840506	-0.039253578	0.1917882255	0.1638677327	0.0103081189	-0.0371019326	-0.0136806497	0.036515835	0.0526266153	-0.0495098829	-0.0731955612	-0.0169168173	-0.0746775136	0.0636814039	-0.1166447178	0.0550458774	0.0284137262	0.0554334517	0.0765326935	-0.1215645597	-0.0153965159	-0.1034807275	0.1518217937	-0.109440454	0.0327336737	0.0779038483	-0.1687012104	-0.1766118764	-0.032439809	0.0566766548	0.1081042094	0.0459572729	-0.0902230071	-0.0232518229	0.028416283	0.0019800078	0.0231514539	0.0096852627	-0.0404651418	-0.067868936	0.0560307709	0.0099703593	-0.0783245456	0.068237138	-0.1502854745	0.0313837359	-0.2120046895	-0.0708675082	0.0471524318	-0.1049934359	-0.0912393879	0.0204605689	-0.055753047	0.0606724868	0.1111664898	0.0204194222	0.0965843591	-0.1502445542	0.0615098165	-0.1153310882	0.0680722258	-0.1403952543	-0.0850743601	0.0169924297	-0.1981668393	-0.0320613415	0.1509007323	-0.035073128	-0.0242269593	-0.0735098147	0.0279289104	-0.1791551625	0.0694139104	-0.0630267671	0.014828204	0.0039717065	0.0611285921	0.030092327	0.0532955601	-0.0035144483	-0.2181579435	-0.0766366748	-0.0122177958	0.109684106	0.0730941002	0.000632988	0.1053099027	-0.1508399317	0.0240518693	0.0083756547	-0.0778940221	-0.0648842812	0.0519272646	0.1633172938	-0.1133460876	-0.106263909	-0.0373319128	0.0666451386	0.1126387502	0.0674542747	0.0050684204	-0.0586099215	-0.0052544313520854	-5.9490972099951473e-08	3.539175761397204e-15	2.7609048833778007e-05	0.0709122662245675	0.0007204284844846	5.190172012567781e-07	0.0050285495011039	-0.0092026596649077	-0.0130382174101128	0.0001699951132333	8.46889449081191e-05	0.0002180098715225	-2.1999999183499995e-05	4.839999640740004e-10	4.752830408125696e-08	0.0001329833320826	2.2177437000009924e-09	4.918387118894092e-18	1.7684566611791073e-08	-0.0001560146151799	1.479585699998894e-09	2.1891738436412176e-18	2.4340560149732282e-08
823.0971541341913	-0.5458774354557363	677488.9251438048	0.2979821745397316	1194.2504949613651	-3.2053584788800435	10.274322978128186	1426234.2447154657	855.7935352551607	-1.510571837896464	2.2818272774459007	732382.5749845259	893.6804837469914	709.0223614480258	0.943416	21.349068	0.0720374048783738	0.054696085162777	0.0150989886	0.0108470098	0.0566597534	0.005731356	-0.0313918967	0.1002361927	0.0182270474	0.0334881351	0.1316982974	-0.0207006993	0.0536513487	0.0660864716	-0.0437416388	0.1091996303	0.0832607452	-0.1073654617	-0.0671216186	-0.0016456127	-0.0081241853	-0.0157704129	-0.0617302969	0.0141779342	0.15169032	-0.08070301	0.053028371	-0.0363889895	0.0614682625	-0.0284991658	-0.1025058789	0.0899645188	-0.0069538236	-0.0162366678	0.0925438143	0.033316499	-0.0469741087	-0.0421602462	-0.0715339727	-0.0586033185	-0.0742373289	-0.1372349647	-0.048860047	0.0876102985	0.1274477661	0.071555788	0.0557075075	0.0497481141	-0.0492015882	-0.0108262451	-0.0503416143	0.020653838	-0.1200821043	0.0331633747	-0.0938796568	0.0339048178	0.0087744745	-0.0123827109	-0.1243461318	0.0166231733	0.0898063471	0.0184744701	-0.0061273414	-0.0982375643	-0.0081707213	0.0147570908	0.0675194366	0.004020646	0.091155987	-0.0797678673	0.0437934747	0.1033228942	-0.0193385424	0.091269046	0.0368030632	-0.0346875737	-0.009918958	0.0984864866	-0.0113801607	-0.0181869584	-0.041551309	-0.0450036157	-0.1710765821	0.0807806841	-0.0318553556	0.0032029341	0.0928308157	-0.0327347427	-0.1301162229	-0.010812208	0.0521959098	0.145219463	0.2140085138	-0.0669556674	-0.0048771592	-0.056688681	-0.0062280443	0.1049710258	0.0657972577	0.0084560791	0.0273573144	-0.006717738	-0.0339322429	-0.109961911	-0.0197816043	-0.0014508698	0.0771060643	-0.0300795371	0.0422666935	0.0689447065	-0.1487396346	-0.0628675229	-0.0201482199	0.070885033	-0.0118423234	0.0973829179	0.0719718683	-0.0052291636	-0.1363805127	0.0121529492	0.064406427	-0.0351112183	-0.0247363735	-0.0552435676	0.0996024	0.1109488906	0.0616009311	-0.0050684204	-0.0703125971	-0.0152543110724252	-0.0099998797203398	9.999759442126324e-05	0.0002326940062943	0.0176958959055326	-0.0532163703190349	0.0028319820699326	0.0003131447318994	-0.0065824264767186	0.0026202331881891	6.8656219604876165e-06	4.332833832140604e-05	0.0003420098682789	0.0001239999967564	1.5375999195587214e-08	1.1697075000015055e-07	0.0001329731583414	-1.0173741199997036e-08	1.0350501000451712e-16	1.768186083928704e-08	-0.0001560228776985	-8.2625186000019e-09	6.826921361537737e-17	2.4343138365321088e-08
824.1987116499905	1.101557515799186	679303.5162855042	1.2134289606136743	1194.5060461369528	0.2555511755876978	0.0653064033442543	1426844.694257736	856.256217745453	0.462682490292309	0.2140750868230926	733174.7104277486	893.7293347458431	704.2328200317672	0.978999	22.154284	0.0857329337623904	0.0631442873435279	-0.0228005783	-0.0309604837	-0.0942078471	0.0627176681	0.0767966449	-0.1013142092	-0.0664767634	0.0319405395	-0.0920347291	-0.076847452	-0.073899521	0.0076026499	0.0589493427	0.0018965668	0.0044743956	0.0308886734	0.0047104957	-0.0585598228	-0.043450035	-0.0409826345	0.0326135581	-0.0827571642	-0.051043223	-0.0519895344	0.0694593784	0.0055427864	-0.0174179671	-0.0969254528	-0.0725584627	-0.1208414064	-0.0112647162	-0.0091428432	-0.0942786781	-0.1759326375	0.039246937	0.113680555	-0.0447197753	-0.1206748493	-0.0186765687	0.0878268916	0.0565704727	-0.0049301664	0.0817531441	-0.0102574048	-0.0759024133	0.0624361442	-0.0654535189	0.0697339844	-0.0481900943	0.0650345856	-0.0172386734	0.1029400222	-0.0177357078	0.0489376457	-0.0188923881	0.0867161723	-0.1049236075	0.0760374455	-0.1433409533	-0.01160616	0.0494634444	0.0608422106	0.0745237491	-0.0580305347	0.0223730784	-0.0940094459	-0.0073763662	-0.1227455475	-0.0307565656	-0.1189804849	0.102935308	0.0175310524	0.0079437586	-0.1743857126	0.0060054339	-0.0129672542	-0.2081934426	0.1200727806	-0.1071100303	0.0999216367	-0.1328836807	-0.0363633992	-0.043221046	-0.0659103561	0.0767370158	0.030804289	-0.0138191716	-0.094704227	-0.1118773878	-0.0586071465	-0.0742829211	-0.037370287	-0.0474215479	-0.093247728	-0.0764939063	-0.0969777032	-0.0112054311	0.0672919152	0.0037375881	0.0458875275	0.0391521357	0.1079843905	0.0437710266	0.0481989507	-0.1024356299	-0.1721698684	-0.0360855562	0.0465298971	0.024828475	0.0515168297	-0.0217136612	0.0218338787	-0.0885014946	0.1226648622	0.0966468729	-0.108367497	0.0812341065	0.1890418568	0.0836643044	-0.0394415209	-0.077349237	-0.0523414399	-0.0511441024	0.1091829923	0.0555787436	-0.0151740128	-0.0812449131	-0.0052545086851836	0.0099998023872416	9.999604778388284e-05	2.760986152266988e-05	0.0788214353030554	0.0611255393975228	0.0037363315666381	0.0062128186632337	0.0027743814187175	0.0093568078954361	8.754985399209534e-05	7.697192256524929e-06	0.0002370098698312	-0.0001049999984477	1.1024999674017e-08	5.6173678397402376e-08	0.0001329818427595	8.684418099984227e-09	7.541911773533365e-17	1.768417050371238e-08	-0.0001560158789205	6.998777999988681e-09	4.8982893493125565e-17	2.434095447533612e-08
824.1882789445153	-0.010432705475182	679286.3191495222	0.0001088413435318	1194.828348080683	0.322301943730281	0.1038785429323172	1427614.781377214	857.2402278613667	0.9840101159137477	0.9682759082205868	734860.808263808	895.0203730536015	712.2586606825697	1.053827	23.847607	0.0976322091843743	0.0519695530273444	0.0675219288	0.0997424153	0.0491853875	-0.0794287108	-0.0537972464	0.071858232	0.0876662152	-0.0284618577	0.1468786342	0.0385575174	0.0345544922	0.1202195653	-0.0566511957	0.0117110081	0.1962589113	-0.2214530687	-0.0617405715	0.0186755742	0.0060096895	0.1212555619	0.0188425707	0.0903261879	-0.0748272023	-0.0088473366	0.1062772818	0.1827935388	-0.0284168637	-0.0457212602	-0.0627239952	-0.0595181923	0.0964738717	0.0628127255	-0.1421876965	-0.0744446663	0.0803298638	-0.0736519142	0.1268333773	0.0724432101	-0.0097795591	-0.1351036657	0.0031222727	0.1089615313	-0.043877855	0.1341413895	-0.0172917942	-0.0959532807	-0.0385654143	0.0398812938	-0.0176933148	-0.2214470064	0.0834651107	0.0137493494	0.0643697694	0.0708129469	0.0734262516	-0.0948560701	0.0700992308	0.1038964351	0.0178912424	-0.0011601688	-0.0538794142	-0.0312042854	-0.0934938014	0.0230305028	0.0878583385	0.0744716457	0.0848470861	0.1776769821	0.1440247469	-0.0048445533	0.0319463075	0.0685505276	0.0135462636	0.0501061938	0.1633363563	-0.0504169741	-0.0178625022	0.0661869296	0.1275639444	0.1830559084	-0.0583875631	0.0279742648	0.1612146095	0.0560774763	-0.0679313438	-0.0422894445	-0.0562727101	0.0118368729	0.0707154243	0.0442917155	0.0237124826	0.0150263478	0.0842828488	0.0031163908	0.1432274062	-0.1076966955	0.000382385	0.0053280698	-0.1471127279	-0.1336312272	-0.0643025289	-0.0948117098	0.027139255	-0.0235157778	0.1016155595	-0.0095446969	-0.1026371868	0.0812812628	-0.0671107923	-0.1450007715	-0.0334102328	0.0547698639	-0.1182158686	0.0936177149	0.0625105552	0.0673973452	0.0600047709	0.0575105558	0.0520942782	-0.0402812054	0.0043418002	-0.0077322368	0.0572553556	0.1073422654	0.0494042187	-0.0251860523	-0.0912870929	-0.0052381319264043	1.6376758779300046e-05	2.6819822811538115e-10	2.7438026078416015e-05	0.0376590391904017	-0.0411623961126536	0.001694342853735	0.0014182032327442	0.013027837343948	0.0102534559252305	0.0001051333584106	0.0001697245458603	-5.100106120987277e-05	-0.000288010931041	8.29502963991456e-08	2.601108244533189e-09	-0.0003529999620437	-0.0004859818048032	2.361783145997756e-07	1.2460897320285365e-07	-6.009007010554863e-06	0.0001500068719099	2.250206162020669e-08	3.610816525289749e-11
823.4054906639132	-0.7827882806021762	677996.6020554795	0.6127574922481114	1197.04248187509	2.214133794406962	4.90238845953497	1432910.7034136753	857.8674469597255	0.6272190983587507	0.3934037973459641	735936.5565531974	895.2896754886482	701.779550326379	1.137622	25.743841	0.0657522769116871	0.0337342319031477	-0.1213833144	-0.1887845253	-0.0232822058	-0.0063257797	0.0340961072	-0.0850041731	-0.0705246514	-0.038249527	-0.178194666	0.0388810326	0.0135573066	-0.11481784	-0.0265627503	-0.0181996623	0.0650792535	0.0326968199	0.015316114	0.0241304128	-0.0831930601	-0.124100797	-0.0697450129	-0.0976060248	-0.1388843845	0.0811463645	-0.0325481748	-0.0241573449	0.0106013808	-0.0609024043	-0.0169119636	-0.0561388327	-0.0670391725	-0.0605363958	-0.2230894175	0.2185851591	-0.0486799172	0.020398479	-0.1139123486	-0.0084702653	-0.2199849362	-0.2200665485	0.0191613896	0.0510685725	0.0246326701	0.0884812851	0.1393359519	-0.0265051601	-0.0893611918	-0.0014241666	0.0463954037	0.1768822385	0.0727312219	-0.0527925269	-0.0211794249	-0.1567091534	0.0327765453	0.0872864483	-0.0497166024	0.040740606	0.0062658792	0.1619759658	0.0181477738	0.0892017315	0.1323496364	0.1033681858	-0.1163144392	-0.0301222	-0.0247918657	0.0170784051	-0.0406012918	-0.18052813	0.0216938058	-0.0845092385	0.09504625	-0.061842877	0.1558043762	-0.0005272765	0.0615013966	-0.1355925579	0.0656679194	-0.0364478229	-0.082316585	-0.1715256222	-0.1126002691	-0.0221603596	0.2347182685	0.047626482	-0.2738622852	-0.0206817307	0.0613399619	-0.037103463	0.0894648756	0.1196278694	-0.1391204503	-0.1645340957	-0.0172741386	0.0784526501	-0.0594861924	0.0461010604	-0.0594941123	0.1594503889	0.0407126082	0.0544878008	-0.0235429061	-0.0791153723	-0.1519665272	-0.2021120719	-0.0582529798	0.0945189255	0.033477849	0.0180357443	-0.1094233566	0.0363414549	0.0199126471	0.1298765304	0.0593170622	-0.0065670838	-0.160610615	-0.0700088111	0.0195987797	-0.0471731091	0.0300704745	0.1316930727	0.1119176503	0.1054279714	0.0430942802	-0.0350428114	-0.1003291122	-0.005254501376612	-1.6369450207700566e-05	2.679589001023881e-10	2.7609784716817404e-05	0.0552189646612362	0.0175599254708345	0.0003083509825412	0.0030491340582588	0.0040019181340014	-0.0090259192099466	8.146721758448306e-05	1.601534875124925e-05	9.601037429994816e-05	0.0001470114355098	2.1612362170658238e-08	9.217991973216146e-09	0.0001329923462554	0.0004859923082991	2.3618852372588745e-07	1.7686964162516205e-08	-0.0001560065188156	-0.000149997511805	2.2499253547704656e-08	2.433803391296216e-08
824.7104895782616	1.3049989143484026	680147.3916204158	1.7030221664505096	1196.1080302576866	-0.9344516174035108	0.8731998252680371	1430674.4200469228	856.782553571015	-1.0848933887104977	1.176993664867747	734076.3441036692	895.342478427875	707.3769897955101	1.134497	25.673138	0.0659679276440806	0.0393534150199281	0.0019223483	0.1491362098	-0.107925393	0.0536633762	-0.0906122339	-0.012851304	-0.1050692569	0.0272953887	0.1103618776	0.0183128654	-0.1073154547	0.1432271824	-0.0860671641	0.06282814	0.1091087203	-0.0309709787	0.1158815493	-0.066329704	0.0056699011	-0.0445912135	0.0634695116	0.0175713985	0.108665773	-0.1009768799	-0.092083041	0.1137392168	0.0401920602	0.0133226978	0.1386883615	0.0398989501	0.0366883183	0.0678671811	0.1404908504	-0.0394724848	-0.1024023328	0.0822667797	-0.0471145661	-0.0508483574	0.1115839861	0.0833405008	-0.1532557918	0.1039006378	0.1212994743	-0.0183091116	-0.0170523316	-0.0688804712	-0.2156261993	-0.0580591361	-0.0793482248	-0.0175314682	-0.0392307927	0.0756926783	0.1445133904	-0.0894727249	0.0842647665	-0.0243010061	0.065699697	0.1249197271	-0.0185353422	0.030366327	0.1177572955	-0.0135465843	-0.064194487	-0.0727510734	0.0867087727	0.0809850486	0.0377264819	0.0143280275	-0.0834383893	-0.0004239951	0.0264815766	0.062032399	-0.0101518305	-0.0923047348	-0.218005787	0.0542102125	-0.0525669261	-0.0088957859	0.1109624447	0.0065401474	-0.0867997228	0.100509356	-0.0226403405	0.1434324914	0.0057170567	-0.1552602215	-0.0184464327	-0.117701195	-0.0491831598	0.0230104758	-0.0107872737	0.1201255789	0.0406745021	0.0596066908	0.2248175456	0.0565479651	-0.0311655951	-0.0296248315	-0.068189029	-0.0128027468	-0.003069255	0.0737688668	0.0564794899	0.1408017154	0.1561589356	-0.0251940206	-0.188017809	0.0338040787	-0.0071864266	-0.0821118737	0.0247054703	-0.0914003447	-0.1232016196	-0.0433877959	-0.064193805	0.0203378048	0.001407677	-0.0112226172	-0.0097098057	-0.0026933537	0.0227637592	-0.0201016689	-0.0625927392	0.1034414224	0.0366662233	-0.0446835199	-0.1082719048	-0.0052538878168917	6.135597203004925e-07	3.7645553037521863e-13	2.760333719248303e-05	0.0575531769612638	0.0023342123000276	5.448547061600148e-06	0.0033123681783345	-0.0167771758857639	-0.0207790940197653	0.0004317707482822	0.0002814736307018	-0.0001310315221077	-0.0002270418964076	5.154802272438123e-08	1.7169259785860674e-08	0.0001329690316689	-2.3314586499980283e-08	5.435699436650628e-16	1.7680763382964935e-08	0.0004740084254816	0.0006300149442972	3.969188300378041e-07	2.2468398742754558e-07
824.0082801487893	-0.7022094294723047	678989.6457537656	0.4930980828398196	1196.2588896158104	0.1508593581238528	0.0227585459335408	1431035.3309848516	856.3731959045169	-0.4093576664980674	0.1675736991207429	733375.0506637162	894.3985101536206	717.2046038731579	1.066121	24.125822	0.1264187786985215	0.0634078705041378	0.1039042346	-0.0021453549	0.1263576495	-0.0372345238	0.0905215381	-0.0374840403	0.100481056	-0.0052059464	0.0753287609	0.0368863215	0.0267614059	-0.0618650011	-0.0162270628	0.0930745544	-0.0340223041	0.1222992743	-0.1016531038	-0.0713350362	-0.0495263271	0.1358791206	-0.0142709224	0.0259939405	0.0275965528	-0.0868224402	0.0847949565	-0.0849892304	0.1267188807	-0.0996442604	-0.0300298014	0.0228674863	-0.0825065199	-0.2629656213	-0.0715836745	-0.2137484362	-0.0352913618	0.0470856343	0.088300063	0.0952915167	0.0955128178	-0.2681661548	-0.1141907058	-0.1419139361	0.0314035148	-0.037228972	-0.111188765	-0.056519299	0.0144823328	-0.1031361323	0.020368784	-0.0194468611	0.1088934319	-0.0198043735	-0.0197353847	0.0488333497	-0.0106610154	0.0171296134	0.0731641637	0.0155815211	-0.1579427683	-0.0221478787	-0.1027273287	-0.0713492077	-0.0483840517	0.0526783985	-0.1047736329	-0.0736952274	-0.0042902957	-0.1149351363	0.1320245179	0.0004643473	-0.026686346	0.1148872784	-0.0306682935	0.0411298883	0.1935692261	0.19059601	-0.1209181734	0.0395460102	0.0531619464	0.0142466642	-0.0106981239	0.1497394376	0.0849590745	0.1676794851	-0.1282193645	-0.0335269878	-0.0474578604	0.1236000969	0.2028601559	0.0053621862	-0.1848210367	0.0431167123	-0.1524214936	0.0774170729	-0.109261166	-0.2195393135	-0.0698834157	-0.0037439478	-0.0374704036	-0.1013544719	-0.0094319281	-0.0474224714	-0.0499261744	-0.0189964464	-0.0518209905	-0.1417239769	-0.133393348	-0.0027203865	-0.0508778728	0.0856334527	0.1201559362	-0.0920154329	-0.121634889	0.127759566	0.0235725823	0.0225515229	0.0819470301	0.0571379982	-0.0906228706	0.0531988598	0.1074135272	0.145950681	-0.0410286465	0.1013839798	0.0301376669	-0.0540487397	-0.1150284477	0.0094580542005644	0.0147119420174561	0.0002164412379249	8.94547892608139e-05	0.0585168378611484	0.0009636608998845	9.286423299663884e-07	0.0034242203132679	0.0245672908586556	0.0413444667444195	0.0017093649303804	0.0006035517801337	-3.804150147027251e-05	9.299002063742748e-05	8.64714393814919e-09	1.4471558341127456e-09	-0.0005319967627237	-0.0006649657943926	4.421795077121817e-07	2.830205555484968e-07	-0.0001560099402236	-0.0006300183657051	3.969231411258511e-07	2.433910144857124e-08
823.1028754441849	-0.9054047046043934	677498.3435644853	0.8197576791197688	1190.564229938841	-5.694659676969422	32.42914883650149	1417443.1856098657	856.1630410356483	-0.2101548688685852	0.0441650689091722	733015.1528354093	893.8208001697519	706.0683795031025	1.035938	23.442791	0.1795018694254273	0.0763747208988775	-0.0521628333	-0.0272343193	-0.0605390979	-0.1020975202	0.0681540978	0.0955516258	0.1155521399	0.0424228507	-0.0929284733	-0.049740778	0.0249226051	0.0226460603	-0.0952241716	0.0057785941	-0.0977939339	0.0681865964	-0.136021809	-0.17026296	-0.0889722612	-0.0212895306	-0.2026834578	-0.0918333575	0.0070984872	-0.0341389481	-0.0045479949	-0.0166809576	-0.1283451152	0.0479994053	0.0595091571	-0.0756336577	0.1355419814	-0.0048621973	0.075675301	0.0897295334	-0.0648413133	-0.0257015056	0.0111946508	0.1185440491	0.0931021526	-0.0332825404	0.0540619938	-0.0346000686	-0.0673267035	0.0765527527	-0.1642296965	0.0135011269	0.2497238965	-0.0896721057	-0.0299407292	-0.1072631121	-0.0321008033	0.1262828437	-0.0204662773	-0.1438739691	-0.1252860313	0.1097355169	-0.0310610547	-0.0415126849	0.0365242645	0.0312060965	-0.1413393319	0.0250866432	0.1293577498	-0.024362109	0.0848041426	0.0028538091	0.0449723612	-0.0272896255	-0.0970846332	0.2087588676	-0.1132637227	-0.1193341839	-0.1259545389	0.0997262804	0.0278723009	0.0943884119	0.0445353681	-0.1287915549	0.0437540731	0.0487298344	0.0512820737	0.0734912685	0.1191401257	-0.0563989001	-0.1460796523	0.0795819661	0.0712830143	0.0804986133	0.0181024543	-0.0501135258	0.0756102108	-0.0821394131	-0.0071272389	-0.0925126491	-0.16308344	0.0552137744	-0.0413267183	-0.0455457346	0.0739873671	0.0118014287	-0.0238939787	-0.0803664534	0.1576615007	-0.1034935912	0.070464541	-0.0697025811	-0.0734025411	0.049303462	-0.0535327981	-0.0028792963	0.1644822578	-0.1565152263	-0.0325242252	-0.0496083567	0.0140422482	0.1857950939	-0.2317518218	0.0467414261	-0.0606786401	0.1176883877	-0.0804767874	-0.1169424069	0.173400774	0.0992570537	0.0235265052	-0.063080731	-0.1205247148	-0.0052910160318617	-0.0147490702324261	0.000217535072721	2.799485064941753e-05	0.0056583989443765	-0.0528584389167718	0.0027940145647181	3.201747861372109e-05	-0.0045846055626554	-0.029151896421311	0.0008498330649588	2.101860816513084e-05	-0.0004360033164963	-0.000397961815026	1.583736062188101e-07	1.9009889199577277e-07	1.1878603024539912e-05	0.0005438753657482	2.958004134677818e-07	1.4110120981460874e-10	0.0005570021561005	0.000713012096324	5.083862495044875e-07	3.1025140190060573e-07
823.5817377218768	0.4788622776919737	678286.8787089863	0.2293090809963449	1195.8717594410418	5.30752950220085	28.169869416732407	1430109.265028613	856.1269011968681	-0.0361398387802864	0.001306087947065	732953.2709529519	893.4964314307283	706.2418465998501	1.022838	23.146347	0.1020493768906487	0.0504637394615804	-0.0375893605	-0.095399678	0.0913702648	0.0185168836	-0.131660005	0.022366629	-0.0347112502	-0.0043532253	-0.0929492686	-0.0057142778	0.1838944648	0.028992272	-0.0222674044	-0.0395615595	-0.2579680663	0.1715992851	0.1025160582	-0.1297837135	-0.0283535085	-0.0656686608	0.007951289	0.0593681871	-0.0003763466	-0.0067972199	0.0368423447	0.0449011865	-0.1582141068	-0.1147365247	-0.0593587055	0.0306804439	0.0298292206	0.0221500977	-0.1626312644	0.1138617643	-0.0796304758	-0.130884541	0.1123097694	0.0508304595	0.0114447088	-0.0550665262	0.0741724056	-0.0135692373	0.0003392324	0.1893467123	-0.0102394556	-0.0271604457	0.0081840084	0.0564407904	0.0809834144	-0.0551798425	-0.0373315776	-0.0607516772	0.1301557259	0.0853273742	-0.0062147613	-0.016989207	0.008114002	0.0486075417	-0.0040725752	0.0199429139	0.0129373553	0.0543867617	0.0259854871	0.1582429914	0.116491584	-0.0566782417	0.0493731026	0.0168201022	-0.040963634	0.0135959635	-0.0362265903	-0.1340814249	0.0923098001	-0.0256972685	0.1208500622	0.0510952684	0.1563904938	0.0785912951	0.1317421185	0.1142721725	0.1054346211	-0.0064900076	0.0711234436	-0.0403020716	-0.0415909303	0.0760269083	-0.0087654375	0.086478818	-0.0006032476	-0.0188469474	0.0506055552	0.0152898578	0.0376673753	-0.0499953795	0.0652374328	-0.1523640861	0.0262248401	0.0588901328	-0.0832125754	0.0866097694	-0.0254442575	0.0081440079	-0.1697452303	-0.0563789868	0.0546798664	-0.0202329455	0.0288268402	0.0165275395	0.033392248	-0.040306148	0.1488726077	-0.0843092699	0.1449595372	-0.1606988187	-0.0502398024	0.1030547143	-0.1073633166	0.0074990013	-0.0114828967	-0.1080646566	0.1107178526	-0.1227917678	-0.0331577429	0.0970621018	0.016850859	-0.0717238087	-0.124700488	0.0161374114871506	0.0214284275190123	0.0004591775059375	0.0002604160495056	0.0253269830253657	0.0196685840809892	0.0003868531997509	0.0006414560691671	-0.0160947158896647	-0.0115101103270092	0.0001324826397399	0.000259039879569	-0.0012070435209098	-0.0007710402044135	5.945029968220119e-07	1.4569540613703267e-06	0.0001326054456971	0.0001207268426725	1.4574970541685072e-08	1.7584204228526534e-08	0.0006540802082872	9.707805218670006e-05	9.42414821636366e-09	4.2782091887302693e-07
824.3800030777622	0.7982653558854054	679602.3894744912	0.6372275784068528	1195.7370085122948	-0.1347509287470529	0.0181578127981933	1429786.9935259316	857.6971063726976	1.5702051758295283	2.46554429420184	735644.3262800985	895.4155267513612	707.3538320098443	0.978554	22.144222	0.0572450304088089	0.0293856173272487	-0.1418179076	-0.0128973773	-0.0300614703	0.0480131972	0.1060467979	-0.0583755146	-0.0553396828	0.0938075326	-0.0969956521	0.0768645024	-0.0507773224	-0.0286747284	0.0239650539	-0.1123786158	0.0585183053	0.0298371502	-0.0224453386	-0.0351166755	0.0910751459	-0.0973420311	-0.1381525403	-0.0119865819	-0.0549738997	0.0133218151	-0.2277874622	0.161193269	0.1456885693	-0.0085530916	-0.0059615915	0.1535338504	0.1385862945	0.0600847614	-0.1036795218	-0.0215374998	-0.0874576494	-0.0523838035	-0.0909862993	0.1073670815	0.0936193258	-0.0042551997	0.2049629497	-0.054417172	-0.0350627814	-0.0038632757	-0.0445527119	0.013899978	-0.0332061998	0.0408898072	-0.054920996	0.0705256561	-0.0021719007	-0.0400436279	-0.1413300327	-0.2028978378	-0.1010239399	-0.1323049653	0.0207504416	0.0682705682	-0.1608053634	-0.000646531	0.0814328766	-0.0370016881	0.1583532131	-0.0598254819	-0.0518112608	0.0001121209	0.0375640609	0.2559769438	-0.0409485771	0.0100135936	0.1341544745	0.0800614209	0.1070565554	-0.0663624784	-0.1233151618	0.0650080414	0.2316466632	-0.1231800461	0.048779499	0.0687821397	-0.0503516155	0.0017267542	-0.000634127	-0.0404750736	-0.1040578695	0.0905722607	0.0755353428	-0.0648369332	0.0343995632	-0.0582935218	-0.1298951619	0.067672054	-0.1097095358	0.0052334654	0.0067646808	-0.1342506633	0.0638819538	-0.0438558707	0.2526072934	0.1375503082	-0.0556318324	-0.0019783807	0.0884613957	0.0215179903	-0.1172734972	0.0145033056	-0.0334060639	-0.0711267231	0.0153760285	-0.1367989819	-0.0170308824	-0.0085704706	0.0844910906	-0.2297692471	-0.0386407275	0.1802162946	0.0036528716	-0.1438967414	0.0945341702	-0.0198891887	0.0483741573	-0.0240533274	-0.2706867568	0.0948006283	0.0101290257	-0.0799246852	-0.1275100165	-0.0027274622790827	-0.0188648737662333	0.0003558834622159	7.439050483818997e-06	0.0328439682581773	0.0075169852328116	5.650506699030767e-05	0.0010787262509441	-0.0174836786779337	-0.001388962788269	1.9292176271960023e-06	0.0003056790201132	-0.0015290446182068	-0.000322001097297	1.0368470666047209e-07	2.3379774444671787e-06	0.0001941570119616	6.155156626450002e-05	3.7885953096131375e-09	3.7696945293856894e-08	0.0004481486994188	-0.0002059315088684	4.240778634481591e-08	2.0083725679076197e-07
823.9553402920199	-0.4246627857423846	678902.4027957382	0.1803384815944824	1203.650365732782	7.913357220487114	62.62122249903555	1448774.2029286595	858.148188172593	0.4510817998954053	0.2034747901968784	736418.312863904	896.3172603791105	708.8033059468202	0.974754	22.058214	0.0368042765631511	0.0205437883446289	-0.0821419811	-6.1126e-05	-0.000848477	-0.0149285072	-0.2212056993	0.0272844877	-0.0696487295	-0.1488770184	0.0289649227	0.0923004576	0.0662380911	0.1696897523	-0.1326243863	-0.127271012	0.0415528481	0.0615229912	-0.0825282595	0.065801609	-0.0295246681	-0.1088260696	0.1233271074	-0.059426917	-0.0692227738	0.1111537116	0.0384230848	0.2251834834	-0.0660052148	0.0090997515	0.0769658681	0.0945047443	0.1358406506	0.0182995666	0.0607039568	-0.038802751	0.0211537004	0.0325995556	-0.1030800223	-0.0944549236	-0.0931481406	0.1514775332	-0.0222319517	-0.0064502289	-0.0782578597	-0.0507506402	0.0689097328	-0.079005513	0.2235239958	0.1199842085	-0.1625375602	-0.1868268311	-0.1304697876	0.1193344247	-0.0233986872	-0.0898050402	0.0735128378	-0.0219716342	0.0345043471	-0.2173155564	0.0359515397	0.1354234273	0.0886636616	0.1024349479	0.0283991604	0.0944227449	0.017079895	0.2204241404	0.2122678036	0.082240012	0.0645794152	-0.0716315182	-0.0913323361	0.100397471	0.031209528	0.1401921444	-0.0268143727	-0.111779176	-0.0220885923	0.0435428012	-0.1189467126	-0.0536647118	0.0782929749	0.0329127029	-0.1892221255	-0.0709906508	-0.0613709181	0.202575421	0.1011900995	-0.1720360971	-0.0661735668	-0.0896221895	0.1114294871	-0.1336951748	0.0395390065	0.0478092393	-0.1152936494	0.0586876251	-0.0912592982	-0.1560259263	-0.0957675868	0.1382574116	-0.0406964629	0.0978040361	-0.0900667733	-0.0363340116	0.1512205211	0.048747933	-0.0922322856	-0.0701638617	0.2171560327	-0.1663512005	0.0112349404	0.0632910339	0.1493716175	-0.1360300891	-0.1578621378	0.0940629575	-0.0518306806	0.0369666847	-0.2072931911	-0.0218755757	0.0206556982	0.0195681247	-0.1917421704	0.0924741833	0.0033794295	-0.0876327994	-0.1289225186	-0.0027490513596148	-2.1589080532099892e-05	4.660883982214947e-10	7.55728337779998e-06	0.0357352017218772	0.0028912334636998	8.35923094161811e-06	0.0012770046421032	-0.0338960287005178	-0.016412350022584	0.0002693652332638	0.0011489407616663	-0.0018170346375341	-0.0002879900193273	8.293825123213869e-08	3.3016148739986785e-06	0.0001325931768865	-6.156383507510002e-05	3.7901057891541155e-09	1.7580950556854674e-08	0.0004481204738945	-2.8225524299979945e-08	7.966802220087584e-16	2.008119591234313e-07
824.5130850847746	0.557744792754761	679821.8274760128	0.3110792538450512	1195.2299117690409	-8.42045396374101	70.9040449554817	1428574.5419874291	857.852917365877	-0.2952708067159619	0.0871848492986949	735911.6278331463	895.6037412678069	708.0312596723367	1.066918	24.143843	0.0974025519053964	0.0504480245813899	0.0606245916	0.0076956896	0.1105020109	0.1497008503	0.0666000824	-0.0360821687	-0.010096035	0.0970137523	0.0887244107	0.1180561083	0.0604730896	-0.1328503131	0.0641052631	-0.0180383988	0.0527389335	0.1749246349	-0.0058553146	-0.1093733555	-0.116617269	0.0203669499	-0.0417051411	-0.0415879839	0.0864637739	0.0092235538	-0.0336606538	-0.0174636836	0.2474138294	0.0746447917	0.0574619777	-0.0665010275	-0.1495635937	0.0304838518	-0.0717551098	-0.0555321548	0.1465477179	0.1045301454	0.1154522561	0.1448076976	-0.0063900577	0.1380036156	0.0434745813	0.0584387395	-0.1007888089	0.0155011745	0.1643333236	-0.0288135978	-0.0152157341	0.1168368679	0.0200681458	0.0165192475	-0.0987798022	0.1015136325	0.1969009639	-0.0157301049	-0.0951742225	0.0149335704	-0.0270072537	0.1186767303	0.0243273796	-0.0456130841	0.0400013962	-0.1488954911	-0.0198214536	0.0330877226	-0.1466809052	-0.052368458	-0.0068825055	-0.0930015445	0.0205288985	-0.0314095999	0.0568744775	0.1175332336	0.1284233973	-0.0492648863	-0.135786648	-0.037742539	-0.0653677972	-0.0917534588	0.0527817437	0.1247889623	0.186735014	-0.1817563922	0.0983395008	-0.072672485	0.0444968201	-0.0404542607	0.0892702826	0.1616571892	-0.018466058	-0.0636027076	-0.0600095547	0.0025078594	0.0641229883	-0.0281364026	-0.0143339526	0.0801480414	0.1413469186	-0.0038269565	0.0330662758	-0.0297656902	-0.0272895117	-6.94161e-05	-0.1148080001	0.1239811226	-0.139617124	-0.0699679831	-0.0376898087	0.0050441	0.04739543	-0.0122802062	0.1128721586	-0.1135680117	0.0869815913	0.0069133794	-0.1791772574	0.0710040683	0.1616314887	0.0774821832	-0.0672821768	0.0837548497	0.2264409282	0.0295400469	-0.0760229002	0.090084361	-0.0033794295	-0.0948006283	-0.1289225186	-0.0217120928735425	-0.0189630415139277	0.0003595969434589	0.0004714149769493	0.0674400140284348	0.0317048123065576	0.001005195123394	0.0045481554921554	-6.547833957171179e-05	0.033830550360946	0.0011445061377245	4.287412953068397e-09	-0.0015590259029505	0.0002580087345836	6.656850712143055e-08	2.4305617660706223e-06	0.000132650461081	5.7284194500021675e-08	3.281478939516313e-15	1.75961448250019e-08	0.0004481035381933	-1.6935701200042515e-08	2.868179751371215e-16	2.0079678094135427e-07
824.380744380264	-0.132340704510625	679603.6117049581	0.0175140620703685	1199.322781611148	4.09286984210712	16.751583544429963	1438375.1344915014	856.7245331112103	-1.128384254666685	1.2732510261796894	733976.9256346214	895.2340679897244	709.7364210005244	1.028841	23.282183	0.0569315122753893	0.0484509757893864	0.0383847262	0.1593832928	-0.1241940467	-0.0029403127	0.0751427624	0.077925634	0.0196891145	-0.014885061	0.0143796449	-0.0822608259	-0.1563313845	0.0530902387	0.0116735995	-0.0746703643	0.0215637862	0.0754135587	-0.0601171827	0.0512136425	0.1181233153	0.1336645842	0.117075944	-0.1171131351	0.0061678578	-0.1871539277	-0.0387265194	0.0896866008	-0.0708471903	0.1412049723	0.1554618695	-0.1950842322	0.0123930607	0.0309244524	-0.0793500411	0.0655311044	0.1251786702	0.0817323095	0.1233351831	0.0550143567	-0.1682722319	0.0908291057	-0.1087290573	0.1386970616	0.0645646801	-0.0726735915	-0.0875462223	0.0328265753	-0.1855142219	-0.0323728788	0.1917216656	0.0653169138	-0.0269422418	0.0577471918	-0.1254149297	0.021735002	-0.0203039416	-0.0344849999	0.0376220794	0.0435127089	0.0314821118	0.0361084809	-0.0031478488	0.0433924287	-0.0818937192	-0.2860567697	0.0272060177	0.0739023824	0.0465732814	-0.1624916955	-0.0467929726	-0.0014939673	-0.1145284151	0.0668902965	-0.0417934739	0.1325586559	0.0846340366	-0.1489234139	-0.030703959	-0.0187800212	0.0416550533	0.0804519274	0.0439828832	0.0117244032	0.0272979311	-0.0776573837	0.1690469799	-0.2689894973	-0.003551269	-0.0871907477	0.0412352565	-0.0842963582	-0.1134888654	0.0736602977	-0.016394544	0.0623970394	0.0573693978	0.0033271652	0.1624621787	-0.0287813333	0.0949229287	-0.1195092141	-0.0518225399	0.0438547777	0.1536752611	0.0359935274	0.1002138825	0.0798342841	0.0945090404	0.0588850878	0.091485971	-0.0475969908	0.0749463142	-0.0701112106	0.175973483	-0.1369902823	-0.0869479544	-0.0157480188	0.2003734554	0.0417881464	-0.1134386536	-0.025327921	0.0319676499	0.0869024956	0.2002651263	0.0876327994	-0.0101290257	-0.1013839798	-0.1275100165	-0.0217010815319156	1.101134162690212e-05	1.2124964442434742e-10	0.0004709369396548	0.0194308330367789	-0.0480091809916559	0.0023048814594895	0.0003775572725031	0.0038943969256948	0.0039598752652665	1.5680612116469527e-05	1.516632741486111e-05	-0.0016580266352203	-9.900073226979984e-05	9.801144989956586e-09	2.749052323099949e-06	0.0001326283769595	-2.20841215000159e-08	4.877084224274645e-16	1.759028637491123e-08	0.0004481096153388	6.077145500043603e-09	3.6931697428700205e-17	2.008022273590873e-07
824.1388496124465	-0.2418947678174845	679204.8434405267	0.0585130786974747	1199.1493041570286	-0.1734774541193928	0.030094427087746	1437959.053660286	856.8265446598822	0.1020115486718395	0.010406356062427	734151.7276337931	894.6818101819634	707.675858098372	1.045139	23.651005	0.0632855708435332	0.0356913228770828	0.0497843568	-0.062849445	0.0908230334	-0.0707749705	-0.0207549384	0.085433679	0.1350779287	-0.0363402166	-0.0242171239	-0.012230526	0.1364700091	-0.1381570673	0.002202724	0.0993817879	0.0723805744	0.0678766319	0.1051112536	0.0838057006	0.0203704761	-0.0371348958	-0.1091180434	0.0597934258	0.1016847566	0.0075796308	0.0507965814	-0.0171618391	-0.1068861911	-0.0454822548	-0.0505671369	-0.031982787	-0.1525563291	-0.0737379044	0.0648554076	0.012515541	0.0478305345	0.14364588	0.037520748	-0.1214201967	-0.0251261643	-0.1424288274	0.0108006684	-0.2803277153	-0.2497289836	-0.1012500891	-0.0995927437	0.0011382348	-0.0185088961	-0.0684160097	0.0387375283	0.0435875482	-0.0404283034	0.0481173228	-0.0003115081	0.0872368891	0.1738878976	-0.157163942	0.0263490413	0.1819074886	0.1340074837	-0.0667688491	-0.11844594	-0.045251842	0.0106924081	0.1358702601	0.0396459095	-0.0465952055	-0.0582760114	-0.1034609995	-0.0657990913	0.0146604331	0.0351200498	0.0348202383	-0.0199750529	0.0688028182	0.0610846423	-0.0565214282	-0.0968641874	0.0769619803	0.1886549395	-0.1343408601	-0.0556515773	-0.0383665423	0.1059932692	0.131350021	-0.0295926806	0.1016868059	-0.0074512014	0.0762202143	-0.047268571	-0.073791529	-0.059877909	-0.2046756802	-0.0363973325	-0.0692007302	0.0271116659	0.0553227292	0.1941923994	0.1685447125	0.045733934	-0.0523524923	-0.0369690088	-0.0760147627	-0.0977054857	-0.1103390539	-0.02144538	0.0120688798	0.0167552555	0.0191639235	0.0374952039	-0.0653915649	0.0869183123	-0.0497555473	0.1467230352	0.0113251432	0.0254229651	0.0425022912	0.046077655	-0.06164733	-0.0325576488	0.1297711128	-0.1369869285	0.0227575483	0.0263051281	0.0851211787	-0.016850859	-0.1073422654	-0.124700488	-0.0215710520030114	0.0001300295289041	1.6907678387047786e-08	0.0004653102845166	0.0473424880964898	0.0279116550597108	0.0007790604881722	0.0022413111791662	0.009701625587688	0.0058072286619931	3.372390473267532e-05	9.412153904368252e-05	-0.0014761213786028	0.0001819052566174	3.308952238507846e-08	2.178934324368231e-06	0.0005386686271953	0.0004060402502358	1.648686848115511e-07	2.901638899244691e-07	0.000448897260344	7.876450051999984e-07	6.203846542165056e-13	2.0150875034434894e-07
825.172619882301	1.0337702698544715	680909.8526034204	1.0686809708349874	1200.8172252321024	1.667921075073764	2.7819607126752204	1441962.0084141258	857.9799260376941	1.153381377811911	1.3302886026833023	736129.5534836471	895.7815208554492	707.6061095227186	1.069951	24.212482	0.0432667997745795	0.0376603601606951	-0.1191574888	0.0148845331	-0.0903231001	0.0317298852	0.0088143439	-0.1373059932	-0.1547065755	0.0231817695	-0.0846051242	0.0408734002	-0.0418652967	0.0033159311	0.0330939659	0.0061718408	-0.0132175343	0.0390803085	-0.061351582	0.0841090528	0.1953860408	-0.0402175869	0.0894304254	0.0426826912	-0.0562339114	-0.0845599325	-0.0916874157	-0.1195651501	0.0055783442	-0.1175860703	-0.0822599031	-0.0572392174	0.0566240507	0.1569874312	0.0859278989	-0.0952530451	0.0373139119	-0.2012003617	-0.0594000399	0.1866815158	0.0651716578	0.0580969457	-0.0263262837	-0.0506843623	0.0718176812	-0.1515888823	-0.1000764036	-0.028633359	0.1198448379	0.1232001452	0.0264778517	0.0573609897	0.034761783	-0.0336133047	0.0150002108	0.1522116666	-0.0617964686	-0.0668714361	0.081811306	0.0142920159	0.0480541511	0.0115002888	0.1390764632	0.0168050419	0.0351519441	-0.0844672182	-0.0251548915	0.0058011445	-0.0734285976	0.0750167702	0.0363295648	0.0713584961	-0.1041308536	-0.061491004	-0.0551750183	-0.1755819741	0.0713897733	-0.0563192255	-0.0890903375	-0.0949325549	-0.0800656486	-0.1271092875	-0.0330287812	-0.0658584223	0.0546732863	-0.1209059289	-0.1362189281	0.0235298394	0.088916723	-0.0749134557	-0.0104983494	0.0252322186	-0.0912718211	0.1028137167	0.0937074178	0.1238423999	0.045374283	-0.1337700619	-0.043695704	0.0306917258	-0.1182394487	0.1143092834	0.0488119336	0.0658548717	0.0628403326	0.098911233	-0.0302400014	0.0649497293	0.0435768345	-0.0646858207	-0.0049760932	0.1645352793	-0.0641306356	0.0066815129	-0.1273854889	-0.0930456405	-0.0882530075	0.0264729902	0.065322664	-0.0136812436	-0.1327141539	0.0635667646	-0.1515092137	-0.0510200671	-0.0711036485	0.0825512202	-0.0235265052	-0.1126387502	-0.1205247148	-0.0217451978343063	-0.0001741458312948	3.0326770557391093e-08	0.0004728536288531	0.0427229802135684	-0.0046195078829213	2.133985308037293e-05	0.0018252530383289	-0.0277204407757452	-0.0374220663634332	0.0014004110509091	0.0007684228368015	-0.0014761268478297	-5.469226899926932e-09	2.9912442882884364e-17	2.1789504708836463e-06	0.0005596692487823	2.1000621587000047e-05	4.4102610704037234e-10	3.132296680325441e-07	0.0004489127634687	1.5503124699961773e-08	2.403468754625648e-16	2.0152266920510497e-07
824.0698594962876	-1.102760386013415	679091.1333302312	1.216080468960456	1196.147189795147	-4.670035436955459	21.809230982419763	1430768.0996548273	857.6519142120724	-0.3280118256217292	0.1075917577476997	735566.805951632	895.4131821529076	714.3847749779386	1.096819	24.820488	0.10332444546127	0.0655939611546756	0.1358135635	0.0551841335	0.1057740613	-0.0219788735	-0.0017129153	0.0069700161	0.0512953934	0.0029777403	0.2057712299	0.0020911863	-0.0234220518	0.0193779879	0.0986264215	0.0375157781	-0.0128926822	-0.1143821958	-0.0048449416	-0.1386607591	-0.0392801592	0.1260956109	-0.0497501075	0.1019327358	0.0434465224	0.1260421623	-0.0473215203	-0.0816133392	0.0304860004	0.0942583234	0.0809959595	0.0203050505	0.025313401	-0.1191659979	0.1475292889	-0.0677855875	-0.0051384529	-0.0587004073	-0.0329191214	-0.0169051694	-0.0161007812	-0.0619981949	-0.2193335603	-0.0194078234	0.1525751629	0.0914519271	0.1928640575	0.276694589	0.0117061343	-0.0681808182	0.0599173859	0.0712740638	0.0396332381	0.1060330345	-0.0876638964	0.0658678544	0.1718510491	0.1686610593	0.0944041599	-0.0654612063	0.197694234	0.0304670576	-0.0522274798	-0.0881427777	-0.1782594122	0.0557441222	-0.0382330623	-0.0505455546	-0.0298840219	0.0820250803	0.051757262	0.076082714	0.1208044774	0.0235107856	-0.0832255739	0.1298486294	-0.0039095943	0.1313882522	-0.0946303836	-0.0604205236	-0.1319009978	-0.1509831044	-0.093746116	0.0828477067	0.0330213828	-0.0713956366	0.0060446854	-0.1586686175	0.0328058104	-0.0767281607	0.1737634576	-0.0052219222	0.1667959321	0.0168748555	-0.0407058918	-0.164553368	-0.0579402855	0.2034862511	0.0908274715	-0.0589936764	-0.0904564171	-0.1574476011	-0.0037234669	-0.0802119353	-0.066747191	0.0104570809	-0.0015539192	0.0567302383	0.0259259379	-0.0104077095	-0.0683920714	-0.0677791071	-0.0566277464	0.0627254256	0.00334241	0.0533657529	0.0145560226	0.081188326	0.0375902651	-0.0567317045	-0.0037216414	-0.0140228971	-0.093103999	-0.1828613145	-0.0254028932	0.0799246852	-0.0301376669	-0.1172407796	-0.1150284477	-0.0316163675253449	-0.0098711696910386	9.74399910692791e-05	0.0009995946954976	0.0628070800418214	0.0200840998282529	0.0004033710659112	0.0039447293033797	0.0329700654418232	0.0606905062175684	0.0036833375449447	0.0010870252152381	-0.0014760706561747	5.619165500004437e-08	3.1575020916440103e-15	2.178784582020009e-06	0.0004212536660275	-0.0001384155827548	1.9158873549350903e-08	1.774546511416085e-07	0.0003338111433903	-0.0001151016200783	1.3248382944672328e-08	1.1142987945153944e-07
823.4657613204547	-0.6040981758328599	678095.860067076	0.3649346060445889	1195.9991739158806	-0.1480158792662678	0.0219087005149663	1430414.024007469	858.6747151853539	1.022800973281505	1.0461218309455946	737322.2664986486	895.1354311260493	703.619225651167	1.084107	24.532837	0.0978218334996476	0.0571573635861927	-0.0747384773	-0.1221443502	-0.0747028655	-0.0487387236	0.0568751668	-0.0384071438	0.0132846088	-0.0052230697	-0.1831811943	-0.0077570645	-0.0673085818	-0.0481508167	0.039076114	-0.0479428651	-0.0511474711	-0.1180518496	-0.0159127297	0.0052328299	0.0446153359	-0.1078357366	0.0043032315	0.0168477894	-0.1452324653	0.0218886268	0.0753934459	-0.1725577192	0.1039898604	-0.0209608857	0.0692262776	-0.0687452184	0.0594101807	0.1571818853	0.0188110914	0.0396788962	-0.0760803006	0.1045257292	0.0073771609	-0.1895309659	0.1171457819	0.0991535357	0.0503180011	-0.0984681936	0.0044365022	-0.0062348826	-0.0668154978	-0.1342637805	0.0040610442	0.0136724098	-0.0498557209	0.0775086396	-0.0087759262	0.0727835838	0.0250637074	-0.0566221141	0.0763783434	0.0604416351	0.0187068615	0.1272030675	0.2636681703	-0.0284397801	-0.0098912116	0.067806555	0.1506919651	0.0128016044	-0.0917224126	-0.0266150757	-0.095490936	0.0827061785	0.0462455764	-0.0128139276	-0.1581074837	-0.0255890431	-0.1144776734	-0.1043066842	-0.1161654693	-0.0911486677	-0.1273568487	0.0531101919	-0.0022229547	0.0716811781	0.0562752926	0.0856683508	-0.0246814244	0.0842863593	-0.0005109761	0.0897521155	0.1710045054	-0.0378588743	0.0100342912	0.0291534705	0.0688837477	-0.0216705371	-0.0007624354	-0.041784096	0.0052430173	0.1296743474	0.1021264054	0.1556316396	-0.1236190543	0.1022022258	0.0503132908	0.0268988861	0.0275743389	-0.0854922885	-0.0984676378	0.0317196277	0.0508894247	0.0857831979	0.1205331363	0.0534127501	-0.0897555504	0.1075040704	-0.026000403	-0.0291850543	-0.0160805646	0.0462138457	0.0103142161	0.0624403591	-0.0034341424	-0.0648529696	-0.149710322	-0.1578090913	-0.1290580536	0.0772433738	-0.0366662233	-0.1211199807	-0.1082719048	-0.0217250934916819	0.0098912740336629	9.783730200901588e-05	0.0004719796872223	0.0179120088435809	-0.0448950711982404	0.002015567417895	0.0003208400608125	-0.0006642286729459	-0.0336342941147691	0.0011312657405987	4.411997299634713e-07	-0.0014760343141092	3.634206549997347e-08	1.3207457248043619e-15	2.1786772964278167e-06	0.0003358290529165	-8.542461311099997e-05	7.297364525164028e-09	1.1278115278279336e-07	0.0002312482155073	-0.000102562927883	1.051915417593346e-08	5.347573717531066e-08
824.1425424877947	0.676781167339982	679210.9303382465	0.4580327484660687	1197.3311726794266	1.3319987635459256	1.7742207060878747	1433601.9370698908	857.9854090995939	-0.6893060857599949	0.4751428798657653	736138.9622277975	895.5996585050522	707.3270317788749	1.012691	22.916723	0.1106319927655628	0.0703977561657796	0.1133158477	0.0567439629	-0.0030053751	0.0235816799	-0.0833279231	-0.0003133248	-0.0305044813	-0.0349433942	0.0582042324	-0.0676057843	0.072831153	0.0108590584	0.0874923747	-0.0532205242	0.0750877927	-0.0902478061	0.0062121417	0.0201288754	-0.0966801676	-0.002476614	0.0454729025	0.069822477	0.0070344921	0.0569001678	0.0404202392	0.0039592124	0.0996377154	0.1176259873	-0.0376033272	0.1184675526	0.0680388361	-0.0637470703	0.1752756467	-0.0054274274	-0.0447956908	0.1225901412	0.1439224683	0.0306410475	0.0821029836	0.0924565148	0.0278532011	0.1278762838	0.1266953263	0.0492189899	-0.066898371	0.109600954	0.0624047186	0.0059221906	0.1679657751	0.0632742214	-0.046558336	-0.2051745405	-0.0159425795	0.0733830391	-0.0966612772	0.0379434688	-0.2042832794	0.0139843471	-0.0013816759	0.062860387	0.0312443162	-0.0061138726	-0.0838338402	0.0447999296	0.0811894026	-0.0501031428	-0.0314367287	0.0084827057	0.0823330135	0.0223072804	0.0149909622	0.004447283	0.0091074419	0.1254188768	-0.1795566173	0.0281449264	-0.0734564438	0.0035060449	-0.0972624001	-0.0014752293	-0.0202131978	0.1541755409	-0.0917856883	-0.0759435269	0.0838868299	-0.1235170082	-0.0054029586	0.1121783407	-0.102728719	0.0491095824	-0.1240096297	0.0239299018	0.0612372183	-0.0251970004	-0.0016277666	0.0301531899	-0.0515320951	0.0221727313	-0.0133505317	-0.095236447	0.034381258	0.0451527147	-0.0621412007	0.0378649948	-0.015506157	0.0929936184	-0.0239697709	0.0796861257	-0.0245548103	-0.0963577363	-0.0108695793	0.0061458794	0.0718520541	0.0935657817	-0.066294156	-0.0325785809	-0.1199460379	-0.1204331898	-0.0300208529	-0.011768528	-0.1276403904	0.0351040714	0.0572384579	0.0745091236	-0.0430942802	-0.1242524367	-0.1003291122	-0.0217071800419574	1.791344972450204e-05	3.2089168103226216e-10	0.0004712016653739	0.0803550852777021	0.0624430764341212	0.0038991377945575	0.0064569397299867	0.0265058667000062	0.027170095372952	0.0007382140825753	0.0007025609695184	-0.0014760252279147	9.08619449992154e-09	8.255893049040444e-17	2.1786504734406424e-06	0.0001326695705601	-0.0002031594823564	4.12737752713204e-08	1.7601214952601355e-08	0.0004480977971317	0.0002168495816244	4.7023741050677324e-08	2.0079163579428219e-07
823.4873769340227	-0.655165553772008	678131.4599696771	0.4292419028493819	1195.1877976518622	-2.143375027564389	4.594056508786644	1428473.8716559086	856.9809362841218	-1.004472815472127	1.0089656370225015	734416.32515441	893.7549968760089	707.7154187869875	0.974561	22.05385	0.095420583913506	0.0671321183647361	-0.014352443	-0.0282663842	-0.0367436776	-0.0782642627	0.077473028	0.056226772	0.1047192003	0.0003083339	-0.0576863411	-0.1191009746	-0.0509316991	-0.0607649654	0.0248744092	-0.0423871408	-0.063047339	-0.081248458	-0.0141738508	0.122821271	-0.0734203636	0.0514933265	-0.1148155521	0.0357596736	0.0037062409	0.0056182443	0.0738311661	0.0837912475	-0.0629164482	-0.1301621023	-0.0812547485	-0.0196035221	-0.0214087194	0.0526692796	-0.0532584074	-0.0118171927	-0.0502271253	-0.2460045503	0.052630853	-0.0089318144	-0.0339959301	0.1045778474	0.1333136535	-0.1784386654	0.0346219761	-0.0508124052	0.0687209734	0.0584534897	-0.1660205848	-0.0464221719	0.0074513591	-0.1925180627	-0.033165576	0.0268706666	-0.1200018335	0.0030158408	0.0399503042	-0.0498695818	0.0132855802	-0.0879098053	0.0560840232	0.0672191304	-0.1256098732	0.0192112098	0.0689895316	-0.0047599915	-0.000398005	0.0476559858	-0.113862155	-0.0183017494	-0.0497481021	-0.0071942314	0.0523194564	0.0589503798	0.0420164107	-0.0941053625	0.0998664041	-0.0021735554	0.2205988458	0.1623147871	-0.1374912756	0.1165876244	-0.1546610641	0.0083329256	0.0336657833	0.0277695282	-0.1115016588	-0.0223663278	0.0797352375	0.1597007621	-0.2065154548	9.93834e-05	0.1641529973	0.0583692204	0.0250835838	-0.0352212297	0.1720125666	0.0259214496	-0.0265107168	-0.1765773689	-0.1234558688	-0.0052402854	0.0019896088	-0.0318824459	0.0825719504	-0.0833186506	-0.0687126384	0.1026191872	0.0891898054	0.1310782881	0.0792607441	0.2206599115	-0.0574747053	0.045173867	-0.0589536643	-0.0054824289	0.0618243347	0.041935528	0.1675119396	-0.0968351544	-0.0279862998	0.0441430365	-0.0058244247	-0.0195324625	-0.1013421221	0.0717238087	-0.0494042187	-0.1266188352	-0.0912870929	-0.0215769193637669	0.0001302606781905	1.69678442826491e-08	0.0004655634492304	0.0161052850851319	-0.0642498001925702	0.0041280368247851	0.0002593802076733	0.0101258009674509	-0.0163800657325553	0.0002683065534028	0.0001025318452324	-0.0015540797369513	-7.805450903659991e-05	6.0925063809446565e-09	2.4151638288026216e-06	0.0003471519205964	0.0002144823500363	4.6002678477093936e-08	1.2051445597376922e-07	0.0004487700842626	6.722871309000123e-07	4.519699863737703e-13	2.0139458852906115e-07
822.9806853555696	-0.5066915784531147	677297.208468323	0.2567363556753089	1196.3772960610104	1.1894984091482002	1.414906465366099	1431318.6345302544	856.0573611956811	-0.923575088440657	0.8529909439881675	732834.2056573128	893.9869827719576	702.888230388575	0.968021	21.905853	0.0595003505622284	0.0487168349169956	0.0522690156	-0.0281183104	-0.0084609265	0.0636509449	-0.0994505561	-0.0588495953	-0.1412491361	-0.0368605798	-0.0129491897	-0.1569440425	0.1026153234	-0.0205648644	0.17421575	0.1097884637	-0.1073732168	-0.0943200384	-0.057718004	0.0588416443	-0.0764064187	-0.0463144479	0.109443828	0.0287443366	-0.0967556595	-0.0134384958	0.0214012894	0.0329901394	-0.1570242153	-0.1446936	-0.03724405	0.0853164121	0.1438426885	-0.2273210019	0.0034935431	0.0942557705	0.0718299657	0.052541375	-0.0894615345	-0.2072421585	0.0290903093	0.0839608804	-0.0416456127	0.1286189662	0.064282975	0.0528643722	-0.0382686486	0.0956262635	-0.0274862505	-0.0195538644	-0.1079073884	0.0856603739	-0.0801789924	-0.0127074811	0.2647644073	0.0544008036	-0.0486095133	0.0181317307	-0.0240067244	0.0135740958	-0.0507189346	-0.0345578495	0.1038243674	0.084695809	-0.0326668609	-0.0048503241	0.1018693227	-0.0886600369	-0.0733184554	-0.0361776485	0.0111251717	-0.056091974	-0.0860383468	-0.0705874868	0.0799155822	0.0874060514	-0.0759624331	0.147582048	0.0278399664	0.0852484786	-0.1444478225	-0.0074292653	-0.0522117197	0.0688175632	-0.0248005766	-0.0894229514	0.1835790048	0.0911992513	-0.0298869634	-0.149175508	-0.062060715	-0.028431398	0.0982142572	-0.1198092524	0.066924469	-0.0181515545	0.012970897	-0.0700744341	-0.0089814738	0.1185213769	-0.0126904363	-0.0016767751	0.0542002535	0.0374373476	-0.0551579026	0.0414445104	0.0079855274	0.0952994231	0.0396244824	0.0737968185	-0.107102248	0.0301683006	-0.1361998617	0.0029624897	0.0097593547	-0.0565429819	-0.040263418	-0.0603112826	-0.0538813822	0.1029495192	-0.0982434804	-0.0515932442	0.0224174211	0.0790845149	0.1246543062	0.0688893378	-0.0555787436	-0.1282045865	-0.0812449131	-0.0216491870325796	-7.226766881270053e-05	5.222615955622168e-09	0.0004686872991716	0.0647020631850381	0.0485967780999062	0.0023616468416915	0.0041863569804006	0.0101806164086255	5.481544117460005e-05	3.004732591166038e-09	0.0001036449504595	-0.0014760795966728	7.800014027849991e-05	6.084021883465665e-09	2.178810975713736e-06	0.0004162192349674	6.906731437099996e-05	4.770293914422537e-09	1.7323845155684775e-07	0.0003803077518654	-6.846233239720002e-05	4.687090957264704e-09	1.4463398612891465e-07
823.7016567983493	0.720971442779728	678484.4194123456	0.5197998213038827	1194.5982765865765	-1.7790194744338803	3.1649102904150004	1427065.0424236187	856.9961328921111	0.938771696429967	0.8812922980179982	734442.3717920328	894.398063645336	705.1848050700545	0.967403	21.891876	0.04937071320352	0.0276118555877601	0.0114259441	0.0702653344	-0.0766668629	0.0360731469	0.06573175	0.0886060302	0.069110765	0.0872776132	0.0253778704	-0.1164422909	-0.0833685782	0.0513873756	0.0431803224	-0.071943109	0.0332213545	-0.0314345625	0.047965095	-0.0488406584	0.056433715	0.0771499585	-0.0366700572	-0.0409130054	0.0083350214	-0.0335090311	-0.1170068506	0.0597376248	-0.0836526671	0.1204063698	-0.1287787294	-0.1318969473	0.0432789675	0.0240746325	-0.0359480475	0.0290247844	0.0901762289	-0.1183744762	-0.1412722255	-0.0796725945	0.0519802565	0.1174127539	-0.0362365083	-0.1025509456	-0.1286092106	-0.1119217666	0.1004783245	0.1257936116	0.1179127413	-0.0458230781	0.0030025245	0.006568466	-0.0841984966	-0.0762848845	0.0681483373	-0.0608561056	0.02789093	0.1019515415	-0.1250102248	-0.0264978192	-0.0562749751	-0.1090254538	-0.0610312114	-0.0143086039	-0.0377635071	-0.137707851	0.1256769478	-0.022972349	-0.0845675976	0.1039956255	-0.1578709303	-0.0937247616	0.1703714175	0.047238147	-0.0822930578	-0.0194189374	0.14912006	-0.0939333713	0.0464373993	-0.0235025963	-0.1061265478	-0.0420287193	0.1124523899	-0.058896095	0.0577190031	-0.0702822391	-0.1024124686	0.0372240708	0.0631648814	-0.0847589153	-0.0027753706	0.1091432659	-0.015876695	-0.0262338034	-0.0552952888	-0.0330918281	-0.0442787534	0.0735753843	-0.071382896	-0.0117898613	0.0026863083	-0.1020154274	-0.0201866001	-0.0199820538	0.1166977784	-0.0017625655	-0.0207513479	0.0983781396	0.0172582817	0.144214666	0.0193660243	0.0436164203	-0.0514604818	0.0335505716	0.0374107971	0.065788673	0.0495313648	-0.039080394	0.1304091742	-0.1120373012	0.1093590562	-0.0067818088	0.0568074559	0.0868522176	0.0364797729	0.0660076536	-0.0616009311	-0.1289999139	-0.0703125971	-0.0217071829271588	-5.799589457920057e-05	3.363523788041746e-09	0.0004712017906331	0.0451773227845535	-0.0195247404004846	0.0003812154877063	0.0020409904939797	0.0223988893954967	0.0122182729868712	0.0001492861947817	0.0005017102461516	-0.0014760252279147	5.436875809999332e-08	2.9559618573355896e-15	2.1786504734406424e-06	0.0001326695705601	-0.0002835496644073	8.040041218549245e-08	1.7601214952601355e-08	0.0004480977971317	6.779004526630001e-05	4.595490237207005e-09	2.0079163579428219e-07
824.3183772467153	0.6167204483659816	679500.787066658	0.3803441114327374	1198.0262587586856	3.4279821721090684	11.751061772297607	1435266.916675333	858.2067533651359	1.2106204730248464	1.465601929706903	736518.8315215273	895.2879271390816	707.7911639401887	0.983996	22.26737	0.0592044814905983	0.0350293393246372	-0.0457423563	-0.1100699065	0.0463764532	-0.0477521488	-0.0820370572	-0.0055987918	-0.0131206558	-0.0503848795	-0.1086324637	-0.0275917989	0.079306065	0.0057048545	0.0254915901	-0.0381888285	-0.022210457	-0.0559908634	0.1021679175	0.1147246433	0.0187250469	-0.1164523483	-0.0032814395	0.0920848356	0.0515963397	-0.0035939358	0.1429851965	-0.1415511502	0.0023631894	0.0964843283	0.0198061281	-0.112818791	-0.1251319659	-0.1694879715	0.0978726759	0.2286385748	0.1088130798	-0.0530918319	0.0509863497	-0.0136679597	-0.0113228754	-0.1073636319	0.1203650728	0.2638048242	0.0375415957	0.1153006647	0.1255801359	-0.1169091291	-0.0041241839	0.0827167728	0.0383710034	-0.0961121569	-0.0734176259	0.0330544956	0.1303703766	-0.1051671047	-0.1354183835	0.001794999	0.0293352657	-0.0360827238	-0.173484678	0.0441659645	0.021801895	0.0500318206	0.0358031955	0.0831290496	0.084874167	-0.098976922	-0.0823418798	-0.0928140955	-0.0141321296	-0.0502739156	-0.0839373724	-0.0309962786	-0.1762046477	0.0560534965	-0.1183310609	0.0279339406	0.0807000029	-0.0264814598	0.0584774496	-0.0140647629	0.1754189528	-0.1090524194	-0.1038772067	0.0487833083	0.1467797141	-0.034559244	-0.2487410046	0.0704987827	0.0940774487	-0.0445302093	0.1474427178	0.1543194974	0.1657391939	-0.0207890266	-0.0379400947	-0.0305355134	-0.0066529978	-0.0793203455	0.1918301034	0.095859757	0.0257920176	-0.0043381686	-0.0895462909	-0.0782877495	-0.0208501782	0.0731338402	-0.0441385569	0.1371053061	-0.1155173483	0.0402161736	-0.0999850829	0.0667988912	0.0176848628	-0.1169159168	-0.0379150964	-0.0880230526	-0.0436400817	0.1121730694	0.0664197566	-0.0691962011	-0.0342580075	0.0547827171	0.100325243	0.063080731	-0.0674542747	-0.1289999139	-0.0586099215	-0.0216888882599164	1.8294667242398786e-05	3.346948495100991e-10	0.0004704078739511	0.0247397161842286	-0.0204376066003248	0.0004176957635496	0.0006120535568761	-0.0061723284893844	-0.0285712178848811	0.0008163144914253	3.8097638980866304e-05	-0.001614041255153	-0.0001380160272382	1.9048423774643128e-08	2.6051291733358715e-06	0.0001981382788771	6.5468708317e-05	4.286151768696425e-09	3.9258777556379454e-08	0.0004481603083394	6.251120769997821e-08	3.907651088109815e-15	2.0084766197086605e-07
824.6626486127481	0.3442713660327854	680068.4840169927	0.1185227734700801	1197.9394255607358	-0.0868331979497725	0.0075400042661843	1435058.8673127857	857.4942008157964	-0.7125525493395344	0.5077311355702696	735296.3044327213	895.4867162925419	709.1058635139163	1.018188	23.041124	0.05630515161076	0.0341524755962448	-0.0166158075	0.1254201888	-0.0725081949	0.0983680779	0.0333577459	-0.0466761516	-0.0730282328	0.0728846115	0.0442608928	-0.007519114	-0.0583821176	0.057255226	0.1004041943	-0.1423944804	0.1081853737	-0.0398171932	0.1500030713	0.110839696	-0.0452767612	0.0331851546	0.117943238	0.0462774533	-0.0384039359	-0.1767751191	-0.0553010644	-0.0143427359	0.0003804091	0.0468925967	0.0690083269	0.0971297083	0.0545616706	-0.0036234553	-0.0542781041	0.1290349279	-0.0363340755	-0.0465873653	-0.059093837	0.0922396551	0.0909796483	0.0017879291	-0.0681037674	-0.0752382002	-0.0616167775	-0.0968465926	0.1493261141	-0.0123816511	-0.1107127033	0.0581232178	-0.0337381214	-0.0142680172	0.0817805198	-0.1640059303	0.0085688054	-0.0370228002	0.0373487345	-0.2148350437	-0.0594062166	-0.064322229	0.017993683	0.0295535987	0.0833918724	-0.0564182705	-0.0513458309	-0.1342321019	0.0495529795	-0.0216260875	-0.0891583582	0.0756501858	-0.0392891546	-0.1630234493	-0.0881499647	-0.0698931058	-0.0176089578	-0.0426340319	0.0463426038	0.0250241803	0.1585095079	-0.0515185636	0.0748069372	-0.05367615	0.092994141	0.0313027115	-0.0384538504	-0.0025668843	0.024855577	0.0662663244	-0.0510794956	0.0284509949	0.0059092084	0.0941188413	-0.142565054	0.0463033555	-0.0198875989	0.1494950372	0.1294615639	0.1341039063	0.0164665608	-0.1352637083	-0.0812168146	-0.0320682561	-0.0137371201	0.0797354103	0.1006286449	0.1156164663	-0.0589413069	0.1445587066	-0.0379286702	0.1288551483	-0.0595120928	0.0857936809	-0.0174325739	0.0304801486	0.026863723	0.0727198562	0.0516202199	-0.0204637549	0.0108578645	-0.1187763113	0.044456796	-0.0764729231	0.2058774272	0.1076240346	-0.0330753845	0.0601105761	-0.0731227308	-0.1282045865	-0.0462651033	-0.0217071852438976	-1.8296983981199583e-05	3.3477962280827406e-10	0.0004712018912128	0.0545550001715327	0.029815283987304	0.0008889511592435	0.0029762480437159	0.0101218798119404	0.0162942083013248	0.0002655012241669	0.0001024524509273	-0.0014760252279147	0.0001380160272382	1.9048423774643128e-08	2.1786504734406424e-06	0.0001326695705601	-6.5468708317e-05	4.286151768696425e-09	1.7601214952601355e-08	0.0004480977971317	-6.251120769997821e-08	3.907651088109815e-15	2.0079163579428219e-07
824.2068727617245	-0.4557758510235317	679316.9691076615	0.2077316263762245	1197.3106902513637	-0.6287353093721322	0.3953080892512707	1433552.8889901969	856.7692652163298	-0.724935599466562	0.5255316233739437	734053.5738193297	893.89928912579	714.2004744241965	1.076495	24.360567	0.0599573883331355	0.0423560958032646	0.0539687167	-0.0432472243	0.0839670842	-0.1240589733	0.0198022314	0.0626035214	0.154476906	-0.0605022645	-0.0602768477	-0.0724765277	0.0420608845	-0.0150832138	0.0424056336	0.0178563497	-0.0048282241	-0.0053181296	0.0587631262	0.1107736027	0.0403309922	0.1289264288	-0.0542958446	0.0354153316	0.0413272935	0.0388372407	0.1264193085	-0.113433852	-0.1665053854	-0.0024867768	0.0149667993	0.0168456489	0.0191374499	0.0780061676	-0.0785868045	0.0353102384	-0.0605938298	0.1127797553	0.0085685148	0.0554341115	0.220483971	0.0955259082	0.0381036937	0.0151721814	-0.145929424	-0.1887961253	0.0126815206	-0.0782585769	-0.091191514	0.0306766954	0.0784435858	0.0836049546	0.0153847935	-0.0224637984	-0.2077854822	-0.0130974193	0.0849698766	0.2600133617	0.0531860541	-0.0655472654	0.0259070136	0.0150829263	-0.1721293425	0.0343131462	-0.0294642037	0.0644861054	0.0584331839	-0.1120602193	-0.0451337591	-0.0723233454	0.0019895305	0.0209177349	-0.0603493767	-0.1876051976	0.0364149318	-0.1468925965	-0.0608883058	-0.0942823499	0.0483447222	-0.0841231921	-0.0851485273	0.0566983437	-0.0337706042	0.0588795852	0.0065695236	0.0673366035	-0.0728346642	-0.0583595555	0.1141124042	-0.0265736925	-0.05635871	-0.1369177749	-0.0512866971	0.0484732777	-0.0489811242	0.1475236567	-0.0732275292	0.2431516494	0.0542965201	0.0212351184	0.1772981652	-0.0706238811	-0.0257609733	-0.0849438956	-0.0812261036	-0.1706958366	-0.0393715596	0.0683027481	-0.0052268129	0.1002033301	-0.0760728229	0.1575669291	0.0135594971	0.1177181203	-0.0353517513	-0.1286556483	0.0382875341	-0.2295706968	-0.00736666	-0.0992486531	0.0264210596	0.0268282833	0.1012027023	0.0438949393	0.0023422624	0.0570992244	-0.0785907625	-0.1266188352	-0.033413395	-0.0217100764705264	-2.891226628800453e-06	8.359191419084832e-12	0.0004713274203561	0.0149649735824084	-0.0395900265891243	0.0015673702053275	0.0002239504343221	0.0216837402526479	0.0115618604407074	0.0001336766168503	0.0004701845913443	-0.0016520266521032	-0.0001760014241884	3.0976501316380295e-08	2.7291920592593074e-06	0.0001326302298521	-3.934070799999794e-08	1.547691305941102e-15	1.7590777870620883e-08	0.0004481092337687	1.143663700000448e-08	1.3079666586987143e-16	2.0080188538877145e-07
825.7956571654125	1.5887844036880097	681938.4673932556	2.5242358814022645	1199.0841908257128	1.7735005743491	3.145304287216588	1437802.8966881544	857.2791613853967	0.5098961690669057	0.2599941032291065	734927.560545649	895.0153908153288	708.6591029656819	1.190664	26.944159	0.0971958267415954	0.0529237758173818	-0.1105276686	0.0718235227	-0.058079707	0.0947893518	0.0351887272	-0.2325712405	-0.2104867241	0.0547954325	-0.0614843336	0.0875658233	-0.031076596	0.032419109	0.1304223022	0.024120239	-0.0063980744	-0.0908235769	0.0012321523	-0.1188721262	0.0933907381	-0.0949498486	0.0917789546	-0.0623289674	0.1740375703	-0.153522473	0.12556245	-0.0121758073	0.1673896395	-0.0020603073	-0.0508875818	-0.0683094972	-0.0755325122	0.0089452905	0.1351896914	-0.0248986791	0.0477106034	-0.0875361759	-0.0596170986	-0.0030546771	0.0849699523	-0.0077646671	-0.0513496766	-0.0046507429	-0.0091766754	0.0067728639	-0.10831068	0.006247	0.1797944064	0.0250187037	0.0292226125	0.1216312416	0.0686347984	-0.0091930572	-0.0283121051	-0.0542187977	-0.0355657362	0.0146644979	0.0684990603	0.1163933753	-0.0981817504	-0.0123043448	0.194827654	-0.0223157754	0.0226485926	-0.1068543522	0.0183609173	-0.1230557712	0.0002693662	-0.1418302637	-0.0218456768	0.0772434801	-0.0246905981	0.1501514394	-0.1553414113	-0.1168690228	-0.0850108293	0.0145033167	-0.0555361206	0.0533503367	-0.0546923047	-0.0120842813	0.0343176155	-0.0519811188	0.0286276464	0.0329054984	-0.1842823805	0.0253954099	-0.0878686912	0.0224947587	0.0242010003	-0.0253466036	-0.007191565	-0.0102075154	-0.097159854	-0.128051697	0.0006334287	0.0233112471	-0.1290891747	0.0484250731	-0.0867789866	0.0874120232	-0.0104837195	0.1287233557	0.0324084178	0.1630748353	-0.1616744629	0.1257655743	-0.069482184	0.0776199142	-0.0860889099	0.0684372473	-0.0161410782	-0.0479914191	0.005573363	0.0771629806	-0.0163766095	-0.222662157	-0.1540068563	-0.063448359	-0.1498137001	0.1324356172	-0.0861284919	-0.1547248466	0.1407348389	0.0540487397	-0.0838433825	-0.1242524367	-0.0201956026	-0.0049334705067707	0.0167766059637557	0.0002814545076631	2.4339131241176345e-05	0.0576914488232063	0.0427264752407979	0.0018255516865025	0.0033283032673206	0.0012981441579427	-0.0203855960947052	0.0004155725281364	1.6851782548007615e-06	-0.0016370188355397	1.5007816563500018e-05	2.2523455800366546e-10	2.6798306679117557e-06	5.142864250706758e-05	-8.120158734503243e-05	6.593697787352931e-09	2.6449052701197583e-09	0.0006980428187069	0.0002499335849381	6.246679688006043e-08	4.872637767482741e-07
826.7511857189933	0.9555285535807344	683517.5230877612	0.9130348167080902	1200.6155399375248	1.5313491118120055	2.345030102247418	1441477.6747394742	858.4694841709062	1.1903227855094656	1.4168683337030132	736969.8552526617	895.8364352403615	719.6901615498379	1.216618	27.531483	0.0685705992481863	0.0394234368773812	0.1070400298	0.1020865709	0.0987185355	-0.2248801971	0.0004250625	-0.048053302	0.1334212047	-0.1786638434	0.1220820533	0.1834346906	-0.123044867	0.0574025714	0.0575061863	0.0362176935	-0.0785732003	-0.2035966238	-0.1022354784	-0.1226558205	-0.0145546182	0.1763137484	0.0867169093	0.0247603145	-0.1101783917	0.1685016542	-0.1254812668	0.0629580628	0.085260407	0.0105941985	-0.0702804165	-0.0140414295	0.0241153851	0.0367857089	-0.001441476	0.0941602682	-0.1178487296	0.0930976179	-0.155286934	-0.1083543046	0.0813849386	-0.0691920189	-0.0058068115	-0.0831478306	0.0265746055	-0.0862744277	-0.1495834513	0.1077572537	-0.0737652403	-0.0880753942	0.200904318	-0.1510205332	0.1125363162	0.050993269	0.045054603	0.0599307693	0.0424434013	-0.193435454	0.0364015114	-0.0591193797	-0.1447558215	0.0743586895	-0.1462476959	0.0832592301	-0.2075033638	0.0093128957	-0.0964198677	-0.0208884001	0.0148108548	0.222464155	-0.0151941529	0.0067543039	0.0901270628	0.0461538627	-0.0896743635	-0.1266791532	-0.0128003302	-0.018954859	0.0757959139	0.001091996	0.1098119795	-0.0933732704	-0.1003265809	0.2432931579	-0.0187569602	0.098885569	0.1568912315	-0.0821281153	0.0640773535	-0.078701372	-0.084280407	-0.0574447949	-0.1054339791	-0.0672304579	-0.0080549075	-0.0818116482	-0.0644933478	-0.0630345389	-0.0916044911	-0.0402912473	0.0065008355	-0.1782800479	-0.0679223687	-0.0395643853	-0.056328732	-0.1200901254	-0.0096854143	0.1261382402	-0.1792434069	-0.0010122274	-0.0475408448	-0.1095394365	-0.0211727357	0.0427289661	-0.1426941011	-0.0073435607	0.0356011552	-0.0640652099	0.0920558019	-0.1272134251	-0.0155179838	0.1038488528	-0.0165828304	-0.0701265446	0.088558186	0.0509612127	-0.0888661936	-0.1211199807	-0.0067565429	-0.0050430058818449	-0.0001095353750742	1.1997998392645677e-08	2.5431908324322256e-05	0.0478637668325774	-0.0098276819906289	9.658333330893168e-05	0.0022909401754033	0.0355776212888443	0.0342794771309016	0.001175082552368	0.0012657671365724	-0.0017155479684725	-7.852913293280011e-05	6.16682471917739e-09	2.943104832130122e-06	0.0002101155304827	0.0001586868879756	2.5181528415390915e-08	4.4148536150026434e-08	0.0004481807445837	-0.0002498620741232	6.24310560851475e-08	2.0086597981559974e-07
824.5107944787958	-2.240391240197482	679818.050212055	5.019352909153612	1201.0645182385422	0.4489783010174051	0.2015815147844756	1442555.976971581	857.7387226692773	-0.7307615016288764	0.5340123722628903	735715.7163663234	895.8986222297607	709.758781234235	1.313814	29.730984	0.3098808431436967	0.13050202829554	-0.2501037326	0.0080733852	0.0359648917	0.0436021495	-0.0613056514	-0.0253896123	-0.0864412657	0.0533318067	0.0079587439	0.1897896316	0.0533540258	-0.0654899725	-0.1870283885	-0.1012867384	0.0655149831	0.0668272829	-0.1125341405	0.2877785866	0.0169994607	-0.2218167777	-0.0602863391	0.0433736755	-0.039355491	-0.0010996502	-0.0702652739	0.0103814256	0.2408111503	0.0852796457	-0.107554144	1.14809e-05	0.0558135137	0.1805603222	0.012436864	-0.0449855044	0.0721723282	-0.1667866775	-0.026638692	-0.0093483465	-0.1610049267	-0.0512862673	-0.1495233212	0.0598759874	-0.0328869502	-0.0072194954	-0.0026520209	-0.141078114	0.0612543047	-0.1394547754	0.0699654414	-0.0530911974	-0.0489348381	-0.0214329894	-0.0806072641	0.1240698265	0.0740657634	0.1641604148	-0.1072387523	-0.0380946142	-0.0170634425	0.0183254285	0.1264725645	-0.1013002139	0.1701016864	0.050270228	-0.1172316091	0.1167268628	0.0592455377	0.1292357973	0.0645485515	0.1259261319	-0.1061308475	0.2069232936	-0.0688169854	0.0441378774	0.1155180194	-0.2290836521	0.0543025931	-0.1038492523	-0.1612748311	-0.0719589454	0.0042442668	-0.0995732022	0.110368384	0.0949698013	-0.0081774474	-0.0026589948	-0.0783272302	-0.0548440407	-0.1228601041	0.1904563947	0.0013131484	0.0145231097	0.0037934595	-0.0734085416	-0.1120191445	-0.0157960158	0.0110316867	0.0003876184	0.0252406415	0.214318835	-0.0769902276	-0.0379084655	0.0489431438	0.0779373785	-0.0046576121	0.226428457	0.1717830557	-0.2479582641	0.1148896397	-0.0318209252	0.1621119448	0.121015741	0.1844667196	0.1146546805	0.1255537629	0.0479380607	-0.0706499745	0.0883177273	0.1592925815	-0.0380144474	0.0091799366	0.0376323225	0.1531921303	0.0478387595	-0.0936454286	-0.1172407796	0.0067565429	-0.021462432610221	-0.0164194267283761	0.0002695975740885	0.0004606360135482	-0.0135663534898782	-0.0614301203224555	0.0037736596828313	0.0001840459470123	-0.0344066561053608	-0.0699842773942051	0.004897799082389	0.0011838179843525	-0.0026650911730224	-0.0009495432045498	9.016322973068928e-07	7.102710960521911e-06	0.00154463046207	0.0013345149315873	1.7809301026294563e-06	2.3858832643545817e-06	0.0014050629824197	0.000956882237836	9.156236170860312e-07	1.974201984566142e-06
825.125481831163	0.6146873523672411	680832.0607671089	0.3778405411602489	1202.5533548522103	1.488836613668127	2.216634462198776	1446134.571266306	856.9742969920042	-0.7644256772731524	0.5843466160745177	734404.9457049398	894.2082873626881	708.3754320732226	1.277378	28.906456	0.3300995920273689	0.1881628943025638	0.1721331815	0.0574310297	-0.0192490129	-0.096309298	-0.0388317744	0.0719828579	0.1084054447	-0.1736115421	0.0181756733	-0.0318897944	-0.0624280494	-0.0305983803	0.1654180713	0.0759607209	-0.0736180236	0.1139629159	-0.0074487416	0.1076064394	-0.0609913983	0.1987270048	0.0692465185	-0.1009057267	0.1497403106	-0.0046716747	-0.0969738189	-0.0498238267	-0.1745548721	-0.1937649596	-0.0984423476	-0.0549909764	-0.0453139288	-0.010750551	0.0035065457	0.193390456	-0.024704601	-0.0410957026	0.0397695658	0.0538181014	-0.0847858368	0.0406136321	0.0853126495	0.0820203387	0.0172346168	-0.0444813555	0.0658319556	0.0001577829	0.2138501303	-0.1861275571	-0.1680225012	-0.0120750089	0.1241842844	0.0337774511	-0.0004375901	-0.0022034889	-0.1500643738	-0.0365003825	0.1030150919	0.0111950431	0.0242689686	-0.0458570225	-0.1239968128	0.1632687368	-0.2013812746	-0.0762351976	0.0458614018	-0.0613800694	-0.0146838887	-0.1040274081	-0.1565364511	0.1038981221	-0.0744572158	-0.0117088328	0.16609311	-0.0896595177	0.028146845	-0.0384078475	0.1576456033	-0.0271653758	0.0582044582	-0.0103028316	-0.0297888343	-0.1577590717	-0.0526233724	-0.0933183604	-0.0017947685	0.0586214262	0.0295953305	-0.0139995585	0.1354624075	0.1214111058	0.1472419947	-0.2523290229	0.0339853858	0.1596039975	-0.0885531292	-0.1304980643	0.0222261497	-0.0436427664	-0.0304285497	-0.196170785	-0.0564717815	0.1123418284	-0.1336486492	-0.0904429399	0.0291097364	0.036038153	0.0931269912	-0.251496599	0.1565079029	-0.0498256997	-0.0217530694	0.076813327	-0.0120716364	-0.0035989074	-0.0271065014	-0.0903348589	0.0515092184	0.1582966658	0.2396262343	-0.0280858073	0.1408167129	-0.079991484	0.0095119477	0.0446835199	-0.098167988	-0.1126387502	0.0201956026	-0.0220353658779117	-0.0005729332676907	3.28252529226744e-07	0.0004855573493734	0.1149373046390707	0.1285036581289489	0.0165131901525217	0.0132105839976945	0.1027971111349685	0.1372037672403293	0.0188248737449384	0.010567246057695	-0.0020561458188834	0.0006089453541389	3.70814444327472e-07	4.227735628511688e-06	0.0012649524097738	-0.0002796780522962	7.821981293619607e-08	1.6001045989925434e-06	0.0010173017210469	-0.0003877612613727	1.503587958214248e-07	1.034902791644985e-06
826.7207521133482	1.5952702821851972	683467.2019748602	2.544887273223239	1198.6711157873478	-3.882239064862461	15.071780156744152	1436812.4438228854	858.8528797918628	1.878582799858691	3.529073335924919	737628.269126776	895.5162798380509	712.6268289092969	1.156342	26.167479	0.2392367268199105	0.1629805660251892	-0.172614561	-0.0369704711	0.0774697914	-0.0496600409	0.0494585422	-0.106420873	0.0522122171	0.0502255243	-0.1892208499	0.2414422161	-0.0410832715	-0.0254715227	0.1125409866	0.0051531417	-0.0583015715	-0.0380338954	0.1240584396	0.0283174947	-0.0205201184	-0.1103228648	-0.1100566869	-0.1435854457	0.06901528	0.0685262963	0.0027803996	-0.1184283477	-0.0517110858	0.0260354096	-0.0244310622	0.0235032368	0.1898600371	0.1451233663	0.0492046027	0.051908795	-0.0671039452	0.0103617493	0.2098492871	-0.088483346	-0.2201156896	-0.1309717704	-0.024253106	0.0562373391	0.0173640044	-0.1316396684	-0.0259825111	-0.109769443	-0.1513568876	-0.0147244575	0.0673159845	0.0459392197	-0.0011848621	-0.1027229117	-0.0352365562	0.0355833739	0.0525263638	-0.1726323628	0.0734123906	-0.1528767468	-0.1144057033	-0.1452690185	-0.0113773521	-0.0183388917	0.1821913812	0.0187832813	-0.0720975725	-0.1973751117	0.1658685703	0.0424600069	-0.0995720636	0.11697516	-0.1608268011	-0.0430312162	0.0051605339	0.1107646721	0.0687709134	-0.2253291729	-0.0281501289	0.094842896	0.1069845779	-0.071995653	-0.0944835957	0.0063795673	-0.2268465598	0.0546213508	0.008294474	-0.142174214	0.0069905625	0.0467770561	0.0176325904	0.1173018589	0.0004888632	0.0695221971	-0.0415421664	0.0793578713	0.1691306613	-0.1394551341	-0.0088254131	-0.0829251212	0.1390379027	0.1590978753	-0.0718280638	-0.0363146921	-0.0345338032	-0.0230998556	-0.1476254674	0.1121283625	0.089635385	-0.1961728561	0.1442591972	-0.0615749301	0.0934575031	-0.1636207927	-0.1309688615	0.0987247875	-0.0711708639	-0.1759217116	-0.1509566464	0.0581325556	0.0604444695	-0.0477925593	-0.0840189344	-0.0515678346	0.0847180206	0.0414976565	-0.1024214758	-0.1073422654	0.033413395	-0.0218879729740137	0.0001473929038979	2.1724668119484407e-08	0.0004790833609111	-0.0124162690593436	-0.1273535736984143	0.0162189327337574	0.000154163737354	0.0004644326366403	-0.1023326784983282	0.0104719770886422	2.1569767397666095e-07	-0.0021180816110738	-6.193579219040003e-05	3.836042354252417e-09	4.486269711168984e-06	0.0011389208912913	-0.0001260315184824	1.588394365100473e-08	1.2971407966197691e-06	0.0010172073973344	-9.432371250012693e-08	8.896962739806601e-15	1.034710889191824e-06
826.0803896518657	-0.6403624614824821	682408.8101673783	0.4100640820759034	1205.6100087671236	6.938892979775801	48.148235784781896	1453495.493239464	859.6755408788387	0.8226610869758133	0.6767712640242267	739042.0355853238	897.4759184204943	718.4429049921262	1.169698	26.469707	0.2550916371050168	0.1531483521176459	0.1631274548	0.0965051875	-0.0457914122	-0.1850873182	-0.0517262005	-0.0765611936	-0.0056193958	-0.2374420024	0.0997112845	-0.04000254	-0.0914581619	0.0522147114	0.0671227302	0.0071387085	-0.0364568384	0.059669596	-0.0832382354	0.0644782749	0.0392883404	0.0779928282	0.1513811788	-0.0046962486	-0.0968179787	0.2996345715	0.1095588357	0.1122571175	-0.0902638091	0.1125595571	-0.0622844922	0.1615000593	-0.0159196915	0.0115391173	-0.0108362959	-0.0708183812	0.0729302197	-0.0608486206	0.1326942026	0.0657235693	-0.1764194003	0.0154324155	-0.0488193808	-0.0923613783	-0.0705827557	-0.0299299533	-0.1931683411	-0.077715873	-0.0102949931	0.0445316415	-0.0543910219	0.2071709248	-0.1251537803	0.211459411	0.0067704898	0.0327582572	-0.0322786308	-0.0477138977	0.0110798058	-0.0632125681	0.0222153895	-0.1703330611	-0.0115313683	0.1978223476	-0.1662841674	0.0379789667	-0.0938553333	0.0859744486	0.0825595658	0.0884979895	0.0950537208	0.0609963406	0.0484591379	-0.0800450947	0.0266914149	0.2281872958	0.0620817376	-0.180466658	0.0144197276	0.0646141309	-0.0075604193	0.0691530879	-0.1168463347	-0.0162591552	-0.0354374952	-0.1311498473	-0.1233911852	0.067065114	-0.0250757856	0.1092362937	-0.1550033955	0.0325036832	-0.052751793	-0.0263951678	-0.0353547784	0.0221623652	0.1329154475	0.0614505188	-0.031937619	0.2402952834	0.0549771276	-0.1680607173	-0.0232171054	0.1777434292	-0.0508980061	-0.0994287674	0.0591741917	0.0534444967	0.0062659265	-0.212937973	0.1077201929	0.0142570828	-0.0792535641	0.0510260484	-0.1220176301	0.0470109624	0.0162800974	0.008071668	0.0169749092	0.011725496	0.1896772475	-0.1245434363	-0.0034069977	0.0607591436	0.0194654679	0.0382833527	-0.1063942335	-0.1013839798	0.0462651033	-0.0248488783228282	-0.0029609053488144	8.766960484638303e-06	0.0006174667539027	0.1070459889075579	0.1194622579669014	0.0142712310785505	0.011458843741197	0.0970268041928861	0.0965623715562458	0.0093242916005664	0.0094142007318846	-0.001743904849121	0.0003741767619528	1.400082491854824e-07	3.041204122787738e-06	0.0010083022966873	-0.000130618594604	1.7061217256324107e-08	1.016673521504884e-06	0.0007998807092301	-0.0002173266881043	4.7230889362383686e-08	6.398091489984478e-07
825.069660476264	-1.0107291756017958	680739.9446384175	1.0215734664126856	1193.2885620890677	-12.321446678055963	151.81804824017632	1423937.5924125947	858.1227669998591	-1.5527738789795649	2.4111067192412445	736374.6832434945	895.2626558708712	712.613627604022	1.187238	26.866636	0.2200912545983584	0.1396929934046917	-0.0740169398	-0.1338740188	0.1957814034	-0.0239927479	0.098241922	0.0160469935	0.0708816237	0.0764836086	-0.0217775976	0.158494371	0.1117781677	-0.1313328568	-0.0766078624	-0.1892780838	0.0274234437	-0.0805643194	-0.0809939921	-0.0566398234	-0.1807592372	-0.0573366797	-0.2016974509	-0.0498485969	0.0183456471	0.1378074901	-0.1123671889	-0.1939958556	-0.0038877783	-0.2659804541	0.0618814523	0.0982826271	-0.0735516437	-0.1135099472	0.0109620738	0.0106494884	0.1241099265	-0.0892633275	0.0258375018	0.0379418649	-0.0025129499	0.0329684179	-0.0021790612	-0.0207263615	0.1012628259	0.0831311541	-0.0655802134	0.0075394183	-0.1283892287	0.161778119	0.1000930503	-0.113787174	-0.0434976561	0.0218685235	0.0363811914	0.078226438	0.0873934117	0.0279801504	-0.100176215	-0.0855096752	0.0368247096	-0.0451758719	-0.0737954385	-0.1228353279	0.1322773363	0.1475190187	-0.1093967827	-0.0387926927	-0.0445064783	0.0339232481	-0.126793036	-0.0124213249	-0.0902378476	0.0238322564	0.1821335128	0.0769689525	0.0129364281	0.1409958684	-0.0371910068	0.0577036889	-0.0977427714	-0.1464533672	-0.0760190594	0.0651467368	0.1530359404	-0.112977157	0.0212561556	-0.0129944311	-0.0959864605	0.0961949798	-0.0055532174	-0.117758084	-0.0205701936	0.1318317904	0.145860625	-0.0239169633	-0.0405449936	-0.1072916673	-0.012123221	-0.0078673154	-0.1084099667	0.1166065302	-0.0061636924	-0.1688176374	-0.0829768821	-0.0411455396	-0.0932768243	-0.009624251	0.0950178132	-0.0960615187	0.0075672397	0.0254974269	0.1703211775	-0.1941257063	-0.0603145115	0.1396204618	-0.1481394088	0.1052683596	0.010876602	-0.001797908	0.1907039528	0.1401418008	-0.0319919261	0.2307087611	-0.1138677621	0.0350428114	-0.1100753719	-0.0948006283	0.0586099215	-0.0241973971121325	0.0006514812106956	4.2442776788953436e-07	0.0005855140270022	1.2366833843202585e-05	-0.1070336220737147	0.0114561962542187	1.5293857930538082e-10	0.0116413901531231	-0.085385414039763	0.0072906689307417	0.0001355219646972	-0.0014580185704881	0.0002858862786328	8.173096431056809e-08	2.1258181518881627e-06	0.0011743546647222	0.0001660523680349	2.757338892999793e-08	1.379108878554791e-06	0.000888356808046	8.84760988159e-05	7.828020061680902e-09	7.891778184016776e-07
825.6501413266802	0.5804808504162793	681698.155872767	0.3369580177000068	1207.492152622768	14.203590533700208	201.74198404901816	1458037.2986455658	859.5984746156474	1.4757076157883375	2.1777129672957	738909.5375615478	897.8646509198002	716.6232098945509	1.356233	30.690916	0.4005714885149222	0.2302056973814203	0.2580023649	-0.0384157127	-0.1671887781	-0.1419204227	0.148519772	-0.2596713301	-0.1197985369	-0.204609282	0.0609742554	-0.0308391741	-0.3258752985	-0.1514024593	-0.114674868	0.298352426	-0.043231279	0.0369861257	0.0710454796	0.0858529812	0.1650655279	0.0108263083	0.2332950281	-0.0881726967	-0.1768989247	0.0643955067	-0.0077754742	-0.0520135586	0.0291274064	0.0016812525	-0.0827393744	0.0144374721	-0.1625547988	-0.0226363452	0.0561964425	-0.0805681562	-0.1198975473	-0.0891369802	0.0934418983	0.0311722232	-0.0994416695	-0.0385339873	-0.0261632489	-0.0517784246	-0.0619600809	0.0561016861	0.1398846328	0.1219801922	0.0723215123	-0.0184086348	-0.172017843	-0.0551574669	-0.0160453811	-0.0795342478	-0.1427282574	-0.1093299331	-0.0476301317	0.0636667315	0.0697251405	0.0916425025	-0.1764449015	0.1698035288	0.1152679619	0.2110596097	-0.1034975979	-0.0908987165	-0.3016714888	0.0897865712	-0.1202959149	-0.018652222	0.0955762429	0.1063574308	0.2003932736	-0.1306795945	0.0402966197	0.0064826638	0.1067563486	0.1229441976	0.0125998812	0.1892121694	-0.0077912189	0.0065974447	0.0162492657	-0.1647017714	-0.0700219099	0.0018831186	-0.0569943891	-0.0250300467	-0.084152859	0.0474897675	0.0499233052	-0.0076984197	-0.0222196069	0.073817129	-0.0029548778	-0.0745738871	-0.016735588	-0.0019654687	0.0595671382	-0.2873195448	0.1154534464	-0.1810052184	0.1992027173	0.2713932311	0.0713368802	-0.0703782625	-0.0797364198	-0.1721670947	-0.0909674973	-0.3423665046	-0.1228657206	0.0966203511	-0.0106532208	-0.026440378	0.0064955239	-0.1792684742	0.2475606825	0.2415033378	-0.0341067315	-0.0301875748	0.0443422802	0.1387590998	-0.0124413329	0.0127657232	0.0166938621	0.0317782535	-0.1134548014	-0.0876327994	0.0703125971	-0.0376947333906514	-0.0134973362785189	0.0001821780866154	0.0014208929253922	0.2059048958813463	0.2058925290475031	0.0423917335175769	0.042396826147908	0.0992650706410884	0.0876236804879653	0.007677909382257	0.0098535542493802	-7.854764066901447e-06	0.0014501638064211	2.10297506545402e-06	6.169731854668616e-11	0.0012669980103559	9.264334563369994e-05	8.582789490205191e-09	1.6052839582458091e-06	0.0005600051060822	-0.0003283517019637	1.0781484018252413e-07	3.136057188381361e-07
824.4901910911904	-1.1599502354898732	679784.0752055875	1.3454845488130125	1197.636451193814	-9.855701428953807	97.13485065668212	1434333.069228113	858.740620156993	-0.8578544586544012	0.7359142722332358	737435.452707617	896.7158144459399	709.4745983346755	1.194886	27.039703	0.3676576185227599	0.2483149766430843	0.0721246601	-0.1484905292	0.0598135496	0.0790587469	0.0054516961	-0.1374072313	-0.1196371533	0.0296766091	0.1166194734	-0.0112278854	-0.0687917062	-0.1683375331	-0.2560001704	0.2977450133	-0.0565438186	-0.1377186092	0.1697679277	0.1470624129	-0.2561822773	-0.0845107414	0.0601900925	-0.0552370718	0.0700042525	0.0142487523	-0.0839894579	-0.1195914959	-0.0231313827	0.1103401541	-0.0225624875	-0.0192239082	0.0080276534	-0.0138063287	0.1219723443	-0.1293837521	-0.0172459182	0.043879382	0.1354199137	0.0105224917	0.0354778154	0.1009522916	0.0624867486	0.0110782302	-0.0224820673	0.0251607829	0.15199963	-0.1012279979	-0.1582725102	0.005279622	-0.0272525431	-0.0056388461	0.0707185411	0.0441731916	-0.0656691125	0.0889322347	-0.1560820521	0.0221934491	0.1696721439	-0.1324180492	0.0385545176	-0.123300478	0.1029886774	-0.091483696	-0.0598276381	0.0333925637	-0.1360104457	0.0861707919	-0.0472810078	-0.1225767587	-0.0676183913	0.1703317983	0.0574772621	-0.0964659707	-0.0478454462	0.0327887831	-0.0556492407	0.0164996757	-0.1416830176	-0.0099421019	0.0115203404	0.0612696215	0.0811819975	-0.0422790621	-0.1066759853	0.2498007912	0.0580631504	0.0092276778	0.1583770275	-0.0181018927	0.0080126635	0.0025475709	0.168415969	0.04579448	0.0392180711	0.1748568462	-0.0029503812	-0.1592477285	0.1271850817	-0.0073536426	0.1521637965	0.0597085383	0.2778327402	-0.1806655926	-0.0255441628	0.0612541887	0.0557633841	0.0145702492	-0.0626942389	-0.1605310599	-0.244500475	-0.2244437401	-0.0237628868	0.0580941513	-0.0359554553	0.0065855217	0.2014071048	0.0399966698	0.1149553237	0.0884418601	-0.1099422732	0.0184806024	0.1386264508	-0.0266236116	0.0002129925	0.0284919163	-0.1165232592	-0.0799246852	0.0812449131	-0.042425896370517	-0.0047311629798655	2.23839031420507e-05	0.0017999566828418	-0.0184670413910481	-0.2243719372723944	0.0503427662353672	0.0003410316177386	0.0023139564168985	-0.0969511142241899	0.0093995185493119	5.354394299305745e-06	0.0001899677463772	0.0001978225104441	3.913374563840662e-08	3.6087744663632185e-08	0.0019010579619986	0.0006340599516426	4.0203202227714297e-07	3.6140213748782714e-06	0.0005598194872428	-1.856188394000653e-07	3.4454353540227245e-14	3.1339785829679145e-07
822.9951579899354	-1.4950331012549896	677321.0300748787	2.235123973848112	1193.1276156517768	-4.508835542037332	20.32959794513908	1423553.507230894	857.7727859557382	-0.9678342012548456	0.9367030411186048	735774.1523262686	895.7313470523956	705.117919427712	1.175611	26.603518	0.1045087451670234	0.0640641143518039	0.0858073635	0.1213728578	-0.1023780117	0.0757668597	0.032960119	0.1836931787	0.0836044194	0.1164366976	0.1266314528	-0.1526669318	-0.0042263355	0.1536424851	-0.04836135	-0.2681027012	-0.1331321597	-0.0258346326	0.1418188234	-0.0536818869	-0.0355408961	0.1528260609	-0.0552682863	-0.0404649622	0.0740430313	-0.0867247752	-0.1949974509	0.0793362295	-0.095885456	-0.0659495018	0.1271558767	-0.1475999726	-0.0995023792	-0.0697804861	-0.0272566155	-0.2294628038	0.0910963141	-0.0085136464	0.0615575857	-0.0618272482	-0.1377593902	0.055568871	0.1368396879	0.0218859169	-0.0142358339	-0.030959978	-0.0135063774	-0.1291550548	0.0462677648	-0.1059709534	-0.0430458084	-0.0372468487	0.1094544296	-0.1164113261	-0.0464070242	-0.1134273115	-0.0039189523	0.052476942	-0.1898220287	0.0168821804	-0.0089263017	-0.0202873199	-0.1065451175	-0.1332448091	-0.0405272587	-0.1079586678	0.1712652307	0.2361877814	0.0595594137	-0.0095874131	-0.148993127	-0.0217329741	-0.090656327	-0.0343306542	0.1077828756	0.0987586813	0.0484184963	0.0220114762	-0.1173360792	0.0476310235	-0.1732691311	0.0583876018	0.1489390399	-0.0743205234	0.0299823331	0.0415587846	0.0771197508	0.0353783124	-0.0677003032	0.1064130549	-0.017684212	0.029661354	-0.0468000773	0.0468590569	-0.1663541423	-0.0035637547	-0.1595573709	-0.0265800308	-0.0581920449	0.0771916617	-0.0591506364	-0.0945520689	0.1201226101	-0.1410293959	0.1707707375	0.0972114577	0.2287825519	0.0252902516	0.0343560776	-0.0060798313	0.1090324078	0.0483083016	0.1301592709	-0.0911548954	-0.005350938	0.0452688773	0.0290823901	-0.2095020971	-0.1492032765	0.1646546455	-0.0936593049	-0.1789008079	0.0332800608	0.0933421056	-0.1183833154	0.0251860523	-0.1192723348	-0.0717238087	0.0912870929	-0.0424556097173081	-2.9713346791103434e-05	8.828829775283767e-10	0.0018024787964683	0.036954369397236	0.0554214107882841	0.0030715327737637	0.0013656254175473	0.0171763542647767	0.0148623978478781	0.0002208908697886	0.0002950271458291	-0.0002189565662134	-0.0004089243125905	1.672190934276947e-07	4.7941977887963025e-08	0.0016269364435148	-0.0002741215184837	7.514260689586429e-08	2.646922191236586e-06	0.0005606781198498	8.586326070000525e-07	7.372499538037065e-13	3.143599540783067e-07
822.7375232766042	-0.2576347133311856	676897.0322073208	0.0663756455132421	1195.5427777690272	2.4151621172504747	5.833008052601795	1429322.5334756817	856.9257754902594	-0.8470104654787747	0.7174267286305706	734321.7846995825	894.7694985730691	705.1727613837799	1.124707	25.451595	0.0610474810635779	0.0404017770174262	-0.0102306829	-0.1956063794	0.1044016788	0.0691469656	-0.0152652248	0.0286930936	0.0205027671	0.0728197526	0.0154742847	0.0225468464	0.1528475898	-0.0774845765	-0.1894423581	0.080459736	-0.0240349893	-0.0226207862	-0.0947726593	-0.1116711049	0.206503072	-0.0790739598	-0.0627063034	0.2235794382	-0.0295131219	0.0105181182	-0.0700845247	0.0089118309	0.0473905168	-0.1309714239	0.1164670257	0.1463974887	-0.1723358745	0.1220918779	0.0291097867	0.1652588263	0.1104636816	0.1737869511	-0.1109502827	0.043469016	-0.201189804	0.179719333	-0.0904234212	0.0600285869	-0.0364750897	0.1245430039	-0.0417736191	0.1721599761	0.0653769566	0.0596732547	0.0306827728	-0.002959974	0.0893493426	-0.022390403	0.1015016261	-0.1690126423	0.1368272159	-0.0130090276	0.1007788863	-0.0413516769	-0.0175275615	-0.1835072997	0.0147958357	-0.1155252296	0.0835811801	0.1570775646	-0.0422791555	0.1023043952	-0.0961103209	-0.0196340183	0.1510664521	0.0805983571	-0.0320320799	0.036904134	0.0862938397	-0.0497768222	-0.1099667287	-0.0246034627	0.0361987125	0.1173472599	0.1140616282	-0.2577965447	0.1064406576	-0.0285708041	0.1645660818	-0.1331034488	0.1537772934	-0.0097169801	-0.0344157874	-0.1454705117	0.0865427786	-0.2523744746	-0.0451796358	-0.1554100684	0.1325074186	-0.039383798	0.1231653535	-0.0708725967	-0.0321871685	0.0215638555	0.1034611878	0.1087363251	0.1658746027	-0.1397465746	-0.0612537998	-0.0304495378	0.0473928732	-0.0999690722	0.0015971621	-0.0877630441	-0.0642378254	-0.0352198389	0.040916236	0.0307120606	0.0806597983	-0.0215748038	0.1501260232	-0.0437506305	-0.002412864	0.0165688528	-0.1300720738	0.0742469014	-0.002252847	0.2033468009	-0.0781961402	0.0218629269	-0.1216944932	-0.063080731	0.1003291122	-0.0423516702285269	0.0001039394887812	1.0803417328097274e-08	0.0017936639711458	0.0369534589621878	-9.104350481986544e-07	8.288919769884864e-13	0.00136555812927	-0.0194418250424419	-0.0366181793072186	0.0013408910557756	0.0003779845609809	-0.0006819515816878	-0.0004629950154744	2.1436438435413989e-07	4.650579597664922e-07	0.0016043114654313	-2.2624978083499997e-05	5.11889633278855e-10	2.5738152781143253e-06	0.0005615471629425	8.69043092700003e-07	7.552358969695859e-13	3.153352162087707e-07
821.7669052960609	-0.9706179805432384	675300.8466398652	0.9420992641538344	1199.2762607978786	3.733483028851424	13.938895526721604	1438263.5497133415	857.4983854934632	0.5726100032037493	0.3278822157689978	735303.481123896	895.6260466936908	698.4634457267291	1.050085	23.762922	0.2114016327158172	0.1171124292181019	0.096598089	-0.0009107004	-0.1256486502	0.1330469771	0.0187829765	0.0855303716	-0.0178407651	0.0239539541	0.1199430232	-0.1279452717	-0.0418488111	-0.0734681033	-0.0810707466	-0.1245384563	0.1268159338	0.2052781747	0.0663221872	-0.0068775499	0.1418296009	0.0426153652	0.0832994532	0.1554099938	-0.1989914841	-0.1031673452	-0.0018083183	-0.0111380466	0.0068630063	-0.0311675579	0.204430019	-0.0740619696	-0.0588211623	-0.0246142349	-0.1369911537	0.0378474851	0.1015163816	0.0357838156	-0.1238215667	-0.006728595	0.0613688354	-0.0315146733	0.0050950709	0.0665526807	0.1016168443	0.0263634917	0.0279017226	-0.0998032231	0.0273326781	-0.0626151857	-0.1755954127	0.1117334866	0.0644473795	0.0262683557	-0.1446990352	-0.0184423845	-0.0632163941	-0.120861258	-0.0047153716	-0.0579438963	-0.0084407681	-0.1218436278	0.0448576179	-0.0129097485	-0.0304361887	-0.0143852566	-0.0025993471	0.2389256947	-0.1819406594	0.0084567591	0.0523492015	-0.3174248114	-0.0800327782	-0.0194668494	0.0216716411	-0.0988872323	0.0341862894	0.0977412182	-0.0169064988	-0.0563069612	0.1198343582	0.0140481001	0.0236967831	-0.0582993372	0.0723934457	0.0218199819	-0.0614858722	-0.0485268742	-0.0033220303	-0.0928398164	0.0183553337	0.057140497	0.1410610031	-0.1043182822	-0.0698572626	0.1977245858	0.0652711303	0.0142413121	-0.0101048324	0.0342424694	0.0985471878	-0.0690755047	0.1106590495	0.0339114863	0.1236503161	0.0785953223	0.0642370533	-0.1114379775	0.082266915	-0.0221094671	0.0946337061	0.0542971479	-0.0082375072	-0.0307722889	0.0769378487	0.0354352111	0.1772655611	0.0004158335	-0.014697466	-0.1227883541	-0.1319787878	-0.1209138842	-0.0580368434	-0.0975234963	-0.1310607347	0.0185248178	-0.1237830955	-0.0540487397	0.1082719048	-0.026380711975193	0.0159709582533339	0.0002550715075297	0.000695941964318	0.1196401703925715	0.0826867114303837	0.0068370922471715	0.0143137703715635	0.0606357894481277	0.0800776144905696	0.0064124243425002	0.0036766989619976	-0.0003668552193425	0.0003150963623453	9.928571756324059e-08	1.345827519588338e-07	0.0012668957549184	-0.0003374157105129	1.1384936170092515e-07	1.605024853830263e-06	0.0005607322649701	-8.148979724000201e-07	6.640587054216639e-13	3.144206729784984e-07
821.1539944806879	-0.612910815373084	674293.8826515896	0.3756596676012986	1192.9281009375225	-6.348159860356191	40.29913361263753	1423077.4540064037	857.2704043784161	-0.2279811150471005	0.0519753888181192	734912.546223133	895.2290748400321	698.8067288150155	1.028859	23.282583	0.1789736100349838	0.1055100168810653	0.0091865948	-0.2033353877	0.0443164911	0.1068902695	0.055555982	0.137503071	0.023730742	0.1227192281	0.0689934891	-0.0900459672	0.1058973217	-0.1395049003	-0.1555736842	0.0981156712	0.0232598245	-0.0280516808	-0.1134323546	-0.0571029807	0.1606172083	-0.1125935942	-0.1031771395	0.1179450378	0.095221829	0.0496654788	-0.0788087411	-0.063630115	0.0272842993	0.0376612052	0.0813667182	0.060108014	-0.0884082345	-0.1211068873	-0.0011412713	-0.0623948024	-0.1465349326	0.0069442588	-0.0441936475	0.0774963718	-0.0570560321	0.0438137955	0.0065531343	0.0231374591	0.103961653	-0.0636193035	-0.0477767926	0.0533533508	-0.0495122297	0.0237220038	-0.1921941904	0.033388098	0.2239478666	0.1944872639	0.0210478197	0.1770090132	-0.0700997085	-0.0174373402	-0.0929867146	0.071280464	0.0669359968	0.0237743559	0.014889102	-0.1452442383	0.053090956	0.1116999235	-0.042615196	0.152159209	-0.1115542532	-0.1034504172	0.0556022846	0.1205243913	0.1085453758	-0.1039780593	0.0273902381	-0.0085568545	-0.0298606105	0.2152077861	-0.0071510228	-0.1104517446	0.0426574187	-0.1038829079	-0.1727749929	-0.0225119555	-0.1302570378	-0.0625365515	-0.0104643497	-0.0595317394	0.0611600344	-0.0414009851	0.0227742463	0.0687274223	-0.0472528394	0.0125574646	-0.0039114321	0.157044789	-0.0613322977	-0.0069525552	0.0985513952	0.2140404748	-0.1433508664	0.0711217788	0.1422175504	-0.1669745576	-0.0180124825	-0.0082074824	0.0525925986	-0.1606331363	-0.0219325008	-0.0123665132	0.0154720317	-0.0792876593	-0.0398433534	0.0269667257	0.0380877707	-0.0807029979	-0.053050046	-0.126730924	0.0397188806	0.0560746564	0.0345106552	0.1821384598	-0.0870378994	0.0907454177	0.0373165688	0.0151740128	-0.1255324169	-0.0446835199	0.1150284477	-0.025310949045405	0.001069762929788	1.1443927259486095e-06	0.000640644141579	0.0304708543856975	-0.089169316006874	0.0079511669171337	0.0009284729669943	0.0065185397093259	-0.0541172497388018	0.0029286767192918	4.249135994205859e-05	-0.0005460899420927	-0.0001792347227501	3.2125085839341056e-08	2.982142248548085e-07	0.0016067998321216	0.0003399040772032	1.1553478169935897e-07	2.581805700506002e-06	0.0007339390922071	0.000173206827237	3.0000605001507965e-08	5.38666591069782e-07
821.3178153032751	0.1638208225872404	674562.9537345447	0.02683726191316	1192.4849920316776	-0.4431089058448378	0.1963455024390094	1422020.4562207905	856.6556315063959	-0.6147728720201258	0.3779456841718739	733858.870991622	894.1591748719522	691.1501976483241	1.052152	23.809708	0.1102613627011662	0.0674749908313122	0.0294314853	-0.0055073432	-0.1729835759	0.1923153086	-0.0686793678	0.0969028092	-0.1216282793	0.1150936794	0.024634526	-0.2479232907	0.0131154974	0.0224281532	0.0135528077	-0.0409654041	0.0450077169	-0.0333981033	0.01459084	-0.1155133629	0.0272389186	0.0351561335	-0.0172007771	0.1062191549	0.0226846961	-0.1259452619	-0.0851112209	0.0254238123	0.0488468238	0.0634003698	-0.0977984373	0.1999241526	0.1499823503	0.0266082466	-0.0136289691	-0.0289732787	0.0791830487	0.1593741323	-0.0176968283	0.1299618751	0.0530167016	-0.052444898	0.1733253186	0.0799180711	0.0052440312	-0.0328509507	-0.0743089391	0.062757648	0.1712018733	0.0246833519	0.0351412662	-0.0543865907	0.0622783796	0.0621526496	0.0820639826	0.0369068577	0.019009352	0.0602774826	0.0235855246	0.0315174162	0.0274718079	0.1062121244	0.0774890956	-0.0728703779	0.0009335081	-0.0866964327	0.1792755808	0.0282443263	-0.0824288949	-0.009636508	0.0775455363	-0.0383007243	-0.0353747653	0.0449883865	0.0746993146	0.0158815338	-0.1273450568	-0.0518184651	0.0236135722	-0.1995833223	-0.066348894	0.0035048487	-0.119025104	0.0680363235	0.0310398806	-0.0079294466	0.0215975643	0.0133226942	0.1335717861	0.1457194191	0.0981253264	-0.0112395746	-0.0976582548	-0.1646538737	0.007250846	-0.0087900451	0.0385060151	-0.1920223205	-0.2866144157	-0.0327270771	0.0407470419	0.0291574835	0.1080008774	0.0591900833	0.0717410119	0.1472040112	0.1091277463	-0.080336327	0.0733946897	0.1287476267	0.0313420697	-0.0442571096	-0.0080180558	-0.0070775366	0.0720750578	-0.0118705159	0.0453608284	-0.0295658089	-0.0880957744	0.0138396529	-0.0002803837	0.0262927475	-0.0685138711	-0.0998880039	-0.0389196267	0.0118128082	-0.1269376627	-0.0350428114	0.1205247148	-0.0211701758201883	0.0041407732252167	1.714600290267151e-05	0.0004481763442576	0.0843663275753527	0.0538954731896552	0.0029047220303368	0.0071176772285517	0.0438242267518802	0.0373056870425543	0.001391714285717	0.0019205628504002	-0.0005680167811379	-2.1926839045199984e-05	4.807862705141065e-10	3.22643063654261e-07	0.001357784950162	-0.0002490148819596	6.200841143735355e-08	1.8435799708864248e-06	0.0007613859560771	2.744686387000004e-05	7.533303362983133e-10	5.797085741114397e-07
824.3903434136497	3.0725281103746056	679619.4383136753	9.440428989042143	1193.5108317713584	1.025839739680805	1.052347171508382	1424468.1055555595	857.1106513705649	0.4550198641690031	0.207043076788378	734638.6686928741	894.4294083319983	703.313396622596	1.055436	23.884026	0.0331922242639403	0.0196447373507194	0.0858550989	-0.0784365009	0.0305145673	0.0197868878	0.0786576259	0.0474751536	0.1048275623	0.0739068851	-0.0667415001	-0.089330653	-0.0035898183	-0.0888164954	0.067992562	0.2118668504	0.037614793	-0.0749652335	0.0289496578	-0.1343129193	0.0498115626	0.0844185417	0.0169713884	-0.0979317205	0.1045210158	-0.0736609748	0.0455522023	0.0235614607	0.0038267473	0.1404918716	-0.0737440501	0.1448942239	-0.1162975527	-0.0438111417	-0.0067972572	0.1329250812	0.1207491056	0.1313125624	0.1314671204	-0.0485226833	0.0433403209	-0.1131657032	0.0860422779	-0.264263076	0.0361250555	0.0610026042	-0.0024453758	-0.1723510163	0.0915990191	-0.0222792941	-0.1009718394	0.043354432	0.0498304833	0.0507962249	0.2234560264	-0.0917910421	0.0113438569	0.1257564807	-0.083537748	0.0439095571	0.0280399305	0.1126054215	-0.0641847915	-0.0208722132	-0.0456036117	-0.0287019884	-0.0313035176	-0.1790386091	-0.1038992221	-0.1943396162	0.0738629196	-0.0431709781	0.1502395392	0.0396791223	0.1266891384	0.1871420126	-0.1355336499	-0.0653831374	0.0666087575	0.0490176619	0.1360154545	-0.0442961065	0.0496346816	-0.0110779753	-0.0299732387	0.1323447561	-0.0199422946	0.2007917168	0.058875816	0.0669900396	0.038593162	0.1141333004	0.0639740562	0.0222352464	-0.1574564725	-0.1260792189	0.0674579332	-0.0379450776	-0.1214937956	0.0824246452	-0.1087633387	-0.0998612978	0.0726992842	-0.0438437968	-0.0458899082	-0.0407231819	-0.0384446873	-0.1998964559	-0.0182060419	0.0640137491	-0.1077636823	-0.0203320551	-0.0756319506	0.0521092179	0.1065603314	-0.0776593846	-0.0508418135	-0.0089715681	0.0705968848	0.0083398993	-0.0237377829	-0.0071616136	-0.0364056917	-0.055687669	-0.0098637967	0.0084435077	-0.1279949812	-0.0251860523	0.124700488	-0.0212971465235511	-0.0001269707033628	1.6121559512444807e-08	0.0004535684500456	0.0844157817044219	4.94541290692041e-05	2.445710881993498e-09	0.0071260242007686	0.0585760811151985	0.0147518543633183	0.0002176172071565	0.0034311572788143	-0.0006418558340443	-7.383905290639999e-05	5.452205734114136e-09	4.11978911696704e-07	0.001266823653141	-9.096129702099988e-05	8.273957555742563e-09	1.6048421681575089e-06	0.0005609074046407	-0.0002004785514364	4.01916495860373e-08	3.14617116580766e-07
823.9115837927276	-0.4787596209221192	678830.2979078408	0.2292107746254912	1192.815425538797	-0.6954062325614814	0.4835898282853531	1422808.6394033013	857.6597373570378	0.5490859864728463	0.3014954205408588	735580.225083343	894.8684850321312	703.395696835872	0.990758	22.420387	0.0862352707329831	0.0513536698467831	-0.0566187732	-0.0123399747	-0.0462416808	-0.000707935	-0.074477964	0.1057418198	0.0599105978	0.0577019224	-0.0566300855	-0.120504329	0.1157795924	0.038631317	-0.0989335699	-0.0863748283	0.1370604592	-0.1315639882	-0.1064384175	-0.0302519984	-0.0367680748	-0.0011345147	-0.1758758063	0.0809809799	-0.0389161658	-0.0220217271	0.0222384097	-0.0413037934	-0.0729509434	0.0701540746	0.1278894004	-0.0151226614	-0.0560744927	0.0420015173	0.0494582607	-0.049909225	-0.0445233131	-0.023366803	2.78203e-05	-0.041587075	0.1780390629	-0.1374321561	-0.0242981368	-0.0672376944	-0.0065305806	0.2322380257	0.1189837059	-0.0270643032	-0.0525454095	-0.0749518076	0.0953303848	0.0416540497	-0.0367770738	-0.0168467138	-0.0358299261	-0.0190123982	-0.0163914565	-0.0528852291	-0.0551739442	-0.1059994769	-0.0415360106	0.0902412258	-0.0661239849	-0.0468227059	0.1044903028	0.0404991809	0.1184283683	0.0649101973	-0.0148421774	0.0937337658	-0.0229696003	-0.0687549752	-0.0005316396	-0.1119477401	-0.1058736047	0.0941359449	-0.026625104	0.1224983763	-0.0471860505	0.0250212052	0.0677122218	0.074378938	0.0227158611	0.1307359246	0.127028128	0.0508133408	0.0315701436	-0.0285462277	-0.0695790683	0.1037253659	0.0139435602	0.0980682753	0.0245747145	0.1071645451	-0.2175200882	-0.0302773857	-0.0789329866	0.1307685714	-0.0978497408	-0.1007675591	0.0598864913	0.0414276867	0.0518983986	-0.0862840399	0.0900401693	0.0049654112	0.0993925836	-0.0200154289	-0.010848022	0.1548071677	0.0666736845	-0.0425191619	-0.0102117716	-0.0854916784	0.0569648303	0.1566866834	0.0051342042	0.0696071226	0.0773044475	-0.0267073655	0.070022049	-0.0211810806	-0.077635723	-0.0516921499	-0.1718734453	0.0050684204	-0.1287014744	-0.0151740128	0.1275100165	-0.025975409907474	-0.0046782633839228	2.188614828935373e-05	0.0006747219198612	0.0412215233704813	-0.0431942583339406	0.0018657439530191	0.0016992139889831	0.0340517796487489	-0.0245243014664496	0.0006014413624173	0.0011595236972469	-0.000642030428257	-1.7459421270001572e-07	3.048313910833833e-14	4.122030708078668e-07	0.0012662288844011	-5.947687399001072e-07	3.5374985396236133e-13	1.6033355876916545e-06	0.0008369069926615	0.0002759995880208	7.617577258765134e-08	7.00413314365716e-07
823.8543532160761	-0.0572305766514773	678735.9953130791	0.0032753389038606	1194.7518273982034	1.9364018594064876	3.749652161112901	1427431.9290713463	857.6814049279737	0.0216675709359606	0.0004694836302648	735617.3923592229	894.8889605021134	702.6544374282138	0.937316	21.211029	0.089330992168967	0.0459480057259211	-0.0839960757	-0.1005696416	0.0426375297	0.1331411023	-0.0608497202	0.0112794379	-0.0593715825	0.0905969525	-0.0637798517	0.0349896499	0.1691287331	0.026799657	-0.0794891178	-0.0655265046	0.0230364387	0.0817833471	-0.1290645086	-0.0503539949	0.079401901	-0.0938534762	-0.0947328141	0.1354658564	0.0734775967	0.0548185675	-0.0301824562	0.1511862952	0.0177419738	0.0991122492	0.0878677783	-0.0550962227	-0.0847404105	0.0032801503	-0.0424277702	0.0081576391	-0.0103272925	-0.0484251687	0.0984242797	-0.0910575278	0.0143149054	-0.0238844125	-0.0556514893	0.0794619237	-0.0341439644	-0.2366221779	-0.0915443154	-0.0129683441	-0.0729372704	-0.0646278553	-0.1296409497	-0.0948485704	-0.0315907445	0.021180352	-0.101673936	0.1160243867	-0.0636673922	0.1601004474	-0.1187584024	0.0406452672	-0.1606534429	0.0655433331	0.0536808146	-0.1020652322	0.0775371202	0.0786969233	0.0446307982	0.0342890286	-0.0067250007	0.0128966133	0.0572637091	0.0135399613	0.0994725926	0.021185849	0.0593000093	0.071078613	-0.0092888591	-0.1143515859	0.0769288952	-0.0522624213	0.0810731167	0.055906038	0.075741825	-0.0344445066	-0.2021182842	0.0265436874	-0.14998577	-0.2066850146	-0.0675145826	-0.0932523494	-0.1256511131	-0.0391435504	0.021390554	0.0375329441	-0.0166219162	0.0723576909	-0.3868073306	-0.0180613355	0.0229128184	0.0947204593	-0.1263255802	0.1348965142	0.0484196654	-0.0381103566	-0.0196950174	0.036152322	0.0081914229	-0.1249404953	-0.1411028782	0.0008646958	0.1192309704	-0.0207819629	-0.1329760284	0.1248647431	-0.0279828856	0.008647406	-0.0776705232	-0.0164948286	-0.0441562668	-0.2136978633	0.01182525	-0.0313693025	-0.097762551	0.0262656685	-0.0573252862	0.0016898595	-0.1290552057	-0.0050684204	0.1289225186	-0.0257745443514494	0.0002008655560245	4.0346971597071464e-08	0.0006643271365248	0.0714410285867472	0.0302195052162658	0.0009132184955159	0.0051038205655324	0.0034245671929724	-0.0306272124557765	0.0009380261428112	1.1727660459182864e-05	-0.0009222054956296	-0.0002801750673726	7.849806837724097e-08	8.504629761694362e-07	0.0013290127506206	6.278386621950006e-05	3.94181385746808e-09	1.7662748913121331e-06	0.0010596162378874	0.0002227092452259	4.9599407909090115e-08	1.1227865715946472e-06
825.8281551263582	1.9738019102820767	681992.1417994043	3.895893981033177	1196.401814614573	1.6499872163694818	2.722457814182711	1431377.3020130428	857.7804543114462	0.0990493834724475	0.0098107803662719	735787.307798751	895.8315427107742	706.724486708076	1.068348	24.176201	0.1561597531404142	0.0859376585381461	0.066283513	0.1281315045	-0.142630284	0.0149199118	-0.0005839073	0.0209162537	0.0090461464	-0.0101826378	-0.0154048852	-0.1295828106	-0.0212032529	0.0967349059	0.0565648159	0.0077783727	0.1781868884	0.0657925223	0.0274973468	-0.0327927762	0.0052463722	0.0835345472	0.078190027	-0.0840809142	-0.1254963438	-0.1243808286	-0.1158112726	0.2076249863	0.1445105508	-0.1222564932	-0.1019827312	-0.0869401053	-0.0697557884	-0.0692886616	0.0077702947	-0.069034698	-0.1494534613	0.0797902744	-0.0396836033	0.0757685588	0.0039629771	0.0283586217	-0.0640423131	0.1046320544	-0.0075704546	0.0504585936	-0.0173964245	-0.0661732894	0.0795422496	0.0395982481	0.1309230888	0.0103263752	-0.0939549611	-0.0008884967	0.0089030237	0.0840700372	0.1797143153	0.0721424455	0.0980278288	-0.0384094938	0.1553966148	0.0681937366	0.0081289652	0.0837041973	-0.0639821222	-0.1434090775	0.0626283927	0.0727919984	0.0377647614	-0.0011239789	0.0009916097	0.0130584299	0.025639677	0.1583454356	0.1698471086	-0.1600166654	0.0980590284	0.0666899526	-0.1589586237	-0.100067051	-0.0221028261	0.044855785	0.050242436	0.0417096073	-0.0801432886	0.052291011	0.0485765425	-0.0499866316	-0.1173634066	0.0098623587	-0.097182131	-0.1367438141	-0.1211124487	-0.0992615173	0.1361966753	-0.1199591024	0.0825250053	-0.0213604133	-0.0642351938	-0.0201991482	-0.0833958155	-0.1094859904	0.0031106262	0.110574615	0.0808909491	0.0449490904	0.0615724638	-0.0556345353	0.0233152542	-0.0235560688	-0.0264919452	0.0527200366	-0.0043544956	-0.0034240847	0.0254092509	0.0155645966	-0.0506472674	-0.0203553055	6.15031e-05	-0.0409640404	-0.1584256835	-0.0864937175	0.0826198042	0.0494400839	0.0408577264	-0.0016898595	-0.1290552057	0.0050684204	0.1289225186	-0.0400867861009288	-0.0143122417494793	0.0002048402638955	0.0016069504199016	0.1127199032799666	0.0412788746932194	0.0017039454959385	0.012705776595445	0.0730346246644728	0.0696100574715004	0.0048455601011855	0.0053340563998804	-0.0008638563839935	5.834911163610007e-05	3.404618828722068e-09	7.462478521663253e-07	0.0012662590486065	-6.275370201410009e-05	3.9380271164744705e-09	1.6034119781778384e-06	0.0005615474670133	-0.0004980687708741	2.480725005200368e-07	3.153355577090533e-07
825.7508123985657	-0.0773427277924838	681864.4041768912	0.0059818975423822	1199.4225584109258	3.0207437963529173	9.124893083204636	1438614.4736250108	858.5855167072281	0.8050623957818743	0.6481254611020513	737169.0894994178	895.7181038566881	714.4759153513735	1.083166	24.511541	0.1540132812460562	0.0970378521870794	0.0040409038	-0.0682652129	0.1172300985	-0.0984750281	0.0822274879	0.0528181634	0.1539122377	-0.0773538782	-0.0807766014	0.0784387082	0.1035437639	0.0154379401	0.107661982	-0.0995518568	-0.1610514569	-0.0156241445	-0.0538499387	-0.132720348	0.0254315583	0.0875790197	-0.0556689351	-0.0944434789	0.1790343786	0.1087219121	0.1300871083	0.0068028692	0.0691898378	-0.1515278237	-0.0319038857	-0.0111571492	-0.0462881493	0.1060103817	-0.0002281184	-0.032569244	-0.0989124151	0.0602422332	0.035325513	-0.027788364	-0.0148806034	0.0475377307	0.05561116	0.0120355896	-0.0242420322	0.0314883749	0.0075634501	0.1942020196	0.1527501399	0.1904328846	0.0828135334	0.052926058	0.0360825049	-0.1842393974	-0.0238255358	0.0237230306	0.0059743584	-0.0728585178	0.1047590761	0.0331594737	-0.1934491684	0.0517938455	-0.1580437105	-0.0022038573	-0.0098628984	0.0960646934	-0.0333284097	-0.0712780392	0.1040252499	-0.0453084381	-0.1512155549	-0.0014582953	-0.0046670818	0.1050887782	-0.0504294745	-0.1764323204	-0.1382373974	-0.0097488325	-0.029196374	0.156093807	-0.1154299592	-0.007541095	0.0420005031	-0.1298132308	-0.1010847513	-0.1196926075	-0.0237710457	-0.0596758606	0.0159869073	0.0215649685	0.1770575613	-0.0625079755	-0.1631333453	-0.0444797959	-0.0860614312	-0.0672563832	0.0327955932	0.1118400574	-0.0473417182	-0.0360862118	0.0525134077	-0.0177010195	-0.0209833337	-0.145597259	-0.042545046	-0.099284093	-0.0205403575	-0.0874396948	-0.007597896	-0.0045778576	0.0010490159	0.087882925	0.0435485579	-0.0809485534	-0.1581282218	-0.0308451851	-0.118519101	-0.0076485671	0.0258379736	0.0886721151	-0.1063491413	-0.097919457	0.007898776	-0.0447344717	-0.0140406927	-0.0050684204	-0.1287014744	0.0151740128	0.1275100165	-0.0266262919641064	0.0134604941368224	0.0001811849024074	0.0007089594237578	0.0229845230638545	-0.0897353802161121	0.0080524384625302	0.0005282883004728	0.0438362424398661	-0.0291983822246067	0.0008525455245342	0.0019216161512467	-0.0008241045410362	3.975184295729997e-05	1.580209018501839e-09	6.791482945564859e-07	0.0012661059917236	-1.530568828999983e-07	2.3426409403063785e-14	1.6030243822784003e-06	0.0009540230605434	0.00039247559353	1.5403709151680427e-07	9.101600000485958e-07
824.9361602281247	-0.8146521704410361	680519.6684519221	0.6636581588042909	1200.9215321343063	1.498973723380459	2.2469222233850767	1442212.5263438097	858.0911267246654	-0.4943899825626658	0.244421454858313	736320.3817636058	896.2366644298575	706.0830193228819	1.053391	23.837738	0.054951582506678	0.0399547763591353	-0.0593881263	-0.0226220259	-0.1138210877	0.0049637333	-0.0646100386	-0.0765783359	-0.1552139869	-0.0439105893	-0.0111672388	0.0731307807	-0.037797677	0.0208569703	-0.0270176483	-0.022300591	0.0236631628	-0.0906802931	0.0130112486	-0.0940166477	-0.0595352127	-0.1497071529	0.0078428597	0.0201430808	-0.0589890422	-0.1016771005	-0.1010369725	0.0098598607	0.0489557605	0.1096788755	-0.0851457262	-0.0503593506	0.0038479517	-0.0892732235	-0.082383874	-0.0165503881	0.051613802	0.0020411246	-0.1141404725	-0.0215771663	0.1057116318	0.0002064115	0.1256719056	-0.0464464861	-0.0678846884	0.0546755358	0.0073456115	-0.0205001956	0.0126512481	0.0353792519	0.0306894768	0.0114722581	-0.1021360787	-0.2282033796	-0.0265882345	0.1047693867	0.0887651229	-0.1499926489	-0.0581694219	0.0613450705	0.1258674793	-0.117921151	0.1732812353	0.0345428537	0.0706147145	-0.0119188298	0.047255703	0.013487055	-0.0249413095	0.0897117324	-0.0531984414	-0.009336171	0.0520762014	0.0352494791	-0.0736365556	0.0247629403	0.064182121	0.0737413995	-0.0305727377	-0.0893962743	0.0002373249	0.0597490148	0.0271972778	0.1266526413	0.0554738493	0.0742273321	0.0409917512	0.1741413521	-0.0604182648	0.1121285349	0.096861908	0.158720559	-0.1550651785	-0.0566958792	0.0384237471	-0.0257051534	0.0529051403	0.0997380077	0.1336776867	-0.0039606979	-0.1508497575	0.0911773357	0.026556119	0.0913325595	0.0720144072	0.0332683456	0.0426688798	-0.018904729	-0.0175314242	0.0690259291	-0.0147997146	-0.0515010248	-0.0034676769	-0.1475653907	-0.076460784	0.0197833451	-0.0335366922	0.057137935	-0.0166959202	0.0213303956	-0.0370821001	-0.0415809894	-0.0100289715	0.0176657483	0.0294073854	-0.0084435077	-0.1279949812	0.0251860523	0.124700488	-0.0327905202391463	-0.0061642282750398	3.799771022680136e-05	0.0010752182175538	0.0613969585689346	0.0384124355050801	0.0014755152014319	0.0037695865215154	0.0438501847377992	1.3942297933097758e-05	1.94387671655262e-10	0.0019228387015391	-0.0008772021030324	-5.309756199620001e-05	2.8193510899403035e-09	7.694835295644653e-07	0.0012660124441514	-9.354757219987715e-08	8.751148264491225e-15	1.602787508746202e-06	0.0011080514795475	0.0001540284190041	2.372475386090264e-08	1.227778081327404e-06
825.1278845165219	0.1917242883972676	680836.0258067107	0.0367582027614386	1200.6159212314587	-0.3056109028475475	0.0933980239392931	1441478.5903144644	857.1565043030992	-0.934622421566246	0.8735190708943537	734717.2728691088	894.897945836401	714.2257881345342	1.021537	23.11689	0.0867715700421702	0.0458685839827697	0.1068547327	0.0227399232	0.0865674674	0.0505989207	0.0071042192	-0.000260284	0.0167436791	-0.0154809873	0.0903070214	0.0013267809	0.0274537223	0.0015849438	0.1171020926	-0.0098232238	0.0250944729	0.1341926013	-0.0199684208	0.0517624649	-0.0821661498	0.1424840016	-0.0354278695	0.0487098879	0.1137188956	0.0225065576	0.0835993856	-0.0198361339	0.0761231396	0.0238138883	-0.1629530209	0.0985177201	-0.0014578769	0.007455694	-0.1838474038	0.0001644943	0.2001259424	-0.0416979202	-0.0799335684	-0.058258075	0.0795030134	0.0957891713	-0.0283738204	0.0687794169	0.1343062873	0.0529323599	-0.0281545164	0.0198523918	-0.0108021915	-0.0670070861	-0.0196620421	-0.0821324214	-0.1264598446	-0.0501889328	-0.1257971435	-0.0247467926	-0.0881685958	-0.0962529652	0.0529846763	-0.1223625999	0.0392720214	0.0433056013	-0.0467216553	-0.0288250019	-0.0841234793	0.0324396188	0.0048126659	-0.1310676849	0.0026087524	-0.0442551452	0.0951596234	-0.1075454954	0.0495185768	0.1052091142	0.0252861769	-0.0367952766	-0.0208835878	-0.0843285283	0.1185905525	0.0404938916	-0.0946024209	0.123817222	-0.0625173184	0.0497330224	0.1517778506	-0.0871119895	0.0124976676	0.1111250609	-0.1197959485	0.0024866659	0.0807083421	0.136621082	-0.0359140139	-0.001936904	0.1395451514	0.0459294895	-0.0995088851	0.0441071371	0.0525055963	-0.0949779187	0.1117356223	-0.099848686	-0.0054131298	-0.0250545197	-0.1157708394	0.0456042853	-0.0104696972	-0.111179322	-0.0424420461	0.0902198905	0.0185711005	0.0354465747	-0.0541180731	-0.0651776021	-0.0035803137	-0.0066700641	-0.0151644069	0.1106686752	0.0231054541	0.0257101059	0.0069335294	-0.0153517703	0.017852096	-0.0108413673	0.1349186888	-0.0118128082	-0.1269376627	0.0350428114	0.1205247148	-0.0366030818901208	-0.0038125616509745	1.4535626342481424e-05	0.0013397856038548	0.0934859422935261	0.0320889837245914	0.001029702876477	0.0087396214065084	0.0741484280317834	0.0302982432939842	0.0009179835467014	0.0054979893795845	-0.0007410274835367	0.0001361746194956	1.854352699479866e-08	5.491217313567343e-07	0.0012661915248575	1.7908070609989717e-07	3.2069899297237755e-14	1.603240977620961e-06	0.0008329695522969	-0.0002750819272506	7.567006669990448e-08	6.938382750536979e-07
824.9320734996849	-0.1958110168370694	680512.9258884895	0.0383419543147671	1193.222456198134	-7.393465033324674	54.66332519899462	1423779.829975508	857.3258941107588	0.1693898076596269	0.0286929069389654	735007.688712812	894.6012890839024	708.7953814827436	0.981512	22.211163	0.0982850833868854	0.0488292188225524	-0.0467993429	-0.0035672957	-0.0626317648	-0.0565502594	0.0324371034	0.0975812583	0.0844806954	0.0487910749	-0.1441010995	-0.0775487734	-0.0043039085	0.0776404285	0.0035295105	-0.007591617	0.0653304952	0.0197470402	-0.0215233749	-0.0401017227	-0.0539416239	0.0258202243	-0.169004919	-0.0274579584	-0.0460074832	-0.1170770915	0.165012777	0.0753769771	-0.1834594579	-0.0065525698	0.040134651	-0.1474238838	0.1692012171	-0.0853738242	0.1472126194	0.0095501932	-0.1345989833	0.0039808162	-0.0053206664	0.0781021984	-0.0370044631	-0.0180328509	-0.1705097367	-0.0679460278	-0.0110749946	0.1312670349	0.1015460578	0.0647460859	-0.0353187369	0.108290608	0.0305663199	0.004039997	-0.0161330824	0.033780874	-0.0938007291	0.0049769684	-0.1061670423	-0.0655562376	-0.0609504792	-0.002002209	0.027941474	-0.0371396948	-0.1032219825	0.0592477677	0.1344936874	-0.0551812363	0.1765786187	-0.0690430864	0.0346027026	-0.011415032	-0.0206765771	0.008754069	-0.0404649782	-0.0263114732	-0.1267075694	0.0864320453	0.1717546135	0.123993917	-0.0984599008	0.0464491407	0.1011274367	0.0599278244	-0.0353671392	-0.0573568432	-0.1177667904	-0.1467038518	0.0269294692	0.0039925459	-0.0394560566	-0.0758178829	-0.0402129196	-0.0093650655	0.0335433742	0.0862514469	-0.0858648556	0.0814394069	0.1159928954	0.1067557924	-0.0170845715	-0.1439289762	0.0211062419	0.0174066713	-0.0198830176	-0.0320561856	0.1237510774	-0.0629269493	0.0182664117	-0.0397033397	-0.0301015814	0.171297932	-0.0327971341	-0.0351860884	-0.0386698157	-0.1217972452	0.0942614352	0.0533871793	-0.126711874	0.0997622331	0.0533539132	0.0045471511	0.0899892679	0.1318150609	-0.0207700919	-0.094830491	0.0316842745	-0.0151740128	-0.1255324169	0.0446835199	0.1150284477	-0.0212241128651982	0.0153789690249225	0.0002365126882695	0.0004504629669146	0.0599268316444607	-0.0335591106490653	0.0011262139075562	0.0035912251509435	0.055361801287951	-0.0187866267438324	0.000352937344412	0.0030649290418465	-0.0003921941209966	0.0003488333625401	1.2168471482103286e-07	1.5381622854429573e-07	0.001266288077101	9.655224350005495e-08	9.3223357248939e-15	1.6034854942081485e-06	0.0010952471768946	0.0002622776245977	6.878955236461208e-08	1.1995663784955913e-06
825.7192694413501	0.7871959416652317	681812.3119267569	0.6196774505742108	1200.0292288784608	6.8067726803267306	46.33215432164234	1440070.1501626333	858.4077881221243	1.0818940113655344	1.1704946518286072	736863.9307087179	895.7024603779793	709.7032115448143	0.958123	21.681866	0.0671445753585849	0.0346221430485747	-0.0219255627	-0.051127984	0.07291701	0.0410302535	-0.1289762379	-0.0475970804	-0.0351850348	0.0001041332	-0.0403684961	0.0087993945	0.1686560823	0.0288529153	0.0701939238	0.0206059648	-0.0705454255	0.0195925653	0.1046662124	-0.0600151685	0.0602681453	0.0258496009	0.0958178855	0.0697311983	-0.0835438202	0.080735651	0.1487658604	-0.0082285347	-0.0388289689	0.1004415283	0.1002339105	-0.0422808434	0.058839346	-0.1191374232	-0.1027932958	-0.0519453318	-0.0915424689	-0.0853547372	-0.0037369426	-0.0943220709	0.1844279138	0.0428765653	0.0500425891	0.0130591945	-0.0514833049	0.0125039608	0.2236755762	0.1167229278	0.0588279274	-0.0262961128	0.0642977031	-0.0690791264	-0.0708933727	0.1323690013	0.0617664909	-0.0021674374	0.103764724	-0.0713809775	-0.0179813024	0.1124248577	0.0219294394	-0.0865005672	0.0430452176	0.0219560232	-0.068537593	0.136711466	0.0791030914	-0.1245904866	0.0297102434	0.066397762	0.0416568185	-0.1785764942	0.1175675757	-0.122595857	-0.128246016	0.0012293308	-0.0029262144	0.1149537143	-0.0165149815	-0.0126405536	0.0352157506	0.0499526158	0.1657915385	0.0685508444	0.0134455678	-0.0209766308	0.0108445307	-0.0690539651	0.0512028886	-0.0970111572	-0.1375062073	0.0195304356	0.040003605	-0.0410740372	0.0042446082	-0.109201222	0.0206219783	-0.1184408868	0.1369703848	-0.1113130169	0.0285676337	0.061319383	-0.0017072716	0.0139015865	-0.1811199565	0.0211169906	0.0276341307	-0.0747607133	-0.0725329579	0.1687563892	0.0345814144	0.0652199628	-0.0801979061	-0.0815455623	0.1213668613	-0.1220520866	-0.0218456784	0.1218435305	-0.0015576202	-0.0354797683	0.225415198	-0.0975742467	-0.0134285155	-0.0273970283	0.0567511002	-0.0185248178	-0.1237830955	0.0540487397	0.1082719048	-0.02368926208608	-0.0024651492208817	6.07696068121414e-06	0.0005611811381829	0.0678422641098421	0.0079154324653813	6.265407111401377e-05	0.0046025727995495	0.0352858506185143	-0.0200759506694366	0.0004030437952816	0.0012450912538721	-0.0009525844242542	-0.0005603903032576	3.1403729198514494e-07	9.074170853317056e-07	0.0012660606768177	-2.2740028329999202e-07	5.1710888844916616e-14	1.6029096373840929e-06	0.0009221040203778	-0.0001731431565168	2.9978552648601116e-08	8.502758243969022e-07
827.2437473009467	1.524477859596573	684332.2174485126	2.324032744400148	1195.553748416461	-4.475480461999723	20.029925365741253	1429348.7653526508	858.4774463336929	0.0696582115685942	0.004852266438935	736983.5258636186	895.9105197856333	715.5709112628376	1.028152	23.266586	0.0254121922809125	0.0131153820318769	-0.11850793	0.1748176738	-0.0653831727	0.0797117522	0.086270408	-0.0939213627	-0.1123177965	0.1804018578	-0.0577524223	0.0638028108	-0.1299161996	0.0992969317	0.1023274138	0.0102687447	0.1324297346	0.0468202615	0.0820163833	0.0235237924	-0.0381880285	-0.0378643172	0.0615988232	-0.1077915086	-0.0623574243	-0.099347823	0.0710009961	-0.0511188631	0.0721687466	0.0257659325	-0.147013542	0.0103376799	0.1515247295	-0.0601512033	0.0638939564	-0.1000504538	0.0424031066	-0.0644371179	0.1088566565	-0.1719991671	0.0317330776	-0.1205722613	-0.0521660684	-0.0607315859	-0.0281063482	0.0324614418	0.016852999	0.0085386703	-0.0989367439	0.2199378168	-0.1512557041	0.1403303548	0.0675803823	0.0074457528	0.0973174578	-0.1323160242	-0.0579449118	-0.0859352952	-0.0213320908	-0.0876758819	0.1926861842	-0.1083713362	0.0939086008	-0.0386425953	0.0384036722	-0.2238522893	-0.0014646593	-0.1249666113	0.0162941946	0.078383204	-0.011484446	-0.0141752836	0.0404076283	0.0021477138	-0.0761623982	-0.0328022015	0.0367951456	0.1213341103	-0.1274766915	0.1611544495	0.0705151482	0.0035451268	-0.0479846285	-0.0319981811	-0.0928007992	0.0252195739	-0.0664164131	0.1822135807	0.0794747624	-0.0385708369	0.0755894302	0.0704653492	0.0687866202	0.0796200322	0.1507218887	-0.0419610214	0.0617976929	0.0160371102	0.0210131036	0.2424633932	0.1625504655	0.0357999086	-0.0851298653	0.0276536723	0.1423958757	0.157669735	-0.0945461821	0.0804568374	-0.0374698436	0.0555932041	-0.1585600243	0.0234945022	-0.1291665654	0.006616038	0.0611221615	0.0821856332	-0.0406042471	0.095538683	0.0649632553	0.0039458759	0.0383307769	-0.0610087369	-0.0712641125	-0.0414377811	0.0949739341	-0.0218629269	-0.1216944932	0.063080731	0.1003291122	-0.0211259728636861	0.0025632892223938	6.570451637640716e-06	0.0004463067294372	0.0749668080891297	0.0071245439792876	5.0759126912803285e-05	0.0056200223150724	0.0334521942985333	-0.001833656319981	3.3622954998062744e-06	0.0011190493033868	-0.0010801800469088	-0.0001275956226545	1.6280642920615064e-08	1.1667889337398974e-06	0.0012659234950418	-1.37181775899985e-07	1.8818839639073703e-14	1.6025622952988464e-06	0.0010721852711323	0.0001500812507545	2.2524381828035103e-08	1.1495812556330437e-06
828.4230335047152	1.1792862037685836	686284.7224411545	1.3907159503989173	1203.1433050269904	7.589556610529371	57.60136954443008	1447553.8124312698	859.1536671936276	0.6762208599346877	0.4572746514108085	738145.0238522586	895.9596193584712	722.2601995242151	1.055306	23.881081	0.0953572457601557	0.0573259924236676	-0.0228617315	0.1885778182	-0.0306958563	-0.2262157608	-0.1163983996	0.0197168379	0.124377118	-0.1886337483	-0.021580983	0.0104142367	0.0268815856	0.2245325419	0.0310006448	0.073176596	0.0291339171	0.0938312186	0.1670889218	-0.0291549722	-0.0374158613	0.0381315084	0.1067858301	-0.0065410155	-0.0987424614	0.0422908089	0.0375034112	0.0560310361	-0.100790804	-0.0554376591	-0.0465381685	-0.0053463476	-0.0733570925	0.0023603275	0.0767978669	0.0094098462	-0.210628771	0.1852172254	-0.0305245401	0.0782500031	0.1165452304	-0.010484158	-0.1386718823	0.0149213268	0.0785374481	-0.0731505364	-0.0276147207	-0.1218599674	-0.0021887271	-0.0377716254	0.1285333406	-0.147485246	-0.1085136636	0.0161954786	0.0029362441	-0.0064992714	-0.1042891213	0.1433913315	-0.1189829796	0.0219232719	0.0114744261	-0.0692663628	-0.1018121635	0.1821105701	-0.0770923938	0.0029331104	0.076374939	0.0001506113	0.1110747348	-0.014220674	0.1000861462	0.013625624	-0.0140175895	0.0407577134	0.0857743787	-0.1207519988	-0.003706534	-0.058484031	-0.116658044	-0.0607664949	0.046295432	-0.0907620158	0.1445762122	0.1945545002	-0.0088794466	0.0744793425	0.0010704643	0.012015016	0.0387054642	0.0443015006	-0.1313892095	0.0383025466	0.0601234846	0.0321863988	0.035154514	0.0643052333	0.0076483587	0.0354679445	-0.0534634883	-0.0802735499	-0.0416509851	-0.1082570865	-0.1895582288	0.1212768623	-0.0183894976	-0.1089170061	0.0906573995	0.0656116293	-0.0596556155	-0.027664904	0.061672178	0.0474463946	0.0070852155	-0.0499702655	-0.0082139412	0.0537909884	-0.0743939205	-0.0346204779	-0.0059902363	-0.0618862041	-0.0301507695	-0.1044631173	0.0951398176	-0.038454625	0.0352851527	-0.0251860523	-0.1192723348	0.0717238087	0.0912870929	-0.0142054116331138	0.0069205612305723	4.78941677461004e-05	0.0002017937196662	0.075180754353326	0.0002139462641962	4.577300396355144e-08	0.0056521458251351	0.0686028567536354	0.035150662455102	0.0012355690710325	0.0047063519547598	-0.0017810362943698	-0.000700856247461	4.911994796051144e-07	3.172090281862509e-06	0.0009540027145424	-0.0003119207804994	9.729457330735493e-08	9.10121179354268e-07	0.0011208497593776	4.8664488245300005e-05	2.3682324161769423e-09	1.256304183096824e-06
828.4318843972673	0.0088508925520045	686299.3870860072	7.833829896712965e-05	1202.0758681758757	-1.067436851114735	1.1394214311177409	1444986.3928507853	858.9119369144968	-0.2417302791308202	0.0584335278486642	737729.7153742125	896.4251831475093	728.8670621633906	1.058021	23.942507	0.1267669494050986	0.0623815971964728	-0.0546662014	0.006018312	0.2196195126	-0.1566803626	0.042195093	-0.0473777866	0.1106961305	-0.0745940549	-0.0702410162	0.1798749094	0.0884106227	-0.0303670699	0.0654555309	0.0605542853	-0.0918049421	-0.0369560875	0.025802899	0.1004237761	0.0413645353	0.0170984402	-0.0726429314	0.0213567698	-0.0540842135	0.0515399096	-0.0322341265	-0.0922057256	-0.0550039781	0.0127005036	-0.1369054983	-0.0581865417	-0.0071095038	0.0676901644	-0.0854311803	-0.0777361482	-0.0828518746	0.0212060803	-0.1586264583	0.0563300178	-0.0240690563	0.006045083	0.0694250361	0.0689255449	-0.0859677932	-0.0471780789	-0.0174781452	-0.0854275641	-0.2187885388	0.060212726	-0.0755331518	0.0127079114	0.0713193162	-0.0032831286	0.1326225081	0.1060046114	0.0742806271	0.0727424017	0.0277028661	-0.011057863	-0.1047655667	-0.0028687331	-0.1122185199	-0.0106611506	0.0158499083	0.1135635341	-0.0507489587	-0.0819921154	-0.0041437006	0.0907462071	-0.0433871913	0.0504771866	0.0054493773	-0.1130632544	-0.0330873756	-0.1639465158	0.064309361	-0.0475582192	0.0048574286	-0.1207979338	-0.0669928883	0.0293286907	-0.0562427537	-0.0850320882	0.0322791062	0.170244908	0.0637420294	0.0990238066	-0.0329107463	-0.0436601532	-0.0784693632	-0.0578900391	-0.1385984923	0.0509219909	0.0337222477	0.1180191294	0.0148931194	0.0443513444	-0.0061943047	0.0484338446	-0.0657401773	0.0328969846	-0.1393837629	-0.1016960082	-0.1191516466	-0.1546796274	-0.0709881567	0.0358171385	0.000997265	0.035990603	-0.1964983479	0.1034851159	0.0470881877	-0.0428895077	-0.0163012111	-0.0563029142	0.0269943473	-0.0426503057	-0.0310658869	-0.0325754983	0.0545452296	-0.0016422134	0.0715599755	0.0049277974	0.0262381235	-0.0284919163	-0.1165232592	0.0799246852	0.0812449131	0.0062583426864364	0.0204637543195502	0.0004187652408509	3.916685318087198e-05	0.041950622814312	-0.0332301315390139	0.0011042416421001	0.0017598547545086	0.031513790018856	-0.0370890667347793	0.0013755988712569	0.0009931189613525	-0.0012919137963342	0.0004891224980356	2.392408180845855e-07	1.669041257158645e-06	0.0007643030897275	-0.0001896996248149	3.5985947654913826e-08	5.841592129670029e-07	0.001079991945993	-4.0857813384599954e-05	1.669360914570795e-09	1.1663826034097472e-06
826.8904569252013	-1.5414274720659478	683747.8277539682	2.3759986516396183	1202.927082255139	0.8512140792634	0.7245654087362378	1447033.5652228622	858.5634158590566	-0.3485210554401874	0.1214669260851421	737131.1390515714	896.1104190183866	713.9651436888588	1.074781	24.321781	0.0855270704246142	0.0378725049660276	-0.1741844751	-0.0186660871	-0.0106251455	0.01661929	-0.0084241824	-0.1893714606	-0.1596594112	-0.0518469048	-0.1145658612	0.1379007088	-0.0547140093	0.0068518619	0.0134620559	-0.1199815923	-0.0232293212	0.0124477842	-0.0341192861	0.0582913526	-0.0147735799	-0.1461359249	-0.0004799182	-0.1572257408	0.0072178374	0.0046561437	-0.0367946226	0.0054161751	0.0014458183	0.089519541	0.0802210469	0.1236712415	0.1500950044	0.0848599449	-0.1480679428	0.0442086905	0.0041298892	-0.0053390585	0.0155872249	-0.0683955889	0.0688763467	0.035744015	-0.0395549932	-0.0224038068	-0.0369451446	0.0208502471	0.0175574906	0.0115138789	0.0867091943	-0.1805041072	-0.0253938927	0.0683303763	-0.1464400861	0.011876665	-0.016046479	0.1143983562	-0.0895040868	0.0200499483	0.2723449336	0.0775527572	-0.0547158155	0.0635216505	0.1349637357	0.0807544055	0.1125148035	-0.0198832759	-0.0486154865	-0.1134009428	0.1001850574	-0.0034997664	-0.0989559837	-0.0922694834	0.0159500844	0.0253002276	0.1296894245	0.076868236	-0.0828134196	-0.1126530602	0.0510219657	-0.0930188801	0.0392628227	0.1402011836	-0.0075686446	0.0401684247	0.0077792457	0.0445011249	-0.1013636267	-0.0284283845	0.026814044	-0.1453127705	0.1115099651	0.036289666	0.0258474249	-0.1593011217	-0.0331122548	-0.104080708	0.047995289	0.0036561049	0.0628030614	-0.1258974449	0.0033071259	0.1644359921	-0.0995943351	0.111452058	-0.0493107599	0.0356411343	-0.1548460435	0.0383935788	-0.0003760347	-0.0690585149	0.0078481449	-0.0233123254	-0.0019528996	-0.0662792983	-0.1612794145	0.0313686878	0.0380719666	0.0318494093	-0.2138577533	-0.0200045085	-0.1241658254	0.0695718676	0.012868416	-0.0108357855	-0.0731313619	-0.0317782535	-0.1134548014	0.0876327994	0.0703125971	-0.0130233411061766	-0.019281683792613	0.0003717833298783	0.0001696074135678	0.0587694143281964	0.0168187915138844	0.0002828717479875	0.0034538440604792	0.0472550275506478	0.0157412375317918	0.0002477865590322	0.0022330376288124	-0.0015370617040605	-0.0002451479077262	6.009749666258248e-08	2.362558682089368e-06	0.00111672940726	0.0003524263175324	1.2420430928951848e-07	1.2470845690392707e-06	0.0010038590195253	-7.61329264677001e-05	5.796222492536231e-09	1.0077329310822965e-06
828.2388922230526	1.3484352978513243	685979.6625908694	1.8182777524913896	1201.742443102296	-1.1846391528431468	1.4033699224489284	1444184.899553475	858.769548589533	0.2061327304763835	0.0424907025736494	737485.1375846702	896.79066122362	719.240637120854	1.003281	22.703764	0.0590252916826773	0.0290807790359345	-0.0658712882	0.1735311414	-0.0872405851	-0.0416054907	0.0427498244	-0.0274387852	-0.0082238687	-0.0068593291	0.0326208031	0.119235458	-0.1845622326	0.1607658194	0.0628343312	-0.0103728346	0.0040144151	0.0307416649	0.0098749169	-0.0403816555	0.0005217149	0.0731442827	0.076434598	-0.0861977339	0.0495114666	-0.0931839918	-0.0496597886	0.1173405163	-0.0588389203	0.00723972	-0.0866925639	0.0446933927	-0.0207167698	0.168507923	0.009637424	-0.0252447308	-0.0379982079	-0.1743157681	-0.0414646089	0.0115566654	-0.0031265921	-0.0884659499	-0.0315515463	0.0821534801	0.005513236	0.1779388606	0.0409360703	-0.132034948	0.0260211928	0.1741773071	0.0341531038	0.0669779335	0.085979001	0.1616598373	0.0088330537	0.0037378043	0.1430818464	0.0689286983	0.107832851	0.2132181122	-0.0589523482	0.0472277802	0.0402098379	0.0203087905	-0.0367526698	-0.1608187567	0.032591282	0.0514493367	0.1626953119	0.0552966956	0.022065678	0.1354980416	0.0758408608	-0.0002775986	0.0681324515	-0.0649732916	0.0021484146	-0.1070479712	0.0268541667	0.0478140589	-0.0431464916	0.0050017074	0.0668367143	0.0889386278	0.1270714179	-0.0698720398	-0.060215597	0.0473177362	-0.1968695532	-0.168535541	0.2159020755	-0.1463355846	0.057885979	0.0750317914	-0.1014046662	-0.1027626209	-0.0040242699	-0.0920215941	0.1430017041	0.1215343677	-0.0730898181	-0.0208596869	-0.1272471632	0.1043480295	0.1158708702	0.0410191303	0.0601309511	0.1069565712	-0.0082421331	-0.0915815346	-0.1815036296	0.000844308	0.0432956064	-0.0623481031	-0.1496512182	-0.0946782653	-0.1394145329	0.0520678431	0.011684911	-0.1633576507	-0.0225960732	0.0154939058	0.0657597526	-0.0046741206	-0.031923602	-0.0350428114	-0.1100753719	0.0948006283	0.0586099215	0.0023992819643012	0.0154226230704778	0.000237857302374	5.7565539442210255e-06	0.0583702153282246	-0.0003991989999717	1.5935984157848218e-07	0.0034070820374633	0.0344855690137251	-0.0127694585369227	0.0001630590713261	0.0011892544702003	-0.0012499716568808	0.0002870900471796	8.24206951896423e-08	1.5624291430053327e-06	0.0008713255500301	-0.0002454038572298	6.022305314331312e-08	7.592082141352562e-07	0.0010800453366218	7.61863170965001e-05	5.804354912728464e-09	1.1664979291584974e-06
827.665010730611	-0.5738814924416147	685029.3699877025	0.329339967367015	1206.3991182388795	4.656675136583544	21.68462332767537	1455398.832487546	859.9109117108371	1.1413631213041526	1.3027097746731575	739446.7760793631	897.3520644826298	724.5788474180875	1.017386	23.022968	0.1015116815702015	0.0562127197956573	0.0587484469	0.1397521944	0.141306236	-0.0830831834	-0.1337587507	-0.044806485	0.0004311905	-0.1497511318	0.1651422847	0.1066938991	0.0350823193	0.0638153324	0.0685395192	-0.0744276398	-0.0047321955	-0.0090390588	-0.0827822975	0.041967691	-0.0941251227	-0.0250713913	0.1768921651	-0.0210040888	0.1271481232	0.120253692	0.0623728451	0.1162281306	0.0490565525	-0.092036369	0.1918190887	0.0283062162	0.2199534117	-0.1775124586	0.164577131	0.1328000292	0.0452709711	-0.117779229	-0.0980650578	0.030859403	-0.0396160065	-0.0977788843	0.0300552925	-0.0365479224	-0.1273271867	-0.0225630721	-0.0632870373	-0.0249619116	0.0126103432	-0.184396104	0.2153845032	0.0011677416	0.0618022287	-0.1277116098	-0.0275499645	-0.1088553764	0.0824436611	-0.0563939507	-0.160951658	0.1460562015	0.038767988	-0.0521601998	0.0114772015	0.0358782745	-0.1887207749	0.0819393571	-0.0038021945	-0.0591179326	0.2021417103	0.0371896959	-0.0675934105	-0.0048786742	-0.2378659099	0.1312247889	-0.1943927224	0.1677433614	-0.0444361464	0.1533735729	0.1322093357	0.0072153108	0.0124108738	-0.1331211253	-0.0788266882	-0.0577736908	0.0402857626	0.0732249869	-0.0228223027	-0.013902987	0.0270111007	-0.0828580891	-0.0833204272	-0.0095013334	-0.0277265942	-0.0341879849	0.0693486872	-0.097555213	0.1155651553	0.0779107793	0.0976270455	0.07416568	0.0406959569	-0.0617346028	-0.1792924911	0.0189304565	-0.1676717198	0.0416872628	0.0750434784	0.1680437458	0.1676045545	0.1003608213	0.0157170032	-0.0236121545	-0.033460421	-0.1001342488	-0.096153233	-0.0693609487	0.1454613567	0.1060179091	-0.0134335168	0.1447644261	-0.1314460043	-0.0406371912	-0.0065279945	-0.020551922	0.1121391161	-0.0382833527	-0.1063942335	0.1013839798	0.0462651033	-0.0017353480048427	-0.0041346299691439	1.7095164981742892e-05	3.01143269791154e-06	0.0127170303946115	-0.0456531849336131	0.0020842132945826	0.0001617228620574	0.0536210835878847	0.0191355145741596	0.0003661679180178	0.0028752206051389	-0.0016750946713553	-0.0004251230144744	1.807295774358858e-07	2.80594215800292e-06	0.0010970918409751	0.000225766290945	5.0970418127062407e-08	1.2036105075341342e-06	0.001080923073068	8.777364461998519e-07	7.704212689875454e-13	1.1683946898907689e-06
826.629071801114	-1.0359389294969787	683315.6223467713	1.0731694656473465	1199.0572776267056	-7.341840612173883	53.90262357456577	1437738.355029567	858.730562835814	-1.180348875023128	1.393223466768364	737418.1795483138	896.6624771720108	719.0716483069446	1.096404	24.811108	0.1080893768873904	0.070879167356175	-0.0757568467	0.0262426044	0.0523999611	-0.039147346	0.1735185696	-0.0034791105	0.0865824615	0.0452837968	-0.0830067218	0.0831611499	-0.1139672283	-0.1514857208	0.0477949936	0.0253071344	0.0060951493	0.0547618395	-0.1040378677	0.1903080499	-0.1878132805	0.0862762835	-0.1280354522	-0.1287762495	-0.1620368069	0.1018345245	0.0718831144	-0.0130420533	0.1165376045	0.0302051069	-0.0495688153	-0.0043731377	0.1462819369	0.0333837921	-0.0030874318	0.0782676146	0.1619266504	0.1595735772	0.0705371787	0.1030687905	-0.0530071489	-0.0384448763	-0.166526308	-0.0827975005	0.0529341347	-0.0942357237	-0.0423763303	0.1019274845	-0.0360347784	0.064006247	0.0602420677	-0.0811980988	-0.0574681675	-0.0939292008	-0.042643442	-0.1241874372	-0.1418975698	-0.03749458	0.0327817931	0.0927916547	0.1426736556	0.2387169111	-0.1266150458	0.0174661126	0.0853119151	-0.0721171714	-0.1878305421	-0.1184269795	0.0433712415	0.124917346	0.1593058909	-0.0450408138	0.0283091786	0.1270175759	-0.039407437	0.177474522	-0.0021691437	-0.1111201636	-0.0596705048	-0.0604370826	0.0282820998	-0.0001684328	-0.0570877059	-0.0529103135	0.0247404229	-0.1786592487	0.1165597219	-0.0047874933	0.1871255625	0.108042452	0.0422638374	-0.1459814155	0.017129105	0.1042249686	0.1312816942	0.0445866545	-0.0816627749	0.018402199	-0.0073479487	-0.13822822	-0.0818566237	-0.0178688807	-0.1690988137	-0.0328398039	0.0457518106	-0.0581603609	-0.2262740317	-0.0232247636	0.0312588241	-0.0606107362	0.1085338486	-0.0964744534	-0.0921070043	-0.0168661397	-0.0233408028	-0.0287804681	-0.0236029684	-0.0044808171	0.089358334	0.0712472508	0.0572655422	0.0452817603	-0.0046155919	-0.1886509193	0.0635233257	-0.0414976565	-0.1024214758	0.1073422654	0.033413395	-0.0091486528181405	-0.0074133048132978	5.495708825486432e-05	8.369784838687011e-05	0.0810222590501013	0.0683052286554898	0.0046656042616787	0.0065646064615817	0.0653528944518626	0.0117318108639778	0.0001376353861481	0.0042710008132362	-0.0014829748768366	0.0001921197945186	3.691001544590747e-08	2.199214485328529e-06	0.0008771993587748	-0.0002198924822003	4.8352703728209284e-08	7.694787150349202e-07	0.0010801546986945	-7.683743734998149e-07	5.90399177851233e-13	1.1667341731118062e-06
826.7443045938569	0.1152327927428586	683506.1451783801	0.0132785965233186	1202.7068582701793	3.649580643473655	13.319438873217578	1446503.7869301252	858.0315292117152	-0.6990336240987745	0.4886480076206667	736218.1051213945	896.286094326337	710.6966039648553	1.11477	25.226715	0.1290224892133372	0.080749932728239	-0.1685868603	0.0227378893	-0.0501082801	-0.0458478992	-0.2226273844	-0.026743408	-0.162506963	-0.0673435855	-0.0172794077	0.012600789	-0.0060717332	0.0714427959	-0.2092574586	0.0889524936	-0.0244564252	-0.0038252874	-0.068965752	0.0134759475	-0.018921485	-0.182616579	0.0941946085	0.1228851715	0.0173128831	0.0456738633	0.0286196206	0.0296181102	-0.1115491472	0.122531484	-0.1285094941	-0.1744273269	-0.0842232065	0.1421356735	-0.0873475362	0.095904607	-0.059129925	0.0170710652	-0.0406657187	-0.0352393829	0.0556476015	-0.0416339731	-0.0370276803	0.0256968735	-0.0769888867	0.0918089774	-0.1989938312	0.1128071842	-0.1072342716	-0.1076522669	-0.1110137669	-0.0754215026	-0.078832741	-0.0727153149	0.1359541283	-0.0388639921	-0.0020261508	0.0096007754	-0.0204978736	-0.0428113099	0.0879887167	0.0425110713	0.1496209448	0.0720173209	0.0253126729	0.0779330298	0.0437740361	0.1196356344	0.0313938133	-0.0717504745	0.0252678976	0.1682058566	0.0862430907	-0.1064885013	-0.1043214457	-0.1028285749	0.0724054168	-0.0985392523	0.0578660498	-0.0093994893	0.1690794219	0.1284839847	-0.0206041273	0.1251191082	0.0495942877	-0.0268507539	0.0290873658	0.034003325	-0.0110507991	0.0084483222	-0.0882262899	0.0791641367	0.1005686695	-0.0554821819	0.1961062069	-0.1054829642	-0.1659639387	0.1068455295	-0.0774396918	0.0463792313	-0.0456246554	0.1713413977	-0.0406451578	0.1186846155	-0.052019859	-0.0038750297	0.132040184	0.058338022	-0.0424621928	-0.0525389046	0.0389426337	-0.0400454428	-0.0482291275	0.0237175226	-0.0926396302	0.12613026	-0.0274487118	-0.0046374245	0.1026448462	-0.0650882286	-0.0086509011	-0.0563971255	-0.0106370796	0.1349294698	-0.0317987465	-0.0446835199	-0.098167988	0.1126387502	0.0201956026	-0.0143894511290483	-0.0052407983109078	2.746596693561406e-05	0.0002070563037952	0.0546443142044523	-0.0263779448456489	0.0006957959742801	0.0029860010748749	-0.0038649278705378	-0.0692178223224004	0.0047911069270553	1.4937667444459854e-05	-0.0014837790462647	-8.041694280998875e-07	6.466884690905002e-13	2.2016002581341824e-06	0.0014391981024501	0.0005619987436753	3.158425878926157e-07	2.0712911780959688e-06	0.0010810702602787	9.155615841999198e-07	8.38253014462667e-13	1.1687129076590565e-06
826.1213972382986	-0.6229073555582545	682476.5629749588	0.3880135736085777	1199.7557930660687	-2.951065204110592	8.708785838912286	1439413.962995591	857.5601613040969	-0.471367907618287	0.222187704332442	735409.4302559088	896.0854036239214	720.1932099509578	1.202977	27.222805	0.128215989967538	0.0777488383008007	0.0578083722	0.1179232455	0.1447020868	0.1209486345	0.094327105	0.0551953258	0.0595052461	0.1048932193	0.14811579	0.0441819255	-0.0482191192	-0.046321992	0.0479389533	0.0094820938	-0.111234592	0.1182338661	-0.071586318	0.0042564312	0.0197836029	0.0784816701	0.0129268075	-0.0737635017	0.1192961148	-0.1093212636	-0.0163665591	0.0287715269	0.0612965794	-0.1247948119	0.1244279621	0.0707286068	-0.0132772021	-0.0100722443	0.0547728548	-0.0751366342	-0.055950468	-0.0334222438	-0.1308457398	-0.1441964346	-0.1008951178	0.0198226965	0.1137896385	-0.1119373546	-0.0183477587	0.012279238	-0.0279415095	0.0246016907	-0.1328671479	-0.046073689	-0.0375036212	0.0770628245	-0.1596336781	0.2051082255	-0.0766853118	-0.1625590448	0.0972119135	0.1204257621	-0.0510293379	-0.0252742341	-0.0445454517	0.0970891931	-0.0449773757	-0.1631976359	-0.0463900909	-0.0728700704	-0.093319692	0.0299795926	0.0719420223	-0.0599220091	-0.0069540793	-0.0130568363	-0.0602945241	0.0175378528	0.0558027327	-0.0452074746	-0.0360295433	0.0903465744	0.0847812053	0.0834692124	-0.10192055	0.0136824327	-0.0999724313	0.0468947088	-0.0132295111	-0.0034871047	-0.0477137531	0.0513839017	0.0530151029	-0.047704158	-0.1862936396	-0.2088626657	0.0751003516	-0.0146337718	-0.1920093733	-0.139585194	-0.0825804882	0.078153635	0.0341634944	-0.0497771508	0.0098813887	-0.1153696534	-0.1351963409	-0.0938323058	-0.0061119359	0.1247149843	-0.1199665381	-0.0037153027	0.0480066234	-0.0598546495	0.0884463277	-0.0146217015	0.0233861883	0.14973405	-0.0666172737	0.0166834259	-0.0649722114	0.0799826404	-0.052957144	0.0235848834	-0.1769905894	0.0059023027	0.1500023584	-0.0160596705	-0.0542224669	-0.0478387595	-0.0936454286	0.1172407796	0.0067565429	-0.0150007774161196	-0.0006113262870712	3.73719829264381e-07	0.0002250233230879	0.0752188312359862	0.0205745170315339	0.0004233107510808	0.0056578725725077	0.064445854350275	0.0683107822208128	0.0046663629676193	0.0041532681429368	-0.0015856778576644	-0.0001018988113997	1.0383367764671638e-08	2.514374268287161e-06	0.0010159463641066	-0.0004232517383435	1.7914203401079477e-07	1.03214701474142e-06	0.0013303069990979	0.0002492367388191	6.21189519772301e-08	1.76971671184886e-06
824.9173661628992	-1.2040310753994845	680488.6609971346	1.4496908305276393	1199.5462539602534	-0.2095391058153382	0.0439066368658914	1438911.2153900766	858.2156861195922	0.6555248154952551	0.4297127837300882	736534.1639017224	895.7325338747028	708.6542548229344	1.156444	26.169785	0.1062639230686247	0.0562810320090084	-0.0690067007	-0.1272121347	-0.0862356243	-0.1026545508	-0.0150863919	0.1150358502	0.0344914461	-0.0713046695	-0.0990386344	-0.0674625902	-0.0528103239	0.0788461989	-0.1573642883	-0.0615403172	-0.0728787478	0.0667943825	-0.0840778717	-0.0637855466	-0.0805774442	-0.1105892841	-0.1390265398	-0.0833150334	0.0028195587	-0.0248065436	0.0285001704	0.0739147551	0.0300697828	-0.0391440083	0.0639920584	-0.230593341	-0.0138517877	0.0263973695	-0.0560005383	0.0053097747	-0.0289907982	0.0272848768	0.1325761294	0.1401798713	0.0077042777	-0.0078564605	0.0326379255	0.1224707667	0.1117222035	-0.0080752826	-0.0427373781	0.1286644693	0.0962322146	-0.0244033778	-0.0195114394	0.0210733025	0.0653693466	0.0522203149	-0.0085445009	-0.1216262929	0.0270334143	-0.0521918973	0.0975852418	-0.1491996486	0.0367598396	-0.1170254815	-0.0558374463	0.1402355851	0.1649978861	0.0295995049	0.0320833482	0.1227259767	0.0480052863	-0.075412139	-0.060155151	0.0370678084	-0.0336450768	0.0915645052	-0.0334520053	-0.0645265845	0.0275514182	0.0574080086	-0.013425895	-0.1394812594	0.0307871643	0.1307595138	0.0184904269	-0.006929053	0.0262350673	-0.1011191796	0.0058274944	-0.1790593484	-0.0049833799	0.0686933457	0.1561059296	-0.045654334	0.0042943366	0.0720807538	-0.0043181716	0.0114361321	0.0054109906	-0.0630968352	0.0309292997	0.0535565089	0.117976371	0.1006254735	-0.0604430373	0.0760687458	0.0562699038	-0.1644395351	0.0379855917	-0.0399371751	0.0817646669	0.0886624925	0.0334060846	-0.0263649527	0.0937597396	-0.0150103073	-0.0011083384	-0.075469541	-0.089177901	0.0141817076	0.0693177861	0.1488437857	0.0418970373	0.154905533	-0.0791830018	-0.1056401135	-0.0907838289	-0.0509612127	-0.0888661936	0.1211199807	-0.0067565429	-0.0099096203604887	0.0050911570556309	2.5919880165100292e-05	9.82005756890122e-05	0.0382475034399902	-0.036971327795996	0.0013668790789989	0.001462871519392	0.0290223556546322	-0.0354234986956428	0.0012548242598402	0.0008422971277439	-0.001378772040333	0.0002069058173313	4.2810017245574624e-08	1.901012339204024e-06	0.0012651651791932	0.0002492188150866	6.211001779316894e-08	1.6006429306429618e-06	0.0012108728410888	-0.0001194341580091	1.4264518099342672e-08	1.466213037286462e-06
824.6825108354012	-0.2348553274979394	680101.2436777817	0.0551570248541644	1198.350358251053	-1.1958957092003857	1.4301665472838934	1436043.581120427	857.9421592983804	-0.2735268212118171	0.0748169219222413	736064.7487015675	896.1656540767357	709.1059289302494	1.108065	25.074986	0.1145138917084252	0.0739646241289193	0.1040902586	0.0009096576	0.0785984463	0.1998372124	-0.0617226057	0.041967617	-0.0777036389	0.0924991236	0.1203132651	-0.0636265763	0.1464634718	-0.0296477105	0.0263229174	0.0196514705	-0.0355141548	0.1975938682	-0.0019448704	-0.0148815126	-0.1289519798	0.0457142504	0.0603163875	0.092199224	0.027539909	-0.0927647278	0.1114718174	-0.1667380375	-0.0295929381	-0.0849766335	0.168125029	0.0880068799	0.0706842698	-0.0498589085	-0.1894340587	-0.0811834393	-0.0751512276	-0.1440189851	0.1310137266	-0.1309973469	-0.0601511981	0.1343442694	0.0048900626	-0.0323588246	0.1144565851	-0.1068040567	-0.0027269594	-0.0431307801	0.1207439157	0.1185181257	0.1720817332	0.0271029277	-0.0931865282	-0.0579864023	0.0970759701	0.0780231254	0.0488836843	0.0367230439	0.0135937763	-0.0016223031	-0.0380504152	0.1116298162	0.0707403045	-0.112826226	-0.0722995081	0.065409129	0.0167561373	-0.0798046229	-0.005890341	-0.082421319	0.1214763192	-0.1946544923	-0.150950595	-0.1487412427	0.0732050267	-0.0653782457	0.1145958603	0.014494994	0.0521963997	0.1241368954	-0.1969444112	0.009347392	0.0817584485	0.1110762756	0.037437677	-0.0744658328	-0.0829422965	-0.0651433846	0.1485934858	-0.005192732	0.0304263035	-0.0500045215	0.0044512809	0.0820330536	0.0697558813	-0.055722795	0.1069704239	-0.0483658035	0.2029042107	0.0379669256	-0.0677518192	-0.0665973255	-0.0457720367	0.0140004132	-0.1646488783	0.1134368378	-0.0489194677	-0.0212834175	0.0678667055	0.0869901687	0.0083249209	0.0163245855	0.0471165271	0.1120378466	0.0760619098	-0.0509720028	0.041134376	0.0134116344	-0.0048465487	-0.0741071255	0.000602692	0.0343009468	0.187299361	0.0322493032	0.0112194838	-0.0540487397	-0.0838433825	0.1242524367	-0.0201956026	-0.0099441965460016	-3.4576185512899885e-05	1.1955126046224676e-09	9.888704494551015e-05	0.1036126296907298	0.0653651262507396	0.0042725997297751	0.0107355770314283	0.0571375784932399	0.0281152228386077	0.0007904657552645	0.0032647028760711	-0.0013660212403748	1.2750799958200117e-05	1.625828995740361e-10	1.866014029155107e-06	0.0008916967391408	-0.0003734684400523	1.394786757151731e-07	7.951230745943359e-07	0.0011771127524281	-3.376008866069996e-05	1.139743586378322e-09	1.3855944319288571e-06
825.8651802663361	1.1826694309348795	682053.2959763479	1.3987069828678318	1198.5425489575082	0.1921907064552215	0.0369372676477571	1436504.241661561	858.7970558739462	0.8548965755658173	0.7308481549141612	737532.3831777578	896.3665761356438	711.5710803419116	1.029454	23.296055	0.1001698056617554	0.0674632637718316	-0.0655705789	-0.0330650611	-0.0795157315	-0.026743333	0.0674976773	0.1043186083	0.0155052003	0.0785533356	-0.0816975974	-0.0620035191	-0.1248744615	0.0537857265	0.0082071938	-0.0351669866	-0.0594848082	-0.0276515166	0.0916640334	0.0141538449	0.0474868944	-0.0452161828	-0.0539451315	-0.1652925865	-0.1031636593	0.0236779171	-0.0873938841	-0.043139829	0.0422323809	-0.0976841714	0.1016250764	-0.1687598486	0.0105425627	-0.0259875766	0.1326290071	-0.0979853161	0.1464278117	-0.1376452387	-0.0715818782	0.0703416845	0.0633530955	0.1071504802	0.0308861606	-0.0603201003	0.120056108	-0.1243369462	0.0868845877	-0.0675434288	-0.1523463218	-0.0264122092	0.0388199139	0.0483982698	-0.0746087511	-0.0497703655	0.1380039751	-0.1288891434	-0.050205363	-0.0949998832	-0.0691916987	0.1810192189	0.0171495081	0.1073621663	-0.0469720359	0.0139494598	0.0916566315	-0.1283674474	-0.0417292246	0.03384601	-0.0559961028	0.0300734638	-0.1468702758	-0.0648536125	-0.0111706477	0.0262390252	-0.0378103455	0.0182969495	-0.0908041798	0.0694045868	-0.1324200504	-0.061750536	-0.0419396527	0.0244420233	0.0239438182	-0.1672068939	0.0959000408	0.0328239908	-0.0316684805	-0.0030843914	0.1088363501	0.052844203	-0.2478372715	0.0118986003	0.1438441277	0.1157488723	0.072324175	0.0960055751	0.0848353473	-0.0482863409	0.1348083125	0.0116391246	-0.1528904271	0.039094982	-0.0612039187	0.039981409	0.1265236768	-0.0760678629	-0.0494864696	0.023530553	0.1029233214	0.1259059832	-0.043360658	-0.0263815895	-0.0165547462	0.0745918012	0.0436514316	-0.0804479395	-0.0222625816	0.0264984495	-0.0084397588	0.08810576	0.0329747547	-0.065053645	0.1446686596	0.0639571297	-0.1342568004	-0.0570992244	-0.0785907625	0.1266188352	-0.033413395	-0.0040818434643341	0.0058623530816675	3.4367183654136446e-05	1.6661446067327005e-05	0.0412341063562138	-0.062378523334516	0.0038910801733947	0.0017002515269955	0.033653441836833	-0.0234841366564069	0.0005515046744967	0.0011325541474651	-0.0012680142077888	9.800703258599988e-05	9.605378436313241e-09	1.6078600311542583e-06	0.0008507353222244	-4.096141691640001e-05	1.6778376757991404e-09	7.237505884802537e-07	0.001207040154709	2.992740228090012e-05	8.956494072828256e-10	1.456945935079927e-06
825.531909916298	-0.3332703500381058	681502.9342900508	0.1110691262145215	1202.857181320542	4.314632363033752	18.616052428138214	1446865.3986543992	859.2523539848478	0.4552981109015945	0.2072963697905607	738314.6078285022	897.7234038255629	707.6959693571214	0.972485	22.006866	0.1185898937325382	0.0706696428912156	0.123612067	-0.0221289425	-0.0060586187	0.0233288618	-0.1342428062	0.0155788301	-0.0450518341	-0.0780244446	0.0822469712	-0.1219224848	0.1384535037	-0.0340594442	0.0028986851	0.0265262915	-0.0105286205	-0.0447526505	-0.0330182355	0.0167404307	-0.0968797362	-0.0454650833	0.0863380143	0.0689199717	0.0163718446	0.1339938996	0.0735425366	0.0321356168	-0.0806207007	0.0078988678	0.0457033653	0.0383574618	0.0606106613	0.1174032579	0.0036067343	-0.1118639565	0.1084547104	0.1239888197	-0.0921456428	0.1024028587	-0.0836684306	-0.1170066009	0.1122123943	-0.0248867695	0.0702525755	-0.1160989386	-0.08180399	0.0551352072	0.043872912	0.0866787995	0.1189791069	0.024374637	0.151751542	0.0782634335	-0.0148838809	-0.1266655723	-0.1036834241	0.0853721931	-0.2005941752	-0.0302809251	-0.1019593878	-0.0399484101	0.0300460962	0.0765865538	-0.092366149	0.1200779916	-0.0188137613	0.0365206055	0.0857450024	-0.0200012958	0.0535822723	-0.0970518008	-0.0618215217	-0.019779207	-0.1302501262	0.0414562547	-0.0398492822	-0.1119982318	-0.0396341306	-0.0448647385	-0.0258760862	-0.0742475567	-0.2202115385	-0.0327593103	0.075604518	-0.1300450318	0.0185760828	-0.0179071395	0.0976701366	0.0645755554	0.0513036055	-0.0109255728	-0.0660174965	0.1114256585	-0.1452202751	0.0852802072	-0.0922052311	-0.045279496	-0.060890529	0.1881361407	0.1331052557	-0.0670037517	-0.0185174524	0.0869530215	-0.1089078906	-0.0275067604	-0.0148548112	0.0376717883	0.0437471336	0.1128373033	0.00285083	-0.0992258307	0.0675767314	0.2094384416	0.0328193238	0.0407817689	0.0328107432	-0.0529887729	-0.079350849	0.0115966528	-0.1204906907	0.2537461852	-0.0002240707	-0.0116503994	-0.1079870479	-0.0601105761	-0.0731227308	0.1282045865	-0.0462651033	-0.0100285121182963	-0.0059466686539622	3.5362868080016606e-05	0.0001005710553068	0.1031923963276426	0.0619582899714288	0.0038388296961836	0.0106486706598412	0.0671397024689852	0.0334862606321521	0.0011213296511244	0.0045077396476238	-0.0010739477755415	0.0001940664322473	3.7661780125195936e-08	1.153363824590536e-06	0.0008279205578805	-2.281476434389993e-05	5.205134720676876e-10	6.854524501611584e-07	0.0010799478618003	-0.0001270922929087	1.6152450916790848e-08	1.1662873842070396e-06
824.9566655368556	-0.575244379442438	680553.5000136874	0.3309060960801155	1199.7041982483754	-3.152983072166535	9.94130225336872	1439290.1632947773	858.1097561983252	-1.1425977865226289	1.3055297017664105	736352.3536827491	896.6931515038573	708.5365777520395	0.974988	22.063515	0.1924789891342531	0.1082761092063088	-0.0922007873	-0.0677637555	-0.0177367112	0.0617529688	0.0581815642	0.0753805479	-0.0207007345	0.0924394616	-0.0045778502	-0.0329448136	-0.061968906	-0.0305994815	-0.0491081451	-0.0281593076	-0.0218285424	-0.0548708627	-0.0353942272	-0.0282745795	0.1163652312	-0.0711751122	-0.0714668945	-0.0092650516	0.0028991113	-0.1584246436	0.1375647055	0.1124817378	0.1142422812	0.0359189942	0.1107826747	-0.0173765059	-0.1844581767	0.126271123	0.0141556651	0.0589878608	0.0095019617	-0.0160813345	0.0800225148	0.0391350498	-0.0251990617	-0.1223797247	0.0546674685	-0.0093990777	0.0904254609	-0.1581509017	0.0893740001	0.1055963246	-0.0153644094	-0.0866258756	-0.0323611283	-0.1216276364	-0.1568172974	0.0113883161	0.0421531102	0.0979427619	0.0987294989	0.0177547498	0.0289491296	0.0403229042	0.0423589215	-0.1750521724	-0.0035740322	-0.0545875091	0.1224743043	-0.0576230113	-0.0146945661	0.0585855897	0.0069487693	-0.0980137462	0.0752164608	-0.0988826895	0.0097570167	0.1189466724	-0.0632557989	-0.0540251687	-0.0578430393	-0.0147611792	0.1376031015	-0.0653350726	0.0259564997	-0.0906703427	-0.0110428297	-0.0533159912	0.0338587719	0.0439459238	-0.0194770723	-0.2634001649	-0.0557359888	0.1620654562	-0.1381409713	0.1033651295	0.1031604128	-0.0123101525	-0.0654534905	-0.1092084867	0.0462913469	0.0552905692	0.0198541306	0.0392019184	-0.0547938126	0.086350663	-0.0513948039	-0.0399537496	0.0910999331	-0.0029176099	-0.068327699	0.0522145604	0.0456869432	0.1581478511	-0.02005144	-0.0541422534	0.0838972417	0.1280161015	-0.1057993505	-0.0139833733	0.0409131658	-0.0212199127	-0.006018478	0.0734994163	-0.0148730143	0.0532551169	-0.1668331905	0.0689851044	-0.0542626275	-0.063080731	-0.0674542747	0.1289999139	-0.0586099215	0.0134078375073585	0.0234363496256548	0.0005492624837759	0.0001797701066237	0.0100955472354371	-0.0930968490922055	0.0086670233108968	0.0001019200739829	0.0212889727485574	-0.0458507297204277	0.0021022894158957	0.0004532203606888	-0.0011620651653228	-8.811738978130009e-05	7.76467438186957e-09	1.3503954484567066e-06	0.0007461222128866	-8.17983449939001e-05	6.690969243741101e-09	5.566983565627968e-07	0.0015119333409444	0.0004319854791441	1.866114541913577e-07	2.285942427459295e-06
825.3143300147415	0.357664477885919	681143.7433276816	0.127923878741407	1203.853529336815	4.149331088439567	17.21694848149108	1449263.3200967056	857.8011787022526	-0.3085774960725302	0.0952200710823924	735822.862182974	896.1793179831508	704.1613468754724	0.986042	22.313662	0.225989074440358	0.1280790670545174	0.1277406323	0.0018262857	-0.0895028906	0.0085525913	-0.0916304168	0.0711980495	0.0167239207	-0.1201362745	0.0262461453	-0.1356217267	0.034791424	0.0136780994	0.0157782354	0.0644375733	0.0949937802	0.0684687997	-0.0889897932	-0.014173587	-0.0366478672	-0.0203425126	0.0222866701	-0.0122569463	0.0028275314	-0.03157876	0.102510453	-0.0032927243	-0.3043068268	-0.0413933216	-0.1105187714	0.0360961894	-0.0017724822	0.0452465011	-0.0133325453	-0.0331075182	0.1463367633	0.005140415	-0.0825878749	0.177021005	-0.0033127124	0.0042908713	-0.0553960363	0.0962772068	0.1119267252	0.0358816326	-0.0847168823	-0.0281096147	-0.0701268295	-0.0906688318	-0.0529890579	0.1130549984	0.1449200629	0.0246871422	-0.102517154	0.0180840238	0.0654037389	-0.0290424452	-0.1115019162	0.0485545829	0.0751725657	0.0672245112	-0.019359486	0.1191289784	-0.0553266222	0.0217519668	0.1136573315	0.0229863549	0.0189900735	-0.151230056	0.0455327506	-0.017475827	0.0952099706	-0.0836852595	0.0564207523	0.0094685888	0.0516761457	-0.0738687977	-0.044445257	-0.0131640784	-0.0130490569	-0.0405019788	-0.2679051103	-0.0292963966	0.1684376863	-0.0340196874	0.0296313225	0.011695465	-0.1149216422	-0.0880095071	0.0370017809	-0.0539714387	0.0670936152	0.0410177002	-0.1114398907	0.1895931259	0.059414747	-0.0760449409	-0.0235467128	0.0214433456	-0.0369816643	-0.111893937	-0.0005890311	0.1320078182	-0.0752795588	-0.0464439686	0.0348486037	-0.0363552297	0.0187731532	0.0324321883	0.1006622407	-0.0260554949	0.0282528973	0.2332655392	0.0271467347	-0.0804194298	0.0274873967	-0.0334060801	-0.0047308732	0.002546637	-0.0882605748	0.1555302966	-0.1247017323	0.0869177093	-0.0323883415	-0.0660076536	-0.0616009311	0.1289999139	-0.0703125971	-0.0122468870017655	-0.025654724509124	0.000658164889639	0.000149986241234	0.1273506072392223	0.1172550600037852	0.0137487490964912	0.0162181771641986	0.0632001276586962	0.0419111549101388	0.0017565449059016	0.0039942561360754	-0.0008535861750928	0.00030847899023	9.51592874133205e-08	7.286093583095562e-07	0.0009639803226217	0.0002178581097351	4.74621559773509e-08	9.292580624018368e-07	0.0012149077405633	-0.000297025600381	8.822420728175286e-08	1.4760008180806226e-06
826.9564066029385	1.6420765881970285	683856.8984216446	2.6964155215047927	1196.661607944471	-7.191921392344057	51.72373331365608	1431999.003928247	860.260568762014	2.459390059761404	6.048599466053202	740048.2461667439	897.5780197267766	712.0852806127467	1.092107	24.713856	0.2204412208103823	0.1302030556626121	-0.1334169148	-0.0669492064	0.1215860002	0.0531748795	0.039627801	0.0765842561	0.0789723671	0.1314377321	-0.0454029493	0.1158801069	0.080167121	-0.0478412212	-0.005206117	-0.0509177755	-0.0572256246	-0.118675822	0.0634997809	0.0363136168	-0.0375436318	0.0299126042	-0.1163267968	-0.0930085397	-0.02519949	0.0718063151	-0.0051044722	-0.0366758236	0.0999469831	0.044102973	-0.0325876664	-0.0322741953	0.0259447917	-0.1946133542	0.0230606254	0.0061553079	-0.1247219091	0.0623810936	0.0213852355	-0.0575005191	-0.1256256685	-0.0853135587	-9.72669e-05	0.1165767284	-0.072563821	-0.0605804314	-0.0061500727	-0.0452652555	0.0991959176	-0.0155235835	0.0219122076	-0.1348695338	-0.0407101737	0.0370564924	0.0487878986	0.0364970556	0.0027343689	-0.0678218628	0.0688402647	-0.0117811463	-0.0508546299	-0.1741311562	-0.0537322497	-0.1600312464	0.1213948651	0.0114461232	-0.0130783601	-0.0480775618	0.0916938928	0.0956322877	0.0027183953	0.0362468201	0.071951513	-0.0339973795	0.041693867	0.073746553	0.0580627576	0.0303945925	-0.0708537975	-0.0314896556	-0.0495601059	-0.00630515	0.065467412	-0.0086178916	-0.2278262637	0.0234474921	0.0561434549	-0.0124783727	-0.0722238006	0.075227478	-0.1393406488	-0.0137240329	-0.0181916625	-0.0767531656	0.0780383766	-0.0127904366	0.0775137608	-0.109256932	-0.0797611049	0.0492753332	0.0557147188	0.1147121451	-0.0159587043	-0.1764867635	0.0249026905	0.0143057083	-0.0474158914	-0.0278559959	-0.0595107495	-0.0692038237	0.1402825931	-0.0419921036	0.0358946046	0.1511711961	0.0169001198	0.1016077231	-0.0043090119	-0.1051452483	0.2273220289	-0.0331201716	-0.0035504586	0.0084494697	-0.0841820836	0.1593509649	0.059116722	-0.0688893378	-0.0555787436	0.1282045865	-0.0812449131	-0.0065807778834141	0.0056661091183514	3.210479254106489e-05	4.330663755083216e-05	0.0218100045647844	-0.1055406026744379	0.0111388188128835	0.0004756762991159	-0.0116924725448868	-0.074892600203583	0.0056089015652537	0.0001367139142129	-0.0010848673390086	-0.0002312811639158	5.349097678224717e-08	1.1769371432476007e-06	0.001265256641753	0.0003012763191312	9.076742046930487e-08	1.600874369500079e-06	0.0013691884337964	0.000154280693233	2.3802532304485896e-08	1.8746769672418387e-06
827.5063975056507	0.5499909027122385	684766.83791278	0.302489993066223	1206.7258912539153	10.064283309444363	101.2897985327604	1456187.3766225562	861.0848707719283	0.8243020099142768	0.6794738035487166	741467.1546723085	899.0728868115449	711.929364630773	1.085706	24.569006	0.1847093547469617	0.1183994355786661	0.045726708	0.045529756	-0.1698935008	0.011868446	-0.0262439836	-0.0560362395	-0.0840979068	-0.0831295624	0.0043963472	-0.0068521925	-0.0795443937	-0.0292840391	0.0148662584	-0.0831731838	0.0762986462	0.0614310452	0.030358734	0.0306345587	0.0679903614	-0.0006572384	0.1783490136	0.0082662617	-0.1331538248	-0.0373570459	-0.102636542	-0.1493761302	0.0555937842	-0.1224000345	0.1111588876	-0.0660259984	0.0389265116	0.0853459982	0.0655908387	0.0475284626	-0.0556531217	-0.0152901214	0.0665718132	0.0684592515	-0.1417393365	-0.0804884591	0.0608840016	-0.0301172293	-0.1511063885	0.0420779585	0.0120166585	0.0633383173	0.0270382249	0.0125067588	-0.0807339253	0.1123069319	-0.0068446193	-0.1154408846	0.0153085228	0.1684532868	-0.0902844276	0.1694857861	0.0848908047	-0.0338760524	0.0397734696	0.1040267227	0.0970417096	0.0948257744	-0.035677724	-0.0649289275	-0.0665720487	0.1030967978	-0.1021400369	0.0344224566	0.0164619061	0.0561087607	-0.1463632594	-0.1391207646	-0.005568076	-0.0446285217	0.0056147031	-0.0052435506	-0.0812181462	0.01541139	0.0057323454	0.0045344674	0.0027430024	-0.2000379078	-0.0878040508	0.0376822363	-0.0051289663	0.0295012752	0.0248316488	-0.0137298149	0.1273351014	-0.0869603163	-0.0592133064	-0.063824675	-0.0592813175	-0.2284472575	0.0390982777	-0.0498484055	-0.0650343167	-0.1235928363	-0.1414174677	-0.0504821781	0.0557527536	0.1565022227	0.0881687677	0.0103540005	0.0817866559	-0.058917993	-0.0080063317	-0.0591812793	0.0495935949	0.1142217502	0.1371411508	0.1147925566	0.0991243927	-0.0080894779	-0.0417647386	-0.0872808357	-0.0712303823	-0.0274140092	-0.0782445913	0.055922526	0.0379707385	-0.0716715578	0.0528494222	-0.0717238087	-0.0494042187	0.1266188352	-0.0912870929	-0.0167727981394705	-0.0101920202560564	0.0001038772768998	0.0002813267574274	0.1338180250516671	0.1120080204868826	0.0125457966533899	0.0179072638287286	0.0243096381230358	0.0360021106679225	0.0012961519725453	0.0005909585056729	-0.0007327551167659	0.0003521122222427	1.239830170526926e-07	5.369300611466077e-07	0.0012660655761596	8.089344066002004e-07	6.543748741816184e-13	1.60292204313634e-06	0.0011919655237237	-0.0001772229100727	3.140795985463632e-08	1.4207818097459144e-06
827.1183456254801	-0.3880518801706785	684124.757670231	0.1505842617039986	1203.2906371789045	-3.435254075010789	11.800970559878232	1447908.357522414	859.3393240163449	-1.7455467555834048	3.0469334759277507	738464.0738008686	898.2493020131129	723.3343485008107	1.145978	25.932934	0.258924592636886	0.1420606260730045	-0.0493056871	0.0355523627	0.1986415627	0.114097846	-0.0114936736	0.068188693	0.006098805	0.0944217684	0.2256112702	0.1169383787	0.0708133318	-0.0259347767	-0.0434821575	-0.0480546908	-0.1246815096	-0.2189837764	-0.0586570103	0.1993886717	0.1466365018	-0.0193804635	0.0483409811	0.244290848	0.2162256424	0.0010265876	-0.0172315834	-0.070838322	0.041689739	-0.0002129845	0.0331071583	0.0085754527	0.0250102635	0.1148837388	0.0073666298	-0.0795154245	-0.1023473227	-0.0057659645	0.0028792462	0.018860376	-0.2145307727	0.1352756718	-0.0363955836	-0.0277524349	-0.1100771729	0.0616866519	0.0109214505	-0.0642918611	-0.0410252322	-0.1176344613	-0.0190433789	-0.1257095287	0.0499933166	-0.1013490612	0.0332075369	-0.0501542356	-0.1676899688	-0.0594135335	-0.0996886442	0.0364701796	0.1354851246	0.0872275206	0.0341554896	-0.2699862876	-0.0838683371	0.0887764857	0.0240006551	0.1956941111	0.0330787141	-0.0209804935	0.0616312256	0.2014916995	-0.0677095758	-0.1203887481	-0.0653812508	-0.0793826012	-0.0145101164	-0.1041197538	0.1116866506	0.2116535538	-0.0769034754	0.0580222881	0.0416475576	-0.0939007916	-0.0017045739	-0.0099196426	0.1168331518	0.0382647991	0.064610065	0.0035699324	-0.0038174184	0.1391306639	-0.0850360298	0.0899607109	-0.0368910631	0.0068946672	0.0913053192	0.0815948004	-0.1118197739	-0.0799047733	0.0273006352	0.0856332519	0.0279390522	-0.2462621455	-0.0542078379	0.1526949041	0.1639447482	0.0550613423	0.0059167968	-0.1831822518	-0.0317854301	0.1265060582	0.125202161	0.1390675072	0.0519248479	-0.0081265417	-0.0007330264	-0.0280610281	0.1074488076	-0.0540225126	-0.0203175663	-0.0926201989	-0.0376168492	-0.087112432	0.1574067201	-0.0745091236	-0.0430942802	0.1242524367	-0.1003291122	-0.0114714065133227	0.0053013916261477	2.810475317379001e-05	0.0001315931673939	0.0255615576621579	-0.1082564673895092	0.0117194627316558	0.0006533932301158	-0.0579336209538183	-0.082243259076854	0.0067639536635825	0.0033563044368206	-0.0009470015365397	-0.0002142464197738	4.590152838589132e-08	8.968119102085527e-07	0.0020232978618901	0.0007572322857304	5.734007345526373e-07	4.09373423792905e-06	0.0014829563091069	0.0002909907853831	8.467563717793154e-08	2.19915941471996e-06
825.7636822341796	-1.3546633913005053	681885.6588969511	1.835112903729786	1204.65795160109	1.3673144221854727	1.8695487291163928	1451200.780355734	859.7006937562242	0.361369739879251	0.1305880889003975	739085.2828449331	897.7317822670742	708.2460855722051	1.151664	26.061604	0.3166270043988403	0.1653169539014034	0.0654125703	-0.0523335949	-0.1479651898	0.0097844754	0.0734473909	-0.0035429182	-0.0084927622	-0.0414529308	0.0122228366	-0.0453043174	-0.1154195912	-0.1247043063	-0.011465647	-0.0068076643	0.0802253995	0.0379169489	-0.0526715597	-0.0505959721	-0.0022454596	-0.0765596011	0.0064530964	-0.0413150333	-0.0874645545	-0.0104429836	-0.0159831136	-0.0271743159	-0.0344766833	0.0786188907	0.0012320139	0.0354939699	-0.0467493735	-0.0523439429	-0.045028915	0.0417318088	0.0497563214	-0.1031554592	-0.0367810744	0.1048219434	0.0080255045	0.0687455076	-0.0002187209	-0.1441006053	0.0116686275	0.1777163229	-0.0484558243	-0.1420204523	0.0192644963	0.0216363532	-0.0577972993	-0.1606577604	0.0879342511	0.0084298453	-0.0916829308	0.0067237951	-0.0067078862	0.0710583481	0.0643587583	-0.1684486858	-0.0094399798	-0.0851015224	0.0062852721	0.0944782582	0.0118850446	-0.0248205134	-0.1202535785	0.055990085	-0.0569957201	-0.072491116	0.0152195087	0.0503828402	0.0164998186	0.0270534058	-0.0336367961	0.1035620781	0.1051458597	0.0174460027	0.0671393712	-0.1186168928	-0.0531606403	0.0393579397	0.112007241	0.0916771126	0.1568669515	-0.0072644721	0.0029872542	0.1704825812	0.0544475854	-0.0885770672	0.1006952235	-0.0703427769	0.0454728172	0.1111583528	-0.0442220211	0.0434100186	-0.0113987851	0.0507748777	-0.1522507734	-0.0200383116	0.0849973821	-0.0486961375	0.0812129338	0.1302257273	0.1133705716	-0.0337365687	0.0155272897	-0.1193064125	0.0404481537	-0.0956117907	-0.021430629	0.0033456128	0.0943456445	0.0668389031	0.1836511216	0.1517779434	-0.1501565839	-0.0532527889	-0.0869838813	-0.0567392789	0.1971851714	0.0970630467	-0.0180923191	-0.0510592218	0.0989460937	-0.0772433738	-0.0366662233	0.1211199807	-0.1082719048	-0.0068514076280195	0.0046199988853032	2.1344389700202817e-05	4.694178648528378e-05	0.1491614745645222	0.1235999169023643	0.0152769394582713	0.0222491454942626	0.0452504673993345	0.1031840883531527	0.0106469560892712	0.0020476047998582	-0.0002907438921533	0.0006562576443864	4.306740958155866e-07	8.453201082444975e-08	0.0013788470476978	-0.0006444508141922	4.153168519131183e-07	1.9012191809449392e-06	0.0010792047625252	-0.0004037515465817	1.6301531136711466e-07	1.1646829194570732e-06
827.5581395339149	1.7944572997353134	684852.4743088345	3.2200770005733523	1201.0779638334354	-3.5799877676545293	12.81631241655606	1442588.275206271	859.0065360992794	-0.6941576569447534	0.4818548526950299	737892.2290612826	897.3849349144331	713.8713800150072	1.023478	23.16082	0.2501977745406836	0.1436192495660729	0.0141897757	-0.0759899326	0.0939285085	0.018184195	-0.0441670874	0.0507689718	0.0406244627	0.067948987	0.0299771772	0.0385477997	0.0399211936	-0.0025521358	0.0050113644	0.2083529466	-0.0956522288	-0.0902503705	0.2303712725	0.0216188156	0.2242812113	0.0014292823	-0.0918759856	0.0555306818	0.2091992901	0.1017049815	-0.1234697701	-0.0005501464	-0.0652035592	0.0580259855	0.0089235561	0.0146882159	0.072749144	-0.1308537293	-0.1156647163	0.0001218534	0.1288857082	-0.0308813268	-0.032829228	0.0174133083	0.0160056618	-0.023523402	-0.1136258673	0.0505218727	-0.1704954205	0.0829560577	-0.1429934142	0.0138358703	-0.1319880011	9.09728e-05	0.0186793755	0.1113604286	0.0405511313	0.0239866637	0.0831995759	-0.007037962	0.0451070536	0.0729098018	0.1891973494	-0.0736559958	-0.0052278362	0.214012622	-0.0085554911	-0.1325825076	-0.0483303626	0.1070265052	0.0806606008	-0.0908192289	-0.0814079996	-0.0840819443	-0.2347968175	0.1075577534	0.0845480576	-0.0943966821	0.057025366	0.0831575891	0.0751142647	-0.0841037692	0.0873918284	-0.0398971403	0.0781361521	0.0762937328	-0.1106580079	-0.1136353355	0.0434888881	0.1509796096	0.0080311967	-0.0771465921	-0.0236464878	-0.1606941413	-0.0252640795	-0.1460013806	-0.0550187518	-0.0408374571	0.1787490473	-0.0694687167	0.1104236197	0.1289203115	-0.1822371409	0.0460879671	-0.0285768558	0.037905496	0.0928733325	-0.1410427398	-0.1125305472	-0.0002425249	0.0779767539	0.0692235337	-0.053620702	-0.0166430736	-0.0718544376	0.0800420306	0.0335346689	0.0911780844	-0.0226298907	-0.1590228898	0.0903906162	-0.0475436747	0.0712862025	0.0242672197	0.2482684141	-0.0316235089	0.0187993766	-0.1143799814	0.0548528472	-0.0799246852	-0.0301376669	0.1172407796	-0.1150284477	-0.0088985816109357	-0.0020471739829162	4.1909213163289815e-06	7.9184754686483e-05	0.0274729561016329	-0.1216885184628892	0.0148080955256929	0.0007547633169622	-0.0277921522323936	-0.0730426196317281	0.0053352242826653	0.0007724037257085	-0.0006145839507788	-0.0003238400586255	1.0487238357056728e-07	3.777134325548785e-07	0.0012659802078254	-0.0001128668398724	1.2738923542781988e-08	1.602705886605643e-06	0.0017108871132903	0.0006316823507651	3.99022592268123e-07	2.927134714422816e-06
827.8248721046448	0.2667325707299142	685294.0188750715	0.0711462642881886	1201.9448841991511	0.8669203657157141	0.7515509204926675	1444671.5046525109	859.4267543144376	0.4202182151582292	0.1765833483507678	738614.3460314487	897.6245383380276	718.7456027689327	1.036909	23.46476	0.1841415138387745	0.1182315807517735	0.0256552713	0.0516500836	-0.0829106897	0.0351035448	0.177866217	-0.1526588771	-0.0242549521	0.0443272209	-0.0547340791	0.0379613448	-0.1300210539	-0.0863340072	0.0387885364	0.0104776808	0.0750960143	0.0189507966	0.0413829731	-0.1373881562	0.0274422415	0.0015142029	0.0359270452	-0.1593093974	-0.0381326106	-0.1005749917	0.0245762813	-0.0059685265	0.0986218209	-0.0856843944	0.0635202226	0.0447428323	-0.0844897493	-0.0782536256	0.0126759665	0.0588044551	0.0899883585	0.10147712	-0.0760915948	-0.234269689	0.071254882	-0.0263307166	-0.1087115882	0.0742231269	-0.1080183048	0.0683826215	-0.0792441113	0.0772126295	0.0623500082	-0.0363491299	-0.1151278392	-0.072412493	0.0588269661	-0.005938226	-0.1968379583	0.1726199472	-0.1011340466	-0.1087905804	0.0290107125	0.0370113496	0.0357162301	0.0095404502	0.0550116651	0.0067732978	0.0399471386	-0.1284155401	-0.1385308417	-0.0506248004	0.0157732251	-0.0153762275	-0.0164889098	-0.1461097634	-0.0687885077	0.107231704	-0.0333739154	0.0783140627	0.0280033357	0.1586777672	-0.0290748397	0.1509664897	0.0905069401	0.0045587367	0.0800930522	0.108709761	-0.0593436984	0.0847280182	-0.0065358055	-0.0054710916	-0.0245135848	0.0337198074	0.0782879445	-0.0753736704	0.0340158032	-0.2545319388	0.1071034176	0.0920094562	-0.0979857377	0.0666425553	-0.0668103646	0.0629171058	-0.0186426936	-0.0421802435	0.0373266486	0.0805395713	0.1143218955	0.0871630279	-0.1773946538	-0.0056218464	-0.0478066511	-0.0839138528	-0.0789593475	0.0548257941	-0.0012337333	-0.0066880163	0.1277628836	0.0275600234	0.076695596	-0.0128208205	-0.1234424366	0.0735164042	0.0256106623	-0.1251931147	-0.0088115332	-0.0422697146	-0.0575085936	-0.0825512202	-0.0235265052	0.1126387502	-0.1205247148	-0.006766982134934	0.0021315994760017	4.543716326090724e-06	4.579204721451592e-05	0.1262137563452938	0.0987408002436609	0.0097497456327585	0.0159299122907891	0.0372837117821234	0.065075864014517	0.0042348680772359	0.0013900751642524	-0.0005359034373967	7.868051338209999e-05	6.190623186070815e-09	2.871924942135988e-07	0.0012661176617934	1.3745396800000746e-07	1.8893593318947075e-14	1.6030539335051864e-06	0.0014258400785485	-0.0002850470347418	8.125181201509296e-08	2.0330199295951927e-06
828.4735842085871	0.64871210394233	686368.4797314228	0.4208273938012844	1204.776483245709	2.8315990465578125	8.017953160467112	1451486.374581898	860.8880501245793	1.461295810141678	2.135385444737623	741128.2348473002	898.2657680714511	716.0506872987672	1.047318	23.700302	0.1055455397040874	0.0754361838952862	0.084711307	0.0409425001	-0.0398543637	-0.1439088311	-0.0363746249	0.1055912304	0.153248796	-0.1225868747	0.0145217171	0.0152345472	0.0474993477	0.0936609421	-0.0520050562	-0.0107128921	0.0649131794	-0.0805248227	0.0788082246	0.0358283385	0.0104263223	0.1637316784	-0.1216844491	0.0470026002	-0.07327622	0.1099610465	-0.0134358222	-0.0128027585	-0.0474767029	0.003911812	0.0873916835	0.0795260809	0.0081131367	0.1519919943	0.1054174041	-0.0386263314	-0.0414119976	-0.0531725853	0.0166984688	-0.1392944707	0.0917999404	-0.0406142579	0.0672684053	0.1236416966	0.0835489384	-0.1693628175	0.1607218133	-0.0023849902	0.0260719349	-0.1126192151	-0.0450016226	0.1483306033	0.0058834441	0.0305061658	0.1191975198	0.0897348254	0.0395516538	-0.1033625895	0.111729026	-0.0499114432	-0.0995622439	0.1006770827	-0.1641257919	0.0830845055	-0.0577848441	0.0485271626	0.098932503	-0.0015276649	-0.0138840735	0.1670830011	-0.0015649059	-0.0738898414	0.0296682888	-0.0791739672	0.030469319	-0.0558069569	-0.1889648415	-0.0477817002	-0.0515690575	0.020306343	-0.0516233161	-0.1448429787	-0.0662696842	-0.0873366961	-0.0479688287	0.0658635192	-0.0908955986	-0.1687154265	0.0269428381	-0.033533783	0.1249034998	0.1951817431	0.078851362	-0.0970303661	-0.0470864489	-0.0375631483	0.0129796468	0.0098665781	0.0104327368	-0.1170024072	-0.0402016952	-0.1128402664	0.0119474807	-0.0578881517	0.018374388	-0.0924897345	0.1430261367	0.0447429739	-0.1210598367	0.044620782	0.0559510737	0.0091640729	-0.0607134107	-0.0079140015	-0.0668968029	-0.0048663296	0.0785555365	0.0410654083	-0.1323720879	0.0703427933	-0.0039097623	-0.0671010535	0.0746513654	-0.0357189738	-0.0933025382	-0.0851211787	-0.016850859	0.1073422654	-0.124700488	-0.006674320319604	9.266181533000052e-05	8.586212020251121e-09	4.454655172867883e-05	0.0570291846066624	-0.0691845717386314	0.0047865049666578	0.0032523278969007	0.0068706300002574	-0.0304130817818659	0.0009249555434704	4.7205556600437e-05	-0.0005359772752512	-7.383785449992937e-08	5.452028757152738e-15	2.8727163958570054e-07	0.0012660871562784	-3.0505514999907425e-08	9.305864454095764e-16	1.602976687293126e-06	0.0015428402225442	0.0001170001439957	1.3689033695014546e-08	2.3803559523002368e-06
828.7229414448403	0.2493572362532177	686781.7136769883	0.062179031271843	1202.0404284077306	-2.736054837978372	7.485996076424857	1444901.1915266404	859.7758685628417	-1.112181561737657	1.2369478262692135	739214.5441629888	897.7081721908388	723.9685025448671	0.978229	22.136868	0.0953222129254829	0.0652330374157024	0.0076961522	0.0290246914	0.115094206	-0.0172004828	0.0648642755	-0.1087585114	0.0287225535	0.0405302662	-0.0935566654	0.1471448702	0.099333451	-0.125066138	-0.0236182916	0.0561077192	0.1010093075	0.0550393796	0.0295459609	0.0546051818	-0.021460155	0.0779306204	0.0259217071	0.0823446972	0.0175411198	-0.0141761139	-0.0484752458	-0.1901984531	0.0277532472	0.1151196001	-0.052746151	0.0428140295	0.011438332	-0.0939475018	-0.017489706	-0.0167660175	-0.0499412765	0.1173999384	0.0313902371	-0.0063559834	-0.0285645406	0.1565236167	0.0661656292	-0.0865248649	0.0471170387	0.0398227598	0.0882183162	0.0114500168	0.0234276494	0.0127739391	-0.0962920095	-0.1662388393	0.1019310103	-0.0925117983	0.0914707663	-0.0714865035	0.1126374247	-0.1976590163	-0.0748505785	-0.0888986839	-0.0846316914	0.0388913496	0.0043732655	-0.0924963873	0.0087477454	0.0640564408	-0.0390246698	-0.0964822002	-0.1207507426	0.0274319106	0.0356933954	0.0171510842	-0.0435773443	-0.1050828013	-0.0128769606	-0.0066790283	-0.00789717	0.0014749134	-0.0007458673	0.0196430597	-0.0182643981	0.0381713808	0.0664029212	0.0712531717	-0.056073895	0.0007106509	0.1949111926	0.1055475618	0.0261454061	0.0157674939	0.051202775	0.1691551719	-0.227768961	-0.0561844755	-0.0197844602	0.156414447	-0.0428849218	0.0076260159	-0.0340531843	-0.154509537	-0.0470830567	-0.0375365894	-0.0143186772	-0.073387482	-0.0141847201	0.0356765721	-0.0966726079	-0.0875631785	-0.1495549542	0.0325906261	0.0726317106	0.0894956421	0.0167287134	-0.0647207758	0.1464290102	0.0215830181	0.0631862681	0.0386373839	-0.1990326156	0.1368514615	0.020788763	-0.167756292	0.0136334892	0.0287752711	-0.0074088055	-0.0876327994	-0.0101290257	0.1013839798	-0.1275100165	-0.0067838030895615	-0.0001094827699575	1.1986476917567015e-08	4.601998435794416e-05	0.1184738054789136	0.0614446208722512	0.0037754414341346	0.0140360425846554	0.0201940962337516	0.0133234662334941	0.000177514752475	0.000407801522698	-0.0008048886468197	-0.0002689113715685	7.231332575885193e-08	6.478457337792478e-07	0.001265932567525	-1.5458875340002186e-07	2.3897682677772763e-14	1.6025852655204388e-06	0.0014030133218705	-0.0001398269006737	1.95515621520128e-08	1.968446381346095e-06
828.6755869366203	-0.0473545082199962	686703.2283847522	0.0022424494487576	1199.056134975451	-2.984293432279628	8.906007289947324	1437735.6148222669	859.1962527550256	-0.5796158078160261	0.3359544846702245	738218.2007482778	896.5805462650306	719.4056717931377	0.99852	22.596041	0.0801268732219646	0.0500440837510057	-0.117058928	-0.0259202779	-0.0768713694	-0.1519204895	0.0467779053	-0.015517214	0.0032145671	0.0394192463	-0.1176438293	-0.1044042455	-0.066486078	0.0329292624	-0.0404976786	0.0347959909	-0.0930483859	-0.0249602382	-0.0348217928	-0.0167260793	0.152669997	0.0104418787	-0.1034070264	0.0111366987	-0.1308382401	-0.0246779838	0.0184505436	-0.0149828431	-0.0700481267	0.0697433234	-0.1744472992	0.0503542254	-0.121389438	-0.0090391043	0.0745700676	0.0894829106	-0.0309965549	-0.0254465982	-0.0942412324	0.0585835972	-0.1242334354	0.0690701003	0.0691618231	-0.1561565788	0.0205143185	-0.1052500444	0.191051941	0.0659028507	0.0299046725	0.0509941623	0.0153608798	0.1347542846	-0.0095993594	0.0720012097	-0.0429656344	-0.0070077758	0.0372208924	0.0128858993	-0.0383650552	0.1166651839	-0.0664563385	-0.0975940148	-0.0618068353	0.1231882111	0.0993915961	-0.057161632	0.051250172	-0.0557064504	-0.1142964836	0.0853221404	0.0317177867	0.0788305556	0.179996326	-0.036161132	-0.1075135046	-0.0640411546	0.0334050026	0.0120254	0.0600532813	-0.0099100356	-0.0878470597	-0.218810796	0.0861120888	-0.1015496194	0.0368196248	-0.0446929859	0.0157366047	0.0619739599	0.0542457348	0.1077224603	0.004326885	-0.078020317	0.0502350767	-0.018128383	-0.155741305	-0.0034967397	-0.0073149394	-0.09097215	0.1518203561	0.0522319505	0.0497681516	0.0665546357	0.0142949616	-0.0058544223	0.1236503741	-0.1530519485	0.0221817313	0.0366442151	-0.1513123623	-0.0064838874	-0.0984202414	0.0489287962	-0.0451792365	0.0572848555	0.0899996953	0.0278392623	-0.0120717824	0.0327604924	0.1494326718	-0.0528052502	0.0809998118	-0.0873210529	-0.0391012945	0.0074282485	-0.0118922491	-0.090084361	-0.0033794295	0.0948006283	-0.1289225186	-0.0066145325134812	0.0001692705760803	2.8652527926556854e-08	4.375204037189992e-05	0.0823840020239856	-0.036089803454928	0.0013024739134153	0.006787123789488	-0.0129770062128997	-0.0331711024466513	0.0011003220375262	0.0001684026902496	-0.0007950179003144	9.870746505299998e-06	9.743163657189212e-11	6.320534618203173e-07	0.0012658647778862	-6.778963880017287e-08	4.595435128657904e-15	1.6024136358928783e-06	0.0016070087206125	0.000203995398742	4.161412270790763e-08	2.5824770281246243e-06
828.5213242075719	-0.1542627290484688	686447.5846666684	0.0237969895734813	1206.921465297998	7.865330322547152	61.86342108277968	1456659.4233970668	859.5377911051271	0.341538350101473	0.1166484445900363	738805.2143378811	897.9078114986718	718.241889025551	1.011681	22.893873	0.048143326118808	0.025468301602395	-0.0034576316	0.0127475864	-0.0036526417	-0.0378958179	-0.1979581985	-0.1465425757	-0.146737485	-0.0668874819	0.0119592689	0.0027500579	0.1441337167	0.0677358895	-0.0503615065	0.002610498	0.0975634876	-0.0495316319	0.0092939017	-0.0662781002	0.0036304123	-0.038081694	0.0505933893	0.1582635352	0.1125796747	-0.002515457	0.1031039641	0.0232591259	0.1186477534	-0.1812584128	-0.1492786411	-0.0395211827	-0.0348103561	-0.0069300917	0.0780245518	0.0915315258	-0.1503870031	0.0207343481	0.0058675666	0.1185102018	0.0971573755	-0.0687449917	0.0030364201	0.1624333965	-0.1181677506	-0.0273973853	0.019626859	0.016726825	-0.0031578371	0.0456562378	-0.0102819344	0.0229490243	-0.1258849644	0.0585788776	-0.1177706755	-0.1637042447	0.1472276337	0.0940956842	0.0409795219	-0.0613199613	-0.0305069383	-0.006698643	0.1387665702	0.019420998	-0.0566851798	0.0979931012	0.0791538229	-0.0366505458	0.0366678981	0.0503489157	0.1095815391	0.1544304483	-0.1000550417	0.138479432	-0.0419244198	-0.1956632737	0.0254013533	0.0844434439	0.0364113182	0.0560206409	0.0550662906	0.012929612	0.0057674579	-0.0491288605	-0.0829198762	0.0264103874	-0.1761494983	-0.0654988148	-0.1990592778	0.1264788092	0.0068251682	-0.1070952424	-0.0050173792	-0.0738319683	0.0189286621	0.104003148	-0.0422322042	0.0373513029	-0.036177417	-0.0666826112	0.0898884324	0.0761818661	0.0726626625	0.114016493	-0.0827373261	0.0176972808	0.0851099152	0.0772156671	-0.1719190273	0.0327949496	0.0283878877	-0.0760670282	-0.0002595627	-0.0202562317	-0.0308581407	0.1740981388	0.0326984443	0.005898047	0.065730645	0.0394483133	-0.0020183108	-0.1246613535	-0.1157098415	0.1132201047	-0.1157876391	-0.0924741833	0.0033794295	0.0876327994	-0.1289225186	-0.0099717580115168	-0.0033572254980356	1.1270963044660388e-05	9.94359578402495e-05	0.0998580645227491	0.0174740624987635	0.0003053428602106	0.0099716330502295	0.0015084152371542	0.0144854214500539	0.0002098274345856	2.2753165276789617e-06	-0.0007603531901928	3.466471012160009e-05	1.2016421278145638e-09	5.781369738363682e-07	0.0010538862698727	-0.0002119785080135	4.493488785962949e-08	1.1106762698261932e-06	0.0016168978359165	9.889115303999977e-06	9.779460149580656e-11	2.614358611791461e-06
828.1568683203526	-0.3644558872192647	685843.7985461738	0.1328280937287813	1200.5662810857395	-6.355184212258564	40.3883663717405	1441359.395280043	859.5852082746302	0.0474171695030918	0.0022483879636849	738886.7302845394	897.5644020457976	724.2308721195842	0.981871	22.219284	0.0590707060432627	0.0347236891831727	0.0394593439	0.0174035601	0.1257709562	0.0776492318	0.0254794408	-0.1109493819	-0.0646237577	0.0807212476	0.0559202589	0.034862051	-0.0540249686	-0.0213431935	0.0832018855	-0.0083424548	0.0243747348	-0.0070724988	0.0024823925	-0.0393338628	-0.0880521801	-0.0249913754	0.0140503679	-0.0436453941	0.1227480097	-0.0115359063	-0.0491794359	-0.0654723476	0.1036402427	0.1255552774	-0.0847597182	0.0386542225	0.1025560378	-0.0661690016	0.0682018101	0.0940753901	-0.0049328405	-0.0223360244	0.093644391	0.0285924563	0.0544455112	0.0297150102	0.0641518116	-0.007610119	0.103915916	-0.1305703405	0.1028827408	-0.0787895294	0.0144279716	0.1008890357	-0.088189579	-0.1430689821	0.1548796205	0.0518385568	-0.042747174	0.0384488527	0.0039177853	0.0956961411	-0.0870540149	0.1024387044	0.0444637146	0.0991572909	0.0435168029	-0.0877517773	-0.0645695019	-0.0250082576	-0.0332602808	-0.0864799366	-0.0569508335	-0.0195706039	-0.0581154574	0.0616605315	0.0220085342	0.1030342576	-0.0328852064	0.0095446146	-0.0523808509	0.0078174803	0.0862059036	-0.1113425345	-0.0355808827	-0.0103700297	0.0533680651	0.020766933	-0.1549974031	0.0432168014	0.0473420529	0.0373033303	0.0353581014	-0.0586651748	0.12072999	0.0998339638	0.0212767713	0.070429421	0.0251196943	0.1434382623	-0.1005172665	-0.1073252395	0.0613923814	-0.0322114794	-0.1799123044	-0.0124264309	0.0286586819	-0.0467672423	-0.115418162	0.1258577241	-0.0545778709	-0.0056799765	-0.1132510156	0.0615080445	-0.0102384632	0.0963394551	0.0617509622	-0.2149598474	-0.0229823823	-0.0447099172	0.0351746052	0.0780063664	0.0762264479	-0.0876213046	0.0958550894	-0.0157385935	0.0532284388	0.1977134697	0.010558599	-0.0948006283	0.0101290257	0.0799246852	-0.1275100165	-0.0067044421676314	0.0032673158438854	1.0675352823704569e-05	4.4949544779114025e-05	0.0704683750166594	-0.0293896895060897	0.0008637538492643	0.0049657918774885	0.0008014247601266	-0.0007069904770276	4.998355346077134e-07	6.422816461439784e-07	-0.000535995408621	0.0002243577815717	5.033641415181949e-08	2.872910780627928e-07	0.0010469945953532	-6.891674519499905e-06	4.7495177682724245e-11	1.096197682698811e-06	0.0018997825841504	0.0002828847482338	8.002378078335695e-08	3.609173867041172e-06
827.3957774078274	-0.7610909125252192	684583.772472303	0.5792593771284709	1201.5775169688984	1.0112358831588608	1.0225980113880813	1443788.5292851434	859.2250965103331	-0.3601117642971303	0.1296804827851919	738267.7664731912	898.1987090280971	718.5306760839188	0.974383	22.04982	0.0935616736712398	0.0504340177587947	0.0306137203	0.0618648339	-0.0814731187	-0.0030977694	0.1843342744	-0.028220652	0.0839254619	0.0380098228	0.006017173	-0.0027385818	-0.1743952883	-0.0196051547	0.0597064441	0.0158543039	0.0688208384	0.0581595515	-0.0775518506	-0.0700440699	-0.0106712986	0.0335778023	-0.0008351476	0.0345209586	-0.0782912272	-0.0702884938	-0.0220623062	-0.018576853	0.0626943397	-0.058854342	0.0631439996	-0.0496846542	-0.0076873874	-0.0220526024	0.0707248511	0.2024807278	0.0702182514	0.0372720375	-0.1096805906	-0.0715344023	0.0259519446	0.1378363184	-0.0161711267	-0.2106740085	-0.094270837	0.030028239	-0.050472909	0.0085777258	-0.0934853873	0.15958894	-0.0234961068	-0.1657362498	-0.0377372523	0.0915267512	-0.0924955059	0.163171723	-0.1846873716	0.1208319851	0.1019083929	-0.0320686914	-0.1059562167	-0.0285827504	-0.0633062437	0.0082264795	-0.0049114194	-0.1242623203	-0.1227942305	-0.0007677646	-0.1142739448	0.0065195149	0.0248086797	-0.0095367414	-0.1084608292	0.0680986308	-0.0960160871	0.0430613877	0.0504713973	0.0588607098	0.1029614061	0.0599991205	0.1874640963	-0.0790478814	0.0242171325	0.0329896549	0.0124827645	-0.0316764319	0.0765284225	0.1029926621	0.0611013553	-0.0609621975	-0.08176855	-0.0791274246	0.0821049049	-0.0166309013	0.0431308445	0.0858192658	-0.1410330791	0.0611429061	-0.0851115307	-0.0078154989	-0.1040328569	-0.0961375577	-0.0048763359	0.0168547411	0.1448618371	0.020944952	-0.1317062393	0.0149714566	-0.0151408481	-0.0315996545	-0.0918101781	-0.0942393477	0.0145580157	-0.0250187831	0.0482784179	0.0050023411	0.0875790328	-0.1185132545	-0.0784750112	-0.0041940399	-0.014371268	-0.0220494211	-0.0040169663	0.1351293693	-0.0495845266	-0.0970621018	0.016850859	0.0717238087	-0.124700488	-0.0065629079852413	0.0001415341823901	2.0031924784834093e-08	4.307176122274401e-05	0.0990852143559521	0.0286168393392927	0.0008189234937708	0.0098178797039649	0.0371409087780136	0.0363394840178869	0.0013205580986862	0.0013794471048567	-0.0007042500847254	-0.0001682546761043	2.8309636030996542e-08	4.959681818357331e-07	0.0009229292960424	-0.0001240652993108	1.5392198493078396e-08	8.5179848549332e-07	0.0016228262369322	-0.0002769563472182	7.670481826444817e-08	2.633564995275525e-06
827.7108026605282	0.3150252527008206	685105.1728409359	0.0992409098392158	1205.812846557336	4.23532958843748	17.938016722693995	1453984.6209227052	860.2735284194645	1.0484319091314092	1.0992094680849314	740070.5436992751	897.8776812854975	713.719449770959	1.053747	23.845791	0.0909812690965035	0.0499883107776774	-0.0183066789	-0.1349996528	-0.0651875499	-0.210002188	-0.0367458123	0.0812790154	0.1117710334	-0.129470073	-0.1319273442	-0.0477968423	0.0177345178	-0.0200141611	-0.152616115	-0.0304821531	0.011569873	-0.0689205382	0.0499000892	0.0214169153	-0.0324623928	0.0427576305	-0.0319200925	0.0523017299	-0.0503709759	0.0475981548	-0.0355701394	0.1658613699	-0.1191143061	-0.0780099835	-0.1541659531	0.0641042775	-0.2338270161	0.0176292417	0.0238217304	-0.0107411532	-0.1263494916	0.0546715453	0.0978009181	-0.1462186844	0.1078067364	0.0960325469	-0.0790968167	0.0328532353	0.1364193365	-0.0035174277	-0.0696859879	-0.1141022484	-0.0649153684	0.1358274161	-0.0365632693	-0.0240222689	0.0585067962	-0.1211902021	-0.0704343201	-0.1591671993	-0.0255671232	0.0057492356	0.0072556337	0.0030037957	0.0691974693	-0.0582156596	-0.1388754316	0.1579226347	0.0395977511	0.0689421409	0.0813293706	0.0987972509	-0.0206032975	0.0093000932	-0.0016564377	0.0635904108	0.0858065491	0.073230484	0.2010101321	-0.1396996649	-0.0768886876	-0.0524400448	-0.0156561198	0.1124607007	0.0371126401	-0.0137947268	0.0799332429	0.1783494754	-0.0651420743	0.0420264709	0.0363145821	0.1293828855	-0.0850080369	0.0989914617	-0.0452148471	-0.0253942474	-0.0371908088	0.1793211066	0.0619530137	0.1153694664	0.0324607784	0.1407247965	0.1051050763	0.083062615	0.0798231534	0.0361816673	0.0692622833	0.0022093765	0.0297693015	-0.2481749667	0.1044437809	-0.015228608	-0.1258932485	-0.0731101987	0.0269206821	-0.0230731999	-0.0332670596	-0.097797486	-0.1057636569	0.0039795388	0.0671814672	0.0492654404	-0.1033664367	-0.039330755	-0.048026489	0.025199804	-0.0143331932	0.0069430312	0.1735915432	-0.0992570537	0.0235265052	0.063080731	-0.1205247148	-0.0067223209609181	-0.0001594129756768	2.5412496814132042e-08	4.5189599101598847e-05	0.0729628327587761	-0.026122381597176	0.0006823788203084	0.0053235749641851	-0.0004482713383922	-0.0375891801164058	0.0014129464618235	2.009471928239343e-07	-0.0005357725330443	0.0001684775516811	2.8384685420457723e-08	2.870522071647056e-07	0.0010901230571904	0.0001671937611479	2.795375376681445e-08	1.188368279818144e-06	0.0014162916616164	-0.0002065345753157	4.2656530800877856e-08	2.0058820707641437e-06
828.2291177146527	0.5183150541245141	685963.4714303921	0.2686504953320979	1207.973898329493	2.16105177215718	4.670144761943686	1459200.9390453524	860.5830503622062	0.3095219427417532	0.0958038330386291	740603.1865707196	899.068480203207	718.817446601711	1.176249	26.61795	0.0758353426827175	0.044303798980235	0.1090806268	-0.0520838742	0.0516190684	0.0938537956	-0.0924667017	-0.2053692173	-0.178241963	-0.0415758549	0.0508940091	0.0279055095	0.0874130883	-0.0086793585	0.0982163607	0.0153430008	-0.1152876333	0.0736457177	0.082158914	-0.0719425395	-0.0351086798	-0.0889533119	0.1224289957	-0.0434241285	-0.0256429303	0.0424288526	-0.1312612022	-0.2017557085	-0.0017254375	0.0594463999	0.0017939044	0.0174697441	0.0638028675	0.0288455834	-0.1348036486	-0.0289591866	0.0428144857	-0.0469299651	-0.0205606445	0.073671583	0.2486824979	-0.1180348511	0.1207010434	0.1066225338	-0.0279928326	-0.0499355907	-0.0482613326	0.0404072263	0.0238540668	-0.0931818009	0.0962949138	-0.0445566175	0.0497131856	0.0421812944	0.0216996209	-0.0300026605	0.1631088425	0.0649493196	-0.0026866654	-0.0323633341	-0.0182452237	-0.2277389102	0.1784912221	-0.0011739214	-0.0932075792	0.0408493915	-0.0370028008	-0.1323688916	0.0134192766	0.0810943446	-0.1284377417	-0.0601694399	-0.0700448374	-0.1403044688	0.0414137792	-0.058194087	0.0002326371	-0.0111337523	-0.0369431495	-0.2319711756	-0.0783468338	0.0266599227	0.0097718967	0.0475108949	0.1810003377	0.1946706824	-0.0905537166	-0.0633462304	0.0226201223	0.0538565683	-0.0089479399	0.0160200328	-0.0459474141	-0.0200481987	0.0243189309	-0.140695365	-0.0346883516	-0.0578810907	-0.0147899184	0.0578804494	0.1409797224	0.0035866081	0.1286712549	0.0851000244	-0.1760419015	0.1281881524	-0.028624999	0.0251901133	0.1031057577	0.0081437014	-0.1416592822	0.0568088064	0.0770025344	-0.0918230586	-0.0721925795	0.0012959646	0.0156185692	-0.0406479355	0.0318203927	0.0787479265	-0.0703662981	-0.1326494141	-0.0141939439	0.0085551301	0.0435184557	-0.1013839798	0.0301376669	0.0540487397	-0.1150284477	-0.006751293908735	-2.897294781689999e-05	8.394317052008101e-10	4.557996944212232e-05	0.109509078055467	0.0365462452966909	0.0013356280452859	0.0119922381765583	0.0201780436999925	0.0206263150383847	0.0004254448720626	0.0004071534475588	-0.0006879251666672	-0.0001521526336229	2.3150423918384453e-08	4.73241034934095e-07	0.0012660018400785	0.0001758787828881	3.0933346270199435e-08	1.6027606590821476e-06	0.0014609364331019	4.4644771485499984e-05	1.9931556209925126e-09	2.134335261564502e-06
828.2072024686913	-0.0219152459613951	685927.1702210158	0.0004802780055484	1202.5952546431722	-5.378643686320856	28.92980790439921	1446235.3464902765	860.5813352863779	-0.001715075828315	2.941485096870704e-06	740600.2346432852	898.6710896835375	720.6145387562153	1.057648	23.934086	0.081287221244662	0.0412197866679227	0.0723592297	0.0129410044	0.0224484542	-0.0145393242	0.2015280122	-0.0363358381	0.0994004607	0.0288078827	0.0466302624	-0.015268255	-0.1483196686	-0.0971400675	0.0918457011	0.0800035089	0.0512514355	0.031451999	-0.0412757444	-0.0368656307	-0.1020412123	0.1631377965	-0.0119671885	-0.1738943789	0.0289827851	0.0891953618	-0.0390259177	0.0506338918	0.0871565821	0.105312671	-0.1340837249	0.0134123768	-0.0785014527	-0.0526703403	-0.0756081908	0.0321962632	0.0355798012	-0.0342731151	0.0117441113	0.086881568	0.071814028	0.0557561979	0.022749088	-0.0374674316	-0.0682674146	0.0852705252	-0.0507243093	0.1247590083	-0.1649729898	-0.0005485723	0.0291488091	0.1765501628	-0.1404482781	-0.0496055349	0.0260569164	0.1128986385	-0.1183299831	0.0308524445	-0.1086578696	-0.0051258645	-0.1295229214	-0.1819630852	-0.1026338627	-0.0326837858	-0.0836075441	-0.1219752217	-0.1337159812	-0.1119692513	-0.0495689012	-0.0300614243	-0.0875606922	-0.0129399571	0.1782000535	0.0763889729	0.0750681831	0.0552672657	-0.0423333392	0.0180193442	2.43265e-05	-0.0726644615	0.0467555969	0.0671948694	-0.1115952678	0.0255367907	-0.0405280019	-0.1392654179	-0.0829903118	0.0511659288	-0.1048696156	0.017182086	-0.1243646381	0.0834885454	-0.1221939429	-0.0085526585	0.0062200819	0.0302897438	-0.0386269535	0.0071435655	0.0620895409	0.010400288	0.0228381674	-0.1314257518	0.0188443481	-0.0984354111	0.0775820585	-0.000603618	-0.1908089055	-0.0458547475	-0.0094543676	-0.0199026391	0.0734477768	-0.18360956	-0.0910425626	-0.1471710335	-0.1029551565	-0.0457901971	0.058648643	0.0195701455	-0.0013852444	-0.0605340225	-4.44248e-05	0.0911548359	-0.0600607335	0.0206968014	-0.0380938555	-0.1034414224	0.0366662233	0.0446835199	-0.1082719048	-0.0066315398419334	0.0001197540668015	1.4341036515521964e-08	4.397732067515007e-05	0.0785835956316276	-0.0309254824238394	0.0009563854631471	0.0061753815023951	0.0411040443038785	0.0209260006038859	0.0004378975012738	0.0016895424581352	-0.0004657535205651	0.0002221716461021	4.9360240331716793e-08	2.1692634191878501e-07	0.0009791476020251	-0.0002868542380533	8.228535388919664e-08	9.587300265515037e-07	0.0015382302319491	7.729379884719996e-05	5.9743313402314106e-09	2.3661522464821816e-06
827.0841457526845	-1.123056716006772	684068.184155448	1.2612563873679157	1201.7711273755897	-0.8241272675825257	0.67918575317304	1444253.842593596	859.4167298026707	-1.1646054837071915	1.3563059326808615	738597.1154647167	897.4523669525319	715.2349550253218	1.02196	23.126467	0.0933300690704965	0.0591872179988975	-0.063299205	-0.1150804968	-0.1050158865	-0.0888582477	0.0298702719	0.0271348298	-0.0002561295	-0.0243169102	-0.097128037	-0.0787199534	-0.0468234498	0.0737727181	-0.0467899796	-0.1155399442	-0.0980266001	-0.0409092416	-0.0730825831	0.0348756169	-0.0787685853	-0.1010483506	-0.0757188383	-0.0263090017	0.0597051073	-0.0432872813	0.0204549236	0.1656876552	-0.0123761391	-0.1649265835	-0.0558107224	0.0282375443	0.0176303959	0.0160632651	0.1258512169	-0.0602507882	0.1220583935	-0.0102171822	0.1361580597	-0.0411151066	-0.0673932142	0.0270601839	0.0458118803	-0.0652543489	-0.033105094	0.0408690366	0.0269051568	0.0541995831	0.0624779818	0.0019125358	0.0053554804	0.0334450339	0.0807185973	-0.0902188068	0.0377510496	0.0544421305	0.1273530979	0.046094761	0.0434943948	-0.0269814347	-0.0243427572	-0.1748631492	-0.0145701347	0.0765731059	0.1384257676	-0.0223151006	0.093950369	0.0887082942	-0.0063110697	-0.0354801506	-0.0658692139	0.0966331941	-0.0339352323	0.0880372254	0.0427519034	0.092573092	-0.0658492677	0.0853314501	0.0112619216	0.1983210989	-0.042874484	0.0210352615	-0.0152959414	-0.1042688178	0.0326191821	0.0224820227	-0.014993332	-0.0424397139	0.0450450503	-0.0012036029	0.0372926898	0.0608406375	-0.0617206244	0.0311156314	-0.0613122927	0.010802305	-0.0301295888	-0.1095903877	0.0107162361	0.0849214256	-0.1096747835	0.1071289916	0.0881371065	0.0070359219	0.1161714709	-0.1233086929	0.0517629104	0.0394402742	0.0429427577	0.0050278652	-0.0574681807	-0.1305216543	7.80795e-05	-0.145796509	-0.0391508893	-0.0604107693	-0.0480065777	-0.0005399537	0.0293633726	0.0034615247	0.0720287439	0.0118509856	0.0849748801	0.0736283159	0.1132385501	-0.1054279714	0.0430942802	0.0350428114	-0.1003291122	-0.0065614646482998	7.007519363360065e-05	4.910532762786624e-09	4.305281833088801e-05	0.0607416824594224	-0.0178419131722052	0.0003183338656445	0.0036895519880013	-0.0119507427446592	-0.0530547870485376	0.0028148104287656	0.000142820252149	-0.000408039553049	5.771396751609999e-05	3.3309020464494447e-09	1.664962768524277e-07	0.0012661665451629	0.0002870189431378	8.23798737199397e-08	1.6031777200897542e-06	0.0016407631944176	0.0001025329624685	1.0513008392566851e-08	2.692103860155447e-06
827.2668665422633	0.1827207895787523	684370.4684786549	0.0333868869442827	1205.6866521176105	3.915524742020807	15.331334005377109	1453680.303094572	860.0053629818641	0.5886331791933799	0.3464890196473056	739609.2243575678	898.4864263086671	715.3119933382972	1.03289	23.37381	0.0805313423323269	0.0446800573644674	0.1290990893	-0.0461569527	0.0154877747	0.0688539831	-0.1588008488	-0.0612912154	-0.1229304214	-0.0577002179	0.077483618	-0.0457517839	0.0736504905	0.0353664217	-0.0055254879	-0.0144324445	-0.1104755612	-0.0041318987	0.0294201648	-0.0350257582	-0.0441766725	-0.0239461155	0.1290304379	0.0837507141	0.0368638638	0.1133814846	0.0871755043	0.0769953675	0.0041921103	-0.0663524823	-0.0379617977	-0.0293243844	0.0394053656	0.0098953479	0.1077194491	0.0046531268	0.1170143861	-0.0558321891	-0.130367114	-0.0462343029	0.0151622363	-0.1314885927	-0.0746715512	0.0505187488	0.0991065643	-0.1010128409	0.0520867019	-0.1267958966	-0.0378498481	0.0199988557	0.0433062803	-0.0581363688	0.1295224708	-0.0378643833	0.0631660502	0.0801929218	-0.1667326643	-0.0054236155	0.041595313	-0.0075757643	0.0640601509	-0.0335276601	0.1196221149	0.0253709936	-0.1278749859	0.096219411	0.0504779474	-0.0141974917	0.0234519058	0.0049667475	-0.0085917018	-0.0630364945	0.0074623622	0.0971614656	-0.0741816171	0.0221099258	-0.0646723802	-0.0128409741	0.0380830735	0.0960728431	-0.0579113591	-0.0581906258	-0.0496282796	0.0111508676	-0.023307122	0.0646423348	-0.0091030329	-6.68562e-05	-0.0994259815	-0.0225067123	0.0165060816	-0.0189055468	0.1198813909	0.1234091429	0.0032470512	0.1217805261	0.0066142787	-0.1682902023	-0.1246037287	-0.0002797269	-0.0019721756	-0.0163036506	0.1032985994	0.0741717164	-0.1565015502	0.0674077535	0.0556296822	0.0699769372	0.0996310615	0.0002393229	-0.0093705853	-0.1956272732	-0.0360042534	-0.0930589821	-0.0567337099	-0.0837457185	0.0845276068	-0.0378611847	-0.0155591441	0.0276030681	0.0671590821	0.0020135004	-0.1702769914	-0.1252208012	-0.0688484475	-0.1073422654	0.0494042187	0.0251860523	-0.0912870929	-0.0111245006377345	-0.0045630359894347	2.082129744087631e-05	0.0001237545144389	0.0929834929010127	0.0322418104415902	0.0010395343405514	0.0086459299520726	0.0083773409155227	0.0203280836601819	0.0004132309852953	7.01798408148907e-05	-0.0007739747090934	-0.0003659351560443	1.3390853842923938e-07	5.990368503162131e-07	0.0012659077983623	-2.5874680060003485e-07	6.69499068207542e-14	1.6025225539544855e-06	0.0015389888524402	-0.0001017743419773	1.0358016684932756e-08	2.368486687935204e-06
827.0374690119261	-0.2293975303372235	683990.9751496526	0.0526232269248174	1199.31177777409	-6.37487434352056	40.63902289567669	1438348.740307648	860.1032885826623	0.0979256007982485	0.0095894232916979	739777.6670307105	898.5463590675694	717.8466884498536	1.031296	23.337746	0.0386110301924286	0.0215438596108507	0.0493220292	0.0544166677	0.0318730653	0.0761955185	0.1966190597	0.0115310959	0.0770778934	0.1237038544	0.1193956517	-0.0308126073	-0.0369254128	-0.0985395907	0.0263877443	-0.0007371593	0.079510204	0.0470923939	-0.0683171293	-0.014726354	-0.080068242	0.1347690576	0.0045559704	-0.0162737331	0.0676523198	-0.1101702411	-0.1180231277	-0.0727041246	0.0729427878	0.1001366336	0.0463479347	0.0191943672	-0.0325524527	0.1243946294	-0.0364718896	-0.0483352641	-0.093480212	-0.0137648136	0.080135977	-0.1435862121	-0.1155924686	-0.1279468392	-0.1427067803	-0.0007857467	0.0199348894	-0.0466306854	-0.0991295001	-0.0110988644	0.07607908	0.0537452316	-0.029002062	-0.0245927661	-0.1278878112	0.0321784736	-0.0171695937	-0.1894638929	-0.0117730459	-0.1445869678	-0.1017419321	-0.2497310224	-0.0490879378	-0.0698239732	-0.0572419592	-0.1547784094	-0.0313874794	-0.1333278842	-0.1330556328	0.0484946105	-0.0260815192	-0.0344007454	0.0440380856	-0.0254896997	-0.0594489416	0.0233816789	0.0521585608	-0.0309854246	0.0865642204	-0.1351220738	-0.0797586547	-0.0125271256	0.0184001122	-0.0461620687	0.0191343122	0.1454000735	-0.1935044705	-0.0703290716	-0.1375955329	-0.0580027046	-0.0769947935	0.0484044185	0.0289562254	0.1010472099	0.1243393989	-0.0503779456	-0.0645057296	-0.0374342914	0.0319819504	0.0059689949	-0.0090595786	0.0324309423	0.1319009399	-0.1190218703	0.009013024	-0.1070188305	0.0725741757	0.0963076507	-0.1409977096	-0.0204068805	0.0836586974	-0.0911959396	0.1021496046	-0.0960573169	-0.0689520779	-0.0604396585	-0.1260295497	-0.0797827727	0.0145968794	-0.0788997349	0.0043809528	0.035493507	-0.0086090245	0.1592295208	0.0632198633	0.1316662812	0.0242511859	-0.1091829923	0.0555787436	0.0151740128	-0.0812449131	-0.0188982686977396	-0.0077737680600051	6.043146985075549e-05	0.0003571445597719	0.0785527160073371	-0.0144307768936755	0.000208247321755	0.0061705291921293	0.0043127114207948	-0.0040646294947278	1.652121292941198e-05	1.8599479799053904e-05	-0.0005279747234251	0.0002459999856682	6.051599294880378e-08	2.787573085758109e-07	0.0012660937589754	1.8596061309990135e-07	3.45813496244912e-14	1.6029934065164582e-06	0.0015383376838412	-6.511685990001626e-07	4.240205443238345e-13	2.3664828295259075e-06
827.9001795747005	0.8627105627743958	685418.7073398213	0.7442695151225148	1208.3228056595622	9.011027885472233	81.19862355275815	1460044.002676996	860.4882795612803	0.3849909786179069	0.1482180536171736	740440.079262332	898.7116116957883	714.8848524229221	1.066672	24.13829	0.1003676571632094	0.0651354262408097	-0.0783181183	-0.0381658264	-0.0567101859	-0.0641885969	-0.1197763922	0.1025324062	0.0431680925	-0.0956173425	-0.0334485601	-0.0197392186	0.0564362562	0.1342316284	-0.1067184736	0.0490543955	0.0329759464	-0.0295091429	-0.1343454895	0.0774071023	0.0317747195	-0.0986828453	-0.0240892938	0.0203312813	-0.0671040783	-0.0791497451	-0.2149514133	0.0859356362	-0.196584631	-0.0490368417	0.1771939644	0.0004081778	-0.049904105	0.0197324204	0.0630520297	-0.0940908039	-0.040812561	0.1263820872	0.2339479445	0.1304398667	0.1049313291	-0.0565110626	-0.006367168	-0.0196180272	-0.0841723935	0.0788317706	0.0268142056	-0.03532756	0.0853276539	-0.0393463615	-0.0522878625	0.0386828153	-0.0593048317	-0.0143613112	0.0272361167	0.1344053536	0.1190727042	-0.1430635464	-0.0429085103	-0.0290654408	-0.0348910387	0.1643633588	-0.0056519394	0.0608913391	0.0708289129	0.0243802664	0.10670395	0.1776818467	0.0065319321	-0.0681421932	-0.0286650224	0.0918565633	-0.0895914929	-0.0589181276	0.2048843125	0.0606721272	-0.0086635069	0.0004592964	-0.1840781104	-0.0857929259	0.2660578694	-0.0872214788	-0.0288376705	0.0413264877	0.054097719	0.0039280042	-0.0658687387	-0.0001455071	0.0568266914	-0.032109652	-0.0269979687	0.0231628526	-0.1364867039	-0.1051739676	-0.0724894149	-0.1057048826	-0.0431973442	0.0367263787	0.207314705	-0.1993966472	0.0189397737	0.1088248972	0.0630887729	-0.0333468569	0.0093287572	-0.0877623488	0.1806891853	0.0293699765	0.0456491175	-0.1044554733	0.1064691297	0.0279270406	-0.1182313222	-0.0018361323	-0.0421188976	0.0287070637	0.0188023731	0.0586638719	0.0762318011	-0.2935003625	-0.1704566216	0.0468011498	0.0421917864	-0.0804173627	0.0891935008	-0.1109488906	0.0616009311	0.0050684204	-0.0703125971	-0.0247253690126001	-0.0058271003148604	3.3955098079447304e-05	0.0006113438728092	0.0729182420545413	-0.0056344739527958	3.174729672473434e-05	0.0053170700243246	-0.0574992391954083	-0.0618119506162031	0.0038207172389799	0.0033061625080507	-0.0007072538198764	-0.0001792790964512	3.2140994424394504e-08	5.002079657297592e-07	0.0016279580104932	0.0003618642515178	1.3094573652653766e-07	2.6502472839289776e-06	0.0015390769814591	7.392976179001944e-07	5.46560967832902e-13	2.368757954857255e-06
828.9230248859742	1.022845311273727	687113.3811861135	1.0462125307946477	1208.0477584276332	-0.2750472319289656	0.0756509797917862	1459379.3866420293	860.7933513957993	0.3050718345190262	0.0930688242168041	740965.1938072119	899.370645044144	720.9991694686913	1.058844	23.961149	0.2064942642904208	0.1058791035627609	0.087838899	-0.0057914787	0.0611791526	0.0959992238	0.0261402139	-0.1187407037	-0.0499941591	-0.0221967753	0.0079076035	0.0242843764	0.0458687346	-0.0866487917	0.209309113	-0.0661547641	-0.0558954105	-0.0789510226	0.0162014628	-0.0923173941	-0.0131149633	-0.0379791044	0.0760242761	-0.1271671796	0.1273639881	0.0695940625	-0.0795169103	-0.0512561501	-0.1431939124	0.121987851	0.0315823903	0.0364877874	0.0505835187	-0.0416215446	-0.0817039439	0.0906953777	-0.054067634	0.0781548107	0.112342583	-0.0263825847	0.0425447815	0.138364286	-0.1722012201	-0.0502501041	0.0653882578	0.0724591894	0.0070853322	-0.0111835616	0.1368551117	-0.0823818632	-0.0128851043	0.0541689746	0.0171863937	-0.0805694443	-0.080326742	-0.0672082575	0.1614524294	0.0356661819	-0.055791704	0.142316391	-0.046804289	-0.142273767	0.0762332672	-0.028879047	-0.0674659878	0.0141494477	-0.046230385	-0.1500732003	0.0552659442	-0.0468271557	-0.1575852343	0.0601908749	0.0318306098	-0.0753449439	0.1451102378	0.1578958466	-0.0085523664	-0.0629589838	-0.0605301475	0.0291905218	0.0088104241	-0.0100265433	0.2344332448	0.1200188273	-0.0005342152	-0.1116204912	-0.0197234066	-0.0535031604	0.0089748019	-0.1011416378	0.0194500423	0.0587848571	-0.0798963598	0.0039431963	-0.0881952324	0.016610467	0.0555487975	0.0321296518	0.0309224114	0.0588336397	-0.0317898676	-0.0720461701	0.1072728309	0.0001877771	-0.0907128633	0.091389507	-0.1054047806	-0.071159321	0.075740771	-0.0513258466	-0.0167254086	0.0440882058	0.0819144043	-0.0841216121	0.0362024274	0.046004546	-0.1606213955	-0.072156105	-0.0031217916	-0.1033005442	-0.0181764904	0.0295125658	0.0022745229	-0.0920207926	-0.005231752	-0.1126387502	0.0674542747	-0.0050684204	-0.0586099215	-0.013274044825124	0.011451324187476	0.0001311328256466	0.0001762002660194	0.1449211867323754	0.0720029446778341	0.0051844240422792	0.02100215036392	0.0144749410254974	0.0719741802209057	0.0051802826184714	0.0002095239176916	-4.797436252200059e-05	0.0006592794573543	4.346494028895113e-07	2.301539459392335e-09	0.0012669683020809	-0.0003609897084122	1.3031356957959729e-07	1.6052086784777588e-06	0.0015380298431417	-1.047138317400182e-06	1.0964986557676845e-12	2.365535798394482e-06
828.2509998321295	-0.6720250538446635	685999.7187229223	0.4516176729949228	1206.3302849976149	-1.7174734300183443	2.949714982818977	1455232.7565024267	859.9575815615447	-0.83576983425462	0.6985112158499951	739527.0420851808	897.7812726063212	719.8623283259676	1.040458	23.545078	0.1419344131764335	0.0956371438915784	-0.0190639324	-0.0317417682	-0.0484988319	-0.12721566	0.0171467853	0.1142597571	0.0915153751	-0.0718366083	-0.0616581605	-0.0106184754	-0.0241173898	0.0598737644	-0.0952818573	-0.1917243733	-0.0064984999	-0.0045504129	0.0409762328	-0.0167546117	0.1018481745	0.0417341371	-0.1096150059	-0.0109069267	-0.1176184356	0.1088092216	-0.0539350943	0.0964448174	-0.0138422221	-0.024926972	0.0742679059	0.0464984268	-0.0299442034	-0.1529280459	0.0231106792	-0.0041722523	0.0656794442	-0.0223853224	-0.0205828182	0.0322304609	-0.0346143555	0.0103284127	0.1402950294	-0.0331452781	0.1797764738	0.0938007164	0.0113071692	0.034976268	0.0463605909	-0.0058023561	0.0592427982	0.0287218111	0.0576089159	0.0822325222	-0.0022392391	0.0650521618	0.0285165212	-0.0389870249	0.0820367823	-0.0362878508	0.0835477656	0.05844275	-0.0947704217	0.0518378612	0.066988241	0.006852897	0.0482429624	0.1216528685	-0.0216301425	0.0951354758	-0.0861063917	-0.0905259628	0.0343224495	-0.0068660799	0.0340192167	0.1050702743	-0.0882397019	0.1416563315	0.0248133261	-0.0290192015	-0.0256495045	-0.0233815518	-0.1007485043	0.0154232786	0.0064882706	-0.0611513819	0.0571939859	0.043598794	0.0355071473	0.0157870086	-0.0215852865	-0.0307614353	-0.0447229519	0.0666741325	0.1430505804	-0.0746576519	0.0017743714	-0.1085334716	0.0031722553	-0.1786845712	0.0242830464	0.0201955755	0.050251275	-0.0592142596	0.0977834162	-0.1310982449	0.0900101617	0.0301743864	0.0449663373	-0.0409275725	-0.0121125182	0.0164518263	0.0234938263	-0.1153968775	-0.0734597375	0.0632749863	-0.0286927873	0.038869144	0.0242825222	-0.0243193821	-0.0377851628	-0.1448209775	-0.0252700488	-0.1440711619	-0.019871401	-0.1142514127	0.0731227308	-0.0151740128	-0.0462651033	-0.00669407408013	0.006579970744994	4.32960150049769e-05	4.481062779026831e-05	0.0549709578817214	-0.0899502288506539	0.008091043670285	0.0030218062104339	-0.0174352510767832	-0.0319101921022806	0.0010182603600044	0.0003039879801104	-0.000316974122827	-0.0002689997603049	7.236087104414716e-08	1.0047259454194609e-07	0.0012662562095231	-7.120925578001178e-07	5.070758108743141e-13	1.6034047881558087e-06	0.001538198419849	1.6857670730001387e-07	2.8418106244114535e-14	2.36605437882596e-06
827.5369247686259	-0.7140750635036284	684817.3618555145	0.5099031963177109	1208.1597223237911	1.829437326176276	3.346840930407001	1459649.9146455	860.2242933431633	0.2667117816185964	0.0711351744541658	739985.8348577446	898.9704904765283	719.5531351652944	1.074882	24.32407	0.137827527893902	0.0914677092596911	0.118116536	-0.0688844856	0.0605138309	0.1430566706	-0.0337317977	-0.0932600061	-0.1005433698	-0.0375075485	0.035943289	-0.0055150804	0.1440961154	-0.0977199232	0.1006697144	-0.0424606137	-0.0431044928	0.0540373944	0.0574611884	0.0562618497	0.0401284695	-0.0075685493	0.058188494	0.1223207342	0.0370717039	0.0478137191	0.0562246088	-0.0632309898	0.0343537318	-0.0313235353	0.0720351088	0.0949798669	-0.0693859574	0.06675048	-0.0989256357	-0.0510224155	0.0485888021	-0.0285542662	-0.0069008525	-0.0233884796	-0.0948001385	0.0228449017	-0.0839878897	0.0043028377	0.0129992489	0.1286372431	-0.0296169659	-0.1604237974	0.0740689048	-0.0077967501	0.0132342088	0.139847649	-0.1481913715	0.0511387191	-0.0721191508	0.1034774163	-0.1068750185	-0.1527750432	-0.0287076046	0.1933889583	0.0436769954	-0.0382206427	0.1216349053	-0.0452815083	-0.0245474489	0.1093261543	-0.0618501396	0.0553235417	-0.0565524796	-0.0215094088	0.0374657774	-0.1325498994	-0.1052149223	-0.0110285526	0.0689769478	0.0447902016	-0.0093046647	-0.0434175904	-0.0510979683	0.0208530667	0.0101791219	0.0232769596	0.0094926592	-0.0037732926	0.0137012399	-0.1564046891	0.0290873495	0.0682208286	-0.1297919663	0.0695233834	0.0091725676	0.1406709855	0.0200763175	-0.0306400238	-0.0802197875	-0.0184472442	0.1259487462	0.1233964758	0.037511973	0.0280008091	-0.0288364997	-0.0218414142	0.1383979024	0.0164329789	-0.1408439362	0.113130997	-0.0684904273	-0.0590579544	0.1497381224	-0.0415026722	-0.0342336948	0.173580654	0.0172821555	-0.0804071952	0.0060809434	0.076522071	-0.1012103008	0.0025120306	0.1564612035	-0.1162006729	-0.0895680489	-0.023132034	-0.0406913542	-0.0633529925	-0.0188483269	-0.1157857731	0.0785907625	-0.0251860523	-0.033413395	-0.0238339108261413	-0.0171398367460113	0.0002937740036799	0.0005680553052684	0.1429763629596578	0.0880054050779363	0.0077449513229316	0.0204422403651718	-0.0012443031732942	0.016190947903489	0.0002621467940134	1.5482903870700158e-06	-4.8020449424193245e-05	0.0002689536734028	7.233607843686366e-08	2.305963562901501e-09	0.0013269612987385	6.070508921540013e-05	3.6851078566496884e-09	1.7608262883497668e-06	0.0015380304191379	-1.6800071109984198e-07	2.822423893005256e-14	2.3655375701935044e-06
827.5609092055558	0.0239844369299362	684857.0584451263	0.000575253214846	1202.5464940224924	-5.6132283012987045	31.50833196250074	1446118.0702857885	859.8534131860545	-0.3708801571087861	0.1375520909370378	739347.8921677077	898.5420907342441	717.3920946015754	1.083304	24.514668	0.0802394084255905	0.0674175884979539	0.0170621762	-0.0122462935	-0.0929457099	-0.0271027822	0.0961565921	0.1946429212	0.1300602853	0.0284330128	0.0491832796	-0.1000212514	-0.1041798937	-0.0028750554	-0.0338847516	-0.1160005635	0.0140528913	-0.1091595724	-0.0482036738	0.0595821361	0.0331392158	0.1202438317	-0.0472353556	-0.0270202609	-0.0891834209	0.0251938126	-0.1124200532	0.0761650868	0.0488095409	0.0034927238	-0.094250356	-0.0979857832	0.0745299234	-0.0100482707	0.0173869655	-0.0618229269	-0.1354434253	-0.0315907687	0.0727610789	-0.2277665931	0.0070823807	0.0268770053	0.2415562119	0.1524296306	0.0461289338	0.1101660435	-0.1360437803	-0.0813196404	0.1014709551	-0.0025580968	0.1069407975	0.1120553546	-0.010675294	0.0122734025	0.0679869786	-0.0048863008	-0.1331467744	0.064223322	-0.0805855342	-0.0663216007	0.223148701	0.0360696402	-0.1348688677	-0.0066772542	0.0032018284	-0.1139866919	-0.0073984682	0.1822607816	-0.0651456558	0.0931638722	-0.052689363	-0.0034825572	0.0384239262	-0.0415739326	0.038832351	-0.0400645635	-0.0682065405	0.0307053082	-0.0309331537	0.0824727717	-0.1542872107	0.1477554058	-0.0324381711	0.0798917214	-0.1401286783	0.0007474215	0.0551644948	0.0622891889	-0.0012514956	0.0488047704	0.012121618	0.1101088819	0.0059901284	-0.0624571714	0.1084912338	-0.1806979285	-0.0297199568	-0.0996063594	0.0299725679	0.1692767898	0.1818386066	-0.0598092745	0.062118126	-0.082794074	0.1719534898	-0.0858267434	0.0991084434	0.0230960877	0.1800540726	-0.0611670333	-0.051057152	0.0722328904	-0.0762439792	-0.0016498609	-0.0400033392	0.0112605499	-0.2386981845	-0.0231439869	-0.0330796647	-0.0309899981	-0.0679644628	0.0123173296	-0.0020573832	-0.0235774425	-0.0047013879	-0.1172407796	0.0838433825	-0.0350428114	-0.0201956026	-0.0131340516844176	0.0106998591417237	0.0001144869856527	0.0001725033136489	0.0764765516312167	-0.0664998113284411	0.0044222249067182	0.0058486629494021	-0.0012820581509203	-3.775497762609995e-05	1.4254383355473081e-09	1.6436731023411784e-06	-4.797436252200059e-05	4.608690219265552e-08	2.124002553715397e-15	2.301539459392335e-09	0.0012669683020809	-5.9992996657600014e-05	3.5991596479588062e-09	1.6052086784777588e-06	0.0015380298431417	-5.759962001718881e-10	3.31771622612454e-19	2.365535798394482e-06
827.2464120318111	-0.3144971737447122	684336.626219505	0.0989084722934117	1208.9642398676017	6.417745845109266	41.18746173241725	1461594.533278648	860.8862263977292	1.0328132116746929	1.066703130209794	741125.0948013222	899.2536857284899	712.9500278515085	1.094542	24.76897	0.0603714036296893	0.0506417204193298	0.1027866326	-0.1627890296	0.0038268235	0.0956396462	-0.1449053312	-0.0989931948	-0.1642205997	-0.0953796357	-0.019293351	-0.0682515463	0.0989801744	-0.1340276558	0.0583241837	0.0365870684	-0.0702906842	-0.0063060795	0.1032983979	-0.0343760732	0.0113203095	-0.2020248998	0.0786832794	-0.0485942824	0.026829211	0.131021686	0.0380379709	-0.0329607423	0.0082847847	0.0011541127	-0.0870615689	-0.0834895436	-0.1052458331	-0.1196420253	-0.2078513694	-0.0886707005	0.1602812435	-0.0414241661	-0.0360579274	-0.0178809545	-0.0083346657	0.0862477985	-0.0593157479	0.0828549929	0.0696391571	-0.0661613571	0.0504100877	-0.0036311174	0.1048440545	-0.052322559	0.0413736687	0.0248422727	-0.0946560116	0.1162446323	-0.1082495227	-0.0425959475	0.1127403155	-0.1051241772	-0.0887812251	-0.1081704772	-0.0596705253	0.1771436931	0.1506276636	0.0614739231	-0.0161465375	0.1907448238	-0.0555805199	-0.058633422	-0.0525773312	-0.1326449074	-0.0711802522	-0.1049409331	0.0430531107	0.0615480734	0.0737253882	0.0838212452	0.1482012909	-0.0190866392	-0.0963663322	-0.1189824857	-0.1256167082	0.0502710971	-0.0094214246	-0.0131481877	0.0355526046	-0.1046858947	0.0743217068	-0.0351389984	-0.0791794958	0.0209001989	-0.2195167233	0.0878050194	0.0863575844	-0.0503259261	0.0328712474	-0.0057877669	-0.0597988142	-0.0624867552	-0.0367402139	-0.0362312704	0.1341231795	0.0405941974	0.1590277457	0.0870177664	-0.1928492097	0.0222920095	-0.0415029471	-0.0610983977	0.2204083627	0.0563771488	-0.0568288474	-0.0007350811	-0.0728546854	-0.0665110694	0.0106904013	-0.0214111903	-0.0363966603	0.0246508775	0.0781140822	0.0690099566	-0.0291980501	-0.03645313	-0.029910328	-0.1251742427	0.0429403247	-0.1186154352	0.0888661936	-0.0446835199	-0.0067565429	-0.0187076851772332	-0.0055736334928155	3.1065390312235814e-05	0.0003499774846904	0.1264525716048723	0.0499760199736556	0.0024976025724072	0.0159902528654853	-0.0012672708625771	1.478728834319984e-05	2.1866389654493387e-10	1.6059754391369071e-06	-0.0001439740829537	-9.599972043169942e-05	9.215946322964449e-09	2.072853656235889e-08	0.0012668894727827	-7.882929820013375e-08	6.214058254725608e-15	1.6050089362476274e-06	0.0015380905509093	6.070776760003053e-08	3.6854330469793166e-15	2.365722542796474e-06
826.5911636363832	-0.6552483954279751	683252.95180175	0.429350459710936	1199.5534082931308	-9.410831574470876	88.563750923058	1438928.3793476666	859.4778804552885	-1.4083459424406328	1.9834382935889945	738702.2269919153	898.1301348452727	715.2237387908767	1.159964	26.249447	0.0728733498805303	0.058223272818985	0.0465094527	0.1080646043	-0.0796111175	0.1056477743	0.1614648893	0.1629738403	0.0817274611	0.1397885787	0.095142096	-0.1524647401	-0.0990171224	0.030232878	0.0217482994	-0.1256327133	-0.0268217905	0.0049331005	-0.0536318559	0.1207359305	0.1128303669	0.2003445498	-0.0397130204	0.0514623109	-0.093689326	-0.1547494391	-0.0694820528	-0.0798381401	-0.0662658204	0.1293023611	0.0221803609	-0.0023885217	-0.0706913778	0.0090300728	0.0661957437	-0.1079732701	0.1636518074	-0.052257639	-0.1777193776	-0.0149249441	-0.0512977535	-0.1413022758	-0.0383253174	0.0740152569	-0.2233456149	-0.0292598632	0.0515648627	0.0390526532	0.0663035068	-0.1028675941	0.1076763899	0.0033140376	0.0156493235	0.0922439214	0.0361031584	-0.0550787252	-0.1221481011	0.0028909538	0.0884273209	-0.0491561675	-0.0002886837	0.010381326	-0.0955707764	-0.1387537482	-0.0731475002	-0.1804434777	0.0549705596	0.1079124315	-0.0928937603	0.0283819245	0.0131428232	-0.123803104	0.073093674	-0.1137514515	-0.0896171289	0.0991328659	0.0750905281	-0.0555054667	-0.0256279543	-0.0053649775	-0.0388653048	-0.1216053361	0.0223580861	-0.1310431724	0.1262941146	0.1425217173	-0.0281594558	-0.0561977677	-0.0064143615	-0.0202670555	-0.0064003125	-0.0623923588	0.0826556756	-0.1820090498	0.0408965672	0.0384200159	-0.0256561718	-0.0161313737	-0.136544666	0.0024826823	0.2115211136	-0.1259877245	0.0065905272	-0.1325773026	0.2127687863	0.0843304173	0.0542510763	0.0897940521	0.2080355016	0.0368860887	-0.0271119741	0.019835803	-0.1593224648	-0.0474355889	0.0594625691	-0.1172789188	0.0020041173	0.0178384078	-0.107044452	0.0350117843	0.1468937173	-0.0524147073	0.0562377595	0.1408071576	-0.2134753658	-0.1199087977	0.0936454286	-0.0540487397	0.0067565429	-0.0143398393070697	0.0043678458701634	1.907807754550433e-05	0.0002056309913525	0.0692743158303557	-0.0571782557745166	0.003269352933416	0.0047989308337638	-0.0011806771681719	8.659369440520005e-05	7.498467910741174e-09	1.393998575442417e-06	-0.0003679742094556	-0.0002240001265019	5.0176056672867214e-08	1.354050188244738e-07	0.001266221770068	-6.677027146999998e-07	4.458269152177493e-13	1.6033175709941388e-06	0.0015382358125216	1.4526161229997186e-07	2.1100936007987332e-14	2.366169414923987e-06
827.1732623112208	0.5820986748376527	684215.6058825877	0.3388388672477512	1203.2420407484203	3.688632455289508	13.6060093902151	1447791.4086244232	858.8395449672291	-0.638335488059397	0.4074721953160286	737605.3639995172	896.7637932573771	710.1289501702428	1.076591	24.362751	0.0706346828804171	0.0388075698555902	0.0617115895	-0.1175981675	-0.0084878665	-0.031807135	-0.1176469275	0.1229881041	0.0900853989	-0.0311496444	-0.0899086962	-0.1289029931	0.1346413173	-0.0092726348	-0.0693822433	0.0140642917	0.0161972247	-0.0808581715	0.1696493034	0.0754608326	0.05083592	0.0130327251	-0.016405591	0.1608311664	-0.0887829903	0.0256699055	0.211036213	0.0752953478	0.0154419449	0.1219795429	0.0932168362	-0.0507117376	-0.0478728981	-0.0194213275	0.0738056963	0.0119796797	-0.0515692848	0.0161277792	-0.0044645994	0.0928221644	-0.1067161899	0.107267212	0.1260704215	-0.1140208014	0.0274987024	-0.0302115482	-0.0591835696	-0.0363926522	0.0157222239	-0.0679867045	0.0384479574	0.198557566	-0.0689764469	-0.270032702	0.1339233263	0.0776020836	0.026099321	0.0800748974	0.1166817811	-0.1528546226	-0.0492937819	0.1263899755	-0.0963921162	0.0861746468	0.0202078377	0.159821072	0.1435694384	0.0057718301	-0.1080155339	-0.0971303403	0.1913065393	-0.0743591858	0.0235255469	0.0165656243	-0.1341279202	0.0518143974	-0.1096033409	-0.0931999332	-0.0591819786	-0.0092866603	-0.0644305161	-0.0010641379	0.1524115253	-0.1442910581	-0.140103147	0.0239531053	-0.1070759875	0.0493991252	0.0421128115	-0.0185315304	0.0009919189	-0.052920377	-0.1712695941	0.0252970085	-0.0587500082	-0.1797559456	0.1268439527	-0.0497865291	-0.0846277554	-0.0324377683	-0.0464155312	-0.0053143814	0.0377004081	-0.0118088814	-0.1508560823	-0.1009657552	0.0766117642	-0.0142462223	0.1624150256	0.0594180958	0.1340876924	0.0845922542	-0.2358595456	-0.0898711913	0.0216311199	-0.0219609352	0.1359282575	-0.1416649892	-0.0916570209	0.0837320203	0.0735936633	0.1403225819	0.0311757617	0.0371901515	-0.1068196467	-0.1211199807	0.098167988	-0.063080731	0.0201956026	-0.0066898875972611	0.0076499517098085	5.852176116240351e-05	4.475459606398789e-05	0.102387012170368	0.0331126963400122	0.0010964506589058	0.010483100261175	-0.0186450564744831	-0.0174643793063111	0.0003050045445547	0.0003476381309366	-0.000471973199226	-0.0001039989897703	1.081578987326376e-08	2.227587007876255e-07	0.0012021202736929	-6.410149637509988e-05	4.109001837526943e-09	1.4450931524234928e-06	0.0016182884368618	8.005262434020014e-05	6.4084226637532046e-09	2.6188574648806084e-06
829.6184160628368	2.445153751615976	688266.7162706101	5.978776869041682	1196.367194391066	-6.874846357354272	47.263512437227305	1431294.4638151508	860.2530769076743	1.413531940445182	1.9980725466587217	740035.356329121	897.7346970684168	723.8422862530508	1.050478	23.771826	0.042847983024904	0.0223590236485998	-0.1456107088	0.0806035166	0.0547605358	0.0198632208	0.0765401199	0.0390729847	0.0239538707	0.1735638585	-0.1238017489	-0.0139915724	0.0049585538	-0.0080179569	0.0750897656	0.0935938653	0.0324935535	-0.2063323835	0.0165688788	0.1085444824	0.0247776896	0.1133424713	-0.089972935	0.0821906693	-0.1404863198	-0.033982613	0.0421293662	0.0569012721	0.0295782794	0.1231132319	0.0550081058	-0.0393705803	0.1793998614	0.1220842173	0.0933450321	0.091305187	0.0169827543	0.0495116235	-0.0057333633	0.016797846	-0.0372406055	0.0229165945	-0.0507849724	0.0762394008	-0.1114072518	0.1083412262	0.0857081274	-0.0251281198	-0.0018426649	0.1597075285	-0.0023400159	0.0684932372	0.1478236131	0.0903470699	0.0085723869	-0.0038459576	0.0183924762	0.012613263	-0.156428279	0.0476549555	-0.1396662541	-0.1337291466	-0.0456761397	-0.0557693729	0.0905063954	-0.1002746501	0.072615564	-0.0772504363	-0.0474461123	0.2496269663	0.1497168996	0.0424137624	-0.021363968	-0.0840444311	-0.1180683352	0.0522991918	-0.0363359095	-0.0280716157	0.0513281199	-0.0305084486	0.148542318	0.0886401146	0.0603032661	-0.0115412521	-0.0102754169	-0.1692218542	0.150064099	-0.0691776598	-0.0914085289	-0.1209742372	-0.0408066983	-0.0504121481	-0.0250237517	-0.1030716319	-0.0794806085	0.0563749516	0.0517518807	0.0127941592	0.0847016415	0.1862783923	-0.0119219498	0.0341816321	-0.0611212704	-0.1394583208	0.0658592841	-0.0015310556	-0.0570536948	-0.0137391019	-0.0549898893	-0.1001740956	0.0373065849	0.0316648672	-0.2487005815	0.0267810557	0.0306243298	0.0546288374	-0.0108761549	-0.0449624671	-0.0463536968	-0.135672515	0.0172050291	-0.0218440725	0.0871108558	-0.1757777757	-0.0017187559	-0.1222481541	0.1024214758	-0.0717238087	0.033413395	-0.0067779227188111	-8.803512154999943e-05	7.750182626323174e-09	4.594023638217565e-05	0.1179474100275967	0.0155603978572287	0.0002421259814752	0.013911591532218	-0.0338483644708134	-0.0152033079963303	0.0002311405740312	0.001145711777349	-0.0005698773362944	-9.790413706839998e-05	9.585220055108051e-09	3.247601784220007e-07	0.0011400622796391	-6.205799405380012e-05	3.8511946259814924e-09	1.2997420014559011e-06	0.0015383257269881	-7.996270987370001e-05	6.394034970345522e-09	2.3664460423134664e-06
827.5330397625074	-2.085376300329358	684810.9318985757	4.34879431397536	1207.9749753046694	11.607780913603392	134.7405777382152	1459203.5409623168	859.6019590475813	-0.6511178600929952	0.4239544677320813	738915.5279984396	897.8119117579165	714.6918294523941	1.074811	24.32246	0.0503659223441746	0.0240359800518348	-0.0975365053	-0.1050839349	-0.0568576941	-0.0404318165	-0.2179619303	-0.0356879126	-0.1299497818	-0.1254539114	-0.0538601449	0.0159857038	0.0671592222	-0.0226955995	-0.1556783138	0.0160407721	0.1189649848	0.0179454493	-0.0353317182	-0.1146675629	0.0869107225	-0.1896601771	-0.0652468228	0.129959672	-0.079703458	-0.0194954812	-0.0275995956	0.1953330959	0.059608257	0.0456910924	0.0077888062	0.1154958151	0.0008751472	-0.163761598	-0.1609887062	-0.0084244514	-0.1154066444	0.0654427174	0.0220493837	0.0450509332	0.0285314618	-0.0457693619	-0.0536694804	0.0416598031	0.0739024849	-0.1943246197	0.1028853187	0.0386103085	0.043978141	0.0967500784	-0.0073323972	0.1047621562	0.0778399064	0.0248770024	-0.1589298439	0.0099044908	-0.1314626601	-0.0244055624	0.0551114333	0.0952993302	-0.0068471077	-0.0312559787	0.1338600032	0.0576389352	0.1051491146	0.1602589003	0.086128749	0.0701261732	-0.0019497697	0.0628040294	0.0893103329	-0.0717619155	0.2140193604	0.178322407	0.039557473	-0.0306270247	0.1278215667	0.0696687069	0.0940378561	-0.0844484273	-0.0053025904	-0.0480115908	-0.0378000556	0.0595133059	-0.1496238348	0.008643904	-0.0012593647	-0.1123138684	0.1518675298	-0.0202160771	0.1277084917	-0.0343563956	-0.0006539994	-0.0202562857	-0.0838194736	0.0826388408	0.0930871071	0.0435309406	-0.013242424	0.031559668	0.0245455088	0.1594836158	0.0103030569	0.1151650704	-0.0696853645	-0.0645520458	0.0930715843	0.0085223969	-0.0087833073	0.0241081402	0.0737237622	-0.0626979846	-0.2147599362	-0.0520954606	0.067400336	0.219756576	0.0250973115	0.0866372509	0.0816099131	0.0497131619	-0.0273520426	0.0561380799	0.2678598115	-0.0258693714	0.0622753917	-0.1232925447	0.1063942335	-0.0799246852	0.0462651033	-0.0064684605689677	0.0003094621498433	9.576682218569881e-08	4.1840982132289937e-05	0.130107552681693	0.0121601426540962	0.0001478690693679	0.0169279752648195	-0.0468936760382234	-0.0130453115674099	0.0001701801538908	0.0021990168523778	-0.000879997524405	-0.0003101201881106	9.617453107375393e-08	7.743956429589286e-07	0.0011872631722851	4.720089264600015e-05	2.227924266579231e-09	1.4095938402644792e-06	0.001678024765688	0.0001396990386998	1.951582141367613e-08	2.815767114262267e-06
827.7344828655579	0.2014431030504511	685144.3741247125	0.0405793237665946	1199.344984977476	-8.629990327193354	74.47673304745086	1438428.3929906224	858.2084882532655	-1.393470794315817	1.9417608546111549	736521.8093099553	896.8592969002243	716.6115586580635	1.091447	24.698925	0.0525056222265222	0.0254433946495095	-0.0848085152	0.1392799691	0.0508398036	0.2096719741	-0.028462086	0.039790952	-0.0683264798	0.1612266301	0.094681087	-0.0078078399	0.0461424781	0.0285650527	0.037885827	0.1466650888	0.0204229676	0.0799949779	-0.1275393747	0.0338029598	0.0691635672	0.0410611825	0.0480815537	0.0859628681	0.0862489133	-0.1558828611	0.0327279844	-0.0408725653	0.0256301981	-0.0528558711	-0.1064199929	0.0998782074	0.0631299174	0.0048570757	-0.1689217003	0.0059449457	-0.0794477754	0.0155878622	0.1551991086	-0.0019806666	0.0073719058	0.099344046	0.0406407766	-0.005504778	-0.0924936334	0.120803374	0.0428874549	0.1973259099	-0.1579672719	-0.1174033827	0.018418246	0.0350354224	0.0211821368	0.032432131	-0.0698801358	-0.1015694395	-0.1286239151	0.0337366276	-0.0050820909	0.1001159584	0.0407064512	0.0829425391	0.0861631899	-0.1909181795	-0.0418885794	-0.0486332157	0.0210379519	-0.0288647887	0.0001805847	-0.0613262178	0.1613980534	0.0682882998	0.0272012566	-0.060043884	0.1248985668	-0.0821279475	0.0523196614	0.0297957093	0.1597076733	0.0927586696	0.034385529	0.1940749934	-0.032582843	0.0338014184	0.0383653633	-0.0464893113	0.1058800059	-0.0868660221	0.1452877402	0.0440017922	0.06102719	-0.03132736	0.0595342979	-0.0226994322	-0.0324225815	-0.0613468408	-0.1057589913	0.1186648626	-0.0048611164	-0.0957494464	-0.020187641	0.0196700663	-0.0852119836	-0.0592776831	-0.0030518428	0.2293195945	0.0232364236	-0.001636673	-0.1179154231	-0.0211894309	0.1137092193	-0.0209321633	-0.1983251945	0.060336375	0.0917208334	-0.0271764132	-0.0422405203	0.0782829596	-0.0767628093	0.0430414576	-0.0437444844	0.1173238931	0.0226069302	0.0904692306	0.1916749529	-0.1242524367	0.1100753719	-0.0876327994	0.0586099215	0.0060038045774604	0.0124722651464281	0.0001555573978828	3.604566940433446e-05	0.1183182387035515	-0.0117893139781414	0.0001389879240752	0.0139992056099105	-0.0449199869266507	0.0019736891115726	3.895448709140619e-06	0.0020178052254904	-0.000797032463319	8.296506108600003e-05	6.8832013610037165e-09	6.35260747584353e-07	0.0010437163373708	-0.0001435468349143	2.0605693813913318e-08	1.0893437928947176e-06	0.0019769199494953	0.0002988951838072	8.933833090319959e-08	3.908212486712499e-06
829.8635073740334	2.129024508475481	688673.4408711323	4.532745357689266	1201.3541773782897	2.009192400813617	4.0368541034871885	1443251.859504267	858.7235821509079	0.5150938976423731	0.2653217233884115	737406.1905420871	896.5326246095584	721.5551716893393	0.99934	22.614582	0.0425750037693772	0.0258419082800254	-0.0686383952	0.0768047094	-0.0501652966	-0.0435630527	-0.088792956	0.0412061204	0.0373619647	0.0416832986	-0.1106142233	-0.0632546309	-0.0049899774	0.1134966505	0.00793998	0.1319319386	0.2564027975	0.0852017011	0.0984169911	-0.0321518047	-0.1484422888	-0.0029289558	0.018666335	0.0795598273	-0.0022104424	-0.0792503032	-0.0166730225	-0.0459235034	-0.0191391673	0.0150626206	-0.1639630938	-0.1290538697	-0.0819295138	0.0095871727	0.0254942515	-0.0472038998	0.0268698666	-0.053564875	-0.0551377133	0.0025302638	0.0055565233	0.0841725036	-0.2317521629	-0.0420350189	-0.0040238045	-0.0513687739	-0.0413216819	0.0472706186	0.0300957934	0.0197016689	0.1421681393	-0.0955577845	0.1022878168	-0.019884497	0.1079515444	-0.0214851022	-0.051872901	-0.0094896074	0.0896218021	-0.0216963706	0.0919104569	-0.0122245955	-0.0391075972	0.044190506	0.0220689418	-0.0465372466	0.0893094575	-0.0526917236	-0.0995343607	-0.1424081505	0.0605809421	0.0872945337	0.059785221	0.1541053634	-0.0113149005	-0.0703375589	0.111356414	-0.1265953209	-0.1453445943	0.0429086469	-0.0529107798	-0.1146927484	0.01764619	0.0024758792	0.0599644396	0.0259429035	0.0798295669	0.0261242536	0.0701030199	-0.1425147427	-0.033745132	0.0474065214	-0.0559783316	0.0698821336	0.2001398213	0.0154702907	-0.0525313526	0.0894293846	-0.0766353355	-0.0413513705	0.0920755962	0.0534169657	-0.0795431518	0.0691654666	0.0071843688	0.008057409	0.0824374582	0.0212034359	-0.0508074409	0.033247045	0.0289271916	0.1590312947	-0.0450672722	-0.0645954677	0.1016484906	0.0397004858	0.0687938821	-0.0058070833	0.0144468212	0.160020096	-0.0110603454	0.2080638629	-0.0379473989	0.0508096959	0.0498427528	-0.1251271724	0.1134548014	-0.0948006283	0.0703125971	0.0184629071533066	0.0124591025758462	0.0001552292369954	0.0003408789405516	0.1181688878352673	-0.0001493508682842	2.2305681857244746e-08	0.0139638860522239	-0.0676566934802025	-0.0227367065535518	0.0005169578249023	0.004577428172674	-0.0008939964900013	-9.696402668230008e-05	9.402022470445804e-09	7.992297241346446e-07	0.0010031135257668	-4.060281160399998e-05	1.648588310149915e-09	1.0062367455763009e-06	0.0019839499866429	7.030037147599984e-06	4.9421422296635714e-11	3.936057549500362e-06
830.9537116903937	1.090204316360314	690484.0709720419	1.1885454514106597	1201.9758932931084	0.6217159148186511	0.3865306787387922	1444746.0480577657	858.8429749681073	0.1193928171994684	0.0142546447988256	737611.255652069	896.9586482421264	731.7186644676173	0.9859500000000002	22.311577	0.0403361635040777	0.0249195112496375	-0.0872408218	0.2545542627	0.1085527208	-0.0121732193	0.0251983057	0.0364905755	0.0852832959	0.136444072	-0.0025229965	0.0695836314	0.0679632532	0.178082472	0.1093560396	0.1168970141	0.1058814972	0.095196759	0.0332827893	0.2562210814	0.0202971467	0.1389221852	-0.0818384443	0.1544556629	0.047204834	-0.1155987272	0.1502679518	-0.0299976533	-0.0094019547	-0.0389048107	-0.0648465769	-0.000771489	0.1488085996	0.1129012517	0.0143789819	0.067355312	0.081685921	0.0898626224	0.0147597122	0.0395224013	0.0097026204	-0.0717125385	0.0917910057	-0.0144369467	0.0381043441	0.0399334709	0.0435732261	-0.1253094188	0.0313969617	-0.0163268503	-0.0610675643	-0.0556602822	-0.1822292278	0.1172035875	-0.1136890504	0.1118398372	0.0801154136	-0.1172929762	-0.0952362124	0.055159618	-0.0575179963	0.0092454941	-0.0836129095	-0.140016053	-0.0269836521	-0.0819000221	0.178413972	-0.1253278944	0.0622270488	0.0371243589	0.2297761827	0.0186581451	-0.1067434813	-0.0008711567	-0.0220423096	-0.0627879121	-0.0280755936	-0.0826395937	-0.0374841582	0.0022323699	0.1262944439	0.0595255946	-0.0455680989	-0.0757975773	0.0384293981	-0.0111274505	-0.0297615867	0.1086476135	-0.0818699468	0.0937797054	-0.0588395078	-0.0067067051	0.1241714235	0.0005364102	-0.0259792869	-0.0358629137	-0.0067919484	-0.148793939	0.162104747	-0.0707444388	-0.0079994381	-0.0666710326	-0.2071910348	-0.0980414445	0.0229323352	0.1192010212	0.0627725892	0.0218573343	-0.1947074777	-0.0438020898	0.1005521169	0.1563406205	-0.0684684063	-0.0406856833	0.1046284373	-0.1102727108	0.0426540453	0.0968160335	-0.1158710904	0.0952484441	-0.0031365946	0.0927773332	-0.1107805724	0.0892491552	0.0400460067	-0.1259161521	0.1165232592	-0.1013839798	0.0812449131	0.0350564978814986	0.016593590728192	0.0002753472532547	0.0012289580437155	0.1182575358424742	8.864800720689847e-05	7.858469181754324e-09	0.013984844783534	-0.0690306397567113	-0.0013739462765087	1.8877283707323656e-06	0.0047652292252208	-0.0008939504663459	4.6023655400086703e-08	2.1181768563859302e-15	7.99147436280052e-07	0.0008379893459187	-0.0001651241798481	2.726599477050769e-08	7.022261438732506e-07	0.0022643793529828	0.0002804293663399	7.864062950579798e-08	5.127413854214804e-06
830.8077571895666	-0.1459545008270879	690241.5294063578	0.0213027163116844	1201.4333712670111	-0.542522026097231	0.2943301488006445	1443442.1455940155	859.7840651259592	0.9410901578518178	0.8856506852055593	739228.6386445196	896.8395750730128	727.9763401989688	1.062883	24.052542	0.084221312395724	0.0388097619432915	-0.1073251596	0.0072426204	0.0074170466	-0.2081283096	-0.0267032911	-0.0489496484	0.0824429843	-0.048561516	-0.2394267756	0.0192294744	0.0286104009	0.0540797464	-0.0323613738	0.1831380276	0.1265585357	0.0295516677	-0.0209574418	-0.1163721232	-0.1214599567	-0.0972381321	-0.1192623921	0.0360447221	-0.1271730594	-0.0777692106	0.1611312853	0.0917174052	0.0365808151	-0.0229467739	-0.0839498675	-0.0070435997	0.0018655367	-0.04676801	-0.0204812513	-0.0357284353	0.0519325266	-0.141172695	0.0780885904	-0.0676338584	0.0222157605	-0.0420132989	-0.0054151927	-0.0824636171	0.0593996634	-0.0908262774	0.0352316662	-0.0305952801	-0.0317029281	-0.2301237215	-0.0270958332	-0.0192363455	0.0473039979	-0.0629028185	0.1607405492	-0.1899897932	-0.0264628274	0.158929926	0.1337727841	-0.0237427934	0.0034189006	-0.0180067998	-0.0416783999	0.1767155209	0.1471983843	0.0231778705	0.0777271073	-0.1505328234	-0.0671858569	-0.0343980126	0.1318790143	0.0674060562	0.0256588707	0.1045242948	0.0269398283	0.0457889768	0.0070237576	0.0580415501	0.0767941537	0.0485738541	-0.0428632528	0.0518673986	0.0052957315	-0.0658472613	0.0792444514	0.1911100704	-0.0888682766	-0.0319984564	0.0714217664	-0.151955987	0.058811445	0.1092838182	0.0797625984	0.1265787246	0.1014896151	-0.0739754742	-0.051540104	0.0679427624	0.0299914407	0.0608036508	0.0120125691	0.063805899	-0.1487874308	0.0848741547	-0.011064198	-0.1821014685	-0.0146581546	0.0031366989	-0.1479274478	-0.0180274432	-0.0889366736	0.0849211233	0.0789026102	-0.0433920108	0.1521162208	0.1181998763	0.0985058031	-0.1748887708	0.0812176567	0.0856648402	-0.0627657216	0.1260211203	0.0688564655	-0.0504892384	-0.1664793641	-0.1266188352	0.1192723348	-0.1073422654	0.0912870929	0.0467070257466275	0.0116505278651289	0.0001357347995361	0.0021815462540961	0.1328048221951689	0.0145472863526947	0.0002116235402272	0.0176371207982904	-0.0446500167061358	0.0243806230505754	0.0005944147803342	0.0019936239918582	-0.0010621272606771	-0.0001681767943312	2.8283434151518787e-08	1.1281143178734405e-06	0.0005122032286661	-0.0003257861172526	1.0613659419452482e-07	2.623521474559771e-07	0.0024432739439455	0.0001788945909626	3.200327467571173e-08	5.969587565162999e-06
833.1643021053303	2.3565449157637204	694162.7543026621	5.55330394001184	1205.313736805718	3.880365538706883	15.057236713983958	1452781.2041325637	860.7950568519562	1.010991725997087	1.0221042700345693	740968.1299007626	898.5887913044049	731.2100505828857	1.079665	24.43231	0.0947200863667264	0.0455959492104118	-0.1139485689	0.2276103926	0.0870667025	-0.0124045356	-0.0637564283	-0.1571677832	-0.0660339717	0.019529427	-0.0403714158	0.1100901066	0.1231916603	0.2071139855	0.2193893128	0.0482565266	0.0906251577	-0.1003128316	-0.073863893	0.0560803789	0.0432890332	-0.0156933294	0.0863735246	-0.0678179868	-0.0453143583	-0.0608068875	-0.0359807989	-0.02826987	0.0245381663	-0.1657242971	-0.0665913661	0.0788769051	0.1806871192	0.0242131962	0.0303770527	-0.1311146194	0.0723411662	0.0342531881	-0.0220418767	-0.0104813852	0.0035211946	-0.0266982524	-0.1509673873	-0.0613606343	0.0368290013	0.090821925	0.1147217641	-0.0459064315	-0.0709373802	-0.0275492331	-0.0397285953	-0.0806664832	-0.0244487272	-0.0763573785	0.0179310849	0.0418294347	0.1446972853	0.1576929884	-0.1745953895	-0.0946188869	-0.2313250158	0.023315673	0.0708252587	-0.0405187514	-0.0494034301	-0.0574362944	0.0832802526	-0.1777289396	0.1256852043	0.1667750179	0.0350881883	0.0126372015	-0.0955705586	-0.0363745082	0.1404150515	-0.0089503485	0.0579444416	0.0482596387	-0.1242114882	0.0730163829	-0.0102635773	-0.0665568061	-0.0063647775	-0.1071553322	0.1358396814	0.1168500896	0.0661064587	0.0301382984	-0.0413935614	-0.1051548136	-0.130344741	-0.059851912	-0.0527085598	0.1437963811	-0.1226459209	0.0630848059	-0.1734961555	-0.0452135178	-0.0477496543	-0.0695868626	-0.0672477068	0.0203664439	-0.1326120041	0.0068411387	-0.097140195	0.127521966	0.0644353699	0.0568187754	-0.2631224679	-0.0392069231	-0.012834213	0.157843386	0.0986708183	0.0681786043	-0.1230509879	-0.070139543	0.0052259033	-0.1049495048	0.0612308701	0.0066773454	-0.0323297424	-0.0386371028	-0.0714408606	-0.1070798686	-0.1227932282	-0.1272347401	0.1216944932	-0.1126387502	0.1003291122	0.0299279471166897	-0.0167790786299378	0.0002815374796696	0.0008956820186193	0.1345190803473457	0.0017142581521767	2.9386810123046003e-06	0.0180953829774956	-0.0587519601853827	-0.0141019434792468	0.0001988648098918	0.0034517928256247	-0.0006253244719776	0.0004368027886995	1.907966762156601e-07	3.910306952540643e-07	0.0008388860270047	0.0003266827983386	1.067216507303384e-07	7.037297663037303e-07	0.0019642634088763	-0.0004790105350692	2.2945109270728138e-07	3.858330739450343e-06
831.318667101726	-1.8456350036043432	691090.7262717902	3.406368566529604	1207.7919322422572	2.478195436539181	6.141452621683623	1458761.351589485	862.8001189401498	2.00506208819354	4.02027397751104	744424.0452431366	900.7235484257592	747.9514871992018	1.171545	26.511517	0.0416403831745033	0.0315425086739086	-0.0288594804	0.0629865881	0.1765512462	-0.2211743767	0.0804401624	-0.1752527296	0.0560880881	-0.1633994656	0.0341946089	0.2959491365	-0.1422220905	-0.0118408777	-0.0829559071	0.0088755179	-0.0327561763	-0.1216011941	-0.1188911248	-0.2182071211	0.1319151062	0.0525316896	0.0226153168	-0.1905693184	0.0424596636	0.21578886	0.027450224	-0.0147293739	0.1460146017	-0.1089553914	0.0167838342	0.0966484631	-7.87137e-05	0.1021497646	0.0681378378	-0.0067650348	-0.010156151	0.0805980157	-0.0362857069	0.0297323105	0.042772753	0.0783989179	0.1036906037	0.1743039912	-0.1348630353	0.127453183	0.1618625623	-0.0763969596	-0.1781202007	-0.1656869363	-0.0188447059	-0.0627139253	0.0833245304	0.0076937691	-0.0560759854	-0.0007335989	0.0211144271	-0.0009939812	0.0704771396	0.0010292478	0.1363709143	-0.0739262376	-0.0498179618	0.1015608617	-0.0545098503	0.0268438677	-0.2609403611	-0.0104552089	0.2100231346	0.1766242938	-0.021573293	0.1096869641	-0.0179816466	-0.0066644372	0.0877544046	-0.0165605319	-0.2157933659	0.1277807371	0.0154288751	-0.005931809	-0.0936822753	0.1796471863	0.0779062099	-0.0962685288	0.1209968953	0.125961324	0.1450167457	-0.0488275342	-0.041215529	0.0447766046	0.0248798171	-0.0210928296	0.1186903637	-0.0764253922	-0.1253044198	0.119152228	0.083467336	0.0780554192	-0.1362900319	0.0730686439	0.0066229602	-0.0163914217	-0.1245228518	-0.0046819302	-0.0200637233	-0.1113514209	-0.0988634101	0.0664981862	-0.0763888982	-0.142545393	-0.3339558344	-0.1140271148	0.0096198186	0.0552400876	0.1491374508	0.0464972627	-0.031279731	-0.045422588	0.0083384698	0.0709488089	-0.0006907396	-0.1322416505	-0.1270131462	-0.0332557261	-0.2082933109	-0.1277634447	0.1237830955	-0.1172407796	0.1082719048	0.029230977719564	-0.0006969693971256	4.857663405297604e-07	0.0008544500584416	0.1350541015270323	0.0005350211796865	2.862476627132364e-07	0.0182396103392739	-0.0269449123174467	0.031807047867936	0.0010116882940731	0.0007260282997948	-0.0005113486330598	0.0001139758389178	1.2990491857016298e-08	2.61477424532126e-07	0.0008389830767216	9.704971689998565e-08	9.418647550367361e-15	7.038926030252421e-07	0.0020222174148367	5.795400596039996e-05	3.358666806858074e-09	4.089363272868825e-06
828.2037332220715	-3.1149338796544725	685921.4237229761	9.702813074619264	1208.2622885286532	0.4703562863960542	0.2212350361522869	1459897.7578804984	860.7450991543857	-2.0550197857641024	4.223106319881937	740882.1257182932	899.7322578406289	721.6267681935387	1.146261	25.939339	0.0629072921871581	0.0386138056689676	0.0161340155	0.0045359198	-0.0482486379	0.0092007801	-0.0679164073	-0.0200167066	-0.0786746284	-0.0555909362	0.0994564856	0.1216012496	-0.0744500918	-0.0328412873	-0.2283003844	-0.1603983098	-0.0650112597	0.0059774642	0.279437525	0.1643695188	-0.2146762212	-0.0532465606	0.07674991	0.0160691819	0.1310354496	0.0253593591	-0.1520023469	0.0361577983	-0.0728516255	-0.0474745365	0.1414991927	-0.0806677371	-0.1656031762	-0.0177778525	-0.0598463762	0.0716823152	-0.0805633427	-0.0717204403	-0.0548254945	-0.1918988388	0.0289611597	-0.1015157659	0.0240566911	-0.0066906953	-0.1112443898	-0.0599351493	0.0442754352	-0.0049386557	0.0342435391	0.2085772196	0.1569243556	0.020378359	0.0398016623	-0.051013089	-0.00216475	0.0708043063	-0.0861333405	0.0993532158	-0.1225265389	-0.063667442	0.0362747959	-0.0158865673	0.0519424324	0.0117648713	-0.0539076923	0.0978786048	-0.0372311401	0.1456748245	0.0508127363	0.0170871697	-0.234454858	-0.1801268527	-0.024861765	0.0756674666	-0.0657234414	-0.1011844649	0.1276024571	0.003443973	0.0929608737	0.1042910858	0.0081336941	-0.1957079383	0.0961443251	0.0790781008	-0.0601610165	0.0668518915	-0.0229950598	0.018095508	0.0207555338	0.0206543108	0.0317815903	-0.0639400769	-0.1036719774	0.1087236499	-0.0362523474	-0.0256267422	-0.1282183484	0.0746810504	0.1543905683	0.0717966769	0.0445680203	0.0112209728	-0.0117680386	0.084611379	-0.0031812318	0.0421904437	0.0317295178	0.0683468521	0.0091248947	0.1084246564	-0.0058328919	0.0190938605	0.3133812139	0.029081145	-0.0531321484	0.0176098287	0.130125634	0.2071573483	0.0422965045	-0.0558527245	0.0862331846	-0.0499195597	-0.0247857162	-0.0689296157	-0.0252085316	-0.1282045865	0.1255324169	-0.1211199807	0.1150284477	0.029266111531129	3.5133811564998924e-05	1.234384715084852e-09	0.0008565052841524	0.118069556773193	-0.0169845447538392	0.0002884747604951	0.0139404202366182	-0.0267157296305029	0.0002291826869437	5.2524703994779094e-08	0.0007137302096901	0.0001084210687546	0.0006197697018144	3.841144832871104e-07	1.1755128149889702e-08	0.001090109483524	0.0002511264068024	6.306447219348454e-08	1.188338686068962e-06	0.0019799449047573	-4.227251007940004e-05	1.786965108412978e-09	3.920181825874394e-06
827.7831221983682	-0.420611023703259	685224.8973964787	0.1769136332607034	1208.0885748797298	-0.1737136489234672	0.0301764318223056	1459478.0047549366	860.278166518381	-0.4669326360046852	0.2180260865662839	740078.5237882272	899.4222074256663	729.8832408248154	1.003084	22.69931	0.0857245973908082	0.0508334877033147	0.082670522	-0.0542675146	0.0682276934	0.0201531972	0.1145673337	-0.0058977266	0.031548313	-0.013129857	0.080164172	0.0384648568	-0.0852898573	-0.0939586433	0.0983598562	-0.0209451714	-0.1799159541	0.1972597449	0.0090801083	-0.0257575829	-0.0046947421	-0.0071970836	0.1048448304	-0.157943773	0.06217767	0.0419006015	0.0542438983	-0.0604348286	-0.0562765576	0.0587903566	0.1231589498	-0.1412568858	-0.0300757202	0.0710677647	0.016844776	0.0184226086	-0.0806514991	0.0349687849	-0.026798991	0.1431412175	0.0136210754	0.0450558961	-0.0279796028	-0.0487512578	0.1340556757	0.0272303985	-0.1022664095	0.0672959594	-0.080685542	0.0385943735	-0.0365853036	-0.1241675849	-0.0891516696	0.1419577332	0.2233302675	-0.0332423897	0.0341954257	-0.0277755522	0.0613276563	0.1042042572	-0.1766569575	0.0450667557	-0.0294187373	0.0265418352	-0.075763409	-0.0462214923	-0.1293450492	-0.0151724644	0.0728655721	-0.1597868759	-0.0792674046	0.0320696643	0.0251316284	-0.1187403796	-0.1493854306	-0.1077565658	-0.0275697812	0.0049045664	-0.0535051234	-0.0870621786	0.096361665	0.0249400414	0.0210052105	0.0733673023	-0.0067284113	-0.1136218987	-0.0294151203	-0.1499048133	0.0346413241	-0.0309821114	-0.1238287936	-0.0959563368	0.0692952953	0.0519459802	-0.0308934225	-0.0384694471	0.0367068858	-0.1251458034	-0.0227806423	-0.0975122542	-0.1792021897	-0.0559320596	-0.0177827084	0.0343699103	0.0097784012	-0.0357057041	-0.1281482889	-0.0960921487	-0.0108228903	-0.0255063268	0.01023333	-0.0810402273	0.0728799537	0.1154634079	-0.0897886548	-0.0371173969	-0.1594963211	0.0853796913	0.0399439155	0.0386211168	-0.0923991738	-0.150217424	-0.071705312	0.1471730138	0.1689134907	-0.1285578634	0.1269376627	-0.1242524367	0.1205247148	0.0243290933788955	-0.0049370181522334	2.4374148235483063e-05	0.000591904784639	0.1391983185732215	0.0211287618000285	0.0004464245752023	0.019376171893612	0.0134986693281433	0.0402143989586462	0.0016171978836051	0.0001822140736305	-0.0001950083193571	-0.0003034293881117	9.206939356984069e-08	3.80282446184807e-08	0.0010138089574545	-7.63005260695001e-05	5.821770278482463e-09	1.02780860221498e-06	0.0019891033601741	9.158455416800187e-06	8.38773056215167e-11	3.956532177455896e-06
827.1534432566485	-0.6296789417197033	684182.8186913297	0.3964955696452455	1205.75610105453	-2.332473825199713	5.440434145241783	1453847.775230222	859.6794291258801	-0.5987373925008797	0.3584864651787524	739048.7208621991	898.3461144721426	712.6027153099506	0.961066	21.748466	0.0931829076238625	0.0515869294451857	0.0607075561	-0.0698020758	-0.1187687482	0.0188049256	0.0073453906	0.0248623386	-0.0406370343	-0.028940589	0.0915658865	-0.0219258421	-0.0696147465	-0.0193687278	-0.0247600454	-0.0438308062	-0.1111867466	-0.0111117078	0.0391767793	-0.1297607971	-0.1397199971	-0.1128764112	0.0702146316	-0.1571457632	0.0972393222	-0.0397561941	0.0449011365	-0.0929560543	-0.1046145292	0.0426762998	-0.0011664168	-0.0120868071	0.031497203	-0.0924060016	0.0299810819	0.000225702	-0.2044720959	-0.10576127	-0.1415940149	0.0421176643	-0.1301582793	-0.0494644291	0.1213462124	-0.0346160898	0.0831385062	-0.0242717318	-0.1295815063	0.0557803734	0.0151116985	0.0798772992	0.0708607473	-0.0932846975	-0.0316547898	0.0800221001	-0.0498738218	0.0224616465	-0.0451494325	-0.1554097683	0.1006542322	0.0555920011	0.0321798842	-0.007298731	0.0210119908	0.0198238816	0.0278037267	-0.0249853847	-0.0280186264	0.0390940222	0.1652707812	-0.1576756551	-0.1289333175	0.0672609685	-0.0108335179	-0.1132193842	-0.2485835323	-0.0166412141	0.1383287273	0.0528257573	0.0912063323	-0.0010692604	-0.0847777646	-0.0570984394	-0.0996809295	0.2030632903	-0.0713668379	-0.0438225378	0.0308985789	0.1151759173	0.0269927055	0.1194849971	0.0428699052	-0.0005180208	-0.0209118767	-0.0331834802	0.0419432503	-0.018379049	0.1088026482	-0.1186941159	0.0013710289	-0.0490980977	0.0114746703	-0.0190713377	0.0319996899	0.0716815623	0.046934368	-0.0182830535	0.0108886134	-0.0169556284	0.0510239628	0.1891505167	-0.0170270851	-0.0720961128	0.2399690394	0.0709077411	-0.1187575404	0.029954855	0.0164660018	0.0511831556	-0.0676979316	-0.0002855923	0.059327113	0.0108059302	-0.0442351545	0.0421824847	0.1224527297	-0.1288230331	0.1279949812	-0.1266188352	0.124700488	0.0148896513467349	-0.0094394420321606	8.910306587852027e-05	0.0002217017172273	0.118188637008032	-0.0210096815651895	0.0004414067194706	0.0139685539178163	-0.0048873818710291	-0.0183860511991724	0.0003380468786985	2.3886501553263908e-05	0.0005640691876876	0.0007590775070447	5.761986617011965e-07	3.181740484985489e-07	0.0009205715635591	-9.323739389539994e-05	8.693211620405962e-09	8.474520036336461e-07	0.0020237431157808	3.4639755606699976e-05	1.1999126684919022e-09	4.09553619867018e-06
825.896774676895	-1.2566685797535229	682105.4824216979	1.5792159193397362	1204.9415224136844	-0.8145786408456388	0.6635383621219282	1451884.0724366077	860.1992440506403	0.519814924760226	0.2702075560034793	739942.7394652931	899.2166991308471	720.7096091958961	0.982493	22.233343	0.0245221269073132	0.0152466641077723	0.0913538664	-0.1174133213	0.0659849219	0.081701341	0.0504619778	0.1471061197	0.0905639764	0.0109763255	0.1080854635	-0.0818095314	0.0285450541	-0.0385155253	-0.0440087895	-0.0466484798	-0.1575875167	0.1411389558	-0.0891544718	0.081632785	0.0712301662	0.0984239531	-0.0918902504	0.007103559	0.0298071925	0.1103929368	-0.022169928	-0.0191138126	0.0667131272	-0.0204168175	0.0712695733	-0.0133572099	0.0196025607	0.0215203421	0.049581546	0.0925738206	0.0459837775	0.0267183083	-0.1161977159	0.0125494088	-0.0004349311	-0.1459758323	0.1426441685	-0.0153205957	0.0386085839	-0.1184633935	-0.1924618863	0.0451087248	-0.0193024873	0.0522004579	-0.2760191999	-0.0635103704	-0.1150272246	-0.076320756	-0.0062714447	0.0458370438	0.0782692348	0.0552931089	-0.0066408549	0.0822635506	0.1380259234	0.0620384899	-0.1180528591	-0.0788228455	-0.0099309301	0.0463781958	-0.0710972174	0.0790469451	0.019510301	-0.0068378461	-0.0534935776	-0.0841222058	-0.1081872335	-0.0520414597	-0.0589328574	-0.0349936109	-0.1704533204	-0.0399647779	0.0725175503	-0.1323329841	0.0839461275	0.0284053781	-0.2175294704	-0.089695727	-0.0960371787	-0.0004228332	-0.1641989169	0.155447177	-0.1025873149	0.0593862145	0.0898959484	-0.0367329312	-0.0597548274	-0.0310681953	0.1885688486	-0.024369824	-0.0927131236	-0.0424093392	0.0853404843	-0.0079275883	-0.148666725	-0.0357587319	-0.0045426636	-0.0947637145	-0.0058075054	-0.0551748929	-0.0762724462	-0.1152073806	0.0131963897	0.1158454005	0.1767507872	-0.1479645125	0.1308759342	0.2216713152	-0.1259799518	-0.1109922985	-0.0347537278	0.0372345632	-0.091732756	-0.1846550518	0.0135318094	-0.1612134687	-0.0049627112	0.0264421171	0.0562502692	-0.1289999139	0.1287014744	-0.1282045865	0.1275100165	0.0290537597558824	0.0141641084091475	0.000200621967026	0.0008441209559525	0.1180943603152968	-9.427669273520678e-05	8.88809479308859e-09	0.0139462779382791	-0.0048505341480336	3.684772299549985e-05	1.3577546899530883e-09	2.3527681521240043e-05	0.0005640265150272	-4.267266040004769e-08	1.8209559456177986e-15	3.181259096537282e-07	0.0010170399159896	9.646835243050008e-05	9.306143020655171e-09	1.0343701907161328e-06	0.001915716259223	-0.0001080268565577	1.1669801737759486e-08	3.669968785851365e-06
826.8086151211749	0.9118404442798465	683612.4860385951	0.8314529958244677	1204.4190211142263	-0.5225012994580993	0.2730076079354023	1450625.1784217511	860.8025380311748	0.6032939805344313	0.3639636269490787	740981.0094809121	899.6040310988071	707.0445249656931	1.070372	24.222008	0.0698802108749561	0.0332726335276541	-0.0185808468	-0.1125268741	-0.1819521552	0.0715214947	0.0317620878	0.0085639963	-0.1196277644	0.0318905643	-0.0282827985	-0.045603863	-0.0599510633	-0.1096079428	-0.0459399827	-0.1053873815	-0.0224155309	-0.012370699	-0.1537141543	-0.1613895011	0.0270768254	-0.1018694651	-0.0335170004	-0.1110560467	-0.0238771981	-0.0091733776	0.0037342556	-0.0461669038	-0.0226136959	-0.0116353271	0.059091727	0.0239760247	-0.0048129189	0.0031891909	0.0317743179	0.0043702549	0.0859997476	0.025404496	0.0853639682	0.1035436417	0.0624942908	0.0439244035	-0.130544855	-0.0223505765	-0.0741806302	-0.0800874668	-0.051916407	0.0636892792	-0.0104851137	0.0540699761	-0.0869609569	0.0185955394	0.0868448983	-0.1271286128	-0.055952271	-0.1061200118	0.0729759828	-0.0416910956	0.0310020225	0.004835215	0.1216989821	0.0539329016	0.1251476427	0.0456795587	0.0808481127	-0.0476544877	-0.0722593234	0.0175680244	-0.0508812782	-0.0238645938	-0.0813056081	0.0496211386	0.0130866267	0.0073805401	0.0272229271	0.0763445915	-0.0165065575	-0.0039257646	-0.0141989929	-0.0289020231	-0.0316632887	0.0073463352	-0.0213603165	-0.0219868384	0.1154768781	-0.0899187462	-0.0807722675	-0.0594566429	0.0570268409	0.0600622735	0.101859448	-0.049399594	0.0028968985	-0.0121295792	-0.0066886175	0.1218216201	0.2095779911	0.2353027513	-0.1083032241	0.0845541934	-0.1360945376	0.0688139404	0.0549031122	0.1151709818	0.083686355	0.017377524	-0.0543115676	-0.0530113817	0.0826009037	0.0841711515	-0.0686157217	-0.1505621515	0.1531331106	0.1541826265	-0.015305398	-0.0672572783	-0.0222166102	-0.0684463613	0.0616319076	0.0058410949	0.0520792576	0.0260698818	0.1408282346	0.0180509384	-0.002663668	-0.1290883846	0.1290552057	-0.1289999139	0.1289225186	0.0203790180506899	-0.0086747417051925	7.525114365180611e-05	0.0004153043767103	0.1321333281067183	0.0140389677914214	0.0001970926166485	0.0174592163965576	-0.0310304457748458	-0.0261799116268122	0.0006853877727876	0.0009628885649856	0.0004867857193002	-7.724079572699993e-05	5.9661405245401314e-09	2.3696033651461315e-07	0.0011360213841467	0.000118981468157	1.4156589764818972e-08	1.290544585238584e-06	0.0021392257903695	0.0002235095311465	4.9956510513328275e-08	4.576286982182012e-06
