#!ascii label  , from subject sub-v1s6x0051607_ses-1 vox2ras=TkReg
5437
158  17.370  -90.918  17.110 0.8000000119
52  17.365  -91.050  15.505 0.8999999762
531  13.719  -88.920  20.518 0.6000000238
784  14.490  -88.754  20.096 0.5000000000
143400  14.592  -89.408  20.081 0.8000000119
325  16.349  -90.088  17.791 0.8999999762
152  16.539  -90.087  18.188 0.8000000119
40  18.087  -91.101  17.105 0.8000000119
43  17.917  -91.360  16.576 0.8999999762
44  17.312  -91.093  16.329 0.8999999762
143297  12.837  -89.044  20.432 0.8000000119
123917  13.389  -89.124  20.334 0.6999999881
316  14.369  -89.427  19.718 0.8999999762
321  14.977  -89.471  19.433 0.8999999762
326  15.948  -89.823  18.425 0.8999999762
550  15.657  -89.456  17.813 0.8999999762
555  16.072  -88.543  17.070 0.8999999762
127976  16.932  -90.706  16.551 0.8000000119
154  18.378  -90.647  17.323 0.8000000119
163  20.931  -91.160  15.670 0.6999999881
48  20.745  -91.522  15.510 0.8000000119
56  21.803  -91.651  15.039 0.6999999881
0  20.896  -91.972  15.118 0.8000000119
63  21.376  -91.495  14.025 0.8000000119
791  12.704  -88.266  19.083 0.8000000119
756  11.140  -87.168  23.590 0.8000000119
547  13.618  -89.087  19.222 0.8999999762
1104  13.831  -86.238  17.088 0.8999999762
546  14.454  -89.408  18.739 0.8999999762
337  15.947  -88.509  16.268 0.8999999762
556  15.600  -87.722  16.929 0.8999999762
59  17.195  -90.518  14.776 0.8999999762
331  16.341  -89.286  16.554 0.8999999762
164  16.985  -90.639  15.671 0.8999999762
72  18.288  -90.760  12.743 0.8999999762
144529  18.668  -91.160  12.799 0.8999999762
71  18.428  -91.156  13.452 0.8999999762
57  18.381  -91.642  15.058 0.8999999762
51  17.794  -91.484  15.783 0.8999999762
4  19.767  -92.012  14.486 0.8999999762
1  19.977  -91.811  15.434 0.8999999762
70  19.425  -91.326  12.504 0.8999999762
10  19.908  -91.823  13.792 0.8999999762
6  21.267  -91.816  14.619 0.8999999762
125148  20.364  -91.026  12.835 0.8999999762
181  20.946  -89.952  12.788 0.8999999762
174  21.264  -90.754  13.387 0.8999999762
588  22.368  -88.193  11.671 0.8999999762
203  22.794  -91.382  10.218 0.8999999762
141404  22.920  -89.850  10.768 0.8999999762
369  22.776  -88.656  10.677 1.0000000000
93  22.478  -91.572  9.023 1.0000000000
800  12.667  -87.377  18.216 0.8999999762
799  13.624  -87.613  17.748 0.8999999762
798  14.632  -87.694  17.446 0.8999999762
807  13.330  -86.570  16.283 0.8999999762
1096  14.295  -86.649  17.166 0.8999999762
562  13.801  -87.272  15.656 0.8999999762
806  14.371  -86.544  16.948 0.8999999762
551  14.827  -89.081  18.017 0.8999999762
131588  14.454  -88.013  15.327 0.8999999762
805  14.990  -87.082  17.076 0.8999999762
3652  8.758  -80.766  20.061 0.8999999762
141614  15.103  -88.107  15.967 0.8999999762
129752  7.509  -80.599  19.901 0.8999999762
347  15.163  -88.613  13.573 1.0000000000
121231  15.031  -88.748  15.167 0.8999999762
176  16.666  -89.672  13.621 0.8999999762
343  15.369  -89.044  14.400 0.8999999762
165  16.651  -89.982  15.009 0.8999999762
182  17.262  -89.832  12.899 0.8999999762
175  17.249  -90.134  13.857 0.8999999762
65  17.688  -90.673  14.134 0.8999999762
124134  17.749  -90.382  13.290 0.8999999762
188  19.400  -91.072  11.178 0.8999999762
79  19.150  -91.156  11.715 0.8999999762
361  20.326  -89.860  11.778 0.8999999762
370  19.883  -90.125  10.541 0.8999999762
590  20.664  -88.808  11.377 0.8999999762
581  21.575  -88.506  12.050 0.8999999762
589  21.977  -88.059  11.796 0.8999999762
22  22.892  -91.918  9.411 0.8999999762
24  23.163  -91.989  8.793 0.8999999762
95  22.575  -91.727  8.897 1.0000000000
212  22.505  -90.138  9.629 1.0000000000
603  22.560  -88.617  9.520 1.0000000000
25  22.594  -91.727  8.473 1.0000000000
213  22.111  -90.877  8.410 1.0000000000
385  22.282  -89.462  8.602 1.0000000000
98  22.113  -90.864  7.443 1.0000000000
221  21.984  -90.919  7.687 1.0000000000
101  22.161  -90.496  6.847 1.0000000000
792  12.013  -87.317  18.766 0.8000000119
1053  10.144  -85.923  22.571 0.8000000119
1089  11.531  -86.580  18.602 0.8000000119
119742  11.835  -85.981  17.414 0.8999999762
1071  10.282  -85.984  20.831 0.8000000119
136905  12.430  -86.533  17.623 0.8999999762
121683  11.933  -86.040  16.329 1.0000000000
1105  12.855  -85.973  17.016 0.8999999762
1112  12.335  -86.289  15.363 0.8999999762
3164  9.473  -81.588  18.857 0.8000000119
823  13.396  -87.182  14.583 1.0000000000
3661  9.347  -81.219  19.657 0.8000000119
132065  6.868  -81.080  17.914 0.8999999762
3165  7.866  -81.341  18.265 0.8999999762
570  14.573  -88.329  14.322 1.0000000000
3663  6.814  -81.000  18.664 0.8999999762
3664  6.812  -80.576  19.471 1.0000000000
346  15.893  -89.259  13.565 1.0000000000
190  17.294  -89.006  12.112 1.0000000000
141828  17.197  -89.432  12.485 1.0000000000
73  17.910  -90.166  12.379 0.8999999762
197  18.554  -90.141  9.848 0.8999999762
89  18.255  -90.200  10.762 0.8999999762
87  19.042  -91.136  10.650 0.8999999762
378  19.425  -90.407  9.231 0.8999999762
204  19.019  -90.971  9.203 0.8999999762
143963  19.626  -89.353  9.013 0.8999999762
371  19.994  -88.980  10.106 0.8999999762
142177  20.265  -88.175  10.080 1.0000000000
855  20.625  -88.018  10.703 0.8999999762
843  21.426  -87.776  11.399 0.8999999762
866  20.454  -87.466  10.067 1.0000000000
1155  21.165  -86.648  10.450 1.0000000000
124133  22.419  -87.445  10.997 0.8999999762
26  23.831  -92.030  7.128 1.0000000000
144588  23.663  -92.205  8.054 1.0000000000
853  22.076  -86.651  10.708 1.0000000000
865  22.432  -86.900  10.226 1.0000000000
30  24.012  -91.676  6.481 1.0000000000
27  23.242  -92.048  7.431 1.0000000000
137754  22.603  -87.754  10.212 1.0000000000
103  23.512  -91.238  5.659 0.8999999762
32  22.900  -91.777  6.842 1.0000000000
37  22.611  -91.395  6.227 1.0000000000
386  21.968  -90.005  7.676 1.0000000000
610  22.467  -88.164  8.601 1.0000000000
104  22.879  -91.093  5.554 1.0000000000
143495  22.285  -90.849  6.772 1.0000000000
227  21.785  -90.095  6.951 1.0000000000
34  22.219  -90.620  6.299 0.8999999762
105  21.844  -89.994  6.185 0.8999999762
403  21.308  -89.720  6.142 0.8999999762
1079  10.262  -85.923  19.851 0.8000000119
1106  11.356  -85.548  16.933 0.8999999762
1091  10.214  -85.666  18.976 0.8999999762
1477  11.309  -85.514  15.121 1.0000000000
1113  11.725  -85.950  15.447 1.0000000000
1454  9.869  -85.036  18.221 0.8999999762
1815  9.148  -84.612  19.338 0.8000000119
1827  9.169  -84.562  18.311 0.8000000119
129848  8.891  -83.926  19.411 0.6999999881
2245  8.886  -83.828  18.046 0.8000000119
2701  9.725  -82.810  19.354 0.6999999881
3140  9.617  -81.405  21.387 0.6000000238
2711  9.176  -82.715  18.038 0.6999999881
2700  9.919  -82.407  18.692 0.8000000119
3641  9.804  -80.468  21.570 0.6999999881
824  12.825  -86.511  14.594 1.0000000000
3642  9.261  -80.515  20.835 0.8000000119
4143  9.543  -79.864  21.589 0.6999999881
140617  7.220  -81.109  16.606 1.0000000000
3190  8.221  -81.755  16.966 0.8999999762
3178  8.783  -81.815  17.962 0.8999999762
4144  8.329  -79.997  21.213 0.8000000119
829  13.378  -86.816  13.951 1.0000000000
577  13.959  -87.544  13.827 1.0000000000
4133  7.151  -79.608  21.998 0.8999999762
576  14.652  -87.972  13.530 1.0000000000
3673  6.631  -80.666  18.065 1.0000000000
582  15.990  -88.221  12.306 1.0000000000
355  15.812  -88.786  12.815 1.0000000000
4170  6.386  -79.927  18.299 1.0000000000
128186  16.536  -88.741  12.407 1.0000000000
90  17.913  -89.456  11.176 1.0000000000
214  18.984  -90.472  8.854 1.0000000000
205  18.863  -90.782  9.433 0.8999999762
612  18.740  -88.972  7.926 1.0000000000
611  19.280  -88.671  8.463 1.0000000000
867  19.890  -87.556  8.960 1.0000000000
225  25.266  -91.051  6.315 0.6999999881
1174  19.655  -86.433  8.618 1.0000000000
1536  20.497  -85.358  9.376 1.0000000000
1154  21.770  -86.243  10.433 1.0000000000
1534  21.531  -84.854  9.489 1.0000000000
1153  22.049  -85.984  10.221 1.0000000000
131486  22.609  -86.512  9.420 1.0000000000
131043  24.341  -91.305  5.891 0.6999999881
1545  21.806  -84.884  8.602 1.0000000000
1182  22.413  -86.234  8.088 1.0000000000
874  22.567  -87.030  8.533 1.0000000000
406  26.750  -90.342  5.575 0.6000000238
106  24.877  -90.649  5.355 0.8000000119
1183  21.875  -86.347  7.322 0.8999999762
881  22.157  -87.096  7.633 1.0000000000
621  21.886  -88.054  7.265 0.8999999762
235  24.372  -90.153  4.651 0.8999999762
107  23.983  -90.556  5.228 0.8999999762
396  21.679  -89.172  7.028 1.0000000000
414  24.950  -89.426  4.175 0.8999999762
112  23.558  -90.297  4.366 0.8999999762
109  22.668  -90.307  4.645 0.8999999762
407  21.183  -89.547  6.273 0.8999999762
894  25.863  -87.839  4.266 0.6999999881
637  24.908  -88.639  3.524 0.8000000119
110  22.066  -90.144  4.646 0.8999999762
119574  21.481  -89.621  5.205 0.8999999762
1453  10.566  -85.508  18.167 0.8999999762
1114  11.235  -85.617  16.014 1.0000000000
1107  10.726  -85.255  16.628 0.8999999762
1462  10.177  -85.019  17.304 1.0000000000
1478  10.545  -85.182  15.596 1.0000000000
130862  10.170  -85.008  16.374 1.0000000000
1470  9.682  -84.587  16.716 1.0000000000
1489  10.796  -85.082  14.674 1.0000000000
2224  8.766  -83.635  20.231 0.6999999881
132096  8.148  -82.764  21.642 0.5000000000
1501  12.154  -85.102  13.915 1.0000000000
137974  9.053  -84.382  16.926 1.0000000000
2688  9.282  -82.846  20.244 0.6999999881
134443  9.412  -82.270  20.895 0.6000000238
3127  9.685  -80.900  22.272 0.4000000060
1129  12.317  -85.618  14.202 1.0000000000
2254  8.816  -83.370  17.321 0.8999999762
2687  10.028  -82.129  19.912 0.6999999881
3152  9.849  -81.582  20.459 0.6000000238
2740  8.566  -82.279  14.808 0.8999999762
2729  8.388  -82.099  16.274 0.8999999762
2720  8.736  -82.498  17.141 0.8999999762
3651  9.608  -81.142  20.261 0.6999999881
1141  13.668  -86.366  13.800 1.0000000000
2719  8.947  -82.131  17.799 0.8000000119
4132  8.829  -79.481  21.897 0.8000000119
4198  6.981  -80.557  16.583 1.0000000000
3653  6.741  -80.271  20.264 0.8999999762
836  14.035  -87.022  13.525 1.0000000000
3681  6.758  -80.883  17.283 1.0000000000
4674  5.902  -78.704  21.799 1.0000000000
4134  6.275  -79.238  22.269 1.0000000000
848  14.881  -86.818  12.979 1.0000000000
4182  6.613  -80.223  17.397 1.0000000000
3654  6.291  -80.057  19.848 1.0000000000
5233  6.105  -78.045  23.488 1.0000000000
583  15.167  -87.960  12.787 1.0000000000
363  17.035  -88.307  11.995 1.0000000000
4704  6.194  -79.655  19.235 1.0000000000
4691  5.962  -79.272  20.236 1.0000000000
362  17.734  -88.739  11.148 1.0000000000
144191  18.267  -89.591  10.189 1.0000000000
207  18.297  -89.318  9.425 1.0000000000
397  18.348  -88.517  8.108 1.0000000000
388  18.490  -89.141  8.642 1.0000000000
4837  6.654  -77.811  8.320 0.8999999762
5378  6.471  -77.261  7.630 0.8999999762
5903  6.226  -76.436  7.970 0.8000000119
5880  6.130  -76.090  9.974 0.8999999762
6449  5.989  -75.435  9.428 0.8999999762
123781  6.954  -78.993  7.627 0.8999999762
7024  5.954  -74.610  9.797 0.8000000119
6438  6.155  -75.256  10.271 0.8999999762
623  18.094  -88.429  7.598 1.0000000000
622  18.525  -88.464  7.800 1.0000000000
4847  6.776  -78.143  7.384 0.8999999762
5917  6.299  -76.622  6.668 0.6999999881
136636  6.081  -74.612  8.861 0.6999999881
1184  18.812  -87.091  7.696 1.0000000000
5389  6.566  -77.403  6.490 0.8999999762
6490  6.294  -75.973  5.971 0.6000000238
5413  7.609  -78.544  5.383 0.6000000238
5401  6.876  -77.529  5.918 0.5000000000
1904  20.484  -84.140  9.259 1.0000000000
2331  20.355  -83.775  9.038 1.0000000000
1553  22.016  -85.506  7.898 0.8999999762
891  21.014  -87.396  6.167 0.8999999762
631  20.864  -89.020  5.873 0.8999999762
415  24.232  -89.431  3.493 0.8000000119
238  23.847  -90.128  3.911 0.8999999762
113  22.437  -90.434  3.670 0.8999999762
123757  20.784  -89.909  4.269 0.8999999762
408  20.999  -89.481  5.523 0.8999999762
900  25.490  -87.977  3.620 0.8000000119
641  25.210  -88.297  2.925 0.8000000119
241  23.572  -89.884  3.271 0.8999999762
1876  11.762  -84.247  13.673 1.0000000000
1490  10.108  -84.766  14.816 1.0000000000
1479  9.819  -84.602  15.714 1.0000000000
1877  10.595  -83.960  13.758 1.0000000000
2295  11.148  -83.466  13.652 1.0000000000
1863  9.937  -84.137  14.205 1.0000000000
2283  11.662  -83.083  13.720 1.0000000000
2296  10.219  -83.200  13.670 1.0000000000
2284  9.337  -83.530  14.395 1.0000000000
1850  9.238  -83.919  15.320 1.0000000000
2764  10.020  -82.631  13.753 1.0000000000
128236  8.527  -82.539  15.635 0.8999999762
1514  12.918  -85.257  13.900 1.0000000000
3695  8.569  -80.358  15.624 1.0000000000
3709  8.427  -81.051  15.204 1.0000000000
1513  14.321  -85.789  13.553 1.0000000000
4197  7.829  -79.986  16.069 1.0000000000
140657  7.861  -81.390  16.148 1.0000000000
5788  6.186  -77.086  21.448 1.0000000000
134823  14.213  -86.964  13.491 1.0000000000
4181  7.445  -79.599  16.903 1.0000000000
5258  6.123  -77.670  20.876 1.0000000000
4681  5.870  -78.544  20.971 1.0000000000
5244  5.873  -77.791  22.526 1.0000000000
4720  7.087  -79.247  17.743 1.0000000000
4703  6.691  -78.955  18.562 1.0000000000
5267  6.158  -78.242  20.180 1.0000000000
592  16.429  -87.733  11.968 1.0000000000
372  17.868  -88.450  9.961 1.0000000000
379  17.853  -88.689  9.099 1.0000000000
4836  6.876  -78.598  8.374 0.8999999762
4825  6.668  -78.030  9.207 0.8999999762
142258  6.467  -77.415  9.456 0.8999999762
5370  6.258  -77.180  8.818 0.8999999762
389  17.475  -88.403  8.511 1.0000000000
614  17.191  -88.269  8.169 1.0000000000
4300  7.482  -79.494  7.256 0.8999999762
7007  6.123  -74.495  10.562 0.8999999762
7598  6.009  -73.881  11.656 0.8999999762
6992  6.120  -73.865  12.410 0.8000000119
883  17.760  -87.939  7.393 1.0000000000
875  19.116  -87.757  8.021 1.0000000000
142275  7.709  -79.626  6.646 0.8999999762
135607  6.989  -78.827  6.773 0.8999999762
7628  6.086  -73.689  9.171 0.6000000238
7000  5.999  -73.860  10.934 0.8000000119
4329  8.367  -79.375  5.385 0.8999999762
4859  7.178  -78.561  5.936 0.8000000119
1546  19.703  -84.833  8.774 1.0000000000
4874  7.644  -79.104  5.627 0.8000000119
5400  7.444  -77.981  5.587 0.4000000060
4873  8.091  -78.798  4.903 0.6999999881
5399  7.825  -77.428  5.573 0.4000000060
128010  20.647  -84.021  8.242 1.0000000000
5427  8.033  -78.193  4.269 0.5000000000
1561  21.300  -85.613  7.142 1.0000000000
1200  20.534  -86.760  5.951 1.0000000000
1192  21.256  -86.554  6.595 0.8999999762
632  20.647  -88.930  5.173 0.8999999762
635  20.154  -88.734  4.431 1.0000000000
243  22.398  -90.305  2.747 0.8999999762
116  21.694  -90.450  3.214 0.8999999762
121657  20.966  -89.412  4.846 0.8999999762
1197  29.903  -86.099  5.564 0.6000000238
1205  27.575  -86.688  4.534 0.6999999881
898  26.907  -87.387  3.080 0.6999999881
638  24.557  -88.883  2.895 0.8000000119
417  23.932  -89.563  2.539 0.8999999762
240  20.732  -90.201  3.598 0.8999999762
236  19.993  -89.700  3.387 1.0000000000
904  25.941  -87.789  2.919 0.6999999881
642  24.566  -89.223  2.108 0.8999999762
418  23.486  -89.764  1.547 0.8999999762
244  21.587  -90.257  2.429 0.8999999762
245  20.641  -90.165  2.860 0.8999999762
2749  11.364  -82.501  14.284 1.0000000000
3226  11.218  -81.856  14.899 1.0000000000
2750  10.464  -82.182  13.989 1.0000000000
128414  9.096  -79.012  22.454 0.8000000119
3227  10.143  -81.474  14.658 1.0000000000
135750  9.128  -81.638  14.246 1.0000000000
3694  9.794  -80.112  15.693 1.0000000000
3708  9.159  -81.083  14.764 1.0000000000
6323  7.364  -75.737  21.643 1.0000000000
6307  6.889  -75.453  22.359 1.0000000000
6324  6.351  -76.341  22.017 1.0000000000
1499  14.112  -85.276  13.573 1.0000000000
4196  9.282  -79.593  16.124 1.0000000000
4180  8.787  -79.113  16.758 1.0000000000
5787  6.988  -76.446  21.240 1.0000000000
5800  8.543  -76.470  20.387 1.0000000000
5802  6.662  -77.012  20.871 1.0000000000
847  15.413  -87.121  11.986 1.0000000000
5256  7.957  -76.975  19.889 1.0000000000
5257  6.922  -77.344  20.292 1.0000000000
4689  7.525  -78.043  18.905 1.0000000000
373  17.573  -88.066  11.110 1.0000000000
598  17.643  -87.949  9.981 1.0000000000
4276  7.597  -79.697  9.367 0.8999999762
4815  6.896  -78.610  10.028 0.8999999762
119623  6.596  -76.664  10.506 0.8999999762
4287  8.009  -80.143  7.994 0.8999999762
124696  6.600  -75.803  10.781 0.8999999762
6430  6.542  -75.006  11.028 0.8999999762
3806  8.649  -80.336  7.910 1.0000000000
121832  7.403  -79.460  8.379 0.8999999762
6999  6.426  -74.688  11.974 0.8999999762
625  17.486  -88.161  7.875 1.0000000000
4299  8.293  -79.995  6.973 0.8999999762
1185  17.937  -86.993  7.182 1.0000000000
4315  9.039  -80.121  6.593 0.8999999762
7629  5.840  -73.037  9.880 0.5000000000
124490  5.792  -73.206  12.066 0.8000000119
1175  18.876  -85.856  7.940 1.0000000000
119633  8.654  -79.856  6.012 0.8999999762
127967  18.070  -85.515  7.472 1.0000000000
4327  10.039  -79.567  5.212 0.8999999762
4328  9.136  -79.545  5.237 0.8999999762
1555  18.760  -84.203  8.295 1.0000000000
4343  8.750  -79.329  4.441 0.6999999881
133944  8.382  -78.928  4.016 0.6999999881
2335  19.626  -83.715  8.643 1.0000000000
5442  8.429  -78.296  3.412 0.5000000000
1554  20.834  -84.768  7.433 1.0000000000
1193  20.760  -86.077  6.399 1.0000000000
121354  8.197  -77.499  3.796 0.4000000060
1196  31.119  -86.002  5.501 0.5000000000
1204  28.393  -86.366  4.758 0.6999999881
130232  19.960  -89.436  2.340 1.0000000000
636  19.651  -88.492  3.722 1.0000000000
1202  30.829  -86.292  4.578 0.5000000000
1203  29.659  -86.486  4.530 0.6000000238
142934  29.062  -86.721  4.126 0.6999999881
897  28.197  -87.394  2.893 0.6999999881
640  26.937  -88.293  1.973 0.6999999881
127357  25.853  -88.483  2.088 0.8000000119
421  22.705  -89.914  1.182 0.8999999762
249  21.479  -90.039  1.768 0.8999999762
423  20.429  -89.657  1.880 0.8999999762
3214  11.959  -81.977  15.941 1.0000000000
6884  7.666  -74.334  23.134 1.0000000000
2282  12.534  -83.357  13.929 1.0000000000
1875  12.677  -84.308  13.693 1.0000000000
3707  11.513  -80.824  16.476 1.0000000000
3215  11.149  -81.183  15.674 1.0000000000
6909  8.779  -74.791  21.936 1.0000000000
6891  7.350  -74.777  22.708 1.0000000000
1515  12.543  -84.801  13.783 1.0000000000
4207  10.828  -80.393  16.024 1.0000000000
6321  9.999  -75.465  20.984 1.0000000000
133402  9.333  -75.193  21.435 1.0000000000
6306  7.853  -75.099  22.121 1.0000000000
6301  6.269  -75.589  23.636 1.0000000000
6338  9.927  -76.055  20.442 1.0000000000
5786  8.015  -76.057  20.980 1.0000000000
1139  14.986  -86.483  13.020 1.0000000000
135157  9.319  -76.398  20.282 1.0000000000
5266  7.175  -77.723  19.584 1.0000000000
846  16.340  -87.537  11.933 1.0000000000
129585  17.132  -88.171  8.681 1.0000000000
597  17.297  -87.904  9.441 1.0000000000
3771  9.551  -80.926  9.301 1.0000000000
3772  8.903  -81.086  9.710 1.0000000000
3791  8.684  -80.568  8.805 1.0000000000
4814  7.140  -79.237  10.678 0.8999999762
5361  6.669  -77.587  10.132 0.8999999762
122824  6.818  -77.278  11.087 0.8999999762
5871  6.777  -76.439  11.319 0.8999999762
3790  9.309  -80.581  8.353 1.0000000000
868  17.010  -87.673  9.268 1.0000000000
142480  9.942  -80.561  8.748 1.0000000000
3804  10.071  -80.341  7.847 1.0000000000
120129  6.697  -75.610  11.601 0.8999999762
7577  6.313  -73.841  13.197 0.8999999762
884  17.496  -87.763  7.483 1.0000000000
3818  9.782  -80.145  6.805 1.0000000000
7578  6.107  -73.139  13.746 1.0000000000
3803  11.078  -80.417  7.761 1.0000000000
3817  10.684  -80.197  6.936 1.0000000000
8218  5.520  -72.539  11.680 0.6999999881
7586  5.948  -73.148  12.871 0.8000000119
125252  10.867  -79.600  5.623 0.8999999762
4314  10.342  -79.844  6.150 0.8999999762
4326  10.922  -79.343  4.900 0.8999999762
134767  17.762  -84.517  7.431 1.0000000000
4889  10.855  -78.843  4.081 0.8999999762
4341  10.109  -79.360  4.346 0.8999999762
4919  9.830  -77.919  2.704 0.6000000238
4909  9.350  -78.644  2.937 0.6000000238
4921  8.636  -77.766  2.789 0.6000000238
5941  8.221  -77.202  4.705 0.5000000000
1563  19.542  -84.946  6.294 1.0000000000
125353  18.895  -86.532  5.209 1.0000000000
5458  8.474  -76.865  2.771 0.6000000238
1201  19.632  -86.973  5.273 1.0000000000
137502  19.687  -87.778  4.547 1.0000000000
645  26.293  -88.607  1.169 0.8999999762
420  24.193  -89.374  0.867 0.8999999762
125708  23.295  -89.454  0.550 0.8999999762
134652  21.596  -89.423  0.729 0.8999999762
429  20.686  -89.233  1.320 0.8999999762
649  19.843  -88.863  2.128 0.8999999762
639  19.438  -88.410  3.187 1.0000000000
895  19.058  -87.679  3.723 1.0000000000
1207  30.522  -86.452  3.579 0.6999999881
1208  29.608  -86.930  3.530 0.6999999881
2739  12.617  -82.427  15.396 1.0000000000
2748  12.206  -82.737  14.515 1.0000000000
3706  12.592  -81.513  16.825 1.0000000000
6889  10.103  -74.415  22.116 1.0000000000
1862  13.763  -84.064  13.817 1.0000000000
4195  10.526  -79.746  16.415 1.0000000000
6908  10.106  -74.927  21.560 1.0000000000
1874  13.481  -84.503  13.745 1.0000000000
4717  10.693  -78.727  17.580 1.0000000000
4718  9.617  -78.629  17.498 1.0000000000
4179  10.079  -79.130  16.887 1.0000000000
6320  10.783  -75.189  21.198 1.0000000000
4701  9.183  -78.219  18.148 1.0000000000
6337  10.684  -75.790  20.675 1.0000000000
1511  15.272  -86.201  13.052 1.0000000000
1512  14.896  -85.950  13.214 1.0000000000
5279  8.771  -77.787  18.730 1.0000000000
4702  7.870  -78.303  18.155 1.0000000000
5798  10.569  -76.326  20.086 1.0000000000
1137  16.842  -86.834  12.572 1.0000000000
131792  15.742  -86.790  12.492 1.0000000000
1136  18.003  -86.674  12.448 1.0000000000
142053  16.722  -87.634  11.736 1.0000000000
5265  8.385  -77.418  19.304 1.0000000000
5255  9.074  -76.919  19.789 1.0000000000
845  17.218  -87.881  11.234 1.0000000000
3269  9.226  -81.153  10.455 1.0000000000
136582  8.552  -80.512  11.304 1.0000000000
4253  7.587  -79.710  11.214 1.0000000000
4803  7.236  -78.947  11.567 1.0000000000
5347  7.084  -77.880  11.840 1.0000000000
844  18.098  -87.043  10.807 1.0000000000
856  17.371  -87.761  10.274 1.0000000000
3279  9.759  -80.953  10.063 1.0000000000
4264  7.645  -80.019  10.303 1.0000000000
5360  6.882  -78.291  10.912 0.8999999762
5348  6.879  -77.025  11.750 0.8999999762
5860  6.746  -76.408  12.232 0.8999999762
1157  17.627  -87.042  10.066 1.0000000000
121128  6.553  -76.046  13.079 1.0000000000
144964  6.550  -75.305  13.055 1.0000000000
6985  6.516  -74.674  13.401 1.0000000000
3293  10.334  -80.739  9.350 1.0000000000
1176  16.332  -86.927  8.188 1.0000000000
869  16.849  -87.769  8.443 1.0000000000
3789  10.673  -80.538  8.607 1.0000000000
3292  11.153  -80.860  9.282 1.0000000000
7569  6.372  -73.254  14.678 1.0000000000
1186  17.240  -87.058  6.987 1.0000000000
3802  12.013  -80.411  7.817 1.0000000000
4298  11.605  -80.089  7.061 1.0000000000
8201  5.550  -72.510  12.502 0.8000000119
1187  16.762  -86.903  7.172 1.0000000000
125849  12.195  -79.504  6.546 1.0000000000
4325  11.806  -79.360  5.590 0.8999999762
4872  11.845  -79.031  4.642 0.8999999762
1910  19.104  -83.585  8.410 1.0000000000
4888  11.900  -78.611  3.990 0.8999999762
4907  11.369  -78.146  3.552 0.6999999881
1914  19.586  -83.550  7.989 1.0000000000
135325  9.565  -77.123  2.477 0.6000000238
2351  18.653  -83.280  7.340 1.0000000000
1922  19.115  -83.762  6.691 1.0000000000
1569  18.784  -85.712  5.474 1.0000000000
5981  9.069  -76.131  2.016 0.5000000000
1573  18.266  -86.322  4.594 1.0000000000
1579  18.368  -86.361  3.671 1.0000000000
648  20.179  -88.447  1.710 0.8999999762
1206  18.823  -87.048  4.519 1.0000000000
651  25.569  -88.794  0.521 0.8999999762
425  24.050  -89.049  0.038 0.8999999762
432  21.737  -88.867  0.181 0.8999999762
653  21.227  -88.499  0.477 0.8999999762
910  19.658  -88.325  2.292 1.0000000000
134551  18.939  -87.344  3.394 1.0000000000
135399  27.841  -87.760  2.179 0.6999999881
2738  13.564  -82.592  15.780 1.0000000000
3693  12.107  -80.951  17.167 1.0000000000
7502  12.391  -74.360  22.299 1.0000000000
7487  11.199  -74.069  22.751 1.0000000000
7474  9.375  -73.763  23.271 1.0000000000
7476  7.331  -73.964  23.713 1.0000000000
2747  13.086  -82.959  14.793 1.0000000000
4194  11.521  -80.219  16.976 1.0000000000
6888  10.774  -74.226  22.397 1.0000000000
143382  8.805  -73.993  22.860 1.0000000000
6885  6.647  -74.674  23.848 1.0000000000
2281  13.411  -83.573  14.202 1.0000000000
4716  11.705  -79.015  17.925 1.0000000000
4178  11.101  -79.369  17.147 1.0000000000
6905  12.831  -74.844  21.938 1.0000000000
6319  11.652  -74.990  21.519 1.0000000000
1861  14.525  -84.255  14.351 1.0000000000
5278  9.777  -77.767  18.684 1.0000000000
6318  12.499  -75.065  21.414 1.0000000000
1872  15.042  -84.844  14.151 1.0000000000
1498  14.752  -85.472  13.547 1.0000000000
5796  12.035  -75.868  20.596 1.0000000000
135756  16.885  -85.797  13.929 1.0000000000
5263  10.186  -77.394  19.174 1.0000000000
5797  11.312  -76.079  20.307 1.0000000000
142132  12.663  -76.157  20.300 1.0000000000
1509  17.403  -86.260  13.225 1.0000000000
1510  16.284  -86.271  13.230 1.0000000000
5810  10.430  -76.893  19.600 1.0000000000
5809  11.219  -76.679  19.764 1.0000000000
121493  12.018  -76.397  19.985 1.0000000000
3260  9.679  -80.767  10.946 1.0000000000
143833  7.909  -80.003  11.545 1.0000000000
4244  7.713  -79.631  12.078 1.0000000000
122200  7.491  -78.606  13.246 1.0000000000
1147  18.195  -86.873  11.595 1.0000000000
3278  10.822  -80.982  9.905 1.0000000000
5330  7.165  -77.919  12.792 1.0000000000
1526  17.639  -86.190  10.147 1.0000000000
1156  18.211  -86.521  10.702 1.0000000000
5321  6.675  -77.092  13.171 1.0000000000
6413  6.505  -75.498  13.713 1.0000000000
1166  16.438  -87.176  8.897 1.0000000000
6405  6.399  -75.793  14.542 1.0000000000
6981  6.544  -74.879  14.332 1.0000000000
1537  16.590  -86.428  9.352 1.0000000000
3787  12.354  -80.726  8.655 1.0000000000
7562  6.419  -73.503  15.572 1.0000000000
4286  13.086  -79.931  8.193 1.0000000000
8850  5.041  -71.156  11.581 0.4000000060
8833  5.223  -71.884  12.117 0.6000000238
8178  5.861  -72.329  14.378 0.8999999762
4285  14.277  -79.303  8.719 1.0000000000
4296  13.836  -79.064  7.701 1.0000000000
144320  16.654  -86.205  5.941 1.0000000000
4312  13.117  -79.160  6.934 1.0000000000
4858  13.092  -79.027  6.055 0.8999999762
1915  18.439  -83.518  7.893 1.0000000000
1916  17.566  -83.706  7.225 1.0000000000
5440  11.904  -77.503  3.097 0.6999999881
5455  11.236  -76.840  2.626 0.5000000000
2336  18.874  -83.370  8.058 1.0000000000
2342  18.184  -83.218  7.357 1.0000000000
136972  18.294  -83.928  5.566 1.0000000000
5456  10.296  -77.200  2.638 0.5000000000
5980  10.111  -76.494  2.410 0.6000000238
2352  18.424  -83.320  6.510 1.0000000000
1933  17.799  -84.641  4.450 1.0000000000
138286  18.743  -84.668  5.792 1.0000000000
1574  17.981  -85.293  5.007 1.0000000000
650  26.358  -88.345  0.177 0.8000000119
656  24.837  -88.513  -0.385 0.8000000119
658  22.218  -88.258  -0.338 0.6999999881
906  19.488  -87.789  2.460 1.0000000000
126308  19.168  -87.365  2.781 1.0000000000
1217  18.806  -86.890  3.169 1.0000000000
1212  18.483  -87.008  3.913 1.0000000000
903  28.653  -87.429  2.234 0.6999999881
908  27.756  -87.917  1.290 0.6999999881
134981  20.754  -87.975  1.206 1.0000000000
905  19.640  -87.449  2.385 0.8999999762
1216  19.604  -86.864  2.529 1.0000000000
1585  19.197  -86.289  2.720 1.0000000000
3213  13.048  -82.083  16.312 1.0000000000
125178  11.779  -74.068  22.837 1.0000000000
7475  8.342  -73.890  23.404 1.0000000000
7473  10.326  -73.652  23.398 1.0000000000
2737  14.650  -82.578  15.917 1.0000000000
4736  11.816  -79.793  17.719 1.0000000000
7485  13.527  -74.430  23.018 1.0000000000
6903  14.527  -75.146  21.930 1.0000000000
7500  13.982  -74.786  22.438 1.0000000000
2269  14.128  -83.293  15.225 1.0000000000
4699  11.157  -78.281  18.219 1.0000000000
6904  13.589  -75.035  21.950 1.0000000000
133464  14.141  -83.777  14.481 1.0000000000
5277  10.669  -77.769  18.689 1.0000000000
4700  10.226  -78.185  18.107 1.0000000000
132389  15.935  -75.305  21.182 1.0000000000
6919  14.099  -75.349  21.400 1.0000000000
6917  16.700  -75.397  20.625 1.0000000000
1487  16.608  -85.272  14.466 1.0000000000
123562  15.232  -84.309  14.740 1.0000000000
5262  11.011  -77.293  19.243 1.0000000000
5261  12.010  -77.153  19.412 1.0000000000
6335  12.828  -75.632  20.879 1.0000000000
1486  17.524  -85.154  14.300 1.0000000000
6344  15.329  -76.339  20.333 1.0000000000
1871  18.271  -84.598  14.124 1.0000000000
1508  18.577  -85.901  13.060 1.0000000000
131819  17.804  -85.740  13.749 1.0000000000
5807  13.816  -77.010  20.096 1.0000000000
6346  13.346  -76.244  20.417 1.0000000000
1507  19.269  -85.508  12.565 1.0000000000
3742  10.276  -80.427  11.840 1.0000000000
122532  9.580  -80.361  12.245 1.0000000000
4231  9.206  -79.974  12.905 1.0000000000
3744  8.345  -80.296  11.812 1.0000000000
1884  19.432  -84.957  12.201 1.0000000000
1135  18.895  -86.314  12.181 1.0000000000
2793  11.973  -81.927  10.523 1.0000000000
2794  11.366  -81.315  10.408 1.0000000000
131125  11.160  -81.059  10.706 1.0000000000
132999  8.943  -80.878  11.558 1.0000000000
4243  8.386  -79.865  12.606 1.0000000000
4780  7.873  -78.912  14.003 1.0000000000
4766  7.421  -78.113  14.753 1.0000000000
5305  7.276  -77.757  15.466 1.0000000000
1134  19.175  -85.760  11.854 1.0000000000
3277  11.553  -81.447  9.880 1.0000000000
3267  10.534  -80.824  10.360 1.0000000000
5320  7.141  -78.059  13.705 1.0000000000
5313  6.628  -77.368  14.207 1.0000000000
5306  6.701  -77.384  15.045 1.0000000000
5839  6.397  -76.832  15.494 1.0000000000
5823  6.587  -76.731  16.883 1.0000000000
1893  18.438  -84.959  11.114 1.0000000000
142192  18.126  -85.549  10.651 1.0000000000
2792  12.394  -82.200  10.749 1.0000000000
3770  12.695  -81.287  9.494 1.0000000000
5853  6.455  -76.407  13.902 1.0000000000
6395  6.236  -76.306  16.060 1.0000000000
121068  6.451  -75.208  15.254 1.0000000000
1894  17.499  -85.256  10.497 1.0000000000
120481  6.220  -75.421  16.079 1.0000000000
1527  16.712  -85.620  9.863 1.0000000000
4275  14.905  -79.814  9.528 1.0000000000
3769  13.962  -80.776  10.017 1.0000000000
3786  13.550  -80.199  9.214 1.0000000000
9530  4.839  -70.384  12.877 0.4000000060
7554  6.217  -73.799  16.429 1.0000000000
8165  6.071  -72.940  16.173 1.0000000000
129075  16.021  -85.863  9.298 1.0000000000
1167  15.905  -86.421  8.819 1.0000000000
4274  15.552  -80.231  9.577 1.0000000000
123193  5.386  -71.721  13.792 0.8000000119
120612  5.727  -71.793  15.252 0.8999999762
8173  5.714  -72.134  16.059 1.0000000000
1177  15.579  -86.079  8.351 1.0000000000
1188  15.881  -86.305  7.454 1.0000000000
3289  15.580  -81.199  9.555 1.0000000000
3800  15.955  -79.674  8.585 1.0000000000
4835  14.804  -78.733  8.240 1.0000000000
1194  16.701  -86.535  6.158 1.0000000000
1564  16.769  -85.265  6.230 1.0000000000
143866  15.974  -78.809  7.816 1.0000000000
4846  14.880  -78.479  7.521 1.0000000000
126713  14.202  -78.507  6.104 1.0000000000
1558  15.567  -85.508  6.123 1.0000000000
1923  15.896  -85.142  5.854 1.0000000000
1917  16.767  -83.903  6.493 1.0000000000
2343  17.563  -83.276  6.937 1.0000000000
4856  15.060  -78.158  6.684 1.0000000000
4886  14.270  -78.046  4.633 1.0000000000
127029  13.011  -77.713  2.785 0.8000000119
5454  12.469  -76.915  2.610 0.6999999881
1925  14.762  -84.803  6.125 1.0000000000
131495  18.096  -83.063  6.821 1.0000000000
5439  14.796  -77.521  3.539 0.8000000119
5976  15.257  -76.342  1.920 0.6999999881
5978  13.073  -76.283  2.075 0.4000000060
1924  15.199  -84.714  5.800 1.0000000000
2353  17.035  -83.081  6.411 1.0000000000
2828  17.390  -82.747  5.730 1.0000000000
144817  17.570  -82.907  5.096 1.0000000000
125570  17.741  -83.618  4.773 1.0000000000
2376  17.644  -84.112  3.840 1.0000000000
2394  18.575  -83.766  2.346 1.0000000000
2384  18.112  -84.173  3.097 1.0000000000
1580  17.914  -85.638  4.184 1.0000000000
1220  28.968  -86.800  0.800 0.6000000238
911  28.357  -87.387  0.908 0.6000000238
912  27.694  -87.623  0.168 0.6999999881
430  22.875  -88.443  -0.478 0.8000000119
1948  18.859  -84.546  2.563 1.0000000000
907  28.895  -87.217  1.592 0.6999999881
921  21.631  -87.582  0.141 0.6999999881
1228  20.888  -87.634  1.274 0.8999999762
1215  20.802  -86.693  2.351 1.0000000000
1584  20.377  -86.356  2.476 1.0000000000
1938  18.784  -85.517  2.935 1.0000000000
3705  13.674  -81.525  17.089 1.0000000000
8102  9.753  -73.283  23.974 1.0000000000
3692  13.211  -80.812  17.535 1.0000000000
7469  14.031  -74.110  23.741 1.0000000000
7471  11.876  -73.626  23.535 1.0000000000
8100  11.348  -73.314  24.059 1.0000000000
8103  8.857  -73.281  23.992 1.0000000000
4193  12.476  -80.294  17.806 1.0000000000
7468  15.088  -73.922  23.652 1.0000000000
7486  12.628  -74.146  23.087 1.0000000000
3212  14.119  -82.035  16.471 1.0000000000
4735  12.431  -79.620  18.250 1.0000000000
131407  13.126  -79.895  18.283 1.0000000000
7483  15.627  -74.326  22.979 1.0000000000
7484  14.542  -74.467  23.051 1.0000000000
4715  12.434  -79.081  18.556 1.0000000000
7499  15.045  -74.779  22.402 1.0000000000
2268  15.259  -83.284  15.609 1.0000000000
6901  16.735  -74.855  21.386 1.0000000000
2278  16.883  -83.914  15.081 1.0000000000
2279  15.751  -83.890  15.179 1.0000000000
5276  11.567  -77.776  18.806 1.0000000000
5275  12.442  -77.901  19.042 1.0000000000
5816  12.873  -77.429  19.496 1.0000000000
6916  17.725  -74.794  20.591 1.0000000000
6926  17.648  -75.183  19.727 1.0000000000
1859  16.934  -84.762  14.800 1.0000000000
7524  18.580  -74.174  19.545 1.0000000000
6935  18.210  -74.587  17.921 1.0000000000
1857  18.611  -83.858  14.204 1.0000000000
1858  17.738  -84.342  14.673 1.0000000000
5806  14.906  -76.885  19.994 1.0000000000
6354  17.688  -75.538  18.836 1.0000000000
5805  15.927  -76.712  19.617 1.0000000000
6343  16.569  -75.985  19.855 1.0000000000
1869  19.430  -84.714  12.901 1.0000000000
141443  10.896  -80.494  11.473 1.0000000000
142875  9.201  -79.480  13.595 1.0000000000
4779  8.795  -79.179  14.192 1.0000000000
3250  11.340  -81.100  11.340 1.0000000000
4765  8.419  -78.620  14.837 1.0000000000
5304  8.085  -78.269  15.734 1.0000000000
2303  19.410  -84.045  12.579 1.0000000000
138471  6.833  -77.349  15.647 1.0000000000
128771  12.237  -82.271  11.033 1.0000000000
6384  5.943  -75.984  16.831 1.0000000000
129699  17.365  -84.443  11.123 1.0000000000
3275  13.087  -81.889  10.434 1.0000000000
125417  5.771  -75.654  17.628 1.0000000000
1895  16.571  -84.900  10.430 1.0000000000
137824  15.585  -81.648  10.037 1.0000000000
135343  4.989  -69.628  14.177 0.3000000119
6962  5.934  -74.909  16.824 1.0000000000
8158  5.945  -73.250  16.851 1.0000000000
8166  5.731  -72.521  16.840 1.0000000000
1538  15.414  -85.596  8.951 1.0000000000
1557  15.215  -85.727  7.785 1.0000000000
3290  14.834  -81.954  8.694 1.0000000000
3801  15.695  -79.978  7.690 1.0000000000
4311  15.533  -78.374  6.373 1.0000000000
136892  15.046  -85.272  7.042 1.0000000000
4868  15.408  -78.143  5.469 1.0000000000
4904  16.094  -78.039  3.409 1.0000000000
1927  14.637  -84.026  5.792 1.0000000000
5451  15.830  -76.819  2.229 0.6999999881
5975  15.983  -75.434  1.561 0.6000000238
2355  15.153  -83.708  5.646 1.0000000000
2829  16.628  -82.287  5.250 1.0000000000
139087  17.103  -82.550  4.742 1.0000000000
135359  17.619  -82.679  3.058 1.0000000000
2863  19.538  -82.568  1.565 1.0000000000
2395  18.243  -82.995  2.396 1.0000000000
1224  28.388  -86.952  -0.004 0.6000000238
913  26.975  -87.970  -0.135 0.6999999881
917  25.369  -87.767  -1.087 0.8000000119
132802  22.821  -87.682  -0.852 0.6999999881
129868  22.106  -87.600  -0.421 0.8000000119
2862  20.087  -82.638  1.615 1.0000000000
1954  20.090  -84.117  1.743 1.0000000000
1947  19.788  -84.903  1.969 1.0000000000
915  27.167  -87.337  -0.784 0.6999999881
916  26.327  -87.735  -0.806 0.6999999881
924  24.012  -86.847  -1.580 0.6999999881
925  23.223  -86.896  -1.296 0.6999999881
1233  22.618  -86.589  -0.687 0.6999999881
1583  21.619  -86.225  3.087 0.8999999762
1946  20.324  -85.087  2.541 0.8999999762
133551  20.004  -85.766  2.404 0.8999999762
1230  28.266  -86.167  -0.982 0.6000000238
1226  22.432  -86.467  -0.183 0.6999999881
1222  21.291  -86.949  1.565 0.8000000119
1572  21.924  -85.629  3.692 0.6999999881
1231  27.328  -86.360  -1.483 0.6000000238
8097  14.546  -73.490  24.324 1.0000000000
8098  13.574  -73.511  24.251 1.0000000000
3704  14.753  -81.234  16.863 1.0000000000
3691  14.319  -80.692  17.407 1.0000000000
132891  13.999  -80.315  17.865 1.0000000000
4734  14.074  -79.797  18.246 1.0000000000
7482  16.711  -74.018  22.782 1.0000000000
2736  15.797  -82.504  15.898 1.0000000000
4714  13.330  -79.317  18.628 1.0000000000
128321  18.238  -73.853  21.613 1.0000000000
5288  12.850  -78.626  18.943 1.0000000000
7513  18.499  -74.071  20.713 1.0000000000
2267  16.357  -83.204  15.589 1.0000000000
5273  14.329  -78.135  19.341 1.0000000000
5814  14.611  -77.497  19.640 1.0000000000
7535  18.523  -73.725  18.318 1.0000000000
130785  15.451  -77.236  19.454 1.0000000000
8154  18.162  -72.552  17.095 1.0000000000
2277  18.064  -83.421  14.781 1.0000000000
2292  19.169  -83.557  13.586 1.0000000000
6355  16.936  -76.390  18.894 1.0000000000
4802  11.716  -79.436  11.547 1.0000000000
4789  10.959  -79.174  12.482 1.0000000000
4230  10.013  -79.340  13.129 1.0000000000
4778  9.718  -79.031  13.960 1.0000000000
2304  19.196  -83.217  12.827 1.0000000000
3257  11.899  -81.886  11.207 1.0000000000
4762  11.111  -77.819  13.785 1.0000000000
4764  9.449  -78.615  14.653 1.0000000000
5298  9.040  -77.817  16.136 1.0000000000
130717  7.836  -77.654  16.760 1.0000000000
139105  18.511  -83.086  12.523 1.0000000000
2314  18.988  -83.689  12.089 1.0000000000
2787  12.645  -82.363  11.024 1.0000000000
5829  8.933  -77.451  16.734 1.0000000000
5831  7.346  -77.327  16.860 1.0000000000
2315  17.912  -83.722  11.860 1.0000000000
6372  6.519  -76.357  17.679 1.0000000000
3266  13.042  -82.392  10.969 1.0000000000
6360  6.337  -75.885  18.464 1.0000000000
6952  5.503  -74.872  17.780 1.0000000000
3265  14.087  -82.437  10.647 1.0000000000
7547  5.862  -73.960  17.263 1.0000000000
2797  15.333  -82.242  9.803 1.0000000000
1528  15.936  -85.178  9.687 1.0000000000
8799  5.449  -71.712  16.792 1.0000000000
1905  15.434  -84.739  9.436 1.0000000000
1547  15.072  -85.528  8.448 1.0000000000
140874  14.410  -81.281  7.221 1.0000000000
3816  14.848  -80.424  6.373 1.0000000000
3828  15.717  -79.485  5.235 1.0000000000
120849  15.811  -78.434  4.797 1.0000000000
1918  14.454  -84.607  7.143 1.0000000000
2356  14.213  -83.894  6.349 1.0000000000
2365  14.507  -83.098  5.506 1.0000000000
4355  16.189  -79.548  2.889 1.0000000000
4339  16.240  -78.574  3.508 1.0000000000
5437  16.125  -77.681  2.667 0.8000000119
122345  15.861  -82.170  5.362 1.0000000000
4368  16.698  -78.989  1.439 0.8999999762
5450  16.349  -77.115  1.601 0.6999999881
6017  16.939  -75.915  0.271 0.6000000238
144522  15.214  -82.757  5.445 1.0000000000
2839  16.467  -82.208  4.177 1.0000000000
5479  16.974  -76.734  0.377 0.6000000238
3342  17.390  -81.331  2.516 1.0000000000
6573  17.076  -74.881  0.679 0.5000000000
6553  15.494  -74.740  1.944 0.3000000119
3349  19.906  -81.704  1.444 1.0000000000
131477  20.151  -80.910  1.169 1.0000000000
3857  18.392  -80.884  1.770 1.0000000000
7141  15.156  -74.319  2.196 0.2000000030
2854  20.242  -82.458  1.947 1.0000000000
128466  20.259  -80.926  1.463 0.8999999762
3862  20.278  -80.291  1.217 0.8000000119
7144  12.093  -74.667  2.063 0.3000000119
922  25.828  -86.903  -1.602 0.6000000238
1238  24.493  -86.082  -1.852 0.6999999881
1937  21.231  -85.188  3.472 0.8999999762
127398  20.304  -83.268  1.845 0.8000000119
3333  19.920  -81.333  3.096 0.6999999881
7145  10.963  -74.190  2.427 0.3000000119
1240  23.026  -86.383  -1.115 0.6999999881
1221  22.208  -86.417  0.575 0.6000000238
1211  21.924  -86.476  2.763 0.6999999881
128408  27.160  -85.540  -1.723 0.6000000238
8083  15.094  -72.891  24.944 1.0000000000
8086  12.415  -72.831  24.726 1.0000000000
8088  10.827  -72.841  24.713 1.0000000000
8095  16.826  -73.213  24.279 1.0000000000
8096  15.653  -73.367  24.308 1.0000000000
129932  12.679  -73.480  24.025 1.0000000000
8099  11.999  -73.261  24.201 1.0000000000
3703  16.436  -79.941  16.322 1.0000000000
3689  15.836  -79.736  17.011 1.0000000000
3690  15.325  -80.382  16.973 1.0000000000
4191  14.934  -79.917  17.597 1.0000000000
4733  15.032  -79.415  17.986 1.0000000000
8094  17.773  -72.709  23.974 1.0000000000
7466  17.369  -73.495  23.449 1.0000000000
126520  15.813  -80.880  16.398 1.0000000000
3209  17.728  -81.318  15.407 1.0000000000
5287  13.876  -78.735  19.030 1.0000000000
8106  18.407  -72.804  22.940 1.0000000000
7481  17.826  -73.658  22.509 1.0000000000
3210  16.415  -81.560  15.942 1.0000000000
2735  17.014  -82.290  15.620 1.0000000000
3211  15.206  -81.773  16.288 1.0000000000
5286  14.991  -78.562  18.713 1.0000000000
5272  15.506  -77.822  18.980 1.0000000000
7496  18.994  -73.279  21.016 1.0000000000
2734  18.167  -81.989  15.008 1.0000000000
5813  16.264  -77.103  18.924 1.0000000000
8138  18.586  -72.114  18.382 1.0000000000
8147  18.128  -72.186  17.726 1.0000000000
140955  18.378  -82.589  14.729 1.0000000000
2266  17.492  -82.924  15.241 1.0000000000
7512  19.025  -73.261  19.978 1.0000000000
8162  16.621  -72.302  16.965 1.0000000000
2746  18.845  -81.999  14.287 1.0000000000
2759  19.131  -82.911  13.481 1.0000000000
6367  17.718  -75.741  17.772 1.0000000000
8161  17.419  -72.558  16.652 1.0000000000
133229  18.887  -82.444  13.349 1.0000000000
3739  12.983  -80.413  12.004 1.0000000000
3740  12.177  -80.613  11.655 1.0000000000
4787  12.194  -78.507  11.659 1.0000000000
5329  11.911  -78.116  12.173 1.0000000000
4777  10.615  -78.633  13.435 1.0000000000
2770  17.889  -82.539  12.864 1.0000000000
123373  10.692  -77.719  14.506 1.0000000000
5303  10.712  -77.232  15.135 1.0000000000
5838  10.543  -77.033  16.098 1.0000000000
2779  13.543  -82.465  11.587 1.0000000000
3249  11.990  -81.489  11.587 1.0000000000
5297  9.729  -77.288  16.515 1.0000000000
5830  8.217  -77.482  17.227 1.0000000000
5821  8.430  -76.816  17.954 1.0000000000
2305  17.312  -83.197  12.295 1.0000000000
5822  7.401  -77.032  17.620 1.0000000000
130962  7.488  -76.448  18.434 1.0000000000
6942  5.775  -75.366  18.973 1.0000000000
6931  5.349  -74.741  19.411 1.0000000000
7531  5.044  -73.959  19.793 1.0000000000
1886  16.302  -84.355  10.936 1.0000000000
2326  15.259  -83.536  10.295 1.0000000000
139008  5.175  -73.470  18.477 1.0000000000
8791  5.509  -71.618  18.485 0.8999999762
8794  5.474  -72.146  17.606 0.8000000119
8152  5.007  -73.349  19.244 1.0000000000
1896  15.848  -84.481  10.273 1.0000000000
1906  15.076  -84.342  9.344 1.0000000000
2332  14.783  -83.903  9.319 1.0000000000
9473  5.525  -70.605  18.503 0.6999999881
137071  5.357  -71.382  17.440 0.8000000119
1539  14.904  -85.048  8.827 1.0000000000
1911  14.561  -84.521  8.644 1.0000000000
2345  13.776  -83.131  6.910 1.0000000000
3315  13.889  -81.503  5.715 1.0000000000
122260  14.237  -80.905  5.289 1.0000000000
10211  5.148  -69.888  17.782 0.5000000000
1548  14.634  -85.100  8.052 1.0000000000
2367  13.852  -82.934  5.862 1.0000000000
3321  13.923  -81.713  4.870 1.0000000000
120137  16.480  -79.434  2.024 1.0000000000
4376  17.126  -78.656  0.761 0.8999999762
2830  14.444  -82.352  4.956 1.0000000000
2840  15.873  -81.774  4.777 1.0000000000
3846  15.940  -80.557  2.706 1.0000000000
4931  16.825  -77.609  0.626 0.8000000119
3845  16.661  -80.785  2.514 1.0000000000
3858  17.298  -80.512  2.064 1.0000000000
3864  19.082  -79.967  1.270 1.0000000000
4375  17.915  -79.377  0.969 0.8999999762
4373  20.216  -79.681  1.009 0.8000000119
5448  18.661  -77.733  1.203 0.8000000119
5996  18.051  -76.651  1.238 0.6000000238
5974  17.668  -75.440  1.003 0.5000000000
120897  17.025  -74.746  1.637 0.3000000119
6554  14.717  -74.913  1.659 0.2000000030
3856  20.337  -80.555  2.171 0.6000000238
4365  20.374  -79.538  1.786 0.6000000238
6533  16.377  -74.793  2.540 0.2000000030
923  24.907  -86.895  -1.645 0.5000000000
1932  20.985  -84.290  3.871 0.8000000119
2375  21.470  -83.798  4.648 0.6000000238
3325  19.744  -81.787  4.029 0.6000000238
125623  19.679  -81.241  3.899 0.5000000000
7125  15.692  -74.432  2.968 0.2000000030
1236  26.357  -86.079  -1.835 0.6000000238
1605  24.170  -85.641  -1.499 0.5000000000
1599  23.145  -85.283  -0.589 0.5000000000
1589  22.493  -85.297  0.997 0.4000000060
1582  22.536  -85.680  2.597 0.6000000238
1953  22.765  -84.024  1.258 0.4000000060
125659  22.163  -85.097  4.033 0.6000000238
8084  14.032  -73.013  24.926 1.0000000000
8082  16.282  -72.725  24.940 1.0000000000
143160  9.532  -72.525  25.236 1.0000000000
8081  17.318  -72.471  24.790 1.0000000000
4206  16.670  -79.161  16.557 1.0000000000
4190  15.944  -79.224  17.384 1.0000000000
8733  19.120  -71.713  22.554 1.0000000000
5296  16.507  -78.528  17.468 1.0000000000
4712  15.515  -78.877  18.017 1.0000000000
3702  17.023  -80.646  15.831 1.0000000000
140365  17.521  -79.882  15.702 1.0000000000
5295  17.341  -78.036  16.932 1.0000000000
5285  16.116  -78.292  18.213 1.0000000000
7480  18.691  -73.117  21.943 1.0000000000
8766  19.112  -71.506  20.491 1.0000000000
5818  16.673  -77.500  18.246 1.0000000000
8767  18.475  -70.773  19.666 1.0000000000
8768  17.417  -70.501  18.976 1.0000000000
3225  18.487  -81.109  14.572 1.0000000000
3701  18.261  -80.368  15.268 1.0000000000
133978  17.239  -70.989  18.568 1.0000000000
8790  16.283  -71.345  18.331 1.0000000000
8150  14.377  -71.993  18.264 1.0000000000
3234  18.276  -80.727  14.092 1.0000000000
120885  17.966  -72.975  16.549 1.0000000000
8148  16.543  -71.732  17.950 1.0000000000
8157  14.982  -72.329  17.828 1.0000000000
5318  13.022  -77.009  12.410 1.0000000000
5843  11.845  -76.081  14.197 1.0000000000
5844  11.200  -76.544  14.662 1.0000000000
7544  15.599  -72.476  17.094 1.0000000000
3224  18.893  -81.695  13.939 1.0000000000
4239  14.889  -79.635  12.278 1.0000000000
4251  13.167  -79.399  11.629 1.0000000000
5346  12.799  -78.259  11.537 1.0000000000
5328  12.502  -77.797  11.862 1.0000000000
5852  12.327  -76.527  13.403 1.0000000000
5310  10.928  -77.126  14.315 1.0000000000
5836  11.502  -75.800  15.037 1.0000000000
2760  18.135  -81.738  13.507 1.0000000000
3248  13.784  -81.036  12.490 1.0000000000
4252  12.462  -79.704  11.571 1.0000000000
5319  11.902  -77.423  12.864 1.0000000000
5837  11.066  -76.419  15.520 1.0000000000
3237  15.304  -80.780  13.256 1.0000000000
141889  14.513  -81.112  13.058 1.0000000000
125248  12.802  -81.411  11.968 1.0000000000
5827  10.943  -76.277  16.363 1.0000000000
144381  16.800  -82.797  12.645 1.0000000000
2771  16.795  -82.303  13.101 1.0000000000
3247  15.025  -81.625  13.228 1.0000000000
2773  13.552  -81.915  12.033 1.0000000000
5820  9.315  -76.915  17.313 1.0000000000
6370  9.384  -76.168  18.044 1.0000000000
6371  8.573  -76.181  18.461 1.0000000000
2306  16.338  -83.233  12.257 1.0000000000
2762  15.668  -82.194  13.179 1.0000000000
2308  15.051  -82.792  12.567 1.0000000000
6358  8.170  -75.773  19.053 1.0000000000
6359  7.138  -75.954  18.985 1.0000000000
7530  7.395  -74.930  20.125 1.0000000000
2316  16.533  -83.809  11.644 1.0000000000
120601  15.442  -83.398  11.911 1.0000000000
2772  14.287  -82.494  12.151 1.0000000000
2319  13.382  -82.509  11.150 1.0000000000
6930  6.219  -75.167  19.767 1.0000000000
6922  5.562  -74.429  20.162 1.0000000000
124023  14.936  -83.417  11.150 1.0000000000
2327  14.239  -82.927  10.993 1.0000000000
129515  5.352  -73.108  20.832 1.0000000000
1887  15.602  -84.000  11.054 1.0000000000
1897  15.430  -84.057  10.209 1.0000000000
9465  5.855  -70.338  19.379 0.5000000000
4354  16.436  -80.179  2.146 1.0000000000
4367  17.103  -79.628  1.444 0.8999999762
10187  5.974  -69.517  19.381 0.4000000060
5465  17.566  -77.272  0.684 0.6999999881
5424  19.477  -77.755  3.737 0.3000000119
5435  19.389  -77.446  2.606 0.3000000119
4901  20.269  -79.007  2.843 0.3000000119
4902  19.883  -78.276  2.755 0.4000000060
1969  23.303  -83.907  -0.107 0.4000000060
3836  19.592  -81.132  4.726 0.3000000119
3844  19.854  -80.662  3.510 0.4000000060
2361  21.492  -83.229  5.109 0.3000000119
2362  21.041  -83.287  5.073 0.4000000060
1597  24.522  -85.335  -1.250 0.4000000060
1931  21.964  -84.736  4.327 0.6000000238
8719  13.615  -72.398  25.458 1.0000000000
8720  12.809  -72.345  25.443 1.0000000000
8723  10.230  -72.429  25.454 1.0000000000
8717  15.657  -72.173  25.511 1.0000000000
8076  8.072  -72.253  25.290 1.0000000000
119949  17.971  -71.992  24.353 1.0000000000
8727  18.532  -71.896  23.573 1.0000000000
4205  17.506  -79.189  15.811 1.0000000000
4732  17.014  -78.578  16.742 1.0000000000
10161  18.101  -69.344  21.148 1.0000000000
131134  19.013  -70.419  21.684 1.0000000000
4751  17.712  -78.404  15.881 1.0000000000
133523  17.807  -77.620  15.989 1.0000000000
5284  17.082  -77.792  17.520 1.0000000000
9436  17.081  -69.467  19.957 1.0000000000
9457  15.953  -70.047  19.329 1.0000000000
4204  18.424  -79.556  15.216 1.0000000000
5834  18.022  -76.598  15.588 1.0000000000
6379  17.519  -76.673  17.305 1.0000000000
136566  17.110  -76.754  18.266 1.0000000000
8769  16.136  -70.419  19.077 1.0000000000
8785  16.158  -70.868  18.759 1.0000000000
3727  18.275  -79.674  13.881 1.0000000000
6378  17.850  -75.403  16.545 1.0000000000
6946  18.142  -74.482  16.847 1.0000000000
8786  14.377  -71.238  19.034 1.0000000000
8139  15.040  -71.364  18.578 1.0000000000
8140  13.814  -71.771  18.813 1.0000000000
8151  13.369  -72.348  18.646 1.0000000000
119639  17.900  -73.661  16.194 1.0000000000
8141  12.998  -72.264  19.186 1.0000000000
7525  12.717  -72.825  18.946 1.0000000000
8143  11.530  -72.842  19.687 1.0000000000
7514  10.040  -72.860  20.250 1.0000000000
7536  13.864  -72.460  17.958 1.0000000000
7515  9.408  -73.156  20.411 1.0000000000
126692  15.638  -79.885  13.118 1.0000000000
126889  14.989  -78.598  11.795 1.0000000000
4799  14.195  -78.200  11.448 1.0000000000
5851  13.253  -76.200  13.109 1.0000000000
140230  12.746  -75.802  13.884 1.0000000000
5842  12.286  -75.420  14.645 1.0000000000
7545  14.459  -72.735  17.282 1.0000000000
3729  14.572  -80.433  12.915 1.0000000000
2761  16.826  -81.713  13.378 1.0000000000
5826  11.441  -75.801  15.944 1.0000000000
6383  10.702  -75.952  17.232 1.0000000000
6369  10.194  -75.683  17.921 1.0000000000
6357  9.208  -75.529  18.607 1.0000000000
6941  8.917  -75.161  19.184 1.0000000000
6929  8.263  -75.035  19.591 1.0000000000
6921  6.422  -74.574  20.491 1.0000000000
8787  5.258  -72.261  20.251 0.8999999762
7504  5.724  -73.434  21.161 1.0000000000
139817  5.483  -71.798  19.562 0.8999999762
119835  5.672  -71.118  19.386 0.8999999762
9459  6.534  -69.872  19.952 0.6000000238
8701  15.039  -71.668  26.101 1.0000000000
8702  14.028  -71.793  26.088 1.0000000000
8718  14.548  -72.357  25.506 1.0000000000
8703  13.182  -71.769  26.077 1.0000000000
8722  11.132  -72.322  25.574 1.0000000000
8699  17.352  -71.222  25.508 1.0000000000
8716  16.836  -71.910  25.495 1.0000000000
9417  18.882  -69.840  22.492 1.0000000000
9416  19.169  -70.847  23.107 1.0000000000
10141  18.321  -69.165  22.102 1.0000000000
10162  16.557  -68.984  20.226 1.0000000000
4761  18.410  -77.840  14.830 1.0000000000
139256  18.258  -77.011  14.998 1.0000000000
10163  15.038  -69.312  19.940 1.0000000000
9437  15.579  -69.684  19.647 1.0000000000
4750  18.460  -78.740  15.118 1.0000000000
5825  17.818  -76.059  16.091 1.0000000000
6391  17.906  -74.987  15.499 1.0000000000
8770  14.129  -71.028  19.316 1.0000000000
140777  13.438  -71.245  19.510 1.0000000000
8749  12.196  -71.227  20.112 1.0000000000
4219  18.528  -79.215  14.456 1.0000000000
6957  17.919  -74.447  16.079 1.0000000000
8128  13.392  -71.702  19.301 1.0000000000
8129  12.634  -72.229  19.520 1.0000000000
8773  11.430  -71.744  20.247 1.0000000000
8774  10.680  -71.674  20.604 1.0000000000
7551  17.378  -73.119  16.041 1.0000000000
7553  15.120  -73.059  16.569 1.0000000000
8772  12.058  -71.925  19.942 1.0000000000
8130  11.365  -72.324  19.998 1.0000000000
7526  12.042  -72.968  19.214 1.0000000000
7538  11.572  -73.653  18.785 1.0000000000
125488  9.962  -73.394  19.895 1.0000000000
3728  16.599  -80.381  13.401 1.0000000000
4229  17.314  -79.413  13.343 1.0000000000
4238  16.006  -78.815  12.749 1.0000000000
128807  15.659  -78.056  11.883 1.0000000000
5869  14.860  -76.970  11.515 1.0000000000
5850  14.152  -75.978  12.880 1.0000000000
6412  13.716  -75.612  13.623 1.0000000000
6404  13.224  -75.145  14.315 1.0000000000
7537  12.922  -72.882  18.289 1.0000000000
3235  17.435  -80.953  13.620 1.0000000000
6394  11.944  -75.196  15.497 1.0000000000
3236  16.079  -81.301  13.411 1.0000000000
6381  11.669  -75.057  16.374 1.0000000000
6382  11.249  -75.721  16.587 1.0000000000
124558  10.789  -75.308  17.648 1.0000000000
6356  9.948  -75.183  18.417 1.0000000000
6928  9.075  -74.509  19.497 1.0000000000
121308  7.524  -74.242  20.673 1.0000000000
7517  6.521  -74.012  21.102 1.0000000000
8755  5.469  -72.001  21.443 1.0000000000
8120  5.572  -72.774  21.366 1.0000000000
10164  5.487  -70.849  20.893 1.0000000000
9460  5.921  -70.698  20.034 0.6999999881
10928  7.189  -68.906  20.391 0.5000000000
9390  15.455  -70.957  26.711 1.0000000000
9391  14.404  -71.097  26.672 1.0000000000
9392  13.509  -71.090  26.606 1.0000000000
9388  17.852  -70.675  25.017 1.0000000000
8700  16.107  -71.440  26.086 1.0000000000
8705  11.525  -71.601  26.259 1.0000000000
8728  18.434  -71.020  24.151 1.0000000000
141169  16.879  -71.170  25.925 1.0000000000
8706  10.475  -71.565  26.351 1.0000000000
10128  18.711  -69.379  23.102 1.0000000000
9408  18.935  -70.171  23.502 1.0000000000
9398  7.042  -71.117  26.097 0.8999999762
138359  17.545  -68.740  21.205 1.0000000000
143305  16.689  -68.531  20.601 1.0000000000
5308  18.164  -77.146  14.196 1.0000000000
5841  18.067  -76.432  14.561 1.0000000000
10142  15.618  -68.627  20.412 1.0000000000
9418  14.069  -69.678  20.143 1.0000000000
6400  17.695  -75.863  14.143 1.0000000000
9419  13.310  -69.809  20.295 1.0000000000
7558  17.413  -73.718  15.458 1.0000000000
9442  10.961  -70.305  20.707 1.0000000000
8750  11.304  -71.070  20.478 1.0000000000
8751  10.546  -70.941  20.762 1.0000000000
8775  10.059  -71.986  20.960 1.0000000000
4228  18.205  -78.839  13.717 1.0000000000
121818  9.935  -71.315  21.069 1.0000000000
8752  9.188  -71.102  21.661 1.0000000000
8735  8.406  -70.882  22.302 1.0000000000
144840  17.811  -80.134  13.578 1.0000000000
139989  16.959  -77.275  13.007 1.0000000000
122550  16.631  -76.279  13.031 1.0000000000
6410  15.874  -75.477  13.103 1.0000000000
8133  9.002  -72.864  21.035 1.0000000000
5857  15.490  -76.466  11.963 1.0000000000
6421  15.134  -75.750  12.655 1.0000000000
6411  14.533  -75.487  13.311 1.0000000000
7546  13.345  -73.030  17.496 1.0000000000
127359  12.273  -73.318  18.575 1.0000000000
6393  12.741  -74.754  15.057 1.0000000000
122606  13.262  -74.303  15.585 1.0000000000
7539  10.807  -73.989  19.064 1.0000000000
141732  11.695  -74.701  17.069 1.0000000000
7529  8.409  -74.354  20.098 1.0000000000
7516  8.542  -73.576  20.641 1.0000000000
8117  8.399  -72.504  21.554 1.0000000000
8134  7.558  -73.601  21.217 1.0000000000
8118  7.564  -72.983  21.711 1.0000000000
8739  5.139  -71.478  21.999 1.0000000000
8738  5.296  -71.445  22.556 1.0000000000
121361  6.639  -72.743  22.104 1.0000000000
131976  4.547  -69.316  22.110 0.8999999762
10180  5.167  -69.263  21.266 0.8999999762
124171  6.693  -69.556  20.325 0.6999999881
10828  17.189  -68.749  26.381 1.0000000000
10085  16.374  -69.399  26.914 1.0000000000
9373  13.023  -70.347  27.055 1.0000000000
11630  17.759  -67.376  25.625 1.0000000000
10827  17.218  -67.789  26.395 1.0000000000
9370  16.526  -70.553  26.509 1.0000000000
9394  11.956  -70.709  26.729 1.0000000000
9395  11.064  -70.650  26.741 1.0000000000
10848  17.753  -68.276  25.710 1.0000000000
136351  18.503  -69.791  24.257 1.0000000000
123008  18.122  -67.147  24.633 1.0000000000
124422  18.538  -68.753  23.584 1.0000000000
140235  9.631  -71.089  26.554 1.0000000000
122293  7.912  -71.069  26.067 1.0000000000
10891  16.957  -68.158  21.138 1.0000000000
10890  18.121  -68.656  22.301 1.0000000000
9374  6.596  -70.455  26.456 0.8999999762
124030  5.810  -71.703  27.324 0.8999999762
10892  15.556  -68.061  20.886 1.0000000000
8026  6.504  -71.800  28.404 0.6999999881
6977  17.688  -75.105  14.558 1.0000000000
10893  14.576  -68.583  20.657 1.0000000000
10145  12.281  -69.266  20.769 1.0000000000
6967  17.561  -74.352  14.961 1.0000000000
9421  11.592  -69.708  20.726 1.0000000000
9422  10.615  -69.637  21.079 1.0000000000
4774  18.174  -77.922  13.772 1.0000000000
5317  17.644  -77.239  13.535 1.0000000000
9423  9.713  -69.597  21.616 1.0000000000
9443  9.967  -70.393  21.191 1.0000000000
5848  17.693  -76.571  13.804 1.0000000000
6408  17.181  -76.072  13.507 1.0000000000
6401  17.179  -75.332  13.812 1.0000000000
4775  17.370  -78.374  13.240 1.0000000000
131537  17.353  -77.721  13.248 1.0000000000
6984  16.270  -74.959  13.626 1.0000000000
137705  15.434  -74.741  13.949 1.0000000000
6980  15.007  -74.229  14.578 1.0000000000
6958  15.326  -73.655  15.307 1.0000000000
9424  8.409  -70.040  22.812 1.0000000000
6403  14.417  -75.048  14.037 1.0000000000
6392  13.797  -74.586  14.816 1.0000000000
6959  14.633  -73.564  16.024 1.0000000000
6947  13.965  -73.273  16.697 1.0000000000
142803  12.852  -74.100  16.203 1.0000000000
6948  12.834  -73.627  16.884 1.0000000000
6938  11.050  -74.271  18.370 1.0000000000
7528  9.237  -73.830  19.978 1.0000000000
6950  11.336  -74.725  17.741 1.0000000000
6939  10.317  -74.554  18.702 1.0000000000
6927  9.934  -74.095  19.359 1.0000000000
6951  10.646  -75.002  18.143 1.0000000000
6940  9.607  -74.873  19.010 1.0000000000
8107  6.678  -72.088  22.468 1.0000000000
9427  5.119  -70.871  23.037 1.0000000000
8737  5.875  -71.886  22.652 1.0000000000
10150  4.559  -70.079  22.497 1.0000000000
11713  5.099  -68.053  20.916 0.8999999762
12521  6.514  -67.066  20.777 0.6000000238
134802  16.478  -68.276  26.954 1.0000000000
10829  15.702  -68.699  27.241 1.0000000000
9371  14.794  -70.319  27.145 1.0000000000
134997  12.435  -70.288  27.006 1.0000000000
10087  14.242  -69.500  27.330 1.0000000000
12454  17.960  -66.238  24.244 1.0000000000
12431  17.675  -66.339  25.356 1.0000000000
135163  10.170  -70.387  26.744 1.0000000000
134166  9.177  -70.102  26.589 0.8999999762
129153  17.992  -67.049  23.453 1.0000000000
129023  8.229  -70.272  26.258 1.0000000000
12486  16.539  -66.069  22.192 1.0000000000
136907  17.317  -67.291  22.364 1.0000000000
10090  6.930  -69.853  26.246 1.0000000000
120448  5.764  -71.460  27.072 1.0000000000
120225  14.742  -65.934  21.860 1.0000000000
125043  15.286  -67.409  21.391 1.0000000000
8669  6.207  -71.188  27.931 0.8000000119
9329  6.530  -70.755  28.499 0.6000000238
11677  14.105  -67.676  21.358 1.0000000000
11678  13.035  -67.980  21.417 1.0000000000
10146  11.365  -69.104  21.095 1.0000000000
10147  10.350  -68.935  21.550 1.0000000000
139874  10.481  -68.290  21.709 1.0000000000
10148  9.392  -69.013  22.020 1.0000000000
10149  8.775  -69.205  22.697 1.0000000000
6978  17.029  -74.593  14.251 1.0000000000
8734  9.083  -70.195  21.869 1.0000000000
6968  16.851  -73.956  14.797 1.0000000000
7559  16.514  -73.389  15.434 1.0000000000
140979  15.619  -73.233  15.871 1.0000000000
10129  7.960  -69.300  23.229 1.0000000000
9409  7.378  -70.021  23.335 1.0000000000
9425  7.597  -70.808  23.007 1.0000000000
8753  8.465  -71.751  21.970 1.0000000000
6936  12.542  -73.529  17.868 1.0000000000
10132  4.893  -69.619  23.826 1.0000000000
8729  5.774  -71.178  23.075 1.0000000000
9426  6.650  -71.426  22.930 1.0000000000
10133  4.464  -69.665  23.254 1.0000000000
10900  4.383  -68.646  22.655 0.8999999762
11618  15.499  -67.789  27.234 1.0000000000
10830  14.792  -68.637  27.300 1.0000000000
10088  13.314  -69.515  27.318 1.0000000000
10089  12.576  -69.526  27.216 1.0000000000
10109  11.976  -69.677  27.048 1.0000000000
11631  17.200  -66.866  26.270 1.0000000000
11617  16.490  -67.329  26.836 1.0000000000
10831  13.768  -68.642  27.271 1.0000000000
134441  10.739  -69.600  26.834 1.0000000000
14902  16.720  -63.284  23.741 1.0000000000
13237  17.702  -65.642  24.681 1.0000000000
13238  17.246  -65.419  25.304 1.0000000000
12416  16.496  -66.577  26.598 1.0000000000
10111  9.889  -69.328  26.615 1.0000000000
10112  8.426  -69.385  26.267 1.0000000000
15757  15.959  -61.808  23.571 1.0000000000
14924  16.769  -63.340  22.797 1.0000000000
14094  17.221  -64.008  23.282 1.0000000000
13294  17.390  -64.757  22.927 1.0000000000
12485  17.379  -65.599  22.743 1.0000000000
10114  6.873  -69.160  26.079 1.0000000000
16630  15.028  -61.034  22.426 1.0000000000
15765  16.010  -62.047  22.561 1.0000000000
14112  16.863  -64.190  22.499 1.0000000000
139750  15.966  -64.643  21.966 1.0000000000
13295  16.749  -65.109  22.324 1.0000000000
15776  15.626  -62.416  21.846 1.0000000000
14938  15.493  -63.139  21.550 1.0000000000
14130  15.164  -64.139  21.447 1.0000000000
13297  14.205  -65.438  21.813 1.0000000000
9355  5.553  -69.750  27.155 0.8999999762
9340  6.021  -70.191  28.321 0.8000000119
16631  14.225  -60.751  22.010 1.0000000000
15777  14.773  -62.450  21.381 1.0000000000
14940  13.957  -62.939  21.176 1.0000000000
119592  12.713  -64.861  21.829 1.0000000000
12489  13.689  -66.053  21.889 1.0000000000
124619  12.459  -67.143  21.730 1.0000000000
120761  12.785  -65.681  21.953 1.0000000000
124618  11.495  -67.124  21.799 1.0000000000
12493  9.798  -67.119  22.332 1.0000000000
12494  8.857  -67.008  22.687 1.0000000000
11664  8.636  -67.894  22.892 1.0000000000
11665  6.957  -67.909  23.597 1.0000000000
10130  6.929  -69.267  23.772 1.0000000000
10880  6.200  -68.689  23.992 1.0000000000
129387  6.449  -69.989  23.737 1.0000000000
12511  4.180  -66.292  20.861 0.8999999762
12522  4.965  -66.452  20.693 0.8000000119
12434  14.947  -66.350  26.687 1.0000000000
11632  13.961  -66.963  26.740 1.0000000000
11619  14.330  -67.800  27.167 1.0000000000
10850  13.400  -67.863  26.911 1.0000000000
10851  12.196  -68.785  26.974 1.0000000000
14077  16.286  -63.764  24.884 1.0000000000
13261  16.791  -64.636  25.070 1.0000000000
13240  15.272  -65.397  26.369 1.0000000000
12418  14.850  -67.110  26.990 1.0000000000
10853  10.495  -68.635  26.587 1.0000000000
10854  9.550  -68.369  26.421 1.0000000000
15741  15.617  -62.443  24.652 1.0000000000
14076  17.180  -64.134  24.195 1.0000000000
13239  16.382  -65.248  25.942 1.0000000000
12433  15.979  -65.996  26.543 1.0000000000
17511  14.668  -60.576  24.034 1.0000000000
14914  16.283  -62.550  23.846 1.0000000000
10855  8.503  -68.362  26.223 1.0000000000
17512  13.924  -60.367  24.486 1.0000000000
16622  15.310  -60.993  23.445 1.0000000000
133100  6.479  -68.523  25.988 0.8999999762
10091  6.137  -69.718  26.453 0.8999999762
10050  5.612  -69.153  28.034 0.8000000119
17532  14.638  -60.384  22.947 1.0000000000
15778  13.655  -62.120  21.272 1.0000000000
126287  13.091  -63.061  21.300 1.0000000000
14132  12.777  -63.988  21.565 1.0000000000
13300  11.126  -65.144  22.104 1.0000000000
17533  13.747  -60.194  22.453 1.0000000000
16643  13.736  -61.260  21.477 1.0000000000
16644  12.889  -61.386  21.347 1.0000000000
13299  11.973  -65.361  22.009 1.0000000000
121093  10.614  -65.795  22.107 1.0000000000
120787  9.768  -65.852  22.347 1.0000000000
141687  9.490  -66.486  22.446 1.0000000000
13302  8.594  -65.013  22.605 1.0000000000
130367  8.814  -65.943  22.629 1.0000000000
12468  7.914  -67.356  23.152 1.0000000000
140833  7.939  -68.058  23.283 1.0000000000
12469  7.032  -66.897  23.386 1.0000000000
10881  5.144  -68.801  24.041 1.0000000000
11633  13.139  -67.278  26.640 1.0000000000
126744  11.858  -68.202  26.661 1.0000000000
11635  11.107  -67.874  26.505 1.0000000000
14078  15.114  -64.129  25.599 1.0000000000
13241  14.114  -65.784  26.506 1.0000000000
12435  13.199  -66.494  26.511 1.0000000000
12436  12.521  -67.025  26.519 1.0000000000
11636  10.193  -67.744  26.441 1.0000000000
14905  14.555  -62.885  25.564 1.0000000000
14904  15.104  -63.427  25.351 1.0000000000
142633  14.019  -63.678  25.822 1.0000000000
16610  14.338  -61.159  25.003 1.0000000000
15742  15.111  -61.599  24.661 1.0000000000
141814  9.067  -67.907  26.301 1.0000000000
11638  7.776  -67.459  25.938 1.0000000000
10856  7.397  -68.371  26.023 1.0000000000
10834  4.727  -68.774  26.902 0.8000000119
17513  13.102  -60.365  24.929 1.0000000000
17524  13.975  -60.029  23.475 1.0000000000
17525  13.144  -59.751  22.889 1.0000000000
129350  12.604  -62.303  21.362 1.0000000000
14926  12.077  -63.238  21.791 1.0000000000
14116  11.819  -64.391  22.009 1.0000000000
14928  10.303  -63.739  22.333 1.0000000000
14118  10.009  -64.351  22.342 1.0000000000
141782  12.693  -59.978  24.229 1.0000000000
17548  12.630  -60.669  21.533 1.0000000000
15766  10.959  -62.236  22.116 1.0000000000
14927  11.316  -62.896  22.025 1.0000000000
18365  12.310  -59.630  22.389 1.0000000000
17535  12.095  -60.194  21.747 1.0000000000
120114  9.469  -63.847  22.481 1.0000000000
14119  9.340  -64.619  22.470 1.0000000000
142271  6.489  -65.881  23.350 1.0000000000
13277  7.029  -66.080  23.218 1.0000000000
12471  4.929  -66.140  23.427 1.0000000000
120865  13.025  -64.709  26.291 1.0000000000
120922  12.244  -64.357  26.037 1.0000000000
15721  13.417  -62.418  26.227 1.0000000000
15743  13.781  -63.019  25.916 1.0000000000
14906  13.474  -63.569  26.013 1.0000000000
14079  14.048  -64.172  26.041 1.0000000000
13263  13.100  -65.571  26.394 1.0000000000
12455  12.398  -66.162  26.386 1.0000000000
11653  11.245  -66.895  26.434 1.0000000000
12457  10.559  -66.193  26.318 1.0000000000
16585  12.803  -61.578  26.845 1.0000000000
124945  9.446  -67.504  26.325 1.0000000000
17473  12.506  -61.366  27.617 1.0000000000
16596  13.869  -61.569  25.894 1.0000000000
18309  11.782  -60.076  27.947 1.0000000000
17482  13.363  -60.956  26.138 1.0000000000
11637  8.730  -67.420  26.157 1.0000000000
126495  11.838  -60.177  26.428 1.0000000000
17497  13.799  -60.875  25.331 1.0000000000
12440  7.500  -66.530  25.751 0.8999999762
130736  6.753  -67.823  25.903 0.8999999762
10833  5.104  -68.759  26.532 0.8999999762
18320  11.390  -59.790  26.968 1.0000000000
10857  5.660  -68.177  26.084 0.8999999762
18337  11.516  -59.877  25.447 1.0000000000
18355  12.424  -59.616  23.460 1.0000000000
16645  12.040  -61.098  21.521 1.0000000000
15767  10.162  -62.268  22.442 1.0000000000
119869  9.786  -63.073  22.510 1.0000000000
18356  11.672  -59.417  23.686 1.0000000000
18372  11.527  -59.645  22.160 1.0000000000
17536  11.238  -60.490  21.946 1.0000000000
16633  10.601  -61.384  22.150 1.0000000000
18357  11.181  -59.449  24.440 1.0000000000
18367  10.876  -59.125  23.338 1.0000000000
130908  11.025  -59.286  22.556 1.0000000000
130968  10.714  -59.661  22.200 1.0000000000
127712  10.146  -60.355  22.172 1.0000000000
16634  9.720  -61.463  22.418 1.0000000000
14929  8.893  -63.161  22.629 1.0000000000
132655  9.979  -59.489  22.228 1.0000000000
15768  9.303  -62.327  22.657 1.0000000000
14120  8.507  -64.071  22.609 1.0000000000
13303  7.733  -65.464  22.864 1.0000000000
132204  12.165  -63.313  24.951 1.0000000000
13265  11.492  -64.822  26.066 1.0000000000
15722  12.723  -62.758  26.456 1.0000000000
14907  11.081  -63.178  24.739 1.0000000000
136450  10.943  -64.542  25.320 1.0000000000
142519  10.282  -65.461  26.171 1.0000000000
15707  12.835  -62.190  26.764 1.0000000000
15708  12.288  -62.452  27.143 1.0000000000
120272  11.751  -62.734  26.207 1.0000000000
129826  10.696  -62.499  25.954 1.0000000000
15744  10.144  -62.826  24.754 1.0000000000
14083  9.810  -64.208  24.842 1.0000000000
12458  9.753  -65.799  26.178 1.0000000000
12437  9.939  -66.858  26.332 1.0000000000
18304  11.817  -60.691  29.086 1.0000000000
16575  12.218  -61.777  28.249 1.0000000000
16566  10.616  -61.870  28.840 1.0000000000
15709  11.373  -62.522  27.200 1.0000000000
13268  8.899  -64.214  25.258 1.0000000000
13243  8.685  -65.104  25.913 1.0000000000
12439  8.380  -66.642  25.950 1.0000000000
133134  11.788  -59.715  28.531 1.0000000000
14060  8.078  -64.785  25.823 1.0000000000
18310  11.228  -59.337  27.437 1.0000000000
11639  6.044  -67.298  25.843 0.8999999762
18321  10.594  -59.284  26.647 1.0000000000
18311  10.504  -58.760  27.127 1.0000000000
12442  5.352  -66.674  25.809 0.8999999762
126643  10.982  -59.701  26.119 1.0000000000
135802  10.240  -59.369  25.976 1.0000000000
18339  9.731  -59.193  25.372 1.0000000000
19167  8.792  -58.824  25.646 1.0000000000
18358  10.246  -59.176  24.359 1.0000000000
12443  4.738  -66.703  26.164 0.8999999762
18338  10.607  -59.512  25.293 1.0000000000
19184  9.196  -59.025  24.496 1.0000000000
19191  9.866  -58.838  23.372 1.0000000000
18373  10.239  -59.049  22.567 1.0000000000
14095  6.178  -64.859  23.265 1.0000000000
14121  7.473  -63.970  22.727 1.0000000000
14930  7.953  -63.203  22.710 1.0000000000
13305  3.911  -65.460  22.455 0.8999999762
14097  4.483  -64.649  23.295 1.0000000000
138714  6.419  -63.974  22.973 1.0000000000
14123  3.722  -64.650  22.369 1.0000000000
15699  10.113  -62.330  27.112 1.0000000000
131604  10.177  -62.474  25.048 1.0000000000
15724  9.314  -62.420  24.843 1.0000000000
14908  10.075  -63.419  24.564 1.0000000000
138415  9.384  -63.577  24.659 1.0000000000
18300  10.269  -60.344  30.206 1.0000000000
16560  10.317  -61.345  29.483 1.0000000000
16576  9.891  -62.010  28.187 1.0000000000
16586  9.117  -61.962  27.479 1.0000000000
136194  9.203  -62.119  26.583 1.0000000000
15725  8.460  -62.075  24.942 1.0000000000
19130  11.284  -58.931  30.040 1.0000000000
18299  10.937  -59.827  30.158 1.0000000000
14909  8.719  -63.267  24.717 1.0000000000
143284  8.383  -64.313  25.705 1.0000000000
19134  11.673  -58.559  28.864 1.0000000000
135145  6.365  -64.164  25.468 1.0000000000
13244  7.077  -65.595  25.666 1.0000000000
12441  6.491  -66.508  25.701 0.8999999762
19984  11.689  -57.232  28.445 1.0000000000
19139  10.856  -58.345  27.531 1.0000000000
13245  6.185  -64.987  25.575 0.8999999762
129404  5.809  -65.832  25.659 0.8999999762
19990  11.339  -57.814  27.911 1.0000000000
19140  9.526  -58.148  27.133 1.0000000000
13246  4.965  -65.228  25.530 0.8999999762
122834  4.654  -65.996  25.834 0.8999999762
20809  12.323  -56.864  28.119 1.0000000000
19991  9.922  -57.635  27.354 1.0000000000
19150  8.651  -58.222  26.674 1.0000000000
13247  4.106  -65.219  25.849 0.8999999762
19185  8.284  -58.653  24.713 1.0000000000
19192  8.899  -58.392  23.334 1.0000000000
17537  9.291  -59.691  22.136 1.0000000000
121092  8.866  -61.527  22.632 1.0000000000
120111  8.406  -62.370  22.754 1.0000000000
120110  7.476  -62.375  22.779 1.0000000000
14934  4.021  -63.435  23.090 1.0000000000
14122  5.545  -63.662  23.067 1.0000000000
14931  6.998  -63.185  22.750 1.0000000000
14935  3.741  -64.029  22.774 1.0000000000
15772  4.127  -62.525  22.898 1.0000000000
139650  5.972  -61.751  22.795 1.0000000000
14941  3.019  -63.489  21.009 0.8999999762
16675  2.742  -61.902  19.220 0.8000000119
17445  9.313  -60.385  30.139 1.0000000000
16561  9.430  -61.089  29.543 1.0000000000
16568  8.991  -61.657  28.352 1.0000000000
17475  7.724  -60.872  27.844 1.0000000000
15711  8.830  -62.042  25.562 1.0000000000
15726  7.825  -61.905  24.893 1.0000000000
19968  10.497  -58.347  30.301 1.0000000000
19117  10.467  -59.149  30.356 1.0000000000
17446  8.306  -59.911  29.992 1.0000000000
17466  8.316  -61.118  28.523 1.0000000000
17467  7.719  -60.456  28.705 1.0000000000
134884  7.377  -60.582  27.201 1.0000000000
16597  7.911  -61.716  25.600 1.0000000000
16611  7.199  -61.621  24.898 1.0000000000
14910  7.874  -62.969  24.860 1.0000000000
14888  7.173  -63.630  25.387 1.0000000000
19985  11.624  -57.767  29.141 1.0000000000
18323  7.102  -59.982  26.800 1.0000000000
17499  7.160  -61.163  25.912 1.0000000000
121331  13.139  -56.621  27.841 1.0000000000
16612  6.448  -61.357  24.771 1.0000000000
14911  7.027  -62.847  24.957 1.0000000000
15749  5.842  -62.161  24.698 1.0000000000
133488  5.576  -63.769  25.216 0.8999999762
14890  4.500  -63.714  25.217 0.8999999762
20821  12.265  -56.610  27.176 1.0000000000
20810  11.416  -56.929  27.715 1.0000000000
20811  10.221  -57.058  27.471 1.0000000000
20002  8.857  -57.604  27.183 1.0000000000
135403  10.353  -56.433  27.186 1.0000000000
19992  9.254  -57.050  27.316 1.0000000000
20823  9.497  -56.457  27.124 1.0000000000
19151  7.979  -58.323  25.778 1.0000000000
20822  11.074  -56.163  26.928 1.0000000000
136304  7.898  -58.386  23.965 1.0000000000
19201  8.871  -58.392  22.455 1.0000000000
130735  8.772  -58.869  22.010 1.0000000000
138335  8.507  -59.565  22.047 1.0000000000
137695  7.648  -60.848  22.590 1.0000000000
121070  7.977  -61.542  22.758 1.0000000000
119560  6.168  -60.842  22.719 1.0000000000
126813  2.832  -61.992  20.772 1.0000000000
15781  2.846  -62.730  20.899 1.0000000000
142146  3.615  -62.179  22.493 1.0000000000
15771  5.057  -62.094  22.809 1.0000000000
15787  2.765  -62.531  19.852 0.8999999762
20796  10.091  -56.880  30.274 1.0000000000
19969  9.307  -57.294  30.717 1.0000000000
20791  8.322  -56.918  30.872 1.0000000000
19120  7.859  -58.562  30.492 1.0000000000
18301  7.565  -59.251  29.779 1.0000000000
21635  13.025  -55.745  28.655 1.0000000000
21636  12.190  -55.690  28.964 1.0000000000
19979  11.051  -57.444  30.073 1.0000000000
140159  10.068  -57.615  30.379 1.0000000000
19118  9.674  -58.949  30.610 1.0000000000
19119  8.753  -58.753  30.712 1.0000000000
18312  7.260  -59.996  27.849 1.0000000000
18313  6.735  -59.126  27.207 1.0000000000
144200  13.279  -56.199  28.303 1.0000000000
135541  11.986  -56.611  28.741 1.0000000000
19978  11.510  -56.986  29.294 1.0000000000
18324  6.403  -59.630  26.224 1.0000000000
120245  6.818  -60.870  24.989 1.0000000000
20820  13.912  -56.602  27.270 1.0000000000
20802  12.712  -56.366  28.478 1.0000000000
17515  6.046  -60.605  24.751 1.0000000000
15750  4.797  -62.240  24.547 0.8999999762
14891  3.736  -63.558  25.503 0.8999999762
121280  13.189  -56.634  26.822 1.0000000000
20003  8.039  -57.625  26.588 1.0000000000
141268  12.560  -56.369  26.317 1.0000000000
20849  10.958  -55.865  26.099 1.0000000000
20824  8.495  -56.620  27.059 1.0000000000
20825  7.727  -56.694  26.608 1.0000000000
21653  9.253  -55.929  26.391 1.0000000000
20016  7.378  -57.564  25.734 1.0000000000
19168  7.544  -58.256  24.859 1.0000000000
19193  8.028  -57.968  22.849 1.0000000000
124463  7.268  -58.079  23.985 1.0000000000
128251  8.174  -58.243  22.051 1.0000000000
18375  8.016  -59.000  21.845 1.0000000000
134480  6.335  -59.878  22.418 1.0000000000
137554  3.784  -60.005  22.687 1.0000000000
18379  4.742  -59.714  22.965 1.0000000000
16647  2.850  -62.039  21.700 1.0000000000
16637  2.930  -61.242  22.157 1.0000000000
17542  2.970  -60.252  22.283 1.0000000000
17540  4.491  -60.613  22.793 1.0000000000
122737  2.708  -61.156  19.525 0.8999999762
17553  2.707  -60.516  20.273 0.8999999762
17549  2.771  -60.080  21.545 1.0000000000
17589  2.798  -61.202  18.768 0.8000000119
18407  2.587  -59.744  19.444 0.8000000119
18421  2.587  -59.616  18.464 0.6999999881
20795  10.904  -56.477  29.910 1.0000000000
21627  10.657  -55.535  29.727 1.0000000000
21628  9.972  -55.985  30.150 1.0000000000
20792  7.488  -56.970  30.663 1.0000000000
133869  7.107  -58.192  29.909 1.0000000000
21626  11.297  -55.138  29.245 1.0000000000
19980  7.070  -57.360  30.294 1.0000000000
19135  7.034  -58.792  29.025 1.0000000000
19136  6.590  -58.340  28.134 1.0000000000
20801  13.584  -55.766  28.344 1.0000000000
120184  5.868  -59.307  25.682 1.0000000000
20808  13.826  -56.282  27.913 1.0000000000
137335  5.595  -60.011  24.739 1.0000000000
16613  5.482  -61.378  24.600 1.0000000000
16614  4.477  -61.386  24.519 1.0000000000
15729  4.221  -62.997  24.871 0.8999999762
15730  2.994  -62.519  25.449 0.8000000119
20846  13.905  -56.712  26.364 1.0000000000
20847  13.175  -56.439  25.831 1.0000000000
21678  10.544  -55.643  25.587 1.0000000000
20850  7.090  -56.614  26.250 1.0000000000
20873  6.655  -57.143  25.454 1.0000000000
20851  6.382  -56.318  26.007 1.0000000000
20874  5.974  -56.867  25.117 1.0000000000
20033  5.839  -57.223  24.066 1.0000000000
135835  4.960  -57.284  23.438 1.0000000000
20040  4.190  -57.388  23.629 1.0000000000
20041  3.312  -57.317  23.536 1.0000000000
20031  6.956  -57.821  24.879 1.0000000000
20037  7.118  -57.706  23.006 1.0000000000
20047  6.862  -57.725  22.605 1.0000000000
20038  6.424  -57.593  23.247 1.0000000000
19204  5.839  -57.940  22.755 1.0000000000
19194  4.838  -57.799  23.185 1.0000000000
19202  7.433  -57.866  22.350 1.0000000000
18376  7.389  -58.399  21.930 1.0000000000
19205  5.035  -58.721  23.015 1.0000000000
139585  4.110  -58.498  23.173 1.0000000000
20049  2.854  -57.962  23.105 1.0000000000
18380  3.316  -59.352  22.525 1.0000000000
19207  2.994  -58.702  22.545 0.8999999762
19233  2.572  -58.847  19.965 0.8000000119
138139  2.493  -58.352  19.529 0.6999999881
20073  2.539  -57.739  19.722 0.6999999881
20084  2.397  -57.403  17.953 0.6999999881
22461  9.628  -54.989  29.919 1.0000000000
20790  9.263  -56.410  30.589 1.0000000000
21620  8.470  -55.952  30.602 1.0000000000
22486  14.371  -54.890  27.725 1.0000000000
22487  13.739  -55.080  28.225 1.0000000000
134886  12.991  -54.642  28.185 1.0000000000
22460  10.410  -54.678  29.265 1.0000000000
21630  7.617  -55.528  30.362 1.0000000000
19131  6.742  -58.012  29.053 1.0000000000
144662  15.495  -55.231  27.322 1.0000000000
21641  15.095  -55.639  27.577 1.0000000000
20798  6.440  -56.362  29.671 1.0000000000
19986  6.385  -57.472  28.610 1.0000000000
19141  6.177  -58.197  27.059 1.0000000000
19152  6.053  -58.832  26.330 1.0000000000
21642  14.266  -55.762  27.976 1.0000000000
18340  5.395  -59.315  24.843 1.0000000000
18359  4.810  -59.897  24.595 1.0000000000
21651  15.836  -55.752  27.118 1.0000000000
20807  15.390  -56.274  27.203 1.0000000000
16615  3.552  -61.239  24.640 0.8000000119
16600  2.520  -61.081  25.159 0.8000000119
20818  15.917  -56.442  26.594 1.0000000000
20845  14.602  -56.772  26.033 1.0000000000
20844  15.372  -56.750  25.874 1.0000000000
20871  13.927  -56.552  25.391 1.0000000000
21654  8.647  -55.765  26.170 1.0000000000
21679  9.061  -54.985  25.650 1.0000000000
21677  11.393  -55.691  25.274 1.0000000000
125219  9.702  -55.447  25.657 1.0000000000
21655  7.772  -55.913  26.389 1.0000000000
21680  8.182  -54.942  26.027 1.0000000000
21700  10.579  -55.205  24.810 1.0000000000
21681  7.125  -55.611  26.371 1.0000000000
20875  5.305  -56.570  24.506 1.0000000000
20876  4.381  -56.367  24.465 1.0000000000
20889  3.748  -56.906  24.133 1.0000000000
138052  2.566  -56.425  23.300 1.0000000000
20042  2.764  -57.163  23.323 1.0000000000
20050  2.583  -57.378  22.717 1.0000000000
19218  2.621  -58.542  20.947 0.8000000119
20062  2.617  -57.626  20.701 0.6999999881
20904  2.626  -57.094  21.605 1.0000000000
119840  2.609  -57.121  20.017 0.8000000119
20946  2.536  -56.789  17.204 0.6999999881
20937  2.476  -56.508  18.223 0.8000000119
22475  9.530  -54.277  29.099 1.0000000000
124420  8.771  -54.420  29.642 1.0000000000
22519  14.882  -54.223  25.973 1.0000000000
22498  13.950  -54.150  26.556 1.0000000000
22499  13.431  -54.351  27.524 1.0000000000
23290  12.463  -54.113  27.408 1.0000000000
23277  10.230  -53.956  28.450 1.0000000000
22463  7.088  -54.927  30.057 1.0000000000
20803  6.209  -56.658  28.957 1.0000000000
22518  15.971  -54.575  26.073 1.0000000000
22496  15.755  -54.913  26.982 1.0000000000
22497  15.062  -54.761  27.223 1.0000000000
19987  6.091  -56.938  28.187 1.0000000000
21675  16.327  -55.448  26.536 1.0000000000
19153  5.578  -58.023  26.157 1.0000000000
19154  4.762  -57.961  25.328 0.8999999762
121812  4.879  -58.661  24.838 0.8999999762
19186  3.590  -59.000  24.571 0.8999999762
17519  2.672  -60.342  24.865 0.8000000119
17501  2.366  -60.250  25.561 0.6999999881
21674  16.343  -56.033  26.519 1.0000000000
17518  3.334  -60.441  24.631 0.8999999762
121271  16.086  -56.710  25.641 1.0000000000
140270  15.607  -56.782  25.153 1.0000000000
20870  14.784  -56.655  25.030 1.0000000000
21697  14.023  -56.201  24.613 1.0000000000
21698  12.146  -55.655  24.514 1.0000000000
21699  11.401  -55.352  24.401 1.0000000000
21701  9.653  -54.807  24.968 1.0000000000
22522  7.235  -54.497  26.162 1.0000000000
140577  6.220  -54.425  26.186 1.0000000000
22523  5.305  -54.218  25.611 1.0000000000
21684  4.715  -55.012  25.300 1.0000000000
21704  3.277  -55.419  24.627 1.0000000000
21716  2.693  -55.952  24.155 1.0000000000
21682  6.289  -55.359  26.306 1.0000000000
21683  5.520  -55.119  25.884 1.0000000000
21702  5.011  -55.755  24.953 1.0000000000
21703  4.134  -55.648  24.850 1.0000000000
20877  3.436  -56.219  24.402 1.0000000000
20896  2.477  -56.445  22.308 1.0000000000
20912  2.710  -56.736  20.682 0.8999999762
125700  2.546  -57.082  19.095 0.8000000119
135076  2.754  -56.281  19.077 0.8000000119
21763  2.643  -55.877  17.449 0.6999999881
23308  11.759  -53.611  26.559 1.0000000000
23291  11.682  -53.997  27.443 1.0000000000
126385  8.783  -54.040  28.878 1.0000000000
22477  7.113  -54.340  29.528 0.8999999762
22464  6.392  -54.921  29.667 1.0000000000
22517  16.869  -55.076  25.880 1.0000000000
22478  5.848  -54.851  29.194 0.8999999762
19994  5.694  -56.846  27.547 0.8999999762
19142  5.621  -57.430  26.885 0.8999999762
22516  17.774  -55.501  25.613 1.0000000000
20804  5.755  -56.180  28.241 0.8999999762
20004  5.062  -57.203  25.964 0.8999999762
124655  3.939  -57.707  24.832 0.8999999762
19187  2.847  -58.997  24.758 0.8000000119
19171  2.520  -58.717  25.148 0.6000000238
19143  2.140  -58.126  26.817 0.5000000000
123580  17.065  -55.961  25.997 1.0000000000
139541  2.412  -58.627  27.679 0.4000000060
19137  2.581  -58.074  28.611 0.3000000119
21673  17.951  -56.101  25.428 1.0000000000
144412  16.673  -56.708  25.393 1.0000000000
20867  18.055  -56.537  24.910 1.0000000000
20868  17.060  -56.768  24.911 1.0000000000
21695  15.491  -56.359  24.410 1.0000000000
20887  16.421  -56.463  24.245 1.0000000000
21696  14.578  -55.946  24.178 1.0000000000
21713  13.712  -55.669  23.935 1.0000000000
21714  12.770  -55.446  23.784 1.0000000000
22552  13.387  -55.057  23.222 1.0000000000
22553  12.423  -54.825  23.063 1.0000000000
22538  11.038  -54.864  23.900 1.0000000000
22539  10.210  -54.637  24.120 1.0000000000
22521  8.897  -54.421  25.127 1.0000000000
22542  8.174  -53.923  25.419 1.0000000000
142808  7.574  -53.827  25.668 1.0000000000
132473  6.962  -53.723  25.669 1.0000000000
123732  6.109  -53.788  25.774 1.0000000000
23330  5.511  -53.289  25.490 1.0000000000
22524  4.277  -54.266  25.423 1.0000000000
22525  3.599  -54.259  25.262 1.0000000000
21705  2.666  -55.116  24.276 1.0000000000
21717  2.482  -55.492  23.628 1.0000000000
22554  11.466  -54.618  23.080 1.0000000000
22555  9.962  -54.174  23.663 1.0000000000
22540  9.489  -54.267  24.307 1.0000000000
22541  8.825  -53.857  24.441 1.0000000000
23346  8.266  -53.535  24.324 1.0000000000
23347  7.720  -53.484  24.937 1.0000000000
23348  6.442  -53.187  25.187 1.0000000000
23361  11.007  -53.952  22.809 1.0000000000
23362  10.107  -53.768  23.119 1.0000000000
22557  8.712  -53.469  23.682 1.0000000000
23381  3.359  -52.761  21.922 0.8000000119
22588  2.953  -54.571  21.585 0.8000000119
22574  2.565  -54.748  22.959 1.0000000000
23407  3.874  -53.706  20.774 0.6999999881
21728  3.541  -55.127  20.423 0.8000000119
21726  2.476  -55.733  21.896 1.0000000000
22616  3.833  -54.316  20.214 0.8000000119
119944  2.704  -56.219  21.359 0.8999999762
21729  2.980  -55.886  20.527 0.8000000119
21750  2.798  -55.692  18.516 0.6999999881
21787  2.768  -56.108  16.385 0.5000000000
23325  14.355  -53.456  24.981 1.0000000000
23326  13.351  -53.042  24.932 1.0000000000
143506  12.106  -53.461  25.986 1.0000000000
23309  9.969  -53.174  26.603 1.0000000000
123387  9.668  -53.420  27.653 1.0000000000
22462  7.877  -54.615  29.961 1.0000000000
133307  2.976  -55.323  32.079 0.1000000015
20793  2.515  -56.306  30.849 0.1000000015
23342  16.630  -53.388  24.611 1.0000000000
23343  15.796  -53.218  24.699 1.0000000000
23324  15.353  -53.818  25.236 1.0000000000
23292  8.928  -53.357  27.672 0.8999999762
23279  8.278  -53.521  28.273 0.8999999762
23281  6.217  -54.135  29.174 0.8999999762
141535  2.944  -54.830  31.539 0.2000000030
120582  2.402  -55.609  30.147 0.2000000030
23341  18.306  -53.993  24.630 1.0000000000
22537  17.374  -54.327  25.109 1.0000000000
21643  5.224  -55.528  27.617 0.8999999762
19995  5.189  -56.648  26.716 0.8999999762
20826  4.325  -56.493  26.037 0.8999999762
20853  3.629  -56.824  25.652 0.8000000119
20019  2.637  -57.922  25.545 0.6999999881
20005  2.225  -57.552  26.231 0.4000000060
19988  2.126  -57.290  27.999 0.3000000119
22535  19.013  -55.010  24.932 1.0000000000
22536  18.258  -54.930  25.243 1.0000000000
20018  3.378  -57.456  25.309 0.8999999762
122333  19.250  -55.853  24.813 1.0000000000
21694  18.632  -56.133  25.015 1.0000000000
142826  19.096  -56.285  24.439 1.0000000000
20886  17.349  -56.565  24.102 1.0000000000
21711  15.732  -55.831  23.683 1.0000000000
126796  15.061  -55.724  23.756 1.0000000000
21712  14.379  -55.321  23.386 1.0000000000
21722  15.803  -55.200  23.123 1.0000000000
23331  4.708  -53.642  25.494 1.0000000000
23349  3.044  -53.836  24.898 1.0000000000
22558  2.553  -54.119  23.645 1.0000000000
22571  13.962  -54.606  22.881 1.0000000000
22572  13.068  -54.370  22.691 1.0000000000
22573  12.030  -53.977  22.595 1.0000000000
24185  7.225  -52.992  24.617 1.0000000000
24186  6.451  -52.084  24.533 1.0000000000
25041  4.557  -51.929  25.454 1.0000000000
24175  4.604  -52.870  25.491 1.0000000000
23332  3.791  -53.455  25.383 0.8999999762
23350  2.694  -53.527  24.257 0.8999999762
134079  9.373  -53.358  23.194 1.0000000000
24199  8.726  -52.933  23.242 1.0000000000
23363  8.014  -53.080  23.863 1.0000000000
25066  7.195  -51.852  24.172 1.0000000000
24217  2.901  -52.661  22.932 0.8999999762
23382  2.829  -53.413  22.382 0.8000000119
23379  11.369  -53.320  22.649 1.0000000000
23380  9.976  -53.163  22.963 1.0000000000
24181  15.482  -52.248  24.490 1.0000000000
23344  14.925  -52.946  24.673 1.0000000000
23327  12.442  -53.082  25.509 1.0000000000
23328  11.596  -53.028  25.712 1.0000000000
23329  10.826  -53.078  26.085 1.0000000000
23310  9.025  -53.093  26.811 1.0000000000
22417  3.318  -54.643  32.392 0.1000000015
24179  17.424  -53.324  24.357 1.0000000000
24180  16.209  -52.527  24.384 1.0000000000
23293  8.233  -53.097  27.120 0.8999999762
23280  7.118  -53.595  28.764 0.8999999762
23282  5.803  -53.734  28.492 0.8999999762
22479  5.621  -54.383  28.597 0.8999999762
21632  2.065  -55.324  29.124 0.2000000030
19982  2.392  -56.880  29.449 0.3000000119
23340  19.416  -54.226  24.432 1.0000000000
21656  3.863  -55.658  26.328 0.8999999762
21657  3.074  -55.434  26.150 0.6999999881
20828  2.624  -56.075  26.209 0.6000000238
127863  2.101  -56.020  26.800 0.5000000000
121423  1.946  -56.573  27.394 0.3000000119
121023  2.071  -56.552  28.466 0.3000000119
22534  19.991  -55.358  24.451 1.0000000000
21658  2.567  -55.299  26.537 0.6999999881
21708  19.078  -56.268  23.626 1.0000000000
21709  17.519  -56.103  23.266 1.0000000000
21710  16.579  -55.970  23.446 1.0000000000
22570  14.902  -54.708  22.940 1.0000000000
135420  13.702  -53.920  22.542 1.0000000000
141182  6.403  -51.201  24.504 0.8999999762
124865  5.464  -50.847  24.838 0.8000000119
131022  3.864  -51.406  25.236 0.8999999762
24188  3.041  -52.899  24.882 0.8999999762
129831  2.651  -53.959  22.864 0.8999999762
24215  9.534  -52.720  23.048 1.0000000000
25082  9.841  -52.012  23.140 1.0000000000
25065  7.774  -51.777  23.674 1.0000000000
25960  3.432  -50.080  22.804 0.6000000238
144260  3.282  -51.272  23.947 0.6999999881
24201  3.035  -51.816  23.474 0.6999999881
23364  2.672  -53.386  23.360 0.8000000119
23377  12.937  -53.489  22.477 1.0000000000
24213  11.105  -52.571  22.821 1.0000000000
138410  15.928  -51.726  24.274 0.8999999762
24182  14.688  -51.912  24.554 1.0000000000
24167  13.178  -52.030  24.638 1.0000000000
24169  11.654  -52.446  24.992 1.0000000000
24170  10.806  -52.479  25.198 1.0000000000
121116  2.306  -54.722  29.807 0.2000000030
24197  18.669  -53.059  23.926 1.0000000000
141670  17.955  -53.179  24.102 1.0000000000
25047  16.628  -51.785  24.013 0.8999999762
24168  12.436  -52.357  24.824 1.0000000000
24148  9.903  -52.575  25.396 0.8999999762
136366  7.459  -52.631  26.433 0.8999999762
23295  6.398  -53.262  27.915 0.8999999762
22490  5.106  -54.621  27.779 0.8999999762
140444  1.932  -55.768  28.522 0.2000000030
24195  20.383  -53.124  23.673 0.8999999762
21639  1.888  -54.975  28.065 0.4000000060
134198  20.548  -54.459  24.084 0.8999999762
21646  2.041  -55.088  27.058 0.5000000000
21692  20.325  -55.727  24.030 0.8999999762
21693  19.806  -56.022  24.326 1.0000000000
21707  19.906  -56.191  24.026 0.8999999762
21719  19.651  -55.855  23.223 1.0000000000
126507  18.304  -56.124  23.205 1.0000000000
21721  17.856  -55.478  22.667 1.0000000000
137070  16.768  -55.102  22.704 1.0000000000
22569  15.774  -54.368  22.638 1.0000000000
134342  14.981  -53.897  22.554 1.0000000000
23378  12.110  -52.760  22.607 1.0000000000
24212  13.154  -52.592  22.461 1.0000000000
25081  10.644  -51.872  23.108 1.0000000000
25959  10.096  -51.248  23.268 1.0000000000
25064  8.572  -51.468  23.506 1.0000000000
25942  7.789  -50.412  24.298 1.0000000000
26782  4.594  -49.631  24.344 0.6999999881
25062  16.768  -50.784  23.922 0.8999999762
25048  16.098  -50.802  24.069 0.8999999762
130090  13.876  -51.442  24.570 1.0000000000
131030  18.525  -51.828  23.313 0.8999999762
25060  17.887  -51.076  23.400 0.8999999762
25061  17.237  -51.297  23.783 0.8000000119
25050  14.477  -50.910  24.481 0.8999999762
25051  13.143  -50.990  24.502 1.0000000000
24183  12.363  -51.291  24.563 1.0000000000
132583  10.963  -51.682  24.638 1.0000000000
120207  9.992  -51.883  24.760 1.0000000000
24171  9.122  -52.047  24.911 0.8999999762
24150  8.218  -52.724  26.019 0.8999999762
24136  5.806  -52.711  27.039 0.8999999762
128427  5.584  -53.342  27.754 0.8999999762
23360  19.697  -53.462  23.969 0.8999999762
24196  19.431  -52.436  23.480 0.8999999762
23359  21.083  -54.697  23.755 0.8999999762
21718  20.304  -55.740  23.694 0.8999999762
22565  20.283  -55.393  22.887 0.8999999762
22566  19.349  -55.282  22.421 0.8999999762
22585  19.954  -54.744  22.093 0.8999999762
22567  18.402  -54.952  22.241 1.0000000000
22568  17.518  -54.526  22.192 1.0000000000
22587  18.142  -54.178  21.900 1.0000000000
127341  16.596  -53.908  22.136 1.0000000000
126096  15.677  -53.522  22.272 1.0000000000
23376  14.278  -53.502  22.433 1.0000000000
128353  14.936  -53.068  22.313 1.0000000000
131506  13.623  -53.227  22.413 1.0000000000
25080  11.586  -51.642  22.992 1.0000000000
137123  10.852  -51.143  23.230 1.0000000000
25941  8.568  -50.543  24.067 1.0000000000
26800  6.422  -49.530  24.320 0.8000000119
27689  4.108  -47.995  22.691 0.6000000238
120355  14.954  -52.203  22.181 1.0000000000
25078  13.567  -51.762  22.400 1.0000000000
25079  12.644  -51.734  22.662 1.0000000000
25957  12.275  -50.781  22.920 1.0000000000
25958  11.403  -50.608  23.214 1.0000000000
26815  11.206  -49.820  23.356 1.0000000000
26827  3.951  -48.663  20.943 0.6000000238
137522  14.326  -51.759  22.246 1.0000000000
25956  13.192  -50.877  22.608 1.0000000000
26814  11.961  -49.872  23.160 1.0000000000
25939  17.389  -50.280  23.806 0.8000000119
25922  15.643  -49.893  24.309 0.6999999881
137984  18.643  -50.701  23.162 0.8000000119
25923  14.755  -49.944  24.412 0.6000000238
25924  13.699  -50.043  24.414 0.6999999881
25925  12.665  -50.203  24.490 0.8000000119
25059  19.369  -51.174  23.065 0.8000000119
25913  12.204  -49.714  24.994 0.6999999881
135778  21.131  -52.643  23.388 0.8999999762
24194  21.847  -53.090  23.280 0.8999999762
124579  21.288  -53.818  23.547 0.8999999762
23358  22.040  -53.676  23.165 0.8999999762
22549  22.069  -54.040  22.751 0.8999999762
22564  21.696  -54.422  22.536 0.8999999762
134589  20.915  -54.781  22.461 0.8999999762
23394  19.494  -53.803  21.581 0.8999999762
23396  17.535  -53.626  21.847 0.8999999762
23395  18.460  -53.435  21.580 0.8999999762
24209  16.231  -53.120  22.050 1.0000000000
24227  16.359  -52.419  21.926 1.0000000000
24210  15.652  -52.704  22.138 1.0000000000
121816  9.826  -49.662  23.691 1.0000000000
26798  8.206  -49.686  24.199 0.8999999762
134134  7.755  -49.080  24.091 0.8999999762
140803  5.288  -48.433  23.462 0.6999999881
26797  10.608  -49.321  23.457 1.0000000000
132279  9.300  -49.109  23.741 0.8999999762
25076  14.983  -51.219  22.103 1.0000000000
25077  14.057  -50.995  22.323 1.0000000000
131688  12.831  -49.948  22.828 1.0000000000
25955  13.788  -50.002  22.508 1.0000000000
26795  17.511  -49.093  23.896 0.6000000238
25921  16.577  -49.693  24.042 0.6999999881
25075  20.315  -50.482  22.700 0.8999999762
131459  16.110  -49.255  24.534 0.6000000238
26778  15.225  -49.114  24.696 0.6000000238
26779  14.354  -49.344  24.655 0.6000000238
25057  21.922  -52.076  23.125 0.8999999762
25058  20.990  -51.598  23.034 0.8999999762
24193  22.561  -52.920  23.021 0.8999999762
23375  22.829  -53.441  22.183 0.8999999762
22583  22.147  -54.216  21.977 0.8999999762
22584  21.534  -54.320  21.904 0.8999999762
23392  22.006  -53.799  21.631 0.8999999762
132601  20.081  -53.216  21.284 0.8999999762
124669  19.159  -52.865  21.201 0.8999999762
24226  17.700  -52.781  21.577 0.8999999762
23397  16.916  -53.007  21.847 1.0000000000
24225  18.392  -52.493  21.246 0.8999999762
129191  17.830  -52.023  21.274 1.0000000000
135032  17.099  -52.205  21.630 1.0000000000
24228  15.736  -51.866  22.025 1.0000000000
27675  9.092  -48.554  23.416 0.8999999762
28554  7.449  -47.808  23.085 0.8000000119
28557  4.718  -47.526  22.991 0.6000000238
25091  16.495  -51.640  21.701 1.0000000000
26796  11.507  -48.986  23.254 1.0000000000
140951  10.059  -48.007  23.088 0.8999999762
25967  15.877  -51.035  21.795 1.0000000000
132535  12.477  -49.072  23.078 1.0000000000
27673  10.673  -48.464  23.197 1.0000000000
28551  10.639  -47.674  22.883 1.0000000000
26813  13.373  -49.060  22.845 1.0000000000
27687  12.934  -48.238  22.848 1.0000000000
26776  17.735  -48.637  24.111 0.5000000000
25074  21.387  -50.706  22.751 0.8000000119
25952  20.259  -49.405  22.871 0.6000000238
26793  19.763  -48.996  23.299 0.6000000238
119607  19.085  -48.673  23.775 0.6999999881
27654  17.862  -48.608  24.360 0.4000000060
26765  15.421  -48.824  25.154 0.6000000238
25073  22.391  -51.119  22.862 0.8999999762
26766  14.534  -48.903  25.044 0.6000000238
138385  22.733  -52.079  22.949 0.8999999762
26747  14.390  -49.027  25.924 0.4000000060
132131  23.151  -52.427  22.615 0.8999999762
24207  23.298  -52.739  22.005 0.8999999762
143204  22.954  -53.232  21.841 0.8999999762
24222  22.523  -53.204  21.483 0.8999999762
24223  21.653  -52.981  21.203 0.8999999762
24224  20.668  -52.663  21.090 0.8999999762
142834  5.728  -46.911  21.943 0.6000000238
24234  20.384  -51.989  20.790 0.8999999762
25088  18.908  -51.974  20.886 1.0000000000
139233  18.332  -51.951  21.024 1.0000000000
28572  8.831  -47.266  22.774 0.8999999762
28574  5.748  -47.118  22.645 0.6000000238
28590  5.356  -47.090  21.452 0.5000000000
25089  18.226  -51.294  20.903 1.0000000000
25090  17.267  -51.430  21.318 1.0000000000
28570  11.382  -47.167  22.649 1.0000000000
25966  16.610  -50.863  21.412 1.0000000000
128536  16.056  -50.249  21.543 1.0000000000
25953  15.349  -50.307  21.946 1.0000000000
27688  12.139  -48.393  23.009 1.0000000000
129232  11.427  -48.052  23.005 1.0000000000
25954  14.564  -50.299  22.220 1.0000000000
138614  14.354  -49.718  22.340 1.0000000000
26812  14.213  -49.065  22.432 1.0000000000
27686  13.762  -48.314  22.535 1.0000000000
25951  21.040  -49.660  22.728 0.8000000119
133241  20.885  -48.945  23.083 0.5000000000
26774  19.915  -48.849  23.725 0.5000000000
26761  19.179  -48.733  24.371 0.3000000119
25950  21.813  -50.032  22.656 0.6999999881
25072  23.699  -51.834  22.148 0.8999999762
134356  23.199  -51.456  22.726 0.8999999762
25086  23.804  -51.850  21.336 0.8999999762
25087  23.158  -52.634  21.443 0.8999999762
24232  22.373  -52.460  20.998 0.8999999762
24233  21.271  -52.157  20.837 0.8999999762
30438  6.728  -45.918  22.003 0.6000000238
25100  19.658  -51.470  20.669 1.0000000000
141531  18.937  -51.361  20.707 1.0000000000
132106  10.922  -46.570  22.444 1.0000000000
29495  10.161  -46.377  22.390 1.0000000000
28573  7.931  -47.222  22.800 0.8999999762
29499  6.656  -46.857  22.418 0.6000000238
29500  6.209  -46.579  21.972 0.6000000238
25974  18.998  -50.659  20.588 1.0000000000
25965  17.373  -50.509  21.010 1.0000000000
26826  15.637  -49.527  21.717 1.0000000000
27684  15.283  -48.733  21.828 1.0000000000
27704  15.220  -48.013  21.673 1.0000000000
29493  12.751  -47.126  22.375 1.0000000000
124478  12.139  -46.884  22.472 1.0000000000
28571  9.819  -47.277  22.740 1.0000000000
132323  16.647  -50.186  21.208 1.0000000000
26811  14.885  -49.476  22.103 1.0000000000
144601  14.727  -48.859  22.123 1.0000000000
27685  14.542  -48.308  22.083 1.0000000000
138176  14.047  -47.759  22.145 1.0000000000
28589  14.002  -47.105  21.966 1.0000000000
28568  13.386  -47.555  22.368 1.0000000000
28569  12.251  -47.634  22.735 1.0000000000
26809  22.627  -49.491  22.987 0.5000000000
26810  21.751  -49.386  22.857 0.6999999881
26772  21.742  -49.329  23.527 0.4000000060
25920  21.823  -49.924  24.343 0.2000000030
26760  20.072  -49.095  24.386 0.3000000119
25949  22.765  -50.035  22.775 0.6999999881
25908  21.830  -50.835  25.058 0.1000000015
25948  23.761  -50.801  22.438 0.8000000119
25071  24.210  -51.151  21.710 0.8000000119
25085  24.339  -51.068  20.981 0.8999999762
25097  23.246  -51.935  20.846 0.8999999762
25098  21.967  -51.499  20.568 0.8999999762
25099  20.708  -51.373  20.589 0.8999999762
25973  20.046  -50.574  20.459 0.8999999762
29496  9.181  -46.481  22.454 0.8999999762
29497  8.249  -46.490  22.486 0.6999999881
25964  18.179  -50.366  20.767 1.0000000000
29511  12.511  -46.326  22.091 1.0000000000
29494  11.637  -46.356  22.320 1.0000000000
30433  10.927  -45.898  22.228 1.0000000000
30435  9.473  -45.653  22.195 0.8999999762
30448  9.874  -44.940  21.963 0.8000000119
26823  17.785  -49.686  20.806 1.0000000000
26824  16.982  -49.672  20.918 1.0000000000
26825  16.273  -49.587  21.274 1.0000000000
134091  15.887  -48.986  21.429 1.0000000000
27703  15.824  -48.404  21.291 1.0000000000
29508  15.132  -47.457  21.391 1.0000000000
28567  14.597  -47.570  21.796 1.0000000000
29492  13.299  -46.776  22.045 1.0000000000
30445  12.628  -45.730  21.373 1.0000000000
30446  11.726  -45.509  21.880 1.0000000000
27702  16.580  -48.890  20.914 1.0000000000
26791  22.696  -49.577  23.389 0.4000000060
132430  23.636  -49.723  22.808 0.5000000000
25907  22.676  -50.450  25.225 0.1000000015
25963  24.498  -50.465  21.432 0.8000000119
25972  23.250  -50.395  20.221 0.8000000119
137274  22.939  -51.196  20.468 0.8999999762
129977  21.104  -50.573  20.374 0.8999999762
130468  22.136  -50.561  20.291 0.8999999762
30436  8.508  -45.684  22.223 0.8000000119
30437  7.570  -45.712  22.189 0.6000000238
26838  20.491  -49.616  20.247 0.8999999762
26839  19.436  -49.735  20.440 1.0000000000
134092  18.891  -49.059  20.496 1.0000000000
27700  18.157  -48.860  20.701 1.0000000000
30447  10.781  -45.100  21.981 1.0000000000
30434  10.265  -45.583  22.168 1.0000000000
31365  9.411  -44.240  21.550 0.8000000119
30449  8.746  -44.794  21.904 0.6999999881
30450  6.568  -45.432  21.400 0.4000000060
30467  6.239  -45.865  21.079 0.4000000060
27719  18.720  -48.399  20.467 1.0000000000
134999  17.390  -49.094  20.777 1.0000000000
29510  13.800  -46.512  21.568 1.0000000000
131654  13.121  -46.286  21.642 1.0000000000
27701  17.432  -48.410  20.734 1.0000000000
28587  16.587  -48.015  20.814 1.0000000000
28588  15.747  -47.713  21.054 1.0000000000
119432  23.447  -49.434  23.513 0.3000000119
26771  23.465  -49.528  24.423 0.3000000119
26759  23.332  -49.827  25.516 0.1000000015
26770  23.944  -49.072  24.268 0.4000000060
26742  23.392  -49.028  26.120 0.1000000015
26743  22.875  -49.774  26.618 0.1000000015
27628  21.971  -49.109  27.503 0.1000000015
27615  21.632  -48.946  28.272 0.1000000015
26808  24.469  -49.687  21.901 0.5000000000
128227  21.551  -48.236  27.811 0.1000000015
29389  21.512  -46.424  29.445 0.1000000015
29404  21.396  -46.616  28.692 0.1000000015
26822  24.662  -49.826  21.131 0.6000000238
25971  24.222  -50.546  20.483 0.8000000119
26836  22.309  -49.754  20.001 0.8000000119
26837  21.466  -49.901  20.170 0.8000000119
27718  19.571  -48.805  20.233 1.0000000000
142719  8.534  -44.013  21.497 0.6999999881
32280  7.968  -43.377  21.232 0.5000000000
31368  6.821  -44.869  21.109 0.4000000060
30466  6.570  -45.450  20.673 0.2000000030
28602  19.164  -48.118  20.193 1.0000000000
27720  18.113  -48.170  20.632 1.0000000000
29509  14.626  -46.876  21.329 1.0000000000
29525  13.368  -45.995  20.988 1.0000000000
31364  10.356  -44.428  21.535 0.8999999762
135273  6.561  -46.018  20.266 0.1000000015
28604  17.508  -47.626  20.566 1.0000000000
28605  16.491  -47.064  20.693 1.0000000000
28606  15.501  -46.979  20.920 1.0000000000
29524  14.218  -46.150  20.842 1.0000000000
26758  23.770  -49.055  25.224 0.2000000030
26790  23.979  -49.063  23.348 0.5000000000
27642  22.606  -48.758  26.779 0.1000000015
27643  21.832  -48.163  27.159 0.1000000015
26789  24.392  -48.917  22.432 0.4000000060
29426  21.255  -46.689  27.861 0.1000000015
27698  24.567  -48.971  21.566 0.4000000060
26834  24.448  -49.891  20.468 0.6999999881
128462  24.353  -49.205  20.077 0.6999999881
26835  23.971  -49.790  19.986 0.8000000119
134244  23.138  -49.545  19.881 0.8000000119
27715  22.574  -49.073  19.448 0.8000000119
27717  20.443  -48.797  19.977 0.8000000119
28627  20.846  -48.369  19.472 0.8000000119
32293  8.297  -42.604  21.046 0.6999999881
32281  7.392  -43.583  21.089 0.3000000119
31382  6.914  -44.613  20.306 0.3000000119
29550  6.884  -45.306  20.003 0.1000000015
28601  19.884  -48.238  19.791 0.8000000119
30464  12.905  -45.273  20.545 1.0000000000
31378  12.319  -44.521  19.932 0.8999999762
31379  11.510  -44.286  20.524 0.8999999762
31380  9.858  -43.699  21.207 0.8000000119
29549  7.074  -45.588  19.696 0.1000000015
28603  18.468  -47.775  20.312 1.0000000000
29521  17.921  -47.211  20.135 1.0000000000
134156  17.289  -46.789  20.287 1.0000000000
29523  15.088  -46.295  20.667 1.0000000000
30463  13.783  -45.479  20.332 1.0000000000
31396  13.281  -44.858  19.694 1.0000000000
29530  6.912  -46.268  19.967 0.1000000015
139926  16.677  -46.365  20.362 1.0000000000
29522  16.001  -46.287  20.590 1.0000000000
30461  15.589  -45.680  20.171 1.0000000000
30462  14.689  -45.596  20.240 1.0000000000
30482  14.236  -45.008  19.652 1.0000000000
27653  23.679  -48.271  25.709 0.2000000030
27641  23.163  -48.292  26.339 0.1000000015
27672  24.295  -48.634  23.950 0.3000000119
27662  24.217  -48.301  24.774 0.3000000119
28523  22.374  -47.896  26.618 0.1000000015
28524  21.753  -47.446  26.844 0.1000000015
27671  24.469  -48.477  23.202 0.3000000119
27661  24.630  -47.983  23.926 0.3000000119
29427  20.875  -46.051  27.515 0.1000000015
27713  24.629  -49.320  20.738 0.6000000238
27699  24.553  -48.651  20.701 0.6000000238
134863  24.266  -48.423  19.904 0.5000000000
27714  23.602  -48.887  19.628 0.8000000119
27736  21.950  -48.511  18.956 0.8000000119
32294  7.557  -42.819  20.734 0.5000000000
32326  7.357  -43.677  18.851 0.1000000015
30483  7.344  -45.643  19.000 0.1000000015
32290  11.030  -43.647  20.307 0.8999999762
28629  18.504  -47.118  19.820 1.0000000000
29544  17.932  -46.487  19.671 0.8999999762
32292  9.282  -42.863  21.001 0.6999999881
29545  17.115  -46.094  19.847 1.0000000000
30460  16.400  -45.806  20.042 1.0000000000
30481  15.155  -45.111  19.588 1.0000000000
28534  23.922  -47.415  25.328 0.2000000030
28536  22.122  -47.051  26.377 0.1000000015
29474  24.102  -46.494  24.927 0.2000000030
29462  23.463  -46.764  25.479 0.1000000015
133784  21.138  -46.583  27.233 0.1000000015
135128  24.701  -47.774  23.239 0.3000000119
28543  24.824  -47.180  23.678 0.3000000119
29447  21.359  -46.690  26.709 0.1000000015
29448  20.784  -46.082  26.837 0.1000000015
28550  24.745  -47.198  22.871 0.3000000119
28585  24.480  -48.047  21.486 0.3000000119
28565  24.367  -47.298  22.097 0.3000000119
28586  24.385  -47.952  20.667 0.5000000000
27734  23.765  -48.071  19.313 0.8000000119
28625  23.356  -47.546  18.824 0.8000000119
123047  21.356  -47.737  18.877 0.8000000119
128177  20.279  -47.654  19.271 0.8000000119
28628  19.292  -47.483  19.720 0.8000000119
128351  12.707  -44.192  18.934 0.8999999762
31397  12.092  -44.100  19.208 0.8999999762
31398  11.666  -43.808  19.777 0.8999999762
32304  10.831  -42.786  20.036 0.8000000119
132249  19.842  -46.982  19.145 0.8000000119
33220  9.710  -42.431  20.589 0.8000000119
30478  17.546  -45.681  19.311 0.8999999762
30479  16.842  -45.420  19.431 1.0000000000
30480  16.022  -45.287  19.430 1.0000000000
29475  23.377  -45.954  25.196 0.1000000015
30407  24.212  -45.408  24.470 0.1000000015
29464  21.679  -46.283  26.027 0.1000000015
30431  24.588  -45.760  22.800 0.3000000119
29490  24.519  -46.450  22.501 0.3000000119
29491  23.992  -46.457  21.800 0.2000000030
28566  24.105  -47.205  21.138 0.4000000060
28600  24.161  -47.642  20.011 0.4000000060
28624  23.866  -47.369  19.355 0.5000000000
29541  21.881  -46.966  18.608 0.6999999881
29542  20.762  -46.971  18.869 0.6999999881
29565  20.075  -46.213  18.699 0.8000000119
30477  18.331  -45.814  19.115 0.8000000119
32303  11.993  -43.449  19.208 0.8000000119
137643  11.552  -42.412  19.551 0.8000000119
31392  17.261  -45.082  18.826 0.8999999762
31393  16.532  -44.887  18.796 0.8999999762
31394  15.596  -44.646  18.772 0.8999999762
31395  14.707  -44.540  19.067 1.0000000000
128731  13.795  -44.455  19.033 0.8999999762
32325  7.760  -43.336  18.431 0.1000000015
30432  24.297  -45.718  22.288 0.2000000030
29507  23.789  -46.330  21.223 0.3000000119
29540  22.930  -46.913  18.539 0.6000000238
29563  22.435  -46.228  18.514 0.6000000238
29564  21.321  -46.232  18.559 0.8000000119
32324  12.896  -43.290  18.689 0.8999999762
33231  10.617  -41.534  19.805 0.8000000119
33232  9.375  -41.325  20.333 0.6000000238
33221  8.789  -41.999  20.675 0.6000000238
30476  19.164  -45.675  18.798 0.6999999881
31412  16.306  -44.279  18.203 0.8999999762
31413  14.951  -44.160  18.472 0.8999999762
31415  13.505  -43.880  18.524 0.8999999762
33249  12.298  -42.497  19.030 0.8000000119
34108  8.901  -40.441  20.072 0.4000000060
33234  7.926  -41.760  19.561 0.4000000060
30497  18.479  -45.195  18.572 0.8000000119
31411  17.839  -44.756  18.401 0.8000000119
31414  14.319  -44.070  18.406 0.8999999762
126664  12.458  -41.613  18.838 0.6999999881
33250  11.602  -41.556  19.353 0.6000000238
34106  10.592  -40.531  19.496 0.5000000000
34109  8.468  -40.920  19.636 0.3000000119
34121  11.549  -40.486  18.977 0.5000000000
126966  23.976  -45.162  22.000 0.1000000015
31361  23.672  -44.891  21.658 0.1000000015
30459  23.671  -45.648  21.317 0.2000000030
31376  23.534  -44.994  20.763 0.2000000030
31390  23.558  -45.029  19.704 0.2000000030
30475  23.493  -45.745  19.090 0.2000000030
30493  22.929  -45.567  18.625 0.4000000060
134164  23.181  -46.228  18.650 0.6000000238
30494  21.996  -45.481  18.448 0.4000000060
30495  20.883  -45.471  18.488 0.4000000060
140011  20.576  -44.833  18.410 0.6000000238
133757  19.195  -45.038  18.407 0.6999999881
32321  15.520  -43.932  18.055 0.8999999762
32322  14.775  -43.541  18.005 0.8999999762
134235  17.908  -44.061  17.952 0.8000000119
32319  17.136  -44.416  18.257 0.8000000119
142642  16.816  -43.968  17.826 0.8000000119
32323  13.839  -43.157  18.126 0.8999999762
33248  13.151  -42.383  18.567 0.6999999881
35028  9.778  -39.697  19.492 0.5000000000
34122  8.948  -40.400  19.067 0.3000000119
129534  13.931  -42.120  18.090 0.5000000000
135255  13.274  -41.511  18.434 0.5000000000
35027  10.372  -39.539  19.289 0.4000000060
34139  8.999  -40.873  17.975 0.2000000030
34120  12.574  -40.865  18.577 0.3000000119
35041  10.796  -39.222  18.803 0.4000000060
31362  23.416  -44.104  21.242 0.2000000030
31377  23.543  -44.067  20.220 0.2000000030
32302  23.324  -43.598  19.590 0.2000000030
31391  23.299  -44.344  19.285 0.2000000030
32314  22.765  -43.621  18.908 0.2000000030
31408  22.594  -44.679  18.658 0.3000000119
31409  21.505  -44.746  18.442 0.4000000060
133230  21.917  -43.925  18.460 0.2000000030
132346  20.898  -44.090  18.387 0.5000000000
31410  19.818  -44.453  18.263 0.6000000238
32317  20.261  -43.484  18.270 0.5000000000
140862  19.386  -43.782  18.096 0.6000000238
32331  17.924  -43.275  17.624 0.8000000119
32332  17.043  -43.422  17.508 0.8000000119
32320  16.264  -43.610  17.712 0.6999999881
33247  15.519  -43.073  17.601 0.8000000119
132000  14.626  -42.648  17.753 0.6999999881
33262  16.491  -42.947  17.298 0.8000000119
33263  15.203  -42.388  17.364 0.6999999881
34118  13.934  -41.273  18.149 0.4000000060
34119  13.286  -40.575  18.257 0.3000000119
35043  9.565  -39.626  19.129 0.5000000000
35065  9.364  -39.922  18.356 0.2000000030
35040  12.122  -39.732  18.521 0.3000000119
35946  11.323  -38.502  18.221 0.3000000119
32316  21.234  -43.263  18.361 0.3000000119
32318  18.680  -43.546  17.897 0.5000000000
33260  18.329  -42.421  17.498 0.5000000000
130893  15.969  -42.460  17.190 0.5000000000
34135  14.596  -41.612  17.569 0.4000000060
34136  14.115  -40.767  18.017 0.3000000119
35062  13.702  -40.011  17.846 0.3000000119
35967  10.270  -38.896  18.019 0.2000000030
35039  12.919  -39.639  18.152 0.3000000119
35945  12.260  -38.810  18.274 0.3000000119
32288  23.388  -43.118  20.096 0.2000000030
32301  23.173  -42.834  19.377 0.2000000030
131453  22.696  -42.823  18.804 0.2000000030
32315  22.114  -43.082  18.459 0.2000000030
33243  21.543  -42.450  18.274 0.3000000119
35988  13.937  -39.506  16.969 0.3000000119
35964  12.970  -38.906  17.681 0.3000000119
4664  6.153  -78.655  22.789 1.0000000000
5767  5.980  -76.751  23.961 1.0000000000
5234  5.930  -77.212  23.375 1.0000000000
4642  7.178  -78.517  24.220 1.0000000000
5774  5.917  -76.799  22.674 1.0000000000
4662  7.918  -79.285  22.731 0.8999999762
6308  6.249  -75.923  22.818 1.0000000000
140456  6.510  -77.638  24.730 1.0000000000
7460  7.980  -73.378  24.179 1.0000000000
130005  9.280  -72.881  24.708 1.0000000000
8092  6.873  -72.973  25.113 1.0000000000
8078  6.614  -72.613  25.884 0.8999999762
6281  6.329  -75.624  26.393 0.8999999762
8710  6.768  -71.885  26.034 0.8999999762
8707  9.486  -71.956  26.038 1.0000000000
8708  8.366  -71.829  25.928 1.0000000000
14139  5.273  -64.601  20.333 0.6000000238
141876  4.442  -66.937  23.201 1.0000000000
11666  4.408  -67.889  23.053 1.0000000000
140532  4.193  -66.250  20.831 0.8999999762
13279  5.192  -65.174  23.400 1.0000000000
13324  5.257  -65.499  20.592 0.8000000119
14133  3.734  -65.002  21.430 0.8999999762
33222  7.930  -41.944  20.541 0.5000000000
31417  7.291  -44.475  18.674 0.1000000015
122619  7.306  -45.982  19.627 0.1000000015
33223  7.562  -42.367  20.047 0.3000000119
30499  7.558  -45.250  18.240 0.1000000015
31416  7.717  -44.221  18.039 0.1000000015
31399  7.080  -44.079  19.503 0.1000000015
32305  7.529  -42.739  19.183 0.3000000119
126578  7.804  -45.932  18.408 0.1000000015
131278  7.994  -42.535  18.481 0.1000000015
64  18.119  -91.186  14.219 0.8999999762
157  18.751  -91.112  16.870 0.8999999762
50  18.556  -91.591  16.036 0.8999999762
542  12.443  -88.646  20.075 0.8000000119
143127  21.313  -91.685  15.258 0.6999999881
139251  20.681  -91.412  13.465 0.8999999762
552  13.973  -88.746  18.292 0.8999999762
763  10.852  -86.737  22.745 0.8000000119
336  16.053  -89.311  15.244 0.8999999762
342  16.205  -89.528  14.320 0.8999999762
120791  18.811  -91.030  11.218 0.8999999762
11  19.395  -91.556  13.125 0.8999999762
7  19.246  -91.759  13.875 0.8999999762
187  19.964  -90.683  12.002 0.8999999762
180  21.735  -89.997  13.216 0.8999999762
354  21.069  -89.141  12.269 0.8999999762
580  22.141  -88.591  12.238 0.8999999762
96  22.236  -91.480  8.257 1.0000000000
194  19.754  -90.735  11.015 0.8999999762
29  22.318  -91.454  7.908 1.0000000000
122056  22.644  -87.461  9.413 1.0000000000
1070  10.858  -86.662  20.263 0.8000000119
854  21.719  -86.924  10.986 1.0000000000
1164  20.486  -86.541  9.608 1.0000000000
99  24.911  -91.176  6.156 0.8999999762
1443  9.656  -85.347  19.569 0.8000000119
126523  8.925  -84.163  18.727 0.8000000119
1805  8.706  -84.267  20.203 0.6999999881
1444  9.231  -84.977  20.235 0.8000000119
1835  8.923  -84.225  17.450 0.8999999762
3128  8.983  -81.714  22.452 0.6000000238
4146  6.231  -79.513  21.510 1.0000000000
1523  21.710  -85.517  9.924 1.0000000000
1544  22.070  -85.009  9.183 1.0000000000
1903  20.967  -84.079  9.347 1.0000000000
143231  22.609  -86.168  8.792 1.0000000000
233  26.164  -90.286  5.245 0.6999999881
121184  21.439  -84.749  7.952 1.0000000000
411  25.904  -89.649  4.740 0.8000000119
237  24.541  -89.989  4.227 0.8999999762
893  26.736  -87.057  4.123 0.6999999881
114  21.418  -90.402  3.794 0.8999999762
1851  8.806  -83.408  15.785 1.0000000000
2270  8.637  -82.870  15.063 1.0000000000
2752  8.833  -82.182  14.092 1.0000000000
4648  7.392  -79.025  23.593 1.0000000000
1138  15.088  -86.725  12.386 1.0000000000
6474  6.142  -75.791  7.065 0.6999999881
892  20.374  -87.501  5.449 1.0000000000
138977  20.349  -89.763  4.026 1.0000000000
247  22.794  -90.088  1.936 0.8999999762
647  24.966  -89.219  1.270 0.8999999762
6322  8.434  -75.462  21.494 1.0000000000
1556  17.207  -86.256  6.400 1.0000000000
4890  9.716  -79.127  3.635 0.6999999881
1562  20.449  -85.313  6.692 1.0000000000
1568  19.764  -86.115  5.922 1.0000000000
6302  5.983  -76.108  24.185 1.0000000000
121559  6.459  -73.970  14.051 1.0000000000
4313  11.230  -79.792  6.297 1.0000000000
4908  10.284  -78.420  3.275 0.6999999881
5441  10.809  -77.608  3.042 0.6000000238
1921  20.063  -84.310  7.265 1.0000000000
644  27.064  -88.255  0.775 0.6999999881
144795  22.868  -89.236  0.169 0.8999999762
7488  10.109  -74.016  22.757 1.0000000000
4297  12.613  -79.655  7.362 1.0000000000
4871  12.642  -78.939  5.176 0.8999999762
4906  12.481  -78.218  3.465 0.6999999881
660  21.186  -88.005  0.575 0.8000000119
7501  13.067  -74.561  22.361 1.0000000000
6906  11.571  -74.352  22.158 1.0000000000
7462  6.617  -73.697  24.922 1.0000000000
6880  6.392  -74.407  24.709 1.0000000000
6920  13.246  -75.157  21.374 1.0000000000
4233  7.841  -79.251  13.009 1.0000000000
6971  6.426  -74.462  15.850 1.0000000000
8822  5.083  -71.108  13.356 0.5000000000
1565  16.254  -86.009  5.935 1.0000000000
4870  13.703  -78.503  5.326 1.0000000000
4905  13.700  -78.001  3.502 0.8000000119
2363  17.923  -83.117  5.885 1.0000000000
918  24.397  -87.691  -1.194 0.8000000119
1223  20.288  -87.387  2.067 0.8999999762
6332  15.715  -75.826  20.793 1.0000000000
6334  13.732  -75.765  20.969 1.0000000000
4242  10.158  -79.841  12.409 1.0000000000
4788  11.603  -78.645  11.952 1.0000000000
3756  14.342  -81.494  10.290 1.0000000000
4283  15.773  -79.604  9.092 1.0000000000
1195  16.151  -86.243  6.356 1.0000000000
4845  15.544  -78.544  7.307 1.0000000000
4295  15.916  -78.789  7.169 1.0000000000
4869  14.973  -77.913  5.696 1.0000000000
139178  17.433  -82.947  6.325 1.0000000000
5425  15.233  -77.685  4.091 0.8999999762
4885  15.210  -77.873  4.750 1.0000000000
5426  14.686  -77.747  4.163 0.8000000119
5453  14.035  -77.341  2.549 0.6999999881
5977  13.890  -76.732  1.744 0.6999999881
5438  15.576  -77.587  3.397 0.8000000119
5452  15.132  -77.069  2.695 0.6999999881
2364  16.121  -82.839  5.806 1.0000000000
2377  17.292  -83.383  4.109 1.0000000000
2385  17.749  -83.465  3.214 1.0000000000
1939  18.041  -84.838  3.527 1.0000000000
2403  19.836  -83.356  1.551 1.0000000000
1578  21.131  -85.939  3.041 0.8999999762
8101  10.584  -73.302  24.010 1.0000000000
8091  7.664  -72.874  24.889 1.0000000000
7467  16.235  -73.805  23.620 1.0000000000
7498  16.111  -74.527  22.179 1.0000000000
6900  17.753  -74.450  21.293 1.0000000000
140593  18.249  -74.650  18.834 1.0000000000
7534  18.531  -72.841  17.895 1.0000000000
5312  9.188  -78.272  15.415 1.0000000000
2780  12.635  -82.206  11.419 1.0000000000
2784  15.166  -82.430  10.232 1.0000000000
120976  5.287  -72.679  18.475 1.0000000000
2798  14.681  -83.093  9.218 1.0000000000
2806  13.947  -82.369  7.436 1.0000000000
131868  15.385  -79.822  5.791 1.0000000000
130553  15.910  -78.956  6.225 1.0000000000
4884  15.856  -78.079  4.101 1.0000000000
127955  17.092  -82.804  3.715 1.0000000000
2856  18.694  -82.454  1.918 1.0000000000
2857  17.896  -82.167  2.587 1.0000000000
3350  19.177  -81.747  1.591 1.0000000000
2392  20.377  -84.177  2.336 0.8999999762
1607  22.868  -85.951  -0.687 0.6999999881
123040  22.152  -86.376  1.862 0.6999999881
1577  22.174  -85.857  3.453 0.6000000238
4713  14.493  -79.169  18.506 1.0000000000
2791  15.090  -83.233  10.043 1.0000000000
2818  13.723  -82.263  6.348 1.0000000000
3837  15.535  -80.292  4.473 1.0000000000
133519  15.986  -79.271  4.648 1.0000000000
3847  15.802  -80.122  3.642 1.0000000000
4340  16.243  -78.948  4.032 1.0000000000
2344  13.928  -83.921  7.481 1.0000000000
2842  14.054  -81.991  4.714 1.0000000000
2848  17.025  -81.963  3.327 1.0000000000
3341  18.301  -81.719  2.119 1.0000000000
3326  15.934  -81.593  3.749 1.0000000000
6550  17.600  -75.508  2.231 0.2000000030
3863  20.124  -80.161  1.015 1.0000000000
4366  18.003  -79.997  1.766 1.0000000000
2847  19.891  -82.221  3.035 0.6000000238
2846  20.133  -83.344  3.060 0.6000000238
1592  22.728  -85.339  -0.075 0.4000000060
8085  13.173  -72.902  24.752 1.0000000000
129941  19.061  -72.368  22.075 1.0000000000
8127  19.160  -72.397  20.315 1.0000000000
8789  17.568  -71.588  18.121 1.0000000000
8783  18.864  -71.571  19.736 1.0000000000
4240  13.900  -80.104  12.222 1.0000000000
2317  14.663  -83.140  11.870 1.0000000000
123840  5.234  -72.495  19.402 0.8999999762
119584  13.948  -83.067  8.067 1.0000000000
2832  13.764  -82.216  5.439 1.0000000000
3327  15.404  -81.314  4.531 1.0000000000
3335  15.723  -80.979  3.301 1.0000000000
4928  19.327  -78.704  1.188 0.8000000119
4916  20.203  -78.754  1.976 0.6999999881
5449  18.937  -77.110  1.884 0.6999999881
4917  19.647  -78.147  1.729 0.6999999881
5436  18.868  -76.761  2.541 0.5000000000
6532  17.073  -75.172  3.012 0.2000000030
2838  20.177  -82.589  4.107 0.6000000238
8724  8.835  -72.298  25.331 1.0000000000
8090  8.480  -72.850  24.776 1.0000000000
8745  19.293  -71.488  21.445 1.0000000000
5835  17.639  -77.143  16.599 1.0000000000
8746  18.749  -70.574  20.539 1.0000000000
9456  17.584  -69.999  19.581 1.0000000000
5858  14.570  -76.348  12.026 1.0000000000
5345  13.411  -77.694  11.535 1.0000000000
4250  14.059  -79.063  11.766 1.0000000000
131189  14.789  -82.266  12.983 1.0000000000
8077  7.304  -72.389  25.521 1.0000000000
123017  18.278  -69.799  20.524 1.0000000000
5344  14.974  -77.774  11.549 1.0000000000
9444  5.313  -71.459  21.291 1.0000000000
10143  14.396  -69.099  20.327 1.0000000000
9438  14.456  -70.038  19.777 1.0000000000
8748  13.060  -70.928  19.760 1.0000000000
5343  15.656  -77.306  11.816 1.0000000000
10179  5.996  -70.162  20.407 0.8999999762
9445  4.931  -70.862  21.850 1.0000000000
11712  6.433  -68.233  20.819 0.6000000238
137620  15.721  -70.192  27.042 1.0000000000
10108  17.276  -69.724  26.233 1.0000000000
10107  17.877  -69.795  25.360 1.0000000000
141677  5.777  -71.840  26.777 0.8999999762
129006  13.700  -69.387  20.388 1.0000000000
9441  11.922  -70.392  20.482 1.0000000000
6970  14.243  -74.006  15.389 1.0000000000
6960  13.659  -73.866  16.154 1.0000000000
10913  4.679  -68.506  21.663 0.8999999762
11651  18.139  -67.902  24.964 1.0000000000
10869  18.173  -68.800  24.819 1.0000000000
11663  17.844  -67.978  22.646 1.0000000000
9396  8.821  -71.206  26.335 0.8999999762
126275  16.609  -67.590  21.543 1.0000000000
9375  5.965  -70.371  26.998 1.0000000000
8688  5.561  -72.308  26.983 0.8999999762
8057  5.604  -72.833  27.392 0.8999999762
130678  14.644  -68.114  21.064 1.0000000000
10895  13.151  -68.644  20.987 1.0000000000
10896  12.263  -68.644  21.165 1.0000000000
128583  4.367  -67.078  20.916 0.8999999762
141673  17.686  -65.253  23.324 1.0000000000
12467  17.346  -66.550  22.619 1.0000000000
124458  15.737  -65.579  21.978 1.0000000000
124907  16.418  -66.927  21.897 1.0000000000
12488  14.445  -66.794  21.653 1.0000000000
124620  13.432  -67.034  21.665 1.0000000000
11679  11.914  -67.895  21.564 1.0000000000
11680  10.964  -67.781  21.692 1.0000000000
124617  10.603  -67.124  21.982 1.0000000000
11682  9.402  -67.797  22.442 1.0000000000
11683  4.498  -67.786  22.030 0.8999999762
12417  15.706  -66.815  26.942 1.0000000000
10832  12.896  -68.665  27.151 1.0000000000
15756  16.490  -62.547  23.097 1.0000000000
13260  17.500  -64.929  24.491 1.0000000000
14925  16.208  -62.805  22.278 1.0000000000
14939  14.575  -63.405  21.257 1.0000000000
14114  14.244  -64.787  21.576 1.0000000000
13298  13.499  -65.214  21.819 1.0000000000
10092  5.256  -69.394  26.848 0.8000000119
14131  13.673  -63.677  21.269 1.0000000000
135976  12.863  -66.402  21.870 1.0000000000
12490  12.000  -66.265  21.927 1.0000000000
12491  11.039  -66.437  21.936 1.0000000000
12492  10.217  -66.477  22.187 1.0000000000
139443  5.204  -67.142  23.634 1.0000000000
12470  6.095  -66.425  23.512 1.0000000000
12496  4.385  -67.008  22.458 0.8999999762
13326  3.964  -65.718  20.871 0.8999999762
11634  11.870  -67.459  26.530 1.0000000000
119625  14.637  -64.795  26.213 1.0000000000
141183  13.755  -64.986  26.348 1.0000000000
12456  11.491  -65.908  26.305 1.0000000000
10858  4.887  -68.148  26.531 0.8999999762
13304  7.094  -64.712  22.946 1.0000000000
13280  4.252  -65.458  23.269 1.0000000000
12472  3.971  -66.221  22.972 0.8999999762
120317  12.474  -63.673  25.696 1.0000000000
17483  12.568  -60.840  26.740 1.0000000000
137883  11.524  -60.153  29.567 1.0000000000
16565  11.553  -61.972  28.629 1.0000000000
17465  11.219  -61.438  29.232 1.0000000000
121800  11.729  -59.428  29.334 1.0000000000
134643  11.346  -59.010  27.987 1.0000000000
15770  5.764  -62.484  22.819 1.0000000000
121482  3.264  -64.003  21.791 0.8999999762
17459  8.454  -60.695  29.393 1.0000000000
16577  8.326  -61.511  27.668 1.0000000000
140136  11.403  -58.212  29.871 1.0000000000
125067  3.423  -63.073  22.316 1.0000000000
120966  4.154  -61.583  22.715 1.0000000000
120107  5.230  -61.194  22.803 1.0000000000
14950  2.946  -63.236  19.363 0.8000000119
20848  11.744  -56.092  26.240 1.0000000000
123460  7.806  -59.989  22.159 1.0000000000
139174  7.004  -60.431  22.441 1.0000000000
122066  2.941  -61.138  21.236 1.0000000000
22473  12.660  -54.976  28.728 1.0000000000
22472  13.258  -55.226  28.544 1.0000000000
20794  11.465  -56.108  29.351 1.0000000000
121534  14.671  -56.413  27.488 1.0000000000
124924  5.990  -58.497  22.532 1.0000000000
18378  5.680  -59.339  22.653 1.0000000000
123987  4.020  -59.185  22.968 1.0000000000
19206  3.405  -58.632  22.966 1.0000000000
18390  2.683  -59.455  20.614 0.8999999762
19211  2.828  -58.645  21.891 0.8999999762
120385  2.433  -58.098  18.700 0.6999999881
22474  11.793  -54.695  28.769 1.0000000000
20819  15.149  -56.652  26.807 1.0000000000
21676  12.361  -55.984  25.488 1.0000000000
20032  6.534  -57.502  24.242 1.0000000000
19203  6.698  -57.946  22.266 1.0000000000
20055  2.750  -57.905  21.725 0.8000000119
120152  2.573  -58.205  20.187 0.6999999881
22489  11.178  -54.076  28.080 1.0000000000
22488  12.160  -54.358  28.204 1.0000000000
20872  13.148  -56.029  24.738 1.0000000000
20852  5.702  -56.035  25.548 1.0000000000
20924  2.739  -56.442  19.837 0.8999999762
23323  16.306  -54.094  25.238 1.0000000000
20843  16.581  -56.372  25.978 1.0000000000
21715  11.866  -55.160  23.737 1.0000000000
21738  3.182  -55.627  19.595 0.8000000119
23306  13.288  -53.496  25.790 1.0000000000
23307  12.763  -53.753  26.458 1.0000000000
122825  10.964  -53.601  27.068 1.0000000000
130520  18.544  -55.695  25.273 1.0000000000
140239  7.059  -52.380  24.365 1.0000000000
24174  5.227  -52.486  25.440 1.0000000000
23398  3.448  -53.774  21.542 0.8000000119
134070  3.820  -53.149  21.210 0.6000000238
21725  3.020  -55.304  21.217 0.8000000119
144757  16.864  -52.700  24.190 1.0000000000
21622  2.658  -54.780  30.766 0.2000000030
20885  18.288  -56.509  23.923 1.0000000000
136995  14.363  -54.138  22.675 1.0000000000
24200  7.598  -52.387  23.880 1.0000000000
25042  3.752  -52.370  25.326 0.8999999762
121984  8.209  -52.320  23.396 1.0000000000
129516  8.018  -51.152  23.937 1.0000000000
24202  2.757  -52.646  24.025 0.8999999762
23345  14.034  -52.574  24.687 1.0000000000
24198  17.584  -52.328  23.736 0.8999999762
23339  20.729  -55.208  24.056 0.8999999762
25928  5.949  -50.278  24.530 0.8999999762
25929  5.005  -50.247  24.721 0.8000000119
125662  3.894  -50.848  25.095 0.8000000119
119760  3.328  -51.755  24.624 0.8000000119
25067  3.262  -50.888  23.285 0.6000000238
26784  3.655  -49.754  23.928 0.6000000238
128085  3.492  -50.888  22.103 0.5000000000
25931  3.631  -50.637  24.322 0.6999999881
140889  3.238  -51.501  22.653 0.6999999881
25049  15.295  -51.090  24.392 1.0000000000
22550  20.914  -55.070  23.479 0.8999999762
24211  14.106  -52.594  22.307 1.0000000000
138876  9.441  -50.680  23.650 1.0000000000
26799  7.361  -49.598  24.278 1.0000000000
26781  5.440  -49.549  24.328 0.8000000119
27664  4.879  -48.922  24.057 0.8000000119
126540  20.224  -51.911  23.178 0.8999999762
126438  21.542  -54.350  23.227 0.8999999762
22586  18.945  -54.430  21.872 0.8999999762
134917  20.530  -54.158  21.729 0.8999999762
132329  6.917  -48.838  24.033 0.8000000119
142669  4.901  -48.012  23.210 0.6000000238
26777  16.920  -48.917  24.330 0.5000000000
25937  19.343  -49.757  22.938 0.6999999881
141653  13.055  -49.666  24.726 0.6000000238
24208  22.979  -53.094  22.546 0.8999999762
22563  22.345  -53.971  22.256 0.8999999762
23393  21.071  -53.538  21.450 0.8999999762
27676  7.680  -48.565  23.505 0.8000000119
27677  6.185  -48.352  23.393 0.8000000119
27674  9.853  -48.707  23.428 1.0000000000
26794  18.344  -48.776  23.842 0.6999999881
25938  18.302  -49.752  23.495 0.6999999881
130591  18.986  -49.001  23.404 0.6999999881
129487  16.100  -48.917  24.788 0.5000000000
131210  19.777  -52.348  20.941 0.8999999762
28553  8.418  -48.054  23.195 0.8000000119
28556  5.416  -47.651  23.089 0.6000000238
29480  7.190  -47.207  22.741 0.6999999881
28552  9.349  -47.960  23.125 1.0000000000
27655  17.394  -48.702  24.466 0.4000000060
26775  18.392  -48.535  24.125 0.5000000000
26762  18.310  -48.725  24.695 0.1000000015
139342  16.269  -48.865  25.427 0.4000000060
26792  21.850  -49.124  22.992 0.4000000060
26773  20.837  -49.150  23.907 0.4000000060
25947  24.228  -50.270  22.180 0.6999999881
25909  20.767  -49.904  24.786 0.2000000030
25970  24.530  -50.428  20.847 0.8999999762
25096  23.895  -51.306  20.663 0.8999999762
26840  18.567  -49.716  20.608 1.0000000000
130289  22.820  -49.934  24.327 0.2000000030
25889  23.049  -50.592  26.080 0.1000000015
137473  24.163  -49.436  22.591 0.4000000060
130415  7.019  -44.891  21.798 0.5000000000
31363  11.219  -44.700  21.365 1.0000000000
31366  7.686  -44.234  21.511 0.6999999881
31367  7.050  -44.196  21.166 0.4000000060
144205  24.210  -48.963  22.916 0.4000000060
28494  21.447  -47.424  28.249 0.1000000015
27716  21.416  -49.141  19.778 0.8000000119
125492  10.750  -43.979  20.969 0.8000000119
30465  12.077  -44.983  20.962 1.0000000000
28510  21.456  -47.343  27.376 0.1000000015
27683  24.544  -48.111  22.460 0.5000000000
27735  22.956  -48.324  19.013 0.8000000119
32306  7.276  -43.173  19.786 0.2000000030
30500  7.085  -44.982  19.242 0.1000000015
32291  10.263  -43.264  20.650 0.8000000119
28535  23.153  -47.439  26.061 0.1000000015
28544  24.520  -47.293  24.548 0.3000000119
29463  22.668  -46.525  25.785 0.1000000015
29473  24.649  -46.340  24.189 0.3000000119
28626  22.448  -47.699  18.707 0.6999999881
29543  19.025  -46.490  19.364 0.8000000119
30498  17.851  -45.336  18.790 0.8000000119
29479  24.755  -46.395  23.231 0.2000000030
29465  20.924  -45.961  26.235 0.1000000015
29520  23.913  -46.865  20.126 0.4000000060
29539  23.696  -46.658  19.053 0.6000000238
30444  23.832  -45.792  21.696 0.2000000030
30474  23.732  -45.912  20.240 0.3000000119
33233  8.453  -41.226  20.256 0.5000000000
30496  19.913  -45.313  18.463 0.6999999881
33251  8.380  -41.487  18.496 0.2000000030
139690  18.716  -44.420  18.161 0.8000000119
135216  23.254  -45.078  18.989 0.3000000119
136953  17.357  -43.859  17.779 0.8000000119
33245  19.565  -42.868  18.090 0.5000000000
35948  9.823  -39.171  18.566 0.3000000119
35947  10.429  -38.861  18.394 0.3000000119
33217  23.307  -42.387  19.881 0.2000000030
33246  18.719  -42.838  17.778 0.5000000000
35965  11.960  -38.020  17.901 0.2000000030
36873  12.487  -37.966  17.324 0.2000000030
5212  6.289  -77.119  25.051 1.0000000000
5749  6.234  -76.500  25.378 1.0000000000
7457  6.018  -73.674  26.129 0.8999999762
128102  5.696  -73.204  26.853 0.8999999762
560  21.138  -89.181  15.236 0.5000000000
334  20.800  -90.013  15.656 0.6000000238
124129  20.344  -90.739  15.901 0.6000000238
332  22.720  -90.191  15.137 0.6000000238
160  23.057  -90.696  15.058 0.6000000238
166  24.899  -90.429  14.104 0.5000000000
143078  24.016  -90.144  14.580 0.6000000238
45  22.956  -91.082  15.006 0.6000000238
55  22.697  -91.302  14.842 0.6000000238
169  25.094  -90.977  13.535 0.6999999881
170  24.659  -90.901  13.957 0.6000000238
54  23.474  -90.951  14.492 0.6000000238
62  23.431  -91.045  14.200 0.6999999881
172  22.911  -91.032  13.866 0.6999999881
132656  22.265  -91.460  14.506 0.6999999881
17  24.115  -92.097  10.839 0.8000000119
68  24.278  -91.686  12.253 0.8000000119
171  23.730  -91.049  13.642 0.8000000119
179  23.240  -90.232  13.165 0.8000000119
173  22.046  -90.835  13.715 0.8000000119
345  22.381  -89.978  13.227 0.8000000119
186  23.560  -90.703  12.308 0.8000000119
193  23.236  -90.284  11.484 0.8000000119
125698  22.886  -89.105  11.604 0.8000000119
813  20.626  -88.084  15.278 0.4000000060
561  20.243  -88.959  15.711 0.5000000000
41  19.777  -91.343  15.843 0.6000000238
841  25.521  -87.314  11.327 0.5000000000
833  25.491  -87.784  12.301 0.5000000000
579  25.463  -88.764  12.551 0.5000000000
566  24.953  -88.519  13.912 0.5000000000
587  25.490  -88.470  11.517 0.5000000000
133620  25.504  -89.449  12.007 0.6000000238
137674  25.512  -90.300  12.289 0.6000000238
376  25.020  -89.485  9.820 0.6000000238
359  25.470  -90.199  11.597 0.6000000238
74  25.126  -91.640  11.625 0.6999999881
122859  25.175  -91.455  12.313 0.6999999881
20  23.745  -92.220  10.029 0.8000000119
84  24.584  -92.060  10.385 0.8000000119
21  23.266  -92.092  9.578 0.8000000119
18  23.517  -92.119  10.475 0.8000000119
77  23.433  -91.647  11.063 0.8000000119
318  16.967  -89.781  18.432 0.5000000000
319  16.352  -89.827  18.532 0.6999999881
543  17.885  -88.370  17.875 0.2000000030
544  17.225  -88.865  18.446 0.4000000060
803  19.854  -87.890  15.905 0.4000000060
131002  18.845  -88.302  16.934 0.2000000030
549  18.376  -89.041  17.534 0.4000000060
324  17.379  -90.124  18.069 0.5000000000
151  16.930  -90.279  18.155 0.6999999881
329  19.268  -89.851  16.764 0.5000000000
130924  25.069  -87.257  9.624 0.5000000000
142550  25.495  -86.563  10.732 0.5000000000
596  25.044  -88.307  9.713 0.5000000000
120326  25.384  -87.880  10.546 0.5000000000
121947  24.557  -88.723  8.750 0.6000000238
377  24.627  -90.033  8.880 0.8000000119
202  24.653  -91.483  9.042 0.8999999762
201  25.070  -90.947  10.077 0.8000000119
211  24.332  -91.396  7.890 0.8999999762
94  24.181  -92.009  8.515 0.8999999762
97  24.183  -91.968  7.398 0.8999999762
314  15.152  -89.477  19.313 0.8000000119
538  15.598  -89.360  19.179 0.4000000060
789  17.500  -87.617  18.192 0.2000000030
121286  16.718  -88.314  18.719 0.3000000119
796  18.434  -87.850  17.419 0.2000000030
1103  19.623  -86.975  16.455 0.3000000119
602  24.637  -87.591  8.681 0.5000000000
384  24.245  -89.218  7.837 0.6999999881
626  24.725  -89.137  6.882 0.6000000238
220  24.258  -90.229  7.310 0.8000000119
226  24.472  -90.945  6.730 0.8000000119
401  24.799  -90.036  6.616 0.6000000238
142597  24.513  -91.303  6.229 0.6000000238
230  26.219  -90.868  5.875 0.6000000238
138500  15.659  -88.761  19.337 0.4000000060
790  16.082  -87.923  18.971 0.4000000060
1172  25.088  -86.914  7.769 0.5000000000
609  24.347  -88.029  7.932 0.5000000000
133964  24.741  -87.681  7.594 0.5000000000
873  26.078  -87.297  7.556 0.4000000060
595  27.878  -88.515  9.878 0.3000000119
608  26.352  -88.515  7.610 0.5000000000
607  27.199  -89.353  8.597 0.4000000060
601  27.625  -89.386  9.439 0.3000000119
383  26.889  -90.023  7.928 0.5000000000
382  27.557  -90.334  8.692 0.5000000000
375  27.705  -90.129  9.426 0.5000000000
393  25.027  -89.312  6.674 0.5000000000
210  27.426  -90.447  8.024 0.5000000000
871  30.621  -87.602  9.127 0.5000000000
400  25.767  -90.522  6.631 0.5000000000
219  26.800  -90.514  7.347 0.5000000000
878  30.591  -87.073  8.507 0.5000000000
879  29.906  -87.392  7.860 0.5000000000
224  25.973  -90.983  6.150 0.5000000000
218  27.494  -90.540  7.577 0.5000000000
877  31.259  -86.204  8.160 0.5000000000
143918  30.510  -86.514  7.872 0.5000000000
229  26.916  -90.593  6.299 0.5000000000
1180  29.927  -86.397  7.260 0.5000000000
410  26.721  -89.791  5.108 0.6000000238
135309  30.123  -85.957  6.474 0.5000000000
1191  29.179  -86.057  6.044 0.5000000000
629  27.690  -88.869  5.523 0.5000000000
1199  27.936  -86.452  5.249 0.6000000238
889  27.081  -86.937  4.949 0.6000000238
1571  31.098  -85.945  4.003 0.5000000000
1575  31.283  -85.003  3.036 0.4000000060
1213  30.578  -86.097  2.781 0.6000000238
1219  29.553  -86.574  1.648 0.6000000238
1218  30.286  -86.000  2.086 0.6000000238
539  15.020  -89.247  19.613 0.4000000060
578  28.277  -90.065  12.434 0.2000000030
832  28.173  -88.775  12.088 0.2000000030
585  30.355  -88.628  11.908 0.2000000030
356  29.776  -89.504  11.738 0.2000000030
184  28.820  -90.471  11.219 0.3000000119
358  28.605  -90.322  11.782 0.2000000030
136556  27.911  -89.590  10.724 0.2000000030
367  27.824  -89.905  10.132 0.3000000119
200  28.037  -90.433  9.274 0.5000000000
122736  26.865  -90.653  6.855 0.5000000000
399  27.755  -90.110  6.375 0.5000000000
222  28.042  -90.307  7.107 0.5000000000
1190  29.234  -86.376  6.545 0.5000000000
405  27.382  -89.877  5.581 0.5000000000
885  29.311  -87.201  7.094 0.5000000000
398  28.454  -89.468  6.638 0.5000000000
888  28.526  -86.361  5.897 0.5000000000
124807  27.737  -87.169  5.634 0.6000000238
630  26.972  -87.938  5.103 0.5000000000
594  30.743  -88.009  10.787 0.2000000030
364  30.040  -88.949  10.734 0.2000000030
143672  28.516  -90.356  9.703 0.4000000060
365  29.503  -89.676  10.158 0.4000000060
199  29.023  -90.080  9.581 0.5000000000
381  28.563  -90.128  8.268 0.5000000000
606  30.092  -88.459  9.179 0.5000000000
380  29.623  -88.960  8.589 0.5000000000
217  28.094  -90.446  7.821 0.5000000000
615  30.054  -88.051  8.545 0.5000000000
616  29.543  -88.568  7.914 0.5000000000
390  29.150  -89.439  7.995 0.5000000000
144451  29.332  -88.185  7.409 0.5000000000
141193  29.027  -89.042  7.308 0.5000000000
886  28.611  -87.159  6.406 0.5000000000
139771  28.874  -88.374  6.796 0.5000000000
628  28.286  -88.539  6.097 0.5000000000
532  13.210  -89.020  20.935 0.6000000238
745  11.314  -87.476  24.931 0.4000000060
1039  10.891  -86.885  24.331 0.5000000000
1040  10.295  -86.125  24.495 0.5000000000
1418  9.191  -85.381  22.421 0.6000000238
1411  9.672  -85.676  23.141 0.6000000238
1419  8.609  -84.738  21.903 0.6000000238
1412  9.025  -85.237  23.317 0.6000000238
1785  8.486  -84.663  22.762 0.5000000000
122204  7.792  -83.672  23.221 0.4000000060
374  29.596  -89.328  9.341 0.4000000060
516  12.938  -88.727  22.376 0.6000000238
510  12.825  -88.382  23.907 0.3000000119
533  12.961  -89.075  21.016 0.6000000238
517  12.644  -88.591  22.539 0.6000000238
130095  12.382  -88.254  23.877 0.5000000000
496  12.469  -88.226  25.301 0.6000000238
771  11.968  -88.181  21.154 0.6999999881
511  12.156  -88.261  23.075 0.6000000238
755  11.759  -87.891  23.724 0.6000000238
737  11.808  -88.009  25.480 0.4000000060
779  11.420  -87.467  20.673 0.6999999881
762  11.505  -87.652  22.888 0.6999999881
772  11.264  -87.216  22.018 0.6999999881
1434  9.418  -85.354  20.935 0.6999999881
123483  9.604  -85.432  24.774 0.3000000119
1400  8.946  -84.972  24.175 0.2000000030
1778  8.461  -84.544  23.556 0.2000000030
1796  8.242  -83.878  20.865 0.6000000238
495  12.840  -88.272  25.589 0.4000000060
786  11.420  -87.229  19.888 0.6999999881
124711  11.621  -87.896  26.208 0.3000000119
129507  11.270  -85.967  18.046 0.6999999881
738  11.156  -87.368  25.735 0.3000000119
1078  10.868  -86.408  19.455 0.6999999881
1031  10.556  -86.578  25.980 0.2000000030
1012  10.547  -86.714  27.392 0.2000000030
1375  9.699  -85.388  26.938 0.2000000030
1387  9.539  -85.260  25.649 0.2000000030
126575  8.820  -84.667  25.172 0.1000000015
121584  7.957  -83.488  21.536 0.5000000000
3611  10.328  -80.971  24.117 0.2000000030
3621  11.041  -80.333  23.547 0.2000000030
3631  10.199  -80.281  22.234 0.5000000000
3630  10.710  -80.016  22.625 0.3000000119
3640  10.283  -79.798  22.022 0.5000000000
3103  10.929  -81.518  24.903 0.1000000015
4119  11.250  -79.730  22.912 0.3000000119
4131  10.026  -79.159  22.091 0.6000000238
3609  11.486  -80.307  24.298 0.3000000119
4660  10.955  -78.654  22.511 0.3000000119
4130  10.862  -79.410  22.430 0.3000000119
4661  9.809  -78.510  22.636 0.4000000060
134967  11.998  -78.137  23.284 0.3000000119
4647  11.903  -78.833  23.446 0.3000000119
5243  10.496  -77.953  22.887 0.3000000119
133754  10.146  -77.528  23.425 0.3000000119
5232  9.509  -78.059  23.362 0.5000000000
5223  8.046  -78.069  24.605 0.6999999881
4641  8.608  -78.698  23.243 0.6999999881
5764  11.509  -76.851  23.617 0.3000000119
5758  9.776  -76.580  24.633 0.3000000119
5759  8.687  -77.232  25.030 0.4000000060
5746  8.161  -76.766  25.661 0.6000000238
5210  7.624  -77.448  25.273 0.6999999881
5211  6.805  -77.365  25.280 0.8000000119
5763  12.255  -77.071  23.885 0.2000000030
5757  10.974  -76.248  24.051 0.2000000030
5745  9.037  -76.593  25.410 0.3000000119
5756  12.073  -76.348  24.066 0.3000000119
6295  10.556  -75.807  24.764 0.3000000119
6288  9.643  -76.020  25.438 0.3000000119
6296  6.083  -75.221  24.514 0.8999999762
6289  8.808  -76.217  26.027 0.4000000060
5748  6.582  -76.852  25.727 0.8000000119
6875  11.142  -74.860  25.685 0.3000000119
6278  8.468  -75.650  26.702 0.6000000238
5738  7.813  -76.307  26.311 0.5000000000
6290  6.112  -75.866  25.711 0.8999999762
6276  10.108  -74.924  26.205 0.5000000000
6870  9.320  -75.068  26.795 0.4000000060
6857  9.195  -74.433  27.420 0.6000000238
119814  6.031  -75.244  25.321 0.8000000119
5741  6.425  -76.273  26.067 0.6999999881
6279  7.399  -75.983  26.981 0.6000000238
6269  7.754  -75.296  27.314 0.6000000238
6270  6.969  -75.494  27.389 0.6000000238
6876  6.142  -74.547  25.863 0.8000000119
142998  9.882  -74.515  26.777 0.5000000000
140342  7.586  -74.319  28.106 0.6000000238
6871  6.040  -74.939  26.607 0.8000000119
6860  6.646  -74.793  27.639 0.6999999881
126636  8.481  -73.890  28.143 0.6000000238
6848  6.273  -74.096  27.917 0.6999999881
7450  5.921  -74.106  26.711 0.8000000119
6847  6.873  -74.334  28.198 0.6000000238
7420  5.988  -73.268  28.046 0.8000000119
7419  6.611  -73.524  28.403 0.6999999881
8040  8.108  -73.061  28.632 0.6000000238
8042  6.472  -72.701  28.617 0.6000000238
10803  5.383  -68.355  28.063 0.6999999881
11620  4.658  -67.489  27.008 0.6999999881
10033  5.900  -69.320  29.065 0.6000000238
10035  5.127  -68.982  28.848 0.6000000238
139801  5.052  -67.798  29.207 0.5000000000
11608  5.061  -67.426  27.726 0.6000000238
11583  4.808  -67.435  29.057 0.5000000000
138602  4.748  -66.443  27.102 0.8000000119
12401  4.778  -66.274  28.223 0.6000000238
11580  7.029  -67.528  29.109 0.5000000000
127249  4.285  -66.064  26.101 0.8000000119
125838  3.634  -64.355  20.139 0.8000000119
141562  5.793  -66.194  20.704 0.6000000238
13221  4.491  -65.435  27.339 0.8000000119
12384  4.726  -66.615  28.983 0.6000000238
123874  3.486  -63.844  19.707 0.6999999881
14054  3.721  -64.681  26.013 0.8000000119
13216  4.471  -65.630  28.069 0.6000000238
15801  3.057  -63.074  18.920 0.8000000119
14958  3.784  -63.324  19.307 0.4000000060
14050  4.289  -64.549  27.198 0.6999999881
16698  3.242  -61.420  18.327 0.6000000238
15731  2.678  -61.824  25.766 0.6999999881
14892  3.152  -63.357  26.018 0.6999999881
121892  3.506  -63.294  27.241 0.6000000238
21644  4.464  -55.072  26.878 0.6999999881
21645  3.489  -54.840  26.435 0.6000000238
127092  6.652  -52.628  26.804 0.8000000119
24137  4.964  -52.947  27.004 0.8000000119
119465  4.161  -53.153  26.726 0.6999999881
24173  7.582  -51.984  25.646 0.8000000119
133424  2.465  -58.189  17.662 0.5000000000
24153  5.195  -51.978  26.509 0.6999999881
24154  4.235  -52.235  26.625 0.6999999881
23297  3.388  -53.439  26.564 0.6999999881
25927  11.028  -50.719  24.648 0.8000000119
25039  9.394  -51.254  24.885 0.6000000238
25916  8.629  -51.235  25.220 0.8000000119
25021  7.149  -51.366  25.682 0.8000000119
24152  6.107  -51.972  26.349 0.8000000119
25038  10.213  -51.053  24.696 0.6999999881
25040  7.816  -51.173  25.501 0.6999999881
25899  7.273  -50.686  25.963 0.6000000238
25022  6.413  -51.188  25.955 0.6000000238
25052  11.573  -51.184  24.572 0.8000000119
26751  10.809  -49.559  25.742 0.5000000000
119453  9.708  -50.410  25.362 0.6000000238
25897  9.127  -49.984  25.888 0.6000000238
25880  8.514  -50.134  26.376 0.6000000238
26749  12.184  -49.367  25.692 0.4000000060
25894  11.692  -49.459  26.318 0.4000000060
125842  13.020  -49.315  25.376 0.4000000060
26728  13.559  -49.970  27.234 0.2000000030
25877  12.002  -50.070  27.150 0.2000000030
25881  7.252  -50.282  26.859 0.5000000000
25878  11.151  -49.876  26.791 0.4000000060
120490  9.406  -49.925  26.399 0.4000000060
26748  13.642  -49.352  26.276 0.3000000119
25864  8.892  -50.455  27.467 0.4000000060
129654  13.840  -49.077  25.407 0.5000000000
25011  11.444  -50.738  27.636 0.3000000119
25001  9.906  -50.517  27.496 0.4000000060
26816  3.635  -49.239  22.522 0.5000000000
140665  3.661  -49.860  21.836 0.5000000000
26801  3.812  -49.102  23.825 0.6000000238
26828  3.749  -48.924  21.645 0.5000000000
26764  16.881  -48.802  24.876 0.2000000030
25975  4.114  -49.903  20.247 0.3000000119
26846  3.822  -49.431  20.946 0.3000000119
27690  3.783  -48.701  23.082 0.5000000000
26845  4.320  -49.016  20.370 0.3000000119
27728  4.530  -48.253  20.655 0.4000000060
28591  4.796  -47.578  21.032 0.4000000060
27705  4.170  -48.142  21.607 0.5000000000
28575  5.207  -47.171  22.543 0.5000000000
33258  20.028  -42.013  18.004 0.4000000060
33261  17.432  -42.752  17.237 0.6000000238
135825  16.872  -42.296  16.921 0.5000000000
136752  20.404  -41.292  17.626 0.4000000060
34131  18.726  -41.569  17.482 0.3000000119
34132  17.818  -41.959  17.023 0.3000000119
34134  15.517  -41.872  16.975 0.3000000119
76  23.847  -91.754  11.742 0.8000000119
178  23.970  -90.998  13.003 0.8000000119
368  25.329  -89.994  10.768 0.6999999881
352  22.538  -89.250  12.692 0.8000000119
353  21.811  -89.189  12.750 0.8000000119
619  24.583  -88.557  7.383 0.6000000238
525  12.658  -88.770  21.680 0.6999999881
153  19.029  -90.644  16.960 0.6999999881
333  21.780  -90.136  15.363 0.6000000238
161  22.349  -90.921  15.325 0.6000000238
360  22.552  -88.876  12.132 0.8000000119
785  12.066  -87.856  19.532 0.6999999881
1063  10.589  -86.351  21.831 0.6999999881
633  26.290  -88.640  4.705 0.6000000238
890  26.480  -87.582  4.554 0.6000000238
1214  29.922  -86.755  2.678 0.6000000238
121772  3.433  -64.260  20.758 0.8000000119
123972  11.302  -49.957  25.114 0.6000000238
34133  16.329  -41.891  16.859 0.3000000119
14948  4.347  -64.084  19.845 0.5000000000
33259  19.169  -42.147  17.841 0.3000000119
328  19.917  -89.855  16.126 0.5000000000
575  25.311  -89.141  13.432 0.5000000000
60  24.837  -91.182  13.364 0.6999999881
185  25.399  -91.051  12.030 0.6000000238
67  24.748  -91.484  12.651 0.8000000119
14  24.437  -91.975  11.494 0.8000000119
127835  23.059  -89.572  12.354 0.8000000119
553  19.459  -88.816  16.408 0.4000000060
128066  25.347  -88.906  10.613 0.6000000238
804  19.322  -87.805  16.523 0.3000000119
618  24.977  -88.378  6.999 0.5000000000
872  26.952  -87.530  8.063 0.4000000060
586  28.052  -89.833  11.531 0.2000000030
143428  30.518  -88.234  10.253 0.5000000000
1022  10.073  -85.680  26.189 0.2000000030
5222  9.329  -77.525  24.126 0.4000000060
130535  11.415  -75.377  24.987 0.3000000119
10788  5.080  -68.243  29.068 0.6000000238
25915  9.021  -50.623  25.463 0.6000000238
25895  10.850  -49.346  26.114 0.4000000060
25879  10.312  -49.775  26.479 0.4000000060
25893  12.692  -49.607  26.531 0.4000000060
34130  19.582  -41.427  17.603 0.3000000119
143503  19.936  -40.841  17.303 0.2000000030
1118  24.499  -86.862  13.910 0.3000000119
121726  23.397  -88.278  14.532 0.4000000060
569  23.066  -89.324  14.838 0.5000000000
828  24.957  -87.483  13.688 0.4000000060
568  23.969  -89.321  14.617 0.4000000060
340  24.560  -89.865  14.422 0.4000000060
127643  24.731  -85.882  13.669 0.3000000119
1126  25.076  -86.505  13.460 0.4000000060
120529  25.319  -87.163  12.962 0.4000000060
132671  25.282  -88.101  13.217 0.4000000060
125872  24.858  -85.076  13.437 0.3000000119
1493  25.189  -85.641  13.235 0.3000000119
1506  25.480  -85.316  12.508 0.3000000119
1133  25.467  -86.251  12.572 0.4000000060
1867  25.027  -84.169  13.045 0.3000000119
120172  25.600  -85.728  11.772 0.4000000060
132944  25.635  -85.701  10.616 0.4000000060
1145  25.565  -86.431  11.550 0.4000000060
133803  25.598  -85.545  9.418 0.4000000060
130080  25.555  -86.983  12.154 0.4000000060
1161  25.366  -85.941  8.658 0.4000000060
1892  26.074  -84.098  10.683 0.4000000060
1519  25.697  -84.874  11.383 0.4000000060
2324  26.697  -83.460  10.402 0.2000000030
1891  26.502  -84.197  9.947 0.3000000119
1901  26.527  -84.649  9.180 0.3000000119
1522  25.977  -84.862  9.956 0.4000000060
1532  25.863  -85.294  8.848 0.4000000060
1543  26.305  -85.245  8.594 0.4000000060
1181  25.694  -86.633  7.719 0.4000000060
1162  25.170  -86.478  8.126 0.4000000060
1899  27.862  -84.764  9.416 0.2000000030
1171  25.807  -85.883  8.084 0.4000000060
4883  19.860  -78.587  3.952 0.1000000015
4338  19.830  -80.028  4.169 0.1000000015
3827  19.471  -81.020  5.774 0.1000000015
4323  19.576  -80.268  5.284 0.1000000015
3320  19.785  -81.558  5.744 0.1000000015
2815  20.394  -82.198  5.684 0.3000000119
121632  22.561  -84.927  3.430 0.4000000060
121701  19.790  -78.867  5.530 0.1000000015
4867  19.838  -78.452  5.017 0.1000000015
3799  19.586  -80.519  7.055 0.1000000015
3313  20.306  -81.656  6.529 0.2000000030
2825  21.592  -82.485  5.513 0.2000000030
2814  21.068  -82.183  6.086 0.2000000030
1936  22.514  -83.823  3.940 0.4000000060
1930  22.079  -84.284  4.475 0.3000000119
4310  19.574  -79.770  6.676 0.1000000015
4855  19.858  -78.287  5.838 0.1000000015
5423  19.660  -77.966  4.586 0.2000000030
5409  19.795  -77.697  5.364 0.1000000015
5973  18.186  -76.186  1.849 0.3000000119
5999  15.122  -75.515  1.709 0.4000000060
5979  12.065  -76.303  2.359 0.4000000060
139684  6.020  -75.090  7.289 0.6000000238
6461  6.035  -75.465  8.268 0.6000000238
7432  9.569  -73.621  27.839 0.5000000000
8056  10.035  -72.862  28.127 0.4000000060
124812  8.623  -72.330  28.819 0.5000000000
8022  8.966  -71.605  28.945 0.5000000000
9328  7.800  -70.717  29.348 0.4000000060
8023  8.048  -71.664  29.192 0.5000000000
8651  7.512  -71.117  29.409 0.5000000000
8025  6.800  -71.968  28.849 0.5000000000
136360  7.087  -70.687  28.925 0.5000000000
130680  8.651  -70.188  29.031 0.4000000060
131561  6.656  -70.029  28.822 0.5000000000
124047  5.973  -69.839  28.643 0.5000000000
127020  8.645  -69.517  28.982 0.3000000119
10785  7.583  -68.178  29.009 0.4000000060
142395  8.088  -66.902  28.537 0.4000000060
10031  7.870  -70.019  29.096 0.4000000060
10786  6.422  -68.451  29.185 0.4000000060
11597  6.994  -66.672  28.912 0.3000000119
11582  5.073  -67.027  29.322 0.4000000060
138673  6.063  -65.004  20.557 0.3000000119
134748  6.309  -64.311  20.450 0.3000000119
15701  2.764  -61.751  26.871 0.6000000238
15700  2.952  -62.494  27.657 0.4000000060
14957  5.015  -63.249  19.557 0.4000000060
17476  2.964  -60.633  27.713 0.3000000119
16588  2.501  -61.084  26.126 0.6000000238
17588  4.028  -61.068  17.900 0.4000000060
17599  2.833  -60.768  18.092 0.5000000000
124466  2.751  -59.228  17.197 0.4000000060
19279  2.887  -57.956  16.615 0.4000000060
131287  2.908  -54.784  26.343 0.5000000000
22500  2.581  -54.355  26.725 0.4000000060
22493  2.109  -54.252  27.356 0.3000000119
23298  2.874  -53.456  26.691 0.5000000000
20964  2.834  -57.048  16.448 0.3000000119
134138  3.320  -56.335  15.868 0.3000000119
22480  2.029  -54.104  28.332 0.3000000119
24139  2.812  -52.790  26.912 0.4000000060
25014  3.327  -51.481  27.431 0.3000000119
21749  2.867  -55.020  17.810 0.4000000060
22626  3.435  -54.294  18.244 0.6000000238
24990  2.989  -51.828  29.145 0.3000000119
23299  2.514  -52.945  27.589 0.3000000119
25003  2.924  -51.729  28.229 0.4000000060
25013  3.772  -51.608  26.771 0.3000000119
25884  4.329  -50.896  26.714 0.4000000060
25885  3.803  -50.924  26.983 0.3000000119
25883  5.060  -50.483  26.880 0.5000000000
119507  6.521  -50.469  26.634 0.4000000060
123831  4.104  -50.684  28.497 0.3000000119
25868  5.211  -50.216  27.542 0.4000000060
25866  7.460  -50.315  28.084 0.4000000060
25882  5.822  -50.205  27.188 0.4000000060
128387  5.868  -50.116  28.325 0.5000000000
131473  4.928  -50.364  28.399 0.4000000060
25865  7.988  -50.243  27.165 0.4000000060
25846  8.285  -50.570  28.419 0.4000000060
2827  19.924  -82.042  4.942 0.3000000119
17487  2.281  -59.860  26.365 0.5000000000
127576  3.749  -54.213  19.273 0.6000000238
21737  3.288  -54.944  18.871 0.6000000238
811  21.505  -88.355  14.862 0.5000000000
341  23.428  -90.132  14.831 0.4000000060
133663  24.194  -88.427  14.391 0.4000000060
7417  9.089  -73.057  28.397 0.4000000060
8024  7.240  -71.840  29.131 0.5000000000
16674  4.048  -61.895  18.538 0.4000000060
25023  5.718  -51.408  26.321 0.6000000238
820  24.006  -87.598  14.246 0.4000000060
1880  25.520  -84.473  12.407 0.3000000119
1542  27.032  -84.928  8.651 0.2000000030
3305  19.862  -81.027  7.290 0.1000000015
16580  2.679  -60.945  27.107 0.5000000000
770  13.323  -88.412  22.116 0.4000000060
1427  13.465  -85.370  21.585 0.2000000030
1069  13.632  -86.950  20.916 0.3000000119
1433  13.641  -85.788  20.770 0.2000000030
1804  13.675  -84.789  20.830 0.2000000030
1076  13.963  -86.382  20.316 0.3000000119
1075  14.520  -87.145  19.929 0.3000000119
1074  15.050  -86.360  19.326 0.3000000119
140719  7.146  -76.286  5.643 0.3000000119
7092  6.866  -74.682  5.729 0.2000000030
5916  9.000  -76.767  7.280 0.2000000030
6489  7.244  -75.334  5.662 0.2000000030
7658  6.250  -72.922  7.031 0.3000000119
7644  5.808  -72.561  8.814 0.4000000060
8925  6.817  -71.676  6.063 0.2000000030
8267  6.137  -71.970  6.618 0.2000000030
8894  5.392  -71.594  8.019 0.3000000119
8248  5.621  -72.274  9.644 0.4000000060
128847  4.779  -70.355  11.895 0.3000000119
8849  5.324  -71.854  11.345 0.4000000060
8880  5.391  -71.555  9.744 0.3000000119
10990  4.902  -68.792  15.640 0.2000000030
9482  4.926  -70.041  17.101 0.3000000119
137035  5.281  -70.708  17.611 0.3000000119
9490  5.096  -70.149  16.347 0.3000000119
8803  5.419  -71.348  16.029 0.6000000238
10258  4.799  -69.645  13.330 0.2000000030
9510  5.241  -70.267  14.645 0.2000000030
9509  5.467  -70.951  15.166 0.4000000060
123856  4.776  -69.100  17.382 0.2000000030
10961  4.559  -68.296  17.318 0.2000000030
137149  5.041  -69.241  17.983 0.2000000030
10940  5.867  -68.659  19.229 0.2000000030
16697  5.006  -61.208  18.384 0.3000000119
18433  3.355  -59.593  17.273 0.3000000119
19256  3.007  -58.794  16.802 0.3000000119
18432  4.511  -59.523  17.170 0.3000000119
22651  3.452  -54.667  16.181 0.3000000119
23437  3.945  -53.428  18.586 0.3000000119
23453  3.692  -53.793  17.590 0.3000000119
23422  4.052  -53.418  19.864 0.5000000000
135366  4.208  -52.389  20.085 0.5000000000
24244  4.207  -52.761  19.261 0.4000000060
127773  3.821  -50.545  21.009 0.4000000060
27744  5.077  -48.672  19.983 0.3000000119
130626  5.675  -46.691  20.831 0.3000000119
489  12.442  -88.309  26.155 0.3000000119
488  12.936  -88.405  26.534 0.3000000119
130423  4.565  -62.575  19.061 0.3000000119
777  13.476  -88.360  21.207 0.4000000060
140478  5.989  -73.981  8.313 0.4000000060
7045  5.967  -74.573  7.844 0.5000000000
6503  6.723  -75.639  5.673 0.3000000119
139491  6.782  -76.825  5.699 0.3000000119
8865  5.187  -71.159  10.541 0.3000000119
129050  5.164  -69.571  15.842 0.2000000030
22635  3.329  -54.470  17.191 0.3000000119
24229  3.890  -52.340  21.103 0.5000000000
25101  3.996  -51.507  20.570 0.4000000060
7078  6.470  -74.490  5.999 0.4000000060
17597  4.128  -60.244  17.553 0.3000000119
1062  13.532  -87.344  21.681 0.3000000119
120597  13.508  -86.305  21.345 0.2000000030
7672  6.461  -73.609  6.251 0.2000000030
6488  7.864  -75.585  6.026 0.2000000030
136455  6.649  -73.295  5.936 0.2000000030
7671  7.355  -73.751  5.771 0.2000000030
131727  8.516  -75.363  7.070 0.2000000030
9547  4.527  -69.498  11.138 0.2000000030
2232  16.784  -83.787  19.042 0.1000000015
127335  17.515  -84.366  18.684 0.1000000015
1824  16.586  -84.661  18.926 0.1000000015
1451  16.320  -85.547  18.856 0.1000000015
121974  16.776  -87.160  18.597 0.2000000030
1086  17.477  -86.442  18.276 0.1000000015
1085  18.149  -86.671  17.856 0.1000000015
123758  18.761  -86.035  17.687 0.1000000015
2709  18.586  -82.385  18.940 0.1000000015
2698  17.254  -82.157  19.491 0.1000000015
129333  17.690  -83.489  18.860 0.1000000015
2699  16.438  -82.499  19.672 0.1000000015
1825  15.721  -84.926  19.135 0.1000000015
1441  14.977  -85.306  19.333 0.1000000015
2264  21.892  -83.656  15.186 0.1000000015
1469  20.025  -86.052  16.454 0.1000000015
1095  18.610  -86.861  17.453 0.1000000015
2732  22.130  -82.683  15.230 0.1000000015
3208  21.877  -82.121  15.848 0.1000000015
3223  22.949  -81.687  14.618 0.1000000015
2745  22.659  -82.450  14.654 0.1000000015
139899  23.218  -80.995  14.569 0.1000000015
3233  24.037  -81.077  13.691 0.1000000015
2697  18.073  -81.891  19.317 0.1000000015
3148  16.910  -81.100  20.294 0.1000000015
1812  15.927  -84.086  19.235 0.1000000015
1442  14.413  -85.822  19.744 0.2000000030
126837  16.168  -83.278  19.408 0.1000000015
1849  21.510  -84.669  15.427 0.1000000015
1467  20.997  -85.165  15.819 0.2000000030
2275  22.444  -83.901  14.459 0.1000000015
1848  22.033  -84.441  14.793 0.2000000030
1474  21.946  -85.194  14.776 0.3000000119
1111  21.158  -86.408  15.126 0.3000000119
2274  22.960  -83.172  14.138 0.1000000015
2744  23.201  -82.246  14.107 0.1000000015
2756  24.374  -82.514  13.206 0.1000000015
122856  23.543  -83.600  13.654 0.1000000015
3222  23.454  -81.446  14.125 0.1000000015
3246  24.646  -81.518  13.115 0.1000000015
1814  14.461  -84.815  19.761 0.1000000015
2221  14.983  -83.174  20.136 0.1000000015
2233  15.395  -83.611  19.638 0.1000000015
3149  16.388  -81.359  20.394 0.1000000015
3162  16.744  -81.752  19.991 0.1000000015
1485  22.571  -85.645  14.329 0.3000000119
1856  22.525  -84.779  14.294 0.2000000030
1121  21.895  -86.039  14.736 0.3000000119
822  21.859  -86.926  14.681 0.3000000119
1855  23.074  -84.210  13.888 0.2000000030
812  21.150  -87.372  14.929 0.3000000119
2289  24.256  -83.440  13.300 0.2000000030
3245  25.492  -81.532  12.409 0.1000000015
2769  24.964  -82.214  12.737 0.1000000015
3738  26.261  -80.834  12.219 0.1000000015
2223  13.813  -83.901  20.981 0.1000000015
2686  14.686  -82.624  20.806 0.1000000015
3150  15.863  -81.263  20.762 0.1000000015
138652  15.310  -82.521  20.326 0.1000000015
1120  22.694  -86.595  14.366 0.2000000030
1868  24.021  -84.444  13.530 0.2000000030
1494  24.234  -85.332  13.669 0.2000000030
821  22.587  -87.536  14.514 0.3000000119
2302  24.987  -83.074  12.812 0.1000000015
138407  21.873  -87.710  14.674 0.3000000119
133197  26.260  -80.118  12.751 0.1000000015
120335  13.458  -86.383  22.085 0.2000000030
136390  13.443  -83.919  22.385 0.1000000015
3151  15.278  -81.889  20.741 0.1000000015
2216  13.645  -83.508  21.739 0.1000000015
136545  23.190  -86.032  14.053 0.2000000030
131318  28.119  -80.959  12.836 0.1000000015
3243  27.719  -80.888  11.979 0.1000000015
3244  27.008  -80.893  11.773 0.1000000015
3737  27.027  -80.413  12.367 0.1000000015
2767  26.352  -81.600  11.631 0.1000000015
1784  13.411  -84.760  22.354 0.1000000015
3255  28.025  -81.669  11.483 0.1000000015
2313  26.125  -82.597  11.414 0.1000000015
2301  25.597  -83.441  12.147 0.1000000015
136628  27.291  -86.566  8.396 0.3000000119
121821  13.374  -85.229  23.098 0.1000000015
754  13.369  -87.671  23.303 0.2000000030
509  13.131  -88.227  23.848 0.2000000030
2766  28.419  -82.274  11.693 0.1000000015
2311  28.512  -83.082  11.144 0.1000000015
2262  29.248  -82.660  15.759 0.1000000015
2755  28.713  -82.786  13.543 0.1000000015
2777  27.664  -82.159  11.045 0.1000000015
2783  27.251  -82.753  10.658 0.1000000015
1883  25.794  -84.061  11.569 0.2000000030
2325  26.089  -83.379  11.128 0.1000000015
1052  13.415  -86.452  23.053 0.1000000015
127785  13.355  -84.316  23.148 0.1000000015
143699  28.725  -83.171  12.995 0.1000000015
2257  29.414  -83.153  16.800 0.1000000015
2263  29.150  -83.492  15.150 0.1000000015
1865  28.828  -84.450  13.595 0.1000000015
2322  27.915  -82.803  10.678 0.1000000015
2323  27.428  -83.421  10.290 0.1000000015
136732  13.425  -87.235  24.135 0.1000000015
1846  29.250  -83.809  16.091 0.1000000015
2288  28.885  -83.622  13.638 0.1000000015
139515  28.848  -83.833  12.850 0.1000000015
1847  28.893  -84.535  15.542 0.1000000015
119909  28.173  -83.581  10.424 0.1000000015
859  31.142  -87.184  9.678 0.3000000119
860  30.566  -87.956  9.729 0.4000000060
1492  28.878  -84.665  12.762 0.1000000015
130698  28.744  -84.111  10.968 0.1000000015
1890  27.629  -84.019  9.815 0.1000000015
6001  13.840  -76.039  1.408 0.2000000030
1888  33.435  -85.175  10.532 0.2000000030
1158  32.548  -85.881  9.585 0.2000000030
1169  31.793  -86.199  8.683 0.3000000119
139986  33.347  -84.865  9.901 0.2000000030
126109  30.904  -85.960  7.277 0.4000000060
2321  32.820  -83.788  10.730 0.2000000030
122801  13.014  -88.309  26.086 0.1000000015
5962  8.361  -76.061  2.768 0.3000000119
130459  9.821  -75.822  2.168 0.3000000119
123890  11.398  -75.177  2.336 0.2000000030
7143  13.593  -74.242  1.700 0.2000000030
7156  13.892  -75.174  1.364 0.2000000030
1529  32.986  -85.479  9.640 0.2000000030
1541  32.646  -85.543  8.919 0.3000000119
1178  32.015  -85.760  7.989 0.3000000119
1551  32.107  -85.576  7.087 0.4000000060
133729  33.165  -85.096  9.341 0.3000000119
1549  32.675  -85.246  8.279 0.3000000119
1189  31.423  -85.775  6.331 0.4000000060
1567  31.793  -85.441  5.610 0.4000000060
121737  8.472  -76.147  3.567 0.2000000030
6516  8.362  -75.260  3.098 0.1000000015
7146  9.586  -74.305  2.266 0.2000000030
7725  9.166  -73.572  2.562 0.1000000015
7723  11.262  -72.789  2.456 0.1000000015
130805  10.333  -72.072  2.797 0.1000000015
7126  15.277  -74.166  3.485 0.1000000015
1912  32.634  -85.043  7.571 0.3000000119
1919  32.444  -84.591  6.874 0.3000000119
1920  32.308  -84.806  6.083 0.3000000119
135262  31.374  -85.709  4.750 0.4000000060
5411  8.708  -77.096  5.798 0.2000000030
6515  8.777  -75.467  4.048 0.2000000030
6502  9.512  -75.894  4.930 0.2000000030
7707  9.703  -72.884  4.399 0.1000000015
8320  9.855  -72.033  3.494 0.1000000015
2799  31.439  -83.068  7.578 0.2000000030
140849  31.177  -83.913  5.897 0.2000000030
1570  31.396  -85.308  3.976 0.3000000119
1576  31.014  -85.721  3.271 0.5000000000
5940  9.235  -76.699  5.406 0.1000000015
5939  10.205  -76.324  5.861 0.1000000015
5386  10.431  -77.227  7.589 0.1000000015
7075  10.765  -75.448  6.045 0.1000000015
7074  11.966  -74.503  6.491 0.1000000015
1588  30.015  -85.709  1.298 0.4000000060
5915  9.568  -77.060  7.738 0.1000000015
144331  31.267  -83.732  1.538 0.3000000119
139195  30.865  -84.411  1.155 0.3000000119
1595  28.966  -85.497  -0.780 0.4000000060
2397  31.004  -83.360  1.243 0.3000000119
1956  30.471  -84.332  0.476 0.3000000119
8278  8.080  -72.440  5.906 0.1000000015
8279  7.282  -72.379  5.831 0.1000000015
7657  8.743  -73.586  6.764 0.1000000015
7670  8.128  -73.426  5.919 0.1000000015
1604  24.941  -85.704  -1.780 0.4000000060
9581  5.104  -69.669  8.695 0.2000000030
8893  5.696  -70.734  7.475 0.1000000015
8908  7.288  -70.724  6.453 0.1000000015
123207  5.357  -70.718  8.490 0.2000000030
9565  4.836  -70.137  9.990 0.2000000030
2204  7.606  -83.062  22.340 0.3000000119
2661  7.973  -82.310  22.486 0.2000000030
10939  7.084  -69.131  19.756 0.2000000030
4640  11.875  -78.677  24.151 0.1000000015
10927  7.855  -68.586  20.073 0.2000000030
11709  8.610  -67.625  19.959 0.1000000015
12520  7.710  -67.477  20.538 0.1000000015
11711  7.443  -68.152  20.498 0.3000000119
13322  7.813  -65.793  20.625 0.1000000015
13323  6.570  -65.850  20.659 0.2000000030
6286  12.468  -75.161  25.406 0.2000000030
7449  10.924  -73.748  27.055 0.3000000119
7431  10.494  -73.372  27.611 0.3000000119
7430  11.461  -73.333  27.360 0.3000000119
14956  6.108  -63.098  19.820 0.2000000030
16673  5.277  -61.842  18.883 0.2000000030
17596  5.031  -59.993  17.533 0.2000000030
133090  5.691  -60.717  18.320 0.2000000030
19254  5.094  -58.849  16.767 0.2000000030
19278  3.624  -58.093  16.494 0.2000000030
22667  4.307  -54.703  15.725 0.2000000030
22650  4.106  -54.003  15.889 0.2000000030
139960  6.223  -55.300  16.982 0.1000000015
22666  5.168  -54.656  15.630 0.2000000030
119492  6.324  -55.882  16.693 0.2000000030
121139  6.107  -53.862  16.987 0.1000000015
128548  4.743  -53.879  15.636 0.2000000030
23452  4.109  -52.972  17.268 0.2000000030
25113  4.248  -51.400  19.766 0.3000000119
23483  5.881  -53.131  15.741 0.1000000015
24278  4.554  -52.207  16.426 0.2000000030
132885  4.366  -52.002  19.180 0.2000000030
134326  4.916  -51.475  16.964 0.1000000015
140713  4.485  -52.124  17.444 0.2000000030
125719  5.144  -51.601  15.931 0.1000000015
25112  4.487  -51.215  19.085 0.2000000030
25126  4.635  -51.534  18.243 0.2000000030
25987  4.044  -50.740  20.178 0.2000000030
25997  4.845  -50.625  18.659 0.2000000030
126313  6.818  -50.246  28.841 0.3000000119
27743  5.655  -48.365  19.555 0.1000000015
27727  5.356  -47.931  20.218 0.1000000015
131392  6.227  -48.252  19.083 0.1000000015
28614  5.434  -47.193  20.631 0.1000000015
27726  5.956  -47.386  20.070 0.1000000015
26746  15.685  -48.938  25.940 0.2000000030
33266  9.118  -42.156  17.527 0.1000000015
1889  28.342  -84.412  10.233 0.1000000015
8039  9.529  -72.256  28.560 0.3000000119
6558  8.715  -75.354  1.993 0.4000000060
6555  12.352  -75.582  2.098 0.2000000030
1229  28.923  -86.224  -0.055 0.5000000000
124251  29.451  -86.087  0.700 0.3000000119
7127  14.896  -73.907  2.668 0.1000000015
6576  13.025  -74.931  1.741 0.1000000015
126364  11.913  -73.777  2.204 0.1000000015
21786  3.231  -55.448  15.966 0.2000000030
33267  8.445  -42.598  17.847 0.1000000015
1102  20.398  -86.903  15.669 0.3000000119
1460  19.275  -86.253  17.126 0.1000000015
1159  31.884  -86.423  9.500 0.2000000030
1587  30.548  -85.359  1.699 0.3000000119
4639  12.119  -78.094  23.809 0.2000000030
124148  4.738  -49.420  19.727 0.2000000030
1170  27.218  -85.768  8.412 0.3000000119
20118  3.349  -57.308  16.095 0.2000000030
5927  8.033  -76.851  6.190 0.1000000015
5388  9.033  -77.070  6.726 0.1000000015
5398  9.741  -77.163  6.873 0.1000000015
23468  3.792  -53.819  16.585 0.2000000030
24258  4.303  -52.490  18.385 0.2000000030
1450  18.198  -85.780  18.124 0.1000000015
2234  14.658  -83.960  19.907 0.1000000015
1476  20.697  -85.853  15.794 0.1000000015
2222  14.340  -83.506  20.520 0.1000000015
3230  28.411  -81.837  13.324 0.1000000015
2743  28.689  -82.395  14.237 0.1000000015
7148  8.621  -74.826  2.210 0.2000000030
1560  32.052  -85.520  6.370 0.3000000119
7717  8.709  -73.646  2.944 0.2000000030
7109  8.714  -74.316  3.608 0.1000000015
8330  9.649  -72.566  2.863 0.1000000015
8319  11.125  -71.846  3.449 0.1000000015
2346  32.126  -84.195  6.299 0.3000000119
1926  32.061  -84.995  5.517 0.3000000119
7108  9.455  -73.920  4.474 0.1000000015
7090  10.122  -74.948  5.274 0.1000000015
7708  9.007  -73.185  3.734 0.1000000015
122406  10.255  -73.638  5.087 0.1000000015
6487  10.900  -76.266  6.643 0.1000000015
123252  11.413  -75.427  6.570 0.1000000015
1593  30.080  -84.816  0.271 0.3000000119
23467  4.227  -53.009  16.001 0.2000000030
21801  5.909  -54.666  15.829 0.2000000030
24321  5.005  -52.567  15.572 0.1000000015
5922  20.265  -76.870  6.468 0.1000000015
5923  19.780  -76.212  6.114 0.1000000015
5937  19.781  -76.920  5.704 0.1000000015
5938  19.448  -76.131  5.245 0.1000000015
5961  18.385  -76.179  3.025 0.2000000030
5949  19.024  -76.853  3.635 0.2000000030
144920  27.627  -85.128  -1.648 0.3000000119
1962  22.929  -83.972  0.278 0.3000000119
1596  25.675  -85.558  -1.543 0.3000000119
6456  21.016  -76.110  8.645 0.1000000015
6457  20.711  -76.030  7.920 0.1000000015
5897  21.199  -76.741  9.065 0.1000000015
5898  20.927  -76.751  8.218 0.1000000015
5397  20.598  -77.584  6.907 0.1000000015
6483  20.214  -76.168  6.688 0.1000000015
6531  17.873  -75.561  3.582 0.1000000015
1971  27.882  -84.769  -1.551 0.1000000015
1967  25.081  -85.183  -0.849 0.3000000119
1968  23.967  -84.403  -0.557 0.3000000119
1973  26.934  -85.229  -1.541 0.2000000030
6445  21.246  -75.992  9.426 0.1000000015
6435  21.474  -75.812  10.416 0.1000000015
143461  20.699  -75.608  8.399 0.1000000015
6468  20.307  -75.759  7.252 0.1000000015
6484  19.666  -75.470  6.604 0.1000000015
1944  24.602  -83.969  2.325 0.1000000015
125497  22.987  -83.133  1.787 0.1000000015
2412  27.871  -84.180  -0.942 0.1000000015
1958  26.827  -84.957  0.214 0.1000000015
141925  25.586  -85.026  0.798 0.2000000030
1960  24.602  -84.460  0.085 0.2000000030
2399  23.669  -83.449  1.494 0.1000000015
1966  26.339  -85.221  -0.930 0.3000000119
121161  21.145  -75.210  9.736 0.1000000015
137239  20.913  -75.447  8.985 0.1000000015
9327  8.721  -70.675  29.063 0.3000000119
8650  8.328  -71.059  29.241 0.3000000119
144713  8.431  -64.879  28.448 0.1000000015
132464  6.792  -63.875  28.695 0.1000000015
14871  5.080  -63.353  28.723 0.1000000015
12397  8.569  -65.619  28.336 0.1000000015
12400  5.896  -65.552  29.155 0.1000000015
14045  5.375  -64.000  28.865 0.2000000030
120467  4.727  -64.867  29.014 0.2000000030
12383  5.130  -66.144  29.299 0.2000000030
14873  3.556  -63.493  28.151 0.3000000119
141106  4.343  -64.084  28.469 0.3000000119
14046  3.830  -64.455  28.109 0.4000000060
2383  22.833  -82.835  3.570 0.2000000030
2391  22.863  -83.161  2.600 0.3000000119
2408  22.918  -83.202  0.573 0.3000000119
2407  23.354  -83.671  0.155 0.3000000119
5410  19.453  -77.095  4.716 0.2000000030
127307  4.271  -65.010  28.325 0.3000000119
142293  3.290  -62.929  28.105 0.4000000060
34129  20.942  -41.847  18.036 0.2000000030
12398  7.696  -66.020  28.464 0.2000000030
5950  18.637  -76.020  4.029 0.1000000015
1959  25.934  -85.183  0.161 0.1000000015
1965  27.191  -84.695  -0.978 0.2000000030
2389  24.007  -83.248  2.936 0.1000000015
2382  23.417  -82.840  3.669 0.1000000015
13213  7.792  -65.191  28.385 0.1000000015
13215  5.715  -64.739  29.028 0.1000000015
122629  3.600  -60.524  28.289 0.2000000030
17469  3.737  -59.760  28.871 0.1000000015
138909  2.591  -59.385  27.668 0.1000000015
19121  3.201  -58.520  29.753 0.1000000015
18307  3.070  -59.055  28.604 0.2000000030
19132  2.677  -57.689  29.601 0.1000000015
22442  3.081  -54.134  31.375 0.1000000015
24111  3.701  -53.160  30.766 0.1000000015
24975  3.366  -52.194  30.006 0.1000000015
23283  2.447  -53.264  28.741 0.2000000030
131695  10.016  -51.149  28.632 0.1000000015
25845  9.192  -50.923  28.865 0.1000000015
24108  5.258  -52.351  31.241 0.1000000015
120528  11.410  -51.466  30.009 0.1000000015
140552  8.499  -50.751  29.506 0.1000000015
131513  7.004  -50.533  29.887 0.1000000015
25830  6.720  -51.065  31.121 0.1000000015
24974  3.800  -52.064  30.284 0.1000000015
25848  6.245  -50.374  29.452 0.1000000015
25850  4.624  -50.754  29.312 0.2000000030
25851  3.901  -51.052  29.424 0.1000000015
24987  10.701  -51.306  29.369 0.1000000015
25836  9.074  -50.853  30.253 0.1000000015
25000  10.835  -51.145  28.263 0.1000000015
33244  20.586  -42.638  18.226 0.2000000030
35057  18.197  -40.989  17.085 0.2000000030
35058  17.139  -41.333  16.794 0.2000000030
35059  16.155  -41.151  16.801 0.2000000030
35061  14.444  -40.564  17.349 0.2000000030
35056  19.116  -40.761  17.314 0.1000000015
35085  17.793  -40.499  16.433 0.1000000015
35086  16.774  -40.508  16.452 0.2000000030
35088  14.924  -40.093  16.803 0.2000000030
35087  15.812  -40.372  16.579 0.1000000015
35987  15.413  -39.586  16.274 0.1000000015
24971  5.659  -51.128  30.727 0.1000000015
25828  8.234  -50.811  31.267 0.1000000015
25837  8.334  -50.728  30.449 0.1000000015
120657  12.239  -51.446  30.353 0.1000000015
143418  11.348  -51.341  29.047 0.1000000015
17470  3.072  -59.914  28.057 0.1000000015
121865  2.448  -56.410  30.028 0.1000000015
23271  2.750  -53.328  29.934 0.2000000030
23265  3.195  -53.533  30.710 0.1000000015
36875  11.057  -37.420  16.967 0.1000000015
130891  21.954  -41.562  18.242 0.2000000030
125376  14.660  -39.275  16.527 0.1000000015
35989  13.248  -38.337  16.941 0.1000000015
1940  31.271  -84.579  2.229 0.3000000119
35060  15.198  -41.042  16.900 0.2000000030
25847  7.700  -50.538  29.422 0.1000000015
24956  3.939  -52.144  30.723 0.1000000015
24953  5.941  -51.612  31.162 0.1000000015
24954  4.984  -51.748  30.949 0.1000000015
24988  9.889  -51.089  29.844 0.1000000015
131761  7.091  -50.791  30.659 0.1000000015
124017  5.790  -50.721  30.000 0.1000000015
138521  7.465  -51.211  31.557 0.1000000015
25841  4.430  -51.315  29.990 0.1000000015
35986  16.328  -39.800  16.041 0.1000000015
138149  31.396  -84.744  3.591 0.3000000119
2369  30.957  -83.819  4.145 0.1000000015
2357  31.401  -84.493  4.623 0.3000000119
141188  30.722  -82.306  4.057 0.1000000015
2844  30.836  -83.011  3.674 0.1000000015
2368  31.338  -84.335  3.775 0.2000000030
3322  30.876  -81.395  4.117 0.1000000015
4865  30.426  -78.278  5.346 0.1000000015
4346  30.716  -79.850  4.021 0.1000000015
4334  30.910  -79.583  4.772 0.1000000015
5418  29.752  -77.762  5.006 0.1000000015
2843  31.266  -82.781  2.860 0.1000000015
5406  29.487  -77.028  5.449 0.1000000015
5405  30.158  -77.686  5.798 0.1000000015
5934  28.715  -76.328  5.021 0.1000000015
6496  28.456  -75.210  5.156 0.1000000015
2410  29.145  -83.858  -0.840 0.2000000030
2865  29.298  -82.721  -0.011 0.2000000030
2864  30.300  -83.076  0.551 0.1000000015
140142  31.431  -84.214  2.884 0.2000000030
3822  30.950  -80.025  5.206 0.1000000015
5933  29.172  -75.996  5.935 0.1000000015
5395  29.777  -76.943  6.308 0.1000000015
143830  30.734  -78.726  5.566 0.1000000015
2405  29.735  -83.433  -0.217 0.2000000030
137461  28.529  -84.451  -1.228 0.2000000030
128938  30.898  -81.237  3.464 0.1000000015
1963  29.928  -84.533  -0.147 0.2000000030
1600  29.002  -84.874  -1.103 0.2000000030
2850  30.960  -82.404  2.232 0.1000000015
3337  30.781  -81.591  2.632 0.1000000015
3343  30.334  -81.928  1.793 0.1000000015
3840  30.800  -80.483  3.669 0.1000000015
2396  31.215  -84.214  1.585 0.2000000030
2386  31.426  -83.384  2.496 0.2000000030
3329  31.083  -82.175  2.835 0.1000000015
7448  11.911  -73.926  26.621 0.2000000030
8055  11.018  -72.774  27.935 0.2000000030
8038  10.527  -72.110  28.403 0.2000000030
8646  12.636  -70.856  28.704 0.2000000030
143090  11.077  -71.752  28.482 0.2000000030
8648  10.368  -70.698  28.848 0.2000000030
8649  9.483  -71.002  28.942 0.2000000030
9325  10.881  -70.188  28.822 0.2000000030
10802  8.547  -67.936  28.717 0.2000000030
9326  9.724  -70.276  28.951 0.2000000030
15693  3.647  -62.369  28.255 0.1000000015
10248  4.772  -68.891  14.538 0.1000000015
10949  4.723  -68.486  17.892 0.1000000015
11722  7.537  -68.335  19.657 0.1000000015
30417  24.626  -45.542  23.569 0.1000000015
30418  24.428  -44.795  23.748 0.1000000015
2373  22.386  -83.024  4.409 0.2000000030
31336  24.474  -44.997  22.822 0.1000000015
2849  31.294  -82.823  2.357 0.1000000015
8037  11.689  -72.144  28.246 0.2000000030
34128  21.202  -41.086  17.786 0.1000000015
861  28.124  -87.223  9.591 0.2000000030
599  30.975  -87.560  10.259 0.2000000030
3303  21.175  -80.950  8.025 0.1000000015
3302  22.374  -81.034  7.682 0.1000000015
3311  22.282  -81.366  6.815 0.1000000015
121693  23.091  -81.970  5.863 0.1000000015
7721  13.417  -73.340  1.962 0.1000000015
4273  21.736  -79.535  9.710 0.1000000015
3288  21.979  -80.646  8.483 0.1000000015
3782  20.910  -80.457  8.760 0.1000000015
141283  22.823  -80.794  8.317 0.1000000015
134577  22.906  -81.633  6.428 0.1000000015
2813  22.143  -81.711  5.989 0.1000000015
2823  23.323  -82.324  5.227 0.1000000015
2836  22.809  -82.268  4.642 0.1000000015
2360  22.006  -82.878  5.059 0.1000000015
8317  14.717  -72.707  2.926 0.1000000015
7715  14.191  -72.899  2.383 0.1000000015
18417  9.146  -59.826  18.250 0.1000000015
18418  8.125  -59.898  17.997 0.1000000015
18419  7.034  -59.932  18.047 0.1000000015
17586  6.490  -60.610  18.485 0.1000000015
18428  8.700  -59.068  17.705 0.1000000015
18430  6.619  -59.300  17.483 0.1000000015
18431  5.588  -59.399  17.328 0.1000000015
133841  6.452  -57.827  16.576 0.1000000015
20116  5.158  -57.508  16.095 0.1000000015
19252  7.266  -58.488  17.156 0.1000000015
123683  7.031  -57.916  16.752 0.1000000015
20095  6.901  -57.186  16.711 0.1000000015
20962  5.613  -56.785  15.942 0.1000000015
20131  3.885  -56.857  15.798 0.1000000015
21803  4.683  -55.420  15.678 0.1000000015
20976  4.203  -56.190  15.738 0.1000000015
2339  32.187  -83.804  7.179 0.1000000015
35966  10.767  -38.219  17.674 0.1000000015
35063  10.604  -40.216  16.937 0.1000000015
33264  10.896  -42.064  16.885 0.1000000015
35990  10.826  -38.309  16.620 0.1000000015
34138  9.556  -40.479  17.665 0.1000000015
3312  21.297  -81.628  6.737 0.1000000015
2338  32.581  -84.395  7.771 0.2000000030
16695  6.801  -61.180  19.039 0.1000000015
19277  4.602  -58.167  16.451 0.1000000015
21784  6.126  -55.359  15.997 0.1000000015
21785  5.968  -56.030  15.941 0.1000000015
2812  23.688  -82.152  6.664 0.1000000015
20115  6.041  -57.342  16.369 0.1000000015
2328  32.972  -84.168  9.912 0.1000000015
2329  32.552  -83.795  9.150 0.1000000015
1907  32.947  -84.934  8.482 0.1000000015
2789  32.269  -83.378  9.979 0.1000000015
482  12.702  -88.564  27.734 0.1000000015
729  11.919  -88.233  27.056 0.1000000015
730  10.997  -87.261  26.678 0.1000000015
724  11.146  -87.522  27.648 0.1000000015
1364  9.152  -84.787  26.819 0.1000000015
1773  8.161  -84.002  24.374 0.1000000015
3118  8.016  -81.845  23.356 0.1000000015
1151  32.859  -85.757  10.172 0.1000000015
2309  33.291  -84.249  11.423 0.1000000015
743  13.140  -88.003  24.836 0.1000000015
718  11.225  -87.602  28.652 0.1000000015
713  11.338  -87.638  29.789 0.1000000015
998  10.509  -86.739  29.182 0.1000000015
1006  9.865  -85.902  28.717 0.1000000015
121837  7.605  -82.134  24.036 0.1000000015
133202  9.318  -81.146  23.937 0.1000000015
3622  9.998  -80.613  23.185 0.1000000015
133028  32.353  -86.330  11.142 0.1000000015
849  31.865  -86.666  10.755 0.1000000015
138272  32.358  -86.248  10.329 0.1000000015
1516  33.336  -85.424  11.036 0.1000000015
1882  33.549  -84.954  11.250 0.1000000015
122065  8.510  -83.559  25.837 0.1000000015
2637  7.874  -82.499  24.862 0.1000000015
3095  8.793  -82.203  25.146 0.1000000015
3105  8.338  -81.657  24.257 0.1000000015
3104  9.661  -81.616  24.642 0.1000000015
837  31.661  -86.899  11.159 0.1000000015
357  29.095  -90.353  11.834 0.1000000015
1143  31.708  -86.822  11.688 0.1000000015
1517  32.971  -85.738  11.473 0.1000000015
3597  11.575  -80.286  24.883 0.1000000015
6285  13.067  -75.879  25.397 0.1000000015
6874  13.206  -75.283  25.801 0.1000000015
6294  12.419  -75.861  24.679 0.1000000015
6868  12.863  -74.571  26.097 0.1000000015
136383  11.907  -74.495  25.965 0.1000000015
7429  12.547  -73.465  27.091 0.1000000015
138380  14.172  -73.563  28.065 0.1000000015
8053  13.421  -73.240  27.604 0.1000000015
8664  14.166  -71.893  28.823 0.1000000015
8665  12.943  -71.781  28.451 0.1000000015
133700  13.641  -71.247  28.811 0.1000000015
8647  11.313  -70.770  28.743 0.1000000015
8645  14.446  -71.183  29.311 0.1000000015
134912  13.872  -70.550  29.055 0.1000000015
9324  12.021  -70.124  28.700 0.1000000015
10030  9.538  -69.416  28.908 0.1000000015
140266  14.178  -69.747  29.279 0.1000000015
9323  13.253  -69.946  28.836 0.1000000015
10045  12.297  -68.573  28.589 0.1000000015
10028  11.586  -69.471  28.684 0.1000000015
10048  9.734  -68.507  28.702 0.1000000015
10047  10.418  -68.657  28.666 0.1000000015
125300  11.915  -67.934  28.501 0.1000000015
10801  9.410  -67.827  28.558 0.1000000015
10799  11.159  -67.763  28.456 0.1000000015
11596  9.018  -67.131  28.414 0.1000000015
11595  9.859  -66.847  28.311 0.1000000015
26763  17.597  -48.752  24.949 0.1000000015
25910  19.674  -49.458  25.043 0.1000000015
838  31.015  -87.704  11.501 0.1000000015
839  30.584  -88.220  12.254 0.1000000015
134087  28.655  -90.009  13.194 0.1000000015
851  28.232  -87.590  10.281 0.1000000015
121920  18.865  -49.133  25.169 0.1000000015
840  28.067  -88.621  10.952 0.1000000015
349  29.155  -89.976  13.153 0.1000000015
348  29.832  -89.120  12.710 0.1000000015
2195  7.587  -82.945  24.152 0.1000000015
1531  27.745  -85.423  8.928 0.1000000015
1160  27.988  -86.340  9.022 0.1000000015
8054  12.148  -72.810  27.643 0.1000000015
10029  10.549  -69.532  28.807 0.1000000015
25036  21.051  -51.239  25.283 0.1000000015
2  19.150  -91.788  15.399 0.8999999762
3  20.199  -92.126  14.975 0.8000000119
5  19.110  -91.860  14.677 0.8999999762
8  18.653  -91.539  14.093 0.8999999762
9  24.471  -91.895  11.957 0.8000000119
12  18.868  -91.447  13.280 0.8999999762
13  24.789  -91.964  11.211 0.8000000119
15  23.966  -91.999  11.346 0.8000000119
16  19.030  -91.315  12.536 0.8999999762
19  23.207  -92.175  9.982 0.8000000119
23  23.756  -92.138  9.098 0.8000000119
28  22.635  -91.715  7.625 1.0000000000
31  23.483  -91.916  6.698 1.0000000000
33  22.465  -91.312  6.880 1.0000000000
35  23.705  -91.657  6.193 0.8999999762
36  23.111  -91.716  6.152 1.0000000000
38  22.300  -90.841  6.309 1.0000000000
39  22.445  -90.650  5.573 0.8999999762
42  19.050  -91.392  16.352 0.6000000238
46  22.317  -91.335  15.138 0.6000000238
47  21.601  -91.360  15.390 0.6999999881
49  19.285  -91.602  15.855 0.8999999762
53  24.316  -91.025  13.867 0.6999999881
58  17.686  -91.186  14.924 0.8999999762
61  24.348  -91.101  13.238 0.6999999881
66  25.082  -91.373  12.819 0.6999999881
69  19.995  -91.547  13.054 0.8999999762
75  24.964  -91.813  11.984 0.8000000119
78  19.649  -91.147  12.201 0.8999999762
80  18.761  -91.007  12.066 0.8999999762
81  18.394  -90.604  11.563 0.8999999762
82  17.966  -90.033  11.591 0.8999999762
83  25.067  -91.736  10.746 0.8000000119
85  23.607  -92.057  10.829 0.8000000119
86  23.125  -92.140  10.135 0.8999999762
88  18.715  -90.820  10.400 0.8999999762
91  24.413  -92.047  9.530 0.8000000119
92  22.768  -91.915  9.451 0.8999999762
100  24.176  -91.561  6.635 1.0000000000
102  25.305  -91.132  5.920 0.6000000238
108  23.242  -90.438  5.031 1.0000000000
111  21.399  -89.984  4.513 0.8999999762
115  21.102  -90.368  3.247 0.8999999762
155  20.283  -91.130  15.814 0.6000000238
156  19.492  -91.001  16.311 0.6000000238
159  16.872  -90.611  17.367 0.8000000119
162  21.357  -90.842  15.598 0.6999999881
167  24.337  -90.516  14.340 0.6000000238
168  23.589  -90.657  14.635 0.6000000238
177  25.392  -90.898  12.853 0.6999999881
183  16.603  -89.337  12.777 1.0000000000
189  17.602  -89.604  12.137 1.0000000000
191  28.802  -90.347  10.407 0.4000000060
192  25.324  -91.059  11.170 0.6999999881
195  19.254  -90.982  10.099 0.8999999762
196  18.965  -91.002  9.816 0.8999999762
198  18.014  -89.036  10.101 1.0000000000
206  18.603  -89.732  9.112 1.0000000000
208  28.495  -90.300  9.057 0.5000000000
209  27.908  -90.502  8.447 0.5000000000
215  18.904  -90.362  8.907 1.0000000000
216  17.851  -88.832  8.970 1.0000000000
223  27.410  -90.558  6.908 0.5000000000
228  21.781  -90.111  6.605 0.8999999762
231  25.685  -90.730  5.492 0.6999999881
232  21.378  -89.628  5.862 0.8999999762
234  25.276  -90.114  4.872 0.8000000119
239  23.071  -90.275  3.552 0.8999999762
242  23.161  -90.045  2.594 0.8999999762
246  20.104  -89.981  3.011 0.8999999762
248  22.161  -90.119  1.838 0.8999999762
250  20.853  -90.087  2.172 0.8999999762
251  21.899  -89.846  1.160 0.8999999762
313  15.731  -89.589  18.934 0.8000000119
315  14.673  -89.418  19.699 0.8000000119
317  17.644  -89.424  18.066 0.4000000060
320  15.711  -89.615  18.887 0.8999999762
322  18.707  -89.986  17.341 0.5000000000
323  18.054  -90.007  17.758 0.5000000000
327  15.305  -89.598  18.775 0.8999999762
330  16.583  -90.180  16.940 0.8000000119
335  16.638  -90.086  15.924 0.8999999762
338  28.898  -89.604  13.816 0.1000000015
339  25.004  -89.552  14.099 0.4000000060
344  25.287  -90.232  13.579 0.5000000000
350  28.839  -90.354  12.534 0.2000000030
351  25.513  -89.813  12.823 0.6000000238
366  28.307  -90.227  10.861 0.2000000030
387  18.744  -89.571  8.633 1.0000000000
391  28.615  -89.857  7.466 0.5000000000
392  25.720  -89.246  7.018 0.5000000000
394  24.438  -89.311  7.228 0.6000000238
395  22.101  -88.750  7.832 1.0000000000
402  24.471  -89.810  6.894 0.6000000238
404  27.944  -89.427  5.981 0.5000000000
409  27.142  -89.238  5.124 0.5000000000
412  20.527  -89.386  4.561 1.0000000000
413  20.039  -89.287  3.832 1.0000000000
416  19.703  -89.094  3.189 1.0000000000
419  20.212  -89.893  2.448 0.8999999762
422  21.111  -89.676  1.358 0.8999999762
424  20.232  -89.064  1.710 0.8999999762
426  23.227  -88.965  -0.137 0.8999999762
427  22.379  -89.463  0.489 0.8999999762
428  21.099  -89.092  0.747 0.8999999762
431  22.545  -88.922  -0.085 0.8999999762
494  12.941  -88.204  25.422 0.1000000015
501  12.846  -88.202  24.734 0.4000000060
502  12.661  -88.246  24.669 0.6000000238
518  11.970  -88.111  22.113 0.6000000238
524  13.043  -88.940  21.689 0.6000000238
534  12.484  -88.723  20.780 0.6999999881
540  14.171  -89.395  19.979 0.8000000119
541  13.770  -89.354  19.892 0.8999999762
545  16.360  -89.372  18.798 0.4000000060
548  18.904  -89.200  16.992 0.5000000000
554  16.261  -89.478  17.272 0.8999999762
559  22.128  -89.326  14.987 0.6000000238
567  24.603  -88.965  14.315 0.5000000000
571  13.908  -87.814  14.672 1.0000000000
584  14.565  -87.369  13.177 1.0000000000
591  17.357  -87.920  11.198 1.0000000000
593  15.446  -87.602  12.216 1.0000000000
600  30.055  -88.759  9.883 0.4000000060
604  19.982  -88.376  9.378 1.0000000000
605  17.504  -88.240  9.029 1.0000000000
613  17.787  -88.350  8.216 1.0000000000
617  25.575  -88.086  7.303 0.5000000000
620  22.266  -87.800  7.947 0.8999999762
624  17.891  -88.214  7.672 1.0000000000
627  21.268  -88.375  6.459 0.8999999762
634  25.417  -88.579  4.200 0.6999999881
643  19.633  -88.842  2.664 1.0000000000
646  25.633  -88.887  1.412 0.8000000119
652  24.780  -89.067  0.429 0.8999999762
654  20.758  -88.582  1.089 0.8999999762
655  25.723  -88.298  -0.348 0.6999999881
657  23.678  -88.303  -0.674 0.8000000119
659  21.558  -88.112  -0.018 0.8000000119
744  11.975  -88.090  24.607 0.4000000060
761  13.168  -88.309  22.900 0.6000000238
778  11.934  -88.062  20.338 0.6999999881
783  15.289  -87.857  19.507 0.4000000060
788  18.128  -87.453  17.724 0.2000000030
795  18.960  -87.265  16.979 0.1000000015
797  15.576  -87.962  17.161 0.8999999762
814  14.862  -87.244  16.582 0.8999999762
815  12.999  -86.769  15.364 1.0000000000
819  24.580  -87.979  14.103 0.4000000060
831  30.487  -88.195  12.900 0.1000000015
834  14.902  -87.175  12.402 1.0000000000
835  14.606  -87.060  13.191 1.0000000000
842  22.033  -87.439  11.336 0.8999999762
850  31.349  -87.279  10.782 0.1000000015
852  25.326  -86.322  9.659 0.5000000000
857  17.528  -87.805  10.284 1.0000000000
858  31.589  -86.854  10.252 0.3000000119
862  27.697  -87.357  8.911 0.2000000030
863  24.895  -86.705  8.678 0.4000000060
864  24.655  -87.164  8.025 0.5000000000
870  31.239  -86.765  8.985 0.2000000030
876  16.982  -87.821  7.825 1.0000000000
880  25.317  -87.440  7.489 0.5000000000
882  18.245  -88.007  7.434 1.0000000000
887  21.602  -87.272  6.887 0.8999999762
896  29.132  -87.233  2.853 0.6999999881
899  26.147  -87.512  3.718 0.8000000119
901  19.298  -87.967  2.910 1.0000000000
902  29.278  -87.122  2.211 0.6999999881
909  20.081  -87.873  1.926 1.0000000000
914  21.261  -87.658  0.712 1.0000000000
919  23.584  -87.479  -1.212 0.6999999881
920  22.576  -87.015  -0.889 0.6999999881
1005  10.495  -86.706  28.197 0.1000000015
1013  9.979  -85.798  27.732 0.1000000015
1021  10.302  -86.238  26.814 0.2000000030
1032  10.213  -85.931  25.365 0.3000000119
1049  10.391  -86.282  23.537 0.8000000119
1064  9.805  -85.649  21.692 0.6999999881
1068  13.998  -87.810  20.565 0.3000000119
1077  11.472  -86.917  19.149 0.6999999881
1087  16.784  -86.209  18.598 0.1000000015
1088  15.969  -86.656  18.932 0.2000000030
1090  10.982  -86.152  18.752 0.6999999881
1097  13.389  -86.512  17.347 0.8999999762
1098  11.925  -86.611  18.183 0.8999999762
1099  10.895  -85.430  17.462 0.8999999762
1119  23.623  -86.731  14.107 0.2000000030
1122  12.123  -85.890  14.704 1.0000000000
1127  23.961  -86.002  13.876 0.2000000030
1128  12.895  -86.113  14.224 1.0000000000
1140  14.397  -86.337  13.490 1.0000000000
1142  32.928  -85.814  10.760 0.1000000015
1146  18.637  -86.388  11.352 1.0000000000
1148  17.284  -87.331  11.812 1.0000000000
1149  15.346  -87.020  11.940 1.0000000000
1150  15.154  -86.850  12.215 1.0000000000
1163  22.305  -86.130  10.043 1.0000000000
1165  17.073  -86.983  9.498 1.0000000000
1168  32.258  -85.897  8.806 0.3000000119
1173  22.416  -85.757  9.372 1.0000000000
1179  31.690  -85.810  7.452 0.4000000060
1198  28.774  -86.182  5.474 0.6000000238
1209  28.469  -86.871  3.783 0.6999999881
1210  27.499  -86.970  3.682 0.6999999881
1225  27.818  -86.970  -0.682 0.6000000238
1227  21.678  -87.218  0.439 0.8999999762
1232  26.623  -86.902  -1.438 0.6000000238
1234  22.216  -87.099  -0.256 0.6999999881
1235  27.711  -85.594  -1.588 0.5000000000
1237  25.343  -86.087  -1.962 0.5000000000
1239  23.721  -86.204  -1.523 0.6999999881
1376  8.959  -84.737  26.064 0.1000000015
1417  13.411  -85.589  22.419 0.2000000030
1428  9.101  -85.218  21.593 0.6000000238
1432  13.944  -85.272  20.199 0.2000000030
1435  8.720  -84.657  21.019 0.6000000238
1452  15.575  -85.726  19.086 0.1000000015
1475  21.344  -85.556  15.286 0.3000000119
1484  23.322  -85.215  13.880 0.2000000030
1488  11.612  -85.327  14.414 1.0000000000
1495  19.151  -85.218  13.239 1.0000000000
1496  18.460  -85.189  13.718 1.0000000000
1497  15.810  -85.564  13.966 1.0000000000
1500  12.940  -85.658  14.020 1.0000000000
1502  11.223  -84.706  14.084 1.0000000000
1520  33.184  -85.489  10.379 0.2000000030
1524  21.154  -85.879  10.058 1.0000000000
1525  18.612  -85.810  11.016 1.0000000000
1530  28.307  -85.679  9.651 0.1000000015
1533  22.067  -85.495  9.790 1.0000000000
1535  21.151  -84.817  9.586 1.0000000000
1540  32.917  -85.234  8.931 0.3000000119
1550  32.382  -85.376  7.607 0.3000000119
1552  22.344  -85.558  8.654 1.0000000000
1559  32.354  -85.203  6.715 0.3000000119
1566  32.190  -85.196  6.016 0.3000000119
1581  30.889  -85.370  2.382 0.4000000060
1586  30.907  -84.790  1.680 0.3000000119
1590  30.441  -84.963  1.002 0.3000000119
1591  29.843  -85.365  0.472 0.3000000119
1594  29.587  -85.029  -0.387 0.2000000030
1598  23.702  -84.956  -0.731 0.5000000000
1601  28.293  -85.165  -1.442 0.3000000119
1602  27.363  -85.122  -1.649 0.3000000119
1603  26.569  -85.542  -1.673 0.3000000119
1606  23.443  -85.728  -1.092 0.5000000000
1795  13.527  -84.341  21.607 0.1000000015
1803  14.060  -84.345  20.290 0.1000000015
1813  15.135  -84.428  19.460 0.1000000015
1826  9.569  -85.084  18.882 0.8999999762
1834  9.431  -84.572  17.500 1.0000000000
1842  9.177  -84.168  16.226 1.0000000000
1843  8.845  -83.829  16.712 1.0000000000
1854  28.917  -84.230  14.497 0.1000000015
1860  16.013  -84.707  14.744 1.0000000000
1866  25.239  -84.943  13.035 0.3000000119
1870  19.077  -84.451  13.588 1.0000000000
1873  14.190  -84.715  13.737 1.0000000000
1879  28.884  -83.928  11.904 0.1000000015
1881  13.377  -85.052  13.777 1.0000000000
1885  19.169  -84.443  11.797 1.0000000000
1898  33.038  -84.566  9.192 0.1000000015
1900  27.142  -84.373  9.250 0.2000000030
1902  21.354  -84.408  9.174 1.0000000000
1908  20.805  -83.862  9.044 1.0000000000
1909  19.708  -83.777  8.821 1.0000000000
1913  21.242  -84.301  8.658 1.0000000000
1928  31.538  -84.830  4.332 0.3000000119
1945  22.710  -84.106  2.312 0.4000000060
1952  25.006  -84.577  1.346 0.1000000015
1955  31.012  -83.939  1.032 0.3000000119
1961  23.011  -83.557  0.417 0.3000000119
1964  29.384  -84.445  -0.752 0.2000000030
1970  23.124  -84.567  -0.242 0.4000000060
1972  27.661  -84.744  -1.464 0.1000000015
2182  7.839  -83.195  24.911 0.1000000015
2215  14.016  -83.077  21.229 0.1000000015
2235  9.304  -83.322  18.634 0.8000000119
2244  17.005  -82.966  19.241 0.1000000015
2272  29.069  -82.753  14.894 0.1000000015
2273  28.999  -83.206  14.312 0.1000000015
2276  18.973  -82.834  14.172 1.0000000000
2280  14.840  -83.821  15.004 1.0000000000
2285  8.813  -82.804  14.382 1.0000000000
2290  23.644  -82.810  13.646 0.1000000015
2291  19.428  -84.044  13.149 1.0000000000
2293  12.963  -83.901  13.680 1.0000000000
2294  12.106  -83.699  13.641 1.0000000000
2297  9.843  -83.515  13.866 1.0000000000
2300  28.728  -83.081  12.164 0.1000000015
2307  15.923  -82.826  12.687 1.0000000000
2312  26.594  -82.827  10.850 0.1000000015
2318  14.139  -82.841  11.448 1.0000000000
2320  33.351  -84.564  10.615 0.2000000030
2330  26.950  -83.965  9.717 0.3000000119
2333  32.718  -84.267  8.537 0.1000000015
2337  14.219  -83.896  8.468 1.0000000000
2340  31.278  -83.520  6.672 0.2000000030
2341  20.231  -83.706  8.754 1.0000000000
2354  15.897  -83.992  5.829 1.0000000000
2366  14.187  -83.297  5.709 1.0000000000
2374  21.961  -83.799  4.767 0.3000000119
2378  31.305  -83.609  3.246 0.1000000015
2390  22.974  -82.886  2.666 0.1000000015
2393  19.556  -84.042  1.692 1.0000000000
2400  22.898  -83.403  0.819 0.3000000119
2401  22.918  -83.261  1.416 0.3000000119
2402  20.207  -83.463  1.708 1.0000000000
2404  30.491  -83.701  0.449 0.3000000119
2409  29.948  -84.020  -0.283 0.2000000030
2624  8.457  -82.947  25.574 0.1000000015
2650  7.484  -82.555  23.258 0.3000000119
2673  14.240  -82.358  21.501 0.1000000015
2675  8.949  -82.146  21.800 0.6000000238
2684  15.928  -82.008  20.191 0.1000000015
2685  15.689  -82.852  19.873 0.1000000015
2710  17.856  -82.666  19.082 0.1000000015
2751  9.408  -82.823  13.858 1.0000000000
2757  23.839  -81.944  13.632 0.1000000015
2758  19.337  -83.547  13.120 1.0000000000
2763  10.753  -82.846  13.724 1.0000000000
2768  25.527  -82.391  12.134 0.1000000015
2776  28.130  -82.325  11.125 0.1000000015
2778  26.874  -82.164  11.050 0.1000000015
2781  11.845  -81.872  10.881 1.0000000000
2785  14.601  -83.104  10.729 1.0000000000
2786  13.590  -82.636  11.000 1.0000000000
2788  12.227  -82.247  10.919 1.0000000000
2805  17.743  -83.075  6.802 1.0000000000
2816  17.741  -82.996  6.387 1.0000000000
2817  16.858  -82.668  5.894 1.0000000000
2824  22.543  -82.042  5.266 0.1000000015
2826  20.528  -82.766  5.036 0.4000000060
2831  13.973  -82.482  5.097 1.0000000000
2837  20.693  -83.432  4.405 0.6000000238
2841  14.973  -81.714  4.812 1.0000000000
2855  20.256  -81.470  2.026 0.8999999762
2858  31.360  -83.313  1.891 0.1000000015
2859  30.719  -82.716  1.423 0.1000000015
3117  9.044  -81.303  23.308 0.4000000060
3139  14.703  -81.783  21.358 0.1000000015
3161  17.569  -81.281  19.875 0.1000000015
3163  9.913  -81.651  19.693 0.8000000119
3177  9.741  -82.032  18.436 0.8000000119
3179  7.440  -81.323  17.401 1.0000000000
3200  8.276  -81.668  15.470 0.8999999762
3207  22.429  -81.841  15.201 0.1000000015
3216  8.638  -81.632  14.724 1.0000000000
3231  25.423  -80.713  12.782 0.1000000015
3238  9.537  -82.121  13.887 1.0000000000
3242  28.296  -81.545  12.208 0.1000000015
3251  10.712  -80.603  11.233 1.0000000000
3256  27.332  -81.476  11.415 0.1000000015
3258  11.297  -81.220  11.033 1.0000000000
3259  10.467  -80.667  10.844 1.0000000000
3268  9.989  -80.754  10.540 1.0000000000
3276  12.185  -81.791  10.051 1.0000000000
3291  11.890  -81.244  9.246 1.0000000000
3306  15.612  -80.640  8.646 1.0000000000
3314  19.650  -81.141  6.500 0.1000000015
3328  14.467  -81.477  4.768 1.0000000000
3330  30.987  -82.025  3.386 0.1000000015
3334  16.355  -81.252  2.954 1.0000000000
3336  15.472  -80.867  4.010 1.0000000000
3340  20.090  -81.590  1.546 0.8999999762
3620  11.590  -79.644  23.496 0.3000000119
3643  7.856  -80.373  20.523 0.8999999762
3650  16.532  -80.608  20.829 0.1000000015
3662  7.874  -81.043  19.243 0.8999999762
3674  6.520  -80.368  18.928 1.0000000000
3714  23.677  -80.595  14.210 0.1000000015
3716  18.630  -80.043  14.631 1.0000000000
3724  25.491  -79.921  13.210 0.1000000015
3736  27.588  -80.322  12.828 0.1000000015
3741  11.403  -80.535  11.531 1.0000000000
3743  8.971  -80.514  12.192 1.0000000000
3749  9.806  -80.657  11.535 1.0000000000
3750  8.775  -80.924  10.989 1.0000000000
3751  8.208  -80.226  11.037 1.0000000000
3755  15.186  -81.604  10.208 1.0000000000
3757  8.437  -80.683  10.314 1.0000000000
3767  15.626  -80.904  9.837 1.0000000000
3768  15.052  -80.701  10.047 1.0000000000
3773  8.220  -80.398  9.532 1.0000000000
3785  15.822  -80.308  9.296 1.0000000000
3788  11.514  -80.776  8.499 1.0000000000
3792  8.029  -80.017  8.822 0.8999999762
3805  9.166  -80.285  7.404 1.0000000000
3814  19.451  -80.441  6.222 0.1000000015
3815  15.708  -79.364  6.920 1.0000000000
3829  14.735  -80.783  4.889 1.0000000000
3833  30.890  -80.450  4.353 0.1000000015
4108  11.690  -79.525  24.132 0.1000000015
4129  11.566  -79.179  22.838 0.3000000119
4145  6.854  -80.089  21.090 0.8999999762
4155  6.211  -79.789  20.709 1.0000000000
4192  13.368  -80.252  18.033 1.0000000000
4232  8.527  -79.462  13.415 1.0000000000
4241  10.858  -79.949  11.780 1.0000000000
4284  15.357  -79.050  8.767 1.0000000000
4309  19.792  -78.986  6.239 0.1000000015
4316  7.372  -79.279  6.309 0.8999999762
4319  30.866  -79.280  5.420 0.1000000015
4322  19.878  -79.283  4.787 0.1000000015
4324  15.854  -78.649  5.502 1.0000000000
4330  7.906  -79.609  6.105 0.8999999762
4337  20.053  -79.324  3.752 0.3000000119
4342  9.393  -79.511  4.246 0.8999999762
4353  20.212  -79.787  2.994 0.4000000060
4374  19.925  -79.409  0.945 0.8000000119
4649  6.542  -78.732  23.634 1.0000000000
4659  11.724  -78.570  22.895 0.3000000119
4663  6.770  -79.232  22.947 1.0000000000
4690  6.359  -78.693  19.404 1.0000000000
4719  8.321  -78.667  17.442 1.0000000000
4760  18.457  -78.513  14.330 1.0000000000
4763  10.353  -78.319  14.238 1.0000000000
4776  11.330  -78.263  12.775 1.0000000000
4786  16.493  -77.759  12.566 1.0000000000
4790  7.400  -78.750  12.464 1.0000000000
4800  13.353  -78.548  11.486 1.0000000000
4801  12.583  -78.913  11.475 1.0000000000
4824  7.055  -78.985  9.232 0.8999999762
4833  15.939  -79.081  8.389 1.0000000000
4834  15.509  -78.638  8.071 1.0000000000
4857  14.055  -78.755  6.825 1.0000000000
4860  6.869  -78.100  6.432 0.8000000119
4879  30.044  -78.414  4.627 0.1000000015
4887  12.926  -78.601  4.324 0.8999999762
4891  8.918  -79.125  3.501 0.6000000238
4903  16.380  -78.538  2.612 1.0000000000
4910  8.820  -78.492  2.889 0.6000000238
4918  16.552  -78.084  1.594 0.8999999762
4920  9.092  -77.979  2.560 0.6000000238
4927  20.090  -79.044  1.173 0.8000000119
4929  17.973  -78.451  0.871 0.8999999762
4930  17.012  -77.695  0.552 0.8000000119
4936  16.844  -77.184  0.476 0.8000000119
5213  6.040  -76.669  24.644 1.0000000000
5220  12.285  -77.377  24.173 0.2000000030
5224  7.022  -78.026  24.860 0.6999999881
5225  6.161  -77.383  24.228 1.0000000000
5229  12.152  -77.664  23.709 0.2000000030
5230  11.777  -77.517  23.402 0.3000000119
5231  11.025  -77.396  23.211 0.3000000119
5242  11.438  -78.011  22.909 0.3000000119
5251  5.849  -77.837  21.603 1.0000000000
5264  9.391  -77.433  19.240 1.0000000000
5274  13.305  -78.116  19.343 1.0000000000
5289  12.000  -78.458  18.578 1.0000000000
5299  8.253  -77.811  16.502 1.0000000000
5300  7.448  -77.665  16.185 1.0000000000
5309  11.441  -76.835  13.819 1.0000000000
5311  10.145  -78.051  15.015 1.0000000000
5327  16.372  -76.825  12.460 1.0000000000
5331  6.906  -77.251  12.345 0.8999999762
5377  10.442  -77.273  8.119 0.1000000015
5387  9.910  -77.266  7.689 0.1000000015
5412  7.662  -77.900  5.023 0.5000000000
5457  8.863  -76.989  2.473 0.6000000238
5466  16.744  -76.539  0.470 0.6000000238
5739  7.140  -76.351  26.482 0.6000000238
5740  6.810  -76.497  26.216 0.8000000119
5747  7.195  -76.940  25.988 0.8000000119
5765  10.440  -76.923  23.737 0.3000000119
5766  5.961  -76.401  23.417 1.0000000000
5785  9.093  -75.835  20.816 1.0000000000
5799  9.856  -76.598  19.928 1.0000000000
5801  7.547  -76.672  20.582 1.0000000000
5808  12.878  -76.794  19.894 1.0000000000
5811  9.797  -77.070  19.530 1.0000000000
5815  13.654  -77.581  19.646 1.0000000000
5819  9.997  -76.298  17.519 1.0000000000
5828  10.238  -76.657  16.870 1.0000000000
5832  6.676  -77.094  16.196 1.0000000000
5845  6.338  -76.676  14.749 1.0000000000
5849  17.073  -76.734  13.219 1.0000000000
5859  13.773  -76.454  12.395 1.0000000000
5870  13.979  -76.917  11.719 1.0000000000
5890  6.000  -76.295  9.083 0.8999999762
5902  9.414  -76.529  8.177 0.1000000015
5913  20.656  -76.638  7.266 0.1000000015
5924  10.906  -76.934  7.319 0.1000000015
5925  10.367  -76.939  6.754 0.1000000015
5926  9.723  -76.966  6.189 0.1000000015
5928  6.484  -76.771  5.919 0.5000000000
5942  6.615  -76.314  5.700 0.3000000119
5951  8.738  -76.400  4.471 0.2000000030
5952  8.354  -76.854  3.966 0.2000000030
5982  8.651  -76.048  2.250 0.4000000060
5997  17.311  -76.003  0.486 0.6000000238
5998  16.806  -75.282  0.557 0.6000000238
6000  14.485  -76.240  1.619 0.6999999881
6271  6.391  -75.300  27.074 0.8999999762
6277  9.455  -75.576  26.157 0.4000000060
6280  6.756  -76.032  26.789 0.6999999881
6287  10.324  -75.387  25.523 0.3000000119
6297  6.028  -75.950  24.959 0.8999999762
6333  14.668  -75.931  20.991 1.0000000000
6336  11.426  -75.531  20.901 1.0000000000
6345  14.252  -76.368  20.509 1.0000000000
6347  7.286  -75.508  19.514 1.0000000000
6348  6.502  -75.609  19.133 1.0000000000
6368  11.190  -75.227  17.139 1.0000000000
6380  12.412  -74.595  15.892 1.0000000000
6402  15.273  -75.223  13.452 1.0000000000
6409  16.562  -75.674  13.262 1.0000000000
6420  16.062  -76.006  12.652 1.0000000000
6422  6.622  -75.495  12.446 1.0000000000
6473  8.586  -76.225  7.262 0.2000000030
6486  11.455  -76.402  7.376 0.1000000015
6534  8.471  -75.317  2.340 0.2000000030
6551  17.313  -74.748  0.962 0.5000000000
6552  16.726  -74.730  1.314 0.4000000060
6556  10.327  -75.167  2.315 0.3000000119
6557  9.207  -75.258  1.935 0.2000000030
6572  17.007  -75.396  0.396 0.6000000238
6574  14.399  -75.616  1.465 0.2000000030
6575  13.316  -75.630  1.633 0.2000000030
6856  10.108  -73.979  27.173 0.5000000000
6858  8.623  -75.053  27.222 0.6000000238
6859  7.231  -74.912  27.862 0.6000000238
6861  6.062  -74.542  27.269 0.8000000119
6869  10.815  -74.327  26.475 0.3000000119
6881  6.072  -74.664  25.096 1.0000000000
6890  8.314  -74.470  22.669 1.0000000000
6892  6.690  -75.110  23.049 1.0000000000
6902  15.566  -75.005  21.737 1.0000000000
6907  10.847  -74.685  21.847 1.0000000000
6918  15.060  -75.449  21.375 1.0000000000
6937  11.792  -73.914  18.139 1.0000000000
6949  11.991  -74.092  17.394 1.0000000000
6953  5.304  -74.838  18.593 1.0000000000
6961  12.176  -74.341  16.634 1.0000000000
6969  15.998  -73.826  14.808 1.0000000000
6979  16.134  -74.326  14.265 1.0000000000
7008  5.925  -73.870  10.190 0.6000000238
7064  6.236  -74.459  6.848 0.5000000000
7073  12.636  -74.578  7.265 0.1000000015
7076  8.252  -74.432  6.271 0.2000000030
7077  7.663  -74.522  5.797 0.2000000030
7091  9.314  -74.907  4.518 0.1000000015
7129  8.488  -74.543  2.672 0.2000000030
7140  15.712  -74.672  2.103 0.2000000030
7142  14.409  -74.322  1.760 0.2000000030
7147  8.863  -74.612  2.130 0.2000000030
7416  14.418  -73.457  28.758 0.1000000015
7418  7.433  -73.710  28.463 0.6000000238
7433  8.142  -74.626  27.653 0.6000000238
7434  5.817  -73.673  27.373 0.8000000119
7447  12.857  -73.997  26.610 0.1000000015
7456  6.416  -73.321  25.626 0.8999999762
7461  7.214  -73.484  24.521 1.0000000000
7463  6.215  -74.042  25.362 0.8000000119
7470  13.243  -73.937  23.617 1.0000000000
7472  11.141  -73.662  23.332 1.0000000000
7477  6.777  -73.992  24.277 1.0000000000
7489  9.295  -74.296  22.479 1.0000000000
7497  17.213  -74.220  21.962 1.0000000000
7503  6.598  -73.345  21.605 1.0000000000
7518  5.792  -74.096  20.749 1.0000000000
7519  5.308  -73.697  20.511 1.0000000000
7523  19.015  -73.058  18.808 1.0000000000
7527  11.206  -73.299  19.329 1.0000000000
7540  5.042  -74.125  18.954 1.0000000000
7543  18.400  -73.433  17.155 1.0000000000
7548  5.350  -74.082  18.121 1.0000000000
7552  16.392  -72.791  16.307 1.0000000000
7613  5.867  -73.288  10.608 0.5000000000
7659  5.865  -73.221  8.060 0.3000000119
7690  6.719  -73.802  5.864 0.2000000030
7691  6.924  -73.134  5.814 0.2000000030
7724  10.025  -73.094  2.534 0.1000000015
7726  8.745  -74.252  2.437 0.2000000030
8035  13.906  -72.708  28.353 0.1000000015
8036  12.863  -72.460  28.017 0.1000000015
8041  7.093  -72.819  28.866 0.5000000000
8043  6.094  -72.512  28.046 0.8999999762
8079  5.941  -72.892  26.314 0.8999999762
8087  11.648  -72.802  24.747 1.0000000000
8089  10.043  -72.908  24.703 1.0000000000
8108  6.012  -72.390  22.238 1.0000000000
8109  5.526  -72.222  22.012 1.0000000000
8115  19.251  -72.410  21.246 1.0000000000
8116  9.259  -72.013  21.295 1.0000000000
8119  5.865  -72.878  21.826 1.0000000000
8121  5.395  -72.550  20.919 1.0000000000
8131  10.494  -72.275  20.361 1.0000000000
8132  9.677  -72.490  20.676 1.0000000000
8137  19.014  -72.218  19.335 1.0000000000
8142  12.538  -72.574  19.392 1.0000000000
8144  10.773  -73.028  19.979 1.0000000000
8145  5.069  -73.102  20.205 1.0000000000
8149  15.514  -71.824  18.125 1.0000000000
8155  17.288  -72.064  17.405 1.0000000000
8156  16.082  -72.083  17.628 1.0000000000
8159  5.545  -73.128  17.644 1.0000000000
8172  6.097  -72.622  15.345 1.0000000000
8187  5.682  -72.429  13.359 0.8000000119
8268  5.745  -72.293  7.597 0.3000000119
8280  6.576  -72.679  6.039 0.2000000030
8307  9.487  -72.475  3.819 0.1000000015
8321  9.206  -72.817  3.180 0.1000000015
8329  11.326  -71.927  2.751 0.1000000015
8652  7.247  -71.216  29.217 0.5000000000
8653  6.972  -71.318  28.819 0.5000000000
8666  11.647  -71.409  28.556 0.2000000030
8667  10.592  -71.303  28.700 0.2000000030
8668  9.825  -71.630  28.705 0.2000000030
8687  6.229  -71.359  26.605 0.8999999762
8704  12.392  -71.688  26.156 1.0000000000
8709  7.607  -71.764  25.898 0.8999999762
8711  6.002  -72.156  26.415 0.8999999762
8715  17.647  -71.590  24.930 1.0000000000
8721  12.009  -72.300  25.507 1.0000000000
8736  7.586  -71.539  22.462 1.0000000000
8747  13.870  -70.679  19.607 1.0000000000
8754  7.580  -72.313  22.122 1.0000000000
8771  12.776  -71.659  19.695 1.0000000000
8776  5.398  -71.973  20.871 1.0000000000
8784  18.336  -71.195  18.835 1.0000000000
8810  5.565  -71.545  14.557 0.8999999762
8811  5.264  -71.012  14.208 0.4000000060
8821  5.265  -71.822  12.944 0.6000000238
8834  4.995  -71.155  12.490 0.4000000060
8909  6.221  -71.076  6.612 0.2000000030
8910  5.748  -71.524  7.221 0.3000000119
8924  7.770  -71.608  5.964 0.1000000015
9354  5.973  -70.662  27.494 0.8000000119
9372  13.818  -70.378  27.151 1.0000000000
9389  17.377  -70.580  25.860 1.0000000000
9393  12.750  -70.991  26.598 1.0000000000
9397  7.390  -70.377  26.167 1.0000000000
9410  6.582  -70.642  23.282 1.0000000000
9411  5.551  -70.341  23.552 1.0000000000
9412  4.731  -70.308  23.217 1.0000000000
9420  12.515  -69.797  20.499 1.0000000000
9439  13.593  -70.263  19.955 1.0000000000
9440  12.781  -70.389  20.174 1.0000000000
9458  14.774  -70.401  19.435 1.0000000000
9489  5.114  -70.883  16.775 0.6000000238
9497  5.254  -70.718  16.010 0.6000000238
9498  5.277  -70.183  15.511 0.3000000119
9519  5.013  -70.370  13.765 0.4000000060
9596  5.654  -70.017  8.153 0.2000000030
10026  13.874  -68.994  29.128 0.1000000015
10027  12.778  -69.251  28.677 0.1000000015
10032  7.121  -69.375  29.027 0.5000000000
10034  5.227  -69.149  28.948 0.6000000238
10046  11.299  -68.704  28.606 0.1000000015
10049  5.601  -69.471  28.761 0.8000000119
10067  5.765  -69.803  27.851 0.8999999762
10068  5.396  -69.448  27.171 0.8000000119
10086  15.275  -69.461  27.243 1.0000000000
10093  5.078  -69.258  26.946 0.8000000119
10110  11.424  -69.903  26.981 1.0000000000
10113  7.629  -69.647  26.151 1.0000000000
10115  5.778  -69.009  26.280 0.8999999762
10131  5.785  -69.497  24.062 1.0000000000
10144  13.072  -69.372  20.554 1.0000000000
10165  5.157  -70.116  21.412 0.8999999762
10178  7.320  -69.040  19.976 0.5000000000
10196  5.462  -69.808  18.574 0.4000000060
10223  4.944  -69.350  16.568 0.2000000030
10236  5.112  -69.532  15.050 0.3000000119
10270  4.624  -69.447  12.260 0.2000000030
10783  9.020  -68.716  28.855 0.3000000119
10784  8.154  -68.955  29.016 0.4000000060
10787  5.325  -68.483  29.161 0.5000000000
10800  10.263  -67.711  28.455 0.1000000015
10814  4.690  -68.253  27.093 0.8000000119
10849  17.697  -69.081  25.747 1.0000000000
10852  11.412  -68.926  26.826 1.0000000000
10879  8.395  -68.613  23.074 1.0000000000
10882  4.551  -68.872  23.434 1.0000000000
10894  13.863  -68.393  21.009 1.0000000000
10897  11.216  -68.465  21.440 1.0000000000
10898  9.782  -68.390  22.006 1.0000000000
10899  9.095  -68.518  22.548 1.0000000000
10926  8.196  -68.226  19.961 0.2000000030
10929  6.113  -69.066  20.830 0.8999999762
10930  5.052  -68.463  21.013 0.8999999762
10938  7.838  -68.586  19.925 0.2000000030
10948  5.209  -68.318  18.581 0.1000000015
10976  4.678  -68.513  16.678 0.2000000030
11581  5.919  -67.515  29.311 0.4000000060
11598  4.893  -66.936  28.329 0.6000000238
11599  4.946  -66.651  27.763 0.6000000238
11609  4.814  -66.800  27.283 0.8000000119
11640  5.076  -67.456  26.049 0.8999999762
11641  4.703  -67.461  26.565 0.8999999762
11652  11.896  -66.701  26.439 1.0000000000
11654  10.603  -67.130  26.418 1.0000000000
11662  18.387  -67.930  24.056 1.0000000000
11681  10.161  -67.758  22.015 1.0000000000
11697  4.571  -67.776  21.071 0.8999999762
11710  8.206  -68.035  20.146 0.2000000030
11721  8.223  -68.088  19.861 0.1000000015
11723  6.553  -68.337  19.415 0.1000000015
11743  4.434  -67.613  17.539 0.2000000030
12382  5.953  -66.447  29.293 0.3000000119
12399  6.931  -65.763  28.695 0.1000000015
12408  4.763  -66.166  27.540 0.6000000238
12419  4.684  -66.731  26.677 0.8999999762
12432  16.926  -66.007  26.114 1.0000000000
12438  9.176  -66.692  26.179 1.0000000000
12466  17.844  -65.975  23.374 1.0000000000
12487  15.498  -66.470  21.834 1.0000000000
12495  7.913  -66.450  22.971 1.0000000000
12497  4.285  -66.212  21.903 0.8999999762
12510  4.197  -67.081  21.111 0.8999999762
12527  8.565  -67.571  19.841 0.1000000015
13206  4.685  -65.717  28.793 0.6000000238
13214  6.933  -64.819  28.580 0.1000000015
13227  4.137  -65.409  26.247 0.8000000119
13242  8.909  -65.850  26.043 1.0000000000
13262  15.740  -64.557  25.707 1.0000000000
13264  12.255  -65.259  26.273 1.0000000000
13266  10.251  -64.740  25.545 1.0000000000
13267  9.388  -64.908  25.821 1.0000000000
13276  17.808  -65.421  23.956 1.0000000000
13278  6.775  -65.422  23.201 1.0000000000
13281  3.889  -65.645  23.077 0.8999999762
13296  15.002  -65.113  21.723 1.0000000000
13301  10.144  -65.074  22.264 1.0000000000
13315  3.855  -65.759  21.367 0.8999999762
13325  4.298  -65.650  20.716 0.8999999762
14061  7.164  -64.534  25.643 1.0000000000
14062  5.552  -64.539  25.418 0.8999999762
14063  4.669  -64.484  25.437 0.8999999762
14064  3.831  -64.307  25.768 0.8999999762
14065  3.540  -63.996  25.899 0.6999999881
14080  13.121  -63.983  26.068 1.0000000000
14081  11.586  -63.945  25.113 1.0000000000
14082  10.654  -64.030  24.807 1.0000000000
14084  8.062  -63.934  25.495 1.0000000000
14093  17.561  -64.701  23.690 1.0000000000
14096  5.421  -64.351  23.261 1.0000000000
14098  3.832  -64.883  23.085 1.0000000000
14113  16.156  -63.683  22.023 1.0000000000
14115  13.492  -64.466  21.534 1.0000000000
14117  11.155  -63.639  22.113 1.0000000000
14138  7.014  -64.964  20.594 0.3000000119
14140  4.341  -64.843  20.445 0.8000000119
14141  3.854  -64.979  20.679 0.8999999762
14877  4.005  -63.859  26.785 0.6999999881
14878  3.982  -63.800  28.198 0.4000000060
14887  12.079  -62.818  25.200 1.0000000000
14889  6.472  -63.468  25.280 1.0000000000
14903  16.103  -63.003  24.522 1.0000000000
14915  4.680  -63.871  23.196 1.0000000000
14916  4.008  -64.174  23.211 1.0000000000
14932  6.082  -63.124  22.872 1.0000000000
14933  5.039  -63.026  22.918 1.0000000000
14947  5.621  -63.838  20.050 0.4000000060
14949  3.070  -63.787  19.947 0.8000000119
14959  3.153  -63.478  19.408 0.6999999881
15697  11.949  -62.302  27.974 1.0000000000
15698  10.980  -62.315  28.115 1.0000000000
15706  13.367  -61.740  26.434 1.0000000000
15710  9.703  -62.284  25.800 1.0000000000
15712  2.891  -62.578  26.492 0.6999999881
15723  10.996  -62.682  25.049 1.0000000000
15727  6.161  -62.885  25.053 1.0000000000
15728  5.169  -63.027  24.800 0.8999999762
15745  9.367  -62.941  24.596 1.0000000000
15746  8.462  -62.492  24.805 1.0000000000
15747  7.578  -62.234  24.820 1.0000000000
15748  6.786  -62.090  24.744 1.0000000000
15751  3.742  -62.196  24.710 0.8999999762
15769  6.554  -62.409  22.795 1.0000000000
15779  11.778  -62.192  21.775 1.0000000000
15780  2.902  -62.838  21.766 1.0000000000
15799  5.649  -62.458  19.401 0.2000000030
15800  3.536  -62.720  18.819 0.4000000060
15802  2.860  -62.664  18.939 0.8000000119
15823  3.155  -62.369  18.710 0.8000000119
15824  2.928  -62.007  18.748 0.8000000119
16567  9.666  -61.596  28.937 1.0000000000
16574  12.473  -62.041  27.542 1.0000000000
16578  7.704  -61.236  26.823 1.0000000000
16579  3.077  -61.491  27.887 0.3000000119
16587  8.462  -61.814  26.663 1.0000000000
16598  7.362  -61.497  25.088 1.0000000000
16599  2.955  -61.687  24.915 0.8000000119
16616  2.893  -60.990  24.808 0.8000000119
16629  15.686  -61.409  22.763 1.0000000000
16632  11.327  -61.477  21.891 1.0000000000
16635  6.984  -61.461  22.794 1.0000000000
16636  3.360  -61.600  22.379 1.0000000000
16641  15.359  -61.747  21.983 1.0000000000
16642  14.492  -61.525  21.604 1.0000000000
16646  3.025  -62.157  22.168 1.0000000000
16650  2.732  -61.542  20.125 0.8999999762
16672  6.223  -61.770  19.243 0.2000000030
16696  5.940  -61.210  18.737 0.1000000015
17457  10.915  -60.752  29.830 1.0000000000
17458  10.051  -60.871  29.970 1.0000000000
17460  7.779  -60.051  29.409 1.0000000000
17464  11.887  -61.427  28.782 1.0000000000
17474  12.265  -60.994  28.325 1.0000000000
17477  2.522  -60.076  27.208 0.1000000015
17484  12.094  -60.522  27.385 1.0000000000
17485  7.212  -60.692  26.587 1.0000000000
17486  6.710  -60.456  26.011 1.0000000000
17498  12.551  -60.304  25.807 1.0000000000
17500  6.221  -59.942  25.044 1.0000000000
17514  12.149  -59.872  24.592 1.0000000000
17516  5.119  -60.634  24.613 1.0000000000
17517  4.203  -60.568  24.507 1.0000000000
17534  12.888  -60.082  21.960 1.0000000000
17538  8.491  -60.576  22.354 1.0000000000
17539  5.458  -60.281  22.805 1.0000000000
17541  3.528  -60.875  22.499 1.0000000000
17547  13.350  -60.680  21.658 1.0000000000
17576  2.683  -60.593  19.311 0.8000000119
17584  8.670  -60.473  18.699 0.1000000015
17587  4.971  -60.589  17.866 0.3000000119
17598  3.279  -60.539  17.789 0.4000000060
18287  9.952  -59.733  30.471 1.0000000000
18288  8.974  -59.561  30.542 1.0000000000
18289  8.232  -59.240  30.385 1.0000000000
18305  7.325  -59.664  28.888 1.0000000000
18306  7.041  -59.155  28.197 1.0000000000
18314  2.227  -59.125  26.763 0.5000000000
18322  9.624  -58.826  26.443 1.0000000000
18325  5.455  -58.667  25.494 1.0000000000
18326  2.317  -59.301  25.736 0.6999999881
18341  4.501  -59.128  24.620 0.8999999762
18342  2.520  -59.528  24.960 0.8000000119
18360  3.913  -59.779  24.496 0.8999999762
18361  3.045  -59.677  24.657 0.8999999762
18366  11.661  -59.347  22.857 1.0000000000
18374  9.496  -58.909  22.246 1.0000000000
18377  6.573  -58.830  22.196 1.0000000000
18381  2.854  -59.389  22.139 1.0000000000
18385  2.738  -59.202  21.455 0.8999999762
18420  5.931  -60.097  17.857 0.1000000015
18429  7.659  -59.178  17.535 0.1000000015
18434  2.776  -59.953  17.749 0.5000000000
19155  2.229  -58.426  25.959 0.6000000238
19169  4.140  -58.368  24.656 0.8999999762
19170  3.175  -58.217  24.748 0.8999999762
19195  3.651  -57.961  23.306 1.0000000000
19200  9.503  -58.634  22.704 1.0000000000
19241  2.532  -58.990  17.884 0.4000000060
19253  6.276  -58.603  16.901 0.1000000015
19255  3.958  -58.895  16.752 0.2000000030
19257  2.559  -58.594  16.985 0.5000000000
19276  5.619  -58.088  16.518 0.1000000015
19970  8.529  -57.909  30.824 1.0000000000
19971  7.628  -57.694  30.637 1.0000000000
19981  6.636  -57.249  29.587 1.0000000000
19993  6.133  -57.539  27.722 1.0000000000
19996  2.060  -57.211  26.976 0.4000000060
20017  4.196  -57.231  25.460 0.8999999762
20039  5.656  -57.505  23.234 1.0000000000
20048  6.334  -57.713  22.743 1.0000000000
20096  2.512  -57.733  17.024 0.5000000000
20117  4.187  -57.504  16.005 0.1000000015
20756  2.902  -55.774  32.700 0.1000000015
20780  2.665  -56.118  31.819 0.1000000015
20797  6.980  -56.484  30.300 1.0000000000
20799  2.183  -56.106  29.294 0.3000000119
20805  1.869  -55.817  27.661 0.3000000119
20812  4.769  -55.913  26.788 0.8999999762
20827  3.357  -56.195  25.932 0.8000000119
20842  17.270  -56.443  25.487 1.0000000000
20854  2.815  -56.962  25.909 0.6000000238
20869  16.252  -56.815  24.962 1.0000000000
20888  4.649  -57.006  24.074 1.0000000000
20890  2.985  -56.699  23.903 1.0000000000
20961  6.277  -56.611  16.416 0.1000000015
20963  4.694  -56.868  15.780 0.1000000015
20975  5.157  -56.130  15.765 0.1000000015
21621  7.756  -56.348  30.630 1.0000000000
21629  8.611  -55.116  30.229 1.0000000000
21631  6.670  -55.633  30.024 1.0000000000
21637  6.014  -55.703  29.294 0.8999999762
21638  5.613  -55.202  28.528 0.8999999762
21652  10.131  -55.920  26.471 1.0000000000
21720  18.771  -55.761  22.800 1.0000000000
21723  2.476  -55.657  22.677 1.0000000000
21762  2.917  -55.247  16.679 0.5000000000
21802  5.596  -55.381  15.788 0.1000000015
21804  3.812  -55.479  15.780 0.1000000015
22450  2.687  -54.062  30.381 0.1000000015
22459  10.995  -54.469  28.791 1.0000000000
22476  8.012  -54.088  29.149 1.0000000000
22491  4.120  -54.084  26.819 0.6999999881
22492  3.092  -54.120  26.413 0.6000000238
22520  13.945  -53.628  25.644 1.0000000000
22543  3.779  -54.900  25.222 1.0000000000
22544  3.157  -54.641  24.785 1.0000000000
22545  2.682  -54.339  24.311 1.0000000000
22551  15.151  -55.362  23.333 1.0000000000
22556  9.403  -53.816  23.689 1.0000000000
22589  2.467  -54.975  22.002 1.0000000000
22600  3.645  -54.507  20.999 0.8000000119
22649  6.155  -54.679  16.353 0.1000000015
22668  3.714  -54.869  15.891 0.2000000030
23241  3.302  -54.045  31.879 0.1000000015
23278  9.261  -53.713  28.377 1.0000000000
23294  7.381  -53.136  27.578 0.8999999762
23296  5.083  -53.783  27.735 0.8999999762
23311  2.468  -53.536  26.997 0.4000000060
23357  22.531  -53.571  22.671 0.8999999762
23391  22.560  -53.752  21.907 0.8999999762
23399  2.592  -54.195  22.123 0.8000000119
23484  5.170  -53.168  15.569 0.1000000015
23485  4.612  -53.083  15.714 0.2000000030
24109  4.414  -52.435  31.108 0.1000000015
24115  3.711  -52.449  30.530 0.1000000015
24116  3.277  -52.778  30.347 0.1000000015
24122  2.859  -52.571  29.535 0.2000000030
24129  2.677  -52.366  28.465 0.3000000119
24138  3.350  -52.635  26.730 0.3000000119
24140  2.816  -52.206  27.451 0.4000000060
24149  9.046  -52.674  25.687 0.8999999762
24151  6.825  -52.000  25.895 0.8000000119
24172  8.335  -52.014  25.311 0.8000000119
24184  11.773  -51.841  24.663 1.0000000000
24187  5.994  -52.596  25.028 1.0000000000
24214  10.291  -52.610  22.954 1.0000000000
24216  3.177  -52.123  22.566 0.6999999881
24235  4.009  -53.015  20.617 0.6000000238
24297  4.801  -52.366  15.781 0.1000000015
24320  5.463  -52.611  15.632 0.1000000015
24955  4.257  -51.956  30.900 0.1000000015
24972  4.784  -51.568  30.539 0.1000000015
24973  4.215  -51.872  30.461 0.1000000015
24989  3.577  -51.675  29.604 0.1000000015
24999  11.717  -51.237  28.411 0.1000000015
25002  3.420  -51.219  28.606 0.3000000119
25012  10.700  -50.417  27.316 0.4000000060
25024  5.100  -51.114  26.500 0.5000000000
25053  5.504  -51.711  25.075 1.0000000000
25054  4.506  -50.964  25.240 0.8999999762
25063  9.379  -51.504  23.315 1.0000000000
25083  9.037  -52.154  23.191 1.0000000000
25092  3.751  -51.461  21.327 0.5000000000
25152  5.411  -51.978  15.686 0.1000000015
25829  7.560  -50.922  31.239 0.1000000015
25838  7.661  -50.722  30.533 0.1000000015
25839  6.433  -50.753  30.343 0.1000000015
25840  5.106  -50.953  30.043 0.1000000015
25842  4.037  -51.677  29.940 0.1000000015
25849  5.433  -50.460  29.280 0.1000000015
25863  12.826  -50.406  27.529 0.2000000030
25867  6.639  -50.156  27.672 0.4000000060
25869  4.400  -50.520  27.376 0.3000000119
25870  3.758  -50.878  27.721 0.3000000119
25896  10.045  -49.552  25.895 0.6000000238
25898  8.279  -50.476  25.809 0.6999999881
25900  5.779  -50.748  26.575 0.6000000238
25914  10.511  -50.187  25.248 0.6999999881
25926  11.819  -50.406  24.608 0.8000000119
25930  4.222  -50.308  24.770 0.8000000119
25940  10.499  -50.363  23.450 1.0000000000
25943  7.399  -51.197  24.232 1.0000000000
25944  3.464  -50.158  23.561 0.6000000238
25986  4.441  -50.419  19.512 0.3000000119
26750  11.487  -49.476  25.646 0.4000000060
26780  13.747  -49.316  24.837 0.5000000000
26783  3.929  -49.700  24.273 0.6999999881
26802  3.600  -49.483  23.340 0.5000000000
26874  5.100  -49.769  19.060 0.2000000030
27663  5.859  -48.863  24.069 0.8000000119
27665  4.175  -49.071  24.090 0.6000000238
27706  3.824  -48.535  22.330 0.5000000000
28555  6.484  -47.531  23.015 0.6000000238
28576  4.764  -47.596  22.083 0.5000000000
28631  5.929  -47.955  19.670 0.1000000015
29498  7.400  -46.571  22.409 0.6000000238
29512  5.876  -46.439  21.278 0.3000000119
30451  6.307  -46.011  21.495 0.4000000060
31381  7.171  -43.677  20.515 0.3000000119
32279  8.890  -43.460  21.253 0.6999999881
34107  9.571  -40.383  19.920 0.4000000060
35029  9.299  -39.990  19.668 0.3000000119
35042  9.969  -39.066  19.121 0.3000000119
35064  9.962  -39.671  17.705 0.2000000030
119519  5.268  -57.147  23.845 1.0000000000
119540  10.610  -63.000  22.278 1.0000000000
119656  2.999  -55.040  32.837 0.1000000015
120116  10.770  -64.407  22.207 1.0000000000
120166  23.282  -87.351  14.325 0.4000000060
120405  31.668  -85.145  4.917 0.4000000060
120413  5.880  -77.157  22.032 1.0000000000
120428  5.688  -72.311  27.376 0.8999999762
120492  2.064  -54.625  28.937 0.3000000119
120589  13.449  -87.508  22.553 0.2000000030
120649  29.326  -90.052  12.441 0.1000000015
120673  14.490  -56.693  26.838 1.0000000000
120716  6.531  -74.915  12.722 1.0000000000
120803  12.773  -88.469  26.983 0.1000000015
120967  7.837  -50.282  26.343 0.6000000238
121094  11.352  -65.800  21.992 1.0000000000
121166  12.086  -75.319  21.023 1.0000000000
121229  2.661  -55.514  31.206 0.2000000030
121254  17.557  -90.584  17.634 0.8000000119
121293  9.742  -85.526  20.271 0.6999999881
121343  20.596  -91.722  13.932 0.8999999762
121415  6.316  -76.877  9.662 0.8999999762
121771  2.252  -56.721  26.500 0.5000000000
121843  2.231  -57.877  27.613 0.3000000119
121862  3.140  -52.125  26.892 0.3000000119
121950  28.482  -85.133  10.123 0.1000000015
122133  2.249  -53.615  27.699 0.3000000119
122227  3.479  -51.848  21.925 0.6999999881
122488  5.821  -73.204  11.284 0.8000000119
122611  30.197  -82.224  4.799 0.1000000015
122691  6.633  -74.178  14.968 1.0000000000
123016  17.042  -90.550  17.733 0.6999999881
123043  19.103  -89.791  8.572 1.0000000000
123143  10.567  -47.027  22.622 1.0000000000
123201  29.135  -89.788  8.786 0.5000000000
123507  5.944  -79.187  21.036 1.0000000000
123512  10.605  -54.397  23.332 1.0000000000
123546  6.271  -75.188  6.417 0.6000000238
123635  25.453  -89.370  11.295 0.6000000238
123639  19.080  -83.252  1.726 1.0000000000
123716  4.556  -68.094  26.868 0.8000000119
123721  8.705  -82.969  16.495 0.8999999762
123761  10.738  -86.748  25.140 0.3000000119
123895  12.874  -88.478  23.133 0.3000000119
124065  14.312  -81.733  12.665 1.0000000000
124166  24.250  -89.438  1.619 0.8999999762
124195  30.415  -88.544  11.326 0.2000000030
124199  10.732  -73.936  22.977 1.0000000000
124275  7.198  -79.374  9.943 0.8999999762
124372  8.287  -76.850  3.247 0.4000000060
124389  5.534  -71.652  9.001 0.3000000119
124421  16.228  -76.129  1.317 0.6000000238
124483  7.616  -66.659  20.631 0.1000000015
124502  11.022  -86.850  21.142 0.6999999881
124531  15.030  -70.678  19.158 1.0000000000
124616  9.318  -60.707  22.304 1.0000000000
124687  26.538  -85.575  8.301 0.4000000060
124752  6.117  -73.779  7.423 0.2000000030
124864  13.204  -59.992  23.904 1.0000000000
125208  23.765  -83.671  0.660 0.1000000015
125304  28.776  -85.006  10.817 0.1000000015
125311  19.567  -90.475  16.415 0.6999999881
125413  6.958  -48.282  23.327 0.8000000119
125508  10.089  -80.730  15.309 1.0000000000
125605  2.324  -54.012  29.395 0.3000000119
125670  14.292  -62.185  25.606 1.0000000000
125919  7.230  -77.243  5.646 0.3000000119
125941  8.446  -67.284  20.294 0.1000000015
125952  33.256  -85.273  9.984 0.2000000030
125962  19.682  -80.942  1.231 1.0000000000
126045  31.748  -85.715  6.856 0.4000000060
126222  4.756  -67.970  23.630 1.0000000000
126234  22.403  -83.142  14.721 0.1000000015
126356  4.602  -66.046  26.836 0.8000000119
126459  2.451  -58.948  18.980 0.6999999881
126480  9.685  -85.603  23.881 0.6000000238
126491  19.852  -89.522  2.808 1.0000000000
126571  14.559  -76.762  2.041 0.6999999881
126727  2.796  -58.144  22.477 1.0000000000
127079  19.590  -79.592  5.809 0.1000000015
127264  10.413  -53.581  27.639 1.0000000000
127295  20.064  -77.596  6.163 0.1000000015
127355  6.911  -50.357  24.386 0.8999999762
127369  22.312  -91.148  7.292 1.0000000000
127408  2.385  -57.317  28.848 0.3000000119
127492  6.089  -53.888  15.912 0.1000000015
127646  17.769  -74.157  15.588 1.0000000000
127742  11.056  -75.951  2.396 0.2000000030
127745  6.240  -76.122  15.297 1.0000000000
127811  22.417  -88.418  14.691 0.3000000119
127878  6.167  -75.248  25.980 0.8000000119
128005  25.115  -88.828  2.126 0.8999999762
128011  29.337  -90.101  11.046 0.2000000030
128311  4.937  -67.647  28.648 0.6000000238
128463  25.730  -85.793  -1.796 0.3000000119
128473  27.499  -88.408  8.920 0.3000000119
128488  5.959  -65.637  23.429 1.0000000000
128510  5.587  -72.391  10.625 0.4000000060
128655  10.178  -82.019  19.085 0.8000000119
128772  2.698  -60.359  18.541 0.8000000119
128797  9.054  -49.774  24.049 1.0000000000
128806  19.149  -85.202  11.591 1.0000000000
128862  18.073  -75.771  15.023 1.0000000000
128983  7.628  -73.007  5.800 0.1000000015
129311  13.622  -85.725  13.797 1.0000000000
129384  31.822  -84.549  5.471 0.3000000119
129399  10.770  -65.232  26.120 1.0000000000
129418  17.259  -75.146  0.670 0.5000000000
129518  12.116  -72.516  19.619 1.0000000000
129700  19.660  -92.044  15.023 0.8999999762
129724  15.012  -48.889  25.622 0.2000000030
129974  5.940  -69.751  20.776 0.6999999881
129976  7.337  -70.516  29.183 0.4000000060
129996  12.610  -86.444  16.055 0.8999999762
130375  20.759  -88.207  5.718 0.8999999762
130446  9.481  -79.872  5.993 0.8999999762
130574  9.213  -66.269  28.300 0.1000000015
130770  10.624  -53.255  22.793 1.0000000000
131016  12.213  -74.750  21.922 1.0000000000
131083  5.353  -67.388  20.789 0.8999999762
131086  9.700  -81.017  20.857 0.6999999881
131213  6.101  -71.949  27.730 0.6999999881
131312  21.007  -82.783  5.504 0.2000000030
131371  14.210  -84.485  7.988 1.0000000000
131405  26.245  -79.563  13.273 0.1000000015
131501  7.790  -68.967  26.103 1.0000000000
131526  12.569  -67.913  26.705 1.0000000000
131700  9.952  -77.645  15.753 1.0000000000
131716  28.262  -89.531  13.009 0.2000000030
131724  18.468  -84.209  11.556 1.0000000000
132002  9.462  -58.145  30.674 1.0000000000
132393  5.052  -70.496  9.331 0.2000000030
132480  31.712  -84.838  5.023 0.2000000030
132490  4.060  -65.057  28.074 0.6000000238
132512  4.764  -70.312  10.886 0.3000000119
132645  6.490  -75.233  5.871 0.4000000060
132663  28.557  -82.435  12.653 0.1000000015
132758  13.003  -89.008  19.839 0.8000000119
133011  8.119  -65.795  25.848 1.0000000000
133126  26.490  -86.321  7.908 0.4000000060
133184  31.454  -83.896  2.041 0.2000000030
133349  5.651  -67.973  23.820 1.0000000000
133483  10.509  -73.527  19.486 1.0000000000
133752  14.286  -77.481  11.483 1.0000000000
133823  16.221  -87.281  11.936 1.0000000000
133839  8.539  -48.948  23.827 0.8999999762
133910  20.340  -88.183  5.059 1.0000000000
134058  6.168  -67.258  23.641 1.0000000000
134103  20.462  -91.996  14.531 0.8999999762
134111  4.359  -69.328  22.848 0.8999999762
134115  3.617  -54.869  19.709 0.6000000238
134124  33.449  -84.639  12.031 0.1000000015
134219  5.346  -69.026  18.597 0.2000000030
134281  5.551  -53.900  15.715 0.2000000030
134307  13.658  -68.957  20.634 1.0000000000
134374  8.070  -83.964  22.188 0.5000000000
134445  4.380  -48.464  23.397 0.5000000000
134446  9.690  -84.204  14.877 1.0000000000
134456  7.793  -44.968  22.025 0.6999999881
134604  17.756  -87.496  11.087 1.0000000000
134692  7.187  -59.418  22.071 1.0000000000
134700  7.571  -68.612  23.483 1.0000000000
134743  21.992  -90.491  3.904 0.8999999762
135108  5.568  -71.483  20.320 1.0000000000
135178  8.391  -83.216  20.915 0.6999999881
135275  7.694  -80.922  15.895 1.0000000000
135296  6.482  -78.123  24.238 1.0000000000
135334  18.055  -90.819  13.593 0.8999999762
135576  13.319  -76.999  2.384 0.6999999881
135713  4.960  -68.974  27.105 0.8000000119
135855  7.097  -74.536  23.237 1.0000000000
135988  28.308  -87.580  1.646 0.6999999881
136303  3.189  -54.601  32.117 0.1000000015
136337  5.572  -72.413  21.437 1.0000000000
136338  19.104  -76.380  4.522 0.2000000030
136418  12.892  -69.007  20.793 1.0000000000
136451  24.892  -91.806  9.963 0.8999999762
136517  7.877  -64.646  22.720 1.0000000000
136653  26.262  -87.495  4.203 0.6999999881
136764  13.264  -88.330  18.506 0.8999999762
136974  18.904  -79.159  1.183 0.8999999762
137122  8.686  -78.222  23.912 0.4000000060
137207  15.257  -70.879  18.928 1.0000000000
137275  7.281  -70.894  29.588 0.5000000000
137371  11.543  -75.831  24.395 0.3000000119
137476  22.982  -92.054  8.085 1.0000000000
137527  11.960  -82.175  14.948 1.0000000000
137592  4.793  -69.050  13.775 0.2000000030
137612  7.809  -72.344  28.987 0.6000000238
137631  9.015  -69.564  22.123 1.0000000000
137769  11.023  -71.963  20.347 1.0000000000
137785  30.716  -78.851  4.995 0.1000000015
138048  9.331  -65.307  22.460 1.0000000000
138091  24.089  -90.833  14.265 0.6000000238
138164  23.542  -83.139  2.194 0.1000000015
138348  6.259  -74.369  11.214 0.8999999762
138423  5.127  -65.416  29.244 0.2000000030
138444  6.953  -67.122  25.757 0.8999999762
138489  11.849  -81.308  16.445 1.0000000000
138777  4.498  -51.530  26.552 0.4000000060
138780  16.798  -89.925  14.319 0.8999999762
138785  9.128  -69.092  26.420 1.0000000000
138848  5.628  -75.384  18.294 1.0000000000
138913  24.320  -90.420  8.086 0.8000000119
139136  18.475  -91.346  16.657 0.8999999762
139155  9.210  -55.663  30.346 1.0000000000
139287  12.747  -74.021  1.899 0.1000000015
139362  9.461  -85.144  26.344 0.1000000015
139421  4.819  -70.872  22.553 1.0000000000
139423  21.159  -90.285  2.794 0.8999999762
139424  19.055  -82.272  13.861 1.0000000000
139466  14.235  -64.114  21.324 1.0000000000
139649  7.948  -78.568  23.970 0.6999999881
139667  2.849  -63.275  20.117 0.8999999762
139944  6.639  -52.657  24.680 1.0000000000
139947  12.602  -88.407  23.296 0.5000000000
139999  21.551  -81.246  7.324 0.1000000015
140010  20.316  -75.387  7.935 0.1000000015
140210  8.934  -61.289  28.995 1.0000000000
140253  10.504  -84.533  14.281 1.0000000000
140609  8.291  -73.139  21.274 1.0000000000
140660  22.033  -90.072  5.635 0.8999999762
140797  3.526  -62.986  25.210 0.8000000119
140876  9.143  -80.566  15.224 1.0000000000
141016  9.516  -74.686  21.879 1.0000000000
141060  8.299  -77.503  3.114 0.5000000000
141141  8.889  -71.924  25.992 1.0000000000
141195  17.329  -85.401  18.537 0.1000000015
141197  16.077  -79.146  7.860 1.0000000000
141285  5.352  -56.227  27.407 0.8999999762
141409  12.315  -61.741  21.431 1.0000000000
141583  15.566  -85.860  6.889 1.0000000000
141613  2.029  -56.617  26.864 0.3000000119
141781  2.786  -60.675  22.040 1.0000000000
141930  17.090  -90.908  16.883 0.8000000119
141933  6.405  -74.411  12.748 0.8999999762
141953  6.829  -72.326  28.900 0.5000000000
142067  9.699  -75.629  18.244 1.0000000000
142074  11.395  -87.534  24.246 0.8000000119
142081  2.419  -60.464  26.499 0.5000000000
142212  12.885  -88.923  22.101 0.6000000238
142221  2.971  -63.383  21.765 0.8999999762
142403  11.312  -37.787  17.575 0.1000000015
142726  17.675  -75.466  1.402 0.2000000030
142737  23.010  -90.374  4.163 0.8999999762
142970  4.120  -66.097  23.163 0.8999999762
142973  14.546  -72.289  2.837 0.1000000015
143046  19.995  -89.732  2.620 1.0000000000
143175  25.456  -86.454  7.883 0.4000000060
143226  6.963  -68.604  23.768 1.0000000000
143237  8.873  -83.334  14.946 1.0000000000
143244  15.163  -80.938  4.547 1.0000000000
143298  5.381  -71.129  9.159 0.3000000119
143403  2.459  -54.779  23.875 1.0000000000
143429  6.240  -75.776  15.678 1.0000000000
143536  16.118  -88.835  19.081 0.4000000060
143600  11.319  -85.695  17.485 0.8999999762
143752  8.217  -84.140  21.446 0.6000000238
143806  24.290  -91.244  7.253 0.8000000119
143874  20.303  -89.984  3.655 0.8999999762
143913  12.530  -88.508  19.624 0.8000000119
143984  11.497  -87.621  21.400 0.6999999881
143985  6.481  -72.336  28.553 0.6000000238
144063  21.095  -87.289  10.834 0.8999999762
144248  25.376  -87.066  10.408 0.5000000000
144280  3.669  -51.098  24.986 0.8000000119
144301  32.397  -85.549  8.290 0.3000000119
144307  28.192  -90.277  10.008 0.3000000119
144310  5.155  -47.239  22.905 0.6000000238
144359  9.511  -50.886  28.147 0.4000000060
144456  13.016  -63.255  26.083 1.0000000000
144462  6.352  -53.574  28.747 0.8999999762
144541  13.246  -77.215  19.748 1.0000000000
144658  29.387  -85.662  -0.035 0.5000000000
144692  10.179  -80.852  9.868 1.0000000000
144758  12.842  -47.639  22.587 1.0000000000
144821  31.209  -82.931  1.845 0.1000000015
144899  24.710  -91.198  13.274 0.6999999881
