global_signal	global_signal_derivative1	global_signal_power2	global_signal_derivative1_power2	csf	csf_derivative1	csf_power2	csf_derivative1_power2	white_matter	white_matter_derivative1	white_matter_power2	white_matter_derivative1_power2	csf_wm	tcompcor	std_dvars	dvars	framewise_displacement	rmsd	t_comp_cor_00	t_comp_cor_01	t_comp_cor_02	t_comp_cor_03	t_comp_cor_04	c_comp_cor_00	c_comp_cor_01	c_comp_cor_02	c_comp_cor_03	c_comp_cor_04	c_comp_cor_05	c_comp_cor_06	c_comp_cor_07	c_comp_cor_08	c_comp_cor_09	c_comp_cor_10	c_comp_cor_11	c_comp_cor_12	w_comp_cor_00	w_comp_cor_01	w_comp_cor_02	w_comp_cor_03	w_comp_cor_04	w_comp_cor_05	w_comp_cor_06	w_comp_cor_07	w_comp_cor_08	w_comp_cor_09	w_comp_cor_10	w_comp_cor_11	w_comp_cor_12	w_comp_cor_13	w_comp_cor_14	w_comp_cor_15	w_comp_cor_16	w_comp_cor_17	w_comp_cor_18	w_comp_cor_19	w_comp_cor_20	w_comp_cor_21	w_comp_cor_22	w_comp_cor_23	w_comp_cor_24	w_comp_cor_25	w_comp_cor_26	w_comp_cor_27	w_comp_cor_28	w_comp_cor_29	w_comp_cor_30	w_comp_cor_31	w_comp_cor_32	w_comp_cor_33	w_comp_cor_34	w_comp_cor_35	w_comp_cor_36	w_comp_cor_37	w_comp_cor_38	a_comp_cor_00	a_comp_cor_01	a_comp_cor_02	a_comp_cor_03	a_comp_cor_04	a_comp_cor_05	a_comp_cor_06	a_comp_cor_07	a_comp_cor_08	a_comp_cor_09	a_comp_cor_10	a_comp_cor_11	a_comp_cor_12	a_comp_cor_13	a_comp_cor_14	a_comp_cor_15	a_comp_cor_16	a_comp_cor_17	a_comp_cor_18	a_comp_cor_19	a_comp_cor_20	a_comp_cor_21	a_comp_cor_22	a_comp_cor_23	a_comp_cor_24	a_comp_cor_25	a_comp_cor_26	a_comp_cor_27	a_comp_cor_28	a_comp_cor_29	a_comp_cor_30	a_comp_cor_31	a_comp_cor_32	a_comp_cor_33	edge_comp_00	edge_comp_01	edge_comp_02	edge_comp_03	edge_comp_04	edge_comp_05	edge_comp_06	edge_comp_07	edge_comp_08	edge_comp_09	edge_comp_10	edge_comp_11	edge_comp_12	edge_comp_13	edge_comp_14	edge_comp_15	edge_comp_16	edge_comp_17	edge_comp_18	edge_comp_19	edge_comp_20	edge_comp_21	edge_comp_22	edge_comp_23	cosine00	cosine01	cosine02	cosine03	trans_x	trans_x_derivative1	trans_x_derivative1_power2	trans_x_power2	trans_y	trans_y_derivative1	trans_y_derivative1_power2	trans_y_power2	trans_z	trans_z_derivative1	trans_z_derivative1_power2	trans_z_power2	rot_x	rot_x_derivative1	rot_x_derivative1_power2	rot_x_power2	rot_y	rot_y_derivative1	rot_y_derivative1_power2	rot_y_power2	rot_z	rot_z_derivative1	rot_z_derivative1_power2	rot_z_power2	motion_outlier00	motion_outlier01	motion_outlier02
891.1867161668163	n/a	794213.7630721935	n/a	1516.6442438828851	n/a	2300209.7625030885	n/a	862.3398948358517	n/a	743630.0942255078	n/a	977.0203832279948	772.1469188391474	n/a	n/a	n/a	n/a	-0.1272128325	0.0194979939	-0.0903379631	0.0535346822	-0.0872426389	0.1419554012	-0.7204575721	0.4295130445	-0.0101695806	-0.0816439484	0.0890364661	-0.1513392986	0.0247992405	-0.0142221113	0.0542969901	-0.0387860325	0.0474748145	-0.0702380689	0.0242317122	-0.0082087161	0.0644035502	-0.0504700268	0.1435023679	-0.0649877508	0.1065615498	-0.15485442	0.0132097975	-0.0534855818	0.0918773287	-0.0882510758	0.0038010203	-0.0297520389	0.004131346	-0.0248246218	0.0271666934	-0.0831397234	0.0234163411	-0.1256814422	0.0622376451	-0.0132841834	-0.040064642	0.0581326369	-0.0893501641	0.0159689682	0.0495822264	0.1204358407	-0.0380263907	-0.0782098294	-0.0111151934	0.0676890757	0.0336164003	0.002516321	-0.0681963436	-0.0785131315	-0.0108617343	0.0410055362	0.0549009646	-0.070797139	0.1347142957	-0.1875851506	0.033353083	-0.3672051746	0.1477785838	-0.314487603	0.2622398773	-0.0853989266	0.4509170134	-0.0628390968	0.1696514943	-0.1787484699	0.0236481089	-0.0096550107	0.0532708026	-0.013720519	0.1956962112	-0.0729308362	0.0369065776	-0.071339971	0.111944145	-0.1324399513	0.0508206606	-0.0277747717	0.0363256769	-0.035428943	-0.0033120318	-0.0306115818	0.0200616781	0.0336403464	-0.0111382218	-0.0258108337	0.0037689715	-0.0303531816	-0.0303577983	0.1171636141	0.103632518	-0.0690680035	0.0355418133	-0.0561005806	0.0298283887	-0.0898327975	0.0649029383	-0.1569534646	0.007709448	-0.0971104975	0.1877292013	-0.0214369144	0.0060352595	-0.1047985919	0.0192304656	-0.1457211871	0.2161358645	-0.0346236457	0.0369614429	-0.1483068117	0.0576941808	0.1290883846	0.1290552057	0.1289999139	0.1289225186	0.0317492488001676	n/a	n/a	0.0010080147993749	-0.0449109394099309	n/a	n/a	0.0020169924786824	-0.0447419294956361	n/a	n/a	0.0020018402549924	-0.0024333381568548	n/a	n/a	5.921134585605516e-06	0.0010577313810602	n/a	n/a	1.118795674479518e-06	0.0006347880835607	n/a	n/a	4.029559110306663e-07	0.0	0.0	0.0
888.8250909462636	-2.361625220552696	790010.0422956337	5.577273682350571	1483.0548143867472	-33.58942949613788	2199451.5824757093	1128.2497738760176	862.8262367846451	0.4863419487933242	744469.1148839524	0.2365284911560884	971.976476628508	746.7759908301533	1.055403	24.556129	0.1114235664568842	0.0720767423081638	-0.054869119	-0.0635147103	0.0593522491	-0.1428193777	0.0821479534	-0.0420494857	-0.0492872378	0.0440776906	0.0588041788	-0.0229902264	0.0941278555	-0.17987049	-0.2133454238	-0.0510504362	0.0299610399	-0.1503341453	-0.0623272575	0.0773717932	0.0259073448	0.0420601159	0.0572448763	-0.1078544246	-0.0483194919	0.0820955473	-0.0665621365	-0.0096299166	0.0971651446	-0.1581979768	0.0658033417	0.0399039746	0.125755607	-0.1153723158	-0.0547287435	-0.0575653097	0.0351863896	-0.0975708088	0.0335127711	0.0998090662	-0.1047428286	-0.0125999746	-0.0229688356	-0.087896995	-0.07759283	-0.093582608	0.0370735412	-0.0261126312	0.0415946604	-0.0623188972	0.0737453421	0.0926626897	0.0221814035	0.0141241987	-0.0515899837	-0.1521792512	-0.1191992626	-0.0347985418	0.0242277069	-0.050084495	0.0442216954	0.0020814215	-0.014914646	0.095362259	-0.1001153246	-0.1461867905	-0.0314570391	-0.1717371876	0.1130683467	-0.1108431	-0.1431103025	-0.145036905	-0.064568668	-0.0595965958	0.0622715421	0.1801036206	0.124566274	-0.1240327931	-0.017425742	-0.0020213201	0.0732998296	0.0427067705	-0.0554635378	-0.0925358895	0.1311205791	-0.0706268175	-0.017493542	0.0758320024	-0.052861441	-0.0585066752	0.094413026	-0.0761043256	-0.0727997934	0.0046422553	-0.101884973	0.0700698246	-0.0488683008	-0.0194732184	0.0311838262	-0.1156111325	0.1557081053	0.1221058935	-0.1323462636	-0.0397706993	-0.1419114819	-0.0260336448	0.1264886778	-0.016431634	-0.0918245637	-0.1679254681	-0.1358985493	-0.1347007831	0.0449010009	-0.1413844297	0.0317635826	-0.1128054211	0.0188483408	0.1289999139	0.1287014744	0.1282045865	0.1275100165	0.029522990118977	-0.0022262586811905	4.956227715576504e-06	0.0008716069455652	-0.1105469075193497	-0.0656359681094188	0.0043080803096606	0.0122206187620916	-0.072178060391181	-0.0274361308955449	0.0007527412785174	0.0052096724018329	-0.002439226707471	-5.888550616199671e-06	3.467502835954552e-11	5.949826930439815e-06	0.0008528632740023	-0.0002048681070578	4.1970941289487165e-08	7.273757641419224e-07	0.0005230405658202	-0.0001117475177404	1.2487507721163346e-08	2.73571433493515e-07	0.0	0.0	0.0
883.454728965884	-5.370361980379585	780492.2581321836	28.840787800306533	1481.089365708733	-1.965448678014127	2193625.7092154976	3.862988505907479	858.8637819200474	-3.962454864597703	737646.9958940067	15.701048553974	968.1595697415976	739.6560894986937	1.048296	24.390759	0.1508251705400579	0.0913285789234398	-0.0146138148	0.1111394949	0.0961788214	-0.0665150424	-0.0796793376	0.0681950841	-0.013988274	-0.0840204325	0.198497398	-0.008925068	-0.0170813715	0.1019914448	0.0001364096	-0.0320219263	0.1149303088	0.0399270191	0.0296418946	-0.17741895	-0.1186321769	0.0129557282	0.1105761274	0.032329111	-0.110137087	0.085190507	0.0263448391	0.1916512706	0.0442270128	0.1573494045	-0.1941968297	-0.003890153	-0.0079277983	0.20691996	0.0328979336	0.0261077307	-0.080362633	0.1215047026	-0.0107312801	0.0510706517	-0.0151755978	0.1743049419	-0.0047888112	-0.0737847394	-0.0074580505	0.0727415512	0.077842786	-0.2377491476	-0.0278983421	-0.0222898468	0.0079971363	-0.0973860646	0.0016092135	-0.0476317806	0.0163754999	-0.0651044203	0.0157530963	0.0299075134	-0.0047784935	0.0731665788	0.0545780957	0.0104706625	0.12714265	0.1136670399	0.0041568248	0.0207109463	-0.1657099295	0.1244594587	0.0068256699	0.0646690178	0.1239911873	-0.0472235104	0.2300343678	-0.0821838253	0.0333587813	-0.2141877661	-0.0218687741	0.0349622185	0.0989994016	-0.0884186964	0.2661666922	0.081254474	-0.0160127351	0.0069192972	-0.0073159897	-0.0030396026	-0.0017088082	0.1434246181	-0.1253582149	0.045900034	-0.0356143704	-0.0439159515	0.1050490795	0.0892543836	-0.0473731783	0.0847694955	-0.0477010533	-0.033770134	0.0938399863	0.0792339072	0.1467837765	0.0126037321	-0.0195003858	-0.0903023136	-0.0620415745	-0.1530226795	-0.083575986	0.2992058578	-0.0118433109	0.0610298442	0.0196806069	-0.069196389	0.0840840696	-0.0929727676	0.1006824737	-0.0820895699	-0.1194277153	0.1288230331	0.1279949812	0.1266188352	0.124700488	0.0212104126220964	-0.0083125774968806	6.909894464164576e-05	0.0004498816035995	-0.1108056647872075	-0.0002587572678578	6.69553236692352e-08	0.0122778953489349	0.0131476166626995	0.0853256770538805	0.0072804711647031	0.0001728598239092	-0.0020180185419104	0.0004212081655605	1.7741631873492556e-07	4.072398835494177e-06	0.0006009425021316	-0.0002519207718707	6.34640752999293e-08	3.611318908681881e-07	5.760632882271881e-05	-0.0004654342369974	2.166290289694276e-07	3.3184891204312043e-09	0.0	0.0	0.0
882.792116326044	-0.6626126398399492	779321.9206474157	0.4390555104756662	1474.2651692600402	-6.824196448692874	2173457.7892933358	46.56965717035243	859.8925003960588	1.028718476011477	739415.112237386	1.0582617028873755	966.9259428250882	719.7602652377127	1.032222	24.016766	0.2037694510090514	0.1301659452838255	0.0770109477	-0.071069911	-0.1552174264	-0.0275998848	-0.0362785426	-0.0120285558	0.1629513704	0.0491546323	0.0576673676	0.0473990586	0.0297743662	0.024003762	0.0677712183	0.0012963558	0.0610060298	0.0921873959	0.1540759189	-0.0193043578	-0.0268394506	-0.149791747	0.0123675581	0.071594539	0.0784842816	0.0078406877	0.0323049714	0.1597677657	0.0411806541	-0.0083969707	0.0532514267	-0.0887735556	0.001928235	0.0419895056	-0.0611041705	0.0293807371	0.021861751	0.0840544279	0.0561042304	-0.0490360789	-0.0098763117	-0.0114092955	0.0145551867	0.1304660835	0.050288176	0.0922249187	-0.0516426932	0.0547694038	-0.157186321	0.1669284429	-0.0868655981	-0.0474775102	-0.0229110638	-0.0365245486	0.0636432294	-0.075711826	0.0077962711	0.0365972158	-0.0638701782	0.0178293352	-0.1604637566	-0.0406952683	0.0827757155	0.0063275707	-0.0672995288	-0.0589048901	-0.0480565801	0.1155064724	-0.0958291768	0.0374764351	0.0495022783	0.1199743547	0.0204521769	-0.0623523793	-0.0256802768	-0.0462997654	0.0560979039	-0.0178112253	0.0386661502	-0.0918513721	-0.1851278691	-0.0105200285	0.0847633344	-0.0558309032	-0.0442796511	0.0224110161	0.0108459658	0.0360248519	0.1513812019	-0.0512336662	-0.0001531455	-0.0044217444	-0.0280176747	-0.0448188847	0.1032444543	0.0458212744	0.0142162307	0.0258633579	0.0838294641	-0.0880738164	0.0099964208	-0.0411811407	-0.062666094	-0.1521328816	-0.0801871667	-0.0403020334	0.1077858631	0.121577882	-0.0548505463	-0.061391411	0.0746060299	-0.0278609449	-0.0825147099	0.1424729383	0.0033405281	0.0697364566	-0.0715342173	0.1285578634	0.1269376627	0.1242524367	0.1205247148	0.0317091346533118	0.0104987220312154	0.0001102231642887	0.0010054692204618	0.0129814308253344	0.1237870956125419	0.0153232450401885	0.0001685175462729	0.0006215293835794	-0.0125260872791201	0.0001569028625241	3.86298774652589e-07	-0.0025846649453494	-0.0005666464034389	3.210881465303537e-07	6.680492879718016e-06	0.0008289817772553	0.0002280392751236	5.2001910998942525e-08	6.872107870213557e-07	0.0004020715719835	0.0003444652431607	1.1865630374581612e-07	1.616615489972828e-07	0.0	0.0	0.0
888.0395043560783	5.247388030034244	788614.1612969892	27.53508113774667	1478.5721301981878	4.30696093814754	2186175.544198807	18.54991252272874	863.407029991987	3.5145295959281384	745471.6994395839	12.351918280654804	971.12891077138	733.0142845917727	0.965005	22.452835	0.1363033282759206	0.0792145969489844	-0.0158969287	-0.0503812646	-0.0196653662	-0.0128832588	0.0660729081	-0.0639515334	0.0410140314	-0.0241542622	-0.0884903398	-0.0207297414	0.0724617566	0.0524475561	-0.0153798129	0.0634329525	0.0037531472	0.1073107474	-0.0580298879	-0.0340897656	0.0894692404	0.0158445201	-0.0958453945	-0.0814219943	0.0337388421	0.0198001515	-0.0427396792	-0.0194676215	-0.0478014837	-0.1083641204	0.0610598302	-0.091862899	-0.0483295673	-0.0053894054	-0.0130745926	0.0116722336	0.1172850034	-0.0352874646	-0.1010525376	-0.0798365169	0.0465221208	-0.0600280729	-0.0641834052	-0.0672199831	-0.0428723068	-0.0477070134	-0.0808534542	-0.0595329877	-0.0097267472	0.0225765869	0.0041500545	0.0158668008	0.0546829242	0.1039173254	0.0264721714	0.1167852272	0.0401618166	0.0587540897	0.1671774883	-0.0459525322	-0.0353400419	0.007367868	-0.167595784	0.0321382833	-0.0240875933	-0.0359391501	0.0597233015	0.0180771876	-0.0144853266	0.0317962888	-0.0613053	0.06562114	-0.0652122445	-0.006294237	-0.0676205006	0.0957457472	-0.2017425407	0.0107017659	-0.02737012	-0.078353259	-0.0919300501	-0.0429306398	-0.0955523581	-0.0836451411	0.0041844891	0.1119949941	-0.0206148579	0.049614504	0.0596200792	-0.0444552349	0.0199784792	-0.1039263032	-0.0139530684	-0.0506279814	-0.0276902968	-0.0264586697	-0.0244701059	-0.0108966339	-0.0608839319	-0.0281689476	0.0392865018	-0.1094529647	-0.0282182564	-0.1957328635	-0.0365121555	0.0288125741	0.0377692356	-0.1119166519	-0.0790652247	0.0262959773	0.0522551043	0.0542722605	-0.1270640861	0.0413821494	-0.0451587735	-0.0182525952	0.0054335812	0.1282045865	0.1255324169	0.1211199807	0.1150284477	0.0318199108828451	0.0001107762295333	1.2271373029614814e-08	0.0010125067285922	-0.0439737908477013	-0.0569552216730357	0.0032438972758246	0.0019336942815173	-0.0483475027617572	-0.0489690321453366	0.002397966109251	0.0023374810232981	-0.0021702517055866	0.0004144132397627	1.7173833329069969e-07	4.7099924656015474e-06	0.0008288577496542	-1.240276010999004e-07	1.5382845834596014e-14	6.870051691618245e-07	0.0005929002691799	0.0001908286971964	3.6415591673675325e-08	3.515307291935979e-07	0.0	0.0	0.0
883.6394194862993	-4.400084869778993	780818.623670084	19.360746861258026	1480.9832168700525	2.411086671864723	2193311.288650769	5.813338939243707	861.3887002640009	-2.0183297279860426	741990.4929425048	4.073654890872213	969.1662010710296	737.0508494248592	1.029711	23.958351	0.1844358285373962	0.1093336878977844	0.0449180834	0.1413353342	-0.0526086722	0.0525999733	0.0175932669	0.0888474374	0.0769854571	-0.143569101	0.0181768716	0.0432111861	0.0783159758	-0.0965429718	0.1858939508	0.1183301317	-0.0302599405	-0.1225272194	0.0746581586	-0.0460417847	-0.1061052412	0.0438954259	0.0390001378	0.0586888905	0.0240979966	0.0556733634	0.133107035	-0.1273864563	0.0115414523	-0.1546104838	-0.1477180134	-0.0050800221	-0.0229638589	0.0427074333	0.0638085792	0.1240656715	-0.0346131937	-0.1418565412	-0.0559722484	0.1624368626	-0.1195026387	0.0974276313	-0.0709204731	0.1294128067	0.0687224473	0.1198011332	-0.0154428636	0.071343043	-0.0501644482	0.2204488395	0.0016126822	0.0051875807	0.0157017345	-0.1105526008	0.034793203	0.2035950889	-0.0605399093	0.0044254354	-0.0519790837	0.0961539092	0.0622528996	0.0173994444	0.0523509329	0.0396551479	-0.0438918184	0.1737276327	0.031052964	0.1931138041	0.0314798191	-0.1238354796	-0.1518683472	0.1222208177	-0.0350607935	-0.0664879212	-0.0097922896	-0.0263004094	-0.018749626	-0.0426508406	0.1247833502	0.0722449757	-0.0449475518	-0.1836548898	0.0369043718	-0.0045592967	0.1099476537	0.0027321754	-0.0321396507	0.0407434918	0.0781239636	0.0965238621	-0.1365476846	0.0858693434	0.0794217078	0.1011637354	-0.0357519131	0.0506565686	-0.0205430849	0.0609036398	-0.0328650764	0.0530858568	0.0841725668	-0.1352748416	0.094513815	-0.0261366293	-0.2145230363	0.0251433222	0.1122417154	0.1616040694	0.1061852816	0.1475068783	0.101926796	0.0070346477	0.0676475254	0.1672628564	-0.0123589257	0.0286426551	-0.1014878243	0.1277634447	0.1237830955	0.1172407796	0.1082719048	0.031604306092916	-0.0002156047899291	4.648542544037241e-08	0.0009988321636147	-0.1168727895610004	-0.0728989987132991	0.0053142640134015	0.0136592489397698	0.0299621582234408	0.078309660985198	0.0061324030036166	0.0008977309254065	-0.0019050839791079	0.0002651677264787	7.031392316588283e-08	3.629344967453589e-06	0.0008298115701603	9.538205060999555e-07	9.097735578567752e-13	6.885872419719025e-07	0.0001987905351853	-0.0003941097339946	1.5532248242929434e-07	3.9517676879258e-08	0.0	0.0	0.0
882.6054698203892	-1.033949665910086	778992.4153568699	1.0690519116355783	1473.1062466649223	-7.876970205130192	2170042.013963215	62.046659612508776	860.355447488145	-1.0332527758558854	740211.4960225263	1.0676112988138926	967.508598101915	710.2624158063504	1.009973	23.49909	0.1686353474795425	0.1184069196341657	0.1414480674	-0.0354272844	0.1025672634	-0.0905846029	0.0215208524	0.0315063038	0.1838552705	0.0126658935	-0.0109719204	0.0687518526	-0.0410344344	-0.0202317275	0.0913340131	0.0098668121	0.0774842725	-0.0328958328	-0.011507399	-0.0843329186	-0.0653609249	-0.136693757	-0.0329028395	-0.027147937	-0.0941255562	0.0086214805	-0.0205624109	-0.0485923283	-0.007560299	0.1204378543	-0.0243651118	0.0778357017	0.070709536	0.0178978848	-0.0593591444	0.0394388056	0.0768224325	0.0346223116	-0.0151844278	0.0273255778	-0.1585549383	0.024931202	0.0847702157	0.0207089139	0.0799324657	0.0540996286	0.0879641282	0.0287899268	0.0979061078	0.2168007345	-0.0351661921	-0.0103525585	-0.0446017253	-0.0006600122	-0.2098197572	-0.0719790902	-0.1015814518	-0.080501452	-0.0205791191	0.059478896	-0.1252375401	-0.0527701533	0.0733553768	0.1120725885	-0.0732837474	0.1080895563	-0.0109288538	0.026457904	-0.0604226979	0.0692260779	-0.0297079863	-0.0518415917	0.097239921	0.0164383494	-0.0476802381	0.0718884275	0.047712571	0.0505093085	0.0123856417	0.1000233317	0.0510529193	-0.0670684613	0.2264836775	0.0295044451	0.0572843579	-0.0426049268	-0.0396724565	0.0195972882	0.1194600682	-0.0228668723	0.1538021977	0.1722078697	0.0216391885	-0.0058685678	0.1436271077	0.0550106835	-0.1089012149	0.0149790332	0.0303228895	-0.0247645961	0.2509252145	-0.0090457376	0.0251939934	0.0154412956	-0.0433239605	-0.065310611	0.08873567	0.0442355968	0.0388809653	0.0906623647	0.0805613549	0.0430490651	-0.0254535197	0.0985064199	0.171014498	0.1465730384	0.0153476444	0.1272347401	0.1216944932	0.1126387502	0.1003291122	0.0240845101876061	-0.0075197959053098	5.654733045751552e-05	0.0005800636309769	-0.0037064367458441	0.1131663528151563	0.0128066234094844	1.3737673350943402e-05	0.0347220734379121	0.0047599152144713	2.2656792848955374e-05	0.0012056223838277	-0.0019961722919719	-9.108831286399992e-05	8.297080740409933e-09	3.984703819236347e-06	0.0005183419481173	-0.000311469622043	9.701332545560929e-08	2.686783751780377e-07	0.0006600182711704	0.0004612277359851	2.1273102444194114e-07	4.356241182787637e-07	0.0	0.0	0.0
890.5017519766761	7.896282156286929	792993.3702735297	62.35127189169536	1475.5751293799606	2.468882715038262	2177321.9624446877	6.095381860614701	864.0776192835506	3.722171795405529	746630.1321467286	13.85456287451242	971.298632809722	730.7326251288281	1.083972	25.220837	0.1331486265731848	0.091184952075952	-0.0064225746	-0.1125527466	0.2219753653	0.0996717935	0.0611143117	-0.0914133286	0.1329221263	0.0420656562	0.0328761252	-0.1280654929	0.1033251324	0.0610474072	-0.0721383266	-0.1121448552	0.02558649	-0.0304748597	-0.2011324694	-0.0001120252	0.1247807793	-0.0366840033	-0.1694213119	-0.0014390697	-0.1354824182	-0.024626598	-0.0090245447	-0.0382851529	-0.0110529655	0.1431977533	0.0761574675	0.1489179651	-0.1126186823	0.0136041382	0.0479660884	0.1802426638	0.0138839702	0.1296477743	-0.0510291283	-0.1094356114	-0.0303967957	-0.239411959	-0.1057915182	-0.0910949322	0.129483425	-0.0528190462	-0.0816419602	0.0569843429	-0.1067989747	-0.00033244	0.060783069	-0.0136720838	0.0044467501	-0.0466626188	0.0072387959	-0.0876374295	-0.0863248052	0.115806507	0.1126858466	-0.0722887732	-0.1290696887	0.1190735965	-0.0503713721	0.0995017556	0.1110991805	0.0392104245	0.0172994972	-0.0633195102	-0.0036735598	0.0817748258	0.0074678621	-0.1580952262	-0.1421559374	0.2303949244	-0.0068387869	0.0022025881	-0.0516491758	-0.0101583659	0.0247894111	0.0571807148	0.0171987948	-0.0903807106	-0.0745485138	-0.0559185124	-0.0621101421	0.2678187748	0.1585896777	0.0589480283	0.0274949057	-0.0164477191	0.3234433441	0.0170513555	-0.0592776305	-0.0853239055	0.019446448	-0.0331092338	0.016925442	0.0180943476	0.0463628787	0.1318741644	0.1529382853	0.0116283277	-0.073213156	-0.0838283675	0.1086758928	-0.0358985392	-0.0670207488	-0.275484049	-0.1314683671	-0.1736995967	0.0195299793	0.1214481293	-0.127818382	0.1097834039	0.1815419186	-0.0224686701	0.0689934251	0.1266188352	0.1192723348	0.1073422654	0.0912870929	0.0316271529016916	0.0075426427140855	5.68914591123471e-05	0.0010002768006669	0.004128681015004	0.0078351177608481	6.138907032635736e-05	1.7046006923654462e-05	-0.0549904200232092	-0.0897124934611213	0.0080483314830117	0.0030239462943289	-0.0023662183288918	-0.0003700460369199	1.3693406944012402e-07	5.598989179983502e-06	0.0006817519875417	0.0001634100394243	2.6702840984683947e-08	4.647857725170582e-07	0.0006323068947721	-2.771137639830004e-05	7.679203818882604e-10	3.998120091763355e-07	0.0	0.0	0.0
889.0940392681448	-1.407712708531335	790488.2106621454	1.9816550697606277	1481.7785693909825	6.203440011021939	2195667.728706387	38.48266797034788	862.6296634494698	-1.4479558340807444	744129.9362629456	2.096576097448464	971.1844644802616	764.3972567752941	1.120947	26.081142	0.2832037291233985	0.1598944730478814	-0.1345363664	0.112953827	0.0673335999	0.0056498166	0.0202813401	0.0211570108	0.0177367869	-0.1997093769	-0.0173267928	-0.0893926147	-0.0625805974	0.0821883373	-0.0895798144	-0.0930353153	0.0650330277	-0.0511173072	-0.0466263738	-0.2175679709	-0.053919722	0.1562904015	0.030778876	-0.0064596061	0.0231153863	0.0858089059	0.0563298905	0.0655234902	-0.0107987626	0.2157639641	-0.0539615947	-0.0133962841	-0.0372933771	0.1051755502	0.0166229611	-0.1784588337	-0.0404144215	0.1293768937	-0.1104475234	0.139815421	-0.0447180256	-0.053417039	-0.0406987457	0.0599905067	-0.0143895181	-0.1156203883	-0.1698513159	-0.0336640556	-0.0055705798	-0.1109768573	0.0517233037	-0.0359749749	0.0649292869	0.1123670331	0.0505236467	-0.1820081302	0.0956498068	-0.1970765916	0.1114148446	0.0432049431	0.1215602713	0.0888628754	-0.003657642	0.0340160494	-0.0310294264	0.1462704787	-0.1557511557	0.0076245592	-0.0173760403	-0.0152143301	0.1365362362	-0.150859007	0.0451550805	0.0282825317	0.0419597457	-0.1973848388	-0.0923886194	-0.0134894541	0.0820794087	-0.0625674897	0.0133268157	0.1043615424	0.0943649991	0.0090949241	0.136655985	0.0312956959	0.1393729908	0.0765510294	-0.0606007608	0.027506281	0.0230593512	0.067032342	-0.1478182928	0.0878206651	-0.116547646	0.0856726078	0.0416277426	-0.0255249561	0.0160127496	0.0804349128	0.143007905	0.1166418932	-0.028546713	-0.0041482224	-0.0272486483	-0.040966605	-0.2323750827	0.1093039756	0.0655691566	0.0805710772	-0.0941190705	0.0486531776	-0.0041677119	0.0546953007	-0.0925205097	0.072279757	0.0153858834	0.1259161521	0.1165232592	0.1013839798	0.0812449131	0.0220158779641224	-0.0096112749375692	9.237660592554587e-05	0.0004846988825311	-0.140510474563726	-0.14463915557873	0.020920485326528	0.0197431934621234	-0.0129410233504358	0.0420493966727733	0.0017681517605442	0.0001674700853565	-0.0015920101689027	0.000774208159989	5.993982749937076e-07	2.5344963778896035e-06	0.0002934550110338	-0.0003882969765079	1.5077454196517665e-07	8.611584350084767e-08	5.673399258258091e-05	-0.0005755729021895	3.312841657348657e-07	3.218745914360345e-09	0.0	0.0	0.0
885.5075416732095	-3.586497594935281	784123.606360131	12.862964998476556	1477.674461020715	-4.104108370267568	2183521.8127528606	16.84370551490031	860.7070429691327	-1.922620480337173	740816.6138166684	3.6964695114119417	968.4051781829291	738.2487393282497	1.063608	24.747021	0.2690624266083647	0.209784188628699	-0.0090625917	-0.0272414719	-0.1158070321	0.0124522005	-0.0323497145	-0.0005515842	0.0781595946	-0.027913786	0.0018438215	0.0063113908	-0.1024911541	0.0946520053	0.1909467569	-0.0316536357	0.0889528449	-0.017250508	0.1035189152	0.1187634258	0.0154001142	-0.110907241	0.0105720843	0.0202867374	0.0959673419	-0.0130159305	0.1523880445	0.1702547276	-0.049486254	0.0507982622	-0.0853036785	-0.0500653801	-0.129339215	-0.0045196579	0.0734171096	0.0684831315	-0.0284743564	0.0783306212	0.0603686535	-0.0388131379	0.0545646289	-0.1131225577	0.0020213568	-0.1447681826	0.0452439968	0.0174722778	0.0031835766	-0.0101803031	0.0088647432	0.0038939428	-0.1115903129	0.1743111186	0.0092013625	0.0286993354	0.0220137205	-0.0803573535	-0.1037967639	-0.1073500838	-0.1076269775	0.0224473801	-0.1034608414	-0.0453112919	0.0336253882	-0.0969101539	-0.0128788268	0.048655591	-0.1123512409	0.2456472283	-0.0093684099	0.0603197282	0.0671876973	0.0660548328	-0.1130954589	-0.069731554	0.0252811771	-0.0436703885	-0.0672975017	-0.0292787512	-0.0667591401	0.0613577728	-0.0238008577	0.0935561593	0.0119643022	-0.0913943456	-0.0297893202	0.0685167395	0.0675001978	-0.0897114385	-0.0908943642	-0.0550421568	0.1572736702	-0.0463775844	-0.0093844398	-0.058407899	0.0979799378	0.0877108279	0.0575242526	-0.0792525653	0.0759480171	0.0069127822	-0.1163598085	-0.0189905725	-0.0572076251	-0.019288463	0.0089868343	-0.0179107075	-0.0461140565	-0.0597710109	-0.0173537224	-0.0382400067	-0.0434294801	0.0695933762	-0.1779202882	0.0913291443	-0.1493002023	0.0946513165	-0.0246652876	0.1251271724	0.1134548014	0.0948006283	0.0703125971	0.0365530273170975	0.0145371493529751	0.0002113287113107	0.0013361238060444	0.0660331868225085	0.2065436613862345	0.0426602840588315	0.0043603817619363	-0.024157072425595	-0.0112160490751591	0.0001257997568563	0.0005835641481754	-0.0018555851772353	-0.0002635750083326	6.94717850175302e-08	3.4431963499753603e-06	0.0003700814108034	7.662639976960001e-05	5.8716051416505575e-09	1.3696025062223494e-07	0.0004518439203603	0.0003951099277777	1.561118550285144e-07	2.041629283665652e-07	0.0	0.0	0.0
892.0282388780315	6.520697204822	795714.3789558425	42.51949203697344	1479.7300011510874	2.055540130372492	2189600.876306597	4.225245227571762	864.8596801279481	4.152637158815423	747982.2663110166	17.244395372774633	972.6070800628454	755.077760963293	1.029241	23.947409	0.1725333430291037	0.1212852047748902	-0.1254194281	-0.0715486773	-0.0188707717	-0.0307515903	0.1742057925	-0.0810063219	0.0389278008	-0.0438851567	-0.1789421455	-0.06032382	0.0347149544	0.0260757553	-0.083990446	0.0131852621	-0.0099212305	0.0957262239	-0.0352857066	0.0202374693	0.0952512186	0.0575585295	-0.1682578858	-0.0592542907	0.0399206306	0.0744626551	0.046568387	-0.0011502532	-0.0532354982	-0.1137112006	0.1043063267	0.1084696978	0.0540068744	-0.0627239034	-0.0270746433	0.151172901	0.0280070233	0.0485025313	0.1186474557	0.0374861783	0.1731006123	-0.02876213	0.0344672583	0.2275714777	-0.0847246577	-0.0953372386	-0.03278721	0.0512013928	-0.086820768	0.0183804856	-0.0096761487	-0.0380094012	-0.0375944264	-0.036643182	0.0372014371	-0.1411190537	0.2490093802	-0.0324809794	-0.031954058	-0.0311812051	-0.0089489875	0.0639515627	-0.2201443671	0.0066032975	-0.0966451357	-0.0449590786	0.1377538318	-0.0100621188	-0.0785238547	0.0059336009	-0.1331096962	0.0062889113	-0.0832616813	0.0098400724	-0.0575383671	-0.0445104141	0.0183452378	-0.0444033493	0.0875969573	-0.050910675	-0.050319449	0.0185244869	-0.1092465299	-0.0588139267	-0.1577605115	-0.0252662126	0.0682429123	-0.1021862146	0.2251812796	0.1267464042	-0.1692706575	0.0706871391	-0.146709957	-0.0228155384	-0.0710656811	0.0363517098	0.070390688	0.0223980692	-0.0462098168	-0.0473895208	-0.0583175636	-0.0502931297	-0.0394377577	0.0359143268	0.0028980581	0.1975614852	0.036249732	-0.2459040202	0.0505609607	-0.0470289585	-0.0539308573	0.0793867721	-0.1311363321	-0.0654067066	-0.1762491694	0.0872322807	0.0697876119	0.1242524367	0.1100753719	0.0876327994	0.0586099215	0.0315415479045668	-0.0050114794125307	2.5114925902219083e-05	0.000994869244216	-0.0504662344098534	-0.1164994212323619	0.0135721151474752	0.0025468408155102	-0.0512426568241011	-0.0270855843985061	0.0007336288822085	0.0026258098783925	-0.0016500541685704	0.0002055310086649	4.224299552281123e-08	2.722678759216554e-06	0.0004328008603435	6.27194495401e-05	3.9337293506131505e-09	1.873165847140738e-07	0.0002413572188512	-0.0002104867015091	4.4304651512180974e-08	5.825330709158605e-08	0.0	0.0	0.0
885.5410550816979	-6.487183796333625	784182.9602352066	42.08355360741354	1479.6040726719864	-0.1259284791010486	2189228.211867529	0.0158579818487032	861.95463004755	-2.905050080398041	742965.7842604088	8.439315969620665	968.5122294645176	748.2651196089269	1.099969	25.593042	0.1102172403397505	0.0628584710412017	-0.034792829	0.1388779947	0.077277272	0.1121747396	0.0123070825	0.0785713393	0.0693330688	-0.1580560638	-0.0282422271	0.0321583425	0.0667245456	-0.0540085033	0.0916363651	-0.0063504256	-0.0730857676	-0.0890196884	0.17493308	0.0296066511	-0.0977213606	0.0264315208	-0.0469739069	-0.063139541	-0.027908021	-0.0520073989	0.0395648393	-0.1658019454	0.1312032402	0.0183492067	0.049452156	-0.1212822123	-0.0951055423	0.031744518	-0.0844423541	-0.0338343303	0.0548714028	-0.0481646053	-0.1659902978	-0.0101438078	-0.1489145516	-0.0657979109	-0.0268889288	-0.0530962005	-0.0606875737	-0.0386800988	0.1467937491	-0.0146701283	0.0063918555	-0.0453462467	-0.1373071665	-0.081637076	0.0842976288	0.0548316543	0.0015415858	0.0744676446	-0.0015359277	-0.0431365802	0.0348794483	0.1208887566	0.0097974991	0.0045610579	-0.0240426788	0.0748325593	0.0121003226	0.1389276581	0.025510358	0.1051006692	0.0434522272	-0.0879783985	-0.0184346422	-0.0996171404	0.1068171156	0.0460921637	-0.0053104219	0.0434387746	-0.0714388155	0.0523478303	-0.1010282361	-0.0579769001	-0.204984116	-0.2331524966	-0.0194866566	0.0512533768	-0.0499210395	0.0271265884	-0.0173578353	-0.0220271619	-0.1157226815	-0.068372764	-0.149408027	0.0388792017	0.2393640923	0.1008635607	0.0070303059	0.1091706589	0.0279523461	-0.0627759177	0.0867628663	0.155450397	-0.0264932504	0.0085074787	0.1300292207	0.1593482163	-0.0597667732	0.0944443853	0.015765466	-0.0087914786	0.0199674352	0.053169975	0.0469364806	0.2220214092	0.0410472437	-0.2254203201	-0.0776651924	0.0182540754	-0.0223120293	0.1232925447	0.1063942335	0.0799246852	0.0462651033	0.0258218577399702	-0.0057196901645966	3.271485557898308e-05	0.0006667683371432	-0.0580322090601015	-0.0075659746502481	5.724397240819688e-05	0.0033677372883953	0.0072609824690772	0.0585036392931783	0.0034226758105463	5.272186641624643e-05	-0.0012010084347588	0.0004490457338115	2.016420710543983e-07	1.442421260361783e-06	0.0002979661847328	-0.0001348346756107	1.8180389747042696e-08	8.87838472442211e-08	5.667890363894872e-05	-0.0001846783152122	3.4106080109635644e-08	3.212498117713234e-09	0.0	0.0	0.0
888.6313771111382	3.090322029440358	789665.724386438	9.550090245644371	1478.4192811677565	-1.1847915042299064	2185723.5709285857	1.4037309084953644	863.6526095351455	1.6979794875954894	745895.8299568666	2.8831343402950407	971.783832485805	735.9824546941285	1.166387	27.13838	0.2728765157538637	0.1587955777017758	-0.022880411	-0.1510258863	-0.0645017965	0.1446926094	-0.0429559131	-0.1075932735	0.0051018698	0.0586558302	0.0174685395	-0.0479742707	-0.1426544515	0.0732827857	-0.0083057725	0.0914538981	0.0260565714	0.1213031837	0.0031689645	0.1208846778	0.1307079559	-0.0657143656	-0.0137215772	0.0360340178	0.1114062534	-0.1381169894	-0.1815530625	0.071703389	-0.1102592319	0.0945881131	0.2020722916	0.1640107297	0.0221430218	-0.068700214	-0.0751747749	0.0458568874	-0.0821973003	-0.1650334512	-0.0391505027	-0.0745757263	0.0929629923	0.0911606684	-0.0885745064	-0.1147204915	-0.0522774308	0.0215075924	0.0229790551	-0.0170136793	0.0263006058	-0.193730554	0.0406475903	0.1347567171	-0.1948749265	-0.0942701518	0.1042355097	0.0772508068	0.0154179759	-0.0183228875	-0.163287635	-0.0970245521	-0.091842943	-0.0035673503	-0.0418720058	-0.1757220532	0.0820044973	-0.0478914408	-0.1194452725	-0.0854350887	-0.1927431804	0.0250585642	0.0778021428	0.0027725091	-0.155901627	0.1114507426	0.0135604968	0.1073464186	0.0673866904	0.0604381705	-0.0962776427	0.0260638672	-0.0421209702	0.0932803272	-0.2086187109	-0.0839734271	-0.0842218472	0.0834455548	-0.1815123508	-0.1007863128	-0.1568800033	0.059028115	-0.0194395248	0.0610533159	0.1090018316	-0.1266661968	0.0873635756	-0.024296352	0.0744990204	-0.0057101595	0.0514038769	-0.0410726852	-0.1653750309	0.1686599227	0.0151201319	0.0294526595	0.1304517961	0.1724873182	-0.0475243913	-0.1548622985	-0.0472486683	-0.0828203023	-0.234066144	0.0395346242	-0.0156941897	0.0040150597	-0.0951470485	-0.026883447	-0.0093491285	0.1222481541	0.1024214758	0.0717238087	0.033413395	0.0424230175264739	0.0166011597865037	0.000275598506257	0.0017997124160515	0.0714106921624022	0.1294429012225037	0.0167554646768988	0.0050994869551133	-0.0743168641540066	-0.0815778466230837	0.0066549450596593	0.005522996297685	-0.0015135974392577	-0.0003125890044989	9.771188573361333e-08	2.290977208127467e-06	0.0002970097844818	-9.56400251000023e-07	9.147014401129068e-13	8.821481207792529e-08	0.0006482256613245	0.0005915467576855	3.499275665282884e-07	4.201965079995855e-07	0.0	0.0	0.0
889.7807664541654	1.14938934302711	791709.812351762	1.3210958618642916	1485.7895893936764	7.370308225919871	2207570.7039506296	54.321443345062114	863.9721542884564	0.319544753310879	746447.8833858364	0.1021088493685105	973.087552667478	760.1759523482317	1.151924	26.801888	0.3117434468060177	0.2033938605010447	-0.0980661956	0.1398153899	0.0658866114	-0.0461485326	-0.0102966166	0.0260830954	-0.0644380454	-0.1537793648	-0.1136171215	0.0274557366	-0.0001754874	-0.0981748266	-0.0017116158	-0.1084487216	-0.0611397713	-0.0207502388	0.0428063464	0.1615728941	-0.0336078115	0.1977279484	0.0280209453	0.0436360884	-0.0744345421	0.0641120493	-0.1059627661	-0.084167313	-0.032882881	-0.0135716997	0.1187273458	-0.0599386935	-0.1409701231	-0.0824205963	-0.0780469962	-0.0640717866	-0.1176961006	0.0623812004	-0.0896410915	-0.0252589867	0.0822272457	0.0624597677	0.0253784687	0.0928035842	0.0246690274	0.0619647442	-0.0701439226	-0.0616729455	0.0059931375	0.0422416945	-0.0333189037	0.1309857096	-0.0782557772	0.1916433286	-0.0779225052	0.0772313097	0.0823658301	0.0500865903	0.0902532601	0.0295750503	0.1744764999	0.0705142844	-0.0792339734	0.0319508164	-0.0298411108	0.0535441281	0.0620933694	-0.0411074619	0.0343260885	0.1425440514	0.0726847519	0.09366677	-0.0142271546	0.0839368857	-0.014046032	-0.0604538827	-0.0495775405	-0.0615423774	-0.1015019055	-0.1654283341	-0.2403853812	0.106310749	0.0088200165	-0.0287999913	-0.0908286696	-0.0826134798	-0.2432365149	-0.0506115057	0.0926632171	0.022576181	-0.0400470576	0.0454159642	0.0812083219	0.0991970954	-0.1189503872	0.0122237035	0.0162553617	-0.0047427175	0.0380713473	0.0283788049	-0.0693616015	-0.0262772411	0.0944993652	0.0768878914	0.1883556064	0.0746166928	-0.1669542159	-0.0015051023	-0.0314547964	0.0149870823	0.049890765	0.0460241211	0.0536678463	-0.0101902287	-0.1503103177	0.0525090227	0.0495906846	0.1211199807	0.098167988	0.063080731	0.0201956026	0.0315227168329812	-0.0109003006934927	0.0001188165552085	0.0009936816765323	-0.1213191270817048	-0.1927298192441069	0.0371447832258661	0.0147183305958668	-0.0303168759069052	0.0439999882471014	0.001935998965745	0.0009191129647546	-0.0009320049608361	0.0005815924784216	3.382498109565794e-07	8.686332470231002e-07	0.000187973558068	-0.0001090362264137	1.1888898670561452e-08	3.533405853274377e-08	5.6587593733566685e-05	-0.0005916380675909	3.5003560302273374e-07	3.2021557645551957e-09	0.0	0.0	0.0
883.0850686243373	-6.695697829828077	779839.2384272505	44.83236942836442	1484.2342331782577	-1.5553562154186693	2202951.2589382506	2.419132956841486	860.7299731263546	-3.242181162101815	740856.0866380951	10.511738687887876	970.2031593374844	740.8247678607358	1.053481	24.5114	0.186091920747621	0.155967284836963	0.0377467341	0.0875045134	-0.0869782122	-0.0059326709	-0.1306585763	0.0502154571	-0.0641340787	0.0490182076	0.0334758646	0.0151428745	-0.0565821025	0.0752301637	0.1199021244	-0.0992769364	-0.0308941715	-0.0277763847	-0.0280879764	0.0353241997	-0.0375829888	-0.0590586709	0.1239061861	0.0733034187	0.1143451938	-0.0035659787	0.0690152289	0.1433634513	0.0867459407	0.0453112529	0.0175001664	0.0687194168	-0.1677914577	0.0135383317	0.0708719043	-0.1245872989	0.0091084423	-0.0639331705	0.0722166542	0.0464613681	0.0518592862	0.0785317204	-0.0053170631	-0.1185880996	-0.0645074059	0.0826390999	0.0774422881	0.1428520556	0.0120659824	-0.1068320089	0.009322834	0.0548613739	-0.1159240367	-0.0681145073	0.0974252576	0.1927958908	0.0544957587	-0.0549984616	0.070833483	0.0145211575	0.0148983354	-0.0911291319	0.0982972565	-0.1215438374	0.0019737296	-0.0263841712	-0.0527420848	0.0350262732	0.0478982728	0.0745589502	-0.0892157403	-0.0286629542	0.0382442763	0.0320426861	0.1752741569	-0.0812204634	-0.0249068927	-0.0280040378	0.0404914795	0.0238173433	-0.0137761272	0.1868213261	0.0510653206	0.0539689207	-0.0188996667	0.0487879927	0.0157556314	-0.1062305672	-0.1971440858	-0.0729758501	-0.1937430745	0.0506811932	0.0449782695	0.012690097	0.0716247516	0.0583416134	0.0137635105	-0.0430303256	0.0394356603	-0.0384977236	-0.2075601007	-0.0980036458	0.1156865309	0.1016661091	0.0157734351	0.0091275423	0.0173698841	-0.0345781372	0.0366026688	0.0812796891	0.0384259331	0.00671934	-0.0894346831	-0.06494241	-0.1118333071	-0.0523038377	0.1492021783	0.1199087977	0.0936454286	0.0540487397	0.0067565429	0.0315828745312956	6.015769831440448e-05	3.618948666486904e-09	0.0009974779636595	0.0327793324077703	0.1540984594894751	0.0237463352170293	0.0010744846330991	-0.007085557733454	0.0232313181734512	0.0005396941440761	5.020512839410978e-05	-0.0008680085521004	6.399640873569999e-05	4.095540331066778e-09	7.534388465194328e-07	0.0002979751654865	0.0001100016074185	1.2100353634653796e-08	8.878919924670706e-08	5.662928530697248e-05	4.1691573405796326e-08	1.7381872930509028e-15	3.206875954378489e-09	0.0	0.0	0.0
887.822659731433	4.737591107095682	788229.0751325958	22.444769498032088	1475.653827535695	-8.58040564256271	2177554.2187207467	73.62336099092198	863.1508290879779	2.420855961623261	745029.3537552636	5.860543586926881	972.523437402766	725.5404840648098	1.144696	26.633715	0.1476083478881059	0.0991853911712161	0.0264254449	-0.2094566292	-0.1085952744	-0.0596190186	0.0151528879	-0.1759977172	-0.0062732569	0.087310767	0.0422488793	0.0432642926	-0.0971358915	-0.0506673261	-0.0817957661	0.1409431606	-0.046049269	0.064065833	-0.1288239604	0.002896604	0.1604958827	-0.1072292101	-0.0338727022	0.0798022317	0.0161168118	-0.0253146457	0.0727400216	0.0076147899	0.0978876496	-0.0906052859	0.0169017354	0.0336563606	0.1646979805	-0.0242676521	0.1384443344	-0.1712345017	0.0060515732	-0.1257806695	0.1264165992	-0.0630767909	0.038032232	0.0042029766	-0.0339932036	0.0852697608	-0.0053931294	-0.0627007928	-0.0434648756	-0.0685738582	-0.0654398515	0.0233839967	-0.0484516343	-0.0820903781	0.1575858805	0.0382275605	-0.1198495327	0.0946717315	0.0844069528	0.0874131337	0.0018039287	-0.1735558413	-0.0681414004	0.0369339652	0.0191495115	-0.0624541424	-0.016722931	-0.1625663413	0.0913353065	-0.0719741252	-0.1187852572	-0.0750284882	-0.11891321	0.1218791904	-0.0189020011	0.0159577451	-0.0432128123	-0.0167385659	0.0476233556	0.0803104221	-0.0321505958	0.1166240473	-0.0120749213	0.145425088	-0.0430957283	0.0898198069	0.0793411866	0.0178323091	0.1837153147	0.0420497953	0.0916219511	0.0407076447	-0.1268494796	0.0646050473	-0.0369010553	-0.1288044507	-0.0081349974	-0.1348476977	0.0345195622	0.1544218312	0.0228530077	-0.0867564449	-0.2053179452	-0.0281533809	-0.1126289453	0.0724077683	0.1341853526	-0.0120110069	0.085967936	-0.1919156387	0.0481282565	-0.0452718283	-0.1715227608	-0.1409634285	-0.0799489615	0.0281592193	0.163604014	0.031081782	-0.1419037383	0.1186154352	0.0888661936	0.0446835199	-0.0067565429	0.0316254669306772	4.2592399381598256e-05	1.8141124850815714e-09	0.0010001701585833	0.0636328377117507	0.0308535053039804	0.0009519387895427	0.00404913803525	-0.0993598073954515	-0.0922742496619975	0.0085145371506846	0.0098723713256612	-0.000983064762741	-0.0001150562106406	1.3237931606974116e-08	9.664163277430186e-07	0.0002977883491988	-1.868162877000329e-07	3.490032535002145e-14	8.867790091854643e-08	0.0004301462688336	0.0003735169835266	1.395149369828309e-07	1.8502581259146769e-07	0.0	0.0	0.0
886.8903918220489	-0.9322679093841088	786574.5671062673	0.869123454867417	1482.312440179071	6.6586126433760455	2197250.170309632	44.33712233452733	863.1882593041304	0.0374302161525292	745093.9710004947	0.001401021081225	971.996465378259	740.944982242217	1.226659	28.540735	0.4373321670219647	0.2626296486549331	-0.0163802487	0.0797733079	0.0158580263	-0.0729666426	0.0546954298	0.1196054498	0.0036925248	-0.0668140345	-0.0068727585	0.024512721	-0.075539417	-0.1380246472	-0.1677369853	-0.0728634983	0.1799632939	0.0783796181	0.0432767554	-0.0362261879	-0.0582829323	0.156804163	0.0009556977	0.0860506416	0.0567665045	0.0249521588	-0.1210353114	0.0080940581	-0.0187769356	0.0438506846	-0.0195597153	-0.1284550437	0.1146066708	-0.1064606852	0.0055628619	0.1336812993	-0.0403018195	-0.0128100708	0.1467064103	0.0233591592	-0.104038759	-0.1163757027	0.0912486097	0.0203812119	0.0319479243	-0.0096000839	0.0951155727	-0.1502203563	0.0327222572	0.0485042891	0.1550355972	-0.0345874777	-0.0234549949	0.0829292879	-0.0286788038	0.221293667	0.1955280676	0.1417631368	-0.3093267589	0.0856476839	0.1238786266	0.0793675914	-0.0221259002	0.0063848446	-0.1079330717	-0.0687813025	0.0078548281	-0.0211112825	-0.122838035	0.0380193606	0.202145869	0.0412881393	0.0361431916	0.0272345322	-0.1372023232	-0.0069285215	0.0645801078	-0.1115094254	0.0068416292	0.0118119537	-0.0100772354	-0.0725642313	-0.0796697264	0.0169976367	0.0111583034	-0.2855234953	0.0893193837	0.0195337557	0.0888660312	-0.1061028883	0.1221506887	0.0407853085	0.057108704	0.1428186754	-0.0552768226	0.0511491847	-0.0312622574	0.0113266061	0.1013546609	-0.0802303058	-0.0054436944	0.0888949144	0.0998494659	0.1035178557	0.0747212821	0.0151041786	-0.262978935	-0.0609200194	0.0734648268	0.0424119208	0.0053826429	-0.1325342231	0.0818331896	-0.0929015863	-0.1492903894	-0.0230010853	0.1499201211	0.1172407796	0.0838433825	0.0350428114	-0.0201956026	-0.0098136682263572	-0.0414391351570344	0.0017172019225629	9.630808405701288e-05	-0.1651833144608474	-0.2288161521725981	0.0523568314950735	0.0272855273762712	0.0147712282280707	0.1141310356235222	0.0130258932924976	0.0002181891833657	-0.0005329728516106	0.0004500919111304	2.025827284650159e-07	2.840600605539347e-07	0.0002985468098959	7.584606970999978e-07	5.752626290454146e-13	8.913019769901864e-08	-0.0001779202407151	-0.0006080665095487	3.697448800347393e-07	3.1655612056119133e-08	0.0	0.0	0.0
884.2514785160006	-2.6389133060482663	781900.6772577331	6.963863436838591	1477.5798866818377	-4.732553497233312	2183242.3215267123	22.39706260417525	862.5558156458935	-0.6324436582368662	744002.5351045526	0.39998498084403	970.2837073317864	723.2957654519626	1.058842	24.636143	0.332259003620269	0.2412432478638768	0.0915958475	-0.0191098931	-0.0721838968	0.1095652142	-0.0957815986	0.0174595023	0.0628874519	0.0530388663	-0.0155205767	0.0792205723	-0.0473014672	0.0976512136	0.0599672436	-0.0358837087	-0.0068361759	0.0646498005	0.0543860881	0.1624801236	-0.0292100289	-0.0571391771	0.0178863423	-0.0492147944	0.091062652	-0.2562241327	-0.076839908	-0.1234841479	-0.1394416388	-0.0650587826	-0.097449587	-0.0108349452	-0.086926728	-0.1816980831	0.0361249148	0.0742160883	-0.0430132609	0.003775517	0.1026348895	-0.0797801447	0.0104619628	0.185653658	0.0087872904	-0.0902755645	0.1940606304	0.1127953816	0.0190268635	0.1323056802	0.0591057667	-0.045493183	0.1261830725	-0.0707266873	0.1302888664	0.0129036317	0.1186786781	-0.0773053952	0.0742515691	0.0441002465	-0.0232345544	0.0298614252	-0.0482542592	-0.1067142813	-0.0306468563	-0.0673104093	0.1291671548	0.0485615871	-0.0651750447	0.0457733209	0.004909566	0.0705794898	-0.0477717193	0.088803087	-0.0803016199	0.0853975182	-0.1085771902	0.1300528906	0.0837642622	0.0029498644	-0.153626618	-0.033183499	0.0329074207	-0.0621320676	0.0351436506	0.0795301922	0.0862669653	-0.1873827651	0.0422234063	-0.0315724146	-0.1139557094	-0.055750556	0.0119040528	-0.0689624953	-0.0114440222	-0.032496549	0.1235441693	-0.0510153179	-0.0404621235	-0.0550944086	0.083468599	0.0661620729	-0.2269614294	0.0467959873	0.0348071324	0.0448904146	0.0333507956	0.1070721862	-0.0497443809	0.0808974685	-0.1323444295	0.0527107966	0.0321610185	-0.083408773	0.1272049092	-0.0323760432	0.1441158026	-0.0455385966	-0.0166623524	0.1157857731	0.0785907625	0.0251860523	-0.033413395	0.0032692006411139	0.0130828688674711	0.0001711614578034	1.0687672831859536e-05	0.0671335621768349	0.2323168766376823	0.053971131170688	0.0045069151705509	-0.0458844027580056	-0.0606556309860763	0.003679105570319	0.0021053784164588	-0.0006840043808131	-0.0001510315292025	2.281052281324561e-08	4.678619929715124e-07	0.0001599807078926	-0.0001385661020032	1.920056462438893e-08	2.5593826897817408e-08	5.655467065988597e-05	0.0002344749113749	5.4978484064307535e-08	3.1984307734481673e-09	0.0	0.0	0.0
889.8812452779567	5.629766761956148	791888.630697447	31.694273794026213	1476.3640923538003	-1.2157943280374184	2179650.9331916603	1.4781558480879575	863.9834829587547	1.4276673128612174	746467.4588255408	2.038233956212369	973.0587981288738	746.8288452971119	1.069303	24.879543	0.1718384989020902	0.1003039990758409	-0.0569196816	-0.1052181413	-0.0579433158	0.096634428	-0.0309386545	-0.1477138001	0.0214399026	0.021163667	0.0137418741	-0.0503373031	-0.1709245685	0.1137675578	-0.0370058435	0.0202804687	-0.101813648	0.0749988316	-0.0696424191	0.0247407917	0.1025144889	0.0879078126	0.0422449909	0.0481468273	0.0368954742	-0.1144510176	-0.1616895066	-0.0693114715	0.0448822623	-0.0858511184	-0.0318607979	0.0808789205	0.0992842804	0.1408432358	0.0423464957	0.026896301	-0.0381232534	-0.1068094298	-0.1261920586	0.0290386447	-0.0806196345	-0.0048526066	0.0598170028	0.0112827412	0.0718132501	-0.0419887247	-0.1268904439	-0.051770588	0.0601972934	-0.0850969193	-0.0359926623	-0.0834320912	-0.1065334035	-0.0733441965	-0.099943543	-0.0095902976	-0.0876835072	-0.1164512958	0.1510564715	-0.128513756	0.0428825017	0.0679923537	0.0018926749	-0.0468457165	0.067576646	0.0438741201	-0.1097461122	-0.1605343933	-0.1188310259	-0.1042715299	-0.1347038595	0.0336512943	0.0244679016	-0.0058303524	-0.105800371	0.0275715684	-0.0200044438	-0.0224494001	-0.0136402242	0.0804821184	0.01682237	-0.0468182971	-0.0727086363	0.1224711356	0.0663870346	-0.092475251	-0.0949442346	-0.0316727654	-0.0072679599	0.0515896649	0.0478745484	0.0921050362	-0.0380061884	-0.07929151	-0.0678365725	-0.1817973784	0.0332827643	0.0864908004	-0.0638583804	0.0066493464	-0.1616647566	0.0531901061	-0.0459429392	0.002664275	0.0514498755	0.0189767515	0.1294795318	0.0019654113	-0.101649677	0.1387641757	-0.1402253345	-0.0764622412	0.1125697274	-0.1186603564	0.1654610816	-0.0712139767	-0.0763549823	0.1142514127	0.0731227308	0.0151740128	-0.0462651033	0.0083480049238602	0.0050788042827463	2.579425294244216e-05	6.968918620879413e-05	-0.0007039717155805	-0.0678375338924154	0.0046019310046046	4.955761763373523e-07	-0.1164826861016834	-0.0705982833436777	0.0049841176110742	0.0135682161614633	-0.0004640347515005	0.0002199696293126	4.8386637819922654e-08	2.153282506001308e-07	0.0003749561415622	0.0002149754336696	4.62144370814326e-08	1.4059210809521258e-07	0.0001880871553427	0.0001315324846828	1.7300794526834705e-08	3.537677800490896e-08	0.0	0.0	0.0
883.5622361871814	-6.319009090775353	780682.2252160925	39.92987588930155	1479.7940673828125	3.429975029012212	2189790.481861368	11.764728699647325	861.1221849925839	-2.8612979661708096	741531.417486402	8.187026051213211	969.929813251313	725.8549118923437	1.224464	28.489677	0.2800118361157814	0.1648714586577066	0.0847939355	0.148051877	-0.0718849439	-0.1338462463	0.0461709821	0.1198062779	0.0226312533	-0.0950019239	-0.0083130855	0.1107246245	-0.0248604064	-0.0877626734	-0.0799606549	0.1112962384	-0.0209867103	-0.0350861424	-0.0574066208	0.0832329692	-0.1574422279	0.0747849427	0.0253472545	0.1374294145	0.0015003201	0.1094739419	0.0077806153	0.0252220143	-0.1905446031	0.095205915	0.089237078	0.060715218	0.0360961341	-0.1301600609	0.0224160178	-0.0511317057	-0.0159740829	0.0077735867	-0.0361748645	-0.1082840886	0.0224186736	0.1245103522	0.0639939725	-0.0153433093	-0.1535292427	-0.1481187605	0.0819527578	0.076232435	0.1505545456	0.0552716046	-0.0480253673	-0.1500036725	0.14968187	-0.1338521111	0.0290196437	-0.1232523178	0.0456460954	-0.0451882625	-0.1105787518	0.110219916	0.1354432338	0.035739438	0.0802634445	0.0209055131	-0.1433887873	0.0172607006	0.0075884982	-0.0341266724	-0.046622899	-0.0373344318	0.0575303579	0.0132275069	-0.1042070299	-0.0042879737	-0.0213761461	-0.0062491028	0.0019496874	0.2951273571	-0.1792241983	-0.0201967777	0.0944875936	0.0501759976	0.117292234	0.0752847293	-0.0507908037	0.037325721	0.0247804128	-0.1967715982	0.0757931016	0.0388086109	-0.1745997365	-0.1337209048	-0.1549168963	0.1405836895	-0.0078407763	-0.0123988381	-0.0488858187	0.0668641018	-0.0701001136	-0.053411301	-0.1156965836	-0.1157453863	0.0298084187	0.170043837	-0.0540518223	0.0017187188	-0.1817802977	0.0737949268	-0.0004750435	0.0233123061	0.0201055397	0.0148686976	0.1311284558	0.0659221855	0.0199599237	0.0183437621	0.0501582305	0.1126387502	0.0674542747	0.0050684204	-0.0586099215	-0.001524519344187	-0.0098725242680472	9.74667354231809e-05	2.324159230800361e-06	-0.0900299474793939	-0.0893259757638134	0.0079791299461573	0.0081053914431424	0.0205768805220785	0.1370595666237619	0.0187853248030934	0.0004234080120198	1.599686406234845e-05	0.0004800316155628	2.3043035193987838e-07	2.558996598292553e-10	0.000112000418089	-0.0002629557234732	6.914571250731404e-08	1.2544093652110798e-08	5.599910517556977e-05	-0.0001320880501671	1.7447252996954313e-08	3.135899780464525e-09	0.0	0.0	0.0
882.8910774703653	-0.6711587168160804	779496.6546767825	0.4504540231582076	1474.0423553223952	-5.751712060417276	2172800.8652843945	33.08219162594955	861.1601701216264	0.0379851290424539	741596.8386039084	0.0014428700283718	968.7099796619858	707.1949510537614	0.926594	21.559116	0.1233722242546961	0.0902722926497888	0.1472658319	0.0105411386	-0.0037115594	-0.1648925097	-0.0279146032	0.0233057238	0.110418282	0.0126538932	-0.075164245	0.1104915196	0.0011325822	-0.0411156604	-0.0710468299	0.1124622068	0.0802429369	-0.0243772123	-0.1426407235	-0.0612909239	-0.0725428473	-0.0414858375	0.0367767546	-0.0656159972	0.0371939786	0.1467184269	-0.104617965	-0.1032945923	-0.0562955144	-0.0705296871	-0.028506127	-0.095696438	-0.0045111259	-0.1275942327	-0.2628537757	-0.1489057374	-0.0410002639	0.0716662396	0.1826744845	0.1012983132	-0.0054035781	-0.0185138437	0.1939837298	-0.1365735419	0.026446344	0.0193557821	-0.0197790846	-0.0255594407	0.0987665425	-0.1140403806	0.0158484345	-0.0731166962	0.0453288238	0.0985672837	0.1126535452	0.0726338232	-0.1058410696	-0.0273841995	0.0766008315	0.0487536458	-0.0278776919	-0.0833431496	0.0066992928	0.0426412004	-0.2076296398	0.0773389006	0.0079597981	-0.1276864905	-0.048889502	0.079592377	-0.0613478232	-0.035076111	0.0590573187	-0.0574569987	-0.0874072457	0.1924075221	-0.0213265392	-0.1058010344	-0.0469807787	0.0074737081	-0.0486265971	0.0192732408	0.0239640859	0.2046090981	0.0419629769	-0.0594498476	-0.0778219322	-0.0055414229	-0.0696489785	-0.1087001358	-0.0783065776	-0.2870494682	0.0278078942	0.0357962733	0.1017492267	-0.0721457437	-0.1321055183	0.0533466141	-0.0880829272	-0.1086005124	0.0244581696	-0.0435283471	0.0349630878	0.2042569816	0.0616153188	0.1297042145	-0.0208469108	0.0681299332	-0.0224856643	0.1374280405	0.0872958853	-0.0553395705	0.0458237607	-0.0332929251	-0.0452717342	0.0401745879	0.0904556329	0.1109488906	0.0616009311	-0.0050684204	-0.0703125971	-0.0098498134598088	-0.0083252941156217	6.931052211160696e-05	9.70188251930306e-05	-0.0012827998191085	0.0887471476602854	0.0078760562178365	1.6455753759048005e-06	0.0070772233908655	-0.013499657131213	0.0001822407426603	5.008709092421377e-05	5.199966519995951e-05	3.6002801137611056e-05	1.2962016897543681e-09	2.70396518090788e-09	-2.400076918984695e-05	-0.0001360011872788	1.8496322941256005e-08	5.760369217043064e-10	-2.799941335949204e-05	-8.39985185350618e-05	7.055751116085121e-09	7.839671484757012e-10	0.0	0.0	0.0
882.0282938288896	-0.8627836414757439	777973.9111147019	0.7443956119981451	1476.5081461696473	2.4657908472520376	2180076.3057053285	6.0801245023919215	860.3463120654833	-0.8138580561430899	740195.7766846779	0.6623649355490089	970.4028126747434	713.7907043770434	0.937179	21.805405	0.220718236916776	0.1083742378067076	0.144627891	0.0118534104	0.0675489178	-0.0635938951	-0.2319676796	-0.0748958481	0.0117184838	0.0411901188	0.2053487162	0.0993925784	-0.0396402576	0.0762412554	0.0698742038	0.0546798341	-0.0534882051	-0.1677174196	-0.2058723812	0.2124317495	-0.0346187296	-0.0753943254	0.2113700107	-0.0457727044	-0.1314021954	-0.0102696216	-0.1489893179	-0.0041886901	-0.0432528868	-0.0972723523	-0.1530148181	0.130541943	-0.1016873654	0.0205957016	-0.0023763029	0.0455838674	0.1316407019	0.08347563	0.1139274141	-0.160663261	0.0885217754	0.0063803314	-0.0895443572	0.0653523161	-0.0858763934	0.0107396377	0.1270093821	0.0407410299	-0.0038673967	-0.0622406257	-0.0275652042	0.053688731	0.1041052414	-0.1605426647	0.0534495003	0.0364046123	-0.15895497	0.0879940922	0.0231203748	-0.0727246174	0.0167944467	-0.1241539507	0.1726801461	0.1353268431	0.0878364927	0.0206884304	-0.1011291619	-0.1245645801	0.1331479708	0.1471499517	-0.1482578489	0.1961833043	-0.0061320103	-0.0851787499	-0.0860217241	0.0393665163	0.0291436327	0.1051321554	-0.0886178151	0.0264505935	0.1102149907	-0.018471876	-0.097514939	0.0717831368	-0.2328665802	0.1373750212	0.0717214911	0.0399915882	-0.1691158325	-0.0332199016	0.0201699019	-0.013356046	-0.0106952457	-0.0585153885	0.0999682115	-0.170087024	-0.1225960236	0.0193898056	-0.1488959445	0.1124232832	-0.0301678497	-0.1665839828	0.0028155964	0.0967988246	0.1661224127	-0.1878128964	0.0554734225	-0.0940102562	-0.0767215393	0.0696987927	0.0589194832	-0.0107049308	-0.0083724032	-0.0849222896	0.0955611785	-0.0107274186	0.0512242339	0.1091829923	0.0555787436	-0.0151740128	-0.0812449131	0.0102887532333113	0.0201385666931201	0.0004055618684532	0.0001058584430959	0.0720417267159518	0.0733245265350603	0.0053764861915907	0.0051900103882158	-0.0619506915287502	-0.0690279149196157	0.0047648530381497	0.0038378881808903	-0.0003720584787988	-0.0004240581439987	1.798253094916727e-07	1.384275116460771e-07	0.0003069289808308	0.0003309297500206	1.0951449944872787e-07	9.420539927383358e-08	0.0003815572680007	0.0004095566813601	1.677366752467739e-07	1.4558594876415801e-07	0.0	0.0	0.0
883.2795116649377	1.251217836048113	780182.6957270508	1.5655460732449225	1477.0218526096496	0.5137064400023519	2181593.553086441	0.2638943064998899	861.487982770866	1.141670705382694	742161.544458616	1.303411999529018	971.6464733250532	698.7866928531514	0.953396	22.182709	0.12460765162268	0.0691183582928537	0.184864813	-0.1010839893	0.0179249463	0.0749046537	-0.1452386055	-0.0988205401	-0.0073453912	0.0959248237	0.2100393445	0.0745435412	-0.0399615781	0.0713305336	-0.048258888	0.0173210645	-0.1956567932	-0.0239415305	-0.1672942004	-0.1038312747	0.0560159614	-0.0880299456	0.1261423594	0.1354015028	-0.0806678485	-0.1064239887	-0.1276238201	0.0300901082	0.1495892619	-0.0294287679	0.1446486812	-0.0779401439	0.1239821606	0.0101377614	0.0459119467	-0.1898758052	0.002153679	0.0774093987	-0.0096286791	-0.0820824608	-0.0743016984	-0.028143581	0.0486157678	-0.0220662736	-0.0661392498	0.0856817026	-0.1033709783	0.015234782	0.0708503332	0.0449827898	0.1136047723	0.0765721342	-0.0707303781	0.0874024687	-0.0356461521	0.1231638508	-0.1193684548	-0.0029110987	0.0585284481	-0.1411755902	-0.0198590069	-0.0181312615	0.2158883518	0.0128092604	0.14234831	-0.0892620015	0.01197055	-0.1397174157	-0.101891526	-0.1277415437	-0.012581462	0.0108486599	0.0639460466	-0.0165948942	0.0199127461	0.0438454918	-0.0346200182	0.0409732435	0.0774973076	0.0268205792	-0.0788620867	0.1402271681	-0.0155201859	0.2144119343	0.0511743975	0.0510496251	-0.1243770341	-0.0147715716	0.0144862641	-0.1147477992	0.076055384	-0.0290733087	0.0545121213	-0.1041169744	-0.009248262	-0.2803330852	-0.1144684367	0.1307361371	-0.1330663273	-0.0209547662	0.0020833523	0.066175981	0.0706033325	-0.1152617153	0.044807764	-0.1558862998	0.0554117435	0.1076998508	0.0390960584	0.0834304082	-0.1536339529	0.0050683735	0.0046873159	0.0549667174	-0.07165728	-0.0527765613	-0.1656022564	0.1073422654	0.0494042187	-0.0251860523	-0.0912870929	0.0015648209160161	-0.0087239323172952	7.610699507674761e-05	2.4486644992014664e-06	0.0092797707538068	-0.062761955962145	0.0039390631161942	8.611414524320801e-05	-0.079905124691912	-0.0179544331631617	0.0003223616702104	0.00638482895203	3.593141685996105e-05	0.0004079898956587	1.6645575495964674e-07	1.2910667175642931e-09	0.0002290105953652	-7.791838546559999e-05	6.071274793565823e-09	5.2445852789523365e-08	0.0005989955904779	0.0002174383224772	4.7279424081698835e-08	3.587957174119681e-07	0.0	0.0	0.0
884.4620180390335	1.1825063740958512	782273.0613536796	1.3983213247773172	1480.5221691182185	3.500316508568858	2191945.8932505148	12.25221566015968	861.750471946214	0.2624891753480369	742613.8758995226	0.0689005671748924	971.1800366047028	713.4121666003559	1.012716	23.562925	0.2000399120061036	0.1122594513527423	0.1524784104	0.0507460303	-0.0213978385	-0.075500318	-0.038106379	0.0655030421	-0.0003120934	-0.0121976971	0.0193251299	0.1515990748	0.1366640639	-0.0425638728	-0.1264747555	0.0821074334	-0.1131877048	0.2036481135	-0.0017554057	0.0533664677	-0.0396134172	0.0339995027	0.0104459962	-0.0781282722	-0.1365261474	0.0517162328	0.0614195153	0.1127059085	0.0002283697	0.063036444	-0.0256743313	-0.0867690155	-0.0148032245	0.0764673182	0.1506756624	-0.0975906185	-0.0257416211	0.0220536151	0.1697161469	-0.0266868781	0.1870632066	0.1433738016	0.0764095146	0.1359017837	0.0128667078	-0.1341206125	-0.0143216083	-0.0370514661	0.0676545918	-0.0976588415	0.1266592873	-0.0033483674	-0.0694363692	0.0434255614	0.0489733046	0.2049919283	-0.0621741776	-0.0409462245	-0.0487195824	0.0299479078	0.0725613964	-0.0074441205	-0.0111577812	0.145090808	0.0413571243	-0.141303969	0.1034762115	0.0225315333	-0.0527236047	0.0163911546	0.1262468946	0.2129548248	0.0544192104	0.0418966177	0.008775264	-0.0494005527	-0.062249766	0.048050479	0.0399949457	0.1141603226	-0.0201116479	0.1981710855	-0.0048385221	0.0817160437	-0.0588247823	-0.0410111972	-0.0086712852	0.0538556044	-0.0603756802	0.2075861779	-0.0274571272	-0.2409670133	-0.1009769575	0.0595042333	-0.0358914859	-0.2156366208	-0.1882350184	0.04530577	-0.1770154746	-0.031681132	-0.0765287528	-0.0640498026	0.0156622559	-0.0487041237	0.0010310057	-0.0178691278	-0.0563427541	0.0990117775	-0.0161341279	-0.0006424268	0.0903704234	-0.05905949	0.0824865203	0.0086865446	-0.0135427811	0.0416000142	0.0472370613	0.1054279714	0.0430942802	-0.0350428114	-0.1003291122	-0.0097692116266756	-0.0113340325426917	0.0001284602936787	9.543749580677372e-05	-0.0875024013666347	-0.0967821721204415	0.0093667888403507	0.0076566702449276	-0.036937252165714	0.0429678725261979	0.0018462380694276	0.0013643605975535	0.0003939914045835	0.0003580599877235	1.282069548085809e-07	1.552292268856792e-07	0.0003070112326035	7.80006372383e-05	6.084099409580872e-09	9.425589694472037e-08	5.593951910429104e-05	-0.0005430560713736	2.9490989665573826e-07	3.1292297976193422e-09	0.0	0.0	0.0
883.8153487315657	-0.646669307467846	781129.5706534991	0.4181811932209435	1477.8086297316008	-2.71353938661764	2183918.346109192	7.363296002725238	862.017873518893	0.2674015726789776	743074.8142660342	0.0715036010711905	968.5816088100428	696.529459423217	0.973581	22.652355	0.1859254103925986	0.0962040123180262	0.1948929029	0.0064373699	0.0505012321	0.042576915	0.130587682	0.1185115577	0.1082338066	0.1178551542	-0.0665505398	0.0022779003	0.1340831132	-0.0682444458	0.0445206207	0.0061307304	-0.0704133091	0.046009917	0.0433978157	-0.135379454	-0.0811212601	-0.0932580664	-0.1485699245	-0.119775788	-0.0184060284	0.0882829085	0.1867150548	-0.1152950185	-0.0887157014	-0.0552679247	0.010459938	-0.08223169	-0.0374829621	0.2531520811	0.0212987893	0.0415140525	-0.0244098368	-0.0605206605	0.0377671067	-0.0563608615	-0.0897217873	-0.0081254989	-0.0385245148	-0.0359270999	-0.0039725465	-0.0647687744	0.0438069286	-0.0245113093	-0.0414997662	-0.0766698301	-0.0134025593	-0.0684800988	0.0417543485	-0.0231707163	-0.0237714163	0.0218462436	-0.0267247824	-0.0762242341	-0.049078711	0.1323915423	-0.1212221118	0.0005970174	-0.0237251929	0.0495973856	-0.0159708308	-0.0028927643	0.2021113301	0.0673345302	0.0473673969	-0.0587935175	0.0308056842	-0.1137502536	-0.0743283792	-0.0819325624	-0.0754045742	-0.0215644642	-0.0405766738	-0.0287642383	0.0442806737	0.1263397912	0.0435308833	-0.1387381947	0.0476094618	0.1279091899	0.0886091226	0.107013709	-0.0203506665	0.0727103699	-0.1296860387	0.0417729333	-0.0467122773	0.0220915287	-0.0390957258	0.0827922175	0.1081153569	-0.1391298142	-0.0929174681	0.0579625499	-0.0997370117	0.0015317967	-3.71787e-05	0.0584886187	0.0628910309	0.0704468672	-0.1252670518	0.0546905026	-0.0361488116	0.0107025816	0.0204083749	0.0077540049	0.1704911591	0.1537187898	0.0127859066	-0.0336790505	0.1259665487	-0.0946650482	0.0524139072	0.1034414224	0.0366662233	-0.0446835199	-0.1082719048	-0.0120523448669729	-0.0022831332402972	5.212697392950445e-06	0.0001452590167924	-0.0290975804586679	0.0584048209079668	0.0034111231052916	0.0008466691885486	0.029628352090036	0.06656560425575	0.0044309796699331	0.0008778392475711	0.0005664502378927	0.0001724588333092	2.974204918637044e-08	3.208658720086965e-07	-0.000271104116581	-0.0005781153491845	3.342173569627164e-07	7.349744202716444e-08	-0.0003669233381737	-0.0004228628572779	1.7881299606530662e-07	1.346327360965314e-07	0.0	0.0	0.0
891.6359528633661	7.820604131800451	795014.6724385628	61.161848986334284	1476.2198349120447	-1.588794819556142	2179225.0009877444	2.524268978648434	865.2896490784648	3.271775559571779	748726.1768023327	10.704515312211228	971.1294959949048	734.6377252718297	1.20461	28.027723	0.3684487229703719	0.200480930667654	0.0016138055	-0.1688197823	-0.0349578154	0.1708790657	0.0839942894	-0.0771270751	0.0538940328	0.0945231263	-0.1680854843	-0.1115413441	-0.0151880191	0.0658285985	0.0710209326	-0.0246379353	-0.0951519474	0.1177455637	0.050692272	0.0588549405	0.1378467534	-0.0413193272	-0.1461497229	-0.0505381743	0.0616466399	-0.2492866175	0.0463740166	-0.0362737018	-0.1445942428	0.0061805423	-0.0415283116	0.0168716299	0.176416456	-0.0382482509	0.1318809238	-0.119476612	-0.1073102406	0.0632241248	-0.1024649731	0.1491275904	0.1064510459	0.1251188284	0.0811706416	-0.1193489981	0.104710137	0.0739928261	0.0631639691	-0.0965242612	0.0246340717	0.03406066	-0.1138105973	0.0569769061	-0.0413964613	0.048698297	-0.1032278592	-0.0601053102	0.007532831	0.0931211308	0.0304300595	-0.0177408227	-0.1659467784	0.0299815387	-0.2154477566	-0.1189903605	0.1818012385	0.1276148007	0.0200548832	-0.0481800683	-0.1132170284	-0.1079904917	0.1229727419	0.0732222996	-0.0877250372	0.0521556189	0.0479218219	-0.0111714936	0.070372827	-0.01044444	0.0100181175	-0.0882120034	0.1809955704	0.1435658043	-0.0084158776	-0.0246129112	0.1094274908	-0.1504732229	-0.0869739128	0.0019428908	-0.1103392262	-0.0912902909	-0.0568856184	0.1034172875	-0.0270708743	-0.124957524	0.0832271018	-0.1306123445	0.039584873	-0.0756146663	-0.1315548104	0.0163983434	-0.0508534853	0.1901724673	-0.0992528843	-0.0997718719	0.0382195984	0.0792414922	-0.0236518018	0.041986914	-0.0306716897	-0.0397383674	-0.090923054	0.0342258472	0.2125391013	0.0144430237	-0.009663945	-0.0289416964	-0.0289897443	0.1013839798	0.0301376669	-0.0540487397	-0.1150284477	-0.0095376221902228	0.00251472267675	6.323830140961183e-06	9.096623704343036e-05	0.1015810545662105	0.1306786350248784	0.0170769056519653	0.0103187106467834	-0.10984947297257	-0.139477825062606	0.0194540636841949	0.0120669067123513	4.6930105145451305e-05	-0.0005195201327472	2.6990116832971896e-07	2.202434768963115e-09	0.0003170106048155	0.0005881147213965	3.458789255232828e-07	1.004957235654891e-07	0.0004409926118053	0.000807915949979	6.5272818223047e-07	1.9447448366686007e-07	0.0	0.0	0.0
893.5316460260628	1.895693162696716	798398.8024500452	3.5936525670950785	1482.3800573374294	6.160222425384745	2197450.6343917204	37.94834033021312	865.533791712459	0.2441426339942154	749148.7445961464	0.0596056257336334	975.800172940351	783.9570782897714	1.312727	30.543299	0.1535331115990472	0.083722841105609	-0.2300002005	-0.0145793171	-0.0039652081	-0.0209008907	-0.1186334521	-0.1660017611	-0.1592092117	-0.1427328394	-0.1096592097	-0.1136053795	-0.182751384	0.0692978191	0.0567009739	0.0143822956	-0.1459502606	-0.0277230858	0.0329571231	-0.0053233573	0.1721888524	0.1499218754	0.1283191094	0.1016033966	-0.0791213014	0.0298773395	-0.0161581624	0.0253105189	-0.0662417909	-0.0534702596	-0.1799556202	-0.012023707	0.0230428784	0.09751646	-0.0520731996	-0.0901881531	0.1349737192	-0.0747793268	-0.1248685634	0.2254306875	0.0379473178	-0.0845318095	-0.0502784494	-0.0165439744	-0.1033943427	0.1241983272	-0.0284487857	0.0993484557	0.1391894847	0.1408322218	0.0101566756	-0.0481704376	-0.1065935632	-0.0745403044	-0.0400966547	-0.0771380495	-0.0039659009	0.2286604989	-0.0368263192	-0.2017415725	0.1563821625	0.0800672353	0.0030475784	-0.0849681071	0.0574870148	0.1718729082	-0.0368767297	-0.0695139803	0.0421368455	0.0428876594	-0.0001005909	0.0491195487	0.0788253905	-0.2639501047	0.214084332	0.019085702	-0.2343994672	-0.0200609624	0.0515629525	0.0775119898	0.1576456047	0.044034011	0.1398291749	-0.2208270542	-0.0830820103	0.0224019486	-0.0625141782	0.0015696522	0.0128234197	-0.0190697626	0.0926954168	0.006910858	0.0830205754	-0.1464660516	-0.1908637943	-0.0610552741	0.1790252094	-0.0362601032	-0.2013916403	-0.0534798231	-0.0125993663	-0.0343143828	0.0943804169	0.0228101551	-0.0274745519	-0.1978596408	-0.0071429043	0.1126542341	0.0210410126	0.0816376592	0.0901954538	-0.0344673361	-0.3332401719	0.2546863956	-0.0350971939	-0.0911903866	-0.0273239852	0.0992570537	0.0235265052	-0.063080731	-0.1205247148	-0.0096738622018364	-0.0001362400116135	1.8561340764473863e-08	9.3583609900119e-05	0.0409704349853115	-0.060610619580899	0.0036736472059804	0.0016785765428856	-0.1593845116532222	-0.0495350386806522	0.0024537200570937	0.0254034225549361	0.0003020445073342	0.0002551144021887	6.508335820412262e-08	9.12308844107596e-08	-0.0002349420987701	-0.0005519527035856	3.046517869954532e-07	5.5197789774499436e-08	0.000383035451062	-5.7957160743300046e-05	3.3590324814247198e-09	1.467161567702698e-07	0.0	0.0	0.0
882.3814175263848	-11.150228499678065	778596.9659958722	124.32759559503296	1478.3417767188278	-4.038280618601675	2185494.4087921805	16.307710354573928	860.0111789045662	-5.522612807892756	739619.2278408218	30.49925222590111	969.2979408163452	715.8894906882604	1.529218	35.580406	0.3782620316716966	0.2195568450344916	0.1310822226	0.0723793279	0.0516314804	-0.0977042041	-0.0073828319	0.0682189235	-0.0148707472	-0.0300153843	-0.0600913027	0.2648919627	0.0543491274	-0.0863094939	-0.0784370981	0.0421014155	-0.2640470617	0.0102489716	0.0421654647	-0.0607430116	-0.151896129	-0.0099472107	0.1354888156	-0.0678118345	-0.2563354698	0.0688756552	0.0608790793	-0.0045067888	0.0311357352	-0.0471427574	-0.0369353438	-0.0652619565	0.300363439	-0.005087884	0.0971568371	0.0630005574	0.0041539339	0.0252607498	0.0713600323	-0.0675299441	0.1459975798	-0.1094697101	0.050314346	-0.1178068141	0.077622517	-0.1576020422	-0.0027268942	0.170367282	0.1049808401	0.0618422113	-0.0653980253	0.0529081432	-0.1756910254	-0.0434210029	-0.1180037911	0.0839679343	0.0378062479	-0.0122108369	0.0360121838	0.0722039992	0.0965070108	-0.138924895	0.0891677995	0.2230188455	-0.0268915431	-0.0400054681	0.2224400186	-0.1286195012	-0.1157723103	-0.2002671987	0.0762125222	0.1308653577	0.0168342904	-0.0613591161	0.2044018354	0.0222754169	0.0398016353	-0.0541382268	0.0622578449	0.1651977294	0.1605627075	-0.0418474883	0.0598350188	-0.0708853088	-0.0953906231	0.1076534768	-0.0207764091	-0.1691305186	0.0690174369	-0.0134960849	0.0674863701	0.0572087729	-0.049091727	0.0734626328	-0.1172682624	-0.1141634435	-0.1502906553	-0.0118099085	-0.1177227358	-0.1219049749	0.0633466029	0.1090449603	-0.0947262757	0.0392829896	-0.0178293747	-0.1918543903	0.0035096775	0.093493501	0.0221535246	-0.2713998603	0.0984007894	0.0585548996	-0.1356281036	-0.1687966164	-0.1376799644	-0.0565845994	-0.0768031948	0.0970621018	0.016850859	-0.0717238087	-0.124700488	-0.0321406295846031	-0.0224667673827667	0.0005047556366313	0.0010330200700946	-0.1309936397339441	-0.1719640747192556	0.0295716429940497	0.0171593336507463	-0.0282969752016697	0.1310875364515525	0.0171839422129371	0.0008007188055639	0.0006769964423596	0.0003749519350254	1.4058895357929182e-07	4.583241829675553e-07	-5.203855137736469e-05	0.0001829035473927	3.3453707648846586e-08	2.7080108294546243e-09	-0.0001139821288823	-0.0004970175799442	2.4702647477368855e-07	1.2991925704541249e-08	1.0	0.0	0.0
895.8665451050729	13.485127578688092	802576.8666384995	181.8486658134942	1475.9894656882043	-2.3523110306234685	2178544.902822551	5.533367184792844	865.6362386721429	5.6250597675766585	749326.0977024551	31.641297388809573	969.9832131789932	732.6492648730688	1.510089	35.135334	0.2227450282319558	0.1652186148443181	-0.0238969883	-0.1298130781	0.2554716677	0.0971817132	0.3107660183	0.024239571	0.1395513949	0.1151504655	-0.0320815402	-0.251904691	0.2635220713	-0.1297426551	-0.1041385758	-0.1375952259	-0.0971481028	-0.070474049	0.2633875483	0.0102314639	0.072534721	0.0295175807	-0.3939329683	-0.1033588198	-0.127548466	-0.0184036822	0.0137594792	0.0725393222	0.1270922465	0.0194828092	-0.1281743894	0.0445862724	-0.0815898051	-0.0599605923	-0.1262507138	-0.0121926665	-0.1472146301	-0.0071828558	-0.0401849886	-0.1146757918	0.1352299473	-0.0093270854	0.2723165691	-0.0258482657	-0.0260460739	-0.1714746711	0.0270126757	0.0530096204	-0.124580321	0.1362777931	-0.0658302622	-0.1626319061	-0.0439757758	0.017754115	0.009134158	0.0441598812	-0.0922776171	0.0343290574	0.0317593209	0.0778628975	-0.2173572643	0.2578177298	-0.1683122172	0.15392574	0.1070492547	-0.0604714886	0.0538090409	0.0220825422	0.0989839443	0.0454547156	0.0398770776	-0.0781224223	0.0280172653	0.0015031478	0.3180503062	-0.1033300194	0.0908077518	-0.0336145693	-0.243189063	0.0543503671	0.062947284	-0.0980324124	0.1312807277	0.207474964	-0.1316152731	-0.0265207715	-0.073882425	0.0937748257	0.144877585	-0.1002947526	-0.0898977279	-0.0480562482	-0.1288767402	-0.0056824931	0.0476395343	-0.0522938495	0.0563041539	0.0050945649	-0.0452002102	0.1279022839	0.1644315979	0.1021928977	-0.2583021509	0.0595615418	0.1054882647	0.119202054	0.0088621438	-0.1397619924	0.1002659023	-0.0545672661	0.2934344171	0.0644148492	0.0744847474	0.1395913459	0.1438251628	0.0663524996	0.0668179985	0.0948006283	0.0101290257	-0.0799246852	-0.1275100165	-0.0267290806527853	0.0054115489318177	2.928486184145836e-05	0.0007144437525431	0.0296356227163698	0.1606292624503139	0.0258017599553318	0.000878270133787	-0.067702028892107	-0.0394050536904373	0.0015527582563462	0.0045835647161076	0.0004709882994411	-0.0002060081429185	4.2439354948729146e-08	2.218299782104193e-07	-0.0001620339048	-0.0001099953534226	1.2098977774570449e-08	2.6254986304735463e-08	-0.0001439618957289	-2.997976684660001e-05	8.987864201764968e-10	2.0725027421858675e-08	0.0	1.0	0.0
894.6757668445466	-1.1907782605262582	800444.7277788775	1.4179528657419411	1487.102326572732	11.112860884527665	2211473.329698032	123.49567703886495	865.1759363491334	-0.4603023230095004	748529.4008375998	0.2118782285679425	975.8957182962783	807.3964569424787	1.58906	36.972759	0.1735386302742063	0.1022346048180581	-0.3132627703	0.0611788536	-0.1000769434	0.1395138195	-0.1585897907	-0.1487238415	-0.2069999382	-0.1709184436	-0.1212042396	-0.0774362664	-0.0577863047	0.0971399827	0.2056375614	-0.0064178049	-0.0212055556	-0.1556558531	0.0190664064	-0.1555366914	0.1594350215	0.0906421431	0.1024316757	0.0259487957	0.1460803221	-0.1144559748	-0.0849615568	0.0421838313	0.0027423906	0.067937086	-0.1228841666	-0.0102316729	-0.078357953	0.0779000168	-0.0892088612	-0.0589788642	0.0615475367	0.0073420359	-0.0092906641	0.1443832267	0.0296932943	-0.1684327982	0.0825301593	0.029027496	-0.05029179	0.058776766	-0.1771417054	0.0597364476	0.0198099938	-0.0199464416	0.0512386998	-0.1733289516	0.0137399784	0.0212307307	0.0666556271	-0.0230951341	0.0204621117	0.135603037	-0.1665399023	-0.1720868211	0.1292028914	-0.0362350746	-0.0580712474	-0.1699388731	0.0402288121	0.1843242262	-0.103559206	-0.0247097686	0.0008505184	0.0244025231	-0.0431330136	-0.0845776841	0.150507714	-0.061525546	0.062767932	-0.0417559585	-0.0766910252	-0.0144001011	0.1203137236	0.1044263233	-0.0449620503	0.0485597276	0.1050290713	-0.036247063	-0.0168426871	-0.1188454339	0.0953890172	0.2186115983	0.3062521135	-0.0364927828	-0.1188947814	-0.026619011	0.1119907312	-0.1446264817	-0.1039387565	0.106679108	0.2835515971	-0.1990101802	-0.0941002653	0.0954687383	0.0114015988	0.1054705991	0.1535170126	0.0581985816	0.0141039895	-0.2713932916	0.0445429353	0.0774170363	0.1764990885	0.0680000341	-0.0307860374	0.0654409278	0.0217201264	-0.1017573134	0.0582807097	0.0605882658	0.1489034266	0.0924741833	0.0033794295	-0.0876327994	-0.1289225186	-0.0320762747430336	-0.0053471940902483	2.859248463878636e-05	0.0010288874013905	0.116144025031744	0.0865084023153742	0.0074837036711586	0.0134894345505743	-0.1166573705148508	-0.0489553416227438	0.0023966254733995	0.0136089420954391	0.0006105244160063	0.0001395361165652	1.947032782609709e-08	3.727400625398337e-07	-0.000413963205351	-0.000251929300551	6.346837247611609e-08	1.7136553538447417e-07	0.0001191265320717	0.0002630884278006	6.921552084259151e-08	1.4191130643429768e-08	0.0	0.0	1.0
888.5065495479233	-6.169217296623287	789443.8885895563	38.059242052955945	1478.7090112094222	-8.393315363309739	2186580.339831948	70.4477427879713	862.789662543509	-2.386273805624341	744406.0017919423	5.694302675408878	971.5430235760724	748.832110580033	1.374247	31.974693	0.3079691285483903	0.2110462106424426	-0.0069985533	0.0449316615	-0.0712335136	0.0072907453	0.042048824	0.0244572352	-0.0252067807	-0.0504138108	0.1084270136	0.0180236653	0.0871911088	0.0625109477	-0.0117304674	0.0903249748	-0.1253592947	0.0932918055	0.0980108821	0.1419542945	-0.0195851197	0.0089970843	0.0051169562	-0.007932128	-0.1342765841	-0.0932983977	0.0698399975	0.0807557969	0.1514733533	-0.1929610357	0.0817662215	0.0233839138	-0.0801233247	-0.2496530673	0.0233266577	-0.0307080204	0.0725445064	-0.1524392899	-0.1124848345	0.2454892915	-0.0921589925	0.0301870056	-0.1200312024	-0.0319242625	0.0221236715	0.0133938998	-0.0549957434	-0.2428021251	-0.2234426759	0.0506079416	0.0602756616	-0.0836648532	-0.042109276	-0.0584911182	-0.0083583879	-0.0987997951	0.0755166325	-0.0940961481	-0.0290315758	-0.0021159765	0.0434634438	-0.0055974248	0.0429354029	0.0868987062	0.1012182499	-0.1227488947	-0.0409467505	0.1452382755	-0.0132660748	-0.1526420362	-0.2243161571	0.0852835348	-0.0445666769	0.069776733	0.1358528068	0.2618468257	-0.0400866797	0.0936522399	0.09830738	-0.1069858683	-0.0597313654	-0.0177765085	0.0392566737	-0.2474225811	0.1072920792	-0.1781177301	-0.0032986212	0.1859260738	-0.0134403361	0.1458885466	0.0558636439	-0.0983601105	0.1132878689	0.0201745243	-0.2106712709	-0.0314383937	-0.0540549896	-0.0183577885	0.0146837681	0.0576528258	-0.0651826168	0.0399304002	-0.1010253908	-0.0475996296	-0.1522298376	0.1764647029	0.1627246105	0.1409127952	0.1517494839	-0.2472441729	0.0700622071	0.0549324072	-0.0471682256	-0.0542756988	-0.0388247964	0.1951044272	-0.1491128288	0.090084361	-0.0033794295	-0.0948006283	-0.1289225186	-0.0548871656608298	-0.0228108909177962	0.0005203367444635	0.0030126009542793	-0.0886605118518275	-0.2048045368835714	0.0419448983280941	0.007860686361828	-0.0951227615804342	0.0215346089344165	0.0004637393819582	0.0090483397706881	0.001015991762648	0.0004054673466417	1.644037691926605e-07	1.03223926176859e-06	-5.364831783127855e-05	0.0003603148875197	1.298268181683495e-07	2.8781420061258796e-09	-0.000291473070019	-0.0004105996020907	1.6859203323704118e-07	8.495655054630088e-08	0.0	0.0	0.0
888.7917192995037	0.2851697515803835	789950.7202953678	0.0813217872164176	1477.5911205099496	-1.117890699472582	2183275.5194098484	1.249679615967299	862.0972678205436	-0.6923947229654459	743211.6991836461	0.4794104523903966	969.1038770159104	743.0984063399466	1.003907	23.35796	0.1375308660529895	0.0787493949661828	-0.0338694776	0.0282263244	0.1097722577	0.019560042	0.1530685488	0.017465276	0.0214280907	-0.0417342537	0.0319889177	-0.0933205421	0.017226939	0.1667299098	-0.2016610115	-0.0429154897	-0.0080980831	-0.0314867063	0.2171243588	-0.013106602	-0.0488169074	-0.0014198069	-0.0628240417	-0.0891563851	-0.0749667024	0.0199305535	0.0083072379	0.0026591944	0.2075747131	0.1355751676	0.1838947911	0.0136190921	0.1671770675	0.0850557677	-0.1139129985	0.1317485874	-0.0858724292	0.0282617463	-0.0744542756	0.0870277817	0.1559410051	0.0262675136	0.0216568871	0.1322630164	-0.0858809977	0.117126262	0.0051286491	0.0074998109	0.0015860616	-0.0983261263	0.0424472238	0.1493601911	0.0431911118	-0.1346827234	0.0845779104	-0.1823057759	-0.0766078845	0.0470192606	0.0175477346	0.0793101558	-0.05661662	0.0163965105	-0.0579570991	0.0909821874	0.0468561079	-0.1042104948	-0.1230315536	0.0114071115	-0.0681499029	-0.137305372	0.0031649687	-0.2665527961	0.198867896	0.0473453751	-0.0323936816	0.0696912602	0.0012967179	0.0257432568	-0.0352358674	-0.0325790298	0.065261167	-0.0170490263	-0.0557892043	-0.0638145134	-0.1281646521	0.010498106	-0.0559820628	-0.2441670448	0.0282197722	0.3098482861	-0.0769076828	-0.001361994	0.0238471837	0.0611570363	-0.0558863923	0.0267676815	-0.0248220771	-0.0887337214	0.0228309725	0.0400216538	0.0251270753	0.1457378918	-0.188721063	0.0998570288	-0.0338039574	0.0520282645	0.1520776646	-0.0090758964	0.2014379458	0.125474434	-0.0400627379	0.0053952292	-0.0228338628	0.1041889654	0.0747430534	0.0010346456	0.1151548139	0.0876327994	-0.0101290257	-0.1013839798	-0.1275100165	-0.0569619746884484	-0.0020748090276185	4.304832501087636e-06	0.0032446665604074	-0.0270303136581731	0.0616301981936543	0.0037982813293891	0.0007306378564592	-0.0498533088770187	0.0452694527034155	0.0020493233480667	0.0024853524059874	0.0010009124516541	-1.5079310993899994e-05	2.273856200507532e-10	1.0018257358762212e-06	-0.0002808102975297	-0.0002271619796984	5.160256502050603e-08	7.885442319871864e-08	-0.0006203599018927	-0.0003288868318737	1.081665481799194e-07	3.8484640787632033e-07	0.0	0.0	0.0
891.9888357040473	3.1971164045436358	795644.083020662	10.221553304202022	1477.8128427763515	0.2217222664019118	2183930.798274721	0.0491607634184003	863.239274147536	1.142006326992373	745182.0444307647	1.304178450890611	970.9965676614572	755.2545991733537	1.05136	24.462049	0.241215626373146	0.1675565785362796	-0.097850316	-0.1077873881	0.0050990006	0.1904489149	-0.0331927322	-0.0853611463	-0.033152926	0.0232794142	0.0606951621	-0.0375947636	0.031830941	0.09237338	0.0729370832	0.0813526194	0.0391855557	0.0457115685	0.1698718069	0.1138057703	0.1244784285	-0.0497745271	0.000574711	0.0499080495	0.0019240325	-0.0857696285	0.0897409212	-0.0373624899	-0.0005449768	0.1965635107	-0.2022112506	-0.1276517319	0.1767863932	0.00801395	-0.0365524754	0.162430205	0.1783005535	-0.0624721158	-0.1139375748	-0.1213670037	-0.1469729269	0.0710155001	0.0233318813	0.2163138943	0.0358914476	0.0028256747	-0.144025457	0.0101316792	-0.1201663758	-0.1621041064	0.0998507091	0.0449700769	-0.0384140206	-0.0756372338	-0.0112478281	0.1066986192	0.1110803905	-0.0784557626	-0.0341098875	-0.0763573414	-0.0993891888	0.0200727934	-0.0389247676	-0.0557814946	0.131895864	0.0727629758	-0.0871511984	0.1064242079	-0.0141677983	0.0052549268	0.1452284135	0.149806171	0.2361508321	-0.0691230887	-0.0584653355	0.0235848089	0.1558692645	0.1064151728	0.171451463	-0.0367597851	0.0071716775	-0.2952976938	-0.2041414017	0.0092398461	0.0882865787	0.1084174835	-0.0907385433	0.0519740236	0.080451989	0.1485183873	0.050157805	-0.0014019692	-0.1618681072	-0.1455787626	0.0080582462	0.03573693	0.111493416	-0.0950763746	0.0809333799	0.1184309042	-0.0335784068	0.1262492705	0.0452699614	-0.06694169	0.0595447626	0.0715233303	-0.0360868401	0.0944592099	0.1402837931	-0.1246427222	0.0248493367	-0.0275828496	0.0979528721	0.080160671	-0.105210345	0.1433231387	-0.1279734763	0.0851211787	-0.016850859	-0.1073422654	-0.124700488	-0.0549563802686776	0.0020055944197708	4.022408976615775e-06	0.0030202037322354	0.1302671812297973	0.1572974948879704	0.024742501898031	0.0169695385055568	-0.0913566378171637	-0.041503328940145	0.0017225263131138	0.0083460352732564	0.000781995706233	-0.0002189167454211	4.792454142576673e-08	6.115172845668484e-07	-0.0002800122837312	7.980137984999825e-07	6.368260225963706e-13	7.840687904036205e-08	-3.1890498607101754e-05	0.0005884694032855	3.46296238603308e-07	1.0170039014095587e-09	0.0	0.0	0.0
892.506168166881	0.5173324628336786	796567.2602159289	0.2676328771015595	1485.4540679284053	7.641225152053721	2206573.787925048	58.388321824378416	865.0584876320579	1.8192134845219243	748326.1870242633	3.3095377022664016	973.8926727544952	773.1456036451386	1.026215	23.877012	0.2517515814028065	0.1760981407893412	-0.1714945519	0.0647320373	-0.1135085207	0.0524063646	0.0646437446	0.0302650404	-0.1109684288	-0.0565880919	-0.0639676906	-0.0526850495	0.034100062	0.113290212	-0.0445008061	0.0686301604	-0.0026866009	-0.0961034346	0.0842179646	0.0008290941	0.0042078815	0.172597248	-0.0012419427	-0.1261167478	0.1107047197	0.021079682	-0.013036984	-0.0306073737	0.0890120718	-0.0961028893	-0.1122519032	0.0661216088	-0.0147956097	-0.022657205	0.1544884484	-0.1705430805	0.1044021673	0.1275569075	-0.1557603202	-0.1728482386	-0.0118445396	-0.0896392487	-0.1470616558	-0.0610499105	0.0090422867	0.0307323012	-0.0087415784	-0.0090593339	-0.0212583095	-0.0092403703	0.0527294461	0.0712351717	0.0868063393	-0.0199984357	0.0039014227	-0.0872645396	-0.1531181037	-0.0873454276	-0.0764056187	0.0206118803	0.1409526681	0.0054097904	-0.1446330363	-0.0703365972	-0.0126049692	-0.0169160273	-0.0287680009	-0.0269404782	0.1518162392	-0.0693262415	-0.0993383478	0.0595602748	0.0504115976	-0.0659976335	0.0023321616	-0.1596895561	0.0820932973	0.1864230918	0.0220295742	-0.0202440587	-0.2181692575	0.0440647042	0.0248060301	-0.0613023622	0.0061445486	0.0217629311	0.0340132233	0.0210094071	-0.1332068601	-0.1607281134	0.1121566674	0.076779789	-0.2143835404	0.0391090274	-0.0856969547	0.1274340936	0.0990718143	-0.1388595491	-0.0203669011	0.0077023889	-0.0561361336	-0.0877151506	-0.0391732425	-0.1254653493	-0.0956950052	0.020363083	0.0445031235	-0.0832978976	0.1516275755	-0.081902524	-0.0450648565	-0.1059432802	-0.0008988833	-0.0565761574	-0.0203103908	0.0432790437	0.0062609671	0.0825512202	-0.0235265052	-0.1126387502	-0.1205247148	-0.0549547122791409	1.6679895366994435e-06	2.782189094538824e-12	0.0030200204016831	-0.0309384128077994	-0.1612055940375967	0.0259872435490144	0.0009571853870658	-0.0288178001005405	0.0625388377166232	0.0039111062229461	0.0008304656026347	0.0004019698098481	-0.0003800258963849	1.4441968192314677e-07	1.615797280293177e-07	-0.0002800429034	-3.0619668799981073e-08	9.37564117420534e-16	7.842402774470171e-08	-0.0002119436157344	-0.0001800531171272	3.2419124987256585e-08	4.4920096250571006e-08	0.0	0.0	0.0
887.544533022313	-4.961635144568049	787735.2980977956	24.61782330781281	1479.815056353096	-5.639011575309269	2189852.6010093167	31.79845154647192	862.3779377234766	-2.68054990858127	743695.7074721965	7.185347812395055	969.3659059770224	740.7888311599124	1.159926	26.988068	0.1857430585190435	0.1038384674771519	0.0194855099	0.1108042301	-0.0350722158	-0.1818477795	0.2535806725	0.1996151283	0.0534170978	-0.0184566017	-0.0828937088	-0.1019772355	-0.028705936	-0.0685649332	0.0376844256	0.0975017817	0.0565936973	-0.0983502318	-0.0743848289	-0.0865660998	-0.1718608025	0.0263679202	-0.1283147079	0.0450890658	-0.0006966948	0.1325655611	-0.0339721582	-0.1220610732	-0.1276620152	0.0400605032	0.0721312786	0.1229600069	-0.0372479471	0.0191514068	0.1341478312	0.1720409835	0.1210863456	-0.0107935306	-0.0830872921	0.1894956627	-0.0262400711	0.028200943	-0.0684670738	0.2399438943	0.028106813	-0.0146907603	0.1886645534	-2.89119e-05	0.1616234461	0.0187417969	-0.0494960223	0.0698333947	0.0980809481	0.1071733005	0.0409070641	-0.0920565058	-0.1121649899	-0.0452970143	-0.0645205256	0.1960224077	-0.001722426	0.0956974799	0.0219071632	-0.0505879429	-0.1490035179	0.0733726394	-0.0056356274	0.0190691287	0.1643347277	0.0064588232	-0.0373046528	-0.0601546381	-0.1373671872	0.0109234891	-0.1571380085	0.0657953663	-0.0220512003	0.1529686239	0.0479242671	0.0504264574	0.171132677	-0.0244855711	0.113451075	-0.2170782739	-0.0356600879	-0.080274506	0.0017273584	-0.1138629625	-0.014736591	0.1370851581	0.0588265044	0.0586571914	-0.0374988974	0.1877084468	0.0594442494	0.1392308356	0.0536337786	0.0609443158	0.0260938085	-0.0476524995	0.026669337	-0.0767465951	-0.1573168872	0.1122416109	-0.0512386265	0.0747529993	-0.0699811258	0.0050899756	0.0645627004	-0.1365031096	-0.0512099163	0.0186180162	0.0304947453	0.0503571533	0.1292763972	0.0299120953	-0.1623691866	0.0799246852	-0.0301376669	-0.1172407796	-0.1150284477	-0.0892657721201004	-0.0343110598409594	0.0011772488274099	0.0079683780721976	-0.0499855050801016	-0.0190470922723022	0.0003627917240295	0.0024985507181128	0.0640126458986714	0.0928304459992118	0.0086174917044125	0.0040976188349486	0.000783912738726	0.0003819429288778	1.4588040091982858e-07	6.145191819368979e-07	-0.0002802429118422	-2.000084422000147e-07	4.0003376951276616e-14	7.853608963779507e-08	-0.0006208898865457	-0.0004089462708113	1.6723705241046913e-07	3.855042512147322e-07	0.0	0.0	0.0
889.3616574486036	1.8171244262906607	790964.1577397274	3.301941180622165	1478.5656417725256	-1.2494145805703738	2186156.357030201	1.561036794141843	862.9494550220645	0.571517298587878	744681.7619228781	0.3266320225851857	969.9094463516813	753.8736193734048	1.028601	23.932518	0.2356369944572863	0.1588038163462148	-0.0780316795	0.0324640295	0.0524505436	-0.1131048396	-0.0045760778	0.0227709263	0.0482439866	-0.0059137413	-0.0776053963	-0.0498770502	-0.0681478479	0.0545241055	-0.0129440813	-0.109325965	0.2925067562	-0.0809695988	-0.0788791137	0.0436314032	-0.0361349196	-0.0218956566	-0.0421907585	-0.0917972806	0.130485271	0.0831879644	-0.0695719989	0.0726524933	0.058994017	-0.0912454489	-0.0610471165	0.0586894332	-0.1681381698	0.0686070291	-0.1578620288	0.0146815876	0.1169190055	0.0584065829	-0.1579225592	0.0016438714	0.0468248516	0.0751191249	-0.036461008	-0.0193948436	-0.0181187413	0.1006208179	0.1091242863	0.0058174724	0.1095569869	-0.0443014176	-0.1555401844	0.0256649163	-0.0843374002	0.1444833887	0.111527161	0.116630593	0.1528368679	-0.0402286266	0.0120540337	0.0573630097	-0.0615429522	-0.0346183472	-0.0546617655	-0.0693695064	-0.1256113524	0.0251491885	-0.1166433686	-0.0191462619	0.0660598164	0.163686518	-0.1074245967	-0.0997388397	0.0449542948	-0.0309796037	-0.0482492968	-0.0500533496	-0.0992440098	-0.0168711777	0.0122249385	-0.057359139	-0.0462013409	-0.0703184318	-0.1053818979	-0.1254404567	-0.0813475057	-0.0679040272	-0.0634599482	-0.0284437194	-0.0925563637	-0.2218871727	-0.0696612783	-0.0390223623	-0.0510696243	0.0162287673	0.1736566039	0.1850901741	0.0986458535	-0.0363310882	-0.0227286395	-0.0326718242	0.1363356884	-0.0916510214	-0.0122965117	0.1310634067	0.0995023498	0.119123275	0.002417139	0.0879899189	-0.0890711899	0.1875996756	-0.0298720792	-0.087092437	-0.073305347	0.0166611366	-0.1095017158	-0.1283049018	-0.0762563539	0.0772433738	-0.0366662233	-0.1211199807	-0.1082719048	-0.0671709678363754	0.0220948042837249	0.0004881803763361	0.0045119389200753	0.1016640187627047	0.1516495238428063	0.0229975780817498	0.0103355727109835	0.0335243926505413	-0.03048825324813	0.0009295335861221	0.0011238849025876	0.0005229644080399	-0.000260948330686	6.809403128786217e-08	2.734917720765231e-07	-0.0002800664704829	1.7644135929997112e-07	3.1131553271621515e-14	7.843722788874911e-08	-0.0002539263969386	0.0003669634896071	1.346622027046202e-07	6.447861506221945e-08	0.0	0.0	0.0
888.2141428436124	-1.1475146049912155	788924.3635474131	1.3167897686681451	1479.733556610836	1.1679148383104805	2189611.3985601547	1.3640250695457952	861.9696375688416	-0.9798174532229496	742991.6560905601	0.9600422416403068	971.6007499503828	748.0773577267765	0.978914	22.77644	0.1186710253641705	0.0723453366968241	-0.0210512751	-0.0095110618	0.070240478	-0.1580952512	-0.1847507922	-0.0869896077	-0.0274792938	-0.0114218867	0.1260358507	0.0264340647	0.0126504805	-0.1184230004	0.1915245506	-0.1079405865	0.1589481307	-0.0509735319	-0.2052356119	0.1819383129	0.0280053563	-0.1498940399	0.1000860772	0.07230689	-0.0899413876	0.0822031477	-0.0101668356	-0.1093494176	-0.061966444	0.0421640012	-0.0679739679	0.0273082425	-0.0370524297	-0.0503956261	0.0321930732	-0.0418800486	-0.013138629	-0.0573072593	0.026005097	0.0812724248	0.0306674764	-0.0558906103	-0.0057187633	0.0751280264	0.2085331822	-0.0874287788	0.0451227651	0.0778432374	0.0098640991	-0.1831733791	-0.1136899721	-0.0058462201	0.2309295658	0.0207588569	0.1415580053	0.010750203	0.0113247775	-0.043225379	-0.020156847	-0.1026544528	-0.027008939	-0.0374398512	0.1546726571	0.0713672764	-0.0685574735	0.1052589886	0.0045431533	-0.0018352082	0.1741081097	0.1338473725	-0.0945234518	0.0389246323	-0.0820602448	0.1084072927	-0.0729050921	0.0083311809	0.0269545326	-0.0664077657	-0.0263674419	0.0007828988	-0.0060012537	0.0124472104	-0.1158058602	-0.0672050609	0.0802188382	0.0043190311	0.2200476167	-0.0947653141	-0.0540639634	0.1861377688	-0.115352594	0.0367966944	-0.0283481667	-0.0847764354	0.0267783566	0.0675081555	0.0496664958	0.0700980571	0.0219991221	0.048085607	0.1031033542	-0.2315368833	0.018379124	0.0606744992	0.0724020403	-0.0189566792	0.0765416792	0.0411746148	0.0015311768	-0.0316174032	-0.1718766622	-0.1437466243	-0.1489560942	-0.1563364192	-0.048521305	-0.0898996158	0.0024434663	0.0745091236	-0.0430942802	-0.1242524367	-0.1003291122	-0.0693323085604902	-0.0021613407241148	4.67139372571712e-06	0.004806969010327	0.1104371184492407	0.008773099686536	7.696727810989808e-05	0.0121963571313716	-0.0326625976269454	-0.0661869902774867	0.0043807176819921	0.0010668452837397	0.0004019998094692	-0.0001209645985707	1.4632434107370609e-08	1.616038468132731e-07	2.034979867060472e-06	0.0002821014503499	7.958122828955122e-08	4.141143059341457e-12	0.0001739994476614	0.0004279258446	1.8312052847662337e-07	3.027580778647228e-08	0.0	0.0	0.0
885.1845806479931	-3.029562195619292	783551.7418169634	9.178247097125585	1478.6331604570546	-1.100396153781503	2186356.023203218	1.2108716952571252	861.8126582800408	-0.1569792888008123	742721.0579717103	0.0246424971124088	969.0107915684696	719.0324796914136	1.253046	29.154694	0.4360828682998417	0.2726213907381722	0.1103213794	0.104601834	0.0521775149	0.0890873479	0.1265578478	0.1966456493	0.0997845129	0.0791696114	0.0525614118	-0.04663353	0.0090442588	-0.086891999	0.0291147276	-0.1459335655	-0.0746044825	0.0536899934	-0.063769057	-0.2422529547	-0.1577875072	-0.0123188297	-0.1592959697	0.1357095063	-0.1023757557	0.0433321763	0.0531495176	-0.028408349	0.0402234981	-0.0890917465	-0.0570171456	0.0356125581	-0.041288888	0.0611111028	0.0208768604	0.136234147	-0.0321855288	0.0140177346	0.1359109699	0.0129421365	-0.0005878234	-0.1236674327	0.0245249294	-0.0881707687	-0.0694944405	0.2080201545	0.0350168943	-0.0476928986	0.02671074	-0.0851076987	-0.0761336105	0.1057500936	-0.1347314906	0.1154848997	-0.0995162116	-0.064939309	0.0788699019	0.0916425553	-0.0490839139	0.1610380349	-0.0419766092	0.1616873254	0.1371786274	0.0346459365	0.0357886643	-0.0272125261	0.1603362638	0.0280282528	0.0339500636	0.0018366084	0.0586010713	-0.0465882782	-0.0475443263	-0.1232282799	-0.1218195972	-0.1205898213	0.0359304123	-0.1230267215	0.0866700763	0.1027292741	0.0231824283	0.0624703651	-0.1561336058	-0.0365894351	-0.1500224081	-0.0844390108	-0.0325144453	-0.0706990252	0.008762105	-0.199335555	0.1231711915	0.0277476207	0.1016108525	0.2017533556	0.0737581126	-0.0001426634	0.0484674091	0.1567716349	0.0281625321	0.0028005219	0.0795786541	0.0184505726	0.1462206598	-0.0375757803	-0.1126414042	-0.0199266547	-0.1504534135	-0.1752109514	0.0078582429	-0.0264790014	-0.0149585483	-0.0070973177	-0.0103635178	-0.0584835566	-0.1439495852	0.0162552548	-0.1366985885	0.0717238087	-0.0494042187	-0.1266188352	-0.0912870929	-0.0889849685619026	-0.0196526600014124	0.0003862270451311	0.0079183246299627	-0.1150271849014359	-0.2254643033506766	0.0508341520854059	0.0132312532663491	0.1154508678786143	0.1481134655055597	0.0219375986640666	0.0133289028939252	0.0006509776709576	0.0002489778614884	6.198997551133689e-08	4.2377192808538134e-07	-0.0001600885042944	-0.0001621234841614	2.628402411665133e-08	2.562832920721813e-08	-0.0002719479955326	-0.000445947443194	1.988691220912659e-07	7.395571227419905e-08	0.0	0.0	0.0
886.6146191486412	1.4300385006480385	786085.4828880901	2.0450101133356893	1477.526608171134	-1.106552285920543	2183084.877853696	1.2244579614759792	862.9770956966197	1.1644374165789486	744729.4676969727	1.355914497129056	969.0674749000212	722.5771884942698	0.982019	22.848686	0.2492919324123888	0.1896789357446048	0.085359348	-0.0424935982	-0.0967677962	0.0844855854	0.0594175094	0.0483931411	0.0740689766	0.1451087854	-0.1291842355	0.0194665489	0.0100413548	0.0415214299	0.0548845837	-0.1944637837	0.1527269354	0.066869912	0.045854679	0.0584406122	-0.0496146385	-0.0939007442	-0.0867401941	-0.0142687298	0.1442319203	-0.0298265487	0.0971490827	0.0844086768	-0.0943061112	0.0398029033	0.0600038473	0.1553673504	0.0177952593	-0.0430816983	-0.0375738657	-0.0399550447	-0.2603079112	0.0822826924	0.018771837	0.0191663515	-0.0816765066	-0.0518029267	-0.1579261056	-0.0102898161	0.1207497137	-0.0165022281	-0.0898668672	-0.0447718372	-0.0246064852	0.0246021096	0.0219711639	0.0866681738	-0.0138986112	0.024009194	-0.1045845696	0.0493665857	0.1181152594	-0.121748961	-0.0804916109	0.1136251811	-0.136515375	-0.0717337738	-0.1026633549	-0.1028073308	-0.04687623	0.0197540579	0.0838644548	0.0854478881	-0.1381405446	0.035760711	-0.0720522339	-0.0469306398	-0.0415922308	0.0478869746	0.0482632291	-0.1578216049	0.0848676295	-0.0206046263	-0.0649950869	-0.1929988688	-0.0276789106	0.073096524	-0.0543551589	0.0197118451	0.0079197481	-0.0137227732	-0.0024315643	-0.0051966496	-0.1030589119	0.1401215455	0.1587063012	0.0467094898	0.0888619911	0.0344866588	0.2369327272	0.0800092139	0.0670344208	0.0067148933	0.0721438869	-0.0699954176	-0.0450645365	0.0976555181	0.0777821341	-0.067861331	-0.0781695341	0.1216238808	-0.1247689553	0.0347074671	-0.0978936184	0.0009662214	0.0420240275	-0.1019849028	-0.1444915139	-0.0626924106	0.1781074246	0.1345158362	0.0341178609	0.0688893378	-0.0555787436	-0.1282045865	-0.0812449131	-0.0890512636233182	-6.629506141558883e-05	4.3950351680966946e-09	0.0079301275529097	0.0683542254905518	0.1833814103919877	0.0336287416773546	0.0046723001424132	0.0670538133512437	-0.0483970545273706	0.0023422748869252	0.0044962138849434	0.0004019781693504	-0.0002489995016071	6.200075180063399e-08	1.6158644863429886e-07	-0.0002030431662989	-4.295466200449999e-05	1.8451029879208346e-09	4.1226527380682766e-08	-0.000214958710512	5.698928502060002e-05	3.2477786071591863e-09	4.6207247224981825e-08	0.0	0.0	0.0
891.3773799838312	4.762760835190079	794553.6335468395	22.683890773220497	1482.0968844062138	4.570276235079746	2196611.1747666057	20.88742486493469	865.1042432157224	2.127147519102664	748405.3516298477	4.524756568024618	974.8668900751558	751.4225760914089	1.108276	25.786331	0.1507391583807885	0.1117983253464704	-0.0747144651	-0.0478289875	-0.0022367005	0.1713616075	-0.1117034477	-0.1364373962	-0.0877343563	0.0081912623	-0.1369335358	-0.0153539713	-0.1825410544	0.07275394	0.0674960988	-0.0611915338	-0.0573350544	-0.0524192794	-0.1598481299	-0.0965433416	0.1197730233	0.0169257173	0.0187547906	0.2143309726	0.1246397756	-0.0627820032	-0.1007410796	-0.0907317822	-0.0909914905	-0.0152487428	-0.0440562901	-0.0479185725	-0.0092427957	0.0847092733	-0.0747809052	-0.0818080244	0.0564622564	0.028846457	0.1492701251	-0.1453081557	-0.1062975202	-0.0515471394	0.069807262	0.0453980362	-0.0913623753	0.0116743485	0.0062414738	-0.090457206	0.0014458778	0.0479141061	-0.1757505689	0.1088222098	0.0925275483	-0.0784494051	-0.0502006182	-0.0674502733	0.0103796392	-0.123837852	0.2525005722	-0.1656989885	0.0606921777	0.0162677771	0.0290877357	-0.1964592243	0.0731461575	0.1496130601	0.0591262026	-0.1113544614	-0.0013823536	0.1175558246	-0.0252532216	-0.0228797445	0.0091476552	-0.0919164315	-0.12407984	-0.0358169051	-0.0741872262	0.0133937182	0.0376581254	-0.0369689441	-0.0481757792	-0.0456978661	-0.0394022945	0.1697187179	0.0652016832	0.089265391	0.0801794381	-0.1593532772	0.1232065387	-0.0375141051	-0.0094696102	-0.0567851337	0.0918255942	-0.1098735854	0.0164249703	0.0063478941	0.1335994329	0.0477000255	0.0578843779	0.1293627013	0.0635697355	-0.0649679486	0.1357490024	-0.1611304128	0.0059889488	-0.0178709618	-0.0772187561	0.0441450112	0.0378129285	0.0385223323	-0.1208514476	-0.1112823641	0.0954450806	-0.0752616582	-0.0101920573	-0.1159032509	0.0944959611	0.0660076536	-0.0616009311	-0.1289999139	-0.0703125971	-0.0890613492684906	-1.0085645172408508e-05	1.0172023854372703e-10	0.007931923933524	0.0985456360495078	0.030191410558956	0.0009115212715394	0.009711242384402	-0.0394804736462148	-0.1065342869974585	0.0113495543060568	0.0015587077993294	0.0004020027962897	2.4626939300006516e-08	6.0648613928620525e-16	1.6160624822473806e-07	-0.0001709933716758	3.204979462309999e-05	1.027189335382889e-09	2.9238733157058284e-08	3.303437150963142e-05	0.0002479930820216	6.15005687305876e-08	1.091269701036348e-09	0.0	0.0	0.0
884.2674424059993	-7.109937577831943	781928.9096992473	50.55121236066675	1481.5074425654325	-0.5894418407813191	2194864.302376768	0.3474416836636699	862.2024003749357	-2.901842840786685	743392.9792123009	8.420691872624937	970.9570102405156	728.1238108134239	1.206515	28.072041	0.3900092794740474	0.2473750473901153	0.0716692623	0.1446331008	-0.0394340481	-0.0705036464	-0.0071110649	0.133054545	0.0077554653	-0.0913746134	-0.0788664414	0.1652576658	-0.1218171392	-0.1899641865	-0.0796126348	0.0406885741	-0.0198667976	-0.0173815268	-0.0910492551	-0.0247052873	-0.1588684049	0.1125527483	0.0553459531	0.1402183792	-0.0375972706	0.0233874775	0.0404537016	0.0170322198	0.0177367917	-0.0064966655	0.0894532629	0.2159753211	0.1253210308	0.1116270499	0.017220901	-0.0414267514	-0.1338925047	-0.1270647354	0.2162477701	-0.1984070444	-0.1948109523	-0.0337027229	-0.0345849887	0.0224501542	0.06558546	0.0004636183	0.060481396	0.004971162	-0.0736629131	0.0643358628	-0.022753671	0.0021543462	-0.0474463012	0.0477940534	0.213932453	-0.0476797902	-0.0498046791	0.1250099665	0.1087774414	0.1114333654	0.1522740532	0.0161514121	0.0831258476	-0.0215382617	-0.1170303207	0.0239129978	0.0936385653	-0.0849953406	-0.1394781631	0.0476670989	0.0340725934	0.0539019152	-0.1496714431	0.0491911032	0.0056273874	-0.1287248958	0.215261733	0.09415205	-0.00238813	0.0912911956	-0.1090133928	-0.0564347936	0.0492475082	-0.0419947003	0.1935011895	0.0712435959	0.0514788224	-0.0229350687	0.0212742459	-0.0815330631	0.0427720247	-0.0140021273	0.2417874534	0.1730455904	-0.0256625373	0.028954068	-0.0252202929	0.1170068968	0.0844302375	-0.0957302811	0.0552592042	-0.0449772115	0.0587124642	-0.0624707924	0.0663139537	-0.1356774674	-0.1222950144	-0.0274425369	-0.0127068277	-0.1454215643	-0.0061397475	0.026367141	-0.0269470341	0.0520324478	0.0727718506	-0.0200880459	0.0004337036	0.063080731	-0.0674542747	-0.1289999139	-0.0586099215	-0.0968982656247021	-0.0078369163562115	6.14172579742554e-05	0.0093892738810753	-0.1096526544763492	-0.208198290525857	0.0433465281778891	0.0120237046337096	0.0900541121189775	0.1295345857651923	0.0167792089093599	0.0081097431095373	0.0007249742332038	0.0003229714369141	1.0431054906235846e-07	5.255876388094378e-07	-0.0001081700210334	6.282335064240001e-05	3.946773385937941e-09	1.1700753450366198e-08	-0.0004699605774696	-0.0005029949489792	2.530039186986197e-07	2.208629443755599e-07	0.0	0.0	0.0
883.8611801816642	-0.406262224335137	781210.5858321242	0.1650489949217332	1478.4303126246607	-3.077129940771784	2185756.189287452	9.46872867239416	860.8994221941431	-1.3029781807925929	741147.8151342095	1.697752139621575	967.5518529420556	696.3468536847057	1.083002	25.198257	0.1828054301249225	0.1609977015346279	0.1751100932	0.0199768568	0.1537426062	0.120532744	0.0601068893	0.1281903517	0.0760065825	0.2108280918	-0.0175911094	0.0325667047	0.0301085869	0.0361270965	0.0411187707	-0.1877195517	-0.039752876	0.0188074868	0.038276747	-0.0382406281	-0.1170467092	-0.1720651591	-0.0781505127	-0.0961837403	-0.0976585305	-0.0905585827	-0.0564583126	0.1142823752	-0.1656535118	0.0260639995	0.0649364082	-0.0068915808	-0.0499754359	0.0888680667	-0.0031617321	0.14090611	0.1064884891	-0.0224316664	0.0011120502	0.0925234478	0.0804489751	-0.0027451363	-0.1663501809	-0.1501148452	-0.0945274155	0.0576381224	-0.1722691997	-0.1225172296	-0.1160323982	-0.0248209967	0.0969296983	-0.2135689591	0.0738908724	-0.0631250809	-0.0833445886	0.1146107074	-0.1521848652	0.1188752202	0.0281247991	0.1349491831	-0.1513972746	-0.119050783	0.0087305641	0.0639439427	0.1244843112	-0.045943648	0.1094109892	-0.0351907368	-0.0457023742	0.1328096596	0.058839959	-0.0726040288	-0.127571902	0.0452050568	-0.0074887075	-0.0034919263	-0.1109606513	-0.0950458159	0.0370637327	-0.0785339001	0.1810517268	-0.0160776932	-0.0541165142	-0.0968510536	-0.0416147611	0.0941450218	0.0786246011	0.31726348	0.011098996	0.0666427197	-0.0595492488	0.0398605543	0.1111132876	0.0775280766	0.2116021098	0.0034935271	-0.0975794341	-0.05782106	0.0756735111	0.1267364783	0.0861249438	-0.0048397646	0.0303468445	-0.1493454533	0.0099097583	-0.0287196385	-0.0196394219	-0.1377049132	-0.0239766709	-0.0106594052	0.0451054446	0.0850479416	-0.0586375064	-0.0387595642	0.0418646314	-0.2003720184	0.0056922493	0.0601105761	-0.0731227308	-0.1282045865	-0.0462651033	-0.0920065270112644	0.0048917386134377	2.392910666219749e-05	0.0084652010126745	0.050921994782243	0.1605746492585922	0.0257842179845199	0.0025930495526027	0.0901440018824502	8.98897634726975e-05	8.080169577177503e-09	0.0081259410753831	0.0005819575544677	-0.0001430166787361	2.0453770396704845e-08	3.38674595202026e-07	-0.0002221110323012	-0.0001139410112678	1.2982554048728928e-08	4.933331066990472e-08	-0.0003819352176851	8.802535978449997e-05	7.748463965190665e-09	1.4587451050816473e-07	0.0	0.0	0.0
892.9604915558701	9.099311374205968	797378.4394797012	82.7974674847541	1475.7462459331482	-2.6840666915124984	2177826.98238578	7.2042140044868495	863.845295968848	2.9458737747048644	746228.6953675065	8.678172296493887	971.0807885025434	751.8420432584123	1.352331	31.46475	0.297005187856555	0.1794997430819482	-0.0798601022	-0.1620012117	0.0953234482	-0.0843454259	-0.0264234564	-0.1518657969	0.0549706236	0.1346812922	-0.0754500394	-0.0556442354	0.0493707208	-0.0935939861	-0.0964687684	0.0281025943	0.0977232053	-0.0610475135	0.032003815	-0.0927336195	0.1357114109	-0.1178826031	-0.0436679701	0.0018215586	0.0131105277	0.1511224588	-0.060488934	-0.0789204311	-0.0238131921	0.0071286475	-0.0696007602	-0.2114024139	0.015640326	-0.1008981187	0.0599907487	0.0249270137	-0.001226087	0.0422358058	-0.0326049386	0.0006627122	-0.0780568703	-0.1298029472	-0.0102677052	-0.0007705475	-0.1883442201	-0.0554843659	0.1035956891	-0.0928881293	-0.0451975966	-0.0057898045	0.1644012981	0.0760494391	-0.2255630854	0.007953707	-0.0145967246	-0.1950546996	-0.0663695538	0.0610120892	0.0556868973	-0.1239225543	-0.1628299218	0.0542359149	-0.0023382229	0.0273445075	-0.0920053184	0.0374970136	0.0434737105	-0.0773277924	0.0945654461	-0.1246141234	0.1953018971	-0.0271195964	0.1004022375	0.0595188	0.0443702873	-0.0642684911	-0.0956408075	-0.0073091887	0.0666908181	-0.1055147549	-0.0965286656	-0.1041678969	-0.1385558267	-0.0310041151	0.0565937279	-0.1421351062	0.0266770009	-0.0002724256	-0.0532118276	-0.1133882738	0.114973599	-0.1068979289	-0.0182935813	-0.1571892019	0.0176576709	0.070987668	0.0102439626	0.0099926065	0.0614384744	0.0015314061	0.162169946	-0.0566076668	-0.0160365925	0.0662137459	0.0399046482	0.0598656392	0.0362484952	-0.0667782988	-0.0748101493	-0.0175701725	-0.0084091269	-0.0725108347	0.139174218	0.139512222	-0.008188473	-0.002133745	-0.0261634725	0.0570992244	-0.0785907625	-0.1266188352	-0.033413395	-0.0822444550376388	0.0097620719736255	9.52980492182463e-05	0.0067641503844381	0.1469686015681759	0.0960466067859329	0.0092249506750916	0.0215997698469052	-0.0548522510254585	-0.1449962529079086	0.0210239133573342	0.0030087694425599	0.0006309992761935	4.90417217258e-05	2.405090469830803e-09	3.9816008655672083e-07	0.0002660010902044	0.0004881121225056	2.382534441369219e-07	7.075657998992936e-08	4.916061865257049e-06	0.0003868512795503	1.496539124897485e-07	2.4167664263034615e-11	0.0	0.0	0.0
889.6702413105755	-3.290250245294601	791513.1382736177	10.825746676661185	1480.688849896904	4.942603963755801	2192439.4702090165	24.42933394253455	864.2970326342927	0.4517366654447414	747009.3606204436	0.2040660149071342	972.7537649412508	765.817788624794	1.129985	26.291426	0.2770046317662262	0.209825371730192	-0.1234595332	0.0903411676	-0.0247228325	-0.0051488399	-0.0776820548	-0.0423443053	-0.0092372044	-0.0885869004	0.0758024373	-0.0122815592	0.0992303092	-0.0327297306	-0.0396959598	-0.1304143919	0.1100290605	-0.0184857877	-0.117087222	-0.1227127189	-0.0076450023	0.1376518663	0.1021486434	-0.093158471	0.0485860731	0.0310362692	0.218204482	0.0506131808	0.023759706	-0.011969821	-0.1051677279	0.0417534611	-0.0117535618	-0.0391727075	-0.0520831945	-0.0131126117	-0.0829868759	0.071184196	-0.0954276737	0.0832716538	0.0664487618	-0.0836260921	0.0006032933	0.0518365544	0.0928332903	-0.088187478	0.107682241	0.2509356266	-0.0434864257	-0.0503574901	0.1575701427	-0.0420610222	0.0875593532	-0.0807509953	-0.0829246648	0.0956902374	0.1552925499	-0.1297693345	0.2097936999	-0.0220482872	0.1351134671	-0.0431500699	-0.0504928738	0.0754398848	-0.0883778215	0.0283047262	-0.0056896704	0.0957675049	-0.0405578674	-0.0359121651	-0.1452359684	-0.1368431399	-0.0423614296	0.012911745	0.1422703231	-0.0765056875	0.017820953	-0.109312942	0.0838231319	-0.0626083837	0.0188303323	-0.0776672373	-0.0888205253	0.1155982201	0.0572224431	0.0239637633	0.1644451938	-0.0789464088	-0.1330360222	0.0441523958	-0.0537378742	0.0170401229	-0.2081104158	0.0516302167	-0.1544966683	0.0496505965	-0.0116636115	-0.0566244933	0.0109347818	-0.0931551576	0.0373352921	0.0579775203	0.1343676462	0.0334020815	-0.1497277683	-0.0390594542	0.207647433	-0.1453744455	-0.1363756921	0.071168907	-0.0797950554	0.1644302983	0.0867719769	-0.0338266854	0.0575570482	-0.0777154565	0.1516400285	0.0540487397	-0.0838433825	-0.1242524367	-0.0201956026	-0.0922799181273035	-0.0100354630896647	0.000100710519424	0.0085155832895818	-0.0563305575975761	-0.203299159165752	0.0413305481175017	0.0031731317192538	-0.0062587677775169	0.0485934832479416	0.0023613266141679	3.917217409288384e-05	0.0006890107616917	5.801148549820008e-05	3.3653324497078782e-09	4.7473582972697676e-07	0.0001619535717301	-0.0001040475184743	1.0825886100659804e-08	2.622895939613665e-08	-0.0001345554594196	-0.0001394715212848	1.9452305249512334e-08	1.8105171659619626e-08	0.0	0.0	0.0
884.9493620943083	-4.720879216267235	783135.3734711232	22.286700574583943	1478.2899677064122	-2.398882190491804	2185341.228621425	5.754635763858756	862.5197327712486	-1.7772998630440495	743940.2894197862	3.158794803176398	968.4798105801568	715.4982344660434	1.214245	28.251915	0.2166520484391532	0.1266505863321989	0.1115620368	0.0067459138	-0.1682108355	-0.1222227756	0.1407487535	0.1385137727	0.0470751086	0.0799767879	0.1451842445	-0.1275426909	-0.0651035501	0.0394976219	-0.0284476327	0.2695658251	0.0973515438	-0.0721821911	-0.0731152422	-0.0447308583	-0.1200146573	-0.0960059054	-0.1006948021	-0.0146241482	0.2121658489	0.0840052657	-0.2314672883	-0.0139495062	0.030974399	-0.0748790424	0.1485910929	-0.1286548946	-0.0844099678	0.0356861676	0.1234628683	0.0075956409	-0.0827276886	0.065056214	0.0139666242	0.0757058225	-0.0643894004	0.0820658618	0.0428786386	-0.1027615722	0.0850800063	-0.0927920609	-0.0979079444	0.0528261599	0.0565570018	0.0252233198	0.0653782361	0.0309537903	0.080678927	0.0202268567	-0.1472905507	-0.0783611763	0.0920499448	0.0569213984	-0.0530613592	0.1504896224	-0.0987647296	0.0177733941	0.0386837366	-0.1050070744	-0.0925477315	-0.1498203816	-0.2087949771	-0.0868911458	0.0982897109	-0.1211104107	0.0361059598	0.0010851049	-0.0666925463	0.0631630684	-0.1911606557	0.0136001218	-0.1934675699	-0.0627165605	-0.0407246977	-0.0116776918	-0.024463951	0.1023450202	0.2035196685	0.0394706106	0.0728064566	-0.0797084211	-0.0471481065	0.0644560912	0.1331855606	-0.0291917507	0.096875643	0.0419286439	0.0161376065	0.0911247093	0.1031491644	0.0704780298	-0.0169523162	0.0213265126	0.1054344552	-0.0929723408	-0.0772716994	-0.0418649646	-0.238155583	-0.0733158241	-0.0551868207	-0.1547174318	-0.0418573223	-0.087984602	0.0839777935	0.0268947472	-0.0365269398	0.1263201936	-0.0269078472	-0.0418326188	-0.01704637	-0.1540110286	0.012835171	0.0509612127	-0.0888661936	-0.1211199807	-0.0067565429	-0.079623316570661	0.0126566015566425	0.0001601895629636	0.0063398725417117	0.0353661288678637	0.0916966864654398	0.0084082823087411	0.0012507630710983	0.0772716341386541	0.0835304019161709	0.006977328044277	0.005970905442458	0.0008309790572314	0.0001419682955396	2.0154996938447585e-08	6.905261935571864e-07	-0.0002020847615837	-0.0003640383333137	1.3252390812188932e-07	4.083825086434087e-08	-0.0002039160005841	-6.936054116449998e-05	4.810884670632297e-09	4.158173529421467e-08	0.0	0.0	0.0
893.9391079823281	8.989745888019797	799127.1287802404	80.81553113116885	1480.8798365099676	2.5898688035554187	2193005.0901817884	6.707420419629576	866.0432317369036	3.523498965654994	750030.8792373001	12.415044960971814	973.760929626826	755.1620355735847	1.359782	31.638124	0.263132337970667	0.1484557409450216	-0.1186009197	-0.1668121946	-0.0519052175	0.0785500749	-0.026985217	-0.1172077254	-0.0518123547	-0.0076418109	-0.0227192182	-0.0025179649	0.0527693394	-0.0283275007	0.0925407546	0.071838145	-0.0197561942	0.179761034	0.0420323119	0.1369792478	0.205958078	0.0031650888	0.0060472784	-0.034645052	0.1972355714	-0.0659097451	0.1242799333	-0.0712349824	0.0855473278	0.0108744002	0.0321384226	-0.1084876823	0.0089609996	0.1434585396	-0.2138889746	0.0145751243	-0.0434511094	0.0871723976	0.0981553645	-0.0612412711	-0.069544987	0.1855668228	-0.1656757576	0.0837853167	0.0627727851	-0.0317869453	0.1405571737	-0.0431958958	-0.0514092117	0.114400803	-0.014409563	-0.0271522772	-0.0558698318	-0.0336398352	0.0023881246	-0.1015687628	-0.0754453608	0.1368212814	-0.0254107667	-0.1379809772	-0.0543789852	0.0132302642	-0.1279150411	-0.1216853431	-0.0077896821	-0.0313088543	0.0355999028	0.1562788278	-0.071987936	0.0389691672	-0.0208104232	0.0428067048	0.1632297658	-0.0537909462	-0.1269977852	0.0888888533	0.1288464354	-0.1669359088	-0.1215304177	-0.0280279173	-0.0213955118	-0.0575150772	0.1775163517	0.0357673491	-0.0583165975	0.1912825933	0.0420982829	0.0543496795	-0.1329355789	0.0507049862	0.05530736	-0.047937239	0.1131781958	-0.1642895109	0.0114796028	0.0412322495	0.0631965907	-0.0601499767	0.0700521954	-0.0284127803	-0.0034261271	0.078296514	0.1221018685	-0.0933224065	-0.0707743492	0.0725408887	-0.0280347804	-0.0015355219	-0.1362227521	0.1153517841	0.1169994465	-0.0915094448	-0.0394521408	0.0682183943	0.0655749345	0.1162264377	-0.0889456614	0.0478387595	-0.0936454286	-0.1172407796	0.0067565429	-0.0884328320206435	-0.0088095154499825	7.760756246348036e-05	0.0078203657791913	0.1387080470774293	0.1033419182095655	0.0106795520592325	0.0192399223240343	-0.0251337913304539	-0.102405425469108	0.010486871165509	0.0006317074666427	0.0004939946380082	-0.0003369844192232	1.1355849879919743e-07	2.4403070238085254e-07	6.504053088551842e-05	0.0002671252924692	7.13559218767655e-08	4.230270657870076e-09	0.0001634838645637	0.0003673998651478	1.349826609106216e-07	2.6726973972682205e-08	0.0	0.0	0.0
889.8394981519493	-4.099609830378768	791814.3324713131	16.806800761338227	1485.6694654874525	4.789628977484881	2207213.7606817726	22.940545741962868	865.1411605404462	-0.9020711964574276	748469.2276612701	0.8137324434781348	975.5196532647502	761.766011435199	1.07374	24.982777	0.2504909011937521	0.1903369579760785	-0.1175139594	0.0789617699	-0.1561457578	0.0019726154	-0.0028115574	-0.037610043	-0.1551338465	-0.1604934829	-0.024875838	0.0253754878	-0.035261087	-0.0792727135	-0.0271890991	0.1389424227	-0.0548005714	0.0460750566	0.0560354947	-0.1053835744	0.0264693449	0.1414814743	0.1124988835	-0.0570518561	0.0582936212	-0.0014835719	0.1343677201	-0.0448471666	0.0394134023	0.0850719686	0.1905877997	-0.0797607439	-0.0398118675	-0.1378078879	0.1005500987	-0.0003597932	-0.0309542026	-0.0311363242	-0.0761332247	-0.1030362589	0.0891051455	-0.0097438471	-0.0137485404	0.0364448299	-0.0484355546	-0.0463829532	-0.0371853445	-0.0848115191	0.0562915614	0.2075787301	0.0736498017	0.031300345	0.019849773	-0.0961227156	0.1070247225	-0.0063196068	-0.178390427	0.0220462353	-0.0002485519	-0.0862571684	0.2190190422	-0.0439252085	-0.042648914	-0.0313529622	-0.0314938319	-0.0500450174	0.0609953706	0.0839473766	0.0080698818	-0.1888484093	0.0355439002	-0.0909762029	-0.0439541528	0.1731163566	0.0871732913	0.039564431	-0.0995427919	0.0990003387	-0.1754498151	-0.0900754828	-0.0310011663	-0.0096053171	0.058467745	0.0338596414	-0.0313321339	0.1062985245	0.1224792072	0.1106885349	0.0794839796	0.0394246249	0.1072582251	0.0326283892	0.0619458093	0.0330889243	-0.1953935884	0.0472115925	-0.0240380108	-0.0506458664	0.0115533402	-0.0773668835	-0.1129218007	-0.0527142742	0.03007508	-0.0989617386	-0.083349963	-0.0279112856	0.0316605247	-0.011650467	-0.1225272269	-0.0033108917	-0.0169995576	0.1556905204	0.0535914997	0.0309936891	0.1069978333	0.1767320619	0.0518066645	0.0446835199	-0.098167988	-0.1126387502	0.0201956026	-0.0960551484931784	-0.0076223164725348	5.809970840747673e-05	0.0092265915520465	-0.0471320783402831	-0.1858401254177124	0.034536552215271	0.0022214328086745	-0.0090816403329299	0.016052150997524	0.0002576715516473	8.247619113669912e-05	0.0005909699455679	9.697530755970004e-05	9.40421027629842e-09	3.492454765645267e-07	-0.0002020862413962	-0.0002671267722817	7.135671246964906e-08	4.083884896164321e-08	-0.0002919402217145	-0.0004554240862782	2.0741109836233334e-07	8.52290930547114e-08	0.0	0.0	0.0
885.5001587376529	-4.3393394142964326	784110.5311244085	18.829866552466505	1480.215139333386	-5.454326154066393	2191036.858711756	29.749673794932693	862.4726015288254	-2.6685590116208004	743858.9883879	7.121207198502583	968.5972509718396	724.1043608228416	1.173081	27.294132	0.1264517218225241	0.0750872447318605	0.0680916676	0.0664057387	0.1238999678	-0.1613669533	0.0491283459	0.1165772933	0.0506646678	-0.0353897318	0.0957199565	-0.022730118	0.0142046382	-0.0013546289	-0.1004528165	0.1452934914	0.179685838	-0.1084646049	-0.02149788	0.1618323982	-0.1152241603	-0.0279596592	0.0083223598	-0.1642401044	-0.0632128251	0.003434421	-0.1622951688	0.0657429873	0.0328356297	0.0676866137	0.038281215	-0.0777599733	-0.0384735527	-0.0566425772	0.1156862536	0.1045398491	0.0284350443	-0.0219243837	0.1090227363	-0.0639741184	-0.3069683878	0.0268605144	-0.0414488805	-0.0603395429	-0.0656043581	-0.0136196008	-0.1989337731	0.1703795162	-0.0362950964	0.0457582062	-0.1051968348	0.0466054417	-0.0076804192	-0.1823592138	0.0758987813	0.0413848758	0.183841514	0.0242542831	-0.0059555949	0.1453231794	-0.0454807751	-0.0813004768	-0.0570274355	0.1158684278	-0.0820750912	-0.0915269844	-0.2633701954	-0.0254118503	0.1127213074	0.0734248384	0.0422737226	0.0665813643	0.0040140041	0.1065135338	0.0052674921	0.113469384	0.1383569607	-0.0496640587	0.1631879972	-0.0141802404	-0.0464581202	-0.0154405539	0.0776285055	0.0980684101	0.1070344433	0.1132714386	0.0002293482	-0.1158260459	0.1990337154	-0.033715531	0.0466101104	0.0786380403	0.0450927857	0.0795660973	0.018704577	0.0710852961	-0.1676759191	-0.0293896061	0.0735881571	-0.0151546675	0.0649192485	-0.0441193198	-0.2210956169	0.0082917564	0.0065719347	0.1193598651	0.1392288632	0.0557863838	-0.0250547556	0.1625151817	-0.0992061356	-0.1187023228	-0.1573719537	0.0350587806	-0.0584458988	-0.1042123117	0.0074253646	0.0414976565	-0.1024214758	-0.1073422654	0.033413395	-0.0965773562179777	-0.0005222077247993	2.7270090784006214e-07	0.0093271857340541	-0.0105396408799691	0.036592437460314	0.0013390064792869	0.0001110840298787	0.0557515892165909	0.0648332295495208	0.0042033476538208	0.0031082397001754	0.0009029527678795	0.0003119828223115	9.733328141751133e-08	8.153237010212501e-07	-0.0002022121582327	-1.2591683650002008e-07	1.5855049714172788e-14	4.0889756937126514e-08	-0.0004699084243242	-0.0001779682026097	3.1672681140127244e-08	2.2081392725085241e-07	0.0	0.0	0.0
890.1025036306454	4.602344892992505	792282.4669695431	21.181578514054195	1480.0214736898	-0.1936656435862005	2190463.5625829278	0.0375063815056572	864.1692118629767	1.6966103341512735	746788.4267318783	2.878486625948896	973.6480697055378	750.3728323974414	1.28563	29.912815	0.3573983547750392	0.2176835843616317	-0.0888611841	-0.1257876419	-0.0975957104	-0.1047336699	-0.1410965529	-0.1475894092	-0.0275943984	-0.0782151087	0.0501434406	0.0748209065	0.1170183481	-0.136182013	0.189255399	0.0209278405	0.1025353928	0.0056819074	0.0669434459	-0.1301309883	0.1436314571	-0.0572618025	0.130688109	0.0621689098	0.0428371044	0.0828163584	0.1049773055	-0.0498905406	0.0609252973	0.1224026265	0.0832495156	-0.0370328163	0.1406518086	-0.1975827211	-0.079829942	0.0935361546	0.0471160465	-0.0933078348	0.0701337671	0.0110053272	-0.0020145455	-0.0130380048	-0.0442131222	-0.0703166151	-0.0104423889	-0.022423077	0.0351936183	0.0612369934	0.0729348209	0.0047403652	-0.1692277462	-0.0996715223	0.0156876655	0.029987142	-0.1641315671	0.0005539791	-0.0605085531	0.0656296488	-0.0189209691	-0.2130131389	0.0051948148	-0.0103827402	0.1252222999	-0.002950846	-0.1219539983	0.0432901903	0.0244480563	0.1737157165	0.0469328384	-0.0445090378	0.0858589606	-0.0564685077	0.0787333797	0.0211686427	-0.0033262078	0.2133704864	0.011380797	-0.1164190117	-0.167319385	0.1138990356	0.0348693454	0.1015285776	-0.0958520231	-0.0087482211	0.0266950039	0.1383184262	0.0185189364	-0.0103443497	0.1711855154	-0.1575770615	-0.0144631661	0.134136605	0.0132597944	-0.1884594626	-0.03591564	0.0687539054	-0.0061342115	1.7868e-06	0.0707592427	-0.0566382014	-0.0173780375	-0.1031643404	0.0458388759	0.0689793067	0.0066468418	-0.0787034054	-0.0038588514	0.0374434054	-0.2255086954	-0.0283793892	-0.0187105269	0.080852633	0.1559166345	0.1771098489	-0.0413058449	-0.0040761826	-0.0384866712	0.0382833527	-0.1063942335	-0.1013839798	0.0462651033	-0.0836950105896221	0.0128823456283555	0.0001659548288884	0.0070048547975969	0.1692959601112136	0.1798356009911826	0.0323408433838598	0.0286611221099776	-0.057222906049688	-0.1129744952662789	0.0127632365806704	0.0032744609767714	0.0007429971231929	-0.0001599556446865	2.5585808267105805e-08	5.520447250729254e-07	4.405867802304009e-05	0.0002462708362557	6.064932479010156e-08	1.9411671091379157e-09	0.0001579833525179	0.0006278917768421	3.9424808342592957e-07	2.4958739672795065e-08	0.0	0.0	0.0
887.5579932644622	-2.544510366183204	787759.1914076391	6.4745330036137805	1483.8362693887807	3.814795698980788	2201770.0743536144	14.55266622496232	862.9127301781156	-1.2564816848611144	744618.3799034493	1.578746224391425	973.512190230608	739.0656373216191	1.059952	24.661955	0.3330504345378089	0.2382789740802546	-0.0255127452	0.0480733099	0.0155334851	-0.1885024367	-0.1123469286	-0.03487005	-0.0901737585	-0.1187783424	0.1491489318	0.1912365607	0.0243937217	-0.0883528888	-0.0473484846	-0.0960351025	0.069207654	0.1771502384	0.0312445025	0.0373242841	-0.008683524	0.1078245036	0.2218493146	-0.0446160995	-0.0457192724	0.104908793	0.1124887269	0.1399486339	0.0354356223	-0.002983026	0.0309084693	0.0202929343	-0.0569456478	-0.1129008732	-0.0851468887	0.0096703033	-0.0375734889	0.0432908779	-0.0277977019	-0.1160973235	0.1115408881	0.1145987638	-0.1752039006	-0.0711522092	0.1471956644	0.0171353084	-0.1729519267	-0.1257713215	-0.0552872613	0.0052728176	-0.022623679	0.070258019	0.0332700096	0.1222161246	-0.2392391778	-0.0129542808	0.0776416813	0.0312953997	0.016650097	-0.0748289961	0.1860181183	-0.1262881947	0.018790117	0.1214185716	-0.0947990848	-0.1706158036	0.049577495	0.1111641092	-0.0678264272	0.1175324164	-0.0539432836	0.0680698163	0.0212584148	0.0693811722	0.1249745524	0.0247981188	-0.0856629819	-0.157844499	-0.1473808881	-0.1659456762	-0.0117833344	0.171416325	-0.138155913	-0.0273490097	0.0185276117	-0.0045047583	-0.0542561219	0.0636082525	0.0429801836	-0.0028924491	0.0379665543	0.1840095726	-0.0943246921	0.0094366637	-0.2016555179	-0.0046446485	-0.1639826639	-0.0333921058	0.0443711421	-0.1426246717	-0.0326692163	-0.0907017786	0.0830665533	-0.0475751033	0.020385045	-0.0286752065	0.0830660083	0.0073324799	-0.1746926311	-0.0964831824	-0.0138611942	0.1078367633	0.0521396413	-0.0602785785	0.074872325	0.0252498605	0.1770383306	0.0350428114	-0.1100753719	-0.0948006283	0.0586099215	-0.0898487636763434	-0.0061537530867212	3.786867705233186e-05	0.0080728003341674	-0.057357880082236	-0.2266538401934495	0.0513719632744377	0.0032899264075281	0.0100989367262371	0.0673218427759251	0.0045322305147463	0.0001019885230005	0.000892018740186	0.0001490216169931	2.2207442331238193e-08	7.956974328430186e-07	0.0001678984272954	0.0001238397492723	1.5336283499840968e-08	2.8189881888268723e-08	-0.0002275752508509	-0.0003855586033688	1.4865543663169965e-07	5.1790494799850063e-08	0.0	0.0	0.0
883.3953291680865	-4.162664096375693	780387.3075959919	17.32777237925526	1482.4726845414948	-1.3635848472858925	2197725.2604116662	1.8593636357476904	862.07009882912	-0.8426313489956101	743164.8552952487	0.7100275903101617	969.1351303288108	701.3437873047031	1.216746	28.310089	0.177434268313237	0.1007213486476113	0.1619791443	0.0358894333	0.0294045237	0.1661613227	0.0222123263	0.1498295479	-0.0077798583	0.0986965085	0.2577585576	-0.1078336153	-0.0091847358	0.2002386282	-0.0226249738	0.0157281203	0.0028435505	0.07472576	0.0843847545	0.0339880459	-0.0965321698	-0.0794020499	-0.0934322816	0.0622930915	-0.0341064305	-0.1686581412	-0.0548888397	0.2311683337	0.0900795829	0.0138226282	0.0291250054	-0.0482711948	-0.0723895855	-0.0225961654	0.0607317525	-0.0067541033	-0.0397537004	-0.0070468393	-0.1544256326	-0.0404813241	0.0309282925	0.0521647652	0.1518858631	0.1155282214	0.0571478282	0.2164876455	0.032489476	0.1526142377	0.04173249	0.1924046753	0.0727009627	-0.0301455905	0.1181138332	0.0593322154	0.1033892414	0.0198066566	-0.0322822563	-0.0655351632	0.0504910275	0.1308853479	-0.0774528337	0.0236691315	0.1019187619	-0.0277677246	0.2513696595	-0.1883474328	-0.1821472827	0.0742716068	0.0155286749	0.0572383229	0.017087352	-0.0134131041	-0.0269358389	-0.0357944231	0.057736906	-0.0154740825	-0.037261704	-0.0646974581	0.0117501499	-0.0433104953	-0.0502938329	-0.0153707378	0.1047388699	-0.0230054064	0.0319234649	-0.013969293	-0.0206066853	0.0266053427	0.0551523425	-0.0494711932	-0.1333123729	0.1541078933	-0.0053367229	0.0957565374	0.055992167	-0.0618443897	-0.1022168314	0.0257180682	0.1762513746	0.1435360883	-0.0389985197	0.1124059352	-0.0966717767	-0.1565880356	0.0149839893	0.0437427103	0.060550513	0.0636508551	0.0430767486	0.0951185771	0.0295895373	0.1254623728	0.0160142549	0.0052121001	-0.0172371528	-0.0747520803	0.0675573314	0.0317782535	-0.1134548014	-0.0876327994	0.0703125971	-0.0911634594566948	-0.0013146957803513	1.7284249948737745e-06	0.0083107763401124	-0.0108331614102752	0.0465247186719608	0.002164549447505	0.000117357386141	0.096347882348212	0.0862489456219749	0.0074388806209023	0.0092829144329849	0.0011209494947671	0.000228930754581	5.240929039307178e-08	1.2565277698186165e-06	-0.0002022780561039	-0.0003701764833993	1.3703062886187225e-07	4.091641198117252e-08	-0.0004953861776495	-0.0002678109267986	7.172269251272513e-08	2.45407465006182e-07	0.0	0.0	0.0
892.2326830328897	8.837353864803163	796079.160672069	78.09882333175139	1478.9265381992657	-3.5461463422291217	2187223.705390064	12.57515388050498	865.359744272262	3.289645443142035	748847.4870069546	10.821767141585156	973.4418512204586	742.6695112294502	1.393361	32.419403	0.3479246500651552	0.2055131345690749	-0.0532765426	-0.1719361551	0.1415180026	-0.0531697243	-0.104948752	-0.1846835579	0.0311976113	0.0217331236	-0.0469209664	0.0106268075	0.1273642864	-0.0333699132	0.0052234905	-0.0506643031	0.0625587648	-0.1272074167	0.00479615	0.0157203188	0.1980512091	-0.0706157262	0.035591681	-0.0735214096	-0.1409148955	-0.0041996101	0.0196961595	-0.0921134541	-0.1718362183	0.0316991176	0.0270688471	0.0064628823	0.0244939857	-0.0502685586	-0.0633250787	-0.0148691323	-0.1335844547	-0.1383606285	0.0493647516	0.1076540467	-0.1363825375	0.1420719526	0.0142278363	-0.092131576	-0.0381923238	0.0699324574	-0.0256891647	-0.1256220958	0.0600903988	0.0445713128	0.0148066959	0.0141246635	-0.036242446	0.0456252241	0.1795724269	-0.0468206568	0.0896265281	-0.3099624838	0.0565266775	-0.1850985131	-0.0846135963	-0.0407092473	-0.0605725031	0.1243216694	0.0016905841	0.1173944762	0.0089541744	0.0191139206	0.0790055724	0.0169551143	0.1614909269	-0.0149932039	-0.079387969	-0.0124413466	0.0202986309	0.1512382184	0.1144040005	-0.025245833	0.0074492517	-0.0650869786	0.0341718361	0.0425686297	0.0332357681	0.0097590735	0.14055181	-0.1441253883	-0.1129240409	-0.0828686556	-0.055891952	0.0502027785	-0.0337608078	-0.1540034649	0.0930831032	-0.2035638578	-0.0505727945	0.0017497967	-0.110639333	-0.0306558057	0.0376219311	0.0108011045	0.1112928244	-0.0240913279	0.0768311543	0.0874205141	0.0344839455	0.0649863729	0.0060893009	-0.0594069156	-0.0812104931	-0.0586733014	0.1242513916	-0.0478481859	0.0181159165	0.1012540168	-0.1178950327	-0.0661277447	-0.0422015597	0.0284919163	-0.1165232592	-0.0799246852	0.0812449131	-0.0863434651793539	0.0048199942773408	2.323234483359897e-05	0.0074551939791783	0.1345429270934488	0.145376088503724	0.0211342071086426	0.018101799230873	-0.0428508735627275	-0.1391987559109395	0.0193762936471533	0.0018361973650888	0.0008259965148744	-0.0002949529798926	8.699726034758342e-08	6.822702425846549e-07	0.0001140261157668	0.0003163041718707	1.0004832914280933e-07	1.3001955076863676e-08	6.395289805011684e-05	0.0005593390756996	3.1286020160450174e-07	4.089973169008639e-09	0.0	0.0	0.0
890.7575363118589	-1.4751467210307965	793448.9884963726	2.1760578485679103	1486.1044828986617	7.177944699395994	2208506.5340914987	51.522890107587045	866.2028496960487	0.8431054237867102	750307.3768215555	0.7108267556185681	974.9961420336148	754.4516963395595	1.12426	26.158228	0.2999027749432252	0.2043340672921296	-0.1217595304	0.0835445436	0.1553351047	-0.029307157	-0.1136060415	-0.0430342281	-0.1030881211	-0.1817258477	0.1375510397	-0.0845545181	-0.0182421113	0.113248262	-0.0098159388	-0.1138653246	0.043213601	0.0121000345	-0.0319117822	-0.1033519227	0.0547823329	0.2514168029	0.1029861553	-0.0282693962	-0.0309515449	-0.0375980904	0.02822979	0.0650446761	0.0222070257	0.0544418535	0.0556553549	0.1251490429	-0.2369513223	-0.0646797164	-0.1349942917	0.0857806537	-0.0424513665	0.1104838784	0.0532685233	-0.0180020465	-0.1737188409	-0.0007346927	0.0877995874	-0.0530424001	-0.1117985128	-0.0641674655	0.0582923696	-0.0280624066	-0.0181100541	-0.0714424615	-0.1242270554	0.0890676874	0.0763879812	-0.0564952822	-0.138798589	-0.009952439	-0.02241581	0.0516362419	-0.0805552401	-0.0463631944	0.2151687922	0.069200578	-0.0424695224	0.0791549141	0.0393632921	-0.0015410386	-0.1347789271	0.0705620409	-0.0034952041	0.0784130853	-0.1049754522	-0.1944921925	-0.0562126039	-0.0081243751	0.0121488677	-0.1061239428	0.1233486193	-0.0155099946	-0.0428745408	-0.0580926689	0.0025588732	-0.0046028073	-0.0044380683	0.1635521102	0.0058648009	0.0809637171	-0.1281431108	0.0280177769	-0.0207589117	0.0059656268	0.0702375193	-0.0170333026	-0.0255615836	0.0406319215	-0.2195630155	0.0114787889	-0.0660837612	0.0008364738	0.0425719923	0.0219379915	0.0326438116	0.0746769059	0.0025267762	0.1021512946	0.0244352592	0.0657597603	0.0750623363	0.0827333215	-0.2082520961	0.1033949249	-0.1046258876	-0.0170841787	0.0807736854	-0.0419193971	-0.0043509803	-0.0027962644	0.0267015888	0.0251860523	-0.1192723348	-0.0717238087	0.0912870929	-0.1063356622811397	-0.0199921971017858	0.0003996879449566	0.0113072730727685	-0.0575809451308515	-0.1921238722243003	0.0369115822784592	0.0033155652421621	0.0166914038617207	0.0595422774244482	0.0035452828008899	0.000278602962875	0.0009430279551898	0.0001170314403154	1.3696358022297033e-08	8.893017242694555e-07	0.0001748476896914	6.082157392459999e-05	3.6992638546655806e-09	3.0571714590420106e-08	-0.0003230826515637	-0.0003870355496138	1.497965166648693e-07	1.0438239974143121e-07	0.0	0.0	0.0
883.4695418527018	-7.287994459157062	780518.4313814228	53.11486323670404	1485.117649311096	-0.9868335875655704	2205574.432295316	0.973840529547534	862.0774266831927	-4.125423012856004	743177.4895967154	17.01911503500191	970.9822168641052	719.2896034475774	1.192237	27.739841	0.2050956113532141	0.1219010566966858	0.0821046315	0.0334688998	-0.1983820103	0.0021186784	-0.0482619335	0.0708256452	-0.0867588604	0.0286717854	0.2021421116	0.0205454132	-0.1108271189	0.1083258728	-0.0482450819	0.1033757126	0.0442436242	0.1346141209	0.0493051337	0.0226455043	-0.0557769618	-0.0190869267	0.0989528306	0.0154966761	0.1254231788	-0.0540288528	0.0186311858	0.2286868867	0.160719552	-0.0295956163	-0.0201910349	0.1298449936	0.0014213347	0.0395653471	0.1256237298	0.0428404354	0.1252318163	-0.217135343	0.0125480137	-0.0591829758	0.1416881255	-0.1214437955	0.1806204693	-0.0014146076	-0.0997916405	-0.0498691321	0.0333040192	-0.068309663	-0.0157571872	-0.03797652	-0.1386969325	-0.0504130403	0.0087856885	0.0839273958	-0.0122693809	0.0101650948	0.0055902894	-0.0850845802	-0.0068312035	0.0403893501	0.0515077359	-0.1022034308	0.0493925625	-0.1114424769	0.0420595962	-0.2474865273	-0.1736944721	0.0778288387	-0.0593589611	0.0458131521	-0.0599939377	0.0396272866	-0.1108120042	-0.0164600345	0.0427916176	-0.1668330156	-0.001899128	0.1625778694	0.0565056024	0.2611179812	-0.008255339	-0.0418237514	-0.0971310136	-0.0314128483	-0.0470937083	-0.0199363717	-0.037451731	-0.0078387695	0.0267453904	-0.0552950715	-0.0553812662	0.0137381309	0.0651088698	0.0393422435	0.0216309313	0.0118427286	-0.0563642947	-0.0368605871	0.0990040531	-0.0844195337	-0.1639215632	-0.0199748683	-0.0507926777	-0.1237477291	0.0512486646	-0.1099651614	0.0623465763	0.0060641761	0.065782901	0.1791133129	0.0946387932	0.124118502	-0.1989517682	-0.0706017529	-0.0233170039	0.0593814552	-0.1183366966	0.0218629269	-0.1216944932	-0.063080731	0.1003291122	-0.0888452499249297	0.01749041235621	0.0003059145243902	0.0078934784342232	0.0304382281296966	0.088019173260548	0.0077473748614703	0.0009264857316754	0.0981724520522817	0.081481048190561	0.0066391612142325	0.0096378303419575	0.0010539873317958	0.0001109593766059	1.231198325679213e-08	1.1108892955860298e-06	-7.56701829836004e-05	-0.000250517872675	6.275920452960772e-08	5.7259765927715675e-09	-0.0003224603499268	6.223016369000093e-07	3.872593272884311e-13	1.039806772749143e-07	0.0	0.0	0.0
890.9478457362902	7.47830388358841	793788.0638221364	55.92502897529349	1477.5910075868155	-7.52664172428058	2183275.1857014205	56.65033564568135	864.6915304967229	2.614103813530164	747691.442912765	6.833538747912948	973.4503398785876	731.4110870704112	1.209309	28.137054	0.2733534831813323	0.1527813756494529	-0.0373057435	-0.217840691	-0.0568659868	0.0600137374	-0.0256369315	-0.1832888952	0.0136312178	0.0038685676	0.0608534519	0.0018119824	-0.0007505102	-0.0984275761	0.0590080407	0.0947450819	-0.0697016983	0.1499213173	0.0739046407	-0.0330083617	0.1773577718	-0.0147951597	0.0164092334	0.1529746082	-0.0903017676	0.0181417557	0.1295843175	-0.1407720615	0.0063354536	-0.0063667815	0.1145603289	-0.1038460859	-0.0729064032	0.0226202799	-0.0901145845	0.0527000567	0.1691484187	0.1126495926	-0.0858919433	-0.129092806	0.1743575109	0.0817891042	0.0242491012	-0.1607224416	0.1863336217	-0.0383171024	0.1205827003	-0.0201330112	-0.010206281	-0.0383900831	0.0221100106	-0.0575563686	-0.0682019741	0.0418634995	0.0332713002	0.0867818872	-0.1032072296	-0.1713250046	-0.215646037	-0.1975104318	-0.0320059277	0.1097128456	0.0861822063	0.0270595869	0.0087206409	-0.0445842141	0.0668563911	0.1778675595	-0.0398148096	-0.0309797336	0.0878231447	-0.0128628708	0.0577381349	-0.03664918	-0.1798642009	0.1112030754	0.0924579538	0.0670456885	-0.1283751836	0.0181017776	-0.0573718492	0.0360852257	0.2280302591	-0.1885460673	-0.1783074922	0.0532821343	-0.0730137285	-0.0171449736	-0.1207659575	-0.1427002749	-0.0155914817	-0.0347108538	-0.1928671447	-0.1781220052	-0.093409829	-0.0488650244	0.0355997889	0.1522416943	0.1493347126	0.0128659686	-0.0433283545	0.073031047	0.0197858776	-0.0331187867	-0.0851642127	0.0970250823	-0.0389390535	0.0382498138	-0.0008639126	-0.0150260708	0.0938698483	-0.0286141348	0.0490429184	0.1375646607	-0.1668865797	-0.0494426004	-0.0643091838	0.0185248178	-0.1237830955	-0.0540487397	0.1082719048	-0.0859275284705773	0.0029177214543524	8.51309848518829e-06	0.0073835401490618	0.1126905430839713	0.0822523149542747	0.0067654433153372	0.0126991585005603	-0.0238531805042185	-0.1220256325565002	0.014890255000814	0.0005689742201668	0.0006779624509633	-0.0003760248808325	1.4139471100509584e-07	4.596330849161649e-07	0.0002730935597625	0.0003487637427461	1.216361482542681e-07	7.458009238375415e-08	0.0002759073108187	0.0005983676607455	3.580438574260418e-07	7.612484416320671e-08	0.0	0.0	0.0
888.070959377712	-2.87688635857819	788670.0288900499	8.276475120173279	1487.4181219450045	9.827114358188965	2212412.6694904044	96.57217660892373	863.1093832033929	-1.5821472933299674	744957.8073737413	2.503190057791342	971.7273476921432	744.6777814539467	1.243155	28.924555	0.4105695468511068	0.2599587791881663	-0.0588614659	0.1326342936	0.0447318161	0.0080302128	-0.0079453947	0.0839948779	-0.0828329656	-0.1261304305	-0.0906241206	0.1298770521	-0.0793640732	-0.1717389208	-0.1909115475	-0.0150201746	-0.0822255568	-0.0434425504	0.0477077987	0.1701610939	-0.0736522634	0.086478454	0.019514226	0.0112583403	-0.0635583359	0.0285704751	-0.1219979735	-0.0116968211	-0.1614039639	0.0668947366	0.1790571795	-0.125705176	0.0276140999	0.1097046189	0.054666329	-0.1864342436	0.1168336053	-0.0361536873	-0.0822518124	-0.1533387923	-0.0386221876	-0.101931104	0.0184642361	0.0642556377	0.1634047542	0.03203902	0.0918122161	-0.0842527888	-0.1490276986	0.1949832154	0.0832079226	-0.1588302174	-0.0003331045	0.1901734427	0.1326946145	-0.0712003244	0.1033335592	0.0333574898	0.0118908764	0.0580134354	0.1378012849	0.0196838993	0.0185449902	0.0298919961	-0.029575784	-0.0433238431	0.0805005759	-0.1418649658	-0.1045008634	0.0271195963	0.2765777119	0.0240232215	-0.0800021928	-0.0439782492	-0.0589212108	0.036504863	-0.056591672	0.1108806513	0.0013907985	-0.0548431143	-0.1997652168	-0.1937131079	0.1538358914	0.0164322613	-0.0557341975	0.1172429434	0.0802797779	0.0784233928	-0.0744796108	0.01454609	-0.0784088086	-0.0117919363	0.0435619317	0.1145623613	-0.0976984875	-0.02790366	0.0127031896	0.0009375067	0.0268441126	0.0349007851	0.0007364349	0.0500086866	0.0023321665	-0.0975891463	0.1949559103	-0.1145475967	-0.1157079061	-0.070815291	-0.0453424731	-0.0759982974	0.0211514521	-0.0193777171	0.018319145	0.0639915419	0.0046812202	-0.0225586695	0.0542608705	0.0151740128	-0.1255324169	-0.0446835199	0.1150284477	-0.0857582579178881	0.0001692705526891	2.8652520007706932e-08	0.007354478801111	-0.1009411452378969	-0.2136316883218682	0.0456384982552518	0.0101891148019381	0.1195677856654242	0.1434209661696427	0.0205695735370337	0.0142964553689328	0.0009629965758133	0.00028503412485	8.124445232900539e-08	9.273624050281408e-07	-0.0002020147158385	-0.000475108275601	2.2572787354455577e-07	4.08099454153099e-08	-3.090272486843315e-05	-0.0003068100356871	9.41323979983399e-08	9.549784042940766e-10	0.0	0.0	0.0
886.5972869859213	-1.4736723917907284	786054.7492907961	2.1717103183262063	1482.4744876689556	-4.943634276048897	2197730.606589332	24.4395198553255	863.4267730234559	0.3173898200629992	745505.7923736984	0.100736297879623	969.8133682924667	714.6730705654207	1.119411	26.045403	0.318073294488344	0.2529508487348367	0.0920415891	-0.0430885637	0.1149200179	-0.04328695	-0.0869778147	-0.0293337379	0.0020077996	0.1112935754	-0.1041023749	0.1825780177	0.0364656015	0.0352940852	-0.0501985487	0.0080229271	-0.0155307271	-0.1825709533	0.0779925988	0.2034727659	0.0374668411	-0.1225843201	0.0867587297	-0.1648260031	-0.0439330128	-0.0020664961	-0.1338102837	0.0254057889	-0.0437342106	-0.0288846151	-0.1007171039	0.0957867597	-0.0766197876	-0.0801027299	-0.0440599845	-0.1774589758	-0.107972581	0.1120101232	0.0889578553	0.1071450452	-0.0043309622	-0.1418163597	-0.0571208117	0.1011317943	-0.1626122304	0.0475897272	0.108888692	0.1001509965	-0.1799037467	0.1284902881	-0.0105083152	0.0491991828	0.0597240353	0.0502874282	0.0343083329	0.1144890915	-0.0475157652	-0.0303216657	0.0370020786	0.0054755978	-0.108613922	-0.198323184	-0.0657288623	0.0719972971	0.0042761075	0.0887128265	-0.039997221	-0.1449464609	0.0267133664	0.0150372404	0.0082006475	0.0630227074	-0.0770415523	-0.0185281915	0.147816874	-0.1272590307	0.1930655518	-0.1122618374	0.0475056779	0.0042018199	-0.1819083766	0.0455346384	0.0810632498	0.0023849009	-0.1184539035	-0.0297744367	0.1150782195	0.0556102429	0.0033503379	0.0219888595	-0.1439949109	-0.0472969347	0.0601778725	-0.092186361	0.1193891398	0.0465146944	-0.1093480332	-0.0967644675	0.0243532833	0.0766422435	0.0432080558	-0.0054789712	-0.0693448012	0.1769092968	0.0523321224	-0.1086418963	0.1156825025	-0.0046653754	-0.0524658014	-0.066386538	0.0446898298	-0.0980923189	-0.0555617077	-0.1291243765	-0.0935149202	0.1441476525	-0.0731779166	0.0118128082	-0.1269376627	-0.0350428114	0.1205247148	-0.0751563786893285	0.0106018792285595	0.0001123998431769	0.0056484812576937	0.1485359673888808	0.2494771126267777	0.0622388297245939	0.0220629336081506	0.0904260830235941	-0.02914170264183	0.0008492388328648	0.0081768764909899	0.000769017705168	-0.0001939788706452	3.7627802256826e-08	5.91388230861857e-07	-0.0001268933418145	7.512137402399999e-05	5.6432208352537e-09	1.6101920196851537e-08	0.0002770490302858	0.0003079517551542	9.483428350257277e-08	7.675616518230213e-08	0.0	0.0	0.0
891.9593388904872	5.362051904565874	795591.4622339549	28.751600627258515	1482.792224266801	0.3177365978453963	2198672.780346087	0.1009565456103671	865.686155648067	2.259382624611135	749412.5200807294	5.1048098443947	974.5907789116618	748.9050514309336	1.139408	26.51067	0.1676987313925493	0.105948508676687	-0.0872686235	-0.0464718967	0.0331684647	-0.068532368	-0.1194663618	-0.1159160029	-0.0147450393	-0.0306016093	0.1154864655	-0.1142239622	0.1357428029	-0.0406006046	0.0097709264	-0.0167732737	0.0917005639	0.0265476094	-0.1259239295	0.014624586	0.1530558371	0.0656682087	-0.0552462575	0.1104290851	-0.1019749153	0.1066306728	-0.1263995874	-0.1152987044	0.0958727739	0.0652889595	0.0378006525	-0.0619317258	-0.0553172715	0.0981350178	0.1446059403	0.0133954331	0.0205880849	-0.0254327026	0.0762123218	0.1625911848	0.1113917442	0.0945269583	0.0489328645	-0.1130340973	-0.0382466663	0.1153752929	-0.1056797536	0.1554434995	-0.117450784	-0.0365170948	0.0482769361	0.0823261002	0.2128771813	0.001299522	-0.0136741166	0.0441281213	0.0688997747	0.0101821689	0.0235062912	-0.1467118001	0.0185671755	0.1697173006	0.0597138823	0.0398875888	0.0304407781	-0.0270919067	-0.0444443097	-0.0055202321	0.1194405907	0.0493126145	0.0505037629	0.0328236503	-0.0130164326	0.1505424394	-0.1082708222	-0.053741887	-0.0343096572	-0.1234446132	0.1902574429	0.128773594	-0.0606086674	0.056678591	-0.0404274113	-0.1008782013	0.101518023	-0.0622445309	-0.0621598428	-0.0153755304	-0.03870984	0.0741406532	-0.1707611271	-0.0182968246	-0.0472526217	-0.0829384781	-0.0919805633	0.0089824064	0.0403004261	0.1183994066	0.042056328	0.0696484476	0.0809065754	-0.1570960974	-0.0303250431	-0.0236005102	0.0732960554	0.0810254114	-0.0949695932	0.1399648961	0.1119450641	0.0440615101	-0.0587713436	-0.1038560368	-0.0419467558	-0.0866947685	0.042258841	0.0485804358	0.1346978054	0.0084435077	-0.1279949812	-0.0251860523	0.124700488	-0.0938653064274745	-0.0187089277381459	0.0003500239771111	0.0088106957507236	0.0475185625608816	-0.1010174048279992	0.0102045160781838	0.0022580137878524	0.0647299084593839	-0.0256961745642102	0.0006602933872343	0.0041899610491602	0.0006470049193316	-0.0001220127858364	1.4887119907559233e-08	4.1861536563929017e-07	-2.133987614572064e-05	0.0001055534656687	1.1141534114690184e-08	4.5539031391469677e-10	0.0004950072640245	0.0002179582337386	4.7505791654493774e-08	2.45032191437021e-07	0.0	0.0	0.0
883.8535495369441	-8.10578935354306	781197.0970290554	65.703821044012	1488.299244888265	5.507020621464108	2215034.64233498	30.327276125230924	862.5268232291769	-3.1593324188901306	743952.5207898158	9.981381333050164	970.0518872448137	724.372773254943	1.333148	31.018436	0.3497765913279121	0.2073152230993352	0.0792877145	0.1845028059	-0.0753265543	0.0729330495	0.0180655424	0.1994016874	-0.0090312125	-0.0642076147	0.0301893004	0.0468793029	0.0596983997	0.0124756111	0.1272780814	-0.1496163504	0.0009589326	-0.0357409744	-0.0180745519	0.0187734989	-0.1640152146	0.0608846059	-0.0246188373	0.1146350337	0.073219138	-0.0662702002	0.1776804656	-0.0463528308	-0.1565105474	-0.1318507299	-0.0125456574	-0.0534783426	-0.0926327695	0.1015223513	0.0570275487	0.0180040184	0.0633457676	-0.0330516482	0.1643247475	-0.0487341587	0.1364155867	0.0310971194	0.044421238	0.1142259453	-0.0414389408	0.0786783286	-0.0778019933	-0.0158852002	-0.0183915588	-0.1145222102	0.2107796097	0.0440461988	-0.1286808591	-0.0009524765	-0.0527796555	-0.126597966	0.022485241	-0.1296254406	0.1030360682	0.1653110687	0.0800225446	0.0127855294	0.0608522941	-0.0837278037	0.0577860364	0.0480064331	0.0905196818	0.1565680837	0.0114050964	0.062735064	0.0149266927	0.0511705886	-0.1140454116	-0.0907274248	-0.0859251687	0.0772848947	0.0338385068	-0.080803307	0.1407834975	0.0388085822	-0.0365698101	0.0769267155	-0.0700489672	0.0594704709	-0.0946978052	-0.1462966673	0.0018671323	-0.0533574616	-0.0526678826	0.0116905139	-0.0394384703	-0.0244713792	-0.2212975267	0.1933292759	0.0146760394	0.0118967586	0.0351982784	0.0427376915	-0.0675647558	0.0219127217	-0.0999485012	-0.0342664448	0.1222504291	-0.0087258938	-0.0271735994	-0.0129404575	0.1154623507	-0.067961397	0.0330892195	-0.1334410957	-0.0221609312	-0.16248333	0.0035201311	0.0975650888	-0.0872237844	-0.006331269	0.1175693509	0.0050684204	-0.1287014744	-0.0151740128	0.1275100165	-0.0923430719326035	0.001522234494871	2.3171978573751765e-06	0.0085272429339499	-0.0968861446875024	-0.144404707248384	0.0208527194754914	0.0093869250324076	0.207224430760057	0.1424945223006731	0.020304688885697	0.0429419647038296	0.0009619768645631	0.0003149719452315	9.920732628291505e-08	9.253994879546528e-07	-0.0002575869205081	-0.0002362470443623	5.581266596996005e-08	6.635102161684623e-08	-0.0001808762920613	-0.0006758835560858	4.568185813871867e-07	3.27162330298447e-08	0.0	0.0	0.0
884.632272741068	0.7787232041239349	782574.2579750274	0.6064098286410476	1476.72582153806	-11.573423350205076	2180719.1519972584	133.94412804307208	861.8513038180838	-0.6755194110930915	742787.669892931	0.4563264747635572	967.995958375996	702.0185159002556	1.109126	25.806089	0.2991956262364181	0.2153514301752762	0.1170688156	-0.1014970787	-0.1231714243	-0.0883615269	0.0724344148	-0.0221851197	0.1072029819	0.1252303101	-0.119897092	0.0035280707	-0.1895798938	0.0274049359	-0.041688522	0.019681391	0.0455403378	-0.0874790281	0.0435074797	-0.135995367	-0.0477580031	-0.1398410412	-0.0099395672	0.0237974253	0.1477421551	0.1580773061	-0.0459076691	0.0298107775	-0.0322505138	0.0873989066	0.0636841165	0.0869626662	0.1020368913	0.0919983417	-0.0560736757	-0.0609259746	0.075982064	-0.1691700399	-0.2178201096	0.0422014436	0.1309601836	0.1002143342	0.0369784248	-0.0640572876	-0.1736284002	-0.1420909149	0.0403104386	0.1017057891	0.0203421707	0.0198574474	-0.0573971709	0.0367053508	0.0283194092	-0.0391935051	-0.0037834223	-0.0358390128	0.136588416	0.0240308117	-0.1126177353	0.0317328059	-0.1326340178	-0.0559877503	0.0122594544	-0.1031869357	-0.178549877	0.0036626827	-0.0012502687	-0.1140861118	-0.0798647639	-0.0115473496	0.0026397134	-0.0789104884	0.0680668279	-0.0366499282	0.0426420187	0.0068634466	-0.1150232464	0.1433494644	-0.1206468789	0.0386039697	0.0850633542	0.0166511816	-0.0129899457	-0.1355973842	0.1124368912	0.0667067581	-0.1472279342	0.0184881557	-0.040114475	0.02524737	-0.2158731277	0.1459133952	-0.1206541615	-0.0291125671	0.1902834166	0.0138541059	0.0029607992	0.0133882468	-0.0239173326	-0.1867756943	-0.0393195576	0.012163122	-0.065415724	0.0230948354	0.0164999425	-0.1034501824	-0.084792745	0.0464274202	0.1176662257	-0.0574046273	-0.0897673872	0.0493155928	0.1280787893	0.0095147802	0.0120282808	0.114425716	0.0926760047	0.0016898595	-0.1290552057	-0.0050684204	0.1289225186	-0.0782608239900923	0.0140822479425112	0.0001983097071143	0.0061247565716082	0.112219073197906	0.2091052178854084	0.0437249921469041	0.0125931203893969	0.1684692680284385	-0.0387551627316185	0.0015019626383542	0.0283818942700378	0.0006540243459191	-0.0003079525186439	9.483475373918313e-08	4.277478450549066e-07	-0.0002219277772992	3.5659143208899985e-05	1.2715744943928381e-09	4.925193833696332e-08	0.0002205719996234	0.0004014482916847	1.6116073089656404e-07	4.865200701786517e-08	0.0	0.0	0.0
887.9813480134933	3.349075272425239	788510.8744198607	11.216305180370188	1481.7523203073192	5.026498769259206	2195589.9387361244	25.26568987736431	863.0718074308294	1.2205036127455742	744892.9447819187	1.4896290687249985	971.129186506102	727.3111140063853	0.97049	22.580448	0.1063113700567623	0.0815021968734232	-0.0120732113	-0.0316855157	-0.0786307999	-0.0380216047	0.0584631767	-0.0283498759	-0.0078114449	0.0536087792	-0.0838647115	-0.0033809891	0.0826326349	0.0027232796	-0.0523587127	0.0301184737	-0.0151687241	0.0755894221	-0.094788193	-0.0238330426	-0.0102365845	-0.0217432527	0.0421505022	-0.0193320973	0.137522055	0.0094182875	-0.0710253543	0.0409882995	-0.0233107515	-0.2269048701	-0.0493649611	-0.0801975802	-0.1124803773	-0.0193726221	0.1002764465	0.2617522687	0.1402780421	0.0060085323	-0.0591714392	0.0712509211	-0.0247412299	0.1481761732	0.0959566535	0.0850282819	0.0161860876	-0.2243437295	-0.1705304962	-0.1499718902	0.0658793942	0.0016506063	-0.0254154257	0.0814625933	-0.1166047864	0.0186921472	0.1677229013	0.1042055322	-0.0779101106	0.1542366557	0.1229421654	-0.022807597	0.0082182674	-0.0327415278	-0.0503889731	-0.0346794415	-0.0491685616	-0.0865022179	0.0548181304	-0.0557081592	0.005973583	-0.01732613	-0.1674975128	0.1607287486	-0.0878616894	0.0247206705	-0.0955640769	-0.0688201879	-0.3308299653	0.013734971	0.0298068936	-0.1034651894	0.215906127	-0.2087341927	-0.1095204581	0.0946022505	0.0034941788	0.0661713334	-0.1143641646	0.1103577954	0.108472223	-0.0501241375	-0.0323691421	-0.1381516198	-0.0582320368	-0.005375437	0.0154785203	-0.0299656995	0.0314703585	0.0309495138	-0.1047419588	0.0040810924	-0.0446488462	-0.1887996667	-0.030579933	-0.1358494071	0.0287678256	0.0408589758	-0.0148340178	-0.0477654063	0.1305623939	0.1018196517	-0.0175752757	-0.0791512328	0.0494821587	-0.2517672427	0.0185077094	0.1895785943	-0.0757572712	-0.0016898595	-0.1290552057	0.0050684204	0.1289225186	-0.0784410272350442	-0.0001802032449519	3.247320949119799e-08	0.0061529947536889	0.0329291259325827	-0.0792899472653232	0.0062868957373377	0.0010843273346838	0.1508013551516143	-0.0176679128768242	0.000312155145423	0.0227410487155633	0.0006050104170467	-4.901392887239999e-05	2.402365223508685e-09	3.660376047350219e-07	-9.293160329804095e-05	0.0001289961740011	1.6640012906937304e-08	8.636282891544457e-09	0.0002260280301431	5.456030519700004e-06	2.97682690318979e-11	5.1088670410370134e-08	0.0	0.0	0.0
881.3303130137508	-6.651034999742478	776743.120636916	44.23626656779943	1480.769242547235	-0.9830777600841428	2192677.549673912	0.9664418823720556	861.0335338915403	-2.0382735392890936	741378.7464857543	4.154559020966088	967.7827773513064	705.1407274042994	1.178001	27.408611	0.219444882658882	0.1323465186875431	0.1461474486	0.1492601042	-0.0256421187	0.1459495538	0.00103962	0.1822721539	0.0784287199	0.0454172747	-0.0469425534	0.0589214287	-0.0221913751	-0.0065655859	0.1350875992	0.0066937512	-0.1224739388	0.1395376675	-0.0298355114	-0.1406269107	-0.222344327	-0.0315906001	-0.0333005684	0.051749162	0.0485016328	0.0075909847	0.1557189373	-0.1879444479	0.0192972142	-0.1279673316	-0.0379821355	0.0551697087	0.0638854509	-0.0025873178	-0.1361065093	0.002186243	-0.1446030883	-0.0511969656	-0.0606451316	0.0046352112	0.056453156	-0.0365207373	0.0432563227	-0.1278033047	-0.1323870593	0.0311111042	0.028889485	-0.0922841289	-0.070997363	-0.1217134406	0.100083375	-0.0975252317	-0.0929954208	0.0277892864	-0.0420908011	0.091383034	-0.0179000689	0.1000311192	-0.020188773	0.1880325754	0.00291917	-0.029787459	0.0899896969	-0.0456224423	0.0548148102	0.1145616702	0.2280494172	0.0352680329	-0.077945061	-0.1467255998	-0.0777276925	-0.0270748124	0.0664670594	-0.043079155	-0.0132938213	-0.0193033877	-0.0100315953	-0.1268704333	-0.1123460923	0.0127524523	0.020015882	0.0865177861	-0.1944867277	-0.0533377022	0.0399737276	-0.1043703597	-0.1342428559	0.1118209882	-0.0325229274	-0.0538712354	0.070406782	-0.0477614256	0.0308700506	0.1765548159	0.1110898831	-0.0425650226	0.0169218189	0.0407951637	-0.093416413	0.0672710674	-0.0684561043	0.0754212374	0.2080502534	0.0708523783	-0.176134325	-0.0066016115	-0.0097742384	-0.0930816368	-0.1023997068	-0.1529211053	0.083743447	-0.1089095035	-0.0971953603	0.0297669866	0.0538655215	-0.0834075945	-0.094444436	-0.0050684204	-0.1287014744	0.0151740128	0.1275100165	-0.0763801235130614	0.0020609037219828	4.247324151282598e-06	0.0058339232678705	-0.039985924214335	-0.0729150501469177	0.0053166045379275	0.0015988741352745	0.260519949505138	0.1097185943535237	0.012038169946913	0.0678706440901596	0.0010410006246065	0.0004359902075598	1.9008746108803749e-07	1.083682300431123e-06	-0.0001399929097225	-4.706130642445904e-05	2.2147665623768292e-09	1.9598014772572037e-08	1.4072855398202964e-05	-0.0002119551747448	4.492499610113984e-08	1.9804525905873028e-10	0.0	0.0	0.0
884.2447969797219	2.914483965971044	781888.8609857095	8.494216787902307	1476.5287144506642	-4.24052809657087	2180137.044597331	17.982078537806963	861.8725057619866	0.8389718704463576	742824.2161884457	0.7038737994002597	968.4454332541812	690.1321198459767	1.171952	27.26787	0.3116686358179514	0.1906706097327901	0.1580110202	-0.1439828901	-0.169073451	-0.0702257609	0.0758269538	-0.0406153462	0.1010643779	0.1945721893	-0.1102935602	-0.0230508791	-0.1694714785	0.0184987854	0.0020399821	0.1263359503	0.0128818069	0.0169519657	0.0062773017	-0.0673257804	0.0204321862	-0.1726945958	-0.0520220793	0.0100331532	0.0760939274	0.0557314017	-0.0200392915	0.159865005	0.005670623	-0.0030871535	-0.0618150105	0.0281363655	0.0291754891	0.0673810932	0.0204686206	-0.0553582914	-0.0953515875	0.09255655	-0.1154903295	-0.0043687124	-0.0888675796	0.0495116006	-0.0112110701	0.0285383289	-0.0608494835	-0.0052183339	0.0858562505	0.1434373709	0.0365232802	0.0058574153	0.0355942184	0.0215489315	-0.0207363442	0.137984963	-0.1451829656	-0.024345422	-0.0688088839	0.1468741762	0.0706329777	-0.0080779369	-0.1786284611	-0.0531043806	0.0086960809	-0.1149986997	-0.1277397306	-0.0232792382	-0.0030650531	-0.0861569231	-0.0522820917	-0.0115206453	-0.0469646529	0.0180005725	0.0415173106	-0.0989402257	0.0219885973	-0.0975341537	-0.1262892459	0.0378671747	-0.0227908872	-0.0758319841	0.09011701	0.063711938	0.1103205282	0.0780593501	0.0807038752	0.0144183502	-0.0179306545	-0.0816978861	0.0135318298	0.0680483321	0.1331004781	0.0151708589	-0.0975133116	-0.0636409405	0.1985960533	-0.0326431789	0.0123285263	0.0459336922	-0.0224554666	-0.2012076697	-0.0180701101	0.0183898455	-0.0763453872	-0.0435015726	-0.0582815798	-0.1825492406	-0.1123670494	0.0464915521	0.0653386261	-0.002171943	0.0127325959	0.0392791814	0.0829752169	0.0013107568	-0.0716151607	0.0493232951	0.0847100939	-0.0084435077	-0.1279949812	0.0251860523	0.124700488	-0.065661524728469	0.0107185987845923	0.000114888359905	0.0043114358296673	0.1286335208155264	0.1686194450298614	0.0284325172421784	0.0165465826773984	0.1755836593556452	-0.0849362901494928	0.0072141733843588	0.0308296214327192	0.0005870524158911	-0.0004539482087154	2.0606897619592042e-07	3.4463053900357705e-07	-0.0003309067531136	-0.0001909138433911	3.6448095598361475e-08	1.0949927925618505e-07	0.0003170968403718	0.0003030239849735	9.182353546927876e-08	1.005504061737788e-07	0.0	0.0	0.0
890.9426095761297	6.697812596407857	793778.7335583239	44.860693576599765	1482.4050830061935	5.876368555529325	2197524.8301225994	34.53170740041381	865.4915976210448	3.6190918590581305	749075.7055526285	13.097825884300835	972.8927104673876	727.2230333810593	1.080066	25.129951	0.215061890739391	0.1462231454415682	-0.0317057894	-0.0573499767	-0.0034184513	-0.0052841311	0.1318224626	-0.0417534518	0.0027837035	0.0071094773	-0.1342371425	-0.0803522396	0.1737225031	-0.0060756065	-0.0194663603	-0.001987361	-0.0575407989	0.0616410857	-0.1495882593	0.1856247405	0.0721033296	0.0752117179	-0.1403953992	-0.0899505498	-0.0284046707	-0.0205767365	-0.0893453524	-0.097448197	0.0709844565	-0.0006736589	0.0769386139	0.1035806085	-0.0504197035	0.0352406192	0.1060522499	-0.0599844486	0.018616603	0.0497587689	0.0638109464	0.024022301	-0.0954477589	0.0868727442	0.1588064785	0.0571771705	0.0284333953	-0.1386063838	0.0392019305	0.1085808762	-0.0832141954	-0.2342744362	-0.0211895462	-0.1426663434	-0.1924256167	-0.0293701438	-0.0839807322	0.0897214255	-0.115837203	0.0309440986	0.0589553926	-0.0322155139	0.0004601869	0.0874911162	-0.1982787888	0.0253683394	0.0216716731	-0.036770824	0.0886307702	-0.0673004784	0.0666283898	0.0457600798	-0.0742772623	0.1117630871	0.0373315251	0.1115234703	-0.0665810367	0.0455062196	-0.0238381501	0.0587078326	0.1348100477	0.075951744	0.0188432455	-0.0430188112	0.1144539574	0.2238506896	-0.1438262029	0.0621358258	-0.1633356579	0.0703485822	-0.0899747856	0.0604082166	0.0386729239	0.0583695404	0.0849652577	-0.0153537145	-0.0422847515	-0.1096570977	0.0172063651	-0.012611978	-0.1879363585	-0.0208486172	0.0130910742	-0.0851261474	-0.0467558732	-0.1956887647	0.0156835023	0.0808445167	-0.1169795381	-0.0776629008	0.0258722474	0.1004095914	0.098707386	0.0084360177	0.0930928778	-0.1453018276	-0.0060280628	0.1490294208	-0.1140820175	-0.0118128082	-0.1269376627	0.0350428114	0.1205247148	-0.0690978634994223	-0.0034363387709532	1.1808424148756823e-05	0.0047745147401847	-0.005555217092521	-0.1341887379080474	0.0180066173813546	3.086043694503747e-05	0.1205658315871431	-0.0550178277685021	0.0030269613723645	0.0145361197462993	0.0006520004404467	6.494802455559996e-05	4.218245893674815e-09	4.251045743426907e-07	-1.3790913009348316e-06	0.0003295276618126	1.0858847989972224e-07	1.9018928163141267e-12	0.0003710008798413	5.3904039469500006e-05	2.9056454711294147e-09	1.3764165284301874e-07	0.0	0.0	0.0
885.3193315519167	-5.62327802421305	783790.3188195325	31.621255737597423	1485.3295671781748	2.9244841719812484	2206203.923133704	8.552607672168849	863.2875204295574	-2.204077191487386	745265.3429294134	4.857956266034923	969.9759459949158	728.9880876259565	1.124401	26.161503	0.1881722456104168	0.1066070127468652	0.0343282582	0.1862697702	-0.0617508591	0.1330619907	0.0716662623	0.1509546262	0.0108066372	-0.0638023488	-0.0857686687	-0.043968525	0.0256090166	0.0187373007	0.1439035985	0.0112594588	-0.1141882261	0.0521730459	-0.14923137	-0.0645220173	-0.1387741605	0.0639835507	-0.0594438947	0.0122002287	-0.0233819339	-0.0418624492	0.2153158256	-0.1514525239	-0.0690368544	-0.0212376989	-0.086337518	0.0491005131	-0.0470195964	0.0267973924	0.0224365821	-0.1977165894	0.0058278609	-0.091137763	0.0509512905	0.0541642555	-0.1021754563	-0.0756479728	-0.1089949199	-0.1702803304	0.0322215859	0.1338319875	-0.1595246912	0.0989316704	0.0015541654	0.0230184844	-0.0628578163	-0.0492816823	-0.0749656992	-0.0874740493	-0.0255560263	-0.026074595	-0.1015002413	0.0473601662	-0.1181569356	0.1449821078	0.064968365	0.0529770419	0.0192396011	-0.0435934421	0.0742746828	0.21332124	0.1482142607	0.0716126712	0.0266265015	-0.0920132041	-0.0982223027	0.0051954519	-0.0115785539	-0.1008088924	0.0049114433	0.0743699473	0.0211382733	-0.0303104779	0.0617778151	0.1635392458	-0.0679170593	0.1291753774	0.0025586619	0.068047738	0.1123704566	0.1205007253	0.0117527391	0.0099250836	-0.1122430284	0.0838430254	0.0997129951	0.0271972645	0.0613826257	0.1567917115	0.0323534461	-0.038284475	0.0957320499	0.0001705733	-0.2621233247	0.0650141211	-0.0512400815	-0.0274810084	0.1284956427	0.0890345456	-0.1356430646	0.0478681838	0.06353251	-0.0969484179	0.0310852473	-0.0043096894	0.0022135382	-0.1092454318	0.0042377792	0.2566378934	-0.0086153874	-0.0851962482	0.0061947036	-0.0151740128	-0.1255324169	0.0446835199	0.1150284477	-0.0576469528460137	0.0114509106534086	0.0001311233547923	0.0033231711724305	-0.0412447123606796	-0.0356894952681586	0.0012737400724959	0.0017011262977151	0.2181705294873381	0.0976046979001949	0.0095266770521883	0.0475983799367854	0.0010240006366852	0.0003720001962385	1.383841460014825e-07	1.0485773039316949e-06	-0.0001409930632882	-0.0001396139719872	1.9492061174060863e-08	1.9879043895390372e-08	1.4072212293971746e-05	-0.0003569286675473	1.2739807371711118e-07	1.9802715884660955e-10	0.0	0.0	0.0
885.95271767066	0.633386118743374	784912.2179480282	0.4011779754167955	1478.9899542932485	-6.339612884926282	2187411.2849003454	40.19069153072334	861.5349663522177	-1.7525540773397097	742242.4982475168	3.071445794000041	968.5548846905048	707.6339757769956	1.130325	26.299324	0.2719904772683297	0.1797916916182928	0.1099797285	-0.0625629816	0.0486538755	-0.0361850271	-0.0504203139	-0.0120851392	0.061991233	0.0883703368	-0.0798623621	0.0935919512	-0.1947162655	-0.0315168997	-0.0075212219	0.0313458288	0.0164729829	-0.1006828081	0.004042031	0.0922927806	-0.0470640273	-0.1434123789	0.0168825665	-0.0340050499	0.0202259723	-0.0889461713	-0.1322238966	-0.0152466334	-0.1197345185	0.0310053716	-0.1294569183	0.0555523269	0.1585532789	0.0107920541	-0.175358208	-0.1021518359	0.0431176892	0.0883307692	0.0489176325	0.0562022615	0.0718415948	-0.0198794104	-0.0225902015	-0.0400729716	0.0873575173	-0.0575269313	0.0731429823	-0.0591492013	0.0071354546	0.0715090705	0.0278261034	-0.0774077782	0.0131282459	-0.0904375056	-0.0087896903	-0.0021535814	0.1453648187	-0.0022540245	0.0359133612	0.0305717749	-0.1158311439	-0.1089969379	0.0315465923	-0.0368311016	-0.0172229502	0.1194976489	-0.0063447553	-0.2217059457	-0.0906825277	0.0862402342	0.0188391299	0.0143813847	0.087328501	0.0184403652	0.0444346425	0.054305565	0.1320741354	0.0665777914	-0.0444787311	-0.0743286156	0.071896007	-0.0249047954	0.0098768378	-0.0590855369	0.045180411	-0.124261517	0.1506328082	0.1211189618	0.0011377397	-0.0846859171	-0.0738954609	-0.0460436511	-0.0343340104	-0.0697844809	0.1739393822	-0.0377216604	-0.0356524711	-0.0127373212	-0.1272600199	-0.0458958026	0.1382220658	0.0730444672	-0.0144778995	0.0783195067	0.0635486322	0.0350019621	0.012633716	0.094208444	-0.0746799965	-0.0350655036	-0.0328942491	-0.0125156719	0.0207329884	-0.0495577139	-0.1763609964	0.1079362681	0.0609288963	-0.0185248178	-0.1237830955	0.0540487397	0.1082719048	-0.0581107493452037	-0.00046379649919	2.1510719266090365e-07	0.003376859189461	0.125252296452345	0.1664970088130246	0.0277212539436843	0.0156881377665861	0.1609703337278318	-0.0572001957595063	0.0032718623949258	0.0259114483404495	0.000640017118098	-0.0003839835185871	1.4744334254660656e-07	4.096219114584693e-07	-6.633612428075253e-05	7.465693900744747e-05	5.573658541961731e-09	4.400481384591445e-09	0.0005120212786315	0.0004979490663375	2.4795327266641615e-07	2.6216578977143615e-07	0.0	0.0	0.0
892.0736459826812	6.120928312021192	795795.3898568341	37.4657634009026	1479.9649612467233	0.9750069534748036	2190296.2865180154	0.9506385593242178	863.4888129877072	1.9538466354895263	745612.9301549196	3.8175166750137417	971.1173105773788	729.073595196353	1.094254	25.460068	0.1880897249201273	0.1094450876249916	-0.0560734044	-0.0496687559	0.2302219874	0.083771147	0.0767175534	-0.1005276005	0.0299154803	0.0568598556	0.0454244199	-0.1489417387	0.0271900291	0.033743568	-0.0518691591	-0.1317141989	-0.1734618354	-0.1160089785	-0.0173485864	0.0973764033	0.0579802844	-0.0047015282	-0.0580130255	0.089277431	-0.1927411286	-0.099210594	-0.1250523442	-0.0017832594	0.0990973608	-0.2067398325	-0.0035250502	-0.050652245	-0.019800246	0.014807378	-0.0614861537	-0.1210857089	-0.0153006544	0.0498620391	-0.0136614147	-0.0663957135	0.032597793	-0.0604060588	-0.1413492266	0.1174950057	0.037410768	0.03091038	0.0014616619	-0.0360005064	0.1874072013	-0.0810844119	-0.1696913998	-0.0169291916	-0.0677753103	-0.1344105382	0.22862955	-0.050474698	0.0109536123	-0.1174778286	-0.1863775559	-0.0591082899	-0.0421470095	0.1160357431	0.0329455787	0.1241804098	0.1817555987	0.0065195915	-0.017966902	-0.1484702304	0.0732824661	-0.0177148629	-0.1508325493	0.002003813	0.0087351245	-0.0472821966	0.0650395205	0.0001236104	-0.0225681727	0.0811370853	0.0208271101	-0.1265468895	-0.0594007982	-0.0901149231	0.0967121203	-0.0953074693	-0.148378877	-0.0096185082	0.0393429824	-0.1530977781	-0.1177234339	0.0356410405	0.0184947866	-0.1071559143	0.1485889618	-0.0706511746	-0.0687119451	-0.0973188928	0.0417374223	0.057281043	-0.1625330123	0.1620832746	0.1336497424	-0.0244215709	-0.0612616817	-0.0092783778	-0.0401602635	0.0744245222	0.0507448095	-0.0956553584	0.0207703432	0.1079211944	0.0358897824	0.0628115549	-0.0583732868	-0.1259706846	0.0079277651	-0.0025008875	0.1044618795	-0.0218629269	-0.1216944932	0.063080731	0.1003291122	-0.071101831604551	-0.0129910822593472	0.0001687682182691	0.0050554704575219	0.0444252730427905	-0.0808270234095545	0.0065330077132486	0.0019736048849264	0.0928464632419689	-0.0681238704858629	0.0046408617299746	0.0086204657365422	0.0006679808008612	2.7963682763200025e-05	7.819675536808901e-10	4.461983503191702e-07	0.0001595811135739	0.0002259172378546	5.103859835987564e-08	2.5466131809485972e-08	0.0002429472239421	-0.0002690740546894	7.240084690699426e-08	5.90233536211729e-08	0.0	0.0	0.0
886.7519465621388	-5.321699420542473	786329.0147317422	28.32048472260209	1485.209811466126	5.244850219402679	2205848.1840752456	27.508453823968328	861.7444123175451	-1.744400670162122	742603.4321605111	3.0429336980620603	969.051698055276	734.0368665614392	1.13363	26.37623	0.2521779674085909	0.1465336813884403	-0.0314689636	0.1377971566	0.0559730491	0.1174897393	0.0446444262	0.12426955	-0.0057501647	-0.0593040224	-0.0191512141	0.0113086337	0.0306151595	0.1165138499	-0.0453729121	-0.079610667	-0.1316105391	-0.010072557	0.0241704725	-0.1100112693	-0.1411388608	0.0257539079	-0.0244111595	0.019364097	-0.0094219756	-0.1035499469	0.0144462785	-0.0831808372	0.1073066342	-0.0725189272	0.0719989411	0.1230139117	0.1793198584	0.0441375408	-0.1398242345	0.0163999405	0.0807989534	0.0739119373	-0.0954271643	-0.0049860803	0.0407617965	-0.030328019	-0.0859517234	0.0339229015	0.0518107829	0.0387250415	0.0441200198	-0.0817625857	0.151993588	-0.0147813303	0.0421421911	0.0603097904	0.036883392	-0.1460660712	-0.0164664545	0.1803929101	-0.0115624812	-0.043202965	0.1280121089	0.1281531946	0.050959654	0.0119333874	0.0374143613	-0.0147817836	0.0683505191	0.0723653943	0.0546374875	-0.0509630914	-0.0782720768	-0.1502176919	-0.1568422054	-0.196656433	0.1109945757	-0.0384821143	-0.0006837264	0.0585903279	0.0766828791	0.0934047949	-0.0104466553	-0.0491723579	-0.039462681	0.0601877545	-0.1384804063	-0.0669669793	-0.0933210701	-0.0019296127	-0.0044088641	0.0275375984	0.057654044	-0.0327500088	-0.065169027	-0.1201666239	0.0626797064	0.1333173763	0.0148457673	-0.0070029805	0.085378527	-0.0280048446	-0.1355856603	0.0513018906	0.0326134076	0.1769835223	0.0538940042	0.14821379	-0.1058438686	0.0114450856	0.0347130031	-0.081153172	-0.0019544139	0.0316423269	-0.2594093115	0.0588774053	-0.0616094714	0.0104756064	0.1420855466	-0.0322189394	-0.1585902344	-0.0251860523	-0.1192723348	0.0717238087	0.0912870929	-0.0640573249642812	0.0070445066402698	4.9625073804805326e-05	0.0041033408815795	-0.041929393770232	-0.0863546668130225	0.0074571284803881	0.0017580740619391	0.2092004241208229	0.116353960878854	0.0135382442121978	0.0437648174523321	0.0010440002456738	0.0003760194448126	1.41390622877176e-07	1.089936512966955e-06	-8.39926979943062e-05	-0.0002435738115682	5.932820168186401e-08	7.054773316362728e-09	1.404381879401516e-05	-0.000228903405148	5.2396768888388274e-08	1.9722884631913338e-10	0.0	0.0	0.0
887.5087524878406	0.7568059257018831	787671.7857425231	0.5727552091774842	1479.6511712112224	-5.558640254903594	2189367.588466742	30.89848148343469	862.3685394813275	0.6241271637824184	743679.497887158	0.3895347165710857	968.7048772326588	718.3014206990351	1.073898	24.986456	0.2770281025661493	0.183544896349092	0.0141359975	-0.0935475051	-0.0840916557	-0.030398209	0.0510702187	-0.0307932289	0.0425708565	0.1084977187	-0.0895683656	-0.0105539667	-0.0943418115	0.056901307	-0.0661406308	0.13682188	0.024330352	-0.1329796426	0.1059631686	0.0357450693	0.0036250311	-0.1326587884	-0.0088784674	-0.0592358438	0.0581033603	0.0476736958	-0.1233824945	0.0905878149	-0.0593201438	0.0750632934	-0.1750639989	-0.1144614375	0.1470534282	-0.008111031	0.1606138684	-0.0006262392	-0.0559882316	0.0417824045	0.0193151451	-0.0982498966	-0.0085654563	-0.191821896	-0.2305093911	0.004551456	0.0572856214	0.0109061011	-0.0204912867	-0.0570579958	0.0437879621	-0.1907706584	-0.0167462679	-0.0901465821	-0.0518577786	0.041056672	0.0293016417	-0.0256843717	0.0068330115	-0.0338838927	-0.0062353166	0.0007668228	-0.1371526805	-0.0571701174	0.0032375277	-0.0371415619	-0.0763666058	0.0332196502	-0.0811818047	-0.1371420987	0.0120987572	-0.1057930034	0.1135865818	0.1566996417	0.0742257976	-0.0169459593	0.0772183763	-0.0582737008	-0.0480810467	0.0513425405	-0.0114591517	0.0200289069	0.0677202241	0.0149121604	-0.0915547894	0.0034348249	-0.0309912292	-0.0426436926	0.2324871246	-0.0659420313	-0.033126578	0.0687843788	0.1047850017	0.0103659967	0.0709643417	-0.0833152564	0.1137416908	0.0054412219	0.0412213442	-0.0375293386	-0.0785159141	-0.0635475931	-0.0081045158	0.0491450888	-0.0958634115	0.0291258973	-0.0226235891	-0.055930512	-0.0958768712	0.0663602365	0.0203171897	-0.0734108399	-0.1269619976	0.1585178773	0.0249260885	-0.0083342242	-0.0512208884	0.0880816226	-0.0440099554	-0.0284919163	-0.1165232592	0.0799246852	0.0812449131	-0.0602055080429977	0.0038518169212834	1.4836493595085862e-05	0.0036247031987154	0.1268727097625515	0.1688021035327835	0.0284941501570925	0.0160966844824926	0.1440426340064746	-0.0651577901143483	0.0042455376125854	0.0207482804115231	0.0006980223658139	-0.0003459778798599	1.1970069335235148e-07	4.872352231764339e-07	-0.000104849560526	-2.0856862531693805e-05	4.350087146659729e-10	1.0993430342495338e-08	0.0004315369163571	0.000417493097563	1.7430048651281948e-07	1.8622411017899478e-07	0.0	0.0	0.0
893.5570500637407	6.048297575900051	798444.2017186144	36.58190356663843	1483.7089843345257	4.057813123303276	2201392.3501949897	16.465847343652293	866.6477597992996	4.27922031797209	751078.3395651445	18.311726529745155	973.7708771835418	746.3203727810312	1.066852	24.822496	0.1783849800652593	0.1235853795439698	-0.1359594209	-0.0420223001	0.0842576689	-0.1052359376	0.1036365771	-0.0477899271	-0.0289215191	-0.0548784962	-0.1464808644	-0.0669557515	0.1598490073	0.0503279172	-0.0603805333	-0.0030085572	-0.0031509667	0.0567249747	-0.1429969556	0.0005165469	0.1322130585	0.1349474894	-0.1258810978	-0.1181289582	0.0247205385	-0.0936186125	0.0486756802	-0.0046299879	0.1100147736	0.0987189676	-0.030597575	0.1647315835	-0.0681378637	0.105120525	0.2030324439	-0.0978608679	-0.0256930499	0.0362609045	0.1607403217	0.1268044614	-0.0861150975	0.0378288042	-0.0565425876	0.0975928065	-0.0674449985	0.0513527284	0.1372557498	-0.045533757	0.260936727	-0.0218433174	0.097410245	-0.006711892	-0.0189181001	-0.0017218857	0.0075718376	0.0540066585	-0.0191778184	0.0985129322	-0.0932106026	-0.0416847053	0.0394131201	0.0520007951	-0.2780144326	0.0063538107	0.0333761119	0.0170370469	0.0175263351	0.0340323775	0.0794901266	0.0486535393	-0.126467466	-0.0117193153	0.0497499597	0.1553864702	-0.0337418149	-0.0623132	-0.0102425759	0.1052047519	0.0727998703	0.1624883109	0.1189837498	0.1357996975	0.1448307567	0.0394317003	0.0563448186	-0.0686028933	0.0478004363	-0.0578268165	-0.1763837064	0.0220349843	0.0476645004	0.0387703816	0.1228409175	-0.0528835452	-0.1123424748	-0.0085987683	0.0040227591	-0.0672502153	-0.1731186562	-0.0099325105	0.0580669964	-0.0748544436	-0.0389176572	-0.0253979559	0.0139016355	0.1914267977	-0.1576394178	0.0156994759	0.1370160969	0.0595321778	-0.0349317229	-0.0095835969	-0.1284890252	-0.0208709997	0.1470194589	0.0492989497	0.0553759251	-0.0317782535	-0.1134548014	0.0876327994	0.0703125971	-0.0534629512173836	0.0067425568256141	4.546207254663531e-05	0.0028582871528723	0.0067330549266699	-0.1201396548358816	0.0144335366640847	4.533402864555381e-05	0.126631153728816	-0.0174114802776585	0.0003031596454592	0.016035449094691	0.0009009268897374	0.0002029045239235	4.11702458286222e-08	8.116692606519053e-07	0.0002822358813991	0.0003870854419251	1.4983513935035e-07	7.965709274912684e-08	0.0005233727130306	9.183579667349996e-05	8.433813550656431e-09	2.739189967450108e-07	0.0	0.0	0.0
887.3529745270703	-6.204075536670416	787395.3014020395	38.49055326471231	1488.0825164552075	4.37353212068183	2214389.575779663	19.127783210635705	864.050482412117	-2.597277387182544	746583.2361566122	6.745849825969782	970.8695384508706	747.8831016922487	1.199921	27.918633	0.1988017903214752	0.1017935305699867	-0.0959169609	0.2167114073	-0.0536508772	0.0685789158	0.0811963278	0.1609306505	-0.024501426	-0.2009397728	-0.076809049	-0.1354851774	0.0335688391	0.1288662373	0.1451022633	0.023490811	-0.0794190475	0.0116256562	-0.0372033397	0.0526681169	-0.1039367912	0.1859883371	-0.1160145196	-0.0017850436	-0.0170457102	-0.0912623792	0.0114407238	-0.0078962954	-0.1125105815	0.095003844	-0.1690926284	-0.089188391	0.0979236378	-0.1368054608	0.0234939866	-0.0461563091	0.0022523191	0.0930720816	-0.0575894002	-0.0838682401	0.0078468019	0.0053659345	0.1639654391	-0.0357940634	-0.1387803532	-0.0639849009	-0.1525724417	-0.0626615391	0.062523347	0.1484639675	-0.1738124495	0.0157799596	-0.048026771	-0.2061236144	0.0192655312	-0.0708090909	0.0243927253	-0.0351066906	-0.1024364428	0.1465324489	0.1247557185	0.1397264283	-0.0505584165	-0.0549188757	0.0955518389	0.1397499857	-0.0904780173	0.0413129292	0.0615095969	-0.0376599454	0.1161086687	0.0733760472	0.0660957992	0.0055676997	-0.0058473858	0.107689407	0.0042179721	0.1010391758	-0.0142709689	-0.0365675006	0.0697519834	0.103257459	-0.0899388013	0.0881575185	-0.038832045	0.0709824216	-0.0202829824	0.0150532043	0.1770273228	-0.0314749345	0.0066087084	-0.1246872919	-0.0766171254	0.1662628406	-0.0560565046	-0.009834338	0.1294086876	-0.0682455828	-0.1098836408	0.1743182179	-0.1464948402	-0.0446047782	-0.0584464716	0.0396916453	0.090212415	0.0019592037	-0.0278641159	0.0628402018	-0.1345297829	-0.0021128297	0.0022811723	0.0505620691	-0.0034890214	0.1030863796	-0.0114068601	-0.0054944299	-0.1322627088	-0.0350428114	-0.1100753719	0.0948006283	0.0586099215	-0.0506354587059263	0.0028274925114573	7.994713902347116e-06	0.0025639496783595	-0.0486500755529419	-0.0553831304796118	0.0030672911417217	0.0023668298513069	0.1998030822767091	0.073171928547893	0.0053541311274179	0.0399212716872733	0.0013090093044122	0.0004080824146747	1.665312571668154e-07	1.7135053590377116e-06	8.08592713399392e-05	-0.0002013766100591	4.0552539078919305e-08	6.5382217616259134e-09	-0.0002155530378857	-0.0007389257509162	5.460112653672177e-07	4.646311214175402e-08	0.0	0.0	0.0
884.6222464566933	-2.7307280703769266	782556.5189260867	7.4568757943444925	1480.9156630943562	-7.166853360851292	2193111.2011981965	51.363787095945455	860.9780961518004	-3.072386260316648	741283.2820531789	9.43955733258252	968.9667351661512	711.6010807806169	1.251428	29.117052	0.2680472565815273	0.1999068410057667	0.0546638712	-0.0095100531	0.0946549389	0.0457207853	-0.0660711181	0.0055955285	0.0596404706	0.0310606085	0.0243773602	0.0515987962	-0.1508252235	-0.0639598405	0.1520426522	-0.0933517688	0.0470579632	-0.0857134864	-0.0112616999	0.0863935243	-0.0195619188	-0.2090131667	0.0117547969	-0.0043844592	-0.0708842134	0.0732648036	-0.0025301279	-0.127320414	-0.0723979898	0.1106974467	-0.1399893321	0.0176183107	-0.0174220648	-0.104158468	-0.121459178	-0.00319711	-0.06664079	-0.0292969516	0.0151017919	0.0789984788	0.0950747396	0.070987598	0.1003986338	0.2280596913	0.0303324243	-0.0105850023	-0.1025982853	-0.1025380122	0.0645851743	0.0118072768	0.0324655857	0.1245660584	0.111588189	-0.1015279732	-0.101802299	0.0266774781	-0.0922611187	0.021889749	0.0627873909	-0.0186078704	-0.1164664858	-0.0745842467	0.1431595697	-0.0020179915	-0.0262615439	0.1365595578	0.0152730859	0.0147714179	0.1149610274	0.166536813	-0.011780536	-0.0245644963	0.0143735625	0.0032791629	0.0278714607	0.0439398542	0.0060231721	0.0076831632	-0.0593698547	0.0089622196	0.0454136068	0.0503479353	-0.018270466	0.1079957774	-0.0452454055	-0.1196585807	-0.0033219395	-0.0271117765	0.1713617718	0.2705547034	0.1228578294	-0.0470142174	-0.0712112072	-0.0643514253	0.1524946716	-0.011197637	0.0192900737	-0.0023238442	-0.05868559	0.0705290513	0.0631045491	0.0158930344	0.1820897723	0.0929631752	0.0645052725	0.0407144993	0.1306717356	0.1257124474	0.1163464059	-0.0952767038	-0.0554960458	0.2155498193	0.0213538067	-0.0751362319	0.025362751	-0.0862940788	-0.1822722393	-0.0382833527	-0.1063942335	0.1013839798	0.0462651033	-0.0582543952994285	-0.0076189365935022	5.804819481580699e-05	0.003393574571702	0.147287431131744	0.1959375066846859	0.0383915065258113	0.0216935873693882	0.1799980697054479	-0.0198050125712611	0.0003922385229478	0.0323993050976872	0.0008719866988858	-0.0004370226055264	1.909887577410834e-07	7.603608030337548e-07	0.0001610700875736	8.021081623366081e-05	6.433775040870105e-09	2.5943573110967176e-08	0.0001609295549958	0.0003764825928815	1.4173914274277728e-07	2.5898321671146216e-08	0.0	0.0	0.0
889.9572315835512	5.334985126857873	792023.8740478586	28.46206630379472	1479.959923903569	-0.9557391907871988	2190281.3763606576	0.9134374008065697	864.4422937949249	3.464197643124521	747260.4793014313	12.000665310629488	972.6034060770346	717.8914411885136	1.107745	25.77396	0.1990774243912247	0.12651637593356	-0.0223345403	-0.0839275097	0.1382229388	0.2081452733	-0.0569702228	-0.1569005173	0.0240758924	0.0322601249	0.095653954	-0.0194549384	0.0273964847	0.0270927493	-0.0340600776	-0.0849274484	-0.212247811	0.0134088985	-0.0098834394	-0.1603433444	0.1270159821	0.0588335527	0.0068836264	0.1474924989	-0.1060000967	-0.1503910075	0.0650310857	0.0752648371	0.0414707983	-0.0711401401	0.020162275	-0.0358376754	0.0045539595	0.0466542021	0.0252338045	0.0999462922	-0.0468504843	0.0746446056	0.173231593	0.1102418753	0.12394258	-0.0262000725	0.007795337	0.0391658049	-0.0263172048	-0.0730661559	-0.0606081038	-0.0794918296	0.0316841444	0.0049052677	-0.0477706767	0.0552918922	0.2323024392	0.1845993589	-0.0999310622	-0.0761773957	-0.0138096353	-0.0419869485	-0.107013993	-0.1379795399	0.0102509822	0.1184934834	0.0435514329	0.0768029784	0.2230031303	-0.0350943137	0.0598188484	0.0220677424	-0.1519495403	-0.0503396571	-0.0288803971	-0.0366414547	-0.0616399545	0.0202171682	-0.1183999058	-0.2045162064	-0.0296073251	-0.0700729083	0.0606345555	-0.0261890043	0.0645515924	0.0695677607	-0.0053180886	-0.026015054	-0.0314294652	-0.0772542962	0.1434996074	-0.0660609726	0.048240679	-0.1016635323	-0.0148477696	-0.0081588123	-0.0278728717	-0.0984108267	-0.1041804607	-0.1039347696	0.0291788515	0.0774007777	0.0674224471	0.2279204363	0.0025853823	0.0827150116	-0.0363772907	-0.0661348819	-0.0968831494	0.0502536749	-0.1499193709	0.0296289137	0.0759914939	0.0841209632	-0.0234862705	0.0177124534	-0.0973415272	-0.0424615965	0.0011675072	-0.2361772171	0.0663634975	-0.0414976565	-0.1024214758	0.1073422654	0.033413395	-0.0653257800040734	-0.0070713847046448	5.000448164108572e-05	0.0042674575331405	0.0651206301512843	-0.0821668009804597	0.0067513831833624	0.0042406964713003	0.0851837022653327	-0.0948143674401152	0.0089897642730691	0.0072562631316288	0.0010109710116664	0.0001389843127806	1.9316639199095687e-08	1.0220623864297846e-06	0.0002291288831002	6.805879552659999e-05	4.631999648531546e-09	5.250004507074512e-08	0.0002543838720087	9.34543170129e-05	8.733709368347612e-09	6.471115433813868e-08	0.0	0.0	0.0
887.4027017565721	-2.554529826979092	787483.5550848637	6.52562263692583	1485.4870391967129	5.527115293143879	2206671.7436214164	30.54900346370495	863.9814860663818	-0.4608077285431591	746464.0082654734	0.2123437626851058	971.5462845466764	736.3304794859978	1.062571	24.722908	0.2538185620992752	0.1481606593199224	-0.0703945749	0.0921575678	0.0566098236	-0.0276066555	-0.003215978	0.0322249052	-0.0561639521	-0.1329138535	-0.0451315615	0.0605318227	-0.0193133916	-0.0255586948	-0.1544799529	0.0046825694	0.0316765217	-0.1174036512	0.0466006558	-0.0299988679	-0.0266232893	0.1121719875	0.0042609938	-0.0388356913	-0.0035128571	-0.0128138857	-0.0815554704	-0.0102376323	-0.0082169736	0.0874618711	0.0001056591	-0.0946718053	0.1159713665	-0.0691931237	0.0283422395	0.0093096091	0.0776828266	0.0484163398	0.033215086	0.1622065936	0.1378009391	-0.1071612535	-0.1560445702	-0.0301654825	0.091354122	-0.1273426338	0.0040690973	0.0539541069	-0.1158650306	-0.0442790883	-0.1249959648	0.0049812101	-0.043839628	0.026772373	0.1158818254	0.039203664	-0.1396219334	-0.1015321607	-0.0271629516	0.0254404934	0.1124853241	0.0089708335	-0.0444226404	0.0364297923	-0.0308206607	0.0410804881	-0.0239557041	-0.1255826328	-0.0838114367	-0.0230450942	0.1168355961	0.0414865535	-0.0033136132	0.1054940881	0.0623875316	0.0722084223	0.0006954876	-0.0322720763	0.0540495439	0.017859484	-0.063761452	-0.070279141	-0.0162906938	-0.1150845972	-0.0059115042	0.0494883785	0.1896514496	-0.0320135773	-0.0042381954	-0.0506120231	0.0837691959	-0.0667760726	-0.071666785	0.0764143533	-0.0911937216	-0.0185151865	-0.0210519936	-0.0365194618	0.0178866947	0.0107795737	0.0338279586	0.0634164115	-0.0308179345	0.0167715648	0.2172123985	-0.0412674686	-0.0494110843	0.0580309224	0.0191478078	-0.0207457798	-0.0608869369	0.0684376716	0.003855444	0.1112099872	0.0205954482	0.0136597037	-0.0338389597	-0.0446835199	-0.098167988	0.1126387502	0.0201956026	-0.0571601793814409	0.0081656006226324	6.667703352833621e-05	0.0032672861069185	-0.045754128247367	-0.1108747583986513	0.0122932120499592	0.0020934402516765	0.1813822314756166	0.0961985292102839	0.0092541570222218	0.0328995138950741	0.0014009998500969	0.0003900288384304	1.52122494807445e-07	1.9628005799715364e-06	8.800976208966915e-05	-0.0001411191210105	1.9914606314784853e-08	7.745718223080165e-09	1.3938354095580454e-05	-0.0002404455179131	5.781404708450829e-08	1.9427771489378443e-10	0.0	0.0	0.0
885.225447948479	-2.1772538080931554	783624.0936955853	4.740434144856147	1480.9366712899043	-4.55036790680856	2193173.424371222	20.70584808731332	862.9789190740795	-1.002566992302263	744732.6147662667	1.0051405740540065	969.6743122043532	714.8381796409598	0.933772	21.726133	0.1512571545723069	0.1092020811884479	0.026597544	0.0456645616	0.0679434571	0.1936232489	-0.0597208299	-0.0043154255	0.0322456155	0.0426640025	0.0799350701	-0.0166769798	-0.0022834288	0.1692030199	-0.0400134996	-0.0800134207	-0.0418488442	-0.0636995402	0.1140714378	-0.0170312087	-0.0354291465	0.0361032688	-0.0019449364	0.015564816	-0.1123081943	-0.2414561401	-0.0079871053	0.0102820267	-0.0098942131	-0.0556296923	0.1274081499	-0.1049454746	0.0287628201	-0.0264215429	0.0495854448	0.0985204824	-0.0189144599	-0.0272906257	0.0148949258	0.0775148485	-0.0225117103	-0.1301358845	-0.0260693141	-0.0458294413	-0.0530501465	-0.0852494413	0.0974381621	0.0878326585	0.023401193	0.06388733	0.0424129469	0.0565744397	0.1330204776	-0.000560485	0.0028511266	-0.0007220479	0.1258366198	-0.0112600312	0.0425050848	0.0384269664	-0.0149953905	-0.0365386552	-0.0058570456	0.0504510804	0.228266763	-0.0126942177	-0.1029495759	0.0358997618	-0.0582698962	-0.0572916629	-0.0128575966	-0.0419933728	-0.0953297735	-0.0360132845	-0.0040868652	0.1394824916	0.0235923057	-0.0561496573	0.0436498686	0.013792831	0.0428328851	-0.0330437052	0.0622016824	-0.0191026048	-0.0012043639	0.0026065229	-0.0001611255	-0.1362872462	0.138832672	-0.07882655	-0.1451608995	-0.0052574176	-0.0310237679	0.0218508583	0.0161390108	-0.0554249809	-0.0302495525	-0.1143923027	0.0845502212	0.145346739	-0.146410587	0.1501995896	-0.0504074371	0.008677106	0.0516992499	-0.0093400573	0.1286877895	0.0249984252	0.0046569624	0.0429462182	0.0601138818	0.02962279	-0.0182084302	0.030734505	-0.1151449155	-0.1484390804	0.1481951409	-0.0478387595	-0.0936454286	0.1172407796	0.0067565429	-0.0539053079163949	0.003254871465046	1.05941882539707e-05	0.0029057822215613	0.057483369575408	0.103237497822775	0.0106579809567074	0.0033043377777429	0.1454693344794293	-0.0359128969961873	0.0012897361706587	0.021161327273888	0.0012740003749641	-0.0001269994751327	1.6128866684006662e-08	1.6230769554086677e-06	3.800892369931752e-05	-5.000083839035163e-05	2.5000838397380613e-09	1.444678280780541e-09	1.3975806338401486e-05	3.7452242821031836e-08	1.4026704923255305e-15	1.9532316280850314e-10	0.0	0.0	0.0
886.7930572173657	1.567609268886713	786401.926328922	2.4573988198995345	1479.143825298279	-1.792845991625427	2187866.455918025	3.21429674968736	863.099916583692	0.1209975096124935	744941.4660067761	0.0146403973324254	971.2352048503196	732.601168690046	1.152375	26.812372	0.1477684978433481	0.1009047100909867	-0.0730428833	-0.0931355427	-0.1184667007	-0.1003287317	-0.0993022674	-0.1221324406	-0.0043686055	-0.0621037614	0.0065600664	0.0918739458	-0.0781905574	-0.1601021666	0.0330137456	0.0607164563	0.1183875862	-0.0667814458	0.2443177754	-0.1320291211	0.105246233	-0.0406956371	0.1433000411	0.0039211469	0.0769863329	0.1865803824	-0.0779254046	-0.1037907997	0.0365247049	0.1820171335	-0.0052746008	0.0272852602	-0.065245629	0.0339351389	0.0770524469	0.1048094111	-0.1292215988	-0.1256069456	-0.0902014662	-0.0281665145	-0.0065321186	-0.1368584891	0.0763044895	0.0223305406	0.0841221506	0.0921389664	0.18079483	-0.06381105	0.0069907951	-0.007839173	0.1679043468	-0.0213793987	-0.1132904616	-0.0263104055	-0.0069819871	-0.0583531779	0.0555051521	-0.0235623215	-0.0246149437	-0.1557908203	-0.0075297066	-0.0291538551	0.0993218337	-0.018020091	-0.1809572222	0.1115585453	-0.0712083773	0.0258946698	-0.0017824783	-0.1548551024	0.1577806973	-0.090092635	0.0278162645	0.0652158514	0.0339887191	-0.081203573	-0.0388094496	-0.0244911	-0.1558315704	0.1394460726	-0.0659324407	-0.1673963923	-0.0631927102	-0.0334069894	-0.0873741213	-0.1501660166	-0.0264180794	-0.0134421919	-0.1315502471	0.1149770777	-0.0273323698	0.0455708496	-0.0788774724	-0.1450431381	-0.0102663581	0.0731206999	0.0052719295	0.0298338485	0.0535716754	-0.1155453231	-0.0601495448	-0.0544536204	0.0193783312	0.254314734	-0.0265516131	-0.045587044	-0.040909309	0.0968899479	0.0963696746	-0.0896337776	-0.0740322627	0.0761449087	0.0075424262	0.1560837873	0.1133064613	-0.0343108464	0.107639396	-0.0509612127	-0.0888661936	0.1211199807	-0.0067565429	-0.050119999461387	0.0037853084550078	1.4328560099554246e-05	0.0025120143460094	0.1497218949839975	0.0922385254085894	0.008507945569551	0.0224166458375991	0.1042746591025363	-0.041194675376893	0.0016970012794075	0.0108732045309501	0.0010699992761708	-0.0002040010987933	4.1616448308873765e-08	1.144898451006036e-06	4.500748197688864e-05	6.998558277571121e-06	4.8979817964559246e-11	2.025673433899956e-09	1.3975921324685002e-05	1.14986283515639e-10	1.3221845396738912e-20	1.9532637687378494e-10	0.0	0.0	0.0
886.8106880420056	0.017630824639923	786433.1964255354	0.0003108459774837	1482.180949082109	3.0371237838301117	2196860.3658219413	9.224120878306532	863.2523914444782	0.152474860786242	745204.6913346107	0.0232485831717838	972.5527319024789	721.7421097075985	1.040324	24.205276	0.1999592996669937	0.1581013546011845	-0.0230406935	-0.0145398354	0.1311787713	-0.1317465931	-0.091788779	-0.0718497753	-0.0251621965	-0.0997610497	0.1250655469	0.1058652695	0.0761998573	-0.0581252587	0.0169510818	-0.1137715521	0.0140995854	0.1502875443	0.0058650097	-0.0228096712	0.0621506715	0.0562063473	0.087632448	-0.0524017918	-0.2139065818	0.0087303548	0.1108157913	0.0368133398	0.0854474789	0.0676100193	-0.070689469	-0.0006551466	0.0267081635	-0.0277507506	-0.1043216402	0.0739591939	0.0472170457	-0.061795756	-0.0609233103	-0.0917324327	-0.2503279943	0.1650465707	0.0902916905	-0.0216111391	0.0318806785	0.0208852059	-0.0420080885	0.0621703179	-0.0254222476	-0.1359901231	0.0147214595	-0.0017237417	0.1774792452	0.0869221198	0.1273965137	-0.0554582096	0.0366575452	0.1184097869	-0.0329834922	-0.0889164079	0.1048386066	-0.0270251665	-0.0049989913	0.2080257834	-0.0267194853	-0.0789863094	0.0565166037	0.134523197	0.0151605472	0.166639135	-0.0505299252	-0.0277761593	0.14536839	0.0016765321	0.0210347505	-0.0289889544	0.108056892	0.1440010449	-0.0525978661	-0.05441696	0.1295713194	-0.1360397336	-0.0492982484	-0.0110698382	0.2415208722	-0.0995748247	-0.0609153215	-0.0848344568	0.0344923337	-0.0629669072	0.020869523	0.0991914261	0.0918109663	-0.0341787836	-0.1545936861	-0.0212681877	-0.1465409602	-0.0121078337	0.1121587911	-0.0365374889	-0.0317616234	-0.02789103	0.0831828936	0.0475834475	0.0653632334	0.1035627604	-0.0693697062	0.0027686431	0.0102346678	-0.1155832499	0.0616669496	-0.0189972848	0.055375456	-0.0512042772	0.14375762	-0.0750887736	-0.0589000363	-0.0540487397	-0.0838433825	0.1242524367	-0.0201956026	-0.0710824764604467	-0.0209624769990596	0.0004394254419361	0.0050527184597499	-0.0067508578198811	-0.1564727528038786	0.0244837223700236	4.5574081304249806e-05	0.111295611209357	0.0070209521068207	4.929376848627005e-05	0.0123867130744643	0.0012949996546875	0.0002250003785166	5.0625170332658233e-08	1.677024105640744e-06	0.000130009370157	8.500188818011135e-05	7.225320994184153e-09	1.690243632861984e-08	1.3915832876801358e-05	-6.008844788364319e-08	3.6106215690653016e-15	1.936504046550656e-10	0.0	0.0	0.0
883.2655805732466	-3.545107468759056	780158.0858253943	12.567786965051242	1483.2791702715724	1.098221189463402	2200117.0969615243	1.2060897809864095	861.9616418437898	-1.2907496006884005	742977.8720100418	1.666034531677265	969.5023857953606	707.1544540072283	0.975169	22.689301	0.1114767442121872	0.07611052416596	0.0395187665	0.0241827739	-0.0644524038	-0.0653675676	0.0329039711	0.0337106018	-0.0143880648	0.0090672095	0.1234703648	0.0299715863	-0.0243637123	0.1479472534	-0.0955325174	0.1760647938	0.0637931914	0.0393879726	0.1598113457	-0.0186542848	-0.0502306484	-0.0189762695	-0.0105905109	-0.1399717032	0.0986446381	0.0404051585	-0.0856725623	-0.0136867874	0.3245353896	0.022831619	-0.1119262202	0.0782607028	0.0395906975	-0.067690015	0.0275581094	0.0365673094	0.0074444084	0.0077670443	0.0142978872	-0.0196909237	-0.0457976378	0.0455198945	0.1042492422	-0.0750577599	0.1562195759	0.0267518798	0.0364775303	-0.1549387968	-0.0760224317	0.0371831922	0.0728939746	0.0597985557	0.0084481382	-0.0450625543	0.0090583253	-0.0598232962	0.0616374319	-0.0637050544	-0.0273595476	0.04814756	-0.0040966016	-0.0230669839	-0.0043149414	0.0049025826	-0.018827531	-0.1599307327	-0.1806113752	0.0243841767	0.0191887406	-0.0887767174	-0.058155016	0.0625355494	0.1759413681	0.0904313709	0.0151619467	-0.0816763361	0.0060475091	0.093760691	-0.0385503656	0.2053364284	-0.1093850353	-0.0945993739	-0.0713983541	-0.0188796824	-0.0428323222	-0.0670009937	-0.0964714318	0.0941341376	-0.043865521	-0.038441049	0.1589070835	-0.054787873	-0.011314539	0.059751613	-0.0030801024	0.0118377119	-0.0828314641	-0.0492627346	0.1220925616	-0.0661501124	-0.0498873709	0.0326760043	-0.0735186008	0.0104420391	0.073620231	0.0308787781	0.0216604208	0.0756589958	0.1286618384	0.0743644559	-0.089503662	0.0629404896	-0.0231459044	0.0725923177	0.1479477671	0.0797456434	-0.0031974306	-0.0570992244	-0.0785907625	0.1266188352	-0.033413395	-0.0640127535275354	0.0070697229329113	4.998098234813202e-05	0.0040976326141769	-0.0018733298063864	0.0048775280134947	2.379027952242556e-05	3.5093645634957067e-06	0.1858772258631589	0.0745816146538019	0.0055624172443681	0.0345503430945837	0.0014719967916515	0.0001769971369639	3.132798649345296e-08	2.166774554632309e-06	-6.508309888908492e-05	-0.000195092469046	3.80610714784976e-08	4.235809761006407e-09	-0.0001129521333527	-0.0001268679662295	1.6095480855209906e-08	1.2758184428926124e-08	0.0	0.0	0.0
890.1992459463712	6.933665373124654	792454.6974834879	48.07571550646785	1477.7562183410482	-5.5229519305241865	2183763.440845636	30.50299802688084	865.1917340747989	3.2300922310090527	748556.7367113575	10.43349582082504	971.7196517131738	718.1284150599821	1.166235	27.134865	0.2961086459618103	0.174755187793193	-0.0271288015	-0.1837128634	-0.0037009906	-0.1316096592	0.0982266667	-0.1363833588	0.0753755412	0.0096601725	0.0278817194	-0.0105083645	0.1857807543	-0.197377303	0.0936658724	0.0630612144	-0.0178394503	-0.0685942478	0.0510244518	0.0841393472	0.1993645262	0.0038687026	-0.0824857419	-0.0542758291	-0.1108018637	0.1869386676	0.0693437246	0.1271557034	-0.1686514239	-0.0516650535	-0.0866056014	0.1217490469	0.0080287754	-0.085801117	0.1060415416	0.0294552152	0.0773153771	-0.0944242074	0.0313091085	-0.1575481071	-0.0128789477	0.0880805282	0.0351982868	-0.0228193765	0.071093632	0.1401613755	0.0198347638	-0.0564686898	0.0542057993	-0.0107424067	-0.0510894598	0.013006548	0.0184568375	0.1165416063	-0.084576347	0.0040785587	-0.0021993628	0.0705603862	0.2182455602	-0.1385184404	-0.0934199709	0.0870432804	-0.0895005122	0.1296007908	-0.1639146899	-0.0230626764	0.0532141194	0.1150002394	0.1418749617	0.0914079006	0.0522819866	0.0471905287	-0.1906208022	-0.1780909381	0.0978073076	0.0598254416	0.0661582952	0.1428935601	-0.0188182979	0.0407726871	0.0490297703	0.0549790802	-0.1267306492	0.1186603582	0.0185379224	-0.0368570928	0.0551333361	0.0418400501	-0.0010857597	-0.0992814808	-0.066497906	0.207208262	0.1375496327	-0.1646704023	-0.0578094477	0.0400269394	-0.0387838925	0.0606642085	0.0970087949	-0.1011777215	-0.044405757	-0.0628113913	-0.0037801304	0.1517911808	-0.0794602783	-0.0245016019	-0.0666357955	-0.1164367058	0.1510675352	-0.1167521676	0.197992706	0.0017227858	0.158249451	0.04576084	0.0172462483	-0.185745194	-0.1939832722	-0.0601105761	-0.0731227308	0.1282045865	-0.0462651033	-0.0514994712616498	0.0125132822658855	0.0001565822330657	0.0026521955402294	0.1342243340392741	0.1360976638456605	0.0185225741042464	0.0180161718482866	0.0795102704482744	-0.1063669554148845	0.011313929204232	0.0063218831067577	0.0011039976211898	-0.0003679991704617	1.3542338946049938e-07	1.218810747592737e-06	6.561643489710889e-05	0.0001306995337861	1.7082368131928417e-08	4.305516528606529e-09	0.000210964051107	0.0003239161844597	1.049216945549304e-07	4.45058308594769e-08	0.0	0.0	0.0
889.7023913200952	-0.4968546262759901	791570.3451206959	0.2468645196518537	1484.394613857927	6.638395516878745	2203427.369650424	44.06829503851582	865.0665991134405	-0.1251349613584125	748340.2209016939	0.0156587585541713	972.525328006319	744.2481637349943	1.202585	27.980618	0.3067027112548226	0.2079855190033132	-0.1532005275	0.0594291813	-0.0195317572	0.0352391596	0.0687470327	-0.0175091638	-0.0435031769	-0.1284400166	0.1007284649	-0.2315849857	-0.0446106562	-0.0391690954	-0.1460284541	-0.054434819	-0.1228553935	-0.0733608426	0.0473622112	0.0825701441	0.0401372016	0.2227133497	-0.0652188916	0.0949158262	-0.0298005851	0.1003972579	-0.0818213379	0.3316069096	-0.3258907367	-0.1945238289	0.0751052315	-0.0060452537	0.1192057008	-0.0321155495	-0.1169467447	0.0112466355	-0.0182150433	-0.0472543599	-0.1130014405	0.0127177101	-0.0696450807	-0.0667484979	0.1152972446	-0.0370821246	0.0664822471	0.1297789209	0.185845867	0.0024181037	-0.0729106772	-0.0729987075	0.1510182191	0.1130543171	0.0629390597	-0.1651464667	-0.0817611959	0.0873512901	-0.1396102577	-0.0265899356	0.0063103111	-0.0133699682	0.1232392672	0.1760992592	-0.0400167608	-0.0145061929	-0.0378193173	-0.082478995	-0.1641685313	-0.0509616439	-0.1248862697	0.0227901117	0.0971976128	-0.0649613067	-0.2463514545	-0.3939782604	0.1230231645	0.1538087366	0.0332792356	0.0328045898	0.0263511298	-0.2171734194	0.0421577324	-0.0448802527	-0.0105719001	0.097317896	-0.0485563414	-0.0887954517	0.0211782554	0.0322586795	-0.0783043303	0.0578747823	0.0511441937	0.0179394464	-0.0217451462	0.0822792149	-0.1480707811	0.0589031183	0.099341008	0.0428806185	0.1021756928	-0.0278331264	-0.0064468566	0.2712036706	-0.0390733401	0.1074563437	0.0663045183	-0.2161498356	0.0402586207	-0.1483004642	-0.0523184506	0.2114520039	0.1633016441	-0.203351202	0.0714641272	-0.1398658522	-0.0718435969	0.0443872939	-0.2931879011	-0.063080731	-0.0674542747	0.1289999139	-0.0586099215	-0.0409453043884298	0.01055416687322	0.0001113904383877	0.0016765179514611	-0.0578370783945132	-0.1920614124337873	0.0368875861460613	0.003345127637213	0.1575670511789511	0.0780567807306766	0.0060928610180369	0.0248273756172301	0.0014100001861678	0.000306002564978	9.363756977311513e-08	1.9881005249932307e-06	4.800987477993069e-05	-1.7606560117178198e-05	3.0999095915981003e-10	2.304948076384625e-09	1.3966151859406474e-05	-0.0001969978992475	3.8808172307965014e-08	1.9505339776000288e-10	0.0	0.0	0.0
881.3057254593107	-8.396665860784537	776699.7817273618	70.50399757766453	1485.2625105880616	0.8678967301345892	2206004.725358352	0.7532447341783121	860.9729926847739	-4.09360642866659	741274.4941325757	16.75761359282043	969.637689492352	712.6823772092532	1.20718	28.087526	0.1264708548961	0.0904817948701411	0.0659305882	0.1188722524	-0.0166102187	-0.0759659496	-0.138487666	0.0858638033	-0.0423084287	-0.0245449782	-0.0295597463	0.1427291634	-0.0551649442	0.0335042435	0.0793393085	0.0784976405	0.0619149195	-0.0591638738	-0.0931269292	0.0684856396	-0.1059958445	0.0438850301	0.2378280418	-0.0410068192	0.0227884054	-0.0645805627	-0.0668935041	-0.0563624612	0.0694719319	-0.0857199825	0.0915932102	-0.0604319173	-0.010470537	-0.020872093	0.0436046207	0.1182074406	-0.0872596269	0.0967322033	0.0117430194	0.0633943216	0.1466582733	-0.0907802791	0.0297104814	0.0827149571	0.1559730787	0.0911444939	-0.020686703	0.0950198201	0.0176899036	-0.047777003	-0.1014466019	-0.2524997497	-0.1291654391	0.0358599975	-0.0485677975	-0.1507700333	0.0203591012	0.1003218957	0.0907554093	0.0680342721	0.1102090956	-0.1724240947	0.0483391509	0.0023713866	-0.019150284	0.0354057618	-0.0716853519	-0.0713872182	-0.013742279	-0.0780712101	-0.0003255922	0.0649710966	-0.0239293426	0.1259233479	0.0198774088	0.0449392867	-0.0742482913	-0.2654638961	0.0218080807	-0.0502997233	0.1227969217	-0.1290194055	0.1113865694	-0.0104193758	-0.2421288779	-0.0237567002	-0.0414214413	-0.1232052853	-0.0357962257	-0.1056061016	0.0031095537	0.0819092775	0.0305332031	0.0463895968	-0.0089775201	0.0007723649	-0.0746663467	-0.0696126806	0.1188875645	0.0095270176	-0.0950894371	-0.0378225072	-0.0010520291	0.0736557029	0.1562306014	-0.0856138957	0.084235303	0.1051867746	0.0806288471	-0.0961532467	0.0619571173	0.0293973797	-0.1396598203	0.0068988279	0.0385765452	-0.065783144	0.121535386	-0.0660076536	-0.0616009311	0.1289999139	-0.0703125971	-0.0375668257476604	0.0033784786407694	1.1414117926135051e-05	0.001411266396755	0.0258832684224188	0.083720346816932	0.0070090964711473	0.0006699435842269	0.1916880019639819	0.0341209507850308	0.0011642392824744	0.0367442900969435	0.0014830003037082	7.300011754040009e-05	5.3290171609122285e-09	2.1992899007986136e-06	1.6010379595199353e-05	-3.199949518473134e-05	1.023967692077644e-09	2.5633225478237576e-10	1.3988112201631384e-05	2.1960342224910424e-08	4.822566306351837e-16	1.9566728296542878e-10	0.0	0.0	0.0
882.4283188692525	1.1225934099418282	778679.7379424152	1.2602159640448216	1481.8221375240255	-3.4403730640360664	2195796.847256272	11.836166819744912	860.24221849591	-0.7307741888638475	740016.674482765	0.5340309151096142	968.5911538736572	700.36122006966	0.942933	21.939283	0.092834250137783	0.0737958939606463	0.0962229914	-0.0468814677	-0.0273464255	0.0801481666	-0.1360798522	0.004067042	0.03620769	0.0878231377	0.134323521	0.0179922228	-0.0063305429	-0.0241235793	0.0992124894	-0.0530323268	-0.0038400555	0.0809989028	-0.0269268102	0.0002531346	-0.0267696904	-0.1599530055	0.0896974281	0.1356650816	-0.0584584858	0.0760955319	0.0600838537	0.0338245194	0.0909491907	0.021255032	0.0120267023	-0.1060502508	-0.0229016821	-0.0139652127	-0.0680223966	-0.0175988811	-0.1236751456	-0.0997420484	-0.0748883813	-0.0131250971	0.0030712528	0.0971131265	-0.0031234827	-0.1411752192	-0.1317909503	-0.0426081135	-0.1301992488	0.1623261245	0.0918034548	0.024037608	0.0488824402	0.034044809	-0.0464023764	0.0087961897	0.0473772933	-0.13978398	-0.0041870192	0.1289794009	0.0256784603	-0.019546219	-0.0813945692	-0.0226903794	0.1926313026	-0.0205024742	0.0342601071	-0.0542136114	0.0111951028	0.0920203509	-0.0274892872	0.0571870101	0.0109038662	0.0219009539	0.0342787856	-0.0324085834	0.0875225486	-0.0648036865	-0.0113244853	-0.0719531443	-0.0189956371	0.0162111884	-0.015457643	-0.0036828143	-0.0138180559	-0.0068425435	0.1688327314	0.2194827771	-0.1960042777	-0.1543098619	0.0122831513	-0.0061277356	0.0357443021	-0.1265500604	-0.0139694753	-0.033181652	0.0909834661	-0.0695354297	-0.0098276308	0.0969819427	0.1589296872	0.0185088555	-0.0315293593	0.0445872879	0.1005997686	-0.0048255877	0.0294399293	0.0124001003	0.1468265904	0.0766551075	-0.0260451817	0.049325277	0.2100614544	-0.0697740267	-0.0842208088	-0.0418330213	0.0043473424	0.0891810916	0.0992845434	-0.0688893378	-0.0555787436	0.1282045865	-0.0812449131	-0.037583322417575	-1.6496669914600748e-05	2.721401182712934e-10	0.0014125061239433	0.0985191053386529	0.0726358369162341	0.0052759648045217	0.0097060141167285	0.1899811293755462	-0.0017068725884356	2.913414033153143e-06	0.036092829518808	0.0012649964500352	-0.0002180038536729	4.752568021627877e-08	1.6002160186016583e-06	9.455500111554828e-05	7.854462152034893e-05	6.169257569774859e-09	8.940648235961335e-09	8.694051627225572e-05	7.295240407062433e-05	5.3220532596836455e-09	7.55865336968636e-09	0.0	0.0	0.0
885.7412485760143	3.3129297067617927	784537.5594289968	10.975503241944775	1480.0721626180552	-1.749974905970248	2190613.606556887	3.0624121715255788	862.9943264330442	2.752107937134156	744759.2074556237	7.574098097636818	970.8707623418808	708.405640255655	0.8911839999999999	20.735231	0.1014354562116923	0.0724040225702517	0.0413872458	-0.1401084236	-0.1053995652	0.0280725255	-0.0711558289	-0.1214266923	-0.019017074	0.0615745886	0.0202965172	0.1124895095	0.0102816021	-0.0603934819	0.0366521425	0.0426365104	-0.0204084559	0.1894254118	0.014070314	-0.0432913157	0.0899536905	-0.0727959216	0.0309466351	0.1065698053	0.0109457778	-0.1261487283	0.1094986849	-0.0902901059	0.0108011986	-0.063008421	0.0082148242	0.0717663025	0.0435182784	0.024475653	0.1433227526	-0.031145569	-0.0682871648	0.0404118212	-0.0066605471	-0.0366537421	-0.0627635274	0.1057012896	0.1189579494	-0.0014182793	-0.0979947393	-0.0295419925	0.0347313458	0.0974345582	-0.1689153953	0.0586977259	0.0804712414	-0.1177750562	-0.025642161	0.0238319399	0.0389310434	0.05261255	-0.0402425947	-0.0331010384	-0.0706215203	-0.0975082967	-0.0591506855	-0.0151453236	0.0329777143	-0.0104789985	0.057207674	-0.0232426309	0.1261416593	0.0897200436	-0.111496187	-0.1364291692	-0.0375601397	0.1015456154	-0.0108114526	0.0334678277	-0.060886783	-0.0849846952	0.1175049129	0.0168088635	0.01469663	-0.016749567	-0.0629687784	-0.0126192182	0.1572740924	0.0739851171	0.0052646129	-0.178977294	-0.0164880414	0.0222319966	0.0409525543	0.0977484821	0.0045239992	0.0250008117	-0.047072523	-0.1044277233	-0.0178965746	-0.0201657567	-0.0394340164	0.0512679553	0.0717763942	-0.0834934357	-0.0518077174	0.0354384427	0.0726428522	0.0052492271	-0.1994474072	0.0975858996	0.0305273249	-0.038825661	0.0576285025	-0.0479604674	0.0620800721	-0.183688529	-0.0836058369	-0.099521133	0.0291101936	0.0754600003	0.1717471035	-0.0717238087	-0.0494042187	0.1266188352	-0.0912870929	-0.0375621024768264	2.1219940748599952e-05	4.5028588537409266e-10	0.0014109115424796	0.0817412906379786	-0.0167778147006743	0.0002814950661301	0.0066816385951624	0.1201661305560577	-0.0698149988194885	0.0048741340601651	0.0144398989328155	0.0012959983688624	3.100191882719999e-05	9.61118970968297e-10	1.6796117720940015e-06	1.617757946137388e-05	-7.83774216541744e-05	6.143020225156245e-09	2.61714077229066e-10	0.0002739896308065	0.0001870491145342	3.498737124804484e-08	7.507031778948219e-08	0.0	0.0	0.0
885.2759869709071	-0.46526160510723	783713.5731073136	0.216468361186956	1484.5792041647023	4.507041546647088	2203975.413438301	20.313423503202973	862.491590661315	-0.5027357717292489	743891.7439614852	0.2527432561762034	970.2659305647172	710.8853039135523	1.066941	24.824577	0.2761937757448445	0.1833929024630742	0.0417752759	0.0281659076	0.0273996766	-0.0290891527	0.0945434566	0.0838386418	-0.0184509742	-0.0220908632	-0.0129913812	-0.055094678	-0.1287568083	-0.0492898715	-0.1771142944	-0.0195582117	-0.0931601664	-0.0774519039	0.0875890021	-0.0327906522	-0.0883893438	0.0553002258	-0.0692962685	0.0276431589	0.0109234378	0.0133107334	-0.0134511722	0.0195210568	-0.0175008732	0.1083002115	0.0340940986	0.0962833726	0.0622431236	0.0462646025	-0.0931884422	0.0062135252	0.1389752319	-0.0198235785	-0.0581818167	-0.1308328455	-0.0425481343	-0.013760924	-0.0071461543	0.072516034	-0.0426478235	0.0337544015	-0.2467911502	0.0954895116	0.0524666555	-0.0448007763	0.0708029126	0.0258398104	-0.0753291385	0.2291781278	-0.0033179107	0.0349726752	-0.0567798482	-0.1201104043	-0.1775175412	0.0864086252	0.0543870711	0.0643196737	0.0234195365	-0.0315674464	-0.0031294925	-0.0338014664	0.0378861893	-0.1378946778	-0.0630432642	0.0230162429	0.0018101271	-0.1494768185	0.0746713533	-0.0637005454	-0.0487479325	0.0447361098	0.0993415301	0.0969572221	-0.0033221607	0.0298429023	-0.0056632264	0.0476328154	-0.1176625209	-0.0271062624	0.0664745494	0.1215615494	-0.018298023	0.0970425842	0.0689090878	0.0415130659	0.0334846814	0.1335401148	-0.0343294045	0.1249118245	-0.0167671888	-0.0535830522	0.0324300936	0.0666883814	0.0122249686	-0.0230333364	0.0794807677	0.0757619761	-0.0541209766	0.0473677337	-0.0293907435	-0.1255243369	0.0648150104	-0.090945057	0.0390859268	-0.0210475642	-0.0780673904	-0.2364286537	0.0725277381	0.0306142581	0.1276190771	0.1615697405	0.1342543595	-0.0745091236	-0.0430942802	0.1242524367	-0.1003291122	-0.037555894185445	6.208291381398778e-06	3.8542881876350353e-11	0.0014104451880683	-0.0631067676951318	-0.1448480583331103	0.0209809600028721	0.0039824641289273	0.2313971088197277	0.11123097826367	0.012372330525493	0.0535446219701289	0.0014380003606936	0.0001420019918311	2.0164565684028182e-08	2.067845037354924e-06	1.601006234097646e-05	-1.6751712039742017e-07	2.8061985626243766e-14	2.563220961619527e-10	1.3988522624443006e-05	-0.000260001108182	6.760057625589771e-08	1.9567876521455384e-10	0.0	0.0	0.0
885.4655473994682	0.1895604285610943	784049.2356314398	0.0359331560762657	1480.633262735463	-3.945941429239383	2192274.8587186625	15.570453762987745	862.2321889990923	-0.2594016622226718	743444.3477461664	0.0672892223638851	969.1233278950832	701.637593985522	0.969682	22.561642	0.2909223536241566	0.1944137171054994	0.0506218544	-0.1164094966	-0.1250650929	0.0282346215	0.05477685	-0.0252291421	0.0110643637	0.1230518097	-0.0855968904	0.0239751876	-0.0202600465	0.0217296107	0.0235807108	0.1011805481	0.0418081941	0.1269890025	-0.0105940301	-0.0019760278	0.0430766228	-0.1137913157	-0.042177609	-0.011807603	0.0642042949	0.0934355681	0.0413134883	0.0147229129	0.0165417525	-0.0669671147	-0.0399981316	0.0969479315	-0.0705924465	0.0688995641	-0.0766971701	0.0569444041	0.017998492	-0.1212189977	-0.0889818937	-0.0709811417	0.0200261144	-0.1682007078	-0.0692662631	-0.0057100462	0.0305305803	-0.0195656259	-0.0463939136	-0.1115644393	-0.094079448	0.0515748066	-0.1320783829	-0.0228425412	0.0674983561	-0.0527168996	0.0754743043	0.0253851507	0.0338618701	0.0444702604	-0.0471926406	-0.0153356107	-0.1194574805	-0.0492164501	-0.0567652554	-0.0804593717	-0.0635718804	-0.0514121824	0.0487078403	0.0544019977	-0.0140477539	-0.0085320951	-0.0111253068	0.0178478521	-0.0633317413	-0.091059759	0.0379252831	-0.1619087181	-0.0013466697	0.0460509898	-0.0655870644	0.0677776382	-0.0388216892	-0.103678887	-0.0515950602	-0.142262971	0.013965588	0.0818543208	-0.0391658825	0.0795114038	0.0908204846	0.0100012457	-0.1210191985	-0.1098206417	-0.0020105079	-0.075855701	0.0819648094	0.014475727	0.0381321977	-0.0287633678	0.0628406312	-0.1094069812	-0.0827743891	-0.0174864324	-0.055522059	-0.0886971293	-0.1152266787	-0.0523129023	-0.0671604611	-0.0171223519	-0.0154896379	0.0442135094	0.110482461	-0.0192309895	-0.0766462588	-0.0520562984	-0.0007616193	-0.0588571396	-0.110993219	-0.0772433738	-0.0366662233	0.1211199807	-0.1082719048	-0.0376116939323054	-5.579974686040212e-05	3.113611749684956e-09	0.0014146395204574	0.1164993768957884	0.1796061445909202	0.0322583671748145	0.0135721048171069	0.1609158530751457	-0.070481255744582	0.0049676074113331	0.0258939117709018	0.0010309771467905	-0.000407023213903	1.6566789665600867e-07	1.0629138772042805e-06	0.0001626423674521	0.0001466323051111	2.1501032902201628e-08	2.645253969042392e-08	0.0002759160744461	0.0002619275518216	6.860604240328683e-08	7.61296801377458e-08	0.0	0.0	0.0
892.8895664314051	7.42401903193695	797251.7778420626	55.116058586562055	1484.1226421730587	3.489379437595744	2202620.017010741	12.17576885951599	865.2676535101147	3.035464511022383	748688.1122108998	9.214044797676353	972.6320567141896	733.6963121857356	1.118973	26.035215	0.1547275270768401	0.1468494574790813	-0.1212760345	-0.041211608	0.0965382379	-0.097829368	0.1393807105	-0.0560334572	-0.0177376822	-0.034388826	-0.0742939615	-0.0662476813	-0.0043746137	-0.0246780302	-0.1822784983	-0.1925488384	0.1309887659	0.1663153165	0.0102280297	0.1177789209	0.1195506106	0.0939778107	-0.0997587696	-0.1249864159	-0.0430790564	0.1580448044	-0.0029135767	0.0576728638	-0.026272023	-0.1062334056	0.0283881937	-0.1719520347	0.003753719	0.2698942384	-0.1444456947	-0.0627454715	-0.0669873627	0.0149792946	0.1200761818	-0.0230531163	0.0351155717	0.0541371219	-0.1702434381	0.0355616097	0.0029294395	-0.0241382905	-0.0385823049	0.1150295202	0.0062759917	0.0687865322	0.0726097903	0.1036071249	-0.017719902	-0.045966955	-0.0071160267	0.0260335486	0.063993423	0.0950183394	-0.133595725	-0.0468411277	0.0132890303	0.0584420073	-0.1806085384	0.0640867416	-0.0833828248	-0.1602401536	0.0858870097	-0.032576707	-0.0442012832	0.2137428156	-0.0004169019	-0.0177827879	0.1146540821	-0.1783282994	-0.0858835348	-0.0345462029	-0.0451733569	-0.1601476551	0.045786817	-0.0104151644	-0.1118837916	0.0667920742	0.1101602513	-0.2080074434	0.1004289869	0.0148140267	0.0080946621	-0.0834942598	0.0038597712	0.135692162	0.1315104167	-0.0585629028	-0.0088909453	0.0015289589	-0.0886110465	0.0151347431	0.0171070885	-0.0776096647	-0.0438278159	-0.1793348874	0.1432014464	0.0382608804	-0.0441158395	-0.096752899	0.0227554637	0.0719761478	-0.0516554176	-0.1591080489	0.0350978655	0.106461981	0.1349824912	-0.0959755247	0.0098355172	0.0332033774	-0.0783396247	-0.1558484503	-0.0296436623	-0.0799246852	-0.0301376669	0.1172407796	-0.1150284477	-0.0376125064055798	-8.124732744016483e-07	6.601128216169361e-13	0.0014147006381097	-0.0300177819577385	-0.1465171588535269	0.0214672778385096	0.0009010672336623	0.1621516784837595	0.0012358254086138	1.5272644405754792e-06	0.0262931668351005	0.0010839835599918	5.300641320129997e-05	2.809679840466948e-09	1.1750203583324963e-06	0.0001661044412086	3.462073756499987e-06	1.1985954695445933e-11	2.759068538922125e-08	0.0001929099545754	-8.30061198707e-05	6.890015935989019e-09	3.72142505742829e-08	0.0	0.0	0.0
886.9192480153959	-5.970318416009263	786625.7525001953	35.64470198853936	1492.2709073337385	8.148265160679784	2226872.460874659	66.39422512874795	863.5599120567584	-1.7077414533562203	745735.7217114763	2.9163808715112163	971.175987879146	740.2168754704957	1.177149	27.388796	0.1380941774396594	0.0887089659718238	-0.0726557171	0.1897683359	-0.0101936378	0.0204058042	-0.0589203933	0.1513265114	-0.1240761374	-0.0287915425	-0.1113860866	0.0154874134	0.1163735891	0.1514814448	0.0204423773	0.0483414216	0.0452769631	-0.0401149268	-0.11902651	0.063282937	-0.0748534843	0.0934378218	0.0198827925	-0.1024027901	0.0924905869	-0.0927521717	-0.0617601906	-0.1311898444	-0.0863220263	0.1967777323	-0.094557665	0.0422978287	-0.0340057624	0.0183274167	-0.0070649099	0.0286435734	-0.0089803704	-0.0618546035	0.0464227537	-0.023738752	0.1362796428	0.0285846373	-0.0328016238	-0.0746649293	-0.0034981737	-0.0647357086	-0.0634834629	0.0412241841	-0.0965964544	0.2183703136	-0.0163923767	0.1582039089	-0.0734761239	0.0733786633	0.0533063873	0.086439766	-0.0092089258	0.0154976224	0.1745084007	0.1182838922	0.1002194798	-0.105691819	-0.1465442892	-0.0661958616	0.0974469187	0.1038615645	-0.0224575846	-0.0550574585	0.1069484823	0.0860558685	0.1224424113	0.0993943316	0.0143074121	0.0824500304	-0.0200550549	-0.0586370093	0.0829666713	-0.0912596927	-0.1427689685	0.1033427817	0.0499368628	0.0881492626	-0.0100803327	-0.0978787502	0.0578322136	0.1648901996	-0.013684888	0.0261531334	0.054307392	0.0568629401	-0.0118849835	-0.1321650995	-0.0394434499	0.0932398935	0.0415809996	0.0707952961	0.0713268511	-0.2190923425	-0.0176175051	0.1282684413	-0.0847245686	-0.0905564826	-0.0670428792	-0.0710127449	0.1131465142	-0.0316830446	-0.0781221202	0.0890794654	-0.1447815311	-0.040433538	-0.0149005308	-0.0934046525	-0.0365339926	0.0017544683	0.0884251717	-0.0392981882	0.0155490508	-0.0825512202	-0.0235265052	0.1126387502	-0.1205247148	-0.0375962926719637	1.6213733616099457e-05	2.628851577738336e-10	0.0014134812226759	0.0406165802495763	0.0706343622073148	0.0049892131244341	0.0016497065911702	0.2151926144664173	0.0530409359826578	0.0028133408899164	0.0463078613208921	0.0010839991667973	1.5606805499855658e-08	2.435723779103248e-16	1.1750541936172405e-06	5.700758416660179e-05	-0.0001090968570419	1.1902124216442193e-08	3.2498646525121872e-09	1.3969108101484649e-05	-0.0001789408464739	3.2019826536801356e-08	1.9513598115096404e-10	0.0	0.0	0.0
885.4379234604486	-1.481324554947264	784000.3163019512	2.19432243708971	1483.0492714393677	-9.22163589437082	2199435.141516839	85.03856856834831	861.7627664165437	-1.797145640214694	742635.0655818945	3.2297324521426827	968.89533323584	719.0492275713038	1.145236	26.646273	0.048265856922525	0.0243437904766294	0.0349577454	-0.00776178	-0.0337817469	0.0211743545	0.043588148	0.0522249442	0.0525589358	0.1109792138	0.0075765246	-0.0797821586	0.0036727104	-0.0992386438	0.1784236782	-0.0343434238	0.008030625	-0.0449011098	-0.049807794	0.0014808925	-0.0439769784	-0.1372965876	-0.0799809402	0.1388121589	0.0097325255	0.0748496599	0.1589006405	-0.0014247369	0.0417105361	-0.0164784423	-0.0376250732	-0.0965666515	-0.1728906783	-0.2397788517	-0.0267916602	-0.1300394366	0.1224077963	0.0178470806	-0.0377374894	0.0569157429	-0.0490211539	-0.1670438392	0.0833648843	0.0487482312	0.0251405187	-0.0675839018	0.0306270877	0.0253800972	-0.0125045224	0.0246363757	0.0004470138	0.1784848208	-0.0200681345	0.0817141004	0.0928250029	0.0512773598	-0.021573731	0.120995803	-0.0264706042	0.0315267574	-0.1181059556	0.0552039785	0.1347055522	-0.0998913715	-0.0519251155	0.0188890731	0.097102422	0.1109980125	0.1456457738	0.01191753	-0.0654931036	-0.0164067561	-0.0688556508	0.0200074461	0.1964966445	0.0576989966	-0.1313412624	0.00412716	0.0761283416	-0.0310636763	-0.1771735954	-0.013256393	0.0463954479	-0.0137860046	0.0069813402	0.0149125334	0.003687347	-0.0416508249	0.039912403	-0.0638390303	0.0089732655	-0.1140178371	-0.0518859197	0.0160008387	0.0778100229	0.0146088981	0.1122863782	0.1008626734	-0.0321712312	-0.0964848366	0.03506892	-0.1389095748	0.0786936475	-0.0591069029	0.0182915552	0.0519799096	0.1937726764	-0.0081105739	0.1534961053	-0.0407823111	0.0635552391	0.05399651	0.0512315757	0.0089109679	-0.0574152321	-0.0664797015	0.1087901844	-0.0851211787	-0.016850859	0.1073422654	-0.124700488	-0.0261217182972188	0.0114745743747449	0.0001316658570815	0.0006823441667992	0.0516799325301633	0.0110633522805869	0.0001223977636843	0.0026708154263222	0.2276149466324142	0.0124223321659968	0.0001543143364423	0.0518085639304767	0.0010839933045204	-5.862276899809213e-09	3.436629045003672e-17	1.175041484245057e-06	9.213256094531276e-05	3.512497677871097e-05	1.233763993704985e-09	8.48840878634177e-09	0.0002449502310698	0.0002309811229683	5.3352279167704013e-08	6.00006157011484e-08	0.0	0.0	0.0
889.0045696510375	3.5666461905889264	790329.1248604264	12.7209650488425	1482.3922063286172	-0.6570651107504091	2197486.653383826	0.4317345597654473	863.522056866589	1.7592904500452278	745670.3426951045	3.09510288762034	970.2213047393952	723.5668368162026	1.036454	24.115234	0.0919002705404777	0.0682920913951318	-0.0304825134	-0.0599085907	0.0287270278	-0.1055289351	0.042656092	-0.0486409959	0.0105269204	0.0449764813	-0.119057131	0.0411415911	0.1871494013	0.0692973091	-0.0169857476	0.1335518126	0.0737012604	-0.0273490386	-0.084122445	-0.1176921032	0.052802874	-0.030665588	-0.018913039	-0.156642488	-0.0078883912	-0.0550891474	0.0803028942	0.0815856779	0.0471227182	-0.0481641367	0.117585891	-0.0672732051	0.0611113689	-0.0269309252	0.0578249267	0.1002336664	0.0443040907	0.0731198767	0.0305104014	0.010923501	-0.0521092472	0.0167570292	-0.1193288157	-0.0275088574	-0.0368668594	0.0458866205	0.1804635526	0.0795794944	0.1757378848	0.0133697373	-0.1909489145	-0.0628916894	-0.0022301212	0.0714227849	-0.0269846422	-0.0007316155	0.2203522252	-0.0110016997	0.0574258297	-0.0035436355	-0.0584789483	-0.0958501961	-0.1732962562	0.0892931623	-0.0087890204	-0.0344954655	0.0263835492	0.0077657393	0.011303772	-0.083935031	-0.0351906865	-9.05029e-05	0.099255615	0.0400527753	-0.0881135846	-0.0359988032	-0.0378489528	-0.0287379253	0.0628273239	-0.0310085687	0.0776772785	0.0390424833	-0.0032821243	-0.049956004	0.0233356358	0.0852720824	0.1274048195	-0.2131271356	0.0377521756	-0.2464315674	-0.1435832065	0.0752073173	0.1622024628	-0.0456969241	0.0200287531	0.0544073793	-0.066146481	-0.107530873	-0.0528167109	-0.0080499102	0.0795434927	-0.0006360197	-0.0725519306	-0.0698071885	-0.1142276563	0.108845217	-0.1279039711	0.0377379946	0.0135278456	-0.0741925427	-0.1017781217	-0.1799944208	0.0158269319	-0.0345568231	0.107471891	-0.15331953	0.0482414071	-0.0876327994	-0.0101290257	0.1013839798	-0.1275100165	-0.0376128290726285	-0.0114911107754097	0.0001320456268527	0.0014147249108467	0.0541668443811715	0.0024869118510082	6.184730554685045e-06	0.002934047030214	0.1611198969353537	-0.0664950496970605	0.0044215916342145	0.0259596211884589	0.0010839635897463	-2.9714774100065428e-08	8.829677998179191e-16	1.1749770638956851e-06	0.0001932021116239	0.0001010695506785	1.0215054074371513e-08	3.732705593593392e-08	0.0003723949299571	0.0001274446988873	1.624215127447457e-08	1.386779838577534e-07	0.0	0.0	0.0
889.3215919919829	0.3170223409454138	790892.8939831549	0.1005031646585102	1485.0943020281804	2.702095699563188	2205505.0859165685	7.301321169597873	864.1274543451291	0.6053974785401124	746716.2573529931	0.3665061070227258	970.4262625442942	738.0932638244237	1.076041	25.03631	0.1284607678451796	0.0830074628382344	-0.0811002624	0.0804309913	-0.0321409474	0.0332269595	0.1098777903	0.1211347092	0.0340659972	-0.0280592764	-0.0152501956	-0.2032307821	0.0618841202	-0.1278384551	0.1738562805	0.0348619318	0.035923673	0.0986914507	-0.0142190563	0.1195977209	-0.0306451803	0.1184683828	-0.1438830833	0.1007492916	-0.0152065206	0.0308989202	-0.0178618734	-0.0749904102	0.0713060396	0.1998547953	-0.0547792704	-0.0969994253	-0.0865887151	-0.1966375626	0.038378506	-0.040557726	-0.0040271976	-0.0530179191	0.0554462452	-0.0189822719	0.0686573555	0.0640109341	-0.2333205267	0.062741195	-0.225277852	0.131822249	0.0479386647	-0.1397894443	0.0071289656	-0.0808393312	-0.0329786609	-0.0858345714	-0.022750736	-0.0790598474	-0.0134935573	0.132161791	0.166675815	0.0252595667	0.2022510181	0.0784343598	0.002832217	0.2442897676	0.0213342648	-0.0532504793	0.014103838	0.0413857366	0.0342017074	0.0668316468	0.1511827012	0.0514327741	0.0813093352	0.1472270036	0.1154550296	0.1690108555	0.0908249462	0.1097417251	-0.0511754654	-0.0136987905	-0.062635931	-0.0699190038	-0.0043999586	0.0786423597	-0.175077082	0.0408284157	-0.0756088982	-0.0199512545	0.0883998188	0.0745269684	0.0251872315	-0.0063633285	-0.1147974075	0.0600762319	0.0836274385	0.0922958185	-0.0403965426	0.0107580207	0.1851702868	0.0971168064	0.005453866	0.0684510061	0.0195991257	-0.2225981566	-0.0876766954	-0.076792807	0.1009101923	0.0164481072	0.038184649	0.0419063138	-0.0941325698	-0.0996017163	0.0792058592	0.0609294477	0.1757634554	0.0168645308	-0.0228877858	0.1026485946	-0.0457025102	-0.090084361	-0.0033794295	0.0948006283	-0.1289225186	-0.0376439227518261	-3.109367919759687e-05	9.668168860430682e-10	0.0014170649201454	-0.0087599620958513	-0.0629268064770228	0.0039597829733966	7.673693592075151e-05	0.2132456476018944	0.0521257506665407	0.0027170938825503	0.0454737062211513	0.0010839913544263	2.7764679999976036e-08	7.708774555010691e-16	1.1750372564709643e-06	7.312191836272852e-05	-0.0001200801932611	1.441925281364029e-08	5.346814945045534e-09	0.0002249605474499	-0.0001474343825072	2.1736897145279364e-08	5.060724790895871e-08	0.0	0.0	0.0
887.3323508073967	-1.9892411845862623	787358.7007893808	3.957080490454157	1484.4623440608425	-0.6319579673379394	2203628.4509346117	0.3993708724819001	862.9227759143029	-1.2046784308262204	744635.7171916461	1.4512501216979248	970.655815364124	724.3016101509065	1.022051	23.780111	0.095822884567464	0.0612037566896108	-0.0070188224	0.0126552468	0.0143522646	0.072277301	0.0646725191	-0.0030426256	-0.0116176255	0.0161892079	-0.0723479559	-0.0115512686	-0.1298616766	0.0407931871	0.052204795	-0.1696882946	0.0162697887	0.0198568109	0.0558010042	0.0414489742	-0.0114792718	-0.0496946412	-0.0159308003	-0.05948585	0.1145191739	0.0512433786	-0.0487413955	-0.0758245424	0.0486382469	0.0248840092	0.0545306006	0.0381992678	-0.1092338274	-0.1041519243	-0.0762700476	0.0490180495	0.217086584	0.0976468554	0.1245128893	-0.0226616882	-0.0032824463	-0.0432872932	-0.0103626426	0.0675558116	0.0470019981	0.1061999867	-0.025437086	0.0496583796	0.0853771663	0.1170742517	0.17975575	-0.0773685386	0.0003595002	-0.0913691489	-0.1537323252	-0.0443790425	-0.1140678983	-0.1288156191	-0.0352247354	0.0131010845	-0.0337331454	-0.063721725	-0.0199724001	-0.1071030418	-0.0519751288	0.0257997524	0.0240004641	-0.0286131725	0.0355175929	0.1040439284	-0.1729714819	-0.1293355348	0.0162975245	0.0590883009	-0.0025497487	0.1087232093	-0.0100242654	-0.001290124	0.0028436939	0.0753718054	-0.063660979	-0.0051555516	-0.0015052963	0.0593029206	-0.2535364829	-0.0898599026	0.0490440232	0.0749148626	0.0541182173	0.0210614363	0.1607408934	0.1225621508	-0.0333518039	0.0198692063	0.0967066518	0.037546718	0.1031827889	-0.0210473377	-0.0209484241	-0.0116479127	0.109526781	0.0165310882	0.0370835911	-0.0343648919	-0.0131294001	0.0803779438	0.1855336242	-0.0254200534	-0.0777193956	-0.0795166292	-0.0072501221	0.1693741282	0.0827512353	-0.21510281	-0.0334918344	-0.0352436364	-0.0893343671	-0.0924741833	0.0033794295	0.0876327994	-0.1289225186	-0.0218137609729325	0.0158301617788935	0.0002505940219459	0.0004758401677842	0.0482335015490633	0.0569934636449146	0.0032482548982442	0.0023264706716834	0.21099713609199	-0.0022485115099044	5.055804010172588e-06	0.0445197914390217	0.0010100292241921	-7.396213023420006e-05	5.4703967087807714e-09	1.020159033722095e-06	-0.0001388213120279	-0.0002119432303906	4.4919932908415055e-08	1.9271356673147577e-08	0.0003540701395001	0.0001291095920502	1.666928675936907e-08	1.253656636856203e-07	0.0	0.0	0.0
888.4940108180438	1.161660010647097	789421.6072595341	1.3494539803366132	1486.263057415302	1.8007133544595035	2208977.875837481	3.2425685849287977	863.5324943566397	0.6097184423368844	745688.3688098	0.3717565789257167	971.9556671267592	727.1839895236171	0.966073	22.477678	0.0854421284945388	0.0621765018832791	-0.0505152004	0.0408842773	0.0174543353	0.0033136424	-0.0096913502	0.0302954946	-0.0658203705	-0.0282105605	-0.0317604325	-0.0541668357	-0.159318241	-0.0744272228	-0.1142135184	-0.0383981475	0.1134161403	0.0874021277	-0.1446110766	-0.0183033002	-0.0233426181	0.1083463575	-0.0026980282	0.1226411225	0.1427548672	0.0758819892	-0.1135683564	0.0339808324	0.0285629501	0.0036885159	0.0350868512	-0.0112932355	0.0297457896	0.0520135839	-0.0570381708	0.0671693404	-0.057877786	-0.0055599749	-0.025283234	-0.029252491	0.0235627885	0.1128624656	0.0134462796	-0.0237642819	0.1396781166	0.0936843389	-0.0761026399	0.1114418997	-0.1478186024	-0.1358432373	-0.0940450407	-0.1074334171	0.1267278876	-0.0953374632	-0.0416833852	0.000583045	-0.0817169666	0.0027004741	0.0516343422	0.0182616493	0.1021795445	0.0972258671	0.0132364589	-0.1309332375	-0.0638379856	-0.073482	-0.0217384038	-0.1228631625	-0.0713870589	0.0918113612	0.0151130356	0.0395501485	0.0077174068	0.0941058458	-0.0222152969	-0.0864811482	0.0154104697	-0.1542138095	0.0346332837	-0.1025981798	0.0459855706	-0.1524871971	-0.0272290822	0.010189537	0.0685036079	0.0675960926	-0.1657434289	-0.0378295526	-0.0992972878	0.1106122029	-0.0843315973	0.0518762614	0.0352012155	0.057761785	-0.0257982819	-0.0143376486	0.1178767912	0.0455264085	0.0232439641	-0.1052085139	0.0930895915	-0.0088672028	-0.0357440889	-0.0988489416	0.1720112369	-0.0045704853	-0.0360468661	0.0205615438	-0.0997680655	0.0606429372	0.04173101	0.0334605076	-0.0276556318	0.0793474347	-0.1261791635	-0.0274416457	0.123056302	-0.0948006283	0.0101290257	0.0799246852	-0.1275100165	-0.0234826149199278	-0.0016688539469952	2.78507349640179e-06	0.0005514332034776	-0.0125725659618467	-0.06080606751091	0.0036973778461413	0.0001580694148649	0.2191390289661328	0.0081418928741427	6.629041957401727e-05	0.0480219140162195	0.0010839996985439	7.397047435180005e-05	5.471631075830309e-09	1.175055346443266e-06	-1.3542292471857564e-06	0.0001374670827807	1.8897198848239745e-08	1.8339368539333007e-12	0.0002690014133828	-8.506872611730001e-05	7.236688163220202e-09	7.236176040194405e-08	0.0	0.0	0.0
883.1298338132871	-5.364177004756698	779918.303371084	28.77439493836054	1487.9123772740047	1.649319858702711	2213883.24244518	2.7202559963111304	860.9201671636216	-2.612327193018132	741183.5342290382	6.824253363381992	968.5884113615624	718.2042763138307	1.134027	26.38546	0.0970358350196982	0.0540620228235062	0.0482774328	0.1346354861	-0.1238521147	-0.0620198284	-0.0842782474	0.0919889689	-0.0918477497	0.0527896662	-0.0721629285	0.1503450024	0.070204183	0.1529546019	0.0538199026	-0.0284947296	0.0886954547	-0.0124364633	0.0382899831	0.0530390348	-0.1255307177	-0.0671016396	0.1086167165	-0.1715644462	0.0837966416	-0.0871951285	0.0920980269	-0.003043492	-0.1317892816	-0.0138056317	0.1370954946	0.0150092857	0.0443733724	-0.0383863174	0.0979574692	-0.2717920122	0.1406756505	0.0873912247	-0.1006023754	0.0285433322	-0.0220062097	0.1830684109	0.0476004906	0.1514004915	0.0083354381	-0.0177992924	-0.019855685	-0.1459852469	-0.0601323646	-0.1454708092	-0.0846339696	0.001682415	0.0512884649	-0.0388874317	-0.0666414333	-0.0827214459	-0.0156917611	0.2491784286	-0.0839780222	0.0896109652	0.0228558116	-0.2404918284	-0.042796875	-0.0449588454	0.0036646888	0.0123307316	0.0655043751	0.0394080106	0.0583860972	0.0018827239	0.0479690038	0.0739868407	0.0635749963	-0.014538299	-0.0205040979	0.1106047483	-0.0466204151	0.2234445679	0.1152476316	-0.2069130511	-0.0691460434	0.1948695646	0.0421450905	0.0427469925	0.0281482421	0.0534635785	-0.0631160463	0.1000250659	-0.0418628225	-0.0262919859	0.0041730417	0.0725976174	-0.0378178955	0.0607737077	0.0996433531	0.042812383	-0.0820912293	-0.2625145868	-0.1262442707	-0.020522349	-0.0440298089	-0.1449041735	0.0691560233	-0.0844245934	0.0877039119	0.0123852143	0.0602380813	0.0653030714	-0.1046245461	0.0043074763	-0.0279151692	-0.0293682082	0.0834987276	0.0227564129	-0.0307576023	0.0010520034	-0.124372373	-0.0970621018	0.016850859	0.0717238087	-0.124700488	-0.0146670996973625	0.0088155152225652	7.771330863928051e-05	0.0002151238135323	0.0337213011592893	0.046293867121136	0.0021431221330293	0.0011371261518754	0.2342837941897286	0.0151447652235958	0.0002293639136778	0.0548888962199351	0.0014839982660519	0.0003999985675079	1.59998854008452e-07	2.2022508536450456e-06	1.1290824758036775e-05	1.2645054005222532e-05	1.5989739079499439e-10	1.2748272371669618e-10	0.0003919915409176	0.0001229901275348	1.5126571471026372e-08	1.536573681509545e-07	0.0	0.0	0.0
884.6678961821686	1.538062368881583	782637.2865353844	2.365635850569627	1479.4025500067348	-8.509827267269884	2188631.9049664293	72.41716011877003	862.3744901459793	1.4543229823576669	743689.7612545377	2.115055337013698	970.2803978692092	691.6103196737855	1.266375	29.464823	0.1582089940266966	0.0897266269496567	0.1353598291	-0.0852178202	-0.0249180821	-0.0077791278	0.0054033928	-0.0603916405	0.0461241036	0.115632281	0.0816079426	-0.0455670873	-0.0466191885	-0.1389378334	-0.0498417978	0.1423695559	-0.1040825059	-0.0896610165	-0.0940970037	-0.1071688492	0.0175390154	-0.1019083884	-0.0184079746	0.1292652441	-0.0176897681	0.0792362442	-0.0438448969	-0.0386929418	0.0074114023	-0.205943332	0.064698066	0.0054708507	-0.1331659265	-0.0114160647	-0.0135211249	-0.0593813808	-0.1945815581	0.0591701813	-0.0436539882	-0.1007352278	-0.0483835462	-0.0709612647	0.0350831123	0.0936384425	-0.13199447	-0.036084181	-0.0765245728	0.0020234512	0.0044830197	-0.0914995757	0.0566697924	-0.2455413077	0.0574546815	-0.1292815402	-0.1005448025	-0.0667784193	0.0958909133	-0.1366821986	-0.014941457	-0.0653337465	-0.0759553741	0.0988315679	0.1648909061	0.0245598052	-0.0599178277	-0.0517483773	0.0328284424	-0.1063223881	0.1071061921	-0.1412726147	-0.1141271822	-0.0500138677	-0.0172062948	-0.0981947402	-0.1230016691	-0.1404306896	0.039084017	-0.0191781475	-0.0582068229	-0.1607149745	-0.0285134128	0.0504493467	0.1387855299	0.1096393043	0.0040908077	-0.0252525365	0.020700524	0.0989026194	0.0199256427	0.0566219773	-0.0395653722	0.0322944042	0.0628444013	-0.0640766167	0.0561259006	-0.0957490655	0.0449445779	0.1757516131	0.0055814523	0.0929781855	0.0714869392	-0.0790191368	-0.112287478	0.0902798895	-0.2464216471	-0.1491412607	-0.0178511965	0.0307062411	-0.0781037513	-0.0218061769	-0.1249393457	0.0897941333	-0.0395237879	-0.0556617622	-0.2028507638	-0.0029310555	0.0984156823	-0.0992570537	0.0235265052	0.063080731	-0.1205247148	-0.0167198936908903	-0.0020527939935277	4.213963179863809e-06	0.0002795548450346	0.108539069080578	0.0748177679212887	0.0055976983967238	0.0117807295168784	0.1882469559158153	-0.0460368382739133	0.0021193904782584	0.0354369164115709	0.0010620303499919	-0.0004219679160599	1.780569221840191e-07	1.1279084643039178e-06	-0.0001107057850497	-0.0001219966098077	1.4883172804581178e-08	1.2255770843470381e-08	0.0005540588918092	0.0001620673508916	2.6265826225021005e-08	3.069812555928388e-07	0.0	0.0	0.0
884.4615082603117	-0.2063879218569582	782272.1595941054	0.0425959742884338	1481.0040427493796	1.601492742644723	2193372.974640006	2.5647790047437167	861.8119759156039	-0.5625142303754274	742719.8818315574	0.3164222593748593	970.241012323212	702.554821611828	1.073359	24.973894	0.2558500266209724	0.1723768657098895	0.0868984285	0.0008928254	0.0596909033	-0.048528106	-0.0436435393	0.0287966158	0.0421491929	-0.0264216943	0.0288056251	0.1059950746	-0.0551334651	0.0490285855	-0.1600641816	-0.1294492112	0.0538468171	0.0849802275	-0.0591509748	-0.0842804409	-0.0590455552	-0.0623379853	0.0125125488	-0.0736399899	-0.0272918529	-0.0391888461	0.0082092283	0.0302760698	0.0662184512	0.1442261293	0.1469022656	-0.0121563382	0.0270007745	0.1238288849	-0.1757579755	-0.017530784	0.0268089185	-0.0419540998	0.0962105964	0.1330740525	-0.0623664832	-0.0356363947	0.1083910387	0.0006920617	0.0111209941	0.0808996308	-0.0377177794	-0.1404242675	0.0284072411	-0.0058542114	-0.0935980819	-0.1006819949	0.0074409774	0.2097542898	0.0109041208	0.0689501636	-0.1275910044	-0.0776617844	0.0206508811	0.0222416745	0.0175960849	-0.0578261378	0.0344466107	0.0659168477	-0.0187824054	-0.0599091885	0.0430782848	-0.0093354691	-0.1591020683	0.1050949875	0.0585038448	-0.2042528228	0.1052658948	0.0233758881	-0.1235586656	0.0114166017	-0.07005889	-0.0055245087	-0.0460515436	0.0772440597	0.0155717511	0.0995535738	0.0437951185	0.0021487351	0.0091475995	0.0066735438	0.0323534981	0.0753774437	-0.0295879192	0.0450873113	-0.0385076933	-0.0568476177	0.1705135873	0.0524965798	0.0212002833	-0.0790631632	-0.1142988867	-0.0222500845	-0.0615768664	-0.1536043454	0.1314159163	0.1260410033	0.0561315938	-0.1168621326	0.0256260766	-0.0037316361	-0.0979144593	0.0589331115	-0.1043399425	-0.0282459089	-0.1292381463	-0.033207031	-0.1198191296	0.0088151958	-0.0758200996	0.0286856485	0.0466960769	-0.1013839798	0.0301376669	0.0540487397	-0.1150284477	-0.0131052718842425	0.0036146218066477	1.30654908050938e-05	0.0001717481511599	-0.0519767649658575	-0.1605158340464355	0.0257653329796228	0.0027015840963159	0.2481793944440795	0.0599324385282641	0.0035918971879441	0.06159301182663	0.0013751205893802	0.0003130902393883	9.802549800022301e-08	1.890956635337349e-06	-0.0004331191734345	-0.0003224133883848	1.0395039300976789e-07	1.875922183965845e-07	0.0005542979088286	2.390170193999637e-07	5.712913556284259e-14	3.0724617173175895e-07	0.0	0.0	0.0
888.484152635304	4.022644374992296	789404.0894840742	16.181667767657164	1481.3725244739644	0.3684817245848535	2194464.556266366	0.1357787813530278	864.4791531697336	2.667177254129797	747324.2062650598	7.113834504947363	970.2734118788472	705.2570454765192	1.013514	23.581478	0.2490337846520998	0.1438414563686296	0.0558614725	-0.0607687154	-0.018176992	0.1452446884	0.1208375592	0.0196266434	0.0723279993	0.0184987231	-0.0036975055	-0.050978291	0.0744116192	0.1311278565	-0.0317268074	0.0971545813	-0.100712711	-0.0094144917	-0.0472654051	0.0900587906	-0.0040926054	0.0246700251	-0.1030062897	-0.0315109772	0.0763911281	-0.0817802551	0.0240817347	0.0513866107	-0.0103261927	-0.0537523504	0.0271813679	-0.1853450619	0.0647171996	0.0363023698	0.0046246938	0.0019809409	-0.0049577843	-0.1308527632	-0.0483981149	0.0807388839	-0.0536325696	0.0964504874	-0.0982201095	-0.0679841152	0.0363954957	-0.0497145698	0.048586275	0.140967192	0.0271725943	0.070357027	0.0010024955	0.0687481422	0.0047989591	0.0588163375	0.0257125222	0.0558806352	-0.0800167306	-0.155505722	0.100168488	0.0471633001	-0.0557670131	0.0463377558	-0.0863444899	0.0242100514	0.1250752434	-0.0111736147	-0.1040807326	0.0165473201	0.0050641597	-0.1464377291	0.0006997555	-0.0049712715	-0.0531061712	-0.1154908926	-0.1148829481	0.1374515967	-0.1124350865	-0.1095832314	-0.1095300204	0.0321868226	-0.0862605913	-0.0080334188	0.0374536533	-0.033969964	0.2226988218	0.1106243279	0.1547349403	-0.0033624227	-0.0832454126	-0.0292157417	-0.1325072092	0.0713132161	-0.0954232662	-0.0059686607	0.0536828217	-0.0876502088	-0.0283178212	-0.0562771013	0.0215550961	0.1045016049	-0.047625536	0.0505150451	-0.1648177935	-0.0661093577	-0.2243514241	0.0553640889	-0.0081677956	0.016480925	-0.1963178483	0.0300307847	-0.0181562881	0.0332151738	0.1712920842	0.119736803	-0.2147771245	0.0601068776	0.1273301151	-0.1034414224	0.0366662233	0.0446835199	-0.1082719048	-0.0176344441399294	-0.0045291722556869	2.051340132168396e-05	0.0003109736201242	0.0684560840328885	0.120432848998746	0.0145040711179547	0.0046862354411178	0.1785026068033275	-0.069676787640752	0.0048548547359344	0.0318631806355833	0.0008844553082114	-0.0004906652811688	2.407524181444577e-07	7.822611922233226e-07	0.00016374466854	0.0005968638419745	3.562464458565609e-07	2.6812316475274472e-08	0.0005539275168336	-3.703919950000159e-07	1.3719022996009178e-13	3.0683569390543815e-07	0.0	0.0	0.0
892.2545658310277	3.770413195723677	796118.2102463157	14.216015666487229	1483.0023790152068	1.6298545412423664	2199296.056164763	2.656425825608365	864.8081947015744	0.329041531840744	747893.2136229962	0.1082683296761033	972.3931792184987	751.6955753860179	1.164437	27.093021	0.0835828046160323	0.0470203869534218	-0.1495207094	-0.0693856179	-0.0498607012	0.0513379994	-0.0252254434	-0.1116366135	-0.0330253855	-0.1213493821	-0.0794642905	-0.0916320398	-0.0691136064	-0.0376231861	0.0453804978	-0.019556794	-0.0386454936	-0.0344271781	0.0502246233	-0.0957020453	0.0995853468	0.0360015489	0.0995336443	0.0489250982	0.1282108421	0.028576045	0.0037332661	-0.0173540202	-0.0447884096	-0.0030700204	-0.004388393	0.1921450873	-0.0366990984	0.0472530021	0.0612360095	-0.0009090442	-0.0810581473	-0.0175982183	-0.0341440823	0.0710755252	-0.047555121	-0.0553523769	0.0341739853	0.0120309934	0.1148610187	-0.1674513278	-0.03919869	-0.0118899585	-0.068255025	0.1201309791	-0.1515245675	0.0364979794	-0.0647480848	-0.0704112957	-0.0596647846	0.1096170574	-0.0180705877	-0.0372745901	-0.1046275088	-0.0962663876	0.0300456391	-0.0066536933	-0.0100161117	-0.127351056	-0.0760266721	0.1811394512	-0.1173196179	0.0211646875	-0.0944817555	-0.1184231645	-0.001844224	-0.0542034475	-0.2350098435	0.1031092802	0.1010746532	-0.0392395035	0.1259672746	-0.1382297214	0.0614815111	0.0566543098	0.0050131516	-0.0434595039	0.0546006757	0.0385471708	-0.0234285642	0.1076593619	-0.172727765	0.2088402633	-0.0434462262	-0.0061899782	0.0118455007	0.0527463143	-0.0599381083	-0.1079776917	-0.0233956946	0.0763986314	0.1249661809	-0.0036383409	-0.0297663903	-0.0588775468	0.129924194	0.120881801	0.0378549352	0.107900418	-0.0952035029	-0.1000723401	-0.07612533	-0.057179951	-0.1994436431	0.0887751929	0.0268944806	0.1511179123	-0.0572664854	-0.0803271101	0.1168892257	0.1965098948	0.0531845742	-0.1054279714	0.0430942802	0.0350428114	-0.1003291122	-0.0176488844401632	-1.4440300233800609e-05	2.0852227084230184e-10	0.0003114831219822	0.0937157579153336	0.0252596738824451	0.0006380511246474	0.0087826432816454	0.1437074962173241	-0.0347951105860034	0.0012106997206922	0.0206518444690522	0.0009580642540446	7.360894583320003e-05	5.418276906674976e-09	9.17887114878036e-07	-0.0002327341883747	-0.0003964788569147	1.5719548398038717e-07	5.416520243843034e-08	0.0005541113110327	1.837941990999936e-07	3.378030762280808e-14	3.070393450143776e-07	0.0	0.0	0.0
889.4497868063534	-2.8047790246743034	791120.9232498674	7.866785377252937	1487.6584936491058	4.656114633899051	2213127.7937263264	21.67940348400889	863.4371691856264	-1.371025515947963	745523.7451312881	1.879710965380378	972.7682130698132	742.4283921972625	1.053052	24.501417	0.1494846244364682	0.0885530033799361	-0.0774059507	0.0417353209	-0.0104366835	-0.0159825446	-0.1120938978	-0.0209676945	-0.0814395668	-0.1040244875	-0.0188709611	0.103881775	0.1451541425	0.0493147553	0.0322932627	0.0789940703	0.0907339331	0.1847290694	-0.1022732714	-0.0882670048	0.0056239346	0.0411590674	0.1305654875	0.0476044218	-0.0266768488	-0.0906293532	0.0456120168	-0.0312104829	-0.1575545128	0.0601905378	-0.0220464545	-0.0901854985	-0.1378525964	0.0439729142	0.1445772347	0.106659949	-0.1058120763	0.0490826055	-0.1453954788	0.0558466919	-0.1002539495	-0.02921107	0.0393407094	-0.1301710689	-0.0149284611	-0.1631795624	0.1586359579	0.0274288624	-0.0037170536	-0.1059095027	-0.0048753688	-0.0422947836	-0.1105661749	0.0689853169	0.058133345	-0.0652887295	-0.0415679136	0.0489429184	0.0433230835	-0.0540055971	0.1167453899	-0.1241801251	-0.0263915702	0.0266850572	0.0462593687	0.0684442591	0.0591561357	0.1526142816	-0.0430236947	-0.0261710291	0.0465048566	0.0877648338	-0.1240657268	0.1802165383	0.0036944888	-0.0196432546	-0.179552438	0.0419632693	-0.0399354407	-0.0479053209	0.1681937338	-0.1319133041	0.0961223145	0.0573651954	0.1179448012	-0.1005896303	-0.0291747946	-0.0793163665	-0.0334133219	-0.1082657266	0.0544304166	-0.0270447323	-0.055891352	-0.04358917	-0.1548431364	-0.0011783261	-0.0470691765	-0.0936458032	0.0097294068	0.0004560585	-0.0205249249	-0.1268555477	0.0954029124	-0.0246104501	-0.0483651577	0.1274339267	-0.1583291539	0.0378205317	-0.1152715322	-0.1058529063	-0.0018742163	0.1737815997	-0.1784559058	-0.0795916493	0.0589818629	-0.0336107323	-0.0585573977	-0.1073422654	0.0494042187	0.0251860523	-0.0912870929	-0.0296184720475025	-0.0119695876073392	0.0001432710274897	0.0008772538864286	0.0117222531739571	-0.0819935047413765	0.0067229348197741	0.0001374112194743	0.1502286635231158	0.0065211673057917	4.252562303012684e-05	0.0225686513439415	0.0013689918596374	0.0004109276055928	1.6886149703823186e-07	1.8741387117534668e-06	6.219163897891455e-05	0.0002949258273536	8.698124364021409e-08	3.867799958883644e-09	0.0002799574483399	-0.0002741538626927	7.516034042938262e-08	7.837617288098777e-08	0.0	0.0	0.0
887.0971720738339	-2.352614732519441	786941.3927013933	5.534796079667523	1484.581680135955	-3.07681351315091	2203982.7649952946	9.466781394708043	863.8962877566538	0.4591185710273748	746316.7959997272	0.2107898622622186	969.5248201740944	725.8781042674386	1.053534	24.512632	0.1798549828637999	0.0969595316563552	0.0026885631	0.0608361356	-0.0559653715	0.0232424396	0.1067843503	0.1078455897	0.0111722662	-0.0197285741	0.0118226938	-0.0787314599	0.0798516609	0.0691317114	-0.0167950915	0.1922201265	0.0272839529	-0.0927591241	0.0799316065	-0.0179308059	-0.0551479154	0.0184201748	-0.082234931	-0.0966459359	0.0539356875	-0.0055144871	0.0286304751	0.0137836491	0.0956080603	-0.0121070758	-0.011207869	0.0048805392	0.1091344578	-0.0904363709	0.0328121833	-0.0798754113	-0.0875850382	0.051410615	0.0105397097	-0.0564591658	0.0516226491	-0.0124683962	-0.0193508247	-0.0771150584	-0.0396926559	0.0638054066	5.0315e-06	0.0264287023	-0.1369756232	-0.1039661046	0.0453692526	0.2135603887	0.0354858096	-0.0028353855	0.1666384845	-0.0867045488	-0.0884441585	-0.012674755	-0.0815223167	0.1060447268	-0.0284342933	0.0115911173	-0.0718641939	-0.0288979809	0.0120799344	-0.0574927535	-0.1008391224	0.0292217332	0.0872902915	-0.1405649824	0.0108340458	-0.0033200709	0.0499308871	0.0118331325	0.0730100499	0.0783361748	0.0337359273	-0.045266903	0.0333749489	0.0153443616	-0.0990839671	0.1016486291	-0.083725119	0.0360578918	-0.0017678518	0.0676658721	0.1001695089	-0.1108148865	-0.0116514965	0.0119469109	0.0897916109	-0.0065620854	-0.0558205016	0.0871446884	-0.0018397509	0.0670628263	-0.0417703569	-0.0449135761	-0.0418429681	0.0054899349	-0.0597468202	-0.0434183017	-0.0204219249	-0.0788117387	-0.0262630231	0.055296647	0.1383739993	-0.0557659575	0.0442961503	0.0730086009	-0.1056128351	0.0578583061	0.0288100501	0.1737308469	-0.0904937079	0.0593425329	0.0132728157	-0.1091829923	0.0555787436	0.0151740128	-0.0812449131	-0.0071875973109598	0.0224308747365427	0.0005031441414464	5.166155510451655e-05	-0.02825154804394	-0.0399738012178971	0.0015979047838079	0.000798149966879	0.2276424817940352	0.0774138182709194	0.0059928992592829	0.0518210995173476	0.001133045421467	-0.0002359464381704	5.5670721685298415e-08	1.2837919271073315e-06	-0.000433880303098	-0.0004960719420769	2.460873717159617e-07	1.8825211741641242e-07	0.0002112460558184	-6.871139252149998e-05	4.721255462243643e-09	4.462489609883057e-08	0.0	0.0	0.0
889.0631979882662	1.9660259144322936	790433.3700171231	3.865257896219336	1480.668292624881	-3.9133875110740064	2192378.59278468	15.314601811830007	863.5885672016203	-0.3077205550334838	745785.2134013475	0.0946919399901153	971.2609835361208	736.0223759662202	1.158829	26.962528	0.2787551292740466	0.1634853785580187	-0.0498556369	-0.0631442946	-0.0035447868	-0.1904452311	-0.0312109226	-0.1053764475	0.04994033	-0.0611217706	0.0092706983	-0.0236921298	0.0092556876	-0.1302283604	0.0914631119	0.060448492	0.1713122257	-0.069567921	0.1453935021	-0.0473910161	0.0965063798	-0.0760867595	0.1037278927	0.0674419772	-0.0080628046	0.1638426348	0.0791218998	-0.1522427014	-0.0507387481	-0.1103108269	0.1120507734	0.2471012401	0.1689149503	0.0865274937	0.1425458757	0.1057614449	0.132179891	0.4099234572	-0.0235938941	0.1005732856	-0.0277535942	0.0329784556	0.0872788296	-0.1587851121	-0.1836298168	0.1336132108	-0.1219604739	-0.0314990301	-0.1069482387	0.1150930573	0.0110912701	0.0514381902	-0.0040355146	0.0596595343	0.1899548304	0.0615671712	0.1317930085	-0.0870552374	0.051745933	-0.1140908704	-0.0475159034	-0.0216044751	0.0570355829	0.0499775895	-0.1919252236	0.0695284719	-0.0175519011	0.0851861702	0.027879413	-0.0909756404	0.0136327575	-0.0165553554	-0.1076943037	0.0554319632	-0.1919324774	-0.0243840077	0.2234105972	0.0801589688	0.3397557828	-0.1475126143	0.1298725168	0.0701813893	0.0043201052	-0.1506300973	-0.2030081189	0.1116405576	-0.1463423728	0.0822279763	0.0385621131	-0.0821795527	-0.0304965199	-0.0374471136	0.0249930858	-0.1300310138	-0.0236453713	0.6188447721	-0.3174304433	0.4168592064	-0.3574822689	0.1706616112	-0.1898136692	0.1979027921	0.0003188703	-0.145683005	0.1115514503	-0.0415389577	0.0133177539	-0.0076527322	-0.0180070905	0.0027251325	0.0362313266	0.0137468011	0.0061605694	0.0035737921	0.0014320629	0.0016342856	0.0392142184	-0.1109488906	0.0616009311	0.0050684204	-0.0703125971	-0.0172408567823083	-0.0100532594713485	0.0001010680259982	0.000297247142588	0.1115216861898744	0.1397732342338144	0.0195365570081807	0.0124370864906328	0.1533596431761665	-0.0742828386178687	0.0055179401131283	0.0235191801551211	0.0009419655653029	-0.0001910798561641	3.651151143169316e-08	8.872991262164119e-07	0.0001252605757218	0.0005591408788198	3.1263852236737826e-07	1.569021183015679e-08	0.0005539412598548	0.0003426952040363	1.1744000286954979e-07	3.06850919369523e-07	0.0	0.0	0.0
887.1563373276573	-1.9068606606089131	787046.366860624	3.636117578977861	1485.6651434050948	4.99685078021389	2207200.918328881	24.96851771972416	864.1264435579784	0.5378763563580833	746714.5104561601	0.2893109747290478	971.8351825128972	726.6163015598204	1.137312	26.461897	0.3268514803366841	0.1980674192018586	-0.0162200729	0.078263957	0.0888818866	-0.0983891033	-0.0308884265	0.0436721657	-0.0209257975	-0.0665872856	0.1395474684	-0.0299705665	-0.0331840494	-0.103146085	-0.0526584859	-0.0453777739	-0.0085022461	-0.1623645302	-0.1069843811	0.127142485	-0.0681708387	0.0912978807	0.0591996323	-0.0388253054	0.0091779357	-0.0047697398	-0.1608123807	-0.0405923492	0.0697055809	-0.0178079411	-0.0815710069	-0.0499430403	-0.0527225991	0.1725463086	-0.0577312421	-0.0125279119	0.0863661792	-0.1963975383	0.1652757578	0.0092129604	0.1133567973	0.1219193066	0.0351250521	-0.0937277844	-0.0259061098	-0.0197928451	0.1285746114	-0.0455715013	-0.1795612929	0.1229386326	-0.0574360193	0.0604676003	-0.0799213022	-0.0521820463	-0.0711987864	-0.2319199218	0.0216045741	-0.1241021638	0.0339125295	0.0285918734	0.1027833287	0.0194214098	0.0551065026	0.0641539519	-0.0019355296	-0.0531544926	-0.0566065483	-0.0845112014	0.0272589148	0.1397388594	0.0081934262	0.0415557314	0.0601453163	-0.0655629605	-0.0650305515	0.1119756516	0.00172369	-0.1827881671	-0.0040685384	0.1997874093	-0.0370118583	-0.0670296882	-0.0247785587	0.0328803537	-0.0165787379	-0.0448650725	-0.0195723407	0.1543785919	-0.1473339092	0.011855181	-0.1141590381	0.0432105842	-0.0949330772	0.0868359327	-0.0620426718	-0.0113978248	-0.0391106864	-0.0076721006	0.0734310198	-0.0158603601	0.1020351098	-0.078346849	0.0315984127	0.028122646	0.0899047178	-0.006698035	0.1030240493	-0.0762706939	-0.0588840916	0.0059482391	-0.1479668684	-0.0859342165	-0.0630306746	0.1076998825	-0.0786102974	0.1771210275	-0.1033874432	-0.1126387502	0.0674542747	-0.0050684204	-0.0586099215	-0.0133740188239954	0.0038668379583129	1.4952435795849484e-05	0.0001788643795045	-0.0602532654474856	-0.17177495163736	0.0295066340100173	0.0036304559970851	0.2463202479541877	0.0929606047780212	0.0086416740406954	0.0606736645522125	0.001487016618415	0.0005450510531121	2.970806504986093e-07	2.2112184234423817e-06	-0.0001528423984396	-0.0002781029741614	7.734126423741633e-08	2.3360798760769446e-08	0.0002121135678685	-0.0003418276919862	1.1684617100868078e-07	4.499216567390475e-08	0.0	0.0	0.0
884.354925286754	-2.801412040903301	782083.6338789403	7.847909422918	1487.243204779587	1.5780613744921084	2211892.350163056	2.4902777016639224	863.3718272242053	-0.7546163337731286	745410.912044463	0.569445811197198	972.8094429776622	712.8202055758475	0.926368	21.55386	0.2210492497845106	0.1591736081257909	0.0840166621	0.0266200217	0.0189440334	0.0336413605	-0.2086716704	-0.0127160385	-0.0543766809	0.0237677324	0.1655941535	0.1366941746	0.0164764201	0.0820070181	0.1389844687	-0.1172550287	-0.01812703	-0.1920812087	0.0049164198	-0.0342654654	-0.0536361298	-0.0242902164	0.1485737695	-0.0544032317	0.0038458239	-0.126274101	-0.045381846	-0.0987901128	-0.0933089666	0.026173205	0.0668552682	0.0261005019	-0.073677646	0.1012430905	-0.0762678242	0.0569846755	-0.1109986078	0.0021781589	0.0613588865	-0.1474968133	-0.04230648	-0.068026745	-0.0135090725	0.0286590358	-0.1278792561	-0.1581923573	0.0039625285	-0.11107643	0.0259036045	0.0593388424	0.0332641935	0.0952665396	0.1186965081	0.0755385098	-0.0681374268	0.1624884923	0.0089346896	0.0477147357	-0.0653144727	-0.0415345052	0.0728189115	-0.1515670109	0.1020202072	0.0318240099	0.1055120547	0.0300226007	-0.0536621846	0.0288101427	0.0835864373	0.01298307	0.0019198251	-0.1068305476	-0.0838437145	0.0259609638	-0.2369604553	-0.0676360886	0.0842297922	0.0622769984	-0.1313375792	-0.0620471409	0.0156883323	0.0332454349	-0.028154622	0.095759543	-0.006812527	0.028616081	0.0587784325	0.0635650872	0.0849967514	0.0066545531	0.0454063098	-0.0593363947	-0.0722318962	-0.034240201	0.0500404494	0.0057014277	-0.1267566993	-0.0482678425	0.1088189112	0.1698552357	-0.0772810316	-0.0790241581	0.0543603052	-0.009012102	-0.0833455379	-0.1556491761	-0.0482147035	-0.035518953	0.0752353156	-0.0282773053	-0.161765215	-0.0345396752	-0.0497864549	0.0346416906	0.0475102598	-0.0019817628	-0.0692106323	-0.1142514127	0.0731227308	-0.0151740128	-0.0462651033	-0.0095940419844566	0.0037799768395387	1.4288224907449726e-05	9.204564159951596e-05	0.0949045570639697	0.1551578225114553	0.0240739498864962	0.0090068749515082	0.2268261097737962	-0.0194941381803915	0.0003800214233961	0.0514500840751142	0.0011896020828442	-0.0002974145355708	8.845540596879473e-08	1.415153115507259e-06	-0.0003656703740795	-0.0002128279756398	4.5295747214977855e-08	1.3371482247944145e-07	0.0005542173017203	0.0003421037338518	1.170349647153432e-07	3.0715681752613e-07	0.0	0.0	0.0
884.0315940585372	-0.3233312282168299	781511.8592936782	0.1045430831402037	1483.5044586829229	-3.7387460966640447	2200785.478932112	13.97822237532063	862.2242992245665	-1.1475279996387826	743430.7421732948	1.316820509954986	969.65870143524	701.9823002454099	0.907279	21.109722	0.2022029181529375	0.1265957418579828	0.1204283223	-0.0022215319	-0.019554524	0.0775900008	-0.0781286638	0.0408839305	0.0321478775	0.0675304576	0.1456103129	0.0246889178	-0.1100893363	-0.0112882441	-0.0441337821	-0.0545785877	-0.0575095989	0.0485061084	-0.0434548089	-0.0330345785	-0.0658724016	-0.067777052	-0.0126079342	0.1837710544	-0.0336619396	-0.1424901759	0.0405618685	0.1117009249	0.0598924821	-0.0639443793	-0.1051392059	-0.0855926556	0.0011692781	0.062844559	-0.0784789007	0.0259429039	0.0223458825	0.1002642979	-0.0166298809	0.0357424407	-0.0628912303	-0.0099081365	0.0197588547	-0.0133663498	0.1327448789	-0.1315301644	0.1416663627	-0.1352920201	-0.0393151085	-0.0470443636	0.0518063269	0.1578004395	0.0032551102	-0.0991218885	0.0383311772	-0.0733943815	0.1249338534	0.0600148746	0.0853390172	0.0266671995	-0.0262299421	0.03071053	0.1492839856	-0.0367349282	0.0656310273	-0.0441714425	-0.0207933257	0.0563556818	-0.0831429241	0.0742438647	-0.0773721083	-0.0096377432	0.0067641184	-0.0132261268	0.0408386843	-0.0556457336	-0.0304170579	-0.0149300063	0.072669114	-0.1362151977	-0.0608473471	-0.1306954054	-0.06490895	0.0490952166	0.0974932963	-0.0320948221	0.1784333427	-0.0715707733	-0.0524106331	-0.0623302901	0.0920142458	-0.1085457239	-0.0361801496	0.0559844411	0.006141136	-0.098618637	-0.0157494948	0.1387779036	0.1631093334	-0.0107348058	-0.0113480792	0.015717227	0.1252647494	-0.0536283811	0.0362038867	0.0689568682	0.1043614895	0.0373734566	0.0653228347	0.0470409019	-0.1259416972	0.0311919303	0.0499606979	-0.0065668615	-0.0412097039	0.0879712503	0.0348940478	-0.1157857731	0.0785907625	-0.0251860523	-0.033413395	-0.0001013471411113	0.0094926948433453	9.011125538887448e-05	1.0271243011433756e-08	-0.0235498281597017	-0.1184543852236714	0.0140314413787179	0.0005545944063514	0.263198631619872	0.0363725218460758	0.0013229603454432	0.069273519686573	0.0017575487452311	0.0005679466623869	3.225634113164194e-07	3.088977591863414e-06	-0.0001760129165464	0.000189657457533	3.596995119791962e-08	3.098054679116997e-08	0.0005541550968434	-6.220487689995082e-08	3.869446710138035e-15	3.070878713575181e-07	0.0	0.0	0.0
885.2722833033494	1.240689244812188	783707.0155851257	1.5393098021926377	1484.308822308042	0.8043636251190946	2203172.6799814864	0.6470008414147315	862.7650828585729	0.5407836340064023	744363.5881999602	0.2924469388091704	970.741484519184	706.0474677030786	0.883861	20.564854	0.2102700415565249	0.1255771530377556	0.0951071631	-0.0572329677	0.0287383028	0.0571616048	-0.1647650251	-0.0902540642	-0.021624299	0.0902989196	-0.0046562084	0.1989889295	0.0047656271	0.048707412	0.0503069714	-0.0499479067	0.0232917911	-0.1108622327	0.1200341652	-0.1338596278	0.0178192148	-0.1164178561	0.0792013742	-0.0379490426	-0.0932224675	-0.090519764	-0.0125770709	0.0269654982	0.0021632072	0.0765794918	0.0370397956	-0.1373597467	-0.2000956019	0.0453743688	0.1277601071	0.0259341348	-0.0612654165	0.0051775707	-0.0599702414	-0.017729582	0.0321219711	-0.0327182637	0.0744457895	0.0384431566	-0.0515938089	0.1464844967	-0.0188352414	-0.0332820724	0.0642077664	0.027785942	-0.0602862014	0.0789394111	-0.0710400831	-0.1403348204	-0.2482563268	0.0633211678	-0.028335152	-0.2203256129	-0.1037501782	-0.0641368206	-0.0429043958	-0.1572012884	0.0398717255	0.0772452732	0.1036885239	0.0185703903	0.0119050888	0.0582106478	-0.0126874872	-0.040486826	0.1021077529	-0.0644110334	0.0322918205	0.0102123068	-0.0512561412	-0.1110158985	-0.1493206308	-0.0158765725	0.0138896735	-0.025716712	-0.1276706471	0.0279546268	0.033335983	0.116041454	-0.1555226031	-0.1194424718	-0.0344813323	-0.0741611098	-0.0135175631	0.0768890357	0.0374325456	0.2026337105	-0.0501893106	-0.083535512	0.0523349538	-0.0354048694	-0.1661377691	-0.0557154599	0.1055784305	0.1065694224	-0.0259484333	-0.0318198579	0.1564526868	-0.047900795	-0.1240009346	-0.0150966312	-0.1024660502	-0.0410596828	0.0734946107	0.00928212	-0.1155120212	-0.044125519	0.011380411	0.0228383255	0.0141152104	0.0594544589	-0.0933613992	-0.1172407796	0.0838433825	-0.0350428114	-0.0201956026	-0.0097427181000426	-0.0096413709589313	9.295603396772388e-05	9.492055597689768e-05	0.0846345613365713	0.108184389496273	0.0117038621306813	0.0071630089726338	0.2039281019723802	-0.0592705296474918	0.0035129956846942	0.0415866707740575	0.001189022514486	-0.0005685262307451	3.232220750452308e-07	1.4137745399546095e-06	-8.117061050172403e-05	9.484230604467595e-05	8.99506301587198e-09	6.588668009222591e-09	0.0005540486045566	-1.0649228680001747e-07	1.1340607147897171e-14	3.069698562111157e-07	0.0	0.0	0.0
887.1803234609771	1.9080401576277384	787088.926336324	3.640617243120084	1483.852351221545	-0.4564710864970038	2201817.8002257072	0.2083658528077552	863.7052176544286	0.9401347958556698	745986.7030034838	0.883853434378582	971.752701368232	712.2903007536705	0.987719	22.981318	0.1827751358123033	0.131703338796859	0.0877636459	-0.000928166	0.0823043524	0.0927364157	0.0029312429	0.0505167871	0.0602860334	0.0338361914	0.1428683989	-0.0499421531	-0.0651318724	-0.2035291481	-0.0155147117	-0.0949080965	-0.1324726537	0.0699901603	-0.0572630132	0.0127632153	-0.0385519524	-0.0160589073	-0.1161412326	0.172474051	-0.1288894008	-0.0030410818	-0.1006932693	0.010748511	-0.041768063	0.1433510521	0.0928579432	0.1140220801	-0.0885756781	-0.0549288965	0.0718636579	-0.0353728368	0.1171862872	-0.1351736086	0.0677208848	0.0770707697	0.0810902475	0.0416719188	-0.1590685337	-0.1101303798	0.0426335442	-0.0626610763	0.0521566787	0.0034078131	-0.0656509282	0.0109949661	0.0363239636	-0.0413502696	0.0935407528	-0.0235700415	-0.0652275878	-0.051076633	-0.0657381926	0.0753820052	0.0210315118	0.0092130982	-0.0108516852	0.2115346607	0.1876147046	0.0108231894	0.0717201725	-0.0658487928	0.0552626464	-0.0916771848	-0.0110854865	0.1246314801	0.0768810382	-0.0517668602	-0.1102236891	0.2225454138	0.0220238826	0.0784271269	-0.073739692	0.1183303217	-0.0212822358	0.0951083381	0.003921195	0.0241437417	0.0882929903	-0.1090036191	0.0803447596	-0.0685648834	-0.0008691347	0.0612940267	-0.0335940959	0.0151678592	-0.0477702132	0.0224135464	0.0241959947	0.0615721574	-0.062153816	-0.1137567214	0.0275717232	0.2497585146	0.1425502359	0.0994137419	0.0624062728	-0.0331286006	0.0763859752	-0.0394636045	0.0376978192	-0.0396226005	-0.0115626403	-0.054797098	0.1262568224	0.0168185737	-0.0914844674	0.0684140562	0.0204710611	0.0870077088	-0.0501617758	0.0318944301	-0.0517204925	-0.1186154352	0.0888661936	-0.0446835199	-0.0067565429	-0.0097143453374997	2.8372762542900817e-05	8.050136543158355e-10	9.436850533620217e-05	-0.0404749564935258	-0.1251095178300971	0.0156523914516793	0.0016382221031528	0.2442132859024397	0.0402851839300595	0.0016228960442787	0.0596401290112667	0.0014360506199821	0.0002470281054961	6.10228849049924e-08	2.062241383150974e-06	-0.0001811022435422	-9.9931633040476e-05	9.986331282136352e-09	3.2798022616018324e-08	0.0005541300918121	8.148725550002813e-08	6.640172808926865e-15	3.070601586516864e-07	0.0	0.0	0.0
888.494069400089	1.3137459391118682	789421.7113591301	1.7259283925329243	1484.636159092425	0.7838078708800822	2204144.524884708	0.6143547784535676	865.0073320873105	1.302114432881922	748237.6845648066	1.695501996319409	971.646617606384	717.3606400642835	1.063374	24.741577	0.1006490261609566	0.0673447269246263	0.0153596188	-0.0205932103	0.1649603154	0.0120145552	-0.0417507965	-0.0258254545	0.0171362804	0.0103779014	-0.0187207988	0.1395631952	0.0139479963	0.1295364226	-0.0479039427	-0.1785704741	0.0494817862	-0.0096879928	0.0470881748	0.035691139	0.0394226945	-0.0188584533	0.0648968365	-0.1950715777	-0.0335331882	-0.1356009447	0.0833241668	0.1415157967	-0.1157396885	-0.0624477159	-0.0145818036	0.1616261545	-0.0391839186	-0.0521620298	-0.1506378844	0.0729968632	0.0526143425	-0.1940362404	0.0813991919	0.0358168927	-0.0426065475	-0.1040699621	0.0057681303	0.0961787007	-0.0504840265	-0.0655027333	-0.1207372515	0.0829131314	0.1479387917	-0.0001514997	0.1278444071	-0.0666953173	-0.1230217575	0.133136385	0.0497301359	-0.1558236477	0.0063455862	-0.0575793492	0.0486537418	-0.015928465	-0.0008279084	-0.1803729621	-0.1153262579	0.0361875283	0.0924953231	0.0162668841	-0.0223838862	0.0483711606	-0.1022777571	0.1884450156	0.006414309	-0.156216068	-0.1681996503	-0.1110956282	0.1090754995	0.010625665	-0.0084343293	0.0643595882	0.0011141114	0.1767788209	-0.0163209144	-0.0370808779	-0.0062643578	-0.0264568715	0.004898649	-0.112500054	-0.077229373	-0.0514871063	0.1505083594	-0.0230794147	0.0921470804	-0.1124608983	0.0146600991	-0.0319958139	0.0322639977	-0.0201825984	-0.188577671	-0.1927471726	0.0420732727	-0.016936585	0.0856928491	0.072418135	0.175564731	-0.0280338893	0.0697486775	0.0088010412	0.0083794375	-0.1614173516	0.1300583744	0.1438870042	0.0088762502	0.0360800211	-0.0194556379	0.1032010998	0.0767823937	0.0801965388	-0.0316726354	-0.1199087977	0.0936454286	-0.0540487397	0.0067565429	-0.0097753556885038	-6.1010351004101016e-05	3.722262929643609e-09	9.55575788367636e-05	0.0213951579238624	0.0618701144173882	0.0038279110580207	0.000457752782587	0.2220525111758604	-0.0221607747265793	0.0004910999364821	0.0493073177195056	0.0014281402545912	-7.910365390900124e-06	6.257388061755047e-11	2.0395845867838173e-06	-0.0005041038784083	-0.000323001634866	1.0433005612617337e-07	2.541207202262901e-07	0.0005543606248748	2.305330626999275e-07	5.3145492997808705e-14	3.0731570241157866e-07	0.0	0.0	0.0
888.0184998200466	-0.4755695800423609	788576.8560226461	0.2261664254616675	1485.755962098625	1.1198030062000726	2207470.778911611	1.2539587726947197	864.1352414217862	-0.872090665524297	746729.7154670887	0.7605421288946114	971.2037773080234	729.5814029120664	1.003033	23.33762	0.1218053781686147	0.0742023740916994	0.0097837572	-0.0070399076	0.083487533	-0.0339346055	-0.0911600605	-0.0409610516	0.0092499886	-0.0210171717	0.1055297841	0.0631939764	0.0295346084	-0.0107774385	0.0541899881	0.0386302593	-0.1905250624	-0.1652784843	0.012845969	0.0084528308	-0.0073347336	-0.0110916728	0.0478759546	0.0639897389	-0.1285225002	0.0147030556	-0.1174903521	-0.0571240305	0.0638784746	-0.0436976337	-0.1020640103	0.1360194385	0.0075987306	-0.0989649351	0.0636772723	0.0109210199	-0.1460294539	-0.0034972513	-0.173324184	-0.168171427	0.0941388009	0.1200933965	-0.1608454738	0.1195751341	-0.0538377663	0.0105186004	0.0702106566	-0.0451409535	-7.44145e-05	0.1126288509	0.0134578631	-0.1299293301	-0.1035842443	0.1298036146	0.0083553949	0.0169624746	0.0245592412	-0.0102577608	-0.0219602548	-0.0175712165	0.0162726756	0.0317125806	0.0934183669	0.133608647	0.0480556244	0.0858332709	-0.0455772447	-0.1029909948	0.1156337874	-0.0397022472	-0.0682040666	0.1303135935	-0.0595785462	0.0196916107	0.0658758816	-0.1561140743	0.1012941816	0.0839167759	-0.1967286946	-0.106632405	-0.0798263621	-0.0217697851	-0.0665644158	-0.1476010125	0.0324878604	0.0020549586	-0.0913433589	0.0155420592	0.0400697253	0.0221372312	0.021983399	0.1092246081	0.0751961438	-0.0439287042	-0.0312115474	-0.0249512705	-0.0226227575	0.0561946951	0.0979109317	0.2236703159	0.0089720715	-0.1659746893	-0.0771709998	0.149639766	-0.0384868083	-0.1285570358	-0.0473801734	-0.0952428576	-0.0617640519	0.0146751453	0.0487180613	-0.0065627552	-0.0024423379	-0.0670997628	0.0355318852	0.1225189137	0.0334836172	-0.1211199807	0.098167988	-0.063080731	0.0201956026	-0.0012233505653114	0.0085520051231924	7.313679162710907e-05	1.4965866056477217e-06	0.0886806761025695	0.0672855181787071	0.0045273409565771	0.0078642623140088	0.1943124705377101	-0.0277400406381502	0.0007695098546062	0.0377573362064684	0.0011381192928033	-0.0002900209617878	8.411215827637855e-08	1.2953155246510836e-06	-0.0004296844991911	7.441937921719995e-05	5.5382440030734124e-09	1.8462876884510646e-07	0.0005542446813086	-1.1594356619996743e-07	1.3442910543166226e-14	3.071871667588716e-07	0.0	0.0	0.0
889.0006565349229	0.9821567148762824	790322.1673195239	0.9646318125765712	1484.9791709434448	-0.7767911551802626	2205163.1381358807	0.6034044987662869	863.4069725443203	-0.7282688774658936	745471.6002381487	0.5303755578854328	970.4923982199182	729.713299458691	0.949613	22.094692	0.1829788095516962	0.1233406677624249	0.0094770893	-0.0517367382	0.1236451172	-0.1171023158	-0.0139644058	-0.0347497295	0.0375542931	0.0562085504	0.0170507444	0.061035835	0.0508304007	0.003676412	-0.0906125268	0.016124881	0.1281454045	-0.0114984159	0.0652471117	-0.0182198315	0.0223676945	-0.0816516083	0.049966949	-0.0251379779	-0.1075886852	0.110415879	0.0254857928	0.1119229101	0.0446286642	-0.0049522814	0.0571795633	0.0106059016	-0.0620317857	-0.0506128926	-0.0116998101	-0.103586811	0.0947059236	0.0748691829	0.1331414379	0.0679100494	-0.0122202807	0.1470910328	-0.0320375982	-0.0038481056	0.0800503182	-0.2022168859	0.040902649	-0.0024106909	-0.0442682201	0.0862585835	0.1826365489	-0.064575543	-0.1372859254	-0.1231489775	0.0738317464	-0.00823686	0.0017823096	-0.0168688781	-0.0484036833	-0.0304523846	-0.0620234019	-0.0673815338	0.0293725196	0.0979402398	-0.0896581459	-0.0429226375	0.0360817842	-0.0156456874	-0.0653771137	0.0142093771	0.004480934	0.0103975234	0.0806647723	0.0996171533	0.1777679525	0.0483428206	0.0434117204	-0.0313517856	0.1694247936	-0.0137966469	-0.0259473143	0.0643969408	0.0950094414	0.0150506706	0.0043068051	0.0522956039	0.0077146284	0.1165944095	-0.096734978	-0.027265086	-0.0339516271	-0.1488013756	-0.113547981	-0.0153849039	-0.041342967	-0.0217540746	-0.1195852659	0.0305441281	0.0140207322	-0.1312282052	0.1415581699	0.0086118749	0.0620861705	0.0833909953	0.0836633174	0.1208682485	0.0410844228	0.0202285248	0.0197930724	0.0791386244	-0.0144804756	0.0222903009	-0.0645845372	-0.0140034695	-0.022301949	0.0106316102	-0.127659572	-0.1222481541	0.1024214758	-0.0717238087	0.033413395	0.0049850344152275	0.0062083849805389	3.8544044066581e-05	2.4850568121002585e-05	-0.0290617766180503	-0.1177424527206198	0.0138632851726673	0.0008445868601974	0.2266313666604276	0.0323188961227174	0.001044511046591	0.0513617763543731	0.0014741758782841	0.0003360565854808	1.1293402864501429e-07	2.173194520114698e-06	-0.0006270915813271	-0.000197407082136	3.8969556077449465e-08	3.932438513713229e-07	0.0005549625282482	7.178469395999545e-07	5.153042286930208e-13	3.0798340775963414e-07	0.0	0.0	0.0
891.4545540656509	2.453897530728	794691.2219643885	6.021613091312974	1486.6003617911504	1.6211908477055204	2209980.63567758	2.628259764684144	865.1759292937371	1.768956749416816	748529.3886292815	3.1292079813073075	971.697088041032	740.6925832322381	0.938924	21.846008	0.1569111195888916	0.1141333104407381	-0.0498922588	-0.0446177733	-0.0521760519	-0.0785299349	0.0535849495	-0.0362605468	0.0198123448	-0.0105153481	0.091282391	-0.0894091146	0.1463613913	-0.0039182047	0.0032320638	0.0086872088	0.0422372649	-0.0670133819	0.0054145002	-0.0337065063	0.0755949433	0.0119803169	-0.042520584	-0.0304904049	0.0378065134	0.1359769631	0.0714168564	0.0256625875	0.0090078434	-0.0611473287	0.0121906705	-0.0746277822	-0.0231000495	0.1356486197	0.0744010712	0.0013554253	-0.1852256281	-0.0607270021	-0.0146193652	-0.0132223628	0.0845859098	-0.0490831914	0.0122792808	-0.0850702214	0.0546507838	-0.0608765043	-0.1437549993	-0.1675769346	0.293302668	0.0840803221	-0.0655549448	-0.0969003544	0.1477135756	-0.1337523374	0.1786237159	0.0342014998	-0.0814682271	0.0389326537	0.0887320155	-0.0271423145	-0.034572282	0.0820840593	-0.046367942	0.0712447794	-0.0681767018	-0.0250878538	-0.081054373	0.0621848291	0.1163760539	-0.1119399379	0.0428487877	-0.0641439589	-0.123422374	-0.0367950097	-0.065232638	-0.1519014234	-0.0689392141	-0.0267529576	-0.0842332898	0.0372200398	0.0483500404	0.0979424306	-0.0333712229	0.0308264657	0.0115368247	0.0551391428	0.0134262637	0.0355401309	0.0048536027	0.0304104446	-0.0253633428	-0.2735859896	0.1286341613	-0.0526528426	-0.0291298109	0.0197316428	0.0201462791	-0.0029950055	-0.0003353129	-0.0185009186	-0.0781823227	-0.1446854279	-0.1658685885	0.112947132	-0.1276392673	-0.0403143562	-0.0725238616	-0.0634687778	0.0268257539	0.1741698328	0.0128862359	0.034671112	0.1497460128	-0.0083857223	0.0746671641	-0.0428920507	0.0053750614	-0.1232925447	0.1063942335	-0.0799246852	0.0462651033	0.0146618774320756	0.0096768430168481	9.364129077272184e-05	0.0002149706498332	0.082206702606399	0.1112684792244493	0.0123806744689217	0.0067579419534169	0.2049240110180434	-0.0217073556423842	0.0004712092889849	0.0419938502917231	0.0011896745928645	-0.0002845012854196	8.09409814054047e-08	1.415325636907314e-06	-0.0006271705160381	-7.893471099993353e-08	6.230688600643027e-15	3.933428561874966e-07	0.0005543739142746	-5.886139735999767e-07	3.46466409917154e-13	3.073304368281415e-07	0.0	0.0	0.0
890.5475437913354	-0.9070102743154392	793074.9277527805	0.8226676377137685	1487.9032058918192	1.3028441006688354	2213855.950103153	1.6974027506475864	865.4618924658126	0.285963172075526	749024.2873105059	0.0817749357834969	971.6488972430778	736.9590767700039	0.859183	19.990658	0.1403629280239471	0.0956762093406398	-0.0404606806	-0.0121836175	-0.1520309731	-0.0637278719	0.134671012	0.0138433037	-0.0294767578	0.0185238049	0.0213210466	-0.1426226448	-0.0507432187	-0.0712347916	-0.0257028511	0.1161861739	0.0811572347	0.0104740012	-0.0346843959	0.029794798	0.0107225711	0.0174599657	-0.0344793086	-0.0118767359	0.1179542247	0.128560696	0.0252126438	-0.0315720084	0.0561880155	-0.0298739177	-0.037431736	-0.0084088787	0.0572457603	-0.0650805717	0.1584282184	-0.0957509649	0.0847459344	-0.2073202997	0.1370711494	-0.0346325316	-0.0026316594	-0.1051687304	0.1585470254	-0.0004866366	0.1351548553	0.1203686327	0.0034195787	-0.0479835233	0.0425083319	-0.0340274154	-0.0141653929	0.0608494993	0.0576668112	0.0141774472	0.0107342194	-0.0474536533	0.0345106061	0.014778916	-0.0389850653	0.0080302077	-0.0209539557	0.0466148371	-0.0324096991	-0.1145666128	-0.1449934288	-0.1105287622	-0.0117024482	0.0116733366	0.0361260608	-0.0451964425	0.0287150584	0.0861163245	-0.0521276835	-0.0463698486	0.0832685147	0.0661979645	-0.0143640993	0.0419988809	0.0457412285	0.1982644315	0.0188203103	-0.0625557488	-0.0892223499	0.1183352428	-0.0403787511	-0.0856752774	0.059823051	-0.0235719481	-0.0433895786	0.0558943276	0.0335214682	0.0202108439	0.136931048	0.0188098816	0.0055049522	0.0242153175	0.1131212459	0.0248338525	-0.0044093513	-0.2164203317	-0.0727907711	-0.0336859769	-0.0147005512	-0.0941502695	0.0544921362	-0.0363211361	-0.0162105813	-0.0914608199	0.0332794821	0.1382393575	0.0268307824	0.1423394356	0.0629137858	-0.0770506654	0.0428902248	-0.147337206	-0.0564404121	-0.1242524367	0.1100753719	-0.0876327994	0.0586099215	0.0076268724451296	-0.007035004986946	4.949129516635509e-05	5.816918329427716e-05	0.0051437457531022	-0.0770629568532968	0.005938699318973	2.6458120372556923e-05	0.2611889772017477	0.0562649661837043	0.0031657464196533	0.068219681811695	0.0011896745928645	0.0	0.0	1.415325636907314e-06	-0.0006271705160381	0.0	0.0	3.933428561874966e-07	0.0005543739142746	0.0	0.0	3.073304368281415e-07	0.0	0.0	0.0
890.3736178852506	-0.1739259060848326	792765.1794260703	0.03025022080743	1485.995825486727	-1.9073804050922265	2208183.593363979	3.638100009729785	865.5371951638344	0.075302698021801	749154.6362120776	0.0056704963293625	972.3696798637992	734.7178968691551	0.86924	20.224653	0.0908936495120158	0.0521107914113665	-0.0194690176	-0.0005682155	-0.1319306103	-0.0304537872	0.0346577966	-0.024417426	-0.0153630644	-0.0551729221	-0.0285728512	0.0457908088	0.0706026732	0.12169613	-0.0077761189	0.0961192932	0.09233978	0.146201714	0.0196584317	0.0440649771	0.0128881212	0.0334286311	0.0114111557	-0.1088233883	0.0968718362	-0.06055165	0.0229995906	-0.0076016409	0.1051472723	0.0038133898	-0.0454360878	-0.0107571829	0.108659128	0.024307921	0.0149432833	0.1115728601	-0.0042398765	0.0133780063	-0.0760329336	-0.0794438585	0.0214000185	-0.0899074238	0.0402142463	-0.1209696691	-0.1251591315	0.0073555679	0.0464021487	-0.0730893237	0.1315008944	0.0194234749	0.282025093	-0.0589024271	0.2763600837	-0.0170244444	0.005484176	0.0097237893	-0.0295265663	0.0166103544	0.0327678071	0.0017873167	0.0383115335	-0.0654593134	-0.1328307406	-0.0105699502	-0.0159555924	-0.0662168034	-0.0622817638	0.0815829997	-0.0640477899	-0.0816839404	-0.0665978586	-0.0069910776	0.081880802	-0.0340137429	-0.1092360467	-0.0277371791	0.0883851325	0.0389599051	-0.106492417	0.0758346643	0.0594532512	-0.0156411858	-0.0251388046	-0.075232534	-0.0273468147	-0.0620182857	0.0864796846	0.0705535819	0.0082028394	-0.0683868395	-0.0347302317	-0.1368041544	0.0043299171	-0.0173186246	-0.0088020932	0.0036923335	-0.0090535195	-0.0957798336	-0.0373417047	-0.0381511591	-0.1089855116	-0.0123913219	-0.0878025455	0.0193483133	-0.1852525214	0.0298959809	-0.0782739971	-0.003464824	-0.0639845956	0.085201413	-0.0303110951	-0.0462714508	-0.0488810865	0.0664921927	0.0210644407	-0.0549580402	-0.0214234315	-0.1251271724	0.1134548014	-0.0948006283	0.0703125971	0.0144128705166082	0.0067859980714786	4.604976982611128e-05	0.0002077308365285	0.0457133509780334	0.0405696052249311	0.0016458928681067	0.0020897104576408	0.2299582166678817	-0.031230760533866	0.0009753604035236	0.0528807814130724	0.0009436740752302	-0.0002460005176343	6.051625467634357e-08	8.905207602615732e-07	-0.0006272383121528	-6.779611470006734e-08	4.596313168424685e-15	3.934279002322935e-07	0.0005542965143888	-7.739988579994871e-08	5.990742321845103e-15	3.072446258635732e-07	0.0	0.0	0.0
889.4553883501759	-0.9182295350747154	791130.8878651622	0.843145479083528	1488.8354429857168	2.83961749898981	2216630.976290476	8.063427540569144	864.3597453963421	-1.1774497674923623	747117.7694616293	1.386387954967818	970.8746916641144	732.2631424253804	0.873522	20.324289	0.1297145270765435	0.0762991554853816	-0.0114759838	-0.0017418542	-0.1277660649	0.047034669	0.0859524013	0.059452259	-0.0024566992	-0.0137480357	0.0065057134	-0.1406041388	-0.1309386618	-0.1284034318	0.0843294586	0.0687028864	-0.074876344	0.124223132	0.0836453477	0.0455764334	-0.0322432774	0.0188065492	-0.0470021462	0.147041201	0.0896246259	0.0246741919	-0.0324817362	0.0977633056	0.0097663352	-0.0521972701	-0.1438326915	-0.0808310977	0.1014428594	-0.0216348045	0.0032614423	0.0037212681	0.0983178741	0.0363573119	0.0376526566	-0.0198520836	-0.1178220776	0.1330113441	-0.1803409049	0.0620569537	-0.1612207858	-0.1132504395	0.0426638703	0.0883407253	-0.0244808351	-0.0067169482	-0.0342086271	-0.0806613604	0.0208009892	0.1905375079	-0.1299927829	0.0205923722	-0.1449774231	-0.1441968646	-0.0076548757	0.055307309	-0.0147235047	0.134315344	0.0555001869	-0.1225181241	-0.0563215261	-0.0664662499	0.0490514183	0.0393262887	-0.0464563805	0.0263826983	-0.0558423291	0.1866658927	0.1102542814	-0.1375230212	0.0188272501	0.0281545703	0.0434793455	-0.0756160596	-0.0942719871	-0.0831961716	0.128335107	-0.04969715	0.1062682106	-0.009977745	-0.0333524608	0.0558554215	0.1229065222	0.032858029	-0.0399606398	0.017235602	0.0511022156	0.1656349054	0.0365828235	0.0502700515	0.0299746449	-0.0406767602	0.1772635449	0.1165996608	0.0148295003	-0.0358109493	-0.0662500293	0.0882306487	-0.0167099989	-0.0417073776	-0.0208119093	0.0628609597	0.0042064075	0.1243736298	-0.1486126471	-0.0583037133	0.046333509	-0.0512324829	-0.070257634	-0.006989937	0.1640556229	0.1019395238	0.0614140974	-0.1259161521	0.1165232592	-0.1013839798	0.0812449131	0.0120729654066593	-0.0023399051099489	5.475155923564976e-06	0.0001457564937103	-0.0017109838165509	-0.0474243347945843	0.0022490675307088	2.9274656204990834e-06	0.288525159166447	0.0585669424985653	0.0034300867536302	0.0832467674720235	0.001189724884124	0.0002460508088937	6.054100055729327e-08	1.4154452999038652e-06	-0.0008081700091753	-0.0001809316970225	3.273627898744173e-08	6.531387637304045e-07	0.0005549809019414	6.843875525999656e-07	4.683863221537709e-13	3.0800380151968984e-07	0.0	0.0	0.0
889.7254774140822	0.2700890639063118	791611.4251597165	0.0729481024417877	1489.6163054853282	0.7808624996114304	2218956.7375677587	0.6097462432994112	865.5509221426746	1.1911767463325305	749178.3988220344	1.4189020410033537	972.7088476501382	735.7841134518194	0.777822	18.097639	0.0557251370627641	0.0283119575207761	0.0028210678	0.0127966956	-0.0551499296	0.1103802773	0.0313110124	0.0465204469	-0.0170603365	0.0157333838	-0.0766276615	-0.0655628883	-0.1156772743	-0.098017198	0.0472524719	-0.0774421438	-0.0379529564	0.1425111008	0.1332980771	0.0221319132	-0.0052549674	0.0507073452	-0.0956003393	0.1296649993	0.0595954632	-0.0836462153	0.0322555825	-0.0016394254	0.0441425697	0.0856876897	-0.0807554459	0.0763045112	-0.0247074069	-0.0215819072	-0.1108193174	-0.0393482782	0.2447939066	0.1300460774	0.0566977835	-0.0177746677	0.0436465619	-0.006114777	0.0369014046	-0.1986713826	0.0330541845	-0.032394793	0.0274555162	0.0278423796	0.1002125957	-0.0164188029	0.0674824993	-0.1019643272	-0.0279966998	-0.0266011559	-0.0011377843	0.0160180477	0.1627988484	0.0466136973	0.0311744141	0.0229705895	0.0222212277	0.0943014922	-0.0041130598	-0.1288331529	0.025298577	0.0155773383	0.1032220997	0.0247859241	-0.112191755	0.1421065942	-0.0661655039	-0.0247290184	0.1540250916	0.1088280765	0.0399156965	0.0547046672	0.0723508545	0.1145076206	0.0165378737	-0.0042826	0.1101091457	-0.0710003466	0.0378740798	-0.0310511387	-0.0532973007	-0.069372367	0.0866040757	0.0021340503	-0.0552888046	-0.165038526	-0.0702091494	-0.0109353912	-0.1876501001	0.0365720936	0.0351061776	-0.047068135	0.141322818	0.1022469175	0.0235145166	-0.0052428629	-0.0050656917	0.0508001931	0.0147763746	-0.0402286518	0.0403899846	0.021834745	0.0526617622	0.1048225418	-0.0313080205	-0.0044263319	0.025628942	0.0289629681	0.0082821356	0.0356055745	0.0966524513	-0.1494142033	0.031606215	-0.1266188352	0.1192723348	-0.1073422654	0.0912870929	0.018332588227949	0.0062596228212897	3.918287786481083e-05	0.0003360837911355	0.0180643255402657	0.0197753093568166	0.0003910628601577	0.0003263198572246	0.2858131009096141	-0.0027120582568329	7.3552599884555375e-06	0.0816891286515692	0.0008702864458056	-0.0003194384383184	1.020409158752983e-07	7.573984977529435e-07	-0.001028261374302	-0.0002200913651266	4.844020900333433e-08	1.0573214538814375e-06	0.00055494777283	-3.3129111399934213e-08	1.097538022149251e-15	3.0796703056897733e-07	0.0	0.0	0.0
890.2004887357524	0.4750113216701948	792456.9101453724	0.2256357557148652	1488.984436520847	-0.6318689644811002	2217074.6522013047	0.3992583882744178	865.0209532830409	-0.5299688596337546	748261.2496187007	0.2808669921815023	972.142036323391	733.0609108872223	0.7681369999999998	17.87229	0.0497641188980683	0.0297081695197566	0.0009827683	0.0084065856	0.0411296098	0.0909281187	0.0064162076	0.0089807241	-0.0145513161	0.0475002515	-0.1362313764	0.0145705645	-0.1380579227	-0.0355259434	0.0223814015	-0.1432433444	-0.0517256794	0.0620851471	-0.0400332049	0.0681615424	0.0066535064	-0.0456774536	-0.0587374023	0.0353662718	-0.0525769101	-0.0706691787	0.0884384337	-0.0355380653	-0.0303756487	0.0586575173	0.0730238935	0.0399581798	-0.0662449868	0.0237366205	-0.0540699379	-0.0671335667	0.0124566178	0.0097357543	-0.0287376338	-0.1043464542	0.0292980842	0.0036818543	0.0287109733	0.0667525973	0.1275105323	0.098037156	-0.0710326991	0.070095071	0.1479539479	-0.0168388503	-0.0206724176	0.0792096797	-0.1009164736	-0.0354577879	0.0408382658	-0.105704371	0.0588604232	0.1306292822	0.1020839942	-0.0006680279	-0.0338913093	-0.002867457	0.0005240543	-0.0796273883	0.0557376478	0.0480864277	0.1244975496	-0.023423598	-0.0204789975	0.132546283	0.0144307004	-0.0639304916	0.0246645052	0.0141395938	0.0725206972	0.0278078129	-0.0824991342	0.1388021589	0.0424626973	-0.0040559751	-0.0982821202	-0.0006891254	0.0104814317	-0.01125619	0.0452147636	-0.0072883132	-0.1015380407	-0.1648970659	0.0096088081	-0.0183971788	0.0685083479	0.0214314971	0.0185975288	0.0026589234	0.0817324078	-0.0163564884	0.0965596576	0.0032490563	-0.025763872	0.0220716084	0.0953552156	0.0527958451	0.1166752686	-0.0833518068	0.1074601975	0.0027351827	0.0210227727	-0.0204185151	0.0884137741	-0.0589521169	0.0506001263	0.0242607358	0.0662290355	0.0380554733	0.0751227354	-0.0318359179	0.0363370828	-0.1272347401	0.1216944932	-0.1126387502	0.1003291122	0.0184576887266416	0.0001251004986926	1.565013477313737e-08	0.0003406862731295	0.0439245695755659	0.0258602440353001	0.0006687522215652	0.0019293678123987	0.2951860077889847	0.0093729068793705	8.785138336935254e-05	0.0871347791943985	0.0010882664999836	0.0002179800541779	4.7515304019443803e-08	1.1843239749865547e-06	-0.0009581983215276	7.006305277439996e-05	4.908831364068354e-09	9.1814402337831e-07	0.0005550220155717	7.424274169997701e-08	5.511984695129506e-15	3.0804943776927244e-07	0.0	0.0	0.0
890.7573154764241	0.5568267406716814	793448.5950747657	0.3100560191270479	1488.4696496209667	-0.5147868998803915	2215541.8978427635	0.2650055522884642	865.8463130221471	0.8253597391062613	749689.837774046	0.6812186989375556	971.9878508646378	734.1448358479452	0.880764	20.492783	0.1109475579617901	0.0648352681376155	-0.008785225	0.0125704642	0.1354217475	0.007473763	-0.018261226	-0.0177486328	0.0068186868	0.0207823178	-0.1021120906	0.1373531307	0.0992211191	0.0977841945	-0.0041409997	-0.0012733388	-0.1244117746	-0.093407186	-0.0933778941	-0.0356155081	0.011633961	0.017095858	0.0020871935	-0.1062331805	-0.1528977676	0.0140639625	-0.1210088378	-0.1753912879	0.0119028997	-0.1258340616	-0.1440977815	0.0541509488	-0.0457704206	0.0825703312	-0.0158943645	-0.0627081726	-0.0375090602	-0.1134194476	-0.1448493815	-0.0275704065	0.0489616783	0.013812222	-0.0152829268	-0.0216426709	0.1162165423	-0.0335517576	-0.0483430587	0.0993487757	0.0001736746	-0.0169428174	0.0600303074	0.1418246381	0.0618484584	0.0999970211	-0.129415291	0.0025192665	0.1507645772	0.033472344	-0.1843995782	0.0035880482	-0.0014677733	-0.0773383269	-0.085562058	0.1439199229	0.0834381251	0.1231622434	0.0606158134	-0.1639844143	0.1218021738	-0.0274389222	-0.0709990338	0.0389801758	0.0189859827	-0.1091659399	-0.0315190053	-0.0953299589	-0.0353803793	-0.0530435347	-0.1044315552	0.1167302719	-0.0920429317	-0.0214755537	0.0248923596	-0.115960051	0.0852902067	-0.0375663541	-0.1109870581	0.0002609497	0.0284807769	0.0443080936	-0.0106078429	0.0722637561	-0.1424659939	-0.0255647572	-0.0013854712	-0.0089185017	-0.0449260146	-0.0929321681	-0.0276140999	0.1209266974	0.0478591552	-0.0553967077	-0.0878131591	0.0870380496	0.0145675037	-0.0209824699	-0.0170094713	-0.0190321805	-0.041379879	-0.1159058641	0.0974829948	-0.0678809596	-0.0041988216	-0.0984171263	-0.0555355909	-0.0710654967	-0.0393450676	-0.1277634447	0.1237830955	-0.1172407796	0.1082719048	0.0204690450144369	0.0020113562877953	4.045554116453691e-06	0.000418981803803	0.0650013458341902	0.0210767762586243	0.0004442304974561	0.0042251749602559	0.2402708812088292	-0.0549151265801554	0.0030156711273145	0.0577300963568673	0.0009081338213596	-0.0001801326786239	3.244778190825724e-08	8.247070374971898e-07	-0.0004802484447545	0.000477949876773	2.2843608470742146e-07	2.3063856868911607e-07	0.0005542185942645	-8.034213072000227e-07	6.454857968629934e-13	3.071582502285185e-07	0.0	0.0	0.0
891.8239888932274	1.066673416803269	795350.0271654273	1.1377921781147604	1485.430614805348	-3.039034815618834	2206504.111400994	9.2357326105434	865.8189649910762	-0.0273480310709146	749642.4801382184	0.0007479148034557	971.8285207700663	743.5222602667949	0.918467	21.370022	0.1656354230177984	0.0925047120037431	-0.0355747877	-0.0116989197	0.1001413027	-0.0831086168	0.0693202725	0.0013715964	0.0808967876	0.0026363902	-0.0281970726	-0.1007674361	-0.0138714995	-0.0420554317	-0.0643506227	0.0300833221	0.1124026241	0.0004513068	-0.0715968792	-0.0827457177	-0.012409964	0.0256822283	-0.0819444115	0.0915767663	-0.0014424691	0.0969360751	-0.0357920605	0.0479785187	0.0732509606	0.0518174974	0.1400568837	0.0256409056	0.0242197619	-0.0379446761	-0.0112333734	-0.0710778372	-0.0040825412	0.0684927524	-0.0107008703	0.0820136898	-0.1511300776	-0.0543055698	-0.0142356905	0.0656674708	0.1549401994	-0.0678666438	-0.0894538477	0.0149771845	0.0788317972	-0.0506138609	-0.0530628132	0.0646306212	-0.1048452306	-0.1448118514	-0.0702688095	0.1105053043	0.0020135703	0.0436354644	0.1171984123	0.0138239322	-0.04391515	0.1403104253	0.0424256796	0.0045778512	-0.1035916405	0.0057306679	0.0070308695	-0.0924309866	-0.0292636751	-0.0163202594	-0.0634856121	-0.0950089459	0.071255942	0.1524439477	0.0922034303	0.0481144087	0.0021780442	-0.0060817147	0.1775943234	-0.0453724155	-0.0011852892	0.0723931319	-0.02608645	0.104715087	0.0597588077	0.0705872127	-0.0816270308	-0.0795034259	0.044614852	-0.066513715	-0.0339349664	-0.0056047968	-0.0404163268	0.0196105489	-0.0377079582	0.0094559487	0.0641743527	0.0901075287	-0.0547772777	-0.0987387427	0.0899366973	0.026038612	-0.0735997242	0.1187986338	0.1027144792	0.1610696613	-0.018886344	0.1516920915	0.0298591587	-0.0617736329	-0.0520195641	0.0430597913	-0.0261462704	-0.0254375811	0.0466173487	-0.1573273874	-0.0415152967	-0.1282045865	0.1255324169	-0.1211199807	0.1150284477	0.017746458222362	-0.0027225867920749	7.412478840380702e-06	0.000314936779438	-0.0148725644805409	-0.0798739103147311	0.0063798415489657	0.0002211931742278	0.2639264483362566	0.0236555671274274	0.0005595858561202	0.0696571701313907	0.0011896532062979	0.0002815193849382	7.92531640960387e-08	1.4152747512548735e-06	-0.0011078368750121	-0.0006275884302575	3.938672377931984e-07	1.2273025416365752e-06	0.0002756592337891	-0.0002785593604754	7.759531730846387e-08	7.59880131731937e-08	0.0	0.0	0.0
892.3129823339092	0.4889934406818383	796222.4584416354	0.2391145850298625	1490.113775561912	4.683160756564121	2220439.064119376	21.931994671822228	866.6758461596451	0.8568811685688615	751127.0223165367	0.7342453370479377	973.7882022154456	754.421708338374	0.979433	22.788519	0.0930143551213009	0.0475792666299552	-0.0964278745	0.0090327468	-0.0787453218	-0.0511625355	0.0495019707	-0.0517191649	-0.0553902511	-0.0311960612	-0.044424161	-0.0058313676	0.1051797061	0.1336066942	-0.0550849639	-0.0033847361	0.0841278479	0.010116884	0.0116076413	-0.0587518798	0.0569653594	0.0622259197	0.0194102266	-0.1877591836	0.0760795783	0.1410506966	0.0759926893	0.0470094463	-0.1059844533	0.0027177876	0.0450304473	-0.1432790303	0.0622451195	-0.1238378174	0.0012021796	0.0727653667	-0.0475127925	0.0390275899	0.0430942235	-0.0147692991	0.0038732077	0.0233147903	0.0365884098	0.0013381093	-0.0113402928	0.2629243266	0.0508003611	0.0337299604	-0.0672766545	0.0077591779	-0.1209216583	-0.1768288567	-0.0383423196	-0.0785875126	0.0416445709	0.0965253055	-0.0481544337	-0.0308358509	-0.0450763689	-0.0375900117	0.0405885987	-0.0514046783	-0.1368396131	0.0064222313	-0.090650142	-0.0625772202	-0.0246994433	0.0835713466	0.0491460276	-0.1252512329	0.125339587	-0.0076634404	0.0161584172	-0.0976257324	-0.00114236	0.017844845	-0.0657465889	-0.0140844164	0.0300086405	0.0072082889	0.0390948953	0.0384941774	-0.0976253546	0.0752222948	-0.0503944691	-0.0156277012	-0.0132739423	-0.0522624446	-0.0100997628	0.0083586211	-0.0123413254	-0.0372780429	0.1252093174	-0.0203471399	-0.0563836465	0.0210202446	-0.0218434661	-0.185693996	-0.0918512203	-0.134215781	-0.0684316438	0.0158249071	-0.0464532275	0.048708603	-0.0194385292	-0.0269491542	0.007849827	-0.0341616715	0.1210715843	0.0255096033	0.0431762492	0.0159515546	0.0725344199	-0.0140632733	-0.0949873945	-0.0716426395	0.005635041	-0.1285578634	0.1269376627	-0.1242524367	0.1205247148	0.0302853939146814	0.0125389356923194	0.0001572249082961	0.0009172050845674	0.0123120647119066	0.0271846291924475	0.0007390040643308	0.0001515869374701	0.2331443003490676	-0.030782147987189	0.0009475406347052	0.0543562647852562	0.0011897607514905	1.075451926001083e-07	1.1565968451394387e-14	1.4155306457872391e-06	-0.0009371703798046	0.0001706664952075	2.9127052586411616e-08	8.782883207830982e-07	0.0005550580383759	0.0002793988045868	7.806369200453285e-08	3.080894259657021e-07	0.0	0.0	0.0
889.4198721313138	-2.8931102025953805	791067.7089420826	8.370086644361484	1488.958822680405	-1.1549528815069152	2216998.375637818	1.3339161585011263	865.068759762755	-1.607086396890054	748343.9591174711	2.582726687069056	971.8721073516998	743.9176199916698	0.954301	22.203783	0.0942476382583472	0.0594403269904671	-0.0341262723	0.0255094689	-0.1421462319	0.0557692803	0.0228464753	0.0501197504	-0.0182162461	-0.0871690277	0.0201105255	-0.1377323145	-0.1017225681	-0.0378526006	0.1078403603	0.1122403623	-0.0362999537	0.0661716102	-0.0262059808	0.0598351937	-0.0208773806	0.0561030503	-0.0194020367	0.1882514446	0.1086119518	-0.0365010508	-0.0243961447	-0.0005329612	0.039555727	0.037901062	-0.0955436402	0.0173694816	0.0984847366	-0.1262576031	-0.0761135638	0.1294172526	-0.2127239349	0.0268416934	0.0294971408	0.1410605365	0.0424100907	-0.0010393592	-0.1173555393	0.1010670015	-0.0105659949	0.0022869327	-0.0372647426	0.0628710288	-0.0680110173	-0.0144268622	-0.0201314964	-0.0013761335	-0.0080959452	0.1164117729	0.125384549	0.003554851	-0.1666316224	0.0393143843	-0.019044995	0.0333285903	0.0344240487	0.1224997031	0.0526958337	-0.1557382772	-0.0307347684	0.0483468549	-0.07031202	0.0444057578	-0.0911439026	-0.0142896176	-0.1195626854	0.1377377088	0.0268898814	0.0538098066	0.0725826007	-0.0076717286	0.1316499093	-0.1607321094	-0.1189926547	-0.0582313472	0.0983290883	-0.0262929438	0.0806789886	-0.0440763563	-0.0574449976	0.0188770549	0.0412109629	-0.1126453682	0.1255342069	0.1452154082	0.0031080997	-0.1260017745	0.1065659871	0.0326103377	0.0020080343	-0.027093669	0.1916605813	0.0887377673	0.014320741	-0.0689932166	-0.134752052	0.1027130948	-0.0359843914	0.039579959	0.0322366905	0.0374687733	0.0857332482	0.1701607906	-0.0411802504	-0.0601864523	0.1480711115	-0.0691624552	-0.1598587751	-0.0886364231	-0.0154473537	-0.0037681815	0.0304555023	-0.1288230331	0.1279949812	-0.1266188352	0.124700488	0.0433980096086941	0.0131126156940127	0.0001719406903388	0.0018833872379963	0.0312573958242836	0.018945331112377	0.0003589255709575	0.0009770247937159	0.2865512879435101	0.0534069875944424	0.0028523063239129	0.0821116406220844	0.0011898103212452	4.9569754700029215e-08	2.457160581021068e-15	1.4156486005416062e-06	-0.0011126705470747	-0.0001755001672701	3.080030871183311e-08	1.2380357463275124e-06	0.0005551623785014	1.0434012550004142e-07	1.0886861789364394e-14	3.0820526650333176e-07	0.0	0.0	0.0
889.4978743901505	0.0780022588367046	791206.468544596	0.0060843523836282	1488.1738674659628	-0.7849552144423342	2214661.459808601	0.6161546886802108	865.2547151093199	0.1859553465649241	748665.7220189105	0.034579390916081	972.736227487834	730.7821876858869	0.989084	23.013084	0.0502755416348459	0.0277889233205968	0.01557891	0.0058319793	0.0057680351	0.0717707136	-0.0530821784	-0.0459395989	-0.0127923654	-0.0149270739	-0.0077956308	0.0839818065	-0.0247137854	0.0365593717	-0.0593315138	-0.0732161834	-0.0560562375	-0.0040610711	0.0929376751	0.0930429836	0.0226912296	-0.0461379065	0.0576113088	-0.0713760555	-0.0769645789	-0.0810442936	0.075983572	-0.0040460634	-0.0750534982	0.090365982	0.1171976699	-0.0866975572	0.0302020239	0.1213637148	-0.0174048287	-0.0812682561	0.0502459323	-0.0660036179	-0.0677522231	0.0779837887	0.0334886158	-0.1832525555	0.0989205146	0.1411019581	-0.0793350817	0.0556704795	0.0856501206	0.0019299516	-0.2069727253	-0.0934487388	-0.0630516861	0.0652215101	0.0168051445	-0.0832775046	0.0204550669	0.0978668106	0.0780449197	0.071473539	0.0167954325	-0.0437841343	0.0047264669	-0.1309707363	-0.0028088641	0.0278336811	0.112587304	0.022372432	0.0285294597	0.0164728622	-0.0484151825	0.0044468738	0.1353384414	-0.0900034641	-0.0080692178	-0.1011526034	-0.0193454373	0.1014254237	-0.1047103633	0.0751374856	0.1097378457	-0.0113681108	-0.0823916284	-0.0475901015	-0.0699301462	0.0340689227	-0.0579811116	0.0152297918	0.0795772729	0.02684392	-0.0210350193	0.1534665632	-0.094412515	0.1290092332	0.0411640213	-0.0290229627	0.0182403066	-0.0524513263	-0.0712971657	-0.1900393313	-0.0704303371	0.0172192832	0.0077255443	0.1040364133	0.1251679468	-0.0483202118	0.0414522305	-0.0317349528	-0.0152749948	-0.0132185258	0.1510126012	-0.1445488431	0.0233395212	-0.1070950801	0.0601507338	-0.0395929064	-0.0427616266	0.0545333227	0.1184864628	-0.1289999139	0.1287014744	-0.1282045865	0.1275100165	0.0391179513705708	-0.0042800582381233	1.8318898521727145e-05	0.0015302141194303	0.0123443840248285	-0.0189130117994551	0.0003577020153263	0.0001523838169524	0.2707404991113975	-0.0158107888321125	0.0002499810434936	0.0733004178590886	0.0011897525932241	-5.7728021100140685e-08	3.3325244201382877e-15	1.4155112330834705e-06	-0.0008951652731152	0.0002175052739595	4.7308544200197174e-08	8.013208661914106e-07	0.0005630330318239	7.870653322499931e-06	6.194718372297921e-11	3.170061949248128e-07	0.0	0.0	0.0
889.8500645188478	0.3521901286973161	791833.1373241977	0.1240378867518321	1488.2527970938847	0.0789296279219797	2214896.388057772	0.0062298861639021	865.3467420141525	0.0920269048325508	748824.9839145081	0.0084689512130593	971.1769560725786	726.533229641798	0.8812029999999998	20.503002	0.0511252633039339	0.0254807172236452	0.0455972434	0.0385006624	0.0963594226	-0.0153688206	0.0201874739	0.0454247161	0.0303427591	0.0291002356	-0.1126011838	0.0297333518	0.1181783188	0.0623863754	-0.0526736125	0.0529551298	-0.107838472	-0.0795851904	-0.0923809655	0.0015495795	-0.0349204742	0.0400544	-0.0230063465	-0.1169072086	-0.0890357685	-0.0311853795	-0.0949258977	-0.0454639927	-0.0537728626	-0.0788884523	-0.0703025881	-0.0333128225	0.0655654183	-0.0459017273	0.0250371651	0.0701244649	-0.0199839535	0.0839854357	-0.0286455537	-0.03397164	-0.0142195461	0.0752915356	0.1050299141	0.0170083969	-0.0828254657	0.0793224588	-0.0264339941	0.0081937079	-0.1007458076	-0.1293686425	-0.1574905139	0.0472023175	0.0022825017	0.0745839961	-0.0193422615	-0.0819928649	-0.0599815658	0.0223946534	-0.0839583703	0.0641839342	-0.0043734642	0.0039547117	-0.0622780907	0.1221327589	0.0883225183	0.0561562009	-0.0251393394	-0.1318189776	0.08679819	-0.0638762046	0.0231728315	0.1177148926	-3.25407e-05	-0.0962705563	-0.1038829881	-0.0104646223	0.0226835993	-0.0294876499	-0.0436972844	-0.0809528488	0.0435642809	0.0475801448	-0.0568840931	-0.0283573021	0.0490830296	0.0237188974	-0.0825644151	-0.0063632561	0.0101045403	-0.0710846805	0.0983399563	0.1064342262	-0.040615248	0.0375755484	0.0095153729	-0.055800562	-0.0223179953	-0.0745869812	-0.0563084129	0.125751142	-0.005726601	-0.0001395507	-0.1357477896	0.0941712569	0.0015061669	-0.0928650781	-0.0022778313	-0.0252629687	0.0045232493	-0.0838245156	0.0669965853	-0.1120676168	-0.0006832026	0.0186491931	-0.0777705313	0.0527041939	0.0129642707	-0.1290883846	0.1290552057	-0.1289999139	0.1289225186	0.0422198886016218	0.0031019372310509	9.622014585380325e-06	0.0017825189935333	0.020367419621607	0.0080230355967785	6.436910018717493e-05	0.0004148317820426	0.279582371899167	0.0088418727877694	7.81787143950986e-05	0.0781663026767641	0.0011370096417454	-5.274295147870002e-05	2.7818189306845046e-09	1.2927909254220026e-06	-0.0011219849808092	-0.000226819707694	5.144717979839162e-08	1.258850297161421e-06	0.0009066387264179	0.000343605694594	1.1806487335742521e-07	8.219937802406717e-07	0.0	0.0	0.0
