#!ascii label  , from subject sub-v1s6x0051364_ses-1 vox2ras=TkReg
6531
31783  -17.555  -51.531  76.043 0.1000000015
132350  -17.396  -51.196  74.413 0.1000000015
32679  -17.333  -50.946  76.429 0.1000000015
33603  -16.401  -50.134  76.058 0.1000000015
32683  -17.102  -50.706  74.903 0.1000000015
33608  -16.482  -50.133  75.035 0.1000000015
32692  -16.662  -50.179  73.524 0.1000000015
131997  -16.388  -49.940  74.199 0.1000000015
33617  -16.434  -49.628  72.635 0.1000000015
33626  -16.575  -49.430  71.716 0.1000000015
34506  -16.241  -48.717  71.486 0.1000000015
33630  -16.601  -49.149  70.937 0.1000000015
34514  -16.601  -48.713  70.232 0.1000000015
140062  -16.315  -48.492  70.858 0.1000000015
34519  -16.566  -48.233  69.527 0.1000000015
37230  -27.229  -45.791  61.361 0.2000000030
37228  -25.669  -45.082  62.066 0.2000000030
38047  -24.277  -44.782  62.161 0.2000000030
38048  -25.079  -44.746  62.252 0.2000000030
133117  -12.693  -45.136  77.960 0.2000000030
34471  -13.460  -48.046  77.257 0.1000000015
35329  -12.851  -47.194  77.657 0.1000000015
36237  -12.951  -46.313  77.203 0.2000000030
37973  -12.897  -44.433  77.741 0.3000000119
34474  -13.795  -48.142  76.423 0.1000000015
35332  -13.370  -47.252  76.490 0.1000000015
130959  -13.115  -45.586  76.857 0.3000000119
34475  -14.444  -48.619  76.129 0.1000000015
130763  -15.877  -49.700  76.272 0.1000000015
34479  -15.192  -49.203  75.935 0.1000000015
34478  -14.693  -48.559  75.449 0.1000000015
35335  -14.016  -47.855  75.592 0.1000000015
33602  -15.859  -49.606  75.462 0.2000000030
33607  -15.906  -49.532  74.541 0.1000000015
33613  -15.993  -49.428  73.578 0.1000000015
34495  -16.185  -48.962  72.116 0.1000000015
34505  -15.762  -48.263  71.975 0.3000000119
35354  -15.957  -48.054  71.151 0.1000000015
35363  -16.185  -47.905  70.285 0.1000000015
137510  -16.208  -46.980  69.193 0.1000000015
35377  -16.518  -47.640  68.796 0.1000000015
36279  -16.336  -46.674  68.521 0.1000000015
37252  -28.795  -45.651  60.400 0.2000000030
38081  -26.442  -44.745  60.344 0.2000000030
37251  -27.758  -45.540  60.583 0.2000000030
38062  -25.936  -45.039  61.109 0.2000000030
37250  -26.807  -45.311  60.882 0.2000000030
37229  -26.400  -45.485  61.715 0.2000000030
39805  -13.259  -42.938  77.803 0.3000000119
37125  -13.404  -45.368  76.109 0.3000000119
37985  -13.536  -44.646  76.188 0.3000000119
38854  -13.439  -43.900  76.863 0.3000000119
35334  -13.628  -46.821  75.502 0.2000000030
36241  -13.576  -45.922  75.374 0.2000000030
38855  -14.014  -43.232  76.610 0.3000000119
37986  -14.015  -44.104  75.881 0.3000000119
34482  -14.604  -48.090  74.808 0.2000000030
142716  -13.868  -46.430  74.856 0.2000000030
37130  -13.794  -44.971  75.297 0.3000000119
135359  -14.250  -44.153  74.875 0.3000000119
34483  -15.252  -48.927  74.908 0.2000000030
35341  -15.069  -48.352  74.122 0.2000000030
35340  -14.567  -47.555  74.112 0.2000000030
37136  -14.002  -45.685  74.639 0.2000000030
138556  -14.188  -44.848  74.403 0.3000000119
126259  -15.526  -48.975  74.111 0.2000000030
35344  -14.972  -47.829  73.430 0.2000000030
35343  -14.539  -47.078  73.498 0.2000000030
37141  -14.395  -45.180  73.228 0.3000000119
37995  -14.735  -44.453  72.939 0.3000000119
34488  -15.482  -48.585  73.449 0.2000000030
35348  -14.771  -47.129  72.701 0.3000000119
36255  -14.565  -46.203  72.379 0.3000000119
37145  -14.577  -45.358  72.590 0.3000000119
34494  -15.396  -48.044  72.747 0.3000000119
130590  -15.486  -47.471  71.468 0.3000000119
36261  -15.127  -45.908  71.136 0.3000000119
141095  -15.309  -46.779  71.098 0.3000000119
36267  -15.888  -46.895  69.879 0.1000000015
36273  -16.067  -46.036  69.198 0.2000000030
37170  -16.290  -45.698  68.349 0.3000000119
36292  -16.604  -46.169  67.038 0.2000000030
37176  -16.975  -44.995  66.181 0.3000000119
38033  -17.448  -44.510  65.754 0.2000000030
38040  -19.645  -44.428  63.608 0.1000000015
38043  -20.739  -44.244  62.658 0.1000000015
38059  -23.551  -44.147  61.455 0.1000000015
38982  -25.170  -43.915  60.658 0.2000000030
38060  -24.473  -44.299  61.454 0.1000000015
38080  -25.697  -44.383  60.536 0.2000000030
38061  -25.212  -44.409  61.384 0.2000000030
39806  -14.041  -42.575  77.232 0.3000000119
120680  -14.622  -42.787  76.295 0.3000000119
38864  -14.477  -43.391  75.421 0.3000000119
38873  -14.720  -43.584  74.375 0.3000000119
132443  -31.252  -39.376  78.120 0.6000000238
43862  -30.906  -38.277  78.558 0.4000000060
43873  -31.482  -37.590  78.482 0.4000000060
122099  -14.427  -44.655  73.687 0.3000000119
145955  -14.445  -44.213  74.169 0.3000000119
42820  -32.070  -39.450  77.365 0.8000000119
137413  -31.650  -38.489  78.193 0.4000000060
131322  -31.999  -37.187  78.128 0.4000000060
38885  -14.732  -43.995  73.647 0.3000000119
40818  -31.309  -42.144  76.490 0.8999999762
40805  -31.495  -41.526  77.030 0.8000000119
43874  -32.169  -38.215  77.774 0.4000000060
37146  -15.030  -44.715  72.116 0.3000000119
38000  -15.367  -43.964  72.419 0.3000000119
39813  -31.004  -42.473  75.824 0.8999999762
40819  -32.233  -41.760  76.455 0.8000000119
40806  -32.395  -40.803  76.918 0.8000000119
42829  -32.921  -40.010  76.912 0.6999999881
42821  -32.934  -39.112  77.136 0.5000000000
43875  -32.785  -38.045  77.309 0.4000000060
37150  -15.232  -44.959  71.321 0.4000000060
38004  -15.547  -44.176  71.627 0.4000000060
38896  -16.055  -43.578  72.009 0.4000000060
39826  -31.919  -42.818  75.258 0.8999999762
40831  -33.080  -42.089  75.881 0.8999999762
41756  -33.267  -40.666  76.421 0.8000000119
42830  -33.526  -39.902  76.482 0.8000000119
37156  -15.500  -45.257  70.470 0.3000000119
126724  -15.699  -44.420  70.828 0.4000000060
39837  -31.938  -43.037  74.441 0.8999999762
39827  -32.698  -42.622  75.428 0.8999999762
39839  -33.410  -42.425  74.975 0.8999999762
40832  -33.651  -41.747  75.421 0.8999999762
41757  -34.024  -40.557  76.068 0.8999999762
37162  -15.899  -45.181  69.688 0.3000000119
38933  -16.668  -44.172  69.035 0.4000000060
38893  -32.822  -43.708  73.034 0.8999999762
39838  -33.421  -43.021  74.121 0.8999999762
123490  -33.868  -42.319  74.085 0.8999999762
38026  -16.616  -44.592  67.553 0.3000000119
38027  -16.961  -44.080  67.251 0.3000000119
38894  -33.384  -43.443  73.275 0.8999999762
40855  -33.967  -42.187  73.457 0.8999999762
38964  -17.639  -43.651  65.992 0.3000000119
38928  -34.037  -43.777  71.096 0.8999999762
39861  -34.006  -43.176  72.288 0.8999999762
123609  -34.114  -42.886  71.934 1.0000000000
133813  -19.237  -43.947  63.931 0.1000000015
39872  -34.192  -43.398  71.464 1.0000000000
40873  -34.402  -42.923  71.173 1.0000000000
41831  -33.443  -41.281  71.621 1.0000000000
38972  -19.782  -43.766  63.561 0.2000000030
38973  -20.364  -43.600  63.081 0.1000000015
39881  -34.469  -43.489  70.720 1.0000000000
133654  -33.851  -41.891  70.921 1.0000000000
42886  -33.227  -40.581  70.699 1.0000000000
37207  -21.335  -44.962  62.604 0.1000000015
38045  -22.198  -44.107  61.837 0.1000000015
126901  -31.077  -44.932  60.375 0.2000000030
40895  -34.827  -42.674  69.645 1.0000000000
41856  -34.093  -41.557  70.038 1.0000000000
38981  -24.607  -43.806  60.798 0.1000000015
39000  -26.139  -44.135  59.802 0.2000000030
38102  -29.887  -44.633  59.561 0.2000000030
38084  -29.388  -45.201  59.909 0.2000000030
40906  -34.834  -41.895  69.396 1.0000000000
41871  -34.190  -40.976  69.116 1.0000000000
38082  -27.369  -44.964  60.132 0.2000000030
38083  -28.376  -45.159  59.918 0.2000000030
41872  -35.056  -41.667  68.838 1.0000000000
41887  -34.301  -40.572  68.144 1.0000000000
39807  -14.458  -42.182  77.740 0.4000000060
126630  -15.103  -42.404  76.700 0.4000000060
41711  -27.811  -40.658  79.469 0.4000000060
41725  -28.130  -41.638  78.824 0.5000000000
39818  -14.925  -43.031  75.014 0.4000000060
39819  -15.190  -42.754  75.597 0.5000000000
41727  -29.389  -40.389  78.830 0.5000000000
41728  -29.990  -40.023  78.537 0.5000000000
39830  -15.543  -42.900  74.798 0.5000000000
41739  -29.913  -41.294  78.194 0.6999999881
40804  -30.728  -41.392  77.571 0.6999999881
44855  -30.592  -37.445  78.565 0.3000000119
44862  -31.140  -36.659  78.402 0.3000000119
131269  -31.759  -34.277  77.692 0.4000000060
46722  -32.555  -35.216  77.307 0.5000000000
37996  -15.158  -43.750  73.140 0.3000000119
141015  -15.055  -43.565  73.742 0.4000000060
132594  -30.769  -41.976  77.052 0.6999999881
45794  -31.785  -36.294  78.178 0.4000000060
38886  -15.573  -43.341  73.502 0.4000000060
38887  -16.168  -43.228  73.278 0.4000000060
40830  -30.345  -42.295  75.316 0.8000000119
44863  -32.508  -37.059  77.726 0.5000000000
39825  -31.077  -42.736  74.913 0.8000000119
43886  -33.510  -39.041  76.499 0.8000000119
142136  -32.982  -37.589  77.166 0.6000000238
44866  -33.174  -37.101  77.049 0.5000000000
38013  -16.377  -44.247  69.811 0.4000000060
141370  -16.182  -43.818  71.171 0.4000000060
122117  -16.807  -43.723  70.666 0.4000000060
39849  -31.988  -43.133  73.520 0.8999999762
40843  -33.933  -41.721  74.770 0.8999999762
41773  -33.927  -40.994  75.329 0.8999999762
42838  -34.322  -39.697  75.276 0.8999999762
43887  -34.269  -39.016  75.907 0.8999999762
38921  -16.761  -43.876  69.893 0.4000000060
138463  -17.270  -43.671  70.122 0.4000000060
39860  -31.979  -43.192  72.582 0.8999999762
128429  -34.127  -41.518  74.071 0.8999999762
41791  -34.426  -40.561  74.163 1.0000000000
42846  -34.583  -39.724  74.496 0.8999999762
38031  -17.139  -44.195  66.460 0.3000000119
38958  -17.393  -43.620  67.768 0.3000000119
38914  -32.696  -43.754  71.130 0.8999999762
122048  -33.940  -41.711  73.187 1.0000000000
42853  -34.491  -40.369  73.829 1.0000000000
38965  -18.421  -43.315  65.574 0.4000000060
38927  -33.548  -43.963  70.690 0.8999999762
41819  -33.531  -41.008  72.580 1.0000000000
38968  -19.465  -43.357  64.216 0.3000000119
38940  -34.184  -43.701  69.334 0.8999999762
38976  -21.663  -43.338  62.134 0.2000000030
39907  -34.501  -43.348  68.686 1.0000000000
38980  -23.778  -43.507  60.850 0.1000000015
39924  -36.571  -42.819  67.923 1.0000000000
39923  -35.762  -42.875  67.916 1.0000000000
40907  -35.169  -42.764  68.969 1.0000000000
123503  -33.338  -40.307  69.632 1.0000000000
39017  -26.656  -43.654  59.196 0.2000000030
39020  -29.437  -44.086  59.041 0.2000000030
39022  -31.183  -43.915  59.459 0.2000000030
40921  -37.627  -42.282  68.170 1.0000000000
142733  -37.069  -42.411  68.238 1.0000000000
42895  -33.404  -39.930  68.648 1.0000000000
39039  -29.000  -43.543  58.449 0.2000000030
39040  -29.934  -43.536  58.587 0.2000000030
41910  -39.235  -41.302  67.915 1.0000000000
42907  -38.104  -41.678  68.203 1.0000000000
42906  -37.277  -41.381  68.206 1.0000000000
41888  -35.330  -41.415  68.181 1.0000000000
140223  -35.613  -40.878  67.793 1.0000000000
39991  -30.386  -42.855  58.227 0.2000000030
39041  -30.809  -43.475  58.791 0.2000000030
41890  -38.878  -41.241  68.125 1.0000000000
42928  -38.575  -40.325  67.960 1.0000000000
42927  -37.539  -40.254  67.568 1.0000000000
42905  -36.232  -40.839  67.802 1.0000000000
43982  -39.115  -39.321  67.495 1.0000000000
43981  -37.945  -39.382  66.836 1.0000000000
44982  -41.462  -37.828  67.011 0.8999999762
44000  -39.368  -38.417  66.691 1.0000000000
43999  -38.357  -38.565  66.207 1.0000000000
127721  -40.345  -36.802  64.839 0.8999999762
45014  -39.609  -37.227  65.106 0.8999999762
44997  -38.746  -37.793  65.505 1.0000000000
45922  -39.598  -36.830  64.173 0.8999999762
45935  -40.134  -36.430  63.549 0.8000000119
139020  -39.377  -36.727  63.478 0.8000000119
45976  -43.693  -36.638  60.460 0.3000000119
45945  -39.605  -36.439  62.840 0.8000000119
39820  -15.872  -42.648  75.676 0.5000000000
40801  -28.028  -41.810  78.221 0.5000000000
39831  -16.194  -42.847  74.728 0.5000000000
40802  -28.750  -41.976  78.073 0.6000000238
42812  -30.409  -39.140  78.589 0.4000000060
39844  -16.018  -42.960  73.985 0.5000000000
40815  -28.441  -41.911  77.218 0.6000000238
120639  -30.035  -42.066  77.443 0.6999999881
43860  -29.522  -38.241  79.150 0.3000000119
43861  -30.074  -38.130  79.002 0.3000000119
38875  -16.818  -43.131  73.541 0.6999999881
38888  -17.679  -43.410  73.193 0.4000000060
40829  -29.673  -41.943  75.603 0.6999999881
127628  -30.097  -42.274  76.216 0.8000000119
44854  -29.946  -37.731  78.861 0.3000000119
44861  -30.282  -37.008  78.334 0.3000000119
125755  -30.150  -36.626  77.863 0.3000000119
138945  -31.379  -34.940  77.783 0.2000000030
47592  -32.018  -33.386  77.416 0.4000000060
38897  -16.716  -43.359  72.653 0.4000000060
43885  -29.755  -37.620  77.735 0.3000000119
45797  -30.549  -35.949  77.716 0.2000000030
45798  -32.599  -36.077  77.484 0.4000000060
139845  -32.314  -34.058  77.461 0.6000000238
38909  -16.954  -43.526  71.584 0.4000000060
121523  -17.905  -43.620  71.603 0.5000000000
40854  -30.428  -42.072  73.390 0.8000000119
44873  -30.474  -36.936  76.788 0.2000000030
44867  -33.962  -37.993  75.850 0.8000000119
44875  -33.656  -37.084  76.146 0.8000000119
45803  -33.626  -36.188  75.958 0.8000000119
46733  -34.006  -35.600  75.427 0.8000000119
127050  -18.029  -43.642  70.026 0.4000000060
39859  -31.166  -42.516  72.109 0.8000000119
43899  -34.641  -38.967  74.924 0.8999999762
138008  -34.699  -38.218  75.098 0.8000000119
44876  -34.368  -37.375  75.410 0.8000000119
38949  -18.006  -43.404  68.460 0.4000000060
39871  -31.877  -43.167  71.623 0.8999999762
43911  -35.030  -39.009  74.201 0.8000000119
43912  -35.218  -38.372  74.445 0.8000000119
38962  -18.190  -43.049  66.506 0.4000000060
39891  -31.903  -42.919  69.510 0.8999999762
145520  -33.756  -40.127  72.890 1.0000000000
42862  -34.526  -39.663  73.524 1.0000000000
43922  -35.060  -38.895  73.712 1.0000000000
38966  -19.233  -42.997  65.111 0.5000000000
39936  -18.959  -42.623  66.059 0.5000000000
38951  -33.418  -43.610  69.064 0.8999999762
42870  -33.188  -40.056  71.899 1.0000000000
43931  -33.835  -39.202  72.655 1.0000000000
39944  -21.001  -42.211  63.310 0.4000000060
39921  -34.162  -43.150  68.131 0.8999999762
42877  -32.886  -39.532  70.091 1.0000000000
39952  -22.596  -42.452  61.493 0.1000000015
39933  -34.661  -42.806  67.704 0.8999999762
39963  -24.271  -42.480  59.948 0.1000000015
40948  -36.200  -41.797  66.290 1.0000000000
39922  -34.978  -43.139  68.266 0.8999999762
42894  -32.943  -39.488  69.326 1.0000000000
39986  -25.850  -42.193  58.525 0.1000000015
39001  -32.381  -43.932  60.304 0.2000000030
40936  -36.815  -42.448  67.379 1.0000000000
143840  -33.658  -39.821  67.971 1.0000000000
39038  -28.004  -43.447  58.399 0.2000000030
39042  -31.532  -43.410  59.045 0.2000000030
126903  -31.946  -43.585  59.696 0.2000000030
39024  -33.612  -43.205  59.927 0.2000000030
40938  -38.322  -41.748  67.442 1.0000000000
40922  -38.266  -41.871  68.063 1.0000000000
42904  -34.814  -40.300  67.522 1.0000000000
40006  -28.997  -42.155  57.645 0.2000000030
39992  -31.354  -42.813  58.399 0.2000000030
39971  -32.254  -43.092  58.922 0.2000000030
41911  -40.276  -40.926  68.063 1.0000000000
42926  -36.499  -40.120  67.262 1.0000000000
42925  -35.420  -39.939  67.089 1.0000000000
138763  -32.126  -42.525  58.150 0.2000000030
41892  -40.957  -40.485  68.108 0.8999999762
41891  -40.462  -40.553  68.173 0.8999999762
43980  -36.881  -39.315  66.430 1.0000000000
43979  -35.761  -39.272  66.186 1.0000000000
43968  -40.380  -39.608  68.069 0.8999999762
43997  -36.275  -38.495  65.415 1.0000000000
42947  -42.270  -39.410  67.616 0.8999999762
43985  -42.781  -38.872  67.485 0.8999999762
43983  -40.648  -38.583  67.474 0.8999999762
44996  -37.869  -38.146  65.368 0.8999999762
44003  -43.771  -38.001  66.507 0.8000000119
44002  -43.123  -38.791  67.146 0.8000000119
44999  -42.189  -37.353  66.379 0.8000000119
132361  -45.907  -39.067  63.482 0.3000000119
45022  -44.529  -37.205  64.911 0.6000000238
45925  -44.064  -36.919  65.394 0.8000000119
45924  -42.938  -36.640  65.280 0.8000000119
120831  -40.642  -36.405  64.246 0.8000000119
45013  -38.674  -37.339  64.480 0.8999999762
44031  -46.311  -38.610  62.983 0.3000000119
45957  -44.736  -36.734  62.708 0.5000000000
45949  -44.956  -36.883  63.802 0.6000000238
45947  -43.202  -36.004  63.735 0.6999999881
46853  -41.793  -35.969  63.445 0.8000000119
45946  -40.596  -35.931  63.042 0.8000000119
132946  -38.864  -36.807  63.139 0.8999999762
45039  -45.490  -37.866  62.229 0.3000000119
45968  -44.270  -36.668  61.407 0.3000000119
45956  -43.619  -36.402  61.874 0.6000000238
46869  -42.559  -35.952  61.263 0.6000000238
127781  -41.228  -35.372  61.223 0.6000000238
46867  -40.509  -35.490  61.437 0.6999999881
46858  -40.149  -35.895  62.184 0.8000000119
45955  -39.247  -36.217  61.965 0.8999999762
45967  -43.237  -36.044  60.438 0.4000000060
46891  -41.980  -35.077  59.230 0.5000000000
46877  -41.558  -35.116  60.234 0.5000000000
46889  -40.187  -34.881  59.675 0.5000000000
46875  -39.676  -35.449  60.520 0.6000000238
46865  -39.034  -36.094  61.057 0.8999999762
46909  -42.160  -34.931  57.564 0.4000000060
47736  -41.803  -34.702  57.415 0.4000000060
47725  -41.340  -34.503  57.789 0.4000000060
47724  -40.508  -34.380  57.917 0.4000000060
47712  -39.600  -34.801  58.853 0.5000000000
47744  -40.554  -34.366  56.364 0.4000000060
47734  -40.216  -34.213  56.677 0.5000000000
47723  -39.560  -34.378  57.806 0.5000000000
40773  -26.398  -41.263  79.650 0.3000000119
40788  -27.185  -41.429  79.187 0.3000000119
39821  -16.842  -42.914  76.309 0.6000000238
138401  -27.499  -41.687  78.815 0.4000000060
40814  -27.535  -41.531  77.321 0.5000000000
41726  -28.655  -40.792  79.202 0.4000000060
39832  -16.840  -42.964  75.189 0.6999999881
142278  -17.491  -43.166  74.750 0.6999999881
41771  -27.422  -40.826  75.771 0.6000000238
40827  -27.718  -41.277  76.517 0.5000000000
42801  -28.691  -39.066  79.464 0.2000000030
38876  -17.633  -43.210  74.029 0.6000000238
41772  -27.807  -40.936  75.036 0.6999999881
40828  -28.258  -41.302  76.016 0.6999999881
47597  -31.849  -32.909  77.204 0.4000000060
49336  -32.250  -32.488  77.016 0.4000000060
48445  -32.416  -32.768  77.178 0.5000000000
38877  -18.481  -43.567  73.782 0.6999999881
41789  -28.132  -40.710  74.245 0.8000000119
40852  -28.949  -41.108  74.057 0.8000000119
120734  -29.142  -38.187  78.037 0.3000000119
45801  -30.692  -36.091  76.656 0.2000000030
46721  -30.853  -35.184  77.527 0.2000000030
47596  -31.517  -33.575  77.249 0.3000000119
47593  -32.524  -33.543  77.276 0.4000000060
47598  -33.112  -33.524  76.745 0.6999999881
48446  -33.223  -32.623  76.768 0.6000000238
121522  -18.600  -43.731  72.066 0.4000000060
41805  -29.088  -40.958  73.108 0.8000000119
40853  -29.707  -41.593  73.748 0.8000000119
142497  -30.139  -37.522  76.904 0.3000000119
142515  -33.820  -33.589  76.023 0.8000000119
38910  -18.600  -43.647  71.229 0.4000000060
41818  -29.207  -40.968  72.147 0.8000000119
40863  -30.483  -42.002  72.462 0.8000000119
47604  -33.891  -34.608  75.588 0.8000000119
138613  -18.403  -43.430  69.389 0.4000000060
138413  -18.773  -43.582  70.053 0.4000000060
40882  -30.023  -41.114  70.428 0.8999999762
133759  -30.580  -41.982  71.747 0.8000000119
44886  -35.158  -37.668  74.693 0.8000000119
45804  -34.711  -36.672  74.870 0.8999999762
46743  -34.736  -35.613  74.711 0.8999999762
39898  -18.718  -43.104  68.002 0.4000000060
38950  -18.938  -43.137  68.797 0.4000000060
40894  -30.684  -41.671  69.205 0.8999999762
39890  -31.175  -42.268  69.769 0.8999999762
44887  -35.564  -37.736  74.068 0.8999999762
45807  -35.495  -37.210  74.292 0.8999999762
39914  -18.959  -42.701  67.149 0.4000000060
39903  -31.324  -42.264  68.895 0.8999999762
43932  -34.796  -38.610  73.135 1.0000000000
39941  -20.524  -42.285  63.932 0.4000000060
39937  -19.816  -42.368  65.633 0.5000000000
39919  -32.114  -42.595  67.949 0.8999999762
42878  -33.015  -39.482  70.962 1.0000000000
40963  -21.526  -41.850  63.084 0.4000000060
40951  -20.800  -41.740  64.513 0.5000000000
40933  -33.289  -41.827  66.640 0.8999999762
39905  -32.838  -43.141  68.544 0.8999999762
43953  -32.774  -38.736  69.615 1.0000000000
127328  -21.838  -42.032  62.468 0.1000000015
40946  -34.152  -41.650  66.066 0.8999999762
133728  -34.128  -42.211  66.958 0.8999999762
44963  -32.776  -38.054  69.097 1.0000000000
40977  -23.653  -41.674  60.437 0.1000000015
40947  -35.265  -41.699  66.151 0.8999999762
40934  -35.024  -42.337  66.998 0.8999999762
43958  -32.824  -38.969  68.760 1.0000000000
39969  -25.149  -42.131  58.965 0.1000000015
39004  -35.698  -43.667  60.435 0.2000000030
41925  -37.334  -41.306  65.727 0.8999999762
40958  -36.534  -41.262  65.479 0.8999999762
43959  -33.131  -39.244  67.913 1.0000000000
39988  -27.530  -42.713  57.863 0.2000000030
39972  -33.250  -42.989  59.073 0.2000000030
39025  -34.432  -43.187  59.965 0.2000000030
133858  -37.728  -41.782  66.732 1.0000000000
40937  -37.600  -42.287  67.727 1.0000000000
43977  -34.051  -38.848  66.574 1.0000000000
41010  -29.422  -41.441  57.425 0.2000000030
39973  -34.141  -42.837  59.252 0.2000000030
41927  -38.916  -41.235  66.820 1.0000000000
44981  -34.290  -38.286  65.845 1.0000000000
43978  -34.803  -39.187  66.153 1.0000000000
40008  -30.789  -42.201  57.766 0.2000000030
39993  -32.918  -42.513  58.277 0.2000000030
41943  -39.408  -40.631  66.093 0.8999999762
138410  -35.137  -38.546  65.464 1.0000000000
42945  -40.496  -40.446  66.703 0.8999999762
44995  -36.296  -37.929  64.619 1.0000000000
44011  -42.930  -38.624  66.036 0.8999999762
142241  -41.151  -39.934  66.374 0.8999999762
132898  -37.100  -38.164  64.929 1.0000000000
43035  -42.941  -39.866  61.007 0.3000000119
44012  -44.127  -37.607  65.883 0.8000000119
42959  -41.350  -39.411  65.511 0.8999999762
143143  -36.878  -37.687  64.256 1.0000000000
45026  -45.160  -37.235  64.762 0.6000000238
120887  -38.058  -37.059  63.113 1.0000000000
140798  -37.030  -37.225  63.109 1.0000000000
45028  -45.892  -38.043  63.783 0.3000000119
45950  -45.521  -37.433  63.481 0.4000000060
45954  -38.337  -36.516  61.607 0.8999999762
45944  -38.597  -36.676  62.500 0.8999999762
45031  -45.979  -37.912  63.293 0.3000000119
45030  -45.141  -37.261  62.441 0.3000000119
121360  -39.312  -35.235  59.743 0.6000000238
46873  -38.103  -35.943  59.964 0.8999999762
46901  -38.725  -34.835  58.563 0.5000000000
47733  -39.148  -34.212  57.129 0.5000000000
39799  -18.861  -42.637  78.947 0.6000000238
40799  -25.592  -41.497  78.687 0.4000000060
40787  -25.888  -41.485  79.572 0.2000000030
40813  -26.228  -41.344  77.823 0.5000000000
41710  -26.315  -40.527  80.189 0.2000000030
40774  -26.942  -40.798  79.714 0.3000000119
38866  -18.455  -43.516  75.835 0.6999999881
40800  -26.619  -41.572  79.003 0.4000000060
38878  -19.168  -43.731  74.367 0.6999999881
134076  -18.320  -43.462  74.773 0.6999999881
41754  -26.102  -40.961  76.572 0.6000000238
41755  -27.029  -40.960  76.457 0.6000000238
42800  -27.971  -39.463  79.515 0.2000000030
122177  -25.928  -40.351  74.078 0.6999999881
41770  -26.557  -40.562  75.547 0.6000000238
43858  -27.434  -38.490  78.836 0.2000000030
43859  -28.840  -38.451  79.245 0.2000000030
38890  -19.269  -43.776  73.466 0.6999999881
41788  -27.322  -40.396  74.340 0.6999999881
121039  -28.301  -38.649  77.549 0.2000000030
38911  -19.411  -43.693  71.696 0.6000000238
121524  -19.350  -43.770  72.594 0.6000000238
143261  -26.535  -40.093  72.996 0.8000000119
139244  -27.779  -40.203  72.878 0.8000000119
43919  -28.676  -38.411  73.866 0.2000000030
43884  -28.665  -38.635  76.686 0.2000000030
43897  -29.198  -38.606  75.890 0.2000000030
46731  -30.831  -35.099  76.472 0.2000000030
46742  -31.085  -34.106  76.240 0.2000000030
47602  -31.426  -33.292  76.611 0.4000000060
134148  -33.624  -32.031  76.606 0.6000000238
140573  -19.441  -43.518  70.627 0.5000000000
41829  -27.551  -39.961  71.996 0.8000000119
41817  -28.426  -40.388  72.520 0.8000000119
43909  -29.103  -38.638  74.801 0.2000000030
146254  -29.771  -38.475  75.464 0.2000000030
43910  -30.066  -38.440  74.763 0.2000000030
44885  -31.357  -37.340  74.571 0.2000000030
45802  -31.216  -36.421  75.373 0.2000000030
126253  -31.392  -35.408  75.121 0.2000000030
48455  -34.180  -33.023  75.894 0.8000000119
38935  -19.246  -43.311  69.649 0.4000000060
38936  -20.045  -43.096  69.897 0.4000000060
122522  -27.972  -40.103  71.063 0.8000000119
41830  -28.602  -40.326  71.586 0.8000000119
44897  -30.891  -37.920  73.784 0.2000000030
44898  -31.455  -37.312  73.529 0.2000000030
45806  -31.715  -36.579  74.281 0.1000000015
46752  -31.995  -35.681  73.892 0.2000000030
47605  -34.678  -34.426  74.786 0.8000000119
41854  -28.397  -39.865  69.665 0.8000000119
132003  -29.225  -40.339  69.672 0.8000000119
128440  -30.869  -37.799  72.860 0.2000000030
135490  -35.542  -36.518  74.224 0.8999999762
47611  -35.755  -34.738  73.846 0.8999999762
48456  -35.263  -33.486  74.676 0.8999999762
39899  -19.516  -42.898  68.141 0.5000000000
39900  -20.412  -42.556  68.408 0.5000000000
41855  -28.977  -40.027  68.994 0.8000000119
40904  -30.191  -41.044  68.694 0.8999999762
43933  -35.361  -38.071  73.339 1.0000000000
44899  -35.622  -37.562  73.480 1.0000000000
45808  -35.836  -37.025  73.671 0.8999999762
134761  -36.013  -36.374  73.656 0.8999999762
46744  -35.609  -35.689  74.055 0.8999999762
39927  -19.764  -42.308  66.588 0.6000000238
40929  -30.299  -41.180  66.893 0.8999999762
39918  -31.404  -42.219  68.076 0.8999999762
43940  -34.214  -38.219  72.309 1.0000000000
44913  -35.743  -37.352  72.965 1.0000000000
125954  -36.023  -37.025  73.162 1.0000000000
45812  -36.406  -36.421  73.134 1.0000000000
40917  -31.517  -41.966  67.351 0.8999999762
124958  -33.010  -38.514  70.586 1.0000000000
44927  -33.687  -37.830  71.392 1.0000000000
44928  -34.684  -37.397  71.919 1.0000000000
40964  -22.207  -41.410  62.771 0.3000000119
40960  -21.761  -41.292  63.639 0.4000000060
39931  -32.640  -42.036  67.106 0.8999999762
39930  -32.149  -42.256  67.364 0.8999999762
132037  -32.852  -37.966  69.896 1.0000000000
40967  -22.332  -41.840  61.976 0.2000000030
40956  -34.703  -41.218  65.199 0.8999999762
136376  -33.047  -41.448  65.712 0.8999999762
40955  -33.739  -41.147  65.042 0.8999999762
43966  -32.736  -38.259  68.161 1.0000000000
40984  -24.325  -41.483  59.811 0.1000000015
40957  -35.652  -41.220  65.315 0.8999999762
146059  -33.192  -37.686  67.124 1.0000000000
44964  -32.870  -37.236  68.568 1.0000000000
39987  -26.663  -42.389  57.973 0.2000000030
44980  -33.517  -37.796  66.526 1.0000000000
43967  -33.277  -38.421  67.269 1.0000000000
42016  -27.298  -40.795  57.780 0.1000000015
41011  -30.276  -41.454  57.404 0.2000000030
42021  -31.561  -40.686  57.221 0.2000000030
41942  -38.475  -40.767  65.561 1.0000000000
41941  -37.641  -40.713  65.125 1.0000000000
44992  -33.800  -37.350  65.722 1.0000000000
40009  -31.643  -42.111  57.696 0.2000000030
143638  -31.849  -41.425  57.476 0.2000000030
40997  -34.436  -41.840  57.958 0.2000000030
42957  -38.889  -40.199  64.918 1.0000000000
41956  -38.036  -40.258  64.487 1.0000000000
45909  -34.012  -36.839  65.012 1.0000000000
43005  -38.358  -39.070  61.898 0.8000000119
42958  -40.002  -39.881  65.455 0.8999999762
44994  -35.447  -37.886  64.768 1.0000000000
43049  -40.490  -39.541  59.707 0.3000000119
41994  -39.877  -39.850  59.293 0.3000000119
42969  -40.238  -39.260  64.362 0.8999999762
45010  -35.761  -37.381  63.983 1.0000000000
43034  -41.894  -39.472  60.587 0.3000000119
138919  -42.022  -38.287  63.673 0.6999999881
44015  -41.588  -38.720  64.471 0.8999999762
45011  -36.659  -37.399  63.681 1.0000000000
44053  -42.871  -39.109  61.589 0.3000000119
44030  -44.521  -38.709  63.062 0.3000000119
45953  -36.478  -36.795  61.531 0.8999999762
44024  -45.881  -38.197  63.893 0.4000000060
44023  -44.950  -37.994  64.204 0.5000000000
45974  -36.742  -36.210  59.678 0.8999999762
124192  -37.396  -36.624  61.121 0.8999999762
45027  -45.060  -37.655  64.094 0.4000000060
46900  -37.779  -35.249  58.653 0.5000000000
40771  -24.197  -41.097  80.190 0.4000000060
40786  -25.044  -41.525  79.726 0.3000000119
38847  -19.481  -43.169  78.228 0.6000000238
40798  -24.216  -41.904  78.119 0.4000000060
123459  -24.798  -41.694  78.444 0.4000000060
145557  -24.951  -40.997  80.291 0.2000000030
38858  -19.378  -43.278  77.065 0.6999999881
38868  -20.050  -43.487  76.166 0.6000000238
40811  -24.639  -41.330  76.548 0.5000000000
40812  -25.286  -41.309  77.332 0.6000000238
40772  -25.701  -41.190  80.145 0.2000000030
38867  -19.221  -43.623  75.998 0.6999999881
135071  -20.806  -43.356  75.331 0.6000000238
40826  -24.867  -41.128  75.552 0.6000000238
41709  -25.402  -40.244  80.443 0.2000000030
139468  -19.028  -43.652  75.189 0.6999999881
38892  -21.124  -43.321  73.820 0.8000000119
40839  -25.243  -40.787  74.628 0.6999999881
41769  -25.665  -40.686  75.572 0.6000000238
43857  -26.657  -38.444  78.791 0.2000000030
43851  -26.380  -38.769  79.649 0.2000000030
124113  -20.032  -43.746  73.148 0.6999999881
38900  -20.898  -43.399  72.915 0.8000000119
41786  -25.986  -40.429  74.881 0.6999999881
144881  -26.995  -38.673  79.451 0.2000000030
49346  -32.452  -32.214  76.334 0.3000000119
49347  -33.129  -31.686  76.187 0.3000000119
38899  -20.166  -43.633  72.265 0.6999999881
38913  -20.936  -43.256  71.894 0.6999999881
41826  -25.041  -40.611  72.237 0.8000000119
41802  -25.817  -40.251  73.023 0.8000000119
43883  -27.737  -38.660  76.589 0.2000000030
43870  -27.589  -38.538  77.833 0.2000000030
47610  -32.163  -33.729  74.523 0.1000000015
48454  -31.811  -32.818  76.204 0.3000000119
49337  -32.852  -32.050  76.973 0.5000000000
38912  -20.234  -43.454  71.370 0.6999999881
38925  -20.896  -43.125  71.152 0.6999999881
146049  -26.487  -39.983  70.771 0.8000000119
41815  -26.558  -40.106  72.392 0.8000000119
142696  -27.599  -38.517  75.768 0.2000000030
130322  -31.739  -34.560  74.764 0.1000000015
47603  -31.513  -33.631  75.680 0.2000000030
49348  -34.532  -32.301  75.927 0.6999999881
49338  -34.142  -31.528  76.391 0.5000000000
38924  -20.428  -43.167  70.608 0.5000000000
39877  -21.148  -42.780  70.576 0.6999999881
41841  -26.922  -39.847  70.164 0.8000000119
41828  -26.549  -40.055  71.520 0.8000000119
43920  -29.567  -38.459  73.891 0.2000000030
46764  -32.126  -35.789  72.762 0.1000000015
39876  -20.706  -42.812  70.054 0.6999999881
135533  -27.292  -39.915  68.725 0.8000000119
44896  -29.165  -38.215  73.093 0.2000000030
44909  -29.562  -37.929  72.328 0.2000000030
45816  -31.643  -36.500  72.223 0.1000000015
45811  -31.785  -36.552  73.166 0.1000000015
131692  -35.403  -32.566  74.998 0.8999999762
39887  -20.578  -42.654  69.369 0.5000000000
39901  -21.181  -42.308  68.939 0.5000000000
121934  -28.112  -40.005  68.931 0.8000000119
43930  -30.167  -38.337  73.094 0.1000000015
44911  -31.333  -37.192  72.587 0.1000000015
48465  -36.144  -34.055  73.737 0.8999999762
48457  -36.183  -33.171  74.173 0.8999999762
39916  -20.479  -42.050  67.032 0.5000000000
39917  -21.116  -41.791  67.446 0.5000000000
41868  -28.135  -39.661  68.194 0.6999999881
41870  -29.501  -40.437  68.256 0.8000000119
44910  -30.344  -37.860  72.239 0.1000000015
44925  -30.580  -37.481  71.587 0.1000000015
46754  -36.394  -35.762  73.430 0.8999999762
47612  -36.751  -34.902  73.331 0.8999999762
39938  -20.491  -41.953  65.228 0.6000000238
39929  -21.074  -41.617  66.649 0.6000000238
127673  -21.701  -41.253  66.252 0.6000000238
123940  -28.655  -40.090  66.982 0.6999999881
41886  -29.559  -40.600  67.147 0.8999999762
44929  -35.537  -37.014  72.336 1.0000000000
45817  -36.217  -36.623  72.659 1.0000000000
45818  -36.708  -35.766  72.502 1.0000000000
134227  -21.062  -41.508  65.094 0.4000000060
40952  -21.480  -41.282  64.515 0.4000000060
129406  -22.282  -40.878  65.781 0.5000000000
41908  -29.828  -40.896  66.446 0.8999999762
40944  -30.900  -41.467  65.928 0.8999999762
45828  -35.074  -36.661  71.519 1.0000000000
45829  -35.850  -36.358  71.882 1.0000000000
138898  -36.365  -36.013  72.101 1.0000000000
46770  -37.120  -35.166  72.022 1.0000000000
139711  -22.752  -41.261  62.124 0.3000000119
41945  -22.432  -40.858  63.515 0.3000000119
41924  -30.928  -41.323  65.227 0.8999999762
144083  -31.448  -41.459  65.763 0.8999999762
44944  -34.114  -36.961  71.112 1.0000000000
45842  -33.734  -36.677  70.213 1.0000000000
45844  -35.475  -36.021  71.087 1.0000000000
46776  -35.831  -35.437  70.659 1.0000000000
40968  -23.033  -41.551  61.365 0.3000000119
131694  -23.398  -40.762  61.956 0.3000000119
121065  -31.870  -40.729  64.283 0.8999999762
44954  -33.093  -37.273  69.600 1.0000000000
45858  -33.415  -36.504  69.280 1.0000000000
45859  -34.180  -35.972  69.873 1.0000000000
46775  -35.003  -35.628  70.331 1.0000000000
41983  -24.220  -40.740  60.282 0.1000000015
41937  -33.579  -40.750  64.208 0.8999999762
46782  -33.781  -35.756  68.987 1.0000000000
41993  -25.356  -40.393  59.095 0.1000000015
133929  -34.185  -39.291  61.542 0.8000000119
41964  -34.472  -40.071  63.106 0.8999999762
129358  -34.355  -40.468  63.912 0.8999999762
129417  -33.127  -37.067  67.058 1.0000000000
46791  -33.550  -35.645  68.057 1.0000000000
42004  -26.637  -40.646  58.200 0.1000000015
42005  -27.372  -40.166  57.942 0.1000000015
43028  -34.992  -39.182  61.263 0.6999999881
43002  -34.855  -39.502  61.918 0.6999999881
41965  -35.386  -39.985  63.217 0.8999999762
41953  -35.827  -40.325  63.912 0.8999999762
125250  -33.368  -36.984  66.309 1.0000000000
45899  -33.340  -36.347  66.640 1.0000000000
42017  -28.072  -40.501  57.567 0.1000000015
42019  -29.677  -40.001  56.950 0.1000000015
43029  -35.665  -39.130  60.932 0.6999999881
41954  -36.567  -40.309  63.904 0.8999999762
137775  -36.340  -40.488  64.265 1.0000000000
45908  -33.517  -36.412  65.734 1.0000000000
134783  -32.035  -40.000  57.255 0.2000000030
42024  -34.546  -40.298  57.742 0.3000000119
135203  -35.671  -41.130  57.938 0.2000000030
44048  -36.802  -39.068  60.000 0.4000000060
43030  -36.512  -39.228  61.048 0.8000000119
43003  -36.621  -39.507  62.007 0.8000000119
41955  -37.274  -40.331  64.122 1.0000000000
126316  -35.865  -39.737  58.358 0.3000000119
42006  -36.318  -40.630  58.170 0.2000000030
43031  -37.380  -39.079  60.617 0.6999999881
142816  -37.792  -39.472  62.564 0.8000000119
127433  -38.523  -39.734  63.944 1.0000000000
45921  -34.842  -36.749  63.900 1.0000000000
42008  -38.081  -40.354  58.618 0.3000000119
43063  -38.529  -39.688  58.967 0.3000000119
42986  -38.424  -39.420  62.963 0.8000000119
122211  -39.342  -39.262  63.429 0.8999999762
45941  -35.460  -36.710  62.808 0.8999999762
45932  -35.202  -36.740  63.428 1.0000000000
44052  -41.755  -38.793  61.081 0.3000000119
124923  -40.229  -38.857  60.214 0.4000000060
44051  -40.859  -38.588  60.866 0.4000000060
44028  -40.833  -38.490  61.716 0.5000000000
122254  -39.927  -38.619  61.922 0.6000000238
44020  -39.858  -38.770  62.729 0.8999999762
133046  -40.531  -38.712  63.436 0.8999999762
45933  -36.064  -37.113  63.249 0.8999999762
44029  -41.612  -38.567  61.646 0.5000000000
130056  -42.849  -38.496  62.335 0.5000000000
44022  -42.347  -38.126  62.878 0.5000000000
45942  -36.340  -36.988  62.498 0.8999999762
45964  -36.555  -36.533  60.543 0.8999999762
39787  -18.942  -42.229  79.318 0.6000000238
38848  -20.247  -43.046  78.445 0.5000000000
38849  -20.910  -43.059  77.572 0.6000000238
39801  -22.296  -42.490  78.413 0.6000000238
40797  -23.542  -42.084  78.390 0.5000000000
40785  -23.988  -41.722  79.392 0.4000000060
39822  -21.659  -43.008  75.041 0.6000000238
39823  -22.239  -42.657  75.823 0.6000000238
39824  -23.098  -42.177  76.368 0.6000000238
40810  -23.937  -41.964  77.099 0.5000000000
39834  -22.378  -42.566  74.680 0.6999999881
39835  -23.093  -42.159  75.209 0.6999999881
40825  -23.966  -41.670  75.710 0.5000000000
39833  -21.753  -42.937  74.176 0.8000000119
144869  -24.097  -41.412  74.260 0.6999999881
42809  -25.363  -38.952  79.861 0.2000000030
42798  -26.290  -39.452  80.255 0.2000000030
39845  -21.707  -42.921  73.304 0.8000000119
40861  -24.269  -41.038  72.476 0.8000000119
40850  -24.536  -41.088  73.915 0.8000000119
43856  -25.856  -38.421  78.745 0.2000000030
49360  -32.778  -32.144  75.326 0.3000000119
39867  -21.613  -42.710  71.360 0.8000000119
39856  -21.646  -42.843  72.373 0.8000000119
41839  -25.117  -40.445  71.308 0.8000000119
43882  -26.114  -38.169  76.913 0.2000000030
143939  -32.552  -34.093  73.473 0.2000000030
138890  -33.739  -31.239  76.245 0.3000000119
50225  -33.584  -31.624  76.471 0.4000000060
39902  -21.895  -42.049  69.241 0.6999999881
39878  -21.862  -42.373  70.506 0.6999999881
41851  -25.512  -40.076  69.487 0.8000000119
43908  -28.122  -38.486  74.550 0.2000000030
46765  -32.389  -35.054  72.257 0.1000000015
49339  -34.773  -30.984  76.316 0.6999999881
143107  -21.684  -41.910  68.607 0.6000000238
40890  -22.569  -41.730  69.565 0.8000000119
41852  -26.493  -39.868  69.315 0.8000000119
44895  -28.208  -37.769  73.219 0.2000000030
49349  -35.052  -31.770  75.947 0.8000000119
121337  -21.097  -42.020  68.205 0.5000000000
40913  -22.671  -41.216  67.601 0.8000000119
133554  -26.158  -39.779  67.863 0.6999999881
41867  -26.553  -39.777  68.494 0.6999999881
138175  -29.127  -37.591  71.781 0.1000000015
44926  -31.135  -37.068  71.821 0.1000000015
45827  -31.418  -36.436  71.394 0.1000000015
46774  -31.654  -35.630  70.914 0.1000000015
123746  -21.790  -41.401  67.093 0.5000000000
40914  -23.254  -40.757  66.937 0.6000000238
41902  -23.871  -40.478  66.356 0.6999999881
41905  -26.573  -39.890  66.934 0.6999999881
41906  -27.633  -39.936  66.974 0.6999999881
145653  -29.200  -37.486  71.222 0.1000000015
44942  -30.310  -37.383  70.843 0.1000000015
45826  -30.900  -37.037  71.065 0.1000000015
45841  -31.177  -36.419  70.616 0.1000000015
47613  -37.397  -34.715  72.925 0.8999999762
48466  -37.130  -33.908  73.464 0.8999999762
49362  -36.932  -32.871  73.839 0.8000000119
41901  -23.037  -40.637  66.112 0.6000000238
42922  -27.368  -39.843  66.285 0.6999999881
41921  -28.970  -40.172  65.607 0.6999999881
41922  -29.762  -40.739  65.747 0.6999999881
44941  -29.628  -37.394  70.732 0.1000000015
45839  -30.062  -37.187  70.107 0.1000000015
48467  -37.895  -33.999  72.936 0.8999999762
41930  -22.667  -40.609  64.289 0.4000000060
41917  -22.970  -40.581  65.203 0.6000000238
41947  -23.878  -39.935  63.817 0.5000000000
41932  -24.157  -40.075  64.668 0.6000000238
41933  -29.377  -40.265  64.992 0.6999999881
41935  -30.534  -40.697  64.691 0.8999999762
46768  -36.156  -35.758  71.437 1.0000000000
47624  -37.155  -34.773  71.395 1.0000000000
134976  -37.580  -34.647  71.897 1.0000000000
48474  -38.604  -33.379  72.139 0.8999999762
41960  -23.792  -40.161  62.798 0.4000000060
42962  -24.416  -39.730  63.280 0.4000000060
42963  -25.197  -39.472  63.270 0.6000000238
41948  -30.312  -40.227  63.790 0.6999999881
41949  -31.104  -40.445  64.041 0.8000000119
47631  -36.131  -34.823  70.290 1.0000000000
47633  -37.522  -34.179  70.891 1.0000000000
48481  -38.620  -33.287  71.480 1.0000000000
41971  -23.732  -40.713  61.044 0.2000000030
123814  -24.426  -39.915  60.871 0.3000000119
42992  -24.843  -39.280  61.477 0.4000000060
42993  -25.619  -39.111  61.470 0.4000000060
41950  -31.809  -40.293  63.456 0.8000000119
41951  -32.758  -40.529  63.712 0.8000000119
46783  -34.551  -35.308  69.528 1.0000000000
46784  -35.380  -35.048  69.934 1.0000000000
139790  -37.684  -33.665  70.605 1.0000000000
48497  -37.371  -33.282  70.098 1.0000000000
41984  -24.929  -40.169  60.102 0.1000000015
43042  -25.709  -39.625  59.849 0.2000000030
43000  -32.408  -39.146  61.492 0.6999999881
42980  -32.033  -39.554  62.220 0.6999999881
41962  -32.551  -40.020  62.874 0.8000000119
41952  -33.637  -40.355  63.451 0.8999999762
46792  -34.152  -35.058  68.664 1.0000000000
47644  -34.881  -34.649  69.183 1.0000000000
47638  -35.681  -34.431  69.565 1.0000000000
48495  -35.976  -33.808  69.191 1.0000000000
49425  -36.898  -32.742  69.391 1.0000000000
49414  -37.722  -32.588  69.834 1.0000000000
42003  -26.043  -40.190  58.647 0.1000000015
43057  -26.727  -39.829  58.552 0.1000000015
43044  -27.291  -39.239  58.931 0.3000000119
43070  -28.755  -39.350  57.663 0.1000000015
43001  -33.284  -39.183  61.472 0.8000000119
141523  -33.649  -39.519  62.042 0.8000000119
45888  -33.242  -36.310  67.493 1.0000000000
46804  -33.907  -34.930  67.733 1.0000000000
47650  -34.853  -33.741  67.883 1.0000000000
48503  -35.581  -33.423  68.325 1.0000000000
43069  -28.113  -39.776  57.727 0.1000000015
43071  -29.549  -39.373  57.269 0.1000000015
44095  -30.169  -38.812  57.511 0.2000000030
137030  -34.431  -38.947  60.824 0.6000000238
43027  -33.698  -38.883  60.795 0.6999999881
128602  -35.725  -39.486  61.894 0.8000000119
140182  -35.734  -39.766  62.746 0.8000000119
47656  -33.804  -34.924  66.797 1.0000000000
47649  -34.322  -34.307  67.352 1.0000000000
42018  -28.854  -39.896  57.326 0.1000000015
43073  -31.568  -39.267  57.293 0.2000000030
43074  -32.465  -39.253  57.437 0.3000000119
44085  -34.167  -38.697  58.430 0.3000000119
44069  -34.642  -38.653  59.219 0.5000000000
44044  -33.268  -38.551  59.989 0.6000000238
42984  -36.356  -39.698  62.693 0.8000000119
45920  -34.082  -36.294  64.314 1.0000000000
45919  -33.651  -36.114  64.991 1.0000000000
47662  -33.665  -34.910  65.879 1.0000000000
47657  -34.166  -34.265  66.445 1.0000000000
43075  -33.317  -39.319  57.572 0.4000000060
145523  -35.405  -39.322  58.417 0.4000000060
44086  -35.014  -38.950  58.522 0.3000000119
44070  -35.501  -38.888  59.269 0.3000000119
44047  -35.985  -39.013  60.101 0.4000000060
42985  -37.112  -39.610  62.668 0.8000000119
42968  -36.846  -39.937  63.376 0.8000000119
46838  -33.652  -35.516  64.670 1.0000000000
43061  -36.543  -39.541  58.753 0.3000000119
44071  -36.309  -39.140  59.283 0.3000000119
43045  -37.114  -39.274  59.247 0.3000000119
45931  -34.432  -36.189  63.630 1.0000000000
43062  -37.468  -39.741  58.780 0.3000000119
43046  -37.915  -39.259  59.344 0.4000000060
43032  -38.125  -38.909  60.202 0.4000000060
44049  -38.798  -38.794  60.826 0.5000000000
45940  -34.689  -36.237  63.044 0.8999999762
43048  -39.263  -39.377  59.378 0.3000000119
43047  -38.648  -39.054  59.606 0.4000000060
44072  -39.320  -38.817  60.098 0.4000000060
45963  -35.611  -36.513  60.916 0.8000000119
45952  -35.589  -36.699  61.938 0.8999999762
39777  -19.591  -42.094  79.704 0.2000000030
134622  -19.581  -42.387  79.544 0.4000000060
39788  -20.301  -42.631  79.548 0.4000000060
40782  -20.751  -42.273  79.997 0.4000000060
143084  -20.809  -42.603  79.549 0.5000000000
40784  -23.001  -41.762  79.489 0.4000000060
41707  -23.553  -40.501  80.363 0.3000000119
39847  -23.097  -42.133  74.203 0.8000000119
40837  -23.739  -41.724  74.636 0.6999999881
41708  -24.417  -40.424  80.436 0.2000000030
39857  -22.331  -42.373  72.844 0.8000000119
39858  -23.018  -41.972  73.294 0.8000000119
40849  -23.747  -41.561  73.759 0.8000000119
42797  -24.649  -39.661  80.301 0.2000000030
39868  -22.308  -42.283  71.962 0.8000000119
39869  -22.954  -41.875  72.411 0.8000000119
40860  -23.600  -41.456  72.840 0.8000000119
126585  -24.179  -41.156  73.214 0.8000000119
42808  -24.910  -38.522  78.640 0.2000000030
48464  -33.165  -32.755  73.894 0.2000000030
40868  -22.390  -42.088  71.132 0.8000000119
40869  -23.156  -41.541  70.963 0.8000000119
40870  -23.828  -41.099  71.124 0.8000000119
43868  -25.573  -38.243  77.746 0.2000000030
131732  -32.758  -33.513  73.650 0.2000000030
48463  -32.400  -32.745  74.974 0.3000000119
50232  -33.674  -31.134  75.405 0.3000000119
40879  -22.544  -41.898  70.348 0.8000000119
40880  -23.193  -41.455  70.078 0.8000000119
136748  -24.403  -40.762  70.643 0.8000000119
43895  -26.860  -38.070  75.962 0.2000000030
51268  -34.364  -30.113  76.276 0.5000000000
40881  -23.918  -41.088  69.841 0.8000000119
41850  -24.671  -40.564  69.662 0.8000000119
44882  -27.282  -37.852  74.301 0.2000000030
47623  -32.484  -34.412  71.583 0.1000000015
51269  -34.734  -30.247  76.385 0.6999999881
40903  -23.343  -41.092  68.341 0.8000000119
41865  -24.900  -40.278  68.639 0.8000000119
44883  -27.927  -37.995  73.874 0.2000000030
47622  -32.123  -35.112  71.432 0.1000000015
50235  -36.532  -31.234  74.869 0.6999999881
41881  -24.787  -40.284  67.620 0.6999999881
131176  -25.414  -39.950  68.003 0.6999999881
44908  -28.564  -37.600  72.334 0.1000000015
131344  -31.362  -35.841  70.230 0.1000000015
41880  -24.061  -40.568  67.203 0.6999999881
41882  -25.555  -40.036  67.229 0.6999999881
42921  -26.504  -39.861  66.019 0.6999999881
45824  -27.239  -36.925  71.109 0.2000000030
44907  -27.594  -37.364  72.641 0.2000000030
44923  -28.569  -37.344  71.466 0.1000000015
130997  -37.773  -33.167  73.387 0.8000000119
49363  -38.370  -32.533  73.252 0.8000000119
41919  -24.351  -40.215  65.591 0.6999999881
41920  -25.234  -39.961  65.724 0.6999999881
127484  -28.098  -39.683  64.134 0.6999999881
42955  -28.550  -39.922  64.874 0.6999999881
44922  -27.799  -37.203  71.755 0.1000000015
45838  -29.260  -36.976  70.121 0.1000000015
45856  -30.420  -36.820  69.538 0.1000000015
48468  -38.368  -33.338  72.815 0.8999999762
49364  -38.984  -32.030  73.000 0.8999999762
42951  -24.625  -39.729  64.040 0.6000000238
42941  -25.700  -39.812  65.063 0.6000000238
140293  -26.741  -39.481  63.096 0.6000000238
42965  -28.570  -39.626  63.464 0.6999999881
41934  -29.802  -40.267  64.370 0.6999999881
45825  -28.046  -37.005  70.961 0.1000000015
49390  -39.027  -32.815  71.896 1.0000000000
131436  -25.934  -39.371  62.885 0.5000000000
42975  -27.364  -39.371  62.428 0.5000000000
137480  -28.895  -39.580  62.780 0.6999999881
42977  -29.621  -39.644  62.677 0.6999999881
42967  -30.126  -39.998  63.085 0.6999999881
49402  -38.597  -33.024  70.876 1.0000000000
139624  -39.010  -32.719  71.296 1.0000000000
43019  -25.806  -39.244  60.737 0.4000000060
42994  -26.589  -39.157  61.243 0.4000000060
144973  -26.936  -39.290  61.847 0.5000000000
42976  -28.288  -39.354  62.103 0.5000000000
137836  -29.068  -39.445  62.189 0.6000000238
42978  -30.363  -39.601  62.539 0.6999999881
42979  -31.192  -39.567  62.373 0.6999999881
145061  -31.680  -39.919  62.808 0.6999999881
50282  -39.016  -31.884  70.486 1.0000000000
43021  -27.264  -39.041  59.765 0.4000000060
44039  -28.012  -38.655  59.957 0.4000000060
44040  -28.892  -38.551  60.035 0.4000000060
43023  -29.298  -38.926  60.925 0.6000000238
131570  -30.183  -38.848  61.055 0.6000000238
42999  -31.537  -39.136  61.618 0.6999999881
49415  -38.462  -32.394  70.292 1.0000000000
50296  -38.051  -31.779  69.430 1.0000000000
44062  -27.963  -39.020  58.611 0.2000000030
44064  -29.547  -38.391  59.239 0.3000000119
136532  -30.435  -38.314  59.607 0.4000000060
44042  -31.337  -38.402  59.973 0.5000000000
43025  -31.909  -38.772  60.792 0.6999999881
43026  -32.815  -38.791  60.756 0.6000000238
48511  -34.641  -33.599  66.966 1.0000000000
48504  -36.284  -33.161  68.795 1.0000000000
125304  -36.624  -32.445  68.379 1.0000000000
50309  -37.775  -31.408  68.378 1.0000000000
44083  -32.454  -38.444  58.147 0.3000000119
44066  -31.934  -38.344  59.026 0.4000000060
44043  -32.351  -38.498  59.958 0.6000000238
48512  -35.240  -33.101  67.413 1.0000000000
49443  -35.715  -32.511  66.919 1.0000000000
49434  -36.428  -32.178  67.347 1.0000000000
49435  -37.118  -31.831  67.835 1.0000000000
50323  -37.584  -31.174  67.321 1.0000000000
44098  -32.912  -38.762  57.719 0.3000000119
44084  -33.332  -38.543  58.266 0.3000000119
44068  -33.745  -38.505  59.168 0.4000000060
44067  -32.847  -38.435  59.092 0.4000000060
47670  -33.613  -34.863  65.049 1.0000000000
47663  -33.936  -34.203  65.542 1.0000000000
48522  -34.569  -33.634  66.051 1.0000000000
48523  -35.129  -33.038  66.474 1.0000000000
49453  -35.726  -32.589  65.972 1.0000000000
49444  -36.345  -32.096  66.400 1.0000000000
50322  -36.898  -31.564  66.874 1.0000000000
136707  -33.697  -34.912  64.401 1.0000000000
47671  -33.934  -34.160  64.620 1.0000000000
48532  -34.378  -33.617  65.267 1.0000000000
48533  -35.050  -33.094  65.570 1.0000000000
46852  -34.120  -35.535  63.297 1.0000000000
47686  -33.936  -34.656  63.739 1.0000000000
48544  -34.767  -33.222  64.593 1.0000000000
46857  -34.264  -35.662  62.536 1.0000000000
135559  -34.447  -36.008  61.886 0.8999999762
45962  -34.934  -36.339  61.489 0.8000000119
41706  -22.556  -40.532  80.249 0.4000000060
133994  -33.653  -32.311  73.332 0.2000000030
49361  -33.347  -31.907  74.639 0.2000000030
48472  -33.013  -33.276  72.738 0.1000000015
49376  -33.385  -32.785  72.830 0.1000000015
50242  -33.966  -31.626  73.807 0.3000000119
50233  -34.051  -30.484  75.372 0.3000000119
51275  -34.251  -29.975  75.817 0.3000000119
120659  -32.869  -33.609  71.741 0.1000000015
49388  -33.264  -32.842  71.880 0.1000000015
137111  -33.603  -32.438  72.428 0.1000000015
47629  -32.044  -34.660  70.677 0.1000000015
48479  -33.068  -33.127  70.967 0.1000000015
50226  -35.735  -30.372  76.043 0.6999999881
44894  -27.396  -37.560  73.468 0.2000000030
50236  -37.584  -31.082  74.441 0.6999999881
45840  -30.638  -36.926  70.322 0.1000000015
126672  -31.315  -35.521  69.541 0.1000000015
50244  -38.333  -31.662  73.670 0.8000000119
45837  -27.594  -36.778  70.339 0.1000000015
134050  -29.779  -36.976  69.355 0.1000000015
49378  -39.213  -32.167  72.305 0.8999999762
50246  -39.432  -31.506  72.713 0.8999999762
49391  -39.297  -32.198  71.700 1.0000000000
49403  -39.272  -32.114  71.070 1.0000000000
50297  -38.740  -31.522  69.753 1.0000000000
50310  -38.416  -31.014  68.842 1.0000000000
50324  -38.313  -30.847  67.762 1.0000000000
49454  -36.236  -32.038  65.560 1.0000000000
50334  -37.485  -31.130  66.410 1.0000000000
49461  -35.527  -32.492  65.094 1.0000000000
47698  -33.985  -34.819  62.922 1.0000000000
48543  -34.324  -33.809  63.957 1.0000000000
48557  -34.804  -33.193  63.658 1.0000000000
49462  -36.068  -31.894  64.743 1.0000000000
50353  -37.182  -30.974  64.835 0.8999999762
142410  -34.014  -34.912  62.308 1.0000000000
48556  -34.285  -33.959  63.258 1.0000000000
48572  -34.691  -33.265  62.888 0.8999999762
127481  -35.210  -32.572  63.260 0.8999999762
49471  -36.067  -31.816  64.085 0.8999999762
134234  -34.084  -35.377  61.775 0.8000000119
129197  -34.194  -34.038  62.435 0.8999999762
48571  -34.516  -33.179  62.186 0.8000000119
49481  -34.941  -32.608  62.555 0.8999999762
50357  -35.743  -31.887  63.488 0.8999999762
48584  -34.055  -33.730  61.617 0.8000000119
50243  -34.285  -30.865  74.214 0.2000000030
52327  -34.657  -29.388  75.406 0.2000000030
50254  -33.947  -31.913  72.593 0.1000000015
50255  -34.511  -31.291  72.918 0.1000000015
128165  -34.962  -30.412  73.214 0.1000000015
52318  -34.575  -29.414  76.101 0.2000000030
52319  -34.907  -28.803  76.118 0.3000000119
144217  -35.888  -29.574  76.433 0.5000000000
53308  -36.353  -27.953  76.015 0.4000000060
122959  -37.254  -29.653  75.029 0.6999999881
52321  -36.863  -28.843  75.702 0.4000000060
132779  -37.922  -30.107  74.282 0.6999999881
51282  -38.693  -30.441  73.631 0.6999999881
50256  -39.641  -31.594  72.081 1.0000000000
50269  -39.644  -31.544  71.435 1.0000000000
51291  -40.106  -30.900  71.798 1.0000000000
50298  -39.306  -31.131  69.997 1.0000000000
51296  -39.814  -30.625  70.266 0.8999999762
50311  -38.996  -30.630  69.216 1.0000000000
51306  -39.643  -30.326  69.466 0.8999999762
51317  -38.960  -30.493  68.177 1.0000000000
50335  -38.128  -30.659  66.852 1.0000000000
50333  -36.864  -31.593  65.991 1.0000000000
50343  -37.358  -31.103  65.639 1.0000000000
50344  -38.040  -30.726  66.043 1.0000000000
51355  -37.829  -30.587  65.284 0.8999999762
50352  -36.571  -31.419  64.405 0.8999999762
51366  -37.652  -30.465  64.467 0.8999999762
50358  -36.379  -31.405  63.681 0.8999999762
50359  -37.014  -30.859  63.948 0.8999999762
136932  -37.523  -30.347  63.745 0.8999999762
50367  -36.093  -31.344  62.864 0.8999999762
51377  -36.674  -30.963  63.281 0.8999999762
51387  -36.637  -30.727  62.664 0.8999999762
49480  -34.742  -32.551  61.974 0.8999999762
50375  -35.550  -31.499  61.965 0.8999999762
51396  -35.983  -30.828  61.431 0.8999999762
50383  -34.602  -31.792  60.285 0.8000000119
50384  -35.386  -31.349  60.972 0.8000000119
51281  -34.449  -30.041  74.714 0.2000000030
52328  -34.813  -28.799  76.034 0.2000000030
52336  -35.058  -29.431  74.145 0.1000000015
53316  -35.339  -28.174  76.060 0.1000000015
54370  -35.875  -27.675  75.884 0.3000000119
53317  -37.254  -27.969  75.527 0.3000000119
53318  -38.039  -28.067  74.725 0.4000000060
52337  -38.428  -29.710  73.896 0.8000000119
122866  -39.160  -29.856  73.368 0.6000000238
52345  -39.894  -29.996  72.665 0.6999999881
52338  -40.355  -29.225  72.558 0.6000000238
51288  -40.434  -30.244  72.108 0.8999999762
52346  -40.905  -29.430  71.973 0.8000000119
135885  -40.378  -30.073  70.524 0.8000000119
127965  -40.875  -29.505  70.689 0.8000000119
51307  -40.215  -29.919  69.707 0.8999999762
51332  -40.146  -29.760  68.021 0.8999999762
51319  -40.135  -29.720  68.890 0.8999999762
51330  -38.853  -30.339  67.264 1.0000000000
51331  -39.577  -30.108  67.597 1.0000000000
51345  -39.434  -30.026  66.882 1.0000000000
51356  -38.537  -30.275  65.699 0.8999999762
51357  -39.198  -29.915  66.147 0.8999999762
51367  -38.321  -30.123  64.896 0.8999999762
51379  -38.071  -29.945  64.042 0.8999999762
51378  -37.135  -30.519  63.198 0.8999999762
52412  -37.695  -29.883  63.078 0.8999999762
50376  -36.148  -30.943  62.177 0.8999999762
51388  -37.120  -30.220  62.455 0.8999999762
51397  -36.556  -30.451  61.893 0.8999999762
50388  -34.040  -31.897  59.316 0.6999999881
144723  -35.270  -31.120  60.224 0.6999999881
51412  -36.488  -30.186  60.933 0.8999999762
51421  -35.633  -30.665  59.663 0.8000000119
51422  -36.223  -30.291  60.121 0.8999999762
54380  -35.986  -27.566  75.705 0.1000000015
139846  -37.546  -27.346  75.285 0.3000000119
54383  -37.557  -26.669  75.180 0.2000000030
53319  -38.839  -27.715  74.291 0.5000000000
54384  -38.368  -26.610  74.755 0.2000000030
53336  -40.091  -28.288  73.047 0.5000000000
54395  -39.982  -27.189  73.495 0.5000000000
54406  -40.670  -27.575  72.696 0.5000000000
52347  -41.187  -29.128  71.198 0.8000000119
53347  -41.404  -28.551  71.673 0.6999999881
52363  -40.795  -29.470  69.122 0.8999999762
52360  -41.456  -28.880  70.247 0.8999999762
52370  -40.691  -29.385  68.394 0.8999999762
52371  -41.217  -29.072  68.645 0.8999999762
52377  -40.114  -29.821  67.219 1.0000000000
52378  -40.660  -29.355  67.663 1.0000000000
52394  -38.988  -29.766  65.349 0.8999999762
52395  -39.662  -29.457  65.796 0.8999999762
52387  -40.607  -29.337  66.930 1.0000000000
52403  -39.462  -29.152  64.958 0.8999999762
52402  -38.725  -29.550  64.516 0.8999999762
52414  -39.066  -29.017  64.202 0.8999999762
51398  -37.049  -29.883  61.615 0.8999999762
52422  -37.522  -29.716  62.165 0.8999999762
52435  -37.681  -29.348  61.237 0.8999999762
52452  -36.883  -29.820  60.008 0.8999999762
51413  -37.083  -29.627  60.807 0.8999999762
50393  -35.133  -30.877  58.812 0.6999999881
51431  -36.307  -30.185  59.387 0.8999999762
52475  -36.978  -29.808  59.048 0.8999999762
51442  -36.256  -29.983  57.666 0.8000000119
122586  -37.029  -29.789  58.133 0.8000000119
125129  -35.260  -28.772  75.118 0.1000000015
55367  -41.173  -26.757  72.546 0.4000000060
55376  -41.889  -27.098  71.799 0.5000000000
54417  -41.889  -27.847  71.459 0.6000000238
53374  -41.836  -28.473  69.391 0.8999999762
53365  -42.138  -28.052  70.111 0.8000000119
52388  -41.277  -28.798  67.420 0.8999999762
53384  -41.539  -28.660  68.201 0.8999999762
52404  -40.049  -28.965  65.537 0.8999999762
53423  -39.533  -28.632  64.332 0.8999999762
52413  -38.498  -29.244  63.494 0.8999999762
53435  -38.760  -28.691  62.665 0.8999999762
52423  -38.139  -29.189  62.260 0.8999999762
52436  -38.348  -28.946  61.204 0.8999999762
52453  -37.637  -29.480  60.249 0.8999999762
52454  -38.408  -29.137  60.277 0.8999999762
52465  -37.644  -29.570  59.482 0.8999999762
52476  -37.761  -29.630  58.666 0.8999999762
52497  -36.153  -29.715  56.795 0.8000000119
51451  -35.329  -29.984  56.314 0.6999999881
52498  -36.896  -29.398  56.442 0.6999999881
122474  -36.950  -29.595  57.287 0.8000000119
52508  -36.362  -28.949  55.154 0.6000000238
135434  -35.581  -29.320  55.005 0.5000000000
54425  -42.193  -27.814  70.852 0.6000000238
53385  -42.046  -28.141  68.597 0.8999999762
54432  -42.576  -27.371  69.591 0.8999999762
53394  -41.886  -28.172  67.713 0.8999999762
53413  -40.606  -28.541  65.809 0.8999999762
53424  -40.105  -28.406  64.916 0.8999999762
53437  -39.899  -28.048  63.910 0.8999999762
53436  -39.251  -28.512  63.446 0.8999999762
53470  -39.022  -28.608  60.671 0.8999999762
53449  -38.797  -28.529  61.686 0.8999999762
52466  -38.403  -29.550  59.151 0.8999999762
121301  -37.853  -29.566  57.708 0.8000000119
52509  -36.963  -29.080  55.696 0.8000000119
138320  -37.536  -29.382  56.895 0.8000000119
53522  -37.005  -28.644  55.133 0.6999999881
55409  -42.943  -26.790  69.150 0.8000000119
54426  -42.495  -27.306  70.392 0.6999999881
54451  -42.142  -27.460  66.897 0.8999999762
131086  -42.319  -27.445  68.001 0.8999999762
54457  -41.431  -27.373  65.705 0.8999999762
54463  -40.499  -27.591  64.322 0.8999999762
54470  -40.424  -27.474  63.262 0.8999999762
53451  -39.888  -27.894  62.893 0.8999999762
53471  -39.530  -28.187  61.224 0.8999999762
53490  -39.786  -28.563  60.416 0.8999999762
52455  -39.305  -29.103  59.872 0.8999999762
52456  -40.175  -29.335  59.863 0.8999999762
134067  -38.898  -29.382  59.517 0.8999999762
124121  -39.120  -29.664  59.078 0.8999999762
52477  -38.528  -29.588  58.494 0.8999999762
52478  -39.713  -29.672  58.786 0.8000000119
52488  -38.754  -29.451  57.728 0.8999999762
138777  -39.086  -29.189  57.101 0.8000000119
53515  -38.278  -28.920  56.041 0.6999999881
52500  -39.049  -28.834  56.287 0.8000000119
53523  -37.757  -28.715  55.425 0.6999999881
53524  -38.656  -28.480  55.505 0.6999999881
53536  -36.632  -28.561  54.553 0.4000000060
53537  -37.424  -28.326  54.635 0.6000000238
53538  -38.277  -28.152  54.738 0.6999999881
54547  -38.701  -27.780  53.996 0.6999999881
54556  -37.530  -27.965  53.207 0.5000000000
54557  -38.244  -27.828  53.383 0.5000000000
54578  -37.761  -27.909  51.815 0.5000000000
127450  -37.782  -27.708  51.012 0.3000000119
55420  -42.773  -26.775  68.437 0.8000000119
55432  -42.386  -26.826  67.007 0.8000000119
144203  -42.343  -27.277  67.357 0.8999999762
55441  -41.973  -26.872  66.211 0.8999999762
55452  -41.698  -26.650  65.177 0.8999999762
142105  -40.470  -27.539  62.361 0.8999999762
133362  -40.046  -27.810  61.836 0.8999999762
131124  -41.133  -27.116  62.340 0.8999999762
55485  -44.415  -27.010  62.510 0.8999999762
54487  -45.085  -27.842  62.419 0.8999999762
53472  -40.294  -28.110  60.965 0.8999999762
54483  -40.810  -27.657  61.547 0.8999999762
54486  -44.374  -28.024  62.023 0.8000000119
52437  -43.686  -29.411  61.161 0.8000000119
53476  -44.402  -29.029  61.651 0.8000000119
53452  -45.166  -28.718  62.162 0.8000000119
139236  -40.478  -29.534  59.614 0.8999999762
52438  -44.516  -30.031  61.335 0.8000000119
53477  -45.191  -29.532  61.811 0.8000000119
52468  -40.371  -29.674  59.141 0.8000000119
52459  -43.127  -29.777  60.657 0.8000000119
52460  -43.826  -30.166  60.840 0.8000000119
51414  -44.416  -30.497  60.730 0.8000000119
52489  -39.600  -29.404  57.811 0.8000000119
126532  -43.603  -30.328  60.224 0.8000000119
51415  -45.478  -30.846  60.326 0.6999999881
53525  -39.389  -28.406  55.603 0.6999999881
52501  -39.758  -28.995  56.878 0.8000000119
51432  -43.996  -30.479  59.345 0.8000000119
129338  -44.409  -30.474  58.591 0.6999999881
51433  -45.316  -30.995  59.036 0.6999999881
53539  -39.286  -27.995  54.794 0.6999999881
52483  -44.382  -30.204  57.815 0.6999999881
138557  -45.188  -30.656  58.181 0.6999999881
52494  -44.441  -30.251  56.865 0.6999999881
51443  -45.420  -30.713  57.398 0.6999999881
54567  -38.185  -27.941  52.520 0.5000000000
124731  -38.133  -27.410  50.105 0.3000000119
54606  -37.484  -27.532  49.487 0.3000000119
54665  -39.138  -26.918  45.917 0.3000000119
54673  -40.079  -26.828  44.111 0.3000000119
124811  -41.382  -27.119  43.299 0.3000000119
56321  -42.631  -26.052  67.358 0.6999999881
58219  -46.461  -23.044  65.433 0.3000000119
132452  -42.186  -26.250  65.491 0.8999999762
58230  -47.068  -23.790  64.966 0.5000000000
55464  -41.613  -26.449  64.027 0.8999999762
55453  -42.134  -26.029  64.546 0.8999999762
57273  -44.603  -24.853  63.861 0.6999999881
57263  -45.496  -24.419  64.222 0.6999999881
56346  -46.385  -25.116  63.999 0.6999999881
55482  -41.749  -26.540  62.880 0.8999999762
55465  -42.330  -26.122  63.461 0.8999999762
55467  -44.005  -26.027  62.952 0.8999999762
55468  -44.982  -26.331  63.009 0.8000000119
140733  -45.473  -25.890  63.363 0.8999999762
57264  -46.642  -24.463  64.459 0.5000000000
57265  -47.673  -24.665  64.653 0.4000000060
54503  -41.604  -27.587  61.412 0.8999999762
54484  -42.029  -27.010  62.033 0.8999999762
55466  -43.156  -25.975  63.130 0.8999999762
55484  -43.397  -26.648  62.577 0.8999999762
55486  -45.505  -27.219  62.832 0.8999999762
55469  -46.914  -26.834  63.852 0.8999999762
145519  -46.901  -25.628  64.055 0.8000000119
53491  -40.581  -28.703  60.378 0.8999999762
53473  -41.106  -28.123  60.822 0.8999999762
54504  -42.450  -27.797  61.402 0.8999999762
54485  -42.913  -27.263  62.107 0.8999999762
140964  -43.688  -27.428  62.158 0.8999999762
54472  -46.489  -27.522  63.380 0.8000000119
53492  -41.489  -29.037  60.409 0.8999999762
53474  -41.976  -28.443  60.831 0.8999999762
53475  -42.841  -28.876  60.992 0.8000000119
54505  -43.489  -28.226  61.559 0.8000000119
53453  -45.903  -29.309  62.316 0.8000000119
52457  -40.965  -29.377  59.959 0.8000000119
52469  -41.179  -29.648  59.413 0.8000000119
52458  -41.816  -29.559  59.972 0.8000000119
53493  -42.335  -29.383  60.486 0.8000000119
123581  -45.360  -30.117  61.558 0.8000000119
140704  -45.814  -29.894  61.915 0.8000000119
52479  -40.354  -29.537  58.322 0.8000000119
123712  -40.922  -29.608  58.718 0.8000000119
52480  -41.601  -29.731  58.717 0.8000000119
52470  -42.079  -29.897  59.461 0.8000000119
120661  -42.640  -29.966  60.081 0.8000000119
51399  -45.265  -30.516  61.127 0.8000000119
52439  -46.179  -30.459  61.530 0.6999999881
52490  -40.407  -29.188  57.436 0.8000000119
52491  -41.153  -29.385  57.939 0.8000000119
52481  -42.444  -29.820  58.694 0.8000000119
52471  -42.964  -30.170  59.505 0.8000000119
135561  -46.163  -30.818  60.835 0.6999999881
53516  -39.903  -28.618  56.083 0.8000000119
53517  -40.521  -28.806  56.624 0.8000000119
52492  -42.686  -29.485  57.774 0.6999999881
52482  -43.469  -29.957  58.456 0.6999999881
51434  -46.727  -31.364  58.766 0.6999999881
51424  -46.181  -31.226  59.535 0.6999999881
122015  -40.067  -28.229  55.315 0.6999999881
129316  -42.784  -29.359  56.772 0.6999999881
52493  -43.521  -29.790  57.340 0.6999999881
53552  -39.591  -27.917  53.808 0.5000000000
53561  -39.834  -28.232  52.859 0.5000000000
52503  -43.692  -29.588  56.379 0.6999999881
123597  -39.397  -28.042  51.323 0.4000000060
54568  -39.171  -28.137  52.219 0.5000000000
52511  -43.849  -29.482  55.437 0.6999999881
52512  -44.642  -30.046  55.036 0.6999999881
54579  -38.506  -27.956  51.618 0.4000000060
54593  -38.751  -27.691  50.748 0.3000000119
54607  -38.506  -27.557  49.086 0.3000000119
54642  -38.461  -27.523  47.465 0.3000000119
125513  -39.379  -27.375  47.450 0.3000000119
121610  -46.985  -25.380  46.127 0.3000000119
54657  -39.626  -27.105  46.734 0.3000000119
55639  -39.725  -26.667  45.149 0.3000000119
55631  -41.334  -26.249  45.352 0.3000000119
126636  -42.353  -26.395  44.373 0.3000000119
55642  -43.152  -26.313  44.344 0.3000000119
58220  -47.470  -23.169  65.545 0.3000000119
58231  -48.028  -23.975  65.097 0.3000000119
56355  -44.672  -25.568  63.381 0.8999999762
56347  -47.242  -25.298  64.316 0.6000000238
56348  -48.161  -25.623  64.584 0.6000000238
58232  -48.779  -23.957  65.086 0.4000000060
131416  -47.577  -26.973  64.283 0.8000000119
55470  -48.104  -26.607  64.482 0.6999999881
54473  -47.467  -27.663  63.986 0.8000000119
53454  -46.804  -29.264  62.790 0.8000000119
52424  -46.537  -29.982  62.211 0.8000000119
52425  -47.524  -29.940  62.377 0.8000000119
52440  -47.319  -30.589  61.660 0.8000000119
53510  -41.049  -29.033  57.111 0.8000000119
139034  -41.988  -29.457  58.055 0.8000000119
124732  -46.822  -31.355  60.178 0.6999999881
51400  -47.175  -31.123  60.906 0.6999999881
53526  -40.689  -28.485  55.856 0.6999999881
53518  -41.332  -28.747  56.417 0.8000000119
52502  -41.841  -29.247  57.159 0.6999999881
51416  -48.159  -31.532  60.108 0.6999999881
134070  -40.254  -28.063  54.445 0.6999999881
53540  -40.913  -28.286  55.013 0.6999999881
53541  -41.795  -28.611  54.594 0.6999999881
53528  -42.376  -28.815  55.274 0.6999999881
134071  -46.499  -31.281  58.025 0.6999999881
122759  -47.726  -31.489  59.206 0.6999999881
53553  -40.500  -28.271  53.530 0.6999999881
131572  -41.464  -28.637  53.328 0.6000000238
53542  -42.283  -28.894  53.780 0.6999999881
137114  -42.551  -28.944  54.493 0.6999999881
52521  -43.126  -29.185  54.902 0.6999999881
51452  -45.489  -30.633  56.498 0.6999999881
51435  -47.755  -31.453  58.271 0.6999999881
53562  -40.762  -28.467  52.657 0.5000000000
53563  -41.612  -28.690  52.426 0.5000000000
53564  -42.362  -28.935  52.153 0.6999999881
52540  -42.994  -29.278  53.279 0.6999999881
52531  -43.815  -29.600  53.662 0.6999999881
51460  -45.487  -30.566  55.648 0.6999999881
51453  -46.530  -31.103  56.192 0.6999999881
51444  -46.641  -31.185  57.047 0.6999999881
54594  -39.601  -27.987  50.496 0.4000000060
54580  -40.100  -28.280  50.994 0.4000000060
53590  -40.926  -28.566  51.053 0.5000000000
53575  -41.063  -28.502  51.904 0.5000000000
53577  -42.510  -28.922  51.367 0.6999999881
53565  -43.099  -29.234  51.968 0.6999999881
52550  -43.874  -29.416  51.841 0.6999999881
52532  -44.567  -29.855  53.415 0.6999999881
52523  -45.428  -30.404  54.022 0.6999999881
51470  -46.340  -30.853  54.768 0.6999999881
54595  -40.418  -28.275  50.325 0.5000000000
53579  -44.160  -29.146  50.944 0.6000000238
52543  -45.169  -29.536  52.428 0.6999999881
131740  -45.816  -29.520  52.680 0.6999999881
52534  -46.550  -29.871  53.339 0.6999999881
137938  -39.251  -27.677  49.387 0.4000000060
54608  -39.854  -27.894  49.658 0.4000000060
134240  -44.743  -28.721  50.441 0.6000000238
121096  -45.994  -28.577  51.037 0.6999999881
53581  -46.628  -28.656  51.759 0.6999999881
54624  -38.993  -27.508  48.205 0.3000000119
54643  -39.922  -27.504  48.217 0.4000000060
54626  -40.800  -27.603  48.308 0.4000000060
53595  -45.437  -28.462  50.357 0.6000000238
53596  -46.270  -28.101  50.255 0.6000000238
53597  -46.896  -28.178  50.967 0.6000000238
54644  -40.391  -27.268  47.470 0.3000000119
54645  -41.337  -27.376  47.722 0.3000000119
54646  -42.254  -27.438  47.776 0.4000000060
55622  -43.082  -26.473  46.466 0.3000000119
128308  -43.828  -26.316  46.325 0.3000000119
56504  -48.154  -25.071  46.442 0.3000000119
57436  -48.822  -24.945  46.887 0.3000000119
55619  -40.458  -26.807  46.594 0.3000000119
55620  -41.340  -26.597  46.346 0.3000000119
55633  -43.438  -26.140  45.704 0.3000000119
55623  -44.537  -26.348  46.619 0.3000000119
56502  -45.284  -25.889  46.153 0.3000000119
121364  -48.173  -25.382  47.163 0.3000000119
57432  -49.932  -25.069  48.108 0.3000000119
55629  -39.845  -26.647  46.044 0.3000000119
55632  -42.628  -26.258  45.777 0.3000000119
56513  -43.734  -25.977  44.942 0.3000000119
57439  -51.236  -24.280  47.939 0.3000000119
58392  -51.945  -23.913  48.211 0.3000000119
59161  -47.793  -22.543  66.116 0.4000000060
58221  -48.263  -23.254  65.526 0.4000000060
135137  -49.029  -25.361  64.712 0.6999999881
58222  -48.933  -23.109  65.307 0.4000000060
128305  -48.002  -27.310  64.380 0.6999999881
54474  -48.332  -27.889  64.045 0.6999999881
56358  -49.859  -25.841  63.180 0.6999999881
57275  -50.305  -24.326  63.563 0.5000000000
57282  -50.445  -24.817  62.725 0.6000000238
53455  -47.834  -29.122  63.120 0.8000000119
54475  -49.016  -28.239  63.313 0.6999999881
54476  -49.365  -27.420  63.158 0.5000000000
135796  -50.515  -25.363  61.804 0.4000000060
57294  -50.839  -24.263  61.626 0.6999999881
52442  -49.217  -30.440  61.592 0.6999999881
52426  -48.483  -29.806  62.311 0.6999999881
52443  -49.471  -29.975  61.424 0.6999999881
51402  -49.213  -31.130  61.023 0.6999999881
51401  -48.384  -31.236  60.920 0.6999999881
121011  -48.420  -31.208  58.605 0.6999999881
51425  -48.790  -31.372  59.413 0.6999999881
51446  -48.158  -31.093  57.230 0.6999999881
53576  -41.731  -28.697  51.603 0.6000000238
130277  -48.041  -31.063  55.400 0.6999999881
51454  -47.733  -31.249  56.572 0.6999999881
53578  -43.285  -29.148  51.166 0.6999999881
51471  -47.148  -30.921  54.790 0.6999999881
53591  -41.872  -28.677  50.767 0.5000000000
53610  -42.187  -28.489  49.885 0.6000000238
53593  -43.448  -28.847  50.395 0.5000000000
53594  -44.158  -28.672  50.094 0.5000000000
52544  -46.523  -29.233  52.482 0.6999999881
52545  -47.480  -29.416  52.997 0.6999999881
54625  -40.319  -27.754  48.954 0.4000000060
54609  -40.737  -28.074  49.597 0.4000000060
54610  -41.519  -28.146  49.389 0.4000000060
54611  -42.212  -28.158  49.126 0.4000000060
140985  -42.938  -28.659  49.946 0.4000000060
53613  -44.884  -28.389  49.787 0.6000000238
53566  -47.226  -28.817  52.334 0.6999999881
53626  -42.787  -27.896  48.518 0.4000000060
53627  -43.556  -28.188  48.943 0.4000000060
54628  -44.243  -27.958  48.715 0.4000000060
120597  -45.869  -27.706  48.988 0.4000000060
54596  -47.084  -27.684  50.171 0.5000000000
54597  -47.745  -27.759  50.917 0.6000000238
54647  -43.194  -27.388  47.716 0.4000000060
55613  -44.622  -26.823  47.405 0.3000000119
54629  -45.611  -27.386  48.412 0.3000000119
54630  -46.501  -27.228  48.704 0.3000000119
54614  -47.200  -27.285  49.377 0.4000000060
122028  -47.967  -27.306  50.045 0.5000000000
55624  -45.365  -26.391  47.022 0.3000000119
55615  -46.982  -26.195  47.571 0.3000000119
56493  -48.496  -25.896  48.429 0.3000000119
56494  -49.511  -25.566  48.802 0.3000000119
57433  -50.862  -24.753  48.494 0.3000000119
59343  -53.699  -22.594  48.960 0.3000000119
57423  -52.720  -24.397  50.476 0.3000000119
58367  -54.275  -22.835  51.218 0.3000000119
58379  -54.729  -22.141  50.365 0.3000000119
58352  -53.913  -22.986  51.782 0.3000000119
143432  -54.458  -21.880  51.030 0.3000000119
59341  -50.964  -22.244  49.052 0.3000000119
53457  -49.272  -28.849  62.542 0.6000000238
55487  -49.846  -26.539  62.294 0.6000000238
56368  -50.321  -25.886  61.010 0.6999999881
58266  -50.670  -23.561  61.596 0.6000000238
58253  -50.876  -22.952  61.949 0.4000000060
53478  -49.454  -28.891  61.561 0.6000000238
56367  -49.819  -25.101  60.751 0.6999999881
124440  -50.247  -24.258  61.133 0.6999999881
51403  -49.433  -30.595  61.022 0.6000000238
52462  -49.564  -29.751  60.976 0.6000000238
58251  -48.646  -22.977  62.052 0.6000000238
51417  -49.048  -31.358  60.260 0.6999999881
52461  -49.355  -30.407  60.525 0.6000000238
135365  -49.340  -29.507  60.674 0.6999999881
52472  -48.753  -31.134  59.079 0.6999999881
51426  -49.141  -31.022  59.833 0.6999999881
137868  -49.072  -29.970  60.155 0.6999999881
51436  -48.291  -31.259  57.913 0.6999999881
52485  -48.408  -31.029  58.346 0.6999999881
132070  -48.832  -30.556  59.538 0.6000000238
51473  -48.706  -30.755  55.519 0.6999999881
52535  -49.242  -29.745  54.708 0.6999999881
51472  -48.100  -30.642  54.717 0.6999999881
53568  -49.141  -28.624  53.305 0.6999999881
52546  -48.615  -29.368  53.738 0.6999999881
54582  -49.145  -27.760  51.996 0.6999999881
53583  -48.662  -28.270  52.316 0.6999999881
53567  -48.126  -28.819  52.697 0.6999999881
54598  -48.684  -27.397  51.039 0.6000000238
55590  -49.172  -26.462  50.051 0.3000000119
54615  -48.404  -26.714  49.620 0.4000000060
55591  -50.136  -26.263  50.623 0.5000000000
56489  -49.739  -25.935  49.740 0.3000000119
56490  -51.527  -25.300  50.673 0.3000000119
56491  -52.428  -24.798  50.981 0.3000000119
57401  -53.319  -24.112  51.984 0.3000000119
58351  -53.364  -23.213  52.080 0.3000000119
58365  -51.836  -23.033  51.091 0.3000000119
59333  -51.835  -22.429  50.157 0.3000000119
59332  -50.492  -23.053  49.676 0.4000000060
55497  -49.936  -26.848  61.311 0.6999999881
54506  -49.601  -27.612  61.179 0.6999999881
55513  -49.847  -26.571  60.828 0.6999999881
54522  -49.343  -27.383  60.774 0.6999999881
55512  -49.173  -26.358  60.563 0.8000000119
57293  -49.142  -24.286  60.896 0.6999999881
53494  -48.814  -28.497  60.484 0.6999999881
55511  -48.520  -27.194  60.449 0.8000000119
56384  -48.297  -25.822  60.499 0.6999999881
57292  -47.753  -24.350  61.002 0.6999999881
58264  -46.897  -23.768  61.862 0.6000000238
53502  -48.050  -29.141  59.808 0.6000000238
55510  -47.395  -26.219  60.275 0.8999999762
56383  -47.291  -25.575  60.469 0.8999999762
57290  -45.141  -24.157  61.321 0.8000000119
58263  -45.671  -23.685  61.956 0.6000000238
53506  -47.668  -29.870  58.415 0.6999999881
53507  -48.223  -30.342  59.070 0.6000000238
54530  -47.049  -27.924  59.589 0.8000000119
56399  -46.476  -26.027  60.020 0.8999999762
56382  -46.219  -25.432  60.314 0.8999999762
57307  -45.749  -24.823  60.740 0.8999999762
52484  -48.125  -30.685  57.596 0.6999999881
53512  -46.933  -29.233  57.750 0.6999999881
53505  -46.564  -28.471  58.623 0.6999999881
54536  -45.702  -27.610  58.277 0.8999999762
55532  -45.350  -26.874  58.741 0.8999999762
51456  -48.754  -30.670  56.097 0.6999999881
52513  -48.172  -30.180  56.505 0.6999999881
53520  -46.176  -28.499  57.115 0.6999999881
54539  -45.462  -27.744  57.453 0.8000000119
54535  -44.951  -27.160  57.960 0.8999999762
52516  -49.280  -29.508  55.265 0.6999999881
52515  -49.048  -30.192  55.774 0.6999999881
53531  -48.127  -29.376  55.838 0.6999999881
53530  -47.114  -29.185  56.088 0.6999999881
53556  -49.675  -28.506  54.378 0.6999999881
53532  -48.973  -29.464  55.562 0.6999999881
54569  -49.616  -28.012  52.972 0.6999999881
53569  -50.016  -28.269  53.952 0.6999999881
54553  -49.870  -28.048  54.391 0.6999999881
54583  -49.644  -27.240  51.796 0.5000000000
54570  -50.425  -27.511  53.574 0.5000000000
54560  -50.332  -27.533  54.092 0.6999999881
55583  -50.537  -26.467  51.640 0.5000000000
132843  -50.609  -25.777  50.362 0.4000000060
56471  -52.306  -25.126  53.078 0.4000000060
57381  -52.913  -24.184  52.818 0.3000000119
58339  -53.214  -23.861  52.664 0.3000000119
58349  -50.562  -23.650  50.833 0.4000000060
125545  -48.949  -23.788  49.605 0.4000000060
58262  -44.685  -23.400  61.712 0.8999999762
58248  -45.169  -22.913  62.469 0.6999999881
56381  -45.114  -25.212  60.270 1.0000000000
129416  -44.609  -24.529  60.770 0.8999999762
59195  -44.541  -22.702  61.771 0.6999999881
55520  -45.014  -26.220  59.190 0.8999999762
56397  -44.564  -25.557  59.696 1.0000000000
57306  -43.727  -24.256  60.725 0.8999999762
58276  -43.513  -23.762  60.740 0.8999999762
59201  -44.238  -22.416  60.950 0.8999999762
53529  -46.213  -28.558  56.316 0.6999999881
54541  -45.399  -27.879  56.596 0.8000000119
56410  -44.105  -25.833  58.984 0.8999999762
56396  -43.480  -25.152  59.677 1.0000000000
56395  -42.633  -24.731  59.375 1.0000000000
58291  -42.978  -23.621  60.212 0.8999999762
124913  -43.592  -22.990  60.605 0.8999999762
53543  -46.272  -28.438  55.560 0.6999999881
54544  -45.462  -27.989  55.646 0.6999999881
54538  -44.666  -27.247  57.057 0.8999999762
55538  -44.216  -26.722  57.719 0.8999999762
55530  -43.713  -26.128  58.244 1.0000000000
54552  -49.527  -27.920  54.517 0.6999999881
53544  -47.092  -28.506  55.325 0.6999999881
54551  -48.590  -27.660  54.633 0.6999999881
54550  -47.376  -27.697  54.595 0.6999999881
54549  -45.995  -27.919  54.680 0.6999999881
55564  -50.918  -26.322  54.082 0.6000000238
55556  -50.118  -27.254  54.263 0.6999999881
138482  -48.673  -26.273  53.867 0.6999999881
55554  -47.841  -26.786  53.982 0.6999999881
55576  -51.554  -26.088  53.497 0.6000000238
56437  -51.288  -25.459  54.007 0.6000000238
132172  -49.918  -25.177  53.442 0.4000000060
57364  -52.213  -25.011  53.260 0.4000000060
56470  -50.255  -24.932  52.982 0.4000000060
57400  -51.143  -23.980  52.024 0.4000000060
57398  -48.795  -24.564  50.823 0.4000000060
57421  -49.306  -24.019  50.332 0.4000000060
57431  -47.089  -24.332  48.985 0.4000000060
58363  -48.384  -23.832  49.140 0.4000000060
60220  -44.052  -21.847  59.163 0.8000000119
56409  -43.118  -25.425  58.823 1.0000000000
58303  -42.204  -23.715  58.723 0.8999999762
59228  -43.467  -22.322  58.754 0.6999999881
54543  -44.708  -27.425  56.066 0.8999999762
55544  -44.122  -26.881  56.411 0.8999999762
56416  -42.829  -25.698  57.980 1.0000000000
58302  -41.571  -24.096  58.160 1.0000000000
125234  -42.850  -22.415  57.365 0.8999999762
59247  -43.622  -21.933  57.781 0.8000000119
54548  -44.790  -27.395  54.946 0.6999999881
55548  -44.212  -26.992  55.680 0.8999999762
55542  -42.691  -26.253  56.179 0.8999999762
132870  -41.695  -25.473  57.022 1.0000000000
58315  -41.205  -23.657  56.404 1.0000000000
59273  -41.788  -22.939  55.846 0.8999999762
54559  -46.522  -27.095  53.862 0.6999999881
55553  -45.324  -27.147  53.954 0.6999999881
55551  -43.398  -26.366  54.324 0.8000000119
56423  -42.004  -25.892  55.699 1.0000000000
57348  -40.791  -24.889  55.287 1.0000000000
58317  -40.688  -24.160  55.062 1.0000000000
59274  -42.500  -22.408  55.337 0.8999999762
55563  -49.763  -26.274  54.163 0.6000000238
56435  -48.984  -25.786  53.601 0.6999999881
55561  -46.894  -26.395  53.279 0.6999999881
55558  -43.990  -26.413  53.612 0.8000000119
56433  -43.168  -25.989  53.401 0.8999999762
57352  -40.912  -25.174  54.561 1.0000000000
57351  -40.663  -24.636  54.613 1.0000000000
59296  -41.624  -22.492  53.813 0.8000000119
59286  -42.299  -22.326  54.512 0.8000000119
56436  -50.237  -25.508  53.964 0.6000000238
56450  -48.050  -25.638  52.965 0.6000000238
143826  -45.769  -25.888  52.460 0.6999999881
56434  -44.216  -26.082  52.956 0.8000000119
56445  -42.473  -25.514  52.742 0.8000000119
57361  -40.788  -24.769  52.848 1.0000000000
59295  -40.703  -23.362  52.896 1.0000000000
134857  -41.100  -22.759  53.233 1.0000000000
122767  -47.215  -25.635  52.310 0.5000000000
56448  -45.379  -25.669  52.167 0.5000000000
56464  -43.851  -25.161  51.855 0.8000000119
138303  -42.246  -24.981  51.550 0.8999999762
123966  -40.809  -24.551  51.893 1.0000000000
59309  -40.524  -23.267  52.057 1.0000000000
57377  -48.224  -25.096  51.509 0.4000000060
56468  -47.265  -25.406  51.686 0.5000000000
57376  -44.943  -25.056  51.112 0.5000000000
140124  -42.875  -24.611  50.492 0.6999999881
57391  -41.214  -24.666  50.493 0.8000000119
57390  -40.676  -24.306  50.178 0.8000000119
143477  -46.110  -25.078  50.454 0.5000000000
57416  -44.206  -24.443  49.801 0.6000000238
57415  -43.192  -24.458  49.801 0.6000000238
139042  -41.329  -24.292  49.010 0.6000000238
57397  -47.750  -24.756  50.312 0.4000000060
57418  -46.498  -24.641  49.418 0.4000000060
58374  -45.192  -24.111  48.430 0.6000000238
137016  -42.907  -24.037  48.189 0.6000000238
57430  -46.448  -24.351  48.775 0.4000000060
134690  -43.606  -21.912  57.012 0.6999999881
60254  -44.167  -21.586  57.111 0.6999999881
59263  -43.092  -22.110  56.539 0.8999999762
60289  -42.995  -21.991  54.959 0.6999999881
59310  -40.901  -22.592  52.565 0.8999999762
60299  -41.622  -22.098  53.096 0.8000000119
60326  -40.692  -22.401  51.735 0.8999999762
57412  -40.619  -23.960  49.368 0.6999999881
59322  -40.317  -23.152  50.308 0.8000000119
59317  -40.433  -23.171  51.175 0.8999999762
58372  -41.794  -23.978  48.323 0.6000000238
58371  -40.356  -23.220  48.796 0.6000000238
136365  -40.343  -22.450  49.807 0.8000000119
58373  -43.878  -23.824  48.075 0.5000000000
58384  -42.154  -23.727  47.532 0.6000000238
59346  -40.654  -22.737  47.446 0.6000000238
58397  -42.506  -23.460  46.740 0.5000000000
59355  -40.393  -21.939  46.928 0.5000000000
60283  -44.327  -21.488  55.679 0.6000000238
143323  -44.583  -21.440  56.253 0.6000000238
59275  -43.326  -21.892  55.719 0.6999999881
121005  -43.046  -21.736  54.285 0.6999999881
60290  -43.646  -21.564  54.926 0.6999999881
59297  -42.358  -21.866  53.706 0.8000000119
120787  -41.462  -21.836  52.262 0.8999999762
61197  -43.129  -20.816  52.222 0.6999999881
133040  -42.279  -21.265  51.816 0.8999999762
61211  -42.855  -20.683  51.370 0.8000000119
60350  -40.907  -21.152  49.741 0.8000000119
60337  -41.137  -21.424  50.529 0.8000000119
59338  -40.367  -22.534  48.258 0.6999999881
60354  -40.361  -21.715  48.352 0.8000000119
138255  -40.325  -22.016  47.672 0.6000000238
61246  -40.353  -20.421  46.877 0.6000000238
59356  -41.585  -22.307  45.833 0.5000000000
60366  -40.425  -21.176  46.503 0.5000000000
62176  -40.852  -19.645  44.932 0.5000000000
63076  -41.452  -18.724  44.076 0.5000000000
64013  -41.803  -18.033  43.750 0.4000000060
60291  -44.366  -21.145  54.853 0.6000000238
61163  -44.876  -21.069  55.404 0.6000000238
123171  -45.165  -20.346  53.989 0.6000000238
134469  -43.060  -21.467  53.575 0.6999999881
60300  -43.802  -21.241  54.027 0.6999999881
61199  -44.808  -20.061  52.907 0.6999999881
61198  -43.959  -20.477  52.531 0.6999999881
62103  -44.977  -19.678  52.167 0.6999999881
61212  -43.619  -20.332  51.697 0.6999999881
62118  -44.761  -19.495  51.339 0.8000000119
62119  -45.539  -19.349  51.875 0.6999999881
60338  -42.010  -21.075  50.971 0.8999999762
61227  -43.331  -20.221  50.891 0.8999999762
62148  -44.163  -19.225  50.056 0.6999999881
61238  -41.455  -20.411  49.343 0.8000000119
62146  -42.487  -19.816  49.320 0.6999999881
62147  -43.448  -19.513  49.682 0.6999999881
128718  -44.723  -18.594  49.657 0.6999999881
63052  -43.740  -18.521  48.433 0.6000000238
62150  -40.785  -19.736  47.770 0.6000000238
63060  -41.720  -18.666  46.972 0.6000000238
63057  -43.423  -17.942  47.223 0.6000000238
62159  -40.683  -19.807  46.385 0.6000000238
63061  -42.265  -18.160  46.513 0.6000000238
64000  -43.191  -17.122  45.678 0.5000000000
61251  -40.659  -20.513  46.013 0.5000000000
63071  -41.175  -18.745  44.977 0.5000000000
64003  -42.304  -17.432  44.283 0.5000000000
63999  -42.365  -17.562  45.243 0.5000000000
64014  -42.219  -17.345  43.364 0.4000000060
64949  -43.462  -16.166  43.322 0.4000000060
64948  -42.700  -16.728  42.891 0.4000000060
65856  -43.759  -15.778  42.611 0.4000000060
61176  -45.833  -20.466  54.801 0.6000000238
61187  -46.136  -20.213  54.130 0.6000000238
62079  -47.344  -20.000  54.624 0.6000000238
61188  -46.773  -20.015  54.188 0.6999999881
62091  -46.393  -19.761  53.381 0.6999999881
62104  -45.580  -19.660  52.707 0.6999999881
63006  -47.657  -18.912  52.596 0.6999999881
63005  -46.927  -18.884  52.156 0.6999999881
63021  -46.882  -18.429  51.376 0.6999999881
63037  -44.787  -19.040  50.517 0.6999999881
63039  -46.190  -18.344  50.739 0.6999999881
63971  -47.320  -17.538  50.031 0.6999999881
63049  -45.442  -18.062  49.517 0.6999999881
63969  -46.115  -17.650  49.407 0.6000000238
63972  -48.142  -17.225  49.954 0.6000000238
123371  -44.385  -18.428  48.931 0.6000000238
63976  -46.398  -17.159  48.635 0.6000000238
63977  -47.232  -16.911  48.874 0.6000000238
64910  -47.742  -16.415  48.389 0.6000000238
63981  -44.705  -17.547  47.617 0.6000000238
64916  -46.021  -16.550  47.268 0.6999999881
64918  -47.499  -16.170  47.622 0.6999999881
64911  -48.602  -16.215  48.659 0.6999999881
64926  -44.869  -16.595  46.275 0.6000000238
64927  -45.712  -16.333  46.489 0.6000000238
64928  -46.590  -16.052  46.656 0.6000000238
65821  -48.737  -15.496  47.272 0.6000000238
65832  -49.167  -15.030  46.687 0.6000000238
66717  -50.428  -14.354  46.373 0.6000000238
64004  -42.940  -16.921  44.781 0.4000000060
64931  -43.754  -16.577  45.180 0.4000000060
65835  -45.120  -15.759  44.956 0.6000000238
65829  -46.844  -15.631  46.035 0.6000000238
65837  -46.747  -15.446  45.397 0.6000000238
65839  -48.016  -15.222  46.193 0.6000000238
64937  -42.752  -16.723  43.839 0.4000000060
65858  -45.337  -15.134  43.598 0.5000000000
65846  -46.642  -15.173  44.568 0.6999999881
65847  -47.467  -15.177  44.980 0.6000000238
65857  -44.435  -15.553  43.244 0.4000000060
62081  -48.493  -19.628  54.744 0.6999999881
62982  -50.137  -19.234  55.234 0.6000000238
62994  -49.110  -19.316  54.535 0.6999999881
63007  -48.376  -18.955  53.035 0.6000000238
63008  -49.729  -18.541  53.249 0.6999999881
63023  -49.047  -18.534  52.615 0.6999999881
63945  -49.765  -18.134  52.258 0.6999999881
63947  -51.422  -17.196  52.000 0.6999999881
64880  -51.716  -16.584  51.509 0.6999999881
65759  -53.106  -15.781  51.409 0.6000000238
63944  -49.002  -18.014  51.627 0.6999999881
63962  -49.384  -17.439  50.909 0.6999999881
64895  -50.514  -16.573  50.596 0.6999999881
65758  -52.164  -16.052  51.092 0.6999999881
65775  -51.706  -15.682  50.472 0.6000000238
66662  -52.091  -15.082  50.138 0.6000000238
63961  -48.582  -17.592  50.768 0.6999999881
64894  -49.741  -16.829  50.415 0.6999999881
64896  -51.322  -16.318  50.820 0.6000000238
65774  -50.922  -15.955  50.148 0.6000000238
64906  -48.748  -16.650  49.492 0.6999999881
64907  -50.101  -16.227  49.788 0.6000000238
65794  -51.355  -15.344  49.770 0.6000000238
124203  -52.422  -14.576  49.873 0.6000000238
64912  -49.383  -16.125  49.136 0.6999999881
65806  -49.642  -15.536  48.478 0.6000000238
65807  -50.393  -15.269  48.734 0.6000000238
64919  -48.242  -15.949  47.825 0.6000000238
65823  -50.140  -15.024  48.095 0.6000000238
137583  -50.688  -19.258  55.954 0.4000000060
62970  -51.225  -19.194  55.860 0.5000000000
62995  -50.461  -18.679  54.070 0.6999999881
65776  -52.592  -15.455  50.757 0.6000000238
66674  -51.082  -14.966  49.050 0.6000000238
66706  -51.243  -14.193  47.757 0.6000000238
66663  -52.925  -14.787  50.448 0.6000000238
67602  -51.878  -13.806  47.983 0.6000000238
41712  -28.466  -39.943  79.452 0.3000000119
65859  -46.184  -14.915  43.836 0.5000000000
65863  -45.095  -15.011  42.727 0.4000000060
66739  -47.481  -14.800  44.266 0.6000000238
66729  -49.452  -14.565  45.101 0.6000000238
65848  -48.144  -15.055  45.392 0.6000000238
65822  -49.530  -15.132  47.556 0.6000000238
66730  -50.231  -14.247  45.418 0.6000000238
66687  -51.645  -14.266  48.647 0.6000000238
67625  -51.444  -13.633  46.337 0.6000000238
66688  -52.379  -14.105  49.357 0.6000000238
67626  -52.177  -13.259  46.729 0.6000000238
66676  -53.076  -14.187  50.018 0.5000000000
136559  -17.317  -50.933  75.654 0.1000000015
32687  -17.123  -50.704  74.016 0.1000000015
32675  -17.351  -51.054  77.377 0.1000000015
32682  -16.942  -50.560  75.787 0.1000000015
33600  -16.294  -50.076  77.070 0.1000000015
32686  -16.745  -50.360  74.330 0.1000000015
32700  -16.912  -50.304  72.755 0.1000000015
33618  -16.993  -50.138  72.004 0.1000000015
34515  -17.022  -49.454  70.266 0.1000000015
34520  -16.990  -49.012  69.506 0.1000000015
37121  -13.173  -44.723  77.042 0.3000000119
36239  -13.306  -46.217  76.202 0.3000000119
34489  -15.854  -48.837  72.731 0.1000000015
138668  -15.281  -47.552  72.129 0.3000000119
35362  -15.684  -47.292  70.718 0.1000000015
35371  -16.272  -47.546  69.547 0.1000000015
35386  -16.657  -47.278  67.927 0.1000000015
36285  -16.465  -46.370  67.716 0.2000000030
37231  -28.148  -46.113  60.963 0.2000000030
127555  -14.127  -47.228  74.799 0.2000000030
36246  -14.254  -46.515  74.128 0.2000000030
121424  -14.285  -45.489  73.885 0.2000000030
36250  -14.393  -46.152  73.182 0.3000000119
36256  -14.924  -46.711  71.767 0.3000000119
36266  -15.473  -46.350  70.507 0.3000000119
36260  -14.804  -45.616  71.843 0.3000000119
36272  -15.694  -45.881  69.907 0.3000000119
37172  -16.439  -45.409  67.441 0.3000000119
37163  -16.256  -45.022  68.997 0.3000000119
37175  -16.729  -45.588  66.642 0.2000000030
37180  -17.927  -45.156  65.212 0.1000000015
38034  -18.028  -44.144  65.256 0.3000000119
38041  -20.165  -44.299  63.153 0.1000000015
38037  -19.074  -44.680  64.029 0.1000000015
38044  -21.467  -44.179  62.260 0.1000000015
38979  -23.035  -43.340  61.257 0.1000000015
38998  -24.862  -43.315  60.277 0.1000000015
38999  -25.496  -43.653  60.078 0.2000000030
41740  -30.656  -40.360  78.106 0.8000000119
41741  -31.465  -40.520  77.525 0.8000000119
39814  -32.073  -42.431  75.927 0.8999999762
135123  -32.952  -41.369  76.344 0.8000000119
120882  -15.808  -43.474  72.806 0.4000000060
39836  -31.144  -42.634  73.952 0.8000000119
38009  -15.931  -44.581  70.108 0.4000000060
38010  -16.273  -44.082  70.423 0.4000000060
125079  -32.735  -43.000  74.763 0.8999999762
42831  -34.233  -39.851  76.099 0.8999999762
145511  -16.217  -44.592  69.517 0.3000000119
38020  -16.439  -44.778  68.222 0.3000000119
38947  -16.813  -44.100  68.045 0.3000000119
38901  -32.796  -43.796  72.123 0.8999999762
125504  -33.975  -42.893  72.957 0.8999999762
38948  -17.201  -43.723  68.515 0.3000000119
38902  -33.392  -43.731  72.443 0.8999999762
38916  -33.843  -43.609  71.902 0.8999999762
38961  -17.510  -43.542  66.888 0.3000000119
38915  -33.486  -43.901  71.589 0.8999999762
38939  -34.164  -43.815  70.279 0.8999999762
40864  -33.829  -42.024  72.306 1.0000000000
130293  -33.931  -42.276  71.580 1.0000000000
38967  -18.723  -43.828  64.588 0.3000000119
40884  -34.600  -42.759  70.416 1.0000000000
38975  -20.981  -43.442  62.590 0.1000000015
39892  -34.692  -43.439  69.939 1.0000000000
38977  -22.328  -43.257  61.670 0.1000000015
38104  -31.572  -44.295  60.172 0.2000000030
38103  -30.757  -44.518  59.806 0.2000000030
37254  -30.676  -45.484  60.579 0.2000000030
39016  -25.873  -43.352  59.377 0.2000000030
38099  -26.984  -44.363  59.639 0.2000000030
38101  -28.926  -44.660  59.430 0.2000000030
38100  -27.930  -44.586  59.440 0.2000000030
41889  -36.375  -41.889  68.375 1.0000000000
40789  -29.014  -41.470  78.488 0.6999999881
38874  -15.278  -43.221  74.196 0.4000000060
40803  -29.413  -41.944  77.953 0.6999999881
42811  -29.615  -39.009  79.186 0.4000000060
47591  -31.195  -34.410  77.306 0.2000000030
46710  -31.842  -35.433  78.004 0.3000000119
40817  -30.427  -42.224  76.679 0.6999999881
45793  -31.160  -35.753  77.972 0.2000000030
40842  -30.372  -42.259  74.378 0.8000000119
141991  -32.305  -36.367  77.782 0.4000000060
124241  -33.422  -38.158  76.558 0.8000000119
45799  -33.203  -36.372  76.890 0.6000000238
39848  -31.152  -42.589  73.002 0.8000000119
41790  -34.093  -41.014  74.595 0.8999999762
41774  -34.155  -40.356  74.869 0.8999999762
142821  -34.420  -38.582  75.391 0.8000000119
38934  -17.428  -43.644  69.323 0.4000000060
41806  -34.144  -41.176  73.746 1.0000000000
38959  -18.091  -43.179  67.452 0.4000000060
38926  -32.671  -43.627  70.128 0.8999999762
132039  -34.154  -40.725  73.477 1.0000000000
42854  -34.786  -39.711  73.983 1.0000000000
39940  -19.977  -42.596  64.621 0.5000000000
38969  -20.081  -43.069  63.702 0.4000000060
39906  -33.727  -43.430  68.572 0.8999999762
39949  -21.977  -42.549  62.040 0.2000000030
39947  -20.666  -42.837  63.157 0.2000000030
39962  -23.755  -42.715  60.421 0.1000000015
38997  -24.219  -43.199  60.402 0.1000000015
40918  -35.626  -42.555  68.378 1.0000000000
40935  -35.988  -42.417  67.152 1.0000000000
40920  -37.047  -42.722  68.036 1.0000000000
39018  -27.518  -43.937  58.976 0.2000000030
146221  -25.571  -42.726  58.950 0.1000000015
39037  -27.044  -43.282  58.393 0.2000000030
39019  -28.475  -44.088  58.928 0.2000000030
39990  -29.477  -42.878  58.078 0.2000000030
39989  -28.511  -42.833  57.944 0.2000000030
41928  -39.935  -40.997  67.413 1.0000000000
140856  -38.142  -41.041  68.227 1.0000000000
43998  -37.386  -38.639  65.793 1.0000000000
43984  -42.046  -38.735  67.721 0.8999999762
45015  -40.792  -37.257  65.718 0.8999999762
44998  -40.022  -37.791  66.198 0.8999999762
45923  -41.565  -36.681  65.244 0.8000000119
142171  -40.892  -36.034  63.722 0.8000000119
45934  -38.704  -37.065  63.709 0.8999999762
121980  -27.149  -41.515  78.113 0.5000000000
129498  -16.824  -42.978  74.318 0.6999999881
40816  -29.298  -42.170  77.390 0.6999999881
41713  -29.048  -39.615  79.399 0.3000000119
130852  -29.232  -42.027  76.427 0.6999999881
142361  -29.803  -42.292  76.898 0.6999999881
42810  -29.186  -38.755  79.355 0.2000000030
44860  -29.793  -37.657  78.589 0.3000000119
43872  -29.356  -37.974  78.987 0.2000000030
45792  -30.586  -36.297  78.022 0.3000000119
38898  -17.728  -43.536  72.326 0.5000000000
40841  -29.659  -41.675  74.726 0.8000000119
43898  -29.798  -38.164  76.368 0.3000000119
46732  -33.132  -34.655  76.578 0.6999999881
38922  -17.691  -43.648  70.818 0.5000000000
38889  -18.542  -43.664  72.906 0.6000000238
40862  -29.845  -41.430  72.799 0.8000000119
44874  -30.945  -37.219  75.593 0.2000000030
39870  -31.111  -42.355  71.258 0.8999999762
39880  -31.701  -42.972  70.545 0.8999999762
38937  -32.735  -43.394  69.252 0.8999999762
43923  -35.407  -38.297  73.891 1.0000000000
40959  -21.102  -41.688  63.803 0.4000000060
39932  -33.629  -42.456  67.414 0.8999999762
40949  -37.062  -41.854  66.525 1.0000000000
40993  -25.483  -41.347  58.691 0.1000000015
39002  -33.224  -43.727  60.447 0.2000000030
42924  -34.570  -39.547  66.870 1.0000000000
39023  -32.747  -43.371  59.787 0.2000000030
41009  -28.511  -41.318  57.480 0.1000000015
40005  -28.036  -42.053  57.586 0.2000000030
42910  -42.043  -39.526  67.866 0.8999999762
42946  -41.523  -40.056  67.343 0.8999999762
45000  -43.321  -37.594  66.591 0.8999999762
45012  -37.809  -37.722  64.708 1.0000000000
45001  -43.845  -37.718  66.397 0.8000000119
45911  -43.769  -37.179  66.058 0.8000000119
45938  -44.314  -36.676  64.616 0.6000000238
45023  -45.127  -37.074  64.743 0.6000000238
45937  -43.145  -36.258  64.511 0.6999999881
45936  -41.762  -36.319  64.320 0.8000000119
138857  -44.267  -36.366  63.075 0.6000000238
46861  -43.010  -36.161  62.657 0.6000000238
46860  -42.127  -35.798  62.805 0.6000000238
46868  -41.865  -35.578  61.907 0.6000000238
46859  -41.174  -35.553  62.324 0.6999999881
144002  -41.808  -35.574  60.921 0.6000000238
46878  -42.314  -35.487  60.143 0.6000000238
46876  -40.656  -35.098  60.526 0.5000000000
139676  -40.131  -35.453  60.962 0.6000000238
46892  -42.368  -35.577  59.335 0.4000000060
45975  -42.796  -36.098  59.549 0.3000000119
46902  -42.273  -35.087  58.313 0.4000000060
46890  -41.253  -34.724  59.470 0.5000000000
47713  -40.805  -34.559  58.683 0.4000000060
45966  -38.208  -36.270  60.697 0.8999999762
47714  -41.868  -34.709  58.265 0.4000000060
132815  -42.226  -35.323  57.875 0.4000000060
143373  -40.419  -34.306  57.305 0.4000000060
46888  -38.512  -35.382  59.367 0.5000000000
47743  -40.115  -34.065  55.759 0.4000000060
42799  -27.109  -39.741  79.963 0.2000000030
39809  -16.929  -42.836  77.630 0.5000000000
38856  -17.727  -43.236  76.687 0.6999999881
38865  -17.662  -43.224  75.566 0.6999999881
143284  -26.792  -41.293  77.220 0.5000000000
140907  -27.114  -40.586  75.025 0.6999999881
133590  -28.086  -38.568  79.152 0.2000000030
40840  -28.845  -41.312  75.154 0.8000000119
43871  -28.414  -38.400  78.695 0.2000000030
41804  -28.303  -40.588  73.387 0.8000000119
129057  -29.322  -38.355  76.882 0.2000000030
40871  -29.929  -41.551  71.870 0.8000000119
132240  -30.387  -37.887  75.762 0.3000000119
136549  -29.535  -40.856  71.144 0.8000000119
40872  -30.425  -41.591  71.008 0.8000000119
41844  -29.516  -40.680  70.282 0.8000000119
40883  -30.560  -41.606  70.086 0.8999999762
40905  -30.789  -41.683  68.320 0.8999999762
40915  -30.242  -41.061  67.770 0.8999999762
39915  -20.009  -42.540  67.511 0.5000000000
43939  -33.329  -38.814  71.682 1.0000000000
145490  -20.440  -42.152  64.605 0.6000000238
40941  -21.017  -41.497  65.812 0.5000000000
40985  -24.882  -41.365  59.261 0.1000000015
41007  -26.924  -41.445  57.788 0.2000000030
135014  -29.002  -40.601  57.266 0.1000000015
39995  -34.734  -42.398  58.615 0.2000000030
40996  -33.521  -41.882  57.778 0.2000000030
44016  -42.970  -38.126  64.926 0.6999999881
44017  -44.263  -37.640  64.817 0.6000000238
45021  -37.677  -37.353  63.876 1.0000000000
45943  -37.464  -36.974  62.204 0.8999999762
46887  -37.594  -35.807  59.475 0.8000000119
45965  -37.435  -36.324  60.204 0.8999999762
38839  -19.721  -42.727  78.917 0.6000000238
124114  -19.908  -43.764  74.003 0.6999999881
41753  -25.300  -41.047  76.275 0.6000000238
43852  -26.884  -38.939  79.960 0.2000000030
43853  -27.548  -38.743  79.519 0.2000000030
41787  -26.578  -40.349  74.571 0.6999999881
123832  -26.685  -40.154  73.644 0.6999999881
124390  -26.938  -38.318  78.149 0.2000000030
41816  -27.112  -40.057  72.917 0.8000000119
43896  -28.287  -38.676  75.571 0.2000000030
121318  -27.169  -40.005  70.957 0.8000000119
44884  -30.836  -37.935  74.773 0.2000000030
43921  -30.309  -38.286  74.023 0.2000000030
39886  -19.763  -42.836  69.074 0.5000000000
41842  -27.812  -39.728  70.285 0.8000000119
145304  -29.619  -40.530  69.040 0.8000000119
140843  -20.609  -42.239  67.716 0.5000000000
41885  -28.868  -39.958  67.751 0.8000000119
44912  -35.177  -37.761  72.724 1.0000000000
39928  -20.399  -41.882  66.167 0.5000000000
41909  -30.333  -41.232  66.174 0.8999999762
40930  -30.911  -41.557  66.689 0.8999999762
144414  -31.850  -41.539  66.094 0.8999999762
41938  -34.293  -40.828  64.546 0.8999999762
133308  -36.060  -40.713  64.676 0.8999999762
41939  -35.134  -40.667  64.462 0.8999999762
40954  -32.681  -41.079  64.758 0.8999999762
132500  -32.929  -36.878  67.806 1.0000000000
137165  -25.902  -40.756  58.543 0.1000000015
135044  -31.284  -39.912  56.994 0.1000000015
44993  -34.544  -37.725  65.120 1.0000000000
41014  -33.167  -41.049  57.558 0.2000000030
41016  -34.929  -41.139  57.790 0.2000000030
41015  -34.061  -41.137  57.645 0.3000000119
134289  -39.299  -39.684  64.376 0.8999999762
45009  -34.754  -37.170  64.429 1.0000000000
43006  -39.202  -38.727  61.563 0.6000000238
125236  -38.007  -38.988  61.036 0.6999999881
42987  -39.109  -38.933  62.432 0.8999999762
43033  -41.037  -39.139  60.328 0.3000000119
144178  -39.848  -39.212  59.684 0.3000000119
44021  -40.842  -38.477  62.587 0.6999999881
38859  -20.175  -43.278  77.306 0.6000000238
141842  -24.582  -41.562  77.443 0.5000000000
124115  -19.826  -43.651  75.044 0.6999999881
38869  -20.845  -43.231  76.455 0.6000000238
38879  -20.563  -43.537  74.384 0.8000000119
38880  -21.191  -43.245  74.536 0.6999999881
40838  -24.394  -41.280  74.771 0.6000000238
38891  -20.506  -43.596  73.651 0.8000000119
40851  -25.278  -40.634  73.739 0.8000000119
121690  -26.899  -38.481  77.182 0.2000000030
43869  -26.336  -38.195  77.921 0.2000000030
124112  -25.846  -40.033  71.033 0.8000000119
41827  -25.808  -40.255  71.925 0.8000000119
46753  -32.379  -34.805  73.419 0.1000000015
140544  -26.076  -40.057  70.192 0.8000000119
43907  -27.494  -38.368  75.143 0.2000000030
125012  -34.149  -30.913  76.263 0.4000000060
39888  -21.360  -42.468  69.792 0.6999999881
129180  -31.911  -35.770  71.810 0.1000000015
41853  -27.474  -39.859  69.475 0.8000000119
41883  -27.231  -39.737  67.815 0.6999999881
41907  -29.150  -40.339  66.361 0.6999999881
46755  -36.886  -35.510  72.948 1.0000000000
40942  -21.618  -41.200  65.420 0.6000000238
40943  -22.129  -40.842  64.915 0.6000000238
42923  -28.303  -39.912  66.432 0.6999999881
46769  -36.677  -35.445  71.769 1.0000000000
40953  -22.011  -40.877  64.171 0.4000000060
123029  -29.999  -40.595  65.088 0.6999999881
41936  -31.664  -41.270  64.992 0.8999999762
45843  -34.607  -36.274  70.715 1.0000000000
47617  -37.773  -34.406  72.388 1.0000000000
41946  -23.177  -40.432  63.590 0.3000000119
136175  -31.191  -40.951  64.634 0.8999999762
40945  -32.157  -41.376  65.629 0.8999999762
46777  -36.501  -35.160  71.009 1.0000000000
41972  -24.106  -40.016  61.748 0.4000000060
45873  -33.240  -36.373  68.356 1.0000000000
42983  -35.075  -39.741  62.534 0.8000000119
41963  -33.527  -39.935  62.720 0.8999999762
46803  -33.522  -35.628  67.152 1.0000000000
44046  -35.070  -38.855  60.221 0.6000000238
41966  -36.126  -39.986  63.309 0.8999999762
122484  -37.678  -39.798  63.463 1.0000000000
42022  -32.852  -40.103  57.418 0.2000000030
42025  -35.395  -40.383  57.948 0.3000000119
134475  -34.137  -39.445  57.779 0.4000000060
40998  -35.387  -41.829  58.185 0.2000000030
43004  -37.400  -39.320  61.688 0.8000000119
44087  -35.768  -39.252  58.725 0.4000000060
42007  -37.231  -40.446  58.465 0.3000000119
41000  -36.980  -41.340  58.411 0.2000000030
44050  -39.873  -38.622  60.964 0.5000000000
39810  -21.621  -43.000  76.750 0.5000000000
39800  -20.879  -42.840  78.816 0.5000000000
121774  -21.608  -42.761  77.963 0.5000000000
39811  -22.367  -42.651  77.101 0.6000000238
39812  -23.036  -42.267  77.617 0.6000000238
40796  -22.869  -42.256  78.755 0.5000000000
40770  -23.249  -41.122  80.094 0.4000000060
39846  -22.378  -42.468  73.741 0.8000000119
127042  -24.369  -39.099  79.614 0.2000000030
132175  -24.370  -40.867  71.609 0.8000000119
43894  -25.859  -37.956  75.997 0.2000000030
44872  -26.863  -37.903  74.976 0.2000000030
127471  -32.708  -34.146  72.648 0.1000000015
41866  -25.797  -39.762  68.653 0.8000000119
50234  -35.596  -31.283  75.541 0.6999999881
40901  -21.797  -41.622  67.944 0.6000000238
40902  -22.452  -41.542  68.646 0.8000000119
40928  -22.427  -40.987  66.643 0.6000000238
141871  -23.511  -40.909  67.623 0.6999999881
41904  -25.745  -39.937  66.391 0.6999999881
131901  -31.627  -35.245  70.226 0.1000000015
49350  -36.179  -32.151  74.727 0.6999999881
41918  -23.617  -40.449  65.680 0.6000000238
41864  -24.117  -40.707  68.054 0.6999999881
42943  -27.146  -39.794  65.475 0.6999999881
142609  -23.730  -40.357  65.131 0.6000000238
42954  -27.637  -39.750  64.821 0.6999999881
48473  -38.201  -33.856  72.408 0.8999999762
41931  -23.429  -40.329  64.458 0.5000000000
42940  -24.922  -39.908  64.906 0.6999999881
42956  -29.029  -39.883  64.210 0.6999999881
47632  -36.819  -34.513  70.658 1.0000000000
47625  -37.729  -34.264  71.381 1.0000000000
47618  -38.145  -33.979  71.789 1.0000000000
49377  -38.800  -32.728  72.551 0.8999999762
41961  -30.905  -40.075  63.118 0.8000000119
47639  -36.406  -34.190  69.958 1.0000000000
48480  -38.109  -33.688  71.044 1.0000000000
43018  -25.123  -39.505  60.706 0.3000000119
143178  -33.124  -40.222  63.177 0.8999999762
48496  -36.658  -33.527  69.670 1.0000000000
43043  -26.536  -39.404  59.317 0.4000000060
42981  -32.913  -39.551  62.129 0.8000000119
125191  -34.521  -34.401  68.296 1.0000000000
47645  -35.212  -34.023  68.791 1.0000000000
44063  -28.538  -38.620  59.131 0.4000000060
44094  -29.327  -38.877  57.804 0.3000000119
44081  -30.670  -38.427  58.100 0.3000000119
44096  -31.097  -38.766  57.496 0.2000000030
46815  -33.494  -35.626  66.244 1.0000000000
46826  -33.545  -35.566  65.407 1.0000000000
46839  -33.890  -35.513  63.964 1.0000000000
45951  -34.855  -36.380  62.315 0.8999999762
138304  -22.884  -41.832  71.665 0.8000000119
121849  -23.579  -41.376  71.872 0.8000000119
140947  -23.703  -41.189  70.522 0.8000000119
51267  -34.046  -30.641  76.109 0.3000000119
40891  -23.218  -41.220  69.243 0.8000000119
40892  -24.028  -40.819  68.963 0.8000000119
51253  -35.356  -29.835  76.443 0.6999999881
51276  -36.726  -30.519  75.089 0.6999999881
41903  -24.797  -40.219  66.600 0.6999999881
49351  -37.487  -32.113  74.029 0.6999999881
42920  -25.904  -39.824  65.704 0.6999999881
129177  -26.888  -39.723  64.818 0.6999999881
42953  -26.268  -39.708  64.521 0.6999999881
45855  -28.866  -36.823  69.407 0.1000000015
50245  -38.949  -31.253  73.383 0.6999999881
42964  -26.113  -39.568  63.684 0.6000000238
42974  -26.340  -39.243  62.160 0.5000000000
129874  -27.049  -39.665  64.054 0.6999999881
122137  -28.181  -39.426  62.839 0.6999999881
42995  -27.448  -39.243  61.621 0.5000000000
42997  -29.710  -39.238  61.854 0.6000000238
43020  -26.581  -39.196  60.285 0.4000000060
120572  -27.459  -39.020  60.719 0.4000000060
43022  -28.395  -38.899  60.747 0.5000000000
42998  -30.669  -39.158  61.772 0.6999999881
50283  -39.519  -31.406  70.731 1.0000000000
44041  -29.814  -38.498  60.251 0.5000000000
137025  -30.567  -38.506  60.414 0.6000000238
43024  -31.041  -38.762  60.970 0.6000000238
49426  -37.162  -31.911  69.070 1.0000000000
44065  -31.041  -38.259  58.914 0.4000000060
48513  -35.978  -32.799  67.851 1.0000000000
52303  -35.519  -29.239  76.440 0.6000000238
51270  -36.552  -29.719  75.750 0.6000000238
141800  -26.592  -37.355  72.914 0.2000000030
143641  -37.824  -30.618  74.375 0.6999999881
51277  -37.303  -30.243  74.767 0.6999999881
50237  -38.319  -30.909  74.035 0.6999999881
51283  -39.438  -30.723  73.065 0.8000000119
49470  -35.508  -32.447  64.115 0.8999999762
50342  -36.706  -31.483  65.200 1.0000000000
125850  -35.100  -32.127  62.128 0.8999999762
52320  -36.100  -28.924  76.476 0.4000000060
52329  -37.744  -29.050  74.605 0.5000000000
51287  -39.902  -30.894  72.399 0.8000000119
51297  -40.075  -30.835  71.060 0.8999999762
51318  -39.543  -30.107  68.553 1.0000000000
51344  -38.701  -30.304  66.470 1.0000000000
49489  -34.831  -32.072  61.379 0.8000000119
51411  -35.832  -30.712  60.568 0.8999999762
53334  -38.742  -28.891  73.891 0.5000000000
128432  -39.633  -29.152  73.183 0.6000000238
53335  -39.399  -28.388  73.606 0.5000000000
52353  -40.612  -30.051  71.419 0.8000000119
52359  -40.780  -29.441  69.936 0.8999999762
52386  -39.909  -29.665  66.543 1.0000000000
142445  -35.779  -30.454  58.889 0.8000000119
127093  -39.517  -27.688  73.712 0.5000000000
54394  -39.212  -26.761  74.258 0.2000000030
53346  -40.895  -28.528  72.307 0.6000000238
54407  -41.424  -27.791  72.086 0.5000000000
53356  -41.812  -28.435  70.968 0.6999999881
52364  -41.316  -29.040  69.336 0.8999999762
52379  -41.096  -29.027  68.072 0.8999999762
143027  -41.607  -28.696  68.821 0.8999999762
52396  -40.334  -29.145  66.201 0.8999999762
51430  -35.481  -30.457  58.092 0.8000000119
142001  -36.312  -30.128  58.531 0.8000000119
144635  -42.278  -27.909  69.299 0.8999999762
53402  -41.021  -28.701  66.581 0.8999999762
53450  -39.317  -28.160  62.303 0.8999999762
124748  -38.205  -29.390  59.721 0.8999999762
54418  -42.326  -27.215  71.165 0.6000000238
54438  -42.552  -27.415  68.843 0.8999999762
54450  -41.760  -28.138  66.916 1.0000000000
53414  -41.253  -28.061  66.161 0.8999999762
54456  -40.807  -27.846  65.321 0.8999999762
52499  -37.639  -29.152  56.205 0.6999999881
120586  -38.312  -29.226  56.842 0.8000000119
55388  -42.742  -26.586  70.741 0.5000000000
54458  -41.724  -27.598  66.414 0.8999999762
135126  -42.588  -26.761  67.723 0.8000000119
54464  -41.095  -27.078  64.737 0.8999999762
52467  -39.738  -29.578  59.436 0.8999999762
137846  -39.146  -29.592  58.439 0.8000000119
53551  -37.873  -27.894  53.991 0.6000000238
54558  -38.940  -27.930  53.132 0.5000000000
54471  -40.998  -26.941  63.591 0.8999999762
54488  -46.003  -28.356  62.779 0.8000000119
51423  -44.624  -30.674  59.949 0.6999999881
52504  -44.635  -29.915  55.980 0.6999999881
138781  -38.966  -27.119  45.154 0.3000000119
55640  -40.654  -26.378  44.773 0.3000000119
55647  -41.007  -26.748  43.942 0.3000000119
55648  -41.856  -26.770  43.793 0.3000000119
136117  -45.964  -26.585  63.308 0.8999999762
55483  -42.539  -26.546  62.680 0.8999999762
52510  -42.996  -29.152  55.828 0.6999999881
52522  -43.875  -29.565  54.514 0.6999999881
125358  -39.018  -27.714  49.908 0.4000000060
56503  -47.528  -25.424  46.689 0.3000000119
55630  -40.532  -26.497  45.707 0.3000000119
55641  -41.540  -26.315  44.569 0.3000000119
123807  -42.171  -25.933  45.083 0.3000000119
56506  -42.935  -25.922  45.091 0.3000000119
57267  -49.465  -24.519  64.581 0.6999999881
55471  -48.627  -27.120  64.293 0.6999999881
54490  -47.786  -28.341  63.685 0.6999999881
53527  -41.548  -28.526  55.606 0.6999999881
53519  -42.155  -28.808  56.216 0.6999999881
129546  -41.107  -28.339  54.145 0.6999999881
53554  -42.263  -28.976  52.926 0.6999999881
52530  -43.117  -29.243  54.069 0.6999999881
51461  -46.410  -31.022  55.471 0.6999999881
51445  -47.709  -31.328  57.571 0.6999999881
53574  -40.202  -28.242  51.858 0.5000000000
128345  -42.874  -29.229  52.607 0.6999999881
51469  -45.470  -30.578  54.777 0.6999999881
129318  -44.626  -30.068  54.170 0.6999999881
143216  -47.080  -31.305  55.950 0.6999999881
52541  -43.664  -29.511  52.745 0.6999999881
52551  -44.707  -29.387  51.760 0.6999999881
52542  -44.512  -29.610  52.586 0.6999999881
52533  -45.400  -29.902  53.267 0.6999999881
51476  -46.231  -30.527  54.061 0.6999999881
51477  -47.070  -30.388  54.185 0.6999999881
53580  -45.103  -28.950  51.056 0.6999999881
52552  -45.675  -29.157  51.859 0.6999999881
51478  -47.715  -29.912  53.894 0.6999999881
122927  -39.495  -27.638  48.915 0.4000000060
53614  -45.678  -28.056  49.614 0.6000000238
54613  -46.447  -27.674  49.492 0.6000000238
53582  -47.638  -28.324  51.772 0.6000000238
55609  -41.065  -26.941  47.107 0.3000000119
55610  -41.811  -26.893  47.154 0.3000000119
55621  -42.248  -26.577  46.495 0.3000000119
55611  -42.698  -26.874  47.141 0.4000000060
55612  -43.707  -26.743  47.076 0.3000000119
57437  -49.574  -24.801  47.298 0.3000000119
130721  -41.938  -26.383  45.802 0.3000000119
55625  -45.989  -26.087  46.699 0.3000000119
120754  -46.199  -25.654  46.116 0.3000000119
56500  -48.938  -25.354  47.768 0.3000000119
130092  -48.134  -25.709  47.784 0.3000000119
145598  -50.419  -25.183  48.882 0.3000000119
57438  -50.386  -24.577  47.599 0.3000000119
57434  -52.024  -24.355  49.026 0.3000000119
58393  -52.476  -23.324  47.875 0.3000000119
126423  -52.778  -23.576  48.945 0.3000000119
58401  -51.742  -23.396  46.803 0.3000000119
56349  -49.046  -26.170  64.380 0.8000000119
131840  -48.968  -27.570  63.864 0.6999999881
57283  -51.033  -23.464  61.817 0.6000000238
53456  -48.809  -29.119  62.965 0.6999999881
51463  -48.451  -31.052  56.038 0.6999999881
53609  -41.260  -28.427  50.173 0.5000000000
53592  -42.695  -28.810  50.581 0.5000000000
53612  -43.524  -28.544  49.659 0.4000000060
134907  -41.023  -27.845  48.979 0.4000000060
53611  -42.861  -28.379  49.314 0.4000000060
53628  -44.232  -28.324  49.343 0.5000000000
54612  -45.036  -27.949  48.959 0.6000000238
54627  -41.710  -27.785  48.545 0.4000000060
124905  -43.739  -27.727  48.272 0.3000000119
54648  -44.674  -27.475  48.140 0.3000000119
54581  -48.365  -27.910  51.566 0.6000000238
136849  -43.990  -27.286  47.693 0.3000000119
54649  -45.452  -26.899  47.737 0.3000000119
55605  -46.123  -26.907  48.069 0.3000000119
55606  -46.783  -26.600  48.116 0.3000000119
54631  -47.310  -26.764  48.757 0.3000000119
140315  -47.776  -26.901  49.330 0.3000000119
140950  -48.703  -26.926  50.322 0.5000000000
55614  -46.217  -26.425  47.438 0.3000000119
55607  -47.603  -26.207  48.125 0.3000000119
55600  -48.862  -26.156  49.236 0.3000000119
55599  -48.061  -26.452  48.897 0.3000000119
56495  -50.529  -25.499  49.604 0.3000000119
57422  -51.478  -24.950  49.657 0.3000000119
58378  -53.185  -23.742  50.120 0.3000000119
145117  -53.840  -23.088  49.926 0.3000000119
59344  -55.003  -21.314  49.671 0.3000000119
57424  -53.579  -23.732  51.311 0.3000000119
58353  -54.407  -22.254  51.090 0.3000000119
57402  -53.739  -23.387  51.916 0.3000000119
59336  -55.011  -21.369  50.369 0.3000000119
58366  -52.974  -22.513  51.342 0.3000000119
59334  -53.377  -21.854  50.616 0.3000000119
56385  -49.177  -25.604  60.575 0.6999999881
51465  -49.057  -30.378  55.480 0.6999999881
51455  -48.478  -30.961  56.566 0.6999999881
136263  -48.625  -30.067  54.406 0.6999999881
145257  -49.269  -30.078  55.178 0.6999999881
54599  -49.521  -26.845  50.958 0.5000000000
56481  -52.614  -24.807  52.149 0.3000000119
58350  -52.162  -23.627  52.064 0.3000000119
58364  -49.645  -23.542  49.846 0.4000000060
57309  -48.390  -25.052  60.684 0.6999999881
54531  -47.916  -27.897  60.118 0.8000000119
55523  -47.579  -27.006  60.127 0.8000000119
57308  -46.989  -24.965  60.730 0.8000000119
57291  -46.373  -24.395  61.278 0.6000000238
53501  -47.381  -29.094  59.152 0.8000000119
55522  -46.689  -26.771  59.748 0.8999999762
54529  -46.121  -27.303  59.110 0.8000000119
56398  -45.573  -25.822  59.774 0.8999999762
55521  -45.855  -26.470  59.431 0.8999999762
52505  -48.218  -30.730  56.966 0.6999999881
53521  -47.330  -29.544  56.973 0.6999999881
53511  -46.090  -28.279  57.810 0.6999999881
55531  -44.553  -26.532  58.468 0.8999999762
53546  -49.200  -28.627  55.028 0.6999999881
53547  -49.508  -28.723  54.701 0.6999999881
145337  -50.031  -26.869  51.732 0.5000000000
54561  -51.040  -26.627  53.812 0.6999999881
55575  -50.692  -26.877  52.745 0.5000000000
55555  -49.110  -26.958  54.288 0.6999999881
55584  -51.503  -26.015  52.682 0.5000000000
55592  -51.371  -25.725  51.563 0.5000000000
57380  -52.310  -24.332  52.860 0.3000000119
58261  -44.008  -23.218  61.253 0.8999999762
57323  -43.988  -24.848  60.317 0.8999999762
57322  -43.063  -24.357  60.257 0.8999999762
59212  -44.109  -22.103  60.067 0.6999999881
57332  -42.087  -24.467  58.742 1.0000000000
57305  -42.497  -24.095  59.603 0.8999999762
59227  -42.793  -23.256  59.314 0.8999999762
59211  -43.432  -22.666  59.724 0.8000000119
142586  -44.001  -26.723  57.071 0.8999999762
55537  -43.458  -26.315  57.464 0.8999999762
53545  -48.316  -28.472  55.239 0.6999999881
55562  -47.929  -26.097  53.348 0.6999999881
55566  -51.799  -25.365  53.869 0.5000000000
56452  -50.859  -25.121  53.731 0.5000000000
56453  -51.722  -25.172  53.769 0.4000000060
57363  -51.447  -24.865  53.362 0.4000000060
56469  -49.139  -25.177  52.610 0.4000000060
56451  -49.053  -25.398  53.201 0.6000000238
57378  -49.444  -24.779  51.880 0.4000000060
57379  -50.730  -24.445  52.486 0.4000000060
57399  -49.923  -24.315  51.302 0.4000000060
133398  -47.157  -24.642  49.636 0.4000000060
58376  -47.693  -23.851  48.696 0.4000000060
56408  -42.193  -25.118  58.534 1.0000000000
59246  -42.790  -22.763  58.303 0.8999999762
58312  -42.041  -23.256  57.832 0.8999999762
55543  -43.402  -26.482  56.682 0.8999999762
55547  -43.552  -26.631  55.876 0.8999999762
56415  -41.846  -25.388  57.764 1.0000000000
57341  -41.356  -24.456  57.604 0.8999999762
56414  -41.353  -25.061  57.335 1.0000000000
59262  -42.084  -22.862  56.763 0.8999999762
120956  -43.880  -26.745  55.041 0.8999999762
55546  -42.932  -26.333  55.236 0.8999999762
56419  -41.230  -25.228  56.260 1.0000000000
132776  -41.051  -24.452  56.838 1.0000000000
58318  -41.010  -23.560  55.521 0.8999999762
57345  -40.791  -24.342  55.926 1.0000000000
123652  -42.578  -22.383  56.017 0.8000000119
55552  -44.350  -26.813  54.171 0.6999999881
144607  -42.795  -26.182  54.656 0.8999999762
56422  -41.363  -25.441  55.201 1.0000000000
59285  -41.726  -22.942  55.028 0.8999999762
58322  -40.965  -23.476  54.681 1.0000000000
55560  -45.819  -26.519  53.298 0.6999999881
137424  -46.183  -26.079  52.764 0.6999999881
55573  -45.252  -26.029  52.756 0.6999999881
56428  -42.546  -25.966  54.205 1.0000000000
57356  -41.082  -25.243  53.389 1.0000000000
56432  -41.911  -25.610  53.550 1.0000000000
58324  -40.580  -24.079  53.359 1.0000000000
55574  -47.092  -25.940  52.767 0.6999999881
56447  -44.511  -25.612  52.329 0.6999999881
56446  -43.541  -25.596  52.547 0.8000000119
56444  -41.497  -25.289  52.795 1.0000000000
56462  -41.884  -25.178  52.131 0.8000000119
57362  -41.220  -24.994  52.197 0.8999999762
124279  -48.136  -25.421  52.422 0.4000000060
56467  -46.542  -25.527  51.788 0.5000000000
56466  -45.679  -25.416  51.526 0.5000000000
56465  -44.759  -25.292  51.692 0.6000000238
57375  -44.177  -24.890  51.174 0.6999999881
57374  -43.143  -24.817  51.241 0.6999999881
57373  -40.725  -24.489  50.990 0.8000000119
58348  -40.431  -23.926  50.660 0.8000000119
56480  -47.240  -25.171  50.951 0.4000000060
56479  -46.413  -25.327  51.025 0.5000000000
57394  -44.617  -24.735  50.522 0.6000000238
57393  -43.724  -24.596  50.530 0.6000000238
57414  -42.068  -24.606  49.949 0.6000000238
57413  -41.167  -24.456  49.705 0.6999999881
125689  -45.909  -24.811  49.956 0.5000000000
57396  -46.702  -24.958  50.246 0.5000000000
57429  -45.696  -24.507  49.084 0.6000000238
57428  -44.710  -24.312  49.110 0.6000000238
57426  -42.374  -24.379  49.048 0.6000000238
57427  -43.714  -24.189  48.935 0.6000000238
57425  -40.891  -23.741  48.546 0.6000000238
58375  -46.045  -24.149  48.265 0.4000000060
141660  -44.427  -24.026  48.504 0.6000000238
58385  -43.217  -23.697  47.412 0.5000000000
60282  -44.071  -21.725  56.430 0.6000000238
60313  -42.479  -21.413  52.838 0.6999999881
60327  -41.297  -21.650  51.361 0.8999999762
60336  -40.574  -22.254  50.733 0.8000000119
135345  -40.248  -22.497  49.012 0.8000000119
58396  -41.458  -23.281  46.964 0.5000000000
125506  -41.939  -23.006  46.206 0.5000000000
60367  -40.875  -21.795  46.131 0.5000000000
60301  -44.538  -20.806  54.214 0.6000000238
62117  -43.999  -19.848  51.190 0.8000000119
61237  -40.642  -20.986  48.900 0.8000000119
61226  -42.556  -20.533  50.570 0.8000000119
61242  -40.869  -20.188  48.410 0.6999999881
61241  -40.454  -20.341  47.607 0.6000000238
62155  -41.141  -19.212  47.448 0.6000000238
60372  -40.861  -21.202  45.603 0.5000000000
128487  -41.163  -19.338  44.333 0.5000000000
62169  -41.010  -19.309  45.767 0.5000000000
63998  -41.735  -18.118  45.336 0.5000000000
61175  -45.060  -20.760  54.798 0.6000000238
61164  -45.481  -20.738  55.473 0.5000000000
61186  -44.290  -20.635  53.444 0.6000000238
61200  -45.609  -19.966  53.446 0.6999999881
61213  -44.324  -19.965  51.979 0.8000000119
62120  -46.299  -19.347  52.436 0.6000000238
62136  -44.293  -19.485  50.704 0.6999999881
63038  -45.440  -18.890  51.085 0.6999999881
62134  -42.998  -20.052  50.123 0.6999999881
123834  -45.412  -18.506  50.250 0.6999999881
63048  -43.926  -18.873  49.305 0.6999999881
62145  -41.670  -19.840  48.757 0.8000000119
63051  -42.853  -18.718  48.147 0.6999999881
63053  -44.493  -18.060  48.318 0.6000000238
63058  -43.986  -18.049  47.729 0.6000000238
123913  -43.348  -18.309  47.773 0.6999999881
62156  -41.947  -18.870  47.808 0.6000000238
62160  -41.010  -19.133  46.659 0.6000000238
63980  -44.035  -17.671  47.166 0.6000000238
63991  -43.533  -17.467  46.542 0.5000000000
63068  -41.528  -18.524  46.024 0.5000000000
63990  -42.684  -17.618  46.126 0.5000000000
63992  -44.411  -17.209  46.770 0.4000000060
64950  -44.154  -15.943  43.948 0.4000000060
64952  -42.693  -16.849  42.003 0.4000000060
62093  -47.884  -19.685  54.261 0.6999999881
62105  -47.067  -19.387  52.940 0.6000000238
62106  -47.785  -19.387  53.393 0.6999999881
63022  -48.293  -18.485  52.162 0.6999999881
63943  -48.122  -18.067  51.346 0.6999999881
63959  -47.028  -17.961  50.684 0.6999999881
63050  -45.945  -18.091  49.982 0.6999999881
63975  -45.588  -17.586  48.814 0.6000000238
121741  -46.868  -17.394  49.393 0.6000000238
64893  -49.009  -17.083  50.207 0.6000000238
64905  -47.969  -16.712  49.170 0.6000000238
63982  -45.605  -17.124  47.968 0.6000000238
64909  -46.973  -16.583  48.161 0.6000000238
64915  -45.201  -16.858  47.088 0.6000000238
64929  -47.232  -15.958  47.037 0.6000000238
64932  -44.589  -16.290  45.485 0.5000000000
65828  -46.186  -15.808  45.934 0.6999999881
65830  -47.340  -15.624  46.439 0.6000000238
143018  -49.796  -14.701  46.830 0.6000000238
66716  -48.824  -14.936  45.862 0.6000000238
130936  -50.931  -14.019  46.352 0.6000000238
66718  -51.041  -14.131  46.916 0.6000000238
65836  -45.939  -15.545  45.182 0.6000000238
65844  -44.838  -15.578  44.160 0.4000000060
66740  -48.276  -14.797  44.629 0.6999999881
62082  -49.158  -19.390  55.138 0.6000000238
133795  -49.660  -18.935  54.173 0.6000000238
62993  -49.049  -18.959  53.579 0.6999999881
63946  -50.520  -17.595  51.946 0.6999999881
63963  -50.145  -17.207  51.090 0.6999999881
64881  -52.594  -16.368  51.718 0.6000000238
65792  -50.014  -15.724  49.129 0.6000000238
66686  -50.796  -14.687  48.281 0.6000000238
67615  -52.345  -13.349  47.628 0.6000000238
67603  -52.511  -13.553  48.606 0.6000000238
123742  -48.864  -14.458  44.038 0.6999999881
36282  -26.193  -46.873  68.236 0.1000000015
36281  -25.620  -46.760  68.710 0.1000000015
36290  -25.939  -46.780  67.266 0.1000000015
32780  -25.552  -50.276  66.935 0.1000000015
34522  -27.481  -48.188  70.856 0.1000000015
32807  -24.888  -51.042  64.210 0.1000000015
35367  -27.028  -47.638  71.424 0.1000000015
31895  -24.372  -51.606  64.232 0.1000000015
36275  -26.677  -47.133  69.418 0.1000000015
124201  -26.638  -47.178  70.453 0.1000000015
30974  -24.048  -52.429  65.614 0.1000000015
35405  -26.601  -47.107  67.031 0.1000000015
142704  -25.683  -49.832  68.495 0.1000000015
138788  -25.830  -49.535  69.429 0.1000000015
125585  -25.787  -50.414  65.063 0.1000000015
32794  -25.060  -50.949  65.636 0.1000000015
142741  -25.201  -50.802  66.356 0.1000000015
124648  -27.309  -48.604  70.363 0.1000000015
34509  -26.844  -47.879  72.386 0.1000000015
33640  -27.217  -48.205  71.497 0.1000000015
31887  -24.525  -51.712  65.809 0.1000000015
30967  -24.442  -52.821  67.135 0.1000000015
31878  -24.382  -52.269  66.379 0.1000000015
35419  -26.633  -47.009  66.146 0.1000000015
32761  -25.351  -50.442  67.766 0.1000000015
135608  -25.025  -51.350  67.925 0.1000000015
33639  -26.008  -49.230  70.549 0.1000000015
138314  -24.963  -52.184  68.082 0.1000000015
31879  -24.757  -51.492  66.343 0.1000000015
31869  -24.976  -51.189  67.069 0.1000000015
35374  -25.978  -46.995  70.958 0.1000000015
30957  -24.862  -52.897  67.902 0.1000000015
142118  -24.636  -51.985  66.884 0.1000000015
35420  -26.806  -47.064  65.386 0.1000000015
35421  -27.626  -47.502  65.423 0.1000000015
32725  -25.328  -50.191  69.792 0.1000000015
32736  -25.218  -50.558  68.731 0.1000000015
32720  -25.377  -49.968  70.951 0.1000000015
31839  -24.982  -51.081  69.443 0.1000000015
33633  -26.073  -48.936  71.760 0.1000000015
33634  -26.787  -47.957  72.655 0.1000000015
30942  -24.982  -52.719  68.707 0.1000000015
132311  -24.993  -52.054  69.419 0.1000000015
30943  -25.097  -52.871  69.505 0.1000000015
131182  -25.349  -53.482  70.091 0.1000000015
144793  -25.571  -49.507  71.922 0.1000000015
31830  -25.095  -50.723  70.198 0.1000000015
125559  -25.048  -51.547  70.229 0.1000000015
30929  -25.181  -52.543  70.263 0.1000000015
30916  -25.230  -52.094  71.428 0.1000000015
35349  -26.427  -47.829  73.133 0.1000000015
36274  -25.815  -46.828  69.732 0.1000000015
29146  -25.174  -55.164  69.955 0.1000000015
30015  -25.364  -54.289  69.893 0.1000000015
35436  -28.907  -48.084  64.282 0.1000000015
31799  -24.872  -51.450  74.075 0.1000000015
32703  -24.987  -50.592  74.378 0.1000000015
131038  -25.199  -50.660  73.289 0.1000000015
32704  -25.342  -49.758  73.710 0.1000000015
33620  -25.008  -49.384  74.286 0.1000000015
31821  -25.103  -51.211  72.318 0.1000000015
130104  -25.571  -48.906  73.883 0.1000000015
34498  -26.083  -48.153  73.550 0.1000000015
34497  -25.649  -47.994  73.692 0.1000000015
132332  -25.321  -52.929  72.329 0.1000000015
35366  -26.392  -47.452  72.274 0.1000000015
35355  -24.909  -47.578  72.343 0.1000000015
29995  -25.382  -53.298  71.310 0.1000000015
29986  -25.160  -53.276  73.428 0.1000000015
29130  -25.257  -55.055  72.676 0.1000000015
30004  -25.420  -54.202  70.853 0.1000000015
29147  -25.342  -54.861  70.610 0.1000000015
36299  -25.936  -46.672  66.343 0.1000000015
28179  -25.288  -55.627  71.208 0.1000000015
28185  -24.686  -55.853  69.521 0.1000000015
35452  -27.371  -47.145  63.906 0.1000000015
35473  -28.676  -47.484  62.714 0.1000000015
35474  -29.733  -47.554  62.523 0.1000000015
36361  -31.243  -46.636  61.771 0.1000000015
37255  -31.474  -45.383  60.890 0.1000000015
125371  -32.106  -44.520  60.704 0.1000000015
38087  -33.731  -44.114  61.203 0.1000000015
144084  -34.232  -43.790  60.973 0.1000000015
38984  -35.415  -44.021  61.076 0.1000000015
136598  -35.248  -43.258  59.916 0.1000000015
31811  -25.135  -51.456  73.560 0.1000000015
30888  -24.873  -52.166  73.898 0.1000000015
34496  -24.999  -48.428  74.017 0.1000000015
32702  -24.486  -50.176  73.811 0.1000000015
30907  -25.211  -52.261  72.896 0.1000000015
133052  -24.378  -48.461  72.975 0.1000000015
33619  -24.413  -49.169  73.572 0.1000000015
145629  -25.068  -53.704  73.501 0.1000000015
138210  -24.862  -47.219  70.665 0.1000000015
131202  -25.150  -54.200  73.213 0.1000000015
35373  -24.953  -46.954  69.820 0.1000000015
28174  -25.357  -55.808  72.310 0.1000000015
36289  -25.371  -46.679  67.718 0.1000000015
36288  -24.804  -46.699  68.282 0.1000000015
36311  -26.464  -46.824  64.822 0.1000000015
36326  -26.679  -46.652  64.211 0.1000000015
35472  -27.700  -47.138  63.009 0.1000000015
36358  -28.027  -47.056  62.111 0.1000000015
36380  -29.657  -46.560  61.305 0.1000000015
36359  -29.146  -47.120  61.924 0.1000000015
126890  -31.045  -46.039  61.016 0.1000000015
139954  -31.606  -44.816  60.635 0.1000000015
133887  -36.888  -44.509  61.849 0.1000000015
39026  -36.047  -43.297  59.787 0.1000000015
38985  -36.159  -43.939  60.971 0.1000000015
38986  -36.946  -44.125  61.190 0.1000000015
39027  -36.898  -43.292  59.690 0.1000000015
39006  -37.382  -43.865  60.317 0.1000000015
39007  -38.298  -43.892  60.231 0.1000000015
38088  -38.856  -44.332  60.948 0.1000000015
31809  -24.204  -51.877  73.470 0.1000000015
145917  -24.499  -51.092  73.951 0.1000000015
30895  -24.008  -52.737  73.149 0.1000000015
31820  -23.786  -51.966  72.540 0.1000000015
32711  -23.893  -50.995  72.833 0.1000000015
29978  -24.985  -53.108  73.686 0.1000000015
30906  -23.687  -52.672  71.750 0.1000000015
137881  -23.464  -50.450  71.780 0.1000000015
29985  -24.584  -53.420  73.466 0.1000000015
29994  -24.050  -53.581  72.711 0.1000000015
126989  -23.836  -49.873  72.681 0.1000000015
29120  -25.024  -54.883  73.061 0.1000000015
29118  -24.532  -54.394  73.022 0.1000000015
35364  -24.356  -47.788  71.043 0.1000000015
34507  -24.319  -48.062  72.072 0.1000000015
28168  -25.094  -55.748  72.914 0.1000000015
28167  -24.857  -55.138  73.024 0.1000000015
36280  -25.072  -46.784  69.061 0.1000000015
27226  -25.067  -56.263  70.820 0.1000000015
27215  -25.143  -56.355  72.532 0.1000000015
36310  -26.041  -46.674  65.386 0.1000000015
36341  -26.925  -46.591  63.415 0.1000000015
37232  -29.217  -46.128  60.821 0.1000000015
38071  -40.294  -44.961  61.487 0.1000000015
142615  -35.520  -42.483  58.845 0.1000000015
144504  -35.612  -42.887  59.426 0.1000000015
39008  -39.121  -43.832  60.188 0.1000000015
39996  -36.056  -42.154  58.536 0.1000000015
39975  -36.317  -42.686  59.143 0.1000000015
39028  -37.799  -43.292  59.612 0.1000000015
39997  -36.753  -42.095  58.604 0.1000000015
39976  -37.263  -42.653  59.119 0.1000000015
129653  -39.119  -42.590  59.081 0.1000000015
39029  -38.704  -43.213  59.626 0.1000000015
39998  -37.536  -41.979  58.647 0.1000000015
39977  -38.209  -42.541  58.998 0.1000000015
39978  -39.800  -42.608  59.010 0.1000000015
40000  -39.615  -41.993  58.784 0.1000000015
31829  -23.517  -51.456  71.388 0.1000000015
30003  -23.672  -53.599  71.448 0.1000000015
30012  -23.054  -53.586  69.559 0.1000000015
29145  -23.137  -54.410  70.232 0.1000000015
127466  -23.925  -54.462  72.197 0.1000000015
132444  -23.525  -54.243  71.097 0.1000000015
32719  -23.403  -49.571  71.400 0.1000000015
127684  -23.078  -49.650  70.294 0.1000000015
28166  -24.921  -55.953  72.977 0.1000000015
29129  -24.336  -55.484  72.667 0.1000000015
29138  -23.582  -55.190  71.506 0.1000000015
34516  -23.768  -48.384  70.985 0.1000000015
35372  -23.944  -47.466  69.769 0.1000000015
34521  -23.418  -48.146  70.141 0.1000000015
124194  -24.629  -46.602  67.409 0.1000000015
35380  -24.305  -46.980  68.906 0.1000000015
36309  -25.387  -46.443  65.735 0.1000000015
36298  -25.216  -46.557  66.704 0.1000000015
36357  -27.205  -46.589  62.531 0.1000000015
36378  -27.590  -46.447  61.701 0.1000000015
38089  -39.652  -44.351  60.806 0.1000000015
37256  -42.283  -45.679  60.980 0.1000000015
39009  -39.755  -43.929  60.022 0.1000000015
38090  -40.529  -44.440  60.280 0.1000000015
38092  -42.741  -45.037  60.063 0.1000000015
37257  -43.610  -46.088  60.967 0.1000000015
39030  -39.551  -43.214  59.522 0.1000000015
39031  -40.324  -43.614  59.466 0.1000000015
38107  -42.959  -44.375  59.824 0.1000000015
39034  -43.878  -44.112  60.111 0.1000000015
145686  -38.170  -41.792  58.656 0.1000000015
39999  -38.812  -41.923  58.738 0.1000000015
139397  -40.207  -42.947  59.124 0.1000000015
39032  -41.772  -43.358  59.332 0.1000000015
40986  -40.121  -41.369  58.849 0.1000000015
39980  -41.420  -42.443  59.197 0.1000000015
39981  -42.440  -42.694  59.574 0.1000000015
40988  -42.061  -41.689  59.621 0.1000000015
40989  -43.100  -42.136  59.955 0.1000000015
30020  -20.926  -53.500  68.219 0.1000000015
30021  -21.747  -53.526  68.425 0.1000000015
29151  -20.300  -54.133  68.474 0.1000000015
29152  -21.284  -54.351  68.493 0.1000000015
30927  -23.003  -52.874  69.020 0.1000000015
134817  -23.381  -52.898  69.864 0.1000000015
30022  -22.497  -53.535  68.854 0.1000000015
31838  -23.366  -51.342  69.957 0.1000000015
29144  -22.513  -54.914  69.583 0.1000000015
134103  -22.675  -54.143  69.356 0.1000000015
135035  -23.084  -50.370  69.546 0.1000000015
130617  -23.285  -50.460  70.684 0.1000000015
27224  -23.997  -56.982  72.219 0.1000000015
28178  -23.896  -56.161  72.341 0.1000000015
29137  -23.068  -55.301  70.537 0.1000000015
34527  -23.161  -47.921  69.300 0.1000000015
28173  -24.617  -56.581  72.658 0.1000000015
35379  -23.358  -47.383  68.596 0.1000000015
27219  -25.059  -57.074  72.379 0.1000000015
36340  -26.317  -46.104  63.805 0.1000000015
36325  -26.082  -46.366  64.533 0.1000000015
38093  -45.172  -44.677  60.639 0.1000000015
37258  -45.196  -45.908  60.794 0.1000000015
41001  -38.511  -41.173  58.596 0.1000000015
39010  -45.210  -43.724  60.644 0.1000000015
136896  -37.764  -41.208  58.491 0.1000000015
40987  -41.019  -41.514  59.174 0.1000000015
40979  -44.353  -42.070  60.763 0.1000000015
39965  -46.204  -42.988  61.122 0.1000000015
42010  -39.702  -40.561  58.912 0.1000000015
41997  -42.251  -40.954  60.031 0.1000000015
40978  -43.032  -41.429  60.254 0.1000000015
40980  -45.966  -42.401  61.638 0.1000000015
29150  -19.677  -54.370  68.848 0.1000000015
127497  -20.001  -54.970  68.574 0.1000000015
134189  -20.687  -54.844  68.484 0.1000000015
30939  -21.458  -52.791  67.990 0.1000000015
30941  -22.998  -52.232  68.647 0.1000000015
27231  -22.358  -56.537  69.795 0.1000000015
28183  -22.045  -55.593  69.304 0.1000000015
28189  -21.351  -55.237  68.693 0.1000000015
31867  -22.600  -51.258  67.837 0.1000000015
31850  -23.109  -51.364  68.732 0.1000000015
27223  -23.268  -57.092  71.114 0.1000000015
28184  -22.730  -55.913  70.257 0.1000000015
32735  -22.752  -50.201  68.379 0.1000000015
139203  -22.784  -49.367  69.471 0.1000000015
28177  -23.415  -56.137  71.359 0.1000000015
133537  -22.492  -49.056  68.576 0.1000000015
33638  -23.163  -48.875  70.453 0.1000000015
35392  -23.993  -46.761  68.023 0.1000000015
126829  -24.731  -46.430  66.005 0.1000000015
36324  -25.519  -46.311  64.870 0.1000000015
36356  -26.525  -46.062  63.006 0.1000000015
38094  -46.380  -45.279  60.885 0.1000000015
37259  -46.573  -46.465  60.947 0.1000000015
39012  -46.227  -43.661  60.856 0.1000000015
39983  -45.977  -43.188  60.326 0.2000000030
39044  -45.712  -43.956  59.642 0.2000000030
41996  -41.507  -40.791  59.639 0.1000000015
41986  -42.999  -40.661  60.582 0.1000000015
123822  -43.939  -41.220  60.949 0.1000000015
40981  -46.396  -41.770  61.648 0.2000000030
40991  -46.463  -42.119  61.629 0.2000000030
40990  -46.112  -42.088  60.378 0.2000000030
41987  -44.326  -40.481  61.621 0.1000000015
41973  -45.712  -40.676  62.373 0.1000000015
41988  -46.046  -40.604  61.316 0.2000000030
145678  -45.735  -40.990  60.527 0.2000000030
27217  -17.847  -56.495  71.848 0.1000000015
27218  -18.291  -56.462  70.986 0.1000000015
28176  -18.457  -55.656  70.632 0.1000000015
28181  -18.851  -55.583  69.878 0.1000000015
27229  -18.963  -56.469  69.654 0.1000000015
29142  -19.231  -54.167  69.407 0.1000000015
30019  -20.250  -53.320  68.331 0.1000000015
27230  -19.613  -56.650  68.992 0.1000000015
134994  -19.351  -55.913  69.303 0.1000000015
28182  -19.415  -55.071  69.209 0.1000000015
27235  -20.547  -56.335  68.631 0.1000000015
28188  -20.628  -55.567  68.535 0.1000000015
30938  -20.644  -52.756  67.977 0.1000000015
27236  -21.434  -56.161  69.010 0.1000000015
30956  -22.070  -52.094  67.721 0.1000000015
132213  -22.233  -50.450  67.542 0.1000000015
36287  -23.887  -46.662  67.173 0.1000000015
35391  -23.256  -47.070  67.652 0.1000000015
36297  -24.500  -46.531  66.702 0.1000000015
36323  -24.945  -46.197  65.199 0.1000000015
37187  -25.762  -45.942  64.112 0.1000000015
37198  -25.975  -45.721  63.373 0.1000000015
37213  -26.809  -46.014  62.145 0.1000000015
130013  -45.666  -45.823  59.480 0.2000000030
39043  -44.636  -43.755  58.610 0.2000000030
122748  -42.914  -44.630  57.704 0.2000000030
43064  -39.277  -39.943  58.993 0.2000000030
41995  -40.577  -40.510  59.294 0.1000000015
41004  -44.947  -41.852  59.177 0.2000000030
40010  -43.222  -42.532  57.551 0.2000000030
39047  -42.691  -43.336  57.412 0.2000000030
121909  -45.499  -41.349  59.944 0.2000000030
41003  -43.974  -41.628  58.276 0.2000000030
40001  -44.509  -42.317  58.533 0.2000000030
43008  -45.625  -39.970  62.792 0.2000000030
41999  -45.031  -40.417  59.893 0.2000000030
42013  -44.431  -41.077  58.974 0.2000000030
28172  -18.121  -55.687  71.418 0.1000000015
135470  -18.019  -54.053  71.420 0.1000000015
133893  -18.605  -54.840  70.350 0.1000000015
29141  -18.754  -54.056  70.032 0.1000000015
30011  -19.587  -53.525  68.840 0.1000000015
134482  -18.943  -54.722  69.775 0.1000000015
30010  -18.947  -53.373  69.619 0.1000000015
130356  -19.796  -52.625  68.389 0.1000000015
31865  -20.668  -51.295  67.256 0.1000000015
31866  -21.719  -51.346  67.398 0.1000000015
139850  -21.788  -49.891  67.332 0.1000000015
34526  -22.607  -48.109  68.552 0.1000000015
126392  -22.652  -47.309  67.246 0.1000000015
36296  -23.877  -46.551  66.287 0.1000000015
35404  -23.152  -46.872  66.867 0.1000000015
37185  -24.464  -46.067  64.629 0.1000000015
37197  -25.359  -45.655  63.592 0.1000000015
40015  -42.415  -42.271  57.102 0.2000000030
39053  -41.819  -43.050  56.984 0.2000000030
43007  -44.230  -39.486  62.180 0.2000000030
42989  -46.572  -39.848  62.950 0.2000000030
42011  -42.718  -40.876  57.554 0.2000000030
41017  -42.803  -41.818  57.291 0.2000000030
43037  -46.236  -39.728  62.041 0.2000000030
43052  -44.078  -39.368  59.730 0.2000000030
41998  -43.851  -40.286  58.862 0.2000000030
43036  -45.337  -39.568  60.824 0.2000000030
28171  -17.798  -55.680  72.320 0.1000000015
29128  -17.915  -54.870  71.839 0.1000000015
135336  -17.737  -54.060  72.222 0.1000000015
29136  -18.406  -54.051  70.704 0.1000000015
29993  -18.178  -53.267  71.053 0.1000000015
30002  -18.544  -53.297  70.345 0.1000000015
30914  -18.302  -52.560  70.680 0.1000000015
30925  -18.653  -52.598  69.934 0.1000000015
30926  -19.145  -52.683  69.187 0.1000000015
31836  -18.792  -51.946  69.439 0.1000000015
30953  -19.565  -51.788  68.198 0.1000000015
31864  -19.884  -51.413  67.566 0.1000000015
30954  -20.279  -52.035  67.756 0.1000000015
32758  -19.830  -50.683  67.141 0.1000000015
32759  -21.400  -50.565  67.153 0.1000000015
138406  -20.667  -50.452  66.941 0.1000000015
130789  -21.146  -49.806  66.968 0.1000000015
34534  -21.735  -48.453  67.266 0.1000000015
34533  -20.906  -48.971  66.795 0.1000000015
35389  -22.006  -47.808  67.144 0.1000000015
35418  -22.267  -46.891  65.789 0.1000000015
36307  -23.488  -46.513  65.588 0.1000000015
36306  -22.740  -46.629  65.287 0.1000000015
36339  -23.924  -45.952  64.081 0.1000000015
37196  -24.579  -45.714  63.729 0.1000000015
37209  -24.074  -45.403  62.860 0.1000000015
37210  -24.919  -45.273  62.929 0.1000000015
59185  -47.841  -22.249  62.525 0.3000000119
41023  -42.050  -41.556  56.853 0.2000000030
40014  -41.685  -41.982  56.588 0.2000000030
39052  -41.149  -42.741  56.465 0.2000000030
44025  -46.130  -38.666  63.389 0.2000000030
42027  -42.372  -41.259  57.123 0.2000000030
42035  -41.779  -41.080  56.666 0.2000000030
40024  -40.352  -41.944  55.520 0.2000000030
44055  -45.755  -38.759  61.919 0.2000000030
43066  -43.000  -39.571  58.735 0.2000000030
42026  -41.899  -40.674  56.980 0.2000000030
43087  -41.212  -40.265  56.570 0.2000000030
44073  -43.120  -37.929  59.636 0.2000000030
43065  -42.061  -39.322  58.293 0.2000000030
43078  -41.652  -39.884  57.378 0.2000000030
43086  -40.681  -40.016  56.232 0.2000000030
42056  -38.950  -40.823  54.323 0.2000000030
44102  -40.579  -38.541  57.850 0.2000000030
43076  -40.139  -39.430  57.132 0.2000000030
44127  -37.113  -38.875  55.180 0.2000000030
43101  -36.860  -39.210  54.305 0.2000000030
128944  -35.039  -35.323  52.576 0.2000000030
50425  -35.705  -31.592  50.600 0.2000000030
50424  -34.772  -31.214  51.198 0.3000000119
123015  -34.427  -30.637  51.682 0.3000000119
41028  -40.724  -41.110  55.696 0.2000000030
42048  -40.098  -40.883  55.396 0.2000000030
42033  -40.851  -40.448  56.015 0.2000000030
43096  -40.412  -40.240  55.795 0.2000000030
43104  -39.371  -40.315  55.098 0.2000000030
44089  -41.735  -38.357  58.701 0.2000000030
44088  -41.152  -38.095  58.356 0.2000000030
43085  -40.147  -39.744  56.075 0.2000000030
43095  -39.788  -40.005  55.591 0.2000000030
43115  -38.299  -40.100  54.046 0.2000000030
44101  -39.797  -38.433  57.528 0.2000000030
44100  -39.160  -38.137  57.277 0.2000000030
43093  -38.105  -39.374  55.315 0.2000000030
43102  -37.833  -39.578  54.472 0.2000000030
45065  -37.945  -37.390  56.351 0.2000000030
44115  -37.490  -38.423  56.030 0.2000000030
45086  -35.941  -37.717  55.110 0.2000000030
45084  -34.794  -36.866  54.052 0.2000000030
52528  -34.574  -29.897  53.820 0.4000000060
46935  -35.965  -35.599  53.385 0.2000000030
46020  -35.083  -35.684  53.146 0.2000000030
47764  -35.516  -34.763  51.881 0.2000000030
50415  -34.126  -31.443  53.044 0.4000000060
47765  -37.048  -34.496  51.699 0.2000000030
47777  -36.421  -34.126  50.978 0.2000000030
48651  -36.989  -33.087  50.635 0.2000000030
49540  -35.500  -31.723  51.322 0.2000000030
50419  -34.572  -31.366  52.075 0.3000000119
132155  -37.315  -33.757  51.142 0.2000000030
55357  -40.571  -25.804  73.378 0.2000000030
55366  -40.481  -26.688  73.255 0.4000000060
45046  -43.181  -36.825  59.663 0.2000000030
45053  -41.596  -37.265  58.705 0.2000000030
45054  -42.290  -37.560  59.246 0.2000000030
146000  -36.054  -29.458  55.841 0.6000000238
45060  -40.373  -37.496  57.715 0.2000000030
45067  -39.368  -37.056  57.098 0.2000000030
52518  -34.811  -29.761  54.707 0.4000000060
45066  -38.608  -37.661  56.839 0.2000000030
45075  -37.114  -37.291  55.911 0.2000000030
45074  -36.454  -37.301  55.468 0.2000000030
51475  -34.172  -30.704  53.761 0.4000000060
144290  -34.478  -30.237  55.162 0.4000000060
46002  -37.024  -36.463  55.195 0.2000000030
46012  -36.558  -36.178  54.530 0.2000000030
46936  -37.210  -35.038  52.547 0.2000000030
49548  -37.282  -32.633  51.047 0.2000000030
49547  -36.607  -32.283  50.695 0.2000000030
49541  -36.649  -32.272  51.400 0.2000000030
56274  -41.451  -25.046  72.621 0.2000000030
131762  -41.178  -25.770  72.794 0.3000000119
56275  -42.121  -25.413  71.823 0.2000000030
55421  -43.035  -26.162  68.107 0.5000000000
45983  -42.280  -36.208  58.838 0.2000000030
140606  -42.270  -35.554  58.656 0.3000000119
45982  -41.897  -36.000  57.792 0.2000000030
45988  -40.553  -36.406  57.172 0.2000000030
52507  -35.079  -29.802  55.493 0.6000000238
50412  -33.955  -31.452  54.117 0.5000000000
51468  -34.285  -30.465  54.479 0.4000000060
121442  -37.514  -35.728  54.229 0.2000000030
46925  -36.788  -35.621  53.728 0.2000000030
47766  -37.671  -34.482  51.970 0.2000000030
47778  -37.643  -33.915  51.627 0.2000000030
49542  -37.338  -32.746  51.653 0.2000000030
48652  -37.430  -33.202  51.261 0.2000000030
57205  -41.668  -24.191  72.345 0.2000000030
57218  -42.550  -23.766  71.364 0.1000000015
58180  -42.924  -23.481  70.659 0.1000000015
56301  -43.217  -25.325  70.387 0.1000000015
58193  -43.406  -24.077  69.862 0.2000000030
126173  -43.667  -23.439  69.223 0.3000000119
57238  -43.453  -24.664  68.950 0.4000000060
58205  -43.644  -24.031  67.548 0.3000000119
57249  -43.795  -24.040  66.746 0.3000000119
58218  -45.434  -23.026  65.376 0.3000000119
56338  -43.057  -25.186  65.736 0.5000000000
56337  -42.575  -25.602  65.092 0.8000000119
56350  -49.715  -25.234  64.021 0.5000000000
56345  -43.268  -25.074  64.579 0.8000000119
58265  -48.285  -23.686  61.506 0.4000000060
56354  -43.778  -25.333  63.643 0.8000000119
46864  -34.299  -35.833  61.197 0.6999999881
47706  -33.892  -34.595  61.703 0.6999999881
46872  -33.929  -35.850  60.341 0.6999999881
47708  -33.438  -34.710  60.307 0.5000000000
48594  -33.822  -33.439  60.806 0.6000000238
121918  -37.017  -35.676  59.058 0.5000000000
46886  -36.077  -35.755  59.086 0.6000000238
46885  -34.504  -35.772  59.285 0.5000000000
47721  -37.419  -34.840  57.839 0.4000000060
45990  -42.083  -35.196  57.357 0.3000000119
51440  -34.813  -30.620  57.478 0.6000000238
45989  -41.674  -35.533  57.162 0.2000000030
46908  -41.723  -34.877  57.083 0.3000000119
51450  -34.694  -30.522  56.728 0.5000000000
45996  -40.073  -35.954  56.441 0.2000000030
46004  -39.699  -35.440  55.437 0.2000000030
50403  -34.082  -31.061  56.285 0.5000000000
130403  -34.579  -30.413  55.869 0.6000000238
46919  -39.094  -35.302  54.715 0.2000000030
49527  -34.357  -32.370  53.631 0.4000000060
46003  -38.144  -36.378  55.644 0.2000000030
46937  -37.998  -35.017  53.238 0.2000000030
47767  -37.923  -33.885  52.304 0.2000000030
49533  -36.334  -32.423  52.360 0.2000000030
49532  -34.909  -32.178  52.384 0.2000000030
59106  -43.634  -22.508  69.592 0.2000000030
139927  -43.852  -23.013  68.528 0.3000000119
59147  -44.606  -22.781  67.005 0.3000000119
58211  -44.289  -23.277  66.346 0.3000000119
59148  -45.606  -22.203  67.013 0.1000000015
59158  -44.966  -22.630  66.098 0.3000000119
48593  -33.495  -33.980  60.156 0.6000000238
49499  -34.204  -32.593  60.658 0.6999999881
46907  -36.405  -35.067  57.744 0.4000000060
47720  -35.199  -35.089  57.780 0.5000000000
46896  -33.554  -34.984  59.240 0.5000000000
48598  -33.445  -33.691  59.336 0.6000000238
49504  -33.944  -32.401  59.859 0.6000000238
47732  -38.172  -34.239  57.010 0.4000000060
47730  -35.995  -34.641  57.167 0.4000000060
47719  -34.142  -34.504  57.670 0.5000000000
47728  -33.498  -34.024  58.066 0.5000000000
49508  -33.439  -32.629  58.015 0.6000000238
47742  -39.364  -33.848  56.155 0.4000000060
136558  -37.571  -34.064  56.424 0.4000000060
47731  -37.020  -34.536  57.140 0.4000000060
48605  -33.743  -33.642  57.306 0.5000000000
48604  -33.443  -33.340  57.861 0.5000000000
50387  -33.675  -31.943  58.443 0.5000000000
48613  -38.051  -33.568  55.661 0.4000000060
49513  -33.514  -32.393  57.177 0.5000000000
51429  -34.526  -30.926  58.075 0.6000000238
47735  -41.127  -34.472  56.982 0.3000000119
47747  -39.729  -33.409  54.341 0.3000000119
48623  -38.691  -33.102  54.593 0.3000000119
48611  -34.913  -34.052  56.006 0.5000000000
48620  -34.481  -33.541  55.533 0.4000000060
50402  -33.657  -31.694  56.783 0.5000000000
46921  -40.276  -34.319  55.807 0.3000000119
46920  -40.076  -34.486  55.141 0.3000000119
47751  -39.687  -33.376  53.976 0.3000000119
48632  -39.519  -32.955  53.970 0.3000000119
48631  -38.780  -32.729  53.715 0.2000000030
49523  -34.183  -33.010  55.136 0.4000000060
49522  -33.843  -32.514  55.614 0.5000000000
46927  -39.566  -34.467  54.070 0.3000000119
46938  -39.071  -34.145  53.485 0.3000000119
49526  -33.951  -32.198  54.819 0.5000000000
50407  -33.743  -31.778  55.844 0.5000000000
46926  -38.671  -35.205  53.967 0.2000000030
46949  -37.903  -34.539  52.451 0.2000000030
48638  -36.303  -32.690  53.376 0.2000000030
133027  -34.962  -32.699  53.200 0.3000000119
139689  -34.457  -32.897  54.315 0.4000000060
48645  -37.645  -33.313  52.057 0.2000000030
59105  -42.661  -22.456  70.844 0.1000000015
128716  -43.903  -21.619  69.465 0.1000000015
59143  -44.880  -22.199  67.666 0.3000000119
59149  -46.525  -22.001  66.775 0.2000000030
127568  -50.108  -23.810  64.132 0.4000000060
47740  -36.608  -34.263  56.516 0.4000000060
133049  -35.032  -34.536  57.198 0.4000000060
47729  -34.482  -34.082  56.892 0.4000000060
48609  -33.678  -33.044  56.757 0.5000000000
137050  -37.179  -33.852  55.947 0.4000000060
48610  -34.134  -33.560  56.409 0.5000000000
48622  -36.542  -33.383  54.746 0.3000000119
48621  -35.369  -33.740  55.136 0.4000000060
48619  -33.917  -33.061  55.946 0.4000000060
47758  -39.128  -33.025  53.608 0.2000000030
144636  -36.932  -32.765  53.980 0.2000000030
48639  -37.766  -32.678  53.443 0.2000000030
48637  -34.986  -33.084  53.905 0.3000000119
47757  -38.492  -33.887  52.964 0.2000000030
141306  -38.180  -33.107  53.056 0.2000000030
49534  -37.420  -32.680  52.544 0.2000000030
142885  -34.658  -32.816  53.786 0.3000000119
60099  -43.563  -20.787  69.934 0.1000000015
59122  -44.480  -21.486  68.817 0.1000000015
60142  -46.265  -21.579  67.396 0.2000000030
59160  -46.906  -22.469  66.070 0.2000000030
60143  -46.926  -21.167  67.268 0.2000000030
59092  -41.591  -21.386  71.213 0.1000000015
60085  -42.151  -20.387  70.883 0.1000000015
60100  -44.293  -20.614  69.325 0.1000000015
60116  -45.638  -20.611  68.359 0.1000000015
59151  -48.058  -21.725  66.407 0.2000000030
131089  -49.512  -23.597  64.730 0.3000000119
58240  -50.590  -23.364  63.105 0.5000000000
136237  -49.696  -23.549  61.409 0.4000000060
61029  -43.709  -19.798  69.628 0.1000000015
61040  -45.360  -19.512  68.629 0.1000000015
61041  -46.016  -19.668  68.232 0.1000000015
60131  -47.520  -19.437  67.292 0.1000000015
133149  -46.412  -20.594  67.894 0.1000000015
60144  -47.680  -20.724  66.944 0.2000000030
60145  -48.454  -20.888  66.378 0.2000000030
60155  -49.038  -21.048  65.648 0.2000000030
59163  -49.164  -22.115  65.396 0.2000000030
59168  -49.897  -22.059  64.501 0.3000000119
58241  -50.720  -22.712  62.373 0.5000000000
141271  -49.525  -22.825  64.855 0.2000000030
58252  -50.308  -22.963  61.816 0.3000000119
61058  -48.267  -19.935  66.697 0.2000000030
60156  -49.597  -21.220  64.823 0.2000000030
58234  -50.567  -22.597  63.213 0.4000000060
60163  -50.510  -21.190  63.468 0.3000000119
59186  -49.319  -22.286  62.285 0.3000000119
61940  -46.972  -18.713  67.386 0.1000000015
61073  -48.888  -20.156  65.931 0.2000000030
61974  -49.377  -19.321  65.465 0.1000000015
60162  -50.342  -21.185  64.115 0.1000000015
61959  -48.047  -19.008  66.671 0.1000000015
61986  -49.921  -19.314  64.605 0.1000000015
58250  -47.307  -23.025  62.364 0.5000000000
145872  -52.480  -17.553  53.317 0.6000000238
64860  -52.887  -16.726  52.432 0.5000000000
63929  -53.063  -17.220  53.165 0.5000000000
58249  -46.129  -23.031  62.622 0.5000000000
63913  -51.097  -18.276  53.451 0.6000000238
62996  -51.429  -18.585  54.353 0.5000000000
62997  -52.382  -18.422  54.679 0.5000000000
63927  -51.218  -17.712  52.745 0.6000000238
120898  -51.926  -17.949  53.560 0.5000000000
63914  -52.999  -17.809  54.027 0.5000000000
60184  -48.530  -21.243  62.580 0.3000000119
62983  -50.996  -19.101  55.130 0.5000000000
62984  -51.846  -18.823  55.448 0.5000000000
137849  -48.520  -19.619  55.168 0.6000000238
62969  -49.885  -19.206  55.704 0.4000000060
62956  -51.495  -18.748  56.442 0.3000000119
63881  -51.407  -17.390  57.378 0.3000000119
63882  -52.367  -18.098  57.299 0.3000000119
63867  -52.857  -17.355  57.645 0.3000000119
62971  -52.377  -18.701  56.475 0.5000000000
62972  -53.831  -18.241  55.841 0.5000000000
125549  -54.112  -17.818  54.926 0.5000000000
64882  -53.604  -16.212  52.042 0.5000000000
64788  -51.405  -14.977  58.292 0.3000000119
66611  -50.654  -13.968  57.557 0.3000000119
64799  -53.044  -16.562  57.686 0.3000000119
63883  -53.610  -17.598  57.130 0.5000000000
63915  -53.968  -17.263  53.869 0.5000000000
63896  -54.235  -17.781  56.457 0.5000000000
57248  -43.341  -24.723  67.265 0.4000000060
58228  -44.975  -23.586  64.777 0.5000000000
57261  -43.683  -24.415  65.131 0.5000000000
56315  -43.286  -25.515  68.462 0.4000000060
56287  -42.865  -25.677  71.080 0.2000000030
55377  -42.373  -26.426  71.459 0.3000000119
55389  -43.155  -26.052  70.247 0.3000000119
57232  -43.406  -25.024  69.728 0.3000000119
57243  -43.444  -24.785  68.069 0.3000000119
37211  -25.521  -45.388  62.825 0.1000000015
37253  -29.806  -45.593  60.430 0.1000000015
45047  -43.919  -37.360  60.351 0.2000000030
45038  -44.609  -37.154  61.256 0.2000000030
39003  -34.795  -43.670  60.574 0.1000000015
44056  -46.433  -39.270  62.771 0.2000000030
44054  -44.734  -37.965  61.069 0.2000000030
46914  -40.857  -34.632  56.556 0.3000000119
47722  -38.425  -34.572  57.889 0.4000000060
43050  -41.249  -39.913  59.875 0.1000000015
41985  -42.047  -40.267  60.245 0.1000000015
40999  -36.212  -41.550  58.242 0.1000000015
42009  -38.908  -40.461  58.734 0.1000000015
143461  -35.185  -36.338  60.342 0.6999999881
45973  -35.693  -36.342  59.962 0.6999999881
46863  -33.669  -35.193  60.863 0.6999999881
48583  -33.606  -34.291  60.928 0.6999999881
49488  -34.366  -32.906  61.468 0.6999999881
145702  -34.858  -31.273  59.519 0.6999999881
49503  -33.560  -32.728  59.041 0.6000000238
51441  -35.463  -30.179  57.178 0.6999999881
55368  -41.756  -26.163  72.138 0.3000000119
55399  -42.869  -26.723  69.901 0.6999999881
55410  -43.132  -26.181  68.777 0.5000000000
56329  -42.487  -26.030  66.306 0.6999999881
56322  -43.127  -25.454  67.748 0.5000000000
59159  -45.941  -22.506  66.087 0.2000000030
58229  -45.975  -23.620  64.772 0.5000000000
56344  -42.874  -25.613  63.992 0.8000000119
59182  -45.073  -22.102  62.245 0.5000000000
36379  -28.600  -46.624  61.419 0.1000000015
47748  -39.903  -33.930  55.018 0.3000000119
64861  -54.067  -16.681  52.920 0.5000000000
35356  -25.707  -47.480  73.015 0.1000000015
35434  -27.099  -47.144  64.698 0.1000000015
32712  -25.256  -50.104  72.237 0.1000000015
35453  -28.291  -47.632  63.609 0.1000000015
35365  -25.396  -47.295  71.763 0.1000000015
36381  -30.504  -46.428  61.312 0.1000000015
33627  -23.829  -49.089  72.500 0.1000000015
38987  -37.945  -44.299  61.038 0.1000000015
33632  -23.697  -48.714  71.675 0.1000000015
39979  -40.456  -42.287  58.935 0.1000000015
41002  -39.285  -41.266  58.709 0.1000000015
30915  -23.504  -52.253  70.445 0.1000000015
133064  -23.548  -52.993  70.714 0.1000000015
30013  -23.408  -53.603  70.412 0.1000000015
38091  -41.639  -44.777  60.135 0.1000000015
38105  -41.211  -43.956  59.426 0.1000000015
38108  -43.816  -44.946  60.311 0.1000000015
38106  -42.150  -44.197  59.591 0.1000000015
39033  -42.764  -43.667  59.663 0.1000000015
39982  -43.847  -43.059  60.229 0.1000000015
29153  -22.126  -54.239  68.841 0.1000000015
29143  -21.882  -54.879  68.899 0.1000000015
30940  -22.355  -52.740  68.335 0.1000000015
30928  -23.310  -52.143  69.385 0.1000000015
33637  -22.868  -48.526  69.422 0.1000000015
39011  -46.240  -44.139  60.891 0.1000000015
140790  -45.112  -43.041  61.097 0.1000000015
39966  -46.232  -42.727  61.164 0.2000000030
40969  -45.416  -41.456  61.729 0.1000000015
133587  -22.720  -51.959  68.148 0.1000000015
32760  -22.265  -49.558  67.806 0.1000000015
37212  -26.159  -45.574  62.593 0.1000000015
38109  -46.252  -45.008  60.256 0.1000000015
37266  -46.344  -46.329  60.285 0.1000000015
139738  -45.368  -42.539  59.422 0.2000000030
128148  -45.088  -43.070  59.032 0.2000000030
38115  -45.170  -44.840  59.112 0.2000000030
132280  -46.413  -41.225  62.113 0.2000000030
42000  -46.230  -41.564  61.187 0.2000000030
41974  -46.390  -40.282  62.616 0.1000000015
142132  -18.631  -57.011  69.925 0.1000000015
27222  -18.587  -56.398  70.240 0.1000000015
133888  -18.265  -54.879  71.041 0.1000000015
28187  -19.862  -55.853  68.683 0.1000000015
30955  -21.137  -52.113  67.569 0.1000000015
33644  -22.175  -48.668  67.925 0.1000000015
35390  -22.635  -47.618  67.879 0.1000000015
36308  -24.236  -46.333  65.435 0.1000000015
37186  -25.142  -45.960  64.382 0.1000000015
37272  -45.592  -46.934  59.416 0.2000000030
38114  -43.904  -44.754  58.321 0.2000000030
40011  -44.123  -42.823  58.136 0.2000000030
39048  -43.582  -43.520  57.920 0.2000000030
38122  -43.305  -46.003  57.780 0.2000000030
41018  -43.599  -42.062  57.811 0.2000000030
42012  -43.486  -40.985  58.181 0.2000000030
33660  -21.683  -49.150  67.351 0.1000000015
34535  -22.196  -48.073  67.816 0.1000000015
36295  -22.962  -46.706  66.105 0.1000000015
36322  -23.516  -46.308  64.761 0.1000000015
42028  -43.135  -41.471  57.617 0.2000000030
144790  -43.070  -40.406  58.180 0.2000000030
44075  -44.716  -38.772  60.664 0.2000000030
44074  -43.860  -38.370  60.155 0.2000000030
43051  -43.237  -38.776  59.453 0.2000000030
31837  -19.243  -52.099  68.825 0.1000000015
33658  -19.270  -49.855  67.008 0.1000000015
33659  -20.265  -49.829  66.764 0.1000000015
35403  -22.304  -47.228  66.505 0.1000000015
35402  -21.417  -47.689  66.398 0.1000000015
41022  -41.369  -41.220  56.275 0.2000000030
126524  -41.034  -41.814  56.032 0.2000000030
40019  -40.521  -42.779  55.940 0.2000000030
42034  -41.310  -40.748  56.336 0.2000000030
141848  -42.403  -40.160  57.796 0.2000000030
44090  -42.497  -38.642  59.092 0.2000000030
44103  -41.296  -39.027  57.985 0.2000000030
43077  -40.931  -39.652  57.130 0.2000000030
42046  -38.929  -40.435  54.511 0.2000000030
42055  -38.466  -40.642  53.859 0.2000000030
45052  -41.010  -37.357  58.167 0.2000000030
44109  -39.453  -39.135  56.942 0.2000000030
43114  -37.465  -39.766  53.743 0.2000000030
44126  -36.280  -38.465  54.846 0.2000000030
44136  -36.012  -38.883  54.029 0.2000000030
46948  -36.012  -35.116  52.548 0.2000000030
50430  -34.963  -31.156  50.609 0.2000000030
42040  -39.974  -40.507  55.487 0.2000000030
43084  -39.325  -39.492  56.057 0.2000000030
43094  -39.054  -39.765  55.368 0.2000000030
43103  -38.737  -39.964  54.674 0.2000000030
45059  -39.742  -37.516  57.445 0.2000000030
44107  -38.150  -38.266  56.511 0.2000000030
44116  -38.430  -39.077  56.057 0.2000000030
44114  -36.558  -38.055  55.646 0.2000000030
45073  -36.066  -36.862  54.966 0.2000000030
45085  -35.338  -37.262  54.610 0.2000000030
46011  -35.668  -36.335  54.271 0.2000000030
52538  -34.485  -29.796  52.892 0.3000000119
132502  -34.240  -30.474  53.213 0.4000000060
46010  -35.088  -36.184  53.723 0.2000000030
134771  -41.127  -36.532  57.627 0.2000000030
45995  -38.879  -36.697  56.423 0.2000000030
57206  -42.378  -24.598  71.603 0.2000000030
46918  -37.986  -35.762  54.908 0.2000000030
50408  -33.971  -31.004  55.231 0.3000000119
57226  -43.136  -24.462  70.491 0.1000000015
127819  -43.322  -23.015  70.089 0.1000000015
127587  -43.309  -25.658  69.739 0.2000000030
56308  -43.285  -25.561  69.143 0.4000000060
127374  -44.027  -23.455  67.080 0.3000000119
58199  -43.596  -23.872  68.331 0.3000000119
58206  -43.975  -23.030  67.739 0.3000000119
138579  -44.600  -23.269  65.511 0.3000000119
57256  -43.991  -23.891  65.844 0.4000000060
57255  -43.446  -24.612  66.299 0.4000000060
56330  -42.845  -25.299  66.871 0.4000000060
145330  -44.280  -23.794  65.083 0.5000000000
57272  -43.923  -24.727  64.270 0.6000000238
46899  -36.798  -35.355  58.450 0.6000000238
137116  -35.163  -35.990  59.378 0.6000000238
46884  -33.857  -35.670  59.613 0.5000000000
49498  -33.675  -33.145  59.961 0.6000000238
46898  -35.008  -35.545  58.668 0.5000000000
46897  -34.079  -35.327  58.894 0.5000000000
45997  -41.082  -35.193  56.650 0.2000000030
50399  -34.054  -31.094  57.309 0.5000000000
46913  -40.543  -34.897  55.864 0.3000000119
120610  -39.757  -34.701  54.669 0.3000000119
58179  -42.426  -22.858  71.392 0.1000000015
59121  -44.015  -22.414  69.004 0.2000000030
59134  -44.382  -22.249  68.314 0.2000000030
131365  -33.460  -34.250  58.848 0.5000000000
47718  -33.755  -34.695  58.485 0.5000000000
48600  -33.422  -33.450  58.494 0.5000000000
47741  -38.442  -33.773  56.167 0.4000000060
50398  -33.606  -31.801  57.650 0.5000000000
50392  -34.309  -31.376  58.709 0.6000000238
48614  -38.999  -33.540  55.323 0.4000000060
136536  -37.423  -33.484  55.143 0.3000000119
49518  -33.652  -32.414  56.348 0.5000000000
48624  -39.504  -33.269  54.440 0.3000000119
46928  -39.882  -33.968  54.467 0.3000000119
48630  -37.853  -32.776  54.158 0.3000000119
48628  -34.792  -33.397  54.681 0.3000000119
48629  -35.740  -33.216  54.310 0.3000000119
60086  -42.820  -20.862  70.468 0.1000000015
134633  -43.241  -21.826  70.256 0.1000000015
60128  -45.014  -21.479  68.231 0.1000000015
60129  -45.717  -21.544  67.838 0.2000000030
47739  -35.560  -34.318  56.607 0.4000000060
48612  -36.225  -33.938  55.751 0.4000000060
60115  -44.967  -20.534  68.755 0.1000000015
60130  -47.080  -20.241  67.537 0.2000000030
60070  -41.644  -20.672  71.050 0.1000000015
61008  -41.762  -20.249  70.914 0.1000000015
60071  -41.776  -20.732  71.153 0.1000000015
61047  -46.611  -19.312  67.794 0.1000000015
140834  -52.278  -17.006  57.911 0.3000000119
64790  -52.465  -16.114  58.105 0.3000000119
65690  -51.231  -14.264  57.171 0.3000000119
41704  -20.722  -41.527  80.104 0.3000000119
39789  -21.404  -42.475  79.367 0.3000000119
39798  -17.890  -42.677  78.783 0.5000000000
39786  -18.014  -42.339  79.131 0.4000000060
38845  -17.800  -42.999  77.857 0.6000000238
38846  -18.640  -43.117  78.107 0.5000000000
40768  -21.416  -41.768  80.095 0.3000000119
41705  -21.548  -41.016  80.236 0.3000000119
38857  -18.535  -43.294  76.888 0.6000000238
40783  -22.200  -42.054  79.552 0.4000000060
39797  -17.063  -42.490  78.581 0.4000000060
53550  -37.013  -28.192  53.906 0.4000000060
54566  -37.159  -27.950  52.355 0.4000000060
60394  -55.262  -19.654  45.994 0.2000000030
61256  -54.990  -19.249  47.078 0.2000000030
135297  -55.261  -18.820  46.601 0.2000000030
62177  -54.617  -18.660  45.908 0.2000000030
62184  -54.986  -18.720  45.012 0.2000000030
61289  -54.870  -18.925  43.949 0.2000000030
61249  -54.555  -19.724  48.107 0.3000000119
61254  -52.504  -19.524  47.038 0.2000000030
62170  -52.979  -19.288  45.517 0.2000000030
61288  -53.587  -19.427  43.773 0.2000000030
61247  -51.749  -20.292  47.348 0.3000000119
61263  -50.837  -20.154  45.418 0.2000000030
127178  -52.450  -19.841  43.700 0.2000000030
122027  -51.103  -20.173  44.122 0.2000000030
59352  -50.394  -21.860  48.194 0.3000000119
60360  -49.209  -21.746  46.925 0.2000000030
141865  -49.413  -20.741  45.499 0.2000000030
61273  -48.728  -20.483  44.186 0.2000000030
61305  -49.953  -20.720  43.184 0.2000000030
61274  -49.594  -20.474  44.349 0.2000000030
59184  -46.688  -22.263  62.777 0.4000000060
59183  -45.732  -22.196  62.773 0.4000000060
61108  -46.148  -20.393  61.857 0.4000000060
137162  -44.804  -21.450  60.490 0.5000000000
60221  -44.701  -21.258  59.501 0.5000000000
60236  -44.057  -21.635  58.371 0.5000000000
58387  -45.549  -23.787  47.685 0.4000000060
59361  -46.495  -22.760  46.536 0.3000000119
59373  -46.612  -22.379  45.918 0.3000000119
59407  -51.079  -22.259  41.470 0.2000000030
120704  -49.187  -23.318  49.019 0.3000000119
59339  -48.924  -22.844  48.183 0.3000000119
59350  -48.625  -22.487  47.457 0.3000000119
60368  -48.564  -21.559  46.181 0.2000000030
60374  -46.607  -21.911  45.092 0.2000000030
61284  -48.467  -20.583  43.518 0.2000000030
60208  -45.441  -20.621  60.478 0.4000000060
61120  -45.354  -20.465  59.743 0.4000000060
61138  -45.126  -20.312  58.144 0.4000000060
60237  -44.643  -21.125  58.641 0.4000000060
136187  -45.048  -21.127  56.085 0.4000000060
137028  -44.485  -23.272  46.611 0.4000000060
59360  -45.802  -22.782  46.142 0.3000000119
60434  -49.490  -21.818  42.002 0.2000000030
59357  -42.925  -23.092  45.928 0.4000000060
59371  -44.358  -22.644  45.240 0.2000000030
60402  -46.442  -21.151  43.687 0.2000000030
61303  -48.210  -20.895  42.886 0.2000000030
60412  -47.038  -21.425  41.857 0.2000000030
60388  -43.507  -22.014  44.122 0.3000000119
137334  -44.034  -21.956  43.789 0.2000000030
60401  -45.481  -21.488  43.465 0.2000000030
61300  -45.641  -21.108  42.049 0.2000000030
60400  -44.428  -21.735  43.211 0.2000000030
129725  -45.866  -20.237  60.869 0.4000000060
61121  -45.773  -19.188  59.142 0.2000000030
61130  -45.248  -20.330  58.939 0.2000000030
62052  -46.014  -17.735  57.766 0.2000000030
133405  -45.692  -20.461  56.181 0.4000000060
125639  -45.245  -20.674  56.683 0.4000000060
61150  -45.167  -20.465  57.369 0.3000000119
61165  -46.242  -20.319  55.535 0.4000000060
62196  -42.120  -19.546  42.326 0.2000000030
144078  -42.509  -19.441  41.696 0.2000000030
60386  -41.794  -21.624  44.483 0.3000000119
61296  -41.888  -19.988  43.038 0.2000000030
61320  -43.084  -20.501  41.775 0.2000000030
61333  -44.547  -20.348  40.724 0.2000000030
60387  -42.810  -21.355  44.033 0.2000000030
60409  -43.129  -21.233  42.379 0.2000000030
61114  -45.939  -19.356  59.937 0.2000000030
61131  -45.711  -19.076  58.477 0.2000000030
61139  -45.654  -19.136  57.833 0.2000000030
62951  -45.874  -17.678  56.901 0.2000000030
62060  -46.052  -17.976  57.091 0.2000000030
61151  -45.713  -19.481  57.059 0.3000000119
62061  -46.483  -18.407  56.482 0.3000000119
61152  -46.200  -19.588  56.436 0.4000000060
62070  -47.294  -20.003  55.293 0.4000000060
143919  -46.784  -20.186  55.342 0.4000000060
61260  -41.178  -21.251  44.851 0.4000000060
62195  -41.639  -19.280  42.917 0.2000000030
63088  -42.701  -18.936  41.165 0.2000000030
62212  -44.901  -19.985  40.142 0.2000000030
62217  -45.969  -20.097  39.126 0.2000000030
64020  -42.258  -17.407  42.484 0.2000000030
64022  -42.452  -17.594  41.715 0.2000000030
63089  -43.166  -18.497  40.447 0.2000000030
63097  -44.617  -18.002  38.968 0.2000000030
63098  -45.446  -18.127  38.489 0.2000000030
64955  -42.842  -17.078  41.171 0.2000000030
66770  -44.686  -14.786  39.174 0.2000000030
65876  -45.361  -15.726  37.993 0.2000000030
64956  -43.181  -16.366  41.497 0.2000000030
64026  -43.179  -17.436  40.298 0.2000000030
124634  -44.210  -16.008  39.016 0.2000000030
64034  -45.630  -17.234  38.077 0.2000000030
66754  -45.639  -14.526  42.233 0.3000000119
66767  -45.286  -14.230  40.552 0.3000000119
66777  -46.512  -14.704  37.653 0.2000000030
65861  -43.665  -15.765  41.872 0.3000000119
65866  -44.271  -15.299  41.465 0.3000000119
66760  -44.754  -14.760  41.007 0.3000000119
63906  -54.892  -17.243  55.354 0.4000000060
71266  -56.294  -9.085  49.313 0.4000000060
72163  -56.054  -8.894  48.279 0.4000000060
70408  -54.719  -10.543  47.177 0.4000000060
70409  -55.320  -10.088  47.942 0.4000000060
68534  -53.288  -12.234  46.544 0.4000000060
69473  -54.348  -11.213  46.516 0.4000000060
66752  -50.174  -13.915  43.716 0.5000000000
126212  -52.464  -13.600  44.276 0.5000000000
124745  -53.469  -12.504  45.513 0.4000000060
66758  -49.293  -14.048  42.864 0.6000000238
67669  -48.954  -13.786  42.236 0.5000000000
67665  -51.997  -13.841  43.269 0.5000000000
68547  -54.488  -12.713  44.814 0.5000000000
66762  -46.559  -13.986  41.680 0.4000000060
67682  -46.581  -13.648  40.382 0.4000000060
67684  -48.166  -13.257  40.671 0.3000000119
67592  -53.160  -13.587  49.507 0.5000000000
68512  -52.982  -12.886  48.078 0.5000000000
68525  -53.407  -12.301  47.608 0.5000000000
70401  -54.927  -10.686  48.397 0.4000000060
69487  -54.801  -11.759  45.488 0.4000000060
67672  -51.647  -13.614  42.706 0.5000000000
67659  -53.905  -13.715  43.760 0.5000000000
66749  -47.479  -14.534  43.539 0.5000000000
65721  -55.814  -15.538  54.365 0.4000000060
64862  -55.190  -16.257  53.192 0.4000000060
65761  -55.110  -15.382  51.904 0.4000000060
66665  -55.137  -14.313  50.904 0.4000000060
67593  -54.124  -13.158  49.842 0.4000000060
68514  -54.366  -12.029  49.121 0.4000000060
69448  -54.654  -11.373  48.796 0.4000000060
127789  -55.624  -11.497  45.224 0.4000000060
70417  -55.195  -10.007  46.656 0.4000000060
68548  -55.589  -12.498  44.444 0.5000000000
67667  -53.860  -14.020  42.999 0.5000000000
68562  -55.053  -13.256  43.894 0.4000000060
139073  -53.140  -13.312  42.634 0.5000000000
65744  -55.813  -15.112  53.472 0.4000000060
66654  -56.070  -14.274  52.138 0.4000000060
67577  -56.245  -13.442  52.039 0.4000000060
71265  -55.723  -9.581  48.642 0.4000000060
67594  -55.116  -13.243  50.272 0.4000000060
68501  -54.891  -12.538  49.846 0.4000000060
69449  -55.294  -10.932  49.386 0.4000000060
70402  -55.482  -10.230  49.046 0.4000000060
71272  -55.608  -9.434  47.502 0.4000000060
71281  -55.629  -9.361  46.075 0.4000000060
72172  -56.002  -8.737  47.113 0.4000000060
69488  -56.309  -12.030  44.495 0.4000000060
70430  -56.507  -11.194  44.871 0.4000000060
124762  -55.724  -12.749  43.865 0.5000000000
68564  -57.166  -12.258  44.000 0.4000000060
70438  -57.514  -11.373  44.513 0.4000000060
71255  -56.025  -9.758  49.631 0.4000000060
71282  -56.073  -8.614  45.866 0.4000000060
71293  -56.412  -9.989  45.250 0.4000000060
144993  -56.975  -10.734  44.834 0.4000000060
70431  -57.573  -10.372  44.806 0.4000000060
71294  -56.816  -9.115  45.271 0.4000000060
59410  -53.739  -21.911  41.072 0.2000000030
61307  -52.721  -20.235  42.974 0.2000000030
60437  -52.482  -21.443  41.792 0.2000000030
61306  -51.811  -20.442  43.089 0.2000000030
61286  -50.216  -20.467  43.843 0.2000000030
59408  -52.025  -22.142  41.362 0.2000000030
40769  -22.263  -41.337  80.143 0.4000000060
59340  -49.860  -22.630  48.587 0.3000000119
60196  -44.708  -21.961  61.388 0.6000000238
58377  -48.342  -23.390  48.465 0.3000000119
136964  -44.681  -23.808  47.870 0.4000000060
58386  -44.145  -23.617  47.289 0.4000000060
58398  -43.540  -23.386  46.657 0.4000000060
60269  -44.696  -21.216  56.788 0.4000000060
59369  -42.786  -22.631  45.153 0.3000000119
59368  -42.022  -22.299  45.026 0.3000000119
61271  -41.361  -20.865  44.319 0.3000000119
62182  -41.461  -19.543  43.619 0.2000000030
64019  -41.743  -18.009  42.864 0.2000000030
61177  -46.698  -20.276  54.864 0.5000000000
62080  -48.008  -19.949  55.009 0.4000000060
65760  -54.135  -15.574  51.664 0.5000000000
65777  -53.586  -15.149  51.048 0.4000000060
66664  -53.967  -14.379  50.652 0.4000000060
66748  -46.724  -14.523  43.248 0.4000000060
66742  -50.166  -14.062  44.517 0.5000000000
67640  -50.869  -13.745  44.805 0.5000000000
67641  -51.610  -13.439  45.208 0.5000000000
68533  -52.656  -12.729  46.044 0.5000000000
68524  -52.771  -12.756  47.121 0.5000000000
120859  -46.924  -23.875  48.275 0.3000000119
61280  -41.637  -20.365  43.713 0.2000000030
67604  -53.372  -13.012  48.988 0.5000000000
66750  -48.749  -14.311  43.354 0.6000000238
62071  -48.014  -19.476  55.609 0.4000000060
65742  -54.677  -16.012  52.346 0.4000000060
64838  -55.430  -16.734  54.838 0.4000000060
60197  -45.337  -21.203  61.412 0.4000000060
62172  -54.762  -19.015  47.035 0.2000000030
62161  -53.372  -19.243  46.595 0.2000000030
62183  -53.392  -19.232  44.664 0.2000000030
123846  -53.727  -19.932  42.919 0.2000000030
61248  -53.299  -19.784  47.865 0.2000000030
60362  -52.494  -20.510  48.337 0.3000000119
61253  -51.205  -20.178  46.392 0.2000000030
134326  -51.946  -19.596  45.986 0.2000000030
61276  -51.479  -19.776  44.959 0.2000000030
61287  -52.072  -19.686  44.376 0.2000000030
120656  -50.334  -20.949  46.822 0.2000000030
60361  -51.028  -21.138  47.752 0.3000000119
126836  -50.033  -21.604  47.464 0.3000000119
61252  -50.134  -20.579  45.880 0.2000000030
61262  -49.889  -20.458  45.084 0.2000000030
142668  -51.624  -20.143  43.692 0.2000000030
61275  -50.505  -20.279  44.600 0.2000000030
59351  -49.481  -22.230  47.766 0.3000000119
60369  -49.358  -21.065  46.149 0.2000000030
59363  -48.228  -22.198  46.742 0.3000000119
61261  -49.079  -20.640  44.884 0.2000000030
124812  -48.033  -21.463  45.546 0.2000000030
60376  -48.200  -20.833  44.775 0.2000000030
61272  -47.921  -20.540  44.022 0.2000000030
61285  -49.334  -20.528  43.638 0.2000000030
135068  -50.909  -20.563  43.326 0.2000000030
60416  -51.243  -21.015  42.623 0.2000000030
60415  -49.733  -21.210  42.626 0.2000000030
138466  -45.666  -21.457  62.380 0.4000000060
134323  -47.109  -23.371  47.659 0.3000000119
58400  -45.908  -23.240  46.963 0.4000000060
145850  -45.234  -23.163  46.564 0.3000000119
59348  -46.837  -23.059  47.089 0.3000000119
59362  -47.302  -22.428  46.507 0.3000000119
60375  -47.342  -21.956  45.675 0.3000000119
135342  -45.362  -22.567  45.433 0.3000000119
60435  -50.542  -21.638  42.174 0.2000000030
60436  -51.589  -21.548  41.957 0.2000000030
58389  -47.670  -23.380  48.043 0.3000000119
58390  -48.254  -23.007  47.873 0.3000000119
59349  -47.718  -22.846  47.334 0.3000000119
59372  -45.825  -22.183  45.016 0.2000000030
60390  -45.875  -21.604  44.363 0.2000000030
124834  -47.440  -21.381  44.970 0.2000000030
60391  -46.863  -21.196  44.363 0.2000000030
61283  -47.664  -20.741  43.414 0.2000000030
61304  -49.069  -20.756  43.006 0.2000000030
60403  -47.227  -20.788  43.847 0.2000000030
60255  -44.522  -21.188  57.708 0.4000000060
59359  -44.886  -22.894  46.014 0.3000000119
60433  -48.546  -21.849  41.733 0.2000000030
60413  -47.932  -21.417  42.194 0.2000000030
60414  -48.823  -21.320  42.431 0.2000000030
59358  -43.957  -22.905  46.041 0.3000000119
59370  -43.497  -22.752  45.426 0.2000000030
59383  -43.467  -22.474  44.768 0.3000000119
59384  -44.188  -22.276  44.424 0.2000000030
60389  -44.832  -21.798  44.053 0.2000000030
61282  -46.893  -20.980  43.205 0.2000000030
61301  -46.490  -21.172  42.376 0.2000000030
132420  -46.501  -21.261  41.798 0.2000000030
60431  -46.458  -21.328  41.113 0.2000000030
59382  -42.675  -22.174  44.569 0.3000000119
60397  -41.973  -21.039  43.766 0.3000000119
60410  -43.990  -21.445  42.439 0.2000000030
60411  -45.086  -21.381  42.604 0.2000000030
60399  -43.367  -21.757  43.112 0.2000000030
61297  -42.488  -20.553  42.476 0.2000000030
63086  -42.208  -18.844  41.872 0.2000000030
137099  -42.406  -18.299  41.562 0.2000000030
61321  -43.693  -20.235  41.072 0.2000000030
60398  -42.588  -21.318  42.979 0.2000000030
61298  -43.801  -20.869  41.773 0.2000000030
61322  -44.385  -20.656  41.313 0.2000000030
62211  -44.111  -19.735  40.375 0.2000000030
61323  -45.194  -20.779  41.218 0.2000000030
61335  -45.740  -20.859  40.718 0.2000000030
61334  -45.206  -20.473  40.524 0.2000000030
128014  -46.244  -18.107  59.226 0.2000000030
134115  -46.735  -19.832  55.859 0.4000000060
64025  -42.744  -17.970  41.031 0.2000000030
62210  -43.350  -19.411  40.672 0.2000000030
62216  -45.292  -19.656  39.456 0.2000000030
63090  -43.768  -18.961  40.024 0.2000000030
62215  -44.535  -19.304  39.752 0.2000000030
63094  -44.963  -18.828  39.100 0.2000000030
63092  -43.585  -18.120  39.777 0.2000000030
64028  -43.736  -17.331  39.589 0.2000000030
64029  -44.287  -17.293  39.070 0.2000000030
64031  -44.903  -17.307  38.560 0.2000000030
64958  -43.297  -16.513  40.665 0.2000000030
66773  -45.388  -14.484  38.668 0.2000000030
66766  -44.656  -14.710  40.078 0.2000000030
64963  -45.135  -16.528  38.232 0.2000000030
64965  -45.857  -16.421  37.736 0.2000000030
67687  -45.964  -13.918  39.018 0.2000000030
65878  -46.114  -15.562  37.628 0.2000000030
65869  -43.783  -15.975  40.236 0.2000000030
65872  -43.962  -16.150  39.615 0.2000000030
66755  -46.513  -14.250  42.390 0.4000000060
130101  -46.044  -14.193  41.773 0.4000000060
65867  -44.922  -14.879  41.880 0.3000000119
66768  -46.070  -13.923  41.043 0.3000000119
67681  -45.889  -13.766  40.021 0.2000000030
67688  -46.699  -13.443  39.394 0.2000000030
67695  -46.694  -13.964  37.802 0.2000000030
65870  -44.246  -15.343  40.593 0.2000000030
69472  -53.895  -11.826  45.916 0.4000000060
69461  -53.796  -11.667  47.094 0.4000000060
68545  -53.077  -12.982  45.198 0.5000000000
69462  -54.390  -11.208  47.736 0.4000000060
67656  -50.953  -13.734  43.887 0.5000000000
67663  -50.085  -13.858  43.017 0.5000000000
67643  -53.176  -13.486  44.438 0.5000000000
129699  -52.528  -13.823  43.499 0.5000000000
66764  -48.086  -13.875  42.119 0.5000000000
66756  -47.528  -14.239  42.744 0.6000000238
67670  -49.820  -13.675  42.372 0.5000000000
67671  -50.696  -13.569  42.520 0.6000000238
67677  -47.734  -13.662  41.299 0.5000000000
67666  -52.977  -13.950  43.072 0.5000000000
67676  -46.931  -13.755  41.131 0.4000000060
67683  -47.365  -13.391  40.291 0.3000000119
67678  -48.534  -13.536  41.516 0.4000000060
131536  -49.402  -13.338  41.610 0.5000000000
68585  -48.634  -12.699  40.136 0.4000000060
67689  -47.516  -13.022  39.309 0.3000000119
68513  -53.662  -12.420  48.561 0.4000000060
69447  -54.022  -11.815  48.171 0.4000000060
144890  -51.692  -13.333  42.369 0.5000000000
67674  -53.196  -13.908  42.925 0.5000000000
67679  -50.315  -13.327  41.863 0.4000000060
65743  -55.424  -15.643  52.740 0.4000000060
65762  -55.730  -15.008  52.399 0.4000000060
66652  -54.668  -14.959  51.245 0.4000000060
67576  -55.862  -14.039  51.282 0.4000000060
67586  -56.087  -13.269  51.133 0.4000000060
67585  -55.518  -13.648  50.685 0.4000000060
69428  -55.104  -11.684  49.652 0.4000000060
70429  -55.661  -10.414  45.669 0.4000000060
68572  -54.933  -13.238  43.467 0.5000000000
68571  -54.373  -13.714  42.993 0.5000000000
66645  -55.940  -14.369  53.171 0.4000000060
68492  -55.729  -12.978  50.455 0.4000000060
126900  -53.333  -21.322  41.622 0.2000000030
59409  -52.895  -22.054  41.250 0.2000000030
138074  -21.603  -39.993  76.983 0.2000000030
132166  -21.858  -39.825  77.755 0.2000000030
43918  -23.944  -38.250  73.769 0.1000000015
139687  -23.539  -38.300  73.280 0.1000000015
44890  -23.895  -38.026  72.957 0.1000000015
39796  -16.172  -42.349  78.478 0.4000000060
39784  -16.465  -42.150  78.862 0.3000000119
40767  -20.104  -42.158  80.006 0.2000000030
41722  -20.431  -41.143  79.900 0.1000000015
41724  -21.746  -40.384  79.989 0.2000000030
42806  -22.645  -39.813  79.789 0.2000000030
41738  -20.376  -40.813  78.683 0.1000000015
41723  -21.043  -40.603  79.302 0.2000000030
42805  -21.604  -40.161  78.727 0.2000000030
42795  -23.161  -39.906  80.197 0.2000000030
42796  -23.905  -39.785  80.210 0.2000000030
41766  -17.196  -40.913  75.260 0.1000000015
41767  -17.949  -40.920  75.363 0.1000000015
41750  -18.494  -41.054  76.065 0.1000000015
136028  -19.791  -40.946  76.918 0.1000000015
135714  -20.390  -40.704  77.304 0.1000000015
42816  -21.041  -40.146  77.914 0.2000000030
141759  -22.241  -39.835  78.728 0.2000000030
122342  -22.983  -39.364  78.550 0.2000000030
42807  -23.529  -39.339  79.468 0.2000000030
139951  -18.616  -40.763  75.033 0.1000000015
41768  -19.668  -40.669  75.447 0.1000000015
41752  -20.303  -40.511  76.002 0.1000000015
42817  -22.566  -39.463  77.592 0.2000000030
42819  -24.132  -38.779  78.859 0.2000000030
41798  -16.427  -40.626  73.524 0.1000000015
41782  -16.851  -40.760  74.370 0.1000000015
41785  -19.360  -40.580  74.821 0.1000000015
42835  -20.853  -39.969  75.113 0.1000000015
131783  -24.977  -38.357  77.550 0.1000000015
41799  -17.351  -40.659  73.561 0.1000000015
41784  -18.863  -40.639  74.159 0.1000000015
42834  -20.101  -40.301  74.916 0.1000000015
43893  -25.103  -38.074  75.912 0.1000000015
43881  -25.345  -38.108  76.799 0.1000000015
41800  -18.301  -40.536  73.383 0.1000000015
42841  -19.107  -40.308  73.469 0.1000000015
42851  -19.649  -39.842  73.072 0.1000000015
44879  -24.915  -38.017  75.023 0.1000000015
41814  -18.213  -40.284  72.464 0.1000000015
42850  -18.914  -40.022  72.807 0.1000000015
44891  -24.753  -37.958  74.152 0.1000000015
44880  -25.603  -37.776  74.476 0.1000000015
44881  -26.480  -37.664  74.400 0.1000000015
43927  -21.741  -38.791  72.639 0.1000000015
43938  -22.064  -38.444  71.959 0.1000000015
43929  -23.129  -38.315  72.805 0.1000000015
44905  -24.516  -37.762  72.431 0.1000000015
131613  -24.637  -37.862  73.300 0.1000000015
44906  -25.453  -37.549  72.829 0.1000000015
44893  -26.772  -37.478  73.776 0.1000000015
43946  -20.569  -38.643  70.463 0.1000000015
43936  -20.636  -38.891  71.345 0.1000000015
43937  -21.320  -38.701  71.809 0.1000000015
44917  -22.003  -38.109  71.043 0.1000000015
44903  -22.819  -38.140  71.810 0.1000000015
44919  -23.548  -37.795  71.271 0.1000000015
121201  -25.109  -37.498  71.823 0.1000000015
121054  -25.988  -37.231  71.973 0.1000000015
44921  -26.918  -37.163  71.934 0.1000000015
40779  -17.306  -42.085  78.972 0.2000000030
126888  -15.251  -42.155  78.183 0.3000000119
39783  -15.612  -41.904  78.721 0.1000000015
40778  -16.477  -42.041  78.890 0.1000000015
40780  -18.283  -42.037  79.140 0.2000000030
41749  -15.804  -40.978  77.410 0.1000000015
41734  -16.264  -41.332  78.407 0.1000000015
41719  -17.625  -41.731  78.779 0.1000000015
40781  -19.220  -41.867  79.485 0.1000000015
41721  -19.743  -41.409  79.288 0.1000000015
139215  -15.825  -40.818  76.150 0.1000000015
128834  -16.603  -40.941  76.223 0.1000000015
41735  -17.164  -41.417  78.273 0.1000000015
135039  -17.824  -41.183  77.256 0.1000000015
41720  -18.743  -41.496  78.785 0.1000000015
123895  -15.253  -40.724  75.385 0.1000000015
128833  -17.512  -41.090  76.190 0.1000000015
134949  -18.869  -41.160  77.350 0.1000000015
41737  -19.621  -40.988  78.168 0.1000000015
41780  -14.828  -40.647  74.269 0.1000000015
41781  -15.867  -40.681  74.342 0.1000000015
122445  -16.287  -40.819  75.235 0.1000000015
122236  -22.184  -39.688  76.752 0.1000000015
42818  -23.696  -38.937  78.246 0.1000000015
41796  -14.726  -40.676  73.329 0.1000000015
41797  -15.501  -40.605  73.465 0.1000000015
123610  -22.361  -39.440  75.749 0.1000000015
43866  -23.922  -38.763  77.305 0.1000000015
43867  -24.392  -38.664  77.872 0.1000000015
41809  -14.026  -40.996  72.368 0.1000000015
41810  -14.561  -40.743  72.553 0.1000000015
41811  -15.172  -40.585  72.783 0.1000000015
121319  -16.000  -40.534  72.631 0.1000000015
42852  -20.440  -39.629  73.325 0.1000000015
42843  -20.652  -39.812  74.226 0.1000000015
42844  -21.438  -39.541  74.504 0.1000000015
43878  -23.033  -38.960  75.799 0.1000000015
43892  -24.367  -38.468  75.650 0.1000000015
43880  -24.572  -38.454  76.759 0.1000000015
41812  -16.693  -40.536  72.141 0.1000000015
142287  -17.638  -40.463  72.879 0.1000000015
42861  -20.218  -39.430  72.529 0.1000000015
139601  -21.353  -39.232  73.543 0.1000000015
42837  -22.844  -38.941  75.039 0.1000000015
43906  -24.186  -38.394  74.702 0.1000000015
41823  -14.393  -40.787  71.804 0.1000000015
41824  -15.166  -40.536  71.974 0.1000000015
137789  -16.089  -40.483  71.709 0.1000000015
41813  -17.441  -40.454  72.096 0.1000000015
42869  -20.083  -39.289  71.782 0.1000000015
43926  -20.935  -39.101  72.663 0.1000000015
43916  -22.349  -38.770  73.342 0.1000000015
43917  -23.175  -38.546  73.630 0.1000000015
145395  -14.807  -40.664  71.268 0.1000000015
41825  -16.875  -40.420  71.485 0.1000000015
143251  -17.503  -40.200  71.325 0.1000000015
42859  -18.868  -40.037  71.935 0.1000000015
42860  -19.550  -39.754  72.259 0.1000000015
132215  -20.624  -39.048  72.047 0.1000000015
41838  -17.161  -40.225  70.725 0.1000000015
42866  -17.952  -39.939  70.807 0.1000000015
41837  -16.321  -40.400  70.929 0.1000000015
137717  -17.607  -40.094  70.348 0.1000000015
40794  -14.437  -41.540  78.264 0.3000000119
39795  -14.763  -41.766  78.455 0.2000000030
40795  -14.860  -41.650  78.576 0.2000000030
41733  -15.308  -41.479  78.448 0.1000000015
41717  -16.030  -41.755  78.741 0.1000000015
41764  -14.424  -40.837  76.197 0.1000000015
40835  -13.160  -41.807  75.503 0.1000000015
40836  -13.636  -41.152  75.036 0.1000000015
41779  -14.062  -40.792  74.612 0.1000000015
40848  -13.754  -41.113  73.911 0.1000000015
41795  -14.234  -40.774  73.836 0.1000000015
136917  -14.160  -40.945  73.149 0.1000000015
40867  -13.749  -41.467  72.221 0.1000000015
39855  -13.376  -42.133  72.501 0.1000000015
41822  -13.948  -41.159  71.667 0.1000000015
41834  -14.289  -40.938  71.045 0.1000000015
122184  -15.486  -40.517  71.101 0.1000000015
41835  -14.826  -40.664  70.429 0.1000000015
41836  -15.779  -40.453  70.295 0.1000000015
39794  -13.976  -41.974  77.942 0.1000000015
39793  -13.076  -42.624  77.815 0.1000000015
40793  -13.781  -41.732  77.893 0.2000000030
38844  -13.094  -43.273  78.063 0.2000000030
41746  -13.854  -41.308  77.726 0.2000000030
41731  -14.141  -41.350  78.098 0.2000000030
40824  -13.493  -41.334  76.249 0.1000000015
41763  -13.839  -41.069  76.871 0.2000000030
41747  -14.286  -40.993  77.552 0.2000000030
39829  -12.906  -42.419  74.716 0.1000000015
52344  -35.510  -29.520  72.779 0.1000000015
37969  -12.517  -43.904  78.111 0.2000000030
40792  -13.006  -42.121  77.741 0.1000000015
40809  -13.416  -41.540  77.407 0.1000000015
39804  -12.734  -42.505  77.120 0.1000000015
40823  -12.963  -41.868  76.861 0.1000000015
52520  -35.973  -28.888  54.570 0.3000000119
51481  -34.295  -30.652  52.497 0.2000000030
52529  -35.105  -29.130  53.350 0.3000000119
52519  -35.315  -29.238  54.219 0.3000000119
120969  -34.469  -29.885  52.066 0.2000000030
144497  -34.666  -29.339  51.628 0.2000000030
53535  -36.043  -28.627  53.816 0.3000000119
53558  -35.786  -28.571  52.867 0.3000000119
53572  -35.108  -28.751  51.468 0.2000000030
53588  -35.215  -28.624  50.618 0.2000000030
55663  -42.913  -27.177  42.738 0.2000000030
53686  -41.590  -28.428  42.435 0.2000000030
54696  -42.256  -27.778  42.487 0.2000000030
53560  -36.661  -28.240  53.106 0.3000000119
120723  -35.701  -28.375  52.027 0.3000000119
54577  -36.473  -28.004  51.750 0.3000000119
54591  -36.726  -27.829  50.859 0.2000000030
53573  -35.836  -28.249  51.178 0.3000000119
54605  -36.664  -27.688  49.889 0.2000000030
56538  -45.889  -25.915  43.056 0.2000000030
56528  -46.422  -25.544  43.684 0.2000000030
53608  -36.004  -28.088  49.419 0.2000000030
54622  -36.734  -27.789  49.014 0.2000000030
54623  -37.499  -27.592  48.568 0.2000000030
55652  -45.088  -26.097  43.161 0.2000000030
52565  -34.886  -29.143  49.094 0.2000000030
54640  -36.717  -27.857  48.164 0.2000000030
54641  -37.487  -27.689  47.598 0.2000000030
55650  -43.469  -26.585  43.391 0.2000000030
55664  -43.915  -27.053  42.538 0.2000000030
54663  -37.796  -27.813  46.095 0.2000000030
54671  -38.500  -27.685  44.690 0.2000000030
54672  -39.220  -27.200  44.366 0.2000000030
54681  -40.624  -27.395  43.272 0.2000000030
54682  -42.055  -27.131  42.975 0.2000000030
143587  -52.006  -22.934  43.905 0.2000000030
141177  -50.649  -23.536  44.011 0.2000000030
57451  -49.927  -23.911  45.164 0.2000000030
54592  -37.351  -27.545  50.267 0.2000000030
57445  -47.956  -24.895  44.861 0.2000000030
56516  -46.072  -25.466  44.556 0.2000000030
56517  -47.099  -25.273  44.485 0.2000000030
56515  -45.220  -25.644  44.614 0.2000000030
54656  -38.651  -27.411  46.605 0.2000000030
55643  -43.968  -26.158  44.099 0.2000000030
56526  -44.732  -25.893  43.912 0.2000000030
54664  -38.441  -27.486  45.624 0.2000000030
59387  -52.789  -22.096  44.956 0.2000000030
59364  -52.321  -22.672  46.306 0.2000000030
60378  -54.151  -20.591  46.855 0.2000000030
121073  -50.949  -23.683  46.073 0.2000000030
57447  -49.353  -24.306  45.635 0.2000000030
56510  -48.066  -24.875  45.701 0.2000000030
56508  -46.569  -25.392  45.360 0.2000000030
123300  -44.979  -25.729  45.325 0.2000000030
59353  -53.930  -21.651  48.246 0.2000000030
60363  -54.644  -20.366  47.956 0.2000000030
60358  -55.146  -20.787  49.782 0.2000000030
146242  -51.577  -23.811  47.527 0.2000000030
56498  -46.758  -25.819  46.879 0.2000000030
60356  -53.333  -20.988  49.480 0.2000000030
56499  -47.513  -25.768  47.383 0.2000000030
68586  -49.304  -12.743  40.820 0.3000000119
68580  -49.935  -12.783  41.298 0.5000000000
68582  -51.017  -12.490  41.618 0.5000000000
74087  -55.222  -5.906  38.937 0.1000000015
74977  -56.274  -5.670  38.977 0.1000000015
74978  -57.384  -5.644  39.404 0.1000000015
74990  -55.539  -5.607  38.342 0.1000000015
72173  -56.332  -8.042  48.008 0.3000000119
72164  -56.446  -8.156  49.146 0.3000000119
68576  -51.658  -12.912  42.094 0.5000000000
69511  -52.280  -12.497  42.347 0.5000000000
69513  -53.768  -11.810  42.737 0.5000000000
74080  -57.583  -6.004  40.119 0.2000000030
74991  -56.234  -5.429  38.039 0.1000000015
125891  -58.206  -5.347  39.037 0.1000000015
74989  -54.691  -5.769  38.098 0.1000000015
142686  -57.312  -5.398  38.429 0.1000000015
135851  -55.443  -5.517  36.790 0.1000000015
74998  -56.175  -5.412  37.213 0.1000000015
75003  -54.802  -5.671  36.297 0.1000000015
61094  -50.332  -20.435  63.268 0.1000000015
61103  -49.178  -19.149  62.633 0.2000000030
132954  -49.653  -20.287  62.688 0.2000000030
69397  -56.298  -11.436  52.141 0.3000000119
68485  -56.329  -12.518  52.071 0.3000000119
69413  -56.299  -11.535  51.002 0.3000000119
68502  -55.741  -12.114  50.373 0.3000000119
70381  -56.382  -10.736  50.753 0.3000000119
69414  -56.396  -10.737  51.671 0.3000000119
70389  -55.907  -10.478  49.968 0.3000000119
70390  -56.452  -9.936  50.474 0.3000000119
72153  -56.571  -8.405  50.288 0.3000000119
72148  -56.502  -7.510  51.645 0.2000000030
73060  -56.528  -7.190  49.058 0.2000000030
73066  -56.552  -7.105  47.866 0.2000000030
71304  -58.890  -9.756  44.501 0.1000000015
69514  -54.712  -12.805  43.060 0.4000000060
72209  -60.012  -8.967  43.111 0.2000000030
73124  -59.889  -8.279  42.651 0.2000000030
69508  -56.399  -11.867  43.505 0.3000000119
69500  -58.326  -11.454  43.994 0.3000000119
73125  -60.203  -7.831  42.745 0.1000000015
74050  -60.080  -6.530  41.701 0.1000000015
74048  -58.968  -6.817  41.370 0.3000000119
74064  -59.417  -6.077  40.922 0.2000000030
74955  -59.957  -5.994  41.052 0.2000000030
74063  -58.405  -6.194  40.672 0.2000000030
74964  -59.184  -5.602  40.234 0.2000000030
74963  -58.350  -5.660  39.848 0.2000000030
74979  -59.009  -5.262  39.473 0.2000000030
74992  -58.817  -4.997  38.703 0.2000000030
142761  -58.230  -5.231  38.309 0.1000000015
124379  -56.933  -5.386  37.596 0.1000000015
75000  -58.721  -4.948  37.887 0.2000000030
75004  -55.597  -5.485  36.035 0.1000000015
134896  -54.958  -5.653  35.513 0.1000000015
134266  -48.730  -20.171  62.494 0.2000000030
136336  -47.278  -21.562  62.707 0.3000000119
68479  -56.044  -12.682  52.913 0.3000000119
69382  -55.901  -11.684  52.904 0.3000000119
126938  -55.815  -10.393  52.973 0.3000000119
68493  -56.189  -12.400  51.107 0.3000000119
69398  -56.143  -10.437  52.599 0.2000000030
71236  -56.035  -9.057  53.261 0.2000000030
72143  -56.162  -7.856  52.579 0.3000000119
73046  -56.615  -7.162  50.507 0.1000000015
144543  -56.820  -6.298  51.127 0.2000000030
74870  -56.300  -4.881  50.578 0.1000000015
73981  -56.783  -6.159  49.081 0.1000000015
74877  -56.898  -4.983  49.632 0.1000000015
73987  -56.888  -6.279  47.833 0.1000000015
74883  -58.035  -4.429  47.860 0.1000000015
74007  -58.344  -6.661  45.817 0.1000000015
73102  -59.557  -8.337  44.337 0.1000000015
72210  -60.236  -8.536  42.970 0.1000000015
74884  -58.306  -3.884  47.348 0.1000000015
74894  -58.167  -5.069  47.005 0.1000000015
74905  -59.333  -6.218  45.100 0.1000000015
74023  -59.956  -6.470  43.802 0.1000000015
74035  -60.160  -7.008  42.347 0.1000000015
74966  -60.121  -5.340  40.674 0.1000000015
74980  -59.551  -5.131  39.867 0.2000000030
75001  -59.175  -4.650  38.269 0.2000000030
74999  -57.904  -5.248  37.538 0.1000000015
75011  -55.889  -5.500  35.137 0.1000000015
75005  -57.076  -5.361  36.800 0.1000000015
61102  -48.382  -19.403  62.109 0.2000000030
60183  -47.607  -20.696  62.520 0.2000000030
60182  -46.444  -21.251  62.625 0.3000000119
67557  -55.656  -13.594  53.871 0.3000000119
67569  -56.061  -13.536  52.984 0.3000000119
69369  -55.609  -12.056  53.396 0.3000000119
70364  -55.649  -10.024  52.989 0.2000000030
70366  -56.029  -9.602  52.996 0.2000000030
70387  -52.604  -10.386  49.704 0.2000000030
70388  -53.304  -9.999  50.251 0.2000000030
72142  -56.127  -7.755  52.555 0.2000000030
71264  -53.561  -9.247  48.813 0.1000000015
71253  -53.783  -9.377  49.799 0.1000000015
72151  -54.226  -8.700  49.453 0.1000000015
73029  -56.106  -6.725  52.452 0.2000000030
71271  -53.259  -9.099  47.968 0.1000000015
143174  -53.868  -8.540  48.497 0.1000000015
72162  -54.543  -7.857  49.258 0.1000000015
73044  -55.192  -6.890  50.516 0.1000000015
73045  -55.767  -5.946  51.773 0.1000000015
73035  -56.018  -6.268  52.298 0.1000000015
73058  -53.983  -7.523  48.252 0.1000000015
73979  -54.050  -6.171  47.915 0.1000000015
73971  -55.328  -5.673  50.506 0.1000000015
74864  -56.063  -5.495  51.465 0.1000000015
74881  -53.436  -5.068  47.287 0.1000000015
74868  -55.510  -4.703  50.246 0.1000000015
75889  -55.665  -4.044  49.933 0.1000000015
142168  -53.695  -4.405  47.187 0.1000000015
75898  -55.224  -3.926  48.387 0.1000000015
76923  -56.803  -3.500  49.189 0.1000000015
75905  -54.752  -4.167  47.550 0.1000000015
76941  -57.095  -3.312  48.267 0.1000000015
74895  -58.537  -4.595  46.492 0.1000000015
145576  -59.311  -5.181  45.141 0.1000000015
74931  -60.113  -6.104  43.010 0.1000000015
74944  -60.348  -6.097  42.155 0.1000000015
75917  -54.241  -4.160  46.835 0.1000000015
75918  -55.515  -3.900  47.589 0.1000000015
76953  -57.904  -2.950  47.415 0.1000000015
75932  -58.960  -4.196  45.438 0.1000000015
75940  -59.387  -4.350  44.622 0.1000000015
74956  -60.263  -5.717  41.349 0.1000000015
74993  -59.237  -4.779  39.155 0.2000000030
142959  -59.142  -4.643  37.484 0.1000000015
121243  -57.687  -5.334  36.022 0.1000000015
121726  -58.705  -4.895  37.057 0.1000000015
73196  -54.122  -7.060  33.983 0.1000000015
74116  -55.030  -6.080  34.075 0.1000000015
124124  -56.556  -5.414  35.959 0.1000000015
75012  -57.106  -5.456  35.201 0.1000000015
62007  -47.863  -18.539  61.439 0.2000000030
126949  -48.628  -17.877  62.000 0.2000000030
61101  -47.152  -20.033  62.084 0.3000000119
62015  -46.511  -19.182  60.563 0.3000000119
64810  -54.916  -16.841  55.859 0.3000000119
63884  -54.385  -17.249  56.541 0.3000000119
65708  -55.794  -15.658  54.986 0.3000000119
66620  -55.707  -15.126  54.519 0.3000000119
67556  -55.062  -13.317  54.219 0.3000000119
68478  -54.894  -11.629  53.399 0.3000000119
68484  -52.604  -12.277  51.962 0.2000000030
69395  -52.878  -11.534  51.796 0.2000000030
69381  -55.467  -11.026  53.195 0.3000000119
69412  -52.299  -11.208  51.102 0.2000000030
70379  -52.809  -10.611  50.709 0.2000000030
70374  -53.249  -10.867  51.669 0.2000000030
70380  -53.630  -10.194  51.378 0.2000000030
71234  -55.913  -9.358  53.040 0.2000000030
69427  -52.019  -10.915  50.190 0.2000000030
70376  -55.094  -9.895  52.718 0.2000000030
71246  -54.150  -9.571  50.914 0.2000000030
71254  -54.569  -8.860  50.562 0.2000000030
126711  -55.277  -8.139  51.616 0.2000000030
72146  -55.815  -7.910  52.595 0.2000000030
72161  -53.435  -8.251  47.637 0.1000000015
72152  -54.987  -8.010  50.439 0.1000000015
72147  -55.974  -6.881  52.504 0.2000000030
73065  -53.460  -7.163  47.374 0.1000000015
134834  -53.305  -6.093  47.187 0.1000000015
143171  -53.561  -4.315  46.585 0.1000000015
75954  -60.382  -5.184  41.862 0.1000000015
75919  -56.418  -3.831  47.048 0.1000000015
76961  -58.276  -3.299  45.960 0.1000000015
75939  -58.775  -3.471  45.082 0.1000000015
74943  -60.022  -4.959  42.800 0.1000000015
75963  -60.258  -4.734  41.213 0.1000000015
75995  -59.370  -4.387  38.664 0.2000000030
75008  -59.317  -4.694  36.721 0.1000000015
75018  -55.716  -5.772  34.241 0.1000000015
75007  -58.798  -5.126  36.130 0.1000000015
74131  -54.770  -6.651  33.650 0.1000000015
62017  -47.830  -17.109  61.204 0.1000000015
62016  -47.197  -17.812  60.469 0.1000000015
61109  -46.978  -19.298  61.270 0.3000000119
62062  -47.047  -19.154  55.963 0.3000000119
62954  -49.492  -18.456  56.132 0.2000000030
62955  -50.567  -18.709  56.394 0.2000000030
64809  -54.446  -16.798  56.410 0.3000000119
122542  -51.189  -15.992  54.672 0.2000000030
65707  -55.307  -15.680  55.315 0.3000000119
66618  -54.759  -15.279  55.057 0.3000000119
65741  -52.272  -15.427  53.057 0.2000000030
66629  -53.134  -15.046  53.693 0.2000000030
66644  -53.571  -14.152  53.513 0.2000000030
67555  -54.571  -13.614  54.202 0.3000000119
67566  -52.169  -14.030  52.183 0.2000000030
67567  -52.884  -13.597  52.823 0.2000000030
67568  -53.799  -13.201  53.386 0.3000000119
68466  -54.604  -12.970  53.795 0.3000000119
69394  -51.838  -11.925  51.314 0.2000000030
69379  -53.454  -11.850  52.545 0.2000000030
68477  -54.124  -12.287  53.285 0.2000000030
69396  -53.805  -11.095  52.472 0.2000000030
70375  -54.171  -10.374  52.386 0.2000000030
70363  -54.826  -10.705  53.028 0.2000000030
73077  -52.759  -6.671  46.752 0.1000000015
73998  -52.655  -5.307  46.806 0.1000000015
75904  -53.690  -4.269  46.991 0.1000000015
75928  -53.574  -4.319  46.153 0.1000000015
75929  -55.456  -4.238  46.681 0.1000000015
76960  -57.926  -3.286  45.847 0.1000000015
76965  -58.403  -3.342  44.901 0.1000000015
142486  -59.733  -3.841  42.912 0.1000000015
74981  -59.897  -5.007  40.122 0.1000000015
75985  -59.778  -4.298  39.848 0.1000000015
75013  -58.309  -5.404  35.256 0.1000000015
75019  -56.663  -5.647  34.390 0.1000000015
124260  -48.430  -18.346  55.920 0.2000000030
63879  -48.876  -16.571  56.281 0.2000000030
64797  -49.659  -15.004  57.446 0.2000000030
64808  -53.532  -16.379  56.505 0.2000000030
65705  -53.180  -16.006  55.229 0.3000000119
64807  -52.300  -16.028  55.171 0.2000000030
65720  -53.678  -15.499  54.655 0.3000000119
66630  -54.351  -14.637  54.435 0.3000000119
64836  -52.056  -16.083  54.244 0.2000000030
72184  -52.958  -7.908  46.910 0.1000000015
72171  -52.884  -8.865  47.183 0.1000000015
74900  -52.127  -4.848  46.090 0.1000000015
74901  -52.967  -4.486  46.355 0.1000000015
74902  -54.543  -4.445  45.998 0.1000000015
74903  -55.785  -4.791  45.783 0.1000000015
75938  -57.926  -3.394  44.623 0.1000000015
139589  -58.545  -2.777  43.251 0.1000000015
76976  -59.515  -3.126  42.428 0.1000000015
127005  -59.430  -2.811  41.705 0.1000000015
76983  -59.944  -4.013  40.855 0.1000000015
75036  -57.398  -5.989  33.762 0.1000000015
124544  -56.276  -6.631  33.203 0.1000000015
74148  -56.724  -7.226  32.610 0.1000000015
71375  -54.687  -9.324  31.604 0.1000000015
72279  -55.969  -8.359  31.738 0.1000000015
71382  -54.236  -10.028  31.166 0.1000000015
123240  -52.401  -7.637  46.351 0.1000000015
73086  -51.143  -6.771  45.848 0.1000000015
73997  -51.922  -5.360  46.388 0.1000000015
75937  -57.167  -4.311  44.477 0.1000000015
77970  -58.111  -2.595  42.983 0.1000000015
77971  -58.968  -2.701  42.765 0.1000000015
77977  -59.060  -2.496  42.074 0.1000000015
76982  -59.568  -3.148  40.971 0.1000000015
77002  -59.660  -3.392  39.584 0.1000000015
76005  -59.502  -4.349  37.532 0.1000000015
75037  -58.462  -6.025  33.832 0.1000000015
75021  -58.912  -5.677  34.525 0.1000000015
138426  -56.067  -7.702  32.336 0.1000000015
74149  -57.745  -7.079  32.587 0.1000000015
72286  -55.513  -9.045  31.281 0.1000000015
129599  -57.481  -7.607  32.114 0.1000000015
71383  -55.156  -9.590  30.759 0.1000000015
72280  -56.852  -8.492  31.170 0.1000000015
73221  -57.807  -8.214  31.423 0.1000000015
73087  -51.922  -6.514  46.306 0.1000000015
74006  -51.088  -5.781  46.136 0.1000000015
142714  -52.272  -5.902  46.612 0.1000000015
74899  -51.282  -5.162  45.991 0.1000000015
75925  -51.757  -4.812  45.436 0.1000000015
75944  -56.117  -4.920  43.149 0.1000000015
75946  -57.665  -3.434  43.718 0.1000000015
76975  -57.124  -3.732  42.075 0.1000000015
134773  -57.740  -2.842  42.618 0.1000000015
77983  -59.091  -2.331  41.092 0.1000000015
75996  -59.458  -3.979  39.079 0.1000000015
76981  -57.681  -2.846  41.824 0.1000000015
136749  -58.166  -2.463  41.503 0.1000000015
126792  -58.884  -1.950  40.673 0.1000000015
76006  -59.785  -4.000  38.114 0.1000000015
76008  -59.737  -4.566  36.426 0.1000000015
120731  -59.748  -5.062  35.907 0.1000000015
77988  -58.552  -2.153  40.712 0.1000000015
77982  -58.629  -2.317  41.563 0.1000000015
77990  -59.137  -1.741  40.114 0.1000000015
74134  -58.101  -6.539  33.200 0.1000000015
73212  -58.336  -7.618  31.965 0.1000000015
74135  -59.173  -6.478  33.183 0.1000000015
75951  -56.015  -4.569  42.142 0.1000000015
135723  -56.772  -4.272  42.690 0.1000000015
146132  -59.507  -3.385  39.089 0.1000000015
77001  -59.515  -2.559  39.086 0.1000000015
75014  -59.396  -5.361  35.222 0.1000000015
77989  -58.990  -1.578  39.993 0.1000000015
77991  -59.546  -2.449  39.851 0.1000000015
76009  -59.802  -4.000  37.067 0.1000000015
75015  -60.084  -4.946  35.684 0.1000000015
122680  -60.098  -5.287  34.975 0.1000000015
142601  -59.793  -5.671  34.527 0.1000000015
126821  -59.742  -6.861  32.430 0.1000000015
74150  -58.757  -7.047  32.531 0.1000000015
74151  -60.259  -6.533  32.139 0.1000000015
76980  -57.180  -3.415  41.317 0.1000000015
76990  -57.681  -2.750  40.917 0.1000000015
78007  -59.787  -2.249  38.311 0.1000000015
77024  -59.970  -3.032  37.647 0.1000000015
78016  -59.883  -1.855  37.709 0.1000000015
75016  -60.240  -4.934  35.175 0.1000000015
75022  -60.291  -5.320  34.333 0.1000000015
139937  -60.122  -5.772  34.069 0.1000000015
75039  -60.278  -5.735  33.571 0.1000000015
74136  -60.112  -6.232  33.152 0.1000000015
77034  -59.999  -3.166  36.578 0.1000000015
77042  -60.089  -3.261  35.633 0.1000000015
121973  -60.220  -4.151  35.239 0.1000000015
76022  -60.295  -4.419  34.482 0.1000000015
78033  -59.931  -1.988  37.006 0.1000000015
122340  -59.920  -2.411  35.224 0.1000000015
42825  -21.018  -40.206  76.658 0.1000000015
42836  -21.619  -39.747  75.325 0.1000000015
122051  -21.070  -40.015  75.825 0.1000000015
42845  -22.146  -39.267  74.808 0.1000000015
42826  -21.666  -39.878  76.172 0.1000000015
43903  -21.966  -39.094  74.089 0.1000000015
127717  -58.829  -10.499  44.156 0.2000000030
72185  -56.407  -7.864  46.710 0.3000000119
71305  -59.288  -9.867  43.949 0.2000000030
71319  -59.093  -9.711  43.092 0.2000000030
71295  -58.050  -9.483  44.884 0.3000000119
72216  -58.720  -9.118  42.603 0.2000000030
72196  -57.575  -8.422  45.266 0.2000000030
73135  -57.555  -7.498  41.924 0.2000000030
74079  -56.693  -6.094  39.866 0.1000000015
70456  -58.584  -10.436  43.436 0.2000000030
72203  -59.285  -9.066  44.451 0.1000000015
73136  -58.601  -7.600  41.815 0.2000000030
68483  -51.254  -12.696  51.191 0.2000000030
67575  -52.372  -13.080  52.128 0.2000000030
71263  -52.887  -9.759  48.381 0.1000000015
66642  -51.925  -15.006  52.342 0.2000000030
64835  -51.218  -16.209  53.760 0.2000000030
65704  -51.745  -15.366  55.998 0.2000000030
65681  -50.505  -14.365  57.862 0.2000000030
65718  -51.704  -15.985  53.422 0.2000000030
68491  -51.023  -12.074  50.744 0.2000000030
37974  -13.025  -43.829  77.762 0.2000000030
39808  -15.965  -42.553  77.255 0.4000000060
44871  -26.221  -37.835  75.171 0.1000000015
144360  -37.167  -27.842  51.567 0.3000000119
54680  -39.628  -27.574  43.544 0.2000000030
54695  -41.433  -27.627  42.787 0.2000000030
137366  -38.177  -27.489  48.169 0.2000000030
54655  -37.932  -27.717  46.875 0.2000000030
140149  -47.610  -25.144  46.100 0.2000000030
56509  -47.383  -25.171  45.444 0.2000000030
55649  -42.650  -26.730  43.585 0.2000000030
57442  -49.436  -24.519  46.486 0.2000000030
57441  -48.724  -24.649  46.083 0.2000000030
55634  -44.327  -25.999  45.702 0.2000000030
56514  -44.482  -25.856  44.752 0.2000000030
58391  -50.822  -24.053  46.972 0.2000000030
140387  -53.153  -22.683  47.992 0.2000000030
60351  -54.559  -21.325  50.408 0.2000000030
59342  -52.101  -21.767  49.556 0.2000000030
60185  -49.831  -21.355  62.544 0.2000000030
60172  -50.424  -21.412  62.869 0.1000000015
44870  -25.530  -37.903  75.298 0.1000000015
58402  -52.729  -22.636  47.292 0.2000000030
60357  -54.805  -20.651  49.733 0.2000000030
52549  -34.403  -29.927  51.272 0.2000000030
62072  -48.939  -19.199  55.581 0.2000000030
64798  -50.864  -15.510  58.069 0.2000000030
63880  -50.093  -16.959  56.730 0.2000000030
65682  -51.485  -14.682  58.070 0.2000000030
132562  -52.977  -16.129  57.476 0.2000000030
65691  -52.345  -15.304  57.262 0.2000000030
39785  -17.177  -42.255  78.932 0.2000000030
140942  -21.062  -40.910  80.160 0.2000000030
134296  -54.920  -19.762  48.058 0.2000000030
61243  -54.109  -20.033  48.853 0.2000000030
60355  -51.614  -21.416  48.681 0.2000000030
64823  -55.764  -16.205  54.955 0.3000000119
68578  -53.947  -13.159  42.719 0.4000000060
69429  -55.820  -11.254  50.235 0.3000000119
121927  -55.621  -12.609  43.632 0.4000000060
69499  -57.836  -11.812  44.090 0.3000000119
71303  -58.434  -10.317  44.544 0.2000000030
44904  -23.700  -37.943  72.141 0.1000000015
41751  -19.397  -40.890  76.163 0.1000000015
145837  -19.120  -40.824  75.474 0.1000000015
41783  -17.892  -40.788  74.426 0.1000000015
42827  -22.836  -39.149  76.591 0.1000000015
142380  -16.932  -40.549  72.816 0.1000000015
42842  -19.749  -40.205  73.987 0.1000000015
42858  -18.103  -40.101  71.621 0.1000000015
137688  -25.304  -37.731  73.681 0.1000000015
44892  -26.049  -37.540  73.687 0.1000000015
43947  -21.392  -38.178  70.289 0.1000000015
44920  -24.319  -37.668  71.576 0.1000000015
44918  -22.858  -37.865  70.984 0.1000000015
44939  -24.840  -37.468  71.080 0.1000000015
41718  -16.735  -41.722  78.776 0.1000000015
41765  -15.072  -40.873  76.743 0.1000000015
135936  -16.854  -41.119  77.349 0.1000000015
41736  -18.020  -41.407  78.160 0.1000000015
144090  -14.446  -40.737  75.167 0.1000000015
42828  -23.239  -38.978  77.422 0.1000000015
43879  -23.682  -38.832  76.369 0.1000000015
43905  -23.411  -38.648  74.430 0.1000000015
43891  -23.615  -38.764  75.305 0.1000000015
43945  -19.985  -39.109  71.022 0.1000000015
43928  -22.425  -38.500  72.508 0.1000000015
41732  -14.547  -41.312  78.299 0.1000000015
41748  -14.901  -40.986  77.860 0.1000000015
130331  -13.936  -40.902  75.657 0.1000000015
40847  -13.313  -41.763  74.399 0.1000000015
40859  -13.761  -41.399  72.932 0.1000000015
124871  -13.647  -41.894  71.632 0.1000000015
40877  -13.915  -41.469  70.899 0.1000000015
41848  -15.288  -40.532  69.585 0.1000000015
39782  -12.713  -43.329  77.919 0.2000000030
52539  -34.942  -29.035  52.347 0.2000000030
53571  -34.658  -29.237  50.916 0.2000000030
53606  -34.771  -29.139  50.063 0.2000000030
53559  -36.359  -28.187  52.432 0.3000000119
53589  -35.909  -28.073  50.282 0.2000000030
56539  -46.716  -25.701  42.844 0.2000000030
56529  -47.303  -25.335  43.462 0.2000000030
53607  -35.308  -28.555  49.738 0.2000000030
53625  -36.087  -28.216  48.622 0.2000000030
56527  -45.539  -25.717  43.821 0.2000000030
53624  -35.531  -28.800  48.253 0.2000000030
123071  -36.170  -28.328  47.954 0.2000000030
55651  -44.293  -26.318  43.241 0.2000000030
53658  -37.837  -28.080  45.174 0.2000000030
59386  -51.957  -22.828  44.386 0.2000000030
58411  -50.518  -23.570  44.786 0.2000000030
58405  -51.088  -23.404  45.317 0.2000000030
132679  -51.579  -23.231  45.929 0.2000000030
140609  -50.135  -24.093  46.095 0.2000000030
141837  -50.497  -23.714  45.476 0.2000000030
57450  -48.602  -24.574  44.326 0.2000000030
57446  -48.659  -24.563  45.218 0.2000000030
56507  -45.697  -25.557  45.368 0.2000000030
60393  -53.972  -20.895  45.831 0.2000000030
59375  -52.956  -21.837  45.941 0.2000000030
59374  -51.938  -22.807  45.293 0.2000000030
59365  -53.383  -21.682  47.019 0.2000000030
60364  -55.139  -20.346  49.055 0.2000000030
57443  -50.061  -24.426  46.881 0.2000000030
69520  -49.809  -12.188  40.618 0.5000000000
141505  -52.229  -11.368  42.197 0.5000000000
74997  -55.423  -5.527  37.594 0.1000000015
74996  -54.694  -5.708  37.126 0.1000000015
141604  -56.145  -5.421  36.551 0.1000000015
61104  -50.256  -20.774  62.831 0.1000000015
70382  -56.540  -9.952  51.416 0.3000000119
71248  -56.581  -8.895  51.274 0.3000000119
73036  -56.528  -6.393  51.713 0.2000000030
73973  -56.710  -6.267  50.287 0.2000000030
73088  -57.159  -7.575  45.939 0.1000000015
73089  -58.163  -7.606  45.395 0.1000000015
72204  -59.634  -9.063  43.706 0.1000000015
72217  -59.539  -9.022  42.803 0.2000000030
73137  -59.400  -7.555  41.934 0.2000000030
73113  -60.334  -8.021  43.100 0.1000000015
69507  -55.267  -11.679  43.321 0.3000000119
70449  -57.380  -11.463  43.413 0.3000000119
70450  -58.208  -11.286  43.670 0.3000000119
73138  -59.864  -7.321  42.210 0.2000000030
74024  -60.265  -7.154  43.006 0.1000000015
72137  -56.096  -8.764  53.059 0.2000000030
73953  -56.136  -6.002  52.089 0.1000000015
73962  -56.536  -5.769  51.311 0.1000000015
75892  -56.735  -4.093  49.605 0.1000000015
75890  -55.996  -3.748  49.843 0.1000000015
73982  -57.223  -5.458  48.668 0.1000000015
75900  -57.274  -3.745  48.841 0.1000000015
74878  -57.497  -4.462  48.716 0.1000000015
73988  -57.647  -5.458  47.696 0.2000000030
73079  -57.613  -6.807  46.192 0.1000000015
76942  -57.736  -3.061  47.877 0.1000000015
76934  -57.258  -3.348  48.513 0.1000000015
74000  -57.995  -6.068  46.648 0.2000000030
129961  -58.845  -7.239  45.300 0.1000000015
74008  -58.949  -6.467  45.524 0.1000000015
73091  -59.354  -7.334  44.884 0.1000000015
74013  -59.740  -7.735  44.256 0.1000000015
75908  -58.097  -2.998  47.382 0.1000000015
74001  -58.535  -5.759  46.206 0.1000000015
74904  -58.933  -5.269  45.717 0.1000000015
132355  -59.695  -6.890  44.472 0.1000000015
74930  -59.790  -5.262  43.780 0.1000000015
74916  -59.613  -5.767  44.569 0.1000000015
75006  -58.072  -5.182  36.704 0.1000000015
75010  -55.009  -5.776  34.733 0.1000000015
132687  -54.446  -6.012  35.153 0.1000000015
74115  -54.350  -6.423  34.488 0.1000000015
73059  -54.681  -6.667  49.155 0.1000000015
73034  -55.638  -6.894  52.152 0.2000000030
73961  -56.004  -5.817  51.992 0.1000000015
73980  -54.792  -5.340  49.107 0.1000000015
73986  -54.271  -4.857  47.893 0.1000000015
137100  -53.050  -4.520  46.867 0.1000000015
141393  -55.560  -3.810  49.293 0.1000000015
75906  -55.499  -3.796  48.173 0.1000000015
75899  -55.854  -3.483  48.944 0.1000000015
76932  -56.454  -3.359  48.798 0.1000000015
76952  -56.831  -3.458  47.689 0.1000000015
75920  -58.401  -3.456  46.697 0.1000000015
76959  -57.527  -3.303  46.888 0.1000000015
76954  -58.143  -3.010  46.701 0.1000000015
75931  -58.430  -3.414  45.994 0.1000000015
75947  -59.625  -4.070  43.691 0.1000000015
73205  -53.746  -7.714  33.955 0.1000000015
66631  -55.250  -14.230  54.416 0.3000000119
68476  -53.113  -12.643  52.766 0.2000000030
69411  -51.529  -11.495  50.571 0.2000000030
71247  -55.030  -8.928  51.804 0.2000000030
71241  -55.633  -9.068  52.748 0.2000000030
75953  -60.092  -4.214  42.129 0.1000000015
75930  -56.744  -4.228  46.159 0.1000000015
125777  -58.114  -2.992  46.619 0.1000000015
76970  -58.717  -3.158  44.123 0.1000000015
75962  -59.860  -3.648  41.567 0.1000000015
75020  -57.772  -5.641  34.465 0.1000000015
65706  -54.513  -15.791  55.496 0.3000000119
65719  -52.593  -15.782  53.972 0.2000000030
66643  -52.674  -14.600  52.834 0.2000000030
74912  -52.797  -4.812  44.783 0.1000000015
74915  -56.483  -4.880  45.238 0.1000000015
126639  -58.197  -2.979  43.775 0.1000000015
76971  -59.176  -3.202  43.381 0.1000000015
76992  -59.798  -3.540  40.241 0.1000000015
72194  -52.178  -8.320  46.012 0.1000000015
74914  -55.333  -5.364  45.002 0.1000000015
77976  -58.538  -2.492  42.520 0.1000000015
74133  -57.107  -6.566  33.180 0.1000000015
74927  -54.637  -5.679  44.334 0.1000000015
74929  -56.302  -5.026  44.163 0.1000000015
145901  -57.843  -2.860  43.225 0.1000000015
77981  -58.143  -2.518  42.250 0.1000000015
76991  -59.467  -2.560  40.453 0.1000000015
73211  -56.806  -7.904  31.888 0.1000000015
71384  -55.972  -9.352  30.500 0.1000000015
123333  -56.217  -8.869  31.034 0.1000000015
77012  -59.708  -3.308  38.534 0.1000000015
75038  -59.573  -6.044  33.898 0.1000000015
76014  -60.110  -4.343  36.013 0.1000000015
77049  -60.085  -3.302  34.795 0.1000000015
76032  -60.394  -4.793  33.406 0.1000000015
78050  -59.992  -1.971  36.033 0.1000000015
67697  -48.111  -13.338  37.403 0.2000000030
68593  -48.471  -12.381  38.332 0.2000000030
69516  -50.850  -11.287  41.138 0.4000000060
71315  -54.674  -9.245  42.674 0.3000000119
70453  -53.708  -10.611  42.708 0.3000000119
71316  -55.582  -9.889  43.083 0.3000000119
71314  -53.764  -9.576  42.528 0.3000000119
71317  -56.645  -9.686  42.806 0.2000000030
62952  -46.721  -17.848  56.308 0.2000000030
62953  -47.453  -18.283  56.022 0.2000000030
66609  -48.980  -14.015  56.763 0.1000000015
64833  -49.328  -15.480  54.272 0.1000000015
66610  -49.867  -13.843  57.275 0.1000000015
65689  -50.278  -13.775  56.838 0.1000000015
65702  -49.632  -14.177  55.665 0.1000000015
68589  -48.178  -12.615  39.244 0.2000000030
120926  -54.415  -11.416  43.050 0.3000000119
140592  -55.666  -10.886  43.267 0.2000000030
64858  -50.522  -16.369  53.144 0.1000000015
64820  -50.295  -15.503  54.749 0.1000000015
66651  -51.424  -14.382  51.728 0.1000000015
64796  -48.589  -14.718  56.812 0.1000000015
70455  -57.901  -10.670  43.210 0.2000000030
68490  -50.538  -12.749  50.728 0.1000000015
68590  -48.922  -12.295  39.195 0.3000000119
141533  -49.752  -11.699  39.937 0.3000000119
70447  -54.692  -10.395  43.066 0.3000000119
70454  -57.224  -10.593  42.991 0.2000000030
68592  -47.789  -12.773  37.966 0.2000000030
68597  -48.617  -12.594  37.568 0.2000000030
69522  -49.515  -11.758  39.242 0.2000000030
72213  -55.581  -8.778  42.566 0.2000000030
72212  -53.887  -8.631  42.332 0.3000000119
70452  -52.965  -9.935  42.284 0.4000000060
128607  -48.731  -14.311  55.116 0.1000000015
33592  -14.993  -49.442  78.731 0.1000000015
33589  -15.390  -49.990  79.750 0.1000000015
33593  -16.126  -50.218  79.108 0.1000000015
37966  -12.113  -44.447  79.298 0.1000000015
37119  -12.130  -44.863  79.338 0.1000000015
143687  -14.847  -49.090  76.651 0.1000000015
33599  -15.501  -49.507  76.866 0.1000000015
33597  -15.735  -49.765  77.862 0.1000000015
37117  -11.976  -44.921  79.496 0.1000000015
36234  -11.221  -45.843  78.899 0.1000000015
38838  -12.394  -43.711  77.989 0.1000000015
38853  -12.150  -44.106  76.881 0.1000000015
141274  -11.983  -44.149  78.018 0.1000000015
38837  -12.174  -44.022  78.536 0.1000000015
37124  -11.878  -45.358  76.729 0.1000000015
39792  -12.772  -42.804  77.794 0.1000000015
38843  -12.493  -43.535  77.859 0.1000000015
54371  -36.562  -27.207  75.521 0.1000000015
54382  -37.030  -27.179  75.555 0.1000000015
55349  -37.839  -25.809  74.927 0.1000000015
55350  -38.669  -25.693  74.628 0.1000000015
57191  -39.273  -23.980  73.928 0.1000000015
57181  -38.616  -24.682  74.401 0.1000000015
56263  -39.791  -24.700  73.911 0.1000000015
57190  -38.832  -24.115  73.877 0.1000000015
57193  -40.813  -23.701  73.062 0.1000000015
134474  -41.197  -23.180  72.697 0.1000000015
58150  -40.167  -22.824  73.088 0.1000000015
37967  -12.067  -44.345  79.147 0.1000000015
37118  -11.697  -44.758  79.185 0.1000000015
37972  -11.897  -44.293  78.569 0.1000000015
37120  -11.739  -45.250  77.999 0.1000000015
37968  -12.250  -44.322  78.809 0.1000000015
136141  -39.689  -25.907  74.024 0.1000000015
56264  -40.676  -24.776  73.318 0.1000000015
56262  -38.953  -24.813  74.478 0.1000000015
57192  -39.997  -23.678  73.617 0.1000000015
69523  -50.154  -11.089  39.453 0.2000000030
70461  -50.628  -10.641  40.348 0.2000000030
70467  -50.811  -10.586  39.016 0.2000000030
63877  -46.602  -16.916  56.060 0.1000000015
70462  -51.055  -9.976  41.050 0.2000000030
122335  -51.692  -9.887  41.472 0.3000000119
70464  -50.728  -10.387  39.678 0.2000000030
71327  -51.328  -9.225  40.597 0.2000000030
71322  -51.645  -9.262  41.186 0.2000000030
121638  -52.936  -10.951  42.466 0.2000000030
70458  -51.560  -10.739  41.585 0.3000000119
126973  -52.308  -10.363  41.924 0.3000000119
71323  -52.348  -9.478  41.673 0.3000000119
72221  -52.431  -8.653  41.323 0.3000000119
72220  -51.780  -8.774  40.837 0.2000000030
62043  -46.093  -17.654  58.224 0.1000000015
122357  -46.151  -17.260  58.996 0.1000000015
62033  -46.130  -17.763  58.607 0.1000000015
121735  -46.111  -17.245  56.402 0.1000000015
63895  -46.764  -16.350  55.764 0.1000000015
129294  -47.066  -17.290  56.092 0.1000000015
62944  -45.989  -17.644  57.701 0.1000000015
62024  -46.525  -17.563  59.591 0.1000000015
63876  -45.968  -17.188  56.330 0.1000000015
71324  -53.042  -8.995  42.059 0.3000000119
62950  -45.867  -17.683  56.883 0.1000000015
69525  -49.787  -11.450  38.660 0.2000000030
73132  -52.975  -7.895  40.941 0.2000000030
73133  -53.886  -7.652  41.261 0.2000000030
74078  -55.695  -6.158  39.677 0.1000000015
73145  -53.536  -7.349  40.471 0.2000000030
73146  -54.455  -7.210  40.750 0.2000000030
138245  -54.224  -7.902  42.145 0.2000000030
74045  -56.060  -6.893  40.892 0.2000000030
127759  -56.141  -6.481  40.283 0.2000000030
73147  -55.270  -7.196  40.966 0.2000000030
74062  -57.113  -6.502  40.694 0.2000000030
141182  -54.628  -8.377  42.410 0.1000000015
73134  -54.774  -7.498  41.583 0.2000000030
74046  -56.864  -7.039  41.512 0.2000000030
74047  -57.946  -6.884  41.341 0.2000000030
73121  -57.056  -8.078  42.328 0.1000000015
73120  -56.079  -7.982  42.266 0.1000000015
137770  -56.674  -7.535  42.017 0.2000000030
73123  -59.120  -8.366  42.291 0.1000000015
73122  -58.121  -8.263  42.297 0.1000000015
72214  -56.540  -8.688  42.494 0.1000000015
72215  -57.560  -9.101  42.562 0.1000000015
71318  -58.292  -9.869  42.961 0.1000000015
127138  -55.823  -7.421  41.678 0.2000000030
74061  -55.127  -6.586  40.364 0.2000000030
36393  -39.351  -46.920  60.196 0.1000000015
36402  -40.112  -46.578  59.428 0.1000000015
37182  -18.465  -44.929  64.616 0.1000000015
36394  -40.639  -47.056  60.343 0.1000000015
36403  -41.074  -46.825  59.511 0.1000000015
121377  -39.087  -46.486  59.197 0.1000000015
36415  -39.901  -46.238  58.453 0.1000000015
125994  -40.894  -46.520  58.592 0.1000000015
35517  -42.099  -47.370  60.274 0.1000000015
36404  -41.931  -46.899  58.820 0.1000000015
35518  -43.001  -47.399  59.076 0.1000000015
36416  -40.769  -46.336  57.529 0.1000000015
35528  -44.524  -47.645  59.200 0.1000000015
37280  -39.800  -45.996  57.404 0.1000000015
36431  -41.479  -46.405  56.739 0.1000000015
36418  -44.551  -47.345  58.746 0.1000000015
36430  -40.606  -46.403  56.423 0.1000000015
36449  -39.964  -46.468  54.873 0.1000000015
136419  -41.763  -46.592  57.714 0.1000000015
35527  -43.611  -47.347  58.349 0.1000000015
36433  -43.072  -47.008  57.574 0.1000000015
36432  -42.299  -46.536  57.243 0.1000000015
36442  -41.023  -46.431  55.876 0.1000000015
37283  -43.595  -47.045  57.876 0.1000000015
132726  -42.291  -46.507  57.249 0.1000000015
36441  -40.271  -46.453  55.527 0.1000000015
36448  -39.653  -46.245  54.407 0.1000000015
123928  -57.423  -24.332  42.367 0.1000000015
37271  -44.517  -46.169  58.591 0.1000000015
37282  -42.707  -46.681  57.396 0.1000000015
37281  -41.961  -46.206  56.745 0.1000000015
37301  -39.354  -46.271  54.744 0.1000000015
37300  -38.624  -45.950  54.349 0.1000000015
56549  -56.628  -25.127  42.280 0.1000000015
56550  -57.696  -24.897  42.647 0.1000000015
38121  -42.521  -45.800  57.319 0.1000000015
38132  -41.375  -45.556  56.270 0.1000000015
37312  -38.547  -45.817  53.578 0.1000000015
55674  -57.356  -26.162  42.936 0.1000000015
135543  -41.185  -44.023  56.674 0.1000000015
37311  -37.658  -45.407  53.336 0.1000000015
53677  -55.445  -28.405  43.520 0.1000000015
54702  -56.656  -27.084  43.027 0.1000000015
55653  -58.642  -24.806  43.508 0.1000000015
37321  -37.457  -45.398  52.568 0.1000000015
53667  -55.698  -28.710  44.364 0.1000000015
54684  -56.827  -27.630  43.590 0.1000000015
54685  -57.449  -26.882  43.544 0.1000000015
139832  -58.133  -25.915  43.725 0.1000000015
144757  -56.985  -28.040  44.127 0.1000000015
58432  -57.366  -22.961  42.206 0.1000000015
57470  -56.653  -24.176  42.180 0.1000000015
57469  -55.736  -25.028  42.228 0.1000000015
36451  -40.946  -46.262  55.595 0.1000000015
36450  -40.465  -46.344  55.221 0.1000000015
56548  -55.773  -25.778  42.313 0.1000000015
38145  -41.035  -45.910  55.567 0.1000000015
55672  -55.754  -26.515  42.447 0.1000000015
128175  -56.596  -25.936  42.519 0.1000000015
57475  -58.041  -23.288  42.444 0.1000000015
59411  -58.078  -21.958  42.170 0.1000000015
57471  -58.587  -23.533  42.757 0.1000000015
56551  -59.247  -23.665  43.348 0.1000000015
38131  -40.802  -44.798  55.986 0.1000000015
38144  -40.517  -45.422  55.154 0.1000000015
36456  -40.073  -46.247  54.609 0.1000000015
37322  -38.253  -45.548  52.879 0.1000000015
53694  -54.161  -28.203  42.726 0.1000000015
54700  -55.048  -27.089  42.420 0.1000000015
56531  -59.992  -23.766  44.355 0.1000000015
145172  -40.692  -43.632  56.269 0.1000000015
53695  -55.117  -27.888  42.795 0.1000000015
37330  -37.279  -45.404  51.869 0.1000000015
38204  -36.230  -44.668  50.162 0.1000000015
47865  -41.257  -34.117  46.596 0.1000000015
47864  -40.546  -34.480  46.519 0.1000000015
58427  -56.151  -23.404  42.328 0.1000000015
37313  -39.189  -46.203  53.970 0.1000000015
143507  -55.114  -25.532  42.251 0.1000000015
37323  -38.911  -45.756  53.372 0.1000000015
55671  -54.892  -26.239  42.286 0.1000000015
139029  -57.547  -21.210  42.399 0.1000000015
58433  -58.988  -22.436  42.403 0.1000000015
57472  -59.703  -23.297  43.065 0.1000000015
39061  -40.285  -44.071  55.701 0.1000000015
38143  -40.044  -44.787  54.751 0.1000000015
38159  -40.141  -45.874  54.464 0.1000000015
138582  -54.445  -27.584  42.484 0.1000000015
60421  -56.847  -20.819  42.925 0.1000000015
60422  -57.790  -19.815  42.731 0.1000000015
59399  -58.599  -20.946  42.130 0.1000000015
59412  -59.226  -21.784  42.103 0.1000000015
39060  -39.879  -43.249  55.349 0.1000000015
37332  -38.398  -45.401  52.649 0.1000000015
53693  -53.259  -28.441  42.592 0.1000000015
62186  -57.065  -18.484  44.150 0.1000000015
61310  -57.571  -18.289  43.521 0.1000000015
39072  -39.403  -43.928  54.535 0.1000000015
140367  -37.153  -45.264  51.350 0.1000000015
55654  -59.410  -24.769  44.749 0.1000000015
40023  -39.600  -42.321  54.900 0.1000000015
37345  -37.262  -45.081  51.035 0.1000000015
51576  -50.089  -30.305  43.851 0.1000000015
41036  -40.089  -41.394  55.328 0.1000000015
38222  -36.316  -44.408  49.654 0.1000000015
38205  -36.882  -44.771  50.351 0.1000000015
50497  -49.633  -30.886  44.400 0.1000000015
40092  -36.408  -43.454  49.364 0.1000000015
48765  -46.266  -33.338  44.993 0.1000000015
129156  -47.737  -32.322  44.356 0.1000000015
48764  -45.472  -33.193  44.711 0.1000000015
125472  -46.801  -33.086  44.664 0.1000000015
48763  -43.913  -33.325  45.198 0.1000000015
131738  -44.790  -33.432  45.315 0.1000000015
48762  -43.026  -33.161  45.158 0.1000000015
48743  -42.439  -33.330  46.000 0.1000000015
48742  -41.633  -33.403  45.953 0.1000000015
48761  -42.152  -33.012  45.161 0.1000000015
123696  -39.150  -35.344  46.831 0.1000000015
47035  -38.244  -36.330  47.355 0.1000000015
47036  -38.943  -36.148  47.414 0.1000000015
47863  -39.864  -34.935  46.653 0.1000000015
46115  -38.764  -36.825  47.217 0.1000000015
46116  -39.336  -36.388  47.170 0.1000000015
46114  -38.049  -36.995  47.177 0.1000000015
59398  -56.731  -22.209  42.381 0.1000000015
129644  -55.502  -24.251  42.295 0.1000000015
134290  -55.713  -22.723  42.573 0.1000000015
57468  -54.844  -24.905  42.259 0.1000000015
56547  -54.374  -25.541  42.238 0.1000000015
56546  -53.496  -25.570  42.228 0.1000000015
58428  -59.416  -22.948  42.587 0.1000000015
38167  -39.207  -45.646  53.459 0.1000000015
55688  -53.093  -27.136  42.012 0.1000000015
60405  -57.124  -19.271  43.674 0.1000000015
60440  -59.249  -20.868  41.808 0.1000000015
58434  -59.354  -22.488  42.082 0.1000000015
58429  -59.759  -23.194  42.492 0.1000000015
57461  -60.204  -23.557  43.778 0.1000000015
39086  -39.125  -44.766  53.424 0.1000000015
38166  -38.801  -45.363  52.993 0.1000000015
37331  -37.914  -45.433  52.197 0.1000000015
134571  -52.389  -28.586  42.430 0.1000000015
61311  -58.356  -18.424  42.639 0.1000000015
60423  -58.727  -19.806  42.132 0.1000000015
60441  -59.405  -20.172  41.319 0.1000000015
56518  -60.625  -23.949  45.209 0.1000000015
133742  -38.747  -44.840  52.818 0.1000000015
38179  -38.472  -45.143  52.419 0.1000000015
38192  -37.707  -45.029  51.418 0.1000000015
52649  -51.938  -29.163  42.826 0.1000000015
53691  -51.541  -28.666  42.268 0.1000000015
61309  -56.964  -18.384  43.253 0.1000000015
54676  -59.351  -25.369  45.783 0.1000000015
40031  -38.915  -43.168  54.194 0.1000000015
39136  -37.230  -44.299  50.598 0.1000000015
52629  -50.584  -29.757  43.250 0.1000000015
52647  -50.232  -29.354  42.547 0.1000000015
41035  -39.618  -41.335  54.894 0.1000000015
129790  -39.147  -41.969  54.435 0.1000000015
40072  -36.610  -42.986  50.188 0.1000000015
50514  -48.755  -31.193  44.048 0.1000000015
51575  -49.270  -30.508  43.619 0.1000000015
42047  -39.470  -40.756  54.913 0.1000000015
41077  -36.249  -42.510  49.738 0.1000000015
137590  -35.893  -42.089  49.402 0.1000000015
49641  -47.218  -32.032  43.785 0.1000000015
50513  -47.475  -31.394  43.387 0.1000000015
42125  -35.044  -41.136  48.813 0.1000000015
42110  -35.414  -41.370  49.528 0.1000000015
49622  -44.574  -33.048  44.477 0.1000000015
49639  -45.347  -32.596  43.812 0.1000000015
49640  -46.370  -32.326  43.709 0.1000000015
49621  -43.631  -32.881  44.373 0.1000000015
48741  -40.826  -33.575  45.885 0.1000000015
47053  -38.345  -35.544  46.988 0.1000000015
145544  -39.315  -34.616  45.821 0.1000000015
48740  -39.945  -33.954  45.648 0.1000000015
59397  -55.942  -21.722  42.970 0.1000000015
58425  -54.448  -23.291  42.660 0.1000000015
58426  -55.179  -23.422  42.480 0.1000000015
138960  -53.054  -24.295  42.500 0.1000000015
57467  -53.835  -24.736  42.337 0.1000000015
141627  -52.865  -24.983  42.333 0.1000000015
130033  -52.250  -24.370  42.558 0.1000000015
55687  -52.425  -26.524  41.873 0.1000000015
54717  -52.263  -27.299  41.821 0.1000000015
59413  -59.361  -21.625  41.676 0.1000000015
57473  -60.256  -23.473  43.090 0.1000000015
37346  -37.587  -45.265  51.645 0.1000000015
53710  -51.955  -28.015  41.924 0.1000000015
62197  -56.058  -18.554  43.957 0.1000000015
62206  -57.781  -17.982  42.627 0.1000000015
62207  -58.966  -18.516  41.463 0.1000000015
61338  -59.372  -19.355  40.939 0.1000000015
58451  -59.260  -22.310  41.228 0.1000000015
56532  -60.806  -23.873  44.769 0.1000000015
40044  -38.139  -43.146  52.873 0.1000000015
39102  -38.365  -44.329  52.506 0.1000000015
39117  -38.120  -44.841  51.846 0.1000000015
38206  -37.340  -44.844  50.889 0.1000000015
53690  -50.693  -28.756  42.114 0.1000000015
61308  -55.715  -19.297  42.653 0.1000000015
61336  -57.316  -19.920  40.812 0.1000000015
133910  -57.942  -20.653  40.445 0.1000000015
55644  -60.613  -24.345  46.004 0.1000000015
40030  -38.613  -42.335  53.753 0.1000000015
40073  -37.034  -43.472  50.533 0.1000000015
52628  -49.734  -29.877  43.110 0.1000000015
52646  -49.395  -29.490  42.331 0.1000000015
55635  -60.141  -24.877  46.989 0.1000000015
41042  -38.567  -41.321  53.766 0.1000000015
41043  -39.084  -41.318  54.371 0.1000000015
51574  -48.493  -30.656  43.316 0.1000000015
50526  -47.011  -31.088  42.716 0.1000000015
51592  -47.363  -30.461  42.302 0.1000000015
42109  -34.789  -40.617  49.592 0.1000000015
50510  -44.785  -32.026  43.007 0.1000000015
50511  -45.753  -31.902  43.111 0.1000000015
42124  -34.240  -40.372  48.841 0.1000000015
43171  -34.227  -39.715  49.629 0.1000000015
49637  -43.289  -32.370  43.609 0.1000000015
49638  -44.250  -32.518  43.646 0.1000000015
43183  -33.829  -39.614  48.736 0.1000000015
48760  -41.278  -33.046  45.108 0.1000000015
49620  -42.707  -32.692  44.364 0.1000000015
48759  -40.415  -33.128  45.002 0.1000000015
47052  -37.540  -35.729  46.889 0.1000000015
136561  -37.668  -35.170  45.786 0.1000000015
45186  -36.566  -37.294  47.194 0.1000000015
47034  -37.350  -36.643  47.213 0.1000000015
60420  -55.463  -21.332  43.530 0.1000000015
59395  -54.041  -22.668  43.164 0.1000000015
59396  -54.973  -22.432  42.938 0.1000000015
58423  -52.628  -23.671  42.843 0.1000000015
58424  -53.637  -23.657  42.634 0.1000000015
57465  -50.568  -24.522  42.742 0.1000000015
58422  -51.743  -23.734  43.048 0.1000000015
57464  -49.738  -24.628  42.880 0.1000000015
56558  -51.641  -25.962  41.880 0.1000000015
61278  -56.422  -18.800  44.844 0.1000000015
56556  -49.854  -25.908  41.836 0.1000000015
55685  -50.276  -26.628  41.602 0.1000000015
55686  -51.113  -26.641  41.645 0.1000000015
55684  -49.578  -26.563  41.613 0.1000000015
54714  -49.727  -27.349  41.541 0.1000000015
60453  -59.043  -20.308  40.563 0.1000000015
59432  -59.294  -21.255  40.843 0.1000000015
127375  -58.930  -23.169  40.889 0.1000000015
131514  -59.507  -22.953  41.684 0.1000000015
40043  -37.658  -42.678  52.326 0.1000000015
39116  -37.637  -44.476  51.277 0.1000000015
53689  -49.841  -28.867  41.929 0.1000000015
61325  -54.834  -20.348  41.984 0.1000000015
60438  -55.121  -20.810  41.269 0.1000000015
60452  -56.741  -21.114  40.569 0.1000000015
59431  -58.508  -22.130  40.496 0.1000000015
56511  -61.043  -24.208  45.960 0.1000000015
41054  -38.073  -42.021  53.117 0.1000000015
40055  -37.435  -43.350  51.280 0.1000000015
51594  -48.924  -30.075  42.874 0.1000000015
52645  -48.572  -29.673  42.081 0.1000000015
60419  -53.900  -20.531  42.087 0.1000000015
55636  -60.595  -24.799  46.552 0.1000000015
41041  -37.987  -41.143  53.246 0.1000000015
129795  -37.585  -41.683  52.565 0.1000000015
41064  -36.757  -41.681  51.377 0.1000000015
124669  -36.379  -41.963  50.586 0.1000000015
52644  -47.746  -29.836  41.893 0.1000000015
42054  -37.669  -40.416  53.356 0.1000000015
42069  -36.918  -40.490  52.566 0.1000000015
42081  -35.726  -40.697  51.259 0.1000000015
140231  -36.260  -41.306  51.143 0.1000000015
50525  -46.152  -31.277  42.537 0.1000000015
43129  -36.406  -39.773  52.770 0.1000000015
43145  -36.057  -40.253  52.095 0.1000000015
43144  -35.273  -39.860  51.672 0.1000000015
50524  -45.227  -31.367  42.478 0.1000000015
51590  -45.646  -30.679  41.955 0.1000000015
43113  -36.624  -39.480  53.493 0.1000000015
43127  -34.768  -39.156  52.052 0.1000000015
44182  -33.906  -38.857  49.328 0.1000000015
50509  -43.837  -31.961  42.963 0.1000000015
50522  -43.396  -31.261  42.516 0.1000000015
44193  -33.949  -38.788  48.499 0.1000000015
45172  -34.851  -37.305  47.999 0.1000000015
49619  -41.808  -32.561  44.403 0.1000000015
49636  -42.304  -32.140  43.607 0.1000000015
45157  -34.386  -37.745  48.491 0.1000000015
46099  -34.930  -36.758  47.923 0.1000000015
47033  -35.384  -35.813  46.881 0.1000000015
48739  -39.040  -33.955  45.137 0.1000000015
49618  -40.877  -32.434  44.319 0.1000000015
45173  -35.498  -37.097  47.585 0.1000000015
125950  -36.379  -36.461  47.158 0.1000000015
47051  -36.572  -35.734  46.482 0.1000000015
47874  -38.248  -33.955  44.855 0.1000000015
48758  -39.501  -33.177  44.840 0.1000000015
49616  -38.977  -32.489  44.317 0.1000000015
45185  -35.825  -37.353  47.241 0.1000000015
45174  -36.224  -37.159  47.366 0.1000000015
46113  -36.703  -37.057  47.356 0.1000000015
59391  -53.780  -21.909  43.899 0.1000000015
59392  -54.728  -21.531  43.737 0.1000000015
59390  -52.697  -22.462  44.042 0.1000000015
123372  -56.336  -20.305  43.717 0.1000000015
58418  -51.472  -23.287  43.802 0.1000000015
61290  -56.766  -18.554  44.567 0.1000000015
139425  -48.568  -24.720  43.589 0.1000000015
57459  -49.289  -24.332  43.693 0.1000000015
62185  -55.911  -18.443  44.736 0.1000000015
57449  -47.926  -24.958  43.985 0.1000000015
57458  -48.879  -24.775  42.945 0.1000000015
57477  -60.177  -23.825  42.377 0.1000000015
56540  -47.589  -25.581  42.661 0.1000000015
55669  -47.978  -26.117  42.047 0.1000000015
135385  -49.095  -26.867  41.563 0.1000000015
58450  -58.282  -23.027  40.444 0.1000000015
57476  -59.686  -23.686  41.749 0.1000000015
56552  -60.587  -24.020  42.898 0.1000000015
55681  -46.592  -26.766  41.944 0.1000000015
54712  -47.944  -27.562  41.553 0.1000000015
53707  -49.382  -28.240  41.583 0.1000000015
125372  -54.197  -21.137  41.439 0.1000000015
60451  -55.602  -21.427  40.716 0.1000000015
59430  -57.549  -21.816  40.309 0.1000000015
57462  -60.697  -23.829  43.712 0.1000000015
40054  -36.927  -42.563  50.942 0.1000000015
53704  -46.761  -28.485  41.554 0.1000000015
53706  -48.496  -28.334  41.544 0.1000000015
52663  -46.490  -29.222  41.560 0.1000000015
52664  -47.289  -29.179  41.603 0.1000000015
43159  -34.926  -40.148  50.916 0.1000000015
42095  -35.311  -40.868  50.349 0.1000000015
51604  -44.193  -29.972  41.674 0.1000000015
43112  -35.765  -39.229  53.234 0.1000000015
43143  -34.601  -39.375  51.252 0.1000000015
51588  -43.828  -30.645  42.093 0.1000000015
51589  -44.726  -30.688  41.958 0.1000000015
44125  -35.498  -38.129  54.487 0.1000000015
44135  -35.211  -38.543  53.713 0.1000000015
44145  -34.961  -38.930  52.912 0.1000000015
50507  -41.648  -31.619  43.295 0.1000000015
45095  -34.380  -37.317  53.439 0.1000000015
44144  -34.373  -38.386  52.449 0.1000000015
46087  -34.417  -36.959  48.569 0.1000000015
47017  -34.630  -35.821  47.561 0.1000000015
131179  -40.945  -31.739  43.589 0.1000000015
122221  -34.414  -36.486  53.274 0.1000000015
47872  -36.626  -34.300  45.191 0.1000000015
49617  -39.897  -32.455  44.397 0.1000000015
49634  -40.204  -31.816  43.851 0.1000000015
47861  -36.899  -35.092  45.598 0.1000000015
49633  -39.353  -31.852  43.860 0.1000000015
139410  -55.119  -20.309  44.762 0.1000000015
60404  -55.838  -20.051  44.328 0.1000000015
62179  -56.058  -18.730  45.210 0.1000000015
61277  -56.238  -18.859  45.104 0.1000000015
56559  -59.749  -24.687  41.783 0.1000000015
56560  -60.323  -24.822  42.394 0.1000000015
57490  -58.929  -23.849  41.009 0.1000000015
56567  -59.046  -24.761  41.146 0.1000000015
56553  -60.835  -24.772  43.185 0.1000000015
55667  -46.266  -26.248  42.439 0.1000000015
55680  -45.950  -26.759  42.180 0.1000000015
59428  -55.126  -22.352  40.487 0.1000000015
59429  -56.258  -22.299  40.317 0.1000000015
58449  -57.193  -22.851  40.209 0.1000000015
57489  -58.118  -23.880  40.388 0.1000000015
55666  -45.528  -26.429  42.550 0.1000000015
54710  -46.068  -27.291  41.854 0.1000000015
60417  -52.119  -20.886  42.420 0.1000000015
136302  -55.557  -22.939  40.208 0.1000000015
54709  -44.944  -27.687  41.732 0.1000000015
139765  -45.569  -27.630  41.730 0.1000000015
42094  -34.681  -40.195  50.229 0.1000000015
53688  -43.844  -28.565  41.661 0.1000000015
52662  -45.716  -29.157  41.534 0.1000000015
131911  -34.196  -38.930  50.785 0.1000000015
44169  -34.042  -38.905  50.105 0.1000000015
52643  -43.397  -29.861  41.896 0.1000000015
44168  -33.849  -38.303  50.624 0.1000000015
143025  -34.138  -37.404  48.829 0.1000000015
50521  -41.811  -31.001  42.758 0.1000000015
51587  -42.135  -30.171  42.424 0.1000000015
142064  -34.157  -37.707  52.823 0.1000000015
45119  -33.620  -37.638  51.234 0.1000000015
47001  -33.944  -35.079  48.113 0.1000000015
47032  -34.804  -35.101  46.855 0.1000000015
48718  -34.728  -34.323  46.795 0.1000000015
50506  -40.381  -31.206  43.289 0.1000000015
46031  -33.967  -36.279  52.503 0.1000000015
46030  -33.756  -35.983  51.873 0.1000000015
47840  -35.325  -34.800  46.197 0.1000000015
48738  -36.135  -33.865  45.179 0.1000000015
143386  -36.332  -32.788  44.578 0.1000000015
49631  -37.558  -31.847  43.945 0.1000000015
50504  -38.868  -31.216  43.513 0.1000000015
48755  -36.659  -33.470  44.714 0.1000000015
49615  -38.018  -32.564  44.188 0.1000000015
60395  -55.767  -18.754  45.943 0.1000000015
62178  -55.622  -18.755  46.140 0.1000000015
55689  -59.238  -25.625  41.366 0.1000000015
55691  -60.428  -26.129  42.400 0.1000000015
124307  -60.786  -25.895  42.959 0.1000000015
58459  -55.441  -23.592  39.970 0.1000000015
57487  -56.346  -23.623  39.992 0.1000000015
57488  -57.214  -23.703  40.179 0.1000000015
55665  -44.776  -26.649  42.574 0.1000000015
59427  -53.323  -22.609  40.710 0.1000000015
58447  -54.762  -23.087  40.273 0.1000000015
53687  -42.445  -28.460  42.171 0.1000000015
44181  -33.797  -38.186  49.881 0.1000000015
53685  -40.727  -28.766  42.597 0.1000000015
123532  -42.204  -29.153  42.151 0.1000000015
135482  -33.426  -36.837  50.878 0.1000000015
45143  -33.705  -37.517  49.735 0.1000000015
52626  -38.251  -29.593  43.471 0.1000000015
51585  -40.466  -30.512  42.853 0.1000000015
136911  -33.440  -36.071  50.446 0.1000000015
46985  -33.544  -35.959  49.597 0.1000000015
47826  -34.334  -34.704  47.446 0.1000000015
49613  -36.072  -32.117  44.537 0.1000000015
50495  -37.114  -31.078  43.969 0.1000000015
46947  -34.397  -35.438  52.141 0.1000000015
46959  -33.882  -35.327  51.445 0.1000000015
140652  -33.490  -35.394  50.131 0.1000000015
47811  -33.873  -34.599  48.799 0.1000000015
137003  -34.117  -34.234  48.033 0.1000000015
48719  -35.151  -33.784  46.228 0.1000000015
48754  -35.829  -33.011  44.936 0.1000000015
132658  -36.803  -31.756  44.219 0.1000000015
50503  -37.966  -31.128  43.616 0.1000000015
60379  -55.063  -19.500  46.829 0.1000000015
61264  -55.429  -18.857  46.504 0.1000000015
126000  -58.326  -26.949  40.735 0.1000000015
54725  -58.811  -27.640  40.646 0.1000000015
54718  -59.209  -26.789  41.269 0.1000000015
55694  -57.614  -26.313  40.329 0.1000000015
56580  -56.405  -25.233  39.843 0.1000000015
54703  -60.586  -26.821  42.550 0.1000000015
58458  -54.443  -23.790  40.025 0.1000000015
57505  -55.744  -24.154  39.777 0.1000000015
56565  -57.188  -24.563  40.187 0.1000000015
54687  -60.712  -26.932  43.793 0.1000000015
59425  -51.559  -22.778  40.874 0.1000000015
59426  -52.452  -22.694  40.800 0.1000000015
140043  -53.859  -23.214  40.359 0.1000000015
54694  -40.877  -28.027  42.706 0.1000000015
124685  -39.298  -28.421  43.227 0.1000000015
53673  -38.501  -28.742  43.521 0.1000000015
52627  -39.089  -29.301  43.142 0.1000000015
47790  -34.657  -34.103  50.159 0.1000000015
48678  -35.658  -33.061  49.126 0.1000000015
48690  -35.346  -32.980  48.335 0.1000000015
49584  -35.411  -32.229  47.174 0.1000000015
131149  -35.417  -31.648  46.611 0.1000000015
50493  -35.721  -31.355  44.785 0.1000000015
51558  -36.610  -30.369  44.192 0.1000000015
142172  -35.410  -34.526  51.288 0.1000000015
47775  -34.050  -34.700  50.875 0.1000000015
48689  -34.491  -33.798  48.690 0.1000000015
48702  -34.594  -33.566  47.845 0.1000000015
129151  -35.287  -32.952  46.685 0.1000000015
49606  -35.608  -32.143  45.056 0.1000000015
54724  -57.858  -27.506  40.282 0.1000000015
54726  -60.050  -27.836  40.937 0.1000000015
55705  -56.953  -27.233  39.876 0.1000000015
54719  -60.256  -27.113  41.612 0.1000000015
131339  -55.784  -26.009  39.602 0.1000000015
141048  -60.617  -27.806  42.301 0.1000000015
57503  -54.058  -24.519  39.763 0.1000000015
57504  -54.981  -24.337  39.733 0.1000000015
53679  -60.498  -28.135  43.038 0.1000000015
59424  -50.610  -22.879  40.913 0.1000000015
58445  -52.032  -23.411  40.500 0.1000000015
58446  -52.944  -23.321  40.436 0.1000000015
59406  -50.079  -22.370  41.500 0.1000000015
51485  -34.535  -30.623  50.917 0.1000000015
52556  -34.536  -29.930  50.386 0.1000000015
52564  -34.697  -29.670  49.631 0.1000000015
53651  -36.462  -28.544  46.652 0.1000000015
140263  -36.218  -32.661  49.614 0.1000000015
51521  -35.393  -30.080  47.058 0.1000000015
52597  -35.872  -29.502  46.005 0.1000000015
53656  -36.796  -29.071  44.703 0.1000000015
53665  -37.983  -28.397  44.180 0.1000000015
48664  -36.027  -33.227  49.884 0.1000000015
49575  -35.583  -32.096  48.087 0.1000000015
50462  -35.437  -31.428  47.437 0.1000000015
51545  -35.581  -30.761  45.248 0.1000000015
52607  -35.708  -29.948  45.198 0.1000000015
52616  -36.966  -29.631  44.099 0.1000000015
60370  -54.919  -19.609  47.589 0.1000000015
53713  -58.391  -28.118  40.084 0.1000000015
54733  -56.412  -27.884  39.459 0.1000000015
54734  -57.379  -28.039  39.764 0.1000000015
53714  -59.660  -28.174  40.274 0.1000000015
54732  -55.460  -27.600  39.249 0.1000000015
121110  -56.050  -26.985  39.555 0.1000000015
54727  -60.474  -28.336  41.038 0.1000000015
128350  -60.752  -28.787  41.344 0.1000000015
136635  -54.199  -25.804  39.489 0.1000000015
55702  -54.343  -26.540  39.392 0.1000000015
53696  -60.705  -28.724  42.171 0.1000000015
56576  -52.788  -25.532  39.533 0.1000000015
58442  -49.139  -23.545  40.276 0.1000000015
58443  -50.087  -23.574  40.512 0.1000000015
57484  -51.573  -24.160  40.169 0.1000000015
57502  -52.042  -24.911  39.700 0.1000000015
52652  -60.368  -29.256  42.776 0.1000000015
145457  -46.983  -21.636  41.182 0.1000000015
59404  -48.271  -22.265  41.060 0.1000000015
59423  -49.583  -22.960  40.863 0.1000000015
60432  -47.612  -21.843  41.288 0.1000000015
50431  -35.685  -31.501  50.006 0.1000000015
51491  -34.899  -30.736  50.206 0.1000000015
52577  -35.154  -29.557  48.319 0.1000000015
53640  -36.641  -28.146  47.399 0.1000000015
49555  -36.256  -32.116  49.751 0.1000000015
138689  -35.327  -30.986  49.627 0.1000000015
51497  -34.847  -30.288  49.629 0.1000000015
52588  -35.548  -29.384  47.463 0.1000000015
50439  -35.839  -31.622  49.346 0.1000000015
50451  -35.534  -31.115  48.185 0.1000000015
53723  -59.362  -28.399  39.499 0.1000000015
53736  -60.500  -28.494  38.618 0.1000000015
52681  -56.745  -28.761  38.232 0.1000000015
53722  -58.073  -28.433  39.340 0.1000000015
53721  -56.942  -28.416  39.151 0.1000000015
53724  -60.615  -28.541  39.597 0.1000000015
54745  -53.997  -27.822  38.687 0.1000000015
54746  -54.855  -28.059  38.745 0.1000000015
53715  -60.706  -28.537  40.340 0.1000000015
53716  -60.937  -28.871  40.412 0.1000000015
55714  -52.031  -26.853  38.752 0.1000000015
54730  -53.755  -27.102  39.141 0.1000000015
54731  -54.584  -27.327  39.171 0.1000000015
56574  -50.364  -25.469  39.278 0.1000000015
55700  -51.575  -26.260  39.150 0.1000000015
135835  -52.461  -26.295  39.319 0.1000000015
133650  -60.673  -29.452  42.005 0.1000000015
59438  -47.364  -22.303  39.243 0.1000000015
58441  -48.441  -23.326  39.776 0.1000000015
57500  -50.023  -24.841  39.695 0.1000000015
57501  -50.980  -24.856  39.724 0.1000000015
142408  -60.153  -29.834  42.773 0.1000000015
60448  -46.253  -21.263  40.042 0.1000000015
59436  -47.801  -22.760  39.844 0.1000000015
52634  -60.093  -29.968  43.530 0.1000000015
53749  -60.646  -28.324  37.527 0.1000000015
142876  -58.503  -28.543  37.833 0.1000000015
53735  -59.225  -28.476  38.365 0.1000000015
52688  -55.416  -29.208  37.524 0.1000000015
52689  -56.451  -29.036  37.241 0.1000000015
122358  -53.294  -28.951  36.788 0.1000000015
53746  -54.561  -29.082  37.660 0.1000000015
140747  -55.889  -28.932  38.080 0.1000000015
53725  -61.158  -28.953  39.730 0.1000000015
52673  -61.067  -29.390  40.322 0.1000000015
55720  -50.799  -27.178  37.207 0.1000000015
54752  -51.448  -27.753  37.272 0.1000000015
53731  -53.363  -28.329  38.180 0.1000000015
61344  -47.124  -20.837  38.236 0.1000000015
132802  -48.136  -22.844  38.186 0.1000000015
57512  -48.616  -24.119  38.008 0.1000000015
56587  -49.401  -25.292  38.070 0.1000000015
55713  -51.012  -26.675  38.258 0.1000000015
52667  -60.713  -29.620  41.206 0.1000000015
60457  -47.019  -21.535  38.732 0.1000000015
59440  -47.640  -22.252  38.395 0.1000000015
58461  -48.401  -23.469  38.432 0.1000000015
61340  -45.613  -20.479  39.890 0.1000000015
61341  -46.167  -20.763  39.414 0.1000000015
144967  -59.890  -30.060  43.322 0.1000000015
51582  -59.822  -30.308  43.773 0.1000000015
130672  -59.914  -30.356  44.217 0.1000000015
124982  -60.680  -28.200  36.675 0.1000000015
53759  -58.786  -28.330  36.334 0.1000000015
53748  -59.458  -28.360  37.150 0.1000000015
53758  -57.416  -28.675  36.434 0.1000000015
127158  -60.999  -28.880  38.913 0.1000000015
56609  -51.360  -25.259  34.729 0.1000000015
55732  -51.789  -27.158  34.343 0.1000000015
52715  -54.638  -29.104  35.062 0.1000000015
129198  -55.721  -29.211  35.964 0.1000000015
133846  -50.361  -23.029  35.667 0.1000000015
58475  -50.678  -23.621  35.480 0.1000000015
55730  -50.732  -25.984  35.147 0.1000000015
53756  -52.441  -28.604  36.515 0.1000000015
52697  -54.776  -29.254  36.063 0.1000000015
51631  -60.984  -30.105  40.061 0.1000000015
61351  -48.836  -21.008  36.981 0.1000000015
59444  -49.269  -22.212  36.578 0.1000000015
57524  -49.714  -24.553  36.189 0.1000000015
54754  -50.638  -27.081  36.217 0.1000000015
53755  -51.826  -28.267  36.980 0.1000000015
51622  -60.826  -29.964  40.661 0.1000000015
63100  -46.732  -19.030  38.126 0.1000000015
62223  -47.699  -19.599  37.655 0.1000000015
59443  -48.668  -22.407  37.149 0.1000000015
55718  -49.701  -25.978  36.922 0.1000000015
55719  -50.234  -26.455  37.469 0.1000000015
62219  -45.828  -19.164  38.683 0.1000000015
62220  -46.431  -19.763  38.588 0.1000000015
122110  -59.740  -30.416  42.008 0.1000000015
51598  -59.700  -30.101  42.905 0.1000000015
53760  -60.163  -28.044  36.139 0.1000000015
53761  -60.844  -28.254  36.146 0.1000000015
53750  -61.173  -28.527  36.877 0.1000000015
132506  -51.165  -21.981  35.426 0.1000000015
58485  -51.969  -23.760  34.770 0.1000000015
55740  -52.272  -26.957  33.732 0.1000000015
53776  -54.685  -28.782  34.345 0.1000000015
52711  -56.345  -28.937  35.512 0.1000000015
53779  -59.138  -27.863  34.664 0.1000000015
124120  -60.543  -28.110  35.503 0.1000000015
53737  -61.143  -28.690  37.885 0.1000000015
62228  -50.303  -19.822  36.558 0.1000000015
59455  -51.104  -22.791  35.354 0.1000000015
55754  -53.265  -26.506  32.658 0.1000000015
53805  -54.236  -28.134  33.202 0.1000000015
120940  -56.445  -28.503  33.936 0.1000000015
121780  -59.692  -27.903  35.441 0.1000000015
52682  -61.262  -29.223  38.494 0.1000000015
52677  -61.176  -29.536  39.426 0.1000000015
63104  -48.318  -18.247  37.534 0.1000000015
62225  -49.211  -19.545  37.163 0.1000000015
55766  -53.739  -26.451  31.927 0.1000000015
53806  -55.124  -28.269  32.837 0.1000000015
53792  -56.871  -28.247  33.157 0.1000000015
52713  -60.854  -28.891  35.483 0.1000000015
64035  -46.405  -17.175  37.700 0.1000000015
136089  -54.727  -26.058  30.685 0.1000000015
53826  -56.654  -27.840  31.438 0.1000000015
53808  -57.412  -27.956  32.243 0.1000000015
146047  -60.773  -30.161  39.434 0.1000000015
51611  -59.347  -30.387  41.194 0.1000000015
51621  -60.187  -30.354  40.553 0.1000000015
51597  -59.147  -30.361  42.606 0.1000000015
121458  -58.755  -30.475  41.897 0.1000000015
62240  -51.699  -20.008  36.030 0.1000000015
59467  -52.596  -22.437  34.786 0.1000000015
57537  -52.864  -24.689  33.912 0.1000000015
63106  -49.729  -18.378  37.317 0.1000000015
61353  -50.921  -20.241  36.200 0.1000000015
59468  -53.526  -22.417  34.423 0.1000000015
136630  -60.814  -28.490  35.710 0.1000000015
52701  -61.071  -28.673  36.185 0.1000000015
51639  -60.937  -29.900  38.749 0.1000000015
65879  -46.808  -15.438  37.447 0.1000000015
64038  -49.137  -17.863  37.514 0.1000000015
63109  -50.244  -18.929  36.859 0.1000000015
57545  -54.296  -23.961  32.911 0.1000000015
57554  -53.854  -24.708  32.700 0.1000000015
52700  -60.732  -29.403  36.212 0.1000000015
64036  -47.271  -17.236  37.525 0.1000000015
145292  -54.270  -24.302  32.324 0.1000000015
51630  -60.123  -30.450  39.800 0.1000000015
51620  -58.944  -30.495  40.325 0.1000000015
64043  -52.596  -17.483  36.638 0.1000000015
63111  -53.112  -18.174  36.320 0.1000000015
122676  -50.947  -15.507  36.637 0.1000000015
63110  -52.274  -18.354  36.436 0.1000000015
62242  -53.281  -19.505  35.524 0.1000000015
133094  -61.391  -28.981  37.528 0.1000000015
137546  -49.940  -16.314  37.125 0.1000000015
120652  -51.208  -16.910  37.198 0.1000000015
130477  -54.504  -21.030  34.473 0.1000000015
134278  -47.859  -14.900  37.150 0.1000000015
64969  -49.341  -16.886  37.379 0.1000000015
60505  -55.471  -22.211  33.660 0.1000000015
52690  -60.805  -29.684  37.288 0.1000000015
51638  -60.447  -30.194  38.181 0.1000000015
141184  -60.137  -30.324  38.995 0.1000000015
51669  -59.669  -30.174  36.785 0.1000000015
51637  -59.243  -30.455  38.477 0.1000000015
51636  -57.954  -30.570  38.760 0.1000000015
51629  -59.023  -30.478  39.352 0.1000000015
51627  -57.012  -30.774  39.345 0.1000000015
128044  -52.477  -15.970  36.844 0.1000000015
128750  -53.073  -16.547  36.727 0.1000000015
138713  -50.392  -11.843  37.197 0.1000000015
65885  -51.877  -15.333  36.646 0.1000000015
67702  -49.433  -13.679  36.608 0.1000000015
64056  -54.653  -17.880  35.886 0.1000000015
63120  -53.583  -18.745  35.807 0.1000000015
67693  -47.229  -13.126  38.515 0.1000000015
65881  -48.642  -14.907  36.843 0.1000000015
62263  -55.688  -19.816  34.575 0.1000000015
61382  -55.064  -20.587  34.464 0.1000000015
73144  -52.735  -7.686  40.110 0.1000000015
70465  -51.244  -9.890  39.430 0.1000000015
70468  -51.547  -10.148  38.735 0.1000000015
71333  -51.918  -9.135  38.864 0.1000000015
69530  -50.856  -11.385  37.766 0.1000000015
123426  -52.116  -12.963  36.532 0.1000000015
140460  -51.909  -10.486  38.207 0.1000000015
68594  -49.113  -12.134  37.850 0.1000000015
64045  -54.584  -17.171  36.352 0.1000000015
130774  -54.334  -15.558  36.772 0.1000000015
64046  -55.750  -16.776  36.331 0.1000000015
63138  -57.066  -18.693  34.835 0.1000000015
73154  -53.207  -7.068  39.686 0.1000000015
121680  -52.249  -11.407  37.239 0.1000000015
70469  -52.241  -9.807  38.180 0.1000000015
67705  -53.164  -13.005  36.823 0.1000000015
139990  -52.555  -10.227  37.750 0.1000000015
64975  -55.267  -16.047  36.700 0.1000000015
137751  -54.810  -14.750  36.974 0.1000000015
65888  -55.503  -15.015  36.934 0.1000000015
63124  -57.529  -17.762  35.106 0.1000000015
62266  -58.501  -18.990  33.765 0.1000000015
61413  -59.347  -19.650  32.295 0.1000000015
64076  -58.703  -18.081  33.211 0.1000000015
63179  -58.519  -18.643  32.051 0.1000000015
62298  -57.724  -19.711  31.379 0.1000000015
60526  -55.748  -21.277  30.920 0.1000000015
59511  -53.935  -22.085  30.486 0.1000000015
74060  -54.039  -6.584  40.127 0.1000000015
73156  -52.577  -7.590  38.507 0.1000000015
69546  -53.195  -10.574  37.463 0.1000000015
73157  -52.924  -6.949  38.867 0.1000000015
67706  -54.484  -12.987  37.240 0.1000000015
125622  -52.690  -9.604  37.598 0.1000000015
64047  -56.889  -16.517  36.096 0.1000000015
66788  -56.939  -13.452  37.185 0.1000000015
68599  -55.195  -11.011  37.419 0.1000000015
138460  -57.804  -16.340  35.763 0.1000000015
64977  -57.739  -15.560  36.194 0.1000000015
67708  -56.869  -12.563  37.076 0.1000000015
67719  -57.342  -13.224  36.862 0.1000000015
64069  -57.917  -17.363  34.606 0.1000000015
64994  -58.036  -16.830  34.579 0.1000000015
66799  -57.567  -14.130  36.399 0.1000000015
65922  -57.680  -16.028  34.252 0.1000000015
65912  -57.700  -15.310  34.985 0.1000000015
64090  -57.799  -17.492  32.478 0.1000000015
65000  -57.239  -16.257  33.076 0.1000000015
65920  -56.263  -15.608  33.411 0.1000000015
62293  -56.766  -19.378  32.029 0.1000000015
64089  -57.094  -16.991  31.883 0.1000000015
65932  -56.618  -15.986  32.590 0.1000000015
60524  -53.384  -21.910  31.647 0.1000000015
142259  -54.655  -20.626  32.368 0.1000000015
63192  -56.064  -17.932  32.000 0.1000000015
65941  -56.146  -16.115  31.757 0.1000000015
74076  -53.750  -6.493  39.130 0.1000000015
74077  -54.699  -6.239  39.573 0.1000000015
72246  -52.645  -8.333  37.291 0.1000000015
69532  -55.099  -10.554  37.138 0.1000000015
68611  -56.516  -11.936  36.976 0.1000000015
66808  -56.616  -14.388  35.246 0.1000000015
65910  -55.811  -15.070  34.294 0.1000000015
66816  -54.640  -15.002  34.009 0.1000000015
38120  -41.914  -44.625  57.195 0.1000000015
43130  -37.072  -39.942  53.143 0.1000000015
141783  -34.500  -35.825  52.795 0.1000000015
45096  -34.865  -37.698  54.030 0.1000000015
46960  -34.624  -34.805  51.476 0.1000000015
47791  -35.949  -33.762  50.424 0.1000000015
125887  -54.775  -19.625  42.860 0.1000000015
61343  -46.590  -20.603  38.776 0.1000000015
132681  -47.188  -14.961  37.375 0.1000000015
60450  -54.608  -21.692  40.886 0.1000000015
60418  -52.995  -20.720  42.255 0.1000000015
59405  -49.088  -22.382  41.306 0.1000000015
64966  -46.779  -16.314  37.468 0.1000000015
66778  -47.367  -14.168  37.488 0.1000000015
144055  -43.217  -27.946  42.104 0.1000000015
130185  -35.483  -28.540  49.002 0.1000000015
53641  -37.182  -28.031  46.700 0.1000000015
53657  -36.945  -28.477  45.661 0.1000000015
54679  -38.763  -27.891  43.818 0.1000000015
53674  -40.129  -28.140  42.891 0.1000000015
58419  -52.219  -23.190  43.496 0.1000000015
57460  -50.946  -23.846  43.246 0.1000000015
58412  -51.227  -23.246  44.583 0.1000000015
125333  -49.282  -24.228  44.715 0.1000000015
57452  -49.940  -23.857  44.286 0.1000000015
59388  -53.876  -21.346  44.792 0.1000000015
55668  -47.061  -26.118  42.201 0.1000000015
53639  -35.996  -28.690  47.397 0.1000000015
66779  -48.244  -14.191  37.064 0.1000000015
67701  -48.714  -13.637  36.891 0.1000000015
68598  -49.571  -12.328  37.202 0.1000000015
69526  -50.406  -11.141  38.503 0.1000000015
69527  -51.225  -10.841  38.368 0.1000000015
72225  -52.294  -8.277  40.521 0.1000000015
72224  -51.717  -8.673  40.169 0.1000000015
69529  -49.844  -11.656  37.877 0.1000000015
35516  -38.328  -46.834  59.695 0.1000000015
36434  -43.797  -47.276  58.256 0.1000000015
141580  -41.277  -46.330  55.925 0.1000000015
54683  -55.999  -27.717  43.228 0.1000000015
54701  -55.836  -27.186  42.695 0.1000000015
54674  -57.541  -27.422  44.212 0.1000000015
38158  -39.543  -45.379  54.030 0.1000000015
53675  -53.664  -28.838  43.129 0.1000000015
54699  -53.663  -27.714  42.348 0.1000000015
129167  -54.082  -26.894  42.256 0.1000000015
55670  -53.294  -26.323  42.089 0.1000000015
53692  -52.784  -27.905  42.140 0.1000000015
62198  -57.727  -18.128  43.271 0.1000000015
49623  -46.205  -32.877  44.340 0.1000000015
50496  -47.978  -31.662  43.953 0.1000000015
125458  -46.976  -32.634  44.238 0.1000000015
47862  -38.475  -34.731  45.631 0.1000000015
47037  -39.646  -35.847  47.166 0.1000000015
46127  -38.514  -37.105  46.964 0.1000000015
134531  -54.561  -24.086  42.395 0.1000000015
60454  -59.414  -20.222  40.950 0.1000000015
39085  -38.629  -43.800  53.254 0.1000000015
52631  -52.273  -29.500  43.530 0.1000000015
52648  -51.097  -29.277  42.668 0.1000000015
53709  -51.122  -28.082  41.771 0.1000000015
61326  -56.634  -18.932  42.143 0.1000000015
137144  -48.110  -31.138  43.559 0.1000000015
41076  -35.828  -41.699  50.075 0.1000000015
50512  -46.661  -31.660  43.228 0.1000000015
51573  -47.774  -30.821  43.014 0.1000000015
56545  -52.572  -25.736  42.114 0.1000000015
57466  -51.368  -24.429  42.632 0.1000000015
121002  -51.918  -25.123  42.289 0.1000000015
141822  -51.787  -26.735  41.718 0.1000000015
54716  -51.504  -27.360  41.679 0.1000000015
61327  -57.514  -18.789  41.528 0.1000000015
56520  -61.165  -24.031  45.275 0.1000000015
39101  -37.831  -43.816  52.055 0.1000000015
53708  -50.246  -28.130  41.668 0.1000000015
126095  -55.660  -19.974  41.794 0.1000000015
60439  -56.266  -20.083  41.186 0.1000000015
51593  -48.156  -30.282  42.551 0.1000000015
51591  -46.542  -30.610  42.098 0.1000000015
51607  -46.930  -29.929  41.734 0.1000000015
47873  -37.459  -34.315  45.076 0.1000000015
58420  -53.092  -22.934  43.321 0.1000000015
129074  -50.172  -24.067  43.461 0.1000000015
56544  -51.062  -25.197  42.260 0.1000000015
56543  -50.231  -25.239  42.316 0.1000000015
56542  -49.355  -25.299  42.354 0.1000000015
56557  -50.719  -25.911  41.820 0.1000000015
56555  -48.959  -26.093  41.845 0.1000000015
54715  -50.664  -27.376  41.586 0.1000000015
52666  -49.002  -29.022  41.712 0.1000000015
41065  -37.293  -42.153  51.732 0.1000000015
52665  -48.140  -29.120  41.658 0.1000000015
41053  -37.481  -40.971  52.755 0.1000000015
138727  -37.096  -41.300  52.123 0.1000000015
42068  -36.485  -40.943  51.756 0.1000000015
42096  -35.904  -41.311  50.692 0.1000000015
43128  -35.551  -39.550  52.441 0.1000000015
43158  -34.426  -39.545  50.495 0.1000000015
50523  -44.300  -31.372  42.466 0.1000000015
51605  -45.117  -29.846  41.605 0.1000000015
45144  -33.910  -37.934  49.149 0.1000000015
50508  -42.954  -31.775  43.006 0.1000000015
132755  -43.001  -30.486  42.296 0.1000000015
49635  -41.510  -32.121  43.818 0.1000000015
136927  -42.265  -31.553  43.028 0.1000000015
46100  -35.799  -36.797  47.446 0.1000000015
48757  -38.580  -33.218  44.619 0.1000000015
45184  -34.868  -37.509  47.396 0.1000000015
47050  -35.841  -35.523  46.330 0.1000000015
56530  -48.122  -25.128  43.194 0.1000000015
56541  -48.471  -25.451  42.479 0.1000000015
55683  -48.379  -26.815  41.626 0.1000000015
55682  -47.453  -26.791  41.746 0.1000000015
54713  -48.842  -27.532  41.516 0.1000000015
54711  -46.916  -27.584  41.640 0.1000000015
53705  -47.590  -28.377  41.548 0.1000000015
123968  -46.128  -27.966  41.629 0.1000000015
51606  -46.081  -29.945  41.650 0.1000000015
127874  -46.091  -28.592  41.547 0.1000000015
139115  -43.748  -29.326  41.658 0.1000000015
52661  -44.414  -29.201  41.562 0.1000000015
44134  -34.571  -38.134  53.294 0.1000000015
44157  -34.143  -38.520  51.487 0.1000000015
50520  -41.070  -31.096  42.990 0.1000000015
135186  -42.579  -31.087  42.603 0.1000000015
45107  -33.894  -37.067  52.743 0.1000000015
45120  -33.832  -37.689  52.129 0.1000000015
126886  -34.134  -36.062  48.288 0.1000000015
47000  -33.817  -36.257  48.891 0.1000000015
47860  -36.086  -34.820  45.628 0.1000000015
50505  -39.679  -31.242  43.460 0.1000000015
48756  -37.644  -33.360  44.544 0.1000000015
49632  -38.443  -31.867  43.808 0.1000000015
55675  -60.977  -25.255  43.563 0.1000000015
58448  -56.176  -23.104  40.094 0.1000000015
56566  -58.124  -24.940  40.418 0.1000000015
54698  -45.339  -27.071  42.064 0.1000000015
132643  -54.205  -22.481  40.603 0.1000000015
128886  -44.631  -27.231  42.121 0.1000000015
54697  -44.179  -27.758  41.849 0.1000000015
53702  -44.630  -28.367  41.595 0.1000000015
52642  -42.752  -29.708  42.131 0.1000000015
52660  -43.057  -28.968  41.830 0.1000000015
46074  -33.835  -36.990  49.258 0.1000000015
51586  -41.237  -30.322  42.632 0.1000000015
45106  -33.584  -36.812  51.836 0.1000000015
139317  -33.695  -35.449  48.869 0.1000000015
136083  -34.863  -33.553  47.057 0.1000000015
51572  -39.900  -30.711  43.123 0.1000000015
46044  -33.528  -36.063  51.231 0.1000000015
48737  -35.592  -33.856  45.560 0.1000000015
49614  -36.986  -32.573  44.311 0.1000000015
55695  -58.548  -25.922  40.846 0.1000000015
55690  -59.846  -25.852  41.870 0.1000000015
130319  -60.776  -26.559  43.159 0.1000000015
57506  -56.381  -24.339  39.890 0.1000000015
45130  -33.610  -37.570  50.384 0.1000000015
52641  -41.397  -29.408  42.439 0.1000000015
46059  -33.518  -36.829  50.042 0.1000000015
53672  -37.884  -29.034  43.707 0.1000000015
51570  -38.449  -30.440  43.420 0.1000000015
51571  -39.257  -30.593  43.252 0.1000000015
51584  -39.693  -29.964  42.871 0.1000000015
52640  -40.556  -29.664  42.631 0.1000000015
46971  -33.609  -35.340  50.760 0.1000000015
143910  -34.402  -34.003  47.453 0.1000000015
50494  -36.303  -31.175  44.376 0.1000000015
51569  -37.507  -30.231  43.680 0.1000000015
47789  -33.725  -34.786  50.197 0.1000000015
47799  -33.587  -34.996  49.554 0.1000000015
47800  -34.029  -34.320  49.490 0.1000000015
132095  -35.479  -32.882  45.715 0.1000000015
138148  -57.138  -25.423  40.189 0.1000000015
54720  -60.530  -27.553  41.865 0.1000000015
55704  -56.612  -26.196  39.889 0.1000000015
56579  -55.546  -24.991  39.635 0.1000000015
57486  -53.511  -23.944  40.100 0.1000000015
52639  -39.876  -29.033  42.756 0.1000000015
47776  -35.137  -34.326  50.857 0.1000000015
48663  -34.860  -33.712  49.440 0.1000000015
49565  -36.023  -32.355  48.993 0.1000000015
48703  -35.251  -32.883  47.562 0.1000000015
138485  -35.377  -32.333  46.390 0.1000000015
142304  -35.459  -31.943  45.791 0.1000000015
123111  -35.387  -30.844  46.806 0.1000000015
51557  -35.866  -30.510  44.650 0.1000000015
50484  -35.541  -31.474  45.291 0.1000000015
52615  -36.211  -29.744  44.599 0.1000000015
56578  -54.569  -25.116  39.576 0.1000000015
135782  -54.932  -25.877  39.533 0.1000000015
56577  -53.691  -25.296  39.560 0.1000000015
57485  -52.557  -24.081  40.139 0.1000000015
136439  -53.116  -24.693  39.757 0.1000000015
58444  -51.091  -23.486  40.540 0.1000000015
51510  -34.784  -29.901  48.955 0.1000000015
145843  -36.258  -28.933  46.064 0.1000000015
124775  -36.508  -32.510  50.152 0.1000000015
141380  -36.282  -31.980  50.209 0.1000000015
141418  -35.314  -29.954  47.760 0.1000000015
121350  -35.638  -29.648  46.674 0.1000000015
51532  -35.582  -30.272  46.133 0.1000000015
52598  -36.231  -29.226  45.326 0.1000000015
53650  -35.913  -29.086  46.699 0.1000000015
53664  -37.380  -29.011  44.110 0.1000000015
52625  -37.569  -29.500  43.746 0.1000000015
133016  -35.767  -31.597  48.731 0.1000000015
122360  -35.391  -30.596  47.594 0.1000000015
129286  -35.496  -31.156  45.980 0.1000000015
53720  -55.862  -28.343  38.800 0.1000000015
55703  -55.175  -26.762  39.454 0.1000000015
55701  -53.449  -26.241  39.398 0.1000000015
56575  -51.252  -25.589  39.414 0.1000000015
57482  -49.647  -24.175  40.010 0.1000000015
58457  -48.915  -23.934  39.608 0.1000000015
59422  -48.522  -22.867  40.551 0.1000000015
57483  -50.575  -24.204  40.167 0.1000000015
59421  -47.670  -22.364  40.525 0.1000000015
51498  -35.336  -30.811  48.960 0.1000000015
51511  -35.199  -30.279  48.299 0.1000000015
53747  -57.821  -28.635  37.372 0.1000000015
53734  -57.800  -28.602  38.423 0.1000000015
53733  -55.085  -28.764  38.260 0.1000000015
53732  -54.213  -28.547  38.253 0.1000000015
54744  -53.220  -27.603  38.622 0.1000000015
54742  -51.616  -27.323  37.935 0.1000000015
54743  -52.451  -27.435  38.397 0.1000000015
55715  -52.921  -26.937  39.037 0.1000000015
57499  -49.288  -24.555  39.319 0.1000000015
55699  -50.717  -26.064  38.888 0.1000000015
57510  -49.031  -24.711  38.458 0.1000000015
56588  -49.986  -25.745  38.556 0.1000000015
52651  -60.343  -30.087  42.046 0.1000000015
59439  -48.032  -22.935  38.981 0.1000000015
60456  -46.819  -21.809  39.635 0.1000000015
143866  -48.474  -23.572  39.140 0.1000000015
52698  -55.618  -29.277  36.686 0.1000000015
123811  -54.912  -29.296  36.980 0.1000000015
135765  -52.710  -28.504  37.463 0.1000000015
53745  -53.694  -28.818  37.590 0.1000000015
52687  -54.163  -29.184  36.898 0.1000000015
53757  -53.128  -28.874  35.941 0.1000000015
55721  -50.215  -26.518  36.643 0.1000000015
54755  -51.222  -27.731  36.590 0.1000000015
138549  -50.313  -26.204  38.182 0.1000000015
60459  -47.599  -21.482  37.894 0.1000000015
62221  -47.018  -19.953  38.119 0.1000000015
59441  -48.152  -22.333  37.767 0.1000000015
58463  -48.536  -23.284  37.558 0.1000000015
56590  -49.339  -25.319  37.220 0.1000000015
51612  -60.266  -30.201  41.278 0.1000000015
131885  -57.098  -28.681  35.777 0.1000000015
52699  -56.412  -29.028  36.273 0.1000000015
53767  -58.226  -28.335  35.607 0.1000000015
57534  -50.795  -24.948  35.250 0.1000000015
55731  -51.226  -26.845  34.828 0.1000000015
55739  -51.771  -26.489  34.214 0.1000000015
56610  -52.046  -25.549  34.184 0.1000000015
57526  -50.931  -24.188  35.292 0.1000000015
57535  -51.411  -24.377  34.926 0.1000000015
53788  -53.103  -28.281  34.247 0.1000000015
53774  -52.324  -28.192  34.891 0.1000000015
54765  -52.316  -27.680  34.257 0.1000000015
54764  -51.706  -27.628  34.855 0.1000000015
53775  -53.875  -28.794  34.662 0.1000000015
53765  -53.079  -28.672  35.108 0.1000000015
52716  -55.278  -28.964  34.703 0.1000000015
52709  -53.868  -29.053  35.477 0.1000000015
52710  -55.478  -29.129  35.323 0.1000000015
58474  -49.989  -23.719  35.907 0.1000000015
59453  -49.715  -22.851  36.134 0.1000000015
60465  -50.279  -21.388  36.030 0.1000000015
59454  -50.442  -22.186  35.695 0.1000000015
57525  -50.351  -24.418  35.653 0.1000000015
55723  -50.314  -26.315  35.894 0.1000000015
54757  -50.744  -26.779  35.496 0.1000000015
53764  -52.358  -28.469  35.654 0.1000000015
53763  -51.722  -28.199  36.150 0.1000000015
53773  -51.802  -28.055  35.420 0.1000000015
62224  -48.514  -19.525  37.423 0.1000000015
128489  -48.125  -20.160  37.510 0.1000000015
60463  -48.910  -21.717  36.881 0.1000000015
60464  -49.539  -21.308  36.495 0.1000000015
58466  -49.371  -23.778  36.470 0.1000000015
135633  -49.023  -23.069  36.794 0.1000000015
56595  -49.901  -25.956  36.334 0.1000000015
142928  -47.225  -19.310  37.849 0.1000000015
60460  -48.363  -21.670  37.378 0.1000000015
134009  -48.212  -18.962  37.534 0.1000000015
58465  -48.885  -23.795  36.966 0.1000000015
52691  -61.340  -28.959  36.787 0.1000000015
58476  -51.359  -23.611  35.155 0.1000000015
61364  -51.346  -20.757  35.770 0.1000000015
59456  -51.813  -22.194  35.219 0.1000000015
57536  -52.061  -24.576  34.495 0.1000000015
133089  -52.437  -23.229  34.677 0.1000000015
54774  -52.851  -27.585  33.598 0.1000000015
142265  -52.247  -26.187  33.753 0.1000000015
55741  -52.853  -26.983  33.162 0.1000000015
53790  -54.877  -28.528  33.630 0.1000000015
136724  -53.530  -28.030  33.562 0.1000000015
53777  -55.512  -28.718  34.119 0.1000000015
53789  -54.042  -28.455  33.936 0.1000000015
52717  -56.183  -28.811  34.711 0.1000000015
53778  -57.062  -28.425  34.372 0.1000000015
53766  -57.400  -28.473  35.003 0.1000000015
62227  -49.772  -19.513  36.850 0.1000000015
56617  -52.688  -25.606  33.526 0.1000000015
54775  -53.504  -27.470  32.926 0.1000000015
54789  -54.372  -27.699  32.351 0.1000000015
56629  -53.100  -25.822  32.965 0.1000000015
54788  -53.697  -27.043  32.276 0.1000000015
53791  -55.781  -28.478  33.369 0.1000000015
121298  -57.593  -28.165  33.770 0.1000000015
143083  -58.029  -28.145  34.318 0.1000000015
64037  -48.274  -17.301  37.473 0.1000000015
63105  -48.996  -18.775  37.448 0.1000000015
126750  -47.653  -17.911  37.581 0.1000000015
63108  -49.603  -19.017  37.132 0.1000000015
54801  -54.782  -27.426  31.509 0.1000000015
55767  -54.360  -26.624  31.352 0.1000000015
57567  -53.969  -24.932  31.920 0.1000000015
56630  -53.544  -25.640  32.328 0.1000000015
53807  -56.146  -28.219  32.513 0.1000000015
53825  -55.445  -27.928  31.966 0.1000000015
122005  -58.250  -27.816  32.993 0.1000000015
141983  -60.627  -28.475  35.039 0.1000000015
54813  -55.153  -26.922  30.745 0.1000000015
54802  -55.733  -27.624  31.004 0.1000000015
56643  -54.025  -25.698  31.378 0.1000000015
138828  -51.584  -18.585  36.546 0.1000000015
62229  -51.102  -19.310  36.456 0.1000000015
62230  -52.004  -19.189  36.236 0.1000000015
61365  -52.193  -20.664  35.475 0.1000000015
60489  -53.170  -21.641  34.741 0.1000000015
134197  -53.080  -23.132  34.395 0.1000000015
60476  -52.366  -21.544  35.130 0.1000000015
128438  -50.348  -18.172  37.216 0.1000000015
64039  -49.964  -17.628  37.409 0.1000000015
131295  -50.947  -18.376  36.861 0.1000000015
59469  -54.280  -22.449  34.142 0.1000000015
59483  -53.914  -23.057  34.122 0.1000000015
61381  -53.657  -20.841  34.777 0.1000000015
58487  -53.436  -23.784  34.030 0.1000000015
57544  -53.690  -24.298  33.391 0.1000000015
65880  -47.567  -15.728  37.308 0.1000000015
64968  -48.399  -16.317  37.313 0.1000000015
58497  -54.183  -23.525  33.556 0.1000000015
58498  -54.889  -23.341  33.087 0.1000000015
59484  -54.760  -22.799  33.697 0.1000000015
57568  -54.392  -24.251  31.519 0.1000000015
51610  -58.281  -30.497  41.109 0.1000000015
63119  -52.795  -18.977  36.044 0.1000000015
131634  -52.082  -16.787  36.921 0.1000000015
126681  -53.533  -17.331  36.495 0.1000000015
132410  -51.140  -14.576  36.405 0.1000000015
124416  -51.564  -16.159  36.937 0.1000000015
124350  -50.104  -15.608  36.727 0.1000000015
64973  -50.700  -16.270  37.015 0.1000000015
66783  -50.230  -14.157  36.409 0.1000000015
64042  -51.627  -17.706  36.840 0.1000000015
62241  -52.491  -19.769  35.756 0.1000000015
61380  -52.855  -20.972  35.060 0.1000000015
62261  -53.797  -20.007  35.047 0.1000000015
64970  -50.347  -16.938  37.345 0.1000000015
65883  -49.526  -14.760  36.595 0.1000000015
64972  -49.181  -15.768  37.034 0.1000000015
134016  -54.304  -20.439  34.710 0.1000000015
60491  -55.202  -21.482  34.097 0.1000000015
130532  -54.819  -22.149  33.981 0.1000000015
137464  -48.319  -15.537  37.129 0.1000000015
58499  -55.502  -22.747  33.211 0.1000000015
51651  -59.519  -30.377  37.627 0.1000000015
51628  -57.927  -30.568  39.752 0.1000000015
66784  -52.238  -14.451  36.478 0.1000000015
65886  -52.915  -15.131  36.662 0.1000000015
67703  -50.291  -13.277  36.500 0.1000000015
124535  -49.721  -12.901  36.730 0.1000000015
134011  -50.590  -12.395  36.715 0.1000000015
146092  -50.852  -13.735  36.368 0.1000000015
144252  -53.685  -16.057  36.688 0.1000000015
138638  -53.382  -15.694  36.733 0.1000000015
63122  -55.372  -18.186  35.509 0.1000000015
62244  -54.996  -19.097  35.163 0.1000000015
63121  -54.398  -18.522  35.606 0.1000000015
64044  -53.945  -18.001  36.149 0.1000000015
64974  -54.055  -16.456  36.605 0.1000000015
62243  -54.087  -19.282  35.327 0.1000000015
63137  -55.974  -18.831  34.926 0.1000000015
61383  -55.980  -20.806  34.133 0.1000000015
62264  -56.582  -19.394  34.543 0.1000000015
61384  -56.707  -20.126  34.168 0.1000000015
62262  -54.626  -19.853  34.858 0.1000000015
72229  -52.210  -8.205  39.711 0.1000000015
133470  -52.228  -8.247  38.975 0.1000000015
73153  -52.571  -7.589  39.290 0.1000000015
69531  -51.950  -10.985  37.765 0.1000000015
69545  -51.286  -11.657  36.985 0.1000000015
66785  -52.479  -13.672  36.537 0.1000000015
144104  -52.786  -12.304  36.880 0.1000000015
68607  -51.819  -12.136  36.716 0.1000000015
65887  -53.919  -14.910  36.846 0.1000000015
66786  -53.424  -14.063  36.761 0.1000000015
135844  -56.157  -17.392  35.842 0.1000000015
63123  -56.611  -18.051  35.376 0.1000000015
62265  -57.530  -19.421  34.209 0.1000000015
61385  -57.531  -20.239  33.846 0.1000000015
68608  -53.098  -11.423  37.341 0.1000000015
71335  -52.565  -9.090  37.923 0.1000000015
128278  -54.708  -14.015  37.115 0.1000000015
66787  -55.792  -14.111  37.206 0.1000000015
64976  -56.566  -15.854  36.588 0.1000000015
65889  -56.714  -14.404  37.099 0.1000000015
64058  -57.205  -17.148  35.601 0.1000000015
63139  -57.792  -18.416  34.344 0.1000000015
61399  -58.119  -20.674  33.381 0.1000000015
63140  -58.286  -18.173  33.709 0.1000000015
61401  -59.305  -19.754  32.776 0.1000000015
62281  -59.372  -19.162  32.754 0.1000000015
63181  -59.110  -18.858  32.191 0.1000000015
62300  -59.130  -19.656  31.508 0.1000000015
64091  -58.520  -17.957  32.833 0.1000000015
125525  -57.940  -17.606  33.877 0.1000000015
65002  -57.905  -17.373  33.654 0.1000000015
65010  -57.856  -17.285  32.956 0.1000000015
62299  -58.764  -19.589  31.409 0.1000000015
61412  -56.455  -20.056  31.846 0.1000000015
60525  -54.600  -21.633  31.488 0.1000000015
60517  -55.110  -21.113  32.076 0.1000000015
61416  -56.169  -20.730  31.404 0.1000000015
59510  -52.798  -22.268  30.539 0.1000000015
72234  -52.498  -8.334  38.214 0.1000000015
68609  -54.119  -11.840  37.389 0.1000000015
69547  -54.327  -10.725  37.384 0.1000000015
67707  -55.938  -12.931  37.367 0.1000000015
68610  -55.402  -11.907  37.441 0.1000000015
70482  -53.212  -9.756  37.071 0.1000000015
65890  -57.276  -14.879  36.758 0.1000000015
129252  -57.434  -14.033  36.851 0.1000000015
67698  -56.270  -11.862  37.182 0.1000000015
64060  -58.243  -16.504  35.098 0.1000000015
65891  -57.793  -14.722  36.369 0.1000000015
133454  -58.269  -16.224  35.105 0.1000000015
64978  -58.030  -15.301  35.857 0.1000000015
64993  -57.989  -16.461  34.512 0.1000000015
66809  -57.491  -14.544  35.633 0.1000000015
65901  -57.889  -14.915  35.835 0.1000000015
66798  -57.262  -13.677  36.122 0.1000000015
65921  -57.061  -15.815  33.871 0.1000000015
65001  -57.643  -16.713  33.514 0.1000000015
65911  -56.909  -15.166  34.663 0.1000000015
65009  -57.447  -16.815  32.535 0.1000000015
131873  -57.679  -17.863  32.246 0.1000000015
62292  -55.771  -19.596  32.264 0.1000000015
63178  -56.429  -18.711  32.191 0.1000000015
63193  -56.941  -17.638  31.959 0.1000000015
62294  -57.717  -18.736  31.969 0.1000000015
65018  -56.382  -16.505  31.649 0.1000000015
61411  -55.412  -20.419  32.208 0.1000000015
64105  -56.143  -16.935  31.557 0.1000000015
63191  -55.329  -17.581  31.674 0.1000000015
65017  -55.690  -16.324  31.264 0.1000000015
69533  -55.650  -10.803  37.082 0.1000000015
69549  -56.127  -11.255  37.014 0.1000000015
66797  -56.271  -13.606  35.552 0.1000000015
66807  -55.225  -14.457  34.944 0.1000000015
67704  -51.178  -12.988  36.421 0.1000000015
27214  -25.005  -56.361  72.833 0.1000000015
27220  -25.339  -56.534  72.004 0.1000000015
27225  -25.151  -57.315  71.809 0.1000000015
29119  -24.987  -54.139  73.411 0.1000000015
29139  -25.403  -54.991  71.613 0.1000000015
30896  -24.557  -52.489  73.721 0.1000000015
30897  -25.063  -52.354  73.783 0.1000000015
31810  -24.703  -51.609  74.059 0.1000000015
31851  -24.963  -51.652  68.668 0.1000000015
31868  -24.789  -52.078  67.491 0.1000000015
32694  -25.072  -50.620  74.229 0.1000000015
32795  -25.860  -50.156  66.005 0.1000000015
33621  -25.087  -49.612  74.252 0.1000000015
33628  -26.009  -48.798  73.133 0.1000000015
34508  -25.012  -47.792  73.332 0.1000000015
34517  -27.107  -48.056  71.860 0.1000000015
36417  -42.809  -47.104  57.837 0.1000000015
36443  -41.664  -46.294  56.529 0.1000000015
37233  -30.186  -46.014  60.845 0.1000000015
37260  -46.377  -46.806  60.789 0.1000000015
37293  -39.776  -46.180  56.257 0.1000000015
37294  -41.386  -46.230  55.988 0.1000000015
37302  -39.768  -46.405  55.334 0.1000000015
37303  -40.550  -46.109  55.051 0.1000000015
37314  -39.525  -46.052  54.021 0.1000000015
37347  -38.091  -45.267  51.990 0.1000000015
38030  -16.680  -44.771  66.866 0.3000000119
38058  -22.811  -43.944  61.556 0.1000000015
38085  -30.314  -45.099  60.096 0.2000000030
38095  -46.320  -44.637  60.791 0.1000000015
38881  -32.761  -43.342  73.900 0.8999999762
38903  -33.785  -43.348  72.721 0.8999999762
38923  -18.529  -43.614  70.550 0.4000000060
38938  -33.528  -43.852  69.782 0.8999999762
39005  -36.528  -43.751  60.386 0.1000000015
39021  -30.343  -44.048  59.214 0.2000000030
39035  -46.269  -44.100  60.574 0.1000000015
39850  -33.832  -42.929  73.423 0.8999999762
39879  -30.995  -42.132  70.524 0.8999999762
39889  -22.071  -42.159  69.878 0.6999999881
39893  -34.813  -43.313  69.253 1.0000000000
39904  -32.042  -42.763  68.674 0.8999999762
39920  -33.016  -42.772  67.883 0.8999999762
39948  -21.350  -42.584  62.660 0.2000000030
39953  -23.231  -42.542  60.899 0.1000000015
39964  -25.087  -42.868  59.566 0.1000000015
39968  -24.671  -42.092  59.472 0.1000000015
39970  -26.247  -42.961  58.697 0.1000000015
39974  -34.948  -42.824  59.359 0.1000000015
39994  -33.849  -42.433  58.432 0.2000000030
40004  -27.302  -41.990  57.636 0.2000000030
40007  -29.915  -42.213  57.719 0.2000000030
40766  -19.929  -41.707  79.972 0.2000000030
40820  -33.604  -41.321  75.961 0.8000000119
40893  -30.002  -40.983  69.625 0.8999999762
40916  -30.859  -41.631  67.480 0.8999999762
40919  -36.546  -42.790  68.055 1.0000000000
40931  -31.667  -41.726  66.575 0.8999999762
40932  -32.388  -41.665  66.300 0.8999999762
40970  -46.366  -40.879  62.217 0.1000000015
40994  -26.241  -41.459  58.265 0.1000000015
40995  -32.530  -41.859  57.645 0.2000000030
41008  -27.651  -41.332  57.604 0.1000000015
41012  -31.120  -41.421  57.405 0.2000000030
41013  -32.345  -40.885  57.421 0.2000000030
41758  -34.192  -40.314  75.651 0.8999999762
41801  -24.844  -40.770  73.099 0.8000000119
41803  -27.549  -40.284  73.565 0.8000000119
41840  -25.266  -40.325  70.388 0.8000000119
41843  -28.738  -40.213  70.526 0.8000000119
41869  -28.773  -39.926  68.477 0.8000000119
41884  -28.125  -39.781  67.489 0.6999999881
41923  -30.431  -41.098  65.475 0.8999999762
41926  -38.105  -41.370  66.187 1.0000000000
41940  -36.828  -40.684  64.730 1.0000000000
41959  -22.936  -40.788  62.762 0.3000000119
41967  -46.407  -40.201  62.803 0.2000000030
41992  -24.688  -40.787  59.683 0.1000000015
42020  -30.597  -40.458  56.978 0.1000000015
42023  -33.689  -40.223  57.576 0.3000000119
42041  -40.550  -40.619  55.720 0.2000000030
42042  -40.964  -40.770  55.957 0.2000000030
42903  -33.885  -39.612  67.331 1.0000000000
42908  -39.589  -40.439  68.219 0.8999999762
42909  -41.332  -40.073  68.147 0.8999999762
42929  -40.848  -40.558  67.795 0.8999999762
42930  -41.604  -40.071  68.019 0.8999999762
42942  -26.396  -39.785  65.263 0.6999999881
42944  -28.132  -39.777  65.667 0.6999999881
42952  -25.468  -39.685  64.257 0.6000000238
42966  -29.508  -39.893  63.467 0.6999999881
42972  -24.588  -39.488  62.448 0.4000000060
42973  -25.320  -39.105  62.255 0.5000000000
42982  -34.301  -39.679  62.318 0.8000000119
42988  -46.453  -39.527  63.147 0.2000000030
42996  -28.817  -39.227  61.532 0.6000000238
43009  -46.542  -39.833  62.824 0.2000000030
43056  -25.938  -39.763  58.947 0.2000000030
43058  -27.571  -39.557  58.237 0.3000000119
43059  -28.162  -39.267  58.025 0.1000000015
43060  -34.994  -39.504  58.076 0.4000000060
43072  -30.548  -39.431  57.056 0.1000000015
43854  -28.215  -38.753  79.390 0.2000000030
43904  -22.639  -38.863  74.219 0.1000000015
43969  -41.415  -39.356  68.028 0.8999999762
43986  -43.397  -38.285  66.883 0.8000000119
44001  -42.187  -39.479  66.785 0.8999999762
44026  -46.506  -39.383  63.068 0.2000000030
44045  -34.152  -38.670  60.034 0.6000000238
44079  -28.616  -38.907  58.252 0.1000000015
44080  -29.851  -38.529  58.288 0.3000000119
44082  -31.549  -38.392  58.097 0.4000000060
44097  -32.031  -38.743  57.641 0.2000000030
44099  -33.721  -38.864  57.871 0.3000000119
44108  -38.754  -38.671  56.715 0.2000000030
44924  -29.867  -37.713  71.481 0.1000000015
44943  -33.360  -37.489  70.481 1.0000000000
44971  -32.894  -37.557  67.655 1.0000000000
44983  -42.783  -38.105  67.276 0.8999999762
45016  -44.092  -37.484  65.892 0.8000000119
45910  -42.875  -37.019  65.983 0.8000000119
45948  -44.287  -36.493  63.903 0.6000000238
45972  -34.625  -36.189  59.905 0.6999999881
46756  -37.225  -35.032  72.443 1.0000000000
46866  -39.759  -35.745  61.388 0.6000000238
46874  -38.804  -35.743  60.228 0.8999999762
46883  -33.442  -35.269  60.004 0.5000000000
47711  -33.431  -34.524  59.642 0.6000000238
48488  -37.072  -33.878  70.367 1.0000000000
48489  -38.029  -33.135  70.494 1.0000000000
48615  -39.668  -33.718  55.012 0.3000000119
50366  -35.399  -31.960  62.735 0.8999999762
51252  -34.824  -29.525  76.299 0.2000000030
51418  -49.264  -31.032  60.540 0.6000000238
51462  -47.378  -31.219  55.610 0.6999999881
51464  -48.905  -30.564  55.817 0.6999999881
51652  -61.167  -29.610  38.039 0.1000000015
52302  -35.145  -28.999  76.325 0.3000000119
52427  -49.172  -29.561  62.073 0.6999999881
52441  -48.434  -30.611  61.663 0.6999999881
52514  -48.734  -30.270  56.076 0.6999999881
52524  -49.010  -30.407  54.989 0.6999999881
52525  -49.406  -29.434  54.917 0.6999999881
53307  -35.516  -28.434  76.221 0.4000000060
53438  -48.334  -28.536  63.468 0.8000000119
53495  -49.407  -28.584  60.974 0.6999999881
53555  -49.511  -28.968  54.288 0.6999999881
53703  -45.433  -28.300  41.576 0.1000000015
53730  -52.720  -28.066  38.116 0.1000000015
53744  -52.084  -27.946  37.694 0.1000000015
54444  -42.152  -27.720  67.330 0.8999999762
54489  -47.067  -28.417  63.365 0.8000000119
54758  -51.209  -27.542  35.621 0.1000000015
55400  -43.169  -26.175  69.450 0.6000000238
55472  -49.342  -26.808  63.643 0.5000000000
55536  -42.530  -25.930  57.079 1.0000000000
55559  -44.817  -26.530  53.419 0.6999999881
55565  -51.578  -25.841  53.970 0.6000000238
55577  -51.967  -25.528  53.410 0.5000000000
55673  -56.424  -26.632  42.690 0.1000000015
55753  -52.724  -26.349  33.265 0.1000000015
56288  -42.925  -24.823  70.998 0.1000000015
56356  -46.362  -25.897  63.716 0.8999999762
56357  -47.358  -26.165  64.233 0.8000000119
56386  -49.836  -25.879  60.668 0.6999999881
56407  -41.595  -24.804  58.086 1.0000000000
56420  -41.979  -25.776  56.453 1.0000000000
56426  -41.621  -25.599  54.407 1.0000000000
56427  -42.188  -25.959  54.899 0.8999999762
56449  -46.258  -25.735  52.254 0.6000000238
56454  -52.038  -25.205  53.672 0.5000000000
56463  -42.867  -25.186  52.031 0.8000000119
56519  -61.078  -23.940  45.524 0.1000000015
56573  -49.604  -25.212  38.990 0.1000000015
56591  -49.757  -25.871  37.705 0.1000000015
56594  -49.590  -25.324  36.525 0.1000000015
56618  -53.350  -25.147  33.172 0.1000000015
57262  -44.439  -24.234  64.489 0.6000000238
57266  -48.534  -24.756  64.849 0.4000000060
57274  -45.478  -25.248  63.686 0.8999999762
57276  -50.957  -23.829  62.309 0.6000000238
57289  -44.144  -23.872  61.193 0.8999999762
57355  -40.675  -24.801  53.858 1.0000000000
57382  -53.276  -23.517  52.331 0.3000000119
57392  -42.115  -24.781  50.855 0.8999999762
57395  -45.526  -25.041  50.631 0.5000000000
57417  -45.095  -24.631  49.852 0.5000000000
57419  -47.758  -24.306  49.401 0.4000000060
57420  -48.472  -24.263  49.880 0.4000000060
57498  -48.705  -24.119  38.845 0.1000000015
57513  -48.972  -24.705  37.598 0.1000000015
57515  -48.775  -24.107  37.351 0.1000000015
57516  -49.140  -24.541  36.842 0.1000000015
58138  -40.136  -23.006  73.266 0.1000000015
58151  -40.611  -22.927  72.967 0.1000000015
58233  -50.276  -22.933  64.142 0.3000000119
58311  -41.415  -23.775  57.344 0.8999999762
58321  -40.602  -24.067  54.245 1.0000000000
58325  -40.921  -23.297  53.802 1.0000000000
58331  -40.560  -24.023  52.430 1.0000000000
58338  -40.485  -23.974  51.519 0.8000000119
58362  -40.278  -23.208  49.527 0.8000000119
58368  -54.836  -21.971  50.863 0.3000000119
58382  -40.624  -23.167  48.160 0.6000000238
58383  -41.204  -23.455  47.805 0.6000000238
58388  -46.390  -23.624  47.627 0.3000000119
58399  -45.015  -23.520  47.142 0.4000000060
58486  -52.654  -23.865  34.400 0.1000000015
59150  -47.309  -21.816  66.626 0.2000000030
59162  -48.475  -22.454  65.865 0.2000000030
59169  -50.506  -21.971  63.716 0.4000000060
59176  -50.551  -22.120  62.978 0.5000000000
59187  -50.350  -22.359  62.342 0.4000000060
59188  -50.420  -22.323  62.479 0.4000000060
59323  -54.850  -21.677  50.676 0.3000000119
59335  -53.971  -22.465  51.485 0.3000000119
59347  -41.007  -22.564  46.551 0.5000000000
59385  -45.088  -22.246  44.724 0.2000000030
59414  -59.463  -20.930  41.319 0.1000000015
59435  -47.233  -22.298  39.957 0.1000000015
59445  -49.811  -21.974  36.116 0.1000000015
59466  -51.899  -22.999  35.030 0.1000000015
60186  -50.311  -21.719  62.648 0.1000000015
60314  -43.456  -20.975  53.100 0.6999999881
60349  -40.456  -21.776  49.296 0.8000000119
60352  -55.057  -21.129  50.230 0.3000000119
60359  -40.272  -21.202  47.413 0.6000000238
60373  -41.368  -21.753  45.284 0.3000000119
60377  -48.761  -21.044  45.507 0.2000000030
60392  -47.525  -20.831  44.351 0.2000000030
60449  -46.942  -21.841  40.527 0.1000000015
60455  -46.523  -21.229  39.309 0.1000000015
60474  -50.920  -21.413  35.672 0.1000000015
60475  -51.635  -21.413  35.438 0.1000000015
60490  -54.188  -21.730  34.364 0.1000000015
61074  -49.664  -20.211  65.027 0.1000000015
61225  -41.707  -20.807  50.191 0.8000000119
61239  -42.270  -20.345  49.898 0.8000000119
61244  -55.071  -20.204  48.982 0.2000000030
61255  -53.934  -19.416  47.397 0.2000000030
61270  -40.857  -20.549  45.004 0.5000000000
61281  -46.067  -21.152  42.903 0.2000000030
61299  -44.706  -21.025  41.874 0.2000000030
61302  -47.354  -21.074  42.713 0.2000000030
61312  -58.915  -18.950  41.942 0.1000000015
61324  -46.000  -21.068  41.576 0.2000000030
61328  -58.542  -18.200  41.889 0.1000000015
61329  -59.307  -19.308  41.345 0.1000000015
61330  -59.465  -19.528  41.042 0.1000000015
61337  -58.540  -19.161  40.824 0.1000000015
61346  -47.546  -20.528  37.777 0.1000000015
61347  -48.736  -20.219  37.221 0.1000000015
61348  -49.507  -20.282  36.755 0.1000000015
61352  -50.233  -20.649  36.343 0.1000000015
61363  -50.745  -20.877  35.986 0.1000000015
61366  -53.019  -20.272  35.246 0.1000000015
61420  -59.290  -19.890  31.604 0.1000000015
62000  -49.899  -19.545  63.096 0.1000000015
62092  -47.209  -19.713  53.794 0.6999999881
62094  -48.446  -19.353  53.921 0.6999999881
62135  -43.722  -19.727  50.449 0.6999999881
62151  -41.382  -19.483  48.146 0.8000000119
62152  -42.275  -19.332  48.510 0.8000000119
62153  -43.162  -19.188  48.871 0.6999999881
62154  -40.595  -19.731  47.152 0.6000000238
62157  -54.852  -19.494  47.510 0.3000000119
62168  -40.764  -19.975  45.602 0.5000000000
62171  -54.417  -18.797  46.481 0.2000000030
62199  -58.146  -17.959  42.776 0.1000000015
62200  -58.524  -18.218  42.191 0.1000000015
62205  -42.952  -19.808  41.319 0.2000000030
62208  -59.333  -18.948  41.084 0.1000000015
62213  -59.130  -18.726  41.301 0.1000000015
62279  -58.393  -19.888  33.681 0.1000000015
62280  -59.135  -19.428  33.269 0.1000000015
62295  -59.239  -19.237  32.062 0.1000000015
62301  -59.031  -19.076  31.854 0.1000000015
62957  -53.052  -18.253  57.227 0.5000000000
62958  -53.432  -18.344  56.637 0.5000000000
62985  -52.918  -18.654  55.763 0.5000000000
63020  -46.188  -18.853  51.633 0.6999999881
63054  -44.933  -18.021  48.955 0.6000000238
63062  -42.915  -17.892  46.751 0.6000000238
63069  -42.062  -17.920  45.869 0.5000000000
63084  -41.546  -18.722  43.249 0.2000000030
63085  -41.765  -18.715  42.543 0.2000000030
63093  -44.245  -18.509  39.491 0.2000000030
63099  -46.212  -18.445  38.199 0.1000000015
63102  -46.854  -18.046  37.766 0.1000000015
63103  -47.524  -18.718  37.679 0.1000000015
63156  -59.159  -18.648  33.207 0.1000000015
63157  -59.168  -18.603  32.672 0.1000000015
63180  -58.890  -18.541  32.307 0.1000000015
63897  -54.773  -17.283  56.009 0.3000000119
63905  -53.285  -18.348  55.029 0.5000000000
63916  -54.733  -17.212  54.567 0.5000000000
63926  -50.462  -18.177  52.902 0.6000000238
63928  -52.132  -17.323  52.700 0.6000000238
63948  -52.105  -16.793  52.072 0.5000000000
63960  -47.770  -17.704  50.666 0.6999999881
63970  -46.580  -17.825  50.052 0.6999999881
63974  -45.074  -17.660  48.337 0.6000000238
63983  -46.328  -16.703  47.918 0.6000000238
64002  -41.774  -18.057  44.606 0.5000000000
64032  -46.119  -17.821  38.015 0.2000000030
64041  -50.751  -17.598  37.228 0.1000000015
64057  -55.234  -17.501  35.956 0.1000000015
64059  -58.017  -16.792  35.347 0.1000000015
64789  -51.837  -15.868  58.266 0.3000000119
64800  -53.719  -16.878  57.063 0.3000000119
64811  -55.454  -16.251  55.337 0.3000000119
64821  -54.299  -16.364  55.966 0.3000000119
64822  -55.257  -16.734  55.410 0.3000000119
64837  -54.886  -16.765  53.885 0.4000000060
64839  -55.615  -16.230  54.166 0.4000000060
64859  -51.011  -16.339  52.967 0.2000000030
64863  -55.678  -15.762  53.596 0.4000000060
64879  -50.913  -16.896  51.330 0.6999999881
64917  -46.770  -16.335  47.441 0.6999999881
64925  -44.020  -16.808  46.039 0.6000000238
64933  -45.390  -16.037  45.736 0.6999999881
64938  -43.550  -16.396  44.302 0.4000000060
64939  -44.339  -16.050  44.688 0.4000000060
64953  -43.211  -16.266  42.355 0.4000000060
64959  -43.586  -16.654  39.911 0.2000000030
64960  -44.009  -16.671  39.295 0.2000000030
64962  -44.479  -16.605  38.727 0.2000000030
64967  -47.669  -16.593  37.408 0.1000000015
64985  -58.225  -15.980  35.527 0.1000000015
65008  -56.846  -16.393  32.102 0.1000000015
65675  -51.942  -15.281  58.322 0.3000000119
65680  -49.277  -14.124  57.273 0.1000000015
65683  -52.424  -15.520  58.080 0.3000000119
65692  -54.915  -16.336  55.725 0.3000000119
65703  -50.768  -14.572  55.952 0.1000000015
65793  -50.641  -15.591  49.428 0.6000000238
65805  -48.951  -15.657  48.080 0.6000000238
65820  -47.976  -15.726  46.977 0.6000000238
65831  -48.554  -15.279  46.599 0.6000000238
65838  -47.412  -15.326  45.737 0.6000000238
65845  -45.682  -15.351  44.390 0.6999999881
65862  -44.349  -15.354  42.306 0.3000000119
65865  -43.651  -15.826  41.039 0.2000000030
65873  -44.265  -15.479  39.636 0.2000000030
65875  -44.691  -15.882  38.482 0.2000000030
65884  -50.368  -14.940  36.476 0.1000000015
65913  -58.123  -15.705  35.256 0.1000000015
66617  -48.834  -14.029  55.903 0.1000000015
66619  -55.325  -15.087  54.785 0.3000000119
66632  -55.811  -14.704  54.007 0.3000000119
66653  -55.520  -14.737  51.542 0.4000000060
66675  -51.783  -14.692  49.472 0.6000000238
66677  -53.760  -13.755  50.137 0.5000000000
66704  -49.675  -14.702  46.011 0.6000000238
66705  -50.396  -14.568  47.418 0.6000000238
66728  -48.758  -14.867  45.106 0.6999999881
66738  -46.897  -14.778  43.907 0.5000000000
66741  -49.507  -14.300  44.250 0.5000000000
66747  -45.862  -14.566  43.065 0.4000000060
66751  -49.458  -14.166  43.514 0.6000000238
66757  -48.475  -14.133  42.758 0.6000000238
66761  -45.457  -14.420  41.429 0.4000000060
66763  -47.223  -13.920  41.934 0.4000000060
66771  -45.228  -14.215  39.607 0.2000000030
66774  -46.085  -14.225  38.131 0.2000000030
66776  -45.663  -14.926  37.953 0.2000000030
66782  -48.892  -14.235  36.729 0.1000000015
67574  -51.651  -13.397  51.627 0.2000000030
67584  -54.675  -13.754  50.417 0.4000000060
67614  -51.673  -13.710  47.241 0.6000000238
67624  -50.878  -13.866  45.755 0.6000000238
67642  -52.455  -13.187  45.202 0.5000000000
67657  -51.736  -13.702  44.058 0.5000000000
67658  -53.205  -13.825  43.541 0.5000000000
67660  -54.482  -13.649  43.326 0.5000000000
67664  -50.938  -13.689  43.200 0.5000000000
67673  -52.513  -13.871  42.951 0.5000000000
67685  -48.806  -13.136  40.985 0.5000000000
67690  -47.940  -12.939  39.932 0.3000000119
67692  -46.588  -13.613  38.355 0.2000000030
67696  -47.217  -13.406  37.847 0.1000000015
68467  -55.101  -12.607  53.752 0.3000000119
68468  -55.714  -12.883  53.427 0.3000000119
68500  -54.027  -12.583  49.323 0.4000000060
68546  -53.784  -13.174  44.673 0.5000000000
68561  -54.467  -13.461  44.070 0.4000000060
68563  -56.564  -12.480  44.032 0.4000000060
68565  -57.479  -12.085  44.019 0.3000000119
68573  -56.523  -12.436  43.936 0.4000000060
68575  -51.150  -13.260  42.008 0.5000000000
68577  -52.316  -13.452  42.579 0.5000000000
68581  -50.579  -12.877  41.567 0.5000000000
68600  -55.828  -11.257  37.232 0.1000000015
68606  -48.971  -13.011  36.937 0.1000000015
69380  -54.224  -11.440  53.032 0.2000000030
69498  -57.176  -12.082  44.198 0.4000000060
69509  -57.120  -12.130  43.810 0.3000000119
69512  -53.004  -12.130  42.550 0.5000000000
69517  -51.543  -11.898  41.860 0.5000000000
70365  -55.914  -9.524  53.052 0.2000000030
70377  -56.208  -9.832  52.462 0.2000000030
70416  -54.890  -10.755  46.027 0.4000000060
70439  -58.343  -11.146  44.276 0.3000000119
70440  -58.922  -10.500  43.930 0.2000000030
70448  -56.520  -10.779  43.144 0.2000000030
70451  -58.700  -10.854  43.849 0.2000000030
71235  -56.088  -9.264  52.991 0.2000000030
71240  -54.593  -9.687  52.145 0.2000000030
71242  -56.338  -9.005  52.417 0.3000000119
71252  -53.108  -9.834  49.255 0.2000000030
71256  -56.477  -9.299  50.120 0.3000000119
71296  -58.624  -8.777  44.901 0.1000000015
71312  -59.063  -10.111  43.631 0.2000000030
71320  -59.567  -9.346  43.300 0.2000000030
71326  -50.937  -9.797  40.249 0.2000000030
71330  -51.381  -9.156  39.783 0.1000000015
71347  -52.785  -9.074  37.060 0.1000000015
72138  -56.111  -8.435  53.028 0.2000000030
72183  -52.542  -8.585  46.484 0.1000000015
72195  -56.731  -8.258  45.738 0.3000000119
72218  -60.035  -8.912  42.972 0.2000000030
72222  -53.384  -8.238  41.680 0.2000000030
72228  -51.857  -8.689  39.463 0.1000000015
73078  -56.789  -6.922  46.868 0.1000000015
73090  -59.083  -8.106  44.930 0.1000000015
73112  -59.951  -8.371  43.568 0.1000000015
73119  -55.090  -7.871  42.247 0.2000000030
73972  -55.889  -5.350  51.268 0.1000000015
73999  -57.400  -6.312  47.039 0.1000000015
74049  -59.670  -6.680  41.564 0.1000000015
74869  -55.974  -4.548  50.533 0.1000000015
74876  -55.064  -4.286  48.968 0.1000000015
74882  -54.441  -4.253  47.703 0.1000000015
74893  -52.519  -4.823  46.493 0.1000000015
74965  -59.777  -5.506  40.479 0.2000000030
75891  -56.386  -3.716  49.669 0.1000000015
75907  -57.864  -3.527  48.107 0.1000000015
75927  -53.072  -4.493  45.611 0.1000000015
75945  -56.986  -4.315  43.456 0.1000000015
75952  -57.390  -3.582  42.936 0.1000000015
75973  -60.041  -4.607  40.413 0.1000000015
75984  -59.499  -4.644  39.532 0.2000000030
76922  -56.368  -3.451  49.276 0.1000000015
76933  -56.766  -3.347  48.839 0.1000000015
76940  -56.164  -3.484  48.335 0.1000000015
76966  -59.173  -3.496  44.244 0.1000000015
78933  -59.592  -1.282  38.108 0.1000000015
122132  -56.705  -5.493  50.335 0.2000000030
122797  -52.044  -13.218  45.926 0.5000000000
124040  -21.188  -38.474  70.978 0.1000000015
124727  -38.938  -29.974  43.204 0.1000000015
124965  -42.279  -22.696  45.626 0.3000000119
125153  -49.756  -17.676  51.553 0.6999999881
125170  -49.298  -12.226  39.993 0.3000000119
125837  -50.387  -12.176  41.133 0.5000000000
126045  -58.548  -21.315  40.460 0.1000000015
126078  -36.684  -39.931  58.500 0.3000000119
126111  -41.132  -25.353  53.955 1.0000000000
126880  -56.234  -4.069  50.086 0.1000000015
126966  -39.777  -41.010  68.153 1.0000000000
126970  -41.112  -20.079  44.265 0.5000000000
127256  -54.495  -17.723  55.861 0.5000000000
127270  -46.281  -42.348  61.402 0.2000000030
127410  -58.305  -18.104  32.432 0.1000000015
127614  -40.916  -43.122  59.031 0.1000000015
127709  -57.334  -4.057  45.328 0.1000000015
128022  -40.411  -20.890  48.121 0.6000000238
128098  -50.228  -11.481  40.438 0.3000000119
128784  -57.707  -11.924  43.950 0.3000000119
129218  -33.987  -43.560  60.565 0.1000000015
129235  -59.608  -1.132  37.414 0.1000000015
129491  -38.086  -27.273  74.875 0.2000000030
129861  -51.347  -26.056  34.570 0.1000000015
130042  -37.378  -28.597  44.746 0.1000000015
130044  -46.512  -45.774  60.933 0.1000000015
130047  -54.036  -26.115  42.205 0.1000000015
130151  -50.467  -24.934  61.147 0.6999999881
130286  -30.303  -38.322  58.819 0.4000000060
130358  -42.661  -18.353  47.317 0.6000000238
130776  -45.057  -28.984  41.533 0.1000000015
130778  -25.322  -48.682  74.006 0.1000000015
130956  -24.523  -51.492  65.026 0.1000000015
131278  -58.681  -4.133  46.065 0.1000000015
131616  -48.627  -19.458  66.148 0.2000000030
131809  -48.170  -20.875  37.457 0.1000000015
132245  -25.094  -50.901  71.098 0.1000000015
132689  -48.157  -14.515  43.852 0.5000000000
133324  -42.026  -18.113  42.138 0.2000000030
133429  -49.533  -27.781  62.195 0.6000000238
133572  -29.149  -38.621  58.525 0.4000000060
133764  -44.980  -15.165  38.457 0.2000000030
133782  -27.662  -39.496  63.355 0.6999999881
134322  -49.487  -13.818  56.582 0.1000000015
134379  -40.611  -21.787  50.033 0.8000000119
134477  -33.991  -42.569  72.744 0.8999999762
134511  -25.412  -54.259  72.083 0.1000000015
135041  -29.772  -40.782  57.159 0.1000000015
135925  -49.395  -16.581  49.812 0.6999999881
136082  -48.630  -21.649  65.986 0.2000000030
136585  -33.488  -32.993  57.428 0.5000000000
136823  -52.009  -25.738  39.462 0.1000000015
136855  -49.584  -22.968  61.822 0.4000000060
137124  -47.558  -18.475  51.803 0.6999999881
137130  -46.063  -22.402  45.510 0.3000000119
137307  -51.632  -13.740  36.385 0.1000000015
137512  -25.344  -53.629  72.557 0.1000000015
137658  -60.025  -7.470  43.717 0.1000000015
137832  -59.150  -19.874  41.672 0.1000000015
138037  -56.280  -15.213  36.848 0.1000000015
138205  -42.592  -20.010  41.874 0.2000000030
138256  -41.363  -24.869  51.421 0.8999999762
138452  -28.094  -39.148  61.375 0.5000000000
138494  -53.834  -29.126  36.219 0.1000000015
139106  -41.510  -22.870  54.381 0.8000000119
139477  -35.039  -40.233  63.733 0.8999999762
139582  -50.137  -25.391  35.828 0.1000000015
139725  -35.921  -35.423  58.321 0.5000000000
139881  -33.881  -31.375  58.037 0.6000000238
140093  -37.470  -39.055  59.855 0.3000000119
140459  -47.475  -18.122  51.167 0.6999999881
140557  -34.414  -38.988  58.054 0.3000000119
140726  -57.533  -9.999  42.868 0.2000000030
140814  -58.687  -10.974  44.026 0.2000000030
140868  -49.186  -30.091  55.471 0.6999999881
140878  -43.901  -47.661  59.369 0.1000000015
141014  -48.984  -14.637  44.627 0.6999999881
141018  -50.478  -21.008  42.782 0.2000000030
141230  -47.792  -12.728  38.589 0.1000000015
141339  -47.904  -21.943  46.130 0.2000000030
141507  -30.867  -37.519  72.199 0.1000000015
141629  -54.084  -27.072  31.821 0.1000000015
141644  -51.899  -12.630  51.633 0.2000000030
141725  -42.179  -20.697  43.256 0.2000000030
141729  -34.781  -36.218  60.680 0.6999999881
141736  -61.185  -29.100  39.146 0.1000000015
142010  -27.799  -38.863  59.289 0.4000000060
142063  -40.385  -23.801  49.977 0.6999999881
142126  -51.087  -23.178  62.043 0.6000000238
142403  -21.432  -43.044  75.848 0.6000000238
142415  -49.269  -11.940  38.461 0.2000000030
142500  -49.921  -20.694  64.443 0.2000000030
142506  -60.228  -6.643  42.595 0.1000000015
142524  -46.377  -40.390  62.334 0.2000000030
142653  -44.081  -17.840  39.376 0.2000000030
142803  -34.350  -35.068  58.259 0.5000000000
142979  -40.467  -29.757  72.313 0.6000000238
143021  -28.664  -40.004  66.035 0.6999999881
143176  -41.681  -28.609  53.942 0.6999999881
143183  -41.708  -24.466  49.404 0.6999999881
143480  -56.163  -9.188  45.539 0.4000000060
143482  -51.862  -25.514  53.786 0.5000000000
143646  -42.654  -26.040  44.781 0.3000000119
143682  -49.143  -15.888  48.587 0.6000000238
143723  -39.835  -38.913  67.501 0.8999999762
144033  -31.929  -45.002  60.968 0.1000000015
144211  -44.477  -15.414  38.883 0.2000000030
144659  -45.326  -30.960  59.719 0.6999999881
144762  -50.004  -27.546  52.655 0.5000000000
144804  -38.914  -32.500  70.804 1.0000000000
144908  -48.203  -26.445  60.423 0.8000000119
145256  -47.506  -17.171  49.474 0.6000000238
145369  -48.085  -14.345  43.242 0.6000000238
145385  -20.016  -56.453  68.620 0.1000000015
145860  -25.303  -39.237  61.090 0.3000000119
146184  -53.854  -13.865  42.914 0.5000000000
146240  -38.713  -38.821  60.183 0.4000000060
