
Tue Mar 10 07:26:35 CET 2026
cd /out/sourcedata/freesurfer/sub-v1s6x0051362_ses-1
setenv SUBJECTS_DIR /out/sourcedata/freesurfer
/opt/freesurfer/bin/recon-all -autorecon-hemi rh -noparcstats -noparcstats2 -noparcstats3 -nohyporelabel -nobalabels -rh-only -openmp 16 -subjid sub-v1s6x0051362_ses-1 -sd /out/sourcedata/freesurfer

subjid sub-v1s6x0051362_ses-1
setenv SUBJECTS_DIR /out/sourcedata/freesurfer
FREESURFER_HOME /opt/freesurfer
Actual FREESURFER_HOME /opt/freesurfer
build-stamp.txt: freesurfer-linux-ubuntu22_x86_64-7.3.2-20220804-6354275
Linux dna003 5.14.0-427.37.1.el9_4.x86_64 #1 SMP PREEMPT_DYNAMIC Fri Sep 13 12:41:50 EDT 2024 x86_64 x86_64 x86_64 GNU/Linux
cputime      unlimited
filesize     unlimited
datasize     unlimited
stacksize    8192 kbytes
coredumpsize 0 kbytes
memoryuse    67108864 kbytes
vmemoryuse   unlimited
descriptors  1024 
memorylocked unlimited
maxproc      2061970 
maxlocks     unlimited
maxsignal    2061970 
maxmessage   819200 
maxnice      0 
maxrtprio    0 
maxrttime    unlimited

               total        used        free      shared  buff/cache   available
Mem:           503Gi        46Gi       405Gi        15Gi        51Gi       437Gi
Swap:             0B          0B          0B

########################################
program versions used
7.3.2 (freesurfer-linux-ubuntu22_x86_64-7.3.2-20220804-6354275)
7.3.2

ProgramName: lta_convert  ProgramArguments: lta_convert -all-info  ProgramVersion: 7.3.2  TimeStamp: 2026/03/10-06:26:35-GMT  BuildTime: Aug  4 2022 06:17:15  BuildStamp: freesurfer-linux-ubuntu22_x86_64-7.3.2-20220804-6354275  User: oesteban  Machine: dna003  Platform: Linux  PlatformVersion: 5.14.0-427.37.1.el9_4.x86_64  CompilerName: GCC  CompilerVersion: 8.4.0
ProgramName: mri_and  ProgramArguments: mri_and -all-info  ProgramVersion: 7.3.2  TimeStamp: 2026/03/10-06:26:35-GMT  BuildTime: Aug  4 2022 06:17:15  BuildStamp: freesurfer-linux-ubuntu22_x86_64-7.3.2-20220804-6354275  User: oesteban  Machine: dna003  Platform: Linux  PlatformVersion: 5.14.0-427.37.1.el9_4.x86_64  CompilerName: GCC  CompilerVersion: 8.4.0
ProgramName: mri_annotation2label  ProgramArguments: mri_annotation2label -all-info  ProgramVersion: 7.3.2  TimeStamp: 2026/03/10-06:26:35-GMT  BuildTime: Aug  4 2022 06:17:15  BuildStamp: freesurfer-linux-ubuntu22_x86_64-7.3.2-20220804-6354275  User: oesteban  Machine: dna003  Platform: Linux  PlatformVersion: 5.14.0-427.37.1.el9_4.x86_64  CompilerName: GCC  CompilerVersion: 8.4.0
ProgramName: mri_aparc2aseg  ProgramArguments: mri_aparc2aseg -all-info  ProgramVersion: 7.3.2  TimeStamp: 2026/03/10-06:26:35-GMT  BuildTime: Aug  4 2022 06:17:15  BuildStamp: freesurfer-linux-ubuntu22_x86_64-7.3.2-20220804-6354275  User: oesteban  Machine: dna003  Platform: Linux  PlatformVersion: 5.14.0-427.37.1.el9_4.x86_64  CompilerName: GCC  CompilerVersion: 8.4.0
ProgramName: mri_surf2volseg  ProgramArguments: mri_surf2volseg -all-info  ProgramVersion: 7.3.2  TimeStamp: 2026/03/10-06:26:35-GMT  BuildTime: Aug  4 2022 06:17:15  BuildStamp: freesurfer-linux-ubuntu22_x86_64-7.3.2-20220804-6354275  User: oesteban  Machine: dna003  Platform: Linux  PlatformVersion: 5.14.0-427.37.1.el9_4.x86_64  CompilerName: GCC  CompilerVersion: 8.4.0
ProgramName: mri_binarize  ProgramArguments: mri_binarize -all-info  ProgramVersion: 7.3.2  TimeStamp: 2026/03/10-06:26:35-GMT  BuildTime: Aug  4 2022 06:17:15  BuildStamp: freesurfer-linux-ubuntu22_x86_64-7.3.2-20220804-6354275  User: oesteban  Machine: dna003  Platform: Linux  PlatformVersion: 5.14.0-427.37.1.el9_4.x86_64  CompilerName: GCC  CompilerVersion: 8.4.0
ProgramName: mri_ca_label  ProgramArguments: mri_ca_label -all-info  ProgramVersion: 7.3.2  TimeStamp: 2026/03/10-06:26:35-GMT  BuildTime: Aug  4 2022 06:17:15  BuildStamp: freesurfer-linux-ubuntu22_x86_64-7.3.2-20220804-6354275  User: oesteban  Machine: dna003  Platform: Linux  PlatformVersion: 5.14.0-427.37.1.el9_4.x86_64  CompilerName: GCC  CompilerVersion: 8.4.0
ProgramName: mri_ca_normalize  ProgramArguments: mri_ca_normalize -all-info  ProgramVersion: 7.3.2  TimeStamp: 2026/03/10-06:26:35-GMT  BuildTime: Aug  4 2022 06:17:15  BuildStamp: freesurfer-linux-ubuntu22_x86_64-7.3.2-20220804-6354275  User: oesteban  Machine: dna003  Platform: Linux  PlatformVersion: 5.14.0-427.37.1.el9_4.x86_64  CompilerName: GCC  CompilerVersion: 8.4.0
ProgramName: mri_ca_register  ProgramArguments: mri_ca_register -all-info  ProgramVersion: 7.3.2  TimeStamp: 2026/03/10-06:26:35-GMT  BuildTime: Aug  4 2022 06:17:15  BuildStamp: freesurfer-linux-ubuntu22_x86_64-7.3.2-20220804-6354275  User: oesteban  Machine: dna003  Platform: Linux  PlatformVersion: 5.14.0-427.37.1.el9_4.x86_64  CompilerName: GCC  CompilerVersion: 8.4.0
ProgramName: mri_cc  ProgramArguments: mri_cc -all-info  ProgramVersion: 7.3.2  TimeStamp: 2026/03/10-06:26:35-GMT  BuildTime: Aug  4 2022 06:17:15  BuildStamp: freesurfer-linux-ubuntu22_x86_64-7.3.2-20220804-6354275  User: oesteban  Machine: dna003  Platform: Linux  PlatformVersion: 5.14.0-427.37.1.el9_4.x86_64  CompilerName: GCC  CompilerVersion: 8.4.0
ProgramName: mri_compute_overlap  ProgramArguments: mri_compute_overlap -all-info  ProgramVersion: 7.3.2  TimeStamp: 2026/03/10-06:26:35-GMT  BuildTime: Aug  4 2022 06:17:15  BuildStamp: freesurfer-linux-ubuntu22_x86_64-7.3.2-20220804-6354275  User: oesteban  Machine: dna003  Platform: Linux  PlatformVersion: 5.14.0-427.37.1.el9_4.x86_64  CompilerName: GCC  CompilerVersion: 8.4.0
ProgramName: mri_compute_seg_overlap  ProgramArguments: mri_compute_seg_overlap -all-info  ProgramVersion: 7.3.2  TimeStamp: 2026/03/10-06:26:35-GMT  BuildTime: Aug  4 2022 06:17:15  BuildStamp: freesurfer-linux-ubuntu22_x86_64-7.3.2-20220804-6354275  User: oesteban  Machine: dna003  Platform: Linux  PlatformVersion: 5.14.0-427.37.1.el9_4.x86_64  CompilerName: GCC  CompilerVersion: 8.4.0
ProgramName: mri_concat  ProgramArguments: mri_concat -all-info  ProgramVersion: 7.3.2  TimeStamp: 2026/03/10-06:26:35-GMT  BuildTime: Aug  4 2022 06:17:15  BuildStamp: freesurfer-linux-ubuntu22_x86_64-7.3.2-20220804-6354275  User: oesteban  Machine: dna003  Platform: Linux  PlatformVersion: 5.14.0-427.37.1.el9_4.x86_64  CompilerName: GCC  CompilerVersion: 8.4.0
ProgramName: mri_concatenate_lta  ProgramArguments: mri_concatenate_lta -all-info  ProgramVersion: 7.3.2  TimeStamp: 2026/03/10-06:26:35-GMT  BuildTime: Aug  4 2022 06:17:15  BuildStamp: freesurfer-linux-ubuntu22_x86_64-7.3.2-20220804-6354275  User: oesteban  Machine: dna003  Platform: Linux  PlatformVersion: 5.14.0-427.37.1.el9_4.x86_64  CompilerName: GCC  CompilerVersion: 8.4.0
mri_convert -all-info 
ProgramName: mri_convert  ProgramArguments: mri_convert -all-info  ProgramVersion: 7.3.2  TimeStamp: 2026/03/10-06:26:35-GMT  BuildTime: Aug  4 2022 06:17:15  BuildStamp: freesurfer-linux-ubuntu22_x86_64-7.3.2-20220804-6354275  User: oesteban  Machine: dna003  Platform: Linux  PlatformVersion: 5.14.0-427.37.1.el9_4.x86_64  CompilerName: GCC  CompilerVersion: 8.4.0
ProgramName: mri_diff  ProgramArguments: mri_diff -all-info  ProgramVersion: 7.3.2  TimeStamp: 2026/03/10-06:26:35-GMT  BuildTime: Aug  4 2022 06:17:15  BuildStamp: freesurfer-linux-ubuntu22_x86_64-7.3.2-20220804-6354275  User: oesteban  Machine: dna003  Platform: Linux  PlatformVersion: 5.14.0-427.37.1.el9_4.x86_64  CompilerName: GCC  CompilerVersion: 8.4.0
ProgramName: mri_edit_wm_with_aseg  ProgramArguments: mri_edit_wm_with_aseg -all-info  ProgramVersion: 7.3.2  TimeStamp: 2026/03/10-06:26:35-GMT  BuildTime: Aug  4 2022 06:17:15  BuildStamp: freesurfer-linux-ubuntu22_x86_64-7.3.2-20220804-6354275  User: oesteban  Machine: dna003  Platform: Linux  PlatformVersion: 5.14.0-427.37.1.el9_4.x86_64  CompilerName: GCC  CompilerVersion: 8.4.0
ProgramName: mri_em_register  ProgramArguments: mri_em_register -all-info  ProgramVersion: 7.3.2  TimeStamp: 2026/03/10-06:26:35-GMT  BuildTime: Aug  4 2022 06:17:15  BuildStamp: freesurfer-linux-ubuntu22_x86_64-7.3.2-20220804-6354275  User: oesteban  Machine: dna003  Platform: Linux  PlatformVersion: 5.14.0-427.37.1.el9_4.x86_64  CompilerName: GCC  CompilerVersion: 8.4.0
ProgramName: mri_fill  ProgramArguments: mri_fill -all-info  ProgramVersion: 7.3.2  TimeStamp: 2026/03/10-06:26:35-GMT  BuildTime: Aug  4 2022 06:17:15  BuildStamp: freesurfer-linux-ubuntu22_x86_64-7.3.2-20220804-6354275  User: oesteban  Machine: dna003  Platform: Linux  PlatformVersion: 5.14.0-427.37.1.el9_4.x86_64  CompilerName: GCC  CompilerVersion: 8.4.0
ProgramName: mri_fuse_segmentations  ProgramArguments: mri_fuse_segmentations -all-info  ProgramVersion: 7.3.2  TimeStamp: 2026/03/10-06:26:35-GMT  BuildTime: Aug  4 2022 06:17:15  BuildStamp: freesurfer-linux-ubuntu22_x86_64-7.3.2-20220804-6354275  User: oesteban  Machine: dna003  Platform: Linux  PlatformVersion: 5.14.0-427.37.1.el9_4.x86_64  CompilerName: GCC  CompilerVersion: 8.4.0
ProgramName: mri_fwhm  ProgramArguments: mri_fwhm -all-info  ProgramVersion: 7.3.2  TimeStamp: 2026/03/10-06:26:35-GMT  BuildTime: Aug  4 2022 06:17:15  BuildStamp: freesurfer-linux-ubuntu22_x86_64-7.3.2-20220804-6354275  User: oesteban  Machine: dna003  Platform: Linux  PlatformVersion: 5.14.0-427.37.1.el9_4.x86_64  CompilerName: GCC  CompilerVersion: 8.4.0
ProgramName: mri_gcut  ProgramArguments: mri_gcut -all-info  ProgramVersion: 7.3.2  TimeStamp: 2026/03/10-06:26:35-GMT  BuildTime: Aug  4 2022 06:17:15  BuildStamp: freesurfer-linux-ubuntu22_x86_64-7.3.2-20220804-6354275  User: oesteban  Machine: dna003  Platform: Linux  PlatformVersion: 5.14.0-427.37.1.el9_4.x86_64  CompilerName: GCC  CompilerVersion: 8.4.0
ProgramName: mri_info  ProgramArguments: mri_info -all-info  ProgramVersion: 7.3.2  TimeStamp: 2026/03/10-06:26:35-GMT  BuildTime: Aug  4 2022 06:17:15  BuildStamp: freesurfer-linux-ubuntu22_x86_64-7.3.2-20220804-6354275  User: oesteban  Machine: dna003  Platform: Linux  PlatformVersion: 5.14.0-427.37.1.el9_4.x86_64  CompilerName: GCC  CompilerVersion: 8.4.0
ProgramName: mri_label2label  ProgramArguments: mri_label2label -all-info  ProgramVersion: 7.3.2  TimeStamp: 2026/03/10-06:26:35-GMT  BuildTime: Aug  4 2022 06:17:15  BuildStamp: freesurfer-linux-ubuntu22_x86_64-7.3.2-20220804-6354275  User: oesteban  Machine: dna003  Platform: Linux  PlatformVersion: 5.14.0-427.37.1.el9_4.x86_64  CompilerName: GCC  CompilerVersion: 8.4.0
ProgramName: mri_label2vol  ProgramArguments: mri_label2vol -all-info  ProgramVersion: 7.3.2  TimeStamp: 2026/03/10-06:26:35-GMT  BuildTime: Aug  4 2022 06:17:15  BuildStamp: freesurfer-linux-ubuntu22_x86_64-7.3.2-20220804-6354275  User: oesteban  Machine: dna003  Platform: Linux  PlatformVersion: 5.14.0-427.37.1.el9_4.x86_64  CompilerName: GCC  CompilerVersion: 8.4.0
ProgramName: mri_log_likelihood  ProgramArguments: mri_log_likelihood -all-info  ProgramVersion: 7.3.2  TimeStamp: 2026/03/10-06:26:35-GMT  BuildTime: Aug  4 2022 06:17:15  BuildStamp: freesurfer-linux-ubuntu22_x86_64-7.3.2-20220804-6354275  User: oesteban  Machine: dna003  Platform: Linux  PlatformVersion: 5.14.0-427.37.1.el9_4.x86_64  CompilerName: GCC  CompilerVersion: 8.4.0
ProgramName: mri_mask  ProgramArguments: mri_mask -all-info  ProgramVersion: 7.3.2  TimeStamp: 2026/03/10-06:26:35-GMT  BuildTime: Aug  4 2022 06:17:15  BuildStamp: freesurfer-linux-ubuntu22_x86_64-7.3.2-20220804-6354275  User: oesteban  Machine: dna003  Platform: Linux  PlatformVersion: 5.14.0-427.37.1.el9_4.x86_64  CompilerName: GCC  CompilerVersion: 8.4.0
ProgramName: mri_matrix_multiply  ProgramArguments: mri_matrix_multiply -all-info  ProgramVersion: 7.3.2  TimeStamp: 2026/03/10-06:26:35-GMT  BuildTime: Aug  4 2022 06:17:15  BuildStamp: freesurfer-linux-ubuntu22_x86_64-7.3.2-20220804-6354275  User: oesteban  Machine: dna003  Platform: Linux  PlatformVersion: 5.14.0-427.37.1.el9_4.x86_64  CompilerName: GCC  CompilerVersion: 8.4.0
ProgramName: mri_normalize  ProgramArguments: mri_normalize -all-info  ProgramVersion: 7.3.2  TimeStamp: 2026/03/10-06:26:35-GMT  BuildTime: Aug  4 2022 06:17:15  BuildStamp: freesurfer-linux-ubuntu22_x86_64-7.3.2-20220804-6354275  User: oesteban  Machine: dna003  Platform: Linux  PlatformVersion: 5.14.0-427.37.1.el9_4.x86_64  CompilerName: GCC  CompilerVersion: 8.4.0
ProgramName: mri_normalize_tp2  ProgramArguments: mri_normalize_tp2 -all-info  ProgramVersion: 7.3.2  TimeStamp: 2026/03/10-06:26:35-GMT  BuildTime: Aug  4 2022 06:17:15  BuildStamp: freesurfer-linux-ubuntu22_x86_64-7.3.2-20220804-6354275  User: oesteban  Machine: dna003  Platform: Linux  PlatformVersion: 5.14.0-427.37.1.el9_4.x86_64  CompilerName: GCC  CompilerVersion: 8.4.0
ProgramName: mri_or  ProgramArguments: mri_or -all-info  ProgramVersion: 7.3.2  TimeStamp: 2026/03/10-06:26:35-GMT  BuildTime: Aug  4 2022 06:17:15  BuildStamp: freesurfer-linux-ubuntu22_x86_64-7.3.2-20220804-6354275  User: oesteban  Machine: dna003  Platform: Linux  PlatformVersion: 5.14.0-427.37.1.el9_4.x86_64  CompilerName: GCC  CompilerVersion: 8.4.0
ProgramName: mri_relabel_hypointensities  ProgramArguments: mri_relabel_hypointensities -all-info  ProgramVersion: 7.3.2  TimeStamp: 2026/03/10-06:26:35-GMT  BuildTime: Aug  4 2022 06:17:15  BuildStamp: freesurfer-linux-ubuntu22_x86_64-7.3.2-20220804-6354275  User: oesteban  Machine: dna003  Platform: Linux  PlatformVersion: 5.14.0-427.37.1.el9_4.x86_64  CompilerName: GCC  CompilerVersion: 8.4.0
ProgramName: mri_relabel_nonwm_hypos  ProgramArguments: mri_relabel_nonwm_hypos -all-info  ProgramVersion: 7.3.2  TimeStamp: 2026/03/10-06:26:35-GMT  BuildTime: Aug  4 2022 06:17:15  BuildStamp: freesurfer-linux-ubuntu22_x86_64-7.3.2-20220804-6354275  User: oesteban  Machine: dna003  Platform: Linux  PlatformVersion: 5.14.0-427.37.1.el9_4.x86_64  CompilerName: GCC  CompilerVersion: 8.4.0
ProgramName: mri_remove_neck  ProgramArguments: mri_remove_neck -all-info  ProgramVersion: 7.3.2  TimeStamp: 2026/03/10-06:26:35-GMT  BuildTime: Aug  4 2022 06:17:15  BuildStamp: freesurfer-linux-ubuntu22_x86_64-7.3.2-20220804-6354275  User: oesteban  Machine: dna003  Platform: Linux  PlatformVersion: 5.14.0-427.37.1.el9_4.x86_64  CompilerName: GCC  CompilerVersion: 8.4.0
7.3.2

ProgramName: mri_robust_register  ProgramArguments: mri_robust_register -all-info  ProgramVersion: 7.3.2  TimeStamp: 2026/03/10-06:26:35-GMT  BuildTime: Aug  4 2022 06:17:15  BuildStamp: freesurfer-linux-ubuntu22_x86_64-7.3.2-20220804-6354275  User: oesteban  Machine: dna003  Platform: Linux  PlatformVersion: 5.14.0-427.37.1.el9_4.x86_64  CompilerName: GCC  CompilerVersion: 8.4.0
7.3.2

ProgramName: mri_robust_template  ProgramArguments: mri_robust_template -all-info  ProgramVersion: 7.3.2  TimeStamp: 2026/03/10-06:26:35-GMT  BuildTime: Aug  4 2022 06:17:15  BuildStamp: freesurfer-linux-ubuntu22_x86_64-7.3.2-20220804-6354275  User: oesteban  Machine: dna003  Platform: Linux  PlatformVersion: 5.14.0-427.37.1.el9_4.x86_64  CompilerName: GCC  CompilerVersion: 8.4.0
ProgramName: mris_anatomical_stats  ProgramArguments: mris_anatomical_stats -all-info  ProgramVersion: 7.3.2  TimeStamp: 2026/03/10-06:26:35-GMT  BuildTime: Aug  4 2022 06:17:15  BuildStamp: freesurfer-linux-ubuntu22_x86_64-7.3.2-20220804-6354275  User: oesteban  Machine: dna003  Platform: Linux  PlatformVersion: 5.14.0-427.37.1.el9_4.x86_64  CompilerName: GCC  CompilerVersion: 8.4.0
ProgramName: mris_ca_label  ProgramArguments: mris_ca_label -all-info  ProgramVersion: 7.3.2  TimeStamp: 2026/03/10-06:26:35-GMT  BuildTime: Aug  4 2022 06:17:15  BuildStamp: freesurfer-linux-ubuntu22_x86_64-7.3.2-20220804-6354275  User: oesteban  Machine: dna003  Platform: Linux  PlatformVersion: 5.14.0-427.37.1.el9_4.x86_64  CompilerName: GCC  CompilerVersion: 8.4.0
ProgramName: mris_calc  ProgramArguments: mris_calc -all-info  ProgramVersion: 7.3.2  TimeStamp: 2026/03/10-06:26:35-GMT  BuildTime: Aug  4 2022 06:17:15  BuildStamp: freesurfer-linux-ubuntu22_x86_64-7.3.2-20220804-6354275  User: oesteban  Machine: dna003  Platform: Linux  PlatformVersion: 5.14.0-427.37.1.el9_4.x86_64  CompilerName: GCC  CompilerVersion: 8.4.0
ProgramName: mris_convert  ProgramArguments: mris_convert -all-info  ProgramVersion: 7.3.2  TimeStamp: 2026/03/10-06:26:35-GMT  BuildTime: Aug  4 2022 06:17:15  BuildStamp: freesurfer-linux-ubuntu22_x86_64-7.3.2-20220804-6354275  User: oesteban  Machine: dna003  Platform: Linux  PlatformVersion: 5.14.0-427.37.1.el9_4.x86_64  CompilerName: GCC  CompilerVersion: 8.4.0
ProgramName: mris_curvature  ProgramArguments: mris_curvature -all-info  ProgramVersion: 7.3.2  TimeStamp: 2026/03/10-06:26:35-GMT  BuildTime: Aug  4 2022 06:17:15  BuildStamp: freesurfer-linux-ubuntu22_x86_64-7.3.2-20220804-6354275  User: oesteban  Machine: dna003  Platform: Linux  PlatformVersion: 5.14.0-427.37.1.el9_4.x86_64  CompilerName: GCC  CompilerVersion: 8.4.0
ProgramName: mris_curvature_stats  ProgramArguments: mris_curvature_stats -all-info  ProgramVersion: 7.3.2  TimeStamp: 2026/03/10-06:26:35-GMT  BuildTime: Aug  4 2022 06:17:15  BuildStamp: freesurfer-linux-ubuntu22_x86_64-7.3.2-20220804-6354275  User: oesteban  Machine: dna003  Platform: Linux  PlatformVersion: 5.14.0-427.37.1.el9_4.x86_64  CompilerName: GCC  CompilerVersion: 8.4.0
ProgramName: mris_diff  ProgramArguments: mris_diff -all-info  ProgramVersion: 7.3.2  TimeStamp: 2026/03/10-06:26:35-GMT  BuildTime: Aug  4 2022 06:17:15  BuildStamp: freesurfer-linux-ubuntu22_x86_64-7.3.2-20220804-6354275  User: oesteban  Machine: dna003  Platform: Linux  PlatformVersion: 5.14.0-427.37.1.el9_4.x86_64  CompilerName: GCC  CompilerVersion: 8.4.0
ProgramName: mris_divide_parcellation  ProgramArguments: mris_divide_parcellation -all-info  ProgramVersion: 7.3.2  TimeStamp: 2026/03/10-06:26:35-GMT  BuildTime: Aug  4 2022 06:17:15  BuildStamp: freesurfer-linux-ubuntu22_x86_64-7.3.2-20220804-6354275  User: oesteban  Machine: dna003  Platform: Linux  PlatformVersion: 5.14.0-427.37.1.el9_4.x86_64  CompilerName: GCC  CompilerVersion: 8.4.0
ProgramName: mri_segment  ProgramArguments: mri_segment -all-info  ProgramVersion: 7.3.2  TimeStamp: 2026/03/10-06:26:35-GMT  BuildTime: Aug  4 2022 06:17:15  BuildStamp: freesurfer-linux-ubuntu22_x86_64-7.3.2-20220804-6354275  User: oesteban  Machine: dna003  Platform: Linux  PlatformVersion: 5.14.0-427.37.1.el9_4.x86_64  CompilerName: GCC  CompilerVersion: 8.4.0
ProgramName: mri_segstats  ProgramArguments: mri_segstats -all-info  ProgramVersion: 7.3.2  TimeStamp: 2026/03/10-06:26:35-GMT  BuildTime: Aug  4 2022 06:17:15  BuildStamp: freesurfer-linux-ubuntu22_x86_64-7.3.2-20220804-6354275  User: oesteban  Machine: dna003  Platform: Linux  PlatformVersion: 5.14.0-427.37.1.el9_4.x86_64  CompilerName: GCC  CompilerVersion: 8.4.0
ProgramName: mris_euler_number  ProgramArguments: mris_euler_number -all-info  ProgramVersion: 7.3.2  TimeStamp: 2026/03/10-06:26:35-GMT  BuildTime: Aug  4 2022 06:17:15  BuildStamp: freesurfer-linux-ubuntu22_x86_64-7.3.2-20220804-6354275  User: oesteban  Machine: dna003  Platform: Linux  PlatformVersion: 5.14.0-427.37.1.el9_4.x86_64  CompilerName: GCC  CompilerVersion: 8.4.0
ProgramName: mris_fix_topology  ProgramArguments: mris_fix_topology -all-info  ProgramVersion: 7.3.2  TimeStamp: 2026/03/10-06:26:35-GMT  BuildTime: Aug  4 2022 06:17:15  BuildStamp: freesurfer-linux-ubuntu22_x86_64-7.3.2-20220804-6354275  User: oesteban  Machine: dna003  Platform: Linux  PlatformVersion: 5.14.0-427.37.1.el9_4.x86_64  CompilerName: GCC  CompilerVersion: 8.4.0
ProgramName: mris_topo_fixer  ProgramArguments: mris_topo_fixer -all-info  ProgramVersion: 7.3.2  TimeStamp: 2026/03/10-06:26:35-GMT  BuildTime: Aug  4 2022 06:17:15  BuildStamp: freesurfer-linux-ubuntu22_x86_64-7.3.2-20220804-6354275  User: oesteban  Machine: dna003  Platform: Linux  PlatformVersion: 5.14.0-427.37.1.el9_4.x86_64  CompilerName: GCC  CompilerVersion: 8.4.0
ProgramName: mris_jacobian  ProgramArguments: mris_jacobian -all-info  ProgramVersion: 7.3.2  TimeStamp: 2026/03/10-06:26:35-GMT  BuildTime: Aug  4 2022 06:17:15  BuildStamp: freesurfer-linux-ubuntu22_x86_64-7.3.2-20220804-6354275  User: oesteban  Machine: dna003  Platform: Linux  PlatformVersion: 5.14.0-427.37.1.el9_4.x86_64  CompilerName: GCC  CompilerVersion: 8.4.0
ProgramName: mris_label2annot  ProgramArguments: mris_label2annot -all-info  ProgramVersion: 7.3.2  TimeStamp: 2026/03/10-06:26:35-GMT  BuildTime: Aug  4 2022 06:17:15  BuildStamp: freesurfer-linux-ubuntu22_x86_64-7.3.2-20220804-6354275  User: oesteban  Machine: dna003  Platform: Linux  PlatformVersion: 5.14.0-427.37.1.el9_4.x86_64  CompilerName: GCC  CompilerVersion: 8.4.0
ProgramName: mris_left_right_register  ProgramArguments: mris_left_right_register -all-info  ProgramVersion: 7.3.2  TimeStamp: 2026/03/10-06:26:35-GMT  BuildTime: Aug  4 2022 06:17:15  BuildStamp: freesurfer-linux-ubuntu22_x86_64-7.3.2-20220804-6354275  User: oesteban  Machine: dna003  Platform: Linux  PlatformVersion: 5.14.0-427.37.1.el9_4.x86_64  CompilerName: GCC  CompilerVersion: 8.4.0
ProgramName: mris_place_surface  ProgramArguments: mris_place_surface -all-info  ProgramVersion: 7.3.2  TimeStamp: 2026/03/10-06:26:35-GMT  BuildTime: Aug  4 2022 06:17:15  BuildStamp: freesurfer-linux-ubuntu22_x86_64-7.3.2-20220804-6354275  User: oesteban  Machine: dna003  Platform: Linux  PlatformVersion: 5.14.0-427.37.1.el9_4.x86_64  CompilerName: GCC  CompilerVersion: 8.4.0
ProgramName: mrisp_paint  ProgramArguments: mrisp_paint -all-info  ProgramVersion: 7.3.2  TimeStamp: 2026/03/10-06:26:35-GMT  BuildTime: Aug  4 2022 06:17:15  BuildStamp: freesurfer-linux-ubuntu22_x86_64-7.3.2-20220804-6354275  User: oesteban  Machine: dna003  Platform: Linux  PlatformVersion: 5.14.0-427.37.1.el9_4.x86_64  CompilerName: GCC  CompilerVersion: 8.4.0
ProgramName: mris_register  ProgramArguments: mris_register -all-info  ProgramVersion: 7.3.2  TimeStamp: 2026/03/10-06:26:35-GMT  BuildTime: Aug  4 2022 06:17:15  BuildStamp: freesurfer-linux-ubuntu22_x86_64-7.3.2-20220804-6354275  User: oesteban  Machine: dna003  Platform: Linux  PlatformVersion: 5.14.0-427.37.1.el9_4.x86_64  CompilerName: GCC  CompilerVersion: 8.4.0
ProgramName: mris_smooth  ProgramArguments: mris_smooth -all-info  ProgramVersion: 7.3.2  TimeStamp: 2026/03/10-06:26:35-GMT  BuildTime: Aug  4 2022 06:17:15  BuildStamp: freesurfer-linux-ubuntu22_x86_64-7.3.2-20220804-6354275  User: oesteban  Machine: dna003  Platform: Linux  PlatformVersion: 5.14.0-427.37.1.el9_4.x86_64  CompilerName: GCC  CompilerVersion: 8.4.0
ProgramName: mris_sphere  ProgramArguments: mris_sphere -all-info  ProgramVersion: 7.3.2  TimeStamp: 2026/03/10-06:26:35-GMT  BuildTime: Aug  4 2022 06:17:15  BuildStamp: freesurfer-linux-ubuntu22_x86_64-7.3.2-20220804-6354275  User: oesteban  Machine: dna003  Platform: Linux  PlatformVersion: 5.14.0-427.37.1.el9_4.x86_64  CompilerName: GCC  CompilerVersion: 8.4.0
ProgramName: mris_surface_stats  ProgramArguments: mris_surface_stats -all-info  ProgramVersion: 7.3.2  TimeStamp: 2026/03/10-06:26:35-GMT  BuildTime: Aug  4 2022 06:17:15  BuildStamp: freesurfer-linux-ubuntu22_x86_64-7.3.2-20220804-6354275  User: oesteban  Machine: dna003  Platform: Linux  PlatformVersion: 5.14.0-427.37.1.el9_4.x86_64  CompilerName: GCC  CompilerVersion: 8.4.0
ProgramName: mri_stats2seg  ProgramArguments: mri_stats2seg -all-info  ProgramVersion: 7.3.2  TimeStamp: 2026/03/10-06:26:35-GMT  BuildTime: Aug  4 2022 06:17:15  BuildStamp: freesurfer-linux-ubuntu22_x86_64-7.3.2-20220804-6354275  User: oesteban  Machine: dna003  Platform: Linux  PlatformVersion: 5.14.0-427.37.1.el9_4.x86_64  CompilerName: GCC  CompilerVersion: 8.4.0
ProgramName: mris_thickness  ProgramArguments: mris_thickness -all-info  ProgramVersion: 7.3.2  TimeStamp: 2026/03/10-06:26:35-GMT  BuildTime: Aug  4 2022 06:17:15  BuildStamp: freesurfer-linux-ubuntu22_x86_64-7.3.2-20220804-6354275  User: oesteban  Machine: dna003  Platform: Linux  PlatformVersion: 5.14.0-427.37.1.el9_4.x86_64  CompilerName: GCC  CompilerVersion: 8.4.0
ProgramName: mris_thickness_diff  ProgramArguments: mris_thickness_diff -all-info  ProgramVersion: 7.3.2  TimeStamp: 2026/03/10-06:26:35-GMT  BuildTime: Aug  4 2022 06:17:15  BuildStamp: freesurfer-linux-ubuntu22_x86_64-7.3.2-20220804-6354275  User: oesteban  Machine: dna003  Platform: Linux  PlatformVersion: 5.14.0-427.37.1.el9_4.x86_64  CompilerName: GCC  CompilerVersion: 8.4.0
ProgramName: mris_topo_fixer  ProgramArguments: mris_topo_fixer -all-info  ProgramVersion: 7.3.2  TimeStamp: 2026/03/10-06:26:35-GMT  BuildTime: Aug  4 2022 06:17:15  BuildStamp: freesurfer-linux-ubuntu22_x86_64-7.3.2-20220804-6354275  User: oesteban  Machine: dna003  Platform: Linux  PlatformVersion: 5.14.0-427.37.1.el9_4.x86_64  CompilerName: GCC  CompilerVersion: 8.4.0
ProgramName: mri_surf2surf  ProgramArguments: mri_surf2surf -all-info  ProgramVersion: 7.3.2  TimeStamp: 2026/03/10-06:26:35-GMT  BuildTime: Aug  4 2022 06:17:15  BuildStamp: freesurfer-linux-ubuntu22_x86_64-7.3.2-20220804-6354275  User: oesteban  Machine: dna003  Platform: Linux  PlatformVersion: 5.14.0-427.37.1.el9_4.x86_64  CompilerName: GCC  CompilerVersion: 8.4.0
ProgramName: mri_surf2vol  ProgramArguments: mri_surf2vol -all-info  ProgramVersion: 7.3.2  TimeStamp: 2026/03/10-06:26:35-GMT  BuildTime: Aug  4 2022 06:17:15  BuildStamp: freesurfer-linux-ubuntu22_x86_64-7.3.2-20220804-6354275  User: oesteban  Machine: dna003  Platform: Linux  PlatformVersion: 5.14.0-427.37.1.el9_4.x86_64  CompilerName: GCC  CompilerVersion: 8.4.0
ProgramName: mri_surfcluster  ProgramArguments: mri_surfcluster -all-info  ProgramVersion: 7.3.2  TimeStamp: 2026/03/10-06:26:35-GMT  BuildTime: Aug  4 2022 06:17:15  BuildStamp: freesurfer-linux-ubuntu22_x86_64-7.3.2-20220804-6354275  User: oesteban  Machine: dna003  Platform: Linux  PlatformVersion: 5.14.0-427.37.1.el9_4.x86_64  CompilerName: GCC  CompilerVersion: 8.4.0
ProgramName: mris_volmask  ProgramArguments: mris_volmask -all-info  ProgramVersion: 7.3.2  TimeStamp: 2026/03/10-06:26:35-GMT  BuildTime: Aug  4 2022 06:17:15  BuildStamp: freesurfer-linux-ubuntu22_x86_64-7.3.2-20220804-6354275  User: oesteban  Machine: dna003  Platform: Linux  PlatformVersion: 5.14.0-427.37.1.el9_4.x86_64  CompilerName: GCC  CompilerVersion: 8.4.0
ProgramName: mri_tessellate  ProgramArguments: mri_tessellate -all-info  ProgramVersion: 7.3.2  TimeStamp: 2026/03/10-06:26:35-GMT  BuildTime: Aug  4 2022 06:17:15  BuildStamp: freesurfer-linux-ubuntu22_x86_64-7.3.2-20220804-6354275  User: oesteban  Machine: dna003  Platform: Linux  PlatformVersion: 5.14.0-427.37.1.el9_4.x86_64  CompilerName: GCC  CompilerVersion: 8.4.0
ProgramName: mri_vol2surf  ProgramArguments: mri_vol2surf -all-info  ProgramVersion: 7.3.2  TimeStamp: 2026/03/10-06:26:35-GMT  BuildTime: Aug  4 2022 06:17:15  BuildStamp: freesurfer-linux-ubuntu22_x86_64-7.3.2-20220804-6354275  User: oesteban  Machine: dna003  Platform: Linux  PlatformVersion: 5.14.0-427.37.1.el9_4.x86_64  CompilerName: GCC  CompilerVersion: 8.4.0
ProgramName: mri_vol2vol  ProgramArguments: mri_vol2vol -all-info  ProgramVersion: 7.3.2  TimeStamp: 2026/03/10-06:26:35-GMT  BuildTime: Aug  4 2022 06:17:15  BuildStamp: freesurfer-linux-ubuntu22_x86_64-7.3.2-20220804-6354275  User: oesteban  Machine: dna003  Platform: Linux  PlatformVersion: 5.14.0-427.37.1.el9_4.x86_64  CompilerName: GCC  CompilerVersion: 8.4.0
ProgramName: mri_voldiff  ProgramArguments: mri_voldiff -all-info  ProgramVersion: 7.3.2  TimeStamp: 2026/03/10-06:26:35-GMT  BuildTime: Aug  4 2022 06:17:15  BuildStamp: freesurfer-linux-ubuntu22_x86_64-7.3.2-20220804-6354275  User: oesteban  Machine: dna003  Platform: Linux  PlatformVersion: 5.14.0-427.37.1.el9_4.x86_64  CompilerName: GCC  CompilerVersion: 8.4.0
ProgramName: mri_watershed  ProgramArguments: mri_watershed -all-info  ProgramVersion: 7.3.2  TimeStamp: 2026/03/10-06:26:35-GMT  BuildTime: Aug  4 2022 06:17:15  BuildStamp: freesurfer-linux-ubuntu22_x86_64-7.3.2-20220804-6354275  User: oesteban  Machine: dna003  Platform: Linux  PlatformVersion: 5.14.0-427.37.1.el9_4.x86_64  CompilerName: GCC  CompilerVersion: 8.4.0
ProgramName: tkregister2  ProgramArguments: tkregister2_cmdl -all-info  ProgramVersion: 7.3.2  TimeStamp: 2026/03/10-06:26:35-GMT  BuildTime: Aug  4 2022 06:17:15  BuildStamp: freesurfer-linux-ubuntu22_x86_64-7.3.2-20220804-6354275  User: oesteban  Machine: dna003  Platform: Linux  PlatformVersion: 5.14.0-427.37.1.el9_4.x86_64  CompilerName: GCC  CompilerVersion: 8.4.0
mri_motion_correct.fsl 7.3.2
mri_convert -all-info 
ProgramName: mri_convert  ProgramArguments: mri_convert -all-info  ProgramVersion: 7.3.2  TimeStamp: 2026/03/10-06:26:35-GMT  BuildTime: Aug  4 2022 06:17:15  BuildStamp: freesurfer-linux-ubuntu22_x86_64-7.3.2-20220804-6354275  User: oesteban  Machine: dna003  Platform: Linux  PlatformVersion: 5.14.0-427.37.1.el9_4.x86_64  CompilerName: GCC  CompilerVersion: 8.4.0
Program nu_correct, built from:
Package MNI N3, version 1.12.0, compiled by nicks@terrier (x86_64-unknown-linux-gnu) on 2015-06-19 at 01:25:34
#######################################
GCADIR /opt/freesurfer/average
GCA RB_all_2020-01-02.gca
GCASkull RB_all_withskull_2020_01_02.gca
AvgCurvTif folding.atlas.acfb40.noaparc.i12.2016-08-02.tif
GCSDIR /opt/freesurfer/average
GCS DKaparc.atlas.acfb40.noaparc.i12.2016-08-02.gcs
#######################################
#--------------------------------------------
#@# Tessellate rh Tue Mar 10 07:26:35 CET 2026
/out/sourcedata/freesurfer/sub-v1s6x0051362_ses-1/scripts

 mri_pretess ../mri/filled.mgz 127 ../mri/norm.mgz ../mri/filled-pretess127.mgz 


Iteration Number : 1
pass   1 (xy+):   2 found -   2 modified     |    TOTAL:   2
pass   2 (xy+):   0 found -   2 modified     |    TOTAL:   2
pass   1 (xy-):   0 found -   0 modified     |    TOTAL:   2
pass   1 (yz+):   8 found -   8 modified     |    TOTAL:  10
pass   2 (yz+):   0 found -   8 modified     |    TOTAL:  10
pass   1 (yz-):   8 found -   8 modified     |    TOTAL:  18
pass   2 (yz-):   0 found -   8 modified     |    TOTAL:  18
pass   1 (xz+):   0 found -   0 modified     |    TOTAL:  18
pass   1 (xz-):   1 found -   1 modified     |    TOTAL:  19
pass   2 (xz-):   0 found -   1 modified     |    TOTAL:  19
Iteration Number : 1
pass   1 (+++):   0 found -   0 modified     |    TOTAL:   0
pass   1 (+++):   0 found -   0 modified     |    TOTAL:   0
pass   1 (+++):   0 found -   0 modified     |    TOTAL:   0
pass   1 (+++):   0 found -   0 modified     |    TOTAL:   0
Iteration Number : 1
pass   1 (++):   0 found -   0 modified     |    TOTAL:   0
pass   1 (+-):   0 found -   0 modified     |    TOTAL:   0
pass   1 (--):   1 found -   1 modified     |    TOTAL:   1
pass   2 (--):   0 found -   1 modified     |    TOTAL:   1
pass   1 (-+):   2 found -   2 modified     |    TOTAL:   3
pass   2 (-+):   0 found -   2 modified     |    TOTAL:   3
Iteration Number : 2
pass   1 (xy+):   0 found -   0 modified     |    TOTAL:   0
pass   1 (xy-):   0 found -   0 modified     |    TOTAL:   0
pass   1 (yz+):   0 found -   0 modified     |    TOTAL:   0
pass   1 (yz-):   0 found -   0 modified     |    TOTAL:   0
pass   1 (xz+):   0 found -   0 modified     |    TOTAL:   0
pass   1 (xz-):   0 found -   0 modified     |    TOTAL:   0
Iteration Number : 2
pass   1 (+++):   0 found -   0 modified     |    TOTAL:   0
pass   1 (+++):   0 found -   0 modified     |    TOTAL:   0
pass   1 (+++):   0 found -   0 modified     |    TOTAL:   0
pass   1 (+++):   0 found -   0 modified     |    TOTAL:   0
Iteration Number : 2
pass   1 (++):   0 found -   0 modified     |    TOTAL:   0
pass   1 (+-):   0 found -   0 modified     |    TOTAL:   0
pass   1 (--):   0 found -   0 modified     |    TOTAL:   0
pass   1 (-+):   0 found -   0 modified     |    TOTAL:   0

Total Number of Modified Voxels = 22 (out of 271459: 0.008104)
Ambiguous edge configurations... 

mri_pretess done


 mri_tessellate ../mri/filled-pretess127.mgz 127 ../surf/rh.orig.nofix 

7.3.2
  7.3.2
slice 40: 1638 vertices, 1785 faces
slice 50: 8998 vertices, 9317 faces
slice 60: 19359 vertices, 19725 faces
slice 70: 29953 vertices, 30337 faces
slice 80: 40490 vertices, 40867 faces
slice 90: 51098 vertices, 51462 faces
slice 100: 61779 vertices, 62136 faces
slice 110: 72157 vertices, 72510 faces
slice 120: 82208 vertices, 82602 faces
slice 130: 91648 vertices, 91968 faces
slice 140: 100031 vertices, 100306 faces
slice 150: 106883 vertices, 107132 faces
slice 160: 112880 vertices, 113055 faces
slice 170: 117555 vertices, 117705 faces
slice 180: 120795 vertices, 120896 faces
slice 190: 122228 vertices, 122238 faces
slice 200: 122228 vertices, 122238 faces
slice 210: 122228 vertices, 122238 faces
slice 220: 122228 vertices, 122238 faces
slice 230: 122228 vertices, 122238 faces
slice 240: 122228 vertices, 122238 faces
slice 250: 122228 vertices, 122238 faces
using the conformed surface RAS to save vertex points...
writing ../surf/rh.orig.nofix
using vox2ras matrix:
-1.00000   0.00000   0.00000   128.00000;
 0.00000   0.00000   1.00000  -128.00000;
 0.00000  -1.00000   0.00000   128.00000;
 0.00000   0.00000   0.00000   1.00000;

 rm -f ../mri/filled-pretess127.mgz 


 mris_extract_main_component ../surf/rh.orig.nofix ../surf/rh.orig.nofix 


counting number of connected components...
   122220 voxel in cpt #1: X=-12 [v=122220,e=366696,f=244464] located at (26.673744, -27.268761, 39.033718)
   8 voxel in cpt #2: X=2 [v=8,e=18,f=12] located at (0.000000, -1.000000, 51.000000)
For the whole surface: X=-10 [v=122228,e=366714,f=244476]
2 components have been found
keeping component #1 with 122220 vertices
done

#--------------------------------------------
#@# Smooth1 rh Tue Mar 10 07:26:39 CET 2026
/out/sourcedata/freesurfer/sub-v1s6x0051362_ses-1/scripts

 mris_smooth -nw -seed 1234 ../surf/rh.orig.nofix ../surf/rh.smoothwm.nofix 

setting seed for random number generator to 1234
smoothing surface tessellation for 10 iterations...
smoothing complete - recomputing first and second fundamental forms...
#--------------------------------------------
#@# Inflation1 rh Tue Mar 10 07:26:41 CET 2026
/out/sourcedata/freesurfer/sub-v1s6x0051362_ses-1/scripts

 mris_inflate -no-save-sulc ../surf/rh.smoothwm.nofix ../surf/rh.inflated.nofix 

Not saving sulc
Reading ../surf/rh.smoothwm.nofix
avg radius = 46.2 mm, total surface area = 66457 mm^2
step 000: RMS=0.143 (target=0.015)   step 005: RMS=0.107 (target=0.015)   step 010: RMS=0.078 (target=0.015)   step 015: RMS=0.062 (target=0.015)   step 020: RMS=0.053 (target=0.015)   step 025: RMS=0.045 (target=0.015)   step 030: RMS=0.039 (target=0.015)   step 035: RMS=0.034 (target=0.015)   step 040: RMS=0.031 (target=0.015)   step 045: RMS=0.029 (target=0.015)   step 050: RMS=0.027 (target=0.015)   step 055: RMS=0.027 (target=0.015)   step 060: RMS=0.025 (target=0.015)   writing inflated surface to ../surf/rh.inflated.nofix
inflation took 0.2 minutes

inflation complete.
Not saving sulc
mris_inflate utimesec    51.632069
mris_inflate stimesec    1.628970
mris_inflate ru_maxrss   194148
mris_inflate ru_ixrss    0
mris_inflate ru_idrss    0
mris_inflate ru_isrss    0
mris_inflate ru_minflt   578237
mris_inflate ru_majflt   8
mris_inflate ru_nswap    0
mris_inflate ru_inblock  0
mris_inflate ru_oublock  8600
mris_inflate ru_msgsnd   0
mris_inflate ru_msgrcv   0
mris_inflate ru_nsignals 0
mris_inflate ru_nvcsw    5760
mris_inflate ru_nivcsw   259
#--------------------------------------------
#@# QSphere rh Tue Mar 10 07:26:51 CET 2026
/out/sourcedata/freesurfer/sub-v1s6x0051362_ses-1/scripts

 mris_sphere -q -p 6 -a 128 -seed 1234 ../surf/rh.inflated.nofix ../surf/rh.qsphere.nofix 

doing quick spherical unfolding.
limitting unfolding to 6 passes
using n_averages = 128
setting seed for random number genererator to 1234
version: 7.3.2
available threads: 16
scaling brain by 0.335...
inflating...
projecting onto sphere...
surface projected - minimizing metric distortion...
vertex spacing 1.05 +- 0.56 (0.00-->7.03) (max @ vno 97711 --> 97712)
face area 0.03 +- 0.04 (-0.02-->0.74)
Entering MRISinflateToSphere()
inflating to sphere (rms error < 2.00)
000: dt: 0.0000, rms radial error=175.641, avgs=0
005/300: dt: 0.9000, rms radial error=175.381, avgs=0
010/300: dt: 0.9000, rms radial error=174.823, avgs=0
015/300: dt: 0.9000, rms radial error=174.092, avgs=0
020/300: dt: 0.9000, rms radial error=173.259, avgs=0
025/300: dt: 0.9000, rms radial error=172.369, avgs=0
030/300: dt: 0.9000, rms radial error=171.446, avgs=0
035/300: dt: 0.9000, rms radial error=170.506, avgs=0
040/300: dt: 0.9000, rms radial error=169.559, avgs=0
045/300: dt: 0.9000, rms radial error=168.614, avgs=0
050/300: dt: 0.9000, rms radial error=167.674, avgs=0
055/300: dt: 0.9000, rms radial error=166.735, avgs=0
060/300: dt: 0.9000, rms radial error=165.800, avgs=0
065/300: dt: 0.9000, rms radial error=164.869, avgs=0
070/300: dt: 0.9000, rms radial error=163.942, avgs=0
075/300: dt: 0.9000, rms radial error=163.020, avgs=0
080/300: dt: 0.9000, rms radial error=162.102, avgs=0
085/300: dt: 0.9000, rms radial error=161.191, avgs=0
090/300: dt: 0.9000, rms radial error=160.285, avgs=0
095/300: dt: 0.9000, rms radial error=159.384, avgs=0
100/300: dt: 0.9000, rms radial error=158.487, avgs=0
105/300: dt: 0.9000, rms radial error=157.596, avgs=0
110/300: dt: 0.9000, rms radial error=156.709, avgs=0
115/300: dt: 0.9000, rms radial error=155.828, avgs=0
120/300: dt: 0.9000, rms radial error=154.951, avgs=0
125/300: dt: 0.9000, rms radial error=154.079, avgs=0
130/300: dt: 0.9000, rms radial error=153.212, avgs=0
135/300: dt: 0.9000, rms radial error=152.350, avgs=0
140/300: dt: 0.9000, rms radial error=151.492, avgs=0
145/300: dt: 0.9000, rms radial error=150.640, avgs=0
150/300: dt: 0.9000, rms radial error=149.792, avgs=0
155/300: dt: 0.9000, rms radial error=148.948, avgs=0
160/300: dt: 0.9000, rms radial error=148.110, avgs=0
165/300: dt: 0.9000, rms radial error=147.276, avgs=0
170/300: dt: 0.9000, rms radial error=146.447, avgs=0
175/300: dt: 0.9000, rms radial error=145.622, avgs=0
180/300: dt: 0.9000, rms radial error=144.802, avgs=0
185/300: dt: 0.9000, rms radial error=143.986, avgs=0
190/300: dt: 0.9000, rms radial error=143.175, avgs=0
195/300: dt: 0.9000, rms radial error=142.368, avgs=0
200/300: dt: 0.9000, rms radial error=141.566, avgs=0
205/300: dt: 0.9000, rms radial error=140.768, avgs=0
210/300: dt: 0.9000, rms radial error=139.975, avgs=0
215/300: dt: 0.9000, rms radial error=139.186, avgs=0
220/300: dt: 0.9000, rms radial error=138.401, avgs=0
225/300: dt: 0.9000, rms radial error=137.622, avgs=0
230/300: dt: 0.9000, rms radial error=136.847, avgs=0
235/300: dt: 0.9000, rms radial error=136.076, avgs=0
240/300: dt: 0.9000, rms radial error=135.310, avgs=0
245/300: dt: 0.9000, rms radial error=134.548, avgs=0
250/300: dt: 0.9000, rms radial error=133.790, avgs=0
255/300: dt: 0.9000, rms radial error=133.036, avgs=0
260/300: dt: 0.9000, rms radial error=132.287, avgs=0
265/300: dt: 0.9000, rms radial error=131.541, avgs=0
270/300: dt: 0.9000, rms radial error=130.800, avgs=0
275/300: dt: 0.9000, rms radial error=130.064, avgs=0
280/300: dt: 0.9000, rms radial error=129.331, avgs=0
285/300: dt: 0.9000, rms radial error=128.603, avgs=0
290/300: dt: 0.9000, rms radial error=127.878, avgs=0
295/300: dt: 0.9000, rms radial error=127.158, avgs=0
300/300: dt: 0.9000, rms radial error=126.441, avgs=0

spherical inflation complete.
epoch 1 (K=10.0), pass 1, starting sse = 13810.31
taking momentum steps...
taking momentum steps...
taking momentum steps...
taking momentum steps...
pass 1 complete, delta sse/iter = 0.01/13 = 0.00052
epoch 2 (K=40.0), pass 1, starting sse = 2048.73
taking momentum steps...
taking momentum steps...
taking momentum steps...
taking momentum steps...
pass 1 complete, delta sse/iter = 0.00/13 = 0.00010
epoch 3 (K=160.0), pass 1, starting sse = 168.77
taking momentum steps...
taking momentum steps...
taking momentum steps...
taking momentum steps...
pass 1 complete, delta sse/iter = 0.26/20 = 0.01319
epoch 4 (K=640.0), pass 1, starting sse = 3.94
taking momentum steps...
taking momentum steps...
taking momentum steps...
taking momentum steps...
pass 1 complete, delta sse/iter = 0.16/22 = 0.00718
final distance error %100000.00
writing spherical brain to ../surf/rh.qsphere.nofix
spherical transformation took 0.0141 hours
FSRUNTIME@ mris_sphere  0.0141 hours 16 threads
#VMPC# mris_sphere VmPeak  1535652
mris_sphere done
#@# Fix Topology rh Tue Mar 10 07:27:41 CET 2026

 mris_fix_topology -mgz -sphere qsphere.nofix -inflated inflated.nofix -orig orig.nofix -out orig.premesh -ga -seed 1234 sub-v1s6x0051362_ses-1 rh 

reading spherical homeomorphism from 'qsphere.nofix'
reading inflated coordinates from 'inflated.nofix'
reading original coordinates from 'orig.nofix'
using genetic algorithm with optimized parameters
setting seed for random number genererator to 1234

*************************************************************
Topology Correction Parameters
retessellation mode:           genetic search
number of patches/generation : 10
number of generations :        10
surface mri loglikelihood coefficient :         1.0
volume mri loglikelihood coefficient :          10.0
normal dot loglikelihood coefficient :          1.0
quadratic curvature loglikelihood coefficient : 1.0
volume resolution :                             2
eliminate vertices during search :              1
initial patch selection :                       1
select all defect vertices :                    0
ordering dependant retessellation:              0
use precomputed edge table :                    0
smooth retessellated patch :                    2
match retessellated patch :                     1
verbose mode :                                  0

*************************************************************
INFO: assuming .mgz format
writing corrected surface to 'orig.premesh'
7.3.2
  7.3.2
before topology correction, eno=-12 (nv=122220, nf=244464, ne=366696, g=7)
using quasi-homeomorphic spherical map to tessellate cortical surface...

Correction of the Topology
Finding true center and radius of Spherical Surface...done
Surface centered at (0,0,0) with radius 100.0 in 9 iterations
marking ambiguous vertices...
1010 ambiguous faces found in tessellation
segmenting defects...
6 defects found, arbitrating ambiguous regions...
analyzing neighboring defects...
6 defects to be corrected 
0 vertices coincident
reading input surface /out/sourcedata/freesurfer/sub-v1s6x0051362_ses-1/surf/rh.qsphere.nofix...
reading brain volume from brain...
reading wm segmentation from wm...
Reading original properties of orig.nofix
Reading vertex positions of inflated.nofix
Computing Initial Surface Statistics
      -face       loglikelihood: -9.4652  (-4.7326)
      -vertex     loglikelihood: -6.3884  (-3.1942)
      -normal dot loglikelihood: -3.6953  (-3.6953)
      -quad curv  loglikelihood: -6.1383  (-3.0691)
      Total Loglikelihood : -25.6873
CORRECTING DEFECT 0 (vertices=335, convex hull=223, v0=61464)
After retessellation of defect 0 (v0=61464), euler #=-3 (121695,364948,243250) : difference with theory (-3) = 0 
CORRECTING DEFECT 1 (vertices=173, convex hull=167, v0=78278)
After retessellation of defect 1 (v0=78278), euler #=-2 (121773,365259,243484) : difference with theory (-2) = 0 
CORRECTING DEFECT 2 (vertices=6, convex hull=12, v0=84857)
After retessellation of defect 2 (v0=84857), euler #=-1 (121774,365265,243490) : difference with theory (-1) = 0 
CORRECTING DEFECT 3 (vertices=20, convex hull=22, v0=94961)
After retessellation of defect 3 (v0=94961), euler #=0 (121777,365281,243504) : difference with theory (0) = 0 
CORRECTING DEFECT 4 (vertices=27, convex hull=53, v0=117184)
After retessellation of defect 4 (v0=117184), euler #=1 (121794,365352,243559) : difference with theory (1) = 0 
CORRECTING DEFECT 5 (vertices=52, convex hull=58, v0=117538)
After retessellation of defect 5 (v0=117538), euler #=2 (121807,365415,243610) : difference with theory (2) = 0 
computing original vertex metric properties...
storing new metric properties...
computing tessellation statistics...
vertex spacing 0.89 +- 0.21 (0.09-->7.56) (max @ vno 116607 --> 119353)
face area -nan +- -nan (1000.00-->-1.00)
performing soap bubble on retessellated vertices for 0 iterations...
vertex spacing 0.89 +- 0.21 (0.09-->7.56) (max @ vno 116607 --> 119353)
face area -nan +- -nan (1000.00-->-1.00)
tessellation finished, orienting corrected surface...
19 mutations (32.8%), 39 crossovers (67.2%), 4 vertices were eliminated
building final representation...
413 vertices and 0 faces have been removed from triangulation
after topology correction, eno=2 (nv=121807, nf=243610, ne=365415, g=0)
writing corrected surface to /out/sourcedata/freesurfer/sub-v1s6x0051362_ses-1/surf/rh.orig.premesh...

0.000 % of the vertices (0 vertices) exhibit an orientation change
removing intersecting faces
000: 51 intersecting
terminating search with 0 intersecting
topology fixing took 0.4 minutes
FSRUNTIME@ mris_fix_topology rh  0.0075 hours 16 threads
#VMPC# mris_fix_topology VmPeak  1837460

 mris_euler_number ../surf/rh.orig.premesh 

euler # = v-e+f = 2g-2: 121807 - 365415 + 243610 = 2 --> 0 holes
      F =2V-4:          243610 = 243614-4 (0)
      2E=3F:            730830 = 730830 (0)

total defect index = 0
Tue Mar 10 07:28:09 CET 2026

setenv SUBJECTS_DIR /out/sourcedata/freesurfer
cd /out/sourcedata/freesurfer/sub-v1s6x0051362_ses-1/scripts
/opt/freesurfer/bin/defect2seg --s sub-v1s6x0051362_ses-1 --rh-only --cortex

freesurfer-linux-ubuntu22_x86_64-7.3.2-20220804-6354275
defect2seg 7.3.2
Linux dna003 5.14.0-427.37.1.el9_4.x86_64 #1 SMP PREEMPT_DYNAMIC Fri Sep 13 12:41:50 EDT 2024 x86_64 x86_64 x86_64 GNU/Linux
pid 1760592
mri_label2label --label-cortex /out/sourcedata/freesurfer/sub-v1s6x0051362_ses-1/surf/rh.orig.nofix /out/sourcedata/freesurfer/sub-v1s6x0051362_ses-1/mri/aseg.presurf.mgz 0 /out/sourcedata/freesurfer/sub-v1s6x0051362_ses-1/label/rh.nofix.cortex.label

 Generating cortex label... RemoveHipAmgy=0
 NucAccIsMedialWall=0
 mris->useRealRAS=0
12 non-cortical segments detected
only using segment with 7501 vertices
erasing segment 1 (vno[0] = 56961)
erasing segment 2 (vno[0] = 75686)
erasing segment 3 (vno[0] = 75698)
erasing segment 4 (vno[0] = 88774)
erasing segment 5 (vno[0] = 93083)
erasing segment 6 (vno[0] = 93092)
erasing segment 7 (vno[0] = 98364)
erasing segment 8 (vno[0] = 104067)
erasing segment 9 (vno[0] = 105980)
erasing segment 10 (vno[0] = 109200)
erasing segment 11 (vno[0] = 110946)
mri_label2vol --defects /out/sourcedata/freesurfer/sub-v1s6x0051362_ses-1/surf/rh.orig.nofix /out/sourcedata/freesurfer/sub-v1s6x0051362_ses-1/surf/rh.defect_labels /out/sourcedata/freesurfer/sub-v1s6x0051362_ses-1/mri/orig.mgz 2000 0 /out/sourcedata/freesurfer/sub-v1s6x0051362_ses-1/mri/rh.surface.defects.mgz /out/sourcedata/freesurfer/sub-v1s6x0051362_ses-1/label/rh.nofix.cortex.label
mri_label2vol supposed to be reproducible but seed not set
Contraining to label /out/sourcedata/freesurfer/sub-v1s6x0051362_ses-1/label/rh.nofix.cortex.label
Changing input type 0 to MRI_INT
Converting defects to volume: offset=2000, merge=0
Writing to /out/sourcedata/freesurfer/sub-v1s6x0051362_ses-1/mri/rh.surface.defects.mgz
mris_defects_pointset -s /out/sourcedata/freesurfer/sub-v1s6x0051362_ses-1/surf/rh.orig.nofix -d /out/sourcedata/freesurfer/sub-v1s6x0051362_ses-1/surf/rh.defect_labels -o /out/sourcedata/freesurfer/sub-v1s6x0051362_ses-1/surf/rh.defects.pointset --label /out/sourcedata/freesurfer/sub-v1s6x0051362_ses-1/label/rh.nofix.cortex.label
Reading in surface /out/sourcedata/freesurfer/sub-v1s6x0051362_ses-1/surf/rh.orig.nofix
Reading in defect segmentation /out/sourcedata/freesurfer/sub-v1s6x0051362_ses-1/surf/rh.defect_labels
Reading in label /out/sourcedata/freesurfer/sub-v1s6x0051362_ses-1/label/rh.nofix.cortex.label
#VMPC# mris_defects_pointset 1513548
mris_defects_pointset done
 
Started at Tue Mar 10 07:28:09 CET 2026 
Ended   at Tue Mar 10 07:28:22 CET 2026
Defect2seg-Run-Time-Sec 13
Defect2seg-Run-Time-Min 0.26
Defect2seg-Run-Time-Hours 0.00
 
tkmeditfv sub-v1s6x0051362_ses-1 brain.finalsurfs.mgz -defect
defect2seg Done

 mris_remesh --remesh --iters 3 --input /out/sourcedata/freesurfer/sub-v1s6x0051362_ses-1/surf/rh.orig.premesh --output /out/sourcedata/freesurfer/sub-v1s6x0051362_ses-1/surf/rh.orig 

iters = 3
standard remeshing without target
   adjusted l: 0.709628
remeshing to edge length 0.709628 with 3 iterations

avg qual before   : 0.893488  after: 0.971436

Removing intersections
Remeshed surface quality stats nv0 = 121807  nv = 127611  1.04765
Area    255218  0.30176  0.03349 0.047913   0.4427
Corner  765654 60.00000  8.76343 18.196292 142.5944
Edge    382827  0.84267  0.08186 0.293545   1.2666
Hinge   382827  9.39044  9.62403 0.000003 147.9462
mris_remesh done
/out/sourcedata/freesurfer/sub-v1s6x0051362_ses-1/scripts

 mris_remove_intersection ../surf/rh.orig ../surf/rh.orig 

intersection removal took 0.00 hours
writing corrected surface to ../surf/rh.orig

 rm -f ../surf/rh.inflated 

#--------------------------------------------
#@# AutoDetGWStats rh Tue Mar 10 07:28:49 CET 2026
cd /out/sourcedata/freesurfer/sub-v1s6x0051362_ses-1/mri
mris_autodet_gwstats --o ../surf/autodet.gw.stats.rh.dat --i brain.finalsurfs.mgz --wm wm.mgz --surf ../surf/rh.orig.premesh
7.3.2

cd /out/sourcedata/freesurfer/sub-v1s6x0051362_ses-1/mri
setenv SUBJECTS_DIR /out/sourcedata/freesurfer
mris_autodet_gwstats --o ../surf/autodet.gw.stats.rh.dat --i brain.finalsurfs.mgz --wm wm.mgz --surf ../surf/rh.orig.premesh 

border white:    228765 voxels (1.36%)
border gray      246356 voxels (1.47%)
Reading in intensity volume brain.finalsurfs.mgz
Reading in wm volume wm.mgz
Reading in surf ../surf/rh.orig.premesh
Auto detecting stats
MRIclipBrightWM(): nthresh=27169, wmmin=5, clip=110 
Binarizing thresholding at 5
computing class statistics... low=30, hi=110.000000
CCS WM (101.0): 100.4 +- 7.9 [70.0 --> 110.0]
CCS GM (75.0) : 74.4 +- 10.9 [30.0 --> 110.0]
white_mean = 100.398 +/- 7.85603, gray_mean = 74.3804 +/- 10.9215
using class modes intead of means, discounting robust sigmas....
MRIScomputeClassModes(): min=0 max=201 nbins=202
intensity peaks found at WM=105+-5.2,    GM=73+-7.8
white_mode = 105, gray_mode = 73
std_scale = 1
Applying sanity checks, max_scale_down = 0.2
setting MIN_GRAY_AT_WHITE_BORDER to 62.1 (was 70.000000)
setting MAX_BORDER_WHITE to 112.9 (was 105.000000)
setting MIN_BORDER_WHITE to 73.0 (was 85.000000)
setting MAX_CSF to 51.2 (was 40.000000)
setting MAX_GRAY to 97.1 (was 95.000000)
setting MAX_GRAY_AT_CSF_BORDER to 62.1 (was 75.000000)
setting MIN_GRAY_AT_CSF_BORDER to 40.2 (was 40.000000)
When placing the white surface
  white_border_hi   = 112.856;
  white_border_low  = 73;
  white_outside_low = 62.0785;
  white_inside_hi   = 120;
  white_outside_hi  = 112.856;
When placing the pial surface
  pial_border_hi   = 62.0785;
  pial_border_low  = 40.2355;
  pial_outside_low = 10;
  pial_inside_hi   = 97.144;
  pial_outside_hi  = 56.6177;
#VMPC# mris_autodet_gwstats VmPeak  1342004
mris_autodet_gwstats done
#--------------------------------------------
#@# WhitePreAparc rh Tue Mar 10 07:28:52 CET 2026
cd /out/sourcedata/freesurfer/sub-v1s6x0051362_ses-1/mri
mris_place_surface --adgws-in ../surf/autodet.gw.stats.rh.dat --wm wm.mgz --threads 16 --invol brain.finalsurfs.mgz --rh --i ../surf/rh.orig --o ../surf/rh.white.preaparc --white --seg aseg.presurf.mgz --nsmooth 5
7.3.2
7.3.2

cd /out/sourcedata/freesurfer/sub-v1s6x0051362_ses-1/mri
setenv SUBJECTS_DIR /out/sourcedata/freesurfer
mris_place_surface --adgws-in ../surf/autodet.gw.stats.rh.dat --wm wm.mgz --threads 16 --invol brain.finalsurfs.mgz --rh --i ../surf/rh.orig --o ../surf/rh.white.preaparc --white --seg aseg.presurf.mgz --nsmooth 5 

Reading in input surface ../surf/rh.orig
Smoothing surface before ripping with 5 iterations
Area    255218  0.26800  0.06103 0.002812   0.5525
Corner  765654 60.00000  9.27545 9.671584 144.1044
Edge    382827  0.79062  0.11066 0.056303   1.3471
Hinge   382827  6.26721  6.10702 0.000039 153.3372
Not reading in aparc
Reading in input volume brain.finalsurfs.mgz
Reading in wm volume wm.mgz
MRIclipBrightWM(): nthresh=27169, wmmin=5, clip=110 
MRIfindBrightNonWM(): 141 bright non-wm voxels segmented.
Masking bright non-wm for white surface
MRImask(): AllowDiffGeom = 1
MRImask(): AllowDiffGeom = 1
Reading in seg volume aseg.presurf.mgz
Ripping frozen voxels
INFO: rip surface needed but not specified, so using input surface
Freezing midline and others
Entering: MRISripMidline(): inhibiting deformation at non-cortical midline structures...
  which=1, fix_mtl=0, using annot = 0
#FML0# MRISripMidline(): nripped=0
removing 4 vertices from ripped group in thread:0
#FML# MRISripMidline(): nmarked=6363, nmarked2=0, nripped=6363
Ripping segs (eg, WMSA, BG, frozen)
Starting MRISripSegs() d = (-2 2 0.5) segnos: 247 
MRISripSegs(): -2 2 0.5 ripped 0
vertex 63806: xyz = (18.2986,-16.4271,82.9897) oxyz = (18.2986,-16.4271,82.9897) wxzy = (18.2986,-16.4271,82.9897) pxyz = (0,0,0) 
CBVO Creating mask 127611
n_averages 4
Iteration 0 =========================================
n_averages=4, current_sigma=2
Freezing midline and others
Ripping frozen voxels
INFO: rip surface needed but not specified, so using input surface
Freezing midline and others
Entering: MRISripMidline(): inhibiting deformation at non-cortical midline structures...
  which=1, fix_mtl=0, using annot = 0
#FML0# MRISripMidline(): nripped=6363
removing 4 vertices from ripped group in thread:0
#FML# MRISripMidline(): nmarked=6363, nmarked2=0, nripped=6363
Ripping segs (eg, WMSA, BG, frozen)
Starting MRISripSegs() d = (-2 2 0.5) segnos: 247 247 
MRISripSegs(): -2 2 0.5 ripped 0
Computing target border values 
Entering MRIScomputeBorderValues_new(): 
  inside_hi   = 120.0000000;
  border_hi   = 112.8560260;
  border_low  =  73.0000000;
  outside_low =  62.0784910;
  outside_hi  = 112.8560260;
  sigma = 2;
  max_thickness = 10;
  step_size=0.5;
  STEP_SIZE=0.1;
  which = 1
  thresh = 0
  flags = 0
  CBVfindFirstPeakD1=0
  CBVfindFirstPeakD2=0
  nvertices=127611
  Gdiag_no=-1
  vno start=0, stop=127611
Replacing 255s with 0s
#SI# sigma=2 had to be increased for 10 vertices, nripped=6363
mean border=84.4, 24 (24) missing vertices, mean dist 0.2 [0.7 (%41.6)->0.8 (%58.4))]
%58 local maxima, %37 large gradients and % 0 min vals, 0 gradients ignored
nFirstPeakD1 0
MRIScomputeBorderValues_new() finished in 0.0145 min


Finding expansion regions
mean absolute distance = 0.77 +- 1.01
3094 vertices more than 2 sigmas from mean.
Averaging target values for 5 iterations...
Positioning Surface: tspring = 0.3, nspring = 0.3, spring = 0, niters = 100 l_repulse = 5, l_surf_repulse = 0, checktol = 0
Positioning pial surface
Entering MRISpositionSurface()
  max_mm = 0.3
  MAX_REDUCTIONS = 2, REDUCTION_PCT = 0.5
  parms->check_tol = 0, niterations = 100
tol=1.0e-04, sigma=2.0, host=dna00, nav=4, nbrs=2, l_repulse=5.000, l_tspring=0.300, l_nspring=0.300, l_intensity=0.200, l_curv=1.000
mom=0.00, dt=0.50
complete_dist_mat 0
rms 0
smooth_averages 0
remove_neg 0
ico_order 0
which_surface 0
target_radius 0.000000
nfields 0
scale 0.000000
desired_rms_height 0.000000
momentum 0.000000
nbhd_size 0
max_nbrs 0
niterations 100
nsurfaces 0
SURFACES 3
flags 0 (0)
use curv 0
no sulc 0
no rigid align 0
mris->nsize 2
mris->hemisphere 1
randomSeed 0

000: dt: 0.0000, sse=2732944.2, rms=10.344
001: dt: 0.5000, sse=1411190.9, rms=7.252 (29.896%)
002: dt: 0.5000, sse=821001.4, rms=5.318 (26.665%)
003: dt: 0.5000, sse=555633.8, rms=4.161 (21.756%)
004: dt: 0.5000, sse=431165.2, rms=3.487 (16.203%)
005: dt: 0.5000, sse=379849.8, rms=3.161 (9.344%)
006: dt: 0.5000, sse=354450.2, rms=2.984 (5.610%)
007: dt: 0.5000, sse=347676.4, rms=2.931 (1.760%)
008: dt: 0.5000, sse=341309.1, rms=2.876 (1.890%)
rms = 2.8846/2.8758, sse=342696.2/341309.1, time step reduction 1 of 3 to 0.250  0 1 1
   RMS increased, rejecting step
009: dt: 0.2500, sse=229728.3, rms=1.900 (33.934%)
010: dt: 0.2500, sse=186820.3, rms=1.346 (29.136%)
011: dt: 0.2500, sse=178181.7, rms=1.200 (10.885%)
rms = 1.1503/1.1998, sse=175683.0/178181.7, time step reduction 2 of 3 to 0.125  0 0 1
012: dt: 0.2500, sse=175683.0, rms=1.150 (4.122%)
013: dt: 0.1250, sse=172381.1, rms=1.090 (5.275%)
rms = 1.0783/1.0896, sse=171788.0/172381.1, time step reduction 3 of 3 to 0.062  0 0 1
014: dt: 0.1250, sse=171788.0, rms=1.078 (1.043%)
  maximum number of reductions reached, breaking from loop
positioning took 1.0 minutes
Iteration 1 =========================================
n_averages=2, current_sigma=1
Freezing midline and others
Ripping frozen voxels
INFO: rip surface needed but not specified, so using input surface
Freezing midline and others
Entering: MRISripMidline(): inhibiting deformation at non-cortical midline structures...
  which=1, fix_mtl=0, using annot = 0
#FML0# MRISripMidline(): nripped=6363
removing 3 vertices from ripped group in thread:0
removing 4 vertices from ripped group in thread:0
removing 2 vertices from ripped group in thread:0
removing 3 vertices from ripped group in thread:0
removing 2 vertices from ripped group in thread:0
#FML# MRISripMidline(): nmarked=6426, nmarked2=0, nripped=6426
Ripping segs (eg, WMSA, BG, frozen)
Starting MRISripSegs() d = (-2 2 0.5) segnos: 247 247 247 
MRISripSegs(): -2 2 0.5 ripped 0
Computing target border values 
Entering MRIScomputeBorderValues_new(): 
  inside_hi   = 120.0000000;
  border_hi   = 112.8560260;
  border_low  =  73.0000000;
  outside_low =  62.0784910;
  outside_hi  = 112.8560260;
  sigma = 1;
  max_thickness = 10;
  step_size=0.5;
  STEP_SIZE=0.1;
  which = 1
  thresh = 0
  flags = 0
  CBVfindFirstPeakD1=0
  CBVfindFirstPeakD2=0
  nvertices=127611
  Gdiag_no=-1
  vno start=0, stop=127611
Replacing 255s with 0s
#SI# sigma=1 had to be increased for 42 vertices, nripped=6426
mean border=86.8, 22 (1) missing vertices, mean dist -0.2 [0.5 (%68.3)->0.2 (%31.7))]
%66 local maxima, %29 large gradients and % 0 min vals, 0 gradients ignored
nFirstPeakD1 0
MRIScomputeBorderValues_new() finished in 0.0103 min


Finding expansion regions
mean absolute distance = 0.39 +- 0.79
3010 vertices more than 2 sigmas from mean.
Averaging target values for 5 iterations...
Positioning Surface: tspring = 0.3, nspring = 0.3, spring = 0, niters = 100 l_repulse = 5, l_surf_repulse = 0, checktol = 0
Positioning pial surface
Entering MRISpositionSurface()
  max_mm = 0.3
  MAX_REDUCTIONS = 2, REDUCTION_PCT = 0.5
  parms->check_tol = 0, niterations = 100
tol=1.0e-04, sigma=1.0, host=dna00, nav=2, nbrs=2, l_repulse=5.000, l_tspring=0.300, l_nspring=0.300, l_intensity=0.200, l_curv=1.000
mom=0.00, dt=0.50
000: dt: 0.0000, sse=616106.7, rms=4.219
015: dt: 0.5000, sse=375600.7, rms=2.809 (33.419%)
016: dt: 0.5000, sse=355054.6, rms=2.662 (5.243%)
rms = 2.6152/2.6616, sse=348996.9/355054.6, time step reduction 1 of 3 to 0.250  0 0 1
017: dt: 0.5000, sse=348996.9, rms=2.615 (1.746%)
018: dt: 0.2500, sse=233563.9, rms=1.372 (47.520%)
019: dt: 0.2500, sse=213390.9, rms=1.067 (22.248%)
020: dt: 0.2500, sse=212521.8, rms=1.009 (5.401%)
rms = 0.9669/1.0095, sse=208197.8/212521.7, time step reduction 2 of 3 to 0.125  0 0 1
021: dt: 0.2500, sse=208197.8, rms=0.967 (4.216%)
rms = 0.9306/0.9669, sse=207127.4/208197.8, time step reduction 3 of 3 to 0.062  0 0 1
022: dt: 0.1250, sse=207127.5, rms=0.931 (3.753%)
  maximum number of reductions reached, breaking from loop
positioning took 0.5 minutes
Iteration 2 =========================================
n_averages=1, current_sigma=0.5
Freezing midline and others
Ripping frozen voxels
INFO: rip surface needed but not specified, so using input surface
Freezing midline and others
Entering: MRISripMidline(): inhibiting deformation at non-cortical midline structures...
  which=1, fix_mtl=0, using annot = 0
#FML0# MRISripMidline(): nripped=6426
removing 4 vertices from ripped group in thread:0
removing 3 vertices from ripped group in thread:0
removing 2 vertices from ripped group in thread:0
removing 2 vertices from ripped group in thread:0
#FML# MRISripMidline(): nmarked=6495, nmarked2=0, nripped=6495
Ripping segs (eg, WMSA, BG, frozen)
Starting MRISripSegs() d = (-2 2 0.5) segnos: 247 247 247 247 
MRISripSegs(): -2 2 0.5 ripped 0
Computing target border values 
Entering MRIScomputeBorderValues_new(): 
  inside_hi   = 120.0000000;
  border_hi   = 112.8560260;
  border_low  =  73.0000000;
  outside_low =  62.0784910;
  outside_hi  = 112.8560260;
  sigma = 0.5;
  max_thickness = 10;
  step_size=0.5;
  STEP_SIZE=0.1;
  which = 1
  thresh = 0
  flags = 0
  CBVfindFirstPeakD1=0
  CBVfindFirstPeakD2=0
  nvertices=127611
  Gdiag_no=-1
  vno start=0, stop=127611
Replacing 255s with 0s
#SI# sigma=0.5 had to be increased for 80 vertices, nripped=6495
mean border=89.1, 22 (0) missing vertices, mean dist -0.2 [0.3 (%70.0)->0.2 (%30.0))]
%79 local maxima, %16 large gradients and % 0 min vals, 0 gradients ignored
nFirstPeakD1 0
MRIScomputeBorderValues_new() finished in 0.0058 min


Finding expansion regions
mean absolute distance = 0.30 +- 0.51
3088 vertices more than 2 sigmas from mean.
Averaging target values for 5 iterations...
Positioning Surface: tspring = 0.3, nspring = 0.3, spring = 0, niters = 100 l_repulse = 5, l_surf_repulse = 0, checktol = 0
Positioning pial surface
Entering MRISpositionSurface()
  max_mm = 0.3
  MAX_REDUCTIONS = 2, REDUCTION_PCT = 0.5
  parms->check_tol = 0, niterations = 100
tol=1.0e-04, sigma=0.5, host=dna00, nav=1, nbrs=2, l_repulse=5.000, l_tspring=0.300, l_nspring=0.300, l_intensity=0.200, l_curv=1.000
mom=0.00, dt=0.50
000: dt: 0.0000, sse=460041.8, rms=3.382
023: dt: 0.5000, sse=313948.3, rms=2.326 (31.236%)
rms = 2.4353/2.3259, sse=326706.4/313948.3, time step reduction 1 of 3 to 0.250  0 1 1
   RMS increased, rejecting step
024: dt: 0.2500, sse=245599.2, rms=1.610 (30.787%)
025: dt: 0.2500, sse=213234.9, rms=1.108 (31.189%)
026: dt: 0.2500, sse=205163.8, rms=0.954 (13.915%)
rms = 0.9193/0.9536, sse=202741.2/205163.8, time step reduction 2 of 3 to 0.125  0 0 1
027: dt: 0.2500, sse=202741.2, rms=0.919 (3.595%)
rms = 0.8780/0.9193, sse=201005.2/202741.2, time step reduction 3 of 3 to 0.062  0 0 1
028: dt: 0.1250, sse=201005.2, rms=0.878 (4.494%)
  maximum number of reductions reached, breaking from loop
positioning took 0.4 minutes
Iteration 3 =========================================
n_averages=0, current_sigma=0.25
Freezing midline and others
Ripping frozen voxels
INFO: rip surface needed but not specified, so using input surface
Freezing midline and others
Entering: MRISripMidline(): inhibiting deformation at non-cortical midline structures...
  which=1, fix_mtl=0, using annot = 0
#FML0# MRISripMidline(): nripped=6495
removing 4 vertices from ripped group in thread:0
removing 1 vertices from ripped group in thread:0
removing 2 vertices from ripped group in thread:0
#FML# MRISripMidline(): nmarked=6545, nmarked2=0, nripped=6545
Ripping segs (eg, WMSA, BG, frozen)
Starting MRISripSegs() d = (-2 2 0.5) segnos: 247 247 247 247 247 
MRISripSegs(): -2 2 0.5 ripped 0
Computing target border values 
Entering MRIScomputeBorderValues_new(): 
  inside_hi   = 120.0000000;
  border_hi   = 112.8560260;
  border_low  =  73.0000000;
  outside_low =  62.0784910;
  outside_hi  = 112.8560260;
  sigma = 0.25;
  max_thickness = 10;
  step_size=0.5;
  STEP_SIZE=0.1;
  which = 1
  thresh = 0
  flags = 0
  CBVfindFirstPeakD1=0
  CBVfindFirstPeakD2=0
  nvertices=127611
  Gdiag_no=-1
  vno start=0, stop=127611
Replacing 255s with 0s
#SI# sigma=0.25 had to be increased for 85 vertices, nripped=6545
mean border=89.8, 32 (0) missing vertices, mean dist -0.1 [0.3 (%57.8)->0.2 (%42.2))]
%84 local maxima, %11 large gradients and % 0 min vals, 0 gradients ignored
nFirstPeakD1 0
MRIScomputeBorderValues_new() finished in 0.0035 min


Finding expansion regions
mean absolute distance = 0.23 +- 0.38
2895 vertices more than 2 sigmas from mean.
Averaging target values for 5 iterations...
Positioning Surface: tspring = 0.3, nspring = 0.3, spring = 0, niters = 100 l_repulse = 5, l_surf_repulse = 0, checktol = 0
Positioning pial surface
Entering MRISpositionSurface()
  max_mm = 0.3
  MAX_REDUCTIONS = 2, REDUCTION_PCT = 0.5
  parms->check_tol = 0, niterations = 100
tol=1.0e-04, sigma=0.2, host=dna00, nav=0, nbrs=2, l_repulse=5.000, l_tspring=0.300, l_nspring=0.300, l_intensity=0.200, l_curv=1.000
mom=0.00, dt=0.50
000: dt: 0.0000, sse=234019.9, rms=1.503
029: dt: 0.5000, sse=228786.9, rms=1.396 (7.162%)
rms = 1.8935/1.3956, sse=265605.4/228786.9, time step reduction 1 of 3 to 0.250  0 1 1
   RMS increased, rejecting step
030: dt: 0.2500, sse=199215.2, rms=0.883 (36.752%)
031: dt: 0.2500, sse=193584.0, rms=0.741 (16.031%)
032: dt: 0.2500, sse=190975.5, rms=0.689 (6.985%)
rms = 0.7106/0.6894, sse=191309.5/190975.5, time step reduction 2 of 3 to 0.125  0 1 1
   RMS increased, rejecting step
rms = 0.6761/0.6894, sse=190461.7/190975.5, time step reduction 3 of 3 to 0.062  0 0 1
033: dt: 0.1250, sse=190461.7, rms=0.676 (1.933%)
  maximum number of reductions reached, breaking from loop
positioning took 0.4 minutes


Writing output to ../surf/rh.white.preaparc
#ET# mris_place_surface  2.49 minutes
#VMPC# mris_place_surfaces VmPeak  3038532
mris_place_surface done
#--------------------------------------------
#@# CortexLabel rh Tue Mar 10 07:31:26 CET 2026
cd /out/sourcedata/freesurfer/sub-v1s6x0051362_ses-1/mri
mri_label2label --label-cortex ../surf/rh.white.preaparc aseg.presurf.mgz 0 ../label/rh.cortex.label

 Generating cortex label... RemoveHipAmgy=0
 NucAccIsMedialWall=0
 mris->useRealRAS=0
6 non-cortical segments detected
only using segment with 8224 vertices
erasing segment 1 (vno[0] = 49140)
erasing segment 2 (vno[0] = 66686)
erasing segment 3 (vno[0] = 83786)
erasing segment 4 (vno[0] = 84491)
erasing segment 5 (vno[0] = 121494)
#--------------------------------------------
#@# CortexLabel+HipAmyg rh Tue Mar 10 07:31:40 CET 2026
cd /out/sourcedata/freesurfer/sub-v1s6x0051362_ses-1/mri
mri_label2label --label-cortex ../surf/rh.white.preaparc aseg.presurf.mgz 1 ../label/rh.cortex+hipamyg.label

 Generating cortex label... RemoveHipAmgy=1
 NucAccIsMedialWall=0
 mris->useRealRAS=0
11 non-cortical segments detected
only using segment with 6165 vertices
erasing segment 1 (vno[0] = 46466)
erasing segment 2 (vno[0] = 49140)
erasing segment 3 (vno[0] = 50179)
erasing segment 4 (vno[0] = 60986)
erasing segment 5 (vno[0] = 62695)
erasing segment 6 (vno[0] = 66686)
erasing segment 7 (vno[0] = 79879)
erasing segment 8 (vno[0] = 83786)
erasing segment 9 (vno[0] = 84491)
erasing segment 10 (vno[0] = 121494)
#--------------------------------------------
#@# Smooth2 rh Tue Mar 10 07:31:54 CET 2026
/out/sourcedata/freesurfer/sub-v1s6x0051362_ses-1/scripts

 mris_smooth -n 3 -nw -seed 1234 ../surf/rh.white.preaparc ../surf/rh.smoothwm 

smoothing for 3 iterations
setting seed for random number generator to 1234
smoothing surface tessellation for 3 iterations...
smoothing complete - recomputing first and second fundamental forms...
#--------------------------------------------
#@# Inflation2 rh Tue Mar 10 07:31:56 CET 2026
/out/sourcedata/freesurfer/sub-v1s6x0051362_ses-1/scripts

 mris_inflate ../surf/rh.smoothwm ../surf/rh.inflated 

Reading ../surf/rh.smoothwm
avg radius = 46.1 mm, total surface area = 77353 mm^2
step 000: RMS=0.165 (target=0.015)   step 005: RMS=0.110 (target=0.015)   step 010: RMS=0.081 (target=0.015)   step 015: RMS=0.066 (target=0.015)   step 020: RMS=0.055 (target=0.015)   step 025: RMS=0.046 (target=0.015)   step 030: RMS=0.038 (target=0.015)   step 035: RMS=0.031 (target=0.015)   step 040: RMS=0.027 (target=0.015)   step 045: RMS=0.024 (target=0.015)   step 050: RMS=0.021 (target=0.015)   step 055: RMS=0.019 (target=0.015)   step 060: RMS=0.018 (target=0.015)   writing inflated surface to ../surf/rh.inflated
writing sulcal depths to ../surf/rh.sulc

inflation complete.
inflation took 0.1 minutes
mris_inflate utimesec    46.284833
mris_inflate stimesec    0.604173
mris_inflate ru_maxrss   195768
mris_inflate ru_ixrss    0
mris_inflate ru_idrss    0
mris_inflate ru_isrss    0
mris_inflate ru_minflt   183605
mris_inflate ru_majflt   4
mris_inflate ru_nswap    0
mris_inflate ru_inblock  0
mris_inflate ru_oublock  9984
mris_inflate ru_msgsnd   0
mris_inflate ru_msgrcv   0
mris_inflate ru_nsignals 0
mris_inflate ru_nvcsw    5455
mris_inflate ru_nivcsw   122
#--------------------------------------------
#@# Curv .H and .K rh Tue Mar 10 07:32:05 CET 2026
/out/sourcedata/freesurfer/sub-v1s6x0051362_ses-1/surf

 mris_curvature -w -seed 1234 rh.white.preaparc 

setting seed for random number generator to 1234
total integrated curvature = 17.015*4pi (213.816) --> -16 handles
ICI = 129.2, FI = 1274.4, variation=20078.896
writing Gaussian curvature to ./rh.white.preaparc.K...done.
writing mean curvature to ./rh.white.preaparc.H...done.
rm -f rh.white.H
ln -s rh.white.preaparc.H rh.white.H
rm -f rh.white.K
ln -s rh.white.preaparc.K rh.white.K

 mris_curvature -seed 1234 -thresh .999 -n -a 5 -w -distances 10 10 rh.inflated 

setting seed for random number generator to 1234
normalizing curvature values.
averaging curvature patterns 5 times.
sampling 10 neighbors out to a distance of 10 mm
212 vertices thresholded to be in k1 ~ [-0.15 0.64], k2 ~ [-0.10 0.05]
total integrated curvature = 0.722*4pi (9.071) --> 0 handles
ICI = 1.5, FI = 8.3, variation=146.536
98 vertices thresholded to be in [-0.01 0.01]
writing Gaussian curvature to ./rh.inflated.K...thresholding curvature at 99.90% level
curvature mean = 0.000, std = 0.001
143 vertices thresholded to be in [-0.11 0.31]
done.
writing mean curvature to ./rh.inflated.H...curvature mean = -0.015, std = 0.024
done.
#--------------------------------------------
#@# Sphere rh Tue Mar 10 07:32:47 CET 2026
/out/sourcedata/freesurfer/sub-v1s6x0051362_ses-1/scripts

 mris_sphere -seed 1234 ../surf/rh.inflated ../surf/rh.sphere 

setting seed for random number genererator to 1234
version: 7.3.2
available threads: 16
reading original vertex positions...
projecting onto sphere...
surface projected - minimizing metric distortion...
scaling brain by 0.309...
MRISunfold() max_passes = 1 -------
tol=5.0e-01, sigma=0.0, host=dna00, nav=1024, nbrs=2, l_area=1.000, l_dist=1.000
using quadratic fit line minimization
complete_dist_mat 0
rms 0
smooth_averages 0
remove_neg 0
ico_order 0
which_surface 0
target_radius 0.000000
nfields 0
scale 1.000000
desired_rms_height -1.000000
momentum 0.900000
nbhd_size 7
max_nbrs 8
niterations 25
nsurfaces 0
SURFACES 3
flags 0 (0)
use curv 0
no sulc 0
no rigid align 0
mris->nsize 2
mris->hemisphere 1
randomSeed 1234

--------------------
  mrisRemoveNegativeArea()
pass 1: epoch 1 of 3 starting distance error %40.43
pass 1: epoch 2 of 3 starting distance error %19.23
unfolding complete - removing small folds...
starting distance error %19.14
removing remaining folds...
final distance error %19.14
MRISunfold() return, current seed 1234
-01: dt=0.0000,  69 negative triangles  VmPeak 2212040
050: dt=0.9900,  69 negative triangles
051: dt=0.9900,  37 negative triangles
052: dt=0.9900,  25 negative triangles
053: dt=0.9900,  21 negative triangles
054: dt=0.9900,  21 negative triangles
055: dt=0.9900,  17 negative triangles
056: dt=0.9900,  17 negative triangles
057: dt=0.9900,  12 negative triangles
058: dt=0.9900,  16 negative triangles
059: dt=0.9900,  13 negative triangles
060: dt=0.9900,   9 negative triangles
061: dt=0.9900,   4 negative triangles
062: dt=0.9900,   3 negative triangles
063: dt=0.9900,   2 negative triangles
064: dt=0.9900,   3 negative triangles
065: dt=0.9900,   4 negative triangles
writing spherical brain to ../surf/rh.sphere
spherical transformation took 0.0163 hours
FSRUNTIME@ mris_sphere  0.0163 hours 16 threads
#VMPC# mris_sphere VmPeak  2212040
mris_sphere done
#--------------------------------------------
#@# Surf Reg rh Tue Mar 10 07:33:46 CET 2026
/out/sourcedata/freesurfer/sub-v1s6x0051362_ses-1/scripts

 mris_register -curv ../surf/rh.sphere /opt/freesurfer/average/rh.folding.atlas.acfb40.noaparc.i12.2016-08-02.tif ../surf/rh.sphere.reg 

using smoothwm curvature for final alignment

cwd /out/sourcedata/freesurfer/sub-v1s6x0051362_ses-1/scripts
cmdline mris_register -curv ../surf/rh.sphere /opt/freesurfer/average/rh.folding.atlas.acfb40.noaparc.i12.2016-08-02.tif ../surf/rh.sphere.reg 

0 inflated.H
1 sulc
2 smoothwm (computed)
7.3.2
  7.3.2
reading surface from ../surf/rh.sphere...
reading template parameterization from /opt/freesurfer/average/rh.folding.atlas.acfb40.noaparc.i12.2016-08-02.tif...
MRISregister() -------
max_passes = 4 
min_degrees = 0.500000 
max_degrees = 64.000000 
nangles = 8 
tol=5.0e-01, sigma=0.0, host=dna00, nav=1024, nbrs=1, l_extern=10000.000, l_parea=0.200, l_nlarea=1.000, l_corr=1.000, l_dist=5.000
using quadratic fit line minimization
complete_dist_mat 0
rms 0
smooth_averages 0
remove_neg 0
ico_order 0
which_surface 0
target_radius 0.000000
nfields 0
scale 0.000000
desired_rms_height -1.000000
momentum 0.950000
nbhd_size -10
max_nbrs 10
niterations 25
nsurfaces 0
SURFACES 3
flags 16 (10)
use curv 16
no sulc 0
no rigid align 0
mris->nsize 1
mris->hemisphere 1
randomSeed 0

tol=5.0e-01, sigma=0.0, host=dna00, nav=1024, nbrs=1, l_extern=10000.000, l_parea=0.200, l_nlarea=1.000, l_corr=1.000, l_dist=5.000
using quadratic fit line minimization
--------------------
1 Reading rh.sulc
tol=1.0e+00, sigma=0.5, host=dna00, nav=1024, nbrs=1, l_extern=10000.000, l_parea=0.200, l_nlarea=1.000, l_corr=0.050, l_spring=0.500, l_dist=5.000
using quadratic fit line minimization
curvature mean = 0.000, std = 5.520
curvature mean = 0.024, std = 0.818
curvature mean = 0.013, std = 0.873
Starting MRISrigidBodyAlignGlobal()
Starting new MRISrigidBodyAlignGlobal_findMinSSE()
  new MRISrigidBodyAlignGlobal_findMinSSE min @ (7.00, -2.50, -7.00) sse = 260985.1, elapsed since starting=0.0750 min
MRISrigidBodyAlignGlobal() done   0.07 min
curvature mean = 0.016, std = 0.834
curvature mean = 0.005, std = 0.954
curvature mean = 0.015, std = 0.844
curvature mean = 0.002, std = 0.983
curvature mean = 0.014, std = 0.846
curvature mean = 0.000, std = 0.994
2 Reading smoothwm
curvature mean = -0.017, std = 0.251
curvature mean = 0.039, std = 0.245
curvature mean = 0.047, std = 0.401
curvature mean = 0.036, std = 0.301
curvature mean = 0.020, std = 0.611
curvature mean = 0.035, std = 0.328
curvature mean = 0.009, std = 0.752
curvature mean = 0.035, std = 0.339
curvature mean = 0.002, std = 0.848
MRISregister() return, current seed 0
writing registered surface to ../surf/rh.sphere.reg...
-01: dt=0.0000,   0 negative triangles  VmPeak 2318620
registration took 0.04 hours
#VMPC# mris_register VmPeak  2318620
FSRUNTIME@ mris_register  0.0439 hours 16 threads

 ln -sf rh.sphere.reg rh.fsaverage.sphere.reg 

#--------------------------------------------
#@# Jacobian white rh Tue Mar 10 07:36:24 CET 2026
/out/sourcedata/freesurfer/sub-v1s6x0051362_ses-1/scripts

 mris_jacobian ../surf/rh.white.preaparc ../surf/rh.sphere.reg ../surf/rh.jacobian_white 

reading surface from ../surf/rh.white.preaparc...
writing curvature file ../surf/rh.jacobian_white
#--------------------------------------------
#@# AvgCurv rh Tue Mar 10 07:36:24 CET 2026
/out/sourcedata/freesurfer/sub-v1s6x0051362_ses-1/scripts

 mrisp_paint -a 5 /opt/freesurfer/average/rh.folding.atlas.acfb40.noaparc.i12.2016-08-02.tif#6 ../surf/rh.sphere.reg ../surf/rh.avg_curv 

averaging curvature patterns 5 times...
reading surface from ../surf/rh.sphere.reg...
reading template parameterization from /opt/freesurfer/average/rh.folding.atlas.acfb40.noaparc.i12.2016-08-02.tif...
writing curvature file to ../surf/rh.avg_curv...
#-----------------------------------------
#@# Cortical Parc rh Tue Mar 10 07:36:25 CET 2026
/out/sourcedata/freesurfer/sub-v1s6x0051362_ses-1/scripts

 mris_ca_label -l ../label/rh.cortex.label -aseg ../mri/aseg.presurf.mgz -seed 1234 sub-v1s6x0051362_ses-1 rh ../surf/rh.sphere.reg /opt/freesurfer/average/rh.DKaparc.atlas.acfb40.noaparc.i12.2016-08-02.gcs ../label/rh.aparc.annot 

setting seed for random number generator to 1234
using ../mri/aseg.presurf.mgz aseg volume to correct midline
7.3.2
  7.3.2
reading atlas from /opt/freesurfer/average/rh.DKaparc.atlas.acfb40.noaparc.i12.2016-08-02.gcs...
reading color table from GCSA file....
average std = 0.7   using min determinant for regularization = 0.004
0 singular and 309 ill-conditioned covariance matrices regularized
input 0: MEAN CURVATURE, flags 0, avgs 5, name mean_curvature
labeling surface...
926 labels changed using aseg
relabeling using gibbs priors...
000:   2610 changed, 127611 examined...
001:    525 changed, 11152 examined...
002:    109 changed, 3035 examined...
003:     32 changed, 697 examined...
004:     12 changed, 184 examined...
005:      5 changed, 72 examined...
006:      4 changed, 35 examined...
007:      2 changed, 24 examined...
008:      0 changed, 15 examined...
169 labels changed using aseg
000: 78 total segments, 41 labels (184 vertices) changed
001: 37 total segments, 0 labels (0 vertices) changed
10 filter iterations complete (10 requested, 2 changed)
rationalizing unknown annotations with cortex label
relabeling unknown label...
relabeling corpuscallosum label...
1280 vertices marked for relabeling...
1280 labels changed in reclassification.
writing output to ../label/rh.aparc.annot...
classification took 0 minutes and 8 seconds.
#--------------------------------------------
#@# WhiteSurfs rh Tue Mar 10 07:36:33 CET 2026
cd /out/sourcedata/freesurfer/sub-v1s6x0051362_ses-1/mri
mris_place_surface --adgws-in ../surf/autodet.gw.stats.rh.dat --seg aseg.presurf.mgz --threads 16 --wm wm.mgz --invol brain.finalsurfs.mgz --rh --i ../surf/rh.white.preaparc --o ../surf/rh.white --white --nsmooth 0 --rip-label ../label/rh.cortex.label --rip-bg --rip-surf ../surf/rh.white.preaparc --aparc ../label/rh.aparc.annot
7.3.2
7.3.2

cd /out/sourcedata/freesurfer/sub-v1s6x0051362_ses-1/mri
setenv SUBJECTS_DIR /out/sourcedata/freesurfer
mris_place_surface --adgws-in ../surf/autodet.gw.stats.rh.dat --seg aseg.presurf.mgz --threads 16 --wm wm.mgz --invol brain.finalsurfs.mgz --rh --i ../surf/rh.white.preaparc --o ../surf/rh.white --white --nsmooth 0 --rip-label ../label/rh.cortex.label --rip-bg --rip-surf ../surf/rh.white.preaparc --aparc ../label/rh.aparc.annot 

Reading in input surface ../surf/rh.white.preaparc
Not smoothing input surface
Area    255218  0.33143  0.10665 0.001055   1.9226
Corner  765654 60.00000 12.80745 0.796275 178.3427
Edge    382827  0.88353  0.17759 0.022248   3.2555
Hinge   382827  9.87340 10.16029 0.000064 178.9308
Reading in aparc ../label/rh.aparc.annot
Reading in input volume brain.finalsurfs.mgz
Reading in wm volume wm.mgz
MRIclipBrightWM(): nthresh=27169, wmmin=5, clip=110 
MRIfindBrightNonWM(): 141 bright non-wm voxels segmented.
Masking bright non-wm for white surface
MRImask(): AllowDiffGeom = 1
MRImask(): AllowDiffGeom = 1
Reading in seg volume aseg.presurf.mgz
Ripping frozen voxels
Ripping vertices not in label ../label/rh.cortex.label
MRISripNotLabel() ripped 8418/127611 vertices (119193 unripped)
Reading in ripping surface ../surf/rh.white.preaparc
Reading in aparc ../label/rh.aparc.annot for ripsurf
Ripping BG
MRISripBasalGanglia(): 1 -2 2 0.5 ripped 259
Ripping segs (eg, WMSA, BG, frozen)
Starting MRISripSegs() d = (-2 2 0.5) segnos: 247 
MRISripSegs(): -2 2 0.5 ripped 0
vertex 63806: xyz = (18.4162,-16.4246,83.0291) oxyz = (18.4162,-16.4246,83.0291) wxzy = (18.4162,-16.4246,83.0291) pxyz = (0,0,0) 
CBVO Creating mask 127611
n_averages 4
Iteration 0 =========================================
n_averages=4, current_sigma=2
Computing target border values 
Entering MRIScomputeBorderValues_new(): 
  inside_hi   = 120.0000000;
  border_hi   = 112.8560260;
  border_low  =  73.0000000;
  outside_low =  62.0784910;
  outside_hi  = 112.8560260;
  sigma = 2;
  max_thickness = 10;
  step_size=0.5;
  STEP_SIZE=0.1;
  which = 1
  thresh = 0
  flags = 0
  CBVfindFirstPeakD1=0
  CBVfindFirstPeakD2=0
  nvertices=127611
  Gdiag_no=-1
  vno start=0, stop=127611
Replacing 255s with 0s
#SI# sigma=2 had to be increased for 66 vertices, nripped=8677
mean border=84.4, 68 (68) missing vertices, mean dist 0.3 [1.2 (%16.2)->0.5 (%83.8))]
%55 local maxima, %38 large gradients and % 0 min vals, 0 gradients ignored
nFirstPeakD1 0
MRIScomputeBorderValues_new() finished in 0.0136 min


Finding expansion regions
mean absolute distance = 0.65 +- 1.00
2542 vertices more than 2 sigmas from mean.
Averaging target values for 5 iterations...
Positioning Surface: tspring = 0.3, nspring = 0.3, spring = 0, niters = 100 l_repulse = 5, l_surf_repulse = 0, checktol = 0
Positioning pial surface
Entering MRISpositionSurface()
  max_mm = 0.3
  MAX_REDUCTIONS = 2, REDUCTION_PCT = 0.5
  parms->check_tol = 0, niterations = 100
tol=1.0e-04, sigma=2.0, host=dna00, nav=4, nbrs=2, l_repulse=5.000, l_tspring=0.300, l_nspring=0.300, l_intensity=0.200, l_curv=1.000
mom=0.00, dt=0.50
complete_dist_mat 0
rms 0
smooth_averages 0
remove_neg 0
ico_order 0
which_surface 0
target_radius 0.000000
nfields 0
scale 0.000000
desired_rms_height 0.000000
momentum 0.000000
nbhd_size 0
max_nbrs 0
niterations 100
nsurfaces 0
SURFACES 3
flags 0 (0)
use curv 0
no sulc 0
no rigid align 0
mris->nsize 2
mris->hemisphere 1
randomSeed 0

000: dt: 0.0000, sse=1443100.9, rms=7.305
001: dt: 0.5000, sse=621613.8, rms=4.347 (40.497%)
002: dt: 0.5000, sse=395021.9, rms=3.059 (29.625%)
003: dt: 0.5000, sse=354850.0, rms=2.770 (9.461%)
004: dt: 0.5000, sse=330769.2, rms=2.573 (7.117%)
rms = 2.6857/2.5725, sse=344954.6/330769.1, time step reduction 1 of 3 to 0.250  0 1 1
   RMS increased, rejecting step
005: dt: 0.2500, sse=247639.5, rms=1.753 (31.842%)
006: dt: 0.2500, sse=217284.1, rms=1.334 (23.938%)
007: dt: 0.2500, sse=209916.0, rms=1.206 (9.578%)
rms = 1.1636/1.2059, sse=207799.9/209916.0, time step reduction 2 of 3 to 0.125  0 0 1
008: dt: 0.2500, sse=207799.9, rms=1.164 (3.505%)
rms = 1.1205/1.1636, sse=205738.5/207799.9, time step reduction 3 of 3 to 0.062  0 0 1
009: dt: 0.1250, sse=205738.5, rms=1.121 (3.703%)
  maximum number of reductions reached, breaking from loop
positioning took 0.7 minutes
Iteration 1 =========================================
n_averages=2, current_sigma=1
Computing target border values 
Entering MRIScomputeBorderValues_new(): 
  inside_hi   = 120.0000000;
  border_hi   = 112.8560260;
  border_low  =  73.0000000;
  outside_low =  62.0784910;
  outside_hi  = 112.8560260;
  sigma = 1;
  max_thickness = 10;
  step_size=0.5;
  STEP_SIZE=0.1;
  which = 1
  thresh = 0
  flags = 0
  CBVfindFirstPeakD1=0
  CBVfindFirstPeakD2=0
  nvertices=127611
  Gdiag_no=-1
  vno start=0, stop=127611
Replacing 255s with 0s
#SI# sigma=1 had to be increased for 70 vertices, nripped=8677
mean border=86.6, 49 (9) missing vertices, mean dist -0.2 [0.5 (%64.5)->0.2 (%35.5))]
%64 local maxima, %29 large gradients and % 0 min vals, 0 gradients ignored
nFirstPeakD1 0
MRIScomputeBorderValues_new() finished in 0.0101 min


Finding expansion regions
mean absolute distance = 0.39 +- 0.79
2782 vertices more than 2 sigmas from mean.
Averaging target values for 5 iterations...
Positioning Surface: tspring = 0.3, nspring = 0.3, spring = 0, niters = 100 l_repulse = 5, l_surf_repulse = 0, checktol = 0
Positioning pial surface
Entering MRISpositionSurface()
  max_mm = 0.3
  MAX_REDUCTIONS = 2, REDUCTION_PCT = 0.5
  parms->check_tol = 0, niterations = 100
tol=1.0e-04, sigma=1.0, host=dna00, nav=2, nbrs=2, l_repulse=5.000, l_tspring=0.300, l_nspring=0.300, l_intensity=0.200, l_curv=1.000
mom=0.00, dt=0.50
000: dt: 0.0000, sse=553255.0, rms=3.931
010: dt: 0.5000, sse=348226.8, rms=2.616 (33.448%)
011: dt: 0.5000, sse=330584.8, rms=2.476 (5.345%)
rms = 2.5084/2.4765, sse=337781.1/330584.8, time step reduction 1 of 3 to 0.250  0 1 1
   RMS increased, rejecting step
012: dt: 0.2500, sse=253084.3, rms=1.687 (31.862%)
013: dt: 0.2500, sse=218024.3, rms=1.167 (30.839%)
014: dt: 0.2500, sse=210744.3, rms=1.022 (12.459%)
rms = 0.9816/1.0216, sse=209229.9/210744.3, time step reduction 2 of 3 to 0.125  0 0 1
015: dt: 0.2500, sse=209229.9, rms=0.982 (3.916%)
rms = 0.9419/0.9816, sse=207540.8/209229.9, time step reduction 3 of 3 to 0.062  0 0 1
016: dt: 0.1250, sse=207540.8, rms=0.942 (4.044%)
  maximum number of reductions reached, breaking from loop
positioning took 0.5 minutes
Iteration 2 =========================================
n_averages=1, current_sigma=0.5
Computing target border values 
Entering MRIScomputeBorderValues_new(): 
  inside_hi   = 120.0000000;
  border_hi   = 112.8560260;
  border_low  =  73.0000000;
  outside_low =  62.0784910;
  outside_hi  = 112.8560260;
  sigma = 0.5;
  max_thickness = 10;
  step_size=0.5;
  STEP_SIZE=0.1;
  which = 1
  thresh = 0
  flags = 0
  CBVfindFirstPeakD1=0
  CBVfindFirstPeakD2=0
  nvertices=127611
  Gdiag_no=-1
  vno start=0, stop=127611
Replacing 255s with 0s
#SI# sigma=0.5 had to be increased for 90 vertices, nripped=8677
mean border=89.0, 59 (8) missing vertices, mean dist -0.2 [0.4 (%70.5)->0.2 (%29.5))]
%78 local maxima, %15 large gradients and % 0 min vals, 0 gradients ignored
nFirstPeakD1 0
MRIScomputeBorderValues_new() finished in 0.0058 min


Finding expansion regions
mean absolute distance = 0.31 +- 0.52
2850 vertices more than 2 sigmas from mean.
Averaging target values for 5 iterations...
Positioning Surface: tspring = 0.3, nspring = 0.3, spring = 0, niters = 100 l_repulse = 5, l_surf_repulse = 0, checktol = 0
Positioning pial surface
Entering MRISpositionSurface()
  max_mm = 0.3
  MAX_REDUCTIONS = 2, REDUCTION_PCT = 0.5
  parms->check_tol = 0, niterations = 100
tol=1.0e-04, sigma=0.5, host=dna00, nav=1, nbrs=2, l_repulse=5.000, l_tspring=0.300, l_nspring=0.300, l_intensity=0.200, l_curv=1.000
mom=0.00, dt=0.50
000: dt: 0.0000, sse=463788.0, rms=3.440
017: dt: 0.5000, sse=315130.2, rms=2.342 (31.915%)
rms = 2.4037/2.3424, sse=320117.8/315130.2, time step reduction 1 of 3 to 0.250  0 1 1
   RMS increased, rejecting step
018: dt: 0.2500, sse=247707.5, rms=1.639 (30.028%)
019: dt: 0.2500, sse=213261.0, rms=1.122 (31.555%)
020: dt: 0.2500, sse=205262.5, rms=0.957 (14.735%)
rms = 0.9127/0.9565, sse=203559.0/205262.5, time step reduction 2 of 3 to 0.125  0 0 1
021: dt: 0.2500, sse=203559.0, rms=0.913 (4.583%)
rms = 0.8733/0.9127, sse=201995.7/203559.0, time step reduction 3 of 3 to 0.062  0 0 1
022: dt: 0.1250, sse=201995.7, rms=0.873 (4.314%)
  maximum number of reductions reached, breaking from loop
positioning took 0.4 minutes
Iteration 3 =========================================
n_averages=0, current_sigma=0.25
Computing target border values 
Entering MRIScomputeBorderValues_new(): 
  inside_hi   = 120.0000000;
  border_hi   = 112.8560260;
  border_low  =  73.0000000;
  outside_low =  62.0784910;
  outside_hi  = 112.8560260;
  sigma = 0.25;
  max_thickness = 10;
  step_size=0.5;
  STEP_SIZE=0.1;
  which = 1
  thresh = 0
  flags = 0
  CBVfindFirstPeakD1=0
  CBVfindFirstPeakD2=0
  nvertices=127611
  Gdiag_no=-1
  vno start=0, stop=127611
Replacing 255s with 0s
#SI# sigma=0.25 had to be increased for 88 vertices, nripped=8677
mean border=89.8, 92 (8) missing vertices, mean dist -0.1 [0.3 (%57.9)->0.2 (%42.1))]
%82 local maxima, %11 large gradients and % 0 min vals, 0 gradients ignored
nFirstPeakD1 0
MRIScomputeBorderValues_new() finished in 0.0036 min


Finding expansion regions
mean absolute distance = 0.23 +- 0.38
2815 vertices more than 2 sigmas from mean.
Averaging target values for 5 iterations...
Positioning Surface: tspring = 0.3, nspring = 0.3, spring = 0, niters = 100 l_repulse = 5, l_surf_repulse = 0, checktol = 0
Positioning pial surface
Entering MRISpositionSurface()
  max_mm = 0.3
  MAX_REDUCTIONS = 2, REDUCTION_PCT = 0.5
  parms->check_tol = 0, niterations = 100
tol=1.0e-04, sigma=0.2, host=dna00, nav=0, nbrs=2, l_repulse=5.000, l_tspring=0.300, l_nspring=0.300, l_intensity=0.200, l_curv=1.000
mom=0.00, dt=0.50
000: dt: 0.0000, sse=233443.6, rms=1.490
rms = 1.3886/1.4900, sse=235843.8/233443.6, time step reduction 1 of 3 to 0.250  0 1 0
023: dt: 0.5000, sse=235843.8, rms=1.389 (6.809%)
024: dt: 0.2500, sse=201455.4, rms=0.905 (34.847%)
025: dt: 0.2500, sse=195340.7, rms=0.762 (15.794%)
rms = 0.7950/0.7618, sse=195885.0/195340.7, time step reduction 2 of 3 to 0.125  0 1 1
   RMS increased, rejecting step
rms = 0.7226/0.7618, sse=193739.6/195340.7, time step reduction 3 of 3 to 0.062  0 0 1
026: dt: 0.1250, sse=193739.6, rms=0.723 (5.153%)
  maximum number of reductions reached, breaking from loop
positioning took 0.3 minutes


Writing output to ../surf/rh.white
#ET# mris_place_surface  1.97 minutes
#VMPC# mris_place_surfaces VmPeak  2944192
mris_place_surface done
#--------------------------------------------
#@# T1PialSurf rh Tue Mar 10 07:38:36 CET 2026
cd /out/sourcedata/freesurfer/sub-v1s6x0051362_ses-1/mri
mris_place_surface --adgws-in ../surf/autodet.gw.stats.rh.dat --seg aseg.presurf.mgz --threads 16 --wm wm.mgz --invol brain.finalsurfs.mgz --rh --i ../surf/rh.white --o ../surf/rh.pial.T1 --pial --nsmooth 0 --rip-label ../label/rh.cortex+hipamyg.label --pin-medial-wall ../label/rh.cortex.label --aparc ../label/rh.aparc.annot --repulse-surf ../surf/rh.white --white-surf ../surf/rh.white
7.3.2
7.3.2

cd /out/sourcedata/freesurfer/sub-v1s6x0051362_ses-1/mri
setenv SUBJECTS_DIR /out/sourcedata/freesurfer
mris_place_surface --adgws-in ../surf/autodet.gw.stats.rh.dat --seg aseg.presurf.mgz --threads 16 --wm wm.mgz --invol brain.finalsurfs.mgz --rh --i ../surf/rh.white --o ../surf/rh.pial.T1 --pial --nsmooth 0 --rip-label ../label/rh.cortex+hipamyg.label --pin-medial-wall ../label/rh.cortex.label --aparc ../label/rh.aparc.annot --repulse-surf ../surf/rh.white --white-surf ../surf/rh.white 

Reading in input surface ../surf/rh.white
Not smoothing input surface
Area    255218  0.33323  0.11841 0.000945   1.9226
Corner  765654 60.00000 14.18291 0.345283 178.8485
Edge    382827  0.88726  0.19454 0.047872   3.2555
Hinge   382827 10.07377 10.41989 0.000073 179.9089
Reading white surface coordinates from ../surf/rh.white
Reading repulsion surface coordinates from ../surf/rh.white
Reading in aparc ../label/rh.aparc.annot
Reading in input volume brain.finalsurfs.mgz
Reading in wm volume wm.mgz
MRIclipBrightWM(): nthresh=27169, wmmin=5, clip=110 
MRIfindBrightNonWM(): 141 bright non-wm voxels segmented.
Masking bright non-wm for pial surface mid_gray = 68.6897
MRImask(): AllowDiffGeom = 1
MRImask(): AllowDiffGeom = 1
MRImask(): AllowDiffGeom = 1
Reading in seg volume aseg.presurf.mgz
Ripping frozen voxels
Ripping vertices not in label ../label/rh.cortex+hipamyg.label
MRISripNotLabel() ripped 6449/127611 vertices (121162 unripped)
INFO: rip surface needed but not specified, so using input surface
Ripping segs (eg, WMSA, BG, frozen)
Starting MRISripSegs() d = (-2 2 0.5) segnos: 247 
MRISripSegs(): -2 2 0.5 ripped 0
vertex 63806: xyz = (18.4111,-16.4254,83.0351) oxyz = (18.4111,-16.4254,83.0351) wxzy = (18.4111,-16.4254,83.0351) pxyz = (18.4111,-16.4254,83.0351) 
CBVO Creating mask 127611
n_averages 16
Iteration 0 =========================================
n_averages=16, current_sigma=2
Computing target border values 
Entering MRIScomputeBorderValues_new(): 
  inside_hi   =  97.1439740;
  border_hi   =  62.0784910;
  border_low  =  40.2354770;
  outside_low =  10.0000000;
  outside_hi  =  56.6177370;
  sigma = 2;
  max_thickness = 10;
  step_size=0.5;
  STEP_SIZE=0.1;
  which = 2
  thresh = 0
  flags = 0
  CBVfindFirstPeakD1=0
  CBVfindFirstPeakD2=0
  nvertices=127611
  Gdiag_no=-1
  vno start=0, stop=127611
Replacing 255s with 0s
#SI# sigma=2 had to be increased for 89 vertices, nripped=6449
mean border=59.6, 120 (120) missing vertices, mean dist 1.7 [1.6 (%0.0)->2.6 (%100.0))]
%17 local maxima, %46 large gradients and %32 min vals, 0 gradients ignored
nFirstPeakD1 0
MRIScomputeBorderValues_new() finished in 0.0105 min


Averaging target values for 5 iterations...
Positioning Surface: tspring = 0.3, nspring = 0.3, spring = 0, niters = 100 l_repulse = 0, l_surf_repulse = 5, checktol = 0
Positioning pial surface
Entering MRISpositionSurface()
  max_mm = 0.3
  MAX_REDUCTIONS = 2, REDUCTION_PCT = 0.5
  parms->check_tol = 0, niterations = 100
tol=1.0e-04, sigma=2.0, host=dna00, nav=16, nbrs=2, l_surf_repulse=5.000, l_tspring=0.300, l_nspring=0.300, l_intensity=0.200, l_curv=1.000
mom=0.00, dt=0.50
complete_dist_mat 0
rms 0
smooth_averages 0
remove_neg 0
ico_order 0
which_surface 0
target_radius 0.000000
nfields 0
scale 0.000000
desired_rms_height 0.000000
momentum 0.000000
nbhd_size 0
max_nbrs 0
niterations 100
nsurfaces 0
SURFACES 3
flags 0 (0)
use curv 0
no sulc 0
no rigid align 0
mris->nsize 2
mris->hemisphere 1
randomSeed 0

000: dt: 0.0000, sse=23324518.0, rms=30.922
001: dt: 0.5000, sse=16570924.0, rms=26.023 (15.844%)
002: dt: 0.5000, sse=11709536.0, rms=21.825 (16.131%)
003: dt: 0.5000, sse=8473642.0, rms=18.509 (15.193%)
004: dt: 0.5000, sse=6339732.0, rms=15.948 (13.836%)
005: dt: 0.5000, sse=4794073.0, rms=13.798 (13.479%)
006: dt: 0.5000, sse=3496585.0, rms=11.691 (15.269%)
007: dt: 0.5000, sse=2482898.8, rms=9.732 (16.761%)
008: dt: 0.5000, sse=1755612.4, rms=8.035 (17.431%)
009: dt: 0.5000, sse=1294008.1, rms=6.739 (16.132%)
010: dt: 0.5000, sse=997733.4, rms=5.753 (14.633%)
011: dt: 0.5000, sse=836215.4, rms=5.135 (10.751%)
012: dt: 0.5000, sse=730890.3, rms=4.686 (8.736%)
013: dt: 0.5000, sse=677413.4, rms=4.439 (5.274%)
014: dt: 0.5000, sse=633979.3, rms=4.227 (4.775%)
015: dt: 0.5000, sse=615907.8, rms=4.133 (2.213%)
016: dt: 0.5000, sse=594603.6, rms=4.022 (2.699%)
rms = 3.9980/4.0218, sse=590750.4/594603.6, time step reduction 1 of 3 to 0.250  0 0 1
017: dt: 0.5000, sse=590750.4, rms=3.998 (0.591%)
018: dt: 0.2500, sse=421308.2, rms=2.970 (25.714%)
019: dt: 0.2500, sse=388894.9, rms=2.731 (8.030%)
rms = 2.6873/2.7315, sse=383474.8/388894.9, time step reduction 2 of 3 to 0.125  0 0 1
020: dt: 0.2500, sse=383474.8, rms=2.687 (1.617%)
021: dt: 0.1250, sse=360446.7, rms=2.500 (6.988%)
rms = 2.4703/2.4995, sse=357040.3/360446.7, time step reduction 3 of 3 to 0.062  0 0 1
022: dt: 0.1250, sse=357040.2, rms=2.470 (1.170%)
  maximum number of reductions reached, breaking from loop
positioning took 1.3 minutes
Iteration 1 =========================================
n_averages=8, current_sigma=1
Computing target border values 
Entering MRIScomputeBorderValues_new(): 
  inside_hi   =  97.1439740;
  border_hi   =  62.0784910;
  border_low  =  40.2354770;
  outside_low =  10.0000000;
  outside_hi  =  56.6177370;
  sigma = 1;
  max_thickness = 10;
  step_size=0.5;
  STEP_SIZE=0.1;
  which = 2
  thresh = 0
  flags = 0
  CBVfindFirstPeakD1=0
  CBVfindFirstPeakD2=0
  nvertices=127611
  Gdiag_no=-1
  vno start=0, stop=127611
Replacing 255s with 0s
#SI# sigma=1 had to be increased for 7733 vertices, nripped=6449
mean border=57.9, 1272 (12) missing vertices, mean dist 0.1 [0.1 (%45.6)->0.5 (%54.4))]
%28 local maxima, %39 large gradients and %28 min vals, 0 gradients ignored
nFirstPeakD1 0
MRIScomputeBorderValues_new() finished in 0.0049 min


Averaging target values for 5 iterations...
Positioning Surface: tspring = 0.3, nspring = 0.3, spring = 0, niters = 100 l_repulse = 0, l_surf_repulse = 5, checktol = 0
Positioning pial surface
Entering MRISpositionSurface()
  max_mm = 0.3
  MAX_REDUCTIONS = 2, REDUCTION_PCT = 0.5
  parms->check_tol = 0, niterations = 100
tol=1.0e-04, sigma=1.0, host=dna00, nav=8, nbrs=2, l_surf_repulse=5.000, l_tspring=0.300, l_nspring=0.300, l_intensity=0.200, l_curv=1.000
mom=0.00, dt=0.50
000: dt: 0.0000, sse=587105.1, rms=3.766
023: dt: 0.5000, sse=560451.4, rms=3.612 (4.084%)
rms = 3.8011/3.6123, sse=591387.9/560451.3, time step reduction 1 of 3 to 0.250  0 1 1
   RMS increased, rejecting step
024: dt: 0.2500, sse=452540.0, rms=2.928 (18.947%)
025: dt: 0.2500, sse=414900.8, rms=2.650 (9.486%)
026: dt: 0.2500, sse=406007.2, rms=2.578 (2.735%)
rms = 2.5489/2.5776, sse=402481.0/406007.2, time step reduction 2 of 3 to 0.125  0 0 1
027: dt: 0.2500, sse=402481.0, rms=2.549 (1.112%)
028: dt: 0.1250, sse=385586.8, rms=2.404 (5.682%)
rms = 2.3786/2.4041, sse=382728.3/385586.8, time step reduction 3 of 3 to 0.062  0 0 1
029: dt: 0.1250, sse=382728.3, rms=2.379 (1.063%)
  maximum number of reductions reached, breaking from loop
positioning took 0.4 minutes
Iteration 2 =========================================
n_averages=4, current_sigma=0.5
Computing target border values 
Entering MRIScomputeBorderValues_new(): 
  inside_hi   =  97.1439740;
  border_hi   =  62.0784910;
  border_low  =  40.2354770;
  outside_low =  10.0000000;
  outside_hi  =  56.6177370;
  sigma = 0.5;
  max_thickness = 10;
  step_size=0.5;
  STEP_SIZE=0.1;
  which = 2
  thresh = 0
  flags = 0
  CBVfindFirstPeakD1=0
  CBVfindFirstPeakD2=0
  nvertices=127611
  Gdiag_no=-1
  vno start=0, stop=127611
Replacing 255s with 0s
#SI# sigma=0.5 had to be increased for 8617 vertices, nripped=6449
mean border=56.8, 1602 (11) missing vertices, mean dist 0.1 [0.2 (%42.2)->0.4 (%57.8))]
%41 local maxima, %25 large gradients and %27 min vals, 0 gradients ignored
nFirstPeakD1 0
MRIScomputeBorderValues_new() finished in 0.0030 min


Averaging target values for 5 iterations...
Positioning Surface: tspring = 0.3, nspring = 0.3, spring = 0, niters = 100 l_repulse = 0, l_surf_repulse = 5, checktol = 0
Positioning pial surface
Entering MRISpositionSurface()
  max_mm = 0.3
  MAX_REDUCTIONS = 2, REDUCTION_PCT = 0.5
  parms->check_tol = 0, niterations = 100
tol=1.0e-04, sigma=0.5, host=dna00, nav=4, nbrs=2, l_surf_repulse=5.000, l_tspring=0.300, l_nspring=0.300, l_intensity=0.200, l_curv=1.000
mom=0.00, dt=0.50
000: dt: 0.0000, sse=480433.2, rms=3.092
rms = 3.4727/3.0916, sse=541557.4/480433.2, time step reduction 1 of 3 to 0.250  0 1 1
   RMS increased, rejecting step
030: dt: 0.2500, sse=420027.1, rms=2.654 (14.149%)
031: dt: 0.2500, sse=392703.5, rms=2.430 (8.457%)
032: dt: 0.2500, sse=386241.3, rms=2.376 (2.231%)
rms = 2.3582/2.3755, sse=384177.2/386241.3, time step reduction 2 of 3 to 0.125  0 0 1
033: dt: 0.2500, sse=384177.2, rms=2.358 (0.730%)
034: dt: 0.1250, sse=373698.8, rms=2.262 (4.080%)
rms = 2.2396/2.2620, sse=371235.0/373698.8, time step reduction 3 of 3 to 0.062  0 0 1
035: dt: 0.1250, sse=371235.0, rms=2.240 (0.992%)
  maximum number of reductions reached, breaking from loop
positioning took 0.4 minutes
Iteration 3 =========================================
n_averages=2, current_sigma=0.25
Computing target border values 
Entering MRIScomputeBorderValues_new(): 
  inside_hi   =  97.1439740;
  border_hi   =  62.0784910;
  border_low  =  40.2354770;
  outside_low =  10.0000000;
  outside_hi  =  56.6177370;
  sigma = 0.25;
  max_thickness = 10;
  step_size=0.5;
  STEP_SIZE=0.1;
  which = 2
  thresh = 0
  flags = 0
  CBVfindFirstPeakD1=0
  CBVfindFirstPeakD2=0
  nvertices=127611
  Gdiag_no=-1
  vno start=0, stop=127611
Replacing 255s with 0s
#SI# sigma=0.25 had to be increased for 7291 vertices, nripped=6449
mean border=56.0, 3289 (10) missing vertices, mean dist 0.1 [0.2 (%44.5)->0.3 (%55.5))]
%47 local maxima, %19 large gradients and %26 min vals, 0 gradients ignored
nFirstPeakD1 0
MRIScomputeBorderValues_new() finished in 0.0021 min


Averaging target values for 5 iterations...
Positioning Surface: tspring = 0.3, nspring = 0.3, spring = 0, niters = 100 l_repulse = 0, l_surf_repulse = 5, checktol = 0
Positioning pial surface
Entering MRISpositionSurface()
  max_mm = 0.3
  MAX_REDUCTIONS = 2, REDUCTION_PCT = 0.5
  parms->check_tol = 0, niterations = 100
tol=1.0e-04, sigma=0.2, host=dna00, nav=2, nbrs=2, l_surf_repulse=5.000, l_tspring=0.300, l_nspring=0.300, l_intensity=0.200, l_curv=1.000
mom=0.00, dt=0.50
000: dt: 0.0000, sse=402665.4, rms=2.511
rms = 2.9685/2.5112, sse=462798.6/402665.4, time step reduction 1 of 3 to 0.250  0 1 1
   RMS increased, rejecting step
036: dt: 0.2500, sse=379923.4, rms=2.314 (7.841%)
037: dt: 0.2500, sse=371277.4, rms=2.238 (3.286%)
rms = 2.2149/2.2383, sse=368411.6/371277.4, time step reduction 2 of 3 to 0.125  0 0 1
038: dt: 0.2500, sse=368411.6, rms=2.215 (1.043%)
039: dt: 0.1250, sse=360714.1, rms=2.141 (3.358%)
rms = 2.1209/2.1405, sse=358596.4/360714.1, time step reduction 3 of 3 to 0.062  0 0 1
040: dt: 0.1250, sse=358596.4, rms=2.121 (0.916%)
  maximum number of reductions reached, breaking from loop
positioning took 0.3 minutes
Pinning medial wall to white surface


Writing output to ../surf/rh.pial.T1
#ET# mris_place_surface  2.38 minutes
#VMPC# mris_place_surfaces VmPeak  2353788
mris_place_surface done
#@# white curv rh Tue Mar 10 07:41:04 CET 2026
cd /out/sourcedata/freesurfer/sub-v1s6x0051362_ses-1/mri
mris_place_surface --curv-map ../surf/rh.white 2 10 ../surf/rh.curv
insurf  ../surf/rh.white, nbrs 2, curvature_avgs 10
writing curvature file ../surf/rh.curv
#@# white area rh Tue Mar 10 07:41:06 CET 2026
cd /out/sourcedata/freesurfer/sub-v1s6x0051362_ses-1/mri
mris_place_surface --area-map ../surf/rh.white ../surf/rh.area
writing curvature file ../surf/rh.area
#@# pial curv rh Tue Mar 10 07:41:06 CET 2026
cd /out/sourcedata/freesurfer/sub-v1s6x0051362_ses-1/mri
mris_place_surface --curv-map ../surf/rh.pial 2 10 ../surf/rh.curv.pial
insurf  ../surf/rh.pial, nbrs 2, curvature_avgs 10
writing curvature file ../surf/rh.curv.pial
#@# pial area rh Tue Mar 10 07:41:08 CET 2026
cd /out/sourcedata/freesurfer/sub-v1s6x0051362_ses-1/mri
mris_place_surface --area-map ../surf/rh.pial ../surf/rh.area.pial
writing curvature file ../surf/rh.area.pial
#@# thickness rh Tue Mar 10 07:41:08 CET 2026
cd /out/sourcedata/freesurfer/sub-v1s6x0051362_ses-1/mri
mris_place_surface --thickness ../surf/rh.white ../surf/rh.pial 20 5 ../surf/rh.thickness
0 of 127611 vertices processed
25000 of 127611 vertices processed
50000 of 127611 vertices processed
75000 of 127611 vertices processed
100000 of 127611 vertices processed
125000 of 127611 vertices processed
0 of 127611 vertices processed
25000 of 127611 vertices processed
50000 of 127611 vertices processed
75000 of 127611 vertices processed
100000 of 127611 vertices processed
125000 of 127611 vertices processed
thickness calculation complete, 99:577 truncations.
64505 vertices at 0 distance
114894 vertices at 1 distance
51191 vertices at 2 distance
16258 vertices at 3 distance
5385 vertices at 4 distance
1881 vertices at 5 distance
649 vertices at 6 distance
219 vertices at 7 distance
72 vertices at 8 distance
38 vertices at 9 distance
20 vertices at 10 distance
18 vertices at 11 distance
15 vertices at 12 distance
12 vertices at 13 distance
11 vertices at 14 distance
6 vertices at 15 distance
9 vertices at 16 distance
9 vertices at 17 distance
8 vertices at 18 distance
14 vertices at 19 distance
8 vertices at 20 distance
writing curvature file ../surf/rh.thickness
#@# area and vertex vol rh Tue Mar 10 07:41:34 CET 2026
cd /out/sourcedata/freesurfer/sub-v1s6x0051362_ses-1/mri
mris_place_surface --thickness ../surf/rh.white ../surf/rh.pial 20 5 ../surf/rh.thickness
/out/sourcedata/freesurfer/sub-v1s6x0051362_ses-1/surf
mris_calc -o rh.area.mid rh.area add rh.area.pial
Saving result to 'rh.area.mid' (type = MRI_CURV_FILE)                       [ ok ]
mris_calc -o rh.area.mid rh.area.mid div 2
Saving result to 'rh.area.mid' (type = MRI_CURV_FILE)                       [ ok ]
mris_convert --volume sub-v1s6x0051362_ses-1 rh /out/sourcedata/freesurfer/sub-v1s6x0051362_ses-1/surf/rh.volume
masking with /out/sourcedata/freesurfer/sub-v1s6x0051362_ses-1/label/rh.cortex.label
Total face volume 209520
Total vertex volume 209329 (mask=0)
#@# sub-v1s6x0051362_ses-1 rh 209329
 
vertexvol Done

#-----------------------------------------
#@# Curvature Stats rh Tue Mar 10 07:41:35 CET 2026
/out/sourcedata/freesurfer/sub-v1s6x0051362_ses-1/surf

 mris_curvature_stats -m --writeCurvatureFiles -G -o ../stats/rh.curv.stats -F smoothwm sub-v1s6x0051362_ses-1 rh curv sulc 

             Toggling save flag on curvature files                       [ ok ]
                 Outputting results using filestem   [ ../stats/rh.curv.stats ]
             Toggling save flag on curvature files                       [ ok ]
                                   Setting surface [ sub-v1s6x0051362_ses-1/rh.smoothwm ]
                                Reading surface...                       [ ok ]
                                   Setting texture                     [ curv ]
                                Reading texture...                       [ ok ]
                                   Setting texture                     [ sulc ]
                                Reading texture...Gb_filter = 0
                       [ ok ]
      Calculating Discrete Principal Curvatures...
      Determining geometric order for vno faces... [####################] [ ok ]
                      Determining KH curvatures... [####################] [ ok ]
                    Determining k1k2 curvatures... [####################] [ ok ]
                                   deltaViolations                      [ 195 ]
Gb_filter = 0
#-----------------------------------------
#@# Cortical Parc 2 rh Tue Mar 10 07:41:37 CET 2026
/out/sourcedata/freesurfer/sub-v1s6x0051362_ses-1/scripts

 mris_ca_label -l ../label/rh.cortex.label -aseg ../mri/aseg.presurf.mgz -seed 1234 sub-v1s6x0051362_ses-1 rh ../surf/rh.sphere.reg /opt/freesurfer/average/rh.CDaparc.atlas.acfb40.noaparc.i12.2016-08-02.gcs ../label/rh.aparc.a2009s.annot 

setting seed for random number generator to 1234
using ../mri/aseg.presurf.mgz aseg volume to correct midline
7.3.2
  7.3.2
reading atlas from /opt/freesurfer/average/rh.CDaparc.atlas.acfb40.noaparc.i12.2016-08-02.gcs...
reading color table from GCSA file....
average std = 1.4   using min determinant for regularization = 0.021
0 singular and 0 ill-conditioned covariance matrices regularized
input 0: MEAN CURVATURE, flags 0, avgs 5, name mean_curvature
labeling surface...
83 labels changed using aseg
relabeling using gibbs priors...
000:   8508 changed, 127611 examined...
001:   1811 changed, 33333 examined...
002:    544 changed, 9676 examined...
003:    234 changed, 3188 examined...
004:    119 changed, 1359 examined...
005:     68 changed, 662 examined...
006:     29 changed, 396 examined...
007:     11 changed, 177 examined...
008:      5 changed, 69 examined...
009:      4 changed, 31 examined...
010:      2 changed, 20 examined...
011:      3 changed, 12 examined...
012:      0 changed, 11 examined...
67 labels changed using aseg
000: 238 total segments, 147 labels (1750 vertices) changed
001: 98 total segments, 8 labels (20 vertices) changed
002: 90 total segments, 0 labels (0 vertices) changed
10 filter iterations complete (10 requested, 33 changed)
rationalizing unknown annotations with cortex label
relabeling Medial_wall label...
842 vertices marked for relabeling...
842 labels changed in reclassification.
writing output to ../label/rh.aparc.a2009s.annot...
classification took 0 minutes and 11 seconds.
#-----------------------------------------
#@# Cortical Parc 3 rh Tue Mar 10 07:41:48 CET 2026
/out/sourcedata/freesurfer/sub-v1s6x0051362_ses-1/scripts

 mris_ca_label -l ../label/rh.cortex.label -aseg ../mri/aseg.presurf.mgz -seed 1234 sub-v1s6x0051362_ses-1 rh ../surf/rh.sphere.reg /opt/freesurfer/average/rh.DKTaparc.atlas.acfb40.noaparc.i12.2016-08-02.gcs ../label/rh.aparc.DKTatlas.annot 

setting seed for random number generator to 1234
using ../mri/aseg.presurf.mgz aseg volume to correct midline
7.3.2
  7.3.2
reading atlas from /opt/freesurfer/average/rh.DKTaparc.atlas.acfb40.noaparc.i12.2016-08-02.gcs...
reading color table from GCSA file....
average std = 0.9   using min determinant for regularization = 0.009
0 singular and 325 ill-conditioned covariance matrices regularized
input 0: MEAN CURVATURE, flags 0, avgs 5, name mean_curvature
labeling surface...
1641 labels changed using aseg
relabeling using gibbs priors...
000:   1821 changed, 127611 examined...
001:    448 changed, 8815 examined...
002:    145 changed, 2469 examined...
003:     64 changed, 873 examined...
004:     36 changed, 372 examined...
005:     25 changed, 191 examined...
006:     22 changed, 127 examined...
007:     17 changed, 101 examined...
008:     12 changed, 75 examined...
009:     10 changed, 62 examined...
010:     14 changed, 62 examined...
011:     10 changed, 60 examined...
012:      7 changed, 46 examined...
013:      5 changed, 42 examined...
014:      6 changed, 30 examined...
015:      6 changed, 31 examined...
016:      3 changed, 30 examined...
017:      2 changed, 15 examined...
018:      1 changed, 10 examined...
019:      1 changed, 8 examined...
020:      0 changed, 7 examined...
381 labels changed using aseg
000: 48 total segments, 15 labels (144 vertices) changed
001: 33 total segments, 0 labels (0 vertices) changed
10 filter iterations complete (10 requested, 3 changed)
rationalizing unknown annotations with cortex label
relabeling unknown label...
relabeling corpuscallosum label...
626 vertices marked for relabeling...
626 labels changed in reclassification.
writing output to ../label/rh.aparc.DKTatlas.annot...
classification took 0 minutes and 9 seconds.
#-----------------------------------------
#@# WM/GM Contrast rh Tue Mar 10 07:41:57 CET 2026
/out/sourcedata/freesurfer/sub-v1s6x0051362_ses-1/scripts

 pctsurfcon --s sub-v1s6x0051362_ses-1 --rh-only 

Log file is /out/sourcedata/freesurfer/sub-v1s6x0051362_ses-1/scripts/pctsurfcon.log
Tue Mar 10 07:41:57 CET 2026
setenv SUBJECTS_DIR /out/sourcedata/freesurfer
cd /out/sourcedata/freesurfer/sub-v1s6x0051362_ses-1/scripts
/opt/freesurfer/bin/pctsurfcon
pctsurfcon 7.3.2
Linux dna003 5.14.0-427.37.1.el9_4.x86_64 #1 SMP PREEMPT_DYNAMIC Fri Sep 13 12:41:50 EDT 2024 x86_64 x86_64 x86_64 GNU/Linux
FREESURFER_HOME /opt/freesurfer
mri_vol2surf --mov /out/sourcedata/freesurfer/sub-v1s6x0051362_ses-1/mri/rawavg.mgz --hemi rh --noreshape --interp trilinear --projdist -1 --o /out/sourcedata/freesurfer/sub-v1s6x0051362_ses-1/surf/tmp.pctsurfcon.1768505/rh.wm.mgh --regheader sub-v1s6x0051362_ses-1 --cortex
srcvol = /out/sourcedata/freesurfer/sub-v1s6x0051362_ses-1/mri/rawavg.mgz
srcreg unspecified
srcregold = 0
srcwarp unspecified
surf = white
hemi = rh
ProjDist = -1
reshape = 0
interp = trilinear
float2int = round
GetProjMax = 0
INFO: float2int code = 0
Done loading volume
Computing registration from header.
  Using /out/sourcedata/freesurfer/sub-v1s6x0051362_ses-1/mri/orig.mgz as target reference.
-------- original matrix -----------
-1.00000   0.00000   0.00000   0.00001;
 0.00000   0.00000   1.00000   0.00000;
 0.00000  -1.00000   0.00000   0.00000;
 0.00000   0.00000   0.00000   1.00000;
-------- original matrix -----------
Loading label /out/sourcedata/freesurfer/sub-v1s6x0051362_ses-1/label/rh.cortex.label
Reading surface /out/sourcedata/freesurfer/sub-v1s6x0051362_ses-1/surf/rh.white
Done reading source surface
Mapping Source Volume onto Source Subject Surface
Projecting -1 -1 1
 1 -1 -1 -1
using old
Done mapping volume to surface
Number of source voxels hit = 75343
Masking with /out/sourcedata/freesurfer/sub-v1s6x0051362_ses-1/label/rh.cortex.label
Writing to /out/sourcedata/freesurfer/sub-v1s6x0051362_ses-1/surf/tmp.pctsurfcon.1768505/rh.wm.mgh
Dim: 127611 1 1
mri_vol2surf --mov /out/sourcedata/freesurfer/sub-v1s6x0051362_ses-1/mri/rawavg.mgz --hemi rh --noreshape --interp trilinear --o /out/sourcedata/freesurfer/sub-v1s6x0051362_ses-1/surf/tmp.pctsurfcon.1768505/rh.gm.mgh --projfrac 0.3 --regheader sub-v1s6x0051362_ses-1 --cortex
srcvol = /out/sourcedata/freesurfer/sub-v1s6x0051362_ses-1/mri/rawavg.mgz
srcreg unspecified
srcregold = 0
srcwarp unspecified
surf = white
hemi = rh
ProjFrac = 0.3
thickness = thickness
reshape = 0
interp = trilinear
float2int = round
GetProjMax = 0
INFO: float2int code = 0
Done loading volume
Computing registration from header.
  Using /out/sourcedata/freesurfer/sub-v1s6x0051362_ses-1/mri/orig.mgz as target reference.
-------- original matrix -----------
-1.00000   0.00000   0.00000   0.00001;
 0.00000   0.00000   1.00000   0.00000;
 0.00000  -1.00000   0.00000   0.00000;
 0.00000   0.00000   0.00000   1.00000;
-------- original matrix -----------
Loading label /out/sourcedata/freesurfer/sub-v1s6x0051362_ses-1/label/rh.cortex.label
Reading surface /out/sourcedata/freesurfer/sub-v1s6x0051362_ses-1/surf/rh.white
Done reading source surface
Reading thickness /out/sourcedata/freesurfer/sub-v1s6x0051362_ses-1/surf/rh.thickness
Done
Mapping Source Volume onto Source Subject Surface
Projecting 0.3 0.3 1
 1 0.3 0.3 0.3
using old
Done mapping volume to surface
Number of source voxels hit = 87668
Masking with /out/sourcedata/freesurfer/sub-v1s6x0051362_ses-1/label/rh.cortex.label
Writing to /out/sourcedata/freesurfer/sub-v1s6x0051362_ses-1/surf/tmp.pctsurfcon.1768505/rh.gm.mgh
Dim: 127611 1 1
mri_concat /out/sourcedata/freesurfer/sub-v1s6x0051362_ses-1/surf/tmp.pctsurfcon.1768505/rh.wm.mgh /out/sourcedata/freesurfer/sub-v1s6x0051362_ses-1/surf/tmp.pctsurfcon.1768505/rh.gm.mgh --paired-diff-norm --mul 100 --o /out/sourcedata/freesurfer/sub-v1s6x0051362_ses-1/surf/rh.w-g.pct.mgh
ninputs = 2
Checking inputs
nframestot = 2
Allocing output
Done allocing
Combining pairs
nframes = 1
Multiplying by 100.000000
Writing to /out/sourcedata/freesurfer/sub-v1s6x0051362_ses-1/surf/rh.w-g.pct.mgh
mri_segstats --in /out/sourcedata/freesurfer/sub-v1s6x0051362_ses-1/surf/rh.w-g.pct.mgh --annot sub-v1s6x0051362_ses-1 rh aparc --sum /out/sourcedata/freesurfer/sub-v1s6x0051362_ses-1/stats/rh.w-g.pct.stats --snr

7.3.2
cwd 
cmdline mri_segstats --in /out/sourcedata/freesurfer/sub-v1s6x0051362_ses-1/surf/rh.w-g.pct.mgh --annot sub-v1s6x0051362_ses-1 rh aparc --sum /out/sourcedata/freesurfer/sub-v1s6x0051362_ses-1/stats/rh.w-g.pct.stats --snr 
sysname  Linux
hostname dna003
machine  x86_64
user     oesteban
whitesurfname  white
UseRobust  0
Constructing seg from annotation

Reading annotation /out/sourcedata/freesurfer/sub-v1s6x0051362_ses-1/label/rh.aparc.annot
Seg base 2000
Loading /out/sourcedata/freesurfer/sub-v1s6x0051362_ses-1/surf/rh.w-g.pct.mgh
Vertex Area is 0.666454 mm^3
Generating list of segmentation ids
Found  36 segmentations
Computing statistics for each segmentation

Reporting on  35 segmentations
Using PrintSegStat
mri_segstats done
Cleaning up

Started at Tue Mar 10 07:26:35 CET 2026 
Ended   at Tue Mar 10 07:42:00 CET 2026
#@#%# recon-all-run-time-hours 0.257
recon-all -s sub-v1s6x0051362_ses-1 finished without error at Tue Mar 10 07:42:00 CET 2026



#New# invocation of recon-all 




Tue Mar 10 07:49:13 CET 2026
cd /out/sourcedata/freesurfer/sub-v1s6x0051362_ses-1
setenv SUBJECTS_DIR /out/sourcedata/freesurfer
/opt/freesurfer/bin/recon-all -autorecon-hemi rh -nohyporelabel -rh-only -openmp 16 -subjid sub-v1s6x0051362_ses-1 -sd /out/sourcedata/freesurfer -notessellate -nosmooth1 -noinflate1 -noqsphere -nofix -nowhite -nosmooth2 -noinflate2 -nocurvHK -nocurvstats -nosphere -nosurfreg -nojacobian_white -noavgcurv -nocortparc -nopial -nocortparc2 -nocortparc3 -nopctsurfcon

subjid sub-v1s6x0051362_ses-1
setenv SUBJECTS_DIR /out/sourcedata/freesurfer
FREESURFER_HOME /opt/freesurfer
Actual FREESURFER_HOME /opt/freesurfer
build-stamp.txt: freesurfer-linux-ubuntu22_x86_64-7.3.2-20220804-6354275
Linux dna003 5.14.0-427.37.1.el9_4.x86_64 #1 SMP PREEMPT_DYNAMIC Fri Sep 13 12:41:50 EDT 2024 x86_64 x86_64 x86_64 GNU/Linux
cputime      unlimited
filesize     unlimited
datasize     unlimited
stacksize    8192 kbytes
coredumpsize 0 kbytes
memoryuse    67108864 kbytes
vmemoryuse   unlimited
descriptors  1024 
memorylocked unlimited
maxproc      2061970 
maxlocks     unlimited
maxsignal    2061970 
maxmessage   819200 
maxnice      0 
maxrtprio    0 
maxrttime    unlimited

               total        used        free      shared  buff/cache   available
Mem:           503Gi        46Gi       404Gi        15Gi        52Gi       438Gi
Swap:             0B          0B          0B

########################################
program versions used
7.3.2 (freesurfer-linux-ubuntu22_x86_64-7.3.2-20220804-6354275)
7.3.2

ProgramName: lta_convert  ProgramArguments: lta_convert -all-info  ProgramVersion: 7.3.2  TimeStamp: 2026/03/10-06:49:13-GMT  BuildTime: Aug  4 2022 06:17:15  BuildStamp: freesurfer-linux-ubuntu22_x86_64-7.3.2-20220804-6354275  User: oesteban  Machine: dna003  Platform: Linux  PlatformVersion: 5.14.0-427.37.1.el9_4.x86_64  CompilerName: GCC  CompilerVersion: 8.4.0
ProgramName: mri_and  ProgramArguments: mri_and -all-info  ProgramVersion: 7.3.2  TimeStamp: 2026/03/10-06:49:13-GMT  BuildTime: Aug  4 2022 06:17:15  BuildStamp: freesurfer-linux-ubuntu22_x86_64-7.3.2-20220804-6354275  User: oesteban  Machine: dna003  Platform: Linux  PlatformVersion: 5.14.0-427.37.1.el9_4.x86_64  CompilerName: GCC  CompilerVersion: 8.4.0
ProgramName: mri_annotation2label  ProgramArguments: mri_annotation2label -all-info  ProgramVersion: 7.3.2  TimeStamp: 2026/03/10-06:49:13-GMT  BuildTime: Aug  4 2022 06:17:15  BuildStamp: freesurfer-linux-ubuntu22_x86_64-7.3.2-20220804-6354275  User: oesteban  Machine: dna003  Platform: Linux  PlatformVersion: 5.14.0-427.37.1.el9_4.x86_64  CompilerName: GCC  CompilerVersion: 8.4.0
ProgramName: mri_aparc2aseg  ProgramArguments: mri_aparc2aseg -all-info  ProgramVersion: 7.3.2  TimeStamp: 2026/03/10-06:49:13-GMT  BuildTime: Aug  4 2022 06:17:15  BuildStamp: freesurfer-linux-ubuntu22_x86_64-7.3.2-20220804-6354275  User: oesteban  Machine: dna003  Platform: Linux  PlatformVersion: 5.14.0-427.37.1.el9_4.x86_64  CompilerName: GCC  CompilerVersion: 8.4.0
ProgramName: mri_surf2volseg  ProgramArguments: mri_surf2volseg -all-info  ProgramVersion: 7.3.2  TimeStamp: 2026/03/10-06:49:13-GMT  BuildTime: Aug  4 2022 06:17:15  BuildStamp: freesurfer-linux-ubuntu22_x86_64-7.3.2-20220804-6354275  User: oesteban  Machine: dna003  Platform: Linux  PlatformVersion: 5.14.0-427.37.1.el9_4.x86_64  CompilerName: GCC  CompilerVersion: 8.4.0
ProgramName: mri_binarize  ProgramArguments: mri_binarize -all-info  ProgramVersion: 7.3.2  TimeStamp: 2026/03/10-06:49:13-GMT  BuildTime: Aug  4 2022 06:17:15  BuildStamp: freesurfer-linux-ubuntu22_x86_64-7.3.2-20220804-6354275  User: oesteban  Machine: dna003  Platform: Linux  PlatformVersion: 5.14.0-427.37.1.el9_4.x86_64  CompilerName: GCC  CompilerVersion: 8.4.0
ProgramName: mri_ca_label  ProgramArguments: mri_ca_label -all-info  ProgramVersion: 7.3.2  TimeStamp: 2026/03/10-06:49:13-GMT  BuildTime: Aug  4 2022 06:17:15  BuildStamp: freesurfer-linux-ubuntu22_x86_64-7.3.2-20220804-6354275  User: oesteban  Machine: dna003  Platform: Linux  PlatformVersion: 5.14.0-427.37.1.el9_4.x86_64  CompilerName: GCC  CompilerVersion: 8.4.0
ProgramName: mri_ca_normalize  ProgramArguments: mri_ca_normalize -all-info  ProgramVersion: 7.3.2  TimeStamp: 2026/03/10-06:49:13-GMT  BuildTime: Aug  4 2022 06:17:15  BuildStamp: freesurfer-linux-ubuntu22_x86_64-7.3.2-20220804-6354275  User: oesteban  Machine: dna003  Platform: Linux  PlatformVersion: 5.14.0-427.37.1.el9_4.x86_64  CompilerName: GCC  CompilerVersion: 8.4.0
ProgramName: mri_ca_register  ProgramArguments: mri_ca_register -all-info  ProgramVersion: 7.3.2  TimeStamp: 2026/03/10-06:49:13-GMT  BuildTime: Aug  4 2022 06:17:15  BuildStamp: freesurfer-linux-ubuntu22_x86_64-7.3.2-20220804-6354275  User: oesteban  Machine: dna003  Platform: Linux  PlatformVersion: 5.14.0-427.37.1.el9_4.x86_64  CompilerName: GCC  CompilerVersion: 8.4.0
ProgramName: mri_cc  ProgramArguments: mri_cc -all-info  ProgramVersion: 7.3.2  TimeStamp: 2026/03/10-06:49:13-GMT  BuildTime: Aug  4 2022 06:17:15  BuildStamp: freesurfer-linux-ubuntu22_x86_64-7.3.2-20220804-6354275  User: oesteban  Machine: dna003  Platform: Linux  PlatformVersion: 5.14.0-427.37.1.el9_4.x86_64  CompilerName: GCC  CompilerVersion: 8.4.0
ProgramName: mri_compute_overlap  ProgramArguments: mri_compute_overlap -all-info  ProgramVersion: 7.3.2  TimeStamp: 2026/03/10-06:49:13-GMT  BuildTime: Aug  4 2022 06:17:15  BuildStamp: freesurfer-linux-ubuntu22_x86_64-7.3.2-20220804-6354275  User: oesteban  Machine: dna003  Platform: Linux  PlatformVersion: 5.14.0-427.37.1.el9_4.x86_64  CompilerName: GCC  CompilerVersion: 8.4.0
ProgramName: mri_compute_seg_overlap  ProgramArguments: mri_compute_seg_overlap -all-info  ProgramVersion: 7.3.2  TimeStamp: 2026/03/10-06:49:13-GMT  BuildTime: Aug  4 2022 06:17:15  BuildStamp: freesurfer-linux-ubuntu22_x86_64-7.3.2-20220804-6354275  User: oesteban  Machine: dna003  Platform: Linux  PlatformVersion: 5.14.0-427.37.1.el9_4.x86_64  CompilerName: GCC  CompilerVersion: 8.4.0
ProgramName: mri_concat  ProgramArguments: mri_concat -all-info  ProgramVersion: 7.3.2  TimeStamp: 2026/03/10-06:49:13-GMT  BuildTime: Aug  4 2022 06:17:15  BuildStamp: freesurfer-linux-ubuntu22_x86_64-7.3.2-20220804-6354275  User: oesteban  Machine: dna003  Platform: Linux  PlatformVersion: 5.14.0-427.37.1.el9_4.x86_64  CompilerName: GCC  CompilerVersion: 8.4.0
ProgramName: mri_concatenate_lta  ProgramArguments: mri_concatenate_lta -all-info  ProgramVersion: 7.3.2  TimeStamp: 2026/03/10-06:49:13-GMT  BuildTime: Aug  4 2022 06:17:15  BuildStamp: freesurfer-linux-ubuntu22_x86_64-7.3.2-20220804-6354275  User: oesteban  Machine: dna003  Platform: Linux  PlatformVersion: 5.14.0-427.37.1.el9_4.x86_64  CompilerName: GCC  CompilerVersion: 8.4.0
mri_convert -all-info 
ProgramName: mri_convert  ProgramArguments: mri_convert -all-info  ProgramVersion: 7.3.2  TimeStamp: 2026/03/10-06:49:13-GMT  BuildTime: Aug  4 2022 06:17:15  BuildStamp: freesurfer-linux-ubuntu22_x86_64-7.3.2-20220804-6354275  User: oesteban  Machine: dna003  Platform: Linux  PlatformVersion: 5.14.0-427.37.1.el9_4.x86_64  CompilerName: GCC  CompilerVersion: 8.4.0
ProgramName: mri_diff  ProgramArguments: mri_diff -all-info  ProgramVersion: 7.3.2  TimeStamp: 2026/03/10-06:49:13-GMT  BuildTime: Aug  4 2022 06:17:15  BuildStamp: freesurfer-linux-ubuntu22_x86_64-7.3.2-20220804-6354275  User: oesteban  Machine: dna003  Platform: Linux  PlatformVersion: 5.14.0-427.37.1.el9_4.x86_64  CompilerName: GCC  CompilerVersion: 8.4.0
ProgramName: mri_edit_wm_with_aseg  ProgramArguments: mri_edit_wm_with_aseg -all-info  ProgramVersion: 7.3.2  TimeStamp: 2026/03/10-06:49:13-GMT  BuildTime: Aug  4 2022 06:17:15  BuildStamp: freesurfer-linux-ubuntu22_x86_64-7.3.2-20220804-6354275  User: oesteban  Machine: dna003  Platform: Linux  PlatformVersion: 5.14.0-427.37.1.el9_4.x86_64  CompilerName: GCC  CompilerVersion: 8.4.0
ProgramName: mri_em_register  ProgramArguments: mri_em_register -all-info  ProgramVersion: 7.3.2  TimeStamp: 2026/03/10-06:49:13-GMT  BuildTime: Aug  4 2022 06:17:15  BuildStamp: freesurfer-linux-ubuntu22_x86_64-7.3.2-20220804-6354275  User: oesteban  Machine: dna003  Platform: Linux  PlatformVersion: 5.14.0-427.37.1.el9_4.x86_64  CompilerName: GCC  CompilerVersion: 8.4.0
ProgramName: mri_fill  ProgramArguments: mri_fill -all-info  ProgramVersion: 7.3.2  TimeStamp: 2026/03/10-06:49:13-GMT  BuildTime: Aug  4 2022 06:17:15  BuildStamp: freesurfer-linux-ubuntu22_x86_64-7.3.2-20220804-6354275  User: oesteban  Machine: dna003  Platform: Linux  PlatformVersion: 5.14.0-427.37.1.el9_4.x86_64  CompilerName: GCC  CompilerVersion: 8.4.0
ProgramName: mri_fuse_segmentations  ProgramArguments: mri_fuse_segmentations -all-info  ProgramVersion: 7.3.2  TimeStamp: 2026/03/10-06:49:13-GMT  BuildTime: Aug  4 2022 06:17:15  BuildStamp: freesurfer-linux-ubuntu22_x86_64-7.3.2-20220804-6354275  User: oesteban  Machine: dna003  Platform: Linux  PlatformVersion: 5.14.0-427.37.1.el9_4.x86_64  CompilerName: GCC  CompilerVersion: 8.4.0
ProgramName: mri_fwhm  ProgramArguments: mri_fwhm -all-info  ProgramVersion: 7.3.2  TimeStamp: 2026/03/10-06:49:13-GMT  BuildTime: Aug  4 2022 06:17:15  BuildStamp: freesurfer-linux-ubuntu22_x86_64-7.3.2-20220804-6354275  User: oesteban  Machine: dna003  Platform: Linux  PlatformVersion: 5.14.0-427.37.1.el9_4.x86_64  CompilerName: GCC  CompilerVersion: 8.4.0
ProgramName: mri_gcut  ProgramArguments: mri_gcut -all-info  ProgramVersion: 7.3.2  TimeStamp: 2026/03/10-06:49:13-GMT  BuildTime: Aug  4 2022 06:17:15  BuildStamp: freesurfer-linux-ubuntu22_x86_64-7.3.2-20220804-6354275  User: oesteban  Machine: dna003  Platform: Linux  PlatformVersion: 5.14.0-427.37.1.el9_4.x86_64  CompilerName: GCC  CompilerVersion: 8.4.0
ProgramName: mri_info  ProgramArguments: mri_info -all-info  ProgramVersion: 7.3.2  TimeStamp: 2026/03/10-06:49:13-GMT  BuildTime: Aug  4 2022 06:17:15  BuildStamp: freesurfer-linux-ubuntu22_x86_64-7.3.2-20220804-6354275  User: oesteban  Machine: dna003  Platform: Linux  PlatformVersion: 5.14.0-427.37.1.el9_4.x86_64  CompilerName: GCC  CompilerVersion: 8.4.0
ProgramName: mri_label2label  ProgramArguments: mri_label2label -all-info  ProgramVersion: 7.3.2  TimeStamp: 2026/03/10-06:49:13-GMT  BuildTime: Aug  4 2022 06:17:15  BuildStamp: freesurfer-linux-ubuntu22_x86_64-7.3.2-20220804-6354275  User: oesteban  Machine: dna003  Platform: Linux  PlatformVersion: 5.14.0-427.37.1.el9_4.x86_64  CompilerName: GCC  CompilerVersion: 8.4.0
ProgramName: mri_label2vol  ProgramArguments: mri_label2vol -all-info  ProgramVersion: 7.3.2  TimeStamp: 2026/03/10-06:49:13-GMT  BuildTime: Aug  4 2022 06:17:15  BuildStamp: freesurfer-linux-ubuntu22_x86_64-7.3.2-20220804-6354275  User: oesteban  Machine: dna003  Platform: Linux  PlatformVersion: 5.14.0-427.37.1.el9_4.x86_64  CompilerName: GCC  CompilerVersion: 8.4.0
ProgramName: mri_log_likelihood  ProgramArguments: mri_log_likelihood -all-info  ProgramVersion: 7.3.2  TimeStamp: 2026/03/10-06:49:13-GMT  BuildTime: Aug  4 2022 06:17:15  BuildStamp: freesurfer-linux-ubuntu22_x86_64-7.3.2-20220804-6354275  User: oesteban  Machine: dna003  Platform: Linux  PlatformVersion: 5.14.0-427.37.1.el9_4.x86_64  CompilerName: GCC  CompilerVersion: 8.4.0
ProgramName: mri_mask  ProgramArguments: mri_mask -all-info  ProgramVersion: 7.3.2  TimeStamp: 2026/03/10-06:49:13-GMT  BuildTime: Aug  4 2022 06:17:15  BuildStamp: freesurfer-linux-ubuntu22_x86_64-7.3.2-20220804-6354275  User: oesteban  Machine: dna003  Platform: Linux  PlatformVersion: 5.14.0-427.37.1.el9_4.x86_64  CompilerName: GCC  CompilerVersion: 8.4.0
ProgramName: mri_matrix_multiply  ProgramArguments: mri_matrix_multiply -all-info  ProgramVersion: 7.3.2  TimeStamp: 2026/03/10-06:49:13-GMT  BuildTime: Aug  4 2022 06:17:15  BuildStamp: freesurfer-linux-ubuntu22_x86_64-7.3.2-20220804-6354275  User: oesteban  Machine: dna003  Platform: Linux  PlatformVersion: 5.14.0-427.37.1.el9_4.x86_64  CompilerName: GCC  CompilerVersion: 8.4.0
ProgramName: mri_normalize  ProgramArguments: mri_normalize -all-info  ProgramVersion: 7.3.2  TimeStamp: 2026/03/10-06:49:13-GMT  BuildTime: Aug  4 2022 06:17:15  BuildStamp: freesurfer-linux-ubuntu22_x86_64-7.3.2-20220804-6354275  User: oesteban  Machine: dna003  Platform: Linux  PlatformVersion: 5.14.0-427.37.1.el9_4.x86_64  CompilerName: GCC  CompilerVersion: 8.4.0
ProgramName: mri_normalize_tp2  ProgramArguments: mri_normalize_tp2 -all-info  ProgramVersion: 7.3.2  TimeStamp: 2026/03/10-06:49:13-GMT  BuildTime: Aug  4 2022 06:17:15  BuildStamp: freesurfer-linux-ubuntu22_x86_64-7.3.2-20220804-6354275  User: oesteban  Machine: dna003  Platform: Linux  PlatformVersion: 5.14.0-427.37.1.el9_4.x86_64  CompilerName: GCC  CompilerVersion: 8.4.0
ProgramName: mri_or  ProgramArguments: mri_or -all-info  ProgramVersion: 7.3.2  TimeStamp: 2026/03/10-06:49:13-GMT  BuildTime: Aug  4 2022 06:17:15  BuildStamp: freesurfer-linux-ubuntu22_x86_64-7.3.2-20220804-6354275  User: oesteban  Machine: dna003  Platform: Linux  PlatformVersion: 5.14.0-427.37.1.el9_4.x86_64  CompilerName: GCC  CompilerVersion: 8.4.0
ProgramName: mri_relabel_hypointensities  ProgramArguments: mri_relabel_hypointensities -all-info  ProgramVersion: 7.3.2  TimeStamp: 2026/03/10-06:49:13-GMT  BuildTime: Aug  4 2022 06:17:15  BuildStamp: freesurfer-linux-ubuntu22_x86_64-7.3.2-20220804-6354275  User: oesteban  Machine: dna003  Platform: Linux  PlatformVersion: 5.14.0-427.37.1.el9_4.x86_64  CompilerName: GCC  CompilerVersion: 8.4.0
ProgramName: mri_relabel_nonwm_hypos  ProgramArguments: mri_relabel_nonwm_hypos -all-info  ProgramVersion: 7.3.2  TimeStamp: 2026/03/10-06:49:13-GMT  BuildTime: Aug  4 2022 06:17:15  BuildStamp: freesurfer-linux-ubuntu22_x86_64-7.3.2-20220804-6354275  User: oesteban  Machine: dna003  Platform: Linux  PlatformVersion: 5.14.0-427.37.1.el9_4.x86_64  CompilerName: GCC  CompilerVersion: 8.4.0
ProgramName: mri_remove_neck  ProgramArguments: mri_remove_neck -all-info  ProgramVersion: 7.3.2  TimeStamp: 2026/03/10-06:49:13-GMT  BuildTime: Aug  4 2022 06:17:15  BuildStamp: freesurfer-linux-ubuntu22_x86_64-7.3.2-20220804-6354275  User: oesteban  Machine: dna003  Platform: Linux  PlatformVersion: 5.14.0-427.37.1.el9_4.x86_64  CompilerName: GCC  CompilerVersion: 8.4.0
7.3.2

ProgramName: mri_robust_register  ProgramArguments: mri_robust_register -all-info  ProgramVersion: 7.3.2  TimeStamp: 2026/03/10-06:49:13-GMT  BuildTime: Aug  4 2022 06:17:15  BuildStamp: freesurfer-linux-ubuntu22_x86_64-7.3.2-20220804-6354275  User: oesteban  Machine: dna003  Platform: Linux  PlatformVersion: 5.14.0-427.37.1.el9_4.x86_64  CompilerName: GCC  CompilerVersion: 8.4.0
7.3.2

ProgramName: mri_robust_template  ProgramArguments: mri_robust_template -all-info  ProgramVersion: 7.3.2  TimeStamp: 2026/03/10-06:49:14-GMT  BuildTime: Aug  4 2022 06:17:15  BuildStamp: freesurfer-linux-ubuntu22_x86_64-7.3.2-20220804-6354275  User: oesteban  Machine: dna003  Platform: Linux  PlatformVersion: 5.14.0-427.37.1.el9_4.x86_64  CompilerName: GCC  CompilerVersion: 8.4.0
ProgramName: mris_anatomical_stats  ProgramArguments: mris_anatomical_stats -all-info  ProgramVersion: 7.3.2  TimeStamp: 2026/03/10-06:49:14-GMT  BuildTime: Aug  4 2022 06:17:15  BuildStamp: freesurfer-linux-ubuntu22_x86_64-7.3.2-20220804-6354275  User: oesteban  Machine: dna003  Platform: Linux  PlatformVersion: 5.14.0-427.37.1.el9_4.x86_64  CompilerName: GCC  CompilerVersion: 8.4.0
ProgramName: mris_ca_label  ProgramArguments: mris_ca_label -all-info  ProgramVersion: 7.3.2  TimeStamp: 2026/03/10-06:49:14-GMT  BuildTime: Aug  4 2022 06:17:15  BuildStamp: freesurfer-linux-ubuntu22_x86_64-7.3.2-20220804-6354275  User: oesteban  Machine: dna003  Platform: Linux  PlatformVersion: 5.14.0-427.37.1.el9_4.x86_64  CompilerName: GCC  CompilerVersion: 8.4.0
ProgramName: mris_calc  ProgramArguments: mris_calc -all-info  ProgramVersion: 7.3.2  TimeStamp: 2026/03/10-06:49:14-GMT  BuildTime: Aug  4 2022 06:17:15  BuildStamp: freesurfer-linux-ubuntu22_x86_64-7.3.2-20220804-6354275  User: oesteban  Machine: dna003  Platform: Linux  PlatformVersion: 5.14.0-427.37.1.el9_4.x86_64  CompilerName: GCC  CompilerVersion: 8.4.0
ProgramName: mris_convert  ProgramArguments: mris_convert -all-info  ProgramVersion: 7.3.2  TimeStamp: 2026/03/10-06:49:14-GMT  BuildTime: Aug  4 2022 06:17:15  BuildStamp: freesurfer-linux-ubuntu22_x86_64-7.3.2-20220804-6354275  User: oesteban  Machine: dna003  Platform: Linux  PlatformVersion: 5.14.0-427.37.1.el9_4.x86_64  CompilerName: GCC  CompilerVersion: 8.4.0
ProgramName: mris_curvature  ProgramArguments: mris_curvature -all-info  ProgramVersion: 7.3.2  TimeStamp: 2026/03/10-06:49:14-GMT  BuildTime: Aug  4 2022 06:17:15  BuildStamp: freesurfer-linux-ubuntu22_x86_64-7.3.2-20220804-6354275  User: oesteban  Machine: dna003  Platform: Linux  PlatformVersion: 5.14.0-427.37.1.el9_4.x86_64  CompilerName: GCC  CompilerVersion: 8.4.0
ProgramName: mris_curvature_stats  ProgramArguments: mris_curvature_stats -all-info  ProgramVersion: 7.3.2  TimeStamp: 2026/03/10-06:49:14-GMT  BuildTime: Aug  4 2022 06:17:15  BuildStamp: freesurfer-linux-ubuntu22_x86_64-7.3.2-20220804-6354275  User: oesteban  Machine: dna003  Platform: Linux  PlatformVersion: 5.14.0-427.37.1.el9_4.x86_64  CompilerName: GCC  CompilerVersion: 8.4.0
ProgramName: mris_diff  ProgramArguments: mris_diff -all-info  ProgramVersion: 7.3.2  TimeStamp: 2026/03/10-06:49:14-GMT  BuildTime: Aug  4 2022 06:17:15  BuildStamp: freesurfer-linux-ubuntu22_x86_64-7.3.2-20220804-6354275  User: oesteban  Machine: dna003  Platform: Linux  PlatformVersion: 5.14.0-427.37.1.el9_4.x86_64  CompilerName: GCC  CompilerVersion: 8.4.0
ProgramName: mris_divide_parcellation  ProgramArguments: mris_divide_parcellation -all-info  ProgramVersion: 7.3.2  TimeStamp: 2026/03/10-06:49:14-GMT  BuildTime: Aug  4 2022 06:17:15  BuildStamp: freesurfer-linux-ubuntu22_x86_64-7.3.2-20220804-6354275  User: oesteban  Machine: dna003  Platform: Linux  PlatformVersion: 5.14.0-427.37.1.el9_4.x86_64  CompilerName: GCC  CompilerVersion: 8.4.0
ProgramName: mri_segment  ProgramArguments: mri_segment -all-info  ProgramVersion: 7.3.2  TimeStamp: 2026/03/10-06:49:14-GMT  BuildTime: Aug  4 2022 06:17:15  BuildStamp: freesurfer-linux-ubuntu22_x86_64-7.3.2-20220804-6354275  User: oesteban  Machine: dna003  Platform: Linux  PlatformVersion: 5.14.0-427.37.1.el9_4.x86_64  CompilerName: GCC  CompilerVersion: 8.4.0
ProgramName: mri_segstats  ProgramArguments: mri_segstats -all-info  ProgramVersion: 7.3.2  TimeStamp: 2026/03/10-06:49:14-GMT  BuildTime: Aug  4 2022 06:17:15  BuildStamp: freesurfer-linux-ubuntu22_x86_64-7.3.2-20220804-6354275  User: oesteban  Machine: dna003  Platform: Linux  PlatformVersion: 5.14.0-427.37.1.el9_4.x86_64  CompilerName: GCC  CompilerVersion: 8.4.0
ProgramName: mris_euler_number  ProgramArguments: mris_euler_number -all-info  ProgramVersion: 7.3.2  TimeStamp: 2026/03/10-06:49:14-GMT  BuildTime: Aug  4 2022 06:17:15  BuildStamp: freesurfer-linux-ubuntu22_x86_64-7.3.2-20220804-6354275  User: oesteban  Machine: dna003  Platform: Linux  PlatformVersion: 5.14.0-427.37.1.el9_4.x86_64  CompilerName: GCC  CompilerVersion: 8.4.0
ProgramName: mris_fix_topology  ProgramArguments: mris_fix_topology -all-info  ProgramVersion: 7.3.2  TimeStamp: 2026/03/10-06:49:14-GMT  BuildTime: Aug  4 2022 06:17:15  BuildStamp: freesurfer-linux-ubuntu22_x86_64-7.3.2-20220804-6354275  User: oesteban  Machine: dna003  Platform: Linux  PlatformVersion: 5.14.0-427.37.1.el9_4.x86_64  CompilerName: GCC  CompilerVersion: 8.4.0
ProgramName: mris_topo_fixer  ProgramArguments: mris_topo_fixer -all-info  ProgramVersion: 7.3.2  TimeStamp: 2026/03/10-06:49:14-GMT  BuildTime: Aug  4 2022 06:17:15  BuildStamp: freesurfer-linux-ubuntu22_x86_64-7.3.2-20220804-6354275  User: oesteban  Machine: dna003  Platform: Linux  PlatformVersion: 5.14.0-427.37.1.el9_4.x86_64  CompilerName: GCC  CompilerVersion: 8.4.0
ProgramName: mris_jacobian  ProgramArguments: mris_jacobian -all-info  ProgramVersion: 7.3.2  TimeStamp: 2026/03/10-06:49:14-GMT  BuildTime: Aug  4 2022 06:17:15  BuildStamp: freesurfer-linux-ubuntu22_x86_64-7.3.2-20220804-6354275  User: oesteban  Machine: dna003  Platform: Linux  PlatformVersion: 5.14.0-427.37.1.el9_4.x86_64  CompilerName: GCC  CompilerVersion: 8.4.0
ProgramName: mris_label2annot  ProgramArguments: mris_label2annot -all-info  ProgramVersion: 7.3.2  TimeStamp: 2026/03/10-06:49:14-GMT  BuildTime: Aug  4 2022 06:17:15  BuildStamp: freesurfer-linux-ubuntu22_x86_64-7.3.2-20220804-6354275  User: oesteban  Machine: dna003  Platform: Linux  PlatformVersion: 5.14.0-427.37.1.el9_4.x86_64  CompilerName: GCC  CompilerVersion: 8.4.0
ProgramName: mris_left_right_register  ProgramArguments: mris_left_right_register -all-info  ProgramVersion: 7.3.2  TimeStamp: 2026/03/10-06:49:14-GMT  BuildTime: Aug  4 2022 06:17:15  BuildStamp: freesurfer-linux-ubuntu22_x86_64-7.3.2-20220804-6354275  User: oesteban  Machine: dna003  Platform: Linux  PlatformVersion: 5.14.0-427.37.1.el9_4.x86_64  CompilerName: GCC  CompilerVersion: 8.4.0
ProgramName: mris_place_surface  ProgramArguments: mris_place_surface -all-info  ProgramVersion: 7.3.2  TimeStamp: 2026/03/10-06:49:14-GMT  BuildTime: Aug  4 2022 06:17:15  BuildStamp: freesurfer-linux-ubuntu22_x86_64-7.3.2-20220804-6354275  User: oesteban  Machine: dna003  Platform: Linux  PlatformVersion: 5.14.0-427.37.1.el9_4.x86_64  CompilerName: GCC  CompilerVersion: 8.4.0
ProgramName: mrisp_paint  ProgramArguments: mrisp_paint -all-info  ProgramVersion: 7.3.2  TimeStamp: 2026/03/10-06:49:14-GMT  BuildTime: Aug  4 2022 06:17:15  BuildStamp: freesurfer-linux-ubuntu22_x86_64-7.3.2-20220804-6354275  User: oesteban  Machine: dna003  Platform: Linux  PlatformVersion: 5.14.0-427.37.1.el9_4.x86_64  CompilerName: GCC  CompilerVersion: 8.4.0
ProgramName: mris_register  ProgramArguments: mris_register -all-info  ProgramVersion: 7.3.2  TimeStamp: 2026/03/10-06:49:14-GMT  BuildTime: Aug  4 2022 06:17:15  BuildStamp: freesurfer-linux-ubuntu22_x86_64-7.3.2-20220804-6354275  User: oesteban  Machine: dna003  Platform: Linux  PlatformVersion: 5.14.0-427.37.1.el9_4.x86_64  CompilerName: GCC  CompilerVersion: 8.4.0
ProgramName: mris_smooth  ProgramArguments: mris_smooth -all-info  ProgramVersion: 7.3.2  TimeStamp: 2026/03/10-06:49:14-GMT  BuildTime: Aug  4 2022 06:17:15  BuildStamp: freesurfer-linux-ubuntu22_x86_64-7.3.2-20220804-6354275  User: oesteban  Machine: dna003  Platform: Linux  PlatformVersion: 5.14.0-427.37.1.el9_4.x86_64  CompilerName: GCC  CompilerVersion: 8.4.0
ProgramName: mris_sphere  ProgramArguments: mris_sphere -all-info  ProgramVersion: 7.3.2  TimeStamp: 2026/03/10-06:49:14-GMT  BuildTime: Aug  4 2022 06:17:15  BuildStamp: freesurfer-linux-ubuntu22_x86_64-7.3.2-20220804-6354275  User: oesteban  Machine: dna003  Platform: Linux  PlatformVersion: 5.14.0-427.37.1.el9_4.x86_64  CompilerName: GCC  CompilerVersion: 8.4.0
ProgramName: mris_surface_stats  ProgramArguments: mris_surface_stats -all-info  ProgramVersion: 7.3.2  TimeStamp: 2026/03/10-06:49:14-GMT  BuildTime: Aug  4 2022 06:17:15  BuildStamp: freesurfer-linux-ubuntu22_x86_64-7.3.2-20220804-6354275  User: oesteban  Machine: dna003  Platform: Linux  PlatformVersion: 5.14.0-427.37.1.el9_4.x86_64  CompilerName: GCC  CompilerVersion: 8.4.0
ProgramName: mri_stats2seg  ProgramArguments: mri_stats2seg -all-info  ProgramVersion: 7.3.2  TimeStamp: 2026/03/10-06:49:14-GMT  BuildTime: Aug  4 2022 06:17:15  BuildStamp: freesurfer-linux-ubuntu22_x86_64-7.3.2-20220804-6354275  User: oesteban  Machine: dna003  Platform: Linux  PlatformVersion: 5.14.0-427.37.1.el9_4.x86_64  CompilerName: GCC  CompilerVersion: 8.4.0
ProgramName: mris_thickness  ProgramArguments: mris_thickness -all-info  ProgramVersion: 7.3.2  TimeStamp: 2026/03/10-06:49:14-GMT  BuildTime: Aug  4 2022 06:17:15  BuildStamp: freesurfer-linux-ubuntu22_x86_64-7.3.2-20220804-6354275  User: oesteban  Machine: dna003  Platform: Linux  PlatformVersion: 5.14.0-427.37.1.el9_4.x86_64  CompilerName: GCC  CompilerVersion: 8.4.0
ProgramName: mris_thickness_diff  ProgramArguments: mris_thickness_diff -all-info  ProgramVersion: 7.3.2  TimeStamp: 2026/03/10-06:49:14-GMT  BuildTime: Aug  4 2022 06:17:15  BuildStamp: freesurfer-linux-ubuntu22_x86_64-7.3.2-20220804-6354275  User: oesteban  Machine: dna003  Platform: Linux  PlatformVersion: 5.14.0-427.37.1.el9_4.x86_64  CompilerName: GCC  CompilerVersion: 8.4.0
ProgramName: mris_topo_fixer  ProgramArguments: mris_topo_fixer -all-info  ProgramVersion: 7.3.2  TimeStamp: 2026/03/10-06:49:14-GMT  BuildTime: Aug  4 2022 06:17:15  BuildStamp: freesurfer-linux-ubuntu22_x86_64-7.3.2-20220804-6354275  User: oesteban  Machine: dna003  Platform: Linux  PlatformVersion: 5.14.0-427.37.1.el9_4.x86_64  CompilerName: GCC  CompilerVersion: 8.4.0
ProgramName: mri_surf2surf  ProgramArguments: mri_surf2surf -all-info  ProgramVersion: 7.3.2  TimeStamp: 2026/03/10-06:49:14-GMT  BuildTime: Aug  4 2022 06:17:15  BuildStamp: freesurfer-linux-ubuntu22_x86_64-7.3.2-20220804-6354275  User: oesteban  Machine: dna003  Platform: Linux  PlatformVersion: 5.14.0-427.37.1.el9_4.x86_64  CompilerName: GCC  CompilerVersion: 8.4.0
ProgramName: mri_surf2vol  ProgramArguments: mri_surf2vol -all-info  ProgramVersion: 7.3.2  TimeStamp: 2026/03/10-06:49:14-GMT  BuildTime: Aug  4 2022 06:17:15  BuildStamp: freesurfer-linux-ubuntu22_x86_64-7.3.2-20220804-6354275  User: oesteban  Machine: dna003  Platform: Linux  PlatformVersion: 5.14.0-427.37.1.el9_4.x86_64  CompilerName: GCC  CompilerVersion: 8.4.0
ProgramName: mri_surfcluster  ProgramArguments: mri_surfcluster -all-info  ProgramVersion: 7.3.2  TimeStamp: 2026/03/10-06:49:14-GMT  BuildTime: Aug  4 2022 06:17:15  BuildStamp: freesurfer-linux-ubuntu22_x86_64-7.3.2-20220804-6354275  User: oesteban  Machine: dna003  Platform: Linux  PlatformVersion: 5.14.0-427.37.1.el9_4.x86_64  CompilerName: GCC  CompilerVersion: 8.4.0
ProgramName: mris_volmask  ProgramArguments: mris_volmask -all-info  ProgramVersion: 7.3.2  TimeStamp: 2026/03/10-06:49:14-GMT  BuildTime: Aug  4 2022 06:17:15  BuildStamp: freesurfer-linux-ubuntu22_x86_64-7.3.2-20220804-6354275  User: oesteban  Machine: dna003  Platform: Linux  PlatformVersion: 5.14.0-427.37.1.el9_4.x86_64  CompilerName: GCC  CompilerVersion: 8.4.0
ProgramName: mri_tessellate  ProgramArguments: mri_tessellate -all-info  ProgramVersion: 7.3.2  TimeStamp: 2026/03/10-06:49:14-GMT  BuildTime: Aug  4 2022 06:17:15  BuildStamp: freesurfer-linux-ubuntu22_x86_64-7.3.2-20220804-6354275  User: oesteban  Machine: dna003  Platform: Linux  PlatformVersion: 5.14.0-427.37.1.el9_4.x86_64  CompilerName: GCC  CompilerVersion: 8.4.0
ProgramName: mri_vol2surf  ProgramArguments: mri_vol2surf -all-info  ProgramVersion: 7.3.2  TimeStamp: 2026/03/10-06:49:14-GMT  BuildTime: Aug  4 2022 06:17:15  BuildStamp: freesurfer-linux-ubuntu22_x86_64-7.3.2-20220804-6354275  User: oesteban  Machine: dna003  Platform: Linux  PlatformVersion: 5.14.0-427.37.1.el9_4.x86_64  CompilerName: GCC  CompilerVersion: 8.4.0
ProgramName: mri_vol2vol  ProgramArguments: mri_vol2vol -all-info  ProgramVersion: 7.3.2  TimeStamp: 2026/03/10-06:49:14-GMT  BuildTime: Aug  4 2022 06:17:15  BuildStamp: freesurfer-linux-ubuntu22_x86_64-7.3.2-20220804-6354275  User: oesteban  Machine: dna003  Platform: Linux  PlatformVersion: 5.14.0-427.37.1.el9_4.x86_64  CompilerName: GCC  CompilerVersion: 8.4.0
ProgramName: mri_voldiff  ProgramArguments: mri_voldiff -all-info  ProgramVersion: 7.3.2  TimeStamp: 2026/03/10-06:49:14-GMT  BuildTime: Aug  4 2022 06:17:15  BuildStamp: freesurfer-linux-ubuntu22_x86_64-7.3.2-20220804-6354275  User: oesteban  Machine: dna003  Platform: Linux  PlatformVersion: 5.14.0-427.37.1.el9_4.x86_64  CompilerName: GCC  CompilerVersion: 8.4.0
ProgramName: mri_watershed  ProgramArguments: mri_watershed -all-info  ProgramVersion: 7.3.2  TimeStamp: 2026/03/10-06:49:14-GMT  BuildTime: Aug  4 2022 06:17:15  BuildStamp: freesurfer-linux-ubuntu22_x86_64-7.3.2-20220804-6354275  User: oesteban  Machine: dna003  Platform: Linux  PlatformVersion: 5.14.0-427.37.1.el9_4.x86_64  CompilerName: GCC  CompilerVersion: 8.4.0
ProgramName: tkregister2  ProgramArguments: tkregister2_cmdl -all-info  ProgramVersion: 7.3.2  TimeStamp: 2026/03/10-06:49:14-GMT  BuildTime: Aug  4 2022 06:17:15  BuildStamp: freesurfer-linux-ubuntu22_x86_64-7.3.2-20220804-6354275  User: oesteban  Machine: dna003  Platform: Linux  PlatformVersion: 5.14.0-427.37.1.el9_4.x86_64  CompilerName: GCC  CompilerVersion: 8.4.0
mri_motion_correct.fsl 7.3.2
mri_convert -all-info 
ProgramName: mri_convert  ProgramArguments: mri_convert -all-info  ProgramVersion: 7.3.2  TimeStamp: 2026/03/10-06:49:14-GMT  BuildTime: Aug  4 2022 06:17:15  BuildStamp: freesurfer-linux-ubuntu22_x86_64-7.3.2-20220804-6354275  User: oesteban  Machine: dna003  Platform: Linux  PlatformVersion: 5.14.0-427.37.1.el9_4.x86_64  CompilerName: GCC  CompilerVersion: 8.4.0
Program nu_correct, built from:
Package MNI N3, version 1.12.0, compiled by nicks@terrier (x86_64-unknown-linux-gnu) on 2015-06-19 at 01:25:34
#######################################
GCADIR /opt/freesurfer/average
GCA RB_all_2020-01-02.gca
GCASkull RB_all_withskull_2020_01_02.gca
AvgCurvTif folding.atlas.acfb40.noaparc.i12.2016-08-02.tif
GCSDIR /opt/freesurfer/average
GCS DKaparc.atlas.acfb40.noaparc.i12.2016-08-02.gcs
#######################################
#--------------------------------------------
#@# AutoDetGWStats rh Tue Mar 10 07:49:14 CET 2026
cd /out/sourcedata/freesurfer/sub-v1s6x0051362_ses-1/mri
mris_autodet_gwstats --o ../surf/autodet.gw.stats.rh.dat --i brain.finalsurfs.mgz --wm wm.mgz --surf ../surf/rh.orig.premesh
  Update not needed
#--------------------------------------------
#@# WhitePreAparc rh Tue Mar 10 07:49:14 CET 2026
cd /out/sourcedata/freesurfer/sub-v1s6x0051362_ses-1/mri
mris_place_surface --adgws-in ../surf/autodet.gw.stats.rh.dat --wm wm.mgz --threads 16 --invol brain.finalsurfs.mgz --rh --i ../surf/rh.orig --o ../surf/rh.white.preaparc --white --seg aseg.presurf.mgz --nsmooth 5
   Update not needed
#--------------------------------------------
#@# CortexLabel rh Tue Mar 10 07:49:14 CET 2026
cd /out/sourcedata/freesurfer/sub-v1s6x0051362_ses-1/mri
mri_label2label --label-cortex ../surf/rh.white.preaparc aseg.presurf.mgz 0 ../label/rh.cortex.label
   Update not needed
#--------------------------------------------
#@# CortexLabel+HipAmyg rh Tue Mar 10 07:49:14 CET 2026
cd /out/sourcedata/freesurfer/sub-v1s6x0051362_ses-1/mri
mri_label2label --label-cortex ../surf/rh.white.preaparc aseg.presurf.mgz 1 ../label/rh.cortex+hipamyg.label
   Update not needed
#@# white curv rh Tue Mar 10 07:49:14 CET 2026
cd /out/sourcedata/freesurfer/sub-v1s6x0051362_ses-1/mri
mris_place_surface --curv-map ../surf/rh.white 2 10 ../surf/rh.curv
   Update not needed
#@# white area rh Tue Mar 10 07:49:14 CET 2026
cd /out/sourcedata/freesurfer/sub-v1s6x0051362_ses-1/mri
mris_place_surface --area-map ../surf/rh.white ../surf/rh.area
   Update not needed
#@# pial curv rh Tue Mar 10 07:49:14 CET 2026
cd /out/sourcedata/freesurfer/sub-v1s6x0051362_ses-1/mri
mris_place_surface --curv-map ../surf/rh.pial 2 10 ../surf/rh.curv.pial
   Update not needed
#@# pial area rh Tue Mar 10 07:49:14 CET 2026
cd /out/sourcedata/freesurfer/sub-v1s6x0051362_ses-1/mri
mris_place_surface --area-map ../surf/rh.pial ../surf/rh.area.pial
   Update not needed
#@# thickness rh Tue Mar 10 07:49:14 CET 2026
cd /out/sourcedata/freesurfer/sub-v1s6x0051362_ses-1/mri
mris_place_surface --thickness ../surf/rh.white ../surf/rh.pial 20 5 ../surf/rh.thickness
   Update not needed
#@# area and vertex vol rh Tue Mar 10 07:49:14 CET 2026
cd /out/sourcedata/freesurfer/sub-v1s6x0051362_ses-1/mri
mris_place_surface --thickness ../surf/rh.white ../surf/rh.pial 20 5 ../surf/rh.thickness
   Update not needed
#-----------------------------------------
#@# Parcellation Stats rh Tue Mar 10 07:49:14 CET 2026
/out/sourcedata/freesurfer/sub-v1s6x0051362_ses-1/scripts

 mris_anatomical_stats -th3 -mgz -noglobal -cortex ../label/rh.cortex.label -f ../stats/rh.aparc.stats -b -a ../label/rh.aparc.annot -c ../label/aparc.annot.ctab sub-v1s6x0051362_ses-1 rh white 

computing statistics for each annotation in ../label/rh.aparc.annot.
reading volume /out/sourcedata/freesurfer/sub-v1s6x0051362_ses-1/mri/wm.mgz...
reading input surface /out/sourcedata/freesurfer/sub-v1s6x0051362_ses-1/surf/rh.white...
reading input pial surface /out/sourcedata/freesurfer/sub-v1s6x0051362_ses-1/surf/rh.pial...
reading input white surface /out/sourcedata/freesurfer/sub-v1s6x0051362_ses-1/surf/rh.white...
INFO: using TH3 volume calc
INFO: assuming MGZ format for volumes.
INFO: not computing global stats
INFO: using ../label/rh.cortex.label as mask to calc cortex NumVert, SurfArea and MeanThickness.
Using TH3 vertex volume calc
Total face volume 209520
Total vertex volume 209329 (mask=0)
Saving annotation colortable ../label/aparc.annot.ctab

table columns are:
    number of vertices
    total surface area (mm^2)
    total gray matter volume (mm^3)
    average cortical thickness +- standard deviation (mm)
    integrated rectified mean curvature
    integrated rectified Gaussian curvature
    folding index
    intrinsic curvature index
    structure name

 1209    825   2042  2.650 0.296     0.110     0.018        8     1.0  bankssts
  793    517   1074  1.912 0.665     0.128     0.018       11     0.7  caudalanteriorcingulate
 2810   1909   4862  2.413 0.356     0.111     0.021       25     2.5  caudalmiddlefrontal
 2332   1506   3226  1.893 0.634     0.127     0.027       27     2.8  cuneus
  448    320   1532  3.291 0.691     0.139     0.032        5     0.6  entorhinal
 4136   2785   8993  2.875 0.624     0.125     0.029       44     4.9  fusiform
 8063   5453  14096  2.447 0.437     0.119     0.022       78     7.6  inferiorparietal
 4359   2991   9779  2.842 0.679     0.120     0.026       51     4.3  inferiortemporal
 1373    882   2256  2.335 0.757     0.109     0.024       14     1.3  isthmuscingulate
 6682   4480   8692  1.882 0.500     0.133     0.027       77     7.7  lateraloccipital
 3220   2194   6057  2.724 0.663     0.120     0.030       38     3.8  lateralorbitofrontal
 5176   3524   7645  1.962 0.750     0.130     0.028       62     6.2  lingual
 2928   2016   5132  2.330 0.628     0.118     0.024       37     3.0  medialorbitofrontal
 5437   3660  12861  3.038 0.609     0.107     0.020       56     4.6  middletemporal
  950    588   1993  2.845 0.836     0.089     0.017        7     0.5  parahippocampal
 2365   1419   3246  2.251 0.454     0.104     0.020       14     2.2  paracentral
 1897   1268   3581  2.689 0.378     0.105     0.021       14     1.8  parsopercularis
 1140    869   2917  2.644 0.614     0.159     0.036       19     1.9  parsorbitalis
 2558   1865   4974  2.399 0.453     0.128     0.026       28     2.7  parstriangularis
 2403   1661   2383  1.604 0.508     0.124     0.030       23     2.9  pericalcarine
 5676   3488   7423  1.942 0.562     0.102     0.019       45     4.8  postcentral
 1774   1232   3170  2.306 0.741     0.129     0.025       27     1.9  posteriorcingulate
 6672   4182  10898  2.447 0.482     0.098     0.018       43     5.1  precentral
 5090   3434   8304  2.313 0.520     0.116     0.023       50     4.9  precuneus
  572    389    931  2.318 0.522     0.137     0.029       10     0.8  rostralanteriorcingulate
 8080   5712  14245  2.285 0.507     0.124     0.027       98     8.8  rostralmiddlefrontal
 8652   5946  16380  2.439 0.486     0.116     0.024       80     8.7  superiorfrontal
 7556   5132  11471  2.079 0.406     0.125     0.023       85     7.5  superiorparietal
 5613   3557  10911  2.739 0.570     0.092     0.017       38     3.9  superiortemporal
 4813   3196   8373  2.445 0.462     0.117     0.023       45     4.5  supramarginal
  421    280    909  2.492 0.468     0.146     0.033        9     0.6  frontalpole
  603    438   2316  3.573 0.843     0.165     0.054       10     1.4  temporalpole
  552    280    766  2.364 0.324     0.071     0.012        2     0.2  transversetemporal
 2840   1912   5888  3.036 0.728     0.110     0.027       23     2.8  insula

 mris_anatomical_stats -th3 -mgz -noglobal -cortex ../label/rh.cortex.label -f ../stats/rh.aparc.pial.stats -b -a ../label/rh.aparc.annot -c ../label/aparc.annot.ctab sub-v1s6x0051362_ses-1 rh pial 

computing statistics for each annotation in ../label/rh.aparc.annot.
reading volume /out/sourcedata/freesurfer/sub-v1s6x0051362_ses-1/mri/wm.mgz...
reading input surface /out/sourcedata/freesurfer/sub-v1s6x0051362_ses-1/surf/rh.pial...
reading input pial surface /out/sourcedata/freesurfer/sub-v1s6x0051362_ses-1/surf/rh.pial...
reading input white surface /out/sourcedata/freesurfer/sub-v1s6x0051362_ses-1/surf/rh.white...
INFO: using TH3 volume calc
INFO: assuming MGZ format for volumes.
INFO: not computing global stats
INFO: using ../label/rh.cortex.label as mask to calc cortex NumVert, SurfArea and MeanThickness.
Using TH3 vertex volume calc
Total face volume 209520
Total vertex volume 209329 (mask=0)
Saving annotation colortable ../label/aparc.annot.ctab

table columns are:
    number of vertices
    total surface area (mm^2)
    total gray matter volume (mm^3)
    average cortical thickness +- standard deviation (mm)
    integrated rectified mean curvature
    integrated rectified Gaussian curvature
    folding index
    intrinsic curvature index
    structure name

 1209    749   2042  2.650 0.296     0.118     0.043       43     1.5  bankssts
  793    595   1074  1.912 0.665     0.145     0.038       22     1.1  caudalanteriorcingulate
 2810   2122   4862  2.413 0.356     0.117     0.023       39     2.6  caudalmiddlefrontal
 2332   1978   3226  1.893 0.634     0.120     0.026       25     2.4  cuneus
  448    624   1532  3.291 0.691     0.259     0.073       10     1.5  entorhinal
 4136   3633   8993  2.875 0.624     0.158     0.046      114     7.6  fusiform
 8063   6058  14096  2.447 0.437     0.148     0.036    40322    14.5  inferiorparietal
 4359   3792   9779  2.842 0.679     0.143     0.039      116     6.3  inferiortemporal
 1373   1057   2256  2.335 0.757     0.149     0.047       56     2.6  isthmuscingulate
 6682   4983   8692  1.882 0.500     0.121     0.028      116     7.8  lateraloccipital
 3220   2379   6057  2.724 0.663     0.136     0.058       92     4.1  lateralorbitofrontal
 5176   4507   7645  1.962 0.750     0.146     0.036      101     7.7  lingual
 2928   2530   5132  2.330 0.628     0.137     0.030       40     3.6  medialorbitofrontal
 5437   4743  12861  3.038 0.609     0.122     0.026       59     6.2  middletemporal
  950    809   1993  2.845 0.836     0.153     0.038       20     1.7  parahippocampal
 2365   1513   3246  2.251 0.454     0.098     0.021       25     2.0  paracentral
 1897   1426   3581  2.689 0.378     0.125     0.027       23     2.2  parsopercularis
 1140   1336   2917  2.644 0.614     0.189     0.035       14     1.9  parsorbitalis
 2558   2300   4974  2.399 0.453     0.156     0.033       66     3.7  parstriangularis
 2403   1421   2383  1.604 0.508     0.100     0.026       50     2.2  pericalcarine
 5676   4234   7423  1.942 0.562     0.109     0.020       51     4.8  postcentral
 1774   1534   3170  2.306 0.741     0.156     0.040       35     2.9  posteriorcingulate
 6672   4670  10898  2.447 0.482     0.095     0.016       68     4.4  precentral
 5090   3792   8304  2.313 0.520     0.129     0.032       78     6.5  precuneus
  572    447    931  2.318 0.522     0.171     0.054       35     1.2  rostralanteriorcingulate
 8080   6687  14245  2.285 0.507     0.149     0.033      130    10.9  rostralmiddlefrontal
 8652   7336  16380  2.439 0.486     0.137     0.030      113    10.7  superiorfrontal
 7556   5948  11471  2.079 0.406     0.130     0.026      103     8.2  superiorparietal
 5613   4271  10911  2.739 0.570     0.107     0.020       58     4.6  superiortemporal
 4813   3598   8373  2.445 0.462     0.123     0.028       68     5.2  supramarginal
  421    462    909  2.492 0.468     0.190     0.031        6     0.6  frontalpole
  603    842   2316  3.573 0.843     0.209     0.042        6     1.4  temporalpole
  552    372    766  2.364 0.324     0.083     0.015        2     0.4  transversetemporal
 2840   1804   5888  3.036 0.728     0.138     0.039      108     4.1  insula
#-----------------------------------------
#@# Parcellation Stats 2 rh Tue Mar 10 07:49:29 CET 2026
/out/sourcedata/freesurfer/sub-v1s6x0051362_ses-1/scripts

 mris_anatomical_stats -th3 -mgz -noglobal -cortex ../label/rh.cortex.label -f ../stats/rh.aparc.a2009s.stats -b -a ../label/rh.aparc.a2009s.annot -c ../label/aparc.annot.a2009s.ctab sub-v1s6x0051362_ses-1 rh white 

computing statistics for each annotation in ../label/rh.aparc.a2009s.annot.
reading volume /out/sourcedata/freesurfer/sub-v1s6x0051362_ses-1/mri/wm.mgz...
reading input surface /out/sourcedata/freesurfer/sub-v1s6x0051362_ses-1/surf/rh.white...
reading input pial surface /out/sourcedata/freesurfer/sub-v1s6x0051362_ses-1/surf/rh.pial...
reading input white surface /out/sourcedata/freesurfer/sub-v1s6x0051362_ses-1/surf/rh.white...
INFO: using TH3 volume calc
INFO: assuming MGZ format for volumes.
INFO: not computing global stats
INFO: using ../label/rh.cortex.label as mask to calc cortex NumVert, SurfArea and MeanThickness.
Using TH3 vertex volume calc
Total face volume 209520
Total vertex volume 209329 (mask=0)
Saving annotation colortable ../label/aparc.annot.a2009s.ctab

table columns are:
    number of vertices
    total surface area (mm^2)
    total gray matter volume (mm^3)
    average cortical thickness +- standard deviation (mm)
    integrated rectified mean curvature
    integrated rectified Gaussian curvature
    folding index
    intrinsic curvature index
    structure name

  910    626   1621  2.307 0.535     0.125     0.029       12     1.0  G_and_S_frontomargin
 1295    860   1935  1.996 0.505     0.129     0.024       14     1.3  G_and_S_occipital_inf
 1383    823   2031  2.103 0.507     0.107     0.022       12     1.3  G_and_S_paracentral
 1404    907   2460  2.461 0.460     0.133     0.030       16     1.7  G_and_S_subcentral
 1101    794   2586  2.676 0.523     0.148     0.042       21     1.8  G_and_S_transv_frontopol
 2946   2028   5159  2.406 0.549     0.129     0.026       35     3.3  G_and_S_cingul-Ant
 1274    867   2147  2.450 0.515     0.124     0.024       12     1.4  G_and_S_cingul-Mid-Ant
 1269    843   2300  2.571 0.453     0.111     0.021       11     1.0  G_and_S_cingul-Mid-Post
  685    451   1525  2.695 0.481     0.139     0.030       11     0.8  G_cingul-Post-dorsal
  300    189    762  2.949 0.633     0.130     0.038        3     0.5  G_cingul-Post-ventral
 2155   1389   3069  1.875 0.675     0.130     0.029       27     2.7  G_cuneus
 1334    876   3002  2.675 0.395     0.115     0.022       14     1.3  G_front_inf-Opercular
  470    341   1263  2.680 0.398     0.154     0.036        9     0.7  G_front_inf-Orbital
 1208    933   2936  2.444 0.455     0.140     0.030       17     1.4  G_front_inf-Triangul
 3524   2625   8177  2.424 0.429     0.143     0.033       64     4.6  G_front_middle
 5466   3749  11384  2.484 0.489     0.125     0.027       61     6.2  G_front_sup
  533    388   1212  3.020 0.629     0.131     0.031        9     0.6  G_Ins_lg_and_S_cent_ins
  586    405   1994  3.683 0.834     0.114     0.031        5     0.7  G_insular_short
 2196   1454   4425  2.374 0.478     0.123     0.024       26     2.1  G_occipital_middle
 1534    996   2050  1.852 0.384     0.135     0.027       20     1.8  G_occipital_sup
 1846   1225   4606  2.926 0.719     0.138     0.037       27     2.8  G_oc-temp_lat-fusifor
 3444   2322   5446  1.927 0.821     0.137     0.032       47     4.6  G_oc-temp_med-Lingual
 1055    673   3114  3.206 0.825     0.116     0.026       12     1.0  G_oc-temp_med-Parahip
 2186   1568   5629  2.791 0.688     0.134     0.037       40     3.1  G_orbital
 2718   1844   6186  2.617 0.481     0.132     0.027       36     3.1  G_pariet_inf-Angular
 2274   1498   4927  2.675 0.447     0.124     0.025       27     2.3  G_pariet_inf-Supramar
 1862   1374   3869  2.282 0.395     0.136     0.027       25     2.1  G_parietal_sup
 2013   1123   3029  2.128 0.508     0.103     0.021       18     1.7  G_postcentral
 2557   1457   5220  2.684 0.397     0.093     0.019       17     2.0  G_precentral
 2411   1649   4787  2.388 0.495     0.131     0.027       36     2.7  G_precuneus
  844    564   1685  2.322 0.540     0.108     0.023       13     0.8  G_rectus
  467    312    699  2.417 0.756     0.123     0.044        6     0.7  G_subcallosal
  501    252    731  2.365 0.266     0.068     0.012        2     0.2  G_temp_sup-G_T_transv
 1893   1153   4672  2.928 0.545     0.103     0.022       19     1.7  G_temp_sup-Lateral
  758    506   1558  2.864 0.667     0.078     0.022        3     0.6  G_temp_sup-Plan_polar
  881    575   1483  2.474 0.407     0.102     0.017        6     0.6  G_temp_sup-Plan_tempo
 2253   1556   6004  2.860 0.706     0.130     0.032       36     2.6  G_temporal_inf
 3209   2150   8855  3.138 0.590     0.113     0.022       42     2.8  G_temporal_middle
  505    340    631  2.283 0.306     0.114     0.023        3     0.5  Lat_Fis-ant-Horizont
  212    159    351  2.869 0.462     0.133     0.030        2     0.2  Lat_Fis-ant-Vertical
 1262    824   1633  2.502 0.429     0.111     0.021        7     1.1  Lat_Fis-post
 3030   2031   3387  1.582 0.453     0.134     0.030       38     3.8  Pole_occipital
 1612   1160   5736  3.650 0.639     0.143     0.039       23     2.5  Pole_temporal
 2470   1738   2721  1.802 0.569     0.121     0.027       21     2.8  S_calcarine
 2889   1924   2972  1.762 0.513     0.092     0.015       14     2.0  S_central
 1352    910   1766  2.165 0.398     0.101     0.018        7     1.1  S_cingul-Marginalis
  464    314    709  2.880 0.444     0.103     0.021        2     0.4  S_circular_insula_ant
 1145    731   1498  2.417 0.462     0.072     0.012        3     0.6  S_circular_insula_inf
 1300    853   1804  2.630 0.497     0.106     0.022        7     1.3  S_circular_insula_sup
  856    569   1285  2.698 0.394     0.098     0.015        4     0.6  S_collat_transv_ant
  581    414    730  1.987 0.494     0.159     0.042        8     1.1  S_collat_transv_post
 2116   1401   2748  2.263 0.379     0.106     0.020       12     1.7  S_front_inf
 2053   1422   2792  2.096 0.443     0.104     0.017       12     1.7  S_front_middle
 2263   1490   2967  2.195 0.423     0.093     0.015       12     1.3  S_front_sup
  301    218    446  2.086 0.420     0.085     0.014        1     0.2  S_interm_prim-Jensen
 3552   2375   4570  2.122 0.394     0.113     0.020       30     2.9  S_intrapariet_and_P_trans
  839    587    842  1.810 0.423     0.148     0.026       11     1.0  S_oc_middle_and_Lunatus
 1696   1101   1953  2.016 0.368     0.117     0.022       15     1.6  S_oc_sup_and_transversal
  771    531   1033  2.258 0.300     0.100     0.013        4     0.5  S_occipital_ant
 1014    691   1769  2.681 0.530     0.099     0.018        6     0.7  S_oc-temp_lat
 2010   1362   2967  2.604 0.448     0.100     0.015       10     1.4  S_oc-temp_med_and_Lingual
  434    305    503  1.962 0.491     0.120     0.020        3     0.4  S_orbital_lateral
  872    579   1044  2.163 0.696     0.099     0.015        5     0.6  S_orbital_med-olfact
 1098    742   1959  2.728 0.621     0.109     0.023        7     1.1  S_orbital-H_Shaped
 1842   1194   2039  1.929 0.493     0.103     0.016       12     1.3  S_parieto_occipital
 1218    805    945  1.467 0.543     0.120     0.022       20     1.2  S_pericallosal
 2396   1581   2805  2.001 0.367     0.107     0.019       17     2.0  S_postcentral
 1697   1104   2316  2.508 0.371     0.089     0.014        8     1.1  S_precentral-inf-part
 1099    727   1424  2.382 0.403     0.084     0.012        4     0.6  S_precentral-sup-part
  231    166    362  2.484 0.682     0.140     0.018        2     0.2  S_suborbital
 1142    778   1692  2.414 0.395     0.119     0.023       10     1.1  S_subparietal
 1083    754   1742  2.775 0.635     0.113     0.019        6     1.1  S_temporal_inf
 6834   4540  10414  2.600 0.412     0.102     0.017       43     5.1  S_temporal_sup
  209    143    240  1.981 0.362     0.123     0.025        2     0.3  S_temporal_transverse
#-----------------------------------------
#@# Parcellation Stats 3 rh Tue Mar 10 07:49:36 CET 2026
/out/sourcedata/freesurfer/sub-v1s6x0051362_ses-1/scripts

 mris_anatomical_stats -th3 -mgz -noglobal -cortex ../label/rh.cortex.label -f ../stats/rh.aparc.DKTatlas.stats -b -a ../label/rh.aparc.DKTatlas.annot -c ../label/aparc.annot.DKTatlas.ctab sub-v1s6x0051362_ses-1 rh white 

computing statistics for each annotation in ../label/rh.aparc.DKTatlas.annot.
reading volume /out/sourcedata/freesurfer/sub-v1s6x0051362_ses-1/mri/wm.mgz...
reading input surface /out/sourcedata/freesurfer/sub-v1s6x0051362_ses-1/surf/rh.white...
reading input pial surface /out/sourcedata/freesurfer/sub-v1s6x0051362_ses-1/surf/rh.pial...
reading input white surface /out/sourcedata/freesurfer/sub-v1s6x0051362_ses-1/surf/rh.white...
INFO: using TH3 volume calc
INFO: assuming MGZ format for volumes.
INFO: not computing global stats
INFO: using ../label/rh.cortex.label as mask to calc cortex NumVert, SurfArea and MeanThickness.
Using TH3 vertex volume calc
Total face volume 209520
Total vertex volume 209329 (mask=0)
Saving annotation colortable ../label/aparc.annot.DKTatlas.ctab

table columns are:
    number of vertices
    total surface area (mm^2)
    total gray matter volume (mm^3)
    average cortical thickness +- standard deviation (mm)
    integrated rectified mean curvature
    integrated rectified Gaussian curvature
    folding index
    intrinsic curvature index
    structure name

 1043    696   1594  2.045 0.713     0.133     0.021       15     1.1  caudalanteriorcingulate
 2952   2009   5098  2.407 0.362     0.111     0.021       26     2.6  caudalmiddlefrontal
 2720   1744   3682  1.862 0.609     0.122     0.026       29     3.1  cuneus
  440    309   1516  3.287 0.693     0.139     0.033        5     0.6  entorhinal
 3840   2579   7907  2.820 0.601     0.125     0.028       41     4.7  fusiform
 7891   5348  13712  2.446 0.438     0.121     0.023       79     7.6  inferiorparietal
 4737   3254  11013  2.867 0.702     0.122     0.027       57     4.8  inferiortemporal
 1351    863   2181  2.348 0.741     0.110     0.025       14     1.3  isthmuscingulate
 6692   4504   8765  1.872 0.498     0.133     0.026       78     7.7  lateraloccipital
 3539   2369   6907  2.678 0.667     0.116     0.029       44     3.9  lateralorbitofrontal
 5086   3453   7484  1.959 0.740     0.129     0.028       60     6.1  lingual
 2195   1512   3942  2.350 0.633     0.116     0.026       30     2.5  medialorbitofrontal
 6413   4310  14453  2.967 0.596     0.107     0.020       62     5.4  middletemporal
 1015    635   2139  2.864 0.828     0.091     0.017        7     0.6  parahippocampal
 2452   1475   3406  2.259 0.460     0.103     0.020       15     2.2  paracentral
 2405   1621   4541  2.674 0.385     0.113     0.023       20     2.3  parsopercularis
 1040    785   2474  2.650 0.512     0.150     0.034       16     1.5  parsorbitalis
 2294   1675   4272  2.335 0.439     0.125     0.025       23     2.4  parstriangularis
 2367   1637   2333  1.598 0.510     0.124     0.030       23     2.9  pericalcarine
 6294   3905   8379  1.971 0.562     0.106     0.020       53     5.4  postcentral
 1850   1284   3294  2.337 0.724     0.129     0.026       27     2.0  posteriorcingulate
 6447   4030  10575  2.451 0.482     0.097     0.018       40     5.0  precentral
 5259   3562   8624  2.308 0.517     0.118     0.023       54     4.9  precuneus
  872    581   1299  2.339 0.602     0.128     0.027       12     1.0  rostralanteriorcingulate
 5836   4185  10608  2.265 0.498     0.127     0.027       72     6.4  rostralmiddlefrontal
11037   7625  20589  2.415 0.509     0.119     0.025      112    11.6  superiorfrontal
 6320   4301   9706  2.097 0.401     0.124     0.023       71     6.2  superiorparietal
 7029   4542  14533  2.808 0.628     0.100     0.021       52     6.0  superiortemporal
 4629   3067   8069  2.438 0.467     0.113     0.021       42     4.1  supramarginal
  549    283    763  2.364 0.314     0.069     0.011        2     0.2  transversetemporal
 2599   1769   5471  3.065 0.726     0.111     0.026       22     2.6  insula
/out/sourcedata/freesurfer/sub-v1s6x0051362_ses-1/label
#--------------------------------------------
#@# BA_exvivo Labels rh Tue Mar 10 07:49:44 CET 2026

 mri_label2label --srcsubject fsaverage --srclabel /out/sourcedata/freesurfer/fsaverage/label/rh.BA1_exvivo.label --trgsubject sub-v1s6x0051362_ses-1 --trglabel ./rh.BA1_exvivo.label --hemi rh --regmethod surface 


srclabel = /out/sourcedata/freesurfer/fsaverage/label/rh.BA1_exvivo.label
srcsubject = fsaverage
trgsubject = sub-v1s6x0051362_ses-1
trglabel = ./rh.BA1_exvivo.label
regmethod = surface

srchemi = rh
trghemi = rh
trgsurface = white
srcsurfreg = sphere.reg
trgsurfreg = sphere.reg
usehash = 1
Use ProjAbs  = 0, 0
Use ProjFrac = 0, 0
DoPaint 0

SUBJECTS_DIR    /out/sourcedata/freesurfer
FREESURFER_HOME /opt/freesurfer
Loading source label.
Found 3962 points in source label.
Starting surface-based mapping
Reading source registration 
 /out/sourcedata/freesurfer/fsaverage/surf/rh.sphere.reg
Rescaling ...  original radius = 100
Reading target surface 
 /out/sourcedata/freesurfer/sub-v1s6x0051362_ses-1/surf/rh.white
Reading target registration 
 /out/sourcedata/freesurfer/sub-v1s6x0051362_ses-1/surf/rh.sphere.reg
Rescaling ...  original radius = 99.9999
Building target registration hash (res=16).
Building source registration hash (res=16).
INFO: found  3962 nlabel points
Performing mapping from target back to the source label 127611
Number of reverse mapping hits = 56
Checking for and removing duplicates
Writing label file ./rh.BA1_exvivo.label 4018
mri_label2label: Done


 mri_label2label --srcsubject fsaverage --srclabel /out/sourcedata/freesurfer/fsaverage/label/rh.BA2_exvivo.label --trgsubject sub-v1s6x0051362_ses-1 --trglabel ./rh.BA2_exvivo.label --hemi rh --regmethod surface 


srclabel = /out/sourcedata/freesurfer/fsaverage/label/rh.BA2_exvivo.label
srcsubject = fsaverage
trgsubject = sub-v1s6x0051362_ses-1
trglabel = ./rh.BA2_exvivo.label
regmethod = surface

srchemi = rh
trghemi = rh
trgsurface = white
srcsurfreg = sphere.reg
trgsurfreg = sphere.reg
usehash = 1
Use ProjAbs  = 0, 0
Use ProjFrac = 0, 0
DoPaint 0

SUBJECTS_DIR    /out/sourcedata/freesurfer
FREESURFER_HOME /opt/freesurfer
Loading source label.
Found 6687 points in source label.
Starting surface-based mapping
Reading source registration 
 /out/sourcedata/freesurfer/fsaverage/surf/rh.sphere.reg
Rescaling ...  original radius = 100
Reading target surface 
 /out/sourcedata/freesurfer/sub-v1s6x0051362_ses-1/surf/rh.white
Reading target registration 
 /out/sourcedata/freesurfer/sub-v1s6x0051362_ses-1/surf/rh.sphere.reg
Rescaling ...  original radius = 99.9999
Building target registration hash (res=16).
Building source registration hash (res=16).
INFO: found  6687 nlabel points
Performing mapping from target back to the source label 127611
Number of reverse mapping hits = 57
Checking for and removing duplicates
Writing label file ./rh.BA2_exvivo.label 6744
mri_label2label: Done


 mri_label2label --srcsubject fsaverage --srclabel /out/sourcedata/freesurfer/fsaverage/label/rh.BA3a_exvivo.label --trgsubject sub-v1s6x0051362_ses-1 --trglabel ./rh.BA3a_exvivo.label --hemi rh --regmethod surface 


srclabel = /out/sourcedata/freesurfer/fsaverage/label/rh.BA3a_exvivo.label
srcsubject = fsaverage
trgsubject = sub-v1s6x0051362_ses-1
trglabel = ./rh.BA3a_exvivo.label
regmethod = surface

srchemi = rh
trghemi = rh
trgsurface = white
srcsurfreg = sphere.reg
trgsurfreg = sphere.reg
usehash = 1
Use ProjAbs  = 0, 0
Use ProjFrac = 0, 0
DoPaint 0

SUBJECTS_DIR    /out/sourcedata/freesurfer
FREESURFER_HOME /opt/freesurfer
Loading source label.
Found 3980 points in source label.
Starting surface-based mapping
Reading source registration 
 /out/sourcedata/freesurfer/fsaverage/surf/rh.sphere.reg
Rescaling ...  original radius = 100
Reading target surface 
 /out/sourcedata/freesurfer/sub-v1s6x0051362_ses-1/surf/rh.white
Reading target registration 
 /out/sourcedata/freesurfer/sub-v1s6x0051362_ses-1/surf/rh.sphere.reg
Rescaling ...  original radius = 99.9999
Building target registration hash (res=16).
Building source registration hash (res=16).
INFO: found  3980 nlabel points
Performing mapping from target back to the source label 127611
Number of reverse mapping hits = 26
Checking for and removing duplicates
Writing label file ./rh.BA3a_exvivo.label 4006
mri_label2label: Done


 mri_label2label --srcsubject fsaverage --srclabel /out/sourcedata/freesurfer/fsaverage/label/rh.BA3b_exvivo.label --trgsubject sub-v1s6x0051362_ses-1 --trglabel ./rh.BA3b_exvivo.label --hemi rh --regmethod surface 


srclabel = /out/sourcedata/freesurfer/fsaverage/label/rh.BA3b_exvivo.label
srcsubject = fsaverage
trgsubject = sub-v1s6x0051362_ses-1
trglabel = ./rh.BA3b_exvivo.label
regmethod = surface

srchemi = rh
trghemi = rh
trgsurface = white
srcsurfreg = sphere.reg
trgsurfreg = sphere.reg
usehash = 1
Use ProjAbs  = 0, 0
Use ProjFrac = 0, 0
DoPaint 0

SUBJECTS_DIR    /out/sourcedata/freesurfer
FREESURFER_HOME /opt/freesurfer
Loading source label.
Found 4522 points in source label.
Starting surface-based mapping
Reading source registration 
 /out/sourcedata/freesurfer/fsaverage/surf/rh.sphere.reg
Rescaling ...  original radius = 100
Reading target surface 
 /out/sourcedata/freesurfer/sub-v1s6x0051362_ses-1/surf/rh.white
Reading target registration 
 /out/sourcedata/freesurfer/sub-v1s6x0051362_ses-1/surf/rh.sphere.reg
Rescaling ...  original radius = 99.9999
Building target registration hash (res=16).
Building source registration hash (res=16).
INFO: found  4522 nlabel points
Performing mapping from target back to the source label 127611
Number of reverse mapping hits = 54
Checking for and removing duplicates
Writing label file ./rh.BA3b_exvivo.label 4576
mri_label2label: Done


 mri_label2label --srcsubject fsaverage --srclabel /out/sourcedata/freesurfer/fsaverage/label/rh.BA4a_exvivo.label --trgsubject sub-v1s6x0051362_ses-1 --trglabel ./rh.BA4a_exvivo.label --hemi rh --regmethod surface 


srclabel = /out/sourcedata/freesurfer/fsaverage/label/rh.BA4a_exvivo.label
srcsubject = fsaverage
trgsubject = sub-v1s6x0051362_ses-1
trglabel = ./rh.BA4a_exvivo.label
regmethod = surface

srchemi = rh
trghemi = rh
trgsurface = white
srcsurfreg = sphere.reg
trgsurfreg = sphere.reg
usehash = 1
Use ProjAbs  = 0, 0
Use ProjFrac = 0, 0
DoPaint 0

SUBJECTS_DIR    /out/sourcedata/freesurfer
FREESURFER_HOME /opt/freesurfer
Loading source label.
Found 5747 points in source label.
Starting surface-based mapping
Reading source registration 
 /out/sourcedata/freesurfer/fsaverage/surf/rh.sphere.reg
Rescaling ...  original radius = 100
Reading target surface 
 /out/sourcedata/freesurfer/sub-v1s6x0051362_ses-1/surf/rh.white
Reading target registration 
 /out/sourcedata/freesurfer/sub-v1s6x0051362_ses-1/surf/rh.sphere.reg
Rescaling ...  original radius = 99.9999
Building target registration hash (res=16).
Building source registration hash (res=16).
INFO: found  5747 nlabel points
Performing mapping from target back to the source label 127611
Number of reverse mapping hits = 68
Checking for and removing duplicates
Writing label file ./rh.BA4a_exvivo.label 5815
mri_label2label: Done


 mri_label2label --srcsubject fsaverage --srclabel /out/sourcedata/freesurfer/fsaverage/label/rh.BA4p_exvivo.label --trgsubject sub-v1s6x0051362_ses-1 --trglabel ./rh.BA4p_exvivo.label --hemi rh --regmethod surface 


srclabel = /out/sourcedata/freesurfer/fsaverage/label/rh.BA4p_exvivo.label
srcsubject = fsaverage
trgsubject = sub-v1s6x0051362_ses-1
trglabel = ./rh.BA4p_exvivo.label
regmethod = surface

srchemi = rh
trghemi = rh
trgsurface = white
srcsurfreg = sphere.reg
trgsurfreg = sphere.reg
usehash = 1
Use ProjAbs  = 0, 0
Use ProjFrac = 0, 0
DoPaint 0

SUBJECTS_DIR    /out/sourcedata/freesurfer
FREESURFER_HOME /opt/freesurfer
Loading source label.
Found 4473 points in source label.
Starting surface-based mapping
Reading source registration 
 /out/sourcedata/freesurfer/fsaverage/surf/rh.sphere.reg
Rescaling ...  original radius = 100
Reading target surface 
 /out/sourcedata/freesurfer/sub-v1s6x0051362_ses-1/surf/rh.white
Reading target registration 
 /out/sourcedata/freesurfer/sub-v1s6x0051362_ses-1/surf/rh.sphere.reg
Rescaling ...  original radius = 99.9999
Building target registration hash (res=16).
Building source registration hash (res=16).
INFO: found  4473 nlabel points
Performing mapping from target back to the source label 127611
Number of reverse mapping hits = 47
Checking for and removing duplicates
Writing label file ./rh.BA4p_exvivo.label 4520
mri_label2label: Done


 mri_label2label --srcsubject fsaverage --srclabel /out/sourcedata/freesurfer/fsaverage/label/rh.BA6_exvivo.label --trgsubject sub-v1s6x0051362_ses-1 --trglabel ./rh.BA6_exvivo.label --hemi rh --regmethod surface 


srclabel = /out/sourcedata/freesurfer/fsaverage/label/rh.BA6_exvivo.label
srcsubject = fsaverage
trgsubject = sub-v1s6x0051362_ses-1
trglabel = ./rh.BA6_exvivo.label
regmethod = surface

srchemi = rh
trghemi = rh
trgsurface = white
srcsurfreg = sphere.reg
trgsurfreg = sphere.reg
usehash = 1
Use ProjAbs  = 0, 0
Use ProjFrac = 0, 0
DoPaint 0

SUBJECTS_DIR    /out/sourcedata/freesurfer
FREESURFER_HOME /opt/freesurfer
Loading source label.
Found 12256 points in source label.
Starting surface-based mapping
Reading source registration 
 /out/sourcedata/freesurfer/fsaverage/surf/rh.sphere.reg
Rescaling ...  original radius = 100
Reading target surface 
 /out/sourcedata/freesurfer/sub-v1s6x0051362_ses-1/surf/rh.white
Reading target registration 
 /out/sourcedata/freesurfer/sub-v1s6x0051362_ses-1/surf/rh.sphere.reg
Rescaling ...  original radius = 99.9999
Building target registration hash (res=16).
Building source registration hash (res=16).
INFO: found  12256 nlabel points
Performing mapping from target back to the source label 127611
Number of reverse mapping hits = 125
Checking for and removing duplicates
Writing label file ./rh.BA6_exvivo.label 12381
mri_label2label: Done


 mri_label2label --srcsubject fsaverage --srclabel /out/sourcedata/freesurfer/fsaverage/label/rh.BA44_exvivo.label --trgsubject sub-v1s6x0051362_ses-1 --trglabel ./rh.BA44_exvivo.label --hemi rh --regmethod surface 


srclabel = /out/sourcedata/freesurfer/fsaverage/label/rh.BA44_exvivo.label
srcsubject = fsaverage
trgsubject = sub-v1s6x0051362_ses-1
trglabel = ./rh.BA44_exvivo.label
regmethod = surface

srchemi = rh
trghemi = rh
trgsurface = white
srcsurfreg = sphere.reg
trgsurfreg = sphere.reg
usehash = 1
Use ProjAbs  = 0, 0
Use ProjFrac = 0, 0
DoPaint 0

SUBJECTS_DIR    /out/sourcedata/freesurfer
FREESURFER_HOME /opt/freesurfer
Loading source label.
Found 6912 points in source label.
Starting surface-based mapping
Reading source registration 
 /out/sourcedata/freesurfer/fsaverage/surf/rh.sphere.reg
Rescaling ...  original radius = 100
Reading target surface 
 /out/sourcedata/freesurfer/sub-v1s6x0051362_ses-1/surf/rh.white
Reading target registration 
 /out/sourcedata/freesurfer/sub-v1s6x0051362_ses-1/surf/rh.sphere.reg
Rescaling ...  original radius = 99.9999
Building target registration hash (res=16).
Building source registration hash (res=16).
INFO: found  6912 nlabel points
Performing mapping from target back to the source label 127611
Number of reverse mapping hits = 510
Checking for and removing duplicates
Writing label file ./rh.BA44_exvivo.label 7422
mri_label2label: Done


 mri_label2label --srcsubject fsaverage --srclabel /out/sourcedata/freesurfer/fsaverage/label/rh.BA45_exvivo.label --trgsubject sub-v1s6x0051362_ses-1 --trglabel ./rh.BA45_exvivo.label --hemi rh --regmethod surface 


srclabel = /out/sourcedata/freesurfer/fsaverage/label/rh.BA45_exvivo.label
srcsubject = fsaverage
trgsubject = sub-v1s6x0051362_ses-1
trglabel = ./rh.BA45_exvivo.label
regmethod = surface

srchemi = rh
trghemi = rh
trgsurface = white
srcsurfreg = sphere.reg
trgsurfreg = sphere.reg
usehash = 1
Use ProjAbs  = 0, 0
Use ProjFrac = 0, 0
DoPaint 0

SUBJECTS_DIR    /out/sourcedata/freesurfer
FREESURFER_HOME /opt/freesurfer
Loading source label.
Found 5355 points in source label.
Starting surface-based mapping
Reading source registration 
 /out/sourcedata/freesurfer/fsaverage/surf/rh.sphere.reg
Rescaling ...  original radius = 100
Reading target surface 
 /out/sourcedata/freesurfer/sub-v1s6x0051362_ses-1/surf/rh.white
Reading target registration 
 /out/sourcedata/freesurfer/sub-v1s6x0051362_ses-1/surf/rh.sphere.reg
Rescaling ...  original radius = 99.9999
Building target registration hash (res=16).
Building source registration hash (res=16).
INFO: found  5355 nlabel points
Performing mapping from target back to the source label 127611
Number of reverse mapping hits = 818
Checking for and removing duplicates
Writing label file ./rh.BA45_exvivo.label 6173
mri_label2label: Done


 mri_label2label --srcsubject fsaverage --srclabel /out/sourcedata/freesurfer/fsaverage/label/rh.V1_exvivo.label --trgsubject sub-v1s6x0051362_ses-1 --trglabel ./rh.V1_exvivo.label --hemi rh --regmethod surface 


srclabel = /out/sourcedata/freesurfer/fsaverage/label/rh.V1_exvivo.label
srcsubject = fsaverage
trgsubject = sub-v1s6x0051362_ses-1
trglabel = ./rh.V1_exvivo.label
regmethod = surface

srchemi = rh
trghemi = rh
trgsurface = white
srcsurfreg = sphere.reg
trgsurfreg = sphere.reg
usehash = 1
Use ProjAbs  = 0, 0
Use ProjFrac = 0, 0
DoPaint 0

SUBJECTS_DIR    /out/sourcedata/freesurfer
FREESURFER_HOME /opt/freesurfer
Loading source label.
Found 4727 points in source label.
Starting surface-based mapping
Reading source registration 
 /out/sourcedata/freesurfer/fsaverage/surf/rh.sphere.reg
Rescaling ...  original radius = 100
Reading target surface 
 /out/sourcedata/freesurfer/sub-v1s6x0051362_ses-1/surf/rh.white
Reading target registration 
 /out/sourcedata/freesurfer/sub-v1s6x0051362_ses-1/surf/rh.sphere.reg
Rescaling ...  original radius = 99.9999
Building target registration hash (res=16).
Building source registration hash (res=16).
INFO: found  4727 nlabel points
Performing mapping from target back to the source label 127611
Number of reverse mapping hits = 1325
Checking for and removing duplicates
Writing label file ./rh.V1_exvivo.label 6052
mri_label2label: Done


 mri_label2label --srcsubject fsaverage --srclabel /out/sourcedata/freesurfer/fsaverage/label/rh.V2_exvivo.label --trgsubject sub-v1s6x0051362_ses-1 --trglabel ./rh.V2_exvivo.label --hemi rh --regmethod surface 


srclabel = /out/sourcedata/freesurfer/fsaverage/label/rh.V2_exvivo.label
srcsubject = fsaverage
trgsubject = sub-v1s6x0051362_ses-1
trglabel = ./rh.V2_exvivo.label
regmethod = surface

srchemi = rh
trghemi = rh
trgsurface = white
srcsurfreg = sphere.reg
trgsurfreg = sphere.reg
usehash = 1
Use ProjAbs  = 0, 0
Use ProjFrac = 0, 0
DoPaint 0

SUBJECTS_DIR    /out/sourcedata/freesurfer
FREESURFER_HOME /opt/freesurfer
Loading source label.
Found 8016 points in source label.
Starting surface-based mapping
Reading source registration 
 /out/sourcedata/freesurfer/fsaverage/surf/rh.sphere.reg
Rescaling ...  original radius = 100
Reading target surface 
 /out/sourcedata/freesurfer/sub-v1s6x0051362_ses-1/surf/rh.white
Reading target registration 
 /out/sourcedata/freesurfer/sub-v1s6x0051362_ses-1/surf/rh.sphere.reg
Rescaling ...  original radius = 99.9999
Building target registration hash (res=16).
Building source registration hash (res=16).
INFO: found  8016 nlabel points
Performing mapping from target back to the source label 127611
Number of reverse mapping hits = 2133
Checking for and removing duplicates
Writing label file ./rh.V2_exvivo.label 10149
mri_label2label: Done


 mri_label2label --srcsubject fsaverage --srclabel /out/sourcedata/freesurfer/fsaverage/label/rh.MT_exvivo.label --trgsubject sub-v1s6x0051362_ses-1 --trglabel ./rh.MT_exvivo.label --hemi rh --regmethod surface 


srclabel = /out/sourcedata/freesurfer/fsaverage/label/rh.MT_exvivo.label
srcsubject = fsaverage
trgsubject = sub-v1s6x0051362_ses-1
trglabel = ./rh.MT_exvivo.label
regmethod = surface

srchemi = rh
trghemi = rh
trgsurface = white
srcsurfreg = sphere.reg
trgsurfreg = sphere.reg
usehash = 1
Use ProjAbs  = 0, 0
Use ProjFrac = 0, 0
DoPaint 0

SUBJECTS_DIR    /out/sourcedata/freesurfer
FREESURFER_HOME /opt/freesurfer
Loading source label.
Found 1932 points in source label.
Starting surface-based mapping
Reading source registration 
 /out/sourcedata/freesurfer/fsaverage/surf/rh.sphere.reg
Rescaling ...  original radius = 100
Reading target surface 
 /out/sourcedata/freesurfer/sub-v1s6x0051362_ses-1/surf/rh.white
Reading target registration 
 /out/sourcedata/freesurfer/sub-v1s6x0051362_ses-1/surf/rh.sphere.reg
Rescaling ...  original radius = 99.9999
Building target registration hash (res=16).
Building source registration hash (res=16).
INFO: found  1932 nlabel points
Performing mapping from target back to the source label 127611
Number of reverse mapping hits = 426
Checking for and removing duplicates
Writing label file ./rh.MT_exvivo.label 2358
mri_label2label: Done


 mri_label2label --srcsubject fsaverage --srclabel /out/sourcedata/freesurfer/fsaverage/label/rh.entorhinal_exvivo.label --trgsubject sub-v1s6x0051362_ses-1 --trglabel ./rh.entorhinal_exvivo.label --hemi rh --regmethod surface 


srclabel = /out/sourcedata/freesurfer/fsaverage/label/rh.entorhinal_exvivo.label
srcsubject = fsaverage
trgsubject = sub-v1s6x0051362_ses-1
trglabel = ./rh.entorhinal_exvivo.label
regmethod = surface

srchemi = rh
trghemi = rh
trgsurface = white
srcsurfreg = sphere.reg
trgsurfreg = sphere.reg
usehash = 1
Use ProjAbs  = 0, 0
Use ProjFrac = 0, 0
DoPaint 0

SUBJECTS_DIR    /out/sourcedata/freesurfer
FREESURFER_HOME /opt/freesurfer
Loading source label.
Found 1038 points in source label.
Starting surface-based mapping
Reading source registration 
 /out/sourcedata/freesurfer/fsaverage/surf/rh.sphere.reg
Rescaling ...  original radius = 100
Reading target surface 
 /out/sourcedata/freesurfer/sub-v1s6x0051362_ses-1/surf/rh.white
Reading target registration 
 /out/sourcedata/freesurfer/sub-v1s6x0051362_ses-1/surf/rh.sphere.reg
Rescaling ...  original radius = 99.9999
Building target registration hash (res=16).
Building source registration hash (res=16).
INFO: found  1038 nlabel points
Performing mapping from target back to the source label 127611
Number of reverse mapping hits = 22
Checking for and removing duplicates
Writing label file ./rh.entorhinal_exvivo.label 1060
mri_label2label: Done


 mri_label2label --srcsubject fsaverage --srclabel /out/sourcedata/freesurfer/fsaverage/label/rh.perirhinal_exvivo.label --trgsubject sub-v1s6x0051362_ses-1 --trglabel ./rh.perirhinal_exvivo.label --hemi rh --regmethod surface 


srclabel = /out/sourcedata/freesurfer/fsaverage/label/rh.perirhinal_exvivo.label
srcsubject = fsaverage
trgsubject = sub-v1s6x0051362_ses-1
trglabel = ./rh.perirhinal_exvivo.label
regmethod = surface

srchemi = rh
trghemi = rh
trgsurface = white
srcsurfreg = sphere.reg
trgsurfreg = sphere.reg
usehash = 1
Use ProjAbs  = 0, 0
Use ProjFrac = 0, 0
DoPaint 0

SUBJECTS_DIR    /out/sourcedata/freesurfer
FREESURFER_HOME /opt/freesurfer
Loading source label.
Found 752 points in source label.
Starting surface-based mapping
Reading source registration 
 /out/sourcedata/freesurfer/fsaverage/surf/rh.sphere.reg
Rescaling ...  original radius = 100
Reading target surface 
 /out/sourcedata/freesurfer/sub-v1s6x0051362_ses-1/surf/rh.white
Reading target registration 
 /out/sourcedata/freesurfer/sub-v1s6x0051362_ses-1/surf/rh.sphere.reg
Rescaling ...  original radius = 99.9999
Building target registration hash (res=16).
Building source registration hash (res=16).
INFO: found  752 nlabel points
Performing mapping from target back to the source label 127611
Number of reverse mapping hits = 19
Checking for and removing duplicates
Writing label file ./rh.perirhinal_exvivo.label 771
mri_label2label: Done


 mri_label2label --srcsubject fsaverage --srclabel /out/sourcedata/freesurfer/fsaverage/label/rh.FG1.mpm.vpnl.label --trgsubject sub-v1s6x0051362_ses-1 --trglabel ./rh.FG1.mpm.vpnl.label --hemi rh --regmethod surface 


srclabel = /out/sourcedata/freesurfer/fsaverage/label/rh.FG1.mpm.vpnl.label
srcsubject = fsaverage
trgsubject = sub-v1s6x0051362_ses-1
trglabel = ./rh.FG1.mpm.vpnl.label
regmethod = surface

srchemi = rh
trghemi = rh
trgsurface = white
srcsurfreg = sphere.reg
trgsurfreg = sphere.reg
usehash = 1
Use ProjAbs  = 0, 0
Use ProjFrac = 0, 0
DoPaint 0

SUBJECTS_DIR    /out/sourcedata/freesurfer
FREESURFER_HOME /opt/freesurfer
Loading source label.
Found 541 points in source label.
Starting surface-based mapping
Reading source registration 
 /out/sourcedata/freesurfer/fsaverage/surf/rh.sphere.reg
Rescaling ...  original radius = 100
Reading target surface 
 /out/sourcedata/freesurfer/sub-v1s6x0051362_ses-1/surf/rh.white
Reading target registration 
 /out/sourcedata/freesurfer/sub-v1s6x0051362_ses-1/surf/rh.sphere.reg
Rescaling ...  original radius = 99.9999
Building target registration hash (res=16).
Building source registration hash (res=16).
INFO: found  541 nlabel points
Performing mapping from target back to the source label 127611
Number of reverse mapping hits = 106
Checking for and removing duplicates
Writing label file ./rh.FG1.mpm.vpnl.label 647
mri_label2label: Done


 mri_label2label --srcsubject fsaverage --srclabel /out/sourcedata/freesurfer/fsaverage/label/rh.FG2.mpm.vpnl.label --trgsubject sub-v1s6x0051362_ses-1 --trglabel ./rh.FG2.mpm.vpnl.label --hemi rh --regmethod surface 


srclabel = /out/sourcedata/freesurfer/fsaverage/label/rh.FG2.mpm.vpnl.label
srcsubject = fsaverage
trgsubject = sub-v1s6x0051362_ses-1
trglabel = ./rh.FG2.mpm.vpnl.label
regmethod = surface

srchemi = rh
trghemi = rh
trgsurface = white
srcsurfreg = sphere.reg
trgsurfreg = sphere.reg
usehash = 1
Use ProjAbs  = 0, 0
Use ProjFrac = 0, 0
DoPaint 0

SUBJECTS_DIR    /out/sourcedata/freesurfer
FREESURFER_HOME /opt/freesurfer
Loading source label.
Found 721 points in source label.
Starting surface-based mapping
Reading source registration 
 /out/sourcedata/freesurfer/fsaverage/surf/rh.sphere.reg
Rescaling ...  original radius = 100
Reading target surface 
 /out/sourcedata/freesurfer/sub-v1s6x0051362_ses-1/surf/rh.white
Reading target registration 
 /out/sourcedata/freesurfer/sub-v1s6x0051362_ses-1/surf/rh.sphere.reg
Rescaling ...  original radius = 99.9999
Building target registration hash (res=16).
Building source registration hash (res=16).
INFO: found  721 nlabel points
Performing mapping from target back to the source label 127611
Number of reverse mapping hits = 188
Checking for and removing duplicates
Writing label file ./rh.FG2.mpm.vpnl.label 909
mri_label2label: Done


 mri_label2label --srcsubject fsaverage --srclabel /out/sourcedata/freesurfer/fsaverage/label/rh.FG3.mpm.vpnl.label --trgsubject sub-v1s6x0051362_ses-1 --trglabel ./rh.FG3.mpm.vpnl.label --hemi rh --regmethod surface 


srclabel = /out/sourcedata/freesurfer/fsaverage/label/rh.FG3.mpm.vpnl.label
srcsubject = fsaverage
trgsubject = sub-v1s6x0051362_ses-1
trglabel = ./rh.FG3.mpm.vpnl.label
regmethod = surface

srchemi = rh
trghemi = rh
trgsurface = white
srcsurfreg = sphere.reg
trgsurfreg = sphere.reg
usehash = 1
Use ProjAbs  = 0, 0
Use ProjFrac = 0, 0
DoPaint 0

SUBJECTS_DIR    /out/sourcedata/freesurfer
FREESURFER_HOME /opt/freesurfer
Loading source label.
Found 1523 points in source label.
Starting surface-based mapping
Reading source registration 
 /out/sourcedata/freesurfer/fsaverage/surf/rh.sphere.reg
Rescaling ...  original radius = 100
Reading target surface 
 /out/sourcedata/freesurfer/sub-v1s6x0051362_ses-1/surf/rh.white
Reading target registration 
 /out/sourcedata/freesurfer/sub-v1s6x0051362_ses-1/surf/rh.sphere.reg
Rescaling ...  original radius = 99.9999
Building target registration hash (res=16).
Building source registration hash (res=16).
INFO: found  1523 nlabel points
Performing mapping from target back to the source label 127611
Number of reverse mapping hits = 159
Checking for and removing duplicates
Writing label file ./rh.FG3.mpm.vpnl.label 1682
mri_label2label: Done


 mri_label2label --srcsubject fsaverage --srclabel /out/sourcedata/freesurfer/fsaverage/label/rh.FG4.mpm.vpnl.label --trgsubject sub-v1s6x0051362_ses-1 --trglabel ./rh.FG4.mpm.vpnl.label --hemi rh --regmethod surface 


srclabel = /out/sourcedata/freesurfer/fsaverage/label/rh.FG4.mpm.vpnl.label
srcsubject = fsaverage
trgsubject = sub-v1s6x0051362_ses-1
trglabel = ./rh.FG4.mpm.vpnl.label
regmethod = surface

srchemi = rh
trghemi = rh
trgsurface = white
srcsurfreg = sphere.reg
trgsurfreg = sphere.reg
usehash = 1
Use ProjAbs  = 0, 0
Use ProjFrac = 0, 0
DoPaint 0

SUBJECTS_DIR    /out/sourcedata/freesurfer
FREESURFER_HOME /opt/freesurfer
Loading source label.
Found 1586 points in source label.
Starting surface-based mapping
Reading source registration 
 /out/sourcedata/freesurfer/fsaverage/surf/rh.sphere.reg
Rescaling ...  original radius = 100
Reading target surface 
 /out/sourcedata/freesurfer/sub-v1s6x0051362_ses-1/surf/rh.white
Reading target registration 
 /out/sourcedata/freesurfer/sub-v1s6x0051362_ses-1/surf/rh.sphere.reg
Rescaling ...  original radius = 99.9999
Building target registration hash (res=16).
Building source registration hash (res=16).
INFO: found  1586 nlabel points
Performing mapping from target back to the source label 127611
Number of reverse mapping hits = 253
Checking for and removing duplicates
Writing label file ./rh.FG4.mpm.vpnl.label 1839
mri_label2label: Done


 mri_label2label --srcsubject fsaverage --srclabel /out/sourcedata/freesurfer/fsaverage/label/rh.hOc1.mpm.vpnl.label --trgsubject sub-v1s6x0051362_ses-1 --trglabel ./rh.hOc1.mpm.vpnl.label --hemi rh --regmethod surface 


srclabel = /out/sourcedata/freesurfer/fsaverage/label/rh.hOc1.mpm.vpnl.label
srcsubject = fsaverage
trgsubject = sub-v1s6x0051362_ses-1
trglabel = ./rh.hOc1.mpm.vpnl.label
regmethod = surface

srchemi = rh
trghemi = rh
trgsurface = white
srcsurfreg = sphere.reg
trgsurfreg = sphere.reg
usehash = 1
Use ProjAbs  = 0, 0
Use ProjFrac = 0, 0
DoPaint 0

SUBJECTS_DIR    /out/sourcedata/freesurfer
FREESURFER_HOME /opt/freesurfer
Loading source label.
Found 3667 points in source label.
Starting surface-based mapping
Reading source registration 
 /out/sourcedata/freesurfer/fsaverage/surf/rh.sphere.reg
Rescaling ...  original radius = 100
Reading target surface 
 /out/sourcedata/freesurfer/sub-v1s6x0051362_ses-1/surf/rh.white
Reading target registration 
 /out/sourcedata/freesurfer/sub-v1s6x0051362_ses-1/surf/rh.sphere.reg
Rescaling ...  original radius = 99.9999
Building target registration hash (res=16).
Building source registration hash (res=16).
INFO: found  3667 nlabel points
Performing mapping from target back to the source label 127611
Number of reverse mapping hits = 1070
Checking for and removing duplicates
Writing label file ./rh.hOc1.mpm.vpnl.label 4737
mri_label2label: Done


 mri_label2label --srcsubject fsaverage --srclabel /out/sourcedata/freesurfer/fsaverage/label/rh.hOc2.mpm.vpnl.label --trgsubject sub-v1s6x0051362_ses-1 --trglabel ./rh.hOc2.mpm.vpnl.label --hemi rh --regmethod surface 


srclabel = /out/sourcedata/freesurfer/fsaverage/label/rh.hOc2.mpm.vpnl.label
srcsubject = fsaverage
trgsubject = sub-v1s6x0051362_ses-1
trglabel = ./rh.hOc2.mpm.vpnl.label
regmethod = surface

srchemi = rh
trghemi = rh
trgsurface = white
srcsurfreg = sphere.reg
trgsurfreg = sphere.reg
usehash = 1
Use ProjAbs  = 0, 0
Use ProjFrac = 0, 0
DoPaint 0

SUBJECTS_DIR    /out/sourcedata/freesurfer
FREESURFER_HOME /opt/freesurfer
Loading source label.
Found 2719 points in source label.
Starting surface-based mapping
Reading source registration 
 /out/sourcedata/freesurfer/fsaverage/surf/rh.sphere.reg
Rescaling ...  original radius = 100
Reading target surface 
 /out/sourcedata/freesurfer/sub-v1s6x0051362_ses-1/surf/rh.white
Reading target registration 
 /out/sourcedata/freesurfer/sub-v1s6x0051362_ses-1/surf/rh.sphere.reg
Rescaling ...  original radius = 99.9999
Building target registration hash (res=16).
Building source registration hash (res=16).
INFO: found  2719 nlabel points
Performing mapping from target back to the source label 127611
Number of reverse mapping hits = 759
Checking for and removing duplicates
Writing label file ./rh.hOc2.mpm.vpnl.label 3478
mri_label2label: Done


 mri_label2label --srcsubject fsaverage --srclabel /out/sourcedata/freesurfer/fsaverage/label/rh.hOc3v.mpm.vpnl.label --trgsubject sub-v1s6x0051362_ses-1 --trglabel ./rh.hOc3v.mpm.vpnl.label --hemi rh --regmethod surface 


srclabel = /out/sourcedata/freesurfer/fsaverage/label/rh.hOc3v.mpm.vpnl.label
srcsubject = fsaverage
trgsubject = sub-v1s6x0051362_ses-1
trglabel = ./rh.hOc3v.mpm.vpnl.label
regmethod = surface

srchemi = rh
trghemi = rh
trgsurface = white
srcsurfreg = sphere.reg
trgsurfreg = sphere.reg
usehash = 1
Use ProjAbs  = 0, 0
Use ProjFrac = 0, 0
DoPaint 0

SUBJECTS_DIR    /out/sourcedata/freesurfer
FREESURFER_HOME /opt/freesurfer
Loading source label.
Found 1228 points in source label.
Starting surface-based mapping
Reading source registration 
 /out/sourcedata/freesurfer/fsaverage/surf/rh.sphere.reg
Rescaling ...  original radius = 100
Reading target surface 
 /out/sourcedata/freesurfer/sub-v1s6x0051362_ses-1/surf/rh.white
Reading target registration 
 /out/sourcedata/freesurfer/sub-v1s6x0051362_ses-1/surf/rh.sphere.reg
Rescaling ...  original radius = 99.9999
Building target registration hash (res=16).
Building source registration hash (res=16).
INFO: found  1228 nlabel points
Performing mapping from target back to the source label 127611
Number of reverse mapping hits = 536
Checking for and removing duplicates
Writing label file ./rh.hOc3v.mpm.vpnl.label 1764
mri_label2label: Done


 mri_label2label --srcsubject fsaverage --srclabel /out/sourcedata/freesurfer/fsaverage/label/rh.hOc4v.mpm.vpnl.label --trgsubject sub-v1s6x0051362_ses-1 --trglabel ./rh.hOc4v.mpm.vpnl.label --hemi rh --regmethod surface 


srclabel = /out/sourcedata/freesurfer/fsaverage/label/rh.hOc4v.mpm.vpnl.label
srcsubject = fsaverage
trgsubject = sub-v1s6x0051362_ses-1
trglabel = ./rh.hOc4v.mpm.vpnl.label
regmethod = surface

srchemi = rh
trghemi = rh
trgsurface = white
srcsurfreg = sphere.reg
trgsurfreg = sphere.reg
usehash = 1
Use ProjAbs  = 0, 0
Use ProjFrac = 0, 0
DoPaint 0

SUBJECTS_DIR    /out/sourcedata/freesurfer
FREESURFER_HOME /opt/freesurfer
Loading source label.
Found 1025 points in source label.
Starting surface-based mapping
Reading source registration 
 /out/sourcedata/freesurfer/fsaverage/surf/rh.sphere.reg
Rescaling ...  original radius = 100
Reading target surface 
 /out/sourcedata/freesurfer/sub-v1s6x0051362_ses-1/surf/rh.white
Reading target registration 
 /out/sourcedata/freesurfer/sub-v1s6x0051362_ses-1/surf/rh.sphere.reg
Rescaling ...  original radius = 99.9999
Building target registration hash (res=16).
Building source registration hash (res=16).
INFO: found  1025 nlabel points
Performing mapping from target back to the source label 127611
Number of reverse mapping hits = 312
Checking for and removing duplicates
Writing label file ./rh.hOc4v.mpm.vpnl.label 1337
mri_label2label: Done


 mris_label2annot --s sub-v1s6x0051362_ses-1 --ctab /opt/freesurfer/average/colortable_vpnl.txt --hemi rh --a mpm.vpnl --maxstatwinner --noverbose --l rh.FG1.mpm.vpnl.label --l rh.FG2.mpm.vpnl.label --l rh.FG3.mpm.vpnl.label --l rh.FG4.mpm.vpnl.label --l rh.hOc1.mpm.vpnl.label --l rh.hOc2.mpm.vpnl.label --l rh.hOc3v.mpm.vpnl.label --l rh.hOc4v.mpm.vpnl.label 

Reading ctab /opt/freesurfer/average/colortable_vpnl.txt
Number of ctab entries 9

7.3.2
cwd /out/sourcedata/freesurfer/sub-v1s6x0051362_ses-1/label
cmdline mris_label2annot --s sub-v1s6x0051362_ses-1 --ctab /opt/freesurfer/average/colortable_vpnl.txt --hemi rh --a mpm.vpnl --maxstatwinner --noverbose --l rh.FG1.mpm.vpnl.label --l rh.FG2.mpm.vpnl.label --l rh.FG3.mpm.vpnl.label --l rh.FG4.mpm.vpnl.label --l rh.hOc1.mpm.vpnl.label --l rh.hOc2.mpm.vpnl.label --l rh.hOc3v.mpm.vpnl.label --l rh.hOc4v.mpm.vpnl.label 
sysname  Linux
hostname dna003
machine  x86_64
user     oesteban

subject sub-v1s6x0051362_ses-1
hemi    rh
SUBJECTS_DIR /out/sourcedata/freesurfer
ColorTable /opt/freesurfer/average/colortable_vpnl.txt
AnnotName  mpm.vpnl
nlables 8
LabelThresh 0 0.000000
Loading /out/sourcedata/freesurfer/sub-v1s6x0051362_ses-1/surf/rh.orig
 1 1376057 FG1
 2 16711935 FG2
 3 16711680 FG3
 4 1705837 FG4
 5 25600 hOc1
 6 255 hOc2
 7 16776960 hOc3v
 8 65535 hOc4v
Mapping unhit to unknown
Found 112577 unhit vertices
Writing annot to /out/sourcedata/freesurfer/sub-v1s6x0051362_ses-1/label/rh.mpm.vpnl.annot

 mri_label2label --srcsubject fsaverage --srclabel /out/sourcedata/freesurfer/fsaverage/label/rh.BA1_exvivo.thresh.label --trgsubject sub-v1s6x0051362_ses-1 --trglabel ./rh.BA1_exvivo.thresh.label --hemi rh --regmethod surface 


srclabel = /out/sourcedata/freesurfer/fsaverage/label/rh.BA1_exvivo.thresh.label
srcsubject = fsaverage
trgsubject = sub-v1s6x0051362_ses-1
trglabel = ./rh.BA1_exvivo.thresh.label
regmethod = surface

srchemi = rh
trghemi = rh
trgsurface = white
srcsurfreg = sphere.reg
trgsurfreg = sphere.reg
usehash = 1
Use ProjAbs  = 0, 0
Use ProjFrac = 0, 0
DoPaint 0

SUBJECTS_DIR    /out/sourcedata/freesurfer
FREESURFER_HOME /opt/freesurfer
Loading source label.
Found 876 points in source label.
Starting surface-based mapping
Reading source registration 
 /out/sourcedata/freesurfer/fsaverage/surf/rh.sphere.reg
Rescaling ...  original radius = 100
Reading target surface 
 /out/sourcedata/freesurfer/sub-v1s6x0051362_ses-1/surf/rh.white
Reading target registration 
 /out/sourcedata/freesurfer/sub-v1s6x0051362_ses-1/surf/rh.sphere.reg
Rescaling ...  original radius = 99.9999
Building target registration hash (res=16).
Building source registration hash (res=16).
INFO: found  876 nlabel points
Performing mapping from target back to the source label 127611
Number of reverse mapping hits = 20
Checking for and removing duplicates
Writing label file ./rh.BA1_exvivo.thresh.label 896
mri_label2label: Done


 mri_label2label --srcsubject fsaverage --srclabel /out/sourcedata/freesurfer/fsaverage/label/rh.BA2_exvivo.thresh.label --trgsubject sub-v1s6x0051362_ses-1 --trglabel ./rh.BA2_exvivo.thresh.label --hemi rh --regmethod surface 


srclabel = /out/sourcedata/freesurfer/fsaverage/label/rh.BA2_exvivo.thresh.label
srcsubject = fsaverage
trgsubject = sub-v1s6x0051362_ses-1
trglabel = ./rh.BA2_exvivo.thresh.label
regmethod = surface

srchemi = rh
trghemi = rh
trgsurface = white
srcsurfreg = sphere.reg
trgsurfreg = sphere.reg
usehash = 1
Use ProjAbs  = 0, 0
Use ProjFrac = 0, 0
DoPaint 0

SUBJECTS_DIR    /out/sourcedata/freesurfer
FREESURFER_HOME /opt/freesurfer
Loading source label.
Found 2688 points in source label.
Starting surface-based mapping
Reading source registration 
 /out/sourcedata/freesurfer/fsaverage/surf/rh.sphere.reg
Rescaling ...  original radius = 100
Reading target surface 
 /out/sourcedata/freesurfer/sub-v1s6x0051362_ses-1/surf/rh.white
Reading target registration 
 /out/sourcedata/freesurfer/sub-v1s6x0051362_ses-1/surf/rh.sphere.reg
Rescaling ...  original radius = 99.9999
Building target registration hash (res=16).
Building source registration hash (res=16).
INFO: found  2688 nlabel points
Performing mapping from target back to the source label 127611
Number of reverse mapping hits = 19
Checking for and removing duplicates
Writing label file ./rh.BA2_exvivo.thresh.label 2707
mri_label2label: Done


 mri_label2label --srcsubject fsaverage --srclabel /out/sourcedata/freesurfer/fsaverage/label/rh.BA3a_exvivo.thresh.label --trgsubject sub-v1s6x0051362_ses-1 --trglabel ./rh.BA3a_exvivo.thresh.label --hemi rh --regmethod surface 


srclabel = /out/sourcedata/freesurfer/fsaverage/label/rh.BA3a_exvivo.thresh.label
srcsubject = fsaverage
trgsubject = sub-v1s6x0051362_ses-1
trglabel = ./rh.BA3a_exvivo.thresh.label
regmethod = surface

srchemi = rh
trghemi = rh
trgsurface = white
srcsurfreg = sphere.reg
trgsurfreg = sphere.reg
usehash = 1
Use ProjAbs  = 0, 0
Use ProjFrac = 0, 0
DoPaint 0

SUBJECTS_DIR    /out/sourcedata/freesurfer
FREESURFER_HOME /opt/freesurfer
Loading source label.
Found 1698 points in source label.
Starting surface-based mapping
Reading source registration 
 /out/sourcedata/freesurfer/fsaverage/surf/rh.sphere.reg
Rescaling ...  original radius = 100
Reading target surface 
 /out/sourcedata/freesurfer/sub-v1s6x0051362_ses-1/surf/rh.white
Reading target registration 
 /out/sourcedata/freesurfer/sub-v1s6x0051362_ses-1/surf/rh.sphere.reg
Rescaling ...  original radius = 99.9999
Building target registration hash (res=16).
Building source registration hash (res=16).
INFO: found  1698 nlabel points
Performing mapping from target back to the source label 127611
Number of reverse mapping hits = 3
Checking for and removing duplicates
Writing label file ./rh.BA3a_exvivo.thresh.label 1701
mri_label2label: Done


 mri_label2label --srcsubject fsaverage --srclabel /out/sourcedata/freesurfer/fsaverage/label/rh.BA3b_exvivo.thresh.label --trgsubject sub-v1s6x0051362_ses-1 --trglabel ./rh.BA3b_exvivo.thresh.label --hemi rh --regmethod surface 


srclabel = /out/sourcedata/freesurfer/fsaverage/label/rh.BA3b_exvivo.thresh.label
srcsubject = fsaverage
trgsubject = sub-v1s6x0051362_ses-1
trglabel = ./rh.BA3b_exvivo.thresh.label
regmethod = surface

srchemi = rh
trghemi = rh
trgsurface = white
srcsurfreg = sphere.reg
trgsurfreg = sphere.reg
usehash = 1
Use ProjAbs  = 0, 0
Use ProjFrac = 0, 0
DoPaint 0

SUBJECTS_DIR    /out/sourcedata/freesurfer
FREESURFER_HOME /opt/freesurfer
Loading source label.
Found 2183 points in source label.
Starting surface-based mapping
Reading source registration 
 /out/sourcedata/freesurfer/fsaverage/surf/rh.sphere.reg
Rescaling ...  original radius = 100
Reading target surface 
 /out/sourcedata/freesurfer/sub-v1s6x0051362_ses-1/surf/rh.white
Reading target registration 
 /out/sourcedata/freesurfer/sub-v1s6x0051362_ses-1/surf/rh.sphere.reg
Rescaling ...  original radius = 99.9999
Building target registration hash (res=16).
Building source registration hash (res=16).
INFO: found  2183 nlabel points
Performing mapping from target back to the source label 127611
Number of reverse mapping hits = 27
Checking for and removing duplicates
Writing label file ./rh.BA3b_exvivo.thresh.label 2210
mri_label2label: Done


 mri_label2label --srcsubject fsaverage --srclabel /out/sourcedata/freesurfer/fsaverage/label/rh.BA4a_exvivo.thresh.label --trgsubject sub-v1s6x0051362_ses-1 --trglabel ./rh.BA4a_exvivo.thresh.label --hemi rh --regmethod surface 


srclabel = /out/sourcedata/freesurfer/fsaverage/label/rh.BA4a_exvivo.thresh.label
srcsubject = fsaverage
trgsubject = sub-v1s6x0051362_ses-1
trglabel = ./rh.BA4a_exvivo.thresh.label
regmethod = surface

srchemi = rh
trghemi = rh
trgsurface = white
srcsurfreg = sphere.reg
trgsurfreg = sphere.reg
usehash = 1
Use ProjAbs  = 0, 0
Use ProjFrac = 0, 0
DoPaint 0

SUBJECTS_DIR    /out/sourcedata/freesurfer
FREESURFER_HOME /opt/freesurfer
Loading source label.
Found 1388 points in source label.
Starting surface-based mapping
Reading source registration 
 /out/sourcedata/freesurfer/fsaverage/surf/rh.sphere.reg
Rescaling ...  original radius = 100
Reading target surface 
 /out/sourcedata/freesurfer/sub-v1s6x0051362_ses-1/surf/rh.white
Reading target registration 
 /out/sourcedata/freesurfer/sub-v1s6x0051362_ses-1/surf/rh.sphere.reg
Rescaling ...  original radius = 99.9999
Building target registration hash (res=16).
Building source registration hash (res=16).
INFO: found  1388 nlabel points
Performing mapping from target back to the source label 127611
Number of reverse mapping hits = 18
Checking for and removing duplicates
Writing label file ./rh.BA4a_exvivo.thresh.label 1406
mri_label2label: Done


 mri_label2label --srcsubject fsaverage --srclabel /out/sourcedata/freesurfer/fsaverage/label/rh.BA4p_exvivo.thresh.label --trgsubject sub-v1s6x0051362_ses-1 --trglabel ./rh.BA4p_exvivo.thresh.label --hemi rh --regmethod surface 


srclabel = /out/sourcedata/freesurfer/fsaverage/label/rh.BA4p_exvivo.thresh.label
srcsubject = fsaverage
trgsubject = sub-v1s6x0051362_ses-1
trglabel = ./rh.BA4p_exvivo.thresh.label
regmethod = surface

srchemi = rh
trghemi = rh
trgsurface = white
srcsurfreg = sphere.reg
trgsurfreg = sphere.reg
usehash = 1
Use ProjAbs  = 0, 0
Use ProjFrac = 0, 0
DoPaint 0

SUBJECTS_DIR    /out/sourcedata/freesurfer
FREESURFER_HOME /opt/freesurfer
Loading source label.
Found 1489 points in source label.
Starting surface-based mapping
Reading source registration 
 /out/sourcedata/freesurfer/fsaverage/surf/rh.sphere.reg
Rescaling ...  original radius = 100
Reading target surface 
 /out/sourcedata/freesurfer/sub-v1s6x0051362_ses-1/surf/rh.white
Reading target registration 
 /out/sourcedata/freesurfer/sub-v1s6x0051362_ses-1/surf/rh.sphere.reg
Rescaling ...  original radius = 99.9999
Building target registration hash (res=16).
Building source registration hash (res=16).
INFO: found  1489 nlabel points
Performing mapping from target back to the source label 127611
Number of reverse mapping hits = 38
Checking for and removing duplicates
Writing label file ./rh.BA4p_exvivo.thresh.label 1527
mri_label2label: Done


 mri_label2label --srcsubject fsaverage --srclabel /out/sourcedata/freesurfer/fsaverage/label/rh.BA6_exvivo.thresh.label --trgsubject sub-v1s6x0051362_ses-1 --trglabel ./rh.BA6_exvivo.thresh.label --hemi rh --regmethod surface 


srclabel = /out/sourcedata/freesurfer/fsaverage/label/rh.BA6_exvivo.thresh.label
srcsubject = fsaverage
trgsubject = sub-v1s6x0051362_ses-1
trglabel = ./rh.BA6_exvivo.thresh.label
regmethod = surface

srchemi = rh
trghemi = rh
trgsurface = white
srcsurfreg = sphere.reg
trgsurfreg = sphere.reg
usehash = 1
Use ProjAbs  = 0, 0
Use ProjFrac = 0, 0
DoPaint 0

SUBJECTS_DIR    /out/sourcedata/freesurfer
FREESURFER_HOME /opt/freesurfer
Loading source label.
Found 6959 points in source label.
Starting surface-based mapping
Reading source registration 
 /out/sourcedata/freesurfer/fsaverage/surf/rh.sphere.reg
Rescaling ...  original radius = 100
Reading target surface 
 /out/sourcedata/freesurfer/sub-v1s6x0051362_ses-1/surf/rh.white
Reading target registration 
 /out/sourcedata/freesurfer/sub-v1s6x0051362_ses-1/surf/rh.sphere.reg
Rescaling ...  original radius = 99.9999
Building target registration hash (res=16).
Building source registration hash (res=16).
INFO: found  6959 nlabel points
Performing mapping from target back to the source label 127611
Number of reverse mapping hits = 57
Checking for and removing duplicates
Writing label file ./rh.BA6_exvivo.thresh.label 7016
mri_label2label: Done


 mri_label2label --srcsubject fsaverage --srclabel /out/sourcedata/freesurfer/fsaverage/label/rh.BA44_exvivo.thresh.label --trgsubject sub-v1s6x0051362_ses-1 --trglabel ./rh.BA44_exvivo.thresh.label --hemi rh --regmethod surface 


srclabel = /out/sourcedata/freesurfer/fsaverage/label/rh.BA44_exvivo.thresh.label
srcsubject = fsaverage
trgsubject = sub-v1s6x0051362_ses-1
trglabel = ./rh.BA44_exvivo.thresh.label
regmethod = surface

srchemi = rh
trghemi = rh
trgsurface = white
srcsurfreg = sphere.reg
trgsurfreg = sphere.reg
usehash = 1
Use ProjAbs  = 0, 0
Use ProjFrac = 0, 0
DoPaint 0

SUBJECTS_DIR    /out/sourcedata/freesurfer
FREESURFER_HOME /opt/freesurfer
Loading source label.
Found 1012 points in source label.
Starting surface-based mapping
Reading source registration 
 /out/sourcedata/freesurfer/fsaverage/surf/rh.sphere.reg
Rescaling ...  original radius = 100
Reading target surface 
 /out/sourcedata/freesurfer/sub-v1s6x0051362_ses-1/surf/rh.white
Reading target registration 
 /out/sourcedata/freesurfer/sub-v1s6x0051362_ses-1/surf/rh.sphere.reg
Rescaling ...  original radius = 99.9999
Building target registration hash (res=16).
Building source registration hash (res=16).
INFO: found  1012 nlabel points
Performing mapping from target back to the source label 127611
Number of reverse mapping hits = 60
Checking for and removing duplicates
Writing label file ./rh.BA44_exvivo.thresh.label 1072
mri_label2label: Done


 mri_label2label --srcsubject fsaverage --srclabel /out/sourcedata/freesurfer/fsaverage/label/rh.BA45_exvivo.thresh.label --trgsubject sub-v1s6x0051362_ses-1 --trglabel ./rh.BA45_exvivo.thresh.label --hemi rh --regmethod surface 


srclabel = /out/sourcedata/freesurfer/fsaverage/label/rh.BA45_exvivo.thresh.label
srcsubject = fsaverage
trgsubject = sub-v1s6x0051362_ses-1
trglabel = ./rh.BA45_exvivo.thresh.label
regmethod = surface

srchemi = rh
trghemi = rh
trgsurface = white
srcsurfreg = sphere.reg
trgsurfreg = sphere.reg
usehash = 1
Use ProjAbs  = 0, 0
Use ProjFrac = 0, 0
DoPaint 0

SUBJECTS_DIR    /out/sourcedata/freesurfer
FREESURFER_HOME /opt/freesurfer
Loading source label.
Found 1178 points in source label.
Starting surface-based mapping
Reading source registration 
 /out/sourcedata/freesurfer/fsaverage/surf/rh.sphere.reg
Rescaling ...  original radius = 100
Reading target surface 
 /out/sourcedata/freesurfer/sub-v1s6x0051362_ses-1/surf/rh.white
Reading target registration 
 /out/sourcedata/freesurfer/sub-v1s6x0051362_ses-1/surf/rh.sphere.reg
Rescaling ...  original radius = 99.9999
Building target registration hash (res=16).
Building source registration hash (res=16).
INFO: found  1178 nlabel points
Performing mapping from target back to the source label 127611
Number of reverse mapping hits = 220
Checking for and removing duplicates
Writing label file ./rh.BA45_exvivo.thresh.label 1398
mri_label2label: Done


 mri_label2label --srcsubject fsaverage --srclabel /out/sourcedata/freesurfer/fsaverage/label/rh.V1_exvivo.thresh.label --trgsubject sub-v1s6x0051362_ses-1 --trglabel ./rh.V1_exvivo.thresh.label --hemi rh --regmethod surface 


srclabel = /out/sourcedata/freesurfer/fsaverage/label/rh.V1_exvivo.thresh.label
srcsubject = fsaverage
trgsubject = sub-v1s6x0051362_ses-1
trglabel = ./rh.V1_exvivo.thresh.label
regmethod = surface

srchemi = rh
trghemi = rh
trgsurface = white
srcsurfreg = sphere.reg
trgsurfreg = sphere.reg
usehash = 1
Use ProjAbs  = 0, 0
Use ProjFrac = 0, 0
DoPaint 0

SUBJECTS_DIR    /out/sourcedata/freesurfer
FREESURFER_HOME /opt/freesurfer
Loading source label.
Found 3232 points in source label.
Starting surface-based mapping
Reading source registration 
 /out/sourcedata/freesurfer/fsaverage/surf/rh.sphere.reg
Rescaling ...  original radius = 100
Reading target surface 
 /out/sourcedata/freesurfer/sub-v1s6x0051362_ses-1/surf/rh.white
Reading target registration 
 /out/sourcedata/freesurfer/sub-v1s6x0051362_ses-1/surf/rh.sphere.reg
Rescaling ...  original radius = 99.9999
Building target registration hash (res=16).
Building source registration hash (res=16).
INFO: found  3232 nlabel points
Performing mapping from target back to the source label 127611
Number of reverse mapping hits = 961
Checking for and removing duplicates
Writing label file ./rh.V1_exvivo.thresh.label 4193
mri_label2label: Done


 mri_label2label --srcsubject fsaverage --srclabel /out/sourcedata/freesurfer/fsaverage/label/rh.V2_exvivo.thresh.label --trgsubject sub-v1s6x0051362_ses-1 --trglabel ./rh.V2_exvivo.thresh.label --hemi rh --regmethod surface 


srclabel = /out/sourcedata/freesurfer/fsaverage/label/rh.V2_exvivo.thresh.label
srcsubject = fsaverage
trgsubject = sub-v1s6x0051362_ses-1
trglabel = ./rh.V2_exvivo.thresh.label
regmethod = surface

srchemi = rh
trghemi = rh
trgsurface = white
srcsurfreg = sphere.reg
trgsurfreg = sphere.reg
usehash = 1
Use ProjAbs  = 0, 0
Use ProjFrac = 0, 0
DoPaint 0

SUBJECTS_DIR    /out/sourcedata/freesurfer
FREESURFER_HOME /opt/freesurfer
Loading source label.
Found 3437 points in source label.
Starting surface-based mapping
Reading source registration 
 /out/sourcedata/freesurfer/fsaverage/surf/rh.sphere.reg
Rescaling ...  original radius = 100
Reading target surface 
 /out/sourcedata/freesurfer/sub-v1s6x0051362_ses-1/surf/rh.white
Reading target registration 
 /out/sourcedata/freesurfer/sub-v1s6x0051362_ses-1/surf/rh.sphere.reg
Rescaling ...  original radius = 99.9999
Building target registration hash (res=16).
Building source registration hash (res=16).
INFO: found  3437 nlabel points
Performing mapping from target back to the source label 127611
Number of reverse mapping hits = 1108
Checking for and removing duplicates
Writing label file ./rh.V2_exvivo.thresh.label 4545
mri_label2label: Done


 mri_label2label --srcsubject fsaverage --srclabel /out/sourcedata/freesurfer/fsaverage/label/rh.MT_exvivo.thresh.label --trgsubject sub-v1s6x0051362_ses-1 --trglabel ./rh.MT_exvivo.thresh.label --hemi rh --regmethod surface 


srclabel = /out/sourcedata/freesurfer/fsaverage/label/rh.MT_exvivo.thresh.label
srcsubject = fsaverage
trgsubject = sub-v1s6x0051362_ses-1
trglabel = ./rh.MT_exvivo.thresh.label
regmethod = surface

srchemi = rh
trghemi = rh
trgsurface = white
srcsurfreg = sphere.reg
trgsurfreg = sphere.reg
usehash = 1
Use ProjAbs  = 0, 0
Use ProjFrac = 0, 0
DoPaint 0

SUBJECTS_DIR    /out/sourcedata/freesurfer
FREESURFER_HOME /opt/freesurfer
Loading source label.
Found 268 points in source label.
Starting surface-based mapping
Reading source registration 
 /out/sourcedata/freesurfer/fsaverage/surf/rh.sphere.reg
Rescaling ...  original radius = 100
Reading target surface 
 /out/sourcedata/freesurfer/sub-v1s6x0051362_ses-1/surf/rh.white
Reading target registration 
 /out/sourcedata/freesurfer/sub-v1s6x0051362_ses-1/surf/rh.sphere.reg
Rescaling ...  original radius = 99.9999
Building target registration hash (res=16).
Building source registration hash (res=16).
INFO: found  268 nlabel points
Performing mapping from target back to the source label 127611
Number of reverse mapping hits = 77
Checking for and removing duplicates
Writing label file ./rh.MT_exvivo.thresh.label 345
mri_label2label: Done


 mri_label2label --srcsubject fsaverage --srclabel /out/sourcedata/freesurfer/fsaverage/label/rh.entorhinal_exvivo.thresh.label --trgsubject sub-v1s6x0051362_ses-1 --trglabel ./rh.entorhinal_exvivo.thresh.label --hemi rh --regmethod surface 


srclabel = /out/sourcedata/freesurfer/fsaverage/label/rh.entorhinal_exvivo.thresh.label
srcsubject = fsaverage
trgsubject = sub-v1s6x0051362_ses-1
trglabel = ./rh.entorhinal_exvivo.thresh.label
regmethod = surface

srchemi = rh
trghemi = rh
trgsurface = white
srcsurfreg = sphere.reg
trgsurfreg = sphere.reg
usehash = 1
Use ProjAbs  = 0, 0
Use ProjFrac = 0, 0
DoPaint 0

SUBJECTS_DIR    /out/sourcedata/freesurfer
FREESURFER_HOME /opt/freesurfer
Loading source label.
Found 694 points in source label.
Starting surface-based mapping
Reading source registration 
 /out/sourcedata/freesurfer/fsaverage/surf/rh.sphere.reg
Rescaling ...  original radius = 100
Reading target surface 
 /out/sourcedata/freesurfer/sub-v1s6x0051362_ses-1/surf/rh.white
Reading target registration 
 /out/sourcedata/freesurfer/sub-v1s6x0051362_ses-1/surf/rh.sphere.reg
Rescaling ...  original radius = 99.9999
Building target registration hash (res=16).
Building source registration hash (res=16).
INFO: found  694 nlabel points
Performing mapping from target back to the source label 127611
Number of reverse mapping hits = 9
Checking for and removing duplicates
Writing label file ./rh.entorhinal_exvivo.thresh.label 703
mri_label2label: Done


 mri_label2label --srcsubject fsaverage --srclabel /out/sourcedata/freesurfer/fsaverage/label/rh.perirhinal_exvivo.thresh.label --trgsubject sub-v1s6x0051362_ses-1 --trglabel ./rh.perirhinal_exvivo.thresh.label --hemi rh --regmethod surface 


srclabel = /out/sourcedata/freesurfer/fsaverage/label/rh.perirhinal_exvivo.thresh.label
srcsubject = fsaverage
trgsubject = sub-v1s6x0051362_ses-1
trglabel = ./rh.perirhinal_exvivo.thresh.label
regmethod = surface

srchemi = rh
trghemi = rh
trgsurface = white
srcsurfreg = sphere.reg
trgsurfreg = sphere.reg
usehash = 1
Use ProjAbs  = 0, 0
Use ProjFrac = 0, 0
DoPaint 0

SUBJECTS_DIR    /out/sourcedata/freesurfer
FREESURFER_HOME /opt/freesurfer
Loading source label.
Found 291 points in source label.
Starting surface-based mapping
Reading source registration 
 /out/sourcedata/freesurfer/fsaverage/surf/rh.sphere.reg
Rescaling ...  original radius = 100
Reading target surface 
 /out/sourcedata/freesurfer/sub-v1s6x0051362_ses-1/surf/rh.white
Reading target registration 
 /out/sourcedata/freesurfer/sub-v1s6x0051362_ses-1/surf/rh.sphere.reg
Rescaling ...  original radius = 99.9999
Building target registration hash (res=16).
Building source registration hash (res=16).
INFO: found  291 nlabel points
Performing mapping from target back to the source label 127611
Number of reverse mapping hits = 11
Checking for and removing duplicates
Writing label file ./rh.perirhinal_exvivo.thresh.label 302
mri_label2label: Done


 mris_label2annot --s sub-v1s6x0051362_ses-1 --hemi rh --ctab /opt/freesurfer/average/colortable_BA.txt --l rh.BA1_exvivo.label --l rh.BA2_exvivo.label --l rh.BA3a_exvivo.label --l rh.BA3b_exvivo.label --l rh.BA4a_exvivo.label --l rh.BA4p_exvivo.label --l rh.BA6_exvivo.label --l rh.BA44_exvivo.label --l rh.BA45_exvivo.label --l rh.V1_exvivo.label --l rh.V2_exvivo.label --l rh.MT_exvivo.label --l rh.perirhinal_exvivo.label --l rh.entorhinal_exvivo.label --a BA_exvivo --maxstatwinner --noverbose 

Reading ctab /opt/freesurfer/average/colortable_BA.txt
Number of ctab entries 15

7.3.2
cwd /out/sourcedata/freesurfer/sub-v1s6x0051362_ses-1/label
cmdline mris_label2annot --s sub-v1s6x0051362_ses-1 --hemi rh --ctab /opt/freesurfer/average/colortable_BA.txt --l rh.BA1_exvivo.label --l rh.BA2_exvivo.label --l rh.BA3a_exvivo.label --l rh.BA3b_exvivo.label --l rh.BA4a_exvivo.label --l rh.BA4p_exvivo.label --l rh.BA6_exvivo.label --l rh.BA44_exvivo.label --l rh.BA45_exvivo.label --l rh.V1_exvivo.label --l rh.V2_exvivo.label --l rh.MT_exvivo.label --l rh.perirhinal_exvivo.label --l rh.entorhinal_exvivo.label --a BA_exvivo --maxstatwinner --noverbose 
sysname  Linux
hostname dna003
machine  x86_64
user     oesteban

subject sub-v1s6x0051362_ses-1
hemi    rh
SUBJECTS_DIR /out/sourcedata/freesurfer
ColorTable /opt/freesurfer/average/colortable_BA.txt
AnnotName  BA_exvivo
nlables 14
LabelThresh 0 0.000000
Loading /out/sourcedata/freesurfer/sub-v1s6x0051362_ses-1/surf/rh.orig
 1 1530880 BA1_exvivo
 2 16749699 BA2_exvivo
 3 16711680 BA3a_exvivo
 4 3368703 BA3b_exvivo
 5 1376196 BA4a_exvivo
 6 13382655 BA4p_exvivo
 7 10036737 BA6_exvivo
 8 2490521 BA44_exvivo
 9 39283 BA45_exvivo
10 3993 V1_exvivo
11 8508928 V2_exvivo
12 10027163 MT_exvivo
13 16422433 perirhinal_exvivo
14 16392598 entorhinal_exvivo
Mapping unhit to unknown
Found 88940 unhit vertices
Writing annot to /out/sourcedata/freesurfer/sub-v1s6x0051362_ses-1/label/rh.BA_exvivo.annot

 mris_label2annot --s sub-v1s6x0051362_ses-1 --hemi rh --ctab /opt/freesurfer/average/colortable_BA.txt --l rh.BA1_exvivo.thresh.label --l rh.BA2_exvivo.thresh.label --l rh.BA3a_exvivo.thresh.label --l rh.BA3b_exvivo.thresh.label --l rh.BA4a_exvivo.thresh.label --l rh.BA4p_exvivo.thresh.label --l rh.BA6_exvivo.thresh.label --l rh.BA44_exvivo.thresh.label --l rh.BA45_exvivo.thresh.label --l rh.V1_exvivo.thresh.label --l rh.V2_exvivo.thresh.label --l rh.MT_exvivo.thresh.label --l rh.perirhinal_exvivo.thresh.label --l rh.entorhinal_exvivo.thresh.label --a BA_exvivo.thresh --maxstatwinner --noverbose 

Reading ctab /opt/freesurfer/average/colortable_BA.txt
Number of ctab entries 15

7.3.2
cwd /out/sourcedata/freesurfer/sub-v1s6x0051362_ses-1/label
cmdline mris_label2annot --s sub-v1s6x0051362_ses-1 --hemi rh --ctab /opt/freesurfer/average/colortable_BA.txt --l rh.BA1_exvivo.thresh.label --l rh.BA2_exvivo.thresh.label --l rh.BA3a_exvivo.thresh.label --l rh.BA3b_exvivo.thresh.label --l rh.BA4a_exvivo.thresh.label --l rh.BA4p_exvivo.thresh.label --l rh.BA6_exvivo.thresh.label --l rh.BA44_exvivo.thresh.label --l rh.BA45_exvivo.thresh.label --l rh.V1_exvivo.thresh.label --l rh.V2_exvivo.thresh.label --l rh.MT_exvivo.thresh.label --l rh.perirhinal_exvivo.thresh.label --l rh.entorhinal_exvivo.thresh.label --a BA_exvivo.thresh --maxstatwinner --noverbose 
sysname  Linux
hostname dna003
machine  x86_64
user     oesteban

subject sub-v1s6x0051362_ses-1
hemi    rh
SUBJECTS_DIR /out/sourcedata/freesurfer
ColorTable /opt/freesurfer/average/colortable_BA.txt
AnnotName  BA_exvivo.thresh
nlables 14
LabelThresh 0 0.000000
Loading /out/sourcedata/freesurfer/sub-v1s6x0051362_ses-1/surf/rh.orig
 1 1530880 BA1_exvivo
 2 16749699 BA2_exvivo
 3 16711680 BA3a_exvivo
 4 3368703 BA3b_exvivo
 5 1376196 BA4a_exvivo
 6 13382655 BA4p_exvivo
 7 10036737 BA6_exvivo
 8 2490521 BA44_exvivo
 9 39283 BA45_exvivo
10 3993 V1_exvivo
11 8508928 V2_exvivo
12 10027163 MT_exvivo
13 16422433 perirhinal_exvivo
14 16392598 entorhinal_exvivo
Mapping unhit to unknown
Found 105729 unhit vertices
Writing annot to /out/sourcedata/freesurfer/sub-v1s6x0051362_ses-1/label/rh.BA_exvivo.thresh.annot

 mris_anatomical_stats -th3 -mgz -noglobal -f ../stats/rh.BA_exvivo.stats -b -a ./rh.BA_exvivo.annot -c ./BA_exvivo.ctab sub-v1s6x0051362_ses-1 rh white 

computing statistics for each annotation in ./rh.BA_exvivo.annot.
reading volume /out/sourcedata/freesurfer/sub-v1s6x0051362_ses-1/mri/wm.mgz...
reading input surface /out/sourcedata/freesurfer/sub-v1s6x0051362_ses-1/surf/rh.white...
reading input pial surface /out/sourcedata/freesurfer/sub-v1s6x0051362_ses-1/surf/rh.pial...
reading input white surface /out/sourcedata/freesurfer/sub-v1s6x0051362_ses-1/surf/rh.white...
INFO: using TH3 volume calc
INFO: assuming MGZ format for volumes.
INFO: not computing global stats
Using TH3 vertex volume calc
Total face volume 209520
Total vertex volume 209329 (mask=0)
Saving annotation colortable ./BA_exvivo.ctab

table columns are:
    number of vertices
    total surface area (mm^2)
    total gray matter volume (mm^3)
    average cortical thickness +- standard deviation (mm)
    integrated rectified mean curvature
    integrated rectified Gaussian curvature
    folding index
    intrinsic curvature index
    structure name

  828    460   1333  2.172 0.434     0.124     0.029        9     0.9  BA1_exvivo
 2863   1825   3844  2.110 0.455     0.106     0.020       23     2.4  BA2_exvivo
  991    710    938  1.635 0.414     0.130     0.025        8     1.0  BA3a_exvivo
 1861   1127   2024  1.646 0.527     0.085     0.015       11     1.3  BA3b_exvivo
 1506    832   2324  2.442 0.469     0.085     0.016        7     1.2  BA4a_exvivo
 1268    758   1681  2.267 0.446     0.077     0.012        5     0.7  BA4p_exvivo
 6650   4294  12204  2.505 0.437     0.104     0.021       47     5.8  BA6_exvivo
 3377   2218   5874  2.592 0.348     0.100     0.019       23     2.7  BA44_exvivo
 4515   3297   8955  2.438 0.501     0.134     0.028       52     5.4  BA45_exvivo
 4096   2739   4846  1.698 0.581     0.118     0.027       37     4.8  V1_exvivo
 7695   5208  10048  1.812 0.633     0.141     0.031      103    10.1  V2_exvivo
 2182   1449   3378  2.294 0.377     0.111     0.019       18     1.7  MT_exvivo
  336    228    895  3.353 0.671     0.140     0.024        4     0.4  perirhinal_exvivo
  503    351   1760  3.378 0.733     0.110     0.026        4     0.5  entorhinal_exvivo

 mris_anatomical_stats -th3 -mgz -f ../stats/rh.BA_exvivo.thresh.stats -noglobal -b -a ./rh.BA_exvivo.thresh.annot -c ./BA_exvivo.thresh.ctab sub-v1s6x0051362_ses-1 rh white 

computing statistics for each annotation in ./rh.BA_exvivo.thresh.annot.
reading volume /out/sourcedata/freesurfer/sub-v1s6x0051362_ses-1/mri/wm.mgz...
reading input surface /out/sourcedata/freesurfer/sub-v1s6x0051362_ses-1/surf/rh.white...
reading input pial surface /out/sourcedata/freesurfer/sub-v1s6x0051362_ses-1/surf/rh.pial...
reading input white surface /out/sourcedata/freesurfer/sub-v1s6x0051362_ses-1/surf/rh.white...
INFO: using TH3 volume calc
INFO: assuming MGZ format for volumes.
INFO: not computing global stats
Using TH3 vertex volume calc
Total face volume 209520
Total vertex volume 209329 (mask=0)
Saving annotation colortable ./BA_exvivo.thresh.ctab

table columns are:
    number of vertices
    total surface area (mm^2)
    total gray matter volume (mm^3)
    average cortical thickness +- standard deviation (mm)
    integrated rectified mean curvature
    integrated rectified Gaussian curvature
    folding index
    intrinsic curvature index
    structure name

  579    299    865  2.118 0.447     0.118     0.026        6     0.6  BA1_exvivo
 1664   1036   2302  2.052 0.489     0.093     0.014       10     1.1  BA2_exvivo
  872    639    758  1.591 0.360     0.137     0.024        8     0.9  BA3a_exvivo
 1488    916   1395  1.510 0.424     0.074     0.012        6     0.9  BA3b_exvivo
  879    494   1403  2.524 0.476     0.093     0.018        5     0.7  BA4a_exvivo
 1058    634   1430  2.335 0.431     0.074     0.012        3     0.6  BA4p_exvivo
 4259   2707   7963  2.534 0.458     0.104     0.021       30     3.7  BA6_exvivo
  866    568   1754  2.714 0.302     0.101     0.021        7     0.8  BA44_exvivo
 1237    952   2890  2.540 0.527     0.142     0.030       16     1.5  BA45_exvivo
 3932   2644   4523  1.679 0.566     0.119     0.028       36     4.7  V1_exvivo
 4199   2831   5463  1.737 0.679     0.144     0.033       59     6.0  V2_exvivo
  329    206    638  2.502 0.341     0.137     0.025        4     0.4  MT_exvivo
   36     19     81  3.528 0.419     0.196     0.034        1     0.1  perirhinal_exvivo
  484    347   1547  3.398 0.697     0.115     0.022        4     0.5  entorhinal_exvivo

Started at Tue Mar 10 07:49:13 CET 2026 
Ended   at Tue Mar 10 07:51:48 CET 2026
#@#%# recon-all-run-time-hours 0.043
recon-all -s sub-v1s6x0051362_ses-1 finished without error at Tue Mar 10 07:51:48 CET 2026
