global_signal	global_signal_derivative1	global_signal_power2	global_signal_derivative1_power2	csf	csf_derivative1	csf_power2	csf_derivative1_power2	white_matter	white_matter_derivative1	white_matter_power2	white_matter_derivative1_power2	csf_wm	tcompcor	std_dvars	dvars	framewise_displacement	rmsd	t_comp_cor_00	t_comp_cor_01	t_comp_cor_02	t_comp_cor_03	t_comp_cor_04	t_comp_cor_05	c_comp_cor_00	c_comp_cor_01	c_comp_cor_02	c_comp_cor_03	c_comp_cor_04	c_comp_cor_05	c_comp_cor_06	c_comp_cor_07	c_comp_cor_08	c_comp_cor_09	c_comp_cor_10	c_comp_cor_11	c_comp_cor_12	c_comp_cor_13	w_comp_cor_00	w_comp_cor_01	w_comp_cor_02	w_comp_cor_03	w_comp_cor_04	w_comp_cor_05	w_comp_cor_06	w_comp_cor_07	w_comp_cor_08	w_comp_cor_09	w_comp_cor_10	w_comp_cor_11	w_comp_cor_12	w_comp_cor_13	w_comp_cor_14	w_comp_cor_15	w_comp_cor_16	w_comp_cor_17	w_comp_cor_18	w_comp_cor_19	w_comp_cor_20	w_comp_cor_21	w_comp_cor_22	w_comp_cor_23	w_comp_cor_24	w_comp_cor_25	w_comp_cor_26	w_comp_cor_27	w_comp_cor_28	w_comp_cor_29	w_comp_cor_30	w_comp_cor_31	w_comp_cor_32	w_comp_cor_33	w_comp_cor_34	w_comp_cor_35	w_comp_cor_36	w_comp_cor_37	w_comp_cor_38	w_comp_cor_39	w_comp_cor_40	w_comp_cor_41	a_comp_cor_00	a_comp_cor_01	a_comp_cor_02	a_comp_cor_03	a_comp_cor_04	a_comp_cor_05	a_comp_cor_06	a_comp_cor_07	a_comp_cor_08	a_comp_cor_09	a_comp_cor_10	a_comp_cor_11	a_comp_cor_12	a_comp_cor_13	a_comp_cor_14	a_comp_cor_15	a_comp_cor_16	a_comp_cor_17	a_comp_cor_18	a_comp_cor_19	a_comp_cor_20	a_comp_cor_21	a_comp_cor_22	a_comp_cor_23	a_comp_cor_24	a_comp_cor_25	a_comp_cor_26	a_comp_cor_27	a_comp_cor_28	a_comp_cor_29	a_comp_cor_30	a_comp_cor_31	a_comp_cor_32	a_comp_cor_33	a_comp_cor_34	a_comp_cor_35	a_comp_cor_36	a_comp_cor_37	a_comp_cor_38	a_comp_cor_39	a_comp_cor_40	edge_comp_00	edge_comp_01	edge_comp_02	edge_comp_03	edge_comp_04	edge_comp_05	edge_comp_06	edge_comp_07	edge_comp_08	edge_comp_09	edge_comp_10	edge_comp_11	edge_comp_12	edge_comp_13	edge_comp_14	edge_comp_15	edge_comp_16	edge_comp_17	edge_comp_18	edge_comp_19	edge_comp_20	edge_comp_21	edge_comp_22	edge_comp_23	cosine00	cosine01	cosine02	cosine03	trans_x	trans_x_derivative1	trans_x_derivative1_power2	trans_x_power2	trans_y	trans_y_derivative1	trans_y_power2	trans_y_derivative1_power2	trans_z	trans_z_derivative1	trans_z_derivative1_power2	trans_z_power2	rot_x	rot_x_derivative1	rot_x_derivative1_power2	rot_x_power2	rot_y	rot_y_derivative1	rot_y_power2	rot_y_derivative1_power2	rot_z	rot_z_derivative1	rot_z_derivative1_power2	rot_z_power2
849.6107506174781	n/a	721838.4275647945	n/a	1175.951676418212	n/a	1382862.345270803	n/a	776.8832045991923	n/a	603547.5135883105	n/a	830.5049173380434	810.4094895063978	n/a	n/a	n/a	n/a	-0.0452383132	0.0484351847	-0.1490943005	0.1310939636	-0.0258137368	0.3656080731	0.1394502229	-0.0296938732	0.1598538226	-0.1683342701	-0.0847941341	0.541289353	-0.3887190438	0.0155567666	-0.3326515141	0.1167169834	-0.060180202	0.1045670361	-0.0418465482	0.1601999818	0.0035381515	-0.2162864137	0.0411258617	-0.1206394652	0.0942611453	0.0070760083	-0.0926968784	0.0476300871	-0.1795128968	0.2704848752	-0.0486165739	0.1007335555	-0.0404572168	0.087355649	-0.0408438774	0.0914766316	-0.0325731565	0.1417760492	-0.0113181707	-0.0729097896	0.0523659577	-0.0381152269	-0.0489339343	0.0085784486	0.1189606779	-0.0720289874	-0.0606167272	0.0739860449	0.041540205	-0.0102137842	-0.1164363051	0.1486787362	0.1190671174	0.1157328447	-0.0779086797	-0.1171347924	-0.0262960507	0.1696499609	-0.166677685	-0.0690571398	-0.0173082702	0.1818022623	0.0062953608	-0.1704876007	0.1341377378	-0.1669675822	0.3285478895	-0.0876891348	0.0536505475	-0.1756404147	0.0896938091	-0.3312331912	-0.2442964626	0.1815354822	-0.0906475487	0.1169130807	-0.0237028223	0.1453584311	-0.1283154539	0.0959205453	-0.0010871906	-0.0363088548	0.0856251266	-0.0933341444	0.1017586019	-0.0916631341	0.022665606	0.1298866935	-0.0325733839	-0.0463485435	0.0228843481	0.0591652909	0.0767287618	-0.1498382927	-0.0297616034	0.1356459582	0.0269948828	-0.11847634	-0.023301117	-0.0493809894	0.0620472063	0.0350570105	0.0265357479	0.2640204095	-0.1959173704	0.0723364593	-0.0669050835	0.0433809277	-0.1817833474	0.0436883138	-0.3098580019	0.0434448041	-0.2025073776	0.0052082095	-0.0859660639	0.0478844634	-0.0372486933	0.0266830091	0.1259801902	-0.0355256353	0.1935823924	-0.1102377993	0.0659857253	-0.0031696187	0.0826108738	-0.129493127	0.1724765635	0.1290883846	0.1290552057	0.1289999139	0.1289225186	-0.0904440409185127	n/a	n/a	0.0081801245376696	0.098801712955165	n/a	0.0097617784828748	n/a	-0.146344193722598	n/a	n/a	0.0214166230363172	0.0040078936156824	n/a	n/a	1.6063211234627743e-05	0.0013749482003913	n/a	1.890482553759275e-06	n/a	-0.0012787627562556	n/a	n/a	1.6352341867864188e-06
849.8571338873925	0.2463832699144177	722257.1480192933	0.0607047156937208	1166.0487807646757	-9.902895653536234	1359669.7591227868	98.06734232482684	778.2340683635099	1.350863764317637	605648.2651616202	1.8248329097464169	830.088982870587	814.1207034020492	1.040677	19.359724	0.0661315817088312	0.0434120568409151	0.0388391685	0.0170810703	-0.1594999184	0.0200690745	-0.0062498184	0.3094854663	0.1478433783	-0.00809043	0.0370752977	-0.2276368187	0.173899784	0.2424577662	0.0051758912	-0.043061801	0.0441845118	-0.0208164108	0.0878909488	0.0519698353	0.0827909089	0.0072956552	-0.0670126912	0.0190478431	-0.0634230806	-0.2025854705	0.1857619547	0.0252375634	0.0208792153	0.1579965916	-0.2003709615	0.0572537595	-0.1149300095	0.1633111071	0.0591613671	-0.0354317482	0.0684816712	0.0398470219	0.1468744046	0.1421785158	-0.0335458813	0.1597024832	0.103614148	-0.0788141901	0.0150143327	-0.0157168627	-0.0333472806	0.0608086948	0.0516868824	-0.1476838288	0.1142977099	0.0015544753	-0.0964766361	-0.0775479643	-0.1115938107	-0.0611352778	-0.0187828187	-0.158502891	-0.1083973134	-0.0044352635	-0.0371685754	0.0009337083	-0.020211436	-0.001331875	0.0490924632	-0.1432409656	0.009931289	0.0873954264	0.2102640653	0.0541731629	-0.0126028175	-0.3488051127	0.0799597635	-0.1236105508	0.0001243426	-0.037637114	0.2042390523	-0.1274058075	0.0177486355	-0.0554619636	0.0222529567	0.049020351	-0.0293471163	-0.1180366424	0.0076989466	-0.1217408	0.0046188128	0.0901034728	0.0162392246	0.0663122202	0.0048810915	0.1737120799	0.0376871225	0.0146862339	-0.0456910363	0.026728744	-0.0654388426	0.0482743929	0.014709471	0.0407436018	0.0649648563	0.0197119509	0.0084888588	-0.0686831897	-0.1461909438	0.248961914	-0.2415470698	0.0534238708	-0.0495725697	0.0074119894	-0.1235935231	0.0259789025	-0.2505678745	-0.0366253591	-0.1986295251	0.0628321758	-0.0618938089	-0.0424386062	0.0145462974	-0.0087632334	0.1276960463	-0.1164236147	0.1191596061	-0.1104593775	-0.1117492196	0.0600074379	0.0301700193	-0.0374928647	-0.0628360361	0.1289999139	0.1287014744	0.1282045865	0.1275100165	-0.0915209348018066	-0.0010768938832939	1.159700435875828e-06	0.0083760815069965	0.0863114050419682	-0.0124903079131968	0.0074496586403186	0.0001560077917664	-0.1278684485572725	0.0184757451653254	0.000341353159414	0.0163503401364438	0.0033639096565671	-0.0006439839591153	4.147153395978165e-07	1.1315888177545383e-05	0.0014118534769931	3.6905276601799895e-05	1.993330240497506e-06	1.3619994410553586e-09	-0.0012778792970324	8.834592231999651e-07	7.805001990570859e-13	1.6329754977840207e-06
848.7084857862477	-1.1486481011447722	720306.0938455855	1.319392460263491	1168.2793711098009	2.230590345125165	1364876.688960712	4.975533287765604	779.4773875083417	1.243319144831844	607584.9976368295	1.5458424959053876	831.3791083970565	816.5120225318542	1.022555	19.022596	0.072600702998772	0.0403358974551554	0.0543416273	-0.0080811832	-0.0985875122	-0.0573007511	-0.0782759797	0.1295325542	0.1449549732	-0.1174977498	-0.0374405657	0.0985083274	0.0714945414	0.0854185159	0.1138605407	0.0140492733	0.0769184655	-0.163692971	-0.0196867195	0.1018687156	0.0138075289	0.2132213506	-0.0502429828	0.1681677785	0.062568038	-0.0588108337	0.2160494519	-0.0859397437	0.1822787112	0.0534573891	-0.1245771232	-0.1911904232	-0.1156055333	-0.1445756624	-0.0527255037	0.0498487896	0.125689185	-0.1373749999	0.099433747	-0.0020476885	-0.090293599	-0.0985389759	0.0322291067	0.0220222622	0.0059506964	-0.029994424	-0.1073130815	0.2431848043	-0.04120657	0.1375549342	0.035456137	0.0598470094	0.0626006197	0.0801673732	-0.0756635198	-0.0593150564	0.0334441056	0.0012425732	0.0529287155	-0.1422208969	0.079703987	0.2258876406	0.0158751534	0.0230858245	0.0753886429	-0.1164241585	-0.2305824057	-0.00414853	0.1028104331	0.092090375	-0.1367209519	-0.1251292492	0.1257144766	0.1199846586	0.1737009773	-0.0159349282	-0.1504301134	-0.0730492399	0.0141254551	-0.0732557014	0.1204188588	0.0554148004	0.0034003323	-0.0398561545	0.132742676	0.0283341847	-0.1183696827	-0.0836677416	0.0003197043	-0.170013838	0.1237340632	-0.024194679	0.1465519808	-0.1649223531	0.0022032247	0.0912046	-0.094098275	-0.1944961831	0.0171042031	-0.0417987612	0.1276548583	-0.0628496591	0.0428457094	0.0546983284	0.0416656704	0.2067150074	-0.1353354622	-0.0113245365	-0.0466034376	-0.0351700264	-0.0965003624	0.0668255566	-0.0498582384	0.0665778205	-0.0566389045	-0.0333147733	-0.0627386813	-0.0985222368	-0.0524561453	0.022271594	0.1035153053	-0.0900392044	-0.0986978054	0.0760122972	0.0987295983	0.0260133841	0.0271714091	0.1089989494	-0.0910865102	0.1288230331	0.1279949812	0.1266188352	0.124700488	-0.089111591474392	0.0024093433274146	5.804935269357274e-06	0.0079408757350989	0.0777402988739339	-0.0085711061680343	0.0060435540690085	7.346386094371569e-05	-0.1223209961612994	0.005547452395973	3.077422808558764e-05	0.0149624261018926	0.0027301127800817	-0.0006337968764854	4.016984806426496e-07	7.453515791965429e-06	0.0011260342533847	-0.0002858192236083	1.267953139795639e-06	8.16926285841085e-08	-0.0010760393749792	0.0002018399220531	4.0739354134441836e-08	1.1578607365056277e-06
847.3102242048888	-1.3982615813589518	717934.6160421389	1.9551354499044369	1165.4282876512996	-2.851083458501307	1358223.0936578405	8.128676887339775	777.9326695707656	-1.544717937576138	605179.2383854979	2.386153506669477	829.8395122822669	808.7436725950676	0.949678	17.666861	0.0580805368448791	0.0309496784936412	-0.0191898938	0.0021835259	-0.0525151616	0.0457333708	-0.0920339643	0.038709394	0.031153864	-0.0433640357	-0.0320670214	0.1119637114	-0.0175037634	0.0916589814	0.1131685869	-0.0439755658	0.0376553155	-0.1287457728	0.0916278374	0.0568032159	-0.0204686523	0.0150566933	0.0411194693	0.0596211904	0.1580532131	-0.033213448	0.0830659442	0.1058666373	-0.0373351552	-0.0011251701	0.0130677198	-0.0018071207	-0.1076100626	0.13793865	0.0882756192	0.0314333749	-0.0185301819	0.1124936326	-0.1032995901	-0.0729511764	0.0262025503	-0.1846229419	-0.0567526934	-0.0221069362	0.0029124179	0.0170754364	-0.0220630276	-0.1148567548	0.0180243874	0.1322993922	-0.0505537454	0.224688297	0.1388531294	0.2284140731	-0.1805189604	0.0504336454	-0.0867781269	-0.020403364	0.0045236415	-0.0425413118	-0.0150151258	0.015883976	-0.0966252311	0.2047940708	-0.0302520284	-0.0304568407	-0.0772905052	-0.1053826941	0.1500277439	0.0660141221	-0.0509344906	0.0066653773	0.0260640056	0.1299154595	-0.0423556522	0.0750425292	-0.1108902725	0.0442479161	-0.0584891463	-0.0673943657	-0.2330736709	-0.0128330929	-0.0896519541	0.045485834	-0.0613604203	0.0086671291	-0.0258627846	0.0895359053	-0.0835523277	-0.0858994711	0.0863828217	-0.1191332126	0.0289044934	-0.1607425282	-0.1326987367	0.0117855714	-0.0188631584	-0.0171063667	0.0942831801	-0.1509325123	-0.0926481084	-0.0684609161	0.144663509	-0.0549057236	0.0800743953	0.1604127496	-0.0491437737	0.0003731602	-0.0767907533	-0.005500098	-0.0660299942	0.0546422722	0.0051653221	0.0766571283	0.0860844067	-0.0951954687	-0.0216760111	-0.0627127127	-0.0086328508	-0.0343266408	-0.109835604	0.0918472648	-0.1424953114	0.0783007381	0.0532387215	-0.006829851	-0.0530836453	0.1125259253	-0.0596684805	0.1285578634	0.1269376627	0.1242524367	0.1205247148	-0.0752356676591574	0.0138759238152346	0.0001925412617261	0.0056604056881191	0.0776393296353461	-0.0001009692385877	0.0060278655062259	1.0194787140999016e-08	-0.1079516864779677	0.0143693096833317	0.0002064770607754	0.0116535666134374	0.0023709833242207	-0.000359129455861	1.2897396606701802e-07	5.621561923732641e-06	0.0009888435060123	-0.0001371907473724	9.778114793826978e-07	1.8821301164597683e-08	-0.0009776728960581	9.836647892109996e-05	9.6759641753352e-09	9.558442916866325e-07
848.1527259195192	0.8425017146304299	719363.046484711	0.7098091391552143	1162.4402138997114	-2.9880737515882174	1351267.2508912068	8.928584744930484	777.8352512589962	-0.0974183117693883	605027.6781011458	0.0094903274679977	829.6499887251584	813.3365992854879	0.8948159999999998	16.646263	0.0500572141286463	0.0259813063853141	0.0101008348	-0.0205878227	-0.0654792731	0.0475862214	-0.040590597	0.1117969979	0.0063380806	-0.0206274755	0.0322237151	-0.0150102544	-0.0832481369	0.0712719527	0.2570165872	-0.0759024562	0.0654682818	-0.0272358924	-0.0041017063	0.0226814883	-0.007158995	-0.0880683644	0.0514026506	-0.0161381946	0.0512033025	-0.0757819889	0.0461366419	0.1156994851	-0.1062714941	-0.108285368	0.0415831641	-0.0906113098	-0.0369892261	-0.1106196034	-0.0589265116	0.0467297742	0.1336432902	-0.0074622194	-0.0756191153	-0.003716665	0.0193998604	-0.0302150339	0.0087608174	-0.0354584423	0.0743876916	0.0410599898	-0.1125282554	-0.0514740178	-0.0744455588	-0.0730863578	-0.0060749558	-0.1334956347	-0.1136872594	-0.0110082511	0.0658301601	0.1466247207	-0.0034237226	-0.0400098802	0.0470140848	-0.1210287488	-0.0303963543	0.0395184798	-0.0446844719	-0.3216177851	-0.0463353094	-0.0579594092	0.0290135399	-0.095849264	0.1196409491	0.0937363168	0.0133989723	0.0644610383	-0.0761584693	0.0840398721	0.0035015404	-0.049591629	-0.0682130546	0.0841429944	0.0217567248	-0.0513797302	0.0673236189	0.0022392669	0.1235304886	-0.1877573419	0.0233323514	0.0736139243	0.0034288961	-0.0729051479	-0.0344229154	0.0912604129	-0.0482020475	0.0199706907	-0.0700504855	-0.0092762982	-0.1078942487	0.0371092545	0.0801660361	-0.0394923151	0.0132694264	0.0243598966	-0.0097734797	0.1078078626	0.0517578255	-0.1118023568	0.1901389769	0.1238163351	-0.0288355492	-0.0001805902	-0.0787344657	0.0734691049	0.0021260593	-0.0346693848	0.0062763157	0.0353320169	0.1200822246	-0.0509353717	0.0156031847	-0.037716446	0.0863208925	0.0018142054	-0.1292630555	0.1036091593	-0.0882158257	0.0880162754	-0.0695105029	-0.07753484	-0.1161930049	0.0799139281	-0.0287228898	0.1282045865	0.1255324169	0.1211199807	0.1150284477	-0.0751515808387495	8.408682040790538e-05	7.070593366311333e-09	0.0056477601025631	0.0612361549364379	-0.0164031746989082	0.0037498666713994	0.0002690641402029	-0.0934423426072825	0.0145093438706851	0.0002105210595577	0.0087314713919367	0.0022433689168267	-0.0001276144073939	1.6285436974521775e-08	5.032704096984201e-06	0.000818998980504	-0.0001698445255083	6.707593300665914e-07	2.8847162845139612e-08	-0.0008939196541875	8.375324187060004e-05	7.014605523835232e-09	7.990923481426996e-07
850.0841037740664	1.931377854547236	722642.9834893577	3.730220417035484	1164.8340326329003	2.3938187331889367	1356838.3235798243	5.730368127366286	777.4916874431897	-0.343563815806533	604493.3240432586	0.1180360955315453	828.9177112194686	821.114034193855	0.901076	16.762711	0.0221675886682433	0.0145043463201959	0.0699267292	-0.1027154398	-0.0646302046	-0.0110409151	0.0048437374	0.0419990562	0.0391677843	-0.0693987871	0.0440928754	-0.0793236432	0.00108667	-0.0234077717	0.2240346466	-0.0731737407	0.0708603768	0.0730890503	-0.0181457279	0.0461766917	-0.110915916	-0.0557985337	0.049971208	-0.0884457008	0.0590433535	-0.0967520418	0.0696434153	0.123529767	-0.0410107966	-0.0952353741	0.0435709711	0.1877049417	0.0473690167	0.0432552007	-0.042801353	-0.0681916599	0.1438308694	-0.0882804132	-0.0407380741	-0.0482185815	-0.195477137	-0.0929424871	0.0080266665	0.0295211103	-0.008019272	-0.0347739305	0.0079260787	0.0139636746	-0.0268527656	-0.021034601	-0.1617698806	-0.0514920505	-0.080799806	-0.0342263311	0.0006280407	-0.0821958534	-0.0202725124	0.0859827354	0.1480530244	-0.1566865894	-0.0497424085	0.1183301707	0.1235363477	0.0052440766	-0.0499774755	-0.0362551474	0.110461848	-0.0511089252	0.0687039219	0.1860249049	0.022118527	-0.0122887063	-0.0887602869	0.1437417609	0.0353883209	0.0048295946	-0.0250499172	0.0594592433	0.0465370444	-0.0212588474	0.0328156551	-0.0223239049	0.1308230436	0.1064985834	-0.1216791249	0.0307495086	-0.0264307232	0.0548548662	0.0215412564	0.0515322	-0.0787645585	0.1018123824	-0.180643801	-0.0026075689	0.2516661574	0.1442807763	0.0874975665	-0.0782006891	-0.1178583932	-0.0167888538	-0.0350549518	0.0884495693	0.0178660858	0.1422104073	0.122748678	0.1007100439	-0.0400655486	0.0044737128	-0.0442041863	0.0576975791	0.076134604	-0.1085444513	0.0859290965	0.0273858829	0.137119143	-0.0497951048	0.0489709576	-0.002653123	0.1038719011	0.0155573027	-0.1307146031	0.0816571584	-0.0985521534	0.0802127851	-0.0111649444	-0.0841063645	-0.1340707695	0.0393589026	0.0058289122	0.1277634447	0.1237830955	0.1172407796	0.1082719048	-0.0693295185335074	0.005822062305242	3.389640948612094e-05	0.0048065821400879	0.0592550457302394	-0.0019811092061984	0.0035111604444927	3.924793686884441e-06	-0.0935317818886503	-8.943928136780077e-05	7.999385051588634e-09	0.008748194223266	0.0019943540202453	-0.0002490148965813	6.20084187194453e-08	3.977447958068591e-06	0.0008041310106399	-1.4867969864099952e-05	6.46626682272747e-07	2.2105652787978434e-10	-0.0008723029631243	2.1616691063200064e-05	4.672813325218335e-10	7.609124594754339e-07
848.9517841284359	-1.1323196456305595	720719.1317748544	1.282147779880916	1164.3083765366498	-0.5256560962504864	1355613.9956734092	0.2763143315253006	777.9253097781376	0.4336223349479269	605167.7875934114	0.1880283293656921	829.3617922683918	823.0208383921064	0.918358	17.084211	0.0319609843497717	0.0187246097130983	0.0865495585	-0.1100508554	-0.0305634102	-0.0439176721	0.0564628762	0.0514620057	0.0223904636	-0.0867513523	-0.0703670846	0.0620535496	-0.0210936334	-0.0456373487	0.1015531706	-0.090667387	0.0832684277	-0.0069527118	0.0723984206	0.0726008955	0.0182866541	-0.0297737833	0.0067150525	-0.0436022245	0.0497106041	-0.0293277076	-0.0031145782	0.1755274417	0.1222465446	-0.0912076915	-0.0134764635	-0.0132001922	-0.0561314438	0.0846854036	0.077944349	-0.0051275224	-0.1633423927	-0.016792005	-0.1345034381	-0.1734298895	-0.0027688344	0.0794123122	-0.1278062034	-0.0517884618	-0.0876421633	-0.147677054	0.0232207804	0.0178643372	-0.1056201827	-0.009530547	-0.0886414018	-0.0617073832	0.0370756438	-0.2195660274	-0.0446416688	0.0152610789	0.1092836078	0.0430003775	-0.0120858569	0.0691019682	0.0503083242	0.0587869536	0.0894305162	0.0053792475	-0.023867379	-0.0028893178	-0.0268908673	0.0161885121	0.0029447191	0.0958441288	-0.0557606674	0.0185376712	-0.0779265084	0.1336636781	0.0958631798	0.049028685	0.1726860322	0.1244785286	-0.0463365304	-0.0708991156	-0.0565965161	-0.0781541943	-0.1572930524	0.017220788	-0.1020368784	0.1029772337	0.1082914183	0.0035633538	-0.0733180705	0.1231346919	-0.0228376856	-0.0185876907	0.1077111722	-0.0374297376	0.1528014872	0.0750996319	0.1888548237	-0.0438799112	-0.0063452544	0.1549234393	-0.0417723446	-0.0391261475	-0.1048334188	-0.0696129774	0.0126438138	0.0650187268	-0.0551656063	-0.0036226938	-0.0125253063	-0.0352488078	0.1096991774	-0.1553149702	0.1197252756	-0.0240809844	0.1251586763	0.0010605989	0.0791220969	0.0936523008	0.0353248828	-0.0437375465	-0.1393225842	-0.0228508551	-0.0217982957	0.0007471056	0.0003119759	-0.0790807152	0.0664975675	0.0592014782	0.1572570461	0.1272347401	0.1216944932	0.1126387502	0.1003291122	-0.0546401296813598	0.0146893888521476	0.0002157781448495	0.0029855437715958	0.0504510016873638	-0.0088040440428756	0.0025453035712583	7.751119150889339e-05	-0.0935092448685068	2.2537020143501008e-05	5.0791727694857e-10	0.0087439788758783	0.0018643477364801	-0.0001300062837652	1.690163381843774e-08	3.475792482518472e-06	0.0007861679184302	-1.7963092209700017e-05	6.180599959688736e-07	3.2267268173418537e-10	-0.0008932338758415	-2.093091271720005e-05	4.3810310717504696e-10	7.978667569508283e-07
847.7994176133877	-1.1523665150481293	718763.8525055994	1.3279485850041703	1163.9706776232867	-0.3376989133630559	1354827.7383668134	0.1140405560865887	778.0965361110592	0.1712263329216057	605434.2195080288	0.0293184570857805	830.11928539961	813.232871639713	0.954416	17.754997	0.0594321876110418	0.0307493101167294	0.0009609027	-0.0557228019	0.0432386835	-0.088096168	0.0621782499	-0.0398900689	-0.0184911533	-0.0618649791	-0.0192188958	0.1246162988	0.006317554	-0.1049617517	-0.0092760553	-0.0600936538	0.0461697263	0.0291631972	0.0218401687	0.093114931	-0.0502043872	-0.1150260611	0.0430408174	-0.0100511287	-0.1102855652	-0.0341810796	-0.133006434	-0.1940558943	-0.2088642386	-0.085919741	-0.110275898	-0.1053790594	-0.0933747666	-0.0307520163	-0.0633106015	-0.0542562824	0.0552972084	-0.0178348013	-0.0253139253	-0.0347958447	0.1431316285	0.0025455748	-0.065124025	0.0414123642	-0.0831046569	-0.2917395842	0.0538743754	-0.2359379847	-0.0503232898	-0.0687547424	0.0331914288	-0.0011746784	0.07351274	0.07524726	-0.0132188516	0.0426114975	0.0104331441	0.0818573572	-0.0846722924	0.1815365931	-0.0116538592	0.0908997122	-0.1147214134	-0.0563486116	-0.0316942072	-0.0056208933	-0.0949948707	0.0788299891	0.0076728925	-0.0538660651	-0.011626753	0.1161100934	-0.1938171106	-0.2107432381	0.0883604675	-0.0854067182	-0.1756105414	-0.198193091	-0.1030137484	-0.0375268387	-0.1251871033	-0.086064346	-0.1904391818	-0.1957611966	-0.1189023672	0.055001752	0.0319127974	0.1077366792	0.1436507656	0.0023554973	-0.0209952399	-0.0388298306	0.0034114785	0.0220834431	0.0217858797	-0.0920956334	0.0533107855	-0.0972774532	0.124732665	0.0948031565	-0.047964203	-0.0486123131	-0.0777666556	0.0924488832	0.0847426613	0.0276542319	0.0224981593	-0.018373423	-0.001874559	-0.1502090523	0.0337199403	-0.0064207369	0.1293401704	0.0433945093	0.1065847068	0.0644081135	0.0048753582	0.0316707625	0.0079950449	-0.0692123732	-0.0114062963	-0.0508464058	-0.0273722339	-0.0176511179	0.1280861748	-0.161002637	0.1997386912	0.0686056953	-0.1328797	0.1266188352	0.1192723348	0.1073422654	0.0912870929	-0.0647170553133804	-0.0100769256320206	0.0001015444301932	0.0041882972484351	0.03934426844053	-0.0111067332468337	0.0015479714591204	0.0001233595234163	-0.0735264399306743	0.0199828049378325	0.0003993124931834	0.005406137368879	0.0015908223551271	-0.0002735253813529	7.481613424430403e-08	2.530715765572133e-06	0.0007948564644049	8.688545974699989e-06	6.317967990062581e-07	7.549083115447538e-11	-0.0008101333272821	8.310054855940007e-05	6.9057011708732085e-09	6.563160079731661e-07
848.244119576594	0.4447019632062847	719518.0863962711	0.1977598360795238	1164.7482412793645	0.7775636560777457	1356638.4655633727	0.6046052392529908	778.1349252242929	0.0383891132337339	605493.9618538159	0.0014737240148724	830.1572798068923	812.3181665963717	0.929349	17.288671	0.0298587588957212	0.0174968080820899	0.0108295025	-0.0586394914	0.0311997771	-0.0505568482	-0.0098927283	-0.0762444319	0.0104616308	-0.0583222358	0.0067099732	0.0253357134	-0.1072164728	-0.0804547826	-0.042036099	-0.0945938939	-0.0194792296	0.0300915798	0.047489497	0.0247184961	-0.0558838269	-0.1133251377	0.0292019705	0.1070418205	0.0610693139	-0.0645158073	0.0115652525	0.111187558	-0.0328153929	-0.0454438203	0.2224166919	0.0055770048	0.0516308387	0.0056060793	-0.0263132982	-0.0655343326	0.0653159291	-0.1009969422	0.0920840866	0.078872949	0.1345250979	0.0140974823	-0.1032024192	0.029173516	0.0594652725	-0.0344525069	0.0384358979	0.0380740512	0.1370682965	-0.120255575	0.067621197	0.0163737041	0.1842238591	-0.1397144842	0.1073638678	-0.0188836441	0.1733074215	-0.0822025961	-0.1059732024	0.2312305823	0.0075991616	-0.1040060247	0.0443195084	0.0287370763	-0.0261248225	-0.0134807098	-0.0635623778	-0.0750585452	-0.0121479831	0.0511172978	0.0983973634	0.0876601931	-0.0490660197	0.0001788213	-0.0244626678	0.0859518989	0.0183574535	-0.0219082239	0.0841451172	0.0217478841	0.1031178149	-0.1661266652	-0.0997468954	0.0185855537	0.0412459318	-0.040234225	-0.1126847704	0.0038639535	-0.0118456096	-0.2000038481	0.0525523587	0.0107640349	-0.1661525148	0.1082351905	-0.0662424422	-0.0952708048	-0.0270575281	0.0142199232	-0.0120783897	0.0129874849	0.0999294387	0.0934774357	-0.0891220384	0.1064710322	-0.1838215941	0.065475016	0.0782093919	-0.0170395429	-0.0723632134	-0.049951495	-0.0113109934	-0.0193779964	0.1965882484	0.0155650332	0.1603488302	0.0662336284	0.0043609861	0.0408572987	0.0113085331	0.0146610116	-0.068008012	0.0812182302	0.0135002234	0.001617008	-0.0774535163	-0.0598539931	0.0119892386	-0.1044764537	-0.1510047728	0.1259161521	0.1165232592	0.1013839798	0.0812449131	-0.0578365701775283	0.006880485135852	4.734107570468168e-05	0.0033450688499001	0.0393039942073727	-4.027423315730583e-05	0.0015448039606531	1.622013856409032e-09	-0.0865027396095712	-0.0129762996788968	0.0001683843533565	0.0074827239599612	0.0015944014740814	3.5791189543000518e-06	1.2810092489029893e-11	2.542116060552941e-06	0.0009898550808682	0.0001949986164632	9.798130811205906e-07	3.802446042260115e-08	-0.0008107895888208	-6.562615387000143e-07	4.3067920717691044e-13	6.573797573402019e-07
848.5970607654399	0.3529411888458753	720116.9715397437	0.1245674827839398	1163.2779554743256	-1.470285805038884	1353215.601692527	2.16174034849884	778.34855343983	0.2136282155370281	605826.4706418759	0.0456370144735349	829.976870130097	815.5515112709472	0.94191	17.52235	0.0383252233878997	0.0253129708293794	0.0144621774	-0.0704735987	-0.0152370184	-0.0516176483	-0.0440894635	0.0303890196	0.0270959417	-0.0521980369	0.0450675907	-0.0199480876	-0.0793465958	-0.0389064517	0.1572623731	0.0427507524	-0.0255764302	-0.0144714796	0.0226558608	-0.1294277601	-0.1590211651	-0.0643367579	0.0397512846	0.0497702073	0.056475115	-0.1216621792	-0.0183440927	-0.0246665519	-0.0049669754	-0.1030045997	0.083646691	-0.0694231615	0.1684415967	-0.0401703829	0.0217343261	0.0032203846	-0.1674433756	-0.0109767484	-0.0426682625	0.1487824193	0.002937312	0.003100166	-0.0770734289	0.0009344238	0.0202886722	0.2114000163	0.0169921067	-0.0117041564	0.0062852143	-0.0578022533	0.0424369786	-0.1089667025	0.0119886055	0.0670430855	0.1012499394	-0.0250199643	-0.010166349	0.1105785652	0.0113964595	0.0748027019	0.1046368836	-0.0165038044	0.124631846	0.087669769	-0.0539488456	-0.0721794588	-0.015279491	-0.1244471331	-0.093617737	0.1058938158	-0.004850062	0.1297231141	-0.012499059	0.1009856705	-0.0086799382	-0.0265755122	-0.0096025288	0.1116837218	0.1436894835	0.123242341	-0.0180813343	0.1602292122	0.0860872747	0.1920337276	0.0102819591	-0.0640938857	-0.0578906098	0.0060889128	0.0030354625	-0.0571064877	-0.0791700687	0.0400994226	0.024916335	0.0871702148	0.0789440092	-0.1448158284	-0.1170553345	0.0507444005	-0.050336858	0.0963716323	-0.0341670037	0.046794088	-0.0553303109	0.0285573186	-0.0964396173	0.055744388	0.0311252838	0.0033239743	-0.063518267	0.0596075089	0.122339578	-0.1029060758	0.1471453284	-0.0662610285	0.1266629421	0.0391495392	0.0515284227	0.0408408632	-0.0462769301	0.1564761425	-0.0911433163	0.0354931633	0.0535777392	-0.0120240668	0.0005184055	0.1211388344	-0.1486660295	-0.1121883182	0.0632533124	0.1251271724	0.1134548014	0.0948006283	0.0703125971	-0.0547294201462165	0.0031071500313118	9.65438131708094e-06	0.002995309429541	0.0476553366711272	0.0083513424637545	0.0022710311132384	6.974492094690916e-05	-0.0859809541110578	0.0005217854985133	2.722601064588712e-07	0.0073927244698478	0.0011229293829298	-0.0004714720911516	2.222859327348627e-07	1.2609703990471011e-06	0.0009900147649668	1.596840986000433e-07	9.80129234852268e-07	2.5499011345708343e-14	-0.000866056721457	-5.52671326362e-05	3.054455949827322e-09	7.500542447808477e-07
847.5905125153811	-1.0065482500588132	718409.6769060864	1.0131393796964592	1159.777463761168	-3.500491713157544	1345083.7654482876	12.253442233884638	777.9778829133563	-0.3706705264736456	605249.586302348	0.1373966391962496	829.2202677804147	810.2414560404803	1.001343	18.627987	0.0525838751893203	0.027844614623154	-0.0093184504	-0.0202141947	-0.0246064137	-0.0901979036	-0.0883227801	-0.0471122345	-0.076380342	-0.033571663	-0.0348641909	0.1521579197	0.1656424537	-0.0301828634	0.0460000667	-0.0666258133	0.0001251471	0.0573075696	0.1950987654	-0.029635726	0.0020002414	0.0401921674	-0.0122579805	0.1085476991	-0.0935114288	-0.012555442	0.1022555758	-0.0851366129	-0.0838498943	0.0317454261	0.1742372314	-0.2353626363	-0.0248264163	0.0147871609	0.0326079694	-0.0204984698	-0.1315806693	-0.1147642555	-0.0517883996	0.0003639496	-0.111418319	-0.0237087868	0.1020078656	0.0734337972	0.1258586596	0.0673268903	0.0194431166	-0.0801165444	-0.0227376189	0.1767714671	-0.1285919774	-0.0721817782	0.0038829845	-0.1172436508	-0.0228598887	-0.0318941806	-0.0532611546	-0.0538806796	0.1025646	0.1194073355	-0.0501847842	-0.0747373132	-0.1095965399	-0.2703936343	-0.0428023638	0.0079244415	-0.1167478036	0.1499003021	-0.0043605776	0.029731159	-0.1559164395	0.0878608383	0.0316746126	0.1126479796	0.1148347237	-0.0602763951	0.042056879	-0.0170970025	0.0002178604	-0.1210869293	-0.1244638462	0.0289506149	0.1378275884	0.0633779309	-0.1084224417	-0.0730235432	0.0282187539	-0.1034485406	0.1300731055	-0.1295351792	0.0492344685	-0.0323817269	-0.0060027935	0.0669491756	-0.1830332407	-0.1021066439	0.1002398976	0.0657134496	-0.0982820818	-0.2252544701	-0.2170418783	0.0518234633	-0.1814503865	0.0140980068	-0.1661740093	-0.0090936305	-0.0368696568	0.0032285562	0.0448436686	-0.1533178856	0.1843958474	-0.0571162467	0.1680836005	-0.0525349893	0.1248591794	0.0468463697	0.1152629065	0.0810906348	-0.087315445	-0.0350920968	0.0841286038	-0.0580771456	-0.0195855024	0.0400187593	0.0628558963	0.2124650391	0.1164753789	-0.0010919997	0.1020416938	0.1242524367	0.1100753719	0.0876327994	0.0586099215	-0.0548910101749839	-0.0001615900287674	2.6111337397049585e-08	0.0030130229980301	0.039115074191045	-0.0085402624800822	0.0015299890289709	7.293608322869982e-05	-0.073642629320382	0.0123383247906758	0.0001522342586402	0.0054232368532191	0.0010552061614063	-6.772322152350007e-05	4.5864347335210635e-09	1.1134600430698184e-06	0.0005711191589696	-0.0004188956059972	3.261770937421433e-07	1.754735287237614e-07	-0.0007218015911818	0.0001442551302751	2.0809542610714913e-08	5.209975370325784e-07
846.8356933886346	-0.7548191267464972	717130.6915970095	0.5697519141023446	1160.747101199668	0.9696374384998308	1347333.832943432	0.9401967621405132	777.4689299817991	-0.5089529315572463	604457.9370870437	0.259033086540715	828.8916062834928	804.7888515556742	1.070997	19.923756	0.0783177596970859	0.0492142238745273	-0.0556842893	-0.0083312646	0.0583281088	-0.0964906049	0.0482973898	-0.1349821914	-0.086414143	0.0020828374	0.0136110187	0.1513100791	-0.0448234683	-0.0789436276	-0.0988673858	-0.0515018069	0.0732779373	0.058524341	-0.1456288077	-0.0112218623	0.0228848541	-0.0451631371	0.0093564895	-0.021774884	-0.0145310923	0.0817833828	0.0213673821	-0.0706497783	-0.0605053004	-0.0415190479	-0.0154088808	-0.0193622653	-0.0975020553	-0.1765912115	0.1246098107	0.0067891797	0.034620934	0.0295272931	-0.1049876134	-0.0066849755	0.1144902459	-0.073597389	0.0708378754	0.0487162474	-0.0241264289	0.0142167701	-0.0107719716	0.0517790165	0.2134438574	-0.0284087377	-0.0735904291	0.020730627	-0.0521723849	-0.024896418	0.1817810394	-0.00712579	0.1705950814	0.0820693204	0.0229439996	-0.0277275394	0.1408044524	-0.0596868737	-0.2079475227	0.0023068941	-0.0096595187	0.0597418348	0.0054954882	0.026222041	-0.021369853	-0.117979204	0.0304739229	0.0866958764	-0.1555791342	0.0871108544	-0.0315019098	0.0161819443	-0.1325498736	-0.0627070631	-0.0275066419	-0.1026305314	0.1014317334	0.0065451281	0.0029001423	-0.0284258054	-0.0537895567	0.0365196414	0.0483158332	-0.077953206	-0.0759305375	-0.0032224367	-0.0084483127	-0.1977235864	0.000483225	0.0736623784	-0.0489508462	0.0771231495	0.0763327337	0.080286471	0.0321773435	0.1794793057	0.1817780318	0.0570574735	0.0116944785	-0.0795477509	-0.0402224114	-0.0995428788	0.1550023543	0.0332467618	0.0497380429	-0.0620009261	0.0005118662	0.0460537277	0.1387248137	-0.0060602464	0.030219534	0.0146420994	0.0708336045	0.0423732545	-0.1134639059	-0.0862962058	0.1156194014	0.0628174542	0.0596037634	0.0136368741	-0.0325439486	0.0707668953	0.0877531738	-0.1871712984	-0.1228577809	0.1232925447	0.1063942335	0.0799246852	0.0462651033	-0.0363769586271871	0.0185140515477967	0.0003427701047144	0.001323283118964	0.0349239086979764	-0.0041911654930685	0.0012196793987445	1.7565868190288933e-05	-0.0294279451904415	0.0442146841299405	0.0019549382927104	0.0008660039581316	0.0009851878650356	-7.001829637069993e-05	4.902561826655172e-09	9.705951294134036e-07	0.0004761133953268	-9.500576364279998e-05	2.2668396520961379e-07	9.026095125351577e-09	-0.0007847347016939	-6.293311051209995e-05	3.960576398728185e-09	6.158085520426141e-07
846.2276278573969	-0.6080655312376848	716101.198149157	0.3697436902793678	1160.0989078930918	-0.6481933065761041	1345829.4760947442	0.4201545626900632	776.7938270849753	-0.6751028968237733	603408.6497973225	0.4557639212998503	828.1124016142103	805.1020615606221	0.930649	17.312864	0.0758084842197768	0.0339626047169121	-0.0658249419	-0.0176290764	0.0812664024	0.0116146092	0.0557550735	-0.1396088773	-0.0735964074	0.0371992902	0.06057874	-0.0138672916	-0.1396399704	-0.1620571885	-0.1276597636	-0.0277158773	-0.075118652	0.0337002532	-0.0596824755	-0.0494473466	0.0027130475	-0.071746278	0.0925207325	-0.0896044427	0.0498795694	0.0398812956	-0.0522283774	0.0514835655	-0.0640674925	0.0182444021	0.1098827114	-0.102611932	0.1488118821	0.0080007147	-0.0430502205	-0.118031423	0.0541499208	0.1920225636	-0.1584254004	-0.0039731891	0.0679812415	0.0936265037	-0.0514714314	-0.1589457973	0.0454299003	0.0351011787	0.0110935986	-0.0027181834	0.0579270926	-0.0867161215	-0.0272415749	-0.0409230293	0.0938110979	0.0307262717	0.0490150588	-0.0154367167	-0.0640988881	0.1103914736	0.0119997556	-0.17766798	-0.0096030383	-0.1473259413	0.0404734375	0.0210710665	-0.0629853774	0.0703986186	0.126972593	-0.0769382951	-0.0486069259	-0.1279502984	0.1867748967	0.1751404056	-0.0720443447	0.0736099824	0.0027844157	0.049138589	0.0566593532	-0.0649378134	0.0567359085	-0.0897006667	-0.0782072164	-0.1131214766	-0.0359793573	0.0758780134	0.1392180516	-0.0294189784	0.0751846689	0.1086581468	0.0029891427	-0.0160403831	-0.1268190213	0.048220551	-0.0606923617	0.1094599833	0.0138155257	-0.0215652089	-0.1030026601	0.2106049055	-0.0340029593	0.0131332506	0.0262044803	-0.0912381787	0.0504781361	-0.1699230814	0.097892675	-0.1162848374	0.1596874627	0.0355696957	0.0623489935	0.0158877436	0.0119161234	-0.0250986664	0.068071643	-0.152951531	-0.0073134376	0.0767097368	0.0656099776	0.0110646445	-0.0542739353	0.0694984171	0.005639215	0.0370822447	0.1564363707	-0.0290142142	-0.1247607448	0.0462131777	-0.1191330905	0.0126738698	0.0260491564	0.1222481541	0.1024214758	0.0717238087	0.033413395	-0.0276847669606183	0.0086921916665688	7.555419596836812e-05	0.0007664463216637	0.0425556710534067	0.0076317623554302	0.0018109851388057	5.824379664976299e-05	-0.0437387748300892	-0.0143108296396477	0.000204799844975	0.0019130804236372	0.0004970879722332	-0.0004880998928024	2.382415053537144e-07	2.470964521389146e-07	0.0003718820989337	-0.000104231296393	1.3829629550733424e-07	1.0864163147786258e-08	-0.0004735918797268	0.000311142821967	9.680985566165045e-08	2.2428926854316387e-07
847.007622498208	0.7799946408110827	717421.9125700668	0.60839163969401	1158.3401575319494	-1.7587503611423472	1341751.9205511415	3.0932028328183367	777.6342208030825	0.8403937181071797	604714.9813640172	0.7062616014340097	828.6587568921991	807.1954101418643	0.952236	17.714443	0.0572114281624063	0.0303688155853537	-0.0568757095	-0.0194595178	0.0479145104	0.0632830223	-0.0296585264	-0.1970811622	-0.1493514301	0.0052001602	-0.0230322625	-0.0378226271	0.1270077479	-0.1290635854	-0.0196874625	0.0423803671	0.0116928948	0.162910086	0.141479756	-0.0044828677	0.1763158009	-0.0155620338	0.0620866806	0.0240589906	-0.1227706633	0.095311356	-0.0769023812	-0.183931243	0.0988727249	-0.0205776654	0.0140572575	-0.0010968712	0.2204941844	-0.0870420375	0.0191029143	-0.0183397517	-0.0100728797	0.0894826064	0.0152138839	-0.1585444401	0.0135552204	-0.1141431231	0.0952117255	0.0698644339	-0.0701885908	0.0973528987	-0.0077756481	0.0968132581	-0.0858772231	0.0398185766	-0.0327914979	-0.0304987847	-0.1207108544	-0.0564111578	-0.1124701101	-0.1186988095	-0.0386705494	0.0268586432	-0.1537231913	-0.073758871	-0.0914062391	-0.0605398822	0.1089621701	0.1855730317	-0.0775594229	0.0918755644	0.0238871585	0.1574230013	-0.1674290764	0.0036613796	-0.1172094523	0.0426084154	-0.0321188258	-0.0094483407	0.0611900111	0.0270880496	0.1083272775	-0.1087363018	0.0993555555	0.1191226778	-0.0251905494	0.0170275669	0.1366639837	0.025180068	0.0251955603	0.1723363432	-0.0439354296	-0.0958249268	0.0279875978	0.1636903484	-0.1548070299	0.0440469461	0.0668621411	-0.0260578498	0.10228916	-0.029567494	-0.070279077	0.0526265571	-0.1545007553	-0.0937004753	0.015651321	-0.0625039251	0.0804744767	0.0731180777	0.0591309803	-0.1491212491	0.0911697963	0.0755810375	0.1358950936	0.0026061407	0.1231935136	-0.0561709873	0.0363511065	-0.0853183708	-0.0270261737	-0.0014580242	0.0320487551	0.1668906334	-0.0433279867	0.0178250851	0.1440386063	-0.1285817363	0.0424895455	0.0327193678	-0.1187012851	0.1278821209	0.0433290761	0.0880237915	0.1003389509	0.1211199807	0.098167988	0.063080731	0.0201956026	-0.0179328712611521	0.0097518956994662	9.509946973326736e-05	0.000321587871669	0.0218703780425357	-0.020685293010871	0.0004783134357234	0.0004278813469455	-0.025762835602265	0.0179759392278242	0.0003231343911224	0.0006637236982693	0.0004080802896311	-8.90076826021e-05	7.922367562196176e-09	1.6652952278540244e-07	0.0003163965109524	-5.5485587981300016e-05	1.0010675214285217e-07	3.0786504736305844e-09	-0.0005050646136283	-3.147273390150001e-05	9.90532979234628e-10	2.55090263939504e-07
846.2097257868879	-0.7978967113200497	716070.90001632	0.6366391619353508	1161.2699884328874	2.9298309009379864	1348547.9860349186	8.583909108091094	777.828383230847	0.1941624277644678	605016.9937595134	0.0376990483553921	829.181339089412	807.2684540345548	0.977357	18.181772	0.0303914832245444	0.0164426772875422	-0.039914929	-0.0428716567	0.0817227729	-0.0308673649	0.0237954236	-0.1998189401	-0.0791497249	-0.0396722205	-0.0590746084	0.1040518736	0.125055381	-0.1663020682	-0.1880090415	0.0483098082	0.0796258747	-0.0645826148	-0.0637994814	-0.0240611537	0.1015924974	0.1532809603	0.0147854779	0.1046350868	-0.0918117526	0.1565100932	0.0114167192	-0.049999854	0.0778036212	0.1992327713	-0.1102148503	-0.0553897592	0.1732472764	-0.0058152304	-0.0175687448	-0.0894175618	-0.1165585396	0.1187928282	0.0448528306	-0.0517679981	-0.0277850549	0.0915877952	-0.1911281778	0.1466152928	0.1070532263	0.0198041141	0.091058448	-0.1158678538	0.0036053997	-0.0190484894	0.0398733788	-4.55866e-05	-0.0938425379	-0.0208845429	0.0121362024	-0.0832991628	-0.0454292905	-0.1718995795	0.0336299007	0.0352063413	0.0504559523	-0.1149577135	0.1109223942	0.0298314024	0.0047022556	0.1110812473	-0.1166945796	0.1755786044	-0.1301377476	-0.1113805879	0.0928863467	-0.0230064437	0.1130981157	0.0100574625	0.0754786877	0.0489429232	0.034823157	-0.11781141	-0.0446542225	0.0475757014	-0.0321372899	0.1182245433	-0.0469745285	0.2327699368	0.0293279433	-0.001751997	-0.1151395368	0.0682599538	0.0620284737	0.1093565324	-0.0550433593	0.0002865999	0.0134836843	0.0587756808	-0.0122601771	0.0083729957	-0.0203857716	0.0892074569	0.1556108015	-0.0415536997	-0.0932327416	0.122374671	-0.1068840125	-0.0239770399	-0.0911513489	-0.1653170737	0.1477368492	0.026543503	0.1490781423	-0.122350073	-0.0422510042	0.0593015571	0.0558872059	-0.0270188153	-0.1072985102	0.044497676	0.0404313496	-0.0791024205	-0.0581037925	-0.0363359647	0.0488203441	-0.0803161323	0.0024277941	0.0286121148	-0.0306718324	-0.020903644	0.1103177622	0.0781878346	-0.0411032687	0.1199087977	0.0936454286	0.0540487397	0.0067565429	-0.0073707846048023	0.0105620866563498	0.0001115576745362	5.43284656903906e-05	0.0263168204450465	0.0044464424025108	0.0006925750383368	1.9770850038846023e-05	-0.0220540935903912	0.0037087420118737	1.3754767310637708e-05	0.0004863830440937	0.0004210298931922	1.2949603561100024e-05	1.6769223238965443e-10	1.7726617096143536e-07	0.0001258999882094	-0.000190496522743	1.585080703112706e-08	3.628892517717431e-08	-0.0004750264968562	3.0038116772100045e-05	9.02288459214318e-10	2.2565017271547338e-07
844.3798459881285	-1.829879798759407	712977.3243109357	3.348460077907768	1156.3985126323769	-4.871475800510552	1337257.5200183736	23.731276474959927	776.759495888262	-1.068887342584958	603355.3144525869	1.1425201511383332	828.5142412537492	797.6859330913956	0.950932	17.690187	0.0474740310811705	0.0267249176284384	-0.1052452745	0.0171226018	0.1535269123	-0.003977586	0.0846707564	-0.0792249623	-0.1314466092	0.0329793567	0.002105239	0.1363310067	-0.1012835535	-0.1478178029	-0.0628995194	-0.0185657735	-0.0197083817	-0.0770116083	-0.0568891767	-0.0577936365	-0.0275312286	0.0273247827	0.076384654	0.0166945732	0.1035291864	0.210204212	-0.0908460548	-0.1571803546	0.1637952227	-0.1095856054	0.1972864985	0.157900118	0.1950071753	-0.056257789	-0.0872333077	0.1131825073	-0.0323669074	-0.0134991638	0.0571608684	-0.0387632618	-0.0206514966	0.0419634597	0.0545794152	-0.0016381804	-0.0293142946	-0.0127113773	0.0788863364	0.0614269031	0.189834339	-0.0832944071	0.070783773	0.1836349822	0.0406522255	-0.043256717	-0.048484409	-0.0435387218	-0.0336802016	-0.1921015077	-0.0152375012	0.0923703191	0.0676336534	0.034295381	-0.0599631594	-0.0776384744	-0.0474593656	0.1279744919	-0.043460146	-0.0210150037	-0.1488878301	-0.2539044234	0.0697117147	0.0339741303	-0.0845465882	-0.0098707889	-0.0141743081	0.0248757035	-0.0267363748	0.1065035921	-0.0029762236	0.1703182494	0.0961622443	-0.1047398299	-0.0353318496	0.1070563778	0.0606015986	-0.0503858888	-0.011271258	-0.0146552352	-0.091969032	-0.0738862207	0.1804662653	0.0177916795	-0.1341175529	-0.0087835264	-0.0863231181	0.1024794565	0.0235227815	-0.0592115938	0.118881473	-0.1016685349	0.0899913494	-0.0177854223	0.0066508402	0.144647861	-0.1380434154	-0.1362516084	0.1940964604	0.0444624195	0.0838944096	-0.0198616212	-0.112928034	0.0623262568	-0.0363932691	-0.0854375754	-0.0968286912	0.0489509243	-0.0115543301	-0.0655891964	-0.0177823194	0.0038635962	0.0232363653	0.0281896071	0.0579454306	-0.0648568246	0.0201513301	0.0025109412	-0.1209068558	-0.0818573333	0.1346383597	0.1186154352	0.0888661936	0.0446835199	-0.0067565429	-0.0179900771379948	-0.0106192925331925	0.0001127693739055	0.000323642875431	0.0063228874176957	-0.0199939330273508	3.99789052968546e-05	0.0003997573579021	-0.019443017818844	0.0026110757715472	6.817716684760816e-06	0.0003780309419038	0.0003830886012088	-3.794129198340002e-05	1.4395416373696143e-09	1.46756876376115e-07	0.0003729088113084	0.000247008823099	1.390609815514439e-07	6.101335868875307e-08	-0.0004750709767554	-4.4479899200010945e-08	1.978461432843133e-15	2.256924329553298e-07
845.4169942921402	1.03714830401168	714729.8942379566	1.0756766045143042	1154.2701201125412	-2.128392519835643	1332339.5101846205	4.530054718492317	777.2339450347406	0.4744491464786051	604092.6053142662	0.2251019925942769	828.4560108925988	795.7117826985135	0.928568	17.274143	0.0731360091624348	0.0332425123228118	-0.1041617254	0.0407409616	0.1411773849	-0.033729435	0.1022294174	-0.0015493268	-0.1528675143	0.1097851373	0.0575329567	-0.0296949396	-0.1261326285	-0.1096601443	-0.03158553	-0.0479312063	-0.0771712789	-0.0702472736	-0.13276836	-0.1062311436	0.0212567023	0.0897884032	0.0495371056	-0.0887559325	0.0478818552	0.0074329232	-0.0862945864	-0.0709976906	0.0410278979	0.0662254447	0.0131368523	-0.0280873944	0.0092694438	0.0088595598	0.0215823693	0.0080519623	0.0629956173	0.12890215	-0.0724261938	-0.0837883125	-0.0559068642	0.3199798981	0.1350986069	-0.1123531532	0.0599910313	0.1488211721	-0.204451587	0.0732472634	-0.0531272322	0.0382108261	-0.0084171887	0.0958113135	0.1740477965	-0.0075950715	0.0278200366	-0.0381203551	0.0779866412	0.1163384457	-0.074015546	-0.0122868977	-0.0507368251	-0.0310062016	0.062653757	-0.0219671171	-0.0602780084	0.0642696514	0.1037444514	-0.0854517226	-0.0790983211	-0.1638369616	0.0867358225	-0.0080270177	-0.0231173333	-0.0360750736	0.1260745097	-0.1325630169	0.1036377418	0.04234871	-0.0291497847	-0.1191844524	0.0309532814	-0.0034838889	0.1176927067	-0.0149554645	0.0912910168	-0.0724838955	0.0492778428	0.0425153562	-0.1377614308	-0.006798224	0.0086637019	0.0506482191	0.0305664208	-0.1045501901	-0.1005243265	0.0165409172	-0.100998253	0.1158957831	-0.1732045552	0.1400004326	0.0646183606	-0.0483295997	-0.0305807431	0.1076056431	-0.0298675798	-0.1282992819	0.1646634177	0.0618661149	0.070145808	0.1064067315	-0.0565099318	-0.0043425306	-0.0492684592	-0.2052055177	-0.1143401099	0.1187660421	0.0062324136	-0.1182935757	0.020507725	0.0420212382	0.040920213	0.0280185695	0.0930360951	-0.0833721654	0.0086902238	0.01908588	-0.166263538	-0.0354242407	0.081455587	0.1172407796	0.0838433825	0.0350428114	-0.0201956026	-0.00102382595567	0.0169662511823248	0.0002878536791817	1.048219587503589e-06	0.0211489079594429	0.0148260205417472	0.0004472763078769	0.0002198108851043	-0.0279850325897754	-0.0085420147709313	7.296601634681021e-05	0.0007831620490507	-2.597002492292887e-05	-0.0004090586261317	1.673289596127775e-07	6.744421944975467e-10	0.0001260061187218	-0.0002469026925865	1.5877541955332357e-08	6.09609396065131e-08	-0.0004749978421251	7.313463029997486e-08	5.348674149113999e-15	2.2562295002350147e-07
845.9135888761864	0.4965945840461927	715569.7998453897	0.2466061809040111	1155.6995977381937	1.4294776256524528	1335641.5602122226	2.043406282240974	777.8130278552228	0.5790828204821992	604993.1063013095	0.3353369129776189	828.6750883973999	797.985060554177	1.034434	19.243576	0.026346305990849	0.014799274961281	-0.1104566777	0.0317871578	0.1203884255	-0.0795572717	0.0123826006	-0.0834291826	-0.1744373843	0.0609898042	-0.0360987771	0.012073743	0.1562861971	-0.0544987116	-0.0812034504	0.0334290369	-0.1105705797	-0.0120915378	0.0121227674	-0.1161118875	-0.0239031176	-0.0414783467	0.0769709687	0.0729222937	-0.0664587027	0.134285148	-0.0073051485	0.0366187239	0.1046091681	0.1001797167	-0.0143192842	0.2591974806	-0.0349824784	-0.0163008785	0.1689044355	-0.1567960754	-0.0526756627	-0.1055935362	0.0756156025	0.0159708874	0.0038856077	0.0528531552	0.2044388202	0.0928460912	-0.1496537221	0.0532738769	0.1142754817	-0.0373728309	-0.0808657308	0.1514337678	-0.0906764033	-0.0020948354	0.046966098	-0.051799427	0.0731178294	0.1313410388	-0.1312004782	0.1323886597	-0.1181892177	0.0084901103	0.0921464197	0.038215423	0.06418468	-0.1456567933	-0.0550613382	0.1514381925	-0.0179815585	0.154477742	-0.0810588535	-0.0626310293	0.0474845525	-0.1900683325	-0.0471096009	-0.0817664965	-0.0315969346	0.1480782796	0.2096810403	-0.0141723969	-0.0134362408	0.0183897583	0.1104330513	-0.0706516716	0.1622072448	0.0679472836	-0.2287796746	0.0125860343	0.1180822004	-0.0704494809	0.0295360702	0.0270780836	0.0416883911	-0.1251684831	0.039341629	0.0366999668	-0.0463969762	0.0234195676	-0.0556108203	-0.1216696812	0.0017257898	0.0264277509	-0.0694754559	-0.2165693924	0.2310596524	-0.0523554894	-0.0675381849	-0.1574067892	0.0766695475	0.0649568284	0.192836276	-0.0830951238	0.0317363874	0.0164091072	-0.0667892373	-0.0675016911	-0.1212978489	0.0158359276	-0.0725174107	0.0062052578	0.0828425191	-0.0675318766	0.0972371659	-0.182685289	-0.0297053998	-0.0050065797	0.0569338058	0.0273386023	0.0855615164	0.1065224176	-0.0082680843	0.1157857731	0.0785907625	0.0251860523	-0.033413395	-0.002233964353536	-0.001210138397866	1.4644349419896895e-06	4.990596732869519e-06	0.0136479510716469	-0.007500956887796	0.000186266568454	5.626435423257427e-05	-0.0154496144726934	0.0125354181170819	0.00015713670737	0.0002386905873548	1.2014724959989688e-05	3.798474988291856e-05	1.4428412236678812e-09	1.443536158641992e-10	6.19970995057173e-05	-6.400901921608271e-05	3.8436403471218125e-09	4.097154541004845e-09	-0.0004749999247882	-2.0826630999751404e-09	4.337485587998065e-18	2.2562492854879565e-07
845.6818250238898	-0.2317638522965808	715177.749175737	0.0537144832313513	1157.656111456531	1.956513718337419	1340167.6723926563	3.8279459300425134	777.356061438222	-0.4569664170007854	604282.4462547448	0.2088183062665357	828.5562420651295	798.4600925507564	1.009295	18.775921	0.0440952992471965	0.0203978668595762	-0.0877767565	0.0134537627	0.114579163	-0.0508128966	0.0304463886	-0.1275574571	-0.0547183025	0.0353636836	-0.0086592985	0.0509188892	-0.0552008803	-0.1258891432	-0.1647236131	0.001465736	-0.0160677958	-0.1102411271	-0.0740914862	-0.0269430482	0.0576060073	0.1060278756	0.0583436059	0.0108732811	-0.0186809756	0.1216704668	-0.0920209474	-0.0579653778	-0.0232723537	0.0154110551	-0.0712105542	0.1944510822	0.0102781463	-0.1308952641	-0.0047329961	0.0699591171	-0.0173337169	-0.1062597191	-0.0283521329	0.067049769	0.1421007831	0.1522762657	0.0734819574	-0.0935045761	-0.1075574782	-0.0261431516	0.1214381052	-0.0189585001	-0.2141215474	-0.0392352731	-0.0382363801	-0.0943487891	-0.1669213265	-0.0286103627	-0.1592877923	-0.0789954824	0.0837584787	0.1051962217	0.2182078028	-0.029902322	0.099708179	-0.0695090038	-0.0217505548	0.1063481064	-0.0172248532	0.0719552602	-0.0281653502	0.0394147031	-0.114102136	-0.189800252	0.1685061176	-0.0250505303	-0.0805131174	-0.0762696515	-0.0220347463	-0.0048275356	0.0275142458	0.0284167562	-0.0705009849	0.1213204546	0.1939124383	0.1907612859	0.0436160492	-0.0952330358	-0.0920646408	-0.1159955574	0.1390421383	0.0053243377	-0.0533339269	0.0400144602	-0.0873344402	-0.0042640352	-0.0246017335	0.0125125894	0.0854986179	-0.0217367449	-0.0168698523	-0.2403563988	0.0089015595	0.1029919313	-0.138043217	0.0953962785	-0.0755393094	-0.1046804801	0.1104687161	-0.1060808058	0.1510868522	-0.0127105389	0.0824566252	-0.0386634755	-0.1486396173	0.1171152088	-0.0313712167	-0.0626228561	-0.14240849	0.0761642631	-0.0419289721	-0.2231515918	-0.0859282305	-0.1239695991	-0.0041533682	0.0568593438	-0.0564561938	0.0150685259	-0.1501600548	-0.1014890832	0.0616199033	-0.017275162	-0.0516142184	0.1142514127	0.0731227308	0.0151740128	-0.0462651033	-0.0061968030744168	-0.0039628387208807	1.570409072771217e-05	3.84003683431015e-05	0.0013944447719183	-0.0122535062997286	1.94447622193028e-06	0.0001501484166374	-0.0045690247202259	0.0108805897524675	0.0001183872333615	2.0875986894035368e-05	0.000288029914905	0.000276015189945	7.618438508038011e-08	8.296123188018153e-08	0.0001259314966712	6.393439716548269e-05	1.5858741853848452e-08	4.08760714091368e-09	-0.0004750176271601	-1.770237190000393e-08	3.1337397088604874e-16	2.2564174611281177e-07
844.885691039956	-0.796133983933828	713831.8309240639	0.6338293203743486	1154.490020910349	-3.166090546182204	1332847.208381578	10.024129346624326	776.5504462308139	-0.8056152074080956	603030.5955412763	0.6490158624071888	827.3905972219487	793.3361932881012	1.070422	19.913069	0.0352440591172578	0.0248700445150143	-0.1374045737	0.023757652	0.1044730177	0.0620632907	-0.0448603552	-0.1009148336	-0.1418590005	0.0833652981	0.0383754869	-0.061078504	-0.1100710142	-0.1094225758	-0.0429786111	0.0612718484	-0.0454941689	0.001479798	0.0267847225	-0.0022819518	-0.0147497332	-0.011384991	0.1128631882	-0.0464078204	0.0418203303	0.0574019179	-0.1846878713	-0.022801172	0.0708206394	-0.0640673362	-0.0113416222	0.017589339	-0.0630880618	0.0389693037	-0.0942989843	0.177251521	0.0365193257	-0.0451260647	0.0224299985	0.0396956884	-0.0388092769	0.0249027794	-0.1096506703	0.001980507	-0.0931139676	-0.0092572759	-0.0107261667	0.2230888158	0.1639524355	-0.0697970996	0.1285325818	0.0872739662	0.043582216	0.0987656905	-0.0049234134	0.0221081177	-0.0246627312	0.0020206104	-0.0080737095	-0.0202281725	-0.1691215064	0.1370666676	-0.0989320059	-0.0841527253	-0.0962941676	0.0585598505	0.1026258879	-0.0701016675	-0.1578364052	-0.0525861935	-0.0236893942	-0.026988358	-0.0353611213	-0.0351260317	-0.0846345208	-0.0510153674	-0.0162793977	0.1011044265	-0.0274725572	0.1124042192	-0.0042167496	-0.0948615299	-0.1138302853	-0.0917087641	0.0399386901	-0.0832723275	-0.1082146687	-0.0496059536	-0.0744873055	0.019761513	0.1832134987	0.106231739	0.1231609517	-0.0431829851	0.05218487	0.1093388346	-0.0163599616	0.0128950031	-0.0568428732	-0.0848543803	0.1793589447	-0.0062660161	-0.0395386166	-0.0013390153	0.1354230809	-0.1215979355	0.1938425187	0.0892543639	0.0818618194	0.1805184778	0.0026555405	-0.0114556818	-0.1640462814	0.1245194904	0.0103330732	-0.1316832412	-0.0812016731	0.243402486	0.1751627871	0.2155701766	0.0009761167	-0.0794902569	0.0450356616	-0.0762559927	0.2882957697	-0.0930593357	-0.1948050888	-0.0184590123	-0.0461878611	0.1126387502	0.0674542747	0.0050684204	-0.0586099215	0.0118801715443765	0.0180769746187933	0.0003267770113684	0.0001411384759238	0.0014009802132335	6.5354413152001e-06	1.9627455578717835e-06	4.271199318442441e-11	-0.0038884106800338	0.0006806140401921	4.632354717066142e-07	1.5119737616600915e-05	-4.147007479324451e-05	-0.0003294999896982	1.0857024321114324e-07	1.7197671033572935e-09	0.0001260099107831	7.841411189999877e-08	1.5878497615564817e-08	6.1487729450655285e-15	-0.0004749973306311	2.029652900002038e-08	4.119490894486683e-16	2.256224641066705e-07
847.6370729084363	2.75138186848028	718488.6073687817	7.570102186202036	1157.8700646001162	3.3800436897672625	1340663.0864970773	11.42469534473549	777.8976139298946	1.3471676990807282	605124.6977578234	1.814860809446464	828.1717217516207	810.1208217258726	1.156082	21.506594	0.0297585204189509	0.0172580570075735	0.0319346748	-0.0005136493	-0.1180835654	0.095330517	-0.0781887891	-0.1101473648	0.0063178207	0.0497895446	0.0905828987	-0.206016521	0.19519571	-0.0693980991	-0.0783237989	0.0281028177	-0.1263305707	0.0557872466	-0.1024632894	-0.1856314058	0.0137195244	0.0074860507	-0.0918742633	-0.001743193	-0.3188216391	0.0077109935	-0.0770410345	0.097791044	0.0011972231	-0.0164893934	0.1293309788	0.1204999551	0.1535895386	-0.0048697104	0.0176204465	0.3014386248	0.0703674893	0.0055998994	0.0923821176	0.0756885948	0.036337496	-0.1382020658	-0.1553254137	0.2387898767	-0.0844842501	-0.0133326969	-0.1257516737	-0.0672636334	-0.1120394297	-0.0451348168	0.0349738826	0.1306215965	-0.0425134512	0.1104744389	-0.0561445213	0.0324042724	-0.0302208137	0.0593111895	-0.2172327629	-0.1933579602	0.0667310486	-0.002604214	-0.0967376968	-0.0771116324	0.0141248188	0.0139399787	0.1197471564	0.2946256787	-0.0990730247	0.0893659192	0.1626026363	0.0106673564	0.0408867833	0.0423660617	-0.1855730093	-0.1511577615	0.0100504281	0.1033701851	0.0094322373	0.2821192071	-0.1739832352	-0.0574362642	-0.0022881189	-0.0492741209	0.0596513529	0.1231863201	-0.2782954064	-0.1579553359	0.0500508905	-0.0489699614	0.0889590139	0.0178535885	-0.0189163196	-0.1042478623	-0.0468916037	-0.0061578657	0.087413966	-0.0434214063	0.0727115191	0.0608696251	0.0849173563	-0.1245042305	0.1637416098	-0.0782627156	-0.010668849	-0.0948020673	0.0124132361	0.0234925383	0.1406579542	0.0255502099	0.1323153909	0.0967274391	-0.0833720696	0.2951910545	-0.187668057	-0.1385832416	-0.0839673869	0.2826420329	0.3545993774	0.1647212173	-0.0547450966	0.1312295309	-0.0048674783	0.1400972395	0.0292185288	0.0624513924	0.1052493883	-0.169468957	-0.1775989001	0.1109488906	0.0616009311	-0.0050684204	-0.0703125971	0.0061189042956897	-0.0057612672486868	3.319220031079118e-05	3.744098977980986e-05	0.0013321530882848	-6.882712494870008e-05	1.7746318506267303e-06	4.737173128703973e-09	-0.0156408024939551	-0.0117523918139213	0.0001381187133479	0.0002446347026549	-4.398525871332697e-05	-2.515183920082464e-06	6.3261501518413894e-12	1.934702984078306e-09	0.0001260048214597	-5.0893233999923385e-09	1.5877215031090873e-08	2.590121266970957e-17	-0.0002339969192467	0.0002410004113844	5.8081198287450033e-08	5.475455821694663e-08
848.9186523889294	1.2815794804931784	720662.878373836	1.642445964821165	1164.8238309972426	6.953766397126401	1356814.5572590928	48.35486710580429	778.9037268390009	1.006112909106264	606691.015683685	1.0122631858702693	830.406736014573	826.6609443297467	1.242553	23.115208	0.0388099450126059	0.0194925532723588	0.2725518105	-0.0220366575	0.0015218986	0.1076002278	-0.1365258237	-0.1171548252	0.272492331	-0.078932268	-0.0912464705	0.0019030446	-0.0489679259	-0.1625393083	-0.0653240788	0.185890612	-0.0971498096	0.0023425413	-0.0314746587	-0.1037460101	0.0600720115	0.0382954192	-0.1836837899	0.1871032873	-0.0002292137	-0.0815687417	-0.1985191838	0.0264663379	-0.0241676572	0.035026936	-0.1188771717	-0.0557048721	-0.0274653331	-0.1564414644	0.0126309488	-0.0836418341	0.0217546863	0.0547867905	0.0421814788	-0.0764168959	0.129291179	-0.0345911891	0.0450626235	0.0054398234	0.091086385	0.0063444822	-0.1181573042	-0.1104611797	-0.0252109057	0.0985148846	0.1766677607	0.0482081206	0.1905389016	0.0070813051	-0.0230403013	0.0003071475	-0.1110388594	-0.0853267145	0.1734692444	-0.0573576635	0.024053396	-0.1407297497	0.0540310174	0.0677390495	0.1718268592	-0.1174681891	-0.1370754919	-0.078028738	-0.1965046119	0.0348920755	0.1439457908	0.035238023	0.1020067723	-0.0504712416	0.0118938604	-0.1369495272	-0.1009769	-0.0215783922	-0.1092342561	-0.0394952195	0.1579142842	0.075521012	-0.0514553814	-0.0179035901	0.0820266701	0.1554645897	0.0119584576	0.1724678473	0.0435467255	0.0506456571	-0.0705790978	-0.0490488441	-0.069622215	0.0089286913	-0.1994132623	-0.0882852091	-0.0892838026	-0.0085401947	-0.0090791731	-0.0988283467	-0.0722041804	-0.0633109793	0.0617385106	-0.111121654	-0.122045465	-0.0348881421	0.0090436785	-0.256833139	0.0508500627	0.0650724893	-0.0641121065	0.0673648587	0.0485949593	0.1111076371	-0.2243593093	-0.1572190812	-0.0308548339	-0.1851513146	-0.2338676771	-0.0455049071	-0.0643751902	0.215200612	-0.0971172494	0.1669893815	-0.2717933232	-0.1129099856	-0.1074304957	-0.1114025766	-0.0359488489	0.1091829923	0.0555787436	-0.0151740128	-0.0812449131	0.0082641839395165	0.0021452796438268	4.602224750217645e-06	6.829673618616247e-05	-0.0053685988920051	-0.0067007519802898	2.8821854063238386e-05	4.4900077101359e-05	-0.025851931958563	-0.0102111294646079	0.0001042671649429	0.0006683223859901	0.0001100299262358	0.0001540151849491	2.3720677194913783e-08	1.2106584667455588e-08	0.0001259738188055	-3.100265419999368e-08	1.5869403024440945e-08	9.61164567444386e-16	-0.000475006410121	-0.0002410094908743	5.8085574691489314e-08	2.256310896560397e-07
844.4034863557608	-4.515166033168612	713017.2477697636	20.38672430707957	1155.1901958425976	-9.633635154644937	1334464.388570859	92.80692629281074	776.9944344746698	-1.9092923643311224	603720.351204612	3.6453973324931273	828.1112799018225	800.4628554593447	1.148097	21.358047	0.0765016882189534	0.0430279433979592	0.0753793643	0.1395566714	0.0746512575	0.1593024478	-0.170805849	-0.0417355904	0.0692170949	0.1120495149	-0.0762568213	0.0546509984	-0.1322773866	0.042995712	0.0441614819	0.2835812664	-0.0236379185	0.0913979518	0.1453692866	-0.1958276067	0.0684011187	-0.0292966482	-0.1415890302	0.0125552886	0.1062685559	0.0035888718	-0.1729311741	-0.1736790559	0.147006725	0.0325407906	-0.1135444331	-0.0333297945	0.0159632399	0.0297515376	-0.051063468	-0.1280567839	-0.1236303185	-0.0558901948	0.1707751455	-0.0273442887	-0.1041526514	0.0600078195	-0.1422669837	0.0230955318	-0.1607975852	-0.1795948676	-0.0770793347	0.0124118197	0.0810958459	0.1000912445	-0.0152718065	-0.0404643596	-0.0992843073	0.121374033	0.009150922	0.0802969837	0.020966037	0.0220846376	0.0426180273	-0.0107506921	0.0101222776	0.0298767606	0.087854959	0.0203899743	0.1352674325	-0.0493904201	-0.0226112318	-0.1181897757	-0.1901853423	-0.0880123607	-0.1956036968	-0.0524123576	0.0787617399	-0.1147811737	-0.0339349902	-0.0350138089	0.0490031655	-0.0579489624	0.0884752954	0.0902927171	0.1329693529	-0.0856021056	-0.0081269477	0.0482848595	0.0497009181	0.0453203535	-0.0664274171	0.1672249374	0.0926793124	0.0731186183	0.0950665714	-0.024652572	0.359409478	-0.1103057044	-0.0157176222	-0.0333947243	0.0768094856	0.0190523975	0.0605592704	-0.0328698477	-0.0486287142	0.070705825	0.0025069274	0.0984494483	0.1134240335	-0.0970302159	0.0086922832	-0.1351926645	0.036531615	0.1936162346	0.0337610546	0.0157695885	-0.104329451	0.0677286711	-0.0207818855	-0.1905080838	-0.0971897144	0.0467544441	-0.2029381016	0.0624821882	-0.107489482	0.1068395336	-0.074114136	0.0266722937	0.1145181817	-0.113273986	-0.1583934523	-0.0108722335	0.1675489332	0.1073422654	0.0494042187	-0.0251860523	-0.0912870929	0.0061542678538444	-0.0021099160856721	4.451745888577878e-06	3.787501281686256e-05	0.0014113336563212	0.0067799325483263	1.991862689464967e-06	4.5967485359854354e-05	-0.004290137108093	0.02156179485047	0.0004649109971737	1.840527640623657e-05	-0.0004470565064633	-0.0005570864326991	3.103452934974089e-07	1.998595199711706e-07	-0.0002378940862204	-0.0003638679050259	5.659359625863912e-08	1.323998523079374e-07	-0.0004750529670857	-4.6556964699965865e-08	2.167550962073867e-15	2.256753215369272e-07
842.9005789404573	-1.5029074153035251	710481.3859781581	2.258730698974323	1146.9537916348468	-8.236404207750866	1315503.0001455515	67.83835427345616	774.8691674121525	-2.1252670625173096	600422.2266060024	4.516760087020954	825.1624423513492	785.7667682831247	1.057815	19.678535	0.0779394217412794	0.0452687704776989	-0.0193539943	0.2434324164	-0.0264833778	0.0953575884	0.0511084639	0.0437454125	-0.0464252994	0.2830846723	0.0358644554	-0.0283653408	0.0216834606	0.1208348272	0.1493985485	0.0585793675	-0.0298941001	-0.0231537407	-0.0262878614	-0.0166686086	0.1494089113	-0.126271359	-0.1345399403	-0.2243404216	0.0180783832	0.1040643885	0.0306834367	0.0679422111	0.0336400638	0.0667396684	0.150942309	-0.0336724033	-0.1105470264	0.0626152916	-0.1093188594	-0.0712377788	0.050988028	0.0187349712	0.2062362458	-0.0001633932	0.0083375898	0.0352418401	0.1325172024	0.0197802287	0.0448800785	0.0149911791	0.0852966403	0.12248346	0.0030297825	-0.0170015643	-0.0147872497	-0.1757501413	-0.0076055735	0.2509871088	-0.0163086054	-0.0384084295	0.0842022482	0.0548645525	0.2599801258	0.1512730553	-0.1082691995	-0.1070093673	-0.0331360638	-0.0120510264	0.1241900513	0.0771838324	0.2284786028	-0.0068899692	0.0594383936	-0.061571185	-0.204493749	0.0998698788	0.1610588044	0.0155230256	-0.0921624838	0.0958129473	0.1527246035	-0.0424818949	-0.0087344745	0.0661477443	0.0346707159	-0.127285473	0.1076135689	-0.1055245742	-0.0140348566	-0.045168464	0.1221844165	0.0248919422	-0.0178804066	-0.192289584	0.0725024302	-0.0876985682	0.0464842173	0.0360432203	0.0114676995	0.0007718497	-0.2106094985	-0.0456349274	0.1464360394	-0.0613335684	-0.0314417385	0.0944014648	-0.2369361652	0.0583202631	0.1596447169	-0.1206737797	-0.1039887366	-0.0859232712	0.0156435934	0.1515345892	0.0331583274	0.0379891469	-0.1644294738	-0.0711204974	0.0274026805	-0.0570064842	-0.0099493487	-0.0182043583	-0.0348221276	-0.2168195783	-0.0563020133	-0.0046221736	-0.0363537682	-0.025835832	0.0014093978	0.058395407	-0.0194440974	0.2043607221	0.0568177991	0.1054279714	0.0430942802	-0.0350428114	-0.1003291122	0.0206465742800645	0.0144923064262201	0.0002100269455514	0.0004262810295022	0.0012577157948925	-0.0001536178614286	1.5818490207220731e-06	2.3598447349927228e-08	0.0332013531038626	0.0374914902119556	0.0014056118383131	0.0011023298479273	-0.0005979700582403	-0.000150913551777	2.2774900109949272e-08	3.575681905519078e-07	0.0001266419555938	0.0003645360418142	1.6038184916622018e-08	1.328865257815642e-07	-0.0004744624158434	5.905512422999817e-07	3.487507697820517e-13	2.2511458404795545e-07
846.2790886992399	3.3785097587825703	716188.2959696159	11.414328190189062	1152.4194214500772	5.465629815230386	1328070.5229353306	29.873109277135345	776.8702173696527	2.001049957500186	603527.3346359713	4.004200932411496	826.8280101950627	800.3922204016399	1.069948	19.904247	0.0671677899789983	0.0311014987540012	0.0391410192	0.1289206242	0.0144475937	0.0122719356	0.0635628986	0.0524718987	0.0180250968	0.1373433011	-0.0821394828	-0.1375796119	0.0732845503	0.037970026	0.0495169529	-0.1521560116	0.0408186205	0.0772281238	-0.0640740807	0.0549381067	0.0323017058	0.015394728	-0.1595574283	-0.0429057006	-0.0945620329	0.1531296964	-0.0029764536	0.1286721779	-0.1301923275	-0.048016024	-0.1702923606	-0.1720829008	0.0115980512	0.003937768	-0.0424411807	0.1067071311	-0.0942879809	0.0645722258	0.1221866808	0.3022874974	0.0070002844	0.0574080716	-0.0576157932	0.0208115684	0.0590431747	0.0851072917	-0.0376522897	0.0909286321	0.0620557763	0.0570144437	0.0175464509	0.1192591498	-0.0084614246	-0.1564323369	0.0087237036	0.0556787723	0.0053640515	0.1594407832	0.1536665233	0.0024141255	-0.0013808495	0.0274364147	-0.1654144187	-0.0142575623	0.1504704575	0.1419856539	0.1384429714	0.0430382155	0.1007230099	0.1825502605	0.0161849977	0.0799184225	-0.0145436021	-0.0006955795	-0.0196735751	-0.1549663676	0.0608175878	-0.1416111028	-0.0451307267	-0.0414324763	-0.0382191836	0.3062023586	-0.0778519271	-0.0364768442	0.2285824294	-0.1249378981	-0.010884622	-0.0130460003	0.0609413979	-0.1897084471	0.01067455	0.0099912517	0.109950062	0.0674388752	0.0381899396	0.082048403	0.0272147657	-0.0709374608	-0.0192353006	0.0427723485	0.0415168248	-0.0092722979	-0.0149608978	-0.0419722549	-0.0947289017	-0.1330420411	-0.0821472945	-0.0801324333	0.0148880015	-0.0149404928	0.0146745146	-0.0147164823	-0.1551409351	0.043473478	0.1413422611	-0.1185970661	0.0872409949	-0.001305139	0.2684001451	-0.0664964692	0.0890556019	-0.0589164464	-0.1363142707	-0.1354292651	-0.0982982514	-0.0531419417	0.1518620337	0.1700072525	0.0382766274	0.1034414224	0.0366662233	-0.0446835199	-0.1082719048	0.0061342394424599	-0.0145123348376046	0.0002106078624387	3.7628893537430745e-05	-0.0221834547518966	-0.023441170546789	0.0004921056647294	0.0005494884766036	0.0309624781184751	-0.0022388749853875	5.01256120019389e-06	0.000958675051237	-0.0007595100161029	-0.0001615399578625	2.609515798625056e-08	5.768554645606273e-07	-6.788955960024268e-05	-0.000194531515194	4.608992302714903e-09	3.7842510403690066e-08	-0.0002910256967157	0.0001834367191277	3.3649029924334714e-08	8.46959561488586e-08
846.8414040851436	0.5623153859037302	717140.3636728975	0.316198593224061	1156.1482758835523	3.728854433475135	1336678.8358285106	13.90435538604717	777.6309161628644	0.760698793211759	604709.8417722959	0.5786626539938265	827.9569811504343	811.6038648310191	1.025338	19.074371	0.037662460063565	0.0172592621101684	0.1497662309	0.0557800055	0.0829392593	-0.0948529775	-0.0350922835	-0.0608810347	0.1270646763	0.0421938296	-0.1822213971	-0.10210012	0.0237306291	0.0147966971	0.0209175994	0.1713918492	0.1581409494	-0.034114774	-0.0708402568	-0.0483139305	0.0926216043	0.2081064293	-0.1529995006	0.1861190182	-0.0331937195	0.1254129202	-0.0603303867	-0.0124806232	-0.0126847728	0.1831171165	-0.0004258657	-0.0658974455	0.005710586	0.0369653546	0.0315638846	-0.0111912078	-0.0822451666	-0.090226123	0.0606138832	-0.0046521696	0.0648673771	-0.0796052526	0.131265073	0.0248917963	-0.0623818413	-0.0427507784	-0.0076843103	-0.0029966801	0.041084133	-0.1355087004	-0.0377680268	-0.2664505721	0.0002886954	0.0312720059	0.2301156224	0.0732901871	-0.0520365706	-0.0731671665	-0.0905302519	-0.1610829037	-0.1588696244	0.0587953128	-0.0138079827	-0.0044975185	0.1611745837	0.0488505121	-0.1330036424	0.0334291992	-0.1300239474	0.1022772622	0.0442829921	-0.0376855944	0.1659245398	0.0472812484	-0.1136386402	-0.1343811042	-0.0331176779	-0.1082727086	0.1114892321	-0.0522427964	0.0554485502	0.0393787695	0.0323249895	-0.0613500521	-0.0369690859	0.0292220802	0.1832417737	0.059319137	0.0507945151	0.0430314308	0.0304060774	-0.0384375419	0.0001440512	0.1614463628	0.1161058446	-0.029514838	0.0932170862	0.017120042	-0.1418573736	-0.1286692447	0.1749585464	0.0289316088	-0.0128908875	-0.0501015486	0.157254665	-0.1105104056	-0.0436034426	-0.1634896604	0.0183125724	-0.0293045779	-0.0232247714	0.0170745911	-0.0151043871	0.0891785411	0.0720450477	-0.0649711988	0.0047271744	-0.1944070201	0.0363960449	-0.0183996666	0.057779208	-0.1198880871	-0.1678415677	-0.0280316472	-0.0470924956	-0.1005023619	0.1614211609	0.0238255368	-0.0332379674	0.1013839798	0.0301376669	-0.0540487397	-0.1150284477	0.0125283072896706	0.0063940678472107	4.0884103634733685e-05	0.0001569584835444	-0.0298606506062242	-0.0076771958543275	0.0008916584546269	5.893933618570488e-05	0.0208739398992605	-0.0100885382192145	0.0001017786034005	0.0004357213669179	-0.0008199826194244	-6.047260332150007e-05	3.6569357524795015e-09	6.723714961581005e-07	0.0001266133137918	0.000194502873392	1.6030931229340812e-08	3.7831367757760986e-08	-0.000275948010573	1.5077686142700008e-05	2.2733661941776783e-10	7.614730453919652e-08
843.2437537442307	-3.597650340912878	711060.0282286608	12.943087975470547	1154.9333667161145	-1.2149091674377814	1333871.0815542191	1.476004285124363	776.0440530004487	-1.5868631624157388	602244.3721973632	2.5181346962320794	827.3260344483263	796.4545295626041	1.064783	19.808165	0.05499822027004	0.026358609122965	0.032643141	0.1330101631	0.0075890153	-0.035047986	-0.0081074433	-0.031759834	0.1021949284	0.1185979032	-0.0786722645	0.1049427691	-0.0492221778	0.1174528549	-0.0239482165	0.3395098827	0.1541737419	-0.097145896	0.0241676048	-0.0074542477	-0.068329364	-0.1173649177	-0.123781602	-0.1016815945	0.1237552577	0.0013197355	0.0082634687	-0.1720532841	0.081135607	0.0353984552	0.1099368074	-0.0026316391	-0.1192558025	0.1613209262	0.0186022717	0.1151499187	-0.0445671236	-0.1417374335	0.0126547502	-0.0083794746	0.0541759271	-0.068386554	0.063048989	-0.0502241041	0.1220647519	0.1054567789	-0.0186038602	-0.1567124962	-0.0389141303	-0.0173055976	-0.1143135861	-0.0148931074	-0.0669132537	-0.1380526927	0.0815679125	-0.0587486918	-0.2365528066	0.0145300001	0.05673691	-0.0880723871	0.1137371326	0.1150955054	0.039751582	-0.0722353502	0.1392869135	-0.072087456	-0.0423580422	-0.1161468261	-0.0593945065	-0.1764415399	-0.1996488552	0.0048694375	0.2291347102	0.1008804214	-0.1125132477	-0.0754518152	-0.0606224931	0.1588984083	0.0769173245	-0.0481576528	0.0099720091	-0.0068195027	-0.0227370182	-0.0278698905	-0.132070703	-0.0358143169	0.0234680102	0.0035543101	0.0851094205	0.0042296254	-0.1315048492	-0.0278460769	-0.0633635443	0.0271719249	0.0378337839	0.1373160631	-0.0019694052	0.007240544	-0.0464262803	0.0890927354	-0.1454313246	0.0088458992	0.2005245206	0.0051388247	-0.0297050198	-0.087019272	-0.0335264976	-0.1070673369	-0.0816078768	0.0813131056	-0.0337606916	0.1761750987	0.0047948251	0.0988474347	0.1188412671	0.0135305277	-0.0355322302	-0.0859232442	-0.083698038	-0.0317037364	-0.0448593215	-0.1266096302	-0.07233123	-0.0213052045	0.2238235789	-0.0741407918	0.1160732972	-0.0246464599	0.1579376907	0.0992570537	0.0235265052	-0.063080731	-0.1205247148	0.0236278155420848	0.0110995082524142	0.0001231990834454	0.0005582736672907	-0.0175816761877172	0.0122789744185069	0.0003091153375697	0.0001507732127703	0.0327729935904343	0.0118990536911737	0.0001415874787454	0.0010740691088786	-0.0008960209596804	-7.603834025599998e-05	5.781829188887226e-09	8.02853560186585e-07	-0.0001658879622894	-0.0002925012760812	2.7518816032529398e-08	8.55569965091304e-08	-0.0002500739487513	2.58740618217e-05	6.694670751531534e-10	6.25369798440678e-08
842.8020078818985	-0.4417458623322545	710315.2244897597	0.1951394068876671	1147.4425176072698	-7.4908491088447136	1316624.3312129097	56.11282037147964	774.8597901559192	-1.184262844529485	600407.6944004751	1.402478484933067	825.3964644177348	784.7549524443667	0.991142	18.438225	0.0523604955734459	0.0264180575946259	-0.0672984571	0.1946516468	-0.1005234867	0.0335586251	0.0942481585	0.0040242204	0.0087986925	0.2438163125	0.0667302976	-0.010467601	-0.0914976856	0.0745415823	0.1000735005	0.1074309929	-0.0331005443	-0.0702452672	-0.0197459611	0.0829047995	-0.1359179799	-0.0026704312	-0.1033794247	-0.2769128901	0.0385589761	-0.05818862	-0.1638499838	-0.0487769486	-0.0350169738	-0.0787624912	-0.0077353226	-0.0512903077	0.1138829637	0.0907827625	-0.1374170043	-0.0481761049	0.0210566894	0.0252909086	0.0983424008	-0.0576637717	-0.0006610089	-0.0967759887	-0.1026071442	0.033431032	0.0717011361	0.067385272	0.0829421114	-0.0877618357	-0.0102823231	0.0096992639	0.0267895889	0.0714231918	-0.0163555187	-0.1829914822	0.0525481025	-0.1334251154	0.1179929865	-0.0987172807	0.0317403935	0.0150221549	-0.0691863158	-0.0606245033	0.0110850418	0.1023103589	0.0799796636	-0.0300284853	0.2636708844	-0.1000302299	-0.0365809075	-0.0784426641	-0.1882326599	0.0941625388	0.0931408723	-0.0863301834	0.1158583366	-0.0372166067	-0.0630941602	-0.0056693719	0.0248962419	0.1346455786	-0.123602926	-0.0018377318	-0.095130996	0.0522915874	-0.0352656615	-0.0364003797	-0.1237093276	0.0702602771	0.0443009746	0.0926894513	-0.0679765804	0.0356990565	-0.20676878	0.0243379408	-0.0067175968	-0.0259431492	0.056394603	0.0125523103	-0.0539998209	-0.101667979	-0.0692533347	-0.0341288287	-0.1011082107	-0.0715348427	-0.1301726532	-0.0698477534	-0.0411737482	-0.0433138761	-0.1243967026	0.149944904	0.0141433656	0.1641607839	-0.0425939014	-0.0224063494	0.1218925402	0.0829276837	0.0383820308	-0.0414774621	0.0247908876	-0.0413077845	-0.1409304582	0.0912512548	-0.0289502628	-0.0997904453	0.0959011937	0.0508391968	0.1749201088	0.0184947783	0.048486272	0.0970621018	0.016850859	-0.0717238087	-0.124700488	0.0173981386383701	-0.0062296769037147	3.880887432467638e-05	0.0003026952280799	-0.0249681788193214	-0.0073865026316041	0.0006234099535536	5.456042112669576e-05	0.0387484417723413	0.0059754481819069	3.5705980974655644e-05	0.0015014417397845	-0.0012129812147321	-0.0003169602550517	1.0046380328243877e-07	1.4713234272929611e-06	0.0001266793124801	0.0002925672747695	1.6047648210430817e-08	8.55956102660521e-08	-0.0002959237760545	-4.58498273032e-05	2.102206663733264e-09	8.757088123435386e-08
845.2915269282793	2.489519046380792	714517.7654967419	6.197705082292729	1148.4956455428708	1.053127935600969	1319042.2478309355	1.1090784487431589	775.5675281642639	0.7077380083446769	601504.9907428263	0.50089308845569	825.4935423648832	795.8749603350853	0.976557	18.166883	0.0365728990847849	0.0182092472330786	0.0269688961	0.1246623664	-0.1120698106	0.0162250332	0.1607263646	-0.0135468563	0.0229373294	0.1521733805	0.0496411176	-0.1824140498	-0.0228213952	-0.0675886592	0.1911022086	0.0219510354	-0.0121306679	0.0289302392	-0.0126347699	0.0908989609	0.0040157684	-0.0186001822	-0.0770310977	-0.1787085806	-0.0395448591	0.0170714583	-0.0756284729	0.2052745963	-0.0411806133	-0.0021843597	-0.0475699641	-0.2037780669	0.082052325	0.0790668595	0.1623092231	-0.0842504565	-0.0064922727	-0.0267790173	-0.1547815525	-0.0448880398	-0.1621042429	-0.0123430338	0.126095209	0.070001868	-0.0064169452	-0.0838362947	0.1650722755	0.0906820416	-0.036964597	0.0546116453	0.0155832949	-0.0050560176	-0.0497448352	-0.0398386953	-0.0944718894	0.1125263156	0.0761145737	-0.0277607951	-0.1599602014	-0.0229439085	0.0758753905	-0.0360077049	-0.0474568516	0.047165773	0.0732497312	0.0316655963	0.2591056523	-0.0320745406	-0.0013317459	0.1475516171	-0.051636605	0.0638136328	0.1128671544	-0.0252882128	0.1971880761	0.0308936457	0.0189825444	-0.0510862558	0.039864133	-0.0900817336	-0.072526298	-0.0791740988	-0.076331988	0.0020376286	-0.0501276619	0.1328295157	0.1544738898	-0.2173898466	-0.1090851767	0.083674782	0.0981262554	0.0128095621	0.0322630418	0.0581771339	0.058341396	-0.0799027307	0.0712716594	-0.0256296372	0.09580172	0.0692373956	0.0125165057	0.0632401658	-0.0506577193	-0.0389252284	-0.1055449819	-0.0872736983	-0.1092527675	-0.0669206415	-0.1344069383	0.1913547144	0.0627591824	-0.0332570605	-0.0482952136	-0.0474147527	0.0802087738	0.095948917	-0.0345747958	0.0395846541	0.1266524532	-0.095856306	-0.0686092858	-0.0235613431	0.0402851112	-0.0480015884	-0.05521982	0.1349138365	-0.0267777908	0.0019440587	-0.0779405098	0.0948006283	0.0101290257	-0.0799246852	-0.1275100165	0.0183257613208667	0.0009276226824966	8.604838410821887e-07	0.0003358335279893	-0.0333104281156124	-0.0083422492962909	0.0011095846212453	6.959312332146766e-05	0.0325887618456732	-0.006159679926668	3.79416567989979e-05	0.001062027398634	-0.0014080139054894	-0.0001950326907573	3.803775046403263e-08	1.982503158051513e-06	-9.32973445448848e-05	-0.0002199766570249	8.704394499126945e-09	4.83897296358878e-08	-0.0002880661802502	7.857595804299997e-06	6.174181182375291e-11	8.29821242039407e-08
847.206890857233	1.9153639289537523	717759.5159159795	3.6686189803371545	1154.566661425528	6.071015882657321	1333024.17567529	36.857233847477445	776.4789162861932	0.9113881219293488	602919.5074369811	0.8306283087939058	826.7726890087363	810.9225514961312	0.947518	17.626669	0.0385132486234277	0.021025272868309	0.1759911953	0.0019653497	-0.0775726264	0.0206630923	0.1454402429	-0.0245042275	0.1285849174	-0.0074441132	-0.0464037345	-0.1913793445	-0.0002680954	-0.0633586296	0.1310534297	-0.0071385297	0.0580837097	0.0383656057	-0.0278480022	0.0341225283	0.1009768295	-0.0516865179	-0.1450713606	-0.0829470867	-0.0546310847	-0.031765199	-0.0501087428	0.1009019751	-0.1221583152	-0.0937954244	-0.049696527	-0.0947484094	-0.0676707634	-0.0017151018	-0.1542311553	0.0234326932	0.004997182	-0.0647328586	0.0042226742	-0.1253944305	-0.1269903356	-0.0251174026	-0.0163697616	-0.1838589423	-0.0650870329	0.0776547115	0.0563636321	0.0542950767	0.0811933137	0.1479276226	-0.01731435	-0.086632231	-0.0354974039	0.0005009957	-0.1350845179	0.1365108843	-0.0153496358	-0.0308681013	-0.1236967673	-0.0605642351	0.0756469729	-0.0118768358	0.1833020783	0.0275821341	0.1262243127	-0.0380791693	0.1103260785	-0.0212507781	-0.0045530959	0.2016974612	-0.0483935154	0.1014037181	0.1210906858	-0.1072601422	0.1411126544	-0.0490800446	-0.0979338029	0.0576466091	-0.0629836543	-0.0409161195	0.1232141447	-0.1289345076	0.0384456031	-0.0148830987	0.0721294767	-0.0501181549	0.0703151144	-0.1409939121	-0.1144244842	-0.0442548805	-0.0926652851	0.0368967061	0.0173194958	-0.1050784886	0.0907114367	-0.0361781919	0.0577898145	0.0988372897	-0.0080505363	0.1146361084	-0.0487645876	-0.1021308222	0.1429795796	0.0184601821	0.0224824414	-0.0462038652	-0.1587228538	-0.1302293609	-0.1132975435	0.0917927708	0.0836543133	-0.0624047944	0.0558532241	-0.0085485611	-0.0707385206	0.0894829953	0.0175461299	-0.0321116201	0.0196033535	-0.0891723856	-0.0882890585	-0.0243171423	0.0911167704	0.0192891012	-0.0187125903	0.187753283	-0.0633097844	-0.035822072	-0.0105774394	0.0924741833	0.0033794295	-0.0876327994	-0.1289225186	0.0155915375580377	-0.002734223762829	7.475979585218778e-06	0.0002430960434237	-0.0284706189102479	0.0048398092053644	0.0008105761411325	2.342375314433092e-05	0.017142325645203	-0.0154464362004702	0.0002385923912951	0.0002938593285261	-0.001366002069389	4.201183610040007e-05	1.7649943725268783e-09	1.8659616535750305e-06	-7.09712868263157e-05	2.232605771856909e-05	5.036923553783173e-09	4.984528532528784e-10	-4.254848497388711e-05	0.0002455176952763	6.027893869379244e-08	1.810373573573097e-09
846.5838554869041	-0.6230353703289211	716704.2243710713	0.3881730726808958	1156.4929914111497	1.926329985621578	1337476.0391831095	3.710747213504829	777.3240095090796	0.8450932228863621	604232.6157592717	0.7141825553684585	827.7928969368697	813.1055023332256	0.8959249999999999	16.666887	0.0259811066342824	0.0151853981909821	0.1995050724	-0.0040567718	-0.0074000958	0.0328325536	0.1150015996	0.0393050441	0.1060503828	-0.0310504839	-0.0943712269	-0.0541961049	0.0405855424	-0.0045121321	0.0391687174	0.0492772409	0.0974965994	0.1240085712	0.0030895768	0.0657379682	-0.0170795725	-0.0120171387	-0.1382234686	0.0971904721	-0.0417693308	-0.0777830571	0.0361401226	0.0648126886	-0.0742267976	-0.1289437902	0.0485301136	0.1316970135	-0.1337218609	0.0813096011	0.1208425449	-0.0679223709	0.0287583424	-0.0868826235	0.0174137192	-0.2453917174	-0.0047043977	0.0593013208	-0.0859693766	-0.1539077349	0.1061806493	0.1574348202	-0.0331021817	0.0903688754	0.1621185884	0.0431778204	0.1369249636	0.0603819838	-0.2056821045	0.0237817181	0.0620005516	-0.0061485272	-0.0805076413	0.0064660368	-0.0732813598	0.1292455208	0.0310746773	-0.0270432793	0.10757173	-0.027786511	0.133210039	-0.0481574187	-0.0824110463	-0.0036288595	0.0345973932	0.1917991782	-0.0680077867	-0.033002181	-0.027574107	-0.0888875372	-0.0284397146	-0.00443248	0.0233039808	0.0945093527	-0.0684572316	-0.0923496641	0.1351213397	-0.1019494918	-0.0796427053	0.1160730656	-0.1279383707	0.0244004867	-0.0668450317	-0.0217913898	-0.1114969784	0.0385018846	-0.1652416145	0.0215476571	-0.0763787697	-0.1607384202	-0.0750176678	0.0402987491	-0.1805260772	0.2338054069	-0.105377466	0.1185448997	0.0462046613	-0.0223802049	-0.0063812117	0.0396932497	-0.0562870398	-0.0304959899	-0.1661207585	-0.1495426958	-0.1096295302	0.0280896117	0.0607878478	-0.1265545277	0.0308859879	-0.0302783997	-0.0531257768	-0.0002681459	0.049536983	-0.0195815916	-0.0046232969	-0.069445106	-0.0054539639	-0.057393936	0.041724015	-0.1167679453	-0.0551391835	0.071615304	-0.1346924378	-0.1136874525	-0.0436455519	0.090084361	-0.0033794295	-0.0948006283	-0.1289225186	0.0061152344355548	-0.0094763031224829	8.980032086917917e-05	3.739609220179524e-05	-0.0249020999375204	0.0035685189727275	0.0006201145812982	1.2734327658716147e-05	0.0171596641572051	1.7338512002102596e-05	3.006239984470558e-10	0.000294454073988	-0.0013979959739819	-3.199390459290006e-05	1.0236099310995915e-09	1.9543927432696016e-06	0.0001260503416131	0.0001970216284394	1.588868862077921e-08	3.8817522072919184e-08	-7.191187248297001e-05	-2.9363387509082897e-05	8.622085260085654e-10	5.171317404006939e-09
846.8790359028307	0.2951804159265521	717204.1014517079	0.0871314779465722	1156.8544861156636	0.3614947045139161	1338312.302045936	0.1306784213916035	777.955722005448	0.6317124963684364	605215.1054010179	0.3990606780680418	828.1448173616768	812.2055130699366	0.926867	17.2425	0.0331065571714546	0.0204979274725555	0.153538048	-0.0154399294	0.0597236636	0.0437715979	0.0166445239	0.0978851685	0.0648015989	-0.0345941731	-0.1222726179	0.019581359	0.0073133305	0.1435773626	-0.0178313776	-0.0761411694	0.0968155448	0.1727555845	-0.0140467236	-0.0114775311	-0.1173853636	-0.1243721295	-0.0092630646	0.1852833105	-0.0392597308	0.017084478	0.0976729015	0.0616038288	-0.0202596132	0.0144472032	-0.0124411354	0.0737541765	-0.0522061651	0.0731365168	0.0995079482	0.0904601472	-0.0267517274	0.1083998705	0.1967486141	0.1121774054	-0.0844278291	-0.0195513155	-0.1264919784	0.0013434777	0.108643248	-0.1310663227	0.046494918	0.0431649869	-0.009998459	-0.0283926335	-0.0521862421	-0.0697400733	0.1566931495	-0.1443119936	0.0026438292	-0.0674313089	0.0596072273	0.1213266482	-0.1758275389	-0.1296024797	0.0227483158	-0.1093951732	-0.0665877814	0.1108962815	0.0622635681	0.0536764741	-0.1205848047	0.0069468712	0.0695188538	0.1404469088	-0.0149142185	-0.0927186276	-0.0592341987	0.0034973228	-0.2363946538	-0.0643078138	0.0570976105	-0.0430620337	-0.0156449253	-0.0348565644	-0.0104216826	0.0657359945	-0.019595597	0.0835601058	0.1137766688	-0.0535641934	-0.0098871291	-0.0877449372	0.117532026	0.0131930988	-0.0349249383	0.0282100757	-0.0881567811	0.0430072611	0.0234850812	0.068891111	0.2106902673	-0.1082392877	0.0629363683	0.1512077895	0.0353130153	-0.152989371	-0.1462436404	-0.0396890718	-0.0004899461	-0.0443448134	-0.1526852723	-0.0899543035	-0.0824244078	-0.1466736323	0.052796151	-0.1681707298	-0.0210113927	-0.0466872913	-0.0101720204	0.0025305184	0.0696951531	-0.064065089	0.052409853	0.0791811214	0.0241387606	0.0228488394	0.0801283943	-0.0463923872	0.0123304543	0.0345620506	-0.0536161878	-0.1731092656	-0.0443104081	0.0876327994	-0.0101290257	-0.1013839798	-0.1275100165	0.0198392305532735	0.0137239961177186	0.0001883480694391	0.0003935950689459	-0.0247902010108163	0.000111898926704	0.0006145540661566	1.2521369797529106e-08	0.0171479315709319	-1.1732586273200537e-05	1.3765358065809358e-10	0.0002940515571613	-0.0015230054370401	-0.0001250094630582	1.562736585409947e-08	2.3195455612537063e-06	-0.0001229370622735	-0.0002489874038866	1.5113521280438413e-08	6.199472729418887e-08	-8.309359635334248e-05	-1.118172387037247e-05	1.2503094871325748e-10	6.90454575493221e-09
846.2135231212181	-0.6655127816125059	716077.3267132244	0.442907262489615	1157.574068960434	0.7195828447704571	1339977.7251296155	0.5177994704879437	777.0728783136966	-0.8828436917514182	603842.2582107332	0.7794129840652732	827.9657104537221	811.3960271966783	0.923962	17.188465	0.0368287510077145	0.0206444085497864	0.0959219829	-0.0782357772	0.1120692442	0.0403645678	0.0031385698	0.0607425391	-0.0424942753	-0.1139735525	-0.1446274748	-0.0871932515	0.0915250219	0.1185554572	-0.1099381092	-0.0387615658	0.1222867534	-0.0109287144	-0.026734317	-0.0225587315	-0.1568799652	-0.2496168977	0.0197244721	0.1402916817	-0.0419975238	0.1637892593	0.0703955991	0.0718063614	0.0072480869	0.0328748829	0.1056788966	0.1340516908	-0.1768853712	-0.1329353908	-0.1186943364	-0.0039716126	-0.0184062542	-0.008187852	-0.150945867	0.0372611374	-0.0621406261	0.0512457015	-0.0250997574	-0.1156256482	0.1001018999	-0.1453518976	0.0193203866	-0.1868414917	0.1741072626	0.0058534499	0.0833286749	0.0720250962	-0.028723583	0.1253551716	-0.0225416912	0.0296212463	0.106060605	-0.173517209	0.0255146093	-0.0395024281	-0.0054784058	-0.0161395775	0.0029945853	0.0143668729	0.0145179749	0.119855674	-0.1102223781	0.0323327692	0.0592264587	0.049043365	0.0975344722	-0.0805250243	0.0425251169	-0.072956489	-0.1121250451	0.0588840256	-0.1768660309	0.2064340652	-0.1752375076	-0.1165109553	0.0229974773	-0.0723805288	0.1197334354	0.0370085943	0.029528578	-0.0491194119	0.0200104463	0.0463811293	0.1018269941	0.073994514	0.0988305125	0.0555479843	-0.0993437571	-0.0230933101	-0.0873403416	-0.0275039236	0.1059093553	0.0660346848	0.1165226079	-0.0520129606	0.1563601009	0.1832067996	-0.0576299484	-0.0246647348	-0.0139520286	-0.0292164409	-0.1086564109	-0.0473108242	-0.1087614821	-0.2319207326	0.0603828561	-0.1449734368	-0.0418413423	0.0193432016	-0.0504561484	0.0232388471	0.0614405919	-0.1444841643	0.0089076494	0.1438297679	-0.0328835536	0.0024786047	-0.0239055143	0.0753807215	0.1451764497	0.1665449409	-0.0722722363	-0.0808407488	0.0268759459	0.0851211787	-0.016850859	-0.1073422654	-0.124700488	0.0230549024507666	0.0032156718974931	1.0340545752326878e-05	0.0005315285270143	-0.0247323491320372	5.7851878779099225e-05	0.0006116890935889	3.346839878271591e-09	0.0172516625235914	0.0001037309526594	1.0760110539647366e-08	0.0002976198598278	-0.001831039943693	-0.0003080345066528	9.488525728889549e-08	3.352707275399265e-06	-0.0002977533336596	-0.0001748162713861	8.86570477054051e-08	3.0560728741338566e-08	-0.00026927274389	-0.0001861791475366	3.4662674977476484e-08	7.250781060204954e-08
845.2761118263192	-0.9374112948989932	714491.70522422	0.8787399358042073	1154.0241686547092	-3.5499003057248046	1331771.7818391928	12.60179218058506	776.656980242048	-0.4158980716485985	603196.064958697	0.1729712060010227	827.3667256533073	803.8325120010674	0.923876	17.186867	0.0445214195074088	0.0261235165251768	-0.0111570789	-0.0857443994	0.0839994229	-0.0172270572	0.0445277624	-0.0464745386	-0.1212376775	-0.0636683998	-0.0665840163	0.0184116697	0.1262049183	0.0823537482	-0.1204879474	-0.057178389	-0.0658496121	-0.0354849302	-0.0639973911	0.0644048351	-0.0031843287	-0.1698900044	0.0622834942	0.0338073854	-0.0723914016	0.1344413044	0.0926841193	-0.0453897783	0.0166699615	-0.0123686702	-0.0580540221	0.1445876289	-0.0299108209	0.1341192141	-0.145732221	-0.0330263135	-0.0482423385	-0.02138132	-0.1126484388	-0.0647417966	-0.1241228606	-0.078496758	0.021294814	-0.0851579596	0.0474100499	0.0337931364	-0.1960598384	-0.0614857459	-0.1966884444	-0.0182457215	0.0878676438	-0.1241677593	0.0557193453	-0.1638749257	0.0050380572	0.0888452924	0.0472656621	0.1240282149	0.0488346379	0.0070948411	0.0443764398	-0.0380511326	-0.1176166771	0.0461608724	-0.0678823935	0.1138223723	-0.0547623982	0.0557815927	0.0946063619	-0.0253001102	0.0340016871	-0.0270096828	-0.0011620229	-0.1270295957	-0.0184553595	0.0374635983	-0.0683744152	0.0972429114	-0.0194635195	-0.1248265727	-0.1269055664	0.0726521793	0.1952003724	0.0107825412	0.0511890826	0.0802429235	0.0261175922	0.1007820751	-0.0228940852	-0.0001159318	0.0753091669	0.013715836	-0.0771112846	-0.0997792246	0.1341880269	0.134757868	-0.0196664794	-0.0435833705	-0.1533242375	0.0907356237	-0.1914720568	0.0291386163	-0.0663894635	-0.1112012359	0.0198240932	-0.0258323715	-0.0624138988	0.020672724	-0.1160150713	-0.2406587111	0.0246515377	-0.0643156582	-0.0170556853	-0.0182565464	-0.0185571036	0.0673122495	0.0021486113	-0.1002008044	-0.0411710108	0.0617332142	0.0048362941	-0.0705263401	0.0189313794	0.0310787797	0.1262210177	-0.0378379431	-0.0755672428	-0.0099234301	-0.1204447441	0.0825512202	-0.0235265052	-0.1126387502	-0.1205247148	0.0219116418067812	-0.0011432606439853	1.3070449000859111e-06	0.0004801200466686	-0.0370837543049304	-0.0123514051728931	0.0013752048333484	0.0001525572097449	0.0383240285342267	0.0210723660106353	0.0004440446092861	0.0014687311630922	-0.0018990221781876	-6.798223449460002e-05	4.621584206878785e-09	3.606285233248377e-06	-0.0002978689600154	-1.1562635579998472e-07	8.872591734065595e-08	1.3369454155584658e-14	-0.0001382828511425	0.0001309898927474	1.7158352002001552e-08	1.912214692009881e-08
844.4138618999579	-0.8622499263613008	713034.7701688011	0.7434749355100687	1154.038057056678	0.0138884019688703	1331803.837135153	0.0001928877092489	776.3597986055579	-0.2971816364901087	602734.5368908624	0.0883169250669391	826.7450895595598	797.2310234734543	0.954606	17.75853	0.0320334503542049	0.0153127160840764	-0.1113132072	-0.1193481638	0.0566360793	-0.0638830849	-0.0337996799	-0.0843063652	-0.1245919451	-0.1012314222	0.0376064091	0.0213041572	0.0624409189	0.0140600407	-0.1128601118	0.0154933224	-0.07951647	-0.0593792677	-0.1725209669	-0.0461391042	-0.0817238938	-0.0097260878	0.1782495189	-0.0741731117	-0.0627012891	0.0304816338	-0.0878613763	-0.0204937414	-0.0136434325	0.1364296397	0.2944559476	0.0167475454	-0.1131576165	-0.0143503589	0.0930370225	0.0094794299	0.2175615251	0.0555236578	-0.15004166	0.2129462909	-0.0909500654	-0.1100515414	-0.033835548	-0.0246546238	-0.0811100741	-0.1400754918	-0.0558221622	-0.1187264985	-0.1397057463	0.0136891861	0.0277151752	-0.0486451475	-0.0034367002	-0.0392111982	-0.1373771788	0.0441198519	-0.0618116205	-0.1263019409	-0.1288722159	0.0875010431	-0.0667538226	0.042595702	0.1195031167	-0.066786035	-0.1362616328	0.0705720675	-0.0154196819	0.0597005272	0.0239882614	-0.10504524	0.1055001582	0.0027839132	0.0284921026	0.0185758346	-0.2005733636	0.1262356446	-0.1274235489	0.0026251006	0.0425750273	-0.1529875929	-0.0722889355	-0.1794602675	-0.0536647725	-0.1376034337	0.0184763301	0.0962981983	0.0873798455	-0.0493391935	0.0756145816	-0.1027372604	0.0293888599	0.2891926066	0.0032935442	0.0241076097	-0.0403470323	-0.1415095606	0.0888000458	-0.1197121325	-0.0683598014	-0.0560745999	-0.171643203	0.0474398998	0.1162252161	0.0971822552	-0.0114096168	-0.0015212733	0.0274788967	0.1076547624	-0.1347585506	-0.1871498693	-0.0168291123	-0.004071924	0.0281135496	0.0908840095	0.0156156774	0.0651213158	-0.1189426423	-0.0009408769	-0.0980620138	0.0625341242	0.0138299987	-0.1029027087	0.0923545777	-0.1309420854	0.0967969894	-0.1570883725	0.0308994276	0.020468935	-0.1597010943	0.0799246852	-0.0301376669	-0.1172407796	-0.1150284477	0.0217637627186491	-0.000147879088132	2.186822470678108e-08	0.0004736613676736	-0.0431025629532939	-0.0060188086483635	0.0018578309331426	3.622605754561529e-05	0.047011785036986	0.0086877565027592	7.547711305123646e-05	0.0022101079323637	-0.0017210451241781	0.0001779770540095	3.1675831753900544e-08	2.9619963194572115e-06	-0.0002972391913675	6.297686478999782e-07	8.83511368848053e-08	3.9660854987776673e-13	-0.0003032561507841	-0.0001649732996416	2.721618959463714e-08	9.19642929883888e-08
843.175444562453	-1.2384173375048704	710944.8303130902	1.533677501832652	1155.1194352410655	1.081378184387404	1334300.9096716382	1.1693787776689983	776.0134054192387	-0.3463931863192329	602196.8053903637	0.1199882395283907	826.9774792732655	789.102588023569	0.912449	16.974295	0.0345562931741278	0.0194369533848329	-0.1485198856	-0.1006258199	0.0284508854	-0.0291864281	-0.0551878606	-0.0305850714	-0.0798769732	-0.1256270396	0.0519094597	0.1264389903	0.0616227407	-0.0198933191	-0.0775472719	0.0337321933	-0.0882340149	-0.0748412701	-0.0886701738	0.0969973002	-0.1325041558	0.0778447084	0.09906109	0.070543973	-0.038460849	0.0708319722	0.1120691911	-0.0595515728	-0.0810227647	0.0690545542	-0.1456016031	-0.0966294116	-0.0062583348	0.0405461788	-0.0737922993	-0.0349412413	0.0379096904	-0.0266485011	-0.1434808536	-0.1130403541	-0.0091941767	-0.1613698791	0.0659208686	-0.150902279	0.0249143751	-0.0147234901	0.1688372375	0.0944808553	-0.0003038168	-0.1016500398	-0.0344756822	0.0172789303	-0.0326423385	0.0622420132	0.0104769131	-0.1009639451	0.027188094	0.0789214304	0.0269800384	0.0454005816	0.0209838642	0.12236609	0.0963609455	0.0130813999	-0.126843258	0.002689022	-0.1461268844	0.0575876047	0.0467179982	-0.0513921566	0.0461469165	0.0167743253	0.0848045566	-0.0603888321	0.1058777048	0.1196782303	-0.1508186761	-0.1735519582	0.0097876973	-0.0201660756	-0.0648434995	0.0638670232	-0.0688446872	-0.0358801483	-0.0902888536	-0.022852852	0.0766418781	-0.0429973747	-0.1319188611	-0.0076352838	0.0597092699	-0.0087864558	-0.1591938252	0.0424473067	0.0961322839	0.0703725657	-0.0840657798	0.1407526367	0.0040509313	0.0421715982	0.0749019123	-0.0730174039	0.0117732096	0.0771573439	0.0499530505	0.034682892	0.05392557	0.1077716437	-0.1264870406	-0.1359608719	0.0009174004	0.0424839648	0.0469344876	0.0878954472	0.0558637166	0.0481156332	-0.163794823	0.0309134652	-0.0791833812	-0.0012443939	0.0074556007	0.0576923414	0.1395671666	-0.1043852537	-0.0174183512	-0.0887981159	0.0563082772	0.0312265096	-0.1674535894	0.0772433738	-0.0366662233	-0.1211199807	-0.1082719048	0.0180399777990629	-0.0037237849195861	1.38665741273376e-05	0.0003254407989906	-0.0439548893249366	-0.0008523263716427	0.0019320322955674	7.264602437976154e-07	0.0571230808811549	0.0101112958441689	0.0001022383036483	0.0032630463693549	-0.0019910520894745	-0.0002700069652964	7.290376130857137e-08	3.964288423000772e-06	-0.0003852377999198	-8.799860855230002e-05	1.4840816248704788e-07	7.743755107140929e-09	-0.0002638840038582	3.937214692590002e-05	1.5501659535546587e-09	6.96347674922345e-08
842.5273212194613	-0.6481233429916529	709852.2870012413	0.4200638677306757	1153.465961759891	-1.6534734811746148	1330483.7249386702	2.733974552947699	775.8589140227688	-0.1544913964698935	601957.0544685901	0.0238675915832178	826.496076794956	785.7819249484257	0.901782	16.775852	0.0416204788534827	0.0222768157608301	-0.1867581504	-0.1109432952	-0.0004313491	0.0507528889	0.0091828359	0.093010165	-0.1018747754	-0.1153440669	0.089544093	0.0912527639	-0.0397622889	0.0145519778	-0.1031244707	0.0026611103	-0.056198992	-0.0513563928	-0.0446525343	0.1031157888	-0.0056700559	0.0037401813	0.0824231746	-0.0286727782	0.035918721	-0.0023107309	0.0438931773	-0.0303394779	-0.0454627786	0.0586461648	-0.0546268016	0.0753994629	-0.059113824	0.0582897696	-0.0208154811	-0.1133344001	-7.59561e-05	0.0997930281	-8.8725e-05	0.0709838385	0.1749134987	-0.0213680022	-0.1150445191	-0.0381147042	0.0216393455	0.0028043227	-0.1833197598	0.005181721	0.0074250105	0.0218775658	-0.0007458422	0.1138477043	-0.0546404842	-0.0198115479	-0.1108722352	-0.1045637251	0.0042728736	-0.0235647022	0.0811286563	0.174952653	0.0419873571	0.1316954205	-0.0284427597	0.0619939647	-0.137731764	-0.0059219007	-0.0391227625	0.0034416486	0.0381925711	-0.0683542873	0.0020881733	0.0410674144	-0.0642071501	-0.0457773968	-0.0868677707	0.1838648772	0.0261033756	-0.068918506	-0.0354258028	-0.0016219623	-0.0966580727	0.1061192558	-0.063133825	-0.0536638533	-0.021898582	-0.0035090943	-0.1537749765	0.1671094592	-0.0630197439	-0.0531946512	-0.0825136606	0.0539784556	0.0522244942	-0.2231699126	0.0509426225	-0.0426132868	0.0274399172	0.0033597986	0.002408077	0.0703250817	0.0413099326	0.0889215468	-0.0102371489	0.1029035014	-0.0937823774	0.0538630146	0.0680414038	0.1509404914	-0.1594779635	-0.0703405882	-0.0194613301	0.0067071079	0.0278192503	0.0282691858	0.0498648412	0.0271009409	-0.138816896	0.136757597	-0.0946460236	-0.0437776299	0.0299484224	0.1594887802	0.1100133206	-0.1155636207	-0.0006841026	-0.1806211366	-0.0098475503	0.0057114456	-0.0421689321	0.0745091236	-0.0430942802	-0.1242524367	-0.1003291122	0.0222283902729287	0.0041884124738658	1.754279905123463e-05	0.0004941013341256	-0.0439455350854984	9.354239438201515e-06	0.0019312100539507	8.750179546720463e-11	0.0475832338917712	-0.0095398469893836	9.10086805808532e-05	0.002264164147599	-0.0018461237286705	0.0001449283608039	2.100422976533436e-08	3.40817282156027e-06	-0.0007206853407148	-0.000335447540795	5.193873603212073e-07	1.125250526254132e-07	-0.0003411654052751	-7.72814014169e-05	5.9724150049600334e-09	1.1639383375652323e-07
842.6743804897391	0.1470592702777367	710100.1115337656	0.0216264289746204	1152.2617010624765	-1.2042606974143837	1327707.027735392	1.4502438273369778	775.2947036900471	-0.5642103327217001	601081.8775698378	0.3183332995499315	826.1658047940188	783.8842016103519	0.928828	17.278984	0.0520631933896302	0.0290150868816193	-0.1902717903	-0.0725384465	-0.0439691352	0.0359557472	-0.0124507429	0.1499026812	-0.0956246662	-0.1211284368	0.1699027663	0.0540366038	-0.0782862311	0.0001220648	0.129872917	-0.0436920836	-0.0119860216	0.1053649889	0.0161221594	0.0577052048	0.0297352386	0.1207152884	0.1960378645	-0.0452480678	0.0737863855	-0.0764868827	-0.0696956989	0.0704446445	0.1158137405	-0.0891905587	0.086764617	-0.1133375517	-0.0122560323	0.0473411834	0.0486484572	-0.0001410522	-0.0751058334	0.1980282775	0.1771386687	-0.0292003694	-0.0047851826	-0.0491993037	0.0542348604	-0.0768550287	0.1133328628	0.0284565022	-0.1712491037	0.0399990946	-0.0267910771	-0.1045389798	-0.0989321669	0.1817991881	-0.0257281972	0.1437884676	0.098992345	0.1213606972	-0.0064139045	-0.0966066337	-0.0584674375	0.0218789162	0.1140996907	0.0513877158	0.047563457	-0.0496027587	-0.2274748206	-0.0700479143	-0.0083071276	-0.1022507472	-0.0154122096	0.0402388475	-0.147958548	0.097036221	-0.0326288444	0.1022913228	-0.0809094185	0.0409400741	0.1311367848	0.0209789521	0.007214196	1.07798e-05	0.0575675951	0.1024259154	-0.0418621689	-0.11035042	0.256722967	0.0253339232	-0.0045389871	-0.0209526017	-0.114480424	0.0488099588	0.1027396178	-0.1005059282	-0.1354805935	-0.1616389518	-0.0419976001	0.0620085802	0.0244634915	0.0390307527	0.0952500178	0.049311479	-0.0367812264	0.0154267478	0.0644973934	0.1072043012	-0.0518333127	0.0704163445	0.0694211494	0.1960989981	-0.1562622461	0.0524981452	-0.003193521	0.0310253585	0.0252576217	-0.0142052754	0.1186565334	-0.0624673422	-0.0721990989	0.0838925961	-0.0749073949	-0.0524158704	0.1116427658	0.2174298855	0.0600226606	-0.0716694658	-0.0995289336	0.0342495851	0.0299904006	-0.0124784383	0.1189626321	0.0717238087	-0.0494042187	-0.1266188352	-0.0912870929	0.0206507884896609	-0.0015776017832678	2.488827386569751e-06	0.0004264550652447	-0.0503248427306886	-0.0063793076451902	0.0025325897958685	4.069556603198215e-05	0.0700139442824934	0.0224307103907221	0.0005031367686324	0.004901952393992	-0.0020670821077263	-0.0002209583790558	4.882260527496661e-08	4.272828440082204e-06	-0.0005682100231865	0.0001524753175283	3.228626304496029e-07	2.3248722455355905e-08	-0.0002810876304502	6.00777748249e-05	3.609339027911388e-09	7.90102559921082e-08
844.4065057207349	1.732125230995848	713022.3469035015	3.00025781585242	1151.6938465474798	-0.5678545149967249	1326398.71617533	0.3224587502021657	776.3017618125949	1.0070581225478463	602644.4253933389	1.0141660621895932	826.5833276015927	794.3116049152667	0.954304	17.75292	0.0111958529726034	0.0061923973945697	-0.1151386313	-0.0487711648	-0.1669781815	0.0679498306	-0.0141251938	0.0999075007	0.0058318475	-0.0292549722	0.1768858216	-0.0596598077	-0.0529536034	-0.0189190427	-0.073784448	-0.0735241707	0.1466869423	0.0997653544	0.0348542404	-0.059407677	0.0336713743	0.0030022994	0.1458563915	0.0363548381	-0.0612254477	-0.2108840941	-0.0969481067	0.1085232415	-0.0958195165	0.1496998356	-0.0761907567	0.0571682448	-0.0809605391	-0.0980663444	0.1629751754	0.095853486	0.060577675	-0.1083890136	0.0847305826	-0.1732751959	0.0983263784	0.1041684153	-0.0213688126	-0.0178007768	-0.0058042195	-0.0183123207	-0.0250443965	0.1045759456	-0.0967260428	-0.1591654624	-0.0072098458	0.0370465192	-0.0614363849	0.1220808311	0.0548958508	-0.1417375909	0.1015444266	0.0204232139	0.1246383666	0.0139352956	-0.0481949618	-0.0277296519	0.103049717	-0.1351286354	-0.163292637	-0.1583825566	0.0512163975	-0.0007644949	0.0097752973	0.0478942038	0.0785031118	-0.1217734291	-0.0696845462	0.0081646764	-0.1268121605	-0.1301180607	0.169009911	-0.1169220586	-0.1267910542	-0.0642823274	0.1734819577	0.028066429	-0.1193368128	-0.1268672134	-0.2054048366	0.0638416776	-0.119389553	0.0312500468	-0.0751030695	0.0310041669	-0.0437929548	-0.0785172712	-0.003659513	-0.0446923302	-0.1243790461	-0.0197670456	-0.0420327128	0.0868665243	-0.0582578945	-0.0857294161	-0.0500052711	0.1348787209	-0.1417317074	0.0818149736	0.1809080568	0.0842750955	-0.0003346825	0.1653897342	-0.1006601977	0.0973903731	0.0439867122	0.0404252593	-0.0011537958	-0.0241319034	0.0341622409	-0.0369727014	0.0078875021	0.0261186593	-0.0767033084	0.1088475094	0.2251804177	0.1492376125	-0.0637804054	0.0354833609	-0.1488739486	0.1734696512	0.0433337739	0.0607774581	-0.0402507912	0.0688893378	-0.0555787436	-0.1282045865	-0.0812449131	0.0206047015944932	-4.608689516769765e-05	2.124001906198353e-09	0.0004245537277981	-0.0517223078315964	-0.0013974651009077	0.0026751971274264	1.952908708255238e-06	0.0700914224889714	7.747820647800718e-05	6.002872479048713e-09	0.0049128075065274	-0.0021370573750369	-6.997526731059977e-05	4.896538035189893e-09	4.567014224199605e-06	-0.0006062917373985	-3.808171421200001e-05	3.675896708376917e-07	1.4502169573244435e-09	-0.0001956481565718	8.543947387839999e-05	7.299903696617794e-09	3.827820116994357e-08
844.4771607927539	0.070655072019008	713141.6751005908	0.0049921392020112	1153.396312938017	1.7024663905372108	1330323.054699012	2.898391810908799	775.8273649145472	-0.4743968980477575	601908.1001502499	0.2250524168773344	825.7937729925108	795.9750056372197	0.980855	18.246845	0.0279814932112512	0.0135278488470796	-0.0327215521	0.0030964991	-0.1994446359	0.067831511	0.0111397111	-0.0951443471	0.0737317952	-0.0218260197	0.1531361912	-0.0573616442	0.0218416315	-0.0502708436	-0.1183736815	-0.0502980357	0.1300962611	0.0360708263	0.2412481723	0.0998308907	0.0727101155	0.0555297264	0.0765151704	-0.1030045599	0.0018951201	-0.0962250123	0.0899969828	-0.0462973177	0.1806837859	-0.0328275643	-0.0454518085	-0.085856414	0.0348685854	-0.0649273449	-0.107052567	0.001122209	-0.0133122039	0.1706160653	-0.0911546347	0.0503384489	-0.0138850012	0.0359805649	0.1810339598	0.0127014565	0.0127612121	0.0074053736	0.0280958048	-0.0548981575	-0.1000724116	0.0239352667	0.165076195	0.0648496313	0.0240093957	-0.0725664722	-0.0677607766	-0.0283111342	-0.0300069297	0.030468309	0.0790376503	-0.0752404799	-0.2098330411	-0.0810022019	-0.1379451232	-0.0882411875	-0.0780628568	-0.1103511704	0.0870530582	0.0885094059	0.0083437415	-0.0323002572	-0.0493353141	-0.1117733882	-0.0844972926	0.110228838	0.1912627343	0.0069107602	0.0321369815	0.0177952656	-0.0823601663	-2.75854e-05	-0.1062707076	0.0287757941	0.0141974835	-0.0230318383	0.2454065991	0.0375278964	0.0237967574	0.1364232671	-0.06771603	0.0807039122	-0.0313092724	0.0450744143	-0.0485979787	0.2074216716	-0.0634948075	-0.0525490769	-0.0269633431	-0.1132854709	-0.1018313471	-0.1361115257	-0.042947627	0.0465446531	0.1041368639	0.027199881	-0.036658311	0.056279106	-0.0515754059	0.1456956333	-0.0286248151	0.1085594857	0.0063053406	0.0602493847	0.0427714013	-0.0999245114	-0.0270884606	0.0677685591	0.0773073138	0.0675411652	-0.0889766549	0.2180912289	0.1263923047	0.0142897354	-0.0650759668	0.066799222	-0.1612109196	-0.0639279359	-0.0282406375	0.2382828092	-0.116060905	0.0660076536	-0.0616009311	-0.1289999139	-0.0703125971	0.0252181214582094	0.0046134198637162	2.12836428389312e-05	0.000635953649881	-0.0470207779400766	0.0047015298915197	0.0022109535580899	2.2104383320854168e-05	0.0701526713002067	6.124881123530102e-05	3.751416877737536e-09	0.0049213972905548	-0.0023460956802356	-0.0002090383051987	4.369701304034485e-08	5.504164940820142e-06	-0.0006981878910625	-9.189615366399998e-05	4.874663312263014e-07	8.444903058237498e-09	-0.0002668195906047	-7.117143403289998e-05	5.0653730222994335e-09	7.11926939304597e-08
844.1179077844464	-0.3592530083075189	712535.0422423912	0.1290627239780022	1149.9822298465715	-3.414083091445491	1322459.1289628928	11.655963355294	775.2099516563809	-0.6174132581662661	600950.4691470884	0.3811991313594844	825.4041980343737	794.6911102612399	0.927173	17.248207	0.0193922789172648	0.0100654523557835	-0.0007383931	0.0339221491	-0.180697472	-0.0535235451	0.0416127062	-0.1009467263	0.0769752219	0.0221519793	0.1094221739	-0.0200838729	0.063559132	-0.0326580513	0.031506332	-0.0686884614	0.0832899138	-0.0747940523	0.1869792724	0.1118859451	0.0168648911	-0.0447545337	-0.0247490659	-0.15956619	-0.0364100328	-0.0835269606	0.1444154389	-0.0158219885	0.1049240539	-0.0737502162	-0.009175991	0.0517489099	-0.0624476023	-0.1880891259	-0.0359260115	-0.1489203896	-0.0097597606	0.0304008845	-0.0096100501	0.0420185866	0.0193495881	0.0107275383	-0.0367243932	0.1974373371	0.006527366	0.0435182673	-0.1099151805	0.0197075916	-0.0043147021	-0.1638309145	-0.0216510095	-0.010111549	-0.0067113309	-0.0385847848	-0.0347544345	-0.0206319376	-0.048870661	-0.0380905487	0.0324531178	-0.0913030979	0.0612470088	0.0634704973	0.0721802121	0.1051716903	0.0099307745	-0.127714537	0.086189307	0.0841633962	0.0592763118	0.0044957622	-0.1174995261	-0.1006314013	-0.1019832393	0.0728537881	0.1346275757	0.0951660385	-0.0640484584	0.0621371482	-0.0702193281	0.0010289896	0.083183609	0.0670019822	0.1550715091	0.0789694614	0.0601798378	0.1101644207	-0.0951801893	0.112642308	0.0025978035	-0.0810650484	-0.1018402898	0.1000211764	-0.0236082184	0.0586058947	0.036202337	0.0574291208	-0.0702916192	-0.0920404093	0.1783948089	-0.0452165455	0.0267789056	0.0604372083	0.0583147517	0.0043485347	-0.0810217505	0.0568684135	-0.1142109271	0.1198053891	0.0322518466	0.0711208234	0.0272382809	0.0109893086	0.0951846205	-0.0771733869	-0.0665349349	0.1086513312	0.0742002911	0.0819641528	0.003019945	0.2038237902	0.0206256304	-0.1197804674	-0.0924170644	0.1127337382	-0.0691867191	-0.0954651279	0.029828771	0.0769710715	0.026561236	0.063080731	-0.0674542747	-0.1289999139	-0.0586099215	0.0234697874767846	-0.0017483339814248	3.056671710604694e-06	0.0005508309242054	-0.0439425088543146	0.0030782690857619	0.0019309440844115	9.475740564357996e-06	0.0702691567615048	0.000116485461298	1.3568862693830326e-08	0.0049377543919729	-0.0023710505701415	-2.4954889905900047e-05	6.22746530215592e-10	5.621880806168332e-06	-0.0008128608612796	-0.0001146729702171	6.607427798002131e-07	1.3149890098411912e-08	-0.0001174636429521	0.0001493559476525	2.2307199099206186e-08	1.3797707415578433e-08
844.4110338659763	0.2931260815298628	713029.9941146069	0.0859228996730518	1151.7145412669463	1.7323114203747991	1326446.3845657324	3.000902857160954	775.9264603222944	0.7165086659134658	602061.871828285	0.5133846683290946	825.8773589427402	797.4592572721921	0.97203	18.082668	0.0400371723739391	0.0223834972634173	0.0588704753	0.0719707328	-0.1091851429	-0.0614823732	0.0980511868	-0.0454880559	0.0764410809	0.0458228538	0.0095901284	0.0752155183	0.0900150987	0.0081938099	-0.0225479235	-0.0637718319	0.0249609268	0.0455065924	-0.1659410797	0.1780140897	0.0848942736	-0.0408073698	-0.0839400383	-0.0764667102	0.0616618962	-0.0614419766	0.1827083989	-0.0050519691	0.0921819905	0.06815504	0.0409115506	-0.0549246207	0.0130031208	-0.1152386597	0.0637515895	-0.1207795709	-0.1722577933	-0.0351307592	-0.2027704921	0.0815454402	0.1828788427	0.0326919271	0.0179071012	0.1272676557	0.0579713682	-0.146560883	0.1114551345	-0.0199988742	0.0914983001	-0.0616245676	0.2214597814	-0.0710878887	-0.0037511934	0.0727087658	-0.0338605336	0.1319417243	0.0283614999	0.0770331561	-0.0669186728	0.0027658708	-0.0482742478	0.0518278876	-0.0537411818	-0.0342261813	0.0822567791	-0.0555772841	-0.0094166526	0.0753188651	0.1158589811	-0.072624703	-0.0223327846	0.1301520409	-0.0480064274	0.0422619099	0.1185191978	0.2187365546	0.044401291	0.0871047981	-0.0334104241	-0.0466303004	-0.0336780863	0.0954911749	-0.1173988992	0.064421697	-0.0195710439	0.1251004851	0.0460054917	0.0109972949	0.16312331	0.1474427568	0.0737347945	0.1124130129	0.1692279939	0.1438463372	-0.1171493939	-0.0545560703	-0.0897756365	-0.0650724783	0.0460418552	0.0065901167	0.1246418087	0.0701076287	-0.0115953395	-0.1417042193	0.1245007991	0.0519128983	-0.1511394888	0.0150645066	0.0590362729	-0.0773818839	-0.0505941497	0.0695447593	0.1175611052	-0.0337058943	-0.0401433017	0.0513781568	0.0064899848	0.1307727865	0.0343314501	-0.0910290404	0.0574587603	-0.1062457591	0.0457028759	0.2573824862	0.0450821765	-0.0145188073	-0.0152951313	0.1567688439	0.1086452714	0.0601105761	-0.0731227308	-0.1282045865	-0.0462651033	0.02055529181915	-0.0029144956576345	8.494284938370935e-06	0.0004225200217704	-0.0505200400378669	-0.0065775311835522	0.0025522744454276	4.326391647060287e-05	0.0724820663009921	0.0022129095394873	4.896968629953899e-06	0.0052536499352614	-0.0021721936817436	0.0001988568883978	3.954406206329478e-08	4.718425391006817e-06	-0.0008039828874066	8.877973873000055e-06	6.463884832426537e-07	7.88184200896716e-11	-0.0004763735005465	-0.0003589098575944	1.2881628587843252e-07	2.2693171202292627e-07
844.9049473135118	0.4939134475355331	713864.3699948482	0.2439504936564358	1150.8955456690803	-0.8189955978659782	1324560.5570409305	0.6707537893238511	776.1380093199515	0.2115489976571325	602390.2095111371	0.0447529784097374	826.0812440601054	804.2118239160942	0.975635	18.149748	0.0505021623327723	0.0271883096100687	0.0820308153	0.0289822043	-0.0041167594	-0.0372778141	0.0756951585	0.1117061183	0.0591603579	0.0411928698	-0.055659014	0.0262549389	0.0087983402	0.0617067078	-0.0082226287	-0.1674065904	0.0259554911	0.008110368	-0.0746339369	0.0401948875	0.0158718094	0.1668491937	-0.0406909634	0.0508284111	0.0364026471	0.0315180383	-0.0001939436	-0.0880070805	-0.162607243	-0.0822555811	-0.0708039956	-0.0012919319	0.1117997995	-0.1519687836	0.2093800583	0.0090152373	0.0319499487	-0.0248848952	0.0836392205	-0.1104428839	-0.0521098378	-0.0696361486	-0.0258921211	-0.0231740316	0.0298518581	0.0096895549	0.1021971072	-0.1573016977	-0.0259067276	0.0954181662	-0.0280727725	0.0681392898	0.1740873791	-0.0809574047	-9.4339e-05	0.1169829293	-0.0689036154	-0.0830298986	0.2417079232	0.0039523666	-0.0904837671	0.1863064666	-0.0157107768	0.0714826501	0.0848463381	0.0291932124	-0.0422257694	0.0132297767	0.074835323	0.0209733878	0.0460741529	0.0642668246	-0.1513727892	0.0099779328	-0.0438925336	-0.1325265064	-0.0813721438	-0.1723917	0.0163983451	0.0081157988	-0.0310259279	0.0371034889	-0.1516124119	0.1404046894	-0.1118570133	0.0181818155	0.0348379068	-0.0623051953	0.0854710913	0.0857720594	0.0810882417	-0.1795767271	0.001443412	-0.1145413084	0.1287861068	-0.0282921113	-0.1218802026	-0.0975838648	-0.007998139	-0.1057261857	-0.0890303086	0.0104141809	0.1318165789	-0.0503787613	-0.00266193	0.0553105651	-0.0475060632	0.0099978431	0.0951691341	-0.0985436996	-0.1641246336	-0.0109800337	0.0622800734	0.019364162	0.0491729887	-0.0697271278	0.0854018274	0.1105768509	0.1468188614	-0.0799142385	0.1516758009	-0.0371146685	0.002684984	0.188257457	-0.1075832352	-0.101396628	-0.0343910952	0.0509630821	0.103542061	0.0570992244	-0.0785907625	-0.1266188352	-0.033413395	0.0286906320716866	0.0081353402525366	6.618376102454228e-05	0.0008231523686728	-0.0530345791701165	-0.0025145391322496	0.0028126665877513	6.322907047614588e-06	0.0806036322690033	0.0081215659680111	6.595983377275763e-05	0.0064969455349567	-0.0024000456521831	-0.0002278519704394	5.191652043316272e-08	5.7602191325630015e-06	-0.0008373772029968	-3.339431559019998e-05	7.01200580098744e-07	1.1151803137378735e-09	-0.0001030054469767	0.0003733680535698	1.3940370342650105e-07	1.0610122106869756e-08
845.3885408896327	0.4835935761209384	714681.7850675023	0.2338627468654379	1152.1303106921766	1.2347650230963154	1327404.2528156517	1.5246446622620444	776.1421811492875	0.0041718293359735	602396.6853591733	1.7404160008489912e-05	825.8895507152012	808.2369461357206	0.96973	18.039886	0.0296902028127711	0.0147489871739161	0.0808895378	-0.0807224613	0.114896635	-0.0377543149	0.0151341709	0.0822158331	0.0090332008	-0.0837593355	-0.1420406585	-0.0663189063	0.0231873201	0.0293473022	0.0013032123	-0.1829051018	0.0939072738	-0.2135978005	0.0774902918	-0.0786243693	-0.116544198	0.1162824022	0.0518998038	0.0999848145	0.0430563301	0.1274909838	0.1801463553	0.0696795857	-0.0174271421	-0.024050955	-0.0106422275	0.0254303654	0.0042457189	0.019425003	0.0293898791	0.0937523864	0.0935665026	-0.017375759	-0.1023385317	0.0732660964	0.0390719019	0.189128761	-0.0822067976	0.1562829731	0.0084051296	0.1357337461	0.0907254461	0.0217350636	-0.0820460195	0.1975156912	-0.2051956782	0.0635814405	0.011895043	0.1060487767	0.1333073374	-0.0095686203	0.1365738003	-0.1685136353	0.078357167	-0.0551072237	-0.073378964	0.0043346047	-0.1150236926	-0.0483856674	0.0093420262	0.1054525973	-0.0711894135	0.00678204	0.0969575065	0.0184906567	0.0740537181	-0.1394665396	-0.0297781642	0.1387179356	0.0281845177	-0.0379657848	0.0314447174	0.0355444582	0.0291782831	-0.0924833004	-0.0793000174	-0.0286675716	-0.015077733	0.0726169282	-0.0271468578	-0.2134820868	-0.1004236658	-0.1567322766	-0.0022082031	-0.0519607498	-0.1597435415	-0.1892059503	0.0483378923	0.0073058648	0.0663031514	0.0037021954	0.0169171515	-0.0555996334	-0.0201245307	-0.2749042349	0.1252456635	0.2069046196	0.0700048085	0.0144365824	0.0422901886	0.0846255466	0.0245852155	0.0138200539	0.0682832876	-0.1434749215	-0.174543602	-0.0517027788	0.0323561574	0.0035661382	-0.0433616418	0.0057692917	0.0800176422	-0.052982776	0.176727054	0.041844051	-0.0952077348	0.0854668905	-0.0881285668	0.173974727	-0.0481906746	0.0553299651	0.0366417311	-0.0605006105	0.1590674503	0.0540487397	-0.0838433825	-0.1242524367	-0.0201956026	0.0303847288419945	0.0016940967703079	2.869963867167657e-06	0.0009232317468015	-0.059056606428669	-0.0060220272585524	0.0034876827628707	3.626481230274931e-05	0.0701615471975287	-0.0104420850714745	0.0001090371406399	0.004922642705151	-0.0023040287416791	9.601691050399988e-05	9.21924710273312e-09	5.308548442483377e-06	-0.0007319164923309	0.0001054607106658	5.357017517459684e-07	1.1121961494156668e-08	-7.384319389787679e-05	2.916225307882321e-05	8.50437004633334e-10	5.452817285039428e-09
843.6280632984186	-1.7604775912141122	711708.3091846406	3.099281349167043	1154.419778843652	2.289468151475376	1332685.0257854264	5.241664416620074	775.7158370544703	-0.4263440948171819	601735.0598571175	0.1817692871854822	826.5712729931113	798.8495548084592	0.953437	17.736794	0.0048684769399617	0.0029532965738469	-0.0320780677	-0.148296048	0.1215911946	-0.0390513808	0.0860848732	0.0149345963	-0.0613053284	-0.1378301618	-0.087107732	0.0981966587	-0.0747183671	0.0307557638	-0.0645645952	-0.0069356603	0.0312667817	-0.1911716883	0.1019673534	0.061708055	-0.0557240384	-0.0364645776	0.0849020899	-0.0164851155	0.0883824646	0.0271390595	0.150712085	0.0143900204	0.0900715679	0.0375694197	-0.0291784505	-0.1042880664	0.1951605854	-0.0232022859	0.2191093291	0.0626441662	-0.0010267014	-0.04763524	-0.0409290267	-0.0531079572	0.0556054115	0.0738678015	-0.1800951409	0.0457841018	0.0408198391	-0.0089603876	0.006681431	0.1373715095	-0.0817848693	0.0208374139	0.021448727	-0.0614553691	0.1235346038	0.1516496647	-0.036699159	0.0013649467	-0.0081253339	-0.0139168063	-0.0551120552	0.1012604582	-0.0066382686	0.1829079493	0.0016384394	0.0947993935	-0.0773576856	0.047795717	-0.1038961611	-0.0274766024	0.0733551777	-0.097662918	0.1031477673	-0.0336942426	0.0435806591	0.1079869778	0.1496264217	0.0426907071	0.0093629768	0.1112043016	0.1132926657	-0.0438510177	0.0003468074	0.096822052	-0.149263729	0.1787035342	0.0667790519	0.0205346376	0.0036283251	-0.1586422228	-0.0465703662	-0.0385215816	-0.1043545954	-0.0560724281	0.1109028766	-0.1115759657	0.081363509	-0.1984754889	-0.0703823822	-0.0220996834	0.1716875729	-0.0239087369	0.0507716419	-0.0881328922	-0.0578067781	0.0512914291	0.0415648624	0.0987085954	0.0892774656	0.0622809473	0.0325544676	-0.1210650868	-0.1608381887	-0.0435948125	0.0356399878	0.0002029074	-0.1101647778	0.0338329723	-0.0047948006	-0.0085254461	0.0197499925	-0.0355904546	-0.1566524226	-0.0556849359	-0.0134648481	0.144976353	0.0613769273	-0.0456919247	-0.0739724629	-0.0263421296	0.1367926861	0.0509612127	-0.0888661936	-0.1211199807	-0.0067565429	0.0286358193088744	-0.0017489095331201	3.0586845550383664e-06	0.0008200101474905	-0.057076440043474	0.0019801663851949	0.0032577200080362	3.92105891305623e-06	0.0702003796810188	3.883248349009771e-05	1.5079617740087115e-09	0.0049280933073591	-0.0023030413120178	9.874296613000648e-07	9.750173360151606e-13	5.30399928486067e-06	-0.0007318921868153	2.4305515599959068e-08	5.35666173121282e-07	5.907580885798538e-16	-9.484282948410698e-05	-2.0999635586230192e-05	4.4098469475446543e-10	8.995162304551392e-09
842.4807977985664	-1.1472654998522105	709773.894659309	1.316218127151142	1151.634990863734	-2.7847879799180646	1326263.152181713	7.755044093096135	775.6684108728513	-0.0474261816190164	601661.4836260144	0.0022492427029599	825.9928182516553	787.1308082015058	0.980406	18.238487	0.0474695872730852	0.027091395319578	-0.1510209834	-0.0983771061	0.0159659675	-0.0659120361	-0.0336931983	0.0774096849	-0.0803923665	-0.09224047	0.060047883	0.1434510569	0.040550534	0.1357483432	0.1219620193	0.0390597042	-0.1439217266	-0.0876874176	-0.0355384841	-0.0357311569	-0.0414352749	0.0899052576	0.1075784579	-0.0644129024	0.119786507	-0.0381869312	0.0507024642	0.0234957026	-0.1196177212	0.1352657463	0.0186231394	0.0366756908	0.0121060657	0.0382450678	0.0047817126	0.110999053	-0.2530851442	-0.074140891	-0.0275068954	-0.1023567891	0.0280445276	-0.0699661695	0.0488354986	-0.0722326893	-0.1825375556	0.066846527	0.0518634467	-0.0607014431	0.0117216563	0.0637531043	-0.1152984483	-0.0536257703	0.0199770619	0.0732990955	-0.0181605818	-0.0961901478	0.0131396678	0.014521593	-0.1246978499	0.1041262451	0.1098623238	0.0672504358	-0.1454357854	0.0914515708	-0.1511216996	-0.0139091051	-0.0406039372	-0.0517157915	0.1331994213	-0.0684200099	-0.0212001234	0.1296504912	0.139880825	0.1170983186	-0.0418757849	0.0488184128	0.0088616636	0.0327198158	-0.0686505822	0.1237458497	-0.067703521	0.1130873461	0.0618081988	0.0024006885	-0.2231375339	-0.0949412333	0.1347887273	-0.0192852809	-0.0123393767	0.0417306049	-0.0113968389	-0.0596606722	0.0785342035	-0.1233869889	0.0483641646	-0.1096987103	0.0487789574	0.0442087023	0.0051382127	-0.0051268776	0.1144691875	-0.227896177	-0.1033729266	0.0238620165	-0.0346601418	0.1249803158	0.0802228791	0.1160349954	0.0263496618	-0.0910317895	-0.095821123	0.0647500345	0.0905047975	-0.0244105575	0.0051486696	-0.1293680775	-0.0184644036	0.0299335651	0.0336855881	-0.1626638242	-0.0551830501	-0.0786293564	-0.0901847654	-0.1490438732	-0.0223987724	0.0241946595	-0.1211401841	-0.0169350772	0.2237742711	0.0478387595	-0.0936454286	-0.1172407796	0.0067565429	0.0249845922898401	-0.0036512270190343	1.3331458744526114e-05	0.0006242298518895	-0.0533715516679791	0.0037048883754949	0.0028485225274477	1.3726197874877256e-05	0.0700718340234374	-0.0001285456575813	1.6523986083034486e-08	0.0049100619234081	-0.0023752610218245	-7.221970980670006e-05	5.2156864845639705e-09	5.641864921798768e-06	-0.00107693379558	-0.0003450416087647	1.1597864000623451e-06	1.1905371177893233e-07	-0.0004772800353322	-0.000382437205848	1.462582164168967e-07	2.277962321267061e-07
843.9409666365201	1.460168837953688	712236.3551673839	2.132093035331024	1150.0520325235018	-1.5829583402321532	1322619.6775114376	2.5057571069105333	776.1287244704054	0.4603135975540908	602375.7969480584	0.2118886080931895	826.2796469565043	792.5110484794151	1.024733	19.063103	0.0605067117474839	0.0271827767770374	-0.054778198	0.0090884186	-0.1221996199	-0.0815250344	-0.1356466505	0.0780110599	0.029787306	-0.0078849662	0.1706071777	0.0448599069	0.0308635875	-0.0075939096	0.0254647608	-0.0925585205	-0.0830421868	-0.0821302359	0.0138554535	-0.1166013488	0.0425258214	0.0101856225	-0.0146280211	-0.0383225496	-0.0871422268	-0.1882879076	0.0956104745	-0.0017212389	0.0095661541	-0.0015818961	-0.0851261057	-0.1268585401	-0.0243430757	-0.0559588943	-0.1362596781	0.1451479511	0.0754646192	-0.0464916955	0.0010727785	0.0738858599	-0.1628651149	0.0456352247	-0.0665471028	0.1136968139	-0.1338693798	0.1591275216	0.0178882835	-0.1926974666	0.0939811323	-0.1418406642	-0.1034997056	-0.0070160087	0.0671007527	0.0155507888	0.0086616918	-0.1695207429	-0.1001443492	0.0296366983	-0.0788191845	0.0546640067	0.0921261536	-0.0047141476	0.0957553026	-0.0522993895	-0.0536879547	-0.156640676	0.0383989514	0.0482119508	0.049689299	-0.0263818063	0.0619806866	-0.047830054	-0.0012140064	0.1491941842	0.05070245	-0.119575739	-0.1016376299	0.0199235192	-0.0123578916	0.1219279456	-0.0413740612	0.029202779	0.1099298284	-0.1096932502	-0.0866868594	-0.1065576975	-0.2120073041	0.0331104959	-0.0109260015	-0.0785291631	0.0490120502	-0.0359085583	0.1142205632	0.2332311603	-0.007555443	-0.0236391993	0.0024046653	0.1885294319	0.1227974535	0.2204926394	-0.1216669267	-0.08154621	0.0597748379	0.0459533158	0.0154378009	0.1395306777	0.054269641	0.0588864331	0.0687493222	0.0732228513	-0.0648220866	0.134681148	0.0853994137	0.0162017011	-0.017746171	-0.0462033965	0.0556047178	0.0299389969	0.0202178161	0.0149570252	-0.055564042	-0.0062935776	-0.0857598011	-0.019557451	-0.0696344143	0.1459084736	0.1126737433	-0.0903790431	0.0344585264	0.0446835199	-0.098167988	-0.1126387502	0.0201956026	0.0354924164201975	0.0105078241303574	0.0001104143679545	0.0012597116233447	-0.0604116477887686	-0.0070400961207894	0.0036495671885542	4.956295338995535e-05	0.0794160251150444	0.009344191091607	8.731390715646764e-05	0.0063069050450733	-0.0023100855254541	6.517549637040029e-05	4.247845327128062e-09	5.336495134912545e-06	-0.0007312520772888	0.0003456817182912	5.347296005391851e-07	1.194958503607566e-07	-0.0002158452418992	0.000261434793433	6.83481512173554e-08	4.658916845052416e-08
844.6847169641997	0.7437503276795496	713492.27107289	0.5531645499234374	1152.6748751736018	2.622842650099983	1328659.3678564786	6.879303567183502	776.8795532541177	0.7508287837123362	603541.8402643175	0.5637438624509461	827.2261387289773	799.0939543120107	0.988161	18.382763	0.0180638574348852	0.0090125071892805	0.0841287355	0.02951773	-0.0487598343	-0.0308331907	-0.0351301009	-0.0187428955	0.1307985605	-0.0116698376	-0.0008396747	0.0613511159	-0.0562799975	-0.1021953618	-0.0189611558	-0.0121741639	-0.1448383211	0.0473772683	0.1098067723	0.0153365232	0.0925174236	0.0097129178	-0.0944564097	0.0668636354	0.1053444265	-0.0256132557	-0.0339888889	-0.0016996102	-0.0472618196	-0.0063846386	-0.0242087761	0.0693353976	-0.1210450922	-0.0905458277	-0.1057777143	-0.1689133437	0.1133036226	0.0494652028	-0.1178816928	0.1038600888	0.0282748312	0.045564095	-0.0585694865	0.0438398536	-0.0757778503	0.1368997869	0.031299921	0.1642411571	-0.1204909944	-0.0834307504	-0.0538817969	-0.0343898497	0.1925101437	-0.0473712246	0.0588512571	0.1196794738	-0.034048115	-0.0554221773	-0.1179464864	0.0461037729	0.042904178	-0.022409359	-0.0103191842	-0.0119554853	0.0943471231	-0.1109328386	-0.0487093714	-0.0774517666	-0.0447898123	-0.0450246539	0.1059322021	0.0142000574	-0.0903230131	-0.0587295405	0.1058699515	0.1635135278	0.0584340617	-0.057546408	-0.0260119936	-0.1325520124	0.0399903205	-0.0575735785	0.1053569348	-0.0803840116	0.0370304799	-0.0277319393	-0.151352038	-0.0621594038	-0.1187679077	-0.0437152949	-0.1112163043	-0.0428458056	0.0126184405	0.1782481192	-0.0222265633	0.0037924008	0.0240964611	-0.1033072528	-0.0031477655	-0.007804489	0.0601520388	-0.1334394787	0.0360072238	-0.1114080926	0.0234405474	0.1193855555	0.0190981116	-0.0509550153	0.0745521118	0.1079591828	-0.1417814541	0.0055326374	0.1164694613	-0.0354099733	-0.0350614312	-0.0662312889	-0.0885887657	0.0853374983	-0.0922117537	-0.0508980609	-0.0830263901	-0.0369195989	0.0112369492	0.0992824942	0.1269148519	0.0602459047	-0.0303978044	-0.038528721	0.0577468753	0.0414976565	-0.1024214758	-0.1073422654	0.033413395	0.0340350274180849	-0.0014573890021125	2.123982703478755e-06	0.0011583830913497	-0.0549564018617019	0.0054552459270666	0.0030202061055848	2.9759708124777803e-05	0.0728174293503585	-0.0065985957646859	4.354146606573084e-05	0.0053023780171944	-0.0023890858471413	-7.900032168719996e-05	6.241050826681076e-09	5.707731185010862e-06	-0.0007312288343555	2.324293329992403e-08	5.346956081929034e-07	5.4023394838471735e-16	-0.0002278742120991	-1.202897019990002e-05	1.4469612407008274e-10	5.1926656539785624e-08
843.0751319423754	-1.609585021824273	710775.6780996537	2.5907639424810456	1151.27239261614	-1.4024825574617807	1325428.1220000917	1.966957323984537	775.8078362264057	-1.0717170277119976	601877.7987502975	1.1485773874878389	826.0311322378749	798.2012281430248	0.968797	18.022524	0.0210872095869668	0.0119827925030543	0.067762567	0.059676509	0.0810044586	0.0176673062	-0.0644142311	0.1206943644	0.0752866516	-0.0126069499	-0.1127471457	0.1063484222	-0.1574106981	0.0399823196	0.0495032625	-0.0808319844	-0.0925685472	0.0285519798	0.0656296651	-0.0549267051	0.0236629683	0.0333484552	-0.0288962012	0.0428699047	0.2065399391	-0.0705002507	0.0027022093	0.0014520375	0.05513281	-0.1634021613	-0.0568131808	0.0029205812	-0.0140518523	-0.0036798308	-0.2631284851	0.0508005515	0.0239341573	-0.2073673953	-0.1396495034	-0.0265239427	-0.0315141052	-0.0315391685	-0.0507237674	0.0825263114	-0.0390401559	-0.0333368884	-0.050895031	-0.0230791659	0.0430358586	-0.0701707002	-0.0253351418	-0.0314977556	-0.0879809993	-0.0928719523	0.0836499668	-0.0083393157	-0.0727041622	-0.0151332352	-0.0443454182	0.0812707907	-0.1345195915	-0.1125802933	-0.0165979642	0.0950114108	0.0869926939	-0.0262510346	-0.1030653087	-0.164338624	0.0341009021	-0.0011469827	-0.0580616534	-0.0032872294	-0.1383028868	0.0473805055	0.0571956416	0.0488418435	-0.0580769992	0.0959913223	-0.0445169563	0.1677336127	-0.0027950012	-0.1000145237	-0.0204545811	-0.146805671	-0.030595242	0.0068021495	-0.1516124439	0.1068611396	0.1176575087	0.0018981579	0.0230933167	0.001561548	0.0085982475	0.1938255587	0.1036439416	0.0438617569	0.0438645984	0.0747734661	-0.132579351	-0.0633256057	-0.002508474	-0.1177481367	-0.1608104503	-0.0394824784	-0.0477292546	0.0943983421	0.0582295257	-0.0323450692	0.1114909806	0.0979684019	-0.1490554779	-0.1024846795	-0.0026066037	-0.0772140805	0.0737357598	-0.1281511522	0.0783773283	0.033918734	-0.0461129556	0.0281360063	0.0825068064	-0.013575635	-0.0872721412	-0.0329340071	0.0404027049	-0.0182489163	0.0337258783	-0.0498687458	0.0496368012	0.0382833527	-0.1063942335	-0.1013839798	0.0462651033	0.0343004413401644	0.0002654139220794	7.044455003362034e-08	0.00117652027613	-0.0619958934212974	-0.0070394915595955	0.0038434908011048	4.955444141761634e-05	0.0815287188727253	0.0087112895223668	7.588656514249759e-05	0.0066469320010278	-0.0024080901907467	-1.9004343605400192e-05	3.6116507587211517e-10	5.798898366770478e-06	-0.0008037383229146	-7.250948855909998e-05	6.459952917215738e-07	5.25762593110225e-09	-0.0002179677526051	9.906459494000017e-06	9.813793970626303e-11	4.750994117571808e-08
842.8700585225149	-0.2050734198604686	710429.9355537477	0.042055107533268	1147.867009304799	-3.405383311340984	1317598.6710503434	11.596635497159683	775.581381032323	-0.2264551940827459	601526.4786040053	0.0512819549270541	825.560630794587	791.6169339590482	0.986285	18.347862	0.0361955463547481	0.0187147506836908	-0.0475653665	-0.0206634077	0.1240646341	0.0236752093	0.0140501647	0.130636676	-0.0916431317	-0.0116851172	-0.0638837042	-0.0042650003	-0.1252115392	0.0547579175	0.0704564939	-0.0842733598	-0.0461942746	-0.0613924872	0.2196534562	-0.0688572812	0.0223164094	0.1208990279	0.0774396906	-0.0025909869	0.061472402	-0.0134020379	0.0089491976	-0.0476386473	0.0414820748	0.015501924	-0.1325088359	0.1157982662	0.0528106341	0.0343320852	-0.0128482057	0.0392137358	0.0805871576	0.054963281	-0.1117891302	0.0787129449	-0.0164560514	-0.0940864434	-0.0801558586	-0.0982947851	0.0630731347	-0.0747481514	-0.0581740638	0.0727597465	-0.0344758406	0.1219987244	-0.1387129682	0.007555967	0.0788863269	0.0356045674	0.0458417584	-0.1817661228	0.0266948696	0.1683220949	-0.0754016921	-0.0046666049	0.0866149007	-0.3229091138	0.1106644837	-0.1876576265	-0.0348712028	0.080438395	0.0098470822	-0.0915367018	0.0687081033	-0.0852687004	0.0352703222	-0.1940200317	-0.0965448203	-0.091397255	0.1464909134	-0.0373533934	0.0355382472	0.0256468925	0.0946617375	-0.0205022387	0.0161380509	-0.0276480238	0.0115760012	0.1261555786	-0.0075961191	-0.004322141	-0.0341225806	-0.0611006118	-0.0319552843	-0.1487741487	-0.0569192174	-0.0372240588	-0.0067321737	0.021294164	-0.1379661035	0.0966118774	0.257044798	0.1081344192	-0.1217090475	0.0905384015	-0.1614086834	-0.1446927469	-0.0633090031	0.037363493	0.1261608037	0.1129646321	0.1161511442	0.0680312986	0.0794489415	0.0542178146	-0.1111009508	-0.1599584737	-0.0183030131	-0.1503802604	-0.0174831394	0.0611242251	0.0460066538	-0.0121356728	0.0653362005	0.0122594675	-0.1530768671	0.0265857235	-0.0238174661	-0.0722573434	0.1076042635	0.008543682	-0.0516520153	-0.0561185768	-0.0999072489	0.0350428114	-0.1100753719	-0.0948006283	0.0586099215	0.0345766334586983	0.0002761921185338	7.628208634024358e-08	0.0011955435813371	-0.0529743322634459	0.0090215611578515	0.0028062798787579	8.13885657248549e-05	0.0758358601690218	-0.0056928587037034	3.240864022033262e-05	0.0057510776875754	-0.0024704772349794	-6.238704423270009e-05	3.892143288092877e-09	6.103257768551462e-06	-0.0007320902339102	7.164808900439999e-05	5.359561105866914e-07	5.133448657982423e-09	7.209580165098485e-05	0.000290063554256	8.413686550767267e-08	5.1978046156981495e-09
843.0908778692362	0.2208193467213277	710802.2283463194	0.0487611838864339	1149.2882566617022	1.421247356903223	1320863.496900495	2.0199440495043963	775.6501752940475	0.0687942617245198	601633.1944336866	0.0047326504462217	825.4392435962322	785.6723309282519	1.002697	18.653172	0.0340011180340228	0.0191477293669069	-0.1324472738	-0.0836423234	0.0009707366	-0.0743606167	-0.0329192629	0.053564891	-0.1285770047	-0.0476966507	0.0672556162	-0.0059038257	-0.0001305478	0.0226761992	0.1943446316	0.0686274	-0.0629593206	0.0753167398	0.0366201213	0.1132943269	-0.0103551186	0.0186613308	0.2058982066	0.0965532454	-0.0290694522	-0.1087197075	0.0078425514	-0.0809942871	-0.0348285598	-0.082295868	-0.0191100951	0.0816787313	0.1257107962	0.0338876322	0.0294132275	-0.1445387927	-0.0615285979	-0.076133846	0.1232171762	0.1370656815	0.0380442426	-0.1595268137	0.1558823622	-0.0189863783	0.018246789	-0.0289352357	-0.0897212993	-0.1463746074	0.1244739743	0.1025658675	0.0364130659	0.0301566865	-0.1950947496	-0.0046426147	0.0849578014	-0.075991367	0.1616874804	-0.0331350677	0.0165543628	-0.0773684027	-0.0175746413	0.0813476827	-0.0619961784	0.140286128	-0.1801528503	0.0101696864	-0.0007179605	-0.0609733729	0.0085516598	0.1393247483	-0.0721394366	0.0180737538	-0.0118632801	-0.0515096231	-0.0178577808	-0.0108687872	-0.0121626646	-0.0671794587	0.2188674791	0.1255934556	0.0324688067	0.1001899441	0.0934950078	0.0303960586	-0.0736251038	-0.085872623	0.0433160817	0.0870207677	0.2677228589	0.1999487814	0.0843848348	0.0006266341	-0.117734448	-0.0904867382	-0.1199357295	0.0628199311	0.0064056089	-0.1135390041	-0.1110152608	0.0380724484	0.1484379658	-0.0399089514	0.0542141462	0.0514495823	0.0031950826	0.1098944285	0.0945588204	0.1162043827	0.0782556621	0.071785466	0.0518939258	-0.0790740951	-0.010807867	-0.044969177	0.0199439864	-0.1089195319	-0.0198186395	-0.0614781194	-0.0202916591	-0.1657991107	-0.0462558931	-0.0885580946	-0.040236684	-0.1081019102	0.1006994124	0.1032313324	-0.0350730784	-0.0321075062	-0.187150276	0.0317782535	-0.1134548014	-0.0876327994	0.0703125971	0.037677879637286	0.0031012461785877	9.617727860204826e-06	0.0014196226139618	-0.066403416533916	-0.01342908427047	0.0044094137273767	0.0001803403043433	0.0867320967568261	0.0108962365878042	0.0001187279717774	0.0075224566078354	-0.0025739666902442	-0.0001034894552647	1.0710067351005005e-08	6.625304522486681e-06	-0.0007321300279017	-3.9793991500006877e-08	5.360143777553441e-07	1.583561759502619e-15	0.0001000575723379	2.796177068691515e-05	7.818606199476274e-10	1.001151778215409e-08
844.2326700111536	1.1417921419173354	712728.8011141613	1.3036892953441763	1150.0467381988842	0.7584815371819786	1322607.500041893	0.5752942422459373	776.1973597171204	0.547184423072963	602482.3412318289	0.2994107928536914	825.6440622805376	799.2174398176692	0.989714	18.411644	0.0465931279608275	0.0219849358097296	-0.014311656	-0.0644813384	-0.1211582727	-0.0801221237	-0.0749310039	0.096256792	0.0253134177	-0.0274782864	0.1450440628	0.0151285594	-0.0404908785	0.0469327214	-0.027229149	0.0441652288	0.1773149489	0.0905458939	-0.0387157173	-0.1182303373	-0.0657190693	-0.064822838	0.0605191669	0.0119723464	-0.050902161	-0.1626817126	-0.0371194947	0.0348772547	-0.0695893002	-0.1265086913	0.0336994244	-0.1078743134	-0.0650016222	0.0252537962	0.1325148955	-0.0328665967	0.0170918881	0.0872514411	0.0248499529	-0.0423564329	-0.012187365	-0.1407855472	0.1093202084	0.21992524	-0.1085286189	-0.077798901	0.0314182634	0.0999772107	0.1001145719	-0.0259262252	-0.0055909268	-0.0889640882	0.0888754973	-0.0495487392	-0.0203186682	-0.1287523711	-0.061103825	0.0281954018	-0.0179569047	-0.0251992486	-0.1380841964	-0.0339469785	0.0227590322	-0.0142986349	-0.0777551501	-0.1284412629	0.0231278711	0.0313657132	-0.0238548724	0.1130842298	-0.0471428537	-0.0287310421	-0.0901456613	0.0444059379	-0.1138364778	-0.0663574414	-0.030475672	-0.1351662105	0.0661795844	0.0506612348	-0.0105833301	-0.1065085897	-0.0347304618	-0.0602591219	-0.0500296676	0.1203884606	0.1446584023	0.0065438263	-0.0929675957	-0.064018567	-0.0825722961	0.0628800145	0.0027272022	0.239013191	-0.1051760538	-0.1203766272	-0.0249415112	-0.0283588984	0.0026272019	-0.0258934544	0.2007987821	-0.1608446074	0.0161244113	0.07901245	-0.0406679771	0.1141960118	0.018271912	0.0597876774	0.1637279294	0.1343201218	0.1222916596	-0.0065429588	0.0257924051	-0.0553059363	-0.0508040085	-0.1398743233	0.0639968686	-0.1628131358	0.0690938764	-0.0155290858	0.0177153526	0.0094970035	-0.0434356641	-0.05205042	0.0330801892	0.0880017974	0.1029059629	-0.0424173717	-0.1967895179	0.0284919163	-0.1165232592	-0.0799246852	0.0812449131	0.0452846528415165	0.0076067732042304	5.786299858059911e-05	0.0020506997829766	-0.0612718206241567	0.0051315959097592	0.0037542360025988	2.633327658105836e-05	0.0850727238771611	-0.0016593728796649	2.7535183537677138e-06	0.0072373683478796	-0.0027680190800495	-0.0001940523898053	3.7656329989148154e-08	7.66192962751808e-06	-0.001055966320631	-0.0003238362927293	1.115064870306972e-06	1.0486994448865689e-07	-2.5961464470955747e-05	-0.0001260190368088	1.5880797638231742e-08	6.739976374766974e-10
843.0537965058592	-1.1788735052944048	710739.7038029426	1.3897427414851171	1149.614732841307	-0.4320053575772817	1321614.0339657897	0.186628628975475	775.8982992270558	-0.2990604900646758	602018.1707434377	0.089437176717724	825.4354586322145	790.6436995567054	0.971946	18.081121	0.0274554660116541	0.0147499707709844	0.0019835637	-0.0054541244	-0.1218227094	-0.1184662118	-0.0587757677	-0.051304569	0.1023748731	0.022220611	0.097033362	0.0665599986	0.0634101767	0.0019773713	-0.0108991243	-0.0646340633	-0.0143548499	0.0429194805	0.1186237322	0.0689085082	-0.0853278388	-0.0009143407	-0.043150192	-0.0364084336	-0.1264010891	-0.1808031984	0.027247383	0.0350642288	0.2241396874	-0.1081369518	0.1146985864	0.14001341	-0.0146656104	-0.0239524307	-0.0060864631	0.0331314831	0.0864039544	-0.058055559	0.1416903777	-0.0750579631	-0.0432255156	0.0056273834	0.1074397794	-0.0242438628	-0.0225092509	-0.0763738229	0.0543750615	-0.0163354355	0.0545366198	0.0988574806	-0.0566686363	-0.1266052995	0.0664366169	0.0200646236	-0.0898265171	0.0733303298	0.134234358	-0.0089589142	-0.0003630283	-0.0864535541	0.0166626021	-0.1368201574	-0.1444651073	0.1098186653	0.019530207	-0.1494252841	0.0611049017	0.1306701741	-0.0231554935	0.0164708635	-0.049293466	-0.1542256371	-0.0647431754	0.0163600065	0.0325735759	0.0481466705	-0.0296181536	0.1662888462	0.0449557911	0.0883126241	0.0179093069	-0.1638754755	0.1255997715	0.0014612616	-0.0293571375	0.0042677157	0.1515797846	0.024468826	0.157506452	-0.0667416818	0.0828741771	-0.0753478944	-0.0121875564	-0.0899598491	-0.0112317062	-0.0104279836	-0.0258240814	-0.0568383417	-0.0422073316	-0.0033650708	-0.0684003716	-0.0084762048	-0.2118933882	-0.1277694972	-0.0336225347	0.0813206646	-0.0516712245	0.0319274474	0.1942351696	0.1399313647	0.1280120083	-0.0170550303	0.0506029667	-0.0105069261	-0.0698369953	0.0639036238	0.0606559994	-0.0967688303	-0.0758325504	0.026602151	-0.123579694	-0.046851446	-0.0071470576	-0.0734755218	0.1065966556	-0.096493847	0.1096276236	0.0050899092	-0.1155919156	0.0251860523	-0.1192723348	-0.0717238087	0.0912870929	0.0424147696469532	-0.0028698831945632	8.23622955043685e-06	0.0017990126842041	-0.0743553539219448	-0.013083533297788	0.0055287186568576	0.0001711788435543	0.0826759357439712	-0.0023967881331899	5.744593355399928e-06	0.0068353103511412	-0.0027319900087652	3.60290712843e-05	1.2980939776091707e-09	7.463769407992878e-06	-0.0009620374494243	9.392887120670006e-05	9.255160540948124e-07	8.822632846164847e-09	2.6185820760301053e-05	5.21472852312568e-05	2.719339356990053e-09	6.856972088906135e-10
843.6735933548488	0.6197968489896084	711785.1321242828	0.3841481340174474	1148.2632345971765	-1.3514982441304255	1318508.4559275704	1.8265475038876235	776.7243063341009	0.8260071070451431	603300.6480501902	0.6822877408890865	826.0882862877271	796.1014387480459	1.026848	19.102451	0.0317706777204302	0.01531967286965	0.063633832	0.0899907998	-0.0275857501	-0.1214041347	-0.0216850971	0.0737327737	0.0608275706	0.0686683225	0.0025619852	0.0511484306	-0.0472718609	-0.1498919282	0.0427277825	-0.1406841555	-0.0098078397	0.1395550286	-0.010167237	-0.0746261727	-0.0711401897	0.0260002596	-0.0567426322	0.138872278	0.0786256242	-0.102029528	-0.0431541172	-0.0977253994	-0.1262084983	-0.0781029249	0.047908048	0.0387768412	0.0564611385	-0.0099296128	-0.0112977527	-0.008093332	-0.0134966887	-0.0803738972	0.1518911133	0.205042331	0.096156511	0.0752640627	-0.0654410152	-0.0920151613	-0.0365077775	0.0665658493	0.0024628241	0.111187127	0.0193582733	0.1018172408	-0.0915668608	-0.0620768796	-0.025180693	0.0684303188	-0.0551009797	0.1219323012	-0.1171641215	0.1755849012	-0.0241222781	0.0542249857	-0.113641854	-0.1689935413	-0.0171391105	0.0221217218	0.078625714	-0.0683513136	-0.0192610643	-0.0626316915	-0.0078018444	0.016123467	0.0439123004	0.1325383925	-0.1837518791	-0.1345135305	-0.0418690221	-0.0158218725	0.1325379131	-0.082284282	0.0147845257	0.0801253598	0.1214156736	-0.0542058053	0.012358801	0.0298436816	0.0162344713	-0.2677155871	-0.0024788242	-0.0362855792	0.1076205974	-0.2642667242	0.0009951001	-0.0302837898	0.0559404286	-0.0429793514	0.0237595244	-0.0688995079	-0.0551555318	0.0186054047	-0.0971087226	-0.0613926845	-0.0769736882	0.0165880364	0.0520733576	-0.1041530222	0.1373069265	0.0342845897	-0.0781186323	-0.0847530585	0.2297350527	0.0953215269	0.0295897298	-0.0714472066	-0.0085524496	-0.1577270304	0.0268719419	-0.0733432614	-0.0185963786	-0.0168104773	0.0992649689	-0.1875327536	-0.0652031633	0.0668687803	0.1812055518	-0.0237331905	0.0646799063	-0.0402852108	0.1602360409	-0.0904613714	-0.1559804509	0.0218629269	-0.1216944932	-0.063080731	0.1003291122	0.0425962813949496	0.0001815117479964	3.2946514660709774e-08	0.0018144431886777	-0.0679492306528857	0.006406123269059	0.004617097946319	4.1038415338380377e-05	0.0913914005014078	0.0087154647574366	7.595932593811951e-05	0.0083523880856087	-0.0028899510133303	-0.000157961004565	2.495167896321551e-08	8.351816859448828e-06	-0.0010606458104744	-9.860836105010012e-05	1.124969535276897e-06	9.7236088689869e-09	9.896801406386383e-05	7.278219330356278e-05	5.297247662077179e-09	9.794667807745151e-09
844.6399754137169	0.9663820588681348	713416.6880668843	0.933894283702215	1150.9687883317677	2.705553734591149	1324729.1517138977	7.320021010760113	776.6658539582422	-0.0584523758586783	603209.8487046857	0.0034166802435242	826.1095554635141	799.6540895891128	1.218429	22.666428	0.0961914272820097	0.0481364557766607	0.0388744988	-0.042501265	0.0960457822	0.0057388075	0.036061913	0.0882182906	-0.049190785	-0.0458318783	-0.0287740112	-0.2142955777	-0.2035903499	-0.0472259949	-0.0047204176	-0.0409357138	0.0153934358	0.1469763829	-0.0865809191	0.0380006308	-0.3180964278	0.1020696461	0.018507859	0.1733264233	-0.0036286233	0.0653554769	-0.2390940232	-0.1279048334	0.0210361603	-0.1920050666	-0.078243182	0.1123074108	-0.0799413719	0.1324591952	0.1684445112	-0.0659496596	0.1101009366	0.2294269699	-0.1853616161	-0.012888096	-0.1870996274	0.0371027368	0.0329821192	-0.0050232632	-0.0687815752	0.0613034563	0.0508618822	-0.0097420958	0.1344185251	-0.0234194156	0.1267250271	-0.0538694656	-0.0255450359	0.0748673583	0.1334802536	-0.0151002076	-0.103555345	0.0396011739	0.1476238049	-0.0506744637	0.0460075446	-0.0126136657	-0.1374965587	-0.120483119	0.0066979598	0.0852701151	0.0616472271	-0.1784322834	-0.2890413392	0.1574229107	-0.0110251113	-0.1339470724	-0.2519510204	-0.062628433	-0.1066887285	-0.0346567424	-0.2611869606	-0.0479678518	0.0708350393	-0.187797997	-0.2491540852	-0.0347644685	0.1000630529	0.1199613125	0.0088698295	-0.0994756532	0.0788954714	0.0469886861	-0.1186099582	0.1356407745	0.1380971992	-0.0662500228	0.123509498	-0.0245833607	-0.018450751	0.1209953934	-0.1943122687	0.0146325156	0.0849058887	-0.0610197649	-0.033809903	0.0060160035	-0.0814078324	-0.0120435699	-0.0160398262	0.0177097732	0.1444752906	0.011493939	0.0840603409	0.1326376712	0.0166552309	-0.2088652011	-0.1708494778	0.5604278951	0.1133495945	0.2996360558	0.3344522019	-0.1019044287	-0.0931978817	-0.183201907	0.235426074	0.0050753723	0.1188394767	0.0637545561	0.0726408734	-0.048098682	-0.1524955773	0.081273058	0.0451803022	0.0185248178	-0.1237830955	-0.0540487397	0.1082719048	0.0493710248748158	0.0067747434798662	4.589714921798962e-05	0.0024374980971896	-0.0887947638377255	-0.0208455331848397	0.0078845100849974	0.0004345362537602	0.1276255464677547	0.0362341459663469	0.0013129133339105	0.016288280111193	-0.0030828590405277	-0.0001929080271974	3.721350695719283e-08	9.50401986376337e-06	-0.0008520329089587	0.0002086129015157	7.259600779486244e-07	4.351934267879917e-08	0.0003441871783699	0.000245219164306	6.013243854295075e-08	1.1846481375423337e-07
845.2300832114598	0.5901077977429168	714413.8935656513	0.3482272129569951	1154.130056889412	3.1612685576442345	1332016.188215557	9.99361889355006	777.534581652095	0.8687276938527475	604560.0256648983	0.754687806066713	827.1135391332924	805.4425576517579	1.236323	22.999317	0.0900553927406179	0.045324224687546	0.0623388795	-0.1347449889	-0.0847028345	0.0371141022	-0.089062823	-0.1396279028	0.0358930934	-0.0864708385	-0.0449636141	-0.1533016036	0.1848809124	-0.1204907038	-0.0283609906	0.1311344152	-0.2561746083	-0.1255243476	0.0752402605	-0.1190837366	-0.039146232	-0.0799590537	-0.0343417556	0.1349111612	-0.2820445899	-0.0713252293	-0.0429573294	0.0734294574	0.1193305351	-0.0433193854	0.0018519854	-0.0521899852	0.1072485141	0.2751990489	-0.0183434438	0.0219214387	0.0141415167	0.0135710104	-0.0790227161	0.0638568355	0.1816045697	0.0970544178	0.1614174721	-0.0122126761	0.0520428475	-0.0124477339	0.0766132178	0.0138357042	0.1055029092	0.0908431377	0.0667104431	0.1089114284	-0.0569407127	-0.0733631497	-0.0984153179	-0.1036375597	0.0187116768	0.0244233174	0.056275231	0.0682166234	-0.1853313069	0.1969156601	0.2177043891	-0.0823894672	-0.0189024817	-0.0140756474	-0.049306737	0.1892868197	-0.1138851132	0.1436920538	0.092861304	-0.0218121972	0.1158211433	-0.1782032821	0.1105970412	0.0188712245	0.1027082497	0.1236947911	0.1796482445	0.0964024595	-0.2263695461	-0.0256480102	-0.1441460039	0.0041839685	-0.10090006	0.013116938	0.0938808242	0.0184805578	0.0051004962	-0.1178343654	0.0168117719	0.0421464352	0.0562727331	0.0373189746	-0.2188670386	0.079647465	-0.0891594646	-0.002027162	-0.0885850584	0.146067244	0.0367620375	0.2375663064	0.1436959607	0.1686940713	0.0530015837	-0.0085433036	-0.0146686455	-0.0536274867	0.0636377238	-0.02485562	0.2331912284	-0.0344524095	-0.0480396969	0.2758855001	-0.1237899625	0.1005614114	-0.0729586926	0.0453810788	-0.1100663634	0.0359456241	-0.0452740727	0.0879487424	0.1371792233	0.1297208386	-0.1541309562	0.0656715264	0.077167638	-0.0949590959	0.0501262865	0.0151740128	-0.1255324169	-0.0446835199	0.1150284477	0.0324988821848819	-0.0168721426899339	0.0002846691989494	0.0010561773432668	-0.0884858323649098	0.0003089314728157	0.0078297425293109	9.543865489607863e-08	0.1011016771665964	-0.0265238693011582	0.0007035156427049	0.0102215491258986	-0.0033390860256966	-0.0002562269851689	6.565226792874374e-08	1.1149495487002317e-05	-0.0007311593808307	0.000120873528128	5.345940401767326e-07	1.4610409802110424e-08	-0.0002057212938674	-0.0005499084722373	3.023993278383614e-07	4.2321250750477146e-08
844.206868446527	-1.0232147649328454	712685.2367322918	1.046968455176578	1156.8694218302269	2.739364940814994	1338346.8591658035	7.504120278966336	775.9745713516257	-1.56001030046923	602136.5353843393	2.4336321375700973	826.3985438837069	811.0374372641039	1.158358	21.548941	0.0594873259628883	0.0325257879420097	0.1793209626	-0.0124426214	0.0445762127	0.1530160142	-0.2481020017	-0.0277491352	0.1626703736	-0.1106764867	-0.141441227	0.1345313154	0.0575973303	-0.025819644	0.0052494763	-0.0902671444	-0.114794379	0.1289571237	-0.013131257	-0.1627986983	0.224256054	-0.0342296337	-0.1216206451	0.1401873934	0.0002549356	-0.0246464638	0.1463674447	0.0007687951	-0.0724885544	-0.0773919696	0.0389205743	0.0578204191	0.205634648	-0.0077824171	0.0191810131	0.127848632	0.0260381661	0.0310054878	0.0655635623	-0.1257896912	0.0540598328	0.1893445845	0.1518463824	-0.0389679175	0.0994264322	-0.1813518524	-0.0614261695	-0.0568316481	-0.0972063484	-0.1227680727	-0.0769006098	0.0905658245	-0.0241445695	0.009137355	0.1123662381	0.1902147914	-0.1364915262	0.118671813	-0.0304050534	0.1346741985	-0.0305443062	-0.0273442733	-0.0272751642	0.061174488	0.1119957992	-0.0474246573	-0.2252918237	0.0411705431	0.1467287601	-0.0244868714	0.1159878696	0.1001730796	-0.0739329283	-0.0395702871	0.0093860437	-0.1619014999	0.2351758777	0.0841700675	0.0665990619	0.0753675425	0.0614848719	-0.0936188345	0.0124511795	0.0069453614	0.1583601125	0.1323927509	0.1696331708	-0.0597610189	0.0889388012	0.0614761335	0.0292763426	-0.0283561301	-0.0381843833	-0.0323913711	0.1230035836	0.0564319098	-0.1721297411	0.181822625	0.1040259732	-0.0129201297	-0.0701554025	-0.0059414982	0.0865935719	0.032970065	-0.0074338993	0.0333188925	-0.075397373	-0.2169140262	0.1955805972	-0.1231728624	0.1211978763	-0.0783316617	-0.0563553063	-0.0759461647	0.0243632061	-0.1010945679	-0.0474968047	0.0917332459	-0.043921957	0.1340699707	-0.0297070904	0.1433160623	0.0807291605	-0.1619030452	-0.1174718947	-0.1783212994	0.0616417408	0.0504592927	-0.0038553185	0.0118128082	-0.1269376627	-0.0350428114	0.1205247148	0.0379140956329706	0.0054152134480887	2.932453668836071e-05	0.001437478647666	-0.0998989840936985	-0.0114131517287887	0.009979807022953	0.0001302600323843	0.0745276620376955	-0.0265740151289009	0.000706178280071	0.0055543724088049	-0.0031410630878519	0.0001980229378446	3.9213083912645865e-08	9.866277321865714e-06	-0.0006302138365736	0.000100945544257	3.971694798088162e-07	1.0190002905362129e-08	-0.000182990862827	2.273043104040001e-05	5.166724952823801e-10	3.3485655878169923e-08
841.228773280356	-2.978095166170988	707665.8489947725	8.869050818771003	1145.7013177046726	-11.168104125554237	1312631.5093902233	124.72654975922156	774.3410100922845	-1.6335612593412634	599603.9999107394	2.6685223880206146	824.3117627295378	790.0531331224777	1.097642	20.419436	0.0615707075525213	0.031642674140855	-0.0323171655	0.0421556895	0.1401120813	0.0812966946	-0.1898285143	-0.016678161	-0.122636362	0.0438908309	-0.1132304359	0.0302593859	0.0812308785	0.0976962866	0.125709808	-0.0592175421	-0.1020715253	0.0352687888	0.0690517846	-0.0283862731	0.1178838513	0.0456539833	0.0248700775	-0.1186909896	0.0984610842	0.1872441388	0.1384037283	-0.0797277521	-0.0331164835	0.0068483811	0.0657895721	-0.1387187528	0.117855001	0.1556640806	-0.1157963468	-0.0178367541	0.0975997115	-0.1286863686	0.1149943118	0.0179180887	-0.022165503	0.060440245	-0.0204121082	0.0558058183	-0.1420449804	-0.0663869659	-0.0672719168	0.0127070987	0.0573710925	0.0793446605	0.0131090289	0.169108255	0.0085810999	-0.0433015823	-0.0673508907	0.0681393083	0.0741354201	0.0193792425	0.0555474632	0.0311531253	0.1023667515	-0.0923164512	0.1152264235	-0.1620818738	0.0213564775	0.1853279625	-0.0239025758	-0.0168959609	0.1752122385	-0.1140753443	-0.0687632399	0.0500869925	0.0606942686	-0.0153845996	0.1653541425	-0.1299242412	0.0763601757	-0.0128529605	0.1039565374	0.0046302107	0.0619202856	-0.1669883688	-0.0371965511	-0.0393655971	0.0833492797	-0.0665679189	-0.1032988339	0.0357099179	-0.1035472647	-0.0071114663	0.1835215467	0.0942075887	0.0050875295	0.0455385661	0.0350252987	-0.0610273781	0.0818050712	0.0164012201	-0.0241910923	0.0189579807	-0.036642857	0.1794754558	0.022549231	0.0224709458	-0.0153214671	0.0077529471	0.0293807358	-0.1187730889	0.1037371658	-0.2001032592	0.1026684327	0.0025362955	-0.1820820337	-0.0001273315	0.0802861918	0.0462967776	-0.0187513186	-0.0663105569	-0.037371173	0.0786070686	-0.0699956187	0.1507605397	0.061036659	-0.1150795422	0.0480692999	0.0096447277	0.0465083643	0.0844348655	0.1630154217	0.0084435077	-0.1279949812	-0.0251860523	0.124700488	0.0423098870692797	0.004395791436309	1.9322982351528385e-05	0.0017901265438152	-0.0841440609900701	0.0157549231036284	0.0070802229999006	0.0002482176020012	0.0912626257784694	0.0167349637407739	0.000280059011405	0.0083288668639809	-0.0035170642300819	-0.0003760011422299	1.4137685895826457e-07	1.2369740798521589e-05	-0.0007312092207358	-0.0001009953841621	5.346669244890559e-07	1.0200067622070355e-08	-0.000166286803783	1.6704059043999976e-05	2.790255885454374e-10	2.7651301112365945e-08
842.4433676452231	1.2145943648671391	709710.8276894246	1.4752394711670092	1147.2030087639305	1.501691059257837	1316074.7433170148	2.2550760374549244	774.3107700263629	-0.0302400659215891	599557.168578819	0.000914461586942	824.1194221170091	786.9490885443123	1.016936	18.918056	0.0339125966671391	0.0176233146667224	-0.1024385047	-0.0263864149	0.0067882918	-0.0181345472	-0.1592147903	-0.0433401178	-0.1004243727	-0.0027200168	0.0531334554	-0.0070732235	0.1268258215	0.1224180143	0.2105955798	-0.0015611111	-0.0460765423	-0.0858312218	-0.1055520758	-0.0618687046	0.1108890803	0.0205040834	0.0993601159	-0.1177937051	0.021201414	-0.0260450755	0.0020070629	-0.0486396026	-0.1706285116	0.003849491	0.1958562876	-0.1660619871	0.0197134828	-0.0574698833	-0.0342395896	-0.0880091449	-0.0343394659	-0.0404186958	0.0804645202	0.0240121721	0.1099333039	0.0420504513	0.0265593113	0.0533404961	0.0671310634	-0.0929459786	0.0250477743	0.023960003	-0.0771455511	0.128462661	-0.069856577	-0.0085740426	-0.1087411481	0.0519194191	-0.0162729115	-0.0058617814	-0.0686655863	-0.0528118837	0.0500659461	-0.1140280433	0.1580165294	0.0422003348	-0.0657325499	0.0623156264	-0.1055003146	0.0374318641	0.0585485585	-0.0031416397	0.1233507621	-0.0154729106	0.006823483	0.2748221902	0.1157529808	0.0992981147	-0.0034599898	-0.0651304843	-0.012884857	-0.0396004526	0.1188584189	-0.0440783586	0.127339249	-0.0607170065	0.0823921977	-0.1253565751	-0.0829937725	-0.0876276385	-0.0422194763	-0.0477064579	0.0878491659	0.1318874494	-0.1042266807	0.0076928206	0.0069702516	-0.0416347383	-0.1335573005	0.0681663606	0.0391651195	-0.1910104118	0.1248764599	-0.013044759	-0.0039873011	0.005146681	0.0965299809	-0.0349384972	-0.1047169872	0.0346681464	0.0599130572	-0.0666666153	0.0476179467	-0.1377854798	0.1274090221	0.1553491247	-0.0958293439	-0.0226048592	0.0824309788	0.0125084081	-0.119060523	-0.0700654618	0.1193641343	-0.0199760735	-0.107335197	-0.053748629	0.030628631	-0.1861904841	-0.1242521952	0.0413308013	-0.1203977232	0.2130823278	0.006355502	0.0050684204	-0.1287014744	-0.0151740128	0.1275100165	0.0326283248788428	-0.0096815621904369	9.373264644729736e-05	0.0010646075843993	-0.0781020035914679	0.0060420573986021	0.0060999229650016	3.650645760800354e-05	0.1016171951027544	0.0103545693242849	0.0001072171058914	0.0103260543405512	-0.0035021158507434	1.4948379338500153e-05	2.2345404484769823e-10	1.2264815432028168e-05	-0.0007309635499126	2.456708232000029e-07	5.3430771130083e-07	6.035415337176708e-14	-0.0003077809086976	-0.0001414941049145	2.002058172558382e-08	9.472908775872039e-08
844.9611624412152	2.517794795992017	713959.3660340096	6.339290634724485	1152.469968960772	5.26696019684141	1328187.0293564426	27.740869715111703	775.8952386600455	1.5844686336826044	602013.4213753289	2.510540851124019	825.5010852804339	806.265442167364	1.079483	20.081617	0.0473272703274113	0.0266479998166524	0.1149829628	-0.0230790982	-0.1031523189	-0.0101207014	-0.2225541595	-0.122435335	0.1374809159	-0.0371221717	0.0401095435	-0.0769825265	0.1118568155	-0.1206132666	0.0486576872	-0.0296075011	-0.1342040401	-0.0867795836	-0.0336090914	-0.0183969409	0.0737503802	0.0308674898	-0.0959831201	0.0603174654	-0.0410143339	-0.0174523976	-0.0470971249	0.0926343124	-0.1520144803	0.0066747856	0.0605547612	0.0608872478	0.1282197889	-0.0417356748	-0.0701298435	0.0753496906	-0.0598741169	0.0252315903	0.034684576	0.0129643211	-0.0185280902	0.0822487468	-0.0438697768	-0.0824980229	-0.1284869005	-0.1067165667	0.0138753067	0.1728523136	-0.1032518038	-0.0592860107	-0.0473390141	-0.0761977093	-0.0939869555	-0.113158614	-0.0555768969	-0.0621851735	-0.1329945347	-0.3305656329	0.180506306	-0.1190461071	0.1536888695	-0.0026076738	-0.0445099249	-0.0781514832	0.0701762868	-0.0920314424	0.0075070715	0.055660935	-0.0178437317	0.0501378957	0.2288114266	0.1478605653	0.0304354784	0.0285172684	-0.072913036	-0.0456172846	-0.0537112029	-0.0079160814	0.0450414279	0.1028601957	0.1414481301	0.0092100648	0.0402578086	-0.036002467	-0.0492461891	-0.0746379788	0.0318487723	0.0304999452	-0.1767978165	0.1089916247	-0.0118945503	0.160732034	0.0953155475	-0.0650400332	0.1031461966	0.1564504895	0.1645842173	0.0156998869	0.0535881689	-0.2732947688	-0.2231275966	0.0495293072	-0.0882719877	-0.040194641	-0.1775420562	0.0591476807	0.0254983851	-0.1958145077	0.0326430606	-0.0432202133	0.1056973694	0.1973963558	0.06731479	0.1035492718	-0.0249854333	0.0856607789	-0.1149353677	-0.0082335133	-0.017432668	0.0827456686	0.0037448105	-0.0124628385	0.0581223538	-0.1166437547	-0.1371502043	0.0892745287	-0.0390830084	0.1828746275	0.0873538337	0.0016898595	-0.1290552057	-0.0050684204	0.1289225186	0.024594644515858	-0.0080336803629847	6.454002017460752e-05	0.0006048965388614	-0.0916425074300377	-0.0135405038385697	0.0083983491680645	0.0001833452442023	0.0803715161939777	-0.0212456789087766	0.0004513788722948	0.0064595806153188	-0.0035331439349894	-3.102808424600015e-05	9.627420119768827e-10	1.2483106065352382e-05	-0.0007308546760451	1.0887386750002907e-07	5.341485574969881e-07	1.1853519024413884e-14	-0.0003667920949257	-5.9011186228100033e-05	3.482320100047503e-09	1.3453644089998372e-07
843.6922327192682	-1.2689297219469609	711816.5835508239	1.6101826392403913	1153.936821643869	1.4668526830971589	1331570.1883455543	2.1516567939093334	776.056415743259	0.161177083213488	602263.560416274	0.0259780521532076	826.2059056422304	807.3046219755056	1.058083	19.683516	0.0522923350672195	0.0257443556975044	0.1782637196	0.0240001878	0.0896164767	-0.0399193049	-0.2087119437	-0.0769149859	0.1461834136	0.0046142699	-0.1287355878	0.1392377474	-0.0396299493	-0.0173731327	-0.0752000928	0.1104806576	-0.030386609	-0.0041706093	-0.0084071768	-0.0199344719	-0.0022444375	-0.0666786368	-0.1235955547	0.1312838262	0.0871360472	-0.0101742398	-0.0232970778	-0.0870757461	0.0133188835	0.101797662	0.0298454098	-0.1293714174	-0.0866364393	0.0943514965	-0.0519889448	0.1035066962	0.0496478093	0.1593937685	-0.0797030417	-0.1042108774	0.0060065823	0.0612941985	-0.0491211489	-0.0245348461	-0.2381290423	-0.1257452947	0.0620229653	-0.0245704618	-0.1732061358	0.0426542563	0.081273705	0.0905584488	-0.1097322143	-0.1493955711	0.1256605646	0.0292447005	0.1478805377	-0.0265731539	-0.0544795969	-0.0460742198	0.0912792672	-0.0420255825	0.1619396868	0.0940552774	0.140299646	-0.0589895269	-0.1677218047	-0.0443639179	-0.0618353775	-0.053251764	0.0337889098	0.0289974337	0.0502218229	0.0387480134	-0.0885302961	0.0685789691	0.0720887178	-0.132470756	-0.0213645987	0.0213801363	-0.1495241009	-0.1046485518	-0.0331797154	-0.1221204062	0.1019182205	-0.0661363943	0.0376599035	-0.0852785571	-0.1000347972	0.1751182857	-0.0412414865	0.0863490102	0.1139456473	-0.072927233	0.1042411665	0.1211789693	0.0674462892	0.0498610074	-0.0540315508	0.1674711506	-0.0443871224	0.0205405013	-0.0513580645	0.018670381	-0.1524459934	-0.0119987399	0.067612037	-0.2511404096	-0.0201789046	-0.0214430396	-0.0111626356	0.051429863	0.0270074454	-0.001731945	0.1079338616	-0.03683344	-0.1110686408	0.0083072358	-0.1037424737	0.1451417225	0.0132129362	-0.2680731696	0.0786698493	-0.0007339671	-0.0070134237	0.0606110606	-0.1405833821	-0.1015157352	-0.0583923159	-0.0016898595	-0.1290552057	0.0050684204	0.1289225186	0.0269632998120243	0.0023686552961663	5.610527912056665e-06	0.0007270195367531	-0.0826967376582814	0.0089457697717563	0.0068387504193226	8.002679680926883e-05	0.1004813668406896	0.0201098506467119	0.000404406093033	0.0100965050821732	-0.0036390707248348	-0.0001059267898454	1.1220484806951564e-08	1.3242835740349678e-05	-0.0005881414901629	0.0001427131858821	3.459104124510366e-07	2.0367053424647362e-08	-0.0001980708836016	0.0001687212113241	2.8466847150671617e-08	3.923207493071857e-08
841.2344270146207	-2.4578057046475124	707675.3611946171	6.040808881797855	1148.8541223334605	-5.082699310408543	1319865.7944025858	25.83383228002748	775.0767051685541	-0.9797105747048818	600743.8988949418	0.9598328101885696	825.3699183729091	789.3861309914657	1.037919	19.308411	0.0644632279956944	0.0334677906730547	-0.0002530045	0.0983865511	0.159031354	-0.0800491712	-0.1405863189	0.1077264638	-0.0431056229	0.0781944425	-0.1131379277	0.1437377138	-0.1309529826	0.1714737306	0.0205684741	0.1862129081	0.0604169158	-0.0102709637	-0.06587322	-0.0454432025	0.0332753327	-0.1106484444	-0.0652299002	-0.0016690328	0.1680925595	0.1158216241	0.0125100059	-0.1273578759	0.0027316705	0.1390281758	-0.0710929396	-0.125584993	-0.0063340419	0.1141434045	0.1096479172	-0.0413334121	0.0719205223	-0.0283169638	0.0349449728	0.0349934273	-0.0719230406	-0.0685972744	0.1071234462	-0.0505856295	0.091381352	0.0209027424	-0.0407477873	-0.1147221522	0.0672940217	-0.3291292529	0.0259136928	-0.0293810681	-0.1098852053	0.0343419715	-0.1511119769	0.0007388642	0.0842906575	0.0469768787	-0.0408580719	-0.1305312424	0.0594662435	-0.0782026598	-0.1180870441	-0.0175923023	0.0674972082	0.0592307121	-0.1034005761	-0.1501126523	-0.0558320366	-0.1843735985	-0.1221302553	-0.0919467536	0.1105382644	0.0876020659	-0.0124138409	-0.0940883447	0.0573563139	-0.1470054705	0.0747749304	-0.0573585347	-0.1013623879	0.116485299	0.1267336826	-0.0733283124	-0.0748273998	0.083302856	-0.0582878372	0.0679883613	0.05660555	0.0636570423	0.1283172683	0.1002668312	-0.1868082021	0.0024540574	0.0127488451	-0.0046538614	-0.02434012	0.0833159675	0.1369532293	0.1075239403	0.1058667741	0.0351236052	-0.0222491228	-0.1081782959	0.0681716644	-0.0537730863	0.0972882789	-0.1171166063	-0.1029882346	-5.39091e-05	-0.0626332534	0.0437520096	-0.0825872588	-0.0407022527	0.1888528372	-0.0564544049	0.0004885236	0.0040600852	-0.0157764232	0.1903439161	0.1261473727	-0.1726287776	-0.045750409	-0.0060952714	-0.0674217329	-0.0323765333	0.0667464197	-0.1525220579	0.0783041596	-0.0050684204	-0.1287014744	0.0151740128	0.1275100165	0.0220299739369522	-0.0049333258750721	2.4337704189655905e-05	0.0004853197516627	-0.0883431234104676	-0.0056463857521862	0.0078045074539171	3.188167206249139e-05	0.1237101978859058	0.0232288310452161	0.0005395785917271	0.0153042130609699	-0.0039476426550127	-0.0003085719301778	9.521663609371459e-08	1.558388253167572e-05	-0.0007302905197559	-0.0001421490295929	5.333242432453426e-07	2.0206346614231583e-08	-0.0003604436302951	-0.0001623727466935	2.6364908868791528e-08	1.2991961062031074e-07
840.2472216564385	-0.9872053581822228	706015.393501364	0.9745744192236908	1141.083683528702	-7.770438804758442	1302071.9728154312	60.3797192184958	774.4214933504938	-0.655211818060252	599728.649363209	0.4293025265258207	823.7610219644902	781.3766142370176	0.962072	17.897419	0.0445906687448401	0.027050279553438	-0.0927503555	0.1394154356	0.1688813175	-0.0389171685	0.0132609617	0.0593320806	-0.1487761694	0.2010022402	-0.0462330772	0.0549158125	-0.0770288947	0.1025574116	0.0160906472	0.0435010157	0.0095759668	-0.0899485401	-0.017717529	-0.0350845573	-0.0619950649	-0.0066781092	-0.0156835591	-0.0831763747	0.1791631063	0.1028637648	0.024309754	-0.0359668305	-0.0044973466	0.0362074185	-0.0277216623	0.0041413275	0.04418438	0.0691186857	0.0601904912	0.1059445718	-0.0071383274	-0.0452672699	0.1488170306	-0.0527809529	-0.0021215479	0.0790313259	0.0342873508	-0.1297857894	-0.0492815559	0.1834595938	0.0046119834	-0.1523692391	0.0652593599	-0.0477571681	0.1018618217	-0.1627864352	0.0875290557	0.0320926097	-0.0561594992	-0.001638582	0.0078882205	-0.0503326167	-0.1600454109	-0.0545423919	-0.0491429406	0.1206978639	-0.0072442481	-0.0650356856	0.0414741615	0.1510991293	0.049365558	-0.1024506463	0.0048484994	-0.1361836625	-0.0977442483	-0.1208444715	0.0874534237	0.0551734716	0.0495575927	-0.1679647451	0.0692245559	-0.0039746143	-0.0213941803	0.0559512168	-0.0352310302	0.0434991903	0.0603184783	0.0528906262	-0.0861880906	-0.0233850323	0.0498846089	0.0696268649	-0.072580001	-0.0936404555	0.0485586328	0.0658055998	-0.1496279725	-0.1115088012	0.0936767091	-0.142409825	-0.0614967641	-0.0287516753	0.0099238479	0.021923617	0.1160244306	-0.0472045461	0.1155984169	-0.1099081	-0.0661232204	-0.0770569842	0.0866412172	-0.0594001402	-0.1236209032	-0.0175588364	-0.0734298542	0.0775987721	-0.1536026327	-0.0866532097	0.1420924139	0.0674987851	-0.0205489857	-0.0862325078	0.0746410556	0.140646402	-0.0204280283	-0.0341670448	-0.0098171534	0.1070569768	-0.0262331475	0.1352430605	0.064447179	-0.0284524415	-0.0036807821	-0.0084435077	-0.1279949812	0.0251860523	0.124700488	0.0222657964511512	0.0002358225141989	5.5612258203137306e-08	0.000495765691604	-0.0885800409196519	-0.0002369175091842	0.0078464236493272	5.6129906158090564e-08	0.1403223665974877	0.0166121687115819	0.000275964149302	0.0196903665675197	-0.0038522402041004	9.540245091229976e-05	9.101627640073764e-09	1.4839754590087492e-05	-0.0011472355621833	-0.0004169450424274	1.3161494351380323e-06	1.7384316840478646e-07	-0.0003982113371529	-3.776770685779996e-05	1.42639968129671e-09	1.585722690371006e-07
841.0478493896122	0.8006277331737692	707361.4849628919	0.6410047671269682	1147.1404264773464	6.056742948644342	1315931.1580586282	36.68413514595295	774.2009073743413	-0.2205859761525062	599387.0449792534	0.048658172875154	823.9562898664948	779.9413474570325	0.996399	18.536007	0.0083206791931339	0.0052053780052811	-0.156586106	0.0348454679	0.0671568205	-0.026354709	0.1078670789	-0.035939596	-0.1724638847	0.0497359575	0.0305697876	-0.101041563	-0.1423077564	0.040751872	0.0034705905	0.1071686541	-0.008546779	0.0055548512	-0.0135582948	0.2451744142	0.1812819118	-0.1144265701	0.1357039919	-0.0878006136	-0.0581627364	0.1017529404	-0.1454288293	0.0872346716	-0.0235564934	0.1423384923	-0.1416505749	0.0216686023	-0.0351016078	-0.2086056113	-0.1192107201	0.1300554879	-0.0337886467	0.0871249578	0.0198805497	0.0162871494	-0.0047540216	-0.1459250211	0.0089345968	0.0278786342	0.099491105	-0.0873874046	-0.0159586009	0.1671076393	0.1173491624	0.0673479678	0.033204818	-0.1482716792	0.0478045347	-0.0666050143	0.092575152	0.1225715838	-0.1653593467	-0.0625769444	-0.0500671182	0.1742635382	0.1091108473	0.0312256548	0.0719151726	0.0461015122	-0.1195780554	0.1187573863	0.1161627428	-0.1110377206	-0.0432086828	0.0280863687	0.0267159291	0.0167863017	0.1330770516	-0.0919219067	-0.011040296	0.0428961522	-0.2008349474	-0.0557729744	-0.0985223276	0.0704529184	0.1583837209	0.14349971	0.0359725412	-0.0336298478	0.1108979142	0.2212408736	0.0534727629	-0.1664352754	0.0672575193	-0.1494857867	-0.0438595773	-0.092798499	0.1945359908	0.0397552711	-0.0544391256	0.1362612379	0.0443673377	0.0994823021	0.0397379392	0.0227367823	-0.0085834437	-0.0751253891	-0.0528719646	0.0280919518	-0.0191790721	-0.07671572	0.1067175759	0.0417498272	-0.1760698254	0.0643753413	0.0148389425	0.0599994209	-0.0880356782	-0.0564494428	0.0841238731	0.0635295173	-0.1285046621	-0.0576526367	0.0199719874	0.0172118818	-0.029256866	-0.1203822617	0.0030579238	0.2017555124	-0.0281004022	0.0053757264	-0.0534555173	-0.0390550657	-0.0809133996	-0.0118128082	-0.1269376627	0.0350428114	0.1205247148	0.0243521872615133	0.0020863908103621	4.353026613563424e-06	0.0005930290244198	-0.0885792057006256	8.352190263016812e-07	0.0078462756825537	6.975908218963284e-13	0.1406247166721783	0.0003023500746905	9.141556766540766e-08	0.0197753109391304	-0.003929250081485	-7.700987738459971e-05	5.930521214791083e-09	1.5439006202849878e-05	-0.0011882227442228	-4.0987182039499935e-05	1.4118732898883616e-06	1.679949091539106e-09	-0.0003988363395099	-6.250023570000406e-07	3.906279462556062e-13	1.5907042571365624e-07
841.904256063711	0.856406674098821	708802.7763781907	0.7334323914410041	1151.2833615207342	4.142935043387752	1325453.3785144817	17.163910773730272	774.2311479796015	0.0302406052601327	599433.8705018115	0.0009144942064991	824.1607527162896	794.434391150704	1.025973	19.086184	0.0232602270806014	0.0127776973593133	-0.0759986669	-0.0055591249	-0.0884173453	0.0667782963	0.1530845074	-0.0134994968	-0.0240601192	0.0027318743	0.1442374186	-0.1014761968	-0.1059898734	-0.0279477716	-0.0566102309	0.1665506354	0.0552330325	0.0977181143	-0.0840141345	-0.1168499108	0.1066254096	0.060837618	0.0566854784	-0.0583987921	0.0295329886	-0.0258347699	-0.1110237636	0.0490289489	0.0930516062	0.1073250556	0.0800845729	0.0308208306	0.0420022558	-0.0533792158	0.1352826031	-0.1264346226	-0.0421319877	0.018686091	0.0597395117	-0.0086753066	-0.0113631879	-0.1462983809	-0.1020882229	-0.0630098686	0.0050768681	-0.018213192	0.0282081131	-0.0511575237	0.0901702473	0.0391256118	-0.0325863402	-0.0090366897	-0.043303068	-0.0056402806	-0.1557178689	-0.0860763107	0.0345876221	-0.042439015	0.1050128142	0.0252999688	-0.00888557	-0.170785189	-0.0282738863	-0.0440536927	-0.0665210167	-0.0566086304	0.0977177358	-0.0504373114	-0.052316822	-0.0135884363	0.0074152293	-0.0254731354	0.0533675483	0.00463044	-0.1650622751	0.1039839216	0.021672237	-0.1392774742	0.0927667439	-0.0151326461	0.0786662535	-0.0409379164	-0.0772351101	0.1525350439	-0.0313158582	0.1781668637	0.0279632533	0.0418212062	-0.0316343102	-0.0514985899	-0.0602437051	-0.0034629702	-0.0495873356	-0.0629551704	-0.1389043522	-0.1445455616	0.1129420675	-0.0156684317	0.0773909959	0.0157150921	-0.0420535051	0.020085457	-0.0056929268	-0.0845035062	-0.0678419595	-0.0345164499	0.0621324708	0.0272834482	-0.1735173353	0.1050075101	0.1071958582	0.0883830207	-0.0434379446	-0.0879639919	0.0250004141	-0.0420351084	-0.0430824098	-0.0180566428	-0.0032218875	-0.0067922509	0.1293363849	-0.0012690808	-0.1189051796	0.0451981738	-0.031463532	-0.0779943437	-0.0521351256	-0.0492904491	-0.0515133132	-0.0151740128	-0.1255324169	0.0446835199	0.1150284477	0.0222020264877613	-0.002150160773752	4.623191352981806e-06	0.0004929299801632	-0.0885374094290085	4.1796271617086656e-05	0.0078388728683998	1.7469283210892834e-09	0.131488740831621	-0.0091359758405573	8.346605455924683e-05	0.0172892889654851	-0.0039428040942158	-1.3554012730800612e-05	1.8371126110670503e-10	1.5545704125364878e-05	-0.0010959573707971	9.226537342569988e-05	1.2011225586044924e-06	8.512899133383846e-09	-0.0005316628372469	-0.0001328264977369	1.7642878501077254e-08	2.826653725094237e-07
840.644652571119	-1.2596034925920776	706683.4318964173	1.58660095855016	1147.2931782547578	-3.990183265976384	1316281.6368699034	15.921562496077962	774.9632216216187	0.7320736420172125	600567.9948661581	0.5359318173363458	824.3376455686976	786.7250331883623	1.009221	18.774548	0.0227472890853316	0.0144304990660623	-0.0399105263	0.0996250884	-0.1265760386	0.1137792589	0.2343708963	-0.0984234204	0.0641255475	0.0934464621	0.143597815	-0.0149227861	-0.1197573821	-0.0920702662	-0.0590589534	0.0067123526	0.0533238572	-0.0394694581	-0.0532621449	0.1094597983	0.1882013084	-0.1222240156	-0.1094851992	-0.1181797184	-0.0207409748	-0.0362916887	-0.1242039052	0.0318681176	0.0747685018	0.1126830919	0.0278825011	0.1268461431	0.0240001865	-0.0362678616	0.0379001837	-0.0796363719	0.0549810452	-0.0408462735	-0.1071886297	0.077019513	-0.0277935754	-0.0380538872	0.0181274759	-0.0594489303	0.0292357145	-0.0161292447	-0.0386093999	0.1326482542	0.0235848532	-0.0224162474	-0.0411508988	0.0338861708	0.0210347487	-0.0973376538	-0.1219507264	0.206460145	0.0729426258	0.0461557539	0.1263130149	0.0818024649	0.17746206	0.14523232	0.0019869656	-0.0400617746	0.0526164299	-0.102569276	0.135101907	-0.0347650487	-0.0795422065	-0.0566818342	0.0764184912	-0.020922027	-0.0063190296	-0.0512621273	-0.032550788	0.119131318	-0.008559866	0.0228760679	0.0518890024	-0.09964806	0.0652255765	0.1126926438	0.1204949971	0.0287425442	0.0231755025	0.2004200458	0.0424499597	0.0125567545	-0.0184879916	-0.1903735079	0.0439751902	0.0669209483	0.0327083991	-0.1439975721	0.1403199668	0.0219735452	0.0727629743	-0.1536499496	-0.0126913756	0.0596202509	0.0036827074	0.1054531407	-0.094187738	0.0486192016	-0.0701820839	-0.0696455477	-0.0282382407	-0.007591791	-0.1226449469	0.1568323056	0.0568583533	0.124907395	-0.0257103324	-0.1351575977	-0.0564385879	0.1302505443	0.0476709191	0.0396613755	-0.0222991182	0.0222559561	0.0230062028	0.1081151141	-0.0780422098	0.1181315022	0.146159683	-0.1732325757	0.0322464995	-0.0247107689	-0.0487908794	-0.0185248178	-0.1237830955	0.0540487397	0.1082719048	0.0220979160733776	-0.0001041104143836	1.0838978383145416e-08	0.000488317894786	-0.088620782313697	-8.337288468848736e-05	0.0078536430578916	6.951037901279811e-09	0.1316563907245154	0.0001676498928944	2.8106486587509493e-08	0.0173334052186062	-0.0037102434522213	0.0002325606419945	5.4084452204894115e-08	1.3765906474751031e-05	-0.0011777625728879	-8.180520209079994e-05	1.387124678095526e-06	6.692091089116619e-09	-0.0003981855634649	0.0001334772737819	1.781618261627497e-08	1.585517429518599e-07
840.4781303317175	-0.1665222394015018	706403.4875658995	0.027729656215291	1146.2558980235592	-1.0372802311985652	1313902.583753796	1.0759502780353487	774.9531544164284	-0.0100672051902392	600552.3915399727	0.0001013486203423	824.2519374083722	784.8842537561226	1.011938	18.825077	0.0731911460698288	0.0352824946929167	-0.0052205147	0.1610544681	-0.0364554269	0.1700429281	0.2017256039	0.0274094417	-0.0046083181	0.146566429	0.0027114527	0.0207718366	-0.0505033744	-0.0235157546	-0.0771123351	-0.0032112099	0.0138102003	0.2054404295	-0.0007812607	0.1780762921	0.0741089679	0.0337799753	-0.1335980127	-0.0357047445	0.0620685749	0.0567656687	-0.0462900408	-0.0005428179	-0.0290946479	-0.0227988672	-0.2135168596	0.0631329105	0.0100716794	-0.1091940318	-0.0280251441	-0.2015118827	-0.1244737765	0.0980417302	0.0582728978	0.0315244412	-0.022004489	-0.0893288217	-0.129527308	0.0148299785	0.0396067321	0.0882147171	0.054360661	-0.0437786395	0.0106436636	-0.1272086336	-0.1187044497	0.1378543188	-0.0643891083	-0.1100579426	-0.0845778318	0.0919339528	0.0593518924	0.0795455589	-0.1527802475	-0.0424765519	-0.137053244	0.1121045351	-0.0436209915	-0.1185335637	0.1145862997	0.0081564616	0.082428384	0.0087302328	-0.0335243136	0.0132583398	-0.1021730491	0.0400952264	-0.1160231557	-0.1543220726	0.0523109527	0.1777141255	0.0981364771	-0.178104961	-0.1486994967	0.0247404938	-0.0588403722	0.1343956412	-0.0421810476	0.0750807047	0.0293895343	0.0861767288	-0.1372652175	0.0774981874	-0.012809377	0.0092201713	0.0353031789	0.0425227336	-0.0725049062	0.0107753081	0.0814347674	0.0155133809	0.1351250535	0.083967574	0.0189574871	-0.0690886345	0.0320660047	0.0234995989	0.1727594223	-0.0701826315	0.1033130076	-0.1185665877	-0.1105621617	-0.0336169849	-0.0670090838	0.0659895194	0.0164945156	-0.0096354075	-0.070790132	-0.1617773815	0.0484006033	0.0509271267	-0.083117761	0.1488303727	-0.0557971313	-0.1994889157	0.0815590685	0.0888932508	-0.0129534546	0.1329991232	0.0069557138	-0.0869750889	0.0341719206	-0.098284859	0.0231979678	-0.0218629269	-0.1216944932	0.063080731	0.1003291122	0.0400370679322463	0.0179391518588686	0.0003218131694155	0.0016029668086113	-0.1047759368720591	-0.0161551545583621	0.0109779969474177	0.0002609890188045	0.1489737959247534	0.017317405200238	0.0002998925228692	0.02219319187223	-0.0039938231168674	-0.000283579664646	8.041742620079445e-08	1.5950623088824434e-05	-0.0012270046250673	-4.924205217940003e-05	1.5055403499365457e-06	2.424779702838755e-09	-0.0005009525356866	-0.0001027669722217	1.0561050579615665e-08	2.509534430108343e-07
841.7536580736712	1.275527741953738	708549.220880407	1.6269710204936012	1145.8325522663683	-0.423345757190873	1312932.2378332596	0.1792216301315135	775.1737723034506	0.220617887022172	600894.3772671618	0.0486722520741278	824.2779806111754	792.3147077498418	0.999117	18.586571	0.0117945562979597	0.0065104483594429	-0.0130933076	0.0851867419	0.0670486664	0.1644582182	0.1497027411	0.0577039811	-0.0894374175	0.0971670464	-0.1184305384	-0.1003029968	0.0241427793	-0.0287213171	-0.089853778	-0.0309911125	0.2033045487	0.1027479729	0.002775878	0.0036324905	0.0342461557	0.2263191209	-0.0070829686	0.0128768662	-0.0060478655	0.1325426632	-0.0603280236	0.1679457875	-0.0781712282	-0.0366374206	-0.0073695909	-0.0131977273	-0.1284864921	-0.044862016	0.0874115109	0.058198523	-0.0928667018	0.0541724643	0.0866998478	0.0210376964	0.0100707992	0.0415315051	0.0105323591	-0.036684186	-0.085051432	0.2180627571	-0.0993875213	-0.154987912	-0.0503376437	0.1724675606	0.1429112533	-0.0002312172	-0.042569952	-0.1015463448	-0.0394159753	-0.0678319776	0.209600581	-0.0425529358	-0.1101844001	-0.0863058906	-0.0041877418	0.0521523883	-0.040474219	-0.0632021407	0.0547391442	0.1696535653	0.0453216442	0.0355725051	-0.0773628377	0.1039831851	-0.0870603444	-0.0670030855	-0.0247533188	0.0832162295	-0.0095539083	-0.0616998181	0.021473793	-0.0102558844	-0.301911405	0.079239385	-0.0936260729	0.0200997413	-0.0351388264	-0.0584316766	0.0152780055	-0.1533843013	0.0497213005	0.0191514465	-0.1539434983	0.082483026	-0.0292047572	-0.0220867677	-0.0372657106	-0.1656326291	-0.1735114443	-0.2002280654	0.0355132586	-0.1163590802	-0.1377393626	0.078988259	-0.0186876163	0.0073188552	0.0442699132	-0.0953608788	-0.0820180024	-0.1410563319	-0.0548047484	0.0187970058	-0.0885205133	-0.0548413271	-0.0191624814	-0.0934571526	-0.1408619396	-0.1049810406	-0.0079353597	0.0735994877	0.0533112812	0.0418047364	0.0387834754	-0.0337883641	0.0838271975	0.110690089	-0.0912801894	0.1382736758	0.0404954517	-0.0301402448	0.0415759733	-0.0274214894	0.0442704262	-0.0251860523	-0.1192723348	0.0717238087	0.0912870929	0.0392463550989106	-0.0007907128333356	6.252267848017673e-07	0.0015402763885497	-0.1050041488608855	-0.0002282119888263	0.011025871277999	5.208071184409536e-08	0.152458466027511	0.0034846701027576	1.2142925725052683e-05	0.0232435838634617	-0.004056836328121	-6.301321125360033e-05	3.970664792490864e-09	1.645792099316228e-05	-0.0013030040712944	-7.599944622709996e-05	1.697819609809782e-06	5.775915826825859e-09	-0.0004941459657065	6.806569980100053e-06	4.632939489399925e-11	2.4418023542400946e-07
842.0994934674657	0.3458353937944594	709131.5568981622	0.1196021196009688	1151.5688530417049	5.736300775336531	1326110.8232957877	32.90514658512649	774.8884014640887	-0.2853708393619172	600452.0347235707	0.0814365159581251	824.8980946913765	796.2663455313296	0.991639	18.447464	0.0178529354180511	0.0084748028517513	-0.031183415	-0.0845470765	0.0646664733	0.1016673184	0.1335895941	-0.1682758186	-0.1147873831	-0.0549398267	-0.0900666773	-0.1407093758	0.0744437113	-0.0858349943	-0.1219107329	0.0491449719	0.0545021755	-0.0844541258	0.0182937887	0.138943725	0.0285017829	-0.0417138598	0.1255435033	-0.0017478674	-0.0295365504	0.1132551933	-0.0870934208	0.0304094475	0.0934134326	0.081684572	-0.0191845641	-0.0563179447	-0.1576124784	0.0159208674	-0.2426751411	-0.0295912989	0.0326104042	-0.0202367962	0.1227263278	-0.1915440764	0.1860657925	0.0074010976	-0.0357367643	0.1648735337	0.07760364	0.1104870712	0.0642806693	-0.0167662897	-0.1424165366	0.1697201716	0.0830466042	0.0284380864	0.003473233	0.1206224565	-0.0402369954	0.0727233359	-0.0034125884	0.1076260545	-0.0587739486	0.0148660416	-0.0341752724	-0.0886277082	-0.0243543049	-0.0197816813	-0.0934425727	0.1350383818	-0.0374944697	0.0313984794	-0.0619450719	0.0088830634	-0.0555950245	0.0007062744	0.2090229462	-0.087039539	0.1098410708	0.0996922445	0.0403413842	0.0354821673	-0.2138479556	0.0693011429	-0.0072537847	-0.119613048	-0.0734339235	-0.0743143148	0.0966383847	-0.0149335473	-0.0702506543	0.0171068872	0.0314073331	0.0083803555	-0.1530107989	-0.1784497404	0.0133105566	-0.0430825432	0.0222577018	0.006960157	-0.0617458001	-0.1288772426	-0.0446360386	-0.0189759835	0.0576138245	-0.0296964456	-0.0685635941	-0.0544905571	0.0771321584	-0.130532775	-0.0171494966	0.0740182306	-0.08121642	-0.0950997495	0.0463560223	-0.0670972557	-0.0437434412	-0.0331731515	-0.1699383674	0.0204219124	-0.0549230377	0.0437994285	-0.028442431	-0.0617873886	-0.0985378845	-0.0946863735	-0.0334748923	0.170522645	0.0408399199	-0.1037497498	0.0313039829	-0.0410494478	-0.0410656702	-0.0284919163	-0.1165232592	0.0799246852	0.0812449131	0.0344999333842821	-0.0047464217146284	2.252851909309691e-05	0.0011902454035199	-0.1048319414584284	0.000172207402457	0.0109897359499433	2.9655389461017856e-08	0.1511786661076755	-0.0012797999198355	1.6378878348109817e-06	0.022854989086096	-0.0040062551125629	5.058121555810008e-05	2.558459367334985e-09	1.6050080026936375e-05	-0.0012157049575267	8.72991137677e-05	1.4779385437549956e-06	7.621135264625829e-09	-0.0003989361674097	9.52097982968e-05	9.064905691717338e-09	1.5915006566754017e-07
841.1366025716762	-0.9628908957894282	707510.784185822	0.9271588771941676	1150.604771386381	-0.9640816553239802	1323891.3399371058	0.9294534381322256	774.2799550029772	-0.6084464611114981	599509.4487194124	0.3702070960391058	824.1961195270709	790.6264055497625	0.944991	17.579668	0.027512695626619	0.0154370223217919	-0.0689959784	-0.0991015696	-0.0151102036	0.0624361734	0.1065438123	-0.073972453	-0.08792423	-0.1263954269	0.0423426181	0.0103221339	0.0668364245	-0.0442341931	0.0364921726	0.069668444	0.1023256301	0.0231970717	-0.1443250515	-0.0539155685	0.0141554264	0.0023879708	0.0926464849	0.0304268579	-0.0694900773	0.0096824768	0.0541628347	0.0326718026	0.0643648141	-0.0760018829	-0.025811314	0.1022411937	-0.0667390796	0.0381000718	-0.0890560058	-0.0677566194	-0.1990304849	-0.1009701738	-0.0043626043	-0.1113186587	-0.0291842612	-0.0931792745	-0.0944394757	0.0678586091	0.0524879935	0.0790034435	0.0273379934	0.0123017821	-0.1681695648	-0.0813352705	0.1874623896	0.0078948356	0.0853748595	0.1580779924	0.0996367526	0.0615550803	0.1679714542	0.0205218442	0.0814971074	-0.084762903	0.0081553882	-0.0274344755	0.0744372069	-0.1760832786	-0.1111209813	0.0189302978	-0.0644345454	0.0362777932	-0.0282464172	0.1086100792	-0.1135532569	0.0176764836	0.0464556528	-0.054823894	-0.0176387649	0.0203514087	-0.0339836545	0.1902892894	-0.1057399813	0.0495626936	0.10864043	-0.008296632	-0.0416013989	0.1138487259	0.0252750091	0.0366739	-0.1058106895	0.0541781698	-0.1182369745	0.0525520699	0.0404189845	-0.1576847333	-0.0803023352	0.1139766824	-0.0115296039	0.0125222604	-0.0434362564	-0.0142690153	-0.0921085871	-0.0008354312	-0.0239285298	0.0686285416	-0.0509064288	-0.0060782206	0.2022056121	-0.0971326498	-0.0180679214	0.0965716753	-0.1254164574	-0.0694964603	0.1264596156	-0.0275814387	-0.0056890833	-0.0352584839	-0.0840667155	-0.0417087909	0.0196460818	0.0820575941	0.040644634	-0.2026444421	0.03384198	-0.0359448257	-0.0889668591	0.0152879654	-0.0139060969	-0.103421751	-0.0409778307	-0.0766140109	0.0891014146	-0.0317782535	-0.1134548014	0.0876327994	0.0703125971	0.0325787370048544	-0.0019211963794277	3.690995528326121e-06	0.0010613741048314	-0.1174714250448403	-0.0126394835864118	0.0137995357020655	0.0001597565453311	0.147968693038301	-0.0032099730693744	1.030392710610944e-05	0.0218947341194629	-0.0041033180703542	-9.70629577912996e-05	9.421217775195603e-09	1.6837219186495314e-05	-0.0012149858176271	7.191398996000877e-07	1.4761905370349929e-06	5.171621951968244e-13	-0.0004959949215469	-9.705875413720004e-05	9.420401754665443e-09	2.460109622003155e-07
841.7122594218444	0.5756568501681159	708479.5276610262	0.3313808091454766	1148.4065068650823	-2.198264521298597	1318837.5050100605	4.832366905600151	774.2974785873571	0.0175235843798873	599536.5853467387	0.000307076009519	823.3699481849652	795.381014068663	0.92678	17.240887	0.0503875443044746	0.025686192895436	-0.0147444266	-0.0803985638	-0.1193761742	0.0916895466	0.1186082322	-0.0164834537	-0.0019013121	-0.0305281283	0.1075154736	-0.0380249285	0.1570143402	0.0226696437	-0.0023634605	-0.0412516897	0.1258754294	0.0599310595	-0.1370063425	-0.2179381066	0.0564523635	-0.0815720403	0.0265868641	-0.0570673333	-0.0905080299	0.0013665325	0.060735105	0.0348648482	-0.0415152309	0.0810864737	0.0157814066	-0.0022552405	-0.0767653386	-0.0408150702	0.0509783059	0.0217499147	-0.0900055554	0.10829094	0.0344297145	-0.1799327126	-0.1024709448	0.0842631156	0.169534769	0.0601917354	0.0161451663	-0.0662638989	-0.0091145425	0.1067796742	0.0511121462	-0.1232335075	0.0172884068	0.1544445861	0.0592287525	-0.0713533759	0.1121342268	0.1290817046	-0.0685777706	-0.0187132508	0.051193248	0.0073261744	-0.0666411973	-0.0199434458	0.0065619453	0.1051816139	-0.0756062704	-0.0409333869	0.0450959592	0.1406280133	0.045297353	-0.001327583	-0.0208179841	0.0065360538	0.0540338809	0.0490972781	-0.0855815043	-0.0868984051	0.0677836194	-0.0928247417	-0.1591011156	-0.1243404395	0.0866001933	-0.0653816059	0.0088859893	0.0325782362	0.0544064276	0.1351573429	0.1213134533	0.0123045095	-0.0853475964	0.1097949853	0.128711688	-0.0621348887	0.0193718311	0.0804454368	0.0646720359	0.0931560071	-0.123762106	0.081197143	-0.0468938762	-0.1377277567	0.0309720974	0.0162296313	0.0236167491	0.04703104	-0.0859472997	-0.0921141755	-0.0788221169	0.0894719059	-0.0842645826	-0.0931003962	0.1178478515	0.0749675116	-0.0007705309	-0.001728095	-0.157125206	-0.1041894548	0.1248836896	-0.0048298521	0.0242195609	-0.1612104871	0.0647612831	0.0461951033	-0.0777305583	-0.0229565469	0.0132072541	0.1088946113	-0.0915461317	-0.036167323	-0.100128215	-0.0350428114	-0.1100753719	0.0948006283	0.0586099215	0.0386617343700095	0.0060829973651551	3.7002856944483895e-05	0.0014947297044971	-0.1020386750796973	0.015432749965143	0.01041189121202	0.0002381697714866	0.1419255458367345	-0.0060431472015665	3.651962809980117e-05	0.020142860561055	-0.0040648188292975	3.849924105669977e-05	1.4821915619418774e-09	1.6522752115011498e-05	-0.0015371914338275	-0.0003222056162004	2.3629575042326453e-06	1.038164591110795e-07	-0.0004001267833518	9.586813819510004e-05	9.1906999209948e-09	1.6010144275545828e-07
841.9051792181419	0.1929197962975877	708804.3307943317	0.0372180478035027	1148.3316950286548	-0.0748118364274432	1318665.6818073837	0.0055968108696465	774.0208391911502	-0.2766393962068605	599108.2595021725	0.0765293555336963	823.3183770730938	797.8102344493097	0.945077	17.581276	0.0056554779503019	0.003507703713115	0.0593757468	-0.0445552903	-0.1420254049	0.1091679172	0.1000614431	-0.1242505538	0.0773528295	-0.0081497239	0.1342167767	-0.039680587	0.1197326547	-0.0350171562	-0.0578465278	-0.0036733238	0.0949857226	-0.0630567276	-0.026391728	-0.1058111253	-0.0345567571	-0.154500392	-0.0442467732	-0.0916670321	-0.1907148393	-0.0672896251	-0.0267237768	0.0202875887	0.0213286976	0.1195523922	-0.0334642702	-0.0185758262	0.0421121794	-0.0201171979	-0.0142862909	0.0262772422	0.1666733381	0.069461975	0.0466682016	-0.1762284737	0.0606526004	0.1090150977	-0.1726203142	-0.1284743693	0.1766999434	-0.0275537943	0.0261482351	-0.1067211939	0.0706853747	0.0267521188	-0.0601369052	-0.0818762357	-0.027291037	0.0943929486	-0.0446315804	0.0271465936	-0.0728521138	0.0226138229	-0.034945821	0.0481369103	0.0480113699	0.0825940294	-0.0893388253	-0.0614782258	-0.0051824048	-0.1007791981	0.1006560329	0.1664886226	0.0126992212	-0.0429757445	0.0783011892	0.0113036932	0.0763121282	-0.0043912077	0.0237524238	-0.1234597018	-0.0878886716	-0.0198055414	-0.0668741135	-0.0336939258	-0.0267505945	-0.0622559098	-0.1174465719	0.0206888378	0.058142268	0.0447960648	0.0086139841	0.0619051432	0.10080684	-0.0612992723	-0.1965154449	-0.0114005246	-0.1120269816	-0.1982351264	0.0219534483	0.0518249336	-0.0447802393	0.0951148089	0.1769234853	-0.0239338664	-0.0280860651	0.0551010962	-0.0660790511	0.0026136915	0.1360920627	-0.0766848606	-0.1123371616	0.0241566841	-0.0527949541	-0.047896562	0.0519135969	0.0967783805	0.0874704199	-0.0024434338	-0.1906799247	0.0314022404	0.2191884727	0.0327743421	0.0405847733	0.0287034908	-0.0227555616	0.0176995292	-0.0778394412	-0.1897094201	0.0350785069	-0.0858767822	-0.1731966411	0.0609640153	-0.056415259	-0.0382833527	-0.1063942335	0.1013839798	0.0462651033	0.038654843017909	-6.891352100496517e-06	4.7490733773017755e-11	0.0014941968887391	-0.1051100193659806	-0.0030713442862833	0.0110481161711168	9.433155724885113e-06	0.1419505969443477	2.505110761319429e-05	6.275579926478408e-10	0.0201499719728566	-0.0040458304213004	1.898840799709981e-05	3.6055963826432407e-10	1.6368743797919774e-05	-0.0015691970662874	-3.200563245990009e-05	2.462379432844983e-06	1.02436050915821e-09	-0.0004001765669809	-4.9783629100044486e-08	2.478409726370796e-15	1.6014128476061878e-07
841.411151972313	-0.4940272458289882	707972.7266633747	0.2440629196213756	1149.05933303569	0.7276380070352388	1320337.3508364249	0.5294570692822143	774.1952246327463	0.1743854415960868	599378.2458441486	0.0304102822406622	823.2789517696773	792.6682746301857	0.90219	16.783443	0.0221014689577672	0.0155427460628265	0.0524809898	0.0203130387	-0.1343453515	0.0924765115	0.0975904516	-0.138699074	0.0936662125	0.0300603344	0.0382408513	-0.0029324766	0.0535681852	-0.0158668659	-0.0998186185	0.1001155407	0.1469519052	-0.1533774459	-0.0364923776	0.1539975183	-0.0470057629	0.0226778272	-0.0722699876	-0.0389724017	-0.0432565655	0.0717026874	-0.0292279372	0.0214610527	0.0622332368	0.0591356918	0.0344102664	0.0811902114	-0.0131368151	-0.0848079439	-0.1440978188	-0.0267805847	0.0270890709	-0.1681601239	-0.0373460151	0.0014229335	-0.0103143061	-0.098066526	0.0423740628	-0.1331929328	-0.0716845296	-0.0510115982	-0.0264554745	-0.0072517704	-0.0014837337	0.0380120701	0.0184352735	0.0746487151	0.1920927973	-0.0522842274	0.0489523077	-0.2003723555	-0.1138026621	0.0127405672	-0.0321069692	-0.0437710792	-0.336198308	0.0277974686	-0.0095844232	-0.0669766743	0.0647681937	-0.0297197724	0.0365681493	0.133128161	-0.0447316009	-0.0152921664	0.0317725582	-0.0286048508	0.0589083156	0.0349836164	0.0542742561	0.0701970453	-0.1617375143	0.0768341348	-0.0837083919	0.0054509233	0.0625427876	-0.0712391969	-0.1143142987	0.0188192083	0.0175378282	-0.0216154221	-0.0033457918	0.1101141203	0.1038555491	-0.0664757105	0.1215187298	0.1202466413	-0.0937040662	-0.0268174349	0.1469778905	0.0171805363	0.0674652455	-0.0009089896	-0.1828726823	-0.11608279	0.083481765	-0.1700242676	0.1298868257	0.1468111362	0.0392981726	-0.0818890599	-0.1025379999	0.0343882483	-0.0546086377	-0.0398274186	-0.0248665761	0.1552998438	0.1268866081	0.0679477349	-0.1541108069	-0.0404043584	0.1776253591	0.0784690333	-0.0256795675	0.0044631259	-0.0428474175	0.0233724764	-0.0736582255	-0.1565147868	0.0891653428	-0.0587550195	-0.0181564258	-0.055544924	0.0452760028	-0.0414976565	-0.1024214758	0.1073422654	0.033413395	0.0386416553697728	-1.3187648136202268e-05	1.7391406336427915e-10	0.0014931775297162	-0.1050112471787798	9.877218720080738e-05	0.0110273620340427	9.755944964431338e-09	0.154580860608668	0.0126302636643202	0.0001595235602302	0.0238952424665164	-0.0041858390243016	-0.0001400086030011	1.9602408914347582e-08	1.752124833736617e-05	-0.0016156668882241	-4.6469821936699846e-05	2.6103794937037464e-06	2.15944435082859e-09	-0.0004008830512052	-7.064842242999829e-07	4.991199591847486e-13	1.6070722074359102e-07
841.6206290687655	0.2094770964525878	708325.2832741046	0.0438806539382067	1145.237729504859	-3.8216035308309984	1311569.4570814448	14.604653546859954	774.2548388788732	0.0596142461268982	599470.5555273499	0.0035538583412784	822.8001128655025	792.5414555751765	0.946569	17.609028	0.0146580771796514	0.0089009262659203	0.058533761	0.0597664645	-0.1088286698	-0.0294208225	0.0865582199	-0.0906108506	0.0844137193	0.1187228603	0.0446074663	-0.0070402165	0.0722134851	-0.0705810733	0.0110626004	0.0167400141	0.0093884114	-0.1363073568	-0.1236796822	0.1341015647	-0.07825389	-0.0687609233	-0.1340746589	-0.0907011806	-0.1514411256	-0.0327684441	0.0233833742	0.0910783278	0.0327774174	0.0922153105	0.1607109653	-0.008563252	-0.0038504622	-0.1443389121	-0.0008427491	0.0259066933	-0.0749165424	-0.1635014453	-0.1071315759	-0.0317517716	0.0153302701	-0.0181774855	0.0600184158	-0.0873945227	0.0884120043	0.0893446706	0.08246518	-0.1072869299	0.0200521502	-0.1102967331	0.0243017182	0.1342882258	0.0395262963	-0.0364676924	0.1154986556	-0.0915122256	0.0047028068	0.1210343174	0.0417960954	-0.0146495579	0.0588767681	-0.063387966	-0.0195890806	0.1530677765	0.0960902544	-0.0591476285	0.1335900686	0.1522469926	0.0035736934	-0.0011478817	0.0623264942	0.1132540521	0.1057359325	0.102695738	-0.0101274989	0.0745585377	-0.0654265619	0.1164081916	-0.0911260018	-0.0693137344	0.0614722409	0.043312293	-0.0322914566	0.0615666177	-0.1291633239	-0.0214648479	0.0437648883	-0.0422013016	0.0605694769	0.0177745339	0.1281591424	-0.0581858318	-0.0977879631	0.0818697968	0.0542459783	-0.0364676204	-0.1005787473	0.0551352593	-0.1036021043	0.1391101353	0.0077891247	0.0426053812	-0.0648208473	-0.0285941803	0.0468662105	-0.0830349244	-0.0689030378	-0.0174662288	-0.0558925709	0.0202871053	-0.1098188038	0.1140070835	0.1622752686	0.074839493	-0.0926264666	0.0620116229	0.0293835718	0.1116240214	0.055102627	-0.0391204857	-0.0706396501	0.0656758707	0.0752626581	-0.1699898416	-0.0041926107	0.0627048694	-0.0197006375	0.0974802221	0.0720047944	-0.0446835199	-0.098167988	0.1126387502	0.0201956026	0.0460042253696997	0.0073625699999268	5.4207437003823554e-05	0.0021163887518661	-0.1048470618926131	0.0001641852861666	0.0109929063875134	2.695680819364074e-08	0.1525780635071001	-0.0020027971015678	4.011196230048755e-06	0.0232800654635766	-0.0042808340262584	-9.49950019567998e-05	9.0240503967724e-09	1.83255399603717e-05	-0.0016081528668805	7.514021343599979e-06	2.586155643255971e-06	5.6460516752076037e-11	-0.0004009445237446	-6.147253940000938e-08	3.778873100285706e-15	1.6075651112078413e-07
843.6813528966547	2.060723827889205	711798.2252255296	4.24658269483034	1148.248362980087	3.0106334752279054	1318474.3030864496	9.063913922162854	774.8801957862191	0.6253569073459175	600439.3178216893	0.3910712615652504	823.7955964515787	804.8306106572344	0.979625	18.223972	0.025867970553589	0.0130521804381864	0.1819445683	0.0011086604	0.0245871763	-0.1407228471	0.1004850525	0.0102707615	0.1103041189	0.0387136923	-0.0986969705	-0.0405862411	0.036699919	-0.1286294425	0.0166174004	-0.0521257026	-0.104728423	0.0156853201	-0.1378156878	0.0387571293	-0.0699730176	0.0258432777	-0.1069510411	0.0696344522	-0.030988867	0.0057974522	-0.0629571135	0.0670189625	-0.0185078422	0.0597229359	0.0950440561	-0.0134598044	0.0182156939	0.0244104944	-0.0098896016	-0.0314796695	-0.0425637338	0.0328007114	-0.0133649663	0.1854546762	-0.1532912379	-0.1152087188	-0.0194958178	0.1391323444	0.0716662997	-0.0179727059	-0.027134224	-0.1147128927	-0.1554769395	-0.0783014715	0.0639255748	0.0686229563	0.0648101031	0.1478460812	0.0925553705	-0.0768207754	-0.0721284242	0.1355839318	0.1662345163	0.0945665693	0.0266016693	0.08274824	0.2135821642	0.0725703846	0.1304148297	0.0128876023	0.0130160457	-0.0276727814	-0.0296985944	0.061967691	0.101170066	0.1064320189	0.0717251753	0.0311846751	-0.1231416446	0.0688063972	0.0222699529	0.0246781125	-0.038960919	-0.0483947974	-0.0809577775	0.1287308272	0.022796242	0.0279616015	0.0642016987	-0.0445660625	-0.1489935268	0.0135517164	0.09467941	0.0749776951	0.1235728381	-0.1507773329	-0.0199354632	0.1818746514	-0.0737961094	-0.0594995062	-0.0624344486	-0.0999658737	0.0507288402	0.1784990047	-0.2364835547	-0.0573230315	0.0481092236	0.186801343	0.0637740418	-0.0669473075	-0.01053383	-0.0992538962	-0.0669952817	0.0237166673	-0.2010334743	-0.0275618759	0.1680019443	0.1293576769	-0.0339742196	-0.142223869	-0.0870205456	0.069935283	0.0682350053	-0.0847991824	0.0644340412	-0.0745866195	0.0803902467	-0.0343319271	-0.0772735533	0.0892906102	-0.080065042	-0.0287119093	-0.017014194	-0.0478387595	-0.0936454286	0.1172407796	0.0067565429	0.0480247777356765	0.0020205523659767	4.082631863654442e-06	0.0023063792765611	-0.1146919821262315	-0.0098449202336183	0.0131542507640438	9.692245440630888e-05	0.1498904171272812	-0.0026876463798188	7.223443062953567e-06	0.0224671371465903	-0.0041548204699439	0.0001260135563145	1.5879416375027665e-08	1.7262533137464848e-05	-0.0015086782751336	9.947459174689996e-05	2.2761101378600946e-06	9.895194403212418e-09	-0.0004001356403225	8.088834220999958e-07	6.542923905481999e-13	1.601085306562971e-07
842.5539187241645	-1.1274341724902115	709897.105957446	1.271107813298688	1149.39369133022	1.1453283501330134	1321105.857669709	1.3117770296184106	775.1299666347138	0.249770848494677	600826.4651751325	0.0623854767577509	823.9812124602266	803.7327211079889	0.917548	17.069139	0.0238485867429595	0.0168718581030645	0.1689036714	-0.0046055918	0.1253155764	-0.13544377	0.0593205075	0.0722340909	0.1038092823	-0.0054243856	-0.1650997077	-0.0107669268	-0.0467721975	0.0285586819	-0.0525583312	0.00724626	0.036223531	-0.0994758333	-0.0311468707	-0.0239703271	-0.1074094753	0.0298256946	-0.1244266485	0.1236160786	0.0733287315	0.0132030604	-0.0040001874	0.0177960142	0.0676099307	0.1508015269	0.1629025736	-0.0089886199	-0.0532197128	0.0031338824	0.0153981577	0.0294920246	-0.0758837615	0.0902808689	-0.1124124812	-0.0562005665	-0.1229588644	0.0695031532	-0.1520487096	0.087418241	-0.0267191626	-0.0440039729	-0.0426266887	0.0108469337	0.0384169992	0.1028557181	0.0480419585	-0.0926757693	-0.1796642214	0.0224881061	-0.0094509478	-0.1201328048	0.0300615813	0.1642326035	-0.057391755	0.1066354717	-0.058294681	-0.0010926086	-0.1342947444	0.0613601606	0.1405741245	0.0354526972	-0.0846847914	-0.0391631303	-0.0732155283	-0.0169603268	0.0677834667	-0.0099295221	0.0931821386	0.1419133284	-0.0697115674	0.0661462742	0.0799340143	0.0590157133	-0.1144667916	-0.083656806	-0.0924012657	-0.0359736632	0.0400109367	0.0567336673	-0.0088452314	-0.0154525034	-0.0703291619	-0.0875196707	0.0349509363	0.142500722	-0.0887987212	0.179149091	0.135777472	0.0068694374	-0.0637228401	-0.0843255808	0.0897455773	-0.0018943024	-0.0083845876	0.027449217	0.0302612175	-0.1025205742	-0.1847481576	0.1880866132	0.082572718	-0.0569066059	-0.0076247269	-0.0902669619	-0.0697025005	-0.0041122499	-0.1947533612	-0.0899501225	0.13526051	0.0976229012	-0.0234972111	-0.0810446173	0.0206000095	0.0237461698	0.1102167417	0.0963982269	0.102007073	-0.0694292907	-0.0461472318	-0.0991405071	-0.0417401504	0.0158954541	-0.0129258541	-0.0005215576	0.0108568212	-0.0509612127	-0.0888661936	0.1211199807	-0.0067565429	0.047619197404785	-0.0004055803308914	1.6449540480605649e-07	0.0022675879614758	-0.1067452697778605	0.0079467123483709	0.0113945526199482	6.315023714775203e-05	0.1506779271859883	0.000787510058707	6.201720925648381e-07	0.0227038377410659	-0.0041547561998369	6.427010699940755e-08	4.130646653715295e-15	1.7261999080083163e-05	-0.0012156758601882	0.0002930024149454	1.47786779704432e-06	8.585041516383634e-08	-0.0003990266452751	1.1089950474000435e-06	1.2298700151578253e-12	1.592222636395005e-07
841.4509201726623	-1.1029985515021965	708039.6510594202	1.2166058046159431	1146.718178138601	-2.675513191619075	1314962.5800735122	7.158370838527689	773.132548493735	-1.997418140978766	597733.9375404175	3.98967922991107	822.2516973282513	796.881680660967	0.932397	17.345373	0.0562249004846025	0.0301683082226432	0.079052859	0.0031419214	0.1481846776	-0.0919280518	0.0523051831	0.0132223992	0.0077666307	0.0076136851	-0.1469785189	-0.016109665	-0.040932154	0.0486241729	-0.0561558845	-0.0434340897	0.0772604687	-0.0588450305	0.0787743804	-0.181392835	-0.051448044	0.0346441608	-0.0295220262	-0.0535887252	0.0364459856	0.1429179346	0.0875066998	-0.026248241	-0.0419343905	-0.0566442696	-0.0002466119	0.0151620753	0.0216001923	-0.0377296632	-0.0143215405	0.201329149	0.0887174181	0.195528779	-0.0507519311	0.0206298525	-0.0566723816	0.0222813086	-0.0223122812	-0.0382488647	-0.0138714558	0.1176015425	0.1714050721	-0.0275272777	0.0637201274	-0.0449642416	-0.033126206	-0.0899017638	0.072152588	0.064609478	0.0169072524	-0.1387494039	0.0782102014	-0.0271244193	0.1298795519	-0.0716443011	-0.030782527	0.1308808523	0.0736039691	0.1532454657	0.0846673146	0.1108220103	0.0139048777	-0.0274761812	0.0082280653	-0.0583125569	0.0068428622	-0.0613962844	-0.0383329373	0.0798315513	-0.0502082945	-0.0694294396	-0.1276933065	-0.017735238	-0.0386468389	0.1082145057	-0.0728663471	0.0077757401	0.0230730607	0.0165772445	0.0293281043	-0.0481854988	0.054139265	-0.0952658601	-0.1134368411	0.0132930893	-0.2032264097	-0.0070492537	-0.0289590784	0.1105202966	0.0712040771	-0.0806356612	0.005863276	0.0113514687	-0.0097756878	0.0632235962	0.0548078151	0.1896507174	0.0617761974	0.0841661221	0.1322720994	-0.0697449531	0.0268505295	-0.0352668489	-0.0649735549	-0.0640509781	-0.1922974666	-0.0573238674	0.0743841192	0.0429093262	-0.0003025686	-0.0986043717	0.0213053919	-0.0356971683	0.04367181	0.1006637532	0.0160315069	0.0878919692	0.0043560835	-0.0804457133	0.0354776314	0.1603205204	0.0889481815	-0.0394422385	-0.0133841618	-0.0540487397	-0.0838433825	0.1242524367	-0.0201956026	0.0582664134042829	0.0106472159994979	0.0001133632085399	0.0033949749309987	-0.1048117708182303	0.0019334989596302	0.0109855073020532	3.738418226891068e-06	0.1635445804116528	0.0128666532256644	0.0001655507652295	0.0267468297820235	-0.0043678398700426	-0.0002130836702056	4.540465050833122e-08	1.9078025130333757e-05	-0.0016161371509164	-0.0004004612907281	2.6118992905721785e-06	1.6036924537169588e-07	-0.0004010323303374	-2.005685062300038e-06	4.022772569133508e-12	1.6082692997584553e-07
840.5222001886568	-0.9287199840055108	706477.5690099805	0.8625208086911965	1144.9169722296374	-1.8012059089635386	1310834.8732994802	3.244342726485167	773.287020474014	0.1544719802789131	597972.8160335781	0.0238615926912889	822.6810152923539	788.1862905276612	0.938255	17.454353	0.0372300065320409	0.0237674441488418	-0.0380042917	0.0034040432	0.1709170412	-0.1385068457	0.0897135944	-0.0115011147	-0.0418772791	0.0209364411	-0.0761036478	-0.0498347396	-0.1100456965	0.0266726676	-0.0786016724	-0.0510752026	0.0181973039	-0.1944279625	0.0562960536	-0.0277023711	-0.1073619888	-0.1406921335	0.0252825824	-0.0754351985	0.0612733098	0.0278786962	-0.1400983804	-0.0370669705	-0.0307094631	-0.0650973349	-0.0214579619	-0.0653783541	-0.1152244616	0.1204710206	-0.0234745839	0.0838705144	0.0254858283	-0.07397502	-0.0527279223	0.0751599572	-0.0596934693	0.1064598149	0.153074645	0.074863868	0.0883123844	-0.0791579293	-0.1330379328	-0.0031100473	-0.1241798681	0.0235561695	0.0604258728	-0.0081005711	0.0641877115	0.0438650638	0.0015978094	-0.0603401235	-0.118856017	-0.0975846292	-0.1116061777	-0.0471733524	0.0483685881	0.0664235014	-0.1086717596	0.1469247221	-0.0174192674	0.0663415699	0.0558935924	-0.0800061426	-0.0417943864	-0.0828042842	0.0020920335	-0.0676828769	0.0170522022	-0.0369929756	0.0682237517	-0.1557019329	-0.001068188	0.1911855147	-0.0457335649	-0.1818228822	-0.0503697087	0.0290484311	-0.0349480056	-0.2371348514	-0.0188839674	-0.0530906848	0.0231261679	0.004705536	0.0734839245	0.0291928228	-0.0393285967	0.0679121145	0.0266518482	0.0366546685	-0.0445797003	0.0191364267	-0.092860036	-0.103872049	0.0449840487	-0.0457385944	-0.0336947994	-0.1008175671	0.0974301997	0.0858389702	-0.0922273433	-0.0559053129	0.0597887123	0.0402735515	-0.0529223277	0.0168927701	-0.1889671258	-0.0879528846	0.0343058025	0.07093975	0.0142892381	-0.0026160468	-0.0154108462	-0.1672261723	0.1130200298	0.1278205802	-0.0733123723	0.029737147	0.0072805744	0.0808694325	0.05570378	0.1115626952	0.1129002153	0.1114703568	-0.0357197292	-0.0570992244	-0.0785907625	0.1266188352	-0.033413395	0.0582497992594142	-1.66141448686985e-05	2.760298097181007e-10	0.003393039113762	-0.1048172900576105	-5.5192393801917206e-06	0.0109866642950212	3.046200333585909e-11	0.1777844320887709	0.0142398516771181	0.0002027733757863	0.0316073042931267	-0.0044880703162863	-0.0001202304462437	1.4455360203959394e-08	2.014277516393021e-05	-0.0016173652519666	-1.228101050200145e-06	2.615870358268984e-06	1.508232189502699e-12	-6.313044821782158e-05	0.0003379018821195	1.1417768193995349e-07	3.985453492183052e-09
841.5610032071137	1.0388030184568606	708224.9221189636	1.0791117111550848	1148.8899359785562	3.9729637489188008	1319948.0849928109	15.784440950222931	773.3204612451028	0.0334407710888626	598024.5357803386	0.0011182851710177	822.9842666348271	786.29652328392	0.995963	18.527899	0.0472567452212912	0.0211388962888139	-0.0635506383	-0.1100739059	0.1070582939	-0.1293721177	0.0542497057	0.0112154482	-0.09178316	-0.0992334807	-0.0335220696	-0.1164038585	-0.0832393124	-0.0521739632	0.065865518	0.0630337606	-0.1240320035	0.0510934834	0.014976174	0.0698741899	-0.1638766676	-0.0427765925	0.1278561201	0.0358145992	0.0091593122	0.0566919405	-0.021494417	0.0739656451	-0.0392210791	-0.0620830052	-0.1000027326	-0.0233097639	-0.0101920921	-0.0046982924	-0.0197767657	-0.0650549493	-0.0274115491	-0.017496334	-0.0332415823	-0.0001324398	0.0025756499	-0.1501956559	0.0241829877	0.0235773401	0.1102032585	0.1040190396	-0.1982140563	0.133288674	-0.0634894341	0.0774416835	-0.0262879029	0.0174997777	-0.1179005704	-0.1362764704	0.0657550582	0.0229161942	-0.1022268945	-0.1174367621	-0.0349203232	0.0872017747	0.0339162842	-0.0542170548	-0.0240924269	0.0703045073	-0.1127764677	0.0787249613	-0.006611685	-0.0753354336	-0.0491899703	0.0625339839	-0.0162398269	0.0107011242	0.0284332796	-0.1115566456	0.0493184965	0.0647214871	-0.0190789383	0.0252537721	0.0763346653	-0.0924174512	0.0491924721	0.1092051369	0.0125289798	-0.0992220806	0.0180676666	0.075904837	-0.0886343769	-0.0887799582	-0.0382625929	-0.002530956	-0.0350685446	-0.0151980492	-0.05481337	-0.0032641774	-0.0617661536	0.0843600704	-0.0312569337	0.0652930151	-0.067802984	-0.1259016176	-0.1124829501	-0.0961696391	0.0244640309	-0.0460930019	-0.0904138341	-0.0322195804	0.0647323499	0.0794304654	-0.084585756	0.0634455108	-0.0362122841	-0.1708869914	0.0620651635	0.0506527488	-0.0171419148	-0.0523302063	-0.187130346	-0.0773166218	0.0478734649	-0.0428659806	-0.0467047674	-0.0227836034	0.0838035149	0.0016881478	-0.0085209995	-0.0199089536	0.1257969753	0.1248155692	-0.0086411753	-0.0601105761	-0.0731227308	0.1282045865	-0.0462651033	0.0611234315604605	0.0028736323010463	8.257762601616652e-06	0.0037360738857262	-0.1189333592215291	-0.0141160691639186	0.0141451439357172	0.0001992634086405	0.1680460477777785	-0.0097383843109923	9.483612898858268e-05	0.0282394741737314	-0.0043467207903422	0.0001413495259441	1.9979688484621964e-08	1.889398162919312e-05	-0.0017129949370568	-9.562968509019992e-05	2.9343516543822304e-06	9.145036670450804e-09	-0.0002367244260902	-0.0001735939778723	3.01348691535558e-08	5.603845390773456e-08
841.8124450138678	0.2514418067540873	708648.1925802261	0.0632229821837598	1150.7069372157323	1.8170012371761004	1324126.4553564112	3.3014934958994795	773.6283821926202	0.3079209475173456	598500.8737339708	0.0948153099199799	823.3425154191077	797.1617819757548	0.999048	18.585297	0.0341885946075894	0.0158477741362182	0.0089909936	-0.149592506	-0.0578111374	-0.0641022067	-0.0197706517	0.0265956408	0.0426595739	-0.0907685956	0.1065895727	-0.0878011108	-0.0496657214	0.0030500791	0.0113094596	0.0862592785	0.0277612255	-0.0698952572	0.0857650261	-0.1692625645	-0.1077047631	-0.0071545861	0.0740913451	-0.0003997655	-0.0312509799	-0.0512471947	-0.1262938498	-0.0332476636	0.1945193949	0.0223842802	-0.1278359083	0.0058831581	-0.0827334109	0.1851644333	0.1609793934	0.1340549625	-0.0210872867	-0.0962697429	-0.0645355783	0.1428134992	0.1313486816	-0.048845279	-0.0011264136	0.090474385	0.1409619459	0.0943443373	0.10659609	-0.0260794468	0.158175162	0.0319732423	-0.1301778697	-0.0679388347	0.0679101943	-0.116523544	0.0066426952	0.1642518292	0.0852492511	-0.1055547823	0.0906732922	-0.0417245252	0.0237189809	-0.0446284667	0.1864187263	0.0075853454	-0.0867058067	-0.090970936	0.0074133778	-0.056865745	-0.1156047884	0.0465300328	-0.0445364344	-0.1279504447	0.0868112868	-0.0407596153	-0.118297387	-0.0004768993	0.0362690287	0.0603706963	0.1353498521	-0.0353678679	-0.0570638846	0.1138922032	-0.1900504269	0.0553663333	-0.0708534167	0.0244973379	0.0551019023	0.0149250339	0.0487552874	-0.213758257	-0.0761937678	-0.1140402781	0.0679563647	0.1219520612	0.0915796946	0.121658191	0.0400231757	0.0132027354	-0.062877736	0.0791552849	0.0338464619	0.1613271508	0.0735564952	-0.1358663902	-0.2427286741	-0.010468676	0.023325965	0.0865880546	-0.0527058519	0.1083866359	0.0512395531	-0.0806549394	0.1354132439	0.0895355945	-0.0548166938	-0.082860919	-0.0373307221	-0.1512964836	-0.0041165002	0.0756958243	0.01093746	0.0311195238	0.0793379641	-0.0127866122	0.0050640056	0.0250002142	0.1019271186	0.0915180293	0.0412883854	-0.063080731	-0.0674542747	0.1289999139	-0.0586099215	0.0661954319893567	0.0050720004288962	2.572518835072327e-05	0.0043818352162575	-0.1213207074283815	-0.0023873482068523	0.0147187140509229	5.69943146076134e-06	0.1631734100162134	-0.0048726377615651	2.374259875543017e-05	0.0266255617363192	-0.0044220373092641	-7.531651892189999e-05	5.672578022512921e-09	1.955441396452368e-05	-0.001562948317296	0.0001500466197608	2.442807442538398e-06	2.25139881016421e-08	-2.4955400567384063e-05	0.0002117690255228	4.484612017088306e-08	6.227720174785927e-10
841.2129710084017	-0.5994740054660497	707639.2625927822	0.3593690832295093	1149.1818620622364	-1.5250751534958908	1320618.952092829	2.325854223810515	774.0635549463825	0.4351727537623446	599174.3870962313	0.1893753256171022	823.3100131100994	795.7279360043212	1.007295	18.738708	0.02072161303882	0.009696393269499	0.1057203451	0.0065978574	0.0166866844	-0.0554186903	0.0173299524	0.0454501603	0.1181355611	-0.0221250162	0.0351834507	0.0320425559	-0.063880902	-0.064660686	-0.0220433573	-0.0550113889	-0.0882380583	0.0831824951	0.0907728196	-0.0630262501	-0.1227102736	-0.0360588859	-0.0950528903	0.0052994237	-0.0045083795	-0.0292392588	-0.1713086573	0.0171956385	0.0155888612	-0.0607230737	0.0862561056	0.0001653398	-0.021035789	0.053186683	0.0228861828	-0.0122303255	0.0213099311	-0.1400593433	-0.0800797306	0.0999428778	0.0668925286	-0.0030887336	-0.1209517132	-0.0319809471	0.0211495151	-0.0057879761	-0.0828788599	0.1415447783	0.0086756262	-0.0388748561	-0.0153489644	-0.1179712023	-0.0300432448	0.092937719	0.0440170437	-0.0346359183	0.0582893944	0.0111938669	-0.0261098236	-0.0707833849	-0.0528286416	0.1801568666	-0.0535680522	0.1518819697	0.0481139881	-0.0849345007	0.0298942614	-0.0394344565	-0.1103551365	0.0131424712	0.0314494324	0.0860674589	-0.1065664186	-0.0119674626	-0.0876030379	0.007435275	0.0813641559	0.1552566744	0.0638465165	-0.1265215359	0.0110036479	0.0828020733	-0.0813364758	-0.0787483673	-0.0461314944	-0.0441936077	-0.0515632662	-0.0160231034	0.0762399752	-0.0926545124	-0.0383461339	0.0056215909	-0.0497837884	-0.0401153045	0.079329049	-0.058509317	0.0158572505	-0.0344291102	-0.0104326727	-0.0921167682	0.2291151525	-0.0682923122	-0.0925547819	-0.00793777	0.0372916453	-0.0319341776	-0.0425495972	-0.0144840618	0.0143667421	0.1682185719	-0.0807510324	-0.1544241011	0.1384090199	-0.0066540425	-0.0288967846	-0.0543070393	-0.0118743977	-0.0544132859	-0.0731151273	0.0368238364	0.0712354332	0.0184756721	0.1162087816	-0.07631126	0.0365701318	-0.089442306	0.0297267767	0.198515072	0.0332562147	-0.0660076536	-0.0616009311	0.1289999139	-0.0703125971	0.0672199976469301	0.0010245656575733	1.0497347866787924e-06	0.0045185280836532	-0.1161544847285398	0.0051662226998416	0.0134918643225525	2.6689856984359627e-05	0.1669040541645614	0.0037306441483479	1.391770576160301e-05	0.0278569632965668	-0.0044709492346506	-4.891192538650051e-05	2.392376445014593e-09	1.998938705882279e-05	-0.0016182020136903	-5.525369639429998e-05	2.618577757111342e-06	3.052970965233479e-09	8.688258831295601e-05	0.0001118379888803	1.2507735756799072e-08	7.5485841519586e-09
839.849032554287	-1.3639384541147592	705346.3974823718	1.860328106612959	1146.0803838815657	-3.1014781806707106	1313500.246318117	9.6191669051765	773.7844697617993	-0.2790851845832094	598742.4056445489	0.077888540253844	822.908154391445	788.1553102748757	0.99767	18.559652	0.0190404275231007	0.0089938173826602	0.032915078	0.0374008629	0.1141966045	0.0908637306	-0.0315010623	0.0529620171	-0.0227975642	0.0085575727	-0.1083641189	0.0110785585	-0.0815194505	0.0126394729	-0.0256374962	0.0038723689	-0.0735811679	0.161278956	0.1262538071	0.0259423736	-0.1154848668	0.05746291	-0.0264984572	0.0651606981	0.0438412066	0.1673551473	0.010327837	-0.0342305695	-0.0514775794	-0.1546667224	-0.0408067126	0.0023496326	-0.0829471533	-0.1478901617	0.1067991716	0.0225844492	0.0423631846	-0.084744359	-0.0157627817	0.0970205883	-0.089830474	0.1167787241	0.0803424174	0.109974412	0.1514873975	-0.017576601	-0.0473623909	0.0337269111	-0.1057827796	-0.0536971681	-0.0579313004	-0.096613188	-0.1054542697	0.1124643311	-0.1469920804	-0.0668708067	0.0864494767	-0.161371884	-0.0809513483	0.1108048258	-0.0414308501	-0.0505488719	0.1881273225	0.0581976496	0.0542914389	0.0801120407	-0.0503327843	-0.0643828051	-0.0332215695	0.0475083866	-0.0695614009	-0.0716365975	-0.1621953588	-0.0884502778	0.0038869863	-0.0411614935	0.0492635711	0.0878941377	-0.0494491153	-0.0456090839	0.0592948763	0.1347696205	0.0929040169	-0.0802024858	-0.0178413312	0.0113680623	-0.0320825008	-0.2299706451	0.0650144586	0.0060985964	-0.0117601197	0.1274240415	-0.0647831225	0.0432937677	-0.0244025443	-0.1251466929	-0.0377086653	0.0217119277	0.1670838172	-0.0947911259	0.0135020511	0.1394291694	-0.0121332074	0.0553083592	0.0233772099	-0.046130832	-0.0445745878	0.038004688	0.031653871	0.0346335719	-0.0588404749	-0.2415653812	-0.0587216993	-0.0476254474	-0.0243420455	-0.0135738273	-0.0274421041	-0.0027604309	-0.0794747172	0.1246626537	0.02705886	0.1263576879	-0.0056722173	-0.0365898367	0.0153497621	0.0723988896	0.1593464378	0.075566774	0.0351956006	-0.0688893378	-0.0555787436	0.1282045865	-0.0812449131	0.0686075404453276	0.0013875427983975	1.925275017384783e-06	0.0047069946059572	-0.1207175397239694	-0.0045630549954295	0.0145727243970081	2.0821470891315e-05	0.1739922733279684	0.007088219163407	5.024285090849047e-05	0.0302733111778344	-0.0044069906557756	6.395857887500026e-05	4.090699811709629e-09	1.942156664009345e-05	-0.0016180763352082	1.2567848210005494e-07	2.618171026560799e-06	1.5795080862973824e-14	3.093463435272425e-05	-5.594795396023176e-05	3.130173552336212e-09	9.569516025367472e-10
838.5044385143018	-1.344594039985168	703089.6934081846	1.8079331323636356	1144.5508090748506	-1.529574806715118	1309996.554553895	2.339599089337591	773.1036818761362	-0.6807878856631078	597689.302930438	0.4634721452656447	822.3875621714969	784.1227947751009	0.96466	17.945568	0.0408057308475781	0.0209300474049449	-0.0948792384	-0.0314815327	0.0628112592	0.1502718876	-0.0406712715	-0.0299640299	-0.164765208	-0.0500958376	-0.0295525069	-0.0058597713	0.0019447841	0.0003541802	-0.0458222802	0.0670277339	0.021225808	0.1743614823	0.1696710249	0.1090991372	-0.0049861625	-0.0229276525	0.1168569194	0.0038216996	-0.0672062909	0.0594028411	0.1109234221	-0.0764667668	0.0735898506	-0.213740697	-0.0253430534	-0.063590055	0.0634536914	-0.0115750958	0.1486840761	-0.1132166273	0.0251448589	-0.0162483735	-0.0064181183	-0.0401193691	-0.063607433	0.0413315237	-0.0311623698	0.0143442789	-0.0493460887	-0.1086995583	-0.1806718531	0.0538550261	0.0736978257	0.0492794388	-0.0507329465	-0.1399553553	0.0672416589	-0.0394449018	-0.0992487099	-0.0002920193	-0.0252770593	0.0673344736	0.0511789652	0.0063792244	-0.0960486136	-0.1087951532	-0.0450774086	0.1101892327	-0.1128882792	0.0946251437	-0.0456302477	0.033953423	0.0020902469	0.0582908373	-0.150057557	-0.0157472471	-0.1301229613	-0.0620341738	0.0177856655	-0.0666354635	0.0060208505	0.0776285035	0.2228412618	-0.0708436955	0.0248938136	-0.0937140297	0.0683598057	0.0358061091	0.0983874608	0.088530587	0.0461487013	0.01325429	0.0872337554	0.0111384323	-0.0832856428	0.0523984152	0.09598391	-0.0034395085	-0.0073643523	-0.1886356324	0.0897636738	0.0205664383	0.0833800775	0.0280579735	0.0452598844	-0.1343199936	-0.0064442495	-0.0716699533	0.0699957219	-0.0455126378	-0.0411663727	0.1298061147	0.0531494073	-0.0108189654	0.0369790156	-0.153301146	-0.0623686515	-0.0342999681	-0.0561452082	-0.016738804	-0.0824816354	-0.0360265988	-0.1513149793	0.0522790555	-0.1910185347	0.0528549201	0.0448868349	0.011423352	0.0170410047	-0.0648562092	0.0867761884	0.1322238726	0.0424951045	-0.0717238087	-0.0494042187	0.1266188352	-0.0912870929	0.0747778993966505	0.0061703589513228	3.807332958817059e-05	0.0055917342381755	-0.1222392840436867	-0.0015217443197172	0.0149424425635131	2.3157057745918678e-06	0.1805121224564345	0.006519849128466	4.250843265796007e-05	0.0325846263537268	-0.0046699416329823	-0.0002629509772066	6.914321641395833e-08	2.180835485546139e-05	-0.0018327137028606	-0.0002146373676524	3.3588395166530117e-06	4.6069199592751533e-08	8.522185845506215e-05	5.42872241023379e-05	2.947102700737457e-09	7.262765158534648e-09
837.2848923706849	-1.219546143616867	701045.9909921895	1.4872927964107725	1142.874745352458	-1.676063722392655	1306162.6835644457	2.8091896015207234	772.2905553893594	-0.8131264867768095	596432.7019436052	0.661174683497997	821.2837343755403	769.1052582273247	0.985836	18.33951	0.0422094124093435	0.0249404547331624	-0.1822367372	0.0275406281	-0.0520271178	0.0826490169	-0.0970438603	0.0403332746	-0.137425905	-0.050515819	0.0936705968	0.1170304921	0.102729626	0.0429980818	0.0186555783	0.0921735715	-0.0449188896	0.1326427947	0.0831567929	0.0144864043	-0.0347910168	0.0202262298	0.1447323829	0.001231761	-0.1080073833	0.0600459287	0.0468414549	-0.0909883564	-0.1117903885	-0.1770062267	0.0583547437	-0.0545851341	-0.1825532284	-0.0914867512	0.0336830868	-0.0682249417	-0.0967878579	-0.0882986953	0.0597779198	-0.069252009	-0.0312848404	0.0918578922	-0.1206876224	-0.1180267676	0.0639062773	-0.0024268192	0.1543210274	-0.0022602689	0.0321825173	-0.1762276162	-0.1324848727	0.2076204497	-0.0528911542	0.0238962299	-0.1222307948	0.0466064345	-0.0959931915	0.0594395313	-0.1214267066	-0.2095133545	-0.0719486234	-0.0915390999	0.0694737529	0.0604263962	-0.1333900367	0.0395897903	-0.0399774012	0.0816545627	6.76364e-05	0.0460551476	-0.2251506873	0.0842620919	-0.1142535106	-0.0612312568	-0.0505968658	0.0221825588	0.0369391274	-0.0272833198	-0.0908083364	0.0141313853	0.1472342604	0.0033289533	0.0048416058	0.0379801772	-0.0918894	-0.1016875458	-0.0865469275	-0.1133586623	0.1128180092	0.0514455412	0.0551087419	0.1438596922	-0.0785837142	-0.0056563135	0.0645355706	0.0305296053	-0.0168078105	0.1913361571	0.1436984076	0.0098324896	-0.0372426255	0.0427778902	0.1084585812	-0.1726036038	-0.0175559619	0.0011893148	-0.0517589063	0.2016529671	0.0763102839	-0.0025540181	0.1187093272	-0.0455012829	-0.0821041434	0.0273577344	0.1090407785	-0.1676590941	-0.0406000977	-0.0021615691	-0.109035304	-0.0954366447	0.011694278	0.0063423	-0.0029873168	-0.0128498425	0.0069432571	0.0647264411	0.0010572708	-0.1047386334	0.1358579108	-0.0745091236	-0.0430942802	0.1242524367	-0.1003291122	0.0746753007273639	-0.0001025986692865	1.052648693937984e-08	0.0055764005387222	-0.1248247696592841	-0.0025854856155974	0.0155812231204933	6.684735868461092e-06	0.2009609766782532	0.0204488542218186	0.0004181556389851	0.0403853141474774	-0.0047860112196551	-0.0001160695866728	1.347214895039475e-08	2.29059033946645e-05	-0.0020220331547882	-0.0001893194519276	4.08861807906272e-06	3.584185487816685e-08	9.1614190026461e-06	-7.606043945241605e-05	5.785190449694648e-09	8.393159814204508e-11
837.3698650938021	0.0849727231171755	701188.2909672123	0.0072203636739481	1139.1292693722207	-3.745475980237188	1297615.4923404895	14.028590318533723	772.0872998694082	-0.2032555199511989	596118.7986196334	0.0413128063906322	821.0501992806858	769.9791826867004	0.95993	17.857573	0.0487584580803444	0.0248188254850674	-0.1647438638	0.0906269205	-0.1089181678	0.0703264692	-0.1634324289	0.0128546911	-0.0733328472	0.0623919501	0.135884197	0.1423242169	0.1133192159	0.0572894661	-0.0414294179	-0.0704399969	0.1203408582	0.0244133771	0.0396709057	0.0030893264	0.0738271879	0.097248793	0.0764733708	-0.0642797241	-0.1010425891	-0.0700605643	0.0891574132	-0.0792485514	0.0519940288	-0.0895053846	0.0179613417	-0.016413046	-0.0555021507	-0.0817421697	-0.0526804976	0.0309469517	-0.0477065796	0.0308352753	-0.0105555645	0.1447325129	0.08445381	0.1259830371	-0.0099788255	-0.0765220146	-0.0837883909	-0.0264514979	0.1205580139	0.1186679754	0.0513227947	0.0291667582	0.1745042726	-0.0418291736	-0.1052681851	-0.028231814	0.1333243996	-0.0724165072	0.0141804274	-0.0065278457	-0.0292653228	-0.0408141042	0.1377157572	-0.0688359834	-0.095467247	-0.0220654908	-0.0783178587	-0.0657092834	-0.0092673126	0.1386665173	0.0581723078	-0.0924691399	-0.069072329	0.0182745725	-0.1037491219	0.0310331753	-0.005965784	-0.0009338467	-0.08196168	-0.0200261079	-0.0142992389	0.0609512418	0.0858771065	-0.0079459985	-0.038679533	-0.0034333141	0.0621693118	-0.2012978078	0.0711235685	-0.0627564574	-0.0345421326	0.0644704547	0.0126201878	0.0729860026	0.1455320309	0.0718185252	-0.1417947521	0.1391781354	-0.0599805988	-0.0328327786	-0.0556812402	0.0654448241	0.1021835039	0.0277197865	-0.180579323	-0.0775481628	-0.1233796807	0.0051157564	-0.083776851	0.1757888504	0.1265929145	-0.0725026511	0.0406063426	0.1564514044	-0.0897692767	0.0180436012	0.1278153532	-0.0943265815	0.0480179687	-0.1397287596	-0.1058122381	-0.0057371989	-0.0072531628	0.0631527792	-0.0429029666	0.1025480624	0.0106678179	0.1687495464	-0.0844016221	-0.0035383886	-0.0668480552	-0.0772433738	-0.0366662233	0.1211199807	-0.1082719048	0.0923528479683	0.017677547240936	0.0003124956764555	0.0085290485278559	-0.1179928378949597	0.0068319317643243	0.0139223097945062	4.667529163238464e-05	0.2109901154144182	0.010029138736165	0.0001005836237892	0.0445168288025895	-0.0049859407956152	-0.00019992957596	3.9971835343585256e-08	2.485960561737993e-05	-0.0020317258535405	-9.692698752299892e-06	4.127909943944873e-06	9.394840910283587e-11	8.393595106862472e-05	7.477453206597862e-05	5.5912306456860655e-09	7.045243881794563e-09
838.268787720895	0.8989226270929294	702694.560467059	0.8080618894996537	1139.2137933222891	0.0845239500683874	1297808.0668957592	0.0071442981351632	772.1086371847385	0.0213373153303564	596151.7476152742	0.000455281025507	820.9222405729655	770.4842793795781	0.944025	17.561693	0.0233279997477588	0.0151554614769816	-0.1296017008	0.1247208138	-0.126202434	-0.0346137395	-0.096223513	-0.0361499115	0.0145603847	0.1004027302	0.1431776746	0.0920283597	0.1658001896	0.0860619544	-0.0749903443	-0.0729460979	0.0939278498	-0.0190399803	0.1079210378	-0.0232187908	-0.0020753739	0.1359352716	-0.0028492638	-0.0646376581	-0.0986993217	-0.0592606588	0.2170992404	-0.1722977686	0.0607475589	0.0786699823	0.0180736377	0.0820022065	0.0594012732	0.0720538504	0.0191173485	-0.09553092	0.0985697171	0.0100695022	0.0822621906	-0.0658728572	-0.1796750981	-0.0554376797	-0.1738260157	-0.0408575725	0.0606107515	-0.0369761927	0.1074975619	0.0361432704	-0.0616224468	0.0756780123	0.0448442281	-0.0456983706	0.2012784977	-0.0943581682	0.2381612478	0.0526427706	-0.0347265578	-0.1809502837	-0.0001603016	-0.0157421989	0.0543626571	-0.0093433048	-0.1187202307	-0.0224431889	-0.0166897029	-0.0668112924	0.0258096837	0.1597501905	0.1268152768	-0.1345111061	-0.0621422314	-0.1065929355	0.0325226663	-0.0337861731	-0.0933242233	-0.0440509829	-0.0699598265	-0.0895452744	0.1059586523	-0.1218195976	0.0089549253	-0.1818343621	0.0386603936	0.21691229	0.1539289219	-0.0554242532	-0.0970960664	-0.0119578212	-0.0643683958	0.0482831103	-0.0481357682	-0.1620080593	-0.0686908369	0.0502691903	0.0433648392	0.0401312981	-0.0251464494	-0.104548402	0.011672058	0.0050867886	-0.0587455536	-0.225156739	-0.1063507604	-0.0569935552	-0.0613799638	0.0134873342	-0.0907108057	0.1394376497	0.1375217142	-0.0078519652	0.0382880006	0.1859785883	-0.0432708246	0.052772872	0.1498824308	-0.0343710726	0.0836968002	-0.0279466895	0.0403775379	0.0580964397	-0.0082438473	-0.0226285289	0.0584318925	0.0505799172	-0.0973555614	-0.0085202046	-0.1592905069	0.0884717463	-0.0209417767	-0.0799246852	-0.0301376669	0.1172407796	-0.1150284477	0.0783937096949074	-0.0139591382733925	0.0001948575413356	0.0061455737197294	-0.1183576617810899	-0.0003648238861301	0.0140085361022868	1.330964678911391e-07	0.2049647977315061	-0.006025317682912	3.630445318001312e-05	0.0420105683091172	-0.0050369399425395	-5.099914692430034e-05	2.6009129870063727e-09	2.5370763984749825e-05	-0.0020402266579486	-8.500804408100287e-06	4.162524815804114e-06	7.226367558477727e-11	8.386150429454597e-05	-7.444677407875133e-08	5.542322170732641e-15	7.032751902544152e-09
838.9394500831465	0.6706623622515053	703819.4009058123	0.4497880041407693	1141.712872356692	2.499079034402939	1303508.282904968	6.245396020192327	772.4353729607606	0.3267357760220193	596656.4054010293	0.1067562673327111	820.8627667893815	777.7064166819321	0.943702	17.555698	0.0299254760285597	0.0162769304005572	-0.0420355218	0.1243153889	-0.1144304706	-0.1301283231	0.0062150693	-0.0841698493	0.0770319316	0.0700990786	0.0328222103	0.0634369255	0.1272937588	0.0220410805	-0.0264517561	-0.1429312118	0.0596852717	-0.1453172037	0.0136620853	0.1024963239	0.0435657139	-0.057530864	-0.0557824078	-0.1124842483	-0.1454329983	-0.0502062263	0.0712338066	-0.2507094161	-0.1856146808	0.0889796562	-0.0459103777	0.0864296916	-0.0097493696	-0.0267292759	0.0977117271	0.0053290437	0.0232389574	0.0010541368	0.0733936341	0.0845476971	-0.0049239757	-0.0371598099	0.0706700616	-0.1209043027	-0.1310219199	0.0223711024	-0.0881458131	0.067052311	-0.0290266036	0.0106252185	0.0530565692	0.0973966865	0.1004263368	0.0403257237	-0.1279621371	-0.0447871352	-0.0568606723	0.0154630953	0.018828743	0.117032765	0.0710813142	-0.065576146	0.0008106758	-0.0712179282	0.0237380043	-0.071876182	0.0333988742	0.1631837023	0.0911260025	-0.1141019774	-0.0162124668	0.0232569277	-0.056278425	-0.0846447297	-0.0122793945	-0.1358406993	-0.0931514051	-0.1559252002	0.0299964936	-0.0400509271	0.0636035115	0.0951182399	0.0683019249	0.0104595776	-0.0535473781	-0.0772049457	0.0192356744	0.0207288165	-0.0707357862	-0.0848867701	0.0032362127	0.1205862691	0.0203761052	-0.094546888	0.0477562596	-0.0560512962	-0.0170762289	-0.0964158429	-0.0898332826	0.0206398839	-0.0704041736	-0.0581814253	0.0284514842	0.1903120826	0.0524801211	0.0196682751	-0.1082143753	0.0795550231	0.1290922842	-0.0199628043	-0.0172932938	0.1888435175	0.0306431444	0.003043639	0.0783003404	0.0424607875	0.0848074751	-0.0935181347	0.072329495	0.0786229086	-0.0994741673	-0.0065671769	0.0875663105	0.0069635215	0.0370812664	-0.1108163258	-0.1016466789	-0.0950025914	-0.0651630724	-0.0825512202	-0.0235265052	0.1126387502	-0.1205247148	0.0881202207092144	0.0097265110143069	9.460501651143524e-05	0.0077651732978406	-0.1246634483962623	-0.0063057866151723	0.0155409753660475	3.97629448360873e-05	0.1934469079469636	-0.0115178897845425	0.0001326617850888	0.037421706194241	-0.0050699427101099	-3.300276757039946e-05	1.08918266730581e-09	2.5704319083796515e-05	-0.0020257278336075	1.4498824341100097e-05	4.103573255852136e-06	2.1021590727407662e-10	8.386568467380314e-05	4.1803792571668e-09	1.7475570733750443e-17	7.033453065805778e-09
838.4448212850832	-0.4946287980633315	702989.7183397751	0.2446576478735759	1139.7498804640193	-1.9629918926727896	1299029.7900177462	3.853337170699101	773.0182663885238	0.5828934277632243	597557.2401703187	0.3397647481295611	821.5456142472447	773.0708907614759	0.931441	17.327602	0.0256144054136639	0.0157162624403503	-0.0390364184	0.1629053881	-0.0711228349	-0.1485963169	-0.0429995268	-0.0328397052	0.0707973625	0.1404373242	0.0127412021	0.0682131193	0.026449528	-0.0736912799	0.0727620263	0.0336115374	-0.0213711165	-0.0715156521	-0.1456652877	0.1045144564	-0.0837227938	-0.0178162582	-0.0484171018	-0.0517981429	0.0498585334	-0.0476019734	0.1426216419	-0.0372215716	-0.0061057199	0.0138455769	-0.0806380605	0.0172845743	0.0908418367	0.0977783189	0.0083256112	-0.141506649	0.0830537991	-0.0716187935	-0.138794999	0.0502475863	0.2322314653	0.0581269075	-0.0374867606	0.0827849004	-0.0960483022	0.0395232973	-0.016932781	-0.0402845289	0.0925621942	0.1150528252	0.0532840444	0.1009029658	-0.0434828243	0.0588566904	0.1286462354	-0.0665666677	-0.2128198197	0.0111681723	-0.0995920613	-0.1538662985	0.1679087807	-0.021226955	0.0818778568	-0.032670158	0.0807128029	-0.0308148493	0.0391147928	-0.0061591404	0.0836362829	-0.0562778043	0.073150734	0.0302897208	-0.005960374	0.0112566073	0.0857390563	0.073714428	-0.1165951122	-0.0203951778	0.1707909897	-0.0520947006	0.0255913	-0.0502001099	-0.0877616231	0.0664797387	-0.0920646587	-0.1599036344	-0.1053179626	0.1324866764	0.0326192021	0.1170373917	-0.0967328437	0.0950819916	0.0748649908	-0.0375190776	-0.0561897364	0.1594449799	-0.1214251553	-0.0179299901	-0.0181026336	0.0939833627	0.1308559197	-0.0319368725	0.0527243771	-0.024968408	-0.0059869859	0.0288082362	-0.0645691057	0.0145543605	0.116913536	-0.0055958593	-0.0684501848	0.2121585938	0.0648927975	0.0559227136	0.1636377195	0.1472959537	-0.0554365021	0.0310202218	-0.0089339915	-0.074012211	-0.0476606323	0.0487845719	0.0934400332	0.0995729483	0.0787476433	0.0332851524	0.0915266522	-0.1738080111	0.060453723	-0.0851211787	-0.016850859	0.1073422654	-0.124700488	0.0746922408718262	-0.0134279798373881	0.0001803106425133	0.0055789308464549	-0.124742823487594	-7.937509133169873e-05	0.015560772011657	6.3004051239155164e-09	0.2011752063623006	0.007728298415337	5.972659639650053e-05	0.0404714636549142	-0.0049859409108504	8.400179925949994e-05	7.056302278833326e-09	2.4859606766491716e-05	-0.0020292254784812	-3.497644873699888e-06	4.117756042517254e-06	1.2233519662519104e-11	8.394128193274335e-05	7.559725894020973e-08	5.714945559273118e-15	7.046138812512305e-09
839.3215399854778	0.8767187003945764	704460.647483594	0.7686356796215551	1141.6813212992	1.9314408351806376	1303436.239403487	3.73046369980328	772.8524597797198	-0.1658066088040186	597300.9245875634	0.0274918315230888	821.8261214827178	779.3650215158847	0.937034	17.431648	0.0144962237576074	0.0081357386854038	0.0269497459	0.1582018937	0.0020209177	-0.0890329803	-0.0291751012	0.0464876878	0.0532721326	0.1070917274	-0.0390448465	0.0745923031	0.0805607533	-0.009190648	0.0692044116	0.0420065171	-0.0552331324	0.0852801866	-0.0615758885	0.0328392258	-0.0168670969	-0.0144304191	-0.1544564848	-0.0365469703	0.0067203927	-0.0099275621	-0.0164409803	-0.0290851186	-0.0454844319	-0.0393274298	0.0735275018	0.0273150815	0.1136377675	-0.0526977891	-0.0283841421	-0.1605263597	-0.1533715866	0.1796044629	0.0291530316	-0.0123479327	-0.047660092	-0.075698848	0.0989090861	-0.09171786	-0.1054898263	-0.1224747705	0.0183519493	0.0752134758	-0.0133240414	0.0811936149	-0.1796361741	0.0432994572	-0.0393887449	0.1645590821	0.1778060841	-0.0726728893	0.1166363116	-0.0186743086	-0.1006068507	-0.0113901556	-0.0688958671	0.1732404745	0.0656514526	-0.222676932	0.1287364089	-0.0195232191	0.0224496945	0.0345992249	0.0490896278	-0.0017158342	-0.0548602386	0.1538816126	-0.065186915	-0.0080732028	0.0287077516	0.1216249458	0.0195115416	-0.0851557688	0.1007492773	0.027312926	0.0239598772	0.0716591393	0.0752710986	0.0675549253	0.0298797268	-0.0527709956	0.1261377276	0.0822245269	-0.0556842122	0.0800741724	0.0242244497	-0.1438146405	0.0066473698	-0.0380574736	-0.1137562523	0.0064265863	0.1884004731	0.0610811107	-0.0720986769	-0.1430163498	0.0715520466	-0.0227753607	0.0746572985	0.2614672349	0.072191855	0.0150092857	-0.0883656212	-0.0320937477	0.142742985	0.0068548886	-0.12634845	0.0525535629	0.0183488912	-0.0197661995	0.124362609	0.0515990408	0.0008887535	0.0505172912	-0.0621530499	-0.141131356	-0.0212923233	-0.0369904054	0.1255406024	0.0573776121	0.021668356	0.114937639	-0.0939226932	0.0197456676	-0.2268137505	-0.0876327994	-0.0101290257	0.1013839798	-0.1275100165	0.0747199311626332	2.769029080700036e-05	7.667522049762486e-10	0.0055830681129486	-0.129445722904137	-0.004702899416543	0.0167561951781746	2.2117262922120536e-05	0.195621549189056	-0.0055536571732446	3.084310799793123e-05	0.0382677905071262	-0.0049673775563525	1.856335449789987e-05	3.4459813021469935e-10	2.467483978735453e-05	-0.0020298827476548	-6.572691735999038e-07	4.1204239692266e-06	4.320027665647005e-13	0.0001489601958015	6.501891386875665e-05	4.227459160672796e-09	2.2189139933221222e-08
838.6557039702823	-0.6658360151955094	703343.3898018898	0.4433375991314346	1139.3190159253184	-2.3623053738815543	1298047.8200490358	5.5804866794696695	772.7919489954638	-0.0605107842559391	597207.3964322075	0.0036615550112688	820.7889124414808	777.718500303509	1.127271	20.970615	0.1099242313692168	0.0587790871931244	-0.028978098	0.0567153216	0.0552972608	-0.0188017313	-0.0383437017	0.1183041653	-0.036516676	0.052526062	-0.1030804971	-0.0446268698	0.0371324198	-0.0112264441	0.0561875924	-0.0014819307	0.0695588246	0.0407145772	0.0183901708	-0.0333374283	-0.1176405024	0.4181017661	-0.0361702505	0.0950353874	0.0731295543	0.0165655952	0.1398757253	0.3011416212	0.140446108	-0.0062512242	-0.0865794493	-0.124415015	0.0450410604	-0.0430009587	0.0534444257	-0.0149759389	0.0336103113	0.0842388982	0.0510791469	0.1274592906	-0.035305468	-0.1155829225	-0.0904741724	-0.2388003537	-0.121158038	-0.1111739439	-0.0453730777	-0.1120726612	-0.0192182984	0.0251349791	-0.0508237628	0.0247977038	-0.1124557002	0.0808488651	-0.020940569	-0.0228825872	-0.0490237804	-0.0762527115	0.0713915435	0.0580134415	-0.0766055257	-0.1563392531	-0.0058995013	-0.0796613943	0.0948455444	0.1179392234	0.0231751735	-0.0184819799	0.0634315501	0.1674325809	0.0932768252	-0.1792944371	0.0028610858	0.2060389719	0.0570789175	0.1740544664	-0.0374680611	-0.1218247621	0.1473310329	0.0993253974	0.088886849	-0.0202270677	-0.1463934188	0.0082816331	0.0797697771	-0.1044630471	0.1106044052	0.0692050375	-0.0392750795	-0.0426434314	0.1281665555	0.0972450367	-0.1027313193	-0.1149384358	-0.1988649056	-0.0505733168	0.1160647989	0.1574688001	0.0290413689	0.0334435859	-0.1914961765	0.0298160259	-0.0446973975	-0.1104654726	0.1392248308	0.0984418404	0.0817521179	-0.0137846963	0.0831512929	0.0895326858	-0.0585541043	-0.1280357532	-0.0641334516	0.0992540593	-0.0101849081	0.4091522655	-0.0808370913	0.1498671966	-0.0637986635	-0.0202227546	-0.0623332192	-0.0934404384	-0.5376739365	-0.232865532	-0.1332698944	0.0522587448	0.0194557651	-0.1498116705	-0.0733490154	-0.090084361	-0.0033794295	0.0948006283	-0.1289225186	0.0748304963317281	0.0001105651690948	1.2224656616983338e-08	0.0055996031812527	-0.1500500008504275	-0.0206042779462904	0.0225150027552132	0.0004245362696879	0.1782962722482963	-0.0173252769407596	0.000300165221074	0.0317895606976385	-0.0041149475929716	0.0008524299633809	7.26636842469563e-07	1.6932793692902762e-05	-0.0015056879781047	0.00052419476955	2.26709628740902e-06	2.7478015642368224e-07	8.790270247106477e-05	-6.105749333043523e-05	3.728017491796142e-09	7.726885101716537e-09
840.7951114561826	2.1394074859002785	706936.4194486145	4.57706439072615	1144.5306820456956	5.211666120377231	1309950.482143985	27.161463750287854	773.510587756869	0.7186387614051455	598318.629371977	0.5164416693939217	822.3836573025187	787.1885744052684	1.140709	21.220602	0.0793853326530648	0.0404506667345012	0.0328281937	-0.0346505528	-0.0532465125	-0.0195114475	-0.1668299605	-0.0926723929	0.0076532033	-0.043667099	-0.0794610992	-0.0443760456	0.1794668406	-0.0369172837	0.1090621204	0.0826915566	-0.2893741594	-0.0100567171	0.0738540815	0.0096908211	-0.0008254932	-0.0640008789	-0.0473358467	0.072262476	-0.134081917	0.0016806455	-0.0675376596	0.0214660506	-0.0312731257	-0.0935931462	-0.0730892135	-0.0322482371	0.0258301425	0.3020032281	-0.0857203891	0.062287684	-0.0791432216	-0.035683067	-0.1294100665	-0.0700016998	0.1381182406	-0.0057407704	0.0294788798	0.0211552916	-0.0337228512	0.009010657	0.0383385155	0.0438342647	-0.0422060411	-0.0543862008	-0.2703432912	-0.0115859138	0.085517223	0.1306948767	-0.0645272467	-0.0059822514	-0.0248848245	-0.0888945587	0.0361661903	0.0829789164	-0.0133607629	-0.0652601495	-0.1801535775	-0.0150744055	0.0045483005	0.0010629392	-0.0577953349	0.0870087652	-0.03237483	0.0583082901	0.0483577261	0.0592960768	0.0626954558	-0.1765554761	0.1047605719	-0.0335495815	0.1140389445	0.1494921894	0.1611660248	0.0299885743	-0.1660241994	0.0476901854	-0.0105902198	-0.1813728719	-0.1719070626	-0.0810681149	-0.0160203659	0.0387537971	-0.2089151544	-0.050853855	0.012003363	-0.1420368659	0.0121773088	0.0378904941	0.0088175044	0.1391545801	0.1123598986	0.0490856107	0.1813491863	-0.190715279	-0.016972561	-0.0896162132	-0.0146819891	-0.085438818	0.0508841367	0.0811142165	-0.0689381828	-0.0249977621	0.1050572499	-0.0228485136	0.1056762767	-0.0893991732	0.0199465799	-0.0232674626	-0.0957502364	0.1317137361	-0.22687519	0.1101065824	-0.0924315069	0.0963704001	-0.0514405215	-0.0855639304	-0.1593777059	0.0352069222	-0.0005840946	0.1383064875	-0.0534347476	0.0861761846	0.0989134748	-0.0924741833	0.0033794295	0.0876327994	-0.1289225186	0.0747796949244303	-5.080140729779581e-05	2.580782983436541e-09	0.0055920027729908	-0.1174666105186474	0.03258339033178	0.0137984045867396	0.0010616773255131	0.1694116020448461	-0.0088846702034502	7.893736462407604e-05	0.0287002909074013	-0.0046023763367659	-0.0004874287437943	2.375867802768896e-07	2.1181867945222705e-05	-0.0016958923613994	-0.0001902043832947	2.876050901452833e-06	3.6177707424517174e-08	0.0001675989895928	7.969628712173522e-05	6.3514981809900595e-09	2.8089421312527483e-08
839.624024993048	-1.171086463134543	704968.5033455265	1.3714435041369737	1147.8295278054209	3.298845759725282	1317512.624902015	10.882383346457472	772.6880943736553	-0.8224933832136685	597046.8911867909	0.6764953654302666	822.0984657163756	791.4910032150805	1.081776	20.124275	0.0743633427541692	0.0365502032824772	0.1183499015	0.0394733542	0.1053766518	0.0492262799	-0.230584725	-0.0139779662	0.0618808369	-0.0494853919	-0.202533824	0.1393113941	0.0614358278	0.0559481035	-0.0162798242	-0.0419888416	-0.1629565308	0.1694759508	0.0821832843	0.0494008796	0.0963965794	-0.1221605273	-0.1319977211	0.0267216789	0.0282224231	0.0338168835	0.1399671525	-0.0556782983	0.0304452508	-0.1838383997	0.0349674537	0.0460551122	0.0400799125	0.0041111566	-0.0575961532	0.1468533069	0.012573226	0.1211791075	0.0231344749	-0.091024686	0.1251558266	-0.123504002	0.0788037614	-0.0200636461	0.0985412214	-0.1067183074	-0.1804254423	-0.1109602053	-0.0292982541	-0.0500354501	0.0526118009	-0.1636706922	0.0083507346	-0.0995138048	-0.0868230413	0.0046878961	0.1566271634	0.072316082	-0.0605389983	0.1835231196	0.0737436625	0.0673845027	0.0580125539	-0.08569706	0.1105518117	0.0299241671	-0.2084056259	0.0578217207	0.1025443559	-0.040577586	-0.0879680518	0.0477988247	-0.1546663252	0.0137090195	-0.0518263091	-0.0283332243	0.05862966	0.0845636599	0.0468084563	0.1434737861	-0.1758988203	0.040617092	0.1033075417	-0.1660525857	0.1378290768	0.2365790006	0.0648150608	0.0820363174	-0.0063048368	-0.0769114827	-0.1138848262	-0.0796045764	-0.0998671363	-0.0682783862	-0.0600535377	0.0102432819	-0.0060520608	0.0818017931	-0.0690185416	0.0601079266	-0.0097479746	-0.0012580337	-0.1234014372	0.0875175701	-0.0516714182	0.034204617	-0.0781807372	-0.0973635237	0.1542985453	-0.1288103348	-0.0193924877	-0.0868504355	-0.0443237377	-0.0633055882	0.0772554742	-0.11756201	-0.0194923129	0.1110313856	-0.1913984064	0.0654962974	0.1294719944	-0.0487435914	-0.0567418073	-0.0113783891	-0.0116917063	-0.109498418	-0.1264712293	-0.0831251212	-0.0961140897	-0.0948006283	0.0101290257	0.0799246852	-0.1275100165	0.07802600597104	0.0032463110466096	1.05385354113401e-05	0.0060880576077927	-0.1346066333340871	-0.0171400228154396	0.0181189457375373	0.0002937803821137	0.1850128924007705	0.0156012903559244	0.0002434002607698	0.034229770354499	-0.0049529385818245	-0.0003505622450585	1.2289388766052572e-07	2.4531600595325686e-05	-0.0020292200970624	-0.000333327735663	4.117734202321937e-06	1.1110737936222293e-07	8.397459959049065e-05	-8.362439000230933e-05	6.993038603258333e-09	7.051733376383233e-09
836.2268466475342	-3.397178345513794	699275.3390540787	11.540820711227838	1134.9006347128263	-12.928893092594535	1287999.450671576	167.15627659973867	771.1631551526257	-1.5249392210296264	594692.6118649526	2.325439627834444	819.4467761954004	773.8518249914147	1.052227	19.574575	0.0508883376276271	0.031556352901458	-0.0521585727	0.1278517873	0.1112732409	0.0475127334	-0.0956762137	0.0694108103	-0.1268560071	0.1240085491	-0.0816164654	0.0958326112	-0.0005687595	0.1659375945	0.0561677054	-0.0692204766	0.0074409246	0.0490370641	-0.0331645403	-0.1726939764	0.1055705281	-0.0957542361	-0.0119493354	-0.1175588198	0.1230274753	0.0747705584	0.1191793701	0.0093591112	0.0319167267	0.0018522098	0.0329749515	0.0732694286	-0.1543563551	0.0198287645	0.150026214	0.0273515853	0.0741314859	0.0697689592	0.0884485229	-0.0746348476	0.2304018386	-0.0225779915	-0.0505041663	0.1810899016	-0.2419949701	0.0274850109	-0.0451444039	-0.0132347775	-0.0040461633	-0.0785224334	-0.0138981145	0.0050290209	0.0098723398	-0.1302746622	-0.0398119076	0.0388883925	-0.0151636261	0.1246929543	0.1711507834	0.0218245542	-0.0719933942	0.0201478742	0.108591313	-0.037530944	0.0576833276	0.1430355758	-0.0091390613	-0.0244443123	0.1620809786	-0.0955234807	-0.0982202405	-0.0574544932	-0.095245131	0.1400587506	-0.1228926272	0.0741330831	-0.0444262551	-0.0153488159	0.0605333948	0.0919100969	0.0433934736	-0.0201235275	-0.0326248653	-0.0271883645	-0.1726297221	0.1895264588	-0.0804602241	0.130525632	-0.1686054109	-0.0716958113	-0.0856308613	-0.0444597447	0.1995695791	0.0582315068	0.0232217511	0.0229711001	-0.0554725002	-0.0842706138	-0.0621681454	0.0504571167	-0.0784831803	0.1436960647	0.1096403326	-0.0124494363	-0.0050991528	0.0438814057	-0.0372669459	-0.0227842036	0.1040222789	-0.1446285997	-0.054248906	0.060389597	-0.1341171738	-0.0850206396	0.1767446349	0.0350605763	0.0750941903	0.0227893257	-0.0213403223	0.0372568062	0.0149408046	0.107180853	-0.0101248376	-0.0156330225	0.0574702393	-0.0712028232	-0.0608993395	-0.1192968369	0.0313057314	-0.0970621018	0.016850859	0.0717238087	-0.124700488	0.083260602840113	0.005234596869073	2.740100438170888e-05	0.006932327985299	-0.1284946790950982	0.0061119542389888	0.0165108825557522	3.735598461949423e-05	0.2093630249288836	0.024350132528113	0.0005929289541366	0.0438328762073723	-0.0052559507115418	-0.0003030121297173	9.181635075581407e-08	2.7625017882156755e-05	-0.0020292339619107	-1.3864848299842414e-08	4.117790472171796e-06	1.9223401837764307e-16	8.316751432704654e-05	-8.070852634441128e-07	6.513866224686529e-13	6.916835439339492e-09
838.1104526060417	1.8836059585074736	702429.1307675041	3.5479714069248582	1139.1721666593453	4.271531946518962	1297713.2252913471	18.24598517013208	771.7142288814764	0.5510737288507244	595542.8510581318	0.3036822546294417	820.1889083569588	770.6680239390955	0.988158	18.382702	0.0281184325028183	0.0135694056587749	-0.0951196375	0.0440239396	0.1028112807	0.0693180791	-0.0017236693	0.0966987216	-0.1308363682	0.0486472768	-0.0340854057	-0.1179118951	-0.0685033772	0.054815493	0.0057302957	-0.2027730827	-0.0717353606	-0.067717391	-0.0762090344	0.0127982724	0.0512026634	-0.0287075006	0.1026230923	-0.0496170248	0.0265679154	0.0543308248	0.0342334606	0.117876132	-0.1810052812	-0.0629602742	-0.0617907964	-0.0813548469	0.19057887	-0.0238215542	-0.0016127729	0.0281548002	0.256482277	0.0032940187	0.0225829461	-0.0597669684	-0.0026716307	-0.0437151833	0.1172721748	0.0811114493	-0.0729723666	0.0149606931	-0.0048766832	-0.0556560247	0.0955170277	0.0947657705	0.1664215285	-0.0668834381	-0.1413917223	0.0252497842	0.1260678829	0.1733165378	0.0275724661	0.0669204594	0.0097615118	0.0104279416	-0.0555001055	-0.0455705673	0.1052880965	0.0313576305	-0.0419691745	0.134924945	0.0940009642	-0.0787689625	0.1573625411	0.0532713729	0.129057819	0.0245536692	-0.0353779063	0.028498342	0.0497759327	-0.0607960635	-0.1641363845	-0.0862506793	0.100589531	0.1491558835	-0.0682236728	-0.0856352801	0.1013592448	-0.1183983675	0.0381613417	0.1350845323	-0.052958134	-0.0563901308	0.0967479026	0.0939179042	0.0667784756	-0.116671873	0.108708598	-0.0404526961	-0.0039441836	-0.0581497358	-0.2009827501	0.0911761276	-0.1304563665	-0.0486211802	0.0034576848	0.1254599057	-0.0394550943	-0.0765880015	-0.1301207231	0.0753298583	0.0831781359	-0.0048111366	0.0094444876	-0.048713104	-0.0259739442	-0.0138942306	-0.1538863138	-0.0588970173	0.0414425366	0.1089535854	-0.0202615733	0.0471313189	0.1540018916	-0.0788258508	-0.104559692	-0.0107236045	0.0260555574	0.0338879646	-0.1369257823	-0.051699231	-0.1233184621	0.029047153	-0.0394427036	-0.0992570537	0.0235265052	0.063080731	-0.1205247148	0.0913090904344215	0.0080484875943084	6.47781525557378e-05	0.0083373499959613	-0.1365443791600711	-0.0080497000649728	0.0186443674802092	6.479767113602441e-05	0.2162776591947093	0.0069146342658256	4.7812167030130886e-05	0.0467760258667428	-0.0051539418798397	0.0001020088317021	1.0405801745227404e-08	2.6563116900765577e-05	-0.0020292346905692	-7.286584998572597e-10	4.1177934294094765e-06	5.309432094142323e-19	8.32701655206717e-05	1.0265119362515285e-07	1.0537267552668622e-14	6.933920465840061e-09
840.5401596307736	2.429707024731897	706507.7599521263	5.903476226031527	1144.0206101889428	4.848443529597489	1308783.1565370809	23.50740465969576	773.3391428120182	1.6249139305417657	598053.429805227	2.64034528166869	821.9208894683643	786.0264851008342	1.068095	19.869778	0.0515845038872395	0.0335078172686886	-0.0339665224	-0.1866647492	-0.0420014867	0.028072828	-0.0286356792	0.0313854873	-0.0505339927	-0.1122868595	0.0438311093	-0.133867552	0.008289428	-0.0502459852	0.0996051554	0.1859268141	-0.0223864456	-0.049590567	0.0081218137	0.1282100388	0.1232298576	0.0944787528	0.1307094736	0.1096495447	0.071558719	0.0150963965	0.0300209772	0.1650134592	0.0216277697	0.0811353566	-0.0127580838	0.0567150043	0.1539250416	0.049892472	-0.0655073331	-0.08947989	0.0978985119	-0.0583342604	0.0003095837	-0.0261689988	-0.0275228714	-0.0954898439	0.0820051106	0.0752080985	-0.0159247513	0.1035688234	0.1917569261	0.0341338673	0.0583624847	-0.1498030873	0.0873390142	0.0308736954	-0.0417778769	-0.005404584	-0.1838380627	0.0317422946	-0.0716868726	-0.0266601274	-0.0654427984	0.083512865	0.0690570542	0.0477890264	-0.1172142408	-0.1051591394	-0.1201440696	0.0202785974	-0.0392228358	-0.069923944	0.0154086133	0.1298820562	0.1289764442	-0.1142070493	0.1404926045	0.013444617	0.0337407264	0.1019845236	0.053524349	-0.0603947746	0.0626467091	0.1116945136	0.0507940856	0.0090914929	0.019742074	0.0208109491	-0.0706875527	0.0402240716	-0.038396478	-0.0422593374	-0.0706685524	0.0321646507	0.0540138563	0.1553808058	-0.0763982155	0.0477827213	0.0777506301	-0.0092145941	-0.083333697	-0.0362531761	0.1527648902	-0.0192012469	0.074999941	-0.0162353792	-0.088872124	0.0080115055	-0.0078735532	0.1219171967	0.1278167003	0.0029173968	-0.0635042671	-0.0364054007	0.1190966292	0.0064273842	-0.0152214163	0.0481105308	-0.0111724816	-0.014975223	-0.0709130331	0.03201777	0.1433530447	-0.1302830986	-0.0667640131	-0.0700916284	0.0830882048	-0.0232378815	-0.181032038	-0.0955725861	0.0484482508	-0.1030471059	0.1591785002	-0.1013839798	0.0301376669	0.0540487397	-0.1150284477	0.091308835266247	-2.551681744927814e-07	6.511079727397855e-14	0.0083373033976786	-0.1495928441605087	-0.0130484650004376	0.0223780190240302	0.0001702624388676	0.185800018108651	-0.0304776410860583	0.0009288866061705	0.034521646729175	-0.0053149400417417	-0.000160998161902	2.5920408135822723e-08	2.8248587647309267e-05	-0.0020292363767546	-1.686185400074508e-09	4.117800272744137e-06	2.8432212034244285e-18	8.310716095668875e-05	-1.63004563982945e-07	2.6570487879270008e-14	6.9068002022809715e-09
839.6634620121774	-0.8766976185961539	705034.7294382753	0.7685987144521673	1151.5470511360566	7.52644094711377	1326060.6109801475	56.647313330390816	773.36155934397	0.022416531951876	598088.1014709369	0.0005025009047494	822.8462287688924	785.7261045775891	0.977511	18.184631	0.0295522285834621	0.0195252282428306	-0.0333775779	-0.181705979	-0.0452574982	-0.0567818001	-0.036624976	0.0849808583	0.0374089456	-0.2756858773	0.0460354752	0.1149383496	-0.0481890851	-0.0086853683	0.0063724899	0.0373153218	0.0732506856	0.0090149199	-0.1469889636	0.0703983013	-0.0170823314	0.0595792038	0.1301349233	0.1523531705	0.0286130013	-0.0999543646	-0.019652135	-0.0027050157	0.0629326328	0.0252709742	0.0551868568	-0.1113574013	-0.0682688094	-0.0316145152	-0.1315310176	0.0533834818	-0.1729408046	0.0073031771	0.1039752811	0.0427281754	-0.0033130662	-0.0238312771	0.1585752173	-0.1224858788	-0.1776506367	0.0737895735	-0.0545456115	-0.045059445	0.0536436625	-0.0772880596	-0.1317782575	0.0602805918	0.1557358991	-0.0256251504	0.0174611047	0.0966124089	0.080937609	-0.0460424155	0.045288531	0.1030781182	0.0378184963	-0.0266323592	0.0213663327	0.0562252235	-0.1339889429	-0.1090155314	-0.2545034931	-0.0402125154	-0.0705458114	0.0349061404	-0.0433513345	0.0611038662	0.05468081	0.0482484538	0.0155998496	0.0766536685	-0.029429528	-0.0119364962	-0.1049132826	0.0497547966	0.0656088282	0.0103708118	0.0316677443	-0.0248259371	0.0426177906	-0.1038973378	0.1182417185	0.1322020178	-0.0753109988	-0.0960077536	0.1900558445	-0.1116523658	0.0050788366	0.0646555415	0.1774844933	-0.1780783775	0.0608034113	0.0409952905	-0.0360096694	0.0582154653	-0.0007101157	-0.0095520193	0.086409374	-0.0343438049	-0.0935607722	0.126080046	0.109447122	-0.0378479771	-0.0400871839	-0.0265646011	0.1111437122	0.0109336496	0.0031591985	0.0165882918	0.0344392719	-0.0580328316	-0.1106190015	-0.0546768059	-0.0101213412	-0.0984576804	0.1122916111	0.0121358905	-0.0172902495	0.0245031499	-0.0038125969	-0.0898439368	0.114878033	-0.0621185579	0.0342833483	-0.1034414224	0.0366662233	0.0446835199	-0.1082719048	0.0728785971792547	-0.0184302380869923	0.0003396736759432	0.005311289926816	-0.1519760832855183	-0.0023832391250095	0.0230967298908067	5.679828726976501e-06	0.1915861645594034	0.0057861464507524	3.347949074955459e-05	0.0367052584505828	-0.0052559507115418	5.898933019990015e-05	3.479741077432852e-09	2.7625017882156755e-05	-0.0020292339619107	2.414843899931768e-09	4.117790472171796e-06	5.83147106103767e-18	8.316751432704654e-05	6.035337035779216e-08	3.642529313544824e-15	6.916835439339492e-09
840.1164119528318	0.4529499406543209	705795.5856325001	0.2051636487387528	1145.021695358118	-6.525355777938557	1311074.6828407787	42.58026802867612	771.7523349992306	-1.6092243447394594	595601.6665767647	2.5896029917021424	821.3404784795983	785.4268255742226	0.989539	18.40839	0.0301000144699526	0.0195843815890522	-0.0432219873	-0.1231881612	-0.1251719067	-0.0966179434	0.0005446217	0.0735655963	0.0818801807	-0.087094034	0.1826944711	-0.0073685309	-0.1411149632	0.0383988303	0.0940290263	-0.0231094796	0.015207092	-0.0981955833	-0.0518458283	-0.110822057	0.0622839949	-0.0468273213	0.1209066591	-0.0562419787	0.0912437909	-0.2341705046	-0.121228208	-0.05474905	0.0783631891	0.0113444641	-0.0539739324	-0.0743654604	0.1260582872	0.0446651256	0.0539157063	0.0530790664	-0.1195936337	0.0164730847	0.0440262784	0.0564295192	-0.0438013029	0.0758577522	-0.0045388449	-0.0764598938	-0.0254417586	0.0072860366	0.0220404891	-0.0833557251	-0.1651499236	-0.0435616765	0.1482254894	-0.1608470004	0.0635225956	0.1142373497	0.0590497491	0.0923535628	0.0706954549	-0.0324902779	0.0319069946	-0.1080580019	0.0671282228	-0.0260826931	0.0048979459	-0.0728766982	-0.1362614464	-0.221535508	0.0156853818	-0.1490555387	-0.0147043146	-0.0884434309	0.0342358549	-0.0321225666	0.0566194788	-0.035363966	0.0821883497	-0.2295069787	0.0271949158	0.0773205219	0.0819423359	0.0269106852	0.0302014971	0.0114847641	-0.1680081213	0.0890706178	0.1337469374	0.0053038285	0.1513450721	0.0309093168	-0.0598670508	0.1354385223	0.053036645	-0.0387750871	-0.0357334357	0.0562052913	-0.053289736	-0.1267726707	0.0828884902	-0.1815870867	0.0161859929	0.0292339815	-0.0530835376	0.0358192533	-0.0046588829	-0.1032075079	0.1537414396	0.1388972762	0.0937329108	-0.0417220611	-0.041457025	0.0653676576	0.1345317405	0.0764300068	0.0272077415	-0.0484113036	-0.0655735483	0.0654027336	-0.0021597895	-0.1643391548	0.1455800874	0.092636792	0.1155090637	0.0723156195	-0.0025272134	0.0403933416	0.0173506954	-0.0728309557	0.0406293565	-0.0219882756	0.0637943905	-0.1054279714	0.0430942802	0.0350428114	-0.1003291122	0.0913129247465889	0.0184343275673342	0.0003398244328597	0.0083380502257762	-0.1495942304244124	0.0023818528611058	0.0223784337762721	5.673223051958355e-06	0.1858555667768797	-0.0057305977825236	3.283975094506542e-05	0.0345422917019551	-0.0053269399974318	-7.098928588999964e-05	5.039478711172102e-09	2.83762897362387e-05	-0.002029236874171	-2.912260300101665e-09	4.117802291495291e-06	8.481260055548244e-18	8.309498729756936e-05	-7.25270294771839e-08	5.260170004784302e-15	6.9047769139832125e-09
840.8299220566054	0.7135101037736149	706994.957825717	0.5090966681870347	1144.9800517732297	-0.0416435848883338	1310979.3189586278	0.0017341881623518	772.3420133969921	0.5896783977615314	596512.1856581195	0.3477206127866069	821.2726369164462	794.781026515291	1.031712	19.192938	0.0290362322635656	0.0157657914541326	0.1306015301	-0.0092202121	-0.0189594414	-0.1049243289	0.1277129435	0.0701269145	0.1007307416	-0.0292195753	0.084261742	-0.0498978699	-0.1112415648	-0.0094351572	0.0223270172	-0.2518324927	-0.0630228522	-0.0709520285	-0.0787194232	0.0358339985	0.0166040775	-0.1441939206	-0.0782410151	-0.0274807972	0.1566631269	-0.132358997	-0.1201112926	0.0792396452	-0.1020483475	0.0793593846	0.0351530743	0.0455412564	0.1272067933	-0.0424736276	0.1657203691	-0.0149062026	-0.0578509471	-0.227560211	-0.1273275916	-0.0614918527	-0.1228449379	0.1225654574	0.0177089484	0.0864379905	-0.0464676528	0.0571531608	-0.1468615038	0.0128880916	-0.0905935856	0.0067167131	0.1421149456	0.2017249024	0.0166786641	-0.0607398868	-0.0186044669	-0.0729240314	0.0301601232	-0.0818599248	0.0203495372	0.049817903	-0.1030556156	-0.0887653538	-0.1265257858	0.004367471	0.0281210257	-0.1183689372	0.0894423678	-0.1043210581	0.0512638978	0.0022602994	0.1554373717	0.0341085426	-0.0931548214	0.0215490867	0.0302244064	-0.0614863392	0.1972204402	0.0882616345	-0.0548798028	-0.1548972053	-0.0403193937	0.0462674813	-0.0115860432	0.0140588823	-0.1612244595	0.1207867417	-0.1603776789	0.0245767984	-0.0335294653	0.0577426997	0.1843798714	-0.029329462	0.0587870425	-0.092230266	0.0271074317	-0.1847394159	-0.0439953048	-0.0161985892	-0.098358436	-0.0662205055	0.0030474185	-0.0505237951	-0.0465570817	0.0695759282	-0.1599097187	0.1017151284	0.0313052513	-0.1637260206	-0.0030198367	0.0924256955	-0.0197229619	-0.0604004904	0.0680742128	-0.1486339032	-0.0260471412	0.0817745051	0.0537058307	-0.0371108573	0.1631385563	-0.0245734212	0.1349777202	0.0227875862	0.1065143346	0.059758711	0.0583533018	-0.1483564953	-0.114429156	0.112893069	0.0586358977	-0.1073422654	0.0494042187	0.0251860523	-0.0912870929	0.0823286128258047	-0.0089843119207842	8.071786068994521e-05	0.0067780004898212	-0.1402599788744538	0.0093342515499585	0.0196728616738622	8.712825199790442e-05	0.1786911342430457	-0.007164432533834	5.132909353185911e-05	0.0319305214570661	-0.0052559507115418	7.098928588999964e-05	5.039478711172102e-09	2.7625017882156755e-05	-0.0020292339619107	2.912260300101665e-09	4.117790472171796e-06	8.481260055548244e-18	8.316751432704654e-05	7.25270294771839e-08	5.260170004784302e-15	6.916835439339492e-09
842.4636008235874	1.6336787669820296	709744.9187126448	2.6689063136879247	1146.8714910065014	1.89143923327174	1315314.2168834757	3.577542373159587	772.6270590151532	0.2850456181611207	596952.5723224051	0.0812510044328554	821.2413484842626	800.7935761450481	0.991077	18.437016	0.0080490695658852	0.0054012343793067	0.141607257	-0.1829559517	0.052279482	-0.0605057393	0.15388872	0.0539082007	-0.0002169218	-0.1562191856	-0.0695748901	-0.1762445605	-0.0928244565	-0.0143941346	0.016174373	-0.1381246909	0.0313175637	0.1835508193	-0.078384223	-0.0379076898	0.1191392566	-0.0687087553	0.0960213931	0.0680609839	0.009002907	-0.0315279165	-0.0347756209	0.111475531	-0.051929692	0.0426331756	-0.0285857219	0.0646693948	0.0388409243	0.0735023763	-0.1852175171	-0.166078201	0.0575801315	-0.1011003587	-0.0016489624	-0.0145380315	-0.0200538138	0.2025434368	-0.0590490085	0.0455144073	-0.0449745036	-0.1080500838	-0.0491621682	-0.1743117791	0.1632604938	0.0492199982	-0.02124424	-0.0645101634	0.1357140917	-0.0304428945	-0.1577010258	0.1283216168	-0.0226516502	0.0190155331	0.0903314975	-0.1791836043	0.0767443991	0.0562007462	-0.0160395604	0.0495595006	-0.0456400951	0.0720227708	0.0168132889	-0.0728474341	0.040771434	0.1525693652	0.1583967954	0.0216549216	-0.0097280318	-0.0910551258	0.1046025014	-0.0120496661	0.0518246901	0.0190122282	-0.1223779889	-0.0130882791	0.0078302051	-0.2441986559	0.1593798879	0.0165406494	-0.0246532911	0.0012204352	-0.043609435	0.2732750112	0.1345793809	-0.054803561	0.0270192529	-0.0633942447	0.1387781775	-0.0310905168	0.109618339	-0.0515329085	0.0670835722	-0.0293715457	0.1517526605	0.1225258571	0.0220956854	0.0272132822	0.071694001	-0.1460865727	-0.0571476566	0.1276093026	0.1190900081	-0.1378118525	-0.0389968447	0.0018798277	0.0686867193	-0.1382070695	0.0129879434	-0.0711278006	-0.1107033506	0.0775918124	-0.0754948408	0.0023825582	0.20174027	-0.0853030207	0.0560233171	0.0278108125	0.0688663957	0.0896086613	-0.076003718	-0.0129668011	-0.046892394	-0.009428314	-0.1137561	-0.1091829923	0.0555787436	0.0151740128	-0.0812449131	0.0812826039441176	-0.001046008881687	1.0941345805682963e-06	0.0066068617039362	-0.1354247002865207	0.004835278587933	0.0183398494476939	2.3379919022924213e-05	0.1765233521467806	-0.002167782096265	4.699279216887452e-06	0.0311604938531363	-0.0052559507115418	0.0	0.0	2.7625017882156755e-05	-0.0020292339619107	0.0	4.117790472171796e-06	0.0	8.316751432704654e-05	0.0	0.0	6.916835439339492e-09
842.0362445735263	-0.4273562500610524	709025.0371754875	0.1826333644662447	1151.3983386082632	4.526847601761801	1325718.1341498687	20.49234920957657	773.6794913155692	1.0524323004159442	598579.9552823179	1.107613746958796	822.8100006133537	804.9937629253253	0.994547	18.501564	0.0383123951832107	0.0189554800738168	0.1133145444	-0.3299252287	-0.0501330126	-0.0257733301	0.0487989636	0.01197867	0.0479124351	-0.2806536551	0.0080710848	0.0004725357	-0.0510743333	0.0575405078	0.0554325801	0.153336351	0.0613862947	0.0135210884	-0.0614566973	0.0586798645	0.0322589335	-0.0377671227	0.0824348418	0.161557062	0.0136863178	-0.1022510249	0.0192078803	-0.1105382935	-0.2303090654	0.1662407727	0.0706678919	0.0065758563	-0.0581153982	0.1011091566	-0.1585294035	-0.0935738643	0.0046145264	0.1713218584	-0.0366846337	-0.0820619388	-0.0276335327	0.0661856439	0.002557799	0.1952328738	-0.0434432999	0.0019215716	-0.0368171151	0.0900734947	0.0670684698	-0.0600254516	-0.0301796174	-0.0557266213	-0.0370994718	-0.0847727027	-0.0715141932	-0.1166280015	0.0788063967	-0.0541970634	0.0291644727	0.0001559682	0.0056104974	0.0586146339	-0.0312131995	0.0126565283	-0.1090040556	-0.0928050832	-0.1337866947	-0.1062563809	-0.0403941198	0.0878653781	0.0237991393	0.1070882579	0.1703635627	-0.1014884615	0.0164605093	-0.0540274994	0.0324572978	-0.172821534	-0.1196128606	-0.0534277452	-0.1821626587	-0.1468750566	0.2436515528	0.0948667496	-0.0247526235	-0.0193578966	0.0248378296	0.0417562416	-0.0657218781	-0.0794562543	-0.1347891369	0.1216873101	0.0255396903	0.0532385539	0.023879158	0.0563131136	0.0466433273	-0.0396290578	0.092582519	-0.0544931378	0.0730747564	0.0852247202	0.0171776329	0.0486395208	0.0493928351	0.1442838579	0.1303603491	-0.0840890298	-0.0511513495	-0.0476564086	0.1587216043	-0.0484431671	0.0824691127	0.0140544268	-0.1133380825	-0.1201400479	0.0439381319	-0.0823280842	0.0004270695	-0.0542533158	0.079288566	-0.0613422593	-0.0244054187	0.0053530742	0.1136682497	-0.1215401051	0.0089841205	-0.0536214514	0.0316349074	-0.1109488906	0.0616009311	0.0050684204	-0.0703125971	0.0827309550714971	0.0014483511273794	2.097720988181458e-06	0.006844410927042	-0.1499023376579202	-0.0144776373713994	0.0224707108353091	0.0002096019838577	0.1857440340304634	0.0092206818836828	8.502097440007622e-05	0.0345008461779099	-0.0051529387644699	0.0001030119470719	1.0611461239543956e-08	2.6552777910376576e-05	-0.0021892288113201	-0.0001599948494094	4.792722788314019e-06	2.5598351837536624e-08	8.285981479336799e-05	-3.076995336785508e-07	9.467900302599765e-14	6.865748907591244e-09
839.2006995971126	-2.835544976413757	704257.8142042832	8.040315313265296	1146.0957983736348	-5.302540234628395	1313535.5790496997	28.11693293985296	772.0537757704992	-1.6257155450699656	596067.0326814842	2.642951033482136	821.2129181853903	789.7976226707428	0.976562	18.166981	0.0458348378459399	0.0201289523190652	-0.0036319985	-0.179825163	-0.031853241	-0.0618325307	-0.0391099106	0.0714486968	-0.01537845	-0.1965669816	0.0930649751	0.1359894989	-0.1172241059	0.0697407666	0.1043406172	-0.0104322752	0.0216920376	0.0919638785	-0.0632876119	-0.0453058044	0.0164748312	0.0751356335	0.1251141842	0.0349678587	0.0729302129	-0.1577949489	0.0099688783	-0.063971729	-0.0651605869	0.0170916655	0.0523268583	-0.0465916513	-0.1025895937	-0.1118177532	0.0008417371	0.212908314	-0.187966159	0.0934089847	-0.052229339	0.0241744493	0.0572768356	-0.0306582436	-0.0561672715	-0.0634763279	0.0547045545	-0.0427985935	0.2096140508	0.0566099598	0.0202183098	0.1437297526	0.104107743	-0.0355341535	-0.0069565473	-0.1985815602	-0.1323604135	0.041795137	-0.1070151952	0.0685535475	0.0173755462	-0.0966755967	-0.1116733425	0.043453227	0.0824375794	-0.0661694256	-0.142228366	-0.0998234251	-0.0820114182	-0.1068412578	0.0054168686	0.0039471108	-0.0920835648	0.0915946295	-0.0675151634	0.032467929	0.0191730092	-0.037753914	-0.0170967692	-0.0101226063	-0.2630356006	0.1286366832	-0.110945695	0.0347856985	-0.065958664	0.1325943515	-0.0331433791	-0.0171053049	0.1833090273	-0.1450872819	0.0551182945	-0.1476243284	-0.0275998482	0.2745157657	0.1124629727	0.0207387321	-0.0767423808	0.1094163543	-0.0630071262	-0.0100546532	-0.1098269562	-0.0365687834	-0.0829574001	-0.005232572	0.1010856671	-0.1492348014	0.0296494917	0.1231550946	0.1275496272	-0.0364299157	-0.0493886785	0.0130966909	0.1645775687	-0.0040991062	-0.0101012168	-0.0396300863	-0.0571707642	-0.1352891654	0.0552567667	-0.1221953005	-0.0259371227	-0.0300652138	0.1410813392	-0.0616066929	-0.0666557952	-0.0122575697	0.1395093865	0.1281136702	0.0023485137	0.0022595134	0.1125022299	-0.1126387502	0.0674542747	-0.0050684204	-0.0586099215	0.0913950100958658	0.0086640550243687	7.506584946528861e-05	0.0083530478704234	-0.1406375040487262	0.009264833609194	0.0197789075450554	8.583714180605073e-05	0.193068434405589	0.0073244003751255	5.364684085513971e-05	0.0372754203638252	-0.0052557794929727	-0.0001028407285028	1.0576215438986722e-08	2.7623218078752376e-05	-0.0023640904510164	-0.0001748616396962	5.588923660586926e-06	3.0576593037278624e-08	0.0002167884233393	0.0001339286085459	1.793687218704949e-08	4.6997220493939545e-08
837.5707972683575	-1.6299023287550654	701524.8404367521	2.656581601281185	1139.517293065477	-6.578505308157901	1298499.661195272	43.27673208946168	771.5845862769238	-0.4691894935754135	595342.7737801317	0.220138780881553	820.1193993188921	781.1460142396052	0.953579	17.739422	0.0477381368766519	0.0271460474455969	-0.0402873757	-0.0396710446	-0.0898764105	0.0079046878	-0.0651756226	0.0271361207	0.0454259165	0.0489127275	0.161321486	0.1092466056	-0.0387195124	0.0566768185	-0.006441901	-0.0645440347	0.0391231593	-0.0407281052	-0.0236395698	-0.1166848145	0.0511375722	-0.0542515809	0.0474232273	-0.0238150032	0.0973488229	-0.1042137627	-0.0450905174	-0.1129983917	0.002076703	0.0524536707	-0.0440399869	0.1172404907	0.0935581253	0.0300309536	-0.060747214	0.1520541627	-0.055727612	0.0111450183	-0.0307837089	0.0499236919	-0.2147355736	0.0928797348	-0.0406071711	0.1110678901	0.3249921624	-0.1261716672	0.0457316784	0.0239273644	0.0171923437	0.0548264005	-0.1030214545	0.1096845804	-0.1376770905	-0.0106145835	-0.0408380837	0.0991135021	0.0570637455	0.1872943388	0.0248138772	0.0190887042	-0.0271694562	0.0727365227	-0.0175275822	-0.0841594703	-0.0740311479	-0.1348032603	0.0601239177	-0.0858840162	0.0384692204	-0.1435759029	0.0567425845	0.0155237106	-0.0564464953	-0.015566335	0.0257956256	-0.1517296313	0.1134965822	0.0022184832	-0.1155098095	-0.0040956686	-0.1408544774	-0.026039777	-0.0061569986	0.2415933759	0.0467148685	0.0320485738	0.0051234282	-0.1264420817	0.1623805258	-0.0009889191	0.136734998	-0.0376673	-0.0014665931	-0.0096767191	-0.0008707815	0.2538281006	0.0951942911	-0.0296192585	0.0501946221	0.0603646807	0.0237582227	0.097645608	0.0110877413	0.1265610732	0.0590878301	0.1045470613	0.0908521642	-0.0232016719	-0.0533760319	0.0156948524	0.1042487369	0.1184035769	-0.018551903	-0.0729565902	-0.0145028953	-0.0132924576	0.1254449457	-0.0902364675	0.0193886725	0.1073151064	0.0847262803	-0.0324255536	0.0520054117	-0.0072768138	0.13537864	0.0077425021	-0.0025936961	-0.0346430772	-0.0100887023	-0.1142514127	0.0731227308	-0.0151740128	-0.0462651033	0.091231197528657	-0.0001638125672088	2.6834557175539908e-08	0.0083231314025128	-0.1349119769207192	0.0057255271280069	0.0182012415166566	3.278166089354379e-05	0.2077995912887047	0.0147311568831157	0.0002170069831149	0.0431806701397527	-0.0056304445359948	-0.000374665043022	1.403738944627517e-07	3.17019056729137e-05	-0.0023952470765484	-3.115662553199996e-05	5.737208557713657e-06	9.707353145412721e-10	8.025728592699023e-05	-0.0001365311374123	1.8640751483099012e-08	6.441231944366664e-09
839.1102771959995	1.5394799276419917	704106.0572959471	2.369998447612592	1136.0940651811118	-3.423227884365133	1290709.7249397442	11.718489148294983	773.5412684175157	1.956682140591852	598366.093944979	3.828604999311111	821.8015672127367	778.6030802732946	0.985353	18.330517	0.0470719705740225	0.0237247713193763	-0.0046677234	0.0713548394	-0.1038383702	-0.0008178984	-0.089922675	-0.0709431136	0.043475429	0.1206195699	0.1465295849	0.0403522989	-0.0124627337	-0.0677563915	0.0597728612	-0.0281587188	-0.1860531666	-0.1033229293	0.142304086	0.0055211902	-0.011484075	0.1217178646	-0.0386428683	0.0573706743	0.0198044841	-0.1227920169	-0.0501357577	0.0167163524	0.0563499768	0.1873602589	-0.0153010546	0.0356733835	0.014382627	-0.1448236453	-0.0874507444	0.0547694246	0.0339991192	0.0845032317	-0.0995144806	-0.0357226624	0.0432493446	-0.0854879693	0.0655327088	0.1101204477	-0.0383977823	0.1099058797	-0.1225693818	-0.0295222954	0.0929498223	-0.0581853408	-0.2376709169	0.0666421848	-0.0954028868	0.0129167602	0.0140774344	0.094656348	0.1162272043	0.0092006309	0.0170712168	-0.0723935315	0.0205698466	-0.0362649263	-0.0452271313	-0.0128578369	0.0140498	-0.1501656267	0.0714663923	0.0011819975	-0.0539688701	-0.072208751	0.1245887347	-0.0362587899	0.0547875559	0.1243786902	0.0725656282	0.0720537946	0.0474550235	-0.1004829608	-0.0275923978	-0.0031951175	-0.0223092654	0.0861501073	0.212867932	-0.08898102	-0.0212837453	0.0108265748	-0.0653325801	-0.051091761	-0.0228792747	0.022525679	0.0696276348	-0.1133579302	-0.0182664097	-0.0043443955	-0.1769222967	0.1027965338	0.1441383151	0.0716673925	-0.0256873897	-0.0035557635	0.0721863831	0.0037121001	0.1104598889	-0.1037915747	0.1254414085	0.0598719908	0.0398524785	-0.1049871808	-0.0002698946	0.0537956152	0.0338431267	0.1644097735	0.0124666975	-0.0481245785	-0.0296749863	0.1154138802	0.0442389646	0.0888136362	0.0594945286	0.0325922324	-0.0030670044	0.0217097535	0.0982814115	0.0439428659	0.0117817711	0.0510861577	0.127726807	0.073215791	0.0381462923	-0.1157857731	0.0785907625	-0.0251860523	-0.033413395	0.105346757448359	0.014115559919702	0.0001992490318466	0.0110979393048833	-0.1497588396837557	-0.0148468627630364	0.0224277100634248	0.0002204293339044	0.2093040700123083	0.0015044787236035	2.263456229775909e-06	0.0438081937237172	-0.0055492186965196	8.122583947520017e-05	6.597636998450985e-09	3.079382814180269e-05	-0.0024702317647913	-7.49846882428999e-05	6.102044971783941e-06	5.62270347088489e-09	0.0002561481415625	0.0001758908556355	3.0937593096191736e-08	6.561187042592253e-08
839.873479734124	0.7632025381244603	705387.4619607059	0.5824781141996183	1143.6937313409826	7.599666159870821	1308035.3511086598	57.75492574148572	773.503597793242	-0.0376706242736872	598307.8157990894	0.0014190759331693	821.9151592489187	793.1568487536923	1.047687	19.490122	0.0378072547107686	0.0190069636878925	0.1510299392	0.0171216237	-0.0325865352	0.1314518305	-0.0056166642	-0.1230210388	0.1311908855	0.0052265933	-0.0373956593	-0.0200422454	-0.1426710673	-0.0677042622	-0.083426191	0.0528594036	-0.0587684856	-0.0245209168	0.0261822645	0.1349756077	0.1661390706	0.0638101072	-0.0794652972	0.2058706904	0.0848726556	-0.0675081548	0.0143127223	-0.0330899255	0.0211124941	-0.0281666977	0.110595178	-0.0090109838	0.0649859112	-0.0911178568	-0.0609538647	-0.052316286	0.1289177403	0.0145787202	0.0232135311	0.1007121285	-0.1110207136	-0.0509204972	0.0438943518	-0.0905705982	-0.0680625566	0.1524260311	0.2158277908	0.0625005772	-0.1197445483	0.0660779797	0.1146480753	0.0981558832	-0.0222416282	0.0252586904	-0.0950809657	0.1073891529	0.0201092402	0.1369542488	-0.0462750529	0.0630241167	0.0292382205	0.0686049878	-0.0154482616	0.0597907867	0.1033548275	-0.1094538325	-0.0867088012	-0.0913733634	-0.0678615327	0.060620574	0.0617307282	-0.0040545618	0.0119081853	-0.0336836677	0.0529585851	0.177142764	0.0083123638	-0.1001683737	0.0461817811	0.0896368717	-0.0022081406	-0.0803386597	0.0908842314	0.0146719502	0.039845763	-0.0437108864	-0.0894789945	-0.2536575408	-0.0115921462	0.0685335465	0.1071578063	0.0257940273	-0.0444432069	-0.0674476468	0.0077557489	-0.107966283	-0.1809007834	-0.1713628137	-0.1072672628	0.0952153927	-0.089373461	0.0025926045	0.0516840462	0.0014319342	0.0446422751	0.0472315785	0.065291797	-0.1789923939	-0.0318436624	0.0479883629	-0.0115474485	0.0617154087	0.0133984982	0.0117412291	-0.0358036663	-0.0005590725	-0.0331979283	0.1840124037	-0.1398627456	-0.0310377081	0.010212694	-0.0719107917	0.0829760933	0.1540891237	0.1149006477	0.1132148429	0.0442675509	0.1158370533	-0.1380885845	-0.1172407796	0.0838433825	-0.0350428114	-0.0201956026	0.1079654727430607	0.0026187152947017	6.857669794704618e-06	0.0116565433046325	-0.1498133079707742	-5.4468287018494266e-05	0.022444027245146	2.966794290729071e-09	0.1945836730256971	-0.0147203969866112	0.0002166900874434	0.0378628058081714	-0.0056189348599597	-6.971616344010004e-05	4.860343444806742e-09	3.157242896047033e-05	-0.0026317483481654	-0.000161516583374	6.926099368071311e-06	2.6087606704842564e-08	7.910740552795423e-05	-0.0001770407360345	3.1343422215653715e-08	6.2579816093642044e-09
838.3779208168204	-1.4955589173035833	702877.5381131348	2.236696475126266	1141.0998789381404	-2.5938524028422307	1302108.933712639	6.728070287730414	772.3866780748774	-1.1169197183645565	596581.1804675444	1.2475096572715605	820.7963919538731	794.4375332211022	0.981876	18.265844	0.0284005658139042	0.0192594729578941	0.1298164291	-0.0104712463	0.0334518765	0.3161842312	0.0299992732	0.0218157947	0.0564752089	0.0073960762	-0.1080130082	-0.0139948358	-0.1479725099	-0.0189899922	-0.0453837015	-0.0876039964	0.0175483147	-0.0538542602	-0.0466681249	-0.1320000011	0.2048210143	0.0661650925	-0.0724613447	0.0741694761	0.2235340048	-0.0137064351	-0.0091574846	0.0536194451	0.0583017697	-0.0587126505	0.0178743929	0.0852146476	0.0073114642	0.0259137941	-0.0289679652	0.0468977709	0.0386458167	0.080090419	0.1263297002	-0.1510984695	0.1701715837	-0.1347805441	0.0317014704	0.0513688004	0.1491505966	-0.0140457897	0.1204016113	0.0927360728	-0.1429733755	-0.0642936015	0.0782363788	-0.0676759465	-0.0697813839	-0.0124862892	-0.0801316253	-0.0954364227	-0.1985078327	-0.0445275371	0.0125432144	-0.074909198	0.0200594008	-0.0804579517	-0.0993198358	-0.0499326381	0.1258826614	0.0179966967	-0.0589420458	-0.1168455823	-0.0128043961	-0.0055618734	0.0464045804	-0.0587975014	-0.0056828776	0.0828805674	-0.0001966939	0.0448303048	0.0582495577	-0.0059076074	-0.0332133863	0.2206730197	-0.0232519034	-0.0443786174	-0.0635238682	-0.0101841293	-0.0097092631	0.1261770193	0.0412560769	-0.0267095091	-0.0441669078	-0.0163184573	-0.1455171131	0.0766581781	-0.1267409583	-0.0090451358	-0.0716004786	0.2266495857	-0.1389019703	-0.1566485517	0.0114041398	-0.1420518096	-0.0263391653	-0.106278667	-0.1174980477	-0.0748549652	0.0197039808	0.0306569712	0.0708299355	-0.1498061459	-0.0527467585	-0.0268654666	-0.0868750336	0.0282198923	-0.0684674897	-0.0232086369	-0.0147353327	-0.0993537243	0.1900419422	0.242282745	-0.1237057071	0.0230104649	0.077059918	0.0848036534	-0.0784179141	-0.0263057176	7.00843e-05	-0.0572218691	0.0626943673	0.088001881	-0.124331593	-0.1186154352	0.0888661936	-0.0446835199	-0.0067565429	0.1079983300686961	3.28573256353909e-05	1.079603847910116e-09	0.011663639297627	-0.1495696846492649	0.0002436233215092	0.0223710905660805	5.9352322783218786e-08	0.2110891336375644	0.0165054606118673	0.0002724302300099	0.0445586223398575	-0.0056879394640516	-6.900460409189988e-05	4.761635385879846e-09	3.23526553467156e-05	-0.0024692502498142	0.0001624980983512	6.097196796207488e-06	2.640563196775629e-08	7.997719418269874e-05	8.69788654744505e-07	7.565323039222556e-13	6.396351589337101e-09
837.9953943839952	-0.382526432825216	702236.2810087876	0.1463264718099845	1140.474167662096	-0.6257112760442851	1300681.3271045508	0.3915146009689675	772.0312143137598	-0.3554637611175621	596032.1958747786	0.1263544854678433	820.3881679972111	789.0524551654513	0.934752	17.389198	0.0356416980220376	0.0218522180580111	0.0536417008	-0.0439078297	0.0914492586	0.3046803904	0.072041445	0.1002189965	-0.0374303974	-0.0148930268	-0.1019714553	-0.0986578795	-0.1621142268	0.0127681584	-0.0096717477	-0.0597154413	0.0539221181	-0.1453670522	0.0702998326	-0.0633655977	0.1511332028	-0.042104241	-0.0156980975	-0.0563458985	0.1563538555	-0.0627613636	-0.0446898918	0.0489138379	-0.0717211544	-0.039616674	-0.1066485606	0.1369837346	-0.0615830121	-0.1692842511	0.0083717121	0.0603278915	0.0091785719	0.0035009765	0.1042650495	-0.0630711356	-0.0533612751	0.1251604617	0.0677515641	0.1181313649	0.0855381998	-0.1159546183	-0.0033972306	-0.1611640077	0.1610710878	0.1826657402	-0.0448658685	-0.047112908	0.0787279817	0.0122815076	0.0662753552	-0.2049964845	0.0453879697	-0.0129446982	-0.1022268502	-0.0023513818	0.0375415841	0.0487319313	0.0797875214	-0.0813873979	0.0620071216	0.056571641	0.0567285583	-0.1612443034	0.0452120708	-0.0029560268	0.0338946455	-0.1273607963	-0.0401813148	0.0574957449	0.0728194545	-0.0686045821	-0.0568838193	-0.0344104516	-0.1788127772	0.1306408257	0.1217912854	-0.0894850871	-0.0235470096	0.0549615671	-0.1353928779	0.0356737204	0.0891679238	-0.0037394427	0.1899573585	0.0445489413	-0.1156339258	-0.1149255571	0.017447831	-0.0226546347	-0.0822558361	0.0167115066	0.1381303962	0.0725715631	0.0483468918	0.0275700095	0.0607097482	0.0252241576	0.0588158161	0.2476629027	-0.1687761978	0.0314142476	0.1149275919	-0.0922905724	-0.081821055	-0.0709181601	-0.0755879326	-0.0171832499	-0.1565909335	-0.0688057857	-0.0628291689	-0.0281347365	0.2799370747	0.1727660815	-0.0707486283	0.0192962564	-0.1467528968	0.0912057441	0.0239560176	-0.0257368231	-0.0099540909	0.0844492817	0.1719786707	0.0418144224	0.011753554	-0.1199087977	0.0936454286	-0.0540487397	0.0067565429	0.1080717387829395	7.340871424341144e-05	5.3888393268708385e-09	0.0116795007235679	-0.1494310786785035	0.0001386059707614	0.0223296472750211	1.921161513071057e-08	0.2255833224859671	0.0144941888484027	0.0002100815103731	0.0508878353838078	-0.0058581328707077	-0.0001701934066561	2.8965795669208694e-08	3.431772073086604e-05	-0.0024709784336496	-1.728183835400347e-06	6.105734419561432e-06	2.986619368939055e-12	0.0003267654934638	0.0002467882992811	6.090446466205841e-08	1.0677568771864073e-07
837.483520114486	-0.5118742695091214	701378.6464633507	0.2620152677854966	1139.9080412445596	-0.5661264175364522	1299390.3424940086	0.3204991206326574	772.5961410005594	0.5649266867995948	596904.7970889563	0.3191421614583675	821.2345062571093	779.8868479858914	0.970728	18.058447	0.0410784191064231	0.0234589359226123	-0.0562680036	-0.0571854956	0.1227717335	0.1635797041	0.0201731883	0.0253622425	-0.0857993576	0.0021158252	-0.0334531485	-0.0700039583	-0.0793506682	0.0753120283	-0.0815772243	-0.0599017365	-0.0538115399	-0.2419753284	0.1049345414	-0.0397788204	0.1048364889	-0.0099934875	0.0417696585	0.0267893715	0.0542942571	0.0892127652	-0.0892639637	-0.0169350277	-0.0394375087	0.2690898402	0.0123536115	-0.0482061049	0.0897074475	-0.0213849407	0.0153990105	-0.0017743465	0.2211570557	-0.0749238471	0.0224994819	0.0638134896	0.1014500709	0.003312131	0.0253093783	-0.1290688289	0.1195518097	-0.0058108052	0.0018027053	0.0251667528	0.0039600621	-0.0032604948	-0.1253340795	-0.0456631215	0.0663951221	-0.0733706495	0.0760004876	0.026740015	0.0750246953	0.0396793111	-0.088016682	-0.0609686192	-0.181131291	-0.029813935	0.0640187578	0.1046190843	-0.0481689264	0.0853259475	0.0200492408	-0.0622927905	-0.0275222412	-0.0879395587	0.1258326793	-0.0851500526	0.1258653282	0.0153463221	0.0508399874	0.0314263161	0.0539516822	-0.1202796596	0.0105475432	-0.0917745548	-0.0279041259	-0.0254315955	0.0010367294	-0.0923820272	0.0350748823	0.0074659559	-0.0159271769	-0.0618715807	0.2243233313	-0.1169070266	-0.0533677959	-0.0756083199	-0.098490928	-0.0239426363	0.0897657781	-0.0471826705	0.0389937356	0.0614243276	-0.2112113746	-0.0650300753	0.023572794	0.0622977047	-0.0335529777	-0.0442531291	0.0029156892	0.0096402957	0.1161962849	-0.0082612411	-0.1231010026	-0.0545849612	-0.0737765438	0.0311449363	-0.1261020497	0.0036586894	-0.090777564	-0.0391046313	0.2033315355	0.036270974	-0.1090895761	-0.017018762	-0.2149856987	-0.0159654626	0.0563789345	0.0250308202	-0.0205450922	0.0990394225	0.0371670296	0.1162552917	-0.1004402223	-0.1211199807	0.098167988	-0.063080731	0.0201956026	0.108021449390776	-5.028939216350503e-05	2.529022964174801e-09	0.0116686335284839	-0.1437515123880786	0.0056795662904249	0.0206644973138599	3.22574732473309e-05	0.2357057802797868	0.0101224577938197	0.0001024641517876	0.0555572148573031	-0.0059016903718874	-4.35575011796998e-05	1.897255909019549e-09	3.482994924562843e-05	-0.0028532594142707	-0.0003822809806211	8.141089285124379e-06	1.461387481446298e-07	0.0002480818626643	-7.86836307995e-05	6.191113755792025e-09	6.154461058298861e-08
837.4823936757928	-0.0011264386932907	701376.7597169356	1.2688641297426074e-06	1141.1529082723966	1.2448670278370173	1302229.960058549	1.5496939169957693	771.9561498358253	-0.6399911647341696	595916.2972693511	0.409588690937799	820.1592078633456	778.0451494373177	0.931244	17.323933	0.0643299814870214	0.0317460355446515	-0.090072256	-0.0832124908	0.0381473829	0.0876444976	-0.0190698151	-0.050316317	-0.1166075845	-0.027138093	-0.0002767499	-0.0525506154	-0.0454331782	-0.0827393497	-0.022419343	0.0326156017	-0.0409323896	-0.0583095089	0.0602143314	0.0604145364	0.0322684269	0.0802373298	0.1259650351	-0.0096792361	0.0176195942	0.0790692521	-0.0771671661	0.0576580061	0.1634961186	-0.0351475852	-0.015008301	-0.1229762518	-0.0673961755	-0.0131336526	0.110522404	-0.0119930502	0.1514396755	-0.0904040057	0.0619249086	0.0082551685	0.0709285332	-0.0046791761	-0.1434227762	-0.1785313449	-0.0472119821	-0.1019647291	0.0261739692	-0.0566145032	-0.10066615	-0.0385580307	-0.0111828565	0.0837730604	-0.1423133949	-0.167004327	0.2421376583	-0.0872890613	-0.0818679871	0.0766832893	0.0287760989	0.0787223808	0.0051786807	0.1504067304	-0.1658370488	0.0172134368	-0.0959394012	0.0807857576	0.0059462033	-0.01639162	-0.0870070755	-0.0059068422	0.017025863	-0.0139809881	-0.0488609923	0.1799595618	0.0106495913	0.0646630205	0.0177122036	-0.0137590747	0.0772566242	-0.1206077917	0.0298220911	0.007864406	-0.2374171082	-0.1752197078	0.0770733431	0.0028135267	-0.0424479579	-0.0266875062	0.1367524474	0.036077566	-0.0126634866	0.0077749723	-0.0008043594	-0.0818076004	0.1545045077	0.0511213167	-0.0516671012	0.0363735486	-4.25739e-05	-0.0047532005	-0.0845093994	-0.0424020499	0.0388083336	-0.0506013368	0.037393329	-0.032473372	0.0739896555	0.0928692146	-0.1205189868	0.0025966804	-0.0154647804	-0.0172745068	-0.0855432806	0.0557878214	0.0251199136	-0.1619523874	0.1125042179	0.0684333448	-0.0842648059	-0.0399470367	-0.2335001833	-0.2367556626	0.0967454224	0.0031409755	-0.1233124518	-0.0582685214	0.0173333309	0.0306486498	0.0099402271	-0.1222481541	0.1024214758	-0.0717238087	0.033413395	0.11323575140959	0.0052143020188139	2.7188945543407715e-05	0.0128223353972944	-0.1492815893418537	-0.0055300769537751	0.0222849929164298	3.058175111467459e-05	0.2548657936607341	0.0191600133809472	0.000367106112758	0.0649565727783158	-0.0062470367914153	-0.0003453464195279	1.192641494807404e-07	3.902546867329636e-05	-0.0026497407004009	0.0002035187138698	7.021125779361051e-06	4.1419866895217634e-08	0.0003877285119363	0.0001396466492719	1.9501186652896973e-08	1.5033339896833753e-07
837.6223267079913	0.1399330321985417	701611.162199709	0.0195812535002781	1139.3143980032844	-1.8385102691122484	1298037.2974975863	3.380120009631192	772.0096758026438	0.0535259668184835	595998.9395329031	0.0028650291238534	820.2357215712473	782.7371933618355	0.963334	17.920912	0.0221623887889218	0.0129463013598736	-0.069239648	-0.0524325634	-0.0846669998	0.0533418004	-0.0360350934	0.0229977534	-0.0547734952	0.0261318367	0.1530454698	-0.0312675239	0.0424474834	0.0056260505	-0.0559826432	0.1029645259	0.1328565105	0.0830405481	0.1800225842	-0.1741427115	-0.1018310338	-0.0378577572	0.0496538297	-0.0338864962	-0.0934329381	-0.0036947374	-0.0256168836	0.0203022875	0.0231359951	0.0668514178	0.1242513921	-0.0710529543	-0.2028989041	0.0882443198	0.0186101403	-0.0733584442	0.0891004182	0.000704435	0.1656213145	-0.0246312081	-0.2004478372	0.0155471449	0.001908639	0.0807605419	0.0133812427	0.102333994	0.0663527699	-0.0180825834	0.0178411848	0.0620284889	0.025073829	-0.0179179856	-0.1261615105	-0.0136578437	0.104286951	-0.0286482369	-0.0296812687	0.1163860073	-0.0011958194	0.1210319029	0.058896576	-0.0058615832	-0.0803080309	0.1104489013	-0.1147768592	-0.052237847	0.093874414	0.0705593119	-0.0999196518	0.0313681631	-0.138293934	-0.0706226115	0.0644213343	0.0986399536	-0.1723093758	0.0101003675	0.0701391585	-0.0968837806	-0.0385114832	-0.1083234419	-0.0235056703	-0.1476511226	-0.0023996364	-0.0610054016	0.0280648335	-0.0959173972	-0.1004359852	-0.0592481625	0.0678305256	-0.0180227675	-0.0311719854	-0.0404141381	-0.0274563417	0.0467412524	0.0310814811	-0.0156850876	-0.1431231165	0.0672325809	0.035769366	0.0348875295	-0.1307548663	-0.0237013456	-0.0662949536	0.0943364715	0.0650447474	-0.0264007792	-0.0241414188	0.1031149351	-0.0723598129	0.0556948393	0.073191786	-0.0211436481	-0.0341890782	0.0398035359	-0.0200454118	-0.1091841485	0.1058276851	-0.0018766606	-0.0281126776	0.0073012772	-0.1023149159	-0.1403888437	0.0333151799	-0.0069012664	-0.131466416	0.0400877129	-0.0143780506	-0.0636011885	0.0503268873	-0.1232925447	0.1063942335	-0.0799246852	0.0462651033	0.1080190034097512	-0.0052167479998388	2.721445969382215e-05	0.0116681050976358	-0.1494416327721666	-0.0001600434303128	0.0223328016056111	2.5613899586318487e-08	0.2537453294319789	-0.0011204642287551	1.255440087919916e-06	0.0643866922085435	-0.0063299944773665	-8.295768595120018e-05	6.881977658377955e-09	4.006883008349039e-05	-0.002878251129275	-0.0002285104288741	8.284329563172814e-06	5.2217016104225216e-08	0.0003858939641613	-1.834547774999984e-06	3.365565538757392e-12	1.489141515761227e-07
838.3378535125375	0.7155268045462435	702810.3566320089	0.5119786080241582	1138.7259438062622	-0.5884541970222017	1296696.7750974626	0.3462783419930442	773.2109952766519	1.2013194740081872	597855.2432167106	1.4431684786313077	820.8116753048575	781.8401350460375	1.000509	18.612465	0.0517699742622142	0.0282162805516929	0.0183407393	0.0308849802	-0.0931548644	-0.130819972	0.0244684912	-0.0269064437	0.0896299734	0.0590234824	0.0951180943	-0.0276756933	0.0692610693	-0.0787887699	-0.0854388847	-0.0087992609	0.0066136805	0.0378749226	0.1397182251	-0.0412744005	-0.1513041569	-0.0752723915	-0.088447657	-0.0144110559	-0.1085460229	-0.0159412814	-0.0182258478	0.0475301669	0.2286578272	-0.0078710086	-0.102208092	-0.0730146627	0.0496060986	-0.0779029579	-0.0395812702	0.1129105138	0.0547994558	0.0052355504	-0.090057783	-0.0737528909	-0.0088442305	0.0031807811	0.1062791167	-0.0412636672	-0.1186241367	-0.0624829782	-0.0254371015	-0.0309921628	0.0829773048	0.0237943458	-0.031969117	0.0823921139	-0.0125779294	0.0517942473	0.0098545375	-0.0111637078	-0.02466062	0.0121390407	0.0604781781	0.0032272791	0.1305678761	-0.0262615843	-0.0548996388	0.1133766821	0.0312941074	-0.1084812335	0.0717234354	0.173864134	-0.1182816048	-0.0089481571	0.0111110603	-0.1232886927	-0.0473154304	0.1335188272	0.0846890726	0.0096105054	-0.0904221155	0.0451347257	0.0123056229	0.060321056	-0.0179433593	0.0995459492	0.0390907869	-0.11681891	0.0442212559	-0.0162243911	0.1389919746	0.0504103899	0.0223735212	-0.0053177492	0.1000874686	-0.0244687922	0.0374703808	-0.0679982886	0.1044700325	0.0157303324	-0.0143205505	0.1304340682	0.0569947238	0.0238946002	0.0553699854	-0.0215014956	-0.0554067705	0.0189371855	0.0268767572	-0.0557346161	-0.1156246927	0.0930638667	0.0221896512	0.0744795671	0.0043010171	0.0281153739	0.0721413893	0.0452574859	-0.0446710763	0.0163743149	0.126379392	-0.0871620079	-0.0183578174	0.0876469625	-0.0678141672	-0.156739193	0.0418413537	-0.0673346384	-0.1550663241	-0.1610762326	0.0115420398	-0.0687652223	-0.0395172361	-0.1242524367	0.1100753719	-0.0876327994	0.0586099215	0.1231199023049072	0.015100898895156	0.0002280371474417	0.0151585103435698	-0.1673999414302329	-0.0179583086580663	0.0280227403908454	0.0003225008498583	0.2540163810884408	0.0002710516564619	7.346900047074365e-08	0.064524321861268	-0.006246955612126	8.30388652404996e-05	6.895453140429852e-09	3.902445441987253e-05	-0.0031622392790147	-0.0002839881497397	9.999757257743413e-06	8.064926919257828e-08	0.0003841266780909	-1.7672860704000194e-06	3.1233000546299426e-12	1.475533048211499e-07
836.7524138770343	-1.585439635503235	700154.6021290438	2.5136188378246307	1138.142771473393	-0.5831723328692533	1295368.968257136	0.3400899698241671	772.4049719022546	-0.8060233743973413	596609.4406193227	0.6496736800748766	820.6087818511647	772.8983630315535	0.922372	17.15889	0.0236993726456433	0.0162978204029825	-0.0107243828	0.1100094523	-0.0375807338	-0.2185532725	0.0460544624	-0.0297532452	0.0906333055	0.0865661968	0.0311176005	0.0781117352	-0.0464829002	-0.0423545642	0.0598493849	0.0737396408	0.0427713805	0.0496719036	0.0478054302	0.0978612044	-0.0644228337	0.0703919727	-0.0992135757	0.0059232528	-0.0653703783	-0.0306683441	-0.0876933334	-0.1798927631	0.0126009977	-0.1442568959	-0.1369545334	-0.0955023756	-0.0583957215	-0.0479903814	0.0979312536	0.0051878055	0.152573469	-0.1041629401	-0.0273009777	-0.0145318393	-0.0264718333	-0.099175577	-0.0422976359	0.0599740404	-0.0162096278	0.0521451863	0.1911367584	-0.0413154914	-0.1061929598	-0.0794704397	-0.0297167673	0.0590149858	0.059776142	0.0510665801	-0.0404457974	0.015809411	0.1757527221	-0.1249457421	-0.0214563878	0.1404812142	0.0596935126	-0.1093770693	-0.0062512341	-0.0648571229	0.0983154818	-0.1069985157	-0.0400477366	0.0515407263	-0.1165978735	-0.0609340691	-0.1416222564	-0.0765510575	-0.0933017196	-0.126934219	0.1274751189	-0.0293941576	-0.1652676185	-0.0614559845	0.056393624	0.0259959336	-0.0135120635	-0.0423288246	-0.087670284	-0.0746086906	-0.1187660071	0.0229475541	-0.0698035796	-0.2343090158	-0.0923458373	0.0406853685	0.0341061089	-0.0388529911	-0.1383503925	0.0210818312	0.1042169456	-0.1057894174	0.106197988	-0.0364963717	0.0890624446	0.0305113328	-0.0623697642	0.0864508032	-0.0539549563	0.0147602318	-0.0739144996	-0.069683746	-0.1102839479	0.0565964993	0.0226626734	0.0904520187	-0.0060859531	0.0137601569	0.0830641508	0.0015708674	-0.0053681416	0.105655753	0.0203686502	-0.0356710257	0.0153272712	0.0242075249	-0.0466127785	-0.0637174131	0.026411836	-0.0566267352	0.0159409512	-0.0968282939	0.1675581573	-0.219570846	0.1574102154	-0.1251271724	0.1134548014	-0.0948006283	0.0703125971	0.1197262202242228	-0.0033936820806843	1.151707806475839e-05	0.014334367809179	-0.1672283859313665	0.0001715554988664	0.02796533306121	2.9431289191302907e-08	0.2482290855300633	-0.0057872955583775	3.3492789880016365e-05	0.0616176789030914	-0.0062469997539468	-4.414182080015455e-08	1.948500343552957e-15	3.902500592581138e-05	-0.0028772365909379	0.0002850026880767	8.27849040023195e-06	8.122653221100169e-08	0.0003860166383476	1.889960256700037e-06	3.571949771905672e-12	1.4900884508118186e-07
836.9562135091008	0.2037996320665343	700495.7033314916	0.0415342900304547	1135.4441247431878	-2.698646730205155	1289233.3604138235	7.282694174446975	771.6842465295356	-0.7207253727190164	595496.5763418571	0.519445062880965	819.6902220989176	771.2263601871089	0.942676	17.536598	0.0338132823613215	0.0204888366512762	-0.0331729486	0.1806091054	-0.0027755058	-0.1596244867	0.0351324545	0.0422540695	0.0087070263	0.1674768865	0.0311124313	0.1342579715	0.0120663816	-0.0234024735	-0.0105261874	-0.0277752611	-0.0671770101	0.0526691836	0.0209748593	0.0206749635	-0.1881112803	-0.0286130827	-0.1344984109	-0.1135438334	-0.0358094721	-0.0003928209	-0.0007346543	-0.0041509412	0.0084463357	0.0045533346	-0.0303245112	0.0063649787	0.02782459	-0.0283268395	0.0310847547	-0.0972446527	-0.0472446018	0.0221064794	-0.0799616819	-0.0104228542	0.1158285692	-0.0392631615	-0.0036086346	-0.0483800006	0.1087004068	0.0222315037	-0.0356611706	0.1127623278	0.0048857885	0.1190565696	-0.0204513049	-0.0387257987	0.0907250299	0.0100569698	-0.0604770927	-0.1530568188	0.0605355243	-0.0417520927	-0.1073636769	-0.0099317049	-0.0133944646	0.0390703234	-0.1483284117	-0.0813620729	0.0858403129	-0.0095053196	0.1018701898	0.0491833255	0.0042212067	-0.0487565807	-0.0612302141	0.0844322279	-0.0283956609	-0.049656274	0.0076698642	0.0959274733	0.0282278244	-0.0275852457	-0.0040778141	-0.0537203494	-0.0702452435	0.0769261437	-0.0113439037	-0.003524587	-0.0241069081	-0.0534852825	0.0415108078	0.0283875796	0.0612088236	-0.0533826952	-0.036412996	-0.0242662508	0.0162048037	-0.1353805616	-0.0850997284	0.0077614704	0.0189440018	0.0123918092	-0.0330020029	-0.0146527938	0.120051492	-0.0754338892	-0.1073240527	-0.0809168488	-0.0435793254	-0.0883696306	-0.1103520075	0.0351604835	0.024887084	0.1066323913	-0.077772872	-0.02195958	0.034027558	-0.0424777762	0.0917863021	0.0581214966	-0.0409520935	-0.0245258339	-0.0158520517	-0.0642688962	-0.0063381939	-0.0672105789	0.0994040834	-0.0496502495	-0.0616428628	-0.0268336066	-0.0347439994	-0.0387025511	-0.0141446447	-0.1259161521	0.1165232592	-0.1013839798	0.0812449131	0.1258197742905054	0.0060935540662825	3.71314011587091e-05	0.0158306156025137	-0.1674923796959575	-0.000263993764591	0.0280536972562148	6.969270774293864e-08	0.2522733338373513	0.004044248307288	1.635594437100186e-05	0.0636418349654116	-0.0063749436195436	-0.0001279438655967	1.6369632743851833e-08	4.063990615235965e-05	-0.0032152612150355	-0.0003380246240975	1.033790468091156e-05	1.142606464963236e-07	0.0003837554035788	-2.261234768800033e-06	5.11318267963014e-12	1.4726820977592766e-07
838.0773781106284	1.1211646015275392	702373.6917007852	1.2570100637184056	1136.8046240889078	1.3604993457199726	1292324.7533499228	1.8509584697044732	772.1411811255566	0.4569345960210285	596202.0035899696	0.2087892250409005	820.0236353538802	781.0214148888507	0.944351	17.567762	0.0268568684641145	0.0157485662760468	0.014263046	0.148766658	0.0735087647	-0.0704783845	-0.065746032	0.0419922431	0.0102859151	0.1353055315	-0.0693920634	-0.0527794218	0.0426577091	-0.0056840327	0.0363973213	-0.0740460905	-0.0127742593	0.0486697142	-0.0543545702	0.0020917738	-0.1609421264	-1.42092e-05	-0.0822254697	-0.0314512847	0.0492508554	0.0801437065	-0.0196764894	0.1722585558	-0.0649332623	-0.1622068213	0.065145208	0.0912671959	-0.0489210157	0.1138650134	-0.0360914534	-0.111962644	0.0049596638	0.1514467363	0.0821191814	0.1127360498	0.0836319468	0.0380492952	0.1439556894	0.0219660135	0.0660167304	-0.0773893927	0.1158028912	-0.0004042087	-0.0907984864	-0.0230144937	-0.0079928592	0.0641276323	0.1492418907	-0.0199608049	0.0321228477	-0.079865321	0.0546222884	-0.0015830482	-0.0417400996	-0.077520032	0.158041006	0.0742945335	0.069782366	0.0660412539	0.1088717816	0.0913694897	0.0737692353	-0.0159273363	0.0546550438	0.1118344496	-0.0152176882	0.0821046371	-0.07156416	-0.019622735	-0.0459137914	0.075174993	0.1066658369	0.0180022314	-0.0047082339	-0.0190495794	-0.0078120756	-0.0233269393	-0.0351793169	-0.0386823644	0.0417386855	-0.0753738715	0.1579161195	0.0990237683	-0.0507798598	-0.0409334791	-0.0234355064	-0.0879618731	-0.2118422583	0.0743589686	-0.0101035972	0.0922078015	-0.0755409898	-0.1734872207	0.1552669651	0.0628623031	0.0362574289	-0.0009469796	0.051228025	0.1570692756	-0.0805894899	-0.1030075323	-0.0951823713	0.0530978072	0.0525416687	0.0453000817	-0.0843976738	-0.1025686071	0.0010135466	0.0298921544	0.1346562831	-0.0652133782	-0.0558072078	-0.0322642763	0.0173179593	0.0281469483	0.1245815785	0.0156769725	0.0125650875	-0.0128172137	-0.1516127685	-0.009841454	0.064412164	-0.094420528	-0.0742413077	-0.1266188352	0.1192723348	-0.1073422654	0.0912870929	0.1360127714867331	0.0101929971962277	0.0001038971918423	0.0184994740075022	-0.1673050591450646	0.0001873205508929	0.0279909828155335	3.5088988786821584e-08	0.2528507033328253	0.0005773694954739	3.333555343038891e-07	0.0639334781759044	-0.0065889661675857	-0.000214022548042	4.5805651070432965e-08	4.341447515758898e-05	-0.003111301383758	0.0001039598312774	9.680196300574446e-06	1.0807646519246224e-08	0.000383754158468	-1.2451107999993626e-09	1.5503009042750528e-18	1.4726725414148286e-07
838.1030659217853	0.0256878111568994	702416.7491074963	0.0006598636420325	1139.795810950256	2.9911868613482966	1299134.490659752	8.947198839502674	771.5273701326486	-0.6138109929080429	595254.482863801	0.3767639350147574	819.721938366381	788.1279082279676	0.952253	17.714767	0.0210217156538328	0.0113302224645773	0.0103005049	0.0607904434	0.0929874287	0.0816766195	-0.0124934424	-0.0534538639	-0.054398853	0.0344170022	-0.1306514407	-0.1407883285	0.0706564418	0.0017435933	-0.0386415729	-0.0407126441	0.0801167664	-0.0163839481	0.056510939	-0.0564838117	-0.0846967117	0.0116493023	-0.008087417	-0.0855354035	0.0054353098	0.1370513277	0.0011240511	0.1104591587	0.089249989	-0.0329278184	-0.0295930739	-0.0377913504	-0.0308280793	-0.0411424662	0.0684366798	0.0095314145	-0.1421348793	0.0602405382	0.0240029416	0.0350483449	-0.1020965559	0.1324015977	-0.0484249293	0.1069751491	-0.1447555175	0.0183460046	-0.0184402016	-0.0525147634	0.0588944585	-0.1087848497	-0.0936543587	-0.0744218705	0.0173865106	0.0074556568	-0.0297712817	-0.0127807092	-0.2577283037	0.0249724983	0.0150614348	0.1119493283	-0.0797887689	-0.057001191	0.0053502514	-0.0550975304	0.0236438869	0.1638316684	0.0922001912	0.0193625869	-0.0352425235	0.0615632982	-0.0112990478	-0.0864116866	-0.0466491186	0.1220959973	-0.0521886999	-0.0400679995	0.0551636269	0.0688425838	-0.0195406899	-0.0015537618	0.0447199283	0.0811817517	-0.0430991287	0.0455781383	0.0081484753	-0.0461866521	0.0524589735	0.1221551268	-0.0470481556	-0.0164024538	-0.0074303708	0.1036078209	0.1133815912	0.1254567038	0.0900318233	-0.0528340672	0.0098069213	0.0968828374	0.1475305077	-0.1153178277	-0.0966100434	-0.1692092956	0.1163413916	0.0955003991	0.0126856125	-0.1090206941	-0.0637543602	0.0689121989	0.036425601	-0.013042695	-0.063546063	-0.0875479526	-0.057322228	0.0322330153	0.0639950602	0.0095129134	-0.0256844319	-0.126362812	0.0434986805	0.1305659645	-0.0651299975	0.0838455949	-0.0010094477	0.082712388	-0.0896233395	-0.0104421479	0.0202762845	-0.027553685	0.0242223406	-0.1272347401	0.1216944932	-0.1126387502	0.1003291122	0.137888329929197	0.0018755584424638	3.517719471097604e-06	0.019013191530663	-0.167287500348678	1.755879638659641e-05	0.0279851077729089	3.0831133054595107e-10	0.2549870835588876	0.0021363802260623	4.564120470310127e-06	0.0650184127818671	-0.0067242416537627	-0.000135275486177	1.8299457160423822e-08	4.521542581819733e-05	-0.0031772999268315	-6.599854307350007e-05	1.0095234825043456e-05	4.355807687824644e-09	0.0005223244929959	0.0001385703345278	1.9201737611174113e-08	2.72822875983424e-07
837.8804067777153	-0.2226591440700076	702043.5760619896	0.0495770944379884	1142.8416412775905	3.0458303273344427	1306087.0170380569	9.27708238291024	771.7614101584073	0.2340400257587589	595615.6742096934	0.0547747336571605	820.8048818863148	780.8732614157569	0.962883	17.912514	0.0762130684908292	0.035009896898969	-0.0975601641	-0.0236934064	0.0479569098	0.116243729	-0.0053536071	-0.1780451611	-0.1403047489	-0.0923311127	-0.0669552876	-0.0415292922	0.0551256314	0.0023364467	-0.0767607167	0.070776009	0.0763130278	-0.0154734806	0.1547909522	0.1751692569	0.0803537561	-0.1506197337	0.1173749522	-0.0318793659	-0.1085122923	0.0950289781	0.0264103787	0.0404692515	0.0561321141	-0.0483913161	-0.1546007256	-0.0279286143	0.0051455026	-0.0433957822	-0.0816558567	-0.1092837722	-0.1132729796	-0.1088564103	0.0072306782	0.0825811899	-0.0247297944	0.1006053666	0.0793896082	-0.0466816583	0.0542792752	-0.0646954683	-0.009138856	-0.0158147425	-0.1595389298	-0.0379691883	-0.0040546679	0.0402723288	-0.0600677864	0.0304786229	0.0607915083	-0.0680692082	-0.0020078114	-0.0836222593	-0.0779358579	-0.0011732813	-0.0770677488	0.0182893926	0.0538121034	0.0250788757	-0.1087649495	0.1198608018	-0.0378129245	0.0410709733	0.0113181156	0.0416617543	-0.0263025335	-0.029882333	0.052562638	-0.1521182536	0.0953247751	0.1082355503	-0.0053816781	0.0845208504	0.0137304249	-0.0482923295	0.1336497547	0.1150394339	-0.0733840507	-0.0561214751	0.0942657354	-0.0676048761	-0.0080540227	0.0108262599	0.0818439861	0.1913636917	-0.0670958297	-0.0411789186	0.0587757198	0.0959639375	0.0151711261	0.0225731356	0.0442635363	0.0138549226	-0.0636363645	0.0071932425	-0.0592856705	0.0593214783	-0.0054747617	0.1259618524	-0.0851906195	-0.0819785734	-0.0131383064	0.0969701719	0.0069707706	-0.0564997052	0.0197531307	-0.0573433849	-0.0471088757	0.0205384323	-0.0122959631	-0.0222439499	-0.1955421689	-0.0216365841	-0.0513285387	0.0070479399	-0.0904622089	-0.0671614993	-0.0944939056	0.138027942	0.0352797638	-0.0201896231	-0.0422360718	0.1245491631	0.0068476523	-0.1277634447	0.1237830955	-0.1172407796	0.1082719048	0.1296793977011816	-0.0082089322280154	6.738656832415012e-05	0.0168167461881412	-0.1512799576998276	0.0160075426488504	0.0228856256016616	0.0002562414216547	0.2391823493712692	-0.0158047341876184	0.0002497896227412	0.0572081962507598	-0.0064370096002608	0.0002872320535019	8.25022525589184e-08	4.14350925938497e-05	-0.0028772760612396	0.0003000238655919	8.278717532582466e-06	9.00143199247066e-08	0.0003857432235628	-0.000136581269433	1.865444315995704e-08	1.4879783452462032e-07
838.8230016286243	0.9425948509090176	703624.028061255	0.8884850529601932	1141.6280404061183	-1.213600871472181	1303314.5826415138	1.4728270752380377	772.3739351432699	0.6125249848626027	596561.4956887001	0.3751868570809316	820.5622528946816	783.0049918860545	1.010582	18.79986	0.0422200798153755	0.0257967489876098	-0.0494246998	0.0062966846	-0.1116496637	-0.0158561055	-0.0257472102	-0.0686968482	0.0312898131	-0.0443427987	0.0914664278	-0.0246956694	0.0880270355	0.0781042426	-0.0413707475	0.1198297504	0.0768487907	0.0339721923	-0.0093359211	-0.1265531494	0.0421821369	0.0042621	-0.0044437455	-0.04565032	-0.1655384274	-0.0643391109	0.0818795326	-0.1076047407	0.0051333045	-0.0117529104	0.094904729	0.0601429609	0.0403104635	0.0151832158	-0.0177569117	-0.04133809	-0.0086591998	0.0993786149	0.0009173346	-0.0450025966	0.052874365	0.0434714054	-0.1811360638	-0.0219992661	-0.0782813553	0.1955445261	-0.117624933	-0.0238599368	-0.0563260833	-0.0128732083	-0.0475475338	-0.0531583178	-0.0905088009	-0.0325392443	0.0162977725	0.2178963806	0.1056886285	-0.1314384281	0.0392434869	-0.0341942362	-0.2397492847	0.0783197254	-0.0155746025	0.0800307317	-0.0546310358	-0.0775821909	0.0209197137	0.1287241512	0.0041844374	0.0009550928	-0.0278039647	0.0279169752	0.0284215562	-0.0068137647	-0.1526039803	-0.0409610361	-0.0120241447	0.0410031148	0.0385253882	0.0548606237	-0.0147509301	-0.0460544155	0.0551584824	0.043936588	0.1561706962	-0.0537761737	-0.0894963567	0.054334925	-0.1133839492	0.1018524897	-0.1377546326	-0.0886185267	0.0512389576	-0.0527075492	0.0721249157	-0.135027527	0.1414032177	-0.0480602826	-0.1012844954	0.0019767841	0.1168152136	0.1512654	0.0333041712	-0.1192547297	-0.0493987742	-0.0426855001	-0.0748960171	0.0761418787	0.0282343777	-0.0219677156	0.0852094925	0.055094691	0.0778983586	0.0249940644	-0.0327776956	-0.0561462742	-0.0874479947	-0.0578787916	0.069175943	0.0627400533	0.123413621	0.0148985935	-0.096812656	-0.0283011397	-0.021056388	-0.0297353593	-0.0814072251	-0.0252987333	-0.0027322988	-0.1282045865	0.1255324169	-0.1211199807	0.1150284477	0.1287813352535636	-0.0008980624476179	8.06516159821589e-07	0.0165846323096907	-0.167282097692123	-0.0160021399922953	0.0279833002082769	0.000256068484333	0.220624038542482	-0.0185583108287872	0.0003444109008178	0.0486749663827945	-0.0063020001869021	0.0001350094133586	1.8227541695460288e-08	3.97152063557141e-05	-0.0028772486659218	2.739531779986232e-08	8.278559885548779e-06	7.505034373554531e-16	0.0003859377458198	1.945222569999807e-07	3.7838908468366536e-14	1.4894794364846857e-07
838.9000427035552	0.0770410749308894	703753.2816480267	0.0059353272265069	1139.3850935041698	-2.242946901948472	1298198.391299506	5.030810804960246	773.0019529002756	0.6280177570056367	597532.0191876398	0.3944063031143909	821.2011634387585	784.9585069276886	0.969459	18.034853	0.0214663619579029	0.0106231697793787	0.0501528558	0.0485049407	-0.0473550301	-0.1233394358	0.0303985307	-0.1341978868	0.1107921984	0.0460517119	0.017047173	0.0536204526	0.0789067448	-0.1195105005	-0.066753402	0.0249773209	-0.0174226331	-0.0127733917	0.005167731	0.0951595362	-0.0444074061	-0.0313068201	-0.060637218	0.0188180646	-0.0950963685	0.0510795116	0.0397121543	-0.0916379032	0.0637501247	-0.0551748292	0.0947540214	0.0022472108	-0.0074351876	-0.0857333911	0.0172616363	-0.0013841549	-0.0151932108	0.0353446689	-0.136833647	0.0023678176	0.0433419712	0.0339231296	0.0209321387	-0.0888430331	0.0483582026	0.1542715083	-0.1312095201	-0.0503081305	0.0636872408	0.0482888316	0.0204912013	-0.1400796279	-0.0327216607	0.0758594453	-0.0912148399	0.0261773776	-0.1235867069	-0.0703080709	-0.0367775037	0.0834045941	0.0879031091	0.0262290659	0.0889927114	-0.0077977879	0.0680130191	-0.0501474301	-0.0231155229	0.1174304665	-0.0914874427	-0.0908650796	0.0088082167	0.0459911954	-0.0386335567	-0.0106634481	0.0097329074	0.0118891192	-0.1242675022	0.13877747	0.06291245	-0.0644187124	0.0194786595	0.0749760007	0.1317854732	0.0123126412	-0.0016022933	-0.0427066712	0.0428118122	-0.003782881	-0.0354463734	-0.0409301228	-0.1259008382	0.0458967368	0.0095608771	-0.1356960276	-0.1120143507	-0.1262188986	-0.0862396484	0.1190790186	0.0945481583	0.0090971842	0.0089591778	0.0476437609	0.0608352531	-0.0346869119	0.0303721157	-0.0711164959	-0.0983919336	-0.0244104899	0.0560519348	0.024134012	-0.0140463163	0.0478362311	0.1602762712	0.0430508235	-0.0442227623	0.1364883656	-0.1051411646	-0.0158401623	0.001062924	0.0830999044	0.0428790105	0.0920530924	0.0148239676	-0.020601461	0.142814034	-0.0006515179	-0.0150927205	0.0179975532	0.1126932125	-0.1285578634	0.1269376627	-0.1242524367	0.1205247148	0.1268145062937264	-0.0019668289598372	3.868416157254335e-06	0.0160819190065215	-0.1595403558846726	0.0077417418074503	0.0254531251558079	5.993456621322509e-05	0.2242435072656974	0.0036194687232153	1.3100553838334454e-05	0.0502851505508208	-0.0062469781811381	5.502200576399958e-05	3.0274211182936032e-09	3.902473639561549e-05	-0.0029847380213261	-0.0001074893554042	8.908661055949643e-06	1.1553961525231884e-08	0.0003856826576401	-2.55088179699982e-07	6.506997942265032e-14	1.487511124043306e-07
837.5115143783432	-1.388528325211951	701425.5367163059	1.9280109099159048	1141.1219326138084	1.736839109638595	1302159.2650922732	3.016610092770187	771.5607972404919	-1.4411556597837034	595306.0638383834	2.0769296357266014	820.3015505391509	782.6797519678877	0.949162	17.657255	0.0181970322687336	0.0154851993323448	0.0595588915	0.1297995667	0.0453241592	-0.066436468	0.01874944	0.0160760216	0.0408719816	0.0709817068	-0.0654018826	0.1413289274	0.0398740928	0.0382832978	-0.0685998571	0.0190497755	-0.0368472979	0.1055856058	-0.151943803	0.0359802501	-0.0136070936	-0.0072329336	-0.1085743588	-0.048735928	0.0405999801	0.0620512772	0.009867348	-0.1361272558	0.00222472	0.0147699661	0.1444615375	-0.0132572334	-0.1621659456	0.1059295083	0.0679562364	0.0223942434	-0.0703533454	-0.0174563493	-0.0370511919	0.0615966855	0.0398146219	-0.0846292634	-0.0269604863	-0.0073031761	0.0417293271	-0.1444951462	-0.033461782	0.063780177	0.0218192282	0.0275180664	0.024870298	0.1151018082	-0.0506669247	0.0802553789	0.0348919896	0.1008752621	-0.0401984071	-0.0756998516	0.0281928373	-0.1506234776	-0.0527091209	-0.1461803917	0.13471211	0.0077015588	0.1318209352	0.015343239	-0.0608851327	0.0121572196	0.0225852575	-0.1082532275	-0.1431371334	0.1048527739	0.0402827332	-0.047192233	-0.1937010499	0.0618643516	0.0051433859	0.1082635585	0.0425368569	-0.1587024613	0.0486846068	-0.0694822493	-0.0364662534	0.0167157261	0.008734975	0.0410806094	-0.0363922339	-0.04770618	-0.0358328511	-0.00971626	0.0984745199	0.053920498	0.0412883383	0.0531907054	-0.10361548	0.080980329	0.0541481287	0.0478232741	-0.0665258604	-0.0392104724	0.0244974483	0.0282602008	0.1136799514	-0.1022571572	0.0063662219	-0.0844874903	-0.092956344	-0.0352982018	0.0499246078	0.0107505647	-0.0537799468	-0.0271693252	0.0406862989	0.0169640046	0.0638166844	-0.0375253922	-0.1076405378	0.0087534834	-0.0159707182	-0.0742309082	0.0892267229	-0.0218995698	-0.0453653508	-0.0081506826	0.1008341773	0.1033014566	-0.0975600174	0.0243130941	-0.0376797234	-0.1288230331	0.1279949812	-0.1266188352	0.124700488	0.1257448534274203	-0.001069652866306	1.144157254396827e-06	0.0158117681634834	-0.1596269249407669	-8.656905609430443e-05	0.0254807551660452	7.494201473058827e-09	0.2396041765031356	0.0153606692374382	0.0002359501594219	0.0574101613977457	-0.0062469770220859	1.1590522005708315e-09	1.3434020036480872e-18	3.9024721914469214e-05	-0.0030177364407901	-3.299841946400022e-05	9.1067332260725e-06	1.0888956871221084e-09	0.0003850794139784	-6.032436617000366e-07	3.639029153812682e-13	1.4828615506994794e-07
837.3294854341888	-0.1820289441544673	701120.6671774833	0.0331345365099901	1137.2645911510429	-3.857341462765589	1293370.7502859486	14.879083160370577	771.2482560485031	-0.312541191988771	594823.8724578574	0.0976819966897618	819.5980282627299	781.6831580535334	0.988165	18.382828	0.0423668607105262	0.0210690271382002	-0.0018364439	0.0413074475	0.0764174926	0.0124491143	0.1550189132	0.1188042776	-0.069537172	0.040742009	-0.1062201965	0.0331831784	0.0654921135	0.0124359639	0.0040153221	-0.0484597478	0.040816316	0.0900440784	-0.248607843	0.0102502632	-0.0173760996	0.0139868017	0.0049627922	-0.0669730491	-0.0397284295	0.1439505099	0.1121916056	0.0023694736	-0.1989059509	0.0812743829	-0.0487045126	0.0520513295	0.0592299135	0.0957768562	0.0519074869	0.1852068472	-0.1325676034	-0.1341239537	-0.0608214397	-0.0597344956	-0.0440757664	-0.1511872207	-0.0320037305	0.0017490697	-0.0369593305	-0.0622190964	-0.1004039899	0.1274292386	0.1175983749	-0.0329032368	0.1720678851	0.0376958879	0.048242606	0.0261931382	0.0379604614	0.0454322431	0.0939100244	0.0198037889	0.060104783	-0.0754130905	0.0035488849	-0.1349466089	0.0941358591	-0.0148515247	0.0590479475	0.1595313241	-0.0158396636	0.0485028778	0.1862219447	-0.0306727598	0.0376757584	0.0525831607	0.0589986008	-0.1309377825	-0.0645231622	-0.1781785966	-0.0388870476	0.0194903029	-0.0421123092	-0.0074252123	0.0474887853	0.0750207486	-0.041766374	0.1283821084	-0.0822097244	0.1831301052	-0.0921366928	-0.0466303389	-0.1698856459	-0.0327620002	0.1567518834	0.0766804798	0.0051094798	0.0999831176	-0.0433964339	-0.0234231117	0.0061998921	-0.0037861649	-0.1267057715	0.0232343082	0.0769965382	-0.0782735533	-0.0845249744	-0.0713443316	0.0362571372	-0.0801383972	-0.0488381248	0.0287835026	0.0117150986	-0.1309079228	-0.068354355	-0.0518027581	-0.0349034851	-0.0117970717	0.0169138148	0.0505885995	-0.0592351334	0.0042840225	0.0938484773	-0.0895074876	0.0810537847	0.2574370884	-0.0552649556	-0.0950254515	0.1154712103	0.0142488411	-0.125112483	0.079026527	-0.0113674744	-0.1289999139	0.1287014744	-0.1282045865	0.1275100165	0.1281215195063936	0.0023766660789732	5.648541650942319e-06	0.0164151237606271	-0.1673269026178729	-0.0076999776771059	0.0279982923396911	5.928965622793039e-05	0.2222536879866936	-0.0173504885164419	0.0003010394517591	0.0493967018236865	-0.0064378485460321	-0.0001908715239462	3.643193865354489e-08	4.144589390164762e-05	-0.0030450353077613	-2.7298866971199945e-05	9.272240025512956e-06	7.452281379112711e-10	0.0004657035918211	8.062417784269999e-05	6.500258052811316e-09	2.1687983543507369e-07
838.6920109643771	1.36252553018835	703404.2892554709	1.856475820415044	1139.458253141093	2.193661990050259	1298365.1106513515	4.812152926591264	772.214802288342	0.9665462398388628	596315.700873223	0.9342116337466444	820.4933370992695	780.8079560953247	1.015014	18.882299	0.0575752773400934	0.0375145366963857	-0.0672531349	-0.0785624481	0.0252124459	-0.054083085	-0.0052033796	-0.0059768435	-0.0940267527	-0.0760357706	-0.0263066058	-0.0820795123	0.1311050646	0.0200058981	0.1890532802	0.1375127444	-0.0458612294	-0.0549777366	-0.1614690904	0.0067995231	-0.0525501251	0.0569578221	0.0907499777	0.0531702757	-0.1221651128	0.0488284363	-0.0186878279	0.0741998904	-0.1003476597	-0.0138655199	-0.0145507372	-0.0007486928	0.0540082108	0.0780960942	-0.0246121756	-0.0719264222	-0.0761185571	-0.0546895113	0.0448935552	-0.0053994411	-0.0596531023	-0.0509294806	-0.0978386669	-0.0460062661	-0.0044836498	0.0256329186	-0.0842037868	0.0258992372	0.0255811125	-0.0743413442	0.1111307916	-0.1214012038	0.1285669456	0.0508781356	-0.0349628934	-0.109958953	-0.0337368712	0.1417736788	0.0873854497	-0.0215368758	0.0865492811	0.0926692613	-0.0010030482	0.0003567949	-0.1049650734	0.1002292678	-0.0423596832	0.0097235409	0.0260655216	0.1285926294	-0.0119337042	0.0927268077	0.1056441847	-0.0816395573	-0.0231584163	-0.1182574258	-0.0781885974	0.0039160018	0.0604957101	-0.0005801771	0.0479812007	0.0985749	-0.0054316259	0.0610262897	-0.057897634	0.0092001959	-0.0899413095	0.1735224703	-0.044470532	-0.0328785468	-0.0246287046	0.1125180624	-0.0009451022	0.0161192128	-0.0342347827	0.0142535799	-0.0978206705	-0.0811045009	-0.0046956731	0.0527714663	-0.0547066942	-0.0927007077	-0.1612843938	0.0330525296	0.1338182214	-0.0164678119	0.0870094539	0.0104755514	-0.0328471736	-0.0565163465	-0.0073778493	0.0693251741	0.0663310726	0.0536664156	-0.0417226566	0.0163714126	-0.1515410357	-0.0222147514	0.0318059862	-0.0948596949	0.0222969182	0.1757456625	-0.1220823164	-0.1002195677	0.0741274481	0.1580191929	-0.055262508	0.0433487119	-0.0280859373	-0.1290883846	0.1290552057	-0.1289999139	0.1289225186	0.1253859665731482	-0.0027355529332454	7.483249850587511e-06	0.0157216406134826	-0.1676683649447881	-0.0003414623269152	0.0281126806032586	1.1659652070234561e-07	0.2013585787424858	-0.0208951092442077	0.0004366055903273	0.0405452772331938	-0.0059074207931807	0.0005304277528514	2.81353600994986e-07	3.4897620427703694e-05	-0.002942289898473	0.0001027454092883	8.657069846656255e-06	1.0556619129820348e-08	0.0004268136972463	-3.888989457479999e-05	1.5124239000390579e-09	1.8216993215705625e-07
