#!ascii label  , from subject sub-v1s6x0051373_ses-1 vox2ras=TkReg
5076
41763  -3.275  -40.474  84.156 0.1250000000
41754  -3.351  -40.418  84.811 0.1250000000
147785  -3.361  -40.949  84.534 0.1250000000
163635  -4.588  -40.575  86.445 0.1250000000
41768  -3.621  -40.495  83.551 0.1250000000
40901  -3.852  -41.364  83.354 0.1250000000
42668  -7.089  -39.695  84.591 0.1250000000
41770  -4.906  -40.682  82.413 0.1250000000
42685  -5.257  -39.962  82.131 0.1250000000
141896  -7.403  -39.020  84.237 0.1250000000
43582  -7.523  -38.408  83.652 0.1250000000
44470  -7.616  -37.824  82.895 0.1250000000
42693  -5.644  -39.230  81.725 0.1250000000
42694  -6.362  -38.941  81.190 0.2500000000
44471  -8.441  -37.846  82.788 0.1250000000
42701  -6.734  -39.127  80.337 0.2500000000
43600  -6.761  -38.266  81.002 0.2500000000
44497  -6.857  -37.282  79.715 0.2500000000
44483  -8.851  -37.245  82.457 0.1250000000
45443  -9.237  -36.589  82.139 0.1250000000
43611  -6.449  -38.414  78.749 0.3750000000
44504  -6.600  -37.619  78.597 0.2500000000
45444  -10.130  -36.613  82.131 0.1250000000
46440  -10.523  -36.113  81.574 0.1250000000
44518  -6.443  -37.644  77.841 0.2500000000
45493  -6.558  -37.165  77.328 0.2500000000
46506  -7.107  -36.245  77.105 0.3750000000
46515  -7.250  -35.193  76.012 0.3750000000
47500  -7.819  -34.442  76.115 0.5000000000
47511  -7.076  -34.662  75.478 0.5000000000
42677  -3.391  -39.744  83.696 0.1250000000
42666  -3.187  -39.833  84.404 0.1250000000
42646  -4.120  -39.961  86.094 0.1250000000
42647  -4.837  -39.819  86.485 0.1250000000
42656  -5.632  -40.094  85.778 0.1250000000
42667  -6.290  -39.712  85.152 0.1250000000
138031  -3.671  -39.082  82.629 0.1250000000
41744  -6.286  -40.730  85.490 0.1250000000
43571  -6.605  -38.928  84.536 0.2500000000
42692  -4.551  -39.175  82.274 0.1250000000
43598  -4.898  -38.397  82.057 0.1250000000
154029  -6.944  -38.356  84.109 0.1250000000
44481  -4.294  -37.577  82.297 0.1250000000
44490  -5.107  -37.505  81.788 0.2500000000
44491  -6.050  -37.428  81.283 0.2500000000
44482  -7.965  -37.243  82.474 0.1250000000
45470  -6.475  -36.344  80.033 0.3750000000
45480  -6.699  -36.641  79.275 0.3750000000
45442  -8.391  -36.503  82.303 0.1250000000
46493  -6.882  -35.150  79.045 0.3750000000
47479  -6.798  -34.353  78.840 0.3750000000
46452  -10.046  -35.350  81.129 0.1250000000
151727  -7.208  -36.133  78.260 0.2500000000
47489  -7.285  -35.014  78.102 0.5000000000
155321  -7.513  -34.381  77.543 0.5000000000
46507  -7.458  -35.328  76.923 0.5000000000
161788  -7.721  -34.723  76.710 0.5000000000
48471  -8.236  -33.619  76.397 0.5000000000
147977  -8.598  -32.811  76.354 0.5000000000
47521  -6.134  -34.650  74.772 0.5000000000
47522  -7.016  -34.123  74.966 0.5000000000
48482  -8.356  -33.272  75.508 0.6250000000
46523  -5.251  -35.367  74.413 0.3750000000
48495  -7.480  -33.421  74.683 0.5000000000
49405  -8.232  -32.729  74.697 0.6250000000
47520  -5.190  -34.938  73.852 0.2500000000
48494  -6.356  -33.841  74.345 0.3750000000
141599  -5.982  -34.789  72.124 0.2500000000
46389  -6.487  -34.965  87.286 0.2500000000
47367  -6.678  -34.171  87.622 0.2500000000
46398  -6.185  -35.672  86.888 0.2500000000
43570  -2.946  -38.554  84.431 0.1250000000
43563  -3.065  -38.592  85.251 0.1250000000
139622  -4.303  -39.060  86.212 0.1250000000
43557  -5.143  -38.537  86.627 0.1250000000
44452  -5.377  -37.672  86.925 0.2500000000
155864  -5.857  -37.831  85.601 0.2500000000
45414  -6.000  -36.882  85.485 0.2500000000
46407  -6.114  -35.792  85.960 0.3750000000
47374  -6.910  -34.399  86.839 0.2500000000
43580  -2.906  -38.544  83.577 0.1250000000
139501  -4.958  -39.088  86.634 0.1250000000
42649  -5.537  -39.162  85.998 0.1250000000
43581  -3.106  -38.941  83.038 0.1250000000
43565  -5.975  -38.668  85.305 0.2500000000
44462  -6.295  -37.927  84.601 0.2500000000
45421  -6.450  -36.954  84.450 0.2500000000
43592  -3.947  -38.449  82.395 0.1250000000
44480  -3.520  -37.814  82.475 0.1250000000
45422  -6.840  -36.363  83.774 0.1250000000
45458  -5.236  -36.566  81.517 0.3750000000
46466  -5.243  -34.962  80.580 0.3750000000
44463  -6.936  -37.602  83.667 0.1250000000
45429  -7.292  -37.043  82.827 0.1250000000
154767  -7.275  -36.202  82.894 0.1250000000
44496  -6.158  -36.590  80.780 0.3750000000
46467  -6.015  -35.651  80.455 0.3750000000
46425  -7.867  -35.537  82.566 0.1250000000
161274  -6.474  -34.887  79.593 0.3750000000
154809  -8.695  -35.902  82.065 0.1250000000
47419  -8.970  -34.285  81.610 0.1250000000
48425  -6.272  -33.640  78.963 0.3750000000
47480  -7.022  -33.958  78.350 0.5000000000
47490  -7.947  -34.069  77.000 0.5000000000
50391  -8.881  -31.983  76.268 0.5000000000
49395  -8.860  -32.543  75.486 0.6250000000
51454  -9.459  -30.818  75.148 0.6250000000
50400  -9.287  -31.728  75.375 0.6250000000
50406  -9.311  -31.266  74.378 0.6250000000
49403  -6.733  -33.108  73.807 0.5000000000
50411  -8.148  -32.202  73.932 0.6250000000
51462  -9.092  -30.721  73.697 0.6250000000
52551  -9.345  -29.876  73.682 0.6250000000
46534  -5.445  -35.080  72.834 0.2500000000
48510  -4.928  -33.902  73.262 0.3750000000
48511  -5.680  -33.544  73.589 0.5000000000
51461  -8.197  -30.958  73.445 0.5000000000
47536  -5.260  -34.389  72.363 0.2500000000
49415  -5.052  -32.877  72.749 0.5000000000
47547  -5.839  -34.146  71.658 0.2500000000
47336  -6.194  -33.750  89.541 0.7500000000
48299  -6.347  -33.110  89.955 0.7500000000
48289  -6.584  -32.661  90.464 0.8750000000
45389  -5.522  -35.839  89.069 0.7500000000
47346  -5.983  -34.629  89.394 0.7500000000
48300  -6.832  -32.877  89.801 0.7500000000
49231  -7.270  -32.552  89.744 0.8750000000
45401  -4.420  -36.305  87.741 0.5000000000
45395  -4.260  -36.307  88.844 0.6250000000
45396  -5.095  -36.098  88.694 0.6250000000
45397  -5.787  -35.688  88.581 0.7500000000
46375  -6.227  -35.253  89.079 0.8750000000
158527  -6.671  -34.645  88.896 0.6250000000
47348  -6.915  -33.925  88.951 0.7500000000
48312  -7.155  -33.114  89.166 0.7500000000
44443  -3.974  -37.085  87.311 0.3750000000
44444  -4.707  -37.136  87.477 0.5000000000
155267  -4.944  -36.364  87.910 0.5000000000
44439  -5.421  -36.178  87.784 0.5000000000
47358  -6.235  -34.852  88.314 0.6250000000
47359  -6.621  -34.029  88.516 0.6250000000
48320  -7.066  -33.352  88.658 0.7500000000
49240  -7.457  -32.731  88.769 0.7500000000
43555  -4.070  -38.085  86.206 0.1250000000
44451  -4.295  -37.753  87.062 0.2500000000
43549  -5.013  -37.823  87.106 0.2500000000
44446  -5.580  -36.891  87.146 0.3750000000
45402  -5.804  -36.155  87.225 0.3750000000
48326  -7.015  -33.418  87.878 0.7500000000
44457  -3.006  -37.744  85.056 0.2500000000
43564  -3.611  -38.606  85.723 0.1250000000
43556  -4.754  -38.418  86.701 0.2500000000
45406  -5.824  -36.432  86.541 0.3750000000
49248  -7.380  -32.733  88.095 0.6250000000
49249  -7.789  -32.089  88.290 0.7500000000
45419  -2.961  -37.096  84.290 0.2500000000
43590  -2.741  -38.021  82.918 0.1250000000
45428  -2.863  -36.542  82.795 0.3750000000
46438  -2.904  -35.282  82.492 0.5000000000
44479  -3.002  -37.494  82.547 0.2500000000
45439  -3.108  -36.486  82.308 0.3750000000
45456  -3.224  -35.961  81.631 0.5000000000
47448  -3.651  -34.872  80.947 0.5000000000
45457  -4.403  -36.592  82.156 0.3750000000
46465  -4.251  -35.213  80.936 0.5000000000
48409  -4.746  -33.620  80.393 0.6250000000
46478  -6.159  -34.787  80.163 0.3750000000
49365  -5.426  -32.070  79.443 0.5000000000
48444  -5.776  -32.814  79.133 0.5000000000
49366  -6.073  -32.074  78.826 0.5000000000
48445  -6.772  -33.008  78.570 0.5000000000
49367  -7.100  -32.080  78.467 0.5000000000
51439  -8.378  -31.299  77.732 0.6250000000
143314  -7.963  -32.125  77.929 0.5000000000
157235  -8.664  -31.414  76.888 0.5000000000
51453  -9.155  -31.034  76.274 0.6250000000
52528  -9.497  -29.892  74.807 0.6250000000
146810  -9.580  -29.064  74.453 0.7500000000
53558  -9.456  -28.979  73.773 0.7500000000
163720  -5.061  -33.283  73.129 0.3750000000
50410  -7.221  -31.346  73.248 0.5000000000
52549  -7.512  -29.619  73.145 0.6250000000
53557  -8.929  -28.537  73.415 0.6250000000
54537  -8.546  -27.622  73.395 0.6250000000
158895  -5.122  -33.829  72.103 0.3750000000
49424  -5.005  -33.234  72.359 0.3750000000
50409  -5.490  -31.984  72.610 0.5000000000
48534  -5.516  -33.307  71.602 0.3750000000
149854  -5.179  -32.456  71.872 0.3750000000
163225  -6.149  -33.692  71.352 0.3750000000
48287  -5.482  -32.820  90.109 1.0000000000
47329  -5.909  -33.237  90.031 0.7500000000
49220  -6.316  -32.350  90.929 0.7500000000
46372  -4.013  -35.024  89.026 0.8750000000
47345  -4.683  -34.260  88.978 0.8750000000
152894  -5.218  -34.450  89.233 0.8750000000
47335  -5.671  -33.671  89.591 0.8750000000
49215  -7.042  -31.935  91.535 0.8750000000
45394  -3.975  -36.076  88.478 0.7500000000
46381  -3.910  -35.974  89.153 0.7500000000
46373  -4.399  -35.298  89.176 0.8750000000
46374  -5.361  -35.348  89.218 0.8750000000
146174  -7.047  -32.539  90.340 0.8750000000
49221  -7.647  -31.902  91.131 0.8750000000
45400  -4.075  -36.344  87.358 0.6250000000
45388  -4.637  -36.025  89.209 0.8750000000
49232  -7.593  -32.180  90.466 0.8750000000
50208  -8.289  -31.554  90.888 0.8750000000
144149  -3.992  -36.112  86.674 0.6250000000
45405  -3.682  -36.817  86.642 0.5000000000
48332  -4.624  -33.604  86.788 0.8750000000
163866  -7.496  -32.606  89.236 0.7500000000
49241  -7.770  -32.175  89.672 0.7500000000
45413  -3.615  -36.376  85.950 0.5000000000
44449  -3.346  -37.215  85.971 0.2500000000
47373  -4.594  -34.674  86.668 0.8750000000
156211  -7.821  -32.180  88.966 0.7500000000
50226  -8.229  -31.562  89.341 0.8750000000
45420  -3.612  -36.033  85.060 0.7500000000
43554  -3.433  -37.920  85.798 0.2500000000
152194  -8.282  -31.519  88.533 0.7500000000
155120  -3.222  -36.414  84.505 0.7500000000
46413  -3.239  -35.679  84.145 0.7500000000
47417  -3.140  -34.539  82.547 0.6250000000
48398  -3.674  -33.398  81.571 0.6250000000
149530  -4.065  -32.172  81.671 0.6250000000
46449  -2.755  -35.088  81.671 0.6250000000
47431  -3.396  -34.324  81.276 0.6250000000
48407  -4.063  -33.335  81.097 0.6250000000
49352  -4.953  -32.168  79.994 0.5000000000
50364  -5.686  -31.302  79.259 0.5000000000
50366  -7.532  -31.233  78.396 0.5000000000
51423  -8.557  -30.629  77.138 0.6250000000
51440  -8.835  -30.083  76.688 0.7500000000
53514  -9.582  -28.516  76.152 0.7500000000
52514  -9.474  -29.225  75.500 0.7500000000
54504  -9.969  -27.853  75.604 0.7500000000
53527  -9.683  -28.418  75.089 0.7500000000
54521  -10.003  -27.554  74.745 0.6250000000
55498  -9.783  -26.758  74.264 0.6250000000
55499  -10.308  -26.145  74.812 0.6250000000
55515  -9.080  -27.022  73.668 0.6250000000
151802  -6.255  -31.753  73.088 0.5000000000
149129  -6.405  -31.014  72.891 0.5000000000
147217  -8.155  -29.118  73.258 0.6250000000
140230  -5.117  -32.474  72.309 0.5000000000
51467  -5.668  -30.996  72.439 0.5000000000
52548  -6.715  -29.587  72.878 0.6250000000
140971  -7.128  -28.969  72.987 0.6250000000
53555  -6.788  -28.307  72.772 0.6250000000
50415  -5.205  -31.589  72.049 0.5000000000
51466  -5.215  -30.494  72.022 0.6250000000
49437  -5.804  -32.429  71.217 0.3750000000
50423  -5.470  -31.644  71.524 0.2500000000
49219  -5.791  -32.351  90.675 0.8750000000
49213  -6.099  -31.906  91.287 0.8750000000
48310  -5.133  -33.142  88.873 1.0000000000
49230  -5.086  -32.453  89.726 1.0000000000
50207  -5.758  -31.482  91.076 0.8750000000
49214  -6.504  -32.058  91.359 0.8750000000
47344  -4.511  -34.010  88.566 0.8750000000
152571  -4.766  -32.917  88.351 1.0000000000
139263  -5.078  -31.684  90.204 1.0000000000
46380  -3.906  -35.376  88.579 0.8750000000
47366  -4.309  -34.397  87.669 0.8750000000
161900  -4.428  -33.405  87.470 0.8750000000
145058  -4.594  -32.083  87.439 1.0000000000
137010  -4.787  -31.481  87.751 1.0000000000
50218  -8.842  -31.010  90.700 0.8750000000
46388  -4.275  -35.503  87.385 0.7500000000
50243  -4.566  -31.602  87.168 1.0000000000
51267  -4.607  -30.881  87.264 1.0000000000
52334  -4.521  -30.066  87.424 1.0000000000
50227  -8.807  -31.004  89.825 0.8750000000
46397  -4.170  -35.515  86.306 0.7500000000
151294  -4.466  -34.125  85.907 0.8750000000
48343  -4.499  -33.248  85.873 0.8750000000
157648  -4.401  -31.786  86.230 0.8750000000
52348  -4.415  -30.177  86.315 1.0000000000
154600  -4.511  -29.440  86.878 1.0000000000
148384  -8.825  -30.923  88.896 0.7500000000
46406  -3.965  -35.494  85.542 0.7500000000
47379  -4.169  -34.636  85.067 0.7500000000
136791  -4.306  -33.706  85.034 0.8750000000
144274  -3.731  -32.839  84.268 0.8750000000
50293  -4.193  -31.518  83.597 0.7500000000
155869  -3.749  -35.317  84.816 0.7500000000
47390  -3.674  -33.958  84.424 0.7500000000
48372  -3.489  -33.364  83.948 0.8750000000
146793  -3.941  -32.065  83.110 0.6250000000
51335  -4.274  -30.893  82.483 0.7500000000
51336  -4.497  -30.495  82.132 0.7500000000
46424  -3.276  -35.048  83.371 0.6250000000
138639  -3.004  -33.978  81.847 0.6250000000
51353  -4.742  -30.781  81.492 0.6250000000
50331  -4.391  -32.105  81.330 0.6250000000
51368  -5.009  -31.149  80.834 0.6250000000
51369  -5.297  -30.491  80.353 0.6250000000
50332  -4.727  -31.936  80.907 0.6250000000
51386  -5.137  -31.068  80.216 0.6250000000
51388  -5.830  -30.093  79.456 0.5000000000
53487  -6.669  -29.062  79.159 0.7500000000
50347  -4.936  -31.697  80.387 0.6250000000
51387  -5.452  -30.652  79.719 0.5000000000
51404  -6.246  -29.964  79.114 0.5000000000
53488  -7.295  -28.808  78.634 0.6250000000
144358  -6.890  -30.313  78.686 0.5000000000
53489  -7.980  -28.278  78.104 0.7500000000
52497  -8.065  -29.431  77.681 0.6250000000
54479  -8.693  -27.734  77.607 0.7500000000
137582  -9.805  -26.241  77.515 0.7500000000
162841  -8.384  -29.904  77.313 0.6250000000
53503  -9.090  -28.065  76.895 0.7500000000
54491  -9.948  -27.582  76.360 0.7500000000
55456  -10.126  -26.553  76.517 0.7500000000
55482  -10.444  -26.428  75.300 0.6250000000
56538  -9.638  -25.857  74.382 0.6250000000
55497  -8.972  -26.273  73.757 0.6250000000
53570  -5.185  -28.528  72.467 0.6250000000
54553  -5.908  -27.908  72.596 0.6250000000
54535  -6.931  -27.533  72.766 0.6250000000
54536  -7.688  -27.345  73.135 0.6250000000
55514  -8.220  -26.800  73.416 0.6250000000
52555  -5.003  -29.636  72.161 0.6250000000
52556  -5.847  -29.617  72.557 0.6250000000
53571  -6.180  -28.856  72.658 0.6250000000
51475  -5.317  -30.678  71.627 0.5000000000
161375  -5.627  -31.055  71.077 0.3750000000
51236  -5.576  -30.756  90.978 1.0000000000
51243  -5.285  -30.578  90.292 1.0000000000
51233  -6.110  -30.950  91.677 0.8750000000
50199  -6.410  -31.070  92.008 0.8750000000
50204  -7.206  -31.440  91.962 0.8750000000
50234  -4.900  -31.760  88.631 1.0000000000
51250  -4.810  -30.861  89.256 1.0000000000
50205  -8.035  -31.158  92.021 1.0000000000
141996  -8.262  -31.348  91.449 1.0000000000
157206  -4.848  -31.408  88.389 1.0000000000
51258  -4.701  -30.734  88.542 1.0000000000
52322  -4.626  -30.221  87.974 1.0000000000
53384  -4.823  -28.761  88.355 1.0000000000
154446  -8.890  -30.933  91.361 0.8750000000
53394  -4.497  -29.274  87.105 1.0000000000
144452  -4.651  -28.666  87.524 1.0000000000
55350  -5.315  -27.457  87.812 1.0000000000
49289  -4.298  -32.403  84.809 0.8750000000
51307  -4.436  -30.849  84.162 0.8750000000
52373  -4.533  -29.398  85.319 1.0000000000
54383  -4.678  -28.482  86.355 1.0000000000
55359  -5.075  -27.444  86.973 1.0000000000
51251  -9.516  -30.566  89.434 0.8750000000
52410  -4.477  -30.331  82.850 0.7500000000
54393  -4.839  -28.405  85.514 1.0000000000
54403  -5.131  -28.194  84.925 1.0000000000
54404  -5.421  -27.664  84.786 1.0000000000
50246  -9.786  -30.699  87.881 0.7500000000
52411  -4.723  -29.884  82.483 0.7500000000
52430  -4.897  -30.097  81.756 0.7500000000
55386  -6.023  -27.113  84.348 1.0000000000
52412  -5.173  -29.459  82.124 0.7500000000
52431  -5.460  -29.722  81.388 0.7500000000
54414  -6.152  -27.313  83.465 1.0000000000
53451  -5.696  -29.059  81.771 0.8750000000
53464  -6.331  -28.800  80.546 1.0000000000
53476  -7.063  -28.472  79.332 0.7500000000
54459  -7.692  -27.787  79.736 0.8750000000
54469  -7.778  -27.992  78.888 0.7500000000
54470  -8.517  -27.481  78.431 0.7500000000
54471  -9.202  -26.857  77.976 0.7500000000
56475  -10.039  -25.677  76.928 0.7500000000
55457  -10.272  -25.945  76.221 0.6250000000
56515  -9.835  -25.255  75.632 0.6250000000
57571  -9.707  -24.861  76.290 0.7500000000
56514  -9.294  -25.277  74.920 0.6250000000
56576  -5.251  -25.876  72.280 0.6250000000
56557  -6.259  -26.128  73.012 0.6250000000
56559  -7.940  -26.036  73.556 0.6250000000
56513  -8.204  -25.046  74.937 0.6250000000
55530  -4.882  -26.639  71.869 0.6250000000
152278  -5.287  -27.265  72.362 0.6250000000
55512  -6.172  -26.966  72.668 0.6250000000
55513  -7.185  -26.603  73.020 0.6250000000
54552  -4.980  -27.933  72.398 0.6250000000
52554  -4.538  -29.291  72.013 0.6250000000
51465  -4.895  -29.800  71.865 0.6250000000
51484  -5.384  -29.780  70.508 0.5000000000
50430  -5.968  -30.913  70.530 0.3750000000
161753  -5.403  -30.118  90.679 1.0000000000
52309  -5.305  -29.798  90.080 1.0000000000
52297  -5.894  -29.981  91.389 1.0000000000
155758  -6.468  -30.412  92.030 1.0000000000
51230  -6.823  -30.601  92.284 1.0000000000
53374  -4.961  -29.291  89.051 1.0000000000
53367  -5.354  -28.927  90.035 1.0000000000
50202  -8.350  -30.398  92.557 1.0000000000
149372  -8.840  -30.833  92.063 1.0000000000
52323  -4.653  -29.790  88.412 1.0000000000
54357  -5.259  -28.304  89.015 1.0000000000
55340  -5.463  -27.412  88.611 1.0000000000
51237  -9.497  -30.539  91.228 0.8750000000
53430  -4.693  -29.416  84.367 0.8750000000
52374  -4.501  -30.076  84.728 1.0000000000
55367  -5.095  -27.415  86.306 1.0000000000
55351  -5.743  -26.675  87.703 1.0000000000
51252  -10.045  -30.035  89.925 1.0000000000
52392  -4.736  -29.698  83.323 0.8750000000
53431  -4.994  -29.007  83.791 0.8750000000
55376  -5.774  -26.892  85.177 1.0000000000
55368  -5.568  -26.719  85.961 1.0000000000
51259  -10.483  -30.222  88.242 0.8750000000
53441  -5.466  -28.796  82.544 0.8750000000
54412  -5.297  -28.362  84.234 1.0000000000
55377  -6.496  -26.330  84.802 1.0000000000
53442  -5.988  -28.348  82.206 1.0000000000
54424  -5.778  -28.072  82.999 1.0000000000
55399  -6.922  -26.830  83.139 1.0000000000
55378  -7.454  -26.039  83.564 1.0000000000
51283  -10.905  -29.919  86.948 0.5000000000
54445  -6.774  -28.041  80.972 1.0000000000
54435  -6.573  -27.789  81.818 1.0000000000
54426  -7.126  -27.024  82.330 1.0000000000
55400  -7.767  -26.406  82.840 0.8750000000
54446  -7.590  -27.556  80.589 0.8750000000
54436  -7.406  -27.135  81.466 0.7500000000
138640  -7.654  -26.485  82.070 0.8750000000
54460  -8.461  -27.277  79.337 0.7500000000
159304  -8.777  -26.452  80.559 0.7500000000
55433  -9.160  -26.706  78.893 0.7500000000
160482  -9.682  -26.057  79.290 0.7500000000
56456  -9.826  -25.569  78.825 0.7500000000
57555  -9.883  -24.824  77.086 0.7500000000
57570  -8.958  -24.587  75.622 0.6250000000
56556  -5.585  -25.593  73.120 0.6250000000
158330  -6.219  -25.574  73.595 0.6250000000
56534  -5.873  -25.079  74.021 0.6250000000
56536  -7.521  -25.423  74.265 0.6250000000
56558  -6.941  -25.796  73.547 0.6250000000
56535  -6.606  -25.244  74.284 0.6250000000
54568  -4.096  -27.898  71.400 0.6250000000
153083  -4.136  -27.205  71.533 0.6250000000
53579  -4.445  -28.531  71.170 0.5000000000
161787  -5.735  -29.701  69.965 0.3750000000
52303  -6.037  -28.859  91.399 1.0000000000
52294  -7.841  -29.439  92.871 1.0000000000
140232  -9.552  -30.553  92.007 1.0000000000
54351  -5.563  -28.000  90.030 1.0000000000
146116  -5.485  -27.469  89.135 1.0000000000
52304  -10.560  -29.517  91.203 1.0000000000
55341  -5.722  -26.661  88.558 1.0000000000
153752  -10.751  -29.717  89.533 1.0000000000
52324  -11.269  -29.551  88.251 0.7500000000
56388  -6.237  -25.865  87.411 1.0000000000
158457  -11.897  -29.081  88.000 0.7500000000
139035  -6.227  -26.093  85.569 1.0000000000
51269  -10.928  -29.907  87.626 0.7500000000
52336  -11.460  -29.338  87.253 0.7500000000
157456  -7.234  -25.606  84.419 1.0000000000
55412  -8.103  -26.282  81.587 0.8750000000
56414  -8.112  -25.870  82.269 0.8750000000
55413  -8.687  -25.978  81.081 0.8750000000
56415  -8.475  -25.470  81.626 0.8750000000
56426  -8.995  -25.075  81.003 0.7500000000
57511  -9.443  -24.652  79.579 0.7500000000
57521  -9.103  -24.219  78.771 0.7500000000
57539  -9.096  -24.196  77.318 0.7500000000
57554  -9.147  -24.227  76.492 0.5000000000
152542  -4.805  -23.611  74.947 0.7500000000
159503  -4.811  -24.261  74.216 0.7500000000
58595  -8.179  -23.779  75.927 0.5000000000
162071  -4.610  -24.604  73.413 0.6250000000
57585  -5.439  -24.615  74.666 0.6250000000
56511  -6.182  -24.692  74.919 0.6250000000
56512  -7.135  -24.679  75.023 0.6250000000
148557  -7.938  -24.286  75.424 0.6250000000
57601  -4.081  -24.596  73.012 0.6250000000
56555  -4.856  -25.146  72.758 0.6250000000
56575  -4.761  -25.740  71.882 0.6250000000
53583  -4.700  -28.593  70.330 0.5000000000
53588  -4.616  -28.068  69.852 0.5000000000
52565  -5.236  -29.204  70.041 0.5000000000
53589  -5.219  -28.491  69.670 0.1250000000
53354  -7.590  -28.472  93.191 1.0000000000
53355  -8.457  -28.824  93.439 1.0000000000
52292  -8.995  -28.830  93.528 1.0000000000
53353  -6.881  -27.929  92.812 1.0000000000
54342  -6.241  -26.982  91.488 1.0000000000
54343  -6.649  -27.385  92.052 1.0000000000
148135  -7.064  -28.845  92.616 1.0000000000
52296  -9.223  -29.183  93.160 1.0000000000
52300  -10.601  -29.545  91.952 1.0000000000
55328  -5.800  -26.530  91.024 1.0000000000
54346  -5.943  -27.482  90.666 1.0000000000
52299  -9.682  -29.383  92.663 1.0000000000
56373  -5.355  -25.987  91.094 1.0000000000
55332  -5.528  -26.721  89.742 1.0000000000
52311  -11.222  -29.086  90.775 1.0000000000
56383  -6.122  -25.679  88.350 1.0000000000
52317  -11.389  -29.291  89.951 1.0000000000
142247  -11.312  -29.329  89.117 1.0000000000
56392  -6.717  -25.109  85.879 1.0000000000
58458  -30.833  -23.427  87.006 0.7500000000
59505  -31.686  -23.126  87.289 0.7500000000
57467  -7.833  -24.611  83.588 1.0000000000
56406  -8.384  -25.054  82.264 0.8750000000
57488  -8.278  -24.198  81.900 0.8750000000
57499  -9.115  -24.269  80.440 0.8750000000
57489  -8.721  -24.304  81.254 0.8750000000
57510  -8.936  -24.021  79.601 0.7500000000
142841  -8.862  -24.135  77.959 0.7500000000
144663  -4.865  -21.158  77.566 0.8750000000
60587  -4.936  -22.019  77.183 0.8750000000
58582  -8.302  -23.714  76.743 0.6250000000
148176  -5.710  -21.820  75.740 0.8750000000
59609  -5.250  -22.345  76.290 0.8750000000
59608  -4.912  -22.850  76.911 0.8750000000
57569  -7.197  -24.303  75.916 0.5000000000
57538  -7.283  -24.064  76.593 0.5000000000
59628  -4.778  -22.838  74.649 0.7500000000
59621  -5.264  -22.310  75.198 0.7500000000
59620  -4.980  -23.036  75.745 0.7500000000
57551  -5.525  -24.115  76.253 0.7500000000
57568  -6.433  -24.409  75.789 0.7500000000
58607  -4.392  -23.441  74.142 0.7500000000
58620  -4.198  -24.055  73.566 0.7500000000
57566  -5.113  -24.276  75.321 0.7500000000
55544  -4.064  -26.419  71.440 0.6250000000
161543  -4.347  -25.568  71.696 0.6250000000
56574  -3.968  -25.684  71.190 0.6250000000
54567  -3.613  -27.169  71.098 0.6250000000
55553  -3.662  -26.406  70.763 0.6250000000
55563  -3.762  -26.095  69.989 0.6250000000
55554  -3.659  -26.892  70.398 0.5000000000
54588  -4.215  -27.375  69.882 0.2500000000
54590  -5.976  -27.415  69.263 0.1250000000
54335  -8.858  -27.744  94.383 1.0000000000
53350  -9.359  -28.504  94.019 1.0000000000
53357  -10.238  -27.933  92.976 1.0000000000
150427  -6.600  -26.678  92.144 1.0000000000
52301  -11.068  -28.920  92.077 1.0000000000
55324  -6.208  -26.159  91.973 1.0000000000
56375  -5.339  -25.946  90.355 1.0000000000
53368  -11.934  -28.702  90.346 1.0000000000
56379  -5.424  -25.895  89.705 1.0000000000
53385  -12.364  -28.554  88.328 0.7500000000
57439  -6.219  -24.009  87.245 1.0000000000
53386  -12.897  -28.053  87.962 0.7500000000
59502  -30.004  -22.451  87.157 0.8750000000
59494  -29.798  -22.181  87.738 0.7500000000
59495  -30.591  -22.294  87.952 0.8750000000
59504  -31.007  -22.873  87.558 0.7500000000
57442  -6.601  -24.186  86.289 1.0000000000
154888  -30.175  -22.649  86.835 0.8750000000
59503  -30.396  -22.887  87.367 0.8750000000
157855  -33.154  -21.815  87.831 0.6250000000
60482  -33.621  -21.304  87.712 0.8750000000
60483  -34.435  -21.517  87.518 1.0000000000
57449  -6.897  -24.353  85.511 1.0000000000
162052  -28.050  -21.876  85.744 0.6250000000
58459  -32.575  -23.425  86.696 0.7500000000
59506  -33.826  -22.248  87.536 0.8750000000
60484  -35.364  -21.618  87.421 0.8750000000
61467  -35.822  -20.759  87.455 0.8750000000
61468  -36.657  -21.038  87.228 0.7500000000
57457  -7.191  -24.102  84.845 1.0000000000
60515  -27.467  -21.441  84.292 0.6250000000
143691  -34.884  -22.668  87.133 0.8750000000
161850  -36.093  -22.771  86.854 0.8750000000
62489  -37.073  -19.689  86.633 0.5000000000
63453  -1.994  -18.491  80.879 0.8750000000
63459  -2.433  -18.404  80.201 0.8750000000
62545  -2.409  -19.149  80.586 0.8750000000
58502  -6.618  -23.137  82.635 0.8750000000
62554  -2.681  -19.183  79.925 0.8750000000
62555  -3.118  -19.104  79.264 0.8750000000
61549  -3.482  -20.103  79.130 0.7500000000
60553  -3.680  -21.446  79.545 0.8750000000
58529  -8.195  -23.600  79.962 0.7500000000
62564  -3.614  -19.148  78.731 0.7500000000
61550  -3.960  -20.188  78.534 0.7500000000
60563  -3.869  -21.083  78.900 1.0000000000
152575  -4.387  -21.810  78.352 0.8750000000
59584  -4.179  -21.763  79.076 1.0000000000
58558  -7.256  -23.238  78.361 0.7500000000
62570  -5.063  -19.262  77.997 0.8750000000
61561  -4.642  -20.246  78.104 0.8750000000
59596  -4.637  -22.465  77.720 0.8750000000
58568  -5.167  -23.402  78.052 0.8750000000
61577  -5.995  -20.332  76.961 0.7500000000
149971  -4.939  -23.269  77.542 0.8750000000
58569  -5.799  -23.693  77.856 0.7500000000
60597  -5.630  -21.570  74.956 0.7500000000
58581  -5.175  -23.531  76.601 0.7500000000
57536  -6.022  -24.491  77.267 0.7500000000
57553  -6.414  -24.484  76.698 0.7500000000
59629  -4.694  -21.971  74.351 0.7500000000
143841  -3.846  -23.300  73.598 0.7500000000
58619  -3.700  -23.384  73.130 0.6250000000
57600  -3.908  -24.322  72.641 0.6250000000
57637  -3.939  -24.789  70.973 0.6250000000
54338  -6.765  -27.032  93.091 1.0000000000
54339  -7.880  -27.295  93.483 1.0000000000
141695  -9.407  -28.134  94.360 1.0000000000
55319  -7.206  -26.345  93.335 1.0000000000
159273  -9.152  -27.062  94.415 1.0000000000
53358  -11.080  -28.083  94.001 1.0000000000
56363  -6.491  -25.588  92.499 0.8750000000
53361  -11.178  -28.118  92.619 1.0000000000
53364  -11.731  -28.526  91.234 1.0000000000
139480  -11.765  -28.612  92.042 1.0000000000
148337  -5.145  -25.542  91.707 1.0000000000
56372  -5.146  -25.391  91.040 1.0000000000
53369  -12.281  -27.975  90.800 1.0000000000
57432  -5.483  -25.013  89.542 1.0000000000
141016  -13.436  -27.460  87.634 0.7500000000
54358  -12.673  -27.819  88.810 0.6250000000
57438  -5.920  -24.300  88.126 1.0000000000
54376  -13.350  -27.434  86.675 0.7500000000
53397  -12.819  -28.041  87.046 0.7500000000
59493  -29.139  -21.562  87.840 0.7500000000
63432  -1.857  -18.395  83.785 0.7500000000
59501  -29.285  -21.339  86.750 0.7500000000
59512  -28.624  -22.067  86.045 0.7500000000
59497  -32.536  -21.780  88.102 0.7500000000
144406  -2.075  -18.055  83.003 0.7500000000
59511  -27.890  -21.998  86.062 0.7500000000
161314  -2.281  -18.477  82.480 0.8750000000
63450  -2.347  -18.468  81.715 0.8750000000
61518  -3.035  -19.910  82.156 0.8750000000
61481  -37.136  -21.403  86.521 0.7500000000
62490  -38.051  -19.989  86.445 0.5000000000
143705  -2.309  -17.753  82.107 0.8750000000
62538  -2.589  -19.399  81.334 0.8750000000
147526  -5.979  -22.933  83.204 0.8750000000
64397  -2.509  -17.026  80.527 0.7500000000
61537  -3.136  -20.860  80.223 0.8750000000
58527  -6.680  -23.026  80.750 0.8750000000
63460  -2.888  -18.194  79.496 0.7500000000
61538  -3.360  -20.926  79.621 0.8750000000
58528  -7.390  -23.286  80.369 0.8750000000
58543  -7.098  -23.195  79.370 0.8750000000
64402  -3.550  -17.281  79.397 0.7500000000
58555  -5.187  -22.699  78.888 1.0000000000
63467  -4.059  -18.176  78.626 0.7500000000
64410  -4.053  -17.499  79.031 0.7500000000
59585  -4.695  -22.526  78.387 0.8750000000
58570  -6.545  -23.620  77.737 0.7500000000
58571  -7.429  -23.506  77.612 0.7500000000
57537  -6.791  -24.116  77.158 0.7500000000
62580  -6.380  -19.757  76.600 0.7500000000
60606  -5.094  -21.116  74.238 0.6250000000
59640  -4.200  -22.608  74.039 0.7500000000
157527  -4.096  -21.782  73.764 0.6250000000
59651  -3.622  -22.464  72.700 0.6250000000
60623  -3.617  -21.553  72.770 0.6250000000
53351  -10.045  -28.161  94.207 1.0000000000
162695  -12.544  -27.808  92.171 1.0000000000
54352  -12.834  -27.576  90.448 0.8750000000
57414  -5.501  -25.167  92.241 0.7500000000
159074  -12.646  -28.094  89.819 0.8750000000
143171  -4.700  -23.481  89.782 1.0000000000
57428  -5.149  -25.209  90.236 1.0000000000
54367  -13.323  -27.292  88.456 0.6250000000
58452  -5.314  -23.863  88.455 0.8750000000
57433  -5.906  -24.791  88.837 1.0000000000
54386  -13.820  -26.823  86.279 0.7500000000
61490  -25.571  -20.479  85.702 0.7500000000
142379  -26.714  -21.014  86.236 0.7500000000
60495  -27.873  -21.029  86.746 0.6250000000
64352  -1.788  -17.732  84.268 0.7500000000
62507  -2.485  -19.322  83.867 0.8750000000
142495  -5.697  -23.244  86.982 0.8750000000
54397  -13.826  -26.949  85.291 0.3750000000
154538  -24.485  -19.840  84.253 0.7500000000
61504  -25.102  -20.304  84.090 0.6250000000
60504  -25.962  -20.981  85.206 0.7500000000
136758  -27.215  -21.464  86.175 0.7500000000
63421  -2.500  -18.551  84.766 0.7500000000
61505  -2.950  -20.160  83.839 0.8750000000
142974  -5.868  -22.878  84.930 1.0000000000
61508  -24.295  -20.156  83.351 0.7500000000
60514  -25.847  -20.740  84.410 0.6250000000
162215  -26.679  -21.121  84.647 0.6250000000
148280  -1.739  -16.857  84.243 0.5000000000
62535  -22.425  -19.469  82.337 0.5000000000
62528  -23.472  -19.735  83.156 0.6250000000
65336  -2.224  -16.461  83.357 0.6250000000
151522  -3.269  -20.770  81.992 0.8750000000
65345  -2.640  -16.441  82.438 0.7500000000
61529  -3.163  -20.402  81.375 1.0000000000
59554  -3.606  -21.105  81.505 1.0000000000
58500  -5.032  -22.522  83.290 1.0000000000
145077  -5.977  -22.962  81.905 0.8750000000
64389  -1.932  -17.642  81.126 0.8750000000
161564  -3.294  -20.724  80.767 0.8750000000
60552  -3.384  -21.371  80.047 1.0000000000
59567  -4.185  -21.769  80.309 1.0000000000
58514  -4.752  -22.329  82.340 1.0000000000
58515  -6.018  -22.703  81.158 0.8750000000
160416  -38.468  -17.374  84.935 0.5000000000
65335  -38.399  -16.540  84.672 0.6250000000
64401  -2.769  -17.524  79.928 0.7500000000
59576  -3.805  -21.722  79.841 1.0000000000
58540  -4.927  -22.603  79.804 0.8750000000
58526  -5.725  -22.879  80.211 0.8750000000
58542  -6.169  -23.027  79.286 0.8750000000
64375  -37.891  -17.527  84.283 0.6250000000
65344  -38.189  -16.704  84.206 0.6250000000
66442  -38.439  -15.953  84.121 0.7500000000
64398  -3.313  -16.871  79.886 0.7500000000
59577  -4.477  -22.189  79.373 0.8750000000
58541  -5.647  -22.844  79.311 0.8750000000
58557  -6.281  -23.309  78.525 0.7500000000
162691  -37.462  -16.772  82.980 0.7500000000
62565  -4.304  -19.191  78.392 0.7500000000
58556  -5.715  -23.219  78.611 0.7500000000
63475  -5.325  -18.259  77.699 0.7500000000
63485  -6.086  -18.711  77.087 0.7500000000
61590  -6.472  -20.374  75.677 0.7500000000
153381  -6.126  -20.723  74.778 0.6250000000
61613  -5.542  -20.290  73.894 0.6250000000
60614  -4.213  -21.423  73.731 0.6250000000
61611  -3.911  -21.244  73.440 0.6250000000
143668  -3.363  -21.166  71.881 0.6250000000
60632  -3.586  -21.559  70.820 0.6250000000
147749  -4.231  -21.750  69.429 0.2500000000
60670  -4.461  -21.163  69.020 0.1250000000
55342  -13.693  -26.553  88.914 0.7500000000
63386  -3.198  -18.331  87.880 0.5000000000
62442  -3.238  -19.112  88.204 0.6250000000
60457  -3.312  -20.736  88.135 0.6250000000
58440  -4.942  -23.599  90.732 0.8750000000
57424  -4.957  -24.836  91.844 1.0000000000
54368  -14.159  -27.009  88.153 0.7500000000
64321  -2.786  -16.902  87.273 0.5000000000
63385  -2.819  -18.015  87.148 0.5000000000
62474  -2.770  -19.509  86.810 0.6250000000
61453  -2.994  -20.225  86.723 0.6250000000
61454  -3.383  -20.710  87.010 0.6250000000
60472  -3.748  -21.300  87.291 0.6250000000
59479  -4.373  -22.683  89.335 0.7500000000
55361  -14.413  -26.339  86.878 0.6250000000
65290  -2.613  -15.825  87.606 0.5000000000
64329  -2.546  -17.397  86.732 0.5000000000
63396  -2.318  -18.297  86.473 0.5000000000
140398  -2.171  -19.120  86.298 0.6250000000
138049  -2.682  -19.989  86.079 0.7500000000
61483  -3.234  -20.621  85.493 0.7500000000
60486  -3.478  -21.306  85.678 0.7500000000
60488  -3.734  -22.500  86.110 0.7500000000
151941  -4.336  -22.417  86.606 0.8750000000
59499  -4.390  -22.415  87.334 0.7500000000
58451  -4.550  -23.236  87.965 0.8750000000
139393  -14.386  -26.382  85.877 0.6250000000
61503  -24.659  -20.208  85.009 0.6250000000
65301  -2.610  -16.234  87.162 0.5000000000
139438  -2.553  -16.869  85.990 0.5000000000
64340  -2.283  -17.770  86.067 0.5000000000
62492  -2.884  -19.983  85.372 0.7500000000
61496  -3.147  -20.367  84.684 0.8750000000
60511  -3.961  -21.248  84.720 0.8750000000
59517  -4.335  -21.772  85.199 1.0000000000
59518  -4.141  -22.491  85.600 1.0000000000
58463  -4.085  -22.859  86.106 0.8750000000
58464  -5.025  -23.161  86.281 0.8750000000
55379  -14.201  -26.515  83.909 0.2500000000
55369  -14.312  -26.494  84.887 0.5000000000
62516  -23.713  -19.303  83.963 0.5000000000
62517  -24.160  -19.387  84.991 0.6250000000
65315  -2.207  -16.336  84.914 0.5000000000
143214  -2.284  -17.485  85.137 0.6250000000
139857  -22.035  -19.319  81.627 0.3750000000
143569  -22.808  -19.498  82.920 0.5000000000
152340  -2.389  -15.706  83.563 0.5000000000
64363  -1.844  -17.461  83.620 0.7500000000
150050  -3.436  -21.171  81.950 1.0000000000
59534  -4.112  -20.926  82.951 1.0000000000
59536  -4.351  -22.075  83.862 1.0000000000
59525  -4.176  -21.572  84.347 1.0000000000
66443  -2.775  -15.824  82.837 0.6250000000
143227  -2.347  -16.835  81.556 0.6250000000
59566  -3.977  -21.046  81.058 1.0000000000
59555  -3.732  -21.418  81.788 1.0000000000
59556  -4.230  -21.936  82.043 1.0000000000
65327  -38.471  -16.754  85.091 0.5000000000
58525  -4.873  -22.134  80.662 0.8750000000
145453  -4.334  -21.484  81.210 0.8750000000
159337  -38.594  -15.341  84.116 0.6250000000
65383  -3.980  -16.655  79.586 0.7500000000
66455  -37.634  -15.451  83.079 0.7500000000
66441  -38.352  -15.391  83.683 0.6250000000
64411  -4.567  -17.315  78.668 0.7500000000
65401  -4.840  -16.815  78.997 0.7500000000
65373  -37.164  -16.191  82.494 0.7500000000
66469  -37.180  -15.186  82.407 0.7500000000
64422  -4.924  -17.448  78.174 0.6250000000
163184  -36.298  -17.109  81.426 0.7500000000
148119  -36.404  -16.363  81.616 0.7500000000
62581  -6.649  -19.592  75.702 0.7500000000
62593  -6.465  -19.878  74.383 0.6250000000
62599  -4.109  -20.316  73.102 0.6250000000
62610  -3.696  -19.806  72.500 0.6250000000
62609  -3.410  -20.324  72.172 0.6250000000
61638  -3.707  -20.745  70.948 0.6250000000
60658  -3.373  -21.218  69.920 0.3750000000
61663  -3.748  -20.665  69.455 0.2500000000
55343  -14.471  -26.309  88.511 0.7500000000
55353  -15.014  -25.924  87.381 0.6250000000
65291  -3.097  -16.625  87.596 0.5000000000
64322  -3.276  -17.470  87.703 0.5000000000
55370  -14.759  -25.892  85.512 0.6250000000
56396  -15.021  -25.237  85.100 0.3750000000
55389  -14.597  -25.951  83.503 0.2500000000
56398  -14.875  -25.066  84.043 0.3750000000
62533  -20.651  -19.184  82.626 0.3750000000
62526  -21.581  -19.323  83.860 0.5000000000
62527  -22.646  -19.536  83.699 0.3750000000
66412  -2.865  -15.879  85.908 0.5000000000
150456  -15.021  -25.328  83.051 0.3750000000
138898  -21.291  -19.272  83.115 0.2500000000
62534  -22.049  -19.406  83.061 0.3750000000
66422  -2.483  -15.386  84.885 0.5000000000
67451  -2.717  -14.767  84.538 0.5000000000
56407  -14.703  -25.182  82.166 0.2500000000
57479  -15.182  -24.506  82.650 0.1250000000
61530  -18.145  -19.924  81.046 0.1250000000
61520  -18.921  -19.524  81.541 0.1250000000
62540  -21.562  -19.299  82.387 0.3750000000
57480  -15.343  -23.621  82.221 0.1250000000
58530  -16.278  -23.092  80.913 0.1250000000
62539  -19.888  -19.388  81.036 0.3750000000
65358  -3.023  -16.353  80.824 0.6250000000
67462  -38.554  -14.973  84.474 0.3750000000
65384  -4.520  -16.505  79.414 0.6250000000
67471  -37.769  -14.732  83.299 0.7500000000
67472  -38.558  -14.739  83.928 0.6250000000
63476  -5.813  -17.888  77.378 0.7500000000
64423  -5.360  -17.346  77.844 0.7500000000
66468  -36.601  -15.468  81.782 0.7500000000
63486  -6.425  -18.093  76.706 0.7500000000
64424  -6.002  -17.339  77.458 0.7500000000
66478  -35.486  -15.286  80.472 0.6250000000
66479  -35.975  -15.811  81.011 0.7500000000
62586  -6.916  -19.472  74.894 0.7500000000
62587  -7.163  -19.218  74.122 0.7500000000
63501  -6.053  -18.651  73.030 0.6250000000
160617  -4.083  -19.750  72.756 0.6250000000
62611  -4.141  -19.163  72.516 0.6250000000
61650  -3.122  -20.380  70.083 0.6250000000
61662  -3.136  -20.449  69.840 0.3750000000
61670  -4.546  -20.521  68.942 0.1250000000
65283  -3.322  -15.996  88.047 0.5000000000
57468  -15.378  -24.229  84.051 0.3750000000
65282  -2.424  -15.390  87.998 0.5000000000
158265  -15.247  -24.602  83.385 0.2500000000
66392  -2.391  -15.367  87.938 0.5000000000
58504  -15.841  -22.994  82.758 0.1250000000
61513  -19.023  -19.688  82.547 0.3750000000
66401  -2.733  -15.332  86.963 0.5000000000
61519  -18.358  -20.223  82.068 0.1250000000
66432  -2.406  -15.224  84.070 0.5000000000
57491  -15.717  -23.901  81.139 0.1250000000
59557  -16.412  -22.490  81.540 0.1250000000
60535  -17.717  -20.778  81.580 0.1250000000
59558  -16.846  -21.990  81.380 0.1250000000
60534  -17.236  -21.407  81.093 0.1250000000
66456  -3.004  -16.129  81.932 0.5000000000
66458  -4.092  -15.595  81.178 0.6250000000
66470  -4.421  -15.821  80.303 0.6250000000
137018  -38.102  -14.033  83.774 0.7500000000
68508  -38.171  -13.362  84.239 0.6250000000
69531  -38.080  -12.641  84.714 0.3750000000
65385  -4.955  -16.398  79.232 0.6250000000
157478  -37.407  -14.990  82.869 0.7500000000
69555  -37.184  -12.851  82.982 0.7500000000
69543  -37.528  -12.794  83.879 0.7500000000
64412  -5.045  -16.986  78.402 0.6250000000
65402  -5.345  -16.679  78.694 0.5000000000
67508  -35.990  -14.905  81.256 0.7500000000
67499  -36.958  -13.858  81.993 0.8750000000
68522  -36.881  -13.241  82.347 0.8750000000
65414  -5.557  -16.875  78.013 0.6250000000
149732  -35.071  -14.934  80.036 0.6250000000
67507  -35.467  -14.370  80.587 0.8750000000
68540  -36.144  -14.043  81.391 0.8750000000
64440  -7.026  -17.943  75.834 0.7500000000
67515  -34.682  -14.421  80.042 0.7500000000
137411  -7.816  -18.164  73.463 0.7500000000
64462  -7.215  -18.096  72.969 0.6250000000
136952  -5.365  -17.992  72.409 0.6250000000
62618  -3.588  -19.482  71.754 0.6250000000
149030  -3.846  -20.126  71.034 0.6250000000
63509  -6.306  -17.854  72.607 0.6250000000
63515  -3.749  -18.723  70.871 0.5000000000
62629  -3.258  -19.834  69.409 0.2500000000
61671  -5.444  -20.379  68.865 0.1250000000
149826  -3.963  -19.991  69.095 0.2500000000
62639  -4.691  -19.758  68.863 0.2500000000
62630  -6.779  -19.362  69.314 0.1250000000
67417  -2.619  -14.761  87.736 0.5000000000
163252  -2.956  -14.772  86.619 0.5000000000
67439  -2.842  -14.785  85.198 0.5000000000
158101  -3.081  -14.432  84.377 0.5000000000
67473  -3.730  -15.198  82.581 0.3750000000
66483  -5.146  -15.854  79.486 0.5000000000
69542  -37.046  -12.200  83.439 0.5000000000
70556  -36.994  -11.512  84.940 0.3750000000
66500  -5.426  -16.319  79.107 0.5000000000
69554  -36.616  -12.530  82.255 0.7500000000
138035  -36.817  -12.143  82.741 0.6250000000
64431  -6.626  -17.307  76.747 0.7500000000
65415  -6.300  -16.824  77.461 0.7500000000
68539  -35.654  -13.497  80.832 0.8750000000
68534  -36.296  -13.133  81.626 0.8750000000
149917  -8.154  -16.918  74.503 0.6250000000
150314  -7.691  -17.699  74.882 0.7500000000
68546  -34.247  -13.808  79.872 0.7500000000
68547  -35.056  -13.837  80.328 0.7500000000
64451  -8.303  -16.926  73.805 0.7500000000
63496  -7.749  -18.503  74.014 0.6250000000
67529  -33.991  -14.480  79.477 0.6250000000
64463  -7.982  -17.331  73.140 0.7500000000
64477  -6.989  -17.225  72.544 0.7500000000
63507  -3.721  -18.870  72.035 0.5000000000
65465  -7.493  -16.357  72.743 0.6250000000
64489  -4.181  -17.287  71.502 0.5000000000
63516  -3.913  -18.008  71.475 0.5000000000
62628  -3.021  -18.946  69.867 0.2500000000
62637  -3.105  -19.044  69.285 0.2500000000
65464  -6.484  -16.288  72.147 0.6250000000
64476  -5.912  -17.177  72.194 0.6250000000
63524  -3.211  -18.282  70.184 0.2500000000
62638  -3.710  -19.256  68.912 0.2500000000
160914  -4.813  -18.926  68.679 0.1250000000
63546  -6.583  -18.667  69.127 0.1250000000
65477  -4.581  -16.446  71.529 0.5000000000
65476  -3.789  -16.462  71.204 0.3750000000
64504  -3.262  -17.494  70.175 0.2500000000
64517  -3.371  -17.526  69.233 0.1250000000
63544  -3.975  -18.366  68.637 0.1250000000
64533  -5.763  -17.644  68.434 0.1250000000
65487  -3.448  -16.547  70.646 0.2500000000
65496  -3.467  -16.511  69.546 0.2500000000
64531  -3.747  -17.459  68.643 0.1250000000
155270  -5.001  -18.182  68.572 0.1250000000
67427  -3.213  -14.339  86.842 0.5000000000
67452  -3.524  -14.109  84.598 0.3750000000
143808  -3.369  -14.418  83.893 0.3750000000
143129  -4.175  -15.079  82.805 0.3750000000
71499  -36.606  -10.789  86.143 0.2500000000
66471  -4.878  -15.509  80.027 0.5000000000
70567  -36.770  -11.608  83.885 0.3750000000
71512  -36.528  -10.877  84.310 0.3750000000
66484  -6.016  -15.805  79.257 0.3750000000
70592  -36.403  -11.727  82.259 0.7500000000
70579  -36.660  -11.620  82.995 0.6250000000
71522  -36.417  -10.975  83.400 0.3750000000
65425  -6.890  -16.741  76.721 0.7500000000
65416  -6.945  -16.213  77.240 0.7500000000
66519  -6.465  -16.175  78.044 0.6250000000
69571  -35.664  -12.700  80.969 0.8750000000
162748  -35.913  -11.625  81.727 0.8750000000
152439  -7.757  -16.814  75.288 0.7500000000
64432  -7.234  -17.114  75.953 0.7500000000
66520  -7.042  -15.763  77.744 0.6250000000
69576  -34.985  -13.181  80.395 0.7500000000
69565  -35.461  -11.944  81.193 0.6250000000
164521  -7.882  -15.595  75.509 0.7500000000
66532  -7.645  -15.482  76.284 0.7500000000
69582  -33.598  -13.521  79.254 0.8750000000
69575  -34.227  -12.827  79.736 0.7500000000
65444  -8.283  -16.206  74.210 0.8750000000
65455  -8.139  -16.335  73.487 0.7500000000
69581  -33.285  -12.934  78.956 0.8750000000
66563  -7.695  -15.535  73.310 0.6250000000
160099  -6.156  -14.463  72.476 0.5000000000
66561  -5.843  -15.301  71.809 0.5000000000
66574  -4.183  -15.651  71.439 0.2500000000
66573  -3.515  -15.604  70.998 0.2500000000
66600  -3.409  -15.442  69.295 0.1250000000
65505  -4.442  -16.610  68.224 0.1250000000
65506  -5.366  -16.813  68.158 0.1250000000
63547  -7.282  -17.996  68.858 0.1250000000
152459  -3.654  -16.800  68.832 0.2500000000
64532  -4.601  -17.436  68.454 0.1250000000
67453  -3.918  -13.994  83.967 0.3750000000
67465  -4.592  -14.313  83.423 0.3750000000
67486  -5.008  -15.471  81.711 0.5000000000
71511  -36.176  -10.147  84.761 0.3750000000
71521  -36.126  -10.221  83.855 0.3750000000
71547  -35.917  -11.075  82.164 0.6250000000
71533  -35.786  -10.496  82.942 0.5000000000
72501  -35.604  -9.655  83.474 0.3750000000
146473  -7.447  -15.287  77.070 0.7500000000
67538  -7.719  -15.139  77.885 0.5000000000
69570  -34.925  -12.356  80.510 0.7500000000
71532  -35.139  -10.365  82.120 0.5000000000
66545  -8.165  -15.325  74.692 0.7500000000
70603  -34.340  -11.815  79.908 0.6250000000
70597  -34.757  -11.400  80.717 0.6250000000
70591  -35.296  -11.196  81.547 0.5000000000
136129  -8.020  -14.817  73.875 0.7500000000
66562  -6.855  -15.409  72.526 0.6250000000
70602  -33.616  -12.095  79.335 0.8750000000
161024  -5.512  -14.634  71.996 0.5000000000
137710  -3.847  -14.988  71.425 0.5000000000
66586  -3.411  -15.037  70.171 0.1250000000
65503  -3.641  -15.877  68.542 0.1250000000
65522  -4.859  -16.031  67.765 0.1250000000
65507  -6.977  -16.813  67.932 0.1250000000
64535  -7.582  -17.206  68.329 0.1250000000
65508  -7.704  -16.628  67.829 0.1250000000
64551  -8.476  -16.821  68.075 0.1250000000
65525  -8.160  -16.263  67.265 0.1250000000
73565  -35.130  -8.906  85.569 0.2500000000
73571  -35.402  -8.800  84.720 0.3750000000
72509  -35.405  -9.756  82.754 0.3750000000
73578  -35.316  -8.904  83.879 0.3750000000
72500  -35.181  -9.059  83.074 0.3750000000
145660  -8.047  -14.833  75.506 0.7500000000
149338  -7.962  -14.740  76.325 0.5000000000
71561  -34.145  -10.987  80.018 0.5000000000
71554  -34.710  -10.555  81.219 0.5000000000
72524  -34.456  -9.720  81.563 0.5000000000
67585  -7.474  -13.946  73.857 0.5000000000
67572  -8.010  -14.213  74.725 0.6250000000
145428  -33.777  -11.380  79.578 0.6250000000
72533  -34.197  -9.868  80.729 0.5000000000
66553  -7.160  -14.659  73.234 0.6250000000
71553  -33.502  -10.232  80.269 0.5000000000
67584  -6.600  -13.869  73.308 0.5000000000
72539  -32.877  -9.803  79.689 0.6250000000
67611  -4.726  -14.790  71.747 0.5000000000
68665  -4.248  -13.935  72.294 0.5000000000
67609  -3.504  -14.625  71.043 0.2500000000
150451  -3.166  -14.985  68.450 0.1250000000
67650  -3.328  -14.502  67.911 0.1250000000
66631  -4.923  -15.348  67.480 0.1250000000
65523  -6.158  -16.204  67.698 0.1250000000
68677  -3.432  -13.731  71.185 0.2500000000
68686  -3.143  -13.389  70.247 0.2500000000
67649  -2.922  -14.187  68.596 0.1250000000
67667  -4.048  -14.783  67.413 0.1250000000
66632  -6.016  -15.385  67.366 0.1250000000
148905  -6.657  -15.712  67.457 0.1250000000
65540  -8.666  -15.893  66.584 0.1250000000
73570  -35.046  -8.072  85.238 0.3750000000
73577  -35.078  -8.110  84.303 0.3750000000
159928  -8.577  -14.286  77.562 0.5000000000
151798  -34.926  -8.270  83.424 0.3750000000
162716  -8.123  -14.241  75.253 0.6250000000
73589  -34.554  -8.551  82.626 0.3750000000
141742  -34.181  -8.851  81.838 0.5000000000
144742  -34.200  -7.896  81.947 0.2500000000
68651  -6.936  -13.342  73.773 0.3750000000
72532  -33.358  -9.404  80.379 0.5000000000
68650  -6.315  -13.112  73.470 0.5000000000
73615  -33.059  -8.855  79.848 0.6250000000
73606  -33.481  -8.490  80.439 0.5000000000
67598  -5.094  -14.104  72.473 0.5000000000
158577  -3.304  -13.023  70.959 0.2500000000
69651  -3.228  -12.671  70.296 0.2500000000
72545  -32.736  -9.701  78.776 0.7500000000
157781  -3.669  -13.679  71.999 0.2500000000
67636  -2.897  -13.815  69.388 0.1250000000
67668  -5.306  -14.729  67.280 0.1250000000
67669  -6.382  -14.711  67.061 0.1250000000
66633  -6.949  -15.303  67.197 0.1250000000
66634  -7.855  -15.473  66.819 0.1250000000
72544  -32.310  -9.207  78.307 0.6250000000
73625  -32.899  -8.924  78.970 0.6250000000
68718  -5.872  -14.105  67.297 0.1250000000
68732  -7.595  -14.075  66.602 0.1250000000
66648  -8.494  -15.292  66.318 0.1250000000
73639  -32.507  -8.857  76.800 0.8750000000
72550  -32.274  -9.530  77.480 0.8750000000
66647  -8.074  -14.743  66.402 0.1250000000
72555  -32.120  -9.661  76.577 0.7500000000
72569  -31.910  -9.132  74.780 0.5000000000
153678  -32.146  -8.891  76.074 0.7500000000
67550  -8.386  -14.127  76.564 0.5000000000
74614  -34.773  -7.368  83.812 0.3750000000
74605  -34.881  -7.227  84.915 0.3750000000
68586  -8.856  -13.528  76.070 0.2500000000
67562  -8.306  -14.127  75.737 0.5000000000
74625  -33.852  -7.025  82.230 0.2500000000
74626  -34.320  -7.626  82.894 0.2500000000
68627  -7.723  -12.875  75.133 0.3750000000
68626  -7.349  -13.218  74.616 0.5000000000
69615  -7.259  -12.515  74.533 0.3750000000
69627  -6.852  -12.725  73.878 0.3750000000
74639  -33.649  -7.524  80.468 0.5000000000
73602  -33.808  -8.154  81.163 0.5000000000
143291  -6.731  -12.086  73.891 0.3750000000
69626  -6.125  -12.362  73.690 0.3750000000
70641  -5.898  -11.577  73.816 0.2500000000
148188  -5.474  -12.800  73.393 0.2500000000
147553  -33.506  -8.075  79.770 0.6250000000
70640  -5.065  -11.589  73.534 0.2500000000
70639  -4.476  -11.737  72.949 0.2500000000
69637  -4.127  -12.548  72.514 0.2500000000
68707  -3.380  -13.677  68.292 0.1250000000
68716  -3.793  -14.100  67.660 0.1250000000
152483  -33.132  -8.049  78.557 0.6250000000
152192  -33.843  -7.426  79.676 0.6250000000
76663  -39.131  -5.681  81.366 0.5000000000
76649  -39.615  -4.967  81.533 0.5000000000
77627  -40.318  -4.295  81.445 0.2500000000
78528  -40.958  -3.611  81.294 0.2500000000
156578  -3.653  -12.320  71.830 0.2500000000
70666  -3.410  -11.817  70.330 0.1250000000
69659  -3.677  -12.219  69.155 0.1250000000
69667  -4.904  -12.632  68.266 0.1250000000
164588  -6.427  -13.631  67.341 0.1250000000
153198  -6.779  -14.126  66.888 0.1250000000
74656  -32.827  -7.924  77.802 0.7500000000
73631  -32.378  -8.601  77.682 0.6250000000
75649  -38.573  -6.643  79.791 0.5000000000
76674  -39.217  -6.424  80.907 0.5000000000
76664  -40.211  -5.686  81.458 0.5000000000
77631  -41.506  -4.564  81.383 0.3750000000
78529  -41.983  -3.434  81.060 0.3750000000
70674  -3.545  -11.510  69.713 0.1250000000
70675  -4.132  -11.407  69.213 0.1250000000
75663  -38.892  -7.195  79.124 0.6250000000
75650  -39.626  -6.630  79.941 0.5000000000
156851  -40.220  -6.607  80.984 0.5000000000
138746  -41.277  -5.950  81.102 0.3750000000
161403  -42.278  -4.176  81.128 0.3750000000
70681  -5.186  -11.621  68.645 0.1250000000
139402  -32.446  -8.585  75.301 0.7500000000
74705  -34.356  -7.740  75.421 0.8750000000
74674  -37.982  -7.969  77.560 0.6250000000
75651  -40.771  -6.773  80.263 0.5000000000
76675  -42.292  -5.071  81.007 0.3750000000
141580  -33.156  -8.028  74.819 0.8750000000
74707  -36.293  -7.664  75.553 0.6250000000
74691  -36.857  -7.984  76.383 0.5000000000
74692  -37.725  -8.133  76.775 0.5000000000
73647  -35.023  -8.083  74.799 0.8750000000
73648  -35.868  -7.879  74.881 0.8750000000
74613  -34.275  -6.582  83.147 0.2500000000
75625  -33.975  -6.355  82.327 0.2500000000
75638  -33.790  -6.613  80.839 0.3750000000
74634  -33.653  -7.235  81.361 0.2500000000
78509  -38.638  -3.201  82.599 0.3750000000
79508  -38.583  -2.652  82.424 0.2500000000
76647  -38.139  -4.937  82.281 0.3750000000
77608  -38.318  -3.925  82.752 0.3750000000
79529  -39.180  -2.439  80.817 0.2500000000
74640  -34.107  -6.834  80.044 0.5000000000
77619  -38.856  -4.185  82.257 0.3750000000
77610  -39.324  -3.415  82.257 0.2500000000
161742  -39.273  -2.598  81.996 0.2500000000
78522  -39.653  -3.400  81.139 0.2500000000
79530  -39.731  -2.390  80.209 0.2500000000
74646  -33.780  -7.635  78.913 0.6250000000
138404  -37.777  -5.604  80.861 0.5000000000
76662  -38.330  -5.367  81.436 0.5000000000
76648  -38.883  -4.890  81.705 0.3750000000
77620  -39.467  -3.968  81.716 0.5000000000
78523  -40.405  -3.530  80.193 0.2500000000
71593  -5.470  -11.033  73.520 0.2500000000
70652  -4.853  -10.960  72.998 0.2500000000
69644  -4.005  -11.803  72.168 0.1250000000
69643  -3.459  -12.441  71.101 0.2500000000
141393  -33.373  -7.544  77.246 0.6250000000
140290  -34.124  -7.271  77.549 0.6250000000
75677  -34.769  -6.936  77.790 0.5000000000
156842  -35.747  -6.230  79.132 0.5000000000
75647  -36.602  -6.224  79.253 0.5000000000
76672  -37.196  -5.706  79.986 0.5000000000
76673  -38.197  -6.152  80.390 0.5000000000
164712  -38.573  -5.938  81.035 0.5000000000
70661  -4.113  -11.226  71.631 0.1250000000
70667  -3.804  -11.134  70.633 0.1250000000
71620  -3.519  -10.952  70.006 0.1250000000
74688  -33.594  -7.804  76.297 0.7500000000
73632  -32.742  -8.030  76.995 0.7500000000
75660  -36.081  -6.536  78.428 0.5000000000
75661  -37.026  -6.824  78.653 0.5000000000
75662  -37.929  -7.238  79.017 0.6250000000
76676  -43.004  -5.231  80.316 0.3750000000
70676  -4.724  -10.687  69.268 0.1250000000
155355  -34.181  -7.627  76.877 0.6250000000
74671  -35.008  -7.510  77.102 0.7500000000
75678  -35.559  -6.916  77.729 0.5000000000
75680  -37.471  -7.499  78.108 0.5000000000
75652  -42.162  -6.138  80.308 0.3750000000
74689  -34.771  -7.541  76.143 0.7500000000
74690  -35.785  -7.398  76.175 0.6250000000
74673  -37.104  -7.879  77.276 0.5000000000
75681  -41.806  -7.342  78.816 0.3750000000
75626  -34.386  -5.904  82.765 0.2500000000
75631  -34.237  -5.929  81.846 0.2500000000
77607  -37.585  -4.501  82.820 0.3750000000
78507  -37.722  -3.713  83.586 0.3750000000
78508  -38.147  -3.000  82.903 0.2500000000
79518  -38.220  -2.314  81.943 0.2500000000
75639  -34.416  -6.120  80.532 0.3750000000
76646  -35.803  -5.488  81.881 0.3750000000
77617  -36.658  -4.925  82.576 0.3750000000
78521  -38.512  -2.430  81.235 0.2500000000
74647  -34.338  -6.951  79.150 0.5000000000
75646  -34.948  -6.229  79.631 0.5000000000
76670  -35.159  -5.686  80.418 0.3750000000
77625  -36.574  -5.190  81.565 0.3750000000
79541  -39.311  -1.835  79.990 0.1250000000
79542  -40.297  -2.532  79.498 0.2500000000
76660  -35.752  -5.261  80.884 0.5000000000
76661  -36.765  -5.390  80.759 0.5000000000
77626  -37.405  -5.224  81.502 0.3750000000
79543  -41.216  -3.256  79.567 0.2500000000
71602  -4.577  -10.612  72.065 0.2500000000
75659  -35.093  -6.579  78.514 0.5000000000
76671  -36.014  -5.682  79.943 0.5000000000
78530  -42.062  -3.768  79.644 0.3750000000
79554  -42.058  -2.960  79.381 0.1250000000
75653  -43.614  -5.445  80.294 0.2500000000
78536  -43.406  -4.146  80.182 0.2500000000
71631  -3.876  -10.529  69.804 0.1250000000
75666  -43.009  -6.608  79.925 0.2500000000
74677  -40.851  -7.479  77.597 0.6250000000
77597  -37.084  -4.242  84.126 0.3750000000
78499  -37.655  -2.470  83.538 0.3750000000
149171  -37.370  -1.801  82.196 0.2500000000
143673  -37.226  -4.483  83.393 0.3750000000
79528  -37.548  -2.320  81.144 0.1250000000
163065  -39.739  -2.194  79.656 0.1250000000
79553  -41.357  -2.332  78.951 0.1250000000
78535  -42.827  -2.556  79.356 0.1250000000
76685  -44.048  -4.549  80.255 0.2500000000
77640  -43.781  -3.486  79.885 0.1250000000
76684  -44.423  -4.655  80.046 0.1250000000
74695  -40.813  -7.635  76.724 0.6250000000
74678  -41.640  -7.476  77.199 0.6250000000
160805  -42.071  -7.517  78.162 0.5000000000
79540  -37.238  -2.316  80.113 0.1250000000
139180  -38.439  -2.051  80.288 0.1250000000
79551  -38.532  -2.322  79.378 0.1250000000
75682  -43.488  -6.764  79.310 0.2500000000
76692  -44.739  -4.849  79.533 0.2500000000
75694  -42.846  -7.316  78.099 0.5000000000
73653  -40.962  -8.053  75.371 0.6250000000
135662  -41.424  -7.646  76.192 0.6250000000
74696  -42.387  -7.525  77.001 0.2500000000
73665  -40.343  -7.991  74.177 0.6250000000
163496  -40.844  -7.964  74.698 0.6250000000
75683  -44.259  -6.471  79.241 0.2500000000
75695  -43.588  -7.348  78.143 0.2500000000
75684  -44.735  -6.224  79.128 0.2500000000
152896  -41.869  -7.523  75.332 0.6250000000
139225  -42.276  -7.271  76.065 0.5000000000
74697  -43.077  -7.621  76.855 0.3750000000
73686  -41.231  -8.300  74.126 0.6250000000
73666  -41.512  -8.172  74.693 0.6250000000
74710  -42.906  -7.309  75.573 0.5000000000
144510  -41.776  -8.423  73.474 0.6250000000
135324  -42.046  -8.604  74.193 0.6250000000
73707  -42.430  -8.481  72.678 0.6250000000
135190  -43.759  -7.804  76.529 0.2500000000
75696  -44.403  -7.273  78.033 0.2500000000
135229  -43.356  -7.676  74.806 0.5000000000
74721  -42.387  -7.945  74.701 0.5000000000
73723  -41.508  -8.410  71.696 0.5000000000
73741  -42.309  -8.282  70.874 0.6250000000
72630  -42.553  -9.456  69.598 0.7500000000
71638  -42.926  -10.110  69.253 0.6250000000
154270  -43.724  -8.026  75.708 0.5000000000
73687  -42.623  -8.596  73.553 0.6250000000
73667  -42.897  -8.462  74.188 0.6250000000
134937  -44.198  -8.196  75.187 0.5000000000
72574  -43.240  -8.655  72.736 0.6250000000
73688  -43.491  -8.524  73.509 0.6250000000
72599  -43.148  -8.725  71.815 0.7500000000
72614  -42.822  -9.174  70.463 0.6250000000
71653  -42.492  -9.939  68.635 0.7500000000
71639  -43.453  -9.961  69.429 0.7500000000
72657  -43.537  -9.327  68.201 0.8750000000
135206  -44.634  -7.443  76.920 0.2500000000
148917  -44.333  -8.111  76.014 0.3750000000
73669  -44.875  -8.375  74.592 0.3750000000
72585  -43.717  -8.940  72.150 0.6250000000
72586  -44.373  -9.371  72.121 0.5000000000
72575  -44.049  -8.817  72.788 0.6250000000
73689  -44.497  -8.487  73.575 0.6250000000
72600  -43.836  -9.160  71.455 0.6250000000
72601  -44.542  -9.638  71.341 0.5000000000
71626  -43.912  -9.650  69.915 0.6250000000
72631  -44.506  -9.481  69.655 0.5000000000
72644  -43.938  -9.693  68.857 0.7500000000
144605  -44.236  -9.219  68.495 0.8750000000
72658  -43.932  -8.880  67.962 0.7500000000
74784  -45.077  -7.973  67.789 0.6250000000
73803  -44.549  -8.200  67.207 0.7500000000
75778  -45.417  -7.200  67.581 0.7500000000
75787  -45.326  -6.693  66.503 0.7500000000
73708  -45.006  -9.375  72.932 0.5000000000
160636  -45.186  -8.806  73.402 0.5000000000
72616  -44.639  -9.506  70.517 0.5000000000
72602  -45.452  -9.645  71.249 0.5000000000
73709  -45.747  -9.237  72.269 0.5000000000
72632  -45.079  -9.265  69.332 0.7500000000
73742  -45.641  -8.910  69.913 0.5000000000
73725  -46.100  -9.248  70.727 0.5000000000
73758  -45.553  -8.847  69.134 0.6250000000
159539  -45.852  -8.293  68.894 0.6250000000
161076  -45.710  -6.506  67.397 0.7500000000
75766  -46.089  -6.800  68.339 0.6250000000
76791  -45.625  -5.846  64.813 0.7500000000
75797  -45.589  -5.859  65.775 0.6250000000
73759  -46.108  -8.362  69.469 0.5000000000
73743  -46.407  -8.488  70.255 0.5000000000
74772  -46.346  -7.738  68.967 0.5000000000
74771  -45.646  -7.730  68.391 0.6250000000
75767  -46.936  -6.883  69.278 0.5000000000
75779  -46.165  -5.839  67.749 0.5000000000
76763  -46.902  -6.045  68.575 0.3750000000
75788  -45.814  -5.916  66.762 0.6250000000
76792  -46.225  -5.229  65.225 0.7500000000
153840  -46.122  -5.455  66.134 0.7500000000
77766  -47.087  -4.427  65.248 0.7500000000
77748  -47.526  -4.341  67.366 0.6250000000
77742  -47.778  -4.458  68.312 0.2500000000
76765  -48.330  -4.746  68.922 0.1250000000
77756  -48.023  -3.768  66.712 0.5000000000
77749  -48.169  -3.799  67.720 0.2500000000
78710  -47.797  -3.755  64.808 0.6250000000
77767  -47.915  -3.796  65.707 0.5000000000
78703  -48.588  -3.269  66.143 0.3750000000
78698  -48.633  -3.231  67.153 0.3750000000
79747  -48.931  -2.499  64.907 0.3750000000
78712  -49.042  -2.722  65.732 0.3750000000
79749  -49.749  -1.614  65.462 0.3750000000
80721  -50.474  -1.285  65.877 0.3750000000
77743  -48.574  -3.968  68.580 0.1250000000
79714  -49.869  -2.855  68.414 0.1250000000
78704  -49.110  -2.714  66.584 0.2500000000
78699  -49.358  -2.805  67.593 0.1250000000
80684  -50.760  -1.728  67.868 0.1250000000
80693  -50.954  -1.266  67.232 0.1250000000
139053  -49.459  -2.352  66.151 0.3750000000
146079  -50.201  -1.960  66.868 0.2500000000
80707  -50.547  -1.557  66.609 0.1250000000
147405  -51.490  -0.375  66.491 0.1250000000
79743  -49.924  -1.864  66.190 0.3750000000
82629  -52.391  0.723  66.438 0.1250000000
80722  -51.223  -0.726  65.905 0.2500000000
82640  -51.844  0.585  65.695 0.2500000000
83553  -52.612  1.429  65.865 0.2500000000
83554  -53.407  2.088  66.345 0.1250000000
143880  -52.801  0.841  67.229 0.1250000000
83541  -53.159  1.359  66.773 0.1250000000
84499  -54.102  2.800  66.708 0.1250000000
85489  -54.025  3.649  66.028 0.1250000000
83516  -53.424  1.380  67.540 0.1250000000
85483  -54.488  3.588  66.647 0.1250000000
86483  -55.029  4.830  66.377 0.1250000000
87443  -55.049  5.373  67.243 0.1250000000
88398  -54.826  6.489  66.479 0.1250000000
148677  -54.347  6.043  65.704 0.1250000000
91029  -53.251  9.148  65.759 0.1250000000
141063  -53.922  7.353  65.924 0.1250000000
88384  -54.274  6.869  67.471 0.1250000000
62531  -2.588  -19.168  82.360 0.8750000000
149281  -2.139  -18.938  83.153 0.8750000000
62521  -2.670  -19.720  83.161 0.8750000000
60517  -3.461  -20.855  84.039 0.8750000000
61511  -3.473  -20.384  82.998 1.0000000000
60518  -3.898  -21.138  83.789 1.0000000000
58454  -5.359  -23.557  87.699 1.0000000000
59526  -4.590  -21.941  84.849 1.0000000000
58487  -7.552  -23.880  84.099 1.0000000000
58493  -6.754  -23.373  83.608 1.0000000000
58492  -5.709  -23.203  83.944 1.0000000000
58476  -5.467  -23.193  85.690 0.8750000000
40894  -3.337  -41.162  83.969 0.1250000000
42655  -3.460  -39.364  85.489 0.1250000000
41742  -3.626  -40.252  85.454 0.1250000000
145196  -3.200  -39.842  85.004 0.1250000000
42683  -3.727  -39.703  83.038 0.1250000000
41769  -4.144  -40.580  82.923 0.1250000000
42684  -4.260  -39.813  82.564 0.1250000000
43599  -5.822  -38.296  81.535 0.1250000000
163064  -7.022  -37.458  80.716 0.2500000000
43605  -7.119  -38.340  79.921 0.3750000000
42712  -6.318  -39.212  79.127 0.3750000000
45488  -6.793  -36.919  78.430 0.2500000000
46439  -9.484  -35.863  81.680 0.1250000000
46514  -6.640  -36.097  76.061 0.3750000000
48481  -7.802  -33.983  75.480 0.5000000000
42676  -3.096  -39.151  83.960 0.1250000000
42665  -2.972  -39.260  84.787 0.1250000000
42648  -5.084  -39.692  86.496 0.1250000000
43591  -3.168  -38.365  82.624 0.1250000000
45441  -7.724  -36.522  82.578 0.1250000000
46479  -6.520  -35.641  79.676 0.3750000000
46451  -9.323  -35.059  81.405 0.1250000000
48446  -7.478  -33.584  77.826 0.5000000000
46453  -10.954  -35.575  81.025 0.1250000000
49404  -7.557  -32.730  74.095 0.6250000000
50405  -8.839  -32.044  74.545 0.6250000000
48493  -5.428  -34.433  73.904 0.3750000000
47535  -4.904  -34.541  72.892 0.3750000000
147017  -5.922  -35.521  87.672 0.3750000000
46399  -6.497  -35.040  86.446 0.2500000000
44461  -2.918  -37.885  83.897 0.1250000000
43558  -5.569  -38.213  86.282 0.1250000000
44453  -5.659  -37.335  86.405 0.2500000000
45415  -6.412  -36.038  84.925 0.2500000000
45440  -3.667  -36.928  82.407 0.3750000000
147982  -5.256  -35.715  81.114 0.3750000000
45469  -4.285  -35.688  81.722 0.3750000000
47449  -4.499  -34.440  80.639 0.5000000000
47450  -5.345  -34.163  80.166 0.6250000000
47404  -8.084  -34.551  82.615 0.1250000000
159546  -6.227  -34.229  79.514 0.5000000000
47418  -8.656  -35.019  81.994 0.1250000000
162872  -7.936  -33.419  77.285 0.5000000000
145203  -7.605  -32.914  77.953 0.5000000000
48460  -8.172  -32.900  77.172 0.5000000000
51441  -9.372  -30.117  75.879 0.7500000000
51457  -9.567  -30.415  74.146 0.7500000000
50412  -8.705  -31.519  73.826 0.6250000000
49417  -7.159  -32.229  73.485 0.5000000000
52550  -8.485  -30.028  73.345 0.6250000000
47531  -5.009  -34.483  73.363 0.3750000000
49414  -4.783  -33.582  72.861 0.3750000000
49416  -5.786  -32.641  73.253 0.5000000000
47347  -6.557  -34.384  89.129 0.7500000000
48311  -6.693  -33.501  89.343 0.7500000000
44450  -3.721  -37.469  86.534 0.3750000000
44445  -5.256  -37.086  87.424 0.5000000000
45412  -3.289  -36.825  85.226 0.2500000000
136044  -2.769  -37.242  83.280 0.2500000000
140141  -2.916  -36.484  83.671 0.6250000000
44469  -2.841  -37.205  82.745 0.2500000000
46423  -3.027  -35.839  83.076 0.5000000000
45455  -2.857  -35.887  81.483 0.3750000000
46464  -3.364  -35.527  81.112 0.5000000000
46450  -2.995  -35.454  81.104 0.6250000000
135658  -4.075  -33.914  80.846 0.6250000000
48408  -4.479  -33.108  80.703 0.6250000000
49351  -4.745  -32.408  80.549 0.6250000000
48424  -5.423  -33.403  79.696 0.5000000000
50348  -5.191  -31.460  79.849 0.5000000000
50365  -6.462  -31.231  78.748 0.5000000000
51422  -8.002  -30.308  78.048 0.6250000000
53541  -9.630  -28.320  74.261 0.6250000000
54538  -9.474  -27.831  73.856 0.6250000000
51460  -7.252  -30.393  73.143 0.6250000000
53556  -7.730  -28.210  73.151 0.6250000000
161611  -5.903  -31.416  72.786 0.5000000000
49218  -5.233  -32.252  90.327 1.0000000000
47334  -5.274  -33.368  89.311 0.8750000000
49255  -4.355  -32.756  87.110 0.8750000000
49262  -4.452  -32.797  86.531 0.8750000000
155892  -4.240  -34.878  85.922 0.7500000000
48387  -3.690  -33.581  82.892 0.8750000000
49314  -3.815  -32.668  82.621 0.6250000000
145141  -3.919  -31.925  82.260 0.6250000000
50316  -4.206  -31.652  81.762 0.6250000000
51403  -5.998  -30.536  79.130 0.5000000000
52498  -8.508  -29.383  77.024 0.7500000000
52513  -9.161  -29.388  76.397 0.7500000000
54480  -9.510  -27.156  77.150 0.7500000000
54505  -10.369  -27.040  75.601 0.6250000000
51459  -6.270  -30.272  72.758 0.5000000000
50216  -4.939  -32.050  90.073 1.0000000000
50206  -5.253  -31.849  90.451 1.0000000000
47357  -4.012  -34.553  88.487 0.8750000000
48319  -4.266  -33.668  88.085 1.0000000000
49246  -4.535  -32.659  87.823 1.0000000000
50225  -4.968  -31.939  89.328 1.0000000000
51242  -5.108  -31.069  89.917 1.0000000000
51257  -4.792  -30.852  87.937 1.0000000000
50255  -4.446  -31.400  86.717 0.8750000000
51281  -4.453  -30.727  86.731 1.0000000000
52335  -4.521  -29.412  87.565 1.0000000000
51244  -9.415  -30.489  90.351 1.0000000000
155319  -4.440  -32.432  85.847 0.8750000000
48358  -4.309  -32.990  84.969 0.8750000000
51294  -4.472  -30.824  85.306 0.8750000000
52360  -4.477  -29.394  86.199 1.0000000000
52361  -4.438  -29.943  85.583 0.8750000000
53406  -4.583  -28.768  86.844 1.0000000000
50236  -9.035  -31.050  88.167 0.7500000000
157254  -3.784  -33.322  84.484 0.7500000000
50280  -4.373  -31.665  84.558 0.8750000000
49300  -3.919  -32.230  83.970 0.8750000000
138435  -4.103  -31.401  82.769 0.7500000000
52391  -4.538  -30.188  83.725 0.7500000000
47402  -3.455  -34.204  83.606 0.7500000000
144590  -3.715  -32.743  83.538 0.8750000000
50317  -4.587  -31.462  81.358 0.6250000000
52448  -5.555  -29.871  80.591 0.6250000000
52467  -5.582  -29.950  79.889 0.5000000000
52449  -5.931  -29.404  80.145 0.6250000000
52468  -6.151  -29.556  79.461 0.7500000000
52482  -6.725  -29.520  78.880 0.5000000000
53501  -7.779  -28.936  78.004 0.7500000000
52483  -7.453  -29.543  78.352 0.6250000000
53502  -8.344  -28.672  77.408 0.7500000000
55443  -9.728  -26.131  78.461 0.7500000000
56537  -8.658  -25.600  74.170 0.6250000000
151586  -5.336  -29.147  72.457 0.6250000000
51474  -5.105  -29.818  71.296 0.5000000000
51485  -5.514  -30.433  70.856 0.5000000000
53366  -5.178  -29.369  89.586 1.0000000000
52316  -4.707  -30.145  88.981 1.0000000000
156935  -5.269  -28.005  88.662 1.0000000000
54366  -4.997  -28.059  88.025 1.0000000000
54375  -4.754  -28.222  87.113 1.0000000000
53421  -4.677  -28.929  85.152 1.0000000000
54384  -4.771  -28.082  86.595 1.0000000000
54394  -4.880  -27.935  85.991 1.0000000000
55360  -5.540  -26.694  86.792 1.0000000000
142079  -10.306  -30.280  89.091 0.7500000000
54395  -5.246  -27.422  85.604 1.0000000000
53440  -5.049  -29.246  82.915 0.7500000000
54413  -5.696  -27.874  83.863 1.0000000000
55387  -6.682  -26.526  83.954 1.0000000000
53452  -6.189  -28.610  81.384 1.0000000000
53465  -6.918  -28.265  80.115 0.8750000000
54447  -8.349  -27.085  80.194 0.7500000000
147953  -9.866  -25.376  77.974 0.7500000000
55531  -5.557  -26.431  72.531 0.6250000000
54551  -4.570  -27.570  71.978 0.6250000000
162303  -4.413  -28.688  71.804 0.6250000000
52559  -4.620  -29.203  71.620 0.5000000000
52564  -4.933  -29.141  70.868 0.5000000000
147572  -5.872  -30.275  70.222 0.3750000000
53363  -5.739  -28.384  90.667 1.0000000000
52298  -6.574  -29.354  91.973 1.0000000000
142801  -5.273  -28.600  89.460 1.0000000000
52295  -8.811  -29.641  93.158 1.0000000000
54350  -5.482  -27.680  89.502 1.0000000000
55333  -5.596  -26.668  89.203 1.0000000000
51238  -10.139  -30.170  91.697 1.0000000000
52310  -10.664  -29.613  90.374 1.0000000000
53432  -5.390  -28.590  83.379 0.8750000000
56391  -6.157  -25.926  86.432 1.0000000000
51260  -10.809  -29.803  88.827 0.8750000000
56395  -6.828  -25.574  85.162 1.0000000000
51268  -10.358  -30.255  87.421 0.5000000000
54425  -6.367  -27.580  82.654 1.0000000000
57458  -7.572  -24.693  84.331 1.0000000000
56405  -8.108  -25.465  83.115 0.8750000000
55422  -8.175  -26.772  80.938 0.7500000000
55423  -9.140  -26.492  79.859 0.7500000000
148627  -9.203  -25.813  80.490 0.7500000000
56441  -9.681  -25.338  79.453 0.7500000000
55424  -9.544  -25.780  79.899 0.7500000000
57540  -9.543  -24.629  78.009 0.7500000000
150140  -5.211  -24.880  73.655 0.6250000000
161373  -3.715  -27.503  70.751 0.5000000000
52574  -6.049  -29.037  69.682 0.1250000000
51498  -6.432  -29.882  69.887 0.1250000000
54347  -6.225  -27.878  91.362 1.0000000000
161625  -5.536  -26.425  90.416 1.0000000000
56380  -5.705  -25.785  89.104 1.0000000000
52325  -11.829  -28.944  88.709 0.7500000000
56386  -6.296  -24.935  87.797 1.0000000000
53396  -12.193  -28.644  87.411 0.7500000000
57478  -8.037  -24.454  82.768 0.8750000000
56427  -9.464  -25.131  80.189 0.7500000000
58594  -5.128  -23.698  75.765 0.7500000000
57618  -4.350  -25.038  72.329 0.6250000000
54589  -5.146  -27.624  69.328 0.1250000000
53375  -11.943  -28.846  89.516 0.8750000000
56389  -6.580  -24.953  86.937 1.0000000000
157102  -32.761  -22.579  87.530 0.7500000000
56393  -7.167  -24.892  85.037 1.0000000000
58503  -7.568  -23.572  82.293 0.8750000000
58494  -7.442  -23.825  83.167 0.8750000000
58516  -6.747  -23.081  81.663 0.8750000000
140001  -7.710  -23.363  81.371 0.8750000000
58517  -8.421  -23.620  80.862 0.8750000000
58544  -8.126  -23.607  79.055 0.7500000000
61562  -5.348  -20.316  77.478 0.8750000000
60575  -5.690  -21.291  76.721 0.8750000000
60588  -6.158  -21.149  75.688 0.7500000000
61578  -6.227  -20.616  76.354 0.7500000000
57552  -5.947  -24.575  76.709 0.7500000000
57567  -5.770  -24.360  75.613 0.7500000000
160228  -3.819  -23.990  73.214 0.6250000000
57617  -4.140  -24.953  71.829 0.6250000000
55564  -4.050  -26.472  69.594 0.3750000000
55320  -8.399  -26.753  93.630 1.0000000000
55318  -6.635  -26.115  92.677 1.0000000000
56368  -5.505  -25.865  91.822 1.0000000000
53376  -12.225  -28.390  89.032 0.6250000000
59496  -31.671  -22.215  88.003 0.8750000000
146487  -6.500  -23.589  85.473 1.0000000000
58486  -6.704  -23.466  84.530 1.0000000000
152911  -3.055  -20.080  79.789 0.8750000000
60564  -4.323  -21.091  78.189 0.8750000000
63474  -4.655  -18.168  78.236 0.8750000000
62571  -5.708  -19.444  77.315 0.7500000000
152149  -5.519  -24.098  77.255 0.7500000000
59639  -3.855  -22.386  73.668 0.7500000000
58630  -3.708  -23.550  72.160 0.6250000000
138287  -3.953  -24.291  71.791 0.6250000000
58430  -5.002  -24.541  90.940 1.0000000000
54348  -12.617  -27.355  91.143 0.8750000000
58439  -4.975  -24.364  90.056 1.0000000000
58447  -5.324  -24.120  89.278 1.0000000000
54377  -13.922  -26.858  87.268 0.7500000000
54359  -13.202  -27.246  89.324 0.6250000000
164207  -13.336  -27.484  90.048 0.7500000000
60481  -28.555  -20.940  87.410 0.5000000000
164138  -5.432  -22.340  81.004 0.8750000000
163712  -6.548  -23.171  79.997 0.8750000000
64403  -4.330  -16.967  79.230 0.7500000000
148817  -6.507  -18.973  76.393 0.7500000000
161524  -4.013  -21.528  73.600 0.6250000000
160683  -3.582  -20.963  72.721 0.6250000000
58423  -5.682  -24.185  92.462 0.7500000000
142665  -4.778  -23.354  88.854 0.8750000000
151751  -25.196  -20.731  85.029 0.7500000000
60505  -26.697  -21.201  85.607 0.7500000000
60494  -27.052  -20.781  86.982 0.7500000000
160746  -2.835  -19.889  84.253 0.8750000000
58465  -6.031  -23.527  86.382 0.8750000000
59509  -4.964  -22.761  87.000 0.8750000000
62501  -24.118  -19.983  85.722 0.6250000000
63410  -2.119  -18.524  85.861 0.7500000000
136659  -2.860  -19.535  84.777 0.8750000000
142467  -3.817  -20.706  83.207 1.0000000000
59519  -5.002  -22.488  85.234 0.8750000000
139881  -25.701  -20.574  83.578 0.5000000000
65328  -1.958  -15.899  84.182 0.5000000000
58485  -4.856  -22.755  84.250 1.0000000000
59565  -3.685  -21.186  80.604 1.0000000000
59544  -4.563  -21.587  82.961 1.0000000000
59535  -4.210  -21.292  83.445 1.0000000000
58501  -5.589  -22.725  82.496 1.0000000000
156555  -5.332  -22.634  81.701 0.8750000000
153799  -4.757  -22.119  81.472 0.8750000000
59543  -4.084  -21.354  82.650 1.0000000000
66431  -38.423  -15.868  84.679 0.5000000000
65374  -3.661  -16.457  80.062 0.7500000000
65375  -4.216  -16.269  79.849 0.7500000000
136977  -6.605  -20.080  75.027 0.8750000000
163149  -4.751  -20.258  73.413 0.6250000000
154418  -4.010  -21.095  73.461 0.6250000000
61624  -3.793  -20.625  73.006 0.6250000000
59693  -3.680  -21.725  70.277 0.3750000000
60643  -3.161  -21.049  70.090 0.5000000000
60671  -5.139  -21.161  68.728 0.1250000000
55334  -13.859  -26.887  89.930 0.7500000000
62441  -2.955  -18.943  87.417 0.6250000000
143262  -3.407  -19.860  88.416 0.6250000000
62457  -3.001  -19.918  87.587 0.6250000000
58431  -5.007  -23.851  91.783 0.8750000000
59471  -5.291  -22.930  91.342 0.7500000000
142002  -2.650  -18.779  86.821 0.6250000000
151268  -3.611  -21.321  86.501 0.6250000000
59498  -4.077  -21.889  86.728 0.7500000000
55352  -14.654  -26.528  87.838 0.7500000000
61469  -3.208  -20.844  86.161 0.7500000000
60487  -3.409  -21.990  86.009 0.8750000000
157738  -3.350  -21.367  86.102 0.6250000000
60499  -3.787  -21.619  85.494 1.0000000000
59487  -3.937  -22.014  87.816 0.8750000000
60510  -3.652  -20.977  85.038 0.8750000000
59508  -3.723  -22.383  85.869 1.0000000000
55380  -14.616  -25.892  84.478 0.3750000000
67426  -2.905  -14.985  85.825 0.5000000000
60524  -3.553  -20.823  82.510 1.0000000000
66433  -2.843  -15.277  83.339 0.5000000000
67464  -3.333  -14.990  83.293 0.3750000000
66457  -3.516  -15.811  81.455 0.5000000000
65372  -36.728  -16.920  81.970 0.7500000000
65382  -35.952  -16.836  80.718 0.7500000000
62600  -4.962  -19.596  73.127 0.6250000000
62601  -6.376  -19.457  73.686 0.6250000000
64314  -3.633  -16.853  87.891 0.5000000000
153630  -15.301  -24.643  84.774 0.3750000000
62532  -19.816  -19.255  82.056 0.3750000000
62514  -22.231  -19.332  84.586 0.5000000000
160392  -20.917  -19.244  81.561 0.3750000000
57469  -15.543  -23.773  83.240 0.2500000000
66482  -4.654  -16.024  79.641 0.6250000000
67498  -36.793  -14.617  81.833 0.8750000000
68523  -37.276  -13.855  82.997 0.8750000000
66491  -35.503  -16.233  80.195 0.6250000000
63492  -7.337  -18.716  74.836 0.6250000000
63502  -7.228  -18.764  73.529 0.6250000000
62624  -3.468  -19.564  70.474 0.3750000000
144339  -3.086  -19.742  69.685 0.2500000000
148275  -15.758  -23.614  84.048 0.2500000000
59568  -16.577  -22.408  80.795 0.1250000000
66445  -3.742  -15.332  81.902 0.5000000000
65359  -3.863  -16.084  80.524 0.6250000000
66459  -4.627  -15.474  80.949 0.6250000000
145780  -37.641  -13.387  83.581 0.7500000000
65403  -6.019  -16.588  78.080 0.6250000000
64475  -4.318  -18.178  72.115 0.5000000000
64490  -4.935  -17.263  71.860 0.5000000000
139192  -3.585  -17.962  70.791 0.2500000000
144426  -3.858  -14.722  83.390 0.3750000000
67474  -4.184  -15.210  81.956 0.5000000000
139888  -5.580  -15.368  79.902 0.5000000000
66501  -5.962  -16.352  78.671 0.5000000000
69566  -36.128  -12.236  81.627 0.7500000000
63533  -3.084  -18.299  69.569 0.2500000000
65463  -5.485  -16.344  71.750 0.5000000000
64488  -3.638  -17.268  71.035 0.2500000000
63543  -3.332  -18.326  68.972 0.2500000000
63545  -5.744  -18.493  68.702 0.1250000000
140192  -6.431  -18.059  68.679 0.1250000000
66575  -4.991  -15.683  71.585 0.5000000000
161967  -7.915  -18.274  69.004 0.1250000000
65504  -3.902  -16.580  68.434 0.1250000000
71497  -35.594  -9.957  86.714 0.2500000000
71504  -35.899  -10.219  85.807 0.2500000000
70578  -36.252  -11.196  82.699 0.6250000000
65426  -7.429  -16.255  75.990 0.7500000000
68559  -33.272  -13.570  78.396 0.7500000000
66554  -8.194  -15.618  73.886 0.8750000000
65521  -3.943  -15.953  67.965 0.1250000000
64534  -6.730  -17.473  68.361 0.1250000000
72488  -34.975  -9.678  86.005 0.2500000000
72489  -35.751  -9.448  85.162 0.3750000000
72495  -35.749  -9.512  84.302 0.3750000000
67610  -3.784  -14.314  71.726 0.2500000000
67624  -3.234  -14.184  70.216 0.1250000000
66630  -4.105  -15.461  67.625 0.1250000000
153328  -6.246  -17.000  68.151 0.1250000000
65524  -7.256  -16.036  67.513 0.1250000000
65526  -8.966  -16.507  67.121 0.1250000000
72508  -34.758  -9.424  82.375 0.2500000000
68605  -7.976  -13.703  75.186 0.5000000000
71560  -33.422  -10.706  79.609 0.6250000000
141292  -3.019  -14.594  69.265 0.1250000000
68648  -4.693  -13.283  72.894 0.2500000000
68664  -3.535  -13.001  71.792 0.2500000000
68706  -2.952  -13.552  68.888 0.1250000000
68606  -8.494  -13.318  75.489 0.2500000000
69658  -3.298  -12.388  69.662 0.1250000000
68717  -4.699  -14.077  67.457 0.1250000000
67670  -7.256  -14.717  66.680 0.1250000000
68719  -7.173  -13.528  67.157 0.1250000000
68733  -8.515  -14.058  66.410 0.1250000000
68720  -8.023  -13.447  67.010 0.1250000000
72562  -31.748  -9.593  75.621 0.6250000000
71585  -31.417  -10.397  74.427 0.5000000000
73640  -32.624  -8.236  76.126 0.8750000000
69625  -4.772  -12.340  73.327 0.2500000000
68708  -4.287  -13.461  67.926 0.1250000000
158849  -4.342  -12.124  68.714 0.1250000000
145644  -33.313  -7.924  75.415 0.8750000000
74706  -35.380  -7.758  75.427 0.7500000000
74672  -36.145  -7.591  77.073 0.5000000000
160007  -34.559  -7.836  74.037 0.7500000000
73662  -35.590  -7.875  74.297 0.8750000000
153513  -34.005  -5.961  81.140 0.2500000000
74658  -34.257  -7.017  78.235 0.6250000000
75648  -37.578  -6.476  79.519 0.6250000000
71611  -4.315  -10.590  70.965 0.1250000000
75679  -36.525  -7.171  77.839 0.5000000000
77618  -37.218  -4.922  82.119 0.3750000000
78498  -37.148  -3.157  84.221 0.3750000000
73706  -41.568  -8.407  72.607 0.6250000000
73724  -42.263  -8.615  71.835 0.6250000000
71625  -43.259  -9.717  70.031 0.6250000000
73668  -43.881  -8.160  74.253 0.6250000000
72615  -43.912  -9.461  70.664 0.5000000000
73775  -44.557  -8.618  68.072 0.8750000000
74796  -44.983  -7.574  66.878 0.7500000000
74759  -46.645  -7.716  69.836 0.3750000000
76774  -46.903  -5.028  67.936 0.5000000000
76793  -46.636  -4.861  66.113 0.6250000000
78692  -48.724  -3.332  67.978 0.1250000000
78711  -48.482  -3.218  65.249 0.3750000000
79748  -49.393  -2.144  65.570 0.3750000000
80708  -51.061  -0.979  66.495 0.2500000000
79742  -49.673  -2.269  66.833 0.1250000000
81646  -51.579  -0.460  67.327 0.1250000000
87450  -55.132  5.700  66.339 0.1250000000
151979  -54.555  5.446  65.731 0.1250000000
89238  -53.911  7.244  66.658 0.1250000000
90096  -54.055  8.165  65.823 0.1250000000
46519  -6.076  -35.571  75.302 0.3750000000
46414  -6.701  -35.261  84.442 0.1250000000
47380  -6.722  -34.350  85.983 0.1250000000
48359  -7.356  -33.787  84.715 0.1250000000
47391  -6.952  -34.452  84.086 0.1250000000
47403  -7.555  -34.562  83.234 0.1250000000
49301  -8.371  -32.679  83.512 0.1250000000
48374  -8.030  -33.705  83.170 0.1250000000
156364  -8.499  -33.224  82.713 0.1250000000
48344  -7.170  -33.701  85.606 0.1250000000
48373  -7.323  -33.804  83.796 0.1250000000
49302  -8.961  -31.873  83.709 0.1250000000
49315  -9.760  -31.945  82.150 0.1250000000
49328  -9.444  -32.828  81.680 0.1250000000
49329  -10.180  -32.405  81.378 0.1250000000
49330  -10.740  -32.018  80.872 0.1250000000
48333  -7.358  -33.774  87.084 0.3750000000
141929  -7.084  -33.834  86.408 0.2500000000
49263  -7.512  -33.046  86.319 0.2500000000
48345  -7.754  -33.051  85.187 0.2500000000
49290  -8.503  -32.318  84.649 0.2500000000
50303  -10.365  -31.249  82.674 0.1250000000
48375  -9.100  -32.513  82.716 0.1250000000
50318  -10.464  -31.524  81.731 0.1250000000
50319  -11.149  -31.164  81.219 0.1250000000
51370  -11.627  -30.751  80.580 0.1250000000
51371  -12.064  -30.147  79.933 0.1250000000
52469  -12.645  -29.352  79.820 0.1250000000
51389  -11.576  -31.021  79.769 0.1250000000
142518  -12.209  -30.763  79.510 0.1250000000
48535  -6.481  -33.247  70.984 0.1250000000
48327  -7.738  -33.013  87.331 0.3750000000
49276  -8.010  -32.142  85.808 0.2500000000
49277  -8.887  -31.631  85.439 0.2500000000
50281  -9.306  -31.550  84.637 0.2500000000
50294  -9.537  -31.299  83.869 0.2500000000
50295  -10.138  -30.886  83.517 0.1250000000
50296  -10.892  -30.549  83.113 0.1250000000
50304  -10.968  -30.749  82.177 0.1250000000
51354  -11.774  -30.326  81.685 0.1250000000
51355  -12.181  -30.150  80.882 0.1250000000
52450  -12.534  -29.442  80.510 0.1250000000
52451  -12.939  -28.680  80.261 0.1250000000
52484  -13.291  -29.634  79.235 0.1250000000
52471  -13.906  -29.047  79.036 0.1250000000
49452  -6.799  -32.246  70.649 0.1250000000
49256  -8.073  -32.260  87.610 0.5000000000
50256  -8.609  -31.610  86.361 0.2500000000
49264  -8.300  -32.452  86.865 0.2500000000
159822  -10.650  -30.302  83.997 0.1250000000
50282  -9.969  -30.767  84.501 0.1250000000
51322  -11.325  -29.912  83.620 0.1250000000
51337  -11.573  -30.142  82.754 0.1250000000
51338  -12.263  -29.634  82.440 0.1250000000
52432  -12.564  -29.654  81.531 0.1250000000
52433  -13.177  -28.976  81.272 0.1250000000
53466  -13.503  -28.120  81.000 0.1250000000
50431  -6.653  -31.298  70.457 0.1250000000
49451  -5.984  -31.604  70.875 0.1250000000
51487  -7.227  -30.866  70.240 0.1250000000
50235  -8.489  -31.616  87.855 0.6250000000
50244  -8.767  -31.822  87.240 0.5000000000
50268  -9.888  -30.730  86.181 0.2500000000
153195  -9.169  -31.146  86.020 0.2500000000
153300  -10.574  -30.366  85.962 0.3750000000
144643  -9.642  -31.075  85.324 0.2500000000
51295  -10.283  -30.516  85.365 0.2500000000
51309  -10.921  -29.977  85.398 0.2500000000
51308  -10.581  -30.231  84.763 0.1250000000
138628  -11.117  -29.818  84.494 0.1250000000
52393  -11.713  -29.397  84.150 0.1250000000
51323  -11.901  -29.458  83.291 0.1250000000
52413  -12.511  -28.986  83.019 0.1250000000
52414  -13.067  -29.154  82.225 0.1250000000
60498  -37.471  -21.319  85.823 0.5000000000
53453  -13.620  -28.490  81.930 0.1250000000
61482  -38.233  -20.411  86.128 0.2500000000
140536  -37.790  -19.200  86.471 0.2500000000
60508  -36.693  -21.754  85.257 0.7500000000
62491  -38.441  -19.531  86.139 0.2500000000
50245  -9.158  -31.156  87.549 0.3750000000
50258  -9.737  -30.619  87.103 0.3750000000
51282  -10.420  -30.307  86.643 0.3750000000
52394  -12.241  -28.977  83.802 0.2500000000
52395  -12.713  -28.652  83.493 0.1250000000
53443  -13.196  -28.448  82.818 0.1250000000
53454  -13.899  -27.827  81.725 0.1250000000
63408  -38.269  -18.531  86.321 0.2500000000
59515  -36.078  -22.772  85.512 0.6250000000
60497  -36.984  -21.981  85.927 0.7500000000
58483  -35.397  -22.695  84.794 0.6250000000
62520  -37.615  -19.174  84.991 0.3750000000
152064  -37.486  -19.885  84.202 0.7500000000
51296  -10.971  -30.026  86.223 0.3750000000
52362  -11.385  -29.591  85.859 0.3750000000
52375  -11.475  -29.397  85.016 0.5000000000
60470  -32.084  -21.156  88.596 0.7500000000
61452  -33.272  -20.570  87.802 0.7500000000
61465  -33.954  -20.705  87.377 0.7500000000
52376  -12.116  -28.908  84.672 0.2500000000
61466  -34.841  -20.582  87.360 0.7500000000
62488  -34.160  -20.079  86.962 0.7500000000
53433  -13.055  -28.208  83.610 0.1250000000
54415  -13.488  -27.648  82.965 0.1250000000
61478  -34.820  -19.787  86.836 0.6250000000
63417  -35.871  -18.647  85.686 0.3750000000
65325  -35.937  -16.121  86.260 0.2500000000
66419  -35.949  -15.312  86.389 0.2500000000
144683  -13.833  -27.069  82.724 0.1250000000
54427  -13.925  -27.450  82.213 0.1250000000
58460  -33.840  -23.228  86.782 0.6250000000
61480  -36.322  -19.981  87.310 0.6250000000
64349  -35.544  -17.048  85.712 0.2500000000
65326  -36.456  -16.283  86.279 0.2500000000
58472  -34.394  -23.917  86.007 0.7500000000
58462  -35.450  -23.297  86.423 0.7500000000
59507  -36.735  -21.952  86.792 0.7500000000
63418  -36.409  -18.220  85.807 0.2500000000
63407  -37.143  -18.173  86.126 0.2500000000
64337  -37.005  -17.145  86.194 0.2500000000
64338  -37.847  -17.609  86.297 0.2500000000
58482  -34.875  -22.861  84.914 0.6250000000
156490  -38.594  -18.675  85.914 0.2500000000
64339  -38.304  -17.278  85.964 0.2500000000
57455  -34.551  -23.352  84.719 0.6250000000
63420  -38.568  -18.176  85.285 0.3750000000
63431  -38.192  -18.207  85.129 0.3750000000
162488  -37.524  -19.225  83.966 0.5000000000
61517  -37.202  -20.356  83.005 0.7500000000
63441  -37.400  -17.875  83.402 0.6250000000
53362  -12.077  -27.961  92.389 0.8750000000
143636  -12.887  -27.538  91.996 0.8750000000
58456  -16.913  -23.148  87.870 0.6250000000
57441  -16.175  -24.273  87.801 0.6250000000
58467  -16.985  -23.067  86.953 0.5000000000
58455  -16.600  -23.723  87.356 0.3750000000
162955  -11.797  -28.877  86.860 0.6250000000
53407  -12.218  -28.632  86.387 0.6250000000
53408  -12.868  -28.088  86.051 0.6250000000
59500  -17.504  -22.564  87.499 0.3750000000
52350  -11.646  -29.189  86.407 0.6250000000
52363  -11.861  -29.036  85.601 0.5000000000
53415  -12.422  -28.567  85.407 0.6250000000
58466  -16.534  -23.622  86.489 0.3750000000
53416  -12.921  -28.121  85.150 0.5000000000
53423  -12.584  -28.496  84.724 0.3750000000
52377  -12.619  -28.610  84.123 0.1250000000
54416  -13.760  -27.059  83.430 0.1250000000
137336  -31.451  -22.847  85.891 0.6250000000
158177  -34.357  -19.221  85.210 0.3750000000
143203  -35.051  -18.938  85.450 0.5000000000
55388  -14.146  -26.571  83.024 0.1250000000
58481  -32.055  -23.601  85.737 0.6250000000
58470  -32.408  -24.047  86.111 0.6250000000
65334  -34.704  -17.122  85.089 0.5000000000
65311  -36.118  -15.302  86.505 0.2500000000
55401  -14.128  -26.696  82.130 0.1250000000
135308  -31.328  -23.207  84.233 0.5000000000
57453  -33.320  -23.361  85.096 0.5000000000
57447  -33.735  -23.884  85.577 0.5000000000
65312  -36.752  -15.801  86.296 0.2500000000
67437  -36.410  -14.748  86.563 0.2500000000
142352  -32.643  -23.779  84.029 0.5000000000
57454  -33.954  -23.525  84.860 0.6250000000
65314  -38.231  -16.717  85.698 0.2500000000
66411  -37.546  -15.919  86.081 0.2500000000
66421  -38.214  -16.042  85.421 0.3750000000
64374  -37.714  -16.928  83.517 0.6250000000
155739  -37.243  -17.503  82.886 0.6250000000
147782  -36.830  -18.087  82.326 0.6250000000
55322  -12.876  -26.692  94.177 0.8750000000
54336  -11.768  -27.600  94.181 0.8750000000
54341  -12.516  -27.376  93.952 0.8750000000
55325  -12.795  -26.564  93.195 0.7500000000
55327  -13.577  -26.057  91.533 0.7500000000
54349  -13.070  -26.768  91.347 0.7500000000
56376  -13.835  -25.776  90.621 0.7500000000
55330  -13.549  -26.381  90.578 0.7500000000
55335  -14.140  -26.012  89.337 0.6250000000
56384  -14.633  -25.550  88.837 0.7500000000
55344  -15.013  -25.947  88.209 0.6250000000
57437  -16.055  -24.212  88.650 0.7500000000
56387  -15.390  -25.368  87.799 0.6250000000
57440  -15.692  -24.751  88.230 0.6250000000
56390  -15.454  -25.405  86.924 0.5000000000
57443  -15.867  -24.875  87.340 0.5000000000
55362  -14.973  -25.900  86.441 0.5000000000
57450  -15.870  -24.890  86.500 0.5000000000
57444  -16.311  -24.372  86.897 0.5000000000
57451  -16.115  -24.220  86.047 0.3750000000
60492  -17.965  -21.919  87.104 0.3750000000
54385  -13.390  -27.534  85.699 0.6250000000
56394  -15.389  -25.420  86.054 0.5000000000
57459  -15.580  -24.737  85.616 0.5000000000
60469  -31.033  -21.486  88.558 0.6250000000
54396  -13.386  -27.591  84.787 0.2500000000
54406  -13.810  -27.040  84.331 0.2500000000
59510  -17.348  -22.357  86.494 0.3750000000
57460  -15.766  -23.977  84.951 0.2500000000
151582  -29.597  -21.999  86.289 0.7500000000
58479  -29.583  -22.773  85.154 0.5000000000
58468  -30.874  -22.306  86.196 0.6250000000
144809  -28.862  -21.948  83.666 0.5000000000
58480  -30.359  -23.078  85.197 0.6250000000
67436  -35.978  -14.618  86.339 0.2500000000
55402  -14.534  -25.999  82.601 0.1250000000
58496  -30.659  -22.596  83.775 0.5000000000
68471  -36.198  -14.143  86.294 0.2500000000
67438  -37.131  -14.564  86.367 0.2500000000
64396  -37.081  -17.218  82.443 0.6250000000
63454  -36.071  -18.488  80.330 0.6250000000
54337  -12.263  -27.114  94.253 0.8750000000
55314  -10.612  -26.773  94.436 0.7500000000
55317  -12.906  -25.741  94.313 0.8750000000
55323  -13.438  -26.077  93.877 0.8750000000
56371  -14.052  -25.388  92.258 0.7500000000
163352  -14.438  -24.924  91.580 0.7500000000
57423  -14.827  -24.286  91.430 0.6250000000
56365  -7.783  -25.745  93.326 0.7500000000
152129  -9.860  -25.802  93.765 0.7500000000
56366  -10.716  -25.460  94.054 0.7500000000
57404  -11.535  -24.988  94.235 0.8750000000
57405  -12.410  -24.930  94.330 0.8750000000
57406  -13.178  -25.004  94.271 0.8750000000
56374  -13.913  -25.249  91.094 0.7500000000
57429  -14.542  -24.871  90.824 0.7500000000
57430  -15.070  -24.482  90.725 0.7500000000
58446  -16.000  -23.551  90.476 0.7500000000
58449  -16.211  -23.436  89.617 0.7500000000
160294  -16.713  -23.203  88.585 0.7500000000
56369  -6.149  -25.373  92.429 0.6250000000
57408  -7.355  -24.930  92.889 0.6250000000
140350  -8.637  -25.198  93.174 0.7500000000
57418  -8.988  -24.650  92.841 0.7500000000
55331  -14.224  -26.138  90.109 0.7500000000
56378  -15.144  -24.996  90.205 0.7500000000
57431  -15.558  -24.309  90.361 0.7500000000
57435  -15.954  -24.112  89.226 0.6250000000
58450  -16.598  -23.000  89.051 0.6250000000
56381  -14.679  -25.561  89.719 0.6250000000
56382  -15.098  -25.022  89.297 0.6250000000
57436  -15.621  -24.633  88.932 0.7500000000
142617  -16.378  -23.663  88.906 0.7500000000
56385  -15.213  -25.199  88.568 0.7500000000
60502  -17.673  -21.485  85.964 0.2500000000
60467  -29.093  -21.670  88.295 0.6250000000
60468  -30.025  -21.622  88.383 0.6250000000
60512  -17.585  -21.601  84.913 0.3750000000
150177  -28.518  -21.395  88.257 0.3750000000
59522  -28.462  -21.977  85.677 0.6250000000
59529  -28.081  -21.759  83.879 0.5000000000
59530  -28.992  -22.037  85.096 0.5000000000
68472  -36.811  -14.189  86.441 0.2500000000
68482  -36.881  -13.340  85.998 0.2500000000
68483  -37.528  -13.773  85.726 0.2500000000
58422  -13.198  -23.902  93.611 0.7500000000
155729  -13.755  -24.857  92.910 0.7500000000
57422  -14.387  -24.624  92.355 0.7500000000
59478  -16.628  -22.245  90.246 0.7500000000
60452  -17.190  -21.687  89.929 0.6250000000
157269  -17.515  -21.167  89.640 0.5000000000
147265  -9.938  -25.024  93.269 0.7500000000
57411  -12.098  -24.442  94.068 0.7500000000
57412  -12.852  -24.395  94.113 0.7500000000
58426  -12.889  -23.207  93.123 0.6250000000
57421  -13.748  -24.153  93.046 0.7500000000
58428  -14.489  -23.569  92.442 0.6250000000
58438  -15.834  -23.147  91.190 0.6250000000
59469  -16.287  -22.714  90.779 0.7500000000
59486  -16.779  -22.249  89.350 0.7500000000
60462  -17.356  -21.631  88.927 0.5000000000
61444  -17.689  -20.801  88.886 0.3750000000
141109  -6.145  -24.718  92.618 0.6250000000
57415  -6.738  -24.714  92.652 0.6250000000
57416  -7.268  -24.361  92.582 0.6250000000
57425  -8.531  -24.341  92.140 0.7500000000
162551  -9.715  -24.587  92.846 0.6250000000
57427  -10.454  -24.269  92.004 0.6250000000
57420  -11.402  -23.984  92.614 0.6250000000
58421  -12.321  -23.925  93.489 0.7500000000
58427  -13.532  -23.268  92.949 0.7500000000
59492  -17.194  -22.576  88.490 0.6250000000
60478  -17.907  -22.031  88.039 0.3750000000
57417  -7.801  -24.232  92.295 0.6250000000
139237  -8.987  -23.876  91.624 0.5000000000
57426  -9.543  -24.407  92.157 0.6250000000
58435  -10.960  -24.102  91.186 0.6250000000
58425  -12.272  -23.450  92.787 0.6250000000
58437  -12.730  -22.832  92.282 0.6250000000
60463  -18.132  -21.474  88.379 0.3750000000
59455  -6.421  -23.428  92.489 0.6250000000
58432  -7.436  -23.644  92.291 0.3750000000
58433  -8.208  -23.833  91.786 0.3750000000
59465  -9.220  -23.257  91.149 0.3750000000
58441  -10.004  -23.362  90.805 0.3750000000
58442  -10.793  -23.331  90.360 0.3750000000
60479  -18.421  -21.493  87.693 0.3750000000
59461  -5.794  -23.147  92.186 0.6250000000
59456  -6.910  -23.219  92.513 0.5000000000
137634  -7.949  -23.165  91.605 0.3750000000
163897  -8.569  -23.374  91.392 0.3750000000
147080  -18.015  -21.098  85.173 0.2500000000
60453  -28.087  -21.170  88.505 0.3750000000
60519  -17.402  -21.501  84.008 0.1250000000
60520  -17.891  -20.943  83.521 0.1250000000
154457  -26.385  -20.874  83.705 0.5000000000
60521  -26.917  -21.275  83.839 0.5000000000
68495  -38.333  -13.417  84.953 0.2500000000
69520  -37.741  -12.801  85.378 0.2500000000
69519  -37.584  -12.014  85.333 0.2500000000
56599  -3.821  -25.589  70.397 0.5000000000
60431  -15.376  -21.521  91.686 0.5000000000
60444  -16.380  -21.886  90.857 0.6250000000
60445  -16.874  -21.472  90.603 0.7500000000
141497  -14.108  -22.531  92.665 0.6250000000
59459  -14.659  -21.863  92.247 0.6250000000
59468  -16.000  -22.259  91.293 0.6250000000
61429  -17.743  -20.491  89.739 0.5000000000
59457  -13.463  -22.465  92.642 0.6250000000
58448  -9.998  -23.071  89.998 0.3750000000
58443  -11.606  -23.398  90.805 0.5000000000
61445  -18.708  -20.943  88.296 0.2500000000
60437  -4.658  -21.709  90.255 0.5000000000
60438  -5.374  -22.093  90.823 0.5000000000
60433  -7.005  -21.917  91.719 0.5000000000
162473  -7.204  -21.969  91.071 0.3750000000
59472  -7.568  -22.280  91.264 0.3750000000
59464  -8.463  -22.796  91.051 0.3750000000
60493  -18.261  -21.153  86.769 0.3750000000
153288  -4.185  -22.048  89.798 0.5000000000
59462  -6.667  -22.653  92.302 0.6250000000
59463  -7.226  -22.610  92.178 0.3750000000
61474  -18.566  -20.446  86.498 0.3750000000
138073  -19.319  -19.466  85.751 0.3750000000
62481  -20.766  -19.278  86.372 0.3750000000
62482  -21.407  -18.896  86.706 0.3750000000
143094  -22.823  -19.128  87.354 0.5000000000
60503  -18.285  -20.700  85.779 0.5000000000
137747  -19.686  -19.577  84.908 0.3750000000
62497  -20.521  -19.329  85.533 0.3750000000
141838  -21.250  -19.253  86.047 0.3750000000
62499  -22.626  -18.981  85.528 0.3750000000
139830  -23.420  -19.190  87.191 0.5000000000
60513  -17.973  -21.010  84.424 0.3750000000
62500  -23.469  -19.513  85.779 0.3750000000
62485  -24.427  -19.866  86.303 0.5000000000
61463  -25.557  -20.347  87.227 0.5000000000
61506  -18.445  -20.373  83.974 0.2500000000
61476  -25.221  -20.090  86.356 0.5000000000
60464  -27.223  -20.513  87.919 0.3750000000
61477  -26.230  -20.704  86.749 0.6250000000
61512  -18.415  -20.323  83.036 0.1250000000
57655  -4.056  -24.174  70.272 0.5000000000
60429  -13.947  -20.902  91.873 0.6250000000
162703  -14.833  -21.212  92.079 0.6250000000
60435  -15.936  -21.500  91.184 0.5000000000
60436  -16.255  -21.069  90.935 0.6250000000
60434  -13.360  -21.497  91.666 0.6250000000
59458  -13.960  -21.790  92.576 0.6250000000
59476  -12.057  -22.734  90.532 0.5000000000
59467  -13.748  -21.596  92.377 0.6250000000
60439  -6.313  -21.654  90.710 0.5000000000
60440  -7.095  -21.575  90.652 0.3750000000
163993  -7.290  -21.152  90.158 0.3750000000
60448  -8.210  -21.606  89.683 0.3750000000
59480  -8.788  -22.270  89.756 0.3750000000
59481  -9.588  -22.488  89.442 0.3750000000
59482  -10.652  -22.717  89.564 0.3750000000
59475  -11.364  -22.941  90.144 0.5000000000
61412  -4.948  -20.838  90.184 0.5000000000
151730  -5.412  -21.376  90.462 0.5000000000
60441  -7.588  -21.648  90.485 0.3750000000
59473  -8.291  -22.218  90.457 0.3750000000
59474  -9.143  -22.811  90.388 0.3750000000
60446  -4.222  -21.299  89.727 0.5000000000
61501  -18.523  -20.546  84.889 0.5000000000
158304  -19.006  -20.005  85.158 0.3750000000
139021  -4.049  -21.906  88.860 0.5000000000
61502  -19.024  -19.869  84.426 0.3750000000
156545  -21.232  -19.216  84.697 0.3750000000
62498  -21.648  -19.141  85.418 0.3750000000
59488  -4.164  -22.742  88.330 0.5000000000
62513  -20.423  -19.204  84.509 0.3750000000
62515  -23.262  -19.159  84.853 0.3750000000
61507  -19.030  -19.768  83.513 0.2500000000
62524  -19.745  -19.284  83.061 0.3750000000
59676  -3.661  -22.384  70.697 0.5000000000
145130  -3.431  -22.006  71.631 0.5000000000
136581  -33.044  -13.530  77.807 0.6250000000
68560  -33.574  -14.095  78.985 0.6250000000
146141  -12.456  -21.158  89.287 0.3750000000
60442  -12.902  -21.472  90.706 0.6250000000
60450  -11.820  -21.769  88.974 0.3750000000
59484  -12.381  -22.079  90.363 0.3750000000
59483  -11.736  -22.372  89.662 0.3750000000
59477  -12.745  -22.274  91.276 0.6250000000
61414  -6.741  -20.812  90.123 0.3750000000
60447  -7.525  -21.117  89.829 0.3750000000
61413  -5.890  -20.766  90.238 0.5000000000
157103  -7.817  -21.136  89.237 0.3750000000
61422  -4.493  -20.380  89.654 0.5000000000
62428  -4.927  -19.618  89.308 0.5000000000
60458  -3.900  -20.984  88.940 0.5000000000
155349  -3.680  -21.476  88.235 0.5000000000
62525  -20.592  -19.110  83.627 0.2500000000
162498  -20.968  -19.085  84.184 0.2500000000
62536  -23.321  -19.664  82.325 0.3750000000
70617  -32.447  -12.085  77.762 0.6250000000
142377  -11.495  -21.735  88.171 0.3750000000
59491  -11.049  -22.129  88.976 0.3750000000
139060  -10.223  -22.281  88.832 0.3750000000
60449  -8.974  -21.873  89.124 0.3750000000
158306  -9.588  -22.054  88.784 0.3750000000
62429  -5.896  -19.700  89.434 0.5000000000
61424  -6.580  -20.291  89.488 0.3750000000
61439  -3.966  -20.106  88.923 0.5000000000
70610  -32.813  -11.222  78.315 0.7500000000
70623  -31.894  -11.623  76.920 0.5000000000
137979  -33.393  -11.306  79.004 0.7500000000
62443  -4.214  -19.180  88.650 0.5000000000
71568  -32.408  -10.231  78.127 0.7500000000
71569  -33.096  -10.457  78.849 0.5000000000
149648  -32.296  -11.137  77.670 0.6250000000
70631  -32.041  -11.336  75.989 0.6250000000
71586  -31.433  -10.642  75.398 0.6250000000
72568  -31.700  -9.587  74.252 0.3750000000
72572  -31.637  -9.145  73.565 0.5000000000
72583  -31.301  -9.557  72.849 0.2500000000
72573  -32.124  -8.824  74.155 0.5000000000
73676  -31.805  -8.782  72.905 0.3750000000
156297  -32.603  -8.754  71.712 0.2500000000
72598  -32.741  -8.537  71.038 0.1250000000
73661  -33.421  -7.895  74.253 0.6250000000
139022  -33.958  -7.637  74.749 0.7500000000
142860  -32.705  -8.250  73.870 0.3750000000
73678  -33.583  -7.967  73.464 0.5000000000
73680  -35.394  -7.493  73.351 0.7500000000
73698  -32.621  -8.604  72.346 0.3750000000
73699  -33.497  -8.107  72.496 0.3750000000
73700  -35.056  -8.129  72.067 0.5000000000
156476  -35.710  -7.949  72.358 0.6250000000
73717  -33.141  -8.276  71.652 0.3750000000
73718  -33.706  -8.255  70.897 0.2500000000
73719  -34.669  -8.115  71.331 0.3750000000
73735  -35.323  -8.015  71.014 0.6250000000
72612  -32.942  -8.428  70.289 0.2500000000
73734  -34.570  -8.103  70.508 0.2500000000
73751  -34.520  -7.940  69.646 0.2500000000
73736  -36.102  -7.785  70.736 0.5000000000
136787  -36.216  -7.693  73.957 0.7500000000
73701  -36.091  -7.722  73.067 0.7500000000
140660  -36.269  -8.029  72.279 0.7500000000
137475  -35.449  -8.189  71.852 0.7500000000
73752  -35.470  -7.851  70.026 0.2500000000
73772  -36.332  -7.600  69.145 0.2500000000
72629  -41.837  -9.042  69.054 0.5000000000
71637  -42.209  -9.852  68.823 0.6250000000
72640  -38.886  -8.761  68.276 0.6250000000
72655  -38.602  -9.129  67.578 0.5000000000
159087  -40.387  -9.123  68.335 0.6250000000
150694  -40.772  -9.818  68.155 0.6250000000
73641  -37.615  -8.233  76.031 0.5000000000
135394  -37.568  -8.152  75.257 0.6250000000
73681  -36.773  -7.607  73.758 0.7500000000
73663  -37.920  -7.963  74.664 0.7500000000
161695  -38.236  -8.374  75.094 0.6250000000
162627  -37.866  -7.122  73.495 0.7500000000
74720  -38.366  -7.336  74.060 0.7500000000
73720  -36.815  -7.762  71.437 0.6250000000
73721  -37.935  -7.819  71.968 0.7500000000
73753  -36.541  -7.864  69.874 0.5000000000
142644  -36.884  -7.805  70.486 0.5000000000
157341  -37.732  -7.739  70.728 0.7500000000
148673  -40.776  -8.158  71.381 0.5000000000
73740  -41.518  -8.160  70.632 0.6250000000
74768  -37.183  -6.863  68.321 0.3750000000
74757  -37.224  -7.632  69.090 0.3750000000
135414  -38.323  -7.711  69.877 0.5000000000
73755  -39.009  -7.734  69.109 0.5000000000
73756  -39.872  -7.767  69.300 0.5000000000
73739  -40.690  -8.112  70.439 0.6250000000
74758  -38.178  -7.389  69.030 0.3750000000
74770  -38.279  -7.726  68.538 0.3750000000
73773  -39.680  -8.149  68.659 0.5000000000
73757  -40.792  -7.967  69.377 0.5000000000
72642  -40.995  -8.889  68.667 0.7500000000
74783  -37.779  -7.444  67.912 0.3750000000
76800  -45.584  -5.851  63.969 0.5000000000
73683  -39.108  -8.087  73.831 0.6250000000
73704  -38.590  -7.480  73.119 0.7500000000
136630  -39.324  -7.738  72.086 0.7500000000
73754  -37.431  -7.846  69.830 0.5000000000
136433  -38.607  -8.027  71.044 0.7500000000
73737  -39.166  -7.634  70.090 0.5000000000
150138  -40.015  -7.866  70.248 0.6250000000
75768  -47.453  -6.169  69.225 0.2500000000
77765  -46.644  -4.866  64.531 0.6250000000
76819  -45.704  -4.928  62.979 0.6250000000
76810  -45.945  -5.173  63.667 0.5000000000
77790  -46.136  -4.260  62.694 0.7500000000
77782  -46.390  -4.603  63.407 0.5000000000
78746  -45.773  -3.720  62.073 0.6250000000
87552  -54.196  4.804  58.790 0.5000000000
86569  -55.641  4.272  59.282 0.6250000000
87554  -57.980  4.991  58.867 0.3750000000
88471  -58.532  6.885  58.783 0.2500000000
86576  -55.484  4.147  58.405 0.6250000000
87553  -56.902  4.459  58.510 0.5000000000
88483  -58.386  5.957  58.396 0.3750000000
89317  -58.534  7.638  57.705 0.3750000000
90160  -58.515  8.671  57.971 0.1250000000
137490  -59.094  11.304  58.062 0.1250000000
92997  -58.294  12.263  56.947 0.1250000000
87561  -57.212  5.321  56.895 0.6250000000
89316  -58.239  6.913  56.903 0.3750000000
150544  -58.473  7.820  57.242 0.2500000000
77783  -47.192  -4.335  63.751 0.6250000000
78734  -46.645  -3.388  62.516 0.6250000000
79789  -44.883  -2.346  61.080 0.3750000000
151698  -46.472  -2.177  61.708 0.3750000000
85552  -50.911  4.221  60.913 0.5000000000
86555  -51.783  4.713  60.305 0.3750000000
87538  -53.354  5.104  59.673 0.5000000000
87540  -54.757  5.325  59.354 0.6250000000
86570  -56.298  4.558  59.878 0.6250000000
88470  -58.374  6.127  59.361 0.2500000000
90144  -58.359  8.496  59.319 0.1250000000
87541  -57.084  4.531  59.383 0.6250000000
87542  -57.759  5.206  59.607 0.5000000000
140294  -58.358  9.088  58.875 0.1250000000
79766  -46.715  -2.575  62.226 0.7500000000
46408  -6.552  -35.123  85.473 0.2500000000
52349  -11.269  -29.638  86.530 0.5000000000
147874  -31.620  -23.446  86.453 0.6250000000
59513  -30.102  -22.218  85.911 0.6250000000
61479  -35.440  -20.026  87.347 0.6250000000
158833  -27.473  -21.414  83.394 0.5000000000
60506  -27.539  -21.443  85.352 0.5000000000
59514  -35.728  -23.150  85.882 0.6250000000
63419  -36.682  -19.039  86.032 0.2500000000
58640  -3.819  -23.811  71.165 0.5000000000
160879  -3.925  -24.893  70.087 0.5000000000
152474  -9.795  -27.518  94.414 0.8750000000
56364  -6.942  -25.551  93.119 0.8750000000
55313  -9.832  -26.577  94.368 0.7500000000
55321  -9.024  -26.211  93.641 0.7500000000
53352  -10.835  -27.657  94.264 0.8750000000
54344  -12.441  -27.271  92.641 0.8750000000
60466  -28.226  -21.292  88.156 0.5000000000
54405  -13.394  -27.631  83.898 0.2500000000
62529  -37.185  -18.890  83.172 0.6250000000
61489  -24.848  -20.206  85.639 0.5000000000
139081  -35.769  -17.797  80.090 0.6250000000
67450  -38.239  -15.364  85.095 0.1250000000
62512  -19.696  -19.340  84.020 0.3750000000
162254  -33.929  -14.829  79.168 0.5000000000
69589  -32.888  -12.976  77.911 0.6250000000
71573  -32.049  -10.484  77.198 0.6250000000
73660  -32.610  -8.428  74.525 0.6250000000
135642  -42.126  -8.535  70.003 0.5000000000
75804  -45.233  -6.409  63.983 0.5000000000
59470  -4.658  -22.647  90.328 0.5000000000
61464  -26.352  -20.458  87.587 0.6250000000
60465  -27.747  -20.945  88.272 0.3750000000
73649  -37.083  -7.998  75.662 0.5000000000
140033  -36.268  -7.741  74.551 0.6250000000
141335  -7.006  -34.456  85.050 0.1250000000
48360  -7.647  -33.070  84.101 0.1250000000
49303  -9.732  -31.687  83.109 0.1250000000
50333  -10.951  -31.482  80.097 0.1250000000
49343  -10.722  -32.447  79.941 0.1250000000
51390  -12.679  -30.234  79.388 0.1250000000
50257  -9.230  -31.174  86.811 0.3750000000
53444  -13.740  -27.992  82.313 0.1250000000
62506  -38.543  -19.025  85.612 0.2500000000
62504  -34.868  -19.566  85.838 0.3750000000
61492  -35.547  -19.396  86.942 0.3750000000
64362  -35.110  -18.044  85.263 0.5000000000
61493  -36.257  -19.385  86.835 0.2500000000
161904  -35.883  -17.848  85.693 0.5000000000
65324  -35.181  -16.049  85.593 0.5000000000
64350  -36.309  -17.207  85.962 0.2500000000
67448  -35.719  -14.715  86.120 0.1250000000
58471  -33.319  -24.029  86.205 0.6250000000
65313  -37.482  -16.660  86.196 0.2500000000
58473  -35.067  -23.280  85.528 0.6250000000
146239  -34.394  -23.852  83.720 0.5000000000
54345  -13.214  -26.868  92.257 0.8750000000
58453  -16.446  -23.671  88.215 0.7500000000
159880  -30.608  -23.079  84.721 0.6250000000
58469  -31.906  -23.751  86.204 0.6250000000
57462  -32.160  -23.239  84.650 0.5000000000
57445  -32.381  -24.098  85.942 0.6250000000
66430  -34.228  -16.359  84.955 0.3750000000
66418  -34.378  -15.613  85.350 0.5000000000
57463  -33.597  -23.757  84.520 0.5000000000
57470  -32.733  -23.964  83.326 0.3750000000
56362  -12.049  -25.544  94.423 0.8750000000
55315  -11.528  -26.963  94.381 0.8750000000
55326  -13.372  -26.021  92.686 0.7500000000
146813  -29.148  -22.223  85.642 0.5000000000
158997  -28.710  -21.809  84.354 0.5000000000
58489  -30.021  -22.939  84.729 0.5000000000
57413  -13.688  -24.670  93.977 0.7500000000
153027  -14.807  -22.778  92.219 0.6250000000
136583  -11.470  -24.423  93.519 0.6250000000
56377  -14.453  -25.456  90.395 0.7500000000
58445  -15.350  -23.880  90.904 0.7500000000
155193  -15.911  -24.035  89.875 0.6250000000
155634  -16.313  -22.944  90.214 0.7500000000
59485  -16.468  -22.766  89.689 0.7500000000
57409  -7.974  -24.572  92.790 0.7500000000
57434  -15.588  -24.561  89.637 0.7500000000
57419  -10.471  -24.424  92.929 0.6250000000
57410  -10.867  -24.863  93.629 0.6250000000
59460  -15.383  -22.530  91.703 0.6250000000
58429  -15.193  -23.447  91.632 0.6250000000
144698  -18.105  -20.141  88.901 0.5000000000
58424  -6.688  -24.044  92.621 0.6250000000
58434  -9.886  -23.897  91.458 0.6250000000
58436  -11.909  -23.572  91.767 0.5000000000
59466  -13.245  -22.086  92.208 0.6250000000
58444  -12.255  -23.034  91.286 0.5000000000
60432  -6.190  -22.326  91.689 0.6250000000
60430  -14.360  -21.136  92.165 0.6250000000
61460  -18.800  -20.779  87.331 0.3750000000
61488  -18.692  -19.991  85.867 0.3750000000
61475  -19.030  -19.811  86.715 0.3750000000
63403  -22.228  -18.724  87.031 0.3750000000
63402  -22.036  -18.691  86.158 0.3750000000
62483  -22.953  -19.197  86.516 0.3750000000
62484  -23.675  -19.644  86.375 0.3750000000
61462  -25.027  -19.572  87.024 0.5000000000
143118  -24.255  -19.149  87.012 0.5000000000
61447  -25.786  -19.980  88.101 0.5000000000
154589  -3.545  -22.912  71.402 0.5000000000
61407  -14.065  -20.272  91.390 0.6250000000
156338  -14.592  -20.450  91.771 0.6250000000
60443  -13.494  -20.823  91.079 0.6250000000
61416  -12.994  -20.809  90.049 0.5000000000
144824  -6.184  -20.151  89.949 0.5000000000
61423  -5.428  -20.061  89.955 0.5000000000
69599  -32.657  -13.274  77.339 0.5000000000
59490  -10.737  -22.177  88.102 0.3750000000
162057  -32.130  -8.613  73.533 0.5000000000
72584  -32.198  -9.305  72.128 0.2500000000
73679  -34.582  -7.484  72.798 0.7500000000
136368  -34.066  -7.837  71.787 0.5000000000
157340  -35.936  -8.013  71.512 0.6250000000
73733  -33.825  -8.418  70.022 0.2500000000
136109  -37.003  -7.505  74.540 0.7500000000
73702  -37.008  -7.992  73.131 0.7500000000
73703  -37.673  -7.665  72.861 0.7500000000
72613  -41.268  -8.234  69.476 0.6250000000
71651  -41.081  -10.232  68.112 0.7500000000
72641  -39.745  -8.994  68.247 0.5000000000
73650  -38.165  -8.238  75.698 0.6250000000
73682  -37.510  -7.168  74.039 0.7500000000
161853  -38.451  -7.790  70.423 0.6250000000
73738  -39.352  -8.167  70.938 0.6250000000
77791  -46.889  -3.960  63.168 0.6250000000
79778  -46.052  -2.803  61.946 0.6250000000
86567  -53.428  4.861  58.895 0.5000000000
86575  -54.406  4.115  58.317 0.6250000000
87557  -57.448  5.213  57.890 0.6250000000
89306  -58.458  7.897  58.571 0.3750000000
89300  -58.399  7.507  59.514 0.1250000000
86581  -56.047  4.304  58.092 0.6250000000
88490  -57.832  6.034  57.323 0.3750000000
91112  -58.776  9.836  57.531 0.1250000000
156888  -58.140  6.787  60.032 0.1250000000
64299  -26.732  -17.510  92.062 0.2500000000
65263  -23.771  -15.929  92.508 0.2500000000
161659  -25.114  -15.789  92.385 0.2500000000
66367  -23.862  -14.782  92.143 0.2500000000
142842  -24.738  -14.411  91.522 0.2500000000
62426  -28.281  -19.979  90.231 0.2500000000
61421  -28.498  -20.296  89.635 0.3750000000
63366  -27.723  -18.188  90.859 0.2500000000
153584  -28.708  -19.153  90.400 0.2500000000
61436  -28.897  -20.716  89.366 0.3750000000
65261  -21.138  -16.160  92.573 0.3750000000
65262  -23.074  -16.236  92.435 0.2500000000
65270  -25.494  -16.367  92.199 0.1250000000
65272  -27.172  -16.580  91.561 0.2500000000
65274  -27.590  -16.509  90.714 0.2500000000
61435  -28.154  -20.723  89.008 0.3750000000
60454  -28.601  -21.234  88.747 0.3750000000
67373  -22.929  -14.642  92.395 0.2500000000
66370  -26.150  -15.622  91.392 0.2500000000
66375  -26.631  -15.317  90.529 0.1250000000
66380  -26.905  -15.570  89.777 0.1250000000
67374  -23.368  -13.962  91.638 0.2500000000
156756  -24.062  -14.069  91.281 0.2500000000
67382  -25.259  -14.252  90.619 0.2500000000
67402  -25.711  -14.439  89.575 0.2500000000
162236  -26.506  -15.342  89.390 0.2500000000
68435  -23.694  -12.617  90.531 0.2500000000
68445  -24.425  -12.566  89.915 0.2500000000
67401  -24.837  -14.075  89.578 0.2500000000
67415  -24.670  -14.177  88.740 0.2500000000
68452  -23.841  -12.889  88.992 0.2500000000
68460  -24.183  -12.606  87.996 0.2500000000
68467  -23.910  -12.661  87.087 0.2500000000
141747  -30.572  -23.041  82.932 0.2500000000
63367  -28.532  -18.301  90.445 0.2500000000
62427  -29.145  -19.439  89.985 0.2500000000
61437  -30.014  -20.294  89.559 0.2500000000
60455  -29.460  -21.139  88.930 0.5000000000
66359  -20.716  -15.198  92.918 0.2500000000
67372  -22.038  -14.518  92.514 0.2500000000
65276  -28.505  -16.913  89.473 0.2500000000
64312  -29.437  -17.845  89.344 0.2500000000
67378  -20.841  -13.681  91.984 0.2500000000
67380  -22.525  -13.702  92.047 0.2500000000
65279  -27.062  -16.286  89.266 0.3750000000
68422  -21.175  -13.193  91.411 0.2500000000
68424  -22.999  -13.285  91.112 0.2500000000
67416  -25.641  -14.359  88.943 0.2500000000
66400  -26.055  -15.291  87.764 0.2500000000
69470  -22.218  -12.486  90.128 0.2500000000
69480  -22.746  -12.278  89.538 0.2500000000
69488  -23.187  -12.202  89.015 0.2500000000
67414  -24.142  -13.723  88.474 0.2500000000
66407  -24.685  -15.102  87.268 0.2500000000
151425  -25.463  -15.379  87.351 0.2500000000
69487  -22.458  -11.789  88.950 0.2500000000
70510  -23.107  -11.542  88.342 0.2500000000
69495  -23.941  -11.833  87.469 0.2500000000
67424  -23.920  -13.806  87.546 0.2500000000
67446  -24.138  -14.512  86.204 0.2500000000
152588  -24.670  -15.771  85.868 0.2500000000
135716  -32.155  -23.552  82.967 0.2500000000
58497  -31.417  -23.265  83.276 0.2500000000
70509  -22.297  -11.565  88.160 0.2500000000
70530  -23.497  -11.228  86.996 0.2500000000
69503  -23.762  -11.904  86.733 0.2500000000
67445  -23.910  -14.024  85.533 0.2500000000
57482  -31.936  -23.488  82.141 0.2500000000
152540  -23.459  -11.638  86.044 0.2500000000
68480  -23.632  -12.713  85.998 0.2500000000
68492  -23.591  -12.974  84.981 0.2500000000
69516  -23.719  -11.671  85.087 0.2500000000
148264  -23.511  -12.230  84.412 0.1250000000
63373  -29.746  -18.564  89.657 0.2500000000
137947  -18.881  -16.911  93.069 0.2500000000
65280  -27.902  -16.454  89.184 0.3750000000
65281  -28.879  -17.309  88.975 0.3750000000
60456  -30.469  -20.863  88.905 0.5000000000
66365  -18.619  -14.597  92.286 0.2500000000
65287  -27.268  -16.473  88.606 0.3750000000
162948  -28.419  -16.821  88.804 0.3750000000
66366  -19.409  -14.025  92.152 0.2500000000
161629  -26.568  -16.115  87.218 0.2500000000
68443  -20.301  -12.427  90.036 0.2500000000
69469  -21.165  -12.209  90.276 0.2500000000
65307  -25.096  -15.662  86.644 0.2500000000
69485  -20.737  -11.714  88.678 0.2500000000
69486  -21.601  -11.574  88.868 0.2500000000
66417  -24.212  -15.068  85.679 0.2500000000
70527  -21.307  -11.476  87.205 0.2500000000
158945  -22.843  -10.846  86.962 0.2500000000
70529  -23.149  -11.102  86.227 0.2500000000
66427  -23.851  -15.060  84.966 0.1250000000
162315  -22.665  -10.877  86.335 0.2500000000
70543  -23.600  -11.072  85.216 0.2500000000
68504  -23.209  -13.237  84.075 0.1250000000
67458  -23.559  -14.156  84.587 0.1250000000
161916  -23.700  -11.156  84.707 0.1250000000
69527  -23.513  -11.333  84.073 0.1250000000
68503  -22.765  -12.964  83.338 0.1250000000
56608  -3.936  -25.654  69.322 0.1250000000
55565  -4.759  -26.773  69.155 0.1250000000
62421  -17.189  -20.111  91.211 0.5000000000
63350  -18.197  -18.902  91.781 0.5000000000
152062  -30.438  -18.491  88.552 0.3750000000
61438  -30.981  -20.126  89.121 0.3750000000
63346  -18.254  -18.017  92.897 0.3750000000
64327  -29.289  -17.379  87.717 0.3750000000
64319  -29.346  -17.611  88.544 0.3750000000
145215  -18.459  -15.766  92.997 0.2500000000
136103  -27.761  -16.738  88.092 0.3750000000
65289  -28.724  -17.075  88.310 0.3750000000
65308  -26.742  -16.508  86.634 0.2500000000
68431  -19.342  -13.056  90.891 0.2500000000
155211  -25.421  -16.192  86.035 0.2500000000
68442  -19.530  -12.845  89.573 0.2500000000
163898  -24.331  -15.586  85.235 0.1250000000
139808  -32.584  -23.758  82.441 0.2500000000
69494  -20.613  -11.827  87.717 0.2500000000
66437  -23.745  -15.081  84.122 0.1250000000
57483  -32.381  -23.740  81.555 0.2500000000
70540  -21.235  -11.422  86.374 0.2500000000
70542  -23.031  -10.855  85.657 0.2500000000
67469  -23.333  -14.387  83.727 0.1250000000
70541  -22.119  -10.961  85.976 0.2500000000
70552  -23.335  -10.749  84.879 0.1250000000
146066  -23.360  -12.184  83.688 0.1250000000
69538  -23.782  -11.249  83.192 0.1250000000
56607  -3.826  -25.290  69.606 0.2500000000
56623  -3.721  -24.859  69.022 0.1250000000
55581  -4.410  -26.001  68.994 0.1250000000
56625  -4.817  -25.436  68.665 0.1250000000
62418  -16.696  -19.845  92.048 0.3750000000
63384  -30.440  -18.431  87.709 0.3750000000
62454  -31.378  -19.436  88.577 0.5000000000
61450  -31.819  -20.187  88.603 0.6250000000
63345  -17.090  -18.674  92.614 0.3750000000
64320  -29.852  -18.011  88.080 0.3750000000
156964  -17.502  -15.927  92.959 0.2500000000
65300  -29.025  -17.171  87.307 0.3750000000
67375  -18.025  -14.538  91.279 0.2500000000
65309  -27.459  -17.088  86.958 0.2500000000
68450  -18.858  -13.394  89.143 0.2500000000
160658  -26.149  -16.423  86.154 0.2500000000
57472  -33.848  -24.108  83.877 0.3750000000
68451  -19.344  -12.832  88.750 0.2500000000
65320  -26.000  -16.247  85.319 0.2500000000
56419  -32.657  -23.815  80.912 0.2500000000
56399  -33.372  -24.044  83.287 0.2500000000
69515  -20.377  -12.005  85.942 0.1250000000
69493  -19.853  -12.439  87.283 0.2500000000
66451  -23.640  -15.276  83.250 0.1250000000
65331  -25.056  -15.979  84.072 0.1250000000
135416  -21.258  -11.646  85.451 0.1250000000
147045  -21.129  -11.763  84.516 0.1250000000
71508  -23.168  -10.544  84.049 0.1250000000
70553  -23.487  -10.874  84.159 0.1250000000
70564  -23.927  -10.574  83.260 0.1250000000
69537  -23.255  -12.160  83.023 0.1250000000
67468  -22.893  -13.765  83.368 0.1250000000
71517  -23.732  -10.013  83.271 0.1250000000
71509  -23.798  -10.343  83.366 0.1250000000
138267  -22.586  -12.630  82.296 0.1250000000
68518  -22.637  -13.685  82.602 0.1250000000
71518  -24.216  -10.035  83.041 0.1250000000
70576  -24.066  -10.502  82.921 0.1250000000
70588  -23.390  -10.784  82.239 0.1250000000
71530  -23.869  -10.170  82.712 0.1250000000
164705  -22.908  -11.092  81.459 0.1250000000
69568  -22.462  -12.022  80.887 0.1250000000
58661  -3.952  -23.281  70.504 0.3750000000
154670  -4.199  -22.762  69.945 0.2500000000
147259  -4.025  -23.768  69.680 0.2500000000
154518  -3.765  -23.529  69.102 0.1250000000
162029  -3.651  -24.204  69.099 0.1250000000
62471  -31.753  -19.151  88.109 0.3750000000
62455  -32.365  -19.618  88.142 0.5000000000
61451  -32.640  -20.361  88.259 0.6250000000
61410  -16.101  -20.378  91.362 0.3750000000
141394  -16.119  -17.934  92.762 0.3750000000
63394  -30.620  -18.174  86.900 0.3750000000
66372  -16.931  -15.849  90.580 0.2500000000
66363  -16.827  -15.983  91.462 0.2500000000
64336  -30.154  -17.619  86.826 0.3750000000
67399  -17.996  -14.919  89.221 0.2500000000
67388  -17.956  -14.625  90.182 0.2500000000
65310  -28.434  -17.276  86.811 0.3750000000
68458  -18.910  -13.676  88.204 0.2500000000
65322  -27.572  -16.564  85.951 0.2500000000
57465  -34.842  -23.702  84.205 0.3750000000
69500  -18.932  -12.806  85.810 0.1250000000
68466  -18.987  -12.998  86.726 0.1250000000
68459  -19.364  -13.076  87.748 0.2500000000
65333  -26.438  -16.665  84.896 0.2500000000
56421  -33.659  -23.737  81.630 0.2500000000
56401  -34.391  -23.451  82.897 0.5000000000
60530  -36.871  -21.492  81.950 0.5000000000
69514  -19.516  -12.516  85.448 0.1250000000
69501  -19.678  -12.448  86.349 0.1250000000
60538  -37.046  -20.747  81.730 0.6250000000
157348  -20.337  -12.354  84.945 0.1250000000
66452  -24.098  -15.944  82.805 0.1250000000
65340  -24.763  -16.354  83.219 0.1250000000
158777  -35.594  -22.578  79.390 0.5000000000
59572  -36.498  -21.890  80.367 0.5000000000
61524  -36.856  -19.880  81.722 0.6250000000
139503  -36.646  -19.010  81.894 0.6250000000
70562  -20.706  -11.493  83.603 0.1250000000
70563  -22.021  -10.929  83.987 0.1250000000
71516  -22.796  -10.264  83.539 0.1250000000
59581  -36.005  -21.663  79.359 0.5000000000
139764  -36.503  -19.585  81.146 0.6250000000
67482  -23.195  -14.599  82.815 0.1250000000
60549  -36.588  -20.686  80.335 0.6250000000
62551  -36.267  -19.723  80.307 0.6250000000
71529  -23.613  -9.875  82.656 0.1250000000
137449  -22.455  -12.879  81.191 0.1250000000
61546  -36.234  -20.251  79.927 0.6250000000
71544  -23.203  -10.394  81.706 0.1250000000
61557  -36.109  -20.517  79.003 0.6250000000
61558  -37.077  -20.654  78.060 0.6250000000
70595  -22.604  -11.076  80.953 0.1250000000
139209  -22.046  -11.713  80.259 0.1250000000
160505  -4.093  -22.016  69.851 0.1250000000
62456  -32.966  -19.998  87.881 0.5000000000
62416  -15.292  -19.458  91.729 0.3750000000
143112  -15.464  -18.989  91.798 0.3750000000
62473  -33.456  -20.210  87.315 0.5000000000
64291  -15.777  -17.852  91.206 0.3750000000
63395  -31.039  -19.043  87.403 0.3750000000
159310  -16.950  -16.381  88.897 0.3750000000
66378  -16.928  -16.120  89.681 0.3750000000
65273  -16.470  -16.586  91.120 0.2500000000
58475  -35.842  -22.479  85.003 0.6250000000
162017  -17.396  -15.589  88.085 0.3750000000
67412  -17.781  -14.988  88.150 0.2500000000
158093  -29.011  -18.124  85.949 0.3750000000
58498  -35.718  -22.712  83.719 0.5000000000
58499  -36.019  -22.431  83.407 0.5000000000
67422  -17.590  -14.648  87.216 0.2500000000
140079  -18.659  -13.659  87.323 0.2500000000
155695  -28.545  -17.561  86.089 0.3750000000
57473  -34.877  -23.355  83.506 0.5000000000
148105  -34.992  -22.792  82.936 0.5000000000
58509  -36.065  -22.470  82.556 0.3750000000
60522  -36.685  -21.542  82.845 0.5000000000
146860  -18.560  -13.299  85.969 0.1250000000
64345  -27.158  -17.117  85.243 0.1250000000
65342  -26.209  -17.028  84.069 0.1250000000
162518  -20.235  -12.279  84.189 0.1250000000
65332  -25.699  -16.451  84.509 0.1250000000
63452  -36.488  -18.502  81.664 0.5000000000
63462  -36.059  -19.225  79.743 0.6250000000
63455  -36.358  -19.022  80.896 0.6250000000
153478  -22.184  -13.117  80.566 0.1250000000
68537  -22.247  -13.996  80.624 0.1250000000
60580  -36.475  -20.919  77.640 0.1250000000
71558  -22.366  -10.441  79.656 0.1250000000
138164  -22.269  -10.985  80.245 0.1250000000
69572  -21.618  -12.210  79.506 0.1250000000
70600  -21.941  -11.306  79.569 0.1250000000
70606  -21.601  -11.744  78.826 0.1250000000
61585  -35.967  -20.397  77.539 0.1250000000
62472  -32.806  -19.918  87.303 0.3750000000
61406  -15.052  -20.646  91.950 0.3750000000
62486  -32.628  -19.470  86.208 0.3750000000
137520  -31.826  -19.649  87.222 0.3750000000
63347  -14.985  -18.864  91.197 0.3750000000
62502  -32.155  -18.954  85.651 0.3750000000
63406  -31.478  -18.809  86.426 0.3750000000
65286  -16.464  -16.787  88.522 0.3750000000
64311  -16.168  -17.320  89.971 0.3750000000
63416  -31.399  -18.698  85.537 0.2500000000
63405  -30.723  -18.246  86.258 0.3750000000
66398  -16.456  -15.785  87.298 0.3750000000
63415  -30.423  -18.560  85.209 0.2500000000
64347  -28.851  -17.549  85.187 0.3750000000
58484  -35.916  -22.487  84.658 0.6250000000
59523  -36.378  -22.081  84.464 0.6250000000
66406  -17.085  -14.940  86.674 0.2500000000
162253  -37.014  -20.940  84.533 0.5000000000
59541  -36.665  -21.711  83.528 0.6250000000
59540  -36.320  -22.056  83.093 0.5000000000
68478  -18.056  -13.756  85.720 0.1250000000
60516  -37.320  -20.501  84.281 0.6250000000
60523  -37.152  -21.067  83.579 0.6250000000
69526  -18.447  -12.350  84.448 0.1250000000
68479  -18.288  -13.042  85.394 0.1250000000
62542  -37.109  -19.697  82.619 0.6250000000
69536  -18.835  -12.015  84.021 0.1250000000
70550  -19.240  -12.286  84.566 0.1250000000
63449  -36.956  -18.397  82.667 0.5000000000
63451  -36.274  -18.340  81.138 0.5000000000
68543  -21.640  -13.189  79.224 0.1250000000
67512  -21.858  -13.921  79.815 0.1250000000
151807  -35.935  -19.574  78.847 0.6250000000
69579  -21.479  -12.604  78.690 0.1250000000
62566  -35.482  -20.017  78.050 0.5000000000
64404  -35.330  -17.787  79.325 0.6250000000
159524  -36.066  -19.049  77.076 0.1250000000
64414  -35.330  -18.405  78.506 0.2500000000
63488  -35.937  -19.353  76.796 0.1250000000
62487  -33.525  -19.967  86.543 0.3750000000
63356  -14.889  -18.841  90.295 0.3750000000
62415  -14.733  -19.440  91.362 0.3750000000
64325  -15.110  -17.513  87.351 0.2500000000
159118  -15.332  -18.314  89.790 0.3750000000
137304  -31.147  -18.723  84.677 0.2500000000
157298  -15.578  -16.647  86.651 0.2500000000
65296  -16.251  -16.528  87.638 0.2500000000
155574  -16.321  -15.233  85.423 0.2500000000
66405  -16.565  -15.431  86.664 0.2500000000
59524  -36.721  -21.391  84.937 0.6250000000
67444  -17.321  -14.158  85.451 0.1250000000
61494  -37.274  -20.009  85.026 0.3750000000
68491  -18.013  -12.756  84.823 0.1250000000
65393  -35.558  -17.092  79.909 0.6250000000
64413  -34.875  -17.736  78.683 0.5000000000
161654  -35.935  -18.781  77.034 0.2500000000
64425  -34.889  -18.153  77.790 0.5000000000
63487  -35.753  -18.896  76.817 0.1250000000
62463  -14.100  -18.992  87.892 0.3750000000
62431  -14.368  -19.262  89.808 0.3750000000
62414  -14.229  -19.738  91.036 0.5000000000
62503  -32.848  -19.309  85.098 0.2500000000
138325  -34.265  -19.887  86.195 0.2500000000
63379  -14.617  -18.601  88.449 0.2500000000
142963  -33.785  -19.597  85.581 0.2500000000
66490  -34.991  -15.719  79.759 0.5000000000
65392  -34.961  -16.848  79.363 0.5000000000
66527  -33.914  -16.378  78.179 0.3750000000
65406  -34.343  -17.212  78.510 0.3750000000
65417  -33.798  -17.162  77.459 0.2500000000
65418  -34.284  -17.594  77.648 0.3750000000
64434  -34.958  -18.660  76.500 0.2500000000
62430  -14.031  -19.745  90.202 0.5000000000
62519  -33.612  -19.111  84.805 0.2500000000
63428  -32.615  -18.718  84.488 0.2500000000
68576  -33.432  -14.096  78.055 0.3750000000
66509  -33.921  -15.303  78.806 0.3750000000
66510  -34.272  -16.083  79.133 0.3750000000
67544  -33.623  -15.127  77.967 0.3750000000
67557  -32.817  -14.498  77.031 0.3750000000
66525  -33.146  -15.344  77.203 0.3750000000
66537  -33.228  -16.272  76.612 0.2500000000
65427  -33.581  -17.177  76.786 0.2500000000
63430  -34.358  -18.663  84.831 0.1250000000
152318  -35.094  -15.078  85.642 0.2500000000
63439  -32.175  -18.095  84.012 0.2500000000
66502  -6.757  -15.678  78.491 0.2500000000
67568  -32.493  -14.533  76.221 0.3750000000
68575  -32.981  -13.809  77.517 0.3750000000
68593  -32.570  -13.700  76.871 0.3750000000
64361  -34.292  -17.883  84.496 0.1250000000
63429  -33.538  -18.371  84.380 0.2500000000
145709  -34.023  -17.106  84.317 0.1250000000
63440  -32.815  -17.912  83.975 0.2500000000
64373  -33.461  -17.547  84.028 0.2500000000
65343  -33.642  -17.086  83.521 0.2500000000
67501  -6.422  -15.381  80.786 0.3750000000
66485  -6.866  -15.335  79.186 0.2500000000
67511  -8.362  -14.543  79.347 0.2500000000
67523  -8.394  -14.547  78.449 0.2500000000
67524  -9.057  -14.052  78.204 0.2500000000
68592  -32.446  -12.946  76.474 0.3750000000
136108  -33.778  -16.338  84.162 0.2500000000
66429  -33.854  -15.583  84.891 0.2500000000
142712  -32.295  -12.109  76.210 0.3750000000
69610  -32.172  -12.454  75.749 0.3750000000
70630  -31.696  -11.666  75.590 0.5000000000
70643  -7.578  -11.060  73.638 0.1250000000
71594  -6.413  -10.772  73.535 0.1250000000
74675  -38.748  -8.117  77.870 0.5000000000
73642  -38.226  -8.152  76.440 0.5000000000
152550  -39.491  -7.778  78.095 0.5000000000
162068  -38.752  -8.303  76.815 0.5000000000
74693  -39.079  -8.320  77.392 0.5000000000
74708  -39.504  -7.906  76.033 0.5000000000
72656  -39.288  -9.476  67.807 0.5000000000
71650  -40.097  -9.615  67.915 0.5000000000
71662  -40.611  -10.091  67.704 0.5000000000
71663  -41.309  -10.191  67.764 0.5000000000
72679  -42.605  -9.380  66.539 0.5000000000
136707  -42.196  -9.764  67.043 0.3750000000
72680  -42.985  -9.018  66.094 0.5000000000
74795  -44.570  -7.915  66.456 0.6250000000
74803  -44.805  -7.259  65.877 0.6250000000
75796  -45.192  -6.461  65.395 0.5000000000
77789  -45.367  -4.589  62.160 0.5000000000
75665  -41.364  -7.225  79.602 0.3750000000
138398  -40.036  -7.920  76.773 0.5000000000
73652  -38.889  -7.778  75.277 0.5000000000
73664  -38.675  -7.955  74.588 0.5000000000
71674  -42.756  -9.565  67.284 0.5000000000
72669  -43.659  -9.010  67.253 0.6250000000
73802  -44.112  -8.459  66.618 0.6250000000
77774  -46.649  -4.886  63.967 0.5000000000
78721  -48.450  -3.230  64.432 0.3750000000
78727  -47.612  -3.643  63.515 0.5000000000
79759  -48.926  -2.698  64.098 0.2500000000
78736  -47.941  -2.994  63.173 0.6250000000
79769  -48.821  -1.979  63.116 0.5000000000
159533  -48.161  -2.231  62.636 0.3750000000
80738  -48.586  -1.382  62.543 0.3750000000
81688  -47.337  -1.053  61.563 0.3750000000
81676  -48.646  -0.573  62.291 0.3750000000
74709  -40.430  -8.122  76.051 0.5000000000
154766  -40.101  -7.363  75.119 0.5000000000
73684  -39.819  -8.262  73.598 0.3750000000
73685  -40.769  -8.307  73.336 0.5000000000
73722  -40.175  -8.021  71.965 0.6250000000
71652  -41.706  -10.000  68.252 0.5000000000
71664  -42.166  -9.949  67.813 0.5000000000
73790  -44.128  -8.641  67.421 0.6250000000
138841  -49.342  -1.914  65.012 0.2500000000
79760  -49.234  -2.135  63.732 0.2500000000
81672  -50.000  -0.849  63.553 0.2500000000
81691  -48.863  0.201  62.108 0.2500000000
138306  -49.507  0.354  62.479 0.3750000000
81690  -48.188  -0.031  61.616 0.5000000000
139853  -40.785  -8.342  72.342 0.3750000000
79752  -49.373  -2.110  64.372 0.2500000000
138872  -50.021  -1.176  65.261 0.2500000000
142064  -50.604  -0.263  63.920 0.2500000000
81669  -50.530  -0.116  64.907 0.2500000000
82644  -51.105  0.582  65.046 0.2500000000
81678  -50.123  0.164  63.081 0.2500000000
82646  -50.692  0.664  63.641 0.1250000000
82647  -51.275  1.210  64.198 0.2500000000
84515  -51.850  2.063  64.556 0.2500000000
82649  -49.853  0.867  62.531 0.3750000000
83576  -50.355  1.146  62.947 0.2500000000
83570  -50.814  1.489  63.458 0.2500000000
82656  -49.291  1.025  61.900 0.2500000000
83575  -49.869  1.611  62.340 0.3750000000
84540  -50.813  2.927  62.976 0.2500000000
84528  -52.090  2.874  64.180 0.2500000000
83585  -49.424  1.900  61.618 0.2500000000
83586  -50.024  2.281  62.021 0.2500000000
84539  -50.463  2.664  62.330 0.3750000000
84556  -49.682  2.497  61.269 0.2500000000
85508  -51.627  3.231  63.467 0.2500000000
85523  -50.755  3.183  62.141 0.3750000000
85524  -51.278  3.605  62.729 0.2500000000
84567  -49.889  3.064  60.887 0.3750000000
85540  -50.497  3.480  61.337 0.3750000000
84566  -49.357  2.700  60.469 0.2500000000
85551  -50.211  3.773  60.430 0.3750000000
85509  -52.482  3.674  63.932 0.3750000000
86508  -52.811  4.575  63.703 0.3750000000
86526  -51.725  4.331  62.454 0.2500000000
86527  -52.394  4.840  62.978 0.3750000000
85541  -51.154  3.839  61.831 0.3750000000
84571  -49.963  2.931  59.075 0.2500000000
87491  -52.897  5.276  62.575 0.3750000000
87493  -54.370  5.886  62.962 0.3750000000
86544  -51.717  4.470  61.466 0.3750000000
86545  -52.368  4.854  62.059 0.3750000000
87520  -53.340  5.151  60.644 0.5000000000
87509  -54.076  5.385  61.175 0.5000000000
86554  -50.803  4.387  59.800 0.3750000000
147781  -52.696  4.981  60.180 0.3750000000
85560  -51.058  4.072  58.555 0.3750000000
86572  -51.969  4.541  58.238 0.2500000000
87522  -54.985  5.752  60.373 0.5000000000
87512  -56.350  5.895  60.965 0.2500000000
87521  -54.111  5.512  59.964 0.5000000000
87524  -56.563  5.340  60.398 0.3750000000
86573  -52.865  4.398  58.376 0.3750000000
84577  -53.484  2.875  56.825 0.5000000000
85563  -54.547  3.539  57.662 0.5000000000
85564  -55.032  4.037  58.147 0.5000000000
84583  -53.650  2.515  56.417 0.3750000000
152644  -54.875  3.231  57.081 0.5000000000
86580  -55.558  4.016  57.522 0.5000000000
87560  -56.452  4.949  56.736 0.5000000000
149039  -54.143  2.647  56.226 0.3750000000
84598  -54.195  2.809  54.938 0.3750000000
86591  -55.763  4.673  56.384 0.3750000000
87566  -55.438  5.210  55.514 0.3750000000
85589  -53.756  4.012  53.831 0.3750000000
146969  -53.181  3.992  53.203 0.3750000000
86599  -53.756  4.855  53.771 0.3750000000
86594  -54.763  4.558  55.335 0.5000000000
87569  -54.887  5.522  55.144 0.5000000000
144048  -56.046  6.113  55.449 0.3750000000
151536  -54.350  5.321  54.857 0.6250000000
143198  -54.808  6.133  54.765 0.6250000000
88498  -55.470  6.347  54.915 0.3750000000
158235  -52.900  5.278  52.841 0.2500000000
145667  -53.865  6.139  53.652 0.3750000000
88508  -53.404  6.447  53.140 0.3750000000
151316  -51.958  6.231  52.178 0.1250000000
89345  -52.690  7.301  52.348 0.3750000000
88519  -53.572  7.309  52.689 0.3750000000
90207  -53.793  8.365  51.194 0.2500000000
91212  -54.906  9.279  48.188 0.1250000000
157224  -55.544  9.324  47.808 0.1250000000
144955  -57.504  8.478  47.594 0.1250000000
90241  -58.350  8.842  47.781 0.2500000000
137834  -57.142  8.127  46.889 0.1250000000
90253  -57.557  8.625  46.100 0.1250000000
87574  -54.041  5.446  54.041 0.5000000000
88502  -54.468  6.331  54.133 0.3750000000
89346  -54.539  7.551  52.846 0.3750000000
159937  -54.215  7.800  52.310 0.3750000000
136095  -54.766  8.160  50.891 0.3750000000
90222  -56.136  8.193  49.983 0.3750000000
90214  -54.082  8.663  50.406 0.2500000000
91204  -55.859  9.125  49.454 0.1250000000
90231  -57.252  8.320  49.004 0.2500000000
90232  -57.764  8.491  48.421 0.2500000000
91205  -56.534  8.981  49.303 0.1250000000
90240  -56.927  8.371  47.568 0.1250000000
91220  -60.216  9.401  47.967 0.2500000000
90254  -59.010  8.741  46.463 0.2500000000
90223  -57.517  8.536  49.653 0.2500000000
90233  -58.626  8.922  48.599 0.2500000000
149198  -60.427  9.423  48.910 0.2500000000
67530  -34.360  -15.096  79.563 0.3750000000
151463  -33.713  -14.607  78.709 0.3750000000
67500  -5.320  -15.347  80.732 0.3750000000
66472  -6.596  -15.260  79.844 0.2500000000
75664  -39.963  -7.075  79.050 0.5000000000
74660  -39.079  -7.633  78.500 0.5000000000
74661  -40.483  -7.422  78.426 0.5000000000
59713  -3.944  -22.731  69.157 0.2500000000
83552  -51.767  1.326  65.140 0.2500000000
60509  -37.349  -20.603  85.337 0.5000000000
58490  -35.590  -22.896  84.255 0.6250000000
60531  -37.102  -20.948  82.564 0.6250000000
61418  -17.545  -20.395  90.507 0.5000000000
57662  -3.799  -24.548  69.485 0.1250000000
142144  -15.660  -20.836  91.439 0.3750000000
161569  -33.224  -14.477  77.591 0.3750000000
69598  -32.294  -12.663  77.079 0.5000000000
73651  -38.731  -7.921  76.181 0.5000000000
135667  -40.035  -8.130  71.195 0.6250000000
73705  -39.440  -8.072  73.178 0.5000000000
146956  -39.430  -7.873  74.349 0.5000000000
136999  -40.023  -8.338  72.805 0.3750000000
85562  -53.972  3.652  58.110 0.3750000000
85570  -55.138  3.811  57.547 0.5000000000
86585  -56.043  4.304  57.190 0.5000000000
79779  -47.184  -1.890  62.087 0.3750000000
86556  -52.549  4.818  61.069 0.3750000000
86566  -52.497  4.833  59.229 0.5000000000
150820  -55.447  5.400  59.789 0.5000000000
87525  -57.132  5.082  60.107 0.2500000000
56409  -33.510  -23.924  82.501 0.2500000000
61417  -13.695  -20.231  90.611 0.5000000000
163073  -14.556  -19.913  91.522 0.5000000000
78728  -48.302  -3.210  63.807 0.5000000000
88493  -56.542  6.087  56.236 0.3750000000
64300  -27.444  -17.395  91.472 0.2500000000
66368  -24.663  -15.318  92.378 0.2500000000
66369  -25.475  -15.092  91.677 0.2500000000
67381  -24.553  -13.661  90.709 0.2500000000
63368  -29.246  -18.453  90.080 0.2500000000
62439  -29.894  -19.344  89.727 0.2500000000
64308  -28.347  -17.361  90.278 0.2500000000
157133  -21.741  -16.237  92.168 0.2500000000
66361  -22.405  -15.792  92.407 0.2500000000
66376  -27.233  -15.831  90.658 0.2500000000
65275  -28.115  -16.510  90.058 0.3750000000
66381  -27.678  -15.930  89.968 0.2500000000
68425  -23.857  -13.379  90.857 0.2500000000
66374  -26.006  -14.828  90.637 0.1250000000
67391  -26.351  -14.841  89.845 0.1250000000
65278  -26.605  -15.892  88.885 0.2500000000
68436  -24.378  -12.755  90.311 0.2500000000
67390  -24.654  -13.533  90.149 0.2500000000
153088  -25.039  -14.381  89.997 0.2500000000
155915  -26.025  -14.885  88.407 0.2500000000
164684  -25.669  -14.520  90.075 0.1250000000
66390  -26.460  -15.410  88.219 0.2500000000
69472  -24.192  -12.214  90.126 0.2500000000
68434  -22.701  -12.727  90.681 0.2500000000
68453  -24.420  -13.465  89.328 0.2500000000
66389  -25.141  -14.902  88.105 0.2500000000
67425  -24.277  -14.544  87.928 0.2500000000
143438  -23.831  -11.947  88.267 0.2500000000
67432  -23.875  -13.767  86.553 0.2500000000
64309  -28.973  -17.590  89.833 0.2500000000
62440  -30.693  -19.405  89.315 0.3750000000
63374  -30.372  -18.663  89.258 0.2500000000
67371  -21.180  -14.390  92.550 0.2500000000
67370  -20.281  -14.236  92.317 0.2500000000
67379  -21.654  -13.637  92.142 0.2500000000
67377  -19.989  -13.150  91.570 0.2500000000
68423  -22.123  -13.146  91.416 0.2500000000
66391  -27.050  -16.028  88.026 0.2500000000
68433  -21.687  -12.739  90.791 0.2500000000
153659  -26.568  -15.752  87.647 0.2500000000
69479  -21.825  -12.022  89.557 0.2500000000
67433  -24.110  -14.580  87.017 0.2500000000
138041  -24.461  -15.169  86.445 0.2500000000
70517  -23.002  -11.062  87.683 0.2500000000
70516  -22.143  -11.338  87.472 0.2500000000
64313  -29.946  -18.111  88.955 0.3750000000
65259  -19.437  -16.155  93.146 0.2500000000
65258  -17.783  -16.728  93.188 0.2500000000
65288  -28.113  -16.713  88.397 0.3750000000
67376  -18.890  -13.654  91.537 0.2500000000
66358  -19.600  -15.099  92.880 0.2500000000
161141  -20.596  -12.481  90.506 0.2500000000
68432  -20.085  -12.669  90.753 0.2500000000
65297  -26.906  -16.498  87.429 0.2500000000
66408  -26.105  -15.828  86.892 0.2500000000
140734  -19.707  -12.883  90.239 0.2500000000
69477  -20.077  -12.227  89.189 0.2500000000
69478  -20.914  -11.782  89.535 0.2500000000
70508  -21.466  -11.600  87.993 0.2500000000
69484  -20.004  -12.368  88.210 0.2500000000
70528  -22.034  -11.041  86.744 0.2500000000
69502  -20.500  -11.915  86.825 0.2500000000
66428  -24.314  -15.584  84.503 0.1250000000
61411  -16.880  -20.697  90.968 0.5000000000
62419  -17.530  -19.578  91.704 0.5000000000
62422  -17.877  -19.676  90.586 0.5000000000
162711  -30.851  -18.883  88.827 0.3750000000
64289  -17.031  -17.494  93.032 0.3750000000
139695  -29.739  -17.285  87.138 0.3750000000
66357  -17.754  -15.249  92.284 0.2500000000
65299  -28.075  -17.169  87.527 0.3750000000
65321  -26.709  -16.529  85.705 0.2500000000
68441  -19.194  -13.468  89.981 0.2500000000
67389  -18.606  -13.813  90.605 0.2500000000
65319  -24.954  -16.144  85.121 0.1250000000
70551  -22.383  -11.100  84.948 0.1250000000
145875  -16.631  -19.300  92.393 0.3750000000
63344  -16.082  -18.715  92.636 0.3750000000
146715  -16.555  -20.230  91.577 0.3750000000
64288  -16.417  -17.115  92.659 0.3750000000
64328  -30.088  -17.594  87.283 0.3750000000
65264  -17.060  -15.842  92.283 0.2500000000
65256  -16.570  -16.500  92.083 0.2500000000
64335  -29.356  -17.514  86.748 0.3750000000
66373  -17.489  -15.138  90.620 0.2500000000
67400  -18.528  -14.095  89.623 0.2500000000
66438  -24.258  -15.687  83.664 0.1250000000
69551  -23.472  -11.404  82.696 0.1250000000
69562  -22.686  -11.712  81.832 0.1250000000
135600  -15.922  -19.822  91.978 0.3750000000
61409  -15.548  -20.107  91.772 0.3750000000
63349  -15.741  -18.350  91.942 0.3750000000
64292  -16.093  -17.361  91.821 0.3750000000
66379  -17.393  -15.361  89.855 0.2500000000
63404  -29.785  -18.164  86.048 0.3750000000
67413  -18.439  -14.248  88.697 0.2500000000
66388  -17.458  -15.736  88.828 0.2500000000
65323  -28.085  -16.794  86.145 0.3750000000
67423  -18.320  -14.312  87.750 0.2500000000
64346  -28.027  -17.187  85.456 0.3750000000
59550  -36.485  -22.097  82.258 0.5000000000
65341  -25.508  -16.713  83.660 0.1250000000
136731  -36.767  -21.256  80.963 0.5000000000
164235  -36.752  -20.508  81.095 0.6250000000
60559  -36.249  -20.808  79.499 0.6250000000
63348  -15.487  -18.388  91.198 0.3750000000
62417  -15.896  -19.270  92.411 0.3750000000
64302  -16.124  -17.297  90.780 0.3750000000
64301  -15.736  -17.945  90.461 0.3750000000
143294  -16.483  -16.760  89.450 0.3750000000
65277  -16.483  -16.642  90.243 0.3750000000
66399  -17.060  -15.306  87.418 0.2500000000
64348  -29.561  -17.976  85.133 0.3750000000
67431  -18.120  -14.187  86.994 0.2500000000
67430  -17.748  -14.487  86.272 0.1250000000
68465  -18.386  -13.779  86.464 0.2500000000
69513  -18.692  -12.594  85.076 0.1250000000
70561  -19.542  -11.946  83.740 0.1250000000
71515  -21.721  -10.641  83.131 0.1250000000
63468  -35.586  -19.207  78.402 0.5000000000
61408  -15.018  -19.934  91.782 0.3750000000
64318  -15.917  -17.214  89.166 0.3750000000
64326  -15.843  -17.386  88.070 0.3750000000
64310  -15.708  -17.689  89.721 0.3750000000
151058  -16.805  -14.937  85.931 0.1250000000
161868  -35.968  -19.122  79.059 0.6250000000
159245  -15.018  -18.279  88.982 0.3750000000
62420  -14.523  -19.277  90.697 0.3750000000
62518  -31.966  -19.016  84.808 0.2500000000
65295  -15.490  -16.757  87.170 0.2500000000
63380  -15.222  -18.070  88.153 0.2500000000
64317  -15.408  -17.741  88.988 0.3750000000
65306  -15.993  -16.073  86.806 0.2500000000
145367  -16.430  -15.758  86.013 0.2500000000
156624  -17.584  -13.119  84.536 0.1250000000
62448  -14.160  -19.137  88.875 0.5000000000
63391  -14.553  -18.250  87.439 0.3750000000
62462  -13.648  -19.562  88.342 0.3750000000
66526  -33.492  -16.292  77.398 0.3750000000
66536  -32.831  -15.421  76.474 0.2500000000
67522  -7.583  -15.033  78.817 0.2500000000
67502  -7.474  -15.102  80.602 0.2500000000
74694  -39.277  -8.240  76.811 0.5000000000
74676  -39.765  -7.870  77.499 0.5000000000
79768  -48.594  -2.559  63.451 0.6250000000
162323  -49.050  -1.017  62.629 0.3750000000
80726  -50.183  -0.951  64.555 0.2500000000
82643  -50.890  0.353  64.300 0.2500000000
84526  -50.454  2.117  62.863 0.3750000000
84527  -51.354  2.235  63.596 0.2500000000
84557  -50.281  2.796  61.634 0.3750000000
85525  -51.904  4.140  63.311 0.3750000000
86528  -53.164  5.301  63.338 0.3750000000
87492  -53.724  5.570  62.516 0.3750000000
87510  -54.727  5.617  61.801 0.3750000000
87508  -53.143  5.228  61.692 0.3750000000
87511  -55.592  5.752  61.301 0.3750000000
85566  -50.850  3.494  57.650 0.2500000000
86579  -52.512  4.055  57.586 0.3750000000
85572  -54.641  3.085  56.535 0.5000000000
86584  -55.514  3.953  56.743 0.5000000000
85580  -54.960  3.574  56.264 0.5000000000
85579  -54.436  3.122  55.764 0.3750000000
85582  -54.491  3.679  55.217 0.5000000000
85583  -54.798  3.774  55.652 0.6250000000
86593  -54.314  4.384  54.985 0.5000000000
84614  -53.372  3.034  53.573 0.3750000000
86607  -53.282  4.719  53.269 0.3750000000
87573  -53.431  5.554  53.358 0.5000000000
87581  -52.428  5.602  52.389 0.2500000000
87582  -52.902  5.984  52.707 0.3750000000
88509  -54.113  6.865  53.386 0.3750000000
89349  -52.627  7.581  51.664 0.2500000000
89356  -53.158  8.083  51.269 0.3750000000
158618  -54.417  8.127  51.711 0.3750000000
91203  -54.914  9.051  49.098 0.1250000000
91219  -56.270  9.005  47.738 0.1250000000
159594  -54.903  9.381  47.372 0.1250000000
91214  -56.760  8.674  48.426 0.1250000000
90239  -56.682  8.593  46.905 0.1250000000
146249  -58.089  8.935  46.789 0.1250000000
90242  -59.267  9.110  47.190 0.2500000000
147669  -59.227  9.242  47.998 0.2500000000
90243  -59.897  9.162  47.907 0.2500000000
90252  -56.679  8.684  46.125 0.1250000000
140529  -57.990  8.734  45.424 0.1250000000
137319  -58.482  8.582  45.977 0.1250000000
141196  -55.120  8.541  50.099 0.1250000000
90221  -54.323  8.863  49.688 0.2500000000
139962  -56.841  8.187  49.733 0.2500000000
144024  -57.844  8.422  48.986 0.2500000000
92131  -60.350  9.761  48.625 0.2500000000
146840  -17.425  -21.082  90.332 0.3750000000
161831  -17.916  -19.972  90.050 0.3750000000
61430  -18.146  -19.723  89.468 0.3750000000
63370  -19.082  -18.886  89.750 0.3750000000
61446  -19.064  -20.171  88.599 0.2500000000
62433  -18.887  -19.368  89.429 0.3750000000
62464  -19.638  -19.648  88.258 0.2500000000
62449  -19.326  -19.483  89.000 0.2500000000
145910  -35.260  -12.008  86.832 0.1250000000
60460  -9.228  -21.664  88.400 0.2500000000
69507  -35.827  -12.418  86.488 0.1250000000
61415  -7.116  -20.753  89.825 0.2500000000
147547  -36.143  -13.123  86.402 0.1250000000
61425  -7.200  -20.744  89.200 0.2500000000
60459  -8.477  -21.319  88.840 0.2500000000
63358  -18.474  -18.939  90.217 0.3750000000
62434  -19.649  -18.961  89.513 0.2500000000
62450  -20.141  -18.867  88.754 0.2500000000
61428  -13.439  -20.201  89.663 0.2500000000
63381  -20.859  -18.553  88.161 0.2500000000
61427  -12.807  -20.636  89.109 0.2500000000
62447  -13.776  -19.649  89.283 0.3750000000
63392  -21.448  -18.700  87.562 0.2500000000
61459  -13.165  -20.087  87.823 0.2500000000
61443  -13.235  -20.109  88.753 0.2500000000
70521  -34.572  -11.187  87.732 0.1250000000
61442  -12.673  -20.652  88.225 0.2500000000
139657  -13.593  -19.448  87.406 0.2500000000
63400  -14.090  -18.785  86.346 0.2500000000
70535  -35.220  -11.261  87.097 0.1250000000
71490  -34.164  -10.647  87.906 0.1250000000
71491  -35.172  -10.296  87.352 0.1250000000
63377  -4.998  -18.489  88.093 0.3750000000
63378  -5.978  -18.714  87.936 0.3750000000
60477  -11.984  -21.260  87.718 0.2500000000
61458  -12.573  -20.683  87.303 0.2500000000
62461  -13.077  -20.026  86.896 0.2500000000
62480  -13.602  -19.375  86.436 0.2500000000
62445  -6.375  -19.525  88.683 0.2500000000
62458  -6.612  -19.176  87.751 0.2500000000
60476  -11.144  -21.790  87.290 0.2500000000
61457  -11.804  -21.284  86.791 0.2500000000
61473  -12.387  -20.650  86.324 0.2500000000
63413  -13.814  -18.975  85.670 0.2500000000
70534  -34.350  -11.984  87.473 0.1250000000
159951  -37.004  -12.198  86.019 0.1250000000
70536  -36.216  -11.403  86.361 0.1250000000
71498  -35.741  -10.667  86.533 0.1250000000
61440  -6.791  -20.241  88.822 0.2500000000
61455  -7.511  -20.191  87.936 0.2500000000
60474  -9.493  -21.459  87.539 0.2500000000
60490  -10.504  -21.667  86.834 0.2500000000
62479  -12.957  -20.010  85.926 0.2500000000
69506  -34.795  -12.846  86.861 0.1250000000
70547  -37.139  -11.310  85.907 0.1250000000
61441  -7.215  -20.405  88.526 0.2500000000
61426  -7.880  -20.769  88.504 0.2500000000
60473  -8.737  -21.034  88.085 0.2500000000
61472  -11.539  -21.206  85.850 0.2500000000
61487  -12.064  -20.407  85.292 0.2500000000
63425  -13.271  -19.150  84.905 0.2500000000
62460  -7.798  -19.941  87.174 0.2500000000
61456  -8.216  -20.529  87.671 0.2500000000
61471  -9.341  -20.952  86.685 0.2500000000
60489  -9.945  -21.430  86.908 0.2500000000
60501  -10.816  -21.395  85.692 0.2500000000
61499  -11.406  -20.480  84.263 0.2500000000
62511  -12.522  -19.513  84.107 0.2500000000
61484  -9.557  -20.784  85.692 0.2500000000
61485  -10.280  -20.932  85.250 0.2500000000
61486  -11.133  -20.873  85.074 0.2500000000
62510  -11.720  -19.925  83.921 0.2500000000
142713  -20.510  -18.621  89.585 0.2500000000
136876  -20.930  -18.441  88.857 0.2500000000
65292  -5.665  -16.618  87.687 0.2500000000
63382  -21.761  -18.575  88.528 0.2500000000
64316  -4.821  -17.116  87.968 0.3750000000
64323  -5.443  -17.495  87.638 0.2500000000
64324  -6.036  -17.484  87.279 0.2500000000
64315  -3.947  -17.541  88.129 0.3750000000
63387  -4.791  -17.926  87.848 0.3750000000
63390  -13.977  -18.761  87.031 0.2500000000
63388  -5.634  -18.101  87.558 0.3750000000
63389  -6.312  -18.408  87.147 0.2500000000
63401  -14.383  -18.219  86.654 0.2500000000
64343  -15.011  -17.798  86.116 0.1250000000
63376  -3.884  -18.407  88.267 0.3750000000
63414  -14.435  -18.462  85.804 0.2500000000
64355  -14.666  -17.858  85.132 0.1250000000
71489  -33.201  -10.942  88.141 0.1250000000
62475  -6.766  -19.009  86.971 0.2500000000
62459  -7.176  -19.538  87.482 0.2500000000
71485  -32.638  -10.282  88.188 0.1250000000
156568  -13.966  -18.511  84.831 0.2500000000
70533  -33.280  -11.993  87.604 0.1250000000
63424  -13.208  -18.779  84.087 0.2500000000
140400  -14.459  -17.939  84.169 0.2500000000
144047  -33.933  -12.620  87.035 0.1250000000
62478  -8.884  -20.219  86.200 0.2500000000
63436  -13.741  -18.265  83.961 0.2500000000
61497  -9.729  -20.322  84.798 0.2500000000
61498  -10.533  -20.487  84.398 0.2500000000
63435  -12.454  -18.908  83.364 0.2500000000
63446  -13.097  -18.291  83.330 0.2500000000
136378  -20.047  -18.861  90.090 0.3750000000
66393  -5.606  -15.593  88.270 0.2500000000
65285  -4.964  -16.283  88.230 0.3750000000
63372  -22.395  -18.405  89.293 0.2500000000
62467  -23.221  -18.853  87.967 0.3750000000
63393  -22.418  -18.954  87.895 0.3750000000
72478  -34.435  -9.628  87.552 0.1250000000
73544  -33.221  -9.143  88.285 0.1250000000
65293  -6.456  -16.650  87.222 0.2500000000
64334  -15.127  -17.135  86.777 0.1250000000
72477  -33.519  -10.119  87.928 0.1250000000
64330  -6.588  -17.534  86.819 0.2500000000
65302  -7.016  -16.747  86.780 0.2500000000
63397  -6.878  -18.325  86.600 0.2500000000
64331  -7.057  -17.549  86.476 0.2500000000
64356  -15.155  -17.235  84.463 0.1250000000
71488  -32.385  -11.001  88.029 0.1250000000
62477  -8.239  -19.663  86.504 0.2500000000
64366  -14.690  -17.281  83.561 0.1250000000
63399  -8.034  -18.929  85.914 0.2500000000
61521  -24.116  -19.829  82.003 0.3750000000
69505  -33.337  -12.327  86.694 0.1250000000
62494  -9.120  -19.890  85.433 0.2500000000
64365  -13.801  -17.659  83.332 0.1250000000
62509  -10.901  -19.837  83.764 0.2500000000
62523  -11.729  -19.428  83.450 0.2500000000
152412  -13.587  -17.303  82.571 0.2500000000
63445  -12.345  -18.374  82.722 0.2500000000
137292  -18.750  -18.690  90.839 0.3750000000
63359  -19.347  -18.612  90.258 0.3750000000
67408  -7.262  -14.255  89.451 0.1250000000
66385  -6.038  -14.694  88.600 0.1250000000
66386  -6.843  -14.340  88.494 0.1250000000
149430  -7.693  -14.259  88.534 0.1250000000
63371  -21.473  -18.354  89.398 0.3750000000
136589  -20.942  -18.401  90.190 0.2500000000
66394  -6.572  -15.124  87.991 0.1250000000
63383  -22.849  -18.739  88.605 0.2500000000
66384  -4.674  -15.545  88.688 0.3750000000
153844  -6.276  -15.906  87.650 0.2500000000
66402  -7.639  -15.290  87.124 0.1250000000
152812  -23.301  -18.663  89.334 0.2500000000
65284  -4.191  -16.452  88.261 0.3750000000
65303  -7.552  -16.064  86.715 0.2500000000
62451  -23.670  -18.710  88.726 0.3750000000
150766  -15.618  -17.147  86.064 0.1250000000
159211  -24.649  -19.365  87.709 0.3750000000
62468  -24.139  -18.817  87.965 0.3750000000
62435  -23.913  -18.784  89.304 0.3750000000
73542  -32.481  -9.071  88.470 0.1250000000
73551  -33.728  -8.891  87.674 0.1250000000
64332  -7.459  -16.995  86.280 0.2500000000
64344  -15.211  -17.353  85.399 0.1250000000
65318  -15.534  -16.657  85.258 0.1250000000
62469  -24.708  -19.409  88.293 0.3750000000
62437  -25.275  -19.308  89.340 0.3750000000
72484  -35.303  -9.406  87.152 0.1250000000
63411  -8.238  -18.146  85.427 0.2500000000
64341  -7.989  -17.241  85.721 0.2500000000
160065  -15.733  -16.283  84.272 0.1250000000
63398  -7.441  -18.054  86.000 0.2500000000
71495  -31.392  -10.096  87.933 0.1250000000
157623  -8.601  -19.538  85.903 0.2500000000
65338  -14.917  -16.716  82.984 0.1250000000
61522  -24.721  -20.193  81.732 0.2500000000
61509  -25.044  -20.568  83.107 0.3750000000
70531  -31.789  -11.211  86.867 0.1250000000
150238  -9.342  -19.354  84.655 0.2500000000
63423  -10.162  -19.000  83.715 0.2500000000
156918  -14.532  -16.608  82.374 0.1250000000
61533  -24.904  -20.038  80.806 0.2500000000
61516  -25.251  -20.575  82.335 0.3750000000
69529  -31.976  -12.922  85.221 0.1250000000
62508  -10.035  -19.783  84.152 0.2500000000
62522  -11.001  -18.964  83.317 0.2500000000
60527  -25.976  -20.822  82.055 0.2500000000
162878  -26.483  -21.072  82.415 0.3750000000
63434  -11.709  -18.788  82.967 0.2500000000
145424  -12.997  -17.771  82.660 0.1250000000
65348  -13.796  -16.719  82.106 0.1250000000
61534  -25.546  -20.367  80.611 0.2500000000
151816  -26.530  -20.934  81.074 0.2500000000
60529  -27.296  -21.374  82.331 0.2500000000
67460  -33.475  -14.727  84.789 0.1250000000
67459  -33.025  -14.020  84.652 0.1250000000
59548  -28.047  -21.719  82.171 0.3750000000
59539  -29.746  -22.236  83.762 0.3750000000
66440  -33.430  -15.476  84.078 0.1250000000
68506  -31.676  -13.388  83.826 0.1250000000
155741  -33.153  -15.336  83.307 0.1250000000
68520  -30.612  -13.204  82.558 0.1250000000
64388  -33.230  -17.735  82.971 0.1250000000
66453  -32.819  -15.751  82.611 0.1250000000
67483  -30.924  -14.170  82.181 0.1250000000
69564  -29.406  -12.515  81.897 0.1250000000
161902  -29.430  -13.895  80.658 0.1250000000
66466  -30.933  -15.606  81.282 0.1250000000
67496  -30.676  -14.618  81.379 0.1250000000
68533  -30.354  -13.647  81.740 0.1250000000
158354  -28.999  -12.888  81.356 0.1250000000
70596  -28.641  -11.663  80.595 0.1250000000
68531  -28.916  -13.418  80.792 0.1250000000
69569  -28.656  -12.593  80.745 0.1250000000
70601  -28.453  -11.392  79.761 0.1250000000
69574  -28.338  -12.624  79.831 0.1250000000
140820  -18.195  -19.214  90.943 0.3750000000
67409  -8.409  -14.395  89.118 0.1250000000
67406  -5.148  -15.061  89.381 0.2500000000
67407  -6.130  -14.278  89.280 0.2500000000
67419  -8.219  -14.283  87.972 0.1250000000
63360  -22.033  -18.040  89.959 0.3750000000
66396  -8.025  -14.742  87.300 0.1250000000
66377  -4.440  -15.155  89.497 0.3750000000
66403  -8.217  -15.394  86.730 0.2500000000
63361  -22.875  -18.398  90.081 0.3750000000
64306  -24.148  -18.248  91.010 0.3750000000
63362  -23.746  -18.707  90.131 0.3750000000
66383  -4.139  -15.561  88.654 0.3750000000
66382  -3.267  -15.107  88.213 0.3750000000
65304  -8.044  -16.349  86.216 0.2500000000
63363  -24.593  -18.686  90.457 0.3750000000
62423  -25.080  -18.918  89.992 0.2500000000
73549  -32.631  -8.431  88.549 0.1250000000
73558  -33.449  -8.065  88.354 0.1250000000
141860  -34.766  -8.990  87.226 0.1250000000
66416  -15.952  -15.874  85.299 0.1250000000
66426  -16.245  -15.376  84.575 0.1250000000
63365  -26.314  -19.032  91.084 0.1250000000
63364  -25.417  -18.764  90.764 0.2500000000
73557  -31.782  -8.228  88.358 0.1250000000
64342  -8.730  -17.363  85.182 0.2500000000
152652  -26.582  -19.599  90.341 0.1250000000
61432  -25.919  -19.836  88.891 0.3750000000
72483  -31.171  -9.136  87.808 0.1250000000
73556  -31.369  -8.117  87.365 0.1250000000
63412  -8.972  -18.310  84.856 0.2500000000
65339  -15.543  -16.255  83.197 0.1250000000
66436  -16.095  -15.567  83.552 0.1250000000
148145  -27.182  -19.231  91.014 0.1250000000
61419  -26.921  -20.032  89.705 0.2500000000
61449  -27.233  -20.288  88.500 0.2500000000
73563  -30.353  -8.462  85.993 0.1250000000
157586  -9.469  -18.573  84.198 0.2500000000
64364  -9.944  -17.351  83.320 0.2500000000
63433  -10.444  -18.224  83.117 0.2500000000
65360  -12.691  -16.351  81.757 0.1250000000
64390  -12.920  -17.036  82.167 0.1250000000
61420  -27.688  -20.285  89.451 0.2500000000
71494  -31.287  -9.915  86.960 0.1250000000
160077  -9.731  -19.216  84.139 0.2500000000
148025  -11.130  -18.441  82.905 0.2500000000
64379  -12.181  -17.676  82.330 0.1250000000
65361  -13.477  -16.105  81.409 0.1250000000
66449  -15.677  -15.588  82.562 0.1250000000
61434  -27.689  -20.538  88.701 0.2500000000
65349  -14.390  -16.144  81.821 0.1250000000
65350  -15.122  -16.240  82.351 0.1250000000
63426  -30.880  -18.313  83.992 0.1250000000
68505  -31.036  -12.896  83.265 0.1250000000
63437  -30.905  -18.058  83.039 0.1250000000
69552  -29.232  -12.374  82.821 0.1250000000
162121  -29.364  -12.283  83.108 0.1250000000
69539  -30.202  -12.111  83.503 0.1250000000
64386  -30.952  -17.571  82.224 0.1250000000
64394  -31.335  -16.956  81.774 0.1250000000
69563  -28.929  -12.405  81.592 0.1250000000
143932  -28.974  -12.141  82.278 0.1250000000
71545  -28.792  -11.110  81.244 0.1250000000
67506  -30.335  -15.150  80.622 0.1250000000
64387  -32.399  -17.547  82.602 0.1250000000
71551  -28.780  -10.854  80.318 0.1250000000
71559  -28.664  -10.588  79.472 0.1250000000
68430  -10.150  -13.350  90.796 0.1250000000
68440  -10.284  -13.493  89.957 0.1250000000
69475  -10.881  -13.146  89.423 0.1250000000
68449  -10.934  -13.299  88.612 0.1250000000
148529  -11.255  -12.812  88.098 0.1250000000
68421  -9.713  -12.989  91.464 0.1250000000
68429  -9.400  -13.706  91.162 0.1250000000
68448  -10.391  -13.715  89.115 0.1250000000
69492  -11.493  -12.759  87.321 0.1250000000
139409  -7.938  -14.376  90.113 0.1250000000
67410  -9.127  -14.368  89.126 0.1250000000
67411  -9.698  -14.092  88.705 0.1250000000
68456  -10.340  -13.714  88.170 0.1250000000
68457  -10.980  -13.310  87.718 0.1250000000
152685  -5.605  -14.844  90.020 0.3750000000
67395  -6.475  -14.593  90.119 0.1250000000
67386  -7.662  -14.270  90.866 0.1250000000
155583  -9.054  -14.292  88.176 0.1250000000
67421  -9.851  -14.224  87.757 0.1250000000
68464  -11.265  -13.439  86.812 0.1250000000
64303  -21.558  -17.891  90.648 0.3750000000
67394  -4.838  -14.962  90.102 0.3750000000
68426  -6.168  -13.818  90.558 0.1250000000
67385  -6.794  -14.314  90.488 0.1250000000
66397  -8.694  -14.670  87.295 0.1250000000
68463  -10.582  -13.906  87.300 0.1250000000
155352  -5.320  -13.800  90.418 0.2500000000
67420  -9.412  -14.662  87.227 0.2500000000
67428  -9.625  -14.935  86.384 0.1250000000
67429  -10.166  -14.536  86.897 0.1250000000
68476  -10.772  -14.041  86.374 0.1250000000
68477  -11.283  -13.444  85.808 0.1250000000
64304  -22.452  -17.919  90.710 0.3750000000
67392  -3.902  -14.825  88.849 0.3750000000
67393  -4.059  -14.747  89.950 0.2500000000
68437  -4.108  -13.704  89.583 0.2500000000
66404  -8.993  -15.201  86.670 0.2500000000
67441  -10.242  -14.562  85.917 0.1250000000
67442  -10.882  -14.140  85.444 0.1250000000
64305  -23.289  -18.137  90.863 0.3750000000
67405  -3.132  -14.286  88.160 0.3750000000
68446  -3.745  -13.957  88.781 0.3750000000
66413  -8.622  -15.807  86.101 0.2500000000
66414  -9.221  -15.476  85.866 0.2500000000
66415  -9.855  -15.186  85.492 0.2500000000
67454  -10.474  -14.802  85.035 0.2500000000
67455  -11.083  -14.397  84.577 0.1250000000
63353  -25.022  -18.303  91.332 0.3750000000
155484  -31.813  -7.215  88.295 0.1250000000
73559  -34.121  -8.234  86.968 0.1250000000
74586  -33.585  -7.297  87.986 0.1250000000
65316  -8.548  -16.534  85.599 0.2500000000
66423  -9.528  -15.887  85.180 0.2500000000
66424  -10.137  -15.681  84.596 0.2500000000
66425  -10.686  -15.061  84.167 0.1250000000
63354  -26.043  -18.354  91.732 0.1250000000
73564  -35.027  -8.836  86.605 0.1250000000
145323  -35.144  -8.161  86.171 0.1250000000
65317  -9.195  -16.629  85.097 0.2500000000
65329  -9.654  -16.539  84.534 0.2500000000
65330  -10.021  -16.530  83.919 0.2500000000
66434  -10.455  -15.829  83.635 0.1250000000
66435  -10.873  -15.158  83.253 0.1250000000
67456  -16.639  -14.679  83.913 0.1250000000
158877  -30.480  -7.325  86.238 0.1250000000
73555  -30.831  -8.042  86.654 0.1250000000
64353  -9.328  -17.477  84.489 0.2500000000
65337  -10.261  -16.610  82.984 0.1250000000
66446  -10.803  -15.950  82.756 0.1250000000
66447  -11.483  -15.356  82.457 0.1250000000
66460  -12.027  -15.962  81.866 0.1250000000
64354  -9.694  -17.177  84.026 0.2500000000
64377  -10.576  -17.423  82.702 0.1250000000
65347  -11.909  -16.803  82.087 0.1250000000
140244  -12.722  -15.658  81.509 0.1250000000
66450  -16.178  -14.840  82.905 0.1250000000
145156  -30.387  -7.968  85.282 0.1250000000
64378  -11.350  -17.500  82.396 0.1250000000
72494  -30.112  -9.750  84.963 0.1250000000
66463  -15.041  -15.543  81.809 0.1250000000
163886  -30.347  -7.618  84.734 0.1250000000
73568  -29.967  -8.355  84.615 0.1250000000
73576  -29.598  -8.574  83.959 0.1250000000
161180  -30.628  -18.485  84.551 0.1250000000
73588  -30.002  -8.852  82.924 0.1250000000
72499  -29.626  -9.497  83.685 0.1250000000
64385  -30.137  -17.682  82.686 0.1250000000
147699  -29.876  -8.113  82.286 0.1250000000
73601  -29.449  -9.027  81.965 0.1250000000
72507  -29.606  -9.729  82.737 0.1250000000
64393  -30.541  -17.003  81.583 0.1250000000
73605  -29.434  -8.903  80.992 0.1250000000
156043  -29.200  -9.912  82.041 0.1250000000
141009  -29.235  -11.243  83.093 0.1250000000
71519  -29.707  -10.870  83.660 0.1250000000
66477  -30.318  -16.019  80.587 0.1250000000
72543  -28.546  -9.347  78.555 0.1250000000
73613  -29.153  -8.880  79.170 0.1250000000
72531  -29.254  -9.553  80.531 0.1250000000
72523  -29.208  -9.708  81.360 0.1250000000
67514  -29.129  -15.111  79.726 0.1250000000
68538  -28.984  -14.156  80.163 0.1250000000
69580  -28.081  -12.058  79.257 0.1250000000
71567  -28.444  -10.244  78.689 0.1250000000
68545  -28.497  -13.424  79.950 0.1250000000
69464  -9.870  -12.377  91.682 0.1250000000
70497  -10.515  -12.466  91.072 0.1250000000
162281  -10.949  -12.420  90.373 0.1250000000
69476  -11.235  -12.381  89.726 0.1250000000
69483  -11.289  -12.651  88.844 0.1250000000
70514  -11.595  -12.120  88.030 0.1250000000
68420  -8.897  -13.185  91.669 0.1250000000
68428  -8.466  -13.932  91.252 0.1250000000
63351  -19.609  -18.240  90.985 0.3750000000
68419  -8.147  -13.190  91.570 0.1250000000
151394  -7.712  -13.717  91.274 0.1250000000
69498  -11.651  -12.608  86.258 0.1250000000
70525  -11.843  -12.004  87.041 0.1250000000
164578  -20.178  -18.561  90.447 0.3750000000
69466  -6.488  -13.095  90.770 0.1250000000
69465  -5.571  -13.086  90.416 0.1250000000
68447  -3.727  -13.069  88.430 0.1250000000
69473  -4.464  -12.832  89.071 0.1250000000
68488  -11.408  -13.698  84.895 0.1250000000
64298  -24.629  -17.731  91.951 0.3750000000
64297  -23.725  -17.687  91.691 0.2500000000
160290  -3.250  -13.602  88.117 0.3750000000
68489  -11.777  -13.296  84.367 0.1250000000
68500  -11.575  -13.973  83.918 0.1250000000
161896  -25.023  -17.134  92.242 0.2500000000
148435  -32.655  -7.581  88.497 0.1250000000
74585  -32.585  -6.700  88.235 0.1250000000
75587  -32.497  -5.853  87.661 0.1250000000
75588  -33.846  -6.400  87.324 0.1250000000
76611  -34.982  -5.672  87.049 0.1250000000
67418  -2.999  -14.134  87.825 0.3750000000
68461  -3.616  -13.741  87.013 0.3750000000
67466  -11.399  -14.530  83.075 0.1250000000
67478  -11.989  -14.638  82.362 0.1250000000
65271  -26.365  -16.568  91.989 0.1250000000
74584  -31.707  -6.348  87.743 0.1250000000
75589  -35.089  -6.539  86.577 0.1250000000
68513  -11.944  -13.938  82.958 0.1250000000
67479  -12.651  -14.750  81.663 0.1250000000
75599  -30.519  -6.083  86.012 0.1250000000
138372  -30.993  -6.426  86.754 0.1250000000
75585  -30.912  -5.520  86.601 0.1250000000
75600  -35.637  -6.077  86.221 0.2500000000
75609  -35.602  -6.331  85.590 0.2500000000
66461  -13.393  -15.217  81.266 0.1250000000
66462  -14.165  -15.439  81.315 0.1250000000
159071  -30.539  -7.027  85.305 0.1250000000
76614  -30.597  -4.941  86.107 0.1250000000
147909  -34.879  -6.476  84.309 0.2500000000
67480  -15.721  -14.760  81.903 0.1250000000
67481  -16.317  -14.140  82.384 0.1250000000
162574  -16.645  -14.241  83.145 0.1250000000
74604  -30.421  -6.881  84.515 0.1250000000
75607  -30.333  -5.873  84.272 0.1250000000
139636  -30.157  -6.895  83.692 0.1250000000
64359  -29.259  -17.823  84.249 0.1250000000
74612  -30.183  -7.839  83.151 0.1250000000
64371  -29.298  -17.668  83.227 0.1250000000
145129  -29.614  -8.127  81.438 0.1250000000
139185  -29.797  -17.093  81.404 0.1250000000
72538  -29.486  -8.862  80.090 0.1250000000
65368  -30.113  -16.628  80.871 0.1250000000
68544  -27.994  -12.994  79.266 0.1250000000
71566  -27.825  -10.731  78.173 0.1250000000
70492  -10.230  -11.833  91.691 0.1250000000
70493  -10.813  -11.559  91.336 0.1250000000
69468  -11.239  -11.834  90.494 0.1250000000
70501  -11.685  -11.543  89.688 0.1250000000
69460  -9.720  -12.054  91.785 0.1250000000
70502  -11.842  -11.044  88.910 0.1250000000
70507  -11.873  -11.461  88.330 0.1250000000
70515  -12.086  -11.418  87.601 0.1250000000
71487  -12.501  -10.723  87.304 0.1250000000
141000  -18.875  -18.393  91.648 0.3750000000
69459  -9.116  -12.035  91.785 0.1250000000
70526  -12.279  -11.326  86.772 0.1250000000
69461  -7.993  -12.631  91.537 0.1250000000
69499  -12.061  -11.844  86.302 0.1250000000
70494  -6.882  -12.378  90.644 0.1250000000
69512  -12.081  -12.057  85.560 0.1250000000
69511  -11.722  -12.826  85.128 0.1250000000
64295  -21.925  -17.463  91.219 0.3750000000
155872  -6.521  -11.929  89.962 0.1250000000
64296  -22.789  -17.477  91.524 0.3750000000
69481  -4.229  -12.473  88.157 0.1250000000
69482  -5.035  -12.213  88.614 0.1250000000
70522  -5.769  -12.191  87.361 0.2500000000
69524  -12.145  -12.732  84.259 0.1250000000
70558  -12.516  -12.065  84.151 0.1250000000
68455  -3.818  -12.768  87.857 0.1250000000
141455  -5.131  -12.691  87.050 0.2500000000
70523  -6.462  -11.979  86.807 0.2500000000
68501  -12.043  -13.295  83.589 0.1250000000
68514  -12.488  -13.329  82.583 0.1250000000
65269  -24.458  -16.676  92.363 0.2500000000
76610  -33.523  -5.368  87.355 0.1250000000
69489  -4.030  -13.170  87.153 0.3750000000
68473  -3.553  -13.883  86.133 0.3750000000
148722  -12.372  -14.103  82.228 0.1250000000
76616  -34.567  -4.631  87.227 0.1250000000
76617  -35.584  -5.232  86.466 0.2500000000
76624  -36.074  -5.604  85.792 0.2500000000
76618  -36.418  -4.776  85.976 0.2500000000
76623  -30.885  -5.302  85.194 0.1250000000
148638  -35.410  -5.819  84.725 0.2500000000
75617  -34.720  -5.876  83.687 0.2500000000
149484  -29.920  -6.080  83.246 0.1250000000
64357  -27.563  -17.427  84.815 0.1250000000
75616  -30.139  -6.979  82.782 0.1250000000
156780  -28.412  -17.365  82.916 0.1250000000
74624  -29.906  -7.269  81.909 0.1250000000
65367  -28.557  -16.895  80.616 0.1250000000
65390  -28.478  -16.193  79.530 0.1250000000
144677  -29.614  -8.141  80.554 0.1250000000
155810  -29.583  -7.338  81.019 0.1250000000
65391  -29.162  -15.982  79.639 0.1250000000
67513  -28.479  -14.404  79.557 0.1250000000
68558  -27.481  -13.613  78.667 0.1250000000
147466  -27.524  -12.580  78.623 0.1250000000
72549  -27.993  -9.825  78.012 0.1250000000
71572  -27.564  -10.345  77.277 0.1250000000
69508  -4.753  -13.337  85.915 0.2500000000
148208  -5.180  -12.941  86.227 0.2500000000
70537  -6.628  -11.858  85.933 0.2500000000
144901  -6.592  -12.204  85.138 0.2500000000
68485  -4.136  -13.683  84.860 0.2500000000
68486  -4.829  -13.415  84.722 0.2500000000
70538  -7.201  -11.404  85.060 0.2500000000
148039  -7.533  -11.052  84.392 0.1250000000
152858  -7.657  -10.280  84.142 0.1250000000
68496  -4.439  -13.596  84.117 0.2500000000
68487  -5.805  -13.265  84.606 0.2500000000
69523  -7.189  -11.940  84.187 0.2500000000
70557  -7.717  -11.087  83.582 0.1250000000
72490  -7.558  -9.277  83.883 0.1250000000
77583  -35.306  -4.192  86.473 0.1250000000
68497  -5.104  -13.466  83.893 0.2500000000
68509  -5.558  -14.084  83.291 0.2500000000
68499  -6.804  -13.177  83.405 0.2500000000
69533  -7.281  -12.560  83.375 0.1250000000
76625  -35.941  -5.236  84.879 0.2500000000
76630  -35.951  -5.265  83.892 0.2500000000
77596  -36.424  -4.822  84.374 0.2500000000
155356  -36.082  -4.453  85.102 0.2500000000
147299  -6.044  -14.481  82.697 0.2500000000
76635  -35.004  -5.427  83.245 0.2500000000
77606  -36.589  -4.850  83.543 0.2500000000
76645  -34.969  -5.651  82.271 0.1250000000
76636  -35.691  -5.055  82.858 0.2500000000
73630  -28.224  -8.891  77.853 0.1250000000
73622  -28.634  -8.521  78.449 0.1250000000
70568  -7.853  -11.485  82.787 0.1250000000
144372  -7.776  -10.801  82.886 0.1250000000
68511  -7.402  -13.310  82.762 0.1250000000
69544  -7.878  -12.346  82.671 0.1250000000
70580  -7.987  -11.054  82.171 0.1250000000
71523  -7.508  -10.237  82.525 0.1250000000
68512  -8.047  -13.048  82.187 0.1250000000
70581  -8.393  -11.649  81.650 0.1250000000
71535  -8.197  -10.961  81.298 0.1250000000
77589  -36.376  -3.702  84.757 0.2500000000
67487  -6.026  -15.052  81.839 0.2500000000
79496  -35.753  -1.583  84.229 0.1250000000
79497  -36.754  -2.103  83.832 0.1250000000
73861  -41.259  -8.387  61.931 0.1250000000
74841  -40.710  -7.718  61.504 0.1250000000
75835  -41.056  -6.881  61.294 0.1250000000
76693  -44.967  -4.960  79.368 0.1250000000
163408  -45.159  -4.873  79.226 0.1250000000
71661  -39.836  -9.849  67.412 0.3750000000
71673  -40.252  -10.096  67.048 0.2500000000
70705  -40.735  -10.011  66.530 0.2500000000
138549  -42.259  -9.219  65.657 0.2500000000
72691  -42.797  -8.487  64.677 0.3750000000
71672  -39.563  -9.793  66.606 0.2500000000
71684  -40.570  -9.937  65.701 0.2500000000
71696  -41.627  -9.515  64.796 0.2500000000
73831  -42.583  -8.493  63.679 0.2500000000
73832  -43.078  -7.752  63.304 0.3750000000
136110  -39.877  -9.875  65.094 0.2500000000
71695  -40.920  -9.919  63.885 0.2500000000
72703  -41.930  -9.146  63.213 0.2500000000
73843  -42.361  -8.394  62.913 0.2500000000
75820  -43.805  -6.239  62.784 0.5000000000
76830  -44.128  -5.204  61.977 0.2500000000
77798  -44.708  -4.449  61.519 0.2500000000
137503  -40.089  -10.097  64.156 0.2500000000
71708  -40.688  -9.882  63.017 0.2500000000
74826  -43.374  -7.014  62.787 0.2500000000
75838  -43.887  -5.640  62.303 0.5000000000
78758  -44.661  -3.496  61.162 0.3750000000
79777  -45.770  -2.117  61.232 0.2500000000
80759  -46.111  -1.448  60.388 0.2500000000
81717  -46.701  0.250  60.055 0.2500000000
82666  -47.124  0.799  60.145 0.2500000000
73842  -41.639  -8.840  62.469 0.2500000000
147565  -42.643  -7.073  62.161 0.1250000000
75837  -42.864  -6.080  61.868 0.1250000000
76847  -43.527  -5.187  61.104 0.2500000000
77812  -44.195  -4.333  61.075 0.2500000000
83596  -47.405  1.455  59.437 0.2500000000
75836  -42.041  -6.613  61.579 0.2500000000
76846  -42.677  -5.186  61.007 0.2500000000
77811  -43.609  -3.976  60.731 0.1250000000
138198  -46.649  -0.476  60.192 0.2500000000
164123  -41.890  -5.531  60.898 0.1250000000
77810  -42.496  -4.667  60.571 0.1250000000
135270  -45.375  -5.523  79.099 0.1250000000
73654  -45.037  -8.260  75.431 0.1250000000
134935  -45.115  -7.566  76.203 0.1250000000
141213  -44.601  -7.495  65.147 0.5000000000
73815  -44.150  -8.122  65.257 0.5000000000
74811  -44.283  -7.522  64.618 0.5000000000
75811  -44.733  -6.524  63.707 0.5000000000
76817  -44.505  -5.445  62.484 0.5000000000
81705  -47.743  0.547  60.841 0.2500000000
83601  -48.199  1.943  58.870 0.2500000000
84565  -48.756  2.344  60.087 0.2500000000
83602  -48.851  2.410  58.303 0.1250000000
144514  -50.153  2.887  58.145 0.2500000000
84570  -49.447  2.592  58.655 0.2500000000
154233  -45.876  -4.002  78.734 0.1250000000
137866  -46.121  -6.148  78.179 0.1250000000
74698  -46.077  -7.087  76.705 0.1250000000
73690  -45.825  -8.901  73.221 0.2500000000
73691  -46.534  -8.340  73.068 0.2500000000
74711  -45.732  -7.861  75.652 0.2500000000
160608  -46.226  -8.863  72.740 0.2500000000
159953  -44.963  -6.932  65.038 0.5000000000
74819  -44.401  -7.052  64.023 0.5000000000
152750  -45.269  -6.423  64.544 0.3750000000
75821  -44.397  -5.943  63.036 0.5000000000
76809  -45.411  -5.489  63.276 0.5000000000
76831  -44.608  -4.976  62.047 0.5000000000
81703  -46.771  -0.564  60.965 0.2500000000
83592  -47.747  1.327  60.275 0.2500000000
83597  -48.194  1.824  59.712 0.2500000000
84574  -50.406  2.821  57.044 0.2500000000
84581  -51.176  2.295  56.398 0.2500000000
159914  -52.347  3.578  56.994 0.3750000000
85568  -53.165  3.434  57.152 0.3750000000
80747  -46.472  -1.363  61.282 0.2500000000
81704  -47.110  0.024  60.530 0.2500000000
84582  -52.207  2.389  56.333 0.3750000000
74729  -46.879  -7.292  73.636 0.2500000000
83598  -48.833  2.199  59.146 0.2500000000
75724  -47.556  -6.822  74.489 0.1250000000
73726  -46.769  -8.734  71.055 0.1250000000
74742  -47.205  -7.932  71.508 0.2500000000
74735  -47.215  -7.571  72.649 0.2500000000
74730  -47.750  -6.870  73.523 0.2500000000
74748  -47.103  -8.012  70.637 0.1250000000
74743  -47.688  -7.446  70.978 0.2500000000
155942  -47.885  -7.023  72.840 0.1250000000
75750  -48.173  -6.666  71.325 0.2500000000
140717  -53.051  2.349  56.432 0.3750000000
161607  -48.188  1.209  60.839 0.2500000000
83620  -53.307  2.099  56.037 0.3750000000
84597  -53.769  1.953  54.961 0.2500000000
145590  -53.889  3.177  54.245 0.3750000000
88504  -55.876  7.418  54.368 0.3750000000
89333  -56.607  7.726  54.416 0.2500000000
89338  -55.627  7.781  53.686 0.3750000000
90191  -57.862  8.609  53.884 0.2500000000
161534  -58.487  8.874  53.978 0.2500000000
90196  -56.401  8.124  53.738 0.2500000000
91155  -59.018  9.332  53.856 0.2500000000
90198  -58.301  8.901  53.393 0.2500000000
92082  -59.248  10.330  54.516 0.1250000000
93022  -59.210  10.975  54.210 0.1250000000
93023  -59.530  10.657  53.247 0.1250000000
136570  -57.067  8.630  53.204 0.2500000000
91169  -58.013  9.040  52.874 0.2500000000
91170  -59.181  9.255  53.109 0.2500000000
93034  -59.247  11.664  53.022 0.1250000000
93960  -59.121  12.782  52.839 0.1250000000
91186  -59.016  9.272  52.302 0.2500000000
92095  -59.838  9.818  53.040 0.2500000000
93961  -59.471  11.843  52.111 0.1250000000
91195  -58.438  9.210  51.701 0.2500000000
91187  -59.774  9.667  51.932 0.2500000000
93048  -59.772  10.711  51.850 0.1250000000
90216  -56.734  8.698  51.104 0.2500000000
90217  -57.658  9.093  50.820 0.2500000000
91199  -58.816  9.216  51.079 0.2500000000
92120  -60.077  10.000  51.570 0.1250000000
93047  -59.551  11.413  51.421 0.1250000000
93974  -59.229  12.334  51.272 0.1250000000
90218  -58.528  9.168  50.250 0.2500000000
91200  -59.559  9.305  50.764 0.2500000000
92128  -60.210  9.905  50.757 0.2500000000
93058  -59.537  11.595  50.724 0.1250000000
91206  -59.526  9.251  49.865 0.2500000000
91201  -60.074  9.494  50.298 0.2500000000
93064  -59.659  11.763  49.740 0.2500000000
93982  -59.233  12.622  50.371 0.1250000000
91207  -60.214  9.327  49.286 0.1250000000
93068  -60.409  10.221  49.028 0.1250000000
90270  -59.415  8.422  45.889 0.1250000000
93991  -59.115  12.798  49.557 0.2500000000
156930  -59.285  12.097  49.064 0.2500000000
91221  -60.575  9.169  47.304 0.1250000000
93072  -59.715  10.236  47.861 0.1250000000
92139  -61.017  10.138  46.594 0.1250000000
91239  -61.053  9.265  45.777 0.1250000000
91238  -60.670  9.337  45.280 0.1250000000
94927  -59.131  13.708  50.183 0.1250000000
138697  -58.603  11.224  46.460 0.1250000000
93070  -57.998  11.653  47.098 0.2500000000
93085  -58.947  11.260  45.349 0.1250000000
157759  -59.251  11.748  44.688 0.1250000000
93099  -60.507  11.280  44.705 0.1250000000
93106  -60.465  11.291  44.014 0.1250000000
91251  -60.588  9.782  43.046 0.1250000000
93086  -59.807  10.974  45.863 0.1250000000
94000  -57.610  11.866  46.634 0.2500000000
94021  -57.661  12.564  44.736 0.1250000000
94032  -59.668  12.758  43.714 0.1250000000
94033  -60.356  12.642  43.533 0.1250000000
94023  -59.941  12.239  44.249 0.1250000000
94034  -60.694  12.560  43.082 0.1250000000
94024  -60.391  11.923  44.195 0.1250000000
153936  -60.766  11.999  43.077 0.1250000000
94975  -60.704  13.004  42.696 0.1250000000
92164  -60.710  10.469  42.774 0.1250000000
149974  -60.620  12.018  43.486 0.1250000000
94042  -60.734  12.316  42.942 0.1250000000
93127  -60.568  11.314  42.664 0.1250000000
91255  -61.258  9.616  42.260 0.1250000000
92174  -61.002  10.311  42.331 0.1250000000
151439  -61.177  10.273  41.958 0.1250000000
92173  -60.374  10.543  41.953 0.1250000000
92194  -59.850  10.017  40.668 0.1250000000
91260  -61.416  9.503  41.843 0.1250000000
92180  -60.796  9.610  41.299 0.1250000000
139674  -58.786  13.869  42.897 0.1250000000
93117  -59.478  10.880  42.272 0.1250000000
72476  -31.771  -9.131  88.334 0.1250000000
72482  -30.995  -9.014  86.628 0.1250000000
157207  -31.472  -10.600  87.173 0.1250000000
71503  -31.137  -10.653  86.390 0.1250000000
138561  -30.497  -10.314  85.520 0.1250000000
70545  -31.470  -11.311  85.890 0.1250000000
68493  -32.550  -13.490  84.948 0.1250000000
154441  -31.784  -13.198  84.568 0.1250000000
70566  -30.470  -11.526  84.125 0.1250000000
70554  -30.521  -10.912  84.857 0.1250000000
136329  -29.575  -10.387  83.316 0.1250000000
61515  -24.513  -20.320  82.598 0.3750000000
162531  -3.531  -17.980  88.040 0.3750000000
67404  -2.401  -14.857  88.012 0.3750000000
68484  -3.582  -14.001  85.391 0.3750000000
67440  -3.111  -14.379  85.833 0.3750000000
68462  -4.042  -13.475  86.478 0.3750000000
68474  -4.190  -13.599  85.822 0.2500000000
67475  -5.087  -14.965  82.633 0.2500000000
76659  -34.775  -5.542  81.212 0.1250000000
134938  -45.229  -6.516  78.066 0.1250000000
134936  -45.389  -7.107  77.200 0.1250000000
144968  -45.303  -8.299  73.852 0.2500000000
156931  -46.191  -9.160  71.454 0.1250000000
154869  -25.909  -20.874  82.864 0.3750000000
79487  -36.269  -2.466  84.610 0.1250000000
66409  -36.197  -15.005  86.591 0.1250000000
59549  -29.094  -22.357  82.978 0.3750000000
68470  -35.308  -13.709  86.475 0.1250000000
68469  -34.234  -13.602  86.709 0.1250000000
58505  -29.846  -22.865  82.981 0.2500000000
148946  -28.325  -21.565  82.945 0.3750000000
60528  -26.723  -21.183  83.080 0.3750000000
62470  -25.142  -19.808  87.882 0.3750000000
61448  -26.550  -20.083  88.343 0.3750000000
60461  -12.197  -21.178  88.589 0.2500000000
59489  -9.864  -22.166  88.072 0.2500000000
62444  -5.422  -19.079  88.641 0.3750000000
75812  -45.105  -6.000  63.475 0.5000000000
78757  -44.097  -3.492  60.859 0.2500000000
63355  -27.014  -18.388  91.667 0.1250000000
65268  -23.389  -16.886  92.232 0.2500000000
62425  -27.396  -19.912  90.311 0.1250000000
152457  -25.627  -17.530  92.165 0.1250000000
64358  -28.343  -17.544  84.569 0.1250000000
64360  -30.109  -18.190  84.427 0.1250000000
63427  -31.683  -18.489  84.276 0.1250000000
65305  -16.044  -16.480  86.028 0.1250000000
63448  -32.557  -18.082  83.138 0.1250000000
65357  -33.327  -17.156  82.779 0.1250000000
66454  -33.495  -16.265  83.129 0.1250000000
71685  -41.222  -9.897  65.971 0.2500000000
73814  -43.414  -8.529  65.536 0.3750000000
159474  -42.717  -8.816  65.409 0.2500000000
77797  -44.183  -4.962  61.359 0.2500000000
157967  -56.933  8.300  50.188 0.2500000000
90256  -60.600  8.777  46.644 0.1250000000
90225  -59.354  9.130  49.135 0.1250000000
70520  -33.745  -11.524  88.083 0.1250000000
62496  -13.321  -19.464  85.606 0.2500000000
62446  -6.953  -19.808  88.253 0.2500000000
60475  -10.281  -21.885  87.377 0.2500000000
60491  -10.978  -21.649  86.335 0.2500000000
137456  -8.876  -20.853  87.387 0.2500000000
61470  -8.516  -20.397  86.916 0.2500000000
62476  -7.428  -19.093  86.620 0.2500000000
71496  -31.771  -10.868  87.645 0.1250000000
69504  -32.588  -11.852  86.737 0.1250000000
68468  -33.482  -13.165  86.397 0.1250000000
145525  -32.980  -12.477  86.180 0.1250000000
67397  -8.724  -14.239  89.884 0.1250000000
66395  -7.424  -14.745  87.756 0.1250000000
65294  -6.995  -15.746  87.279 0.2500000000
62452  -24.464  -19.056  88.846 0.3750000000
62436  -24.462  -18.884  89.622 0.2500000000
62453  -25.201  -19.614  88.582 0.3750000000
61523  -25.427  -20.457  81.472 0.2500000000
70546  -32.018  -11.652  86.186 0.1250000000
68481  -32.880  -13.163  85.645 0.1250000000
69518  -32.369  -12.298  85.865 0.1250000000
70555  -31.034  -11.663  84.975 0.1250000000
60536  -26.031  -20.753  81.242 0.2500000000
60537  -26.574  -21.014  81.800 0.2500000000
60548  -27.115  -21.190  81.331 0.2500000000
59547  -27.776  -21.441  81.507 0.2500000000
68507  -32.351  -13.723  84.202 0.1250000000
60547  -26.871  -20.957  80.539 0.2500000000
138103  -29.483  -22.417  82.347 0.3750000000
66439  -32.872  -14.582  83.907 0.1250000000
67470  -32.083  -14.165  83.408 0.1250000000
69541  -31.234  -12.865  84.098 0.1250000000
67484  -32.555  -14.911  82.936 0.1250000000
68519  -29.965  -12.755  82.186 0.1250000000
68521  -31.418  -13.697  82.925 0.1250000000
158357  -31.781  -14.656  82.419 0.1250000000
69553  -29.970  -12.564  83.026 0.1250000000
155688  -32.859  -17.240  82.563 0.1250000000
65356  -32.841  -16.558  82.502 0.1250000000
65371  -32.331  -16.048  81.994 0.1250000000
67497  -31.269  -14.888  81.706 0.1250000000
67495  -30.161  -14.156  80.845 0.1250000000
67505  -29.731  -14.686  80.229 0.1250000000
65370  -31.657  -16.230  81.589 0.1250000000
138283  -28.396  -12.073  80.041 0.1250000000
62424  -25.758  -19.273  90.186 0.2500000000
62438  -26.167  -19.760  89.629 0.3750000000
61433  -26.668  -19.986  89.063 0.3750000000
74583  -31.367  -7.270  87.072 0.1250000000
72487  -30.334  -9.432  85.773 0.1250000000
63438  -31.632  -18.148  83.551 0.1250000000
69540  -30.681  -12.513  83.555 0.1250000000
63447  -31.690  -17.870  82.770 0.1250000000
70590  -28.873  -11.428  82.275 0.1250000000
70565  -29.734  -11.598  83.464 0.1250000000
65369  -30.784  -16.442  81.312 0.1250000000
158059  -30.175  -17.316  82.023 0.1250000000
65355  -32.163  -16.843  82.153 0.1250000000
71546  -28.917  -10.506  81.745 0.1250000000
71552  -29.006  -10.300  80.875 0.1250000000
68439  -9.728  -13.799  90.506 0.1250000000
69463  -9.244  -12.511  91.788 0.1250000000
67387  -9.089  -14.119  90.617 0.1250000000
156331  -8.391  -14.292  90.662 0.1250000000
67398  -9.574  -13.947  89.684 0.1250000000
67396  -7.216  -14.431  90.334 0.1250000000
67384  -5.679  -14.497  90.243 0.2500000000
142867  -7.085  -13.793  90.958 0.1250000000
67383  -4.682  -14.268  90.260 0.2500000000
68438  -4.747  -13.306  90.081 0.2500000000
74587  -34.561  -7.358  86.680 0.1250000000
74594  -35.554  -7.149  86.026 0.2500000000
65346  -10.979  -16.745  82.459 0.1250000000
73569  -30.130  -8.887  85.167 0.1250000000
72493  -29.668  -9.216  84.480 0.1250000000
154592  -30.191  -10.372  84.759 0.1250000000
64372  -30.092  -17.973  83.581 0.1250000000
71520  -30.092  -10.860  84.191 0.1250000000
66476  -29.839  -15.626  79.994 0.1250000000
73623  -29.045  -8.012  78.864 0.1250000000
65381  -29.689  -16.343  80.145 0.1250000000
154541  -28.078  -13.765  79.267 0.1250000000
69462  -8.603  -12.557  91.699 0.1250000000
68427  -7.378  -13.007  91.310 0.1250000000
70490  -8.263  -12.238  91.527 0.1250000000
70498  -6.030  -12.395  90.174 0.1250000000
69474  -5.195  -12.536  89.675 0.1250000000
64370  -28.592  -17.617  83.746 0.1250000000
64384  -29.350  -17.381  82.227 0.1250000000
64383  -28.549  -17.264  82.036 0.1250000000
64399  -29.399  -16.840  80.621 0.1250000000
64392  -28.997  -17.183  81.339 0.1250000000
70495  -7.687  -12.145  91.193 0.1250000000
70503  -5.891  -11.866  89.244 0.1250000000
70511  -5.672  -11.776  88.181 0.1250000000
69491  -4.924  -12.246  87.835 0.1250000000
69490  -4.467  -12.710  87.475 0.2500000000
69496  -4.596  -13.167  86.583 0.2500000000
69497  -5.847  -12.509  86.543 0.2500000000
164256  -27.600  -17.129  83.050 0.1250000000
64382  -27.802  -17.135  82.319 0.1250000000
64391  -28.123  -17.061  81.470 0.1250000000
65366  -27.625  -16.886  80.827 0.1250000000
65380  -28.967  -16.583  79.913 0.1250000000
65379  -27.954  -16.599  79.913 0.1250000000
65389  -27.794  -16.133  79.157 0.1250000000
68475  -4.612  -13.503  85.386 0.2500000000
69509  -5.250  -13.204  85.448 0.2500000000
69510  -5.938  -12.669  85.810 0.2500000000
146759  -7.358  -10.911  85.766 0.2500000000
69522  -6.528  -12.666  84.660 0.2500000000
69521  -6.078  -12.912  85.217 0.2500000000
68498  -6.074  -13.476  83.771 0.2500000000
69532  -6.661  -12.857  84.032 0.2500000000
155065  -7.566  -11.871  83.298 0.1250000000
71513  -7.714  -10.151  83.315 0.1250000000
68510  -6.479  -13.779  83.055 0.2500000000
70569  -8.231  -11.759  82.271 0.1250000000
67476  -6.905  -14.276  82.383 0.2500000000
69545  -8.364  -12.375  81.940 0.1250000000
73862  -42.015  -7.971  62.379 0.1250000000
74842  -41.627  -7.476  61.808 0.1250000000
150752  -40.059  -9.896  66.116 0.2500000000
153929  -40.853  -9.917  64.973 0.2500000000
136426  -41.749  -9.425  63.974 0.2500000000
73823  -43.606  -8.035  64.711 0.3750000000
72702  -41.316  -9.625  63.293 0.2500000000
145835  -43.104  -7.966  64.130 0.3750000000
73844  -42.744  -7.688  62.668 0.2500000000
75810  -44.004  -6.720  63.411 0.2500000000
74843  -43.381  -6.246  62.301 0.3750000000
76828  -43.234  -5.478  61.452 0.2500000000
77796  -43.878  -4.931  60.930 0.2500000000
75855  -42.396  -5.815  61.358 0.2500000000
135373  -43.165  -4.645  60.839 0.2500000000
78770  -43.314  -3.445  60.088 0.1250000000
76845  -41.853  -5.035  60.474 0.1250000000
77825  -42.770  -4.058  60.136 0.1250000000
76844  -41.076  -5.596  60.294 0.1250000000
135174  -45.887  -5.271  78.874 0.1250000000
73670  -45.933  -8.503  74.917 0.2500000000
74728  -46.102  -7.837  73.811 0.2500000000
74722  -46.724  -7.491  74.651 0.2500000000
73710  -46.514  -8.486  72.084 0.2500000000
75741  -47.518  -7.015  71.948 0.2500000000
92106  -59.926  10.108  52.392 0.1250000000
91185  -58.026  9.082  52.285 0.2500000000
93065  -60.139  10.695  50.312 0.2500000000
92129  -60.357  9.821  49.770 0.2500000000
149448  -60.202  8.371  46.150 0.1250000000
92134  -60.796  9.716  47.049 0.1250000000
93075  -59.793  10.801  46.903 0.1250000000
93087  -60.652  10.659  46.324 0.1250000000
92148  -61.037  10.383  45.817 0.1250000000
145656  -60.621  10.922  45.421 0.1250000000
144139  -58.316  11.834  44.988 0.1250000000
94001  -58.175  11.678  45.826 0.1250000000
94963  -57.914  12.856  43.989 0.1250000000
91247  -60.663  9.805  44.357 0.1250000000
151364  -60.892  9.137  42.428 0.1250000000
141006  -56.845  12.644  46.922 0.2500000000
94054  -60.626  12.336  42.608 0.1250000000
94982  -60.702  13.533  42.247 0.1250000000
93126  -60.433  11.278  42.429 0.1250000000
92179  -59.489  10.476  41.507 0.1250000000
93116  -58.825  10.908  42.276 0.1250000000
70544  -30.883  -10.965  85.556 0.1250000000
68494  -33.286  -14.108  85.605 0.1250000000
154784  -31.362  -12.638  84.787 0.1250000000
164210  -33.290  -13.764  86.052 0.1250000000
58478  -16.760  -22.835  86.027 0.2500000000
58477  -16.306  -23.399  85.527 0.1250000000
59520  -16.666  -22.714  85.018 0.1250000000
58488  -16.174  -23.212  84.528 0.1250000000
59527  -16.497  -22.580  84.061 0.1250000000
59546  -16.673  -21.948  82.749 0.1250000000
141546  -17.259  -21.452  83.098 0.1250000000
59545  -16.233  -22.438  82.360 0.1250000000
58507  -31.238  -23.173  82.466 0.1250000000
153211  -31.800  -23.706  81.190 0.1250000000
57494  -32.178  -23.847  80.814 0.1250000000
58506  -30.363  -22.633  82.069 0.1250000000
62548  -21.743  -19.206  80.719 0.1250000000
58532  -29.196  -22.355  80.399 0.1250000000
58520  -29.772  -22.850  81.017 0.1250000000
57492  -30.571  -23.114  81.152 0.1250000000
62547  -20.724  -19.175  80.458 0.1250000000
62549  -22.716  -19.363  80.988 0.1250000000
58533  -30.140  -22.482  80.008 0.1250000000
56422  -34.165  -23.565  81.337 0.1250000000
57485  -35.423  -23.226  82.251 0.2500000000
56433  -31.716  -23.395  79.402 0.1250000000
56434  -32.327  -23.563  80.069 0.1250000000
56435  -32.918  -23.726  80.205 0.1250000000
56436  -33.558  -23.781  80.240 0.1250000000
59559  -28.327  -21.783  81.671 0.2500000000
155144  -29.459  -22.342  81.852 0.1250000000
137499  -28.343  -21.754  80.771 0.1250000000
58519  -28.930  -22.157  81.329 0.1250000000
59580  -28.484  -21.726  79.296 0.1250000000
56423  -34.657  -23.555  81.045 0.2500000000
62558  -22.571  -19.244  79.926 0.1250000000
155404  -33.824  -23.795  79.673 0.1250000000
56438  -34.778  -23.744  80.032 0.2500000000
158940  -35.528  -23.247  80.859 0.2500000000
61543  -21.934  -19.480  79.046 0.1250000000
58547  -28.751  -21.522  78.579 0.1250000000
56451  -34.246  -23.801  79.262 0.2500000000
57506  -35.228  -23.387  80.103 0.2500000000
66473  -7.569  -15.029  79.669 0.1250000000
68535  -9.083  -14.053  79.857 0.1250000000
68541  -8.933  -13.952  78.924 0.1250000000
162751  -22.792  -19.513  81.732 0.1250000000
139359  -27.807  -22.068  79.901 0.1250000000
135517  -22.838  -19.483  79.048 0.1250000000
60558  -26.544  -20.557  79.823 0.1250000000
59579  -27.314  -21.188  79.923 0.1250000000
59571  -28.595  -22.243  79.817 0.1250000000
61544  -23.600  -19.530  79.549 0.1250000000
144860  -27.967  -21.043  79.140 0.1250000000
58550  -35.665  -22.850  80.266 0.3750000000
58534  -35.947  -23.020  81.227 0.3750000000
61555  -23.580  -19.590  78.476 0.1250000000
59589  -28.073  -21.379  78.160 0.1250000000
56453  -35.069  -23.752  79.145 0.2500000000
57515  -35.360  -23.119  79.286 0.3750000000
67488  -7.199  -14.790  81.512 0.1250000000
61566  -22.869  -19.850  77.594 0.1250000000
154716  -23.792  -19.839  77.752 0.1250000000
57528  -35.127  -23.101  78.304 0.2500000000
67489  -8.111  -14.356  81.122 0.1250000000
67477  -7.807  -13.915  81.989 0.1250000000
69567  -8.941  -12.952  80.683 0.1250000000
68542  -9.420  -13.261  79.296 0.1250000000
68554  -9.509  -13.510  78.444 0.1250000000
69577  -9.681  -12.399  79.024 0.1250000000
68571  -8.995  -13.576  76.931 0.2500000000
69578  -10.253  -12.435  78.242 0.1250000000
68607  -9.179  -12.843  75.742 0.1250000000
69594  -9.783  -12.476  76.763 0.1250000000
69595  -10.142  -11.913  76.527 0.1250000000
69604  -8.580  -12.486  75.317 0.1250000000
61514  -23.962  -20.036  82.719 0.2500000000
62541  -23.452  -19.694  81.421 0.1250000000
62550  -23.497  -19.634  80.540 0.1250000000
135334  -24.290  -19.892  80.183 0.1250000000
60545  -25.031  -20.251  79.877 0.1250000000
60557  -25.618  -20.343  79.552 0.1250000000
60546  -26.095  -20.595  80.422 0.1250000000
61545  -24.402  -19.965  79.214 0.1250000000
60556  -24.944  -20.403  78.980 0.1250000000
153885  -27.082  -20.624  79.129 0.1250000000
139382  -35.967  -22.260  79.891 0.3750000000
138742  -24.466  -20.006  78.413 0.1250000000
157621  -25.405  -20.406  78.753 0.1250000000
60568  -26.721  -20.750  78.326 0.1250000000
163582  -24.511  -19.974  77.939 0.1250000000
61556  -25.012  -20.309  78.342 0.1250000000
60567  -25.809  -20.498  78.158 0.1250000000
60579  -26.755  -20.630  77.715 0.1250000000
59588  -27.385  -21.002  78.446 0.1250000000
61584  -25.522  -20.054  76.617 0.1250000000
144945  -26.985  -20.046  76.939 0.1250000000
59612  -27.886  -20.503  77.060 0.1250000000
59601  -28.365  -21.336  77.384 0.1250000000
57529  -35.616  -22.727  77.931 0.2500000000
60569  -36.650  -20.880  78.341 0.5000000000
70594  -8.836  -11.616  80.196 0.1250000000
70598  -8.733  -10.973  79.715 0.1250000000
70599  -9.269  -11.677  79.442 0.1250000000
71563  -9.438  -10.655  78.497 0.1250000000
70612  -10.151  -10.910  77.729 0.1250000000
71562  -9.020  -9.899  78.434 0.1250000000
69605  -9.381  -12.036  75.529 0.1250000000
71581  -9.801  -10.267  75.618 0.1250000000
69616  -7.871  -12.108  74.810 0.1250000000
70634  -8.787  -10.903  74.812 0.1250000000
71588  -9.161  -10.248  75.018 0.1250000000
70633  -8.339  -11.272  74.130 0.1250000000
71587  -8.806  -10.409  74.185 0.1250000000
70632  -7.536  -11.816  74.005 0.1250000000
71596  -8.264  -10.423  73.601 0.1250000000
64441  -34.488  -18.275  76.231 0.1250000000
65438  -34.016  -17.704  76.086 0.1250000000
65428  -34.042  -17.933  76.935 0.1250000000
66548  -32.758  -16.519  75.410 0.1250000000
66547  -32.348  -16.139  75.066 0.1250000000
66540  -32.616  -15.675  75.778 0.1250000000
66546  -31.840  -15.603  74.591 0.1250000000
67576  -32.098  -15.119  75.409 0.1250000000
67567  -31.977  -13.971  75.581 0.2500000000
68611  -31.649  -13.104  75.323 0.2500000000
148058  -31.397  -13.015  74.397 0.2500000000
154687  -32.321  -13.128  75.870 0.2500000000
156226  -31.315  -11.982  74.201 0.2500000000
69609  -31.353  -12.255  75.113 0.2500000000
70638  -31.234  -11.318  74.734 0.2500000000
69632  -31.147  -12.538  73.595 0.2500000000
154466  -31.270  -10.844  73.929 0.2500000000
68666  -30.555  -12.852  72.333 0.1250000000
71601  -30.890  -10.448  73.151 0.2500000000
86509  -53.847  4.949  64.099 0.2500000000
88436  -54.786  6.115  63.300 0.2500000000
87494  -55.117  5.909  62.313 0.1250000000
88452  -55.976  6.084  61.846 0.2500000000
88453  -56.900  6.517  61.371 0.1250000000
87477  -53.939  5.585  63.604 0.2500000000
58495  -16.034  -23.091  83.622 0.1250000000
67539  -9.407  -13.637  77.761 0.1250000000
68587  -9.361  -12.951  76.409 0.1250000000
160905  -31.308  -11.391  74.062 0.2500000000
144802  -33.257  -23.683  80.956 0.1250000000
59561  -36.564  -22.032  81.350 0.3750000000
145635  -36.368  -21.925  78.301 0.3750000000
57496  -35.574  -23.353  81.529 0.3750000000
68612  -32.436  -13.564  76.216 0.2500000000
67503  -8.365  -14.588  80.253 0.1250000000
61532  -24.126  -19.934  81.094 0.1250000000
70524  -7.094  -11.295  86.638 0.1250000000
69556  -8.562  -12.348  81.176 0.1250000000
59570  -27.580  -21.357  80.673 0.1250000000
68524  -8.410  -13.274  81.418 0.1250000000
59537  -16.352  -22.496  83.199 0.1250000000
144915  -29.559  -22.399  79.515 0.1250000000
58575  -28.872  -21.741  77.687 0.1250000000
157945  -9.273  -13.394  80.157 0.1250000000
152382  -26.192  -20.364  78.940 0.1250000000
59600  -27.410  -21.122  77.883 0.1250000000
141821  -8.750  -13.798  80.591 0.1250000000
155759  -8.788  -12.231  80.587 0.1250000000
68536  -9.313  -12.528  79.994 0.1250000000
68555  -10.040  -13.065  77.980 0.1250000000
68572  -9.595  -12.972  77.241 0.1250000000
70604  -9.883  -11.580  78.544 0.1250000000
70605  -10.394  -11.772  77.879 0.1250000000
69585  -10.169  -12.294  77.466 0.1250000000
152005  -9.793  -12.373  76.029 0.1250000000
70618  -10.332  -11.161  76.287 0.1250000000
61568  -25.083  -20.064  77.566 0.1250000000
60578  -26.093  -20.109  77.266 0.1250000000
57561  -34.734  -22.714  77.454 0.2500000000
71557  -9.185  -11.031  79.099 0.1250000000
140449  -9.605  -10.223  77.904 0.1250000000
70626  -10.170  -10.912  75.786 0.1250000000
70624  -8.626  -11.599  75.050 0.1250000000
136256  -30.637  -12.192  72.945 0.2500000000
70650  -30.937  -11.461  73.501 0.2500000000
65267  -22.721  -16.720  92.127 0.1250000000
64293  -19.347  -17.751  92.154 0.2500000000
64294  -20.203  -17.542  91.527 0.2500000000
65260  -20.322  -16.109  93.015 0.1250000000
65265  -20.672  -16.842  92.030 0.2500000000
41805  -5.764  -40.862  78.907 0.1250000000
135485  -5.766  -40.068  78.399 0.2500000000
42728  -5.806  -39.270  78.012 0.2500000000
75749  -47.766  -6.821  70.603 0.1250000000
76764  -47.722  -5.384  68.842 0.1250000000
75759  -47.366  -6.363  70.021 0.1250000000
76748  -48.099  -6.176  70.479 0.1250000000
75742  -48.235  -6.612  72.499 0.1250000000
141540  -57.387  6.350  56.465 0.2500000000
88500  -57.114  6.901  55.741 0.2500000000
94935  -58.583  13.689  49.423 0.1250000000
94942  -57.995  13.548  48.676 0.1250000000
86606  -52.733  4.589  52.692 0.2500000000
93995  -58.562  12.675  48.885 0.1250000000
90215  -55.629  8.007  50.655 0.1250000000
140219  -58.919  11.673  48.397 0.1250000000
93997  -57.491  12.143  47.370 0.1250000000
93071  -58.781  11.350  47.519 0.1250000000
90204  -55.645  8.364  52.185 0.3750000000
90210  -57.390  9.043  51.789 0.2500000000
90208  -55.273  8.011  51.452 0.2500000000
139065  -56.035  8.136  51.262 0.1250000000
95874  -57.250  14.777  47.970 0.1250000000
94947  -56.684  13.856  47.180 0.1250000000
65266  -21.452  -16.865  91.695 0.2500000000
136855  -21.077  -17.465  91.218 0.2500000000
64290  -19.873  -16.939  92.581 0.2500000000
88499  -56.224  7.001  54.926 0.2500000000
88523  -52.078  6.909  52.018 0.1250000000
88503  -55.131  6.990  54.332 0.3750000000
88510  -54.881  7.299  53.594 0.2500000000
89347  -55.301  8.034  52.959 0.2500000000
89351  -54.893  7.974  52.268 0.2500000000
140080  -59.552  10.646  48.218 0.1250000000
63352  -20.620  -18.070  90.774 0.2500000000
90195  -56.173  8.524  52.940 0.2500000000
41820  -5.690  -40.627  77.911 0.1250000000
89330  -57.612  7.550  55.162 0.2500000000
89331  -58.171  7.592  55.665 0.2500000000
93998  -58.190  12.425  47.991 0.1250000000
94944  -57.305  13.410  47.896 0.1250000000
56467  -33.829  -23.605  77.924 0.1250000000
138712  -19.742  -19.551  87.370 0.1250000000
62466  -20.603  -19.071  87.127 0.1250000000
56486  -34.231  -23.396  77.630 0.1250000000
56487  -34.644  -23.116  77.680 0.1250000000
55489  -32.871  -23.739  76.309 0.1250000000
56526  -33.457  -23.943  75.910 0.1250000000
61461  -19.253  -20.272  87.812 0.1250000000
59521  -17.189  -22.196  85.479 0.1250000000
59528  -17.045  -22.109  84.496 0.1250000000
59538  -16.836  -21.992  83.601 0.1250000000
56505  -34.026  -23.339  76.986 0.1250000000
57577  -34.108  -23.075  76.405 0.1250000000
57547  -35.758  -22.461  77.692 0.1250000000
56548  -34.059  -23.934  75.536 0.1250000000
138713  -35.080  -21.732  76.887 0.2500000000
59603  -36.617  -21.465  77.781 0.2500000000
67575  -31.602  -14.608  74.820 0.1250000000
67587  -31.487  -14.984  74.001 0.1250000000
67586  -31.218  -14.372  73.492 0.1250000000
152462  -31.245  -13.484  73.604 0.1250000000
68653  -30.910  -13.890  73.129 0.1250000000
70657  -30.740  -11.270  72.673 0.1250000000
71592  -31.246  -9.915  73.612 0.1250000000
70663  -30.975  -11.202  71.725 0.1250000000
71609  -31.279  -10.545  72.255 0.1250000000
80771  -44.682  -1.390  59.630 0.1250000000
80786  -45.030  -0.701  59.253 0.1250000000
81723  -45.390  -0.069  58.734 0.1250000000
80758  -45.371  -1.705  60.648 0.1250000000
80772  -45.626  -1.361  59.827 0.1250000000
81715  -45.730  -0.398  59.457 0.1250000000
81724  -45.906  0.432  59.169 0.1250000000
82671  -46.556  0.862  59.513 0.1250000000
142474  -46.887  1.401  58.868 0.1250000000
82655  -48.494  0.757  61.407 0.1250000000
84575  -51.611  3.072  56.850 0.1250000000
85550  -49.663  3.221  59.992 0.1250000000
157645  -50.456  3.379  58.546 0.1250000000
90236  -51.725  8.544  47.453 0.1250000000
156567  -51.710  8.422  45.587 0.1250000000
90277  -52.586  8.388  44.401 0.1250000000
89360  -52.338  7.536  49.840 0.1250000000
89363  -52.285  7.737  49.101 0.1250000000
90228  -52.025  8.166  48.311 0.1250000000
90248  -52.422  9.019  46.985 0.1250000000
90266  -52.550  8.560  45.190 0.1250000000
90278  -53.428  8.495  44.224 0.1250000000
90212  -52.846  8.073  49.746 0.1250000000
90220  -53.554  8.682  49.609 0.1250000000
91210  -53.248  9.220  48.258 0.1250000000
91211  -54.122  9.150  48.544 0.1250000000
90238  -53.187  9.313  47.439 0.1250000000
90267  -53.406  8.892  45.539 0.1250000000
90250  -54.483  9.461  45.894 0.1250000000
90279  -54.193  8.738  44.898 0.1250000000
135816  -55.111  8.722  44.477 0.1250000000
90280  -55.844  8.751  44.766 0.1250000000
90268  -55.317  9.006  45.160 0.1250000000
135568  -19.885  -19.320  86.472 0.2500000000
83594  -48.965  2.267  60.923 0.1250000000
89355  -52.677  7.632  50.617 0.1250000000
91225  -54.164  9.212  46.943 0.1250000000
62465  -20.324  -19.140  87.898 0.1250000000
68632  -31.450  -14.023  74.138 0.1250000000
141169  -30.767  -13.141  73.073 0.1250000000
56504  -33.875  -23.454  76.978 0.1250000000
58588  -35.226  -22.136  77.367 0.1250000000
68667  -30.641  -13.829  72.450 0.1250000000
90247  -51.668  8.549  46.496 0.1250000000
89378  -50.951  8.108  46.011 0.1250000000
90237  -52.370  9.169  47.979 0.1250000000
139685  -52.503  8.854  46.001 0.1250000000
139490  -53.246  8.594  44.857 0.1250000000
90229  -52.867  8.526  48.805 0.1250000000
90249  -53.364  9.144  46.432 0.1250000000
90293  -54.313  8.561  44.060 0.1250000000
42711  -6.222  -39.964  79.593 0.1250000000
43626  -5.289  -39.216  77.143 0.1250000000
44517  -5.456  -38.415  76.814 0.1250000000
44525  -5.280  -38.087  76.137 0.1250000000
44532  -5.408  -37.401  75.543 0.1250000000
44559  -5.243  -37.008  74.215 0.1250000000
44560  -5.689  -37.031  73.855 0.1250000000
142915  -7.490  -36.173  72.994 0.1250000000
154485  -6.738  -35.747  72.762 0.1250000000
46528  -8.316  -35.892  72.845 0.1250000000
46535  -6.832  -35.015  72.235 0.1250000000
46536  -7.789  -35.365  72.441 0.1250000000
44526  -5.556  -37.666  76.493 0.1250000000
45496  -5.342  -37.301  75.716 0.1250000000
45500  -5.462  -36.622  75.426 0.1250000000
44542  -5.259  -37.088  74.716 0.1250000000
46518  -5.119  -36.293  74.700 0.1250000000
45512  -5.295  -36.524  73.805 0.1250000000
46527  -6.070  -35.944  73.123 0.1250000000
163303  -6.137  -35.307  72.586 0.1250000000
46537  -8.838  -35.387  72.483 0.1250000000
47550  -8.531  -34.255  71.256 0.1250000000
47548  -6.701  -33.949  71.235 0.1250000000
47549  -7.587  -34.121  71.080 0.1250000000
46522  -4.979  -35.913  74.061 0.1250000000
72628  -33.090  -8.461  69.468 0.1250000000
72654  -33.150  -8.369  67.742 0.1250000000
73750  -33.768  -8.042  69.159 0.1250000000
142388  -35.288  -7.425  69.116 0.1250000000
151192  -34.081  -8.129  68.073 0.1250000000
73785  -34.927  -7.133  66.980 0.1250000000
73784  -33.826  -8.040  66.961 0.1250000000
73798  -35.384  -7.294  66.410 0.1250000000
73786  -35.113  -7.575  68.167 0.1250000000
74793  -35.950  -6.506  66.744 0.1250000000
73812  -35.697  -8.415  65.776 0.1250000000
73813  -36.247  -8.294  65.165 0.1250000000
149492  -36.102  -8.491  66.064 0.1250000000
74782  -37.070  -6.620  67.746 0.1250000000
73800  -36.401  -8.132  66.594 0.1250000000
73787  -36.996  -8.036  67.294 0.1250000000
72678  -36.776  -8.756  65.757 0.1250000000
163210  -38.073  -9.643  63.978 0.1250000000
156483  -38.042  -9.459  65.856 0.1250000000
71682  -38.353  -9.562  65.305 0.1250000000
71692  -37.711  -9.313  64.904 0.1250000000
71693  -38.369  -9.625  64.537 0.1250000000
160877  -38.968  -9.754  63.370 0.1250000000
143243  -40.124  -10.143  63.332 0.1250000000
71720  -39.443  -9.950  63.018 0.1250000000
72717  -39.587  -9.482  62.601 0.1250000000
72719  -41.219  -9.462  62.664 0.1250000000
73788  -37.876  -8.640  67.357 0.1250000000
160389  -38.995  -9.739  64.957 0.1250000000
157147  -38.260  -9.131  66.610 0.1250000000
71660  -39.082  -9.471  67.047 0.1250000000
148239  -51.185  -0.154  65.533 0.1250000000
85498  -52.903  3.310  64.604 0.1250000000
85510  -53.408  4.069  64.358 0.1250000000
83562  -52.320  1.953  65.212 0.1250000000
85499  -53.695  3.659  65.163 0.1250000000
84516  -52.514  2.603  64.885 0.1250000000
86498  -54.114  4.583  64.860 0.1250000000
86499  -54.334  5.305  64.778 0.1250000000
84507  -53.495  2.950  65.863 0.1250000000
87470  -54.341  5.739  64.673 0.1250000000
88425  -54.652  6.024  64.256 0.1250000000
83618  -51.781  2.021  56.031 0.1250000000
88426  -55.261  6.565  63.653 0.1250000000
83636  -52.276  2.124  55.436 0.1250000000
83637  -53.032  1.880  55.522 0.1250000000
83662  -52.545  1.719  53.763 0.1250000000
152611  -53.319  1.815  55.037 0.1250000000
83648  -53.081  1.787  54.423 0.1250000000
85596  -51.985  2.816  52.442 0.1250000000
84613  -52.627  2.528  53.253 0.1250000000
85597  -52.663  3.519  52.903 0.1250000000
85603  -52.338  3.931  52.081 0.1250000000
90205  -57.157  8.904  52.536 0.1250000000
89323  -57.857  6.977  55.879 0.1250000000
90209  -56.408  8.837  51.998 0.1250000000
162065  -59.102  8.997  55.374 0.1250000000
90186  -57.722  8.192  54.487 0.1250000000
43618  -5.953  -38.411  77.701 0.1250000000
159453  -5.868  -37.857  77.214 0.1250000000
45497  -5.919  -36.948  76.274 0.1250000000
46526  -5.265  -35.654  73.471 0.1250000000
46525  -5.156  -35.291  73.628 0.1250000000
47537  -6.752  -34.488  71.596 0.1250000000
48536  -7.205  -33.669  70.854 0.1250000000
73770  -34.422  -7.669  68.917 0.1250000000
73771  -36.382  -6.883  68.069 0.1250000000
83663  -53.137  2.086  53.809 0.1250000000
71694  -39.252  -9.816  64.353 0.1250000000
71707  -39.449  -9.963  63.652 0.1250000000
90190  -57.152  8.323  53.918 0.1250000000
89334  -57.210  7.847  54.566 0.1250000000
91142  -58.411  8.617  54.523 0.1250000000
90187  -58.413  8.201  55.281 0.1250000000
90179  -58.740  8.032  56.103 0.1250000000
43639  -5.324  -38.991  76.605 0.1250000000
43640  -5.365  -38.515  76.045 0.1250000000
45499  -5.177  -36.902  74.998 0.1250000000
44533  -5.623  -37.661  75.289 0.1250000000
45502  -5.152  -36.698  74.419 0.1250000000
45513  -6.378  -36.544  73.350 0.1250000000
47538  -7.670  -34.649  71.753 0.1250000000
157473  -32.596  -8.600  68.244 0.1250000000
73799  -35.987  -7.176  66.411 0.1250000000
72667  -37.206  -8.868  66.687 0.1250000000
71681  -37.535  -9.168  65.377 0.1250000000
46437  -2.859  -35.866  82.157 0.5000000000
46533  -5.171  -35.040  73.231 0.2500000000
47530  -5.046  -34.724  73.284 0.3750000000
48288  -6.040  -32.768  90.447 0.7500000000
48423  -4.873  -32.864  80.184 0.5000000000
48509  -4.693  -34.171  73.028 0.3750000000
48522  -4.798  -33.944  72.648 0.3750000000
49216  -7.641  -31.599  91.569 1.0000000000
49239  -5.070  -32.258  88.868 1.0000000000
49247  -4.850  -32.129  88.352 1.0000000000
49327  -3.801  -32.640  81.872 0.6250000000
49340  -4.116  -32.717  81.392 0.6250000000
49341  -4.467  -32.622  80.995 0.6250000000
49387  -8.456  -32.115  77.058 0.5000000000
50200  -6.477  -31.533  91.763 0.8750000000
50201  -7.452  -30.846  92.264 0.8750000000
50203  -6.239  -31.386  91.699 0.8750000000
50217  -8.259  -31.645  90.208 0.7500000000
50233  -4.836  -31.883  88.129 1.0000000000
50237  -9.730  -30.697  88.596 0.7500000000
50267  -4.445  -31.770  85.522 0.8750000000
51231  -7.506  -30.172  92.499 1.0000000000
51232  -9.318  -30.192  92.648 1.0000000000
51234  -10.041  -30.009  92.317 1.0000000000
51235  -5.316  -31.314  90.506 1.0000000000
51245  -10.038  -30.058  90.859 1.0000000000
51321  -4.302  -30.831  83.204 0.7500000000
51352  -4.351  -31.081  81.886 0.7500000000
52293  -6.989  -29.789  92.458 1.0000000000
52302  -5.477  -29.360  90.693 1.0000000000
52305  -11.139  -29.024  91.601 1.0000000000
52308  -5.077  -30.174  89.566 1.0000000000
52447  -5.239  -30.387  81.080 0.6250000000
52540  -9.653  -29.680  73.991 0.7500000000
53348  -8.242  -28.109  93.699 1.0000000000
53349  -8.955  -28.400  94.172 1.0000000000
53356  -9.720  -28.342  93.053 1.0000000000
53359  -6.630  -28.336  91.999 1.0000000000
53360  -10.368  -28.949  92.465 1.0000000000
53365  -12.369  -28.074  91.804 1.0000000000
53395  -4.537  -29.024  87.059 1.0000000000
53405  -4.557  -28.966  86.718 1.0000000000
53414  -4.605  -28.854  85.771 1.0000000000
53422  -4.919  -28.706  84.660 1.0000000000
53424  -12.972  -28.163  84.378 0.1250000000
53463  -5.917  -29.313  80.972 0.6250000000
53475  -6.451  -28.930  79.750 0.7500000000
53513  -8.876  -28.802  76.793 0.7500000000
53569  -4.530  -28.291  72.120 0.6250000000
54340  -11.727  -27.512  93.267 0.8750000000
54353  -13.218  -27.044  90.544 0.8750000000
54522  -10.417  -26.772  74.890 0.6250000000
54580  -4.210  -28.001  70.600 0.5000000000
55316  -12.195  -26.367  94.357 0.8750000000
55329  -5.655  -27.114  90.136 1.0000000000
55452  -33.465  -23.904  78.211 0.1250000000
55465  -33.488  -23.886  77.690 0.1250000000
55470  -10.373  -26.352  75.841 0.6250000000
56361  -10.468  -26.075  94.347 0.7500000000
56367  -13.557  -25.404  94.093 0.8750000000
56370  -13.557  -25.388  93.250 0.7500000000
56397  -7.680  -25.274  83.815 1.0000000000
56400  -33.908  -23.795  83.123 0.5000000000
56408  -33.029  -24.071  82.700 0.2500000000
56410  -34.068  -23.805  82.265 0.2500000000
56411  -34.626  -23.708  81.969 0.1250000000
56420  -33.012  -23.728  81.837 0.2500000000
56437  -34.187  -23.811  80.265 0.1250000000
56452  -34.683  -23.972  79.118 0.2500000000
56468  -34.249  -23.509  78.464 0.1250000000
56469  -34.639  -23.429  78.331 0.1250000000
56485  -33.709  -23.553  77.357 0.1250000000
56492  -10.077  -25.431  76.312 0.6250000000
56503  -33.596  -23.475  76.581 0.1250000000
56506  -34.286  -23.222  77.412 0.1250000000
56516  -10.310  -25.852  75.544 0.6250000000
56527  -33.945  -23.511  76.372 0.1250000000
56624  -4.073  -25.378  68.867 0.1250000000
57407  -6.696  -25.124  92.738 0.8750000000
57446  -32.966  -24.155  85.826 0.6250000000
57448  -34.386  -23.319  85.132 0.6250000000
57452  -32.679  -23.338  85.294 0.6250000000
57456  -35.100  -23.125  84.542 0.6250000000
57461  -32.063  -23.691  83.753 0.2500000000
57464  -34.253  -23.885  84.346 0.6250000000
57466  -35.253  -23.395  84.094 0.3750000000
57471  -33.226  -23.933  83.964 0.3750000000
57474  -35.373  -23.031  83.628 0.5000000000
57481  -31.210  -23.256  81.630 0.2500000000
57484  -34.872  -23.290  82.541 0.5000000000
57495  -35.131  -23.585  81.729 0.2500000000
57504  -31.841  -23.508  80.349 0.1250000000
57505  -35.158  -23.527  80.914 0.2500000000
57516  -35.593  -22.716  78.575 0.2500000000
57522  -9.697  -24.920  78.808 0.7500000000
57546  -35.110  -22.756  77.718 0.2500000000
57560  -34.283  -22.893  77.068 0.1250000000
57562  -35.163  -22.498  77.556 0.1250000000
57578  -34.453  -22.531  76.524 0.1250000000
58457  -30.461  -23.157  86.993 0.6250000000
58461  -34.860  -23.493  86.480 0.7500000000
58474  -35.404  -22.742  85.137 0.6250000000
58491  -36.051  -22.523  84.101 0.5000000000
58508  -35.501  -22.606  82.911 0.5000000000
58521  -35.851  -22.967  82.018 0.3750000000
58522  -36.245  -22.606  81.710 0.3750000000
58535  -36.239  -22.510  80.817 0.3750000000
58551  -35.733  -22.141  78.902 0.5000000000
58559  -8.191  -23.630  78.181 0.7500000000
58563  -36.155  -22.467  78.061 0.3750000000
58572  -8.268  -23.717  77.459 0.6250000000
58587  -34.661  -22.457  77.165 0.1250000000
58601  -34.802  -22.053  76.577 0.2500000000
58697  -3.770  -24.123  68.808 0.1250000000
59516  -36.417  -22.280  85.298 0.7500000000
59531  -29.400  -22.194  84.394 0.5000000000
59532  -36.410  -22.138  83.831 0.6250000000
59533  -36.765  -21.605  84.156 0.5000000000
59542  -3.571  -21.190  82.207 1.0000000000
59560  -28.749  -22.111  82.201 0.2500000000
59590  -36.187  -21.349  78.701 0.5000000000
59591  -36.891  -21.455  77.958 0.5000000000
59602  -36.438  -22.010  77.818 0.1250000000
59614  -35.749  -21.843  77.389 0.2500000000
59615  -35.757  -21.245  77.361 0.1250000000
60451  -12.402  -21.594  89.803 0.3750000000
60471  -32.919  -21.144  88.156 0.7500000000
60480  -27.776  -20.984  87.760 0.3750000000
60485  -36.170  -21.609  87.345 0.8750000000
60496  -28.506  -21.324  86.584 0.6250000000
60500  -10.118  -21.606  86.067 0.2500000000
60507  -28.299  -21.381  84.947 0.6250000000
60533  -3.523  -20.967  81.266 1.0000000000
60542  -3.412  -21.073  80.501 1.0000000000
60570  -37.199  -20.933  77.901 0.6250000000
61431  -18.771  -19.800  89.078 0.3750000000
61491  -26.249  -20.693  85.913 0.7500000000
61495  -38.394  -19.998  85.806 0.2500000000
61500  -12.089  -20.014  84.509 0.2500000000
61510  -37.410  -20.377  83.670 0.7500000000
61525  -37.184  -20.301  82.296 0.6250000000
61535  -36.512  -20.096  80.742 0.6250000000
61569  -36.275  -20.539  77.825 0.5000000000
61570  -36.963  -20.743  77.791 0.1250000000
61586  -35.916  -20.520  77.362 0.1250000000
61612  -4.526  -20.766  73.632 0.6250000000
62432  -18.311  -19.363  89.835 0.3750000000
62493  -8.669  -19.042  85.316 0.2500000000
62495  -12.714  -19.727  85.071 0.2500000000
62505  -35.862  -19.421  85.810 0.3750000000
62530  -37.386  -19.763  83.378 0.7500000000
62537  -36.869  -19.155  82.427 0.5000000000
62559  -36.123  -19.895  79.382 0.6250000000
62572  -35.948  -19.782  77.252 0.1250000000
63357  -15.306  -18.485  90.628 0.3750000000
63369  -14.682  -18.721  89.410 0.3750000000
63375  -30.977  -18.920  88.209 0.3750000000
63409  -38.514  -17.972  85.898 0.2500000000
63422  -9.742  -18.020  83.747 0.2500000000
63442  -37.626  -18.442  84.148 0.5000000000
63443  -10.986  -17.980  82.638 0.2500000000
63444  -11.607  -18.179  82.560 0.2500000000
63461  -35.774  -18.611  79.325 0.6250000000
63466  -3.473  -18.160  79.021 0.7500000000
63477  -35.530  -18.814  77.596 0.2500000000
63478  -35.582  -19.436  77.646 0.1250000000
63491  -6.838  -18.815  75.715 0.7500000000
63508  -4.920  -18.729  72.634 0.6250000000
64307  -27.823  -17.166  90.635 0.2500000000
64333  -14.681  -17.640  86.886 0.1250000000
64351  -38.534  -17.445  85.396 0.2500000000
64367  -15.283  -16.816  83.673 0.1250000000
64376  -2.368  -17.171  82.717 0.7500000000
64380  -14.257  -17.098  82.781 0.1250000000
64395  -36.505  -17.737  81.746 0.5000000000
64400  -36.124  -17.723  80.902 0.6250000000
64433  -34.886  -18.142  76.959 0.2500000000
64450  -8.173  -17.671  73.900 0.7500000000
65257  -16.924  -16.489  92.935 0.2500000000
65298  -27.365  -16.822  87.685 0.3750000000
65436  -8.063  -16.175  75.052 0.7500000000
66360  -21.544  -15.381  92.639 0.2500000000
66362  -23.204  -15.494  92.489 0.2500000000
66364  -17.334  -15.425  91.381 0.2500000000
66371  -26.750  -15.893  91.263 0.1250000000
66387  -16.973  -16.101  88.058 0.3750000000
66410  -36.632  -15.141  86.496 0.2500000000
66420  -37.647  -15.273  85.852 0.3750000000
66444  -3.336  -15.396  82.452 0.5000000000
66448  -12.159  -15.285  81.899 0.1250000000
66467  -31.793  -15.482  81.756 0.1250000000
66541  -33.032  -16.336  75.936 0.2500000000
66612  -3.531  -15.265  67.828 0.1250000000
67403  -26.277  -14.905  89.010 0.2500000000
67449  -38.072  -14.503  85.274 0.3750000000
67461  -38.524  -14.127  84.400 0.2500000000
67463  -2.858  -14.735  83.899 0.5000000000
67485  -37.232  -14.521  82.531 0.7500000000
67549  -7.850  -14.623  77.016 0.5000000000
68444  -23.930  -12.137  89.731 0.2500000000
68454  -3.449  -13.304  87.857 0.3750000000
68532  -29.611  -13.258  81.342 0.1250000000
68633  -31.415  -13.767  74.935 0.2500000000
68649  -5.683  -13.631  73.048 0.5000000000
68696  -3.084  -13.126  69.538 0.2500000000
69467  -10.713  -12.899  90.231 0.1250000000
69471  -23.406  -12.311  90.107 0.2500000000
69517  -31.667  -12.093  85.510 0.1250000000
69528  -30.850  -12.256  84.158 0.1250000000
69530  -37.329  -12.146  84.334 0.3750000000
69573  -21.772  -12.716  80.158 0.1250000000
69606  -10.061  -11.615  75.824 0.1250000000
69665  -3.246  -12.972  68.971 0.1250000000
69666  -3.936  -12.873  68.563 0.1250000000
70506  -11.538  -11.864  88.956 0.1250000000
70518  -23.510  -11.459  87.748 0.2500000000
70519  -32.941  -11.512  88.042 0.1250000000
70532  -32.374  -11.453  87.538 0.1250000000
70577  -28.960  -12.089  83.013 0.1250000000
70589  -28.784  -11.906  81.495 0.1250000000
70608  -27.684  -11.653  78.413 0.1250000000
70611  -33.133  -12.119  78.509 0.7500000000
70613  -10.282  -11.456  77.120 0.1250000000
70625  -9.441  -11.060  75.354 0.1250000000
70642  -6.887  -11.515  73.716 0.1250000000
70651  -4.388  -11.259  72.434 0.2500000000
70660  -3.727  -11.823  71.288 0.2500000000
70696  -40.843  -10.082  67.268 0.5000000000
70697  -41.449  -9.913  66.922 0.5000000000
71484  -31.869  -10.496  88.087 0.1250000000
71505  -36.460  -10.849  85.252 0.2500000000
71510  -29.745  -10.132  84.228 0.1250000000
71580  -31.791  -10.546  76.271 0.6250000000
71640  -43.954  -9.792  69.242 0.5000000000
71654  -43.325  -10.068  68.897 0.7500000000
71665  -42.884  -9.630  68.100 0.8750000000
71671  -38.768  -9.527  66.151 0.1250000000
71683  -39.268  -9.711  65.671 0.1250000000
71686  -41.926  -9.555  66.278 0.2500000000
71706  -38.746  -9.711  63.874 0.1250000000
71721  -40.093  -9.982  62.822 0.1250000000
72469  -32.047  -9.792  88.278 0.1250000000
72470  -32.770  -9.490  88.401 0.1250000000
72471  -33.179  -9.718  88.167 0.1250000000
72472  -33.597  -9.499  87.827 0.1250000000
72537  -28.932  -9.780  79.231 0.1250000000
72541  -8.280  -9.583  78.903 0.1250000000
72561  -31.580  -9.896  74.892 0.5000000000
72564  -9.130  -9.598  74.470 0.1250000000
72587  -45.023  -9.643  72.018 0.5000000000
72617  -45.389  -9.382  70.478 0.5000000000
72639  -33.200  -8.426  68.617 0.1250000000
72643  -41.448  -9.749  68.439 0.7500000000
72645  -44.541  -9.602  69.023 0.7500000000
72646  -44.953  -9.161  68.786 0.8750000000
72668  -43.182  -9.259  66.834 0.6250000000
72690  -42.213  -9.020  64.791 0.2500000000
73543  -32.943  -8.968  88.562 0.1250000000
73550  -33.181  -8.628  88.464 0.1250000000
73607  -33.979  -9.041  80.972 0.5000000000
73624  -32.572  -8.499  78.294 0.6250000000
73677  -32.670  -8.427  73.113 0.3750000000
73774  -40.332  -8.330  68.618 0.5000000000
73776  -45.296  -8.469  68.515 0.6250000000
73789  -38.246  -8.592  67.981 0.6250000000
73801  -43.535  -8.792  66.386 0.6250000000
73841  -40.993  -9.112  62.085 0.1250000000
74576  -32.846  -8.731  88.577 0.1250000000
74603  -29.920  -7.669  84.136 0.1250000000
74657  -33.521  -7.437  78.000 0.6250000000
74659  -38.340  -7.698  78.383 0.6250000000
74727  -35.352  -7.452  72.729 0.5000000000
74769  -37.707  -7.030  68.338 0.3750000000
74781  -35.773  -6.648  67.421 0.1250000000
74794  -36.506  -6.633  66.894 0.1250000000
74802  -44.400  -8.009  65.833 0.6250000000
74818  -43.722  -7.436  63.959 0.5000000000
75608  -30.954  -6.232  84.996 0.1250000000
75630  -33.784  -6.473  81.591 0.2500000000
75758  -47.168  -7.136  70.243 0.1250000000
75803  -44.837  -6.913  64.438 0.3750000000
75822  -44.944  -5.640  62.967 0.5000000000
76629  -35.302  -5.565  84.084 0.2500000000
76677  -43.735  -4.950  80.330 0.2500000000
76678  -43.832  -4.516  80.294 0.2500000000
76782  -46.312  -5.223  66.994 0.6250000000
76783  -46.946  -4.743  66.944 0.6250000000
76801  -46.103  -5.327  64.316 0.6250000000
76818  -45.131  -5.259  62.627 0.5000000000
76829  -43.794  -5.313  61.452 0.2500000000
77609  -38.892  -3.545  82.448 0.3750000000
77632  -42.732  -4.314  80.339 0.3750000000
77633  -43.369  -4.703  80.300 0.2500000000
77639  -43.662  -2.566  79.377 0.1250000000
77641  -43.757  -3.982  80.188 0.2500000000
77755  -47.386  -4.333  66.315 0.6250000000
77775  -47.273  -4.439  64.294 0.5000000000
77809  -41.907  -4.456  59.944 0.1250000000
78510  -39.227  -2.962  82.374 0.3750000000
78516  -39.676  -2.982  82.199 0.2500000000
78720  -47.875  -3.876  64.052 0.5000000000
78735  -47.391  -3.432  62.926 0.7500000000
78745  -45.380  -3.123  61.466 0.6250000000
79507  -37.907  -2.113  82.675 0.2500000000
79729  -50.205  -2.310  67.566 0.1250000000
79767  -47.415  -2.801  62.571 0.6250000000
79802  -44.830  -1.809  60.301 0.1250000000
80692  -50.541  -1.812  67.194 0.2500000000
80725  -49.694  -1.549  64.787 0.2500000000
80730  -49.819  -1.655  63.999 0.2500000000
80739  -49.329  -1.414  63.189 0.5000000000
80748  -48.014  -0.794  61.906 0.3750000000
80773  -46.423  -1.023  59.842 0.2500000000
81656  -51.956  0.274  66.941 0.1250000000
81677  -49.412  -0.488  62.715 0.3750000000
81689  -47.504  -0.284  61.217 0.5000000000
81716  -46.339  -0.074  59.758 0.1250000000
82628  -51.722  -0.005  66.128 0.2500000000
83584  -48.722  1.573  61.235 0.2500000000
83593  -48.378  1.808  60.525 0.1250000000
83619  -52.665  1.993  56.039 0.3750000000
83647  -52.723  1.892  54.854 0.1250000000
83674  -51.991  2.166  53.139 0.1250000000
84506  -52.898  2.344  65.580 0.1250000000
84517  -53.096  2.989  65.212 0.1250000000
84568  -49.323  2.650  59.555 0.2500000000
84573  -49.579  2.624  57.712 0.2500000000
84576  -52.699  2.941  56.683 0.3750000000
84584  -54.212  2.889  56.936 0.5000000000
84592  -53.577  2.004  55.533 0.3750000000
84593  -54.038  2.413  55.552 0.2500000000
84606  -53.623  2.401  54.321 0.1250000000
85476  -54.626  3.300  67.347 0.1250000000
85558  -50.326  3.619  59.406 0.2500000000
85561  -53.315  3.596  58.010 0.3750000000
85567  -51.675  3.969  57.511 0.2500000000
85569  -53.787  3.193  57.550 0.5000000000
85573  -55.263  3.430  56.961 0.5000000000
85590  -54.161  3.755  54.638 0.5000000000
86482  -54.522  4.229  66.182 0.1250000000
86510  -54.261  5.463  64.278 0.2500000000
86565  -51.580  4.582  59.176 0.3750000000
86568  -55.025  4.371  58.719 0.6250000000
86574  -53.707  4.309  58.410 0.5000000000
86577  -56.219  3.925  59.081 0.6250000000
86590  -55.229  4.235  55.937 0.6250000000
86600  -54.041  4.627  54.444 0.5000000000
87478  -54.466  5.723  63.914 0.2500000000
87523  -55.866  5.450  60.474 0.2500000000
87539  -53.973  5.201  59.272 0.5000000000
87556  -56.745  4.607  57.520 0.6250000000
87567  -56.035  5.417  56.068 0.3750000000
88437  -55.314  6.402  62.662 0.1250000000
88462  -57.109  5.867  60.676 0.3750000000
88463  -57.766  5.904  60.134 0.1250000000
88484  -58.555  6.875  57.880 0.3750000000
88517  -52.390  6.482  52.415 0.3750000000
88518  -52.906  6.720  52.677 0.3750000000
89329  -56.862  7.373  55.084 0.2500000000
89350  -53.366  8.127  52.061 0.3750000000
90087  -53.495  7.903  66.379 0.1250000000
90197  -57.629  8.726  53.398 0.2500000000
90213  -53.354  8.290  50.491 0.1250000000
90224  -58.484  8.974  49.383 0.2500000000
90234  -59.776  9.189  48.616 0.2500000000
90244  -60.305  8.951  47.290 0.2500000000
90255  -59.941  8.468  46.565 0.2500000000
90257  -61.024  9.079  46.239 0.1250000000
90269  -57.075  8.737  45.420 0.1250000000
90271  -60.711  8.775  45.930 0.1250000000
91126  -58.923  9.205  56.373 0.1250000000
91171  -59.718  9.560  52.548 0.2500000000
91196  -59.378  9.374  51.535 0.2500000000
91197  -59.914  9.637  51.160 0.1250000000
91213  -55.914  9.361  48.679 0.1250000000
91215  -60.442  9.412  48.580 0.2500000000
91227  -60.988  9.413  46.735 0.1250000000
91228  -61.186  9.706  46.093 0.1250000000
91237  -59.959  8.909  45.403 0.1250000000
92053  -58.745  11.992  57.567 0.1250000000
92094  -59.460  10.028  53.695 0.1250000000
92133  -60.363  9.361  47.856 0.1250000000
92149  -61.163  9.841  45.368 0.1250000000
92158  -60.844  10.545  44.834 0.1250000000
92163  -60.552  10.513  43.675 0.1250000000
92172  -59.146  10.752  42.149 0.1250000000
93059  -60.034  10.625  51.141 0.1250000000
93067  -59.823  11.289  48.941 0.2500000000
93073  -60.581  10.233  47.154 0.1250000000
93098  -60.068  11.495  44.917 0.1250000000
93107  -60.621  11.318  43.249 0.1250000000
93118  -60.630  11.472  42.796 0.1250000000
94009  -57.431  12.437  45.814 0.1250000000
94022  -58.767  12.316  44.153 0.1250000000
94973  -60.045  13.488  43.253 0.1250000000
94974  -60.638  13.237  42.922 0.1250000000
135423  -43.367  -9.139  70.863 0.6250000000
135830  -32.711  -24.763  75.615 0.1250000000
136227  -4.478  -29.995  87.016 1.0000000000
136255  -3.485  -34.767  84.290 0.7500000000
136384  -50.504  -0.717  65.387 0.1250000000
136679  -37.100  -7.872  72.331 0.7500000000
137251  -4.945  -31.553  89.609 1.0000000000
137626  -32.966  -23.459  84.620 0.5000000000
137657  -57.221  8.395  48.191 0.2500000000
138023  -7.356  -27.763  93.316 1.0000000000
138278  -38.437  -8.265  77.128 0.5000000000
138377  -31.340  -23.143  85.068 0.6250000000
138753  -42.272  -8.971  64.030 0.2500000000
138781  -58.775  10.734  57.007 0.1250000000
139541  -4.676  -28.964  72.222 0.6250000000
139579  -42.934  -8.583  71.149 0.6250000000
140013  -3.986  -21.723  73.624 0.6250000000
140168  -55.705  9.405  47.065 0.1250000000
140394  -37.545  -9.152  66.033 0.1250000000
141206  -31.179  -23.310  86.698 0.6250000000
141832  -36.297  -22.073  84.942 0.6250000000
141979  -5.223  -32.655  79.696 0.5000000000
142164  -28.507  -17.065  87.895 0.3750000000
142882  -43.194  -9.333  67.509 0.5000000000
142934  -35.566  -18.522  77.025 0.2500000000
143234  -5.579  -30.200  72.360 0.6250000000
143275  -56.323  8.188  50.431 0.3750000000
143305  -37.349  -20.558  86.611 0.5000000000
143598  -2.335  -19.291  85.712 0.7500000000
144018  -36.546  -21.311  79.964 0.5000000000
144545  -3.123  -14.409  85.003 0.5000000000
144794  -34.024  -23.427  77.200 0.1250000000
144795  -45.263  -3.993  61.540 0.6250000000
145162  -22.136  -16.819  91.767 0.1250000000
145180  -43.458  -5.659  61.886 0.5000000000
145982  -7.005  -32.432  91.027 0.8750000000
146069  -5.618  -31.992  90.751 0.8750000000
146120  -35.108  -19.688  76.383 0.1250000000
146486  -12.189  -12.258  84.813 0.1250000000
146503  -6.868  -36.090  79.002 0.3750000000
146905  -11.431  -16.175  82.287 0.1250000000
147463  -36.402  -6.510  67.224 0.1250000000
147529  -27.946  -19.205  90.596 0.2500000000
148341  -4.423  -32.120  86.731 0.8750000000
148390  -5.114  -27.912  85.387 1.0000000000
148728  -4.367  -31.137  86.173 0.8750000000
149186  -7.935  -31.642  73.582 0.5000000000
149193  -36.697  -7.724  75.072 0.5000000000
149879  -2.229  -17.811  80.521 0.7500000000
150106  -35.945  -20.281  78.527 0.6250000000
150263  -35.306  -21.409  77.035 0.1250000000
150536  -8.996  -16.024  85.554 0.2500000000
150644  -20.777  -12.740  90.866 0.2500000000
150772  -3.444  -15.823  70.182 0.1250000000
151013  -43.937  -8.416  65.910 0.3750000000
151154  -11.160  -14.629  83.839 0.1250000000
151252  -2.882  -20.028  80.575 0.8750000000
151828  -33.765  -23.509  80.854 0.1250000000
152496  -33.320  -8.312  79.202 0.6250000000
152501  -60.156  10.779  49.548 0.2500000000
153333  -31.278  -20.711  88.797 0.6250000000
153444  -11.276  -25.966  94.442 0.7500000000
153944  -58.655  8.769  45.421 0.1250000000
154067  -44.973  -9.172  69.993 0.5000000000
154747  -29.228  -9.440  79.797 0.1250000000
154838  -34.333  -10.593  80.535 0.5000000000
154847  -31.413  -6.018  86.951 0.1250000000
155568  -4.000  -13.309  72.362 0.2500000000
155761  -9.008  -29.325  73.444 0.6250000000
155889  -31.683  -17.381  82.282 0.1250000000
156291  -32.280  -15.390  82.253 0.1250000000
156976  -53.750  2.311  55.980 0.3750000000
156986  -29.210  -20.010  89.703 0.3750000000
157418  -59.590  10.935  52.478 0.1250000000
157743  -4.501  -23.025  85.808 0.8750000000
157765  -41.617  -9.591  65.527 0.2500000000
157833  -5.376  -12.079  73.680 0.2500000000
157853  -43.038  -3.418  79.988 0.1250000000
158041  -4.548  -21.764  77.776 0.8750000000
158064  -47.858  -1.449  62.175 0.3750000000
158732  -3.587  -33.252  82.110 0.6250000000
159069  -54.906  6.093  67.116 0.1250000000
159146  -10.073  -25.581  74.962 0.6250000000
159605  -4.143  -31.355  82.219 0.7500000000
159673  -27.246  -20.137  89.039 0.2500000000
159679  -60.402  9.542  48.499 0.2500000000
159740  -4.822  -31.426  88.889 1.0000000000
159920  -6.744  -31.120  92.117 0.8750000000
160165  -9.898  -12.995  78.556 0.1250000000
160473  -3.379  -18.783  68.890 0.2500000000
160506  -7.596  -23.722  77.079 0.6250000000
160779  -34.477  -23.930  79.653 0.2500000000
160939  -43.561  -7.213  63.342 0.2500000000
161126  -25.570  -20.345  80.089 0.1250000000
161169  -56.550  6.739  55.502 0.2500000000
161460  -37.969  -16.151  83.462 0.7500000000
161499  -41.803  -10.004  67.414 0.5000000000
161701  -30.093  -7.552  82.504 0.1250000000
161725  -22.874  -19.457  84.240 0.3750000000
161882  -46.478  -1.003  60.431 0.2500000000
161995  -6.139  -24.931  88.344 1.0000000000
162131  -20.791  -18.779  87.658 0.1250000000
162155  -3.168  -16.672  80.279 0.7500000000
162189  -8.380  -23.821  81.412 0.8750000000
162255  -13.220  -16.543  81.861 0.1250000000
162457  -11.270  -21.975  88.546 0.3750000000
162504  -5.519  -15.739  67.565 0.1250000000
162593  -30.717  -9.920  86.314 0.1250000000
162632  -37.097  -20.470  84.842 0.3750000000
162656  -36.577  -22.512  86.089 0.7500000000
162712  -22.646  -12.865  82.861 0.1250000000
162763  -28.467  -8.315  78.020 0.1250000000
162970  -8.578  -24.810  81.608 0.8750000000
163479  -35.504  -13.044  86.576 0.1250000000
163682  -31.742  -23.343  82.731 0.2500000000
163809  -24.615  -13.269  89.855 0.2500000000
163858  -4.118  -17.007  68.427 0.1250000000
163909  -36.102  -21.140  79.203 0.6250000000
164181  -58.082  11.851  47.458 0.1250000000
164265  -25.786  -20.447  86.402 0.7500000000
164550  -33.889  -23.491  78.522 0.1250000000
164708  -18.634  -20.327  85.367 0.5000000000
