
Tue Mar 10 05:29:40 CET 2026
cd /out/sourcedata/freesurfer/sub-v1s6x0051321_ses-1
setenv SUBJECTS_DIR /out/sourcedata/freesurfer
/opt/freesurfer/bin/recon-all -autorecon1 -i /work/fmriprep_25_2_wf/sub_v1s6x0051321_ses_1_wf/anat_fit_wf/anat_validate/sub-v1s6x0051321_ses-1_T1w_noise_corrected_ras_valid.nii.gz -noskullstrip -noT2pial -noFLAIRpial -openmp 16 -subjid sub-v1s6x0051321_ses-1 -sd /out/sourcedata/freesurfer

subjid sub-v1s6x0051321_ses-1
setenv SUBJECTS_DIR /out/sourcedata/freesurfer
FREESURFER_HOME /opt/freesurfer
Actual FREESURFER_HOME /opt/freesurfer
build-stamp.txt: freesurfer-linux-ubuntu22_x86_64-7.3.2-20220804-6354275
Linux dna029 5.14.0-427.37.1.el9_4.x86_64 #1 SMP PREEMPT_DYNAMIC Fri Sep 13 12:41:50 EDT 2024 x86_64 x86_64 x86_64 GNU/Linux
cputime      unlimited
filesize     unlimited
datasize     unlimited
stacksize    8192 kbytes
coredumpsize 0 kbytes
memoryuse    67108864 kbytes
vmemoryuse   unlimited
descriptors  1024 
memorylocked unlimited
maxproc      2061970 
maxlocks     unlimited
maxsignal    2061970 
maxmessage   819200 
maxnice      0 
maxrtprio    0 
maxrttime    unlimited

               total        used        free      shared  buff/cache   available
Mem:           503Gi        49Gi       418Gi       9.1Gi        35Gi       441Gi
Swap:             0B          0B          0B

########################################
program versions used
7.3.2 (freesurfer-linux-ubuntu22_x86_64-7.3.2-20220804-6354275)
7.3.2

ProgramName: lta_convert  ProgramArguments: lta_convert -all-info  ProgramVersion: 7.3.2  TimeStamp: 2026/03/10-04:29:40-GMT  BuildTime: Aug  4 2022 06:17:15  BuildStamp: freesurfer-linux-ubuntu22_x86_64-7.3.2-20220804-6354275  User: oesteban  Machine: dna029  Platform: Linux  PlatformVersion: 5.14.0-427.37.1.el9_4.x86_64  CompilerName: GCC  CompilerVersion: 8.4.0
ProgramName: mri_and  ProgramArguments: mri_and -all-info  ProgramVersion: 7.3.2  TimeStamp: 2026/03/10-04:29:40-GMT  BuildTime: Aug  4 2022 06:17:15  BuildStamp: freesurfer-linux-ubuntu22_x86_64-7.3.2-20220804-6354275  User: oesteban  Machine: dna029  Platform: Linux  PlatformVersion: 5.14.0-427.37.1.el9_4.x86_64  CompilerName: GCC  CompilerVersion: 8.4.0
ProgramName: mri_annotation2label  ProgramArguments: mri_annotation2label -all-info  ProgramVersion: 7.3.2  TimeStamp: 2026/03/10-04:29:40-GMT  BuildTime: Aug  4 2022 06:17:15  BuildStamp: freesurfer-linux-ubuntu22_x86_64-7.3.2-20220804-6354275  User: oesteban  Machine: dna029  Platform: Linux  PlatformVersion: 5.14.0-427.37.1.el9_4.x86_64  CompilerName: GCC  CompilerVersion: 8.4.0
ProgramName: mri_aparc2aseg  ProgramArguments: mri_aparc2aseg -all-info  ProgramVersion: 7.3.2  TimeStamp: 2026/03/10-04:29:40-GMT  BuildTime: Aug  4 2022 06:17:15  BuildStamp: freesurfer-linux-ubuntu22_x86_64-7.3.2-20220804-6354275  User: oesteban  Machine: dna029  Platform: Linux  PlatformVersion: 5.14.0-427.37.1.el9_4.x86_64  CompilerName: GCC  CompilerVersion: 8.4.0
ProgramName: mri_surf2volseg  ProgramArguments: mri_surf2volseg -all-info  ProgramVersion: 7.3.2  TimeStamp: 2026/03/10-04:29:40-GMT  BuildTime: Aug  4 2022 06:17:15  BuildStamp: freesurfer-linux-ubuntu22_x86_64-7.3.2-20220804-6354275  User: oesteban  Machine: dna029  Platform: Linux  PlatformVersion: 5.14.0-427.37.1.el9_4.x86_64  CompilerName: GCC  CompilerVersion: 8.4.0
ProgramName: mri_binarize  ProgramArguments: mri_binarize -all-info  ProgramVersion: 7.3.2  TimeStamp: 2026/03/10-04:29:40-GMT  BuildTime: Aug  4 2022 06:17:15  BuildStamp: freesurfer-linux-ubuntu22_x86_64-7.3.2-20220804-6354275  User: oesteban  Machine: dna029  Platform: Linux  PlatformVersion: 5.14.0-427.37.1.el9_4.x86_64  CompilerName: GCC  CompilerVersion: 8.4.0
ProgramName: mri_ca_label  ProgramArguments: mri_ca_label -all-info  ProgramVersion: 7.3.2  TimeStamp: 2026/03/10-04:29:40-GMT  BuildTime: Aug  4 2022 06:17:15  BuildStamp: freesurfer-linux-ubuntu22_x86_64-7.3.2-20220804-6354275  User: oesteban  Machine: dna029  Platform: Linux  PlatformVersion: 5.14.0-427.37.1.el9_4.x86_64  CompilerName: GCC  CompilerVersion: 8.4.0
ProgramName: mri_ca_normalize  ProgramArguments: mri_ca_normalize -all-info  ProgramVersion: 7.3.2  TimeStamp: 2026/03/10-04:29:40-GMT  BuildTime: Aug  4 2022 06:17:15  BuildStamp: freesurfer-linux-ubuntu22_x86_64-7.3.2-20220804-6354275  User: oesteban  Machine: dna029  Platform: Linux  PlatformVersion: 5.14.0-427.37.1.el9_4.x86_64  CompilerName: GCC  CompilerVersion: 8.4.0
ProgramName: mri_ca_register  ProgramArguments: mri_ca_register -all-info  ProgramVersion: 7.3.2  TimeStamp: 2026/03/10-04:29:40-GMT  BuildTime: Aug  4 2022 06:17:15  BuildStamp: freesurfer-linux-ubuntu22_x86_64-7.3.2-20220804-6354275  User: oesteban  Machine: dna029  Platform: Linux  PlatformVersion: 5.14.0-427.37.1.el9_4.x86_64  CompilerName: GCC  CompilerVersion: 8.4.0
ProgramName: mri_cc  ProgramArguments: mri_cc -all-info  ProgramVersion: 7.3.2  TimeStamp: 2026/03/10-04:29:40-GMT  BuildTime: Aug  4 2022 06:17:15  BuildStamp: freesurfer-linux-ubuntu22_x86_64-7.3.2-20220804-6354275  User: oesteban  Machine: dna029  Platform: Linux  PlatformVersion: 5.14.0-427.37.1.el9_4.x86_64  CompilerName: GCC  CompilerVersion: 8.4.0
ProgramName: mri_compute_overlap  ProgramArguments: mri_compute_overlap -all-info  ProgramVersion: 7.3.2  TimeStamp: 2026/03/10-04:29:40-GMT  BuildTime: Aug  4 2022 06:17:15  BuildStamp: freesurfer-linux-ubuntu22_x86_64-7.3.2-20220804-6354275  User: oesteban  Machine: dna029  Platform: Linux  PlatformVersion: 5.14.0-427.37.1.el9_4.x86_64  CompilerName: GCC  CompilerVersion: 8.4.0
ProgramName: mri_compute_seg_overlap  ProgramArguments: mri_compute_seg_overlap -all-info  ProgramVersion: 7.3.2  TimeStamp: 2026/03/10-04:29:40-GMT  BuildTime: Aug  4 2022 06:17:15  BuildStamp: freesurfer-linux-ubuntu22_x86_64-7.3.2-20220804-6354275  User: oesteban  Machine: dna029  Platform: Linux  PlatformVersion: 5.14.0-427.37.1.el9_4.x86_64  CompilerName: GCC  CompilerVersion: 8.4.0
ProgramName: mri_concat  ProgramArguments: mri_concat -all-info  ProgramVersion: 7.3.2  TimeStamp: 2026/03/10-04:29:40-GMT  BuildTime: Aug  4 2022 06:17:15  BuildStamp: freesurfer-linux-ubuntu22_x86_64-7.3.2-20220804-6354275  User: oesteban  Machine: dna029  Platform: Linux  PlatformVersion: 5.14.0-427.37.1.el9_4.x86_64  CompilerName: GCC  CompilerVersion: 8.4.0
ProgramName: mri_concatenate_lta  ProgramArguments: mri_concatenate_lta -all-info  ProgramVersion: 7.3.2  TimeStamp: 2026/03/10-04:29:40-GMT  BuildTime: Aug  4 2022 06:17:15  BuildStamp: freesurfer-linux-ubuntu22_x86_64-7.3.2-20220804-6354275  User: oesteban  Machine: dna029  Platform: Linux  PlatformVersion: 5.14.0-427.37.1.el9_4.x86_64  CompilerName: GCC  CompilerVersion: 8.4.0
mri_convert -all-info 
ProgramName: mri_convert  ProgramArguments: mri_convert -all-info  ProgramVersion: 7.3.2  TimeStamp: 2026/03/10-04:29:40-GMT  BuildTime: Aug  4 2022 06:17:15  BuildStamp: freesurfer-linux-ubuntu22_x86_64-7.3.2-20220804-6354275  User: oesteban  Machine: dna029  Platform: Linux  PlatformVersion: 5.14.0-427.37.1.el9_4.x86_64  CompilerName: GCC  CompilerVersion: 8.4.0
ProgramName: mri_diff  ProgramArguments: mri_diff -all-info  ProgramVersion: 7.3.2  TimeStamp: 2026/03/10-04:29:40-GMT  BuildTime: Aug  4 2022 06:17:15  BuildStamp: freesurfer-linux-ubuntu22_x86_64-7.3.2-20220804-6354275  User: oesteban  Machine: dna029  Platform: Linux  PlatformVersion: 5.14.0-427.37.1.el9_4.x86_64  CompilerName: GCC  CompilerVersion: 8.4.0
ProgramName: mri_edit_wm_with_aseg  ProgramArguments: mri_edit_wm_with_aseg -all-info  ProgramVersion: 7.3.2  TimeStamp: 2026/03/10-04:29:40-GMT  BuildTime: Aug  4 2022 06:17:15  BuildStamp: freesurfer-linux-ubuntu22_x86_64-7.3.2-20220804-6354275  User: oesteban  Machine: dna029  Platform: Linux  PlatformVersion: 5.14.0-427.37.1.el9_4.x86_64  CompilerName: GCC  CompilerVersion: 8.4.0
ProgramName: mri_em_register  ProgramArguments: mri_em_register -all-info  ProgramVersion: 7.3.2  TimeStamp: 2026/03/10-04:29:40-GMT  BuildTime: Aug  4 2022 06:17:15  BuildStamp: freesurfer-linux-ubuntu22_x86_64-7.3.2-20220804-6354275  User: oesteban  Machine: dna029  Platform: Linux  PlatformVersion: 5.14.0-427.37.1.el9_4.x86_64  CompilerName: GCC  CompilerVersion: 8.4.0
ProgramName: mri_fill  ProgramArguments: mri_fill -all-info  ProgramVersion: 7.3.2  TimeStamp: 2026/03/10-04:29:40-GMT  BuildTime: Aug  4 2022 06:17:15  BuildStamp: freesurfer-linux-ubuntu22_x86_64-7.3.2-20220804-6354275  User: oesteban  Machine: dna029  Platform: Linux  PlatformVersion: 5.14.0-427.37.1.el9_4.x86_64  CompilerName: GCC  CompilerVersion: 8.4.0
ProgramName: mri_fuse_segmentations  ProgramArguments: mri_fuse_segmentations -all-info  ProgramVersion: 7.3.2  TimeStamp: 2026/03/10-04:29:40-GMT  BuildTime: Aug  4 2022 06:17:15  BuildStamp: freesurfer-linux-ubuntu22_x86_64-7.3.2-20220804-6354275  User: oesteban  Machine: dna029  Platform: Linux  PlatformVersion: 5.14.0-427.37.1.el9_4.x86_64  CompilerName: GCC  CompilerVersion: 8.4.0
ProgramName: mri_fwhm  ProgramArguments: mri_fwhm -all-info  ProgramVersion: 7.3.2  TimeStamp: 2026/03/10-04:29:40-GMT  BuildTime: Aug  4 2022 06:17:15  BuildStamp: freesurfer-linux-ubuntu22_x86_64-7.3.2-20220804-6354275  User: oesteban  Machine: dna029  Platform: Linux  PlatformVersion: 5.14.0-427.37.1.el9_4.x86_64  CompilerName: GCC  CompilerVersion: 8.4.0
ProgramName: mri_gcut  ProgramArguments: mri_gcut -all-info  ProgramVersion: 7.3.2  TimeStamp: 2026/03/10-04:29:40-GMT  BuildTime: Aug  4 2022 06:17:15  BuildStamp: freesurfer-linux-ubuntu22_x86_64-7.3.2-20220804-6354275  User: oesteban  Machine: dna029  Platform: Linux  PlatformVersion: 5.14.0-427.37.1.el9_4.x86_64  CompilerName: GCC  CompilerVersion: 8.4.0
ProgramName: mri_info  ProgramArguments: mri_info -all-info  ProgramVersion: 7.3.2  TimeStamp: 2026/03/10-04:29:40-GMT  BuildTime: Aug  4 2022 06:17:15  BuildStamp: freesurfer-linux-ubuntu22_x86_64-7.3.2-20220804-6354275  User: oesteban  Machine: dna029  Platform: Linux  PlatformVersion: 5.14.0-427.37.1.el9_4.x86_64  CompilerName: GCC  CompilerVersion: 8.4.0
ProgramName: mri_label2label  ProgramArguments: mri_label2label -all-info  ProgramVersion: 7.3.2  TimeStamp: 2026/03/10-04:29:40-GMT  BuildTime: Aug  4 2022 06:17:15  BuildStamp: freesurfer-linux-ubuntu22_x86_64-7.3.2-20220804-6354275  User: oesteban  Machine: dna029  Platform: Linux  PlatformVersion: 5.14.0-427.37.1.el9_4.x86_64  CompilerName: GCC  CompilerVersion: 8.4.0
ProgramName: mri_label2vol  ProgramArguments: mri_label2vol -all-info  ProgramVersion: 7.3.2  TimeStamp: 2026/03/10-04:29:40-GMT  BuildTime: Aug  4 2022 06:17:15  BuildStamp: freesurfer-linux-ubuntu22_x86_64-7.3.2-20220804-6354275  User: oesteban  Machine: dna029  Platform: Linux  PlatformVersion: 5.14.0-427.37.1.el9_4.x86_64  CompilerName: GCC  CompilerVersion: 8.4.0
ProgramName: mri_log_likelihood  ProgramArguments: mri_log_likelihood -all-info  ProgramVersion: 7.3.2  TimeStamp: 2026/03/10-04:29:40-GMT  BuildTime: Aug  4 2022 06:17:15  BuildStamp: freesurfer-linux-ubuntu22_x86_64-7.3.2-20220804-6354275  User: oesteban  Machine: dna029  Platform: Linux  PlatformVersion: 5.14.0-427.37.1.el9_4.x86_64  CompilerName: GCC  CompilerVersion: 8.4.0
ProgramName: mri_mask  ProgramArguments: mri_mask -all-info  ProgramVersion: 7.3.2  TimeStamp: 2026/03/10-04:29:40-GMT  BuildTime: Aug  4 2022 06:17:15  BuildStamp: freesurfer-linux-ubuntu22_x86_64-7.3.2-20220804-6354275  User: oesteban  Machine: dna029  Platform: Linux  PlatformVersion: 5.14.0-427.37.1.el9_4.x86_64  CompilerName: GCC  CompilerVersion: 8.4.0
ProgramName: mri_matrix_multiply  ProgramArguments: mri_matrix_multiply -all-info  ProgramVersion: 7.3.2  TimeStamp: 2026/03/10-04:29:40-GMT  BuildTime: Aug  4 2022 06:17:15  BuildStamp: freesurfer-linux-ubuntu22_x86_64-7.3.2-20220804-6354275  User: oesteban  Machine: dna029  Platform: Linux  PlatformVersion: 5.14.0-427.37.1.el9_4.x86_64  CompilerName: GCC  CompilerVersion: 8.4.0
ProgramName: mri_normalize  ProgramArguments: mri_normalize -all-info  ProgramVersion: 7.3.2  TimeStamp: 2026/03/10-04:29:40-GMT  BuildTime: Aug  4 2022 06:17:15  BuildStamp: freesurfer-linux-ubuntu22_x86_64-7.3.2-20220804-6354275  User: oesteban  Machine: dna029  Platform: Linux  PlatformVersion: 5.14.0-427.37.1.el9_4.x86_64  CompilerName: GCC  CompilerVersion: 8.4.0
ProgramName: mri_normalize_tp2  ProgramArguments: mri_normalize_tp2 -all-info  ProgramVersion: 7.3.2  TimeStamp: 2026/03/10-04:29:40-GMT  BuildTime: Aug  4 2022 06:17:15  BuildStamp: freesurfer-linux-ubuntu22_x86_64-7.3.2-20220804-6354275  User: oesteban  Machine: dna029  Platform: Linux  PlatformVersion: 5.14.0-427.37.1.el9_4.x86_64  CompilerName: GCC  CompilerVersion: 8.4.0
ProgramName: mri_or  ProgramArguments: mri_or -all-info  ProgramVersion: 7.3.2  TimeStamp: 2026/03/10-04:29:40-GMT  BuildTime: Aug  4 2022 06:17:15  BuildStamp: freesurfer-linux-ubuntu22_x86_64-7.3.2-20220804-6354275  User: oesteban  Machine: dna029  Platform: Linux  PlatformVersion: 5.14.0-427.37.1.el9_4.x86_64  CompilerName: GCC  CompilerVersion: 8.4.0
ProgramName: mri_relabel_hypointensities  ProgramArguments: mri_relabel_hypointensities -all-info  ProgramVersion: 7.3.2  TimeStamp: 2026/03/10-04:29:40-GMT  BuildTime: Aug  4 2022 06:17:15  BuildStamp: freesurfer-linux-ubuntu22_x86_64-7.3.2-20220804-6354275  User: oesteban  Machine: dna029  Platform: Linux  PlatformVersion: 5.14.0-427.37.1.el9_4.x86_64  CompilerName: GCC  CompilerVersion: 8.4.0
ProgramName: mri_relabel_nonwm_hypos  ProgramArguments: mri_relabel_nonwm_hypos -all-info  ProgramVersion: 7.3.2  TimeStamp: 2026/03/10-04:29:40-GMT  BuildTime: Aug  4 2022 06:17:15  BuildStamp: freesurfer-linux-ubuntu22_x86_64-7.3.2-20220804-6354275  User: oesteban  Machine: dna029  Platform: Linux  PlatformVersion: 5.14.0-427.37.1.el9_4.x86_64  CompilerName: GCC  CompilerVersion: 8.4.0
ProgramName: mri_remove_neck  ProgramArguments: mri_remove_neck -all-info  ProgramVersion: 7.3.2  TimeStamp: 2026/03/10-04:29:40-GMT  BuildTime: Aug  4 2022 06:17:15  BuildStamp: freesurfer-linux-ubuntu22_x86_64-7.3.2-20220804-6354275  User: oesteban  Machine: dna029  Platform: Linux  PlatformVersion: 5.14.0-427.37.1.el9_4.x86_64  CompilerName: GCC  CompilerVersion: 8.4.0
7.3.2

ProgramName: mri_robust_register  ProgramArguments: mri_robust_register -all-info  ProgramVersion: 7.3.2  TimeStamp: 2026/03/10-04:29:40-GMT  BuildTime: Aug  4 2022 06:17:15  BuildStamp: freesurfer-linux-ubuntu22_x86_64-7.3.2-20220804-6354275  User: oesteban  Machine: dna029  Platform: Linux  PlatformVersion: 5.14.0-427.37.1.el9_4.x86_64  CompilerName: GCC  CompilerVersion: 8.4.0
7.3.2

ProgramName: mri_robust_template  ProgramArguments: mri_robust_template -all-info  ProgramVersion: 7.3.2  TimeStamp: 2026/03/10-04:29:40-GMT  BuildTime: Aug  4 2022 06:17:15  BuildStamp: freesurfer-linux-ubuntu22_x86_64-7.3.2-20220804-6354275  User: oesteban  Machine: dna029  Platform: Linux  PlatformVersion: 5.14.0-427.37.1.el9_4.x86_64  CompilerName: GCC  CompilerVersion: 8.4.0
ProgramName: mris_anatomical_stats  ProgramArguments: mris_anatomical_stats -all-info  ProgramVersion: 7.3.2  TimeStamp: 2026/03/10-04:29:40-GMT  BuildTime: Aug  4 2022 06:17:15  BuildStamp: freesurfer-linux-ubuntu22_x86_64-7.3.2-20220804-6354275  User: oesteban  Machine: dna029  Platform: Linux  PlatformVersion: 5.14.0-427.37.1.el9_4.x86_64  CompilerName: GCC  CompilerVersion: 8.4.0
ProgramName: mris_ca_label  ProgramArguments: mris_ca_label -all-info  ProgramVersion: 7.3.2  TimeStamp: 2026/03/10-04:29:40-GMT  BuildTime: Aug  4 2022 06:17:15  BuildStamp: freesurfer-linux-ubuntu22_x86_64-7.3.2-20220804-6354275  User: oesteban  Machine: dna029  Platform: Linux  PlatformVersion: 5.14.0-427.37.1.el9_4.x86_64  CompilerName: GCC  CompilerVersion: 8.4.0
ProgramName: mris_calc  ProgramArguments: mris_calc -all-info  ProgramVersion: 7.3.2  TimeStamp: 2026/03/10-04:29:40-GMT  BuildTime: Aug  4 2022 06:17:15  BuildStamp: freesurfer-linux-ubuntu22_x86_64-7.3.2-20220804-6354275  User: oesteban  Machine: dna029  Platform: Linux  PlatformVersion: 5.14.0-427.37.1.el9_4.x86_64  CompilerName: GCC  CompilerVersion: 8.4.0
ProgramName: mris_convert  ProgramArguments: mris_convert -all-info  ProgramVersion: 7.3.2  TimeStamp: 2026/03/10-04:29:40-GMT  BuildTime: Aug  4 2022 06:17:15  BuildStamp: freesurfer-linux-ubuntu22_x86_64-7.3.2-20220804-6354275  User: oesteban  Machine: dna029  Platform: Linux  PlatformVersion: 5.14.0-427.37.1.el9_4.x86_64  CompilerName: GCC  CompilerVersion: 8.4.0
ProgramName: mris_curvature  ProgramArguments: mris_curvature -all-info  ProgramVersion: 7.3.2  TimeStamp: 2026/03/10-04:29:41-GMT  BuildTime: Aug  4 2022 06:17:15  BuildStamp: freesurfer-linux-ubuntu22_x86_64-7.3.2-20220804-6354275  User: oesteban  Machine: dna029  Platform: Linux  PlatformVersion: 5.14.0-427.37.1.el9_4.x86_64  CompilerName: GCC  CompilerVersion: 8.4.0
ProgramName: mris_curvature_stats  ProgramArguments: mris_curvature_stats -all-info  ProgramVersion: 7.3.2  TimeStamp: 2026/03/10-04:29:41-GMT  BuildTime: Aug  4 2022 06:17:15  BuildStamp: freesurfer-linux-ubuntu22_x86_64-7.3.2-20220804-6354275  User: oesteban  Machine: dna029  Platform: Linux  PlatformVersion: 5.14.0-427.37.1.el9_4.x86_64  CompilerName: GCC  CompilerVersion: 8.4.0
ProgramName: mris_diff  ProgramArguments: mris_diff -all-info  ProgramVersion: 7.3.2  TimeStamp: 2026/03/10-04:29:41-GMT  BuildTime: Aug  4 2022 06:17:15  BuildStamp: freesurfer-linux-ubuntu22_x86_64-7.3.2-20220804-6354275  User: oesteban  Machine: dna029  Platform: Linux  PlatformVersion: 5.14.0-427.37.1.el9_4.x86_64  CompilerName: GCC  CompilerVersion: 8.4.0
ProgramName: mris_divide_parcellation  ProgramArguments: mris_divide_parcellation -all-info  ProgramVersion: 7.3.2  TimeStamp: 2026/03/10-04:29:41-GMT  BuildTime: Aug  4 2022 06:17:15  BuildStamp: freesurfer-linux-ubuntu22_x86_64-7.3.2-20220804-6354275  User: oesteban  Machine: dna029  Platform: Linux  PlatformVersion: 5.14.0-427.37.1.el9_4.x86_64  CompilerName: GCC  CompilerVersion: 8.4.0
ProgramName: mri_segment  ProgramArguments: mri_segment -all-info  ProgramVersion: 7.3.2  TimeStamp: 2026/03/10-04:29:41-GMT  BuildTime: Aug  4 2022 06:17:15  BuildStamp: freesurfer-linux-ubuntu22_x86_64-7.3.2-20220804-6354275  User: oesteban  Machine: dna029  Platform: Linux  PlatformVersion: 5.14.0-427.37.1.el9_4.x86_64  CompilerName: GCC  CompilerVersion: 8.4.0
ProgramName: mri_segstats  ProgramArguments: mri_segstats -all-info  ProgramVersion: 7.3.2  TimeStamp: 2026/03/10-04:29:41-GMT  BuildTime: Aug  4 2022 06:17:15  BuildStamp: freesurfer-linux-ubuntu22_x86_64-7.3.2-20220804-6354275  User: oesteban  Machine: dna029  Platform: Linux  PlatformVersion: 5.14.0-427.37.1.el9_4.x86_64  CompilerName: GCC  CompilerVersion: 8.4.0
ProgramName: mris_euler_number  ProgramArguments: mris_euler_number -all-info  ProgramVersion: 7.3.2  TimeStamp: 2026/03/10-04:29:41-GMT  BuildTime: Aug  4 2022 06:17:15  BuildStamp: freesurfer-linux-ubuntu22_x86_64-7.3.2-20220804-6354275  User: oesteban  Machine: dna029  Platform: Linux  PlatformVersion: 5.14.0-427.37.1.el9_4.x86_64  CompilerName: GCC  CompilerVersion: 8.4.0
ProgramName: mris_fix_topology  ProgramArguments: mris_fix_topology -all-info  ProgramVersion: 7.3.2  TimeStamp: 2026/03/10-04:29:41-GMT  BuildTime: Aug  4 2022 06:17:15  BuildStamp: freesurfer-linux-ubuntu22_x86_64-7.3.2-20220804-6354275  User: oesteban  Machine: dna029  Platform: Linux  PlatformVersion: 5.14.0-427.37.1.el9_4.x86_64  CompilerName: GCC  CompilerVersion: 8.4.0
ProgramName: mris_topo_fixer  ProgramArguments: mris_topo_fixer -all-info  ProgramVersion: 7.3.2  TimeStamp: 2026/03/10-04:29:41-GMT  BuildTime: Aug  4 2022 06:17:15  BuildStamp: freesurfer-linux-ubuntu22_x86_64-7.3.2-20220804-6354275  User: oesteban  Machine: dna029  Platform: Linux  PlatformVersion: 5.14.0-427.37.1.el9_4.x86_64  CompilerName: GCC  CompilerVersion: 8.4.0
ProgramName: mris_jacobian  ProgramArguments: mris_jacobian -all-info  ProgramVersion: 7.3.2  TimeStamp: 2026/03/10-04:29:41-GMT  BuildTime: Aug  4 2022 06:17:15  BuildStamp: freesurfer-linux-ubuntu22_x86_64-7.3.2-20220804-6354275  User: oesteban  Machine: dna029  Platform: Linux  PlatformVersion: 5.14.0-427.37.1.el9_4.x86_64  CompilerName: GCC  CompilerVersion: 8.4.0
ProgramName: mris_label2annot  ProgramArguments: mris_label2annot -all-info  ProgramVersion: 7.3.2  TimeStamp: 2026/03/10-04:29:41-GMT  BuildTime: Aug  4 2022 06:17:15  BuildStamp: freesurfer-linux-ubuntu22_x86_64-7.3.2-20220804-6354275  User: oesteban  Machine: dna029  Platform: Linux  PlatformVersion: 5.14.0-427.37.1.el9_4.x86_64  CompilerName: GCC  CompilerVersion: 8.4.0
ProgramName: mris_left_right_register  ProgramArguments: mris_left_right_register -all-info  ProgramVersion: 7.3.2  TimeStamp: 2026/03/10-04:29:41-GMT  BuildTime: Aug  4 2022 06:17:15  BuildStamp: freesurfer-linux-ubuntu22_x86_64-7.3.2-20220804-6354275  User: oesteban  Machine: dna029  Platform: Linux  PlatformVersion: 5.14.0-427.37.1.el9_4.x86_64  CompilerName: GCC  CompilerVersion: 8.4.0
ProgramName: mris_place_surface  ProgramArguments: mris_place_surface -all-info  ProgramVersion: 7.3.2  TimeStamp: 2026/03/10-04:29:41-GMT  BuildTime: Aug  4 2022 06:17:15  BuildStamp: freesurfer-linux-ubuntu22_x86_64-7.3.2-20220804-6354275  User: oesteban  Machine: dna029  Platform: Linux  PlatformVersion: 5.14.0-427.37.1.el9_4.x86_64  CompilerName: GCC  CompilerVersion: 8.4.0
ProgramName: mrisp_paint  ProgramArguments: mrisp_paint -all-info  ProgramVersion: 7.3.2  TimeStamp: 2026/03/10-04:29:41-GMT  BuildTime: Aug  4 2022 06:17:15  BuildStamp: freesurfer-linux-ubuntu22_x86_64-7.3.2-20220804-6354275  User: oesteban  Machine: dna029  Platform: Linux  PlatformVersion: 5.14.0-427.37.1.el9_4.x86_64  CompilerName: GCC  CompilerVersion: 8.4.0
ProgramName: mris_register  ProgramArguments: mris_register -all-info  ProgramVersion: 7.3.2  TimeStamp: 2026/03/10-04:29:41-GMT  BuildTime: Aug  4 2022 06:17:15  BuildStamp: freesurfer-linux-ubuntu22_x86_64-7.3.2-20220804-6354275  User: oesteban  Machine: dna029  Platform: Linux  PlatformVersion: 5.14.0-427.37.1.el9_4.x86_64  CompilerName: GCC  CompilerVersion: 8.4.0
ProgramName: mris_smooth  ProgramArguments: mris_smooth -all-info  ProgramVersion: 7.3.2  TimeStamp: 2026/03/10-04:29:41-GMT  BuildTime: Aug  4 2022 06:17:15  BuildStamp: freesurfer-linux-ubuntu22_x86_64-7.3.2-20220804-6354275  User: oesteban  Machine: dna029  Platform: Linux  PlatformVersion: 5.14.0-427.37.1.el9_4.x86_64  CompilerName: GCC  CompilerVersion: 8.4.0
ProgramName: mris_sphere  ProgramArguments: mris_sphere -all-info  ProgramVersion: 7.3.2  TimeStamp: 2026/03/10-04:29:41-GMT  BuildTime: Aug  4 2022 06:17:15  BuildStamp: freesurfer-linux-ubuntu22_x86_64-7.3.2-20220804-6354275  User: oesteban  Machine: dna029  Platform: Linux  PlatformVersion: 5.14.0-427.37.1.el9_4.x86_64  CompilerName: GCC  CompilerVersion: 8.4.0
ProgramName: mris_surface_stats  ProgramArguments: mris_surface_stats -all-info  ProgramVersion: 7.3.2  TimeStamp: 2026/03/10-04:29:41-GMT  BuildTime: Aug  4 2022 06:17:15  BuildStamp: freesurfer-linux-ubuntu22_x86_64-7.3.2-20220804-6354275  User: oesteban  Machine: dna029  Platform: Linux  PlatformVersion: 5.14.0-427.37.1.el9_4.x86_64  CompilerName: GCC  CompilerVersion: 8.4.0
ProgramName: mri_stats2seg  ProgramArguments: mri_stats2seg -all-info  ProgramVersion: 7.3.2  TimeStamp: 2026/03/10-04:29:41-GMT  BuildTime: Aug  4 2022 06:17:15  BuildStamp: freesurfer-linux-ubuntu22_x86_64-7.3.2-20220804-6354275  User: oesteban  Machine: dna029  Platform: Linux  PlatformVersion: 5.14.0-427.37.1.el9_4.x86_64  CompilerName: GCC  CompilerVersion: 8.4.0
ProgramName: mris_thickness  ProgramArguments: mris_thickness -all-info  ProgramVersion: 7.3.2  TimeStamp: 2026/03/10-04:29:41-GMT  BuildTime: Aug  4 2022 06:17:15  BuildStamp: freesurfer-linux-ubuntu22_x86_64-7.3.2-20220804-6354275  User: oesteban  Machine: dna029  Platform: Linux  PlatformVersion: 5.14.0-427.37.1.el9_4.x86_64  CompilerName: GCC  CompilerVersion: 8.4.0
ProgramName: mris_thickness_diff  ProgramArguments: mris_thickness_diff -all-info  ProgramVersion: 7.3.2  TimeStamp: 2026/03/10-04:29:41-GMT  BuildTime: Aug  4 2022 06:17:15  BuildStamp: freesurfer-linux-ubuntu22_x86_64-7.3.2-20220804-6354275  User: oesteban  Machine: dna029  Platform: Linux  PlatformVersion: 5.14.0-427.37.1.el9_4.x86_64  CompilerName: GCC  CompilerVersion: 8.4.0
ProgramName: mris_topo_fixer  ProgramArguments: mris_topo_fixer -all-info  ProgramVersion: 7.3.2  TimeStamp: 2026/03/10-04:29:41-GMT  BuildTime: Aug  4 2022 06:17:15  BuildStamp: freesurfer-linux-ubuntu22_x86_64-7.3.2-20220804-6354275  User: oesteban  Machine: dna029  Platform: Linux  PlatformVersion: 5.14.0-427.37.1.el9_4.x86_64  CompilerName: GCC  CompilerVersion: 8.4.0
ProgramName: mri_surf2surf  ProgramArguments: mri_surf2surf -all-info  ProgramVersion: 7.3.2  TimeStamp: 2026/03/10-04:29:41-GMT  BuildTime: Aug  4 2022 06:17:15  BuildStamp: freesurfer-linux-ubuntu22_x86_64-7.3.2-20220804-6354275  User: oesteban  Machine: dna029  Platform: Linux  PlatformVersion: 5.14.0-427.37.1.el9_4.x86_64  CompilerName: GCC  CompilerVersion: 8.4.0
ProgramName: mri_surf2vol  ProgramArguments: mri_surf2vol -all-info  ProgramVersion: 7.3.2  TimeStamp: 2026/03/10-04:29:41-GMT  BuildTime: Aug  4 2022 06:17:15  BuildStamp: freesurfer-linux-ubuntu22_x86_64-7.3.2-20220804-6354275  User: oesteban  Machine: dna029  Platform: Linux  PlatformVersion: 5.14.0-427.37.1.el9_4.x86_64  CompilerName: GCC  CompilerVersion: 8.4.0
ProgramName: mri_surfcluster  ProgramArguments: mri_surfcluster -all-info  ProgramVersion: 7.3.2  TimeStamp: 2026/03/10-04:29:41-GMT  BuildTime: Aug  4 2022 06:17:15  BuildStamp: freesurfer-linux-ubuntu22_x86_64-7.3.2-20220804-6354275  User: oesteban  Machine: dna029  Platform: Linux  PlatformVersion: 5.14.0-427.37.1.el9_4.x86_64  CompilerName: GCC  CompilerVersion: 8.4.0
ProgramName: mris_volmask  ProgramArguments: mris_volmask -all-info  ProgramVersion: 7.3.2  TimeStamp: 2026/03/10-04:29:41-GMT  BuildTime: Aug  4 2022 06:17:15  BuildStamp: freesurfer-linux-ubuntu22_x86_64-7.3.2-20220804-6354275  User: oesteban  Machine: dna029  Platform: Linux  PlatformVersion: 5.14.0-427.37.1.el9_4.x86_64  CompilerName: GCC  CompilerVersion: 8.4.0
ProgramName: mri_tessellate  ProgramArguments: mri_tessellate -all-info  ProgramVersion: 7.3.2  TimeStamp: 2026/03/10-04:29:41-GMT  BuildTime: Aug  4 2022 06:17:15  BuildStamp: freesurfer-linux-ubuntu22_x86_64-7.3.2-20220804-6354275  User: oesteban  Machine: dna029  Platform: Linux  PlatformVersion: 5.14.0-427.37.1.el9_4.x86_64  CompilerName: GCC  CompilerVersion: 8.4.0
ProgramName: mri_vol2surf  ProgramArguments: mri_vol2surf -all-info  ProgramVersion: 7.3.2  TimeStamp: 2026/03/10-04:29:41-GMT  BuildTime: Aug  4 2022 06:17:15  BuildStamp: freesurfer-linux-ubuntu22_x86_64-7.3.2-20220804-6354275  User: oesteban  Machine: dna029  Platform: Linux  PlatformVersion: 5.14.0-427.37.1.el9_4.x86_64  CompilerName: GCC  CompilerVersion: 8.4.0
ProgramName: mri_vol2vol  ProgramArguments: mri_vol2vol -all-info  ProgramVersion: 7.3.2  TimeStamp: 2026/03/10-04:29:41-GMT  BuildTime: Aug  4 2022 06:17:15  BuildStamp: freesurfer-linux-ubuntu22_x86_64-7.3.2-20220804-6354275  User: oesteban  Machine: dna029  Platform: Linux  PlatformVersion: 5.14.0-427.37.1.el9_4.x86_64  CompilerName: GCC  CompilerVersion: 8.4.0
ProgramName: mri_voldiff  ProgramArguments: mri_voldiff -all-info  ProgramVersion: 7.3.2  TimeStamp: 2026/03/10-04:29:41-GMT  BuildTime: Aug  4 2022 06:17:15  BuildStamp: freesurfer-linux-ubuntu22_x86_64-7.3.2-20220804-6354275  User: oesteban  Machine: dna029  Platform: Linux  PlatformVersion: 5.14.0-427.37.1.el9_4.x86_64  CompilerName: GCC  CompilerVersion: 8.4.0
ProgramName: mri_watershed  ProgramArguments: mri_watershed -all-info  ProgramVersion: 7.3.2  TimeStamp: 2026/03/10-04:29:41-GMT  BuildTime: Aug  4 2022 06:17:15  BuildStamp: freesurfer-linux-ubuntu22_x86_64-7.3.2-20220804-6354275  User: oesteban  Machine: dna029  Platform: Linux  PlatformVersion: 5.14.0-427.37.1.el9_4.x86_64  CompilerName: GCC  CompilerVersion: 8.4.0
ProgramName: tkregister2  ProgramArguments: tkregister2_cmdl -all-info  ProgramVersion: 7.3.2  TimeStamp: 2026/03/10-04:29:41-GMT  BuildTime: Aug  4 2022 06:17:15  BuildStamp: freesurfer-linux-ubuntu22_x86_64-7.3.2-20220804-6354275  User: oesteban  Machine: dna029  Platform: Linux  PlatformVersion: 5.14.0-427.37.1.el9_4.x86_64  CompilerName: GCC  CompilerVersion: 8.4.0
mri_motion_correct.fsl 7.3.2
mri_convert -all-info 
ProgramName: mri_convert  ProgramArguments: mri_convert -all-info  ProgramVersion: 7.3.2  TimeStamp: 2026/03/10-04:29:41-GMT  BuildTime: Aug  4 2022 06:17:15  BuildStamp: freesurfer-linux-ubuntu22_x86_64-7.3.2-20220804-6354275  User: oesteban  Machine: dna029  Platform: Linux  PlatformVersion: 5.14.0-427.37.1.el9_4.x86_64  CompilerName: GCC  CompilerVersion: 8.4.0
Program nu_correct, built from:
Package MNI N3, version 1.12.0, compiled by nicks@terrier (x86_64-unknown-linux-gnu) on 2015-06-19 at 01:25:34
#######################################
GCADIR /opt/freesurfer/average
GCA RB_all_2020-01-02.gca
GCASkull RB_all_withskull_2020_01_02.gca
AvgCurvTif folding.atlas.acfb40.noaparc.i12.2016-08-02.tif
GCSDIR /opt/freesurfer/average
GCS DKaparc.atlas.acfb40.noaparc.i12.2016-08-02.gcs
#######################################
/out/sourcedata/freesurfer/sub-v1s6x0051321_ses-1

 mri_convert /work/fmriprep_25_2_wf/sub_v1s6x0051321_ses_1_wf/anat_fit_wf/anat_validate/sub-v1s6x0051321_ses-1_T1w_noise_corrected_ras_valid.nii.gz /out/sourcedata/freesurfer/sub-v1s6x0051321_ses-1/mri/orig/001.mgz 

mri_convert /work/fmriprep_25_2_wf/sub_v1s6x0051321_ses_1_wf/anat_fit_wf/anat_validate/sub-v1s6x0051321_ses-1_T1w_noise_corrected_ras_valid.nii.gz /out/sourcedata/freesurfer/sub-v1s6x0051321_ses-1/mri/orig/001.mgz 
reading from /work/fmriprep_25_2_wf/sub_v1s6x0051321_ses_1_wf/anat_fit_wf/anat_validate/sub-v1s6x0051321_ses-1_T1w_noise_corrected_ras_valid.nii.gz...
TR=0.00, TE=0.00, TI=0.00, flip angle=0.00
i_ras = (1, 0, 0)
j_ras = (0, 1, 0)
k_ras = (0, 0, 1)
writing to /out/sourcedata/freesurfer/sub-v1s6x0051321_ses-1/mri/orig/001.mgz...
#--------------------------------------------
#@# MotionCor Tue Mar 10 05:29:43 CET 2026
Found 1 runs
/out/sourcedata/freesurfer/sub-v1s6x0051321_ses-1/mri/orig/001.mgz
Checking for (invalid) multi-frame inputs...
Only one run found so motion
correction will not be performed. I'll
copy the run to rawavg and continue.

 cp /out/sourcedata/freesurfer/sub-v1s6x0051321_ses-1/mri/orig/001.mgz /out/sourcedata/freesurfer/sub-v1s6x0051321_ses-1/mri/rawavg.mgz 


 mri_info /out/sourcedata/freesurfer/sub-v1s6x0051321_ses-1/mri/rawavg.mgz 

rawavg.mgz ========================================
Volume information for /out/sourcedata/freesurfer/sub-v1s6x0051321_ses-1/mri/rawavg.mgz
          type: MGH
    dimensions: 160 x 240 x 256
   voxel sizes: 1.000000, 1.000000, 1.000000
          type: FLOAT (3)
           fov: 256.000
           dof: 1
        xstart: -80.0, xend: 80.0
        ystart: -120.0, yend: 120.0
        zstart: -128.0, zend: 128.0
            TR: 0.00 msec, TE: 0.00 msec, TI: 0.00 msec, flip angle: 0.00 degrees
       nframes: 1
       PhEncDir: UNKNOWN
       FieldStrength: 0.000000
ras xform present
    xform info: x_r =   1.0000, y_r =   0.0000, z_r =   0.0000, c_r =     1.8559
              : x_a =   0.0000, y_a =   1.0000, z_a =   0.0000, c_a =     1.0000
              : x_s =   0.0000, y_s =   0.0000, z_s =   1.0000, c_s =    -9.1695

talairach xfm : 
Orientation   : RAS
Primary Slice Direction: axial

voxel to ras transform:
                1.0000   0.0000   0.0000   -78.1441
                0.0000   1.0000   0.0000  -119.0000
                0.0000   0.0000   1.0000  -137.1695
                0.0000   0.0000   0.0000     1.0000

voxel-to-ras determinant 1

ras to voxel transform:
                1.0000   0.0000   0.0000    78.1441
                0.0000   1.0000   0.0000   119.0000
                0.0000   0.0000   1.0000   137.1695
                0.0000   0.0000   0.0000     1.0000
/out/sourcedata/freesurfer/sub-v1s6x0051321_ses-1

 mri_convert /out/sourcedata/freesurfer/sub-v1s6x0051321_ses-1/mri/rawavg.mgz /out/sourcedata/freesurfer/sub-v1s6x0051321_ses-1/mri/orig.mgz --conform 

mri_convert /out/sourcedata/freesurfer/sub-v1s6x0051321_ses-1/mri/rawavg.mgz /out/sourcedata/freesurfer/sub-v1s6x0051321_ses-1/mri/orig.mgz --conform 
reading from /out/sourcedata/freesurfer/sub-v1s6x0051321_ses-1/mri/rawavg.mgz...
TR=0.00, TE=0.00, TI=0.00, flip angle=0.00
i_ras = (1, 0, 0)
j_ras = (0, 1, 0)
k_ras = (0, 0, 1)
changing data type from float to uchar (noscale = 0)...
MRIchangeType: Building histogram 0 951.843 1000, flo=0, fhi=0.999, dest_type=0
Reslicing using trilinear interpolation 
writing to /out/sourcedata/freesurfer/sub-v1s6x0051321_ses-1/mri/orig.mgz...

 mri_add_xform_to_header -c /out/sourcedata/freesurfer/sub-v1s6x0051321_ses-1/mri/transforms/talairach.xfm /out/sourcedata/freesurfer/sub-v1s6x0051321_ses-1/mri/orig.mgz /out/sourcedata/freesurfer/sub-v1s6x0051321_ses-1/mri/orig.mgz 

INFO: extension is mgz

 mri_info /out/sourcedata/freesurfer/sub-v1s6x0051321_ses-1/mri/orig.mgz 

orig.mgz ========================================
Volume information for /out/sourcedata/freesurfer/sub-v1s6x0051321_ses-1/mri/orig.mgz
          type: MGH
    dimensions: 256 x 256 x 256
   voxel sizes: 1.000000, 1.000000, 1.000000
          type: UCHAR (0)
           fov: 256.000
           dof: 1
        xstart: -128.0, xend: 128.0
        ystart: -128.0, yend: 128.0
        zstart: -128.0, zend: 128.0
            TR: 0.00 msec, TE: 0.00 msec, TI: 0.00 msec, flip angle: 0.00 degrees
       nframes: 1
       PhEncDir: UNKNOWN
       FieldStrength: 0.000000
ras xform present
    xform info: x_r =  -1.0000, y_r =   0.0000, z_r =   0.0000, c_r =     1.8559
              : x_a =   0.0000, y_a =   0.0000, z_a =   1.0000, c_a =     1.0000
              : x_s =   0.0000, y_s =  -1.0000, z_s =   0.0000, c_s =    -9.1695

talairach xfm : /out/sourcedata/freesurfer/sub-v1s6x0051321_ses-1/mri/transforms/talairach.xfm
Orientation   : LIA
Primary Slice Direction: coronal

voxel to ras transform:
               -1.0000   0.0000   0.0000   129.8559
                0.0000   0.0000   1.0000  -127.0000
                0.0000  -1.0000   0.0000   118.8305
                0.0000   0.0000   0.0000     1.0000

voxel-to-ras determinant -1

ras to voxel transform:
               -1.0000  -0.0000  -0.0000   129.8559
               -0.0000  -0.0000  -1.0000   118.8305
               -0.0000   1.0000  -0.0000   127.0000
               -0.0000  -0.0000  -0.0000     1.0000
#--------------------------------------------
#@# Talairach Tue Mar 10 05:29:50 CET 2026
/out/sourcedata/freesurfer/sub-v1s6x0051321_ses-1/mri

 mri_nu_correct.mni --no-rescale --i orig.mgz --o orig_nu.mgz --ants-n4 --n 1 --proto-iters 1000 --distance 50 

/usr/bin/bc
/out/sourcedata/freesurfer/sub-v1s6x0051321_ses-1/mri
/opt/freesurfer/bin/mri_nu_correct.mni
--no-rescale --i orig.mgz --o orig_nu.mgz --ants-n4 --n 1 --proto-iters 1000 --distance 50
nIters 1
mri_nu_correct.mni 7.3.2
Linux dna029 5.14.0-427.37.1.el9_4.x86_64 #1 SMP PREEMPT_DYNAMIC Fri Sep 13 12:41:50 EDT 2024 x86_64 x86_64 x86_64 GNU/Linux
Tue Mar 10 05:29:50 CET 2026
tmpdir is ./tmp.mri_nu_correct.mni.54049
cd /out/sourcedata/freesurfer/sub-v1s6x0051321_ses-1/mri
AntsN4BiasFieldCorrectionFs -i orig.mgz -o ./tmp.mri_nu_correct.mni.54049/nu0.mgz --dtype uchar
AntsN4BiasFieldCorrectionFs done
mri_convert ./tmp.mri_nu_correct.mni.54049/nu0.mgz orig_nu.mgz --like orig.mgz --conform
mri_convert ./tmp.mri_nu_correct.mni.54049/nu0.mgz orig_nu.mgz --like orig.mgz --conform 
reading from ./tmp.mri_nu_correct.mni.54049/nu0.mgz...
TR=0.00, TE=0.00, TI=0.00, flip angle=0.00
i_ras = (-1, 0, 0)
j_ras = (0, 0, -1)
k_ras = (0, 1, 0)
INFO: transform src into the like-volume: orig.mgz
writing to orig_nu.mgz...
 
 
Tue Mar 10 05:32:44 CET 2026
mri_nu_correct.mni done

 talairach_avi --i orig_nu.mgz --xfm transforms/talairach.auto.xfm 

talairach_avi log file is transforms/talairach_avi.log...
mv -f /out/sourcedata/freesurfer/sub-v1s6x0051321_ses-1/mri/talsrcimg_to_711-2C_as_mni_average_305_t4_vox2vox.txt /out/sourcedata/freesurfer/sub-v1s6x0051321_ses-1/mri/transforms/talsrcimg_to_711-2C_as_mni_average_305_t4_vox2vox.txt
Started at Tue Mar 10 05:32:44 CET 2026
Ended   at Tue Mar 10 05:34:11 CET 2026
talairach_avi done

 cp transforms/talairach.auto.xfm transforms/talairach.xfm 

lta_convert --src orig.mgz --trg /opt/freesurfer/average/mni305.cor.mgz --inxfm transforms/talairach.xfm --outlta transforms/talairach.xfm.lta --subject fsaverage --ltavox2vox
7.3.2

--src: orig.mgz src image (geometry).
--trg: /opt/freesurfer/average/mni305.cor.mgz trg image (geometry).
--inmni: transforms/talairach.xfm input MNI/XFM transform.
--outlta: transforms/talairach.xfm.lta output LTA.
--s: fsaverage subject name
--ltavox2vox: output LTA as VOX_TO_VOX transform.
 LTA read, type : 1
 1.07840   0.09036   0.01203   1.12181;
-0.06044   1.18782   0.03455  -5.18008;
 0.01444  -0.16038   1.28338  -20.62448;
 0.00000   0.00000   0.00000   1.00000;
setting subject to fsaverage
Writing  LTA to file transforms/talairach.xfm.lta...
lta_convert successful.
#--------------------------------------------
#@# Talairach Failure Detection Tue Mar 10 05:34:13 CET 2026
/out/sourcedata/freesurfer/sub-v1s6x0051321_ses-1/mri

 talairach_afd -T 0.005 -xfm transforms/talairach.xfm 

talairach_afd: Talairach Transform: transforms/talairach.xfm OK (p=0.7353, pval=0.6675 >= threshold=0.0050)

 awk -f /opt/freesurfer/bin/extract_talairach_avi_QA.awk /out/sourcedata/freesurfer/sub-v1s6x0051321_ses-1/mri/transforms/talairach_avi.log 


 tal_QC_AZS /out/sourcedata/freesurfer/sub-v1s6x0051321_ses-1/mri/transforms/talairach_avi.log 

TalAviQA: 0.97265
z-score: -1
#--------------------------------------------
#@# Nu Intensity Correction Tue Mar 10 05:34:13 CET 2026

 mri_nu_correct.mni --i orig.mgz --o nu.mgz --uchar transforms/talairach.xfm --n 2 --ants-n4 

/usr/bin/bc
/out/sourcedata/freesurfer/sub-v1s6x0051321_ses-1/mri
/opt/freesurfer/bin/mri_nu_correct.mni
--i orig.mgz --o nu.mgz --uchar transforms/talairach.xfm --n 2 --ants-n4
nIters 2
mri_nu_correct.mni 7.3.2
Linux dna029 5.14.0-427.37.1.el9_4.x86_64 #1 SMP PREEMPT_DYNAMIC Fri Sep 13 12:41:50 EDT 2024 x86_64 x86_64 x86_64 GNU/Linux
Tue Mar 10 05:34:13 CET 2026
tmpdir is ./tmp.mri_nu_correct.mni.55970
cd /out/sourcedata/freesurfer/sub-v1s6x0051321_ses-1/mri
AntsN4BiasFieldCorrectionFs -i orig.mgz -o ./tmp.mri_nu_correct.mni.55970/nu0.mgz --dtype uchar
AntsN4BiasFieldCorrectionFs done
mri_binarize --i ./tmp.mri_nu_correct.mni.55970/nu0.mgz --min -1 --o ./tmp.mri_nu_correct.mni.55970/ones.mgz

7.3.2
cwd /out/sourcedata/freesurfer/sub-v1s6x0051321_ses-1/mri
cmdline mri_binarize --i ./tmp.mri_nu_correct.mni.55970/nu0.mgz --min -1 --o ./tmp.mri_nu_correct.mni.55970/ones.mgz 
sysname  Linux
hostname dna029
machine  x86_64
user     oesteban

input      ./tmp.mri_nu_correct.mni.55970/nu0.mgz
frame      0
nErode3d   0
nErode2d   0
output     ./tmp.mri_nu_correct.mni.55970/ones.mgz
Binarizing based on threshold
min        -1
max        +infinity
binval        1
binvalnot     0
fstart = 0, fend = 0, nframes = 1
Starting parallel 1
Found 16777216 values in range
Counting number of voxels in first frame
Found 16777215 voxels in final mask
Writing output to ./tmp.mri_nu_correct.mni.55970/ones.mgz
Count: 16777215 16777215.000000 16777216 99.999994
mri_binarize done
mri_segstats --id 1 --seg ./tmp.mri_nu_correct.mni.55970/ones.mgz --i orig.mgz --sum ./tmp.mri_nu_correct.mni.55970/sum.junk --avgwf ./tmp.mri_nu_correct.mni.55970/input.mean.dat

7.3.2
cwd 
cmdline mri_segstats --id 1 --seg ./tmp.mri_nu_correct.mni.55970/ones.mgz --i orig.mgz --sum ./tmp.mri_nu_correct.mni.55970/sum.junk --avgwf ./tmp.mri_nu_correct.mni.55970/input.mean.dat 
sysname  Linux
hostname dna029
machine  x86_64
user     oesteban
whitesurfname  white
UseRobust  0
Loading ./tmp.mri_nu_correct.mni.55970/ones.mgz
Loading orig.mgz
Voxel Volume is 1 mm^3
Generating list of segmentation ids
Found   1 segmentations
Computing statistics for each segmentation

Reporting on   1 segmentations
Using PrintSegStat
Computing spatial average of each frame

Writing to ./tmp.mri_nu_correct.mni.55970/input.mean.dat
mri_segstats done
mri_segstats --id 1 --seg ./tmp.mri_nu_correct.mni.55970/ones.mgz --i ./tmp.mri_nu_correct.mni.55970/nu0.mgz --sum ./tmp.mri_nu_correct.mni.55970/sum.junk --avgwf ./tmp.mri_nu_correct.mni.55970/output.mean.dat

7.3.2
cwd 
cmdline mri_segstats --id 1 --seg ./tmp.mri_nu_correct.mni.55970/ones.mgz --i ./tmp.mri_nu_correct.mni.55970/nu0.mgz --sum ./tmp.mri_nu_correct.mni.55970/sum.junk --avgwf ./tmp.mri_nu_correct.mni.55970/output.mean.dat 
sysname  Linux
hostname dna029
machine  x86_64
user     oesteban
whitesurfname  white
UseRobust  0
Loading ./tmp.mri_nu_correct.mni.55970/ones.mgz
Loading ./tmp.mri_nu_correct.mni.55970/nu0.mgz
Voxel Volume is 1 mm^3
Generating list of segmentation ids
Found   1 segmentations
Computing statistics for each segmentation

Reporting on   1 segmentations
Using PrintSegStat
Computing spatial average of each frame

Writing to ./tmp.mri_nu_correct.mni.55970/output.mean.dat
mri_segstats done
mris_calc -o ./tmp.mri_nu_correct.mni.55970/nu0.mgz ./tmp.mri_nu_correct.mni.55970/nu0.mgz mul 1.18823302630083622360
Saving result to './tmp.mri_nu_correct.mni.55970/nu0.mgz' (type = MGH )                       [ ok ]
mri_convert ./tmp.mri_nu_correct.mni.55970/nu0.mgz nu.mgz --like orig.mgz
mri_convert ./tmp.mri_nu_correct.mni.55970/nu0.mgz nu.mgz --like orig.mgz 
reading from ./tmp.mri_nu_correct.mni.55970/nu0.mgz...
TR=0.00, TE=0.00, TI=0.00, flip angle=0.00
i_ras = (-1, 0, 0)
j_ras = (0, 0, -1)
k_ras = (0, 1, 0)
INFO: transform src into the like-volume: orig.mgz
writing to nu.mgz...
mri_make_uchar nu.mgz transforms/talairach.xfm nu.mgz
type change took 0 minutes and 6 seconds.
FIRST_PERCENTILE 0.010000
WM_PERCENTILE    0.900000
MAX_R 50.000000
i1 = 7, i2 = 66
#mri_make_uchar# mapping 18 170 to  3 110  :  b -10.1983 m 0.707049 : thresh 14.4238 maxsat 375.078 : nzero 14263050 nsat 0
 
 
Tue Mar 10 05:37:29 CET 2026
mri_nu_correct.mni done

 mri_add_xform_to_header -c /out/sourcedata/freesurfer/sub-v1s6x0051321_ses-1/mri/transforms/talairach.xfm nu.mgz nu.mgz 

INFO: extension is mgz
#--------------------------------------------
#@# Intensity Normalization Tue Mar 10 05:37:29 CET 2026
/out/sourcedata/freesurfer/sub-v1s6x0051321_ses-1/mri

 mri_normalize -g 1 -seed 1234 -mprage nu.mgz T1.mgz 

using max gradient = 1.000
setting seed for random number genererator to 1234
assuming input volume is MGH (Van der Kouwe) MP-RAGE
reading mri_src from nu.mgz...
normalizing image...
NOT doing gentle normalization with control points/label
talairach transform
 1.07840   0.09036   0.01203   1.12181;
-0.06044   1.18782   0.03455  -5.18008;
 0.01444  -0.16038   1.28338  -20.62448;
 0.00000   0.00000   0.00000   1.00000;
processing without aseg, no1d=0
MRInormInit(): 
INFO: Modifying talairach volume c_(r,a,s) based on average_305
MRInormalize(): 
MRIsplineNormalize(): npeaks = 18
Starting OpenSpline(): npoints = 18
building Voronoi diagram...
performing soap bubble smoothing, sigma = 8...

Iterating 2 times
---------------------------------
3d normalization pass 1 of 2
white matter peak found at 110
white matter peak found at 110
gm peak at 65 (65), valley at 32 (32)
csf peak at 33, setting threshold to 54
building Voronoi diagram...
performing soap bubble smoothing, sigma = 8...
---------------------------------
3d normalization pass 2 of 2
white matter peak found at 110
white matter peak found at 110
gm peak at 64 (64), valley at 34 (34)
csf peak at 33, setting threshold to 53
building Voronoi diagram...
performing soap bubble smoothing, sigma = 8...
Done iterating ---------------------------------
writing output to T1.mgz
3D bias adjustment took 1 minutes and 33 seconds.

Started at Tue Mar 10 05:29:40 CET 2026 
Ended   at Tue Mar 10 05:39:02 CET 2026
#@#%# recon-all-run-time-hours 0.156
recon-all -s sub-v1s6x0051321_ses-1 finished without error at Tue Mar 10 05:39:02 CET 2026



#New# invocation of recon-all 




Tue Mar 10 05:45:42 CET 2026
cd /out/sourcedata/freesurfer/sub-v1s6x0051321_ses-1
setenv SUBJECTS_DIR /out/sourcedata/freesurfer
/opt/freesurfer/bin/recon-all -openmp 16 -subjid sub-v1s6x0051321_ses-1 -sd /out/sourcedata/freesurfer -gcareg

subjid sub-v1s6x0051321_ses-1
setenv SUBJECTS_DIR /out/sourcedata/freesurfer
FREESURFER_HOME /opt/freesurfer
Actual FREESURFER_HOME /opt/freesurfer
build-stamp.txt: freesurfer-linux-ubuntu22_x86_64-7.3.2-20220804-6354275
Linux dna029 5.14.0-427.37.1.el9_4.x86_64 #1 SMP PREEMPT_DYNAMIC Fri Sep 13 12:41:50 EDT 2024 x86_64 x86_64 x86_64 GNU/Linux
cputime      unlimited
filesize     unlimited
datasize     unlimited
stacksize    8192 kbytes
coredumpsize 0 kbytes
memoryuse    67108864 kbytes
vmemoryuse   unlimited
descriptors  1024 
memorylocked unlimited
maxproc      2061970 
maxlocks     unlimited
maxsignal    2061970 
maxmessage   819200 
maxnice      0 
maxrtprio    0 
maxrttime    unlimited

               total        used        free      shared  buff/cache   available
Mem:           503Gi        49Gi       417Gi       9.1Gi        36Gi       441Gi
Swap:             0B          0B          0B

########################################
program versions used
7.3.2 (freesurfer-linux-ubuntu22_x86_64-7.3.2-20220804-6354275)
7.3.2

ProgramName: lta_convert  ProgramArguments: lta_convert -all-info  ProgramVersion: 7.3.2  TimeStamp: 2026/03/10-04:45:42-GMT  BuildTime: Aug  4 2022 06:17:15  BuildStamp: freesurfer-linux-ubuntu22_x86_64-7.3.2-20220804-6354275  User: oesteban  Machine: dna029  Platform: Linux  PlatformVersion: 5.14.0-427.37.1.el9_4.x86_64  CompilerName: GCC  CompilerVersion: 8.4.0
ProgramName: mri_and  ProgramArguments: mri_and -all-info  ProgramVersion: 7.3.2  TimeStamp: 2026/03/10-04:45:42-GMT  BuildTime: Aug  4 2022 06:17:15  BuildStamp: freesurfer-linux-ubuntu22_x86_64-7.3.2-20220804-6354275  User: oesteban  Machine: dna029  Platform: Linux  PlatformVersion: 5.14.0-427.37.1.el9_4.x86_64  CompilerName: GCC  CompilerVersion: 8.4.0
ProgramName: mri_annotation2label  ProgramArguments: mri_annotation2label -all-info  ProgramVersion: 7.3.2  TimeStamp: 2026/03/10-04:45:42-GMT  BuildTime: Aug  4 2022 06:17:15  BuildStamp: freesurfer-linux-ubuntu22_x86_64-7.3.2-20220804-6354275  User: oesteban  Machine: dna029  Platform: Linux  PlatformVersion: 5.14.0-427.37.1.el9_4.x86_64  CompilerName: GCC  CompilerVersion: 8.4.0
ProgramName: mri_aparc2aseg  ProgramArguments: mri_aparc2aseg -all-info  ProgramVersion: 7.3.2  TimeStamp: 2026/03/10-04:45:42-GMT  BuildTime: Aug  4 2022 06:17:15  BuildStamp: freesurfer-linux-ubuntu22_x86_64-7.3.2-20220804-6354275  User: oesteban  Machine: dna029  Platform: Linux  PlatformVersion: 5.14.0-427.37.1.el9_4.x86_64  CompilerName: GCC  CompilerVersion: 8.4.0
ProgramName: mri_surf2volseg  ProgramArguments: mri_surf2volseg -all-info  ProgramVersion: 7.3.2  TimeStamp: 2026/03/10-04:45:42-GMT  BuildTime: Aug  4 2022 06:17:15  BuildStamp: freesurfer-linux-ubuntu22_x86_64-7.3.2-20220804-6354275  User: oesteban  Machine: dna029  Platform: Linux  PlatformVersion: 5.14.0-427.37.1.el9_4.x86_64  CompilerName: GCC  CompilerVersion: 8.4.0
ProgramName: mri_binarize  ProgramArguments: mri_binarize -all-info  ProgramVersion: 7.3.2  TimeStamp: 2026/03/10-04:45:42-GMT  BuildTime: Aug  4 2022 06:17:15  BuildStamp: freesurfer-linux-ubuntu22_x86_64-7.3.2-20220804-6354275  User: oesteban  Machine: dna029  Platform: Linux  PlatformVersion: 5.14.0-427.37.1.el9_4.x86_64  CompilerName: GCC  CompilerVersion: 8.4.0
ProgramName: mri_ca_label  ProgramArguments: mri_ca_label -all-info  ProgramVersion: 7.3.2  TimeStamp: 2026/03/10-04:45:42-GMT  BuildTime: Aug  4 2022 06:17:15  BuildStamp: freesurfer-linux-ubuntu22_x86_64-7.3.2-20220804-6354275  User: oesteban  Machine: dna029  Platform: Linux  PlatformVersion: 5.14.0-427.37.1.el9_4.x86_64  CompilerName: GCC  CompilerVersion: 8.4.0
ProgramName: mri_ca_normalize  ProgramArguments: mri_ca_normalize -all-info  ProgramVersion: 7.3.2  TimeStamp: 2026/03/10-04:45:42-GMT  BuildTime: Aug  4 2022 06:17:15  BuildStamp: freesurfer-linux-ubuntu22_x86_64-7.3.2-20220804-6354275  User: oesteban  Machine: dna029  Platform: Linux  PlatformVersion: 5.14.0-427.37.1.el9_4.x86_64  CompilerName: GCC  CompilerVersion: 8.4.0
ProgramName: mri_ca_register  ProgramArguments: mri_ca_register -all-info  ProgramVersion: 7.3.2  TimeStamp: 2026/03/10-04:45:42-GMT  BuildTime: Aug  4 2022 06:17:15  BuildStamp: freesurfer-linux-ubuntu22_x86_64-7.3.2-20220804-6354275  User: oesteban  Machine: dna029  Platform: Linux  PlatformVersion: 5.14.0-427.37.1.el9_4.x86_64  CompilerName: GCC  CompilerVersion: 8.4.0
ProgramName: mri_cc  ProgramArguments: mri_cc -all-info  ProgramVersion: 7.3.2  TimeStamp: 2026/03/10-04:45:42-GMT  BuildTime: Aug  4 2022 06:17:15  BuildStamp: freesurfer-linux-ubuntu22_x86_64-7.3.2-20220804-6354275  User: oesteban  Machine: dna029  Platform: Linux  PlatformVersion: 5.14.0-427.37.1.el9_4.x86_64  CompilerName: GCC  CompilerVersion: 8.4.0
ProgramName: mri_compute_overlap  ProgramArguments: mri_compute_overlap -all-info  ProgramVersion: 7.3.2  TimeStamp: 2026/03/10-04:45:42-GMT  BuildTime: Aug  4 2022 06:17:15  BuildStamp: freesurfer-linux-ubuntu22_x86_64-7.3.2-20220804-6354275  User: oesteban  Machine: dna029  Platform: Linux  PlatformVersion: 5.14.0-427.37.1.el9_4.x86_64  CompilerName: GCC  CompilerVersion: 8.4.0
ProgramName: mri_compute_seg_overlap  ProgramArguments: mri_compute_seg_overlap -all-info  ProgramVersion: 7.3.2  TimeStamp: 2026/03/10-04:45:42-GMT  BuildTime: Aug  4 2022 06:17:15  BuildStamp: freesurfer-linux-ubuntu22_x86_64-7.3.2-20220804-6354275  User: oesteban  Machine: dna029  Platform: Linux  PlatformVersion: 5.14.0-427.37.1.el9_4.x86_64  CompilerName: GCC  CompilerVersion: 8.4.0
ProgramName: mri_concat  ProgramArguments: mri_concat -all-info  ProgramVersion: 7.3.2  TimeStamp: 2026/03/10-04:45:42-GMT  BuildTime: Aug  4 2022 06:17:15  BuildStamp: freesurfer-linux-ubuntu22_x86_64-7.3.2-20220804-6354275  User: oesteban  Machine: dna029  Platform: Linux  PlatformVersion: 5.14.0-427.37.1.el9_4.x86_64  CompilerName: GCC  CompilerVersion: 8.4.0
ProgramName: mri_concatenate_lta  ProgramArguments: mri_concatenate_lta -all-info  ProgramVersion: 7.3.2  TimeStamp: 2026/03/10-04:45:42-GMT  BuildTime: Aug  4 2022 06:17:15  BuildStamp: freesurfer-linux-ubuntu22_x86_64-7.3.2-20220804-6354275  User: oesteban  Machine: dna029  Platform: Linux  PlatformVersion: 5.14.0-427.37.1.el9_4.x86_64  CompilerName: GCC  CompilerVersion: 8.4.0
mri_convert -all-info 
ProgramName: mri_convert  ProgramArguments: mri_convert -all-info  ProgramVersion: 7.3.2  TimeStamp: 2026/03/10-04:45:42-GMT  BuildTime: Aug  4 2022 06:17:15  BuildStamp: freesurfer-linux-ubuntu22_x86_64-7.3.2-20220804-6354275  User: oesteban  Machine: dna029  Platform: Linux  PlatformVersion: 5.14.0-427.37.1.el9_4.x86_64  CompilerName: GCC  CompilerVersion: 8.4.0
ProgramName: mri_diff  ProgramArguments: mri_diff -all-info  ProgramVersion: 7.3.2  TimeStamp: 2026/03/10-04:45:42-GMT  BuildTime: Aug  4 2022 06:17:15  BuildStamp: freesurfer-linux-ubuntu22_x86_64-7.3.2-20220804-6354275  User: oesteban  Machine: dna029  Platform: Linux  PlatformVersion: 5.14.0-427.37.1.el9_4.x86_64  CompilerName: GCC  CompilerVersion: 8.4.0
ProgramName: mri_edit_wm_with_aseg  ProgramArguments: mri_edit_wm_with_aseg -all-info  ProgramVersion: 7.3.2  TimeStamp: 2026/03/10-04:45:42-GMT  BuildTime: Aug  4 2022 06:17:15  BuildStamp: freesurfer-linux-ubuntu22_x86_64-7.3.2-20220804-6354275  User: oesteban  Machine: dna029  Platform: Linux  PlatformVersion: 5.14.0-427.37.1.el9_4.x86_64  CompilerName: GCC  CompilerVersion: 8.4.0
ProgramName: mri_em_register  ProgramArguments: mri_em_register -all-info  ProgramVersion: 7.3.2  TimeStamp: 2026/03/10-04:45:42-GMT  BuildTime: Aug  4 2022 06:17:15  BuildStamp: freesurfer-linux-ubuntu22_x86_64-7.3.2-20220804-6354275  User: oesteban  Machine: dna029  Platform: Linux  PlatformVersion: 5.14.0-427.37.1.el9_4.x86_64  CompilerName: GCC  CompilerVersion: 8.4.0
ProgramName: mri_fill  ProgramArguments: mri_fill -all-info  ProgramVersion: 7.3.2  TimeStamp: 2026/03/10-04:45:42-GMT  BuildTime: Aug  4 2022 06:17:15  BuildStamp: freesurfer-linux-ubuntu22_x86_64-7.3.2-20220804-6354275  User: oesteban  Machine: dna029  Platform: Linux  PlatformVersion: 5.14.0-427.37.1.el9_4.x86_64  CompilerName: GCC  CompilerVersion: 8.4.0
ProgramName: mri_fuse_segmentations  ProgramArguments: mri_fuse_segmentations -all-info  ProgramVersion: 7.3.2  TimeStamp: 2026/03/10-04:45:42-GMT  BuildTime: Aug  4 2022 06:17:15  BuildStamp: freesurfer-linux-ubuntu22_x86_64-7.3.2-20220804-6354275  User: oesteban  Machine: dna029  Platform: Linux  PlatformVersion: 5.14.0-427.37.1.el9_4.x86_64  CompilerName: GCC  CompilerVersion: 8.4.0
ProgramName: mri_fwhm  ProgramArguments: mri_fwhm -all-info  ProgramVersion: 7.3.2  TimeStamp: 2026/03/10-04:45:42-GMT  BuildTime: Aug  4 2022 06:17:15  BuildStamp: freesurfer-linux-ubuntu22_x86_64-7.3.2-20220804-6354275  User: oesteban  Machine: dna029  Platform: Linux  PlatformVersion: 5.14.0-427.37.1.el9_4.x86_64  CompilerName: GCC  CompilerVersion: 8.4.0
ProgramName: mri_gcut  ProgramArguments: mri_gcut -all-info  ProgramVersion: 7.3.2  TimeStamp: 2026/03/10-04:45:42-GMT  BuildTime: Aug  4 2022 06:17:15  BuildStamp: freesurfer-linux-ubuntu22_x86_64-7.3.2-20220804-6354275  User: oesteban  Machine: dna029  Platform: Linux  PlatformVersion: 5.14.0-427.37.1.el9_4.x86_64  CompilerName: GCC  CompilerVersion: 8.4.0
ProgramName: mri_info  ProgramArguments: mri_info -all-info  ProgramVersion: 7.3.2  TimeStamp: 2026/03/10-04:45:42-GMT  BuildTime: Aug  4 2022 06:17:15  BuildStamp: freesurfer-linux-ubuntu22_x86_64-7.3.2-20220804-6354275  User: oesteban  Machine: dna029  Platform: Linux  PlatformVersion: 5.14.0-427.37.1.el9_4.x86_64  CompilerName: GCC  CompilerVersion: 8.4.0
ProgramName: mri_label2label  ProgramArguments: mri_label2label -all-info  ProgramVersion: 7.3.2  TimeStamp: 2026/03/10-04:45:42-GMT  BuildTime: Aug  4 2022 06:17:15  BuildStamp: freesurfer-linux-ubuntu22_x86_64-7.3.2-20220804-6354275  User: oesteban  Machine: dna029  Platform: Linux  PlatformVersion: 5.14.0-427.37.1.el9_4.x86_64  CompilerName: GCC  CompilerVersion: 8.4.0
ProgramName: mri_label2vol  ProgramArguments: mri_label2vol -all-info  ProgramVersion: 7.3.2  TimeStamp: 2026/03/10-04:45:42-GMT  BuildTime: Aug  4 2022 06:17:15  BuildStamp: freesurfer-linux-ubuntu22_x86_64-7.3.2-20220804-6354275  User: oesteban  Machine: dna029  Platform: Linux  PlatformVersion: 5.14.0-427.37.1.el9_4.x86_64  CompilerName: GCC  CompilerVersion: 8.4.0
ProgramName: mri_log_likelihood  ProgramArguments: mri_log_likelihood -all-info  ProgramVersion: 7.3.2  TimeStamp: 2026/03/10-04:45:42-GMT  BuildTime: Aug  4 2022 06:17:15  BuildStamp: freesurfer-linux-ubuntu22_x86_64-7.3.2-20220804-6354275  User: oesteban  Machine: dna029  Platform: Linux  PlatformVersion: 5.14.0-427.37.1.el9_4.x86_64  CompilerName: GCC  CompilerVersion: 8.4.0
ProgramName: mri_mask  ProgramArguments: mri_mask -all-info  ProgramVersion: 7.3.2  TimeStamp: 2026/03/10-04:45:42-GMT  BuildTime: Aug  4 2022 06:17:15  BuildStamp: freesurfer-linux-ubuntu22_x86_64-7.3.2-20220804-6354275  User: oesteban  Machine: dna029  Platform: Linux  PlatformVersion: 5.14.0-427.37.1.el9_4.x86_64  CompilerName: GCC  CompilerVersion: 8.4.0
ProgramName: mri_matrix_multiply  ProgramArguments: mri_matrix_multiply -all-info  ProgramVersion: 7.3.2  TimeStamp: 2026/03/10-04:45:42-GMT  BuildTime: Aug  4 2022 06:17:15  BuildStamp: freesurfer-linux-ubuntu22_x86_64-7.3.2-20220804-6354275  User: oesteban  Machine: dna029  Platform: Linux  PlatformVersion: 5.14.0-427.37.1.el9_4.x86_64  CompilerName: GCC  CompilerVersion: 8.4.0
ProgramName: mri_normalize  ProgramArguments: mri_normalize -all-info  ProgramVersion: 7.3.2  TimeStamp: 2026/03/10-04:45:42-GMT  BuildTime: Aug  4 2022 06:17:15  BuildStamp: freesurfer-linux-ubuntu22_x86_64-7.3.2-20220804-6354275  User: oesteban  Machine: dna029  Platform: Linux  PlatformVersion: 5.14.0-427.37.1.el9_4.x86_64  CompilerName: GCC  CompilerVersion: 8.4.0
ProgramName: mri_normalize_tp2  ProgramArguments: mri_normalize_tp2 -all-info  ProgramVersion: 7.3.2  TimeStamp: 2026/03/10-04:45:42-GMT  BuildTime: Aug  4 2022 06:17:15  BuildStamp: freesurfer-linux-ubuntu22_x86_64-7.3.2-20220804-6354275  User: oesteban  Machine: dna029  Platform: Linux  PlatformVersion: 5.14.0-427.37.1.el9_4.x86_64  CompilerName: GCC  CompilerVersion: 8.4.0
ProgramName: mri_or  ProgramArguments: mri_or -all-info  ProgramVersion: 7.3.2  TimeStamp: 2026/03/10-04:45:42-GMT  BuildTime: Aug  4 2022 06:17:15  BuildStamp: freesurfer-linux-ubuntu22_x86_64-7.3.2-20220804-6354275  User: oesteban  Machine: dna029  Platform: Linux  PlatformVersion: 5.14.0-427.37.1.el9_4.x86_64  CompilerName: GCC  CompilerVersion: 8.4.0
ProgramName: mri_relabel_hypointensities  ProgramArguments: mri_relabel_hypointensities -all-info  ProgramVersion: 7.3.2  TimeStamp: 2026/03/10-04:45:42-GMT  BuildTime: Aug  4 2022 06:17:15  BuildStamp: freesurfer-linux-ubuntu22_x86_64-7.3.2-20220804-6354275  User: oesteban  Machine: dna029  Platform: Linux  PlatformVersion: 5.14.0-427.37.1.el9_4.x86_64  CompilerName: GCC  CompilerVersion: 8.4.0
ProgramName: mri_relabel_nonwm_hypos  ProgramArguments: mri_relabel_nonwm_hypos -all-info  ProgramVersion: 7.3.2  TimeStamp: 2026/03/10-04:45:42-GMT  BuildTime: Aug  4 2022 06:17:15  BuildStamp: freesurfer-linux-ubuntu22_x86_64-7.3.2-20220804-6354275  User: oesteban  Machine: dna029  Platform: Linux  PlatformVersion: 5.14.0-427.37.1.el9_4.x86_64  CompilerName: GCC  CompilerVersion: 8.4.0
ProgramName: mri_remove_neck  ProgramArguments: mri_remove_neck -all-info  ProgramVersion: 7.3.2  TimeStamp: 2026/03/10-04:45:42-GMT  BuildTime: Aug  4 2022 06:17:15  BuildStamp: freesurfer-linux-ubuntu22_x86_64-7.3.2-20220804-6354275  User: oesteban  Machine: dna029  Platform: Linux  PlatformVersion: 5.14.0-427.37.1.el9_4.x86_64  CompilerName: GCC  CompilerVersion: 8.4.0
7.3.2

ProgramName: mri_robust_register  ProgramArguments: mri_robust_register -all-info  ProgramVersion: 7.3.2  TimeStamp: 2026/03/10-04:45:42-GMT  BuildTime: Aug  4 2022 06:17:15  BuildStamp: freesurfer-linux-ubuntu22_x86_64-7.3.2-20220804-6354275  User: oesteban  Machine: dna029  Platform: Linux  PlatformVersion: 5.14.0-427.37.1.el9_4.x86_64  CompilerName: GCC  CompilerVersion: 8.4.0
7.3.2

ProgramName: mri_robust_template  ProgramArguments: mri_robust_template -all-info  ProgramVersion: 7.3.2  TimeStamp: 2026/03/10-04:45:42-GMT  BuildTime: Aug  4 2022 06:17:15  BuildStamp: freesurfer-linux-ubuntu22_x86_64-7.3.2-20220804-6354275  User: oesteban  Machine: dna029  Platform: Linux  PlatformVersion: 5.14.0-427.37.1.el9_4.x86_64  CompilerName: GCC  CompilerVersion: 8.4.0
ProgramName: mris_anatomical_stats  ProgramArguments: mris_anatomical_stats -all-info  ProgramVersion: 7.3.2  TimeStamp: 2026/03/10-04:45:42-GMT  BuildTime: Aug  4 2022 06:17:15  BuildStamp: freesurfer-linux-ubuntu22_x86_64-7.3.2-20220804-6354275  User: oesteban  Machine: dna029  Platform: Linux  PlatformVersion: 5.14.0-427.37.1.el9_4.x86_64  CompilerName: GCC  CompilerVersion: 8.4.0
ProgramName: mris_ca_label  ProgramArguments: mris_ca_label -all-info  ProgramVersion: 7.3.2  TimeStamp: 2026/03/10-04:45:42-GMT  BuildTime: Aug  4 2022 06:17:15  BuildStamp: freesurfer-linux-ubuntu22_x86_64-7.3.2-20220804-6354275  User: oesteban  Machine: dna029  Platform: Linux  PlatformVersion: 5.14.0-427.37.1.el9_4.x86_64  CompilerName: GCC  CompilerVersion: 8.4.0
ProgramName: mris_calc  ProgramArguments: mris_calc -all-info  ProgramVersion: 7.3.2  TimeStamp: 2026/03/10-04:45:42-GMT  BuildTime: Aug  4 2022 06:17:15  BuildStamp: freesurfer-linux-ubuntu22_x86_64-7.3.2-20220804-6354275  User: oesteban  Machine: dna029  Platform: Linux  PlatformVersion: 5.14.0-427.37.1.el9_4.x86_64  CompilerName: GCC  CompilerVersion: 8.4.0
ProgramName: mris_convert  ProgramArguments: mris_convert -all-info  ProgramVersion: 7.3.2  TimeStamp: 2026/03/10-04:45:42-GMT  BuildTime: Aug  4 2022 06:17:15  BuildStamp: freesurfer-linux-ubuntu22_x86_64-7.3.2-20220804-6354275  User: oesteban  Machine: dna029  Platform: Linux  PlatformVersion: 5.14.0-427.37.1.el9_4.x86_64  CompilerName: GCC  CompilerVersion: 8.4.0
ProgramName: mris_curvature  ProgramArguments: mris_curvature -all-info  ProgramVersion: 7.3.2  TimeStamp: 2026/03/10-04:45:42-GMT  BuildTime: Aug  4 2022 06:17:15  BuildStamp: freesurfer-linux-ubuntu22_x86_64-7.3.2-20220804-6354275  User: oesteban  Machine: dna029  Platform: Linux  PlatformVersion: 5.14.0-427.37.1.el9_4.x86_64  CompilerName: GCC  CompilerVersion: 8.4.0
ProgramName: mris_curvature_stats  ProgramArguments: mris_curvature_stats -all-info  ProgramVersion: 7.3.2  TimeStamp: 2026/03/10-04:45:42-GMT  BuildTime: Aug  4 2022 06:17:15  BuildStamp: freesurfer-linux-ubuntu22_x86_64-7.3.2-20220804-6354275  User: oesteban  Machine: dna029  Platform: Linux  PlatformVersion: 5.14.0-427.37.1.el9_4.x86_64  CompilerName: GCC  CompilerVersion: 8.4.0
ProgramName: mris_diff  ProgramArguments: mris_diff -all-info  ProgramVersion: 7.3.2  TimeStamp: 2026/03/10-04:45:42-GMT  BuildTime: Aug  4 2022 06:17:15  BuildStamp: freesurfer-linux-ubuntu22_x86_64-7.3.2-20220804-6354275  User: oesteban  Machine: dna029  Platform: Linux  PlatformVersion: 5.14.0-427.37.1.el9_4.x86_64  CompilerName: GCC  CompilerVersion: 8.4.0
ProgramName: mris_divide_parcellation  ProgramArguments: mris_divide_parcellation -all-info  ProgramVersion: 7.3.2  TimeStamp: 2026/03/10-04:45:42-GMT  BuildTime: Aug  4 2022 06:17:15  BuildStamp: freesurfer-linux-ubuntu22_x86_64-7.3.2-20220804-6354275  User: oesteban  Machine: dna029  Platform: Linux  PlatformVersion: 5.14.0-427.37.1.el9_4.x86_64  CompilerName: GCC  CompilerVersion: 8.4.0
ProgramName: mri_segment  ProgramArguments: mri_segment -all-info  ProgramVersion: 7.3.2  TimeStamp: 2026/03/10-04:45:42-GMT  BuildTime: Aug  4 2022 06:17:15  BuildStamp: freesurfer-linux-ubuntu22_x86_64-7.3.2-20220804-6354275  User: oesteban  Machine: dna029  Platform: Linux  PlatformVersion: 5.14.0-427.37.1.el9_4.x86_64  CompilerName: GCC  CompilerVersion: 8.4.0
ProgramName: mri_segstats  ProgramArguments: mri_segstats -all-info  ProgramVersion: 7.3.2  TimeStamp: 2026/03/10-04:45:42-GMT  BuildTime: Aug  4 2022 06:17:15  BuildStamp: freesurfer-linux-ubuntu22_x86_64-7.3.2-20220804-6354275  User: oesteban  Machine: dna029  Platform: Linux  PlatformVersion: 5.14.0-427.37.1.el9_4.x86_64  CompilerName: GCC  CompilerVersion: 8.4.0
ProgramName: mris_euler_number  ProgramArguments: mris_euler_number -all-info  ProgramVersion: 7.3.2  TimeStamp: 2026/03/10-04:45:42-GMT  BuildTime: Aug  4 2022 06:17:15  BuildStamp: freesurfer-linux-ubuntu22_x86_64-7.3.2-20220804-6354275  User: oesteban  Machine: dna029  Platform: Linux  PlatformVersion: 5.14.0-427.37.1.el9_4.x86_64  CompilerName: GCC  CompilerVersion: 8.4.0
ProgramName: mris_fix_topology  ProgramArguments: mris_fix_topology -all-info  ProgramVersion: 7.3.2  TimeStamp: 2026/03/10-04:45:42-GMT  BuildTime: Aug  4 2022 06:17:15  BuildStamp: freesurfer-linux-ubuntu22_x86_64-7.3.2-20220804-6354275  User: oesteban  Machine: dna029  Platform: Linux  PlatformVersion: 5.14.0-427.37.1.el9_4.x86_64  CompilerName: GCC  CompilerVersion: 8.4.0
ProgramName: mris_topo_fixer  ProgramArguments: mris_topo_fixer -all-info  ProgramVersion: 7.3.2  TimeStamp: 2026/03/10-04:45:42-GMT  BuildTime: Aug  4 2022 06:17:15  BuildStamp: freesurfer-linux-ubuntu22_x86_64-7.3.2-20220804-6354275  User: oesteban  Machine: dna029  Platform: Linux  PlatformVersion: 5.14.0-427.37.1.el9_4.x86_64  CompilerName: GCC  CompilerVersion: 8.4.0
ProgramName: mris_jacobian  ProgramArguments: mris_jacobian -all-info  ProgramVersion: 7.3.2  TimeStamp: 2026/03/10-04:45:42-GMT  BuildTime: Aug  4 2022 06:17:15  BuildStamp: freesurfer-linux-ubuntu22_x86_64-7.3.2-20220804-6354275  User: oesteban  Machine: dna029  Platform: Linux  PlatformVersion: 5.14.0-427.37.1.el9_4.x86_64  CompilerName: GCC  CompilerVersion: 8.4.0
ProgramName: mris_label2annot  ProgramArguments: mris_label2annot -all-info  ProgramVersion: 7.3.2  TimeStamp: 2026/03/10-04:45:42-GMT  BuildTime: Aug  4 2022 06:17:15  BuildStamp: freesurfer-linux-ubuntu22_x86_64-7.3.2-20220804-6354275  User: oesteban  Machine: dna029  Platform: Linux  PlatformVersion: 5.14.0-427.37.1.el9_4.x86_64  CompilerName: GCC  CompilerVersion: 8.4.0
ProgramName: mris_left_right_register  ProgramArguments: mris_left_right_register -all-info  ProgramVersion: 7.3.2  TimeStamp: 2026/03/10-04:45:42-GMT  BuildTime: Aug  4 2022 06:17:15  BuildStamp: freesurfer-linux-ubuntu22_x86_64-7.3.2-20220804-6354275  User: oesteban  Machine: dna029  Platform: Linux  PlatformVersion: 5.14.0-427.37.1.el9_4.x86_64  CompilerName: GCC  CompilerVersion: 8.4.0
ProgramName: mris_place_surface  ProgramArguments: mris_place_surface -all-info  ProgramVersion: 7.3.2  TimeStamp: 2026/03/10-04:45:42-GMT  BuildTime: Aug  4 2022 06:17:15  BuildStamp: freesurfer-linux-ubuntu22_x86_64-7.3.2-20220804-6354275  User: oesteban  Machine: dna029  Platform: Linux  PlatformVersion: 5.14.0-427.37.1.el9_4.x86_64  CompilerName: GCC  CompilerVersion: 8.4.0
ProgramName: mrisp_paint  ProgramArguments: mrisp_paint -all-info  ProgramVersion: 7.3.2  TimeStamp: 2026/03/10-04:45:42-GMT  BuildTime: Aug  4 2022 06:17:15  BuildStamp: freesurfer-linux-ubuntu22_x86_64-7.3.2-20220804-6354275  User: oesteban  Machine: dna029  Platform: Linux  PlatformVersion: 5.14.0-427.37.1.el9_4.x86_64  CompilerName: GCC  CompilerVersion: 8.4.0
ProgramName: mris_register  ProgramArguments: mris_register -all-info  ProgramVersion: 7.3.2  TimeStamp: 2026/03/10-04:45:42-GMT  BuildTime: Aug  4 2022 06:17:15  BuildStamp: freesurfer-linux-ubuntu22_x86_64-7.3.2-20220804-6354275  User: oesteban  Machine: dna029  Platform: Linux  PlatformVersion: 5.14.0-427.37.1.el9_4.x86_64  CompilerName: GCC  CompilerVersion: 8.4.0
ProgramName: mris_smooth  ProgramArguments: mris_smooth -all-info  ProgramVersion: 7.3.2  TimeStamp: 2026/03/10-04:45:42-GMT  BuildTime: Aug  4 2022 06:17:15  BuildStamp: freesurfer-linux-ubuntu22_x86_64-7.3.2-20220804-6354275  User: oesteban  Machine: dna029  Platform: Linux  PlatformVersion: 5.14.0-427.37.1.el9_4.x86_64  CompilerName: GCC  CompilerVersion: 8.4.0
ProgramName: mris_sphere  ProgramArguments: mris_sphere -all-info  ProgramVersion: 7.3.2  TimeStamp: 2026/03/10-04:45:42-GMT  BuildTime: Aug  4 2022 06:17:15  BuildStamp: freesurfer-linux-ubuntu22_x86_64-7.3.2-20220804-6354275  User: oesteban  Machine: dna029  Platform: Linux  PlatformVersion: 5.14.0-427.37.1.el9_4.x86_64  CompilerName: GCC  CompilerVersion: 8.4.0
ProgramName: mris_surface_stats  ProgramArguments: mris_surface_stats -all-info  ProgramVersion: 7.3.2  TimeStamp: 2026/03/10-04:45:42-GMT  BuildTime: Aug  4 2022 06:17:15  BuildStamp: freesurfer-linux-ubuntu22_x86_64-7.3.2-20220804-6354275  User: oesteban  Machine: dna029  Platform: Linux  PlatformVersion: 5.14.0-427.37.1.el9_4.x86_64  CompilerName: GCC  CompilerVersion: 8.4.0
ProgramName: mri_stats2seg  ProgramArguments: mri_stats2seg -all-info  ProgramVersion: 7.3.2  TimeStamp: 2026/03/10-04:45:42-GMT  BuildTime: Aug  4 2022 06:17:15  BuildStamp: freesurfer-linux-ubuntu22_x86_64-7.3.2-20220804-6354275  User: oesteban  Machine: dna029  Platform: Linux  PlatformVersion: 5.14.0-427.37.1.el9_4.x86_64  CompilerName: GCC  CompilerVersion: 8.4.0
ProgramName: mris_thickness  ProgramArguments: mris_thickness -all-info  ProgramVersion: 7.3.2  TimeStamp: 2026/03/10-04:45:42-GMT  BuildTime: Aug  4 2022 06:17:15  BuildStamp: freesurfer-linux-ubuntu22_x86_64-7.3.2-20220804-6354275  User: oesteban  Machine: dna029  Platform: Linux  PlatformVersion: 5.14.0-427.37.1.el9_4.x86_64  CompilerName: GCC  CompilerVersion: 8.4.0
ProgramName: mris_thickness_diff  ProgramArguments: mris_thickness_diff -all-info  ProgramVersion: 7.3.2  TimeStamp: 2026/03/10-04:45:42-GMT  BuildTime: Aug  4 2022 06:17:15  BuildStamp: freesurfer-linux-ubuntu22_x86_64-7.3.2-20220804-6354275  User: oesteban  Machine: dna029  Platform: Linux  PlatformVersion: 5.14.0-427.37.1.el9_4.x86_64  CompilerName: GCC  CompilerVersion: 8.4.0
ProgramName: mris_topo_fixer  ProgramArguments: mris_topo_fixer -all-info  ProgramVersion: 7.3.2  TimeStamp: 2026/03/10-04:45:42-GMT  BuildTime: Aug  4 2022 06:17:15  BuildStamp: freesurfer-linux-ubuntu22_x86_64-7.3.2-20220804-6354275  User: oesteban  Machine: dna029  Platform: Linux  PlatformVersion: 5.14.0-427.37.1.el9_4.x86_64  CompilerName: GCC  CompilerVersion: 8.4.0
ProgramName: mri_surf2surf  ProgramArguments: mri_surf2surf -all-info  ProgramVersion: 7.3.2  TimeStamp: 2026/03/10-04:45:42-GMT  BuildTime: Aug  4 2022 06:17:15  BuildStamp: freesurfer-linux-ubuntu22_x86_64-7.3.2-20220804-6354275  User: oesteban  Machine: dna029  Platform: Linux  PlatformVersion: 5.14.0-427.37.1.el9_4.x86_64  CompilerName: GCC  CompilerVersion: 8.4.0
ProgramName: mri_surf2vol  ProgramArguments: mri_surf2vol -all-info  ProgramVersion: 7.3.2  TimeStamp: 2026/03/10-04:45:42-GMT  BuildTime: Aug  4 2022 06:17:15  BuildStamp: freesurfer-linux-ubuntu22_x86_64-7.3.2-20220804-6354275  User: oesteban  Machine: dna029  Platform: Linux  PlatformVersion: 5.14.0-427.37.1.el9_4.x86_64  CompilerName: GCC  CompilerVersion: 8.4.0
ProgramName: mri_surfcluster  ProgramArguments: mri_surfcluster -all-info  ProgramVersion: 7.3.2  TimeStamp: 2026/03/10-04:45:42-GMT  BuildTime: Aug  4 2022 06:17:15  BuildStamp: freesurfer-linux-ubuntu22_x86_64-7.3.2-20220804-6354275  User: oesteban  Machine: dna029  Platform: Linux  PlatformVersion: 5.14.0-427.37.1.el9_4.x86_64  CompilerName: GCC  CompilerVersion: 8.4.0
ProgramName: mris_volmask  ProgramArguments: mris_volmask -all-info  ProgramVersion: 7.3.2  TimeStamp: 2026/03/10-04:45:42-GMT  BuildTime: Aug  4 2022 06:17:15  BuildStamp: freesurfer-linux-ubuntu22_x86_64-7.3.2-20220804-6354275  User: oesteban  Machine: dna029  Platform: Linux  PlatformVersion: 5.14.0-427.37.1.el9_4.x86_64  CompilerName: GCC  CompilerVersion: 8.4.0
ProgramName: mri_tessellate  ProgramArguments: mri_tessellate -all-info  ProgramVersion: 7.3.2  TimeStamp: 2026/03/10-04:45:42-GMT  BuildTime: Aug  4 2022 06:17:15  BuildStamp: freesurfer-linux-ubuntu22_x86_64-7.3.2-20220804-6354275  User: oesteban  Machine: dna029  Platform: Linux  PlatformVersion: 5.14.0-427.37.1.el9_4.x86_64  CompilerName: GCC  CompilerVersion: 8.4.0
ProgramName: mri_vol2surf  ProgramArguments: mri_vol2surf -all-info  ProgramVersion: 7.3.2  TimeStamp: 2026/03/10-04:45:42-GMT  BuildTime: Aug  4 2022 06:17:15  BuildStamp: freesurfer-linux-ubuntu22_x86_64-7.3.2-20220804-6354275  User: oesteban  Machine: dna029  Platform: Linux  PlatformVersion: 5.14.0-427.37.1.el9_4.x86_64  CompilerName: GCC  CompilerVersion: 8.4.0
ProgramName: mri_vol2vol  ProgramArguments: mri_vol2vol -all-info  ProgramVersion: 7.3.2  TimeStamp: 2026/03/10-04:45:42-GMT  BuildTime: Aug  4 2022 06:17:15  BuildStamp: freesurfer-linux-ubuntu22_x86_64-7.3.2-20220804-6354275  User: oesteban  Machine: dna029  Platform: Linux  PlatformVersion: 5.14.0-427.37.1.el9_4.x86_64  CompilerName: GCC  CompilerVersion: 8.4.0
ProgramName: mri_voldiff  ProgramArguments: mri_voldiff -all-info  ProgramVersion: 7.3.2  TimeStamp: 2026/03/10-04:45:42-GMT  BuildTime: Aug  4 2022 06:17:15  BuildStamp: freesurfer-linux-ubuntu22_x86_64-7.3.2-20220804-6354275  User: oesteban  Machine: dna029  Platform: Linux  PlatformVersion: 5.14.0-427.37.1.el9_4.x86_64  CompilerName: GCC  CompilerVersion: 8.4.0
ProgramName: mri_watershed  ProgramArguments: mri_watershed -all-info  ProgramVersion: 7.3.2  TimeStamp: 2026/03/10-04:45:42-GMT  BuildTime: Aug  4 2022 06:17:15  BuildStamp: freesurfer-linux-ubuntu22_x86_64-7.3.2-20220804-6354275  User: oesteban  Machine: dna029  Platform: Linux  PlatformVersion: 5.14.0-427.37.1.el9_4.x86_64  CompilerName: GCC  CompilerVersion: 8.4.0
ProgramName: tkregister2  ProgramArguments: tkregister2_cmdl -all-info  ProgramVersion: 7.3.2  TimeStamp: 2026/03/10-04:45:42-GMT  BuildTime: Aug  4 2022 06:17:15  BuildStamp: freesurfer-linux-ubuntu22_x86_64-7.3.2-20220804-6354275  User: oesteban  Machine: dna029  Platform: Linux  PlatformVersion: 5.14.0-427.37.1.el9_4.x86_64  CompilerName: GCC  CompilerVersion: 8.4.0
mri_motion_correct.fsl 7.3.2
mri_convert -all-info 
ProgramName: mri_convert  ProgramArguments: mri_convert -all-info  ProgramVersion: 7.3.2  TimeStamp: 2026/03/10-04:45:42-GMT  BuildTime: Aug  4 2022 06:17:15  BuildStamp: freesurfer-linux-ubuntu22_x86_64-7.3.2-20220804-6354275  User: oesteban  Machine: dna029  Platform: Linux  PlatformVersion: 5.14.0-427.37.1.el9_4.x86_64  CompilerName: GCC  CompilerVersion: 8.4.0
Program nu_correct, built from:
Package MNI N3, version 1.12.0, compiled by nicks@terrier (x86_64-unknown-linux-gnu) on 2015-06-19 at 01:25:34
#######################################
GCADIR /opt/freesurfer/average
GCA RB_all_2020-01-02.gca
GCASkull RB_all_withskull_2020_01_02.gca
AvgCurvTif folding.atlas.acfb40.noaparc.i12.2016-08-02.tif
GCSDIR /opt/freesurfer/average
GCS DKaparc.atlas.acfb40.noaparc.i12.2016-08-02.gcs
#######################################
#-------------------------------------
#@# EM Registration Tue Mar 10 05:45:42 CET 2026
/out/sourcedata/freesurfer/sub-v1s6x0051321_ses-1/mri

 mri_em_register -uns 3 -mask brainmask.mgz nu.mgz /opt/freesurfer/average/RB_all_2020-01-02.gca transforms/talairach.lta 

setting unknown_nbr_spacing = 3
using MR volume brainmask.mgz to mask input volume...

== Number of threads available to mri_em_register for OpenMP = 16 == 
reading 1 input volumes...
logging results to talairach.log
reading '/opt/freesurfer/average/RB_all_2020-01-02.gca'...
GCAread took 0 minutes and 1 seconds.
average std = 7.2   using min determinant for regularization = 5.2
0 singular and 884 ill-conditioned covariance matrices regularized
reading 'nu.mgz'...
MRImask(): AllowDiffGeom = 1
MRImask(): AllowDiffGeom = 1
MRImask(): AllowDiffGeom = 1
MRImask(): AllowDiffGeom = 1
MRImask(): AllowDiffGeom = 1
freeing gibbs priors...done.
accounting for voxel sizes in initial transform
bounding unknown intensity as < 5.9 or > 519.0 
total sample mean = 79.1 (1017 zeros)
************************************************
spacing=8, using 2841 sample points, tol=1.00e-05...
************************************************
register_mri: find_optimal_transform
find_optimal_transform: nsamples 2841, passno 0, spacing 8
resetting wm mean[0]: 98 --> 107
resetting gm mean[0]: 61 --> 61
input volume #1 is the most T1-like
using real data threshold=22.0
skull bounding box = (57, 43, 37) --> (200, 148, 196)
finding center of left hemi white matter
using (105, 78, 117) as brain centroid of Right_Cerebral_White_Matter...
MRImask(): AllowDiffGeom = 1
mean wm in atlas = 107, using box (87,65,97) --> (122, 90,136) to find MRI wm
before smoothing, mri peak at 107
robust fit to distribution - 108 +- 4.1
after smoothing, mri peak at 108, scaling input intensities by 0.991
scaling channel 0 by 0.990741
initial log_p = -4.342
************************************************
First Search limited to translation only.
************************************************
max log p =    -3.969898 @ (-10.526, 10.526, -10.526)
max log p =    -3.764045 @ (5.263, 5.263, 5.263)
max log p =    -3.716100 @ (2.632, 2.632, -2.632)
max log p =    -3.716100 @ (0.000, 0.000, 0.000)
max log p =    -3.698355 @ (0.658, -0.658, -1.974)
max log p =    -3.698355 @ (0.000, 0.000, 0.000)
max log p =    -3.698355 @ (0.000, 0.000, 0.000)
max log p =    -3.698355 @ (0.000, 0.000, 0.000)
Found translation: (-2.0, 17.8, -9.9): log p = -3.698
****************************************
Nine parameter search.  iteration 0 nscales = 0 ...
****************************************
Result so far: scale 1.000: max_log_p=-3.570, old_max_log_p =-3.698 (thresh=-3.7)
 0.99144   0.00000  -0.13053   14.17628;
 0.00000   1.15000   0.00000   2.53409;
 0.13053   0.00000   0.99144  -25.69073;
 0.00000   0.00000   0.00000   1.00000;
iteration took 0 minutes and 15 seconds.
****************************************
Nine parameter search.  iteration 1 nscales = 0 ...
****************************************
Result so far: scale 1.000: max_log_p=-3.570, old_max_log_p =-3.570 (thresh=-3.6)
 0.99144   0.00000  -0.13053   14.17628;
 0.00000   1.15000   0.00000   2.53409;
 0.13053   0.00000   0.99144  -25.69073;
 0.00000   0.00000   0.00000   1.00000;
reducing scale to 0.2500
iteration took 0 minutes and 15 seconds.
****************************************
Nine parameter search.  iteration 2 nscales = 1 ...
****************************************
Result so far: scale 0.250: max_log_p=-3.433, old_max_log_p =-3.570 (thresh=-3.6)
 1.01643  -0.00270  -0.07115   2.24710;
 0.00213   1.19040   0.06772  -7.54496;
 0.07079  -0.07641   1.01341  -9.34118;
 0.00000   0.00000   0.00000   1.00000;
iteration took 0 minutes and 14 seconds.
****************************************
Nine parameter search.  iteration 3 nscales = 1 ...
****************************************
Result so far: scale 0.250: max_log_p=-3.418, old_max_log_p =-3.433 (thresh=-3.4)
 0.99457   0.00230  -0.10210   8.05823;
 0.00688   1.20503   0.13636  -15.41800;
 0.10566  -0.15699   1.02277  -5.01048;
 0.00000   0.00000   0.00000   1.00000;
iteration took 0 minutes and 12 seconds.
****************************************
Nine parameter search.  iteration 4 nscales = 1 ...
****************************************
Result so far: scale 0.250: max_log_p=-3.410, old_max_log_p =-3.418 (thresh=-3.4)
 0.99457   0.00230  -0.10210   8.05823;
 0.01034   1.19925   0.16975  -18.95908;
 0.10538  -0.19634   1.01776  -0.54383;
 0.00000   0.00000   0.00000   1.00000;
iteration took 0 minutes and 12 seconds.
****************************************
Nine parameter search.  iteration 5 nscales = 1 ...
****************************************
Result so far: scale 0.250: max_log_p=-3.410, old_max_log_p =-3.410 (thresh=-3.4)
 0.99457   0.00230  -0.10210   8.05823;
 0.01034   1.19925   0.16975  -18.95908;
 0.10538  -0.19634   1.01776  -0.54383;
 0.00000   0.00000   0.00000   1.00000;
reducing scale to 0.0625
iteration took 0 minutes and 13 seconds.
****************************************
Nine parameter search.  iteration 6 nscales = 2 ...
****************************************
Result so far: scale 0.062: max_log_p=-3.382, old_max_log_p =-3.410 (thresh=-3.4)
 0.99890   0.00078  -0.09409   6.29645;
 0.00948   1.20081   0.16144  -18.55837;
 0.09755  -0.18695   1.02231  -1.41636;
 0.00000   0.00000   0.00000   1.00000;
iteration took 0 minutes and 12 seconds.
****************************************
Nine parameter search.  iteration 7 nscales = 2 ...
****************************************
Result so far: scale 0.062: max_log_p=-3.382, old_max_log_p =-3.382 (thresh=-3.4)
 0.99890   0.00078  -0.09409   6.29645;
 0.00946   1.19940   0.16125  -18.39683;
 0.09732  -0.18651   1.01991  -1.16596;
 0.00000   0.00000   0.00000   1.00000;
min search scale 0.025000 reached
***********************************************
Computing MAP estimate using 2841 samples...
***********************************************
dt = 5.00e-06, momentum=0.80, tol=1.00e-05
l_intensity = 1.0000
Aligning input volume to GCA...
Transform matrix
 0.99890   0.00078  -0.09409   6.29645;
 0.00946   1.19940   0.16125  -18.39683;
 0.09732  -0.18651   1.01991  -1.16596;
 0.00000   0.00000   0.00000   1.00000;
nsamples 2841
Quasinewton: input matrix
 0.99890   0.00078  -0.09409   6.29645;
 0.00946   1.19940   0.16125  -18.39683;
 0.09732  -0.18651   1.01991  -1.16596;
 0.00000   0.00000   0.00000   1.00000;
 IFLAG= -1  LINE SEARCH FAILED. SEE DOCUMENTATION OF ROUTINE MCSRCH ERROR RETURN OF LINE SEARCH: INFO= 3 POSSIBLE CAUSES: FUNCTION OR GRADIENT ARE INCORRECT OR INCORRECT TOLERANCESoutof QuasiNewtonEMA: 010: -log(p) =   -0.0  tol 0.000010
Resulting transform:
 0.99890   0.00078  -0.09409   6.29645;
 0.00946   1.19940   0.16125  -18.39683;
 0.09732  -0.18651   1.01991  -1.16596;
 0.00000   0.00000   0.00000   1.00000;

pass 1, spacing 8: log(p) = -3.382 (old=-4.342)
transform before final EM align:
 0.99890   0.00078  -0.09409   6.29645;
 0.00946   1.19940   0.16125  -18.39683;
 0.09732  -0.18651   1.01991  -1.16596;
 0.00000   0.00000   0.00000   1.00000;

**************************************************
 EM alignment process ...
 Computing final MAP estimate using 315638 samples. 
**************************************************
dt = 5.00e-06, momentum=0.80, tol=1.00e-07
l_intensity = 1.0000
Aligning input volume to GCA...
Transform matrix
 0.99890   0.00078  -0.09409   6.29645;
 0.00946   1.19940   0.16125  -18.39683;
 0.09732  -0.18651   1.01991  -1.16596;
 0.00000   0.00000   0.00000   1.00000;
nsamples 315638
Quasinewton: input matrix
 0.99890   0.00078  -0.09409   6.29645;
 0.00946   1.19940   0.16125  -18.39683;
 0.09732  -0.18651   1.01991  -1.16596;
 0.00000   0.00000   0.00000   1.00000;
dfp_em_step_func: 011: -log(p) = 3.9
after pass:transform: ( 1.00, 0.00, -0.09, 6.30)
                      ( 0.01, 1.20, 0.16, -18.40)
                      ( 0.10, -0.19, 1.02, -1.17)
dfp_em_step_func: 012: -log(p) = 3.9
after pass:transform: ( 1.00, 0.00, -0.09, 6.30)
                      ( 0.01, 1.20, 0.16, -18.40)
                      ( 0.10, -0.19, 1.02, -1.17)
 IFLAG= -1  LINE SEARCH FAILED. SEE DOCUMENTATION OF ROUTINE MCSRCH ERROR RETURN OF LINE SEARCH: INFO= 3 POSSIBLE CAUSES: FUNCTION OR GRADIENT ARE INCORRECT OR INCORRECT TOLERANCESpass 2 through quasi-newton minimization...
 IFLAG= -1  LINE SEARCH FAILED. SEE DOCUMENTATION OF ROUTINE MCSRCH ERROR RETURN OF LINE SEARCH: INFO= 3 POSSIBLE CAUSES: FUNCTION OR GRADIENT ARE INCORRECT OR INCORRECT TOLERANCESoutof QuasiNewtonEMA: 014: -log(p) =    3.9  tol 0.000000
final transform:
 0.99890   0.00078  -0.09409   6.29645;
 0.00946   1.19940   0.16125  -18.39683;
 0.09732  -0.18651   1.01991  -1.16596;
 0.00000   0.00000   0.00000   1.00000;

writing output transformation to transforms/talairach.lta...
#VMPC# mri_em_register VmPeak  891284
FSRUNTIME@ mri_em_register  0.0491 hours 16 threads
registration took 2 minutes and 57 seconds.

Started at Tue Mar 10 05:45:42 CET 2026 
Ended   at Tue Mar 10 05:48:39 CET 2026
#@#%# recon-all-run-time-hours 0.049
recon-all -s sub-v1s6x0051321_ses-1 finished without error at Tue Mar 10 05:48:39 CET 2026



#New# invocation of recon-all 




Tue Mar 10 05:48:41 CET 2026
cd /out/sourcedata/freesurfer/sub-v1s6x0051321_ses-1
setenv SUBJECTS_DIR /out/sourcedata/freesurfer
/opt/freesurfer/bin/recon-all -autorecon2-volonly -openmp 16 -subjid sub-v1s6x0051321_ses-1 -sd /out/sourcedata/freesurfer -nogcareg

subjid sub-v1s6x0051321_ses-1
setenv SUBJECTS_DIR /out/sourcedata/freesurfer
FREESURFER_HOME /opt/freesurfer
Actual FREESURFER_HOME /opt/freesurfer
build-stamp.txt: freesurfer-linux-ubuntu22_x86_64-7.3.2-20220804-6354275
Linux dna029 5.14.0-427.37.1.el9_4.x86_64 #1 SMP PREEMPT_DYNAMIC Fri Sep 13 12:41:50 EDT 2024 x86_64 x86_64 x86_64 GNU/Linux
cputime      unlimited
filesize     unlimited
datasize     unlimited
stacksize    8192 kbytes
coredumpsize 0 kbytes
memoryuse    67108864 kbytes
vmemoryuse   unlimited
descriptors  1024 
memorylocked unlimited
maxproc      2061970 
maxlocks     unlimited
maxsignal    2061970 
maxmessage   819200 
maxnice      0 
maxrtprio    0 
maxrttime    unlimited

               total        used        free      shared  buff/cache   available
Mem:           503Gi        49Gi       416Gi       9.1Gi        37Gi       441Gi
Swap:             0B          0B          0B

########################################
program versions used
7.3.2 (freesurfer-linux-ubuntu22_x86_64-7.3.2-20220804-6354275)
7.3.2

ProgramName: lta_convert  ProgramArguments: lta_convert -all-info  ProgramVersion: 7.3.2  TimeStamp: 2026/03/10-04:48:41-GMT  BuildTime: Aug  4 2022 06:17:15  BuildStamp: freesurfer-linux-ubuntu22_x86_64-7.3.2-20220804-6354275  User: oesteban  Machine: dna029  Platform: Linux  PlatformVersion: 5.14.0-427.37.1.el9_4.x86_64  CompilerName: GCC  CompilerVersion: 8.4.0
ProgramName: mri_and  ProgramArguments: mri_and -all-info  ProgramVersion: 7.3.2  TimeStamp: 2026/03/10-04:48:41-GMT  BuildTime: Aug  4 2022 06:17:15  BuildStamp: freesurfer-linux-ubuntu22_x86_64-7.3.2-20220804-6354275  User: oesteban  Machine: dna029  Platform: Linux  PlatformVersion: 5.14.0-427.37.1.el9_4.x86_64  CompilerName: GCC  CompilerVersion: 8.4.0
ProgramName: mri_annotation2label  ProgramArguments: mri_annotation2label -all-info  ProgramVersion: 7.3.2  TimeStamp: 2026/03/10-04:48:41-GMT  BuildTime: Aug  4 2022 06:17:15  BuildStamp: freesurfer-linux-ubuntu22_x86_64-7.3.2-20220804-6354275  User: oesteban  Machine: dna029  Platform: Linux  PlatformVersion: 5.14.0-427.37.1.el9_4.x86_64  CompilerName: GCC  CompilerVersion: 8.4.0
ProgramName: mri_aparc2aseg  ProgramArguments: mri_aparc2aseg -all-info  ProgramVersion: 7.3.2  TimeStamp: 2026/03/10-04:48:41-GMT  BuildTime: Aug  4 2022 06:17:15  BuildStamp: freesurfer-linux-ubuntu22_x86_64-7.3.2-20220804-6354275  User: oesteban  Machine: dna029  Platform: Linux  PlatformVersion: 5.14.0-427.37.1.el9_4.x86_64  CompilerName: GCC  CompilerVersion: 8.4.0
ProgramName: mri_surf2volseg  ProgramArguments: mri_surf2volseg -all-info  ProgramVersion: 7.3.2  TimeStamp: 2026/03/10-04:48:41-GMT  BuildTime: Aug  4 2022 06:17:15  BuildStamp: freesurfer-linux-ubuntu22_x86_64-7.3.2-20220804-6354275  User: oesteban  Machine: dna029  Platform: Linux  PlatformVersion: 5.14.0-427.37.1.el9_4.x86_64  CompilerName: GCC  CompilerVersion: 8.4.0
ProgramName: mri_binarize  ProgramArguments: mri_binarize -all-info  ProgramVersion: 7.3.2  TimeStamp: 2026/03/10-04:48:41-GMT  BuildTime: Aug  4 2022 06:17:15  BuildStamp: freesurfer-linux-ubuntu22_x86_64-7.3.2-20220804-6354275  User: oesteban  Machine: dna029  Platform: Linux  PlatformVersion: 5.14.0-427.37.1.el9_4.x86_64  CompilerName: GCC  CompilerVersion: 8.4.0
ProgramName: mri_ca_label  ProgramArguments: mri_ca_label -all-info  ProgramVersion: 7.3.2  TimeStamp: 2026/03/10-04:48:41-GMT  BuildTime: Aug  4 2022 06:17:15  BuildStamp: freesurfer-linux-ubuntu22_x86_64-7.3.2-20220804-6354275  User: oesteban  Machine: dna029  Platform: Linux  PlatformVersion: 5.14.0-427.37.1.el9_4.x86_64  CompilerName: GCC  CompilerVersion: 8.4.0
ProgramName: mri_ca_normalize  ProgramArguments: mri_ca_normalize -all-info  ProgramVersion: 7.3.2  TimeStamp: 2026/03/10-04:48:41-GMT  BuildTime: Aug  4 2022 06:17:15  BuildStamp: freesurfer-linux-ubuntu22_x86_64-7.3.2-20220804-6354275  User: oesteban  Machine: dna029  Platform: Linux  PlatformVersion: 5.14.0-427.37.1.el9_4.x86_64  CompilerName: GCC  CompilerVersion: 8.4.0
ProgramName: mri_ca_register  ProgramArguments: mri_ca_register -all-info  ProgramVersion: 7.3.2  TimeStamp: 2026/03/10-04:48:41-GMT  BuildTime: Aug  4 2022 06:17:15  BuildStamp: freesurfer-linux-ubuntu22_x86_64-7.3.2-20220804-6354275  User: oesteban  Machine: dna029  Platform: Linux  PlatformVersion: 5.14.0-427.37.1.el9_4.x86_64  CompilerName: GCC  CompilerVersion: 8.4.0
ProgramName: mri_cc  ProgramArguments: mri_cc -all-info  ProgramVersion: 7.3.2  TimeStamp: 2026/03/10-04:48:41-GMT  BuildTime: Aug  4 2022 06:17:15  BuildStamp: freesurfer-linux-ubuntu22_x86_64-7.3.2-20220804-6354275  User: oesteban  Machine: dna029  Platform: Linux  PlatformVersion: 5.14.0-427.37.1.el9_4.x86_64  CompilerName: GCC  CompilerVersion: 8.4.0
ProgramName: mri_compute_overlap  ProgramArguments: mri_compute_overlap -all-info  ProgramVersion: 7.3.2  TimeStamp: 2026/03/10-04:48:41-GMT  BuildTime: Aug  4 2022 06:17:15  BuildStamp: freesurfer-linux-ubuntu22_x86_64-7.3.2-20220804-6354275  User: oesteban  Machine: dna029  Platform: Linux  PlatformVersion: 5.14.0-427.37.1.el9_4.x86_64  CompilerName: GCC  CompilerVersion: 8.4.0
ProgramName: mri_compute_seg_overlap  ProgramArguments: mri_compute_seg_overlap -all-info  ProgramVersion: 7.3.2  TimeStamp: 2026/03/10-04:48:41-GMT  BuildTime: Aug  4 2022 06:17:15  BuildStamp: freesurfer-linux-ubuntu22_x86_64-7.3.2-20220804-6354275  User: oesteban  Machine: dna029  Platform: Linux  PlatformVersion: 5.14.0-427.37.1.el9_4.x86_64  CompilerName: GCC  CompilerVersion: 8.4.0
ProgramName: mri_concat  ProgramArguments: mri_concat -all-info  ProgramVersion: 7.3.2  TimeStamp: 2026/03/10-04:48:41-GMT  BuildTime: Aug  4 2022 06:17:15  BuildStamp: freesurfer-linux-ubuntu22_x86_64-7.3.2-20220804-6354275  User: oesteban  Machine: dna029  Platform: Linux  PlatformVersion: 5.14.0-427.37.1.el9_4.x86_64  CompilerName: GCC  CompilerVersion: 8.4.0
ProgramName: mri_concatenate_lta  ProgramArguments: mri_concatenate_lta -all-info  ProgramVersion: 7.3.2  TimeStamp: 2026/03/10-04:48:41-GMT  BuildTime: Aug  4 2022 06:17:15  BuildStamp: freesurfer-linux-ubuntu22_x86_64-7.3.2-20220804-6354275  User: oesteban  Machine: dna029  Platform: Linux  PlatformVersion: 5.14.0-427.37.1.el9_4.x86_64  CompilerName: GCC  CompilerVersion: 8.4.0
mri_convert -all-info 
ProgramName: mri_convert  ProgramArguments: mri_convert -all-info  ProgramVersion: 7.3.2  TimeStamp: 2026/03/10-04:48:41-GMT  BuildTime: Aug  4 2022 06:17:15  BuildStamp: freesurfer-linux-ubuntu22_x86_64-7.3.2-20220804-6354275  User: oesteban  Machine: dna029  Platform: Linux  PlatformVersion: 5.14.0-427.37.1.el9_4.x86_64  CompilerName: GCC  CompilerVersion: 8.4.0
ProgramName: mri_diff  ProgramArguments: mri_diff -all-info  ProgramVersion: 7.3.2  TimeStamp: 2026/03/10-04:48:41-GMT  BuildTime: Aug  4 2022 06:17:15  BuildStamp: freesurfer-linux-ubuntu22_x86_64-7.3.2-20220804-6354275  User: oesteban  Machine: dna029  Platform: Linux  PlatformVersion: 5.14.0-427.37.1.el9_4.x86_64  CompilerName: GCC  CompilerVersion: 8.4.0
ProgramName: mri_edit_wm_with_aseg  ProgramArguments: mri_edit_wm_with_aseg -all-info  ProgramVersion: 7.3.2  TimeStamp: 2026/03/10-04:48:41-GMT  BuildTime: Aug  4 2022 06:17:15  BuildStamp: freesurfer-linux-ubuntu22_x86_64-7.3.2-20220804-6354275  User: oesteban  Machine: dna029  Platform: Linux  PlatformVersion: 5.14.0-427.37.1.el9_4.x86_64  CompilerName: GCC  CompilerVersion: 8.4.0
ProgramName: mri_em_register  ProgramArguments: mri_em_register -all-info  ProgramVersion: 7.3.2  TimeStamp: 2026/03/10-04:48:41-GMT  BuildTime: Aug  4 2022 06:17:15  BuildStamp: freesurfer-linux-ubuntu22_x86_64-7.3.2-20220804-6354275  User: oesteban  Machine: dna029  Platform: Linux  PlatformVersion: 5.14.0-427.37.1.el9_4.x86_64  CompilerName: GCC  CompilerVersion: 8.4.0
ProgramName: mri_fill  ProgramArguments: mri_fill -all-info  ProgramVersion: 7.3.2  TimeStamp: 2026/03/10-04:48:41-GMT  BuildTime: Aug  4 2022 06:17:15  BuildStamp: freesurfer-linux-ubuntu22_x86_64-7.3.2-20220804-6354275  User: oesteban  Machine: dna029  Platform: Linux  PlatformVersion: 5.14.0-427.37.1.el9_4.x86_64  CompilerName: GCC  CompilerVersion: 8.4.0
ProgramName: mri_fuse_segmentations  ProgramArguments: mri_fuse_segmentations -all-info  ProgramVersion: 7.3.2  TimeStamp: 2026/03/10-04:48:41-GMT  BuildTime: Aug  4 2022 06:17:15  BuildStamp: freesurfer-linux-ubuntu22_x86_64-7.3.2-20220804-6354275  User: oesteban  Machine: dna029  Platform: Linux  PlatformVersion: 5.14.0-427.37.1.el9_4.x86_64  CompilerName: GCC  CompilerVersion: 8.4.0
ProgramName: mri_fwhm  ProgramArguments: mri_fwhm -all-info  ProgramVersion: 7.3.2  TimeStamp: 2026/03/10-04:48:41-GMT  BuildTime: Aug  4 2022 06:17:15  BuildStamp: freesurfer-linux-ubuntu22_x86_64-7.3.2-20220804-6354275  User: oesteban  Machine: dna029  Platform: Linux  PlatformVersion: 5.14.0-427.37.1.el9_4.x86_64  CompilerName: GCC  CompilerVersion: 8.4.0
ProgramName: mri_gcut  ProgramArguments: mri_gcut -all-info  ProgramVersion: 7.3.2  TimeStamp: 2026/03/10-04:48:41-GMT  BuildTime: Aug  4 2022 06:17:15  BuildStamp: freesurfer-linux-ubuntu22_x86_64-7.3.2-20220804-6354275  User: oesteban  Machine: dna029  Platform: Linux  PlatformVersion: 5.14.0-427.37.1.el9_4.x86_64  CompilerName: GCC  CompilerVersion: 8.4.0
ProgramName: mri_info  ProgramArguments: mri_info -all-info  ProgramVersion: 7.3.2  TimeStamp: 2026/03/10-04:48:41-GMT  BuildTime: Aug  4 2022 06:17:15  BuildStamp: freesurfer-linux-ubuntu22_x86_64-7.3.2-20220804-6354275  User: oesteban  Machine: dna029  Platform: Linux  PlatformVersion: 5.14.0-427.37.1.el9_4.x86_64  CompilerName: GCC  CompilerVersion: 8.4.0
ProgramName: mri_label2label  ProgramArguments: mri_label2label -all-info  ProgramVersion: 7.3.2  TimeStamp: 2026/03/10-04:48:41-GMT  BuildTime: Aug  4 2022 06:17:15  BuildStamp: freesurfer-linux-ubuntu22_x86_64-7.3.2-20220804-6354275  User: oesteban  Machine: dna029  Platform: Linux  PlatformVersion: 5.14.0-427.37.1.el9_4.x86_64  CompilerName: GCC  CompilerVersion: 8.4.0
ProgramName: mri_label2vol  ProgramArguments: mri_label2vol -all-info  ProgramVersion: 7.3.2  TimeStamp: 2026/03/10-04:48:41-GMT  BuildTime: Aug  4 2022 06:17:15  BuildStamp: freesurfer-linux-ubuntu22_x86_64-7.3.2-20220804-6354275  User: oesteban  Machine: dna029  Platform: Linux  PlatformVersion: 5.14.0-427.37.1.el9_4.x86_64  CompilerName: GCC  CompilerVersion: 8.4.0
ProgramName: mri_log_likelihood  ProgramArguments: mri_log_likelihood -all-info  ProgramVersion: 7.3.2  TimeStamp: 2026/03/10-04:48:41-GMT  BuildTime: Aug  4 2022 06:17:15  BuildStamp: freesurfer-linux-ubuntu22_x86_64-7.3.2-20220804-6354275  User: oesteban  Machine: dna029  Platform: Linux  PlatformVersion: 5.14.0-427.37.1.el9_4.x86_64  CompilerName: GCC  CompilerVersion: 8.4.0
ProgramName: mri_mask  ProgramArguments: mri_mask -all-info  ProgramVersion: 7.3.2  TimeStamp: 2026/03/10-04:48:41-GMT  BuildTime: Aug  4 2022 06:17:15  BuildStamp: freesurfer-linux-ubuntu22_x86_64-7.3.2-20220804-6354275  User: oesteban  Machine: dna029  Platform: Linux  PlatformVersion: 5.14.0-427.37.1.el9_4.x86_64  CompilerName: GCC  CompilerVersion: 8.4.0
ProgramName: mri_matrix_multiply  ProgramArguments: mri_matrix_multiply -all-info  ProgramVersion: 7.3.2  TimeStamp: 2026/03/10-04:48:41-GMT  BuildTime: Aug  4 2022 06:17:15  BuildStamp: freesurfer-linux-ubuntu22_x86_64-7.3.2-20220804-6354275  User: oesteban  Machine: dna029  Platform: Linux  PlatformVersion: 5.14.0-427.37.1.el9_4.x86_64  CompilerName: GCC  CompilerVersion: 8.4.0
ProgramName: mri_normalize  ProgramArguments: mri_normalize -all-info  ProgramVersion: 7.3.2  TimeStamp: 2026/03/10-04:48:41-GMT  BuildTime: Aug  4 2022 06:17:15  BuildStamp: freesurfer-linux-ubuntu22_x86_64-7.3.2-20220804-6354275  User: oesteban  Machine: dna029  Platform: Linux  PlatformVersion: 5.14.0-427.37.1.el9_4.x86_64  CompilerName: GCC  CompilerVersion: 8.4.0
ProgramName: mri_normalize_tp2  ProgramArguments: mri_normalize_tp2 -all-info  ProgramVersion: 7.3.2  TimeStamp: 2026/03/10-04:48:41-GMT  BuildTime: Aug  4 2022 06:17:15  BuildStamp: freesurfer-linux-ubuntu22_x86_64-7.3.2-20220804-6354275  User: oesteban  Machine: dna029  Platform: Linux  PlatformVersion: 5.14.0-427.37.1.el9_4.x86_64  CompilerName: GCC  CompilerVersion: 8.4.0
ProgramName: mri_or  ProgramArguments: mri_or -all-info  ProgramVersion: 7.3.2  TimeStamp: 2026/03/10-04:48:41-GMT  BuildTime: Aug  4 2022 06:17:15  BuildStamp: freesurfer-linux-ubuntu22_x86_64-7.3.2-20220804-6354275  User: oesteban  Machine: dna029  Platform: Linux  PlatformVersion: 5.14.0-427.37.1.el9_4.x86_64  CompilerName: GCC  CompilerVersion: 8.4.0
ProgramName: mri_relabel_hypointensities  ProgramArguments: mri_relabel_hypointensities -all-info  ProgramVersion: 7.3.2  TimeStamp: 2026/03/10-04:48:41-GMT  BuildTime: Aug  4 2022 06:17:15  BuildStamp: freesurfer-linux-ubuntu22_x86_64-7.3.2-20220804-6354275  User: oesteban  Machine: dna029  Platform: Linux  PlatformVersion: 5.14.0-427.37.1.el9_4.x86_64  CompilerName: GCC  CompilerVersion: 8.4.0
ProgramName: mri_relabel_nonwm_hypos  ProgramArguments: mri_relabel_nonwm_hypos -all-info  ProgramVersion: 7.3.2  TimeStamp: 2026/03/10-04:48:41-GMT  BuildTime: Aug  4 2022 06:17:15  BuildStamp: freesurfer-linux-ubuntu22_x86_64-7.3.2-20220804-6354275  User: oesteban  Machine: dna029  Platform: Linux  PlatformVersion: 5.14.0-427.37.1.el9_4.x86_64  CompilerName: GCC  CompilerVersion: 8.4.0
ProgramName: mri_remove_neck  ProgramArguments: mri_remove_neck -all-info  ProgramVersion: 7.3.2  TimeStamp: 2026/03/10-04:48:41-GMT  BuildTime: Aug  4 2022 06:17:15  BuildStamp: freesurfer-linux-ubuntu22_x86_64-7.3.2-20220804-6354275  User: oesteban  Machine: dna029  Platform: Linux  PlatformVersion: 5.14.0-427.37.1.el9_4.x86_64  CompilerName: GCC  CompilerVersion: 8.4.0
7.3.2

ProgramName: mri_robust_register  ProgramArguments: mri_robust_register -all-info  ProgramVersion: 7.3.2  TimeStamp: 2026/03/10-04:48:41-GMT  BuildTime: Aug  4 2022 06:17:15  BuildStamp: freesurfer-linux-ubuntu22_x86_64-7.3.2-20220804-6354275  User: oesteban  Machine: dna029  Platform: Linux  PlatformVersion: 5.14.0-427.37.1.el9_4.x86_64  CompilerName: GCC  CompilerVersion: 8.4.0
7.3.2

ProgramName: mri_robust_template  ProgramArguments: mri_robust_template -all-info  ProgramVersion: 7.3.2  TimeStamp: 2026/03/10-04:48:41-GMT  BuildTime: Aug  4 2022 06:17:15  BuildStamp: freesurfer-linux-ubuntu22_x86_64-7.3.2-20220804-6354275  User: oesteban  Machine: dna029  Platform: Linux  PlatformVersion: 5.14.0-427.37.1.el9_4.x86_64  CompilerName: GCC  CompilerVersion: 8.4.0
ProgramName: mris_anatomical_stats  ProgramArguments: mris_anatomical_stats -all-info  ProgramVersion: 7.3.2  TimeStamp: 2026/03/10-04:48:41-GMT  BuildTime: Aug  4 2022 06:17:15  BuildStamp: freesurfer-linux-ubuntu22_x86_64-7.3.2-20220804-6354275  User: oesteban  Machine: dna029  Platform: Linux  PlatformVersion: 5.14.0-427.37.1.el9_4.x86_64  CompilerName: GCC  CompilerVersion: 8.4.0
ProgramName: mris_ca_label  ProgramArguments: mris_ca_label -all-info  ProgramVersion: 7.3.2  TimeStamp: 2026/03/10-04:48:41-GMT  BuildTime: Aug  4 2022 06:17:15  BuildStamp: freesurfer-linux-ubuntu22_x86_64-7.3.2-20220804-6354275  User: oesteban  Machine: dna029  Platform: Linux  PlatformVersion: 5.14.0-427.37.1.el9_4.x86_64  CompilerName: GCC  CompilerVersion: 8.4.0
ProgramName: mris_calc  ProgramArguments: mris_calc -all-info  ProgramVersion: 7.3.2  TimeStamp: 2026/03/10-04:48:41-GMT  BuildTime: Aug  4 2022 06:17:15  BuildStamp: freesurfer-linux-ubuntu22_x86_64-7.3.2-20220804-6354275  User: oesteban  Machine: dna029  Platform: Linux  PlatformVersion: 5.14.0-427.37.1.el9_4.x86_64  CompilerName: GCC  CompilerVersion: 8.4.0
ProgramName: mris_convert  ProgramArguments: mris_convert -all-info  ProgramVersion: 7.3.2  TimeStamp: 2026/03/10-04:48:41-GMT  BuildTime: Aug  4 2022 06:17:15  BuildStamp: freesurfer-linux-ubuntu22_x86_64-7.3.2-20220804-6354275  User: oesteban  Machine: dna029  Platform: Linux  PlatformVersion: 5.14.0-427.37.1.el9_4.x86_64  CompilerName: GCC  CompilerVersion: 8.4.0
ProgramName: mris_curvature  ProgramArguments: mris_curvature -all-info  ProgramVersion: 7.3.2  TimeStamp: 2026/03/10-04:48:41-GMT  BuildTime: Aug  4 2022 06:17:15  BuildStamp: freesurfer-linux-ubuntu22_x86_64-7.3.2-20220804-6354275  User: oesteban  Machine: dna029  Platform: Linux  PlatformVersion: 5.14.0-427.37.1.el9_4.x86_64  CompilerName: GCC  CompilerVersion: 8.4.0
ProgramName: mris_curvature_stats  ProgramArguments: mris_curvature_stats -all-info  ProgramVersion: 7.3.2  TimeStamp: 2026/03/10-04:48:41-GMT  BuildTime: Aug  4 2022 06:17:15  BuildStamp: freesurfer-linux-ubuntu22_x86_64-7.3.2-20220804-6354275  User: oesteban  Machine: dna029  Platform: Linux  PlatformVersion: 5.14.0-427.37.1.el9_4.x86_64  CompilerName: GCC  CompilerVersion: 8.4.0
ProgramName: mris_diff  ProgramArguments: mris_diff -all-info  ProgramVersion: 7.3.2  TimeStamp: 2026/03/10-04:48:41-GMT  BuildTime: Aug  4 2022 06:17:15  BuildStamp: freesurfer-linux-ubuntu22_x86_64-7.3.2-20220804-6354275  User: oesteban  Machine: dna029  Platform: Linux  PlatformVersion: 5.14.0-427.37.1.el9_4.x86_64  CompilerName: GCC  CompilerVersion: 8.4.0
ProgramName: mris_divide_parcellation  ProgramArguments: mris_divide_parcellation -all-info  ProgramVersion: 7.3.2  TimeStamp: 2026/03/10-04:48:41-GMT  BuildTime: Aug  4 2022 06:17:15  BuildStamp: freesurfer-linux-ubuntu22_x86_64-7.3.2-20220804-6354275  User: oesteban  Machine: dna029  Platform: Linux  PlatformVersion: 5.14.0-427.37.1.el9_4.x86_64  CompilerName: GCC  CompilerVersion: 8.4.0
ProgramName: mri_segment  ProgramArguments: mri_segment -all-info  ProgramVersion: 7.3.2  TimeStamp: 2026/03/10-04:48:41-GMT  BuildTime: Aug  4 2022 06:17:15  BuildStamp: freesurfer-linux-ubuntu22_x86_64-7.3.2-20220804-6354275  User: oesteban  Machine: dna029  Platform: Linux  PlatformVersion: 5.14.0-427.37.1.el9_4.x86_64  CompilerName: GCC  CompilerVersion: 8.4.0
ProgramName: mri_segstats  ProgramArguments: mri_segstats -all-info  ProgramVersion: 7.3.2  TimeStamp: 2026/03/10-04:48:41-GMT  BuildTime: Aug  4 2022 06:17:15  BuildStamp: freesurfer-linux-ubuntu22_x86_64-7.3.2-20220804-6354275  User: oesteban  Machine: dna029  Platform: Linux  PlatformVersion: 5.14.0-427.37.1.el9_4.x86_64  CompilerName: GCC  CompilerVersion: 8.4.0
ProgramName: mris_euler_number  ProgramArguments: mris_euler_number -all-info  ProgramVersion: 7.3.2  TimeStamp: 2026/03/10-04:48:41-GMT  BuildTime: Aug  4 2022 06:17:15  BuildStamp: freesurfer-linux-ubuntu22_x86_64-7.3.2-20220804-6354275  User: oesteban  Machine: dna029  Platform: Linux  PlatformVersion: 5.14.0-427.37.1.el9_4.x86_64  CompilerName: GCC  CompilerVersion: 8.4.0
ProgramName: mris_fix_topology  ProgramArguments: mris_fix_topology -all-info  ProgramVersion: 7.3.2  TimeStamp: 2026/03/10-04:48:41-GMT  BuildTime: Aug  4 2022 06:17:15  BuildStamp: freesurfer-linux-ubuntu22_x86_64-7.3.2-20220804-6354275  User: oesteban  Machine: dna029  Platform: Linux  PlatformVersion: 5.14.0-427.37.1.el9_4.x86_64  CompilerName: GCC  CompilerVersion: 8.4.0
ProgramName: mris_topo_fixer  ProgramArguments: mris_topo_fixer -all-info  ProgramVersion: 7.3.2  TimeStamp: 2026/03/10-04:48:41-GMT  BuildTime: Aug  4 2022 06:17:15  BuildStamp: freesurfer-linux-ubuntu22_x86_64-7.3.2-20220804-6354275  User: oesteban  Machine: dna029  Platform: Linux  PlatformVersion: 5.14.0-427.37.1.el9_4.x86_64  CompilerName: GCC  CompilerVersion: 8.4.0
ProgramName: mris_jacobian  ProgramArguments: mris_jacobian -all-info  ProgramVersion: 7.3.2  TimeStamp: 2026/03/10-04:48:41-GMT  BuildTime: Aug  4 2022 06:17:15  BuildStamp: freesurfer-linux-ubuntu22_x86_64-7.3.2-20220804-6354275  User: oesteban  Machine: dna029  Platform: Linux  PlatformVersion: 5.14.0-427.37.1.el9_4.x86_64  CompilerName: GCC  CompilerVersion: 8.4.0
ProgramName: mris_label2annot  ProgramArguments: mris_label2annot -all-info  ProgramVersion: 7.3.2  TimeStamp: 2026/03/10-04:48:41-GMT  BuildTime: Aug  4 2022 06:17:15  BuildStamp: freesurfer-linux-ubuntu22_x86_64-7.3.2-20220804-6354275  User: oesteban  Machine: dna029  Platform: Linux  PlatformVersion: 5.14.0-427.37.1.el9_4.x86_64  CompilerName: GCC  CompilerVersion: 8.4.0
ProgramName: mris_left_right_register  ProgramArguments: mris_left_right_register -all-info  ProgramVersion: 7.3.2  TimeStamp: 2026/03/10-04:48:41-GMT  BuildTime: Aug  4 2022 06:17:15  BuildStamp: freesurfer-linux-ubuntu22_x86_64-7.3.2-20220804-6354275  User: oesteban  Machine: dna029  Platform: Linux  PlatformVersion: 5.14.0-427.37.1.el9_4.x86_64  CompilerName: GCC  CompilerVersion: 8.4.0
ProgramName: mris_place_surface  ProgramArguments: mris_place_surface -all-info  ProgramVersion: 7.3.2  TimeStamp: 2026/03/10-04:48:41-GMT  BuildTime: Aug  4 2022 06:17:15  BuildStamp: freesurfer-linux-ubuntu22_x86_64-7.3.2-20220804-6354275  User: oesteban  Machine: dna029  Platform: Linux  PlatformVersion: 5.14.0-427.37.1.el9_4.x86_64  CompilerName: GCC  CompilerVersion: 8.4.0
ProgramName: mrisp_paint  ProgramArguments: mrisp_paint -all-info  ProgramVersion: 7.3.2  TimeStamp: 2026/03/10-04:48:41-GMT  BuildTime: Aug  4 2022 06:17:15  BuildStamp: freesurfer-linux-ubuntu22_x86_64-7.3.2-20220804-6354275  User: oesteban  Machine: dna029  Platform: Linux  PlatformVersion: 5.14.0-427.37.1.el9_4.x86_64  CompilerName: GCC  CompilerVersion: 8.4.0
ProgramName: mris_register  ProgramArguments: mris_register -all-info  ProgramVersion: 7.3.2  TimeStamp: 2026/03/10-04:48:41-GMT  BuildTime: Aug  4 2022 06:17:15  BuildStamp: freesurfer-linux-ubuntu22_x86_64-7.3.2-20220804-6354275  User: oesteban  Machine: dna029  Platform: Linux  PlatformVersion: 5.14.0-427.37.1.el9_4.x86_64  CompilerName: GCC  CompilerVersion: 8.4.0
ProgramName: mris_smooth  ProgramArguments: mris_smooth -all-info  ProgramVersion: 7.3.2  TimeStamp: 2026/03/10-04:48:41-GMT  BuildTime: Aug  4 2022 06:17:15  BuildStamp: freesurfer-linux-ubuntu22_x86_64-7.3.2-20220804-6354275  User: oesteban  Machine: dna029  Platform: Linux  PlatformVersion: 5.14.0-427.37.1.el9_4.x86_64  CompilerName: GCC  CompilerVersion: 8.4.0
ProgramName: mris_sphere  ProgramArguments: mris_sphere -all-info  ProgramVersion: 7.3.2  TimeStamp: 2026/03/10-04:48:41-GMT  BuildTime: Aug  4 2022 06:17:15  BuildStamp: freesurfer-linux-ubuntu22_x86_64-7.3.2-20220804-6354275  User: oesteban  Machine: dna029  Platform: Linux  PlatformVersion: 5.14.0-427.37.1.el9_4.x86_64  CompilerName: GCC  CompilerVersion: 8.4.0
ProgramName: mris_surface_stats  ProgramArguments: mris_surface_stats -all-info  ProgramVersion: 7.3.2  TimeStamp: 2026/03/10-04:48:41-GMT  BuildTime: Aug  4 2022 06:17:15  BuildStamp: freesurfer-linux-ubuntu22_x86_64-7.3.2-20220804-6354275  User: oesteban  Machine: dna029  Platform: Linux  PlatformVersion: 5.14.0-427.37.1.el9_4.x86_64  CompilerName: GCC  CompilerVersion: 8.4.0
ProgramName: mri_stats2seg  ProgramArguments: mri_stats2seg -all-info  ProgramVersion: 7.3.2  TimeStamp: 2026/03/10-04:48:41-GMT  BuildTime: Aug  4 2022 06:17:15  BuildStamp: freesurfer-linux-ubuntu22_x86_64-7.3.2-20220804-6354275  User: oesteban  Machine: dna029  Platform: Linux  PlatformVersion: 5.14.0-427.37.1.el9_4.x86_64  CompilerName: GCC  CompilerVersion: 8.4.0
ProgramName: mris_thickness  ProgramArguments: mris_thickness -all-info  ProgramVersion: 7.3.2  TimeStamp: 2026/03/10-04:48:41-GMT  BuildTime: Aug  4 2022 06:17:15  BuildStamp: freesurfer-linux-ubuntu22_x86_64-7.3.2-20220804-6354275  User: oesteban  Machine: dna029  Platform: Linux  PlatformVersion: 5.14.0-427.37.1.el9_4.x86_64  CompilerName: GCC  CompilerVersion: 8.4.0
ProgramName: mris_thickness_diff  ProgramArguments: mris_thickness_diff -all-info  ProgramVersion: 7.3.2  TimeStamp: 2026/03/10-04:48:41-GMT  BuildTime: Aug  4 2022 06:17:15  BuildStamp: freesurfer-linux-ubuntu22_x86_64-7.3.2-20220804-6354275  User: oesteban  Machine: dna029  Platform: Linux  PlatformVersion: 5.14.0-427.37.1.el9_4.x86_64  CompilerName: GCC  CompilerVersion: 8.4.0
ProgramName: mris_topo_fixer  ProgramArguments: mris_topo_fixer -all-info  ProgramVersion: 7.3.2  TimeStamp: 2026/03/10-04:48:41-GMT  BuildTime: Aug  4 2022 06:17:15  BuildStamp: freesurfer-linux-ubuntu22_x86_64-7.3.2-20220804-6354275  User: oesteban  Machine: dna029  Platform: Linux  PlatformVersion: 5.14.0-427.37.1.el9_4.x86_64  CompilerName: GCC  CompilerVersion: 8.4.0
ProgramName: mri_surf2surf  ProgramArguments: mri_surf2surf -all-info  ProgramVersion: 7.3.2  TimeStamp: 2026/03/10-04:48:41-GMT  BuildTime: Aug  4 2022 06:17:15  BuildStamp: freesurfer-linux-ubuntu22_x86_64-7.3.2-20220804-6354275  User: oesteban  Machine: dna029  Platform: Linux  PlatformVersion: 5.14.0-427.37.1.el9_4.x86_64  CompilerName: GCC  CompilerVersion: 8.4.0
ProgramName: mri_surf2vol  ProgramArguments: mri_surf2vol -all-info  ProgramVersion: 7.3.2  TimeStamp: 2026/03/10-04:48:41-GMT  BuildTime: Aug  4 2022 06:17:15  BuildStamp: freesurfer-linux-ubuntu22_x86_64-7.3.2-20220804-6354275  User: oesteban  Machine: dna029  Platform: Linux  PlatformVersion: 5.14.0-427.37.1.el9_4.x86_64  CompilerName: GCC  CompilerVersion: 8.4.0
ProgramName: mri_surfcluster  ProgramArguments: mri_surfcluster -all-info  ProgramVersion: 7.3.2  TimeStamp: 2026/03/10-04:48:41-GMT  BuildTime: Aug  4 2022 06:17:15  BuildStamp: freesurfer-linux-ubuntu22_x86_64-7.3.2-20220804-6354275  User: oesteban  Machine: dna029  Platform: Linux  PlatformVersion: 5.14.0-427.37.1.el9_4.x86_64  CompilerName: GCC  CompilerVersion: 8.4.0
ProgramName: mris_volmask  ProgramArguments: mris_volmask -all-info  ProgramVersion: 7.3.2  TimeStamp: 2026/03/10-04:48:41-GMT  BuildTime: Aug  4 2022 06:17:15  BuildStamp: freesurfer-linux-ubuntu22_x86_64-7.3.2-20220804-6354275  User: oesteban  Machine: dna029  Platform: Linux  PlatformVersion: 5.14.0-427.37.1.el9_4.x86_64  CompilerName: GCC  CompilerVersion: 8.4.0
ProgramName: mri_tessellate  ProgramArguments: mri_tessellate -all-info  ProgramVersion: 7.3.2  TimeStamp: 2026/03/10-04:48:41-GMT  BuildTime: Aug  4 2022 06:17:15  BuildStamp: freesurfer-linux-ubuntu22_x86_64-7.3.2-20220804-6354275  User: oesteban  Machine: dna029  Platform: Linux  PlatformVersion: 5.14.0-427.37.1.el9_4.x86_64  CompilerName: GCC  CompilerVersion: 8.4.0
ProgramName: mri_vol2surf  ProgramArguments: mri_vol2surf -all-info  ProgramVersion: 7.3.2  TimeStamp: 2026/03/10-04:48:41-GMT  BuildTime: Aug  4 2022 06:17:15  BuildStamp: freesurfer-linux-ubuntu22_x86_64-7.3.2-20220804-6354275  User: oesteban  Machine: dna029  Platform: Linux  PlatformVersion: 5.14.0-427.37.1.el9_4.x86_64  CompilerName: GCC  CompilerVersion: 8.4.0
ProgramName: mri_vol2vol  ProgramArguments: mri_vol2vol -all-info  ProgramVersion: 7.3.2  TimeStamp: 2026/03/10-04:48:41-GMT  BuildTime: Aug  4 2022 06:17:15  BuildStamp: freesurfer-linux-ubuntu22_x86_64-7.3.2-20220804-6354275  User: oesteban  Machine: dna029  Platform: Linux  PlatformVersion: 5.14.0-427.37.1.el9_4.x86_64  CompilerName: GCC  CompilerVersion: 8.4.0
ProgramName: mri_voldiff  ProgramArguments: mri_voldiff -all-info  ProgramVersion: 7.3.2  TimeStamp: 2026/03/10-04:48:41-GMT  BuildTime: Aug  4 2022 06:17:15  BuildStamp: freesurfer-linux-ubuntu22_x86_64-7.3.2-20220804-6354275  User: oesteban  Machine: dna029  Platform: Linux  PlatformVersion: 5.14.0-427.37.1.el9_4.x86_64  CompilerName: GCC  CompilerVersion: 8.4.0
ProgramName: mri_watershed  ProgramArguments: mri_watershed -all-info  ProgramVersion: 7.3.2  TimeStamp: 2026/03/10-04:48:41-GMT  BuildTime: Aug  4 2022 06:17:15  BuildStamp: freesurfer-linux-ubuntu22_x86_64-7.3.2-20220804-6354275  User: oesteban  Machine: dna029  Platform: Linux  PlatformVersion: 5.14.0-427.37.1.el9_4.x86_64  CompilerName: GCC  CompilerVersion: 8.4.0
ProgramName: tkregister2  ProgramArguments: tkregister2_cmdl -all-info  ProgramVersion: 7.3.2  TimeStamp: 2026/03/10-04:48:41-GMT  BuildTime: Aug  4 2022 06:17:15  BuildStamp: freesurfer-linux-ubuntu22_x86_64-7.3.2-20220804-6354275  User: oesteban  Machine: dna029  Platform: Linux  PlatformVersion: 5.14.0-427.37.1.el9_4.x86_64  CompilerName: GCC  CompilerVersion: 8.4.0
mri_motion_correct.fsl 7.3.2
mri_convert -all-info 
ProgramName: mri_convert  ProgramArguments: mri_convert -all-info  ProgramVersion: 7.3.2  TimeStamp: 2026/03/10-04:48:41-GMT  BuildTime: Aug  4 2022 06:17:15  BuildStamp: freesurfer-linux-ubuntu22_x86_64-7.3.2-20220804-6354275  User: oesteban  Machine: dna029  Platform: Linux  PlatformVersion: 5.14.0-427.37.1.el9_4.x86_64  CompilerName: GCC  CompilerVersion: 8.4.0
Program nu_correct, built from:
Package MNI N3, version 1.12.0, compiled by nicks@terrier (x86_64-unknown-linux-gnu) on 2015-06-19 at 01:25:34
#######################################
GCADIR /opt/freesurfer/average
GCA RB_all_2020-01-02.gca
GCASkull RB_all_withskull_2020_01_02.gca
AvgCurvTif folding.atlas.acfb40.noaparc.i12.2016-08-02.tif
GCSDIR /opt/freesurfer/average
GCS DKaparc.atlas.acfb40.noaparc.i12.2016-08-02.gcs
#######################################
#--------------------------------------
#@# CA Normalize Tue Mar 10 05:48:41 CET 2026
/out/sourcedata/freesurfer/sub-v1s6x0051321_ses-1/mri

 mri_ca_normalize -c ctrl_pts.mgz -mask brainmask.mgz nu.mgz /opt/freesurfer/average/RB_all_2020-01-02.gca transforms/talairach.lta norm.mgz 

writing control point volume to ctrl_pts.mgz
using MR volume brainmask.mgz to mask input volume...
reading 1 input volume
reading atlas from '/opt/freesurfer/average/RB_all_2020-01-02.gca'...
reading transform from 'transforms/talairach.lta'...
reading input volume from nu.mgz...
resetting wm mean[0]: 98 --> 107
resetting gm mean[0]: 61 --> 61
input volume #1 is the most T1-like
using real data threshold=22.0
skull bounding box = (57, 43, 37) --> (200, 148, 196)
finding center of left hemi white matter
using (105, 78, 117) as brain centroid of Right_Cerebral_White_Matter...
mean wm in atlas = 107, using box (87,65,97) --> (122, 90,136) to find MRI wm
before smoothing, mri peak at 107
robust fit to distribution - 108 +- 4.1
after smoothing, mri peak at 108, scaling input intensities by 0.991
scaling channel 0 by 0.990741
using 246437 sample points...
INFO: compute sample coordinates transform
 0.99890   0.00078  -0.09409   6.29645;
 0.00946   1.19940   0.16125  -18.39683;
 0.09732  -0.18651   1.01991  -1.16596;
 0.00000   0.00000   0.00000   1.00000;
INFO: transform used
finding control points in Left_Cerebral_White_Matter....
found 40230 control points for structure...
bounding box (123, 43, 34) --> (196, 139, 195)
Left_Cerebral_White_Matter: limiting intensities to 90.0 --> 132.0
7 of 5505 (0.1%) samples deleted
finding control points in Right_Cerebral_White_Matter....
found 39478 control points for structure...
bounding box (66, 45, 36) --> (135, 140, 198)
Right_Cerebral_White_Matter: limiting intensities to 90.0 --> 132.0
13 of 5147 (0.3%) samples deleted
finding control points in Left_Cerebellum_White_Matter....
found 3105 control points for structure...
bounding box (129, 115, 59) --> (178, 154, 112)
Left_Cerebellum_White_Matter: limiting intensities to 101.0 --> 132.0
0 of 28 (0.0%) samples deleted
finding control points in Right_Cerebellum_White_Matter....
found 2710 control points for structure...
bounding box (84, 115, 61) --> (129, 152, 116)
Right_Cerebellum_White_Matter: limiting intensities to 100.0 --> 132.0
0 of 24 (0.0%) samples deleted
finding control points in Brain_Stem....
found 3475 control points for structure...
bounding box (114, 108, 96) --> (148, 165, 125)
Brain_Stem: limiting intensities to 100.0 --> 132.0
49 of 229 (21.4%) samples deleted
using 10933 total control points for intensity normalization...
bias field = 0.994 +- 0.050
149 of 10864 control points discarded
finding control points in Left_Cerebral_White_Matter....
found 40230 control points for structure...
bounding box (123, 43, 34) --> (196, 139, 195)
Left_Cerebral_White_Matter: limiting intensities to 91.0 --> 132.0
2 of 5590 (0.0%) samples deleted
finding control points in Right_Cerebral_White_Matter....
found 39478 control points for structure...
bounding box (66, 45, 36) --> (135, 140, 198)
Right_Cerebral_White_Matter: limiting intensities to 89.0 --> 132.0
1 of 5276 (0.0%) samples deleted
finding control points in Left_Cerebellum_White_Matter....
found 3105 control points for structure...
bounding box (129, 115, 59) --> (178, 154, 112)
Left_Cerebellum_White_Matter: limiting intensities to 88.0 --> 132.0
3 of 96 (3.1%) samples deleted
finding control points in Right_Cerebellum_White_Matter....
found 2710 control points for structure...
bounding box (84, 115, 61) --> (129, 152, 116)
Right_Cerebellum_White_Matter: limiting intensities to 88.0 --> 132.0
1 of 81 (1.2%) samples deleted
finding control points in Brain_Stem....
found 3475 control points for structure...
bounding box (114, 108, 96) --> (148, 165, 125)
Brain_Stem: limiting intensities to 88.0 --> 132.0
11 of 301 (3.7%) samples deleted
using 11344 total control points for intensity normalization...
bias field = 1.006 +- 0.049
73 of 11224 control points discarded
finding control points in Left_Cerebral_White_Matter....
found 40230 control points for structure...
bounding box (123, 43, 34) --> (196, 139, 195)
Left_Cerebral_White_Matter: limiting intensities to 91.0 --> 132.0
4 of 5547 (0.1%) samples deleted
finding control points in Right_Cerebral_White_Matter....
found 39478 control points for structure...
bounding box (66, 45, 36) --> (135, 140, 198)
Right_Cerebral_White_Matter: limiting intensities to 90.0 --> 132.0
7 of 5233 (0.1%) samples deleted
finding control points in Left_Cerebellum_White_Matter....
found 3105 control points for structure...
bounding box (129, 115, 59) --> (178, 154, 112)
Left_Cerebellum_White_Matter: limiting intensities to 88.0 --> 132.0
4 of 104 (3.8%) samples deleted
finding control points in Right_Cerebellum_White_Matter....
found 2710 control points for structure...
bounding box (84, 115, 61) --> (129, 152, 116)
Right_Cerebellum_White_Matter: limiting intensities to 88.0 --> 132.0
14 of 97 (14.4%) samples deleted
finding control points in Brain_Stem....
found 3475 control points for structure...
bounding box (114, 108, 96) --> (148, 165, 125)
Brain_Stem: limiting intensities to 88.0 --> 132.0
57 of 309 (18.4%) samples deleted
using 11290 total control points for intensity normalization...
bias field = 1.004 +- 0.045
26 of 11057 control points discarded
writing normalized volume to norm.mgz...
writing control points to ctrl_pts.mgz
freeing GCA...done.
normalization took 1 minutes and 24 seconds.
#--------------------------------------
#@# CA Reg Tue Mar 10 05:50:05 CET 2026
/out/sourcedata/freesurfer/sub-v1s6x0051321_ses-1/mri

 mri_ca_register -nobigventricles -T transforms/talairach.lta -align-after -mask brainmask.mgz norm.mgz /opt/freesurfer/average/RB_all_2020-01-02.gca transforms/talairach.m3z 

not handling expanded ventricles...
using previously computed transform transforms/talairach.lta
renormalizing sequences with structure alignment, equivalent to:
	-renormalize
	-regularize_mean 0.500
	-regularize 0.500
using MR volume brainmask.mgz to mask input volume...

== Number of threads available to mri_ca_register for OpenMP = 16 == 
reading 1 input volumes...
logging results to talairach.log
reading input volume 'norm.mgz'...
reading GCA '/opt/freesurfer/average/RB_all_2020-01-02.gca'...
label assignment complete, 0 changed (0.00%)
freeing gibbs priors...done.
average std[0] = 5.0
Starting GCAMregister()
label assignment complete, 0 changed (0.00%)
npasses = 1, nlevels = 6
#pass# 1 of 1 ************************
enabling zero nodes
setting smoothness cost coefficient to 0.156

#GCAMreg# pass 0 level1 5 level2 0 tsec 0 sigma 2
l_jacobian=1.00 l_label=1.00 l_log_likelihood=0.20 l_smoothness=0.16 
tol=2.50e-01, dt=5.00e-02, exp_k=20.0, momentum=0.90, levels=6, niter=500, lbl_dist=10.00, avgs=256, sigma=2.0,type=2, relabel=0, neg=no

blurring input image with Gaussian with sigma=2.000...
GCAMRegisterLevel(): init RMS 0.915588
#FOTS# QuadFit found better minimum quadopt=(dt=221.952,rms=0.789749) vs oldopt=(dt=369.92,rms=0.838462)
#GCMRL#    0 dt 221.952000 rms  0.790 13.744% neg 0  invalid 762 tFOTS 4.9500 tGradient 3.1430 tsec 8.4700
#FOTS# QuadFit found better minimum quadopt=(dt=204.571,rms=0.759169) vs oldopt=(dt=92.48,rms=0.768349)
#GCMRL#    1 dt 204.571429 rms  0.759  3.872% neg 0  invalid 762 tFOTS 5.0620 tGradient 3.2860 tsec 8.7100
#FOTS# QuadFit found better minimum quadopt=(dt=179.424,rms=0.744156) vs oldopt=(dt=92.48,rms=0.748091)
#GCMRL#    2 dt 179.423581 rms  0.744  1.977% neg 0  invalid 762 tFOTS 5.1370 tGradient 3.2170 tsec 8.7110
#FOTS# QuadFit found better minimum quadopt=(dt=196.267,rms=0.735943) vs oldopt=(dt=92.48,rms=0.738583)
#GCMRL#    3 dt 196.266667 rms  0.736  1.104% neg 0  invalid 762 tFOTS 4.8920 tGradient 3.3480 tsec 8.6010
#FOTS# QuadFit found better minimum quadopt=(dt=221.952,rms=0.728907) vs oldopt=(dt=369.92,rms=0.73076)
#GCMRL#    4 dt 221.952000 rms  0.729  0.956% neg 0  invalid 762 tFOTS 4.8980 tGradient 3.2350 tsec 8.4990
#FOTS# QuadFit found better minimum quadopt=(dt=153.302,rms=0.724566) vs oldopt=(dt=92.48,rms=0.725514)
#GCMRL#    5 dt 153.302326 rms  0.725  0.595% neg 0  invalid 762 tFOTS 4.9090 tGradient 3.4090 tsec 8.6930
#FOTS# QuadFit found better minimum quadopt=(dt=443.904,rms=0.717745) vs oldopt=(dt=369.92,rms=0.71778)
#GCMRL#    6 dt 443.904000 rms  0.718  0.941% neg 0  invalid 762 tFOTS 4.9260 tGradient 3.1420 tsec 8.4410
#FOTS# QuadFit found better minimum quadopt=(dt=110.976,rms=0.71251) vs oldopt=(dt=92.48,rms=0.712676)
#GCMRL#    7 dt 110.976000 rms  0.713  0.729% neg 0  invalid 762 tFOTS 5.0170 tGradient 3.0170 tsec 8.4410
#FOTS# QuadFit found better minimum quadopt=(dt=1183.74,rms=0.700402) vs oldopt=(dt=1479.68,rms=0.70129)
#GCMRL#    8 dt 1183.744000 rms  0.700  1.699% neg 0  invalid 762 tFOTS 5.2500 tGradient 3.2390 tsec 8.9070
#GCMRL#    9 dt  92.480000 rms  0.696  0.678% neg 0  invalid 762 tFOTS 5.2650 tGradient 3.6650 tsec 9.3500
#FOTS# QuadFit found better minimum quadopt=(dt=517.888,rms=0.693851) vs oldopt=(dt=369.92,rms=0.694074)
#GCMRL#   10 dt 517.888000 rms  0.694  0.259% neg 0  invalid 762 tFOTS 5.4240 tGradient 3.2910 tsec 9.0700
#FOTS# QuadFit found better minimum quadopt=(dt=129.472,rms=0.692366) vs oldopt=(dt=92.48,rms=0.692659)
#GCMRL#   11 dt 129.472000 rms  0.692  0.000% neg 0  invalid 762 tFOTS 5.1060 tGradient 2.9580 tsec 8.4350
#GCMRL#   12 dt 129.472000 rms  0.692  0.092% neg 0  invalid 762 tFOTS 0.0000 tGradient 3.2240 tsec 3.5920
#GCMRL#   13 dt 129.472000 rms  0.691  0.152% neg 0  invalid 762 tFOTS 0.0000 tGradient 3.2080 tsec 3.5500
#GCMRL#   14 dt 129.472000 rms  0.689  0.217% neg 0  invalid 762 tFOTS 0.0000 tGradient 3.5070 tsec 3.9270
#GCMRL#   15 dt 129.472000 rms  0.688  0.243% neg 0  invalid 762 tFOTS 0.0000 tGradient 2.8770 tsec 3.1900
#GCMRL#   16 dt 129.472000 rms  0.686  0.243% neg 0  invalid 762 tFOTS 0.0000 tGradient 3.0310 tsec 3.3330
#GCMRL#   17 dt 129.472000 rms  0.684  0.231% neg 0  invalid 762 tFOTS 0.0000 tGradient 2.9640 tsec 3.4010
#GCMRL#   18 dt 129.472000 rms  0.683  0.235% neg 0  invalid 762 tFOTS 0.0000 tGradient 3.5150 tsec 3.8670
#GCMRL#   19 dt 129.472000 rms  0.681  0.245% neg 0  invalid 762 tFOTS 0.0000 tGradient 3.1670 tsec 3.4910
#GCMRL#   20 dt 129.472000 rms  0.679  0.225% neg 0  invalid 762 tFOTS 0.0000 tGradient 3.1630 tsec 3.6190
#GCMRL#   21 dt 129.472000 rms  0.678  0.209% neg 0  invalid 762 tFOTS 0.0000 tGradient 3.4850 tsec 3.8620
#GCMRL#   22 dt 129.472000 rms  0.677  0.189% neg 0  invalid 762 tFOTS 0.0000 tGradient 2.8490 tsec 3.1600
#GCMRL#   23 dt 129.472000 rms  0.676  0.180% neg 0  invalid 762 tFOTS 0.0000 tGradient 3.2080 tsec 3.5310
#GCMRL#   24 dt 129.472000 rms  0.674  0.188% neg 0  invalid 762 tFOTS 0.0000 tGradient 3.1510 tsec 3.4590
#GCMRL#   25 dt 129.472000 rms  0.673  0.160% neg 0  invalid 762 tFOTS 0.0000 tGradient 3.0930 tsec 3.4010
#GCMRL#   26 dt 129.472000 rms  0.672  0.120% neg 0  invalid 762 tFOTS 0.0000 tGradient 3.0090 tsec 3.3320
#GCMRL#   27 dt 129.472000 rms  0.672  0.114% neg 0  invalid 762 tFOTS 0.0000 tGradient 3.3140 tsec 3.7340
#FOTS# QuadFit found better minimum quadopt=(dt=517.888,rms=0.671062) vs oldopt=(dt=369.92,rms=0.671103)
#GCMRL#   28 dt 517.888000 rms  0.671  0.000% neg 0  invalid 762 tFOTS 5.4740 tGradient 3.1600 tsec 8.9960

#GCAMreg# pass 0 level1 5 level2 1 tsec 183.263 sigma 0.5
l_jacobian=1.00 l_label=1.00 l_log_likelihood=0.20 l_smoothness=0.16 
tol=2.50e-01, dt=5.00e-02, exp_k=20.0, momentum=0.90, levels=6, niter=500, lbl_dist=10.00, avgs=256, sigma=0.5,type=2, relabel=0, neg=no

blurring input image with Gaussian with sigma=0.500...
GCAMRegisterLevel(): init RMS 0.671574
#FOTS# QuadFit found better minimum quadopt=(dt=110.976,rms=0.670873) vs oldopt=(dt=92.48,rms=0.670878)
#GCMRL#   30 dt 110.976000 rms  0.671  0.104% neg 0  invalid 762 tFOTS 5.1440 tGradient 3.3110 tsec 8.8310
#GCMRL#   31 dt 369.920000 rms  0.671  0.000% neg 0  invalid 762 tFOTS 5.4360 tGradient 3.3890 tsec 9.2160
#GCMRL#   32 dt 369.920000 rms  0.670  0.032% neg 0  invalid 762 tFOTS 0.0000 tGradient 2.9200 tsec 3.2700
#GCMRL#   33 dt 369.920000 rms  0.670  0.100% neg 0  invalid 762 tFOTS 0.0000 tGradient 3.4520 tsec 3.8440
#GCMRL#   34 dt 369.920000 rms  0.670  0.009% neg 0  invalid 762 tFOTS 0.0000 tGradient 2.8260 tsec 3.1870
#GCMRL#   35 dt 369.920000 rms  0.669  0.058% neg 0  invalid 762 tFOTS 0.0000 tGradient 3.1460 tsec 3.4910
#GCMRL#   36 dt 369.920000 rms  0.668  0.131% neg 0  invalid 762 tFOTS 0.0000 tGradient 2.8590 tsec 3.2080
#GCMRL#   37 dt 369.920000 rms  0.668 -0.050% neg 0  invalid 762 tFOTS 0.0000 tGradient 2.8020 tsec 3.4060
#FOTS# QuadFit found better minimum quadopt=(dt=27.744,rms=0.6684) vs oldopt=(dt=23.12,rms=0.668401)
#GCMRL#   38 dt  27.744000 rms  0.668  0.002% neg 0  invalid 762 tFOTS 5.0630 tGradient 2.9700 tsec 8.3780
#FOTS# QuadFit found better minimum quadopt=(dt=8.092,rms=0.668401) vs oldopt=(dt=5.78,rms=0.668401)
setting smoothness cost coefficient to 0.615

#GCAMreg# pass 0 level1 4 level2 0 tsec 0 sigma 2
l_jacobian=1.00 l_label=1.00 l_log_likelihood=0.20 l_smoothness=0.62 
tol=2.50e-01, dt=5.00e-02, exp_k=20.0, momentum=0.90, levels=6, niter=500, lbl_dist=10.00, avgs=64, sigma=2.0,type=2, relabel=0, neg=no

blurring input image with Gaussian with sigma=2.000...
GCAMRegisterLevel(): init RMS 0.684667
#FOTS# QuadFit found better minimum quadopt=(dt=20.736,rms=0.683811) vs oldopt=(dt=25.92,rms=0.683834)
#GCMRL#   40 dt  20.736000 rms  0.684  0.125% neg 0  invalid 762 tFOTS 4.5860 tGradient 2.2890 tsec 7.2630
#FOTS# QuadFit found better minimum quadopt=(dt=18,rms=0.68365) vs oldopt=(dt=25.92,rms=0.683684)
#GCMRL#   41 dt  18.000000 rms  0.684  0.000% neg 0  invalid 762 tFOTS 4.9430 tGradient 2.5120 tsec 7.8690
#GCMRL#   42 dt  18.000000 rms  0.684  0.013% neg 0  invalid 762 tFOTS 0.0000 tGradient 3.0070 tsec 3.3780

#GCAMreg# pass 0 level1 4 level2 1 tsec 31.251 sigma 0.5
l_jacobian=1.00 l_label=1.00 l_log_likelihood=0.20 l_smoothness=0.62 
tol=2.50e-01, dt=5.00e-02, exp_k=20.0, momentum=0.90, levels=6, niter=500, lbl_dist=10.00, avgs=64, sigma=0.5,type=2, relabel=0, neg=no

blurring input image with Gaussian with sigma=0.500...
GCAMRegisterLevel(): init RMS 0.684093
#FOTS# QuadFit found better minimum quadopt=(dt=9.072,rms=0.683557) vs oldopt=(dt=6.48,rms=0.683558)
#GCMRL#   44 dt   9.072000 rms  0.684  0.078% neg 0  invalid 762 tFOTS 5.2160 tGradient 2.4850 tsec 8.0520
#FOTS# QuadFit found better minimum quadopt=(dt=5.184,rms=0.683534) vs oldopt=(dt=6.48,rms=0.683534)
#GCMRL#   45 dt   5.184000 rms  0.684  0.000% neg 0  invalid 762 tFOTS 5.0930 tGradient 2.3830 tsec 7.8550
setting smoothness cost coefficient to 2.353

#GCAMreg# pass 0 level1 3 level2 0 tsec 0 sigma 2
l_jacobian=1.00 l_label=1.00 l_log_likelihood=0.20 l_smoothness=2.35 
tol=2.50e-01, dt=5.00e-02, exp_k=20.0, momentum=0.90, levels=6, niter=500, lbl_dist=10.00, avgs=16, sigma=2.0,type=2, relabel=0, neg=no

blurring input image with Gaussian with sigma=2.000...
GCAMRegisterLevel(): init RMS 0.731507
#FOTS# QuadFit found better minimum quadopt=(dt=19.6471,rms=0.7195) vs oldopt=(dt=8,rms=0.723112)
#GCMRL#   47 dt  19.647059 rms  0.719  1.641% neg 0  invalid 762 tFOTS 5.3470 tGradient 2.3130 tsec 8.0060
#FOTS# QuadFit found better minimum quadopt=(dt=11.2,rms=0.719035) vs oldopt=(dt=8,rms=0.719085)
#GCMRL#   48 dt  11.200000 rms  0.719  0.000% neg 0  invalid 762 tFOTS 4.7080 tGradient 2.4490 tsec 7.5900

#GCAMreg# pass 0 level1 3 level2 1 tsec 28.156 sigma 0.5
l_jacobian=1.00 l_label=1.00 l_log_likelihood=0.20 l_smoothness=2.35 
tol=2.50e-01, dt=5.00e-02, exp_k=20.0, momentum=0.90, levels=6, niter=500, lbl_dist=10.00, avgs=16, sigma=0.5,type=2, relabel=0, neg=no

blurring input image with Gaussian with sigma=0.500...
GCAMRegisterLevel(): init RMS 0.719556
#GCMRL#   50 dt   0.000000 rms  0.719  0.077% neg 0  invalid 762 tFOTS 4.9790 tGradient 2.3790 tsec 7.7650
setting smoothness cost coefficient to 8.000

#GCAMreg# pass 0 level1 2 level2 0 tsec 0 sigma 2
l_jacobian=1.00 l_label=1.00 l_log_likelihood=0.20 l_smoothness=8.00 
tol=2.50e-01, dt=5.00e-02, exp_k=20.0, momentum=0.90, levels=6, niter=500, lbl_dist=10.00, avgs=4, sigma=2.0,type=2, relabel=0, neg=no

blurring input image with Gaussian with sigma=2.000...
GCAMRegisterLevel(): init RMS 0.801667
#FOTS# QuadFit found better minimum quadopt=(dt=1.2,rms=0.799945) vs oldopt=(dt=0.72,rms=0.800095)
#GCMRL#   52 dt   1.200000 rms  0.800  0.215% neg 0  invalid 762 tFOTS 4.8430 tGradient 1.8990 tsec 7.1020
#FOTS# QuadFit found better minimum quadopt=(dt=1.80899,rms=0.798885) vs oldopt=(dt=2.88,rms=0.799263)
#GCMRL#   53 dt   1.808989 rms  0.799  0.000% neg 0  invalid 762 tFOTS 4.7190 tGradient 2.0310 tsec 7.1850
#GCMRL#   54 dt   1.808989 rms  0.797  0.213% neg 0  invalid 762 tFOTS 0.0000 tGradient 1.8000 tsec 2.1400
#GCMRL#   55 dt   1.808989 rms  0.796  0.171% neg 0  invalid 762 tFOTS 0.0000 tGradient 1.8460 tsec 2.1810
#GCMRL#   56 dt   1.808989 rms  0.796 -0.029% neg 0  invalid 762 tFOTS 0.0000 tGradient 1.9730 tsec 2.6500
#FOTS# QuadFit found better minimum quadopt=(dt=7.6699,rms=0.793159) vs oldopt=(dt=11.52,rms=0.793899)
#GCMRL#   57 dt   7.669903 rms  0.793  0.335% neg 0  invalid 762 tFOTS 5.6410 tGradient 2.0930 tsec 8.0840
#FOTS# QuadFit found better minimum quadopt=(dt=2.304,rms=0.79274) vs oldopt=(dt=2.88,rms=0.792761)
#GCMRL#   58 dt   2.304000 rms  0.793  0.000% neg 0  invalid 762 tFOTS 4.8120 tGradient 2.1230 tsec 7.3190

#GCAMreg# pass 0 level1 2 level2 1 tsec 48.71 sigma 0.5
l_jacobian=1.00 l_label=1.00 l_log_likelihood=0.20 l_smoothness=8.00 
tol=2.50e-01, dt=5.00e-02, exp_k=20.0, momentum=0.90, levels=6, niter=500, lbl_dist=10.00, avgs=4, sigma=0.5,type=2, relabel=0, neg=no

blurring input image with Gaussian with sigma=0.500...
GCAMRegisterLevel(): init RMS 0.793205
#GCMRL#   60 dt   0.000000 rms  0.793  0.058% neg 0  invalid 762 tFOTS 5.0890 tGradient 2.0370 tsec 7.5370
setting smoothness cost coefficient to 20.000

#GCAMreg# pass 0 level1 1 level2 0 tsec 0 sigma 2
l_jacobian=1.00 l_label=1.00 l_log_likelihood=0.20 l_smoothness=20.00 
tol=2.50e-01, dt=5.00e-02, exp_k=20.0, momentum=0.90, levels=6, niter=500, lbl_dist=10.00, avgs=1, sigma=2.0,type=2, relabel=0, neg=no

blurring input image with Gaussian with sigma=2.000...
GCAMRegisterLevel(): init RMS 0.866872
#GCMRL#   62 dt   0.000000 rms  0.866  0.048% neg 0  invalid 762 tFOTS 4.1780 tGradient 1.6260 tsec 6.1480

#GCAMreg# pass 0 level1 1 level2 1 tsec 21.898 sigma 0.5
l_jacobian=1.00 l_label=1.00 l_log_likelihood=0.20 l_smoothness=20.00 
tol=2.50e-01, dt=5.00e-02, exp_k=20.0, momentum=0.90, levels=6, niter=500, lbl_dist=10.00, avgs=1, sigma=0.5,type=2, relabel=0, neg=no

blurring input image with Gaussian with sigma=0.500...
GCAMRegisterLevel(): init RMS 0.866872
#FOTS# QuadFit found better minimum quadopt=(dt=0.028,rms=0.866442) vs oldopt=(dt=0.02,rms=0.866443)
#GCMRL#   64 dt   0.028000 rms  0.866  0.050% neg 0  invalid 762 tFOTS 4.6930 tGradient 1.5850 tsec 6.6350
#FOTS# QuadFit found better minimum quadopt=(dt=0.012,rms=0.866435) vs oldopt=(dt=0.02,rms=0.866436)
#GCMRL#   65 dt   0.012000 rms  0.866  0.000% neg 0  invalid 762 tFOTS 4.6510 tGradient 1.6240 tsec 6.7430
#GCMRL#   66 dt   0.012000 rms  0.866  0.000% neg 0  invalid 762 tFOTS 0.0000 tGradient 1.8820 tsec 2.2570
resetting metric properties...
setting smoothness cost coefficient to 40.000

#GCAMreg# pass 0 level1 0 level2 0 tsec 0 sigma 2
l_jacobian=1.00 l_label=1.00 l_log_likelihood=0.20 l_smoothness=40.00 
tol=2.50e-01, dt=5.00e-02, exp_k=20.0, momentum=0.90, levels=6, niter=500, lbl_dist=10.00, avgs=0, sigma=2.0,type=2, relabel=0, neg=no

blurring input image with Gaussian with sigma=2.000...
GCAMRegisterLevel(): init RMS 0.741152
#FOTS# QuadFit found better minimum quadopt=(dt=0.221953,rms=0.735916) vs oldopt=(dt=0.32,rms=0.736565)
#GCMRL#   68 dt   0.221953 rms  0.736  0.706% neg 0  invalid 762 tFOTS 5.1360 tGradient 1.3100 tsec 6.8640
#GCMRL#   69 dt   0.020000 rms  0.736  0.000% neg 0  invalid 762 tFOTS 5.0490 tGradient 1.2990 tsec 6.7960

#GCAMreg# pass 0 level1 0 level2 1 tsec 25.31 sigma 0.5
l_jacobian=1.00 l_label=1.00 l_log_likelihood=0.20 l_smoothness=40.00 
tol=2.50e-01, dt=5.00e-02, exp_k=20.0, momentum=0.90, levels=6, niter=500, lbl_dist=10.00, avgs=0, sigma=0.5,type=2, relabel=0, neg=no

blurring input image with Gaussian with sigma=0.500...
GCAMRegisterLevel(): init RMS 0.736199
#FOTS# QuadFit found better minimum quadopt=(dt=0.007,rms=0.735658) vs oldopt=(dt=0.005,rms=0.735664)
#GCMRL#   71 dt   0.007000 rms  0.736  0.073% neg 0  invalid 762 tFOTS 5.1220 tGradient 1.2920 tsec 6.7940
#FOTS# QuadFit found better minimum quadopt=(dt=0.004,rms=0.735655) vs oldopt=(dt=0.005,rms=0.735655)
#GCMRL#   72 dt   0.004000 rms  0.736  0.000% neg 0  invalid 762 tFOTS 5.2080 tGradient 1.3490 tsec 6.9590
GCAMregister done in 8.11158 min
Starting GCAmapRenormalizeWithAlignment() without scales
renormalizing by structure alignment....
renormalizing input #0
gca peak = 0.10253 (16)
mri peak = 0.12954 (18)
Left_Lateral_Ventricle (4): linear fit = 0.87 x + 0.0 (893 voxels, overlap=0.545)
Left_Lateral_Ventricle (4): linear fit = 0.87 x + 0.0 (893 voxels, peak = 14), gca=13.8
gca peak = 0.17690 (16)
mri peak = 0.09544 (18)
Right_Lateral_Ventricle (43): linear fit = 1.03 x + 0.0 (437 voxels, overlap=0.945)
Right_Lateral_Ventricle (43): linear fit = 1.03 x + 0.0 (437 voxels, peak = 17), gca=16.6
gca peak = 0.28275 (96)
mri peak = 0.12318 (101)
Right_Pallidum (52): linear fit = 1.07 x + 0.0 (755 voxels, overlap=0.103)
Right_Pallidum (52): linear fit = 1.07 x + 0.0 (755 voxels, peak = 102), gca=102.2
gca peak = 0.18948 (93)
mri peak = 0.12632 (103)
Left_Pallidum (13): linear fit = 1.08 x + 0.0 (664 voxels, overlap=0.209)
Left_Pallidum (13): linear fit = 1.08 x + 0.0 (664 voxels, peak = 100), gca=100.0
gca peak = 0.20755 (55)
mri peak = 0.09827 (67)
Right_Hippocampus (53): linear fit = 1.16 x + 0.0 (740 voxels, overlap=0.134)
Right_Hippocampus (53): linear fit = 1.16 x + 0.0 (740 voxels, peak = 64), gca=64.1
gca peak = 0.31831 (58)
mri peak = 0.10856 (67)
Left_Hippocampus (17): linear fit = 1.12 x + 0.0 (694 voxels, overlap=0.304)
Left_Hippocampus (17): linear fit = 1.12 x + 0.0 (694 voxels, peak = 65), gca=64.7
gca peak = 0.11957 (102)
mri peak = 0.09862 (106)
Right_Cerebral_White_Matter (41): linear fit = 1.08 x + 0.0 (56238 voxels, overlap=0.576)
Right_Cerebral_White_Matter (41): linear fit = 1.08 x + 0.0 (56238 voxels, peak = 110), gca=109.7
gca peak = 0.11429 (102)
mri peak = 0.11526 (108)
Left_Cerebral_White_Matter (2): linear fit = 1.05 x + 0.0 (58030 voxels, overlap=0.450)
Left_Cerebral_White_Matter (2): linear fit = 1.05 x + 0.0 (58030 voxels, peak = 108), gca=107.6
gca peak = 0.14521 (59)
mri peak = 0.03577 (56)
Left_Cerebral_Cortex (3): linear fit = 0.94 x + 0.0 (16825 voxels, overlap=0.988)
Left_Cerebral_Cortex (3): linear fit = 0.94 x + 0.0 (16825 voxels, peak = 56), gca=55.8
gca peak = 0.14336 (58)
mri peak = 0.03586 (63)
Right_Cerebral_Cortex (42): linear fit = 1.02 x + 0.0 (20050 voxels, overlap=0.956)
Right_Cerebral_Cortex (42): linear fit = 1.02 x + 0.0 (20050 voxels, peak = 59), gca=59.4
gca peak = 0.13305 (70)
mri peak = 0.17843 (80)
Right_Caudate (50): linear fit = 1.20 x + 0.0 (666 voxels, overlap=0.035)
Right_Caudate (50): linear fit = 1.20 x + 0.0 (666 voxels, peak = 84), gca=83.7
gca peak = 0.15761 (71)
mri peak = 0.09778 (85)
Left_Caudate (11): linear fit = 1.21 x + 0.0 (719 voxels, overlap=0.061)
Left_Caudate (11): linear fit = 1.21 x + 0.0 (719 voxels, peak = 86), gca=85.6
gca peak = 0.13537 (57)
mri peak = 0.04082 (59)
Left_Cerebellum_Cortex (8): linear fit = 1.12 x + 0.0 (19257 voxels, overlap=0.759)
Left_Cerebellum_Cortex (8): linear fit = 1.12 x + 0.0 (19257 voxels, peak = 64), gca=63.6
gca peak = 0.13487 (56)
mri peak = 0.04178 (70)
Right_Cerebellum_Cortex (47): linear fit = 1.21 x + 0.0 (22499 voxels, overlap=0.079)
Right_Cerebellum_Cortex (47): linear fit = 1.21 x + 0.0 (22499 voxels, peak = 67), gca=67.5
gca peak = 0.19040 (84)
mri peak = 0.10847 (91)
Left_Cerebellum_White_Matter (7): linear fit = 1.11 x + 0.0 (6675 voxels, overlap=0.115)
Left_Cerebellum_White_Matter (7): linear fit = 1.11 x + 0.0 (6675 voxels, peak = 93), gca=92.8
gca peak = 0.18871 (83)
mri peak = 0.09247 (90)
Right_Cerebellum_White_Matter (46): linear fit = 1.09 x + 0.0 (5248 voxels, overlap=0.016)
Right_Cerebellum_White_Matter (46): linear fit = 1.09 x + 0.0 (5248 voxels, peak = 90), gca=90.1
gca peak = 0.24248 (57)
mri peak = 0.13014 (67)
Left_Amygdala (18): linear fit = 1.18 x + 0.0 (287 voxels, overlap=0.029)
Left_Amygdala (18): linear fit = 1.18 x + 0.0 (287 voxels, peak = 68), gca=67.5
gca peak = 0.35833 (56)
mri peak = 0.13480 (67)
Right_Amygdala (54): linear fit = 1.13 x + 0.0 (422 voxels, overlap=0.298)
Right_Amygdala (54): linear fit = 1.13 x + 0.0 (422 voxels, peak = 64), gca=63.6
gca peak = 0.12897 (85)
mri peak = 0.05583 (87)
Left_Thalamus (10): linear fit = 1.04 x + 0.0 (5095 voxels, overlap=0.892)
Left_Thalamus (10): linear fit = 1.04 x + 0.0 (5095 voxels, peak = 89), gca=88.8
gca peak = 0.13127 (83)
mri peak = 0.06583 (87)
Right_Thalamus (49): linear fit = 1.02 x + 0.0 (4117 voxels, overlap=0.920)
Right_Thalamus (49): linear fit = 1.02 x + 0.0 (4117 voxels, peak = 85), gca=85.1
gca peak = 0.12974 (78)
mri peak = 0.07925 (92)
Left_Putamen (12): linear fit = 1.16 x + 0.0 (1935 voxels, overlap=0.103)
Left_Putamen (12): linear fit = 1.16 x + 0.0 (1935 voxels, peak = 91), gca=90.9
gca peak = 0.17796 (79)
mri peak = 0.07553 (93)
Right_Putamen (51): linear fit = 1.20 x + 0.0 (2216 voxels, overlap=0.206)
Right_Putamen (51): linear fit = 1.20 x + 0.0 (2216 voxels, peak = 94), gca=94.4
gca peak = 0.10999 (80)
mri peak = 0.10739 (90)
Brain_Stem (16): linear fit = 1.12 x + 0.0 (7439 voxels, overlap=0.128)
Brain_Stem (16): linear fit = 1.12 x + 0.0 (7439 voxels, peak = 90), gca=90.0
gca peak = 0.13215 (88)
mri peak = 0.09486 (97)
Right_VentralDC (60): linear fit = 1.09 x + 0.0 (895 voxels, overlap=0.435)
Right_VentralDC (60): linear fit = 1.09 x + 0.0 (895 voxels, peak = 95), gca=95.5
gca peak = 0.11941 (89)
mri peak = 0.10926 (97)
Left_VentralDC (28): linear fit = 1.10 x + 0.0 (1108 voxels, overlap=0.219)
Left_VentralDC (28): linear fit = 1.10 x + 0.0 (1108 voxels, peak = 97), gca=97.5
gca peak = 0.20775 (25)
uniform distribution in MR - rejecting arbitrary fit
gca peak = 0.13297 (21)
mri peak = 0.25000 (14)
Fourth_Ventricle (15): linear fit = 0.65 x + 0.0 (644 voxels, overlap=0.274)
Fourth_Ventricle (15): linear fit = 0.65 x + 0.0 (644 voxels, peak = 14), gca=13.8
gca peak Unknown = 0.94777 ( 0)
gca peak Left_Inf_Lat_Vent = 0.19087 (28)
gca peak Third_Ventricle = 0.20775 (25)
gca peak Fourth_Ventricle = 0.13297 (21)
gca peak CSF = 0.16821 (33)
gca peak Left_Accumbens_area = 0.32850 (63)
gca peak Left_undetermined = 0.98480 (28)
gca peak Left_vessel = 0.40887 (53)
gca peak Left_choroid_plexus = 0.10898 (46)
gca peak Right_Inf_Lat_Vent = 0.17798 (26)
gca peak Right_Accumbens_area = 0.30137 (64)
gca peak Right_vessel = 0.47828 (52)
gca peak Right_choroid_plexus = 0.11612 (45)
gca peak Fifth_Ventricle = 0.59466 (35)
gca peak WM_hypointensities = 0.10053 (78)
gca peak non_WM_hypointensities = 0.07253 (60)
gca peak Optic_Chiasm = 0.25330 (73)
not using caudate to estimate GM means
estimating mean gm scale to be 1.10 x + 0.0
estimating mean wm scale to be 1.07 x + 0.0
estimating mean csf scale to be 0.95 x + 0.0
saving intensity scales to talairach.label_intensities.txt
GCAmapRenormalizeWithAlignment() took 3.46297 min
noneg pre
Starting GCAMregister()
label assignment complete, 0 changed (0.00%)
npasses = 1, nlevels = 6
#pass# 1 of 1 ************************
enabling zero nodes
setting smoothness cost coefficient to 0.008

#GCAMreg# pass 0 level1 5 level2 0 tsec 0 sigma 2
l_jacobian=1.00 l_label=1.00 l_log_likelihood=0.20 l_smoothness=0.01 
tol=5.00e-02, dt=5.00e-02, exp_k=20.0, momentum=0.90, levels=6, niter=500, lbl_dist=10.00, avgs=256, sigma=2.0,type=2, relabel=0, neg=no

blurring input image with Gaussian with sigma=2.000...
GCAMRegisterLevel(): init RMS 0.777341
#FOTS# QuadFit found better minimum quadopt=(dt=219.602,rms=0.739211) vs oldopt=(dt=92.48,rms=0.752221)
#GCMRL#   74 dt 219.601896 rms  0.739  4.905% neg 0  invalid 762 tFOTS 4.8240 tGradient 2.1050 tsec 7.2710
#FOTS# QuadFit found better minimum quadopt=(dt=184,rms=0.728794) vs oldopt=(dt=92.48,rms=0.731875)
#GCMRL#   75 dt 184.000000 rms  0.729  1.409% neg 0  invalid 762 tFOTS 5.4810 tGradient 2.4990 tsec 8.3890
#FOTS# QuadFit found better minimum quadopt=(dt=164.267,rms=0.723347) vs oldopt=(dt=92.48,rms=0.724741)
#GCMRL#   76 dt 164.266667 rms  0.723  0.747% neg 0  invalid 762 tFOTS 4.7720 tGradient 2.7120 tsec 7.8570
#FOTS# QuadFit found better minimum quadopt=(dt=221.952,rms=0.718422) vs oldopt=(dt=369.92,rms=0.719686)
#GCMRL#   77 dt 221.952000 rms  0.718  0.681% neg 0  invalid 762 tFOTS 4.9780 tGradient 2.4640 tsec 7.8390
#FOTS# QuadFit found better minimum quadopt=(dt=129.472,rms=0.715199) vs oldopt=(dt=92.48,rms=0.715564)
#GCMRL#   78 dt 129.472000 rms  0.715  0.449% neg 0  invalid 762 tFOTS 5.5510 tGradient 2.5290 tsec 8.4400
#FOTS# QuadFit found better minimum quadopt=(dt=295.936,rms=0.710978) vs oldopt=(dt=369.92,rms=0.711001)
#GCMRL#   79 dt 295.936000 rms  0.711  0.590% neg 0  invalid 762 tFOTS 4.9670 tGradient 2.4870 tsec 7.8380
#FOTS# QuadFit found better minimum quadopt=(dt=110.976,rms=0.70836) vs oldopt=(dt=92.48,rms=0.708475)
#GCMRL#   80 dt 110.976000 rms  0.708  0.368% neg 0  invalid 762 tFOTS 5.5850 tGradient 2.6080 tsec 8.6140
#FOTS# QuadFit found better minimum quadopt=(dt=443.904,rms=0.704515) vs oldopt=(dt=369.92,rms=0.704684)
#GCMRL#   81 dt 443.904000 rms  0.705  0.543% neg 0  invalid 762 tFOTS 4.9870 tGradient 2.5660 tsec 7.9070
#FOTS# QuadFit found better minimum quadopt=(dt=110.976,rms=0.702074) vs oldopt=(dt=92.48,rms=0.702093)
#GCMRL#   82 dt 110.976000 rms  0.702  0.346% neg 0  invalid 762 tFOTS 5.0390 tGradient 2.3320 tsec 7.7290
#FOTS# QuadFit found better minimum quadopt=(dt=295.936,rms=0.700286) vs oldopt=(dt=369.92,rms=0.700394)
#GCMRL#   83 dt 295.936000 rms  0.700  0.255% neg 0  invalid 762 tFOTS 4.7760 tGradient 2.0750 tsec 7.2390
#FOTS# QuadFit found better minimum quadopt=(dt=110.976,rms=0.698851) vs oldopt=(dt=92.48,rms=0.698906)
#GCMRL#   84 dt 110.976000 rms  0.699  0.205% neg 0  invalid 762 tFOTS 4.9560 tGradient 2.5180 tsec 7.8250
#GCMRL#   85 dt 369.920000 rms  0.697  0.217% neg 0  invalid 762 tFOTS 4.7780 tGradient 2.3780 tsec 7.5070
#FOTS# QuadFit found better minimum quadopt=(dt=110.976,rms=0.696034) vs oldopt=(dt=92.48,rms=0.696063)
#GCMRL#   86 dt 110.976000 rms  0.696  0.186% neg 0  invalid 762 tFOTS 5.0760 tGradient 2.4680 tsec 7.9120
#FOTS# QuadFit found better minimum quadopt=(dt=295.936,rms=0.695018) vs oldopt=(dt=369.92,rms=0.695074)
#GCMRL#   87 dt 295.936000 rms  0.695  0.146% neg 0  invalid 762 tFOTS 4.7140 tGradient 2.3680 tsec 7.4740
#FOTS# QuadFit found better minimum quadopt=(dt=129.472,rms=0.694085) vs oldopt=(dt=92.48,rms=0.694128)
#GCMRL#   88 dt 129.472000 rms  0.694  0.134% neg 0  invalid 762 tFOTS 5.0040 tGradient 2.4780 tsec 7.8430
#FOTS# QuadFit found better minimum quadopt=(dt=129.472,rms=0.693489) vs oldopt=(dt=92.48,rms=0.693605)
#GCMRL#   89 dt 129.472000 rms  0.693  0.086% neg 0  invalid 762 tFOTS 4.8280 tGradient 2.4390 tsec 7.7000
#FOTS# QuadFit found better minimum quadopt=(dt=443.904,rms=0.692411) vs oldopt=(dt=369.92,rms=0.692452)
#GCMRL#   90 dt 443.904000 rms  0.692  0.155% neg 0  invalid 762 tFOTS 5.3400 tGradient 2.7820 tsec 8.5220
#FOTS# QuadFit found better minimum quadopt=(dt=110.976,rms=0.691549) vs oldopt=(dt=92.48,rms=0.691552)
#GCMRL#   91 dt 110.976000 rms  0.692  0.125% neg 0  invalid 762 tFOTS 5.0080 tGradient 2.6120 tsec 8.0110
#FOTS# QuadFit found better minimum quadopt=(dt=295.936,rms=0.690953) vs oldopt=(dt=369.92,rms=0.691025)
#GCMRL#   92 dt 295.936000 rms  0.691  0.086% neg 0  invalid 762 tFOTS 5.4150 tGradient 2.6520 tsec 8.4540
#FOTS# QuadFit found better minimum quadopt=(dt=110.976,rms=0.690333) vs oldopt=(dt=92.48,rms=0.690352)
#GCMRL#   93 dt 110.976000 rms  0.690  0.090% neg 0  invalid 762 tFOTS 4.7500 tGradient 2.2880 tsec 7.3850
#GCMRL#   94 dt 369.920000 rms  0.690  0.085% neg 0  invalid 762 tFOTS 5.3540 tGradient 2.5970 tsec 8.2900
#FOTS# QuadFit found better minimum quadopt=(dt=110.976,rms=0.689099) vs oldopt=(dt=92.48,rms=0.689115)
#GCMRL#   95 dt 110.976000 rms  0.689  0.094% neg 0  invalid 762 tFOTS 4.6980 tGradient 2.3350 tsec 7.3810
#FOTS# QuadFit found better minimum quadopt=(dt=295.936,rms=0.68863) vs oldopt=(dt=369.92,rms=0.688649)
#GCMRL#   96 dt 295.936000 rms  0.689  0.068% neg 0  invalid 762 tFOTS 4.9490 tGradient 2.4000 tsec 7.7000
#FOTS# QuadFit found better minimum quadopt=(dt=110.976,rms=0.688181) vs oldopt=(dt=92.48,rms=0.688203)
#GCMRL#   97 dt 110.976000 rms  0.688  0.065% neg 0  invalid 762 tFOTS 4.5800 tGradient 2.3490 tsec 7.2750
#FOTS# QuadFit found better minimum quadopt=(dt=443.904,rms=0.687647) vs oldopt=(dt=369.92,rms=0.687651)
#GCMRL#   98 dt 443.904000 rms  0.688  0.078% neg 0  invalid 762 tFOTS 4.8950 tGradient 2.5280 tsec 7.8040
#FOTS# QuadFit found better minimum quadopt=(dt=110.976,rms=0.687068) vs oldopt=(dt=92.48,rms=0.68707)
#GCMRL#   99 dt 110.976000 rms  0.687  0.084% neg 0  invalid 762 tFOTS 4.8490 tGradient 2.7080 tsec 7.9100
#FOTS# QuadFit found better minimum quadopt=(dt=221.952,rms=0.686773) vs oldopt=(dt=369.92,rms=0.686876)
#GCMRL#  100 dt 221.952000 rms  0.687  0.000% neg 0  invalid 762 tFOTS 5.1510 tGradient 2.3530 tsec 7.8860
#GCMRL#  101 dt 221.952000 rms  0.686  0.042% neg 0  invalid 762 tFOTS 0.0000 tGradient 2.4110 tsec 2.7450
#GCMRL#  102 dt 221.952000 rms  0.686  0.138% neg 0  invalid 762 tFOTS 0.0000 tGradient 2.3740 tsec 2.6970
#GCMRL#  103 dt 221.952000 rms  0.685  0.102% neg 0  invalid 762 tFOTS 0.0000 tGradient 2.3430 tsec 2.7050
#GCMRL#  104 dt 221.952000 rms  0.684  0.186% neg 0  invalid 762 tFOTS 0.0000 tGradient 2.5270 tsec 2.8490
#GCMRL#  105 dt 221.952000 rms  0.682  0.197% neg 0  invalid 762 tFOTS 0.0000 tGradient 2.3850 tsec 2.6980
#GCMRL#  106 dt 221.952000 rms  0.681  0.148% neg 0  invalid 762 tFOTS 0.0000 tGradient 2.3940 tsec 2.7090
#GCMRL#  107 dt 221.952000 rms  0.680  0.214% neg 0  invalid 762 tFOTS 0.0000 tGradient 2.2140 tsec 2.5250
#GCMRL#  108 dt 221.952000 rms  0.679  0.172% neg 0  invalid 762 tFOTS 0.0000 tGradient 2.4850 tsec 2.8350
#GCMRL#  109 dt 221.952000 rms  0.678  0.157% neg 0  invalid 762 tFOTS 0.0000 tGradient 2.7280 tsec 3.0800
#GCMRL#  110 dt 221.952000 rms  0.676  0.198% neg 0  invalid 762 tFOTS 0.0000 tGradient 2.2560 tsec 2.5720
#GCMRL#  111 dt 221.952000 rms  0.675  0.172% neg 0  invalid 762 tFOTS 0.0000 tGradient 2.3330 tsec 2.6400
#GCMRL#  112 dt 221.952000 rms  0.674  0.147% neg 0  invalid 762 tFOTS 0.0000 tGradient 2.2030 tsec 2.5070
#GCMRL#  113 dt 221.952000 rms  0.673  0.144% neg 0  invalid 762 tFOTS 0.0000 tGradient 2.1940 tsec 2.5040
#GCMRL#  114 dt 221.952000 rms  0.672  0.136% neg 0  invalid 762 tFOTS 0.0000 tGradient 2.2820 tsec 2.5920
#GCMRL#  115 dt 221.952000 rms  0.671  0.126% neg 0  invalid 762 tFOTS 0.0000 tGradient 2.5680 tsec 2.8700
#GCMRL#  116 dt 221.952000 rms  0.671  0.110% neg 0  invalid 762 tFOTS 0.0000 tGradient 2.7910 tsec 3.1320
#GCMRL#  117 dt 221.952000 rms  0.670  0.125% neg 0  invalid 762 tFOTS 0.0000 tGradient 2.3530 tsec 2.7690
#GCMRL#  118 dt 221.952000 rms  0.669  0.096% neg 0  invalid 762 tFOTS 0.0000 tGradient 2.5450 tsec 2.9270
#GCMRL#  119 dt 221.952000 rms  0.669  0.083% neg 0  invalid 762 tFOTS 0.0000 tGradient 2.5780 tsec 2.9350
#GCMRL#  120 dt 221.952000 rms  0.668  0.101% neg 0  invalid 762 tFOTS 0.0000 tGradient 2.3100 tsec 2.7380
#GCMRL#  121 dt 221.952000 rms  0.667  0.088% neg 0  invalid 762 tFOTS 0.0000 tGradient 2.1830 tsec 2.6150
#GCMRL#  122 dt 221.952000 rms  0.667  0.079% neg 0  invalid 762 tFOTS 0.0000 tGradient 2.3030 tsec 2.6510
#GCMRL#  123 dt 221.952000 rms  0.666  0.113% neg 0  invalid 762 tFOTS 0.0000 tGradient 2.3230 tsec 2.7150
#GCMRL#  124 dt 221.952000 rms  0.665  0.086% neg 0  invalid 762 tFOTS 0.0000 tGradient 2.7330 tsec 3.1280
#GCMRL#  125 dt 221.952000 rms  0.665  0.060% neg 0  invalid 762 tFOTS 0.0000 tGradient 2.5610 tsec 2.8940
#GCMRL#  126 dt 221.952000 rms  0.664  0.086% neg 0  invalid 762 tFOTS 0.0000 tGradient 2.3750 tsec 2.6920
#GCMRL#  127 dt 221.952000 rms  0.664  0.079% neg 0  invalid 762 tFOTS 0.0000 tGradient 2.3860 tsec 2.7090
#GCMRL#  128 dt 221.952000 rms  0.663  0.062% neg 0  invalid 762 tFOTS 0.0000 tGradient 2.3670 tsec 2.6890
#GCMRL#  129 dt 221.952000 rms  0.663  0.085% neg 0  invalid 762 tFOTS 0.0000 tGradient 2.4430 tsec 2.7990
#GCMRL#  130 dt 221.952000 rms  0.662  0.087% neg 0  invalid 762 tFOTS 0.0000 tGradient 2.7130 tsec 3.1450
#GCMRL#  131 dt 221.952000 rms  0.662  0.072% neg 0  invalid 762 tFOTS 0.0000 tGradient 2.3350 tsec 2.6650
#GCMRL#  132 dt 221.952000 rms  0.661  0.064% neg 0  invalid 762 tFOTS 0.0000 tGradient 2.3180 tsec 2.7030
#GCMRL#  133 dt 221.952000 rms  0.661  0.059% neg 0  invalid 762 tFOTS 0.0000 tGradient 2.2700 tsec 2.5900
#GCMRL#  134 dt 221.952000 rms  0.661  0.054% neg 0  invalid 762 tFOTS 0.0000 tGradient 2.3420 tsec 2.7020
#GCMRL#  135 dt 221.952000 rms  0.660  0.069% neg 0  invalid 762 tFOTS 0.0000 tGradient 2.5320 tsec 2.8790
#GCMRL#  136 dt 221.952000 rms  0.660  0.068% neg 0  invalid 762 tFOTS 0.0000 tGradient 2.5420 tsec 2.9730
#GCMRL#  137 dt 221.952000 rms  0.659  0.055% neg 0  invalid 762 tFOTS 0.0000 tGradient 2.4480 tsec 2.8630
#GCMRL#  138 dt 221.952000 rms  0.659  0.053% neg 0  invalid 762 tFOTS 0.0000 tGradient 2.4560 tsec 2.7670
#GCMRL#  139 dt 221.952000 rms  0.659  0.055% neg 0  invalid 762 tFOTS 0.0000 tGradient 2.3470 tsec 2.6610
#GCMRL#  140 dt 221.952000 rms  0.658  0.044% neg 0  invalid 762 tFOTS 0.0000 tGradient 2.3120 tsec 2.6370
#GCMRL#  141 dt 221.952000 rms  0.658  0.054% neg 0  invalid 762 tFOTS 0.0000 tGradient 2.3830 tsec 2.7540
#GCMRL#  142 dt 221.952000 rms  0.658  0.064% neg 0  invalid 762 tFOTS 0.0000 tGradient 2.4210 tsec 2.7300
#GCMRL#  143 dt 221.952000 rms  0.657  0.052% neg 0  invalid 762 tFOTS 0.0000 tGradient 2.4010 tsec 2.7580
#GCMRL#  144 dt 221.952000 rms  0.657  0.058% neg 0  invalid 762 tFOTS 0.0000 tGradient 2.6100 tsec 3.0760
#GCMRL#  145 dt 221.952000 rms  0.657  0.058% neg 0  invalid 762 tFOTS 0.0000 tGradient 2.7520 tsec 3.2400
#GCMRL#  146 dt 221.952000 rms  0.656  0.050% neg 0  invalid 762 tFOTS 0.0000 tGradient 2.3090 tsec 2.7150
#GCMRL#  147 dt 221.952000 rms  0.656  0.045% neg 0  invalid 762 tFOTS 0.0000 tGradient 2.2040 tsec 2.6170
#GCMRL#  148 dt 221.952000 rms  0.656  0.052% neg 0  invalid 762 tFOTS 0.0000 tGradient 2.3340 tsec 2.7650
#GCMRL#  149 dt 221.952000 rms  0.655  0.046% neg 0  invalid 762 tFOTS 0.0000 tGradient 2.4800 tsec 2.9130
#GCMRL#  150 dt 221.952000 rms  0.655  0.034% neg 0  invalid 762 tFOTS 0.0000 tGradient 2.4070 tsec 2.8660
#GCMRL#  151 dt 221.952000 rms  0.655  0.037% neg 0  invalid 762 tFOTS 0.0000 tGradient 2.7480 tsec 3.1130
#GCMRL#  152 dt 221.952000 rms  0.655  0.035% neg 0  invalid 762 tFOTS 0.0000 tGradient 2.4890 tsec 2.9100
#GCMRL#  153 dt 221.952000 rms  0.654  0.038% neg 0  invalid 762 tFOTS 0.0000 tGradient 2.8090 tsec 3.3300
#GCMRL#  154 dt 221.952000 rms  0.654  0.050% neg 0  invalid 762 tFOTS 0.0000 tGradient 2.6980 tsec 3.1890
#GCMRL#  155 dt 221.952000 rms  0.654  0.034% neg 0  invalid 762 tFOTS 0.0000 tGradient 2.6150 tsec 3.0380
#GCMRL#  156 dt 221.952000 rms  0.654  0.021% neg 0  invalid 762 tFOTS 0.0000 tGradient 2.8360 tsec 3.3030
#GCMRL#  157 dt 221.952000 rms  0.653  0.028% neg 0  invalid 762 tFOTS 0.0000 tGradient 2.7910 tsec 3.2770
#GCMRL#  158 dt 221.952000 rms  0.653  0.036% neg 0  invalid 762 tFOTS 0.0000 tGradient 2.7420 tsec 3.1120
#GCMRL#  159 dt 221.952000 rms  0.653  0.030% neg 0  invalid 762 tFOTS 0.0000 tGradient 2.6460 tsec 2.9860
#GCMRL#  160 dt 221.952000 rms  0.653  0.037% neg 0  invalid 762 tFOTS 0.0000 tGradient 2.3500 tsec 2.6600
#GCMRL#  161 dt 221.952000 rms  0.653  0.033% neg 0  invalid 762 tFOTS 0.0000 tGradient 2.2170 tsec 2.5280
#GCMRL#  162 dt 221.952000 rms  0.652  0.024% neg 0  invalid 762 tFOTS 0.0000 tGradient 2.2770 tsec 2.6040
#GCMRL#  163 dt 221.952000 rms  0.652  0.026% neg 0  invalid 762 tFOTS 0.0000 tGradient 2.3430 tsec 2.6590
#GCMRL#  164 dt 221.952000 rms  0.652  0.023% neg 0  invalid 762 tFOTS 0.0000 tGradient 2.2820 tsec 2.5990
#GCMRL#  165 dt 221.952000 rms  0.652  0.024% neg 0  invalid 762 tFOTS 0.0000 tGradient 2.3930 tsec 2.7030
#GCMRL#  166 dt 221.952000 rms  0.652  0.024% neg 0  invalid 762 tFOTS 0.0000 tGradient 2.2130 tsec 2.6170
#FOTS# QuadFit found better minimum quadopt=(dt=129.472,rms=0.651783) vs oldopt=(dt=92.48,rms=0.651783)
#GCMRL#  167 dt 129.472000 rms  0.652  0.000% neg 0  invalid 762 tFOTS 5.1510 tGradient 2.2980 tsec 7.8530

#GCAMreg# pass 0 level1 5 level2 1 tsec 418.033 sigma 0.5
l_jacobian=1.00 l_label=1.00 l_log_likelihood=0.20 l_smoothness=0.01 
tol=5.00e-02, dt=5.00e-02, exp_k=20.0, momentum=0.90, levels=6, niter=500, lbl_dist=10.00, avgs=256, sigma=0.5,type=2, relabel=0, neg=no

blurring input image with Gaussian with sigma=0.500...
GCAMRegisterLevel(): init RMS 0.652323
#FOTS# QuadFit found better minimum quadopt=(dt=295.936,rms=0.651053) vs oldopt=(dt=369.92,rms=0.651081)
#GCMRL#  169 dt 295.936000 rms  0.651  0.195% neg 0  invalid 762 tFOTS 4.7240 tGradient 2.4770 tsec 7.5950
#FOTS# QuadFit found better minimum quadopt=(dt=295.936,rms=0.650367) vs oldopt=(dt=369.92,rms=0.650419)
#GCMRL#  170 dt 295.936000 rms  0.650  0.105% neg 0  invalid 762 tFOTS 5.3620 tGradient 2.5770 tsec 8.2800
#GCMRL#  171 dt  92.480000 rms  0.650  0.000% neg 0  invalid 762 tFOTS 5.2680 tGradient 2.6520 tsec 8.2830
#GCMRL#  172 dt  92.480000 rms  0.650  0.014% neg 0  invalid 762 tFOTS 0.0000 tGradient 2.4160 tsec 2.7290
#GCMRL#  173 dt  92.480000 rms  0.650  0.019% neg 0  invalid 762 tFOTS 0.0000 tGradient 2.4450 tsec 2.7580
#GCMRL#  174 dt  92.480000 rms  0.650  0.027% neg 0  invalid 762 tFOTS 0.0000 tGradient 2.4720 tsec 2.7930
#GCMRL#  175 dt  92.480000 rms  0.650  0.043% neg 0  invalid 762 tFOTS 0.0000 tGradient 2.7730 tsec 3.1490
#GCMRL#  176 dt  92.480000 rms  0.649  0.040% neg 0  invalid 762 tFOTS 0.0000 tGradient 2.7090 tsec 3.0460
#GCMRL#  177 dt  92.480000 rms  0.649  0.032% neg 0  invalid 762 tFOTS 0.0000 tGradient 2.3460 tsec 2.6550
#GCMRL#  178 dt  92.480000 rms  0.649  0.025% neg 0  invalid 762 tFOTS 0.0000 tGradient 2.3670 tsec 2.6810
#GCMRL#  179 dt  92.480000 rms  0.649  0.018% neg 0  invalid 762 tFOTS 0.0000 tGradient 2.3900 tsec 2.7020
#GCMRL#  180 dt  92.480000 rms  0.649  0.016% neg 0  invalid 762 tFOTS 0.0000 tGradient 2.3900 tsec 2.7390
#FOTS# QuadFit found better minimum quadopt=(dt=887.808,rms=0.648367) vs oldopt=(dt=1479.68,rms=0.648497)
#GCMRL#  181 dt 887.808000 rms  0.648  0.062% neg 0  invalid 762 tFOTS 5.2690 tGradient 2.3940 tsec 8.0640
#FOTS# QuadFit found better minimum quadopt=(dt=18.496,rms=0.648379) vs oldopt=(dt=23.12,rms=0.64838)
#GCMRL#  182 dt  18.496000 rms  0.648  0.000% neg 0  invalid 762 tFOTS 5.2660 tGradient 2.4600 tsec 8.3720
#GCMRL#  183 dt  18.496000 rms  0.648  0.001% neg 0  invalid 762 tFOTS 0.0000 tGradient 2.4100 tsec 2.8230
setting smoothness cost coefficient to 0.031

#GCAMreg# pass 0 level1 4 level2 0 tsec 0 sigma 2
l_jacobian=1.00 l_label=1.00 l_log_likelihood=0.20 l_smoothness=0.03 
tol=5.00e-02, dt=5.00e-02, exp_k=20.0, momentum=0.90, levels=6, niter=500, lbl_dist=10.00, avgs=64, sigma=2.0,type=2, relabel=0, neg=no

blurring input image with Gaussian with sigma=2.000...
GCAMRegisterLevel(): init RMS 0.65127
#FOTS# QuadFit found better minimum quadopt=(dt=124.416,rms=0.648361) vs oldopt=(dt=103.68,rms=0.648473)
#GCMRL#  185 dt 124.416000 rms  0.648  0.447% neg 0  invalid 762 tFOTS 4.9970 tGradient 2.2680 tsec 7.7470
#FOTS# QuadFit found better minimum quadopt=(dt=145.152,rms=0.643444) vs oldopt=(dt=103.68,rms=0.644337)
#GCMRL#  186 dt 145.152000 rms  0.643  0.758% neg 0  invalid 762 tFOTS 6.5660 tGradient 3.1290 tsec 10.0790
#FOTS# QuadFit found better minimum quadopt=(dt=69.0298,rms=0.641439) vs oldopt=(dt=103.68,rms=0.641852)
#GCMRL#  187 dt  69.029810 rms  0.641  0.312% neg 0  invalid 762 tFOTS 6.3530 tGradient 3.2130 tsec 10.1910
#FOTS# QuadFit found better minimum quadopt=(dt=145.152,rms=0.638641) vs oldopt=(dt=103.68,rms=0.639068)
#GCMRL#  188 dt 145.152000 rms  0.639  0.436% neg 0  invalid 762 tFOTS 5.0330 tGradient 3.3990 tsec 9.1070
#FOTS# QuadFit found better minimum quadopt=(dt=69.4857,rms=0.636474) vs oldopt=(dt=103.68,rms=0.63693)
#GCMRL#  189 dt  69.485714 rms  0.636  0.339% neg 0  invalid 762 tFOTS 4.9820 tGradient 2.1790 tsec 7.5320
#FOTS# QuadFit found better minimum quadopt=(dt=124.416,rms=0.634711) vs oldopt=(dt=103.68,rms=0.634749)
#GCMRL#  190 dt 124.416000 rms  0.635  0.277% neg 0  invalid 762 tFOTS 4.6800 tGradient 2.0960 tsec 7.1620
#FOTS# QuadFit found better minimum quadopt=(dt=71.1872,rms=0.632737) vs oldopt=(dt=103.68,rms=0.633113)
#GCMRL#  191 dt  71.187166 rms  0.633  0.311% neg 0  invalid 762 tFOTS 4.8920 tGradient 2.2220 tsec 7.4560
#GCMRL#  192 dt 103.680000 rms  0.631  0.215% neg 0  invalid 762 tFOTS 4.5140 tGradient 2.0180 tsec 6.9430
#FOTS# QuadFit found better minimum quadopt=(dt=77.4454,rms=0.629807) vs oldopt=(dt=103.68,rms=0.629952)
#GCMRL#  193 dt  77.445378 rms  0.630  0.249% neg 0  invalid 762 tFOTS 4.9750 tGradient 2.2130 tsec 7.5260
#FOTS# QuadFit found better minimum quadopt=(dt=90.4662,rms=0.628738) vs oldopt=(dt=103.68,rms=0.628758)
#GCMRL#  194 dt  90.466165 rms  0.629  0.170% neg 0  invalid 762 tFOTS 4.8240 tGradient 2.0690 tsec 7.2390
#FOTS# QuadFit found better minimum quadopt=(dt=84.8457,rms=0.627282) vs oldopt=(dt=103.68,rms=0.62734)
#GCMRL#  195 dt  84.845714 rms  0.627  0.232% neg 0  invalid 762 tFOTS 4.7400 tGradient 2.2150 tsec 7.2940
#FOTS# QuadFit found better minimum quadopt=(dt=80.2025,rms=0.626338) vs oldopt=(dt=103.68,rms=0.626425)
#GCMRL#  196 dt  80.202532 rms  0.626  0.150% neg 0  invalid 762 tFOTS 5.2520 tGradient 2.0920 tsec 7.7140
#GCMRL#  197 dt 103.680000 rms  0.625  0.207% neg 0  invalid 762 tFOTS 4.6450 tGradient 2.4400 tsec 7.4370
#FOTS# QuadFit found better minimum quadopt=(dt=62.208,rms=0.62403) vs oldopt=(dt=103.68,rms=0.624396)
#GCMRL#  198 dt  62.208000 rms  0.624  0.162% neg 0  invalid 762 tFOTS 4.6420 tGradient 2.1510 tsec 7.1380
#FOTS# QuadFit found better minimum quadopt=(dt=145.152,rms=0.622686) vs oldopt=(dt=103.68,rms=0.622803)
#GCMRL#  199 dt 145.152000 rms  0.623  0.215% neg 0  invalid 762 tFOTS 5.0540 tGradient 2.2170 tsec 7.6540
#FOTS# QuadFit found better minimum quadopt=(dt=36.288,rms=0.621821) vs oldopt=(dt=25.92,rms=0.622004)
#GCMRL#  200 dt  36.288000 rms  0.622  0.139% neg 0  invalid 762 tFOTS 4.6410 tGradient 2.2100 tsec 7.1970
#GCMRL#  201 dt 414.720000 rms  0.619  0.384% neg 0  invalid 762 tFOTS 4.7260 tGradient 2.1630 tsec 7.2340
#FOTS# QuadFit found better minimum quadopt=(dt=36.288,rms=0.617448) vs oldopt=(dt=25.92,rms=0.617835)
#GCMRL#  202 dt  36.288000 rms  0.617  0.321% neg 0  invalid 762 tFOTS 5.1270 tGradient 2.1920 tsec 7.6640
#FOTS# QuadFit found better minimum quadopt=(dt=124.416,rms=0.616459) vs oldopt=(dt=103.68,rms=0.616469)
#GCMRL#  203 dt 124.416000 rms  0.616  0.160% neg 0  invalid 762 tFOTS 4.4580 tGradient 2.0900 tsec 6.8880
#FOTS# QuadFit found better minimum quadopt=(dt=36.288,rms=0.615917) vs oldopt=(dt=25.92,rms=0.616039)
#GCMRL#  204 dt  36.288000 rms  0.616  0.088% neg 0  invalid 762 tFOTS 4.5420 tGradient 2.0800 tsec 6.9800
#GCMRL#  205 dt 414.720000 rms  0.614  0.258% neg 0  invalid 762 tFOTS 4.7890 tGradient 2.2280 tsec 7.3630
#FOTS# QuadFit found better minimum quadopt=(dt=36.288,rms=0.612774) vs oldopt=(dt=25.92,rms=0.613107)
#GCMRL#  206 dt  36.288000 rms  0.613  0.253% neg 0  invalid 762 tFOTS 4.8300 tGradient 2.5140 tsec 7.6940
#FOTS# QuadFit found better minimum quadopt=(dt=124.416,rms=0.611852) vs oldopt=(dt=103.68,rms=0.611862)
#GCMRL#  207 dt 124.416000 rms  0.612  0.151% neg 0  invalid 762 tFOTS 4.4800 tGradient 2.1060 tsec 6.9340
#FOTS# QuadFit found better minimum quadopt=(dt=36.288,rms=0.611449) vs oldopt=(dt=25.92,rms=0.611539)
#GCMRL#  208 dt  36.288000 rms  0.611  0.066% neg 0  invalid 762 tFOTS 4.7670 tGradient 2.0990 tsec 7.2200
#FOTS# QuadFit found better minimum quadopt=(dt=497.664,rms=0.609926) vs oldopt=(dt=414.72,rms=0.609981)
#GCMRL#  209 dt 497.664000 rms  0.610  0.249% neg 0  invalid 762 tFOTS 4.9610 tGradient 2.2570 tsec 7.6130
#FOTS# QuadFit found better minimum quadopt=(dt=36.288,rms=0.608534) vs oldopt=(dt=25.92,rms=0.608846)
#GCMRL#  210 dt  36.288000 rms  0.609  0.228% neg 0  invalid 762 tFOTS 4.8970 tGradient 2.5570 tsec 7.8090
#GCMRL#  211 dt 103.680000 rms  0.608  0.125% neg 0  invalid 762 tFOTS 4.5280 tGradient 2.1490 tsec 7.0400
#FOTS# QuadFit found better minimum quadopt=(dt=36.288,rms=0.60747) vs oldopt=(dt=25.92,rms=0.607532)
#GCMRL#  212 dt  36.288000 rms  0.607  0.000% neg 0  invalid 762 tFOTS 4.7510 tGradient 2.1220 tsec 7.2430
#GCMRL#  213 dt  36.288000 rms  0.607  0.036% neg 0  invalid 762 tFOTS 0.0000 tGradient 2.0760 tsec 2.3780
#GCMRL#  214 dt  36.288000 rms  0.607  0.057% neg 0  invalid 762 tFOTS 0.0000 tGradient 2.0750 tsec 2.4000
#GCMRL#  215 dt  36.288000 rms  0.606  0.079% neg 0  invalid 762 tFOTS 0.0000 tGradient 2.3720 tsec 2.7290
#GCMRL#  216 dt  36.288000 rms  0.606  0.099% neg 0  invalid 762 tFOTS 0.0000 tGradient 2.3160 tsec 2.6440
#GCMRL#  217 dt  36.288000 rms  0.605  0.118% neg 0  invalid 762 tFOTS 0.0000 tGradient 2.4370 tsec 2.8470
#GCMRL#  218 dt  36.288000 rms  0.604  0.129% neg 0  invalid 762 tFOTS 0.0000 tGradient 2.4500 tsec 2.7860
#GCMRL#  219 dt  36.288000 rms  0.604  0.138% neg 0  invalid 762 tFOTS 0.0000 tGradient 2.1600 tsec 2.5020
#GCMRL#  220 dt  36.288000 rms  0.603  0.145% neg 0  invalid 762 tFOTS 0.0000 tGradient 2.3680 tsec 2.7540
#GCMRL#  221 dt  36.288000 rms  0.602  0.151% neg 0  invalid 762 tFOTS 0.0000 tGradient 2.2260 tsec 2.5750
#GCMRL#  222 dt  36.288000 rms  0.601  0.151% neg 0  invalid 762 tFOTS 0.0000 tGradient 2.1910 tsec 2.5400
#GCMRL#  223 dt  36.288000 rms  0.600  0.154% neg 0  invalid 762 tFOTS 0.0000 tGradient 2.1950 tsec 2.5390
#GCMRL#  224 dt  36.288000 rms  0.599  0.157% neg 0  invalid 762 tFOTS 0.0000 tGradient 2.1860 tsec 2.5350
#GCMRL#  225 dt  36.288000 rms  0.598  0.155% neg 0  invalid 762 tFOTS 0.0000 tGradient 2.1390 tsec 2.6250
#GCMRL#  226 dt  36.288000 rms  0.597  0.151% neg 0  invalid 762 tFOTS 0.0000 tGradient 2.1740 tsec 2.4870
#GCMRL#  227 dt  36.288000 rms  0.596  0.140% neg 0  invalid 762 tFOTS 0.0000 tGradient 2.1120 tsec 2.4520
#GCMRL#  228 dt  36.288000 rms  0.595  0.140% neg 0  invalid 762 tFOTS 0.0000 tGradient 2.0720 tsec 2.3940
#GCMRL#  229 dt  36.288000 rms  0.595  0.142% neg 0  invalid 762 tFOTS 0.0000 tGradient 2.0030 tsec 2.3280
#GCMRL#  230 dt  36.288000 rms  0.594  0.140% neg 0  invalid 762 tFOTS 0.0000 tGradient 1.9750 tsec 2.3600
#GCMRL#  231 dt  36.288000 rms  0.593  0.140% neg 0  invalid 762 tFOTS 0.0000 tGradient 2.3100 tsec 2.6740
#GCMRL#  232 dt  36.288000 rms  0.592  0.132% neg 0  invalid 762 tFOTS 0.0000 tGradient 2.3510 tsec 2.7630
#GCMRL#  233 dt  36.288000 rms  0.591  0.133% neg 0  invalid 762 tFOTS 0.0000 tGradient 2.3860 tsec 2.7730
#GCMRL#  234 dt  36.288000 rms  0.591  0.127% neg 0  invalid 762 tFOTS 0.0000 tGradient 2.2830 tsec 2.6700
#GCMRL#  235 dt  36.288000 rms  0.590  0.127% neg 0  invalid 762 tFOTS 0.0000 tGradient 2.0950 tsec 2.4320
#GCMRL#  236 dt  36.288000 rms  0.589  0.120% neg 0  invalid 762 tFOTS 0.0000 tGradient 1.9280 tsec 2.2560
#GCMRL#  237 dt  36.288000 rms  0.588  0.114% neg 0  invalid 762 tFOTS 0.0000 tGradient 2.0390 tsec 2.3960
#GCMRL#  238 dt  36.288000 rms  0.588  0.109% neg 0  invalid 762 tFOTS 0.0000 tGradient 1.9330 tsec 2.2820
#GCMRL#  239 dt  36.288000 rms  0.587  0.106% neg 0  invalid 762 tFOTS 0.0000 tGradient 1.9670 tsec 2.3000
#GCMRL#  240 dt  36.288000 rms  0.587  0.104% neg 0  invalid 762 tFOTS 0.0000 tGradient 1.9790 tsec 2.3200
#GCMRL#  241 dt  36.288000 rms  0.586  0.102% neg 0  invalid 762 tFOTS 0.0000 tGradient 1.9510 tsec 2.2970
#GCMRL#  242 dt  36.288000 rms  0.585  0.099% neg 0  invalid 762 tFOTS 0.0000 tGradient 1.9810 tsec 2.3280
#GCMRL#  243 dt  36.288000 rms  0.585  0.098% neg 0  invalid 762 tFOTS 0.0000 tGradient 1.9570 tsec 2.2970
#GCMRL#  244 dt  36.288000 rms  0.584  0.094% neg 0  invalid 762 tFOTS 0.0000 tGradient 1.9030 tsec 2.2480
#GCMRL#  245 dt  36.288000 rms  0.584  0.092% neg 0  invalid 762 tFOTS 0.0000 tGradient 1.9160 tsec 2.2570
#GCMRL#  246 dt  36.288000 rms  0.583  0.088% neg 0  invalid 762 tFOTS 0.0000 tGradient 1.9130 tsec 2.2510
#GCMRL#  247 dt  36.288000 rms  0.583  0.085% neg 0  invalid 762 tFOTS 0.0000 tGradient 1.9130 tsec 2.2590
#GCMRL#  248 dt  36.288000 rms  0.582  0.079% neg 0  invalid 762 tFOTS 0.0000 tGradient 1.9210 tsec 2.2890
#GCMRL#  249 dt  36.288000 rms  0.582  0.076% neg 0  invalid 762 tFOTS 0.0000 tGradient 2.0060 tsec 2.3510
#GCMRL#  250 dt  36.288000 rms  0.581  0.075% neg 0  invalid 762 tFOTS 0.0000 tGradient 1.9710 tsec 2.3380
#GCMRL#  251 dt  36.288000 rms  0.581  0.074% neg 0  invalid 762 tFOTS 0.0000 tGradient 2.0390 tsec 2.3860
#GCMRL#  252 dt  36.288000 rms  0.581  0.071% neg 0  invalid 762 tFOTS 0.0000 tGradient 1.9800 tsec 2.3260
#GCMRL#  253 dt  36.288000 rms  0.580  0.070% neg 0  invalid 762 tFOTS 0.0000 tGradient 2.0430 tsec 2.3820
#GCMRL#  254 dt  36.288000 rms  0.580  0.066% neg 0  invalid 762 tFOTS 0.0000 tGradient 2.0070 tsec 2.3420
#GCMRL#  255 dt  36.288000 rms  0.579  0.063% neg 0  invalid 762 tFOTS 0.0000 tGradient 1.9190 tsec 2.2590
#GCMRL#  256 dt  36.288000 rms  0.579  0.060% neg 0  invalid 762 tFOTS 0.0000 tGradient 1.9580 tsec 2.2990
#GCMRL#  257 dt  36.288000 rms  0.579  0.061% neg 0  invalid 762 tFOTS 0.0000 tGradient 2.0100 tsec 2.3560
#GCMRL#  258 dt  36.288000 rms  0.578  0.056% neg 0  invalid 762 tFOTS 0.0000 tGradient 1.9750 tsec 2.3140
#GCMRL#  259 dt  36.288000 rms  0.578  0.056% neg 0  invalid 762 tFOTS 0.0000 tGradient 1.9810 tsec 2.3220
#GCMRL#  260 dt  36.288000 rms  0.578  0.056% neg 0  invalid 762 tFOTS 0.0000 tGradient 1.9520 tsec 2.2980
#GCMRL#  261 dt  36.288000 rms  0.577  0.058% neg 0  invalid 762 tFOTS 0.0000 tGradient 1.9300 tsec 2.2750
#GCMRL#  262 dt  36.288000 rms  0.577  0.056% neg 0  invalid 762 tFOTS 0.0000 tGradient 2.0110 tsec 2.3490
#GCMRL#  263 dt  36.288000 rms  0.577  0.053% neg 0  invalid 762 tFOTS 0.0000 tGradient 1.9050 tsec 2.2440
#GCMRL#  264 dt  36.288000 rms  0.576  0.053% neg 0  invalid 762 tFOTS 0.0000 tGradient 1.9180 tsec 2.2430
#GCMRL#  265 dt  36.288000 rms  0.576  0.053% neg 0  invalid 762 tFOTS 0.0000 tGradient 1.8880 tsec 2.2190
#GCMRL#  266 dt  36.288000 rms  0.576  0.052% neg 0  invalid 762 tFOTS 0.0000 tGradient 1.9150 tsec 2.2550
#GCMRL#  267 dt  36.288000 rms  0.576  0.051% neg 0  invalid 762 tFOTS 0.0000 tGradient 1.8710 tsec 2.2060
#GCMRL#  268 dt  36.288000 rms  0.575  0.049% neg 0  invalid 762 tFOTS 0.0000 tGradient 1.9820 tsec 2.3170
#GCMRL#  269 dt  36.288000 rms  0.575  0.049% neg 0  invalid 762 tFOTS 0.0000 tGradient 1.8860 tsec 2.2150
#GCMRL#  270 dt  36.288000 rms  0.575  0.048% neg 0  invalid 762 tFOTS 0.0000 tGradient 1.9020 tsec 2.2320
#GCMRL#  271 dt  36.288000 rms  0.574  0.048% neg 0  invalid 762 tFOTS 0.0000 tGradient 1.8680 tsec 2.2000
#GCMRL#  272 dt  36.288000 rms  0.574  0.046% neg 0  invalid 762 tFOTS 0.0000 tGradient 1.8720 tsec 2.2090
#GCMRL#  273 dt  36.288000 rms  0.574  0.046% neg 0  invalid 762 tFOTS 0.0000 tGradient 1.8570 tsec 2.1900
#GCMRL#  274 dt  36.288000 rms  0.574  0.046% neg 0  invalid 762 tFOTS 0.0000 tGradient 1.8890 tsec 2.2240
#GCMRL#  275 dt  36.288000 rms  0.573  0.042% neg 0  invalid 762 tFOTS 0.0000 tGradient 1.8590 tsec 2.1980
#GCMRL#  276 dt  36.288000 rms  0.573  0.045% neg 0  invalid 762 tFOTS 0.0000 tGradient 2.0210 tsec 2.3570
#GCMRL#  277 dt  36.288000 rms  0.573  0.044% neg 0  invalid 762 tFOTS 0.0000 tGradient 1.9810 tsec 2.3210
#GCMRL#  278 dt  36.288000 rms  0.573  0.041% neg 0  invalid 762 tFOTS 0.0000 tGradient 2.0210 tsec 2.3520
#GCMRL#  279 dt  36.288000 rms  0.572  0.041% neg 0  invalid 762 tFOTS 0.0000 tGradient 1.9840 tsec 2.3140
#GCMRL#  280 dt  36.288000 rms  0.572  0.040% neg 0  invalid 762 tFOTS 0.0000 tGradient 2.0040 tsec 2.3410
#GCMRL#  281 dt  36.288000 rms  0.572  0.003% neg 0  invalid 762 tFOTS 0.0000 tGradient 1.9230 tsec 2.4550
#GCMRL#  282 dt  36.288000 rms  0.572  0.003% neg 0  invalid 762 tFOTS 0.0000 tGradient 1.8820 tsec 2.2140
#GCMRL#  283 dt  36.288000 rms  0.572  0.007% neg 0  invalid 762 tFOTS 0.0000 tGradient 1.9380 tsec 2.4670
#GCMRL#  284 dt  18.144000 rms  0.572  0.001% neg 0  invalid 762 tFOTS 0.0000 tGradient 1.9480 tsec 2.6830
#FOTS# QuadFit found better minimum quadopt=(dt=9.072,rms=0.572163) vs oldopt=(dt=6.48,rms=0.572164)
#GCMRL#  285 dt   9.072000 rms  0.572  0.001% neg 0  invalid 762 tFOTS 4.0300 tGradient 1.9140 tsec 6.3060
#FOTS# QuadFit found better minimum quadopt=(dt=7.776,rms=0.572161) vs oldopt=(dt=6.48,rms=0.572162)
#GCMRL#  286 dt   7.776000 rms  0.572  0.000% neg 0  invalid 762 tFOTS 4.0650 tGradient 1.8770 tsec 6.3280

#GCAMreg# pass 0 level1 4 level2 1 tsec 410.672 sigma 0.5
l_jacobian=1.00 l_label=1.00 l_log_likelihood=0.20 l_smoothness=0.03 
tol=5.00e-02, dt=5.00e-02, exp_k=20.0, momentum=0.90, levels=6, niter=500, lbl_dist=10.00, avgs=64, sigma=0.5,type=2, relabel=0, neg=no

blurring input image with Gaussian with sigma=0.500...
GCAMRegisterLevel(): init RMS 0.572937
#FOTS# QuadFit found better minimum quadopt=(dt=0.0354375,rms=0.572161) vs oldopt=(dt=0.0253125,rms=0.572161)
#GCMRL#  288 dt   0.035437 rms  0.572  0.136% neg 0  invalid 762 tFOTS 2.8430 tGradient 1.8120 tsec 5.0120
#FOTS# QuadFit found better minimum quadopt=(dt=0.0354375,rms=0.57216) vs oldopt=(dt=0.0253125,rms=0.57216)
#GCMRL#  289 dt   0.035437 rms  0.572  0.000% neg 0  invalid 762 tFOTS 2.8790 tGradient 1.8120 tsec 5.0660
#GCMRL#  290 dt   0.017719 rms  0.572  0.000% neg 0  invalid 762 tFOTS 0.0000 tGradient 1.8250 tsec 2.5270
#GCMRL#  291 dt   0.002215 rms  0.572  0.000% neg 0  invalid 762 tFOTS 0.0000 tGradient 1.8140 tsec 2.8650
#GCMRL#  292 dt   0.001107 rms  0.572  0.000% neg 0  invalid 762 tFOTS 0.0000 tGradient 1.8740 tsec 2.5880
#GCMRL#  293 dt   0.001582 rms  0.572  0.000% neg 0  invalid 762 tFOTS 3.6950 tGradient 1.8300 tsec 5.8740
setting smoothness cost coefficient to 0.118

#GCAMreg# pass 0 level1 3 level2 0 tsec 0 sigma 2
l_jacobian=1.00 l_label=1.00 l_log_likelihood=0.20 l_smoothness=0.12 
tol=5.00e-02, dt=5.00e-02, exp_k=20.0, momentum=0.90, levels=6, niter=500, lbl_dist=10.00, avgs=16, sigma=2.0,type=2, relabel=0, neg=no

blurring input image with Gaussian with sigma=2.000...
GCAMRegisterLevel(): init RMS 0.584735
#FOTS# QuadFit found better minimum quadopt=(dt=105.372,rms=0.573265) vs oldopt=(dt=128,rms=0.573832)
#GCMRL#  295 dt 105.371869 rms  0.573  1.962% neg 0  invalid 762 tFOTS 4.6320 tGradient 1.6660 tsec 6.6400
#FOTS# QuadFit found better minimum quadopt=(dt=44.8,rms=0.564731) vs oldopt=(dt=32,rms=0.566364)
#GCMRL#  296 dt  44.800000 rms  0.565  1.489% neg 0  invalid 762 tFOTS 4.3870 tGradient 1.6610 tsec 6.4060
#FOTS# QuadFit found better minimum quadopt=(dt=87.6667,rms=0.560329) vs oldopt=(dt=32,rms=0.561601)
#GCMRL#  297 dt  87.666667 rms  0.560  0.780% neg 0  invalid 762 tFOTS 4.9950 tGradient 1.7320 tsec 7.0920
#FOTS# QuadFit found better minimum quadopt=(dt=31.9032,rms=0.555377) vs oldopt=(dt=32,rms=0.555378)
#GCMRL#  298 dt  31.903177 rms  0.555  0.884% neg 0  invalid 762 tFOTS 4.7470 tGradient 1.8320 tsec 6.9480
#FOTS# QuadFit found better minimum quadopt=(dt=44.8,rms=0.553158) vs oldopt=(dt=32,rms=0.55332)
#GCMRL#  299 dt  44.800000 rms  0.553  0.400% neg 0  invalid 762 tFOTS 5.0630 tGradient 1.7020 tsec 7.1230
#GCMRL#  300 dt  32.000000 rms  0.551  0.353% neg 0  invalid 762 tFOTS 4.8850 tGradient 1.7660 tsec 7.0040
#FOTS# QuadFit found better minimum quadopt=(dt=44.8,rms=0.54942) vs oldopt=(dt=32,rms=0.549626)
#GCMRL#  301 dt  44.800000 rms  0.549  0.324% neg 0  invalid 762 tFOTS 4.6930 tGradient 1.7040 tsec 6.7850
#FOTS# QuadFit found better minimum quadopt=(dt=38.4,rms=0.547927) vs oldopt=(dt=32,rms=0.547945)
#GCMRL#  302 dt  38.400000 rms  0.548  0.272% neg 0  invalid 762 tFOTS 4.5930 tGradient 1.9620 tsec 6.8860
#GCMRL#  303 dt  32.000000 rms  0.547  0.253% neg 0  invalid 762 tFOTS 4.6200 tGradient 1.7430 tsec 6.7290
#FOTS# QuadFit found better minimum quadopt=(dt=44.8,rms=0.545194) vs oldopt=(dt=32,rms=0.545382)
#GCMRL#  304 dt  44.800000 rms  0.545  0.247% neg 0  invalid 762 tFOTS 4.7910 tGradient 1.7010 tsec 6.8890
#GCMRL#  305 dt  32.000000 rms  0.544  0.202% neg 0  invalid 762 tFOTS 4.9200 tGradient 1.9770 tsec 7.2770
#FOTS# QuadFit found better minimum quadopt=(dt=44.8,rms=0.542962) vs oldopt=(dt=32,rms=0.543089)
#GCMRL#  306 dt  44.800000 rms  0.543  0.208% neg 0  invalid 762 tFOTS 4.8080 tGradient 1.8210 tsec 6.9800
#GCMRL#  307 dt  32.000000 rms  0.542  0.184% neg 0  invalid 762 tFOTS 5.4020 tGradient 2.0400 tsec 7.7900
#FOTS# QuadFit found better minimum quadopt=(dt=44.8,rms=0.541005) vs oldopt=(dt=32,rms=0.541058)
#GCMRL#  308 dt  44.800000 rms  0.541  0.177% neg 0  invalid 762 tFOTS 5.1790 tGradient 1.8390 tsec 7.4120
#FOTS# QuadFit found better minimum quadopt=(dt=25.6,rms=0.540107) vs oldopt=(dt=32,rms=0.54012)
#GCMRL#  309 dt  25.600000 rms  0.540  0.166% neg 0  invalid 762 tFOTS 5.0890 tGradient 2.1440 tsec 7.5790
#FOTS# QuadFit found better minimum quadopt=(dt=102.4,rms=0.538678) vs oldopt=(dt=128,rms=0.538801)
#GCMRL#  310 dt 102.400000 rms  0.539  0.265% neg 0  invalid 762 tFOTS 4.9500 tGradient 1.8270 tsec 7.1300
#FOTS# QuadFit found better minimum quadopt=(dt=22.119,rms=0.537468) vs oldopt=(dt=32,rms=0.537814)
#GCMRL#  311 dt  22.118980 rms  0.537  0.225% neg 0  invalid 762 tFOTS 5.4820 tGradient 2.0520 tsec 7.9570
#GCMRL#  312 dt 128.000000 rms  0.536  0.278% neg 0  invalid 762 tFOTS 5.2760 tGradient 2.0360 tsec 7.6760
#FOTS# QuadFit found better minimum quadopt=(dt=11.2,rms=0.535014) vs oldopt=(dt=8,rms=0.535209)
#GCMRL#  313 dt  11.200000 rms  0.535  0.179% neg 0  invalid 762 tFOTS 4.8500 tGradient 1.8520 tsec 7.0840
#GCMRL#  314 dt  32.000000 rms  0.535  0.084% neg 0  invalid 762 tFOTS 4.9120 tGradient 1.8000 tsec 7.0740
#FOTS# QuadFit found better minimum quadopt=(dt=44.8,rms=0.533833) vs oldopt=(dt=32,rms=0.533923)
#GCMRL#  315 dt  44.800000 rms  0.534  0.136% neg 0  invalid 762 tFOTS 5.0110 tGradient 1.8050 tsec 7.2260
#FOTS# QuadFit found better minimum quadopt=(dt=25.6,rms=0.53351) vs oldopt=(dt=32,rms=0.533564)
#GCMRL#  316 dt  25.600000 rms  0.534  0.061% neg 0  invalid 762 tFOTS 4.8480 tGradient 1.9750 tsec 7.2230
#FOTS# QuadFit found better minimum quadopt=(dt=76.8,rms=0.53262) vs oldopt=(dt=128,rms=0.532811)
#GCMRL#  317 dt  76.800000 rms  0.533  0.167% neg 0  invalid 762 tFOTS 4.9230 tGradient 1.7750 tsec 7.1000
#FOTS# QuadFit found better minimum quadopt=(dt=11.2,rms=0.53223) vs oldopt=(dt=8,rms=0.532305)
#GCMRL#  318 dt  11.200000 rms  0.532  0.073% neg 0  invalid 762 tFOTS 4.6750 tGradient 1.9350 tsec 7.0410
#FOTS# QuadFit found better minimum quadopt=(dt=44.8,rms=0.531889) vs oldopt=(dt=32,rms=0.531916)
#GCMRL#  319 dt  44.800000 rms  0.532  0.064% neg 0  invalid 762 tFOTS 5.2320 tGradient 1.8660 tsec 7.4590
#FOTS# QuadFit found better minimum quadopt=(dt=38.4,rms=0.531352) vs oldopt=(dt=32,rms=0.531365)
#GCMRL#  320 dt  38.400000 rms  0.531  0.101% neg 0  invalid 762 tFOTS 4.7050 tGradient 1.6910 tsec 6.7930
#FOTS# QuadFit found better minimum quadopt=(dt=25.6,rms=0.53106) vs oldopt=(dt=32,rms=0.531104)
#GCMRL#  321 dt  25.600000 rms  0.531  0.055% neg 0  invalid 762 tFOTS 5.1660 tGradient 1.6410 tsec 7.1810
#FOTS# QuadFit found better minimum quadopt=(dt=44.8,rms=0.530623) vs oldopt=(dt=32,rms=0.530687)
#GCMRL#  322 dt  44.800000 rms  0.531  0.082% neg 0  invalid 762 tFOTS 4.5890 tGradient 1.8550 tsec 6.8050
#FOTS# QuadFit found better minimum quadopt=(dt=25.6,rms=0.530329) vs oldopt=(dt=32,rms=0.53035)
#GCMRL#  323 dt  25.600000 rms  0.530  0.055% neg 0  invalid 762 tFOTS 5.0400 tGradient 1.6640 tsec 7.0860
#FOTS# QuadFit found better minimum quadopt=(dt=44.8,rms=0.529889) vs oldopt=(dt=32,rms=0.529968)
#GCMRL#  324 dt  44.800000 rms  0.530  0.083% neg 0  invalid 762 tFOTS 4.5380 tGradient 1.8770 tsec 6.7490
#FOTS# QuadFit found better minimum quadopt=(dt=25.6,rms=0.529631) vs oldopt=(dt=32,rms=0.529642)
#GCMRL#  325 dt  25.600000 rms  0.530  0.000% neg 0  invalid 762 tFOTS 4.8560 tGradient 1.6250 tsec 6.8230
#GCMRL#  326 dt  25.600000 rms  0.529  0.046% neg 0  invalid 762 tFOTS 0.0000 tGradient 1.8080 tsec 2.1770
#GCMRL#  327 dt  25.600000 rms  0.529  0.086% neg 0  invalid 762 tFOTS 0.0000 tGradient 1.9210 tsec 2.2790
#GCMRL#  328 dt  25.600000 rms  0.528  0.113% neg 0  invalid 762 tFOTS 0.0000 tGradient 1.8980 tsec 2.2380
#GCMRL#  329 dt  25.600000 rms  0.528  0.145% neg 0  invalid 762 tFOTS 0.0000 tGradient 1.9470 tsec 2.2890
#GCMRL#  330 dt  25.600000 rms  0.527  0.160% neg 0  invalid 762 tFOTS 0.0000 tGradient 1.8830 tsec 2.2370
#GCMRL#  331 dt  25.600000 rms  0.526  0.183% neg 0  invalid 762 tFOTS 0.0000 tGradient 1.8700 tsec 2.2380
#GCMRL#  332 dt  25.600000 rms  0.525  0.193% neg 0  invalid 762 tFOTS 0.0000 tGradient 1.8590 tsec 2.2430
#GCMRL#  333 dt  25.600000 rms  0.524  0.191% neg 0  invalid 762 tFOTS 0.0000 tGradient 1.8460 tsec 2.2140
#GCMRL#  334 dt  25.600000 rms  0.523  0.185% neg 0  invalid 762 tFOTS 0.0000 tGradient 1.8410 tsec 2.1950
#GCMRL#  335 dt  25.600000 rms  0.522  0.181% neg 0  invalid 762 tFOTS 0.0000 tGradient 1.8250 tsec 2.1810
#GCMRL#  336 dt  25.600000 rms  0.521  0.173% neg 0  invalid 762 tFOTS 0.0000 tGradient 1.8560 tsec 2.2340
#GCMRL#  337 dt  25.600000 rms  0.520  0.164% neg 0  invalid 762 tFOTS 0.0000 tGradient 1.7350 tsec 2.0550
#GCMRL#  338 dt  25.600000 rms  0.519  0.144% neg 0  invalid 762 tFOTS 0.0000 tGradient 1.5420 tsec 1.8570
#GCMRL#  339 dt  25.600000 rms  0.519  0.136% neg 0  invalid 762 tFOTS 0.0000 tGradient 1.5750 tsec 1.9070
#GCMRL#  340 dt  25.600000 rms  0.518  0.133% neg 0  invalid 762 tFOTS 0.0000 tGradient 1.7630 tsec 2.0790
#GCMRL#  341 dt  25.600000 rms  0.517  0.124% neg 0  invalid 762 tFOTS 0.0000 tGradient 1.6590 tsec 1.9600
#GCMRL#  342 dt  25.600000 rms  0.517  0.107% neg 0  invalid 762 tFOTS 0.0000 tGradient 1.8440 tsec 2.2030
#GCMRL#  343 dt  25.600000 rms  0.516  0.089% neg 0  invalid 762 tFOTS 0.0000 tGradient 1.8430 tsec 2.1980
#GCMRL#  344 dt  25.600000 rms  0.516  0.093% neg 0  invalid 762 tFOTS 0.0000 tGradient 1.8820 tsec 2.2730
#GCMRL#  345 dt  25.600000 rms  0.515  0.095% neg 0  invalid 762 tFOTS 0.0000 tGradient 2.3680 tsec 2.7690
#GCMRL#  346 dt  25.600000 rms  0.515  0.076% neg 0  invalid 762 tFOTS 0.0000 tGradient 2.0880 tsec 2.4730
#GCMRL#  347 dt  25.600000 rms  0.515  0.075% neg 0  invalid 762 tFOTS 0.0000 tGradient 2.0210 tsec 2.4200
#GCMRL#  348 dt  25.600000 rms  0.514  0.071% neg 0  invalid 762 tFOTS 0.0000 tGradient 1.9880 tsec 2.3780
#GCMRL#  349 dt  25.600000 rms  0.514  0.066% neg 0  invalid 762 tFOTS 0.0000 tGradient 2.1300 tsec 2.5340
#GCMRL#  350 dt  25.600000 rms  0.514  0.054% neg 0  invalid 762 tFOTS 0.0000 tGradient 2.1800 tsec 2.5500
#GCMRL#  351 dt  25.600000 rms  0.513  0.053% neg 0  invalid 762 tFOTS 0.0000 tGradient 2.0570 tsec 2.4570
#GCMRL#  352 dt  25.600000 rms  0.513  0.056% neg 0  invalid 762 tFOTS 0.0000 tGradient 2.0300 tsec 2.4560
#GCMRL#  353 dt  25.600000 rms  0.513  0.053% neg 0  invalid 762 tFOTS 0.0000 tGradient 1.7710 tsec 2.1180
#GCMRL#  354 dt  25.600000 rms  0.512  0.046% neg 0  invalid 762 tFOTS 0.0000 tGradient 2.0250 tsec 2.4260
#GCMRL#  355 dt  25.600000 rms  0.512  0.041% neg 0  invalid 762 tFOTS 0.0000 tGradient 1.9430 tsec 2.2660
#GCMRL#  356 dt  25.600000 rms  0.512  0.047% neg 0  invalid 762 tFOTS 0.0000 tGradient 1.6880 tsec 2.0220
#GCMRL#  357 dt  25.600000 rms  0.512  0.046% neg 0  invalid 762 tFOTS 0.0000 tGradient 1.9020 tsec 2.3070
#GCMRL#  358 dt  25.600000 rms  0.512  0.041% neg 0  invalid 762 tFOTS 0.0000 tGradient 2.0060 tsec 2.3670
#GCMRL#  359 dt  25.600000 rms  0.511  0.030% neg 0  invalid 762 tFOTS 0.0000 tGradient 1.9810 tsec 2.3540
#GCMRL#  360 dt  25.600000 rms  0.511  0.042% neg 0  invalid 762 tFOTS 0.0000 tGradient 1.8880 tsec 2.2920
#GCMRL#  361 dt  25.600000 rms  0.511  0.048% neg 0  invalid 762 tFOTS 0.0000 tGradient 1.9340 tsec 2.3170
#GCMRL#  362 dt  25.600000 rms  0.511  0.038% neg 0  invalid 762 tFOTS 0.0000 tGradient 1.7020 tsec 2.0910
#GCMRL#  363 dt  25.600000 rms  0.511  0.033% neg 0  invalid 762 tFOTS 0.0000 tGradient 2.2420 tsec 2.5820
#GCMRL#  364 dt  25.600000 rms  0.510  0.034% neg 0  invalid 762 tFOTS 0.0000 tGradient 1.7440 tsec 2.0570
#GCMRL#  365 dt  25.600000 rms  0.510  0.036% neg 0  invalid 762 tFOTS 0.0000 tGradient 1.6180 tsec 1.9340
#GCMRL#  366 dt  25.600000 rms  0.510  0.027% neg 0  invalid 762 tFOTS 0.0000 tGradient 1.8790 tsec 2.2790
#GCMRL#  367 dt  25.600000 rms  0.510  0.026% neg 0  invalid 762 tFOTS 0.0000 tGradient 1.8970 tsec 2.2650
#GCMRL#  368 dt  25.600000 rms  0.510  0.028% neg 0  invalid 762 tFOTS 0.0000 tGradient 1.9280 tsec 2.3390
#GCMRL#  369 dt  25.600000 rms  0.510  0.033% neg 0  invalid 762 tFOTS 0.0000 tGradient 1.8290 tsec 2.2210
#GCMRL#  370 dt  25.600000 rms  0.510  0.028% neg 0  invalid 762 tFOTS 0.0000 tGradient 1.8800 tsec 2.2380
#GCMRL#  371 dt  25.600000 rms  0.509  0.027% neg 0  invalid 762 tFOTS 0.0000 tGradient 1.9550 tsec 2.2920
#GCMRL#  372 dt  25.600000 rms  0.509  0.030% neg 0  invalid 762 tFOTS 0.0000 tGradient 1.6680 tsec 1.9930
#GCMRL#  373 dt  25.600000 rms  0.509  0.026% neg 0  invalid 762 tFOTS 0.0000 tGradient 1.6480 tsec 2.0040
#GCMRL#  374 dt  25.600000 rms  0.509  0.021% neg 0  invalid 762 tFOTS 0.0000 tGradient 1.9280 tsec 2.3210
#GCMRL#  375 dt  25.600000 rms  0.509  0.019% neg 0  invalid 762 tFOTS 0.0000 tGradient 2.0400 tsec 2.4870
#FOTS# QuadFit found better minimum quadopt=(dt=44.8,rms=0.508875) vs oldopt=(dt=32,rms=0.508876)
#GCMRL#  376 dt  44.800000 rms  0.509  0.000% neg 0  invalid 762 tFOTS 4.7990 tGradient 1.7300 tsec 6.9860

#GCAMreg# pass 0 level1 3 level2 1 tsec 351.241 sigma 0.5
l_jacobian=1.00 l_label=1.00 l_log_likelihood=0.20 l_smoothness=0.12 
tol=5.00e-02, dt=5.00e-02, exp_k=20.0, momentum=0.90, levels=6, niter=500, lbl_dist=10.00, avgs=16, sigma=0.5,type=2, relabel=0, neg=no

blurring input image with Gaussian with sigma=0.500...
GCAMRegisterLevel(): init RMS 0.509396
#FOTS# QuadFit found better minimum quadopt=(dt=44.8,rms=0.506925) vs oldopt=(dt=32,rms=0.507095)
#GCMRL#  378 dt  44.800000 rms  0.507  0.485% neg 0  invalid 762 tFOTS 4.7130 tGradient 1.7650 tsec 6.8170
#GCMRL#  379 dt  32.000000 rms  0.506  0.168% neg 0  invalid 762 tFOTS 4.4750 tGradient 1.5810 tsec 6.4300
#FOTS# QuadFit found better minimum quadopt=(dt=11.2,rms=0.505958) vs oldopt=(dt=8,rms=0.505981)
#GCMRL#  380 dt  11.200000 rms  0.506  0.000% neg 0  invalid 762 tFOTS 5.0660 tGradient 1.8660 tsec 7.3040
#GCMRL#  381 dt  11.200000 rms  0.506  0.024% neg 0  invalid 762 tFOTS 0.0000 tGradient 1.8350 tsec 2.2200
#GCMRL#  382 dt  11.200000 rms  0.506  0.029% neg 0  invalid 762 tFOTS 0.0000 tGradient 1.9210 tsec 2.3310
#GCMRL#  383 dt  11.200000 rms  0.506  0.036% neg 0  invalid 762 tFOTS 0.0000 tGradient 1.7530 tsec 2.0870
#GCMRL#  384 dt  11.200000 rms  0.505  0.043% neg 0  invalid 762 tFOTS 0.0000 tGradient 1.6740 tsec 2.0090
#GCMRL#  385 dt  11.200000 rms  0.505  0.048% neg 0  invalid 762 tFOTS 0.0000 tGradient 1.7310 tsec 2.0670
#GCMRL#  386 dt  11.200000 rms  0.505  0.036% neg 0  invalid 762 tFOTS 0.0000 tGradient 1.7150 tsec 2.0500
#GCMRL#  387 dt  11.200000 rms  0.505  0.028% neg 0  invalid 762 tFOTS 0.0000 tGradient 1.6700 tsec 2.0080
#GCMRL#  388 dt  11.200000 rms  0.505  0.018% neg 0  invalid 762 tFOTS 0.0000 tGradient 1.7420 tsec 2.0780
#GCMRL#  389 dt  11.200000 rms  0.505  0.011% neg 0  invalid 762 tFOTS 0.0000 tGradient 1.7310 tsec 2.1430
#FOTS# QuadFit found better minimum quadopt=(dt=44.8,rms=0.504417) vs oldopt=(dt=32,rms=0.504444)
#GCMRL#  390 dt  44.800000 rms  0.504  0.032% neg 0  invalid 762 tFOTS 5.3220 tGradient 1.9600 tsec 7.6300
#FOTS# QuadFit found better minimum quadopt=(dt=19.2,rms=0.504371) vs oldopt=(dt=32,rms=0.50439)
#GCMRL#  391 dt  19.200000 rms  0.504  0.000% neg 0  invalid 762 tFOTS 4.9650 tGradient 1.7940 tsec 7.1360
#GCMRL#  392 dt  19.200000 rms  0.504  0.019% neg 0  invalid 762 tFOTS 0.0000 tGradient 1.7570 tsec 2.1220
#GCMRL#  393 dt  19.200000 rms  0.504  0.019% neg 0  invalid 762 tFOTS 0.0000 tGradient 1.9160 tsec 2.3050
#GCMRL#  394 dt  19.200000 rms  0.504  0.020% neg 0  invalid 762 tFOTS 0.0000 tGradient 2.0300 tsec 2.4260
setting smoothness cost coefficient to 0.400

#GCAMreg# pass 0 level1 2 level2 0 tsec 0 sigma 2
l_jacobian=1.00 l_label=1.00 l_log_likelihood=0.20 l_smoothness=0.40 
tol=5.00e-02, dt=5.00e-02, exp_k=20.0, momentum=0.90, levels=6, niter=500, lbl_dist=10.00, avgs=4, sigma=2.0,type=2, relabel=0, neg=no

blurring input image with Gaussian with sigma=2.000...
GCAMRegisterLevel(): init RMS 0.535814
#GCMRL#  396 dt   0.000000 rms  0.535  0.096% neg 0  invalid 762 tFOTS 5.1750 tGradient 1.8600 tsec 7.4150
#GCMRL#  397 dt   0.150000 rms  0.535  0.000% neg 0  invalid 762 tFOTS 5.0360 tGradient 1.7860 tsec 7.4040

#GCAMreg# pass 0 level1 2 level2 1 tsec 26.24 sigma 0.5
l_jacobian=1.00 l_label=1.00 l_log_likelihood=0.20 l_smoothness=0.40 
tol=5.00e-02, dt=5.00e-02, exp_k=20.0, momentum=0.90, levels=6, niter=500, lbl_dist=10.00, avgs=4, sigma=0.5,type=2, relabel=0, neg=no

blurring input image with Gaussian with sigma=0.500...
GCAMRegisterLevel(): init RMS 0.535814
#GCMRL#  399 dt   0.000000 rms  0.535  0.096% neg 0  invalid 762 tFOTS 4.9080 tGradient 1.6830 tsec 6.9200
#GCMRL#  400 dt   0.150000 rms  0.535  0.000% neg 0  invalid 762 tFOTS 5.0300 tGradient 1.6910 tsec 7.3190
setting smoothness cost coefficient to 1.000

#GCAMreg# pass 0 level1 1 level2 0 tsec 0 sigma 2
l_jacobian=1.00 l_label=1.00 l_log_likelihood=0.20 l_smoothness=1.00 
tol=5.00e-02, dt=5.00e-02, exp_k=20.0, momentum=0.90, levels=6, niter=500, lbl_dist=10.00, avgs=1, sigma=2.0,type=2, relabel=0, neg=no

blurring input image with Gaussian with sigma=2.000...
GCAMRegisterLevel(): init RMS 0.596881
#FOTS# QuadFit found better minimum quadopt=(dt=1.54313,rms=0.590126) vs oldopt=(dt=1.28,rms=0.590396)
#GCMRL#  402 dt   1.543131 rms  0.590  1.132% neg 0  invalid 762 tFOTS 5.0560 tGradient 1.7170 tsec 7.1260
#FOTS# QuadFit found better minimum quadopt=(dt=0.384,rms=0.589938) vs oldopt=(dt=0.32,rms=0.589941)
#GCMRL#  403 dt   0.384000 rms  0.590  0.000% neg 0  invalid 762 tFOTS 4.4560 tGradient 1.5740 tsec 6.4090

#GCAMreg# pass 0 level1 1 level2 1 tsec 25.12 sigma 0.5
l_jacobian=1.00 l_label=1.00 l_log_likelihood=0.20 l_smoothness=1.00 
tol=5.00e-02, dt=5.00e-02, exp_k=20.0, momentum=0.90, levels=6, niter=500, lbl_dist=10.00, avgs=1, sigma=0.5,type=2, relabel=0, neg=no

blurring input image with Gaussian with sigma=0.500...
GCAMRegisterLevel(): init RMS 0.590407
#FOTS# QuadFit found better minimum quadopt=(dt=0.448,rms=0.589562) vs oldopt=(dt=0.32,rms=0.589625)
#GCMRL#  405 dt   0.448000 rms  0.590  0.143% neg 0  invalid 762 tFOTS 5.2220 tGradient 1.5790 tsec 7.1980
#FOTS# QuadFit found better minimum quadopt=(dt=0.256,rms=0.589502) vs oldopt=(dt=0.32,rms=0.589505)
#GCMRL#  406 dt   0.256000 rms  0.590  0.000% neg 0  invalid 762 tFOTS 4.6480 tGradient 1.5090 tsec 6.5950
resetting metric properties...
setting smoothness cost coefficient to 2.000

#GCAMreg# pass 0 level1 0 level2 0 tsec 0 sigma 2
l_jacobian=1.00 l_label=1.00 l_log_likelihood=0.20 l_smoothness=2.00 
tol=5.00e-02, dt=5.00e-02, exp_k=20.0, momentum=0.90, levels=6, niter=500, lbl_dist=10.00, avgs=0, sigma=2.0,type=2, relabel=0, neg=no

blurring input image with Gaussian with sigma=2.000...
GCAMRegisterLevel(): init RMS 0.520961
#FOTS# QuadFit found better minimum quadopt=(dt=0.448,rms=0.505953) vs oldopt=(dt=0.32,rms=0.509921)
#GCMRL#  408 dt   0.448000 rms  0.506  2.881% neg 0  invalid 762 tFOTS 4.1340 tGradient 1.0100 tsec 5.4890
#GCMRL#  409 dt   0.320000 rms  0.503  0.498% neg 0  invalid 762 tFOTS 4.1150 tGradient 0.9120 tsec 5.4010
#GCMRL#  410 dt   0.320000 rms  0.502  0.359% neg 0  invalid 762 tFOTS 4.0100 tGradient 1.0250 tsec 5.3770
#FOTS# QuadFit found better minimum quadopt=(dt=0.384,rms=0.500085) vs oldopt=(dt=0.32,rms=0.500335)
#GCMRL#  411 dt   0.384000 rms  0.500  0.307% neg 0  invalid 762 tFOTS 4.8630 tGradient 0.9150 tsec 6.1720
#FOTS# QuadFit found better minimum quadopt=(dt=0.384,rms=0.498948) vs oldopt=(dt=0.32,rms=0.499131)
#GCMRL#  412 dt   0.384000 rms  0.499  0.227% neg 0  invalid 762 tFOTS 4.4100 tGradient 1.0860 tsec 5.8710
#FOTS# QuadFit found better minimum quadopt=(dt=0.384,rms=0.498151) vs oldopt=(dt=0.32,rms=0.49828)
#GCMRL#  413 dt   0.384000 rms  0.498  0.160% neg 0  invalid 762 tFOTS 4.8910 tGradient 0.9860 tsec 6.3030
#FOTS# QuadFit found better minimum quadopt=(dt=0.384,rms=0.497454) vs oldopt=(dt=0.32,rms=0.497561)
#GCMRL#  414 dt   0.384000 rms  0.497  0.140% neg 0  invalid 762 tFOTS 4.9950 tGradient 1.1510 tsec 6.5660
#GCMRL#  415 dt   0.320000 rms  0.497  0.083% neg 0  invalid 762 tFOTS 4.5880 tGradient 1.0790 tsec 6.0870
#GCMRL#  416 dt   0.320000 rms  0.497  0.084% neg 0  invalid 762 tFOTS 4.8270 tGradient 1.0190 tsec 6.2540
#GCMRL#  417 dt   0.320000 rms  0.496  0.063% neg 0  invalid 762 tFOTS 4.8080 tGradient 0.9860 tsec 6.2070
#GCMRL#  418 dt   0.320000 rms  0.496  0.060% neg 0  invalid 762 tFOTS 4.2690 tGradient 0.9360 tsec 5.6270
#GCMRL#  419 dt   0.320000 rms  0.496  0.000% neg 0  invalid 762 tFOTS 4.7480 tGradient 1.0250 tsec 6.1460
#GCMRL#  420 dt   0.320000 rms  0.496  0.049% neg 0  invalid 762 tFOTS 0.0000 tGradient 0.9680 tsec 1.3980
#GCMRL#  421 dt   0.320000 rms  0.495  0.079% neg 0  invalid 762 tFOTS 0.0000 tGradient 1.0490 tsec 1.4610
#GCMRL#  422 dt   0.320000 rms  0.495  0.098% neg 0  invalid 762 tFOTS 0.0000 tGradient 1.0510 tsec 1.4660
#GCMRL#  423 dt   0.320000 rms  0.494  0.111% neg 0  invalid 762 tFOTS 0.0000 tGradient 1.0320 tsec 1.4540
#GCMRL#  424 dt   0.320000 rms  0.494  0.016% neg 0  invalid 762 tFOTS 0.0000 tGradient 0.9850 tsec 1.5430
#GCMRL#  425 dt   0.320000 rms  0.494  0.006% neg 0  invalid 762 tFOTS 0.0000 tGradient 1.0050 tsec 1.6560
#GCMRL#  426 dt   0.320000 rms  0.494  0.014% neg 0  invalid 762 tFOTS 4.5580 tGradient 1.0090 tsec 5.9410
#FOTS# QuadFit found better minimum quadopt=(dt=0.256,rms=0.493907) vs oldopt=(dt=0.32,rms=0.493907)
#GCMRL#  427 dt   0.256000 rms  0.494  0.000% neg 0  invalid 762 tFOTS 4.7280 tGradient 0.9600 tsec 6.0780
#GCMRL#  428 dt   0.256000 rms  0.494  0.012% neg 0  invalid 762 tFOTS 0.0000 tGradient 0.9080 tsec 1.2490
#GCMRL#  429 dt   0.256000 rms  0.494  0.018% neg 0  invalid 762 tFOTS 0.0000 tGradient 0.9070 tsec 1.2550
#GCMRL#  430 dt   0.256000 rms  0.494  0.015% neg 0  invalid 762 tFOTS 0.0000 tGradient 0.8800 tsec 1.2310
#GCMRL#  431 dt   0.256000 rms  0.494  0.026% neg 0  invalid 762 tFOTS 0.0000 tGradient 0.8600 tsec 1.1880
#GCMRL#  432 dt   0.256000 rms  0.494  0.008% neg 0  invalid 762 tFOTS 0.0000 tGradient 0.9230 tsec 1.4480
#GCMRL#  433 dt   0.256000 rms  0.493  0.011% neg 0  invalid 762 tFOTS 0.0000 tGradient 0.9280 tsec 1.2820
#GCMRL#  434 dt   0.256000 rms  0.493  0.011% neg 0  invalid 762 tFOTS 0.0000 tGradient 0.9290 tsec 1.2610
#GCMRL#  435 dt   0.256000 rms  0.493  0.016% neg 0  invalid 762 tFOTS 0.0000 tGradient 1.0050 tsec 1.3670
#GCMRL#  436 dt   0.256000 rms  0.493  0.007% neg 0  invalid 762 tFOTS 0.0000 tGradient 0.9820 tsec 1.5450
#FOTS# QuadFit found better minimum quadopt=(dt=0.112,rms=0.493303) vs oldopt=(dt=0.08,rms=0.493305)

#GCAMreg# pass 0 level1 0 level2 1 tsec 119.618 sigma 0.5
l_jacobian=1.00 l_label=1.00 l_log_likelihood=0.20 l_smoothness=2.00 
tol=5.00e-02, dt=5.00e-02, exp_k=20.0, momentum=0.90, levels=6, niter=500, lbl_dist=10.00, avgs=0, sigma=0.5,type=2, relabel=0, neg=no

blurring input image with Gaussian with sigma=0.500...
GCAMRegisterLevel(): init RMS 0.493866
#GCMRL#  438 dt   0.320000 rms  0.491  0.653% neg 0  invalid 762 tFOTS 3.8110 tGradient 0.9360 tsec 5.0770
#FOTS# QuadFit found better minimum quadopt=(dt=0.384,rms=0.489519) vs oldopt=(dt=0.32,rms=0.489692)
#GCMRL#  439 dt   0.384000 rms  0.490  0.229% neg 0  invalid 762 tFOTS 3.9560 tGradient 0.8940 tsec 5.2540
#FOTS# QuadFit found better minimum quadopt=(dt=0.384,rms=0.489253) vs oldopt=(dt=0.32,rms=0.489288)
#GCMRL#  440 dt   0.384000 rms  0.489  0.054% neg 0  invalid 762 tFOTS 4.2240 tGradient 0.9550 tsec 5.5360
#FOTS# QuadFit found better minimum quadopt=(dt=0.384,rms=0.48913) vs oldopt=(dt=0.32,rms=0.489142)
#GCMRL#  441 dt   0.384000 rms  0.489  0.000% neg 0  invalid 762 tFOTS 4.0200 tGradient 0.9230 tsec 5.3460
#GCMRL#  442 dt   0.192000 rms  0.489  0.007% neg 0  invalid 762 tFOTS 0.0000 tGradient 1.0630 tsec 1.8630
#GCMRL#  443 dt   0.192000 rms  0.489  0.014% neg 0  invalid 762 tFOTS 0.0000 tGradient 1.1410 tsec 1.5960
#GCMRL#  444 dt   0.192000 rms  0.489  0.018% neg 0  invalid 762 tFOTS 0.0000 tGradient 1.0160 tsec 1.4340
#GCMRL#  445 dt   0.192000 rms  0.489  0.019% neg 0  invalid 762 tFOTS 0.0000 tGradient 0.9810 tsec 1.3220
GCAMregister done in 26.4093 min
********************* ALLOWING NEGATIVE NODES IN DEFORMATION********************************
noneg post
Starting GCAMregister()
label assignment complete, 0 changed (0.00%)
npasses = 1, nlevels = 6
#pass# 1 of 1 ************************
enabling zero nodes
setting smoothness cost coefficient to 0.008

#GCAMreg# pass 0 level1 5 level2 0 tsec 0 sigma 2
l_jacobian=1.00 l_label=1.00 l_log_likelihood=0.20 l_smoothness=0.01 
tol=2.50e-01, dt=5.00e-02, exp_k=20.0, momentum=0.90, levels=6, niter=500, lbl_dist=10.00, avgs=256, sigma=2.0,type=2, relabel=0, neg=yes

blurring input image with Gaussian with sigma=2.000...
GCAMRegisterLevel(): init RMS 0.487023
#FOTS# QuadFit found better minimum quadopt=(dt=32.368,rms=0.48644) vs oldopt=(dt=23.12,rms=0.486441)
#GCMRL#  447 dt  32.368000 rms  0.486  0.120% neg 0  invalid 762 tFOTS 5.6660 tGradient 2.3760 tsec 8.3990
#GCMRL#  448 dt  23.120000 rms  0.486  0.000% neg 0  invalid 762 tFOTS 5.5280 tGradient 2.1540 tsec 8.0490
#GCMRL#  449 dt  23.120000 rms  0.486  0.001% neg 0  invalid 762 tFOTS 0.0000 tGradient 2.2420 tsec 2.5960

#GCAMreg# pass 0 level1 5 level2 1 tsec 31.605 sigma 0.5
l_jacobian=1.00 l_label=1.00 l_log_likelihood=0.20 l_smoothness=0.01 
tol=2.50e-01, dt=5.00e-02, exp_k=20.0, momentum=0.90, levels=6, niter=500, lbl_dist=10.00, avgs=256, sigma=0.5,type=2, relabel=0, neg=yes

blurring input image with Gaussian with sigma=0.500...
GCAMRegisterLevel(): init RMS 0.487006
#FOTS# QuadFit found better minimum quadopt=(dt=129.472,rms=0.485943) vs oldopt=(dt=92.48,rms=0.486035)
#GCMRL#  451 dt 129.472000 rms  0.486  0.218% neg 0  invalid 762 tFOTS 5.2580 tGradient 2.2120 tsec 7.8890
#FOTS# QuadFit found better minimum quadopt=(dt=129.472,rms=0.485727) vs oldopt=(dt=92.48,rms=0.485761)
#GCMRL#  452 dt 129.472000 rms  0.486  0.000% neg 0  invalid 762 tFOTS 5.9450 tGradient 2.4760 tsec 8.8860
#GCMRL#  453 dt 129.472000 rms  0.486  0.019% neg 0  invalid 762 tFOTS 0.0000 tGradient 2.5600 tsec 2.9270
#GCMRL#  454 dt 129.472000 rms  0.485  0.063% neg 0  invalid 762 tFOTS 0.0000 tGradient 2.4100 tsec 2.7960
#GCMRL#  455 dt 129.472000 rms  0.485  0.050% neg 0  invalid 762 tFOTS 0.0000 tGradient 2.4300 tsec 2.8250
setting smoothness cost coefficient to 0.031

#GCAMreg# pass 0 level1 4 level2 0 tsec 0 sigma 2
l_jacobian=1.00 l_label=1.00 l_log_likelihood=0.20 l_smoothness=0.03 
tol=2.50e-01, dt=5.00e-02, exp_k=20.0, momentum=0.90, levels=6, niter=500, lbl_dist=10.00, avgs=64, sigma=2.0,type=2, relabel=0, neg=yes

blurring input image with Gaussian with sigma=2.000...
GCAMRegisterLevel(): init RMS 0.485555
#GCMRL#  457 dt  25.920000 rms  0.485  0.153% neg 0  invalid 762 tFOTS 5.1830 tGradient 1.9610 tsec 7.4880
#GCMRL#  458 dt  25.920000 rms  0.485  0.000% neg 0  invalid 762 tFOTS 5.1750 tGradient 1.6530 tsec 7.2520
iter 0, gcam->neg = 1
after 0 iterations, nbhd size=0, neg = 0
#GCMRL#  459 dt  25.920000 rms  0.485  0.013% neg 0  invalid 762 tFOTS 0.0000 tGradient 2.1610 tsec 3.6820
#GCMRL#  460 dt  25.920000 rms  0.485  0.000% neg 0  invalid 762 tFOTS 0.0000 tGradient 1.8020 tsec 2.1240
iter 0, gcam->neg = 1
after 2 iterations, nbhd size=0, neg = 0

#GCAMreg# pass 0 level1 4 level2 1 tsec 34.744 sigma 0.5
l_jacobian=1.00 l_label=1.00 l_log_likelihood=0.20 l_smoothness=0.03 
tol=2.50e-01, dt=5.00e-02, exp_k=20.0, momentum=0.90, levels=6, niter=500, lbl_dist=10.00, avgs=64, sigma=0.5,type=2, relabel=0, neg=yes

blurring input image with Gaussian with sigma=0.500...
GCAMRegisterLevel(): init RMS 0.485272
#FOTS# QuadFit found better minimum quadopt=(dt=124.416,rms=0.482336) vs oldopt=(dt=103.68,rms=0.482406)
iter 0, gcam->neg = 1
after 0 iterations, nbhd size=0, neg = 0
#GCMRL#  462 dt 124.416000 rms  0.482  0.605% neg 0  invalid 762 tFOTS 5.4820 tGradient 1.8880 tsec 8.8350
#FOTS# QuadFit found better minimum quadopt=(dt=36.288,rms=0.481539) vs oldopt=(dt=25.92,rms=0.481666)
#GCMRL#  463 dt  36.288000 rms  0.482  0.000% neg 0  invalid 762 tFOTS 5.6980 tGradient 1.9300 tsec 8.0350
#GCMRL#  464 dt  36.288000 rms  0.481  0.032% neg 0  invalid 762 tFOTS 0.0000 tGradient 1.6180 tsec 1.9430
iter 0, gcam->neg = 2
after 2 iterations, nbhd size=0, neg = 0
#GCMRL#  465 dt  36.288000 rms  0.481  0.065% neg 0  invalid 762 tFOTS 0.0000 tGradient 1.8550 tsec 4.3060
iter 0, gcam->neg = 3
after 2 iterations, nbhd size=0, neg = 0
#GCMRL#  466 dt  36.288000 rms  0.481  0.096% neg 0  invalid 762 tFOTS 0.0000 tGradient 1.8910 tsec 4.4920
iter 0, gcam->neg = 1
after 2 iterations, nbhd size=0, neg = 0
#GCMRL#  467 dt  36.288000 rms  0.480  0.120% neg 0  invalid 762 tFOTS 0.0000 tGradient 1.9280 tsec 4.3660
#GCMRL#  468 dt  36.288000 rms  0.479  0.133% neg 0  invalid 762 tFOTS 0.0000 tGradient 1.8840 tsec 2.2370
iter 0, gcam->neg = 1
after 2 iterations, nbhd size=0, neg = 0
#GCMRL#  469 dt  36.288000 rms  0.479  0.126% neg 0  invalid 762 tFOTS 0.0000 tGradient 1.8770 tsec 4.3180
iter 0, gcam->neg = 1
after 7 iterations, nbhd size=1, neg = 0
#GCMRL#  470 dt  36.288000 rms  0.478  0.090% neg 0  invalid 762 tFOTS 0.0000 tGradient 1.8870 tsec 6.7460
#GCMRL#  471 dt  36.288000 rms  0.478  0.098% neg 0  invalid 762 tFOTS 0.0000 tGradient 1.9040 tsec 2.2660
iter 0, gcam->neg = 1
after 2 iterations, nbhd size=0, neg = 0
#GCMRL#  472 dt  36.288000 rms  0.477  0.084% neg 0  invalid 762 tFOTS 0.0000 tGradient 1.8700 tsec 4.3300
#FOTS# QuadFit found better minimum quadopt=(dt=124.416,rms=0.477411) vs oldopt=(dt=103.68,rms=0.477413)
#GCMRL#  473 dt 124.416000 rms  0.477  0.000% neg 0  invalid 762 tFOTS 5.3150 tGradient 1.9110 tsec 7.6210
#GCMRL#  474 dt 124.416000 rms  0.477  0.005% neg 0  invalid 762 tFOTS 0.0000 tGradient 1.8570 tsec 2.2100
setting smoothness cost coefficient to 0.118

#GCAMreg# pass 0 level1 3 level2 0 tsec 0 sigma 2
l_jacobian=1.00 l_label=1.00 l_log_likelihood=0.20 l_smoothness=0.12 
tol=2.50e-01, dt=5.00e-02, exp_k=20.0, momentum=0.90, levels=6, niter=500, lbl_dist=10.00, avgs=16, sigma=2.0,type=2, relabel=0, neg=yes

blurring input image with Gaussian with sigma=2.000...
GCAMRegisterLevel(): init RMS 0.478354
#FOTS# QuadFit found better minimum quadopt=(dt=37.0656,rms=0.475307) vs oldopt=(dt=32,rms=0.475313)
iter 0, gcam->neg = 5
after 12 iterations, nbhd size=1, neg = 0
#GCMRL#  476 dt  37.065637 rms  0.475  0.614% neg 0  invalid 762 tFOTS 5.3750 tGradient 1.7870 tsec 14.1420
#FOTS# QuadFit found better minimum quadopt=(dt=38.4,rms=0.473008) vs oldopt=(dt=32,rms=0.473097)
iter 0, gcam->neg = 3
after 9 iterations, nbhd size=1, neg = 0
#GCMRL#  477 dt  38.400000 rms  0.473  0.507% neg 0  invalid 762 tFOTS 5.7410 tGradient 1.8040 tsec 13.2050
#FOTS# QuadFit found better minimum quadopt=(dt=25.6,rms=0.471366) vs oldopt=(dt=32,rms=0.471488)
iter 0, gcam->neg = 1
after 0 iterations, nbhd size=0, neg = 0
#GCMRL#  478 dt  25.600000 rms  0.471  0.348% neg 0  invalid 762 tFOTS 6.0350 tGradient 1.7940 tsec 9.2350
#FOTS# QuadFit found better minimum quadopt=(dt=38.4,rms=0.470041) vs oldopt=(dt=32,rms=0.470056)
iter 0, gcam->neg = 3
after 3 iterations, nbhd size=0, neg = 0
#GCMRL#  479 dt  38.400000 rms  0.470  0.279% neg 0  invalid 762 tFOTS 5.7450 tGradient 1.7350 tsec 10.3500
#FOTS# QuadFit found better minimum quadopt=(dt=25.6,rms=0.468882) vs oldopt=(dt=32,rms=0.468982)
iter 0, gcam->neg = 3
after 6 iterations, nbhd size=1, neg = 0
#GCMRL#  480 dt  25.600000 rms  0.469  0.000% neg 0  invalid 762 tFOTS 5.9430 tGradient 1.7370 tsec 11.8970
iter 0, gcam->neg = 2
after 1 iterations, nbhd size=0, neg = 0
#GCMRL#  481 dt  25.600000 rms  0.468  0.169% neg 0  invalid 762 tFOTS 0.0000 tGradient 1.7600 tsec 3.7120
iter 0, gcam->neg = 2
after 1 iterations, nbhd size=0, neg = 0
#GCMRL#  482 dt  25.600000 rms  0.467  0.263% neg 0  invalid 762 tFOTS 0.0000 tGradient 1.7400 tsec 3.6780
iter 0, gcam->neg = 13
after 11 iterations, nbhd size=1, neg = 0
#GCMRL#  483 dt  25.600000 rms  0.466  0.311% neg 0  invalid 762 tFOTS 0.0000 tGradient 1.5750 tsec 8.2690
iter 0, gcam->neg = 19
after 6 iterations, nbhd size=0, neg = 0
#GCMRL#  484 dt  25.600000 rms  0.464  0.283% neg 0  invalid 762 tFOTS 0.0000 tGradient 1.7390 tsec 6.1740
iter 0, gcam->neg = 23
after 9 iterations, nbhd size=0, neg = 0
#GCMRL#  485 dt  25.600000 rms  0.463  0.250% neg 0  invalid 762 tFOTS 0.0000 tGradient 1.5640 tsec 7.2320
iter 0, gcam->neg = 20
after 9 iterations, nbhd size=0, neg = 0
#GCMRL#  486 dt  25.600000 rms  0.462  0.246% neg 0  invalid 762 tFOTS 0.0000 tGradient 1.6110 tsec 7.4350
iter 0, gcam->neg = 31
after 21 iterations, nbhd size=1, neg = 0
#GCMRL#  487 dt  25.600000 rms  0.461  0.163% neg 0  invalid 762 tFOTS 0.0000 tGradient 1.6940 tsec 12.7330
iter 0, gcam->neg = 28
after 20 iterations, nbhd size=1, neg = 0
#GCMRL#  488 dt  25.600000 rms  0.461  0.080% neg 0  invalid 762 tFOTS 0.0000 tGradient 1.5290 tsec 12.1700
iter 0, gcam->neg = 55
after 15 iterations, nbhd size=1, neg = 0
#GCMRL#  489 dt  25.600000 rms  0.460  0.090% neg 0  invalid 762 tFOTS 0.0000 tGradient 1.4480 tsec 9.9550
iter 0, gcam->neg = 55
after 21 iterations, nbhd size=1, neg = 0
#GCMRL#  490 dt  25.600000 rms  0.460  0.026% neg 0  invalid 762 tFOTS 0.0000 tGradient 1.6760 tsec 13.0110
#FOTS# QuadFit found better minimum quadopt=(dt=19.2,rms=0.459978) vs oldopt=(dt=32,rms=0.460038)
#GCMRL#  491 dt  19.200000 rms  0.460  0.054% neg 0  invalid 762 tFOTS 5.7340 tGradient 1.6660 tsec 7.7810
#FOTS# QuadFit found better minimum quadopt=(dt=44.8,rms=0.459481) vs oldopt=(dt=32,rms=0.459549)
iter 0, gcam->neg = 5
after 2 iterations, nbhd size=0, neg = 0
#GCMRL#  492 dt  44.800000 rms  0.459  0.107% neg 0  invalid 762 tFOTS 5.2000 tGradient 1.6830 tsec 9.3250
#FOTS# QuadFit found better minimum quadopt=(dt=25.6,rms=0.45907) vs oldopt=(dt=32,rms=0.459103)
iter 0, gcam->neg = 6
after 2 iterations, nbhd size=0, neg = 0
#GCMRL#  493 dt  25.600000 rms  0.459  0.000% neg 0  invalid 762 tFOTS 5.7450 tGradient 1.6550 tsec 9.6950
iter 0, gcam->neg = 4
after 3 iterations, nbhd size=0, neg = 0
#GCMRL#  494 dt  25.600000 rms  0.459  0.067% neg 0  invalid 762 tFOTS 0.0000 tGradient 1.4450 tsec 4.2660
iter 0, gcam->neg = 6
after 2 iterations, nbhd size=0, neg = 0
#GCMRL#  495 dt  25.600000 rms  0.459  0.053% neg 0  invalid 762 tFOTS 0.0000 tGradient 1.4470 tsec 3.8420
iter 0, gcam->neg = 19
after 14 iterations, nbhd size=1, neg = 0

#GCAMreg# pass 0 level1 3 level2 1 tsec 197.223 sigma 0.5
l_jacobian=1.00 l_label=1.00 l_log_likelihood=0.20 l_smoothness=0.12 
tol=2.50e-01, dt=5.00e-02, exp_k=20.0, momentum=0.90, levels=6, niter=500, lbl_dist=10.00, avgs=16, sigma=0.5,type=2, relabel=0, neg=yes

blurring input image with Gaussian with sigma=0.500...
GCAMRegisterLevel(): init RMS 0.458877
#FOTS# QuadFit found better minimum quadopt=(dt=44.8,rms=0.455886) vs oldopt=(dt=32,rms=0.456081)
iter 0, gcam->neg = 7
after 9 iterations, nbhd size=0, neg = 0
#GCMRL#  497 dt  44.800000 rms  0.456  0.653% neg 0  invalid 762 tFOTS 5.1430 tGradient 1.5260 tsec 12.3810
#FOTS# QuadFit found better minimum quadopt=(dt=23.5789,rms=0.454968) vs oldopt=(dt=32,rms=0.455131)
iter 0, gcam->neg = 1
after 0 iterations, nbhd size=0, neg = 0
#GCMRL#  498 dt  23.578947 rms  0.455  0.000% neg 0  invalid 762 tFOTS 6.0550 tGradient 1.7370 tsec 8.9550
#GCMRL#  499 dt  23.578947 rms  0.455  0.084% neg 0  invalid 762 tFOTS 0.0000 tGradient 1.7110 tsec 2.0840
#GCMRL#  500 dt  23.578947 rms  0.454  0.140% neg 0  invalid 762 tFOTS 0.0000 tGradient 1.7390 tsec 2.1250
iter 0, gcam->neg = 2
after 1 iterations, nbhd size=0, neg = 0
#GCMRL#  501 dt  23.578947 rms  0.453  0.202% neg 0  invalid 762 tFOTS 0.0000 tGradient 1.7580 tsec 3.2820
iter 0, gcam->neg = 2
after 1 iterations, nbhd size=0, neg = 0
#GCMRL#  502 dt  23.578947 rms  0.452  0.121% neg 0  invalid 762 tFOTS 0.0000 tGradient 1.5160 tsec 2.9590
iter 0, gcam->neg = 8
after 6 iterations, nbhd size=0, neg = 0
#GCMRL#  503 dt  23.578947 rms  0.452  0.069% neg 0  invalid 762 tFOTS 0.0000 tGradient 1.6730 tsec 4.9370
#FOTS# QuadFit found better minimum quadopt=(dt=19.2,rms=0.451959) vs oldopt=(dt=32,rms=0.451998)
#GCMRL#  504 dt  19.200000 rms  0.452  0.000% neg 0  invalid 762 tFOTS 6.0590 tGradient 1.5110 tsec 8.0150
iter 0, gcam->neg = 3
after 0 iterations, nbhd size=0, neg = 0
#GCMRL#  505 dt  19.200000 rms  0.452  0.015% neg 0  invalid 762 tFOTS 0.0000 tGradient 1.6870 tsec 2.8210
#GCMRL#  506 dt  19.200000 rms  0.452  0.025% neg 0  invalid 762 tFOTS 0.0000 tGradient 1.7690 tsec 2.1590
iter 0, gcam->neg = 3
after 7 iterations, nbhd size=1, neg = 0
#GCMRL#  507 dt  19.200000 rms  0.452  0.034% neg 0  invalid 762 tFOTS 0.0000 tGradient 1.7710 tsec 5.5860
iter 0, gcam->neg = 3
after 1 iterations, nbhd size=0, neg = 0
#GCMRL#  508 dt  19.200000 rms  0.452  0.018% neg 0  invalid 762 tFOTS 0.0000 tGradient 1.6850 tsec 3.2070
iter 0, gcam->neg = 2
after 0 iterations, nbhd size=0, neg = 0
#GCMRL#  509 dt  19.200000 rms  0.451  0.020% neg 0  invalid 762 tFOTS 0.0000 tGradient 1.7240 tsec 2.8650
iter 0, gcam->neg = 5
after 6 iterations, nbhd size=0, neg = 0
setting smoothness cost coefficient to 0.400

#GCAMreg# pass 0 level1 2 level2 0 tsec 0 sigma 2
l_jacobian=1.00 l_label=1.00 l_log_likelihood=0.20 l_smoothness=0.40 
tol=2.50e-01, dt=5.00e-02, exp_k=20.0, momentum=0.90, levels=6, niter=500, lbl_dist=10.00, avgs=4, sigma=2.0,type=2, relabel=0, neg=yes

blurring input image with Gaussian with sigma=2.000...
GCAMRegisterLevel(): init RMS 0.458177
#FOTS# QuadFit found better minimum quadopt=(dt=0.000140625,rms=0.457595) vs oldopt=(dt=0.000175781,rms=0.457595)
#GCMRL#  511 dt   0.000141 rms  0.458  0.127% neg 0  invalid 762 tFOTS 7.1920 tGradient 1.4920 tsec 9.0340

#GCAMreg# pass 0 level1 2 level2 1 tsec 25.396 sigma 0.5
l_jacobian=1.00 l_label=1.00 l_log_likelihood=0.20 l_smoothness=0.40 
tol=2.50e-01, dt=5.00e-02, exp_k=20.0, momentum=0.90, levels=6, niter=500, lbl_dist=10.00, avgs=4, sigma=0.5,type=2, relabel=0, neg=yes

blurring input image with Gaussian with sigma=0.500...
GCAMRegisterLevel(): init RMS 0.458177
#FOTS# QuadFit found better minimum quadopt=(dt=2,rms=0.457545) vs oldopt=(dt=0.72,rms=0.457559)
iter 0, gcam->neg = 3
after 9 iterations, nbhd size=0, neg = 0
#GCMRL#  513 dt   2.000000 rms  0.458  0.136% neg 0  invalid 762 tFOTS 5.2240 tGradient 1.4300 tsec 10.9360
#FOTS# QuadFit found better minimum quadopt=(dt=1.008,rms=0.457525) vs oldopt=(dt=0.72,rms=0.457527)
iter 0, gcam->neg = 1
after 4 iterations, nbhd size=0, neg = 0
#GCMRL#  514 dt   1.008000 rms  0.458  0.000% neg 0  invalid 762 tFOTS 5.2570 tGradient 1.6750 tsec 9.4660
#GCMRL#  515 dt   1.008000 rms  0.458  0.001% neg 0  invalid 762 tFOTS 0.0000 tGradient 1.4310 tsec 1.7610
iter 0, gcam->neg = 1
after 0 iterations, nbhd size=0, neg = 0
setting smoothness cost coefficient to 1.000

#GCAMreg# pass 0 level1 1 level2 0 tsec 0 sigma 2
l_jacobian=1.00 l_label=1.00 l_log_likelihood=0.20 l_smoothness=1.00 
tol=2.50e-01, dt=5.00e-02, exp_k=20.0, momentum=0.90, levels=6, niter=500, lbl_dist=10.00, avgs=1, sigma=2.0,type=2, relabel=0, neg=yes

blurring input image with Gaussian with sigma=2.000...
GCAMRegisterLevel(): init RMS 0.469207
#FOTS# QuadFit found better minimum quadopt=(dt=0.768,rms=0.46821) vs oldopt=(dt=1.28,rms=0.468346)
#GCMRL#  517 dt   0.768000 rms  0.468  0.213% neg 0  invalid 762 tFOTS 5.2750 tGradient 1.4140 tsec 7.0340
#GCMRL#  518 dt   0.320000 rms  0.468  0.000% neg 0  invalid 762 tFOTS 5.3380 tGradient 1.4000 tsec 7.1090

#GCAMreg# pass 0 level1 1 level2 1 tsec 25.432 sigma 0.5
l_jacobian=1.00 l_label=1.00 l_log_likelihood=0.20 l_smoothness=1.00 
tol=2.50e-01, dt=5.00e-02, exp_k=20.0, momentum=0.90, levels=6, niter=500, lbl_dist=10.00, avgs=1, sigma=0.5,type=2, relabel=0, neg=yes

blurring input image with Gaussian with sigma=0.500...
GCAMRegisterLevel(): init RMS 0.468708
#GCMRL#  520 dt   1.280000 rms  0.467  0.273% neg 0  invalid 762 tFOTS 5.4490 tGradient 1.4010 tsec 7.1940
#FOTS# QuadFit found better minimum quadopt=(dt=0.448,rms=0.467324) vs oldopt=(dt=0.32,rms=0.467345)
#GCMRL#  521 dt   0.448000 rms  0.467  0.000% neg 0  invalid 762 tFOTS 5.1050 tGradient 1.3820 tsec 6.8490
#GCMRL#  522 dt   0.448000 rms  0.467  0.011% neg 0  invalid 762 tFOTS 0.0000 tGradient 1.4470 tsec 1.8300
resetting metric properties...
setting smoothness cost coefficient to 2.000

#GCAMreg# pass 0 level1 0 level2 0 tsec 0 sigma 2
l_jacobian=1.00 l_label=1.00 l_log_likelihood=0.20 l_smoothness=2.00 
tol=2.50e-01, dt=5.00e-02, exp_k=20.0, momentum=0.90, levels=6, niter=500, lbl_dist=10.00, avgs=0, sigma=2.0,type=2, relabel=0, neg=yes

blurring input image with Gaussian with sigma=2.000...
GCAMRegisterLevel(): init RMS 0.457324
#FOTS# QuadFit found better minimum quadopt=(dt=2.02143,rms=0.427084) vs oldopt=(dt=1.28,rms=0.431305)
iter 0, gcam->neg = 1123
after 17 iterations, nbhd size=1, neg = 0
#GCMRL#  524 dt   2.021429 rms  0.428  6.393% neg 0  invalid 762 tFOTS 5.7120 tGradient 0.9640 tsec 14.0640
#FOTS# QuadFit found better minimum quadopt=(dt=0.016,rms=0.428079) vs oldopt=(dt=0.02,rms=0.42808)
#GCMRL#  525 dt   0.016000 rms  0.428  0.000% neg 0  invalid 762 tFOTS 5.2280 tGradient 0.8620 tsec 6.4510

#GCAMreg# pass 0 level1 0 level2 1 tsec 31.406 sigma 0.5
l_jacobian=1.00 l_label=1.00 l_log_likelihood=0.20 l_smoothness=2.00 
tol=2.50e-01, dt=5.00e-02, exp_k=20.0, momentum=0.90, levels=6, niter=500, lbl_dist=10.00, avgs=0, sigma=0.5,type=2, relabel=0, neg=yes

blurring input image with Gaussian with sigma=0.500...
GCAMRegisterLevel(): init RMS 0.428773
#FOTS# QuadFit found better minimum quadopt=(dt=0.064,rms=0.427951) vs oldopt=(dt=0.08,rms=0.427966)
#GCMRL#  527 dt   0.064000 rms  0.428  0.192% neg 0  invalid 762 tFOTS 5.4050 tGradient 0.8820 tsec 6.6730
#GCMRL#  528 dt   0.050000 rms  0.428  0.000% neg 0  invalid 762 tFOTS 4.9220 tGradient 0.9520 tsec 6.2440
label assignment complete, 0 changed (0.00%)
GCAMregister done in 9.49545 min
Starting GCAMcomputeMaxPriorLabels()
Morphing with label term set to 0 *******************************
Starting GCAMregister()
label assignment complete, 0 changed (0.00%)
npasses = 1, nlevels = 6
#pass# 1 of 1 ************************
enabling zero nodes
setting smoothness cost coefficient to 0.008

#GCAMreg# pass 0 level1 5 level2 0 tsec 0 sigma 2
l_jacobian=1.00 l_log_likelihood=0.20 l_smoothness=0.01 
tol=2.50e-01, dt=5.00e-02, exp_k=20.0, momentum=0.90, levels=6, niter=500, lbl_dist=10.00, avgs=256, sigma=2.0,type=2, relabel=0, neg=yes

blurring input image with Gaussian with sigma=2.000...
GCAMRegisterLevel(): init RMS 0.413767

#GCAMreg# pass 0 level1 5 level2 1 tsec 15.616 sigma 0.5
l_jacobian=1.00 l_log_likelihood=0.20 l_smoothness=0.01 
tol=2.50e-01, dt=5.00e-02, exp_k=20.0, momentum=0.90, levels=6, niter=500, lbl_dist=10.00, avgs=256, sigma=0.5,type=2, relabel=0, neg=yes

blurring input image with Gaussian with sigma=0.500...
GCAMRegisterLevel(): init RMS 0.413767
#FOTS# QuadFit found better minimum quadopt=(dt=32.368,rms=0.413754) vs oldopt=(dt=23.12,rms=0.413755)
#GCMRL#  531 dt  32.368000 rms  0.414  0.003% neg 0  invalid 762 tFOTS 4.6600 tGradient 1.3680 tsec 6.3540
#FOTS# QuadFit found better minimum quadopt=(dt=8.092,rms=0.413754) vs oldopt=(dt=5.78,rms=0.413754)
#GCMRL#  532 dt   8.092000 rms  0.414  0.000% neg 0  invalid 762 tFOTS 5.0510 tGradient 1.2680 tsec 6.6630
#GCMRL#  533 dt   8.092000 rms  0.414  0.000% neg 0  invalid 762 tFOTS 0.0000 tGradient 1.2670 tsec 1.5630
setting smoothness cost coefficient to 0.031

#GCAMreg# pass 0 level1 4 level2 0 tsec 0 sigma 2
l_jacobian=1.00 l_log_likelihood=0.20 l_smoothness=0.03 
tol=2.50e-01, dt=5.00e-02, exp_k=20.0, momentum=0.90, levels=6, niter=500, lbl_dist=10.00, avgs=64, sigma=2.0,type=2, relabel=0, neg=yes

blurring input image with Gaussian with sigma=2.000...
GCAMRegisterLevel(): init RMS 0.413929

#GCAMreg# pass 0 level1 4 level2 1 tsec 15.917 sigma 0.5
l_jacobian=1.00 l_log_likelihood=0.20 l_smoothness=0.03 
tol=2.50e-01, dt=5.00e-02, exp_k=20.0, momentum=0.90, levels=6, niter=500, lbl_dist=10.00, avgs=64, sigma=0.5,type=2, relabel=0, neg=yes

blurring input image with Gaussian with sigma=0.500...
GCAMRegisterLevel(): init RMS 0.413929
#FOTS# QuadFit found better minimum quadopt=(dt=36.288,rms=0.413775) vs oldopt=(dt=25.92,rms=0.413806)
#GCMRL#  536 dt  36.288000 rms  0.414  0.037% neg 0  invalid 762 tFOTS 4.7120 tGradient 1.0600 tsec 6.1130
#FOTS# QuadFit found better minimum quadopt=(dt=124.416,rms=0.413561) vs oldopt=(dt=103.68,rms=0.41357)
#GCMRL#  537 dt 124.416000 rms  0.414  0.052% neg 0  invalid 762 tFOTS 4.7030 tGradient 1.3210 tsec 6.3680
#FOTS# QuadFit found better minimum quadopt=(dt=145.152,rms=0.413295) vs oldopt=(dt=103.68,rms=0.413346)
#GCMRL#  538 dt 145.152000 rms  0.413  0.064% neg 0  invalid 762 tFOTS 4.3900 tGradient 1.2790 tsec 5.9700
#GCMRL#  539 dt  25.920000 rms  0.413  0.000% neg 0  invalid 762 tFOTS 4.5720 tGradient 1.0570 tsec 5.9580
#GCMRL#  540 dt  25.920000 rms  0.413  0.002% neg 0  invalid 762 tFOTS 0.0000 tGradient 1.0920 tsec 1.3810
#GCMRL#  541 dt  25.920000 rms  0.413  0.003% neg 0  invalid 762 tFOTS 0.0000 tGradient 1.2910 tsec 1.6440
#GCMRL#  542 dt  25.920000 rms  0.413  0.005% neg 0  invalid 762 tFOTS 0.0000 tGradient 1.1050 tsec 1.3960
#GCMRL#  543 dt  25.920000 rms  0.413  0.011% neg 0  invalid 762 tFOTS 0.0000 tGradient 1.0290 tsec 1.3190
#GCMRL#  544 dt  25.920000 rms  0.413  0.016% neg 0  invalid 762 tFOTS 0.0000 tGradient 1.0300 tsec 1.3170
#GCMRL#  545 dt  25.920000 rms  0.413  0.017% neg 0  invalid 762 tFOTS 0.0000 tGradient 1.0350 tsec 1.3200
#GCMRL#  546 dt  25.920000 rms  0.413  0.015% neg 0  invalid 762 tFOTS 0.0000 tGradient 1.0430 tsec 1.3290
setting smoothness cost coefficient to 0.118

#GCAMreg# pass 0 level1 3 level2 0 tsec 0 sigma 2
l_jacobian=1.00 l_log_likelihood=0.20 l_smoothness=0.12 
tol=2.50e-01, dt=5.00e-02, exp_k=20.0, momentum=0.90, levels=6, niter=500, lbl_dist=10.00, avgs=16, sigma=2.0,type=2, relabel=0, neg=yes

blurring input image with Gaussian with sigma=2.000...
GCAMRegisterLevel(): init RMS 0.413651
#FOTS# QuadFit found better minimum quadopt=(dt=11.2,rms=0.413436) vs oldopt=(dt=8,rms=0.413463)
#GCMRL#  548 dt  11.200000 rms  0.413  0.052% neg 0  invalid 762 tFOTS 4.5670 tGradient 0.9650 tsec 5.8570
#FOTS# QuadFit found better minimum quadopt=(dt=11.2,rms=0.413355) vs oldopt=(dt=8,rms=0.41336)
iter 0, gcam->neg = 1
after 6 iterations, nbhd size=1, neg = 0
#GCMRL#  549 dt  11.200000 rms  0.413  0.000% neg 0  invalid 762 tFOTS 4.8440 tGradient 0.9630 tsec 9.0140
iter 0, gcam->neg = 3
after 1 iterations, nbhd size=0, neg = 0
#GCMRL#  550 dt  11.200000 rms  0.413  0.009% neg 0  invalid 762 tFOTS 0.0000 tGradient 0.9610 tsec 2.3920
iter 0, gcam->neg = 5
after 9 iterations, nbhd size=1, neg = 0

#GCAMreg# pass 0 level1 3 level2 1 tsec 32.001 sigma 0.5
l_jacobian=1.00 l_log_likelihood=0.20 l_smoothness=0.12 
tol=2.50e-01, dt=5.00e-02, exp_k=20.0, momentum=0.90, levels=6, niter=500, lbl_dist=10.00, avgs=16, sigma=0.5,type=2, relabel=0, neg=yes

blurring input image with Gaussian with sigma=0.500...
GCAMRegisterLevel(): init RMS 0.413325
#FOTS# QuadFit found better minimum quadopt=(dt=64.6598,rms=0.410753) vs oldopt=(dt=32,rms=0.411187)
iter 0, gcam->neg = 10
after 12 iterations, nbhd size=1, neg = 0
#GCMRL#  552 dt  64.659794 rms  0.411  0.615% neg 0  invalid 762 tFOTS 4.7460 tGradient 1.1690 tsec 11.2920
#FOTS# QuadFit found better minimum quadopt=(dt=21.9687,rms=0.409603) vs oldopt=(dt=32,rms=0.409909)
iter 0, gcam->neg = 4
after 2 iterations, nbhd size=0, neg = 0
#GCMRL#  553 dt  21.968652 rms  0.410  0.280% neg 0  invalid 762 tFOTS 4.6890 tGradient 1.1380 tsec 7.6320
#FOTS# QuadFit found better minimum quadopt=(dt=44.8,rms=0.409173) vs oldopt=(dt=32,rms=0.409201)
iter 0, gcam->neg = 6
after 1 iterations, nbhd size=0, neg = 0
#GCMRL#  554 dt  44.800000 rms  0.409  0.000% neg 0  invalid 762 tFOTS 4.6600 tGradient 0.9440 tsec 7.0820
iter 0, gcam->neg = 5
after 2 iterations, nbhd size=0, neg = 0
#GCMRL#  555 dt  44.800000 rms  0.409  0.069% neg 0  invalid 762 tFOTS 0.0000 tGradient 0.9440 tsec 2.7530
iter 0, gcam->neg = 14
after 11 iterations, nbhd size=1, neg = 0
#GCMRL#  556 dt  44.800000 rms  0.408  0.288% neg 0  invalid 762 tFOTS 0.0000 tGradient 0.9400 tsec 6.0240
iter 0, gcam->neg = 17
after 12 iterations, nbhd size=1, neg = 0
#GCMRL#  557 dt  44.800000 rms  0.407  0.191% neg 0  invalid 762 tFOTS 0.0000 tGradient 0.9440 tsec 6.4250
iter 0, gcam->neg = 25
after 18 iterations, nbhd size=1, neg = 0
#GCMRL#  558 dt  44.800000 rms  0.406  0.136% neg 0  invalid 762 tFOTS 0.0000 tGradient 0.9320 tsec 8.2770
iter 0, gcam->neg = 39
after 20 iterations, nbhd size=1, neg = 0
#GCMRL#  559 dt  44.800000 rms  0.405  0.231% neg 0  invalid 762 tFOTS 0.0000 tGradient 0.9270 tsec 8.9380
iter 0, gcam->neg = 54
after 8 iterations, nbhd size=0, neg = 0
#GCMRL#  560 dt  44.800000 rms  0.405  0.123% neg 0  invalid 762 tFOTS 0.0000 tGradient 0.9330 tsec 4.7440
iter 0, gcam->neg = 77
after 22 iterations, nbhd size=1, neg = 0
#GCMRL#  561 dt  44.800000 rms  0.405  0.009% neg 0  invalid 762 tFOTS 0.0000 tGradient 0.9270 tsec 9.7730
#FOTS# QuadFit found better minimum quadopt=(dt=11.2,rms=0.404655) vs oldopt=(dt=8,rms=0.404699)
iter 0, gcam->neg = 2
after 0 iterations, nbhd size=0, neg = 0
#GCMRL#  562 dt  11.200000 rms  0.405  0.061% neg 0  invalid 762 tFOTS 4.7030 tGradient 0.9200 tsec 6.6640
#FOTS# QuadFit found better minimum quadopt=(dt=11.2,rms=0.404624) vs oldopt=(dt=8,rms=0.404632)
#GCMRL#  563 dt  11.200000 rms  0.405  0.000% neg 0  invalid 762 tFOTS 4.7060 tGradient 0.9240 tsec 5.9730
iter 0, gcam->neg = 1
after 0 iterations, nbhd size=0, neg = 0
#GCMRL#  564 dt  11.200000 rms  0.405  0.004% neg 0  invalid 762 tFOTS 0.0000 tGradient 0.9350 tsec 1.9580
iter 0, gcam->neg = 2
after 3 iterations, nbhd size=0, neg = 0
#GCMRL#  565 dt  11.200000 rms  0.405  0.007% neg 0  invalid 762 tFOTS 0.0000 tGradient 0.9160 tsec 2.9750
iter 0, gcam->neg = 7
after 2 iterations, nbhd size=0, neg = 0
#GCMRL#  566 dt  11.200000 rms  0.405  0.008% neg 0  invalid 762 tFOTS 0.0000 tGradient 0.9320 tsec 2.6580
iter 0, gcam->neg = 10
after 5 iterations, nbhd size=0, neg = 0
#GCMRL#  567 dt  11.200000 rms  0.405  0.005% neg 0  invalid 762 tFOTS 0.0000 tGradient 0.9190 tsec 3.7390
iter 0, gcam->neg = 7
after 4 iterations, nbhd size=0, neg = 0
#GCMRL#  568 dt  11.200000 rms  0.404  0.019% neg 0  invalid 762 tFOTS 0.0000 tGradient 0.9290 tsec 3.3490
iter 0, gcam->neg = 14
after 9 iterations, nbhd size=0, neg = 0
setting smoothness cost coefficient to 0.400

#GCAMreg# pass 0 level1 2 level2 0 tsec 0 sigma 2
l_jacobian=1.00 l_log_likelihood=0.20 l_smoothness=0.40 
tol=2.50e-01, dt=5.00e-02, exp_k=20.0, momentum=0.90, levels=6, niter=500, lbl_dist=10.00, avgs=4, sigma=2.0,type=2, relabel=0, neg=yes

blurring input image with Gaussian with sigma=2.000...
GCAMRegisterLevel(): init RMS 0.408969
#FOTS# QuadFit found better minimum quadopt=(dt=1.728,rms=0.408915) vs oldopt=(dt=2.88,rms=0.408927)
iter 0, gcam->neg = 3
after 15 iterations, nbhd size=2, neg = 0

#GCAMreg# pass 0 level1 2 level2 1 tsec 21.53 sigma 0.5
l_jacobian=1.00 l_log_likelihood=0.20 l_smoothness=0.40 
tol=2.50e-01, dt=5.00e-02, exp_k=20.0, momentum=0.90, levels=6, niter=500, lbl_dist=10.00, avgs=4, sigma=0.5,type=2, relabel=0, neg=yes

blurring input image with Gaussian with sigma=0.500...
GCAMRegisterLevel(): init RMS 0.408969
#FOTS# QuadFit found better minimum quadopt=(dt=7.55862,rms=0.408501) vs oldopt=(dt=11.52,rms=0.408647)
iter 0, gcam->neg = 15
after 6 iterations, nbhd size=0, neg = 0
#GCMRL#  571 dt   7.558621 rms  0.409  0.109% neg 0  invalid 762 tFOTS 4.6320 tGradient 0.8550 tsec 8.6510
iter 0, gcam->neg = 21
after 9 iterations, nbhd size=0, neg = 0
#GCMRL#  572 dt  11.520000 rms  0.408  0.000% neg 0  invalid 762 tFOTS 4.7190 tGradient 0.8630 tsec 9.8420
iter 0, gcam->neg = 13
after 12 iterations, nbhd size=1, neg = 0
#GCMRL#  573 dt  11.520000 rms  0.408  0.113% neg 0  invalid 762 tFOTS 0.0000 tGradient 0.8530 tsec 6.0520
iter 0, gcam->neg = 33
after 18 iterations, nbhd size=1, neg = 0
#GCMRL#  574 dt  11.520000 rms  0.407  0.126% neg 0  invalid 762 tFOTS 0.0000 tGradient 0.8300 tsec 8.2780
iter 0, gcam->neg = 52
after 25 iterations, nbhd size=1, neg = 0
#GCMRL#  575 dt  11.520000 rms  0.407  0.121% neg 0  invalid 762 tFOTS 0.0000 tGradient 0.8510 tsec 10.7140
iter 0, gcam->neg = 89
after 19 iterations, nbhd size=1, neg = 0
#GCMRL#  576 dt  11.520000 rms  0.406  0.183% neg 0  invalid 762 tFOTS 0.0000 tGradient 0.8350 tsec 8.6370
iter 0, gcam->neg = 140
after 21 iterations, nbhd size=1, neg = 0
#GCMRL#  577 dt  11.520000 rms  0.405  0.207% neg 0  invalid 762 tFOTS 0.0000 tGradient 0.8400 tsec 9.3750
iter 0, gcam->neg = 217
after 33 iterations, nbhd size=2, neg = 0
#GCMRL#  578 dt  11.520000 rms  0.405 -0.128% neg 0  invalid 762 tFOTS 0.0000 tGradient 0.8530 tsec 13.8110
#FOTS# QuadFit found better minimum quadopt=(dt=13.2414,rms=0.404808) vs oldopt=(dt=11.52,rms=0.404812)
iter 0, gcam->neg = 56
after 23 iterations, nbhd size=1, neg = 0
setting smoothness cost coefficient to 1.000

#GCAMreg# pass 0 level1 1 level2 0 tsec 0 sigma 2
l_jacobian=1.00 l_log_likelihood=0.20 l_smoothness=1.00 
tol=2.50e-01, dt=5.00e-02, exp_k=20.0, momentum=0.90, levels=6, niter=500, lbl_dist=10.00, avgs=1, sigma=2.0,type=2, relabel=0, neg=yes

blurring input image with Gaussian with sigma=2.000...
GCAMRegisterLevel(): init RMS 0.411868
#GCMRL#  580 dt   0.000050 rms  0.412  0.000% neg 0  invalid 762 tFOTS 5.5610 tGradient 0.7690 tsec 6.6390

#GCAMreg# pass 0 level1 1 level2 1 tsec 22.525 sigma 0.5
l_jacobian=1.00 l_log_likelihood=0.20 l_smoothness=1.00 
tol=2.50e-01, dt=5.00e-02, exp_k=20.0, momentum=0.90, levels=6, niter=500, lbl_dist=10.00, avgs=1, sigma=0.5,type=2, relabel=0, neg=yes

blurring input image with Gaussian with sigma=0.500...
GCAMRegisterLevel(): init RMS 0.411868
#FOTS# QuadFit found better minimum quadopt=(dt=0,rms=0.411868) vs oldopt=(dt=0,rms=0.411868)
#GCMRL#  582 dt   0.100000 rms  0.412  0.000% neg 0  invalid 762 tFOTS 4.3560 tGradient 0.7850 tsec 5.4820
resetting metric properties...
setting smoothness cost coefficient to 2.000

#GCAMreg# pass 0 level1 0 level2 0 tsec 0 sigma 2
l_jacobian=1.00 l_log_likelihood=0.20 l_smoothness=2.00 
tol=2.50e-01, dt=5.00e-02, exp_k=20.0, momentum=0.90, levels=6, niter=500, lbl_dist=10.00, avgs=0, sigma=2.0,type=2, relabel=0, neg=yes

blurring input image with Gaussian with sigma=2.000...
GCAMRegisterLevel(): init RMS 0.400493
#FOTS# QuadFit found better minimum quadopt=(dt=0.940375,rms=0.392186) vs oldopt=(dt=1.28,rms=0.393376)
iter 0, gcam->neg = 812
after 24 iterations, nbhd size=1, neg = 0
#GCMRL#  584 dt   0.940375 rms  0.395  1.464% neg 0  invalid 762 tFOTS 4.8580 tGradient 0.3780 tsec 15.0630
#FOTS# QuadFit found better minimum quadopt=(dt=4e-05,rms=0.394629) vs oldopt=(dt=5e-05,rms=0.394629)
#GCMRL#  585 dt   0.000040 rms  0.395  0.000% neg 0  invalid 762 tFOTS 6.4430 tGradient 0.3770 tsec 7.1770

#GCAMreg# pass 0 level1 0 level2 1 tsec 33.506 sigma 0.5
l_jacobian=1.00 l_log_likelihood=0.20 l_smoothness=2.00 
tol=2.50e-01, dt=5.00e-02, exp_k=20.0, momentum=0.90, levels=6, niter=500, lbl_dist=10.00, avgs=0, sigma=0.5,type=2, relabel=0, neg=yes

blurring input image with Gaussian with sigma=0.500...
GCAMRegisterLevel(): init RMS 0.394629
#FOTS# QuadFit found better minimum quadopt=(dt=0.112,rms=0.394228) vs oldopt=(dt=0.08,rms=0.394303)
#GCMRL#  587 dt   0.112000 rms  0.394  0.102% neg 0  invalid 762 tFOTS 5.1460 tGradient 0.3700 tsec 5.8880
#FOTS# QuadFit found better minimum quadopt=(dt=0.256,rms=0.393836) vs oldopt=(dt=0.32,rms=0.393872)
#GCMRL#  588 dt   0.256000 rms  0.394  0.000% neg 0  invalid 762 tFOTS 5.3220 tGradient 0.3770 tsec 6.0490
#GCMRL#  589 dt   0.256000 rms  0.393  0.145% neg 0  invalid 762 tFOTS 0.0000 tGradient 0.3790 tsec 0.7330
iter 0, gcam->neg = 29
after 10 iterations, nbhd size=1, neg = 0
#GCMRL#  590 dt   0.256000 rms  0.393  0.106% neg 0  invalid 762 tFOTS 0.0000 tGradient 0.4240 tsec 5.2070
iter 0, gcam->neg = 97
after 14 iterations, nbhd size=1, neg = 0
#GCMRL#  591 dt   0.256000 rms  0.393 -0.093% neg 0  invalid 762 tFOTS 0.0000 tGradient 0.4320 tsec 6.9330
#FOTS# QuadFit found better minimum quadopt=(dt=0.448,rms=0.392253) vs oldopt=(dt=0.32,rms=0.392305)
iter 0, gcam->neg = 34
after 2 iterations, nbhd size=0, neg = 0
#GCMRL#  592 dt   0.448000 rms  0.392  0.145% neg 0  invalid 762 tFOTS 4.9200 tGradient 0.3790 tsec 7.2270
#FOTS# QuadFit found better minimum quadopt=(dt=0.384,rms=0.391703) vs oldopt=(dt=0.32,rms=0.391734)
iter 0, gcam->neg = 4
after 0 iterations, nbhd size=0, neg = 0
#GCMRL#  593 dt   0.384000 rms  0.392  0.147% neg 0  invalid 762 tFOTS 5.1490 tGradient 0.4040 tsec 6.6280
#FOTS# QuadFit found better minimum quadopt=(dt=0.256,rms=0.391487) vs oldopt=(dt=0.32,rms=0.391495)
GCAMregister done in 7.4517 min
writing output transformation to transforms/talairach.m3z...
GCAMwrite
Calls to gcamLogLikelihoodEnergy 4734 tmin = 2.2152
Calls to gcamLabelEnergy         4069 tmin = 1.60775
Calls to gcamJacobianEnergy      4734 tmin = 1.1851
Calls to gcamSmoothnessEnergy    4734 tmin = 6.01455
Calls to gcamLogLikelihoodTerm 595 tmin = 1.07108
Calls to gcamLabelTerm         530 tmin = 6.10922
Calls to gcamJacobianTerm      595 tmin = 1.39423
Calls to gcamSmoothnessTerm    595 tmin = 0.558367
Calls to gcamComputeGradient    595 tmin = 19.0111
Calls to gcamComputeMetricProperties    7048 tmin = 3.10298
mri_ca_register took 0 hours, 55 minutes and 9 seconds.
#VMPC# mri_ca_register VmPeak  3124680
FSRUNTIME@ mri_ca_register  0.9193 hours 16 threads
#--------------------------------------
#@# SubCort Seg Tue Mar 10 06:45:15 CET 2026

 mri_ca_label -relabel_unlikely 9 .3 -prior 0.5 -align norm.mgz transforms/talairach.m3z /opt/freesurfer/average/RB_all_2020-01-02.gca aseg.auto_noCCseg.mgz 

sysname  Linux
hostname dna029
machine  x86_64

setenv SUBJECTS_DIR /out/sourcedata/freesurfer
cd /out/sourcedata/freesurfer/sub-v1s6x0051321_ses-1/mri
mri_ca_label -relabel_unlikely 9 .3 -prior 0.5 -align norm.mgz transforms/talairach.m3z /opt/freesurfer/average/RB_all_2020-01-02.gca aseg.auto_noCCseg.mgz 

relabeling unlikely voxels with window_size = 9 and prior threshold 0.30
using Gibbs prior factor = 0.500
renormalizing sequences with structure alignment, equivalent to:
	-renormalize
	-renormalize_mean 0.500
	-regularize 0.500

== Number of threads available to for OpenMP = 16 == 
reading 1 input volumes
reading classifier array from /opt/freesurfer/average/RB_all_2020-01-02.gca
reading input volume from norm.mgz
average std[0] = 7.2
reading transform from transforms/talairach.m3z
setting orig areas to linear transform determinant scaled 6.33
Atlas used for the 3D morph was /opt/freesurfer/average/RB_all_2020-01-02.gca
average std = 7.2   using min determinant for regularization = 5.2
0 singular and 0 ill-conditioned covariance matrices regularized
labeling volume...
renormalizing by structure alignment....
renormalizing input #0
gca peak = 0.15521 (20)
mri peak = 0.12904 (17)
Left_Lateral_Ventricle (4): linear fit = 0.81 x + 0.0 (924 voxels, overlap=0.801)
Left_Lateral_Ventricle (4): linear fit = 0.81 x + 0.0 (924 voxels, peak = 16), gca=16.3
gca peak = 0.20380 (13)
mri peak = 0.12029 (22)
Right_Lateral_Ventricle (43): linear fit = 1.60 x + 0.0 (981 voxels, overlap=0.937)
Right_Lateral_Ventricle (43): linear fit = 1.50 x + 0.0 (981 voxels, peak = 21), gca=19.5
gca peak = 0.26283 (96)
mri peak = 0.13551 (103)
Right_Pallidum (52): linear fit = 1.09 x + 0.0 (609 voxels, overlap=0.031)
Right_Pallidum (52): linear fit = 1.09 x + 0.0 (609 voxels, peak = 104), gca=104.2
gca peak = 0.15814 (97)
mri peak = 0.16465 (104)
Left_Pallidum (13): linear fit = 1.10 x + 0.0 (601 voxels, overlap=0.017)
Left_Pallidum (13): linear fit = 1.10 x + 0.0 (601 voxels, peak = 106), gca=106.2
gca peak = 0.27624 (56)
mri peak = 0.13220 (67)
Right_Hippocampus (53): linear fit = 1.15 x + 0.0 (1113 voxels, overlap=0.072)
Right_Hippocampus (53): linear fit = 1.15 x + 0.0 (1113 voxels, peak = 65), gca=64.7
gca peak = 0.28723 (59)
mri peak = 0.10538 (65)
Left_Hippocampus (17): linear fit = 1.12 x + 0.0 (938 voxels, overlap=0.426)
Left_Hippocampus (17): linear fit = 1.12 x + 0.0 (938 voxels, peak = 66), gca=65.8
gca peak = 0.07623 (103)
mri peak = 0.10194 (106)
Right_Cerebral_White_Matter (41): linear fit = 1.07 x + 0.0 (41104 voxels, overlap=0.569)
Right_Cerebral_White_Matter (41): linear fit = 1.07 x + 0.0 (41104 voxels, peak = 110), gca=109.7
gca peak = 0.07837 (105)
mri peak = 0.11530 (108)
Left_Cerebral_White_Matter (2): linear fit = 1.03 x + 0.0 (49766 voxels, overlap=0.474)
Left_Cerebral_White_Matter (2): linear fit = 1.03 x + 0.0 (49766 voxels, peak = 109), gca=108.7
gca peak = 0.10165 (58)
mri peak = 0.04332 (56)
Left_Cerebral_Cortex (3): linear fit = 1.02 x + 0.0 (20687 voxels, overlap=0.985)
Left_Cerebral_Cortex (3): linear fit = 1.02 x + 0.0 (20687 voxels, peak = 59), gca=59.4
gca peak = 0.11113 (58)
mri peak = 0.03873 (63)
Right_Cerebral_Cortex (42): linear fit = 1.02 x + 0.0 (24161 voxels, overlap=0.947)
Right_Cerebral_Cortex (42): linear fit = 1.02 x + 0.0 (24161 voxels, peak = 59), gca=59.4
gca peak = 0.27796 (67)
mri peak = 0.15406 (81)
Right_Caudate (50): linear fit = 1.20 x + 0.0 (714 voxels, overlap=0.021)
Right_Caudate (50): linear fit = 1.20 x + 0.0 (714 voxels, peak = 80), gca=80.1
gca peak = 0.14473 (69)
mri peak = 0.16575 (85)
Left_Caudate (11): linear fit = 1.15 x + 0.0 (724 voxels, overlap=0.122)
Left_Caudate (11): linear fit = 1.15 x + 0.0 (724 voxels, peak = 80), gca=79.7
gca peak = 0.14301 (56)
mri peak = 0.04899 (63)
Left_Cerebellum_Cortex (8): linear fit = 1.12 x + 0.0 (19265 voxels, overlap=0.872)
Left_Cerebellum_Cortex (8): linear fit = 1.12 x + 0.0 (19265 voxels, peak = 62), gca=62.4
gca peak = 0.14610 (55)
mri peak = 0.05302 (67)
Right_Cerebellum_Cortex (47): linear fit = 1.15 x + 0.0 (24021 voxels, overlap=0.637)
Right_Cerebellum_Cortex (47): linear fit = 1.15 x + 0.0 (24021 voxels, peak = 64), gca=63.5
gca peak = 0.16309 (85)
mri peak = 0.15248 (91)
Left_Cerebellum_White_Matter (7): linear fit = 1.09 x + 0.0 (5334 voxels, overlap=0.121)
Left_Cerebellum_White_Matter (7): linear fit = 1.09 x + 0.0 (5334 voxels, peak = 92), gca=92.2
gca peak = 0.15172 (84)
mri peak = 0.15149 (91)
Right_Cerebellum_White_Matter (46): linear fit = 1.09 x + 0.0 (5479 voxels, overlap=0.214)
Right_Cerebellum_White_Matter (46): linear fit = 1.09 x + 0.0 (5479 voxels, peak = 91), gca=91.1
gca peak = 0.30461 (58)
mri peak = 0.14000 (68)
Left_Amygdala (18): linear fit = 1.18 x + 0.0 (398 voxels, overlap=0.045)
Left_Amygdala (18): linear fit = 1.18 x + 0.0 (398 voxels, peak = 69), gca=68.7
gca peak = 0.32293 (57)
mri peak = 0.11642 (73)
Right_Amygdala (54): linear fit = 1.24 x + 0.0 (478 voxels, overlap=0.047)
Right_Amygdala (54): linear fit = 1.24 x + 0.0 (478 voxels, peak = 70), gca=70.4
gca peak = 0.11083 (90)
mri peak = 0.06977 (87)
Left_Thalamus (10): linear fit = 1.01 x + 0.0 (4135 voxels, overlap=0.979)
Left_Thalamus (10): linear fit = 1.01 x + 0.0 (4135 voxels, peak = 91), gca=91.3
gca peak = 0.11393 (83)
mri peak = 0.07554 (87)
Right_Thalamus (49): linear fit = 1.04 x + 0.0 (3917 voxels, overlap=0.923)
Right_Thalamus (49): linear fit = 1.04 x + 0.0 (3917 voxels, peak = 87), gca=86.7
gca peak = 0.08575 (81)
mri peak = 0.09426 (93)
Left_Putamen (12): linear fit = 1.16 x + 0.0 (1695 voxels, overlap=0.222)
Left_Putamen (12): linear fit = 1.16 x + 0.0 (1695 voxels, peak = 94), gca=94.4
gca peak = 0.08618 (78)
mri peak = 0.08655 (93)
Right_Putamen (51): linear fit = 1.16 x + 0.0 (2004 voxels, overlap=0.118)
Right_Putamen (51): linear fit = 1.16 x + 0.0 (2004 voxels, peak = 91), gca=90.9
gca peak = 0.08005 (78)
mri peak = 0.10238 (87)
Brain_Stem (16): linear fit = 1.08 x + 0.0 (12406 voxels, overlap=0.429)
Brain_Stem (16): linear fit = 1.08 x + 0.0 (12406 voxels, peak = 84), gca=83.9
gca peak = 0.12854 (88)
mri peak = 0.10032 (97)
Right_VentralDC (60): linear fit = 1.08 x + 0.0 (1301 voxels, overlap=0.425)
Right_VentralDC (60): linear fit = 1.08 x + 0.0 (1301 voxels, peak = 95), gca=94.6
gca peak = 0.15703 (87)
mri peak = 0.09589 (97)
Left_VentralDC (28): linear fit = 1.11 x + 0.0 (1284 voxels, overlap=0.604)
Left_VentralDC (28): linear fit = 1.11 x + 0.0 (1284 voxels, peak = 96), gca=96.1
gca peak = 0.17522 (25)
mri peak = 0.24324 (21)
gca peak = 0.17113 (14)
mri peak = 0.15912 (19)
Fourth_Ventricle (15): linear fit = 1.03 x + 0.0 (531 voxels, overlap=0.809)
Fourth_Ventricle (15): linear fit = 1.03 x + 0.0 (531 voxels, peak = 14), gca=14.5
gca peak Unknown = 0.94777 ( 0)
gca peak Left_Inf_Lat_Vent = 0.16627 (28)
gca peak Third_Ventricle = 0.17522 (25)
gca peak CSF = 0.20346 (36)
gca peak Left_Accumbens_area = 0.70646 (62)
gca peak Left_undetermined = 1.00000 (28)
gca peak Left_vessel = 0.89917 (53)
gca peak Left_choroid_plexus = 0.11689 (35)
gca peak Right_Inf_Lat_Vent = 0.25504 (23)
gca peak Right_Accumbens_area = 0.31650 (65)
gca peak Right_vessel = 0.77268 (52)
gca peak Right_choroid_plexus = 0.13275 (38)
gca peak Fifth_Ventricle = 0.60973 (33)
gca peak WM_hypointensities = 0.11013 (77)
gca peak non_WM_hypointensities = 0.11354 (41)
gca peak Optic_Chiasm = 0.51646 (76)
not using caudate to estimate GM means
estimating mean gm scale to be 1.12 x + 0.0
estimating mean wm scale to be 1.05 x + 0.0
estimating mean csf scale to be 1.12 x + 0.0
Left_Pallidum too bright - rescaling by 0.997 (from 1.095) to 105.9 (was 106.2)
saving intensity scales to aseg.auto_noCCseg.label_intensities.txt
renormalizing by structure alignment....
renormalizing input #0
gca peak = 0.19065 (15)
mri peak = 0.12904 (17)
Left_Lateral_Ventricle (4): linear fit = 1.03 x + 0.0 (924 voxels, overlap=0.948)
Left_Lateral_Ventricle (4): linear fit = 1.03 x + 0.0 (924 voxels, peak = 16), gca=15.5
gca peak = 0.16078 (19)
mri peak = 0.12029 (22)
Right_Lateral_Ventricle (43): linear fit = 1.09 x + 0.0 (981 voxels, overlap=0.620)
Right_Lateral_Ventricle (43): linear fit = 1.09 x + 0.0 (981 voxels, peak = 21), gca=20.6
gca peak = 0.28316 (104)
mri peak = 0.13551 (103)
Right_Pallidum (52): linear fit = 1.00 x + 0.0 (609 voxels, overlap=1.004)
Right_Pallidum (52): linear fit = 1.00 x + 0.0 (609 voxels, peak = 105), gca=104.5
gca peak = 0.15922 (103)
mri peak = 0.16465 (104)
Left_Pallidum (13): linear fit = 1.00 x + 0.0 (601 voxels, overlap=0.969)
Left_Pallidum (13): linear fit = 1.00 x + 0.0 (601 voxels, peak = 103), gca=103.0
gca peak = 0.24392 (64)
mri peak = 0.13220 (67)
Right_Hippocampus (53): linear fit = 1.01 x + 0.0 (1113 voxels, overlap=1.001)
Right_Hippocampus (53): linear fit = 1.01 x + 0.0 (1113 voxels, peak = 65), gca=65.0
gca peak = 0.32039 (63)
mri peak = 0.10538 (65)
Left_Hippocampus (17): linear fit = 1.00 x + 0.0 (938 voxels, overlap=1.008)
Left_Hippocampus (17): linear fit = 1.00 x + 0.0 (938 voxels, peak = 63), gca=63.0
gca peak = 0.07336 (110)
mri peak = 0.10194 (106)
Right_Cerebral_White_Matter (41): linear fit = 1.00 x + 0.0 (41104 voxels, overlap=0.825)
Right_Cerebral_White_Matter (41): linear fit = 1.00 x + 0.0 (41104 voxels, peak = 109), gca=109.4
gca peak = 0.07603 (108)
mri peak = 0.11530 (108)
Left_Cerebral_White_Matter (2): linear fit = 1.00 x + 0.0 (49766 voxels, overlap=0.640)
Left_Cerebral_White_Matter (2): linear fit = 1.00 x + 0.0 (49766 voxels, peak = 108), gca=108.0
gca peak = 0.09344 (59)
mri peak = 0.04332 (56)
Left_Cerebral_Cortex (3): linear fit = 0.96 x + 0.0 (20687 voxels, overlap=0.968)
Left_Cerebral_Cortex (3): linear fit = 0.96 x + 0.0 (20687 voxels, peak = 57), gca=56.9
gca peak = 0.11120 (60)
mri peak = 0.03873 (63)
Right_Cerebral_Cortex (42): linear fit = 1.02 x + 0.0 (24161 voxels, overlap=0.963)
Right_Cerebral_Cortex (42): linear fit = 1.02 x + 0.0 (24161 voxels, peak = 62), gca=61.5
gca peak = 0.21350 (80)
mri peak = 0.15406 (81)
Right_Caudate (50): linear fit = 1.01 x + 0.0 (714 voxels, overlap=1.001)
Right_Caudate (50): linear fit = 1.01 x + 0.0 (714 voxels, peak = 81), gca=81.2
gca peak = 0.13923 (79)
mri peak = 0.16575 (85)
Left_Caudate (11): linear fit = 1.00 x + 0.0 (724 voxels, overlap=0.913)
Left_Caudate (11): linear fit = 1.00 x + 0.0 (724 voxels, peak = 79), gca=79.0
gca peak = 0.12659 (62)
mri peak = 0.04899 (63)
Left_Cerebellum_Cortex (8): linear fit = 0.99 x + 0.0 (19265 voxels, overlap=0.999)
Left_Cerebellum_Cortex (8): linear fit = 0.99 x + 0.0 (19265 voxels, peak = 61), gca=61.1
gca peak = 0.13331 (64)
mri peak = 0.05302 (67)
Right_Cerebellum_Cortex (47): linear fit = 1.02 x + 0.0 (24021 voxels, overlap=0.996)
Right_Cerebellum_Cortex (47): linear fit = 1.02 x + 0.0 (24021 voxels, peak = 66), gca=65.6
gca peak = 0.14916 (92)
mri peak = 0.15248 (91)
Left_Cerebellum_White_Matter (7): linear fit = 1.00 x + 0.0 (5334 voxels, overlap=0.864)
Left_Cerebellum_White_Matter (7): linear fit = 1.00 x + 0.0 (5334 voxels, peak = 92), gca=91.5
gca peak = 0.14783 (91)
mri peak = 0.15149 (91)
Right_Cerebellum_White_Matter (46): linear fit = 1.00 x + 0.0 (5479 voxels, overlap=0.862)
Right_Cerebellum_White_Matter (46): linear fit = 1.00 x + 0.0 (5479 voxels, peak = 91), gca=90.5
gca peak = 0.24101 (69)
mri peak = 0.14000 (68)
Left_Amygdala (18): linear fit = 1.00 x + 0.0 (398 voxels, overlap=1.004)
Left_Amygdala (18): linear fit = 1.00 x + 0.0 (398 voxels, peak = 69), gca=69.0
gca peak = 0.26088 (71)
mri peak = 0.11642 (73)
Right_Amygdala (54): linear fit = 1.01 x + 0.0 (478 voxels, overlap=0.998)
Right_Amygdala (54): linear fit = 1.01 x + 0.0 (478 voxels, peak = 72), gca=72.1
gca peak = 0.10971 (91)
mri peak = 0.06977 (87)
Left_Thalamus (10): linear fit = 1.00 x + 0.0 (4135 voxels, overlap=0.971)
Left_Thalamus (10): linear fit = 1.00 x + 0.0 (4135 voxels, peak = 91), gca=90.5
gca peak = 0.09468 (86)
mri peak = 0.07554 (87)
Right_Thalamus (49): linear fit = 1.00 x + 0.0 (3917 voxels, overlap=0.990)
Right_Thalamus (49): linear fit = 1.00 x + 0.0 (3917 voxels, peak = 86), gca=85.6
gca peak = 0.07073 (93)
mri peak = 0.09426 (93)
Left_Putamen (12): linear fit = 0.99 x + 0.0 (1695 voxels, overlap=0.849)
Left_Putamen (12): linear fit = 0.99 x + 0.0 (1695 voxels, peak = 92), gca=91.6
gca peak = 0.07542 (90)
mri peak = 0.08655 (93)
Right_Putamen (51): linear fit = 1.00 x + 0.0 (2004 voxels, overlap=0.845)
Right_Putamen (51): linear fit = 1.00 x + 0.0 (2004 voxels, peak = 90), gca=89.6
gca peak = 0.08289 (84)
mri peak = 0.10238 (87)
Brain_Stem (16): linear fit = 1.00 x + 0.0 (12406 voxels, overlap=0.735)
Brain_Stem (16): linear fit = 1.00 x + 0.0 (12406 voxels, peak = 84), gca=83.6
gca peak = 0.12711 (96)
mri peak = 0.10032 (97)
Right_VentralDC (60): linear fit = 1.00 x + 0.0 (1301 voxels, overlap=0.791)
Right_VentralDC (60): linear fit = 1.00 x + 0.0 (1301 voxels, peak = 96), gca=95.5
gca peak = 0.15520 (96)
mri peak = 0.09589 (97)
Left_VentralDC (28): linear fit = 1.00 x + 0.0 (1284 voxels, overlap=0.925)
Left_VentralDC (28): linear fit = 1.00 x + 0.0 (1284 voxels, peak = 96), gca=96.5
gca peak = 0.14268 (29)
mri peak = 0.24324 (21)
gca peak = 0.18756 (15)
mri peak = 0.15912 (19)
Fourth_Ventricle (15): linear fit = 1.03 x + 0.0 (531 voxels, overlap=0.796)
Fourth_Ventricle (15): linear fit = 1.03 x + 0.0 (531 voxels, peak = 16), gca=15.5
gca peak Unknown = 0.94777 ( 0)
gca peak Left_Inf_Lat_Vent = 0.19959 (31)
gca peak Third_Ventricle = 0.14268 (29)
gca peak CSF = 0.24044 (40)
gca peak Left_Accumbens_area = 0.49603 (72)
gca peak Left_undetermined = 1.00000 (28)
gca peak Left_vessel = 0.89917 (53)
gca peak Left_choroid_plexus = 0.11538 (35)
gca peak Right_Inf_Lat_Vent = 0.24870 (27)
gca peak Right_Accumbens_area = 0.41049 (77)
gca peak Right_vessel = 0.77268 (52)
gca peak Right_choroid_plexus = 0.13288 (38)
gca peak Fifth_Ventricle = 0.78848 (36)
gca peak WM_hypointensities = 0.10671 (80)
gca peak non_WM_hypointensities = 0.11377 (43)
gca peak Optic_Chiasm = 0.61279 (76)
not using caudate to estimate GM means
estimating mean gm scale to be 1.00 x + 0.0
estimating mean wm scale to be 1.00 x + 0.0
estimating mean csf scale to be 1.05 x + 0.0
saving intensity scales to aseg.auto_noCCseg.label_intensities.txt
saving sequentially combined intensity scales to aseg.auto_noCCseg.label_intensities.txt
41018 voxels changed in iteration 0 of unlikely voxel relabeling
196 voxels changed in iteration 1 of unlikely voxel relabeling
4 voxels changed in iteration 2 of unlikely voxel relabeling
0 voxels changed in iteration 3 of unlikely voxel relabeling
28163 gm and wm labels changed (%22 to gray, %78 to white out of all changed labels)
267 hippocampal voxels changed.
0 amygdala voxels changed.
Reclassifying using Gibbs Priors
pass 1: 52546 changed. image ll: -2.069, PF=0.500
pass 2: 13428 changed. image ll: -2.068, PF=0.500
pass 3: 3996 changed.
26420 voxels changed in iteration 0 of unlikely voxel relabeling
200 voxels changed in iteration 1 of unlikely voxel relabeling
0 voxels changed in iteration 2 of unlikely voxel relabeling
5302 voxels changed in iteration 0 of unlikely voxel relabeling
92 voxels changed in iteration 1 of unlikely voxel relabeling
12 voxels changed in iteration 2 of unlikely voxel relabeling
0 voxels changed in iteration 3 of unlikely voxel relabeling
5004 voxels changed in iteration 0 of unlikely voxel relabeling
55 voxels changed in iteration 1 of unlikely voxel relabeling
3 voxels changed in iteration 2 of unlikely voxel relabeling
0 voxels changed in iteration 3 of unlikely voxel relabeling
4119 voxels changed in iteration 0 of unlikely voxel relabeling
22 voxels changed in iteration 1 of unlikely voxel relabeling
1 voxels changed in iteration 2 of unlikely voxel relabeling
1 voxels changed in iteration 3 of unlikely voxel relabeling
0 voxels changed in iteration 4 of unlikely voxel relabeling
 !!!!!!!!! ventricle segment 0 with volume 4767 above threshold 100 - not erasing !!!!!!!!!!
 !!!!!!!!! ventricle segment 2 with volume 339 above threshold 100 - not erasing !!!!!!!!!!
 !!!!!!!!! ventricle segment 0 with volume 5741 above threshold 100 - not erasing !!!!!!!!!!
 !!!!!!!!! ventricle segment 1 with volume 328 above threshold 100 - not erasing !!!!!!!!!!
writing labeled volume to aseg.auto_noCCseg.mgz
mri_ca_label utimesec    1696.992039
mri_ca_label stimesec    3.700406
mri_ca_label ru_maxrss   2131468
mri_ca_label ru_ixrss    0
mri_ca_label ru_idrss    0
mri_ca_label ru_isrss    0
mri_ca_label ru_minflt   5521992
mri_ca_label ru_majflt   20
mri_ca_label ru_nswap    0
mri_ca_label ru_inblock  1142
mri_ca_label ru_oublock  624
mri_ca_label ru_msgsnd   0
mri_ca_label ru_msgrcv   0
mri_ca_label ru_nsignals 0
mri_ca_label ru_nvcsw    5064
mri_ca_label ru_nivcsw   2418
auto-labeling took 26 minutes and 36 seconds.
#--------------------------------------
#@# CC Seg Tue Mar 10 07:11:51 CET 2026

 mri_cc -aseg aseg.auto_noCCseg.mgz -o aseg.auto.mgz -lta /out/sourcedata/freesurfer/sub-v1s6x0051321_ses-1/mri/transforms/cc_up.lta sub-v1s6x0051321_ses-1 

will read input aseg from aseg.auto_noCCseg.mgz
writing aseg with cc labels to aseg.auto.mgz
will write lta as /out/sourcedata/freesurfer/sub-v1s6x0051321_ses-1/mri/transforms/cc_up.lta
reading aseg from /out/sourcedata/freesurfer/sub-v1s6x0051321_ses-1/mri/aseg.auto_noCCseg.mgz
reading norm from /out/sourcedata/freesurfer/sub-v1s6x0051321_ses-1/mri/norm.mgz
35623 voxels in left wm, 71347 in right wm, xrange [121, 135]
searching rotation angles z=[-9  5], y=[-12  2]
searching scale 1 Z rot -8.7  searching scale 1 Z rot -8.5  searching scale 1 Z rot -8.2  searching scale 1 Z rot -8.0  searching scale 1 Z rot -7.7  searching scale 1 Z rot -7.5  searching scale 1 Z rot -7.2  searching scale 1 Z rot -7.0  searching scale 1 Z rot -6.7  searching scale 1 Z rot -6.5  searching scale 1 Z rot -6.2  searching scale 1 Z rot -6.0  searching scale 1 Z rot -5.7  searching scale 1 Z rot -5.5  searching scale 1 Z rot -5.2  searching scale 1 Z rot -5.0  searching scale 1 Z rot -4.7  searching scale 1 Z rot -4.5  searching scale 1 Z rot -4.2  searching scale 1 Z rot -4.0  searching scale 1 Z rot -3.7  searching scale 1 Z rot -3.5  searching scale 1 Z rot -3.2  searching scale 1 Z rot -3.0  searching scale 1 Z rot -2.7  searching scale 1 Z rot -2.5  searching scale 1 Z rot -2.2  searching scale 1 Z rot -2.0  searching scale 1 Z rot -1.7  searching scale 1 Z rot -1.5  searching scale 1 Z rot -1.2  searching scale 1 Z rot -1.0  searching scale 1 Z rot -0.7  searching scale 1 Z rot -0.5  searching scale 1 Z rot -0.2  searching scale 1 Z rot 0.0  searching scale 1 Z rot 0.3  searching scale 1 Z rot 0.5  searching scale 1 Z rot 0.8  searching scale 1 Z rot 1.0  searching scale 1 Z rot 1.3  searching scale 1 Z rot 1.5  searching scale 1 Z rot 1.8  searching scale 1 Z rot 2.0  searching scale 1 Z rot 2.3  searching scale 1 Z rot 2.5  searching scale 1 Z rot 2.8  searching scale 1 Z rot 3.0  searching scale 1 Z rot 3.3  searching scale 1 Z rot 3.5  searching scale 1 Z rot 3.8  searching scale 1 Z rot 4.0  searching scale 1 Z rot 4.3  searching scale 1 Z rot 4.5  searching scale 1 Z rot 4.8  searching scale 1 Z rot 5.0  global minimum found at slice 129.7, rotations (-4.89, -1.71)
final transformation (x=129.7, yr=-4.888, zr=-1.706):
 0.99592   0.02978  -0.08518   5.95206;
-0.02967   0.99956   0.00254   47.59850;
 0.08522   0.00000   0.99636   4.35833;
 0.00000   0.00000   0.00000   1.00000;
updating x range to be [126, 131] in xformed coordinates
best xformed slice 128
min_x_fornix = 140
min_x_fornix = 142
WARNING: min_x_fornix not set
WARNING: min_x_fornix not set
min_x_fornix = 139
cc center is found at 128 84 113
eigenvectors:
 0.00082  -0.00240   1.00000;
-0.00907  -0.99996  -0.00239;
 0.99996  -0.00907  -0.00084;
writing aseg with callosum to /out/sourcedata/freesurfer/sub-v1s6x0051321_ses-1/mri/aseg.auto.mgz...
corpus callosum segmentation took 0.7 minutes
#VMPC# mri_cc VmPeak  554320
mri_cc done
#--------------------------------------
#@# Merge ASeg Tue Mar 10 07:12:30 CET 2026

 cp aseg.auto.mgz aseg.presurf.mgz 

#--------------------------------------------
#@# Intensity Normalization2 Tue Mar 10 07:12:30 CET 2026
/out/sourcedata/freesurfer/sub-v1s6x0051321_ses-1/mri

 mri_normalize -seed 1234 -mprage -aseg aseg.presurf.mgz -mask brainmask.mgz norm.mgz brain.mgz 

setting seed for random number genererator to 1234
assuming input volume is MGH (Van der Kouwe) MP-RAGE
using segmentation for initial intensity normalization
using MR volume brainmask.mgz to mask input volume...
reading mri_src from norm.mgz...
Reading aseg aseg.presurf.mgz
normalizing image...
NOT doing gentle normalization with control points/label
processing with aseg
removing outliers in the aseg WM...
272 control points removed
Building bias image
building Voronoi diagram...
performing soap bubble smoothing, sigma = 0...
Smoothing with sigma 8
Applying bias correction
building Voronoi diagram...
performing soap bubble smoothing, sigma = 8...

Iterating 2 times
---------------------------------
3d normalization pass 1 of 2
white matter peak found at 110
white matter peak found at 110
gm peak at 66 (66), valley at 26 (26)
csf peak at 33, setting threshold to 55
building Voronoi diagram...
performing soap bubble smoothing, sigma = 8...
---------------------------------
3d normalization pass 2 of 2
white matter peak found at 110
white matter peak found at 110
gm peak at 69 (69), valley at  0 (-1)
csf peak at 34, setting threshold to 57
building Voronoi diagram...
performing soap bubble smoothing, sigma = 8...
Done iterating ---------------------------------
writing output to brain.mgz
3D bias adjustment took 2 minutes and 22 seconds.
#--------------------------------------------
#@# Mask BFS Tue Mar 10 07:14:53 CET 2026
/out/sourcedata/freesurfer/sub-v1s6x0051321_ses-1/mri

 mri_mask -T 5 brain.mgz brainmask.mgz brain.finalsurfs.mgz 

threshold mask volume at 5
DoAbs = 0
Found 1367872 voxels in mask (pct=  8.15)
Writing masked volume to brain.finalsurfs.mgz...done.
#--------------------------------------------
#@# WM Segmentation Tue Mar 10 07:14:54 CET 2026

 AntsDenoiseImageFs -i brain.mgz -o antsdn.brain.mgz 


 mri_segment -wsizemm 13 -mprage antsdn.brain.mgz wm.seg.mgz 

wsizemm = 13, voxres = 1, wsize = 13
Widening wm low from 89 to 79
assuming input volume is MGH (Van der Kouwe) MP-RAGE
wm mean:  110
wsize:    13
wm low:   79
wm hi:    125
gray low: 30
gray hi:  99
Doing initial trinary intensity segmentation 
Using local statistics to label ambiguous voxels
Autodetecting stats
Computing class statistics for intensity windows...
CCS WM (104.0): 103.4 +- 5.7 [79.0 --> 125.0]
CCS GM (73.0) : 71.5 +- 10.1 [30.0 --> 95.0]
 white_mean 103.437
 white_sigma 5.73365
 gray_mean 71.4569
 gray_sigma 10.1344
setting bottom of white matter range wm_low to 81.6
setting top of gray matter range gray_hi to 91.7
 wm_low 81.5914
 wm_hi  125
 gray_low 30
 gray_hi  91.7258
Redoing initial intensity segmentation...
Recomputing local statistics to label ambiguous voxels...
 wm_low 81.5914
 wm_hi  125
 gray_low 30
 gray_hi  91.7258
using local geometry to label remaining ambiguous voxels...
polvwsize = 5, polvlen = 3, gray_hi = 91.7258, wm_low = 81.5914
MRIcpolvMedianCurveSegment(): wsize=5, len=3, gmhi=91.7258, wmlow=81.5914
    122433 voxels processed (0.73%)
     53999 voxels white (0.32%)
     68434 voxels non-white (0.41%)

Reclassifying voxels using Gaussian border classifier niter=1
MRIreclassify(): wm_low=76.5914, gray_hi=91.7258, wsize=13
    208668 voxels tested (1.24%)
     45143 voxels changed (0.27%)
     51377 multi-scale searches  (0.31%)
Recovering bright white
MRIrecoverBrightWhite()
 wm_low 81.5914
 wm_hi 125
 slack 5.73365
 pct_thresh 0.33
 intensity_thresh 130.734
 nvox_thresh 8.58
       17 voxels tested (0.00%)
        8 voxels changed (0.00%)

removing voxels with positive offset direction...
MRIremoveWrongDirection() wsize=3, lowthr=76.5914, hithr=91.7258
  smoothing input volume with sigma = 0.250
    72037 voxels tested (0.43%)
    16126 voxels changed (0.10%)
thicken = 1
removing 1-dimensional structures...
MRIremove1dStructures(): max_iter=10000, thresh=2, WM_MIN_VAL=5
 1778 sparsely connected voxels removed in 1 iterations
thickening thin strands....
thickness 4
nsegments 20
wm_hi 125
1264 diagonally connected voxels added...
MRIthickenThinWMStrands(): thickness=4, nsegments=20
  20 segments, 4001 filled
MRIfindBrightNonWM(): 72 bright non-wm voxels segmented.
MRIfilterMorphology() WM_MIN_VAL=5, DIAGONAL_FILL=230
white matter segmentation took 0.9 minutes
writing output to wm.seg.mgz...

 mri_edit_wm_with_aseg -keep-in wm.seg.mgz brain.mgz aseg.presurf.mgz wm.asegedit.mgz 

preserving editing changes in input volume...
auto filling took 0.43 minutes
reading wm segmentation from wm.seg.mgz...
0 voxels added to wm to prevent paths from MTL structures to cortex
1946 additional wm voxels added
0 additional wm voxels added
SEG EDIT: 33029 voxels turned on, 44892 voxels turned off.
propagating editing to output volume from wm.seg.mgz
writing edited volume to wm.asegedit.mgz....

 mri_pretess wm.asegedit.mgz wm norm.mgz wm.mgz 


Iteration Number : 1
pass   1 (xy+):  13 found -  13 modified     |    TOTAL:  13
pass   2 (xy+):   0 found -  13 modified     |    TOTAL:  13
pass   1 (xy-):   3 found -   3 modified     |    TOTAL:  16
pass   2 (xy-):   0 found -   3 modified     |    TOTAL:  16
pass   1 (yz+):  13 found -  13 modified     |    TOTAL:  29
pass   2 (yz+):   0 found -  13 modified     |    TOTAL:  29
pass   1 (yz-):  14 found -  14 modified     |    TOTAL:  43
pass   2 (yz-):   0 found -  14 modified     |    TOTAL:  43
pass   1 (xz+):   7 found -   7 modified     |    TOTAL:  50
pass   2 (xz+):   0 found -   7 modified     |    TOTAL:  50
pass   1 (xz-):  11 found -  11 modified     |    TOTAL:  61
pass   2 (xz-):   0 found -  11 modified     |    TOTAL:  61
Iteration Number : 1
pass   1 (+++):   6 found -   6 modified     |    TOTAL:   6
pass   2 (+++):   0 found -   6 modified     |    TOTAL:   6
pass   1 (+++):   0 found -   0 modified     |    TOTAL:   6
pass   1 (+++):  10 found -  10 modified     |    TOTAL:  16
pass   2 (+++):   0 found -  10 modified     |    TOTAL:  16
pass   1 (+++):   5 found -   5 modified     |    TOTAL:  21
pass   2 (+++):   0 found -   5 modified     |    TOTAL:  21
Iteration Number : 1
pass   1 (++):  38 found -  38 modified     |    TOTAL:  38
pass   2 (++):   0 found -  38 modified     |    TOTAL:  38
pass   1 (+-):  18 found -  18 modified     |    TOTAL:  56
pass   2 (+-):   0 found -  18 modified     |    TOTAL:  56
pass   1 (--):  34 found -  34 modified     |    TOTAL:  90
pass   2 (--):   0 found -  34 modified     |    TOTAL:  90
pass   1 (-+):  39 found -  39 modified     |    TOTAL: 129
pass   2 (-+):   0 found -  39 modified     |    TOTAL: 129
Iteration Number : 2
pass   1 (xy+):   2 found -   2 modified     |    TOTAL:   2
pass   2 (xy+):   0 found -   2 modified     |    TOTAL:   2
pass   1 (xy-):   1 found -   1 modified     |    TOTAL:   3
pass   2 (xy-):   0 found -   1 modified     |    TOTAL:   3
pass   1 (yz+):   2 found -   2 modified     |    TOTAL:   5
pass   2 (yz+):   0 found -   2 modified     |    TOTAL:   5
pass   1 (yz-):   1 found -   1 modified     |    TOTAL:   6
pass   2 (yz-):   0 found -   1 modified     |    TOTAL:   6
pass   1 (xz+):   0 found -   0 modified     |    TOTAL:   6
pass   1 (xz-):   0 found -   0 modified     |    TOTAL:   6
Iteration Number : 2
pass   1 (+++):   0 found -   0 modified     |    TOTAL:   0
pass   1 (+++):   0 found -   0 modified     |    TOTAL:   0
pass   1 (+++):   0 found -   0 modified     |    TOTAL:   0
pass   1 (+++):   0 found -   0 modified     |    TOTAL:   0
Iteration Number : 2
pass   1 (++):   0 found -   0 modified     |    TOTAL:   0
pass   1 (+-):   0 found -   0 modified     |    TOTAL:   0
pass   1 (--):   0 found -   0 modified     |    TOTAL:   0
pass   1 (-+):   1 found -   1 modified     |    TOTAL:   1
pass   2 (-+):   0 found -   1 modified     |    TOTAL:   1
Iteration Number : 3
pass   1 (xy+):   0 found -   0 modified     |    TOTAL:   0
pass   1 (xy-):   1 found -   1 modified     |    TOTAL:   1
pass   2 (xy-):   0 found -   1 modified     |    TOTAL:   1
pass   1 (yz+):   1 found -   1 modified     |    TOTAL:   2
pass   2 (yz+):   0 found -   1 modified     |    TOTAL:   2
pass   1 (yz-):   0 found -   0 modified     |    TOTAL:   2
pass   1 (xz+):   0 found -   0 modified     |    TOTAL:   2
pass   1 (xz-):   0 found -   0 modified     |    TOTAL:   2
Iteration Number : 3
pass   1 (+++):   0 found -   0 modified     |    TOTAL:   0
pass   1 (+++):   0 found -   0 modified     |    TOTAL:   0
pass   1 (+++):   0 found -   0 modified     |    TOTAL:   0
pass   1 (+++):   0 found -   0 modified     |    TOTAL:   0
Iteration Number : 3
pass   1 (++):   0 found -   0 modified     |    TOTAL:   0
pass   1 (+-):   1 found -   1 modified     |    TOTAL:   1
pass   2 (+-):   0 found -   1 modified     |    TOTAL:   1
pass   1 (--):   0 found -   0 modified     |    TOTAL:   1
pass   1 (-+):   0 found -   0 modified     |    TOTAL:   1
Iteration Number : 4
pass   1 (xy+):   0 found -   0 modified     |    TOTAL:   0
pass   1 (xy-):   0 found -   0 modified     |    TOTAL:   0
pass   1 (yz+):   0 found -   0 modified     |    TOTAL:   0
pass   1 (yz-):   0 found -   0 modified     |    TOTAL:   0
pass   1 (xz+):   0 found -   0 modified     |    TOTAL:   0
pass   1 (xz-):   0 found -   0 modified     |    TOTAL:   0
Iteration Number : 4
pass   1 (+++):   0 found -   0 modified     |    TOTAL:   0
pass   1 (+++):   0 found -   0 modified     |    TOTAL:   0
pass   1 (+++):   0 found -   0 modified     |    TOTAL:   0
pass   1 (+++):   0 found -   0 modified     |    TOTAL:   0
Iteration Number : 4
pass   1 (++):   0 found -   0 modified     |    TOTAL:   0
pass   1 (+-):   0 found -   0 modified     |    TOTAL:   0
pass   1 (--):   0 found -   0 modified     |    TOTAL:   0
pass   1 (-+):   0 found -   0 modified     |    TOTAL:   0

Total Number of Modified Voxels = 221 (out of 548623: 0.040283)
binarizing input wm segmentation...
Ambiguous edge configurations... 

mri_pretess done

#--------------------------------------------
#@# Fill Tue Mar 10 07:16:47 CET 2026
/out/sourcedata/freesurfer/sub-v1s6x0051321_ses-1/mri

 mri_fill -a ../scripts/ponscc.cut.log -xform transforms/talairach.lta -segmentation aseg.presurf.mgz -ctab /opt/freesurfer/SubCorticalMassLUT.txt wm.mgz filled.mgz 

logging cutting plane coordinates to ../scripts/ponscc.cut.log...
INFO: Using transforms/talairach.lta and its offset for Talairach volume ...
using segmentation aseg.presurf.mgz...
reading input volume...done.
searching for cutting planes...voxel to talairach voxel transform
 0.99890   0.00078  -0.09409   6.29645;
 0.00946   1.19940   0.16125  -18.39682;
 0.09732  -0.18651   1.01991  -1.16595;
 0.00000   0.00000   0.00000   1.00000;
voxel to talairach voxel transform
 0.99890   0.00078  -0.09409   6.29645;
 0.00946   1.19940   0.16125  -18.39682;
 0.09732  -0.18651   1.01991  -1.16595;
 0.00000   0.00000   0.00000   1.00000;
reading segmented volume aseg.presurf.mgz
removing CC from segmentation
Looking for area (min, max) = (350, 1400)
area[0] = 1032 (min = 350, max = 1400), aspect = 0.48 (min = 0.10, max = 0.75)
no need to search
using seed (125, 111, 97), TAL = (3.0, -31.0, 17.0)
talairach voxel to voxel transform
 0.99226   0.01326   0.08944  -5.89938;
 0.00478   0.81381  -0.12822   14.79185;
-0.09380   0.14755   0.94850   4.41106;
 0.00000   0.00000   0.00000   1.00000;
segmentation indicates cc at (125,  111,  97) --> (3.0, -31.0, 17.0)
done.
filling took 1.0 minutes
talairach cc position changed to (3.00, -31.00, 17.00)
Erasing brainstem...done.
seed_search_size = 9, min_neighbors = 5
search rh wm seed point around talairach space:(21.00, -31.00, 17.00) SRC: (110.42, 93.20, 102.76)
search lh wm seed point around talairach space (-15.00, -31.00, 17.00), SRC: (146.14, 93.37, 99.38)
compute mri_fill using aseg
Erasing Brain Stem and Cerebellum ...
Define left and right masks using aseg:
Building Voronoi diagram ...
Using the Voronoi diagram for separating WM into two hemispheres ...
Find the largest connected component for each hemisphere ...
Embedding colortable
mri_fill done, writing output to filled.mgz...
 cp filled.mgz filled.auto.mgz

Started at Tue Mar 10 05:48:41 CET 2026 
Ended   at Tue Mar 10 07:17:47 CET 2026
#@#%# recon-all-run-time-hours 1.485
recon-all -s sub-v1s6x0051321_ses-1 finished without error at Tue Mar 10 07:17:47 CET 2026



#New# invocation of recon-all 




Tue Mar 10 07:59:28 CET 2026
cd /out/sourcedata/freesurfer/sub-v1s6x0051321_ses-1
setenv SUBJECTS_DIR /out/sourcedata/freesurfer
/opt/freesurfer/bin/recon-all -parallel -subjid sub-v1s6x0051321_ses-1 -sd /out/sourcedata/freesurfer -cortribbon

subjid sub-v1s6x0051321_ses-1
setenv SUBJECTS_DIR /out/sourcedata/freesurfer
FREESURFER_HOME /opt/freesurfer
Actual FREESURFER_HOME /opt/freesurfer
build-stamp.txt: freesurfer-linux-ubuntu22_x86_64-7.3.2-20220804-6354275
Linux dna029 5.14.0-427.37.1.el9_4.x86_64 #1 SMP PREEMPT_DYNAMIC Fri Sep 13 12:41:50 EDT 2024 x86_64 x86_64 x86_64 GNU/Linux
cputime      unlimited
filesize     unlimited
datasize     unlimited
stacksize    8192 kbytes
coredumpsize 0 kbytes
memoryuse    67108864 kbytes
vmemoryuse   unlimited
descriptors  1024 
memorylocked unlimited
maxproc      2061970 
maxlocks     unlimited
maxsignal    2061970 
maxmessage   819200 
maxnice      0 
maxrtprio    0 
maxrttime    unlimited

               total        used        free      shared  buff/cache   available
Mem:           503Gi        50Gi       417Gi       9.1Gi        36Gi       440Gi
Swap:             0B          0B          0B

########################################
program versions used
7.3.2 (freesurfer-linux-ubuntu22_x86_64-7.3.2-20220804-6354275)
7.3.2

ProgramName: lta_convert  ProgramArguments: lta_convert -all-info  ProgramVersion: 7.3.2  TimeStamp: 2026/03/10-06:59:28-GMT  BuildTime: Aug  4 2022 06:17:15  BuildStamp: freesurfer-linux-ubuntu22_x86_64-7.3.2-20220804-6354275  User: oesteban  Machine: dna029  Platform: Linux  PlatformVersion: 5.14.0-427.37.1.el9_4.x86_64  CompilerName: GCC  CompilerVersion: 8.4.0
ProgramName: mri_and  ProgramArguments: mri_and -all-info  ProgramVersion: 7.3.2  TimeStamp: 2026/03/10-06:59:28-GMT  BuildTime: Aug  4 2022 06:17:15  BuildStamp: freesurfer-linux-ubuntu22_x86_64-7.3.2-20220804-6354275  User: oesteban  Machine: dna029  Platform: Linux  PlatformVersion: 5.14.0-427.37.1.el9_4.x86_64  CompilerName: GCC  CompilerVersion: 8.4.0
ProgramName: mri_annotation2label  ProgramArguments: mri_annotation2label -all-info  ProgramVersion: 7.3.2  TimeStamp: 2026/03/10-06:59:28-GMT  BuildTime: Aug  4 2022 06:17:15  BuildStamp: freesurfer-linux-ubuntu22_x86_64-7.3.2-20220804-6354275  User: oesteban  Machine: dna029  Platform: Linux  PlatformVersion: 5.14.0-427.37.1.el9_4.x86_64  CompilerName: GCC  CompilerVersion: 8.4.0
ProgramName: mri_aparc2aseg  ProgramArguments: mri_aparc2aseg -all-info  ProgramVersion: 7.3.2  TimeStamp: 2026/03/10-06:59:28-GMT  BuildTime: Aug  4 2022 06:17:15  BuildStamp: freesurfer-linux-ubuntu22_x86_64-7.3.2-20220804-6354275  User: oesteban  Machine: dna029  Platform: Linux  PlatformVersion: 5.14.0-427.37.1.el9_4.x86_64  CompilerName: GCC  CompilerVersion: 8.4.0
ProgramName: mri_surf2volseg  ProgramArguments: mri_surf2volseg -all-info  ProgramVersion: 7.3.2  TimeStamp: 2026/03/10-06:59:28-GMT  BuildTime: Aug  4 2022 06:17:15  BuildStamp: freesurfer-linux-ubuntu22_x86_64-7.3.2-20220804-6354275  User: oesteban  Machine: dna029  Platform: Linux  PlatformVersion: 5.14.0-427.37.1.el9_4.x86_64  CompilerName: GCC  CompilerVersion: 8.4.0
ProgramName: mri_binarize  ProgramArguments: mri_binarize -all-info  ProgramVersion: 7.3.2  TimeStamp: 2026/03/10-06:59:28-GMT  BuildTime: Aug  4 2022 06:17:15  BuildStamp: freesurfer-linux-ubuntu22_x86_64-7.3.2-20220804-6354275  User: oesteban  Machine: dna029  Platform: Linux  PlatformVersion: 5.14.0-427.37.1.el9_4.x86_64  CompilerName: GCC  CompilerVersion: 8.4.0
ProgramName: mri_ca_label  ProgramArguments: mri_ca_label -all-info  ProgramVersion: 7.3.2  TimeStamp: 2026/03/10-06:59:28-GMT  BuildTime: Aug  4 2022 06:17:15  BuildStamp: freesurfer-linux-ubuntu22_x86_64-7.3.2-20220804-6354275  User: oesteban  Machine: dna029  Platform: Linux  PlatformVersion: 5.14.0-427.37.1.el9_4.x86_64  CompilerName: GCC  CompilerVersion: 8.4.0
ProgramName: mri_ca_normalize  ProgramArguments: mri_ca_normalize -all-info  ProgramVersion: 7.3.2  TimeStamp: 2026/03/10-06:59:28-GMT  BuildTime: Aug  4 2022 06:17:15  BuildStamp: freesurfer-linux-ubuntu22_x86_64-7.3.2-20220804-6354275  User: oesteban  Machine: dna029  Platform: Linux  PlatformVersion: 5.14.0-427.37.1.el9_4.x86_64  CompilerName: GCC  CompilerVersion: 8.4.0
ProgramName: mri_ca_register  ProgramArguments: mri_ca_register -all-info  ProgramVersion: 7.3.2  TimeStamp: 2026/03/10-06:59:28-GMT  BuildTime: Aug  4 2022 06:17:15  BuildStamp: freesurfer-linux-ubuntu22_x86_64-7.3.2-20220804-6354275  User: oesteban  Machine: dna029  Platform: Linux  PlatformVersion: 5.14.0-427.37.1.el9_4.x86_64  CompilerName: GCC  CompilerVersion: 8.4.0
ProgramName: mri_cc  ProgramArguments: mri_cc -all-info  ProgramVersion: 7.3.2  TimeStamp: 2026/03/10-06:59:28-GMT  BuildTime: Aug  4 2022 06:17:15  BuildStamp: freesurfer-linux-ubuntu22_x86_64-7.3.2-20220804-6354275  User: oesteban  Machine: dna029  Platform: Linux  PlatformVersion: 5.14.0-427.37.1.el9_4.x86_64  CompilerName: GCC  CompilerVersion: 8.4.0
ProgramName: mri_compute_overlap  ProgramArguments: mri_compute_overlap -all-info  ProgramVersion: 7.3.2  TimeStamp: 2026/03/10-06:59:28-GMT  BuildTime: Aug  4 2022 06:17:15  BuildStamp: freesurfer-linux-ubuntu22_x86_64-7.3.2-20220804-6354275  User: oesteban  Machine: dna029  Platform: Linux  PlatformVersion: 5.14.0-427.37.1.el9_4.x86_64  CompilerName: GCC  CompilerVersion: 8.4.0
ProgramName: mri_compute_seg_overlap  ProgramArguments: mri_compute_seg_overlap -all-info  ProgramVersion: 7.3.2  TimeStamp: 2026/03/10-06:59:28-GMT  BuildTime: Aug  4 2022 06:17:15  BuildStamp: freesurfer-linux-ubuntu22_x86_64-7.3.2-20220804-6354275  User: oesteban  Machine: dna029  Platform: Linux  PlatformVersion: 5.14.0-427.37.1.el9_4.x86_64  CompilerName: GCC  CompilerVersion: 8.4.0
ProgramName: mri_concat  ProgramArguments: mri_concat -all-info  ProgramVersion: 7.3.2  TimeStamp: 2026/03/10-06:59:28-GMT  BuildTime: Aug  4 2022 06:17:15  BuildStamp: freesurfer-linux-ubuntu22_x86_64-7.3.2-20220804-6354275  User: oesteban  Machine: dna029  Platform: Linux  PlatformVersion: 5.14.0-427.37.1.el9_4.x86_64  CompilerName: GCC  CompilerVersion: 8.4.0
ProgramName: mri_concatenate_lta  ProgramArguments: mri_concatenate_lta -all-info  ProgramVersion: 7.3.2  TimeStamp: 2026/03/10-06:59:28-GMT  BuildTime: Aug  4 2022 06:17:15  BuildStamp: freesurfer-linux-ubuntu22_x86_64-7.3.2-20220804-6354275  User: oesteban  Machine: dna029  Platform: Linux  PlatformVersion: 5.14.0-427.37.1.el9_4.x86_64  CompilerName: GCC  CompilerVersion: 8.4.0
mri_convert -all-info 
ProgramName: mri_convert  ProgramArguments: mri_convert -all-info  ProgramVersion: 7.3.2  TimeStamp: 2026/03/10-06:59:28-GMT  BuildTime: Aug  4 2022 06:17:15  BuildStamp: freesurfer-linux-ubuntu22_x86_64-7.3.2-20220804-6354275  User: oesteban  Machine: dna029  Platform: Linux  PlatformVersion: 5.14.0-427.37.1.el9_4.x86_64  CompilerName: GCC  CompilerVersion: 8.4.0
ProgramName: mri_diff  ProgramArguments: mri_diff -all-info  ProgramVersion: 7.3.2  TimeStamp: 2026/03/10-06:59:28-GMT  BuildTime: Aug  4 2022 06:17:15  BuildStamp: freesurfer-linux-ubuntu22_x86_64-7.3.2-20220804-6354275  User: oesteban  Machine: dna029  Platform: Linux  PlatformVersion: 5.14.0-427.37.1.el9_4.x86_64  CompilerName: GCC  CompilerVersion: 8.4.0
ProgramName: mri_edit_wm_with_aseg  ProgramArguments: mri_edit_wm_with_aseg -all-info  ProgramVersion: 7.3.2  TimeStamp: 2026/03/10-06:59:28-GMT  BuildTime: Aug  4 2022 06:17:15  BuildStamp: freesurfer-linux-ubuntu22_x86_64-7.3.2-20220804-6354275  User: oesteban  Machine: dna029  Platform: Linux  PlatformVersion: 5.14.0-427.37.1.el9_4.x86_64  CompilerName: GCC  CompilerVersion: 8.4.0
ProgramName: mri_em_register  ProgramArguments: mri_em_register -all-info  ProgramVersion: 7.3.2  TimeStamp: 2026/03/10-06:59:28-GMT  BuildTime: Aug  4 2022 06:17:15  BuildStamp: freesurfer-linux-ubuntu22_x86_64-7.3.2-20220804-6354275  User: oesteban  Machine: dna029  Platform: Linux  PlatformVersion: 5.14.0-427.37.1.el9_4.x86_64  CompilerName: GCC  CompilerVersion: 8.4.0
ProgramName: mri_fill  ProgramArguments: mri_fill -all-info  ProgramVersion: 7.3.2  TimeStamp: 2026/03/10-06:59:28-GMT  BuildTime: Aug  4 2022 06:17:15  BuildStamp: freesurfer-linux-ubuntu22_x86_64-7.3.2-20220804-6354275  User: oesteban  Machine: dna029  Platform: Linux  PlatformVersion: 5.14.0-427.37.1.el9_4.x86_64  CompilerName: GCC  CompilerVersion: 8.4.0
ProgramName: mri_fuse_segmentations  ProgramArguments: mri_fuse_segmentations -all-info  ProgramVersion: 7.3.2  TimeStamp: 2026/03/10-06:59:28-GMT  BuildTime: Aug  4 2022 06:17:15  BuildStamp: freesurfer-linux-ubuntu22_x86_64-7.3.2-20220804-6354275  User: oesteban  Machine: dna029  Platform: Linux  PlatformVersion: 5.14.0-427.37.1.el9_4.x86_64  CompilerName: GCC  CompilerVersion: 8.4.0
ProgramName: mri_fwhm  ProgramArguments: mri_fwhm -all-info  ProgramVersion: 7.3.2  TimeStamp: 2026/03/10-06:59:28-GMT  BuildTime: Aug  4 2022 06:17:15  BuildStamp: freesurfer-linux-ubuntu22_x86_64-7.3.2-20220804-6354275  User: oesteban  Machine: dna029  Platform: Linux  PlatformVersion: 5.14.0-427.37.1.el9_4.x86_64  CompilerName: GCC  CompilerVersion: 8.4.0
ProgramName: mri_gcut  ProgramArguments: mri_gcut -all-info  ProgramVersion: 7.3.2  TimeStamp: 2026/03/10-06:59:28-GMT  BuildTime: Aug  4 2022 06:17:15  BuildStamp: freesurfer-linux-ubuntu22_x86_64-7.3.2-20220804-6354275  User: oesteban  Machine: dna029  Platform: Linux  PlatformVersion: 5.14.0-427.37.1.el9_4.x86_64  CompilerName: GCC  CompilerVersion: 8.4.0
ProgramName: mri_info  ProgramArguments: mri_info -all-info  ProgramVersion: 7.3.2  TimeStamp: 2026/03/10-06:59:28-GMT  BuildTime: Aug  4 2022 06:17:15  BuildStamp: freesurfer-linux-ubuntu22_x86_64-7.3.2-20220804-6354275  User: oesteban  Machine: dna029  Platform: Linux  PlatformVersion: 5.14.0-427.37.1.el9_4.x86_64  CompilerName: GCC  CompilerVersion: 8.4.0
ProgramName: mri_label2label  ProgramArguments: mri_label2label -all-info  ProgramVersion: 7.3.2  TimeStamp: 2026/03/10-06:59:28-GMT  BuildTime: Aug  4 2022 06:17:15  BuildStamp: freesurfer-linux-ubuntu22_x86_64-7.3.2-20220804-6354275  User: oesteban  Machine: dna029  Platform: Linux  PlatformVersion: 5.14.0-427.37.1.el9_4.x86_64  CompilerName: GCC  CompilerVersion: 8.4.0
ProgramName: mri_label2vol  ProgramArguments: mri_label2vol -all-info  ProgramVersion: 7.3.2  TimeStamp: 2026/03/10-06:59:28-GMT  BuildTime: Aug  4 2022 06:17:15  BuildStamp: freesurfer-linux-ubuntu22_x86_64-7.3.2-20220804-6354275  User: oesteban  Machine: dna029  Platform: Linux  PlatformVersion: 5.14.0-427.37.1.el9_4.x86_64  CompilerName: GCC  CompilerVersion: 8.4.0
ProgramName: mri_log_likelihood  ProgramArguments: mri_log_likelihood -all-info  ProgramVersion: 7.3.2  TimeStamp: 2026/03/10-06:59:28-GMT  BuildTime: Aug  4 2022 06:17:15  BuildStamp: freesurfer-linux-ubuntu22_x86_64-7.3.2-20220804-6354275  User: oesteban  Machine: dna029  Platform: Linux  PlatformVersion: 5.14.0-427.37.1.el9_4.x86_64  CompilerName: GCC  CompilerVersion: 8.4.0
ProgramName: mri_mask  ProgramArguments: mri_mask -all-info  ProgramVersion: 7.3.2  TimeStamp: 2026/03/10-06:59:28-GMT  BuildTime: Aug  4 2022 06:17:15  BuildStamp: freesurfer-linux-ubuntu22_x86_64-7.3.2-20220804-6354275  User: oesteban  Machine: dna029  Platform: Linux  PlatformVersion: 5.14.0-427.37.1.el9_4.x86_64  CompilerName: GCC  CompilerVersion: 8.4.0
ProgramName: mri_matrix_multiply  ProgramArguments: mri_matrix_multiply -all-info  ProgramVersion: 7.3.2  TimeStamp: 2026/03/10-06:59:28-GMT  BuildTime: Aug  4 2022 06:17:15  BuildStamp: freesurfer-linux-ubuntu22_x86_64-7.3.2-20220804-6354275  User: oesteban  Machine: dna029  Platform: Linux  PlatformVersion: 5.14.0-427.37.1.el9_4.x86_64  CompilerName: GCC  CompilerVersion: 8.4.0
ProgramName: mri_normalize  ProgramArguments: mri_normalize -all-info  ProgramVersion: 7.3.2  TimeStamp: 2026/03/10-06:59:28-GMT  BuildTime: Aug  4 2022 06:17:15  BuildStamp: freesurfer-linux-ubuntu22_x86_64-7.3.2-20220804-6354275  User: oesteban  Machine: dna029  Platform: Linux  PlatformVersion: 5.14.0-427.37.1.el9_4.x86_64  CompilerName: GCC  CompilerVersion: 8.4.0
ProgramName: mri_normalize_tp2  ProgramArguments: mri_normalize_tp2 -all-info  ProgramVersion: 7.3.2  TimeStamp: 2026/03/10-06:59:28-GMT  BuildTime: Aug  4 2022 06:17:15  BuildStamp: freesurfer-linux-ubuntu22_x86_64-7.3.2-20220804-6354275  User: oesteban  Machine: dna029  Platform: Linux  PlatformVersion: 5.14.0-427.37.1.el9_4.x86_64  CompilerName: GCC  CompilerVersion: 8.4.0
ProgramName: mri_or  ProgramArguments: mri_or -all-info  ProgramVersion: 7.3.2  TimeStamp: 2026/03/10-06:59:28-GMT  BuildTime: Aug  4 2022 06:17:15  BuildStamp: freesurfer-linux-ubuntu22_x86_64-7.3.2-20220804-6354275  User: oesteban  Machine: dna029  Platform: Linux  PlatformVersion: 5.14.0-427.37.1.el9_4.x86_64  CompilerName: GCC  CompilerVersion: 8.4.0
ProgramName: mri_relabel_hypointensities  ProgramArguments: mri_relabel_hypointensities -all-info  ProgramVersion: 7.3.2  TimeStamp: 2026/03/10-06:59:28-GMT  BuildTime: Aug  4 2022 06:17:15  BuildStamp: freesurfer-linux-ubuntu22_x86_64-7.3.2-20220804-6354275  User: oesteban  Machine: dna029  Platform: Linux  PlatformVersion: 5.14.0-427.37.1.el9_4.x86_64  CompilerName: GCC  CompilerVersion: 8.4.0
ProgramName: mri_relabel_nonwm_hypos  ProgramArguments: mri_relabel_nonwm_hypos -all-info  ProgramVersion: 7.3.2  TimeStamp: 2026/03/10-06:59:28-GMT  BuildTime: Aug  4 2022 06:17:15  BuildStamp: freesurfer-linux-ubuntu22_x86_64-7.3.2-20220804-6354275  User: oesteban  Machine: dna029  Platform: Linux  PlatformVersion: 5.14.0-427.37.1.el9_4.x86_64  CompilerName: GCC  CompilerVersion: 8.4.0
ProgramName: mri_remove_neck  ProgramArguments: mri_remove_neck -all-info  ProgramVersion: 7.3.2  TimeStamp: 2026/03/10-06:59:28-GMT  BuildTime: Aug  4 2022 06:17:15  BuildStamp: freesurfer-linux-ubuntu22_x86_64-7.3.2-20220804-6354275  User: oesteban  Machine: dna029  Platform: Linux  PlatformVersion: 5.14.0-427.37.1.el9_4.x86_64  CompilerName: GCC  CompilerVersion: 8.4.0
7.3.2

ProgramName: mri_robust_register  ProgramArguments: mri_robust_register -all-info  ProgramVersion: 7.3.2  TimeStamp: 2026/03/10-06:59:28-GMT  BuildTime: Aug  4 2022 06:17:15  BuildStamp: freesurfer-linux-ubuntu22_x86_64-7.3.2-20220804-6354275  User: oesteban  Machine: dna029  Platform: Linux  PlatformVersion: 5.14.0-427.37.1.el9_4.x86_64  CompilerName: GCC  CompilerVersion: 8.4.0
7.3.2

ProgramName: mri_robust_template  ProgramArguments: mri_robust_template -all-info  ProgramVersion: 7.3.2  TimeStamp: 2026/03/10-06:59:28-GMT  BuildTime: Aug  4 2022 06:17:15  BuildStamp: freesurfer-linux-ubuntu22_x86_64-7.3.2-20220804-6354275  User: oesteban  Machine: dna029  Platform: Linux  PlatformVersion: 5.14.0-427.37.1.el9_4.x86_64  CompilerName: GCC  CompilerVersion: 8.4.0
ProgramName: mris_anatomical_stats  ProgramArguments: mris_anatomical_stats -all-info  ProgramVersion: 7.3.2  TimeStamp: 2026/03/10-06:59:28-GMT  BuildTime: Aug  4 2022 06:17:15  BuildStamp: freesurfer-linux-ubuntu22_x86_64-7.3.2-20220804-6354275  User: oesteban  Machine: dna029  Platform: Linux  PlatformVersion: 5.14.0-427.37.1.el9_4.x86_64  CompilerName: GCC  CompilerVersion: 8.4.0
ProgramName: mris_ca_label  ProgramArguments: mris_ca_label -all-info  ProgramVersion: 7.3.2  TimeStamp: 2026/03/10-06:59:28-GMT  BuildTime: Aug  4 2022 06:17:15  BuildStamp: freesurfer-linux-ubuntu22_x86_64-7.3.2-20220804-6354275  User: oesteban  Machine: dna029  Platform: Linux  PlatformVersion: 5.14.0-427.37.1.el9_4.x86_64  CompilerName: GCC  CompilerVersion: 8.4.0
ProgramName: mris_calc  ProgramArguments: mris_calc -all-info  ProgramVersion: 7.3.2  TimeStamp: 2026/03/10-06:59:28-GMT  BuildTime: Aug  4 2022 06:17:15  BuildStamp: freesurfer-linux-ubuntu22_x86_64-7.3.2-20220804-6354275  User: oesteban  Machine: dna029  Platform: Linux  PlatformVersion: 5.14.0-427.37.1.el9_4.x86_64  CompilerName: GCC  CompilerVersion: 8.4.0
ProgramName: mris_convert  ProgramArguments: mris_convert -all-info  ProgramVersion: 7.3.2  TimeStamp: 2026/03/10-06:59:28-GMT  BuildTime: Aug  4 2022 06:17:15  BuildStamp: freesurfer-linux-ubuntu22_x86_64-7.3.2-20220804-6354275  User: oesteban  Machine: dna029  Platform: Linux  PlatformVersion: 5.14.0-427.37.1.el9_4.x86_64  CompilerName: GCC  CompilerVersion: 8.4.0
ProgramName: mris_curvature  ProgramArguments: mris_curvature -all-info  ProgramVersion: 7.3.2  TimeStamp: 2026/03/10-06:59:28-GMT  BuildTime: Aug  4 2022 06:17:15  BuildStamp: freesurfer-linux-ubuntu22_x86_64-7.3.2-20220804-6354275  User: oesteban  Machine: dna029  Platform: Linux  PlatformVersion: 5.14.0-427.37.1.el9_4.x86_64  CompilerName: GCC  CompilerVersion: 8.4.0
ProgramName: mris_curvature_stats  ProgramArguments: mris_curvature_stats -all-info  ProgramVersion: 7.3.2  TimeStamp: 2026/03/10-06:59:28-GMT  BuildTime: Aug  4 2022 06:17:15  BuildStamp: freesurfer-linux-ubuntu22_x86_64-7.3.2-20220804-6354275  User: oesteban  Machine: dna029  Platform: Linux  PlatformVersion: 5.14.0-427.37.1.el9_4.x86_64  CompilerName: GCC  CompilerVersion: 8.4.0
ProgramName: mris_diff  ProgramArguments: mris_diff -all-info  ProgramVersion: 7.3.2  TimeStamp: 2026/03/10-06:59:28-GMT  BuildTime: Aug  4 2022 06:17:15  BuildStamp: freesurfer-linux-ubuntu22_x86_64-7.3.2-20220804-6354275  User: oesteban  Machine: dna029  Platform: Linux  PlatformVersion: 5.14.0-427.37.1.el9_4.x86_64  CompilerName: GCC  CompilerVersion: 8.4.0
ProgramName: mris_divide_parcellation  ProgramArguments: mris_divide_parcellation -all-info  ProgramVersion: 7.3.2  TimeStamp: 2026/03/10-06:59:28-GMT  BuildTime: Aug  4 2022 06:17:15  BuildStamp: freesurfer-linux-ubuntu22_x86_64-7.3.2-20220804-6354275  User: oesteban  Machine: dna029  Platform: Linux  PlatformVersion: 5.14.0-427.37.1.el9_4.x86_64  CompilerName: GCC  CompilerVersion: 8.4.0
ProgramName: mri_segment  ProgramArguments: mri_segment -all-info  ProgramVersion: 7.3.2  TimeStamp: 2026/03/10-06:59:28-GMT  BuildTime: Aug  4 2022 06:17:15  BuildStamp: freesurfer-linux-ubuntu22_x86_64-7.3.2-20220804-6354275  User: oesteban  Machine: dna029  Platform: Linux  PlatformVersion: 5.14.0-427.37.1.el9_4.x86_64  CompilerName: GCC  CompilerVersion: 8.4.0
ProgramName: mri_segstats  ProgramArguments: mri_segstats -all-info  ProgramVersion: 7.3.2  TimeStamp: 2026/03/10-06:59:28-GMT  BuildTime: Aug  4 2022 06:17:15  BuildStamp: freesurfer-linux-ubuntu22_x86_64-7.3.2-20220804-6354275  User: oesteban  Machine: dna029  Platform: Linux  PlatformVersion: 5.14.0-427.37.1.el9_4.x86_64  CompilerName: GCC  CompilerVersion: 8.4.0
ProgramName: mris_euler_number  ProgramArguments: mris_euler_number -all-info  ProgramVersion: 7.3.2  TimeStamp: 2026/03/10-06:59:28-GMT  BuildTime: Aug  4 2022 06:17:15  BuildStamp: freesurfer-linux-ubuntu22_x86_64-7.3.2-20220804-6354275  User: oesteban  Machine: dna029  Platform: Linux  PlatformVersion: 5.14.0-427.37.1.el9_4.x86_64  CompilerName: GCC  CompilerVersion: 8.4.0
ProgramName: mris_fix_topology  ProgramArguments: mris_fix_topology -all-info  ProgramVersion: 7.3.2  TimeStamp: 2026/03/10-06:59:28-GMT  BuildTime: Aug  4 2022 06:17:15  BuildStamp: freesurfer-linux-ubuntu22_x86_64-7.3.2-20220804-6354275  User: oesteban  Machine: dna029  Platform: Linux  PlatformVersion: 5.14.0-427.37.1.el9_4.x86_64  CompilerName: GCC  CompilerVersion: 8.4.0
ProgramName: mris_topo_fixer  ProgramArguments: mris_topo_fixer -all-info  ProgramVersion: 7.3.2  TimeStamp: 2026/03/10-06:59:28-GMT  BuildTime: Aug  4 2022 06:17:15  BuildStamp: freesurfer-linux-ubuntu22_x86_64-7.3.2-20220804-6354275  User: oesteban  Machine: dna029  Platform: Linux  PlatformVersion: 5.14.0-427.37.1.el9_4.x86_64  CompilerName: GCC  CompilerVersion: 8.4.0
ProgramName: mris_jacobian  ProgramArguments: mris_jacobian -all-info  ProgramVersion: 7.3.2  TimeStamp: 2026/03/10-06:59:28-GMT  BuildTime: Aug  4 2022 06:17:15  BuildStamp: freesurfer-linux-ubuntu22_x86_64-7.3.2-20220804-6354275  User: oesteban  Machine: dna029  Platform: Linux  PlatformVersion: 5.14.0-427.37.1.el9_4.x86_64  CompilerName: GCC  CompilerVersion: 8.4.0
ProgramName: mris_label2annot  ProgramArguments: mris_label2annot -all-info  ProgramVersion: 7.3.2  TimeStamp: 2026/03/10-06:59:28-GMT  BuildTime: Aug  4 2022 06:17:15  BuildStamp: freesurfer-linux-ubuntu22_x86_64-7.3.2-20220804-6354275  User: oesteban  Machine: dna029  Platform: Linux  PlatformVersion: 5.14.0-427.37.1.el9_4.x86_64  CompilerName: GCC  CompilerVersion: 8.4.0
ProgramName: mris_left_right_register  ProgramArguments: mris_left_right_register -all-info  ProgramVersion: 7.3.2  TimeStamp: 2026/03/10-06:59:28-GMT  BuildTime: Aug  4 2022 06:17:15  BuildStamp: freesurfer-linux-ubuntu22_x86_64-7.3.2-20220804-6354275  User: oesteban  Machine: dna029  Platform: Linux  PlatformVersion: 5.14.0-427.37.1.el9_4.x86_64  CompilerName: GCC  CompilerVersion: 8.4.0
ProgramName: mris_place_surface  ProgramArguments: mris_place_surface -all-info  ProgramVersion: 7.3.2  TimeStamp: 2026/03/10-06:59:28-GMT  BuildTime: Aug  4 2022 06:17:15  BuildStamp: freesurfer-linux-ubuntu22_x86_64-7.3.2-20220804-6354275  User: oesteban  Machine: dna029  Platform: Linux  PlatformVersion: 5.14.0-427.37.1.el9_4.x86_64  CompilerName: GCC  CompilerVersion: 8.4.0
ProgramName: mrisp_paint  ProgramArguments: mrisp_paint -all-info  ProgramVersion: 7.3.2  TimeStamp: 2026/03/10-06:59:28-GMT  BuildTime: Aug  4 2022 06:17:15  BuildStamp: freesurfer-linux-ubuntu22_x86_64-7.3.2-20220804-6354275  User: oesteban  Machine: dna029  Platform: Linux  PlatformVersion: 5.14.0-427.37.1.el9_4.x86_64  CompilerName: GCC  CompilerVersion: 8.4.0
ProgramName: mris_register  ProgramArguments: mris_register -all-info  ProgramVersion: 7.3.2  TimeStamp: 2026/03/10-06:59:28-GMT  BuildTime: Aug  4 2022 06:17:15  BuildStamp: freesurfer-linux-ubuntu22_x86_64-7.3.2-20220804-6354275  User: oesteban  Machine: dna029  Platform: Linux  PlatformVersion: 5.14.0-427.37.1.el9_4.x86_64  CompilerName: GCC  CompilerVersion: 8.4.0
ProgramName: mris_smooth  ProgramArguments: mris_smooth -all-info  ProgramVersion: 7.3.2  TimeStamp: 2026/03/10-06:59:28-GMT  BuildTime: Aug  4 2022 06:17:15  BuildStamp: freesurfer-linux-ubuntu22_x86_64-7.3.2-20220804-6354275  User: oesteban  Machine: dna029  Platform: Linux  PlatformVersion: 5.14.0-427.37.1.el9_4.x86_64  CompilerName: GCC  CompilerVersion: 8.4.0
ProgramName: mris_sphere  ProgramArguments: mris_sphere -all-info  ProgramVersion: 7.3.2  TimeStamp: 2026/03/10-06:59:28-GMT  BuildTime: Aug  4 2022 06:17:15  BuildStamp: freesurfer-linux-ubuntu22_x86_64-7.3.2-20220804-6354275  User: oesteban  Machine: dna029  Platform: Linux  PlatformVersion: 5.14.0-427.37.1.el9_4.x86_64  CompilerName: GCC  CompilerVersion: 8.4.0
ProgramName: mris_surface_stats  ProgramArguments: mris_surface_stats -all-info  ProgramVersion: 7.3.2  TimeStamp: 2026/03/10-06:59:28-GMT  BuildTime: Aug  4 2022 06:17:15  BuildStamp: freesurfer-linux-ubuntu22_x86_64-7.3.2-20220804-6354275  User: oesteban  Machine: dna029  Platform: Linux  PlatformVersion: 5.14.0-427.37.1.el9_4.x86_64  CompilerName: GCC  CompilerVersion: 8.4.0
ProgramName: mri_stats2seg  ProgramArguments: mri_stats2seg -all-info  ProgramVersion: 7.3.2  TimeStamp: 2026/03/10-06:59:28-GMT  BuildTime: Aug  4 2022 06:17:15  BuildStamp: freesurfer-linux-ubuntu22_x86_64-7.3.2-20220804-6354275  User: oesteban  Machine: dna029  Platform: Linux  PlatformVersion: 5.14.0-427.37.1.el9_4.x86_64  CompilerName: GCC  CompilerVersion: 8.4.0
ProgramName: mris_thickness  ProgramArguments: mris_thickness -all-info  ProgramVersion: 7.3.2  TimeStamp: 2026/03/10-06:59:28-GMT  BuildTime: Aug  4 2022 06:17:15  BuildStamp: freesurfer-linux-ubuntu22_x86_64-7.3.2-20220804-6354275  User: oesteban  Machine: dna029  Platform: Linux  PlatformVersion: 5.14.0-427.37.1.el9_4.x86_64  CompilerName: GCC  CompilerVersion: 8.4.0
ProgramName: mris_thickness_diff  ProgramArguments: mris_thickness_diff -all-info  ProgramVersion: 7.3.2  TimeStamp: 2026/03/10-06:59:28-GMT  BuildTime: Aug  4 2022 06:17:15  BuildStamp: freesurfer-linux-ubuntu22_x86_64-7.3.2-20220804-6354275  User: oesteban  Machine: dna029  Platform: Linux  PlatformVersion: 5.14.0-427.37.1.el9_4.x86_64  CompilerName: GCC  CompilerVersion: 8.4.0
ProgramName: mris_topo_fixer  ProgramArguments: mris_topo_fixer -all-info  ProgramVersion: 7.3.2  TimeStamp: 2026/03/10-06:59:28-GMT  BuildTime: Aug  4 2022 06:17:15  BuildStamp: freesurfer-linux-ubuntu22_x86_64-7.3.2-20220804-6354275  User: oesteban  Machine: dna029  Platform: Linux  PlatformVersion: 5.14.0-427.37.1.el9_4.x86_64  CompilerName: GCC  CompilerVersion: 8.4.0
ProgramName: mri_surf2surf  ProgramArguments: mri_surf2surf -all-info  ProgramVersion: 7.3.2  TimeStamp: 2026/03/10-06:59:28-GMT  BuildTime: Aug  4 2022 06:17:15  BuildStamp: freesurfer-linux-ubuntu22_x86_64-7.3.2-20220804-6354275  User: oesteban  Machine: dna029  Platform: Linux  PlatformVersion: 5.14.0-427.37.1.el9_4.x86_64  CompilerName: GCC  CompilerVersion: 8.4.0
ProgramName: mri_surf2vol  ProgramArguments: mri_surf2vol -all-info  ProgramVersion: 7.3.2  TimeStamp: 2026/03/10-06:59:28-GMT  BuildTime: Aug  4 2022 06:17:15  BuildStamp: freesurfer-linux-ubuntu22_x86_64-7.3.2-20220804-6354275  User: oesteban  Machine: dna029  Platform: Linux  PlatformVersion: 5.14.0-427.37.1.el9_4.x86_64  CompilerName: GCC  CompilerVersion: 8.4.0
ProgramName: mri_surfcluster  ProgramArguments: mri_surfcluster -all-info  ProgramVersion: 7.3.2  TimeStamp: 2026/03/10-06:59:28-GMT  BuildTime: Aug  4 2022 06:17:15  BuildStamp: freesurfer-linux-ubuntu22_x86_64-7.3.2-20220804-6354275  User: oesteban  Machine: dna029  Platform: Linux  PlatformVersion: 5.14.0-427.37.1.el9_4.x86_64  CompilerName: GCC  CompilerVersion: 8.4.0
ProgramName: mris_volmask  ProgramArguments: mris_volmask -all-info  ProgramVersion: 7.3.2  TimeStamp: 2026/03/10-06:59:28-GMT  BuildTime: Aug  4 2022 06:17:15  BuildStamp: freesurfer-linux-ubuntu22_x86_64-7.3.2-20220804-6354275  User: oesteban  Machine: dna029  Platform: Linux  PlatformVersion: 5.14.0-427.37.1.el9_4.x86_64  CompilerName: GCC  CompilerVersion: 8.4.0
ProgramName: mri_tessellate  ProgramArguments: mri_tessellate -all-info  ProgramVersion: 7.3.2  TimeStamp: 2026/03/10-06:59:28-GMT  BuildTime: Aug  4 2022 06:17:15  BuildStamp: freesurfer-linux-ubuntu22_x86_64-7.3.2-20220804-6354275  User: oesteban  Machine: dna029  Platform: Linux  PlatformVersion: 5.14.0-427.37.1.el9_4.x86_64  CompilerName: GCC  CompilerVersion: 8.4.0
ProgramName: mri_vol2surf  ProgramArguments: mri_vol2surf -all-info  ProgramVersion: 7.3.2  TimeStamp: 2026/03/10-06:59:28-GMT  BuildTime: Aug  4 2022 06:17:15  BuildStamp: freesurfer-linux-ubuntu22_x86_64-7.3.2-20220804-6354275  User: oesteban  Machine: dna029  Platform: Linux  PlatformVersion: 5.14.0-427.37.1.el9_4.x86_64  CompilerName: GCC  CompilerVersion: 8.4.0
ProgramName: mri_vol2vol  ProgramArguments: mri_vol2vol -all-info  ProgramVersion: 7.3.2  TimeStamp: 2026/03/10-06:59:28-GMT  BuildTime: Aug  4 2022 06:17:15  BuildStamp: freesurfer-linux-ubuntu22_x86_64-7.3.2-20220804-6354275  User: oesteban  Machine: dna029  Platform: Linux  PlatformVersion: 5.14.0-427.37.1.el9_4.x86_64  CompilerName: GCC  CompilerVersion: 8.4.0
ProgramName: mri_voldiff  ProgramArguments: mri_voldiff -all-info  ProgramVersion: 7.3.2  TimeStamp: 2026/03/10-06:59:28-GMT  BuildTime: Aug  4 2022 06:17:15  BuildStamp: freesurfer-linux-ubuntu22_x86_64-7.3.2-20220804-6354275  User: oesteban  Machine: dna029  Platform: Linux  PlatformVersion: 5.14.0-427.37.1.el9_4.x86_64  CompilerName: GCC  CompilerVersion: 8.4.0
ProgramName: mri_watershed  ProgramArguments: mri_watershed -all-info  ProgramVersion: 7.3.2  TimeStamp: 2026/03/10-06:59:28-GMT  BuildTime: Aug  4 2022 06:17:15  BuildStamp: freesurfer-linux-ubuntu22_x86_64-7.3.2-20220804-6354275  User: oesteban  Machine: dna029  Platform: Linux  PlatformVersion: 5.14.0-427.37.1.el9_4.x86_64  CompilerName: GCC  CompilerVersion: 8.4.0
ProgramName: tkregister2  ProgramArguments: tkregister2_cmdl -all-info  ProgramVersion: 7.3.2  TimeStamp: 2026/03/10-06:59:28-GMT  BuildTime: Aug  4 2022 06:17:15  BuildStamp: freesurfer-linux-ubuntu22_x86_64-7.3.2-20220804-6354275  User: oesteban  Machine: dna029  Platform: Linux  PlatformVersion: 5.14.0-427.37.1.el9_4.x86_64  CompilerName: GCC  CompilerVersion: 8.4.0
mri_motion_correct.fsl 7.3.2
mri_convert -all-info 
ProgramName: mri_convert  ProgramArguments: mri_convert -all-info  ProgramVersion: 7.3.2  TimeStamp: 2026/03/10-06:59:28-GMT  BuildTime: Aug  4 2022 06:17:15  BuildStamp: freesurfer-linux-ubuntu22_x86_64-7.3.2-20220804-6354275  User: oesteban  Machine: dna029  Platform: Linux  PlatformVersion: 5.14.0-427.37.1.el9_4.x86_64  CompilerName: GCC  CompilerVersion: 8.4.0
Program nu_correct, built from:
Package MNI N3, version 1.12.0, compiled by nicks@terrier (x86_64-unknown-linux-gnu) on 2015-06-19 at 01:25:34
#######################################
GCADIR /opt/freesurfer/average
GCA RB_all_2020-01-02.gca
GCASkull RB_all_withskull_2020_01_02.gca
AvgCurvTif folding.atlas.acfb40.noaparc.i12.2016-08-02.tif
GCSDIR /opt/freesurfer/average
GCS DKaparc.atlas.acfb40.noaparc.i12.2016-08-02.gcs
#######################################
#@# white curv lh Tue Mar 10 07:59:28 CET 2026
cd /out/sourcedata/freesurfer/sub-v1s6x0051321_ses-1/mri
mris_place_surface --curv-map ../surf/lh.white 2 10 ../surf/lh.curv
   Update not needed
#@# white area lh Tue Mar 10 07:59:28 CET 2026
cd /out/sourcedata/freesurfer/sub-v1s6x0051321_ses-1/mri
mris_place_surface --area-map ../surf/lh.white ../surf/lh.area
   Update not needed
#@# pial curv lh Tue Mar 10 07:59:29 CET 2026
cd /out/sourcedata/freesurfer/sub-v1s6x0051321_ses-1/mri
mris_place_surface --curv-map ../surf/lh.pial 2 10 ../surf/lh.curv.pial
   Update not needed
#@# pial area lh Tue Mar 10 07:59:29 CET 2026
cd /out/sourcedata/freesurfer/sub-v1s6x0051321_ses-1/mri
mris_place_surface --area-map ../surf/lh.pial ../surf/lh.area.pial
   Update not needed
#@# thickness lh Tue Mar 10 07:59:29 CET 2026
cd /out/sourcedata/freesurfer/sub-v1s6x0051321_ses-1/mri
mris_place_surface --thickness ../surf/lh.white ../surf/lh.pial 20 5 ../surf/lh.thickness
   Update not needed
#@# area and vertex vol lh Tue Mar 10 07:59:29 CET 2026
cd /out/sourcedata/freesurfer/sub-v1s6x0051321_ses-1/mri
mris_place_surface --thickness ../surf/lh.white ../surf/lh.pial 20 5 ../surf/lh.thickness
   Update not needed
#@# white curv rh Tue Mar 10 07:59:29 CET 2026
cd /out/sourcedata/freesurfer/sub-v1s6x0051321_ses-1/mri
mris_place_surface --curv-map ../surf/rh.white 2 10 ../surf/rh.curv
   Update not needed
#@# white area rh Tue Mar 10 07:59:29 CET 2026
cd /out/sourcedata/freesurfer/sub-v1s6x0051321_ses-1/mri
mris_place_surface --area-map ../surf/rh.white ../surf/rh.area
   Update not needed
#@# pial curv rh Tue Mar 10 07:59:29 CET 2026
cd /out/sourcedata/freesurfer/sub-v1s6x0051321_ses-1/mri
mris_place_surface --curv-map ../surf/rh.pial 2 10 ../surf/rh.curv.pial
   Update not needed
#@# pial area rh Tue Mar 10 07:59:29 CET 2026
cd /out/sourcedata/freesurfer/sub-v1s6x0051321_ses-1/mri
mris_place_surface --area-map ../surf/rh.pial ../surf/rh.area.pial
   Update not needed
#@# thickness rh Tue Mar 10 07:59:29 CET 2026
cd /out/sourcedata/freesurfer/sub-v1s6x0051321_ses-1/mri
mris_place_surface --thickness ../surf/rh.white ../surf/rh.pial 20 5 ../surf/rh.thickness
   Update not needed
#@# area and vertex vol rh Tue Mar 10 07:59:29 CET 2026
cd /out/sourcedata/freesurfer/sub-v1s6x0051321_ses-1/mri
mris_place_surface --thickness ../surf/rh.white ../surf/rh.pial 20 5 ../surf/rh.thickness
   Update not needed
#--------------------------------------------
#@# Cortical ribbon mask Tue Mar 10 07:59:29 CET 2026
/out/sourcedata/freesurfer/sub-v1s6x0051321_ses-1/mri

 mris_volmask --aseg_name aseg.presurf --label_left_white 2 --label_left_ribbon 3 --label_right_white 41 --label_right_ribbon 42 --save_ribbon sub-v1s6x0051321_ses-1 

SUBJECTS_DIR is /out/sourcedata/freesurfer
loading input data...
Running hemis serially
Processing left hemi
computing distance to left white surface 
computing distance to left pial surface 
Processing right hemi
computing distance to right white surface 
computing distance to right pial surface 
 hemi masks overlap voxels = 147
writing volume /out/sourcedata/freesurfer/sub-v1s6x0051321_ses-1/mri/ribbon.mgz
mris_volmask took 3.32 minutes
 writing ribbon files

Started at Tue Mar 10 07:59:28 CET 2026 
Ended   at Tue Mar 10 08:02:48 CET 2026
#@#%# recon-all-run-time-hours 0.056
recon-all -s sub-v1s6x0051321_ses-1 finished without error at Tue Mar 10 08:02:48 CET 2026



#New# invocation of recon-all 




Tue Mar 10 08:09:32 CET 2026
cd /out/sourcedata/freesurfer/sub-v1s6x0051321_ses-1
setenv SUBJECTS_DIR /out/sourcedata/freesurfer
/opt/freesurfer/bin/recon-all -autorecon3 -openmp 16 -subjid sub-v1s6x0051321_ses-1 -sd /out/sourcedata/freesurfer -nosphere -nosurfreg -nojacobian_white -noavgcurv -nocortparc -nopial -noparcstats -nocortparc2 -noparcstats2 -nocortparc3 -noparcstats3 -nopctsurfcon -nocortribbon -nobalabels

subjid sub-v1s6x0051321_ses-1
setenv SUBJECTS_DIR /out/sourcedata/freesurfer
FREESURFER_HOME /opt/freesurfer
Actual FREESURFER_HOME /opt/freesurfer
build-stamp.txt: freesurfer-linux-ubuntu22_x86_64-7.3.2-20220804-6354275
Linux dna029 5.14.0-427.37.1.el9_4.x86_64 #1 SMP PREEMPT_DYNAMIC Fri Sep 13 12:41:50 EDT 2024 x86_64 x86_64 x86_64 GNU/Linux
cputime      unlimited
filesize     unlimited
datasize     unlimited
stacksize    8192 kbytes
coredumpsize 0 kbytes
memoryuse    67108864 kbytes
vmemoryuse   unlimited
descriptors  1024 
memorylocked unlimited
maxproc      2061970 
maxlocks     unlimited
maxsignal    2061970 
maxmessage   819200 
maxnice      0 
maxrtprio    0 
maxrttime    unlimited

               total        used        free      shared  buff/cache   available
Mem:           503Gi        50Gi       416Gi       9.2Gi        36Gi       440Gi
Swap:             0B          0B          0B

########################################
program versions used
7.3.2 (freesurfer-linux-ubuntu22_x86_64-7.3.2-20220804-6354275)
7.3.2

ProgramName: lta_convert  ProgramArguments: lta_convert -all-info  ProgramVersion: 7.3.2  TimeStamp: 2026/03/10-07:09:32-GMT  BuildTime: Aug  4 2022 06:17:15  BuildStamp: freesurfer-linux-ubuntu22_x86_64-7.3.2-20220804-6354275  User: oesteban  Machine: dna029  Platform: Linux  PlatformVersion: 5.14.0-427.37.1.el9_4.x86_64  CompilerName: GCC  CompilerVersion: 8.4.0
ProgramName: mri_and  ProgramArguments: mri_and -all-info  ProgramVersion: 7.3.2  TimeStamp: 2026/03/10-07:09:32-GMT  BuildTime: Aug  4 2022 06:17:15  BuildStamp: freesurfer-linux-ubuntu22_x86_64-7.3.2-20220804-6354275  User: oesteban  Machine: dna029  Platform: Linux  PlatformVersion: 5.14.0-427.37.1.el9_4.x86_64  CompilerName: GCC  CompilerVersion: 8.4.0
ProgramName: mri_annotation2label  ProgramArguments: mri_annotation2label -all-info  ProgramVersion: 7.3.2  TimeStamp: 2026/03/10-07:09:32-GMT  BuildTime: Aug  4 2022 06:17:15  BuildStamp: freesurfer-linux-ubuntu22_x86_64-7.3.2-20220804-6354275  User: oesteban  Machine: dna029  Platform: Linux  PlatformVersion: 5.14.0-427.37.1.el9_4.x86_64  CompilerName: GCC  CompilerVersion: 8.4.0
ProgramName: mri_aparc2aseg  ProgramArguments: mri_aparc2aseg -all-info  ProgramVersion: 7.3.2  TimeStamp: 2026/03/10-07:09:32-GMT  BuildTime: Aug  4 2022 06:17:15  BuildStamp: freesurfer-linux-ubuntu22_x86_64-7.3.2-20220804-6354275  User: oesteban  Machine: dna029  Platform: Linux  PlatformVersion: 5.14.0-427.37.1.el9_4.x86_64  CompilerName: GCC  CompilerVersion: 8.4.0
ProgramName: mri_surf2volseg  ProgramArguments: mri_surf2volseg -all-info  ProgramVersion: 7.3.2  TimeStamp: 2026/03/10-07:09:32-GMT  BuildTime: Aug  4 2022 06:17:15  BuildStamp: freesurfer-linux-ubuntu22_x86_64-7.3.2-20220804-6354275  User: oesteban  Machine: dna029  Platform: Linux  PlatformVersion: 5.14.0-427.37.1.el9_4.x86_64  CompilerName: GCC  CompilerVersion: 8.4.0
ProgramName: mri_binarize  ProgramArguments: mri_binarize -all-info  ProgramVersion: 7.3.2  TimeStamp: 2026/03/10-07:09:32-GMT  BuildTime: Aug  4 2022 06:17:15  BuildStamp: freesurfer-linux-ubuntu22_x86_64-7.3.2-20220804-6354275  User: oesteban  Machine: dna029  Platform: Linux  PlatformVersion: 5.14.0-427.37.1.el9_4.x86_64  CompilerName: GCC  CompilerVersion: 8.4.0
ProgramName: mri_ca_label  ProgramArguments: mri_ca_label -all-info  ProgramVersion: 7.3.2  TimeStamp: 2026/03/10-07:09:32-GMT  BuildTime: Aug  4 2022 06:17:15  BuildStamp: freesurfer-linux-ubuntu22_x86_64-7.3.2-20220804-6354275  User: oesteban  Machine: dna029  Platform: Linux  PlatformVersion: 5.14.0-427.37.1.el9_4.x86_64  CompilerName: GCC  CompilerVersion: 8.4.0
ProgramName: mri_ca_normalize  ProgramArguments: mri_ca_normalize -all-info  ProgramVersion: 7.3.2  TimeStamp: 2026/03/10-07:09:32-GMT  BuildTime: Aug  4 2022 06:17:15  BuildStamp: freesurfer-linux-ubuntu22_x86_64-7.3.2-20220804-6354275  User: oesteban  Machine: dna029  Platform: Linux  PlatformVersion: 5.14.0-427.37.1.el9_4.x86_64  CompilerName: GCC  CompilerVersion: 8.4.0
ProgramName: mri_ca_register  ProgramArguments: mri_ca_register -all-info  ProgramVersion: 7.3.2  TimeStamp: 2026/03/10-07:09:32-GMT  BuildTime: Aug  4 2022 06:17:15  BuildStamp: freesurfer-linux-ubuntu22_x86_64-7.3.2-20220804-6354275  User: oesteban  Machine: dna029  Platform: Linux  PlatformVersion: 5.14.0-427.37.1.el9_4.x86_64  CompilerName: GCC  CompilerVersion: 8.4.0
ProgramName: mri_cc  ProgramArguments: mri_cc -all-info  ProgramVersion: 7.3.2  TimeStamp: 2026/03/10-07:09:32-GMT  BuildTime: Aug  4 2022 06:17:15  BuildStamp: freesurfer-linux-ubuntu22_x86_64-7.3.2-20220804-6354275  User: oesteban  Machine: dna029  Platform: Linux  PlatformVersion: 5.14.0-427.37.1.el9_4.x86_64  CompilerName: GCC  CompilerVersion: 8.4.0
ProgramName: mri_compute_overlap  ProgramArguments: mri_compute_overlap -all-info  ProgramVersion: 7.3.2  TimeStamp: 2026/03/10-07:09:32-GMT  BuildTime: Aug  4 2022 06:17:15  BuildStamp: freesurfer-linux-ubuntu22_x86_64-7.3.2-20220804-6354275  User: oesteban  Machine: dna029  Platform: Linux  PlatformVersion: 5.14.0-427.37.1.el9_4.x86_64  CompilerName: GCC  CompilerVersion: 8.4.0
ProgramName: mri_compute_seg_overlap  ProgramArguments: mri_compute_seg_overlap -all-info  ProgramVersion: 7.3.2  TimeStamp: 2026/03/10-07:09:32-GMT  BuildTime: Aug  4 2022 06:17:15  BuildStamp: freesurfer-linux-ubuntu22_x86_64-7.3.2-20220804-6354275  User: oesteban  Machine: dna029  Platform: Linux  PlatformVersion: 5.14.0-427.37.1.el9_4.x86_64  CompilerName: GCC  CompilerVersion: 8.4.0
ProgramName: mri_concat  ProgramArguments: mri_concat -all-info  ProgramVersion: 7.3.2  TimeStamp: 2026/03/10-07:09:32-GMT  BuildTime: Aug  4 2022 06:17:15  BuildStamp: freesurfer-linux-ubuntu22_x86_64-7.3.2-20220804-6354275  User: oesteban  Machine: dna029  Platform: Linux  PlatformVersion: 5.14.0-427.37.1.el9_4.x86_64  CompilerName: GCC  CompilerVersion: 8.4.0
ProgramName: mri_concatenate_lta  ProgramArguments: mri_concatenate_lta -all-info  ProgramVersion: 7.3.2  TimeStamp: 2026/03/10-07:09:32-GMT  BuildTime: Aug  4 2022 06:17:15  BuildStamp: freesurfer-linux-ubuntu22_x86_64-7.3.2-20220804-6354275  User: oesteban  Machine: dna029  Platform: Linux  PlatformVersion: 5.14.0-427.37.1.el9_4.x86_64  CompilerName: GCC  CompilerVersion: 8.4.0
mri_convert -all-info 
ProgramName: mri_convert  ProgramArguments: mri_convert -all-info  ProgramVersion: 7.3.2  TimeStamp: 2026/03/10-07:09:32-GMT  BuildTime: Aug  4 2022 06:17:15  BuildStamp: freesurfer-linux-ubuntu22_x86_64-7.3.2-20220804-6354275  User: oesteban  Machine: dna029  Platform: Linux  PlatformVersion: 5.14.0-427.37.1.el9_4.x86_64  CompilerName: GCC  CompilerVersion: 8.4.0
ProgramName: mri_diff  ProgramArguments: mri_diff -all-info  ProgramVersion: 7.3.2  TimeStamp: 2026/03/10-07:09:32-GMT  BuildTime: Aug  4 2022 06:17:15  BuildStamp: freesurfer-linux-ubuntu22_x86_64-7.3.2-20220804-6354275  User: oesteban  Machine: dna029  Platform: Linux  PlatformVersion: 5.14.0-427.37.1.el9_4.x86_64  CompilerName: GCC  CompilerVersion: 8.4.0
ProgramName: mri_edit_wm_with_aseg  ProgramArguments: mri_edit_wm_with_aseg -all-info  ProgramVersion: 7.3.2  TimeStamp: 2026/03/10-07:09:32-GMT  BuildTime: Aug  4 2022 06:17:15  BuildStamp: freesurfer-linux-ubuntu22_x86_64-7.3.2-20220804-6354275  User: oesteban  Machine: dna029  Platform: Linux  PlatformVersion: 5.14.0-427.37.1.el9_4.x86_64  CompilerName: GCC  CompilerVersion: 8.4.0
ProgramName: mri_em_register  ProgramArguments: mri_em_register -all-info  ProgramVersion: 7.3.2  TimeStamp: 2026/03/10-07:09:32-GMT  BuildTime: Aug  4 2022 06:17:15  BuildStamp: freesurfer-linux-ubuntu22_x86_64-7.3.2-20220804-6354275  User: oesteban  Machine: dna029  Platform: Linux  PlatformVersion: 5.14.0-427.37.1.el9_4.x86_64  CompilerName: GCC  CompilerVersion: 8.4.0
ProgramName: mri_fill  ProgramArguments: mri_fill -all-info  ProgramVersion: 7.3.2  TimeStamp: 2026/03/10-07:09:32-GMT  BuildTime: Aug  4 2022 06:17:15  BuildStamp: freesurfer-linux-ubuntu22_x86_64-7.3.2-20220804-6354275  User: oesteban  Machine: dna029  Platform: Linux  PlatformVersion: 5.14.0-427.37.1.el9_4.x86_64  CompilerName: GCC  CompilerVersion: 8.4.0
ProgramName: mri_fuse_segmentations  ProgramArguments: mri_fuse_segmentations -all-info  ProgramVersion: 7.3.2  TimeStamp: 2026/03/10-07:09:32-GMT  BuildTime: Aug  4 2022 06:17:15  BuildStamp: freesurfer-linux-ubuntu22_x86_64-7.3.2-20220804-6354275  User: oesteban  Machine: dna029  Platform: Linux  PlatformVersion: 5.14.0-427.37.1.el9_4.x86_64  CompilerName: GCC  CompilerVersion: 8.4.0
ProgramName: mri_fwhm  ProgramArguments: mri_fwhm -all-info  ProgramVersion: 7.3.2  TimeStamp: 2026/03/10-07:09:32-GMT  BuildTime: Aug  4 2022 06:17:15  BuildStamp: freesurfer-linux-ubuntu22_x86_64-7.3.2-20220804-6354275  User: oesteban  Machine: dna029  Platform: Linux  PlatformVersion: 5.14.0-427.37.1.el9_4.x86_64  CompilerName: GCC  CompilerVersion: 8.4.0
ProgramName: mri_gcut  ProgramArguments: mri_gcut -all-info  ProgramVersion: 7.3.2  TimeStamp: 2026/03/10-07:09:32-GMT  BuildTime: Aug  4 2022 06:17:15  BuildStamp: freesurfer-linux-ubuntu22_x86_64-7.3.2-20220804-6354275  User: oesteban  Machine: dna029  Platform: Linux  PlatformVersion: 5.14.0-427.37.1.el9_4.x86_64  CompilerName: GCC  CompilerVersion: 8.4.0
ProgramName: mri_info  ProgramArguments: mri_info -all-info  ProgramVersion: 7.3.2  TimeStamp: 2026/03/10-07:09:32-GMT  BuildTime: Aug  4 2022 06:17:15  BuildStamp: freesurfer-linux-ubuntu22_x86_64-7.3.2-20220804-6354275  User: oesteban  Machine: dna029  Platform: Linux  PlatformVersion: 5.14.0-427.37.1.el9_4.x86_64  CompilerName: GCC  CompilerVersion: 8.4.0
ProgramName: mri_label2label  ProgramArguments: mri_label2label -all-info  ProgramVersion: 7.3.2  TimeStamp: 2026/03/10-07:09:32-GMT  BuildTime: Aug  4 2022 06:17:15  BuildStamp: freesurfer-linux-ubuntu22_x86_64-7.3.2-20220804-6354275  User: oesteban  Machine: dna029  Platform: Linux  PlatformVersion: 5.14.0-427.37.1.el9_4.x86_64  CompilerName: GCC  CompilerVersion: 8.4.0
ProgramName: mri_label2vol  ProgramArguments: mri_label2vol -all-info  ProgramVersion: 7.3.2  TimeStamp: 2026/03/10-07:09:32-GMT  BuildTime: Aug  4 2022 06:17:15  BuildStamp: freesurfer-linux-ubuntu22_x86_64-7.3.2-20220804-6354275  User: oesteban  Machine: dna029  Platform: Linux  PlatformVersion: 5.14.0-427.37.1.el9_4.x86_64  CompilerName: GCC  CompilerVersion: 8.4.0
ProgramName: mri_log_likelihood  ProgramArguments: mri_log_likelihood -all-info  ProgramVersion: 7.3.2  TimeStamp: 2026/03/10-07:09:32-GMT  BuildTime: Aug  4 2022 06:17:15  BuildStamp: freesurfer-linux-ubuntu22_x86_64-7.3.2-20220804-6354275  User: oesteban  Machine: dna029  Platform: Linux  PlatformVersion: 5.14.0-427.37.1.el9_4.x86_64  CompilerName: GCC  CompilerVersion: 8.4.0
ProgramName: mri_mask  ProgramArguments: mri_mask -all-info  ProgramVersion: 7.3.2  TimeStamp: 2026/03/10-07:09:32-GMT  BuildTime: Aug  4 2022 06:17:15  BuildStamp: freesurfer-linux-ubuntu22_x86_64-7.3.2-20220804-6354275  User: oesteban  Machine: dna029  Platform: Linux  PlatformVersion: 5.14.0-427.37.1.el9_4.x86_64  CompilerName: GCC  CompilerVersion: 8.4.0
ProgramName: mri_matrix_multiply  ProgramArguments: mri_matrix_multiply -all-info  ProgramVersion: 7.3.2  TimeStamp: 2026/03/10-07:09:32-GMT  BuildTime: Aug  4 2022 06:17:15  BuildStamp: freesurfer-linux-ubuntu22_x86_64-7.3.2-20220804-6354275  User: oesteban  Machine: dna029  Platform: Linux  PlatformVersion: 5.14.0-427.37.1.el9_4.x86_64  CompilerName: GCC  CompilerVersion: 8.4.0
ProgramName: mri_normalize  ProgramArguments: mri_normalize -all-info  ProgramVersion: 7.3.2  TimeStamp: 2026/03/10-07:09:32-GMT  BuildTime: Aug  4 2022 06:17:15  BuildStamp: freesurfer-linux-ubuntu22_x86_64-7.3.2-20220804-6354275  User: oesteban  Machine: dna029  Platform: Linux  PlatformVersion: 5.14.0-427.37.1.el9_4.x86_64  CompilerName: GCC  CompilerVersion: 8.4.0
ProgramName: mri_normalize_tp2  ProgramArguments: mri_normalize_tp2 -all-info  ProgramVersion: 7.3.2  TimeStamp: 2026/03/10-07:09:32-GMT  BuildTime: Aug  4 2022 06:17:15  BuildStamp: freesurfer-linux-ubuntu22_x86_64-7.3.2-20220804-6354275  User: oesteban  Machine: dna029  Platform: Linux  PlatformVersion: 5.14.0-427.37.1.el9_4.x86_64  CompilerName: GCC  CompilerVersion: 8.4.0
ProgramName: mri_or  ProgramArguments: mri_or -all-info  ProgramVersion: 7.3.2  TimeStamp: 2026/03/10-07:09:32-GMT  BuildTime: Aug  4 2022 06:17:15  BuildStamp: freesurfer-linux-ubuntu22_x86_64-7.3.2-20220804-6354275  User: oesteban  Machine: dna029  Platform: Linux  PlatformVersion: 5.14.0-427.37.1.el9_4.x86_64  CompilerName: GCC  CompilerVersion: 8.4.0
ProgramName: mri_relabel_hypointensities  ProgramArguments: mri_relabel_hypointensities -all-info  ProgramVersion: 7.3.2  TimeStamp: 2026/03/10-07:09:32-GMT  BuildTime: Aug  4 2022 06:17:15  BuildStamp: freesurfer-linux-ubuntu22_x86_64-7.3.2-20220804-6354275  User: oesteban  Machine: dna029  Platform: Linux  PlatformVersion: 5.14.0-427.37.1.el9_4.x86_64  CompilerName: GCC  CompilerVersion: 8.4.0
ProgramName: mri_relabel_nonwm_hypos  ProgramArguments: mri_relabel_nonwm_hypos -all-info  ProgramVersion: 7.3.2  TimeStamp: 2026/03/10-07:09:32-GMT  BuildTime: Aug  4 2022 06:17:15  BuildStamp: freesurfer-linux-ubuntu22_x86_64-7.3.2-20220804-6354275  User: oesteban  Machine: dna029  Platform: Linux  PlatformVersion: 5.14.0-427.37.1.el9_4.x86_64  CompilerName: GCC  CompilerVersion: 8.4.0
ProgramName: mri_remove_neck  ProgramArguments: mri_remove_neck -all-info  ProgramVersion: 7.3.2  TimeStamp: 2026/03/10-07:09:32-GMT  BuildTime: Aug  4 2022 06:17:15  BuildStamp: freesurfer-linux-ubuntu22_x86_64-7.3.2-20220804-6354275  User: oesteban  Machine: dna029  Platform: Linux  PlatformVersion: 5.14.0-427.37.1.el9_4.x86_64  CompilerName: GCC  CompilerVersion: 8.4.0
7.3.2

ProgramName: mri_robust_register  ProgramArguments: mri_robust_register -all-info  ProgramVersion: 7.3.2  TimeStamp: 2026/03/10-07:09:32-GMT  BuildTime: Aug  4 2022 06:17:15  BuildStamp: freesurfer-linux-ubuntu22_x86_64-7.3.2-20220804-6354275  User: oesteban  Machine: dna029  Platform: Linux  PlatformVersion: 5.14.0-427.37.1.el9_4.x86_64  CompilerName: GCC  CompilerVersion: 8.4.0
7.3.2

ProgramName: mri_robust_template  ProgramArguments: mri_robust_template -all-info  ProgramVersion: 7.3.2  TimeStamp: 2026/03/10-07:09:32-GMT  BuildTime: Aug  4 2022 06:17:15  BuildStamp: freesurfer-linux-ubuntu22_x86_64-7.3.2-20220804-6354275  User: oesteban  Machine: dna029  Platform: Linux  PlatformVersion: 5.14.0-427.37.1.el9_4.x86_64  CompilerName: GCC  CompilerVersion: 8.4.0
ProgramName: mris_anatomical_stats  ProgramArguments: mris_anatomical_stats -all-info  ProgramVersion: 7.3.2  TimeStamp: 2026/03/10-07:09:32-GMT  BuildTime: Aug  4 2022 06:17:15  BuildStamp: freesurfer-linux-ubuntu22_x86_64-7.3.2-20220804-6354275  User: oesteban  Machine: dna029  Platform: Linux  PlatformVersion: 5.14.0-427.37.1.el9_4.x86_64  CompilerName: GCC  CompilerVersion: 8.4.0
ProgramName: mris_ca_label  ProgramArguments: mris_ca_label -all-info  ProgramVersion: 7.3.2  TimeStamp: 2026/03/10-07:09:32-GMT  BuildTime: Aug  4 2022 06:17:15  BuildStamp: freesurfer-linux-ubuntu22_x86_64-7.3.2-20220804-6354275  User: oesteban  Machine: dna029  Platform: Linux  PlatformVersion: 5.14.0-427.37.1.el9_4.x86_64  CompilerName: GCC  CompilerVersion: 8.4.0
ProgramName: mris_calc  ProgramArguments: mris_calc -all-info  ProgramVersion: 7.3.2  TimeStamp: 2026/03/10-07:09:32-GMT  BuildTime: Aug  4 2022 06:17:15  BuildStamp: freesurfer-linux-ubuntu22_x86_64-7.3.2-20220804-6354275  User: oesteban  Machine: dna029  Platform: Linux  PlatformVersion: 5.14.0-427.37.1.el9_4.x86_64  CompilerName: GCC  CompilerVersion: 8.4.0
ProgramName: mris_convert  ProgramArguments: mris_convert -all-info  ProgramVersion: 7.3.2  TimeStamp: 2026/03/10-07:09:32-GMT  BuildTime: Aug  4 2022 06:17:15  BuildStamp: freesurfer-linux-ubuntu22_x86_64-7.3.2-20220804-6354275  User: oesteban  Machine: dna029  Platform: Linux  PlatformVersion: 5.14.0-427.37.1.el9_4.x86_64  CompilerName: GCC  CompilerVersion: 8.4.0
ProgramName: mris_curvature  ProgramArguments: mris_curvature -all-info  ProgramVersion: 7.3.2  TimeStamp: 2026/03/10-07:09:32-GMT  BuildTime: Aug  4 2022 06:17:15  BuildStamp: freesurfer-linux-ubuntu22_x86_64-7.3.2-20220804-6354275  User: oesteban  Machine: dna029  Platform: Linux  PlatformVersion: 5.14.0-427.37.1.el9_4.x86_64  CompilerName: GCC  CompilerVersion: 8.4.0
ProgramName: mris_curvature_stats  ProgramArguments: mris_curvature_stats -all-info  ProgramVersion: 7.3.2  TimeStamp: 2026/03/10-07:09:32-GMT  BuildTime: Aug  4 2022 06:17:15  BuildStamp: freesurfer-linux-ubuntu22_x86_64-7.3.2-20220804-6354275  User: oesteban  Machine: dna029  Platform: Linux  PlatformVersion: 5.14.0-427.37.1.el9_4.x86_64  CompilerName: GCC  CompilerVersion: 8.4.0
ProgramName: mris_diff  ProgramArguments: mris_diff -all-info  ProgramVersion: 7.3.2  TimeStamp: 2026/03/10-07:09:32-GMT  BuildTime: Aug  4 2022 06:17:15  BuildStamp: freesurfer-linux-ubuntu22_x86_64-7.3.2-20220804-6354275  User: oesteban  Machine: dna029  Platform: Linux  PlatformVersion: 5.14.0-427.37.1.el9_4.x86_64  CompilerName: GCC  CompilerVersion: 8.4.0
ProgramName: mris_divide_parcellation  ProgramArguments: mris_divide_parcellation -all-info  ProgramVersion: 7.3.2  TimeStamp: 2026/03/10-07:09:32-GMT  BuildTime: Aug  4 2022 06:17:15  BuildStamp: freesurfer-linux-ubuntu22_x86_64-7.3.2-20220804-6354275  User: oesteban  Machine: dna029  Platform: Linux  PlatformVersion: 5.14.0-427.37.1.el9_4.x86_64  CompilerName: GCC  CompilerVersion: 8.4.0
ProgramName: mri_segment  ProgramArguments: mri_segment -all-info  ProgramVersion: 7.3.2  TimeStamp: 2026/03/10-07:09:32-GMT  BuildTime: Aug  4 2022 06:17:15  BuildStamp: freesurfer-linux-ubuntu22_x86_64-7.3.2-20220804-6354275  User: oesteban  Machine: dna029  Platform: Linux  PlatformVersion: 5.14.0-427.37.1.el9_4.x86_64  CompilerName: GCC  CompilerVersion: 8.4.0
ProgramName: mri_segstats  ProgramArguments: mri_segstats -all-info  ProgramVersion: 7.3.2  TimeStamp: 2026/03/10-07:09:32-GMT  BuildTime: Aug  4 2022 06:17:15  BuildStamp: freesurfer-linux-ubuntu22_x86_64-7.3.2-20220804-6354275  User: oesteban  Machine: dna029  Platform: Linux  PlatformVersion: 5.14.0-427.37.1.el9_4.x86_64  CompilerName: GCC  CompilerVersion: 8.4.0
ProgramName: mris_euler_number  ProgramArguments: mris_euler_number -all-info  ProgramVersion: 7.3.2  TimeStamp: 2026/03/10-07:09:32-GMT  BuildTime: Aug  4 2022 06:17:15  BuildStamp: freesurfer-linux-ubuntu22_x86_64-7.3.2-20220804-6354275  User: oesteban  Machine: dna029  Platform: Linux  PlatformVersion: 5.14.0-427.37.1.el9_4.x86_64  CompilerName: GCC  CompilerVersion: 8.4.0
ProgramName: mris_fix_topology  ProgramArguments: mris_fix_topology -all-info  ProgramVersion: 7.3.2  TimeStamp: 2026/03/10-07:09:32-GMT  BuildTime: Aug  4 2022 06:17:15  BuildStamp: freesurfer-linux-ubuntu22_x86_64-7.3.2-20220804-6354275  User: oesteban  Machine: dna029  Platform: Linux  PlatformVersion: 5.14.0-427.37.1.el9_4.x86_64  CompilerName: GCC  CompilerVersion: 8.4.0
ProgramName: mris_topo_fixer  ProgramArguments: mris_topo_fixer -all-info  ProgramVersion: 7.3.2  TimeStamp: 2026/03/10-07:09:32-GMT  BuildTime: Aug  4 2022 06:17:15  BuildStamp: freesurfer-linux-ubuntu22_x86_64-7.3.2-20220804-6354275  User: oesteban  Machine: dna029  Platform: Linux  PlatformVersion: 5.14.0-427.37.1.el9_4.x86_64  CompilerName: GCC  CompilerVersion: 8.4.0
ProgramName: mris_jacobian  ProgramArguments: mris_jacobian -all-info  ProgramVersion: 7.3.2  TimeStamp: 2026/03/10-07:09:32-GMT  BuildTime: Aug  4 2022 06:17:15  BuildStamp: freesurfer-linux-ubuntu22_x86_64-7.3.2-20220804-6354275  User: oesteban  Machine: dna029  Platform: Linux  PlatformVersion: 5.14.0-427.37.1.el9_4.x86_64  CompilerName: GCC  CompilerVersion: 8.4.0
ProgramName: mris_label2annot  ProgramArguments: mris_label2annot -all-info  ProgramVersion: 7.3.2  TimeStamp: 2026/03/10-07:09:32-GMT  BuildTime: Aug  4 2022 06:17:15  BuildStamp: freesurfer-linux-ubuntu22_x86_64-7.3.2-20220804-6354275  User: oesteban  Machine: dna029  Platform: Linux  PlatformVersion: 5.14.0-427.37.1.el9_4.x86_64  CompilerName: GCC  CompilerVersion: 8.4.0
ProgramName: mris_left_right_register  ProgramArguments: mris_left_right_register -all-info  ProgramVersion: 7.3.2  TimeStamp: 2026/03/10-07:09:32-GMT  BuildTime: Aug  4 2022 06:17:15  BuildStamp: freesurfer-linux-ubuntu22_x86_64-7.3.2-20220804-6354275  User: oesteban  Machine: dna029  Platform: Linux  PlatformVersion: 5.14.0-427.37.1.el9_4.x86_64  CompilerName: GCC  CompilerVersion: 8.4.0
ProgramName: mris_place_surface  ProgramArguments: mris_place_surface -all-info  ProgramVersion: 7.3.2  TimeStamp: 2026/03/10-07:09:32-GMT  BuildTime: Aug  4 2022 06:17:15  BuildStamp: freesurfer-linux-ubuntu22_x86_64-7.3.2-20220804-6354275  User: oesteban  Machine: dna029  Platform: Linux  PlatformVersion: 5.14.0-427.37.1.el9_4.x86_64  CompilerName: GCC  CompilerVersion: 8.4.0
ProgramName: mrisp_paint  ProgramArguments: mrisp_paint -all-info  ProgramVersion: 7.3.2  TimeStamp: 2026/03/10-07:09:32-GMT  BuildTime: Aug  4 2022 06:17:15  BuildStamp: freesurfer-linux-ubuntu22_x86_64-7.3.2-20220804-6354275  User: oesteban  Machine: dna029  Platform: Linux  PlatformVersion: 5.14.0-427.37.1.el9_4.x86_64  CompilerName: GCC  CompilerVersion: 8.4.0
ProgramName: mris_register  ProgramArguments: mris_register -all-info  ProgramVersion: 7.3.2  TimeStamp: 2026/03/10-07:09:32-GMT  BuildTime: Aug  4 2022 06:17:15  BuildStamp: freesurfer-linux-ubuntu22_x86_64-7.3.2-20220804-6354275  User: oesteban  Machine: dna029  Platform: Linux  PlatformVersion: 5.14.0-427.37.1.el9_4.x86_64  CompilerName: GCC  CompilerVersion: 8.4.0
ProgramName: mris_smooth  ProgramArguments: mris_smooth -all-info  ProgramVersion: 7.3.2  TimeStamp: 2026/03/10-07:09:32-GMT  BuildTime: Aug  4 2022 06:17:15  BuildStamp: freesurfer-linux-ubuntu22_x86_64-7.3.2-20220804-6354275  User: oesteban  Machine: dna029  Platform: Linux  PlatformVersion: 5.14.0-427.37.1.el9_4.x86_64  CompilerName: GCC  CompilerVersion: 8.4.0
ProgramName: mris_sphere  ProgramArguments: mris_sphere -all-info  ProgramVersion: 7.3.2  TimeStamp: 2026/03/10-07:09:32-GMT  BuildTime: Aug  4 2022 06:17:15  BuildStamp: freesurfer-linux-ubuntu22_x86_64-7.3.2-20220804-6354275  User: oesteban  Machine: dna029  Platform: Linux  PlatformVersion: 5.14.0-427.37.1.el9_4.x86_64  CompilerName: GCC  CompilerVersion: 8.4.0
ProgramName: mris_surface_stats  ProgramArguments: mris_surface_stats -all-info  ProgramVersion: 7.3.2  TimeStamp: 2026/03/10-07:09:32-GMT  BuildTime: Aug  4 2022 06:17:15  BuildStamp: freesurfer-linux-ubuntu22_x86_64-7.3.2-20220804-6354275  User: oesteban  Machine: dna029  Platform: Linux  PlatformVersion: 5.14.0-427.37.1.el9_4.x86_64  CompilerName: GCC  CompilerVersion: 8.4.0
ProgramName: mri_stats2seg  ProgramArguments: mri_stats2seg -all-info  ProgramVersion: 7.3.2  TimeStamp: 2026/03/10-07:09:32-GMT  BuildTime: Aug  4 2022 06:17:15  BuildStamp: freesurfer-linux-ubuntu22_x86_64-7.3.2-20220804-6354275  User: oesteban  Machine: dna029  Platform: Linux  PlatformVersion: 5.14.0-427.37.1.el9_4.x86_64  CompilerName: GCC  CompilerVersion: 8.4.0
ProgramName: mris_thickness  ProgramArguments: mris_thickness -all-info  ProgramVersion: 7.3.2  TimeStamp: 2026/03/10-07:09:32-GMT  BuildTime: Aug  4 2022 06:17:15  BuildStamp: freesurfer-linux-ubuntu22_x86_64-7.3.2-20220804-6354275  User: oesteban  Machine: dna029  Platform: Linux  PlatformVersion: 5.14.0-427.37.1.el9_4.x86_64  CompilerName: GCC  CompilerVersion: 8.4.0
ProgramName: mris_thickness_diff  ProgramArguments: mris_thickness_diff -all-info  ProgramVersion: 7.3.2  TimeStamp: 2026/03/10-07:09:32-GMT  BuildTime: Aug  4 2022 06:17:15  BuildStamp: freesurfer-linux-ubuntu22_x86_64-7.3.2-20220804-6354275  User: oesteban  Machine: dna029  Platform: Linux  PlatformVersion: 5.14.0-427.37.1.el9_4.x86_64  CompilerName: GCC  CompilerVersion: 8.4.0
ProgramName: mris_topo_fixer  ProgramArguments: mris_topo_fixer -all-info  ProgramVersion: 7.3.2  TimeStamp: 2026/03/10-07:09:32-GMT  BuildTime: Aug  4 2022 06:17:15  BuildStamp: freesurfer-linux-ubuntu22_x86_64-7.3.2-20220804-6354275  User: oesteban  Machine: dna029  Platform: Linux  PlatformVersion: 5.14.0-427.37.1.el9_4.x86_64  CompilerName: GCC  CompilerVersion: 8.4.0
ProgramName: mri_surf2surf  ProgramArguments: mri_surf2surf -all-info  ProgramVersion: 7.3.2  TimeStamp: 2026/03/10-07:09:32-GMT  BuildTime: Aug  4 2022 06:17:15  BuildStamp: freesurfer-linux-ubuntu22_x86_64-7.3.2-20220804-6354275  User: oesteban  Machine: dna029  Platform: Linux  PlatformVersion: 5.14.0-427.37.1.el9_4.x86_64  CompilerName: GCC  CompilerVersion: 8.4.0
ProgramName: mri_surf2vol  ProgramArguments: mri_surf2vol -all-info  ProgramVersion: 7.3.2  TimeStamp: 2026/03/10-07:09:32-GMT  BuildTime: Aug  4 2022 06:17:15  BuildStamp: freesurfer-linux-ubuntu22_x86_64-7.3.2-20220804-6354275  User: oesteban  Machine: dna029  Platform: Linux  PlatformVersion: 5.14.0-427.37.1.el9_4.x86_64  CompilerName: GCC  CompilerVersion: 8.4.0
ProgramName: mri_surfcluster  ProgramArguments: mri_surfcluster -all-info  ProgramVersion: 7.3.2  TimeStamp: 2026/03/10-07:09:32-GMT  BuildTime: Aug  4 2022 06:17:15  BuildStamp: freesurfer-linux-ubuntu22_x86_64-7.3.2-20220804-6354275  User: oesteban  Machine: dna029  Platform: Linux  PlatformVersion: 5.14.0-427.37.1.el9_4.x86_64  CompilerName: GCC  CompilerVersion: 8.4.0
ProgramName: mris_volmask  ProgramArguments: mris_volmask -all-info  ProgramVersion: 7.3.2  TimeStamp: 2026/03/10-07:09:32-GMT  BuildTime: Aug  4 2022 06:17:15  BuildStamp: freesurfer-linux-ubuntu22_x86_64-7.3.2-20220804-6354275  User: oesteban  Machine: dna029  Platform: Linux  PlatformVersion: 5.14.0-427.37.1.el9_4.x86_64  CompilerName: GCC  CompilerVersion: 8.4.0
ProgramName: mri_tessellate  ProgramArguments: mri_tessellate -all-info  ProgramVersion: 7.3.2  TimeStamp: 2026/03/10-07:09:32-GMT  BuildTime: Aug  4 2022 06:17:15  BuildStamp: freesurfer-linux-ubuntu22_x86_64-7.3.2-20220804-6354275  User: oesteban  Machine: dna029  Platform: Linux  PlatformVersion: 5.14.0-427.37.1.el9_4.x86_64  CompilerName: GCC  CompilerVersion: 8.4.0
ProgramName: mri_vol2surf  ProgramArguments: mri_vol2surf -all-info  ProgramVersion: 7.3.2  TimeStamp: 2026/03/10-07:09:32-GMT  BuildTime: Aug  4 2022 06:17:15  BuildStamp: freesurfer-linux-ubuntu22_x86_64-7.3.2-20220804-6354275  User: oesteban  Machine: dna029  Platform: Linux  PlatformVersion: 5.14.0-427.37.1.el9_4.x86_64  CompilerName: GCC  CompilerVersion: 8.4.0
ProgramName: mri_vol2vol  ProgramArguments: mri_vol2vol -all-info  ProgramVersion: 7.3.2  TimeStamp: 2026/03/10-07:09:32-GMT  BuildTime: Aug  4 2022 06:17:15  BuildStamp: freesurfer-linux-ubuntu22_x86_64-7.3.2-20220804-6354275  User: oesteban  Machine: dna029  Platform: Linux  PlatformVersion: 5.14.0-427.37.1.el9_4.x86_64  CompilerName: GCC  CompilerVersion: 8.4.0
ProgramName: mri_voldiff  ProgramArguments: mri_voldiff -all-info  ProgramVersion: 7.3.2  TimeStamp: 2026/03/10-07:09:32-GMT  BuildTime: Aug  4 2022 06:17:15  BuildStamp: freesurfer-linux-ubuntu22_x86_64-7.3.2-20220804-6354275  User: oesteban  Machine: dna029  Platform: Linux  PlatformVersion: 5.14.0-427.37.1.el9_4.x86_64  CompilerName: GCC  CompilerVersion: 8.4.0
ProgramName: mri_watershed  ProgramArguments: mri_watershed -all-info  ProgramVersion: 7.3.2  TimeStamp: 2026/03/10-07:09:32-GMT  BuildTime: Aug  4 2022 06:17:15  BuildStamp: freesurfer-linux-ubuntu22_x86_64-7.3.2-20220804-6354275  User: oesteban  Machine: dna029  Platform: Linux  PlatformVersion: 5.14.0-427.37.1.el9_4.x86_64  CompilerName: GCC  CompilerVersion: 8.4.0
ProgramName: tkregister2  ProgramArguments: tkregister2_cmdl -all-info  ProgramVersion: 7.3.2  TimeStamp: 2026/03/10-07:09:32-GMT  BuildTime: Aug  4 2022 06:17:15  BuildStamp: freesurfer-linux-ubuntu22_x86_64-7.3.2-20220804-6354275  User: oesteban  Machine: dna029  Platform: Linux  PlatformVersion: 5.14.0-427.37.1.el9_4.x86_64  CompilerName: GCC  CompilerVersion: 8.4.0
mri_motion_correct.fsl 7.3.2
mri_convert -all-info 
ProgramName: mri_convert  ProgramArguments: mri_convert -all-info  ProgramVersion: 7.3.2  TimeStamp: 2026/03/10-07:09:32-GMT  BuildTime: Aug  4 2022 06:17:15  BuildStamp: freesurfer-linux-ubuntu22_x86_64-7.3.2-20220804-6354275  User: oesteban  Machine: dna029  Platform: Linux  PlatformVersion: 5.14.0-427.37.1.el9_4.x86_64  CompilerName: GCC  CompilerVersion: 8.4.0
Program nu_correct, built from:
Package MNI N3, version 1.12.0, compiled by nicks@terrier (x86_64-unknown-linux-gnu) on 2015-06-19 at 01:25:34
#######################################
GCADIR /opt/freesurfer/average
GCA RB_all_2020-01-02.gca
GCASkull RB_all_withskull_2020_01_02.gca
AvgCurvTif folding.atlas.acfb40.noaparc.i12.2016-08-02.tif
GCSDIR /opt/freesurfer/average
GCS DKaparc.atlas.acfb40.noaparc.i12.2016-08-02.gcs
#######################################
#--------------------------------------------
#@# WhiteSurfs lh Tue Mar 10 08:09:32 CET 2026
cd /out/sourcedata/freesurfer/sub-v1s6x0051321_ses-1/mri
mris_place_surface --adgws-in ../surf/autodet.gw.stats.lh.dat --seg aseg.presurf.mgz --threads 16 --wm wm.mgz --invol brain.finalsurfs.mgz --lh --i ../surf/lh.white.preaparc --o ../surf/lh.white --white --nsmooth 0 --rip-label ../label/lh.cortex.label --rip-bg --rip-surf ../surf/lh.white.preaparc --aparc ../label/lh.aparc.annot
   Update not needed
#--------------------------------------------
#@# WhiteSurfs rh Tue Mar 10 08:09:33 CET 2026
cd /out/sourcedata/freesurfer/sub-v1s6x0051321_ses-1/mri
mris_place_surface --adgws-in ../surf/autodet.gw.stats.rh.dat --seg aseg.presurf.mgz --threads 16 --wm wm.mgz --invol brain.finalsurfs.mgz --rh --i ../surf/rh.white.preaparc --o ../surf/rh.white --white --nsmooth 0 --rip-label ../label/rh.cortex.label --rip-bg --rip-surf ../surf/rh.white.preaparc --aparc ../label/rh.aparc.annot
   Update not needed
#@# white curv lh Tue Mar 10 08:09:33 CET 2026
cd /out/sourcedata/freesurfer/sub-v1s6x0051321_ses-1/mri
mris_place_surface --curv-map ../surf/lh.white 2 10 ../surf/lh.curv
   Update not needed
#@# white area lh Tue Mar 10 08:09:33 CET 2026
cd /out/sourcedata/freesurfer/sub-v1s6x0051321_ses-1/mri
mris_place_surface --area-map ../surf/lh.white ../surf/lh.area
   Update not needed
#@# pial curv lh Tue Mar 10 08:09:33 CET 2026
cd /out/sourcedata/freesurfer/sub-v1s6x0051321_ses-1/mri
mris_place_surface --curv-map ../surf/lh.pial 2 10 ../surf/lh.curv.pial
   Update not needed
#@# pial area lh Tue Mar 10 08:09:33 CET 2026
cd /out/sourcedata/freesurfer/sub-v1s6x0051321_ses-1/mri
mris_place_surface --area-map ../surf/lh.pial ../surf/lh.area.pial
   Update not needed
#@# thickness lh Tue Mar 10 08:09:33 CET 2026
cd /out/sourcedata/freesurfer/sub-v1s6x0051321_ses-1/mri
mris_place_surface --thickness ../surf/lh.white ../surf/lh.pial 20 5 ../surf/lh.thickness
   Update not needed
#@# area and vertex vol lh Tue Mar 10 08:09:33 CET 2026
cd /out/sourcedata/freesurfer/sub-v1s6x0051321_ses-1/mri
mris_place_surface --thickness ../surf/lh.white ../surf/lh.pial 20 5 ../surf/lh.thickness
   Update not needed
#@# white curv rh Tue Mar 10 08:09:33 CET 2026
cd /out/sourcedata/freesurfer/sub-v1s6x0051321_ses-1/mri
mris_place_surface --curv-map ../surf/rh.white 2 10 ../surf/rh.curv
   Update not needed
#@# white area rh Tue Mar 10 08:09:33 CET 2026
cd /out/sourcedata/freesurfer/sub-v1s6x0051321_ses-1/mri
mris_place_surface --area-map ../surf/rh.white ../surf/rh.area
   Update not needed
#@# pial curv rh Tue Mar 10 08:09:33 CET 2026
cd /out/sourcedata/freesurfer/sub-v1s6x0051321_ses-1/mri
mris_place_surface --curv-map ../surf/rh.pial 2 10 ../surf/rh.curv.pial
   Update not needed
#@# pial area rh Tue Mar 10 08:09:33 CET 2026
cd /out/sourcedata/freesurfer/sub-v1s6x0051321_ses-1/mri
mris_place_surface --area-map ../surf/rh.pial ../surf/rh.area.pial
   Update not needed
#@# thickness rh Tue Mar 10 08:09:33 CET 2026
cd /out/sourcedata/freesurfer/sub-v1s6x0051321_ses-1/mri
mris_place_surface --thickness ../surf/rh.white ../surf/rh.pial 20 5 ../surf/rh.thickness
   Update not needed
#@# area and vertex vol rh Tue Mar 10 08:09:33 CET 2026
cd /out/sourcedata/freesurfer/sub-v1s6x0051321_ses-1/mri
mris_place_surface --thickness ../surf/rh.white ../surf/rh.pial 20 5 ../surf/rh.thickness
   Update not needed

#-----------------------------------------
#@# Curvature Stats lh Tue Mar 10 08:09:33 CET 2026
/out/sourcedata/freesurfer/sub-v1s6x0051321_ses-1/surf

 mris_curvature_stats -m --writeCurvatureFiles -G -o ../stats/lh.curv.stats -F smoothwm sub-v1s6x0051321_ses-1 lh curv sulc 

             Toggling save flag on curvature files                       [ ok ]
                 Outputting results using filestem   [ ../stats/lh.curv.stats ]
             Toggling save flag on curvature files                       [ ok ]
                                   Setting surface [ sub-v1s6x0051321_ses-1/lh.smoothwm ]
                                Reading surface...                       [ ok ]
                                   Setting texture                     [ curv ]
                                Reading texture...                       [ ok ]
                                   Setting texture                     [ sulc ]
                                Reading texture...Gb_filter = 0
                       [ ok ]
      Calculating Discrete Principal Curvatures...
      Determining geometric order for vno faces... [####################] [ ok ]
                      Determining KH curvatures... [####################] [ ok ]
                    Determining k1k2 curvatures... [####################] [ ok ]
                                   deltaViolations                      [ 240 ]
Gb_filter = 0

WARN:    S lookup   min:                          -0.081455
WARN:    S explicit min:                          0.000000	vertex = 454

#-----------------------------------------
#@# Curvature Stats rh Tue Mar 10 08:09:35 CET 2026
/out/sourcedata/freesurfer/sub-v1s6x0051321_ses-1/surf

 mris_curvature_stats -m --writeCurvatureFiles -G -o ../stats/rh.curv.stats -F smoothwm sub-v1s6x0051321_ses-1 rh curv sulc 

             Toggling save flag on curvature files                       [ ok ]
                 Outputting results using filestem   [ ../stats/rh.curv.stats ]
             Toggling save flag on curvature files                       [ ok ]
                                   Setting surface [ sub-v1s6x0051321_ses-1/rh.smoothwm ]
                                Reading surface...                       [ ok ]
                                   Setting texture                     [ curv ]
                                Reading texture...                       [ ok ]
                                   Setting texture                     [ sulc ]
                                Reading texture...Gb_filter = 0
                       [ ok ]
      Calculating Discrete Principal Curvatures...
      Determining geometric order for vno faces... [####################] [ ok ]
                      Determining KH curvatures... [####################] [ ok ]
                    Determining k1k2 curvatures... [####################] [ ok ]
                                   deltaViolations                      [ 213 ]
Gb_filter = 0

WARN:    S lookup   min:                          -0.105553
WARN:    S explicit min:                          0.000000	vertex = 248
#-----------------------------------------
#@# Relabel Hypointensities Tue Mar 10 08:09:38 CET 2026
/out/sourcedata/freesurfer/sub-v1s6x0051321_ses-1/mri

 mri_relabel_hypointensities aseg.presurf.mgz ../surf aseg.presurf.hypos.mgz 

reading input surface ../surf/lh.white...
relabeling lh hypointensities...
1535 voxels changed to hypointensity...
reading input surface ../surf/rh.white...
relabeling rh hypointensities...
2893 voxels changed to hypointensity...
4487 hypointense voxels neighboring cortex changed
#-----------------------------------------
#@# APas-to-ASeg Tue Mar 10 08:09:53 CET 2026
/out/sourcedata/freesurfer/sub-v1s6x0051321_ses-1/mri

 mri_surf2volseg --o aseg.mgz --i aseg.presurf.hypos.mgz --fix-presurf-with-ribbon /out/sourcedata/freesurfer/sub-v1s6x0051321_ses-1/mri/ribbon.mgz --threads 16 --lh-cortex-mask /out/sourcedata/freesurfer/sub-v1s6x0051321_ses-1/label/lh.cortex.label --lh-white /out/sourcedata/freesurfer/sub-v1s6x0051321_ses-1/surf/lh.white --lh-pial /out/sourcedata/freesurfer/sub-v1s6x0051321_ses-1/surf/lh.pial --rh-cortex-mask /out/sourcedata/freesurfer/sub-v1s6x0051321_ses-1/label/rh.cortex.label --rh-white /out/sourcedata/freesurfer/sub-v1s6x0051321_ses-1/surf/rh.white --rh-pial /out/sourcedata/freesurfer/sub-v1s6x0051321_ses-1/surf/rh.pial 

SUBJECTS_DIR /out/sourcedata/freesurfer
outvol aseg.mgz
16 avail.processors, using 16
Loading aseg.presurf.hypos.mgz
Loading /out/sourcedata/freesurfer/sub-v1s6x0051321_ses-1/mri/ribbon.mgz
Loading /out/sourcedata/freesurfer/sub-v1s6x0051321_ses-1/surf/lh.white
Loading /out/sourcedata/freesurfer/sub-v1s6x0051321_ses-1/surf/lh.pial
Loading /out/sourcedata/freesurfer/sub-v1s6x0051321_ses-1/label/lh.cortex.label
Loading /out/sourcedata/freesurfer/sub-v1s6x0051321_ses-1/surf/rh.white
Loading /out/sourcedata/freesurfer/sub-v1s6x0051321_ses-1/surf/rh.pial
Loading /out/sourcedata/freesurfer/sub-v1s6x0051321_ses-1/label/rh.cortex.label
Done loading
 48   0  32 208  80  96  64 192 224 176 240 128 160 112  16 144  33 241  17   1 209  49 193  65 225  34 242  81  97 177  18 145   2 210 113 161  50 194  35  66 226 243   3 211  19 
129  82  36  51 146 227 244 195  98  67 178   4 212 162  37  20 228 245  83  52 196   5 213  38  68  21 147 114 229 246  99 
179 
197  53   6  39 
214 163  84  22 130 230 247  69  40 198 215  54   7  23 148 100 231 248 180  41 199 
 85  70 216  55 164  24   8  42 232 249 200 217 149 115  56  25 101  71  43  86 181 131 233 250 201   9 218  57 165  26  44 234 251 202  10  72 102 150 219 
 87  58  27  45 182 235 203 252  11 220  28  46 253  59 
236 204 166 116  73 132 151 103  88 221  12  29  47 254 237 205 183  60 222  13  30 255 238 206 152 167 104  74  89  61 223  14  31 184 239 
207 117  15 133 105  62 153 185  75  90 168  63 186 106 118 154  76  91 169 187 107  77 170 134 155  92 188 119 
108  78 189 171  93 156 109  79 
190 120  94 172 157 191 135 110  95 158 173 121 111 136 159 174 
122 175 137 123 138 124 139 
140 125 141 126 142 127 143 
nrelabeled = 117650
ndotcheck = 0
Starting Surf2VolSeg free
free done
#VMPC# mri_surf2volseg VmPeak  1920748
mri_surf2volseg done

 mri_brainvol_stats sub-v1s6x0051321_ses-1 

ComputeBrainVolumeStats2 VoxelVol=1, KeepCSF=1
  #CBVS2 MaskVol              1377815.0
  #CBVS2 BrainSegVol          1093992.0
  #CBVS2 BrainSegVolNotVent   1077961.0
  #CBVS2 SupraTentVol          969872.0
  #CBVS2 SupraTentVolNotVent   953841.0
  #CBVS2 lhCtxGM               214209.8
  #CBVS2 rhCtxGM               211453.1
  #CBVS2 lhCerebralWM          238573.0
  #CBVS2 rhCerebralWM          236517.0
  #CBVS2 SubCortGMVol           54251.0
  #CBVS2 CerebellumVol         124120.0
  #CBVS2 CerebellumGMVol        97968.0
  #CBVS2 VentChorVol            12112.0
  #CBVS2 3rd4th5thCSF            3919.0
  #CBVS2 AllCSF                 16031.0
  #CBVS2 CCVol                   3684.0
#-----------------------------------------
#@# AParc-to-ASeg aparc Tue Mar 10 08:10:01 CET 2026
/out/sourcedata/freesurfer/sub-v1s6x0051321_ses-1/mri

 mri_surf2volseg --o aparc+aseg.mgz --label-cortex --i aseg.mgz --threads 16 --lh-annot /out/sourcedata/freesurfer/sub-v1s6x0051321_ses-1/label/lh.aparc.annot 1000 --lh-cortex-mask /out/sourcedata/freesurfer/sub-v1s6x0051321_ses-1/label/lh.cortex.label --lh-white /out/sourcedata/freesurfer/sub-v1s6x0051321_ses-1/surf/lh.white --lh-pial /out/sourcedata/freesurfer/sub-v1s6x0051321_ses-1/surf/lh.pial --rh-annot /out/sourcedata/freesurfer/sub-v1s6x0051321_ses-1/label/rh.aparc.annot 2000 --rh-cortex-mask /out/sourcedata/freesurfer/sub-v1s6x0051321_ses-1/label/rh.cortex.label --rh-white /out/sourcedata/freesurfer/sub-v1s6x0051321_ses-1/surf/rh.white --rh-pial /out/sourcedata/freesurfer/sub-v1s6x0051321_ses-1/surf/rh.pial 

SUBJECTS_DIR /out/sourcedata/freesurfer
outvol aparc+aseg.mgz
16 avail.processors, using 16
Loading aseg.mgz
Loading /out/sourcedata/freesurfer/sub-v1s6x0051321_ses-1/surf/lh.white
Loading /out/sourcedata/freesurfer/sub-v1s6x0051321_ses-1/surf/lh.pial
Loading /out/sourcedata/freesurfer/sub-v1s6x0051321_ses-1/label/lh.cortex.label
Ripping lh vertices labeled not in lh.cortex.label
  ripped 8017 vertices from lh hemi
Loading /out/sourcedata/freesurfer/sub-v1s6x0051321_ses-1/label/lh.aparc.annot
Loading /out/sourcedata/freesurfer/sub-v1s6x0051321_ses-1/surf/rh.white
Loading /out/sourcedata/freesurfer/sub-v1s6x0051321_ses-1/surf/rh.pial
Loading /out/sourcedata/freesurfer/sub-v1s6x0051321_ses-1/label/rh.cortex.label
Ripping rh vertices labeled not in rh.cortex.label
  ripped 7948 vertices from rh hemi
Loading /out/sourcedata/freesurfer/sub-v1s6x0051321_ses-1/label/rh.aparc.annot
Done loading
 32 176 160  80  96 112  64 192 208  33  48  16 128   0  34 240   1  35  17   2 224 209  49 144  36   3 210  37  18 211  38  50  19 
  4 241  39 
225   5 212 242  40  51  20 226 213  41   6 243 214  42 227  21 244 215  43 228   7  44  52 216 245 229  45  22 217 246   8  46 230 218  53   9  47  23 247 219 
231  10  54 248 220 232  11  24  55 249  12 233  25  56  13 250 221  26  57  14  27 251 234  58 222 252 235 223  15  28 253 236  29  59 
254 237 255  30 238  31 239 
 60  61 193  65  62 194  63  66 113 195 145 177 161 196 129 197  97 198 199 
200 201 202 203  81 204 205 206 207  67 146 114  68 178 162  98 147 130  82 115  69 163 148 179 
 99 
116  70  83 149 131 100 164 180 150 117  71  84 151 101 132 118  72 181 165  85 152 102 119 
153 133  73 182 166  86 103 120 154 104 183  74 134 121  87 167 155 105 122 184 156 135  88 168  75 106 123 185 157 136 186 124 107  89 169 158  76 187 108 125 159 
 90 137 188 170 109  77 189  91 190 126 110 138 171 191  78  92 111 127 172  79 
139 
 93 173  94 140 174  95 175 141 142 143 
nrelabeled = 424479
ndotcheck = 27393
Starting Surf2VolSeg free
free done
#VMPC# mri_surf2volseg VmPeak  1904924
mri_surf2volseg done
#-----------------------------------------
#@# AParc-to-ASeg aparc.a2009s Tue Mar 10 08:10:32 CET 2026
/out/sourcedata/freesurfer/sub-v1s6x0051321_ses-1/mri

 mri_surf2volseg --o aparc.a2009s+aseg.mgz --label-cortex --i aseg.mgz --threads 16 --lh-annot /out/sourcedata/freesurfer/sub-v1s6x0051321_ses-1/label/lh.aparc.a2009s.annot 11100 --lh-cortex-mask /out/sourcedata/freesurfer/sub-v1s6x0051321_ses-1/label/lh.cortex.label --lh-white /out/sourcedata/freesurfer/sub-v1s6x0051321_ses-1/surf/lh.white --lh-pial /out/sourcedata/freesurfer/sub-v1s6x0051321_ses-1/surf/lh.pial --rh-annot /out/sourcedata/freesurfer/sub-v1s6x0051321_ses-1/label/rh.aparc.a2009s.annot 12100 --rh-cortex-mask /out/sourcedata/freesurfer/sub-v1s6x0051321_ses-1/label/rh.cortex.label --rh-white /out/sourcedata/freesurfer/sub-v1s6x0051321_ses-1/surf/rh.white --rh-pial /out/sourcedata/freesurfer/sub-v1s6x0051321_ses-1/surf/rh.pial 

SUBJECTS_DIR /out/sourcedata/freesurfer
outvol aparc.a2009s+aseg.mgz
16 avail.processors, using 16
Loading aseg.mgz
Loading /out/sourcedata/freesurfer/sub-v1s6x0051321_ses-1/surf/lh.white
Loading /out/sourcedata/freesurfer/sub-v1s6x0051321_ses-1/surf/lh.pial
Loading /out/sourcedata/freesurfer/sub-v1s6x0051321_ses-1/label/lh.cortex.label
Ripping lh vertices labeled not in lh.cortex.label
  ripped 8017 vertices from lh hemi
Loading /out/sourcedata/freesurfer/sub-v1s6x0051321_ses-1/label/lh.aparc.a2009s.annot
Loading /out/sourcedata/freesurfer/sub-v1s6x0051321_ses-1/surf/rh.white
Loading /out/sourcedata/freesurfer/sub-v1s6x0051321_ses-1/surf/rh.pial
Loading /out/sourcedata/freesurfer/sub-v1s6x0051321_ses-1/label/rh.cortex.label
Ripping rh vertices labeled not in rh.cortex.label
  ripped 7948 vertices from rh hemi
Loading /out/sourcedata/freesurfer/sub-v1s6x0051321_ses-1/label/rh.aparc.a2009s.annot
Done loading
  0 192  80  16 112 144  96  32 176  48 160 224 128  64 208 240  17 209  33 241   1 225  49 210 242  18  34 226   2  50 211 243  19 
 35 227   3  51 212 244  20  36 228 213 245   4  52  21  37 229 214 246  22   5  53  38  23 230 215 247   6  39 
 54  24 231 248 216   7  40  55  25  41 232 249 217   8  56  26  42 233 250 218   9  57  27  43 234 251 219 
 10  58  28  44 235 252 220  11  29  45  59 
253 236 221  12  30  46 254 237 222  13  47  31 255 238 223  14 239 
 60  15  61  65 193  62  63 194 161 145 195  66 113 177 129 196 197 198 199 
200 201 202 203 204 205 206  81 207  97  67 146 162 114 178 130  68 147  82  98 163 148 115 179 
 69 131 164  83 149  99 
116 180  70 150 132 165  84 100 117 151 181  71 133 166 101 152  85 118 153 182 102  72 167 134 119 
 86 154 183 103 168 135 120  73 155  87 184 104 121 136 169 156 185 105  74 122  88 170 157 137 186 123 106 187 158  89 171 138  75 188 124 107 159 
 90 189 172 108 125 190 139 
191  76  91 173 109 126 110 174 140  77  92 111 127 175 141  78  93  79 
142  94 143  95 
nrelabeled = 424479
ndotcheck = 27393
Starting Surf2VolSeg free
free done
#VMPC# mri_surf2volseg VmPeak  1905008
mri_surf2volseg done
#-----------------------------------------
#@# AParc-to-ASeg aparc.DKTatlas Tue Mar 10 08:10:59 CET 2026
/out/sourcedata/freesurfer/sub-v1s6x0051321_ses-1/mri

 mri_surf2volseg --o aparc.DKTatlas+aseg.mgz --label-cortex --i aseg.mgz --threads 16 --lh-annot /out/sourcedata/freesurfer/sub-v1s6x0051321_ses-1/label/lh.aparc.DKTatlas.annot 1000 --lh-cortex-mask /out/sourcedata/freesurfer/sub-v1s6x0051321_ses-1/label/lh.cortex.label --lh-white /out/sourcedata/freesurfer/sub-v1s6x0051321_ses-1/surf/lh.white --lh-pial /out/sourcedata/freesurfer/sub-v1s6x0051321_ses-1/surf/lh.pial --rh-annot /out/sourcedata/freesurfer/sub-v1s6x0051321_ses-1/label/rh.aparc.DKTatlas.annot 2000 --rh-cortex-mask /out/sourcedata/freesurfer/sub-v1s6x0051321_ses-1/label/rh.cortex.label --rh-white /out/sourcedata/freesurfer/sub-v1s6x0051321_ses-1/surf/rh.white --rh-pial /out/sourcedata/freesurfer/sub-v1s6x0051321_ses-1/surf/rh.pial 

SUBJECTS_DIR /out/sourcedata/freesurfer
outvol aparc.DKTatlas+aseg.mgz
16 avail.processors, using 16
Loading aseg.mgz
Loading /out/sourcedata/freesurfer/sub-v1s6x0051321_ses-1/surf/lh.white
Loading /out/sourcedata/freesurfer/sub-v1s6x0051321_ses-1/surf/lh.pial
Loading /out/sourcedata/freesurfer/sub-v1s6x0051321_ses-1/label/lh.cortex.label
Ripping lh vertices labeled not in lh.cortex.label
  ripped 8017 vertices from lh hemi
Loading /out/sourcedata/freesurfer/sub-v1s6x0051321_ses-1/label/lh.aparc.DKTatlas.annot
Loading /out/sourcedata/freesurfer/sub-v1s6x0051321_ses-1/surf/rh.white
Loading /out/sourcedata/freesurfer/sub-v1s6x0051321_ses-1/surf/rh.pial
Loading /out/sourcedata/freesurfer/sub-v1s6x0051321_ses-1/label/rh.cortex.label
Ripping rh vertices labeled not in rh.cortex.label
  ripped 7948 vertices from rh hemi
Loading /out/sourcedata/freesurfer/sub-v1s6x0051321_ses-1/label/rh.aparc.DKTatlas.annot
Done loading
 32   0  16  80 112 176  96 160  64 192 128 240 224  48 144 208 241  49 225   1  33  17  50 242  18 209  34 226   2 243  51  19 
210  35 227   3 244  52  20  36 228 245   4  53  21  37 246 211 229   5  54  22  38 247 212  39 
 55 230   6  23 248  40  56  24 231 249   7 213  41  57  25 232 250   8  42  58  26 251  43 233 214   9  27  59 
252  44 234  10  28 253  45 215 235  11  29 254  46 216 236  12  30 255  47 237  60 217  13 238  31 218  14 239 
 15 219 
220  61 221 222 223  62  65  63 193  66 194 145 113 129 177 161  97 195  81 196 197  67 198 199 
200 201 202 203 204 205 206 207 146 114  68  98 178 162 147 130  82  69 148 115  99 
163 179 
 70 149 131  83 116 100 150  71 164 180  84 151 117 132 101  72 165 152 118 102 181  85  73 133 153 166 103 119 
154  74 182  86 104 134 167 120 155 183 105  75 121 156  87 168 135 184 157 122 106  76 169  88 136 158 185 123 107 159 
 77 170 186 124 108 137  89 187 171 109  78 125 188  90 138 110 172 189  79 
 91 190 111 126 191 173 139 
 92 127 174  93 140 175  94 141  95 142 143 
nrelabeled = 424479
ndotcheck = 27393
Starting Surf2VolSeg free
free done
#VMPC# mri_surf2volseg VmPeak  1904912
mri_surf2volseg done
#-----------------------------------------
#@# WMParc Tue Mar 10 08:11:29 CET 2026
/out/sourcedata/freesurfer/sub-v1s6x0051321_ses-1/mri

 mri_surf2volseg --o wmparc.mgz --label-wm --i aparc+aseg.mgz --threads 16 --lh-annot /out/sourcedata/freesurfer/sub-v1s6x0051321_ses-1/label/lh.aparc.annot 3000 --lh-cortex-mask /out/sourcedata/freesurfer/sub-v1s6x0051321_ses-1/label/lh.cortex.label --lh-white /out/sourcedata/freesurfer/sub-v1s6x0051321_ses-1/surf/lh.white --lh-pial /out/sourcedata/freesurfer/sub-v1s6x0051321_ses-1/surf/lh.pial --rh-annot /out/sourcedata/freesurfer/sub-v1s6x0051321_ses-1/label/rh.aparc.annot 4000 --rh-cortex-mask /out/sourcedata/freesurfer/sub-v1s6x0051321_ses-1/label/rh.cortex.label --rh-white /out/sourcedata/freesurfer/sub-v1s6x0051321_ses-1/surf/rh.white --rh-pial /out/sourcedata/freesurfer/sub-v1s6x0051321_ses-1/surf/rh.pial 

SUBJECTS_DIR /out/sourcedata/freesurfer
outvol wmparc.mgz
16 avail.processors, using 16
Loading aparc+aseg.mgz
Loading /out/sourcedata/freesurfer/sub-v1s6x0051321_ses-1/surf/lh.white
Loading /out/sourcedata/freesurfer/sub-v1s6x0051321_ses-1/surf/lh.pial
Loading /out/sourcedata/freesurfer/sub-v1s6x0051321_ses-1/label/lh.cortex.label
Ripping lh vertices labeled not in lh.cortex.label
  ripped 8017 vertices from lh hemi
Loading /out/sourcedata/freesurfer/sub-v1s6x0051321_ses-1/label/lh.aparc.annot
Loading /out/sourcedata/freesurfer/sub-v1s6x0051321_ses-1/surf/rh.white
Loading /out/sourcedata/freesurfer/sub-v1s6x0051321_ses-1/surf/rh.pial
Loading /out/sourcedata/freesurfer/sub-v1s6x0051321_ses-1/label/rh.cortex.label
Ripping rh vertices labeled not in rh.cortex.label
  ripped 7948 vertices from rh hemi
Loading /out/sourcedata/freesurfer/sub-v1s6x0051321_ses-1/label/rh.aparc.annot
Done loading
240 208 224   0 112 192  80 176 144 160  16  32 128  96  48  64   1 209  33 241 225  17  49 242 226 210  18   2  34 243 227 211  50  19 
  3  35 244 193 228 212  20   4  36  65  51 245 229 213  21   5  37 246 230 214  52  22   6  38 247 231 215 194  23 248  53   7  39 
232 216  66 249  24   8 233 217  40  54 195 250 234  25 218   9  41 251  55 235 219 
196  26  10  42 252 236 220  27 197  56  11  43 253 237 221 198  28  44  12 238 222 254  57  67 199 
 29  13  45 239 
223 255 200  58  30  14  46 201  31  59 
 15  47 129 202 203  60 204  68  61 205 206  62 207  63  69  81 177  70 130 145  71  97 161  72  82 113 178  73 131 132  74  83  98 146 133 162 179 
 75 134 114  76 135  84 180 147  99 
 77 163 136 181 115  85  78 182 164 137 100  79 
183 148  86 116 184 165 185  87 138 186 149 101 117 187 166  88 139 
188 189 190 191  89 118 102 150 167 140  90 119 
168 103 141  91 151 169 120 142 104  92 121 170 152 143 122  93 105 171 123  94 153 124 172 106 125  95 173 126 154 127 107 174 155 108 175 156 109 157 110 158 111 159 

nrelabeled = 471406
ndotcheck = 3623
Starting Surf2VolSeg free
free done
#VMPC# mri_surf2volseg VmPeak  1904924
mri_surf2volseg done

 mri_segstats --seed 1234 --seg mri/wmparc.mgz --sum stats/wmparc.stats --pv mri/norm.mgz --excludeid 0 --brainmask mri/brainmask.mgz --in mri/norm.mgz --in-intensity-name norm --in-intensity-units MR --subject sub-v1s6x0051321_ses-1 --surf-wm-vol --ctab /opt/freesurfer/WMParcStatsLUT.txt --etiv 

setting seed for random number genererator to 1234

7.3.2
cwd 
cmdline mri_segstats --seed 1234 --seg mri/wmparc.mgz --sum stats/wmparc.stats --pv mri/norm.mgz --excludeid 0 --brainmask mri/brainmask.mgz --in mri/norm.mgz --in-intensity-name norm --in-intensity-units MR --subject sub-v1s6x0051321_ses-1 --surf-wm-vol --ctab /opt/freesurfer/WMParcStatsLUT.txt --etiv 
sysname  Linux
hostname dna029
machine  x86_64
user     oesteban
whitesurfname  white
UseRobust  0
atlas_icv (eTIV) = 1175773 mm^3    (det: 1.656872 )
Loading mri/wmparc.mgz
Getting Brain Volume Statistics
Loading mri/norm.mgz
Loading mri/norm.mgz
Voxel Volume is 1 mm^3
Generating list of segmentation ids
Found 390 segmentations
Computing statistics for each segmentation

Reporting on  70 segmentations
Using PrintSegStat
mri_segstats done
#--------------------------------------------
#@# ASeg Stats Tue Mar 10 08:15:16 CET 2026
/out/sourcedata/freesurfer/sub-v1s6x0051321_ses-1

 mri_segstats --seed 1234 --seg mri/aseg.mgz --sum stats/aseg.stats --pv mri/norm.mgz --empty --brainmask mri/brainmask.mgz --brain-vol-from-seg --excludeid 0 --excl-ctxgmwm --supratent --subcortgray --in mri/norm.mgz --in-intensity-name norm --in-intensity-units MR --etiv --surf-wm-vol --surf-ctx-vol --totalgray --euler --ctab /opt/freesurfer/ASegStatsLUT.txt --subject sub-v1s6x0051321_ses-1 

setting seed for random number genererator to 1234

7.3.2
cwd 
cmdline mri_segstats --seed 1234 --seg mri/aseg.mgz --sum stats/aseg.stats --pv mri/norm.mgz --empty --brainmask mri/brainmask.mgz --brain-vol-from-seg --excludeid 0 --excl-ctxgmwm --supratent --subcortgray --in mri/norm.mgz --in-intensity-name norm --in-intensity-units MR --etiv --surf-wm-vol --surf-ctx-vol --totalgray --euler --ctab /opt/freesurfer/ASegStatsLUT.txt --subject sub-v1s6x0051321_ses-1 
sysname  Linux
hostname dna029
machine  x86_64
user     oesteban
whitesurfname  white
UseRobust  0
atlas_icv (eTIV) = 1175773 mm^3    (det: 1.656872 )
Computing euler number
orig.nofix lheno =  -18, rheno = -4
orig.nofix lhholes =   10, rhholes = 3
Loading mri/aseg.mgz
Getting Brain Volume Statistics
Loading mri/norm.mgz
Loading mri/norm.mgz
Voxel Volume is 1 mm^3
Generating list of segmentation ids
Found  50 segmentations
Computing statistics for each segmentation

Reporting on  45 segmentations
Using PrintSegStat
mri_segstats done

Started at Tue Mar 10 08:09:32 CET 2026 
Ended   at Tue Mar 10 08:15:58 CET 2026
#@#%# recon-all-run-time-hours 0.107
recon-all -s sub-v1s6x0051321_ses-1 finished without error at Tue Mar 10 08:15:58 CET 2026
